accident_id,datetime,annee,mois,jour,heure,minute,departement,commune_insee,adresse,latitude,longitude,luminosite,agglomeration,intersection,meteo,collision,catr,circ,nbv,vosp,prof,plan,surf,infra,situ,vma,nb_vehicules,nb_usagers,nb_indemnes,nb_tues,nb_blesses_hosp,nb_blesses_legers,age_cond_1,age_cond_2,veh_type_cond_1,veh_type_cond_2,lum_code,agg_code,int_code,atm_code,col_code
202200000183,2022-08-09 17:55:00,2022,8,9,17,55,75,75113,QUAI D IVRY,48.826491,2.389146,Plein jour,En agglomération,Hors intersection,Normale,Deux véhicules - arrière,4,1,4,0,1,1,1,0,1,70,2,2,1,0,0,1,49.0,42.0,utilitaire_camion,deux_roues,1,2,1,1,2
202200000184,2022-08-09 02:30:00,2022,8,9,2,30,75,75120,RUE DES PYRENEES,48.859163,2.402127,Nuit avec éclairage allumé,En agglomération,Intersection en X,Normale,Deux véhicules - côté,4,2,3,0,2,1,1,0,1,30,2,2,1,0,0,1,29.0,28.0,voiture,deux_roues,5,2,2,1,3
202200000185,2022-08-08 22:00:00,2022,8,8,22,0,75,75120,RUE BELGRAND,48.86462,2.405837,Nuit avec éclairage allumé,En agglomération,Intersection en Y,Normale,Deux véhicules - côté,4,2,2,0,2,1,1,0,1,30,2,2,1,0,0,1,33.0,42.0,voiture,deux_roues,5,2,4,1,3
202200000186,2022-08-09 11:20:00,2022,8,9,11,20,75,75116,AVENUE THEOPHILE GAUTIER,48.851178,2.275151,Plein jour,En agglomération,Intersection en Y,Normale,Autre collision,4,2,2,0,1,1,1,0,1,30,1,2,1,0,0,1,45.0,,utilitaire_camion,,1,2,4,1,6
202200000187,2022-08-08 12:46:00,2022,8,8,12,46,75,75112,BOULEVARD DIDEROT,48.847345,2.386786,Plein jour,En agglomération,Intersection en X,Normale,Deux véhicules - côté,4,1, -1,0,1,1,1,0,1,30,2,2,0,0,0,2,23.0,25.0,deux_roues,deux_roues,1,2,2,1,3
202200000188,2022-08-09 10:57:00,2022,8,9,10,57,75,75110,RUE LA FAYETTE,48.881593113,2.365732491,Plein jour,En agglomération,Intersection en Y,Normale,Autre collision,4,2,2,0,1,1,1,0,1,30,1,2,1,0,0,1,43.0,,voiture,,1,2,4,1,6
202200000189,2022-08-09 16:45:00,2022,8,9,16,45,75,75108,BOULEVARD DES BATIGNOLLES,48.882236,2.321728,Plein jour,En agglomération,Intersection en Y,Normale,Autre collision,4,1,3,3,1,1,1,0,1,30,1,3,0,0,1,2,23.0,,deux_roues,,1,2,4,1,6
202200000190,2022-08-09 08:30:00,2022,8,9,8,30,75,75108,RUE ROQUEPINE,48.873393,2.319574,Plein jour,En agglomération,Intersection en X,Temps éblouissant,Autre collision,4,1,1,0,1,1,1,0,1,30,1,2,1,0,0,1,56.0,,utilitaire_camion,,1,2,2,7,6
202200000191,2022-08-08 23:50:00,2022,8,8,23,50,75,75108,PLACE CHARLES DE GAULLE,48.8735268865,2.2958260775,Nuit avec éclairage allumé,En agglomération,Place,Normale,Deux véhicules - côté,4,1,4,0,1,2,1,0,1,30,2,2,1,0,0,1,22.0,30.0,deux_roues,voiture,5,2,7,1,3
202200000192,2022-08-09 17:15:00,2022,8,9,17,15,75,75102,RUE DU QUATRE SEPTEMBRE,48.870299,2.332703,Plein jour,En agglomération,Place,Normale,Autre collision,4,1,3,3,1,1,1,0,1,30,1,2,1,0,0,1,50.0,,voiture,,1,2,7,1,6
202200000193,2022-08-08 16:34:00,2022,8,8,16,34,75,75101,RUE DU LOUVRE,48.863028,2.341918,Plein jour,En agglomération,Intersection en T,Normale,Deux véhicules - côté,4,2,4,3,1,1,1,0,1,30,2,2,1,0,0,1,27.0,23.0,deux_roues,voiture,1,2,3,1,3
202200000194,2022-08-09 20:40:00,2022,8,9,20,40,94,94067,FOCH (AV),48.84486,2.421,Plein jour,En agglomération,Intersection en X,Normale,Trois véhicules et plus - collisions multiples,3,2,2,0,1,1,1,0,1,50,3,4,2,0,0,2,25.0,62.0,voiture,deux_roues,1,2,2,1,5
202200000195,2022-08-09 12:20:00,2022,8,9,12,20,94,94078,Avenue Carnot,48.73296,2.45022,Plein jour,En agglomération,Hors intersection,Normale,Autre collision,3,-1,2,0,1,1,1,0,1,50,1,2,1,0,0,1,69.0,,voiture,,1,2,1,1,6
202200000196,2022-08-09 23:39:00,2022,8,9,23,39,94,94028,Rue Juliette Savar / Rue René Arcos,48.77792,2.46673,Nuit avec éclairage allumé,En agglomération,Intersection en X,Normale,Deux véhicules - côté,4,2,2,0,2,1,1,5,1,50,2,2,1,0,0,1,20.0,49.0,voiture,deux_roues,5,2,2,1,3
202200000197,2022-08-09 00:35:00,2022,8,9,0,35,94,94078,Avenue du 8 Mai 1945 / Pont de Villeneuve-le-Roi,48.72764,2.44557,Nuit avec éclairage allumé,En agglomération,Intersection en T,Normale,Deux véhicules - côté,2,3,4,0,1,1,1,0,1,50,2,4,2,0,0,2,21.0,28.0,deux_roues,voiture,5,2,3,1,3
202200000198,2022-08-09 20:50:00,2022,8,9,20,50,93,93046,Avenue Winston Churchill / Allée des Aubépines,48.9130214993,2.5386958396,Crépuscule ou aube,En agglomération,Intersection en T,Normale,Deux véhicules - côté,3,2,2,0,1,1,1,0,1,50,2,3,1,0,0,2,,27.0,voiture,deux_roues,2,2,3,1,3
202200000199,2022-08-09 08:40:00,2022,8,9,8,40,93,93066,Avenue des Fruitiers,48.91885,2.35456,Plein jour,En agglomération,Hors intersection,Normale,Deux véhicules - arrière,4,2,2,2,1,1,1,0,1,50,2,3,1,0,0,2,27.0,40.0,voiture,voiture,1,2,1,1,2
202200000200,2022-08-09 15:05:00,2022,8,9,15,5,93,93007,Rue Kléber / Avenue Baptiste Hurel,48.9338819944,2.4653543914,Plein jour,En agglomération,Intersection en X,Normale,Deux véhicules - côté,4,1,1,0,1,1,1,0,1,50,2,2,1,0,0,1,40.0,20.0,deux_roues,voiture,1,2,2,1,3
202200000201,2022-08-08 11:05:00,2022,8,8,11,5,93,93001,Avenue Jean Jaurès / Rue de Presles,48.9076193213,2.3962568616,Plein jour,En agglomération,Intersection en T,Normale,Deux véhicules - frontale,3,2,5,3,1,1,1,0,1,50,2,2,1,0,0,1,,40.0,utilitaire_camion,deux_roues,1,2,3,1,1
202200000202,2022-08-09 15:00:00,2022,8,9,15,0,92,92078,MARECHAL LECLERC (AVENUE) (PAIRS),48.937988,2.32419,Plein jour,En agglomération,Hors intersection,Normale,Deux véhicules - côté,3,1,0,0,1,1,1,0,1,50,2,2,1,0,0,1,43.0,42.0,deux_roues,voiture,1,2,1,1,3
202200000203,2022-08-09 19:40:00,2022,8,9,19,40,92,92064,REPUBLIQUE,48.8442803244,2.2075653076,Plein jour,En agglomération,Intersection en T,Normale,Sans collision,3,2, -1,0,1,1,1,0,1,50,1,1,0,0,0,1,58.0,,deux_roues,,1,2,3,1,7
202200000204,2022-08-09 17:00:00,2022,8,9,17,0,92,92044,DANTON(RUE) 1A73 ET 2A88,48.8904197242,2.2836719155,Plein jour,En agglomération,Intersection en X,Normale,Deux véhicules - côté,4,1,2,1,1,1,1,6,1,50,2,3,2,0,0,1,44.0,39.0,deux_roues,voiture,1,2,2,1,3
202200000205,2022-08-09 19:10:00,2022,8,9,19,10,92,92012,MARECHAL DE LATTRE DE TASSIGNY (AVENUE),48.8407128516,2.2281448245,Crépuscule ou aube,En agglomération,Giratoire,Temps éblouissant,Autre collision,3,2,4,0,1,1,1,0,1,50,1,2,1,0,0,1,27.0,,voiture,,2,2,6,7,6
202200000206,2022-08-09 20:50:00,2022,8,9,20,50,35,35145,Port de Roche,47.739482,-1.845902,Plein jour,En agglomération,Passage à niveau,Normale,Autre collision,3,2,2,0,1,2,1,4,4,50,1,1,0,0,0,1,32.0,,voiture,,1,2,8,1,6
202200000207,2022-08-09 15:20:00,2022,8,9,15,20,47,47124,Route de Monflanquin,44.5004294896,0.8485872226,Plein jour,Hors agglomération,Hors intersection,Normale,Autre collision,3,2,2,0,1,1,1,2,3,80,1,1,0,1,0,0,61.0,,voiture,,1,1,1,1,6
202200000208,2022-08-07 07:00:00,2022,8,7,7,0,86,86224,D22,46.907161,0.439045,Plein jour,Hors agglomération,Hors intersection,Normale,Autre collision,3,2,2,0,1,1,1,0,3,80,1,1,0,0,1,0,34.0,,voiture,,1,1,1,1,6
202200000209,2022-08-10 05:45:00,2022,8,10,5,45,972,97218,N3,14.742845,-61.098619,Plein jour,Hors agglomération,Hors intersection,Pluie légère,Deux véhicules - côté,2,2,2,0,2,3,2,0,5,80,2,2,1,0,1,0,41.0,53.0,voiture,voiture,1,1,1,2,3
202200000210,2022-08-06 19:00:00,2022,8,6,19,0,35,35156,D68,48.30567,-1.945946,Plein jour,Hors agglomération,Hors intersection,Normale,Sans collision,3,2,2,0,2,3,1,0,3,50,1,1,0,0,1,0,33.0,,deux_roues,,1,1,1,1,7
202200000211,2022-07-16 03:10:00,2022,7,16,3,10,01,01285,72 Route de Lyon,45.921162,4.813889,Nuit sans éclairage public,En agglomération,Hors intersection,Normale,Deux véhicules - côté,3,2,2,0,1,3,1,0,1,80,2,2,1,0,1,0,19.0,,deux_roues,voiture,3,2,1,1,3
202200000212,2022-08-09 15:55:00,2022,8,9,15,55,29,29020,N165,48.103808091,-4.030530235,Plein jour,Hors agglomération,Hors intersection,Normale,Autre collision,2,3,4,0,1,1,1,0,1,110,1,1,0,0,0,1,19.0,,utilitaire_camion,,1,1,1,1,6
202200000213,2022-08-09 19:39:00,2022,8,9,19,39,22,22020,RN12,48.31287,-2.242026,Plein jour,Hors agglomération,Hors intersection,Normale,Sans collision,2,3,4,0,3,2,1,0,3,110,1,1,0,0,0,1,74.0,,voiture,,1,1,1,1,7
202200000214,2022-08-06 09:55:00,2022,8,6,9,55,74,74043,Avenue du Leman,46.265594,6.372703,Plein jour,En agglomération,Hors intersection,Normale,Autre collision,3,2,2,0,2,1,1,0,1,50,1,2,1,0,1,0,74.0,,voiture,,1,2,1,1,6
202200000215,2022-08-09 11:00:00,2022,8,9,11,0,51,51621,Rue Dieu,49.190303,4.89064,Plein jour,En agglomération,Hors intersection,Normale,Sans collision,3,2,2,0,1,1,1,0,3,50,1,1,0,0,1,0,67.0,,deux_roues,,1,2,1,1,7
202200000216,2022-08-09 18:15:00,2022,8,9,18,15,79,79196,,46.944715,-0.13256,Plein jour,Hors agglomération,Hors intersection,Normale,Sans collision,4,2,2,0,2,3,1,0,1,80,1,1,0,0,1,0,22.0,,deux_roues,,1,1,1,1,7
202200000217,2022-07-21 10:05:00,2022,7,21,10,5,79,79284,10 Rue du Député Disleau,46.44336,-0.44768,Plein jour,En agglomération,Hors intersection,Normale,Deux véhicules - côté,4,2,2,0,1,1,1,0,1,50,2,2,1,0,1,0,43.0,14.0,voiture,deux_roues,1,2,1,1,3
202200000218,2022-08-08 16:50:00,2022,8,8,16,50,2A,2A032,D 55 B,41.914996,8.839091,Plein jour,En agglomération,Hors intersection,Normale,Autre collision,3,2,2,0,3,2,1,0,1,50,2,2,1,0,0,1,,34.0,voiture,voiture,1,2,1,1,6
202200000219,2022-08-10 15:25:00,2022,8,10,15,25,2B,2B077,CORSO,42.463957,9.495991,Plein jour,Hors agglomération,Intersection en Y,Normale,Deux véhicules - côté,2,2,2,0,1,2,1,0,1,50,2,2,1,0,0,1,93.0,35.0,voiture,deux_roues,1,1,4,1,3
202200000220,2022-08-10 10:15:00,2022,8,10,10,15,71,71543,Rue Jean Jaurès,46.563991,4.912112,Plein jour,En agglomération,Intersection en X,Normale,Deux véhicules - côté,3,2,2,0,2,1,1,2,1,50,2,3,1,0,1,1,66.0,14.0,voiture,deux_roues,1,2,2,1,3
202200000221,2022-06-29 07:30:00,2022,6,29,7,30,42,42161,Route de Régny,45.975685,4.137518,Plein jour,Hors agglomération,Hors intersection,Normale,Autre collision,3,2,2,0,1,3,1,0,3,80,1,1,0,0,1,0,20.0,,voiture,,1,1,1,1,6
202200000222,2022-08-09 03:25:00,2022,8,9,3,25,46,46038,Avenue Guerin de Castelnau,44.91254,1.841766,Nuit avec éclairage non allumé,En agglomération,Giratoire,Normale,Sans collision,3,2,2,0,1,3,1,5,1,50,1,1,0,0,0,1,18.0,,deux_roues,,4,2,6,1,7
202200000223,2022-08-08 10:40:00,2022,8,8,10,40,39,39478,1 Avenue de Belfort,46.390909,5.864291,Plein jour,En agglomération,Hors intersection,Normale,Autre collision,3,1,2,0,1,1,1,0,1,30,1,2,1,0,0,1,66.0,,voiture,,1,2,1,1,6
202200000224,2022-08-08 22:25:00,2022,8,8,22,25,35,35049,Avenue du Général de Gaulle,48.677123,-1.856384,Nuit avec éclairage allumé,En agglomération,Hors intersection,Normale,Autre collision,3,2,2,0,1,1,1,0,1,30,2,2,1,0,1,0,,55.0,utilitaire_camion,voiture,5,2,1,1,6
202200000225,2022-08-10 04:20:00,2022,8,10,4,20,02,02290,1a Aulnois,49.018069,3.376027,Nuit sans éclairage public,Hors agglomération,Hors intersection,Normale,Autre collision,3,2,2,0,1,3,1,0,3,80,1,3,0,0,2,1,20.0,,voiture,,3,1,1,1,6
202200000226,2022-08-09 08:00:00,2022,8,9,8,0,01,01039,route de bourgogne,45.857641,5.74277,Plein jour,En agglomération,Hors intersection,Normale,Deux véhicules - arrière,3,2,2,0,2,2,1,0,1,50,2,2,1,0,0,1,76.0,63.0,voiture,deux_roues,1,2,1,1,2
202200000227,2022-08-10 08:00:00,2022,8,10,8,0,01,01402,1658 Route de Cuisery,46.514893,4.979575,Plein jour,Hors agglomération,Hors intersection,Normale,Autre collision,3,2,2,0,1,1,1,2,3,80,1,1,0,0,1,0,53.0,,voiture,,1,1,1,1,6
202200000228,2022-08-06 00:10:00,2022,8,6,0,10,72,72251,Lieu Dit Lombray,48.270254,0.196965,Nuit sans éclairage public,Hors agglomération,Hors intersection,Normale,Sans collision,3,2,2,0,1,1,1,0,3,90,1,2,1,0,1,0,22.0,,voiture,,3,1,1,1,7
202200000229,2022-08-09 17:10:00,2022,8,9,17,10,72,72283,Le Pont de Pierres,47.631244,0.305351,Plein jour,Hors agglomération,Hors intersection,Normale,Autre collision,3,2,2,0,1,3,1,0,1,80,1,1,0,0,1,0,19.0,,deux_roues,,1,1,1,1,6
202200000230,2022-08-09 20:40:00,2022,8,9,20,40,14,14370,D10,49.226684,-0.871224,Plein jour,En agglomération,Intersection en X,Normale,Deux véhicules - côté,3,2,2,0,1,1,1,0,1,50,2,4,3,0,1,0,47.0,40.0,deux_roues,voiture,1,2,2,1,3
202200000231,2022-08-10 13:45:00,2022,8,10,13,45,05,05010,Route de Grenoble,44.523682,5.757413,Plein jour,En agglomération,Hors intersection,Normale,Deux véhicules - frontale,3,-1,2,0,1,1,1,0,1,50,2,2,1,1,0,0,65.0,39.0,voiture,utilitaire_camion,1,2,1,1,1
202200000232,2022-08-07 11:33:00,2022,8,7,11,33,18,18175,Les Soutrins,46.921091,2.76819,Plein jour,Hors agglomération,Hors intersection,Normale,Sans collision,3,2,2,0,1,2,1,0,8,80,1,2,0,0,1,1,18.0,,deux_roues,,1,1,1,1,7
202200000233,2022-08-08 11:20:00,2022,8,8,11,20,17,17249,D142e2,45.396849,-0.307059,Plein jour,Hors agglomération,Intersection en X,Normale,Deux véhicules - côté,3,2,2,0,3,1,1,0,1,80,2,2,1,0,1,0,25.0,90.0,voiture,voiture,1,1,2,1,3
202200000234,2022-08-10 09:35:00,2022,8,10,9,35,19,19180,,45.511351,2.220193,Plein jour,Hors agglomération,Hors intersection,Normale,Sans collision,1,1,2,0,1,1,1,0,2,130,1,1,0,1,0,0,54.0,,deux_roues,,1,1,1,1,7
202200000235,2022-08-10 02:40:00,2022,8,10,2,40,76,76401,D913,49.41813,0.79555,Nuit sans éclairage public,Hors agglomération,Hors intersection,Normale,Autre collision,3,2,2,0,1,2,1,0,8,80,1,1,0,0,1,0,24.0,,voiture,,3,1,1,1,6
202200000236,2022-08-09 18:16:00,2022,8,9,18,16,73,73296,D87A,45.49332,6.926135,Plein jour,Hors agglomération,Hors intersection,Normale,Autre collision,3,2,2,0,2,2,1,0,1,80,1,1,0,0,1,0,49.0,,deux_roues,,1,1,1,1,6
202200000237,2022-08-08 21:30:00,2022,8,8,21,30,971,97103,La Jaille,16.252114,-61.584077,Nuit sans éclairage public,Hors agglomération,Hors intersection,Normale,Autre collision,2,1,2,0,1,1,1,3,1,90,1,2,1,0,1,0,60.0,,voiture,,3,1,1,1,6
202200000238,2022-08-09 16:45:00,2022,8,9,16,45,987,98738,PK 9,-17.558,-149.476,Plein jour,En agglomération,Intersection en T,Pluie légère,Deux véhicules - côté,2,2,2,0,2,1,1,0,1,60,2,2,1,0,1,0,34.0,50.0,utilitaire_camion,deux_roues,1,2,3,2,3
202200000239,2022-08-10 03:50:00,2022,8,10,3,50,971,97107,lieu dit bananier - RN1,15.99681,-61.60708,Nuit sans éclairage public,Hors agglomération,Hors intersection,Normale,Deux véhicules - frontale,2,2,2,0,2,1,1,0,1,70,2,3,1,0,2,0,26.0,19.0,utilitaire_camion,voiture,3,1,1,1,1
202200000240,2022-08-09 17:11:00,2022,8,9,17,11,91,91587,N20,48.695266,2.285736,Nuit sans éclairage public,Hors agglomération,Hors intersection,Normale,Deux véhicules - arrière,3,3,4,0,2,1,1,0,1,90,2,2,1,0,1,0,60.0,22.0,voiture,deux_roues,3,1,1,1,2
202200000241,2022-08-08 11:20:00,2022,8,8,11,20,78,78506,D177,48.498664,1.815233,Plein jour,Hors agglomération,Intersection en X,Normale,Deux véhicules - côté,3,2,2,0,1,1,1,0,1,80,2,2,1,0,0,1,49.0,32.0,voiture,voiture,1,1,2,1,3
202200000242,2022-08-09 10:35:00,2022,8,9,10,35,2A,2A215,spartano - RT40,41.502256,9.030094,Plein jour,Hors agglomération,Intersection en X,Normale,Autre collision,2,2,2,0,1,2,1,0,3,80,1,2,1,0,0,1,20.0,,voiture,,1,1,2,1,6
202200000243,2022-08-10 20:40:00,2022,8,10,20,40,66,66088,,42.680235,2.630163,Crépuscule ou aube,Hors agglomération,Intersection en T,Normale,Deux véhicules - frontale,2,2,4,-1,1,1,1,0,8,-1,2,2,1,0,0,1,42.0,27.0,voiture,voiture,2,1,3,1,1
202200000244,2022-07-11 19:00:00,2022,7,11,19,0,66,66227,,42.640378,2.909805,Plein jour,En agglomération,Giratoire,Normale,Deux véhicules - côté,3,3,2,0,1,1,1,5,1,50,2,2,1,0,1,0,41.0,47.0,voiture,voiture,1,2,6,1,3
202200000245,2022-08-06 17:00:00,2022,8,6,17,0,13,13081,Avenue de Verdun/ D55,43.486199,5.230255,Plein jour,En agglomération,Giratoire,Normale,Deux véhicules - côté,7,1,2,0,3,2,1,0,1,50,2,2,1,0,0,1,22.0,38.0,deux_roues,voiture,1,2,6,1,3
202200000246,2022-08-09 07:30:00,2022,8,9,7,30,67,67481,D5,48.375879,7.488502,Plein jour,Hors agglomération,Intersection en X,Normale,Deux véhicules - côté,3,2,1,0,1,1,1,0,1,70,2,2,1,0,1,0,64.0,57.0,utilitaire_camion,voiture,1,1,2,1,3
202200000247,2022-08-09 11:45:00,2022,8,9,11,45,63,63038,D978,45.5086274897,2.9099929333,Plein jour,Hors agglomération,Hors intersection,Normale,Autre collision,3,1,2,0,1,1,1,0,3,90,1,1,0,0,1,0,25.0,,deux_roues,,1,1,1,1,6
202200000248,2022-08-10 11:30:00,2022,8,10,11,30,74,74136,626 Route du Chinaillon,45.942824,6.424642,Plein jour,En agglomération,Hors intersection,Normale,Trois véhicules et plus - collisions multiples,3,2,2,0,2,1,1,0,1,50,4,4,2,0,1,1,30.0,68.0,voiture,voiture,1,2,1,1,5
202200000249,2022-08-10 01:00:00,2022,8,10,1,0,73,73071,D91D,45.4493112809,6.6945991516,Nuit sans éclairage public,Hors agglomération,Hors intersection,Normale,Autre collision,3,2,2,0,2,2,1,0,1,80,1,1,0,0,0,1,23.0,,voiture,,3,1,1,1,6
202200000250,2022-08-10 10:30:00,2022,8,10,10,30,42,42094,6 Rue de la Loire,45.74335,4.220898,Plein jour,En agglomération,Hors intersection,Normale,Autre collision,3,2,1,0,1,1,1,0,1,50,1,2,1,1,0,0,19.0,,voiture,,1,2,1,1,6
202200000251,2022-08-10 12:58:00,2022,8,10,12,58,26,26074,D611,44.969026,5.42907,Plein jour,Hors agglomération,Intersection en T,Normale,Deux véhicules - frontale,3,2,2,0,2,2,1,0,1,80,2,2,1,0,1,0,57.0,39.0,deux_roues,utilitaire_camion,1,1,3,1,1
202200000252,2022-08-10 15:45:00,2022,8,10,15,45,17,17278,N150,45.699818,-0.798207,Plein jour,Hors agglomération,Hors intersection,Normale,Deux véhicules - arrière,2,3,4,0,1,1,1,0,1,110,2,2,1,1,0,0,66.0,67.0,voiture,deux_roues,1,1,1,1,2
202200000253,2022-08-10 07:55:00,2022,8,10,7,55,29,29169,Route de Guengat,48.072151,-4.193553,Plein jour,Hors agglomération,Hors intersection,Normale,Deux véhicules - côté,3,2,2,0,1,1,1,8,1,50,2,2,1,0,0,1,19.0,19.0,voiture,deux_roues,1,1,1,1,3
202200000254,2022-08-06 11:45:00,2022,8,6,11,45,22,22054,La Croix Rouge,48.599643,-2.463191,Plein jour,Hors agglomération,Hors intersection,Normale,,3,2,2,0,1,1,1,0,1,80,3,9,8,0,0,1,43.0,32.0,voiture,voiture,1,1,1,1,-1
202200000255,2022-08-09 20:00:00,2022,8,9,20,0,60,60620,,49.3319710874,2.1755053996,Crépuscule ou aube,En agglomération,Autre intersection,Normale,Deux véhicules - frontale,3,2,2,0,1,3,1,0,1,50,2,2,0,0,0,2,22.0,42.0,voiture,voiture,2,2,9,1,1
202200000256,2022-08-05 19:10:00,2022,8,5,19,10,59,59139,Boulevard du 8 Mai 1945,50.1257279374,3.4225577116,Plein jour,En agglomération,Giratoire,Normale,Autre collision,4,3,2,0,1,1,1,0,1,50,1,2,1,0,0,1,,,autre,,1,2,6,1,6
202200000257,2022-08-10 07:15:00,2022,8,10,7,15,59,59268,rue du grand chemin,50.634179,2.73787,Plein jour,Hors agglomération,Giratoire,Temps éblouissant,Deux véhicules - arrière,3,1,1,0,1,3,1,0,1,50,2,2,1,1,0,0,37.0,41.0,deux_roues,utilitaire_camion,1,1,6,7,2
202200000258,2022-08-08 11:50:00,2022,8,8,11,50,13,13071,A55-Sens Martigues vers Marseille,43.39097,5.30124,Plein jour,Hors agglomération,Hors intersection,Normale,Sans collision,1,-1,3,0,3,1,1,0,1,110,1,2,0,0,0,2,33.0,,deux_roues,,1,1,1,1,7
202200000259,2022-08-09 09:40:00,2022,8,9,9,40,92,92025,A86,48.9189886921,2.2237886747,Plein jour,Hors agglomération,Hors intersection,Normale,Trois véhicules et plus - collisions multiples,1,1,2,0,1,1,1,2,1,70,3,3,2,0,0,1,45.0,40.0,voiture,voiture,1,1,1,1,5
202200000260,2022-08-08 09:20:00,2022,8,8,9,20,78,78043,A12 W,48.82759,2.077874,Plein jour,Hors agglomération,Hors intersection,Normale,Deux véhicules - arrière,1,1,5,3,1,1,1,0,8,110,2,4,3,0,0,1,34.0,31.0,voiture,voiture,1,1,1,1,2
202200000261,2022-08-09 18:00:00,2022,8,9,18,0,93,93027,AUTOROUTE A86,48.92405,2.38753,Plein jour,Hors agglomération,Hors intersection,Normale,Trois véhicules et plus - en chaîne,1,3,6,0,1,1,1,0,1,90,3,3,2,0,0,1,57.0,32.0,voiture,voiture,1,1,1,1,4
202200000262,2022-08-09 13:35:00,2022,8,9,13,35,75,75112,A4,48.822036,2.462356,Plein jour,Hors agglomération,Hors intersection,Normale,Deux véhicules - arrière,1,3,4,0,1,3,1,0,1,90,2,2,1,0,0,1,37.0,45.0,deux_roues,voiture,1,1,1,1,2
202200000263,2022-08-09 12:10:00,2022,8,9,12,10,77,77249,RN104,48.73482,2.61107,Plein jour,Hors agglomération,Hors intersection,Normale,Deux véhicules - arrière,2,3,4,0,1,1,1,0,1,90,2,3,2,0,0,1,39.0,69.0,voiture,voiture,1,1,1,1,2
202200000264,2022-08-09 09:00:00,2022,8,9,9,0,77,77337,A4,48.83013,2.61423,Plein jour,Hors agglomération,Hors intersection,Normale,Deux véhicules - arrière,1,-1,5,0,1,1,1,0,1,110,2,2,1,0,0,1,41.0,24.0,utilitaire_camion,deux_roues,1,1,1,1,2
202200000265,2022-08-08 11:10:00,2022,8,8,11,10,94,94073,A86 INT,48.7707911137,2.386433106,Plein jour,Hors agglomération,Hors intersection,Normale,Deux véhicules - côté,1,3,3,0,1,1,1,0,1,90,2,2,1,0,0,1,26.0,43.0,voiture,deux_roues,1,1,1,1,3
202200000266,2022-08-08 20:00:00,2022,8,8,20,0,59,59512,ALGER  (RUE D'),50.70115,3.19191,Plein jour,En agglomération,Hors intersection,Normale,Deux véhicules - arrière,4,2,2,0,1,1,1,0,1,50,2,5,3,0,0,2,32.0,52.0,voiture,voiture,1,2,1,1,2
202200000267,2022-08-08 21:12:00,2022,8,8,21,12,68,68224,SCHUMAN (AVENUE ROBERT),47.75309,7.34398,Nuit avec éclairage allumé,En agglomération,Intersection en T,Normale,Sans collision,4,2,2,0,1,1,1,0,1,50,1,2,1,0,0,1,48.0,,voiture,,5,2,3,1,7
202200000268,2022-05-21 14:30:00,2022,5,21,14,30,45,45234,30 Quai du Châtelet,47.898005391,1.9103376567,Plein jour,En agglomération,Hors intersection,Normale,Trois véhicules et plus - en chaîne,4,2,2,0,1,1,1,0,1,50,3,6,5,0,0,1,51.0,32.0,voiture,voiture,1,2,1,1,4
202200000269,2022-04-30 21:25:00,2022,4,30,21,25,42,42031,Route de Saint-maurice,45.40403,4.235,Nuit sans éclairage public,En agglomération,Hors intersection,Normale,Deux véhicules - côté,7,2,2,0,1,3,1,0,1,50,2,7,6,0,0,1,38.0,35.0,voiture,voiture,3,2,1,1,3
202200000270,2022-08-08 22:45:00,2022,8,8,22,45,69,69388,Boulevard Pinel,45.729066201,4.8866817355,Nuit avec éclairage allumé,En agglomération,Hors intersection,Normale,Autre collision,4,2,2,3,1,1,1,0,1,50,1,2,1,0,0,1,57.0,,voiture,,5,2,1,1,6
202200000271,2022-05-07 19:35:00,2022,5,7,19,35,69,69383,Rue Villeroy,45.7549730489,4.8492624033,Crépuscule ou aube,En agglomération,Hors intersection,Normale,Autre collision,4,1,1,2,1,1,1,0,1,30,1,2,1,0,0,1,22.0,,voiture,,2,2,1,1,6
202200000272,2022-08-08 18:00:00,2022,8,8,18,0,69,69259,Avenue Viviani,45.7243852006,4.8713395,Plein jour,En agglomération,Intersection en X,Normale,Deux véhicules - côté,4,2,3,2,1,1,1,0,1,50,2,3,2,0,0,1,19.0,38.0,voiture,voiture,1,2,2,1,3
202200000273,2022-08-08 13:40:00,2022,8,8,13,40,972,97213,ROUTE DEPARTEMENTALE 14,14.62023,-61.02148,Plein jour,Hors agglomération,Hors intersection,Normale,Deux véhicules - côté,3,-1,1,0,2,1,1,0,1,50,2,5,4,0,1,0,49.0,35.0,voiture,voiture,1,1,1,1,3
202200000274,2022-08-07 20:15:00,2022,8,7,20,15,972,97209,GENERAL DE GAULLE (BLD DU),14.60764,-61.06895,Nuit avec éclairage allumé,En agglomération,Intersection en T,Normale,Deux véhicules - côté,2,3,3,0,1,1,1,9,1,30,2,3,2,0,1,0,,49.0,voiture,voiture,5,2,3,1,3
202200000275,2022-08-07 19:30:00,2022,8,7,19,30,972,97209,BEAUSEJOUR JAMBETTE (ROUTE),14.64232,-61.04268,Nuit avec éclairage allumé,Hors agglomération,Hors intersection,Normale,Deux véhicules - arrière,3,-1,2,0,2,1,1,0,1,50,2,2,1,0,0,1,27.0,37.0,voiture,voiture,5,1,1,1,2
202200000276,2022-05-07 17:10:00,2022,5,7,17,10,91,91184,D449,48.409192,2.380198,Plein jour,Hors agglomération,Hors intersection,Normale,Deux véhicules - frontale,3,2,2,0,1,3,1,0,1,80,2,2,0,1,0,1,49.0,17.0,voiture,deux_roues,1,1,1,1,1