accident_id,datetime,annee,mois,jour,heure,minute,departement,commune_insee,adresse,latitude,longitude,luminosite,agglomeration,intersection,meteo,collision,catr,circ,nbv,vosp,prof,plan,surf,infra,situ,vma,nb_vehicules,nb_usagers,nb_indemnes,nb_tues,nb_blesses_hosp,nb_blesses_legers,age_cond_1,age_cond_2,veh_type_cond_1,veh_type_cond_2,lum_code,agg_code,int_code,atm_code,col_code
202200000277,2022-08-09 00:40:00,2022,8,9,0,40,2B,2B033,VEZZANI - RUE CESAR,42.68722,9.44579,Nuit avec éclairage allumé,En agglomération,Hors intersection,Normale,Deux véhicules - frontale,4,-1,2,0,2,1,1,0,1,50,2,6,5,0,0,1,54.0,35.0,utilitaire_camion,deux_roues,5,2,1,1,1
202200000278,2022-05-07 10:50:00,2022,5,7,10,50,34,34157,D51,43.427274,3.558905,Plein jour,Hors agglomération,Hors intersection,Normale,Deux véhicules - côté,3,2,2,0,1,1,1,0,1,80,2,3,1,0,0,2,56.0,24.0,utilitaire_camion,deux_roues,1,1,1,1,3
202200000279,2022-08-08 07:05:00,2022,8,8,7,5,2B,2B033,TUNNEL,42.6941,9.4523,Plein jour,En agglomération,Hors intersection,Normale,Deux véhicules - arrière,2,2,2,0,1,1,1,1,1,50,2,2,1,0,0,1,43.0,33.0,voiture,voiture,1,2,1,1,2
202200000280,2022-05-06 17:40:00,2022,5,6,17,40,84,84122,3489 Route de la Garrigue de l Etang,44.121201,4.96974,Plein jour,Hors agglomération,Hors intersection,Autre,Deux véhicules - frontale,4,2,2,0,1,1,1,0,1,80,2,2,1,0,1,0,29.0,25.0,voiture,voiture,1,1,1,9,1
202200000281,2022-05-07 07:40:00,2022,5,7,7,40,25,25465,Chatel,47.328972,6.364894,Plein jour,Hors agglomération,Hors intersection,Normale,Autre collision,3,2,2,0,1,1,1,2,3,70,1,1,0,0,0,1,30.0,,voiture,,1,1,1,1,6
202200000282,2022-08-07 10:00:00,2022,8,7,10,0,971,97101,ROUTE DES ABYMES,16.2537,-61.52348,Plein jour,En agglomération,Intersection en T,Pluie légère,Deux véhicules - côté,2,2,0,0,1,1,2,0,8,50,2,2,0,0,0,2,20.0,26.0,voiture,voiture,1,2,3,2,3
202200000283,2022-08-05 07:30:00,2022,8,5,7,30,971,97101,ROUTE DE COMA,16.2654,-61.46886,Plein jour,Hors agglomération,Intersection en T,Pluie légère,Autre collision,3,2,2,0,1,1,2,0,1,80,1,2,1,0,0,1,26.0,,voiture,,1,1,3,2,6
202200000284,2022-05-06 14:40:00,2022,5,6,14,40,69,69294,Rue de la Sarraziniere,45.62849,4.82039,Plein jour,En agglomération,Intersection en T,Normale,Deux véhicules - arrière,4,2,2,1,1,3,1,0,1,50,2,2,1,0,0,1,21.0,,voiture,voiture,1,2,3,1,2
202200000285,2022-08-07 11:45:00,2022,8,7,11,45,2A,2A004,SAMPIERO BD,41.92489,8.73894,Plein jour,En agglomération,Hors intersection,Normale,Deux véhicules - arrière,4,2,3,0,1,1,1,0,1,50,2,2,1,0,1,0,56.0,48.0,deux_roues,voiture,1,2,1,1,2
202200000286,2022-05-06 12:00:00,2022,5,6,12,0,85,85092,RD65,46.46579,-0.793455,Plein jour,En agglomération,Hors intersection,Normale,Deux véhicules - côté,3,2,2,0,1,1,1,0,1,50,2,2,1,0,0,1,35.0,44.0,deux_roues,voiture,1,2,1,1,3
202200000287,2022-08-08 21:20:00,2022,8,8,21,20,95,95585,Avenue de la Division Leclerc,48.9824936999,2.3701822758,Crépuscule ou aube,En agglomération,Hors intersection,Normale,Deux véhicules - arrière,3,2,2,0,1,1,1,0,1,30,2,2,1,0,0,1,19.0,27.0,deux_roues,utilitaire_camion,2,2,1,1,2
202200000288,2022-05-07 17:15:00,2022,5,7,17,15,85,85296,La Marzelle,46.899575,-0.84024,Plein jour,Hors agglomération,Hors intersection,Normale,Deux véhicules - frontale,4,2,2,0,2,2,1,0,1,80,2,3,2,0,1,0,48.0,22.0,voiture,deux_roues,1,1,1,1,1
202200000289,2022-05-07 11:40:00,2022,5,7,11,40,14,14047,D613,49.283649,-0.705039,Plein jour,En agglomération,Hors intersection,Pluie légère,Sans collision,3,2,2,0,2,1,2,0,1,50,1,1,0,0,0,1,15.0,,deux_roues,,1,2,1,2,7
202200000290,2022-08-08 16:50:00,2022,8,8,16,50,91,91286,CORBEIL (ROUTE DE),48.65325,2.39469,Plein jour,En agglomération,Hors intersection,Normale,Autre collision,4,1,2,0,1,1,1,0,1,50,1,2,1,0,0,1,,,transport_commun,,1,2,1,1,6
202200000291,2022-07-05 17:40:00,2022,7,5,17,40,89,89342,,48.24326,3.2533,Plein jour,Hors agglomération,Hors intersection,Normale,Deux véhicules - frontale,3,2,3,0,1,1,1,0,1,80,2,2,0,0,2,0,52.0,27.0,voiture,voiture,1,1,1,1,1
202200000292,2022-05-07 11:42:00,2022,5,7,11,42,60,60252,D55,49.459679,2.384343,Plein jour,Hors agglomération,Hors intersection,Normale,Sans collision,3,3,2,0,1,3,1,0,8,80,1,1,0,0,0,1,28.0,,deux_roues,,1,1,1,1,7
202200000293,2022-05-07 15:00:00,2022,5,7,15,0,60,60575,D1001,49.300498,2.197276,Plein jour,Hors agglomération,Intersection en T,Normale,Deux véhicules - côté,3,2,1,0,1,1,1,0,1,80,2,2,1,0,0,1,16.0,38.0,deux_roues,voiture,1,1,3,1,3
202200000294,2022-08-07 20:00:00,2022,8,7,20,0,77,77181,RUCHERIE  (RUE DE  LA),48.8243,2.707,Plein jour,En agglomération,Hors intersection,Temps éblouissant,Autre collision,4,2,2,0,1,1,1,0,1,30,1,2,1,0,1,0,32.0,,voiture,,1,2,1,7,6
202200000295,2022-08-08 16:30:00,2022,8,8,16,30,77,77186,D148 / D301,48.37662,2.73959,Plein jour,Hors agglomération,Intersection en X,Normale,Deux véhicules - côté,3,2,2,0,1,1,1,5,1,70,2,2,1,0,0,1,35.0,25.0,voiture,utilitaire_camion,1,1,2,1,3
202200000296,2022-05-07 12:30:00,2022,5,7,12,30,62,62870,AUTOROUTE A16,50.414186,1.693751,Plein jour,Hors agglomération,Hors intersection,Normale,Deux véhicules - frontale,1,3,4,0,1,1,1,0,1,130,2,4,0,0,3,1,52.0,35.0,utilitaire_camion,voiture,1,1,1,1,1
202200000297,2022-08-08 08:45:00,2022,8,8,8,45,76,76540,Rue de Bapeaume,49.45265,1.05658,Plein jour,En agglomération,Intersection en X,Normale,Autre collision,7,2,2,0,2,1,1,0,1,50,1,2,1,0,1,0,19.0,,utilitaire_camion,,1,2,2,1,6
202200000298,2022-05-04 20:30:00,2022,5,4,20,30,13,13212,A507 sens Aubagne- Marseille,43.2949,5.42624,Nuit avec éclairage allumé,Hors agglomération,Hors intersection,Normale,Autre collision,1,1,3,0,1,3,1,1,1,70,1,2,0,0,2,0,37.0,,deux_roues,,5,1,1,1,6
202200000299,2022-08-07 21:15:00,2022,8,7,21,15,76,76484,Avenue du Général de Gaulle,49.3432530276,1.090811491,Nuit avec éclairage allumé,En agglomération,Hors intersection,Normale,Deux véhicules - côté,7,2,2,0,1,1,1,-1,1,50,2,2,1,0,0,1,30.0,,voiture,deux_roues,5,2,1,1,3
202200000300,2022-05-05 07:30:00,2022,5,5,7,30,13,13005,A50-Sens Marseille vers Aubagne,43.28964,5.55754,Plein jour,Hors agglomération,Hors intersection,Normale,Deux véhicules - arrière,1,3,2,0,1,3,1,0,1,90,3,3,1,1,0,1,33.0,27.0,deux_roues,voiture,1,1,1,1,2
202200000301,2022-08-06 06:35:00,2022,8,6,6,35,76,76351,Rue de Mulhouse,49.48745,0.1421,Crépuscule ou aube,En agglomération,Hors intersection,Normale,Autre collision,4,2,1,0,1,1,1,0,1,50,1,2,0,0,0,2,29.0,,deux_roues,,2,2,1,1,6
202200000302,2022-05-05 08:35:00,2022,5,5,8,35,13,13071,A7-Sens Marseille vers Lyon,43.40614,5.3367,Plein jour,Hors agglomération,Hors intersection,Pluie légère,Deux véhicules - arrière,1,1,1,0,2,1,2,0,1,90,2,3,1,0,0,2,44.0,23.0,utilitaire_camion,voiture,1,1,1,2,2
202200000303,2022-08-08 08:15:00,2022,8,8,8,15,69,69266,Rue du 4 Août 1789,45.76473,4.8845,Plein jour,En agglomération,Intersection en X,Temps éblouissant,Deux véhicules - côté,4,1,1,2,1,1,1,0,1,50,2,2,1,0,0,1,51.0,56.0,deux_roues,voiture,1,2,2,7,3
202200000304,2022-05-04 18:35:00,2022,5,4,18,35,13,13211,A50-Sens Aubagne vers Marseille,43.2907477875,5.4875286322,Plein jour,Hors agglomération,Hors intersection,Normale,Autre collision,1,1,3,0,1,1,1,0,1,90,1,1,0,0,1,0,44.0,,voiture,,1,1,1,1,6
202200000305,2022-08-06 10:40:00,2022,8,6,10,40,67,67462,RD 424,48.23793,7.47857,Plein jour,Hors agglomération,Intersection en T,Normale,Deux véhicules - arrière,3,2,2,2,1,1,1,0,1,80,2,3,2,0,1,0,40.0,28.0,voiture,voiture,1,1,3,1,2
202200000306,2022-05-01 20:00:00,2022,5,1,20,0,13,13215,A7-Sens Lyon vers Marseille,43.3664345541,5.3608052872,Plein jour,Hors agglomération,Hors intersection,Normale,Deux véhicules - arrière,1,1,3,0,1,1,1,1,1,90,5,7,6,0,0,1,61.0,37.0,voiture,voiture,1,1,1,1,2
202200000307,2022-08-07 02:55:00,2022,8,7,2,55,64,64445,boulevard de la Paix,43.32217,-0.36687,Nuit avec éclairage allumé,En agglomération,Hors intersection,Normale,Deux véhicules - côté,4,2,2,2,1,1,1,0,1,50,2,3,1,0,0,2,80.0,17.0,voiture,deux_roues,5,2,1,1,3
202200000308,2022-05-04 11:30:00,2022,5,4,11,30,33,33192,Rocade Sud-Ouest,44.789458,-0.60386,Plein jour,Hors agglomération,Hors intersection,Normale,Deux véhicules - arrière,1,3,6,0,1,1,1,3,1,90,2,2,1,0,0,1,55.0,55.0,utilitaire_camion,utilitaire_camion,1,1,1,1,2
202200000309,2022-08-05 14:11:00,2022,8,5,14,11,63,63113,UNION SOVIETIQUE (AVENUE DE L'),45.7813,3.1047,Plein jour,En agglomération,Intersection en X,Normale,Deux véhicules - côté,4,2,2,0,1,1,1,0,1,50,2,2,1,0,1,0,12.0,35.0,deux_roues,voiture,1,2,2,1,3
202200000310,2022-05-02 17:37:00,2022,5,2,17,37,33,33397,AUTOROUTE A 10,44.894414,-0.498166,Plein jour,Hors agglomération,Hors intersection,Normale,Deux véhicules - arrière,1,3,6,0,1,1,1,0,1,110,2,2,1,0,0,1,26.0,41.0,deux_roues,voiture,1,1,1,1,2
202200000311,2022-08-07 21:56:00,2022,8,7,21,56,57,57591,CD181,49.24083,6.06798,Nuit sans éclairage public,Hors agglomération,Hors intersection,Normale,Sans collision,3,-1,2,0,2,1,1,0,1,70,1,1,0,0,1,0,32.0,,deux_roues,,3,1,1,1,7
202200000312,2022-08-06 03:30:00,2022,8,6,3,30,56,56121,9 Rue vice-amiral Bouvet,47.74938,-3.374015,Nuit sans éclairage public,En agglomération,Hors intersection,Normale,Autre collision,4,1,1,0,2,3,1,0,1,30,1,2,1,0,0,1,25.0,,voiture,,3,2,1,1,6
202200000313,2022-08-07 18:25:00,2022,8,7,18,25,54,54304,SAPINIERE (RUE DE LA),48.69326,6.12795,Plein jour,En agglomération,Intersection en X,Normale,Deux véhicules - côté,4,2,2,0,1,1,1,0,1,50,2,2,1,0,0,1,41.0,25.0,voiture,voiture,1,2,2,1,3
202200000314,2022-05-05 19:30:00,2022,5,5,19,30,94,94034,AUTOROUTE A86,48.75783,2.32829,Plein jour,Hors agglomération,Hors intersection,Normale,Trois véhicules et plus - en chaîne,1,3,5,0,1,1,1,1,1,70,3,5,2,0,0,3,45.0,23.0,voiture,voiture,1,1,1,1,4
202200000315,2022-08-05 17:50:00,2022,8,5,17,50,52,52448,RENAN (RUE ERNEST),48.6420072187,4.9351894855,Plein jour,En agglomération,Intersection en T,Normale,Deux véhicules - frontale,3,-1,2,0,1,1,1,0,1,50,2,2,1,0,0,1,45.0,59.0,deux_roues,voiture,1,2,3,1,1
202200000316,2022-05-05 15:30:00,2022,5,5,15,30,91,91174,RN 104,48.62475,2.47088,Plein jour,Hors agglomération,Hors intersection,Normale,Sans collision,2,3,6,0,2,1,1,0,1,90,1,2,0,0,0,2,68.0,,voiture,,1,1,1,1,7
202200000317,2022-08-05 10:05:00,2022,8,5,10,5,50,50129,TRIBUNAUX (RUE DES),49.63808,-1.6239,Plein jour,En agglomération,Intersection en T,Normale,Autre collision,4,2,2,0,1,1,1,0,1,20,1,2,1,0,1,0,62.0,,voiture,,1,2,3,1,6
202200000318,2022-05-05 08:30:00,2022,5,5,8,30,92,92002,AUTOROUTE A10,48.731974,2.310699,Plein jour,Hors agglomération,Hors intersection,Normale,Deux véhicules - côté,1,1,3,0,1,1,1,0,1,90,2,2,1,0,0,1,33.0,29.0,deux_roues,utilitaire_camion,1,1,1,1,3
202200000319,2022-08-06 18:31:00,2022,8,6,18,31,47,47027,RD 236,44.4155,0.6619,Plein jour,Hors agglomération,Hors intersection,Normale,Autre collision,9,2,0,1,1,1,1,5,5,10,1,1,0,0,1,0,73.0,,deux_roues,,1,1,1,1,6
202200000320,2022-08-08 12:00:00,2022,8,8,12,0,47,47001,DE GAULLE (AV. DU GENERAL),44.20599,0.61168,Plein jour,En agglomération,Intersection en X,Normale,Deux véhicules - côté,3,2,4,0,1,1,1,5,1,50,2,3,1,0,0,2,56.0,25.0,utilitaire_camion,voiture,1,2,2,1,3
202200000321,2022-05-04 17:40:00,2022,5,4,17,40,77,77251,RN 104,48.644767,2.543456,Plein jour,Hors agglomération,Hors intersection,Normale,Deux véhicules - côté,2,1,2,0,1,1,1,0,1,110,2,2,1,0,0,1,25.0,32.0,deux_roues,voiture,1,1,1,1,3
202200000322,2022-08-08 06:00:00,2022,8,8,6,0,47,47001,TOUR (RUE DE LA),44.205264,0.625197,Nuit avec éclairage allumé,En agglomération,Intersection en X,Normale,Deux véhicules - côté,4,1,1,0,1,1,1,0,1,30,2,2,1,0,1,0,47.0,27.0,deux_roues,voiture,5,2,2,1,3
202200000323,2022-08-07 22:50:00,2022,8,7,22,50,44,44184,Boulevard Georges Charpak,47.26147,-2.26201,Nuit avec éclairage allumé,En agglomération,Hors intersection,Normale,Sans collision,3,3,2,0,1,1,1,0,4,30,1,1,0,0,1,0,64.0,,utilitaire_camion,,5,2,1,1,7
202200000324,2022-05-04 07:00:00,2022,5,4,7,0,91,91689,AUTOROUTE A6B,48.74143,2.3212,Crépuscule ou aube,Hors agglomération,Hors intersection,Normale,Trois véhicules et plus - en chaîne,1,2,6,0,1,1,1,0,1,90,3,5,1,0,1,3,44.0,51.0,voiture,utilitaire_camion,2,1,1,1,4
202200000325,2022-07-29 18:10:00,2022,7,29,18,10,42,42218,Avenue de la Libération,45.43709,4.39089,Plein jour,En agglomération,Intersection en T,Temps couvert,Autre collision,4,1,2,3,1,1,1,0,1,50,1,2,1,0,0,1,24.0,,voiture,,1,2,3,8,6
202200000326,2022-05-05 19:10:00,2022,5,5,19,10,92,92036,AUTOROUTE A15,48.9423087641,2.2895919163,Plein jour,Hors agglomération,Hors intersection,Normale,Trois véhicules et plus - en chaîne,1,3,8,0,1,1,1,2,1,90,4,6,2,0,0,4,20.0,55.0,voiture,voiture,1,1,1,1,4
202200000327,2022-05-05 18:30:00,2022,5,5,18,30,92,92078,AUTOROUTE A86,48.9276695515,2.3328449875,Plein jour,Hors agglomération,Hors intersection,Normale,Deux véhicules - arrière,1,3,0,0,1,1,1,2,1,90,2,2,1,0,0,1,52.0,41.0,utilitaire_camion,deux_roues,1,1,1,1,2
202200000328,2022-05-05 20:00:00,2022,5,5,20,0,93,93066,AUTOROUTE A1,48.91862,2.3576,Plein jour,Hors agglomération,Hors intersection,Normale,Deux véhicules - arrière,1,3,8,0,1,1,1,1,1,90,2,2,1,0,0,1,64.0,56.0,voiture,deux_roues,1,1,1,1,2
202200000329,2022-08-08 21:34:00,2022,8,8,21,34,38,38185,PLACE JEAN ACHARD,45.18897,5.72936,Nuit avec éclairage allumé,En agglomération,Intersection en X,Normale,Deux véhicules - côté,4,1,2,1,1,1,1,0,1,30,2,5,2,0,0,3,40.0,31.0,utilitaire_camion,voiture,5,2,2,1,3
202200000330,2022-08-09 00:30:00,2022,8,9,0,30,35,35278,RD 82,48.1701414333,-1.6936567426,Nuit sans éclairage public,Hors agglomération,Hors intersection,Normale,Autre collision,7,2,2,0,1,1,1,0,3,80,1,2,0,0,1,1,27.0,,voiture,,3,1,1,1,6
202200000331,2022-05-05 14:00:00,2022,5,5,14,0,95,95572,RN 184,49.03541,2.11701,Plein jour,Hors agglomération,Hors intersection,Normale,Deux véhicules - arrière,2,3,4,0,1,1,1,0,1,90,2,3,2,0,0,1,20.0,49.0,voiture,voiture,1,1,1,1,2
202200000332,2022-08-08 21:00:00,2022,8,8,21,0,35,35238,SALLE (BLD JEAN BAPTISTE DE LA),48.1157646679,-1.7045089602,Crépuscule ou aube,En agglomération,Hors intersection,Normale,Deux véhicules - côté,4,3,3,2,1,2,1,8,5,50,2,2,1,0,0,1,56.0,29.0,transport_commun,deux_roues,2,2,1,1,3
202200000333,2022-05-05 12:55:00,2022,5,5,12,55,95,95582,A15,48.9746867186,2.2441935539,Plein jour,Hors agglomération,Hors intersection,Normale,Deux véhicules - côté,1,3,6,0,1,3,1,0,1,70,2,3,0,0,0,3,20.0,39.0,voiture,voiture,1,1,1,1,3
202200000334,2022-08-08 14:30:00,2022,8,8,14,30,34,34172,Rue François-Joseph Gossec,43.57625,3.87234,Plein jour,En agglomération,Hors intersection,Normale,Trois véhicules et plus - en chaîne,7,2,2,0,1,1,1,0,1,50,3,3,1,0,0,2,53.0,53.0,voiture,utilitaire_camion,1,2,1,1,4
202200000335,2022-05-04 14:00:00,2022,5,4,14,0,93,93005,AUTOROUTE A3,48.9668465843,2.4759478569,Plein jour,Hors agglomération,Hors intersection,Normale,Trois véhicules et plus - collisions multiples,1,3,5,0,3,2,1,0,1,90,3,3,2,0,0,1,66.0,51.0,utilitaire_camion,voiture,1,1,1,1,5
202200000336,2022-05-04 05:35:00,2022,5,4,5,35,77,77058,A4,48.82901,2.73837,Nuit sans éclairage public,Hors agglomération,Hors intersection,Normale,Sans collision,1,3,3,0,1,1,1,0,8,130,1,2,0,0,0,2,27.0,,voiture,,3,1,1,1,7
202200000337,2022-08-06 06:50:00,2022,8,6,6,50,34,34032,Route d’Agde,43.323752,3.249074,Crépuscule ou aube,En agglomération,Hors intersection,Normale,Sans collision,3,2,2,0,1,1,1,0,3,50,1,3,0,1,2,0,25.0,,voiture,,2,2,1,1,7
202200000338,2022-05-04 05:40:00,2022,5,4,5,40,974,97407,SACRE COEUR (RD POINT) -RIV. DES GALETS ,-20.95531,55.31172,Nuit sans éclairage public,En agglomération,Autre intersection,Normale,Autre collision,2,1,2,0,1,3,1,3,1,50,1,2,1,0,1,0,59.0,,voiture,,3,2,9,1,6
202200000339,2022-08-08 19:00:00,2022,8,8,19,0,33,33162,Rue Jean Lahary,44.88626,-0.64833,Plein jour,En agglomération,Hors intersection,Normale,Sans collision,4,1,1,2,1,1,1,9,1,50,1,1,0,0,0,1,18.0,,deux_roues,,1,2,1,1,7
202200000340,2022-05-04 20:20:00,2022,5,4,20,20,69,69259,Boulevard Irène Joliot Curie,45.7167823032,4.877243042,Crépuscule ou aube,En agglomération,Autre intersection,Pluie légère,Deux véhicules - côté,7,2,4,3,1,1,2,0,1,30,2,2,1,0,0,1,25.0,31.0,voiture,voiture,2,2,9,2,3
202200000341,2022-07-25 07:45:00,2022,7,25,7,45,29,29232,Rond-Point de Ti Pont Kerroue,48.0167605,-4.09534817,Plein jour,Hors agglomération,Giratoire,Normale,Deux véhicules - côté,4,1,2,0,1,2,1,0,1,50,2,3,2,0,0,1,50.0,49.0,voiture,voiture,1,1,6,1,3
202200000342,2022-05-04 09:20:00,2022,5,4,9,20,69,69388,Rue Florent,45.72743,4.8785,Plein jour,En agglomération,Intersection en X,Normale,Deux véhicules - frontale,4,1,1,0,1,1,1,0,1,50,2,2,1,0,0,1,65.0,10.0,voiture,deux_roues,1,2,2,1,1
202200000343,2022-05-04 07:20:00,2022,5,4,7,20,69,69387,Boulevard Chambaud de la Bruyère,45.72383,4.84234,Plein jour,Hors agglomération,Hors intersection,Normale,Deux véhicules - arrière,4,3,6,0,1,1,1,0,1,50,2,2,1,0,1,0,46.0,21.0,utilitaire_camion,voiture,1,1,1,1,2
202200000344,2022-08-07 18:35:00,2022,8,7,18,35,29,29039,Rue de Kerose,47.8741235217,-3.8982739449,Plein jour,Hors agglomération,Intersection en X,Normale,Deux véhicules - arrière,3,2,3,0,2,1,1,5,1,50,2,5,3,0,0,2,37.0,78.0,voiture,voiture,1,1,2,1,2
202200000345,2022-05-04 13:05:00,2022,5,4,13,5,972,97209,BISHOP (Avenue Maurice),14.613,-61.05295,Plein jour,En agglomération,Hors intersection,Normale,Trois véhicules et plus - collisions multiples,2,2,2,0,1,1,1,0,1,50,3,3,1,0,2,0,53.0,45.0,voiture,deux_roues,1,2,1,1,5
202200000346,2022-08-07 19:02:00,2022,8,7,19,2,29,29039,Quai de la Croix,47.86896,-3.91742,Plein jour,En agglomération,Hors intersection,Normale,Deux véhicules - arrière,4,2,2,1,1,3,1,0,1,50,2,3,2,0,0,1,26.0,41.0,voiture,voiture,1,2,1,1,2
202200000347,2022-05-04 07:02:00,2022,5,4,7,2,69,69389,141 Avenue Sidoine Apollinaire,45.76244,4.80418,Plein jour,En agglomération,Hors intersection,Normale,Autre collision,4,2,2,0,2,1,1,0,1,50,1,1,0,0,1,0,50.0,,voiture,,1,2,1,1,6
202200000348,2022-05-04 13:00:00,2022,5,4,13,0,971,97113,RN4 - SECTION RIVIERA,16.2116,-61.4742,Plein jour,Hors agglomération,Hors intersection,Normale,Autre collision,2,2,2,2,1,1,1,0,5,70,1,1,0,0,0,1,39.0,,voiture,,1,1,1,1,6
202200000349,2022-05-04 21:38:00,2022,5,4,21,38,2A,2A004,NAPOLEON COURS AVANT BEVERINI,41.9229243168,8.7375930547,Nuit avec éclairage non allumé,En agglomération,Hors intersection,Normale,Sans collision,2,2,2,0,2,1,1,8,1,50,1,2,1,0,1,0,,,autre,,4,2,1,1,7
202200000350,2022-08-07 12:50:00,2022,8,7,12,50,17,17306,AQUITAINE (ALIENOR D') (AVENUE),45.61593,-1.00193,Plein jour,En agglomération,Autre intersection,Normale,Deux véhicules - côté,3,2,2,0,1,1,1,0,1,50,2,2,1,0,0,1,27.0,46.0,deux_roues,voiture,1,2,9,1,3
202200000351,2022-05-04 18:00:00,2022,5,4,18,0,95,95280,Rue Joseph Cugnot,49.0213,2.47102,Plein jour,En agglomération,Intersection en T,Normale,Deux véhicules - côté,4,2,2,0,2,1,1,0,1,50,2,3,2,0,0,1,48.0,21.0,utilitaire_camion,voiture,1,2,3,1,3
202200000352,2022-05-04 15:40:00,2022,5,4,15,40,91,91471,FERME (RUE DE LA),48.68438,2.18859,Plein jour,En agglomération,Giratoire,Normale,Deux véhicules - côté,3,1,2,0,1,1,1,0,1,30,2,6,4,0,0,2,33.0,56.0,voiture,voiture,1,2,6,1,3
202200000353,2022-05-04 10:40:00,2022,5,4,10,40,91,91097,AV JEAN MOULIN,48.684085,2.535023,Plein jour,En agglomération,Autre intersection,Normale,Sans collision,3,-1,0,0,1,2,1,5,4,50,1,2,1,0,0,1,46.0,,voiture,,1,2,9,1,7
202200000354,2022-05-03 09:35:00,2022,5,3,9,35,91,91223,SABLIERE (RUE DE LA)   ZI,48.45258,2.16036,Plein jour,En agglomération,Hors intersection,Normale,Deux véhicules - arrière,4,2,2,0,2,1,1,0,1,50,2,2,1,0,0,1,47.0,41.0,utilitaire_camion,utilitaire_camion,1,2,1,1,2
202200000355,2022-04-04 08:00:00,2022,4,4,8,0,85,85194,89 Avenue françois mitterrand,46.514054,-1.776513,Plein jour,En agglomération,Hors intersection,Normale,Deux véhicules - côté,4,-1,2,0,1,1,1,0,1,50,2,2,1,0,0,1,60.0,53.0,voiture,voiture,1,2,1,1,3
202200000356,2022-03-23 08:15:00,2022,3,23,8,15,83,83129,POILUS (PLACE DES),43.0925402139,5.8401346207,Plein jour,En agglomération,Intersection en T,Normale,Autre collision,4,1,1,0,1,1,1,0,1,50,1,2,1,0,0,1,33.0,,voiture,,1,2,3,1,6
202200000357,2022-05-03 16:15:00,2022,5,3,16,15,83,83069,AVENUE RITONDALE LEOPOLD,43.11714,6.1438,Plein jour,En agglomération,Hors intersection,Normale,Trois véhicules et plus - en chaîne,7,1,2,0,1,1,1,0,1,50,3,3,2,0,0,1,26.0,30.0,utilitaire_camion,voiture,1,2,1,1,4
202200000358,2022-05-04 06:15:00,2022,5,4,6,15,77,77131,ROND POINT D402 RUE DE LA BUTTE,48.7974,3.074,Plein jour,En agglomération,Intersection en T,Normale,Deux véhicules - côté,4,1,1,0,1,1,1,5,1,50,2,4,2,0,0,2,37.0,53.0,voiture,voiture,1,2,3,1,3
202200000359,2022-05-04 18:15:00,2022,5,4,18,15,73,73008,D1201 - HOPITAUX CARREFOUR DES,45.69661,5.90746,Plein jour,En agglomération,Giratoire,Normale,Deux véhicules - arrière,3,1,2,0,1,2,1,0,1,50,2,2,1,0,0,1,74.0,79.0,voiture,voiture,1,2,6,1,2
202200000360,2022-05-03 18:05:00,2022,5,3,18,5,67,67365,LECLERC (RUE DU GENERAL),48.55038,7.71115,Plein jour,En agglomération,Hors intersection,Normale,Deux véhicules - arrière,4,2,3,0,1,1,1,0,1,50,2,2,1,0,0,1,17.0,,deux_roues,voiture,1,2,1,1,2
202200000361,2022-04-30 19:15:00,2022,4,30,19,15,67,67482,NEUHOF (ROUTE),48.5458995958,7.7655610442,Plein jour,En agglomération,Intersection en T,Normale,Deux véhicules - arrière,4,2,3,0,1,1,1,0,1,50,2,2,1,0,0,1,23.0,22.0,voiture,deux_roues,1,2,3,1,2
202200000362,2022-05-04 17:40:00,2022,5,4,17,40,64,64445,HENRI FAISANS,43.30091,-0.35968,Plein jour,En agglomération,Intersection en Y,Normale,Deux véhicules - côté,4,2,2,0,1,2,1,0,1,30,2,2,1,0,0,1,63.0,20.0,deux_roues,voiture,1,2,4,1,3
202200000363,2022-05-03 14:25:00,2022,5,3,14,25,64,64445,Boulevard d’Alsace Lorraine,43.30236,-0.36039,Plein jour,En agglomération,Hors intersection,Normale,Deux véhicules - côté,4,-1,1,2,1,1,1,0,1,50,2,2,1,0,0,1,89.0,24.0,voiture,deux_roues,1,2,1,1,3
202200000364,2022-05-03 19:15:00,2022,5,3,19,15,64,64024,Avenue de Bayonne,43.481760598,-1.509555282,Plein jour,En agglomération,Autre intersection,Normale,Deux véhicules - côté,3,2,4,0,1,1,1,0,1,50,2,2,1,0,0,1,74.0,27.0,voiture,deux_roues,1,2,9,1,3
202200000365,2022-05-04 14:45:00,2022,5,4,14,45,59,59350,ESPLANADE FACADE,50.64203,3.05349,Plein jour,En agglomération,Hors intersection,Normale,Deux véhicules - côté,7,3,5,1,1,1,1,0,1,50,2,3,2,0,0,1,34.0,34.0,voiture,deux_roues,1,2,1,1,3
202200000366,2022-04-29 15:55:00,2022,4,29,15,55,57,57672,GENERAL MANGIN (RUE),49.35679,6.157728,Plein jour,En agglomération,Hors intersection,Normale,Autre collision,4,2,2,0,1,1,1,0,1,50,1,2,1,0,1,0,63.0,,voiture,,1,2,1,1,6
202200000367,2022-05-02 13:15:00,2022,5,2,13,15,56,56121,198 Rue de Belgique,47.7616,-3.3882,Plein jour,En agglomération,Intersection en T,Normale,Deux véhicules - côté,4,2,2,0,1,1,1,0,1,30,2,2,1,0,0,1,55.0,52.0,deux_roues,voiture,1,2,3,1,3
202200000368,2022-05-04 13:30:00,2022,5,4,13,30,51,51454,rue du Grand Credo,49.25488,4.03525,Plein jour,En agglomération,Hors intersection,Normale,Trois véhicules et plus - en chaîne,4,1,2,0,1,1,1,0,1,30,3,3,2,0,0,1,38.0,27.0,deux_roues,voiture,1,2,1,1,4