accident_id,datetime,annee,mois,jour,heure,minute,departement,commune_insee,adresse,latitude,longitude,luminosite,agglomeration,intersection,meteo,collision,catr,circ,nbv,vosp,prof,plan,surf,infra,situ,vma,nb_vehicules,nb_usagers,nb_indemnes,nb_tues,nb_blesses_hosp,nb_blesses_legers,age_cond_1,age_cond_2,veh_type_cond_1,veh_type_cond_2,lum_code,agg_code,int_code,atm_code,col_code
202200000829,2022-03-24 07:00:00,2022,3,24,7,0,75,75117,BD PERIPHERIQUE EXTERIEUR,48.897022,2.311083,Plein jour,En agglomération,Hors intersection,Normale,Deux véhicules - arrière,4,1,4,0,1,1,1,0,1,70,2,3,1,0,0,2,23.0,60.0,utilitaire_camion,deux_roues,1,2,1,1,2
202200000830,2022-12-13 11:45:00,2022,12,13,11,45,93,93077,Boulevard du Général de Gaulle / Rue Pottier,48.884919,2.519511,Plein jour,En agglomération,Intersection en X,Normale,Deux véhicules - côté,4,1,1,0,1,1,1,0,1,50,2,2,1,0,0,1,32.0,24.0,voiture,deux_roues,1,2,2,1,3
202200000831,2022-10-18 13:50:00,2022,10,18,13,50,66,66136,,42.7050387372,2.8810049593,Plein jour,En agglomération,Giratoire,Normale,Deux véhicules - côté,4,3,3,0,1,1,1,0,1,30,2,2,1,0,0,1,18.0,49.0,deux_roues,utilitaire_camion,1,2,6,1,3
202200000832,2022-03-24 13:48:00,2022,3,24,13,48,75,75120,AVENUE GAMBETTA,48.863935,2.391708,Plein jour,En agglomération,Intersection en T,Normale,Deux véhicules - arrière,4,2,2,2,2,1,1,0,1,30,2,2,1,0,0,1,29.0,33.0,deux_roues,deux_roues,1,2,3,1,2
202200000833,2022-10-19 17:35:00,2022,10,19,17,35,64,64129,Avenue de la Republique,43.30331,-0.39534,Plein jour,En agglomération,Hors intersection,Normale,Deux véhicules - côté,4,2,2,0,1,1,1,0,1,30,2,2,1,0,0,1,11.0,64.0,deux_roues,voiture,1,2,1,1,3
202200000834,2022-11-29 20:10:00,2022,11,29,20,10,93,93005,Rue Paul Cézanne / Rue Auguste Renoir,48.9524,2.4907,Nuit avec éclairage allumé,En agglomération,Intersection en X,Normale,Deux véhicules - côté,3,1,2,0,1,1,1,0,1,50,2,2,1,0,0,1,63.0,24.0,voiture,deux_roues,5,2,2,1,3
202200000835,2022-03-22 22:50:00,2022,3,22,22,50,75,75120,RUE DES PLATRIERES,48.8673219809,2.3906756938,Nuit avec éclairage allumé,En agglomération,Intersection en Y,Normale,Autre collision,4,2,2,0,2,3,1,0,1,30,1,2,1,0,0,1,22.0,,voiture,,5,2,4,1,6
202200000836,2022-10-18 10:00:00,2022,10,18,10,0,64,64284,RAUSKI,43.25961,-0.39054,Plein jour,En agglomération,Hors intersection,Normale,Deux véhicules - arrière,2,2,0,0,1,1,1,0,1,50,2,2,1,0,1,0,59.0,70.0,utilitaire_camion,voiture,1,2,1,1,2
202200000837,2022-11-19 17:10:00,2022,11,19,17,10,93,93071,Avenue Alfred Nobel / Avenue John Fitzgerald Kennedy,48.933497,2.516164,Nuit avec éclairage allumé,En agglomération,Intersection en X,Pluie légère,Deux véhicules - frontale,3,2,4,0,1,1,2,5,1,50,2,2,0,0,0,2,52.0,28.0,deux_roues,voiture,5,2,2,2,1
202200000838,2022-03-24 15:50:00,2022,3,24,15,50,75,75119,AVENUE SIMON BOLIVAR,48.875243,2.382312,Plein jour,En agglomération,Intersection en T,Normale,Sans collision,4,2,2,2,1,1,1,0,5,30,1,1,0,0,0,1,29.0,,deux_roues,,1,2,3,1,7
202200000839,2022-10-12 13:45:00,2022,10,12,13,45,63,63113,PALISSY (RUE BERNARD),45.78809,3.13916,Plein jour,En agglomération,Giratoire,Normale,Deux véhicules - côté,7,2,2,0,1,1,1,0,1,50,2,2,1,0,0,1,63.0,38.0,voiture,voiture,1,2,6,1,3
202200000840,2022-12-30 12:20:00,2022,12,30,12,20,74,74096,D27,46.052014,6.132131,Plein jour,Hors agglomération,Hors intersection,Pluie légère,Deux véhicules - frontale,3,2,2,0,1,4,2,0,1,80,2,2,1,0,0,1,42.0,28.0,voiture,voiture,1,1,1,2,1
202200000841,2022-03-24 12:30:00,2022,3,24,12,30,75,75116,AVENUE KLEBER,48.86978,2.292217,Plein jour,En agglomération,Hors intersection,Normale,Deux véhicules - côté,4,2,3,3,1,1,1,0,1,30,2,2,1,0,0,1,26.0,54.0,deux_roues,voiture,1,2,1,1,3
202200000842,2022-12-29 17:10:00,2022,12,29,17,10,74,74109,Route de frenay,46.073886,5.845574,Nuit sans éclairage public,Hors agglomération,Hors intersection,Pluie légère,Sans collision,3,3,2,0,3,2,2,2,3,80,1,1,0,0,0,1,19.0,,voiture,,3,1,1,2,7
202200000843,2022-10-11 15:00:00,2022,10,11,15,0,63,63113,RICHEPIN (RUE JEAN),45.7815,3.08848,Plein jour,En agglomération,Intersection en Y,Normale,Deux véhicules - côté,4,2,2,0,1,1,2,0,1,50,2,2,1,0,0,1,26.0,50.0,voiture,deux_roues,1,2,4,1,3
202200000844,2022-03-23 17:45:00,2022,3,23,17,45,75,75116,AVENUE DU MAHATMA GANDHI,48.876676,2.265695,Plein jour,En agglomération,Hors intersection,Normale,Deux véhicules - arrière,4,2,2,0,1,1,1,0,1,30,2,2,1,0,0,1,29.0,43.0,voiture,deux_roues,1,2,1,1,2
202200000845,2022-12-25 22:45:00,2022,12,25,22,45,74,74262,Route de thonon,46.113884,6.313652,Nuit avec éclairage allumé,Hors agglomération,Hors intersection,Normale,Sans collision,3,2,2,0,1,1,2,0,1,80,1,1,0,0,0,1,67.0,,voiture,,5,1,1,1,7
202200000846,2022-10-11 08:00:00,2022,10,11,8,0,63,63113,QUINET (BD EDGAR),45.8011380824,3.1135747432,Plein jour,En agglomération,Hors intersection,Normale,Autre collision,7,3,4,0,1,1,1,0,1,50,1,2,1,1,0,0,55.0,,voiture,,1,2,1,1,6
202200000847,2022-03-23 18:22:00,2022,3,23,18,22,75,75116,VOIE GEORGES POMPIDOU,48.857803,2.287966,Plein jour,En agglomération,Intersection en Y,Normale,Deux véhicules - arrière,4,1,4,1,3,1,1,0,1,30,2,2,1,0,0,1,38.0,45.0,deux_roues,deux_roues,1,2,4,1,2
202200000848,2022-12-23 18:45:00,2022,12,23,18,45,74,74010,Avenue des carres,45.913148,6.142611,Nuit avec éclairage allumé,En agglomération,Intersection en Y,Pluie forte,Autre collision,4,3,1,1,1,1,2,0,1,50,1,4,3,0,1,0,52.0,,voiture,,5,2,4,3,6
202200000849,2022-10-11 08:01:00,2022,10,11,8,1,63,63113,CLEMENTEL (BD ETIENNE),45.8163,3.11044,Plein jour,En agglomération,Hors intersection,Pluie légère,Deux véhicules - côté,6,2,2,0,1,1,2,0,1,50,2,2,1,0,0,1,48.0,17.0,voiture,deux_roues,1,2,1,2,3
202200000850,2022-10-19 16:30:00,2022,10,19,16,30,59,59386,GUERIN RUE DU DOCTEUR,50.677851,3.061821,Plein jour,En agglomération,Hors intersection,Normale,Autre collision,4,1,1,0,1,1,1,0,1,50,1,1,0,0,0,1,58.0,,voiture,,1,2,1,1,6
202200000851,2022-03-23 15:00:00,2022,3,23,15,0,75,75116,ALLEE DE LONGCHAMP,48.867072,2.249284,Plein jour,En agglomération,Intersection en T,Normale,Deux véhicules - arrière,4,2,2,0,1,1,1,0,1,30,2,2,1,0,0,1,34.0,42.0,deux_roues,voiture,1,2,3,1,2
202200000852,2022-12-23 15:40:00,2022,12,23,15,40,74,74010,D16,45.918154,6.185839,Plein jour,Hors agglomération,Hors intersection,Pluie forte,Deux véhicules - frontale,3,2,2,0,2,3,2,0,1,70,2,6,4,0,2,0,50.0,50.0,voiture,voiture,1,1,1,3,1
202200000853,2022-09-23 12:25:00,2022,9,23,12,25,59,59507,SAINT VENANT CHARLES RUE,50.5997990535,3.0870348215,Plein jour,En agglomération,Hors intersection,Normale,Autre collision,7,2,2,0,1,1,1,0,1,50,1,2,1,0,0,1,72.0,,voiture,,1,2,1,1,6
202200000854,2022-03-23 12:25:00,2022,3,23,12,25,75,75116,ALLEE DU BORD DE L EAU,48.86843,2.235391,Plein jour,En agglomération,Hors intersection,Normale,Trois véhicules et plus - collisions multiples,4,2,2,0,1,1,1,0,1,30,3,3,2,0,0,1,56.0,52.0,voiture,utilitaire_camion,1,2,1,1,5
202200000855,2022-12-18 20:00:00,2022,12,18,20,0,74,74010,Avenue du petit port   alv,45.905199,6.150394,Nuit avec éclairage allumé,En agglomération,Hors intersection,Normale,Autre collision,3,2,2,1,1,1,1,0,1,50,1,2,1,0,1,0,23.0,,voiture,,5,2,1,1,6
202200000856,2022-10-19 08:00:00,2022,10,19,8,0,59,59350,MONTEBELLO BOULEVARD N° RESTE,50.62259,3.04483,Crépuscule ou aube,En agglomération,Hors intersection,Normale,Deux véhicules - arrière,4,3,4,1,1,1,1,0,1,30,2,3,1,0,0,2,43.0,23.0,voiture,voiture,2,2,1,1,2
202200000857,2022-03-24 17:10:00,2022,3,24,17,10,75,75115,RUE SAINT CHARLES,48.845767,2.284798,Plein jour,En agglomération,Hors intersection,Normale,Autre collision,4,1,1,0,1,1,1,0,4,30,1,2,1,0,0,1,82.0,,voiture,,1,2,1,1,6
202200000858,2022-11-30 12:40:00,2022,11,30,12,40,74,74010,pk 0 D38,45.843934,6.057723,Plein jour,Hors agglomération,Giratoire,Normale,Deux véhicules - côté,3,1,1,0,1,2,1,9,1,50,2,2,1,0,1,0,79.0,35.0,deux_roues,voiture,1,1,6,1,3
202200000859,2022-10-18 17:20:00,2022,10,18,17,20,56,56121,8 Rue de Carnel,47.740284,-3.368809,Plein jour,En agglomération,Intersection en X,Normale,Deux véhicules - côté,4,2,2,0,1,1,1,0,1,30,2,2,1,0,0,1,57.0,65.0,voiture,deux_roues,1,2,2,1,3
202200000860,2022-03-24 08:00:00,2022,3,24,8,0,75,75115,RUE MADEMOISELLE,48.842948,2.301676,Plein jour,En agglomération,Hors intersection,Normale,Autre collision,4,1,0,0,1,1,1,0,4,30,1,1,0,0,0,1,23.0,,deux_roues,,1,2,1,1,6
202200000861,2022-12-16 16:00:00,2022,12,16,16,0,93,93005,Rue du 11 Novembre / Rue Fernand Herbaut,48.93237,2.49497,Plein jour,En agglomération,Intersection en T,Normale,Autre collision,4,1,1,3,1,1,1,0,1,50,1,2,1,0,0,1,46.0,,transport_commun,,1,2,3,1,6
202200000862,2022-03-24 06:15:00,2022,3,24,6,15,75,75112,RUE DE BERCY,48.839121,2.380539,Crépuscule ou aube,En agglomération,Intersection en T,Normale,Autre collision,4,1,1,0,1,1,1,0,1,30,1,1,0,0,1,0,45.0,,deux_roues,,2,2,3,1,6
202200000863,2022-10-18 08:25:00,2022,10,18,8,25,56,56121,6 Rue François Toullec,47.73377,-3.37667,Crépuscule ou aube,En agglomération,Giratoire,Temps couvert,Deux véhicules - côté,3,2,2,0,1,1,2,5,1,50,2,2,1,0,0,1,25.0,79.0,deux_roues,voiture,2,2,6,8,3
202200000864,2022-03-24 19:30:00,2022,3,24,19,30,75,75111,AVENUE PHILIPPE AUGUSTE,48.855744,2.391362,Nuit avec éclairage allumé,En agglomération,Intersection en X,Normale,Deux véhicules - côté,4,2,2,1,1,1,1,0,1,30,2,2,1,0,0,1,46.0,17.0,voiture,deux_roues,5,2,2,1,3
202200000865,2022-10-19 15:40:00,2022,10,19,15,40,54,54395,BRIAND (RUE ARISTIDE),48.68235,6.16556,Plein jour,En agglomération,Intersection en X,Normale,Autre collision,4,1,2,0,1,1,1,0,1,50,1,2,1,0,0,1,71.0,,voiture,,1,2,2,1,6
202200000866,2022-10-19 08:20:00,2022,10,19,8,20,51,51454,avenue Nationale - la Neuvillette,49.2921398362,4.0024392307,Plein jour,En agglomération,Hors intersection,Normale,Deux véhicules - arrière,4,2,2,0,1,1,1,2,1,50,2,2,1,0,0,1,28.0,51.0,utilitaire_camion,voiture,1,2,1,1,2
202200000867,2022-10-17 20:05:00,2022,10,17,20,5,51,51454,place Aristide Briand,49.2571248014,4.0393048525,Nuit avec éclairage allumé,En agglomération,Giratoire,Pluie légère,Sans collision,4,1,2,0,1,1,2,0,1,50,1,2,1,0,1,0,23.0,,utilitaire_camion,,5,2,6,2,7
202200000868,2022-10-19 08:59:00,2022,10,19,8,59,49,49007,MEIGNANNE,47.48179,-0.57547,Plein jour,En agglomération,Hors intersection,Normale,Autre collision,4,2,2,0,1,1,1,0,1,50,1,2,1,0,0,1,64.0,,voiture,,1,2,1,1,6
202200000869,2022-03-24 13:30:00,2022,3,24,13,30,75,75111,RUE DU CHEMIN VERT,48.860714,2.379951,Plein jour,En agglomération,Intersection en T,Normale,Autre collision,4,1,1,2,2,1,1,0,1,30,1,2,1,0,0,1,,,deux_roues,,1,2,3,1,6
202200000870,2022-10-19 08:21:00,2022,10,19,8,21,45,45234,29 Boulevard Alexandre Martin,47.905499,1.909454,Crépuscule ou aube,En agglomération,Hors intersection,Normale,Trois véhicules et plus - en chaîne,4,1,3,1,1,1,1,5,1,50,3,3,2,0,0,1,28.0,52.0,voiture,deux_roues,2,2,1,1,4
202200000871,2022-12-18 23:50:00,2022,12,18,23,50,21,21459,D959,47.438487,5.290689,Nuit sans éclairage public,Hors agglomération,Hors intersection,Normale,Sans collision,3,2,2,0,1,1,7,0,3,90,1,1,0,0,1,0,20.0,,voiture,,3,1,1,1,7
202200000872,2022-10-19 07:10:00,2022,10,19,7,10,45,45075,31 Route de Blois,47.885683,1.826318,Nuit avec éclairage allumé,En agglomération,Hors intersection,Normale,Autre collision,3,2,2,0,1,1,1,0,1,50,1,2,1,0,0,1,56.0,,voiture,,5,2,1,1,6
202200000873,2022-10-19 07:15:00,2022,10,19,7,15,45,45004,258 Rue du Vernisson ,47.980225,2.729503,Nuit avec éclairage allumé,En agglomération,Giratoire,Normale,Autre collision,4,2,1,0,2,1,1,8,1,50,1,1,0,0,0,1,61.0,,deux_roues,,5,2,6,1,6
202200000874,2022-06-07 19:05:00,2022,6,7,19,5,73,73065,D10 Av des Landiers,45.592579,5.902199,Crépuscule ou aube,Hors agglomération,Intersection en T,Normale,Deux véhicules - frontale,3,2,2,2,1,1,1,5,1,70,2,2,1,0,0,1,60.0,22.0,voiture,deux_roues,2,1,3,1,1
202200000875,2022-10-19 19:00:00,2022,10,19,19,0,44,44162,N844 ,47.21699,-1.62488,Crépuscule ou aube,Hors agglomération,Hors intersection,Normale,Deux véhicules - arrière,2,1,6,0,1,1,1,3,1,90,2,2,1,0,0,1,56.0,22.0,deux_roues,voiture,2,1,1,1,2
202200000876,2022-10-23 18:15:00,2022,10,23,18,15,38,38544,LAFAYETTE(RUE),45.527,4.898,Crépuscule ou aube,En agglomération,Hors intersection,Pluie légère,Autre collision,3,2,2,0,1,1,2,0,1,50,1,3,2,0,1,0,49.0,,voiture,,2,2,1,2,6
202200000877,2022-10-14 22:35:00,2022,10,14,22,35,38,38544,JEAN JAURES(QUAI),45.5263,4.8726,Nuit avec éclairage allumé,En agglomération,Hors intersection,Normale,Autre collision,2,3,4,0,1,1,1,0,6,50,1,2,1,0,1,0,82.0,,voiture,,5,2,1,1,6
202200000878,2022-10-19 20:40:00,2022,10,19,20,40,38,38185,AVENUE DES JEUX OLYMPIQUES,45.17388,5.742,Nuit avec éclairage allumé,En agglomération,Intersection en T,Normale,Deux véhicules - côté,4,2,2,0,1,3,1,0,1,50,2,2,1,0,0,1,60.0,13.0,voiture,deux_roues,5,2,3,1,3
202200000879,2022-10-19 21:50:00,2022,10,19,21,50,35,35238,VITRE (BLD DE),48.12362,-1.65141,Nuit avec éclairage allumé,En agglomération,Hors intersection,Normale,Autre collision,4,2,2,0,1,1,1,0,1,50,1,1,0,0,1,0,17.0,,deux_roues,,5,2,1,1,6
202200000880,2022-10-14 22:05:00,2022,10,14,22,5,38,38544,ST MARCEL(MONTEE),45.5209,4.88337,Nuit sans éclairage public,En agglomération,Hors intersection,Normale,Deux véhicules - côté,3,2,2,0,2,1,1,0,1,50,1,2,1,0,1,0,21.0,,voiture,,3,2,1,1,3
202200000881,2022-10-19 11:14:00,2022,10,19,11,14,33,33063,Cours Xavier Arnozan,44.8489993701,-0.5733034015,Plein jour,En agglomération,Hors intersection,Normale,Autre collision,4,3,2,0,1,1,1,0,1,30,1,2,1,0,0,1,32.0,,utilitaire_camion,,1,2,1,1,6
202200000882,2022-10-14 18:00:00,2022,10,14,18,0,38,38544,CD 41,45.51347,4.92104,Crépuscule ou aube,Hors agglomération,Autre intersection,Temps couvert,Autre collision,3,2,2,0,2,2,2,0,3,70,1,1,0,0,0,1,33.0,,utilitaire_camion,,2,1,9,8,6
202200000883,2022-10-19 08:00:00,2022,10,19,8,0,33,33162,AVE DU TAILLAN-MEDOC,44.8796107949,-0.6472894549,Plein jour,En agglomération,Intersection en X,Normale,Deux véhicules - côté,4,2,4,1,1,1,1,0,1,50,2,3,1,0,1,1,40.0,57.0,voiture,deux_roues,1,2,2,1,3
202200000884,2022-09-28 14:45:00,2022,9,28,14,45,38,38053,Rue de l’Hôtel de Ville,45.59177,5.28517,Plein jour,En agglomération,Intersection en X,Normale,Deux véhicules - côté,4,2,4,0,1,1,1,0,1,50,2,3,1,0,0,2,42.0,37.0,voiture,voiture,1,2,2,1,3
202200000885,2022-10-19 08:15:00,2022,10,19,8,15,31,31555,BD LAZARE CARNOT,43.604818,1.449454,Plein jour,En agglomération,Intersection en T,Temps couvert,Deux véhicules - côté,4,2,4,3,1,1,1,0,1,50,2,2,1,0,1,0,41.0,21.0,voiture,deux_roues,1,2,3,8,3
202200000886,2022-09-07 17:15:00,2022,9,7,17,15,38,38053,Avenue Maréchal Leclerc,45.58816,5.2815,Plein jour,En agglomération,Hors intersection,Pluie forte,Deux véhicules - frontale,4,3,4,0,1,1,2,0,1,50,2,2,1,0,1,0,90.0,85.0,voiture,deux_roues,1,2,1,3,1
202200000887,2022-10-19 20:30:00,2022,10,19,20,30,29,29232,41 Rue de Kerfeunteun,48.00071,-4.100909,Nuit avec éclairage allumé,En agglomération,Hors intersection,Normale,Deux véhicules - frontale,4,2,2,0,1,1,1,0,1,50,2,2,0,0,0,2,45.0,39.0,voiture,voiture,5,2,1,1,1
202200000888,2022-08-24 06:35:00,2022,8,24,6,35,38,38053,D 1006,45.59609,5.24094,Nuit avec éclairage allumé,Hors agglomération,Intersection en X,Normale,Deux véhicules - côté,3,1,3,0,1,1,1,0,1,90,2,2,0,0,1,1,58.0,26.0,voiture,deux_roues,5,1,2,1,3
202200000889,2022-10-16 15:40:00,2022,10,16,15,40,29,29019,rue Duquesne,48.39131,-4.48831,Plein jour,En agglomération,Giratoire,Pluie légère,Deux véhicules - frontale,4,1,2,0,2,1,2,5,1,50,2,2,1,0,0,1,33.0,20.0,autre,utilitaire_camion,1,2,6,2,1
202200000890,2022-07-05 18:25:00,2022,7,5,18,25,38,38053,ITALIE (AVE),45.58463,5.27652,Plein jour,En agglomération,Hors intersection,Normale,Deux véhicules - côté,3,3,4,0,1,1,1,9,1,50,2,2,1,0,0,1,72.0,59.0,deux_roues,voiture,1,2,1,1,3
202200000891,2022-10-19 16:55:00,2022,10,19,16,55,28,28134,ORLEANS (RUE D'),48.73726,1.36662,Plein jour,En agglomération,Autre intersection,Normale,Deux véhicules - frontale,4,1,1,0,1,1,1,0,4,30,1,2,0,0,0,2,35.0,,voiture,,1,2,9,1,1
202200000892,2022-10-18 14:20:00,2022,10,18,14,20,19,19031,SAULE (AVENUE ANDRE),45.16374,1.54048,Plein jour,En agglomération,Intersection en X,Normale,Autre collision,4,1,2,0,1,1,1,0,1,50,1,2,1,0,1,0,58.0,,utilitaire_camion,,1,2,2,1,6
202200000893,2022-03-26 02:00:00,2022,3,26,2,0,38,38053,PONTCOTTIER,45.5847,5.28556,Nuit avec éclairage allumé,En agglomération,Hors intersection,Normale,Deux véhicules - arrière,3,1,1,0,1,1,1,5,1,50,2,3,2,0,0,1,24.0,26.0,voiture,deux_roues,5,2,1,1,2
202200000894,2022-02-11 16:00:00,2022,2,11,16,0,38,38053,BARBUSSE,45.59082,5.27161,Plein jour,En agglomération,Hors intersection,Normale,Autre collision,4,1,1,3,1,1,1,9,1,50,1,2,1,0,0,1,62.0,,transport_commun,,1,2,1,1,6
202200000895,2022-10-17 19:40:00,2022,10,17,19,40,19,19031,,45.16198,1.53106,Nuit avec éclairage allumé,En agglomération,Intersection en X,Normale,Deux véhicules - côté,4,1,1,0,1,1,1,0,1,30,2,2,1,0,0,1,42.0,21.0,deux_roues,deux_roues,5,2,2,1,3
202200000896,2022-10-19 22:35:00,2022,10,19,22,35,17,17028,SABLES   CHEMIN DES,46.12463,-1.12441,Nuit sans éclairage public,Hors agglomération,Hors intersection,Pluie légère,Sans collision,4,1,1,0,1,2,2,0,1,50,1,1,0,0,0,1,52.0,,deux_roues,,3,1,1,2,7
202200000897,2022-11-21 17:50:00,2022,11,21,17,50,88,88218,Lieu-dit 'Petempre',48.122925,6.837466,Nuit sans éclairage public,Hors agglomération,Hors intersection,Pluie forte,Autre collision,3,2,2,0,1,1,2,0,3,80,1,1,0,1,0,0,30.0,,voiture,,3,1,1,3,6
202200000898,2022-10-19 18:50:00,2022,10,19,18,50,13,13117,LONDRES (AVENUE DE),43.4272365061,5.2354753871,Plein jour,En agglomération,Intersection en X,Normale,Deux véhicules - côté,7,1,0,0,3,1,1,0,1,50,2,4,0,0,0,4,39.0,41.0,voiture,voiture,1,2,2,1,3
202200000899,2022-10-14 19:50:00,2022,10,14,19,50,60,60646,D901 Pk 5-11,49.479279,2.062941,Nuit sans éclairage public,Hors agglomération,Hors intersection,Pluie légère,Deux véhicules - arrière,3,3,2,0,2,2,2,0,1,90,2,6,2,0,0,4,50.0,19.0,voiture,voiture,3,1,1,2,2
202200000900,2022-10-19 15:40:00,2022,10,19,15,40,13,13117,STADIUM (CD9),43.4421804291,5.2957800278,Plein jour,En agglomération,Autre intersection,Normale,Deux véhicules - arrière,4,1,1,0,2,1,1,3,1,50,2,5,1,0,0,4,35.0,51.0,voiture,voiture,1,2,9,1,2
202200000901,2022-10-21 07:59:00,2022,10,21,7,59,29,29147,N165,47.8675599,-3.584593,Crépuscule ou aube,En agglomération,Giratoire,Pluie forte,Deux véhicules - côté,2,1,1,0,1,2,2,3,1,50,2,2,1,0,0,1,49.0,40.0,voiture,deux_roues,2,2,6,3,3
202200000902,2022-10-19 23:40:00,2022,10,19,23,40,13,13203,PLOMBIERES (BOULEVARD DES),43.32023,5.37732,Nuit avec éclairage allumé,Hors agglomération,Hors intersection,Normale,Deux véhicules - frontale,3,1,3,0,1,1,1,3,1,50,2,4,1,0,3,0,25.0,26.0,deux_roues,deux_roues,5,1,1,1,1
202200000903,2022-08-09 07:15:00,2022,8,9,7,15,22,22272,ZI de Bellevue,48.552573,-3.107597,Plein jour,Hors agglomération,Hors intersection,Normale,Deux véhicules - frontale,3,2,2,0,1,1,1,0,1,70,2,2,1,0,0,1,27.0,58.0,deux_roues,voiture,1,1,1,1,1
202200000904,2022-10-19 03:05:00,2022,10,19,3,5,12,12013,La Croix du Broual,44.5492220666,2.2519254684,Nuit avec éclairage allumé,Hors agglomération,Hors intersection,Normale,Autre collision,3,2,2,0,2,1,1,0,3,70,1,1,0,1,0,0,55.0,,voiture,,5,1,1,1,6
202200000905,2022-10-19 02:05:00,2022,10,19,2,5,06,06088,MERCANTOUR (BD),43.6728,7.20219,Nuit avec éclairage allumé,En agglomération,Hors intersection,Normale,Autre collision,7,3,2,0,1,2,1,0,1,50,1,3,2,0,1,0,37.0,,voiture,,5,2,1,1,6
202200000906,2022-12-21 18:15:00,2022,12,21,18,15,74,74012,THONON (ROUTE DE),46.19753,6.26716,Nuit avec éclairage allumé,Hors agglomération,Intersection en T,Temps couvert,Deux véhicules - côté,3,2,4,0,1,1,2,5,1,50,2,7,6,0,1,0,21.0,22.0,voiture,voiture,5,1,3,8,3
202200000907,2022-10-17 10:20:00,2022,10,17,10,20,06,06069,THIERS (AVENUE),43.66089,6.922527,Plein jour,En agglomération,Hors intersection,Normale,Autre collision,3,1,1,0,1,1,1,0,1,50,1,2,1,0,0,1,71.0,,voiture,,1,2,1,1,6
202200000908,2022-10-19 18:45:00,2022,10,19,18,45,06,06029,BACHAGA SAID BOUALAM (AVENUE),43.55369,7.01559,Crépuscule ou aube,En agglomération,Hors intersection,Normale,Autre collision,4,3,5,0,1,1,1,0,1,50,1,1,0,0,0,1,24.0,,deux_roues,,2,2,1,1,6
202200000909,2022-12-21 00:30:00,2022,12,21,0,30,74,74284,D907,46.135151,6.44228,Nuit sans éclairage public,Hors agglomération,Intersection en Y,Pluie légère,Deux véhicules - arrière,3,2,2,0,1,1,2,3,1,80,2,2,1,0,0,1,37.0,35.0,voiture,voiture,3,1,4,2,2
202200000910,2022-12-22 18:00:00,2022,12,22,18,0,74,74275,D909a,45.846739,6.214153,Nuit avec éclairage allumé,En agglomération,Hors intersection,Pluie légère,Deux véhicules - frontale,3,2,2,0,3,3,2,0,1,-1,2,2,1,0,0,1,63.0,52.0,voiture,voiture,5,2,1,2,1
202200000911,2022-05-15 19:37:00,2022,5,15,19,37,74,74311,Route du Fer-à-Cheval,46.144823,6.396886,Crépuscule ou aube,En agglomération,Hors intersection,Pluie légère,Deux véhicules - frontale,3,2,2,0,1,1,2,0,1,50,2,4,0,1,3,0,53.0,44.0,voiture,voiture,2,2,1,2,1
202200000912,2022-12-19 19:03:00,2022,12,19,19,3,74,74012,MASSENET (RUE),46.18755,6.24052,Nuit avec éclairage allumé,En agglomération,Hors intersection,Normale,Autre collision,4,2,1,0,1,1,1,0,8,30,1,2,1,0,0,1,22.0,,voiture,,5,2,1,1,6
202200000913,2022-05-13 16:15:00,2022,5,13,16,15,74,74096,Route des Bornes,46.048455,6.125629,Plein jour,Hors agglomération,Hors intersection,Normale,Autre collision,3,2,2,0,2,4,1,0,1,80,2,2,0,0,1,1,24.0,24.0,deux_roues,deux_roues,1,1,1,1,6
202200000914,2022-12-23 19:00:00,2022,12,23,19,0,74,74012,18 AOUT 44 (RUE DU),46.19292,6.25116,Nuit avec éclairage allumé,En agglomération,Hors intersection,Pluie forte,Autre collision,4,2,2,0,2,1,2,0,1,50,1,2,1,0,0,1,,,utilitaire_camion,,5,2,1,3,6
202200000915,2022-07-29 09:55:00,2022,7,29,9,55,45,45162,D22 PR 8 + 250,48.2082589618,2.1581976414,Plein jour,Hors agglomération,Intersection en T,Normale,Deux véhicules - frontale,3,2,2,0,1,1,1,0,1,80,2,2,1,0,1,0,59.0,40.0,deux_roues,voiture,1,1,3,1,1
202200000916,2022-12-18 20:30:00,2022,12,18,20,30,74,74172,CRETES (ROUTE DES),46.38614,6.64382,Nuit sans éclairage public,Hors agglomération,Hors intersection,Normale,Autre collision,3,2,2,0,2,1,2,0,3,80,1,1,0,1,0,0,30.0,,voiture,,3,1,1,1,6
202200000917,2022-07-23 23:30:00,2022,7,23,23,30,45,45051,D948 PR 27 + 223,47.826702,2.379613,Nuit sans éclairage public,Hors agglomération,Hors intersection,Normale,Autre collision,3,2,2,0,2,1,1,0,3,90,1,1,0,0,1,0,48.0,,voiture,,3,1,1,1,6
202200000918,2022-12-20 07:40:00,2022,12,20,7,40,74,74243,Route de cervonnex,46.133668,6.081957,Crépuscule ou aube,En agglomération,Intersection en T,Normale,Deux véhicules - côté,3,2,2,0,2,2,1,0,1,50,2,2,1,0,1,0,51.0,39.0,voiture,deux_roues,2,2,3,1,3
202200000919,2022-07-07 15:30:00,2022,7,7,15,30,45,45155,Place Foch,47.681231,2.630219,Plein jour,En agglomération,Giratoire,Normale,Deux véhicules - frontale,3,2,2,0,2,1,1,0,1,50,2,4,2,0,1,1,67.0,49.0,voiture,voiture,1,2,6,1,1
202200000920,2022-04-29 16:50:00,2022,4,29,16,50,62,62040,D942,50.718347,2.325642,Plein jour,Hors agglomération,Intersection en X,Normale,Deux véhicules - côté,3,3,2,0,1,1,1,0,1,70,2,2,1,0,1,0,51.0,19.0,utilitaire_camion,deux_roues,1,1,2,1,3