accident_id,datetime,annee,mois,jour,heure,minute,departement,commune_insee,adresse,latitude,longitude,luminosite,agglomeration,intersection,meteo,collision,catr,circ,nbv,vosp,prof,plan,surf,infra,situ,vma,nb_vehicules,nb_usagers,nb_indemnes,nb_tues,nb_blesses_hosp,nb_blesses_legers,age_cond_1,age_cond_2,veh_type_cond_1,veh_type_cond_2,lum_code,agg_code,int_code,atm_code,col_code
202200000921,2022-12-18 16:10:00,2022,12,18,16,10,74,74305,THOUVENEL (RUE),46.20153,6.24554,Plein jour,En agglomération,Hors intersection,Normale,Deux véhicules - côté,4,1,1,0,1,1,1,0,1,50,2,2,1,0,0,1,44.0,13.0,voiture,deux_roues,1,2,1,1,3
202200000922,2022-12-17 11:50:00,2022,12,17,11,50,74,74118,LIBERATION (ROUTE DE LA),46.17787,6.23456,Plein jour,Hors agglomération,Hors intersection,Temps couvert,Deux véhicules - côté,3,2,2,0,2,2,2,2,1,50,2,2,1,0,0,1,30.0,37.0,deux_roues,voiture,1,1,1,8,3
202200000923,2022-07-20 22:00:00,2022,7,20,22,0,69,69266,Avenue Roger Salengro,45.78189,4.88834,Nuit avec éclairage allumé,En agglomération,Hors intersection,Normale,Deux véhicules - arrière,4,2,2,3,1,1,1,0,1,50,2,5,3,0,0,2,22.0,52.0,voiture,voiture,5,2,1,1,2
202200000924,2022-12-15 19:32:00,2022,12,15,19,32,74,74012,ANNEXION (RUE DE L'),46.18629,6.23642,Nuit avec éclairage allumé,En agglomération,Intersection en T,Pluie forte,Autre collision,4,2,2,0,1,1,2,0,1,50,1,2,1,0,0,1,52.0,,voiture,,5,2,3,3,6
202200000925,2022-12-14 12:00:00,2022,12,14,12,0,74,74281,DE GAULLE (AV DU GAL) APRES N°26,46.3634,6.46873,Plein jour,En agglomération,Hors intersection,Temps couvert,Autre collision,4,3,3,3,1,1,1,0,1,50,1,2,1,0,1,0,,,voiture,,1,2,1,8,6
202200000926,2022-12-09 08:00:00,2022,12,9,8,0,74,74026,Route de choisy,45.97195,6.05204,Crépuscule ou aube,En agglomération,Hors intersection,Neige / grêle,Autre collision,3,2,2,0,1,1,5,0,8,50,1,2,1,0,1,0,51.0,,voiture,,2,2,1,4,6
202200000927,2022-05-23 15:45:00,2022,5,23,15,45,39,39198,,47.107724,5.48343,Plein jour,Hors agglomération,Hors intersection,Normale,Deux véhicules - frontale,3,2,2,0,1,1,1,0,1,80,2,2,0,0,1,1,30.0,22.0,utilitaire_camion,utilitaire_camion,1,1,1,1,1
202200000928,2022-12-05 09:00:00,2022,12,5,9,0,74,74010,CRAN (AVENUE DE),45.90543,6.11963,Plein jour,En agglomération,Intersection en T,Temps couvert,Deux véhicules - arrière,4,2,4,2,1,1,2,0,5,30,2,2,1,0,0,1,60.0,67.0,voiture,deux_roues,1,2,3,8,2
202200000929,2022-05-11 12:35:00,2022,5,11,12,35,39,39198,115 Avenue de Lattre de Tassigny,47.11157,5.50027,Plein jour,En agglomération,Intersection en T,Normale,Deux véhicules - côté,3,2,2,0,1,1,1,5,1,50,2,2,1,0,1,0,22.0,33.0,deux_roues,voiture,1,2,3,1,3
202200000930,2022-10-24 06:20:00,2022,10,24,6,20,74,74178,D910,45.952627,5.918734,Nuit sans éclairage public,Hors agglomération,Hors intersection,Pluie forte,Deux véhicules - côté,3,2,2,0,1,1,2,0,1,80,2,2,0,0,1,1,36.0,25.0,voiture,voiture,3,1,1,3,3
202200000931,2022-05-27 14:55:00,2022,5,27,14,55,67,67152,Route Nationale 83,48.52771,7.69434,Plein jour,Hors agglomération,Hors intersection,Normale,Deux véhicules - arrière,7,3,2,0,1,1,1,0,1,90,2,3,0,0,0,3,23.0,50.0,utilitaire_camion,utilitaire_camion,1,1,1,1,2
202200000932,2022-11-24 08:20:00,2022,11,24,8,20,74,74010,PLAINE (AVENUE DE LA),45.91619,6.1286,Plein jour,En agglomération,Giratoire,Temps couvert,Deux véhicules - côté,4,2,2,2,1,1,1,0,1,30,2,2,1,0,0,1,58.0,32.0,transport_commun,deux_roues,1,2,6,8,3
202200000933,2022-05-03 08:35:00,2022,5,3,8,35,67,67447,M35,48.60124,7.73398,Plein jour,Hors agglomération,Hors intersection,Normale,Trois véhicules et plus - en chaîne,7,3,3,0,1,1,1,0,1,70,3,3,2,0,0,1,48.0,60.0,voiture,utilitaire_camion,1,1,1,1,4
202200000934,2022-10-31 14:45:00,2022,10,31,14,45,62,62225,D209,50.774703,2.352594,Plein jour,Hors agglomération,Hors intersection,Temps couvert,Autre collision,3,2,2,0,1,1,1,0,8,70,1,1,0,0,1,0,32.0,,voiture,,1,1,1,8,6
202200000935,2022-10-10 10:21:00,2022,10,10,10,21,976,97611,tsoundzou-Kadjifouni ( rue ),-12.80645,45.20832,Plein jour,En agglomération,Hors intersection,Pluie légère,Sans collision,2,2,2,0,1,1,2,0,1,50,1,1,0,0,0,1,30.0,,deux_roues,,1,2,1,2,7
202200000936,2022-10-09 15:00:00,2022,10,9,15,0,62,62765,Rue d'Arras,50.745074,2.258993,Plein jour,En agglomération,Giratoire,Normale,Deux véhicules - côté,4,2,4,0,1,1,1,0,1,30,2,3,2,0,1,0,25.0,68.0,voiture,deux_roues,1,2,6,1,3
202200000937,2022-10-10 17:00:00,2022,10,10,17,0,973,97302,CABASSOU (ROUTE DE),4.9192337946,-52.3176026344,Plein jour,En agglomération,Intersection en T,Normale,Autre collision,3,2,2,0,1,1,1,0,5,50,1,2,0,0,0,2,38.0,,deux_roues,,1,2,3,1,6
202200000938,2022-10-10 09:40:00,2022,10,10,9,40,973,97302,FELIX EBOUE(ROCADE),4.9306766101,-52.3136624694,Plein jour,En agglomération,Hors intersection,Pluie légère,Deux véhicules - côté,3,2,2,0,1,1,2,0,1,50,2,2,1,0,0,1,53.0,81.0,deux_roues,voiture,1,2,1,2,3
202200000939,2022-10-10 09:34:00,2022,10,10,9,34,973,97302,ROUTE NATIONALE 1,4.9215872217,-52.3297584057,Plein jour,Hors agglomération,Hors intersection,Normale,Autre collision,2,1,4,0,1,1,1,0,1,90,1,1,0,0,0,1,53.0,,deux_roues,,1,1,1,1,6
202200000940,2022-11-30 18:15:00,2022,11,30,18,15,80,80187,D1001,49.971277,2.154973,Nuit sans éclairage public,Hors agglomération,Hors intersection,Normale,Trois véhicules et plus - collisions multiples,3,2,2,0,1,1,2,0,1,80,4,4,3,0,0,1,26.0,83.0,voiture,voiture,3,1,1,1,5
202200000941,2022-10-10 22:14:00,2022,10,10,22,14,973,97309,TIGRE (ROUTE DU),4.91474,-52.31011,Plein jour,En agglomération,Hors intersection,Pluie légère,Sans collision,3,2,2,0,1,1,2,0,8,50,1,1,0,0,0,1,49.0,,utilitaire_camion,,1,2,1,2,7
202200000942,2022-12-21 20:41:00,2022,12,21,20,41,54,54451,LONGWY (RUE DE),49.50724,5.75478,Nuit avec éclairage allumé,En agglomération,Hors intersection,Pluie légère,Deux véhicules - frontale,3,2,2,0,1,1,2,0,1,50,2,2,1,0,0,1,27.0,25.0,voiture,voiture,5,2,1,2,1
202200000943,2022-10-10 19:35:00,2022,10,10,19,35,69,69387,Rue Félix Brun,45.73984,4.83312,Plein jour,En agglomération,Intersection en X,Normale,Deux véhicules - côté,4,2,2,0,1,1,1,0,1,50,2,2,1,0,0,1,41.0,22.0,deux_roues,utilitaire_camion,1,2,2,1,3
202200000944,2022-10-10 12:15:00,2022,10,10,12,15,69,69386,Boulevard des Belges,45.77007,4.85698,Plein jour,En agglomération,Intersection en T,Normale,Deux véhicules - côté,4,2,2,3,1,1,1,0,1,50,2,2,1,0,1,0,39.0,56.0,deux_roues,voiture,1,2,3,1,3
202200000945,2022-10-10 10:10:00,2022,10,10,10,10,972,97213,ROUTE DEPARTEMENTALE 13,14.631947,-61.031559,Plein jour,Hors agglomération,Hors intersection,Normale,Deux véhicules - frontale,3,2,2,0,3,3,1,0,1,50,2,2,1,0,1,0,22.0,70.0,deux_roues,voiture,1,1,1,1,1
202200000946,2022-11-27 21:38:00,2022,11,27,21,38,38,38053,D 1006,45.59214,5.25123,Nuit sans éclairage public,Hors agglomération,Hors intersection,Normale,Deux véhicules - arrière,3,3,4,0,1,1,1,0,1,70,2,2,1,0,1,0,19.0,41.0,deux_roues,voiture,3,1,1,1,2
202200000947,2022-10-10 13:15:00,2022,10,10,13,15,972,97209,RD 13,14.61504,-61.05138,Plein jour,En agglomération,Hors intersection,Pluie légère,Deux véhicules - côté,3,2,4,0,1,1,2,0,1,50,2,2,1,0,0,1,32.0,52.0,deux_roues,voiture,1,2,1,2,3
202200000948,2022-10-10 14:00:00,2022,10,10,14,0,971,97101,Secteur Pont de la Gabarre,16.2530082798,-61.5460002422,Plein jour,En agglomération,Hors intersection,Normale,Trois véhicules et plus - en chaîne,2,3,4,0,1,1,1,0,1,90,4,5,0,0,0,5,55.0,68.0,voiture,voiture,1,2,1,1,4
202200000949,2022-10-08 05:15:00,2022,10,8,5,15,971,97113,Pont de BLANCHARD,16.2229916145,-61.5234053135,Crépuscule ou aube,Hors agglomération,Hors intersection,Normale,Autre collision,2,3,2,0,1,2,1,5,1,50,1,1,0,0,1,0,23.0,,deux_roues,,2,1,1,1,6
202200000950,2022-10-09 15:20:00,2022,10,9,15,20,95,95018,Avenue Gabriel Peri,48.9429556402,2.2522696853,Plein jour,En agglomération,Intersection en T,Normale,Trois véhicules et plus - collisions multiples,3,2,4,0,1,1,1,0,1,50,3,3,1,0,1,1,26.0,20.0,voiture,voiture,1,2,3,1,5
202200000951,2022-10-10 13:30:00,2022,10,10,13,30,91,91421,NATIONALE 6 (CES POMPIDOU),48.71224,2.44211,Plein jour,Hors agglomération,Hors intersection,Normale,Deux véhicules - arrière,3,3,2,0,1,1,1,0,1,90,2,2,1,0,0,1,33.0,28.0,voiture,voiture,1,1,1,1,2
202200000952,2022-10-07 23:09:00,2022,10,7,23,9,87,87085,DE GAULLE (AVENUE DU GENERAL),45.83334,1.26516,Nuit avec éclairage allumé,En agglomération,Hors intersection,Normale,Deux véhicules - arrière,4,2,2,0,1,1,1,0,1,30,2,3,2,0,0,1,23.0,20.0,deux_roues,voiture,5,2,1,1,2
202200000953,2022-10-07 18:27:00,2022,10,7,18,27,87,87085,MAUVENDIERE (RUE DE LA),45.83311,1.24851,Plein jour,En agglomération,Hors intersection,Normale,Autre collision,4,2,2,0,1,1,1,0,1,30,1,2,1,0,1,0,73.0,,voiture,,1,2,1,1,6
202200000954,2022-10-08 17:55:00,2022,10,8,17,55,85,85194,169 Bis Rue de la bauduère,46.506587,-1.78417861,Plein jour,En agglomération,Intersection en T,Normale,Deux véhicules - côté,4,1,1,0,1,1,1,0,1,50,2,2,1,0,0,1,44.0,47.0,voiture,voiture,1,2,3,1,3
202200000955,2022-10-10 07:50:00,2022,10,10,7,50,83,83137,INFANTERIE DE MARINE (AVE D'),43.11393,5.93515,Plein jour,En agglomération,Hors intersection,Normale,Deux véhicules - frontale,4,3,4,1,1,1,1,0,5,50,2,2,1,0,0,1,50.0,33.0,deux_roues,voiture,1,2,1,1,1
202200000956,2022-10-10 22:50:00,2022,10,10,22,50,83,83069,GIENS (ROUTE DE ),43.08082,6.14991,Nuit avec éclairage allumé,En agglomération,Hors intersection,Normale,Deux véhicules - frontale,7,2,2,0,1,1,1,0,1,50,2,2,0,0,1,1,42.0,30.0,voiture,voiture,5,2,1,1,1
202200000957,2022-10-10 21:10:00,2022,10,10,21,10,78,78418,GABRIEL PERI (AVENUE),48.92978,2.14396,Nuit sans éclairage public,En agglomération,Hors intersection,Normale,Autre collision,3,3,4,0,1,1,1,0,1,50,1,2,1,0,0,1,20.0,,voiture,,3,2,1,1,6
202200000958,2022-10-10 20:15:00,2022,10,10,20,15,78,78440,VEUVE FLEURET (RUE),48.991286,1.908601,Nuit avec éclairage allumé,En agglomération,Hors intersection,Normale,Autre collision,4,1,1,1,1,1,1,2,1,50,1,2,1,0,0,1,20.0,,voiture,,5,2,1,1,6
202200000959,2022-10-10 18:30:00,2022,10,10,18,30,78,78401,RHIN ET DANUBE (PONT),49.000094,1.907426,Plein jour,En agglomération,Hors intersection,Normale,Deux véhicules - arrière,3,2,2,0,1,1,1,2,1,50,2,2,1,0,0,1,43.0,47.0,voiture,voiture,1,2,1,1,2
202200000960,2022-10-10 17:10:00,2022,10,10,17,10,78,78624,FRERES LEIRIS RUE DES,48.995086,2.019188,Crépuscule ou aube,En agglomération,Hors intersection,Normale,Deux véhicules - frontale,3,2,2,0,1,1,1,0,8,50,2,2,1,0,0,1,29.0,43.0,voiture,voiture,2,2,1,1,1
202200000961,2022-10-10 07:45:00,2022,10,10,7,45,77,77058,BOULEVARD PIERRE MENDES FRANCE,48.836619,2.708008,Plein jour,En agglomération,Hors intersection,Normale,Autre collision,4,-1,0,0,1,1,1,0,1,10,1,2,1,0,0,1,53.0,,voiture,,1,2,1,1,6
202200000962,2022-10-10 09:10:00,2022,10,10,9,10,76,76540,Boulevard de l'Yser,49.44764,1.09758,Plein jour,En agglomération,Intersection en T,Normale,Deux véhicules - côté,7,2,3,3,2,1,1,-1,6,50,2,2,1,0,0,1,24.0,29.0,utilitaire_camion,deux_roues,1,2,3,1,3
202200000963,2022-10-09 15:15:00,2022,10,9,15,15,76,76351,APLEMONT (D'),49.50541,0.16933,Plein jour,En agglomération,Intersection en X,Normale,Deux véhicules - côté,4,2,5,2,1,1,1,0,1,50,2,2,1,0,1,0,,39.0,voiture,deux_roues,1,2,2,1,3
202200000964,2022-10-06 18:25:00,2022,10,6,18,25,76,76351,RD 6015,49.50048,0.18036,Plein jour,Hors agglomération,Hors intersection,Normale,Trois véhicules et plus - en chaîne,3,3,3,0,1,1,1,0,1,70,3,9,6,0,0,3,27.0,39.0,voiture,voiture,1,1,1,1,4
202200000965,2022-10-10 10:45:00,2022,10,10,10,45,76,76217,BOURSE (ARCADES DE LA),49.92681,1.07964,Plein jour,En agglomération,Autre intersection,Normale,Autre collision,4,1,2,0,1,1,1,9,8,30,1,2,1,0,0,1,24.0,,voiture,,1,2,9,1,6
202200000966,2022-10-10 17:45:00,2022,10,10,17,45,69,69259,12 Avenue Maurice Thorez,45.699566673,4.8621089742,Plein jour,En agglomération,Autre intersection,Normale,Deux véhicules - côté,4,2,2,3,2,3,1,0,1,50,2,3,1,0,0,1,,22.0,deux_roues,voiture,1,2,9,1,3
202200000967,2022-10-08 18:45:00,2022,10,8,18,45,67,67447,ERSTEIN (RUE D ),48.61066,7.73389,Crépuscule ou aube,En agglomération,Intersection en T,Normale,Deux véhicules - côté,7,2,4,3,1,1,1,0,1,50,2,2,1,0,0,1,24.0,26.0,voiture,deux_roues,2,2,3,1,3
202200000968,2022-10-07 18:05:00,2022,10,7,18,5,67,67482,ILL (RUE DE L ),48.61294,7.7686,Crépuscule ou aube,En agglomération,Hors intersection,Normale,Trois véhicules et plus - en chaîne,4,3,6,1,1,1,1,0,1,50,4,5,2,0,1,2,64.0,31.0,utilitaire_camion,voiture,2,2,1,1,4
202200000969,2022-09-15 17:39:00,2022,9,15,17,39,49,49355,la malnodiere,47.138972,-0.793118,Plein jour,Hors agglomération,Hors intersection,Normale,Deux véhicules - côté,4,2,2,0,4,1,1,0,1,90,2,2,1,0,1,0,58.0,46.0,voiture,deux_roues,1,1,1,1,3
202200000970,2022-09-18 16:04:00,2022,9,18,16,4,49,49355,D960,47.099402,-0.777411,Plein jour,Hors agglomération,Hors intersection,Normale,Deux véhicules - côté,3,2,3,0,1,1,1,0,1,90,2,5,2,0,3,0,33.0,57.0,voiture,voiture,1,1,1,1,3
202200000971,2022-09-18 23:30:00,2022,9,18,23,30,81,81075,Route de Lautrec,43.648521,2.102026,Nuit sans éclairage public,En agglomération,Hors intersection,Normale,Autre collision,3,2,2,0,1,1,1,0,1,50,1,1,0,0,1,0,25.0,,utilitaire_camion,,3,2,1,1,6
202200000972,2022-09-17 18:30:00,2022,9,17,18,30,28,28219,Autoroute A11 PK 103+000,48.232577,1.03529,Plein jour,Hors agglomération,Hors intersection,Normale,Autre collision,1,-1,5,0,1,1,1,3,3,130,1,2,0,0,1,1,79.0,,voiture,,1,1,1,1,6
202200000973,2022-09-19 12:30:00,2022,9,19,12,30,51,51217,Rue du General Leclerc,49.075776,3.639477,Plein jour,En agglomération,Intersection en X,Normale,Deux véhicules - côté,4,2,2,0,1,1,1,0,1,50,2,2,1,0,0,1,18.0,78.0,deux_roues,voiture,1,2,2,1,3
202200000974,2022-09-18 19:15:00,2022,9,18,19,15,14,14347,D577,48.980499,-0.754323,Crépuscule ou aube,Hors agglomération,Hors intersection,Normale,Autre collision,3,2,3,0,2,2,1,0,3,90,1,1,0,1,0,0,54.0,,voiture,,2,1,1,1,6
202200000975,2022-09-12 18:20:00,2022,9,12,18,20,68,68043,53 Rue de Staffelfelden,47.856305,7.260686,Plein jour,En agglomération,Hors intersection,Normale,Deux véhicules - frontale,3,2,2,0,1,1,1,0,1,50,2,2,1,0,1,0,37.0,34.0,deux_roues,voiture,1,2,1,1,1
202200000976,2022-09-18 21:19:00,2022,9,18,21,19,72,72200,1 Boulevard des Avocats,47.882352,0.190898,Nuit sans éclairage public,Hors agglomération,Hors intersection,Normale,Deux véhicules - arrière,3,2,2,0,1,1,1,0,1,90,2,3,2,1,0,0,75.0,32.0,voiture,deux_roues,3,1,1,1,2
202200000977,2022-09-18 16:55:00,2022,9,18,16,55,14,14061,A84,49.0094710252,-0.8954139962,Plein jour,Hors agglomération,Hors intersection,Temps éblouissant,Autre collision,1,3,4,0,1,2,1,0,3,130,1,2,1,0,1,0,55.0,,voiture,,1,1,1,7,6
202200000978,2022-09-17 13:00:00,2022,9,17,13,0,62,62113,Intersection D82 D75E1,50.339462,2.523658,Plein jour,Hors agglomération,Intersection en X,Normale,Deux véhicules - côté,3,2,2,0,1,1,1,0,1,80,2,5,0,1,1,3,35.0,42.0,utilitaire_camion,voiture,1,1,2,1,3
202200000979,2022-09-13 17:30:00,2022,9,13,17,30,51,51576,D1,49.048642,4.11217,Plein jour,En agglomération,Autre intersection,Normale,Deux véhicules - côté,3,2,2,0,1,1,1,0,1,50,2,2,1,0,0,1,41.0,52.0,deux_roues,deux_roues,1,2,9,1,3
202200000980,2022-09-16 20:00:00,2022,9,16,20,0,19,19289,732 Route De Cabanis,45.2206141309,1.4106810093,Nuit sans éclairage public,Hors agglomération,Hors intersection,Normale,Sans collision,3,2,2,0,1,3,1,0,3,90,1,1,0,0,1,0,29.0,,voiture,,3,1,1,1,7
202200000981,2022-09-18 14:24:00,2022,9,18,14,24,67,67306,D191,48.515846,7.293726,Plein jour,Hors agglomération,Hors intersection,Normale,Trois véhicules et plus - collisions multiples,3,2,2,0,2,3,1,0,4,80,3,3,1,0,1,1,31.0,42.0,voiture,deux_roues,1,1,1,1,5
202200000982,2022-09-19 18:50:00,2022,9,19,18,50,76,76206,départementale 74,49.6644520314,0.2474284172,Crépuscule ou aube,Hors agglomération,Hors intersection,Normale,Deux véhicules - frontale,3,2,2,0,2,2,1,0,1,-1,2,2,0,0,2,0,55.0,19.0,voiture,voiture,2,1,1,1,1
202200000983,2022-09-18 10:40:00,2022,9,18,10,40,76,76141,D72,49.62186,0.425248,Plein jour,Hors agglomération,Hors intersection,Normale,Sans collision,3,2,2,0,2,2,1,0,3,80,1,1,0,0,1,0,48.0,,deux_roues,,1,1,1,1,7
202200000984,2022-09-19 07:50:00,2022,9,19,7,50,2A,2A269,Sarra di Poli,41.791001,9.396325,Plein jour,Hors agglomération,Hors intersection,Normale,Deux véhicules - arrière,2,2,2,0,1,1,1,0,1,80,2,4,3,0,1,0,41.0,42.0,utilitaire_camion,voiture,1,1,1,1,2
202200000985,2022-09-18 20:15:00,2022,9,18,20,15,65,65017,D173,42.754512,0.192518,Crépuscule ou aube,Hors agglomération,Hors intersection,Normale,Autre collision,3,2,2,0,2,2,1,0,1,80,1,1,0,0,1,0,35.0,,deux_roues,,2,1,1,1,6
202200000986,2022-09-18 18:20:00,2022,9,18,18,20,32,32197,Stauzis (Château),43.983548,0.27719,Plein jour,Hors agglomération,Hors intersection,Normale,Deux véhicules - frontale,3,2,2,0,1,1,1,0,1,80,2,3,2,0,1,0,58.0,40.0,voiture,voiture,1,1,1,1,1
202200000987,2022-09-18 02:00:00,2022,9,18,2,0,32,32072,Route Departementale 35,43.624396,0.27792,Nuit sans éclairage public,Hors agglomération,Hors intersection,Normale,Autre collision,3,2,2,0,1,1,1,0,8,80,1,1,0,0,1,0,51.0,,deux_roues,,3,1,1,1,6
202200000988,2022-09-18 17:45:00,2022,9,18,17,45,11,11038,,42.789527,2.122722,Plein jour,Hors agglomération,Hors intersection,Normale,Sans collision,3,2,2,0,2,2,1,0,3,80,1,1,0,0,1,0,76.0,,voiture,,1,1,1,1,7
202200000989,2022-09-19 09:20:00,2022,9,19,9,20,71,71187,rn80,46.744037,4.535551,Plein jour,Hors agglomération,Hors intersection,Normale,Trois véhicules et plus - en chaîne,2,3,4,0,2,1,1,0,1,110,3,3,1,0,1,1,54.0,33.0,voiture,utilitaire_camion,1,1,1,1,4
202200000990,2022-09-19 10:40:00,2022,9,19,10,40,71,71369,D974bis,46.913425,4.722383,Plein jour,Hors agglomération,Intersection en X,Normale,Deux véhicules - côté,3,2,2,0,4,3,1,0,1,80,2,3,1,0,0,2,77.0,31.0,voiture,utilitaire_camion,1,1,2,1,3
202200000991,2022-09-13 21:00:00,2022,9,13,21,0,89,89180,D369,48.158334,3.166669,Nuit sans éclairage public,Hors agglomération,Intersection en Y,Pluie légère,Autre collision,3,2,2,0,1,2,2,8,8,80,1,1,0,0,1,0,37.0,,voiture,,3,1,4,2,6
202200000992,2022-09-19 06:25:00,2022,9,19,6,25,42,42011,Rue de la République,45.818186,4.187382,Crépuscule ou aube,En agglomération,Passage à niveau,Normale,Deux véhicules - frontale,3,2,2,0,1,1,1,4,1,50,2,2,1,0,1,0,17.0,55.0,deux_roues,voiture,2,2,8,1,1
202200000993,2022-04-09 18:15:00,2022,4,9,18,15,34,34332,Chemin de l Arbre Blanc,43.29092,3.386992,Plein jour,Hors agglomération,Hors intersection,Normale,Deux véhicules - frontale,4,2,2,0,1,1,1,0,1,80,2,2,1,0,1,0,32.0,62.0,voiture,voiture,1,1,1,1,1
202200000994,2022-09-19 06:30:00,2022,9,19,6,30,39,39582,,46.759684,5.607549,Crépuscule ou aube,Hors agglomération,Hors intersection,Normale,Sans collision,3,2,2,0,2,3,1,0,8,80,1,1,0,1,0,0,30.0,,voiture,,2,1,1,1,7
202200000995,2022-09-18 16:00:00,2022,9,18,16,0,25,25422,14 Grande Rue,47.376774,6.730306,Plein jour,En agglomération,Hors intersection,Normale,Deux véhicules - côté,3,2,2,0,2,2,1,0,1,50,2,2,1,0,1,0,60.0,23.0,utilitaire_camion,deux_roues,1,2,1,1,3
202200000996,2022-09-18 19:10:00,2022,9,18,19,10,38,38039,D30,45.272969,5.842001,Plein jour,Hors agglomération,Hors intersection,Normale,Autre collision,3,2,2,0,2,2,1,0,1,90,1,1,0,1,0,0,33.0,,deux_roues,,1,1,1,1,6
202200000997,2022-09-18 09:55:00,2022,9,18,9,55,38,38249,D11,45.214689,5.825683,Plein jour,Hors agglomération,Hors intersection,Normale,Autre collision,3,2,2,1,1,1,1,0,1,80,2,2,0,0,2,0,33.0,77.0,deux_roues,deux_roues,1,1,1,1,6
202200000998,2022-09-18 11:30:00,2022,9,18,11,30,03,03084,Route du Montet,46.477798,2.85269,Plein jour,Hors agglomération,Hors intersection,Normale,Deux véhicules - côté,3,2,2,0,1,1,1,0,1,90,2,2,1,0,1,0,76.0,81.0,deux_roues,voiture,1,1,1,1,3
202200000999,2022-09-18 17:30:00,2022,9,18,17,30,01,01029,Route de Pirajoux,46.405152,5.268899,Plein jour,Hors agglomération,Intersection en X,Normale,Deux véhicules - côté,3,2,1,0,1,1,1,0,1,80,2,2,1,0,1,0,18.0,52.0,deux_roues,voiture,1,1,2,1,3
202200001000,2022-09-18 17:00:00,2022,9,18,17,0,26,26357,D75,44.281418,4.945736,Plein jour,Hors agglomération,Hors intersection,Vent fort / tempête,Sans collision,3,2,2,0,1,1,1,0,8,80,1,1,0,0,1,0,36.0,,deux_roues,,1,1,1,6,7
202200001001,2022-09-18 17:20:00,2022,9,18,17,20,83,83056,D54,43.547452,6.532654,Plein jour,Hors agglomération,Hors intersection,Normale,Autre collision,3,2,2,0,1,1,1,0,1,80,1,5,1,0,1,3,73.0,,voiture,,1,1,1,1,6
202200001002,2022-09-19 19:00:00,2022,9,19,19,0,60,60667,Rue des Moulins,49.310886,2.736685,Plein jour,En agglomération,Hors intersection,Normale,Sans collision,4,2,2,0,1,1,1,0,1,50,1,1,0,0,0,1,39.0,,deux_roues,,1,2,1,1,7
202200001003,2022-09-19 17:40:00,2022,9,19,17,40,43,43229,D590,45.061249064,3.7857594217,Plein jour,Hors agglomération,Hors intersection,Temps éblouissant,Deux véhicules - frontale,3,2,2,0,2,1,1,0,1,90,2,2,0,1,1,0,59.0,71.0,voiture,voiture,1,1,1,7,1
202200001004,2022-09-18 19:20:00,2022,9,18,19,20,43,43267,Rue du 19 Mars 1962,45.185621,3.910822,Plein jour,En agglomération,Hors intersection,Normale,Autre collision,4,2,2,0,1,1,1,2,3,50,1,1,0,1,0,0,24.0,,deux_roues,,1,2,1,1,6
202200001005,2022-09-19 07:50:00,2022,9,19,7,50,07,07005,,44.556304,4.604162,Plein jour,Hors agglomération,Hors intersection,Normale,Autre collision,3,2,2,0,1,1,1,0,1,80,1,1,0,0,1,0,49.0,,voiture,,1,1,1,1,6
202200001006,2022-09-19 09:25:00,2022,9,19,9,25,21,21554,1 Rue Monge,47.102575,5.263014,Plein jour,En agglomération,Intersection en T,Normale,Autre collision,3,2,2,0,1,1,1,0,1,50,1,2,1,0,1,0,72.0,,voiture,,1,2,3,1,6
202200001007,2022-09-18 16:50:00,2022,9,18,16,50,24,24220,D45,45.034093,0.817795,Plein jour,Hors agglomération,Intersection en T,Normale,Trois véhicules et plus - en chaîne,3,2,2,0,1,1,1,0,1,80,3,3,1,1,0,1,35.0,47.0,voiture,deux_roues,1,1,3,1,4
202200001008,2022-09-17 19:42:00,2022,9,17,19,42,27,27192,D840,49.155524,0.917187,Crépuscule ou aube,Hors agglomération,Giratoire,Normale,Sans collision,3,1,1,0,1,2,1,0,1,80,1,1,0,0,1,0,58.0,,deux_roues,,2,1,6,1,7
202200001009,2022-09-19 08:05:00,2022,9,19,8,5,27,27056,Route des Granges,49.093724,0.588713,Plein jour,En agglomération,Giratoire,Normale,Deux véhicules - côté,4,2,2,0,3,2,1,5,6,50,2,2,1,0,0,1,44.0,27.0,deux_roues,voiture,1,2,6,1,3
202200001010,2022-09-13 15:20:00,2022,9,13,15,20,28,28051,N10,48.183986,1.376402,Plein jour,Hors agglomération,Hors intersection,Normale,Sans collision,2,2,3,0,2,2,1,0,3,80,1,2,1,0,1,0,35.0,,voiture,,1,1,1,1,7
202200001011,2022-09-18 18:39:00,2022,9,18,18,39,37,37211,Le Moulin Brule,47.2429831181,0.8104884624,Plein jour,Hors agglomération,Intersection en X,Normale,Deux véhicules - côté,3,2,2,0,1,1,1,0,1,80,2,2,0,0,2,0,42.0,19.0,voiture,voiture,1,1,2,1,3
202200001012,2022-09-18 11:30:00,2022,9,18,11,30,37,37156,51 Allée des Quartes,47.381337,0.829287,Plein jour,En agglomération,Intersection en X,Normale,Deux véhicules - côté,4,2,2,0,1,1,1,0,1,50,2,2,1,0,1,0,23.0,15.0,voiture,deux_roues,1,2,2,1,3