accident_id,datetime,annee,mois,jour,heure,minute,departement,commune_insee,adresse,latitude,longitude,luminosite,agglomeration,intersection,meteo,collision,catr,circ,nbv,vosp,prof,plan,surf,infra,situ,vma,nb_vehicules,nb_usagers,nb_indemnes,nb_tues,nb_blesses_hosp,nb_blesses_legers,age_cond_1,age_cond_2,veh_type_cond_1,veh_type_cond_2,lum_code,agg_code,int_code,atm_code,col_code
202200001013,2022-09-18 16:00:00,2022,9,18,16,0,30,30241,D1144,43.953711,4.268768,Plein jour,Hors agglomération,Hors intersection,Normale,Deux véhicules - frontale,3,2,2,0,1,1,1,2,1,80,2,3,0,0,1,2,29.0,35.0,voiture,voiture,1,1,1,1,1
202200001014,2022-09-19 17:15:00,2022,9,19,17,15,24,24207,Route de Milhac,44.817224,1.299997,Plein jour,En agglomération,Intersection en T,Normale,Deux véhicules - frontale,4,2,2,0,1,3,1,0,1,-1,2,3,2,0,1,0,42.0,21.0,voiture,deux_roues,1,2,3,1,1
202200001015,2022-09-18 15:38:00,2022,9,18,15,38,03,03193,A71 PK 280+350,46.509711,2.627943,Plein jour,Hors agglomération,Hors intersection,Normale,Autre collision,1,3,4,0,4,2,1,0,1,130,1,1,0,0,1,0,75.0,,voiture,,1,1,1,1,6
202200001016,2022-09-19 15:00:00,2022,9,19,15,0,973,97309,Route de Rémire (rd2),4.906373,-52.273121,Plein jour,En agglomération,Hors intersection,Normale,Deux véhicules - côté,3,2,2,0,1,1,1,0,1,50,2,2,1,0,1,0,22.0,55.0,voiture,deux_roues,1,2,1,1,3
202200001017,2022-09-17 16:50:00,2022,9,17,16,50,01,01249,A42,45.815042,4.959919,Plein jour,Hors agglomération,Hors intersection,Normale,Deux véhicules - arrière,1,3,5,0,1,1,1,0,1,110,2,3,1,0,0,2,26.0,22.0,voiture,voiture,1,1,1,1,2
202200001018,2022-09-18 02:19:00,2022,9,18,2,19,37,37067,D17 - Route de Saché,47.2507178499,0.487818718,Nuit sans éclairage public,Hors agglomération,Hors intersection,Normale,Autre collision,3,2,2,0,1,1,1,0,3,80,1,1,0,0,0,1,38.0,,voiture,,3,1,1,1,6
202200001019,2022-09-17 03:50:00,2022,9,17,3,50,06,06161,"autoroute A8, pk 177.200 Nord",43.632573,7.122767,Nuit sans éclairage public,Hors agglomération,Hors intersection,Normale,Autre collision,1,1,3,0,1,2,1,0,1,110,1,1,0,1,0,0,44.0,,deux_roues,,3,1,1,1,6
202200001020,2022-09-17 20:00:00,2022,9,17,20,0,976,97602,Route départementale 2 DZOUMOGNE,-12.734477,45.118618,Nuit sans éclairage public,Hors agglomération,Hors intersection,Normale,Deux véhicules - frontale,3,2,2,0,2,2,1,0,1,70,2,3,2,0,0,1,31.0,31.0,voiture,voiture,3,1,1,1,1
202200001021,2022-09-19 11:59:00,2022,9,19,11,59,25,25405,D44,46.829991,6.339074,Plein jour,Hors agglomération,Intersection en Y,Normale,Deux véhicules - côté,3,2,2,0,1,3,1,5,1,70,2,2,1,1,0,0,21.0,86.0,utilitaire_camion,voiture,1,1,4,1,3
202200001022,2022-09-16 10:15:00,2022,9,16,10,15,974,97415,Route du Théâtre,-21.041208,55.224937,Plein jour,En agglomération,Hors intersection,Normale,Deux véhicules - côté,3,2,2,0,2,1,1,0,1,70,2,2,1,0,0,1,33.0,24.0,deux_roues,voiture,1,2,1,1,3
202200001023,2022-09-19 17:40:00,2022,9,19,17,40,37,37225,D140,47.3604165683,0.8731770515,Plein jour,Hors agglomération,Hors intersection,Normale,Deux véhicules - frontale,3,2,3,0,1,1,1,0,1,90,2,2,1,1,0,0,23.0,17.0,voiture,deux_roues,1,1,1,1,1
202200001024,2022-08-14 05:00:00,2022,8,14,5,0,2B,2B093,T30,42.610318,8.889608,Nuit avec éclairage allumé,Hors agglomération,Hors intersection,Normale,Deux véhicules - frontale,2,2,2,0,1,1,1,6,8,70,1,2,1,0,1,0,29.0,,deux_roues,,5,1,1,1,1
202200001025,2022-09-14 13:00:00,2022,9,14,13,0,30,30156,Avenue Clément Ader,43.86559,4.439691,Plein jour,En agglomération,Autre intersection,Normale,Sans collision,6,-1,0,0,1,1,1,9,8,-1,1,5,4,1,0,0,20.0,,voiture,,1,2,9,1,7
202200001026,2022-09-15 09:11:00,2022,9,15,9,11,84,84003,Quai Général Leclerc,43.876748,5.399182,Plein jour,En agglomération,Hors intersection,Temps éblouissant,Autre collision,3,2,2,0,1,1,1,0,1,30,1,2,1,1,0,0,67.0,,utilitaire_camion,,1,2,1,7,6
202200001027,2022-09-17 18:00:00,2022,9,17,18,0,84,84124,route départementale 25,43.918917,5.094588,Plein jour,Hors agglomération,Hors intersection,Vent fort / tempête,,3,2,2,0,1,1,1,0,3,80,1,1,0,0,1,0,66.0,,voiture,,1,1,1,6,-1
202200001028,2022-09-17 13:00:00,2022,9,17,13,0,67,67237,Giratoire D468 / Rue du Lieutenant de Bettignies,48.675894,7.84588,Plein jour,En agglomération,Giratoire,Normale,Deux véhicules - côté,3,1,2,0,1,2,1,5,1,50,2,2,1,0,0,1,48.0,55.0,deux_roues,voiture,1,2,6,1,3
202200001029,2022-09-17 00:10:00,2022,9,17,0,10,38,38449,80 Rue du Ruisseau,45.640887,5.097898,Nuit avec éclairage allumé,En agglomération,Hors intersection,Normale,Deux véhicules - côté,4,2,2,0,1,1,1,0,1,50,2,7,0,1,1,5,19.0,26.0,voiture,voiture,5,2,1,1,3
202200001030,2022-09-19 08:15:00,2022,9,19,8,15,38,38210,D65b,45.769218,5.252474,Plein jour,Hors agglomération,Hors intersection,Normale,Deux véhicules - frontale,3,2,2,0,1,3,1,0,1,80,2,2,0,0,1,1,67.0,39.0,voiture,deux_roues,1,1,1,1,1
202200001031,2022-09-19 07:50:00,2022,9,19,7,50,26,26088,Route Louis Pasteur,45.035761,5.082883,Crépuscule ou aube,En agglomération,Giratoire,Normale,Deux véhicules - arrière,3,1,2,0,1,3,1,5,1,30,2,2,1,0,1,0,60.0,49.0,deux_roues,utilitaire_camion,2,2,6,1,2
202200001032,2022-09-18 15:40:00,2022,9,18,15,40,01,01185,D8,45.937087,5.608327,Plein jour,Hors agglomération,Hors intersection,Normale,Autre collision,3,2,2,0,1,1,1,0,1,80,1,1,0,0,0,1,22.0,,deux_roues,,1,1,1,1,6
202200001033,2022-09-19 03:30:00,2022,9,19,3,30,69,69177,Route de Sain Bel,45.7981121833,4.6242302657,Nuit sans éclairage public,Hors agglomération,Giratoire,Normale,Autre collision,3,3,2,2,1,1,1,0,8,80,1,1,0,0,1,0,29.0,,voiture,,3,1,6,1,6
202200001034,2022-09-19 08:44:00,2022,9,19,8,44,81,81131,D13,43.891781,1.994834,Crépuscule ou aube,Hors agglomération,Intersection en X,Temps éblouissant,Trois véhicules et plus - collisions multiples,3,2,2,0,1,1,1,0,1,80,3,4,3,0,1,0,19.0,74.0,deux_roues,voiture,2,1,2,7,5
202200001035,2022-09-15 00:45:00,2022,9,15,0,45,33,33322,Allee de Balzac,44.957661,-0.668579,Nuit sans éclairage public,En agglomération,Hors intersection,Normale,Sans collision,4,2,2,0,1,2,1,0,3,50,1,1,0,0,1,0,37.0,,voiture,,3,2,1,1,7
202200001036,2022-09-18 18:25:00,2022,9,18,18,25,60,60612,D330,49.2002729014,2.6037219874,Plein jour,Hors agglomération,Hors intersection,Normale,Sans collision,3,2,2,0,1,1,1,0,1,80,1,2,1,0,1,0,25.0,,deux_roues,,1,1,1,1,7
202200001037,2022-09-18 11:30:00,2022,9,18,11,30,13,13211,A50-Sens Marseille vers Aubagne,43.2920440695,5.4529971317,Plein jour,Hors agglomération,Hors intersection,Normale,Deux véhicules - côté,1,1,3,0,1,1,1,0,1,90,2,2,1,0,0,1,23.0,26.0,voiture,deux_roues,1,1,1,1,3
202200001038,2022-09-18 16:05:00,2022,9,18,16,5,83,83027,A50,43.1995861167,5.7574038505,Plein jour,Hors agglomération,Hors intersection,Normale,Autre collision,1,3,3,0,1,3,1,0,1,130,1,2,0,1,1,0,40.0,,deux_roues,,1,1,1,1,6
202200001039,2022-09-17 21:05:00,2022,9,17,21,5,83,83090,A50,43.123758,5.827703,Nuit sans éclairage public,Hors agglomération,Hors intersection,Normale,Deux véhicules - arrière,1,3,6,0,1,1,1,0,1,110,2,2,1,0,0,1,45.0,63.0,voiture,deux_roues,3,1,1,1,2
202200001040,2022-09-18 17:20:00,2022,9,18,17,20,91,91086,RN 104,48.62466,2.39458,Plein jour,Hors agglomération,Hors intersection,Normale,Deux véhicules - côté,2,2,4,0,1,1,1,0,1,110,2,2,1,0,0,1,22.0,,deux_roues,voiture,1,1,1,1,3
202200001041,2022-09-18 12:10:00,2022,9,18,12,10,91,91216,AUTOROUTE A6,48.68502,2.32758,Plein jour,Hors agglomération,Hors intersection,Normale,Trois véhicules et plus - en chaîne,1,1,3,0,1,1,1,0,1,110,4,4,3,0,0,1,44.0,27.0,voiture,voiture,1,1,1,1,4
202200001042,2022-09-17 22:20:00,2022,9,17,22,20,91,91228,AUTOROUTE A6,48.62126,2.42404,Nuit sans éclairage public,Hors agglomération,Hors intersection,Normale,Trois véhicules et plus - collisions multiples,1,3,12,0,1,1,1,0,1,110,3,4,3,0,0,1,24.0,50.0,voiture,voiture,3,1,1,1,5
202200001043,2022-09-17 18:40:00,2022,9,17,18,40,91,91235,RN 104,48.62597,2.35412,Plein jour,Hors agglomération,Hors intersection,Normale,Sans collision,2,1,2,0,1,1,1,3,3,90,1,1,0,0,1,0,27.0,,voiture,,1,1,1,1,7
202200001044,2022-09-18 13:50:00,2022,9,18,13,50,92,92025,A86,48.9297729618,2.2416641417,Plein jour,Hors agglomération,Hors intersection,Normale,Trois véhicules et plus - en chaîne,1,3,2,0,3,1,1,0,1,70,3,3,2,0,0,1,24.0,80.0,voiture,voiture,1,1,1,1,4
202200001045,2022-09-18 09:50:00,2022,9,18,9,50,95,95277, A1,48.97031,2.48282,Plein jour,Hors agglomération,Hors intersection,Normale,Trois véhicules et plus - en chaîne,1,3,6,0,1,1,1,0,1,110,3,4,3,0,0,1,23.0,50.0,voiture,voiture,1,1,1,1,4
202200001046,2022-09-18 10:45:00,2022,9,18,10,45,93,93064,AUTOROUTE A86,48.88495,2.47001,Plein jour,Hors agglomération,Hors intersection,Normale,Deux véhicules - arrière,1,1,2,0,2,1,1,0,1,50,2,2,1,0,0,1,38.0,50.0,deux_roues,voiture,1,1,1,1,2
202200001047,2022-09-17 18:30:00,2022,9,17,18,30,95,95241,RN 104,49.0558,2.4231,Plein jour,Hors agglomération,Hors intersection,Normale,Deux véhicules - arrière,2,3,4,0,1,1,1,0,1,110,2,3,2,0,0,1,51.0,23.0,voiture,utilitaire_camion,1,1,1,1,2
202200001048,2022-09-18 18:00:00,2022,9,18,18,0,77,77294,A104,48.972727,2.576397,Plein jour,Hors agglomération,Hors intersection,Normale,Autre collision,1,3,4,0,1,1,1,0,1,90,3,5,4,0,0,1,30.0,42.0,voiture,voiture,1,1,1,1,6
202200001049,2022-09-18 16:18:00,2022,9,18,16,18,94,94033,A86.EXT,48.8521422803,2.4902740888,Plein jour,Hors agglomération,Hors intersection,Normale,Deux véhicules - arrière,1,3,3,0,1,1,1,0,1,90,2,2,1,0,0,1,31.0,54.0,voiture,voiture,1,1,1,1,2
202200001050,2022-09-18 07:15:00,2022,9,18,7,15,77,77175,A5b,48.64918,2.62061,Crépuscule ou aube,Hors agglomération,Hors intersection,Normale,Autre collision,1,3,3,0,1,1,1,0,3,90,1,3,0,0,0,3,23.0,,voiture,,2,1,1,1,6
202200001051,2022-09-17 20:20:00,2022,9,17,20,20,75,75112,A4,48.821123,2.461541,Nuit sans éclairage public,Hors agglomération,Hors intersection,Normale,Trois véhicules et plus - en chaîne,1,3,5,0,1,1,1,0,1,90,3,3,2,0,0,1,35.0,50.0,voiture,voiture,3,1,1,1,4
202200001052,2022-09-17 16:30:00,2022,9,17,16,30,94,94033,A86.EXT,48.8521422803,2.4902740888,Plein jour,Hors agglomération,Hors intersection,Normale,Deux véhicules - arrière,1,3,3,0,1,1,1,0,1,90,2,2,1,0,0,1,55.0,,utilitaire_camion,voiture,1,1,1,1,2
202200001053,2022-09-17 13:05:00,2022,9,17,13,5,77,77363,A104,48.91845,2.63241,Plein jour,Hors agglomération,Hors intersection,Normale,Deux véhicules - arrière,1,1,2,0,1,1,1,0,1,90,2,4,1,0,0,3,34.0,37.0,voiture,voiture,1,1,1,1,2
202200001054,2022-09-17 05:55:00,2022,9,17,5,55,94,94044,RN406.W,48.75792,2.47065,Nuit sans éclairage public,Hors agglomération,Hors intersection,Normale,Sans collision,2,3,2,0,1,3,1,0,1,70,1,1,0,0,0,1,40.0,,deux_roues,,3,1,1,1,7
202200001055,2022-09-17 12:15:00,2022,9,17,12,15,92,92073,SELLIER (BOULEVARD HENRI),48.86696,2.22118,Plein jour,En agglomération,Hors intersection,Normale,Sans collision,3,1,4,0,2,1,1,0,1,50,2,3,1,0,1,1,83.0,60.0,voiture,deux_roues,1,2,1,1,7
202200001056,2022-09-17 11:15:00,2022,9,17,11,15,974,97416,ISAUTIER (AVENUE CHARLES),-21.3122,55.4511,Plein jour,Hors agglomération,Hors intersection,Normale,Autre collision,9,2,2,0,1,3,1,0,1,50,1,1,0,0,0,1,15.0,,deux_roues,,1,1,1,1,6
202200001057,2022-09-17 06:00:00,2022,9,17,6,0,974,97416,RN1 (ROUTE NATIONALE),-21.32116,55.44643,Plein jour,Hors agglomération,Hors intersection,Normale,Sans collision,2,1,4,0,3,3,1,0,3,110,1,1,0,0,0,1,43.0,,voiture,,1,1,1,1,7
202200001058,2022-09-16 19:05:00,2022,9,16,19,5,973,97302,A.HENRI(RUE),4.93375,-52.334,Crépuscule ou aube,En agglomération,Hors intersection,Normale,Autre collision,4,2,2,0,1,1,1,9,1,50,1,2,1,0,0,1,32.0,,voiture,,2,2,1,1,6
202200001059,2022-09-16 15:10:00,2022,9,16,15,10,972,97213,ROUTE NATIONALE 1,14.61813,-61.03335,Plein jour,Hors agglomération,Hors intersection,Normale,Trois véhicules et plus - en chaîne,1,3,8,0,1,1,1,0,1,90,3,5,1,0,0,4,38.0,22.0,voiture,voiture,1,1,1,1,4
202200001060,2022-09-17 20:55:00,2022,9,17,20,55,69,69389,Rue du Bourbonnais,45.77427,4.80537,Nuit avec éclairage allumé,En agglomération,Intersection en X,Temps couvert,Autre collision,4,1,1,2,1,1,2,0,1,30,1,2,1,0,0,1,31.0,,voiture,,5,2,2,8,6
202200001061,2022-09-16 04:05:00,2022,9,16,4,5,971,97105,CHARLES DE GAULLE (BD DU GENERAL),15.99565,-61.73186,Nuit sans éclairage public,En agglomération,Intersection en T,Pluie légère,Deux véhicules - côté,2,2,2,0,1,1,2,2,1,50,2,2,1,0,1,0,64.0,31.0,voiture,deux_roues,3,2,3,2,3
202200001062,2022-09-17 01:56:00,2022,9,17,1,56,83,83123,BANDOL (ROUTE)N° IMPAIRS,43.1251633668,5.7886807323,Nuit avec éclairage allumé,En agglomération,Hors intersection,Normale,Autre collision,3,2,2,0,2,1,1,0,4,50,1,3,0,0,2,1,25.0,,voiture,,5,2,1,1,6
202200001063,2022-09-17 11:10:00,2022,9,17,11,10,81,81004,DEMBOURG (AV),43.93641,2.14496,Plein jour,En agglomération,Intersection en T,Normale,Deux véhicules - arrière,3,2, -1,-1,1,1,1,5,1,-1,2,2,1,0,0,1,81.0,60.0,voiture,deux_roues,1,2,3,1,2
202200001064,2022-09-17 05:30:00,2022,9,17,5,30,78,78190,PAUL DEMANGE (RUE),48.87896,2.14888,Nuit avec éclairage allumé,En agglomération,Hors intersection,Normale,Autre collision,3,2,2,0,1,1,1,0,1,50,1,1,0,0,0,1,26.0,,deux_roues,,5,2,1,1,6
202200001065,2022-09-17 11:45:00,2022,9,17,11,45,76,76681,Boulevard Industriel,49.4156,1.1072,Plein jour,Hors agglomération,Intersection en T,Normale,Trois véhicules et plus - collisions multiples,7,3,4,0,1,1,1,0,8,70,5,12,8,1,0,3,35.0,43.0,voiture,utilitaire_camion,1,1,3,1,5
202200001066,2022-09-17 19:25:00,2022,9,17,19,25,69,69256,Avenue Garibaldi,45.76698,4.9327,Plein jour,En agglomération,Intersection en X,Normale,Deux véhicules - côté,7,2,4,0,1,1,1,5,1,50,2,5,4,0,0,1,21.0,26.0,voiture,deux_roues,1,2,2,1,3
202200001067,2022-09-17 21:30:00,2022,9,17,21,30,69,69259,Avenue de la Division Leclerc,45.69519,4.86851,Nuit avec éclairage allumé,En agglomération,Intersection en T,Normale,Autre collision,4,2,2,0,1,1,1,0,4,50,1,1,0,0,1,0,30.0,,deux_roues,,5,2,3,1,6
202200001068,2022-09-16 18:48:00,2022,9,16,18,48,67,67462,COLMAR (ROUTE DE),48.2581,7.44442,Plein jour,En agglomération,Hors intersection,Pluie légère,Autre collision,3,2,2,0,1,3,2,0,1,50,1,2,1,0,0,1,65.0,,voiture,,1,2,1,2,6
202200001069,2022-09-17 12:45:00,2022,9,17,12,45,64,64445,avenue Dufau,43.30464,-0.36819,Plein jour,En agglomération,Intersection en T,Normale,Deux véhicules - côté,4,1,3,3,1,1,1,0,1,50,2,2,1,0,0,1,31.0,25.0,deux_roues,voiture,1,2,3,1,3
202200001070,2022-09-17 16:45:00,2022,9,17,16,45,64,64024,Boulevard du B.A.B.,43.49765,-1.50704,Plein jour,En agglomération,Hors intersection,Temps éblouissant,Sans collision,4,2,4,0,1,2,1,0,3,50,1,3,0,0,0,3,91.0,,voiture,,1,2,1,7,7
202200001071,2022-09-16 15:55:00,2022,9,16,15,55,59,59183,BANC VERT,51.0195096923,2.3458868265,Plein jour,En agglomération,Hors intersection,Pluie forte,Autre collision,4,2,2,1,1,1,2,0,1,50,1,2,1,0,1,0,20.0,,voiture,,1,2,1,3,6
202200001072,2022-09-05 19:11:00,2022,9,5,19,11,57,57227,BARTH (RUE FELIX ),49.1814322796,6.8980975633,Plein jour,En agglomération,Autre intersection,Normale,Autre collision,4,3,2,0,1,1,1,9,1,50,1,1,0,0,0,1,18.0,,utilitaire_camion,,1,2,9,1,6
202200001073,2022-09-17 03:35:00,2022,9,17,3,35,47,47001,LIBERTE (BOULEVARD DE LA),44.19517,0.61259,Nuit avec éclairage allumé,En agglomération,Giratoire,Normale,Deux véhicules - côté,3,1,2,0,1,2,1,2,1,50,2,2,1,0,0,1,47.0,24.0,deux_roues,voiture,5,2,6,1,3
202200001074,2022-09-17 20:50:00,2022,9,17,20,50,45,45234,27 Avenue de la Libération,47.9202162047,1.9023900032,Nuit avec éclairage allumé,En agglomération,Hors intersection,Normale,Deux véhicules - frontale,4,2,3,0,1,1,1,0,1,50,2,3,2,0,0,1,24.0,48.0,deux_roues,voiture,5,2,1,1,1
202200001075,2022-09-17 13:45:00,2022,9,17,13,45,43,43157,BELGES (AV. DES),45.04659,3.89214,Plein jour,En agglomération,Intersection en X,Normale,Deux véhicules - côté,3,2, -1,0,1,1,1,5,1,-1,2,2,1,0,1,0,72.0,21.0,voiture,deux_roues,1,2,2,1,3
202200001076,2022-09-17 18:20:00,2022,9,17,18,20,35,35051,ALLIES (BOULEVARD DES),48.1357702451,-1.6238039732,Plein jour,En agglomération,Hors intersection,Normale,Deux véhicules - côté,4,2,4,1,1,1,1,0,1,50,2,2,1,0,1,0,47.0,32.0,deux_roues,voiture,1,2,1,1,3
202200001077,2022-09-17 17:15:00,2022,9,17,17,15,35,35055,MOULIN (RUE DU),48.0882032164,-1.6268147528,Plein jour,En agglomération,Hors intersection,Normale,Deux véhicules - côté,4,2,2,0,1,1,1,0,1,50,2,2,1,0,0,1,33.0,20.0,voiture,deux_roues,1,2,1,1,3
202200001078,2022-09-17 06:10:00,2022,9,17,6,10,33,33063,Cours Saint Louis,44.8560488039,-0.5711871386,Nuit avec éclairage allumé,En agglomération,Hors intersection,Normale,Autre collision,4,1,2,0,1,1,1,0,1,50,1,1,0,0,1,0,35.0,,deux_roues,,5,2,1,1,6
202200001079,2022-09-16 18:50:00,2022,9,16,18,50,33,33529,OCEAN (BD DE L'),44.6230344436,-1.2019354105,Plein jour,En agglomération,Hors intersection,Normale,Sans collision,3,2,2,0,1,1,1,0,1,30,1,1,0,0,0,1,49.0,,deux_roues,,1,2,1,1,7
202200001080,2022-09-17 16:30:00,2022,9,17,16,30,31,31069,SAND (RUE GEORGES),43.650008,1.374909,Plein jour,En agglomération,Hors intersection,Normale,Autre collision,4,2,2,0,1,1,1,0,4,50,1,3,0,0,0,3,28.0,,voiture,,1,2,1,1,6
202200001081,2022-09-17 15:00:00,2022,9,17,15,0,29,29019,9 rue Sébastopol,48.4002546192,-4.4690741301,Plein jour,En agglomération,Giratoire,Normale,Deux véhicules - côté,4,1,2,0,1,1,1,5,1,50,2,2,1,0,0,1,20.0,49.0,deux_roues,voiture,1,2,6,1,3
202200001082,2022-09-17 16:05:00,2022,9,17,16,5,26,26058,Quai Thannaron,44.93784,4.89033,Plein jour,En agglomération,Hors intersection,Vent fort / tempête,Autre collision,4,3,2,0,1,1,1,0,1,50,1,2,1,0,1,0,45.0,,voiture,,1,2,1,6,6
202200001083,2022-09-17 22:10:00,2022,9,17,22,10,25,25056,FAURE AVENUE EDGAR,47.24459,6.021667,Nuit avec éclairage allumé,En agglomération,Intersection en X,Normale,Deux véhicules - côté,4,2,4,0,1,1,1,0,1,50,2,2,1,0,0,1,31.0,27.0,voiture,deux_roues,5,2,2,1,3
202200001084,2022-09-18 01:30:00,2022,9,18,1,30,17,17300,AMELOT   RUE,46.16054,-1.14834,Nuit avec éclairage non allumé,En agglomération,Hors intersection,Normale,Deux véhicules - côté,4,1,2,0,1,1,1,0,1,30,2,2,1,0,0,1,45.0,20.0,deux_roues,voiture,4,2,1,1,3
202200001085,2022-09-17 14:33:00,2022,9,17,14,33,17,17300,ORBIGNY   RUE ALCIDE D',46.16374,-1.146807,Plein jour,En agglomération,Hors intersection,Normale,Autre collision,4,2,2,0,1,1,1,0,8,30,1,2,1,0,0,1,41.0,,voiture,,1,2,1,1,6
202200001086,2022-09-16 18:05:00,2022,9,16,18,5,16,16089,Rue de la Trache,45.682291,-0.292084,Plein jour,En agglomération,Intersection en T,Normale,Deux véhicules - côté,3,2,2,0,1,1,1,0,1,50,2,2,1,0,0,1,53.0,59.0,voiture,deux_roues,1,2,3,1,3
202200001087,2022-09-17 21:25:00,2022,9,17,21,25,14,14118,Avenue du Calvados,49.1901118875,-0.3382265568,Nuit avec éclairage allumé,En agglomération,Hors intersection,Normale,Sans collision,4,1,2,0,1,1,1,8,1,50,1,1,0,0,0,1,22.0,,deux_roues,,5,2,1,1,7
202200001088,2022-09-17 01:30:00,2022,9,17,1,30,13,13201,BD MAURICE BOURDET,43.3025382093,5.3795529484,Nuit avec éclairage allumé,En agglomération,Hors intersection,Normale,Deux véhicules - côté,4,2,2,0,2,4,1,0,1,50,2,5,4,0,0,1,,38.0,voiture,voiture,5,2,1,1,3
202200001089,2022-09-13 17:00:00,2022,9,13,17,0,13,13028,FRANCE (BOULEVARD ANATOLE),43.17383,5.6103,Plein jour,En agglomération,Hors intersection,Normale,Autre collision,4,2,2,0,1,1,1,0,1,50,1,2,1,0,0,1,59.0,,transport_commun,,1,2,1,1,6
202200001090,2022-09-17 12:30:00,2022,9,17,12,30,11,11069,153 Av du Pdt Franklin Roosevelt,43.22217,2.33748,Plein jour,En agglomération,Hors intersection,Normale,Deux véhicules - arrière,4,2,2,0,1,1,1,0,1,50,2,2,1,0,0,1,42.0,26.0,voiture,deux_roues,1,2,1,1,2
202200001091,2022-09-17 04:27:00,2022,9,17,4,27,10,10333,JULES DIDIER (RUE),48.28612,4.0665,Nuit avec éclairage allumé,En agglomération,Intersection en X,Normale,Autre collision,3,2,2,0,1,1,1,0,4,50,1,2,0,0,0,2,19.0,,voiture,,5,2,2,1,6
202200001092,2022-09-17 18:15:00,2022,9,17,18,15,06,06088,ARSON (RUE),43.70246,7.28781,Plein jour,En agglomération,Intersection en T,Normale,Deux véhicules - côté,4,1,2,0,1,1,1,0,1,50,2,3,2,0,1,0,26.0,26.0,voiture,deux_roues,1,2,3,1,3
202200001093,2022-09-16 15:38:00,2022,9,16,15,38,06,06069,CHEVREFEUILLES (CHEMIN DES),43.63908,6.92081,Plein jour,Hors agglomération,Hors intersection,Normale,Trois véhicules et plus - collisions multiples,4,2,2,0,2,1,1,0,1,50,3,3,1,0,0,2,67.0,63.0,voiture,voiture,1,1,1,1,5
202200001094,2022-09-17 18:30:00,2022,9,17,18,30,75,75120,BD PERIPHERIQUE INTERIEUR,48.847428,2.41456,Plein jour,En agglomération,Hors intersection,Normale,Deux véhicules - arrière,4,1,4,0,1,1,1,0,1,70,2,3,2,0,0,1,23.0,38.0,voiture,voiture,1,2,1,1,2
202200001095,2022-09-16 21:50:00,2022,9,16,21,50,75,75114,ECHANGEUR ORLEANS,48.819278,2.328887,Nuit sans éclairage public,En agglomération,Intersection en Y,Normale,Autre collision,4,1,2,0,1,1,1,0,1,50,1,1,0,0,0,1,33.0,,voiture,,3,2,4,1,6
202200001096,2022-09-16 17:25:00,2022,9,16,17,25,75,75115,PORTE BRANCION,48.826023,2.299075,Plein jour,En agglomération,Intersection en Y,Normale,Deux véhicules - arrière,4,1,3,0,1,1,1,0,1,70,2,2,1,0,0,1,69.0,58.0,utilitaire_camion,voiture,1,2,4,1,2
202200001097,2022-09-17 21:05:00,2022,9,17,21,5,75,75119,AVENUE JEAN JAURES,48.888797,2.393126,Nuit avec éclairage allumé,En agglomération,Intersection en T,Normale,Deux véhicules - côté,4,2,3,2,1,1,1,0,1,30,2,2,1,0,0,1,29.0,,voiture,utilitaire_camion,5,2,3,1,3
202200001098,2022-09-17 18:40:00,2022,9,17,18,40,75,75116,AVENUE DE LA PORTE DE SAINT CLOUD,48.8385927303,2.2523018718,Plein jour,En agglomération,Intersection en Y,Normale,Deux véhicules - arrière,4,2,2,1,1,1,1,0,1,30,2,2,1,0,0,1,25.0,63.0,deux_roues,voiture,1,2,4,1,2
202200001099,2022-09-17 14:58:00,2022,9,17,14,58,75,75116,AVENUE DU GENERAL SARRAIL,48.847192,2.256718,Plein jour,En agglomération,Hors intersection,Normale,Autre collision,4,1,1,0,1,1,1,0,1,30,1,1,0,0,0,1,29.0,,deux_roues,,1,2,1,1,6
202200001100,2022-09-17 20:45:00,2022,9,17,20,45,75,75115,RUE LEON DIERX,48.828844,2.299814,Nuit avec éclairage allumé,En agglomération,Intersection en T,Normale,Autre collision,4,1,1,0,1,1,1,0,1,30,1,2,1,0,0,1,28.0,,voiture,,5,2,3,1,6
202200001101,2022-09-17 00:30:00,2022,9,17,0,30,75,75115,RUE DE LA CROIX NIVERT,48.846328,2.299249,Nuit avec éclairage allumé,En agglomération,Intersection en T,Normale,Deux véhicules - côté,4,2,2,0,1,1,1,0,1,30,2,3,1,0,0,2,39.0,38.0,deux_roues,deux_roues,5,2,3,1,3
202200001102,2022-09-16 03:20:00,2022,9,16,3,20,75,75113,BOULEVARD DE PORT ROYAL,48.838322,2.342066,Nuit avec éclairage allumé,En agglomération,Intersection en T,Normale,Autre collision,4,2,4,0,1,2,1,0,1,30,1,2,1,0,0,1,19.0,,deux_roues,,5,2,3,1,6
202200001103,2022-07-04 20:52:00,2022,7,4,20,52,972,97213,AUTOROUTE A1,14.6181,-61.02949,Nuit avec éclairage allumé,Hors agglomération,Hors intersection,Normale,Trois véhicules et plus - en chaîne,1,2,6,3,1,1,1,0,1,90,3,6,5,0,0,1,42.0,20.0,voiture,voiture,5,1,1,1,4
202200001104,2022-09-17 13:30:00,2022,9,17,13,30,75,75112,AVENUE DU TREMBLAY,48.841974,2.449165,Plein jour,En agglomération,Intersection en Y,Normale,Deux véhicules - arrière,4,-1,2,0,1,1,1,0,1,50,2,2,1,0,0,1,55.0,56.0,deux_roues,voiture,1,2,4,1,2