accident_id,datetime,annee,mois,jour,heure,minute,departement,commune_insee,adresse,latitude,longitude,luminosite,agglomeration,intersection,meteo,collision,catr,circ,nbv,vosp,prof,plan,surf,infra,situ,vma,nb_vehicules,nb_usagers,nb_indemnes,nb_tues,nb_blesses_hosp,nb_blesses_legers,age_cond_1,age_cond_2,veh_type_cond_1,veh_type_cond_2,lum_code,agg_code,int_code,atm_code,col_code
202200001940,2022-11-23 16:20:00,2022,11,23,16,20,974,97416,RN02,-21.3414,55.49426,Plein jour,Hors agglomération,Hors intersection,Normale,Deux véhicules - arrière,2,2,2,0,1,1,1,2,1,70,2,2,1,0,0,1,37.0,35.0,voiture,voiture,1,1,1,1,2
202200001941,2022-03-23 18:20:00,2022,3,23,18,20,13,13212,24 AVRIL 15 (AVENUE DU),43.3080377917,5.4342129993,Plein jour,En agglomération,Hors intersection,Normale,Deux véhicules - côté,4,2,2,0,2,1,1,0,1,50,2,2,0,0,0,2,50.0,63.0,deux_roues,voiture,1,2,1,1,3
202200001942,2022-10-05 07:30:00,2022,10,5,7,30,19,19031,ALSACE LORRAINE (AVENUE) A PARTIR DE N°,45.1519,1.54126,Crépuscule ou aube,En agglomération,Intersection en T,Normale,Deux véhicules - côté,3,2,0,0,2,1,1,0,1,50,2,2,1,0,1,0,,12.0,voiture,deux_roues,2,2,3,1,3
202200001943,2022-03-22 11:30:00,2022,3,22,11,30,44,44109,20 Rue des Rochettes,47.225103,-1.537698,Plein jour,En agglomération,Intersection en Y,Normale,Deux véhicules - côté,4,1,1,-1,1,2,1,5,1,30,2,2,1,0,0,1,23.0,54.0,deux_roues,voiture,1,2,4,1,3
202200001944,2022-03-23 19:25:00,2022,3,23,19,25,13,13028,SERPOLET (AVENUE DU),43.2,5.59,Nuit avec éclairage allumé,En agglomération,Giratoire,Normale,Deux véhicules - côté,3,1,1,0,3,2,1,5,1,50,2,2,1,0,0,1,23.0,58.0,voiture,deux_roues,5,2,6,1,3
202200001945,2022-11-24 06:45:00,2022,11,24,6,45,974,97416,ANCIENNE RN 1,-21.32704,55.45026,Plein jour,En agglomération,Intersection en T,Temps éblouissant,Deux véhicules - côté,2,2,3,3,1,1,1,0,1,50,2,2,1,0,0,1,33.0,40.0,voiture,deux_roues,1,2,3,7,3
202200001946,2022-10-10 22:23:00,2022,10,10,22,23,17,17300,JOFFRE   BOULEVARD (79 et 18),46.152,-1.148,Nuit avec éclairage allumé,En agglomération,Giratoire,Pluie légère,Autre collision,4,1,2,1,1,2,2,0,4,30,1,2,1,0,1,0,20.0,,voiture,,5,2,6,2,6
202200001947,2022-03-23 09:40:00,2022,3,23,9,40,13,13005,FOCH (COURS MARECHAL),43.2937722886,5.5672381322,Plein jour,En agglomération,Hors intersection,Normale,Deux véhicules - frontale,4,1,2,0,1,1,1,0,1,50,1,2,1,0,0,1,28.0,,voiture,,1,2,1,1,1
202200001948,2022-11-23 08:55:00,2022,11,23,8,55,974,97411,LITTORAL (ROUTE 1 DU),-20.87653,55.44161,Plein jour,En agglomération,Hors intersection,Normale,Autre collision,2,1,2,0,1,1,1,0,1,50,1,1,0,0,0,1,30.0,,deux_roues,,1,2,1,1,6
202200001949,2022-03-23 05:15:00,2022,3,23,5,15,13,13004,RTE N113 MARSEILLE A BORBEAUX,43.6619,4.6395,Nuit sans éclairage public,Hors agglomération,Hors intersection,Normale,Deux véhicules - côté,2,1,1,0,4,3,1,0,1,70,1,2,0,1,0,1,43.0,,utilitaire_camion,,3,1,1,1,3
202200001950,2022-10-29 18:47:00,2022,10,29,18,47,74,74010,ILES (AVENUE DES)(SECTEUR 410),45.91137,6.1145,Crépuscule ou aube,En agglomération,Intersection en T,Normale,Trois véhicules et plus - collisions multiples,4,2,0,0,1,1,1,0,1,50,3,6,5,0,0,1,29.0,25.0,voiture,voiture,2,2,3,1,5
202200001951,2022-11-24 15:45:00,2022,11,24,15,45,69,69387,Avenue Debourg,45.73146,4.82993,Plein jour,En agglomération,Intersection en X,Normale,Deux véhicules - côté,4,2,2,2,1,1,1,0,1,50,2,2,1,0,0,1,19.0,39.0,voiture,deux_roues,1,2,2,1,3
202200001952,2022-10-08 17:50:00,2022,10,8,17,50,13,13071,MITTERRAND (AVENUE FRANCOIS),43.38148,5.34675,Crépuscule ou aube,En agglomération,Hors intersection,Normale,Deux véhicules - arrière,4,2,2,0,1,1,1,0,1,50,3,9,4,0,0,5,35.0,55.0,voiture,voiture,2,2,1,1,2
202200001953,2022-06-03 18:20:00,2022,6,3,18,20,41,41161,D105,47.499521,1.989588,Plein jour,Hors agglomération,Intersection en X,Normale,Deux véhicules - côté,3,2,2,0,1,1,1,0,1,80,2,2,0,0,0,2,79.0,69.0,voiture,voiture,1,1,2,1,3
202200001954,2022-03-23 07:38:00,2022,3,23,7,38,06,06027,NICE AVENUE DE (RN7),43.659177,7.163179,Plein jour,En agglomération,Autre intersection,Normale,Deux véhicules - côté,7,2,4,0,1,1,1,0,1,50,2,2,1,0,0,1,57.0,44.0,voiture,deux_roues,1,2,9,1,3
202200001955,2022-10-28 14:00:00,2022,10,28,14,0,74,74305,DEUX MONTAGNES AU QUEBEC (RUE),46.207,6.27949,Plein jour,En agglomération,Intersection en T,Normale,Deux véhicules - côté,4,-1,2,0,1,1,1,0,1,50,2,2,1,0,0,1,36.0,53.0,voiture,voiture,1,2,3,1,3
202200001956,2022-10-10 09:20:00,2022,10,10,9,20,13,13203,STRASBOURG (BOULEVARD),43.3082640166,5.3770564414,Plein jour,En agglomération,Hors intersection,Normale,Autre collision,4,2,2,0,1,1,1,0,1,50,1,2,1,0,1,0,36.0,,transport_commun,,1,2,1,1,6
202200001957,2022-11-23 19:30:00,2022,11,23,19,30,972,97209,Bretelle sortie A1,14.61442,-61.0507,Crépuscule ou aube,Hors agglomération,Hors intersection,Normale,Deux véhicules - arrière,1,-1,6,0,1,1,1,0,1,90,2,2,1,0,1,0,26.0,38.0,deux_roues,utilitaire_camion,2,1,1,1,2
202200001958,2022-03-23 09:10:00,2022,3,23,9,10,75,75113,BD PERIPHERIQUE INTERIEUR,48.816467,2.34455,Plein jour,En agglomération,Hors intersection,Normale,Deux véhicules - côté,4,1,4,0,1,1,1,0,1,70,2,2,1,0,0,1,38.0,31.0,utilitaire_camion,deux_roues,1,2,1,1,3
202200001959,2022-05-23 16:50:00,2022,5,23,16,50,41,41237,RD 675 sassay,47.386056,1.4078,Plein jour,Hors agglomération,Hors intersection,Normale,Deux véhicules - côté,3,2,2,0,1,1,1,0,1,90,2,2,1,0,1,0,57.0,80.0,voiture,voiture,1,1,1,1,3
202200001960,2022-11-23 14:00:00,2022,11,23,14,0,972,97213,ROUTE DEPARTEMENTALE 3,14.64117,-60.99132,Plein jour,Hors agglomération,Hors intersection,Normale,Autre collision,3,-1,2,0,2,3,1,0,1,50,1,1,0,0,0,1,19.0,,voiture,,1,1,1,1,6
202200001961,2022-10-27 13:10:00,2022,10,27,13,10,74,74012,FLORISSANT (AVENUE),46.19718,6.24019,Plein jour,En agglomération,Hors intersection,Normale,Deux véhicules - côté,4,2,2,0,1,1,1,0,1,50,2,2,1,0,0,1,28.0,44.0,voiture,deux_roues,1,2,1,1,3
202200001962,2022-10-10 19:30:00,2022,10,10,19,30,13,13001,PAGNOL MARCEL (AV),43.5248462302,5.4237250039,Nuit avec éclairage allumé,En agglomération,Giratoire,Normale,Deux véhicules - côté,4,1,1,0,1,1,1,0,1,50,2,3,1,0,0,2,64.0,19.0,voiture,voiture,5,2,6,1,3
202200001963,2022-06-05 21:00:00,2022,6,5,21,0,68,68362,D473,47.554678,7.465457,Crépuscule ou aube,Hors agglomération,Hors intersection,Pluie légère,Deux véhicules - frontale,3,2,2,0,1,4,2,0,1,80,2,4,0,0,1,3,40.0,27.0,voiture,voiture,2,1,1,2,1
202200001964,2022-10-26 00:10:00,2022,10,26,0,10,74,74012,GENEVE (RUE DE),46.19291,6.22849,Nuit avec éclairage allumé,En agglomération,Hors intersection,Normale,Autre collision,4,2,2,0,1,1,1,0,1,50,1,1,0,0,1,0,24.0,,deux_roues,,5,2,1,1,6
202200001965,2022-03-22 16:35:00,2022,3,22,16,35,75,75116,BD PERIPHERQUE EXTERIEUR,48.865888,2.268159,Plein jour,En agglomération,Intersection en Y,Normale,Trois véhicules et plus - en chaîne,4,1,4,0,1,1,1,0,1,70,5,5,3,0,0,2,57.0,19.0,voiture,voiture,1,2,4,1,4
202200001966,2022-10-07 14:50:00,2022,10,7,14,50,11,11262,,43.1927,3.0301,Plein jour,Hors agglomération,Hors intersection,Normale,Deux véhicules - côté,3,2,2,0,1,2,1,9,1,50,2,2,1,0,0,1,83.0,20.0,voiture,voiture,1,1,1,1,3
202200001967,2022-11-24 18:05:00,2022,11,24,18,5,972,97209,RD 41 (ROCADE),14.61466,-61.04859,Nuit avec éclairage allumé,Hors agglomération,Hors intersection,Normale,Deux véhicules - arrière,3,1,3,0,1,1,1,0,1,90,2,4,3,0,0,1,26.0,35.0,voiture,voiture,5,1,1,1,2
202200001968,2022-06-02 14:55:00,2022,6,2,14,55,68,68090,RD432,47.489088,7.316669,Plein jour,Hors agglomération,Hors intersection,Pluie légère,Sans collision,3,2,2,0,2,1,2,0,1,80,1,1,0,0,0,1,27.0,,deux_roues,,1,1,1,2,7
202200001969,2022-03-21 09:50:00,2022,3,21,9,50,75,75113,BD PERIPHERIQUE EXTERIEUR,48.816224,2.363941,Plein jour,En agglomération,Hors intersection,Normale,Deux véhicules - côté,4,1,4,0,1,1,1,0,1,70,2,2,1,0,0,1,63.0,68.0,deux_roues,voiture,1,2,1,1,3
202200001970,2022-10-25 19:47:00,2022,10,25,19,47,74,74012,FAUCIGNY (RUE DU),46.1942,6.23942,Nuit avec éclairage allumé,En agglomération,Hors intersection,Normale,Autre collision,4,1,2,0,1,1,1,0,1,30,1,2,1,0,1,0,33.0,,voiture,,5,2,1,1,6
202200001971,2022-10-07 17:10:00,2022,10,7,17,10,02,02691,26 Rue Georges Pompidou,49.85369,3.28702,Plein jour,En agglomération,Hors intersection,Normale,Autre collision,4,2,2,0,1,1,1,9,8,50,1,2,1,0,1,0,26.0,,voiture,,1,2,1,1,6
202200001972,2022-11-25 01:00:00,2022,11,25,1,0,69,69382,Quai Jules Courmont,45.76012,4.83796,Nuit avec éclairage allumé,En agglomération,Intersection en X,Normale,Autre collision,4,2,6,3,1,1,1,0,1,50,1,2,1,0,0,1,26.0,,voiture,,5,2,2,1,6
202200001973,2022-06-06 16:15:00,2022,6,6,16,15,68,68152,84 Route de Mulhouse,47.681537,7.271812,Plein jour,En agglomération,Hors intersection,Normale,Deux véhicules - frontale,3,2,2,0,1,1,1,0,1,50,2,3,1,0,0,2,57.0,20.0,voiture,voiture,1,2,1,1,1
202200001974,2022-03-23 16:38:00,2022,3,23,16,38,75,75120,RUE DE BELLEVILLE,48.872415,2.378124,Plein jour,En agglomération,Intersection en X,Normale,Autre collision,4,2,2,3,2,1,1,0,1,30,1,2,1,0,1,0,20.0,,deux_roues,,1,2,2,1,6
202200001975,2022-11-24 20:30:00,2022,11,24,20,30,69,69385,Quai Romain Rolland,45.7645998655,4.8290920257,Nuit avec éclairage allumé,En agglomération,Hors intersection,Normale,Deux véhicules - côté,4,2,2,1,1,1,1,2,1,30,2,2,1,0,1,0,55.0,16.0,transport_commun,deux_roues,5,2,1,1,3
202200001976,2022-10-19 14:30:00,2022,10,19,14,30,75,75112,PORTE DE CHARENTON,48.833099,2.407166,Plein jour,En agglomération,Hors intersection,Normale,Trois véhicules et plus - en chaîne,4,1,4,0,1,1,1,0,1,70,3,3,1,0,0,2,37.0,51.0,utilitaire_camion,utilitaire_camion,1,2,1,1,4
202200001977,2022-06-03 15:57:00,2022,6,3,15,57,22,22203,la ville deuseux,48.32588,-2.828567,Plein jour,Hors agglomération,Hors intersection,Normale,Deux véhicules - frontale,4,2,2,0,2,2,1,9,1,80,2,3,1,0,1,1,18.0,50.0,deux_roues,voiture,1,1,1,1,1
202200001978,2022-10-24 07:40:00,2022,10,24,7,40,74,74010,JEAN JAURES,45.90559,6.12605,Crépuscule ou aube,En agglomération,Giratoire,Pluie légère,Deux véhicules - côté,4,1,1,0,1,2,2,5,1,50,2,2,1,0,1,0,67.0,24.0,voiture,deux_roues,2,2,6,2,3
202200001979,2022-03-23 19:15:00,2022,3,23,19,15,75,75105,QUAI SAINT BERNARD,48.846856,2.360961,Crépuscule ou aube,En agglomération,Intersection en T,Normale,Autre collision,4,2,2,1,1,1,1,6,5,30,1,2,1,0,0,1,35.0,,deux_roues,,2,2,3,1,6
202200001980,2022-06-03 17:30:00,2022,6,3,17,30,39,39040,,46.819019,5.71568,Plein jour,Hors agglomération,Hors intersection,Temps éblouissant,Sans collision,3,2,2,0,1,1,1,0,1,80,1,1,0,0,1,0,60.0,,deux_roues,,1,1,1,7,7
202200001981,2022-10-19 08:00:00,2022,10,19,8,0,75,75113,QUAI D IVRY,48.825791,2.386589,Plein jour,En agglomération,Hors intersection,Normale,Trois véhicules et plus - en chaîne,4,1,4,0,1,1,1,0,1,70,3,3,2,0,0,1,37.0,47.0,utilitaire_camion,deux_roues,1,2,1,1,4
202200001982,2022-11-24 17:45:00,2022,11,24,17,45,69,69384,34 Boulevard de la Croix-Rousse,45.7729621773,4.8210740089,Nuit avec éclairage allumé,En agglomération,Hors intersection,Normale,Deux véhicules - côté,4,1,3,2,2,1,1,0,1,30,2,3,2,0,1,0,63.0,40.0,deux_roues,voiture,5,2,1,1,3
202200001983,2022-10-13 05:15:00,2022,10,13,5,15,74,74010,CITEE,45.8909,6.1219,Nuit avec éclairage allumé,En agglomération,Hors intersection,Normale,Deux véhicules - frontale,4,2,2,0,1,1,1,0,1,30,2,2,1,0,0,1,24.0,18.0,voiture,deux_roues,5,2,1,1,1
202200001984,2022-05-29 15:35:00,2022,5,29,15,35,39,39436,,46.862707,5.899605,Plein jour,Hors agglomération,Hors intersection,Normale,Sans collision,3,2,2,0,2,1,1,0,1,80,1,1,0,0,0,1,30.0,,deux_roues,,1,1,1,1,7
202200001985,2022-03-23 13:30:00,2022,3,23,13,30,75,75119,RUE PETITOT,48.876357,2.39313,Plein jour,En agglomération,Intersection en X,Normale,Autre collision,4,1,3,0,1,2,1,0,1,30,1,2,1,0,0,1,47.0,,transport_commun,,1,2,2,1,6
202200001986,2022-10-19 15:20:00,2022,10,19,15,20,75,75120,AVENUE GAMBETTA,48.868308,2.401422,Plein jour,En agglomération,Intersection à plus de 4 branches,Normale,Autre collision,4,2,3,1,1,1,1,0,1,30,1,2,1,0,0,1,36.0,,voiture,,1,2,5,1,6
202200001987,2022-06-04 17:17:00,2022,6,4,17,17,25,25029,D67,47.025327,6.30486,Plein jour,Hors agglomération,Hors intersection,Normale,Sans collision,3,2,2,0,2,2,1,0,3,80,1,1,0,0,1,0,22.0,,deux_roues,,1,1,1,1,7
202200001988,2022-11-24 08:05:00,2022,11,24,8,5,2B,2B033,11 - RT,42.68694,9.44636,Plein jour,Hors agglomération,Hors intersection,Normale,Deux véhicules - arrière,2,2, -1,0,1,1,1,0,1,50,2,2,0,0,0,2,51.0,41.0,voiture,voiture,1,1,1,1,2
202200001989,2022-03-23 06:30:00,2022,3,23,6,30,75,75119,AVENUE DE LA PORTE DES LILAS,48.87721,2.406913,Plein jour,En agglomération,Intersection en X,Normale,Deux véhicules - arrière,4,2,2,0,1,1,1,0,1,30,2,2,1,0,0,1,55.0,51.0,deux_roues,voiture,1,2,2,1,2
202200001990,2022-10-09 20:20:00,2022,10,9,20,20,74,74010,OUEST (BOULEVARD),45.90099,6.10857,Nuit sans éclairage public,Hors agglomération,Hors intersection,Pluie légère,Trois véhicules et plus - collisions multiples,3,1,0,0,4,1,2,0,1,70,3,4,2,0,0,2,25.0,18.0,voiture,voiture,3,1,1,2,5
202200001991,2022-06-05 21:00:00,2022,6,5,21,0,25,25262,D242,47.131265,6.584694,Plein jour,Hors agglomération,Hors intersection,Normale,Autre collision,3,2,2,0,2,3,1,0,3,80,1,1,0,0,1,0,23.0,,voiture,,1,1,1,1,6
202200001992,2022-10-19 14:30:00,2022,10,19,14,30,75,75119,RUE MANIN,48.881711,2.381082,Plein jour,En agglomération,Intersection en T,Normale,Deux véhicules - côté,4,1,0,0,1,1,1,0,1,30,2,2,1,0,0,1,35.0,51.0,deux_roues,voiture,1,2,3,1,3
202200001993,2022-11-24 18:35:00,2022,11,24,18,35,971,97105,BOLOGNE (ROUTE DE),16.0053,-61.73935,Plein jour,En agglomération,Hors intersection,Normale,Autre collision,3,3,2,0,2,3,1,0,1,50,1,2,1,0,0,1,81.0,,voiture,,1,2,1,1,6
202200001994,2022-03-23 14:30:00,2022,3,23,14,30,75,75112,ROUTE DE CEINTURE DU LAC DAUMESNIL,48.830133,2.418373,Plein jour,En agglomération,Hors intersection,Normale,Deux véhicules - arrière,4,2,2,0,1,3,1,0,1,30,2,3,2,0,0,1,57.0,36.0,utilitaire_camion,voiture,1,2,1,1,2
202200001995,2022-06-05 02:10:00,2022,6,5,2,10,25,25151,D50,47.162831,6.377703,Nuit sans éclairage public,Hors agglomération,Hors intersection,Pluie forte,Sans collision,3,2,2,0,1,2,2,0,3,80,1,2,1,0,1,0,22.0,,voiture,,3,1,1,3,7
202200001996,2022-10-19 14:10:00,2022,10,19,14,10,75,75119,RUE LOUISE THULIEZ,48.877558,2.394613,Plein jour,En agglomération,Hors intersection,Normale,Autre collision,4,1,2,0,1,1,1,0,1,30,1,2,0,0,0,2,32.0,,deux_roues,,1,2,1,1,6
202200001997,2022-01-17 19:40:00,2022,1,17,19,40,59,59606,31 avenue Faidherbe,50.354162,3.508993,Nuit avec éclairage allumé,En agglomération,Hors intersection,Normale,Deux véhicules - arrière,4,2, -1,-1,1,1,1,0,1,50,2,2,1,0,0,1,41.0,19.0,voiture,voiture,5,2,1,1,2
202200001998,2022-11-24 09:00:00,2022,11,24,9,0,2A,2A004,CAMPI LOUIS BD,41.9422233369,8.7502343059,Plein jour,En agglomération,Hors intersection,Normale,Deux véhicules - côté,4,1,4,3,1,1,1,0,6,50,2,2,1,0,0,1,40.0,53.0,voiture,deux_roues,1,2,1,1,3
202200001999,2022-06-03 10:00:00,2022,6,3,10,0,25,25375,Rue Granges du Liege,47.174436,6.072092,Plein jour,Hors agglomération,Hors intersection,Normale,Autre collision,4,2,2,0,2,3,2,0,8,80,1,1,0,0,1,0,63.0,,voiture,,1,1,1,1,6
202200002000,2022-03-23 11:10:00,2022,3,23,11,10,75,75108,RUE LA BOETIE,48.870849,2.306012,Plein jour,En agglomération,Hors intersection,Normale,Deux véhicules - côté,4,1,2,0,1,1,1,0,1,30,2,3,2,0,0,1,32.0,63.0,deux_roues,voiture,1,2,1,1,3
202200002001,2022-11-25 21:17:00,2022,11,25,21,17,974,97407,ROUTE DU SACRE COEUR,-20.95892,55.32,Nuit sans éclairage public,En agglomération,Hors intersection,Normale,Autre collision,4,2,1,0,1,1,1,0,1,70,1,2,1,0,1,0,51.0,,voiture,,3,2,1,1,6
202200002002,2022-10-19 10:20:00,2022,10,19,10,20,75,75119,BOULEVARD DE LA VILLETTE,48.8843,2.367567,Plein jour,En agglomération,Intersection en X,Normale,Deux véhicules - côté,4,1,3,1,1,1,1,0,1,30,2,2,1,0,0,1,40.0,50.0,deux_roues,voiture,1,2,2,1,3
202200002003,2022-06-04 18:35:00,2022,6,4,18,35,44,44156,2 grissauland,46.94788,-1.59281,Plein jour,Hors agglomération,Hors intersection,Normale,Sans collision,3,2,2,0,1,4,1,0,1,70,1,1,0,0,1,0,23.0,,deux_roues,,1,1,1,1,7
202200002004,2022-03-23 00:30:00,2022,3,23,0,30,75,75108,BOULEVARD HAUSSMANN,48.874811,2.305981,Nuit avec éclairage allumé,En agglomération,Intersection à plus de 4 branches,Normale,Sans collision,4,2,4,0,1,1,1,0,1,30,1,1,0,0,0,1,44.0,,deux_roues,,5,2,5,1,7
202200002005,2022-10-19 21:35:00,2022,10,19,21,35,75,75115,RUE DE VAUGIRARD,48.844427,2.317701,Nuit avec éclairage allumé,En agglomération,Intersection en X,Normale,Deux véhicules - frontale,4,2,0,1,1,1,1,0,1,30,2,2,1,0,0,1,23.0,52.0,deux_roues,deux_roues,5,2,2,1,1
202200002006,2022-06-05 02:54:00,2022,6,5,2,54,44,44128,15 Rue du Pont de Saint-Clair,47.530169,-1.94958,Nuit sans éclairage public,En agglomération,Intersection en T,Normale,Autre collision,3,2,2,0,1,2,1,0,3,70,1,2,0,1,1,0,23.0,,voiture,,3,2,3,1,6
202200002007,2022-08-29 15:03:00,2022,8,29,15,3,69,69266,Route de Genas,45.75374,4.89556,Plein jour,En agglomération,Intersection en X,Normale,Deux véhicules - côté,4,1,1,0,1,1,1,0,1,50,2,5,2,0,1,2,51.0,70.0,voiture,voiture,1,2,2,1,3
202200002008,2022-03-22 22:55:00,2022,3,22,22,55,75,75108,AVENUE DE FRIEDLAND,48.8747832406,2.3050039262,Nuit avec éclairage allumé,En agglomération,Intersection en Y,Normale,Sans collision,4,1,1,0,1,1,1,0,1,30,1,1,0,0,0,1,20.0,,deux_roues,,5,2,4,1,7
202200002009,2022-11-24 18:30:00,2022,11,24,18,30,91,91339,RTE DE LEUVILLE,48.62641,2.26448,Nuit avec éclairage allumé,En agglomération,Intersection en T,Normale,Deux véhicules - frontale,4,2,1,0,1,1,1,0,1,30,2,2,1,0,1,0,49.0,23.0,transport_commun,deux_roues,5,2,3,1,1
202200002010,2022-10-19 07:56:00,2022,10,19,7,56,75,75114,BOULEVARD BRUNE,48.824535,2.319246,Crépuscule ou aube,En agglomération,Intersection en T,Normale,Autre collision,4,3,2,0,1,1,1,0,1,50,1,2,1,0,0,1,28.0,,voiture,,2,2,3,1,6
202200002011,2022-06-03 19:30:00,2022,6,3,19,30,44,44036,21 Rue Alsace Lorraine,47.716381,-1.381322,Plein jour,En agglomération,Hors intersection,Normale,Deux véhicules - côté,3,2,2,0,1,1,1,0,1,-1,2,2,1,0,1,0,16.0,26.0,deux_roues,voiture,1,2,1,1,3
202200002012,2022-03-23 18:50:00,2022,3,23,18,50,75,75107,RUE SAINT DOMINIQUE,48.857666,2.300245,Plein jour,En agglomération,Intersection à plus de 4 branches,Normale,Deux véhicules - arrière,4,1,1,0,1,1,1,0,1,30,2,2,1,0,0,1,17.0,24.0,deux_roues,utilitaire_camion,1,2,5,1,2
202200002013,2022-11-24 18:21:00,2022,11,24,18,21,32,32013,DARWIN,43.63117,0.58797,Nuit avec éclairage allumé,En agglomération,Hors intersection,Pluie légère,Deux véhicules - frontale,4,2,2,0,1,3,2,0,1,50,2,3,2,0,0,1,81.0,69.0,voiture,voiture,5,2,1,2,1
202200002014,2022-11-23 16:08:00,2022,11,23,16,8,87,87114,CROIX-FINOR (AVENUE),45.83469,1.31113,Plein jour,En agglomération,Intersection en T,Pluie légère,Deux véhicules - côté,3,4,3,0,1,1,2,0,1,50,2,2,1,0,0,1,30.0,33.0,voiture,deux_roues,1,2,3,2,3
202200002015,2022-10-19 12:20:00,2022,10,19,12,20,75,75113,BOULEVARD AUGUSTE BLANQUI,48.830342,2.345891,Plein jour,En agglomération,Intersection en X,Normale,Deux véhicules - arrière,4,1,3,1,1,1,1,0,1,30,2,2,1,0,0,1,50.0,46.0,voiture,deux_roues,1,2,2,1,2
202200002016,2022-06-03 18:30:00,2022,6,3,18,30,29,29218,D43 - D765,48.04061725,-4.525271594,Plein jour,Hors agglomération,Intersection en T,Normale,Deux véhicules - côté,3,2,2,0,1,1,1,0,1,80,2,2,1,0,1,0,15.0,60.0,deux_roues,voiture,1,1,3,1,3
202200002017,2022-03-23 03:20:00,2022,3,23,3,20,75,75107,QUAI VOLTAIRE,48.859562,2.329303,Nuit avec éclairage allumé,En agglomération,Intersection en T,Normale,Autre collision,4,1,4,0,1,1,1,0,1,30,1,1,0,0,0,1,29.0,,deux_roues,,5,2,3,1,6
202200002018,2022-10-02 21:10:00,2022,10,2,21,10,13,13056,MISTRAL AVENUE FREDERIC,43.40192,5.05867,Nuit avec éclairage allumé,En agglomération,Hors intersection,Normale,Deux véhicules - côté,4,2,2,0,1,1,6,9,1,50,2,2,1,0,0,1,40.0,23.0,deux_roues,voiture,5,2,1,1,3
202200002019,2022-10-19 17:50:00,2022,10,19,17,50,75,75112,PLACE DE LA BASTILLE,48.852135,2.369608,Plein jour,En agglomération,Place,Normale,Deux véhicules - frontale,4,-1,2,0,1,1,1,0,1,30,2,2,1,0,0,1,35.0,58.0,deux_roues,deux_roues,1,2,7,1,1
202200002020,2022-03-22 17:55:00,2022,3,22,17,55,75,75107,QUAI ANATOLE FRANCE,48.862305,2.319793,Plein jour,En agglomération,Intersection en Y,Normale,Deux véhicules - côté,4,2,5,0,1,1,1,0,1,30,2,2,1,0,0,1,57.0,74.0,voiture,deux_roues,1,2,4,1,3
202200002021,2022-06-04 21:57:00,2022,6,4,21,57,02,02302,,49.223907,3.200117,Nuit sans éclairage public,Hors agglomération,Hors intersection,Pluie légère,Autre collision,3,2,2,0,2,3,2,0,8,80,1,3,0,0,1,2,21.0,,voiture,,3,1,1,2,6
202200002022,2022-03-02 19:05:00,2022,3,2,19,5,92,92072,N118,48.8256717265,2.2217026207,Nuit sans éclairage public,Hors agglomération,Hors intersection,Normale,Sans collision,2,1,2,0,2,3,1,0,1,50,1,1,0,0,0,1,34.0,,deux_roues,,3,1,1,1,7
202200002023,2022-10-19 17:15:00,2022,10,19,17,15,75,75112,PLACE DE LA BASTILLE,48.853328,2.369758,Plein jour,En agglomération,Place,Normale,Autre collision,4,2,2,1,1,1,1,6,1,30,1,2,1,0,0,1,,,deux_roues,,1,2,7,1,6
202200002024,2022-11-23 18:30:00,2022,11,23,18,30,83,83069,TOULON (VIEUX CHEMIN DE),43.1235,6.0968,Nuit sans éclairage public,Hors agglomération,Hors intersection,Normale,Deux véhicules - côté,4,2,2,0,1,1,1,0,1,50,2,2,1,0,0,1,30.0,37.0,voiture,voiture,3,1,1,1,3
202200002025,2022-07-24 20:20:00,2022,7,24,20,20,11,11068,,43.182563,2.558227,Crépuscule ou aube,En agglomération,Passage à niveau,Normale,Autre collision,3,2,2,0,1,1,1,4,1,30,1,2,1,1,0,0,42.0,,transport_commun,,2,2,8,1,6
202200002026,2022-03-23 13:05:00,2022,3,23,13,5,75,75104,RUE DES ROSIERS,48.856956,2.359847,Plein jour,En agglomération,Intersection en T,Normale,Autre collision,4,1,1,0,1,1,1,6,8,30,1,2,1,0,0,1,54.0,,voiture,,1,2,3,1,6
202200002027,2022-10-19 19:30:00,2022,10,19,19,30,75,75111,RUE DE CHARONNE,48.855573,2.390122,Crépuscule ou aube,En agglomération,Intersection en T,Normale,Autre collision,4,2,2,0,2,1,1,0,1,30,1,2,1,0,0,1,47.0,,deux_roues,,2,2,3,1,6
202200002028,2022-06-01 21:15:00,2022,6,1,21,15,02,02822,,49.307543,3.103407,Crépuscule ou aube,Hors agglomération,Intersection en T,Normale,Deux véhicules - côté,3,2,2,0,1,1,1,0,1,80,2,2,1,0,1,0,53.0,49.0,voiture,deux_roues,2,1,3,1,3
202200002029,2022-11-24 15:51:00,2022,11,24,15,51,78,78609,CD 28,49.015859,1.910408,Plein jour,Hors agglomération,Intersection en Y,Normale,Deux véhicules - côté,3,3,2,3,2,1,1,5,1,70,2,2,1,0,0,1,40.0,67.0,voiture,voiture,1,1,4,1,3
202200002030,2022-12-28 19:35:00,2022,12,28,19,35,971,97107,Rue de Chateau Neuf - Bélair,16.085444,-61.577468,Nuit avec éclairage allumé,Hors agglomération,Hors intersection,Normale,Deux véhicules - côté,4,2,2,0,1,1,2,0,1,80,2,2,1,0,1,0,68.0,36.0,voiture,deux_roues,5,1,1,1,3
202200002031,2022-06-02 20:50:00,2022,6,2,20,50,02,02140,11 Route de Noyon,49.526057,3.132438,Plein jour,En agglomération,Hors intersection,Normale,Autre collision,3,2,2,0,1,1,1,0,4,50,1,1,0,0,1,0,40.0,,voiture,,1,2,1,1,6
202200002032,2022-10-19 15:15:00,2022,10,19,15,15,75,75111,PLACE LEON BLUM,48.85842,2.380018,Plein jour,En agglomération,Giratoire,Normale,Autre collision,4,1,1,0,1,1,1,0,1,30,1,2,1,0,0,1,34.0,,deux_roues,,1,2,6,1,6