accident_id,datetime,annee,mois,jour,heure,minute,departement,commune_insee,adresse,latitude,longitude,luminosite,agglomeration,intersection,meteo,collision,catr,circ,nbv,vosp,prof,plan,surf,infra,situ,vma,nb_vehicules,nb_usagers,nb_indemnes,nb_tues,nb_blesses_hosp,nb_blesses_legers,age_cond_1,age_cond_2,veh_type_cond_1,veh_type_cond_2,lum_code,agg_code,int_code,atm_code,col_code
202200002033,2022-11-24 07:10:00,2022,11,24,7,10,78,78172,RN 184,48.991773,2.081271,Nuit sans éclairage public,Hors agglomération,Autre intersection,Normale,Deux véhicules - arrière,2,1,3,0,1,1,2,2,1,70,2,2,0,0,0,2,27.0,34.0,voiture,utilitaire_camion,3,1,9,1,2
202200002034,2022-06-03 20:30:00,2022,6,3,20,30,02,02237,D967,49.683235,3.617549,Crépuscule ou aube,Hors agglomération,Autre intersection,Normale,Autre collision,3,2,2,0,1,2,1,0,3,80,1,1,0,0,1,0,24.0,,voiture,,2,1,9,1,6
202200002035,2022-09-24 00:04:00,2022,9,24,0,4,74,74010,ROND POINT (DU),45.89777,6.11081,Nuit avec éclairage allumé,En agglomération,Hors intersection,Normale,Deux véhicules - arrière,4,1,1,0,1,1,1,0,1,30,2,2,1,0,1,0,19.0,25.0,deux_roues,voiture,5,2,1,1,2
202200002036,2022-10-19 07:50:00,2022,10,19,7,50,75,75111,BOULEVARD VOLTAIRE,48.8569,2.381618,Plein jour,En agglomération,Hors intersection,Temps couvert,Deux véhicules - côté,4,2,0,0,1,1,1,0,1,30,2,2,1,0,0,1,32.0,44.0,deux_roues,utilitaire_camion,1,2,1,8,3
202200002037,2022-06-03 17:45:00,2022,6,3,17,45,03,03143,D2144,46.649745,2.588342,Plein jour,Hors agglomération,Hors intersection,Normale,Autre collision,3,2,2,0,2,1,1,0,8,90,1,2,0,0,2,0,79.0,,voiture,,1,1,1,1,6
202200002038,2022-07-29 23:55:00,2022,7,29,23,55,74,74281,RD 1005,46.37998,6.50717,Nuit avec éclairage non allumé,Hors agglomération,Hors intersection,Normale,Deux véhicules - frontale,3,2,3,0,2,1,1,0,1,80,2,2,0,0,2,0,37.0,18.0,voiture,voiture,4,1,1,1,1
202200002039,2022-10-19 19:30:00,2022,10,19,19,30,75,75116,AVENUE MOZART,48.854687,2.26936,Crépuscule ou aube,En agglomération,Intersection en X,Normale,Deux véhicules - arrière,4,1,2,0,1,1,1,0,1,30,2,3,2,0,0,1,25.0,62.0,voiture,deux_roues,2,2,2,1,2
202200002040,2022-06-03 23:40:00,2022,6,3,23,40,01,01252,La grenardière,46.15939,4.817547,Nuit sans éclairage public,Hors agglomération,Hors intersection,Pluie forte,Sans collision,4,2,1,0,2,1,2,0,1,80,1,1,0,0,1,0,47.0,,deux_roues,,3,1,1,3,7
202200002041,2022-04-13 19:00:00,2022,4,13,19,0,73,73065,D991,45.597612,5.916454,Crépuscule ou aube,En agglomération,Intersection en X,Normale,Deux véhicules - côté,3,3,5,2,2,1,1,5,1,50,2,2,1,0,0,1,22.0,51.0,utilitaire_camion,deux_roues,2,2,2,1,3
202200002042,2022-10-18 23:30:00,2022,10,18,23,30,75,75108,RUE DU FAUBOURG SAINT HONORE,48.872243,2.312445,Nuit avec éclairage allumé,En agglomération,Intersection en Y,Normale,Deux véhicules - côté,4,2,2,0,1,1,1,0,1,30,2,3,1,0,0,2,28.0,29.0,deux_roues,voiture,5,2,4,1,3
202200002043,2022-03-22 19:40:00,2022,3,22,19,40,75,75103,RUE REAUMUR,48.8654587712,2.3561181128,Nuit avec éclairage allumé,En agglomération,Intersection en Y,Normale,Sans collision,4,1,4,0,1,1,1,0,1,50,1,2,1,0,0,1,73.0,,deux_roues,,5,2,4,1,7
202200002044,2022-11-24 11:05:00,2022,11,24,11,5,77,77018,BD DES ECOLES,48.84776,2.81628,Plein jour,En agglomération,Hors intersection,Normale,Deux véhicules - côté,4,-1,1,0,1,1,1,0,1,50,2,2,1,0,0,1,25.0,59.0,autre,transport_commun,1,2,1,1,3
202200002045,2022-06-03 16:00:00,2022,6,3,16,0,01,01034,7 Boulevard du Mail,45.760864,5.687807,Plein jour,En agglomération,Hors intersection,Normale,Autre collision,4,2,2,0,1,1,1,0,3,-1,1,1,0,0,1,0,95.0,,voiture,,1,2,1,1,6
202200002046,2022-10-18 09:48:00,2022,10,18,9,48,75,75108,RUE DES SAUSSAIES,48.871064,2.31649,Plein jour,En agglomération,Place,Normale,Deux véhicules - arrière,4,1,1,0,1,1,1,0,1,30,2,2,1,0,0,1,48.0,29.0,voiture,deux_roues,1,2,7,1,2
202200002047,2022-11-24 08:20:00,2022,11,24,8,20,77,77243,MACHERET  (RUE   ),48.873894,2.70431,Crépuscule ou aube,En agglomération,Intersection en T,Temps couvert,Autre collision,4,1,0,0,1,1,2,0,1,50,1,2,1,0,0,1,62.0,,voiture,,2,2,3,8,6
202200002048,2022-06-06 18:20:00,2022,6,6,18,20,01,01266,Avenue de Macon,46.332588,5.113009,Plein jour,Hors agglomération,Hors intersection,Normale,Autre collision,3,2,2,0,1,1,1,0,1,70,1,2,1,1,0,0,28.0,,utilitaire_camion,,1,1,1,1,6
202200002049,2022-10-19 16:15:00,2022,10,19,16,15,75,75107,QUAI D ORSAY,48.862826,2.313468,Plein jour,En agglomération,Intersection en X,Normale,Deux véhicules - côté,4,2,4,1,1,1,1,5,1,30,2,2,1,0,0,1,50.0,49.0,deux_roues,utilitaire_camion,1,2,2,1,3
202200002050,2022-03-22 19:00:00,2022,3,22,19,0,75,75102,AVENUE DE L OPERA,48.870274,2.332521,Nuit avec éclairage allumé,En agglomération,Place,Normale,Deux véhicules - arrière,4,2,4,0,1,1,1,0,1,30,2,2,1,0,0,1,28.0,52.0,voiture,voiture,5,2,7,1,2
202200002051,2022-11-24 12:50:00,2022,11,24,12,50,77,77186,D210,48.41297,2.7115,Plein jour,En agglomération,Hors intersection,Normale,Deux véhicules - côté,3,3,2,1,2,1,1,0,1,50,2,2,1,0,1,0,40.0,23.0,voiture,deux_roues,1,2,1,1,3
202200002052,2022-12-20 19:15:00,2022,12,20,19,15,33,33015,212 Tertre du Lait,44.889594,-0.279851,Nuit sans éclairage public,Hors agglomération,Hors intersection,Pluie légère,Autre collision,3,2,2,0,1,1,2,0,1,80,1,2,1,0,1,0,33.0,,voiture,,3,1,1,2,6
202200002053,2022-03-23 18:40:00,2022,3,23,18,40,94,94038,Rue Paul Hochart,48.77578,2.35714,Crépuscule ou aube,En agglomération,Hors intersection,Normale,Autre collision,4,2,2,0,1,1,1,0,1,50,1,2,1,0,0,1,22.0,,deux_roues,,2,2,1,1,6
202200002054,2022-10-19 18:05:00,2022,10,19,18,5,75,75103,RUE DE TURBIGO,48.866843,2.361915,Plein jour,En agglomération,Intersection en X,Normale,Autre collision,4,2,3,1,1,1,1,0,5,30,1,2,1,0,0,1,54.0,,deux_roues,,1,2,2,1,6
202200002055,2022-11-24 07:50:00,2022,11,24,7,50,76,76322,Avenue Gal Leclerc,49.4209507954,1.0513132811,Plein jour,En agglomération,Giratoire,Normale,Deux véhicules - frontale,7,1,2,0,1,1,1,-1,6,50,2,2,1,0,0,1,15.0,26.0,deux_roues,voiture,1,2,6,1,1
202200002056,2022-03-23 08:57:00,2022,3,23,8,57,94,94021,134 Av du Pdt F Roosevelt,48.76971,2.36531,Plein jour,En agglomération,Hors intersection,Normale,Autre collision,3,1,2,0,1,1,1,0,1,30,1,3,1,0,0,2,65.0,,voiture,,1,2,1,1,6
202200002057,2022-06-05 23:30:00,2022,6,5,23,30,70,70263,N57,47.72361,6.307241,Nuit sans éclairage public,Hors agglomération,Intersection en X,Normale,Trois véhicules et plus - collisions multiples,2,2,2,0,1,1,1,0,1,80,3,4,2,0,2,0,19.0,67.0,voiture,voiture,3,1,2,1,5
202200002058,2022-10-19 17:15:00,2022,10,19,17,15,94,94041,Rue Gagnée,48.8026,2.38144,Plein jour,En agglomération,Hors intersection,Normale,Autre collision,4,2,2,0,1,1,1,0,1,50,1,2,1,0,0,1,81.0,,voiture,,1,2,1,1,6
202200002059,2022-09-20 13:40:00,2022,9,20,13,40,25,25388,LUDWIGSBURG (AVENUE DE),47.50495,6.81121,Plein jour,En agglomération,Hors intersection,Normale,Deux véhicules - arrière,3,2,4,0,1,1,1,2,1,50,2,2,1,1,0,0,21.0,59.0,deux_roues,utilitaire_camion,1,2,1,1,2
202200002060,2022-10-19 09:15:00,2022,10,19,9,15,94,94033,Avenue Rabelais,48.852014,2.476639,Plein jour,En agglomération,Hors intersection,Normale,Sans collision,4,2,2,0,2,1,1,0,1,50,1,1,0,0,0,1,28.0,,deux_roues,,1,2,1,1,7
202200002061,2022-03-23 17:43:00,2022,3,23,17,43,94,94001,Place de la Victoire / Rue du Bac,48.7245527749,2.4187350448,Plein jour,En agglomération,Place,Temps éblouissant,Autre collision,3,2,2,-1,1,1,1,0,6,-1,1,2,1,0,0,1,50.0,,voiture,,1,2,7,7,6
202200002062,2022-10-26 05:40:00,2022,10,26,5,40,73,73011,CHAMP DE MARS (AVENUE DU),45.66482,6.38698,Nuit avec éclairage allumé,En agglomération,Hors intersection,Normale,Autre collision,4,2,2,0,1,2,2,0,1,50,1,2,1,0,1,0,,,voiture,,5,2,1,1,6
202200002063,2022-10-19 11:00:00,2022,10,19,11,0,94,94022,Avenue Jean Jaures,48.765211,2.40803,Plein jour,En agglomération,Hors intersection,Normale,Autre collision,3,3,6,3,1,1,1,0,1,30,1,2,1,0,1,0,47.0,,utilitaire_camion,,1,2,1,1,6
202200002064,2022-06-05 11:35:00,2022,6,5,11,35,70,70482,Route de Saint Albin,47.663913,5.963548,Plein jour,En agglomération,Hors intersection,Normale,Deux véhicules - frontale,3,2,2,0,1,2,1,0,1,50,2,2,1,0,1,0,23.0,67.0,utilitaire_camion,voiture,1,2,1,1,1
202200002065,2022-11-24 20:10:00,2022,11,24,20,10,69,69266,Cours Emile Zola,45.76552,4.90109,Nuit avec éclairage allumé,En agglomération,Intersection en X,Normale,Deux véhicules - côté,4,2,2,2,3,1,1,0,1,50,2,2,1,0,0,1,24.0,28.0,deux_roues,voiture,5,2,2,1,3
202200002066,2022-03-23 08:46:00,2022,3,23,8,46,93,93050,Avenue du Général de Gaulle,48.85796,2.53359,Plein jour,En agglomération,Hors intersection,Normale,Trois véhicules et plus - en chaîne,3,3,4,0,1,1,1,9,1,50,3,3,2,0,0,1,23.0,66.0,voiture,voiture,1,2,1,1,4
202200002067,2022-10-19 08:45:00,2022,10,19,8,45,94,94069,5bis Quai de la République,48.817811,2.421376,Plein jour,En agglomération,Hors intersection,Normale,Autre collision,3,2,2,0,1,1,1,0,1,30,1,2,1,0,0,1,51.0,,deux_roues,,1,2,1,1,6
202200002068,2022-06-03 17:25:00,2022,6,3,17,25,58,58074,rd 985,46.8484316858,3.9324346419,Plein jour,En agglomération,Hors intersection,Normale,Deux véhicules - frontale,3,2,2,0,2,1,1,0,1,50,2,2,1,1,0,0,31.0,35.0,utilitaire_camion,voiture,1,2,1,1,1
202200002069,2022-10-15 08:00:00,2022,10,15,8,0,73,73330,D1504,45.6968069903,5.7999704604,Plein jour,Hors agglomération,Hors intersection,Brouillard / fumée,Deux véhicules - frontale,3,2,2,0,2,3,2,0,1,80,2,2,0,0,1,1,80.0,26.0,voiture,voiture,1,1,1,5,1
202200002070,2022-10-19 18:15:00,2022,10,19,18,15,93,93078,Boulevard Robert Ballanger,48.95706,2.54368,Crépuscule ou aube,En agglomération,Hors intersection,Normale,Deux véhicules - côté,3,3,2,0,1,1,1,0,1,50,2,2,1,0,0,1,39.0,25.0,voiture,deux_roues,2,2,1,1,3
202200002071,2022-06-04 17:30:00,2022,6,4,17,30,54,54072,D40,48.8492415666,6.0949230196,Plein jour,Hors agglomération,Intersection en X,Normale,Deux véhicules - frontale,3,2,2,0,1,1,1,0,1,80,2,5,4,0,1,0,37.0,46.0,voiture,deux_roues,1,1,2,1,1
202200002072,2022-11-24 19:02:00,2022,11,24,19,2,69,69264,Avenue de l’Europe,45.99834,4.73696,Nuit sans éclairage public,Hors agglomération,Hors intersection,Normale,Deux véhicules - frontale,3,2,2,2,1,2,1,2,1,80,2,2,1,0,0,1,35.0,24.0,voiture,voiture,3,1,1,1,1
202200002073,2022-10-18 19:35:00,2022,10,18,19,35,93,93078,Boulevard Robert Ballanger,48.9563576884,2.5415137601,Nuit avec éclairage allumé,En agglomération,Autre intersection,Normale,Autre collision,3,2,3,0,1,1,1,5,1,50,1,3,2,0,1,0,20.0,,voiture,,5,2,9,1,6
202200002074,2022-03-22 14:30:00,2022,3,22,14,30,94,94069,4 Quai de la République,48.81778,2.42076,Plein jour,En agglomération,Hors intersection,Normale,Deux véhicules - arrière,3,2,2,0,1,1,1,0,1,30,2,2,1,0,0,1,55.0,22.0,voiture,deux_roues,1,2,1,1,2
202200002075,2022-10-02 07:30:00,2022,10,2,7,30,59,59527,111,50.662042,3.050026,Crépuscule ou aube,En agglomération,Intersection en X,Pluie légère,Autre collision,7,2, -1,-1,1,1,2,5,1,50,1,3,1,0,0,2,40.0,,voiture,,2,2,2,2,6
202200002076,2022-03-23 14:05:00,2022,3,23,14,5,93,93071,WESTINGHOUSE (BOULEVARD),48.9270691351,2.5199466927,Plein jour,En agglomération,Hors intersection,Normale,Deux véhicules - côté,3,2,4,0,1,1,1,0,1,50,2,2,1,0,0,1,24.0,23.0,deux_roues,voiture,1,2,1,1,3
202200002077,2022-10-19 21:05:00,2022,10,19,21,5,93,93055,Rue Jules Auffret / Rue Rouget de Lisle,48.8898189215,2.4100582144,Nuit avec éclairage allumé,En agglomération,Intersection en T,Normale,Deux véhicules - frontale,3,2,2,0,1,1,1,0,1,50,2,2,0,0,0,2,39.0,22.0,deux_roues,deux_roues,5,2,3,1,1
202200002078,2022-11-24 18:20:00,2022,11,24,18,20,69,69029,Avenue Louis Mouillard,45.7258143125,4.9359208346,Nuit sans éclairage public,En agglomération,Hors intersection,Normale,Deux véhicules - frontale,7,2,4,0,1,4,1,0,1,50,2,2,0,0,0,1,44.0,,voiture,voiture,3,2,1,1,1
202200002079,2022-05-23 07:30:00,2022,5,23,7,30,69,69091,Autoroute 47,45.575174494,4.7185313702,Crépuscule ou aube,Hors agglomération,Hors intersection,Normale,Deux véhicules - arrière,1,3,4,0,1,1,1,0,1,90,2,2,1,0,0,1,49.0,24.0,voiture,voiture,2,1,1,1,2
202200002080,2022-06-05 18:10:00,2022,6,5,18,10,72,72300,Rue du Mans,48.0286836264,0.3689467905,Plein jour,En agglomération,Hors intersection,Normale,Deux véhicules - frontale,3,-1,2,0,1,3,1,6,1,50,2,5,4,0,1,0,35.0,50.0,voiture,voiture,1,2,1,1,1
202200002081,2022-10-19 11:50:00,2022,10,19,11,50,93,93055,Avenue Jean Lolive,48.8921339498,2.4075249493,Plein jour,En agglomération,Hors intersection,Temps éblouissant,Deux véhicules - côté,3,3,2,0,1,1,1,0,1,30,2,2,1,0,0,1,35.0,35.0,deux_roues,utilitaire_camion,1,2,1,7,3
202200002082,2022-11-24 12:10:00,2022,11,24,12,10,69,69259,Boulevard Ambroise Croizat,45.7000672189,4.8875498775,Plein jour,En agglomération,Hors intersection,Normale,Autre collision,7,2,4,3,1,1,1,0,4,50,1,2,1,0,0,1,17.0,,deux_roues,,1,2,1,1,6
202200002083,2022-03-23 18:00:00,2022,3,23,18,0,93,93039,CITE MARCEL PAUL,48.9198883109,2.3270944508,Plein jour,En agglomération,Hors intersection,Normale,Autre collision,3,2,2,0,1,1,1,0,4,50,2,2,1,0,0,1,10.0,,deux_roues,deux_roues,1,2,1,1,6
202200002084,2022-06-04 02:20:00,2022,6,4,2,20,05,05011,Route d Avançon,44.5233553933,6.1870193481,Nuit sans éclairage public,Hors agglomération,Hors intersection,Normale,Autre collision,3,2,2,0,2,1,1,0,3,80,1,2,0,0,1,1,21.0,,voiture,,3,1,1,1,6
202200002085,2022-12-12 14:41:00,2022,12,12,14,41,13,13077,MILLE CLEMENT (avenue),43.4123,4.99634,Plein jour,En agglomération,Hors intersection,Temps couvert,Deux véhicules - frontale,2,3,1,0,1,1,6,0,4,30,1,2,0,0,1,1,88.0,,voiture,,1,2,1,8,1
202200002086,2022-06-03 16:50:00,2022,6,3,16,50,05,05011,D942,44.547298,6.199636,Plein jour,Hors agglomération,Hors intersection,Normale,Sans collision,3,2,2,0,1,1,1,0,3,80,1,1,0,0,0,1,40.0,,deux_roues,,1,1,1,1,7
202200002087,2022-10-19 20:30:00,2022,10,19,20,30,93,93005,Route des Petits Ponts / Rue Julien Mira,48.9319153848,2.4906534885,Nuit avec éclairage allumé,En agglomération,Giratoire,Normale,Deux véhicules - frontale,4,2,2,0,2,1,1,0,1,50,2,2,1,0,0,1,36.0,28.0,voiture,voiture,5,2,6,1,1
202200002088,2022-03-22 22:50:00,2022,3,22,22,50,93,93077,ROSNY (AVENUE DE),48.88481,2.50646,Nuit avec éclairage allumé,En agglomération,Intersection en T,Normale,Deux véhicules - côté,3,1,4,0,1,1,1,0,1,50,2,2,1,0,1,0,22.0,67.0,deux_roues,voiture,5,2,3,1,3
202200002089,2022-11-24 19:39:00,2022,11,24,19,39,69,69091,Place Pasteur,45.58552,4.76904,Nuit avec éclairage allumé,En agglomération,Giratoire,Normale,Deux véhicules - côté,7,2,2,0,1,2,1,0,1,50,2,3,2,0,0,1,15.0,27.0,deux_roues,voiture,5,2,6,1,3
202200002090,2022-09-22 18:30:00,2022,9,22,18,30,84,84007,C.De GAULLE (Rocade),43.93414,4.83153,Plein jour,En agglomération,Intersection en X,Normale,Deux véhicules - frontale,4,3,6,0,1,1,1,5,1,50,2,2,0,0,0,2,33.0,19.0,voiture,voiture,1,2,2,1,1
202200002091,2022-03-21 18:21:00,2022,3,21,18,21,93,93053,PARIS (RUE DE),48.902079,2.46134,Plein jour,En agglomération,Hors intersection,Normale,Autre collision,3,3,4,0,1,1,1,0,1,50,1,3,2,0,1,0,51.0,,utilitaire_camion,,1,2,1,1,6
202200002092,2022-06-04 12:20:00,2022,6,4,12,20,50,50523,Sainte-Mère-Église,49.408397,-1.312459,Plein jour,En agglomération,Hors intersection,Normale,Deux véhicules - côté,3,2,2,0,1,1,1,0,1,50,2,2,1,0,1,0,49.0,57.0,voiture,deux_roues,1,2,1,1,3
202200002093,2022-10-19 18:00:00,2022,10,19,18,0,93,93001,Avenue de la République / Rue du Docteur Pesque,48.9131460884,2.3829018204,Crépuscule ou aube,En agglomération,Intersection en T,Normale,Deux véhicules - côté,3,2,2,0,1,1,1,8,1,50,2,2,1,0,1,0,23.0,25.0,deux_roues,utilitaire_camion,2,2,3,1,3
202200002094,2022-06-04 20:20:00,2022,6,4,20,20,50,50402,La Belle Etoile,49.512149,-1.782827,Plein jour,Hors agglomération,Hors intersection,Normale,Autre collision,3,2,2,0,2,2,1,0,1,80,1,1,0,1,0,0,62.0,,voiture,,1,1,1,1,6
202200002095,2022-11-24 12:05:00,2022,11,24,12,5,67,67218,FRANÇOIS MITTERRAND (ALLEE),48.52639,7.70736,Plein jour,En agglomération,Hors intersection,Temps couvert,Autre collision,4,1,1,0,2,1,2,9,1,50,1,2,1,0,0,1,80.0,,voiture,,1,2,1,8,6
202200002096,2022-10-18 19:40:00,2022,10,18,19,40,93,93001,Rue Henri Barbusse / Rue Paul Bert,48.9087799348,2.3905567549,Nuit avec éclairage allumé,En agglomération,Intersection en X,Normale,Autre collision,3,1,1,0,1,1,1,0,1,50,1,2,1,0,0,1,36.0,,voiture,,5,2,2,1,6
202200002097,2022-03-22 23:00:00,2022,3,22,23,0,93,93050,Rue Paul et Camille Thomoux / Avenue Robert Schumann,48.87334,2.52963,Nuit avec éclairage allumé,En agglomération,Intersection en T,Normale,Deux véhicules - arrière,3,2,3,0,1,1,1,0,1,50,2,2,1,0,0,1,,23.0,voiture,deux_roues,5,2,3,1,2
202200002098,2022-11-20 06:40:00,2022,11,20,6,40,62,62107,N47,50.48423,2.83605,Crépuscule ou aube,Hors agglomération,Hors intersection,Brouillard / fumée,Deux véhicules - arrière,2,1,2,0,1,1,1,0,1,70,2,2,1,0,1,0,45.0,21.0,voiture,voiture,2,1,1,5,2
202200002099,2022-04-10 07:45:00,2022,4,10,7,45,60,60584,Rue de la Libération,49.215905,2.418446,Crépuscule ou aube,En agglomération,Hors intersection,Normale,Autre collision,3,2,2,0,1,1,1,6,6,50,1,2,1,0,1,0,58.0,,voiture,,2,2,1,1,6
202200002100,2022-10-17 10:30:00,2022,10,17,10,30,92,92064,ALEXANDRE COUTUREAU,48.846295,2.215238,Plein jour,En agglomération,Hors intersection,Normale,Sans collision,4,1,1,1,2,1,1,0,1,50,1,1,0,0,0,1,54.0,,deux_roues,,1,2,1,1,7
202200002101,2022-11-23 17:20:00,2022,11,23,17,20,67,67218,ALFRED KASTLER (ROUTE),48.52731,7.735,Nuit avec éclairage allumé,Hors agglomération,Giratoire,Pluie légère,Autre collision,7,2,2,1,1,3,2,0,1,50,1,2,1,0,0,1,56.0,,voiture,,5,1,6,2,6
202200002102,2022-06-05 10:20:00,2022,6,5,10,20,64,64316,D26,43.018941,-0.932765,Plein jour,Hors agglomération,Hors intersection,Normale,Sans collision,3,2,2,0,2,2,9,0,1,80,1,1,0,0,1,0,58.0,,deux_roues,,1,1,1,1,7
202200002103,2022-03-22 23:55:00,2022,3,22,23,55,93,93031,Avenue du 18 Juin 1940 / Avenue Salvador Allende,48.95473,2.30795,Nuit avec éclairage allumé,En agglomération,Intersection à plus de 4 branches,Normale,Deux véhicules - côté,3,2,4,0,1,1,1,0,1,50,2,2,1,0,0,1,61.0,35.0,voiture,deux_roues,5,2,5,1,3
202200002104,2022-10-19 08:08:00,2022,10,19,8,8,92,92063,DIX-HUIT JUIN 1940 (AVENUE DU) EST,48.8673,2.19815,Plein jour,En agglomération,Intersection en T,Normale,Deux véhicules - côté,3,2,2,0,1,1,1,0,1,50,2,2,1,0,0,1,52.0,53.0,autre,voiture,1,2,3,1,3
202200002105,2022-12-17 10:35:00,2022,12,17,10,35,40,40192,CLEMENCEAU (AV GEORGES),43.88677,-0.49789,Plein jour,En agglomération,Hors intersection,Normale,Deux véhicules - côté,3,2,2,1,1,1,1,0,1,50,2,2,1,0,1,0,38.0,26.0,deux_roues,deux_roues,1,2,1,1,3
202200002106,2022-05-27 12:00:00,2022,5,27,12,0,64,64316,D26,43.017647,-0.959255,Plein jour,Hors agglomération,Hors intersection,Normale,Sans collision,3,2,2,0,2,2,1,0,1,80,1,1,0,0,1,0,42.0,,deux_roues,,1,1,1,1,7
202200002107,2022-03-23 22:30:00,2022,3,23,22,30,93,93029,Avenue Jean Jaurès,48.9127714104,2.4633981586,Nuit avec éclairage allumé,En agglomération,Hors intersection,Normale,Deux véhicules - côté,3,2,2,0,1,1,1,0,1,50,2,2,1,0,0,1,24.0,33.0,voiture,deux_roues,5,2,1,1,3
202200002108,2022-11-22 17:50:00,2022,11,22,17,50,67,67482,FABRIQUE (RUE DE LA),48.61025,7.77718,Crépuscule ou aube,En agglomération,Hors intersection,Normale,Deux véhicules - arrière,4,2,2,0,1,1,1,0,1,50,2,2,1,0,0,1,13.0,,deux_roues,voiture,2,2,1,1,2
202200002109,2022-06-02 16:40:00,2022,6,2,16,40,64,64037,D2,43.347195,-0.519817,Plein jour,Hors agglomération,Hors intersection,Normale,Deux véhicules - arrière,3,2,2,0,1,1,1,0,1,80,2,2,1,0,0,1,53.0,46.0,deux_roues,voiture,1,1,1,1,2
202200002110,2022-10-19 15:10:00,2022,10,19,15,10,92,92050,PLAINCHAMP J.BAPTISTE PLACE,48.8913582798,2.2002992034,Plein jour,En agglomération,Place,Normale,Deux véhicules - côté,4,2,4,0,1,1,1,0,1,50,2,3,2,0,0,1,51.0,41.0,transport_commun,utilitaire_camion,1,2,7,1,3
202200002111,2022-12-26 17:30:00,2022,12,26,17,30,35,35288,LAUNAY BRETON (AVENUE),48.62616,-1.99389,Crépuscule ou aube,En agglomération,Giratoire,Normale,Autre collision,4,2,2,2,3,1,2,0,1,50,1,2,1,0,0,1,95.0,,voiture,,2,2,6,1,6
202200002112,2022-11-24 12:30:00,2022,11,24,12,30,64,64102,Rond Point de la Faiencerie,43.49375,-1.49146,Plein jour,En agglomération,Giratoire,Normale,Deux véhicules - côté,4,2,2,0,1,1,1,0,1,50,2,2,1,0,0,1,42.0,54.0,deux_roues,voiture,1,2,6,1,3
202200002113,2022-10-19 05:50:00,2022,10,19,5,50,92,92046,BROSSOLETTE AVENUE PIERRE,48.8140626725,2.3029623627,Nuit avec éclairage allumé,En agglomération,Hors intersection,Brouillard / fumée,Deux véhicules - arrière,3,2,2,2,1,1,2,0,1,50,2,2,1,0,1,0,36.0,53.0,deux_roues,voiture,5,2,1,5,2
202200002114,2022-06-02 15:35:00,2022,6,2,15,35,73,73067,D1006,45.367494,6.288229,Plein jour,Hors agglomération,Hors intersection,Normale,Deux véhicules - frontale,3,2,2,0,1,2,1,0,1,80,2,2,0,1,1,0,82.0,65.0,voiture,voiture,1,1,1,1,1
202200002115,2022-12-22 18:10:00,2022,12,22,18,10,01,01159,Autoroute A40,46.336373,4.864379,Nuit sans éclairage public,Hors agglomération,Hors intersection,Pluie forte,Deux véhicules - arrière,1,3,2,0,1,1,2,0,1,130,2,3,0,0,0,3,73.0,54.0,utilitaire_camion,utilitaire_camion,3,1,1,3,2
202200002116,2022-03-23 16:30:00,2022,3,23,16,30,93,93001,Rue du Moutier / Rue de la Courneuve,48.91467,2.38355,Plein jour,En agglomération,Intersection en T,Normale,Deux véhicules - côté,4,1,1,0,1,1,1,0,1,30,2,4,2,0,0,2,66.0,28.0,utilitaire_camion,voiture,1,2,3,1,3
202200002117,2022-06-04 11:15:00,2022,6,4,11,15,18,18023,,47.060545,2.722566,Plein jour,Hors agglomération,Hors intersection,Normale,Autre collision,3,2,2,0,1,1,1,0,1,80,1,1,0,0,1,0,54.0,,voiture,,1,1,1,1,6
202200002118,2022-11-23 14:10:00,2022,11,23,14,10,63,63103,RD 227,45.925,3.0395,Plein jour,Hors agglomération,Hors intersection,Temps couvert,Sans collision,3,2,2,0,2,1,2,0,1,90,1,1,0,1,0,0,20.0,,voiture,,1,1,1,8,7
202200002119,2022-10-19 07:25:00,2022,10,19,7,25,92,92044,LEVALLOIS( PONT DE),48.8991482105,2.2786100507,Nuit avec éclairage allumé,En agglomération,Intersection en X,Normale,Autre collision,3,2,3,0,1,1,1,0,1,50,1,2,1,0,0,1,47.0,,voiture,,5,2,2,1,6
202200002120,2022-03-22 10:40:00,2022,3,22,10,40,93,93047,13 Place Jean Mermoz,48.90366,2.57086,Plein jour,En agglomération,Hors intersection,Normale,Autre collision,6,-1,0,0,1,2,1,9,6,10,1,2,1,0,0,1,29.0,,voiture,,1,2,1,1,6
202200002121,2022-06-06 02:00:00,2022,6,6,2,0,36,36154,Rue du chemin vert,46.576592,1.539395,Nuit sans éclairage public,En agglomération,Hors intersection,Normale,Autre collision,4,2,2,0,1,1,1,0,4,50,1,1,0,0,1,0,39.0,,voiture,,3,2,1,1,6
202200002122,2022-11-27 21:40:00,2022,11,27,21,40,74,74183,3395 Route de sommand,46.147557,6.514741,Nuit sans éclairage public,En agglomération,Hors intersection,Temps couvert,Deux véhicules - côté,3,2,2,0,2,2,1,0,1,50,2,3,0,0,0,3,35.0,49.0,voiture,voiture,3,2,1,8,3
202200002123,2022-10-19 00:44:00,2022,10,19,0,44,92,92040,GENERAL DE GAULLE (AVE DU) 32 A 62,48.82058,2.28028,Nuit avec éclairage allumé,En agglomération,Hors intersection,Normale,Autre collision,4,2,2,0,2,1,1,0,1,50,1,1,0,0,0,1,51.0,,deux_roues,,5,2,1,1,6