accident_id,datetime,annee,mois,jour,heure,minute,departement,commune_insee,adresse,latitude,longitude,luminosite,agglomeration,intersection,meteo,collision,catr,circ,nbv,vosp,prof,plan,surf,infra,situ,vma,nb_vehicules,nb_usagers,nb_indemnes,nb_tues,nb_blesses_hosp,nb_blesses_legers,age_cond_1,age_cond_2,veh_type_cond_1,veh_type_cond_2,lum_code,agg_code,int_code,atm_code,col_code
202200002494,2022-06-03 11:45:00,2022,6,3,11,45,22,22155,La Pie,48.227038,-2.733466,Plein jour,En agglomération,Intersection en T,Normale,Deux véhicules - côté,3,2,2,0,1,1,1,0,1,50,2,2,1,0,0,1,14.0,29.0,deux_roues,utilitaire_camion,1,2,3,1,3
202200002495,2022-10-17 09:35:00,2022,10,17,9,35,51,51454,rue de Cernay,49.2578880506,4.0561960638,Plein jour,Hors agglomération,Intersection en X,Normale,Deux véhicules - frontale,4,-1,2,0,1,1,1,0,1,30,2,2,1,0,0,1,60.0,31.0,utilitaire_camion,voiture,1,1,2,1,1
202200002496,2022-06-04 11:30:00,2022,6,4,11,30,35,35154,La Mesnerais,48.23306,-1.314014,Plein jour,Hors agglomération,Hors intersection,Normale,Autre collision,4,2,2,0,4,1,6,0,3,80,1,3,0,0,3,0,76.0,,voiture,,1,1,1,1,6
202200002497,2022-10-18 06:40:00,2022,10,18,6,40,51,51454,avenue d'Epernay,49.23687688,4.0141779184,Nuit avec éclairage allumé,En agglomération,Intersection en X,Pluie légère,Sans collision,4,2,2,0,1,1,2,0,1,50,1,2,1,0,0,1,38.0,,voiture,,5,2,2,2,7
202200002498,2022-06-05 22:40:00,2022,6,5,22,40,27,27200,15 Rue des Haies Bourdon,49.082794,1.206304,Nuit avec éclairage allumé,En agglomération,Hors intersection,Pluie légère,Autre collision,3,2,2,0,1,1,2,0,1,30,1,1,0,0,0,1,41.0,,deux_roues,,5,2,1,2,6
202200002499,2022-10-15 12:10:00,2022,10,15,12,10,50,50147,DIVISION LECLERC,49.06314,-1.43354,Plein jour,En agglomération,Intersection en T,Normale,Deux véhicules - côté,3,2,2,0,2,1,1,0,1,50,2,2,1,0,0,1,46.0,39.0,voiture,deux_roues,1,2,3,1,3
202200002500,2022-06-04 15:45:00,2022,6,4,15,45,60,60638,rue d'en haut,49.357729,2.329702,Plein jour,En agglomération,Intersection en T,Normale,Deux véhicules - côté,3,2,2,0,1,1,1,0,1,50,2,3,1,0,0,2,19.0,56.0,voiture,deux_roues,1,2,3,1,3
202200002501,2022-10-17 16:35:00,2022,10,17,16,35,49,49099,EUROPE (AVENUE DE L'),47.0502370073,-0.8847749233,Plein jour,En agglomération,Intersection en T,Normale,Deux véhicules - côté,4,2,2,1,1,3,2,0,1,50,2,2,1,0,0,1,19.0,24.0,deux_roues,voiture,1,2,3,1,3
202200002502,2022-10-18 07:51:00,2022,10,18,7,51,49,49007,PASTEUR AVENUE,47.48012,-0.52599,Crépuscule ou aube,En agglomération,Intersection en X,Normale,Deux véhicules - côté,4,2,2,0,1,1,2,0,1,50,2,2,1,0,0,1,39.0,18.0,deux_roues,voiture,2,2,2,1,3
202200002503,2022-10-17 12:35:00,2022,10,17,12,35,47,47323,GOUDOUNECHE(AVENUE ALBERT),44.406538,0.712448,Plein jour,En agglomération,Hors intersection,Normale,Deux véhicules - côté,3,-1,3,0,1,1,1,5,1,50,2,2,1,0,0,1,33.0,53.0,deux_roues,voiture,1,2,1,1,3
202200002504,2022-06-04 19:30:00,2022,6,4,19,30,60,60570,D923,49.250678,2.039267,Crépuscule ou aube,Hors agglomération,Intersection en X,Pluie forte,Deux véhicules - côté,3,2,2,0,1,1,2,0,1,80,2,4,0,0,0,4,43.0,49.0,voiture,voiture,2,1,2,3,3
202200002505,2022-10-17 19:45:00,2022,10,17,19,45,45,45338,9 Rue des Pervenches,47.997849,2.707593,Nuit avec éclairage allumé,En agglomération,Hors intersection,Normale,Autre collision,4,2,2,0,1,2,1,0,4,50,1,1,0,0,0,1,21.0,,voiture,,5,2,1,1,6
202200002506,2022-10-18 07:15:00,2022,10,18,7,15,44,44109,Pont de la rotonde,47.214904,-1.546043,Nuit avec éclairage allumé,En agglomération,Hors intersection,Normale,Deux véhicules - côté,4,2,3,3,2,1,1,0,1,30,2,2,0,0,2,0,46.0,27.0,deux_roues,deux_roues,5,2,1,1,3
202200002507,2022-10-10 17:00:00,2022,10,10,17,0,40,40281,ROCADE SUD (RD 824),43.86653,-0.48974,Plein jour,Hors agglomération,Hors intersection,Normale,Deux véhicules - arrière,3,2,1,0,1,1,1,0,1,80,2,2,1,0,0,1,49.0,18.0,deux_roues,utilitaire_camion,1,1,1,1,2
202200002508,2022-10-18 23:20:00,2022,10,18,23,20,38,38185,RUE JEAN VEYRAT,45.1811,5.71369,Nuit avec éclairage allumé,En agglomération,Intersection en X,Normale,Deux véhicules - côté,4,2,2,0,1,1,1,0,1,30,2,2,1,0,0,1,35.0,22.0,voiture,deux_roues,5,2,2,1,3
202200002509,2022-10-18 07:50:00,2022,10,18,7,50,37,37122,CHINON (BOULEVARD DE),47.35407,0.69384,Crépuscule ou aube,En agglomération,Intersection en T,Temps couvert,Deux véhicules - côté,4,2,2,0,1,1,2,0,1,50,2,2,1,0,0,1,19.0,18.0,voiture,deux_roues,2,2,3,8,3
202200002510,2022-10-18 08:15:00,2022,10,18,8,15,37,37122,CHINON (BOULEVARD DE),47.3491458234,0.665332675,Plein jour,En agglomération,Giratoire,Brouillard / fumée,Deux véhicules - côté,4,1,1,0,1,1,2,9,8,50,2,2,1,0,0,1,44.0,17.0,voiture,deux_roues,1,2,6,5,3
202200002511,2022-10-04 10:45:00,2022,10,4,10,45,34,34301,49 Boulevard Camille Blanc,43.40931,3.6731,Plein jour,En agglomération,Intersection en X,Normale,Deux véhicules - frontale,3,-1,2,0,1,1,1,0,1,50,2,2,1,0,1,0,66.0,54.0,voiture,deux_roues,1,2,2,1,1
202200002512,2022-10-18 07:55:00,2022,10,18,7,55,33,33162,Rue du Cap de Haut,44.88579,-0.63666,Plein jour,En agglomération,Intersection en T,Normale,Deux véhicules - côté,4,2,5,1,3,1,1,0,1,50,2,3,1,0,2,0,43.0,32.0,deux_roues,deux_roues,1,2,3,1,3
202200002513,2022-10-18 07:15:00,2022,10,18,7,15,33,33550,Avenue des Pyrénées,44.76363,-0.56032,Crépuscule ou aube,En agglomération,Intersection en T,Normale,Deux véhicules - côté,4,2,2,0,1,1,1,5,1,50,2,2,1,0,1,0,48.0,31.0,voiture,deux_roues,2,2,3,1,3
202200002514,2022-10-10 10:00:00,2022,10,10,10,0,33,33162,Avenue du Médoc,44.87961,-0.62678,Plein jour,En agglomération,Intersection en X,Normale,Deux véhicules - côté,1,1,2,0,2,2,1,3,1,50,2,2,1,0,0,1,32.0,29.0,voiture,utilitaire_camion,1,2,2,1,3
202200002515,2022-10-18 17:16:00,2022,10,18,17,16,29,29232,25 Rue Saint Alor,47.98305,-4.06309,Plein jour,En agglomération,Hors intersection,Normale,Deux véhicules - arrière,4,2,2,0,1,1,1,0,1,50,2,5,4,0,0,1,37.0,32.0,voiture,voiture,1,2,1,1,2
202200002516,2022-10-17 07:35:00,2022,10,17,7,35,29,29232,N165,48.016362053,-4.0801539407,Nuit sans éclairage public,Hors agglomération,Hors intersection,Pluie légère,Trois véhicules et plus - collisions multiples,2,3,4,0,1,1,2,0,1,110,4,4,0,0,0,4,40.0,56.0,voiture,voiture,3,1,1,2,5
202200002517,2022-10-17 13:00:00,2022,10,17,13,0,29,29019,Rond Point de Pen Ar Chleuz,48.41422,-4.48026,Plein jour,En agglomération,Giratoire,Normale,Deux véhicules - arrière,4,-1,3,0,1,2,1,5,1,50,2,2,0,0,0,2,83.0,45.0,voiture,voiture,1,2,6,1,2
202200002518,2022-10-18 11:30:00,2022,10,18,11,30,25,25056,MARCHAUX ROUTE DE,47.26691,6.05461,Plein jour,En agglomération,Hors intersection,Normale,Autre collision,3,2,2,0,1,1,1,0,1,50,1,3,2,0,0,1,61.0,,voiture,,1,2,1,1,6
202200002519,2022-10-18 20:00:00,2022,10,18,20,0,22,22113,2 Rue Saint-marc,48.734075,-3.443855,Nuit avec éclairage non allumé,En agglomération,Giratoire,Normale,Autre collision,3,-1,2,0,1,1,1,9,8,50,2,2,1,0,0,1,48.0,18.0,voiture,deux_roues,4,2,6,1,6
202200002520,2022-10-16 18:00:00,2022,10,16,18,0,21,21231,BOURROCHES (DES) (BOULEVARD),47.308158,5.018316,Plein jour,En agglomération,Intersection en T,Normale,Deux véhicules - côté,4,2,2,0,1,1,1,0,1,50,2,2,1,0,1,0,18.0,51.0,deux_roues,voiture,1,2,3,1,3
202200002521,2022-10-18 16:05:00,2022,10,18,16,5,17,17274,VAUCANSON   RUE DE,46.165848,-1.101982,Plein jour,En agglomération,Hors intersection,Normale,Deux véhicules - côté,4,2,2,0,1,1,1,9,4,50,2,2,1,0,0,1,26.0,52.0,utilitaire_camion,voiture,1,2,1,1,3
202200002522,2022-10-18 07:15:00,2022,10,18,7,15,13,13071,ROUTE NATIONALE 113 - AGAVON,43.41627,5.27826,Nuit sans éclairage public,Hors agglomération,Intersection en Y,Normale,Deux véhicules - côté,3,2,2,0,1,3,1,5,1,70,2,2,1,0,1,0,57.0,49.0,utilitaire_camion,deux_roues,3,1,4,1,3
202200002523,2022-10-17 16:00:00,2022,10,17,16,0,13,13056,PORT DE BOUC ROUTE DE,43.41034,5.03968,Plein jour,En agglomération,Autre intersection,Normale,Deux véhicules - côté,3,3,1,0,1,1,1,0,1,50,2,2,1,0,1,0,85.0,43.0,autre,voiture,1,2,9,1,3
202200002524,2022-10-17 07:20:00,2022,10,17,7,20,13,13202,CAP PINEDE (Avenue),43.32695,5.3589,Plein jour,Hors agglomération,Hors intersection,Normale,Deux véhicules - côté,4,1,4,0,2,1,1,0,1,50,2,2,1,0,0,1,58.0,50.0,voiture,utilitaire_camion,1,1,1,1,3
202200002525,2022-10-18 09:00:00,2022,10,18,9,0,13,13005,ROCHE FOURCADE (AVENUE DE LA),43.28457,5.53584,Plein jour,En agglomération,Hors intersection,Normale,Deux véhicules - côté,4,2,2,0,1,1,1,0,1,30,2,2,0,0,1,1,20.0,35.0,deux_roues,voiture,1,2,1,1,3
202200002526,2022-10-18 08:55:00,2022,10,18,8,55,13,13005,BONNES NOUVELLES (CH.DES),43.29168,5.59143,Plein jour,En agglomération,Hors intersection,Normale,Deux véhicules - côté,4,2,2,0,1,1,1,0,1,50,2,2,1,0,0,1,24.0,63.0,autre,voiture,1,2,1,1,3
202200002527,2022-10-17 16:35:00,2022,10,17,16,35,10,10387,LARGENTIER (RUE),48.3047,4.0762,Plein jour,En agglomération,Hors intersection,Normale,Deux véhicules - côté,4,1,1,0,1,1,1,0,1,50,1,1,0,0,0,1,27.0,,voiture,,1,2,1,1,3
202200002528,2022-10-18 17:20:00,2022,10,18,17,20,04,04112,DEPARTEMENTALE 4096,43.83954,5.8064,Plein jour,Hors agglomération,Hors intersection,Normale,Deux véhicules - arrière,3,2,2,0,1,1,1,0,1,70,2,2,1,0,0,1,18.0,30.0,deux_roues,voiture,1,1,1,1,2
202200002529,2022-06-17 16:48:00,2022,6,17,16,48,06,06088,PROVANA-DE-LEYNI (R.),43.7024,7.27176,Plein jour,En agglomération,Hors intersection,Normale,Autre collision,4,2,2,0,1,1,1,0,1,50,1,2,1,0,0,1,53.0,,voiture,,1,2,1,1,6
202200002530,2022-06-28 08:51:00,2022,6,28,8,51,06,06088,RAYBAUD JOSEPH,43.72773,7.28218,Plein jour,En agglomération,Hors intersection,Normale,Autre collision,4,2,2,0,1,1,1,0,4,50,1,2,1,0,0,1,,,autre,,1,2,1,1,6
202200002531,2022-06-26 10:25:00,2022,6,26,10,25,06,06088,BORNALA (AV. DE LA),43.6942,7.2383,Plein jour,En agglomération,Autre intersection,Normale,Deux véhicules - côté,4,2,2,2,1,1,1,0,1,50,2,2,1,0,0,1,49.0,35.0,voiture,deux_roues,1,2,9,1,3
202200002532,2022-06-26 13:00:00,2022,6,26,13,0,06,06088,RAYNAUD (BD AUGUSTE),43.71374,7.25871,Plein jour,En agglomération,Autre intersection,Normale,Autre collision,4,1,1,0,1,3,1,0,1,50,1,2,1,0,0,1,52.0,,utilitaire_camion,,1,2,9,1,6
202200002533,2022-06-22 08:15:00,2022,6,22,8,15,06,06088,QUAI DES ETATS UNIS,43.69517,7.274,Plein jour,En agglomération,Hors intersection,Pluie légère,Deux véhicules - frontale,4,1,0,1,2,3,2,6,4,10,1,2,1,0,1,0,23.0,,utilitaire_camion,,1,2,1,2,1
202200002534,2022-06-24 09:54:00,2022,6,24,9,54,06,06088,POMPIDOU (BD GEORGES),43.66959,7.20352,Plein jour,En agglomération,Hors intersection,Normale,Autre collision,4,1,2,0,1,1,1,6,1,50,1,2,1,0,1,0,24.0,,voiture,,1,2,1,1,6
202200002535,2022-09-17 14:30:00,2022,9,17,14,30,92,92063,DIX-HUIT JUIN 1940 (AVENUE DU) SUD,48.8662796389,2.2018076777,Plein jour,En agglomération,Hors intersection,Normale,Autre collision,3,2,2,0,2,1,1,0,1,50,1,2,1,0,0,1,69.0,,voiture,,1,2,1,1,6
202200002536,2022-09-17 18:26:00,2022,9,17,18,26,92,92049,GINOUX AV. HENRI N°1 A 95 ET 2 A 104,48.8139775393,2.3201639056,Plein jour,En agglomération,Hors intersection,Normale,Sans collision,4,1,1,1,1,1,1,0,5,30,1,1,0,0,0,1,5.0,,deux_roues,,1,2,1,1,7
202200002537,2022-09-17 11:20:00,2022,9,17,11,20,92,92048,VAUGIRARD (ROUTE DE),48.8210172309,2.2353591621,Plein jour,En agglomération,Hors intersection,Normale,Sans collision,3,2,0,1,1,1,1,0,5,25,1,1,0,0,0,1,37.0,,deux_roues,,1,2,1,1,7
202200002538,2022-09-17 10:00:00,2022,9,17,10,0,974,97411,33 Route de Cambaie,-20.966054,55.293839,Plein jour,Hors agglomération,Autre intersection,Normale,Deux véhicules - côté,2,2,4,3,1,1,1,0,5,80,2,2,1,0,0,1,28.0,73.0,deux_roues,deux_roues,1,1,9,1,3
202200002539,2022-09-17 11:15:00,2022,9,17,11,15,47,47137,6 Route d'Agen,44.113784,0.531462,Plein jour,En agglomération,Hors intersection,Normale,Deux véhicules - côté,3,2,2,0,2,1,1,0,1,50,2,3,2,0,1,0,63.0,28.0,deux_roues,voiture,1,2,1,1,3
202200002540,2022-09-18 14:10:00,2022,9,18,14,10,08,08001,Route de Nanteuil,49.502137,4.334037,Plein jour,Hors agglomération,Hors intersection,Normale,Sans collision,3,2,2,0,2,1,1,0,1,80,1,1,0,0,1,0,16.0,,deux_roues,,1,1,1,1,7
202200002541,2022-09-18 17:40:00,2022,9,18,17,40,2A,2A249,Route de la Corniche,41.679383,8.911521,Plein jour,En agglomération,Hors intersection,Normale,Autre collision,2,2,2,0,1,1,1,0,4,50,1,3,1,0,2,0,22.0,,voiture,,1,2,1,1,6
202200002542,2022-09-17 11:45:00,2022,9,17,11,45,01,01362,Départemantale 6,45.958788,4.890869,Plein jour,Hors agglomération,Intersection en X,Normale,Deux véhicules - côté,3,2,2,0,1,1,1,5,1,80,2,2,0,0,0,2,25.0,60.0,voiture,voiture,1,1,2,1,3
202200002543,2022-09-17 06:20:00,2022,9,17,6,20,01,01090,Chemin du Village,46.030219,5.20061,Crépuscule ou aube,Hors agglomération,Hors intersection,Normale,Autre collision,4,2,2,0,1,1,1,0,1,80,1,1,0,0,1,0,38.0,,voiture,,2,1,1,1,6
202200002544,2022-09-17 15:15:00,2022,9,17,15,15,24,24367,route départementale 41,45.140081,0.320932,Plein jour,Hors agglomération,Intersection en T,Normale,Deux véhicules - frontale,3,2,2,0,1,1,1,0,1,70,2,6,0,0,2,4,51.0,76.0,voiture,voiture,1,1,3,1,1
202200002545,2022-09-18 05:15:00,2022,9,18,5,15,43,43088,Route de Brioude,45.305908,3.235458,Nuit sans éclairage public,Hors agglomération,Hors intersection,Normale,Sans collision,3,2,2,0,4,1,1,0,3,-1,1,5,2,0,3,0,20.0,,voiture,,3,1,1,1,7
202200002546,2022-09-17 15:10:00,2022,9,17,15,10,18,18117,,47.406776,2.673594,Plein jour,Hors agglomération,Hors intersection,Normale,Sans collision,3,2,2,0,4,1,1,0,3,80,1,1,0,0,1,0,73.0,,deux_roues,,1,1,1,1,7
202200002547,2022-09-17 01:05:00,2022,9,17,1,5,77,77401,Autoroute A4,49.00989,3.144582,Nuit avec éclairage allumé,Hors agglomération,Autre intersection,Normale,Autre collision,1,3,4,0,1,1,1,7,8,110,1,1,0,0,0,1,26.0,,voiture,,5,1,9,1,6
202200002548,2022-09-18 15:50:00,2022,9,18,15,50,91,91665,avenue de la division leclerc,48.655494,2.274159,Plein jour,En agglomération,Hors intersection,Normale,Deux véhicules - arrière,3,3,4,0,1,1,1,0,1,50,2,2,1,0,1,0,45.0,23.0,deux_roues,deux_roues,1,2,1,1,2
202200002549,2022-09-17 07:00:00,2022,9,17,7,0,06,06130,D6085,43.679465,6.894565,Crépuscule ou aube,Hors agglomération,Hors intersection,Normale,Sans collision,3,2,2,0,2,1,1,0,1,80,1,1,0,0,1,0,47.0,,deux_roues,,2,1,1,1,7
202200002550,2022-09-18 06:20:00,2022,9,18,6,20,58,58215,A77 échangeur 26 PK117+445,47.270843,2.978711,Nuit sans éclairage public,Hors agglomération,Hors intersection,Normale,Autre collision,1,3,4,0,1,3,1,3,8,110,1,1,0,0,1,0,51.0,,voiture,,3,1,1,1,6
202200002551,2022-09-18 11:45:00,2022,9,18,11,45,50,50420,les fontaines,49.073968,-1.2034,Plein jour,Hors agglomération,Hors intersection,Normale,Deux véhicules - frontale,3,2,2,0,1,3,1,0,1,80,2,2,0,0,0,2,46.0,31.0,voiture,voiture,1,1,1,1,1
202200002552,2022-09-17 17:30:00,2022,9,17,17,30,56,56168,Toul Siach,47.620263,-3.135245,Plein jour,Hors agglomération,Giratoire,Normale,Deux véhicules - côté,3,2,2,0,1,1,1,5,1,80,2,2,1,0,1,0,59.0,73.0,voiture,deux_roues,1,1,6,1,3
202200002553,2022-09-17 18:40:00,2022,9,17,18,40,2B,2B286,Route de Pinarello,42.483559,9.502552,Plein jour,En agglomération,Hors intersection,Normale,Deux véhicules - frontale,3,2,2,0,1,1,1,0,1,80,2,2,1,0,0,1,,14.0,autre,deux_roues,1,2,1,1,1
202200002554,2022-09-18 16:25:00,2022,9,18,16,25,89,89010,Sentier des Demoiselles,47.721664,3.966897,Plein jour,Hors agglomération,Hors intersection,Normale,Autre collision,4,-1,2,0,1,1,1,0,8,-1,1,1,0,1,0,0,56.0,,voiture,,1,1,1,1,6
202200002555,2022-09-17 15:00:00,2022,9,17,15,0,61,61415,N12,48.506114,0.320047,Plein jour,Hors agglomération,Hors intersection,Normale,Autre collision,2,3,4,0,1,1,1,0,3,110,1,2,0,0,1,1,28.0,,voiture,,1,1,1,1,6
202200002556,2022-09-17 14:40:00,2022,9,17,14,40,55,55010,D604,48.640892,5.058303,Plein jour,Hors agglomération,Hors intersection,Normale,Autre collision,3,2,2,0,2,3,1,0,3,80,1,1,0,0,1,0,24.0,,deux_roues,,1,1,1,1,6
202200002557,2022-09-16 13:15:00,2022,9,16,13,15,25,25527,Chemin du Moulin de Benusse,47.180211,5.841202,Plein jour,Hors agglomération,Hors intersection,Normale,Autre collision,4,2,1,0,1,3,1,0,3,80,1,1,0,0,1,0,36.0,,deux_roues,,1,1,1,1,6
202200002558,2022-09-18 17:20:00,2022,9,18,17,20,25,25016,D6,47.007716,6.188425,Plein jour,Hors agglomération,Hors intersection,Normale,Deux véhicules - frontale,3,2,2,0,2,3,1,0,1,80,2,3,0,0,0,3,27.0,55.0,deux_roues,deux_roues,1,1,1,1,1
202200002559,2022-09-18 12:15:00,2022,9,18,12,15,35,35246,D676,48.534283,-1.807777,Plein jour,Hors agglomération,Intersection en X,Normale,Deux véhicules - côté,3,2,2,0,1,1,1,0,1,80,2,3,2,0,1,0,90.0,36.0,voiture,deux_roues,1,1,2,1,3
202200002560,2022-09-18 09:00:00,2022,9,18,9,0,35,35184,RN12,48.2064237714,-2.0394524932,Plein jour,Hors agglomération,Hors intersection,Normale,Autre collision,2,3,4,0,1,1,1,0,3,110,1,4,2,1,1,0,21.0,,voiture,,1,1,1,1,6
202200002561,2022-09-17 16:50:00,2022,9,17,16,50,29,29244,Kerven,48.545922,-4.179123,Plein jour,En agglomération,Hors intersection,Normale,Deux véhicules - frontale,4,2,2,0,3,2,1,0,1,30,2,2,1,0,1,0,25.0,15.0,utilitaire_camion,deux_roues,1,2,1,1,1
202200002562,2022-09-16 12:15:00,2022,9,16,12,15,29,29160,Allée des Primevères,48.507411,-4.425178,Plein jour,En agglomération,Intersection en X,Normale,Deux véhicules - côté,4,2,2,0,1,1,1,5,1,50,2,2,1,0,1,0,37.0,55.0,voiture,deux_roues,1,2,2,1,3
202200002563,2022-09-17 17:00:00,2022,9,17,17,0,38,38082,Rue des Bains,45.433263,5.513742,Plein jour,En agglomération,Autre intersection,Normale,Autre collision,3,2,2,0,2,2,1,0,1,50,1,2,1,0,0,1,61.0,,voiture,,1,2,9,1,6
202200002564,2022-09-18 01:15:00,2022,9,18,1,15,02,02634,,49.696728,4.172755,Nuit sans éclairage public,Hors agglomération,Hors intersection,Normale,Sans collision,3,2,2,0,1,1,1,0,3,80,1,1,0,0,0,1,23.0,,deux_roues,,3,1,1,1,7
202200002565,2022-09-18 02:00:00,2022,9,18,2,0,15,15108,D448,44.888582,3.201356,Nuit sans éclairage public,Hors agglomération,Hors intersection,Normale,Autre collision,3,2,2,0,2,1,1,0,3,90,1,1,0,0,1,0,46.0,,voiture,,3,1,1,1,6
202200002566,2022-09-17 14:30:00,2022,9,17,14,30,01,01148,RD 936,46.322752,5.650722,Plein jour,Hors agglomération,Hors intersection,Normale,Autre collision,3,2,2,0,1,2,1,0,3,80,1,2,0,1,0,1,22.0,,voiture,,1,1,1,1,6
202200002567,2022-09-18 10:55:00,2022,9,18,10,55,58,58062,La Marquise,47.054482,3.927682,Plein jour,En agglomération,Hors intersection,Normale,Autre collision,3,2,2,0,1,1,1,0,8,70,1,1,0,0,0,1,18.0,,voiture,,1,2,1,1,6
202200002568,2022-09-18 05:30:00,2022,9,18,5,30,06,06007,Route de Saint Jacques,43.612795,6.917744,Nuit avec éclairage allumé,Hors agglomération,Hors intersection,Normale,Deux véhicules - frontale,3,2,2,0,2,2,1,0,3,-1,1,1,0,0,1,0,24.0,,deux_roues,,5,1,1,1,1
202200002569,2022-09-17 19:15:00,2022,9,17,19,15,14,14534,D675,49.264435,0.145711,Crépuscule ou aube,Hors agglomération,Hors intersection,Normale,Autre collision,3,2,2,0,1,1,1,0,1,90,1,2,0,0,0,2,16.0,,deux_roues,,2,1,1,1,6
202200002570,2022-09-18 10:35:00,2022,9,18,10,35,50,50359,Rue de la 30eme Division Morta,48.6465087,-0.9402138,Plein jour,En agglomération,Hors intersection,Temps éblouissant,Autre collision,3,2,2,0,2,1,1,0,1,50,1,2,1,1,0,0,79.0,,voiture,,1,2,1,7,6
202200002571,2022-09-18 07:00:00,2022,9,18,7,0,45,45188,D2152 PR 44 + 270,47.9920762221,2.0758830849,Crépuscule ou aube,Hors agglomération,Hors intersection,Normale,Sans collision,3,2,1,0,1,1,1,0,3,90,1,1,0,0,0,1,25.0,,voiture,,2,1,1,1,7
202200002572,2022-09-17 11:00:00,2022,9,17,11,0,43,43113,RD28,44.965963,3.974747,Plein jour,Hors agglomération,Hors intersection,Normale,Autre collision,3,2,2,0,1,2,1,9,3,80,1,1,0,0,1,0,37.0,,deux_roues,,1,1,1,1,6
202200002573,2022-09-18 15:30:00,2022,9,18,15,30,04,04031,d 907,43.932756,6.154817,Plein jour,Hors agglomération,Hors intersection,Normale,Deux véhicules - frontale,3,2,2,0,2,3,1,0,1,70,2,4,2,0,0,2,56.0,36.0,utilitaire_camion,voiture,1,1,1,1,1
202200002574,2022-09-18 01:00:00,2022,9,18,1,0,17,17024,D950,46.033709,-0.347142,Nuit sans éclairage public,Hors agglomération,Hors intersection,Normale,Sans collision,3,2,2,0,2,1,1,0,3,80,1,1,0,0,1,0,18.0,,utilitaire_camion,,3,1,1,1,7
202200002575,2022-09-17 19:00:00,2022,9,17,19,0,37,37151,D938,47.447888,0.632253,Plein jour,Hors agglomération,Hors intersection,Normale,Deux véhicules - frontale,7,2,2,0,3,1,1,0,1,80,2,3,1,0,2,0,27.0,37.0,voiture,deux_roues,1,1,1,1,1
202200002576,2022-09-08 19:15:00,2022,9,8,19,15,37,37167,L Iverserie,47.536725,0.537879,Plein jour,Hors agglomération,Hors intersection,Normale,Deux véhicules - arrière,4,2,2,0,1,1,1,0,1,80,2,3,2,0,0,1,15.0,23.0,deux_roues,voiture,1,1,1,1,2
202200002577,2022-09-17 22:40:00,2022,9,17,22,40,30,30305,Route de Mazac,44.162708,4.141771,Nuit sans éclairage public,Hors agglomération,Hors intersection,Normale,Autre collision,3,2,2,0,2,2,1,0,3,70,1,3,2,0,0,1,21.0,,voiture,,3,1,1,1,6
202200002578,2022-09-12 17:15:00,2022,9,12,17,15,88,88051,RD13,48.250355,5.899873,Plein jour,Hors agglomération,Hors intersection,Normale,Deux véhicules - frontale,3,2,2,0,1,1,1,0,1,90,2,4,2,0,2,0,32.0,53.0,deux_roues,voiture,1,1,1,1,1
202200002579,2022-09-18 17:00:00,2022,9,18,17,0,80,80725,A29,49.875753,2.211172,Plein jour,Hors agglomération,Hors intersection,Normale,Deux véhicules - arrière,1,1,4,0,3,1,1,0,1,90,2,4,3,0,0,1,52.0,70.0,voiture,voiture,1,1,1,1,2
202200002580,2022-09-16 15:50:00,2022,9,16,15,50,63,63066,A89 PK 444+110 sens LYON/CLERMONT-FERRAND,45.874503,3.641667,Plein jour,Hors agglomération,Hors intersection,Normale,Sans collision,1,3,2,0,2,1,1,0,3,110,1,4,3,0,1,0,56.0,,voiture,,1,1,1,1,7
202200002581,2022-09-17 15:21:00,2022,9,17,15,21,49,49266,Autoroute A11- PK283+000,47.435958,-0.78019,Plein jour,Hors agglomération,Hors intersection,Normale,Sans collision,1,3,2,0,1,1,1,0,8,-1,1,1,0,0,1,0,61.0,,voiture,,1,1,1,1,7
202200002582,2022-09-16 18:49:00,2022,9,16,18,49,83,83140,A8,43.4354753563,5.9298305511,Crépuscule ou aube,Hors agglomération,Hors intersection,Normale,Sans collision,1,3,3,0,1,1,1,0,1,130,2,2,1,0,0,1,19.0,24.0,utilitaire_camion,deux_roues,2,1,1,1,7
202200002583,2022-09-18 04:25:00,2022,9,18,4,25,974,97415,RN1A,-21.064688,55.223626,Nuit sans éclairage public,En agglomération,Hors intersection,Normale,Deux véhicules - frontale,2,2,2,1,1,3,1,0,1,70,2,3,0,0,2,1,36.0,24.0,voiture,voiture,3,2,1,1,1
202200002584,2022-09-17 08:45:00,2022,9,17,8,45,33,33527,AVENUE FRANCOIS MITTERAND,44.62322,-1.024776,Plein jour,En agglomération,Giratoire,Normale,Deux véhicules - arrière,3,-1,2,0,1,1,1,5,1,50,2,2,1,0,0,1,32.0,15.0,voiture,deux_roues,1,2,6,1,2
202200002585,2022-09-17 18:13:00,2022,9,17,18,13,78,78575,Rue de Versailles,48.719738,2.087827,Plein jour,Hors agglomération,Autre intersection,Normale,Deux véhicules - côté,3,2,2,0,2,3,1,9,1,50,2,2,1,0,1,0,41.0,34.0,voiture,deux_roues,1,1,9,1,3
202200002586,2022-09-17 18:35:00,2022,9,17,18,35,13,13085,D3d,43.250067,5.605296,Plein jour,Hors agglomération,Hors intersection,Normale,Sans collision,7,2,2,0,2,3,1,0,3,90,1,1,0,0,1,0,26.0,,deux_roues,,1,1,1,1,7
202200002587,2022-09-18 03:30:00,2022,9,18,3,30,13,13100,D30A,43.819116,4.897188,Nuit sans éclairage public,Hors agglomération,Hors intersection,Normale,Trois véhicules et plus - collisions multiples,3,2,2,0,1,1,1,0,3,80,1,5,0,0,1,4,22.0,,voiture,,3,1,1,1,5