accident_id,datetime,annee,mois,jour,heure,minute,departement,commune_insee,adresse,latitude,longitude,luminosite,agglomeration,intersection,meteo,collision,catr,circ,nbv,vosp,prof,plan,surf,infra,situ,vma,nb_vehicules,nb_usagers,nb_indemnes,nb_tues,nb_blesses_hosp,nb_blesses_legers,age_cond_1,age_cond_2,veh_type_cond_1,veh_type_cond_2,lum_code,agg_code,int_code,atm_code,col_code
202200002588,2022-09-18 10:17:00,2022,9,18,10,17,89,89337,,47.73323,3.603113,Plein jour,Hors agglomération,Intersection en T,Normale,Deux véhicules - côté,3,2,2,0,1,3,1,0,1,70,2,3,1,0,2,0,68.0,68.0,voiture,deux_roues,1,1,3,1,3
202200002589,2022-09-18 14:55:00,2022,9,18,14,55,68,68359,D431,47.858094,7.148623,Plein jour,Hors agglomération,Hors intersection,Normale,Sans collision,3,2,2,0,2,1,1,0,1,50,1,1,0,0,1,0,29.0,,deux_roues,,1,1,1,1,7
202200002590,2022-09-16 18:50:00,2022,9,16,18,50,57,57073,D80,49.117605,6.811759,Plein jour,Hors agglomération,Hors intersection,Pluie légère,Deux véhicules - frontale,3,2,2,0,2,3,2,0,1,80,2,2,1,0,1,0,59.0,59.0,deux_roues,voiture,1,1,1,2,1
202200002591,2022-09-17 15:50:00,2022,9,17,15,50,63,63077,D617,45.583981,2.900305,Plein jour,Hors agglomération,Hors intersection,Normale,Autre collision,3,2,2,0,1,2,1,0,3,90,1,1,0,0,1,0,46.0,,deux_roues,,1,1,1,1,6
202200002592,2022-09-18 12:00:00,2022,9,18,12,0,42,42155,Rte de Sainte Foy,45.799396,4.146824,Plein jour,Hors agglomération,Intersection en X,Normale,Trois véhicules et plus - collisions multiples,3,2,1,0,1,1,1,0,1,80,3,3,2,0,0,1,51.0,24.0,voiture,voiture,1,1,2,1,5
202200002593,2022-09-17 17:30:00,2022,9,17,17,30,42,42319,Route des Lyonnes,45.702043,4.245465,Plein jour,Hors agglomération,Intersection en X,Normale,Deux véhicules - côté,3,2,2,0,1,1,1,0,1,80,2,4,3,0,0,1,48.0,33.0,voiture,voiture,1,1,2,1,3
202200002594,2022-09-06 18:00:00,2022,9,6,18,0,38,38565,Avenue du 11 Novembre,45.281183,5.6462,Plein jour,En agglomération,Intersection en X,Normale,Deux véhicules - côté,3,2,2,1,2,1,1,0,1,50,2,2,1,0,0,1,17.0,20.0,deux_roues,voiture,1,2,2,1,3
202200002595,2022-09-18 16:15:00,2022,9,18,16,15,81,81219,RD 92 - PK 013.500,43.580958,2.02988,Plein jour,Hors agglomération,Hors intersection,Normale,Deux véhicules - côté,3,2,2,0,3,2,1,0,3,80,2,2,1,0,1,0,71.0,60.0,deux_roues,voiture,1,1,1,1,3
202200002596,2022-09-17 18:40:00,2022,9,17,18,40,64,64407,855 Avenue des Platanes,43.474038,-1.432031,Plein jour,En agglomération,Hors intersection,Normale,Deux véhicules - côté,3,2,2,0,2,3,1,0,1,50,2,2,1,0,0,1,21.0,31.0,voiture,voiture,1,2,1,1,3
202200002597,2022-09-17 18:35:00,2022,9,17,18,35,24,24223,158 Route du Vieux Drayaux,44.851066,0.778361,Plein jour,En agglomération,Hors intersection,Normale,Autre collision,3,2,2,0,1,1,1,0,1,50,1,3,2,0,1,0,44.0,,voiture,,1,2,1,1,6
202200002598,2022-09-17 22:05:00,2022,9,17,22,5,29,29179,rue du stade,48.534425,-4.309688,Nuit avec éclairage non allumé,En agglomération,Hors intersection,Normale,Autre collision,4,2,2,0,1,1,1,0,1,50,1,2,0,0,0,2,41.0,,voiture,,4,2,1,1,6
202200002599,2022-09-18 13:45:00,2022,9,18,13,45,22,22054,rue du champ du port,48.646653,-2.421506,Plein jour,Hors agglomération,Hors intersection,Normale,Sans collision,4,2,2,0,2,3,1,0,1,30,1,1,0,1,0,0,74.0,,utilitaire_camion,,1,1,1,1,7
202200002600,2022-09-17 18:05:00,2022,9,17,18,5,27,27003,Rue de Louviers,49.174733,1.174318,Plein jour,En agglomération,Autre intersection,Normale,Deux véhicules - côté,3,2,2,0,1,1,1,0,1,-1,2,2,1,0,0,1,51.0,17.0,voiture,deux_roues,1,2,9,1,3
202200002601,2022-09-17 18:45:00,2022,9,17,18,45,60,60234,Rue Voltaire,49.390665,2.420368,Plein jour,En agglomération,Hors intersection,Normale,Deux véhicules - côté,3,2,1,0,1,1,1,0,1,30,1,2,1,0,1,0,35.0,,voiture,,1,2,1,1,3
202200002602,2022-09-17 04:30:00,2022,9,17,4,30,33,33090,AUTOROUTE A 63,44.76345,-0.674718,Nuit sans éclairage public,Hors agglomération,Hors intersection,Normale,Deux véhicules - arrière,1,3,4,0,1,1,1,0,1,90,2,2,1,0,0,1,24.0,37.0,utilitaire_camion,utilitaire_camion,3,1,1,1,2
202200002603,2022-09-17 13:15:00,2022,9,17,13,15,91,91377,AUTOROUTE A10,48.71462,2.29026,Plein jour,Hors agglomération,Hors intersection,Normale,Deux véhicules - arrière,1,1,2,0,2,2,1,0,1,70,2,3,1,0,0,2,35.0,,voiture,autre,1,1,1,1,2
202200002604,2022-09-16 20:30:00,2022,9,16,20,30,91,91534,RN 118,48.71581,2.17321,Nuit sans éclairage public,Hors agglomération,Hors intersection,Normale,Sans collision,2,2,6,0,2,1,1,0,1,30,1,1,0,0,1,0,44.0,,voiture,,3,1,1,1,7
202200002605,2022-09-17 11:30:00,2022,9,17,11,30,92,92036,A86,48.9354016608,2.2654496814,Plein jour,Hors agglomération,Hors intersection,Normale,Trois véhicules et plus - en chaîne,1,-1,2,0,1,1,1,0,1,90,3,3,2,0,0,1,38.0,30.0,voiture,voiture,1,1,1,1,4
202200002606,2022-09-17 16:10:00,2022,9,17,16,10,93,93010,AUTOROUTE A3,48.9185524531,2.4787098169,Plein jour,Hors agglomération,Hors intersection,Normale,Trois véhicules et plus - en chaîne,1,3,8,0,1,1,1,0,1,90,3,3,2,0,0,1,26.0,43.0,utilitaire_camion,voiture,1,1,1,1,4
202200002607,2022-09-17 06:35:00,2022,9,17,6,35,93,93053,AUTOROUTE A86,48.8990668193,2.4697556169,Nuit sans éclairage public,Hors agglomération,Hors intersection,Normale,Autre collision,1,3,4,0,1,3,1,3,1,90,1,1,0,0,0,1,22.0,,voiture,,3,1,1,1,6
202200002608,2022-09-17 00:05:00,2022,9,17,0,5,93,93066,AUTOROUTE A1,48.91847,2.35717,Nuit sans éclairage public,Hors agglomération,Hors intersection,Normale,Trois véhicules et plus - en chaîne,1,3,8,0,1,1,1,0,1,90,3,3,2,0,0,1,20.0,21.0,deux_roues,voiture,3,1,1,1,4
202200002609,2022-05-02 11:00:00,2022,5,2,11,0,29,29232,Avenue de la Liberation,47.99165125,-4.0763923227,Plein jour,En agglomération,Autre intersection,Pluie légère,Autre collision,4,2,0,0,1,1,2,0,1,50,1,2,1,0,0,1,35.0,,deux_roues,,1,2,9,2,6
202200002610,2022-09-17 07:30:00,2022,9,17,7,30,988,98818,RUE JULES GARNIER - SUR PISTE CYCLABE,-22.2899,166.44237,Plein jour,En agglomération,Hors intersection,Normale,Deux véhicules - frontale,4,2,2,1,1,1,1,0,5,30,2,2,1,0,0,1,43.0,78.0,deux_roues,deux_roues,1,2,1,1,1
202200002611,2022-09-17 07:40:00,2022,9,17,7,40,973,97309,TIGRE (ROUTE DU),4.903376004,-52.3048433661,Plein jour,Hors agglomération,Hors intersection,Normale,Deux véhicules - frontale,4,2,2,0,1,2,1,0,1,50,2,2,1,0,1,0,50.0,59.0,deux_roues,voiture,1,1,1,1,1
202200002612,2022-09-16 22:00:00,2022,9,16,22,0,69,69383,Rue Verlet-Hanus,45.75786,4.84873,Nuit avec éclairage allumé,En agglomération,Intersection en X,Normale,Sans collision,4,1,1,0,1,1,1,0,1,50,1,1,0,0,0,1,17.0,,deux_roues,,5,2,2,1,7
202200002613,2022-09-16 07:30:00,2022,9,16,7,30,972,97213,ROUTE NATIONALE 1,14.61854,-61.00474,Plein jour,Hors agglomération,Giratoire,Normale,Trois véhicules et plus - collisions multiples,2,1,2,0,1,2,1,5,1,70,3,3,2,0,0,1,57.0,,voiture,voiture,1,1,6,1,5
202200002614,2022-09-16 10:25:00,2022,9,16,10,25,972,97209,AUTOROUTE (A1),14.61664,-61.04249,Plein jour,Hors agglomération,Hors intersection,Pluie forte,Trois véhicules et plus - en chaîne,1,1,3,0,2,1,2,0,1,90,4,5,2,0,0,3,24.0,45.0,voiture,voiture,1,1,1,3,4
202200002615,2022-09-16 19:00:00,2022,9,16,19,0,69,69384,Quai Joseph Gillet,45.7772268403,4.8106042296,Plein jour,En agglomération,Hors intersection,Temps couvert,Deux véhicules - arrière,4,2,2,2,1,1,1,0,1,30,2,2,1,0,0,1,52.0,35.0,voiture,voiture,1,2,1,8,2
202200002616,2022-09-14 22:25:00,2022,9,14,22,25,69,69142,Avenue Général de Gaulle,45.7270290778,4.8134467006,Nuit avec éclairage allumé,En agglomération,Intersection en T,Pluie légère,Deux véhicules - frontale,4,2,2,3,2,2,2,0,1,30,2,2,0,0,0,2,51.0,68.0,voiture,voiture,5,2,3,2,1
202200002617,2022-09-16 12:15:00,2022,9,16,12,15,971,97113,RN4 - SECTION RIVIERA,16.214,-61.49483,Plein jour,Hors agglomération,Hors intersection,Pluie légère,Autre collision,4,2,0,0,1,1,2,0,1,50,1,3,2,0,0,1,48.0,,voiture,,1,1,1,2,6
202200002618,2022-09-17 00:10:00,2022,9,17,0,10,95,95018,Quai de Bezons,48.9409472597,2.2539031506,Nuit avec éclairage allumé,En agglomération,Hors intersection,Normale,Autre collision,3,3,4,0,2,1,1,2,1,50,1,1,0,0,1,0,20.0,,deux_roues,,5,2,1,1,6
202200002619,2022-09-16 13:21:00,2022,9,16,13,21,91,91027,AV DE MORANGIS,48.70559,2.35697,Plein jour,En agglomération,Intersection en T,Normale,Trois véhicules et plus - en chaîne,3,2,2,0,1,1,1,0,1,50,3,3,2,0,0,1,24.0,33.0,utilitaire_camion,voiture,1,2,3,1,4
202200002620,2022-09-15 20:36:00,2022,9,15,20,36,87,87085,SAINTE CLAIRE (RUE),45.82219,1.2398,Nuit avec éclairage allumé,En agglomération,Intersection en T,Normale,Sans collision,4,2,2,0,1,1,1,0,1,50,1,1,0,0,1,0,21.0,,deux_roues,,5,2,3,1,7
202200002621,2022-09-15 17:04:00,2022,9,15,17,4,87,87085,RN520,45.89079,1.27396,Plein jour,Hors agglomération,Hors intersection,Normale,Deux véhicules - frontale,2,2,2,0,1,1,1,0,1,80,2,3,0,0,1,2,28.0,61.0,voiture,voiture,1,1,1,1,1
202200002622,2022-09-16 05:30:00,2022,9,16,5,30,83,83069,BELLAGUET (ALLEE VICTOR ),43.1262,6.15006,Nuit avec éclairage allumé,En agglomération,Hors intersection,Normale,Autre collision,4,-1,2,0,1,1,1,0,1,30,1,1,0,0,1,0,39.0,,deux_roues,,5,2,1,1,6
202200002623,2022-09-16 18:05:00,2022,9,16,18,5,81,81004,ROCADE RN88 NORD,43.94315,2.16565,Plein jour,Hors agglomération,Hors intersection,Normale,Trois véhicules et plus - en chaîne,2,1,2,0,2,1,1,0,1,90,3,5,3,0,0,2,50.0,35.0,utilitaire_camion,voiture,1,1,1,1,4
202200002624,2022-09-16 17:30:00,2022,9,16,17,30,76,76231,Rue du Neubourg,49.2818835369,1.007709503,Plein jour,En agglomération,Intersection en Y,Normale,Autre collision,7,2,2,0,2,1,1,0,1,30,1,2,1,0,0,1,68.0,,voiture,,1,2,4,1,6
202200002625,2022-09-16 16:10:00,2022,9,16,16,10,76,76322,Boulevard de Verdun,49.415388,1.052416,Plein jour,En agglomération,Hors intersection,Normale,Deux véhicules - arrière,7,2,2,0,1,1,1,-1,1,50,2,2,1,0,0,1,26.0,33.0,voiture,voiture,1,2,1,1,2
202200002626,2022-09-16 11:35:00,2022,9,16,11,35,76,76351,LOUIS LUMIERE,49.52172,0.11742,Plein jour,En agglomération,Intersection en X,Normale,Trois véhicules et plus - en chaîne,3,2,2,0,1,1,1,0,1,50,3,3,2,0,0,1,78.0,78.0,voiture,voiture,1,2,2,1,4
202200002627,2022-09-16 09:30:00,2022,9,16,9,30,71,71153,avenue de la Paix,46.794,4.433,Plein jour,En agglomération,Hors intersection,Temps couvert,Sans collision,4,2,2,0,1,3,1,0,1,50,1,1,0,0,0,1,18.0,,deux_roues,,1,2,1,8,7
202200002628,2022-09-16 19:35:00,2022,9,16,19,35,69,69266,Avenue Jean Capelle Ouest,45.7812,4.8719,Plein jour,En agglomération,Hors intersection,Normale,Deux véhicules - frontale,4,2,2,0,1,1,1,0,1,30,2,3,2,0,0,1,22.0,18.0,voiture,deux_roues,1,2,1,1,1
202200002629,2022-09-16 11:20:00,2022,9,16,11,20,69,69266,Rue du 4 Août 1789,45.76459,4.89047,Plein jour,En agglomération,Intersection en T,Normale,Autre collision,4,1,1,2,1,1,1,0,1,50,1,2,1,0,0,1,34.0,,voiture,,1,2,3,1,6
202200002630,2022-09-16 19:15:00,2022,9,16,19,15,69,69259,Boulevard Irène Joliot Curie,45.7142,4.87922,Plein jour,En agglomération,Intersection en T,Normale,Deux véhicules - frontale,7,2,4,2,1,1,1,0,5,50,2,2,1,0,1,0,25.0,16.0,voiture,deux_roues,1,2,3,1,1
202200002631,2022-09-16 13:00:00,2022,9,16,13,0,69,69029,Avenue Franklin Roosevelt,45.73763,4.89637,Plein jour,En agglomération,Hors intersection,Normale,Deux véhicules - côté,4,2,4,0,1,1,1,0,1,50,2,2,0,0,2,0,53.0,51.0,deux_roues,voiture,1,2,1,1,3
202200002632,2022-09-16 05:45:00,2022,9,16,5,45,68,68224,RD68 - Didenheim ,47.7328629579,7.2858345509,Nuit sans éclairage public,Hors agglomération,Autre intersection,Normale,Deux véhicules - arrière,3,3,4,0,1,1,2,0,1,90,2,2,1,0,1,0,33.0,17.0,utilitaire_camion,deux_roues,3,1,9,1,2
202200002633,2022-09-16 13:51:00,2022,9,16,13,51,66,66136,CLEMENCEAU (BOULEVARD),42.70051,2.89073,Plein jour,En agglomération,Intersection en T,Normale,Autre collision,4,2,3,0,1,1,1,0,1,30,1,2,1,1,0,0,94.0,,voiture,,1,2,3,1,6
202200002634,2022-09-15 21:57:00,2022,9,15,21,57,66,66136,,42.71117,2.92068,Nuit sans éclairage public,Hors agglomération,Hors intersection,Normale,Deux véhicules - arrière,3,3,4,0,1,1,1,0,1,110,2,3,1,0,0,2,,28.0,voiture,voiture,3,1,1,1,2
202200002635,2022-09-15 23:46:00,2022,9,15,23,46,64,64445,boulevard d'Alsace Lorraine,43.30245,-0.36074,Nuit avec éclairage allumé,En agglomération,Hors intersection,Temps couvert,Trois véhicules et plus - collisions multiples,4,2,2,2,1,1,1,0,1,50,3,4,0,0,0,4,19.0,27.0,voiture,voiture,5,2,1,8,5
202200002636,2022-09-15 10:20:00,2022,9,15,10,20,64,64284,avenue du 8 mai 1945,43.2802580765,-0.3827404976,Plein jour,Hors agglomération,Hors intersection,Normale,Deux véhicules - arrière,3,-1,2,0,1,1,1,0,1,70,2,2,1,0,0,1,48.0,24.0,utilitaire_camion,deux_roues,1,1,1,1,2
202200002637,2022-09-15 11:45:00,2022,9,15,11,45,64,64024,CHASSIN (RUE DE),43.49296,-1.52867,Plein jour,En agglomération,Hors intersection,Normale,Deux véhicules - frontale,4,2,2,0,1,1,1,0,1,30,2,2,1,0,0,1,45.0,41.0,deux_roues,voiture,1,2,1,1,1
202200002638,2022-09-13 04:30:00,2022,9,13,4,30,62,62516,D182,50.555885,2.497187,Nuit sans éclairage public,En agglomération,Giratoire,Normale,Deux véhicules - côté,3,2,1,0,1,3,1,0,8,50,2,2,1,0,1,0,27.0,38.0,deux_roues,voiture,3,2,6,1,3
202200002639,2022-09-16 08:40:00,2022,9,16,8,40,59,59033,JEAN CATELAS (RUE),50.1970933146,3.8526794314,Plein jour,En agglomération,Hors intersection,Normale,Autre collision,3,2,2,0,1,1,1,0,1,50,1,2,1,0,0,1,,,voiture,,1,2,1,1,6
202200002640,2022-09-12 19:00:00,2022,9,12,19,0,59,59378,CHATEAU ROUGE  TRAM  T,50.679479,3.114363,Plein jour,En agglomération,Hors intersection,Normale,Autre collision,7,1,2,0,1,1,1,5,1,50,1,3,1,0,0,2,30.0,,voiture,,1,2,1,1,6
202200002641,2022-09-16 00:20:00,2022,9,16,0,20,59,59009,RD 626,50.643141,3.14514,Nuit avec éclairage allumé,En agglomération,Autre intersection,Temps couvert,Trois véhicules et plus - en chaîne,7,1,2,0,2,1,2,9,6,50,3,3,2,0,0,1,26.0,28.0,utilitaire_camion,utilitaire_camion,5,2,9,8,4
202200002642,2022-09-15 17:45:00,2022,9,15,17,45,59,59360,Rue du Marechal Foch,50.615102,3.016681,Plein jour,En agglomération,Hors intersection,Normale,Deux véhicules - côté,7,2,2,2,1,1,1,0,1,30,2,2,1,1,0,0,24.0,42.0,deux_roues,utilitaire_camion,1,2,1,1,3
202200002643,2022-09-15 07:30:00,2022,9,15,7,30,59,59195,HAUBOURDIN RUE D,50.62448545,2.9570442438,Plein jour,Hors agglomération,Intersection en T,Normale,Deux véhicules - côté,7,2,3,3,1,1,1,0,1,70,2,2,1,0,0,1,62.0,29.0,voiture,deux_roues,1,1,3,1,3
202200002644,2022-09-12 19:11:00,2022,9,12,19,11,57,57221,LONGWY (RUE DE),49.31782,6.11203,Plein jour,En agglomération,Hors intersection,Normale,Autre collision,3,2,3,0,1,1,1,0,1,50,1,2,1,0,0,1,41.0,,transport_commun,,1,2,1,1,6
202200002645,2022-09-15 07:25:00,2022,9,15,7,25,56,56098,LANN-SEVELIN (ROND POINT DE),47.77822876,-3.3452028,Crépuscule ou aube,En agglomération,Giratoire,Normale,Deux véhicules - côté,3,1,3,0,1,2,1,5,1,50,2,2,1,0,0,1,54.0,53.0,deux_roues,voiture,2,2,6,1,3
202200002646,2022-09-16 18:55:00,2022,9,16,18,55,54,54184,RM 83,48.711999,6.242899,Plein jour,Hors agglomération,Hors intersection,Normale,Deux véhicules - arrière,7,2,2,0,1,1,1,0,1,70,2,2,1,0,0,1,58.0,40.0,deux_roues,voiture,1,1,1,1,2
202200002647,2022-09-16 11:22:00,2022,9,16,11,22,54,54395,BOUFFLERS (AVENUE) DE 2 AU 72),48.68894,6.16281,Plein jour,En agglomération,Hors intersection,Normale,Autre collision,4,2,2,0,2,1,1,0,4,50,1,1,0,0,0,1,23.0,,utilitaire_camion,,1,2,1,1,6
202200002648,2022-09-16 08:15:00,2022,9,16,8,15,54,54395,METZ (RUE DE),48.70244,6.17095,Crépuscule ou aube,En agglomération,Hors intersection,Temps couvert,Trois véhicules et plus - en chaîne,4,2,2,0,1,1,1,0,1,30,3,3,2,0,0,1,61.0,52.0,utilitaire_camion,voiture,2,2,1,8,4
202200002649,2022-09-16 08:15:00,2022,9,16,8,15,54,54051,DEPARTEMENTALE 13,49.17598,5.96819,Plein jour,Hors agglomération,Intersection en X,Normale,Deux véhicules - frontale,3,2,6,0,2,1,1,5,1,70,2,2,1,0,0,1,19.0,38.0,voiture,voiture,1,1,2,1,1
202200002650,2022-09-16 17:20:00,2022,9,16,17,20,51,51454,Rue Gambetta,49.2493,4.03692,Plein jour,En agglomération,Intersection en X,Normale,Deux véhicules - côté,4,1,0,3,1,1,1,5,6,50,2,2,1,0,0,1,15.0,47.0,deux_roues,transport_commun,1,2,2,1,3
202200002651,2022-09-16 13:30:00,2022,9,16,13,30,51,51055,rue Léon Faucher,49.27258,4.04058,Plein jour,En agglomération,Hors intersection,Normale,Deux véhicules - côté,4,2,2,0,1,1,1,0,1,50,2,2,1,0,0,1,23.0,53.0,deux_roues,voiture,1,2,1,1,3
202200002652,2022-09-16 09:35:00,2022,9,16,9,35,51,51454,rue Gabriel Voisin,49.23202,4.06701,Plein jour,En agglomération,Autre intersection,Normale,Deux véhicules - arrière,4,2,3,0,1,2,1,0,1,50,2,2,1,0,0,1,35.0,21.0,voiture,voiture,1,2,9,1,2
202200002653,2022-09-16 18:30:00,2022,9,16,18,30,49,49007,SAINT LAZARE,47.48043,-0.56628,Plein jour,En agglomération,Hors intersection,Normale,Autre collision,4,2,2,0,1,1,1,0,1,50,1,2,1,0,0,1,20.0,,deux_roues,,1,2,1,1,6
202200002654,2022-09-16 17:05:00,2022,9,16,17,5,49,49007,CHALOUERE,47.48285,-0.53533,Plein jour,En agglomération,Hors intersection,Normale,Deux véhicules - côté,4,2,2,0,1,1,1,0,1,30,2,2,1,0,0,1,24.0,11.0,voiture,deux_roues,1,2,1,1,3
202200002655,2022-09-16 16:59:00,2022,9,16,16,59,49,49246,DAMIETTE,47.44145,-0.54517,Plein jour,En agglomération,Intersection en T,Normale,Deux véhicules - côté,4,2,2,0,1,1,1,0,1,30,2,2,1,0,1,0,33.0,19.0,utilitaire_camion,deux_roues,1,2,3,1,3
202200002656,2022-09-16 10:45:00,2022,9,16,10,45,45,45234,50 Avenue de la Mouillère,47.88315,1.90956,Plein jour,En agglomération,Hors intersection,Normale,Deux véhicules - arrière,4,2,2,3,1,1,1,5,1,50,2,2,1,0,0,1,78.0,30.0,voiture,deux_roues,1,2,1,1,2
202200002657,2022-09-12 08:20:00,2022,9,12,8,20,44,44109,46 Quai Magellan,47.20958,-1.54695,Plein jour,En agglomération,Hors intersection,Temps éblouissant,Deux véhicules - côté,4,2,2,1,1,1,1,0,5,30,2,2,1,0,1,0,37.0,35.0,deux_roues,voiture,1,2,1,7,3
202200002658,2022-09-14 11:10:00,2022,9,14,11,10,43,43157,43 Boulevard Marechal Joffre,45.04958,3.89488,Plein jour,En agglomération,Intersection en T,Normale,Deux véhicules - arrière,3,2,3,0,1,1,1,0,1,50,2,2,1,0,0,1,83.0,48.0,voiture,voiture,1,2,3,1,2
202200002659,2022-09-16 16:40:00,2022,9,16,16,40,37,37261,FARADAY (RUE),47.4189284072,0.6897300482,Plein jour,En agglomération,Hors intersection,Normale,Autre collision,4,2,2,0,1,1,1,0,1,50,1,2,1,0,0,1,48.0,,voiture,,1,2,1,1,6
202200002660,2022-09-16 16:19:00,2022,9,16,16,19,37,37261,VAILLANT (RUE EDOUARD),47.3883,0.69666,Plein jour,En agglomération,Hors intersection,Normale,Sans collision,4,2,2,0,1,1,1,0,1,50,1,1,0,0,0,1,50.0,,deux_roues,,1,2,1,1,7
202200002661,2022-09-15 02:45:00,2022,9,15,2,45,34,34172,AEROPORT INTERNATIONAL (BOULEVARD DE L'),43.60888,3.89216,Nuit avec éclairage non allumé,En agglomération,Hors intersection,Normale,Sans collision,4,1,2,0,1,1,1,0,1,30,1,1,0,0,1,0,31.0,,deux_roues,,4,2,1,1,7
202200002662,2022-09-16 20:15:00,2022,9,16,20,15,33,33200,Avenue Pasteur,44.87896,-0.68315,Nuit avec éclairage allumé,En agglomération,Intersection en T,Normale,Deux véhicules - arrière,4,2,2,2,1,1,1,5,1,50,2,2,1,0,0,1,49.0,55.0,voiture,voiture,5,2,3,1,2
202200002663,2022-09-16 08:40:00,2022,9,16,8,40,33,33063,Boulevard George V,44.82534,-0.58906,Plein jour,En agglomération,Intersection en T,Normale,Deux véhicules - côté,4,2,2,0,1,1,1,0,1,50,2,2,1,0,0,1,10.0,16.0,deux_roues,deux_roues,1,2,3,1,3
202200002664,2022-09-16 00:10:00,2022,9,16,0,10,33,33249,Quai Elisabeth Dupeyron,44.87282,-0.53726,Nuit avec éclairage allumé,En agglomération,Hors intersection,Normale,Deux véhicules - frontale,4,2,3,3,1,2,1,0,1,50,2,3,0,1,1,1,38.0,23.0,deux_roues,voiture,5,2,1,1,1
202200002665,2022-09-15 19:40:00,2022,9,15,19,40,33,33200,Avenue Pasteur,44.87587,-0.67954,Plein jour,En agglomération,Hors intersection,Normale,Autre collision,4,2,2,0,1,1,1,0,1,30,1,2,1,0,0,1,62.0,,voiture,,1,2,1,1,6
202200002666,2022-09-16 22:45:00,2022,9,16,22,45,31,31555,BD DE LA GARE,43.6095,1.4544,Nuit avec éclairage allumé,En agglomération,Hors intersection,Normale,Deux véhicules - côté,4,1,2,0,1,1,1,2,1,50,2,3,2,0,0,1,25.0,19.0,voiture,deux_roues,5,2,1,1,3
202200002667,2022-09-16 05:40:00,2022,9,16,5,40,31,31555,AV JEAN RIEUX,43.58058,1.48191,Nuit avec éclairage allumé,En agglomération,Intersection en T,Normale,Deux véhicules - côté,4,2,2,0,1,1,1,0,1,50,2,2,1,0,0,1,22.0,25.0,deux_roues,voiture,5,2,3,1,3
202200002668,2022-09-16 15:30:00,2022,9,16,15,30,31,31565,PASSAGE A NIVEAU N° 95,43.09078,0.706645,Plein jour,En agglomération,Passage à niveau,Normale,Deux véhicules - côté,4,2,2,0,3,1,1,4,6,30,2,4,3,0,0,1,33.0,38.0,utilitaire_camion,transport_commun,1,2,8,1,3
202200002669,2022-09-09 08:30:00,2022,9,9,8,30,30,30189,Avenue Jean-Jaurès,43.82645,4.3539,Plein jour,En agglomération,Intersection en X,Normale,Autre collision,4,4,0,0,1,1,1,0,1,50,1,2,1,0,0,1,52.0,,voiture,,1,2,2,1,6
202200002670,2022-09-16 20:10:00,2022,9,16,20,10,28,28134,RN 12 ( PHILIPS),48.74599,1.3716,Nuit sans éclairage public,En agglomération,Hors intersection,Normale,Deux véhicules - côté,2,2,3,0,1,1,2,0,1,70,2,5,3,0,0,2,20.0,40.0,voiture,deux_roues,3,2,1,1,3
202200002671,2022-09-16 16:00:00,2022,9,16,16,0,27,27554,MESTREVILLE (RUE DE),49.12823,1.43286,Plein jour,En agglomération,Autre intersection,Normale,Sans collision,3,2,2,0,1,1,1,0,3,70,1,1,0,0,0,1,17.0,,deux_roues,,1,2,9,1,7
202200002672,2022-09-16 08:53:00,2022,9,16,8,53,27,27681,EVREUX (ROUTE D'),49.07672,1.46398,Plein jour,En agglomération,Intersection en T,Normale,Deux véhicules - côté,3,2,2,0,2,2,1,0,1,50,2,3,1,0,0,2,31.0,70.0,voiture,voiture,1,2,3,1,3
202200002673,2022-09-17 01:10:00,2022,9,17,1,10,27,27701,RITTERHUDE (CHAUSSEE DE),49.27508,1.19582,Nuit avec éclairage allumé,En agglomération,Giratoire,Pluie légère,Sans collision,4,-1,2,0,1,2,2,5,1,50,1,1,0,0,0,1,36.0,,deux_roues,,5,2,6,2,7
202200002674,2022-09-16 07:45:00,2022,9,16,7,45,25,25056,VESOUL RUE DE (sup 52),47.26377,6.00603,Plein jour,Hors agglomération,Hors intersection,Pluie légère,Autre collision,2,3,5,0,1,2,2,3,1,90,1,1,0,0,0,1,28.0,,voiture,,1,1,1,2,6
202200002675,2022-09-16 10:10:00,2022,9,16,10,10,17,17306,EXPRESS (VOIE),45.63557,-1.01534,Plein jour,Hors agglomération,Hors intersection,Normale,Trois véhicules et plus - en chaîne,3,2,2,0,1,1,1,0,1,80,3,4,2,0,0,2,62.0,58.0,deux_roues,voiture,1,1,1,1,4
202200002676,2022-09-14 14:05:00,2022,9,14,14,5,14,14487,Chemin de Blangy,49.1876468707,0.2268773317,Plein jour,En agglomération,Hors intersection,Normale,Deux véhicules - côté,4,-1,2,0,1,1,1,0,1,50,2,2,1,0,0,1,26.0,54.0,utilitaire_camion,voiture,1,2,1,1,3
202200002677,2022-09-09 16:35:00,2022,9,9,16,35,14,14366,Boulevard Herbet Fournet,49.156353,0.227553,Plein jour,En agglomération,Hors intersection,Pluie légère,Autre collision,4,3,2,0,1,1,2,0,1,50,1,1,0,0,1,0,68.0,,voiture,,1,2,1,2,6
202200002678,2022-09-16 20:49:00,2022,9,16,20,49,14,14118,Rue de Bayeux,49.183091,-0.384542,Nuit avec éclairage allumé,En agglomération,Intersection en X,Pluie légère,Deux véhicules - côté,4,-1,2,0,1,1,2,0,1,50,2,2,1,0,0,1,26.0,41.0,deux_roues,deux_roues,5,2,2,2,3