accident_id,datetime,annee,mois,jour,heure,minute,departement,commune_insee,adresse,latitude,longitude,luminosite,agglomeration,intersection,meteo,collision,catr,circ,nbv,vosp,prof,plan,surf,infra,situ,vma,nb_vehicules,nb_usagers,nb_indemnes,nb_tues,nb_blesses_hosp,nb_blesses_legers,age_cond_1,age_cond_2,veh_type_cond_1,veh_type_cond_2,lum_code,agg_code,int_code,atm_code,col_code
202200002957,2022-08-07 01:03:00,2022,8,7,1,3,91,91027,AV HENRI DUNANT,48.71328,2.39642,Nuit avec éclairage allumé,En agglomération,Hors intersection,Normale,Sans collision,3,3,2,0,1,2,1,0,4,50,1,1,0,0,0,1,23.0,,deux_roues,,5,2,1,1,7
202200002958,2022-08-06 19:17:00,2022,8,6,19,17,91,91286,SABLONS (AVENUE DES),48.6545,2.39377,Plein jour,En agglomération,Hors intersection,Normale,Autre collision,4,1,1,0,1,1,1,0,1,30,1,2,1,0,0,1,19.0,,voiture,,1,2,1,1,6
202200002959,2022-08-06 19:00:00,2022,8,6,19,0,91,91326,GABRIEL PERI (AVENUE),48.69185,2.36348,Plein jour,En agglomération,Hors intersection,Normale,Deux véhicules - côté,3,2,2,0,1,1,1,0,1,50,2,3,2,0,0,1,37.0,27.0,deux_roues,voiture,1,2,1,1,3
202200002960,2022-08-06 14:55:00,2022,8,6,14,55,91,91027,AV FRANCOIS MITTERRAND,48.69922,2.37186,Plein jour,En agglomération,Hors intersection,Normale,Trois véhicules et plus - en chaîne,3,2,2,0,1,1,1,0,1,50,4,7,5,0,0,2,58.0,23.0,voiture,voiture,1,2,1,1,4
202200002961,2022-08-05 14:30:00,2022,8,5,14,30,86,86194,Avenue du Tiers Etat,46.59218,0.38247,Plein jour,En agglomération,Intersection en X,Normale,Deux véhicules - côté,4,3,2,0,1,1,1,0,1,50,2,2,1,0,0,1,21.0,26.0,deux_roues,voiture,1,2,2,1,3
202200002962,2022-08-06 03:00:00,2022,8,6,3,0,83,83144,CABANNE (IMPASSE DE LA GARNDE),43.14998,5.9811,Nuit avec éclairage allumé,En agglomération,Hors intersection,Normale,Sans collision,4,2,1,0,2,4,1,0,3,50,1,1,0,1,0,0,56.0,,deux_roues,,5,2,1,1,7
202200002963,2022-08-06 04:00:00,2022,8,6,4,0,83,83062,ROUTE DE HYERES,43.13791,6.02444,Nuit sans éclairage public,Hors agglomération,Hors intersection,Normale,Deux véhicules - arrière,3,3,4,0,1,1,1,0,1,70,2,6,1,1,0,4,23.0,25.0,voiture,voiture,3,1,1,1,2
202200002964,2022-08-02 14:10:00,2022,8,2,14,10,83,83126,ALLENDE (AV. SALVADOR),43.08637,5.88092,Plein jour,En agglomération,Hors intersection,Normale,Deux véhicules - côté,7,3,2,0,4,3,1,0,1,50,2,2,1,0,0,1,42.0,40.0,deux_roues,voiture,1,2,1,1,3
202200002965,2022-08-06 09:05:00,2022,8,6,9,5,83,83069,GODILLOT  ( AVENUE ALEXIS ),43.110606,6.124191,Plein jour,En agglomération,Hors intersection,Normale,Deux véhicules - côté,4,2,2,0,1,1,1,0,1,50,2,2,1,0,0,1,90.0,16.0,voiture,deux_roues,1,2,1,1,3
202200002966,2022-08-06 17:35:00,2022,8,6,17,35,82,82121,ALBI D 999 (AVENUE D'),44.0027,1.36667,Plein jour,En agglomération,Intersection en T,Normale,Deux véhicules - côté,3,2,2,0,1,1,1,0,1,50,2,2,1,0,0,1,55.0,23.0,voiture,deux_roues,1,2,3,1,3
202200002967,2022-08-06 19:40:00,2022,8,6,19,40,69,69290,Route de Lyon,45.7010118189,4.9188512565,Plein jour,En agglomération,Autre intersection,Normale,Autre collision,7,2,6,1,1,1,1,0,5,50,1,2,1,0,0,1,52.0,,voiture,,1,2,9,1,6
202200002968,2022-08-05 11:55:00,2022,8,5,11,55,64,64445,LOUP DU,43.31481,-0.3545,Plein jour,En agglomération,Intersection en X,Normale,Deux véhicules - côté,4,-1,2,0,1,1,1,0,1,50,2,2,1,0,0,1,78.0,78.0,voiture,voiture,1,2,2,1,3
202200002969,2022-08-05 18:20:00,2022,8,5,18,20,61,61001,HAUT ECLAIR (CHEMIN DE),48.4123,0.08675,Plein jour,En agglomération,Hors intersection,Normale,Deux véhicules - frontale,4,2,2,0,1,4,1,0,1,50,2,3,2,0,0,1,21.0,40.0,voiture,deux_roues,1,2,1,1,1
202200002970,2022-08-06 01:15:00,2022,8,6,1,15,60,60175,D201,49.24696,2.45652,Nuit sans éclairage public,Hors agglomération,Autre intersection,Normale,Deux véhicules - côté,3,2,2,0,1,4,1,0,3,80,2,3,0,1,2,0,26.0,22.0,voiture,voiture,3,1,9,1,3
202200002971,2022-08-06 08:00:00,2022,8,6,8,0,59,59599,DHERIN (RUE CHARLES),50.7359291233,3.1536481976,Plein jour,En agglomération,Hors intersection,Temps éblouissant,Autre collision,4,2,1,0,1,1,1,0,1,50,1,2,1,1,0,0,75.0,,voiture,,1,2,1,7,6
202200002972,2022-08-06 11:30:00,2022,8,6,11,30,59,59507,JAURES JEAN AVENUE.,50.6016,3.07932,Plein jour,En agglomération,Giratoire,Normale,Deux véhicules - côté,4,2,2,0,1,1,1,0,1,50,2,2,1,0,0,1,21.0,38.0,deux_roues,voiture,1,2,6,1,3
202200002973,2022-08-06 09:30:00,2022,8,6,9,30,54,54547,FRERE (RUE DU GENERAL),48.663009,6.16819,Plein jour,En agglomération,Hors intersection,Normale,Autre collision,4,2,2,0,2,1,1,0,1,50,3,4,2,0,0,2,52.0,39.0,transport_commun,deux_roues,1,2,1,1,6
202200002974,2022-08-06 03:15:00,2022,8,6,3,15,51,51108,Avenue de Sainte-Ménehould,48.96266,4.38946,Nuit avec éclairage allumé,En agglomération,Giratoire,Normale,Sans collision,4,2,2,0,2,3,1,9,1,50,1,1,0,0,1,0,20.0,,deux_roues,,5,2,6,1,7
202200002975,2022-08-05 20:01:00,2022,8,5,20,1,49,49246,GALLIENI AVENUE,47.43434,-0.52617,Plein jour,En agglomération,Hors intersection,Normale,Sans collision,3,2,5,2,1,1,1,0,1,30,1,1,0,0,0,1,42.0,,deux_roues,,1,2,1,1,7
202200002976,2022-08-06 18:23:00,2022,8,6,18,23,49,49353,RECLUS,47.4514,-0.5019,Plein jour,En agglomération,Hors intersection,Normale,Autre collision,4,2,2,0,1,1,1,0,1,50,1,1,0,0,0,1,34.0,,voiture,,1,2,1,1,6
202200002977,2022-08-06 17:05:00,2022,8,6,17,5,49,49007,CHAUMIN BOULEVARD,47.4503,-0.55561,Plein jour,En agglomération,Hors intersection,Normale,Autre collision,4,3,4,0,1,1,1,0,1,50,1,2,1,0,1,0,24.0,,voiture,,1,2,1,1,6
202200002978,2022-08-06 02:40:00,2022,8,6,2,40,44,44109,2bis Boulevard Emile Romanet,47.20963,-1.59802,Nuit avec éclairage allumé,En agglomération,Hors intersection,Normale,Sans collision,4,1,1,1,1,1,9,9,3,50,1,1,0,0,0,1,26.0,,voiture,,5,2,1,1,7
202200002979,2022-08-06 15:30:00,2022,8,6,15,30,43,43157,88 (ROUTE NATIONALE),45.02977,3.90569,Plein jour,Hors agglomération,Hors intersection,Normale,Sans collision,2,3,4,0,2,1,1,9,1,110,1,1,0,0,0,1,75.0,,voiture,,1,1,1,1,7
202200002980,2022-08-05 11:25:00,2022,8,5,11,25,39,39198,,47.107942,5.484169,Plein jour,Hors agglomération,Hors intersection,Normale,Trois véhicules et plus - collisions multiples,3,2,2,0,1,1,1,0,1,80,3,5,0,0,0,5,83.0,51.0,voiture,voiture,1,1,1,1,5
202200002981,2022-08-06 20:10:00,2022,8,6,20,10,35,35238,FREVILLE (AVENUE HENRI),48.0862260623,-1.6750663519,Plein jour,En agglomération,Hors intersection,Normale,Autre collision,4,1,2,2,1,1,1,5,4,50,1,2,1,0,0,1,16.0,,deux_roues,,1,2,1,1,6
202200002982,2022-08-06 15:25:00,2022,8,6,15,25,33,33529,OCEAN (BD DE L'),44.62249,-1.20184,Plein jour,En agglomération,Intersection en T,Normale,Deux véhicules - côté,3,2,2,1,1,1,1,0,5,50,2,2,1,0,0,1,27.0,41.0,voiture,deux_roues,1,2,3,1,3
202200002983,2022-08-06 23:20:00,2022,8,6,23,20,30,30007,Avenue Monge,44.14346,4.10331,Nuit avec éclairage allumé,En agglomération,Giratoire,Normale,Deux véhicules - arrière,3,1,2,0,2,3,1,0,1,30,2,5,1,0,0,4,,32.0,voiture,voiture,5,2,6,1,2
202200002984,2022-08-05 11:25:00,2022,8,5,11,25,29,29039,N165,47.9322651,-3.9053828,Plein jour,Hors agglomération,Hors intersection,Normale,Sans collision,2,3,4,0,1,1,1,0,1,110,1,1,0,0,0,1,39.0,,utilitaire_camion,,1,1,1,1,7
202200002985,2022-08-05 12:25:00,2022,8,5,12,25,29,29019,rue Paul Doumer,48.399768,-4.486094,Plein jour,En agglomération,Intersection en X,Normale,Deux véhicules - côté,4,-1,2,0,1,1,1,0,1,50,2,3,2,0,0,1,48.0,72.0,voiture,voiture,1,2,2,1,3
202200002986,2022-08-05 12:00:00,2022,8,5,12,0,29,29019,rue Yves Collet,48.392292,-4.479707,Plein jour,En agglomération,Intersection en T,Normale,Deux véhicules - arrière,4,-1,1,0,2,1,1,0,1,50,2,2,1,0,0,1,23.0,69.0,deux_roues,voiture,1,2,3,1,2
202200002987,2022-08-06 19:00:00,2022,8,6,19,0,28,28085,MAUNOURY (RUE DU DOCTEUR),48.44142,1.48291,Plein jour,En agglomération,Hors intersection,Normale,Trois véhicules et plus - en chaîne,3,2,2,0,1,1,1,0,1,30,3,4,2,0,1,1,58.0,21.0,voiture,voiture,1,2,1,1,4
202200002988,2022-08-06 16:40:00,2022,8,6,16,40,27,27229,SAINT GERMAIN (RUE),49.0175982571,1.1297464371,Plein jour,En agglomération,Hors intersection,Normale,Deux véhicules - frontale,4,2,2,0,1,1,1,0,1,50,2,2,1,0,0,1,19.0,40.0,voiture,voiture,1,2,1,1,1
202200002989,2022-08-06 12:10:00,2022,8,6,12,10,26,26362,MONTELEGER ROUTE DE,44.8973,4.91508,Plein jour,Hors agglomération,Intersection en Y,Normale,Deux véhicules - côté,3,2,2,0,1,1,1,0,1,80,2,2,1,0,1,0,58.0,48.0,deux_roues,utilitaire_camion,1,1,4,1,3
202200002990,2022-08-06 16:35:00,2022,8,6,16,35,13,13213,(RUE) RAYMONDE MARTIN,43.3285443945,5.4101165961,Plein jour,En agglomération,Hors intersection,Normale,Deux véhicules - frontale,4,-1,3,0,1,1,1,0,1,50,2,3,0,0,0,3,30.0,56.0,voiture,voiture,1,2,1,1,1
202200002991,2022-08-06 00:40:00,2022,8,6,0,40,13,13208,MADRAGUE DE MONTREDON (AVE DE LA) ,43.2351037021,5.3603558555,Nuit avec éclairage allumé,En agglomération,Hors intersection,Normale,Deux véhicules - frontale,4,-1,2,0,1,1,1,0,1,50,2,3,0,0,1,2,17.0,60.0,deux_roues,deux_roues,5,2,1,1,1
202200002992,2022-08-06 02:45:00,2022,8,6,2,45,10,10387,EMMANUEL BUXTORF (RUE),48.30481,4.06472,Nuit avec éclairage allumé,En agglomération,Hors intersection,Normale,Autre collision,4,1,1,0,1,1,1,0,4,50,1,1,0,0,0,1,25.0,,voiture,,5,2,1,1,6
202200002993,2022-08-05 18:45:00,2022,8,5,18,45,10,10297,MICHEL BERGER (RUE),48.3200657884,4.103795886,Plein jour,En agglomération,Intersection en T,Normale,Deux véhicules - côté,4,2,2,0,1,4,1,0,1,50,2,2,1,0,0,1,59.0,49.0,utilitaire_camion,deux_roues,1,2,3,1,3
202200002994,2022-08-06 10:20:00,2022,8,6,10,20,08,08105,Rue de Vaudidon,49.773548654,4.717854917,Plein jour,En agglomération,Autre intersection,Temps éblouissant,Autre collision,4,-1,1,0,1,1,1,9,1,50,1,2,1,0,1,0,79.0,,voiture,,1,2,9,7,6
202200002995,2022-08-04 13:30:00,2022,8,4,13,30,75,75119,PORTE DE PANTIN,48.891843,2.39578,Plein jour,En agglomération,Hors intersection,Normale,Deux véhicules - arrière,4,1,4,0,1,1,1,0,1,70,2,2,1,0,0,1,21.0,36.0,voiture,deux_roues,1,2,1,1,2
202200002996,2022-08-05 20:28:00,2022,8,5,20,28,75,75113,RUE BOBILLOT,48.825813,2.350365,Crépuscule ou aube,En agglomération,Intersection à plus de 4 branches,Normale,Deux véhicules - côté,4,2,2,0,1,3,1,0,1,30,2,2,1,0,1,0,67.0,26.0,utilitaire_camion,deux_roues,2,2,5,1,3
202200002997,2022-08-06 21:40:00,2022,8,6,21,40,75,75117,BOULEVARD DU FORT DE VAUX,48.89226,2.301019,Nuit avec éclairage allumé,En agglomération,Intersection en X,Normale,Sans collision,4,2,4,3,1,1,1,0,1,30,1,1,0,0,0,1,43.0,,deux_roues,,5,2,2,1,7
202200002998,2022-08-06 14:25:00,2022,8,6,14,25,75,75117,RUE DE ROME,48.887349,2.314135,Plein jour,En agglomération,Intersection en X,Normale,Autre collision,4,2,2,1,1,1,1,0,1,30,1,2,1,0,0,1,22.0,,voiture,,1,2,2,1,6
202200002999,2022-08-06 05:30:00,2022,8,6,5,30,75,75116,PONT DE SURESNES,48.866675,2.230247,Nuit avec éclairage allumé,En agglomération,Hors intersection,Normale,Deux véhicules - arrière,4,3,2,0,1,1,1,0,1,30,2,3,0,0,2,1,54.0,36.0,deux_roues,deux_roues,5,2,1,1,2
202200003000,2022-08-06 22:15:00,2022,8,6,22,15,75,75115,QUAI DE GRENELLE,48.849152,2.281896,Nuit avec éclairage allumé,En agglomération,Place,Normale,Deux véhicules - côté,4,2,3,1,1,1,1,-1,5,50,2,2,1,0,0,1,31.0,79.0,deux_roues,voiture,5,2,7,1,3
202200003001,2022-08-06 00:35:00,2022,8,6,0,35,75,75113,QUAI FRANCOIS MAURIAC,48.832228,2.379787,Nuit avec éclairage allumé,En agglomération,Intersection en X,Normale,Deux véhicules - côté,4,2,2,1,1,1,1,0,1,30,2,2,1,0,1,0,26.0,24.0,deux_roues,voiture,5,2,2,1,3
202200003002,2022-08-06 22:05:00,2022,8,6,22,5,75,75112,BOULEVARD DIDEROT,48.847903,2.391733,Nuit avec éclairage allumé,En agglomération,Hors intersection,Normale,Autre collision,4,2,2,0,1,1,1,0,1,30,1,1,0,0,0,1,37.0,,deux_roues,,5,2,1,1,6
202200003003,2022-08-06 15:00:00,2022,8,6,15,0,75,75111,AVENUE LEDRU ROLLIN,48.851325,2.376139,Plein jour,En agglomération,Intersection en X,Normale,Autre collision,4,2,0,0,1,2,1,0,1,30,1,2,1,0,0,1,,,voiture,,1,2,2,1,6
202200003004,2022-08-06 09:45:00,2022,8,6,9,45,75,75108,AVENUE DES CHAMPS ELYSEES,48.870905,2.304296,Plein jour,En agglomération,Hors intersection,Normale,Autre collision,4,3,4,0,1,1,1,0,1,30,1,2,1,0,0,1,,,voiture,,1,2,1,1,6
202200003005,2022-08-06 02:25:00,2022,8,6,2,25,75,75108,AVENUE HOCHE,48.877022,2.302832,Nuit avec éclairage allumé,En agglomération,Hors intersection,Normale,Deux véhicules - côté,4,2,4,1,2,1,1,0,1,30,2,3,2,0,0,1,23.0,19.0,voiture,deux_roues,5,2,1,1,3
202200003006,2022-08-05 22:40:00,2022,8,5,22,40,75,75108,BOULEVARD DES BATIGNOLLES,48.883128,2.326189,Nuit avec éclairage allumé,En agglomération,Hors intersection,Normale,Trois véhicules et plus - collisions multiples,4,1,3,3,1,1,1,0,1,30,3,3,2,0,0,1,23.0,70.0,deux_roues,voiture,5,2,1,1,5
202200003007,2022-08-05 05:05:00,2022,8,5,5,5,75,75103,RUE DE TURBIGO,48.86546,2.356118,Nuit avec éclairage allumé,En agglomération,Intersection en X,Pluie légère,Deux véhicules - côté,4,1,3,3,1,1,2,0,1,30,2,2,1,0,0,1,47.0,47.0,voiture,deux_roues,5,2,2,2,3
202200003008,2022-08-06 10:07:00,2022,8,6,10,7,94,94081,ABBE ROGER DERRY (AV DE L),48.79103,2.39443,Plein jour,En agglomération,Hors intersection,Normale,Deux véhicules - arrière,3,2,2,0,2,1,1,0,1,50,2,2,1,0,0,1,64.0,22.0,voiture,utilitaire_camion,1,2,1,1,2
202200003009,2022-08-06 14:30:00,2022,8,6,14,30,94,94044,GABRIEL PERI (AV),48.75644,2.48347,Plein jour,En agglomération,Hors intersection,Normale,Deux véhicules - côté,3,2,4,0,1,1,1,0,1,50,2,2,1,0,0,1,25.0,56.0,deux_roues,voiture,1,2,1,1,3
202200003010,2022-08-06 06:45:00,2022,8,6,6,45,94,94021,DES MARAICHERS (AVENUE),48.765103,2.35338,Crépuscule ou aube,En agglomération,Giratoire,Normale,Deux véhicules - côté,4,2,2,0,1,1,1,0,1,50,2,2,1,0,0,1,34.0,57.0,utilitaire_camion,transport_commun,2,2,6,1,3
202200003011,2022-08-06 04:10:00,2022,8,6,4,10,94,94038,BICETRE (R DE),48.77394,2.351846,Nuit avec éclairage allumé,En agglomération,Intersection en X,Normale,Deux véhicules - côté,4,2,2,0,1,1,1,5,1,50,2,2,1,0,0,1,28.0,28.0,deux_roues,voiture,5,2,2,1,3
202200003012,2022-08-06 19:00:00,2022,8,6,19,0,94,94033,Rue la Fontaine / Avenue Jean Moulin,48.858316,2.479708,Plein jour,En agglomération,Intersection en T,Normale,Deux véhicules - frontale,4,3,2,0,1,1,1,0,1,50,2,2,1,0,1,0,28.0,56.0,deux_roues,deux_roues,1,2,3,1,1
202200003013,2022-08-06 09:35:00,2022,8,6,9,35,94,94079,Avenue Montrichard / Rue Maurice Dudragne,48.83075,2.54847,Plein jour,En agglomération,Intersection en X,Normale,Deux véhicules - côté,4,2,2,0,1,1,1,0,1,50,2,4,3,0,0,1,27.0,37.0,voiture,transport_commun,1,2,2,1,3
202200003014,2022-08-06 11:55:00,2022,8,6,11,55,93,93027,Avenue Paul Vaillant Couturier / Rue Jean-pierre Timbaud,48.9248,2.415,Plein jour,En agglomération,Intersection en X,Normale,Deux véhicules - côté,3,2,4,0,1,1,1,0,1,50,2,2,1,0,0,1,67.0,27.0,voiture,deux_roues,1,2,2,1,3
202200003015,2022-07-31 17:20:00,2022,7,31,17,20,93,93057,FABIEN ( AL. DU COLONEL) 1 A 85,48.9106398725,2.5011125341,Plein jour,En agglomération,Hors intersection,Normale,Autre collision,4,1,1,0,1,1,1,0,4,50,1,1,0,1,0,0,26.0,,voiture,,1,2,1,1,6
202200003016,2022-08-06 19:30:00,2022,8,6,19,30,93,93001,Rue des Cités / Rue Gaston Carré,48.9110616219,2.3882203979,Plein jour,En agglomération,Intersection en T,Normale,Deux véhicules - côté,4,1,1,0,1,1,1,0,1,50,2,2,1,0,0,1,24.0,20.0,deux_roues,voiture,1,2,3,1,3
202200003017,2022-08-06 07:25:00,2022,8,6,7,25,92,92012,GENERAL LECLERC (AVENUE DU) 35/FIN - 60/,48.8312124736,2.2360315919,Plein jour,En agglomération,Hors intersection,Temps éblouissant,Autre collision,3,1,3,0,1,1,1,0,1,50,1,1,0,0,0,1,25.0,,deux_roues,,1,2,1,7,6
202200003018,2022-08-06 18:50:00,2022,8,6,18,50,51,51270,D396,48.60949,4.555271,Plein jour,Hors agglomération,Intersection en X,Normale,Deux véhicules - côté,3,2,2,0,3,1,1,9,1,80,2,3,1,0,1,1,25.0,52.0,voiture,voiture,1,1,2,1,3
202200003019,2022-08-06 15:10:00,2022,8,6,15,10,22,22375,D6,48.623882,-2.972285,Plein jour,Hors agglomération,Hors intersection,Normale,Deux véhicules - frontale,3,2,2,0,1,1,1,0,1,80,2,5,4,0,1,0,24.0,55.0,utilitaire_camion,voiture,1,1,1,1,1
202200003020,2022-08-06 23:20:00,2022,8,6,23,20,45,45239,4 les Vergers,47.9090502312,2.6437354088,Nuit sans éclairage public,Hors agglomération,Autre intersection,Normale,Deux véhicules - frontale,3,2,1,0,1,1,1,0,1,80,2,2,0,0,2,0,18.0,22.0,deux_roues,deux_roues,3,1,9,1,1
202200003021,2022-08-07 12:00:00,2022,8,7,12,0,33,33066,Le Flautat,44.575746,-0.012193,Plein jour,Hors agglomération,Intersection en Y,Normale,Deux véhicules - côté,3,4,2,0,4,1,1,5,1,50,2,2,1,0,1,0,33.0,51.0,voiture,deux_roues,1,1,4,1,3
202200003022,2022-07-15 11:55:00,2022,7,15,11,55,31,31418,M50d,43.612601,1.546829,Plein jour,Hors agglomération,Intersection en Y,Normale,Deux véhicules - frontale,7,2,2,0,1,1,1,5,1,80,2,4,1,0,1,2,67.0,88.0,voiture,voiture,1,1,4,1,1
202200003023,2022-08-06 03:35:00,2022,8,6,3,35,974,97412,223 Rue Edmond Albius,-21.351548,55.611934,Nuit avec éclairage allumé,En agglomération,Hors intersection,Normale,Sans collision,3,2,2,0,2,2,1,0,3,50,1,3,0,0,0,3,26.0,,voiture,,5,2,1,1,7
202200003024,2022-08-07 12:25:00,2022,8,7,12,25,28,28403,D935,48.375573,1.494795,Plein jour,Hors agglomération,Intersection en X,Normale,Deux véhicules - côté,3,2,2,0,1,1,1,5,1,80,2,3,2,0,1,0,20.0,65.0,voiture,deux_roues,1,1,2,1,3
202200003025,2022-08-06 15:45:00,2022,8,6,15,45,74,74213,Route des Creusettes,45.913222,6.080668,Plein jour,En agglomération,Hors intersection,Normale,Sans collision,4,2,1,0,1,3,1,0,1,30,1,1,0,0,1,0,27.0,,voiture,,1,2,1,1,7
202200003026,2022-08-07 17:30:00,2022,8,7,17,30,71,71520,"A6, PK 335+200, sens Lyon-Paris",46.747948,4.832783,Plein jour,Hors agglomération,Intersection en Y,Normale,Autre collision,1,1,5,0,1,1,1,3,3,110,1,1,0,0,1,0,71.0,,voiture,,1,1,4,1,6
202200003027,2022-08-06 12:35:00,2022,8,6,12,35,974,97414,Rue Saint-louis,-21.288231,55.412307,Plein jour,En agglomération,Intersection en T,Normale,Deux véhicules - côté,4,2,1,0,2,2,1,0,1,30,2,2,1,0,1,0,26.0,57.0,voiture,deux_roues,1,2,3,1,3
202200003028,2022-08-07 03:00:00,2022,8,7,3,0,79,79312,,46.13098,-0.254123,Nuit sans éclairage public,Hors agglomération,Hors intersection,Normale,Sans collision,4,2,2,0,1,2,1,0,3,80,1,4,3,0,1,0,18.0,,voiture,,3,1,1,1,7
202200003029,2022-08-05 20:15:00,2022,8,5,20,15,65,65353,32 Cami Naü,43.170859,0.255692,Plein jour,En agglomération,Hors intersection,Normale,Autre collision,3,2,2,0,3,2,1,0,3,50,1,1,0,0,1,0,48.0,,deux_roues,,1,2,1,1,6
202200003030,2022-08-07 06:30:00,2022,8,7,6,30,51,51617,D944,49.0450883752,4.3073487282,Crépuscule ou aube,Hors agglomération,Hors intersection,Normale,Sans collision,3,2,2,0,1,1,1,0,3,70,1,4,2,0,1,1,23.0,,voiture,,2,1,1,1,7
202200003031,2022-08-06 18:05:00,2022,8,6,18,5,56,56257,D793a,48.09743,-2.55359,Plein jour,Hors agglomération,Intersection en X,Normale,Deux véhicules - côté,3,2,2,0,1,1,1,5,1,80,2,4,2,0,0,2,45.0,,voiture,voiture,1,1,2,1,3
202200003032,2022-08-07 14:55:00,2022,8,7,14,55,65,65283,rd618,42.801069,0.44117,Plein jour,Hors agglomération,Hors intersection,Normale,Sans collision,3,2,2,0,2,2,1,0,3,80,1,1,0,0,0,1,37.0,,deux_roues,,1,1,1,1,7
202200003033,2022-08-07 16:20:00,2022,8,7,16,20,65,65258,D929,43.104945,0.401445,Plein jour,Hors agglomération,Hors intersection,Normale,Deux véhicules - côté,3,2,2,0,1,1,1,0,1,90,2,2,0,0,0,2,39.0,42.0,deux_roues,deux_roues,1,1,1,1,3
202200003034,2022-08-07 15:03:00,2022,8,7,15,3,33,33544,Route du port autonome,45.526401,-1.099159,Plein jour,Hors agglomération,Hors intersection,Normale,Deux véhicules - frontale,4,-1,2,0,1,1,1,0,1,70,2,2,1,0,1,0,15.0,17.0,deux_roues,deux_roues,1,1,1,1,1
202200003035,2022-08-07 12:50:00,2022,8,7,12,50,71,71370,Route du Val d Arroux,46.536562,4.020374,Plein jour,Hors agglomération,Hors intersection,Normale,Autre collision,3,2,2,0,1,2,1,0,3,80,1,2,0,0,1,1,33.0,,voiture,,1,1,1,1,6
202200003036,2022-08-06 20:15:00,2022,8,6,20,15,71,71460,Route de Laize,46.396644,4.793236,Crépuscule ou aube,Hors agglomération,Hors intersection,Normale,Sans collision,4,2,1,0,1,1,1,0,1,80,1,1,0,0,0,1,16.0,,deux_roues,,2,1,1,1,7
202200003037,2022-08-06 18:19:00,2022,8,6,18,19,61,61483,le grand gué,48.581608,-0.429819,Plein jour,Hors agglomération,Hors intersection,Normale,Deux véhicules - côté,3,2,2,0,2,1,1,0,1,70,2,2,1,0,1,0,28.0,71.0,utilitaire_camion,deux_roues,1,1,1,1,3
202200003038,2022-08-06 20:25:00,2022,8,6,20,25,46,46304,Route du Causse,44.701957,1.545779,Plein jour,Hors agglomération,Hors intersection,Normale,Deux véhicules - frontale,3,2,2,0,2,3,1,0,1,80,2,4,3,0,1,0,40.0,34.0,voiture,voiture,1,1,1,1,1
202200003039,2022-08-06 09:35:00,2022,8,6,9,35,47,47186,2371 Route de l Océan,44.20605,0.443401,Plein jour,Hors agglomération,Hors intersection,Normale,Deux véhicules - côté,3,2,2,0,1,1,1,0,1,80,2,2,1,0,1,0,87.0,37.0,voiture,deux_roues,1,1,1,1,3
202200003040,2022-08-06 19:55:00,2022,8,6,19,55,22,22135,Saint Sylvestre,48.612143,-3.349693,Plein jour,Hors agglomération,Hors intersection,Normale,Deux véhicules - frontale,3,2,2,0,1,1,1,0,1,80,2,2,0,0,1,1,32.0,43.0,voiture,voiture,1,1,1,1,1
202200003041,2022-08-03 08:00:00,2022,8,3,8,0,39,39189,4 Rue de l’Abergement,47.075317,5.408165,Plein jour,En agglomération,Intersection en T,Temps éblouissant,Deux véhicules - arrière,3,2,2,0,1,3,1,0,1,50,2,2,1,0,1,0,80.0,45.0,deux_roues,voiture,1,2,3,7,2
202200003042,2022-08-07 15:25:00,2022,8,7,15,25,39,39035,,46.452574,5.346882,Plein jour,Hors agglomération,Intersection en T,Normale,Deux véhicules - côté,3,2,2,0,2,2,1,0,1,80,2,2,1,0,1,0,22.0,35.0,voiture,deux_roues,1,1,3,1,3
202200003043,2022-08-06 19:20:00,2022,8,6,19,20,44,44006,17 Rue du Pont aux Pages,47.428962,-2.394048,Crépuscule ou aube,En agglomération,Hors intersection,Normale,Autre collision,3,2,2,0,2,1,1,0,1,30,1,3,1,0,1,1,77.0,,voiture,,2,2,1,1,6
202200003044,2022-08-06 13:20:00,2022,8,6,13,20,35,35299,Le Petit Porcon,48.6532385167,-1.8733821809,Plein jour,Hors agglomération,Hors intersection,Normale,Deux véhicules - arrière,3,2,2,0,2,1,1,0,1,80,2,3,2,1,0,0,48.0,54.0,deux_roues,voiture,1,1,1,1,2
202200003045,2022-08-07 08:00:00,2022,8,7,8,0,02,02643,,49.396007,3.114287,Plein jour,En agglomération,Intersection en X,Temps éblouissant,Deux véhicules - arrière,2,3,1,0,1,1,1,5,1,50,2,4,3,0,0,1,53.0,31.0,voiture,voiture,1,2,2,7,2
202200003046,2022-08-07 14:05:00,2022,8,7,14,5,02,02183,11 Rue du Mont des Vaches,49.474848,3.59129,Plein jour,En agglomération,Hors intersection,Normale,Sans collision,4,2,1,0,1,1,1,0,1,50,1,1,0,0,1,0,25.0,,deux_roues,,1,2,1,1,7
202200003047,2022-08-06 18:07:00,2022,8,6,18,7,01,01321,,46.165701,5.360637,Plein jour,Hors agglomération,Intersection en Y,Temps éblouissant,Deux véhicules - frontale,3,2,2,0,2,1,1,0,1,80,2,2,1,0,1,0,21.0,35.0,deux_roues,voiture,1,1,4,7,1
202200003048,2022-08-06 21:25:00,2022,8,6,21,25,70,70105,RD 3 PK 33+800,47.63441,5.979524,Crépuscule ou aube,Hors agglomération,Hors intersection,Normale,Autre collision,3,2,2,0,1,1,1,0,3,80,1,1,0,0,1,0,80.0,,utilitaire_camion,,2,1,1,1,6