accident_id,datetime,annee,mois,jour,heure,minute,departement,commune_insee,adresse,latitude,longitude,luminosite,agglomeration,intersection,meteo,collision,catr,circ,nbv,vosp,prof,plan,surf,infra,situ,vma,nb_vehicules,nb_usagers,nb_indemnes,nb_tues,nb_blesses_hosp,nb_blesses_legers,age_cond_1,age_cond_2,veh_type_cond_1,veh_type_cond_2,lum_code,agg_code,int_code,atm_code,col_code
202200003234,2022-11-24 13:50:00,2022,11,24,13,50,92,92036,AUTOROUTE A86,48.9389446324,2.3050124924,Plein jour,Hors agglomération,Hors intersection,Normale,Deux véhicules - côté,1,3,6,0,1,3,1,0,1,90,2,2,1,0,0,1,28.0,25.0,deux_roues,voiture,1,1,1,1,3
202200003235,2022-05-02 18:30:00,2022,5,2,18,30,42,42044,Boulevard d'Auvergne,45.38948,4.31015,Plein jour,En agglomération,Intersection en T,Normale,Trois véhicules et plus - collisions multiples,7,2,2,0,1,1,1,0,1,50,3,3,2,0,0,1,31.0,54.0,voiture,voiture,1,2,3,1,5
202200003236,2022-11-23 17:20:00,2022,11,23,17,20,95,95572,A15,49.0309188745,2.1212960669,Nuit avec éclairage allumé,Hors agglomération,Hors intersection,Normale,Deux véhicules - arrière,1,3,6,0,1,3,1,0,1,90,2,2,1,0,0,1,52.0,33.0,voiture,voiture,5,1,1,1,2
202200003237,2022-06-02 16:20:00,2022,6,2,16,20,95,95280,Rue Victor Basch,49.03096536,2.4751800299,Plein jour,En agglomération,Intersection en X,Normale,Autre collision,4,1,2,0,1,1,1,0,1,50,1,2,1,0,0,1,21.0,,voiture,,1,2,2,1,6
202200003238,2022-05-31 17:55:00,2022,5,31,17,55,95,95598,RD 928,48.98708,2.29554,Plein jour,En agglomération,Hors intersection,Normale,Autre collision,3,3,2,0,1,1,1,0,1,50,1,2,1,0,0,1,74.0,,voiture,,1,2,1,1,6
202200003239,2022-11-24 07:50:00,2022,11,24,7,50,93,93027,Rue de Saint-denis / Avenue Roger Salengro,48.93005,2.38515,Crépuscule ou aube,En agglomération,Place,Temps couvert,Autre collision,3,3,4,0,1,1,1,0,1,50,1,2,1,0,0,1,34.0,,voiture,,2,2,7,8,6
202200003240,2022-04-26 08:35:00,2022,4,26,8,35,41,41018,CHATEAUDUN (AVENUE DE),47.60198,1.32826,Plein jour,En agglomération,Intersection en T,Normale,Autre collision,4,2,2,0,1,1,1,0,1,50,1,2,1,0,0,1,26.0,,voiture,,1,2,3,1,6
202200003241,2022-11-24 09:39:00,2022,11,24,9,39,92,92035,National ( boulevard ),48.9055237081,2.239274919,Plein jour,En agglomération,Hors intersection,Normale,Sans collision,3,1,3,1,1,1,1,0,5,25,1,1,0,0,0,1,39.0,,deux_roues,,1,2,1,1,7
202200003242,2022-06-03 17:30:00,2022,6,3,17,30,95,95427,Route de Calais,48.976922,2.364748,Plein jour,En agglomération,Hors intersection,Normale,Deux véhicules - arrière,3,3,4,0,1,1,1,0,1,50,2,3,1,0,1,1,56.0,68.0,voiture,voiture,1,2,1,1,2
202200003243,2022-06-29 20:20:00,2022,6,29,20,20,94,94065,CHARLES LINDBERGH (AV),48.75315,2.35005,Nuit avec éclairage allumé,En agglomération,Giratoire,Normale,Sans collision,3,-1,0,0,1,1,1,0,1,50,1,1,0,0,0,1,23.0,,deux_roues,,5,2,6,1,7
202200003244,2022-05-17 18:00:00,2022,5,17,18,0,95,95555,RD 14,48.966661,2.276363,Plein jour,En agglomération,Hors intersection,Normale,Deux véhicules - côté,3,3,4,0,1,1,1,0,4,50,2,2,1,0,1,0,17.0,22.0,deux_roues,voiture,1,2,1,1,3
202200003245,2022-11-24 16:10:00,2022,11,24,16,10,75,75116,BD PERIPHERIQUE EXTERIEUR,48.869887,2.27151,Plein jour,En agglomération,Hors intersection,Normale,Deux véhicules - côté,4,1,4,0,1,1,1,0,1,70,2,2,1,0,0,1,64.0,22.0,deux_roues,utilitaire_camion,1,2,1,1,3
202200003246,2022-05-02 07:15:00,2022,5,2,7,15,37,37195,,47.37576,0.64389,Plein jour,En agglomération,Intersection en T,Normale,Deux véhicules - côté,4,2,2,0,1,2,1,0,1,50,2,2,1,0,0,1,63.0,57.0,voiture,deux_roues,1,2,3,1,3
202200003247,2022-06-01 19:20:00,2022,6,1,19,20,95,95197,Rue de la Gare,48.975401,2.334261,Plein jour,En agglomération,Hors intersection,Normale,Autre collision,3,2,2,0,1,1,1,0,1,50,1,2,1,0,0,1,,,voiture,,1,2,1,1,6
202200003248,2022-11-24 08:30:00,2022,11,24,8,30,75,75113,BD PERIPHERIQUE INTERIEUR,48.817522,2.349559,Plein jour,En agglomération,Hors intersection,Normale,Trois véhicules et plus - collisions multiples,4,1,3,0,1,1,1,0,1,70,3,3,2,0,0,1,22.0,53.0,deux_roues,deux_roues,1,2,1,1,5
202200003249,2022-05-17 19:36:00,2022,5,17,19,36,91,91645,VALLEE DE LA BIEVRES (VOIE DE LA),48.73608,2.23833,Plein jour,En agglomération,Giratoire,Temps éblouissant,Deux véhicules - côté,3,1,1,2,1,3,1,0,5,30,2,2,1,0,0,1,29.0,,deux_roues,voiture,1,2,6,7,3
202200003250,2022-05-02 21:50:00,2022,5,2,21,50,35,35238,MALAKOFF,48.10625,-1.69305,Nuit avec éclairage allumé,En agglomération,Intersection en T,Normale,Deux véhicules - côté,4,2,2,1,4,1,1,0,5,30,2,2,0,0,0,2,39.0,26.0,deux_roues,deux_roues,5,2,3,1,3
202200003251,2022-11-24 17:40:00,2022,11,24,17,40,75,75113,BD PERIPHERIQUE EXTERIEUR ,48.817787,2.353378,Crépuscule ou aube,En agglomération,Hors intersection,Normale,Trois véhicules et plus - collisions multiples,4,1,3,0,1,1,1,0,1,70,3,3,2,0,1,0,48.0,48.0,voiture,deux_roues,2,2,1,1,5
202200003252,2022-11-24 10:35:00,2022,11,24,10,35,75,75119,AVENUE JEAN JAURES,48.884413,2.376445,Plein jour,En agglomération,Hors intersection,Normale,Deux véhicules - côté,4,2,4,0,1,1,1,0,1,30,2,2,1,0,0,1,34.0,66.0,deux_roues,voiture,1,2,1,1,3
202200003253,2022-06-03 03:55:00,2022,6,3,3,55,91,91345,RUE DE CHILLY,48.69743,2.29551,Nuit avec éclairage allumé,En agglomération,Intersection en T,Normale,Deux véhicules - côté,3,2,2,0,1,1,1,5,1,50,2,3,2,0,1,0,36.0,21.0,autre,voiture,5,2,3,1,3
202200003254,2022-11-23 16:45:00,2022,11,23,16,45,75,75117,RUE DE COURCELLES,48.883321,2.298945,Plein jour,En agglomération,Intersection en X,Normale,Deux véhicules - côté,4,2,2,0,1,1,2,0,1,30,2,3,0,0,0,3,37.0,12.0,deux_roues,deux_roues,1,2,2,1,3
202200003255,2022-05-02 20:45:00,2022,5,2,20,45,35,35238,CHATEAUGIRON (DE),48.092328,-1.629272,Plein jour,En agglomération,Intersection en T,Normale,Deux véhicules - côté,4,3,6,2,1,1,1,5,1,50,2,2,1,0,0,1,,22.0,voiture,voiture,1,2,3,1,3
202200003256,2022-06-02 18:00:00,2022,6,2,18,0,91,91345,RUE DU CANAL,48.69662,2.28948,Plein jour,En agglomération,Giratoire,Normale,Deux véhicules - côté,4,-1,1,0,1,3,1,0,1,50,2,3,2,0,1,0,57.0,19.0,deux_roues,utilitaire_camion,1,2,6,1,3
202200003257,2022-11-23 12:00:00,2022,11,23,12,0,75,75117,BOULEVARD DU FORT DE VAUX,48.891829,2.301599,Plein jour,En agglomération,Intersection en X,Pluie forte,Deux véhicules - côté,4,1,1,1,2,1,2,0,1,30,2,2,1,0,0,1,30.0,58.0,deux_roues,utilitaire_camion,1,2,2,3,3
202200003258,2022-04-26 12:35:00,2022,4,26,12,35,33,33119,Rue du Maréchal Foch,44.8548137257,-0.5288339853,Plein jour,En agglomération,Hors intersection,Normale,Autre collision,4,2,2,0,2,1,1,8,4,30,1,1,0,0,0,1,49.0,,voiture,,1,2,1,1,6
202200003259,2022-06-03 20:20:00,2022,6,3,20,20,91,91421,NARCISSES (ALLEE DES),48.70239,2.44098,Plein jour,En agglomération,Hors intersection,Normale,Deux véhicules - côté,4,2,2,0,2,1,1,0,1,30,2,2,1,0,0,1,37.0,5.0,voiture,deux_roues,1,2,1,1,3
202200003260,2022-11-23 11:10:00,2022,11,23,11,10,75,75116,AVENUE FOCH,48.873358,2.286111,Plein jour,En agglomération,Intersection en T,Pluie légère,Deux véhicules - côté,4,1,1,0,1,1,2,0,1,30,2,2,1,0,0,1,48.0,37.0,utilitaire_camion,voiture,1,2,3,2,3
202200003261,2022-06-03 14:45:00,2022,6,3,14,45,91,91201,BD HENRI BARBUSSE,48.66881,2.41527,Plein jour,En agglomération,Hors intersection,Pluie légère,Deux véhicules - côté,3,2,2,0,1,1,2,0,1,50,2,2,1,0,0,1,31.0,36.0,deux_roues,utilitaire_camion,1,2,1,2,3
202200003262,2022-05-02 20:45:00,2022,5,2,20,45,31,31555,AV DE L HERS,43.613011,1.47812,Nuit avec éclairage allumé,En agglomération,Hors intersection,Normale,Autre collision,4,2,2,0,1,1,1,0,1,30,1,2,1,0,0,1,32.0,,voiture,,5,2,1,1,6
202200003263,2022-11-24 06:05:00,2022,11,24,6,5,75,75115,RUE DE LA CONVENTION,48.8372207146,2.2964309156,Nuit avec éclairage allumé,En agglomération,Intersection en X,Normale,Deux véhicules - frontale,4,2,2,0,1,1,1,0,1,30,2,2,1,0,0,1,59.0,52.0,deux_roues,utilitaire_camion,5,2,2,1,1
202200003264,2022-06-03 08:10:00,2022,6,3,8,10,91,91174,QUAI MAURICE RIQUIEZ,48.610324,2.48971,Plein jour,En agglomération,Hors intersection,Normale,Autre collision,3,2,2,0,1,1,1,0,1,50,1,3,1,0,0,2,25.0,,voiture,,1,2,1,1,6
202200003265,2022-11-24 14:10:00,2022,11,24,14,10,75,75114,RUE DU MONTPARNASSE,48.844145,2.322964,Plein jour,En agglomération,Intersection en T,Temps couvert,Autre collision,4,1,1,0,1,1,1,0,1,30,1,2,1,0,0,1,,,utilitaire_camion,,1,2,3,8,6
202200003266,2022-05-01 23:00:00,2022,5,1,23,0,31,31555,33 B SESQUIERES  (PERIPH OUEST A620),43.647657,1.421055,Nuit avec éclairage allumé,Hors agglomération,Hors intersection,Normale,Sans collision,1,1,1,0,1,1,1,3,1,90,1,1,0,0,0,1,33.0,,deux_roues,,5,1,1,1,7
202200003267,2022-06-03 18:00:00,2022,6,3,18,0,91,91223,REMPART (RUE DU),48.435528,2.166544,Plein jour,En agglomération,Hors intersection,Temps couvert,Deux véhicules - côté,4,2,4,0,1,1,1,9,1,50,2,2,1,0,0,1,65.0,30.0,voiture,deux_roues,1,2,1,8,3
202200003268,2022-11-24 12:50:00,2022,11,24,12,50,75,75114,BOULEVARD JOURDAN,48.822235,2.33039,Plein jour,En agglomération,Intersection en X,Normale,Deux véhicules - côté,4,-1,2,1,1,1,1,0,1,30,2,2,1,0,0,1,60.0,51.0,deux_roues,voiture,1,2,2,1,3
202200003269,2022-05-01 07:25:00,2022,5,1,7,25,31,31555,BD LAZARE CARNOT,43.6033,1.4509,Plein jour,En agglomération,Hors intersection,Normale,Autre collision,4,-1,0,0,1,1,1,0,1,50,1,2,1,0,0,1,22.0,,utilitaire_camion,,1,2,1,1,6
202200003270,2022-06-04 14:36:00,2022,6,4,14,36,90,90010,MAGASIN (RUE DU),47.64406,6.85959,Plein jour,En agglomération,Hors intersection,Normale,Deux véhicules - côté,4,2,2,0,1,1,1,0,1,50,2,4,3,0,0,1,42.0,21.0,voiture,deux_roues,1,2,1,1,3
202200003271,2022-11-23 23:11:00,2022,11,23,23,11,75,75110,RUE DU FAUBOURG SAINT MARTIN,48.8811,2.365161,Nuit avec éclairage allumé,En agglomération,Intersection en X,Normale,Deux véhicules - côté,4,2,4,0,1,1,1,0,1,30,2,2,0,0,0,2,24.0,35.0,deux_roues,deux_roues,5,2,2,1,3
202200003272,2022-04-29 17:20:00,2022,4,29,17,20,28,28085,SEMARD (PLACE PIERRE),48.44766,1.48188,Plein jour,En agglomération,Intersection en T,Temps éblouissant,Autre collision,4,2,2,0,4,1,1,0,1,30,1,2,1,0,1,0,50.0,,transport_commun,,1,2,3,7,6
202200003273,2022-06-03 16:10:00,2022,6,3,16,10,86,86158,Avenue de Chatellerault,46.622906,0.352699,Plein jour,Hors agglomération,Hors intersection,Normale,Deux véhicules - côté,3,1,2,0,1,2,1,0,1,50,2,2,1,0,0,1,17.0,38.0,deux_roues,voiture,1,1,1,1,3
202200003274,2022-11-23 16:55:00,2022,11,23,16,55,75,75107,BOULEVARD RASPAIL,48.853356,2.326415,Plein jour,En agglomération,Intersection en X,Normale,Autre collision,4,3,2,0,1,1,1,0,1,30,1,1,0,0,0,1,76.0,,deux_roues,,1,2,2,1,6
202200003275,2022-05-01 06:46:00,2022,5,1,6,46,17,17306,BLEUETS (DES),45.64447,-1.04124,Crépuscule ou aube,En agglomération,Hors intersection,Normale,Sans collision,4,2,2,0,1,2,1,0,1,50,1,1,0,0,0,1,28.0,,voiture,,2,2,1,1,7
202200003276,2022-11-23 12:20:00,2022,11,23,12,20,75,75107,BOULEVARD SAINT GERMAIN,48.861139,2.320667,Plein jour,En agglomération,Intersection en Y,Pluie légère,Deux véhicules - côté,4,1,3,3,1,1,2,0,6,30,2,2,1,0,0,1,51.0,24.0,deux_roues,voiture,1,2,4,2,3
202200003277,2022-02-24 22:18:00,2022,2,24,22,18,31,31182,42 Rue Sévéso,43.683473,1.403245,Nuit sans éclairage public,En agglomération,Hors intersection,Normale,Autre collision,7,2,2,0,1,3,1,2,1,50,1,2,1,0,1,0,25.0,,voiture,,3,2,1,1,6
202200003278,2022-04-28 15:35:00,2022,4,28,15,35,16,16102,MONTESQUIEU (RUE),45.68078,-0.33588,Plein jour,En agglomération,Intersection en X,Normale,Deux véhicules - côté,4,2,2,0,1,1,1,0,1,50,2,2,1,0,1,0,22.0,17.0,deux_roues,deux_roues,1,2,2,1,3
202200003279,2022-06-02 17:15:00,2022,6,2,17,15,86,86194,Avenue de Nantes,46.589521,0.32974,Plein jour,En agglomération,Hors intersection,Normale,Sans collision,4,-1,6,3,1,1,1,5,1,50,2,8,3,0,0,5,57.0,,transport_commun,voiture,1,2,1,1,7
202200003280,2022-10-27 01:10:00,2022,10,27,1,10,75,75107,QUAI VOLTAIRE,48.859265,2.330215,Nuit avec éclairage allumé,En agglomération,Intersection en T,Normale,Sans collision,4,2,5,1,1,1,1,0,5,30,1,1,0,0,0,1,45.0,,deux_roues,,5,2,3,1,7
202200003281,2022-03-23 16:00:00,2022,3,23,16,0,26,26303,Départementale 64,44.30653,5.385666,Plein jour,Hors agglomération,Hors intersection,Normale,Autre collision,3,2,2,0,2,3,1,0,3,80,1,2,0,0,1,1,42.0,,deux_roues,,1,1,1,1,6
202200003282,2022-11-24 16:00:00,2022,11,24,16,0,75,75104,RUE DE RIVOLI,48.855074,2.361632,Plein jour,En agglomération,Intersection en Y,Normale,Autre collision,4,2,4,1,1,1,1,0,5,30,1,1,0,0,0,1,47.0,,deux_roues,,1,2,4,1,6
202200003283,2022-03-24 11:15:00,2022,3,24,11,15,50,50394,3 Rue Alfred Regnault,49.184651,-1.407637,Plein jour,En agglomération,Hors intersection,Normale,Autre collision,4,-1,1,0,1,1,1,0,8,-1,1,2,1,0,1,0,30.0,,voiture,,1,2,1,1,6
202200003284,2022-11-24 08:50:00,2022,11,24,8,50,75,75104,VOIE GEORGES POMPIDOU,48.855835,2.350845,Plein jour,En agglomération,Intersection en T,Normale,Deux véhicules - arrière,4,2,2,1,1,1,1,6,5,30,2,2,1,0,0,1,34.0,49.0,deux_roues,deux_roues,1,2,3,1,2
202200003285,2022-04-08 11:20:00,2022,4,8,11,20,13,13056,VENTRONS,43.3762,5.06459,Plein jour,Hors agglomération,Hors intersection,Normale,Deux véhicules - côté,3,2,2,0,1,1,1,0,1,70,2,2,1,0,1,0,79.0,53.0,voiture,deux_roues,1,1,1,1,3
202200003286,2022-06-03 06:24:00,2022,6,3,6,24,86,86027,D12,46.598562,0.295206,Crépuscule ou aube,Hors agglomération,Intersection en X,Temps couvert,Deux véhicules - côté,3,2,2,0,1,1,2,0,1,80,2,2,1,0,0,1,37.0,24.0,utilitaire_camion,deux_roues,2,1,2,8,3
202200003287,2022-11-24 02:25:00,2022,11,24,2,25,75,75103,RUE BEAUBOURG,48.863763,2.354867,Nuit avec éclairage allumé,En agglomération,Intersection en X,Temps couvert,Deux véhicules - arrière,4,1,2,0,1,1,1,0,1,30,2,2,1,0,0,1,61.0,30.0,voiture,deux_roues,5,2,2,8,2
202200003288,2022-06-02 19:50:00,2022,6,2,19,50,86,86194,Rue de Bignoux,46.584698,0.374784,Plein jour,Hors agglomération,Intersection en T,Normale,Deux véhicules - côté,3,2,2,0,1,1,1,0,1,50,2,2,1,0,1,0,66.0,24.0,voiture,deux_roues,1,1,3,1,3
202200003289,2022-03-16 13:30:00,2022,3,16,13,30,21,21604,Rue HAUTE,47.582851,4.270345,Plein jour,En agglomération,Hors intersection,Temps couvert,Autre collision,4,2,2,0,1,1,1,0,1,50,1,2,1,0,1,0,56.0,,utilitaire_camion,,1,2,1,8,6
202200003290,2022-11-24 17:20:00,2022,11,24,17,20,94,94044,PRESIDENT WILSON (AV DU),48.75131,2.49234,Crépuscule ou aube,En agglomération,Autre intersection,Normale,Autre collision,9,1,2,3,1,1,1,6,4,50,1,2,1,0,1,0,,,deux_roues,,2,2,9,1,6
202200003291,2022-05-02 15:00:00,2022,5,2,15,0,13,13214,PLOMBIERES (BOULEVARD DES),43.31975,5.37826,Plein jour,En agglomération,Intersection en Y,Normale,Deux véhicules - arrière,1,1,0,0,1,1,1,0,1,50,2,6,5,0,0,1,55.0,44.0,deux_roues,voiture,1,2,4,1,2
202200003292,2022-03-24 01:30:00,2022,3,24,1,30,04,04157,RD 953,43.8892,6.132141,Nuit sans éclairage public,Hors agglomération,Hors intersection,Normale,Autre collision,3,2,2,0,2,3,1,0,3,80,1,1,0,0,1,0,62.0,,voiture,,3,1,1,1,6
202200003293,2022-11-24 08:55:00,2022,11,24,8,55,94,94044,PRESIDENT WILSON (AV DU),48.751104,2.496283,Plein jour,En agglomération,Autre intersection,Normale,Autre collision,3,-1,2,0,1,1,1,0,1,50,1,2,0,0,0,2,42.0,,utilitaire_camion,,1,2,9,1,6
202200003294,2022-03-22 09:45:00,2022,3,22,9,45,85,85018,Rue Henri Geoffroy,46.911413,-2.035979,Plein jour,En agglomération,Hors intersection,Normale,Sans collision,3,2,2,0,1,1,1,0,4,50,1,1,0,1,0,0,51.0,,deux_roues,,1,2,1,1,7
202200003295,2022-11-23 10:10:00,2022,11,23,10,10,94,94068,CHAMPIGNY (BD DE),48.805,2.5088,Plein jour,En agglomération,Intersection en T,Pluie légère,Autre collision,3,2,2,0,1,1,2,0,1,30,1,2,1,0,0,1,32.0,,voiture,,1,2,3,2,6
202200003296,2022-05-30 18:15:00,2022,5,30,18,15,84,84087,PASSERELLE (CHEMIN DE LA),44.14483,4.80361,Plein jour,En agglomération,Intersection en X,Normale,Deux véhicules - côté,2,2,2,2,1,1,1,0,1,50,2,2,1,0,1,0,12.0,35.0,deux_roues,voiture,1,2,2,1,3
202200003297,2022-04-28 17:45:00,2022,4,28,17,45,13,13210,RABATAU (BOULEVARD),43.2794202331,5.3992847241,Plein jour,En agglomération,Intersection en X,Normale,Deux véhicules - côté,4,2,4,0,1,1,1,0,1,50,2,3,1,0,0,2,33.0,28.0,voiture,voiture,1,2,2,1,3
202200003298,2022-03-23 17:40:00,2022,3,23,17,40,17,17140,D26,45.895668,-1.24418,Plein jour,Hors agglomération,Hors intersection,Normale,Sans collision,3,2,2,0,1,2,1,0,3,80,1,2,0,1,1,0,74.0,,deux_roues,,1,1,1,1,7
202200003299,2022-05-02 16:00:00,2022,5,2,16,0,07,07281,,44.93703,4.828427,Plein jour,Hors agglomération,Hors intersection,Normale,Sans collision,3,2,1,0,2,1,1,0,1,80,1,2,1,0,0,1,35.0,,utilitaire_camion,,1,1,1,1,7
202200003300,2022-11-24 20:45:00,2022,11,24,20,45,94,94042,MARNE (QU DE),48.82025,2.46719,Nuit avec éclairage allumé,En agglomération,Intersection à plus de 4 branches,Normale,Deux véhicules - côté,3,2,4,0,1,1,1,5,1,50,2,3,2,0,0,1,27.0,30.0,voiture,deux_roues,5,2,5,1,3
202200003301,2022-03-24 05:00:00,2022,3,24,5,0,37,37203,,47.4050591557,0.733165741,Nuit sans éclairage public,Hors agglomération,Hors intersection,Normale,Autre collision,7,2,2,3,1,1,1,0,1,80,1,2,1,1,0,0,50.0,,voiture,,3,1,1,1,6
202200003302,2022-06-05 11:40:00,2022,6,5,11,40,83,83144,MIRASOULEOU (AVE / ROND POINT),43.1353473512,5.9778124094,Plein jour,En agglomération,Giratoire,Normale,Deux véhicules - côté,4,-1,2,0,1,1,1,0,1,50,2,2,1,0,0,1,35.0,28.0,utilitaire_camion,deux_roues,1,2,6,1,3
202200003303,2022-05-01 03:38:00,2022,5,1,3,38,07,07281,,44.94353,4.78491,Nuit sans éclairage public,Hors agglomération,Hors intersection,Normale,Sans collision,3,2,2,0,2,3,1,0,1,50,1,1,0,0,1,0,33.0,,autre,,3,1,1,1,7
202200003304,2022-11-24 12:25:00,2022,11,24,12,25,94,94042,VERDUN (PL DE),48.82026769,2.4735686984,Plein jour,En agglomération,Place,Normale,Autre collision,3,1,2,3,2,1,1,6,6,30,1,2,1,0,0,1,43.0,,voiture,,1,2,7,1,6
202200003305,2022-06-03 15:30:00,2022,6,3,15,30,83,83137,BIZET (AVE GEORGES),43.1238607374,5.9472942352,Plein jour,En agglomération,Autre intersection,Normale,Autre collision,4,2,2,0,3,1,1,0,1,50,1,3,2,0,0,1,28.0,,voiture,,1,2,9,1,6
202200003306,2022-11-24 19:30:00,2022,11,24,19,30,94,94076,MAXIME GORKI (BD),48.79013,2.3688,Nuit avec éclairage allumé,En agglomération,Hors intersection,Normale,Deux véhicules - côté,3,2,4,0,1,1,1,0,1,50,2,2,1,0,0,1,18.0,57.0,deux_roues,voiture,5,2,1,1,3
202200003307,2022-03-23 18:10:00,2022,3,23,18,10,30,30210,,43.943657,3.977308,Plein jour,Hors agglomération,Hors intersection,Normale,Deux véhicules - côté,3,2,2,0,4,1,1,0,1,80,2,5,4,0,1,0,47.0,61.0,voiture,deux_roues,1,1,1,1,3
202200003308,2022-05-03 00:30:00,2022,5,3,0,30,06,06088,CIMIEZ (BD) A PARTIR DU 16-17,43.70872,7.27133,Nuit avec éclairage allumé,En agglomération,Intersection en Y,Pluie légère,Deux véhicules - côté,4,2,2,0,2,3,2,0,1,50,2,4,3,0,0,1,35.0,31.0,voiture,voiture,5,2,4,2,3
202200003309,2022-06-03 10:25:00,2022,6,3,10,25,83,83090,GORGES (ROUTE DES),43.14529,5.84774,Plein jour,Hors agglomération,Intersection en T,Pluie légère,Deux véhicules - frontale,3,2,2,0,1,1,2,0,1,70,2,2,1,0,0,1,28.0,32.0,voiture,deux_roues,1,1,3,2,1
202200003310,2022-11-23 18:20:00,2022,11,23,18,20,94,94028,FOCH(AVENUE DU MARECHAL),48.7782498018,2.4383724002,Nuit avec éclairage allumé,En agglomération,Hors intersection,Normale,Deux véhicules - arrière,2,-1,3,0,1,1,1,0,1,50,2,2,1,0,0,1,43.0,35.0,voiture,voiture,5,2,1,1,2
202200003311,2022-03-23 12:40:00,2022,3,23,12,40,44,44115,,47.36986,-1.290942,Plein jour,Hors agglomération,Hors intersection,Normale,Deux véhicules - arrière,1,3,4,0,1,1,1,0,1,130,2,3,1,0,1,1,78.0,23.0,voiture,voiture,1,1,1,1,2
202200003312,2022-06-02 21:00:00,2022,6,2,21,0,83,83126,CARMILLE ( AV DU GENERAL),43.0944022435,5.888800621,Crépuscule ou aube,En agglomération,Hors intersection,Normale,Autre collision,4,3,2,0,1,2,1,0,4,50,1,2,1,0,1,0,25.0,,utilitaire_camion,,2,2,1,1,6
202200003313,2022-11-24 07:35:00,2022,11,24,7,35,94,94055,Avenue Olivier d'Ormesson / Rue Arthur de Montalembert,48.78225,2.53216,Plein jour,En agglomération,Intersection en X,Normale,Deux véhicules - côté,3,2,2,0,1,1,1,0,1,50,2,2,1,0,1,0,45.0,58.0,voiture,deux_roues,1,2,2,1,3
202200003314,2022-05-02 10:30:00,2022,5,2,10,30,06,06088,BRAILLE (BD LOUIS),43.718,7.29441,Plein jour,En agglomération,Hors intersection,Normale,Deux véhicules - côté,4,2,2,0,1,1,1,0,1,30,2,3,1,0,0,2,18.0,37.0,deux_roues,voiture,1,2,1,1,3
202200003315,2022-03-21 14:25:00,2022,3,21,14,25,973,97304,Avenue Léopold Héder,5.164618,-52.646838,Plein jour,En agglomération,Autre intersection,Normale,Deux véhicules - côté,4,2,2,0,1,1,9,0,1,50,2,2,1,0,0,1,63.0,69.0,voiture,utilitaire_camion,1,2,9,1,3
202200003316,2022-06-04 19:19:00,2022,6,4,19,19,83,83069,MADRAGUE (ROUTE DE LA),43.04112,6.14334,Plein jour,En agglomération,Hors intersection,Normale,Autre collision,4,2,2,0,1,1,1,0,1,50,1,2,1,0,0,1,29.0,,deux_roues,,1,2,1,1,6
202200003317,2022-11-28 09:15:00,2022,11,28,9,15,94,94017,237 Avenue du Général de Gaulle,48.8273377192,2.5119705498,Plein jour,En agglomération,Hors intersection,Pluie légère,Trois véhicules et plus - en chaîne,3,2,3,0,1,1,2,0,1,50,3,3,2,0,0,1,46.0,27.0,voiture,voiture,1,2,1,2,4
202200003318,2022-05-02 09:35:00,2022,5,2,9,35,01,01053,SCHUMAN ( RUE ROBERT),46.21266,5.23113,Plein jour,En agglomération,Hors intersection,Temps éblouissant,Autre collision,4,2,2,0,1,1,1,0,1,50,1,3,1,0,0,2,84.0,,voiture,,1,2,1,7,6
202200003319,2022-03-23 18:00:00,2022,3,23,18,0,83,83001,Chemin des Gabriels,43.525732,6.832933,Plein jour,En agglomération,Intersection en Y,Normale,Deux véhicules - frontale,3,2,1,0,2,2,1,0,1,50,2,3,2,0,1,0,53.0,24.0,deux_roues,voiture,1,2,4,1,1
202200003320,2022-11-24 12:50:00,2022,11,24,12,50,93,93059,Rue Audenet,48.96954,2.3676,Plein jour,En agglomération,Hors intersection,Normale,Autre collision,4,2,2,0,1,1,1,0,1,30,1,2,1,0,0,1,,,deux_roues,,1,2,1,1,6
202200003321,2022-06-02 11:00:00,2022,6,2,11,0,83,83034,ROUTE DE LA MOUTONNE,43.110263,6.049149,Plein jour,Hors agglomération,Hors intersection,Normale,Deux véhicules - arrière,3,2,2,0,1,1,1,0,1,70,2,3,2,0,0,1,24.0,72.0,utilitaire_camion,deux_roues,1,1,1,1,2
202200003322,2022-11-22 11:25:00,2022,11,22,11,25,93,93066,Rue Ambroise Croizat,48.932248,2.348964,Plein jour,En agglomération,Hors intersection,Pluie légère,Deux véhicules - arrière,3,3,1,0,1,1,2,0,1,30,2,2,1,0,0,1,40.0,47.0,utilitaire_camion,voiture,1,2,1,2,2
202200003323,2022-06-03 16:15:00,2022,6,3,16,15,82,82121,ABBAYE (RUE DE L'),44.013584,1.350854,Plein jour,En agglomération,Intersection en T,Temps éblouissant,Autre collision,4,2,3,0,1,1,1,0,1,50,1,2,1,0,1,0,31.0,,voiture,,1,2,3,7,6
202200003324,2022-03-21 07:20:00,2022,3,21,7,20,06,06157,Chemin de Vosgelades,43.716941,7.129829,Plein jour,En agglomération,Hors intersection,Temps éblouissant,Trois véhicules et plus - collisions multiples,9,2,2,0,1,3,1,0,1,50,3,3,2,0,1,0,16.0,41.0,deux_roues,voiture,1,2,1,7,5
202200003325,2022-04-27 12:50:00,2022,4,27,12,50,75,75116,BD PERIPHERIQUE INTERIEUR,48.839637,2.254165,Plein jour,En agglomération,Hors intersection,Normale,Deux véhicules - arrière,4,1,4,0,1,1,1,0,1,70,2,5,2,0,0,3,53.0,23.0,voiture,utilitaire_camion,1,2,1,1,2