accident_id,datetime,annee,mois,jour,heure,minute,departement,commune_insee,adresse,latitude,longitude,luminosite,agglomeration,intersection,meteo,collision,catr,circ,nbv,vosp,prof,plan,surf,infra,situ,vma,nb_vehicules,nb_usagers,nb_indemnes,nb_tues,nb_blesses_hosp,nb_blesses_legers,age_cond_1,age_cond_2,veh_type_cond_1,veh_type_cond_2,lum_code,agg_code,int_code,atm_code,col_code
202200003326,2022-11-22 05:30:00,2022,11,22,5,30,93,93066,Avenue Lénine / Rue Robert Desnos,48.939335,2.369078,Nuit avec éclairage allumé,En agglomération,Intersection en X,Pluie légère,Deux véhicules - côté,3,3,4,0,1,1,2,0,1,50,2,2,1,0,0,1,21.0,46.0,voiture,utilitaire_camion,5,2,2,2,3
202200003327,2022-03-23 23:20:00,2022,3,23,23,20,08,08190,Rue du Marechal Leclerc,50.13966,4.8228,Nuit avec éclairage allumé,En agglomération,Hors intersection,Normale,Deux véhicules - côté,3,2,2,0,1,1,1,0,1,50,2,4,1,0,0,3,24.0,33.0,voiture,voiture,5,2,1,1,3
202200003328,2022-05-02 13:18:00,2022,5,2,13,18,75,75105,RUE SAINT JACQUES,48.842109,2.341301,Plein jour,En agglomération,Intersection en X,Normale,Autre collision,4,2,2,0,1,1,1,0,1,30,1,2,1,0,0,1,20.0,,deux_roues,,1,2,2,1,6
202200003329,2022-11-24 08:20:00,2022,11,24,8,20,93,93051,Avenue du Marechal Joffre / Rue du Clos,48.84388,2.55442,Plein jour,En agglomération,Intersection en T,Normale,Deux véhicules - côté,4,1,1,0,1,1,2,0,1,10,2,3,2,0,0,1,33.0,37.0,voiture,deux_roues,1,2,3,1,3
202200003330,2022-06-04 14:25:00,2022,6,4,14,25,82,82033,MONTAUBAN D 958 (ROUTE DE),44.0308242099,1.1503458021,Plein jour,Hors agglomération,Hors intersection,Normale,Sans collision,3,2,2,0,1,1,1,0,3,80,1,1,0,0,1,0,44.0,,voiture,,1,1,1,1,7
202200003331,2022-03-23 17:00:00,2022,3,23,17,0,68,68154,Avenue de Belgique,47.766734,7.364772,Plein jour,En agglomération,Intersection en T,Temps éblouissant,Deux véhicules - côté,4,2,2,0,1,1,1,0,1,50,2,2,1,0,0,1,12.0,32.0,deux_roues,voiture,1,2,3,7,3
202200003332,2022-05-02 17:20:00,2022,5,2,17,20,75,75116,ALLEE DE LA REINE MARGUERITE,48.849096,2.242059,Plein jour,En agglomération,Hors intersection,Normale,Autre collision,4,2,2,0,1,1,1,0,1,30,1,2,1,0,0,1,19.0,,deux_roues,,1,2,1,1,6
202200003333,2022-11-24 13:12:00,2022,11,24,13,12,93,93064,Rue de Rosny / Boulevard Théophile Sueur,48.871173,2.470828,Plein jour,En agglomération,Intersection en X,Normale,Deux véhicules - frontale,3,2,2,0,1,1,1,0,1,50,2,2,1,0,1,0,74.0,22.0,voiture,deux_roues,1,2,2,1,1
202200003334,2022-06-05 20:30:00,2022,6,5,20,30,81,81065,LAVAUR RD 112 (AVENUE DE),43.60775,2.234198,Plein jour,En agglomération,Intersection en X,Normale,Deux véhicules - côté,3,2,2,0,2,1,1,5,1,50,2,2,1,0,0,1,25.0,28.0,voiture,voiture,1,2,2,1,3
202200003335,2022-05-01 15:50:00,2022,5,1,15,50,75,75116,RUE DE LONGCHAMP,48.864879,2.29254,Plein jour,En agglomération,Hors intersection,Normale,Autre collision,4,1,1,0,2,1,1,0,1,30,1,1,0,0,0,1,34.0,,deux_roues,,1,2,1,1,6
202200003336,2022-11-23 21:45:00,2022,11,23,21,45,93,93045,28 Boulevard du General Leclerc,48.88084,2.42443,Nuit avec éclairage allumé,En agglomération,Hors intersection,Pluie légère,Autre collision,4,2,2,0,1,1,2,9,4,30,1,2,1,0,0,1,,,voiture,,5,2,1,2,6
202200003337,2022-03-24 11:15:00,2022,3,24,11,15,88,88367,rue carnot,48.343643,6.635061,Plein jour,En agglomération,Hors intersection,Temps éblouissant,Autre collision,3,2,2,0,1,1,1,0,1,30,1,2,0,0,0,2,76.0,,voiture,,1,2,1,7,6
202200003338,2022-05-28 10:30:00,2022,5,28,10,30,78,78224,CD 161,48.85874,2.06561,Plein jour,Hors agglomération,Hors intersection,Normale,Deux véhicules - arrière,3,2,2,0,2,2,1,0,8,50,2,2,1,0,1,0,81.0,72.0,voiture,deux_roues,1,1,1,1,2
202200003339,2022-11-24 16:35:00,2022,11,24,16,35,93,93031,Avenue Salvador Allende,48.9560365747,2.308482125,Plein jour,En agglomération,Hors intersection,Temps couvert,Deux véhicules - côté,3,2,4,0,1,1,1,6,1,50,2,2,1,0,1,0,23.0,13.0,utilitaire_camion,deux_roues,1,2,1,8,3
202200003340,2022-05-02 14:10:00,2022,5,2,14,10,75,75111,BOULEVARD VOLTAIRE,48.860685,2.375299,Plein jour,En agglomération,Intersection en T,Normale,Deux véhicules - côté,4,2,4,1,1,1,1,-1,5,30,2,2,1,0,0,1,28.0,39.0,deux_roues,deux_roues,1,2,3,1,3
202200003341,2022-03-19 14:50:00,2022,3,19,14,50,38,38369,Chemin de Marlieu,45.537332,5.463107,Plein jour,Hors agglomération,Intersection en X,Normale,Deux véhicules - côté,4,2,2,0,2,1,1,0,1,50,2,2,0,0,2,0,69.0,28.0,voiture,utilitaire_camion,1,1,2,1,3
202200003342,2022-06-01 11:50:00,2022,6,1,11,50,78,78551,MORTILLET (GABRIEL DE),48.89858,2.08058,Plein jour,En agglomération,Hors intersection,Normale,Deux véhicules - côté,4,2,2,0,2,1,1,0,1,50,2,3,2,0,0,1,48.0,49.0,voiture,voiture,1,2,1,1,3
202200003343,2022-11-24 11:20:00,2022,11,24,11,20,93,93005,Place du Général de Gaulle,48.931725,2.494075,Plein jour,En agglomération,Hors intersection,Normale,Autre collision,4,2,2,0,1,2,1,0,1,50,1,2,1,0,0,1,58.0,,utilitaire_camion,,1,2,1,1,6
202200003344,2022-03-23 11:52:00,2022,3,23,11,52,01,01049,Route de Tramoyes,45.856091,5.0177,Plein jour,Hors agglomération,Hors intersection,Normale,Sans collision,3,2,2,0,2,1,1,0,3,80,1,1,0,0,0,1,37.0,,deux_roues,,1,1,1,1,7
202200003345,2022-05-02 04:50:00,2022,5,2,4,50,75,75109,BOULEVARD DE ROCHECHOUART,48.8829577331,2.3453462056,Nuit avec éclairage allumé,En agglomération,Hors intersection,Normale,Autre collision,4,3,2,0,1,1,1,0,1,30,1,1,0,0,0,1,63.0,,deux_roues,,5,2,1,1,6
202200003346,2022-06-02 14:45:00,2022,6,2,14,45,78,78403,CHATEAUBRIAND (AVENUE),48.99604,1.8754,Plein jour,En agglomération,Hors intersection,Normale,Deux véhicules - côté,3,2,2,0,1,1,1,0,1,50,2,2,1,0,0,1,57.0,55.0,voiture,deux_roues,1,2,1,1,3
202200003347,2022-05-01 20:40:00,2022,5,1,20,40,94,94011,Avenue de Choisy,48.77377,2.48122,Crépuscule ou aube,En agglomération,Hors intersection,Normale,Autre collision,3,2,2,0,2,1,1,0,1,50,1,1,0,0,0,1,23.0,,voiture,,2,2,1,1,6
202200003348,2022-11-24 19:40:00,2022,11,24,19,40,92,92050,STALINGRAD RUE DE,48.89462,2.19317,Nuit avec éclairage allumé,En agglomération,Hors intersection,Normale,Trois véhicules et plus - en chaîne,4,-1,2,0,1,3,1,0,1,50,3,5,4,0,1,0,36.0,48.0,voiture,deux_roues,5,2,1,1,4
202200003349,2022-03-22 11:10:00,2022,3,22,11,10,69,69163,Chemin des Terres Blanches,45.931931,4.765969,Plein jour,Hors agglomération,Intersection en T,Normale,Deux véhicules - côté,7,2,2,0,1,1,1,5,1,80,2,2,0,0,0,2,23.0,75.0,voiture,voiture,1,1,3,1,3
202200003350,2022-05-02 20:45:00,2022,5,2,20,45,93,93055,Avenue Jean Jaurès,48.905366,2.394063,Nuit avec éclairage allumé,En agglomération,Hors intersection,Normale,Deux véhicules - arrière,3,3,2,1,1,1,1,0,1,50,2,2,1,0,0,1,37.0,32.0,deux_roues,voiture,5,2,1,1,2
202200003351,2022-11-24 14:35:00,2022,11,24,14,35,92,92049,JAURES AVENUE JEAN N°53 A FIN,48.8127012305,2.3053302169,Plein jour,En agglomération,Intersection en Y,Normale,Deux véhicules - côté,3,2,2,0,1,1,1,0,1,50,2,2,1,0,0,1,42.0,68.0,voiture,deux_roues,1,2,4,1,3
202200003352,2022-03-23 13:45:00,2022,3,23,13,45,31,31420,7 Rue de la Résistance,43.503986,1.390935,Plein jour,En agglomération,Hors intersection,Normale,Autre collision,4,2,1,0,2,1,1,0,1,50,1,2,1,0,1,0,84.0,,utilitaire_camion,,1,2,1,1,6
202200003353,2022-05-02 12:10:00,2022,5,2,12,10,93,93048,Rue des Ruffins / Boulevard Théophile Sueur,48.86291,2.46635,Plein jour,En agglomération,Intersection en X,Normale,Autre collision,3,2,2,-1,1,1,1,0,1,-1,1,2,1,0,0,1,44.0,,utilitaire_camion,,1,2,2,1,6
202200003354,2022-11-24 20:10:00,2022,11,24,20,10,92,92040,ERNEST RENAN,48.82944,2.28345,Nuit avec éclairage allumé,En agglomération,Hors intersection,Normale,Deux véhicules - côté,3,1,2,0,1,1,1,0,1,30,2,2,1,0,0,1,48.0,59.0,deux_roues,voiture,5,2,1,1,3
202200003355,2022-03-20 11:10:00,2022,3,20,11,10,17,17039,D134,45.525397,-0.547643,Plein jour,Hors agglomération,Hors intersection,Normale,Deux véhicules - côté,3,2,2,0,4,1,1,0,1,80,2,2,1,0,1,0,65.0,52.0,deux_roues,deux_roues,1,1,1,1,3
202200003356,2022-11-24 06:52:00,2022,11,24,6,52,92,92040,VERDUN (AVENUE DE) DU 116 AU 150,48.82081,2.2603,Nuit avec éclairage allumé,En agglomération,Intersection en X,Normale,Sans collision,3,2,2,1,2,1,1,8,1,30,1,1,0,0,0,1,46.0,,deux_roues,,5,2,2,1,7
202200003357,2022-06-02 18:11:00,2022,6,2,18,11,78,78498,GAMBETTA BD,48.934429,2.041631,Plein jour,En agglomération,Intersection en Y,Normale,Deux véhicules - côté,3,1,2,0,2,2,1,2,1,50,2,2,1,0,0,1,60.0,50.0,voiture,utilitaire_camion,1,2,4,1,3
202200003358,2022-05-02 10:00:00,2022,5,2,10,0,93,93046,Allée Courbet / Avenue Paul Dupont,48.90897,2.52229,Plein jour,En agglomération,Intersection en T,Normale,Autre collision,4,1,1,0,1,1,1,0,1,50,1,2,1,0,0,1,25.0,,utilitaire_camion,,1,2,3,1,6
202200003359,2022-03-23 18:40:00,2022,3,23,18,40,24,24005,Bois de Perry,44.851693,0.879003,Crépuscule ou aube,Hors agglomération,Intersection en X,Temps éblouissant,Deux véhicules - côté,3,2,2,0,2,2,1,0,1,80,2,2,1,0,1,0,54.0,76.0,deux_roues,voiture,2,1,2,7,3
202200003360,2022-11-23 13:50:00,2022,11,23,13,50,92,92036,LOUIS ROCHE (AVENUE) (2/44),48.92333,2.32136,Plein jour,En agglomération,Intersection en X,Normale,Deux véhicules - côté,3,2,2,0,1,1,1,0,1,50,2,2,1,0,0,1,20.0,24.0,utilitaire_camion,voiture,1,2,2,1,3
202200003361,2022-05-02 11:15:00,2022,5,2,11,15,93,93047,Place Notre Dame des Anges,48.89999,2.55685,Plein jour,En agglomération,Place,Normale,Autre collision,4,2,2,0,1,1,1,5,1,30,1,2,1,0,0,1,83.0,,voiture,,1,2,7,1,6
202200003362,2022-03-20 15:00:00,2022,3,20,15,0,33,33394,Chemin de Fongaban,44.891436,-0.150316,Plein jour,En agglomération,Hors intersection,Normale,Sans collision,4,1,1,0,1,3,1,0,1,50,1,1,0,0,1,0,34.0,,deux_roues,,1,2,1,1,7
202200003363,2022-11-23 16:30:00,2022,11,23,16,30,92,92004,OLYMPE DE GOUGES (RUE),48.9197,2.31572,Plein jour,En agglomération,Hors intersection,Normale,Autre collision,4,2,2,0,1,1,1,0,1,50,1,2,1,0,0,1,71.0,,voiture,,1,2,1,1,6
202200003364,2022-03-23 20:25:00,2022,3,23,20,25,85,85198,Le Coupinson,46.994319,-1.059108,Nuit sans éclairage public,Hors agglomération,Hors intersection,Normale,Autre collision,3,2,2,0,1,1,1,0,1,80,1,1,0,0,0,1,38.0,,deux_roues,,3,1,1,1,6
202200003365,2022-11-24 20:22:00,2022,11,24,20,22,95,95353,A16,49.087819,2.313507,Nuit sans éclairage public,Hors agglomération,Hors intersection,Normale,Deux véhicules - arrière,1,3,4,0,1,1,1,0,1,110,2,2,0,0,1,1,27.0,24.0,utilitaire_camion,voiture,3,1,1,1,2
202200003366,2022-05-02 10:00:00,2022,5,2,10,0,92,92078,MARECHAL LECLERC (AVENUE) (PAIRS),48.937418,2.324314,Plein jour,En agglomération,Intersection en T,Normale,Deux véhicules - côté,3,2,2,0,1,1,1,0,1,50,2,2,1,0,0,1,19.0,45.0,voiture,utilitaire_camion,1,2,3,1,3
202200003367,2022-03-23 17:00:00,2022,3,23,17,0,50,50099,Lieu Dit Auverville,49.27799,-1.275685,Plein jour,Hors agglomération,Hors intersection,Normale,Deux véhicules - côté,3,2,2,0,1,1,1,0,1,80,2,2,1,0,1,0,38.0,76.0,utilitaire_camion,voiture,1,1,1,1,3
202200003368,2022-11-25 12:05:00,2022,11,25,12,5,02,02124,Autoroute A26 REIMS-CALAIS PK 187+650,49.727767,3.409238,Plein jour,Hors agglomération,Hors intersection,Normale,Deux véhicules - arrière,1,3,4,0,2,1,2,9,1,130,2,2,1,0,1,0,36.0,47.0,utilitaire_camion,voiture,1,1,1,1,2
202200003369,2022-04-05 22:30:00,2022,4,5,22,30,92,92078,SORBIERS OISEAUX (RUE),48.939971,2.33358,Nuit sans éclairage public,En agglomération,Autre intersection,Normale,Autre collision,4,2,0,0,1,1,1,0,1,30,1,1,0,0,0,1,31.0,,deux_roues,,3,2,9,1,6
202200003370,2022-06-05 06:45:00,2022,6,5,6,45,77,77390,D21,48.78641,2.63596,Plein jour,Hors agglomération,Hors intersection,Autre,Deux véhicules - frontale,3,2,2,0,1,1,2,0,1,80,2,2,0,2,0,0,35.0,68.0,voiture,utilitaire_camion,1,1,1,9,1
202200003371,2022-03-24 15:00:00,2022,3,24,15,0,60,60103,route nationale 31,49.417981,2.246683,Plein jour,Hors agglomération,Hors intersection,Normale,Deux véhicules - côté,2,3,4,0,1,1,1,0,1,110,2,2,1,0,0,1,34.0,23.0,utilitaire_camion,voiture,1,1,1,1,3
202200003372,2022-11-25 08:03:00,2022,11,25,8,3,43,43043,Serres,45.181402,3.724875,Crépuscule ou aube,En agglomération,Hors intersection,Temps couvert,Autre collision,3,2,2,0,2,1,2,0,1,70,1,2,1,0,1,0,38.0,,voiture,,2,2,1,8,6
202200003373,2022-03-24 09:15:00,2022,3,24,9,15,59,59249,Rue Fernand Pêcheux,50.015529,4.063433,Plein jour,En agglomération,Hors intersection,Temps éblouissant,Autre collision,4,2,2,0,1,1,1,0,1,50,1,2,1,0,0,1,35.0,,voiture,,1,2,1,7,6
202200003374,2022-06-03 09:00:00,2022,6,3,9,0,77,77122,RUE DES BRANDONS,48.66502,2.55827,Plein jour,En agglomération,Hors intersection,Normale,Autre collision,4,2,2,0,1,1,1,0,1,50,1,2,1,0,0,1,51.0,,voiture,,1,2,1,1,6
202200003375,2022-11-18 10:15:00,2022,11,18,10,15,36,36029,,47.128482,1.703385,Plein jour,Hors agglomération,Hors intersection,Normale,Autre collision,3,2,2,0,2,3,1,0,3,50,1,1,0,0,1,0,72.0,,voiture,,1,1,1,1,6
202200003376,2022-05-02 09:35:00,2022,5,2,9,35,92,92078,GALLIENI (BD) (109 A 141),48.931012,2.33217,Plein jour,En agglomération,Intersection en T,Normale,Deux véhicules - côté,3,2,2,0,1,1,1,0,1,50,2,3,2,0,0,1,47.0,19.0,utilitaire_camion,deux_roues,1,2,3,1,3
202200003377,2022-03-05 01:35:00,2022,3,5,1,35,33,33535,ROUTE NATIONALE 230,44.831814,-0.500935,Nuit avec éclairage allumé,Hors agglomération,Hors intersection,Pluie légère,Deux véhicules - arrière,2,3,6,0,2,2,2,0,1,90,2,2,0,0,0,1,,39.0,voiture,voiture,5,1,1,2,2
202200003378,2022-03-23 00:55:00,2022,3,23,0,55,91,91161,AUTOROUTE A6,48.698,2.3142,Nuit avec éclairage non allumé,Hors agglomération,Hors intersection,Normale,Autre collision,1,1,3,0,1,1,1,0,1,110,1,1,0,0,0,1,30.0,,deux_roues,,4,1,1,1,6
202200003379,2022-06-02 07:40:00,2022,6,2,7,40,77,77251,D1149,48.62863,2.56382,Plein jour,En agglomération,Hors intersection,Normale,Deux véhicules - côté,3,2,2,1,1,1,1,9,1,50,2,2,1,0,0,1,44.0,40.0,deux_roues,voiture,1,2,1,1,3
202200003380,2022-05-01 21:06:00,2022,5,1,21,6,92,92025,GABRIEL PERI (RUE),48.918488,2.239604,Crépuscule ou aube,En agglomération,Hors intersection,Normale,Deux véhicules - côté,3,2,2,0,1,1,1,0,1,30,2,4,3,0,0,1,28.0,37.0,deux_roues,voiture,2,2,1,1,3
202200003381,2022-11-22 08:50:00,2022,11,22,8,50,974,97404,Avenue de Bourbon,-21.268441,55.337332,Plein jour,En agglomération,Giratoire,Normale,Deux véhicules - arrière,9,2,2,0,1,1,1,0,1,50,2,2,1,0,0,1,41.0,26.0,utilitaire_camion,voiture,1,2,6,1,2
202200003382,2022-06-05 16:10:00,2022,6,5,16,10,77,77333,D607,48.26748,2.6868,Plein jour,En agglomération,Hors intersection,Normale,Autre collision,3,3,2,0,1,3,1,0,4,50,1,1,0,0,0,1,42.0,,deux_roues,,1,2,1,1,6
202200003383,2022-03-23 14:30:00,2022,3,23,14,30,78,78490,RN12 EXT,48.800483,1.977559,Plein jour,Hors agglomération,Hors intersection,Normale,Deux véhicules - arrière,2,-1,3,0,1,1,1,0,1,110,2,5,0,0,0,5,40.0,27.0,voiture,voiture,1,1,1,1,2
202200003384,2022-11-24 22:30:00,2022,11,24,22,30,29,29142,N165,48.16461934,-4.0464325801,Nuit sans éclairage public,Hors agglomération,Hors intersection,Pluie légère,Autre collision,2,3,4,0,2,2,2,0,2,110,1,1,0,0,0,1,20.0,,voiture,,3,1,1,2,6
202200003385,2022-05-02 01:30:00,2022,5,2,1,30,92,92023,GENERAL DE GAULLE (AV DU) N°130 A 340 ET,48.785506,2.251823,Nuit avec éclairage allumé,En agglomération,Hors intersection,Normale,Autre collision,3,2,2,0,1,1,1,0,1,50,1,1,0,0,0,1,27.0,,voiture,,5,2,1,1,6
202200003386,2022-11-23 22:15:00,2022,11,23,22,15,01,01033,Avenue du Stade,46.12611,5.814756,Nuit avec éclairage allumé,En agglomération,Hors intersection,Pluie légère,Sans collision,4,2,2,0,1,1,2,0,1,50,1,1,0,0,1,0,26.0,,deux_roues,,5,2,1,2,7
202200003387,2022-06-04 13:45:00,2022,6,4,13,45,77,77186,D116,48.472298,2.740736,Plein jour,Hors agglomération,Hors intersection,Normale,Sans collision,3,2,2,0,1,1,1,0,1,90,1,1,0,0,0,1,33.0,,voiture,,1,1,1,1,7
202200003388,2022-03-23 16:30:00,2022,3,23,16,30,93,93007,AUTOROUTE A1,48.94445,2.43809,Plein jour,Hors agglomération,Hors intersection,Normale,Deux véhicules - arrière,1,1,3,0,1,1,1,0,1,90,2,2,1,0,0,1,27.0,56.0,voiture,deux_roues,1,1,1,1,2
202200003389,2022-05-01 01:45:00,2022,5,1,1,45,50,50541,La Porte aux Hoguais,48.821071,-1.499199,Nuit sans éclairage public,Hors agglomération,Hors intersection,Normale,Sans collision,3,2,2,0,4,4,1,0,1,80,1,2,1,0,0,1,16.0,,deux_roues,,3,1,1,1,7
202200003390,2022-11-22 13:00:00,2022,11,22,13,0,85,85082,route départementale D11,46.88023,-0.915706,Plein jour,Hors agglomération,Hors intersection,Pluie forte,Autre collision,3,2,2,0,1,1,2,0,1,80,1,1,0,0,0,1,59.0,,voiture,,1,1,1,3,6
202200003391,2022-03-22 22:30:00,2022,3,22,22,30,93,93010,AUTOROUTE A3,48.90653,2.47328,Nuit avec éclairage allumé,Hors agglomération,Hors intersection,Normale,Autre collision,1,1,2,0,2,2,1,0,1,50,1,1,0,0,0,1,51.0,,voiture,,5,1,1,1,6
202200003392,2022-11-24 17:35:00,2022,11,24,17,35,15,15203,A75,45.154446702,3.1452816729,Nuit sans éclairage public,Hors agglomération,Hors intersection,Normale,Deux véhicules - arrière,1,3,4,0,2,1,1,0,1,130,2,2,1,0,1,0,40.0,42.0,utilitaire_camion,voiture,3,1,1,1,2
202200003393,2022-03-22 08:40:00,2022,3,22,8,40,27,27229,FOCH (AVENUE DU MARECHAL),49.02326,1.13695,Plein jour,En agglomération,Hors intersection,Temps éblouissant,Autre collision,4,1,2,0,1,3,1,0,1,50,1,2,1,0,1,0,25.0,,voiture,,1,2,1,7,6
202200003394,2022-05-04 13:20:00,2022,5,4,13,20,54,54192,D112,48.5477794433,6.3009703154,Plein jour,Hors agglomération,Intersection en X,Temps éblouissant,Deux véhicules - côté,3,2,2,0,2,1,1,0,1,80,2,2,1,0,1,0,38.0,40.0,deux_roues,voiture,1,1,2,7,3
202200003395,2022-06-01 18:50:00,2022,6,1,18,50,77,77186,D142 / D115,48.48079,2.66697,Plein jour,Hors agglomération,Intersection en X,Temps éblouissant,Autre collision,3,2,2,0,2,1,1,0,1,70,3,7,5,0,0,2,20.0,53.0,voiture,voiture,1,1,2,7,6
202200003396,2022-11-25 07:05:00,2022,11,25,7,5,03,03102,A79 PK62.700,46.540503,3.661817,Crépuscule ou aube,Hors agglomération,Hors intersection,Autre,Autre collision,1,3,4,0,1,1,2,0,3,-1,1,1,0,0,0,1,40.0,,utilitaire_camion,,2,1,1,9,6
202200003397,2022-11-24 18:47:00,2022,11,24,18,47,57,57163,D98d,48.671183,7.254839,Nuit sans éclairage public,Hors agglomération,Hors intersection,Brouillard / fumée,Deux véhicules - côté,3,2,2,0,1,1,2,0,1,80,2,2,1,0,0,1,50.0,29.0,voiture,utilitaire_camion,3,1,1,5,3
202200003398,2022-06-05 18:35:00,2022,6,5,18,35,76,76681,Boulevard Industriel,49.41581,1.10741,Plein jour,En agglomération,Intersection en X,Pluie légère,Sans collision,7,3,4,0,1,3,2,0,1,70,1,1,0,0,0,1,38.0,,voiture,,1,2,2,2,7
202200003399,2022-03-21 11:10:00,2022,3,21,11,10,76,76351,HUIT MAI 1945 (AVENUE DU),49.51598,0.1701,Plein jour,En agglomération,Hors intersection,Normale,Autre collision,4,2,2,1,1,1,1,0,1,50,1,3,2,0,0,1,43.0,,voiture,,1,2,1,1,6
202200003400,2022-11-24 10:30:00,2022,11,24,10,30,91,91435,Route de Saintry,48.572832,2.491009,Plein jour,En agglomération,Hors intersection,Normale,Sans collision,3,2,2,0,1,1,1,0,1,50,1,1,0,0,0,1,37.0,,deux_roues,,1,2,1,1,7
202200003401,2022-05-03 14:10:00,2022,5,3,14,10,62,62661,Rue du Saint Sacrement,50.384642,1.984743,Plein jour,En agglomération,Passage à niveau,Normale,Deux véhicules - arrière,4,1,1,0,1,1,1,4,8,30,2,2,1,0,1,0,53.0,51.0,utilitaire_camion,transport_commun,1,2,8,1,2
202200003402,2022-03-21 19:00:00,2022,3,21,19,0,59,59328,DUNKERQUE AVENUE DE,50.64168,3.01797,Nuit avec éclairage allumé,En agglomération,Hors intersection,Normale,Autre collision,7,2,2,0,1,1,1,0,1,50,1,4,3,0,0,1,37.0,,voiture,,5,2,1,1,6
202200003403,2022-11-25 10:10:00,2022,11,25,10,10,56,56061,6 rue de la liberté,47.766863,-2.13735044,Plein jour,En agglomération,Hors intersection,Normale,Deux véhicules - côté,3,2,2,0,2,1,2,0,1,50,2,2,1,0,1,0,80.0,80.0,deux_roues,voiture,1,2,1,1,3
202200003404,2022-06-05 09:05:00,2022,6,5,9,5,76,76216,Route de Dieppe,49.45889,1.05546,Plein jour,En agglomération,Intersection en T,Temps couvert,Deux véhicules - côté,7,2,2,3,1,1,1,0,1,50,2,5,2,0,0,3,71.0,27.0,voiture,utilitaire_camion,1,2,3,8,3
202200003405,2022-05-03 17:15:00,2022,5,3,17,15,76,76624,429 Rue de Croixmare,49.879378,1.227872,Plein jour,En agglomération,Hors intersection,Normale,Sans collision,4,2,2,0,1,1,9,8,1,50,1,1,0,0,1,0,34.0,,deux_roues,,1,2,1,1,7
202200003406,2022-11-23 13:00:00,2022,11,23,13,0,63,63448,RD999,45.4792054172,3.488248773,Plein jour,Hors agglomération,Hors intersection,Pluie légère,Autre collision,3,2,2,0,2,3,2,0,1,90,1,1,0,0,0,1,54.0,,utilitaire_camion,,1,1,1,2,6
202200003407,2022-03-18 12:35:00,2022,3,18,12,35,06,06069,CANNES (ROUTE DE)  -RD 6085-,43.638083,6.950704,Plein jour,En agglomération,Hors intersection,Normale,Autre collision,6,-1, -1,0,1,1,1,0,8,30,1,2,1,0,0,1,53.0,,autre,,1,2,1,1,6
202200003408,2022-06-03 19:50:00,2022,6,3,19,50,76,76474,Route de Dieppe,49.4933,1.04875,Plein jour,En agglomération,Hors intersection,Normale,Deux véhicules - frontale,7,2,2,0,1,1,1,0,3,50,2,4,1,0,1,2,42.0,42.0,voiture,voiture,1,2,1,1,1
202200003409,2022-11-25 10:40:00,2022,11,25,10,40,63,63045,Pontaret,45.772981302,3.4128092757,Plein jour,Hors agglomération,Hors intersection,Pluie légère,Deux véhicules - frontale,3,2,2,0,1,2,8,0,1,90,2,2,0,0,1,1,31.0,19.0,voiture,voiture,1,1,1,2,1
202200003410,2022-05-03 16:15:00,2022,5,3,16,15,10,10003,Rue Pierre Brossolette,48.223093,3.73356,Plein jour,En agglomération,Hors intersection,Normale,Deux véhicules - frontale,3,2,2,0,4,1,1,0,1,50,2,2,1,0,1,0,73.0,20.0,voiture,deux_roues,1,2,1,1,1
202200003411,2022-03-21 07:00:00,2022,3,21,7,0,988,98818,RUE JACQUES IEKAWE/RUE JACUQES NATUREL,-22.24785,166.46579,Plein jour,En agglomération,Intersection en T,Normale,Deux véhicules - côté,4,2,2,0,1,1,1,0,1,50,2,2,1,0,1,0,27.0,20.0,utilitaire_camion,deux_roues,1,2,3,1,3
202200003412,2022-10-30 12:30:00,2022,10,30,12,30,49,49347,D52,47.6116351913,-0.4744759428,Plein jour,Hors agglomération,Hors intersection,Pluie légère,Sans collision,3,2,2,0,1,3,2,0,1,80,1,1,0,0,1,0,57.0,,deux_roues,,1,1,1,2,7
202200003413,2022-06-03 18:15:00,2022,6,3,18,15,76,76231,Rue du Général de Gaulle,49.285753737,1.0111096501,Plein jour,En agglomération,Hors intersection,Pluie légère,Deux véhicules - côté,4,1,1,0,1,1,2,0,5,50,2,2,1,0,0,1,59.0,41.0,voiture,deux_roues,1,2,1,2,3
202200003414,2022-04-18 23:25:00,2022,4,18,23,25,01,01030,Rue Hector Berlioz,46.001072,4.7510991,Nuit avec éclairage non allumé,En agglomération,Hors intersection,Normale,Deux véhicules - côté,3,2,2,0,1,1,1,0,1,50,2,2,1,0,0,1,33.0,37.0,voiture,voiture,4,2,1,1,3
202200003415,2022-11-25 09:15:00,2022,11,25,9,15,42,42177,Rue de la République,46.14431,4.108455,Plein jour,En agglomération,Intersection en X,Pluie légère,Autre collision,3,2,2,0,1,1,2,5,1,50,1,2,1,1,0,0,65.0,,transport_commun,,1,2,2,2,6
202200003416,2022-03-22 15:00:00,2022,3,22,15,0,976,97611,vahibe-Departementale 3 ( route ),-12.8017,45.21171,Plein jour,En agglomération,Hors intersection,Normale,Autre collision,3,2,2,0,1,1,1,9,1,30,1,2,1,0,1,0,20.0,,deux_roues,,1,2,1,1,6
202200003417,2022-06-03 12:00:00,2022,6,3,12,0,76,76351,PARIS (DE),49.48991,0.10757,Plein jour,En agglomération,Intersection en X,Normale,Autre collision,4,2,2,0,1,1,1,0,1,50,1,2,1,0,1,0,25.0,,voiture,,1,2,2,1,6
202200003418,2022-11-25 15:45:00,2022,11,25,15,45,47,47210,D813,44.2602257205,0.3510951642,Plein jour,Hors agglomération,Hors intersection,Pluie forte,Deux véhicules - frontale,3,2,2,0,1,1,2,0,1,80,2,2,1,1,0,0,64.0,89.0,utilitaire_camion,voiture,1,1,1,3,1