accident_id,datetime,annee,mois,jour,heure,minute,departement,commune_insee,adresse,latitude,longitude,luminosite,agglomeration,intersection,meteo,collision,catr,circ,nbv,vosp,prof,plan,surf,infra,situ,vma,nb_vehicules,nb_usagers,nb_indemnes,nb_tues,nb_blesses_hosp,nb_blesses_legers,age_cond_1,age_cond_2,veh_type_cond_1,veh_type_cond_2,lum_code,agg_code,int_code,atm_code,col_code
202200003419,2022-03-22 17:30:00,2022,3,22,17,30,974,97416,MAURICE THOREZ(CHEMIN),-21.27992,55.46559,Plein jour,Hors agglomération,Hors intersection,Normale,Sans collision,3,2,2,0,2,1,1,0,8,70,1,1,0,1,0,0,65.0,,deux_roues,,1,1,1,1,7
202200003420,2022-11-24 19:35:00,2022,11,24,19,35,29,29193,Kervoanec,48.5363527004,-4.0829830169,Nuit sans éclairage public,Hors agglomération,Hors intersection,Normale,Deux véhicules - côté,3,2,2,0,1,1,1,0,1,70,2,2,0,0,0,2,19.0,54.0,voiture,voiture,3,1,1,1,3
202200003421,2022-06-03 10:40:00,2022,6,3,10,40,76,76351,JEAN WEBER (Rue),49.5127,0.10418,Plein jour,En agglomération,Intersection en X,Normale,Autre collision,4,2,2,0,1,1,1,0,1,50,1,2,0,0,0,2,34.0,,deux_roues,,1,2,2,1,6
202200003422,2022-03-22 07:30:00,2022,3,22,7,30,69,69386,Rue de Créqui,45.7660734781,4.846585393,Plein jour,En agglomération,Hors intersection,Normale,Autre collision,4,1,1,2,1,1,1,0,1,30,1,2,1,0,0,1,53.0,,voiture,,1,2,1,1,6
202200003423,2022-05-04 05:45:00,2022,5,4,5,45,17,17407,N11,46.200586,-1.028788,Nuit sans éclairage public,Hors agglomération,Hors intersection,Normale,Autre collision,2,1,1,0,1,3,1,0,3,50,1,1,0,1,0,0,58.0,,voiture,,3,1,1,1,6
202200003424,2022-11-24 08:20:00,2022,11,24,8,20,31,31336,Rue Marcel Loubens,43.133983,0.97409,Plein jour,En agglomération,Hors intersection,Normale,Autre collision,3,2,2,0,1,3,1,5,1,50,1,2,1,1,0,0,46.0,,voiture,,1,2,1,1,6
202200003425,2022-06-04 12:20:00,2022,6,4,12,20,74,74012,VERDUN (AVENUE DE),46.18475,6.24189,Plein jour,En agglomération,Hors intersection,Normale,Deux véhicules - côté,4,2,3,3,1,1,1,0,6,50,2,2,1,0,0,1,49.0,31.0,deux_roues,transport_commun,1,2,1,1,3
202200003426,2022-05-04 12:45:00,2022,5,4,12,45,974,97414,Rue Denis Amable,-21.28799,55.409144,Plein jour,En agglomération,Hors intersection,Normale,Autre collision,4,1,1,0,1,1,1,0,1,-1,1,2,1,0,1,0,45.0,,voiture,,1,2,1,1,6
202200003427,2022-03-22 08:30:00,2022,3,22,8,30,69,69276,Rue des Naives,45.67654,4.87043,Plein jour,En agglomération,Giratoire,Normale,Deux véhicules - côté,4,2,2,0,1,1,1,0,1,30,2,2,1,0,0,1,10.0,49.0,deux_roues,autre,1,2,6,1,3
202200003428,2022-11-25 09:20:00,2022,11,25,9,20,02,02131,,49.391228,3.374476,Crépuscule ou aube,Hors agglomération,Hors intersection,Temps éblouissant,Deux véhicules - frontale,2,2,2,0,1,1,2,0,1,80,2,3,0,0,0,3,56.0,41.0,voiture,voiture,2,1,1,7,1
202200003429,2022-05-01 19:00:00,2022,5,1,19,0,83,83116,Chemin du Resty,43.458655,5.88025,Plein jour,Hors agglomération,Hors intersection,Normale,Deux véhicules - frontale,4,2,2,0,2,3,1,0,1,-1,2,2,1,0,0,1,23.0,15.0,voiture,deux_roues,1,1,1,1,1
202200003430,2022-03-22 18:40:00,2022,3,22,18,40,69,69202,Avenue de l’Aqueduc de Beaunant,45.7222,4.78686,Plein jour,En agglomération,Hors intersection,Normale,Autre collision,7,2,2,0,1,1,1,0,1,50,1,2,1,0,0,1,27.0,,voiture,,1,2,1,1,6
202200003431,2022-06-05 17:35:00,2022,6,5,17,35,72,72181,GENESLAY FELIX (AV) N° PAIRS 146 A 234,47.97388,0.2061,Plein jour,En agglomération,Hors intersection,Normale,Sans collision,3,3,4,3,1,1,1,0,1,50,2,6,2,0,0,4,62.0,53.0,voiture,transport_commun,1,2,1,1,7
202200003432,2022-11-21 21:10:00,2022,11,21,21,10,72,72165,Route de Beillé,48.084085,0.435483,Nuit sans éclairage public,Hors agglomération,Autre intersection,Pluie légère,Deux véhicules - frontale,4,2,2,0,1,1,2,0,5,90,2,2,0,0,2,0,56.0,31.0,voiture,voiture,3,1,9,2,1
202200003433,2022-05-03 20:00:00,2022,5,3,20,0,19,19123,avenue pierre et marie curie,45.1685718459,1.5574353933,Plein jour,En agglomération,Hors intersection,Pluie forte,Autre collision,3,-1,2,1,1,1,2,6,5,50,1,2,1,0,0,1,46.0,,voiture,,1,2,1,3,6
202200003434,2022-11-25 12:20:00,2022,11,25,12,20,06,06079,Voie Romaine,43.538686,6.932669,Plein jour,En agglomération,Hors intersection,Normale,Deux véhicules - arrière,5,-1,2,0,1,1,1,0,8,10,1,2,1,0,0,1,23.0,,voiture,,1,2,1,1,2
202200003435,2022-03-22 15:30:00,2022,3,22,15,30,69,69034,Boulevard Périphérique Nord,45.78811,4.86072,Plein jour,En agglomération,Hors intersection,Normale,Deux véhicules - côté,4,3,4,0,1,1,1,2,1,50,2,2,1,0,0,1,34.0,36.0,deux_roues,voiture,1,2,1,1,3
202200003436,2022-06-04 17:10:00,2022,6,4,17,10,72,72181,ALLONNES MOULIN ST GEORGES (RUE D'),47.9768109949,0.1694977281,Plein jour,En agglomération,Giratoire,Normale,Deux véhicules - côté,4,1,2,1,1,3,1,0,5,50,2,2,1,0,0,1,32.0,73.0,voiture,deux_roues,1,2,6,1,3
202200003437,2022-11-25 16:15:00,2022,11,25,16,15,14,14735,D253A,49.033086,-0.088665,Plein jour,En agglomération,Hors intersection,Normale,Deux véhicules - arrière,3,2,2,0,1,1,1,0,1,50,2,2,1,1,0,0,80.0,86.0,deux_roues,voiture,1,2,1,1,2
202200003438,2022-05-02 20:50:00,2022,5,2,20,50,79,79280,12 Rue du Chanoine Michaud,47.033377,-0.509388,Plein jour,En agglomération,Intersection en Y,Normale,Sans collision,3,2,2,0,1,2,1,0,1,50,1,2,1,0,1,0,37.0,,voiture,,1,2,4,1,7
202200003439,2022-06-01 19:45:00,2022,6,1,19,45,72,72181,LOUTREUIL MAURICE (RUE),48.01255,0.20561,Plein jour,En agglomération,Hors intersection,Normale,Autre collision,4,-1,1,0,1,1,1,0,1,30,1,1,0,0,0,1,38.0,,deux_roues,,1,2,1,1,6
202200003440,2022-03-05 11:45:00,2022,3,5,11,45,89,89387,PONT NEUF (BOULEVARD DU),48.204647,3.273893,Plein jour,En agglomération,Hors intersection,Normale,Deux véhicules - arrière,4,2,3,0,4,1,1,2,1,50,2,2,1,0,0,1,30.0,31.0,voiture,deux_roues,1,2,1,1,2
202200003441,2022-11-25 15:30:00,2022,11,25,15,30,14,14302,D275,49.289775,0.078691,Plein jour,Hors agglomération,Intersection en T,Temps éblouissant,Deux véhicules - côté,3,2,2,0,2,1,1,0,1,80,2,2,1,0,1,0,50.0,68.0,voiture,deux_roues,1,1,3,7,3
202200003442,2022-03-22 12:38:00,2022,3,22,12,38,87,87085,ARIANE ( rue d' ),45.86368,1.29937,Plein jour,En agglomération,Intersection en X,Normale,Sans collision,4,1,2,0,1,3,1,5,1,50,1,1,0,0,0,1,49.0,,deux_roues,,1,2,2,1,7
202200003443,2022-06-03 17:15:00,2022,6,3,17,15,71,71040,,46.702519,4.4128672,Plein jour,Hors agglomération,Hors intersection,Normale,Deux véhicules - arrière,2,3,4,0,1,1,2,0,1,110,2,3,2,0,0,1,23.0,28.0,voiture,voiture,1,1,1,1,2
202200003444,2022-05-04 17:00:00,2022,5,4,17,0,79,79242,Le Breuil,46.892352,-0.54276,Plein jour,Hors agglomération,Intersection en T,Normale,Deux véhicules - arrière,3,2,2,0,1,1,1,0,1,80,2,2,1,1,0,0,21.0,60.0,voiture,utilitaire_camion,1,1,3,1,2
202200003445,2022-03-22 23:00:00,2022,3,22,23,0,85,85191,JOFFRE RUE DU MARECHAL (SECTEUR 102),46.66818,-1.42547,Nuit avec éclairage allumé,En agglomération,Giratoire,Normale,Deux véhicules - frontale,4,2,2,0,2,1,1,9,1,30,2,2,1,1,0,0,25.0,32.0,voiture,deux_roues,5,2,6,1,1
202200003446,2022-11-24 16:30:00,2022,11,24,16,30,45,45015,D97 PR 43 + 760,48.261163,2.093936,Plein jour,Hors agglomération,Hors intersection,Normale,Deux véhicules - frontale,3,2,2,0,1,1,1,0,1,80,2,2,0,0,1,1,48.0,59.0,voiture,voiture,1,1,1,1,1
202200003447,2022-06-03 18:35:00,2022,6,3,18,35,71,71306,MONTCENIS (RUE DE),46.6902424271,4.3479609042,Plein jour,En agglomération,Intersection en X,Normale,Deux véhicules - côté,4,2,2,0,1,1,1,0,1,50,2,2,1,0,0,1,17.0,48.0,deux_roues,voiture,1,2,2,1,3
202200003448,2022-05-04 18:40:00,2022,5,4,18,40,79,79066,,46.483937,-0.395143,Plein jour,En agglomération,Intersection en Y,Normale,Deux véhicules - côté,4,2,2,0,2,3,1,0,1,50,2,2,1,0,1,0,44.0,61.0,deux_roues,utilitaire_camion,1,2,4,1,3
202200003449,2022-11-23 18:20:00,2022,11,23,18,20,16,16135,D6,45.650148,0.531828,Nuit sans éclairage public,Hors agglomération,Intersection en Y,Normale,Deux véhicules - arrière,3,2,2,0,1,1,2,0,1,80,2,2,1,0,1,0,52.0,65.0,deux_roues,voiture,3,1,4,1,2
202200003450,2022-03-22 08:45:00,2022,3,22,8,45,82,82121,CEINTURE (CHEMIN DE),44.03381,1.42432,Plein jour,Hors agglomération,Intersection en X,Normale,Deux véhicules - côté,4,2,2,0,1,1,1,0,1,70,2,2,0,0,1,1,38.0,39.0,voiture,voiture,1,1,2,1,3
202200003451,2022-04-11 17:00:00,2022,4,11,17,0,71,71499,BELLEVUE (RUE),46.66199,4.28888,Plein jour,En agglomération,Intersection en X,Normale,Deux véhicules - côté,3,2,2,0,1,1,1,0,1,50,2,2,1,0,0,1,45.0,23.0,deux_roues,voiture,1,2,2,1,3
202200003452,2022-05-04 06:15:00,2022,5,4,6,15,49,49125,D960,47.180106,-0.268886,Crépuscule ou aube,Hors agglomération,Hors intersection,Normale,Deux véhicules - arrière,3,2,3,0,1,1,1,0,1,90,2,2,0,0,0,2,33.0,54.0,utilitaire_camion,voiture,2,1,1,1,2
202200003453,2022-11-24 12:24:00,2022,11,24,12,24,04,04209,D4085 / Cour Melchior Donnet,44.200307,5.943711,Plein jour,En agglomération,Intersection en T,Normale,Deux véhicules - côté,3,2,1,0,2,1,1,5,1,50,2,2,1,0,0,1,57.0,48.0,voiture,deux_roues,1,2,3,1,3
202200003454,2022-03-21 09:30:00,2022,3,21,9,30,80,80674,GENERAL LECLERC (AVENUE DU),49.90376,2.32039,Plein jour,En agglomération,Hors intersection,Normale,Deux véhicules - côté,4,2,2,1,1,1,1,0,5,50,2,2,1,0,0,1,37.0,26.0,deux_roues,voiture,1,2,1,1,3
202200003455,2022-06-01 05:30:00,2022,6,1,5,30,71,71270,Rue de Sancé,46.32592,4.83111,Crépuscule ou aube,En agglomération,Giratoire,Normale,Deux véhicules - côté,3,-1,4,0,1,1,1,5,1,50,2,2,1,0,0,1,38.0,31.0,voiture,voiture,2,2,6,1,3
202200003456,2022-11-25 18:00:00,2022,11,25,18,0,85,85146,D84a,46.987279,-1.359301,Nuit sans éclairage public,Hors agglomération,Intersection en T,Normale,Deux véhicules - côté,3,2,2,0,1,1,1,0,1,80,2,2,1,0,1,0,30.0,65.0,deux_roues,voiture,3,1,3,1,3
202200003457,2022-03-17 09:05:00,2022,3,17,9,5,80,80674,JULES FERRY (RUE),49.9025640746,2.3304256797,Plein jour,En agglomération,Hors intersection,Normale,Deux véhicules - côté,4,2,3,0,1,1,1,0,1,50,2,2,1,0,0,1,38.0,51.0,voiture,deux_roues,1,2,1,1,3
202200003458,2022-05-04 16:20:00,2022,5,4,16,20,34,34300,D18,43.416861,3.320602,Plein jour,Hors agglomération,Hors intersection,Normale,Deux véhicules - frontale,3,2,2,0,1,1,1,0,1,-1,2,6,2,0,0,4,73.0,35.0,voiture,voiture,1,1,1,1,1
202200003459,2022-06-05 00:05:00,2022,6,5,0,5,69,69266,Place Jules Grandclément,45.75821,4.88521,Nuit avec éclairage allumé,En agglomération,Intersection en X,Normale,Deux véhicules - côté,4,2,3,0,1,1,1,0,1,50,2,2,1,0,0,1,29.0,,deux_roues,voiture,5,2,2,1,3
202200003460,2022-11-03 16:35:00,2022,11,3,16,35,27,27026,D6014,49.229593,1.624238,Plein jour,Hors agglomération,Hors intersection,Normale,Deux véhicules - frontale,3,2,2,0,1,1,1,0,1,70,2,3,1,0,1,1,28.0,87.0,voiture,voiture,1,1,1,1,1
202200003461,2022-05-04 06:20:00,2022,5,4,6,20,25,25015,40 grande rue,47.03646,6.070933,Crépuscule ou aube,En agglomération,Hors intersection,Normale,Autre collision,3,2,2,0,2,1,1,0,1,50,1,1,0,0,1,0,60.0,,voiture,,2,2,1,1,6
202200003462,2022-03-19 15:50:00,2022,3,19,15,50,80,80021,DARGENT (RUE),49.89577,2.28092,Plein jour,En agglomération,Intersection en X,Normale,Deux véhicules - côté,4,2,2,0,1,1,1,0,1,50,2,2,1,0,0,1,46.0,42.0,voiture,voiture,1,2,2,1,3
202200003463,2022-06-03 12:25:00,2022,6,3,12,25,69,69271,Avenue des Frères Montgolfier,45.72594,4.96922,Plein jour,En agglomération,Hors intersection,Normale,Deux véhicules - côté,4,2,4,0,1,1,1,0,1,50,2,2,1,0,0,1,45.0,19.0,voiture,autre,1,2,1,1,3
202200003464,2022-11-25 11:30:00,2022,11,25,11,30,24,24461,Joli Bois,44.897209,0.207646,Plein jour,Hors agglomération,Hors intersection,Normale,Deux véhicules - côté,3,2,2,0,2,3,2,0,1,-1,2,2,1,0,1,0,78.0,73.0,voiture,deux_roues,1,1,1,1,3
202200003465,2022-05-04 16:10:00,2022,5,4,16,10,35,35234,RN12,48.242536,-2.129705,Plein jour,Hors agglomération,Hors intersection,Normale,Deux véhicules - arrière,2,3,4,0,3,1,1,0,1,110,2,2,1,0,1,0,53.0,51.0,utilitaire_camion,utilitaire_camion,1,1,1,1,2
202200003466,2022-11-23 14:47:00,2022,11,23,14,47,67,67506,chemin de strasbourg,48.667654,7.764201,Plein jour,Hors agglomération,Hors intersection,Normale,Deux véhicules - arrière,7,2,2,0,1,2,1,0,1,50,2,2,1,0,1,0,67.0,75.0,utilitaire_camion,deux_roues,1,1,1,1,2
202200003467,2022-06-03 10:00:00,2022,6,3,10,0,69,69029,Boulevard de l'Université,45.72709,4.92789,Plein jour,En agglomération,Intersection en T,Normale,Deux véhicules - côté,7,2,3,0,1,1,1,0,8,50,2,3,2,0,0,1,68.0,52.0,voiture,voiture,1,2,3,1,3
202200003468,2022-11-24 22:30:00,2022,11,24,22,30,77,77333,A6 PK 072+370,48.276538,2.708688,Nuit sans éclairage public,Hors agglomération,Hors intersection,Normale,Sans collision,1,3,3,0,1,1,1,0,1,130,1,1,0,0,1,0,30.0,,voiture,,3,1,1,1,7
202200003469,2022-04-30 12:49:00,2022,4,30,12,49,38,38249,D11,45.218581,5.822647,Plein jour,Hors agglomération,Hors intersection,Normale,Deux véhicules - arrière,3,2,0,0,1,2,1,0,1,70,2,2,1,0,0,1,31.0,45.0,voiture,deux_roues,1,1,1,1,2
202200003470,2022-03-19 14:45:00,2022,3,19,14,45,76,76305,N 282,49.499,0.20291,Plein jour,Hors agglomération,Hors intersection,Normale,Trois véhicules et plus - collisions multiples,2,2,2,0,1,1,1,0,1,80,3,4,1,1,1,1,46.0,26.0,voiture,voiture,1,1,1,1,5
202200003471,2022-11-24 02:00:00,2022,11,24,2,0,988,98822,Tribu de Ouindo,-20.981791,165.400087,Nuit sans éclairage public,Hors agglomération,Hors intersection,Normale,Autre collision,2,2,2,0,1,1,1,2,3,70,1,2,1,1,0,0,21.0,,voiture,,3,1,1,1,6
202200003472,2022-06-04 20:00:00,2022,6,4,20,0,69,69092,213 Route de Saint Fonds,45.98252,4.69327,Plein jour,En agglomération,Hors intersection,Normale,Trois véhicules et plus - en chaîne,3,2,2,2,1,1,1,0,1,50,3,3,2,0,0,1,48.0,38.0,voiture,voiture,1,2,1,1,4
202200003473,2022-11-25 10:30:00,2022,11,25,10,30,974,97415,Route nationale 1 a,-21.103339,55.248152,Plein jour,En agglomération,Autre intersection,Normale,Sans collision,2,1,2,0,1,3,1,3,4,50,1,1,0,0,1,0,74.0,,voiture,,1,2,9,1,7
202200003474,2022-05-03 09:15:00,2022,5,3,9,15,03,03217,Les Theix,46.353126,2.723579,Plein jour,Hors agglomération,Hors intersection,Normale,Sans collision,4,2,2,0,1,1,1,0,1,90,1,1,0,0,0,1,23.0,,voiture,,1,1,1,1,7
202200003475,2022-03-22 12:40:00,2022,3,22,12,40,69,69256,Avenue Maurice Thorez,45.78222,4.91296,Plein jour,En agglomération,Intersection en T,Temps éblouissant,Deux véhicules - côté,4,2,2,0,1,1,1,0,1,30,2,2,1,0,0,1,54.0,35.0,voiture,deux_roues,1,2,3,7,3
202200003476,2022-11-23 12:34:00,2022,11,23,12,34,971,97119,Dumaine,16.377771,-61.454709,Plein jour,Hors agglomération,Intersection en X,Normale,Deux véhicules - côté,2,2,2,0,1,1,1,5,1,70,2,2,1,0,1,0,30.0,92.0,voiture,deux_roues,1,1,2,1,3
202200003477,2022-06-03 12:35:00,2022,6,3,12,35,69,69264,Boulevard Burdeau,45.99772,4.73374,Plein jour,En agglomération,Giratoire,Normale,Trois véhicules et plus - en chaîne,3,2,4,0,1,1,1,0,1,50,3,3,2,0,0,1,70.0,59.0,voiture,voiture,1,2,6,1,4
202200003478,2022-03-22 08:55:00,2022,3,22,8,55,69,69275,55 Avenue Jean Jaurès,45.76867,4.94212,Plein jour,En agglomération,Hors intersection,Normale,Autre collision,7,2,2,0,1,1,1,0,1,50,1,2,1,0,0,1,48.0,,deux_roues,,1,2,1,1,6
202200003479,2022-11-24 16:40:00,2022,11,24,16,40,971,97121,Route des Rochers,16.212661,-61.78042,Plein jour,Hors agglomération,Hors intersection,Normale,Autre collision,2,2,2,0,2,1,1,0,3,80,1,4,3,0,1,0,22.0,,voiture,,1,1,1,1,6
202200003480,2022-03-17 17:00:00,2022,3,17,17,0,67,67482,PALERME (RUE DE),48.57563,7.7637,Plein jour,En agglomération,Intersection en T,Normale,Deux véhicules - côté,4,2,2,1,1,1,1,0,1,50,2,2,1,0,0,1,57.0,60.0,voiture,deux_roues,1,2,3,1,3
202200003481,2022-06-03 06:09:00,2022,6,3,6,9,67,67482,PALERME (RUE DE),48.57758,7.7646,Plein jour,En agglomération,Intersection en T,Normale,Autre collision,4,2,3,0,1,1,1,0,1,50,1,4,1,0,1,2,31.0,,voiture,,1,2,3,1,6
202200003482,2022-11-25 13:55:00,2022,11,25,13,55,45,45144,D921 PR 59 + 960,47.825344,2.097745,Plein jour,Hors agglomération,Intersection en X,Normale,Deux véhicules - côté,3,2,2,0,1,1,1,0,1,70,2,3,1,0,1,1,73.0,63.0,voiture,voiture,1,1,2,1,3
202200003483,2022-04-27 16:41:00,2022,4,27,16,41,45,45272,D2020 PR 39 + 100,47.815251,1.927543,Plein jour,Hors agglomération,Hors intersection,Normale,Trois véhicules et plus - en chaîne,3,2,2,0,1,1,1,0,1,80,6,8,6,0,0,2,59.0,25.0,utilitaire_camion,voiture,1,1,1,1,4
202200003484,2022-03-17 09:20:00,2022,3,17,9,20,67,67482,CARPE HAUTE (RUE DE LA),48.59523,7.79177,Plein jour,En agglomération,Intersection en T,Normale,Deux véhicules - côté,4,2,2,0,1,2,1,0,1,50,2,4,3,0,0,1,69.0,24.0,deux_roues,voiture,1,2,3,1,3
202200003485,2022-11-23 23:45:00,2022,11,23,23,45,45,45316,D2060 PK PR 62 + 1,47.9247748004,2.328416628,Nuit sans éclairage public,Hors agglomération,Hors intersection,Pluie légère,Deux véhicules - frontale,3,2,2,0,1,1,2,0,1,90,2,2,1,1,0,0,42.0,62.0,utilitaire_camion,voiture,3,1,1,2,1
202200003486,2022-06-02 08:50:00,2022,6,2,8,50,67,67482,BELGES (QUAI DES),48.5786,7.78107,Plein jour,En agglomération,Intersection en T,Normale,Trois véhicules et plus - collisions multiples,4,2,2,0,1,2,1,0,1,50,3,3,2,0,0,1,64.0,19.0,voiture,utilitaire_camion,1,2,3,1,5
202200003487,2022-04-26 17:30:00,2022,4,26,17,30,43,43119,18 Avenue de la Condamine,45.1200641973,3.914077878,Plein jour,En agglomération,Hors intersection,Normale,Deux véhicules - côté,3,2,2,0,1,3,1,0,1,70,2,2,1,0,0,1,74.0,37.0,deux_roues,deux_roues,1,2,1,1,3
202200003488,2022-06-02 16:20:00,2022,6,2,16,20,67,67482,ILE DE FRANCE (PLACE DE L ),48.5504971659,7.750259,Plein jour,En agglomération,Hors intersection,Normale,Autre collision,4,2,2,0,1,1,1,0,1,50,1,2,1,0,0,1,19.0,,voiture,,1,2,1,1,6
202200003489,2022-03-21 09:00:00,2022,3,21,9,0,64,64445,Avenue du Loup,43.3191441769,-0.3491860628,Plein jour,Hors agglomération,Hors intersection,Normale,Deux véhicules - côté,4,-1,4,2,1,1,1,0,1,50,2,2,1,0,0,1,64.0,41.0,deux_roues,utilitaire_camion,1,1,1,1,3
202200003490,2022-11-24 19:30:00,2022,11,24,19,30,77,77094,N3,48.953553,2.775329,Nuit sans éclairage public,Hors agglomération,Hors intersection,Normale,Trois véhicules et plus - collisions multiples,2,3,2,0,1,1,1,0,1,110,3,4,1,0,2,1,28.0,51.0,utilitaire_camion,voiture,3,1,1,1,5
202200003491,2022-05-03 10:00:00,2022,5,3,10,0,07,07080,,45.072138,4.370456,Plein jour,Hors agglomération,Hors intersection,Pluie légère,Sans collision,3,2,2,0,1,1,2,0,8,80,1,1,0,0,1,0,84.0,,voiture,,1,1,1,2,7
202200003492,2022-03-22 19:45:00,2022,3,22,19,45,62,62540,RD 301 (ROCADE MINIERE),50.45045,2.580152,Nuit avec éclairage allumé,Hors agglomération,Hors intersection,Normale,Autre collision,3,1,1,0,2,3,1,0,3,70,1,1,0,0,0,1,24.0,,voiture,,5,1,1,1,6
202200003493,2022-11-24 18:30:00,2022,11,24,18,30,34,34199,373 Avenue Général de Gaulle,43.453488,3.413514,Nuit sans éclairage public,En agglomération,Hors intersection,Normale,Autre collision,3,3,2,0,4,2,1,0,3,50,1,2,1,0,1,0,44.0,,voiture,,3,2,1,1,6
202200003494,2022-11-25 09:00:00,2022,11,25,9,0,55,55122,D958,48.732559,5.547881,Plein jour,Hors agglomération,Hors intersection,Normale,Deux véhicules - côté,3,2,2,0,1,1,2,0,1,90,2,5,4,0,0,1,38.0,20.0,voiture,voiture,1,1,1,1,3
202200003495,2022-03-11 11:54:00,2022,3,11,11,54,61,61391,CHARLES DE GAULLE (AVENUE),48.76964,-0.57382,Plein jour,En agglomération,Hors intersection,Pluie légère,Sans collision,3,2,2,0,1,1,2,5,1,50,1,1,0,0,1,0,72.0,,deux_roues,,1,2,1,2,7
202200003496,2022-06-02 01:03:00,2022,6,2,1,3,67,67482,LONDRES (RUE DE),48.57859,7.77211,Nuit avec éclairage allumé,En agglomération,Intersection en T,Normale,Deux véhicules - côté,4,2,4,2,1,1,1,0,5,50,2,2,1,0,0,1,30.0,,deux_roues,voiture,5,2,3,1,3
202200003497,2022-10-16 14:45:00,2022,10,16,14,45,73,73329,D1201,45.63738,5.892277,Plein jour,Hors agglomération,Giratoire,Normale,Deux véhicules - arrière,3,2,2,0,1,1,1,0,1,80,2,3,2,0,1,0,35.0,52.0,voiture,deux_roues,1,1,6,1,2
202200003498,2022-03-22 14:00:00,2022,3,22,14,0,57,57537,PRINCIPALE (RUE),49.21779,6.85925,Plein jour,En agglomération,Hors intersection,Normale,Deux véhicules - frontale,4,3,2,0,1,1,1,0,1,50,2,2,1,0,0,1,14.0,64.0,deux_roues,voiture,1,2,1,1,1
202200003499,2022-04-29 03:15:00,2022,4,29,3,15,53,53174,RD 132,48.327909007,-0.646184523,Nuit sans éclairage public,Hors agglomération,Hors intersection,Normale,Autre collision,3,2,2,0,2,1,1,0,3,80,1,2,1,0,1,0,20.0,,voiture,,3,1,1,1,6
202200003500,2022-06-01 15:30:00,2022,6,1,15,30,67,67482,VIRGILE (RUE),48.5824,7.70749,Plein jour,En agglomération,Intersection en T,Normale,Deux véhicules - côté,4,3,3,2,1,1,1,0,1,50,2,2,1,0,0,1,46.0,34.0,deux_roues,voiture,1,2,3,1,3
202200003501,2022-11-25 07:20:00,2022,11,25,7,20,38,38537,690 Avenue du General de Gaulle,45.638707,5.132289,Crépuscule ou aube,En agglomération,Hors intersection,Normale,Autre collision,4,2,2,0,1,1,1,0,1,50,1,2,1,0,0,1,26.0,,voiture,,2,2,1,1,6
202200003502,2022-06-01 17:39:00,2022,6,1,17,39,66,66136,BLANC AVENUE ROSETTE,42.69968,2.9184,Plein jour,Hors agglomération,Hors intersection,Normale,Autre collision,3,2,2,0,2,1,1,0,3,70,1,1,0,0,0,1,33.0,,voiture,,1,1,1,1,6
202200003503,2022-03-22 16:38:00,2022,3,22,16,38,54,54184,DE GAULLE (RUE DU GAL),48.70004,6.22001,Plein jour,En agglomération,Intersection en T,Normale,Autre collision,4,2,2,0,2,1,1,0,1,30,1,2,1,0,0,1,,,voiture,,1,2,3,1,6
202200003504,2022-11-25 00:15:00,2022,11,25,0,15,38,38059,D5,45.105985,5.790846,Nuit sans éclairage public,Hors agglomération,Hors intersection,Normale,Autre collision,7,2,2,0,1,3,1,0,3,90,1,1,0,1,0,0,22.0,,voiture,,3,1,1,1,6
202200003505,2022-03-22 14:26:00,2022,3,22,14,26,54,54395,MAZAGRAN (RUE),48.68979,6.17606,Plein jour,En agglomération,Hors intersection,Normale,Autre collision,4,1,2,3,1,1,1,0,1,30,1,2,1,0,0,1,74.0,,voiture,,1,2,1,1,6
202200003506,2022-06-01 15:35:00,2022,6,1,15,35,66,66136,,42.7197586491,2.8865987062,Plein jour,En agglomération,Hors intersection,Normale,Deux véhicules - arrière,4,2,2,0,1,1,1,0,1,50,2,2,1,0,0,1,47.0,32.0,voiture,deux_roues,1,2,1,1,2
202200003507,2022-05-03 17:00:00,2022,5,3,17,0,40,40143,"pouchiou, D3",43.808192,-0.679543,Plein jour,Hors agglomération,Hors intersection,Normale,Autre collision,3,2,2,0,1,1,1,0,3,80,1,3,1,0,1,1,19.0,,voiture,,1,1,1,1,6
202200003508,2022-11-24 17:30:00,2022,11,24,17,30,26,26271,Route du Dauphiné,45.035388,4.867547,Nuit sans éclairage public,Hors agglomération,Intersection en X,Normale,Deux véhicules - côté,2,2,2,0,1,1,1,0,1,80,2,2,1,0,1,0,31.0,75.0,deux_roues,voiture,3,1,2,1,3
202200003509,2022-03-22 08:35:00,2022,3,22,8,35,54,54328,GENOBOIS (AVENUE DE),48.61432,6.16759,Plein jour,En agglomération,Intersection en X,Normale,Deux véhicules - côté,4,2,2,0,2,1,1,0,1,50,2,2,1,0,0,1,33.0,32.0,voiture,voiture,1,2,2,1,3
202200003510,2022-11-24 07:30:00,2022,11,24,7,30,07,07324,Quai Charles de Gaulle,45.067751,4.834617,Crépuscule ou aube,En agglomération,Intersection en T,Temps couvert,Autre collision,3,2,2,0,1,1,2,0,1,50,1,2,1,0,1,0,25.0,,voiture,,2,2,3,8,6
202200003511,2022-10-18 21:00:00,2022,10,18,21,0,01,01160,,46.249647,6.119366,Nuit sans éclairage public,En agglomération,Hors intersection,Normale,Autre collision,3,2,2,1,1,1,1,0,5,60,1,1,0,0,1,0,47.0,,deux_roues,,3,2,1,1,6