accident_id,datetime,annee,mois,jour,heure,minute,departement,commune_insee,adresse,latitude,longitude,luminosite,agglomeration,intersection,meteo,collision,catr,circ,nbv,vosp,prof,plan,surf,infra,situ,vma,nb_vehicules,nb_usagers,nb_indemnes,nb_tues,nb_blesses_hosp,nb_blesses_legers,age_cond_1,age_cond_2,veh_type_cond_1,veh_type_cond_2,lum_code,agg_code,int_code,atm_code,col_code
202200003603,2022-12-27 11:52:00,2022,12,27,11,52,17,17224,rue des douves,45.868172,-0.323756,Plein jour,En agglomération,Giratoire,Normale,Deux véhicules - côté,4,1,2,0,1,3,1,0,1,50,2,2,1,0,1,0,72.0,84.0,utilitaire_camion,deux_roues,1,2,6,1,3
202200003604,2022-11-22 11:11:00,2022,11,22,11,11,63,63113,LANDAIS (AVENUE DES),45.7639183314,3.115658015,Plein jour,En agglomération,Hors intersection,Normale,Autre collision,7,2,2,0,1,1,1,0,1,50,1,2,1,0,0,1,80.0,,voiture,,1,2,1,1,6
202200003605,2022-05-02 17:00:00,2022,5,2,17,0,13,13214,A7-Sens Marseille vers Lyon,43.3242,5.37842,Plein jour,Hors agglomération,Hors intersection,Normale,Deux véhicules - côté,1,1,3,3,1,1,1,0,6,90,2,4,3,0,0,1,44.0,22.0,voiture,voiture,1,1,1,1,3
202200003606,2022-12-30 10:30:00,2022,12,30,10,30,69,69089,Avenue de la Table de Pierre,45.748862,4.76046,Plein jour,En agglomération,Hors intersection,Temps couvert,Autre collision,7,2,2,0,2,3,2,8,8,50,1,1,0,0,1,0,53.0,,voiture,,1,2,1,8,6
202200003607,2022-03-22 15:18:00,2022,3,22,15,18,31,31555,AV DES ETATS UNIS,43.62773,1.4335,Plein jour,En agglomération,Hors intersection,Normale,Deux véhicules - arrière,7,2,2,0,1,1,1,0,1,50,2,2,1,0,1,0,22.0,20.0,deux_roues,voiture,1,2,1,1,2
202200003608,2022-03-23 19:45:00,2022,3,23,19,45,91,91521,SAND( AVENUE GEORGE),48.64962,2.4097,Nuit avec éclairage allumé,En agglomération,Hors intersection,Normale,Autre collision,4,2,2,0,1,1,1,0,1,50,1,2,1,0,0,1,,,autre,,5,2,1,1,6
202200003609,2022-08-08 18:10:00,2022,8,8,18,10,61,61169,,48.75283,-0.5347,Plein jour,En agglomération,Hors intersection,Normale,Sans collision,3,2, -1,-1,1,1,1,0,1,-1,1,1,0,0,1,0,52.0,,deux_roues,,1,2,1,1,7
202200003610,2022-06-05 17:00:00,2022,6,5,17,0,51,51454,avenue Nicéphore Niepce,49.22888,4.06774,Plein jour,Hors agglomération,Hors intersection,Pluie légère,Sans collision,2,3,3,0,1,3,2,2,1,70,1,4,1,0,0,3,27.0,,voiture,,1,1,1,2,7
202200003611,2022-03-22 06:30:00,2022,3,22,6,30,27,27701,SAINT PIERRE (ROUTE DE),49.22724,1.18285,Crépuscule ou aube,Hors agglomération,Hors intersection,Normale,Deux véhicules - arrière,3,2,2,0,1,1,1,0,1,70,2,2,1,0,1,0,80.0,32.0,voiture,deux_roues,2,1,1,1,2
202200003612,2022-11-09 09:25:00,2022,11,9,9,25,74,74012,AMOUREUX (RUE DES),46.19045,6.23444,Plein jour,En agglomération,Intersection en X,Pluie légère,Autre collision,4,2,4,1,1,1,2,6,6,50,1,2,1,0,0,1,29.0,,voiture,,1,2,2,2,6
202200003613,2022-06-04 06:45:00,2022,6,4,6,45,51,51454,rue Jeanne d'Arc,49.2529162146,4.0266555548,Plein jour,En agglomération,Hors intersection,Normale,Sans collision,4,1,1,1,1,1,1,0,1,50,1,1,0,0,0,1,56.0,,deux_roues,,1,2,1,1,7
202200003614,2022-03-17 10:50:00,2022,3,17,10,50,91,91521,GRIGNY (ROUTE DE),48.65102,2.40415,Plein jour,En agglomération,Hors intersection,Normale,Deux véhicules - côté,4,2,2,0,1,1,1,0,1,50,2,4,2,0,0,2,40.0,21.0,transport_commun,voiture,1,2,1,1,3
202200003615,2022-11-10 07:00:00,2022,11,10,7,0,74,74010,AVENUE HENRI ZANAROLI,45.886603,6.101704,Crépuscule ou aube,En agglomération,Hors intersection,Brouillard / fumée,Autre collision,4,1,2,2,1,1,1,9,5,-1,1,1,0,0,0,1,34.0,,deux_roues,,2,2,1,5,6
202200003616,2022-03-22 17:40:00,2022,3,22,17,40,27,27229,LEPOUZE (RUE),49.02749,1.15546,Plein jour,En agglomération,Hors intersection,Normale,Deux véhicules - arrière,4,2,0,1,2,1,1,0,1,50,2,2,1,0,0,1,31.0,65.0,voiture,deux_roues,1,2,1,1,2
202200003617,2022-04-25 13:56:00,2022,4,25,13,56,59,59456,AUTOROUTE A 21,50.3818913211,3.2221019267,Plein jour,Hors agglomération,Hors intersection,Normale,Trois véhicules et plus - en chaîne,1,-1,4,0,1,1,1,0,1,130,4,5,3,0,1,1,61.0,25.0,voiture,voiture,1,1,1,1,4
202200003618,2022-06-03 14:50:00,2022,6,3,14,50,51,51454,avenue Jean Jaurès,49.2582,4.04162,Plein jour,En agglomération,Hors intersection,Normale,Deux véhicules - côté,4,2,4,0,1,1,1,0,1,50,2,2,1,0,0,1,31.0,16.0,voiture,deux_roues,1,2,1,1,3
202200003619,2022-11-09 14:25:00,2022,11,9,14,25,74,74010,route de thones,45.918557,6.185217,Plein jour,Hors agglomération,Hors intersection,Pluie forte,Deux véhicules - frontale,3,2,2,0,2,2,3,0,1,80,2,2,0,1,0,1,24.0,46.0,utilitaire_camion,voiture,1,1,1,3,1
202200003620,2022-03-16 22:30:00,2022,3,16,22,30,91,91174,RUE FERAY,48.6088,2.47463,Nuit avec éclairage allumé,En agglomération,Intersection en X,Normale,Deux véhicules - côté,4,2,2,0,1,1,1,0,1,50,2,2,1,0,0,1,29.0,43.0,deux_roues,voiture,5,2,2,1,3
202200003621,2022-04-30 19:10:00,2022,4,30,19,10,59,59009,AUTOROUTE A22,50.6485607244,3.1449700445,Plein jour,Hors agglomération,Hors intersection,Normale,Sans collision,1,-1,4,0,1,3,1,2,1,70,1,1,0,0,0,1,24.0,,deux_roues,,1,1,1,1,7
202200003622,2022-11-10 06:35:00,2022,11,10,6,35,74,74012,DE LATTRE DE TASSIGNY (PLACE DU GENERAL),46.18296,6.24624,Nuit avec éclairage allumé,En agglomération,Giratoire,Temps couvert,Autre collision,3,4,1,0,1,1,2,5,6,50,1,2,1,0,1,0,59.0,,voiture,,5,2,6,8,6
202200003623,2022-06-03 07:40:00,2022,6,3,7,40,51,51172,Rue du Docteur Roux,49.22454,4.046015,Plein jour,En agglomération,Hors intersection,Normale,Sans collision,4,2,2,0,1,1,1,0,1,50,1,2,1,0,0,1,54.0,,voiture,,1,2,1,1,7
202200003624,2022-03-13 12:00:00,2022,3,13,12,0,91,91228,AV DE LA LIBERTE,48.63988,2.4355,Plein jour,En agglomération,Hors intersection,Pluie légère,Deux véhicules - arrière,4,2,2,0,1,1,2,0,1,50,2,2,1,0,0,1,20.0,22.0,voiture,voiture,1,2,1,2,2
202200003625,2022-05-02 13:52:00,2022,5,2,13,52,91,91689,AUTOROUTE A6B,48.736181,2.317947,Plein jour,Hors agglomération,Hors intersection,Normale,Deux véhicules - arrière,1,1,0,0,1,1,1,0,1,110,2,2,1,0,0,1,60.0,29.0,utilitaire_camion,deux_roues,1,1,1,1,2
202200003626,2022-11-08 08:20:00,2022,11,8,8,20,74,74298,LIVRON (ROUTE DE),46.18571,6.25161,Plein jour,En agglomération,Intersection en T,Normale,Deux véhicules - frontale,4,2,2,1,2,1,1,0,1,50,2,2,0,0,0,2,53.0,29.0,voiture,voiture,1,2,3,1,1
202200003627,2022-03-22 17:20:00,2022,3,22,17,20,26,26198,KENNEDY(Avenue John F.),44.5536,4.7448,Plein jour,En agglomération,Hors intersection,Normale,Deux véhicules - arrière,4,2,2,0,1,1,1,0,1,50,2,3,1,0,0,2,16.0,26.0,deux_roues,voiture,1,2,1,1,2
202200003628,2022-03-08 14:30:00,2022,3,8,14,30,91,91174,RUE OBERKAMPF,48.6094,2.47419,Plein jour,En agglomération,Hors intersection,Normale,Autre collision,4,-1,2,0,1,1,1,0,1,50,2,2,1,0,0,1,76.0,39.0,voiture,voiture,1,2,1,1,6
202200003629,2022-06-03 04:56:00,2022,6,3,4,56,51,51454,rue André Chaillot,49.28704,4.02753,Nuit avec éclairage allumé,En agglomération,Giratoire,Normale,Deux véhicules - côté,4,1,2,0,1,2,1,0,1,50,2,2,1,0,0,1,27.0,50.0,deux_roues,voiture,5,2,6,1,3
202200003630,2022-11-04 16:40:00,2022,11,4,16,40,74,74305,MONTREAL (RUE DE),46.20484,6.28111,Plein jour,En agglomération,Giratoire,Normale,Deux véhicules - côté,4,2,2,0,1,1,2,9,1,50,2,2,1,0,0,1,46.0,24.0,deux_roues,voiture,1,2,6,1,3
202200003631,2022-05-02 03:02:00,2022,5,2,3,2,91,91161,AUTOROUTE A6,48.71223,2.30795,Nuit sans éclairage public,Hors agglomération,Hors intersection,Normale,Deux véhicules - arrière,1,3,6,3,1,1,1,0,1,110,2,5,3,0,0,2,30.0,21.0,voiture,voiture,3,1,1,1,2
202200003632,2022-03-21 16:00:00,2022,3,21,16,0,25,25462,STAND,46.89955,6.35156,Plein jour,En agglomération,Hors intersection,Normale,Deux véhicules - côté,4,2,2,0,1,1,1,0,1,50,2,2,1,0,0,1,56.0,75.0,voiture,deux_roues,1,2,1,1,3
202200003633,2022-12-13 13:31:00,2022,12,13,13,31,11,11262,,43.1850583,2.9997088,Plein jour,En agglomération,Hors intersection,Normale,Autre collision,4,2,2,0,1,1,1,0,1,50,2,2,1,0,0,1,,58.0,deux_roues,deux_roues,1,2,1,1,6
202200003634,2022-03-04 16:45:00,2022,3,4,16,45,91,91174,BD JEAN JAURES,48.60908,2.4639,Plein jour,En agglomération,Hors intersection,Normale,Trois véhicules et plus - collisions multiples,2,2,4,0,1,1,1,0,1,50,3,3,2,0,0,1,44.0,47.0,voiture,deux_roues,1,2,1,1,5
202200003635,2022-06-04 22:40:00,2022,6,4,22,40,51,51230,Place de la République,49.04368,3.95682,Nuit avec éclairage allumé,En agglomération,Giratoire,Normale,Deux véhicules - côté,4,1,2,0,1,2,1,0,8,30,2,2,1,0,0,1,22.0,45.0,deux_roues,voiture,5,2,6,1,3
202200003636,2022-05-01 03:08:00,2022,5,1,3,8,91,91174,RN 104,48.612911,2.450094,Nuit sans éclairage public,Hors agglomération,Hors intersection,Normale,Deux véhicules - arrière,2,1,5,0,2,1,1,0,2,110,2,2,1,0,0,1,28.0,57.0,utilitaire_camion,utilitaire_camion,3,1,1,1,2
202200003637,2022-03-18 13:35:00,2022,3,18,13,35,22,22106,RESISTANCE (RUE DE LA),48.499608,-2.709462,Plein jour,En agglomération,Hors intersection,Normale,Sans collision,4,2,2,0,1,1,1,0,3,50,1,3,2,1,0,0,18.0,,voiture,,1,2,1,1,7
202200003638,2022-07-27 22:10:00,2022,7,27,22,10,67,67482,GUILLAUME APOLLINAIRE (RUE),48.59714,7.69937,Nuit avec éclairage allumé,En agglomération,Hors intersection,Normale,Autre collision,4,2,2,0,1,1,1,0,4,5,1,2,1,0,0,1,,,deux_roues,,5,2,1,1,6
202200003639,2022-11-22 22:00:00,2022,11,22,22,0,974,97407,ROUSSEAU J JACQUES(PLACE),-20.93446,55.30596,Nuit sans éclairage public,En agglomération,Hors intersection,Normale,Sans collision,4,-1,1,0,1,1,1,0,1,50,1,1,0,0,0,1,33.0,,deux_roues,,3,2,1,1,7
202200003640,2022-06-02 17:25:00,2022,6,2,17,25,51,51230,Rue Godart Roger,49.0367402446,3.964164108,Plein jour,En agglomération,Hors intersection,Normale,Sans collision,4,2,1,0,2,1,1,0,1,50,1,2,1,0,0,1,62.0,,voiture,,1,2,1,1,7
202200003641,2022-05-02 17:55:00,2022,5,2,17,55,92,92064,A13,48.8393556642,2.2156693339,Plein jour,Hors agglomération,Hors intersection,Normale,Trois véhicules et plus - en chaîne,1,1,2,0,1,1,1,2,1,70,3,6,5,0,0,1,61.0,72.0,voiture,voiture,1,1,1,1,4
202200003642,2022-03-18 14:30:00,2022,3,18,14,30,19,19031,CARIVEN (CARREFOUR),45.16514,1.53206,Plein jour,En agglomération,Intersection à plus de 4 branches,Normale,Deux véhicules - côté,3,2,2,0,1,1,1,0,1,50,2,2,1,0,0,1,53.0,88.0,voiture,voiture,1,2,5,1,3
202200003643,2022-11-23 06:50:00,2022,11,23,6,50,973,97302,ROUTE NATIONALE 1,4.89852,-52.32717,Plein jour,Hors agglomération,Hors intersection,Pluie forte,Autre collision,2,2,4,2,1,1,2,0,5,90,2,3,0,0,0,3,24.0,63.0,deux_roues,deux_roues,1,1,1,3,6
202200003644,2022-05-02 10:25:00,2022,5,2,10,25,93,93010,AUTOROUTE A3,48.91334,2.47719,Plein jour,Hors agglomération,Hors intersection,Normale,Sans collision,1,3,3,0,1,1,1,0,1,110,1,1,0,0,0,1,70.0,,deux_roues,,1,1,1,1,7
202200003645,2022-06-04 09:40:00,2022,6,4,9,40,50,50165,CHAMP DE COURSE (RUE DU),48.85926,-1.5746,Plein jour,Hors agglomération,Autre intersection,Normale,Deux véhicules - côté,4,2,2,0,1,3,1,0,1,50,2,2,1,0,0,1,75.0,49.0,voiture,deux_roues,1,1,9,1,3
202200003646,2022-12-06 17:15:00,2022,12,6,17,15,60,60159,Rue Ferdinand de Lesseps,49.3977382691,2.7873655557,Crépuscule ou aube,En agglomération,Hors intersection,Normale,Deux véhicules - côté,4,2,2,0,1,1,1,0,1,50,2,2,1,0,1,0,47.0,64.0,deux_roues,voiture,2,2,1,1,3
202200003647,2022-03-22 19:40:00,2022,3,22,19,40,13,13212,JEAN COMPADIEU (AVENUE),43.3195810832,5.4331701173,Nuit avec éclairage allumé,En agglomération,Hors intersection,Normale,Autre collision,4,2,2,1,1,1,1,0,1,50,1,2,1,0,0,1,,,deux_roues,,5,2,1,1,6
202200003648,2022-05-02 07:30:00,2022,5,2,7,30,93,93008,AUTOROUTE A86,48.90859,2.44993,Plein jour,Hors agglomération,Hors intersection,Autre,Deux véhicules - côté,1,3,6,0,1,1,1,1,1,90,2,2,1,0,0,1,25.0,,voiture,utilitaire_camion,1,1,1,9,3
202200003649,2022-12-22 13:00:00,2022,12,22,13,0,13,13078,D 268,43.448424366,4.8380053008,Plein jour,Hors agglomération,Giratoire,Normale,Sans collision,3,3,2,0,1,2,1,0,1,80,1,1,0,0,0,1,56.0,,utilitaire_camion,,1,1,6,1,7
202200003650,2022-05-24 08:00:00,2022,5,24,8,0,50,50218,AVRANCHES (ROUTE D'),48.82702,-1.56157,Plein jour,Hors agglomération,Hors intersection,Normale,Deux véhicules - frontale,3,2,2,0,2,3,1,0,1,80,2,2,0,0,1,1,48.0,50.0,utilitaire_camion,voiture,1,1,1,1,1
202200003651,2022-05-01 03:00:00,2022,5,1,3,0,93,93078,AUTOROUTE A104,48.97093,2.49992,Nuit sans éclairage public,Hors agglomération,Hors intersection,Normale,Autre collision,1,3,3,0,1,1,1,0,1,90,1,3,1,0,0,2,,,voiture,,3,1,1,1,6
202200003652,2022-11-07 20:42:00,2022,11,7,20,42,75,75101,BOULEVARD DE SEBASTOPOL,48.860571,2.349389,Nuit avec éclairage allumé,En agglomération,Intersection en X,Normale,Deux véhicules - côté,4,1,5,0,1,1,1,0,1,30,2,3,1,0,0,2,60.0,34.0,voiture,voiture,5,2,2,1,3
202200003653,2022-03-22 17:10:00,2022,3,22,17,10,13,13216,ESTAQUE PLAGE,43.36167,5.30262,Plein jour,En agglomération,Hors intersection,Normale,Deux véhicules - arrière,3,2,1,0,1,2,1,0,1,30,2,2,0,0,0,1,19.0,,deux_roues,voiture,1,2,1,1,2
202200003654,2022-06-02 11:40:00,2022,6,2,11,40,50,50129,MILLET (AVENUE JEAN-FRANCOIS),49.63376,-1.62031,Plein jour,En agglomération,Hors intersection,Normale,Deux véhicules - arrière,3,3,2,0,3,1,1,1,1,50,2,2,0,0,0,2,53.0,18.0,voiture,deux_roues,1,2,1,1,2
202200003655,2022-11-23 15:35:00,2022,11,23,15,35,69,69388,61 Avenue des Frères Lumière,45.7450693328,4.866412282,Plein jour,En agglomération,Intersection en X,Pluie légère,Deux véhicules - côté,4,1,1,2,1,1,2,0,1,50,2,2,1,0,0,1,,23.0,voiture,deux_roues,1,2,2,2,3
202200003656,2022-03-12 06:46:00,2022,3,12,6,46,93,93027,VAILLANT-COUTURIER (AVENUE PAUL),48.923783,2.414015,Plein jour,En agglomération,Hors intersection,Normale,Deux véhicules - frontale,3,-1,1,0,1,3,9,9,8,50,2,3,0,0,0,3,41.0,26.0,utilitaire_camion,voiture,1,2,1,1,1
202200003657,2022-05-02 13:50:00,2022,5,2,13,50,94,94017,A4,48.82701,2.51105,Plein jour,Hors agglomération,Hors intersection,Normale,Deux véhicules - arrière,1,3,8,0,1,1,1,1,1,90,2,4,2,0,0,2,67.0,25.0,voiture,voiture,1,1,1,1,2
202200003658,2022-03-21 23:40:00,2022,3,21,23,40,11,11069,ROCADE NORD - RD 6113,43.22871,2.33841,Nuit sans éclairage public,En agglomération,Hors intersection,Normale,Autre collision,3,-1,2,0,1,1,1,0,8,80,1,1,0,0,0,1,26.0,,voiture,,3,2,1,1,6
202200003659,2022-06-01 17:05:00,2022,6,1,17,5,50,50129,HAGUE (BOULEVARD DE LA),49.66741,-1.69668,Plein jour,En agglomération,Intersection en X,Normale,Deux véhicules - côté,3,2,2,1,1,1,1,5,1,50,2,2,1,0,0,1,58.0,28.0,voiture,voiture,1,2,2,1,3
202200003660,2022-11-23 10:00:00,2022,11,23,10,0,69,69388,Rue Saint Nestor,45.74394,4.86322,Plein jour,En agglomération,Intersection en X,Pluie légère,Deux véhicules - côté,4,1,1,0,1,1,2,0,1,50,2,2,1,0,0,1,40.0,22.0,voiture,voiture,1,2,2,2,3
202200003661,2022-05-02 00:30:00,2022,5,2,0,30,77,77373,RN104,48.7775361133,2.614175714,Nuit sans éclairage public,Hors agglomération,Hors intersection,Normale,Deux véhicules - arrière,2,1,2,0,1,1,1,0,1,90,2,3,0,0,0,3,24.0,22.0,voiture,voiture,3,1,1,1,2
202200003662,2022-03-22 17:15:00,2022,3,22,17,15,06,06069,RENOIR (AVENUE AUGUSTE),43.681366,6.967183,Plein jour,En agglomération,Hors intersection,Normale,Deux véhicules - côté,3,2,2,0,1,1,1,0,1,50,2,2,1,0,0,1,21.0,59.0,deux_roues,utilitaire_camion,1,2,1,1,3
202200003663,2022-06-03 16:31:00,2022,6,3,16,31,49,49007,DE LATTRE DE TASSIGNY,47.44866,-0.53845,Plein jour,En agglomération,Hors intersection,Normale,Deux véhicules - côté,4,1,2,0,1,2,1,0,1,30,2,2,1,0,0,1,,50.0,voiture,voiture,1,2,1,1,3
202200003664,2022-01-05 23:00:00,2022,1,5,23,0,59,59350,,50.636668,3.061768,Nuit avec éclairage allumé,En agglomération,Hors intersection,Normale,Deux véhicules - côté,4,2, -1,-1,1,1,1,0,1,-1,2,2,0,0,0,1,22.0,,deux_roues,voiture,5,2,1,1,3
202200003665,2022-11-23 08:45:00,2022,11,23,8,45,69,69386,Rue Garibaldi,45.77373,4.84962,Plein jour,En agglomération,Intersection en Y,Temps couvert,Deux véhicules - côté,4,1,3,0,1,1,2,0,1,50,2,2,1,0,0,1,60.0,26.0,voiture,deux_roues,1,2,4,8,3
202200003666,2022-03-22 08:40:00,2022,3,22,8,40,06,06069,"JEU DE BALLON (BOULEVARD, IMPASSE ET TRA",43.65796,6.92154,Plein jour,En agglomération,Hors intersection,Normale,Autre collision,4,1,1,0,1,1,1,0,1,50,1,2,1,0,0,1,54.0,,voiture,,1,2,1,1,6
202200003667,2022-01-05 15:45:00,2022,1,5,15,45,59,59279,,50.774395597,3.128053844,Plein jour,En agglomération,Hors intersection,Normale,Autre collision,4,2, -1,-1,1,1,1,0,1,30,1,2,1,0,0,1,56.0,,voiture,,1,2,1,1,6
202200003668,2022-06-02 17:14:00,2022,6,2,17,14,49,49007,LICORNE HAMEAU,47.47292,-0.59075,Plein jour,En agglomération,Hors intersection,Normale,Deux véhicules - côté,4,2,2,0,1,1,1,0,1,50,2,3,2,0,0,1,54.0,12.0,voiture,deux_roues,1,2,1,1,3
202200003669,2022-03-21 09:10:00,2022,3,21,9,10,06,06030,PINEDE (AVENUE DE LA),43.57303,7.00324,Plein jour,En agglomération,Hors intersection,Normale,Autre collision,4,1,1,0,1,1,1,0,1,30,1,2,1,0,0,1,75.0,,voiture,,1,2,1,1,6
202200003670,2022-11-10 19:10:00,2022,11,10,19,10,972,97213,ROUTE DEPARTEMENTALE 14 BIS,14.6185,-61.03154,Nuit avec éclairage non allumé,Hors agglomération,Giratoire,Normale,Deux véhicules - côté,1,1,2,3,1,2,1,5,6,50,2,2,1,0,0,1,72.0,,voiture,utilitaire_camion,4,1,6,1,3
202200003671,2022-10-30 19:25:00,2022,10,30,19,25,38,38185,A480,45.1978257723,5.700755183,Nuit sans éclairage public,Hors agglomération,Hors intersection,Normale,Trois véhicules et plus - en chaîne,1,1,3,0,1,1,1,8,1,70,3,8,5,0,0,3,36.0,46.0,voiture,voiture,3,1,1,1,4
202200003672,2022-06-04 17:30:00,2022,6,4,17,30,47,47001,MONNET (AV. JEAN),44.19211,0.6154,Plein jour,En agglomération,Intersection en X,Normale,Deux véhicules - côté,4,2,4,0,1,1,1,0,1,50,2,2,1,0,0,1,54.0,47.0,voiture,voiture,1,2,2,1,3
202200003673,2022-04-27 16:40:00,2022,4,27,16,40,94,94079,A4,48.8354458972,2.5387118132,Plein jour,Hors agglomération,Hors intersection,Normale,Trois véhicules et plus - collisions multiples,1,-1,8,0,1,1,1,0,8,110,7,7,4,0,0,3,67.0,26.0,voiture,voiture,1,1,1,1,5
202200003674,2022-06-05 06:05:00,2022,6,5,6,5,46,46042,Départementale D653,44.452536,1.441093,Crépuscule ou aube,En agglomération,Hors intersection,Temps couvert,,3,2,2,0,1,1,2,9,4,50,1,1,0,0,0,1,20.0,,voiture,,2,2,1,8,-1
202200003675,2022-11-19 04:26:00,2022,11,19,4,26,972,97209,SALVADOR ALLENDE (AVENUE),14.61029,-61.04861,Nuit avec éclairage non allumé,En agglomération,Hors intersection,Normale,Autre collision,4,3,2,0,1,1,1,0,4,30,1,3,1,0,1,1,30.0,,voiture,,4,2,1,1,6
202200003676,2022-03-21 16:15:00,2022,3,21,16,15,06,06123,SAUVAIGO PIERRE AVENUE,43.665592,7.186599,Plein jour,En agglomération,Intersection en T,Normale,Deux véhicules - côté,7,2,2,0,1,1,1,0,1,50,2,2,1,0,0,1,20.0,74.0,deux_roues,voiture,1,2,3,1,3
202200003677,2022-05-01 21:05:00,2022,5,1,21,5,974,97411,CHAPELLE (RUE DE LA),-20.91233,55.48561,Nuit avec éclairage allumé,En agglomération,Autre intersection,Autre,Sans collision,4,2,2,0,1,2,1,0,1,50,1,1,0,0,1,0,25.0,,deux_roues,,5,2,9,9,7
202200003678,2022-09-24 15:00:00,2022,9,24,15,0,14,14685,D170,49.244393,-0.460359,Plein jour,Hors agglomération,Intersection en T,Temps couvert,Deux véhicules - côté,3,2,2,0,1,1,1,9,1,90,2,2,1,0,0,1,28.0,68.0,deux_roues,voiture,1,1,3,8,3
202200003679,2022-06-04 12:10:00,2022,6,4,12,10,45,45234,Boulevard Guy-Marie Riobé,47.91285,1.91285,Plein jour,En agglomération,Hors intersection,Normale,Autre collision,4,2,2,1,1,1,1,0,4,50,1,2,1,0,0,1,56.0,,voiture,,1,2,1,1,6
202200003680,2022-11-23 07:10:00,2022,11,23,7,10,69,69382,Rue de la Charité,45.7547051727,4.8325493932,Crépuscule ou aube,En agglomération,Hors intersection,Normale,Deux véhicules - arrière,4,2,2,2,1,1,1,0,1,30,2,2,1,0,0,1,35.0,21.0,voiture,deux_roues,2,2,1,1,2
202200003681,2022-03-21 10:40:00,2022,3,21,10,40,05,05061,FAUVINS ( ROUTE  DES ),44.564,6.09395,Plein jour,En agglomération,Hors intersection,Normale,Deux véhicules - arrière,4,2,2,0,1,1,1,0,1,50,2,2,1,0,0,1,67.0,54.0,voiture,voiture,1,2,1,1,2
202200003682,2022-05-01 13:50:00,2022,5,1,13,50,974,97411,JAURES (BOULEVARD JEAN),-20.89424,55.47167,Plein jour,Hors agglomération,Hors intersection,Normale,Deux véhicules - côté,4,1,3,0,1,1,1,0,1,70,2,2,1,0,0,1,22.0,63.0,voiture,deux_roues,1,1,1,1,3
202200003683,2022-11-07 19:17:00,2022,11,7,19,17,75,75118,BOULEVARD NEY,48.897647,2.329043,Nuit avec éclairage allumé,En agglomération,Intersection en X,Normale,Deux véhicules - côté,4,3,2,0,1,1,1,0,1,30,2,2,1,0,0,1,38.0,65.0,deux_roues,voiture,5,2,2,1,3
202200003684,2022-11-07 18:40:00,2022,11,7,18,40,75,75118,RUE DE LA CHAPELLE,48.897633,2.359459,Nuit avec éclairage allumé,En agglomération,Hors intersection,Normale,Autre collision,4,1,1,0,1,1,1,0,1,30,1,2,1,0,0,1,35.0,,utilitaire_camion,,5,2,1,1,6
202200003685,2022-11-23 01:20:00,2022,11,23,1,20,69,69389,Rue du Chapeau Rouge,45.77107,4.80768,Nuit avec éclairage allumé,En agglomération,Hors intersection,Pluie légère,Autre collision,4,1,1,2,1,3,2,0,3,30,1,1,0,0,1,0,30.0,,voiture,,5,2,1,2,6
202200003686,2022-06-03 02:50:00,2022,6,3,2,50,45,45234,2 Rue de la Poterne,47.89846,1.90925,Nuit avec éclairage allumé,En agglomération,Intersection en T,Normale,Deux véhicules - côté,4,2,2,0,1,1,1,6,1,30,2,3,1,0,0,2,,20.0,voiture,deux_roues,5,2,3,1,3
202200003687,2022-05-01 16:25:00,2022,5,1,16,25,973,97302,MANGO (ROUTE),4.9326701305,-52.3186138272,Plein jour,En agglomération,Hors intersection,Normale,Deux véhicules - côté,4,2,2,0,1,1,1,0,1,50,2,2,1,0,0,1,52.0,55.0,deux_roues,voiture,1,2,1,1,3
202200003688,2022-11-07 12:40:00,2022,11,7,12,40,75,75110,QUAI DE JEMMAPES,48.875523,2.364266,Plein jour,En agglomération,Intersection en T,Normale,Deux véhicules - arrière,4,1,1,0,2,1,1,0,1,30,2,2,1,0,0,1,26.0,33.0,voiture,voiture,1,2,3,1,2
202200003689,2022-12-12 17:25:00,2022,12,12,17,25,62,62155,Impasse du Hericat,50.775035,2.023942,Nuit avec éclairage allumé,En agglomération,Hors intersection,Normale,Deux véhicules - frontale,4,2,1,0,3,1,1,0,1,50,2,2,1,0,1,0,22.0,52.0,deux_roues,voiture,5,2,1,1,1
202200003690,2022-06-02 20:12:00,2022,6,2,20,12,45,45232,1296 Rue Marcel Belot,47.8567066447,1.9029972553,Plein jour,En agglomération,Giratoire,Normale,Deux véhicules - côté,4,2,2,0,1,3,1,0,1,50,2,2,1,0,0,1,21.0,20.0,deux_roues,voiture,1,2,6,1,3
202200003691,2022-05-01 05:30:00,2022,5,1,5,30,973,97302,RABAN (ROUTE DE),4.92801,-52.31383,Nuit avec éclairage allumé,En agglomération,Intersection en T,Pluie légère,Deux véhicules - côté,4,2,2,0,1,1,2,0,1,50,2,3,1,0,0,2,27.0,32.0,deux_roues,voiture,5,2,3,2,3
202200003692,2022-12-22 14:15:00,2022,12,22,14,15,68,68374,18 Rue des Prés,48.085197,7.308522,Plein jour,En agglomération,Hors intersection,Normale,Deux véhicules - côté,4,2,2,0,1,1,1,0,1,50,2,2,1,0,0,1,34.0,23.0,utilitaire_camion,deux_roues,1,2,1,1,3
202200003693,2022-05-01 23:15:00,2022,5,1,23,15,69,69383,41 Cours Richard Vitton,45.7535888734,4.8904274404,Nuit avec éclairage allumé,En agglomération,Hors intersection,Normale,Deux véhicules - arrière,4,1,1,0,1,1,1,0,1,30,2,2,1,0,0,1,56.0,52.0,voiture,voiture,5,2,1,1,2
202200003694,2022-11-15 17:15:00,2022,11,15,17,15,16,16424,route départementale 731 - pk 58+400,45.283055,0.008755,Crépuscule ou aube,Hors agglomération,Hors intersection,Normale,Deux véhicules - frontale,3,2,2,0,1,1,2,0,1,80,2,4,0,0,1,3,72.0,85.0,voiture,voiture,2,1,1,1,1