accident_id,datetime,annee,mois,jour,heure,minute,departement,commune_insee,adresse,latitude,longitude,luminosite,agglomeration,intersection,meteo,collision,catr,circ,nbv,vosp,prof,plan,surf,infra,situ,vma,nb_vehicules,nb_usagers,nb_indemnes,nb_tues,nb_blesses_hosp,nb_blesses_legers,age_cond_1,age_cond_2,veh_type_cond_1,veh_type_cond_2,lum_code,agg_code,int_code,atm_code,col_code
202200003788,2022-06-05 03:00:00,2022,6,5,3,0,35,35238,MITTERAND (MAIL FRANCOIS),48.1086699351,-1.692636162,Nuit avec éclairage allumé,En agglomération,Intersection en X,Pluie légère,Deux véhicules - côté,4,1,2,3,1,1,2,0,1,30,2,3,0,0,0,3,31.0,33.0,voiture,voiture,5,2,2,2,3
202200003789,2022-03-22 09:30:00,2022,3,22,9,30,75,75114,RUE SAINT YVES,48.825658,2.334455,Plein jour,En agglomération,Intersection en T,Temps éblouissant,Autre collision,4,2,2,0,1,1,1,0,1,30,1,2,1,0,0,1,55.0,,voiture,,1,2,3,7,6
202200003790,2022-05-01 17:50:00,2022,5,1,17,50,69,69266,Rue Alexis Perroncel,45.77587,4.88327,Plein jour,En agglomération,Intersection en X,Normale,Deux véhicules - côté,4,1,1,2,1,1,1,5,1,50,2,3,1,0,0,2,,17.0,voiture,autre,1,2,2,1,3
202200003791,2022-11-06 05:20:00,2022,11,6,5,20,94,94052,ALBERT 1ER (BD),48.834544,2.493298,Nuit sans éclairage public,En agglomération,Hors intersection,Normale,Autre collision,2,1,1,0,1,1,2,2,8,50,1,1,0,0,1,0,27.0,,deux_roues,,3,2,1,1,6
202200003792,2022-11-23 07:30:00,2022,11,23,7,30,69,69286,Route de Strasbourg,45.85258,4.90809,Plein jour,Hors agglomération,Intersection en T,Temps couvert,Deux véhicules - côté,7,2,2,0,1,1,1,0,1,80,2,2,1,0,0,1,53.0,27.0,deux_roues,voiture,1,1,3,8,3
202200003793,2022-12-15 07:30:00,2022,12,15,7,30,62,62421,D15,50.097210534,3.0777840951,Nuit sans éclairage public,Hors agglomération,Hors intersection,Autre,Autre collision,3,2,1,0,4,2,7,0,3,80,1,1,0,0,1,0,27.0,,voiture,,3,1,1,9,6
202200003794,2022-03-21 19:20:00,2022,3,21,19,20,75,75114,BOULEVARD SAINT JACQUES,48.833055,2.335997,Nuit avec éclairage allumé,En agglomération,Intersection en X,Normale,Deux véhicules - côté,4,2,3,3,2,1,1,0,1,30,2,2,1,0,0,1,29.0,38.0,voiture,deux_roues,5,2,2,1,3
202200003795,2022-06-05 00:40:00,2022,6,5,0,40,35,35281,PORTE DE ST NAZAIRE,48.0923237509,-1.707411781,Nuit sans éclairage public,Hors agglomération,Hors intersection,Normale,Trois véhicules et plus - collisions multiples,2,3,7,0,1,1,1,0,1,90,3,5,1,0,0,4,46.0,26.0,voiture,voiture,3,1,1,1,5
202200003796,2022-04-30 19:10:00,2022,4,30,19,10,69,69264,Rue Jules Ferry,45.9814465955,4.7348552942,Plein jour,En agglomération,Intersection en X,Normale,Deux véhicules - côté,4,2,2,0,1,1,1,0,1,30,2,2,1,0,0,1,18.0,42.0,deux_roues,voiture,1,2,2,1,3
202200003797,2022-05-24 17:00:00,2022,5,24,17,0,2A,2A345,T20,42.045851,8.924975,Plein jour,Hors agglomération,Intersection en T,Normale,Deux véhicules - côté,2,2,2,0,1,1,1,0,1,80,2,4,2,0,1,1,73.0,24.0,voiture,voiture,1,1,3,1,3
202200003798,2022-06-04 13:55:00,2022,6,4,13,55,35,35238,CHEZY (BD DE),48.11507,-1.68725,Plein jour,En agglomération,Hors intersection,Normale,Deux véhicules - arrière,4,1,1,1,1,1,1,0,1,50,2,2,1,0,0,1,25.0,38.0,utilitaire_camion,deux_roues,1,2,1,1,2
202200003799,2022-03-21 17:00:00,2022,3,21,17,0,75,75114,RUE D ALESIA,48.83051,2.319291,Plein jour,En agglomération,Intersection à plus de 4 branches,Normale,Deux véhicules - arrière,4,2,2,3,1,1,1,0,6,30,2,2,0,0,0,2,27.0,23.0,deux_roues,deux_roues,1,2,5,1,2
202200003800,2022-04-27 19:30:00,2022,4,27,19,30,67,67180,BISCHWILLER (ROUTE DE),48.80233,7.81272,Plein jour,En agglomération,Intersection en X,Temps éblouissant,Deux véhicules - frontale,4,2,0,0,1,1,1,0,1,50,2,2,1,0,1,0,25.0,22.0,deux_roues,voiture,1,2,2,7,1
202200003801,2022-12-10 16:25:00,2022,12,10,16,25,88,88116,Rue de Chermenil,47.976943,6.833045,Plein jour,Hors agglomération,Intersection en Y,Normale,Deux véhicules - côté,3,2,2,0,2,1,2,0,1,70,2,3,2,0,0,1,19.0,49.0,utilitaire_camion,voiture,1,1,4,1,3
202200003802,2022-04-26 18:06:00,2022,4,26,18,6,59,59350,FAUBOURG DES POSTES RUE,50.6073692909,3.0433337688,Plein jour,En agglomération,Hors intersection,Normale,Autre collision,7,-1,2,0,1,1,1,0,1,50,1,1,0,0,0,1,13.0,,deux_roues,,1,2,1,1,6
202200003803,2022-06-04 00:20:00,2022,6,4,0,20,35,35238,ARMORIQUE (BD D'),48.12789,-1.68322,Nuit avec éclairage allumé,En agglomération,Intersection en X,Normale,Autre collision,4,3,5,1,1,1,2,0,1,50,1,2,1,0,0,1,,,voiture,,5,2,2,1,6
202200003804,2022-03-21 12:45:00,2022,3,21,12,45,75,75114,RUE RAYMOND LOSSERAND,48.83561,2.321191,Plein jour,En agglomération,Intersection en T,Normale,Autre collision,4,-1,2,0,1,1,1,0,1,30,1,2,1,0,0,1,31.0,,utilitaire_camion,,1,2,3,1,6
202200003805,2022-12-16 14:10:00,2022,12,16,14,10,973,97311,Avenue Christophe Colomb,5.457641,-54.040933,Plein jour,Hors agglomération,Hors intersection,Pluie légère,Deux véhicules - frontale,3,2,2,0,1,2,2,0,1,80,2,2,1,0,0,1,33.0,50.0,utilitaire_camion,deux_roues,1,1,1,2,1
202200003806,2022-03-22 04:40:00,2022,3,22,4,40,75,75113,RUE DU MOULIN DE LA POINTE,48.8246042361,2.3571453989,Nuit avec éclairage allumé,En agglomération,Hors intersection,Normale,Autre collision,4,2,2,0,1,1,1,0,1,30,1,1,0,0,0,1,57.0,,deux_roues,,5,2,1,1,6
202200003807,2022-12-31 05:00:00,2022,12,31,5,0,54,54571,Autoroute A 33,48.6186,6.243725,Nuit sans éclairage public,Hors agglomération,Hors intersection,Pluie légère,Deux véhicules - arrière,1,3,4,0,1,1,2,0,1,110,2,2,0,0,0,2,22.0,50.0,voiture,utilitaire_camion,3,1,1,2,2
202200003808,2022-06-02 23:00:00,2022,6,2,23,0,35,35238,LORIENT (DE),48.10722,-1.71859,Nuit sans éclairage public,En agglomération,Hors intersection,Normale,Deux véhicules - côté,2,3,5,0,1,1,1,0,1,50,2,2,1,0,0,1,21.0,35.0,deux_roues,voiture,3,2,1,1,3
202200003809,2022-05-01 18:40:00,2022,5,1,18,40,51,51454,rue Clovis Chézel,49.23923,4.03133,Plein jour,En agglomération,Intersection en Y,Normale,Deux véhicules - arrière,4,2,3,0,1,1,1,0,1,50,2,4,3,0,0,1,43.0,69.0,voiture,voiture,1,2,4,1,2
202200003810,2022-01-17 12:10:00,2022,1,17,12,10,51,51108,Rue du Temple,48.9538646385,4.3472450226,Plein jour,En agglomération,Intersection en T,Normale,Sans collision,4,1,1,0,1,2,1,0,8,50,1,1,0,1,0,0,62.0,,voiture,,1,2,3,1,7
202200003811,2022-03-21 05:07:00,2022,3,21,5,7,75,75112,AVENUE DAUMESNIL,48.848624,2.372609,Nuit avec éclairage allumé,En agglomération,Intersection en X,Normale,Deux véhicules - côté,4,2,5,0,1,1,1,0,1,30,2,2,0,0,0,2,31.0,63.0,voiture,voiture,5,2,2,1,3
202200003812,2022-06-02 17:45:00,2022,6,2,17,45,35,35281,MENDES FRANCE (BD PIERRE),48.0969345047,-1.6931477934,Plein jour,En agglomération,Hors intersection,Normale,Deux véhicules - côté,4,3,2,2,2,1,1,0,5,50,2,3,2,0,0,1,34.0,33.0,deux_roues,utilitaire_camion,1,2,1,1,3
202200003813,2022-04-30 23:45:00,2022,4,30,23,45,51,51230,Avenue Maréchal Joffre,49.05156,3.95526,Nuit avec éclairage allumé,En agglomération,Hors intersection,Normale,Deux véhicules - côté,3,3,3,0,4,1,1,0,1,50,2,2,1,0,1,0,19.0,36.0,voiture,deux_roues,5,2,1,1,3
202200003814,2022-06-02 16:25:00,2022,6,2,16,25,35,35238,DUPONT DES LOGES,48.1080102777,-1.6668312997,Plein jour,En agglomération,Hors intersection,Normale,Autre collision,4,1,1,2,1,1,1,0,1,30,2,2,1,0,0,1,60.0,44.0,deux_roues,voiture,1,2,1,1,6
202200003815,2022-03-21 12:50:00,2022,3,21,12,50,75,75112,RUE DE LYON,48.851412,2.369913,Plein jour,En agglomération,Intersection en T,Normale,Deux véhicules - côté,4,-1,3,0,1,1,1,0,1,30,2,2,1,0,0,1,41.0,25.0,deux_roues,utilitaire_camion,1,2,3,1,3
202200003816,2022-12-25 02:36:00,2022,12,25,2,36,71,71076,PARIS (AVENUE DE),46.7878,4.85105,Nuit avec éclairage allumé,En agglomération,Intersection en T,Pluie légère,Deux véhicules - côté,4,3,4,0,1,1,2,5,1,50,2,4,1,0,0,3,22.0,42.0,voiture,voiture,5,2,3,2,3
202200003817,2022-05-01 18:40:00,2022,5,1,18,40,45,45234,Boulevard de Verdun,47.90664,1.90393,Plein jour,En agglomération,Place,Normale,Deux véhicules - côté,4,1,3,2,1,1,1,0,1,50,2,2,1,0,0,1,37.0,20.0,deux_roues,transport_commun,1,2,7,1,3
202200003818,2022-06-02 07:35:00,2022,6,2,7,35,35,35238,MALAKOFF,48.1064395484,-1.693245694,Plein jour,En agglomération,Hors intersection,Normale,Deux véhicules - côté,4,2,2,1,1,1,1,0,1,50,2,2,1,0,0,1,43.0,21.0,utilitaire_camion,deux_roues,1,2,1,1,3
202200003819,2022-03-22 08:50:00,2022,3,22,8,50,75,75111,RUE DE CHARONNE,48.853819,2.381573,Plein jour,En agglomération,Intersection en T,Normale,Deux véhicules - arrière,4,2,2,0,1,1,1,0,1,30,2,2,1,0,0,1,42.0,29.0,voiture,deux_roues,1,2,3,1,2
202200003820,2022-12-27 16:55:00,2022,12,27,16,55,48,48095,ONZE NOVEMBRE (AVENUE DU),44.52855,3.47296,Plein jour,En agglomération,Intersection en T,Normale,Sans collision,3,2,2,0,2,1,1,0,1,50,2,2,1,0,0,1,41.0,67.0,voiture,deux_roues,1,2,3,1,7
202200003821,2022-06-04 21:30:00,2022,6,4,21,30,35,35150,BLICHE (BOULEVARD DE),48.353219,-1.219741,Plein jour,En agglomération,Hors intersection,Normale,Autre collision,4,2,2,0,2,1,1,0,1,50,1,2,1,0,0,1,45.0,,voiture,,1,2,1,1,6
202200003822,2022-04-30 17:00:00,2022,4,30,17,0,37,37214,CROIX PERIGOURD (RUE DE LA),47.4197233144,0.6557276845,Plein jour,En agglomération,Intersection en T,Normale,Deux véhicules - côté,4,2,1,0,1,1,1,9,1,50,2,3,1,0,0,2,16.0,41.0,deux_roues,voiture,1,2,3,1,3
202200003823,2022-06-04 02:15:00,2022,6,4,2,15,34,34172,RENOUVIER (BOULEVARD),43.60481,3.86757,Nuit avec éclairage allumé,En agglomération,Intersection en T,Normale,Deux véhicules - côté,4,2,2,0,1,1,1,0,1,30,2,6,0,0,0,5,27.0,,voiture,voiture,5,2,3,1,3
202200003824,2022-05-01 19:40:00,2022,5,1,19,40,35,35238,Boulevard Maréchal de Lattre de Tassigny,48.1122642936,-1.6870974004,Plein jour,En agglomération,Intersection en X,Normale,Deux véhicules - côté,4,3,5,3,1,1,1,0,1,50,2,2,1,0,0,1,22.0,58.0,deux_roues,voiture,1,2,2,1,3
202200003825,2022-11-24 18:30:00,2022,11,24,18,30,42,42189,Rue de la Chiorarie,45.43469,4.33678,Nuit sans éclairage public,En agglomération,Intersection en Y,Temps couvert,Deux véhicules - côté,4,2,2,0,2,1,2,0,1,50,2,2,1,0,1,0,28.0,35.0,voiture,deux_roues,3,2,4,8,3
202200003826,2022-03-22 07:45:00,2022,3,22,7,45,75,75111,BOULEVARD VOLTAIRE,48.8528091074,2.3884776235,Plein jour,En agglomération,Intersection en Y,Normale,Deux véhicules - côté,4,2,5,1,1,3,1,-1,5,30,2,2,1,0,0,1,56.0,24.0,voiture,deux_roues,1,2,4,1,3
202200003827,2022-04-30 20:05:00,2022,4,30,20,5,33,33063,Rue du Jardin Public,44.8602469329,-0.5706335305,Plein jour,En agglomération,Intersection en X,Normale,Deux véhicules - côté,4,2,2,0,1,1,1,0,1,50,2,2,1,0,0,1,48.0,,voiture,voiture,1,2,2,1,3
202200003828,2022-06-03 00:15:00,2022,6,3,0,15,34,34172,BLUM (RUE LEON),43.60899,3.89071,Nuit avec éclairage allumé,En agglomération,Intersection en X,Normale,Deux véhicules - côté,4,1,3,1,1,1,1,0,1,50,2,5,1,0,1,3,21.0,27.0,voiture,voiture,5,2,2,1,3
202200003829,2022-12-30 19:15:00,2022,12,30,19,15,13,13005,Camp Major,43.2869676424,5.5330244448,Nuit avec éclairage allumé,En agglomération,Hors intersection,Normale,Deux véhicules - côté,3,2,2,0,1,1,1,0,1,50,2,2,0,0,0,2,19.0,41.0,voiture,utilitaire_camion,5,2,1,1,3
202200003830,2022-03-22 14:25:00,2022,3,22,14,25,75,75110,RUE LA FAYETTE,48.878534,2.35406,Plein jour,En agglomération,Intersection à plus de 4 branches,Normale,Deux véhicules - arrière,4,2,4,0,2,1,1,0,1,30,2,2,1,0,0,1,32.0,38.0,deux_roues,voiture,1,2,5,1,2
202200003831,2022-04-30 17:30:00,2022,4,30,17,30,33,33550,Route de Toulouse,44.7820531252,-0.5660732388,Plein jour,En agglomération,Hors intersection,Normale,Deux véhicules - arrière,4,3,4,3,1,1,1,0,1,50,2,2,1,0,0,1,39.0,51.0,deux_roues,voiture,1,2,1,1,2
202200003832,2022-06-04 03:00:00,2022,6,4,3,0,33,33063,Cours d’Alsace et Lorraine,44.83755,-0.57379,Nuit avec éclairage allumé,En agglomération,Intersection en X,Normale,Deux véhicules - côté,4,1,1,3,1,1,1,0,1,30,2,4,3,0,0,1,19.0,31.0,voiture,deux_roues,5,2,2,1,3
202200003833,2022-12-21 06:55:00,2022,12,21,6,55,01,01445,Route de Strasbourg,46.345291,5.320559,Nuit avec éclairage allumé,En agglomération,Hors intersection,Pluie légère,Autre collision,3,2,2,0,1,1,2,0,1,50,1,2,1,0,0,1,23.0,,voiture,,5,2,1,2,6
202200003834,2022-03-22 19:30:00,2022,3,22,19,30,75,75108,AVENUE GEORGE V,48.871022,2.300899,Nuit avec éclairage allumé,En agglomération,Intersection en X,Normale,Autre collision,4,2,4,0,1,1,1,0,1,30,1,2,1,0,0,1,43.0,,deux_roues,,5,2,2,1,6
202200003835,2022-12-29 15:20:00,2022,12,29,15,20,987,98722,RT2 PK 32.100 à MAHAENA,-17.592,-149.391,Plein jour,En agglomération,Hors intersection,Normale,Autre collision,2,2,2,0,1,2,1,0,3,40,1,1,0,0,1,0,25.0,,deux_roues,,1,2,1,1,6
202200003836,2022-06-03 08:50:00,2022,6,3,8,50,33,33032,Quai Alfred de Vial,44.90573,-0.53523,Plein jour,Hors agglomération,Hors intersection,Normale,Deux véhicules - arrière,4,2,2,0,1,2,1,0,1,50,2,2,1,0,0,1,56.0,49.0,utilitaire_camion,deux_roues,1,1,1,1,2
202200003837,2022-03-21 21:10:00,2022,3,21,21,10,75,75103,RUE AUX OURS,48.863042,2.352422,Nuit avec éclairage allumé,En agglomération,Intersection en X,Normale,Autre collision,4,2,2,0,1,1,1,0,1,30,1,1,0,0,0,1,27.0,,deux_roues,,5,2,2,1,6
202200003838,2022-04-29 13:20:00,2022,4,29,13,20,29,29232,Rue du Cosquer,48.001261,-4.110935,Plein jour,En agglomération,Giratoire,Normale,Deux véhicules - côté,4,2,2,0,1,1,1,5,1,50,2,2,1,0,0,1,7.0,57.0,deux_roues,voiture,1,2,6,1,3
202200003839,2022-03-22 15:50:00,2022,3,22,15,50,94,94037,141 Avenue Paul Vaillant-Couturier,48.81673,2.33386,Plein jour,En agglomération,Intersection en T,Normale,Sans collision,3,2,3,0,1,1,1,0,1,50,1,2,1,0,0,1,35.0,,voiture,,1,2,3,1,7
202200003840,2022-06-02 18:05:00,2022,6,2,18,5,33,33318,Avenue de Magonty,44.79391,-0.70187,Plein jour,En agglomération,Hors intersection,Normale,Deux véhicules - côté,4,2,2,1,1,1,1,0,1,50,2,2,1,0,1,0,4.0,19.0,deux_roues,voiture,1,2,1,1,3
202200003841,2022-04-29 16:35:00,2022,4,29,16,35,27,27375,TABARLY (VOIE ERIC),49.21415,1.18033,Plein jour,Hors agglomération,Hors intersection,Normale,Deux véhicules - arrière,3,2,2,0,1,1,1,0,1,70,2,3,2,0,0,1,48.0,37.0,utilitaire_camion,deux_roues,1,1,1,1,2
202200003842,2022-03-22 15:00:00,2022,3,22,15,0,94,94038,39 Rue Paul Hochart,48.77594,2.35759,Plein jour,En agglomération,Autre intersection,Normale,Autre collision,4,2,2,0,1,1,1,0,1,50,2,2,1,0,0,1,37.0,60.0,deux_roues,voiture,1,2,9,1,6
202200003843,2022-05-01 18:22:00,2022,5,1,18,22,18,18033,Avenue d'Orléans,47.087,2.38744,Plein jour,En agglomération,Hors intersection,Temps éblouissant,Autre collision,4,2,1,0,1,1,1,0,1,50,1,2,1,0,1,0,70.0,,voiture,,1,2,1,7,6
202200003844,2022-12-29 20:03:00,2022,12,29,20,3,87,87085,AUTOROUTE A20,45.85876,1.28418,Nuit sans éclairage public,Hors agglomération,Hors intersection,Pluie légère,Deux véhicules - arrière,1,1,1,0,2,3,2,0,1,70,2,2,1,1,0,0,41.0,80.0,utilitaire_camion,voiture,3,1,1,2,2
202200003845,2022-06-01 19:40:00,2022,6,1,19,40,33,33550,Route de Toulouse,44.7786952934,-0.5663435571,Plein jour,En agglomération,Intersection en X,Normale,Deux véhicules - côté,1,1,1,0,2,3,1,3,1,50,2,2,1,0,0,1,32.0,45.0,voiture,transport_commun,1,2,2,1,3
202200003846,2022-12-18 04:20:00,2022,12,18,4,20,60,60382,D 202,49.44394,2.79433,Nuit sans éclairage public,Hors agglomération,Hors intersection,Normale,Sans collision,3,2,2,0,1,1,1,0,3,80,1,1,0,0,1,0,41.0,,voiture,,3,1,1,1,7
202200003847,2022-03-22 15:20:00,2022,3,22,15,20,94,94028,Avenue Laferrière / Allee Maurice Angot,48.80187,2.459,Plein jour,En agglomération,Intersection en X,Normale,Sans collision,4,2,2,0,1,1,1,0,1,50,1,1,0,0,0,1,64.0,,deux_roues,,1,2,2,1,7
202200003848,2022-06-04 18:15:00,2022,6,4,18,15,33,33009,MESTREZAT (BD),44.65471,-1.14644,Plein jour,En agglomération,Hors intersection,Normale,Sans collision,4,2,2,0,1,1,1,9,1,50,1,1,0,0,0,1,35.0,,deux_roues,,1,2,1,1,7
202200003849,2022-12-11 02:50:00,2022,12,11,2,50,59,59527,SANGNIER MARC AVENUE,50.6602,3.04312,Nuit avec éclairage allumé,En agglomération,Hors intersection,Normale,Autre collision,4,2,2,0,1,1,1,0,3,30,1,2,1,0,0,1,19.0,,voiture,,5,2,1,1,6
202200003850,2022-04-30 17:14:00,2022,4,30,17,14,18,18033,Chaussée de Chappe,47.09161,2.42205,Plein jour,En agglomération,Giratoire,Normale,Deux véhicules - côté,4,2,2,2,1,3,1,5,1,50,2,4,3,0,0,1,19.0,32.0,autre,voiture,1,2,6,1,3
202200003851,2022-03-21 17:45:00,2022,3,21,17,45,94,94028,Rue Madeleine Pingot,48.7836271247,2.4646558501,Plein jour,En agglomération,Hors intersection,Normale,Autre collision,4,4,1,0,1,1,1,9,1,20,1,2,1,0,0,1,,,voiture,,1,2,1,1,6
202200003852,2022-06-02 01:35:00,2022,6,2,1,35,33,33529,CAZAUX (BD DE),44.54856,-1.15753,Nuit sans éclairage public,Hors agglomération,Giratoire,Pluie légère,Autre collision,3,2,4,0,1,1,2,9,1,70,1,1,0,0,1,0,58.0,,deux_roues,,3,1,6,2,6
202200003853,2022-11-01 21:26:00,2022,11,1,21,26,94,94081,JULES GUESDE (QU),48.79471,2.41803,Crépuscule ou aube,En agglomération,Intersection en X,Normale,Deux véhicules - côté,3,1,1,0,1,1,2,0,1,50,2,3,1,0,0,2,27.0,55.0,voiture,voiture,2,2,2,1,3
202200003854,2022-05-01 17:15:00,2022,5,1,17,15,13,13203,LOUBON (RUE),43.3112543993,5.3780662273,Plein jour,En agglomération,Intersection en X,Normale,Sans collision,4,2,2,0,1,1,1,0,1,50,1,2,1,0,0,1,41.0,,voiture,,1,2,2,1,7
202200003855,2022-03-21 13:15:00,2022,3,21,13,15,94,94028,Route de Choisy / Rue de la Porte des Champs,48.78773,2.45064,Plein jour,En agglomération,Intersection en X,Normale,Deux véhicules - côté,3,3,6,3,1,1,1,9,6,50,2,2,1,0,0,1,56.0,42.0,transport_commun,voiture,1,2,2,1,3
202200003856,2022-06-03 17:30:00,2022,6,3,17,30,31,31555,AV DES MAZADES,43.62263,1.44222,Plein jour,En agglomération,Hors intersection,Normale,Autre collision,4,2,2,0,1,1,1,6,1,50,1,2,1,0,1,0,42.0,,voiture,,1,2,1,1,6
202200003857,2022-12-24 18:16:00,2022,12,24,18,16,82,82156,Route de Lavit,44.003095,0.989285,Nuit sans éclairage public,Hors agglomération,Hors intersection,Brouillard / fumée,Deux véhicules - arrière,3,2,2,0,1,1,2,0,1,80,2,2,1,0,1,0,49.0,60.0,voiture,deux_roues,3,1,1,5,2
202200003858,2022-04-26 12:24:00,2022,4,26,12,24,13,13005,MANOUCHIAN (AVENUE),43.2865440958,5.5484905518,Plein jour,En agglomération,Hors intersection,Normale,Deux véhicules - côté,4,2,2,0,1,1,1,0,1,50,2,2,1,0,0,1,35.0,33.0,voiture,deux_roues,1,2,1,1,3
202200003859,2022-12-30 16:40:00,2022,12,30,16,40,29,29216,Chemin de Kergorentin,47.997733,-4.210049,Crépuscule ou aube,Hors agglomération,Hors intersection,Pluie forte,Sans collision,4,2,1,0,1,1,4,0,1,50,1,1,0,0,0,1,49.0,,deux_roues,,2,1,1,3,7
202200003860,2022-06-03 07:20:00,2022,6,3,7,20,31,31555,AV DU GENERAL EISENHOWER,43.55838,1.4012,Plein jour,Hors agglomération,Hors intersection,Normale,Autre collision,7,2,5,0,1,1,1,0,1,50,1,2,1,0,1,0,54.0,,voiture,,1,1,1,1,6
202200003861,2022-03-22 20:00:00,2022,3,22,20,0,94,94022,Avenue Anatole France,48.76005,2.41193,Nuit avec éclairage allumé,En agglomération,Hors intersection,Normale,Deux véhicules - côté,4,2,2,0,1,1,1,0,1,50,2,2,1,0,0,1,53.0,27.0,deux_roues,deux_roues,5,2,1,1,3
202200003862,2022-05-02 01:15:00,2022,5,2,1,15,06,06088,CANTA GALET (RTE DE),43.70756,7.220178,Nuit avec éclairage allumé,En agglomération,Hors intersection,Pluie légère,Autre collision,4,2,2,0,2,1,2,0,1,50,1,4,1,0,2,1,21.0,,voiture,,5,2,1,2,6
202200003863,2022-12-25 15:15:00,2022,12,25,15,15,69,69266,Boulevard Périphérique Laurent Bonnevay,45.75592,4.90866,Plein jour,Hors agglomération,Hors intersection,Normale,Deux véhicules - arrière,7,3,8,0,1,1,1,0,1,70,2,4,3,0,0,1,22.0,,voiture,voiture,1,1,1,1,2
202200003864,2022-06-02 20:50:00,2022,6,2,20,50,31,31555,RUE HENRI DESBALS,43.5824607768,1.4143529534,Plein jour,En agglomération,Intersection en T,Normale,Deux véhicules - côté,4,2,2,0,1,1,1,0,1,30,2,2,1,0,1,0,22.0,18.0,voiture,deux_roues,1,2,3,1,3
202200003865,2022-03-19 12:35:00,2022,3,19,12,35,94,94019,Avenue de l’Hippodrome,48.79528,2.56239,Plein jour,En agglomération,Hors intersection,Normale,Trois véhicules et plus - collisions multiples,3,3,2,1,1,1,1,0,1,50,3,4,2,0,0,2,42.0,38.0,utilitaire_camion,voiture,1,2,1,1,5
202200003866,2022-06-02 10:20:00,2022,6,2,10,20,31,31483,PASTEUR (BOULEVARD),43.10841,0.72078,Plein jour,En agglomération,Hors intersection,Normale,Autre collision,3,1,2,0,1,2,1,9,1,30,1,2,1,0,1,0,55.0,,utilitaire_camion,,1,2,1,1,6
202200003867,2022-09-24 13:15:00,2022,9,24,13,15,73,73011,BERGES (RUE ARISTIDE),45.6582915653,6.371607954,Plein jour,En agglomération,Hors intersection,Temps couvert,Autre collision,4,2,2,0,1,1,1,0,3,50,2,5,2,0,0,3,18.0,19.0,voiture,voiture,1,2,1,8,6
202200003868,2022-04-30 15:40:00,2022,4,30,15,40,01,01053,boulevard john kennedy,46.2035881777,5.2424633503,Plein jour,En agglomération,Intersection en X,Normale,Trois véhicules et plus - collisions multiples,3,2,4,1,1,1,1,0,1,50,3,3,0,0,0,3,69.0,54.0,voiture,voiture,1,2,2,1,5
202200003869,2022-03-22 10:00:00,2022,3,22,10,0,93,93049,Boulevard Galliéni,48.85312,2.51438,Plein jour,En agglomération,Hors intersection,Normale,Autre collision,3,3,6,3,1,1,1,2,1,50,1,2,1,0,0,1,,,voiture,,1,2,1,1,6
202200003870,2022-07-29 00:01:00,2022,7,29,0,1,73,73011,D990 - TOURS (ROUTE DE),45.6687706848,6.4014649987,Nuit avec éclairage non allumé,En agglomération,Hors intersection,Normale,Deux véhicules - frontale,3,2,2,2,1,3,1,0,1,50,2,3,1,0,1,1,28.0,14.0,voiture,deux_roues,4,2,1,1,1
202200003871,2022-03-22 20:00:00,2022,3,22,20,0,93,93029,Avenue Pasteur / Rue Dominique Roberty,48.9344423334,2.4529954791,Nuit avec éclairage allumé,En agglomération,Intersection en X,Normale,Autre collision,4,1,1,0,1,1,1,0,1,50,1,2,1,0,0,1,48.0,,voiture,,5,2,2,1,6
202200003872,2022-05-01 18:40:00,2022,5,1,18,40,75,75118,BD PERIPHERIQUE INTERIEUR,48.9006169404,2.3317149368,Plein jour,En agglomération,Hors intersection,Normale,Deux véhicules - arrière,4,1,4,0,1,1,1,0,1,70,2,3,2,0,0,1,39.0,26.0,voiture,voiture,1,2,1,1,2
202200003873,2022-08-28 04:10:00,2022,8,28,4,10,70,70388,RD13,47.61707,6.13398,Nuit avec éclairage allumé,En agglomération,Giratoire,Normale,Autre collision,3,1,1,0,1,3,1,5,4,50,1,2,1,0,1,0,17.0,,voiture,,5,2,6,1,6
202200003874,2022-04-20 18:25:00,2022,4,20,18,25,30,30189,Avenue du Maréchal Juin,43.8187,4.3422,Plein jour,En agglomération,Hors intersection,Pluie forte,Sans collision,4,2,3,0,1,1,2,9,4,10,2,3,2,1,0,0,50.0,12.0,voiture,deux_roues,1,2,1,3,7
202200003875,2022-10-31 16:50:00,2022,10,31,16,50,38,38063,D73,45.424239,5.427911,Plein jour,Hors agglomération,Autre intersection,Normale,Deux véhicules - frontale,3,2,2,0,2,4,1,0,1,80,2,2,1,0,1,0,44.0,48.0,deux_roues,voiture,1,1,9,1,1
202200003876,2022-03-22 11:00:00,2022,3,22,11,0,93,93057,Avenue Aristide Briand / Boulevard Roy,48.911157,2.516776,Plein jour,En agglomération,Intersection à plus de 4 branches,Normale,Deux véhicules - côté,3,3,4,0,1,1,1,0,1,50,2,2,1,0,0,1,33.0,80.0,deux_roues,voiture,1,2,5,1,3
202200003877,2022-10-31 15:25:00,2022,10,31,15,25,38,38442,Route du Col du Coq,45.2988,5.809793,Plein jour,Hors agglomération,Hors intersection,Normale,Sans collision,4,2,1,0,2,1,1,0,1,50,1,1,0,1,0,0,62.0,,deux_roues,,1,1,1,1,7
202200003878,2022-03-22 07:00:00,2022,3,22,7,0,92,92046,GABRIEL PERI,48.8192463407,2.296922028,Plein jour,En agglomération,Hors intersection,Normale,Deux véhicules - côté,3,2,2,2,1,1,1,0,1,50,2,2,1,0,0,1,57.0,34.0,deux_roues,voiture,1,2,1,1,3