accident_id,datetime,annee,mois,jour,heure,minute,departement,commune_insee,adresse,latitude,longitude,luminosite,agglomeration,intersection,meteo,collision,catr,circ,nbv,vosp,prof,plan,surf,infra,situ,vma,nb_vehicules,nb_usagers,nb_indemnes,nb_tues,nb_blesses_hosp,nb_blesses_legers,age_cond_1,age_cond_2,veh_type_cond_1,veh_type_cond_2,lum_code,agg_code,int_code,atm_code,col_code
202200004336,2022-09-15 10:40:00,2022,9,15,10,40,13,13103,RUE MASSENET,43.64043,5.09513,Plein jour,En agglomération,Hors intersection,Normale,Autre collision,4,1,1,2,1,1,1,0,1,30,1,2,1,0,0,1,37.0,,voiture,,1,2,1,1,6
202200004337,2022-10-17 05:49:00,2022,10,17,5,49,42,42207,Route de la Varizelle,45.45961,4.48492,Nuit avec éclairage allumé,En agglomération,Hors intersection,Normale,Autre collision,7,2,2,0,1,2,1,0,3,50,1,3,0,1,2,0,27.0,,voiture,,5,2,1,1,6
202200004338,2022-09-15 19:25:00,2022,9,15,19,25,13,13215,SAINT ANTOINE (AVENUE DE),43.37071,5.3562,Crépuscule ou aube,En agglomération,Hors intersection,Normale,Autre collision,4,2,2,0,1,1,1,0,1,50,1,2,1,0,0,1,,,voiture,,2,2,1,1,6
202200004339,2022-09-15 14:00:00,2022,9,15,14,0,13,13208,MONTREDON (AVENUE DE),43.2422422621,5.3691502915,Plein jour,En agglomération,Hors intersection,Normale,Trois véhicules et plus - collisions multiples,4,1,2,0,1,1,1,0,1,50,1,1,0,0,1,0,17.0,,deux_roues,,1,2,1,1,5
202200004340,2022-09-14 15:00:00,2022,9,14,15,0,13,13208,BONNEVEINE (AVENUE),43.254359738,5.37932947,Plein jour,En agglomération,Hors intersection,Normale,Deux véhicules - côté,4,2,4,1,1,1,1,0,5,50,2,2,1,0,0,1,33.0,58.0,utilitaire_camion,deux_roues,1,2,1,1,3
202200004341,2022-10-16 22:58:00,2022,10,16,22,58,37,37195,MONTILS (RUE DES),47.37906,0.64382,Nuit avec éclairage allumé,En agglomération,Intersection en X,Normale,Deux véhicules - côté,4,2,2,0,2,1,1,5,1,30,2,4,1,0,0,3,37.0,41.0,utilitaire_camion,voiture,5,2,2,1,3
202200004342,2022-09-14 16:40:00,2022,9,14,16,40,13,13070,VOLTAIRE (BOULEVARD),43.2817401367,5.5137956142,Plein jour,En agglomération,Autre intersection,Normale,Autre collision,3,2,3,0,1,1,1,0,1,50,2,2,1,0,0,1,24.0,44.0,deux_roues,voiture,1,2,9,1,6
202200004343,2022-10-17 16:50:00,2022,10,17,16,50,35,35281,NANTES (RUE DE),48.08864,-1.6937,Plein jour,En agglomération,Hors intersection,Normale,Autre collision,4,2,3,0,1,1,1,0,1,50,1,2,1,0,0,1,38.0,,voiture,,1,2,1,1,6
202200004344,2022-09-14 21:00:00,2022,9,14,21,0,10,10387,VOULDY (CHAUSSEE DU),48.29361,4.08371,Nuit avec éclairage allumé,En agglomération,Hors intersection,Temps couvert,Deux véhicules - frontale,4,2,2,0,1,1,1,0,8,50,1,2,1,0,0,1,40.0,,voiture,,5,2,1,8,1
202200004345,2022-10-17 08:00:00,2022,10,17,8,0,35,35238,PARIS (RUE DE),48.11231,-1.66915,Crépuscule ou aube,En agglomération,Hors intersection,Temps couvert,Autre collision,4,2,2,0,1,1,2,0,4,30,1,2,0,0,0,2,53.0,,voiture,,2,2,1,8,6
202200004346,2022-09-14 07:10:00,2022,9,14,7,10,10,10387,VOULDY (CHAUSSEE DU),48.28526,4.09867,Plein jour,En agglomération,Hors intersection,Normale,Deux véhicules - frontale,4,2,2,0,1,1,2,9,1,50,2,2,1,0,0,1,21.0,19.0,utilitaire_camion,voiture,1,2,1,1,1
202200004347,2022-10-13 07:00:00,2022,10,13,7,0,35,35115,GROSLAY (BD DE JUSQU'AU N°23),48.348,-1.18267,Nuit avec éclairage allumé,En agglomération,Hors intersection,Normale,Autre collision,4,2,2,0,1,1,1,0,1,50,1,2,1,0,1,0,49.0,,voiture,,5,2,1,1,6
202200004348,2022-09-15 17:25:00,2022,9,15,17,25,06,06088,DUNANT (AV. HENRI),43.72364,7.26606,Plein jour,En agglomération,Intersection en T,Normale,Deux véhicules - arrière,4,2,2,0,2,2,1,0,1,30,2,2,1,0,0,1,89.0,16.0,voiture,deux_roues,1,2,3,1,2
202200004349,2022-10-17 11:10:00,2022,10,17,11,10,31,31555,AV DE GRANDE BRETAGNE,43.60768,1.39798,Plein jour,En agglomération,Hors intersection,Normale,Deux véhicules - côté,4,2,4,1,3,1,1,0,1,50,2,2,1,0,0,1,42.0,63.0,utilitaire_camion,deux_roues,1,2,1,1,3
202200004350,2022-09-15 17:39:00,2022,9,15,17,39,06,06088,LYAUTEY (AV. DU MAL),43.70704,7.2816,Plein jour,En agglomération,Hors intersection,Normale,Deux véhicules - frontale,4,1,3,1,1,1,1,1,1,50,1,2,1,0,1,0,32.0,,utilitaire_camion,,1,2,1,1,1
202200004351,2022-10-17 17:10:00,2022,10,17,17,10,26,26058,GAY-LUSSAC RUE,44.941056,4.893688,Plein jour,En agglomération,Giratoire,Normale,Deux véhicules - côté,4,2,2,0,1,1,1,0,1,50,2,2,1,0,0,1,63.0,30.0,deux_roues,voiture,1,2,6,1,3
202200004352,2022-09-15 16:20:00,2022,9,15,16,20,06,06088,CALIFORNIE (AV.) (JUSQU'AU N° 21-24),43.69052,7.24295,Plein jour,En agglomération,Passage à niveau,Normale,Autre collision,4,1,0,3,1,1,1,4,6,50,1,3,2,0,1,0,33.0,,transport_commun,,1,2,8,1,6
202200004353,2022-10-17 09:30:00,2022,10,17,9,30,25,25056,RN 1057 (BD CHURCHIL-ROUTE DE GRAY),47.245138,5.996244,Plein jour,En agglomération,Giratoire,Normale,Deux véhicules - côté,3,1,2,0,1,2,1,5,1,50,2,2,1,0,0,1,30.0,31.0,deux_roues,utilitaire_camion,1,2,6,1,3
202200004354,2022-09-15 16:05:00,2022,9,15,16,5,06,06088,CALIFORNIE (AV.) (DU 23-25 AU 199-210),43.682994,7.232837,Plein jour,En agglomération,Autre intersection,Normale,Autre collision,4,1,1,0,1,1,1,0,1,50,1,2,1,0,0,1,81.0,,voiture,,1,2,9,1,6
202200004355,2022-10-12 12:20:00,2022,10,12,12,20,21,21231,BERANGER (RUE),47.340416,5.049428,Plein jour,En agglomération,Intersection en X,Normale,Deux véhicules - côté,4,2,2,0,1,1,1,0,1,50,2,2,1,0,1,0,28.0,46.0,voiture,deux_roues,1,2,2,1,3
202200004356,2022-09-15 13:27:00,2022,9,15,13,27,06,06088,ESTIENNE -D'ORVES (AV. D'),43.70014,7.24991,Plein jour,En agglomération,Hors intersection,Normale,Deux véhicules - frontale,4,2,2,0,2,1,1,0,1,50,2,2,1,0,0,1,17.0,19.0,deux_roues,voiture,1,2,1,1,1
202200004357,2022-09-15 12:30:00,2022,9,15,12,30,06,06029,ALSACE ( BOULEVARD D'),43.55408,7.02421,Plein jour,En agglomération,Hors intersection,Normale,Deux véhicules - côté,6,-1,0,0,1,1,1,0,8,20,2,2,1,0,0,1,41.0,41.0,deux_roues,voiture,1,2,1,1,3
202200004358,2022-10-12 06:10:00,2022,10,12,6,10,21,21231,VICTOR HUGO (AVENUE),47.326578,5.029532,Nuit avec éclairage non allumé,En agglomération,Intersection en T,Normale,Deux véhicules - côté,4,2,2,0,1,1,1,0,1,50,2,2,1,0,1,0,43.0,38.0,deux_roues,voiture,4,2,3,1,3
202200004359,2022-09-09 10:30:00,2022,9,9,10,30,05,05061,EMILE DIDIER ( AV ),44.5673094171,6.0971009731,Plein jour,En agglomération,Hors intersection,Temps couvert,Deux véhicules - arrière,2,2,2,0,1,1,1,0,1,50,2,3,2,0,0,1,24.0,23.0,voiture,voiture,1,2,1,8,2
202200004360,2022-10-17 19:52:00,2022,10,17,19,52,13,13210,CAPELETTE (AVENUE DE LA),43.28033,5.40816,Crépuscule ou aube,En agglomération,Hors intersection,Normale,Autre collision,4,2,2,0,1,1,1,0,1,50,1,2,1,0,1,0,,,autre,,2,2,1,1,6
202200004361,2022-09-13 23:48:00,2022,9,13,23,48,75,75113,BD PERIPHERIQUE EXTERIEUR,48.81688,2.348326,Nuit avec éclairage allumé,En agglomération,Hors intersection,Normale,Sans collision,4,1,4,0,2,1,1,0,1,70,2,2,1,0,0,1,24.0,,deux_roues,voiture,5,2,1,1,7
202200004362,2022-10-17 12:56:00,2022,10,17,12,56,13,13028,TRAMONTANE (AVENUE DE LA ),43.20479,5.6036,Plein jour,En agglomération,Intersection en T,Normale,Deux véhicules - côté,4,2,2,0,1,1,1,0,1,30,2,2,1,1,0,0,69.0,24.0,deux_roues,voiture,1,2,3,1,3
202200004363,2022-09-15 18:00:00,2022,9,15,18,0,75,75118,RUE CAULAINCOURT,48.889615,2.338502,Plein jour,En agglomération,Intersection en T,Normale,Autre collision,4,2,2,0,1,1,1,0,1,30,1,1,0,0,0,1,34.0,,deux_roues,,1,2,3,1,6
202200004364,2022-09-15 11:10:00,2022,9,15,11,10,75,75118,BOULEVARD NEY,48.897668,2.331619,Plein jour,En agglomération,Hors intersection,Normale,Deux véhicules - côté,4,3,6,1,1,1,1,-1,5,30,2,2,0,0,0,2,28.0,57.0,deux_roues,deux_roues,1,2,1,1,3
202200004365,2022-10-13 10:10:00,2022,10,13,10,10,11,11262,16 Boulevard Frederic Mistral,43.1859,3.0016,Plein jour,En agglomération,Hors intersection,Normale,Trois véhicules et plus - collisions multiples,4,-1,2,0,1,1,1,0,1,50,3,4,2,0,0,2,49.0,45.0,voiture,voiture,1,2,1,1,5
202200004366,2022-09-14 10:00:00,2022,9,14,10,0,75,75118,BOULEVARD BARBES,48.888353,2.349599,Plein jour,En agglomération,Intersection en X,Pluie légère,Autre collision,4,2,6,1,1,1,2,-1,5,30,1,2,1,0,0,1,22.0,,deux_roues,,1,2,2,2,6
202200004367,2022-09-14 08:00:00,2022,9,14,8,0,75,75108,PLACE CHARLES DE GAULLE,48.874326,2.295439,Plein jour,En agglomération,Place,Pluie légère,Deux véhicules - côté,4,1,8,0,1,1,2,0,1,30,2,2,1,0,0,1,60.0,21.0,voiture,deux_roues,1,2,7,2,3
202200004368,2022-10-17 15:10:00,2022,10,17,15,10,06,06069,AURIBEAU (ROUTE D') -D609-,43.63831,6.911,Plein jour,En agglomération,Intersection en T,Normale,Deux véhicules - côté,3,2,2,0,1,2,1,0,1,50,2,3,2,0,0,1,32.0,40.0,voiture,voiture,1,2,3,1,3
202200004369,2022-09-15 08:50:00,2022,9,15,8,50,75,75116,AVENUE DU MAHATMA GANDHI,48.875854,2.262204,Plein jour,En agglomération,Intersection en X,Normale,Deux véhicules - arrière,4,2,2,0,1,1,1,0,1,50,2,2,1,0,0,1,58.0,53.0,voiture,deux_roues,1,2,2,1,2
202200004370,2022-10-16 12:30:00,2022,10,16,12,30,974,97416,ISAUTIER (RUE FRANCOIS),-21.34165,55.47247,Plein jour,En agglomération,Intersection en T,Normale,Deux véhicules - côté,4,1,1,0,1,1,1,0,1,50,2,2,1,0,1,0,36.0,27.0,transport_commun,voiture,1,2,3,1,3
202200004371,2022-09-14 11:13:00,2022,9,14,11,13,75,75116,RUE DUBAN,48.857632,2.277552,Plein jour,En agglomération,Intersection en T,Normale,Autre collision,4,2,2,0,1,1,1,0,1,50,1,2,1,0,0,1,24.0,,utilitaire_camion,,1,2,3,1,6
202200004372,2022-10-15 12:25:00,2022,10,15,12,25,971,97107,FILAOS ( RUE DES ),16.0541410106,-61.5619915724,Plein jour,En agglomération,Hors intersection,Normale,Autre collision,3,2,2,0,1,1,1,0,3,50,1,1,0,0,0,1,69.0,,voiture,,1,2,1,1,6
202200004373,2022-10-15 13:10:00,2022,10,15,13,10,91,91552,RTE DE CORBEIL,48.59547,2.26997,Plein jour,En agglomération,Hors intersection,Normale,Sans collision,3,2,2,0,2,4,1,0,4,50,1,1,0,0,0,1,48.0,,transport_commun,,1,2,1,1,7
202200004374,2022-09-15 15:10:00,2022,9,15,15,10,75,75115,AVENUE DE LA MOTTE PICQUET,48.84926,2.298197,Plein jour,En agglomération,Intersection en T,Normale,Deux véhicules - côté,4,2,2,0,1,1,1,0,1,30,2,2,1,0,0,1,59.0,40.0,deux_roues,voiture,1,2,3,1,3
202200004375,2022-09-14 11:50:00,2022,9,14,11,50,75,75115,RUE DE LA CONVENTION,48.839255,2.291966,Plein jour,En agglomération,Intersection en X,Normale,Deux véhicules - arrière,4,2,2,0,1,1,1,0,1,50,2,2,1,0,0,1,,18.0,voiture,deux_roues,1,2,2,1,2
202200004376,2022-10-16 15:00:00,2022,10,16,15,0,91,91421,RESISTANCE(AVENUE),48.69,2.47,Plein jour,Hors agglomération,Hors intersection,Normale,Trois véhicules et plus - en chaîne,3,2,2,0,1,1,1,0,1,30,3,3,2,0,0,1,29.0,36.0,voiture,transport_commun,1,1,1,1,4
202200004377,2022-09-15 17:45:00,2022,9,15,17,45,75,75113,RUE DE TOLBIAC,48.825653,2.347203,Plein jour,En agglomération,Intersection en X,Normale,Autre collision,4,2,4,0,1,1,1,0,1,50,1,2,1,1,0,0,19.0,,deux_roues,,1,2,2,1,6
202200004378,2022-10-10 18:05:00,2022,10,10,18,5,83,83061,ROND-POINT DE PROVENCE,43.427,6.756,Plein jour,En agglomération,Autre intersection,Normale,Deux véhicules - côté,4,-1,2,0,1,2,1,0,1,50,2,2,1,0,1,0,67.0,25.0,deux_roues,voiture,1,2,9,1,3
202200004379,2022-09-15 20:15:00,2022,9,15,20,15,75,75112,AVENUE DE LA PORTE DE VINCENNES,48.846684,2.413822,Nuit avec éclairage allumé,En agglomération,Intersection en X,Normale,Deux véhicules - côté,4,-1,3,0,1,3,1,0,1,30,2,2,1,0,0,1,42.0,47.0,deux_roues,deux_roues,5,2,2,1,3
202200004380,2022-09-15 19:20:00,2022,9,15,19,20,75,75110,PLACE DE LA REPUBLIQUE,48.868488,2.362945,Crépuscule ou aube,En agglomération,Place,Normale,Sans collision,4,2, -1,0,1,1,1,0,1,30,1,1,0,0,0,1,29.0,,deux_roues,,2,2,7,1,7
202200004381,2022-10-16 05:35:00,2022,10,16,5,35,77,77186,D606 / D301,48.39068,2.75483,Nuit sans éclairage public,Hors agglomération,Giratoire,Pluie légère,Autre collision,3,1,2,0,1,2,2,5,3,70,1,3,2,0,0,1,21.0,,voiture,,3,1,6,2,6
202200004382,2022-09-15 14:50:00,2022,9,15,14,50,75,75110,RUE DU FAUBOURG SAINT MARTIN,48.872621,2.357696,Plein jour,En agglomération,Intersection en T,Normale,Deux véhicules - côté,4,1,2,0,1,1,1,0,1,30,2,3,2,0,0,1,20.0,33.0,deux_roues,deux_roues,1,2,3,1,3
202200004383,2022-10-16 22:30:00,2022,10,16,22,30,76,76319,N138 - Sud 3,49.34455,1.01122,Nuit sans éclairage public,Hors agglomération,Intersection en Y,Normale,Sans collision,2,1,3,0,1,3,1,0,1,110,1,1,0,0,1,0,41.0,,voiture,,3,1,4,1,7
202200004384,2022-09-14 23:40:00,2022,9,14,23,40,75,75109,RUE SAINT LAZARE,48.876171,2.331133,Nuit avec éclairage allumé,En agglomération,Place,Normale,Deux véhicules - côté,4,2,4,3,1,1,1,-1,6,30,2,2,1,0,0,1,49.0,60.0,voiture,deux_roues,5,2,7,1,3
202200004385,2022-10-14 20:20:00,2022,10,14,20,20,76,76384,MARRECHAL LECLERC (AVENUE DU),49.51621,0.53092,Nuit avec éclairage allumé,En agglomération,Autre intersection,Pluie légère,Deux véhicules - frontale,3,2,2,0,1,1,2,9,1,50,2,4,0,0,3,1,40.0,40.0,voiture,voiture,5,2,9,2,1
202200004386,2022-09-15 00:02:00,2022,9,15,0,2,75,75109,RUE DE CHATEAUDUN,48.876056,2.337153,Nuit avec éclairage allumé,En agglomération,Intersection en X,Normale,Sans collision,4,1,1,0,1,1,1,0,1,30,1,1,0,0,1,0,50.0,,deux_roues,,5,2,2,1,7
202200004387,2022-10-16 01:40:00,2022,10,16,1,40,71,71059,MARMAGNE (ROUTE DE),46.8190394812,4.4737850045,Nuit avec éclairage allumé,Hors agglomération,Intersection en T,Normale,Deux véhicules - côté,3,2,2,0,2,1,1,0,1,70,2,2,0,0,0,2,21.0,24.0,voiture,voiture,5,1,3,1,3
202200004388,2022-09-15 18:29:00,2022,9,15,18,29,94,94003,PAUL VAILLANT COUTURIER (AV),48.79828,2.3468,Plein jour,En agglomération,Hors intersection,Normale,Autre collision,3,2,2,0,2,1,1,9,1,30,1,2,1,0,0,1,50.0,,deux_roues,,1,2,1,1,6
202200004389,2022-10-15 01:20:00,2022,10,15,1,20,69,69264,Avenue de la Plage,45.98337,4.74847,Nuit avec éclairage allumé,En agglomération,Hors intersection,Normale,Deux véhicules - frontale,4,2,2,0,1,1,2,0,1,50,2,2,1,0,1,0,18.0,18.0,voiture,voiture,5,2,1,1,1
202200004390,2022-09-15 07:35:00,2022,9,15,7,35,94,94018,Cheminement de l'Ancienne Ecluse,48.81814,2.40978,Plein jour,En agglomération,Hors intersection,Normale,Deux véhicules - côté,4,2,2,1,1,1,1,9,6,20,2,2,0,0,1,1,48.0,42.0,deux_roues,deux_roues,1,2,1,1,3
202200004391,2022-10-16 01:10:00,2022,10,16,1,10,69,69259,Route de Vienne,45.71602,4.85476,Nuit avec éclairage allumé,En agglomération,Hors intersection,Normale,Deux véhicules - arrière,7,2,5,3,1,1,1,0,1,50,2,2,1,0,0,1,49.0,,voiture,voiture,5,2,1,1,2
202200004392,2022-09-15 11:45:00,2022,9,15,11,45,94,94017,44 Rue Jean Jaurès,48.81487,2.50654,Plein jour,En agglomération,Hors intersection,Normale,Deux véhicules - côté,3,2,2,2,1,1,1,0,1,50,2,2,1,0,0,1,44.0,56.0,deux_roues,voiture,1,2,1,1,3
202200004393,2022-10-16 18:25:00,2022,10,16,18,25,69,69259,Route Départementale 95,45.6896923862,4.8859521747,Plein jour,En agglomération,Hors intersection,Normale,Deux véhicules - arrière,7,2,2,2,1,1,1,0,1,50,2,2,1,0,0,1,19.0,41.0,voiture,voiture,1,2,1,1,2
202200004394,2022-09-15 18:45:00,2022,9,15,18,45,93,93066,Rue Gabriel Péri,48.9433303107,2.356922139,Plein jour,En agglomération,Hors intersection,Normale,Autre collision,4,1,1,3,1,1,1,0,4,50,1,2,1,0,0,1,20.0,,voiture,,1,2,1,1,6
202200004395,2022-10-16 15:03:00,2022,10,16,15,3,59,59512,LEBAS (AVENUE JEAN),50.69316,3.16928,Plein jour,En agglomération,Hors intersection,Normale,Deux véhicules - côté,4,3,4,3,1,1,1,0,8,50,2,3,2,0,0,1,59.0,39.0,voiture,deux_roues,1,2,1,1,3
202200004396,2022-09-15 20:55:00,2022,9,15,20,55,93,93077,Rue Simon Guitlevitch / Boulevard André,48.8781191964,2.5249122853,Nuit avec éclairage allumé,En agglomération,Intersection en X,Normale,Deux véhicules - arrière,4,1,1,0,1,1,1,5,1,50,2,2,1,0,0,1,35.0,,utilitaire_camion,utilitaire_camion,5,2,2,1,2
202200004397,2022-10-15 15:00:00,2022,10,15,15,0,59,59467,BERLAIMONT (ROUTE DE) ,50.224615,3.829993,Plein jour,Hors agglomération,Hors intersection,Normale,Autre collision,4,2,2,0,1,1,1,0,1,90,1,1,0,0,1,0,37.0,,voiture,,1,1,1,1,6
202200004398,2022-09-14 23:45:00,2022,9,14,23,45,93,93077,Boulevard André / Avenue Aimé,48.87919,2.52403,Nuit sans éclairage public,En agglomération,Intersection à plus de 4 branches,Normale,Deux véhicules - côté,4,1,1,0,1,1,1,0,1,50,2,3,0,0,2,1,26.0,23.0,voiture,utilitaire_camion,3,2,5,1,3
202200004399,2022-10-16 12:00:00,2022,10,16,12,0,59,59009,COLBERT RUE,50.61775,3.17349,Plein jour,En agglomération,Intersection en T,Normale,Deux véhicules - côté,4,2,2,0,1,1,1,0,1,50,2,2,1,0,0,1,77.0,31.0,deux_roues,voiture,1,2,3,1,3
202200004400,2022-09-15 18:20:00,2022,9,15,18,20,93,93050,Rue Paul et Camille Thomoux / Rue du 19 Mars 1962,48.8627,2.53025,Plein jour,En agglomération,Intersection en T,Normale,Deux véhicules - frontale,3,3,4,0,1,1,1,0,1,50,2,2,1,0,0,1,47.0,37.0,deux_roues,voiture,1,2,3,1,1
202200004401,2022-10-15 19:15:00,2022,10,15,19,15,59,59122,SOLESMES (RUE DE),50.1787578244,3.2535785437,Plein jour,En agglomération,Intersection en X,Normale,Deux véhicules - côté,3,2,2,0,1,1,1,5,1,50,2,2,1,0,1,0,54.0,23.0,deux_roues,utilitaire_camion,1,2,2,1,3
202200004402,2022-09-15 09:40:00,2022,9,15,9,40,93,93048,Rue de Romainville / Rue des Hanots,48.8684001408,2.4468301316,Plein jour,En agglomération,Intersection en X,Normale,Autre collision,4,2,2,0,1,1,1,8,1,30,1,2,1,0,1,0,59.0,,voiture,,1,2,2,1,6
202200004403,2022-10-15 20:10:00,2022,10,15,20,10,54,54395,Avenue du Rhin,48.6993758461,6.1372563243,Nuit avec éclairage allumé,En agglomération,Intersection en X,Pluie légère,Deux véhicules - côté,4,2,2,0,1,1,2,0,1,50,2,2,1,0,0,1,19.0,24.0,voiture,voiture,5,2,2,2,3
202200004404,2022-09-14 23:05:00,2022,9,14,23,5,93,93031,Avenue Salvador Allende / Avenue de Lattre de Tassigny,48.95717,2.30972,Nuit avec éclairage allumé,En agglomération,Intersection en T,Normale,Deux véhicules - arrière,3,2,4,0,2,1,1,0,1,50,2,2,1,0,0,1,42.0,66.0,deux_roues,voiture,5,2,3,1,2
202200004405,2022-09-15 08:45:00,2022,9,15,8,45,93,93029,Avenue Henri Barbusse / Rue Sacco et Vanzetti,48.9218253732,2.4554775437,Plein jour,En agglomération,Intersection en T,Normale,Deux véhicules - côté,3,2,2,0,1,1,1,0,1,50,2,2,1,0,1,0,39.0,26.0,utilitaire_camion,deux_roues,1,2,3,1,3
202200004406,2022-10-16 04:18:00,2022,10,16,4,18,38,38185,JOUHAUX (RUE L.)       59 ET 60 A 100,45.17408,5.74542,Nuit avec éclairage allumé,En agglomération,Intersection en T,Normale,Deux véhicules - arrière,4,2,2,1,1,1,1,0,1,50,2,2,0,0,0,1,,21.0,autre,deux_roues,5,2,3,1,2
202200004407,2022-09-15 07:40:00,2022,9,15,7,40,93,93005,Avenue Charles de Gaulle / Rue de Bruxelles,48.93092,2.48351,Plein jour,En agglomération,Intersection en X,Normale,Deux véhicules - arrière,3,2,4,0,1,1,1,0,1,50,2,2,1,0,0,1,24.0,28.0,voiture,utilitaire_camion,1,2,2,1,2
202200004408,2022-10-16 21:30:00,2022,10,16,21,30,33,33281,Avenue de la Libération,44.851077718,-0.6446539163,Nuit avec éclairage allumé,En agglomération,Intersection en X,Normale,Deux véhicules - côté,4,2,3,2,1,1,1,5,1,50,2,5,3,0,0,2,26.0,49.0,deux_roues,voiture,5,2,2,1,3
202200004409,2022-09-15 18:25:00,2022,9,15,18,25,92,92050,ROLLAND ROMAIN RUE,48.88138,2.21734,Plein jour,En agglomération,Hors intersection,Normale,Autre collision,4,1,1,0,1,1,1,0,1,50,1,2,1,0,0,1,44.0,,voiture,,1,2,1,1,6
202200004410,2022-09-15 11:40:00,2022,9,15,11,40,92,92050,NATIONAL BOULEVARD,48.8871066427,2.1867962927,Plein jour,En agglomération,Hors intersection,Normale,Deux véhicules - côté,3,2,2,0,1,1,1,0,1,50,2,2,1,0,0,1,46.0,40.0,deux_roues,voiture,1,2,1,1,3
202200004411,2022-10-16 11:50:00,2022,10,16,11,50,33,33167,Rue Jules Guesde,44.83018,-0.52723,Plein jour,En agglomération,Intersection en X,Normale,Deux véhicules - arrière,4,2,2,0,2,1,1,0,1,30,2,2,1,0,0,1,34.0,79.0,deux_roues,voiture,1,2,2,1,2
202200004412,2022-10-16 10:37:00,2022,10,16,10,37,33,33318,Avenue Roger Chaumet,44.79897,-0.63852,Plein jour,En agglomération,Hors intersection,Normale,Deux véhicules - frontale,4,2,2,2,1,1,1,0,1,50,2,2,1,0,0,1,74.0,69.0,voiture,voiture,1,2,1,1,1
202200004413,2022-09-15 18:40:00,2022,9,15,18,40,92,92049,REPUBLIQUE AVENUE DE LA N°1 A 79,48.818071,2.319349,Plein jour,En agglomération,Hors intersection,Normale,Sans collision,4,1,2,0,1,1,1,0,1,50,1,1,0,0,0,1,47.0,,deux_roues,,1,2,1,1,7
202200004414,2022-09-15 18:15:00,2022,9,15,18,15,92,92020,DEFORGES RUE ETIENNE N° IMPAIRS,48.8059815277,2.2949546277,Plein jour,En agglomération,Hors intersection,Normale,Autre collision,4,1,1,1,1,1,1,6,8,30,1,3,2,0,0,1,53.0,,voiture,,1,2,1,1,6
202200004415,2022-10-16 08:45:00,2022,10,16,8,45,33,33192,Cours du Général de Gaulle,44.77755,-0.61042,Plein jour,En agglomération,Hors intersection,Normale,Deux véhicules - arrière,4,2,2,2,1,1,1,0,1,50,2,2,1,1,0,0,68.0,86.0,deux_roues,voiture,1,2,1,1,2
202200004416,2022-10-16 05:10:00,2022,10,16,5,10,30,30007,Quai du 11 Novembre 1918,44.13014,4.07372,Nuit avec éclairage allumé,En agglomération,Hors intersection,Autre,Deux véhicules - frontale,4,2,2,0,1,3,9,9,1,70,2,2,0,0,0,2,28.0,55.0,voiture,voiture,5,2,1,9,1
202200004417,2022-09-15 12:14:00,2022,9,15,12,14,92,92040,CAMILLE DESMOULINS,48.8285981058,2.2628464401,Plein jour,En agglomération,Hors intersection,Normale,Deux véhicules - côté,4,2,2,0,1,1,1,0,1,50,2,2,1,0,0,1,34.0,45.0,deux_roues,voiture,1,2,1,1,3
202200004418,2022-09-15 09:00:00,2022,9,15,9,0,92,92040,STALINGRAD (QUAI DE),48.8242684242,2.2566577792,Plein jour,En agglomération,Hors intersection,Normale,Sans collision,3,-1,0,1,1,1,1,0,4,50,1,1,0,0,0,1,54.0,,autre,,1,2,1,1,7
202200004419,2022-09-13 23:00:00,2022,9,13,23,0,92,92040,GARIBALDI (BOULEVARD),48.824485,2.262056,Nuit avec éclairage allumé,En agglomération,Hors intersection,Pluie légère,Deux véhicules - arrière,4,1,2,0,1,1,2,0,1,30,2,2,1,0,0,1,41.0,35.0,voiture,utilitaire_camion,5,2,1,2,2
202200004420,2022-10-15 14:55:00,2022,10,15,14,55,15,15014,Rue de Marmiesse,44.912321,2.438079,Plein jour,En agglomération,Intersection en X,Normale,Deux véhicules - côté,4,3,2,0,1,1,1,0,1,50,2,2,1,0,0,1,76.0,19.0,voiture,utilitaire_camion,1,2,2,1,3
202200004421,2022-09-15 03:43:00,2022,9,15,3,43,92,92024,BAC D'ASNIERE (RUE DU),48.90225,2.29136,Nuit avec éclairage allumé,En agglomération,Hors intersection,Normale,Autre collision,4,2,2,0,1,1,1,0,1,30,1,3,1,0,0,2,,,voiture,,5,2,1,1,6
202200004422,2022-09-15 12:00:00,2022,9,15,12,0,35,35136,la Brisque,47.912423,-1.498024,Plein jour,Hors agglomération,Hors intersection,Normale,Deux véhicules - frontale,4,2,2,0,1,1,1,0,1,80,2,3,2,0,1,0,60.0,15.0,utilitaire_camion,deux_roues,1,1,1,1,1
202200004423,2022-09-16 11:25:00,2022,9,16,11,25,2A,2A272,RT 40,41.631723,8.957999,Plein jour,Hors agglomération,Hors intersection,Normale,Trois véhicules et plus - collisions multiples,2,2,2,0,2,1,1,0,1,80,3,4,1,0,1,2,68.0,26.0,voiture,utilitaire_camion,1,1,1,1,5
202200004424,2022-09-15 17:10:00,2022,9,15,17,10,69,69136,Route des Esses,45.647093,4.746094,Plein jour,Hors agglomération,Hors intersection,Pluie légère,Deux véhicules - côté,3,2,2,2,2,2,2,0,1,80,2,2,1,0,0,1,38.0,42.0,utilitaire_camion,voiture,1,1,1,2,3
202200004425,2022-09-15 16:10:00,2022,9,15,16,10,41,41045,Rue du Village Neuf,47.478,1.19001,Plein jour,En agglomération,Hors intersection,Normale,Autre collision,3,2,2,0,2,2,1,0,4,50,1,1,0,0,1,0,73.0,,deux_roues,,1,2,1,1,6