accident_id,datetime,annee,mois,jour,heure,minute,departement,commune_insee,adresse,latitude,longitude,luminosite,agglomeration,intersection,meteo,collision,catr,circ,nbv,vosp,prof,plan,surf,infra,situ,vma,nb_vehicules,nb_usagers,nb_indemnes,nb_tues,nb_blesses_hosp,nb_blesses_legers,age_cond_1,age_cond_2,veh_type_cond_1,veh_type_cond_2,lum_code,agg_code,int_code,atm_code,col_code
202200004426,2022-09-16 00:15:00,2022,9,16,0,15,83,83086,Boulevard de la Libération,43.474513,6.570629,Nuit sans éclairage public,En agglomération,Hors intersection,Normale,Trois véhicules et plus - collisions multiples,3,2,2,0,1,3,1,0,1,50,3,4,1,0,2,1,19.0,84.0,voiture,voiture,3,2,1,1,5
202200004427,2022-09-16 15:12:00,2022,9,16,15,12,26,26138,Autoroute A7 PK136.8,44.377782,4.732436,Plein jour,Hors agglomération,Hors intersection,Normale,Trois véhicules et plus - collisions multiples,1,3,5,0,1,1,1,0,1,130,3,4,3,0,0,1,24.0,59.0,utilitaire_camion,voiture,1,1,1,1,5
202200004428,2022-08-28 18:30:00,2022,8,28,18,30,63,63198,CD 16,45.940616,3.008516,Plein jour,Hors agglomération,Hors intersection,Normale,Deux véhicules - côté,3,2,2,0,2,3,1,0,1,90,2,2,1,0,0,1,56.0,57.0,voiture,voiture,1,1,1,1,3
202200004429,2022-09-15 18:00:00,2022,9,15,18,0,59,59107,Rue Charles Pichon,51.068922,2.508949,Plein jour,En agglomération,Autre intersection,Normale,Autre collision,4,2,2,0,1,1,1,6,5,-1,1,2,1,0,0,1,19.0,,deux_roues,,1,2,9,1,6
202200004430,2022-09-16 12:11:00,2022,9,16,12,11,44,44195,N165,47.36942,-1.916063,Plein jour,Hors agglomération,Hors intersection,Normale,Sans collision,2,1,5,0,2,1,1,0,2,110,1,2,1,0,0,1,74.0,,voiture,,1,1,1,1,7
202200004431,2022-09-08 19:35:00,2022,9,8,19,35,35,35173,Lieu Dit la Rohanniere,48.2305286412,-1.7064401507,Plein jour,Hors agglomération,Intersection en X,Normale,Deux véhicules - arrière,3,2,2,0,1,1,1,0,1,80,2,3,2,0,0,1,53.0,19.0,voiture,voiture,1,1,2,1,2
202200004432,2022-09-16 12:30:00,2022,9,16,12,30,59,59439,24 Grand Rue D959,50.1505590754,3.7887221575,Plein jour,En agglomération,Hors intersection,Normale,Deux véhicules - frontale,3,2,2,0,1,3,1,0,1,50,2,3,0,0,3,0,28.0,57.0,voiture,voiture,1,2,1,1,1
202200004433,2022-09-15 11:00:00,2022,9,15,11,0,56,56240,Kerbot D780,47.536207,-2.741706,Plein jour,Hors agglomération,Hors intersection,Normale,Sans collision,3,3,2,0,1,1,1,0,3,90,1,1,0,0,1,0,90.0,,voiture,,1,1,1,1,7
202200004434,2022-09-16 07:30:00,2022,9,16,7,30,79,79196,,46.920622,-0.091367,Plein jour,Hors agglomération,Hors intersection,Normale,Sans collision,4,2,2,0,1,3,1,0,3,80,1,1,0,0,1,0,22.0,,voiture,,1,1,1,1,7
202200004435,2022-09-12 14:30:00,2022,9,12,14,30,2B,2B341,D143,42.225506,9.227314,Plein jour,Hors agglomération,Hors intersection,Normale,Deux véhicules - côté,3,2,2,0,1,4,1,0,1,80,2,2,1,0,1,0,75.0,68.0,voiture,deux_roues,1,1,1,1,3
202200004436,2022-09-15 07:10:00,2022,9,15,7,10,80,80173,D919,49.946991,2.362118,Crépuscule ou aube,Hors agglomération,Hors intersection,Brouillard / fumée,Deux véhicules - frontale,3,2,2,0,1,3,2,0,1,80,2,2,1,0,1,0,26.0,19.0,utilitaire_camion,voiture,2,1,1,5,1
202200004437,2022-09-16 14:00:00,2022,9,16,14,0,33,33011,avenue de bordeaux,44.769253,-1.128287,Plein jour,En agglomération,Intersection en T,Normale,Autre collision,3,2,2,1,1,1,1,5,1,50,1,3,1,1,0,1,52.0,,voiture,,1,2,3,1,6
202200004438,2022-09-15 12:40:00,2022,9,15,12,40,11,11072,,43.184902,1.996422,Plein jour,Hors agglomération,Hors intersection,Normale,Sans collision,3,2,2,0,1,3,1,0,1,80,1,2,1,0,1,0,27.0,,voiture,,1,1,1,1,7
202200004439,2022-09-15 21:45:00,2022,9,15,21,45,55,55317,D904,49.110565,5.60476,Nuit sans éclairage public,Hors agglomération,Hors intersection,Normale,Deux véhicules - frontale,3,2,2,0,1,1,1,0,1,90,2,4,3,0,1,0,22.0,59.0,voiture,voiture,3,1,1,1,1
202200004440,2022-08-25 13:00:00,2022,8,25,13,0,34,34261,avenue St Benoit d'Aniane,43.732232,3.553578,Plein jour,En agglomération,Hors intersection,Normale,Deux véhicules - côté,3,2,2,0,1,1,1,0,1,50,2,2,1,0,0,1,54.0,81.0,deux_roues,voiture,1,2,1,1,3
202200004441,2022-09-16 07:30:00,2022,9,16,7,30,25,25434,Route de Besançon,47.105971,6.129835,Plein jour,En agglomération,Hors intersection,Normale,Deux véhicules - frontale,3,2,2,0,3,1,1,0,1,50,2,3,1,0,0,2,45.0,19.0,utilitaire_camion,voiture,1,2,1,1,1
202200004442,2022-09-16 06:40:00,2022,9,16,6,40,25,25410,route nationale N57 PR 19+685,47.218038,6.067843,Crépuscule ou aube,Hors agglomération,Hors intersection,Normale,Trois véhicules et plus - collisions multiples,2,2,2,0,1,1,1,0,1,70,3,3,0,0,1,2,35.0,32.0,voiture,utilitaire_camion,2,1,1,1,5
202200004443,2022-09-11 16:00:00,2022,9,11,16,0,84,84089,Avenue de Malespine (vc 11),43.680994,5.511864,Plein jour,Hors agglomération,Hors intersection,Normale,Sans collision,4,2,2,0,1,1,1,0,1,50,1,1,0,0,1,0,29.0,,deux_roues,,1,1,1,1,7
202200004444,2022-09-16 15:50:00,2022,9,16,15,50,72,72034,lieu dit boisdeffre,48.370377,0.069035,Plein jour,Hors agglomération,Hors intersection,Normale,Autre collision,4,2,1,0,2,2,1,0,3,80,1,2,0,0,1,1,25.0,,voiture,,1,1,1,1,6
202200004445,2022-09-14 18:25:00,2022,9,14,18,25,06,06059,1289 Moyenne Corniche,43.725049,7.34774,Plein jour,Hors agglomération,Hors intersection,Temps couvert,Autre collision,7,3,2,0,2,3,2,5,1,70,2,2,0,0,1,1,32.0,44.0,utilitaire_camion,voiture,1,1,1,8,6
202200004446,2022-07-05 17:20:00,2022,7,5,17,20,57,57038,D616,49.475786,5.950416,Plein jour,Hors agglomération,Hors intersection,Normale,Trois véhicules et plus - collisions multiples,3,3,4,0,2,3,1,0,1,70,3,3,2,0,0,1,,22.0,voiture,voiture,1,1,1,1,5
202200004447,2022-07-01 20:40:00,2022,7,1,20,40,89,89160,Route de Serilly,48.135455,3.286335,Crépuscule ou aube,En agglomération,Hors intersection,Normale,Deux véhicules - côté,4,2,2,0,2,1,1,0,1,50,2,2,1,0,0,1,23.0,20.0,voiture,deux_roues,2,2,1,1,3
202200004448,2022-07-04 20:05:00,2022,7,4,20,5,56,56156,Plousquen,48.023924,-3.213909,Crépuscule ou aube,Hors agglomération,Autre intersection,Normale,Deux véhicules - côté,3,2,2,0,1,3,1,0,1,80,2,2,1,0,1,0,51.0,54.0,utilitaire_camion,deux_roues,2,1,9,1,3
202200004449,2022-07-05 17:30:00,2022,7,5,17,30,59,59307,Route de Bourbourg,50.8700482955,2.1993470192,Plein jour,Hors agglomération,Hors intersection,Normale,Sans collision,3,2,2,0,1,3,1,0,1,80,1,1,0,0,1,0,52.0,,voiture,,1,1,1,1,7
202200004450,2022-07-05 17:20:00,2022,7,5,17,20,76,76591,1085 Route de Gournay,49.441726,1.184065,Plein jour,En agglomération,Hors intersection,Normale,Trois véhicules et plus - en chaîne,2,2,2,0,1,1,1,0,1,50,3,3,2,0,1,0,50.0,25.0,deux_roues,voiture,1,2,1,1,4
202200004451,2022-07-04 21:10:00,2022,7,4,21,10,2B,2B283,RT 10 pk 66+500,41.876056,9.396068,Nuit sans éclairage public,Hors agglomération,Hors intersection,Normale,Deux véhicules - côté,2,2,2,0,1,1,1,0,3,80,2,2,0,1,0,1,22.0,44.0,voiture,deux_roues,3,1,1,1,3
202200004452,2022-07-05 12:40:00,2022,7,5,12,40,2B,2B043,Residence les Jardins d Erbalunga,42.776121,9.475134,Plein jour,En agglomération,Hors intersection,Normale,Autre collision,3,2,2,0,1,1,1,9,4,30,1,1,0,0,1,0,20.0,,deux_roues,,1,2,1,1,6
202200004453,2022-07-02 17:00:00,2022,7,2,17,0,69,69135,Route de Cluny,46.266677,4.543941,Plein jour,Hors agglomération,Hors intersection,Temps éblouissant,Deux véhicules - frontale,3,2,2,0,4,3,1,0,1,80,2,2,1,0,0,1,67.0,20.0,voiture,voiture,1,1,1,7,1
202200004454,2022-07-03 07:45:00,2022,7,3,7,45,63,63080,Rue de la Halle,45.5879669036,3.1290918589,Plein jour,En agglomération,Autre intersection,Normale,Autre collision,3,2,2,0,1,1,1,6,1,30,1,2,1,0,0,1,26.0,,voiture,,1,2,9,1,6
202200004455,2022-07-04 15:50:00,2022,7,4,15,50,61,61385,La Saillerie,48.799988,0.338354,Plein jour,Hors agglomération,Hors intersection,Normale,Deux véhicules - arrière,3,2,2,0,1,1,1,0,3,80,3,3,2,0,0,1,76.0,66.0,deux_roues,deux_roues,1,1,1,1,2
202200004456,2022-07-04 09:50:00,2022,7,4,9,50,68,68374,Rue Herzog,48.084735,7.313242,Plein jour,En agglomération,Hors intersection,Normale,Sans collision,6,-1, -1,0,1,1,1,9,1,30,1,2,1,0,1,0,37.0,,voiture,,1,2,1,1,7
202200004457,2022-07-01 01:00:00,2022,7,1,1,0,22,22236,La Rade,48.668579,-2.979832,Nuit sans éclairage public,Hors agglomération,Hors intersection,Normale,Autre collision,3,2,2,0,2,1,1,0,8,80,1,1,0,0,1,0,19.0,,voiture,,3,1,1,1,6
202200004458,2022-07-04 14:00:00,2022,7,4,14,0,39,39286,,46.382541,5.770657,Plein jour,Hors agglomération,Hors intersection,Normale,Autre collision,3,2,2,0,2,1,1,0,8,80,1,1,0,0,1,0,67.0,,voiture,,1,1,1,1,6
202200004459,2022-07-04 17:00:00,2022,7,4,17,0,44,44211,22 Rue du Pinker,47.350934,-2.508456,Plein jour,En agglomération,Giratoire,Normale,Deux véhicules - côté,3,2,2,0,1,1,1,0,1,50,2,2,1,1,0,0,81.0,76.0,voiture,deux_roues,1,2,6,1,3
202200004460,2022-07-05 11:20:00,2022,7,5,11,20,38,38543,Route de Sermérieu,45.66534,5.455962,Plein jour,Hors agglomération,Intersection en X,Normale,Deux véhicules - côté,3,2,2,0,1,1,1,0,1,80,2,2,0,0,2,0,34.0,60.0,utilitaire_camion,utilitaire_camion,1,1,2,1,3
202200004461,2022-06-27 17:30:00,2022,6,27,17,30,03,03126,Avenue de Saint-Yorre (Pont),46.076171,3.441773,Plein jour,Hors agglomération,Giratoire,Temps éblouissant,Sans collision,3,3,2,0,1,1,1,0,1,70,1,1,0,0,1,0,46.0,,deux_roues,,1,1,6,7,7
202200004462,2022-07-04 21:35:00,2022,7,4,21,35,15,15250,intersection D15 / D415,45.342984,2.520161,Plein jour,En agglomération,Intersection en T,Normale,Deux véhicules - frontale,3,2,2,0,1,2,1,0,1,50,2,6,5,0,0,1,38.0,48.0,voiture,voiture,1,2,3,1,1
202200004463,2022-07-05 10:20:00,2022,7,5,10,20,72,72281,D85,48.19729,0.502431,Plein jour,Hors agglomération,Hors intersection,Normale,Autre collision,3,2,2,0,1,3,1,0,1,80,1,2,1,0,0,1,16.0,,deux_roues,,1,1,1,1,6
202200004464,2022-07-04 18:53:00,2022,7,4,18,53,72,72308,Lieu Dit Houssemaine,48.4126697708,0.1402258871,Plein jour,Hors agglomération,Hors intersection,Normale,Sans collision,3,2,2,0,1,1,1,0,8,90,1,5,0,0,0,5,47.0,,voiture,,1,1,1,1,7
202200004465,2022-07-05 01:30:00,2022,7,5,1,30,72,72298,Cassepot,47.96768,0.50978,Nuit sans éclairage public,Hors agglomération,Hors intersection,Normale,Autre collision,4,2,2,0,1,2,1,0,8,80,1,2,0,0,0,2,20.0,,voiture,,3,1,1,1,6
202200004466,2022-06-27 19:30:00,2022,6,27,19,30,45,45006,D15 PK 5 + 525,47.823197,1.859467,Crépuscule ou aube,Hors agglomération,Hors intersection,Normale,Deux véhicules - côté,3,2,2,0,1,1,1,0,1,80,2,2,1,0,1,0,41.0,26.0,voiture,deux_roues,2,1,1,1,3
202200004467,2022-07-05 11:30:00,2022,7,5,11,30,10,10073,D35,48.443807,4.429271,Plein jour,Hors agglomération,Hors intersection,Normale,Autre collision,3,-1,2,0,1,3,1,2,3,80,1,1,0,0,1,0,41.0,,voiture,,1,1,1,1,6
202200004468,2022-07-05 18:47:00,2022,7,5,18,47,40,40265,D35 D11,43.989256,-0.154892,Plein jour,Hors agglomération,Intersection en X,Normale,Deux véhicules - côté,3,2,2,0,1,2,1,0,3,80,2,7,0,0,2,5,28.0,50.0,autre,voiture,1,1,2,1,3
202200004469,2022-07-04 15:45:00,2022,7,4,15,45,24,24552,D706,45.031348,1.127515,Plein jour,Hors agglomération,Hors intersection,Normale,Autre collision,3,2,2,0,1,1,1,0,3,-1,1,2,1,0,1,0,23.0,,utilitaire_camion,,1,1,1,1,6
202200004470,2022-07-02 19:00:00,2022,7,2,19,0,04,04230,RD 6 (route de Riez),43.83835,5.990859,Plein jour,En agglomération,Hors intersection,Normale,Autre collision,3,2,2,0,1,1,1,2,1,50,1,2,1,0,1,0,,,voiture,,1,2,1,1,6
202200004471,2022-07-04 17:45:00,2022,7,4,17,45,17,17241,Rue du Périgord,45.212856,-0.182294,Plein jour,En agglomération,Hors intersection,Normale,Deux véhicules - arrière,3,2,2,0,2,1,1,0,1,50,2,3,2,0,1,0,20.0,65.0,deux_roues,utilitaire_camion,1,2,1,1,2
202200004472,2022-06-30 23:00:00,2022,6,30,23,0,17,17472,rond point D9 / D10 / D20,46.252737,-1.066417,Nuit sans éclairage public,Hors agglomération,Giratoire,Normale,Sans collision,3,1,1,0,1,1,1,0,3,80,1,1,0,0,1,0,65.0,,voiture,,3,1,6,1,7
202200004473,2022-07-04 18:45:00,2022,7,4,18,45,37,37069,La Garmouziere,47.153668,1.169921,Plein jour,Hors agglomération,Intersection en X,Normale,Deux véhicules - côté,4,2,1,0,1,1,1,0,1,80,2,5,1,0,2,2,88.0,64.0,voiture,voiture,1,1,2,1,3
202200004474,2022-06-21 10:15:00,2022,6,21,10,15,13,13001,A8 pk 18.500,43.518462,5.429134,Plein jour,Hors agglomération,Hors intersection,Normale,Deux véhicules - arrière,1,1,5,0,1,1,1,0,1,90,3,4,1,0,0,3,21.0,50.0,voiture,voiture,1,1,1,1,2
202200004475,2022-07-04 21:30:00,2022,7,4,21,30,60,60631,A1 - sens PARIS/LILLE,49.149882,2.582871,Crépuscule ou aube,Hors agglomération,Hors intersection,Normale,Autre collision,1,3,3,0,1,1,1,0,1,130,1,1,0,0,0,1,68.0,,utilitaire_camion,,2,1,1,1,6
202200004476,2022-07-04 19:20:00,2022,7,4,19,20,2B,2B223,Strada Territuriale 30,42.547073,9.180622,Plein jour,Hors agglomération,Hors intersection,Normale,Deux véhicules - frontale,2,2,2,0,2,1,1,0,1,80,2,2,0,0,0,2,33.0,33.0,utilitaire_camion,voiture,1,1,1,1,1
202200004477,2022-07-05 01:36:00,2022,7,5,1,36,34,34213,D119E7,43.4790281428,3.6932578265,Nuit sans éclairage public,En agglomération,Hors intersection,Normale,Sans collision,3,2,2,0,1,1,1,0,1,50,1,1,0,0,1,0,50.0,,deux_roues,,3,2,1,1,7
202200004478,2022-07-05 08:40:00,2022,7,5,8,40,71,71176,Rue de l Arroux,46.500888,4.009833,Plein jour,En agglomération,Hors intersection,Temps éblouissant,Deux véhicules - côté,4,2,2,0,1,1,1,0,1,50,2,2,1,0,0,1,75.0,62.0,voiture,deux_roues,1,2,1,7,3
202200004479,2022-07-03 01:20:00,2022,7,3,1,20,67,67205,D37,48.688556,7.780241,Nuit sans éclairage public,Hors agglomération,Hors intersection,Normale,Deux véhicules - frontale,3,2,2,0,1,1,1,0,1,80,2,3,0,0,0,3,49.0,56.0,voiture,voiture,3,1,1,1,1
202200004480,2022-07-04 17:00:00,2022,7,4,17,0,67,67156,Croisement route de Hoerdt - rue de l'Artisanat,48.709214,7.759365,Plein jour,En agglomération,Intersection en T,Normale,Deux véhicules - arrière,3,2,2,0,1,1,1,0,1,70,2,2,1,0,0,1,14.0,56.0,deux_roues,voiture,1,2,3,1,2
202200004481,2022-07-03 19:00:00,2022,7,3,19,0,88,88142,Route d Oncourt,48.225609,6.381469,Plein jour,Hors agglomération,Hors intersection,Normale,Autre collision,3,2,2,0,1,2,9,0,8,80,1,1,0,0,1,0,48.0,,deux_roues,,1,1,1,1,6
202200004482,2022-07-04 11:26:00,2022,7,4,11,26,57,57209,Rue de Verdun,49.0667647049,6.5948923587,Plein jour,En agglomération,Hors intersection,Normale,Sans collision,4,2,2,0,1,1,1,0,1,50,1,1,0,1,0,0,67.0,,deux_roues,,1,2,1,1,7
202200004483,2022-07-04 11:30:00,2022,7,4,11,30,63,63042,D15,45.839052,3.053808,Plein jour,Hors agglomération,Hors intersection,Normale,Deux véhicules - côté,3,2,2,0,2,3,1,0,1,90,2,3,1,0,0,2,17.0,,deux_roues,voiture,1,1,1,1,3
202200004484,2022-07-05 08:15:00,2022,7,5,8,15,38,38188,chemin du villard et chemin du Platre,45.13693,5.79525,Plein jour,En agglomération,Intersection en T,Normale,Deux véhicules - côté,4,2,2,0,1,1,1,0,1,30,2,2,1,0,0,1,29.0,10.0,voiture,deux_roues,1,2,3,1,3
202200004485,2022-07-02 19:00:00,2022,7,2,19,0,26,26235,Av Mal de Lattre de Tassigny,44.386596,4.698265,Plein jour,En agglomération,Hors intersection,Normale,Deux véhicules - frontale,4,2,2,0,1,1,1,0,1,50,2,2,1,0,0,1,35.0,16.0,voiture,deux_roues,1,2,1,1,1
202200004486,2022-07-05 07:55:00,2022,7,5,7,55,01,01249,1328 Route de Strasbourg,45.8761438517,4.9110066891,Plein jour,En agglomération,Hors intersection,Normale,Trois véhicules et plus - en chaîne,3,2,2,0,1,1,1,0,1,50,3,3,1,0,0,2,,25.0,voiture,voiture,1,2,1,1,4
202200004487,2022-07-05 07:30:00,2022,7,5,7,30,01,01099,D77,45.90742,5.282552,Plein jour,Hors agglomération,Hors intersection,Normale,Autre collision,3,2,2,0,1,2,1,0,3,80,1,1,0,0,0,1,53.0,,deux_roues,,1,1,1,1,6
202200004488,2022-07-04 15:50:00,2022,7,4,15,50,69,69112,Nouvelle Route,45.81721,4.664903,Plein jour,En agglomération,Giratoire,Normale,Deux véhicules - côté,3,2,2,0,1,1,1,0,1,50,2,2,1,0,0,1,74.0,12.0,voiture,deux_roues,1,2,6,1,3
202200004489,2022-07-05 02:00:00,2022,7,5,2,0,17,17064,Route du Magarin,45.695487,-1.045053,Nuit sans éclairage public,Hors agglomération,Hors intersection,Normale,Sans collision,3,2,2,0,1,1,1,0,3,80,1,4,3,0,1,0,21.0,,voiture,,3,1,1,1,7
202200004490,2022-06-06 17:15:00,2022,6,6,17,15,33,33259,D138,44.959423,-0.333753,Plein jour,Hors agglomération,Hors intersection,Normale,Autre collision,3,2,2,0,1,4,1,0,3,80,1,2,0,0,1,1,23.0,,deux_roues,,1,1,1,1,6
202200004491,2022-07-04 17:50:00,2022,7,4,17,50,33,33165,Avenue des Bons Enfants,44.8278154549,-0.4483446479,Plein jour,En agglomération,Giratoire,Normale,Deux véhicules - côté,3,2,2,0,1,2,1,0,1,50,2,2,1,0,1,0,75.0,74.0,deux_roues,voiture,1,2,6,1,3
202200004492,2022-07-04 18:00:00,2022,7,4,18,0,49,49020,10 Rue du Landreau,47.470378,-0.620894,Plein jour,En agglomération,Autre intersection,Normale,Deux véhicules - côté,4,2,2,0,2,1,1,0,1,-1,2,2,1,0,1,0,21.0,27.0,deux_roues,deux_roues,1,2,9,1,3
202200004493,2022-07-04 20:05:00,2022,7,4,20,5,56,56146,Rue du Presbytère,48.12899,-2.983593,Plein jour,En agglomération,Hors intersection,Normale,Autre collision,4,2,2,0,1,3,1,0,3,50,1,1,0,1,0,0,59.0,,voiture,,1,2,1,1,6
202200004494,2022-07-04 10:50:00,2022,7,4,10,50,22,22155,Lieu Dit Bel Air,48.225645,-2.755862,Plein jour,Hors agglomération,Hors intersection,Normale,Autre collision,3,3,4,0,2,1,1,2,1,110,1,2,1,0,1,0,56.0,,voiture,,1,1,1,1,6
202200004495,2022-07-05 20:40:00,2022,7,5,20,40,60,60489,D136,49.170397,2.825804,Plein jour,Hors agglomération,Hors intersection,Normale,Autre collision,3,2,2,0,1,1,1,0,3,80,1,2,1,0,0,1,22.0,,voiture,,1,1,1,1,6
202200004496,2022-07-05 08:20:00,2022,7,5,8,20,60,60639,D1001,49.453919,2.099177,Plein jour,Hors agglomération,Autre intersection,Normale,Deux véhicules - côté,3,1,1,1,1,3,1,5,1,50,2,2,1,0,0,1,46.0,50.0,deux_roues,utilitaire_camion,1,1,9,1,3
202200004497,2022-07-04 12:23:00,2022,7,4,12,23,69,69259,Boulevard Laurent Bonnevay,45.71672,4.85369,Plein jour,Hors agglomération,Hors intersection,Normale,Deux véhicules - côté,7,3,6,0,2,1,1,0,1,70,2,3,1,0,0,2,80.0,22.0,voiture,utilitaire_camion,1,1,1,1,3
202200004498,2022-07-03 05:40:00,2022,7,3,5,40,59,59343,AUTOROUTE A1,50.586061383,3.093187809,Plein jour,Hors agglomération,Hors intersection,Normale,Deux véhicules - arrière,1,-1,8,0,1,1,1,0,1,90,2,2,1,0,0,1,24.0,24.0,voiture,voiture,1,1,1,1,2
202200004499,2022-07-02 02:30:00,2022,7,2,2,30,59,59360,AUTOROUTE A25,50.6178919916,2.9982975125,Nuit avec éclairage allumé,Hors agglomération,Hors intersection,Normale,Sans collision,1,-1,6,0,1,1,1,0,1,90,1,1,0,0,1,0,26.0,,deux_roues,,5,1,1,1,7
202200004500,2022-06-30 23:45:00,2022,6,30,23,45,59,59530,AUTOROUTE A2,50.4372722574,3.6636614799,Nuit sans éclairage public,Hors agglomération,Hors intersection,Normale,Sans collision,1,-1,4,0,1,1,1,0,1,130,1,1,0,0,0,1,50.0,,deux_roues,,3,1,1,1,7
202200004501,2022-07-04 19:40:00,2022,7,4,19,40,91,91340,AUTOROUTE A6,48.60337,2.43711,Plein jour,Hors agglomération,Hors intersection,Normale,Deux véhicules - côté,1,-1,6,0,1,1,1,0,1,110,2,2,1,0,0,1,52.0,50.0,utilitaire_camion,utilitaire_camion,1,1,1,1,3
202200004502,2022-07-04 07:45:00,2022,7,4,7,45,94,94021,AUTOROUTE A6A,48.7644631439,2.3426462846,Plein jour,Hors agglomération,Hors intersection,Normale,Deux véhicules - côté,1,3,3,0,1,2,1,0,1,90,2,2,1,0,0,1,49.0,44.0,utilitaire_camion,deux_roues,1,1,1,1,3
202200004503,2022-07-04 09:00:00,2022,7,4,9,0,78,78090,A13,48.970305,1.903748,Plein jour,Hors agglomération,Hors intersection,Normale,Trois véhicules et plus - en chaîne,1,3,3,0,1,1,1,0,2,110,3,3,1,0,0,2,26.0,41.0,voiture,voiture,1,1,1,1,4
202200004504,2022-07-04 04:35:00,2022,7,4,4,35,78,78455,A13,48.85928,2.0499,Nuit sans éclairage public,Hors agglomération,Hors intersection,Normale,Autre collision,1,1,2,0,1,1,1,0,2,110,1,1,0,0,0,1,34.0,,utilitaire_camion,,3,1,1,1,6
202200004505,2022-07-04 15:40:00,2022,7,4,15,40,94,94046,A86 INT,48.807129338,2.4487169744,Plein jour,Hors agglomération,Hors intersection,Normale,Deux véhicules - arrière,1,1,4,0,1,1,1,3,1,90,2,2,1,0,0,1,36.0,22.0,deux_roues,voiture,1,1,1,1,2
202200004506,2022-07-04 00:24:00,2022,7,4,0,24,77,77122,RN104,48.6519783645,2.6132687632,Nuit avec éclairage non allumé,Hors agglomération,Hors intersection,Normale,Sans collision,2,-1,2,0,1,1,1,0,1,90,1,1,0,0,0,1,19.0,,utilitaire_camion,,4,1,1,1,7
202200004507,2022-07-03 09:55:00,2022,7,3,9,55,64,64102,Avenue Henri Grenet,43.50227,-1.47794,Plein jour,En agglomération,Hors intersection,Normale,Deux véhicules - côté,4,2,0,1,2,3,1,0,1,30,2,2,1,0,0,1,52.0,24.0,voiture,deux_roues,1,2,1,1,3
202200004508,2022-07-02 07:30:00,2022,7,2,7,30,13,13063,BARRIELES CHEMIN DES,43.57682,5.01333,Plein jour,En agglomération,Hors intersection,Normale,Deux véhicules - frontale,7,2,2,0,1,1,1,1,1,50,2,3,1,0,2,0,67.0,22.0,voiture,voiture,1,2,1,1,1
202200004509,2022-07-02 19:05:00,2022,7,2,19,5,07,07019,VALS ( ROUTE DE ),44.624825,4.382559,Plein jour,En agglomération,Intersection en Y,Normale,Deux véhicules - côté,4,3,2,0,4,1,1,5,1,50,2,2,1,0,0,1,22.0,20.0,deux_roues,voiture,1,2,4,1,3
202200004510,2022-03-01 13:45:00,2022,3,1,13,45,14,14726,D55,48.87623,-0.81203,Plein jour,Hors agglomération,Hors intersection,Temps couvert,Deux véhicules - frontale,3,2,2,0,2,3,1,0,1,80,2,2,1,0,1,0,58.0,56.0,voiture,voiture,1,1,1,8,1
202200004511,2022-07-02 20:50:00,2022,7,2,20,50,974,97416,PAUL LEGROS(CHEMIN),-21.29077,55.473,Nuit sans éclairage public,En agglomération,Hors intersection,Normale,Deux véhicules - côté,4,2,2,0,1,1,1,0,1,30,2,2,1,0,0,1,58.0,33.0,voiture,utilitaire_camion,3,2,1,1,3
202200004512,2022-07-03 10:40:00,2022,7,3,10,40,974,97411,PAYET (RUE ROGER),-20.8923,55.48821,Plein jour,En agglomération,Hors intersection,Normale,Deux véhicules - côté,4,1,1,0,1,1,1,0,1,30,2,3,2,0,0,1,37.0,62.0,deux_roues,voiture,1,2,1,1,3
202200004513,2022-07-03 20:36:00,2022,7,3,20,36,973,97302,RABAN (ROUTE DE),4.9266,-52.31387,Nuit avec éclairage allumé,En agglomération,Hors intersection,Pluie légère,Deux véhicules - frontale,4,2,2,0,1,2,2,0,1,50,2,2,1,0,1,0,36.0,22.0,deux_roues,voiture,5,2,1,2,1
202200004514,2022-07-03 20:00:00,2022,7,3,20,0,973,97302,MADELEINE (ROUTE DE LA),4.9228685978,-52.3236228526,Nuit avec éclairage allumé,En agglomération,Hors intersection,Normale,Autre collision,3,2,2,0,1,1,1,0,1,50,1,1,0,0,0,1,20.0,,deux_roues,,5,2,1,1,6
202200004515,2022-07-03 02:40:00,2022,7,3,2,40,973,97302,CHARLERY (GUSTAVE),4.9427,-52.3177,Nuit avec éclairage allumé,En agglomération,Hors intersection,Normale,Sans collision,4,2,2,0,1,2,1,0,3,50,1,3,0,0,0,3,24.0,,voiture,,5,2,1,1,7
202200004516,2022-07-03 23:45:00,2022,7,3,23,45,2A,2A004,MEZZAVIA ROUTE DE,41.9499880089,8.7712794542,Nuit avec éclairage allumé,En agglomération,Giratoire,Normale,Deux véhicules - côté,2,2,2,0,3,1,1,0,1,50,2,2,1,0,0,1,49.0,24.0,voiture,utilitaire_camion,5,2,6,1,3
202200004517,2022-07-02 18:10:00,2022,7,2,18,10,90,90039,R.D.16,47.64155,6.80021,Plein jour,Hors agglomération,Hors intersection,Normale,Deux véhicules - arrière,3,2,2,0,2,1,1,0,1,70,2,2,1,0,1,0,23.0,79.0,deux_roues,voiture,1,1,1,1,2
202200004518,2022-07-03 01:10:00,2022,7,3,1,10,78,78498,VERDUN RUE DE,48.93572,2.06085,Nuit avec éclairage allumé,En agglomération,Autre intersection,Normale,Deux véhicules - arrière,3,-1,0,0,1,1,1,0,1,50,2,4,2,0,0,2,51.0,29.0,voiture,voiture,5,2,9,1,2