accident_id,datetime,annee,mois,jour,heure,minute,departement,commune_insee,adresse,latitude,longitude,luminosite,agglomeration,intersection,meteo,collision,catr,circ,nbv,vosp,prof,plan,surf,infra,situ,vma,nb_vehicules,nb_usagers,nb_indemnes,nb_tues,nb_blesses_hosp,nb_blesses_legers,age_cond_1,age_cond_2,veh_type_cond_1,veh_type_cond_2,lum_code,agg_code,int_code,atm_code,col_code
202200004798,2022-11-20 18:30:00,2022,11,20,18,30,50,50129,MARITIME (BOULEVARD),49.64678,-1.59389,Nuit avec éclairage allumé,En agglomération,Intersection en T,Temps couvert,Deux véhicules - côté,4,2,2,1,1,1,2,5,1,50,2,2,1,0,0,1,39.0,43.0,deux_roues,voiture,5,2,3,8,3
202200004799,2022-08-06 08:46:00,2022,8,6,8,46,30,30317,A9 PK 35.500,43.902968,4.542908,Plein jour,Hors agglomération,Hors intersection,Normale,Sans collision,1,3,3,0,1,1,1,2,2,130,1,1,0,1,0,0,54.0,,utilitaire_camion,,1,1,1,1,7
202200004800,2022-11-23 18:45:00,2022,11,23,18,45,47,47201,PYRENEES (AVENUE DES),44.18063,0.60475,Nuit avec éclairage allumé,En agglomération,Intersection en T,Normale,Deux véhicules - côté,3,2,2,2,1,1,2,0,1,50,2,2,1,0,0,1,42.0,85.0,voiture,voiture,5,2,3,1,3
202200004801,2022-02-11 20:05:00,2022,2,11,20,5,75,75115,RUE DU LIEUVIN,48.831607,2.305995,Nuit avec éclairage allumé,En agglomération,Intersection en X,Normale,Deux véhicules - côté,4,2,2,0,1,1,1,0,1,30,2,4,3,0,1,0,23.0,23.0,deux_roues,utilitaire_camion,5,2,2,1,3
202200004802,2022-02-12 19:20:00,2022,2,12,19,20,75,75106,BOULEVARD SAINT GERMAIN,48.852266,2.339623,Nuit avec éclairage allumé,En agglomération,Hors intersection,Normale,Sans collision,4,1,3,0,1,1,1,0,1,30,1,1,0,0,0,1,25.0,,deux_roues,,5,2,1,1,7
202200004803,2022-08-06 06:05:00,2022,8,6,6,5,78,78601,Autoroute A11,48.54041,1.894555,Crépuscule ou aube,Hors agglomération,Hors intersection,Normale,Sans collision,1,1,5,0,1,1,1,0,3,130,1,4,0,0,0,4,41.0,,voiture,,2,1,1,1,7
202200004804,2022-02-12 11:40:00,2022,2,12,11,40,75,75120,RUE SAINT FARGEAU,48.871089,2.400299,Plein jour,En agglomération,Intersection en T,Normale,Autre collision,4,2,2,0,1,1,1,0,1,30,1,2,1,0,0,1,51.0,,voiture,,1,2,3,1,6
202200004805,2022-11-23 11:50:00,2022,11,23,11,50,37,37122,JAURES (BOULEVARD JEAN),47.34852,0.66125,Plein jour,En agglomération,Hors intersection,Normale,Deux véhicules - côté,4,2,2,0,1,1,2,0,1,50,2,2,1,0,1,0,41.0,65.0,voiture,deux_roues,1,2,1,1,3
202200004806,2022-08-03 15:45:00,2022,8,3,15,45,987,98757,Hakahetau,-9.41,-140.075,Plein jour,Hors agglomération,Hors intersection,Normale,Sans collision,2,2,2,0,2,1,1,0,3,60,1,6,5,0,1,0,51.0,,voiture,,1,1,1,1,7
202200004807,2022-02-11 21:40:00,2022,2,11,21,40,75,75119,AVENUE SIMON BOLIVAR,48.8761748079,2.3804967105,Nuit avec éclairage allumé,En agglomération,Hors intersection,Normale,Deux véhicules - arrière,4,2,4,0,1,2,1,0,1,30,2,2,1,0,0,1,24.0,59.0,deux_roues,voiture,5,2,1,1,2
202200004808,2022-11-22 12:45:00,2022,11,22,12,45,37,37122,JEAN JAURES,47.3485097735,0.6612610817,Plein jour,En agglomération,Intersection en T,Normale,Deux véhicules - côté,4,2,2,0,1,1,1,0,1,50,2,2,1,0,0,1,40.0,23.0,voiture,voiture,1,2,3,1,3
202200004809,2022-08-06 01:25:00,2022,8,6,1,25,77,77171,D5,48.906462,2.814231,Nuit sans éclairage public,En agglomération,Hors intersection,Normale,Autre collision,3,2,2,0,1,1,1,0,1,50,1,1,0,0,0,1,30.0,,voiture,,3,2,1,1,6
202200004810,2022-02-12 13:30:00,2022,2,12,13,30,75,75118,RUE CAULAINCOURT,48.888543,2.334213,Plein jour,En agglomération,Hors intersection,Normale,Deux véhicules - côté,4,2,2,0,1,1,1,0,1,30,2,2,1,0,0,1,33.0,61.0,voiture,deux_roues,1,2,1,1,3
202200004811,2022-10-20 11:09:00,2022,10,20,11,9,36,36044,1 Avenue Marcel Lemoine,46.814278746,1.6964837909,Plein jour,En agglomération,Giratoire,Normale,Deux véhicules - côté,4,2,2,0,1,1,1,0,1,50,2,2,1,0,0,1,22.0,62.0,deux_roues,voiture,1,2,6,1,3
202200004812,2022-08-05 19:00:00,2022,8,5,19,0,66,66088,D2,42.676086,2.615798,Plein jour,En agglomération,Giratoire,Normale,Deux véhicules - côté,3,2,2,0,1,1,1,5,1,50,2,3,2,0,0,1,60.0,49.0,voiture,deux_roues,1,2,6,1,3
202200004813,2022-02-12 13:30:00,2022,2,12,13,30,75,75117,RUE BROCHANT,48.888416,2.31726,Plein jour,En agglomération,Intersection en X,Normale,Autre collision,4,2,2,0,1,1,1,0,1,30,1,2,1,0,0,1,67.0,,voiture,,1,2,2,1,6
202200004814,2022-10-02 06:40:00,2022,10,2,6,40,36,36044,39 Boulevard de l’Ecole Normale,46.8203897601,1.6780811548,Plein jour,En agglomération,Hors intersection,Normale,Autre collision,4,2,1,1,1,1,1,-1,3,50,1,1,0,0,1,0,47.0,,voiture,,1,2,1,1,6
202200004815,2022-02-11 22:55:00,2022,2,11,22,55,75,75117,RUE DE TOCQUEVILLE,48.882271,2.314097,Nuit avec éclairage allumé,En agglomération,Intersection en X,Normale,Autre collision,4,1,1,0,1,1,1,0,1,30,1,2,1,0,0,1,,,voiture,,5,2,2,1,6
202200004816,2022-08-05 17:15:00,2022,8,5,17,15,66,66185,,42.656687,2.611356,Plein jour,Hors agglomération,Hors intersection,Normale,Deux véhicules - frontale,3,2,2,0,1,4,1,0,1,80,2,4,0,0,0,4,35.0,40.0,voiture,voiture,1,1,1,1,1
202200004817,2022-08-06 18:30:00,2022,8,6,18,30,34,34289,D18,43.394566,3.413431,Plein jour,En agglomération,Autre intersection,Normale,Autre collision,3,1,1,0,2,3,1,2,1,50,1,1,0,0,1,0,55.0,,deux_roues,,1,2,9,1,6
202200004818,2022-02-11 19:00:00,2022,2,11,19,0,75,75117,RUE GUY MOQUET,48.8923680039,2.3244036734,Crépuscule ou aube,En agglomération,Hors intersection,Normale,Deux véhicules - frontale,4,2,3,0,2,1,1,0,1,30,2,2,0,0,0,2,58.0,48.0,deux_roues,deux_roues,2,2,1,1,1
202200004819,2022-11-23 13:40:00,2022,11,23,13,40,35,35238,CHATEAUGIRON (DE),48.09265,-1.63015,Plein jour,En agglomération,Hors intersection,Normale,Trois véhicules et plus - en chaîne,4,2,2,2,1,1,1,0,1,50,3,7,3,0,0,4,46.0,39.0,voiture,voiture,1,2,1,1,4
202200004820,2022-02-12 16:00:00,2022,2,12,16,0,75,75116,RUE DE LA POMPE,48.863038,2.276459,Plein jour,En agglomération,Hors intersection,Normale,Autre collision,4,2,2,0,1,1,1,0,1,30,1,2,1,0,0,1,57.0,,voiture,,1,2,1,1,6
202200004821,2022-08-06 12:40:00,2022,8,6,12,40,05,05166,Avenue Jean Moulin,44.423299,5.708417,Plein jour,Hors agglomération,Hors intersection,Normale,Deux véhicules - côté,3,2,2,0,1,1,1,0,1,90,2,4,1,0,2,1,41.0,37.0,deux_roues,voiture,1,1,1,1,3
202200004822,2022-11-23 13:35:00,2022,11,23,13,35,35,35281,MARIN (JEAN),48.0819788508,-1.7116007209,Plein jour,En agglomération,Giratoire,Normale,Deux véhicules - arrière,7,3,4,1,1,3,1,0,1,50,2,2,0,0,0,2,33.0,72.0,voiture,voiture,1,2,6,1,2
202200004823,2022-08-05 23:45:00,2022,8,5,23,45,25,25632,rue de la gare,47.478902,6.768553,Nuit sans éclairage public,En agglomération,Hors intersection,Normale,Autre collision,3,2,2,0,1,1,1,0,1,50,1,2,1,0,0,1,,,deux_roues,,3,2,1,1,6
202200004824,2022-02-12 06:40:00,2022,2,12,6,40,75,75116,ROUTE DE LA PTE DES SABLONS A LA PTE MAI,48.877322,2.279201,Crépuscule ou aube,En agglomération,Intersection à plus de 4 branches,Normale,Deux véhicules - côté,4,2,4,0,1,1,1,0,1,30,2,3,1,0,0,2,52.0,41.0,voiture,voiture,2,2,5,1,3
202200004825,2022-11-23 10:35:00,2022,11,23,10,35,35,35238,BOUZAT (DOYEN ALBERT),48.12821,-1.63747,Plein jour,En agglomération,Hors intersection,Normale,Deux véhicules - arrière,4,2,2,1,1,1,1,0,5,50,2,2,1,0,0,1,23.0,53.0,deux_roues,voiture,1,2,1,1,2
202200004826,2022-11-23 13:45:00,2022,11,23,13,45,33,33075,Avenue Jean Jaurès,44.87266,-0.59105,Plein jour,En agglomération,Hors intersection,Normale,Autre collision,4,2,2,0,1,1,1,0,1,50,1,2,1,0,0,1,28.0,,voiture,,1,2,1,1,6
202200004827,2022-02-12 20:07:00,2022,2,12,20,7,75,75113,BOULEVARD VINCENT AURIOL,48.832793,2.362005,Nuit avec éclairage allumé,En agglomération,Intersection en X,Normale,Autre collision,4,2,7,3,2,1,1,0,6,30,1,2,0,0,0,2,42.0,,transport_commun,,5,2,2,1,6
202200004828,2022-08-06 09:55:00,2022,8,6,9,55,71,71176,N79 pk 1 +870,46.47045,4.014537,Plein jour,Hors agglomération,Hors intersection,Normale,Trois véhicules et plus - collisions multiples,2,3,4,0,1,1,1,0,1,110,3,9,3,2,2,2,58.0,53.0,voiture,voiture,1,1,1,1,5
202200004829,2022-02-12 17:09:00,2022,2,12,17,9,75,75113,BOULEVARD DE L HOPITAL,48.842782,2.364051,Plein jour,En agglomération,Hors intersection,Normale,Autre collision,4,2,7,3,2,1,1,0,1,30,1,2,0,0,0,2,21.0,,deux_roues,,1,2,1,1,6
202200004830,2022-11-23 07:30:00,2022,11,23,7,30,32,32013,MARNE (AVENUE DE LA),43.64912,0.59613,,En agglomération,Intersection en T,Normale,Deux véhicules - côté,3,2,1,-1,1,1,1,5,1,-1,2,2,1,0,0,1,45.0,33.0,voiture,deux_roues,-1,2,3,1,3
202200004831,2022-02-12 12:39:00,2022,2,12,12,39,75,75113,RUE NATIONALE,48.830382,2.364386,Plein jour,En agglomération,Hors intersection,Normale,Autre collision,4,2,4,1,1,1,1,0,1,30,1,2,1,0,0,1,27.0,,voiture,,1,2,1,1,6
202200004832,2022-08-04 11:59:00,2022,8,4,11,59,21,21261,D905,47.2548494329,5.1631358044,Plein jour,Hors agglomération,Hors intersection,Normale,Sans collision,3,2,2,0,1,2,1,0,3,90,1,1,0,0,1,0,56.0,,deux_roues,,1,1,1,1,7
202200004833,2022-11-22 07:46:00,2022,11,22,7,46,29,29019,rue de Siam,48.38857,-4.48849,Nuit avec éclairage allumé,En agglomération,Intersection en X,Normale,Deux véhicules - côté,4,2,2,3,2,1,1,6,1,30,2,3,2,0,0,1,39.0,25.0,transport_commun,voiture,5,2,2,1,3
202200004834,2022-02-12 10:00:00,2022,2,12,10,0,75,75116,RUE DES FRERES PERIER,48.864182,2.300132,Plein jour,En agglomération,Intersection en T,Normale,Deux véhicules - côté,4,1,2,2,1,1,1,0,6,30,2,2,1,0,0,1,,28.0,voiture,deux_roues,1,2,3,1,3
202200004835,2022-08-06 16:10:00,2022,8,6,16,10,74,74007,282 Rue de la Fontaine,46.072393,6.332041,Plein jour,En agglomération,Hors intersection,Normale,Sans collision,3,2,2,0,1,3,1,0,4,50,1,1,0,1,0,0,32.0,,deux_roues,,1,2,1,1,7
202200004836,2022-11-21 07:35:00,2022,11,21,7,35,29,29019,avenue Georges Clemenceau,48.3913601517,-4.4880704283,Nuit avec éclairage allumé,En agglomération,Hors intersection,Pluie forte,Autre collision,4,3,4,3,1,1,2,0,1,30,1,3,1,0,0,2,30.0,,transport_commun,,5,2,1,3,6
202200004837,2022-02-12 20:10:00,2022,2,12,20,10,75,75107,AVENUE EMILE POUVILLON,48.857552,2.299371,Nuit avec éclairage allumé,En agglomération,Hors intersection,Normale,Deux véhicules - côté,4,1,1,0,1,1,1,0,1,30,2,3,2,0,0,1,46.0,25.0,voiture,deux_roues,5,2,1,1,3
202200004838,2022-08-05 20:45:00,2022,8,5,20,45,74,74056,Route des Bossons,45.907994878,6.8419075006,Nuit avec éclairage allumé,En agglomération,Hors intersection,Pluie forte,Sans collision,3,2,2,0,1,1,2,0,1,50,1,1,0,1,0,0,62.0,,deux_roues,,5,2,1,3,7
202200004839,2022-08-06 00:00:00,2022,8,6,0,0,42,42214,Route de Saint-André,45.6635828288,4.2612745464,Nuit sans éclairage public,Hors agglomération,Intersection en Y,Autre,Autre collision,3,2,2,0,1,3,2,0,3,80,1,2,0,0,0,2,25.0,,voiture,,3,1,4,9,6
202200004840,2022-11-23 12:15:00,2022,11,23,12,15,28,28134,COLOMBIER (ALLEE),48.75111,1.34992,Plein jour,En agglomération,Intersection en T,Pluie légère,Deux véhicules - côté,4,2,1,0,1,1,2,0,1,50,2,2,1,0,0,1,38.0,21.0,voiture,voiture,1,2,3,2,3
202200004841,2022-02-11 14:00:00,2022,2,11,14,0,75,75107,AVENUE DE SUFFREN,48.849432,2.303792,Plein jour,En agglomération,Intersection en X,Normale,Deux véhicules - côté,4,2,4,0,1,1,1,0,1,30,2,2,1,0,0,1,27.0,38.0,deux_roues,voiture,1,2,2,1,3
202200004842,2022-08-05 12:45:00,2022,8,5,12,45,26,26233,D538,44.28512,5.105767,Plein jour,Hors agglomération,Hors intersection,Normale,Deux véhicules - côté,3,2,2,0,1,1,1,0,1,80,2,3,0,0,2,1,24.0,29.0,voiture,voiture,1,1,1,1,3
202200004843,2022-02-10 20:20:00,2022,2,10,20,20,75,75107,QUAI D ORSAY,48.86225,2.303186,Nuit avec éclairage allumé,En agglomération,Hors intersection,Pluie légère,Autre collision,4,2,5,0,1,1,2,0,1,30,1,2,1,0,0,1,49.0,,voiture,,5,2,1,2,6
202200004844,2022-08-06 12:15:00,2022,8,6,12,15,17,17395,N141,45.718935,-0.495015,Plein jour,Hors agglomération,Hors intersection,Normale,Deux véhicules - arrière,2,2,2,0,4,1,1,0,1,90,2,2,1,1,0,0,54.0,64.0,voiture,deux_roues,1,1,1,1,2
202200004845,2022-11-22 07:40:00,2022,11,22,7,40,27,27681,V.GAUMONT (RUE),49.0908018021,1.4610467165,Crépuscule ou aube,En agglomération,Intersection en X,Pluie légère,Deux véhicules - côté,4,2,1,0,1,1,2,0,1,50,2,3,1,0,0,2,37.0,37.0,voiture,voiture,2,2,2,2,3
202200004846,2022-02-12 22:10:00,2022,2,12,22,10,75,75103,RUE DES ARCHIVES,48.8614,2.358403,Nuit avec éclairage allumé,En agglomération,Hors intersection,Normale,Autre collision,4,1,1,0,1,1,1,0,4,30,1,2,1,0,0,1,22.0,,deux_roues,,5,2,1,1,6
202200004847,2022-08-06 11:20:00,2022,8,6,11,20,64,64135,Route d Amou,43.564518,-0.780319,Plein jour,Hors agglomération,Hors intersection,Normale,Deux véhicules - côté,3,2,2,0,2,3,1,0,1,80,2,2,1,1,0,0,55.0,59.0,utilitaire_camion,deux_roues,1,1,1,1,3
202200004848,2022-02-12 14:47:00,2022,2,12,14,47,94,94041,Rue Saint-Just,48.8109832435,2.3893933295,Plein jour,En agglomération,Hors intersection,Normale,Autre collision,4,2,2,0,2,1,1,0,1,50,1,2,1,0,0,1,27.0,,voiture,,1,2,1,1,6
202200004849,2022-11-22 10:15:00,2022,11,22,10,15,27,27681,YVELIN (RUE),49.0860393663,1.4817361546,Plein jour,En agglomération,Intersection en X,Pluie légère,Deux véhicules - côté,4,2,1,0,1,1,2,0,1,50,2,2,1,0,0,1,39.0,26.0,utilitaire_camion,voiture,1,2,2,2,3
202200004850,2022-08-05 23:09:00,2022,8,5,23,9,22,22390,D7,48.71856,-3.023676,Nuit sans éclairage public,Hors agglomération,Hors intersection,Normale,Autre collision,3,3,2,0,1,1,1,0,8,80,1,1,0,0,0,1,42.0,,voiture,,3,1,1,1,6
202200004851,2022-11-10 17:55:00,2022,11,10,17,55,16,16102,Rue des Gélines,45.689221,-0.308502,Crépuscule ou aube,En agglomération,Hors intersection,Normale,Autre collision,4,2,2,0,1,1,1,0,1,30,1,1,0,0,0,1,81.0,,voiture,,2,2,1,1,6
202200004852,2022-02-11 22:30:00,2022,2,11,22,30,94,94081,Av du President Salvador Allende,48.7957,2.41,Nuit avec éclairage allumé,En agglomération,Hors intersection,Normale,Deux véhicules - frontale,3,2,2,0,3,1,1,0,1,50,2,2,0,1,1,0,30.0,31.0,deux_roues,voiture,5,2,1,1,1
202200004853,2022-08-06 17:50:00,2022,8,6,17,50,27,27624,Route du Neubourg,49.1946983792,1.1110814541,Plein jour,En agglomération,Intersection en T,Normale,Deux véhicules - arrière,3,2,2,0,1,1,1,0,1,50,2,2,1,0,1,0,39.0,60.0,voiture,deux_roues,1,2,3,1,2
202200004854,2022-11-23 18:55:00,2022,11,23,18,55,13,13103,BOULEVARD FOCH-MARECHAL,43.63932,5.09079,Nuit avec éclairage allumé,En agglomération,Autre intersection,Normale,Deux véhicules - côté,4,2,2,0,1,1,1,0,1,50,2,3,2,0,0,1,19.0,69.0,voiture,voiture,5,2,9,1,3
202200004855,2022-02-12 00:00:00,2022,2,12,0,0,94,94042,19 Avenue du Général Galliéni,48.82003,2.47694,Nuit avec éclairage allumé,En agglomération,Hors intersection,Normale,Deux véhicules - côté,3,1,2,0,1,1,1,0,1,50,2,4,3,0,0,1,,58.0,voiture,voiture,5,2,1,1,3
202200004856,2022-08-05 16:30:00,2022,8,5,16,30,60,60225,493 Rue Saint-Martin,49.418938,2.361832,Plein jour,En agglomération,Hors intersection,Normale,Autre collision,3,2,1,0,1,1,1,0,1,50,1,2,1,0,0,1,36.0,,voiture,,1,2,1,1,6
202200004857,2022-11-20 13:20:00,2022,11,20,13,20,13,13056,CARRO (avenue de),43.333,5.04761,Plein jour,En agglomération,Hors intersection,Normale,Deux véhicules - frontale,7,2,2,0,1,3,1,0,3,50,1,2,0,1,1,0,19.0,,deux_roues,,1,2,1,1,1
202200004858,2022-08-06 03:20:00,2022,8,6,3,20,60,60485,La Neuve Rue,49.593299,2.165251,Nuit sans éclairage public,En agglomération,Hors intersection,Normale,Sans collision,3,2,2,0,1,1,1,0,1,50,1,1,0,0,0,1,22.0,,voiture,,3,2,1,1,7
202200004859,2022-02-12 22:30:00,2022,2,12,22,30,94,94076,110 Boulevard Maxime Gorki,48.79284,2.36934,Nuit avec éclairage allumé,En agglomération,Hors intersection,Normale,Deux véhicules - arrière,3,2,4,3,1,1,1,0,1,50,2,2,1,0,0,1,31.0,45.0,voiture,deux_roues,5,2,1,1,2
202200004860,2022-11-23 07:40:00,2022,11,23,7,40,09,09225,TOULOUSE AVENUE DE,43.12014,1.61113,Crépuscule ou aube,En agglomération,Hors intersection,Pluie forte,Autre collision,3,2,2,0,1,1,2,0,1,50,1,2,1,0,0,1,29.0,,voiture,,2,2,1,3,6
202200004861,2022-02-12 16:50:00,2022,2,12,16,50,94,94076,Rue Eugène Varlin,48.79366,2.36323,Plein jour,En agglomération,Intersection en X,Normale,Autre collision,4,1,1,0,1,1,1,0,1,30,2,2,1,0,0,1,14.0,,deux_roues,voiture,1,2,2,1,6
202200004862,2022-11-23 18:40:00,2022,11,23,18,40,06,06088,MADELEINE (BD DE LA),43.707654,7.231321,Nuit avec éclairage allumé,En agglomération,Hors intersection,Normale,Deux véhicules - côté,4,1,2,0,1,1,1,0,1,50,2,3,1,0,0,2,27.0,54.0,deux_roues,voiture,5,2,1,1,3
202200004863,2022-08-05 09:45:00,2022,8,5,9,45,13,13213,A507 sens Aubagne- Marseille,43.3281,5.41668,Plein jour,Hors agglomération,Hors intersection,Normale,Deux véhicules - côté,1,1,3,0,2,1,1,1,1,70,2,2,1,0,0,1,20.0,24.0,utilitaire_camion,voiture,1,1,1,1,3
202200004864,2022-02-12 13:50:00,2022,2,12,13,50,94,94037,35 Rue Charles Frérot,48.81565,2.35104,Plein jour,En agglomération,Hors intersection,Normale,Autre collision,3,1,1,0,1,1,1,0,1,30,1,2,1,0,0,1,28.0,,voiture,,1,2,1,1,6
202200004865,2022-08-03 09:00:00,2022,8,3,9,0,13,13117,A7-Sens Marseille vers Lyon,43.4182836325,5.2734754979,Plein jour,Hors agglomération,Hors intersection,Normale,Deux véhicules - arrière,1,1,3,0,1,1,1,0,1,110,2,2,1,0,0,1,23.0,55.0,utilitaire_camion,voiture,1,1,1,1,2
202200004866,2022-02-11 23:55:00,2022,2,11,23,55,94,94041,Rue Louis Bertrand,48.8173902312,2.3807179927,Nuit avec éclairage allumé,En agglomération,Hors intersection,Normale,Deux véhicules - arrière,3,2,2,0,2,1,1,0,1,50,2,3,2,0,0,1,21.0,,voiture,utilitaire_camion,5,2,1,1,2
202200004867,2022-11-21 18:15:00,2022,11,21,18,15,05,05061,EMBRUN ( AVENUE D'),44.56897,6.10127,Nuit avec éclairage allumé,En agglomération,Intersection en T,Normale,Deux véhicules - côté,2,2,2,0,1,1,2,0,1,50,2,3,1,0,2,0,70.0,17.0,voiture,deux_roues,5,2,3,1,3
202200004868,2022-08-05 21:55:00,2022,8,5,21,55,33,33075,ROCADE A 630,44.8877928827,-0.5804246664,Nuit sans éclairage public,Hors agglomération,Hors intersection,Normale,Deux véhicules - arrière,1,3,6,0,1,1,1,0,1,90,2,3,2,0,0,1,36.0,41.0,voiture,voiture,3,1,1,1,2
202200004869,2022-11-22 13:00:00,2022,11,22,13,0,01,01014,Avenue du Général Andrea,46.284047,5.679532,Plein jour,En agglomération,Hors intersection,Pluie légère,Autre collision,3,2,2,0,1,1,2,0,1,50,1,2,1,0,1,0,46.0,,voiture,,1,2,1,2,6
202200004870,2022-02-12 00:05:00,2022,2,12,0,5,94,94041,PIERRE ET MARIE CURIE (R),48.81513,2.37526,Nuit avec éclairage allumé,En agglomération,Hors intersection,Normale,Autre collision,3,2,2,3,1,1,1,0,1,50,2,2,1,0,0,1,23.0,17.0,voiture,deux_roues,5,2,1,1,6
202200004871,2022-08-05 16:30:00,2022,8,5,16,30,91,91228,AUTOROUTE A6,48.61927,2.42658,Plein jour,Hors agglomération,Hors intersection,Normale,Deux véhicules - arrière,1,2,6,0,1,1,1,0,1,110,2,2,1,0,0,1,40.0,33.0,voiture,utilitaire_camion,1,1,1,1,2
202200004872,2022-11-22 07:20:00,2022,11,22,7,20,69,69264,Rue Pierre Berthier,45.98709,4.72142,Nuit avec éclairage allumé,En agglomération,Intersection en X,Normale,Autre collision,3,1,1,3,1,1,1,5,1,50,1,2,1,0,0,1,69.0,,voiture,,5,2,2,1,6
202200004873,2022-02-12 18:25:00,2022,2,12,18,25,94,94073,Avenue de Versailles,48.75937,2.3966,Nuit avec éclairage allumé,En agglomération,Hors intersection,Normale,Deux véhicules - côté,3,3,2,3,2,1,1,0,1,50,2,4,3,0,0,1,22.0,41.0,voiture,transport_commun,5,2,1,1,3
202200004874,2022-08-05 06:20:00,2022,8,5,6,20,91,91136,AUTOROUTE A10,48.71063,2.28758,Crépuscule ou aube,Hors agglomération,Hors intersection,Pluie légère,Deux véhicules - côté,1,1,2,0,2,2,2,2,1,70,2,2,1,0,0,1,40.0,39.0,voiture,voiture,2,1,1,2,3
202200004875,2022-11-22 11:32:00,2022,11,22,11,32,60,60057,Boulevard Saint - André,49.43203,2.08965,Plein jour,En agglomération,Hors intersection,Pluie légère,Autre collision,4,1,2,0,1,1,2,0,1,50,1,2,0,0,0,2,30.0,,voiture,,1,2,1,2,6
202200004876,2022-02-12 06:10:00,2022,2,12,6,10,94,94004,Avenue du Général Leclerc / Avenue Charles de Gaulle,48.75888,2.50046,Nuit avec éclairage allumé,En agglomération,Intersection en T,Normale,Deux véhicules - côté,4,1,2,1,1,3,1,5,1,50,2,2,1,0,0,1,,26.0,voiture,deux_roues,5,2,3,1,3
202200004877,2022-08-05 19:25:00,2022,8,5,19,25,78,78043,A13W,48.845715,2.0843,Plein jour,Hors agglomération,Hors intersection,Normale,Deux véhicules - arrière,1,-1,2,0,1,1,1,0,1,110,2,2,1,0,0,1,46.0,21.0,voiture,voiture,1,1,1,1,2
202200004878,2022-11-22 11:45:00,2022,11,22,11,45,44,44143,71 Rue Aristide Briand,47.180927,-1.545097,Plein jour,En agglomération,Hors intersection,Normale,Autre collision,4,2,2,0,2,1,1,0,1,50,1,2,1,0,1,0,74.0,,voiture,,1,2,1,1,6
202200004879,2022-02-12 05:25:00,2022,2,12,5,25,93,93073,circuit 1.0,48.9949691858,2.5461637974,Nuit sans éclairage public,Hors agglomération,Hors intersection,Normale,Autre collision,9,1,4,0,1,1,1,9,1,50,1,1,0,0,0,1,69.0,,voiture,,3,1,1,1,6
202200004880,2022-08-04 07:10:00,2022,8,4,7,10,78,78498,A14,48.916269,2.022263,Plein jour,Hors agglomération,Hors intersection,Normale,Autre collision,1,1,2,0,1,1,1,0,1,110,1,3,1,0,0,2,32.0,,voiture,,1,1,1,1,6
202200004881,2022-02-12 11:40:00,2022,2,12,11,40,93,93066,LIBERATION RD14 (BOULEVARD),48.93278,2.34212,Plein jour,En agglomération,Hors intersection,Normale,Deux véhicules - arrière,3,3,4,0,1,1,1,0,1,50,2,2,1,0,0,1,37.0,59.0,utilitaire_camion,voiture,1,2,1,1,2
202200004882,2022-09-21 17:20:00,2022,9,21,17,20,59,59507,AUTOROUTE A1,50.60657,3.09705,Plein jour,Hors agglomération,Hors intersection,Normale,Deux véhicules - arrière,1,-1,10,0,1,1,1,0,1,90,2,2,1,0,1,0,49.0,44.0,deux_roues,voiture,1,1,1,1,2
202200004883,2022-08-05 09:00:00,2022,8,5,9,0,93,93078,AUTOROUTE A104,48.96184,2.5238,Plein jour,Hors agglomération,Hors intersection,Normale,Deux véhicules - côté,1,3,6,0,1,3,1,0,1,90,2,2,1,0,0,1,,46.0,utilitaire_camion,deux_roues,1,1,1,1,3
202200004884,2022-02-12 17:10:00,2022,2,12,17,10,93,93077,ROSNY (AVENUE DE),48.88499,2.50533,Plein jour,En agglomération,Hors intersection,Normale,Deux véhicules - côté,3,2,4,0,1,1,1,0,1,50,2,3,1,0,0,2,43.0,26.0,voiture,deux_roues,1,2,1,1,3
202200004885,2022-09-20 14:40:00,2022,9,20,14,40,59,59482,2136 Route de Comines,50.710044,3.02837,Plein jour,Hors agglomération,Intersection en X,Normale,Deux véhicules - arrière,7,3,2,0,1,1,1,0,1,90,2,2,1,0,1,0,38.0,38.0,deux_roues,voiture,1,1,2,1,2
202200004886,2022-02-12 17:25:00,2022,2,12,17,25,93,93055,Rue Scandicci,48.892189,2.398523,Plein jour,En agglomération,Hors intersection,Normale,Deux véhicules - côté,4,2,2,0,1,1,1,0,1,50,2,3,0,0,0,2,,36.0,voiture,deux_roues,1,2,1,1,3
202200004887,2022-08-05 05:20:00,2022,8,5,5,20,93,93027,AUTOROUTE A86,48.92244,2.37957,Nuit sans éclairage public,Hors agglomération,Hors intersection,Normale,Trois véhicules et plus - collisions multiples,1,3,10,0,2,1,2,2,1,90,3,4,2,0,0,2,,53.0,voiture,voiture,3,1,1,1,5
202200004888,2022-02-12 17:55:00,2022,2,12,17,55,93,93048,RESISTANCE (AVENUE DE LA),48.8597,2.43685,Crépuscule ou aube,En agglomération,Hors intersection,Temps couvert,Autre collision,3,3,2,1,2,1,1,0,1,30,1,2,1,0,0,1,36.0,,voiture,,2,2,1,8,6
202200004889,2022-08-05 03:00:00,2022,8,5,3,0,92,92036,AUTOROUTE A15,48.9389684263,2.2957362235,Nuit sans éclairage public,Hors agglomération,Hors intersection,Pluie forte,Autre collision,1,1,2,0,1,2,2,0,1,50,1,1,0,0,0,1,40.0,,utilitaire_camion,,3,1,1,3,6