accident_id,datetime,annee,mois,jour,heure,minute,departement,commune_insee,adresse,latitude,longitude,luminosite,agglomeration,intersection,meteo,collision,catr,circ,nbv,vosp,prof,plan,surf,infra,situ,vma,nb_vehicules,nb_usagers,nb_indemnes,nb_tues,nb_blesses_hosp,nb_blesses_legers,age_cond_1,age_cond_2,veh_type_cond_1,veh_type_cond_2,lum_code,agg_code,int_code,atm_code,col_code
202200004890,2022-09-20 13:55:00,2022,9,20,13,55,59,59348,Avenue Marc Lefranc,50.2680732887,3.3321484923,Plein jour,Hors agglomération,Intersection en Y,Normale,Deux véhicules - côté,1,2, -1,-1,1,1,1,0,1,-1,2,2,1,0,1,0,16.0,34.0,deux_roues,utilitaire_camion,1,1,4,1,3
202200004891,2022-08-05 09:30:00,2022,8,5,9,30,94,94022,A86 INT,48.7761106967,2.425051815,Plein jour,Hors agglomération,Hors intersection,Normale,Deux véhicules - arrière,1,3,3,0,1,1,1,0,1,90,2,2,1,0,0,1,36.0,38.0,voiture,utilitaire_camion,1,1,1,1,2
202200004892,2022-02-11 22:15:00,2022,2,11,22,15,93,93046,LIBERATION PLACE DE LA,48.9226009881,2.543784613,Nuit avec éclairage allumé,En agglomération,Intersection en X,Normale,Deux véhicules - arrière,3,2,4,0,1,1,1,0,1,50,2,2,1,0,0,1,30.0,20.0,voiture,voiture,5,2,2,1,2
202200004893,2022-09-19 20:25:00,2022,9,19,20,25,59,59478,AUTOROUTE A25,50.9235540247,2.4751800299,Nuit sans éclairage public,Hors agglomération,Hors intersection,Normale,Deux véhicules - arrière,1,-1,4,0,1,1,1,0,1,130,2,2,1,0,1,0,29.0,55.0,voiture,voiture,3,1,1,1,2
202200004894,2022-02-12 07:40:00,2022,2,12,7,40,93,93029,Rue de la Station,48.922605,2.426933,Nuit avec éclairage allumé,En agglomération,Hors intersection,Normale,Autre collision,4,1,1,0,1,4,1,0,4,50,1,1,0,0,0,1,42.0,,voiture,,5,2,1,1,6
202200004895,2022-09-18 05:15:00,2022,9,18,5,15,59,59350,ROUTE NATIONALE 356,50.620972,3.082126,Nuit avec éclairage allumé,Hors agglomération,Hors intersection,Normale,Autre collision,2,-1,4,0,1,1,1,0,1,70,1,2,1,0,1,0,25.0,,voiture,,5,1,1,1,6
202200004896,2022-08-04 05:45:00,2022,8,4,5,45,17,17306,MAISONFORT (ROUTE),45.61819,-0.99956,Nuit avec éclairage allumé,En agglomération,Hors intersection,Normale,Deux véhicules - frontale,4,2,2,0,2,2,1,0,1,50,2,2,0,0,0,2,21.0,50.0,deux_roues,deux_roues,5,2,1,1,1
202200004897,2022-08-03 22:40:00,2022,8,3,22,40,75,75116,AVENUE DE L HIPPODROME,48.85821,2.255028,Nuit avec éclairage allumé,En agglomération,Hors intersection,Normale,Autre collision,4,2,2,0,1,1,1,0,1,30,1,2,1,0,0,1,,,voiture,,5,2,1,1,6
202200004898,2022-02-11 17:05:00,2022,2,11,17,5,93,93047,COQUELICOTS (AVENUE DES),48.89006,2.55367,Plein jour,En agglomération,Autre intersection,Normale,Deux véhicules - côté,4,2,2,0,1,1,1,0,1,30,2,2,1,0,0,1,22.0,91.0,voiture,voiture,1,2,9,1,3
202200004899,2022-09-22 14:45:00,2022,9,22,14,45,59,59094,chemin de la warrande,50.9510250815,2.1502920985,Plein jour,Hors agglomération,Hors intersection,Normale,Deux véhicules - arrière,4,2,2,0,1,1,1,0,1,50,2,2,1,1,0,0,70.0,67.0,deux_roues,utilitaire_camion,1,1,1,1,2
202200004900,2022-08-04 13:30:00,2022,8,4,13,30,974,97411,CHATEL (JEAN),-20.88178,55.45106,Plein jour,En agglomération,Intersection en X,Normale,Deux véhicules - côté,4,1,2,0,1,1,1,0,1,50,2,4,3,0,0,1,63.0,21.0,voiture,voiture,1,2,2,1,3
202200004901,2022-09-22 08:30:00,2022,9,22,8,30,69,69019,Avenue de Verdun,46.104642,4.743798,Crépuscule ou aube,En agglomération,Intersection en T,Normale,Deux véhicules - côté,3,2,2,0,1,1,1,0,1,30,2,2,1,0,1,0,73.0,67.0,deux_roues,voiture,2,2,3,1,3
202200004902,2022-02-11 06:20:00,2022,2,11,6,20,93,93005,FERNAND HERBAUD (RUE),48.9323583615,2.4949686447,Nuit avec éclairage allumé,En agglomération,Intersection en T,Normale,Autre collision,4,1,1,0,1,1,2,0,1,50,1,2,1,0,0,1,59.0,,voiture,,5,2,3,1,6
202200004903,2022-09-22 00:10:00,2022,9,22,0,10,95,95365,RN 104,49.061746454,2.4158629775,Nuit sans éclairage public,Hors agglomération,Hors intersection,Normale,Autre collision,2,3,4,0,1,1,1,0,1,110,1,1,0,0,0,1,44.0,,voiture,,3,1,1,1,6
202200004904,2022-08-04 10:00:00,2022,8,4,10,0,974,97411,CHAUDRON  (BLD 1 DU),-20.88882,55.49027,Plein jour,En agglomération,Hors intersection,Normale,Trois véhicules et plus - en chaîne,2,2,2,0,1,1,1,0,1,30,3,4,3,0,1,0,69.0,56.0,voiture,voiture,1,2,1,1,4
202200004905,2022-02-12 13:40:00,2022,2,12,13,40,92,92063,MICHELET (RUE),48.8844678103,2.1750775874,Plein jour,En agglomération,Hors intersection,Normale,Deux véhicules - côté,4,1,1,1,1,1,1,0,1,50,2,2,1,0,1,0,57.0,55.0,voiture,deux_roues,1,2,1,1,3
202200004906,2022-09-20 00:50:00,2022,9,20,0,50,95,95313,A16 ,49.1041299301,2.2627007961,Nuit sans éclairage public,Hors agglomération,Hors intersection,Normale,Autre collision,1,3,4,0,1,3,1,0,3,110,1,1,0,1,0,0,25.0,,voiture,,3,1,1,1,6
202200004907,2022-08-03 08:00:00,2022,8,3,8,0,974,97407,BOUVET (AVENUE),-20.9524,55.2951,Plein jour,En agglomération,Hors intersection,Normale,Deux véhicules - côté,4,1,2,0,1,1,1,9,1,50,2,2,1,0,0,1,46.0,59.0,voiture,deux_roues,1,2,1,1,3
202200004908,2022-02-12 15:30:00,2022,2,12,15,30,92,92035,Fauvelles ( rue des ),48.9021560225,2.2391043976,Plein jour,En agglomération,Hors intersection,Normale,Autre collision,4,2,2,0,1,1,1,0,1,50,1,3,2,0,0,1,49.0,,voiture,,1,2,1,1,6
202200004909,2022-09-20 22:30:00,2022,9,20,22,30,95,95488,A15,49.0198791261,2.1385225654,Nuit sans éclairage public,Hors agglomération,Hors intersection,Normale,Deux véhicules - côté,1,3,6,0,1,1,1,0,1,110,2,2,1,0,0,1,26.0,57.0,voiture,voiture,3,1,1,1,3
202200004910,2022-08-04 15:50:00,2022,8,4,15,50,69,69387,Rue de Gerland,45.73125,4.83852,Plein jour,En agglomération,Intersection en X,Normale,Deux véhicules - frontale,4,2,2,0,1,1,1,0,1,30,2,2,1,0,0,1,29.0,26.0,deux_roues,voiture,1,2,2,1,1
202200004911,2022-09-17 17:30:00,2022,9,17,17,30,95,95353,Allée des marronniers,49.0734992567,2.3090520501,Plein jour,En agglomération,Hors intersection,Normale,Autre collision,4,2,2,0,2,1,1,0,1,30,1,2,1,0,0,1,26.0,,voiture,,1,2,1,1,6
202200004912,2022-02-12 18:55:00,2022,2,12,18,55,92,92025,JOLIOT CURIE (ALLEE),48.9341369114,2.2693871409,Nuit avec éclairage allumé,En agglomération,Hors intersection,Normale,Autre collision,4,1,1,0,1,1,1,0,1,30,1,2,1,0,0,1,34.0,,voiture,,5,2,1,1,6
202200004913,2022-08-04 08:00:00,2022,8,4,8,0,69,69387,Rue d'Anvers,45.75175,4.84549,Plein jour,En agglomération,Intersection en X,Normale,Deux véhicules - côté,4,1,1,0,1,1,1,0,1,50,2,2,1,0,0,1,27.0,32.0,voiture,deux_roues,1,2,2,1,3
202200004914,2022-09-15 11:20:00,2022,9,15,11,20,95,95355,Rue de Paris,49.1544034643,1.7869600654,Plein jour,En agglomération,Hors intersection,Normale,Deux véhicules - côté,4,2,2,0,4,1,1,0,1,50,2,2,1,0,1,0,74.0,65.0,voiture,deux_roues,1,2,1,1,3
202200004915,2022-02-12 18:00:00,2022,2,12,18,0,92,92024,GENERAL ROGUET (RUE DU) DE (1 A 57)   (2,48.9072454466,2.3129476905,Crépuscule ou aube,En agglomération,Hors intersection,Normale,Deux véhicules - côté,4,2,2,0,1,1,1,0,1,50,2,2,1,0,0,1,49.0,40.0,deux_roues,voiture,2,2,1,1,3
202200004916,2022-08-02 20:00:00,2022,8,2,20,0,972,97213,ROUTE NATIONALE 1,14.62147,-60.99148,Nuit sans éclairage public,Hors agglomération,Hors intersection,Normale,Deux véhicules - côté,2,-1,2,0,1,1,1,0,1,50,2,3,2,0,1,0,19.0,32.0,voiture,deux_roues,3,1,1,1,3
202200004917,2022-09-12 14:40:00,2022,9,12,14,40,95,95409,RD 909,49.0472613318,2.3315960169,Plein jour,Hors agglomération,Hors intersection,Temps éblouissant,Autre collision,3,2,2,0,1,1,1,0,1,70,1,2,1,0,0,1,59.0,,voiture,,1,1,1,7,6
202200004918,2022-02-12 03:51:00,2022,2,12,3,51,92,92019,VALLEE AUX LOUPS (VOIE DE LA),48.767383,2.253841,Nuit avec éclairage allumé,En agglomération,Intersection en T,Normale,Autre collision,4,2,2,0,1,1,1,0,4,50,1,2,1,0,0,1,,,voiture,,5,2,3,1,6
202200004919,2022-11-23 14:50:00,2022,11,23,14,50,75,75120,ECHANGEUR BAGNOLET,48.864879,2.412969,Plein jour,En agglomération,Hors intersection,Normale,Sans collision,4,1,2,0,2,2,2,0,1,50,1,1,0,0,0,1,47.0,,deux_roues,,1,2,1,1,7
202200004920,2022-02-12 13:20:00,2022,2,12,13,20,92,92009,ARGENTEUIL AV D',48.9248022582,2.2748144567,Plein jour,En agglomération,Hors intersection,Normale,Autre collision,3,2,2,0,1,1,1,0,1,50,1,2,1,0,0,1,44.0,,voiture,,1,2,1,1,6
202200004921,2022-08-03 02:00:00,2022,8,3,2,0,2A,2A004,PAOLI DOMINIQUE  BD,41.9293,8.7374,Nuit avec éclairage allumé,En agglomération,Intersection en X,Normale,Deux véhicules - côté,4,2,2,0,4,1,1,0,1,50,2,3,2,0,0,1,21.0,38.0,voiture,deux_roues,5,2,2,1,3
202200004922,2022-11-22 09:30:00,2022,11,22,9,30,75,75116,PORTE DE SAINT CLOUD,48.835363,2.258692,Plein jour,En agglomération,Hors intersection,Pluie légère,Deux véhicules - arrière,4,1,4,0,1,2,2,0,1,70,2,2,1,0,0,1,23.0,32.0,deux_roues,voiture,1,2,1,2,2
202200004923,2022-02-12 14:35:00,2022,2,12,14,35,01,01235,Grange Blanche,46.066796,5.068061,Plein jour,Hors agglomération,Autre intersection,Normale,Deux véhicules - côté,3,2,1,0,1,1,1,0,1,80,2,2,1,0,1,0,25.0,52.0,voiture,deux_roues,1,1,9,1,3
202200004924,2022-02-13 10:30:00,2022,2,13,10,30,49,49127,19 Avenue d Angers,47.665899,-0.242737,Plein jour,En agglomération,Hors intersection,Normale,Autre collision,3,2,2,2,1,1,1,9,1,50,1,2,1,0,0,1,85.0,,voiture,,1,2,1,1,6
202200004925,2022-11-22 06:00:00,2022,11,22,6,0,75,75118,PORTE D AUBERVILLIERS,48.900238,2.376544,Nuit avec éclairage allumé,En agglomération,Hors intersection,Pluie légère,Deux véhicules - arrière,4,1,4,0,1,1,2,0,1,70,2,2,0,0,0,2,39.0,36.0,voiture,voiture,5,2,1,2,2
202200004926,2022-08-04 17:35:00,2022,8,4,17,35,95,95277,Avenue Georges Kerdavid,48.99454,2.440628,Plein jour,En agglomération,Hors intersection,Normale,Trois véhicules et plus - en chaîne,3,2,2,3,1,1,1,0,1,50,4,4,3,0,0,1,26.0,42.0,voiture,voiture,1,2,1,1,4
202200004927,2022-07-29 16:50:00,2022,7,29,16,50,95,95598,Avenue de Paris,48.9875560822,2.2947505116,Plein jour,En agglomération,Autre intersection,Temps éblouissant,Autre collision,3,3,4,0,1,2,1,0,6,30,1,2,1,0,1,0,62.0,,voiture,,1,2,9,7,6
202200004928,2022-11-21 18:50:00,2022,11,21,18,50,75,75113,RUE DE TOLBIAC,48.82576,2.349422,Nuit avec éclairage allumé,En agglomération,Hors intersection,Normale,Deux véhicules - côté,4,2,3,0,1,1,2,0,1,30,2,2,1,0,1,0,22.0,49.0,voiture,deux_roues,5,2,1,1,3
202200004929,2022-02-12 17:15:00,2022,2,12,17,15,31,31163,D826,43.593345,1.591768,Plein jour,Hors agglomération,Hors intersection,Normale,Deux véhicules - frontale,7,2,2,0,2,4,1,0,1,70,2,4,2,1,0,1,37.0,74.0,voiture,voiture,1,1,1,1,1
202200004930,2022-08-04 17:30:00,2022,8,4,17,30,91,91421,GENERAL LECLERC (RUE DU),48.70596,2.4618,Plein jour,En agglomération,Hors intersection,Normale,Deux véhicules - arrière,3,2,1,0,2,1,1,0,1,50,2,3,2,0,0,1,,83.0,voiture,voiture,1,2,1,1,2
202200004931,2022-11-21 03:13:00,2022,11,21,3,13,75,75120,COURS DE VINCENNES,48.848386,2.399273,Nuit avec éclairage allumé,En agglomération,Intersection en X,Normale,Autre collision,4,2,4,2,1,1,1,0,1,30,1,2,1,0,1,0,,,voiture,,5,2,2,1,6
202200004932,2022-08-03 22:41:00,2022,8,3,22,41,87,87085,LECLERC (AVENUE DU GENERAL),45.84395,1.25961,Nuit avec éclairage allumé,En agglomération,Hors intersection,Normale,Sans collision,4,2,2,0,2,1,1,0,1,50,1,1,0,0,0,1,46.0,,deux_roues,,5,2,1,1,7
202200004933,2022-11-23 09:05:00,2022,11,23,9,5,75,75119,RUE MANIN,48.8783,2.378289,Plein jour,En agglomération,Hors intersection,Temps couvert,Deux véhicules - côté,4,2,2,0,1,1,1,0,1,30,2,2,1,0,0,1,49.0,32.0,voiture,deux_roues,1,2,1,8,3
202200004934,2022-02-13 14:30:00,2022,2,13,14,30,974,97413,RN1,-21.240882,55.311806,Plein jour,Hors agglomération,Hors intersection,Normale,Autre collision,2,2,2,2,1,1,1,0,1,80,3,8,1,1,1,5,39.0,24.0,voiture,voiture,1,1,1,1,6
202200004935,2022-07-31 10:46:00,2022,7,31,10,46,87,87085,CLEMENCEAU  (BOULEVARD GEORGES),45.85129,1.26656,Plein jour,En agglomération,Intersection en T,Normale,Sans collision,4,2,2,0,2,1,1,0,1,50,2,2,1,0,0,1,77.0,83.0,deux_roues,voiture,1,2,3,1,7
202200004936,2022-11-22 19:40:00,2022,11,22,19,40,75,75117,BOULEVARD MALESHERBES,48.885875,2.306456,Nuit avec éclairage allumé,En agglomération,Intersection en T,Normale,Autre collision,4,2,2,0,1,1,1,0,1,30,1,1,0,0,0,1,48.0,,voiture,,5,2,3,1,6
202200004937,2022-02-13 09:25:00,2022,2,13,9,25,62,62844,Route Départementale 126,50.543286,2.03275,Plein jour,En agglomération,Hors intersection,Normale,Deux véhicules - frontale,3,2,2,0,2,1,1,0,1,80,2,2,0,0,0,2,20.0,19.0,voiture,voiture,1,2,1,1,1
202200004938,2022-08-04 08:55:00,2022,8,4,8,55,83,83137,TESSE (BD DE),43.1262588539,5.9340709448,Plein jour,En agglomération,Hors intersection,Normale,Autre collision,4,1,1,0,1,1,1,0,1,30,1,2,1,0,0,1,63.0,,voiture,,1,2,1,1,6
202200004939,2022-02-12 22:00:00,2022,2,12,22,0,77,77113,D215,48.737057,3.196009,Nuit avec éclairage allumé,En agglomération,Hors intersection,Normale,Autre collision,3,2,2,0,2,1,1,0,8,50,1,1,0,0,0,1,32.0,,deux_roues,,5,2,1,1,6
202200004940,2022-08-04 04:20:00,2022,8,4,4,20,83,83069,TOULON (VIEUX CHEMIN DE),43.1235501174,6.1041015387,Nuit avec éclairage allumé,En agglomération,Hors intersection,Normale,Sans collision,4,2,2,0,1,2,1,0,1,50,1,1,0,0,1,0,45.0,,deux_roues,,5,2,1,1,7
202200004941,2022-11-23 15:50:00,2022,11,23,15,50,75,75116,AVENUE DE MALAKOFF,48.876031,2.283734,Plein jour,En agglomération,Hors intersection,Temps couvert,Deux véhicules - côté,4,2,3,0,1,1,2,0,1,30,2,3,2,0,0,1,65.0,53.0,deux_roues,voiture,1,2,1,8,3
202200004942,2022-02-13 06:25:00,2022,2,13,6,25,77,77113,D215,48.744192,3.201506,Nuit avec éclairage non allumé,Hors agglomération,Hors intersection,Normale,Autre collision,3,2,2,0,1,1,1,0,1,80,1,2,1,1,0,0,32.0,,voiture,,4,1,1,1,6
202200004943,2022-08-04 16:50:00,2022,8,4,16,50,83,83034,AVENUE VALERANE,43.0888,6.09047,Plein jour,Hors agglomération,Hors intersection,Normale,Deux véhicules - arrière,7,2,2,0,1,1,1,0,1,70,2,3,2,0,0,1,27.0,21.0,voiture,voiture,1,1,1,1,2
202200004944,2022-02-12 05:20:00,2022,2,12,5,20,82,82141,Avenue Jean Duquesne,44.104417,0.927696,Nuit avec éclairage allumé,En agglomération,Hors intersection,Normale,Autre collision,4,2,2,0,1,3,1,0,3,50,1,1,0,0,1,0,37.0,,voiture,,5,2,1,1,6
202200004945,2022-11-23 10:45:00,2022,11,23,10,45,75,75114,PLACE DENFERT ROCHEREAU,48.833697,2.33192,Plein jour,En agglomération,Place,Pluie forte,Deux véhicules - côté,4,2,4,0,1,1,2,0,1,30,2,2,1,0,0,1,46.0,48.0,utilitaire_camion,deux_roues,1,2,7,3,3
202200004946,2022-02-13 14:50:00,2022,2,13,14,50,63,63330,7 Route de Tourzel,45.550671,3.14287,Plein jour,En agglomération,Hors intersection,Normale,Sans collision,3,2,2,0,1,1,1,0,1,50,1,1,0,0,1,0,27.0,,deux_roues,,1,2,1,1,7
202200004947,2022-08-04 13:50:00,2022,8,4,13,50,78,78498,DUPLOYE PLACE EMILE,48.92867,2.03809,Plein jour,En agglomération,Intersection à plus de 4 branches,Normale,Deux véhicules - côté,3,2,2,0,2,1,1,0,1,30,2,2,1,0,0,1,40.0,58.0,voiture,deux_roues,1,2,5,1,3
202200004948,2022-11-23 18:45:00,2022,11,23,18,45,75,75113,AVENUE D ITALIE,48.826182,2.357275,Nuit avec éclairage allumé,En agglomération,Intersection en X,Normale,Deux véhicules - côté,4,2,6,1,1,1,1,0,5,30,2,3,1,0,0,2,53.0,25.0,voiture,deux_roues,5,2,2,1,3
202200004949,2022-02-09 17:40:00,2022,2,9,17,40,42,42267,Route de Pouilly,46.154385,4.162075,Plein jour,En agglomération,Intersection en T,Normale,Deux véhicules - arrière,3,2,2,0,1,1,1,0,1,50,2,2,1,0,0,1,54.0,51.0,deux_roues,utilitaire_camion,1,2,3,1,2
202200004950,2022-08-04 17:35:00,2022,8,4,17,35,77,77186,D148,48.35235,2.76366,Plein jour,Hors agglomération,Hors intersection,Normale,Sans collision,3,2,2,0,3,2,1,0,1,70,1,3,2,0,0,1,20.0,,voiture,,1,1,1,1,7
202200004951,2022-11-23 16:15:00,2022,11,23,16,15,75,75113,AVENUE CLAUDE REGAUD,48.821193,2.372313,Plein jour,En agglomération,Intersection en Y,Normale,Autre collision,4,2,3,0,1,1,1,0,1,30,1,2,1,0,0,1,44.0,,voiture,,1,2,4,1,6
202200004952,2022-08-03 16:30:00,2022,8,3,16,30,72,72181,LIBERTE (AV DE LA),47.94495,0.19294,Plein jour,Hors agglomération,Hors intersection,Normale,Autre collision,3,3,4,0,1,1,1,0,1,70,1,1,0,0,0,1,43.0,,voiture,,1,1,1,1,6
202200004953,2022-02-11 07:30:00,2022,2,11,7,30,86,86213,13 Rue Melusine,46.420846,0.044873,Crépuscule ou aube,En agglomération,Hors intersection,Brouillard / fumée,Autre collision,3,2,2,0,1,1,1,0,1,50,1,2,1,0,1,0,27.0,,voiture,,2,2,1,5,6
202200004954,2022-08-04 16:55:00,2022,8,4,16,55,71,71040,BOIS CLAIR (RUE DU),46.6996421518,4.3804003894,Plein jour,En agglomération,Hors intersection,Normale,Autre collision,4,2,2,0,1,2,1,0,1,50,1,1,0,0,1,0,22.0,,voiture,,1,2,1,1,6
202200004955,2022-11-23 18:10:00,2022,11,23,18,10,75,75112,RUE DE CHARENTON,48.832546,2.396566,Nuit avec éclairage allumé,En agglomération,Intersection en T,Normale,Deux véhicules - côté,4,2,4,0,1,1,1,0,1,30,2,2,1,0,0,1,73.0,29.0,voiture,deux_roues,5,2,3,1,3
202200004956,2022-11-23 07:48:00,2022,11,23,7,48,75,75112,RUE CHALIGNY,48.847011,2.383774,Crépuscule ou aube,En agglomération,Intersection en X,Pluie légère,Autre collision,4,2,2,0,1,1,2,0,1,30,1,2,1,0,0,1,57.0,,voiture,,2,2,2,2,6
202200004957,2022-08-04 17:20:00,2022,8,4,17,20,71,71475,GIVRY (ROUTE DE ),46.7739089112,4.8210542214,Plein jour,En agglomération,Intersection en X,Temps éblouissant,Deux véhicules - côté,3,2,2,0,1,1,1,0,1,50,2,3,2,0,0,1,58.0,48.0,deux_roues,voiture,1,2,2,7,3
202200004958,2022-02-11 18:45:00,2022,2,11,18,45,44,44003,20 Route de Nort sur Erdre,47.377328,-1.206372,Nuit sans éclairage public,Hors agglomération,Hors intersection,Normale,Deux véhicules - arrière,4,2,2,0,1,1,1,0,1,70,2,2,1,0,1,0,30.0,20.0,voiture,deux_roues,3,1,1,1,2
202200004959,2022-11-22 23:10:00,2022,11,22,23,10,75,75111,AVENUE PARMENTIER,48.865265,2.374542,Nuit avec éclairage allumé,En agglomération,Intersection en X,Normale,Deux véhicules - côté,4,2,2,0,1,1,1,0,1,30,2,2,1,0,0,1,24.0,27.0,voiture,deux_roues,5,2,2,1,3
202200004960,2022-08-04 17:45:00,2022,8,4,17,45,69,69091,Rue Yves Farge,45.5922839624,4.7681026161,Plein jour,En agglomération,Hors intersection,Normale,Deux véhicules - frontale,4,4,1,0,1,1,1,1,1,50,2,3,2,0,0,1,17.0,21.0,deux_roues,voiture,1,2,1,1,1
202200004961,2022-02-13 07:50:00,2022,2,13,7,50,31,31107,D627,43.277776,1.208646,Plein jour,Hors agglomération,Hors intersection,Normale,Autre collision,3,2,2,0,1,1,1,0,3,80,1,2,0,0,2,0,25.0,,voiture,,1,1,1,1,6
202200004962,2022-11-23 11:40:00,2022,11,23,11,40,75,75109,PLACE JACQUES ROUCHE,48.872198,2.332807,Plein jour,En agglomération,Place,Pluie légère,Deux véhicules - côté,4,1,2,0,1,2,2,0,1,30,2,2,1,0,0,1,60.0,33.0,voiture,deux_roues,1,2,7,2,3
202200004963,2022-02-12 14:20:00,2022,2,12,14,20,01,01196,60 Route de Bourg,46.365991,5.121426,Plein jour,En agglomération,Hors intersection,Normale,Deux véhicules - arrière,3,2,2,0,3,1,1,0,1,70,2,2,1,0,0,1,62.0,49.0,voiture,deux_roues,1,2,1,1,2
202200004964,2022-08-03 20:15:00,2022,8,3,20,15,67,67267,Rue du Lac,48.56926,7.69822,Plein jour,En agglomération,Hors intersection,Normale,Deux véhicules - frontale,4,2,2,0,1,2,1,0,1,50,2,2,1,0,0,1,22.0,75.0,voiture,deux_roues,1,2,1,1,1
202200004965,2022-11-23 14:16:00,2022,11,23,14,16,75,75108,AVENUE DES CHAMPS ELYSEES,48.871234,2.303039,Plein jour,En agglomération,Hors intersection,Pluie légère,Deux véhicules - arrière,4,2,8,0,1,1,2,0,1,30,2,2,1,0,0,1,20.0,48.0,utilitaire_camion,voiture,1,2,1,2,2
202200004966,2022-02-12 14:45:00,2022,2,12,14,45,09,09312,Route de Mirepoix,43.096635,1.659397,Plein jour,Hors agglomération,Hors intersection,Normale,Autre collision,3,2,2,0,1,1,1,0,3,80,1,4,2,0,1,1,64.0,,voiture,,1,1,1,1,6
202200004967,2022-08-02 13:51:00,2022,8,2,13,51,66,66136,,42.70011,2.88649,Plein jour,En agglomération,Hors intersection,Normale,Deux véhicules - arrière,4,2,4,0,1,1,1,0,1,50,2,2,1,0,0,1,21.0,33.0,voiture,voiture,1,2,1,1,2
202200004968,2022-02-13 12:00:00,2022,2,13,12,0,73,73059,D991 - Boulevard Gaston Mollex,45.733613,5.883613,Plein jour,Hors agglomération,Hors intersection,Temps éblouissant,Deux véhicules - côté,3,2,2,0,1,1,1,0,1,50,2,3,1,0,1,1,28.0,53.0,deux_roues,voiture,1,1,1,7,3
202200004969,2022-11-23 16:28:00,2022,11,23,16,28,75,75104,RUE DES DEUX PONTS,48.851124,2.355932,Crépuscule ou aube,En agglomération,Intersection en X,Normale,Deux véhicules - côté,4,2,2,0,1,1,1,0,1,30,2,2,1,0,0,1,,68.0,utilitaire_camion,deux_roues,2,2,2,1,3
202200004970,2022-02-11 16:54:00,2022,2,11,16,54,53,53048,Les éclairets,48.233815,-0.856177,Plein jour,Hors agglomération,Hors intersection,Normale,Sans collision,4,2,2,0,2,1,1,0,1,80,1,1,0,0,1,0,55.0,,deux_roues,,1,1,1,1,7
202200004971,2022-08-03 11:17:00,2022,8,3,11,17,63,63113,DUMAS (BD J.BAPTISTE),45.78658,3.09144,Plein jour,En agglomération,Intersection en T,Normale,Autre collision,4,2,2,0,1,2,1,0,1,50,1,2,1,0,1,0,44.0,,utilitaire_camion,,1,2,3,1,6
202200004972,2022-11-23 15:20:00,2022,11,23,15,20,94,94081,CONCORDE (R DE LA),48.79922,2.38598,Plein jour,En agglomération,Hors intersection,Pluie légère,Deux véhicules - arrière,4,2,2,0,1,1,2,0,1,50,2,2,1,0,0,1,29.0,33.0,voiture,voiture,1,2,1,2,2
202200004973,2022-02-11 20:45:00,2022,2,11,20,45,17,17057,Chemin de bouhet,46.14767,-0.874368,Nuit sans éclairage public,Hors agglomération,Hors intersection,Normale,Deux véhicules - frontale,3,2,2,0,1,1,1,0,1,80,2,2,0,1,1,0,49.0,61.0,voiture,voiture,3,1,1,1,1
202200004974,2022-11-23 10:40:00,2022,11,23,10,40,94,94058,ALSACE LORRAINE (BD D),48.8493288873,2.4958546961,Plein jour,En agglomération,Giratoire,Pluie légère,Deux véhicules - côté,3,4,6,0,1,1,2,5,1,50,2,2,0,0,0,2,36.0,44.0,voiture,voiture,1,2,6,2,3
202200004975,2022-08-04 12:05:00,2022,8,4,12,5,59,59183,DUMEZ EUGENE,51.0368559676,2.392399013,Plein jour,En agglomération,Hors intersection,Normale,Deux véhicules - côté,4,1,1,0,1,1,1,0,1,30,2,2,1,0,1,0,62.0,53.0,voiture,voiture,1,2,1,1,3
202200004976,2022-02-12 17:00:00,2022,2,12,17,0,64,64125,A63 - PK 183.600 - Sens E/F,43.4474447373,-1.5453216285,Plein jour,Hors agglomération,Hors intersection,Normale,Deux véhicules - arrière,1,1,3,0,1,3,1,7,1,70,2,9,8,0,1,0,52.0,64.0,voiture,voiture,1,1,1,1,2
202200004977,2022-11-23 04:25:00,2022,11,23,4,25,94,94081,JEAN JAURES (AV),48.793736,2.398761,Nuit avec éclairage allumé,En agglomération,Intersection en T,Normale,Sans collision,4,2,2,0,1,1,1,0,1,50,1,3,2,0,0,1,24.0,,voiture,,5,2,3,1,7
202200004978,2022-08-04 12:40:00,2022,8,4,12,40,56,56098,106 Rue Jean Jaurès,47.76688,-3.35581,Plein jour,En agglomération,Hors intersection,Normale,Deux véhicules - arrière,3,2,2,0,1,1,1,0,1,50,2,2,1,0,0,1,49.0,57.0,deux_roues,voiture,1,2,1,1,2
202200004979,2022-02-12 12:50:00,2022,2,12,12,50,69,69097,Route Départementale 59,45.4931149647,4.7545625413,Plein jour,Hors agglomération,Hors intersection,Normale,Sans collision,3,2,2,0,1,2,1,0,8,80,1,3,0,0,1,2,19.0,,voiture,,1,1,1,1,7
202200004980,2022-11-23 04:50:00,2022,11,23,4,50,94,94028,PASTEUR VALERY RADOT(IMPASSE ET RUE),48.78924,2.44518,Nuit avec éclairage allumé,En agglomération,Intersection en Y,Normale,Deux véhicules - côté,4,1,1,0,1,1,1,5,1,50,2,2,1,0,0,1,23.0,32.0,deux_roues,voiture,5,2,4,1,3
202200004981,2022-02-13 10:15:00,2022,2,13,10,15,973,97305,Savane Matiti,5.061705,-52.561898,Plein jour,Hors agglomération,Place,Normale,Sans collision,2,2,2,0,1,1,1,5,1,80,1,2,0,1,1,0,40.0,,deux_roues,,1,1,7,1,7