accident_id,datetime,annee,mois,jour,heure,minute,departement,commune_insee,adresse,latitude,longitude,luminosite,agglomeration,intersection,meteo,collision,catr,circ,nbv,vosp,prof,plan,surf,infra,situ,vma,nb_vehicules,nb_usagers,nb_indemnes,nb_tues,nb_blesses_hosp,nb_blesses_legers,age_cond_1,age_cond_2,veh_type_cond_1,veh_type_cond_2,lum_code,agg_code,int_code,atm_code,col_code
202200004982,2022-11-22 07:40:00,2022,11,22,7,40,94,94011,RANCY(QUAI DU),48.77493,2.49509,Crépuscule ou aube,En agglomération,Hors intersection,Pluie légère,Deux véhicules - côté,4,2,2,0,1,1,2,9,4,50,2,2,0,0,0,2,36.0,23.0,voiture,voiture,2,2,1,2,3
202200004983,2022-02-12 17:30:00,2022,2,12,17,30,29,29233,Rue de Pont-Aven,47.871705,-3.558841,Plein jour,En agglomération,Intersection en X,Normale,Sans collision,4,2,2,0,1,1,1,0,1,50,1,2,1,0,1,0,62.0,,deux_roues,,1,2,2,1,7
202200004984,2022-11-23 13:00:00,2022,11,23,13,0,93,93070,Boulevard Jean Jaurès,48.913564,2.335749,Plein jour,En agglomération,Hors intersection,Pluie légère,Deux véhicules - côté,3,1,2,1,1,1,2,0,8,50,2,3,1,0,0,2,36.0,37.0,autre,deux_roues,1,2,1,2,3
202200004985,2022-02-12 15:30:00,2022,2,12,15,30,13,13015,398t Boulevard de Valcros,43.459418,5.416796,Plein jour,En agglomération,Intersection en T,Normale,Deux véhicules - côté,4,2, -1,-1,1,1,1,-1,1,-1,2,2,1,0,1,0,39.0,48.0,utilitaire_camion,deux_roues,1,2,3,1,3
202200004986,2022-11-23 16:05:00,2022,11,23,16,5,93,93032,Avenue Jean Jaurès / Rue Parmentier,48.88421,2.53168,Plein jour,En agglomération,Intersection en T,Temps couvert,Autre collision,3,2,3,0,1,1,1,0,1,30,1,2,1,0,0,1,23.0,,voiture,,1,2,3,8,6
202200004987,2022-02-09 18:11:00,2022,2,9,18,11,88,88321,Route de Langres,48.343621,5.691399,Crépuscule ou aube,En agglomération,Intersection en T,Normale,Deux véhicules - frontale,3,2,1,0,2,1,1,0,1,50,3,3,2,0,1,0,31.0,40.0,deux_roues,voiture,2,2,3,1,1
202200004988,2022-11-23 14:10:00,2022,11,23,14,10,93,93005,Boulevard Georges Braque,48.9539,2.483012,Plein jour,En agglomération,Hors intersection,Pluie légère,Autre collision,3,3,4,0,1,1,2,0,1,50,1,2,1,0,0,1,,,utilitaire_camion,,1,2,1,2,6
202200004989,2022-02-12 09:00:00,2022,2,12,9,0,55,55572,rd 16,49.3948009302,5.4238049982,Plein jour,Hors agglomération,Hors intersection,Temps éblouissant,Deux véhicules - arrière,3,2,2,0,1,1,1,2,1,80,2,2,1,0,0,1,21.0,63.0,utilitaire_camion,utilitaire_camion,1,1,1,7,2
202200004990,2022-11-23 20:50:00,2022,11,23,20,50,92,92073,LOUCHEUR (BOULEVARD LOUIS),48.861746,2.212694,Nuit avec éclairage allumé,En agglomération,Intersection en X,Normale,Deux véhicules - côté,3,2,4,3,2,1,2,0,1,50,2,2,1,0,0,1,35.0,21.0,voiture,deux_roues,5,2,2,1,3
202200004991,2022-02-12 15:10:00,2022,2,12,15,10,38,38556,D131c,45.359488,4.833148,Plein jour,Hors agglomération,Hors intersection,Normale,Deux véhicules - frontale,3,2,2,0,2,2,1,0,1,80,2,2,1,0,0,1,33.0,25.0,utilitaire_camion,voiture,1,1,1,1,1
202200004992,2022-02-12 00:50:00,2022,2,12,0,50,38,38298,Chemin des Ayencins,45.377936,4.804249,Nuit avec éclairage allumé,En agglomération,Hors intersection,Normale,Autre collision,4,2,2,0,4,1,1,0,1,50,1,1,0,0,0,1,62.0,,deux_roues,,5,2,1,1,6
202200004993,2022-11-23 08:50:00,2022,11,23,8,50,92,92049,BRIAND AVENUE ARISTIDE N°1 A 129,48.8150058398,2.325874865,Plein jour,En agglomération,Hors intersection,Pluie légère,Deux véhicules - arrière,3,3,8,1,1,1,2,0,1,50,2,2,1,0,0,1,29.0,20.0,voiture,utilitaire_camion,1,2,1,2,2
202200004994,2022-02-12 16:10:00,2022,2,12,16,10,07,07042,Avenue Pierre Brossolette,44.363353,4.64355295,Plein jour,En agglomération,Hors intersection,Normale,Autre collision,4,2,2,0,1,1,1,0,1,50,1,2,1,0,1,0,80.0,,voiture,,1,2,1,1,6
202200004995,2022-11-23 18:30:00,2022,11,23,18,30,92,92044,VIC. HUGO(RUE)091A113 ET 112A146,48.89846,2.29416,Nuit avec éclairage allumé,En agglomération,Hors intersection,Normale,Autre collision,3,2,2,3,1,1,1,5,1,50,1,2,1,0,0,1,43.0,,voiture,,5,2,1,1,6
202200004996,2022-02-13 04:10:00,2022,2,13,4,10,01,01049,,45.847605,5.045063,Nuit avec éclairage allumé,En agglomération,Hors intersection,Normale,Autre collision,3,2,2,0,1,1,1,9,1,50,1,1,0,0,1,0,44.0,,deux_roues,,5,2,1,1,6
202200004997,2022-02-13 16:00:00,2022,2,13,16,0,69,69178,Route de Montbrison,45.6933011914,4.4419537782,Plein jour,Hors agglomération,Hors intersection,Temps éblouissant,Autre collision,3,2,2,0,1,2,1,0,1,80,1,1,0,1,0,0,36.0,,deux_roues,,1,1,1,7,6
202200004998,2022-11-23 14:35:00,2022,11,23,14,35,92,92026,GAMBETTA,48.8939724574,2.2480854392,Plein jour,En agglomération,Intersection en X,Normale,Deux véhicules - côté,3,1,2,1,1,1,2,0,1,50,2,2,1,0,0,1,43.0,51.0,autre,voiture,1,2,2,1,3
202200004999,2022-02-13 12:45:00,2022,2,13,12,45,32,32307,Route d Auch,43.612991,0.588065,Plein jour,En agglomération,Hors intersection,Normale,Deux véhicules - côté,3,2,2,0,1,1,1,9,1,50,2,2,1,1,0,0,74.0,71.0,deux_roues,voiture,1,2,1,1,3
202200005000,2022-11-23 08:10:00,2022,11,23,8,10,92,92025,PAUL BERT (RUE),48.9283876157,2.2467684746,Plein jour,En agglomération,Autre intersection,Normale,Deux véhicules - côté,3,-1,2,0,1,1,1,2,1,30,2,2,1,0,0,1,28.0,40.0,deux_roues,voiture,1,2,9,1,3
202200005001,2022-02-12 19:30:00,2022,2,12,19,30,17,17418,Route de la Commission,45.662047,-0.41379,Nuit sans éclairage public,Hors agglomération,Hors intersection,Normale,Deux véhicules - frontale,3,2,2,0,1,1,1,0,1,80,2,2,0,0,2,0,37.0,73.0,deux_roues,deux_roues,3,1,1,1,1
202200005002,2022-11-23 17:10:00,2022,11,23,17,10,92,92024,HENRI BARBUSSE (RUE) DE (73 A 139),48.8996661619,2.3053948581,Nuit avec éclairage allumé,En agglomération,Hors intersection,Normale,Deux véhicules - côté,3,2,2,0,1,1,1,0,1,50,2,2,1,0,0,1,44.0,27.0,deux_roues,deux_roues,5,2,1,1,3
202200005003,2022-02-13 10:40:00,2022,2,13,10,40,33,33498,place de la Mairie/ Route de la Haute Lande,44.551094,-0.870253,Plein jour,En agglomération,Intersection en T,Normale,Autre collision,4,1,1,0,1,1,1,0,1,50,1,2,1,0,1,0,56.0,,voiture,,1,2,3,1,6
202200005004,2022-02-11 14:15:00,2022,2,11,14,15,49,49020,Avenue du Grand Périgné,47.473924,-0.615056,Plein jour,En agglomération,Giratoire,Normale,Autre collision,4,2,2,0,1,1,1,5,8,50,1,2,1,0,1,0,85.0,,voiture,,1,2,6,1,6
202200005005,2022-11-23 10:25:00,2022,11,23,10,25,92,92024,GENERAL LECLERC (RUE DU) DE (59 ET PLUS),48.9098154268,2.3066133857,Plein jour,En agglomération,Hors intersection,Pluie forte,Autre collision,3,2,4,1,1,1,2,0,1,50,1,2,1,0,0,1,32.0,,deux_roues,,1,2,1,3,6
202200005006,2022-02-12 23:41:00,2022,2,12,23,41,02,02524,,49.063069,3.47801,Nuit sans éclairage public,Hors agglomération,Hors intersection,Normale,Autre collision,3,2,2,0,1,1,1,0,1,80,1,1,0,0,0,1,16.0,,deux_roues,,3,1,1,1,6
202200005007,2022-11-23 21:50:00,2022,11,23,21,50,92,92007,BRIAND (AVENUE ARISTIDE) N° 2 A 98,48.8080904577,2.3262058496,Nuit avec éclairage allumé,En agglomération,Autre intersection,Normale,Deux véhicules - arrière,3,1,3,1,1,1,1,0,1,50,2,2,1,0,0,1,25.0,46.0,deux_roues,voiture,5,2,9,1,2
202200005008,2022-02-11 23:12:00,2022,2,11,23,12,13,13015,A51-Sens Aix en Provence vers Marseille,43.442792,5.395995,Nuit sans éclairage public,Hors agglomération,Hors intersection,Normale,Deux véhicules - frontale,1,1,2,0,2,1,1,0,2,90,1,1,0,0,0,1,21.0,,voiture,,3,1,1,1,1
202200005009,2022-02-11 21:03:00,2022,2,11,21,3,13,13207,TVPCM-Sens Saint Victor vers Les Ports,43.2908910754,5.3647971153,Nuit avec éclairage allumé,Hors agglomération,Hors intersection,Normale,Deux véhicules - côté,4,1,2,0,1,2,1,1,1,50,1,3,1,0,0,2,36.0,,voiture,,5,1,1,1,3
202200005010,2022-11-23 07:45:00,2022,11,23,7,45,92,92002,ARISTIDE BRIAND (AVENUE),48.7597,2.30755,Plein jour,En agglomération,Intersection en T,Normale,Deux véhicules - côté,3,2,4,2,1,1,2,0,1,50,2,2,1,0,0,1,45.0,35.0,utilitaire_camion,deux_roues,1,2,3,1,3
202200005011,2022-11-23 16:50:00,2022,11,23,16,50,50,50167,22 Route de la Plage,48.713717,-1.503766,Plein jour,En agglomération,Hors intersection,Temps couvert,Autre collision,3,2,2,0,2,1,2,0,1,50,1,2,1,0,0,1,30.0,,voiture,,1,2,1,8,6
202200005012,2022-02-12 14:25:00,2022,2,12,14,25,91,91064,RN 118,48.754,2.22336,Plein jour,Hors agglomération,Hors intersection,Normale,Deux véhicules - arrière,2,2,2,0,1,1,1,0,1,90,2,3,2,0,0,1,37.0,25.0,voiture,voiture,1,1,1,1,2
202200005013,2022-11-20 11:30:00,2022,11,20,11,30,34,34225,3 Avenue de Beziers,43.368745,3.042934,Plein jour,En agglomération,Hors intersection,Normale,Deux véhicules - frontale,3,2,2,0,2,2,1,0,1,30,2,6,0,0,0,6,42.0,41.0,voiture,voiture,1,2,1,1,1
202200005014,2022-02-12 11:32:00,2022,2,12,11,32,94,94034,AUTOROUTE A86,48.75999,2.32117,Plein jour,Hors agglomération,Hors intersection,Normale,Trois véhicules et plus - en chaîne,1,1,2,0,1,1,1,1,1,70,5,6,5,0,0,1,,41.0,voiture,utilitaire_camion,1,1,1,1,4
202200005015,2022-11-24 15:30:00,2022,11,24,15,30,52,52331,23 Rue des Ponts,48.47583,4.769509,Plein jour,En agglomération,Hors intersection,Temps éblouissant,Autre collision,3,2,2,0,1,1,1,9,1,50,1,2,1,0,1,0,52.0,,voiture,,1,2,1,7,6
202200005016,2022-11-19 17:25:00,2022,11,19,17,25,34,34270,12 Route de Montpellier,43.5756543735,3.8298771807,Crépuscule ou aube,En agglomération,Hors intersection,Normale,Autre collision,7,2,3,0,1,1,1,0,1,50,1,2,1,0,0,1,69.0,,deux_roues,,2,2,1,1,6
202200005017,2022-02-12 13:30:00,2022,2,12,13,30,94,94034,AUTOROUTE A86,48.75999,2.32117,Plein jour,Hors agglomération,Hors intersection,Normale,Trois véhicules et plus - collisions multiples,1,3,2,0,1,1,1,1,1,70,4,4,3,0,0,1,38.0,24.0,voiture,deux_roues,1,1,1,1,5
202200005018,2022-11-23 18:45:00,2022,11,23,18,45,59,59099,37 Rue Victor Hugo,50.153988,3.613367,Nuit avec éclairage allumé,En agglomération,Autre intersection,Autre,Sans collision,4,2,2,0,1,1,2,9,3,50,1,1,0,1,0,0,67.0,,deux_roues,,5,2,9,9,7
202200005019,2022-11-23 22:20:00,2022,11,23,22,20,79,79103,52 Rue du Bois Martin,46.78452,-0.56678,Nuit avec éclairage allumé,En agglomération,Hors intersection,Pluie légère,Sans collision,4,2,2,0,1,1,2,0,3,50,1,1,0,0,0,1,25.0,,voiture,,5,2,1,2,7
202200005020,2022-02-12 13:45:00,2022,2,12,13,45,91,91340,RN 104,48.60961,2.44197,Plein jour,Hors agglomération,Hors intersection,Normale,Deux véhicules - arrière,2,2,4,0,1,1,1,0,1,90,2,2,1,0,0,1,47.0,21.0,voiture,voiture,1,1,1,1,2
202200005021,2022-11-24 18:15:00,2022,11,24,18,15,71,71182,Route d'Autun,46.799589,4.794325,Nuit avec éclairage allumé,Hors agglomération,Intersection en X,Temps couvert,Sans collision,3,2,4,0,1,1,2,5,1,70,1,1,0,0,1,0,40.0,,deux_roues,,5,1,2,8,7
202200005022,2022-02-12 11:05:00,2022,2,12,11,5,91,91216,AUTOROUTE A6,48.68377,2.32859,Plein jour,Hors agglomération,Hors intersection,Normale,Deux véhicules - arrière,1,1,3,0,1,1,1,0,1,110,2,2,0,0,0,2,43.0,46.0,voiture,voiture,1,1,1,1,2
202200005023,2022-11-23 06:45:00,2022,11,23,6,45,12,12054,Le Puech de Ligue,44.314138,2.1776,Nuit sans éclairage public,Hors agglomération,Hors intersection,Brouillard / fumée,Autre collision,3,2,2,0,1,2,2,0,3,90,1,1,0,0,1,0,28.0,,voiture,,3,1,1,5,6
202200005024,2022-02-11 20:35:00,2022,2,11,20,35,94,94034,AUTOROUTE A6B,48.75292,2.33172,Nuit sans éclairage public,Hors agglomération,Hors intersection,Normale,Trois véhicules et plus - en chaîne,1,2,4,0,1,1,1,0,1,110,4,4,2,0,0,2,33.0,20.0,voiture,voiture,3,1,1,1,4
202200005025,2022-11-24 09:15:00,2022,11,24,9,15,25,25258,D75,47.227044,5.930364,Plein jour,Hors agglomération,Hors intersection,Normale,Trois véhicules et plus - collisions multiples,3,2,2,0,1,1,2,0,1,80,3,3,1,0,1,1,42.0,50.0,voiture,voiture,1,1,1,1,5
202200005026,2022-02-12 02:20:00,2022,2,12,2,20,92,92064,A13,48.8393601311,2.2168941841,Nuit avec éclairage allumé,Hors agglomération,Hors intersection,Normale,Autre collision,1,1,3,0,3,3,1,9,1,70,1,1,0,0,0,1,40.0,,deux_roues,,5,1,1,1,6
202200005027,2022-11-24 08:50:00,2022,11,24,8,50,38,38291,305 Route de Grenoble,45.347687,5.099679,Plein jour,Hors agglomération,Hors intersection,Normale,Autre collision,3,2,2,0,1,1,1,0,3,70,1,1,0,1,0,0,85.0,,voiture,,1,1,1,1,6
202200005028,2022-02-07 21:00:00,2022,2,7,21,0,92,92036,AUTOROUTE A86,48.9385170499,2.300017589,Nuit sans éclairage public,Hors agglomération,Hors intersection,Normale,Deux véhicules - arrière,1,3,1,0,2,4,1,0,1,70,2,2,1,0,0,1,56.0,25.0,voiture,voiture,3,1,1,1,2
202200005029,2022-11-24 12:30:00,2022,11,24,12,30,02,02693,,49.261405,3.300126,Plein jour,Hors agglomération,Hors intersection,Normale,Deux véhicules - frontale,3,2,2,0,2,3,2,0,1,80,2,2,1,0,0,1,46.0,35.0,voiture,utilitaire_camion,1,1,1,1,1
202200005030,2022-02-12 08:00:00,2022,2,12,8,0,95,95060, A115,49.03433,2.1971,Plein jour,Hors agglomération,Hors intersection,Normale,Deux véhicules - arrière,1,3,4,0,1,1,1,0,1,90,2,2,0,0,0,2,31.0,32.0,voiture,voiture,1,1,1,1,2
202200005031,2022-02-11 21:40:00,2022,2,11,21,40,95,95488, A15,49.0241181005,2.132935524,Nuit sans éclairage public,Hors agglomération,Hors intersection,Normale,Autre collision,1,3,6,0,1,1,1,0,1,110,1,1,0,0,0,1,52.0,,voiture,,3,1,1,1,6
202200005032,2022-11-23 15:15:00,2022,11,23,15,15,26,26165,Avenue des cévennes,44.771653,4.831393,Plein jour,En agglomération,Hors intersection,Normale,Autre collision,4,2,2,0,1,1,1,0,4,50,1,2,1,1,0,0,80.0,,voiture,,1,2,1,1,6
202200005033,2022-02-11 18:10:00,2022,2,11,18,10,93,93007,AUTOROUTE A1,48.95152,2.45084,Crépuscule ou aube,Hors agglomération,Hors intersection,Normale,Deux véhicules - arrière,1,3,4,0,1,1,1,0,1,110,2,2,1,0,0,1,38.0,64.0,voiture,voiture,2,1,1,1,2
202200005034,2022-06-03 13:10:00,2022,6,3,13,10,30,30243,MONTEZE (ROUTE DE),44.09862,4.08166,Plein jour,Hors agglomération,Autre intersection,Normale,Deux véhicules - côté,3,2,2,0,1,2,1,0,1,70,2,2,1,0,1,0,35.0,24.0,voiture,deux_roues,1,1,9,1,3
202200005035,2022-11-23 15:15:00,2022,11,23,15,15,60,60273,D1032,49.4737709404,2.8365415472,Plein jour,Hors agglomération,Hors intersection,Normale,Deux véhicules - arrière,3,3,4,0,1,1,1,0,2,110,2,3,0,0,3,0,65.0,23.0,voiture,voiture,1,1,1,1,2
202200005036,2022-02-11 05:00:00,2022,2,11,5,0,92,92036,AUTOROUTE A15,48.9492053212,2.2806984183,Nuit sans éclairage public,Hors agglomération,Hors intersection,Pluie légère,Autre collision,1,3,8,0,1,3,2,2,1,110,1,1,0,0,0,1,24.0,,voiture,,3,1,1,2,6
202200005037,2022-11-24 05:20:00,2022,11,24,5,20,07,07126,Brugière,44.435347,4.41064,Nuit avec éclairage non allumé,Hors agglomération,Autre intersection,Brouillard / fumée,Sans collision,3,2,2,0,2,1,2,0,1,90,1,1,0,0,1,0,15.0,,deux_roues,,4,1,9,5,7
202200005038,2022-02-11 14:28:00,2022,2,11,14,28,24,24322,STALINGRAD (BOULEVARD DE),45.1836160733,0.7296109198,Plein jour,En agglomération,Intersection en T,Normale,Deux véhicules - côté,4,2,3,3,1,1,1,0,6,50,2,3,2,1,0,0,61.0,82.0,deux_roues,voiture,1,2,3,1,3
202200005039,2022-06-04 21:55:00,2022,6,4,21,55,29,29232,Avenue de Kerrien,47.9957,-4.14589,Nuit sans éclairage public,Hors agglomération,Hors intersection,Normale,Deux véhicules - frontale,4,2,2,0,3,3,1,0,1,70,2,4,1,0,2,1,52.0,44.0,utilitaire_camion,voiture,3,1,1,1,1
202200005040,2022-11-23 13:30:00,2022,11,23,13,30,40,40230,Avenue Robert Labeyrie,43.783878,-0.933586,Plein jour,En agglomération,Intersection en T,Normale,Deux véhicules - côté,3,2,2,0,1,1,1,5,1,50,2,2,0,0,1,1,23.0,41.0,deux_roues,voiture,1,2,3,1,3
202200005041,2022-06-03 18:45:00,2022,6,3,18,45,29,29232,Rue du Frugy,47.98776,-4.108691,Plein jour,En agglomération,Hors intersection,Normale,Deux véhicules - côté,4,2,2,0,4,1,1,5,1,50,2,2,1,0,0,1,77.0,25.0,voiture,deux_roues,1,2,1,1,3
202200005042,2022-11-24 12:20:00,2022,11,24,12,20,37,37151,D938,47.448424,0.631789,Plein jour,Hors agglomération,Intersection en T,Normale,Trois véhicules et plus - collisions multiples,7,2,1,0,1,1,1,0,1,80,3,3,2,0,1,0,33.0,43.0,utilitaire_camion,voiture,1,1,3,1,5
202200005043,2022-02-11 13:45:00,2022,2,11,13,45,974,97409,ILE DE FRANCE(AVENUE),-20.95204,55.6488,Plein jour,En agglomération,Intersection en T,Normale,Deux véhicules - frontale,4,2,2,0,1,1,1,0,1,50,2,2,1,0,0,1,76.0,37.0,voiture,deux_roues,1,2,3,1,1
202200005044,2022-06-03 08:50:00,2022,6,3,8,50,29,29232,Allée de Meilh Stang Vihan,48.015124,-4.107841,Plein jour,En agglomération,Giratoire,Normale,Autre collision,4,2,2,0,1,1,1,5,1,50,1,1,0,0,0,1,58.0,,voiture,,1,2,6,1,6
202200005045,2022-02-10 16:30:00,2022,2,10,16,30,973,97302,MADELEINE (ROUTE DE LA),4.91445,-52.32093,Plein jour,En agglomération,Hors intersection,Normale,Deux véhicules - côté,3,2,2,0,1,1,1,0,1,50,2,3,1,0,0,2,33.0,27.0,deux_roues,voiture,1,2,1,1,3
202200005046,2022-11-24 00:36:00,2022,11,24,0,36,77,77295,Autoroute A 5 PK 9.580 en direction de TROYES,48.568202,2.755444,Nuit sans éclairage public,Hors agglomération,Hors intersection,Normale,Autre collision,1,3,4,0,1,1,2,0,1,130,3,3,2,0,0,1,42.0,42.0,voiture,utilitaire_camion,3,1,1,1,6
202200005047,2022-06-05 06:25:00,2022,6,5,6,25,29,29019,quai Commandant Malbert,48.382287,-4.489704,Plein jour,En agglomération,Giratoire,Normale,Autre collision,4,2,1,0,1,2,1,0,1,30,1,2,1,0,0,1,20.0,,voiture,,1,2,6,1,6
202200005048,2022-02-11 07:35:00,2022,2,11,7,35,69,69383,Rue Duguesclin,45.75486,4.84993,Plein jour,En agglomération,Intersection en X,Pluie légère,Deux véhicules - côté,4,1,1,2,1,1,2,0,1,50,2,2,1,0,0,1,41.0,35.0,voiture,deux_roues,1,2,2,2,3
202200005049,2022-11-23 11:15:00,2022,11,23,11,15,01,01195,615 Rue Charles Robin,46.212722,5.330078,Plein jour,En agglomération,Hors intersection,Normale,Deux véhicules - frontale,3,2,2,0,3,4,1,0,1,50,2,3,1,0,0,2,53.0,19.0,utilitaire_camion,voiture,1,2,1,1,1
202200005050,2022-02-11 18:23:00,2022,2,11,18,23,972,97213,PIERRE ZOBDA QUITMAN (RUE),14.61181,-61.00191,Nuit avec éclairage allumé,En agglomération,Hors intersection,Normale,Deux véhicules - côté,4,2,2,0,1,1,1,0,1,50,2,3,1,0,0,2,39.0,59.0,autre,utilitaire_camion,5,2,1,1,3
202200005051,2022-02-11 05:10:00,2022,2,11,5,10,69,69286,Route de Strasbourg,45.83797,4.91466,Nuit avec éclairage allumé,En agglomération,Hors intersection,Pluie forte,Autre collision,7,2,2,0,2,1,2,0,1,5,1,1,0,0,0,1,21.0,,voiture,,5,2,1,3,6
202200005052,2022-06-01 09:25:00,2022,6,1,9,25,29,29019,Rue de Quimper,48.401455,-4.456545,Plein jour,En agglomération,Intersection en X,Normale,Trois véhicules et plus - collisions multiples,4,-1,2,0,2,1,1,0,1,50,4,5,3,0,0,2,23.0,43.0,voiture,voiture,1,2,2,1,5
202200005053,2022-02-11 19:00:00,2022,2,11,19,0,2B,2B033,AV DE LA LIBERATION,42.68582,9.44524,Nuit avec éclairage allumé,En agglomération,Hors intersection,Normale,Deux véhicules - côté,4,2,2,0,2,1,1,0,1,50,2,3,1,0,0,2,57.0,49.0,deux_roues,voiture,5,2,1,1,3
202200005054,2022-11-23 18:45:00,2022,11,23,18,45,95,95604,RD 317,49.1063307416,2.531978488,Nuit sans éclairage public,Hors agglomération,Hors intersection,Normale,Trois véhicules et plus - collisions multiples,3,2,2,0,1,1,1,0,1,80,3,7,0,0,3,4,34.0,35.0,voiture,voiture,3,1,1,1,5
202200005055,2022-06-03 23:15:00,2022,6,3,23,15,28,28134,EUROPE (BOULEVARD DE L'),48.7377,1.352067,Nuit avec éclairage allumé,En agglomération,Intersection en X,Normale,Deux véhicules - côté,4,2,2,0,1,1,1,5,1,50,2,3,2,0,0,1,,39.0,deux_roues,voiture,5,2,2,1,3
202200005056,2022-02-11 17:33:00,2022,2,11,17,33,95,95268,AV DE STALINGRAD,48.9657844232,2.4084252119,Plein jour,En agglomération,Hors intersection,Normale,Autre collision,3,2,2,0,1,1,1,0,1,50,1,2,1,0,0,1,38.0,,voiture,,1,2,1,1,6
202200005057,2022-11-24 17:30:00,2022,11,24,17,30,69,69097,Rey,45.505926,4.733996,Nuit sans éclairage public,Hors agglomération,Hors intersection,Normale,Deux véhicules - frontale,3,2,2,0,2,1,1,0,1,-1,2,2,1,0,1,0,14.0,60.0,deux_roues,voiture,3,1,1,1,1
202200005058,2022-06-03 08:15:00,2022,6,3,8,15,28,28404,TORCAY (RUE DE),48.71908,1.36174,Plein jour,En agglomération,Autre intersection,Normale,Deux véhicules - côté,4,2,2,0,1,1,1,5,1,50,2,7,0,0,0,7,37.0,45.0,voiture,voiture,1,2,9,1,3
202200005059,2022-11-23 20:30:00,2022,11,23,20,30,973,97304,N1,5.148464,-52.670989,Nuit sans éclairage public,Hors agglomération,Hors intersection,Normale,Deux véhicules - arrière,2,2,2,0,1,1,1,2,1,70,2,2,1,0,1,0,64.0,29.0,deux_roues,voiture,3,1,1,1,2
202200005060,2022-02-11 13:15:00,2022,2,11,13,15,95,95063,RD 392,48.93423,2.20914,Plein jour,En agglomération,Intersection en X,Normale,Autre collision,3,2,2,0,1,1,1,0,1,50,1,2,1,0,0,1,,,voiture,,1,2,2,1,6
202200005061,2022-06-03 15:15:00,2022,6,3,15,15,27,27701,PARC (CH. DU) FALAISES A LACS,49.27298,1.21184,Plein jour,En agglomération,Hors intersection,Pluie forte,Deux véhicules - arrière,4,-1,2,1,1,2,2,0,1,50,2,2,1,0,0,1,18.0,70.0,deux_roues,voiture,1,2,1,3,2
202200005062,2022-02-11 18:35:00,2022,2,11,18,35,91,91191,François Miterrand (Avenue),48.72168,2.4687,Nuit avec éclairage allumé,En agglomération,Hors intersection,Normale,Autre collision,3,2,2,0,1,3,1,0,1,30,1,2,1,0,0,1,51.0,,voiture,,5,2,1,1,6
202200005063,2022-11-23 08:00:00,2022,11,23,8,0,77,77413,D8A,48.879675,2.854058,Plein jour,En agglomération,Intersection en X,Normale,Deux véhicules - côté,3,2,2,0,1,1,2,5,1,50,2,2,1,0,1,0,53.0,17.0,voiture,deux_roues,1,2,2,1,3
202200005064,2022-06-02 16:10:00,2022,6,2,16,10,27,27299,RN 154,49.0497651549,1.1799316396,Plein jour,Hors agglomération,Hors intersection,Normale,Autre collision,2,1,2,0,2,1,1,0,1,110,1,2,0,0,0,2,25.0,,voiture,,1,1,1,1,6
202200005065,2022-11-20 14:28:00,2022,11,20,14,28,34,34052,D16,43.307755,3.031025,Plein jour,Hors agglomération,Hors intersection,Normale,Autre collision,3,2,2,0,1,1,1,0,1,80,1,1,0,0,1,0,50.0,,voiture,,1,1,1,1,6
202200005066,2022-06-01 17:25:00,2022,6,1,17,25,27,27299,AVIRON (COTE D'),49.0505451994,1.1400547026,Plein jour,En agglomération,Hors intersection,Normale,Autre collision,4,2,2,0,2,4,1,0,3,50,1,1,0,0,0,1,29.0,,voiture,,1,2,1,1,6
202200005067,2022-02-11 19:00:00,2022,2,11,19,0,91,91326,ALBERT SARRAULT (AVENUE),48.69452,2.36137,Nuit avec éclairage allumé,En agglomération,Intersection en X,Normale,Deux véhicules - côté,4,1,1,0,1,1,1,0,1,50,2,3,0,0,0,3,40.0,31.0,voiture,voiture,5,2,2,1,3
202200005068,2022-11-24 09:15:00,2022,11,24,9,15,83,83035,D2,43.257003,5.750906,Plein jour,Hors agglomération,Giratoire,Normale,Deux véhicules - côté,3,2,2,0,1,3,1,5,1,50,2,2,1,0,1,0,49.0,39.0,deux_roues,voiture,1,1,6,1,3
202200005069,2022-02-11 15:10:00,2022,2,11,15,10,91,91027,AV FRANCOIS MITTERRAND,48.70477,2.37175,Plein jour,En agglomération,Hors intersection,Normale,Autre collision,3,2,5,0,1,1,1,0,4,50,1,1,0,0,0,1,21.0,,voiture,,1,2,1,1,6
202200005070,2022-03-21 07:55:00,2022,3,21,7,55,13,13005,A50-Sens Marseille vers Aubagne,43.28456,5.57205,Plein jour,Hors agglomération,Hors intersection,Normale,Deux véhicules - côté,1,3,2,0,2,3,1,0,1,110,1,4,1,0,0,3,20.0,,utilitaire_camion,,1,1,1,1,3
202200005071,2022-11-22 17:45:00,2022,11,22,17,45,71,71291,lieu-dit les brenons,46.222317,4.023533,Crépuscule ou aube,Hors agglomération,Hors intersection,Pluie légère,Trois véhicules et plus - collisions multiples,3,2,2,0,1,1,2,2,1,80,3,3,2,0,1,0,55.0,46.0,voiture,voiture,2,1,1,2,5
202200005072,2022-02-10 20:04:00,2022,2,10,20,4,87,87065,LIBERATION (AVENUE DE LA),45.813,1.33237,Nuit avec éclairage allumé,En agglomération,Intersection en T,Normale,Deux véhicules - côté,3,4,3,0,1,1,1,0,1,50,2,2,1,0,0,1,50.0,50.0,deux_roues,voiture,5,2,3,1,3