accident_id,datetime,annee,mois,jour,heure,minute,departement,commune_insee,adresse,latitude,longitude,luminosite,agglomeration,intersection,meteo,collision,catr,circ,nbv,vosp,prof,plan,surf,infra,situ,vma,nb_vehicules,nb_usagers,nb_indemnes,nb_tues,nb_blesses_hosp,nb_blesses_legers,age_cond_1,age_cond_2,veh_type_cond_1,veh_type_cond_2,lum_code,agg_code,int_code,atm_code,col_code
202200005257,2022-06-02 07:45:00,2022,6,2,7,45,13,13209,SCHLOESING (BOULEVARD),43.2701988064,5.4026945738,Plein jour,En agglomération,Intersection en T,Normale,Deux véhicules - arrière,4,1,3,0,1,1,1,0,1,50,2,3,0,0,1,1,47.0,,voiture,voiture,1,2,3,1,2
202200005258,2022-11-20 15:50:00,2022,11,20,15,50,69,69381,Boulevard de la Croix-Rousse,45.7722308944,4.8188064247,Plein jour,En agglomération,Intersection en T,Normale,Deux véhicules - frontale,4,2,4,2,1,1,1,0,1,30,2,2,1,0,0,1,20.0,,deux_roues,deux_roues,1,2,3,1,1
202200005259,2022-03-21 06:30:00,2022,3,21,6,30,69,69029,Avenue Pierre Mendès France,45.7181120876,4.9096561966,Crépuscule ou aube,En agglomération,Hors intersection,Normale,Deux véhicules - côté,7,2,3,3,2,2,1,0,1,50,2,2,1,0,0,1,,41.0,voiture,deux_roues,2,2,1,1,3
202200005260,2022-06-02 08:22:00,2022,6,2,8,22,13,13213,CHATEAU GOMBERT CHEMIN,43.33526,5.42066,Plein jour,En agglomération,Hors intersection,Normale,Deux véhicules - côté,4,2,0,0,1,1,1,0,4,50,2,3,2,0,0,1,20.0,35.0,voiture,voiture,1,2,1,1,3
202200005261,2022-11-22 09:05:00,2022,11,22,9,5,971,97113,Chemin de la BOUAYE,16.22003159,-61.4900279045,Plein jour,En agglomération,Hors intersection,Normale,Deux véhicules - côté,4,2,2,0,1,1,1,8,1,50,2,3,2,0,0,1,27.0,50.0,voiture,autre,1,2,1,1,3
202200005262,2022-03-21 05:22:00,2022,3,21,5,22,67,67482,ARISTIDE BRIAND (AVENUE),48.56825,7.77603,Nuit avec éclairage allumé,En agglomération,Hors intersection,Normale,Deux véhicules - côté,4,3,6,3,1,2,1,0,1,50,2,4,3,0,0,1,,22.0,voiture,voiture,5,2,1,1,3
202200005263,2022-11-21 14:00:00,2022,11,21,14,0,971,97101,PETIT PEROU,16.25176,-61.51894,Plein jour,En agglomération,Hors intersection,Normale,Autre collision,3,2,3,0,1,1,1,0,1,50,1,2,1,0,0,1,,,voiture,,1,2,1,1,6
202200005264,2022-06-01 15:30:00,2022,6,1,15,30,13,13212,PARETTE (PLACE DE LA),43.2935283538,5.42508436,Plein jour,En agglomération,Intersection en T,Normale,Deux véhicules - frontale,4,2,2,0,1,1,1,0,1,50,2,2,1,0,1,0,,54.0,voiture,deux_roues,1,2,3,1,1
202200005265,2022-11-21 13:20:00,2022,11,21,13,20,971,97101,RN11,16.2734253704,-61.5348690748,Plein jour,Hors agglomération,Hors intersection,Normale,Sans collision,2,3,4,0,1,1,1,0,1,90,1,1,0,0,0,1,27.0,,voiture,,1,1,1,1,7
202200005266,2022-05-03 15:30:00,2022,5,3,15,30,21,21273,autoroute A38,47.3023066143,4.8294219375,Plein jour,Hors agglomération,Hors intersection,Normale,Sans collision,1,3,4,0,1,1,1,0,1,130,1,3,1,0,0,2,36.0,,voiture,,1,1,1,1,7
202200005267,2022-12-30 12:00:00,2022,12,30,12,0,77,77307,D231,48.866399,2.737896,Plein jour,En agglomération,Hors intersection,Pluie légère,Deux véhicules - arrière,3,2,2,0,1,1,2,0,1,50,2,3,2,0,0,1,41.0,19.0,voiture,voiture,1,2,1,2,2
202200005268,2022-03-20 02:00:00,2022,3,20,2,0,66,66136,FAUCEILLE (CHEMIN DE LA),42.66905,2.89877,Nuit sans éclairage public,En agglomération,Hors intersection,Normale,Deux véhicules - arrière,4,2,2,0,1,1,1,0,1,50,2,3,2,0,0,1,22.0,32.0,voiture,voiture,3,2,1,1,2
202200005269,2022-06-05 21:10:00,2022,6,5,21,10,13,13028,CD.559,43.18119,5.67092,Crépuscule ou aube,En agglomération,Autre intersection,Normale,Deux véhicules - côté,3,3,2,0,2,1,1,0,1,50,2,2,0,0,1,1,57.0,18.0,voiture,deux_roues,2,2,9,1,3
202200005270,2022-05-03 09:00:00,2022,5,3,9,0,14,14061,D53,49.01077,-0.84424,Plein jour,En agglomération,Intersection en T,Normale,Autre collision,3,1,1,0,1,2,1,0,1,30,1,2,1,0,0,1,62.0,,voiture,,1,2,3,1,6
202200005271,2022-11-21 06:55:00,2022,11,21,6,55,971,97113,Section Port Blanc,16.2399508033,-61.4495319128,Plein jour,Hors agglomération,Hors intersection,Pluie légère,Deux véhicules - côté,3,2,1,0,1,1,2,0,1,70,2,2,1,0,0,1,50.0,39.0,utilitaire_camion,voiture,1,1,1,2,3
202200005272,2022-12-31 01:20:00,2022,12,31,1,20,76,76484,D18E,49.34586,1.07686,Nuit avec éclairage allumé,Hors agglomération,Giratoire,Pluie légère,Autre collision,7,4,2,0,1,2,2,0,1,70,1,1,0,0,0,1,19.0,,voiture,,5,1,6,2,6
202200005273,2022-06-05 04:55:00,2022,6,5,4,55,11,11069,Route Minervoise,43.22738,2.36957,Nuit sans éclairage public,En agglomération,Hors intersection,Normale,Sans collision,3,2,2,0,1,2,1,9,3,50,1,2,1,0,0,1,,,voiture,,3,2,1,1,7
202200005274,2022-03-18 17:30:00,2022,3,18,17,30,66,66136,MERMOZ (AVENUE JEAN),42.69645,2.90846,Plein jour,En agglomération,Intersection en Y,Pluie légère,Deux véhicules - côté,4,2,2,0,1,3,2,0,1,50,2,2,1,0,0,1,24.0,,voiture,voiture,1,2,4,2,3
202200005275,2022-06-03 16:05:00,2022,6,3,16,5,11,11069,RD 6161,43.217,2.3232,Plein jour,Hors agglomération,Hors intersection,Normale,Deux véhicules - arrière,3,2,2,0,1,1,1,0,1,80,2,2,0,0,0,2,50.0,74.0,voiture,voiture,1,1,1,1,2
202200005276,2022-05-02 12:20:00,2022,5,2,12,20,74,74165,D3,45.830698,5.981838,Plein jour,En agglomération,Intersection en T,Normale,Deux véhicules - côté,3,2,2,0,1,2,1,0,1,50,2,2,1,0,1,0,21.0,33.0,voiture,deux_roues,1,2,3,1,3
202200005277,2022-12-30 14:15:00,2022,12,30,14,15,76,76486,Rue de la Gare,49.318904,0.991206,Plein jour,Hors agglomération,Hors intersection,Normale,Deux véhicules - frontale,7,2,2,0,2,1,2,0,1,70,2,2,1,0,0,1,24.0,52.0,voiture,voiture,1,1,1,1,1
202200005278,2022-11-21 13:00:00,2022,11,21,13,0,2A,2A004,AVENUE NOEL FRANCHINI RCE LA CHENAIE,41.9418780136,8.7563831109,Plein jour,En agglomération,Hors intersection,Normale,Trois véhicules et plus - en chaîne,2,3,2,0,1,1,1,0,1,50,3,4,0,0,0,4,49.0,22.0,voiture,voiture,1,2,1,1,4
202200005279,2022-03-21 15:15:00,2022,3,21,15,15,64,64348,avenue de santona,43.3207462748,-0.3914469481,Plein jour,En agglomération,Autre intersection,Normale,Deux véhicules - arrière,4,1,2,0,1,1,1,0,1,50,2,5,4,0,0,1,23.0,32.0,voiture,voiture,1,2,9,1,2
202200005280,2022-11-22 16:40:00,2022,11,22,16,40,95,95280,COUTURIER PAUL VAILLANT (BOULEVARD),49.032173,2.468202,Plein jour,En agglomération,Hors intersection,Pluie légère,Autre collision,4,2,2,0,1,1,2,0,1,30,1,2,1,0,0,1,20.0,,voiture,,1,2,1,2,6
202200005281,2022-05-02 22:00:00,2022,5,2,22,0,55,55062,D33,48.840275,5.718062,Nuit sans éclairage public,Hors agglomération,Hors intersection,Normale,Autre collision,3,2,2,0,1,2,1,0,3,80,1,1,0,0,1,0,22.0,,voiture,,3,1,1,1,6
202200005282,2022-12-27 11:35:00,2022,12,27,11,35,71,71076,GRANGE FRANGY,46.77764,4.84547,Plein jour,En agglomération,Hors intersection,Normale,Autre collision,3,4,2,0,1,3,1,0,1,50,1,2,1,0,0,1,21.0,,voiture,,1,2,1,1,6
202200005283,2022-06-04 12:15:00,2022,6,4,12,15,10,10387,DAMPIERRE (QUAI),48.29891,4.07769,Plein jour,En agglomération,Hors intersection,Normale,Deux véhicules - arrière,4,2,2,0,1,1,1,0,1,30,2,3,2,0,0,1,34.0,36.0,voiture,voiture,1,2,1,1,2
202200005284,2022-12-29 12:05:00,2022,12,29,12,5,71,71076,SABATIER (RUE PAUL),46.81253,4.85521,Plein jour,En agglomération,Hors intersection,Normale,Deux véhicules - côté,4,2,2,0,1,1,1,0,1,50,2,2,1,0,0,1,18.0,19.0,deux_roues,voiture,1,2,1,1,3
202200005285,2022-06-05 13:50:00,2022,6,5,13,50,10,10325,LOUIS FRANCOIS ARMAND (RUE),48.2657409846,4.0741682053,Plein jour,En agglomération,Hors intersection,Temps couvert,Autre collision,3,2,2,0,1,2,2,0,4,90,1,1,0,0,0,1,19.0,,voiture,,1,2,1,8,6
202200005286,2022-05-02 15:50:00,2022,5,2,15,50,22,22243,Croas Kerthomas,48.401199,-3.49745,Plein jour,Hors agglomération,Hors intersection,Normale,Autre collision,4,2,2,0,2,1,1,0,3,-1,1,2,0,0,2,0,79.0,,voiture,,1,1,1,1,6
202200005287,2022-03-21 08:05:00,2022,3,21,8,5,64,64348,ERCKMAN CHATRIAN,43.325,-0.382,Plein jour,Hors agglomération,Hors intersection,Normale,Trois véhicules et plus - collisions multiples,4,-1,2,0,1,1,1,0,1,30,3,3,2,0,0,1,24.0,21.0,voiture,voiture,1,1,1,1,5
202200005288,2022-11-21 07:10:00,2022,11,21,7,10,91,91216,ESTIENNES D' ORVES (RUE),48.67943,2.31576,Crépuscule ou aube,En agglomération,Hors intersection,Temps couvert,Deux véhicules - frontale,3,2,2,0,2,1,2,0,1,50,2,2,1,0,0,1,42.0,24.0,voiture,deux_roues,2,2,1,8,1
202200005289,2022-12-30 12:25:00,2022,12,30,12,25,69,69256,Avenue Gaston Monmousseau,45.77972,4.91059,Plein jour,En agglomération,Hors intersection,Pluie légère,Autre collision,4,2,2,2,1,2,2,0,1,50,1,2,1,0,0,1,45.0,,voiture,,1,2,1,2,6
202200005290,2022-05-02 09:20:00,2022,5,2,9,20,22,22015,2 La Mi-Voie,48.411066,-2.574289,Plein jour,Hors agglomération,Hors intersection,Pluie légère,Deux véhicules - frontale,3,2,2,0,1,4,2,0,1,80,2,2,0,1,1,0,73.0,48.0,voiture,voiture,1,1,1,2,1
202200005291,2022-06-04 23:56:00,2022,6,4,23,56,10,10387,JULES GUESDE (RUE),48.2949859827,4.0813350677,Nuit avec éclairage allumé,En agglomération,Giratoire,Normale,Deux véhicules - côté,4,1,2,0,1,1,1,0,1,50,2,2,1,0,0,1,39.0,90.0,voiture,voiture,5,2,6,1,3
202200005292,2022-03-20 15:55:00,2022,3,20,15,55,63,63113,rue Georges Méliès,45.81313,3.1106,Plein jour,En agglomération,Hors intersection,Normale,Deux véhicules - côté,4,2,2,0,1,1,1,0,1,50,2,3,1,0,0,2,30.0,30.0,deux_roues,voiture,1,2,1,1,3
202200005293,2022-12-29 23:30:00,2022,12,29,23,30,69,69266,21 Place Wilson,45.77366,4.86723,Nuit avec éclairage allumé,En agglomération,Intersection en T,Pluie légère,Deux véhicules - côté,4,1,1,0,1,1,2,0,1,50,2,2,0,0,0,2,21.0,41.0,voiture,voiture,5,2,3,2,3
202200005294,2022-11-22 12:25:00,2022,11,22,12,25,91,91345,RTE DE CORBEIL,48.69266,2.29622,Plein jour,En agglomération,Intersection en X,Normale,Deux véhicules - côté,3,2,4,0,1,1,1,5,1,50,2,6,5,0,0,1,35.0,52.0,voiture,utilitaire_camion,1,2,2,1,3
202200005295,2022-04-25 09:00:00,2022,4,25,9,0,35,35096,La Hardouillere,48.0800119057,-1.4231965318,Plein jour,Hors agglomération,Hors intersection,Normale,Deux véhicules - frontale,4,2,2,0,1,3,1,0,1,70,2,2,0,0,1,1,52.0,22.0,voiture,voiture,1,1,1,1,1
202200005296,2022-03-18 12:22:00,2022,3,18,12,22,63,63113,FONTAINE DU LARGE (RUE DE LA),45.79031,3.09087,Plein jour,En agglomération,Hors intersection,Normale,Autre collision,4,2,2,0,2,1,1,0,1,50,1,2,1,0,0,1,31.0,,voiture,,1,2,1,1,6
202200005297,2022-06-04 16:46:00,2022,6,4,16,46,10,10387,GEORGES POMPIDOU (RUE),48.2966312303,4.094274044,Plein jour,En agglomération,Giratoire,Temps couvert,Deux véhicules - côté,4,1,2,0,1,3,1,5,1,50,2,2,1,0,0,1,54.0,37.0,deux_roues,voiture,1,2,6,8,3
202200005298,2022-12-29 18:45:00,2022,12,29,18,45,67,67365,ETTORE BUGATTI (RUE),48.53781,7.6952,Nuit sans éclairage public,En agglomération,Hors intersection,Pluie forte,Deux véhicules - frontale,4,2,3,1,1,1,6,0,1,50,2,3,1,0,0,2,64.0,39.0,voiture,voiture,3,2,1,3,1
202200005299,2022-11-21 08:44:00,2022,11,21,8,44,91,91377,RUE DE PARIS,48.72408,2.26702,Plein jour,En agglomération,Hors intersection,Temps couvert,Deux véhicules - côté,4,3,4,1,1,1,1,0,5,50,2,2,1,0,0,1,35.0,44.0,deux_roues,utilitaire_camion,1,2,1,8,3
202200005300,2022-05-02 15:20:00,2022,5,2,15,20,38,38380,D51,45.45329,5.338347,Plein jour,Hors agglomération,Hors intersection,Normale,Deux véhicules - côté,3,2,2,0,2,2,1,0,1,80,2,2,1,0,0,1,,41.0,voiture,deux_roues,1,1,1,1,3
202200005301,2022-03-18 00:06:00,2022,3,18,0,6,62,62193,SAINT EXUPERY (AVENUE. 220 A ...),50.94636,1.89461,Nuit avec éclairage allumé,En agglomération,Hors intersection,Normale,Autre collision,4,2,2,0,1,1,1,0,1,50,1,1,0,1,0,0,56.0,,voiture,,5,2,1,1,6
202200005302,2022-06-04 12:06:00,2022,6,4,12,6,10,10387,DANTON (RUE),48.30399,4.07606,Plein jour,En agglomération,Autre intersection,Normale,Autre collision,9,-1,0,0,1,1,1,9,8,30,1,2,1,0,0,1,55.0,,voiture,,1,2,9,1,6
202200005303,2022-12-29 09:40:00,2022,12,29,9,40,67,67447,GENERAL DE GAULLE (ROUTE DU),48.59979,7.73959,Plein jour,En agglomération,Intersection en T,Normale,Autre collision,4,2,0,0,1,1,1,0,1,50,1,2,1,0,0,1,64.0,,voiture,,1,2,3,1,6
202200005304,2022-05-02 21:30:00,2022,5,2,21,30,03,03155,Lieu Dit le Malley,46.713024,2.934122,Nuit sans éclairage public,Hors agglomération,Hors intersection,Normale,Autre collision,3,2,2,0,1,1,1,0,1,-1,1,1,0,0,1,0,47.0,,deux_roues,,3,1,1,1,6
202200005305,2022-11-22 18:47:00,2022,11,22,18,47,91,91201,AV DU GENERAL DE GAULLE,48.68664,2.40312,Nuit sans éclairage public,En agglomération,Hors intersection,Normale,Trois véhicules et plus - en chaîne,3,2,3,0,2,1,1,0,1,50,3,4,2,0,0,2,53.0,16.0,voiture,voiture,3,2,1,1,4
202200005306,2022-03-17 15:45:00,2022,3,17,15,45,61,61169,PARIS (place de),48.75105,-0.55005,Plein jour,En agglomération,Giratoire,Temps éblouissant,Deux véhicules - côté,3,1,1,0,1,2,1,5,1,50,2,2,1,0,1,0,23.0,64.0,deux_roues,voiture,1,2,6,7,3
202200005307,2022-12-29 20:32:00,2022,12,29,20,32,67,67180,D263,48.83823,7.80376,Nuit sans éclairage public,Hors agglomération,Hors intersection,Pluie forte,Deux véhicules - arrière,3,2,2,0,1,1,2,0,1,80,2,3,2,0,1,0,22.0,61.0,voiture,voiture,3,1,1,3,2
202200005308,2022-11-22 09:10:00,2022,11,22,9,10,91,91191,Jean Jaures (Avenue),48.71266,2.46487,Plein jour,En agglomération,Giratoire,Normale,Deux véhicules - côté,4,2,2,0,1,2,2,5,1,50,2,2,1,0,0,1,89.0,25.0,voiture,deux_roues,1,2,6,1,3
202200005309,2022-06-04 10:45:00,2022,6,4,10,45,10,10387,MARNE (RUE),48.28009,4.072619,Plein jour,En agglomération,Intersection en X,Normale,Deux véhicules - côté,4,2,2,0,1,1,1,0,1,50,2,5,4,0,0,1,23.0,46.0,voiture,voiture,1,2,2,1,3
202200005310,2022-05-01 11:30:00,2022,5,1,11,30,01,01457,Avenue des sports,46.218663,4.98215,Plein jour,En agglomération,Intersection en X,Normale,Deux véhicules - côté,3,2,2,0,1,1,1,0,1,50,2,2,1,0,0,1,32.0,63.0,voiture,voiture,1,2,2,1,3
202200005311,2022-03-21 07:35:00,2022,3,21,7,35,59,59508,TOURCOING (RUE DE),50.73659,3.12579,Plein jour,En agglomération,Hors intersection,Temps éblouissant,Autre collision,7,2,2,0,1,1,1,8,1,30,1,1,0,0,0,1,30.0,,voiture,,1,2,1,7,6
202200005312,2022-12-30 22:15:00,2022,12,30,22,15,65,65440,Boulevard Pierre Renaudet,43.2465,0.08279,Nuit avec éclairage allumé,En agglomération,Hors intersection,Normale,Deux véhicules - frontale,3,3,2,0,1,1,1,0,1,50,2,2,1,0,0,1,15.0,66.0,deux_roues,utilitaire_camion,5,2,1,1,1
202200005313,2022-11-21 08:00:00,2022,11,21,8,0,91,91657,RUE DES ACACIAS,48.694525,2.433801,Crépuscule ou aube,En agglomération,Intersection en T,Temps couvert,Deux véhicules - côté,4,1,1,0,1,1,2,0,1,50,2,3,0,0,0,3,55.0,42.0,utilitaire_camion,utilitaire_camion,2,2,3,8,3
202200005314,2022-12-30 10:45:00,2022,12,30,10,45,65,65440,FOIRAIL (PLACE DU),43.229325,0.084795,Plein jour,En agglomération,Intersection en X,Normale,Deux véhicules - côté,4,1,3,0,1,1,1,5,1,50,2,2,1,0,0,1,35.0,43.0,voiture,voiture,1,2,2,1,3
202200005315,2022-12-30 05:18:00,2022,12,30,5,18,63,63113,MAYER (BD DANIEL),45.79332,3.0968,Nuit avec éclairage non allumé,En agglomération,Hors intersection,Normale,Autre collision,7,3,4,0,1,1,2,0,1,50,1,1,0,0,0,1,19.0,,voiture,,4,2,1,1,6
202200005316,2022-11-22 21:10:00,2022,11,22,21,10,91,91027,AV FRANCOIS MITTERRAND,48.69995,2.37193,Nuit avec éclairage allumé,En agglomération,Intersection en T,Normale,Deux véhicules - côté,2,3,4,0,1,1,1,0,1,50,2,2,1,0,0,1,32.0,26.0,voiture,deux_roues,5,2,3,1,3
202200005317,2022-05-02 05:00:00,2022,5,2,5,0,58,58085,D977,47.435541,3.417746,Crépuscule ou aube,Hors agglomération,Hors intersection,Normale,Sans collision,3,2,2,0,1,1,1,0,3,80,1,1,0,0,0,1,37.0,,utilitaire_camion,,2,1,1,1,7
202200005318,2022-03-17 17:35:00,2022,3,17,17,35,59,59386,MENIN RUE DE,50.67665,3.08076,Plein jour,En agglomération,Intersection en X,Normale,Deux véhicules - côté,7,2,2,0,1,1,1,5,1,50,2,2,1,0,0,1,48.0,42.0,utilitaire_camion,utilitaire_camion,1,2,2,1,3
202200005319,2022-11-18 17:00:00,2022,11,18,17,0,91,91521,RN 449,48.63499,2.40807,Nuit avec éclairage non allumé,Hors agglomération,Hors intersection,Pluie forte,Sans collision,2,3,4,0,2,3,2,0,1,70,1,1,0,0,1,0,21.0,,deux_roues,,4,1,1,3,7
202200005320,2022-06-02 10:00:00,2022,6,2,10,0,10,10081,TEILHARD DE CHARDIN (RUE),48.3097003208,4.0372878313,Plein jour,En agglomération,Intersection en T,Normale,Deux véhicules - côté,4,2,2,0,1,1,1,0,1,50,2,2,1,0,0,1,60.0,50.0,deux_roues,utilitaire_camion,1,2,3,1,3
202200005321,2022-12-13 08:05:00,2022,12,13,8,5,62,62193,Boulevard Victor Hugo,50.94024,1.87748,Crépuscule ou aube,En agglomération,Giratoire,Temps couvert,Autre collision,4,-1,2,0,1,1,2,5,1,50,1,2,1,0,0,1,23.0,,voiture,,2,2,6,8,6
202200005322,2022-11-20 19:51:00,2022,11,20,19,51,91,91469,D721,48.40704,2.17754,Nuit sans éclairage public,Hors agglomération,Hors intersection,Autre,Sans collision,3,3,2,0,1,1,2,9,8,80,1,1,0,0,0,1,20.0,,voiture,,3,1,1,9,7
202200005323,2022-05-02 13:15:00,2022,5,2,13,15,06,06016,Route de Nice D28,44.093295,6.976341,Plein jour,Hors agglomération,Hors intersection,Normale,Sans collision,9,2,2,0,1,2,2,9,6,-1,1,1,0,0,1,0,35.0,,deux_roues,,1,1,1,1,7
202200005324,2022-03-19 17:00:00,2022,3,19,17,0,59,59390,LANNOY (RUE SUZANNE),50.3426531849,3.1884906291,Plein jour,Hors agglomération,Hors intersection,Normale,Deux véhicules - côté,3,2,2,0,1,1,1,0,1,50,2,2,1,0,1,0,16.0,34.0,deux_roues,voiture,1,1,1,1,3
202200005325,2022-11-22 08:17:00,2022,11,22,8,17,87,87085,MONTJOVIS (AVENUE),45.83796,1.2503,Crépuscule ou aube,En agglomération,Hors intersection,Pluie légère,Deux véhicules - arrière,4,2,2,0,1,1,2,0,1,30,2,2,1,0,1,0,22.0,43.0,deux_roues,voiture,2,2,1,2,2
202200005326,2022-06-02 13:40:00,2022,6,2,13,40,09,09225,ROUTE DEPARTEMENTALE 29,43.12076,1.65263,Plein jour,Hors agglomération,Intersection en T,Normale,Deux véhicules - côté,3,2,2,0,1,1,1,0,1,70,2,2,1,0,1,0,24.0,35.0,utilitaire_camion,deux_roues,1,1,3,1,3
202200005327,2022-05-02 12:15:00,2022,5,2,12,15,43,43091,D631,44.902787,4.155262,Plein jour,En agglomération,Intersection en X,Normale,Deux véhicules - côté,3,2,2,0,1,1,1,0,1,50,2,2,1,0,1,0,47.0,49.0,deux_roues,voiture,1,2,2,1,3
202200005328,2022-11-21 08:46:00,2022,11,21,8,46,87,87085,STALINGRAD (PLACE),45.83238,1.25849,Nuit avec éclairage allumé,En agglomération,Hors intersection,Normale,Autre collision,4,1,0,0,1,1,1,0,1,30,1,2,1,0,1,0,18.0,,deux_roues,,5,2,1,1,6
202200005329,2022-12-30 06:30:00,2022,12,30,6,30,59,59152,ARMENTIERES (RUE D'),50.76008,2.99768,Nuit avec éclairage allumé,En agglomération,Intersection en T,Normale,Deux véhicules - côté,7,2,2,0,1,1,1,0,1,50,2,2,1,0,0,1,24.0,32.0,voiture,voiture,5,2,3,1,3
202200005330,2022-03-18 18:55:00,2022,3,18,18,55,56,56098,NORMANDIE NIEMEN ( BD ),47.76193,-3.35594,Plein jour,En agglomération,Intersection en T,Normale,Deux véhicules - côté,4,2,2,0,1,1,1,0,1,50,2,2,1,0,0,1,52.0,26.0,voiture,voiture,1,2,3,1,3
202200005331,2022-05-30 10:25:00,2022,5,30,10,25,09,09122,FERRIERE (AVENUE DE),42.952,1.615,Plein jour,En agglomération,Autre intersection,Normale,Autre collision,3,-1,1,0,1,1,1,9,8,30,1,1,0,0,0,1,15.0,,deux_roues,,1,2,9,1,6
202200005332,2022-11-18 17:13:00,2022,11,18,17,13,87,87085,LATTRE-DE-TASSIGNY (AVENUE DU MARECHAL),45.82559,1.27061,Plein jour,En agglomération,Intersection en X,Normale,Deux véhicules - côté,3,4,5,0,2,1,1,0,1,50,2,2,1,0,0,1,14.0,76.0,deux_roues,voiture,1,2,2,1,3
202200005333,2022-12-30 04:25:00,2022,12,30,4,25,59,59196,CENTRE COMMERCIAL,50.6312106894,2.9632269144,Nuit avec éclairage non allumé,En agglomération,Hors intersection,Temps couvert,Deux véhicules - côté,7,1,2,0,1,1,2,0,8,30,2,2,1,0,0,1,46.0,35.0,utilitaire_camion,voiture,4,2,1,8,3
202200005334,2022-03-14 19:25:00,2022,3,14,19,25,54,54261,LUXEMBOURG (AVENUE DU),49.5233,5.793,Crépuscule ou aube,En agglomération,Hors intersection,Normale,Autre collision,4,2,2,0,1,1,1,0,1,50,1,2,1,0,0,1,70.0,,voiture,,2,2,1,1,6
202200005335,2022-05-02 21:00:00,2022,5,2,21,0,21,21558,rue de la confrérie,46.977932,4.884619,Nuit avec éclairage non allumé,En agglomération,Intersection en T,Normale,Autre collision,4,2,2,0,1,1,1,2,8,50,1,1,0,1,0,0,17.0,,deux_roues,,4,2,3,1,6
202200005336,2022-11-17 17:01:00,2022,11,17,17,1,87,87075,BAYLES (AVENUE DES),45.81141,1.22353,Plein jour,En agglomération,Hors intersection,Pluie légère,Autre collision,4,2,2,0,1,1,2,0,4,50,1,2,1,0,0,1,33.0,,voiture,,1,2,1,2,6
202200005337,2022-12-30 17:44:00,2022,12,30,17,44,54,54174,RD11B,48.66728,5.8539,Nuit sans éclairage public,Hors agglomération,Intersection en T,Pluie légère,Deux véhicules - côté,3,2,2,0,1,1,2,0,1,80,2,2,1,0,1,0,41.0,16.0,voiture,deux_roues,3,1,3,2,3
202200005338,2022-06-02 15:15:00,2022,6,2,15,15,07,07186,CD 2 ROUTE DE CHOMERAC,44.72508,4.60061,Plein jour,En agglomération,Hors intersection,Normale,Trois véhicules et plus - collisions multiples,3,2,2,0,2,3,1,0,1,50,3,3,2,0,1,0,51.0,40.0,deux_roues,utilitaire_camion,1,2,1,1,5
202200005339,2022-03-18 16:40:00,2022,3,18,16,40,52,52448,LATTRE DE TASSIGNY (RUE MARECHAL DE),48.6382119885,4.9514007568,Plein jour,En agglomération,Autre intersection,Normale,Autre collision,4,1,1,0,1,1,1,0,8,50,1,2,1,1,0,0,57.0,,voiture,,1,2,9,1,6
202200005340,2022-05-02 21:15:00,2022,5,2,21,15,85,85018,Le Grand Pont,46.89829,-2.063497,Crépuscule ou aube,Hors agglomération,Hors intersection,Normale,Autre collision,3,2,2,0,1,1,1,0,3,80,1,1,0,0,1,0,44.0,,voiture,,2,1,1,1,6
202200005341,2022-12-29 18:34:00,2022,12,29,18,34,54,54099,avenue de la république  (Mancieulles),49.28545,5.89446,Nuit avec éclairage allumé,En agglomération,Hors intersection,Normale,Autre collision,3,2,2,0,1,3,1,0,1,50,1,2,1,0,0,1,24.0,,voiture,,5,2,1,1,6
202200005342,2022-11-20 10:50:00,2022,11,20,10,50,87,87085,SABLARD (AVENUE DE),45.828460049,1.2829042416,Plein jour,En agglomération,Intersection en X,Pluie légère,Deux véhicules - côté,1,1,1,0,1,1,2,5,1,50,2,2,1,0,0,1,59.0,66.0,voiture,voiture,1,2,2,2,3
202200005343,2022-05-03 12:10:00,2022,5,3,12,10,37,37254,La Croix d Ouault,47.1944495983,0.8367794752,Plein jour,Hors agglomération,Hors intersection,Normale,Autre collision,3,2,2,0,3,2,1,0,3,80,1,2,0,1,1,0,78.0,,voiture,,1,1,1,1,6
202200005344,2022-06-02 07:45:00,2022,6,2,7,45,07,07116,NATIONALE (ROUTE),44.64522,4.36931,Plein jour,En agglomération,Giratoire,Normale,Deux véhicules - côté,2,2,2,0,1,1,1,0,1,70,2,2,1,0,0,1,67.0,60.0,deux_roues,voiture,1,2,6,1,3
202200005345,2022-12-30 09:40:00,2022,12,30,9,40,45,45068,Rue Nelson Mandela,48.0092232665,2.7231287956,Plein jour,En agglomération,Hors intersection,Pluie forte,Deux véhicules - arrière,4,2,2,0,1,2,2,0,1,50,2,2,1,0,0,1,26.0,58.0,deux_roues,voiture,1,2,1,3,2
202200005346,2022-03-21 14:57:00,2022,3,21,14,57,51,51454,Rue de Neufchâtel,49.27628,4.02691,Plein jour,En agglomération,Intersection en X,Normale,Sans collision,4,-1,3,0,1,1,1,0,1,50,2,3,2,0,0,1,,33.0,voiture,deux_roues,1,2,2,1,7
202200005347,2022-05-03 07:45:00,2022,5,3,7,45,69,69244,Chemin de la Mansion,45.759533,4.758974,Plein jour,En agglomération,Hors intersection,Normale,Autre collision,4,1,1,0,1,1,1,0,1,30,1,2,1,0,0,1,43.0,,voiture,,1,2,1,1,6
202200005348,2022-12-29 19:10:00,2022,12,29,19,10,44,44184,35 Rue Léon Bourgeois,47.27965,-2.22869,Nuit avec éclairage allumé,En agglomération,Autre intersection,Normale,Autre collision,4,2, -1,0,1,1,1,0,1,50,1,2,1,0,1,0,75.0,,voiture,,5,2,9,1,6