accident_id,datetime,annee,mois,jour,heure,minute,departement,commune_insee,adresse,latitude,longitude,luminosite,agglomeration,intersection,meteo,collision,catr,circ,nbv,vosp,prof,plan,surf,infra,situ,vma,nb_vehicules,nb_usagers,nb_indemnes,nb_tues,nb_blesses_hosp,nb_blesses_legers,age_cond_1,age_cond_2,veh_type_cond_1,veh_type_cond_2,lum_code,agg_code,int_code,atm_code,col_code
202200005349,2022-03-21 15:38:00,2022,3,21,15,38,51,51230,Avenue de Champagne,49.0358258739,3.985413909,Plein jour,Hors agglomération,Autre intersection,Normale,Deux véhicules - frontale,3,2,2,0,1,1,1,3,1,50,2,2,1,0,0,1,82.0,75.0,voiture,utilitaire_camion,1,1,9,1,1
202200005350,2022-06-02 19:25:00,2022,6,2,19,25,06,06029,MIDI (BOULEVARD DU),43.54772,6.98168,Crépuscule ou aube,En agglomération,Hors intersection,Normale,Deux véhicules - côté,4,2,2,0,1,1,1,0,1,50,2,3,0,0,2,1,24.0,52.0,deux_roues,deux_roues,2,2,1,1,3
202200005351,2022-05-03 07:47:00,2022,5,3,7,47,33,33351,A10 PK 498.500,45.24909,-0.538673,Plein jour,Hors agglomération,Autre intersection,Normale,Deux véhicules - arrière,1,3,4,0,1,1,1,0,1,130,2,3,2,0,1,0,47.0,23.0,utilitaire_camion,utilitaire_camion,1,1,9,1,2
202200005352,2022-12-29 15:40:00,2022,12,29,15,40,44,44184,163 Boulevard Jean De Neyman,47.27887,-2.24339,Plein jour,En agglomération,Giratoire,Pluie forte,Deux véhicules - arrière,4,1,2,0,1,2,2,5,1,50,2,2,1,0,1,0,72.0,52.0,deux_roues,voiture,1,2,6,3,2
202200005353,2022-06-02 10:45:00,2022,6,2,10,45,06,06029,REPUBLIQUE (BOULEVARD DE LA),43.55452,7.025067,Plein jour,En agglomération,Intersection en X,Normale,Deux véhicules - côté,3,2,2,0,1,1,1,0,1,50,2,2,1,0,0,1,74.0,17.0,voiture,deux_roues,1,2,2,1,3
202200005354,2022-03-21 14:05:00,2022,3,21,14,5,51,51230,Rue Pasteur,49.044598,3.951238,Plein jour,En agglomération,Intersection en Y,Normale,Deux véhicules - côté,3,1,1,0,1,1,1,0,1,50,2,2,1,0,0,1,44.0,34.0,deux_roues,utilitaire_camion,1,2,4,1,3
202200005355,2022-12-31 01:05:00,2022,12,31,1,5,44,44109,13 Boulevard de la Solidarité,47.21619,-1.58844,Nuit avec éclairage allumé,En agglomération,Hors intersection,Pluie légère,Autre collision,4,2,2,0,2,1,2,0,1,50,1,2,1,0,1,0,27.0,,voiture,,5,2,1,2,6
202200005356,2022-06-05 18:10:00,2022,6,5,18,10,06,06123,FAHNESTOCK G. CORNICHE,43.67361,7.18561,Plein jour,En agglomération,Hors intersection,Normale,Autre collision,4,2,2,0,2,2,1,9,8,10,1,1,0,0,0,1,79.0,,voiture,,1,2,1,1,6
202200005357,2022-04-30 17:45:00,2022,4,30,17,45,17,17336,Autoroute A 10 PK 437.800 sens Paris/Bordeaux,45.768466,-0.669544,Plein jour,Hors agglomération,Hors intersection,Normale,Deux véhicules - arrière,1,3,4,0,1,1,1,0,1,130,2,5,3,0,0,2,32.0,39.0,utilitaire_camion,voiture,1,1,1,1,2
202200005358,2022-03-18 12:45:00,2022,3,18,12,45,50,50129,DOLET (RUE ETIENNE),49.64261,-1.60275,Plein jour,En agglomération,Intersection en T,Normale,Deux véhicules - côté,4,1,1,0,1,1,1,0,1,50,2,2,1,0,0,1,41.0,45.0,deux_roues,voiture,1,2,3,1,3
202200005359,2022-12-30 22:40:00,2022,12,30,22,40,44,44009,N844,47.22642,-1.46918,Nuit sans éclairage public,Hors agglomération,Hors intersection,Pluie forte,Autre collision,2,2,4,0,1,1,2,0,1,90,1,4,2,0,0,2,24.0,,voiture,,3,1,1,3,6
202200005360,2022-05-03 18:30:00,2022,5,3,18,30,974,97418,D62,-20.923068,55.537536,Nuit sans éclairage public,Hors agglomération,Hors intersection,Normale,Autre collision,3,2,2,0,2,1,1,0,1,-1,1,2,1,1,0,0,58.0,,voiture,,3,1,1,1,6
202200005361,2022-06-02 08:20:00,2022,6,2,8,20,06,06027,BESSET AVENUE CYRILLE,43.65932,7.16198,Plein jour,En agglomération,Intersection en T,Normale,Deux véhicules - côté,7,2,2,0,1,1,1,0,1,50,2,2,1,0,0,1,63.0,51.0,voiture,deux_roues,1,2,3,1,3
202200005362,2022-12-30 19:15:00,2022,12,30,19,15,38,38544,VICTOR FAUGIER(RUE),45.5255490966,4.884851884,Nuit avec éclairage allumé,En agglomération,Hors intersection,Normale,Deux véhicules - arrière,3,2,2,0,1,1,1,0,1,50,2,3,1,0,0,2,52.0,43.0,voiture,voiture,5,2,1,1,2
202200005363,2022-03-20 17:05:00,2022,3,20,17,5,49,49007,SAUMUROISE IMPASSE ET RUE,47.45573,-0.52991,Plein jour,En agglomération,Intersection en X,Normale,Deux véhicules - côté,4,2,2,0,1,1,1,0,1,50,2,2,1,0,0,1,65.0,19.0,voiture,deux_roues,1,2,2,1,3
202200005364,2022-04-30 17:55:00,2022,4,30,17,55,77,77309,D97,49.001383,2.828159,Plein jour,Hors agglomération,Hors intersection,Normale,Sans collision,3,2,2,0,1,1,9,0,3,80,1,1,0,0,0,1,39.0,,deux_roues,,1,1,1,1,7
202200005365,2022-06-02 17:10:00,2022,6,2,17,10,06,06004,CLAUDE CH.DE ST,43.602548,7.090296,Plein jour,En agglomération,Hors intersection,Normale,Deux véhicules - côté,4,2,2,0,1,1,1,0,1,50,2,2,1,0,1,0,39.0,37.0,voiture,deux_roues,1,2,1,1,3
202200005366,2022-12-28 13:40:00,2022,12,28,13,40,38,38185,COURS JEAN JAURÈS,45.18446,5.71774,Plein jour,En agglomération,Hors intersection,Normale,Deux véhicules - côté,7,3,7,1,1,1,1,5,1,30,2,2,1,0,0,1,69.0,27.0,voiture,deux_roues,1,2,1,1,3
202200005367,2022-03-16 11:00:00,2022,3,16,11,0,42,42218,Rue de la Télématique,45.45733,4.39574,Plein jour,En agglomération,Intersection en X,Normale,Deux véhicules - côté,4,-1,2,0,2,1,1,0,1,50,2,2,1,0,0,1,75.0,22.0,voiture,deux_roues,1,2,2,1,3
202200005368,2022-06-03 11:00:00,2022,6,3,11,0,04,04070,RD 900 (52 bd Gassendi),44.09267038,6.23492908,Plein jour,En agglomération,Hors intersection,Normale,Autre collision,3,1,2,0,1,1,2,0,1,50,1,2,1,0,1,0,82.0,,voiture,,1,2,1,1,6
202200005369,2022-12-30 22:10:00,2022,12,30,22,10,35,35206,N136,48.080469,-1.67956,Nuit sans éclairage public,Hors agglomération,Hors intersection,Pluie légère,Autre collision,2,1,1,0,2,3,2,3,3,90,1,1,0,0,1,0,30.0,,voiture,,3,1,1,2,6
202200005370,2022-05-02 08:35:00,2022,5,2,8,35,77,77315,D934 / D93,48.884191,2.828491,Plein jour,En agglomération,Intersection en T,Normale,Deux véhicules - côté,3,2,2,0,2,2,1,5,1,-1,2,2,1,0,0,1,42.0,31.0,voiture,deux_roues,1,2,3,1,3
202200005371,2022-06-02 13:50:00,2022,6,2,13,50,02,02738,129 Boulevard Gambetta,49.6524,3.2876,Plein jour,En agglomération,Hors intersection,Normale,Autre collision,3,2,2,0,1,1,1,0,1,50,1,2,1,0,0,1,46.0,,voiture,,1,2,1,1,6
202200005372,2022-05-02 11:30:00,2022,5,2,11,30,11,11056,,43.3902478225,2.4670924058,Plein jour,En agglomération,Intersection en T,Normale,Deux véhicules - côté,3,2,2,0,4,2,1,0,1,80,2,2,1,0,1,0,29.0,45.0,deux_roues,voiture,1,2,3,1,3
202200005373,2022-03-21 10:55:00,2022,3,21,10,55,35,35238,SUISSE (DE),48.086511,-1.664679,Plein jour,En agglomération,Intersection en T,Normale,Deux véhicules - côté,4,2,2,0,1,1,1,9,5,30,2,2,1,0,0,1,14.0,27.0,deux_roues,voiture,1,2,3,1,3
202200005374,2022-12-30 15:50:00,2022,12,30,15,50,35,35206,N136,48.0800959239,-1.69592885,Plein jour,Hors agglomération,Hors intersection,Pluie légère,Trois véhicules et plus - en chaîne,2,3,4,0,2,1,2,0,1,90,4,4,3,0,0,1,38.0,45.0,voiture,voiture,1,1,1,2,4
202200005375,2022-05-02 14:15:00,2022,5,2,14,15,84,84003,555 Avenue de Viton,43.879503,5.405204,Plein jour,En agglomération,Hors intersection,Normale,Sans collision,3,2,2,0,1,3,1,0,1,30,1,1,0,0,1,0,22.0,,deux_roues,,1,2,1,1,7
202200005376,2022-04-22 06:22:00,2022,4,22,6,22,02,02549,,49.83282,3.32897,Crépuscule ou aube,Hors agglomération,Hors intersection,Normale,Deux véhicules - frontale,3,2,2,0,2,3,1,0,1,70,2,2,1,1,0,0,42.0,58.0,utilitaire_camion,voiture,2,1,1,1,1
202200005377,2022-12-30 07:00:00,2022,12,30,7,0,35,35281,HAIE-DES-COGNETS (BOUL DE LA),48.07875,-1.74003,Nuit avec éclairage allumé,En agglomération,Hors intersection,Pluie légère,Deux véhicules - frontale,7,2,2,0,1,1,2,0,1,50,2,2,1,0,1,0,49.0,46.0,transport_commun,voiture,5,2,1,2,1
202200005378,2022-03-21 07:45:00,2022,3,21,7,45,35,35238,Avenue François Château,48.11181,-1.6465,Crépuscule ou aube,En agglomération,Intersection à plus de 4 branches,Normale,Deux véhicules - côté,4,1,1,2,1,1,1,0,5,50,2,2,1,0,0,1,23.0,35.0,voiture,deux_roues,2,2,5,1,3
202200005379,2022-04-30 17:10:00,2022,4,30,17,10,67,67067,D223,48.713697,7.756691,Plein jour,Hors agglomération,Hors intersection,Normale,Deux véhicules - arrière,3,2,2,0,1,3,1,0,1,70,2,2,1,0,0,1,40.0,43.0,voiture,deux_roues,1,1,1,1,2
202200005380,2022-06-04 13:00:00,2022,6,4,13,0,01,01053,NEUVE ( PLACE),46.20527,5.22708,Plein jour,En agglomération,Place,Normale,Deux véhicules - côté,4,2,2,0,1,1,1,0,1,30,2,3,2,0,0,1,31.0,17.0,voiture,deux_roues,1,2,7,1,3
202200005381,2022-12-30 04:03:00,2022,12,30,4,3,33,33063,Cours de la Libération,44.8332824038,-0.583511889,Nuit avec éclairage allumé,En agglomération,Intersection en X,Pluie légère,Deux véhicules - côté,4,2,2,1,1,1,2,0,1,50,2,3,1,0,0,2,21.0,52.0,deux_roues,voiture,5,2,2,2,3
202200005382,2022-03-18 12:15:00,2022,3,18,12,15,34,34032,DEVEZE (AV DE LA),43.33138,3.24783,Plein jour,En agglomération,Hors intersection,Normale,Deux véhicules - arrière,4,1,3,0,1,3,1,0,1,50,2,2,1,0,1,0,44.0,48.0,utilitaire_camion,deux_roues,1,2,1,1,2
202200005383,2022-05-01 18:50:00,2022,5,1,18,50,57,57095,17 Rue de Boulay,49.141499,6.607455,Plein jour,En agglomération,Hors intersection,Normale,Deux véhicules - côté,3,2,2,0,1,1,1,0,1,50,2,2,1,0,1,0,21.0,29.0,voiture,deux_roues,1,2,1,1,3
202200005384,2022-12-30 19:00:00,2022,12,30,19,0,32,32013,TESTAS (CHEMIN DE),43.6572,0.53759,Nuit sans éclairage public,Hors agglomération,Hors intersection,Normale,Sans collision,3,2,2,0,2,3,1,0,8,50,1,1,0,0,0,1,56.0,,voiture,,3,1,1,1,7
202200005385,2022-05-03 16:14:00,2022,5,3,16,14,57,57563,D603,49.098431,6.484423,Plein jour,Hors agglomération,Hors intersection,Normale,Autre collision,3,2,2,0,1,1,1,0,3,80,1,1,0,0,1,0,45.0,,voiture,,1,1,1,1,6
202200005386,2022-03-21 20:13:00,2022,3,21,20,13,17,17300,Rue Flora Tristan,46.1578,-1.14164,Nuit avec éclairage allumé,En agglomération,Autre intersection,Normale,Deux véhicules - frontale,4,2,2,0,1,1,1,0,1,50,2,2,1,0,0,1,23.0,20.0,deux_roues,voiture,5,2,9,1,1
202200005387,2022-06-01 14:50:00,2022,6,1,14,50,01,01053,MAGINOT ( AVENUE ) DE 1A 41,46.20784,5.22759,Plein jour,En agglomération,Hors intersection,Normale,Trois véhicules et plus - collisions multiples,4,2,2,0,1,1,1,0,1,50,4,6,4,0,0,2,29.0,23.0,transport_commun,transport_commun,1,2,1,1,5
202200005388,2022-12-30 07:50:00,2022,12,30,7,50,31,31555,PL DE LA PATTE D OIE,43.59633,1.42286,Crépuscule ou aube,En agglomération,Giratoire,Pluie légère,Deux véhicules - côté,7,-1,0,0,1,1,2,0,1,50,2,2,1,0,1,0,44.0,48.0,deux_roues,utilitaire_camion,2,2,6,2,3
202200005389,2022-03-20 01:20:00,2022,3,20,1,20,14,14566,D401,49.201,-0.3957,Nuit avec éclairage allumé,En agglomération,Hors intersection,Normale,Deux véhicules - frontale,3,-1,0,0,1,2,1,5,8,50,2,2,1,0,0,1,29.0,28.0,voiture,deux_roues,5,2,1,1,1
202200005390,2022-12-30 22:20:00,2022,12,30,22,20,29,29019,42 rue Amiral Romain-Desfossés,48.4276533219,-4.4735008478,Nuit sans éclairage public,Hors agglomération,Hors intersection,Pluie légère,Sans collision,4,-1,4,0,1,1,2,5,1,90,1,3,1,0,0,2,22.0,,voiture,,3,1,1,2,7
202200005391,2022-06-04 11:50:00,2022,6,4,11,50,75,75116,PORT DE PASSY,48.857907,2.259546,Plein jour,En agglomération,Hors intersection,Normale,Deux véhicules - côté,4,1,4,0,1,1,1,0,1,70,2,2,1,0,0,1,30.0,56.0,deux_roues,voiture,1,2,1,1,3
202200005392,2022-12-30 17:15:00,2022,12,30,17,15,27,27681,EGLANTIER (RUE DE L'),49.091595,1.46436,Nuit avec éclairage allumé,En agglomération,Hors intersection,Temps couvert,Autre collision,4,2,2,0,1,1,2,0,1,50,1,2,1,0,0,1,18.0,,voiture,,5,2,1,8,6
202200005393,2022-05-03 00:40:00,2022,5,3,0,40,86,86061,les Roderies,46.143056,0.374597,Nuit sans éclairage public,Hors agglomération,Hors intersection,Normale,Autre collision,3,2,2,0,2,3,1,0,3,80,1,1,0,0,1,0,57.0,,voiture,,3,1,1,1,6
202200005394,2022-06-03 18:50:00,2022,6,3,18,50,75,75112,ECHANGEUR BERCY,48.8256743461,2.3916506767,Plein jour,En agglomération,Intersection en Y,Normale,Deux véhicules - côté,4,1,1,0,2,1,1,0,1,50,2,2,1,0,0,1,28.0,53.0,deux_roues,voiture,1,2,4,1,3
202200005395,2022-03-19 12:27:00,2022,3,19,12,27,13,13039,ROUTE NATIONALE 569,43.47001,4.94514,Plein jour,Hors agglomération,Autre intersection,Normale,Trois véhicules et plus - en chaîne,2,2,2,0,2,1,1,0,1,80,3,5,2,1,0,2,23.0,33.0,deux_roues,voiture,1,1,9,1,4
202200005396,2022-12-30 08:00:00,2022,12,30,8,0,27,27562,CHAMBRAY (ROUTE DE),49.09527,1.45115,Nuit avec éclairage allumé,En agglomération,Intersection en T,Normale,Sans collision,4,2,2,0,1,2,2,0,1,30,1,1,0,0,0,1,17.0,,deux_roues,,5,2,3,1,7
202200005397,2022-04-30 05:15:00,2022,4,30,5,15,40,40277,Route de Dax,43.674573,-1.03573,Nuit sans éclairage public,Hors agglomération,Hors intersection,Normale,Autre collision,3,2,2,0,4,3,1,0,3,-1,1,3,2,0,1,0,56.0,,voiture,,3,1,1,1,6
202200005398,2022-06-03 16:40:00,2022,6,3,16,40,75,75117,PORTE D ASNIERES,48.891371,2.300476,Plein jour,En agglomération,Hors intersection,Pluie légère,Deux véhicules - côté,4,1,4,0,1,1,2,0,1,70,2,3,2,0,0,1,19.0,35.0,voiture,deux_roues,1,2,1,2,3
202200005399,2022-12-30 20:05:00,2022,12,30,20,5,22,22360,AUDIARD (RUE MICHEL),48.489,-2.763,Nuit sans éclairage public,Hors agglomération,Hors intersection,Pluie légère,Sans collision,4,1,1,0,3,3,2,0,1,50,1,2,1,0,0,1,40.0,,utilitaire_camion,,3,1,1,2,7
202200005400,2022-03-21 20:30:00,2022,3,21,20,30,13,13208,DAUMIER (RUE),43.2785723674,5.3858047057,Nuit avec éclairage allumé,En agglomération,Intersection en T,Normale,Deux véhicules - côté,4,1,1,0,2,1,1,0,1,50,2,2,1,0,0,1,55.0,20.0,voiture,voiture,5,2,3,1,3
202200005401,2022-05-03 14:50:00,2022,5,3,14,50,85,85019,Rue des Nouettes,46.780072,-1.432123,Plein jour,En agglomération,Giratoire,Normale,Deux véhicules - côté,4,-1,2,0,1,1,1,5,1,-1,2,2,1,0,0,1,19.0,34.0,deux_roues,voiture,1,2,6,1,3
202200005402,2022-06-02 20:25:00,2022,6,2,20,25,75,75115,PORTE DE SEVRES,48.829478,2.287441,Plein jour,En agglomération,Hors intersection,Normale,Sans collision,4,1,3,0,1,1,1,0,1,70,1,1,0,0,0,1,33.0,,deux_roues,,1,2,1,1,7
202200005403,2022-12-30 20:50:00,2022,12,30,20,50,18,18279,Avenue du 8 Mai 1945,47.23644,2.08742,Nuit avec éclairage allumé,En agglomération,Intersection en T,Pluie légère,Deux véhicules - côté,4,2,2,0,1,1,2,0,1,50,2,2,1,0,0,1,33.0,29.0,voiture,voiture,5,2,3,2,3
202200005404,2022-12-31 01:30:00,2022,12,31,1,30,17,17300,JOFFRE   BOULEVARD (79 et 18),46.15806,-1.14233,Plein jour,En agglomération,Hors intersection,Normale,Sans collision,4,2,3,0,1,1,2,0,1,30,1,1,0,0,1,0,28.0,,deux_roues,,1,2,1,1,7
202200005405,2022-03-21 15:00:00,2022,3,21,15,0,13,13212,GENERAL NOLLET (BOULEVARD DU),43.30401,5.43084,Plein jour,En agglomération,Hors intersection,Normale,Deux véhicules - arrière,4,2,2,0,1,1,1,0,1,50,2,2,1,0,0,1,29.0,43.0,voiture,deux_roues,1,2,1,1,2
202200005406,2022-06-02 18:25:00,2022,6,2,18,25,75,75119,PORTE DE LA VILLETTE,48.900425,2.390207,Plein jour,En agglomération,Hors intersection,Normale,Trois véhicules et plus - en chaîne,4,1,4,0,1,1,1,0,1,70,3,3,1,0,0,1,,38.0,voiture,voiture,1,2,1,1,4
202200005407,2022-12-30 06:06:00,2022,12,30,6,6,13,13206,NAVARIN (RUE),43.28996,5.38836,Nuit avec éclairage allumé,En agglomération,Intersection en X,Normale,Deux véhicules - côté,4,1,1,0,2,1,1,0,1,50,2,2,1,0,0,1,22.0,31.0,voiture,deux_roues,5,2,2,1,3
202200005408,2022-03-21 15:50:00,2022,3,21,15,50,13,13202,DAMES (BOULEVARD DES),43.3018306161,5.3724287343,Plein jour,En agglomération,Intersection en T,Normale,Deux véhicules - frontale,4,2,2,0,2,1,1,8,1,50,2,2,1,0,1,0,18.0,34.0,deux_roues,voiture,1,2,3,1,1
202200005409,2022-06-02 15:00:00,2022,6,2,15,0,75,75120,PORTE DE BAGNOLET,48.869663,2.413494,Plein jour,En agglomération,Hors intersection,Normale,Deux véhicules - arrière,4,1,5,0,1,1,1,0,1,70,2,3,2,0,0,1,58.0,57.0,voiture,voiture,1,2,1,1,2
202200005410,2022-05-02 18:50:00,2022,5,2,18,50,59,59010,D630,50.160859,3.131855,Plein jour,Hors agglomération,Hors intersection,Normale,Trois véhicules et plus - collisions multiples,3,2,2,0,1,1,1,0,1,80,3,6,0,0,2,4,44.0,21.0,voiture,voiture,1,1,1,1,5
202200005411,2022-12-29 22:52:00,2022,12,29,22,52,13,13201,LONGCHAMP (BOULEVARD)   1 A 21,43.30115,5.38791,Nuit avec éclairage allumé,En agglomération,Intersection en X,Normale,Deux véhicules - côté,4,1,2,0,1,1,1,0,1,50,2,2,1,0,0,1,59.0,16.0,voiture,deux_roues,5,2,2,1,3
202200005412,2022-03-18 08:00:00,2022,3,18,8,0,06,06069,ROUQUIER (BOULEVARD EMMANUEL),43.63896,6.94138,Plein jour,En agglomération,Hors intersection,Normale,Sans collision,4,2,2,0,2,1,1,0,1,50,1,1,0,0,0,1,16.0,,deux_roues,,1,2,1,1,7
202200005413,2022-06-02 09:30:00,2022,6,2,9,30,75,75116,PORTE DAUPHINE,48.869784,2.271684,Plein jour,En agglomération,Hors intersection,Normale,Deux véhicules - côté,4,1,4,0,1,1,1,0,1,70,2,2,1,0,0,1,56.0,47.0,deux_roues,deux_roues,1,2,1,1,3
202200005414,2022-12-29 20:00:00,2022,12,29,20,0,13,13202,Rue de la republique,43.2991521286,5.3717927634,Nuit avec éclairage allumé,En agglomération,Hors intersection,Normale,Deux véhicules - côté,4,2,2,0,2,1,1,0,1,50,1,2,1,0,1,0,20.0,,deux_roues,,5,2,1,1,3
202200005415,2022-05-03 07:10:00,2022,5,3,7,10,59,59034,Rue de Lille,50.541497,3.083532,Plein jour,En agglomération,Hors intersection,Temps éblouissant,Deux véhicules - côté,3,2,2,0,1,1,1,0,1,50,2,2,1,0,1,0,58.0,28.0,deux_roues,voiture,1,2,1,7,3
202200005416,2022-12-29 05:40:00,2022,12,29,5,40,75,75120,ECHANGEUR BAGNOLET,48.864257,2.413279,Nuit avec éclairage allumé,En agglomération,Hors intersection,Pluie légère,Sans collision,4,1,2,0,2,2,2,0,1,50,1,1,0,0,0,1,50.0,,deux_roues,,5,2,1,2,7
202200005417,2022-03-20 14:55:00,2022,3,20,14,55,06,06123,POINT DU JOUR BOULEVARD DU,43.67341,7.18981,Plein jour,En agglomération,Autre intersection,Normale,Deux véhicules - côté,7,1,2,0,1,3,1,0,1,50,2,2,1,0,0,1,20.0,30.0,voiture,deux_roues,1,2,9,1,3
202200005418,2022-06-02 09:05:00,2022,6,2,9,5,75,75116,PORTE DAUPHINE,48.870483,2.272529,Plein jour,En agglomération,Hors intersection,Normale,Deux véhicules - arrière,4,1,4,0,1,1,1,1,1,70,2,2,1,0,0,1,56.0,65.0,utilitaire_camion,voiture,1,2,1,1,2
202200005419,2022-04-30 17:00:00,2022,4,30,17,0,13,13214,A7-Sens Lyon vers Marseille,43.3247729309,5.3785084629,Plein jour,Hors agglomération,Hors intersection,Normale,Deux véhicules - arrière,1,-1,2,0,1,1,1,0,1,70,2,3,2,0,0,1,64.0,47.0,voiture,voiture,1,1,1,1,2
202200005420,2022-12-30 23:55:00,2022,12,30,23,55,75,75118,BD PERIPHERIQUE INTERIEUR,48.901013,2.349407,Nuit avec éclairage allumé,En agglomération,Hors intersection,Pluie forte,Deux véhicules - arrière,4,1,8,0,1,1,2,0,1,70,2,4,2,0,1,1,,51.0,voiture,voiture,5,2,1,3,2
202200005421,2022-06-01 20:45:00,2022,6,1,20,45,75,75113,PORTE DE GENTILLY,48.817045,2.348402,Plein jour,En agglomération,Hors intersection,Normale,Deux véhicules - arrière,4,1,3,0,1,1,1,0,1,70,2,2,0,0,0,2,33.0,41.0,deux_roues,voiture,1,2,1,1,2
202200005422,2022-03-19 11:02:00,2022,3,19,11,2,05,05061,EMILE DIDIER ( AV ),44.56475,6.09062,Plein jour,En agglomération,Hors intersection,Normale,Trois véhicules et plus - en chaîne,2,2,2,0,1,1,1,0,1,50,3,5,4,0,0,1,44.0,61.0,voiture,voiture,1,2,1,1,4
202200005423,2022-12-31 19:09:00,2022,12,31,19,9,75,75119,AVENUE DE FLANDRE,48.891361,2.37752,Nuit avec éclairage allumé,En agglomération,Hors intersection,Normale,Autre collision,4,3,4,3,1,1,1,0,1,30,1,3,1,0,0,2,27.0,,voiture,,5,2,1,1,6
202200005424,2022-05-01 07:30:00,2022,5,1,7,30,13,13026,A55-Sens Marseille vers Martigues,43.37885,5.16736,Plein jour,Hors agglomération,Hors intersection,Normale,Deux véhicules - arrière,1,1,3,0,1,1,1,0,1,110,2,2,1,0,0,1,37.0,37.0,voiture,voiture,1,1,1,1,2
202200005425,2022-06-03 06:14:00,2022,6,3,6,14,75,75116,AVENUE DE VERSAILLES,48.842627,2.26869,Crépuscule ou aube,En agglomération,Intersection en T,Normale,Autre collision,4,2,3,0,1,3,1,0,1,30,1,1,0,1,0,0,24.0,,deux_roues,,2,2,3,1,6
202200005426,2022-12-31 18:15:00,2022,12,31,18,15,75,75114,BOULEVARD DU MONTPARNASSE,48.843058,2.326328,Nuit avec éclairage allumé,En agglomération,Intersection en X,Normale,Autre collision,4,1,6,0,1,1,1,0,1,50,1,2,1,0,0,1,66.0,,voiture,,5,2,2,1,6
202200005427,2022-03-21 08:40:00,2022,3,21,8,40,75,75113,BD PERIPHERIQUE EXTERIEUR,48.823513,2.382394,Plein jour,En agglomération,Hors intersection,Normale,Deux véhicules - côté,4,3,4,0,1,1,1,0,1,70,2,2,1,0,0,1,40.0,,deux_roues,voiture,1,2,1,1,3
202200005428,2022-04-26 18:00:00,2022,4,26,18,0,13,13215,A7-Sens Marseille vers Lyon,43.357594823,5.3629044657,Plein jour,Hors agglomération,Hors intersection,Normale,Deux véhicules - arrière,1,1,3,0,1,1,1,0,1,90,2,2,1,0,0,1,28.0,27.0,voiture,voiture,1,1,1,1,2
202200005429,2022-06-04 01:55:00,2022,6,4,1,55,75,75105,RUE CLAUDE BERNARD,48.841247,2.34364,Nuit avec éclairage allumé,En agglomération,Intersection en X,Normale,Sans collision,4,-1,2,0,2,1,1,0,1,30,1,1,0,0,0,1,30.0,,deux_roues,,5,2,2,1,7
202200005430,2022-12-30 23:10:00,2022,12,30,23,10,75,75113,RUE DE TOLBIAC,48.825745,2.346605,Nuit avec éclairage allumé,En agglomération,Intersection en X,Pluie légère,Autre collision,4,2,4,0,1,1,2,9,1,30,1,2,1,0,0,1,46.0,,voiture,,5,2,2,2,6
202200005431,2022-03-19 19:50:00,2022,3,19,19,50,75,75114,BD PERIPHERIQUE INTERIEUR,48.819517,2.328314,Nuit avec éclairage allumé,En agglomération,Hors intersection,Normale,Deux véhicules - côté,4,1,2,0,1,1,1,0,1,70,2,2,1,0,0,1,45.0,23.0,voiture,deux_roues,5,2,1,1,3
202200005432,2022-04-25 11:14:00,2022,4,25,11,14,13,13005,A501-Sens Pont de l' Etoile vers Aubagne,43.3195231876,5.5919972085,Plein jour,Hors agglomération,Hors intersection,Normale,Deux véhicules - arrière,1,1,2,0,1,1,1,3,1,130,2,2,0,1,0,1,26.0,33.0,utilitaire_camion,utilitaire_camion,1,1,1,1,2
202200005433,2022-06-03 23:36:00,2022,6,3,23,36,75,75105,BOULEVARD SAINT MICHEL,48.851388,2.343168,Nuit avec éclairage allumé,En agglomération,Intersection en X,Normale,Deux véhicules - arrière,4,2,4,0,2,1,1,0,1,30,2,2,1,0,0,1,33.0,29.0,deux_roues,voiture,5,2,2,1,2
202200005434,2022-03-21 14:38:00,2022,3,21,14,38,75,75119,AVENUE JEAN JAURES,48.889467,2.395722,Plein jour,En agglomération,Place,Normale,Autre collision,4,2,2,0,1,1,1,9,1,30,1,2,1,0,1,0,39.0,,utilitaire_camion,,1,2,7,1,6
202200005435,2022-12-31 21:46:00,2022,12,31,21,46,94,94078,PARIS (R DE),48.75221,2.44521,Nuit avec éclairage allumé,En agglomération,Hors intersection,Normale,Trois véhicules et plus - en chaîne,2,-1,2,0,1,1,1,0,1,50,3,5,4,0,0,1,29.0,23.0,voiture,voiture,5,2,1,1,4
202200005436,2022-06-03 18:20:00,2022,6,3,18,20,75,75105,QUAI DE LA TOURNELLE,48.851116,2.351288,Plein jour,En agglomération,Intersection en X,Normale,Deux véhicules - frontale,4,1,3,2,1,1,1,-1,5,30,2,2,1,0,0,1,40.0,29.0,deux_roues,deux_roues,1,2,2,1,1
202200005437,2022-03-20 21:04:00,2022,3,20,21,4,75,75117,BOULEVARD MALESHERBES,48.883349,2.309504,Nuit avec éclairage allumé,En agglomération,Place,Normale,Autre collision,4,2,4,0,1,1,1,0,1,30,1,3,0,0,1,2,21.0,,deux_roues,,5,2,7,1,6
202200005438,2022-04-29 23:30:00,2022,4,29,23,30,67,67482,M35,48.56822,7.73185,Nuit sans éclairage public,Hors agglomération,Hors intersection,Normale,Deux véhicules - arrière,7,3,3,0,2,1,1,0,1,70,2,3,2,1,0,0,58.0,27.0,deux_roues,voiture,3,1,1,1,2