accident_id,datetime,annee,mois,jour,heure,minute,departement,commune_insee,adresse,latitude,longitude,luminosite,agglomeration,intersection,meteo,collision,catr,circ,nbv,vosp,prof,plan,surf,infra,situ,vma,nb_vehicules,nb_usagers,nb_indemnes,nb_tues,nb_blesses_hosp,nb_blesses_legers,age_cond_1,age_cond_2,veh_type_cond_1,veh_type_cond_2,lum_code,agg_code,int_code,atm_code,col_code
202200005439,2022-12-31 21:00:00,2022,12,31,21,0,94,94074,COLONEL FABIEN (R),48.747332,2.462142,Nuit avec éclairage allumé,En agglomération,Intersection en X,Normale,Deux véhicules - frontale,3,2,2,0,1,1,1,0,1,50,2,3,1,0,0,2,26.0,23.0,voiture,voiture,5,2,2,1,1
202200005440,2022-06-03 16:39:00,2022,6,3,16,39,75,75105,RUE SOUFFLOT,48.846914,2.342808,Plein jour,En agglomération,Intersection en X,Temps couvert,Deux véhicules - côté,4,2,2,0,1,1,2,0,1,30,2,2,1,0,0,1,,35.0,utilitaire_camion,deux_roues,1,2,2,8,3
202200005441,2022-03-21 14:30:00,2022,3,21,14,30,75,75106,RUE DE SEVRES,48.847872,2.319414,Plein jour,En agglomération,Intersection en T,Normale,Autre collision,4,1,1,0,1,1,1,0,1,30,1,2,1,0,0,1,60.0,,deux_roues,,1,2,3,1,6
202200005442,2022-05-01 20:10:00,2022,5,1,20,10,91,91345,AUTOROUTE A6,48.68708,2.32611,Plein jour,Hors agglomération,Hors intersection,Normale,Trois véhicules et plus - collisions multiples,1,1,3,0,1,1,1,0,1,110,3,3,2,0,1,0,25.0,33.0,deux_roues,voiture,1,1,1,1,5
202200005443,2022-12-31 17:40:00,2022,12,31,17,40,93,93053,Rue Jean Jaurès / Avenue Georges Clemenceau / Boulevard Gambetta,48.89429,2.4581,Nuit avec éclairage allumé,En agglomération,Intersection en X,Normale,Autre collision,3,1,2,3,1,1,1,8,6,30,1,2,1,0,1,0,41.0,,voiture,,5,2,2,1,6
202200005444,2022-06-02 18:40:00,2022,6,2,18,40,75,75106,RUE GUYNEMER,48.848628,2.332582,Plein jour,En agglomération,Intersection en Y,Normale,Autre collision,4,2,3,2,1,1,1,0,1,30,1,2,1,0,0,1,24.0,,deux_roues,,1,2,4,1,6
202200005445,2022-05-01 07:20:00,2022,5,1,7,20,78,78117,RN12,48.787495,2.146673,Plein jour,Hors agglomération,Hors intersection,Normale,Autre collision,2,-1,2,0,1,3,1,0,1,90,1,3,2,0,0,1,30.0,,voiture,,1,1,1,1,6
202200005446,2022-12-31 14:40:00,2022,12,31,14,40,93,93048,Boulevard Théophile Sueur / Rue des Petits Pêchers,48.85899,2.46685,Plein jour,En agglomération,Intersection en T,Normale,Autre collision,3,2,2,0,1,1,1,0,1,50,1,2,1,0,0,1,44.0,,utilitaire_camion,,1,2,3,1,6
202200005447,2022-03-20 07:00:00,2022,3,20,7,0,75,75120,RUE PLANCHAT,48.854752,2.397513,Crépuscule ou aube,En agglomération,Intersection en X,Normale,Deux véhicules - côté,4,2,2,0,2,1,1,0,1,30,2,3,1,0,0,2,34.0,21.0,voiture,utilitaire_camion,2,2,2,1,3
202200005448,2022-06-02 14:15:00,2022,6,2,14,15,75,75105,RUE DES ECOLES,48.847482,2.352721,Plein jour,En agglomération,Intersection en X,Normale,Sans collision,4,2,2,3,1,1,1,0,1,30,1,1,0,0,0,1,51.0,,deux_roues,,1,2,2,1,7
202200005449,2022-12-30 19:02:00,2022,12,30,19,2,93,93008,Avenue Louis Aragon / Rue Paul Belwo,48.91488,2.44093,Nuit avec éclairage allumé,En agglomération,Intersection en X,Temps couvert,Deux véhicules - côté,3,2,4,0,1,1,2,0,1,50,2,2,1,0,0,1,55.0,31.0,utilitaire_camion,voiture,5,2,2,8,3
202200005450,2022-03-21 10:00:00,2022,3,21,10,0,75,75119,AVENUE JEAN JAURES,48.886358,2.383823,Plein jour,En agglomération,Hors intersection,Normale,Deux véhicules - arrière,4,2,4,3,1,1,1,0,6,30,2,2,1,0,0,1,,28.0,utilitaire_camion,deux_roues,1,2,1,1,2
202200005451,2022-05-01 07:00:00,2022,5,1,7,0,92,92050,A86,48.90462,2.207772,Plein jour,Hors agglomération,Hors intersection,Normale,Deux véhicules - côté,1,-1,2,0,1,1,1,0,1,90,2,3,2,0,0,1,61.0,45.0,voiture,voiture,1,1,1,1,3
202200005452,2022-06-02 08:30:00,2022,6,2,8,30,75,75106,BOULEVARD DU MONTPARNASSE,48.845097,2.320252,Plein jour,En agglomération,Intersection à plus de 4 branches,Normale,Deux véhicules - côté,4,2,6,0,1,1,1,0,1,30,2,2,1,0,0,1,44.0,31.0,deux_roues,voiture,1,2,5,1,3
202200005453,2022-12-31 09:30:00,2022,12,31,9,30,92,92076,REPUBLIQUE,48.8368660088,2.1459174156,Plein jour,En agglomération,Intersection en X,Normale,Sans collision,3,1,2,0,1,1,1,0,1,50,1,1,0,0,0,1,25.0,,deux_roues,,1,2,2,1,7
202200005454,2022-04-29 22:30:00,2022,4,29,22,30,77,77122,RN104,48.646359,2.596129,Nuit sans éclairage public,Hors agglomération,Hors intersection,Normale,Deux véhicules - arrière,2,-1,3,0,1,1,1,0,1,90,2,2,1,0,0,1,46.0,38.0,voiture,utilitaire_camion,3,1,1,1,2
202200005455,2022-12-31 15:35:00,2022,12,31,15,35,92,92050,PROVINCES FRANCAISES BD DES,48.900315,2.214449,Plein jour,En agglomération,Autre intersection,Normale,Autre collision,3,-1,3,3,1,1,1,0,1,50,1,2,1,0,0,1,20.0,,voiture,,1,2,9,1,6
202200005456,2022-03-21 16:40:00,2022,3,21,16,40,75,75117,AVENUE DES TERNES,48.878986,2.292778,Plein jour,En agglomération,Intersection en T,Normale,Deux véhicules - côté,4,2,4,0,1,1,1,0,1,30,2,2,1,0,0,1,50.0,74.0,deux_roues,voiture,1,2,3,1,3
202200005457,2022-12-31 00:20:00,2022,12,31,0,20,92,92050,VENETS RUE DES,48.8889485444,2.2045467496,Nuit avec éclairage allumé,En agglomération,Hors intersection,Pluie légère,Autre collision,4,2,4,0,2,3,2,0,4,50,1,1,0,0,0,1,59.0,,deux_roues,,5,2,1,2,6
202200005458,2022-06-04 13:05:00,2022,6,4,13,5,75,75120,AVENUE GAMBETTA,48.869641,2.402606,Plein jour,En agglomération,Intersection en X,Temps couvert,Deux véhicules - côté,4,2,2,1,2,1,1,0,1,30,2,2,1,0,0,1,48.0,,deux_roues,voiture,1,2,2,8,3
202200005459,2022-04-29 19:17:00,2022,4,29,19,17,94,94017,A86.EXT,48.8297175111,2.4830468102,Plein jour,Hors agglomération,Hors intersection,Normale,Deux véhicules - arrière,1,-1,2,0,1,1,1,0,1,90,2,3,2,0,0,1,49.0,30.0,voiture,voiture,1,1,1,1,2
202200005460,2022-06-05 19:45:00,2022,6,5,19,45,75,75119,AVENUE SIMON BOLIVAR,48.876340041,2.3761770129,Plein jour,En agglomération,Hors intersection,Temps couvert,Sans collision,4,2,2,0,2,3,2,0,1,30,1,1,0,0,0,1,44.0,,deux_roues,,1,2,1,8,7
202200005461,2022-12-30 22:35:00,2022,12,30,22,35,92,92050,HAVRE BOULEVARD DU,48.9196456416,2.2216131091,Nuit avec éclairage allumé,Hors agglomération,Hors intersection,Pluie légère,Autre collision,3,1,0,0,1,1,2,9,8,10,1,2,1,0,0,1,37.0,,utilitaire_camion,,5,1,1,2,6
202200005462,2022-03-21 15:10:00,2022,3,21,15,10,75,75117,AVENUE NIEL,48.882929,2.296385,Plein jour,En agglomération,Intersection en X,Normale,Deux véhicules - arrière,4,2,3,0,1,1,1,0,1,30,2,4,3,0,0,1,40.0,51.0,deux_roues,voiture,1,2,2,1,2
202200005463,2022-04-29 14:45:00,2022,4,29,14,45,94,94073,A86 EXT,48.7537093297,2.3800721167,Plein jour,Hors agglomération,Hors intersection,Normale,Deux véhicules - arrière,1,3,7,0,1,1,1,0,1,90,2,3,1,0,0,2,34.0,56.0,voiture,utilitaire_camion,1,1,1,1,2
202200005464,2022-06-04 13:10:00,2022,6,4,13,10,75,75119,RUE D AUBERVILLIERS,48.897925,2.370523,Plein jour,En agglomération,Hors intersection,Normale,Deux véhicules - côté,4,1,3,3,2,1,1,0,1,30,2,2,1,0,0,1,49.0,27.0,voiture,deux_roues,1,2,1,1,3
202200005465,2022-12-31 19:50:00,2022,12,31,19,50,92,92020,PARIS AVENUE DE N° IMPAIRS,48.8077179103,2.294839561,Nuit avec éclairage allumé,En agglomération,Hors intersection,Normale,Autre collision,3,2,2,0,1,1,1,0,1,50,1,5,4,0,0,1,44.0,,voiture,,5,2,1,1,6
202200005466,2022-04-20 19:30:00,2022,4,20,19,30,77,77294,A104,48.96978,2.59836,Plein jour,Hors agglomération,Hors intersection,Normale,Deux véhicules - côté,1,-1,2,0,1,1,1,0,2,90,2,2,1,0,0,1,22.0,23.0,voiture,deux_roues,1,1,1,1,3
202200005467,2022-03-21 09:30:00,2022,3,21,9,30,75,75117,RUE DES ACACIAS,48.878388,2.294226,Plein jour,En agglomération,Intersection en Y,Normale,Autre collision,4,1,1,0,1,1,1,0,1,30,1,2,1,0,0,1,56.0,,utilitaire_camion,,1,2,4,1,6
202200005468,2022-06-01 23:35:00,2022,6,1,23,35,75,75119,RUE MANIN,48.88402,2.39032,Nuit avec éclairage allumé,En agglomération,Intersection en T,Normale,Deux véhicules - côté,4,2,2,0,1,3,1,5,1,30,2,2,1,0,0,1,24.0,21.0,deux_roues,voiture,5,2,3,1,3
202200005469,2022-12-30 22:48:00,2022,12,30,22,48,92,92026,PRÉSIDENT PAUL DOUMER (QUAI DU),48.89007,2.25627,Nuit avec éclairage allumé,En agglomération,Intersection en X,Pluie légère,Deux véhicules - côté,3,3,6,0,1,1,2,5,1,50,2,2,1,0,0,1,36.0,24.0,voiture,deux_roues,5,2,2,2,3
202200005470,2022-04-30 10:30:00,2022,4,30,10,30,974,97407,COMMUNE DE PARIS (AVENUE),-20.93727,55.298,Plein jour,En agglomération,Hors intersection,Normale,Autre collision,4,3,2,1,2,1,1,0,8,50,1,3,2,0,0,1,47.0,,voiture,,1,2,1,1,6
202200005471,2022-03-20 16:25:00,2022,3,20,16,25,75,75116,AVENUE VICTOR HUGO,48.86577,2.275954,Plein jour,En agglomération,Intersection à plus de 4 branches,Normale,Deux véhicules - côté,4,2,2,0,1,1,1,0,1,30,2,2,1,0,0,1,31.0,55.0,deux_roues,voiture,1,2,5,1,3
202200005472,2022-05-01 00:00:00,2022,5,1,0,0,69,69386,Rue Vauban,45.76598,4.85588,Nuit avec éclairage allumé,En agglomération,Giratoire,Normale,Deux véhicules - côté,4,1,1,2,1,1,1,5,1,50,2,2,1,0,0,1,24.0,52.0,deux_roues,voiture,5,2,6,1,3
202200005473,2022-12-31 15:10:00,2022,12,31,15,10,33,33315,D674,45.073869,-0.077848,Plein jour,Hors agglomération,Intersection en T,Normale,Deux véhicules - côté,3,2,2,0,1,1,1,0,1,70,2,3,1,0,2,0,88.0,55.0,voiture,deux_roues,1,1,3,1,3
202200005474,2022-06-04 19:20:00,2022,6,4,19,20,75,75118,BOULEVARD BARBES,48.891557,2.349624,Plein jour,En agglomération,Intersection en X,Pluie forte,Deux véhicules - côté,4,2,4,0,1,1,2,0,1,50,2,3,2,0,0,1,67.0,20.0,voiture,deux_roues,1,2,2,3,3
202200005475,2022-03-21 09:20:00,2022,3,21,9,20,75,75113,RUE AUGUSTE LANCON,48.822584,2.344045,Plein jour,En agglomération,Intersection en X,Normale,Deux véhicules - côté,4,1,1,0,1,1,1,0,1,30,2,2,1,0,0,1,25.0,61.0,voiture,voiture,1,2,2,1,3
202200005476,2022-12-31 16:15:00,2022,12,31,16,15,89,89347,,47.446382,3.90093,Plein jour,Hors agglomération,Hors intersection,Normale,Autre collision,3,2,2,0,1,4,1,0,3,80,1,3,1,0,1,1,21.0,,voiture,,1,1,1,1,6
202200005477,2022-03-30 20:00:00,2022,3,30,20,0,69,69199,Rue de la Tannerie,45.7096918017,4.8605006933,Crépuscule ou aube,En agglomération,Hors intersection,Normale,Autre collision,4,2,2,0,1,1,1,0,1,50,1,2,1,0,0,1,21.0,,voiture,,2,2,1,1,6
202200005478,2022-06-03 16:18:00,2022,6,3,16,18,75,75118,RUE DU POTEAU,48.897792,2.337515,Crépuscule ou aube,En agglomération,Intersection en X,Temps couvert,Autre collision,4,2,0,0,1,1,2,0,1,30,1,2,1,0,0,1,,,deux_roues,,2,2,2,8,6
202200005479,2022-12-31 21:45:00,2022,12,31,21,45,63,63011,Rd 2144,46.19323,2.769327,Nuit sans éclairage public,Hors agglomération,Hors intersection,Normale,Deux véhicules - frontale,3,2,2,0,1,1,1,0,1,90,2,3,2,0,0,1,71.0,22.0,voiture,voiture,3,1,1,1,1
202200005480,2022-03-21 09:05:00,2022,3,21,9,5,75,75111,BOULEVARD DE MENILMONTANT,48.858922,2.389171,Plein jour,En agglomération,Hors intersection,Temps éblouissant,Autre collision,4,2,2,0,1,1,1,0,1,30,2,2,1,0,0,1,57.0,55.0,deux_roues,utilitaire_camion,1,2,1,7,6
202200005481,2022-12-31 21:35:00,2022,12,31,21,35,61,61121,La Bodinière,48.466135,0.483323,Nuit sans éclairage public,Hors agglomération,Hors intersection,Normale,Autre collision,3,2,2,0,2,3,1,0,3,90,1,1,0,0,1,0,39.0,,voiture,,3,1,1,1,6
202200005482,2022-04-30 14:15:00,2022,4,30,14,15,69,69259,279 Route de Vienne,45.72714,4.85391,Plein jour,En agglomération,Intersection en T,Normale,Trois véhicules et plus - en chaîne,4,2,4,3,1,1,1,0,1,30,3,4,3,0,0,1,22.0,34.0,voiture,voiture,1,2,3,1,4
202200005483,2022-06-03 17:20:00,2022,6,3,17,20,75,75118,RUE CHRISTIANI,48.886313,2.347877,Plein jour,En agglomération,Intersection en Y,Pluie légère,Deux véhicules - côté,4,1,1,0,2,1,2,0,1,50,2,2,1,0,0,1,41.0,50.0,voiture,deux_roues,1,2,4,2,3
202200005484,2022-03-20 14:45:00,2022,3,20,14,45,75,75107,PLACE DE LA RESISTANCE,48.862256,2.301555,Plein jour,En agglomération,Place,Normale,Deux véhicules - côté,4,2,8,1,1,1,1,-1,5,30,2,2,1,0,0,1,29.0,57.0,deux_roues,voiture,1,2,7,1,3
202200005485,2022-12-31 17:55:00,2022,12,31,17,55,25,25199,D9,47.002529,6.071239,Nuit avec éclairage allumé,En agglomération,Intersection en X,Normale,Deux véhicules - côté,3,2,2,0,2,1,1,0,1,50,2,5,4,0,0,1,24.0,31.0,voiture,voiture,5,2,2,1,3
202200005486,2022-05-01 00:00:00,2022,5,1,0,0,69,69382,Quai Perrache,45.74095,4.82376,Nuit avec éclairage allumé,En agglomération,Hors intersection,Normale,Deux véhicules - arrière,4,2,2,0,1,1,1,0,1,50,2,3,2,0,0,1,,50.0,utilitaire_camion,voiture,5,2,1,1,2
202200005487,2022-06-03 16:25:00,2022,6,3,16,25,75,75118,AVENUE DE LA PORTE DE CLIGNANCOURT,48.898084,2.344391,Plein jour,En agglomération,Intersection en X,Pluie légère,Deux véhicules - côté,4,2,2,0,1,1,2,0,1,30,2,2,1,0,0,1,63.0,38.0,utilitaire_camion,deux_roues,1,2,2,2,3
202200005488,2022-12-31 14:35:00,2022,12,31,14,35,38,38431,D30,45.253305,5.842538,Plein jour,Hors agglomération,Hors intersection,Normale,Sans collision,3,2,2,0,4,3,2,0,3,70,1,1,0,0,1,0,27.0,,deux_roues,,1,1,1,1,7
202200005489,2022-04-30 19:00:00,2022,4,30,19,0,69,69386,Rue Vauban,45.76578,4.85317,Plein jour,En agglomération,Intersection en X,Normale,Autre collision,4,1,1,2,1,1,1,0,1,30,1,2,1,0,0,1,86.0,,voiture,,1,2,2,1,6
202200005490,2022-03-21 20:10:00,2022,3,21,20,10,75,75101,QUAI DES TUILERIES,48.860571,2.330119,Nuit avec éclairage allumé,En agglomération,Intersection en X,Normale,Deux véhicules - côté,4,1,3,0,1,1,1,0,1,30,2,2,1,0,0,1,39.0,54.0,deux_roues,voiture,5,2,2,1,3
202200005491,2022-06-03 14:30:00,2022,6,3,14,30,75,75118,RUE ORDENER,48.890876,2.353249,Plein jour,En agglomération,Intersection en T,Pluie forte,Autre collision,4,2,1,0,1,1,2,0,1,50,1,2,1,0,0,1,20.0,,deux_roues,,1,2,3,3,6
202200005492,2022-12-31 15:30:00,2022,12,31,15,30,03,03043,8 Route de Vendat,46.188449,3.319809,Plein jour,Hors agglomération,Hors intersection,Normale,Sans collision,3,2,2,0,1,1,1,0,1,90,1,1,0,0,1,0,64.0,,deux_roues,,1,1,1,1,7
202200005493,2022-06-04 19:30:00,2022,6,4,19,30,75,75117,PLACE DU GENERAL KOENIG,48.880852,2.28398,Plein jour,En agglomération,Place,Pluie forte,Autre collision,4,4,4,0,1,1,2,0,1,30,1,2,1,0,0,1,70.0,,voiture,,1,2,7,3,6
202200005494,2022-12-31 14:33:00,2022,12,31,14,33,60,60509,123 Rue de la Plaine,49.312927,2.621564,Plein jour,En agglomération,Hors intersection,Normale,Deux véhicules - frontale,4,2,2,1,1,1,1,0,1,50,2,2,1,0,0,1,66.0,19.0,deux_roues,voiture,1,2,1,1,1
202200005495,2022-04-29 19:00:00,2022,4,29,19,0,2B,2B033,11 - RT,42.6788,9.4466,Plein jour,En agglomération,Hors intersection,Normale,Trois véhicules et plus - collisions multiples,2,2,2,0,2,1,1,0,1,50,4,6,2,0,0,4,23.0,38.0,voiture,voiture,1,2,1,1,5
202200005496,2022-03-21 16:40:00,2022,3,21,16,40,94,94021,FRANKLIN ROOSEVELT (AV),48.77048,2.3634,Plein jour,En agglomération,Intersection en X,Normale,Autre collision,3,2,2,0,1,1,1,0,4,50,1,5,4,0,0,1,77.0,,voiture,,1,2,2,1,6
202200005497,2022-12-31 16:00:00,2022,12,31,16,0,36,36207,Les Brumales,46.4704877517,1.6337227821,Plein jour,Hors agglomération,Hors intersection,Normale,Deux véhicules - côté,3,2,2,0,2,2,1,0,8,80,2,2,1,0,1,0,44.0,70.0,voiture,deux_roues,1,1,1,1,3
202200005498,2022-06-03 21:15:00,2022,6,3,21,15,75,75117,AVENUE DE LA PORTE D ASNIERES,48.892298,2.301007,Crépuscule ou aube,En agglomération,Intersection en X,Normale,Deux véhicules - arrière,4,3,8,0,1,1,1,0,1,50,2,6,5,0,0,1,51.0,54.0,voiture,voiture,2,2,2,1,2
202200005499,2022-03-21 09:20:00,2022,3,21,9,20,94,94065,RN 186,48.75345,2.35695,Plein jour,Hors agglomération,Hors intersection,Normale,Deux véhicules - côté,2,3,2,0,1,1,1,0,1,70,2,2,1,0,0,1,30.0,27.0,deux_roues,utilitaire_camion,1,1,1,1,3
202200005500,2022-04-25 22:04:00,2022,4,25,22,4,95,95555,RD 109,48.96442,2.28265,Nuit avec éclairage allumé,En agglomération,Hors intersection,Normale,Autre collision,3,2,2,0,2,1,1,0,1,50,2,3,2,0,0,1,,19.0,voiture,voiture,5,2,1,1,6
202200005501,2022-12-31 22:25:00,2022,12,31,22,25,48,48017,Avenue du Lot,44.439391,3.198491,Nuit avec éclairage allumé,En agglomération,Hors intersection,Normale,Autre collision,3,2,2,0,1,1,1,0,4,50,1,1,0,0,1,0,53.0,,deux_roues,,5,2,1,1,6
202200005502,2022-03-21 20:45:00,2022,3,21,20,45,94,94054,Route Charles Tillon,48.73782,2.39193,Nuit sans éclairage public,En agglomération,Hors intersection,Normale,Sans collision,3,2,2,0,1,2,1,0,1,70,1,1,0,0,1,0,39.0,,voiture,,3,2,1,1,7
202200005503,2022-06-02 23:30:00,2022,6,2,23,30,75,75117,AVENUE DE CLICHY,48.892187,2.317556,Nuit avec éclairage allumé,En agglomération,Intersection en T,Normale,Deux véhicules - côté,4,2,2,0,2,1,1,0,1,30,2,2,0,0,0,1,31.0,,deux_roues,voiture,5,2,3,1,3
202200005504,2022-04-30 20:30:00,2022,4,30,20,30,91,91657,AV HENRI BARBUSSE,48.69599,2.41491,Plein jour,En agglomération,Intersection en T,Normale,Trois véhicules et plus - en chaîne,3,2,2,0,1,1,1,0,1,50,3,3,2,0,0,1,39.0,23.0,voiture,deux_roues,1,2,3,1,4
202200005505,2022-12-31 19:45:00,2022,12,31,19,45,42,42299,Route de Montrond,45.612356,4.10511,Nuit sans éclairage public,Hors agglomération,Hors intersection,Normale,Deux véhicules - côté,3,2,2,0,1,1,1,0,1,80,2,2,1,0,0,1,21.0,72.0,deux_roues,voiture,3,1,1,1,3
202200005506,2022-06-04 06:30:00,2022,6,4,6,30,75,75116,CARREFOUR DES TRIBUNES,48.861991,2.230379,Crépuscule ou aube,En agglomération,Intersection en T,Normale,Autre collision,4,1,1,0,1,1,1,0,1,50,1,3,1,0,1,1,28.0,,voiture,,2,2,3,1,6
202200005507,2022-12-31 19:29:00,2022,12,31,19,29,92,92019,RN 385 Extèrieure,48.7723095382,2.2428001395,Nuit sans éclairage public,Hors agglomération,Hors intersection,Normale,Deux véhicules - arrière,2,1,2,0,1,1,1,0,1,90,2,2,1,0,0,1,30.0,25.0,voiture,deux_roues,3,1,1,1,2
202200005508,2022-04-30 19:24:00,2022,4,30,19,24,91,91286,EMILE ALLIAUD (AVENUE),48.64898,2.38753,Plein jour,Hors agglomération,Hors intersection,Normale,Deux véhicules - arrière,9,-1,1,0,1,1,1,0,1,30,2,3,2,0,0,1,52.0,36.0,voiture,voiture,1,1,1,1,2
202200005509,2022-03-20 16:50:00,2022,3,20,16,50,94,94002,Chemin Latéral,48.8099,2.42187,Plein jour,En agglomération,Hors intersection,Normale,Deux véhicules - arrière,4,1,1,2,1,1,1,0,1,50,2,5,2,0,0,3,35.0,40.0,voiture,utilitaire_camion,1,2,1,1,2
202200005510,2022-12-31 09:45:00,2022,12,31,9,45,91,91064,RN 118,48.75681,2.22369,Plein jour,Hors agglomération,Hors intersection,Temps couvert,Sans collision,2,-1,4,0,2,1,2,0,1,90,1,1,0,0,0,1,23.0,,voiture,,1,1,1,8,7
202200005511,2022-06-02 20:50:00,2022,6,2,20,50,75,75116,HYPPODROME DE LONGCHAMP,48.8633125831,2.2375094891,Plein jour,En agglomération,Hors intersection,Normale,Trois véhicules et plus - en chaîne,4,1,1,1,1,1,1,-1,5,50,4,4,2,0,0,2,43.0,34.0,deux_roues,deux_roues,1,2,1,1,4
202200005512,2022-04-30 16:15:00,2022,4,30,16,15,91,91589,RUE VAN GOGH,48.675391,2.339653,Plein jour,En agglomération,Hors intersection,Temps éblouissant,Autre collision,9,2,2,0,1,1,1,6,4,50,1,2,1,0,0,1,,,voiture,,1,2,1,7,6
202200005513,2022-03-21 08:00:00,2022,3,21,8,0,93,93072,51 Avenue Paul Vaillant Couturier,48.9507296749,2.3814027607,Plein jour,En agglomération,Hors intersection,Normale,Deux véhicules - côté,4,2,2,0,1,1,1,0,1,50,2,2,1,0,1,0,13.0,49.0,deux_roues,voiture,1,2,1,1,3
202200005514,2022-12-31 04:35:00,2022,12,31,4,35,91,91521,RN 104,48.62677,2.39864,Nuit sans éclairage public,Hors agglomération,Hors intersection,Pluie légère,Sans collision,2,1,2,0,1,3,2,0,1,90,1,1,0,0,0,1,21.0,,voiture,,3,1,1,2,7
202200005515,2022-12-30 21:20:00,2022,12,30,21,20,94,94043,AUTOROUTE A6B,48.81584,2.35663,Nuit avec éclairage allumé,Hors agglomération,Hors intersection,Pluie légère,Deux véhicules - côté,1,1,2,0,2,2,2,1,1,50,2,2,1,0,0,1,42.0,61.0,voiture,utilitaire_camion,5,1,1,2,3
202200005516,2022-04-30 14:30:00,2022,4,30,14,30,91,91589,AV CHARLES DE GAULLE,48.676879,2.349846,Plein jour,En agglomération,Intersection en X,Temps éblouissant,Deux véhicules - côté,4,2,2,0,2,1,1,9,8,50,2,2,0,0,0,2,43.0,49.0,voiture,deux_roues,1,2,2,7,3
202200005517,2022-06-03 01:30:00,2022,6,3,1,30,75,75116,AVENUE FOCH,48.873551,2.292453,Nuit avec éclairage allumé,En agglomération,Intersection en T,Normale,Trois véhicules et plus - collisions multiples,4,2,2,0,1,1,1,0,1,50,3,3,1,0,0,1,,49.0,utilitaire_camion,deux_roues,5,2,3,1,5
202200005518,2022-03-21 10:45:00,2022,3,21,10,45,93,93066,Rue Paul Eluard / Quai de Seine,48.941893,2.341688,Plein jour,En agglomération,Intersection en X,Normale,Deux véhicules - côté,3,2,2,0,1,1,1,5,1,50,2,2,1,0,0,1,32.0,38.0,deux_roues,voiture,1,2,2,1,3
202200005519,2022-04-30 15:55:00,2022,4,30,15,55,79,79191,5 Rue de la Levée de Sevreau,46.32103,-0.51379,Plein jour,En agglomération,Hors intersection,Normale,Deux véhicules - frontale,4,2,2,1,1,1,1,0,1,50,2,2,1,0,0,1,18.0,34.0,deux_roues,voiture,1,2,1,1,1
202200005520,2022-06-02 12:53:00,2022,6,2,12,53,75,75116,RUE MICHEL ANGE,48.843197,2.260236,Plein jour,En agglomération,Intersection en X,Normale,Autre collision,4,1,2,0,1,1,1,0,1,30,1,2,1,0,0,1,19.0,,deux_roues,,1,2,2,1,6
202200005521,2022-03-21 17:05:00,2022,3,21,17,5,93,93077,Boulevard d'Aulnay / Rue Jean Fallay,48.8935,2.50222,Plein jour,En agglomération,Intersection en X,Normale,Autre collision,4,3,2,0,1,1,1,4,1,50,1,2,1,0,0,1,52.0,,voiture,,1,2,2,1,6
202200005522,2022-12-30 19:34:00,2022,12,30,19,34,94,94034,AUTOROUTE A86,48.7594589498,2.3225375404,Nuit avec éclairage allumé,Hors agglomération,Hors intersection,Pluie légère,Trois véhicules et plus - en chaîne,1,1,2,0,1,1,2,1,1,70,4,5,4,0,0,1,63.0,28.0,voiture,voiture,5,1,1,2,4
202200005523,2022-06-02 13:50:00,2022,6,2,13,50,75,75116,AVENUE DE VERSAILLES,48.846142,2.272425,Plein jour,En agglomération,Intersection en X,Normale,Autre collision,4,2,4,3,1,1,1,0,1,50,1,3,2,0,0,1,21.0,,voiture,,1,2,2,1,6
202200005524,2022-03-21 09:35:00,2022,3,21,9,35,93,93046,EUROPE BOULEVARD DE L',48.92851,2.55238,Plein jour,En agglomération,Hors intersection,Normale,Deux véhicules - arrière,3,3,4,0,1,1,1,0,1,50,2,2,1,0,0,1,57.0,40.0,utilitaire_camion,voiture,1,2,1,1,2
202200005525,2022-12-31 22:00:00,2022,12,31,22,0,93,93005,AUTOROUTE A3,48.9290162824,2.4812525511,Nuit sans éclairage public,Hors agglomération,Hors intersection,Normale,Deux véhicules - côté,1,3,3,0,1,1,1,0,1,90,2,3,2,0,0,1,,19.0,voiture,voiture,3,1,1,1,3
202200005526,2022-04-30 17:00:00,2022,4,30,17,0,78,78005,CENTRALE (ROUTE),48.96467,2.17467,Plein jour,Hors agglomération,Hors intersection,Normale,Deux véhicules - frontale,4,2,2,0,1,2,1,0,1,50,2,2,1,0,0,1,,56.0,deux_roues,deux_roues,1,1,1,1,1
202200005527,2022-06-02 08:15:00,2022,6,2,8,15,75,75116,BOULEVARD SUCHET,48.854322,2.262715,Plein jour,En agglomération,Hors intersection,Normale,Deux véhicules - côté,4,2,4,0,1,1,1,0,1,50,2,2,1,0,0,1,53.0,59.0,deux_roues,deux_roues,1,2,1,1,3
202200005528,2022-04-30 01:40:00,2022,4,30,1,40,77,77284,EPINETTE (AV.DE L'),48.95932,2.90388,Nuit avec éclairage allumé,En agglomération,Hors intersection,Normale,Deux véhicules - frontale,4,2,2,0,1,3,1,0,1,50,2,2,1,0,0,1,23.0,,voiture,voiture,5,2,1,1,1
202200005529,2022-03-21 19:45:00,2022,3,21,19,45,93,93010,Avenue Galliéni / Villa Fleury,48.905471,2.478437,Nuit avec éclairage allumé,En agglomération,Intersection en T,Normale,Deux véhicules - côté,3,3,6,0,1,1,1,0,1,50,2,2,1,0,0,1,61.0,43.0,voiture,deux_roues,5,2,3,1,3
202200005530,2022-06-01 13:55:00,2022,6,1,13,55,75,75116,BOULEVARD DE BEAUSEJOUR,48.857679,2.271137,Plein jour,En agglomération,Hors intersection,Normale,Deux véhicules - côté,4,2,1,0,1,1,1,0,1,30,2,2,1,0,0,1,57.0,61.0,voiture,deux_roues,1,2,1,1,3