accident_id,datetime,annee,mois,jour,heure,minute,departement,commune_insee,adresse,latitude,longitude,luminosite,agglomeration,intersection,meteo,collision,catr,circ,nbv,vosp,prof,plan,surf,infra,situ,vma,nb_vehicules,nb_usagers,nb_indemnes,nb_tues,nb_blesses_hosp,nb_blesses_legers,age_cond_1,age_cond_2,veh_type_cond_1,veh_type_cond_2,lum_code,agg_code,int_code,atm_code,col_code
202200005531,2022-12-31 15:45:00,2022,12,31,15,45,95,95582, A15,48.9664443028,2.2562747404,Plein jour,Hors agglomération,Hors intersection,Normale,Trois véhicules et plus - en chaîne,1,3,8,0,1,1,1,0,1,110,4,5,3,0,0,2,60.0,55.0,voiture,voiture,1,1,1,1,4
202200005532,2022-04-29 17:30:00,2022,4,29,17,30,77,77209,D217B,48.854993,2.701579,Plein jour,En agglomération,Hors intersection,Normale,Deux véhicules - frontale,3,2,2,0,1,1,1,0,1,50,2,2,1,0,1,0,19.0,28.0,deux_roues,voiture,1,2,1,1,1
202200005533,2022-03-21 17:30:00,2022,3,21,17,30,93,93005,PAUL CEZANNE (RUE),48.9530620881,2.4953341484,Plein jour,En agglomération,Hors intersection,Normale,Autre collision,3,1,2,0,1,1,1,0,1,50,1,2,1,0,1,0,41.0,,voiture,,1,2,1,1,6
202200005534,2022-12-30 16:45:00,2022,12,30,16,45,95,95572,RN 184,49.0342660733,2.1124421464,Plein jour,Hors agglomération,Hors intersection,Normale,Autre collision,2,3,4,0,2,1,1,0,1,70,1,4,0,0,0,4,44.0,,voiture,,1,1,1,1,6
202200005535,2022-06-01 07:19:00,2022,6,1,7,19,75,75116,ROUTE DE LA PTE DES SABLONS A LA PTE MAI,48.877343,2.279244,Plein jour,En agglomération,Intersection en X,Normale,Deux véhicules - arrière,4,3,2,0,1,1,1,0,1,30,2,2,1,0,0,1,32.0,27.0,voiture,voiture,1,2,2,1,2
202200005536,2022-04-30 12:00:00,2022,4,30,12,0,69,69290,Rue Aristide Briand,45.6963689042,4.926240279,Plein jour,En agglomération,Intersection en X,Normale,Deux véhicules - côté,7,2,6,0,1,1,1,0,1,50,2,2,1,0,0,1,61.0,42.0,voiture,voiture,1,2,2,1,3
202200005537,2022-12-30 16:15:00,2022,12,30,16,15,95,95582,A15,48.969195,2.250777,Crépuscule ou aube,Hors agglomération,Hors intersection,Pluie légère,Autre collision,1,3,4,0,2,3,2,0,1,90,1,1,0,0,0,1,31.0,,voiture,,2,1,1,2,6
202200005538,2022-03-20 17:00:00,2022,3,20,17,0,92,92063,BONAPARTE (AVENUE NAPOLEON) SUD,48.86922,2.15543,Plein jour,En agglomération,Autre intersection,Normale,Sans collision,3,1,5,0,1,1,1,0,8,50,1,3,2,0,0,1,25.0,,voiture,,1,2,9,1,7
202200005539,2022-06-03 15:35:00,2022,6,3,15,35,75,75115,BOULEVARD PASTEUR,48.842868,2.312381,Plein jour,En agglomération,Intersection en X,Pluie légère,Sans collision,4,3,3,1,2,1,2,-1,5,30,1,1,0,0,0,1,50.0,,deux_roues,,1,2,2,2,7
202200005540,2022-12-30 13:00:00,2022,12,30,13,0,95,95582,A115,48.97527,2.2411,Plein jour,Hors agglomération,Hors intersection,Pluie légère,Autre collision,1,3,4,0,1,2,2,0,1,70,1,1,0,0,0,1,25.0,,voiture,,1,1,1,2,6
202200005541,2022-03-18 17:45:00,2022,3,18,17,45,92,92050,SURESNES RUE DE,48.8841620606,2.2145937681,Plein jour,En agglomération,Hors intersection,Normale,Deux véhicules - côté,4,2,2,0,1,1,1,0,1,50,2,2,1,0,0,1,23.0,24.0,utilitaire_camion,deux_roues,1,2,1,1,3
202200005542,2022-04-30 11:15:00,2022,4,30,11,15,69,69290,Boulevard André Boulloche,45.71893,4.93094,Plein jour,En agglomération,Intersection en X,Normale,Deux véhicules - côté,4,2,4,0,1,1,1,5,1,50,2,2,1,0,0,1,26.0,45.0,voiture,voiture,1,2,2,1,3
202200005543,2022-12-31 09:00:00,2022,12,31,9,0,94,94017,A4,48.8301463257,2.4891312295,Plein jour,Hors agglomération,Hors intersection,Normale,Autre collision,1,-1,3,0,1,1,1,0,1,90,1,1,0,0,0,1,22.0,,voiture,,1,1,1,1,6
202200005544,2022-06-02 19:15:00,2022,6,2,19,15,75,75115,RUE DE LA CONVENTION,48.844764,2.279908,Plein jour,En agglomération,Intersection en X,Normale,Deux véhicules - arrière,4,1,2,3,1,1,1,0,1,30,2,2,1,0,0,1,55.0,21.0,voiture,deux_roues,1,2,2,1,2
202200005545,2022-12-31 09:10:00,2022,12,31,9,10,94,94044,RN406.Y,48.7572047538,2.4763169398,Plein jour,Hors agglomération,Hors intersection,Normale,Sans collision,2,3,2,0,1,2,2,0,1,70,1,1,0,0,0,1,32.0,,deux_roues,,1,1,1,1,7
202200005546,2022-04-20 20:40:00,2022,4,20,20,40,59,59033,ANATOLE France (RUE),50.1947844494,3.831294179,Plein jour,En agglomération,Hors intersection,Normale,Sans collision,3,2,2,0,2,1,1,0,1,50,1,2,1,1,0,0,61.0,,voiture,,1,2,1,1,7
202200005547,2022-12-31 01:24:00,2022,12,31,1,24,94,94073,A86 EXT,48.7680357492,2.3785302403,Nuit sans éclairage public,Hors agglomération,Hors intersection,Pluie légère,Autre collision,1,-1, -1,0,1,1,2,0,1,90,1,1,0,0,0,1,22.0,,voiture,,3,1,1,2,6
202200005548,2022-03-18 14:00:00,2022,3,18,14,0,92,92036,GENERAL DE GAULLE (AVENUE) (1/41),48.934727711,2.3196828514,Plein jour,En agglomération,Giratoire,Normale,Deux véhicules - côté,1,1,3,0,1,1,1,3,1,50,2,3,2,0,0,1,30.0,50.0,voiture,utilitaire_camion,1,2,6,1,3
202200005549,2022-06-02 15:30:00,2022,6,2,15,30,75,75115,RUE DE VAUGIRARD,48.844428,2.317677,Plein jour,En agglomération,Intersection en X,Normale,Deux véhicules - côté,4,1,1,1,1,1,1,-1,5,30,2,2,1,0,0,1,30.0,45.0,deux_roues,voiture,1,2,2,1,3
202200005550,2022-04-30 18:10:00,2022,4,30,18,10,59,59350,SCHUMAN ROBERT BOULEVARD,50.6483467445,3.051236093,Plein jour,En agglomération,Autre intersection,Normale,Deux véhicules - arrière,7,1,2,0,1,1,1,0,1,70,2,3,2,0,0,1,24.0,,voiture,voiture,1,2,9,1,2
202200005551,2022-12-31 00:31:00,2022,12,31,0,31,77,77294,RN104,48.9714198105,2.5734611015,Nuit sans éclairage public,Hors agglomération,Hors intersection,Pluie légère,Deux véhicules - arrière,1,3,2,0,1,3,2,0,1,110,2,3,2,0,0,1,22.0,35.0,voiture,voiture,3,1,1,2,2
202200005552,2022-03-21 17:15:00,2022,3,21,17,15,92,92023,GENERAL DE GAULLE (AV DU) N°130 A 340 ET,48.7842293001,2.2487098574,Plein jour,En agglomération,Hors intersection,Normale,Deux véhicules - côté,3,1,1,0,1,2,1,0,1,50,2,2,0,0,1,1,85.0,47.0,voiture,voiture,1,2,1,1,3
202200005553,2022-12-29 16:45:00,2022,12,29,16,45,974,97416,RN2,-21.3517311,55.5074807,Plein jour,En agglomération,Hors intersection,Normale,Sans collision,2,2,2,0,1,1,1,0,1,50,1,1,0,0,0,1,22.0,,deux_roues,,1,2,1,1,7
202200005554,2022-06-04 09:30:00,2022,6,4,9,30,75,75114,RUE DE L OUEST,48.836502,2.32015,Plein jour,En agglomération,Intersection en X,Normale,Deux véhicules - côté,4,1,1,0,1,1,1,0,1,30,2,4,2,0,0,2,53.0,47.0,voiture,utilitaire_camion,1,2,2,1,3
202200005555,2022-04-27 17:00:00,2022,4,27,17,0,59,59286,MESNY RUE DU GENERAL,50.60162,2.98355,Plein jour,En agglomération,Hors intersection,Normale,Deux véhicules - frontale,4,2,2,0,1,3,1,0,1,50,2,2,0,0,1,1,27.0,43.0,voiture,voiture,1,2,1,1,1
202200005556,2022-03-20 22:26:00,2022,3,20,22,26,92,92004,GRESILLONS ( AVENUE DES  ),48.9170297221,2.3068191111,Nuit avec éclairage allumé,En agglomération,Hors intersection,Normale,Deux véhicules - côté,3,2,0,0,1,1,1,0,1,50,2,2,1,0,1,0,28.0,37.0,deux_roues,voiture,5,2,1,1,3
202200005557,2022-12-30 05:10:00,2022,12,30,5,10,974,97411,JAURES (BLD 1 JEAN),-20.8936,55.47101,Nuit avec éclairage allumé,En agglomération,Hors intersection,Normale,Deux véhicules - arrière,2,2,6,0,1,1,1,0,1,70,2,2,1,0,0,1,22.0,21.0,voiture,voiture,5,2,1,1,2
202200005558,2022-04-30 12:10:00,2022,4,30,12,10,45,45234,Rue Eugène Vignat,47.909842624,1.9114703983,Plein jour,En agglomération,Hors intersection,Normale,Deux véhicules - côté,4,2,2,0,1,1,1,0,1,50,2,3,1,0,0,2,44.0,29.0,utilitaire_camion,voiture,1,2,1,1,3
202200005559,2022-06-03 20:35:00,2022,6,3,20,35,75,75114,AVENUE DU MAINE,48.834094,2.324353,Plein jour,En agglomération,Intersection en Y,Normale,Deux véhicules - arrière,4,2,3,3,1,1,1,-1,6,50,2,2,1,0,0,1,17.0,54.0,deux_roues,deux_roues,1,2,4,1,2
202200005560,2022-12-29 21:05:00,2022,12,29,21,5,69,69386,175 Cours Lafayette,45.76371,4.85637,Nuit avec éclairage allumé,En agglomération,Intersection en X,Pluie légère,Autre collision,4,1,1,3,1,1,2,0,1,50,1,2,1,0,0,1,74.0,,voiture,,5,2,2,2,6
202200005561,2022-03-22 10:30:00,2022,3,22,10,30,26,26139,Vachier de la Grand Pierre,45.065554,5.092925,Plein jour,Hors agglomération,Giratoire,Normale,Deux véhicules - côté,3,2,2,0,1,1,1,0,1,80,2,2,1,0,0,1,24.0,64.0,utilitaire_camion,deux_roues,1,1,6,1,3
202200005562,2022-04-30 10:06:00,2022,4,30,10,6,45,45302,Rue Nationale 20,47.95455,1.89101,Plein jour,En agglomération,Intersection en X,Normale,Deux véhicules - frontale,4,2,4,0,1,1,1,0,1,50,2,2,1,0,0,1,59.0,56.0,voiture,utilitaire_camion,1,2,2,1,1
202200005563,2022-12-29 18:05:00,2022,12,29,18,5,69,69382,Cours Charlemagne,45.73984,4.81803,Nuit avec éclairage allumé,En agglomération,Intersection en T,Pluie légère,Autre collision,4,2,3,1,1,1,2,9,6,30,1,2,1,0,0,1,,,voiture,,5,2,3,2,6
202200005564,2022-06-03 14:55:00,2022,6,3,14,55,75,75114,AVENUE JEAN MOULIN,48.82631,2.323301,Plein jour,En agglomération,Hors intersection,Pluie légère,Trois véhicules et plus - collisions multiples,4,1,1,0,1,1,2,0,1,30,3,3,2,0,0,1,20.0,40.0,deux_roues,deux_roues,1,2,1,2,5
202200005565,2022-03-21 03:40:00,2022,3,21,3,40,66,66164,AUTOROUTE A9 - PK 243+200,42.770266,2.89258,Nuit sans éclairage public,Hors agglomération,Hors intersection,Pluie forte,Autre collision,1,3,5,0,1,1,2,0,2,130,1,5,3,0,1,1,29.0,,voiture,,3,1,1,3,6
202200005566,2022-12-26 18:30:00,2022,12,26,18,30,971,97107,DELGRES ( BOULEVARD ),16.0474,-61.5641,Crépuscule ou aube,En agglomération,Hors intersection,Normale,Deux véhicules - arrière,3,1,1,0,1,1,1,0,1,50,2,2,1,0,0,1,16.0,65.0,deux_roues,voiture,2,2,1,1,2
202200005567,2022-04-29 16:25:00,2022,4,29,16,25,45,45234,Boulevard Marie Stuart,47.9114285717,1.9295473248,Plein jour,En agglomération,Intersection en X,Normale,Deux véhicules - côté,4,2,2,0,1,1,1,0,1,50,2,2,1,0,0,1,13.0,77.0,deux_roues,voiture,1,2,2,1,3
202200005568,2022-12-29 09:32:00,2022,12,29,9,32,87,87085,AUTOROUTE A20,45.86299,1.2871,Plein jour,Hors agglomération,Hors intersection,Pluie forte,Sans collision,1,3,4,0,2,3,2,0,1,110,1,2,0,0,1,1,58.0,,voiture,,1,1,1,3,7
202200005569,2022-03-22 10:50:00,2022,3,22,10,50,31,31418,240 route de TOULOUSE,43.624053,1.534725,Plein jour,En agglomération,Hors intersection,Normale,Deux véhicules - frontale,4,2,2,0,1,1,1,0,1,50,2,2,1,0,1,0,63.0,58.0,deux_roues,voiture,1,2,1,1,1
202200005570,2022-06-04 21:00:00,2022,6,4,21,0,75,75113,AVENUE DE LA PORTE D ITALIE,48.815799,2.360577,Plein jour,En agglomération,Intersection à plus de 4 branches,Temps couvert,Deux véhicules - côté,4,1,3,0,1,1,2,0,1,30,2,2,1,0,0,1,36.0,21.0,deux_roues,voiture,1,2,5,8,3
202200005571,2022-12-23 08:45:00,2022,12,23,8,45,85,85194,RD949,46.51385,-1.78186,Plein jour,En agglomération,Giratoire,Pluie légère,Sans collision,3,1,1,0,1,2,2,0,1,50,2,2,1,0,0,1,49.0,18.0,voiture,deux_roues,1,2,6,2,7
202200005572,2022-04-26 10:40:00,2022,4,26,10,40,44,44132,25 Avenue du Baulois,47.26325,-2.3342,Plein jour,En agglomération,Giratoire,Normale,Trois véhicules et plus - collisions multiples,3,-1,1,0,1,1,1,9,1,30,3,3,1,0,0,2,51.0,75.0,voiture,voiture,1,2,6,1,5
202200005573,2022-03-21 18:55:00,2022,3,21,18,55,35,35033,RN137,47.9188955819,-1.6800043574,Plein jour,Hors agglomération,Hors intersection,Normale,Deux véhicules - arrière,2,3,4,0,2,1,1,0,1,110,2,2,1,0,1,0,45.0,36.0,voiture,voiture,1,1,1,1,2
202200005574,2022-12-29 18:00:00,2022,12,29,18,0,83,83062,SALENGRO (AVENUE ROGER),43.1265732448,6.0127488971,Nuit avec éclairage allumé,En agglomération,Hors intersection,Normale,Trois véhicules et plus - collisions multiples,4,2,2,0,1,1,1,0,1,50,3,4,2,0,0,2,16.0,42.0,deux_roues,voiture,5,2,1,1,5
202200005575,2022-04-30 17:10:00,2022,4,30,17,10,37,37261,FLORENCE (AVENUE DE),47.3767430047,0.7369798422,Plein jour,En agglomération,Intersection en T,Normale,Deux véhicules - côté,4,2,2,0,1,1,1,0,1,50,2,2,1,0,1,0,26.0,33.0,voiture,deux_roues,1,2,3,1,3
202200005576,2022-06-04 18:20:00,2022,6,4,18,20,75,75113,RUE DE TOLBIAC,48.825941,2.345217,Plein jour,En agglomération,Intersection en X,Pluie forte,Deux véhicules - côté,4,2,4,3,1,1,2,0,1,30,2,3,2,0,0,1,60.0,40.0,voiture,voiture,1,2,2,3,3
202200005577,2022-12-27 07:50:00,2022,12,27,7,50,80,80021,JULES BARNI (RUE),49.88947,2.30989,Crépuscule ou aube,En agglomération,Hors intersection,Normale,Deux véhicules - côté,4,2,3,0,1,1,1,0,1,50,2,2,1,0,0,1,28.0,56.0,deux_roues,voiture,2,2,1,1,3
202200005578,2022-04-30 14:20:00,2022,4,30,14,20,37,37261,HALLES (PLACE DES),47.3926516032,0.6791970134,Plein jour,En agglomération,Place,Normale,Autre collision,4,1,1,0,1,2,1,0,1,30,1,2,1,0,0,1,83.0,,voiture,,1,2,7,1,6
202200005579,2022-06-04 02:25:00,2022,6,4,2,25,75,75113,BOULEVARD ARAGO,48.834967,2.346113,Nuit avec éclairage allumé,En agglomération,Intersection en T,Normale,Autre collision,4,3,4,0,2,1,1,0,1,30,1,1,0,0,0,1,36.0,,deux_roues,,5,2,3,1,6
202200005580,2022-03-21 19:45:00,2022,3,21,19,45,80,80424,D1001,49.807437,2.260276,Crépuscule ou aube,Hors agglomération,Hors intersection,Normale,Deux véhicules - arrière,3,2,2,0,1,1,1,0,1,80,2,2,1,1,0,0,76.0,32.0,deux_roues,voiture,2,1,1,1,2
202200005581,2022-12-27 11:55:00,2022,12,27,11,55,80,80021,PONT JACQUES CHIRAC,49.89091,2.27697,Plein jour,En agglomération,Hors intersection,Temps éblouissant,Deux véhicules - côté,4,2,2,1,1,2,1,0,1,50,2,2,1,0,0,1,,51.0,voiture,deux_roues,1,2,1,7,3
202200005582,2022-04-30 11:35:00,2022,4,30,11,35,35,35238,MALAKOFF (PONT),48.1077595295,-1.6930512339,Plein jour,En agglomération,Autre intersection,Normale,Deux véhicules - côté,4,2,2,1,1,1,1,2,1,50,2,2,1,0,0,1,52.0,61.0,voiture,deux_roues,1,2,9,1,3
202200005583,2022-06-03 15:50:00,2022,6,3,15,50,75,75113,RUE OLIVIER MESSIAEN,48.831026,2.377603,Plein jour,En agglomération,Intersection en X,Pluie légère,Deux véhicules - côté,4,2,2,2,1,1,2,-1,5,30,2,2,1,0,0,1,53.0,40.0,deux_roues,voiture,1,2,2,2,3
202200005584,2022-12-29 20:55:00,2022,12,29,20,55,77,77373,LES PETITES FRICHES RN4,48.7829014814,2.6139036227,Nuit avec éclairage allumé,En agglomération,Autre intersection,Normale,Autre collision,4,3,2,0,1,3,1,9,8,50,1,2,0,0,0,2,18.0,,voiture,,5,2,9,1,6
202200005585,2022-03-22 13:20:00,2022,3,22,13,20,71,71073,Rue du 11 Novembre 1918,46.903824,4.755991,Plein jour,En agglomération,Giratoire,Normale,Deux véhicules - côté,3,2,2,0,1,1,1,5,1,50,2,3,2,0,0,1,11.0,65.0,deux_roues,voiture,1,2,6,1,3
202200005586,2022-04-30 10:35:00,2022,4,30,10,35,35,35238,VOLTAIRE (BD),48.1051535641,-1.6984371096,Plein jour,En agglomération,Hors intersection,Normale,Deux véhicules - arrière,4,2,3,1,1,1,1,0,1,50,2,2,1,0,0,1,48.0,29.0,transport_commun,deux_roues,1,2,1,1,2
202200005587,2022-06-03 00:10:00,2022,6,3,0,10,75,75113,BOULEVARD MASSENA,48.819807,2.364906,Nuit avec éclairage allumé,En agglomération,Intersection en X,Normale,Autre collision,4,1,5,0,1,1,1,0,1,30,1,1,0,0,0,1,34.0,,deux_roues,,5,2,2,1,6
202200005588,2022-12-28 21:15:00,2022,12,28,21,15,77,77058,ANTOINE GIROUST (BOULEVARD ),48.83996,2.71075,Nuit avec éclairage allumé,En agglomération,Intersection en X,Pluie légère,Deux véhicules - côté,4,2,2,0,1,1,2,0,1,50,2,2,1,0,0,1,32.0,30.0,deux_roues,voiture,5,2,2,2,3
202200005589,2022-03-21 21:50:00,2022,3,21,21,50,47,47041,D119,44.209362,0.394786,Nuit avec éclairage non allumé,Hors agglomération,Hors intersection,Normale,Autre collision,3,3,2,0,1,1,1,0,1,80,1,1,0,0,1,0,55.0,,deux_roues,,4,1,1,1,6
202200005590,2022-06-04 23:15:00,2022,6,4,23,15,75,75112,QUAI DE BERCY,48.837345,2.377868,Nuit avec éclairage allumé,En agglomération,Hors intersection,Pluie légère,Autre collision,4,1,3,0,1,1,2,0,1,50,1,1,0,0,1,0,22.0,,deux_roues,,5,2,1,2,6
202200005591,2022-12-28 12:00:00,2022,12,28,12,0,72,72181,EVENTAIL RUE DE L' N° IMP 1 A 61,48.00472,0.22204,Plein jour,En agglomération,Hors intersection,Temps couvert,Deux véhicules - côté,4,1,1,0,1,1,1,0,1,50,2,2,1,0,0,1,73.0,34.0,deux_roues,voiture,1,2,1,8,3
202200005592,2022-12-29 19:00:00,2022,12,29,19,0,69,69290,Rue Aristide Briand,45.69205,4.9334,Nuit avec éclairage allumé,En agglomération,Hors intersection,Pluie légère,Autre collision,7,2,2,0,1,1,2,0,1,50,1,2,1,0,0,1,52.0,,voiture,,5,2,1,2,6
202200005593,2022-04-30 21:00:00,2022,4,30,21,0,33,33119,Rue Aristide Briand,44.8602,-0.52355,Plein jour,En agglomération,Intersection en X,Normale,Deux véhicules - côté,4,2,2,0,1,1,1,0,1,30,2,2,1,0,0,1,32.0,20.0,voiture,deux_roues,1,2,2,1,3
202200005594,2022-06-04 07:00:00,2022,6,4,7,0,75,75112,QUAI DE BERCY,48.829733,2.386943,Plein jour,En agglomération,Hors intersection,Normale,Autre collision,4,1,2,0,1,1,1,0,1,50,1,2,1,0,0,1,23.0,,voiture,,1,2,1,1,6
202200005595,2022-03-21 16:50:00,2022,3,21,16,50,31,31416,pk 24 D49,43.319911,1.184002,Plein jour,En agglomération,Intersection en X,Vent fort / tempête,Deux véhicules - côté,3,2,2,0,3,1,1,0,1,50,2,2,1,0,1,0,18.0,44.0,deux_roues,utilitaire_camion,1,2,2,6,3
202200005596,2022-12-30 00:40:00,2022,12,30,0,40,68,68166,MULHOUSE (FAUBOURG DE),47.78967,7.33581,Nuit avec éclairage allumé,En agglomération,Hors intersection,Pluie légère,Autre collision,3,2,2,0,1,1,2,0,1,50,1,1,0,0,0,1,29.0,,voiture,,5,2,1,2,6
202200005597,2022-06-05 02:15:00,2022,6,5,2,15,75,75111,AVENUE LEDRU ROLLIN,48.8557113717,2.378712371,Nuit avec éclairage allumé,En agglomération,Intersection en Y,Normale,Autre collision,4,2,2,0,1,1,1,0,1,30,1,1,0,0,0,1,45.0,,voiture,,5,2,4,1,6
202200005598,2022-04-30 18:40:00,2022,4,30,18,40,27,27229,CONCHES (ROUTE DE),49.01744,1.11443,Plein jour,En agglomération,Hors intersection,Normale,Deux véhicules - arrière,3,2,0,0,1,1,1,0,1,50,2,4,1,0,0,3,74.0,37.0,voiture,voiture,1,2,1,1,2
202200005599,2022-03-22 07:30:00,2022,3,22,7,30,38,38134,route de Beaurepaire,45.437897,5.005753,Plein jour,Hors agglomération,Hors intersection,Normale,Deux véhicules - côté,3,2,2,0,2,2,1,0,1,80,2,2,1,0,0,1,55.0,16.0,utilitaire_camion,deux_roues,1,1,1,1,3
202200005600,2022-12-28 15:15:00,2022,12,28,15,15,67,67447,ERSTEIN (RUE D ),48.6109,7.7373,Plein jour,En agglomération,Autre intersection,Normale,Deux véhicules - côté,4,2,5,1,1,1,1,0,1,50,2,2,1,0,0,1,73.0,49.0,deux_roues,voiture,1,2,9,1,3
202200005601,2022-04-29 00:40:00,2022,4,29,0,40,26,26198,TEIL (Route du),44.55212,4.7023,Nuit sans éclairage public,Hors agglomération,Hors intersection,Normale,Autre collision,2,2,2,0,1,1,1,0,3,70,1,1,0,0,1,0,21.0,,deux_roues,,3,1,1,1,6
202200005602,2022-06-03 15:30:00,2022,6,3,15,30,75,75111,RUE DE LA FONTAINE AU ROI,48.868436,2.37493,Plein jour,En agglomération,Intersection en X,Pluie légère,Deux véhicules - côté,4,1,1,0,1,1,2,0,1,30,2,2,1,0,0,1,33.0,35.0,utilitaire_camion,deux_roues,1,2,2,2,3
202200005603,2022-12-23 07:30:00,2022,12,23,7,30,67,67204,FONTAINE (RUE DE LA),48.62463,7.73876,Crépuscule ou aube,En agglomération,Hors intersection,Pluie légère,Deux véhicules - frontale,7,2,2,1,1,1,2,0,1,50,2,3,1,0,0,2,21.0,50.0,voiture,voiture,2,2,1,2,1
202200005604,2022-04-30 17:50:00,2022,4,30,17,50,21,21054,PASUMOT (RUE),47.02271,4.83751,Plein jour,En agglomération,Hors intersection,Normale,Autre collision,4,2,2,0,1,1,1,0,1,30,1,2,1,0,1,0,61.0,,utilitaire_camion,,1,2,1,1,6
202200005605,2022-03-21 13:00:00,2022,3,21,13,0,58,58095,D978a,46.805542,3.446526,Plein jour,Hors agglomération,Hors intersection,Normale,Trois véhicules et plus - en chaîne,3,2,2,0,1,1,1,0,1,80,3,4,1,0,0,3,47.0,38.0,utilitaire_camion,voiture,1,1,1,1,4
202200005606,2022-06-03 10:25:00,2022,6,3,10,25,75,75111,BOULEVARD VOLTAIRE,48.856924,2.381596,Plein jour,En agglomération,Hors intersection,Normale,Deux véhicules - côté,4,2,4,1,1,1,1,-1,5,30,2,2,1,0,0,1,65.0,28.0,voiture,deux_roues,1,2,1,1,3
202200005607,2022-12-29 01:50:00,2022,12,29,1,50,66,66136,LYCEE (AVENUE),42.69488,2.88757,Nuit avec éclairage allumé,En agglomération,Hors intersection,Normale,Deux véhicules - frontale,4,1,1,0,1,1,1,0,1,30,2,2,1,0,0,1,25.0,48.0,voiture,voiture,5,2,1,1,1
202200005608,2022-04-29 17:20:00,2022,4,29,17,20,21,21054,JAFFELIN (AVENUE CHARLES),47.03053,4.81345,Plein jour,Hors agglomération,Intersection en T,Temps couvert,Deux véhicules - côté,3,2,2,0,2,1,2,0,1,70,2,2,1,0,0,1,37.0,23.0,voiture,voiture,1,1,3,8,3
202200005609,2022-06-02 10:46:00,2022,6,2,10,46,75,75120,RUE DES PYRENEES,48.851487,2.406302,Plein jour,En agglomération,Intersection en X,Normale,Autre collision,4,1,0,0,1,1,1,0,1,30,1,2,1,0,0,1,78.0,,voiture,,1,2,2,1,6
202200005610,2022-03-21 19:00:00,2022,3,21,19,0,85,85204,Beauséjour,46.81711,-1.75822,Crépuscule ou aube,Hors agglomération,Hors intersection,Normale,Trois véhicules et plus - collisions multiples,3,2,2,0,1,1,1,0,1,80,3,3,0,0,1,2,48.0,58.0,utilitaire_camion,voiture,2,1,1,1,5
202200005611,2022-12-28 13:00:00,2022,12,28,13,0,62,62133,Avenue de la République,50.419869,2.911084,Plein jour,En agglomération,Place,Pluie légère,Deux véhicules - côté,4,-1,1,0,1,1,2,0,1,50,2,2,0,1,1,0,76.0,75.0,deux_roues,utilitaire_camion,1,2,7,2,3
202200005612,2022-04-26 10:15:00,2022,4,26,10,15,15,15014,Avenue Georges Pompidou,44.91096,2.45181,Plein jour,En agglomération,Autre intersection,Normale,Deux véhicules - côté,2,2,2,0,1,1,1,9,1,50,2,2,1,0,0,1,29.0,54.0,deux_roues,voiture,1,2,9,1,3
202200005613,2022-06-03 10:00:00,2022,6,3,10,0,75,75110,RUE LA FAYETTE,48.88161,2.365782,Plein jour,En agglomération,Intersection en X,Normale,Deux véhicules - arrière,4,2,3,3,1,1,1,-1,6,30,2,2,1,0,0,1,23.0,54.0,deux_roues,voiture,1,2,2,1,2
202200005614,2022-03-22 14:46:00,2022,3,22,14,46,30,30167,,44.262916,4.162638,Plein jour,Hors agglomération,Hors intersection,Normale,Deux véhicules - frontale,3,2,3,0,1,2,1,0,1,80,2,2,0,1,1,0,44.0,62.0,voiture,utilitaire_camion,1,1,1,1,1
202200005615,2022-12-29 21:30:00,2022,12,29,21,30,59,59009,BREUCQ BOULEVARD DU,50.62621,3.13649,Nuit avec éclairage allumé,Hors agglomération,Intersection en X,Normale,Deux véhicules - côté,2,1,2,0,1,1,2,2,1,50,2,3,0,0,0,3,28.0,39.0,voiture,voiture,5,1,2,1,3
202200005616,2022-03-20 20:00:00,2022,3,20,20,0,988,98805,VE2,-22.208613,166.455226,Nuit sans éclairage public,Hors agglomération,Hors intersection,Normale,Autre collision,1,3,4,0,1,3,1,0,1,110,1,2,1,0,1,0,,,voiture,,3,1,1,1,6
202200005617,2022-04-30 19:45:00,2022,4,30,19,45,13,13117,MARSEILLE ( AVENUE DE ),43.4325,5.2649,Crépuscule ou aube,En agglomération,Intersection en T,Normale,Deux véhicules - frontale,7,2,2,0,1,1,1,0,1,50,2,2,0,0,0,2,24.0,75.0,voiture,voiture,2,2,3,1,1
202200005618,2022-06-02 02:30:00,2022,6,2,2,30,75,75110,RUE DU FAUBOURG SAINT MARTIN,48.873808,2.358316,Nuit avec éclairage allumé,En agglomération,Intersection en X,Normale,Deux véhicules - côté,4,-1,4,3,1,1,1,-1,6,30,2,2,0,0,0,1,39.0,,deux_roues,voiture,5,2,2,1,3
202200005619,2022-12-29 08:15:00,2022,12,29,8,15,59,59350,HOOVER AVENUE DU PRESIDENT,50.631207,3.077397,Nuit sans éclairage public,En agglomération,Intersection en X,Normale,Deux véhicules - côté,4,1,2,0,1,1,1,5,1,50,2,2,1,0,0,1,53.0,59.0,voiture,deux_roues,3,2,2,1,3
202200005620,2022-04-30 18:58:00,2022,4,30,18,58,13,13103,AVENUE DE LATTRE DE TASSIGNY-RD 17-,43.65008,5.09126,Plein jour,En agglomération,Intersection en T,Normale,Deux véhicules - côté,7,1,3,1,1,1,1,9,1,30,2,2,1,0,0,1,60.0,63.0,voiture,deux_roues,1,2,3,1,3
202200005621,2022-12-28 14:15:00,2022,12,28,14,15,59,59178,PASTEUR (BOULEVARD),50.364472,3.072196,Plein jour,En agglomération,Hors intersection,Pluie légère,Deux véhicules - côté,3,2,4,0,1,1,2,0,1,50,2,2,1,0,1,0,61.0,44.0,deux_roues,voiture,1,2,1,2,3