accident_id,datetime,annee,mois,jour,heure,minute,departement,commune_insee,adresse,latitude,longitude,luminosite,agglomeration,intersection,meteo,collision,catr,circ,nbv,vosp,prof,plan,surf,infra,situ,vma,nb_vehicules,nb_usagers,nb_indemnes,nb_tues,nb_blesses_hosp,nb_blesses_legers,age_cond_1,age_cond_2,veh_type_cond_1,veh_type_cond_2,lum_code,agg_code,int_code,atm_code,col_code
202200005622,2022-03-21 22:00:00,2022,3,21,22,0,973,97309,Avenue Louis Caristan,4.9120122308,-52.2694502771,Nuit avec éclairage allumé,En agglomération,Hors intersection,Normale,Deux véhicules - côté,4,2,2,0,1,1,1,0,1,50,2,3,2,0,0,1,27.0,18.0,voiture,deux_roues,5,2,1,1,3
202200005623,2022-06-05 12:30:00,2022,6,5,12,30,75,75109,RUE LE PELETIER,48.8722437439,2.3383008689,Plein jour,En agglomération,Intersection en X,Normale,Deux véhicules - côté,4,1,2,0,1,1,1,0,1,30,2,3,2,0,0,1,30.0,36.0,deux_roues,voiture,1,2,2,1,3
202200005624,2022-12-29 18:45:00,2022,12,29,18,45,59,59122,VALENCIENNES (AVENUE DE),50.18159,3.24844,Nuit avec éclairage allumé,En agglomération,Autre intersection,Normale,Deux véhicules - côté,3,2,2,0,1,1,2,0,1,50,2,2,1,0,0,1,34.0,47.0,deux_roues,voiture,5,2,9,1,3
202200005625,2022-04-30 18:10:00,2022,4,30,18,10,13,13201,ATHENES (BOULEVARD D'),43.30028,5.38071,Plein jour,En agglomération,Hors intersection,Normale,Deux véhicules - frontale,4,-1,3,0,2,1,1,0,1,50,1,2,1,0,0,1,26.0,,voiture,,1,2,1,1,1
202200005626,2022-06-02 12:40:00,2022,6,2,12,40,75,75109,RUE D AMSTERDAM,48.881281,2.327134,Plein jour,En agglomération,Intersection en X,Normale,Autre collision,4,1,2,1,2,1,1,-1,5,30,1,2,1,0,0,1,20.0,,deux_roues,,1,2,2,1,6
202200005627,2022-03-21 20:05:00,2022,3,21,20,5,987,98715,Aratia Aéroport,-17.563965,-149.602874,Nuit avec éclairage allumé,Hors agglomération,Hors intersection,Normale,Deux véhicules - côté,2,2,2,0,2,1,1,0,1,40,2,3,1,0,0,2,20.0,36.0,deux_roues,voiture,5,1,1,1,3
202200005628,2022-12-28 09:40:00,2022,12,28,9,40,56,56162,1 Rue Sainte - Anne,47.73664,-3.42711,Plein jour,En agglomération,Place,Pluie légère,Autre collision,4,2,2,0,1,3,2,5,1,30,1,2,1,0,0,1,22.0,,utilitaire_camion,,1,2,7,2,6
202200005629,2022-06-02 09:00:00,2022,6,2,9,0,75,75108,RUE DE LABORDE,48.87554,2.317816,Plein jour,En agglomération,Hors intersection,Normale,Deux véhicules - côté,4,1,1,0,1,1,1,0,1,30,2,2,1,0,0,1,64.0,42.0,voiture,deux_roues,1,2,1,1,3
202200005630,2022-12-28 16:03:00,2022,12,28,16,3,54,54431,JOFFRE (RUE DU MARECHAL),48.90318,6.05578,Plein jour,En agglomération,Place,Normale,Deux véhicules - côté,3,2, -1,0,1,3,1,9,1,50,2,2,1,0,0,1,37.0,61.0,voiture,deux_roues,1,2,7,1,3
202200005631,2022-04-29 16:25:00,2022,4,29,16,25,13,13207,Corniche John Fitzgérald Kennedy,43.27,5.36551,Plein jour,En agglomération,Intersection en X,Normale,Deux véhicules - côté,4,2,2,0,2,3,1,0,1,50,2,3,2,0,0,1,74.0,69.0,voiture,voiture,1,2,2,1,3
202200005632,2022-03-19 03:45:00,2022,3,19,3,45,987,98715,Route Nelson MANDELA au PK 3.500,-17.584522,-149.568578,Crépuscule ou aube,Hors agglomération,Autre intersection,Normale,Autre collision,2,2,2,0,1,2,1,0,5,40,4,4,1,0,0,3,15.0,16.0,deux_roues,deux_roues,2,1,9,1,6
202200005633,2022-06-01 08:45:00,2022,6,1,8,45,75,75108,RUE DU FAUBOURG SAINT HONORE,48.868942,2.321075,Plein jour,En agglomération,Hors intersection,Normale,Deux véhicules - côté,4,1,1,0,1,1,1,0,1,30,2,2,1,0,0,1,41.0,57.0,voiture,deux_roues,1,2,1,1,3
202200005634,2022-04-29 09:35:00,2022,4,29,9,35,13,13209,REGNY (TRAVERSE),43.2637185641,5.4198215453,Plein jour,En agglomération,Autre intersection,Normale,Deux véhicules - côté,4,2,2,0,2,1,1,0,1,30,2,2,1,0,0,1,36.0,35.0,deux_roues,utilitaire_camion,1,2,9,1,3
202200005635,2022-12-27 19:00:00,2022,12,27,19,0,49,49328,BEAUREPAIRE (RUE),47.26035,-0.08157,Nuit avec éclairage allumé,En agglomération,Intersection en X,Normale,Trois véhicules et plus - collisions multiples,4,2,2,0,1,1,1,0,1,50,3,3,1,0,0,2,55.0,75.0,voiture,voiture,5,2,2,1,5
202200005636,2022-06-05 21:35:00,2022,6,5,21,35,75,75107,BOULEVARD SAINT GERMAIN,48.8600028377,2.3217053711,Crépuscule ou aube,En agglomération,Intersection en Y,Pluie légère,Sans collision,4,1,3,0,1,1,2,8,1,30,1,1,0,0,0,1,27.0,,deux_roues,,2,2,4,2,7
202200005637,2022-04-26 16:40:00,2022,4,26,16,40,13,13202,JOLIETTE (PLACE DE LA),43.30464,5.36582,Plein jour,En agglomération,Hors intersection,Normale,Deux véhicules - côté,4,1,2,3,1,1,1,0,1,50,2,2,1,0,1,0,15.0,45.0,deux_roues,voiture,1,2,1,1,3
202200005638,2022-03-21 15:35:00,2022,3,21,15,35,18,18245,,46.618065,2.505891,Plein jour,Hors agglomération,Hors intersection,Normale,Deux véhicules - arrière,1,3,4,0,1,1,1,0,1,130,2,6,2,0,1,3,47.0,59.0,utilitaire_camion,voiture,1,1,1,1,2
202200005639,2022-12-29 13:10:00,2022,12,29,13,10,49,49267,PERREYEUX,47.45799,-0.51484,Plein jour,En agglomération,Giratoire,Normale,Deux véhicules - côté,4,1,1,0,1,2,2,0,1,30,2,2,1,0,0,1,34.0,19.0,voiture,voiture,1,2,6,1,3
202200005640,2022-04-30 09:10:00,2022,4,30,9,10,13,13047,RD 569,43.53603,4.97495,Plein jour,Hors agglomération,Hors intersection,Normale,Deux véhicules - arrière,3,2,2,0,1,1,1,0,1,80,2,2,1,0,0,1,74.0,34.0,deux_roues,voiture,1,1,1,1,2
202200005641,2022-06-05 20:25:00,2022,6,5,20,25,75,75107,BOULEVARD RASPAIL,48.8524020063,2.3264797032,Plein jour,En agglomération,Intersection en T,Normale,Deux véhicules - côté,4,3,3,3,1,1,1,-1,6,30,2,2,1,0,0,1,22.0,44.0,voiture,deux_roues,1,2,3,1,3
202200005642,2022-03-22 08:45:00,2022,3,22,8,45,13,13036,Intersection RD29 et RD32,43.847488,4.814624,Plein jour,Hors agglomération,Intersection en Y,Normale,Deux véhicules - frontale,3,2,2,0,1,2,1,0,3,80,1,2,0,0,0,2,19.0,,voiture,,1,1,4,1,1
202200005643,2022-04-26 16:55:00,2022,4,26,16,55,13,13004,BD EMILE ZOLA,43.67156,4.62818,Plein jour,En agglomération,Intersection en T,Normale,Deux véhicules - côté,4,2,2,0,1,1,1,0,1,50,2,2,1,0,1,0,20.0,21.0,deux_roues,voiture,1,2,3,1,3
202200005644,2022-03-22 16:00:00,2022,3,22,16,0,34,34179,Route de Cournonterral,43.599934,3.73283,Plein jour,Hors agglomération,Hors intersection,Normale,Autre collision,7,2,2,0,2,1,1,0,3,80,1,1,0,0,1,0,44.0,,deux_roues,,1,1,1,1,6
202200005645,2022-06-05 15:05:00,2022,6,5,15,5,75,75107,QUAI ANATOLE FRANCE,48.861119,2.324179,Plein jour,En agglomération,Intersection en T,Temps couvert,Deux véhicules - côté,4,2,5,1,1,1,1,-1,5,30,2,2,1,0,0,1,27.0,,deux_roues,deux_roues,1,2,3,8,3
202200005646,2022-12-30 00:50:00,2022,12,30,0,50,38,38544,CD 41,45.5199390077,4.894758867,Nuit sans éclairage public,Hors agglomération,Hors intersection,Pluie légère,Sans collision,3,3,3,0,2,2,2,0,3,80,1,1,0,0,0,1,22.0,,utilitaire_camion,,3,1,1,2,7
202200005647,2022-06-03 10:40:00,2022,6,3,10,40,75,75107,QUAI BRANLY,48.859056,2.293228,Plein jour,En agglomération,Intersection en T,Normale,Autre collision,4,1,1,0,1,1,1,0,1,30,1,2,1,0,0,1,34.0,,deux_roues,,1,2,3,1,6
202200005648,2022-04-30 05:29:00,2022,4,30,5,29,10,10387,ANATOLE FRANCE (RUE),48.28365,4.07244,Nuit avec éclairage allumé,En agglomération,Hors intersection,Normale,Deux véhicules - côté,4,2,2,0,1,1,1,0,1,50,2,4,2,0,0,2,19.0,31.0,deux_roues,voiture,5,2,1,1,3
202200005649,2022-03-21 18:40:00,2022,3,21,18,40,974,97415,N1a,-21.028681,55.227301,Crépuscule ou aube,Hors agglomération,Hors intersection,Normale,Autre collision,2,2,2,0,1,3,1,0,1,80,3,3,1,0,0,2,37.0,23.0,voiture,voiture,2,1,1,1,6
202200005650,2022-06-03 08:00:00,2022,6,3,8,0,75,75107,BOULEVARD RASPAIL,48.854325,2.326129,Plein jour,En agglomération,Intersection en X,Normale,Deux véhicules - côté,4,2,5,0,1,1,1,0,1,45,2,2,1,0,0,1,23.0,28.0,utilitaire_camion,deux_roues,1,2,2,1,3
202200005651,2022-03-16 17:15:00,2022,3,16,17,15,971,97129,Plessis Nogent,16.353225,-61.734608,Plein jour,Hors agglomération,Hors intersection,Normale,Deux véhicules - côté,2,2,2,0,4,1,1,0,1,70,2,2,1,0,0,1,67.0,63.0,deux_roues,utilitaire_camion,1,1,1,1,3
202200005652,2022-04-30 14:20:00,2022,4,30,14,20,06,06088,CIMIEZ (BD) JUSQU'AU 14-15,43.708052,7.271231,Plein jour,En agglomération,Hors intersection,Normale,Trois véhicules et plus - collisions multiples,4,2,2,0,2,2,1,9,8,50,3,4,2,0,0,2,30.0,43.0,voiture,voiture,1,2,1,1,5
202200005653,2022-06-02 14:05:00,2022,6,2,14,5,75,75107,RUE DU BAC,48.856086,2.325801,Plein jour,En agglomération,Intersection en X,Normale,Sans collision,4,2,2,0,1,1,1,0,1,30,1,1,0,0,0,1,24.0,,deux_roues,,1,2,2,1,7
202200005654,2022-12-29 13:55:00,2022,12,29,13,55,35,35238,RN24,48.106852,-1.728065,Plein jour,En agglomération,Hors intersection,Normale,Deux véhicules - côté,2,3,4,3,1,1,1,0,6,50,2,2,1,0,1,0,28.0,18.0,voiture,deux_roues,1,2,1,1,3
202200005655,2022-03-18 17:10:00,2022,3,18,17,10,45,45108,D51 -PR 18 + 400,47.620267,2.512693,Plein jour,Hors agglomération,Hors intersection,Normale,Deux véhicules - frontale,3,2,2,0,1,1,1,0,1,70,2,2,0,0,1,1,21.0,64.0,voiture,voiture,1,1,1,1,1
202200005656,2022-04-30 19:20:00,2022,4,30,19,20,06,06083,BOYER (AVENUE),43.77578,7.495352,Plein jour,En agglomération,Intersection en T,Pluie légère,Autre collision,4,1,1,3,1,1,2,6,6,50,1,2,0,0,2,0,38.0,,voiture,,1,2,3,2,6
202200005657,2022-03-21 17:10:00,2022,3,21,17,10,84,84138,22 cours victor hugo,44.370997,4.97989,Plein jour,En agglomération,Hors intersection,Normale,Deux véhicules - côté,3,2,2,0,1,1,1,0,1,50,1,2,1,0,0,1,84.0,,voiture,,1,2,1,1,3
202200005658,2022-04-30 14:00:00,2022,4,30,14,0,06,06069,MALLE (CHEMIN DE LA),43.680005,6.91641,Plein jour,Hors agglomération,Hors intersection,Normale,Autre collision,4,2,1,0,1,1,9,0,3,50,1,2,1,0,0,1,19.0,,voiture,,1,1,1,1,6
202200005659,2022-06-04 18:00:00,2022,6,4,18,0,75,75104,QUAI DE GESVRES,48.856733,2.348954,Plein jour,En agglomération,Intersection en X,Pluie forte,Deux véhicules - côté,4,1,4,3,1,1,2,-1,6,30,2,4,2,0,0,2,25.0,52.0,transport_commun,voiture,1,2,2,3,3
202200005660,2022-12-29 18:30:00,2022,12,29,18,30,33,33063,Place de l'Europe,44.8595,-0.5803,Nuit avec éclairage allumé,En agglomération,Hors intersection,Pluie forte,Autre collision,4,2,2,0,1,1,2,0,1,30,1,2,1,0,1,0,24.0,,voiture,,5,2,1,3,6
202200005661,2022-04-26 07:00:00,2022,4,26,7,0,06,06155,LIBERTE AV.DE LA,43.568457,7.073622,Plein jour,En agglomération,Hors intersection,Normale,Autre collision,3,2,2,0,1,1,1,9,1,50,1,4,3,0,0,1,32.0,,voiture,,1,2,1,1,6
202200005662,2022-03-21 19:27:00,2022,3,21,19,27,83,83107,Route du Col du Bougnon,43.393589,6.675653,Crépuscule ou aube,Hors agglomération,Hors intersection,Normale,Deux véhicules - frontale,3,2,2,0,2,3,1,0,1,70,2,3,1,0,0,2,49.0,23.0,utilitaire_camion,voiture,2,1,1,1,1
202200005663,2022-06-04 16:00:00,2022,6,4,16,0,75,75101,RUE DES PETITS CHAMPS,48.867289,2.334625,Plein jour,En agglomération,Intersection en X,Pluie légère,Autre collision,4,1,1,0,1,1,2,0,1,30,1,2,1,0,0,1,52.0,,voiture,,1,2,2,2,6
202200005664,2022-06-04 16:10:00,2022,6,4,16,10,75,75102,RUE DE TURBIGO,48.863938,2.349385,Crépuscule ou aube,En agglomération,Hors intersection,Pluie légère,Sans collision,4,2,2,1,1,1,2,0,1,30,1,1,0,0,0,1,31.0,,deux_roues,,2,2,1,2,7
202200005665,2022-04-28 18:15:00,2022,4,28,18,15,75,75118,BD PERIPHERIQUE EXTERIEUR,48.900935,2.338542,Plein jour,En agglomération,Hors intersection,Normale,Deux véhicules - côté,4,1,4,0,1,1,1,0,1,70,2,2,1,0,0,1,31.0,31.0,deux_roues,utilitaire_camion,1,2,1,1,3
202200005666,2022-03-15 17:00:00,2022,3,15,17,0,67,67098,D392,48.538723,7.40117,Plein jour,Hors agglomération,Hors intersection,Pluie légère,Autre collision,3,2,2,0,2,2,2,0,1,80,1,1,0,0,1,0,39.0,,voiture,,1,1,1,2,6
202200005667,2022-06-03 04:00:00,2022,6,3,4,0,75,75104,RUE DE RIVOLI,48.856674,2.354979,Nuit avec éclairage allumé,En agglomération,Intersection en T,Normale,Sans collision,4,1,2,0,1,1,1,0,1,30,1,1,0,0,0,1,21.0,,deux_roues,,5,2,3,1,7
202200005668,2022-02-24 13:40:00,2022,2,24,13,40,38,38148,Route de chataigneray,45.625909,5.491759,Plein jour,Hors agglomération,Hors intersection,Normale,Autre collision,3,2,2,0,1,1,1,0,3,80,1,1,0,0,1,0,62.0,,voiture,,1,1,1,1,6
202200005669,2022-04-30 15:30:00,2022,4,30,15,30,75,75105,BOULEVARD SAINT MARCEL,48.838475,2.35703,Plein jour,En agglomération,Intersection en X,Normale,Deux véhicules - côté,4,2,4,0,1,1,1,0,1,50,2,3,2,0,0,1,,23.0,voiture,deux_roues,1,2,2,1,3
202200005670,2022-06-02 18:15:00,2022,6,2,18,15,75,75103,RUE BEAUBOURG,48.861446,2.353623,Plein jour,En agglomération,Intersection en T,Normale,Sans collision,4,1,2,3,1,1,1,0,1,30,1,1,0,0,0,1,18.0,,deux_roues,,1,2,3,1,7
202200005671,2022-12-28 17:10:00,2022,12,28,17,10,33,33318,Avenue du Général Leclerc,44.78556,-0.68214,Crépuscule ou aube,En agglomération,Intersection en X,Normale,Deux véhicules - côté,4,2,2,0,1,1,1,0,1,50,2,2,1,0,0,1,43.0,53.0,deux_roues,voiture,2,2,2,1,3
202200005672,2022-03-21 21:30:00,2022,3,21,21,30,07,07324,Avenue de Nimes,45.057285,4.840347,Nuit avec éclairage allumé,En agglomération,Hors intersection,Normale,Sans collision,3,3,2,1,1,1,1,0,5,-1,1,1,0,0,0,1,23.0,,deux_roues,,5,2,1,1,7
202200005673,2022-04-29 11:18:00,2022,4,29,11,18,75,75106,RUE DE RENNES,48.8501029623,2.3297668325,Plein jour,En agglomération,Intersection en Y,Normale,Deux véhicules - côté,4,2,2,0,1,1,1,0,1,30,2,2,1,0,0,1,54.0,28.0,deux_roues,voiture,1,2,4,1,3
202200005674,2022-06-02 08:35:00,2022,6,2,8,35,75,75104,VOIE GEORGES POMPIDOU,48.851254,2.36115,Plein jour,En agglomération,Intersection en Y,Normale,Autre collision,4,2,2,1,4,1,1,0,1,30,1,1,0,0,0,1,42.0,,deux_roues,,1,2,4,1,6
202200005675,2022-03-20 18:05:00,2022,3,20,18,5,69,69269,Route de Thurins,45.6979480778,4.6018853186,Plein jour,Hors agglomération,Hors intersection,Normale,Sans collision,3,2,2,0,2,2,1,0,1,80,1,1,0,0,1,0,66.0,,deux_roues,,1,1,1,1,7
202200005676,2022-03-18 09:00:00,2022,3,18,9,0,85,85152,La Marguerite,46.5923309,-1.6345908,Plein jour,Hors agglomération,Hors intersection,Normale,Autre collision,4,2,2,0,1,1,1,0,3,80,1,1,0,1,0,0,72.0,,utilitaire_camion,,1,1,1,1,6
202200005677,2022-06-01 09:10:00,2022,6,1,9,10,75,75104,BOULEVARD HENRI IV,48.850091,2.358915,Plein jour,En agglomération,Intersection en T,Normale,Sans collision,4,2,3,0,1,1,1,0,1,30,1,1,0,0,0,1,29.0,,deux_roues,,1,2,3,1,7
202200005678,2022-04-30 10:50:00,2022,4,30,10,50,75,75119,AVENUE JEAN JAURES,48.888788,2.393097,Plein jour,En agglomération,Intersection en X,Normale,Deux véhicules - côté,4,2,3,0,1,1,1,0,1,30,2,2,1,0,0,1,32.0,47.0,deux_roues,voiture,1,2,2,1,3
202200005679,2022-11-27 19:53:00,2022,11,27,19,53,30,30189,SAINT MATHIEU (RUE),43.83483,4.35509,Nuit avec éclairage allumé,En agglomération,Intersection en X,Normale,Deux véhicules - côté,4,2,1,0,1,2,1,0,1,50,2,3,1,0,2,0,28.0,30.0,deux_roues,voiture,5,2,2,1,3
202200005680,2022-03-22 06:10:00,2022,3,22,6,10,85,85097,19 Rue des moulins,46.933455,-1.052116,Crépuscule ou aube,Hors agglomération,Hors intersection,Normale,Autre collision,4,2,2,0,1,2,1,0,3,80,1,2,0,0,2,0,21.0,,voiture,,2,1,1,1,6
202200005681,2022-06-04 03:10:00,2022,6,4,3,10,94,94081,YOURI GAGARINE (AV),48.78608,2.39189,Nuit avec éclairage allumé,En agglomération,Intersection à plus de 4 branches,Normale,Deux véhicules - côté,3,1,6,1,1,1,1,0,8,50,2,4,3,0,0,1,24.0,24.0,voiture,voiture,5,2,5,1,3
202200005682,2022-04-30 17:25:00,2022,4,30,17,25,75,75118,BOULEVARD NEY,48.8975359294,2.3289976269,Plein jour,En agglomération,Intersection en X,Normale,Deux véhicules - côté,4,3,3,0,1,1,1,0,1,50,2,4,3,0,0,1,46.0,39.0,voiture,utilitaire_camion,1,2,2,1,3
202200005683,2022-03-22 11:10:00,2022,3,22,11,10,56,56176,Lieu Dit Kervamentad,47.669007,-2.948327,Plein jour,Hors agglomération,Hors intersection,Normale,Autre collision,4,2,2,0,1,2,1,0,3,80,1,1,0,0,1,0,24.0,,voiture,,1,1,1,1,6
202200005684,2022-06-04 15:00:00,2022,6,4,15,0,94,94067,PARIS (av. de),48.84594,2.42039,Plein jour,En agglomération,Hors intersection,Normale,Deux véhicules - frontale,3,2,2,1,1,1,1,0,5,50,1,2,1,0,0,1,,,deux_roues,,1,2,1,1,1
202200005685,2022-12-29 20:45:00,2022,12,29,20,45,29,29039,D44,47.9207779873,-3.9280843735,Nuit sans éclairage public,Hors agglomération,Hors intersection,Normale,Autre collision,3,2,2,0,1,3,1,0,1,70,1,2,1,0,0,1,21.0,,voiture,,3,1,1,1,6
202200005686,2022-04-30 11:03:00,2022,4,30,11,3,75,75118,RUE MARX DORMOY,48.8902394297,2.3599885404,Plein jour,En agglomération,Intersection en X,Normale,Deux véhicules - côté,4,2,5,1,1,1,1,-1,5,30,2,2,1,0,0,1,52.0,16.0,voiture,deux_roues,1,2,2,1,3
202200005687,2022-06-04 21:05:00,2022,6,4,21,5,94,94078,Rue de Paris,48.736636,2.446729,Plein jour,En agglomération,Hors intersection,Pluie légère,Deux véhicules - arrière,2,2,3,0,1,1,2,0,1,50,2,3,2,0,0,1,,59.0,utilitaire_camion,voiture,1,2,1,2,2
202200005688,2022-03-21 15:30:00,2022,3,21,15,30,56,56023,Lieu Dit Kerbellec - D768,47.686568,-3.013558,Plein jour,Hors agglomération,Intersection en T,Normale,Deux véhicules - côté,3,2,2,0,1,1,1,0,1,80,2,4,1,0,0,3,67.0,28.0,voiture,voiture,1,1,3,1,3
202200005689,2022-04-30 16:20:00,2022,4,30,16,20,75,75116,AVENUE DE LA GRANDE ARMEE,48.8744318881,2.2929735482,Plein jour,En agglomération,Intersection en X,Normale,Deux véhicules - côté,4,2,6,0,1,1,1,0,1,50,2,2,1,0,0,1,18.0,44.0,deux_roues,voiture,1,2,2,1,3
202200005690,2022-12-28 15:30:00,2022,12,28,15,30,18,18033,28 Avenue Jean Jaurés,47.088385,2.393112,Plein jour,En agglomération,Hors intersection,Normale,Autre collision,4,3,2,0,1,1,1,0,1,50,1,2,1,0,1,0,46.0,,voiture,,1,2,1,1,6
202200005691,2022-03-15 15:00:00,2022,3,15,15,0,29,29103,Quai de Cornouaille,48.448549,-4.251458,Plein jour,En agglomération,Hors intersection,Normale,Autre collision,4,2,2,0,1,1,1,0,1,50,1,2,1,0,0,1,86.0,,voiture,,1,2,1,1,6
202200005692,2022-06-04 11:40:00,2022,6,4,11,40,94,94074,Rue du Colonel Fabien,48.74687,2.46766,Plein jour,En agglomération,Hors intersection,Normale,Autre collision,4,2,2,0,2,1,1,0,1,50,1,2,1,0,0,1,89.0,,voiture,,1,2,1,1,6
202200005693,2022-03-21 10:10:00,2022,3,21,10,10,22,22389,Rue de Saint-Laurent,48.460753,-2.716329,Plein jour,Hors agglomération,Hors intersection,Normale,Autre collision,4,-1,2,0,1,1,1,0,8,70,1,1,0,0,1,0,50.0,,voiture,,1,1,1,1,6
202200005694,2022-04-30 08:00:00,2022,4,30,8,0,75,75116,AVENUE DU PRESIDENT KENNEDY,48.852904,2.281079,Crépuscule ou aube,En agglomération,Intersection en T,Normale,Autre collision,4,2,3,0,1,1,1,0,1,30,1,2,0,0,0,2,23.0,,voiture,,2,2,3,1,6
202200005695,2022-06-02 12:43:00,2022,6,2,12,43,94,94078,L'APPEL DU DIX-HUIT JUIN 1940 (AV DE),48.75822,2.443449,Plein jour,En agglomération,Hors intersection,Normale,Deux véhicules - côté,2,1,3,0,1,1,1,0,1,50,2,2,1,0,0,1,37.0,20.0,deux_roues,utilitaire_camion,1,2,1,1,3
202200005696,2022-04-30 14:00:00,2022,4,30,14,0,75,75115,RUE DE VAUGIRARD,48.836092,2.293987,Plein jour,En agglomération,Intersection en X,Normale,Autre collision,4,2,4,1,1,1,1,-1,5,30,1,2,1,0,0,1,51.0,,deux_roues,,1,2,2,1,6
202200005697,2022-03-19 15:00:00,2022,3,19,15,0,78,78640,A86 EXT,48.778194,2.213448,Plein jour,Hors agglomération,Hors intersection,Normale,Trois véhicules et plus - collisions multiples,1,-1,3,0,1,1,1,0,1,110,3,3,2,0,0,1,35.0,73.0,voiture,voiture,1,1,1,1,5
202200005698,2022-12-29 14:50:00,2022,12,29,14,50,14,14341,N158,49.145128,-0.338556,Plein jour,En agglomération,Giratoire,Normale,Trois véhicules et plus - en chaîne,2,-1,2,0,1,1,1,5,1,70,4,5,4,0,0,1,50.0,36.0,voiture,voiture,1,2,6,1,4
202200005699,2022-04-30 12:10:00,2022,4,30,12,10,75,75115,AVENUE DE LA PORTE BRANCION,48.8254324251,2.3004703224,Plein jour,En agglomération,Intersection en X,Normale,Deux véhicules - côté,4,2,6,0,1,1,1,0,1,30,2,2,1,0,0,1,41.0,27.0,voiture,deux_roues,1,2,2,1,3
202200005700,2022-12-29 09:30:00,2022,12,29,9,30,13,13054,D9 (BRETELLE),43.4239039808,5.237906899,Plein jour,Hors agglomération,Hors intersection,Normale,Autre collision,3,3,1,0,1,1,1,9,1,90,1,1,0,0,0,1,28.0,,voiture,,1,1,1,1,6
202200005701,2022-03-19 13:10:00,2022,3,19,13,10,92,92050,A86,48.914276649,2.2194430375,Plein jour,Hors agglomération,Hors intersection,Normale,Sans collision,1,-1,3,0,1,1,1,0,1,90,2,2,1,0,1,0,32.0,24.0,voiture,deux_roues,1,1,1,1,7
202200005702,2022-04-28 19:30:00,2022,4,28,19,30,75,75115,RUE LECOURBE,48.842015,2.300628,Plein jour,En agglomération,Intersection en X,Normale,Autre collision,4,2,3,0,1,1,1,0,1,30,1,2,1,0,0,1,44.0,,deux_roues,,1,2,2,1,6
202200005703,2022-10-30 15:10:00,2022,10,30,15,10,13,13026,CD 9,43.38562,5.19217,Plein jour,Hors agglomération,Hors intersection,Normale,Trois véhicules et plus - collisions multiples,4,-1,1,0,1,2,1,0,3,80,1,2,0,0,0,2,23.0,,voiture,,1,1,1,1,5
202200005704,2022-12-29 15:30:00,2022,12,29,15,30,13,13214,SIMON BOLIVAR (BOULEVARD),43.34114,5.3778,Plein jour,En agglomération,Hors intersection,Normale,Deux véhicules - frontale,4,2,2,0,1,2,1,0,1,50,1,1,0,0,0,1,20.0,,voiture,,1,2,1,1,1
202200005705,2022-06-03 13:50:00,2022,6,3,13,50,94,94081,53 Rue du Moulin de Saquet,48.79109,2.38143,Plein jour,En agglomération,Hors intersection,Pluie légère,Autre collision,3,1,1,0,1,1,2,0,1,20,1,2,1,0,1,0,46.0,,voiture,,1,2,1,2,6
202200005706,2022-03-21 10:40:00,2022,3,21,10,40,77,77294,A104,48.9718,2.5936,Plein jour,Hors agglomération,Hors intersection,Normale,Autre collision,1,3,4,0,1,1,1,0,1,90,6,6,4,0,0,2,50.0,39.0,utilitaire_camion,utilitaire_camion,1,1,1,1,6
202200005707,2022-04-30 09:50:00,2022,4,30,9,50,75,75114,AVENUE DU GENERAL LECLERC,48.824758,2.325977,Plein jour,En agglomération,Intersection en Y,Normale,Deux véhicules - côté,4,2,6,3,1,1,1,-1,6,30,2,2,1,0,0,1,39.0,25.0,utilitaire_camion,deux_roues,1,2,4,1,3
202200005708,2022-04-29 18:30:00,2022,4,29,18,30,75,75114,RUE D ALESIA,48.829596,2.321849,Plein jour,En agglomération,Hors intersection,Normale,Sans collision,4,2,3,0,1,1,1,0,1,30,1,1,0,0,0,1,14.0,,deux_roues,,1,2,1,1,7
202200005709,2022-06-01 19:50:00,2022,6,1,19,50,94,94076,25 Boulevard Maxime Gorki,48.78809,2.368,Plein jour,En agglomération,Hors intersection,Normale,Deux véhicules - côté,3,2,4,0,1,1,1,0,1,50,2,2,1,0,0,1,49.0,19.0,voiture,deux_roues,1,2,1,1,3
202200005710,2022-12-29 00:30:00,2022,12,29,0,30,13,13215,Avenue ibrahim ali ( 1977-1995),43.3382669153,5.3667707346,Nuit avec éclairage allumé,En agglomération,Intersection en T,Normale,Deux véhicules - côté,4,2,2,0,1,1,1,0,1,50,2,2,0,0,2,0,33.0,20.0,voiture,voiture,5,2,3,1,3
202200005711,2022-04-30 13:00:00,2022,4,30,13,0,75,75113,PONT DE TOLBIAC,48.832242,2.379766,Plein jour,En agglomération,Intersection en X,Normale,Deux véhicules - côté,4,2,4,0,1,1,1,0,1,30,2,2,1,0,0,1,25.0,41.0,voiture,deux_roues,1,2,2,1,3
202200005712,2022-03-20 05:50:00,2022,3,20,5,50,62,62548,RUE HENRI RAVISSE,50.94104,1.93244,Nuit avec éclairage allumé,En agglomération,Hors intersection,Normale,Autre collision,4,2,2,0,1,1,1,0,1,50,1,2,1,0,1,0,48.0,,utilitaire_camion,,5,2,1,1,6
202200005713,2022-05-31 08:30:00,2022,5,31,8,30,94,94003,20 Avenue Paul Vaillant-couturier,48.80144,2.33955,Plein jour,En agglomération,Hors intersection,Normale,Deux véhicules - côté,3,2,2,0,2,1,1,0,1,50,2,3,2,0,0,1,48.0,31.0,voiture,deux_roues,1,2,1,1,3
202200005714,2022-12-28 18:10:00,2022,12,28,18,10,13,13213,OLIVES (AVENUE DES),43.3262982991,5.4389837974,Nuit avec éclairage allumé,En agglomération,Hors intersection,Normale,Deux véhicules - arrière,3,2,3,0,1,1,1,0,1,50,2,2,0,0,0,2,44.0,26.0,voiture,deux_roues,5,2,1,1,2