accident_id,datetime,annee,mois,jour,heure,minute,departement,commune_insee,adresse,latitude,longitude,luminosite,agglomeration,intersection,meteo,collision,catr,circ,nbv,vosp,prof,plan,surf,infra,situ,vma,nb_vehicules,nb_usagers,nb_indemnes,nb_tues,nb_blesses_hosp,nb_blesses_legers,age_cond_1,age_cond_2,veh_type_cond_1,veh_type_cond_2,lum_code,agg_code,int_code,atm_code,col_code
202200005715,2022-04-30 14:40:00,2022,4,30,14,40,75,75101,PLACE DE LA CONCORDE,48.8664062644,2.3235239089,Plein jour,En agglomération,Place,Normale,Autre collision,4,1,5,0,1,1,1,0,1,30,1,2,1,0,0,1,69.0,,voiture,,1,2,7,1,6
202200005716,2022-06-04 21:25:00,2022,6,4,21,25,94,94033,Rue Squéville / Rue Legrand,48.84325,2.47334,Plein jour,En agglomération,Intersection en X,Pluie légère,Deux véhicules - côté,4,1,1,0,3,1,2,0,1,30,2,5,4,0,0,1,57.0,21.0,voiture,voiture,1,2,2,2,3
202200005717,2022-03-09 18:30:00,2022,3,9,18,30,973,97302,BECKER (LIEUTENANT),4.9382208682,-52.32864663,Nuit avec éclairage allumé,En agglomération,Hors intersection,Autre,Autre collision,4,-1,1,0,1,1,9,0,1,50,1,2,1,0,0,1,39.0,,voiture,,5,2,1,9,6
202200005718,2022-12-30 22:55:00,2022,12,30,22,55,75,75119,BOULEVARD D ALGERIE,48.8802991837,2.4003593306,Nuit avec éclairage allumé,En agglomération,Intersection en T,Temps couvert,Autre collision,4,3,4,0,1,1,2,9,1,30,1,2,1,0,0,1,,,deux_roues,,5,2,3,8,6
202200005719,2022-04-30 11:05:00,2022,4,30,11,5,75,75104,RUE SAINT ANTOINE,48.8552557623,2.3601199687,Plein jour,En agglomération,Intersection en T,Normale,Autre collision,4,1,1,3,1,1,1,6,6,20,1,2,1,0,0,1,59.0,,voiture,,1,2,3,1,6
202200005720,2022-03-20 10:10:00,2022,3,20,10,10,69,69383,Rue Villeroy,45.7555,4.84786,Plein jour,En agglomération,Hors intersection,Normale,Deux véhicules - arrière,4,1,1,2,1,1,1,0,1,50,2,2,1,0,0,1,25.0,24.0,voiture,deux_roues,1,2,1,1,2
202200005721,2022-06-04 13:40:00,2022,6,4,13,40,94,94028,Carefour de Pompadour / Avenue du Maréchal Foch,48.77399,2.43918,Plein jour,En agglomération,Giratoire,Normale,Deux véhicules - côté,3,1,2,1,1,2,1,5,1,50,2,2,1,0,0,1,58.0,27.0,deux_roues,deux_roues,1,2,6,1,3
202200005722,2022-03-19 20:40:00,2022,3,19,20,40,69,69387,Rue de l’Université,45.75093,4.83931,Nuit avec éclairage allumé,En agglomération,Hors intersection,Normale,Deux véhicules - arrière,4,1,3,3,1,1,1,0,1,50,2,2,1,0,0,1,71.0,30.0,voiture,voiture,5,2,1,1,2
202200005723,2022-12-30 19:00:00,2022,12,30,19,0,75,75118,RUE D AUBERVILLIERS,48.898638,2.370516,Nuit avec éclairage allumé,En agglomération,Intersection en X,Pluie légère,Deux véhicules - côté,4,1,2,1,2,1,2,0,5,30,2,3,2,0,0,1,19.0,20.0,deux_roues,utilitaire_camion,5,2,2,2,3
202200005724,2022-06-02 19:30:00,2022,6,2,19,30,94,94028,28 Avenue François Mitterrand,48.768943995,2.4649141903,Plein jour,En agglomération,Hors intersection,Normale,Deux véhicules - arrière,3,1,2,0,1,1,1,0,1,50,2,4,2,0,0,2,21.0,39.0,voiture,voiture,1,2,1,1,2
202200005725,2022-03-20 20:00:00,2022,3,20,20,0,69,69382,17 Place Carnot,45.7505043729,4.8267282522,Nuit avec éclairage allumé,En agglomération,Hors intersection,Normale,Sans collision,4,-1, -1,0,1,1,1,0,8,50,1,1,0,0,0,1,32.0,,deux_roues,,5,2,1,1,7
202200005726,2022-04-30 16:30:00,2022,4,30,16,30,94,94076,Avenue Paul Vaillant-Couturier,48.79488,2.36608,Plein jour,En agglomération,Hors intersection,Normale,Trois véhicules et plus - collisions multiples,3,2,3,0,1,1,1,0,1,50,3,6,4,0,0,2,38.0,49.0,voiture,voiture,1,2,1,1,5
202200005727,2022-12-29 19:00:00,2022,12,29,19,0,75,75116,AVENUE PRUDHON,48.85974,2.268208,Nuit sans éclairage public,En agglomération,Intersection en Y,Normale,Autre collision,4,2,2,0,1,1,1,0,1,30,1,1,0,0,0,1,52.0,,deux_roues,,3,2,4,1,6
202200005728,2022-03-20 12:15:00,2022,3,20,12,15,69,69381,26 Quai Saint Vincent,45.7682707837,4.8227462054,Plein jour,En agglomération,Hors intersection,Normale,Deux véhicules - arrière,4,1,1,3,1,1,1,0,1,50,2,2,1,0,0,1,45.0,22.0,deux_roues,voiture,1,2,1,1,2
202200005729,2022-06-02 14:30:00,2022,6,2,14,30,94,94028,21 Avenue du Général de Gaulle,48.7829,2.45346,Plein jour,En agglomération,Hors intersection,Normale,Deux véhicules - arrière,3,3,4,0,1,3,1,0,1,50,2,2,1,0,0,1,49.0,27.0,voiture,utilitaire_camion,1,2,1,1,2
202200005730,2022-04-30 05:50:00,2022,4,30,5,50,94,94041,Avenue Maurice Thorez,48.8152505777,2.378106594,Nuit avec éclairage allumé,En agglomération,Hors intersection,Normale,Deux véhicules - côté,3,2,4,0,1,1,1,0,1,50,2,2,1,0,0,1,28.0,60.0,deux_roues,voiture,5,2,1,1,3
202200005731,2022-04-30 19:15:00,2022,4,30,19,15,94,94073,Avenue de Versailles,48.75686,2.38764,Plein jour,En agglomération,Autre intersection,Normale,Autre collision,3,1,2,0,2,2,1,5,4,50,1,1,0,0,0,1,28.0,,voiture,,1,2,9,1,6
202200005732,2022-06-01 16:00:00,2022,6,1,16,0,94,94011,Avenue Jean Rostand / Mail de la Résistance,48.7668,2.4846,Plein jour,En agglomération,Intersection en X,Normale,Autre collision,3,3,4,3,1,1,1,0,1,50,1,2,1,0,0,1,51.0,,utilitaire_camion,,1,2,2,1,6
202200005733,2022-03-20 20:14:00,2022,3,20,20,14,2A,2A004,NAPOLEON COURS AVANT BEVERINI,41.92638,8.73836,Nuit avec éclairage allumé,En agglomération,Intersection en T,Temps couvert,Deux véhicules - côté,2,2,1,0,1,1,2,0,1,50,2,2,1,0,0,1,25.0,19.0,deux_roues,voiture,5,2,3,8,3
202200005734,2022-12-30 17:45:00,2022,12,30,17,45,75,75115,QUAI DE GRENELLE,48.852361,2.285785,Nuit avec éclairage allumé,En agglomération,Hors intersection,Pluie légère,Deux véhicules - frontale,4,-1,2,1,1,1,2,0,5,30,2,2,1,0,0,1,,28.0,deux_roues,deux_roues,5,2,1,2,1
202200005735,2022-04-30 14:20:00,2022,4,30,14,20,94,94011,Avenue de Boissy,48.76356,2.49364,Plein jour,En agglomération,Hors intersection,Normale,Deux véhicules - arrière,3,2,4,0,1,1,1,0,1,50,2,2,1,0,0,1,21.0,22.0,deux_roues,utilitaire_camion,1,2,1,1,2
202200005736,2022-06-01 15:18:00,2022,6,1,15,18,94,94028,4 Route de Choisy,48.79037,2.45283,Plein jour,En agglomération,Hors intersection,Normale,Autre collision,3,2,2,3,1,1,1,9,1,30,1,2,1,0,0,1,31.0,,transport_commun,,1,2,1,1,6
202200005737,2022-03-15 19:50:00,2022,3,15,19,50,95,95598,RD 109,48.98514,2.29552,Nuit avec éclairage allumé,En agglomération,Hors intersection,Normale,Trois véhicules et plus - en chaîne,3,2,2,0,1,1,1,0,1,50,3,3,2,0,0,1,31.0,24.0,voiture,voiture,5,2,1,1,4
202200005738,2022-06-01 16:00:00,2022,6,1,16,0,94,94028,Rue de Joly,48.79104,2.46365,Plein jour,En agglomération,Hors intersection,Normale,Autre collision,4,2,2,0,1,1,1,0,1,50,1,2,1,0,0,1,,,voiture,,1,2,1,1,6
202200005739,2022-04-30 11:15:00,2022,4,30,11,15,94,94028,Route de la Pompadour / Avenue du Maréchal Foch,48.77409,2.43882,Plein jour,En agglomération,Giratoire,Normale,Deux véhicules - côté,3,3,2,2,1,1,1,5,1,50,2,3,2,0,0,1,51.0,51.0,deux_roues,voiture,1,2,6,1,3
202200005740,2022-06-01 11:45:00,2022,6,1,11,45,94,94028,Carrefour Pompadour / Avenue de la Pompadour / Avenue du Maréchal Foch,48.77411,2.43896,Plein jour,En agglomération,Giratoire,Normale,Deux véhicules - côté,3,3,4,0,1,1,1,5,1,30,2,2,1,0,0,1,25.0,41.0,voiture,deux_roues,1,2,6,1,3
202200005741,2022-03-20 20:35:00,2022,3,20,20,35,91,91201,AV DU GENERAL DE GAULLE,48.68669,2.40291,Nuit sans éclairage public,En agglomération,Hors intersection,Normale,Deux véhicules - frontale,3,2,3,0,2,1,1,0,1,30,2,3,2,0,1,0,21.0,,deux_roues,voiture,3,2,1,1,1
202200005742,2022-12-29 18:40:00,2022,12,29,18,40,75,75114,RUE D ALESIA,48.830556062,2.3192712665,Nuit avec éclairage allumé,En agglomération,Intersection en X,Normale,Autre collision,4,2,2,0,1,1,1,0,1,30,1,1,0,0,0,1,36.0,,deux_roues,,5,2,2,1,6
202200005743,2022-06-04 14:10:00,2022,6,4,14,10,94,94022,Avenue Victor Hugo,48.7691660502,2.4216300715,Plein jour,En agglomération,Hors intersection,Normale,Deux véhicules - arrière,3,3,6,3,1,1,1,0,1,50,2,2,1,0,0,1,61.0,23.0,voiture,deux_roues,1,2,1,1,2
202200005744,2022-06-03 18:55:00,2022,6,3,18,55,94,94022,Avenue Victor Hugo,48.768672,2.420416,Plein jour,En agglomération,Autre intersection,Normale,Sans collision,3,2,2,3,1,1,1,5,6,30,1,2,1,0,0,1,44.0,,transport_commun,,1,2,9,1,7
202200005745,2022-04-30 12:14:00,2022,4,30,12,14,93,93077,Route de Noisy / Allee de l’Esperance,48.88295,2.49549,Plein jour,En agglomération,Intersection en T,Normale,Deux véhicules - côté,3,1,3,0,1,1,1,0,1,50,2,3,1,0,0,2,59.0,39.0,voiture,voiture,1,2,3,1,3
202200005746,2022-06-04 12:35:00,2022,6,4,12,35,94,94018,Rue du Pont / Rue de Paris,48.8184656567,2.4195711315,Plein jour,En agglomération,Intersection en X,Normale,Autre collision,3,1,1,2,1,1,1,0,1,50,1,2,1,0,0,1,27.0,,utilitaire_camion,,1,2,2,1,6
202200005747,2022-06-03 00:30:00,2022,6,3,0,30,94,94018,9 Avenue de la Liberte,48.82411,2.40512,Nuit avec éclairage allumé,En agglomération,Hors intersection,Normale,Deux véhicules - arrière,3,2,2,1,1,1,1,2,1,30,2,2,1,0,0,1,27.0,36.0,deux_roues,voiture,5,2,1,1,2
202200005748,2022-03-20 18:20:00,2022,3,20,18,20,91,91687,TOUSSAINT CAUROT (AVENUE),48.68197,2.37501,Crépuscule ou aube,En agglomération,Hors intersection,Normale,Deux véhicules - arrière,4,1,1,0,1,1,1,0,1,50,2,2,1,0,0,1,39.0,91.0,utilitaire_camion,deux_roues,2,2,1,1,2
202200005749,2022-06-01 21:00:00,2022,6,1,21,0,94,94044,Rue Claude Bernard,48.748442,2.489643,Crépuscule ou aube,En agglomération,Hors intersection,Normale,Deux véhicules - côté,4,1,1,0,1,1,1,0,1,30,2,2,1,0,0,1,48.0,36.0,deux_roues,voiture,2,2,1,1,3
202200005750,2022-04-30 00:30:00,2022,4,30,0,30,93,93014,Allée de Gagny / Allée Maurice Audin,48.90937,2.55005,Nuit avec éclairage allumé,En agglomération,Intersection en X,Normale,Sans collision,3,2,2,0,1,1,1,0,1,50,2,2,0,0,0,1,35.0,,deux_roues,deux_roues,5,2,2,1,7
202200005751,2022-03-20 14:15:00,2022,3,20,14,15,91,91687,GENERAL DE GAULLE (AVENUE DU),48.672407,2.389333,Plein jour,En agglomération,Autre intersection,Normale,Deux véhicules - frontale,4,2,6,0,1,1,1,1,1,50,2,2,1,0,0,1,21.0,31.0,voiture,deux_roues,1,2,9,1,1
202200005752,2022-12-29 22:40:00,2022,12,29,22,40,75,75110,BOULEVARD DE MAGENTA,48.882584,2.350564,Nuit avec éclairage allumé,En agglomération,Hors intersection,Normale,Deux véhicules - côté,4,3,4,3,1,1,1,0,1,30,2,4,2,0,0,2,26.0,27.0,voiture,deux_roues,5,2,1,1,3
202200005753,2022-03-16 14:25:00,2022,3,16,14,25,78,78498,SALENGRO RUE ROGER,48.93244,2.05801,Plein jour,En agglomération,Hors intersection,Normale,Autre collision,4,1,1,0,2,1,1,0,1,30,1,2,1,0,0,1,57.0,,voiture,,1,2,1,1,6
202200005754,2022-04-30 17:45:00,2022,4,30,17,45,93,93074,D933,48.934359,2.581544,Plein jour,Hors agglomération,Hors intersection,Normale,Deux véhicules - arrière,3,3,4,0,1,1,1,0,1,90,2,3,2,0,0,1,52.0,33.0,voiture,voiture,1,1,1,1,2
202200005755,2022-06-03 15:55:00,2022,6,3,15,55,94,94075,Av du Mal de Lattre de Tassigny / Rue du Lieutenant Dagorno,48.72755,2.53123,Plein jour,En agglomération,Intersection en T,Pluie légère,Deux véhicules - arrière,2,3,4,0,1,1,2,5,1,50,2,3,1,0,0,2,28.0,47.0,voiture,voiture,1,2,3,2,2
202200005756,2022-04-27 11:50:00,2022,4,27,11,50,93,93048,Avenue Ferdinand Buisson,48.8734,2.43408,Plein jour,En agglomération,Hors intersection,Normale,Deux véhicules - côté,3,2,2,0,1,1,1,0,1,50,2,2,1,0,0,1,76.0,21.0,voiture,utilitaire_camion,1,2,1,1,3
202200005757,2022-12-30 19:00:00,2022,12,30,19,0,94,94044,HENRI BARBUSSE (R),48.755385,2.484555,Nuit avec éclairage allumé,En agglomération,Hors intersection,Pluie légère,Trois véhicules et plus - en chaîne,4,2,2,0,1,1,2,0,1,50,3,3,2,0,0,1,36.0,20.0,deux_roues,voiture,5,2,1,2,4
202200005758,2022-06-02 19:15:00,2022,6,2,19,15,94,94047,Rue François Coppée / Rue de Verdun,48.70258,2.54522,Plein jour,En agglomération,Giratoire,Normale,Autre collision,3,2,2,0,1,1,1,0,1,30,1,2,1,0,0,1,31.0,,voiture,,1,2,6,1,6
202200005759,2022-04-21 00:50:00,2022,4,21,0,50,93,93006,Avenue de Stalingrad / Rue des Rigondes,48.87108,2.43102,Nuit avec éclairage allumé,En agglomération,Intersection en X,Normale,Deux véhicules - arrière,3,3,4,0,1,1,1,0,1,50,2,2,1,0,0,1,35.0,42.0,voiture,deux_roues,5,2,2,1,2
202200005760,2022-06-03 17:50:00,2022,6,3,17,50,94,94002,Rue Véron,48.80882,2.41439,Plein jour,En agglomération,Intersection en T,Pluie légère,Deux véhicules - côté,4,1,1,0,1,1,2,0,1,50,2,2,1,0,0,1,28.0,29.0,voiture,transport_commun,1,2,3,2,3
202200005761,2022-03-20 14:05:00,2022,3,20,14,5,72,72181,ESTEREL USINE DES EAUX,47.99096,0.23896,Plein jour,Hors agglomération,Hors intersection,Normale,Sans collision,4,-1,1,0,2,3,1,9,1,50,1,1,0,0,1,0,55.0,,deux_roues,,1,1,1,1,7
202200005762,2022-04-30 12:40:00,2022,4,30,12,40,93,93029,Rue Roger Salengro,48.919817884,2.4386054277,Plein jour,En agglomération,Hors intersection,Normale,Deux véhicules - frontale,4,2,2,0,1,1,1,0,1,30,2,2,1,0,0,1,30.0,27.0,deux_roues,voiture,1,2,1,1,1
202200005763,2022-03-20 04:05:00,2022,3,20,4,5,69,69282,Rue Victor Hugo,45.79075,4.99227,Nuit avec éclairage allumé,En agglomération,Hors intersection,Normale,Autre collision,4,2,2,0,2,1,1,0,1,50,1,2,1,0,1,0,,,voiture,,5,2,1,1,6
202200005764,2022-06-03 20:04:00,2022,6,3,20,4,93,93078,Boulevard Robert Ballanger,48.9570950679,2.5437477529,Plein jour,En agglomération,Hors intersection,Normale,Trois véhicules et plus - en chaîne,3,3,2,0,1,1,1,9,1,50,3,5,3,0,0,2,47.0,21.0,voiture,voiture,1,2,1,1,4
202200005765,2022-04-30 20:15:00,2022,4,30,20,15,93,93047,Rue Henri Barbusse,48.9000699839,2.566915065,Plein jour,En agglomération,Hors intersection,Normale,Deux véhicules - arrière,4,1,1,0,1,1,1,0,1,30,2,2,1,0,0,1,39.0,,voiture,voiture,1,2,1,1,2
202200005766,2022-04-30 17:42:00,2022,4,30,17,42,93,93005,Rue du Préfet Chaleil,48.93957,2.50949,Plein jour,En agglomération,Hors intersection,Normale,Autre collision,3,2,2,0,1,1,1,0,4,50,1,2,1,0,0,1,,,deux_roues,,1,2,1,1,6
202200005767,2022-12-30 15:45:00,2022,12,30,15,45,94,94074,HENRI BARBUSSE (AV),48.76318,2.44227,Plein jour,En agglomération,Hors intersection,Pluie légère,Trois véhicules et plus - en chaîne,2,1,2,0,1,1,2,0,1,50,6,6,4,0,0,2,31.0,46.0,utilitaire_camion,voiture,1,2,1,2,4
202200005768,2022-06-02 22:30:00,2022,6,2,22,30,93,93073,Rue de l'Argonne / Avenue Blaise Pascal,48.93869,2.57559,Nuit avec éclairage allumé,En agglomération,Intersection en X,Normale,Deux véhicules - côté,4,2,2,0,1,1,1,0,1,50,2,2,1,0,0,1,29.0,23.0,voiture,deux_roues,5,2,2,1,3
202200005769,2022-03-20 18:40:00,2022,3,20,18,40,69,69266,Rue Antoine Primat,45.75818,4.89329,Crépuscule ou aube,En agglomération,Intersection en X,Normale,Deux véhicules - côté,4,2,2,0,1,1,1,0,1,50,2,2,1,0,0,1,25.0,40.0,voiture,voiture,2,2,2,1,3
202200005770,2022-04-29 18:20:00,2022,4,29,18,20,93,93005,Allée Sainte Anne,48.918822,2.501938,Plein jour,En agglomération,Hors intersection,Normale,Autre collision,4,2,2,0,1,1,1,8,1,50,1,2,1,0,0,1,,,voiture,,1,2,1,1,6
202200005771,2022-06-02 13:20:00,2022,6,2,13,20,93,93073,Avenue Henri Barbusse,48.9617692132,2.5706006885,Plein jour,En agglomération,Hors intersection,Normale,Autre collision,4,2,2,0,1,1,1,0,1,50,1,2,1,0,0,1,34.0,,voiture,,1,2,1,1,6
202200005772,2022-06-04 23:00:00,2022,6,4,23,0,93,93072,53 Rue des Huleux,48.96353,2.39021,Nuit avec éclairage allumé,En agglomération,Hors intersection,Temps couvert,Autre collision,4,1,1,0,1,1,2,0,1,50,2,2,1,0,0,1,60.0,25.0,voiture,voiture,5,2,1,8,6
202200005773,2022-12-28 18:35:00,2022,12,28,18,35,94,94052,STALINGRAD (RTE DE),48.841105,2.480237,Nuit avec éclairage non allumé,En agglomération,Hors intersection,Pluie légère,Deux véhicules - côté,4,2,2,0,2,1,2,0,1,30,2,2,1,0,0,1,20.0,24.0,voiture,voiture,4,2,1,2,3
202200005774,2022-06-03 23:30:00,2022,6,3,23,30,93,93066,Rue Ambroise Croizat / Rue Charles Christofle,48.93022,2.35048,Nuit avec éclairage allumé,En agglomération,Intersection en T,Normale,Deux véhicules - côté,3,3,2,0,1,1,1,0,1,50,2,5,4,0,1,0,39.0,16.0,voiture,deux_roues,5,2,3,1,3
202200005775,2022-04-30 17:22:00,2022,4,30,17,22,92,92073,SELLIER (BOULEVARD HENRI),48.8622619228,2.216360271,Plein jour,En agglomération,Hors intersection,Normale,Autre collision,3,1,4,0,2,2,1,0,4,50,1,1,0,0,1,0,32.0,,deux_roues,,1,2,1,1,6
202200005776,2022-06-03 12:15:00,2022,6,3,12,15,93,93066,Boulevard de la Libération,48.9283969554,2.3412095905,Plein jour,En agglomération,Autre intersection,Normale,Deux véhicules - arrière,3,2,4,0,1,1,1,0,1,50,2,3,2,0,0,1,24.0,,voiture,voiture,1,2,9,1,2
202200005777,2022-03-19 13:30:00,2022,3,19,13,30,69,69256,Avenue Paul Marcellin,45.7686093781,4.9362462759,Plein jour,En agglomération,Hors intersection,Normale,Trois véhicules et plus - collisions multiples,4,2,2,2,1,1,1,0,1,50,3,4,3,0,0,1,33.0,34.0,voiture,voiture,1,2,1,1,5
202200005778,2022-04-30 13:20:00,2022,4,30,13,20,92,92073,BLUM (QUAI LEON),48.86265,2.2259,Plein jour,En agglomération,Hors intersection,Normale,Autre collision,3,2,3,0,1,1,1,9,1,50,1,1,0,0,0,1,68.0,,utilitaire_camion,,1,2,1,1,6
202200005779,2022-12-30 18:07:00,2022,12,30,18,7,94,94073,RN 186,48.754,2.3757,Nuit avec éclairage allumé,Hors agglomération,Hors intersection,Pluie légère,Sans collision,2,1,1,0,1,3,2,3,1,50,1,2,1,0,0,1,30.0,,voiture,,5,1,1,2,7
202200005780,2022-04-30 02:30:00,2022,4,30,2,30,92,92049,DORMOY AVENUE MARX N°2 A 100,48.80968,2.32442,Nuit avec éclairage allumé,En agglomération,Hors intersection,Normale,Sans collision,3,1,2,0,1,1,1,9,6,50,1,1,0,0,0,1,18.0,,deux_roues,,5,2,1,1,7
202200005781,2022-03-19 11:15:00,2022,3,19,11,15,69,69290,Route de Grenoble,45.71457,4.96509,Plein jour,En agglomération,Hors intersection,Normale,Autre collision,7,2,4,0,1,1,1,6,1,50,1,2,1,0,0,1,67.0,,voiture,,1,2,1,1,6
202200005782,2022-06-02 15:40:00,2022,6,2,15,40,93,93066,Rue Ahmed Boughera el Ouafi / Rue Jesse Owens,48.922811,2.364531,Plein jour,En agglomération,Intersection en T,Normale,Deux véhicules - frontale,4,2,2,0,1,1,1,0,1,50,2,2,1,0,0,1,72.0,72.0,voiture,voiture,1,2,3,1,1
202200005783,2022-04-30 18:30:00,2022,4,30,18,30,92,92007,BRIAND (AVENUE ARISTIDE) N° 162 A 300,48.7908125402,2.3196230382,Plein jour,En agglomération,Hors intersection,Normale,Deux véhicules - côté,3,-1,3,0,1,1,1,0,1,50,2,2,1,0,1,0,15.0,24.0,deux_roues,voiture,1,2,1,1,3
202200005784,2022-06-04 11:10:00,2022,6,4,11,10,93,93064,Rue du Général Leclerc / Rue a Combattants Afrique Nord,48.8652237624,2.4957662523,Plein jour,En agglomération,Intersection en T,Normale,Autre collision,3,1,1,1,1,1,1,0,5,30,2,2,0,0,0,1,,77.0,autre,deux_roues,1,2,3,1,6
202200005785,2022-12-30 12:00:00,2022,12,30,12,0,94,94038,JULES GRAVEREAUX (AV),48.77707,2.3307,Plein jour,En agglomération,Hors intersection,Pluie légère,Sans collision,3,2,2,0,2,1,2,0,4,30,1,1,0,0,0,1,43.0,,voiture,,1,2,1,2,7
202200005786,2022-03-20 17:20:00,2022,3,20,17,20,59,59350,WAULT QUAI DU,50.63792,3.05394,Plein jour,En agglomération,Intersection en Y,Normale,Autre collision,4,1,1,0,1,2,1,0,1,50,1,2,1,0,0,1,53.0,,voiture,,1,2,4,1,6
202200005787,2022-04-30 16:40:00,2022,4,30,16,40,92,92007,VAILLANT-COUTURIER (AVENU PAUL),48.7911585748,2.3198479414,Plein jour,En agglomération,Hors intersection,Normale,Autre collision,3,3,2,1,1,1,1,0,3,50,1,1,0,0,1,0,17.0,,deux_roues,,1,2,1,1,6
202200005788,2022-05-01 10:05:00,2022,5,1,10,5,60,60359,D 1,49.482454,1.942617,Plein jour,Hors agglomération,Hors intersection,Normale,Sans collision,3,2,2,0,2,1,1,0,1,80,1,1,0,0,1,0,38.0,,deux_roues,,1,1,1,1,7
202200005789,2022-06-04 07:55:00,2022,6,4,7,55,93,93055,Avenue du Général Leclerc,48.90174,2.4136,Plein jour,En agglomération,Hors intersection,Normale,Deux véhicules - arrière,3,2,2,0,1,1,1,0,1,30,2,3,1,0,0,2,52.0,49.0,voiture,utilitaire_camion,1,2,1,1,2
202200005790,2022-03-20 04:50:00,2022,3,20,4,50,59,59378,REPUBLIQUE AV DE LA (N°512-832),50.6567819501,3.0887585878,Nuit avec éclairage allumé,En agglomération,Hors intersection,Normale,Deux véhicules - arrière,7,3,1,0,4,1,1,1,1,70,2,5,1,0,0,4,24.0,,voiture,voiture,5,2,1,1,2
202200005791,2022-12-30 15:30:00,2022,12,30,15,30,94,94017,MAURICE THOREZ (AV),48.8061,2.53439,Plein jour,En agglomération,Giratoire,Pluie légère,Deux véhicules - côté,3,2,4,0,1,1,2,0,1,50,1,2,1,0,1,0,51.0,,voiture,,1,2,6,2,3
202200005792,2022-05-01 20:50:00,2022,5,1,20,50,38,38019,RN7,45.431497,4.817859,Nuit avec éclairage allumé,En agglomération,Intersection en T,Normale,Trois véhicules et plus - collisions multiples,2,2,2,0,2,1,1,0,1,50,3,4,1,0,0,3,36.0,20.0,voiture,voiture,5,2,3,1,5
202200005793,2022-06-05 02:50:00,2022,6,5,2,50,93,93033,Place Churchill / Avenue du Général Leclerc,48.859254,2.581486,Nuit avec éclairage allumé,En agglomération,Intersection en X,Normale,Deux véhicules - côté,3,2,3,0,1,1,2,0,1,50,2,6,3,0,0,3,26.0,36.0,voiture,voiture,5,2,2,1,3
202200005794,2022-03-20 11:45:00,2022,3,20,11,45,45,45147,Rue Frédéric et Irène Joliot-Curie ,47.946121,1.918996,Plein jour,En agglomération,Hors intersection,Normale,Autre collision,4,2,2,0,1,1,1,0,4,50,1,5,2,0,0,3,38.0,,voiture,,1,2,1,1,6
202200005795,2022-05-01 06:20:00,2022,5,1,6,20,86,86092,D22,46.94284,0.586218,Crépuscule ou aube,Hors agglomération,Hors intersection,Normale,Sans collision,3,2,2,0,1,1,1,0,3,80,1,2,0,0,1,1,19.0,,voiture,,2,1,1,1,7
202200005796,2022-06-04 20:05:00,2022,6,4,20,5,93,93077,Rue Laënnec,48.878599,2.497302,Plein jour,En agglomération,Hors intersection,Pluie légère,Deux véhicules - arrière,4,2,2,0,2,1,2,0,1,50,2,2,1,0,0,1,49.0,38.0,utilitaire_camion,deux_roues,1,2,1,2,2
202200005797,2022-03-20 23:15:00,2022,3,20,23,15,44,44109,Place du Garigliano,47.19825,-1.60594,Nuit avec éclairage allumé,En agglomération,Hors intersection,Normale,Sans collision,4,3,4,3,1,1,1,0,1,50,1,1,0,0,1,0,29.0,,voiture,,5,2,1,1,7
202200005798,2022-05-01 17:00:00,2022,5,1,17,0,17,17330,D728,45.753661,-0.938087,Plein jour,Hors agglomération,Hors intersection,Normale,Deux véhicules - frontale,3,2,2,0,1,1,1,0,1,80,2,2,1,0,1,0,24.0,61.0,voiture,voiture,1,1,1,1,1
202200005799,2022-12-30 00:00:00,2022,12,30,0,0,94,94017,STALINGRAD - PONT DE NOGENT (BD DE),48.8295959196,2.4932862523,Nuit avec éclairage allumé,En agglomération,Autre intersection,Temps couvert,Sans collision,3,4,6,0,3,1,2,2,1,50,1,4,3,0,0,1,23.0,,voiture,,5,2,9,8,7
202200005800,2022-06-03 08:20:00,2022,6,3,8,20,93,93029,Rue de la République / Rue Jean Jacques Rousseau,48.92356,2.43864,Plein jour,En agglomération,Intersection en T,Normale,Deux véhicules - arrière,4,2,2,0,1,1,1,0,1,50,2,2,1,0,0,1,21.0,28.0,deux_roues,voiture,1,2,3,1,2
202200005801,2022-03-20 06:00:00,2022,3,20,6,0,37,37233,GRANGE QUILLET (RUE DE LA),47.38273,0.72308,Nuit avec éclairage allumé,Hors agglomération,Hors intersection,Normale,Deux véhicules - arrière,4,2,2,0,1,1,1,0,1,50,2,4,3,0,0,1,25.0,20.0,voiture,voiture,5,1,1,1,2
202200005802,2022-06-02 14:55:00,2022,6,2,14,55,93,93029,Parking - Rue Saint Stenay,48.91978,2.42021,Plein jour,En agglomération,Hors intersection,Normale,Autre collision,6,-1,0,0,1,1,1,0,1,30,1,2,1,0,0,1,25.0,,voiture,,1,2,1,1,6
202200005803,2022-05-02 10:50:00,2022,5,2,10,50,83,83057,A8,43.4067,6.187449,Plein jour,Hors agglomération,Hors intersection,Normale,Autre collision,1,1,5,0,1,1,1,0,1,130,1,1,0,1,0,0,39.0,,utilitaire_camion,,1,1,1,1,6