accident_id,datetime,annee,mois,jour,heure,minute,departement,commune_insee,adresse,latitude,longitude,luminosite,agglomeration,intersection,meteo,collision,catr,circ,nbv,vosp,prof,plan,surf,infra,situ,vma,nb_vehicules,nb_usagers,nb_indemnes,nb_tues,nb_blesses_hosp,nb_blesses_legers,age_cond_1,age_cond_2,veh_type_cond_1,veh_type_cond_2,lum_code,agg_code,int_code,atm_code,col_code
202200005895,2022-12-31 04:00:00,2022,12,31,4,0,89,89369,D82,48.24564,3.153183,Nuit sans éclairage public,Hors agglomération,Hors intersection,Temps couvert,Autre collision,3,2,2,0,1,1,2,0,1,80,1,1,0,0,1,0,15.0,,deux_roues,,3,1,1,8,6
202200005896,2022-03-20 16:45:00,2022,3,20,16,45,93,93027,Avenue Paul Vaillant Couturier,48.92036,2.41007,Plein jour,En agglomération,Hors intersection,Normale,Autre collision,3,3,2,3,1,1,1,0,1,50,1,2,1,0,0,1,38.0,,voiture,,1,2,1,1,6
202200005897,2022-12-30 22:47:00,2022,12,30,22,47,89,89307,,47.890624,3.71152,Nuit sans éclairage public,Hors agglomération,Intersection en X,Normale,Sans collision,2,2,2,-1,1,1,2,5,3,80,1,1,0,0,1,0,95.0,,voiture,,3,1,2,1,7
202200005898,2022-05-01 15:50:00,2022,5,1,15,50,49,49007,A11 - PK 261+600,47.491428,-0.533352,Plein jour,Hors agglomération,Autre intersection,Normale,Deux véhicules - arrière,1,3,4,0,1,1,1,0,1,90,2,5,4,0,0,1,57.0,43.0,voiture,voiture,1,1,9,1,2
202200005899,2022-12-29 18:00:00,2022,12,29,18,0,61,61168,Route de Bagnoles,48.575911,-0.371175,Crépuscule ou aube,En agglomération,Hors intersection,Normale,Autre collision,3,2,2,0,1,1,2,0,1,50,1,2,1,0,1,0,27.0,,voiture,,2,2,1,1,6
202200005900,2022-04-06 05:00:00,2022,4,6,5,0,33,33452,A62 PK 019.500,44.637208,-0.423317,Nuit sans éclairage public,Hors agglomération,Hors intersection,Normale,Deux véhicules - arrière,1,3,4,0,1,1,1,0,1,130,2,4,3,0,0,1,20.0,33.0,voiture,voiture,3,1,1,1,2
202200005901,2022-12-31 16:40:00,2022,12,31,16,40,68,68155,Allée J.B. Thomann,48.100517,7.31514,Plein jour,En agglomération,Hors intersection,Normale,Sans collision,4,2,2,0,1,1,1,0,1,30,1,3,1,0,1,1,18.0,,voiture,,1,2,1,1,7
202200005902,2022-04-30 06:50:00,2022,4,30,6,50,28,28121,Autoroute A10 pk 073+400 sens Province PARIS,48.128117,1.852843,Crépuscule ou aube,Hors agglomération,Hors intersection,Normale,Trois véhicules et plus - collisions multiples,1,3,3,0,1,1,1,0,1,-1,3,4,3,1,0,0,22.0,67.0,utilitaire_camion,utilitaire_camion,2,1,1,1,5
202200005903,2022-12-31 14:10:00,2022,12,31,14,10,44,44038,Les Landes,47.140836,-2.002532,Plein jour,Hors agglomération,Hors intersection,Normale,Deux véhicules - frontale,3,2,2,0,1,2,1,0,1,80,2,3,2,0,0,1,41.0,68.0,voiture,voiture,1,1,1,1,1
202200005904,2022-05-01 14:40:00,2022,5,1,14,40,69,69080,Chemin des Cumines,45.549144,4.753218,Plein jour,Hors agglomération,Hors intersection,Normale,Deux véhicules - arrière,3,2,2,0,2,4,1,0,1,80,2,2,0,0,0,2,42.0,61.0,deux_roues,deux_roues,1,1,1,1,2
202200005905,2022-05-01 18:45:00,2022,5,1,18,45,988,98808,Tribu de KAPOUE,-21.29168,165.63809,Nuit sans éclairage public,Hors agglomération,Hors intersection,Normale,Sans collision,4,2,2,0,1,1,1,0,3,50,1,1,0,0,1,0,24.0,,voiture,,3,1,1,1,7
202200005906,2022-12-29 07:45:00,2022,12,29,7,45,29,29061,D112,48.4330322482,-4.4521665573,Crépuscule ou aube,Hors agglomération,Hors intersection,Pluie légère,Trois véhicules et plus - collisions multiples,3,3,2,0,1,1,2,9,1,90,3,3,2,0,1,0,54.0,44.0,voiture,voiture,2,1,1,2,5
202200005907,2022-05-01 19:45:00,2022,5,1,19,45,973,97311,D11,5.493077,-54.031438,Crépuscule ou aube,En agglomération,Intersection en X,Normale,Deux véhicules - arrière,3,-1,2,0,1,1,1,0,1,50,2,2,0,0,0,2,18.0,28.0,deux_roues,deux_roues,2,2,2,1,2
202200005908,2022-12-30 17:10:00,2022,12,30,17,10,54,54425,9 Rue de la Liberté,49.311991454,5.7821734231,Nuit avec éclairage allumé,En agglomération,Autre intersection,Pluie légère,Autre collision,3,2,2,0,2,1,2,0,1,50,1,2,1,0,0,1,44.0,,voiture,,5,2,9,2,6
202200005909,2022-05-01 23:54:00,2022,5,1,23,54,77,77199,voie de  de fublaines,48.927236,2.938886,Nuit sans éclairage public,Hors agglomération,Hors intersection,Normale,Autre collision,4,2,2,0,2,4,1,0,8,80,1,2,0,0,1,1,35.0,,voiture,,3,1,1,1,6
202200005910,2022-05-02 14:30:00,2022,5,2,14,30,77,77177,D21,48.801915,2.743228,Plein jour,Hors agglomération,Hors intersection,Normale,Deux véhicules - côté,3,2,2,0,1,1,1,0,3,80,2,2,1,0,0,1,65.0,27.0,voiture,deux_roues,1,1,1,1,3
202200005911,2022-12-30 16:00:00,2022,12,30,16,0,64,64065,"départementale 4 PK 010.300, col St Ignace",43.337922,-1.615763,Plein jour,Hors agglomération,Hors intersection,Vent fort / tempête,Deux véhicules - frontale,3,2,2,0,2,3,1,0,1,80,2,2,1,0,1,0,50.0,71.0,deux_roues,voiture,1,1,1,6,1
202200005912,2022-05-01 22:40:00,2022,5,1,22,40,83,83065,Route de la Mort du Luc,43.238231,6.569556,Nuit sans éclairage public,Hors agglomération,Hors intersection,Normale,Deux véhicules - frontale,4,2,2,0,2,2,1,0,1,70,2,2,1,0,1,0,58.0,45.0,utilitaire_camion,voiture,3,1,1,1,1
202200005913,2022-12-30 11:44:00,2022,12,30,11,44,18,18108,25 Rue Gambetta,46.953313,2.951036,Plein jour,En agglomération,Hors intersection,Pluie légère,Deux véhicules - côté,3,2,2,0,1,1,2,0,1,50,2,2,1,0,1,0,83.0,80.0,voiture,voiture,1,2,1,2,3
202200005914,2022-05-02 14:40:00,2022,5,2,14,40,13,13085,Route de Roquefort,43.249532,5.61175,Plein jour,Hors agglomération,Hors intersection,Normale,Deux véhicules - côté,3,2,2,0,1,1,1,0,1,80,2,2,1,0,1,0,66.0,61.0,deux_roues,voiture,1,1,1,1,3
202200005915,2022-12-31 13:35:00,2022,12,31,13,35,53,53097,Bd de la Grande Valaisiere,48.159308,-0.396007,Plein jour,En agglomération,Hors intersection,Normale,Deux véhicules - frontale,4,2,2,0,1,1,1,5,1,50,2,2,1,0,1,0,50.0,18.0,deux_roues,voiture,1,2,1,1,1
202200005916,2022-05-01 18:22:00,2022,5,1,18,22,13,13052,D27 Mana de Caillan,43.809586,4.786928,Plein jour,Hors agglomération,Hors intersection,Normale,Sans collision,3,2,2,0,1,1,1,0,3,80,1,2,0,0,2,0,18.0,,deux_roues,,1,1,1,1,7
202200005917,2022-04-30 16:20:00,2022,4,30,16,20,13,13015,Avenue de la Croix d Or,43.456108,5.402838,Plein jour,En agglomération,Hors intersection,Normale,Deux véhicules - arrière,4,2,2,0,1,1,1,0,1,50,2,2,1,0,0,1,42.0,74.0,voiture,voiture,1,2,1,1,2
202200005918,2022-12-29 20:45:00,2022,12,29,20,45,40,40284,Route de Bayonne,43.658504,-1.31071,Nuit avec éclairage non allumé,En agglomération,Intersection en T,Pluie forte,Deux véhicules - côté,3,2,3,0,1,1,3,5,1,50,2,3,1,0,1,1,16.0,60.0,deux_roues,voiture,4,2,3,3,3
202200005919,2022-03-17 18:30:00,2022,3,17,18,30,67,67348,Boulevard de l Europe,48.472061,7.499725,Plein jour,En agglomération,Hors intersection,Normale,Deux véhicules - côté,4,2,1,1,1,1,1,0,5,50,2,2,1,0,1,0,22.0,52.0,deux_roues,utilitaire_camion,1,2,1,1,3
202200005920,2022-12-29 18:40:00,2022,12,29,18,40,40,40284,Avenue de Tourren,43.658581,-1.310801,Nuit avec éclairage non allumé,En agglomération,Intersection en T,Pluie forte,Autre collision,3,3,1,0,1,1,3,6,1,50,1,2,1,0,1,0,,,voiture,,4,2,3,3,6
202200005921,2022-03-17 22:10:00,2022,3,17,22,10,67,67348,Rue du General Leclerc,48.471011,7.494296,Nuit avec éclairage allumé,En agglomération,Intersection en T,Pluie légère,Deux véhicules - côté,3,2,2,0,1,1,2,5,1,50,2,2,1,0,1,0,31.0,25.0,voiture,deux_roues,5,2,3,2,3
202200005922,2022-05-01 10:00:00,2022,5,1,10,0,42,42155,Route de Saint Germain Laval,45.815913,4.112164,Plein jour,Hors agglomération,Intersection en Y,Temps éblouissant,Deux véhicules - arrière,3,-1,2,0,1,1,1,0,1,80,2,2,1,0,1,0,74.0,55.0,voiture,utilitaire_camion,1,1,4,7,2
202200005923,2022-12-30 16:30:00,2022,12,30,16,30,24,24520,Avenue du Périgord,44.873648,1.237088,Plein jour,Hors agglomération,Hors intersection,Normale,Deux véhicules - frontale,3,-1,2,0,1,3,2,0,1,50,2,4,3,0,1,0,17.0,73.0,deux_roues,voiture,1,1,1,1,1
202200005924,2022-12-31 16:50:00,2022,12,31,16,50,85,85020,13 Rue de la couarde,46.36261,-0.612598,Plein jour,En agglomération,Hors intersection,Temps éblouissant,Deux véhicules - frontale,3,2,2,0,1,1,1,0,1,50,2,3,2,0,1,0,39.0,16.0,voiture,deux_roues,1,2,1,7,1
202200005925,2022-05-02 16:25:00,2022,5,2,16,25,69,69019,Route Départementale 306,46.089662,4.728928,Plein jour,Hors agglomération,Hors intersection,Normale,Deux véhicules - frontale,3,2,2,0,1,1,1,0,1,80,2,2,0,1,1,0,51.0,60.0,voiture,voiture,1,1,1,1,1
202200005926,2022-05-01 15:15:00,2022,5,1,15,15,85,85226,Avenue des Mimosas,46.72002,-1.971241,Plein jour,Hors agglomération,Hors intersection,Normale,Deux véhicules - arrière,3,2,2,0,1,1,1,0,1,70,2,3,1,0,1,1,25.0,23.0,deux_roues,voiture,1,1,1,1,2
202200005927,2022-12-30 17:30:00,2022,12,30,17,30,08,08302,Place Emile Zola,49.888088,4.738168,Nuit avec éclairage allumé,En agglomération,Place,Pluie légère,Autre collision,3,2,2,0,2,2,2,0,4,50,1,2,1,0,0,1,23.0,,voiture,,5,2,7,2,6
202200005928,2022-05-01 16:30:00,2022,5,1,16,30,22,22201,D34,48.666676,-2.341118,Plein jour,Hors agglomération,Hors intersection,Normale,Autre collision,3,2,2,0,2,2,1,0,3,70,1,1,0,0,1,0,68.0,,deux_roues,,1,1,1,1,6
202200005929,2022-05-01 18:39:00,2022,5,1,18,39,76,76203,route de duclair - RD 5,49.590183,0.799127,Plein jour,Hors agglomération,Hors intersection,Normale,Sans collision,3,-1,2,0,2,2,1,0,1,80,1,1,0,0,0,1,53.0,,deux_roues,,1,1,1,1,7
202200005930,2022-12-30 15:30:00,2022,12,30,15,30,88,88361,Mayegoutte,48.305028,7.09573,Plein jour,En agglomération,Hors intersection,Pluie légère,Sans collision,4,2,1,0,2,1,2,0,1,50,1,8,7,0,1,0,70.0,,utilitaire_camion,,1,2,1,2,7
202200005931,2022-04-29 15:30:00,2022,4,29,15,30,13,13005,A50-Sens Marseille vers Aubagne,43.2865291834,5.5363694407,Plein jour,Hors agglomération,Hors intersection,Normale,Deux véhicules - côté,1,3,3,0,1,1,1,0,1,90,2,2,1,0,0,1,41.0,56.0,utilitaire_camion,voiture,1,1,1,1,3
202200005932,2022-04-29 13:57:00,2022,4,29,13,57,13,13214,A507 sens Marseille - Aubagne,43.33005,5.39977,Plein jour,Hors agglomération,Hors intersection,Normale,Deux véhicules - arrière,1,1,2,0,2,1,1,1,1,70,2,2,1,0,0,1,24.0,66.0,voiture,voiture,1,1,1,1,2
202200005933,2022-10-16 22:39:00,2022,10,16,22,39,13,13206,PARADIS (RUE),43.28318,5.38112,Nuit avec éclairage allumé,En agglomération,Intersection en X,Normale,Deux véhicules - côté,4,1,2,0,1,1,1,0,1,50,2,2,1,0,0,1,25.0,31.0,deux_roues,deux_roues,5,2,2,1,3
202200005934,2022-10-16 17:00:00,2022,10,16,17,0,13,13213,LAVERAN (BOULEVARD DU),43.32452,5.41542,Plein jour,En agglomération,Intersection en T,Normale,Deux véhicules - côté,4,2,2,0,1,2,1,0,1,50,2,5,1,0,1,3,25.0,28.0,voiture,deux_roues,1,2,3,1,3
202200005935,2022-04-29 21:00:00,2022,4,29,21,0,69,69029,Route Départementale 383,45.73556,4.90247,Nuit avec éclairage allumé,Hors agglomération,Hors intersection,Normale,Trois véhicules et plus - collisions multiples,7,2,6,0,1,1,1,0,1,70,4,6,3,0,1,2,20.0,61.0,voiture,voiture,5,1,1,1,5
202200005936,2022-04-17 16:10:00,2022,4,17,16,10,69,69256,Rocade Est,45.79662,4.94302,Plein jour,Hors agglomération,Hors intersection,Normale,Deux véhicules - côté,2,3,4,0,1,2,1,0,1,90,2,2,1,0,0,1,46.0,50.0,utilitaire_camion,voiture,1,1,1,1,3
202200005937,2022-10-16 12:05:00,2022,10,16,12,5,13,13209,SCHLOESING (BOULEVARD),43.27228,5.40086,Plein jour,En agglomération,Hors intersection,Normale,Deux véhicules - côté,4,1,2,0,1,1,1,8,1,50,2,4,2,0,0,2,41.0,23.0,voiture,deux_roues,1,2,1,1,3
202200005938,2022-04-30 18:45:00,2022,4,30,18,45,92,92023,RN385,48.7767318611,2.2319235205,Plein jour,Hors agglomération,Hors intersection,Normale,Deux véhicules - côté,2,-1,2,0,1,1,1,0,1,90,2,3,1,0,0,2,23.0,23.0,deux_roues,voiture,1,1,1,1,3
202200005939,2022-10-16 02:10:00,2022,10,16,2,10,13,13214,DANIEL CASANOVA (BOULEVARD),43.32893,5.37563,Nuit avec éclairage allumé,Hors agglomération,Hors intersection,Normale,Deux véhicules - frontale,4,-1,2,0,1,2,1,0,1,50,2,3,1,0,2,0,29.0,,deux_roues,voiture,5,1,1,1,1
202200005940,2022-04-30 16:50:00,2022,4,30,16,50,92,92064,A13,48.840595635,2.2203449607,Plein jour,Hors agglomération,Hors intersection,Normale,Deux véhicules - arrière,1,3,2,0,1,1,1,0,1,70,2,3,2,0,0,1,34.0,45.0,voiture,voiture,1,1,1,1,2
202200005941,2022-10-15 05:35:00,2022,10,15,5,35,13,13047,RAYMOND FILIPPI AVENUE,43.50092,4.98113,Nuit avec éclairage allumé,En agglomération,Hors intersection,Normale,Deux véhicules - frontale,4,2,2,0,1,1,1,0,1,30,1,2,0,0,1,1,22.0,,voiture,,5,2,1,1,1
202200005942,2022-10-15 13:45:00,2022,10,15,13,45,13,13004,RTE DE TARASCON,43.6895,4.64381,Plein jour,En agglomération,Hors intersection,Normale,Deux véhicules - côté,3,2,2,0,1,1,1,0,1,50,2,2,1,0,1,0,48.0,48.0,deux_roues,voiture,1,2,1,1,3
202200005943,2022-10-16 13:54:00,2022,10,16,13,54,10,10387,LUCIEN MOREL PAYEN (RUE),48.30534,4.08979,Plein jour,En agglomération,Autre intersection,Normale,Deux véhicules - côté,4,2,0,0,1,1,1,0,1,50,2,2,1,0,0,1,21.0,53.0,voiture,voiture,1,2,9,1,3
202200005944,2022-10-14 11:25:00,2022,10,14,11,25,10,10357,,48.2956713161,4.1378221056,Plein jour,En agglomération,Hors intersection,Pluie légère,Autre collision,3,1,1,0,2,3,2,0,3,50,1,2,1,0,0,1,35.0,,voiture,,1,2,1,2,6
202200005945,2022-10-16 17:00:00,2022,10,16,17,0,09,09225,FOIX AVENUE DE,43.10583,1.61924,Plein jour,En agglomération,Hors intersection,Normale,Deux véhicules - côté,3,2,2,0,1,1,1,0,1,30,2,3,1,0,0,2,38.0,31.0,voiture,voiture,1,2,1,1,3
202200005946,2022-10-16 09:20:00,2022,10,16,9,20,09,09225,ESCOSSE CHEMIN D',43.13902,1.59485,Plein jour,Hors agglomération,Hors intersection,Normale,Autre collision,3,2,2,0,1,1,1,0,3,80,1,2,0,0,2,0,22.0,,voiture,,1,1,1,1,6
202200005947,2022-10-16 17:50:00,2022,10,16,17,50,04,04112,PRESCOTT JOULE(CHEMIN JAMES),43.828,5.82157,Plein jour,Hors agglomération,Hors intersection,Normale,Sans collision,4,2,2,1,1,1,1,0,1,30,1,1,0,0,0,1,37.0,,deux_roues,,1,1,1,1,7
202200005948,2022-10-17 18:50:00,2022,10,17,18,50,75,75116,PORT DE PASSY,48.857246,2.258489,Crépuscule ou aube,En agglomération,Hors intersection,Pluie légère,Sans collision,4,1,3,0,1,1,2,1,1,70,1,1,0,0,0,1,31.0,,deux_roues,,2,2,1,2,7
202200005949,2022-10-17 11:02:00,2022,10,17,11,2,75,75106,RUE DE SEINE,48.854518,2.336881,Plein jour,En agglomération,Intersection en Y,Pluie légère,Deux véhicules - arrière,4,2,2,0,1,1,2,0,1,30,2,3,2,0,0,1,33.0,34.0,deux_roues,utilitaire_camion,1,2,4,2,2
202200005950,2022-10-16 23:40:00,2022,10,16,23,40,75,75119,QUAI DE LA LOIRE,48.887897,2.379944,Nuit avec éclairage allumé,En agglomération,Intersection en X,Normale,Autre collision,4,1,1,0,1,1,1,0,4,30,1,3,2,0,0,1,47.0,,voiture,,5,2,2,1,6
202200005951,2022-10-17 09:00:00,2022,10,17,9,0,75,75119,PLACE DE LA PORTE DE PANTIN,48.889652,2.395739,Plein jour,En agglomération,Place,Pluie légère,Deux véhicules - côté,4,2,4,0,1,1,2,0,1,50,2,2,1,0,0,1,34.0,34.0,voiture,deux_roues,1,2,7,2,3
202200005952,2022-10-17 20:55:00,2022,10,17,20,55,75,75117,AVENUE DE CLICHY,48.888595,2.323605,Nuit avec éclairage allumé,En agglomération,Intersection en T,Pluie forte,Deux véhicules - côté,4,2,3,0,1,1,2,0,1,30,2,2,1,0,0,1,28.0,24.0,voiture,deux_roues,5,2,3,3,3
202200005953,2022-10-17 10:00:00,2022,10,17,10,0,75,75117,RUE CARDINET,48.888634,2.315653,Plein jour,En agglomération,Place,Temps couvert,Deux véhicules - côté,4,2,3,0,1,1,1,0,1,30,2,2,1,0,0,1,38.0,31.0,utilitaire_camion,deux_roues,1,2,7,8,3
202200005954,2022-10-17 08:32:00,2022,10,17,8,32,75,75112,AVENUE LEDRU ROLLIN,48.849629,2.374297,Plein jour,En agglomération,Intersection en X,Pluie légère,Autre collision,4,2,2,0,1,1,2,0,1,30,1,2,1,0,0,1,34.0,,deux_roues,,1,2,2,2,6
202200005955,2022-10-17 06:21:00,2022,10,17,6,21,75,75111,BOULEVARD RICHARD LENOIR,48.864005,2.370697,Crépuscule ou aube,En agglomération,Intersection en X,Normale,Deux véhicules - côté,4,3,2,0,1,1,1,0,1,30,2,2,1,0,0,1,41.0,54.0,voiture,utilitaire_camion,2,2,2,1,3
202200005956,2022-10-17 18:45:00,2022,10,17,18,45,75,75108,AVENUE DE WAGRAM,48.875897,2.296595,Crépuscule ou aube,En agglomération,Intersection en T,Pluie légère,Autre collision,4,2,6,1,2,1,2,-1,5,30,1,1,0,0,0,1,58.0,,deux_roues,,2,2,3,2,6
202200005957,2022-10-17 08:50:00,2022,10,17,8,50,75,75108,AVENUE GEORGE V,48.870064,2.301005,Plein jour,En agglomération,Intersection à plus de 4 branches,Normale,Deux véhicules - côté,4,2,2,0,1,1,1,0,1,50,2,2,1,0,0,1,19.0,46.0,deux_roues,voiture,1,2,5,1,3
202200005958,2022-10-17 13:30:00,2022,10,17,13,30,75,75107,PLACE JOFFRE,48.85383,2.304805,Plein jour,En agglomération,Place,Pluie forte,Deux véhicules - côté,4,2,2,0,1,1,2,0,1,30,2,2,1,0,0,1,,41.0,voiture,deux_roues,1,2,7,3,3
202200005959,2022-10-16 18:55:00,2022,10,16,18,55,75,75102,BOULEVARD DE SEBASTOPOL,48.867026,2.358001,Crépuscule ou aube,En agglomération,Intersection en X,Normale,Sans collision,4,2,4,1,1,1,1,0,5,30,1,1,0,0,0,1,32.0,,deux_roues,,2,2,2,1,7
202200005960,2022-10-17 15:45:00,2022,10,17,15,45,94,94076,CHEVILLY (R DE),48.78294,2.355003,Plein jour,En agglomération,Hors intersection,Pluie légère,Deux véhicules - arrière,4,2,2,0,1,1,2,0,1,50,2,2,1,0,0,1,35.0,30.0,utilitaire_camion,voiture,1,2,1,2,2
202200005961,2022-10-17 08:45:00,2022,10,17,8,45,94,94041,MARCEL BOYER (QU),48.82,2.39,Crépuscule ou aube,En agglomération,Hors intersection,Temps couvert,Deux véhicules - côté,4,2,2,0,1,1,2,0,1,50,2,2,1,0,0,1,61.0,30.0,voiture,deux_roues,2,2,1,8,3
202200005962,2022-10-17 17:20:00,2022,10,17,17,20,94,94075,Rue du Mai / Rue de l'Etoile,48.71706,2.52697,Plein jour,En agglomération,Intersection en X,Pluie légère,Deux véhicules - frontale,4,1,1,0,2,1,2,0,1,30,2,3,1,0,0,2,47.0,13.0,utilitaire_camion,autre,1,2,2,2,1
202200005963,2022-10-16 00:20:00,2022,10,16,0,20,93,93078,Avenue Georges Clémenceau / Avenue du Rêve,48.95348,2.56277,Nuit avec éclairage allumé,En agglomération,Intersection en X,Normale,Deux véhicules - côté,3,3,4,1,1,1,2,5,1,50,2,2,1,0,0,1,28.0,20.0,voiture,deux_roues,5,2,2,1,3
202200005964,2022-10-17 17:50:00,2022,10,17,17,50,93,93066,Avenue Lénine,48.94223,2.36498,Plein jour,En agglomération,Hors intersection,Pluie légère,Deux véhicules - arrière,3,2,4,0,1,1,2,0,1,50,2,2,0,0,0,1,24.0,,voiture,autre,1,2,1,2,2
202200005965,2022-10-16 10:50:00,2022,10,16,10,50,93,93066,Rue Pinel,48.9311900232,2.3586568669,Plein jour,En agglomération,Hors intersection,Normale,Deux véhicules - arrière,4,1,1,2,1,1,1,0,1,30,2,3,2,0,1,0,33.0,40.0,deux_roues,voiture,1,2,1,1,2
202200005966,2022-10-17 10:25:00,2022,10,17,10,25,93,93048,Rue Désiré Préaux / Boulevard de Chanzy,48.85854,2.43174,Plein jour,En agglomération,Intersection en T,Pluie légère,Deux véhicules - côté,3,2,2,2,1,1,2,0,5,50,2,2,1,0,0,1,41.0,21.0,utilitaire_camion,deux_roues,1,2,3,2,3
202200005967,2022-10-17 17:35:00,2022,10,17,17,35,93,93027,Avenue Roger Salengro,48.93818,2.38847,Plein jour,En agglomération,Autre intersection,Pluie forte,Deux véhicules - arrière,3,3,5,0,2,1,2,3,1,50,2,2,1,0,0,1,29.0,30.0,deux_roues,voiture,1,2,9,3,2
202200005968,2022-10-17 17:50:00,2022,10,17,17,50,93,93010,Rue Louis Auguste Blanqui,48.90018,2.48009,Plein jour,En agglomération,Hors intersection,Pluie légère,Autre collision,4,2,2,2,1,1,2,0,1,30,1,2,1,0,0,1,,,deux_roues,,1,2,1,2,6
202200005969,2022-10-17 07:40:00,2022,10,17,7,40,92,92050,LENINE VLADIMIR ILITCH AVENUE,48.88815,2.19133,Crépuscule ou aube,En agglomération,Hors intersection,Pluie légère,Deux véhicules - frontale,3,-1,2,1,1,1,2,0,1,50,2,2,1,0,0,1,67.0,50.0,voiture,deux_roues,2,2,1,2,1
202200005970,2022-10-17 18:25:00,2022,10,17,18,25,92,92044,RIVAY(RUE)41A71 ET38A60,48.8944697423,2.2893946767,Crépuscule ou aube,En agglomération,Intersection en T,Pluie légère,Autre collision,4,1,1,0,1,1,2,0,1,30,1,2,0,0,0,2,46.0,,voiture,,2,2,3,2,6
202200005971,2022-09-13 16:50:00,2022,9,13,16,50,64,64227,15 Route de Vic,43.3639918151,-0.2120658895,Plein jour,En agglomération,Intersection en X,Normale,Deux véhicules - arrière,3,2,2,0,1,3,1,0,1,70,2,2,1,0,1,0,58.0,41.0,deux_roues,utilitaire_camion,1,2,2,1,2
202200005972,2022-09-16 12:36:00,2022,9,16,12,36,07,07330,Route des Gorges,44.381838,4.443766,Plein jour,Hors agglomération,Hors intersection,Normale,Autre collision,3,2,2,0,2,3,9,0,3,90,1,1,0,0,1,0,50.0,,deux_roues,,1,1,1,1,6
202200005973,2022-10-17 18:02:00,2022,10,17,18,2,92,92044,J. GUESDE(RUE) 1A23 ET2A28,48.890985117,2.2947719693,Crépuscule ou aube,En agglomération,Intersection en X,Pluie légère,Autre collision,4,2,3,0,1,1,2,0,1,50,1,2,1,0,0,1,79.0,,voiture,,2,2,2,2,6
202200005974,2022-09-15 15:15:00,2022,9,15,15,15,04,04149,Route Départemental 4096,44.019114,5.928969,Plein jour,Hors agglomération,Hors intersection,Normale,Sans collision,3,2,2,0,2,3,1,0,8,80,1,3,1,0,1,1,87.0,,voiture,,1,1,1,1,7
202200005975,2022-09-14 16:20:00,2022,9,14,16,20,87,87011,rue lamartine,46.121158,1.050353,Plein jour,En agglomération,Intersection en T,Normale,Autre collision,4,2,2,0,2,1,1,0,1,-1,1,2,1,0,0,1,88.0,,voiture,,1,2,3,1,6
202200005976,2022-10-17 08:05:00,2022,10,17,8,5,92,92026,BELGIQUE ( PLACE DE ),48.9034877277,2.2678200602,Plein jour,En agglomération,Hors intersection,Pluie légère,Deux véhicules - côté,4,1,1,1,2,1,2,0,5,50,2,2,1,0,0,1,18.0,36.0,deux_roues,utilitaire_camion,1,2,1,2,3
202200005977,2022-09-15 13:20:00,2022,9,15,13,20,37,37015,13 route nationale 76,47.3484092164,0.8407330513,Plein jour,En agglomération,Hors intersection,Normale,Deux véhicules - arrière,3,2,2,0,1,1,1,0,1,50,2,2,1,0,0,1,57.0,52.0,deux_roues,voiture,1,2,1,1,2
202200005978,2022-10-16 06:30:00,2022,10,16,6,30,92,92024,JEAN JAURES (BD) DE (111 A 159),48.90551,2.30184,Nuit avec éclairage allumé,En agglomération,Intersection en X,Normale,Deux véhicules - côté,3,1,3,3,1,1,1,0,1,50,2,2,1,0,1,0,25.0,32.0,voiture,deux_roues,5,2,2,1,3
202200005979,2022-09-12 14:50:00,2022,9,12,14,50,30,30294,le Mazac,44.157971,4.11424,Plein jour,Hors agglomération,Hors intersection,Normale,Deux véhicules - côté,3,2,2,0,1,1,1,0,3,80,2,2,1,0,1,0,54.0,69.0,voiture,voiture,1,1,1,1,3
202200005980,2022-09-16 15:45:00,2022,9,16,15,45,88,88468,D57,47.861193,6.744913,Plein jour,Hors agglomération,Hors intersection,Temps couvert,Deux véhicules - côté,3,2,2,0,2,1,9,0,1,90,2,2,1,0,1,0,81.0,75.0,voiture,deux_roues,1,1,1,8,3
202200005981,2022-10-17 18:50:00,2022,10,17,18,50,92,92012,PONT DE SEVRES (ROND POINT DU),48.8300093499,2.2296844125,Nuit avec éclairage allumé,En agglomération,Hors intersection,Pluie légère,Deux véhicules - arrière,3,3,4,0,1,1,2,2,1,80,2,2,1,0,0,1,38.0,47.0,deux_roues,voiture,5,2,1,2,2
202200005982,2022-09-14 13:45:00,2022,9,14,13,45,69,69063,Quai de la Jonchère,45.810002,4.841967,Plein jour,Hors agglomération,Hors intersection,Normale,Deux véhicules - côté,7,2,2,2,1,1,1,0,1,50,2,2,1,0,0,1,50.0,24.0,utilitaire_camion,voiture,1,1,1,1,3
202200005983,2022-10-15 16:10:00,2022,10,15,16,10,92,92004,LADJI DOUCOURE (RUE),48.9308187099,2.2827430665,Plein jour,En agglomération,Hors intersection,Normale,Deux véhicules - côté,4,2,2,0,1,1,1,0,1,50,2,3,1,0,0,2,16.0,32.0,deux_roues,voiture,1,2,1,1,3
202200005984,2022-09-16 12:50:00,2022,9,16,12,50,974,97415,15 Rue du Général de Gaulle,-21.0491553047,55.2223947644,Plein jour,En agglomération,Intersection en T,Normale,Deux véhicules - côté,2,2,2,0,1,1,1,0,1,50,2,2,1,1,0,0,55.0,28.0,voiture,deux_roues,1,2,3,1,3