accident_id,datetime,annee,mois,jour,heure,minute,departement,commune_insee,adresse,latitude,longitude,luminosite,agglomeration,intersection,meteo,collision,catr,circ,nbv,vosp,prof,plan,surf,infra,situ,vma,nb_vehicules,nb_usagers,nb_indemnes,nb_tues,nb_blesses_hosp,nb_blesses_legers,age_cond_1,age_cond_2,veh_type_cond_1,veh_type_cond_2,lum_code,agg_code,int_code,atm_code,col_code
202200005985,2022-10-16 17:00:00,2022,10,16,17,0,09,09261,Avenue des Guerilleros Espagnols,42.990647,1.133614,Plein jour,Hors agglomération,Intersection en T,Normale,Deux véhicules - frontale,4,2,1,0,2,2,1,0,8,50,2,2,1,0,1,0,29.0,18.0,voiture,deux_roues,1,1,3,1,1
202200005986,2022-10-17 13:15:00,2022,10,17,13,15,34,34318,D109,43.809137,3.930531,Plein jour,Hors agglomération,Hors intersection,Normale,Autre collision,3,2,2,0,1,1,1,0,3,80,1,1,0,0,1,0,67.0,,voiture,,1,1,1,1,6
202200005987,2022-09-16 11:00:00,2022,9,16,11,0,33,33528,D107,44.878615,-0.942252,Plein jour,En agglomération,Hors intersection,Brouillard / fumée,Trois véhicules et plus - en chaîne,3,2,2,0,1,1,1,0,1,80,4,5,4,0,1,0,75.0,45.0,voiture,voiture,1,2,1,5,4
202200005988,2022-10-18 12:05:00,2022,10,18,12,5,07,07288,D104,44.720935,4.535212,Plein jour,Hors agglomération,Hors intersection,Normale,Deux véhicules - frontale,3,2,2,0,2,3,1,0,1,90,2,3,1,2,0,0,57.0,55.0,deux_roues,utilitaire_camion,1,1,1,1,1
202200005989,2022-09-16 07:55:00,2022,9,16,7,55,2B,2B042,route de la gare - en face de l'école St EXUPERY,42.562828,9.44508,Plein jour,En agglomération,Autre intersection,Normale,Autre collision,3,2,2,0,1,1,1,6,1,30,1,2,1,0,0,1,42.0,,voiture,,1,2,9,1,6
202200005990,2022-09-15 19:15:00,2022,9,15,19,15,34,34023,Avenue Pasteur,43.437923,3.676147,Plein jour,En agglomération,Hors intersection,Normale,Autre collision,4,2,2,0,1,3,1,0,1,30,1,2,1,0,1,0,76.0,,voiture,,1,2,1,1,6
202200005991,2022-10-17 07:15:00,2022,10,17,7,15,974,97414,Rue Leconte de Lisle,-21.279737,55.412893,Plein jour,En agglomération,Intersection en Y,Normale,Deux véhicules - frontale,4,2,2,0,2,1,1,9,1,50,2,2,1,0,1,0,36.0,41.0,voiture,deux_roues,1,2,4,1,1
202200005992,2022-09-16 16:20:00,2022,9,16,16,20,06,06101,D28,43.966513,7.008254,Plein jour,Hors agglomération,Hors intersection,Normale,Deux véhicules - frontale,3,2,2,0,1,3,1,0,3,80,1,1,0,0,1,0,55.0,,deux_roues,,1,1,1,1,1
202200005993,2022-09-15 14:45:00,2022,9,15,14,45,74,74041,RD22,46.300687,6.673797,Plein jour,Hors agglomération,Hors intersection,Pluie légère,Deux véhicules - frontale,3,2,2,0,2,4,2,0,1,80,2,2,1,0,1,0,71.0,55.0,deux_roues,voiture,1,1,1,2,1
202200005994,2022-09-06 16:25:00,2022,9,6,16,25,69,69076,Route Nationale 6,45.847508,4.733166,Plein jour,Hors agglomération,Intersection en T,Normale,Sans collision,3,2,2,0,1,1,1,0,1,70,1,1,0,0,0,1,59.0,,deux_roues,,1,1,3,1,7
202200005995,2022-10-17 15:30:00,2022,10,17,15,30,41,41132,A85 Pk 159.200,47.319043,1.445013,Plein jour,Hors agglomération,Hors intersection,Pluie légère,Deux véhicules - arrière,1,1,4,0,1,1,2,0,1,130,2,4,3,0,0,1,57.0,22.0,utilitaire_camion,voiture,1,1,1,2,2
202200005996,2022-09-08 12:15:00,2022,9,8,12,15,53,53158,le moulin du chateau RD 124,48.002044,-0.926955,Plein jour,Hors agglomération,Intersection en T,Pluie forte,Deux véhicules - côté,3,2,2,0,2,2,2,0,1,80,2,2,1,0,0,1,74.0,41.0,utilitaire_camion,utilitaire_camion,1,1,3,3,3
202200005997,2022-09-15 13:30:00,2022,9,15,13,30,76,76489,Route des Falaises,49.494835,0.284518,Plein jour,En agglomération,Hors intersection,Normale,Sans collision,3,2,2,0,1,1,1,0,1,50,1,1,0,0,1,0,40.0,,deux_roues,,1,2,1,1,7
202200005998,2022-10-17 17:30:00,2022,10,17,17,30,69,69165,Route Départementale 9,46.1469216616,4.6580448747,Plein jour,Hors agglomération,Hors intersection,Normale,Deux véhicules - frontale,3,2,2,0,1,4,1,0,1,80,2,3,0,0,1,2,70.0,41.0,voiture,utilitaire_camion,1,1,1,1,1
202200005999,2022-10-17 15:30:00,2022,10,17,15,30,32,32425,Chemin Bordeneuve,43.637787,1.143415,Plein jour,Hors agglomération,Hors intersection,Normale,Sans collision,4,2,1,0,1,1,1,0,1,80,1,1,0,0,0,1,14.0,,deux_roues,,1,1,1,1,7
202200006000,2022-09-15 17:20:00,2022,9,15,17,20,59,59139,Route de Bethencourt,50.132268,3.423548,Plein jour,En agglomération,Intersection en T,Normale,Deux véhicules - côté,3,2,2,0,2,1,1,0,1,50,2,2,1,1,0,0,51.0,65.0,utilitaire_camion,deux_roues,1,2,3,1,3
202200006001,2022-10-14 13:49:00,2022,10,14,13,49,63,63223,D2144 menat,46.11024,2.90833,Plein jour,Hors agglomération,Hors intersection,Pluie légère,Deux véhicules - côté,3,2,2,0,2,1,2,0,1,90,2,2,0,0,2,0,59.0,20.0,voiture,voiture,1,1,1,2,3
202200006002,2022-09-14 17:25:00,2022,9,14,17,25,67,67218,Autoroute A.35,48.5444,7.72562,Plein jour,Hors agglomération,Hors intersection,Normale,Deux véhicules - arrière,7,3,4,0,1,1,2,0,1,70,2,4,1,0,0,3,23.0,40.0,utilitaire_camion,voiture,1,1,1,1,2
202200006003,2022-10-17 15:10:00,2022,10,17,15,10,63,63207,Le Genilhat,45.666051,3.64656,Plein jour,Hors agglomération,Hors intersection,Normale,Sans collision,3,2,2,0,1,3,8,0,3,90,1,1,0,0,1,0,51.0,,deux_roues,,1,1,1,1,7
202200006004,2022-09-14 22:05:00,2022,9,14,22,5,59,59646,ROUTE DEPARTEMENTALE 656,50.6899931051,3.1418296695,Nuit sans éclairage public,Hors agglomération,Hors intersection,Temps couvert,Deux véhicules - arrière,7,-1,4,0,1,3,2,0,1,90,2,2,1,0,1,0,33.0,44.0,voiture,voiture,3,1,1,8,2
202200006005,2022-10-15 12:00:00,2022,10,15,12,0,12,12292,D7,43.896447,2.931386,Plein jour,Hors agglomération,Hors intersection,Temps éblouissant,Autre collision,3,2,2,0,1,1,1,0,1,90,1,2,0,0,1,1,59.0,,deux_roues,,1,1,1,7,6
202200006006,2022-09-15 16:43:00,2022,9,15,16,43,91,91521,RN 104,48.63236,2.40067,Plein jour,Hors agglomération,Hors intersection,Normale,Trois véhicules et plus - collisions multiples,2,1,2,0,2,3,1,0,1,50,3,4,3,0,0,1,39.0,48.0,voiture,voiture,1,1,1,1,5
202200006007,2022-10-18 10:55:00,2022,10,18,10,55,42,42248,744 rue de vichy,45.918012,3.840553,Plein jour,En agglomération,Hors intersection,Normale,Deux véhicules - frontale,3,2,2,0,2,3,1,0,1,30,1,2,1,0,1,0,65.0,,voiture,,1,2,1,1,1
202200006008,2022-09-15 07:56:00,2022,9,15,7,56,92,92002,AUTOROUTE A86,48.7628308663,2.3120726521,Plein jour,Hors agglomération,Hors intersection,Normale,Deux véhicules - côté,1,3,2,0,2,3,1,1,1,70,2,2,1,0,0,1,21.0,,deux_roues,utilitaire_camion,1,1,1,1,3
202200006009,2022-10-18 11:55:00,2022,10,18,11,55,42,42311,Route de Bayard,45.482243,4.388952,Plein jour,En agglomération,Intersection en Y,Temps éblouissant,Autre collision,7,2,2,0,1,1,1,0,1,50,1,2,1,0,0,1,61.0,,utilitaire_camion,,1,2,4,7,6
202200006010,2022-09-15 21:05:00,2022,9,15,21,5,78,78402,A13,48.964902,1.801438,Nuit sans éclairage public,Hors agglomération,Hors intersection,Normale,Trois véhicules et plus - en chaîne,1,1,3,0,1,1,1,0,1,130,3,4,2,0,0,2,47.0,19.0,voiture,voiture,3,1,1,1,4
202200006011,2022-09-15 19:35:00,2022,9,15,19,35,78,78362,A13,48.972643,1.730572,Plein jour,Hors agglomération,Hors intersection,Temps couvert,Autre collision,1,2,3,0,1,1,1,3,4,50,1,1,0,0,0,1,45.0,,voiture,,1,1,1,8,6
202200006012,2022-10-18 11:45:00,2022,10,18,11,45,47,47052,avenue de Bordeaux,44.320102,0.077725,Plein jour,En agglomération,Hors intersection,Normale,Deux véhicules - côté,3,2,2,0,1,1,1,0,1,50,2,4,2,0,1,1,30.0,20.0,voiture,voiture,1,2,1,1,3
202200006013,2022-10-18 06:15:00,2022,10,18,6,15,41,41059,D30,47.410331,1.396766,Crépuscule ou aube,Hors agglomération,Hors intersection,Brouillard / fumée,Autre collision,3,2,2,0,1,3,2,0,1,90,1,1,0,1,0,0,31.0,,voiture,,2,1,1,5,6
202200006014,2022-09-15 17:55:00,2022,9,15,17,55,78,78640,A86 EXT,48.779194,2.199809,Plein jour,Hors agglomération,Hors intersection,Normale,Trois véhicules et plus - collisions multiples,1,1,3,0,1,1,1,0,1,110,3,5,4,0,1,0,26.0,24.0,deux_roues,voiture,1,1,1,1,5
202200006015,2022-10-18 10:20:00,2022,10,18,10,20,25,25485,D73,47.384934,6.718376,Plein jour,Hors agglomération,Hors intersection,Normale,Deux véhicules - côté,3,2,2,0,1,1,1,0,1,80,2,3,1,0,1,1,57.0,51.0,voiture,voiture,1,1,1,1,3
202200006016,2022-09-15 11:30:00,2022,9,15,11,30,92,92036,A86,48.9353674804,2.2648550687,Plein jour,Hors agglomération,Hors intersection,Normale,Trois véhicules et plus - collisions multiples,1,-1,2,0,1,1,1,0,1,90,4,4,3,0,0,1,23.0,39.0,voiture,voiture,1,1,1,1,5
202200006017,2022-10-16 21:30:00,2022,10,16,21,30,44,44050,37 Route de Besné,47.399773,-2.147334,Nuit sans éclairage public,Hors agglomération,Hors intersection,Normale,Autre collision,3,2,2,0,1,2,1,0,8,80,1,1,0,0,1,0,21.0,,voiture,,3,1,1,1,6
202200006018,2022-09-15 08:30:00,2022,9,15,8,30,92,92026,RN1014 Y,48.8900037324,2.2441999034,Plein jour,Hors agglomération,Hors intersection,Normale,Trois véhicules et plus - en chaîne,2,1,2,0,1,1,1,1,1,70,3,3,2,1,0,0,24.0,32.0,deux_roues,utilitaire_camion,1,1,1,1,4
202200006019,2022-10-17 19:30:00,2022,10,17,19,30,03,03157,D906e,46.232899,3.516825,Nuit sans éclairage public,Hors agglomération,Hors intersection,Normale,Autre collision,3,2,2,0,1,1,1,0,3,90,1,1,0,0,1,0,62.0,,voiture,,3,1,1,1,6
202200006020,2022-10-17 15:15:00,2022,10,17,15,15,03,03183,champ pommier,46.40513,3.050412,Plein jour,En agglomération,Hors intersection,Normale,Autre collision,3,2,1,0,2,1,1,0,1,50,1,1,0,0,1,0,57.0,,voiture,,1,2,1,1,6
202200006021,2022-09-15 01:00:00,2022,9,15,1,0,78,78126,A13,48.8396,2.11883,Nuit avec éclairage allumé,Hors agglomération,Hors intersection,Normale,Trois véhicules et plus - en chaîne,1,1,4,0,1,1,2,0,1,110,3,4,3,0,0,1,70.0,24.0,voiture,voiture,5,1,1,1,4
202200006022,2022-10-17 06:15:00,2022,10,17,6,15,03,03146,Le chêne vert,46.703449,3.05362,Crépuscule ou aube,Hors agglomération,Hors intersection,Normale,Autre collision,3,2,2,0,1,1,1,0,3,90,1,2,1,0,0,1,27.0,,utilitaire_camion,,2,1,1,1,6
202200006023,2022-09-15 21:00:00,2022,9,15,21,0,95,95241,RN 104,49.045602908,2.4454048276,Nuit sans éclairage public,Hors agglomération,Hors intersection,Normale,Autre collision,2,3,4,0,1,1,1,0,1,110,1,1,0,0,0,1,62.0,,voiture,,3,1,1,1,6
202200006024,2022-09-15 11:30:00,2022,9,15,11,30,93,93013,A1,48.9385744444,2.4155606321,Plein jour,Hors agglomération,Hors intersection,Normale,Deux véhicules - arrière,1,3,6,0,1,1,1,0,1,110,2,2,1,0,0,1,39.0,20.0,utilitaire_camion,utilitaire_camion,1,1,1,1,2
202200006025,2022-10-17 00:36:00,2022,10,17,0,36,58,58278,Route de Sermoise,46.976351,3.167928,Nuit sans éclairage public,Hors agglomération,Hors intersection,Normale,Autre collision,3,2,2,0,1,1,1,0,3,80,1,2,0,0,0,2,19.0,,voiture,,3,1,1,1,6
202200006026,2022-09-15 18:00:00,2022,9,15,18,0,94,94028,A86 INT,48.799091231,2.4453273879,Plein jour,Hors agglomération,Hors intersection,Normale,Deux véhicules - arrière,1,3,3,0,1,1,1,0,1,90,2,2,1,0,0,1,56.0,38.0,utilitaire_camion,voiture,1,1,1,1,2
202200006027,2022-10-18 12:35:00,2022,10,18,12,35,58,58300,"Cd 977 PK 9,2",47.054218,3.20936,Plein jour,Hors agglomération,Hors intersection,Normale,Deux véhicules - frontale,3,2,2,0,1,1,1,0,1,80,2,2,0,0,0,2,49.0,35.0,voiture,voiture,1,1,1,1,1
202200006028,2022-09-15 07:25:00,2022,9,15,7,25,94,94069,A4,48.8173109429,2.4424371778,Plein jour,Hors agglomération,Hors intersection,Normale,Deux véhicules - côté,1,3,8,0,1,1,1,0,1,90,2,2,1,0,0,1,50.0,60.0,voiture,deux_roues,1,1,1,1,3
202200006029,2022-10-17 17:45:00,2022,10,17,17,45,66,66107,,42.800511,2.636681,Plein jour,Hors agglomération,Hors intersection,Normale,Deux véhicules - frontale,3,2,2,0,1,1,1,0,1,80,2,2,0,0,1,1,57.0,37.0,voiture,transport_commun,1,1,1,1,1
202200006030,2022-06-20 06:30:00,2022,6,20,6,30,59,59350,,50.641334,3.070737,Plein jour,En agglomération,Hors intersection,Normale,Sans collision,4,1, -1,-1,1,1,1,-1,1,-1,1,1,0,1,0,0,55.0,,deux_roues,,1,2,1,1,7
202200006031,2022-06-15 18:40:00,2022,6,15,18,40,38,38544,ST MARCEL(MONTEE),45.51666,4.8888,Plein jour,En agglomération,Hors intersection,Normale,Deux véhicules - côté,3,2,2,0,2,1,1,0,1,50,2,2,0,0,1,1,27.0,34.0,deux_roues,voiture,1,2,1,1,3
202200006032,2022-10-17 14:05:00,2022,10,17,14,5,90,90087,Avenue du Général de Gaulle,47.675004,6.928092,Plein jour,En agglomération,Hors intersection,Normale,Deux véhicules - frontale,3,2,2,0,2,3,1,0,1,50,2,2,1,1,0,0,73.0,22.0,voiture,voiture,1,2,1,1,1
202200006033,2022-09-14 00:15:00,2022,9,14,0,15,92,92025,VALMY 1 A 53   2 A 66 (BD DE),48.92636,2.253105,Nuit sans éclairage public,En agglomération,Hors intersection,Normale,Autre collision,3,2,2,1,2,1,2,0,1,30,1,2,0,0,0,2,17.0,,voiture,,3,2,1,1,6
202200006034,2022-09-13 07:25:00,2022,9,13,7,25,93,93079,Route de Saint-Leu,48.9485573996,2.3430754962,Crépuscule ou aube,En agglomération,Hors intersection,Normale,Deux véhicules - côté,3,2,2,2,1,1,1,0,1,50,2,2,0,0,0,2,39.0,53.0,deux_roues,deux_roues,2,2,1,1,3
202200006035,2022-10-16 00:18:00,2022,10,16,0,18,43,43212,départementale 24 - route de boisset,45.342494,3.990355,Nuit sans éclairage public,Hors agglomération,Hors intersection,Normale,Trois véhicules et plus - en chaîne,3,2,2,0,1,1,1,0,1,80,3,3,2,0,1,0,46.0,50.0,voiture,voiture,3,1,1,1,4
202200006036,2022-10-17 17:30:00,2022,10,17,17,30,04,04204,D4085,43.879026,6.443471,Plein jour,Hors agglomération,Hors intersection,Normale,Autre collision,3,2,2,0,2,2,1,0,3,70,1,1,0,0,0,1,35.0,,deux_roues,,1,1,1,1,6
202200006037,2022-09-14 15:00:00,2022,9,14,15,0,69,69383,Cours Lafayette,45.76358,4.84714,Plein jour,En agglomération,Intersection en X,Normale,Deux véhicules - côté,4,2,3,3,1,1,1,0,1,50,2,3,2,0,0,1,40.0,,voiture,deux_roues,1,2,2,1,3
202200006038,2022-10-15 16:45:00,2022,10,15,16,45,17,17075,D124,45.923845,-0.843799,Plein jour,Hors agglomération,Hors intersection,Pluie légère,Deux véhicules - frontale,3,2,2,0,1,4,2,0,1,80,2,2,1,0,1,0,33.0,30.0,voiture,voiture,1,1,1,2,1
202200006039,2022-09-14 12:35:00,2022,9,14,12,35,28,28229,BRETAGNE (AVENUE DE),48.4529,1.456,Plein jour,En agglomération,Hors intersection,Normale,Deux véhicules - frontale,4,2,2,0,1,1,1,0,1,50,1,2,1,0,0,1,74.0,,voiture,,1,2,1,1,1
202200006040,2022-10-18 07:30:00,2022,10,18,7,30,77,77264,D231,48.75068,2.947525,Nuit sans éclairage public,Hors agglomération,Hors intersection,Brouillard / fumée,Deux véhicules - frontale,3,2,2,0,1,1,1,0,1,80,2,5,3,0,1,1,45.0,27.0,transport_commun,voiture,3,1,1,5,1
202200006041,2022-07-01 09:00:00,2022,7,1,9,0,59,59328,HIPPODROME AV DE L N°237 AU389,50.645129193,3.028138876,Plein jour,En agglomération,Hors intersection,Normale,Deux véhicules - côté,7,2,2,1,1,1,1,0,1,50,2,2,1,0,1,0,55.0,49.0,deux_roues,voiture,1,2,1,1,3
202200006042,2022-10-18 16:53:00,2022,10,18,16,53,69,69244,Boulevard du Valvert,45.764724,4.773635,Plein jour,En agglomération,Hors intersection,Normale,Deux véhicules - frontale,7,2,2,1,1,2,1,0,1,50,2,3,0,0,1,2,30.0,81.0,utilitaire_camion,voiture,1,2,1,1,1
202200006043,2022-04-14 09:45:00,2022,4,14,9,45,57,57660,Rue Sainte - Alice,49.1972706907,6.9249174188,Plein jour,En agglomération,Hors intersection,Normale,Deux véhicules - côté,4,2,3,0,1,1,1,0,1,50,2,2,1,0,1,0,54.0,38.0,deux_roues,voiture,1,2,1,1,3
202200006044,2022-04-15 08:00:00,2022,4,15,8,0,22,22187,EUROPE (Rdp de l'),48.53406,-2.75917,Plein jour,En agglomération,Autre intersection,Normale,Sans collision,3,1,2,0,2,1,1,0,1,90,1,4,2,0,0,2,20.0,,voiture,,1,2,9,1,7
202200006045,2022-10-17 13:20:00,2022,10,17,13,20,33,33284,"A63, PR 024+250",44.638526,-0.84273,Plein jour,Hors agglomération,Hors intersection,Normale,Deux véhicules - arrière,1,3,4,0,1,1,1,0,1,110,2,2,1,0,0,1,36.0,58.0,voiture,voiture,1,1,1,1,2
202200006046,2022-09-14 14:00:00,2022,9,14,14,0,976,97611,mamoudzou centre-Commandant Passot (Plac,-12.77963,45.23274,Plein jour,En agglomération,Autre intersection,Normale,Deux véhicules - côté,2,2,2,0,1,2,1,0,1,50,2,2,1,0,1,0,31.0,39.0,deux_roues,voiture,1,2,9,1,3
202200006047,2022-10-17 20:30:00,2022,10,17,20,30,33,33527,A660 PK 015.000,44.6117950122,-1.0120139629,Nuit sans éclairage public,Hors agglomération,Hors intersection,Normale,Deux véhicules - arrière,1,3,4,0,1,1,1,0,1,130,2,4,1,0,2,1,38.0,25.0,utilitaire_camion,voiture,3,1,1,1,2
202200006048,2022-09-14 19:30:00,2022,9,14,19,30,69,69383,Rue Baraban,45.76314,4.86866,Plein jour,En agglomération,Hors intersection,Pluie forte,Deux véhicules - côté,4,2,2,0,1,1,2,0,1,30,2,2,1,0,0,1,59.0,25.0,voiture,deux_roues,1,2,1,3,3
202200006049,2022-10-15 11:00:00,2022,10,15,11,0,988,98822,Tribu de TIBARAMA  - RT3,-20.9367,165.38081,Plein jour,Hors agglomération,Hors intersection,Normale,Autre collision,2,2,2,0,1,3,1,0,3,70,1,1,0,0,1,0,42.0,,voiture,,1,1,1,1,6
202200006050,2022-09-14 20:30:00,2022,9,14,20,30,69,69388,Route de Vienne,45.7355689808,4.8532050848,Nuit avec éclairage allumé,En agglomération,Hors intersection,Pluie forte,Autre collision,4,2,2,0,1,1,2,0,6,30,1,2,1,0,0,1,20.0,,voiture,,5,2,1,3,6
202200006051,2022-10-14 19:15:00,2022,10,14,19,15,78,78575,Route de Versailles,48.715245,2.085603,Crépuscule ou aube,En agglomération,Hors intersection,Pluie légère,Autre collision,3,2,2,0,1,1,2,9,1,50,1,2,1,0,0,1,43.0,,utilitaire_camion,,2,2,1,2,6
202200006052,2022-09-14 19:40:00,2022,9,14,19,40,69,69387,Cours Gambetta,45.7552001527,4.8431414366,Nuit avec éclairage allumé,En agglomération,Hors intersection,Pluie forte,Autre collision,4,2,2,1,1,1,2,9,1,30,1,2,1,0,0,1,26.0,,deux_roues,,5,2,1,3,6
202200006053,2022-10-17 20:40:00,2022,10,17,20,40,34,34154,306ter Rue Martin Luther King,43.622198,3.992489,Nuit sans éclairage public,En agglomération,Hors intersection,Normale,Deux véhicules - arrière,3,3,2,0,1,3,1,0,1,70,2,3,1,0,2,0,49.0,22.0,deux_roues,voiture,3,2,1,1,2
202200006054,2022-09-14 17:00:00,2022,9,14,17,0,69,69386,Rue Vendôme,45.77182,4.84443,Plein jour,En agglomération,Intersection en X,Normale,Deux véhicules - côté,4,1,1,2,1,1,1,0,1,30,2,3,2,0,0,1,22.0,45.0,voiture,voiture,1,2,2,1,3
202200006055,2022-09-14 07:40:00,2022,9,14,7,40,972,97209,MARNE (BOULEVARD DE LA),14.60453,-61.0806,Plein jour,Hors agglomération,Hors intersection,Normale,Deux véhicules - côté,4,-1,1,0,1,1,1,0,1,50,2,2,1,0,0,1,19.0,43.0,voiture,voiture,1,1,1,1,3
202200006056,2022-10-17 08:15:00,2022,10,17,8,15,83,83107,,43.465149,6.620287,Crépuscule ou aube,Hors agglomération,Hors intersection,Temps éblouissant,Trois véhicules et plus - en chaîne,3,2,3,0,2,1,1,0,1,90,3,4,3,0,0,1,52.0,40.0,voiture,voiture,2,1,1,7,4
202200006057,2022-09-14 14:04:00,2022,9,14,14,4,2B,2B033,11 - RT,42.7016,9.45241,Plein jour,En agglomération,Hors intersection,Normale,Deux véhicules - arrière,2,3,2,0,3,1,1,1,1,50,3,3,1,0,0,2,57.0,50.0,utilitaire_camion,utilitaire_camion,1,2,1,1,2
202200006058,2022-09-12 18:10:00,2022,9,12,18,10,91,91689,BD DE L EUROPE,48.726937,2.323764,Plein jour,En agglomération,Hors intersection,Normale,Deux véhicules - côté,4,3,1,0,1,1,1,6,1,50,2,2,1,1,0,0,39.0,65.0,voiture,deux_roues,1,2,1,1,3
202200006059,2022-10-17 18:40:00,2022,10,17,18,40,21,21263,Rue des Vignes,47.256886,5.042059,Crépuscule ou aube,En agglomération,Intersection en T,Normale,Deux véhicules - côté,7,2,2,0,1,1,1,0,1,50,2,2,1,0,1,0,29.0,48.0,deux_roues,voiture,2,2,3,1,3
202200006060,2022-09-14 12:19:00,2022,9,14,12,19,91,91657,RUE DES FAUVETTES,48.70733,2.43864,Plein jour,En agglomération,Intersection en X,Normale,Deux véhicules - côté,4,2,2,0,1,1,1,0,1,50,2,2,1,0,0,1,54.0,28.0,voiture,utilitaire_camion,1,2,2,1,3
202200006061,2022-10-17 22:03:00,2022,10,17,22,3,21,21353,D25,47.192399,5.128909,Nuit sans éclairage public,Hors agglomération,Hors intersection,Normale,Sans collision,3,2,2,0,1,3,1,0,3,80,1,2,1,0,0,1,19.0,,voiture,,3,1,1,1,7
202200006062,2022-09-13 16:47:00,2022,9,13,16,47,87,87085,JOURDAN (PLACE),45.83213,1.26386,Plein jour,En agglomération,Intersection en T,Normale,Deux véhicules - côté,4,4,5,0,1,1,1,0,1,30,2,2,1,0,1,0,42.0,40.0,deux_roues,utilitaire_camion,1,2,3,1,3
202200006063,2022-10-01 12:08:00,2022,10,1,12,8,69,69243,Avenue Edouard Herriot,45.890622,4.445928,Plein jour,En agglomération,Hors intersection,Pluie légère,Autre collision,2,2,3,0,1,1,2,0,1,50,1,2,1,0,1,0,47.0,,voiture,,1,2,1,2,6
202200006064,2022-10-17 21:45:00,2022,10,17,21,45,76,76459,pk 1+900 D135,49.698248,1.517133,Nuit sans éclairage public,Hors agglomération,Hors intersection,Normale,Autre collision,3,2,2,0,1,2,1,0,3,80,1,1,0,0,0,1,28.0,,voiture,,3,1,1,1,6
202200006065,2022-09-12 16:55:00,2022,9,12,16,55,80,80021,ROUEN (RUE DE),49.88656,2.27872,Plein jour,En agglomération,Intersection à plus de 4 branches,Normale,Deux véhicules - côté,4,2,2,0,1,1,1,0,1,50,2,3,2,0,0,1,68.0,33.0,voiture,voiture,1,2,5,1,3
202200006066,2022-10-17 13:22:00,2022,10,17,13,22,60,60559,N31,49.4149677382,2.2938036917,Plein jour,Hors agglomération,Hors intersection,Pluie légère,Sans collision,2,3,4,0,1,4,2,9,2,110,1,1,0,0,0,1,26.0,,voiture,,1,1,1,2,7
202200006067,2022-09-14 09:45:00,2022,9,14,9,45,79,79329,,46.98178,-0.21651,Plein jour,En agglomération,Giratoire,Temps couvert,Deux véhicules - côté,4,-1,2,0,1,1,1,0,1,50,2,4,2,0,0,2,77.0,38.0,voiture,voiture,1,2,6,8,3
202200006068,2022-09-14 09:36:00,2022,9,14,9,36,78,78498,PONTOISE AV DE,48.93723,2.05496,Plein jour,En agglomération,Intersection en X,Pluie légère,Autre collision,3,2,0,0,1,2,2,0,1,30,1,2,1,0,0,1,53.0,,voiture,,1,2,2,2,6
202200006069,2022-10-16 21:30:00,2022,10,16,21,30,59,59035,route nationale 2,50.109284,3.945035,Nuit sans éclairage public,Hors agglomération,Hors intersection,Normale,Deux véhicules - arrière,4,2,2,0,1,1,2,0,1,80,2,3,1,0,1,1,28.0,51.0,voiture,autre,3,1,1,1,2
202200006070,2022-09-14 17:30:00,2022,9,14,17,30,77,77269,D408,48.542775,2.706696,Plein jour,Hors agglomération,Hors intersection,Normale,Deux véhicules - côté,3,2,2,0,1,1,1,0,1,90,2,3,2,0,0,1,60.0,27.0,voiture,voiture,1,1,1,1,3
202200006071,2022-10-17 22:14:00,2022,10,17,22,14,13,13210,Tunnel Prado Carénage,43.2819829153,5.3939748472,Nuit avec éclairage allumé,Hors agglomération,Hors intersection,Normale,Autre collision,9,1,2,0,1,2,1,1,1,70,1,2,0,0,0,2,19.0,,voiture,,5,1,1,1,6
202200006072,2022-09-13 13:50:00,2022,9,13,13,50,76,76351,FRISSARD (QUAI),49.48925,0.1231,Plein jour,En agglomération,Hors intersection,Normale,Autre collision,4,2,4,2,1,1,1,2,1,30,1,2,1,0,1,0,68.0,,voiture,,1,2,1,1,6
202200006073,2022-10-16 07:45:00,2022,10,16,7,45,59,59507,AUTOROUTE A1,50.6144513322,3.0851704723,Crépuscule ou aube,Hors agglomération,Hors intersection,Normale,Autre collision,1,-1,10,0,1,1,1,0,1,70,1,2,1,0,0,1,40.0,,voiture,,2,1,1,1,6
202200006074,2022-09-06 13:30:00,2022,9,6,13,30,76,76447,PIERRE ROUSSEAU,49.54354,0.18924,Plein jour,En agglomération,Hors intersection,Normale,Autre collision,4,1,1,0,1,1,1,0,1,30,1,2,1,0,0,1,21.0,,voiture,,1,2,1,1,6
202200006075,2022-10-11 14:48:00,2022,10,11,14,48,62,62587,A21,50.43229,2.93796,Plein jour,Hors agglomération,Hors intersection,Normale,Deux véhicules - arrière,1,-1,4,0,1,1,1,0,1,130,2,2,1,0,0,1,30.0,32.0,voiture,voiture,1,1,1,1,2
202200006076,2022-09-13 20:45:00,2022,9,13,20,45,72,72181,RUBILLARD AV N° PAIRS 118 ET >,47.999,0.21138,Nuit avec éclairage allumé,En agglomération,Autre intersection,Normale,Autre collision,4,2,2,0,1,1,1,0,1,50,1,2,1,0,0,1,39.0,,voiture,,5,2,9,1,6
202200006077,2022-09-13 08:09:00,2022,9,13,8,9,66,66136,,42.69411,2.85019,Plein jour,Hors agglomération,Hors intersection,Normale,Deux véhicules - arrière,2,3,4,0,1,1,1,0,1,90,2,2,1,0,0,1,44.0,30.0,voiture,voiture,1,1,1,1,2