accident_id,datetime,annee,mois,jour,heure,minute,departement,commune_insee,adresse,latitude,longitude,luminosite,agglomeration,intersection,meteo,collision,catr,circ,nbv,vosp,prof,plan,surf,infra,situ,vma,nb_vehicules,nb_usagers,nb_indemnes,nb_tues,nb_blesses_hosp,nb_blesses_legers,age_cond_1,age_cond_2,veh_type_cond_1,veh_type_cond_2,lum_code,agg_code,int_code,atm_code,col_code
202200006078,2022-10-17 13:50:00,2022,10,17,13,50,92,92019,RN 385 Extèrieure,48.771853,2.243313,Plein jour,Hors agglomération,Hors intersection,Pluie légère,Trois véhicules et plus - collisions multiples,2,1,1,0,1,3,2,0,1,50,3,3,2,0,0,1,65.0,39.0,voiture,utilitaire_camion,1,1,1,2,5
202200006079,2022-09-13 17:50:00,2022,9,13,17,50,64,64024,Boulevard des Plages,43.52596,-1.51691,Plein jour,En agglomération,Giratoire,Normale,Deux véhicules - côté,4,1,1,2,1,2,1,0,1,30,2,2,1,0,0,1,22.0,17.0,deux_roues,deux_roues,1,2,6,1,3
202200006080,2022-10-17 12:24:00,2022,10,17,12,24,91,91228,AUTOROUTE A6,48.61867,2.42725,Plein jour,Hors agglomération,Hors intersection,Pluie légère,Sans collision,1,-1,3,0,1,1,2,0,1,110,1,1,0,0,0,1,35.0,,voiture,,1,1,1,2,7
202200006081,2022-10-17 10:30:00,2022,10,17,10,30,91,91228,AUTOROUTE A6,48.6222,2.4222,Plein jour,Hors agglomération,Hors intersection,Pluie légère,Deux véhicules - arrière,1,3,3,0,1,1,2,0,1,110,2,2,1,0,0,1,39.0,28.0,voiture,voiture,1,1,1,2,2
202200006082,2022-09-12 21:30:00,2022,9,12,21,30,63,63113,rue du Torpilleur Sirocco,45.80958,3.10711,Nuit avec éclairage allumé,En agglomération,Intersection en X,Normale,Deux véhicules - côté,4,2,3,1,1,1,1,0,1,50,2,2,1,0,0,1,28.0,42.0,deux_roues,voiture,5,2,2,1,3
202200006083,2022-09-13 12:20:00,2022,9,13,12,20,59,59585,JAURES JEAN RUE,50.5686786549,3.0556261539,Plein jour,En agglomération,Hors intersection,Normale,Autre collision,4,2,1,0,1,1,1,0,1,30,1,2,1,0,1,0,33.0,,voiture,,1,2,1,1,6
202200006084,2022-10-17 09:20:00,2022,10,17,9,20,94,94034,AUTOROUTE A86,48.757233849,2.3295475991,Plein jour,Hors agglomération,Hors intersection,Pluie légère,Deux véhicules - arrière,1,1,4,0,1,1,2,0,1,90,2,2,1,0,0,1,41.0,33.0,voiture,deux_roues,1,1,1,2,2
202200006085,2022-09-12 12:25:00,2022,9,12,12,25,59,59009,CHATELLENIE AVENUE DE LA,50.6331491685,3.1352448463,Plein jour,En agglomération,Autre intersection,Normale,Autre collision,4,2,2,0,1,1,1,0,1,50,1,2,1,0,0,1,25.0,,voiture,,1,2,9,1,6
202200006086,2022-09-13 08:52:00,2022,9,13,8,52,56,56098,2 Rue Marcel Sembat,47.75951,-3.34633,Plein jour,En agglomération,Passage à niveau,Normale,Autre collision,4,2,2,0,1,1,1,4,1,30,1,2,1,1,0,0,45.0,,transport_commun,,1,2,8,1,6
202200006087,2022-10-17 10:00:00,2022,10,17,10,0,92,92002,AUTOROUTE A86,48.760549,2.288371,Plein jour,Hors agglomération,Hors intersection,Pluie légère,Trois véhicules et plus - en chaîne,1,1,2,0,2,1,2,2,1,90,3,3,2,0,0,1,33.0,27.0,utilitaire_camion,voiture,1,1,1,2,4
202200006088,2022-09-12 13:50:00,2022,9,12,13,50,55,55029,AVENUE DE LA GRANDE TERRE,48.76194,5.18742,Plein jour,En agglomération,Hors intersection,Normale,Deux véhicules - côté,4,2,2,0,1,1,1,0,1,50,2,2,1,0,1,0,27.0,20.0,voiture,deux_roues,1,2,1,1,3
202200006089,2022-10-17 08:14:00,2022,10,17,8,14,91,91661,AUTOROUTE A10,48.69851,2.24292,Plein jour,Hors agglomération,Hors intersection,Temps couvert,Deux véhicules - arrière,1,1,3,3,1,1,2,0,1,90,2,2,1,0,0,1,35.0,54.0,voiture,voiture,1,1,1,8,2
202200006090,2022-09-13 18:45:00,2022,9,13,18,45,54,54395,193 Avenue de Boufflers,48.69231,6.14647,Plein jour,En agglomération,Hors intersection,Normale,Autre collision,4,2,2,0,2,1,1,0,1,50,1,2,1,0,1,0,79.0,,voiture,,1,2,1,1,6
202200006091,2022-10-17 12:05:00,2022,10,17,12,5,78,78158,A13,48.831601,2.147233,Plein jour,Hors agglomération,Hors intersection,Pluie légère,Autre collision,1,1,1,0,2,3,2,3,1,50,1,1,0,0,0,1,24.0,,voiture,,1,1,1,2,6
202200006092,2022-09-13 15:20:00,2022,9,13,15,20,54,54578,AIGUILLETTES  (BD 5A A 17A),48.67164,6.15602,Plein jour,En agglomération,Hors intersection,Normale,Autre collision,4,2,4,0,1,1,1,0,1,50,1,2,1,0,0,1,55.0,,voiture,,1,2,1,1,6
202200006093,2022-10-17 08:10:00,2022,10,17,8,10,78,78640,A86 EXT,48.778154,2.213848,Crépuscule ou aube,Hors agglomération,Hors intersection,Pluie légère,Deux véhicules - arrière,1,1,3,0,1,1,2,0,2,110,2,2,1,0,0,1,41.0,45.0,voiture,voiture,2,1,1,2,2
202200006094,2022-09-13 13:15:00,2022,9,13,13,15,54,54328,FLEVILLE (ROUTE DE),48.62168,6.17724,Plein jour,En agglomération,Hors intersection,Normale,Deux véhicules - côté,4,2,2,0,1,1,1,0,1,50,2,2,1,0,0,1,46.0,53.0,utilitaire_camion,deux_roues,1,2,1,1,3
202200006095,2022-10-17 17:15:00,2022,10,17,17,15,95,95527, A1,48.986406,2.506462,Plein jour,Hors agglomération,Hors intersection,Pluie légère,Sans collision,1,3,8,0,1,1,2,0,1,110,1,1,0,0,0,1,22.0,,voiture,,1,1,1,2,7
202200006096,2022-09-14 18:39:00,2022,9,14,18,39,51,51058,Rue Raymond Mathieu,49.21634,3.99149,Plein jour,En agglomération,Hors intersection,Pluie légère,Trois véhicules et plus - collisions multiples,4,2,2,0,1,3,2,0,1,50,3,4,0,0,0,4,18.0,40.0,voiture,voiture,1,2,1,2,5
202200006097,2022-10-17 14:45:00,2022,10,17,14,45,94,94017,A4,48.8302008945,2.4957669959,Plein jour,Hors agglomération,Hors intersection,Pluie légère,Trois véhicules et plus - en chaîne,1,3,5,0,1,1,2,0,1,90,4,4,2,0,0,2,62.0,41.0,voiture,voiture,1,1,1,2,4
202200006098,2022-09-14 05:27:00,2022,9,14,5,27,51,51454,rue Robert Fulton,49.23193,4.07809,Nuit avec éclairage allumé,En agglomération,Hors intersection,Normale,Sans collision,4,2,2,0,1,4,1,0,1,50,1,1,0,0,0,1,36.0,,deux_roues,,5,2,1,1,7
202200006099,2022-10-16 20:55:00,2022,10,16,20,55,77,77373,RN104,48.7708750349,2.6119812069,Nuit sans éclairage public,Hors agglomération,Hors intersection,Normale,Autre collision,2,3,2,0,1,1,1,0,1,90,1,2,1,1,0,0,33.0,,voiture,,3,1,1,1,6
202200006100,2022-09-13 17:32:00,2022,9,13,17,32,49,49015,DE GAULLE AVENUE DU GENERAL,47.50169,-0.59225,Plein jour,En agglomération,Hors intersection,Normale,Sans collision,4,2,2,0,1,3,2,0,1,50,1,1,0,0,0,1,44.0,,voiture,,1,2,1,1,7
202200006101,2022-07-30 09:50:00,2022,7,30,9,50,55,55015,D604,48.640264,5.117392,Plein jour,Hors agglomération,Hors intersection,Normale,Deux véhicules - arrière,3,2,2,0,1,1,1,0,1,90,2,2,1,0,0,1,79.0,65.0,voiture,deux_roues,1,1,1,1,2
202200006102,2022-09-11 13:00:00,2022,9,11,13,0,44,44184,44bis Avenue Albert de Mun,47.278453,-2.210191,Plein jour,En agglomération,Hors intersection,Normale,Sans collision,4,1,1,0,1,1,1,0,1,50,1,2,1,0,0,1,33.0,,deux_roues,,1,2,1,1,7
202200006103,2022-06-03 18:25:00,2022,6,3,18,25,14,14281,N13,49.329808657,-0.8898023304,Plein jour,Hors agglomération,Hors intersection,Normale,Autre collision,2,3,4,0,1,1,1,0,3,110,1,1,0,0,1,0,20.0,,deux_roues,,1,1,1,1,6
202200006104,2022-09-04 22:00:00,2022,9,4,22,0,44,44109,Quai Moncousu,47.209054,-1.552994,Nuit avec éclairage allumé,En agglomération,Hors intersection,Normale,Deux véhicules - côté,4,2,2,1,1,1,1,5,1,30,2,3,0,0,0,3,47.0,42.0,voiture,voiture,5,2,1,1,3
202200006105,2022-06-24 20:10:00,2022,6,24,20,10,69,69388,Avenue Jean Mermoz,45.7307286809,4.8872101307,Plein jour,En agglomération,Autre intersection,Normale,Deux véhicules - arrière,4,2,4,3,1,1,1,0,1,50,2,2,1,0,0,1,25.0,61.0,voiture,voiture,1,2,9,1,2
202200006106,2022-09-14 15:50:00,2022,9,14,15,50,44,44162,Rue de la Syonnière,47.25564,-1.64315,Plein jour,Hors agglomération,Hors intersection,Normale,Deux véhicules - côté,7,1,2,0,1,1,1,0,1,70,2,2,1,0,1,0,64.0,16.0,voiture,deux_roues,1,1,1,1,3
202200006107,2022-06-08 12:05:00,2022,6,8,12,5,69,69388,Rue Professeur Beauvisage,45.72886,4.8658,Plein jour,En agglomération,Intersection en T,Pluie légère,Deux véhicules - côté,4,2,2,2,1,1,2,0,1,30,2,2,1,0,0,1,52.0,32.0,utilitaire_camion,deux_roues,1,2,3,2,3
202200006108,2022-08-30 19:55:00,2022,8,30,19,55,42,42218,Rue Charles Cholat,45.46394,4.39822,Crépuscule ou aube,En agglomération,Autre intersection,Normale,Deux véhicules - côté,4,2,4,0,2,1,1,0,1,50,2,2,1,0,0,1,20.0,59.0,voiture,voiture,2,2,9,1,3
202200006109,2022-09-13 20:00:00,2022,9,13,20,0,42,42218,Rue Jean Allemane,45.42037,4.39106,Crépuscule ou aube,En agglomération,Hors intersection,Normale,Autre collision,4,2,2,0,1,1,1,0,1,50,1,2,1,1,0,0,63.0,,voiture,,2,2,1,1,6
202200006110,2022-05-20 18:50:00,2022,5,20,18,50,69,69259,20 Rue Paul Bert,45.70032,4.88621,Plein jour,En agglomération,Hors intersection,Normale,Deux véhicules - côté,4,2,2,2,2,1,1,0,5,50,2,2,1,0,0,1,30.0,24.0,voiture,deux_roues,1,2,1,1,3
202200006111,2022-09-14 21:50:00,2022,9,14,21,50,37,37233,LOIRE (LEVEE DE LA),47.40196,0.74904,Nuit sans éclairage public,En agglomération,Hors intersection,Temps couvert,Deux véhicules - frontale,4,2,2,0,1,1,2,0,1,70,2,2,1,0,0,1,60.0,19.0,voiture,voiture,3,2,1,8,1
202200006112,2022-05-18 01:05:00,2022,5,18,1,5,69,69387,Avenue Jean Jaurès,45.7482,4.8436,Nuit avec éclairage allumé,En agglomération,Intersection en X,Normale,Deux véhicules - côté,4,2,3,3,1,1,1,0,1,30,2,3,1,0,0,2,24.0,28.0,deux_roues,voiture,5,2,2,1,3
202200006113,2022-09-14 07:30:00,2022,9,14,7,30,37,37261,MARECHAL JUIN (BD),47.40898,0.70352,Plein jour,En agglomération,Intersection en X,Normale,Autre collision,4,3,5,0,1,1,2,0,1,50,1,2,1,0,0,1,53.0,,voiture,,1,2,2,1,6
202200006114,2022-05-17 19:35:00,2022,5,17,19,35,69,69383,Rue Maurice Flandin,45.7557362978,4.8625327632,Plein jour,En agglomération,Hors intersection,Normale,Deux véhicules - arrière,4,1,1,2,1,1,1,0,5,30,2,2,0,0,1,1,35.0,43.0,deux_roues,deux_roues,1,2,1,1,2
202200006115,2022-09-13 09:09:00,2022,9,13,9,9,37,37208,CARNOT (QUAI SADI),47.3678,0.72328,Plein jour,En agglomération,Intersection en T,Normale,Deux véhicules - côté,4,2,2,0,1,1,1,0,1,50,2,2,1,0,1,0,56.0,61.0,deux_roues,voiture,1,2,3,1,3
202200006116,2022-09-14 18:40:00,2022,9,14,18,40,35,35238,VERN (DE),48.09991,-1.65807,Plein jour,En agglomération,Intersection en T,Temps couvert,Deux véhicules - arrière,4,2,2,3,1,1,2,0,1,50,2,3,0,0,0,3,63.0,30.0,voiture,voiture,1,2,3,8,2
202200006117,2022-09-14 17:00:00,2022,9,14,17,0,35,35278,SCHUMAN (BOULEVARD R),48.15374,-1.68757,Plein jour,En agglomération,Hors intersection,Pluie légère,Autre collision,4,2,2,1,1,1,2,0,4,50,1,1,0,0,0,1,84.0,,voiture,,1,2,1,2,6
202200006118,2022-10-16 20:00:00,2022,10,16,20,0,75,75120,PORTE DE BAGNOLET,48.866962,2.413435,Nuit avec éclairage allumé,En agglomération,Intersection en Y,Normale,Deux véhicules - arrière,4,1,4,0,1,1,1,0,1,70,2,3,2,0,0,1,54.0,21.0,voiture,voiture,5,2,4,1,2
202200006119,2022-09-14 20:15:00,2022,9,14,20,15,34,34172,Avenue du Mondial 98,43.60269,3.9031,Nuit sans éclairage public,En agglomération,Hors intersection,Normale,Deux véhicules - arrière,4,2,4,1,1,1,1,0,1,30,2,2,1,0,0,1,,29.0,voiture,deux_roues,3,2,1,1,2
202200006120,2022-09-14 12:00:00,2022,9,14,12,0,32,32013,AGEN (ROUTE D'),43.68944,0.60452,Plein jour,Hors agglomération,Hors intersection,Normale,Deux véhicules - frontale,2,2,2,0,1,1,1,0,1,70,2,2,0,0,1,1,20.0,36.0,voiture,utilitaire_camion,1,1,1,1,1
202200006121,2022-10-15 02:10:00,2022,10,15,2,10,75,75118,PORTE D AUBERVILLIERS,48.900673,2.366303,Nuit avec éclairage allumé,En agglomération,Intersection en Y,Pluie légère,Trois véhicules et plus - en chaîne,4,1,4,0,1,1,2,0,1,70,4,5,3,0,0,2,37.0,26.0,voiture,voiture,5,2,4,2,4
202200006122,2022-09-14 13:15:00,2022,9,14,13,15,29,29232,Route de Coray,47.99479,-4.07231,Plein jour,Hors agglomération,Hors intersection,Normale,Deux véhicules - arrière,3,2,3,1,1,1,1,0,1,50,2,2,1,0,0,1,67.0,28.0,deux_roues,voiture,1,1,1,1,2
202200006123,2022-10-14 15:10:00,2022,10,14,15,10,75,75116,ECHANGEUR MUETTE,48.862819,2.264975,Plein jour,En agglomération,Hors intersection,Pluie légère,Deux véhicules - arrière,4,1,4,0,1,1,2,1,1,70,2,2,1,0,0,1,51.0,28.0,deux_roues,deux_roues,1,2,1,2,2
202200006124,2022-09-14 17:00:00,2022,9,14,17,0,29,29039,Rue de Trégunc,47.87424928,-3.905256807,Plein jour,En agglomération,Intersection en X,Normale,Sans collision,4,2,2,0,1,1,1,0,1,50,1,1,0,0,0,1,16.0,,deux_roues,,1,2,2,1,7
202200006125,2022-10-16 16:20:00,2022,10,16,16,20,75,75120,RUE DE MENILMONTANT,48.869116,2.3911448,Plein jour,En agglomération,Intersection en T,Normale,Deux véhicules - côté,4,2,2,0,2,1,1,0,1,30,2,2,1,0,0,1,64.0,78.0,deux_roues,voiture,1,2,3,1,3
202200006126,2022-09-13 15:10:00,2022,9,13,15,10,29,29019,route de Roc'h Glas,48.4300257672,-4.5006877184,Plein jour,En agglomération,Intersection en T,Normale,Trois véhicules et plus - collisions multiples,4,-1,2,0,1,1,1,0,1,50,3,3,2,0,0,1,55.0,42.0,voiture,voiture,1,2,3,1,5
202200006127,2022-09-14 19:45:00,2022,9,14,19,45,28,28404,CHAPPEY (AVE MARC),48.73064,1.33983,Plein jour,En agglomération,Hors intersection,Normale,Deux véhicules - frontale,4,1,1,0,1,1,1,0,1,50,1,2,1,0,0,1,47.0,,voiture,,1,2,1,1,1
202200006128,2022-10-16 15:35:00,2022,10,16,15,35,75,75119,AVENUE DE LA PORTE CHAUMONT,48.886025,2.398121,Plein jour,En agglomération,Intersection en X,Normale,Autre collision,4,2,3,0,2,3,1,0,1,30,1,2,1,0,0,1,43.0,,deux_roues,,1,2,2,1,6
202200006129,2022-09-13 13:15:00,2022,9,13,13,15,25,25031,MAI 1945 (AVENUE DU 8),47.474002,6.860623,Plein jour,En agglomération,Autre intersection,Normale,Autre collision,6,-1, -1,0,1,1,1,0,3,50,1,2,1,0,0,1,64.0,,voiture,,1,2,9,1,6
202200006130,2022-10-16 10:10:00,2022,10,16,10,10,75,75117,AVENUE DE LA GRANDE ARMEE,48.876267,2.28721,Plein jour,En agglomération,Intersection en X,Normale,Deux véhicules - côté,4,1,3,0,1,1,1,0,1,30,2,2,1,0,0,1,49.0,,deux_roues,voiture,1,2,2,1,3
202200006131,2022-09-13 17:00:00,2022,9,13,17,0,21,21231,1ER MAI (PLACE),47.3151628998,5.0295893368,Plein jour,En agglomération,Giratoire,Normale,Deux véhicules - côté,4,2,0,0,1,2,1,0,1,50,2,2,0,0,1,1,21.0,29.0,deux_roues,deux_roues,1,2,6,1,3
202200006132,2022-10-16 12:40:00,2022,10,16,12,40,75,75115,QUAI BRANLY,48.855128,2.28943,Plein jour,En agglomération,Intersection en Y,Normale,Deux véhicules - côté,4,2,4,0,1,1,1,8,1,30,2,2,1,0,0,1,32.0,35.0,deux_roues,voiture,1,2,4,1,3
202200006133,2022-09-08 09:45:00,2022,9,8,9,45,21,21231,ARISTIDE BRIAND (AVENUE),47.3316447522,5.0500405493,Plein jour,En agglomération,Intersection en T,Normale,Deux véhicules - côté,4,2,2,1,1,1,1,0,1,50,2,2,1,0,1,0,48.0,56.0,deux_roues,voiture,1,2,3,1,3
202200006134,2022-10-16 17:25:00,2022,10,16,17,25,75,75112,BOULEVARD DIDEROT,48.848039,2.392853,Plein jour,En agglomération,Intersection en X,Normale,Deux véhicules - côté,4,2,2,0,2,1,1,0,1,30,2,2,1,0,0,1,21.0,46.0,deux_roues,voiture,1,2,2,1,3
202200006135,2022-09-14 00:35:00,2022,9,14,0,35,21,21054,GAULLE (AVENUE DU GENERAL DE),47.01535,4.83776,Nuit avec éclairage allumé,En agglomération,Giratoire,Temps couvert,Sans collision,4,3,1,0,1,3,1,0,1,50,1,1,0,0,0,1,22.0,,deux_roues,,5,2,6,8,7
202200006136,2022-09-12 18:20:00,2022,9,12,18,20,19,19031,MARBEAU (AVENUE FIRMIN),45.15522,1.52999,Plein jour,En agglomération,Intersection en X,Normale,Deux véhicules - côté,4,1,1,0,2,1,1,0,1,30,2,2,1,0,0,1,30.0,24.0,voiture,deux_roues,1,2,2,1,3
202200006137,2022-10-15 23:50:00,2022,10,15,23,50,94,94018,PARIS (R DE),48.82353,2.41058,Nuit avec éclairage allumé,En agglomération,Hors intersection,Pluie légère,Deux véhicules - côté,3,2,2,1,1,1,2,0,1,50,2,2,1,0,0,1,19.0,41.0,voiture,deux_roues,5,2,1,2,3
202200006138,2022-09-15 00:15:00,2022,9,15,0,15,14,14341,Boulevard du Stade,49.14851,-0.34519,Nuit avec éclairage allumé,En agglomération,Hors intersection,Normale,Autre collision,4,2,2,0,1,4,1,0,4,50,1,1,0,0,0,1,22.0,,voiture,,5,2,1,1,6
202200006139,2022-10-16 00:30:00,2022,10,16,0,30,94,94076,MAXIME GORKI (BD),48.7936,2.3691,Nuit avec éclairage allumé,En agglomération,Hors intersection,Pluie légère,Deux véhicules - côté,3,2,2,3,1,1,2,0,4,50,2,2,0,0,0,2,34.0,52.0,deux_roues,deux_roues,5,2,1,2,3
202200006140,2022-09-14 09:00:00,2022,9,14,9,0,13,13210,L ARMEE D AFRIQUE (CHEMIN DE L'),43.2867030817,5.4149633676,Plein jour,En agglomération,Hors intersection,Pluie légère,Deux véhicules - côté,4,2,2,0,1,1,2,0,1,50,3,3,2,0,0,1,48.0,,voiture,voiture,1,2,1,2,3
202200006141,2022-09-13 12:20:00,2022,9,13,12,20,03,03095,Rue Antoinette Mizon,46.13521,3.45278,Plein jour,En agglomération,Hors intersection,Normale,Deux véhicules - côté,4,2,2,0,1,2,1,0,1,50,2,2,1,0,1,0,83.0,33.0,voiture,deux_roues,1,2,1,1,3
202200006142,2022-10-16 21:20:00,2022,10,16,21,20,94,94041,MAURICE GUNSBOURG (R),48.81163,2.403085,Nuit avec éclairage allumé,En agglomération,Intersection en X,Normale,Deux véhicules - côté,3,1, -1,0,1,1,1,5,1,50,2,2,1,0,0,1,25.0,51.0,deux_roues,voiture,5,2,2,1,3
202200006143,2022-09-14 10:45:00,2022,9,14,10,45,75,75120,RUE MARYSE HILSZ,48.849986,2.412897,Plein jour,En agglomération,Intersection en T,Normale,Deux véhicules - côté,4,2,3,1,1,1,1,-1,5,30,2,2,1,0,0,1,28.0,38.0,voiture,deux_roues,1,2,3,1,3
202200006144,2022-10-16 10:40:00,2022,10,16,10,40,93,93051,Rue des Aerostiers / Boulevard du Ru de Nesles,48.83178,2.58408,Plein jour,En agglomération,Intersection en X,Normale,Deux véhicules - côté,3,2,3,0,1,1,1,0,1,50,2,2,1,0,0,1,23.0,52.0,utilitaire_camion,deux_roues,1,2,2,1,3
202200006145,2022-10-16 02:10:00,2022,10,16,2,10,93,93031,Avenue Jean Jaurès,48.9566376325,2.3200386238,Nuit avec éclairage allumé,En agglomération,Hors intersection,Normale,Autre collision,3,2,2,0,2,3,2,0,1,50,1,1,0,0,0,1,28.0,,utilitaire_camion,,5,2,1,1,6
202200006146,2022-09-14 21:05:00,2022,9,14,21,5,75,75119,RUE PETIT,48.886096,2.389855,Nuit avec éclairage allumé,En agglomération,Intersection en X,Normale,Deux véhicules - côté,4,1,1,0,1,3,1,0,1,30,2,3,1,0,0,2,31.0,20.0,utilitaire_camion,deux_roues,5,2,2,1,3
202200006147,2022-10-16 14:10:00,2022,10,16,14,10,93,93008,Rue Rene Camier,48.9104702561,2.4536612479,Plein jour,En agglomération,Hors intersection,Normale,Autre collision,4,1,2,0,1,3,1,0,1,50,1,2,1,0,0,1,67.0,,utilitaire_camion,,1,2,1,1,6
202200006148,2022-09-14 08:15:00,2022,9,14,8,15,75,75119,BOULEVARD DE LA VILLETTE,48.884177,2.368598,Plein jour,En agglomération,Intersection en X,Normale,Deux véhicules - côté,4,3,3,0,1,1,1,0,1,30,2,2,1,0,0,1,41.0,49.0,deux_roues,deux_roues,1,2,2,1,3
202200006149,2022-10-16 18:30:00,2022,10,16,18,30,92,92078,GALLIENI (BD) (1 A 79 ET 22 A 102),48.924930116,2.3254435658,Crépuscule ou aube,En agglomération,Intersection en X,Normale,Deux véhicules - côté,3,3,2,0,1,1,1,5,1,50,2,3,1,0,0,2,31.0,22.0,utilitaire_camion,voiture,2,2,2,1,3
202200006150,2022-09-14 11:45:00,2022,9,14,11,45,75,75117,AVENUE NIEL,48.881248,2.295546,Plein jour,En agglomération,Intersection à plus de 4 branches,Normale,Sans collision,4,2,3,0,1,1,1,0,1,30,1,1,0,0,0,1,44.0,,deux_roues,,1,2,5,1,7
202200006151,2022-10-16 10:25:00,2022,10,16,10,25,92,92072,GRANDE RUE,48.82426,2.21098,Plein jour,En agglomération,Intersection en T,Normale,Deux véhicules - côté,3,2,2,0,1,1,1,0,1,50,2,3,1,0,0,1,31.0,,transport_commun,voiture,1,2,3,1,3
202200006152,2022-09-13 16:47:00,2022,9,13,16,47,75,75116,AVENUE KLEBER,48.871273,2.293231,Plein jour,En agglomération,Intersection en T,Normale,Autre collision,4,2,3,0,1,1,1,0,1,30,1,2,1,0,0,1,40.0,,voiture,,1,2,3,1,6
202200006153,2022-10-15 15:30:00,2022,10,15,15,30,54,54089,D913,48.788318838,6.2792873382,Plein jour,Hors agglomération,Hors intersection,Pluie forte,Deux véhicules - côté,3,2,2,0,1,2,2,0,1,80,2,3,1,0,0,2,50.0,41.0,utilitaire_camion,voiture,1,1,1,3,3
202200006154,2022-09-12 18:23:00,2022,9,12,18,23,75,75116,BOULEVARD DELESSERT,48.859149,2.286996,Plein jour,En agglomération,Hors intersection,Normale,Deux véhicules - arrière,4,2,2,0,2,1,1,0,1,30,2,2,1,0,0,1,53.0,37.0,deux_roues,deux_roues,1,2,1,1,2
202200006155,2022-10-16 00:10:00,2022,10,16,0,10,40,40004,Route de Seignosse,43.661391,-1.372309,Nuit avec éclairage allumé,En agglomération,Intersection en X,Normale,Autre collision,4,2,2,0,1,3,1,5,3,50,1,1,0,1,0,0,26.0,,voiture,,5,2,2,1,6
202200006156,2022-09-13 00:30:00,2022,9,13,0,30,75,75115,RUE DE VAUGIRARD,48.840407,2.304247,Nuit avec éclairage allumé,En agglomération,Intersection en X,Normale,Deux véhicules - côté,4,2,4,0,1,1,1,0,1,30,2,2,0,0,0,2,60.0,29.0,deux_roues,deux_roues,5,2,2,1,3
202200006157,2022-10-17 07:00:00,2022,10,17,7,0,86,86239,D2,46.621328,0.704717,Nuit sans éclairage public,Hors agglomération,Hors intersection,Pluie légère,Deux véhicules - frontale,3,2,2,0,1,3,2,0,1,80,2,2,1,0,1,0,31.0,31.0,deux_roues,voiture,3,1,1,2,1
202200006158,2022-09-14 17:00:00,2022,9,14,17,0,75,75113,AVENUE DE FRANCE,48.830491,2.376596,Plein jour,En agglomération,Intersection en X,Normale,Deux véhicules - côté,4,3,2,1,1,1,1,-1,5,30,2,2,1,0,0,1,51.0,20.0,deux_roues,utilitaire_camion,1,2,2,1,3
202200006159,2022-10-14 08:00:00,2022,10,14,8,0,17,17142,D9,46.180321,-1.090404,Crépuscule ou aube,Hors agglomération,Giratoire,Pluie légère,Sans collision,3,1,2,0,1,2,2,0,1,80,1,1,0,0,1,0,47.0,,deux_roues,,2,1,6,2,7
202200006160,2022-09-14 14:50:00,2022,9,14,14,50,75,75110,AVENUE CLAUDE VELLEFAUX,48.872858,2.369954,Plein jour,En agglomération,Hors intersection,Normale,Deux véhicules - arrière,4,2,2,0,2,1,1,0,1,30,2,3,1,0,0,2,48.0,22.0,voiture,deux_roues,1,2,1,1,2
202200006161,2022-10-17 06:10:00,2022,10,17,6,10,26,26010,Route du Creux de la Thine,45.268816,4.847159,Crépuscule ou aube,Hors agglomération,Hors intersection,Normale,Deux véhicules - côté,3,2,2,0,1,2,1,0,1,70,2,2,0,2,0,0,20.0,53.0,voiture,deux_roues,2,1,1,1,3
202200006162,2022-09-13 12:17:00,2022,9,13,12,17,75,75108,BOULEVARD MALESHERBES,48.870721,2.322908,Plein jour,En agglomération,Intersection en T,Normale,Deux véhicules - côté,4,2,6,0,1,1,1,0,1,30,2,2,1,0,0,1,36.0,37.0,voiture,deux_roues,1,2,3,1,3
202200006163,2022-10-17 16:00:00,2022,10,17,16,0,50,50095,RUE DE LA VIRE,49.088585,-1.128931,Plein jour,Hors agglomération,Hors intersection,Normale,Deux véhicules - côté,3,2,2,0,2,1,2,0,1,80,2,3,1,0,0,2,75.0,81.0,voiture,voiture,1,1,1,1,3
202200006164,2022-09-14 22:57:00,2022,9,14,22,57,75,75102,RUE REAUMUR,48.868547,2.341908,Nuit avec éclairage allumé,En agglomération,Intersection en X,Normale,Deux véhicules - côté,4,1,3,3,1,1,1,-1,6,30,2,2,1,0,0,1,40.0,32.0,transport_commun,deux_roues,5,2,2,1,3
202200006165,2022-10-14 17:35:00,2022,10,14,17,35,57,57605,D955,48.956002,6.301281,Crépuscule ou aube,Hors agglomération,Intersection en T,Pluie forte,Deux véhicules - côté,3,2,2,0,3,1,2,0,1,80,2,3,2,0,1,0,28.0,29.0,voiture,voiture,2,1,3,3,3
202200006166,2022-09-14 12:20:00,2022,9,14,12,20,94,94003,Avenue Laplace,48.808494,2.331699,Plein jour,En agglomération,Autre intersection,Normale,Autre collision,3,3,2,3,1,1,1,9,1,30,1,2,0,0,0,2,13.0,,deux_roues,,1,2,9,1,6
202200006167,2022-10-16 00:20:00,2022,10,16,0,20,56,56014,La Croix des Nations,48.01122,-3.399617,Nuit avec éclairage allumé,Hors agglomération,Intersection en X,Pluie forte,Autre collision,3,2,2,0,1,3,2,0,3,80,1,2,0,0,1,1,17.0,,deux_roues,,5,1,2,3,6
202200006168,2022-10-17 17:25:00,2022,10,17,17,25,56,56141,Moulin du Resto D16,47.849324,-2.867126,Plein jour,Hors agglomération,Hors intersection,Pluie légère,Sans collision,3,2,2,0,1,3,2,0,3,70,1,1,0,0,1,0,35.0,,voiture,,1,1,1,2,7