accident_id,datetime,annee,mois,jour,heure,minute,departement,commune_insee,adresse,latitude,longitude,luminosite,agglomeration,intersection,meteo,collision,catr,circ,nbv,vosp,prof,plan,surf,infra,situ,vma,nb_vehicules,nb_usagers,nb_indemnes,nb_tues,nb_blesses_hosp,nb_blesses_legers,age_cond_1,age_cond_2,veh_type_cond_1,veh_type_cond_2,lum_code,agg_code,int_code,atm_code,col_code
202200006169,2022-09-14 10:30:00,2022,9,14,10,30,94,94076,PAUL VAILLANT COUTURIER (AV),48.79473,2.3624,Plein jour,En agglomération,Hors intersection,Normale,Sans collision,3,2,2,0,1,1,1,0,4,50,2,3,2,0,0,1,33.0,,voiture,deux_roues,1,2,1,1,7
202200006170,2022-10-16 16:00:00,2022,10,16,16,0,59,59587,786 Rue Saint Jean,50.8003656917,2.5797486305,Plein jour,Hors agglomération,Hors intersection,Normale,Sans collision,4,2,1,0,1,1,1,0,1,50,1,1,0,0,1,0,49.0,,deux_roues,,1,1,1,1,7
202200006171,2022-09-14 08:45:00,2022,9,14,8,45,94,94003,ARISTIDE BRIAND (AV),48.805813,2.325769,Plein jour,En agglomération,Autre intersection,Normale,Trois véhicules et plus - collisions multiples,3,1,3,0,1,1,1,0,1,50,4,4,2,0,0,2,48.0,29.0,voiture,utilitaire_camion,1,2,9,1,5
202200006172,2022-10-13 19:12:00,2022,10,13,19,12,65,65390,D7,43.371552,0.034649,Crépuscule ou aube,En agglomération,Intersection en Y,Normale,Deux véhicules - côté,3,2,2,0,2,3,1,2,1,50,2,3,2,0,0,1,53.0,62.0,deux_roues,voiture,2,2,4,1,3
202200006173,2022-09-14 14:35:00,2022,9,14,14,35,94,94041,COLONEL FABIEN - PONT D'IVRY (BD DU),48.81457,2.40934,Plein jour,En agglomération,Hors intersection,Normale,Sans collision,3,2,4,1,2,1,1,2,1,50,2,2,1,0,0,1,45.0,,deux_roues,voiture,1,2,1,1,7
202200006174,2022-10-15 11:15:00,2022,10,15,11,15,63,63122,D26,45.5009077495,3.0335837603,Plein jour,Hors agglomération,Hors intersection,Temps couvert,Deux véhicules - frontale,3,2,2,0,2,3,1,0,8,80,2,3,2,0,0,1,54.0,60.0,voiture,voiture,1,1,1,8,1
202200006175,2022-09-14 07:40:00,2022,9,14,7,40,94,94073,Rue de la Liberté,48.767267,2.389207,Plein jour,En agglomération,Hors intersection,Normale,Deux véhicules - côté,4,1,1,0,1,1,1,0,1,50,2,2,1,0,0,1,13.0,32.0,deux_roues,voiture,1,2,1,1,3
202200006176,2022-10-17 13:30:00,2022,10,17,13,30,34,34142,D609,43.697541,3.33817,Plein jour,Hors agglomération,Hors intersection,Pluie légère,Sans collision,3,2,2,0,1,3,2,0,1,90,1,1,0,0,0,1,40.0,,voiture,,1,1,1,2,7
202200006177,2022-09-14 02:32:00,2022,9,14,2,32,94,94071,Rue Jean Moulin / Rue des Champs Saint-denis,48.77491,2.51274,Nuit avec éclairage allumé,En agglomération,Intersection en T,Normale,Deux véhicules - côté,3,2,2,0,2,1,1,0,1,50,2,2,0,0,0,2,25.0,46.0,voiture,voiture,5,2,3,1,3
202200006178,2022-10-14 08:15:00,2022,10,14,8,15,22,22293,D65,48.645152,-3.096321,Crépuscule ou aube,Hors agglomération,Hors intersection,Pluie légère,Deux véhicules - frontale,3,2,2,0,1,1,2,0,1,80,2,2,1,0,1,0,52.0,88.0,utilitaire_camion,voiture,2,1,1,2,1
202200006179,2022-09-14 07:50:00,2022,9,14,7,50,93,93064,Avenue du Général de Gaulle,48.8793836326,2.4781861217,Plein jour,En agglomération,Hors intersection,Temps couvert,Deux véhicules - côté,3,2,3,1,1,1,1,5,1,50,2,2,1,0,0,1,34.0,21.0,voiture,deux_roues,1,2,1,8,3
202200006180,2022-09-14 16:15:00,2022,9,14,16,15,93,93077,Boulevard d'Aulnay,48.8968046368,2.505853818,Plein jour,En agglomération,Hors intersection,Normale,Autre collision,4,3,2,3,1,1,1,0,1,50,1,2,1,0,0,1,30.0,,voiture,,1,2,1,1,6
202200006181,2022-10-15 18:35:00,2022,10,15,18,35,25,25040,rue de delle,47.503457,6.93939,Crépuscule ou aube,En agglomération,Intersection en T,Normale,Deux véhicules - côté,3,2,2,0,2,1,1,0,1,50,2,2,1,0,1,0,28.0,21.0,deux_roues,voiture,2,2,3,1,3
202200006182,2022-09-14 20:11:00,2022,9,14,20,11,93,93055,Avenue Jean Jaurès,48.91018,2.39925,Nuit avec éclairage allumé,En agglomération,Hors intersection,Normale,Autre collision,3,3,4,1,1,1,1,0,5,50,1,2,1,0,1,0,36.0,,voiture,,5,2,1,1,6
202200006183,2022-10-12 15:00:00,2022,10,12,15,0,29,29196,Lieu Dit Coz Ribin,48.522414,-4.58867,Plein jour,Hors agglomération,Hors intersection,Normale,Trois véhicules et plus - collisions multiples,3,2,2,0,1,3,1,0,1,80,3,3,2,0,0,1,52.0,37.0,voiture,utilitaire_camion,1,1,1,1,5
202200006184,2022-09-14 16:30:00,2022,9,14,16,30,93,93051,Allée de Maintenon / Boulevard Paul Pambrun,48.84969,2.55788,Plein jour,En agglomération,Intersection en X,Normale,Autre collision,3,3,5,-1,1,1,1,0,1,-1,1,2,1,0,1,0,48.0,,voiture,,1,2,2,1,6
202200006185,2022-10-15 09:35:00,2022,10,15,9,35,84,84089,1524 Avenue Pierre Augier,43.688261,5.52509,Plein jour,En agglomération,Intersection en T,Normale,,4,2,2,0,3,1,1,0,1,50,1,1,0,0,0,1,55.0,,voiture,,1,2,3,1,-1
202200006186,2022-09-14 21:03:00,2022,9,14,21,3,93,93050,Rue Paul et Camille Thomoux / Rue Gaston Navailles,48.8687902792,2.5286728152,Nuit avec éclairage allumé,En agglomération,Intersection en T,Normale,Deux véhicules - côté,3,2,3,0,1,1,1,0,1,50,2,2,1,0,0,1,31.0,35.0,deux_roues,voiture,5,2,3,1,3
202200006187,2022-10-14 07:50:00,2022,10,14,7,50,03,03114,RN 7,46.406824,3.353266,Crépuscule ou aube,Hors agglomération,Hors intersection,Pluie légère,Deux véhicules - côté,2,2,2,0,2,2,2,0,1,80,2,2,1,0,0,1,23.0,56.0,utilitaire_camion,utilitaire_camion,2,1,1,2,3
202200006188,2022-09-14 07:00:00,2022,9,14,7,0,93,93030,Avenue du Maréchal Leclerc de Hautecloque / Rond Point de la Luzerniere,48.94346,2.41915,Plein jour,En agglomération,Giratoire,Normale,Autre collision,3,3,2,1,1,1,1,0,1,50,1,1,0,0,0,1,22.0,,voiture,,1,2,6,1,6
202200006189,2022-09-14 10:49:00,2022,9,14,10,49,93,93001,LOUIS GIRARD (RUE),48.9034701,2.377916431,Plein jour,En agglomération,Hors intersection,Normale,Deux véhicules - côté,6,-1, -1,0,1,1,1,1,8,30,2,2,1,0,0,1,39.0,49.0,voiture,deux_roues,1,2,1,1,3
202200006190,2022-10-16 21:30:00,2022,10,16,21,30,01,01038,Route de la Vavre,46.312679,5.304503,Nuit sans éclairage public,Hors agglomération,Hors intersection,Normale,Deux véhicules - côté,3,2,3,0,3,3,1,0,1,80,2,2,0,1,1,0,30.0,54.0,voiture,utilitaire_camion,3,1,1,1,3
202200006191,2022-09-14 09:22:00,2022,9,14,9,22,93,93001,Quai Adrien Agnès,48.9187923611,2.3690892704,Plein jour,En agglomération,Hors intersection,Temps éblouissant,Autre collision,3,2,2,1,1,1,2,8,1,50,1,2,1,0,0,1,24.0,,voiture,,1,2,1,7,6
202200006192,2022-09-14 13:40:00,2022,9,14,13,40,92,92063,SOLFERINO (BOULEVARD),48.87374,2.18283,Plein jour,En agglomération,Hors intersection,Normale,Autre collision,3,2,2,0,2,1,1,0,1,50,1,3,1,0,1,1,25.0,,voiture,,1,2,1,1,6
202200006193,2022-09-14 12:40:00,2022,9,14,12,40,92,92051,LONGCHAMP (RUE DE),48.88047,2.25386,Plein jour,En agglomération,Hors intersection,Normale,Deux véhicules - côté,4,2,2,0,1,1,1,0,1,50,2,2,1,0,0,1,51.0,32.0,voiture,deux_roues,1,2,1,1,3
202200006194,2022-10-15 18:45:00,2022,10,15,18,45,58,58204,D26,47.0728050561,3.2803075338,Nuit sans éclairage public,Hors agglomération,Hors intersection,Pluie légère,Sans collision,3,2,2,0,1,1,2,0,1,80,1,1,0,0,1,0,50.0,,voiture,,3,1,1,2,7
202200006195,2022-10-14 17:50:00,2022,10,14,17,50,66,66160,,42.498207,2.710576,Plein jour,Hors agglomération,Hors intersection,Normale,Sans collision,3,2,2,0,1,3,9,0,1,80,1,1,0,0,0,1,25.0,,deux_roues,,1,1,1,1,7
202200006196,2022-09-14 10:30:00,2022,9,14,10,30,92,92051,GENERAL GOURAUD (PLACE),48.886336,2.261774,Plein jour,En agglomération,Hors intersection,Normale,Autre collision,4,-1,2,0,1,1,1,9,8,50,1,2,1,0,0,1,22.0,,transport_commun,,1,2,1,1,6
202200006197,2022-10-17 11:48:00,2022,10,17,11,48,54,54312,1 Rue Saint-denis,48.933221,6.103361,Plein jour,En agglomération,Hors intersection,Normale,Autre collision,3,2,2,0,1,1,1,0,4,30,1,1,0,1,0,0,54.0,,deux_roues,,1,2,1,1,6
202200006198,2022-09-14 20:30:00,2022,9,14,20,30,92,92050,JOFFRE MARECHAL AVENUE DU,48.8854268487,2.1960505843,Nuit avec éclairage allumé,En agglomération,Intersection en T,Normale,Deux véhicules - côté,3,2,2,0,1,1,1,0,1,50,2,2,1,0,0,1,26.0,21.0,voiture,deux_roues,5,2,3,1,3
202200006199,2022-10-15 16:30:00,2022,10,15,16,30,50,50550,D534,49.111931,-1.466256,Plein jour,Hors agglomération,Hors intersection,Normale,Autre collision,3,2,2,0,1,1,1,0,1,80,1,2,1,0,1,0,61.0,,voiture,,1,1,1,1,6
202200006200,2022-09-14 12:15:00,2022,9,14,12,15,92,92049,BRIAND AVENUE ARISTIDE N°2 A 114,48.817188,2.325705,Plein jour,En agglomération,Hors intersection,Normale,Deux véhicules - arrière,3,1,3,2,1,1,1,6,1,50,2,5,3,0,0,2,40.0,29.0,utilitaire_camion,utilitaire_camion,1,2,1,1,2
202200006201,2022-09-14 09:50:00,2022,9,14,9,50,92,92044,J. GUESDE(RUE)153+ ET 160+,48.9004494705,2.286488235,Plein jour,En agglomération,Intersection en X,Normale,Sans collision,4,1,1,0,1,1,2,0,1,30,1,1,0,0,0,1,22.0,,deux_roues,,1,2,2,1,7
202200006202,2022-09-13 13:50:00,2022,9,13,13,50,92,92036,PIERRE TIMBAUD (RUE) (PAIRS),48.9331493373,2.3026801944,Plein jour,En agglomération,Giratoire,Normale,Deux véhicules - côté,3,1,3,0,1,2,1,5,1,50,2,2,1,0,0,1,21.0,32.0,voiture,deux_roues,1,2,6,1,3
202200006203,2022-10-15 16:20:00,2022,10,15,16,20,64,64461,rd 817,43.530948,-0.922444,Plein jour,En agglomération,Hors intersection,Normale,Trois véhicules et plus - en chaîne,3,2,2,0,2,1,1,0,1,50,4,4,3,0,1,0,34.0,49.0,voiture,voiture,1,2,1,1,4
202200006204,2022-10-13 07:35:00,2022,10,13,7,35,18,18216,,46.761973,2.125897,Crépuscule ou aube,Hors agglomération,Hors intersection,Normale,Sans collision,3,2,2,0,1,1,1,0,3,90,1,1,0,1,0,0,74.0,,voiture,,2,1,1,1,7
202200006205,2022-09-14 09:20:00,2022,9,14,9,20,92,92026,NEUILLY DEFENSE (RESIDENCE),48.888805692,2.2483654618,Plein jour,En agglomération,Hors intersection,Pluie légère,Deux véhicules - côté,4,1,2,1,1,1,2,0,5,50,2,2,1,0,0,1,27.0,45.0,voiture,deux_roues,1,2,1,2,3
202200006206,2022-10-16 18:15:00,2022,10,16,18,15,43,43221,D589,44.992597,3.693831,Plein jour,Hors agglomération,Hors intersection,Normale,Autre collision,3,2,2,0,2,1,1,0,1,90,1,1,0,1,0,0,26.0,,deux_roues,,1,1,1,1,6
202200006207,2022-09-14 17:57:00,2022,9,14,17,57,92,92024,GENERAL ROGUET (RUE DU) DE (1 A 57)   (2,48.907363,2.312938,Plein jour,En agglomération,Hors intersection,Normale,Trois véhicules et plus - en chaîne,3,2,2,0,1,1,1,0,1,50,3,3,2,0,0,1,17.0,23.0,deux_roues,deux_roues,1,2,1,1,4
202200006208,2022-10-17 06:50:00,2022,10,17,6,50,40,40303,intersection de la RD44 et RD402,44.145031,-0.89678,Nuit sans éclairage public,Hors agglomération,Intersection en X,Pluie légère,Deux véhicules - côté,3,2,2,0,1,1,2,0,1,80,2,2,1,0,0,1,55.0,38.0,utilitaire_camion,voiture,3,1,2,2,3
202200006209,2022-09-12 18:15:00,2022,9,12,18,15,92,92004,HENRI POINCARE,48.9323068949,2.2765227556,Plein jour,En agglomération,Hors intersection,Normale,Autre collision,4,2,2,0,1,1,1,0,1,50,1,2,1,0,0,1,23.0,,voiture,,1,2,1,1,6
202200006210,2022-10-08 11:00:00,2022,10,8,11,0,24,24222,Rue du Breil,44.874193,0.373318,Plein jour,En agglomération,Hors intersection,Normale,Sans collision,3,2,2,0,1,1,1,0,3,50,1,1,0,0,1,0,43.0,,deux_roues,,1,2,1,1,7
202200006211,2022-09-14 16:48:00,2022,9,14,16,48,67,67225,INTERSECTION D7/D91,48.80457,7.53071,Plein jour,Hors agglomération,Intersection en T,Temps couvert,Deux véhicules - côté,3,2,2,0,1,1,1,5,1,80,2,2,1,0,1,0,20.0,22.0,voiture,utilitaire_camion,1,1,3,8,3
202200006212,2022-10-16 08:20:00,2022,10,16,8,20,87,87101,Rue de l'Echauguette,46.044031,0.949802,Plein jour,Hors agglomération,Autre intersection,Normale,Sans collision,3,2,2,0,1,2,1,0,1,80,1,1,0,0,1,0,42.0,,voiture,,1,1,9,1,7
202200006213,2022-09-13 13:45:00,2022,9,13,13,45,42,42032,Route du Val Fleury,45.522684,4.497002,Plein jour,Hors agglomération,Hors intersection,Normale,Deux véhicules - frontale,7,2,2,0,2,3,1,0,1,80,2,2,1,0,1,0,43.0,23.0,deux_roues,voiture,1,1,1,1,1
202200006214,2022-10-16 18:10:00,2022,10,16,18,10,87,87017,RN145 - PK0 - Rond point des Gatines,46.125735,1.074539,Plein jour,Hors agglomération,Giratoire,Normale,Sans collision,2,1,1,0,1,3,1,5,1,-1,1,1,0,0,1,0,41.0,,deux_roues,,1,1,6,1,7
202200006215,2022-09-14 15:25:00,2022,9,14,15,25,61,61181,A28,48.784281,0.319446,Plein jour,Hors agglomération,Hors intersection,Normale,Deux véhicules - arrière,1,3,4,0,2,1,1,0,1,130,2,2,1,0,0,1,37.0,55.0,utilitaire_camion,utilitaire_camion,1,1,1,1,2
202200006216,2022-10-16 06:45:00,2022,10,16,6,45,52,52438,Nationale 19,47.8095587826,5.5473725588,Nuit sans éclairage public,Hors agglomération,Hors intersection,Normale,Sans collision,2,2,2,0,1,2,9,0,8,80,1,4,2,1,0,1,33.0,,voiture,,3,1,1,1,7
202200006217,2022-09-14 18:12:00,2022,9,14,18,12,57,57179,Z.I. Les Carrières (Zone industrielle),49.33554,6.261928,Plein jour,En agglomération,Hors intersection,Normale,Sans collision,4,2,2,0,1,1,1,0,1,30,1,1,0,0,1,0,16.0,,deux_roues,,1,2,1,1,7
202200006218,2022-10-16 00:45:00,2022,10,16,0,45,52,52197,Rue Jean Brugnon,47.781329,5.600549,Nuit avec éclairage non allumé,En agglomération,Hors intersection,Normale,Autre collision,3,2,2,0,2,1,1,0,1,50,1,1,0,0,1,0,20.0,,voiture,,4,2,1,1,6
202200006219,2022-09-15 10:10:00,2022,9,15,10,10,74,74103,D199,45.907099,6.646106,Plein jour,Hors agglomération,Hors intersection,Temps couvert,Autre collision,3,2,2,0,2,2,1,0,1,-1,1,1,0,0,1,0,84.0,,voiture,,1,1,1,8,6
202200006220,2022-10-15 19:26:00,2022,10,15,19,26,987,98738,Pk 14+700 RT1 sens PAEA/PAPEETE,-17.618,-149.549,Nuit avec éclairage allumé,Hors agglomération,Hors intersection,Normale,Autre collision,2,2,2,0,1,1,1,0,1,60,1,2,1,1,0,0,39.0,,voiture,,5,1,1,1,6
202200006221,2022-08-16 16:40:00,2022,8,16,16,40,74,74256,Route de meribel,45.94767,6.644733,Plein jour,En agglomération,Hors intersection,Normale,Deux véhicules - frontale,4,2,2,0,2,3,1,0,1,50,2,2,1,0,0,1,43.0,77.0,utilitaire_camion,voiture,1,2,1,1,1
202200006222,2022-10-16 07:10:00,2022,10,16,7,10,33,33126,Autoroute A10 - PK 516.850,45.095214,-0.474807,Nuit sans éclairage public,Hors agglomération,Hors intersection,Normale,Autre collision,1,3,4,0,1,1,1,0,2,110,1,2,0,0,1,1,20.0,,voiture,,3,1,1,1,6
202200006223,2022-09-15 04:05:00,2022,9,15,4,5,76,76574,Route départementale 22,49.710564,1.096315,Nuit sans éclairage public,Hors agglomération,Hors intersection,Brouillard / fumée,Autre collision,3,2,2,0,1,3,2,0,1,80,1,3,0,0,0,3,48.0,,voiture,,3,1,1,5,6
202200006224,2022-10-17 16:35:00,2022,10,17,16,35,57,57468,"N4, PR 032+550",48.765807,7.233982,Plein jour,Hors agglomération,Hors intersection,Normale,Deux véhicules - arrière,2,3,4,0,1,3,1,2,1,110,2,2,1,1,0,0,23.0,40.0,utilitaire_camion,deux_roues,1,1,1,1,2
202200006225,2022-09-14 21:00:00,2022,9,14,21,0,63,63364,RD 2089 PK 26+380,45.8266286279,3.4527379274,Nuit sans éclairage public,Hors agglomération,Hors intersection,Pluie légère,Deux véhicules - côté,3,2,2,0,4,2,2,0,1,90,2,3,0,1,2,0,50.0,22.0,voiture,voiture,3,1,1,2,3
202200006226,2022-10-16 03:25:00,2022,10,16,3,25,38,38193,A43 - PK 030+200,45.612124,5.216607,Nuit sans éclairage public,Hors agglomération,Hors intersection,Normale,Deux véhicules - arrière,1,3,3,0,1,1,1,0,1,130,2,2,1,0,1,0,31.0,31.0,voiture,voiture,3,1,1,1,2
202200006227,2022-09-13 15:55:00,2022,9,13,15,55,61,61394,Les Grandes Courbes,48.26678,0.600053,Plein jour,Hors agglomération,Hors intersection,Normale,Autre collision,3,2,2,0,1,2,1,0,1,90,1,1,0,0,0,1,18.0,,voiture,,1,1,1,1,6
202200006228,2022-09-14 20:50:00,2022,9,14,20,50,61,61043,D955,48.341653,0.756232,Nuit sans éclairage public,Hors agglomération,Hors intersection,Pluie légère,Autre collision,3,2,2,0,3,1,2,0,1,90,1,1,0,1,0,0,63.0,,voiture,,3,1,1,2,6
202200006229,2022-09-15 18:13:00,2022,9,15,18,13,61,61187,D930 SENS SOLIGNY LA TRAPPE -  LES ASPRES APRES LES CARREFOUR D930 / D 298,48.660766,0.584239,Plein jour,Hors agglomération,Hors intersection,Normale,Sans collision,3,2,2,0,1,1,1,0,3,90,1,1,0,0,1,0,61.0,,voiture,,1,1,1,1,7
202200006230,2022-10-16 22:49:00,2022,10,16,22,49,60,60494,A1,49.129302,2.558827,Nuit sans éclairage public,Hors agglomération,Hors intersection,Normale,Deux véhicules - arrière,1,3,3,0,1,1,1,0,1,130,2,7,4,0,1,2,20.0,22.0,voiture,voiture,3,1,1,1,2
202200006231,2022-09-15 06:10:00,2022,9,15,6,10,61,61101,le bourg,48.679192,0.122169,Nuit sans éclairage public,En agglomération,Hors intersection,Brouillard / fumée,Autre collision,3,2,2,0,1,2,1,0,3,50,1,1,0,0,1,0,21.0,,deux_roues,,3,2,1,5,6
202200006232,2022-10-16 20:45:00,2022,10,16,20,45,987,98729,PK 15+500 RT 91- Plage de Mareto,-17.577,-150.202,Nuit sans éclairage public,En agglomération,Hors intersection,Normale,,2,2,2,2,1,1,1,0,3,60,1,1,0,0,1,0,51.0,,voiture,,3,2,1,1,-1
202200006233,2022-09-14 18:50:00,2022,9,14,18,50,49,49248,Rue gustave lariviere,47.71933,-0.985808,Plein jour,En agglomération,Intersection en T,Normale,Deux véhicules - côté,4,2,2,0,2,4,1,0,1,80,2,3,2,0,0,1,35.0,30.0,voiture,voiture,1,2,3,1,3
202200006234,2022-10-16 08:40:00,2022,10,16,8,40,987,98747,PK 9+700 RT 4 / PUEU,-17.756,-148.736,Plein jour,En agglomération,Hors intersection,Normale,Deux véhicules - frontale,2,2,2,0,1,1,1,0,1,60,3,4,2,0,1,1,73.0,79.0,voiture,voiture,1,2,1,1,1
202200006235,2022-08-29 16:30:00,2022,8,29,16,30,49,49054,D923,47.555087,-1.048363,Plein jour,Hors agglomération,Giratoire,Normale,Sans collision,3,-1,1,0,1,2,1,0,1,80,2,2,1,0,0,1,71.0,44.0,voiture,deux_roues,1,1,6,1,7
202200006236,2022-10-17 14:37:00,2022,10,17,14,37,83,83099,,43.451022,6.692535,Plein jour,En agglomération,Hors intersection,Normale,Autre collision,3,3,4,0,1,1,1,6,1,50,1,2,1,0,1,0,31.0,,utilitaire_camion,,1,2,1,1,6
202200006237,2022-06-09 13:15:00,2022,6,9,13,15,34,34130,RD 909,43.528432,3.185692,Plein jour,Hors agglomération,Hors intersection,Normale,Autre collision,3,2,2,0,2,1,1,0,2,80,1,2,0,0,2,0,79.0,,voiture,,1,1,1,1,6
202200006238,2022-10-14 07:00:00,2022,10,14,7,0,70,70250,1 Rue Messire,47.750675,6.459489,Crépuscule ou aube,En agglomération,Hors intersection,Normale,Autre collision,4,2,2,0,1,3,1,0,1,50,1,2,1,0,1,0,36.0,,utilitaire_camion,,2,2,1,1,6
202200006239,2022-09-08 18:00:00,2022,9,8,18,0,44,44131,1 Rue Jules Ferry,47.119381,-2.090806,Plein jour,Hors agglomération,Hors intersection,Normale,Autre collision,4,-1,2,1,2,1,1,0,5,50,3,3,1,0,0,2,15.0,15.0,deux_roues,deux_roues,1,1,1,1,6
202200006240,2022-10-17 08:00:00,2022,10,17,8,0,71,71275,ZI Saint Nizier,46.276648,4.033581,Plein jour,En agglomération,Giratoire,Normale,Deux véhicules - côté,3,-1,2,0,1,2,1,0,1,50,2,2,1,0,1,0,61.0,61.0,voiture,deux_roues,1,2,6,1,3
202200006241,2022-09-14 21:02:00,2022,9,14,21,2,31,31502,D5,43.198825,0.733209,Nuit sans éclairage public,Hors agglomération,Hors intersection,Normale,Autre collision,3,2,2,0,2,1,1,8,3,80,1,2,0,0,2,0,27.0,,voiture,,3,1,1,1,6
202200006242,2022-10-16 16:40:00,2022,10,16,16,40,71,71150,711 Route de Dracé,46.235242,4.778841,Plein jour,En agglomération,Hors intersection,Normale,Autre collision,4,-1,2,0,1,1,1,0,1,50,1,1,0,0,1,0,15.0,,deux_roues,,1,2,1,1,6
202200006243,2022-09-14 11:49:00,2022,9,14,11,49,01,01100,D1504,45.81914,5.624228,Plein jour,Hors agglomération,Hors intersection,Normale,Deux véhicules - arrière,3,2,2,0,2,4,2,0,1,70,2,2,1,0,1,0,72.0,55.0,transport_commun,voiture,1,1,1,1,2
202200006244,2022-10-17 07:40:00,2022,10,17,7,40,26,26038,Route de Pont,45.027568,4.923484,Crépuscule ou aube,Hors agglomération,Intersection en T,Normale,Deux véhicules - côté,3,2,2,0,3,1,1,0,1,80,2,2,1,0,1,0,49.0,60.0,deux_roues,voiture,2,1,3,1,3
202200006245,2022-09-13 19:50:00,2022,9,13,19,50,01,01159,Rue Basse,46.332958,4.889377,Crépuscule ou aube,En agglomération,Intersection en X,Normale,Deux véhicules - côté,4,2,2,0,1,1,1,0,1,50,2,3,1,0,2,0,33.0,16.0,voiture,deux_roues,2,2,2,1,3
202200006246,2022-10-17 08:30:00,2022,10,17,8,30,26,26206,D125,44.839952,4.991854,Plein jour,Hors agglomération,Autre intersection,Normale,Deux véhicules - côté,3,2,2,0,1,1,1,0,1,70,2,2,1,0,1,0,22.0,56.0,autre,deux_roues,1,1,9,1,3
202200006247,2022-09-14 18:24:00,2022,9,14,18,24,72,72080,D323,48.162058,0.641346,Plein jour,Hors agglomération,Hors intersection,Normale,Autre collision,3,4,1,0,1,1,1,0,1,90,2,2,1,0,0,1,28.0,45.0,voiture,deux_roues,1,1,1,1,6
202200006248,2022-09-15 10:15:00,2022,9,15,10,15,72,72051,Face au 174 Rue Nationale,47.824818,0.073316,Plein jour,En agglomération,Autre intersection,Normale,Deux véhicules - arrière,3,2,2,0,2,1,1,0,1,50,2,2,1,0,1,0,22.0,70.0,deux_roues,voiture,1,2,9,1,2
202200006249,2022-09-14 17:15:00,2022,9,14,17,15,50,50484,La Maucrais - ST MARTIN DE LANDELLES,48.551217,-1.182382,Plein jour,Hors agglomération,Hors intersection,Normale,Deux véhicules - frontale,3,2,2,0,1,1,1,0,1,80,2,2,1,0,1,0,48.0,68.0,deux_roues,voiture,1,1,1,1,1
202200006250,2022-09-14 13:15:00,2022,9,14,13,15,83,83056,RD54 Route de La Motte,43.546145,6.534918,Plein jour,Hors agglomération,Hors intersection,Pluie légère,Deux véhicules - frontale,3,2,2,0,1,1,2,0,1,80,2,2,1,0,0,1,36.0,61.0,voiture,voiture,1,1,1,2,1
202200006251,2022-10-16 11:30:00,2022,10,16,11,30,33,33322,Allée de Geneste,44.9439,-0.678765,Plein jour,Hors agglomération,Hors intersection,Normale,Autre collision,4,2,2,0,1,1,1,0,3,50,1,1,0,0,0,1,18.0,,voiture,,1,1,1,1,6
202200006252,2022-09-15 13:15:00,2022,9,15,13,15,09,09235,cd117 - pk 99+100,43.030988,1.01866,Plein jour,Hors agglomération,Hors intersection,Normale,Sans collision,3,2,2,0,1,1,1,0,3,80,1,2,0,0,2,0,64.0,,voiture,,1,1,1,1,7
202200006253,2022-09-14 08:09:00,2022,9,14,8,9,45,45167,D3 PR 10 + 660,47.9191071604,1.698038532,Plein jour,Hors agglomération,Hors intersection,Normale,Sans collision,3,2,2,0,1,2,2,0,1,80,1,1,0,0,1,0,20.0,,voiture,,1,1,1,1,7
202200006254,2022-10-16 18:20:00,2022,10,16,18,20,85,85155,Mouilleron-le-Captif,46.7222016,-1.4301323,Plein jour,Hors agglomération,Hors intersection,Normale,Sans collision,3,3,4,0,1,1,1,0,3,-1,1,3,1,0,0,2,28.0,,voiture,,1,1,1,1,7
202200006255,2022-10-15 17:45:00,2022,10,15,17,45,50,50099,Rue du Pont,49.30275,-1.231554,Plein jour,En agglomération,Giratoire,Normale,Deux véhicules - côté,3,-1,1,0,1,1,1,0,1,50,2,2,1,0,1,0,83.0,21.0,voiture,deux_roues,1,2,6,1,3
202200006256,2022-09-15 18:25:00,2022,9,15,18,25,43,43162,D9,45.236595,3.993165,Plein jour,Hors agglomération,Hors intersection,Temps couvert,Deux véhicules - frontale,3,2,2,0,2,3,2,0,1,90,2,3,0,1,2,0,23.0,51.0,voiture,voiture,1,1,1,8,1
202200006257,2022-09-08 16:00:00,2022,9,8,16,0,43,43012,Route de Firminy,45.3795089869,4.2211688197,Plein jour,Hors agglomération,Hors intersection,Normale,Deux véhicules - arrière,3,2,2,0,1,1,1,0,1,90,2,2,1,0,0,1,49.0,32.0,voiture,voiture,1,1,1,1,2
202200006258,2022-09-15 10:05:00,2022,9,15,10,5,43,43122,D.13 - Chadernac,45.156372,3.761712,Plein jour,Hors agglomération,Intersection en X,Temps éblouissant,Deux véhicules - côté,3,2,2,0,1,1,1,0,1,80,2,3,0,1,1,1,63.0,51.0,voiture,utilitaire_camion,1,1,2,7,3
202200006259,2022-10-15 17:35:00,2022,10,15,17,35,14,14046,D513,49.22663,-0.216283,Plein jour,Hors agglomération,Intersection en X,Normale,Trois véhicules et plus - collisions multiples,3,2,2,0,1,1,1,0,1,70,3,7,6,0,0,1,42.0,56.0,voiture,voiture,1,1,2,1,5
202200006260,2022-09-14 10:30:00,2022,9,14,10,30,10,10334,D619,48.495848,3.532136,Plein jour,Hors agglomération,Hors intersection,Normale,Deux véhicules - côté,3,2,2,0,2,1,1,0,1,90,3,3,2,0,1,0,59.0,27.0,voiture,voiture,1,1,1,1,3