accident_id,datetime,annee,mois,jour,heure,minute,departement,commune_insee,adresse,latitude,longitude,luminosite,agglomeration,intersection,meteo,collision,catr,circ,nbv,vosp,prof,plan,surf,infra,situ,vma,nb_vehicules,nb_usagers,nb_indemnes,nb_tues,nb_blesses_hosp,nb_blesses_legers,age_cond_1,age_cond_2,veh_type_cond_1,veh_type_cond_2,lum_code,agg_code,int_code,atm_code,col_code
202200006261,2022-09-11 15:00:00,2022,9,11,15,0,07,07294,510 rte departementale 901,44.294213,4.26055,Plein jour,En agglomération,Hors intersection,Normale,Autre collision,3,2,2,0,2,4,1,0,1,80,1,1,0,0,1,0,75.0,,deux_roues,,1,2,1,1,6
202200006262,2022-10-17 14:40:00,2022,10,17,14,40,56,56146,Bel Air,48.101356,-2.980471,Plein jour,Hors agglomération,Hors intersection,Pluie légère,Autre collision,3,2,2,0,1,3,2,0,3,80,1,4,0,1,1,2,31.0,,voiture,,1,1,1,2,6
202200006263,2022-09-14 19:40:00,2022,9,14,19,40,87,87154,46 Rue Lucien Dumas,45.889118,0.902225,Plein jour,En agglomération,Hors intersection,Normale,Autre collision,4,1,2,0,2,1,1,0,1,20,1,2,1,0,1,0,50.0,,voiture,,1,2,1,1,6
202200006264,2022-10-15 18:19:00,2022,10,15,18,19,22,22081,Rue du Haut du Bois,48.518077,-2.642418,Crépuscule ou aube,En agglomération,Hors intersection,Normale,Deux véhicules - côté,3,2,2,0,2,1,1,0,1,50,2,2,1,0,0,1,26.0,52.0,voiture,deux_roues,2,2,1,1,3
202200006265,2022-10-11 17:30:00,2022,10,11,17,30,60,60175,D1016,49.243894,2.474665,Plein jour,Hors agglomération,Hors intersection,Normale,Trois véhicules et plus - en chaîne,3,3,4,0,1,1,1,0,5,90,3,4,3,0,0,1,33.0,39.0,voiture,voiture,1,1,1,1,4
202200006266,2022-09-14 19:00:00,2022,9,14,19,0,973,97307,Route de Stoupan,4.789971,-52.354058,Nuit sans éclairage public,Hors agglomération,Hors intersection,Normale,Deux véhicules - côté,3,2,2,0,1,3,1,0,8,80,2,4,2,0,1,1,26.0,40.0,voiture,deux_roues,3,1,1,1,3
202200006267,2022-09-15 17:10:00,2022,9,15,17,10,988,98821,RT1 - PORT-LAGUERRE,-22.11251,166.32501,Plein jour,Hors agglomération,Hors intersection,Normale,Deux véhicules - frontale,2,2,2,0,1,1,1,0,1,90,2,2,1,1,0,0,45.0,46.0,voiture,transport_commun,1,1,1,1,1
202200006268,2022-09-15 09:15:00,2022,9,15,9,15,06,06004,A8,43.602895,7.07453,Plein jour,Hors agglomération,Hors intersection,Normale,Deux véhicules - arrière,1,3,3,0,1,1,1,0,1,110,2,3,1,0,0,2,30.0,44.0,utilitaire_camion,utilitaire_camion,1,1,1,1,2
202200006269,2022-10-16 11:15:00,2022,10,16,11,15,59,59256,rue du chemin vert,50.579067,3.137809,Plein jour,En agglomération,Intersection en X,Normale,Deux véhicules - côté,4,2,2,0,1,1,1,0,1,50,2,2,1,0,1,0,22.0,58.0,utilitaire_camion,deux_roues,1,2,2,1,3
202200006270,2022-09-15 07:45:00,2022,9,15,7,45,38,38530,A43 pk 027+000,45.621031,5.183809,Plein jour,Hors agglomération,Hors intersection,Temps couvert,Deux véhicules - arrière,1,3,5,0,1,1,2,0,1,130,2,2,1,0,0,1,24.0,46.0,utilitaire_camion,voiture,1,1,1,8,2
202200006271,2022-09-14 12:15:00,2022,9,14,12,15,988,98831,RT1 sortie Nord de Temala,-20.88402,164.65455,Plein jour,Hors agglomération,Hors intersection,Normale,Autre collision,2,2,2,0,1,1,9,8,1,70,1,1,0,0,1,0,87.0,,voiture,,1,1,1,1,6
202200006272,2022-09-15 02:00:00,2022,9,15,2,0,77,77191,D408,48.55099,2.912568,Nuit sans éclairage public,Hors agglomération,Hors intersection,Normale,Autre collision,3,2,2,0,2,3,2,0,3,90,1,1,0,0,1,0,19.0,,voiture,,3,1,1,1,6
202200006273,2022-09-14 21:15:00,2022,9,14,21,15,66,66008,,42.538298,3.051061,Nuit sans éclairage public,En agglomération,Hors intersection,Normale,Autre collision,4,2,2,0,1,1,1,0,1,50,1,3,1,1,1,0,43.0,,voiture,,3,2,1,1,6
202200006274,2022-10-16 16:00:00,2022,10,16,16,0,13,13211,A50-Sens Aubagne vers Marseille,43.2917,5.4801,Plein jour,Hors agglomération,Hors intersection,Normale,Trois véhicules et plus - en chaîne,1,1,3,0,1,1,1,0,1,90,6,9,5,0,0,4,34.0,34.0,deux_roues,voiture,1,1,1,1,4
202200006275,2022-09-14 18:15:00,2022,9,14,18,15,11,11099,,43.279385,2.358466,Plein jour,Hors agglomération,Hors intersection,Normale,Autre collision,3,2,2,0,2,1,1,0,3,80,1,1,0,0,1,0,57.0,,voiture,,1,1,1,1,6
202200006276,2022-10-14 15:50:00,2022,10,14,15,50,13,13211,A50-Sens Marseille vers Aubagne,43.2909,5.4499,Plein jour,Hors agglomération,Hors intersection,Normale,Deux véhicules - arrière,1,3,4,0,1,1,1,0,1,90,4,4,3,0,1,0,45.0,25.0,voiture,deux_roues,1,1,1,1,2
202200006277,2022-09-14 06:00:00,2022,9,14,6,0,26,26124,Autoroute A7 - PK 082.000,44.812593,4.855528,Nuit sans éclairage public,Hors agglomération,Hors intersection,Pluie forte,Trois véhicules et plus - collisions multiples,1,3,5,3,1,1,2,0,1,130,4,4,2,0,1,1,32.0,57.0,utilitaire_camion,utilitaire_camion,3,1,1,3,5
202200006278,2022-09-15 15:40:00,2022,9,15,15,40,38,38336,A7,45.476413,4.833566,Plein jour,Hors agglomération,Hors intersection,Pluie légère,Autre collision,1,2,3,0,1,1,2,9,8,90,2,5,4,0,1,0,85.0,21.0,voiture,voiture,1,1,1,2,6
202200006279,2022-10-16 20:05:00,2022,10,16,20,5,69,69199,Route Départementale 383,45.70896,4.84366,Nuit sans éclairage public,Hors agglomération,Hors intersection,Normale,Trois véhicules et plus - collisions multiples,7,3,4,0,1,2,1,0,1,70,3,4,1,0,2,1,31.0,58.0,utilitaire_camion,voiture,3,1,1,1,5
202200006280,2022-09-14 07:00:00,2022,9,14,7,0,67,67254,Route de Woerth,48.933918,7.847564,Plein jour,Hors agglomération,Hors intersection,Temps couvert,Deux véhicules - frontale,3,2,2,0,1,1,2,0,1,80,2,2,1,0,1,0,47.0,58.0,voiture,utilitaire_camion,1,1,1,8,1
202200006281,2022-10-16 05:10:00,2022,10,16,5,10,69,69290,Rocade Est,45.71069,4.96828,Nuit sans éclairage public,Hors agglomération,Hors intersection,Normale,Deux véhicules - arrière,2,3,5,0,2,1,1,0,1,90,2,3,2,1,0,0,18.0,22.0,voiture,deux_roues,3,1,1,1,2
202200006282,2022-09-09 18:30:00,2022,9,9,18,30,01,01301,296 avenue de la gare,46.245868,5.124698,Plein jour,En agglomération,Intersection en T,Pluie légère,Deux véhicules - frontale,3,2,2,0,2,3,2,0,1,50,2,2,1,0,0,1,21.0,40.0,voiture,voiture,1,2,3,2,1
202200006283,2022-10-15 23:55:00,2022,10,15,23,55,69,69199,Route Départementale 383,45.70075,4.84543,Nuit avec éclairage allumé,Hors agglomération,Hors intersection,Normale,Deux véhicules - arrière,7,3,6,0,1,2,1,0,1,70,2,5,4,0,0,1,34.0,29.0,voiture,voiture,5,1,1,1,2
202200006284,2022-09-14 16:20:00,2022,9,14,16,20,69,69204,Route de Vourles,45.690908,4.793918,Plein jour,En agglomération,Giratoire,Normale,Deux véhicules - arrière,4,2,2,0,1,3,1,0,1,30,2,2,1,1,0,0,33.0,77.0,voiture,voiture,1,2,6,1,2
202200006285,2022-09-14 17:50:00,2022,9,14,17,50,86,86297,Rue du Lavoir,46.57714,0.273577,Plein jour,En agglomération,Hors intersection,Pluie forte,Deux véhicules - côté,3,2,2,0,2,2,2,0,1,50,2,2,1,0,1,0,19.0,51.0,deux_roues,voiture,1,2,1,3,3
202200006286,2022-10-14 22:50:00,2022,10,14,22,50,69,69204,Autoroute 450 ,45.68105,4.79831,Nuit sans éclairage public,Hors agglomération,Hors intersection,Normale,Deux véhicules - arrière,1,3,4,0,1,1,1,0,1,90,2,3,0,0,0,3,37.0,50.0,voiture,voiture,3,1,1,1,2
202200006287,2022-10-16 22:15:00,2022,10,16,22,15,33,33448,AUTOROUTE A 62,44.7151884402,-0.5181276798,Nuit sans éclairage public,Hors agglomération,Hors intersection,Normale,Sans collision,1,3,4,0,1,1,1,0,1,130,1,2,0,0,0,2,35.0,,voiture,,3,1,1,1,7
202200006288,2022-09-15 07:30:00,2022,9,15,7,30,85,85214,VC la parerie,46.528393,-1.686066,Crépuscule ou aube,Hors agglomération,Intersection en T,Normale,Deux véhicules - frontale,4,2,1,0,1,1,1,0,1,80,2,2,1,0,1,0,57.0,17.0,utilitaire_camion,deux_roues,2,1,3,1,1
202200006289,2022-09-14 11:10:00,2022,9,14,11,10,13,13214,A507 sens Marseille - Aubagne,43.33859,5.37678,Plein jour,Hors agglomération,Hors intersection,Pluie légère,Sans collision,1,1,1,0,1,2,2,0,1,70,1,1,0,0,0,1,37.0,,deux_roues,,1,1,1,2,7
202200006290,2022-10-16 02:05:00,2022,10,16,2,5,33,33013,ROUTE NATIONALE 230,44.8600567471,-0.5042767525,Nuit avec éclairage allumé,Hors agglomération,Hors intersection,Normale,Deux véhicules - arrière,2,3,6,0,1,1,1,0,1,90,2,3,2,0,0,1,25.0,23.0,voiture,voiture,5,1,1,1,2
202200006291,2022-10-16 02:05:00,2022,10,16,2,5,94,94037,AUTOROUTE A6A,48.81598,2.33663,Nuit sans éclairage public,Hors agglomération,Hors intersection,Normale,Sans collision,1,1,3,0,1,3,2,0,1,50,1,1,0,0,0,1,25.0,,deux_roues,,3,1,1,1,7
202200006292,2022-09-09 17:55:00,2022,9,9,17,55,13,13210,A50-Sens Marseille vers Aubagne,43.28,5.404,Plein jour,Hors agglomération,Hors intersection,Normale,Trois véhicules et plus - en chaîne,1,1,3,0,1,1,1,0,1,70,3,3,2,0,0,1,63.0,27.0,utilitaire_camion,utilitaire_camion,1,1,1,1,4
202200006293,2022-10-16 20:50:00,2022,10,16,20,50,92,92051,N13,48.88675,2.2539,Nuit avec éclairage allumé,Hors agglomération,Hors intersection,Normale,Deux véhicules - arrière,2,3,3,0,1,1,1,0,1,70,2,2,1,0,0,1,44.0,28.0,voiture,deux_roues,5,1,1,1,2
202200006294,2022-06-05 01:00:00,2022,6,5,1,0,42,42307,A47,45.552898,4.682451,Nuit sans éclairage public,Hors agglomération,Hors intersection,Pluie légère,Autre collision,1,3,4,0,1,2,2,0,2,90,1,4,2,0,0,2,20.0,,voiture,,3,1,1,2,6
202200006295,2022-10-16 02:25:00,2022,10,16,2,25,95,95641,A1,49.0739,2.5519,Nuit sans éclairage public,Hors agglomération,Hors intersection,Normale,Deux véhicules - arrière,1,3,6,0,1,1,1,0,1,130,2,5,1,0,0,3,,,voiture,voiture,3,1,1,1,2
202200006296,2022-09-14 20:35:00,2022,9,14,20,35,33,33080,AUTOROUTE A 62,44.75969,-0.54636,Nuit sans éclairage public,Hors agglomération,Hors intersection,Normale,Autre collision,1,3,4,0,1,1,1,0,3,110,1,1,0,0,0,1,36.0,,utilitaire_camion,,3,1,1,1,6
202200006297,2022-10-15 12:40:00,2022,10,15,12,40,95,95572, A15,49.0309188745,2.1212960669,Plein jour,Hors agglomération,Hors intersection,Pluie légère,Autre collision,1,3,6,0,1,1,2,0,1,50,1,1,0,0,0,1,29.0,,voiture,,1,1,1,2,6
202200006298,2022-10-16 05:30:00,2022,10,16,5,30,77,77373,RN104,48.802278,2.62622,Nuit sans éclairage public,Hors agglomération,Hors intersection,Pluie légère,Autre collision,2,1,3,0,3,1,2,0,1,90,2,3,2,0,0,1,38.0,60.0,voiture,voiture,3,1,1,2,6
202200006299,2022-09-13 22:40:00,2022,9,13,22,40,33,33249,ROUTE NATIONALE 230,44.87195,-0.505903,Nuit avec éclairage allumé,Hors agglomération,Hors intersection,Normale,Deux véhicules - arrière,2,3,6,0,1,1,1,0,1,90,2,2,1,0,0,1,40.0,58.0,utilitaire_camion,utilitaire_camion,5,1,1,1,2
202200006300,2022-09-14 00:59:00,2022,9,14,0,59,91,91235,RN 445,48.64284,2.36397,Nuit avec éclairage allumé,En agglomération,Autre intersection,Normale,Sans collision,3,2,5,1,1,1,1,0,4,50,1,1,0,0,0,1,39.0,,voiture,,5,2,9,1,7
202200006301,2022-07-04 08:45:00,2022,7,4,8,45,60,60628,N31,49.426202,2.133687,Plein jour,Hors agglomération,Hors intersection,Normale,Trois véhicules et plus - collisions multiples,2,3,4,0,1,1,1,0,1,110,3,3,1,0,0,2,27.0,59.0,voiture,voiture,1,1,1,1,5
202200006302,2022-09-14 15:41:00,2022,9,14,15,41,78,78291,A13,48.96744,1.746011,Plein jour,Hors agglomération,Hors intersection,Normale,Autre collision,1,1,4,0,1,2,1,0,1,110,1,2,0,0,1,1,19.0,,utilitaire_camion,,1,1,1,1,6
202200006303,2022-10-15 18:00:00,2022,10,15,18,0,94,94042,A4,48.827286427,2.4692556276,Plein jour,Hors agglomération,Hors intersection,Normale,Trois véhicules et plus - en chaîne,1,3,8,0,1,1,1,0,1,90,5,5,4,0,0,1,40.0,38.0,voiture,voiture,1,1,1,1,4
202200006304,2022-07-03 12:30:00,2022,7,3,12,30,59,59626,D129,50.295165,3.635273,Plein jour,Hors agglomération,Hors intersection,Normale,Deux véhicules - arrière,3,2,2,0,1,1,1,0,1,80,2,3,2,0,1,0,61.0,37.0,voiture,deux_roues,1,1,1,1,2
202200006305,2022-09-14 08:10:00,2022,9,14,8,10,92,92048,N118,48.8066242514,2.2126419686,Plein jour,Hors agglomération,Hors intersection,Pluie légère,Deux véhicules - frontale,2,-1,3,3,1,1,2,0,1,110,2,3,2,0,0,1,40.0,50.0,utilitaire_camion,deux_roues,1,1,1,2,1
202200006306,2022-07-03 13:30:00,2022,7,3,13,30,59,59057,Route de Solesmes,50.216852039,3.5756313801,Plein jour,Hors agglomération,Hors intersection,Normale,Deux véhicules - côté,3,2,2,0,2,3,1,0,1,80,2,2,1,0,0,1,23.0,54.0,deux_roues,utilitaire_camion,1,1,1,1,3
202200006307,2022-09-13 08:50:00,2022,9,13,8,50,78,78640,A86 EXT,48.778168,2.213413,Plein jour,Hors agglomération,Hors intersection,Normale,Deux véhicules - arrière,1,-1,3,0,1,1,1,0,1,110,2,2,1,0,0,1,64.0,40.0,voiture,deux_roues,1,1,1,1,2
202200006308,2022-10-15 09:56:00,2022,10,15,9,56,94,94052,A86 INT,48.8392376061,2.4933950229,Plein jour,Hors agglomération,Hors intersection,Pluie légère,Trois véhicules et plus - en chaîne,1,1,3,0,1,1,2,1,1,90,5,5,4,0,0,1,37.0,23.0,voiture,utilitaire_camion,1,1,1,2,4
202200006309,2022-09-09 20:00:00,2022,9,9,20,0,93,93064,AUTOROUTE A86,48.8783381284,2.476878162,Crépuscule ou aube,Hors agglomération,Hors intersection,Pluie légère,Deux véhicules - côté,1,3,3,0,1,1,2,0,1,90,2,2,1,0,0,1,44.0,48.0,voiture,deux_roues,2,1,1,2,3
202200006310,2022-07-02 08:28:00,2022,7,2,8,28,13,13026,A55-Sens Marseille vers Martigues,43.3749,5.1777,Plein jour,Hors agglomération,Hors intersection,Normale,Trois véhicules et plus - en chaîne,1,1,2,0,1,1,1,0,1,110,3,4,1,0,0,3,79.0,31.0,voiture,utilitaire_camion,1,1,1,1,4
202200006311,2022-09-14 10:00:00,2022,9,14,10,0,93,93066,A1,48.9286129942,2.3584904121,Plein jour,Hors agglomération,Hors intersection,Normale,Deux véhicules - côté,1,3,6,0,1,1,1,9,1,90,2,2,1,0,0,1,52.0,52.0,utilitaire_camion,voiture,1,1,1,1,3
202200006312,2022-07-27 10:00:00,2022,7,27,10,0,45,45272,Rue de Gautray,47.802144,1.954665,Plein jour,Hors agglomération,Hors intersection,Normale,Deux véhicules - frontale,4,2,2,0,1,1,1,0,1,70,2,2,1,1,0,0,61.0,26.0,utilitaire_camion,deux_roues,1,1,1,1,1
202200006313,2022-07-01 04:20:00,2022,7,1,4,20,13,13202,A557-Liaison A7 Marseille-A55 Marseille,43.317572,5.364082,Nuit avec éclairage allumé,En agglomération,Hors intersection,Normale,Deux véhicules - côté,1,1,2,0,3,2,1,2,1,50,1,4,3,0,1,0,22.0,,voiture,,5,2,1,1,3
202200006314,2022-07-21 02:30:00,2022,7,21,2,30,45,45327,D11 PR 19 + 394,47.943242,2.121241,Nuit sans éclairage public,Hors agglomération,Hors intersection,Normale,Autre collision,3,2,2,0,1,1,1,0,3,80,1,1,0,0,1,0,24.0,,voiture,,3,1,1,1,6
202200006315,2022-08-13 02:00:00,2022,8,13,2,0,93,93066,AUTOROUTE A1,48.9337609403,2.3832666278,Nuit sans éclairage public,Hors agglomération,Hors intersection,Normale,Deux véhicules - arrière,1,3,6,0,1,1,1,0,1,90,2,2,1,0,0,1,37.0,17.0,voiture,deux_roues,3,1,1,1,2
202200006316,2022-09-13 08:50:00,2022,9,13,8,50,95,95582, A15,48.9740529051,2.2452074289,Plein jour,Hors agglomération,Hors intersection,Normale,Deux véhicules - côté,1,3,8,0,1,2,1,0,1,110,2,2,1,0,0,1,21.0,59.0,voiture,deux_roues,1,1,1,1,3
202200006317,2022-07-03 03:10:00,2022,7,3,3,10,33,33090,AUTOROUTE A 63,44.7741938891,-0.652962327,Nuit sans éclairage public,Hors agglomération,Hors intersection,Normale,Deux véhicules - arrière,1,3,4,0,1,1,1,0,1,130,2,3,1,0,0,2,34.0,59.0,voiture,voiture,3,1,1,1,2
202200006318,2022-10-15 06:13:00,2022,10,15,6,13,75,75110,BOULEVARD SAINT DENIS,48.869361,2.354279,Nuit avec éclairage allumé,En agglomération,Intersection en X,Pluie légère,Deux véhicules - côté,4,2,5,0,1,1,2,0,1,30,2,2,1,0,0,1,,22.0,voiture,deux_roues,5,2,2,2,3
202200006319,2022-07-03 19:45:00,2022,7,3,19,45,91,91521,RN 104,48.62576,2.39663,Plein jour,Hors agglomération,Hors intersection,Normale,Deux véhicules - arrière,2,1,3,0,1,1,1,0,1,90,2,2,1,0,0,1,24.0,62.0,deux_roues,voiture,1,1,1,1,2
202200006320,2022-09-12 19:10:00,2022,9,12,19,10,93,93073,AUTOROUTE A104,48.9669231229,2.5606076717,Plein jour,Hors agglomération,Hors intersection,Normale,Trois véhicules et plus - en chaîne,1,3,6,0,1,1,1,0,1,110,3,4,1,0,0,3,22.0,64.0,voiture,voiture,1,1,1,1,4
202200006321,2022-07-03 13:40:00,2022,7,3,13,40,91,91179,AUTOROUTE A6,48.54884,2.49524,Plein jour,Hors agglomération,Hors intersection,Normale,Deux véhicules - arrière,1,3,6,0,1,1,1,0,1,130,2,4,2,0,0,2,28.0,51.0,voiture,utilitaire_camion,1,1,1,1,2
202200006322,2022-09-12 18:30:00,2022,9,12,18,30,93,93066,A1,48.9162304301,2.3575208466,Plein jour,Hors agglomération,Hors intersection,Normale,Trois véhicules et plus - en chaîne,1,1,2,0,1,1,1,0,1,50,3,3,2,0,0,1,35.0,54.0,voiture,voiture,1,1,1,1,4
202200006323,2022-10-15 12:20:00,2022,10,15,12,20,973,97302,CATAYEE (JUSTIN),4.92446,-52.3243,Plein jour,En agglomération,Giratoire,Normale,Deux véhicules - côté,3,1,2,0,1,3,1,0,1,50,2,2,1,0,1,0,23.0,65.0,voiture,deux_roues,1,2,6,1,3
202200006324,2022-09-14 11:15:00,2022,9,14,11,15,94,94028,A86 INT,48.8027232706,2.4479364478,Plein jour,Hors agglomération,Hors intersection,Normale,Deux véhicules - côté,1,3,10,0,1,3,1,0,1,90,2,2,1,0,0,1,30.0,58.0,voiture,utilitaire_camion,1,1,1,1,3
202200006325,2022-07-03 19:45:00,2022,7,3,19,45,78,78126,A13,48.8378,2.1243,Plein jour,Hors agglomération,Hors intersection,Normale,Deux véhicules - arrière,1,-1,4,0,1,1,1,0,1,110,2,6,5,0,0,1,47.0,31.0,voiture,deux_roues,1,1,1,1,2
202200006326,2022-10-15 16:08:00,2022,10,15,16,8,69,69383,Cours Gambetta,45.75397,4.84684,Plein jour,En agglomération,Intersection en X,Normale,Deux véhicules - côté,4,2,2,3,1,1,1,0,1,50,2,2,1,0,1,0,31.0,61.0,voiture,deux_roues,1,2,2,1,3
202200006327,2022-07-03 09:15:00,2022,7,3,9,15,78,78291,A13,48.965404,1.756068,Plein jour,Hors agglomération,Hors intersection,Normale,Autre collision,1,1,3,0,1,2,1,0,1,110,1,4,0,0,0,4,61.0,,voiture,,1,1,1,1,6
202200006328,2022-10-15 10:00:00,2022,10,15,10,0,69,69389,Rue Marietton,45.7758121881,4.8014599085,Plein jour,En agglomération,Hors intersection,Normale,Deux véhicules - côté,4,2,2,0,1,1,1,0,1,50,2,2,1,0,0,1,34.0,39.0,deux_roues,voiture,1,2,1,1,3
202200006329,2022-07-03 07:30:00,2022,7,3,7,30,78,78126,A13,48.839199,2.120337,Plein jour,Hors agglomération,Hors intersection,Normale,Autre collision,1,2,2,0,1,1,1,3,1,90,1,1,0,0,0,1,22.0,,deux_roues,,1,1,1,1,6
202200006330,2022-10-15 07:30:00,2022,10,15,7,30,971,97101,8 MAI 1981 (BOULEVARD DU),16.2767819539,-61.508140862,Plein jour,En agglomération,Intersection en T,Normale,Deux véhicules - côté,3,2,4,0,1,1,1,0,1,50,2,3,2,0,0,1,58.0,46.0,voiture,voiture,1,2,3,1,3
202200006331,2022-07-02 19:45:00,2022,7,2,19,45,92,92047,A13,48.833353174,2.1613108381,Plein jour,Hors agglomération,Hors intersection,Normale,Trois véhicules et plus - en chaîne,1,1,3,0,1,1,1,0,1,110,3,4,2,0,0,2,55.0,24.0,voiture,voiture,1,1,1,1,4
202200006332,2022-07-03 18:50:00,2022,7,3,18,50,94,94028,A86 EXT,48.789430104,2.4404687895,Plein jour,Hors agglomération,Hors intersection,Normale,Autre collision,1,3,6,0,1,1,1,0,1,90,1,1,0,0,0,1,42.0,,deux_roues,,1,1,1,1,6
202200006333,2022-10-14 17:00:00,2022,10,14,17,0,971,97101,RN05,16.26386,-61.51267,Plein jour,En agglomération,Hors intersection,Normale,Autre collision,2,2,4,0,1,1,1,0,1,50,1,3,2,0,0,1,54.0,,voiture,,1,2,1,1,6
202200006334,2022-07-03 16:00:00,2022,7,3,16,0,94,94015,A4,48.8294535608,2.5282723079,Plein jour,Hors agglomération,Hors intersection,Normale,Trois véhicules et plus - en chaîne,1,3,8,0,1,1,1,0,1,110,3,3,2,0,0,1,48.0,47.0,voiture,voiture,1,1,1,1,4
202200006335,2022-10-15 14:30:00,2022,10,15,14,30,95,95277,Avenue Aristide Briand,49.0008890205,2.4249395728,Plein jour,En agglomération,Hors intersection,Pluie légère,Autre collision,4,3,2,0,1,1,2,0,1,50,1,2,1,0,0,1,46.0,,voiture,,1,2,1,2,6
202200006336,2022-07-02 06:50:00,2022,7,2,6,50,54,54395,CHANZY (RUE DE),48.6894981359,6.1784668565,Crépuscule ou aube,En agglomération,Intersection en X,Temps éblouissant,Autre collision,4,2,2,0,2,1,1,0,1,30,1,2,1,0,0,1,58.0,,transport_commun,,2,2,2,7,6
202200006337,2022-07-02 14:10:00,2022,7,2,14,10,47,47001,MONNET (AV. JEAN),44.1921,0.61532,Plein jour,En agglomération,Intersection en X,Normale,Deux véhicules - côté,4,3,4,2,1,1,1,0,1,50,2,3,2,0,0,1,18.0,47.0,deux_roues,voiture,1,2,2,1,3
202200006338,2022-07-02 16:36:00,2022,7,2,16,36,75,75113,RUE NATIONALE,48.8217,2.369365,Plein jour,En agglomération,Intersection en X,Normale,Autre collision,4,1,1,0,1,1,1,0,1,30,1,2,1,0,0,1,42.0,,deux_roues,,1,2,2,1,6
202200006339,2022-07-02 17:25:00,2022,7,2,17,25,93,93029,Rue des Bois de Groslay / Rue Victor Schoelcher,48.91824,2.4654,Plein jour,En agglomération,Intersection en T,Normale,Autre collision,4,2,2,0,1,1,1,0,1,50,1,2,1,0,0,1,19.0,,voiture,,1,2,3,1,6
202200006340,2022-07-01 17:43:00,2022,7,1,17,43,31,31555,VA007331 A620,43.5833234388,1.4035436511,Plein jour,Hors agglomération,Hors intersection,Normale,Trois véhicules et plus - collisions multiples,1,3,6,0,1,1,1,0,1,90,3,3,2,0,0,1,43.0,40.0,voiture,voiture,1,1,1,1,5
202200006341,2022-07-02 06:50:00,2022,7,2,6,50,988,98818,ROUTE DE L'ANSE VATA/RUE AUGUSTE BOURGINE,-22.28158,166.44813,Plein jour,En agglomération,Intersection en T,Normale,Autre collision,4,2,2,0,1,3,1,0,1,50,1,3,1,0,0,2,35.0,,voiture,,1,2,3,1,6
202200006342,2022-07-01 14:35:00,2022,7,1,14,35,976,97611,m'tsapere-Nationale 2 (route),-12.795832,45.216104,Plein jour,En agglomération,Hors intersection,Normale,Deux véhicules - frontale,4,2,2,0,1,1,1,0,1,50,2,3,1,0,0,2,44.0,63.0,deux_roues,voiture,1,2,1,1,1
202200006343,2022-07-01 16:40:00,2022,7,1,16,40,974,97416,ENTRE DEUX (CHEMIN) CD26,-21.29621,55.4435,Plein jour,Hors agglomération,Hors intersection,Normale,Trois véhicules et plus - en chaîne,3,2,2,0,1,1,1,0,1,70,5,6,5,0,0,1,38.0,58.0,voiture,utilitaire_camion,1,1,1,1,4
202200006344,2022-07-02 18:30:00,2022,7,2,18,30,973,97302,MERE THERESA (rue),4.92739,-52.31942,Plein jour,En agglomération,Hors intersection,Normale,Sans collision,3,2,2,2,1,1,1,8,1,50,1,1,0,0,0,1,37.0,,deux_roues,,1,2,1,1,7
202200006345,2022-07-02 01:58:00,2022,7,2,1,58,973,97302,ROUTE NATIONALE 1,4.90328,-52.3242,Nuit avec éclairage allumé,Hors agglomération,Autre intersection,Pluie légère,Deux véhicules - arrière,2,3,4,0,1,3,2,9,1,90,2,2,1,0,0,1,,18.0,deux_roues,deux_roues,5,1,9,2,2
202200006346,2022-07-02 17:55:00,2022,7,2,17,55,69,69387,Rue Paul Massimi,45.7373984683,4.8424442092,Plein jour,En agglomération,Hors intersection,Normale,Deux véhicules - côté,4,1,1,2,1,1,1,0,1,30,2,4,3,0,1,0,62.0,45.0,voiture,deux_roues,1,2,1,1,3
202200006347,2022-07-02 23:10:00,2022,7,2,23,10,69,69382,Rue de la République,45.76494,4.83589,Nuit avec éclairage allumé,En agglomération,Intersection en X,Normale,Deux véhicules - côté,4,2,2,0,1,1,1,9,1,30,2,2,1,0,0,1,23.0,38.0,voiture,deux_roues,5,2,2,1,3
202200006348,2022-07-01 19:30:00,2022,7,1,19,30,95,95218,Boulevard des Aviateurs Alliés,49.0169274618,2.0915973186,Plein jour,En agglomération,Hors intersection,Normale,Deux véhicules - côté,3,2,2,0,1,1,1,0,1,50,2,3,1,0,1,1,37.0,34.0,voiture,deux_roues,1,2,1,1,3
202200006349,2022-07-03 00:13:00,2022,7,3,0,13,91,91286,CONDORCET (RUE),48.646885,2.37566,Nuit avec éclairage allumé,En agglomération,Hors intersection,Normale,Sans collision,4,2,2,0,1,1,1,9,1,50,1,1,0,0,1,0,21.0,,voiture,,5,2,1,1,7
202200006350,2022-07-01 17:55:00,2022,7,1,17,55,83,83137,,43.12831,5.90854,Plein jour,En agglomération,Hors intersection,Normale,Autre collision,7,2,1,0,1,1,1,5,1,50,1,2,1,0,1,0,58.0,,voiture,,1,2,1,1,6
202200006351,2022-07-02 21:35:00,2022,7,2,21,35,77,77152,D142,48.51099,2.59613,Crépuscule ou aube,Hors agglomération,Hors intersection,Normale,Autre collision,3,3,2,-1,1,1,1,0,1,80,2,2,0,0,1,0,,58.0,voiture,deux_roues,2,1,1,1,6