accident_id,datetime,annee,mois,jour,heure,minute,departement,commune_insee,adresse,latitude,longitude,luminosite,agglomeration,intersection,meteo,collision,catr,circ,nbv,vosp,prof,plan,surf,infra,situ,vma,nb_vehicules,nb_usagers,nb_indemnes,nb_tues,nb_blesses_hosp,nb_blesses_legers,age_cond_1,age_cond_2,veh_type_cond_1,veh_type_cond_2,lum_code,agg_code,int_code,atm_code,col_code
202200006352,2022-07-02 17:30:00,2022,7,2,17,30,76,76540,Rue Louette,49.45118,1.08741,Plein jour,En agglomération,Hors intersection,Normale,Autre collision,4,1,1,0,1,1,1,0,1,50,1,2,1,0,0,1,87.0,,voiture,,1,2,1,1,6
202200006353,2022-07-01 01:10:00,2022,7,1,1,10,76,76351,PAUL VERLAINE (AVENUE),49.50913,0.15913,Nuit avec éclairage allumé,En agglomération,Intersection en X,Normale,Deux véhicules - arrière,4,3,4,3,1,1,1,4,1,50,2,3,2,1,0,0,22.0,22.0,voiture,deux_roues,5,2,2,1,2
202200006354,2022-07-02 23:49:00,2022,7,2,23,49,72,72181,COURBOULAY PAUL (RUE),48.003737291,0.1913416383,Nuit avec éclairage allumé,En agglomération,Hors intersection,Normale,Deux véhicules - arrière,4,3,2,0,1,1,1,0,5,50,2,3,2,0,0,1,42.0,65.0,voiture,deux_roues,5,2,1,1,2
202200006355,2022-07-02 14:30:00,2022,7,2,14,30,72,72181,GENESLAY FELIX (AV) N° PAIRS 288 ET plus,47.9710194069,0.2045631407,Plein jour,En agglomération,Hors intersection,Normale,Deux véhicules - arrière,4,-1,2,0,1,1,1,0,1,50,2,2,1,0,1,0,53.0,25.0,deux_roues,utilitaire_camion,1,2,1,1,2
202200006356,2022-07-02 11:05:00,2022,7,2,11,5,71,71499,JEAN ZAY (RUE),46.647246,4.298061,Plein jour,Hors agglomération,Hors intersection,Normale,Autre collision,4,2,2,0,1,1,1,0,4,50,1,1,0,0,0,1,85.0,,voiture,,1,1,1,1,6
202200006357,2022-07-02 18:30:00,2022,7,2,18,30,69,69256,Avenue Maurice Thorez,45.7812,4.91345,Plein jour,En agglomération,Intersection en T,Normale,Deux véhicules - arrière,4,2,2,0,1,1,1,0,1,50,2,3,2,0,0,1,36.0,36.0,voiture,voiture,1,2,3,1,2
202200006358,2022-07-02 07:25:00,2022,7,2,7,25,69,69266,Rue du Canal,45.7757298409,4.9002720597,Plein jour,En agglomération,Hors intersection,Normale,Deux véhicules - côté,4,2,2,1,1,1,1,0,1,50,2,4,1,0,2,1,20.0,18.0,voiture,voiture,1,2,1,1,3
202200006359,2022-07-02 16:15:00,2022,7,2,16,15,64,64483,Avenue André Ithurralde,43.39163,-1.65494,Plein jour,En agglomération,Giratoire,Normale,Deux véhicules - côté,3,1,1,0,2,2,1,0,1,50,2,2,1,0,0,1,66.0,63.0,deux_roues,voiture,1,2,6,1,3
202200006360,2022-07-02 13:30:00,2022,7,2,13,30,64,64545,D404,43.3241162015,-1.6863584518,Plein jour,Hors agglomération,Hors intersection,Normale,Deux véhicules - arrière,3,2,2,0,2,4,1,0,1,50,2,2,1,0,0,1,29.0,36.0,voiture,deux_roues,1,1,1,1,2
202200006361,2022-07-02 20:25:00,2022,7,2,20,25,64,64284,RAUSKI,43.2631710965,-0.3901487589,Plein jour,Hors agglomération,Hors intersection,Normale,Deux véhicules - côté,2,-1,2,0,1,1,1,0,1,50,2,2,0,0,1,1,19.0,70.0,voiture,deux_roues,1,1,1,1,3
202200006362,2022-07-01 17:20:00,2022,7,1,17,20,61,61001,FREDERIC MISTRAL (RUE),48.4301,0.06995,Plein jour,En agglomération,Hors intersection,Normale,Deux véhicules - frontale,4,2,2,0,1,3,1,0,1,50,2,2,1,0,1,0,32.0,11.0,voiture,deux_roues,1,2,1,1,1
202200006363,2022-07-02 18:10:00,2022,7,2,18,10,59,59512,EPEULE (RUE DE L'),50.69024,3.16159,Plein jour,En agglomération,Intersection en X,Normale,Autre collision,4,2,2,0,1,1,1,0,1,50,1,2,1,0,0,1,40.0,,voiture,,1,2,2,1,6
202200006364,2022-06-29 07:30:00,2022,6,29,7,30,59,59220,LECLERCQ AVENUE DU GENERAL.,50.5968547936,3.08193326,Plein jour,En agglomération,Intersection en T,Normale,Deux véhicules - côté,7,2,2,1,1,1,1,0,1,50,2,2,1,0,1,0,57.0,54.0,voiture,deux_roues,1,2,3,1,3
202200006365,2022-07-02 17:00:00,2022,7,2,17,0,54,54304,BARROIS (RUE DU),48.6932824534,6.1281148195,Plein jour,En agglomération,Intersection en X,Normale,Deux véhicules - côté,4,2,3,0,2,1,1,0,1,50,2,3,2,0,0,1,64.0,54.0,voiture,voiture,1,2,2,1,3
202200006366,2022-07-01 17:15:00,2022,7,1,17,15,47,47323,CAYREL JEAN-CLAUDE (AVENUE),44.41961,0.7004,Plein jour,En agglomération,Place,Normale,Autre collision,6,-1, -1,0,1,1,1,9,8,30,2,3,2,1,0,0,61.0,,voiture,,1,2,7,1,6
202200006367,2022-07-02 19:55:00,2022,7,2,19,55,47,47032,SAINTE RADEGONDE,44.19494,0.65596,Plein jour,Hors agglomération,Hors intersection,Temps éblouissant,Autre collision,4,1,1,0,1,1,1,0,1,50,1,2,1,0,1,0,35.0,,voiture,,1,1,1,7,6
202200006368,2022-07-02 04:50:00,2022,7,2,4,50,43,43157,54 Avenue D 'Ours Mons,45.0381441926,3.9009538293,Nuit avec éclairage allumé,En agglomération,Hors intersection,Normale,Autre collision,4,2,2,0,1,1,1,0,4,50,1,1,0,0,0,1,41.0,,voiture,,5,2,1,1,6
202200006369,2022-07-02 23:00:00,2022,7,2,23,0,42,42095,Rue du Professeur Calmette,45.39682,4.29642,Nuit avec éclairage allumé,En agglomération,Intersection en X,Normale,Deux véhicules - côté,4,2,1,0,1,1,1,0,1,50,2,5,3,0,0,2,22.0,27.0,voiture,voiture,5,2,2,1,3
202200006370,2022-07-03 00:15:00,2022,7,3,0,15,38,38185,A480,45.18528,5.70259,Nuit sans éclairage public,Hors agglomération,Hors intersection,Normale,Deux véhicules - arrière,1,3,4,0,1,1,1,0,1,70,2,2,1,0,1,0,26.0,29.0,voiture,deux_roues,3,1,1,1,2
202200006371,2022-07-02 09:38:00,2022,7,2,9,38,37,37261,MAINE (RUE DU),47.4269313776,0.6923291087,Plein jour,En agglomération,Intersection en T,Temps éblouissant,Autre collision,4,-1,1,0,1,1,1,0,1,50,1,2,1,0,0,1,86.0,,utilitaire_camion,,1,2,3,7,6
202200006372,2022-07-02 09:37:00,2022,7,2,9,37,37,37261,BERANGER (BOULEVARD),47.3892469132,0.68282336,Plein jour,En agglomération,Intersection en X,Normale,Deux véhicules - arrière,4,1,3,0,1,1,1,0,1,50,2,2,1,0,0,1,26.0,43.0,deux_roues,voiture,1,2,2,1,2
202200006373,2022-07-02 10:45:00,2022,7,2,10,45,35,35238,HAUTES-CHALAIS (SQUARE DES),48.091795703,-1.6769841313,Plein jour,En agglomération,Hors intersection,Normale,Deux véhicules - arrière,4,1,1,0,1,1,1,0,1,20,2,2,1,0,0,1,,26.0,voiture,deux_roues,1,2,1,1,2
202200006374,2022-07-02 13:40:00,2022,7,2,13,40,33,33249,Avenue de Paris,44.86677,-0.51309,Plein jour,En agglomération,Hors intersection,Normale,Autre collision,4,3,2,0,1,1,1,0,1,50,1,2,1,0,0,1,27.0,,voiture,,1,2,1,1,6
202200006375,2022-07-02 07:15:00,2022,7,2,7,15,33,33063,Quai de la Grave,44.83506,-0.56362,Plein jour,En agglomération,Hors intersection,Normale,Trois véhicules et plus - en chaîne,4,2,5,0,1,1,1,0,1,50,3,3,0,0,0,2,36.0,,voiture,voiture,1,2,1,1,4
202200006376,2022-07-01 17:40:00,2022,7,1,17,40,31,31555,A62,43.64232,1.4733,Plein jour,Hors agglomération,Hors intersection,Normale,Trois véhicules et plus - en chaîne,1,3,8,0,1,1,1,0,1,90,3,4,2,0,0,2,26.0,31.0,voiture,voiture,1,1,1,1,4
202200006377,2022-07-02 02:05:00,2022,7,2,2,5,17,17333,FRENAL (BOULEVARD DU GAL),45.60214,-1.002136,Nuit avec éclairage allumé,En agglomération,Giratoire,Normale,Autre collision,4,1,1,0,1,2,1,0,4,50,1,1,0,0,0,1,50.0,,deux_roues,,5,2,6,1,6
202200006378,2022-07-02 14:40:00,2022,7,2,14,40,14,14437,Avenue des Commerces,49.16531,-0.29043,Plein jour,Hors agglomération,Hors intersection,Normale,Deux véhicules - côté,4,2,2,1,1,2,1,0,1,50,2,2,1,0,0,1,21.0,12.0,voiture,deux_roues,1,1,1,1,3
202200006379,2022-07-02 20:05:00,2022,7,2,20,5,13,13208,PARADIS (RUE),43.28025,5.38248,Plein jour,En agglomération,Hors intersection,Normale,Deux véhicules - arrière,4,2,3,0,1,1,1,0,1,50,2,2,0,0,0,2,37.0,28.0,deux_roues,deux_roues,1,2,1,1,2
202200006380,2022-07-02 01:00:00,2022,7,2,1,0,13,13201,PORT (QUAI DU),43.29544,5.37441,Nuit avec éclairage allumé,En agglomération,Hors intersection,Normale,Deux véhicules - côté,4,2,2,0,1,1,1,0,8,50,2,2,1,0,0,1,36.0,20.0,deux_roues,voiture,5,2,1,1,3
202200006381,2022-07-02 20:45:00,2022,7,2,20,45,11,11069,116 Avenue du Général Leclerc,43.20827,2.37137,Plein jour,En agglomération,Hors intersection,Normale,Trois véhicules et plus - en chaîne,4,2,2,0,1,1,1,0,1,50,3,3,2,0,0,1,74.0,21.0,voiture,voiture,1,2,1,1,4
202200006382,2022-07-02 14:35:00,2022,7,2,14,35,11,11069,Avenue Achille Mir,43.21143,2.36117,Plein jour,En agglomération,Hors intersection,Normale,Autre collision,4,1,1,0,1,1,1,0,1,30,1,2,1,0,1,0,64.0,,voiture,,1,2,1,1,6
202200006383,2022-07-02 18:08:00,2022,7,2,18,8,10,10387,ROBERT SCHUMANN (RUE),48.307589867,4.0958833694,Plein jour,En agglomération,Hors intersection,Normale,Deux véhicules - côté,4,-1,2,1,1,1,1,0,1,50,2,3,2,0,0,1,23.0,80.0,voiture,deux_roues,1,2,1,1,3
202200006384,2022-07-02 18:20:00,2022,7,2,18,20,06,06159,PRINCESSE GRACE DE MONACO (AVENUE),43.705865,7.310399,Plein jour,En agglomération,Hors intersection,Normale,Autre collision,4,2,2,0,1,4,1,0,1,50,1,1,0,0,1,0,38.0,,deux_roues,,1,2,1,1,6
202200006385,2022-07-01 16:50:00,2022,7,1,16,50,01,01344,Chemin de Chalandre,46.2078971997,5.1859250665,Plein jour,Hors agglomération,Intersection en X,Normale,Deux véhicules - côté,4,2,4,1,1,1,1,0,1,80,2,3,2,0,0,1,27.0,42.0,voiture,voiture,1,1,2,1,3
202200006386,2022-07-01 11:30:00,2022,7,1,11,30,75,75120,PORTE DES LILAS,48.870536,2.413224,Nuit avec éclairage allumé,En agglomération,Hors intersection,Normale,Trois véhicules et plus - collisions multiples,4,1, -1,0,1,1,1,1,1,70,3,5,3,0,0,2,21.0,36.0,voiture,voiture,5,2,1,1,5
202200006387,2022-07-01 14:16:00,2022,7,1,14,16,75,75106,RUE BONAPARTE,48.850499,2.33278,Plein jour,En agglomération,Intersection en T,Normale,Deux véhicules - côté,4,2,2,1,1,1,1,0,1,30,2,2,1,0,0,1,58.0,29.0,voiture,deux_roues,1,2,3,1,3
202200006388,2022-07-02 16:40:00,2022,7,2,16,40,75,75117,BOULEVARD MALESHERBES,48.883997,2.308715,Plein jour,En agglomération,Intersection en X,Normale,Deux véhicules - côté,4,2,2,0,1,1,1,0,1,30,2,3,1,0,0,2,38.0,20.0,deux_roues,voiture,1,2,2,1,3
202200006389,2022-07-02 17:40:00,2022,7,2,17,40,75,75116,AVENUE DU MAHATMA GANDHI,48.877052,2.268565,Plein jour,En agglomération,Hors intersection,Normale,Autre collision,4,2,2,0,1,1,1,6,1,30,1,2,1,0,0,1,76.0,,voiture,,1,2,1,1,6
202200006390,2022-07-01 20:00:00,2022,7,1,20,0,75,75116,ALLEE DE LONGCHAMP,48.872532,2.26444,Plein jour,En agglomération,Intersection en X,Normale,Deux véhicules - arrière,4,2,4,0,1,1,1,0,1,30,2,2,1,0,0,1,26.0,65.0,voiture,deux_roues,1,2,2,1,2
202200006391,2022-07-01 22:45:00,2022,7,1,22,45,75,75113,QUAI D AUSTERLITZ,48.83864,2.372359,Nuit avec éclairage allumé,En agglomération,Intersection en T,Normale,Deux véhicules - côté,4,2,3,0,1,1,1,0,1,30,2,4,3,0,0,1,36.0,32.0,deux_roues,voiture,5,2,3,1,3
202200006392,2022-07-02 16:00:00,2022,7,2,16,0,75,75111,AVENUE PARMENTIER,48.86431,2.375247,Plein jour,En agglomération,Hors intersection,Normale,Deux véhicules - arrière,4,2,2,0,1,1,1,0,1,30,2,2,1,0,0,1,67.0,45.0,voiture,deux_roues,1,2,1,1,2
202200006393,2022-07-02 13:05:00,2022,7,2,13,5,75,75111,RUE SAINT MAUR,48.870577,2.3729,Plein jour,En agglomération,Intersection en X,Normale,Autre collision,4,1,1,0,1,1,1,0,1,30,1,2,1,0,0,1,45.0,,utilitaire_camion,,1,2,2,1,6
202200006394,2022-07-02 17:05:00,2022,7,2,17,5,75,75110,RUE DU FAUBOURG SAINT DENIS,48.880726,2.357822,Plein jour,En agglomération,Hors intersection,Normale,Autre collision,4,-1,2,0,1,1,1,0,1,30,1,2,1,0,0,1,49.0,,voiture,,1,2,1,1,6
202200006395,2022-07-02 01:30:00,2022,7,2,1,30,75,75107,QUAI D ORSAY,48.862424,2.303192,Nuit avec éclairage allumé,En agglomération,Hors intersection,Normale,Autre collision,4,2,4,1,1,1,1,0,1,30,1,1,0,0,0,1,25.0,,deux_roues,,5,2,1,1,6
202200006396,2022-07-02 02:05:00,2022,7,2,2,5,75,75103,RUE DES QUATRE FILS,48.859952,2.36077,Nuit avec éclairage non allumé,En agglomération,Intersection en X,Normale,Autre collision,4,1,1,0,1,1,1,0,1,30,1,1,0,0,0,1,40.0,,deux_roues,,4,2,2,1,6
202200006397,2022-07-02 21:50:00,2022,7,2,21,50,94,94067,Avenue Daumesnil,48.83418,2.41732,Nuit avec éclairage allumé,En agglomération,Autre intersection,Normale,Deux véhicules - côté,4,-1,2,0,1,1,1,0,1,50,2,2,1,0,0,1,20.0,,deux_roues,autre,5,2,9,1,3
202200006398,2022-07-02 15:15:00,2022,7,2,15,15,94,94076,JULES VERNE (R),48.798893,2.348026,Plein jour,En agglomération,Hors intersection,Normale,Deux véhicules - frontale,4,-1,0,0,1,1,1,0,1,50,2,3,2,0,0,1,52.0,46.0,deux_roues,voiture,1,2,1,1,1
202200006399,2022-07-01 21:10:00,2022,7,1,21,10,94,94076,Avenue de Stalingrad,48.78277,2.36701,Nuit avec éclairage allumé,En agglomération,Intersection en T,Normale,Deux véhicules - arrière,3,2,4,0,1,1,1,0,1,50,2,2,1,1,0,0,20.0,16.0,voiture,deux_roues,5,2,3,1,2
202200006400,2022-07-02 15:55:00,2022,7,2,15,55,94,94038,Avenue Flouquet,48.76717,2.31913,Plein jour,En agglomération,Intersection en T,Temps éblouissant,Deux véhicules - côté,3,2,2,0,1,1,1,0,1,50,2,2,1,0,0,1,77.0,48.0,voiture,deux_roues,1,2,3,7,3
202200006401,2022-07-02 15:20:00,2022,7,2,15,20,94,94073,LUXEMBOURG (AV DU),48.76103,2.37114,Plein jour,En agglomération,Hors intersection,Normale,Deux véhicules - côté,4,2,2,0,1,1,1,0,1,50,1,2,1,0,0,1,34.0,,transport_commun,,1,2,1,1,3
202200006402,2022-07-02 01:40:00,2022,7,2,1,40,94,94033,Avenue de la Belle Gabrielle,48.8401612735,2.4664673179,Nuit avec éclairage allumé,En agglomération,Hors intersection,Normale,Deux véhicules - côté,4,1,1,0,1,1,1,0,1,50,2,2,1,0,0,1,22.0,37.0,deux_roues,voiture,5,2,1,1,3
202200006403,2022-07-01 20:10:00,2022,7,1,20,10,94,94033,Boulevard Galliéni,48.84993,2.47665,Plein jour,En agglomération,Hors intersection,Normale,Deux véhicules - arrière,3,2,2,0,1,1,1,0,1,30,2,2,1,0,0,1,22.0,46.0,deux_roues,voiture,1,2,1,1,2
202200006404,2022-07-02 08:00:00,2022,7,2,8,0,94,94011,Avenue du 19 Mars 1962 / Quai du Rancy,48.77584,2.49009,Plein jour,En agglomération,Intersection en X,Normale,Deux véhicules - frontale,3,2,2,0,1,1,1,0,1,50,2,2,1,0,0,1,59.0,32.0,voiture,deux_roues,1,2,2,1,1
202200006405,2022-07-02 00:06:00,2022,7,2,0,6,94,94028,Rue Camille Robert,48.77795,2.4708,Nuit avec éclairage allumé,En agglomération,Hors intersection,Normale,Deux véhicules - côté,4,1,1,0,1,1,1,0,1,50,2,2,1,0,0,1,29.0,22.0,voiture,deux_roues,5,2,1,1,3
202200006406,2022-07-02 20:30:00,2022,7,2,20,30,93,93073,rue du Fortin,48.98672,2.52418,Plein jour,En agglomération,Hors intersection,Normale,Deux véhicules - frontale,4,2,2,0,1,1,1,0,1,50,2,3,2,0,0,1,23.0,41.0,deux_roues,voiture,1,2,1,1,1
202200006407,2022-07-02 18:10:00,2022,7,2,18,10,93,93078,Boulevard Robert Ballanger,48.95502,2.53752,Plein jour,En agglomération,Hors intersection,Normale,Deux véhicules - arrière,3,3,2,0,1,1,1,0,1,50,2,2,1,0,0,1,36.0,44.0,voiture,voiture,1,2,1,1,2
202200006408,2022-07-02 19:30:00,2022,7,2,19,30,93,93071,Avenue du General Leclerc,48.9391382676,2.5263807178,Plein jour,En agglomération,Hors intersection,Normale,Autre collision,3,2,2,0,1,1,1,0,1,50,1,4,2,0,0,2,38.0,,voiture,,1,2,1,1,6
202200006409,2022-07-02 15:25:00,2022,7,2,15,25,93,93051,Avenue Aristide Briand / Rue du Docteur Jean Vaquier,48.84775,2.55276,Plein jour,En agglomération,Intersection en X,Normale,Deux véhicules - côté,4,2,2,0,2,1,1,0,1,50,2,4,2,0,0,2,48.0,44.0,voiture,transport_commun,1,2,2,1,3
202200006410,2022-07-02 14:36:00,2022,7,2,14,36,93,93051,Boulevard du Levant / Boulevard du Rempart,48.83722,2.54707,Plein jour,En agglomération,Giratoire,Normale,Deux véhicules - côté,3,1,2,0,1,2,1,0,1,50,2,2,1,0,0,1,20.0,49.0,utilitaire_camion,deux_roues,1,2,6,1,3
202200006411,2022-07-02 17:15:00,2022,7,2,17,15,93,93048,Rue de Paris,48.8557679622,2.4233125449,Plein jour,En agglomération,Hors intersection,Temps éblouissant,Autre collision,3,2,2,0,1,1,1,0,1,50,1,2,0,0,0,2,29.0,,deux_roues,,1,2,1,7,6
202200006412,2022-07-01 23:10:00,2022,7,1,23,10,93,93007,Avenue du 8 Mai 1945 / Rue Diderot,48.94508,2.4352,Nuit sans éclairage public,En agglomération,Intersection en T,Normale,Deux véhicules - côté,3,3,4,3,1,1,1,9,8,50,2,6,4,0,0,2,21.0,43.0,utilitaire_camion,utilitaire_camion,3,2,3,1,3
202200006413,2022-07-02 20:40:00,2022,7,2,20,40,93,93010,Rue des Ecoles,48.9072898733,2.4880889654,Plein jour,En agglomération,Hors intersection,Normale,Autre collision,4,1,1,0,1,2,1,0,1,30,1,1,0,0,0,1,47.0,,voiture,,1,2,1,1,6
202200006414,2022-07-02 01:45:00,2022,7,2,1,45,93,93057,Avenue de Rome / Quai d’Amsterdam,48.914721,2.501807,Nuit avec éclairage allumé,En agglomération,Intersection en T,Normale,Autre collision,3,2,2,0,1,1,1,2,1,50,1,1,0,0,0,1,21.0,,voiture,,5,2,3,1,6
202200006415,2022-07-01 23:00:00,2022,7,1,23,0,93,93001,174 Boulevard Félix Faure,48.9114288028,2.3753508925,Nuit avec éclairage allumé,En agglomération,Hors intersection,Normale,Autre collision,3,2,2,0,1,2,1,0,4,50,1,1,0,0,0,1,42.0,,voiture,,5,2,1,1,6
202200006416,2022-07-02 20:00:00,2022,7,2,20,0,92,92049,VERDIER AVENUE AUTRES N°,48.8161375729,2.3100467473,Plein jour,En agglomération,Hors intersection,Normale,Deux véhicules - côté,4,2,2,0,1,1,1,0,1,50,2,2,1,0,0,1,37.0,60.0,deux_roues,voiture,1,2,1,1,3
202200006417,2022-07-02 09:00:00,2022,7,2,9,0,92,92035,République ( boulevard de la ),48.9065459865,2.2470836341,Plein jour,En agglomération,Hors intersection,Normale,Trois véhicules et plus - collisions multiples,3,2,2,0,1,1,1,0,1,50,3,4,2,0,0,2,33.0,32.0,utilitaire_camion,voiture,1,2,1,1,5
202200006418,2022-07-02 15:00:00,2022,7,2,15,0,92,92004,ARGENTEUIL AV D',48.9155939618,2.2826703787,Plein jour,Hors agglomération,Hors intersection,Normale,Deux véhicules - côté,3,-1,2,0,1,1,1,0,1,70,2,2,1,0,0,1,25.0,21.0,voiture,autre,1,1,1,1,3
202200006419,2022-07-01 16:50:00,2022,7,1,16,50,92,92002,ARISTIDE BRIAND (AVENUE),48.7588814357,2.3071482181,Plein jour,En agglomération,Hors intersection,Normale,Deux véhicules - arrière,3,2,3,0,1,1,1,0,1,50,2,2,1,0,1,0,60.0,91.0,voiture,voiture,1,2,1,1,2
202200006420,2022-07-03 01:40:00,2022,7,3,1,40,60,60396,RD 938,49.546431,2.637599,Nuit sans éclairage public,Hors agglomération,Hors intersection,Normale,Sans collision,3,2,2,0,3,1,1,0,3,80,1,1,0,0,0,1,33.0,,voiture,,3,1,1,1,7
202200006421,2022-06-21 10:40:00,2022,6,21,10,40,80,80016,2 rue Felix FAURE,50.006012,2.647638,Plein jour,En agglomération,Hors intersection,Normale,Autre collision,3,2,2,0,1,1,1,0,1,50,1,2,1,0,1,0,44.0,,voiture,,1,2,1,1,6
202200006422,2022-07-02 22:00:00,2022,7,2,22,0,37,37031,35 Rue du Pont du Gué,47.292405,0.189243,Nuit sans éclairage public,En agglomération,Intersection en Y,Normale,Deux véhicules - frontale,3,2,2,0,4,3,1,0,1,50,2,7,5,0,2,0,21.0,14.0,voiture,deux_roues,3,2,4,1,1
202200006423,2022-07-03 01:00:00,2022,7,3,1,0,54,54089,RD37,48.760390034,6.2696743013,Nuit sans éclairage public,Hors agglomération,Hors intersection,Normale,Autre collision,3,2,2,0,1,1,1,0,8,80,1,1,0,0,1,0,34.0,,voiture,,3,1,1,1,6
202200006424,2022-07-02 02:15:00,2022,7,2,2,15,24,24139,Route de Maraval,45.127038,0.652887,Nuit sans éclairage public,Hors agglomération,Hors intersection,Normale,Autre collision,4,2,2,0,2,1,1,0,3,-1,1,4,2,1,1,0,20.0,,voiture,,3,1,1,1,6
202200006425,2022-07-03 20:57:00,2022,7,3,20,57,91,91016,D6,48.301656,2.009146,Plein jour,Hors agglomération,Hors intersection,Normale,Sans collision,3,3,2,0,1,1,1,0,3,80,1,1,0,0,0,1,60.0,,voiture,,1,1,1,1,7
202200006426,2022-07-02 13:13:00,2022,7,2,13,13,95,95452,RD 78,49.126699,2.282404,Plein jour,Hors agglomération,Hors intersection,Normale,Autre collision,3,2,2,0,1,1,1,0,3,90,1,1,0,0,0,1,22.0,,voiture,,1,1,1,1,6
202200006427,2022-07-02 15:30:00,2022,7,2,15,30,974,97401,114 Chemin Numero 1,-21.249997,55.353627,Crépuscule ou aube,En agglomération,Hors intersection,Normale,Deux véhicules - frontale,4,2,2,0,2,3,1,8,1,50,2,2,1,0,0,1,64.0,25.0,voiture,voiture,2,2,1,1,1
202200006428,2022-07-03 05:30:00,2022,7,3,5,30,972,97222,RN1,14.667702,-60.963569,Crépuscule ou aube,Hors agglomération,Hors intersection,Normale,Deux véhicules - frontale,2,2,2,0,1,1,1,0,1,80,2,2,0,0,2,0,34.0,49.0,voiture,voiture,2,1,1,1,1
202200006429,2022-06-30 16:00:00,2022,6,30,16,0,86,86070,D951,46.575395,0.676716,Plein jour,Hors agglomération,Hors intersection,Pluie forte,Deux véhicules - frontale,3,2,3,0,2,1,2,0,1,80,2,3,0,0,1,2,54.0,65.0,utilitaire_camion,autre,1,1,1,3,1
202200006430,2022-07-03 11:05:00,2022,7,3,11,5,21,21630,262+400,47.257682,4.530031,Plein jour,Hors agglomération,Hors intersection,Normale,Deux véhicules - arrière,1,1,2,0,1,1,1,0,1,130,2,5,1,0,3,1,52.0,36.0,voiture,utilitaire_camion,1,1,1,1,2
202200006431,2022-07-02 20:10:00,2022,7,2,20,10,71,71384,A6 PK 341+700,46.688309,4.844756,Plein jour,Hors agglomération,Hors intersection,Normale,Deux véhicules - arrière,1,3,5,0,1,1,1,0,1,130,2,2,1,0,0,1,59.0,25.0,voiture,voiture,1,1,1,1,2
202200006432,2022-07-02 19:00:00,2022,7,2,19,0,62,62506,426 Rue de l Abbe Pruvost,50.788181,1.930794,Plein jour,En agglomération,Intersection en Y,Normale,Deux véhicules - côté,4,2,2,0,1,3,1,0,1,50,2,2,1,0,1,0,40.0,50.0,deux_roues,voiture,1,2,4,1,3
202200006433,2022-07-02 05:30:00,2022,7,2,5,30,84,84083,3361b Route Nationale 7,44.212905,4.72557,Crépuscule ou aube,Hors agglomération,Hors intersection,Normale,,2,2,2,0,1,1,1,0,3,70,1,2,0,0,1,1,28.0,,voiture,,2,1,1,1,-1
202200006434,2022-07-03 01:21:00,2022,7,3,1,21,40,40246,Route de Luglon,44.145078,-0.741503,Nuit sans éclairage public,Hors agglomération,Hors intersection,Normale,Autre collision,3,2,2,0,1,1,1,0,1,-1,1,1,0,1,0,0,30.0,,voiture,,3,1,1,1,6
202200006435,2022-07-02 10:25:00,2022,7,2,10,25,51,51555,N4,48.735078,4.300225,Plein jour,Hors agglomération,Intersection en X,Temps éblouissant,Deux véhicules - côté,2,2,2,0,4,1,1,0,1,80,2,2,1,0,0,1,49.0,71.0,voiture,utilitaire_camion,1,1,2,7,3
202200006436,2022-07-01 18:05:00,2022,7,1,18,5,56,56185,73 Rue Jean Jaures,47.784435,-3.415249,Plein jour,En agglomération,Hors intersection,Normale,Deux véhicules - arrière,3,2,2,0,1,1,1,0,1,50,2,2,1,0,1,0,52.0,55.0,deux_roues,voiture,1,2,1,1,2
202200006437,2022-07-03 07:00:00,2022,7,3,7,0,76,76025,Route des Vallons,49.545846,1.512326,Plein jour,Hors agglomération,Hors intersection,Normale,Autre collision,3,2,2,0,1,1,1,0,3,80,1,3,0,0,1,2,25.0,,voiture,,1,1,1,1,6
202200006438,2022-07-03 12:10:00,2022,7,3,12,10,80,80017,D1017,49.96067,2.924445,Plein jour,Hors agglomération,Hors intersection,Normale,Sans collision,3,2,2,0,2,1,1,0,1,80,1,1,0,0,1,0,21.0,,voiture,,1,1,1,1,7
202200006439,2022-07-02 20:10:00,2022,7,2,20,10,89,89062,D8,47.926113,3.85236,Plein jour,Hors agglomération,Hors intersection,Normale,Deux véhicules - frontale,3,2,2,0,1,3,1,0,1,80,2,3,1,1,0,1,24.0,51.0,voiture,voiture,1,1,1,1,1
202200006440,2022-07-02 17:30:00,2022,7,2,17,30,63,63003,Rd 996,45.5355185297,3.7752143472,Plein jour,Hors agglomération,Hors intersection,Normale,Sans collision,3,2,2,0,1,2,1,0,1,80,1,1,0,0,0,1,23.0,,deux_roues,,1,1,1,1,7
202200006441,2022-07-02 15:00:00,2022,7,2,15,0,63,63371,Chaillargues Haut,45.468408,3.802407,Plein jour,Hors agglomération,Autre intersection,Normale,Autre collision,9,4,2,0,1,3,1,9,8,-1,1,1,0,0,1,0,,,,,1,1,9,1,6
202200006442,2022-07-03 10:30:00,2022,7,3,10,30,63,63374,Longechaud,45.539662,3.794843,Plein jour,Hors agglomération,Hors intersection,Normale,Sans collision,3,2,2,0,2,3,1,0,1,50,1,1,0,0,1,0,49.0,,deux_roues,,1,1,1,1,7
202200006443,2022-07-01 14:45:00,2022,7,1,14,45,76,76711,2 Avenue Jean Moulin,50.055475,1.365915,Plein jour,En agglomération,Hors intersection,Normale,Autre collision,4,1,1,0,1,1,1,6,1,30,1,2,1,0,0,1,26.0,,voiture,,1,2,1,1,6
202200006444,2022-07-03 08:15:00,2022,7,3,8,15,41,41049,Rue des Vignes,47.375819,1.507839,Plein jour,Hors agglomération,Hors intersection,Normale,Sans collision,4,2,2,0,1,2,1,0,1,80,1,2,1,0,1,0,40.0,,voiture,,1,1,1,1,7