accident_id,datetime,annee,mois,jour,heure,minute,departement,commune_insee,adresse,latitude,longitude,luminosite,agglomeration,intersection,meteo,collision,catr,circ,nbv,vosp,prof,plan,surf,infra,situ,vma,nb_vehicules,nb_usagers,nb_indemnes,nb_tues,nb_blesses_hosp,nb_blesses_legers,age_cond_1,age_cond_2,veh_type_cond_1,veh_type_cond_2,lum_code,agg_code,int_code,atm_code,col_code
202200006537,2022-02-09 09:45:00,2022,2,9,9,45,06,06083,"SOLEIL (PROMENADE DU, N° 850 A 960)",43.77064,7.49497,Plein jour,En agglomération,Intersection en T,Normale,Trois véhicules et plus - collisions multiples,3,2,2,0,1,1,1,0,1,50,3,3,2,0,1,0,55.0,22.0,voiture,deux_roues,1,2,3,1,5
202200006538,2022-02-11 18:45:00,2022,2,11,18,45,06,06069,FRAGONARD (BOULEVARD ET IMPASSE),43.656973,6.9224,Nuit avec éclairage allumé,En agglomération,Autre intersection,Normale,Autre collision,3,2,2,0,1,1,1,0,1,30,1,2,1,0,0,1,33.0,,deux_roues,,5,2,9,1,6
202200006539,2022-02-11 20:45:00,2022,2,11,20,45,01,01344,GRANDES CADALLES (CHEMIN DES),46.20995,5.20426,Nuit avec éclairage allumé,Hors agglomération,Intersection en X,Normale,Deux véhicules - côté,3,2,2,0,1,3,1,5,1,70,2,2,1,0,0,1,36.0,44.0,voiture,voiture,5,1,2,1,3
202200006540,2022-02-10 01:35:00,2022,2,10,1,35,01,01451,PARIS (ROUTE DE),46.218984,5.211483,Nuit avec éclairage allumé,En agglomération,Hors intersection,Normale,Deux véhicules - arrière,3,2,7,0,1,1,1,0,1,70,2,2,1,0,0,1,21.0,46.0,voiture,voiture,5,2,1,1,2
202200006541,2022-02-11 18:00:00,2022,2,11,18,0,75,75116,BD PERIPHERIQUE EXTERIEUR,48.8610069012,2.2637481987,Nuit avec éclairage allumé,En agglomération,Intersection en Y,Normale,Deux véhicules - arrière,4,1,4,0,1,1,1,0,1,70,2,2,1,0,1,0,60.0,18.0,deux_roues,voiture,5,2,4,1,2
202200006542,2022-02-10 13:50:00,2022,2,10,13,50,75,75117,PORTE DE CLICHY,48.886562,2.290077,Plein jour,En agglomération,Intersection à plus de 4 branches,Pluie légère,Deux véhicules - côté,4,1,4,0,1,1,2,0,1,30,2,2,1,0,0,1,,25.0,voiture,deux_roues,1,2,5,2,3
202200006543,2022-02-08 09:40:00,2022,2,8,9,40,75,75104,QUAI DE LA CORSE,48.855074,2.35028,Plein jour,En agglomération,Intersection en X,Normale,Deux véhicules - côté,4,1,2,0,1,1,1,0,1,30,2,6,0,0,0,6,26.0,37.0,voiture,utilitaire_camion,1,2,2,1,3
202200006544,2022-02-11 12:15:00,2022,2,11,12,15,75,75105,RUE DES ECOLES,48.8493709993,2.3457017541,Plein jour,En agglomération,Intersection en T,Normale,Deux véhicules - côté,4,2,3,3,1,1,1,-1,6,30,2,2,1,0,0,1,49.0,31.0,utilitaire_camion,deux_roues,1,2,3,1,3
202200006545,2022-02-11 09:05:00,2022,2,11,9,5,75,75119,AVENUE SIMON BOLIVAR,48.8799991397,2.3743061721,Plein jour,En agglomération,Hors intersection,Normale,Deux véhicules - côté,4,2,2,0,2,1,1,0,1,30,2,2,1,0,0,1,40.0,49.0,voiture,deux_roues,1,2,1,1,3
202200006546,2022-02-11 11:00:00,2022,2,11,11,0,75,75117,PLACE DE CLICHY,48.883526,2.326865,Plein jour,En agglomération,Place,Normale,Deux véhicules - côté,4,-1,2,0,1,1,1,0,1,30,2,2,1,0,0,1,21.0,57.0,utilitaire_camion,deux_roues,1,2,7,1,3
202200006547,2022-02-11 10:30:00,2022,2,11,10,30,75,75116,AVENUE DE L HIPPODROME,48.8622856265,2.238316834,Plein jour,En agglomération,Intersection en X,Normale,Deux véhicules - côté,4,2,2,0,1,1,1,0,1,50,2,2,1,0,0,1,77.0,25.0,voiture,deux_roues,1,2,2,1,3
202200006548,2022-02-10 20:27:00,2022,2,10,20,27,75,75116,AVENUE D EYLAU,48.863307,2.286657,Nuit avec éclairage allumé,En agglomération,Place,Pluie légère,Autre collision,4,1, -1,0,1,1,2,0,1,30,1,2,1,0,0,1,22.0,,deux_roues,,5,2,7,2,6
202200006549,2022-02-10 14:36:00,2022,2,10,14,36,75,75116,AVENUE FERDINAND BUISSON,48.838542,2.25222,Plein jour,En agglomération,Intersection en T,Normale,Deux véhicules - côté,4,3,2,0,1,1,1,0,1,30,2,2,1,0,0,1,64.0,22.0,deux_roues,utilitaire_camion,1,2,3,1,3
202200006550,2022-02-11 09:00:00,2022,2,11,9,0,75,75115,QUAI BRANLY,48.8546010189,2.2888885438,Plein jour,En agglomération,Intersection en X,Normale,Deux véhicules - frontale,4,2,3,1,1,1,1,-1,5,30,2,2,0,0,0,2,17.0,27.0,deux_roues,deux_roues,1,2,2,1,1
202200006551,2022-02-11 17:35:00,2022,2,11,17,35,75,75114,AVENUE DU MAINE,48.830227,2.325893,Nuit avec éclairage allumé,En agglomération,Intersection en Y,Normale,Autre collision,4,2,4,0,1,1,1,0,1,30,1,2,1,0,0,1,29.0,,deux_roues,,5,2,4,1,6
202200006552,2022-02-11 11:15:00,2022,2,11,11,15,75,75112,BOULEVARD DE BERCY,48.839937,2.382341,Plein jour,En agglomération,Intersection en T,Normale,Autre collision,4,2,4,0,1,1,1,0,1,30,1,2,1,0,0,1,24.0,,voiture,,1,2,3,1,6
202200006553,2022-02-11 10:00:00,2022,2,11,10,0,75,75112,RUE DE CHARENTON,48.8369473662,2.3915407062,Plein jour,En agglomération,Intersection en Y,Normale,Deux véhicules - côté,4,2,4,0,1,1,1,0,1,30,2,2,1,0,0,1,27.0,,deux_roues,utilitaire_camion,1,2,4,1,3
202200006554,2022-02-11 08:03:00,2022,2,11,8,3,75,75112,QUAI DE LA RAPEE,48.8448382662,2.3688974977,Plein jour,En agglomération,Hors intersection,Normale,Deux véhicules - côté,4,1,4,0,1,1,1,0,1,50,2,2,1,0,0,1,60.0,35.0,deux_roues,utilitaire_camion,1,2,1,1,3
202200006555,2022-02-11 11:00:00,2022,2,11,11,0,75,75110,RUE DU FAUBOURG SAINT MARTIN,48.8761036575,2.3605719209,Plein jour,En agglomération,Intersection en T,Temps éblouissant,Deux véhicules - côté,4,2,2,0,1,1,1,0,1,30,2,2,1,0,0,1,42.0,33.0,deux_roues,utilitaire_camion,1,2,3,7,3
202200006556,2022-02-11 15:00:00,2022,2,11,15,0,75,75108,RUE DE ROME,48.876238,2.323609,Plein jour,En agglomération,Hors intersection,Normale,Deux véhicules - côté,4,2,4,0,1,1,1,0,1,30,2,2,1,0,0,1,43.0,43.0,voiture,deux_roues,1,2,1,1,3
202200006557,2022-02-11 12:05:00,2022,2,11,12,5,75,75104,QUAI DES CELESTINS,48.8533315098,2.3578199744,Plein jour,En agglomération,Intersection en X,Normale,Deux véhicules - côté,4,2,4,0,1,1,1,2,1,50,2,2,1,0,0,1,57.0,74.0,utilitaire_camion,deux_roues,1,2,2,1,3
202200006558,2022-02-10 18:16:00,2022,2,10,18,16,75,75104,RUE DE RIVOLI,48.856285,2.356602,Nuit avec éclairage allumé,En agglomération,Intersection en X,Pluie forte,Autre collision,4,1,3,1,1,1,2,0,5,30,1,2,1,0,1,0,,,deux_roues,,5,2,2,3,6
202200006559,2022-02-11 15:55:00,2022,2,11,15,55,94,94044,Rue Jean-Marie Prugnot,48.75089,2.48455,Plein jour,En agglomération,Intersection en T,Normale,Deux véhicules - côté,3,2,2,0,1,1,1,0,1,50,2,2,1,0,0,1,17.0,57.0,deux_roues,voiture,1,2,3,1,3
202200006560,2022-02-10 20:00:00,2022,2,10,20,0,94,94068,Place ,48.79929,2.48983,Nuit avec éclairage allumé,En agglomération,Intersection en X,Pluie légère,Deux véhicules - frontale,3,2,2,0,1,4,2,0,1,30,2,2,1,0,1,0,67.0,21.0,voiture,deux_roues,5,2,2,2,1
202200006561,2022-02-11 15:25:00,2022,2,11,15,25,94,94076,Boulevard Maxime Gorki,48.79595,2.36838,Plein jour,En agglomération,Hors intersection,Normale,Deux véhicules - côté,3,2,4,3,1,1,1,0,1,50,2,2,1,0,0,1,60.0,32.0,deux_roues,voiture,1,2,1,1,3
202200006562,2022-02-10 19:00:00,2022,2,10,19,0,94,94076,36 Rue Marcel Grosménil,48.79841,2.354955,Nuit avec éclairage allumé,En agglomération,Hors intersection,Pluie légère,Autre collision,4,-1,2,0,1,1,2,0,1,50,1,3,2,0,0,1,53.0,,deux_roues,,5,2,1,2,6
202200006563,2022-02-11 17:45:00,2022,2,11,17,45,94,94073,Allée de Bretagne,48.75761,2.40271,Crépuscule ou aube,En agglomération,Intersection en T,Normale,Autre collision,4,2,2,0,1,1,1,0,4,30,1,2,1,0,0,1,59.0,,voiture,,2,2,3,1,6
202200006564,2022-02-11 09:15:00,2022,2,11,9,15,94,94034,DIVISION LECLERC - CAR DE LA DEPORTATION,48.761,2.31858,Plein jour,En agglomération,Hors intersection,Autre,Deux véhicules - arrière,3,1,3,0,2,1,2,0,1,50,2,2,1,0,0,1,32.0,29.0,voiture,voiture,1,2,1,9,2
202200006565,2022-02-10 19:00:00,2022,2,10,19,0,94,94033,Avenue de Neuilly / Rue Marceau,48.8476,2.48789,Nuit avec éclairage allumé,En agglomération,Intersection en X,Pluie forte,Deux véhicules - côté,3,2,2,0,2,1,2,0,1,50,2,3,1,0,0,2,20.0,31.0,voiture,voiture,5,2,2,3,3
202200006566,2022-02-10 14:00:00,2022,2,10,14,0,94,94011,Avenue Jean Monnet / Rue Pierre Sémard,48.76302,2.47954,Plein jour,En agglomération,Intersection en X,Normale,Deux véhicules - côté,3,1,2,0,1,2,2,5,1,50,2,3,2,0,0,1,40.0,42.0,voiture,voiture,1,2,2,1,3
202200006567,2022-02-11 16:45:00,2022,2,11,16,45,94,94022,Avenue Gambetta,48.76372,2.4033,Crépuscule ou aube,En agglomération,Hors intersection,Normale,Autre collision,3,2,6,3,1,1,1,5,6,50,1,2,1,0,0,1,39.0,,transport_commun,,2,2,1,1,6
202200006568,2022-02-10 10:00:00,2022,2,10,10,0,94,94022,Rue Fauler Prolongee / Quai Jules Guesde,48.77343,2.40996,Plein jour,En agglomération,Intersection en T,Normale,Deux véhicules - côté,3,3,3,0,2,3,1,0,1,50,2,2,0,0,0,2,55.0,43.0,voiture,deux_roues,1,2,3,1,3
202200006569,2022-02-11 09:56:00,2022,2,11,9,56,94,94070,Rue du Réveillon,48.7263869113,2.5675005911,Plein jour,En agglomération,Hors intersection,Normale,Sans collision,4,-1,1,0,1,1,1,0,3,50,1,1,0,0,0,1,46.0,,deux_roues,,1,2,1,1,7
202200006570,2022-02-11 14:00:00,2022,2,11,14,0,93,93073,Circuit Carole / Avenue du Valquiou,48.98192,2.52584,Plein jour,En agglomération,Giratoire,Normale,Sans collision,4,3,4,0,1,3,1,0,1,50,1,1,0,0,0,1,25.0,,deux_roues,,1,2,6,1,7
202200006571,2022-02-11 10:30:00,2022,2,11,10,30,93,93073,RAPERIE (RUE DE LA),48.973392147,2.5614669391,Plein jour,En agglomération,Hors intersection,Normale,Autre collision,3,2,2,0,1,1,1,0,1,50,1,2,1,0,0,1,19.0,,voiture,,1,2,1,1,6
202200006572,2022-02-11 22:28:00,2022,2,11,22,28,93,93070,Place de la Republique,48.912,2.33406,Nuit avec éclairage allumé,En agglomération,Place,Normale,Autre collision,3,3,6,3,1,1,1,5,6,50,1,2,1,0,0,1,39.0,,autre,,5,2,7,1,6
202200006573,2022-02-11 16:55:00,2022,2,11,16,55,93,93006,GAMBETTA AV.,48.8762037678,2.4231597036,Plein jour,En agglomération,Intersection à plus de 4 branches,Normale,Deux véhicules - côté,3,-1,2,0,1,1,1,0,1,50,2,2,1,0,0,1,22.0,50.0,deux_roues,voiture,1,2,5,1,3
202200006574,2022-02-11 13:00:00,2022,2,11,13,0,93,93063,BARBUSSE HENRI BOULEVARD,48.8797715932,2.4411374331,Plein jour,En agglomération,Intersection en X,Normale,Deux véhicules - côté,3,2,2,0,1,1,1,0,1,50,2,2,1,0,0,1,31.0,58.0,voiture,deux_roues,1,2,2,1,3
202200006575,2022-02-11 00:20:00,2022,2,11,0,20,93,93027,Avenue Jean Jaurès / Avenue Paul Vaillant Couturier,48.92089,2.41053,Nuit avec éclairage allumé,En agglomération,Place,Pluie légère,Deux véhicules - arrière,3,3,2,0,1,1,2,0,1,50,2,4,1,0,0,3,24.0,58.0,voiture,voiture,5,2,7,2,2
202200006576,2022-02-11 22:35:00,2022,2,11,22,35,93,93010,AULNAY (PONT D'),48.9072253871,2.4802791077,Nuit avec éclairage allumé,En agglomération,Hors intersection,Autre,Deux véhicules - côté,3,2,2,0,2,1,1,2,1,50,2,2,1,0,0,1,50.0,43.0,autre,autre,5,2,1,9,3
202200006577,2022-02-10 22:45:00,2022,2,10,22,45,93,93010,NOEMIE (RUE),48.90017,2.48625,Nuit avec éclairage allumé,En agglomération,Intersection en T,Normale,Deux véhicules - côté,4,2,1,0,1,1,2,0,1,50,2,2,1,0,0,1,41.0,21.0,voiture,voiture,5,2,3,1,3
202200006578,2022-02-11 12:25:00,2022,2,11,12,25,93,93008,STALINGRAD (RUE DE) A10,48.9163337355,2.423000624,Plein jour,En agglomération,Hors intersection,Normale,Autre collision,3,2,4,3,1,1,1,4,6,50,1,2,1,0,1,0,30.0,,transport_commun,,1,2,1,1,6
202200006579,2022-02-11 10:05:00,2022,2,11,10,5,93,93005,QUATORZE JUILLET (AVENUE DU),48.9291020424,2.4953770638,Plein jour,En agglomération,Intersection en X,Normale,Autre collision,4,2,2,3,1,1,2,0,1,30,1,2,1,0,0,1,26.0,,utilitaire_camion,,1,2,2,1,6
202200006580,2022-02-11 14:10:00,2022,2,11,14,10,93,93005,MITRY [CD115] (ROUTE DE),48.9464249962,2.5108408824,Plein jour,En agglomération,Autre intersection,Normale,Deux véhicules - côté,3,-1,2,0,1,1,1,9,1,50,2,3,1,0,0,1,,18.0,autre,deux_roues,1,2,9,1,3
202200006581,2022-02-11 12:20:00,2022,2,11,12,20,92,92073,CARNOT (RUE),48.8717381519,2.2253046334,Plein jour,En agglomération,Intersection en X,Normale,Autre collision,3,2,2,0,1,1,1,0,1,30,1,2,1,0,0,1,19.0,,utilitaire_camion,,1,2,2,1,6
202200006582,2022-02-11 14:00:00,2022,2,11,14,0,92,92077,THIERRY (AVENUE),48.8276373601,2.1839680374,Plein jour,En agglomération,Hors intersection,Normale,Sans collision,4,2,2,0,1,1,2,0,1,30,1,1,0,0,0,1,27.0,,deux_roues,,1,2,1,1,7
202200006583,2022-02-09 22:50:00,2022,2,9,22,50,92,92077,MARNES (RUE DE),48.8271309349,2.1860236823,Nuit avec éclairage allumé,En agglomération,Intersection en T,Normale,Autre collision,3,2,2,0,1,3,1,0,1,30,1,2,1,0,1,0,22.0,,deux_roues,,5,2,3,1,6
202200006584,2022-02-11 20:35:00,2022,2,11,20,35,92,92044,VIC. HUGO(RUE)001A067 ET002A078,48.8945519173,2.2981054187,Nuit avec éclairage allumé,En agglomération,Hors intersection,Normale,Autre collision,3,2,3,3,1,1,1,0,1,50,2,2,1,0,0,1,67.0,33.0,voiture,deux_roues,5,2,1,1,6
202200006585,2022-02-11 16:45:00,2022,2,11,16,45,92,92040,GAMBETTA (BOULEVARD),48.827726,2.275438,Plein jour,En agglomération,Intersection en T,Normale,Deux véhicules - côté,3,2,2,0,1,1,1,0,1,30,2,2,1,0,0,1,23.0,45.0,deux_roues,voiture,1,2,3,1,3
202200006586,2022-02-11 16:45:00,2022,2,11,16,45,92,92026,GEORGES CLEMENCEAU,48.9029787196,2.2710918188,Plein jour,En agglomération,Hors intersection,Normale,Deux véhicules - côté,3,2,4,1,1,1,1,0,1,50,2,2,1,0,0,1,19.0,51.0,voiture,deux_roues,1,2,1,1,3
202200006587,2022-02-11 09:20:00,2022,2,11,9,20,92,92026,JOFFRE ( DE 52 A FIN ET DE 61 A FIN ),48.8999798394,2.2730924785,Plein jour,En agglomération,Hors intersection,Normale,Trois véhicules et plus - en chaîne,3,3,4,0,1,1,1,0,1,50,4,4,3,0,0,1,25.0,30.0,utilitaire_camion,utilitaire_camion,1,2,1,1,4
202200006588,2022-02-11 07:40:00,2022,2,11,7,40,92,92026,JOFFRE ( DE 30 A 50 ET DE 31 A 55 ),48.9004104155,2.2744217813,Crépuscule ou aube,En agglomération,Hors intersection,Normale,Autre collision,3,3,4,0,1,1,1,0,3,50,1,2,1,0,1,0,48.0,,voiture,,2,2,1,1,6
202200006589,2022-02-10 16:55:00,2022,2,10,16,55,92,92012,REPUBLIQUE (BOULEVARD DE LA) 5/77BIS - 6,48.83208,2.25307,Plein jour,En agglomération,Intersection en X,Normale,Deux véhicules - côté,3,2,0,0,1,1,1,0,1,50,2,2,1,0,0,1,59.0,56.0,deux_roues,voiture,1,2,2,1,3
202200006590,2022-02-11 20:58:00,2022,2,11,20,58,92,92007,HUGO (AVENUE VICTOR),48.8032008407,2.319109261,Nuit avec éclairage allumé,En agglomération,Intersection en T,Normale,Deux véhicules - frontale,3,2,3,0,1,1,1,9,1,50,2,6,5,0,0,1,34.0,27.0,voiture,voiture,5,2,3,1,1
202200006591,2022-02-12 13:00:00,2022,2,12,13,0,54,54571,Grande Rue,48.6161350223,6.2541738133,Plein jour,En agglomération,Hors intersection,Normale,Sans collision,3,2,2,0,1,1,1,9,1,50,1,1,0,0,1,0,48.0,,deux_roues,,1,2,1,1,7
202200006592,2022-02-11 11:25:00,2022,2,11,11,25,51,51649,Place du Général-Giraud,48.723171,4.583504,Plein jour,En agglomération,Giratoire,Normale,Sans collision,4,2,1,0,1,2,1,0,4,50,1,1,0,0,1,0,61.0,,voiture,,1,2,6,1,7
202200006593,2022-02-12 08:40:00,2022,2,12,8,40,49,49092,La Jolinière (cossé-d'Anjou),47.177477,-0.674173,Nuit sans éclairage public,Hors agglomération,Hors intersection,Normale,Sans collision,3,2,2,0,4,1,1,0,3,90,1,1,0,1,0,0,63.0,,voiture,,3,1,1,1,7
202200006594,2022-02-12 05:15:00,2022,2,12,5,15,76,76220,Route de Londinieres,49.884515,1.28864,Nuit sans éclairage public,Hors agglomération,Hors intersection,Normale,Deux véhicules - frontale,3,2,2,0,1,2,1,0,1,80,2,2,1,1,0,0,31.0,51.0,voiture,deux_roues,3,1,1,1,1
202200006595,2022-02-11 17:25:00,2022,2,11,17,25,81,81156,Chemin de Guille,43.914222,2.04563,Plein jour,Hors agglomération,Intersection en T,Normale,Deux véhicules - côté,3,2,2,1,1,1,1,0,5,50,2,2,1,0,0,1,60.0,40.0,deux_roues,voiture,1,1,3,1,3
202200006596,2022-02-11 17:00:00,2022,2,11,17,0,10,10037,40 Rue de Chamoy,48.205842,3.895404,Plein jour,En agglomération,Autre intersection,Normale,Deux véhicules - frontale,3,2,2,0,1,1,1,0,1,30,2,2,1,0,0,1,11.0,76.0,deux_roues,voiture,1,2,9,1,1
202200006597,2022-02-11 16:30:00,2022,2,11,16,30,63,63354,D 987 PK 27+50,46.0132444074,2.7815781534,Plein jour,Hors agglomération,Hors intersection,Normale,Sans collision,3,2,2,0,4,4,1,0,8,80,1,1,0,0,1,0,54.0,,voiture,,1,1,1,1,7
202200006598,2022-02-11 18:10:00,2022,2,11,18,10,74,74112,Route de Bellegarde,45.92567,6.087375,Nuit sans éclairage public,Hors agglomération,Hors intersection,Normale,Deux véhicules - arrière,3,3,2,0,1,1,1,0,1,80,2,2,1,0,1,0,26.0,17.0,voiture,deux_roues,3,1,1,1,2
202200006599,2022-02-12 15:00:00,2022,2,12,15,0,87,87148,A20 - PK 195.800,45.739705,1.340461,Plein jour,Hors agglomération,Autre intersection,Normale,Trois véhicules et plus - collisions multiples,1,3,4,3,2,1,1,3,6,130,3,3,2,0,0,1,41.0,35.0,deux_roues,deux_roues,1,1,9,1,5
202200006600,2022-02-11 09:00:00,2022,2,11,9,0,38,38030,rd1085,45.343859,5.483009,Plein jour,Hors agglomération,Giratoire,Pluie légère,Deux véhicules - frontale,3,2,2,0,1,3,2,5,1,90,2,2,1,0,1,0,25.0,62.0,voiture,deux_roues,1,1,6,2,1
202200006601,2022-02-11 14:00:00,2022,2,11,14,0,87,87021,Sous le Bastier,45.77131,1.186116,Plein jour,Hors agglomération,Autre intersection,Temps éblouissant,Deux véhicules - frontale,3,2,2,0,4,3,1,0,1,70,2,2,1,0,0,1,62.0,52.0,voiture,deux_roues,1,1,9,7,1
202200006602,2022-02-11 15:40:00,2022,2,11,15,40,74,74138,1872 Route des Bauges,45.793909,6.055739,Plein jour,Hors agglomération,Hors intersection,Normale,Deux véhicules - frontale,3,-1,2,0,1,3,1,0,1,70,2,2,1,0,1,0,42.0,55.0,voiture,deux_roues,1,1,1,1,1
202200006603,2022-02-12 13:57:00,2022,2,12,13,57,74,74225,Route de Lornay,45.881326,5.930783,Plein jour,En agglomération,Hors intersection,Normale,Deux véhicules - frontale,3,2,2,0,2,3,1,0,1,50,2,2,1,0,1,0,40.0,38.0,deux_roues,voiture,1,2,1,1,1
202200006604,2022-02-12 09:50:00,2022,2,12,9,50,55,55463,1 Rue des Carmes,48.890203,5.540832,Plein jour,En agglomération,Hors intersection,Normale,Autre collision,3,2,2,0,1,1,1,9,1,50,1,2,1,0,0,1,72.0,,voiture,,1,2,1,1,6
202200006605,2022-02-11 15:00:00,2022,2,11,15,0,49,49180,Rue Traversière,47.3737508287,-0.1092785597,Plein jour,En agglomération,Hors intersection,Normale,Sans collision,4,4,2,0,1,1,1,0,1,30,1,1,0,0,1,0,15.0,,deux_roues,,1,2,1,1,7
202200006606,2022-02-09 11:30:00,2022,2,9,11,30,22,22321,Rue du Stade,48.311155,-3.161661,Plein jour,En agglomération,Intersection en T,Temps couvert,Deux véhicules - côté,3,2,2,0,1,2,1,0,1,-1,2,2,1,0,1,0,74.0,61.0,voiture,utilitaire_camion,1,2,3,8,3
202200006607,2022-02-11 17:00:00,2022,2,11,17,0,39,39470,Parking du Balancier,46.448137,6.076586,Plein jour,Hors agglomération,Hors intersection,Normale,Deux véhicules - côté,6,-1, -1,0,1,1,5,0,1,50,2,3,2,0,1,0,19.0,,voiture,,1,1,1,1,3
202200006608,2022-02-12 14:35:00,2022,2,12,14,35,25,25349,CD 31 pk 600,47.172389,6.479943,Plein jour,Hors agglomération,Hors intersection,Normale,Deux véhicules - arrière,3,2,2,0,4,1,1,0,1,80,2,2,1,1,0,0,68.0,29.0,deux_roues,voiture,1,1,1,1,2
202200006609,2022-02-12 08:20:00,2022,2,12,8,20,44,44131,3 Les Grandes Landes,47.104726,-2.049712,Plein jour,Hors agglomération,Hors intersection,Normale,Autre collision,3,2,2,0,1,1,1,0,1,80,2,2,0,0,2,0,63.0,68.0,voiture,voiture,1,1,1,1,6
202200006610,2022-02-12 04:35:00,2022,2,12,4,35,29,29033,D48 - Pont Ar Grossec,48.247983048,-3.8658750056,Nuit sans éclairage public,Hors agglomération,Hors intersection,Normale,Autre collision,3,2,2,0,1,4,1,2,3,80,1,2,1,1,0,0,22.0,,voiture,,3,1,1,1,6
202200006611,2022-08-03 19:38:00,2022,8,3,19,38,54,54431,CORDERIE (CHEMIN DE LA),48.907549,6.04571,Plein jour,En agglomération,Intersection en X,Normale,Deux véhicules - côté,4,2,2,0,1,1,1,0,1,50,2,4,3,0,0,1,45.0,57.0,utilitaire_camion,voiture,1,2,2,1,3
202200006612,2022-02-11 19:35:00,2022,2,11,19,35,31,31107,10 Chemin de l Industrie,43.307784,1.222481,Nuit avec éclairage allumé,En agglomération,Hors intersection,Normale,Autre collision,4,2,2,0,1,1,1,0,1,50,1,2,1,0,1,0,41.0,,utilitaire_camion,,5,2,1,1,6
202200006613,2022-02-11 19:15:00,2022,2,11,19,15,01,01199,D1084,46.058227,5.386144,Nuit sans éclairage public,Hors agglomération,Intersection en T,Normale,Deux véhicules - côté,3,2,2,0,1,2,1,0,1,80,2,2,1,0,0,1,45.0,62.0,voiture,voiture,3,1,3,1,3
202200006614,2022-08-03 18:30:00,2022,8,3,18,30,50,50129,NAPOLEON (PLACE),49.64226,-1.62236,Plein jour,En agglomération,Hors intersection,Normale,Deux véhicules - arrière,4,3,3,0,1,1,1,0,1,50,2,2,1,0,0,1,35.0,22.0,voiture,voiture,1,2,1,1,2
202200006615,2022-02-12 15:45:00,2022,2,12,15,45,01,01034,D992,45.716967,5.666671,Plein jour,Hors agglomération,Intersection en T,Normale,Deux véhicules - côté,3,2,1,0,1,1,1,0,1,80,2,4,2,0,1,1,44.0,17.0,voiture,deux_roues,1,1,3,1,3
202200006616,2022-02-11 18:45:00,2022,2,11,18,45,72,72329,"lieu dit ""La Roseraie""",48.062142,0.275592,Nuit sans éclairage public,Hors agglomération,Hors intersection,Normale,Deux véhicules - arrière,3,2,2,0,1,1,1,0,1,90,2,2,1,1,0,0,23.0,66.0,deux_roues,voiture,3,1,1,1,2
202200006617,2022-02-11 04:00:00,2022,2,11,4,0,14,14057,Lieu Dit la Perquette,49.131257,-0.221636,Nuit sans éclairage public,Hors agglomération,Hors intersection,Temps couvert,Autre collision,3,2,3,0,1,1,2,0,1,90,1,2,1,0,1,0,26.0,,utilitaire_camion,,3,1,1,8,6
202200006618,2022-02-11 14:35:00,2022,2,11,14,35,05,05176,D942,44.49643,6.148549,Plein jour,Hors agglomération,Hors intersection,Normale,Sans collision,3,2,2,0,1,1,1,0,1,90,1,1,0,0,1,0,64.0,,deux_roues,,1,1,1,1,7
202200006619,2022-06-29 20:48:00,2022,6,29,20,48,49,49099,RD960,47.08027,-0.82839,Plein jour,Hors agglomération,Hors intersection,Autre,Deux véhicules - frontale,3,2,2,0,1,2,2,9,1,80,2,2,1,1,0,0,22.0,48.0,voiture,utilitaire_camion,1,1,1,9,1
202200006620,2022-02-11 13:55:00,2022,2,11,13,55,50,50267,Route du Ferrage,49.212369,-1.526032,Plein jour,En agglomération,Hors intersection,Normale,Deux véhicules - frontale,3,2,2,1,1,1,1,0,5,50,2,2,1,0,0,1,79.0,66.0,voiture,deux_roues,1,2,1,1,1
202200006621,2022-02-12 01:46:00,2022,2,12,1,46,28,28121,D954,48.098174,1.864972,Nuit sans éclairage public,Hors agglomération,Hors intersection,Normale,Sans collision,3,2,2,0,1,1,1,0,3,80,1,1,0,0,1,0,25.0,,deux_roues,,3,1,1,1,7
202200006622,2022-02-11 16:55:00,2022,2,11,16,55,17,17331,Route de Port-Maubert,45.478301,-0.572941,Plein jour,En agglomération,Intersection en X,Normale,Deux véhicules - côté,3,2,2,0,1,1,1,0,1,50,2,2,1,0,0,1,23.0,50.0,utilitaire_camion,voiture,1,2,2,1,3
202200006623,2022-02-11 12:50:00,2022,2,11,12,50,08,08185,D988,49.965791,4.659705,Plein jour,Hors agglomération,Hors intersection,Normale,Deux véhicules - frontale,3,2,2,0,1,1,1,0,1,80,2,2,0,0,0,2,28.0,25.0,voiture,voiture,1,1,1,1,1
202200006624,2022-08-03 23:05:00,2022,8,3,23,5,49,49007,LETANDUERE,47.45701,-0.55401,Nuit avec éclairage allumé,En agglomération,Intersection en X,Normale,Deux véhicules - côté,4,2,2,3,1,1,1,0,1,50,2,2,1,0,0,1,21.0,24.0,deux_roues,deux_roues,5,2,2,1,3
202200006625,2022-02-11 19:40:00,2022,2,11,19,40,03,03186,"PK 316+000, Autoroute A71",46.327506,2.942684,Nuit sans éclairage public,Hors agglomération,Hors intersection,Normale,Trois véhicules et plus - en chaîne,1,3,4,0,1,1,1,0,1,130,4,7,4,0,1,2,49.0,23.0,utilitaire_camion,voiture,3,1,1,1,4
202200006626,2022-02-12 00:55:00,2022,2,12,0,55,45,45302,A10 PK 93 + 561,47.947464,1.848734,Nuit sans éclairage public,Hors agglomération,Hors intersection,Normale,Autre collision,1,3,6,0,1,1,1,8,1,90,1,1,0,1,0,0,55.0,,utilitaire_camion,,3,1,1,1,6