accident_id,datetime,annee,mois,jour,heure,minute,departement,commune_insee,adresse,latitude,longitude,luminosite,agglomeration,intersection,meteo,collision,catr,circ,nbv,vosp,prof,plan,surf,infra,situ,vma,nb_vehicules,nb_usagers,nb_indemnes,nb_tues,nb_blesses_hosp,nb_blesses_legers,age_cond_1,age_cond_2,veh_type_cond_1,veh_type_cond_2,lum_code,agg_code,int_code,atm_code,col_code
202200006720,2022-08-02 20:30:00,2022,8,2,20,30,94,94028,Avenue du Maréchal de Lattre de Tassigny / Rue Alfred Thomereau,48.79632,2.4578,Plein jour,En agglomération,Intersection en X,Normale,Deux véhicules - arrière,3,2,4,0,1,1,1,0,1,50,2,2,1,0,0,1,29.0,21.0,voiture,deux_roues,1,2,2,1,2
202200006721,2022-02-10 05:27:00,2022,2,10,5,27,69,69264,Place de la Gare,45.98437,4.72043,Nuit avec éclairage allumé,En agglomération,Hors intersection,Normale,Deux véhicules - côté,4,-1,0,0,1,1,1,0,4,20,2,2,1,0,0,1,24.0,,deux_roues,deux_roues,5,2,1,1,3
202200006722,2022-08-02 18:20:00,2022,8,2,18,20,94,94055,Route de Provins,48.79398,2.55246,Plein jour,En agglomération,Hors intersection,Normale,Deux véhicules - côté,3,3,4,0,1,1,1,0,1,50,2,2,1,0,0,1,47.0,41.0,voiture,voiture,1,2,1,1,3
202200006723,2022-02-10 12:00:00,2022,2,10,12,0,67,67447,BITCHE (RUE DE),48.6098426275,7.7512782,Plein jour,En agglomération,Hors intersection,Normale,Autre collision,4,2,2,0,1,1,1,0,1,50,1,2,1,0,0,1,28.0,,voiture,,1,2,1,1,6
202200006724,2022-08-04 13:30:00,2022,8,4,13,30,94,94017,Boulevard Gabriel Péri / Rue Prairial,48.82112,2.508854,Plein jour,En agglomération,Intersection en X,Normale,Autre collision,4,2,2,0,1,1,1,5,1,50,3,3,2,0,0,1,22.0,36.0,voiture,voiture,1,2,2,1,6
202200006725,2022-02-10 02:10:00,2022,2,10,2,10,67,67482,SCHIRMECK (ROUTE DE),48.5629,7.70067,Nuit avec éclairage allumé,En agglomération,Intersection en X,Normale,Deux véhicules - frontale,7,2,3,1,1,1,1,0,1,50,2,3,0,0,0,3,19.0,36.0,voiture,voiture,5,2,2,1,1
202200006726,2022-08-04 00:00:00,2022,8,4,0,0,94,94017,Avenue Marx Dormoy / Avenue Maurice Thorez,48.80615,2.53317,Nuit avec éclairage allumé,En agglomération,Giratoire,Normale,Autre collision,3,3,3,0,1,1,1,9,1,50,1,2,1,0,0,1,27.0,,voiture,,5,2,6,1,6
202200006727,2022-02-10 22:20:00,2022,2,10,22,20,64,64102,Avenue du Grand Basque,43.4895,-1.45701,Nuit sans éclairage public,En agglomération,Hors intersection,Normale,Deux véhicules - côté,3,2,4,0,2,1,1,0,1,50,2,5,4,0,0,1,33.0,19.0,voiture,deux_roues,3,2,1,1,3
202200006728,2022-08-04 07:35:00,2022,8,4,7,35,93,93046,Avenue du Maréchal Leclerc / Rue Rabelais,48.9200725086,2.5393657356,Plein jour,En agglomération,Intersection en X,Normale,Deux véhicules - côté,3,3,4,0,1,1,1,0,1,50,2,2,1,0,0,1,54.0,26.0,utilitaire_camion,deux_roues,1,2,2,1,3
202200006729,2022-02-09 09:30:00,2022,2,9,9,30,62,62040,DANVERS (RUE ADRIEN...N°65et+ ET 54et+ ),50.73607,2.29011,Plein jour,En agglomération,Hors intersection,Normale,Trois véhicules et plus - collisions multiples,3,2,2,0,2,2,1,0,1,30,3,3,2,1,0,0,68.0,78.0,voiture,voiture,1,2,1,1,5
202200006730,2022-08-04 07:10:00,2022,8,4,7,10,93,93066,Rue de la Poterie,48.9441791688,2.3466132704,Plein jour,En agglomération,Hors intersection,Normale,Deux véhicules - frontale,4,2,2,0,1,2,1,0,1,30,2,2,1,0,0,1,,23.0,voiture,voiture,1,2,1,1,1
202200006731,2022-08-04 17:30:00,2022,8,4,17,30,93,93064,Boulevard Gabriel Péri,48.8775226091,2.4827537805,Plein jour,En agglomération,Hors intersection,Normale,Deux véhicules - arrière,3,3,4,0,1,1,1,0,1,50,2,2,1,0,0,1,27.0,21.0,voiture,deux_roues,1,2,1,1,2
202200006732,2022-02-10 18:20:00,2022,2,10,18,20,62,62193,SAINT EXUPERY (AVENUE. 220 A ...),50.946184,1.889039,Nuit avec éclairage allumé,En agglomération,Intersection en X,Normale,Deux véhicules - arrière,4,3,2,1,1,1,1,0,1,50,2,2,1,0,1,0,57.0,50.0,deux_roues,voiture,5,2,2,1,2
202200006733,2022-02-02 16:20:00,2022,2,2,16,20,60,60463,Rue Jean Jaurès,49.26641,2.45232,Plein jour,En agglomération,Autre intersection,Normale,Autre collision,4,-1,2,0,2,1,1,0,1,30,1,2,1,0,1,0,74.0,,voiture,,1,2,9,1,6
202200006734,2022-08-04 09:00:00,2022,8,4,9,0,93,93077,Avenue Detouche / Rue Circulaire Henri Jousseaume,48.8846,2.5115,Plein jour,En agglomération,Intersection en X,Normale,Deux véhicules - côté,4,1,1,0,2,1,1,0,1,50,2,2,1,0,0,1,37.0,57.0,deux_roues,utilitaire_camion,1,2,2,1,3
202200006735,2022-02-10 21:45:00,2022,2,10,21,45,59,59560,AVELIN ROUTE D,50.5449174911,3.0551326275,Nuit avec éclairage allumé,Hors agglomération,Autre intersection,Normale,Deux véhicules - frontale,7,3,2,0,1,1,1,0,1,70,2,3,1,0,1,1,21.0,17.0,voiture,voiture,5,1,9,1,1
202200006736,2022-08-04 18:30:00,2022,8,4,18,30,93,93007,Avenue Descartes,48.9499,2.46328,Plein jour,En agglomération,Hors intersection,Pluie légère,Deux véhicules - côté,3,2,4,0,1,1,2,0,1,50,2,3,2,0,0,1,47.0,,deux_roues,voiture,1,2,1,2,3
202200006737,2022-02-07 20:30:00,2022,2,7,20,30,59,59350,VAUBAN BOULEVARD N° RESTE,50.63321,3.04744,Nuit avec éclairage allumé,En agglomération,Intersection en X,Pluie légère,Deux véhicules - côté,4,2,2,3,1,1,2,0,1,50,2,2,1,0,1,0,42.0,33.0,deux_roues,voiture,5,2,2,2,3
202200006738,2022-08-04 10:30:00,2022,8,4,10,30,93,93005,Route de Mitry / Rue Ambroise Paré,48.9494943849,2.5196034856,Plein jour,En agglomération,Intersection en X,Temps couvert,Deux véhicules - côté,3,3,4,0,1,1,2,0,1,30,2,2,1,0,0,1,25.0,34.0,utilitaire_camion,deux_roues,1,2,2,8,3
202200006739,2022-02-09 12:15:00,2022,2,9,12,15,51,51454,Rue Saint Maurice,49.24649,4.03944,Plein jour,En agglomération,Intersection en T,Normale,Deux véhicules - côté,4,1,1,0,1,1,1,0,1,30,2,2,1,0,0,1,62.0,61.0,voiture,deux_roues,1,2,3,1,3
202200006740,2022-02-10 08:50:00,2022,2,10,8,50,48,48095,OCTROI (RUE DE L'),44.53487,3.50139,Plein jour,En agglomération,Giratoire,Normale,Sans collision,4,1,2,0,1,2,1,0,3,50,1,3,0,0,0,3,21.0,,utilitaire_camion,,1,2,6,1,7
202200006741,2022-02-10 15:20:00,2022,2,10,15,20,45,45302,Rue Louis Aragon,47.93588,1.88943,Plein jour,En agglomération,Hors intersection,Normale,Deux véhicules - arrière,4,2,2,2,1,1,1,0,1,50,2,2,1,0,0,1,62.0,35.0,voiture,voiture,1,2,1,1,2
202200006742,2022-08-04 01:37:00,2022,8,4,1,37,92,92046,Charles de gaulle,48.8247802642,2.3020624816,Nuit avec éclairage allumé,En agglomération,Intersection en X,Normale,Deux véhicules - côté,3,2,2,0,1,1,1,0,1,50,2,2,1,0,0,1,22.0,42.0,voiture,voiture,5,2,2,1,3
202200006743,2022-02-09 14:35:00,2022,2,9,14,35,37,37261,ALLERON (RUE),47.3954469163,0.6752474606,Plein jour,En agglomération,Intersection en X,Normale,Autre collision,4,2,2,0,1,1,1,0,1,50,1,3,2,0,0,1,23.0,,voiture,,1,2,2,1,6
202200006744,2022-02-10 12:50:00,2022,2,10,12,50,35,35238,Allée de Beaulieu,48.12029,-1.63603,Plein jour,En agglomération,Hors intersection,Normale,Autre collision,4,2,2,0,2,2,1,9,3,30,1,3,0,0,0,3,23.0,,voiture,,1,2,1,1,6
202200006745,2022-02-11 00:10:00,2022,2,11,0,10,33,33063,Cours Portal,44.8528,-0.57315,Nuit avec éclairage allumé,En agglomération,Intersection en T,Normale,Deux véhicules - côté,4,2,2,0,1,1,2,0,1,30,2,2,1,0,0,1,40.0,22.0,voiture,deux_roues,5,2,3,1,3
202200006746,2022-08-03 21:00:00,2022,8,3,21,0,92,92040,LEON BLUM (PLACE),48.82101,2.26057,Plein jour,En agglomération,Hors intersection,Normale,Autre collision,3,2,3,0,1,1,1,5,1,50,1,1,0,0,0,1,24.0,,deux_roues,,1,2,1,1,6
202200006747,2022-02-10 07:25:00,2022,2,10,7,25,33,33039,Avenue Lucien Lerousseau,44.8077,-0.55922,Nuit avec éclairage allumé,En agglomération,Hors intersection,Normale,Autre collision,4,-1,2,0,1,1,1,0,1,50,1,2,1,0,0,1,23.0,,voiture,,5,2,1,1,6
202200006748,2022-02-09 20:50:00,2022,2,9,20,50,33,33063,Boulevard Antoine Gautier,44.83336,-0.59873,Nuit avec éclairage allumé,En agglomération,Intersection en X,Normale,Deux véhicules - côté,4,4,7,1,1,1,1,5,1,50,2,2,1,0,1,0,48.0,54.0,voiture,voiture,5,2,2,1,3
202200006749,2022-02-09 17:15:00,2022,2,9,17,15,33,33249,Avenue du Président J.F. Kennedy,44.8675217784,-0.5070367455,Plein jour,En agglomération,Hors intersection,Normale,Autre collision,4,3,4,0,1,1,1,0,1,50,1,2,1,0,0,1,26.0,,deux_roues,,1,2,1,1,6
202200006750,2022-08-04 15:50:00,2022,8,4,15,50,92,92026,BEZONS  (DE 01 A 22),48.893094,2.252549,Plein jour,En agglomération,Hors intersection,Normale,Autre collision,3,1,1,0,3,1,1,0,1,50,1,2,1,0,0,1,73.0,,voiture,,1,2,1,1,6
202200006751,2022-02-10 11:30:00,2022,2,10,11,30,30,30028,Avenue Jean Perrin,44.162,4.6235,Plein jour,En agglomération,Intersection en T,Normale,Autre collision,4,1,0,0,1,1,1,0,1,50,1,2,1,0,0,1,47.0,,voiture,,1,2,3,1,6
202200006752,2022-02-08 12:40:00,2022,2,8,12,40,29,29232,Rond point de l'Eau Blanche,47.99109,-4.07376,Plein jour,En agglomération,Giratoire,Normale,Sans collision,3,1,2,0,1,2,2,5,1,50,1,1,0,0,0,1,24.0,,deux_roues,,1,2,6,1,7
202200006753,2022-02-10 17:45:00,2022,2,10,17,45,27,27299,BRIAND (AVENUE ARISTIDE),49.0424923409,1.1596986208,Plein jour,En agglomération,Hors intersection,Pluie légère,Deux véhicules - arrière,4,2,1,0,1,1,2,0,1,50,2,2,1,0,0,1,24.0,55.0,voiture,voiture,1,2,1,2,2
202200006754,2022-08-04 08:08:00,2022,8,4,8,8,92,92024,CASTERES (RUE),48.899793,2.302576,Plein jour,En agglomération,Hors intersection,Normale,Autre collision,4,1,1,0,1,1,1,0,1,50,2,2,1,0,0,1,43.0,41.0,deux_roues,utilitaire_camion,1,2,1,1,6
202200006755,2022-02-09 16:39:00,2022,2,9,16,39,22,22278,RN12,48.5231067974,-2.7498927721,Plein jour,Hors agglomération,Hors intersection,Pluie légère,Deux véhicules - arrière,2,3,4,0,1,1,2,8,1,70,2,3,2,0,0,1,25.0,49.0,voiture,voiture,1,1,1,2,2
202200006756,2022-02-08 20:15:00,2022,2,8,20,15,21,21231,CARNOT (BOULEVARD),47.3178940252,5.0460213595,Nuit avec éclairage allumé,En agglomération,Intersection en T,Normale,Deux véhicules - côté,4,2,2,0,1,1,1,0,1,50,2,2,1,0,1,0,27.0,22.0,deux_roues,voiture,5,2,3,1,3
202200006757,2022-02-10 17:00:00,2022,2,10,17,0,19,19272,Dr Aimé Audubert (Rue),45.2505658642,1.7659299374,Plein jour,En agglomération,Hors intersection,Normale,Autre collision,3,2,2,0,1,1,1,0,1,50,1,2,1,0,1,0,42.0,,voiture,,1,2,1,1,6
202200006758,2022-02-09 13:40:00,2022,2,9,13,40,15,15014,GAULLE (AVENUE CHARLES DE),44.909642,2.424629,Plein jour,En agglomération,Autre intersection,Normale,Deux véhicules - côté,2,2,2,0,1,1,1,0,1,50,2,2,1,0,0,1,64.0,17.0,voiture,deux_roues,1,2,9,1,3
202200006759,2022-08-04 10:15:00,2022,8,4,10,15,83,83072,D10,43.464826,6.39635,Plein jour,Hors agglomération,Intersection en T,Temps éblouissant,Deux véhicules - côté,3,2,2,0,2,1,1,5,1,80,2,2,1,0,1,0,55.0,37.0,deux_roues,voiture,1,1,3,7,3
202200006760,2022-08-05 19:00:00,2022,8,5,19,0,22,22190,Rue Sainte-Brigide,48.5260798054,-2.0804674923,Plein jour,En agglomération,Hors intersection,Normale,Autre collision,3,2,2,0,1,2,1,0,1,50,1,2,0,0,1,1,20.0,,deux_roues,,1,2,1,1,6
202200006761,2022-02-10 14:50:00,2022,2,10,14,50,13,13071,MITTERRAND (AVENUE FRANCOIS),43.37919,5.35135,Plein jour,En agglomération,Intersection en T,Normale,Trois véhicules et plus - collisions multiples,3,2,2,0,1,1,1,5,1,50,3,5,4,0,0,1,62.0,56.0,voiture,voiture,1,2,3,1,5
202200006762,2022-08-05 07:00:00,2022,8,5,7,0,972,97210,N6,14.60996,-60.897088,Plein jour,Hors agglomération,Hors intersection,Normale,Deux véhicules - frontale,2,2,2,0,2,1,1,0,1,80,2,2,1,0,1,0,30.0,24.0,voiture,voiture,1,1,1,1,1
202200006763,2022-07-28 15:30:00,2022,7,28,15,30,84,84083,Route Nationale 7,44.20119,4.727415,Plein jour,En agglomération,Hors intersection,Normale,Deux véhicules - arrière,2,3,1,0,1,1,1,0,1,50,2,3,1,0,1,1,35.0,48.0,utilitaire_camion,voiture,1,2,1,1,2
202200006764,2022-08-05 04:45:00,2022,8,5,4,45,30,30308,,43.9835,4.41384,Nuit sans éclairage public,Hors agglomération,Hors intersection,Normale,Sans collision,3,2,2,0,2,3,1,0,1,80,1,2,0,0,1,1,27.0,,voiture,,3,1,1,1,7
202200006765,2022-08-03 18:10:00,2022,8,3,18,10,66,66021,,42.721211,2.933908,Plein jour,En agglomération,Hors intersection,Temps éblouissant,Autre collision,3,2,2,0,1,3,1,0,3,-1,1,1,0,0,1,0,18.0,,deux_roues,,1,2,1,7,6
202200006766,2022-08-04 21:40:00,2022,8,4,21,40,24,24059,A 89,45.02322,0.391603,Nuit sans éclairage public,Hors agglomération,Hors intersection,Normale,Autre collision,1,3,4,0,1,1,1,9,1,130,1,2,0,0,1,1,29.0,,voiture,,3,1,1,1,6
202200006767,2022-08-04 23:35:00,2022,8,4,23,35,31,31588,Route de Portet,43.524266,1.369182,Nuit sans éclairage public,En agglomération,Giratoire,Normale,Autre collision,4,2,2,0,1,1,1,0,4,50,1,1,0,0,1,0,19.0,,deux_roues,,3,2,6,1,6
202200006768,2022-08-04 20:00:00,2022,8,4,20,0,51,51165,D44,48.7589713776,3.8768018782,Crépuscule ou aube,Hors agglomération,Hors intersection,Pluie forte,Sans collision,3,2,2,0,1,1,2,0,3,80,1,1,0,0,0,1,16.0,,deux_roues,,2,1,1,3,7
202200006769,2022-11-18 14:10:00,2022,11,18,14,10,87,87085,SCHUMAN (BOULEVARD ROBERT),45.857,1.26981,Plein jour,En agglomération,Hors intersection,Normale,Deux véhicules - arrière,4,3,4,0,1,1,1,0,1,50,2,2,1,0,0,1,63.0,50.0,voiture,voiture,1,2,1,1,2
202200006770,2022-08-05 16:55:00,2022,8,5,16,55,51,51075,D74,49.330534,4.089231,Plein jour,Hors agglomération,Hors intersection,Normale,Sans collision,3,2,2,0,1,3,1,0,8,80,1,1,0,0,0,1,34.0,,voiture,,1,1,1,1,7
202200006771,2022-09-21 10:45:00,2022,9,21,10,45,76,76255,Chaussée de Picardie,50.054155,1.422601,Plein jour,En agglomération,Intersection en X,Normale,Autre collision,3,3,2,0,1,3,1,0,1,50,1,2,1,0,0,1,23.0,,utilitaire_camion,,1,2,2,1,6
202200006772,2022-08-05 09:05:00,2022,8,5,9,5,19,19237,Rue des Tilleuls,45.1369204945,2.0984101295,Plein jour,En agglomération,Intersection en X,Temps couvert,Deux véhicules - côté,3,2,2,0,2,1,1,0,1,50,2,3,1,0,2,0,92.0,17.0,voiture,deux_roues,1,2,2,8,3
202200006773,2022-08-05 04:15:00,2022,8,5,4,15,56,56091,La Coudraie,47.949635,-2.560278,Nuit sans éclairage public,Hors agglomération,Hors intersection,Normale,Autre collision,3,2,2,0,2,2,1,0,1,80,1,2,1,0,1,0,22.0,,utilitaire_camion,,3,1,1,1,6
202200006774,2022-11-18 07:29:00,2022,11,18,7,29,87,87085,LATTRE-DE-TASSIGNY (AVENUE DU MARECHAL),45.82529,1.27242,Crépuscule ou aube,En agglomération,Intersection en T,Normale,Autre collision,3,1,1,0,1,1,1,5,1,50,1,2,1,0,0,1,38.0,,voiture,,2,2,3,1,6
202200006775,2022-08-05 13:30:00,2022,8,5,13,30,79,79131,,46.876893,-0.339589,Plein jour,Hors agglomération,Hors intersection,Normale,Sans collision,3,2,2,0,2,1,1,2,3,90,1,1,0,1,0,0,23.0,,deux_roues,,1,1,1,1,7
202200006776,2022-11-17 18:55:00,2022,11,17,18,55,87,87085,PERRIN (RUE FRANCOIS),45.8249,1.22997,Nuit avec éclairage allumé,En agglomération,Intersection en T,Pluie légère,Trois véhicules et plus - collisions multiples,4,1,1,0,1,1,2,0,1,30,3,3,2,0,0,1,29.0,60.0,voiture,voiture,5,2,3,2,5
202200006777,2022-07-30 08:30:00,2022,7,30,8,30,82,82176,Route d 8 Salvetat Monclar,43.978145,1.508276,Plein jour,Hors agglomération,Intersection en T,Normale,Autre collision,3,2,2,0,1,1,1,0,3,80,1,2,1,0,0,1,27.0,,voiture,,1,1,3,1,6
202200006778,2022-11-22 11:35:00,2022,11,22,11,35,86,86194,Boulevard Coligny,46.577394,0.354379,Plein jour,En agglomération,Hors intersection,Normale,Autre collision,4,-1,2,0,1,1,1,0,1,50,1,2,1,0,0,1,81.0,,voiture,,1,2,1,1,6
202200006779,2022-08-05 08:30:00,2022,8,5,8,30,65,65239,RD929A - PK 5 + 100,43.0440160959,0.3631308675,Plein jour,Hors agglomération,Hors intersection,Pluie légère,Deux véhicules - arrière,3,2,2,0,2,1,2,0,1,90,2,3,0,0,0,3,21.0,53.0,utilitaire_camion,utilitaire_camion,1,1,1,2,2
202200006780,2022-10-10 16:30:00,2022,10,10,16,30,86,86194,Avenue John Kennedy,46.58467,0.36657,Plein jour,En agglomération,Intersection en X,Normale,Deux véhicules - côté,3,3,5,0,1,1,1,0,1,50,2,3,2,0,0,1,34.0,29.0,voiture,voiture,1,2,2,1,3
202200006781,2022-11-16 20:28:00,2022,11,16,20,28,83,83061,BOULEVARD DE LA MER,43.42393,6.74056,Nuit avec éclairage allumé,En agglomération,Hors intersection,Normale,Autre collision,4,2,2,0,1,1,1,0,1,50,1,1,0,0,1,0,22.0,,voiture,,5,2,1,1,6
202200006782,2022-08-05 15:10:00,2022,8,5,15,10,11,11103,,42.9393903565,2.2460428201,Plein jour,En agglomération,Hors intersection,Normale,Deux véhicules - arrière,3,2,2,0,1,1,1,0,3,30,2,7,6,0,0,1,45.0,29.0,voiture,voiture,1,2,1,1,2
202200006783,2022-11-21 18:11:00,2022,11,21,18,11,83,83050,BROSSOLETTE(AVENUE  PIERRE),43.53378,6.45387,Nuit avec éclairage allumé,En agglomération,Autre intersection,Pluie légère,Autre collision,3,2,2,0,1,1,2,9,8,50,1,2,1,0,1,0,72.0,,voiture,,5,2,9,2,6
202200006784,2022-08-05 14:00:00,2022,8,5,14,0,71,71584,18 Rue du 8 Mai 1945,46.449369,4.846494,Plein jour,En agglomération,Hors intersection,Normale,Autre collision,3,2,2,0,1,1,1,0,4,50,1,1,0,0,1,0,14.0,,deux_roues,,1,2,1,1,6
202200006785,2022-11-21 18:00:00,2022,11,21,18,0,81,81144,BARRIERE ( CH DE LA ),43.95813,2.16701,Nuit sans éclairage public,En agglomération,Hors intersection,Pluie légère,Autre collision,4,2,2,0,2,1,2,0,1,50,1,2,1,0,0,1,58.0,,voiture,,3,2,1,2,6
202200006786,2022-08-04 15:35:00,2022,8,4,15,35,89,89273,D955,47.606758,3.202133,Plein jour,Hors agglomération,Hors intersection,Temps éblouissant,Autre collision,3,2,2,0,1,1,1,0,8,-1,1,3,2,0,0,1,18.0,,voiture,,1,1,1,7,6
202200006787,2022-07-30 10:00:00,2022,7,30,10,0,63,63394,D67,45.4911656858,3.886756897,Plein jour,Hors agglomération,Hors intersection,Normale,Sans collision,3,2,2,0,2,3,9,0,1,80,1,2,1,0,1,0,57.0,,deux_roues,,1,1,1,1,7
202200006788,2022-11-19 17:15:00,2022,11,19,17,15,80,80021,DEFENSE PASSIVE (AVENUE DE LA),49.90693,2.31865,Nuit avec éclairage allumé,En agglomération,Hors intersection,Pluie légère,Deux véhicules - côté,3,2,3,0,1,1,2,0,1,50,2,3,1,0,0,2,62.0,46.0,voiture,voiture,5,2,1,2,3
202200006789,2022-11-13 20:22:00,2022,11,13,20,22,80,80021,RIOLAN (RUE),49.88936,2.31322,Nuit avec éclairage allumé,En agglomération,Hors intersection,Normale,Deux véhicules - côté,4,1,1,0,1,1,2,0,1,30,1,1,0,0,0,1,84.0,,voiture,,5,2,1,1,3
202200006790,2022-08-05 10:30:00,2022,8,5,10,30,12,12162,Route départementale 57,44.334708,2.435113,Plein jour,Hors agglomération,Intersection en X,Normale,Deux véhicules - arrière,3,2,2,0,1,1,1,0,1,90,2,2,1,0,0,1,41.0,48.0,autre,deux_roues,1,1,2,1,2
202200006791,2022-11-20 19:25:00,2022,11,20,19,25,80,80021,SAINT FUSCIEN (RUE),49.880936,2.304793,Nuit avec éclairage allumé,En agglomération,Hors intersection,Pluie légère,Deux véhicules - frontale,3,2,2,0,1,1,2,0,1,30,2,2,1,0,0,1,29.0,24.0,voiture,voiture,5,2,1,2,1
202200006792,2022-08-02 22:45:00,2022,8,2,22,45,34,34291,D908,43.542265,2.87344,Nuit sans éclairage public,Hors agglomération,Hors intersection,Normale,Sans collision,3,2,2,0,1,3,1,0,1,90,1,1,0,0,1,0,18.0,,deux_roues,,3,1,1,1,7
202200006793,2022-08-04 22:30:00,2022,8,4,22,30,34,34312,12 Avenue du Chateau,43.651646,3.1496,Nuit sans éclairage public,En agglomération,Hors intersection,Normale,Sans collision,3,2,2,0,1,2,1,0,4,50,1,1,0,0,1,0,18.0,,deux_roues,,3,2,1,1,7
202200006794,2022-08-05 09:27:00,2022,8,5,9,27,29,29125,Kereonnec Vihan,48.0983260936,-3.7687686681,Plein jour,Hors agglomération,Hors intersection,Normale,Deux véhicules - frontale,3,2,2,0,1,1,1,0,1,80,2,2,1,0,1,0,39.0,59.0,voiture,voiture,1,1,1,1,1
202200006795,2022-11-22 15:45:00,2022,11,22,15,45,78,78227,SARRAZINS (SENTE DES),49.01048,1.93764,Plein jour,Hors agglomération,Hors intersection,Temps couvert,Autre collision,6,-1,0,0,1,1,1,9,8,5,1,2,1,0,0,1,74.0,,voiture,,1,1,1,8,6
202200006796,2022-08-05 15:20:00,2022,8,5,15,20,03,03044,D1093,46.09167,3.389559,Plein jour,Hors agglomération,Hors intersection,Normale,Deux véhicules - frontale,3,2,2,0,1,1,1,0,1,90,2,5,0,0,4,1,21.0,35.0,voiture,voiture,1,1,1,1,1
202200006797,2022-08-03 10:30:00,2022,8,3,10,30,26,26264,RD61,44.419678,5.358764,Plein jour,Hors agglomération,Hors intersection,Normale,Deux véhicules - côté,3,2,2,0,1,1,1,0,1,80,2,2,1,1,0,0,23.0,73.0,voiture,deux_roues,1,1,1,1,3
202200006798,2022-11-21 08:00:00,2022,11,21,8,0,77,77215,RTE NATIONALE N 4,48.733247,2.720764,Crépuscule ou aube,Hors agglomération,Hors intersection,Brouillard / fumée,Autre collision,2,3,2,0,1,1,2,0,1,110,3,4,3,0,1,0,20.0,33.0,voiture,utilitaire_camion,2,1,1,5,6
202200006799,2022-06-20 17:55:00,2022,6,20,17,55,26,26262,RD93,44.66644,5.404544,Plein jour,Hors agglomération,Hors intersection,Normale,Sans collision,3,2,2,0,1,1,1,0,8,80,1,1,0,1,0,0,64.0,,voiture,,1,1,1,1,7
202200006800,2022-08-05 18:15:00,2022,8,5,18,15,72,72073,L Homme Mort,48.02394,0.061364,Plein jour,Hors agglomération,Intersection en T,Normale,Autre collision,3,2,2,0,4,1,1,5,1,90,2,3,1,0,2,0,53.0,57.0,deux_roues,voiture,1,1,3,1,6
202200006801,2022-08-04 19:55:00,2022,8,4,19,55,50,50596,Maison des Champs,49.6495,-1.38748,Plein jour,Hors agglomération,Intersection en Y,Normale,Deux véhicules - arrière,3,2,2,0,3,2,1,0,1,80,2,2,0,0,1,0,32.0,,deux_roues,autre,1,1,4,1,2
202200006802,2022-08-03 15:30:00,2022,8,3,15,30,60,60021,Rue de la Mairie,49.5809122503,3.1187460422,Plein jour,En agglomération,Hors intersection,Temps éblouissant,Sans collision,4,2,2,0,1,1,1,0,1,50,1,1,0,0,1,0,18.0,,deux_roues,,1,2,1,7,7
202200006803,2022-11-21 14:38:00,2022,11,21,14,38,77,77251,ALL DU TRAIT D'UNION,48.61894,2.54254,Plein jour,Hors agglomération,Giratoire,Pluie légère,Trois véhicules et plus - en chaîne,4,2,5,3,1,1,2,0,1,50,3,4,3,0,0,1,30.0,44.0,transport_commun,voiture,1,1,6,2,4
202200006804,2022-09-19 16:50:00,2022,9,19,16,50,76,76363,D49,49.870784,1.71185,Plein jour,Hors agglomération,Hors intersection,Normale,Deux véhicules - frontale,3,2,2,0,1,1,1,0,1,80,2,2,1,0,1,0,48.0,47.0,voiture,deux_roues,1,1,1,1,1
202200006805,2022-08-05 05:45:00,2022,8,5,5,45,64,64023,RD938,43.229832,-0.258619,Crépuscule ou aube,Hors agglomération,Hors intersection,Pluie légère,Trois véhicules et plus - collisions multiples,3,2,2,0,1,3,2,0,1,80,3,3,0,0,1,2,40.0,26.0,voiture,utilitaire_camion,2,1,1,2,5
202200006806,2022-08-02 04:58:00,2022,8,2,4,58,73,73171,D1006 - Quai de l Isère,45.5021195083,6.0682528317,Nuit sans éclairage public,Hors agglomération,Giratoire,Normale,Deux véhicules - côté,3,2,2,0,1,1,1,0,1,70,2,2,1,1,0,0,58.0,27.0,utilitaire_camion,deux_roues,3,1,6,1,3
202200006807,2022-08-05 03:50:00,2022,8,5,3,50,36,36088,2 Rue de Chantejot,46.942868,1.982904,Nuit avec éclairage allumé,En agglomération,Hors intersection,Normale,Autre collision,4,1,1,0,1,1,1,0,8,50,1,1,0,0,1,0,21.0,,deux_roues,,5,2,1,1,6
202200006808,2022-06-23 07:50:00,2022,6,23,7,50,16,16208,carrefour D75 et D119,45.761176,-0.152189,Plein jour,Hors agglomération,Intersection en X,Normale,Deux véhicules - côté,3,2,2,0,1,1,1,5,1,90,2,2,1,0,0,1,28.0,21.0,voiture,voiture,1,1,2,1,3
202200006809,2022-11-19 21:20:00,2022,11,19,21,20,76,76351,ALBERT ANDRE HUET,49.49488,0.11122,Nuit avec éclairage allumé,En agglomération,Intersection en X,Normale,Sans collision,4,2,2,0,1,1,1,0,1,50,1,1,0,0,0,1,47.0,,deux_roues,,5,2,2,1,7
202200006810,2022-08-05 04:00:00,2022,8,5,4,0,40,40158,D377,44.11033,-0.060382,Nuit sans éclairage public,Hors agglomération,Hors intersection,Normale,Autre collision,3,2,2,0,1,2,1,0,3,80,1,1,0,0,1,0,46.0,,voiture,,3,1,1,1,6
202200006811,2022-08-05 08:50:00,2022,8,5,8,50,30,30083,,43.7300117583,4.2119774222,Plein jour,Hors agglomération,Hors intersection,Normale,Deux véhicules - arrière,3,2,2,0,1,1,1,0,1,80,2,2,1,0,0,1,,73.0,voiture,deux_roues,1,1,1,1,2