accident_id,datetime,annee,mois,jour,heure,minute,departement,commune_insee,adresse,latitude,longitude,luminosite,agglomeration,intersection,meteo,collision,catr,circ,nbv,vosp,prof,plan,surf,infra,situ,vma,nb_vehicules,nb_usagers,nb_indemnes,nb_tues,nb_blesses_hosp,nb_blesses_legers,age_cond_1,age_cond_2,veh_type_cond_1,veh_type_cond_2,lum_code,agg_code,int_code,atm_code,col_code
202200006996,2022-08-02 15:36:00,2022,8,2,15,36,10,10387,CHOMEDEY DE MAISONNEUVE (AVE),48.3056,4.0713489,Plein jour,En agglomération,Hors intersection,Normale,Deux véhicules - côté,4,2,2,1,1,1,1,0,5,50,2,2,1,0,0,1,36.0,26.0,voiture,deux_roues,1,2,1,1,3
202200006997,2022-11-22 08:20:00,2022,11,22,8,20,07,07102,BLANCHE (RUE PIERRE),44.93797,4.86833,Plein jour,En agglomération,Hors intersection,Temps couvert,Sans collision,4,2,2,0,1,2,2,0,1,50,1,1,0,0,0,1,16.0,,deux_roues,,1,2,1,8,7
202200006998,2022-08-02 16:40:00,2022,8,2,16,40,06,06083,GREVILLE (RUE HENRI),43.77637,7.49833,Plein jour,En agglomération,Hors intersection,Normale,Autre collision,3,1,1,0,1,1,1,0,1,30,2,2,1,0,1,0,31.0,33.0,deux_roues,voiture,1,2,1,1,6
202200006999,2022-11-21 19:45:00,2022,11,21,19,45,05,05061,FAUVINS ( ROUTE  DES ),44.56401,6.09395,Nuit avec éclairage allumé,En agglomération,Hors intersection,Normale,Autre collision,4,2,2,0,1,2,2,0,1,50,1,1,0,0,0,1,19.0,,voiture,,5,2,1,1,6
202200007000,2022-06-04 14:40:00,2022,6,4,14,40,93,93005,Carrefour Jean Monnet,48.954587,2.50879,Plein jour,Hors agglomération,Giratoire,Normale,Trois véhicules et plus - en chaîne,3,3,4,0,1,1,1,0,1,50,3,7,6,0,0,1,20.0,41.0,voiture,utilitaire_camion,1,1,6,1,4
202200007001,2022-11-19 11:35:00,2022,11,19,11,35,05,05023,BARRY (CHEMIN DU),44.9006528027,6.6410583258,Plein jour,En agglomération,Hors intersection,Normale,Deux véhicules - côté,4,1,1,0,2,2,1,0,1,30,2,2,1,0,0,1,16.0,40.0,deux_roues,voiture,1,2,1,1,3
202200007002,2022-06-03 08:15:00,2022,6,3,8,15,93,93005,Carrefour de l’Europe / Rue Jacques Duclos,48.951187,2.485776,Plein jour,En agglomération,Giratoire,Normale,Deux véhicules - côté,3,1,3,0,1,2,1,0,1,50,2,2,1,0,0,1,40.0,52.0,utilitaire_camion,deux_roues,1,2,6,1,3
202200007003,2022-11-22 18:35:00,2022,11,22,18,35,04,04112,MISTRAL (AVENUE F.),43.81174,5.78284,Nuit avec éclairage allumé,En agglomération,Autre intersection,Normale,Trois véhicules et plus - en chaîne,3,2,2,0,1,1,1,0,1,70,3,3,2,0,0,1,63.0,33.0,voiture,voiture,5,2,9,1,4
202200007004,2022-08-02 14:41:00,2022,8,2,14,41,05,05023,R N  94,44.87242,6.61072,Plein jour,Hors agglomération,Hors intersection,Temps éblouissant,Autre collision,2,2,2,0,1,1,1,0,8,80,1,3,0,0,2,1,69.0,,voiture,,1,1,1,7,6
202200007005,2022-11-12 14:35:00,2022,11,12,14,35,02,02157,,49.58529,3.65131,Plein jour,En agglomération,Hors intersection,Normale,Autre collision,3,2,2,0,1,2,1,0,3,50,1,1,0,0,1,0,36.0,,voiture,,1,2,1,1,6
202200007006,2022-08-01 18:20:00,2022,8,1,18,20,04,04112,LIBERATION (AV. DE LA),43.82017,5.79394,Plein jour,En agglomération,Hors intersection,Normale,Autre collision,3,2,2,0,1,1,1,0,1,50,1,2,1,0,0,1,15.0,,deux_roues,,1,2,1,1,6
202200007007,2022-11-22 17:35:00,2022,11,22,17,35,75,75116,PORTE DAUPHINE,48.869784,2.271684,Nuit avec éclairage allumé,En agglomération,Hors intersection,Pluie légère,Trois véhicules et plus - collisions multiples,4,3,4,0,1,1,2,0,1,70,3,3,2,0,0,1,45.0,31.0,deux_roues,voiture,5,2,1,2,5
202200007008,2022-06-02 22:40:00,2022,6,2,22,40,93,93005,Rue Jean Charcot,48.93383,2.49071,Nuit avec éclairage allumé,En agglomération,Hors intersection,Normale,Trois véhicules et plus - en chaîne,3,3,3,0,1,1,1,0,1,50,3,7,6,0,0,1,25.0,71.0,voiture,voiture,5,2,1,1,4
202200007009,2022-06-04 12:00:00,2022,6,4,12,0,93,93001,Avenue de la République,48.9109409195,2.3849789501,Plein jour,En agglomération,Intersection en T,Normale,Deux véhicules - frontale,3,2,2,0,1,1,1,0,1,50,2,2,1,0,0,1,23.0,32.0,deux_roues,voiture,1,2,3,1,1
202200007010,2022-08-03 09:50:00,2022,8,3,9,50,75,75119,PORTE DE LA VILLETTE,48.899907,2.391475,Plein jour,En agglomération,Hors intersection,Normale,Autre collision,4,1,4,0,1,1,1,0,1,70,2,2,1,0,0,1,53.0,25.0,voiture,deux_roues,1,2,1,1,6
202200007011,2022-11-22 08:15:00,2022,11,22,8,15,75,75120,RUE DES PYRENEES,48.864061,2.399126,Plein jour,En agglomération,Intersection en X,Pluie légère,Deux véhicules - côté,4,2,2,0,2,1,2,0,1,30,2,2,1,0,0,1,19.0,,deux_roues,utilitaire_camion,1,2,2,2,3
202200007012,2022-11-22 18:50:00,2022,11,22,18,50,75,75119,AVENUE DE FLANDRE,48.885049,2.369693,Nuit avec éclairage allumé,En agglomération,Hors intersection,Normale,Autre collision,4,1,2,0,1,1,1,0,1,30,1,2,1,0,0,1,52.0,,voiture,,5,2,1,1,6
202200007013,2022-06-02 10:45:00,2022,6,2,10,45,92,92075,LYCEE (BOULEVARD DU),48.8239354649,2.2829200923,Plein jour,En agglomération,Hors intersection,Normale,Deux véhicules - côté,3,2,2,1,1,1,1,0,1,50,2,2,1,0,0,1,23.0,67.0,voiture,deux_roues,1,2,1,1,3
202200007014,2022-08-02 19:40:00,2022,8,2,19,40,75,75116,PORTE DE SAINT CLOUD,48.843221,2.254364,Plein jour,En agglomération,Hors intersection,Normale,Trois véhicules et plus - en chaîne,4,1,4,0,1,1,1,1,1,70,3,3,1,0,0,2,30.0,47.0,deux_roues,voiture,1,2,1,1,4
202200007015,2022-11-22 08:30:00,2022,11,22,8,30,75,75119,RUE MANIN,48.884767,2.392252,Plein jour,En agglomération,Intersection en X,Pluie légère,Autre collision,4,2,0,0,2,1,2,0,1,30,1,2,1,0,0,1,48.0,,utilitaire_camion,,1,2,2,2,6
202200007016,2022-06-05 12:00:00,2022,6,5,12,0,92,92073,HENRI IV (PLACE),48.8701876479,2.2276598811,Plein jour,En agglomération,Place,Normale,Autre collision,4,1,1,0,1,1,1,0,1,50,1,1,0,0,0,1,78.0,,voiture,,1,2,7,1,6
202200007017,2022-06-04 20:40:00,2022,6,4,20,40,92,92072,SEVRES (PONT DE),48.8279555506,2.2253732979,Plein jour,En agglomération,Hors intersection,Temps couvert,Sans collision,2,3,7,0,1,3,1,2,1,50,1,1,0,0,0,1,56.0,,voiture,,1,2,1,8,7
202200007018,2022-06-02 12:35:00,2022,6,2,12,35,92,92072,PAVE DES GARDES (ROUTE DU),48.8114355756,2.210739702,Plein jour,En agglomération,Hors intersection,Normale,Sans collision,3,2,5,0,1,1,1,3,1,50,1,1,0,0,0,1,59.0,,deux_roues,,1,2,1,1,7
202200007019,2022-11-22 21:00:00,2022,11,22,21,0,75,75117,AVENUE CARNOT,48.87432,2.294492,Nuit sans éclairage public,En agglomération,Place,Normale,Deux véhicules - arrière,4,2,2,0,1,1,1,0,1,30,2,2,1,0,0,1,30.0,,deux_roues,voiture,3,2,7,1,2
202200007020,2022-11-22 16:18:00,2022,11,22,16,18,75,75117,PLACE GENERAL CATROUX,48.882891,2.309049,Plein jour,En agglomération,Intersection à plus de 4 branches,Normale,Deux véhicules - côté,4,4,1,0,1,2,1,0,1,30,2,2,1,0,0,1,62.0,24.0,utilitaire_camion,deux_roues,1,2,5,1,3
202200007021,2022-06-02 15:15:00,2022,6,2,15,15,92,92064,GENERAL LECLERC,48.8406667329,2.2071907371,Plein jour,En agglomération,Intersection en X,Normale,Deux véhicules - côté,3,2,2,0,1,1,1,0,1,50,2,2,1,0,0,1,44.0,19.0,voiture,deux_roues,1,2,2,1,3
202200007022,2022-06-02 08:55:00,2022,6,2,8,55,92,92064,MARCEL DASSAULT,48.8541262289,2.2226192728,Plein jour,En agglomération,Intersection en T,Normale,Deux véhicules - côté,3,4,2,0,1,1,1,0,1,50,2,2,1,0,0,1,41.0,60.0,voiture,deux_roues,1,2,3,1,3
202200007023,2022-11-21 22:40:00,2022,11,21,22,40,75,75116,PLACE DE BARCELONE,48.847427,2.273719,Nuit avec éclairage allumé,En agglomération,Place,Normale,Trois véhicules et plus - en chaîne,4,2,5,0,1,1,2,0,1,30,3,3,2,0,0,1,51.0,41.0,voiture,voiture,5,2,7,1,4
202200007024,2022-06-04 14:55:00,2022,6,4,14,55,92,92063,BELIN (AVENUE EDOUARD),48.88817,2.1687,Plein jour,En agglomération,Intersection en T,Normale,Deux véhicules - arrière,4,2,2,0,2,1,1,5,1,50,2,2,1,0,0,1,31.0,16.0,voiture,deux_roues,1,2,3,1,2
202200007025,2022-11-22 16:30:00,2022,11,22,16,30,75,75116,AVENUE MOZART,48.85674,2.272125,Crépuscule ou aube,En agglomération,Intersection en T,Normale,Deux véhicules - côté,4,1,3,0,2,1,1,0,1,30,2,3,2,0,0,1,24.0,26.0,deux_roues,voiture,2,2,3,1,3
202200007026,2022-06-02 14:31:00,2022,6,2,14,31,92,92063,DRIANT (RUE DU LIEUTENANT COLONEL),48.8786684771,2.2004418969,Plein jour,En agglomération,Hors intersection,Normale,Deux véhicules - frontale,4,2,2,0,1,4,1,0,1,50,2,2,1,0,0,1,19.0,32.0,deux_roues,deux_roues,1,2,1,1,1
202200007027,2022-11-22 19:50:00,2022,11,22,19,50,75,75115,BOULEVARD GARIBALDI,48.847234,2.303526,Nuit avec éclairage allumé,En agglomération,Intersection en Y,Normale,Deux véhicules - côté,4,1,1,1,1,1,1,0,5,30,2,2,1,0,0,1,40.0,67.0,deux_roues,voiture,5,2,4,1,3
202200007028,2022-06-03 19:25:00,2022,6,3,19,25,92,92062,REPUBLIQUE (RUE DE LA ) N°129 AU 45,48.8845,2.23828,Plein jour,En agglomération,Hors intersection,Normale,Deux véhicules - arrière,3,2,0,0,1,1,1,0,1,30,2,2,1,0,0,1,,25.0,utilitaire_camion,deux_roues,1,2,1,1,2
202200007029,2022-06-03 15:10:00,2022,6,3,15,10,92,92062,DE DION BOUTON (QUAI) DU 29 AU 65,48.8796477135,2.2437963858,Plein jour,En agglomération,Hors intersection,Pluie légère,Deux véhicules - côté,4,1,2,0,1,1,2,0,4,50,2,2,1,0,0,1,22.0,42.0,deux_roues,utilitaire_camion,1,2,1,2,3
202200007030,2022-11-22 18:10:00,2022,11,22,18,10,75,75115,RUE DE VAUGIRARD,48.839266,2.300412,Nuit avec éclairage allumé,En agglomération,Intersection en T,Normale,Deux véhicules - côté,4,2,2,1,1,1,1,0,5,30,2,2,1,0,0,1,33.0,38.0,deux_roues,deux_roues,5,2,3,1,3
202200007031,2022-11-22 08:45:00,2022,11,22,8,45,75,75113,RUE MAX JACOB,48.820232,2.352844,Plein jour,En agglomération,Intersection en X,Pluie légère,Deux véhicules - côté,4,2,2,0,1,1,2,0,1,30,2,2,1,0,0,1,47.0,37.0,deux_roues,voiture,1,2,2,2,3
202200007032,2022-06-05 02:12:00,2022,6,5,2,12,92,92050,VAILLANT COUTURIER PAUL RUE,48.8831,2.20396,Nuit avec éclairage allumé,En agglomération,Hors intersection,Autre,Deux véhicules - frontale,3,3,2,0,3,1,2,0,1,50,2,4,3,0,1,0,37.0,42.0,deux_roues,utilitaire_camion,5,2,1,9,1
202200007033,2022-06-03 13:45:00,2022,6,3,13,45,92,92050,CLEMENCEAU GEORGES AVENUE N° PAIR,48.8860057021,2.2144569754,Plein jour,En agglomération,Hors intersection,Temps couvert,Autre collision,3,1,2,1,1,1,1,0,1,50,1,3,2,0,0,1,42.0,,voiture,,1,2,1,8,6
202200007034,2022-11-22 07:00:00,2022,11,22,7,0,75,75108,AVENUE GEORGE V,48.867573,2.301219,Nuit avec éclairage allumé,En agglomération,Intersection en Y,Pluie légère,Autre collision,4,2,2,0,1,1,2,0,1,30,1,2,1,0,0,1,42.0,,voiture,,5,2,4,2,6
202200007035,2022-06-02 09:20:00,2022,6,2,9,20,92,92049,REPUBLIQUE AVENUE DE LA N°1 A 79,48.816413581,2.3183273971,Plein jour,En agglomération,Hors intersection,Normale,Deux véhicules - côté,4,2,2,0,1,1,1,0,1,50,2,2,1,0,0,1,44.0,85.0,deux_roues,voiture,1,2,1,1,3
202200007036,2022-11-22 16:10:00,2022,11,22,16,10,75,75107,PONT ALEXANDRE III,48.86285,2.313444,Plein jour,En agglomération,Intersection en X,Autre,Deux véhicules - côté,4,2,6,1,1,1,1,2,5,30,2,2,1,0,0,1,35.0,80.0,voiture,deux_roues,1,2,2,9,3
202200007037,2022-06-04 13:40:00,2022,6,4,13,40,92,92044,GABRIEL PERI(RUE) 25A49 ET 38A46,48.890301,2.289325,Plein jour,En agglomération,Intersection en T,Normale,Autre collision,4,1,1,0,1,1,1,0,1,50,1,3,1,0,0,2,36.0,,voiture,,1,2,3,1,6
202200007038,2022-11-21 16:00:00,2022,11,21,16,0,75,75107,AVENUE DE LA MOTTE PICQUET,48.855698,2.307641,Plein jour,En agglomération,Intersection en T,Pluie légère,Sans collision,4,2,3,3,1,1,2,0,1,30,1,1,0,0,0,1,46.0,,deux_roues,,1,2,3,2,7
202200007039,2022-06-03 18:20:00,2022,6,3,18,20,92,92040,PDT ROBERT SCHUMANN (PLACE DU),48.8277245007,2.267490685,Plein jour,En agglomération,Place,Normale,Deux véhicules - côté,3,4,1,0,1,2,1,0,1,30,2,2,1,0,0,1,30.0,26.0,utilitaire_camion,deux_roues,1,2,7,1,3
202200007040,2022-11-22 17:55:00,2022,11,22,17,55,75,75102,RUE DU QUATRE SEPTEMBRE,48.868912,2.340081,Nuit avec éclairage allumé,En agglomération,Intersection à plus de 4 branches,Normale,Deux véhicules - arrière,4,1,3,0,1,1,1,0,1,30,2,2,1,0,0,1,43.0,22.0,voiture,deux_roues,5,2,5,1,2
202200007041,2022-06-04 17:50:00,2022,6,4,17,50,92,92025,ESTIENNE D'ORVES (RUE),48.90998,2.233432,Crépuscule ou aube,En agglomération,Intersection en T,Pluie légère,Deux véhicules - côté,4,2,3,0,1,1,2,0,1,30,2,2,1,0,0,1,39.0,30.0,deux_roues,voiture,2,2,3,2,3
202200007042,2022-11-21 09:08:00,2022,11,21,9,8,75,75102,BOULEVARD DES ITALIENS,48.871285,2.335924,Plein jour,En agglomération,Intersection en X,Normale,Deux véhicules - côté,4,2,3,0,1,1,1,0,1,30,2,2,1,0,0,1,43.0,44.0,deux_roues,voiture,1,2,2,1,3
202200007043,2022-11-22 10:10:00,2022,11,22,10,10,94,94067,LAC (R DU),48.84124,2.41839,Plein jour,En agglomération,Hors intersection,Pluie légère,Deux véhicules - côté,3,1,1,0,1,1,2,0,1,50,2,2,1,0,0,1,33.0,48.0,voiture,deux_roues,1,2,1,2,3
202200007044,2022-06-03 15:25:00,2022,6,3,15,25,92,92025,SAINT DENIS (RUE),48.9240219308,2.2525965124,Plein jour,En agglomération,Intersection en X,Pluie légère,Autre collision,3,2,4,1,2,2,2,0,1,30,1,2,1,0,0,1,,,voiture,,1,2,2,2,6
202200007045,2022-11-21 21:45:00,2022,11,21,21,45,94,94068,BAC (AV DU),48.79563,2.5083,Nuit avec éclairage allumé,En agglomération,Intersection en X,Temps couvert,Deux véhicules - côté,3,2,2,0,1,1,2,0,1,30,2,2,0,0,0,2,63.0,25.0,voiture,voiture,5,2,2,8,3
202200007046,2022-11-22 17:45:00,2022,11,22,17,45,94,94046,GAMBETTA (AV),48.81004,2.44008,Nuit avec éclairage allumé,En agglomération,Intersection en X,Temps couvert,Deux véhicules - côté,4,2,2,0,1,1,2,0,1,50,2,2,1,0,0,1,45.0,24.0,voiture,deux_roues,5,2,2,8,3
202200007047,2022-06-02 19:00:00,2022,6,2,19,0,92,92004,HOTEL DE VILLE   ( PLACE ),48.91025,2.28881,Plein jour,Hors agglomération,Hors intersection,Normale,Deux véhicules - arrière,3,-1,1,0,1,1,1,0,1,50,2,2,1,0,0,1,50.0,50.0,utilitaire_camion,deux_roues,1,1,1,1,2
202200007048,2022-11-21 09:05:00,2022,11,21,9,5,94,94046,GENERAL DE GAULLE (AV DU),48.81178,2.42253,Plein jour,En agglomération,Intersection en T,Normale,Deux véhicules - côté,3,2,2,0,1,1,1,0,1,50,2,2,1,0,0,1,38.0,56.0,voiture,deux_roues,1,2,3,1,3
202200007049,2022-11-22 17:20:00,2022,11,22,17,20,94,94076,CHEVILLY (R DE),48.78011,2.35542,Nuit avec éclairage allumé,En agglomération,Autre intersection,Normale,Deux véhicules - côté,3,2,2,0,1,3,1,0,1,50,2,2,1,0,1,0,50.0,29.0,deux_roues,voiture,5,2,9,1,3
202200007050,2022-06-02 14:10:00,2022,6,2,14,10,92,92004,CHEVREUIL ( AVENUE ),48.9086607106,2.2655440047,Plein jour,En agglomération,Hors intersection,Normale,Deux véhicules - frontale,4,-1,2,0,1,1,1,0,1,50,2,2,1,0,0,1,44.0,42.0,deux_roues,voiture,1,2,1,1,1
202200007051,2022-11-21 15:08:00,2022,11,21,15,8,94,94028,VERDUN.(AVENUE DE),48.79916,2.46578,Plein jour,En agglomération,Hors intersection,Pluie légère,Deux véhicules - arrière,3,-1,2,0,1,1,2,0,1,50,2,2,1,0,0,1,42.0,35.0,voiture,voiture,1,2,1,2,2
202200007052,2022-11-22 09:14:00,2022,11,22,9,14,94,94001,Rue du Bac / Place de la Victoire,48.7245474699,2.4186448939,Plein jour,En agglomération,Intersection en T,Pluie légère,Autre collision,3,2,2,0,1,1,2,0,1,50,1,2,1,0,0,1,29.0,,voiture,,1,2,3,2,6
202200007053,2022-11-21 20:10:00,2022,11,21,20,10,94,94079,Route de Bry / Boulevard Aristide Briand,48.83117,2.53521,Nuit avec éclairage allumé,En agglomération,Intersection en T,Pluie légère,Autre collision,3,2,2,0,1,1,2,0,1,50,1,2,1,0,0,1,32.0,,voiture,,5,2,3,2,6
202200007054,2022-06-03 18:15:00,2022,6,3,18,15,92,92002,ARISTIDE BRIAND (AVENUE),48.7554413914,2.3058095276,Plein jour,En agglomération,Intersection en T,Normale,Autre collision,3,-1,2,0,1,2,1,0,1,50,1,2,1,0,0,1,53.0,,voiture,,1,2,3,1,6
202200007055,2022-11-22 18:30:00,2022,11,22,18,30,93,93073,D40 - Circuit Carole,48.97725,2.54362,Nuit sans éclairage public,Hors agglomération,Hors intersection,Normale,Deux véhicules - frontale,3,2,2,0,1,1,1,0,1,50,2,2,1,0,0,1,37.0,43.0,voiture,utilitaire_camion,3,1,1,1,1
202200007056,2022-11-22 09:30:00,2022,11,22,9,30,93,93066,EINSTEIN ALBERT,48.9403908431,2.3507577327,Plein jour,En agglomération,Autre intersection,Pluie légère,Deux véhicules - côté,4,4,2,1,1,1,2,0,1,50,2,2,1,0,0,1,40.0,90.0,deux_roues,voiture,1,2,9,2,3
202200007057,2022-06-03 10:00:00,2022,6,3,10,0,92,92002,ARISTIDE BRIAND (AVENUE),48.756336547,2.3061816841,Plein jour,En agglomération,Intersection en T,Normale,Deux véhicules - côté,3,2,4,2,1,1,1,0,1,50,2,2,1,0,0,1,19.0,69.0,voiture,deux_roues,1,2,3,1,3
202200007058,2022-11-22 08:25:00,2022,11,22,8,25,93,93033,Promenade Marx Dormoy,48.8659345417,2.5749447942,Plein jour,En agglomération,Hors intersection,Pluie légère,Autre collision,4,2,2,0,1,1,2,0,1,45,1,2,1,0,0,1,25.0,,voiture,,1,2,1,2,6
202200007059,2022-06-02 16:55:00,2022,6,2,16,55,92,92014,MARECHAL JOFFRE (BD DU) (43 A 97 - 58 A,48.78203,2.31455,Plein jour,En agglomération,Hors intersection,Normale,Deux véhicules - côté,3,2,1,1,2,1,1,0,5,50,2,2,0,0,0,2,28.0,52.0,deux_roues,deux_roues,1,2,1,1,3
202200007060,2022-11-22 08:45:00,2022,11,22,8,45,93,93007,Rue Pierre Sémard,48.932524,2.477652,Crépuscule ou aube,En agglomération,Hors intersection,Pluie légère,Autre collision,3,2,2,0,2,1,2,2,1,50,1,2,1,0,0,1,20.0,,voiture,,2,2,1,2,6
202200007061,2022-06-02 08:37:00,2022,6,2,8,37,92,92002,PRESIDENT KENNEDY (2 A 48),48.739604703,2.3004292175,Plein jour,En agglomération,Hors intersection,Normale,Deux véhicules - côté,3,2,2,1,1,1,1,0,1,50,2,2,0,0,1,1,51.0,24.0,voiture,deux_roues,1,2,1,1,3
202200007062,2022-11-22 09:00:00,2022,11,22,9,0,92,92048,JACQUEMINOT (AVENUE) N°10 A 50,48.8098609471,2.2320726514,Plein jour,En agglomération,Intersection en Y,Pluie légère,Autre collision,4,2,1,0,3,1,2,0,1,30,1,2,1,0,1,0,26.0,,voiture,,1,2,4,2,6
202200007063,2022-11-22 16:00:00,2022,11,22,16,0,92,92044,ANDRE MALRAUX(AVENUE),48.896493394,2.2733625769,Plein jour,En agglomération,Giratoire,Temps couvert,Deux véhicules - côté,4,1,2,0,1,1,1,0,1,50,2,2,1,0,0,1,34.0,59.0,deux_roues,utilitaire_camion,1,2,6,8,3
202200007064,2022-11-22 16:40:00,2022,11,22,16,40,92,92004,HOTEL DE VILLE   ( PLACE ),48.910406,2.289525,Plein jour,En agglomération,Hors intersection,Normale,Autre collision,3,2,1,0,1,1,1,0,1,50,1,2,1,0,0,1,27.0,,utilitaire_camion,,1,2,1,1,6
202200007065,2022-02-27 17:10:00,2022,2,27,17,10,37,37046,D511,47.237927,1.166846,Plein jour,Hors agglomération,Hors intersection,Normale,Autre collision,3,2,2,0,2,4,1,0,3,80,1,2,1,0,0,1,58.0,,deux_roues,,1,1,1,1,6
202200007066,2022-11-22 08:00:00,2022,11,22,8,0,92,92002,DOCTEUR TENINE (AVENUE DU),48.7632502681,2.3091217875,Crépuscule ou aube,En agglomération,Intersection en X,Pluie forte,Deux véhicules - côté,3,1,2,2,2,1,2,5,5,50,2,2,1,0,0,1,47.0,26.0,voiture,deux_roues,2,2,2,3,3
202200007067,2022-06-05 05:40:00,2022,6,5,5,40,13,13117,A7-Sens Marseille vers Lyon,43.45586,5.23627,Plein jour,Hors agglomération,Hors intersection,Normale,Autre collision,1,1,2,0,1,1,1,0,2,110,1,3,0,0,0,3,24.0,,voiture,,1,1,1,1,6
202200007068,2022-11-23 11:00:00,2022,11,23,11,0,16,16057,D95,45.60649,-0.139206,Plein jour,Hors agglomération,Hors intersection,Pluie forte,Autre collision,3,2,2,0,1,2,2,0,3,80,1,1,0,0,0,1,81.0,,voiture,,1,1,1,3,6
202200007069,2022-11-22 17:15:00,2022,11,22,17,15,10,10282,Rue des Maupas,48.384737,3.975967,Crépuscule ou aube,En agglomération,Autre intersection,Normale,Deux véhicules - frontale,4,2,2,0,1,1,1,0,1,50,2,2,1,0,0,1,16.0,38.0,deux_roues,voiture,2,2,9,1,1
202200007070,2022-11-23 15:15:00,2022,11,23,15,15,67,67534,Rue du General Leclerc,48.7490668152,7.4970873649,Plein jour,Hors agglomération,Hors intersection,Normale,Deux véhicules - frontale,3,2,2,0,1,3,1,0,1,-1,2,2,0,1,0,1,21.0,90.0,voiture,voiture,1,1,1,1,1
202200007071,2022-06-04 17:00:00,2022,6,4,17,0,13,13214,A507 sens Marseille - Aubagne,43.3344784818,5.382682532,Plein jour,Hors agglomération,Hors intersection,Normale,Trois véhicules et plus - en chaîne,1,1,3,0,1,1,1,1,1,70,5,6,3,0,0,3,28.0,34.0,voiture,voiture,1,1,1,1,4
202200007072,2022-11-22 17:20:00,2022,11,22,17,20,06,06033,Rond point de la manda,43.766097,7.20091,Nuit avec éclairage allumé,En agglomération,Giratoire,Normale,Deux véhicules - arrière,7,1,1,0,1,2,1,0,1,50,2,2,1,0,1,0,65.0,27.0,deux_roues,voiture,5,2,6,1,2
202200007073,2022-12-30 20:30:00,2022,12,30,20,30,30,30036,,43.762432,4.279454,Nuit sans éclairage public,Hors agglomération,Hors intersection,Normale,Deux véhicules - frontale,2,2,2,0,1,1,1,0,1,80,2,4,2,0,1,1,39.0,35.0,voiture,voiture,3,1,1,1,1
202200007074,2022-05-31 09:54:00,2022,5,31,9,54,13,13117,A7-Sens Lyon vers Marseille,43.43923,5.25022,Plein jour,Hors agglomération,Hors intersection,Normale,Deux véhicules - arrière,1,1,2,0,1,1,1,0,1,110,3,4,2,0,0,2,31.0,26.0,voiture,voiture,1,1,1,1,2
202200007075,2022-11-23 16:35:00,2022,11,23,16,35,68,68315,rue de la marne,47.888832,7.227338,Plein jour,En agglomération,Intersection en X,Pluie légère,Autre collision,3,2,2,0,2,1,2,0,8,50,1,2,1,0,1,0,27.0,,utilitaire_camion,,1,2,2,2,6
202200007076,2022-11-23 11:15:00,2022,11,23,11,15,30,30014,D982,43.99354,4.347432,Plein jour,Hors agglomération,Hors intersection,Normale,Autre collision,3,2,2,0,1,1,2,0,3,80,1,1,0,1,0,0,31.0,,voiture,,1,1,1,1,6
202200007077,2022-06-04 06:30:00,2022,6,4,6,30,13,13214,A507 sens Marseille - Aubagne,43.333,5.386,Crépuscule ou aube,Hors agglomération,Hors intersection,Normale,Deux véhicules - arrière,1,1,2,0,1,1,1,1,1,50,2,2,0,0,0,2,56.0,22.0,utilitaire_camion,voiture,2,1,1,1,2
202200007078,2022-11-23 02:40:00,2022,11,23,2,40,50,50592,La Bénouvière - Pont Farcy,48.925509,-1.065583,Nuit sans éclairage public,Hors agglomération,Hors intersection,Temps couvert,Sans collision,3,2,2,0,2,3,2,0,3,50,1,1,0,0,1,0,36.0,,voiture,,3,1,1,8,7
202200007079,2022-11-23 07:45:00,2022,11,23,7,45,95,95352,RD 922,49.1177953987,2.4038526783,Plein jour,Hors agglomération,Hors intersection,Pluie légère,Autre collision,3,3,3,0,1,2,2,0,1,80,1,1,0,0,0,1,19.0,,voiture,,1,1,1,2,6
202200007080,2022-06-05 07:30:00,2022,6,5,7,30,69,69142,Route de Métropole 7 ,45.7197,4.81857,Plein jour,En agglomération,Hors intersection,Normale,Deux véhicules - arrière,7,3,6,0,1,1,1,0,1,70,2,2,1,0,0,1,78.0,,voiture,voiture,1,2,1,1,2
202200007081,2022-11-22 19:50:00,2022,11,22,19,50,56,56197,Le Faux,47.882323,-2.436658,Nuit avec éclairage non allumé,Hors agglomération,Intersection en X,Normale,Autre collision,4,2,2,-1,1,1,1,0,6,-1,1,1,0,1,0,0,19.0,,deux_roues,,4,1,2,1,6
202200007082,2022-05-22 20:35:00,2022,5,22,20,35,42,42218,RN88,45.41984,4.41005,Nuit avec éclairage allumé,Hors agglomération,Hors intersection,Normale,Autre collision,2,1,2,0,1,1,1,1,1,70,1,1,0,0,1,0,34.0,,deux_roues,,5,1,1,1,6
202200007083,2022-12-30 00:40:00,2022,12,30,0,40,987,98738,RT1 - PK 07+500,-17.618,-149.549,Nuit avec éclairage allumé,En agglomération,Hors intersection,Normale,Deux véhicules - frontale,2,2,2,1,1,1,1,0,5,60,2,2,0,0,1,1,31.0,32.0,deux_roues,deux_roues,5,2,1,1,1
202200007084,2022-11-21 15:30:00,2022,11,21,15,30,2A,2A001,T22,41.9548949085,8.7944807158,Plein jour,En agglomération,Hors intersection,Normale,Deux véhicules - côté,2,2,2,0,1,1,1,0,1,50,2,2,1,0,1,0,65.0,19.0,voiture,deux_roues,1,2,1,1,3
202200007085,2022-12-31 09:00:00,2022,12,31,9,0,06,06029,"A8, PK 162.200 chaussée nord",43.560336,6.966319,Plein jour,Hors agglomération,Hors intersection,Normale,Autre collision,1,3,3,0,1,3,1,0,1,110,1,1,0,0,1,0,26.0,,voiture,,1,1,1,1,6