accident_id,datetime,annee,mois,jour,heure,minute,departement,commune_insee,adresse,latitude,longitude,luminosite,agglomeration,intersection,meteo,collision,catr,circ,nbv,vosp,prof,plan,surf,infra,situ,vma,nb_vehicules,nb_usagers,nb_indemnes,nb_tues,nb_blesses_hosp,nb_blesses_legers,age_cond_1,age_cond_2,veh_type_cond_1,veh_type_cond_2,lum_code,agg_code,int_code,atm_code,col_code
202200007177,2022-11-22 08:00:00,2022,11,22,8,0,60,60134,D 1016,49.321038,2.439394,Crépuscule ou aube,Hors agglomération,Hors intersection,Normale,Trois véhicules et plus - en chaîne,3,3,4,0,2,1,2,0,1,90,3,3,1,0,0,2,31.0,26.0,voiture,voiture,2,1,1,1,4
202200007178,2022-12-29 16:10:00,2022,12,29,16,10,75,75107,PLACE JOFFRE,48.851251,2.300943,Plein jour,En agglomération,Place,Normale,Deux véhicules - côté,4,2,4,0,1,1,1,0,1,30,2,2,1,0,0,1,28.0,22.0,voiture,deux_roues,1,2,7,1,3
202200007179,2022-06-02 08:10:00,2022,6,2,8,10,83,83090,A50,43.1222762978,5.8687591553,Plein jour,Hors agglomération,Hors intersection,Normale,Deux véhicules - arrière,1,3,6,0,1,1,1,0,1,110,2,2,1,0,0,1,34.0,67.0,voiture,voiture,1,1,1,1,2
202200007180,2022-04-28 10:30:00,2022,4,28,10,30,971,97101,Secteur Pont de la Gabarre,16.2530855299,-61.5469899774,Plein jour,Hors agglomération,Hors intersection,Normale,Trois véhicules et plus - en chaîne,2,1,2,0,1,1,1,9,1,70,4,5,4,0,0,1,41.0,60.0,voiture,voiture,1,1,1,1,4
202200007181,2022-11-23 17:00:00,2022,11,23,17,0,80,80302,D930,49.647912,2.630076,Plein jour,Hors agglomération,Hors intersection,Pluie légère,Deux véhicules - frontale,3,2,2,0,1,1,2,0,1,80,2,2,0,0,0,2,29.0,44.0,utilitaire_camion,voiture,1,1,1,2,1
202200007182,2022-12-29 03:50:00,2022,12,29,3,50,75,75107,QUAI ANATOLE FRANCE,48.8611,2.324159,Nuit avec éclairage allumé,En agglomération,Intersection en T,Pluie forte,Autre collision,4,1,2,0,1,1,2,0,1,30,1,1,0,0,0,1,28.0,,deux_roues,,5,2,3,3,6
202200007183,2022-05-25 13:15:00,2022,5,25,13,15,69,69029,Route Départementale 383,45.72953,4.89832,Plein jour,En agglomération,Hors intersection,Normale,Deux véhicules - côté,7,3,6,0,1,1,1,0,1,70,2,2,1,0,1,0,47.0,31.0,utilitaire_camion,voiture,1,2,1,1,3
202200007184,2022-04-29 04:50:00,2022,4,29,4,50,2A,2A004,MONTEE SAINT JEAN,41.9328,8.73742,Nuit avec éclairage allumé,En agglomération,Intersection en T,Normale,Deux véhicules - côté,4,2,3,0,3,1,1,0,1,50,2,2,1,0,0,1,20.0,48.0,voiture,voiture,5,2,3,1,3
202200007185,2022-11-23 08:05:00,2022,11,23,8,5,59,59011,Rue Roger Salengro,50.530889,2.940291,Plein jour,En agglomération,Hors intersection,Normale,Autre collision,7,2,2,0,1,1,2,0,1,50,1,3,1,0,0,2,20.0,,deux_roues,,1,2,1,1,6
202200007186,2022-12-29 23:00:00,2022,12,29,23,0,75,75103,RUE AU MAIRE,48.8648053375,2.3554542661,Nuit avec éclairage allumé,En agglomération,Intersection en X,Normale,Autre collision,4,2,1,0,1,1,1,6,6,30,1,2,1,0,0,1,23.0,,deux_roues,,5,2,2,1,6
202200007187,2022-12-28 10:01:00,2022,12,28,10,1,94,94078,47 Rue de Crosne,48.721711,2.450214,Plein jour,En agglomération,Hors intersection,Normale,Autre collision,4,-1,0,0,2,4,1,0,6,10,1,2,0,0,0,2,31.0,,voiture,,1,2,1,1,6
202200007188,2022-04-25 21:36:00,2022,4,25,21,36,95,95210,RD 311,48.9692849615,2.3053009808,Nuit avec éclairage allumé,En agglomération,Intersection en X,Normale,Deux véhicules - frontale,3,2,2,0,1,1,1,0,1,50,2,2,1,0,0,1,23.0,19.0,deux_roues,voiture,5,2,2,1,1
202200007189,2022-06-03 19:45:00,2022,6,3,19,45,33,33550,AUTOROUTE A 62,44.77513,-0.55696,Plein jour,Hors agglomération,Hors intersection,Normale,Trois véhicules et plus - en chaîne,1,3,4,0,1,1,1,0,1,130,3,4,2,0,0,2,26.0,53.0,deux_roues,voiture,1,1,1,1,4
202200007190,2022-12-29 14:40:00,2022,12,29,14,40,94,94043,CHARLES GIDE (AV),48.80521,2.34635,Crépuscule ou aube,En agglomération,Intersection en T,Normale,Deux véhicules - côté,3,2,2,0,2,1,1,9,1,50,2,2,1,0,0,1,56.0,22.0,utilitaire_camion,deux_roues,2,2,3,1,3
202200007191,2022-11-21 19:15:00,2022,11,21,19,15,13,13071,A5502D-Sens Marseille vers A55-Martigues,43.40472,5.30436,Nuit sans éclairage public,Hors agglomération,Hors intersection,Pluie légère,Trois véhicules et plus - collisions multiples,1,-1,2,0,1,2,2,0,1,90,3,7,5,0,0,2,36.0,55.0,voiture,voiture,3,1,1,2,5
202200007192,2022-04-12 20:45:00,2022,4,12,20,45,91,91471,NICOLAS APPERT (RUE),48.710455,2.176936,Nuit sans éclairage public,Hors agglomération,Intersection en X,Temps couvert,Deux véhicules - côté,4,2,2,0,1,1,1,0,1,30,2,2,0,0,0,2,40.0,49.0,voiture,transport_commun,3,1,2,8,3
202200007193,2022-12-28 20:15:00,2022,12,28,20,15,94,94016,DIVISION LECLERC (AV DE LA),48.78593,2.329127,Nuit avec éclairage allumé,En agglomération,Intersection en T,Pluie légère,Deux véhicules - côté,3,2,2,0,1,1,2,0,1,50,2,2,1,0,1,0,26.0,23.0,deux_roues,voiture,5,2,3,2,3
202200007194,2022-06-03 17:20:00,2022,6,3,17,20,33,33090,AUTOROUTE A 63,44.7666583655,-0.669811964,Plein jour,Hors agglomération,Hors intersection,Normale,Trois véhicules et plus - en chaîne,1,3,4,0,1,1,1,3,1,110,3,4,3,0,1,0,43.0,20.0,deux_roues,utilitaire_camion,1,1,1,1,4
202200007195,2022-04-28 23:06:00,2022,4,28,23,6,87,87113,BRIAND (AVENUE ARISTIDE),45.87027,1.32727,Nuit avec éclairage allumé,En agglomération,Hors intersection,Normale,Sans collision,3,2,2,0,1,1,1,0,1,50,1,1,0,0,1,0,27.0,,deux_roues,,5,2,1,1,7
202200007196,2022-11-21 15:27:00,2022,11,21,15,27,13,13215,A7-Sens Lyon vers Marseille,43.36751,5.36094,Plein jour,Hors agglomération,Hors intersection,Normale,Trois véhicules et plus - en chaîne,1,-1,3,0,1,1,1,1,1,90,3,3,2,0,0,1,22.0,24.0,voiture,utilitaire_camion,1,1,1,1,4
202200007197,2022-12-28 23:30:00,2022,12,28,23,30,94,94033,Avenue du Maréchal Joffre,48.8524672157,2.4837693813,Nuit avec éclairage allumé,En agglomération,Hors intersection,Pluie forte,Deux véhicules - arrière,3,3,2,0,2,1,2,0,1,50,2,2,1,0,0,1,24.0,19.0,deux_roues,voiture,5,2,1,3,2
202200007198,2022-04-13 20:17:00,2022,4,13,20,17,78,78242,CD 11,48.81595,2.02821,Crépuscule ou aube,Hors agglomération,Hors intersection,Normale,Deux véhicules - côté,3,2,2,0,1,1,2,0,1,90,2,4,1,0,0,3,71.0,36.0,voiture,voiture,2,1,1,1,3
202200007199,2022-12-29 19:50:00,2022,12,29,19,50,94,94060,Rue du Général de Gaulle,48.780069,2.577033,Nuit avec éclairage allumé,En agglomération,Hors intersection,Normale,Autre collision,3,2,4,0,1,1,1,0,1,50,1,2,1,0,0,1,33.0,,voiture,,5,2,1,1,6
202200007200,2022-06-01 20:30:00,2022,6,1,20,30,33,33039,ROCADE A 630,44.801033,-0.534717,Plein jour,Hors agglomération,Hors intersection,Normale,Deux véhicules - arrière,1,3,6,0,1,1,1,0,1,90,2,6,3,0,0,3,48.0,19.0,voiture,voiture,1,1,1,1,2
202200007201,2022-04-17 19:00:00,2022,4,17,19,0,76,76474,Le Mont Cauvel,49.486803,1.03771,Plein jour,Hors agglomération,Hors intersection,Normale,Autre collision,5,-1, -1,0,1,1,1,9,8,50,1,1,0,0,1,0,28.0,,deux_roues,,1,1,1,1,6
202200007202,2022-12-29 18:00:00,2022,12,29,18,0,93,93062,Allée Nicolas Carnot / Allée de Gagny,48.89057,2.51551,Nuit avec éclairage allumé,En agglomération,Intersection en X,Normale,Autre collision,4,2,2,0,1,1,1,0,1,50,1,2,1,0,0,1,24.0,,voiture,,5,2,2,1,6
202200007203,2022-04-17 10:15:00,2022,4,17,10,15,76,76561,Rue Jean Jaurès,49.297322,1.013333,Plein jour,En agglomération,Hors intersection,Normale,Deux véhicules - côté,4,2,2,0,1,1,1,0,1,50,2,3,2,0,0,1,27.0,59.0,voiture,voiture,1,2,1,1,3
202200007204,2022-12-28 17:35:00,2022,12,28,17,35,92,92025,GABRIEL PERI (RUE),48.918237,2.238956,Nuit avec éclairage allumé,En agglomération,Hors intersection,Pluie légère,Autre collision,3,2,2,0,1,1,2,0,1,30,1,2,1,0,0,1,25.0,,voiture,,5,2,1,2,6
202200007205,2022-06-03 18:30:00,2022,6,3,18,30,91,91617,RN6 PROVINCE / RN104 INT,48.63169,2.51866,Plein jour,Hors agglomération,Hors intersection,Normale,Trois véhicules et plus - en chaîne,2,3,2,0,1,1,2,0,1,110,3,4,2,0,0,2,35.0,29.0,utilitaire_camion,voiture,1,1,1,1,4
202200007206,2022-11-21 17:22:00,2022,11,21,17,22,13,13085,A50-Sens Toulon vers Aubagne,43.25105,5.59585,Crépuscule ou aube,Hors agglomération,Hors intersection,Pluie forte,Sans collision,1,3,3,0,1,1,2,0,1,110,7,8,5,0,0,3,36.0,68.0,voiture,utilitaire_camion,2,1,1,3,7
202200007207,2022-12-29 10:20:00,2022,12,29,10,20,92,92024,VILLENEUVE (RUE) DE (55 A 87BIS),48.90622,2.31336,Plein jour,En agglomération,Hors intersection,Normale,Autre collision,4,2,2,0,1,1,1,0,1,50,1,2,1,0,0,1,38.0,,voiture,,1,2,1,1,6
202200007208,2022-06-03 16:30:00,2022,6,3,16,30,92,92050,A86,48.9107409163,2.215969017,Plein jour,Hors agglomération,Hors intersection,Pluie légère,Deux véhicules - arrière,1,-1,3,0,1,1,2,0,2,90,2,2,1,0,0,1,31.0,39.0,voiture,deux_roues,1,1,1,2,2
202200007209,2022-12-29 12:50:00,2022,12,29,12,50,11,11079,Route de Cuxac,43.372028,2.306131,Plein jour,Hors agglomération,Hors intersection,Temps couvert,Autre collision,3,2,2,0,2,1,1,0,3,80,1,1,0,0,0,1,55.0,,voiture,,1,1,1,8,6
202200007210,2022-04-28 23:07:00,2022,4,28,23,7,76,76259,GARE ( PLACE DE LA),49.75911,0.37569,Nuit avec éclairage allumé,En agglomération,Autre intersection,Normale,Deux véhicules - côté,9,2,4,0,1,1,1,9,1,30,2,5,4,0,0,1,18.0,22.0,voiture,voiture,5,2,9,1,3
202200007211,2022-11-22 09:45:00,2022,11,22,9,45,13,13214,A7-Sens Marseille vers Lyon,43.3289950748,5.3779922291,Nuit sans éclairage public,Hors agglomération,Hors intersection,Normale,Deux véhicules - arrière,1,1,1,0,2,3,1,3,1,70,2,2,1,0,0,1,33.0,,voiture,autre,3,1,1,1,2
202200007212,2022-12-30 13:30:00,2022,12,30,13,30,37,37024,D369,47.331944,0.196552,Plein jour,Hors agglomération,Hors intersection,Pluie légère,Sans collision,3,2,2,0,1,1,3,0,1,80,1,1,0,0,0,1,32.0,,deux_roues,,1,1,1,2,7
202200007213,2022-11-21 12:00:00,2022,11,21,12,0,83,83129,A50,43.1214,5.83382,Plein jour,Hors agglomération,Hors intersection,Normale,Autre collision,1,1,2,0,1,1,1,8,1,90,1,1,0,0,0,1,34.0,,utilitaire_camion,,1,1,1,1,6
202200007214,2022-04-29 17:30:00,2022,4,29,17,30,71,71270,VREMONTOISE (RUE),46.35227,4.83041,Plein jour,En agglomération,Hors intersection,Temps couvert,Deux véhicules - frontale,3,2,2,0,1,1,1,0,1,50,2,2,1,0,0,1,27.0,34.0,deux_roues,voiture,1,2,1,8,1
202200007215,2022-06-03 16:25:00,2022,6,3,16,25,94,94069,A4,48.8171389327,2.4422619339,Plein jour,Hors agglomération,Hors intersection,Normale,Deux véhicules - arrière,1,1,4,0,1,1,1,9,1,90,2,2,1,0,0,1,52.0,24.0,voiture,voiture,1,1,1,1,2
202200007216,2022-12-30 12:25:00,2022,12,30,12,25,38,38336,N7,45.496308,4.837976,Plein jour,Hors agglomération,Hors intersection,Pluie légère,Deux véhicules - frontale,2,2,1,0,1,1,2,0,1,70,2,3,0,0,3,0,46.0,52.0,voiture,voiture,1,1,1,2,1
202200007217,2022-04-28 16:24:00,2022,4,28,16,24,66,66136,R D 900,42.716276,2.872979,Plein jour,Hors agglomération,Hors intersection,Normale,Deux véhicules - arrière,3,3,4,0,1,1,1,0,1,90,2,2,1,0,0,1,48.0,51.0,utilitaire_camion,voiture,1,1,1,1,2
202200007218,2022-06-01 00:20:00,2022,6,1,0,20,91,91027,RUE DE LA CONCORDE,48.71613,2.37094,Nuit avec éclairage allumé,En agglomération,Autre intersection,Normale,Deux véhicules - côté,3,3,2,0,1,1,1,5,1,50,2,3,1,0,0,2,33.0,50.0,voiture,voiture,5,2,9,1,3
202200007219,2022-12-30 13:50:00,2022,12,30,13,50,26,26005,"AUTOROUTE 7, PK 121+500, Sens Sud/Nord",44.511212,4.776317,Plein jour,Hors agglomération,Hors intersection,Normale,Deux véhicules - arrière,1,3,5,0,1,1,1,0,1,130,2,4,2,0,0,2,79.0,53.0,voiture,voiture,1,1,1,1,2
202200007220,2022-04-27 15:15:00,2022,4,27,15,15,64,64445,Cours Léon Bérard,43.31229,-0.3674,Plein jour,En agglomération,Hors intersection,Normale,Deux véhicules - arrière,4,3,2,1,1,1,1,0,1,30,2,2,1,0,0,1,26.0,29.0,voiture,voiture,1,2,1,1,2
202200007221,2022-04-27 12:50:00,2022,4,27,12,50,64,64445,Avenue Jean Biray,43.2934905487,-0.3759424388,Plein jour,En agglomération,Hors intersection,Normale,Sans collision,4,2,2,0,1,3,2,0,1,50,1,1,0,0,1,0,100.0,,voiture,,1,2,1,1,7
202200007222,2022-12-29 15:05:00,2022,12,29,15,5,52,52349,A5 pk210+850,48.0263616511,5.0896229769,Plein jour,Hors agglomération,Hors intersection,Pluie légère,Trois véhicules et plus - en chaîne,1,3,4,0,1,1,2,0,1,130,3,4,3,0,0,1,40.0,56.0,utilitaire_camion,voiture,1,1,1,2,4
202200007223,2022-06-01 14:05:00,2022,6,1,14,5,16,16015,Boulevard de Bigorre,45.629696,0.14394,Plein jour,En agglomération,Giratoire,Normale,Deux véhicules - arrière,3,1,2,0,1,1,1,0,1,50,2,2,1,0,1,0,32.0,,voiture,,1,2,6,1,2
202200007224,2022-04-29 21:15:00,2022,4,29,21,15,64,64102,Rue de Ravignan,43.49058,-1.47011,Nuit avec éclairage allumé,En agglomération,Intersection en T,Normale,Deux véhicules - côté,4,2,1,0,1,1,1,0,1,30,2,2,1,0,0,1,25.0,49.0,deux_roues,voiture,5,2,3,1,3
202200007225,2022-12-29 15:15:00,2022,12,29,15,15,79,79150,,46.131715,0.171136,Plein jour,En agglomération,Hors intersection,Pluie légère,Sans collision,3,2,2,0,1,4,2,0,1,50,1,1,0,0,1,0,82.0,,voiture,,1,2,1,2,7
202200007226,2022-05-31 08:27:00,2022,5,31,8,27,29,29019,Rue de Verdun,48.398364,-4.461561,Plein jour,En agglomération,Hors intersection,Normale,Autre collision,4,-1,2,0,1,1,1,0,1,50,1,2,1,0,1,0,44.0,,voiture,,1,2,1,1,6
202200007227,2022-12-29 14:15:00,2022,12,29,14,15,12,12291,A75,44.23735,3.059364,Plein jour,Hors agglomération,Hors intersection,Temps couvert,Deux véhicules - arrière,1,3,4,0,2,1,1,0,1,130,2,2,1,0,0,1,45.0,53.0,voiture,voiture,1,1,1,8,2
202200007228,2022-04-29 19:00:00,2022,4,29,19,0,60,60057,Avenue Marcel Dassault,49.449838,2.097229,Plein jour,En agglomération,Autre intersection,Normale,Deux véhicules - côté,4,2,4,1,2,1,1,9,4,50,2,2,1,0,0,1,28.0,,deux_roues,voiture,1,2,9,1,3
202200007229,2022-12-29 17:45:00,2022,12,29,17,45,23,23079,Grande Rue,45.883064,2.174035,Nuit avec éclairage allumé,En agglomération,Hors intersection,Pluie légère,Autre collision,4,1,1,0,1,2,2,0,1,30,1,2,1,0,1,0,62.0,,voiture,,5,2,1,2,6
202200007230,2022-03-20 00:00:00,2022,3,20,0,0,93,93057,Avenue Aristide Briand / Allée Robert Schmitt,48.908977,2.501189,Nuit avec éclairage allumé,En agglomération,Intersection en T,Normale,Deux véhicules - côté,3,3,4,3,1,1,1,8,1,50,2,2,1,0,0,1,44.0,29.0,voiture,voiture,5,2,3,1,3
202200007231,2022-05-30 16:55:00,2022,5,30,16,55,95,95183,CHASSEURS (BOULEVARD DES),49.047144,2.003567,Plein jour,En agglomération,Hors intersection,Normale,Autre collision,4,2,2,0,1,1,1,0,1,30,1,2,1,0,1,0,22.0,,voiture,,1,2,1,1,6
202200007232,2022-04-26 17:00:00,2022,4,26,17,0,59,59392,EUROPE (BOULEVARD DE L'),50.2752826123,3.9685481787,Plein jour,En agglomération,Hors intersection,Normale,Autre collision,3,2,2,1,1,1,1,0,1,50,1,2,1,0,1,0,36.0,,utilitaire_camion,,1,2,1,1,6
202200007233,2022-03-19 13:00:00,2022,3,19,13,0,972,97221,Thoraille,14.515673,-60.965923,Plein jour,En agglomération,Hors intersection,Normale,Sans collision,3,2,2,0,1,3,2,0,4,50,1,2,0,0,2,0,26.0,,deux_roues,,1,2,1,1,7
202200007234,2022-05-30 10:30:00,2022,5,30,10,30,04,04112,SAUNERIE (PORTE),43.83163,5.78413,Plein jour,En agglomération,Hors intersection,Normale,Autre collision,4,1,2,0,1,1,1,0,1,30,1,2,1,0,1,0,83.0,,voiture,,1,2,1,1,6
202200007235,2022-12-30 11:30:00,2022,12,30,11,30,41,41228,Départementale 917,47.766734,0.905471,Plein jour,Hors agglomération,Hors intersection,Pluie légère,Deux véhicules - frontale,3,2,2,0,1,1,2,0,1,80,2,5,3,1,0,1,65.0,37.0,voiture,voiture,1,1,1,2,1
202200007236,2022-04-29 13:15:00,2022,4,29,13,15,59,59350,Rue Carnot,50.62798,2.99483,Plein jour,En agglomération,Hors intersection,Normale,Deux véhicules - frontale,7,2,2,0,1,1,1,0,1,30,2,3,2,0,0,1,29.0,20.0,utilitaire_camion,deux_roues,1,2,1,1,1
202200007237,2022-03-21 17:50:00,2022,3,21,17,50,01,01194,Rue des Sports,45.983821,4.757854,Crépuscule ou aube,En agglomération,Hors intersection,Normale,Autre collision,4,2,2,0,1,1,1,0,1,50,1,2,1,0,0,1,45.0,,voiture,,2,2,1,1,6
202200007238,2022-05-29 20:00:00,2022,5,29,20,0,14,14118,Quai de Juillet,49.17823,-0.35341,Plein jour,En agglomération,Intersection en X,Normale,Deux véhicules - côté,4,1,2,0,1,1,1,5,1,50,2,2,1,0,0,1,46.0,31.0,deux_roues,voiture,1,2,2,1,3
202200007239,2022-12-25 20:15:00,2022,12,25,20,15,33,33144,RN 524,44.405711,-0.225906,Nuit sans éclairage public,Hors agglomération,Hors intersection,Normale,Deux véhicules - frontale,2,2,2,0,1,3,1,0,1,80,2,5,0,0,2,3,19.0,66.0,voiture,voiture,3,1,1,1,1
202200007240,2022-04-29 05:30:00,2022,4,29,5,30,59,59378,REPUBLIQUE AV DE LA (N°834-920),50.66098,3.09477,Nuit avec éclairage allumé,En agglomération,Hors intersection,Normale,Deux véhicules - arrière,7,1,2,0,3,1,1,1,1,70,2,3,0,0,0,3,27.0,21.0,voiture,voiture,5,2,1,1,2
202200007241,2022-12-28 13:50:00,2022,12,28,13,50,61,61029,D8,48.546558,0.489331,Plein jour,Hors agglomération,Hors intersection,Pluie légère,Sans collision,3,2,2,0,2,2,2,0,1,90,1,1,0,1,0,0,70.0,,voiture,,1,1,1,2,7
202200007242,2022-03-21 15:30:00,2022,3,21,15,30,19,19248,A20 PK 233+300 SENS 2,45.4628843864,1.513619898,Plein jour,Hors agglomération,Hors intersection,Normale,Trois véhicules et plus - en chaîne,1,1,1,0,3,1,1,8,1,90,3,4,2,0,1,1,41.0,75.0,utilitaire_camion,voiture,1,1,1,1,4
202200007243,2022-05-28 16:30:00,2022,5,28,16,30,29,29232,Route de Pont l'Abbe,47.984098,-4.120819,Plein jour,En agglomération,Hors intersection,Normale,Deux véhicules - frontale,4,2,2,0,1,4,1,9,1,50,2,2,1,0,0,1,64.0,48.0,voiture,voiture,1,2,1,1,1
202200007244,2022-04-21 15:15:00,2022,4,21,15,15,59,59431,ARMENTIERES  (RUE D' ),50.7003266373,2.8494179249,Plein jour,En agglomération,Hors intersection,Normale,Deux véhicules - côté,3,2,2,0,1,1,1,0,1,50,2,2,1,0,1,0,58.0,59.0,voiture,deux_roues,1,2,1,1,3
202200007245,2022-12-30 17:10:00,2022,12,30,17,10,39,39283,,46.349573,5.692778,Nuit sans éclairage public,Hors agglomération,Hors intersection,Pluie légère,Autre collision,3,2,3,0,1,2,2,0,3,90,1,2,0,0,2,0,21.0,,voiture,,3,1,1,2,6
202200007246,2022-03-19 04:00:00,2022,3,19,4,0,50,50411,D7E1 Bretelle d'insertion A84,48.703495,-1.338653,Nuit sans éclairage public,Hors agglomération,Hors intersection,Normale,Autre collision,3,1,1,0,2,4,1,3,3,50,1,1,0,0,0,1,22.0,,voiture,,3,1,1,1,6
202200007247,2022-05-27 16:05:00,2022,5,27,16,5,38,38185,MARCELIN BERTHELOT (AVENUE),45.17634,5.73185,Plein jour,En agglomération,Intersection en T,Normale,Autre collision,4,2,1,3,1,1,1,9,6,20,1,3,1,0,1,1,37.0,,transport_commun,,1,2,3,1,6
202200007248,2022-12-30 01:57:00,2022,12,30,1,57,25,25122,Rue de Chapelle d Huin,46.941304,6.15383,Nuit sans éclairage public,Hors agglomération,Hors intersection,Autre,Autre collision,4,2,2,0,2,3,2,0,3,80,1,1,0,1,0,0,18.0,,voiture,,3,1,1,9,6
202200007249,2022-03-20 04:50:00,2022,3,20,4,50,30,30209,,43.987874,4.747467,Nuit avec éclairage allumé,Hors agglomération,Giratoire,Normale,Sans collision,3,2,2,0,1,1,1,5,3,80,1,1,0,0,0,1,38.0,,voiture,,5,1,6,1,7
202200007250,2022-04-29 07:55:00,2022,4,29,7,55,56,56098,PAPIN (RUE DENIS),47.78297,-3.338061,Plein jour,En agglomération,Giratoire,Normale,Autre collision,3,-1,2,0,3,1,1,0,1,50,1,2,1,0,0,1,39.0,,voiture,,1,2,6,1,6
202200007251,2022-05-27 21:40:00,2022,5,27,21,40,22,22187,BEAUREGARD (RUE DE),48.52777,-2.777,Plein jour,Hors agglomération,Hors intersection,Normale,Autre collision,4,2,2,0,1,1,1,0,1,70,1,1,0,0,0,1,28.0,,deux_roues,,1,1,1,1,6
202200007252,2022-12-30 14:15:00,2022,12,30,14,15,15,15122,les Aurières,44.680354,2.186285,Plein jour,Hors agglomération,Hors intersection,Pluie légère,Deux véhicules - frontale,2,2,2,0,1,3,2,2,1,80,2,2,1,0,1,0,60.0,19.0,utilitaire_camion,voiture,1,1,1,2,1
202200007253,2022-03-20 15:55:00,2022,3,20,15,55,57,57089,Chemin de Dambach,49.047894,7.463543,Plein jour,En agglomération,Hors intersection,Normale,Autre collision,4,2,2,0,1,1,1,0,4,50,1,1,0,0,1,0,17.0,,deux_roues,,1,2,1,1,6
202200007254,2022-04-29 10:34:00,2022,4,29,10,34,54,54332,Eisenhower ( avenue ),48.90252,6.03806,Plein jour,En agglomération,Hors intersection,Normale,Deux véhicules - côté,3,2,2,0,1,1,1,0,1,50,2,2,1,0,1,0,43.0,29.0,utilitaire_camion,deux_roues,1,2,1,1,3
202200007255,2022-12-29 12:45:00,2022,12,29,12,45,14,14138,D29,49.246419399,-1.001059413,Plein jour,Hors agglomération,Hors intersection,Temps couvert,Autre collision,3,2,2,0,1,1,1,0,3,80,1,1,0,0,1,0,57.0,,utilitaire_camion,,1,1,1,8,6
202200007256,2022-03-20 11:50:00,2022,3,20,11,50,51,51105,D980,49.26512,4.124969,Plein jour,Hors agglomération,Hors intersection,Normale,Sans collision,3,2,2,0,2,2,1,0,3,70,1,1,0,0,0,1,83.0,,voiture,,1,1,1,1,7
202200007257,2022-05-26 22:55:00,2022,5,26,22,55,75,75101,PLACE DU CHATELET,48.857195811,2.3473451836,Nuit avec éclairage allumé,En agglomération,Place,Normale,Deux véhicules - côté,4,1,3,0,1,1,1,0,1,50,2,2,1,0,0,1,25.0,,deux_roues,deux_roues,5,2,7,1,3
202200007258,2022-12-30 01:30:00,2022,12,30,1,30,14,14098,D9 ,49.173119,-0.545797,Nuit sans éclairage public,Hors agglomération,Hors intersection,Normale,Autre collision,3,2,2,0,1,1,1,0,3,80,1,1,0,0,1,0,41.0,,voiture,,3,1,1,1,6
202200007259,2022-03-20 05:45:00,2022,3,20,5,45,51,51056,Grande Rue,48.613707,3.613424,Nuit avec éclairage allumé,En agglomération,Hors intersection,Normale,Sans collision,3,2,2,0,1,2,1,0,1,50,1,1,0,0,1,0,21.0,,voiture,,5,2,1,1,7
202200007260,2022-05-24 05:45:00,2022,5,24,5,45,971,97113,GRAND BAIE ( RN4),16.2180192975,-61.5095490217,Crépuscule ou aube,Hors agglomération,Hors intersection,Normale,Sans collision,2,1,1,0,1,3,1,0,1,90,1,1,0,0,0,1,26.0,,voiture,,2,1,1,1,7
202200007261,2022-04-28 18:50:00,2022,4,28,18,50,54,54257,VANDOEUVRE (RUE DE),48.65264,6.18486,Plein jour,En agglomération,Intersection en X,Normale,Deux véhicules - côté,7,2,2,0,1,1,1,0,1,50,2,3,2,0,0,1,,25.0,voiture,voiture,1,2,2,1,3
202200007262,2022-03-19 19:57:00,2022,3,19,19,57,74,74167,781 Lieu-Dit Grange Neuve,45.749169,6.315508,Nuit sans éclairage public,Hors agglomération,Hors intersection,Normale,Sans collision,3,2,2,0,1,1,1,0,3,80,1,1,0,0,1,0,27.0,,voiture,,3,1,1,1,7
202200007263,2022-12-29 13:20:00,2022,12,29,13,20,50,50074,le Carrefour,48.716259,-1.177248,Plein jour,Hors agglomération,Intersection en X,Normale,Deux véhicules - côté,3,-1,2,0,2,2,1,0,1,80,2,2,1,0,1,0,55.0,18.0,voiture,voiture,1,1,2,1,3
202200007264,2022-05-23 12:15:00,2022,5,23,12,15,54,54547,BOURGOGNE (AVENUE DE),48.6539120951,6.1523196101,Plein jour,Hors agglomération,Intersection en X,Normale,Autre collision,4,3,4,1,2,1,1,0,1,50,1,2,1,0,0,1,21.0,,voiture,,1,1,2,1,6
202200007265,2022-03-21 00:40:00,2022,3,21,0,40,79,79030,,46.288219,-0.15602,Nuit sans éclairage public,Hors agglomération,Hors intersection,Normale,Sans collision,3,2,2,0,1,3,1,0,3,90,1,1,0,0,1,0,47.0,,voiture,,3,1,1,1,7
202200007266,2022-04-26 08:45:00,2022,4,26,8,45,54,54304,BOIS GRONEE (AVENUE DU),48.6794,6.14263,Plein jour,En agglomération,Intersection en X,Normale,Deux véhicules - côté,4,2,4,0,1,1,1,0,1,50,2,2,0,0,0,2,55.0,27.0,voiture,voiture,1,2,2,1,3
202200007267,2022-12-29 18:30:00,2022,12,29,18,30,04,04123,RD 4075,44.292155,5.842988,Nuit sans éclairage public,Hors agglomération,Hors intersection,Autre,Deux véhicules - frontale,3,2,2,0,1,4,1,0,1,80,2,2,1,1,0,0,18.0,21.0,deux_roues,voiture,3,1,1,9,1
202200007268,2022-03-21 19:20:00,2022,3,21,19,20,12,12262,D997,44.212649,2.312236,Nuit sans éclairage public,Hors agglomération,Hors intersection,Normale,Autre collision,3,2,2,0,2,1,1,0,3,80,1,1,0,1,0,0,23.0,,voiture,,3,1,1,1,6