accident_id,datetime,annee,mois,jour,heure,minute,departement,commune_insee,adresse,latitude,longitude,luminosite,agglomeration,intersection,meteo,collision,catr,circ,nbv,vosp,prof,plan,surf,infra,situ,vma,nb_vehicules,nb_usagers,nb_indemnes,nb_tues,nb_blesses_hosp,nb_blesses_legers,age_cond_1,age_cond_2,veh_type_cond_1,veh_type_cond_2,lum_code,agg_code,int_code,atm_code,col_code
202200007360,2022-03-19 14:00:00,2022,3,19,14,0,77,77474,N3 / D27 ou D27 / N3,48.957735,2.801814,Plein jour,Hors agglomération,Intersection en T,Normale,Deux véhicules - arrière,2,3,4,-1,1,1,-1,5,1,-1,2,2,1,0,0,1,23.0,31.0,voiture,voiture,1,1,3,1,2
202200007361,2022-12-29 10:45:00,2022,12,29,10,45,93,93006,AUTOROUTE A3,48.8696602928,2.4297243504,Plein jour,Hors agglomération,Hors intersection,Normale,Deux véhicules - côté,1,-1,4,0,1,1,1,2,1,70,2,2,1,0,0,1,44.0,26.0,voiture,deux_roues,1,1,1,1,3
202200007362,2022-04-28 20:40:00,2022,4,28,20,40,10,10357,HENRI BARBUSSE (RUE),48.300450903,4.1085916758,Crépuscule ou aube,En agglomération,Giratoire,Normale,Deux véhicules - côté,3,4,1,0,1,3,1,9,6,50,2,2,1,0,0,1,34.0,56.0,voiture,voiture,2,2,6,1,3
202200007363,2022-12-29 05:00:00,2022,12,29,5,0,95,95042,RN 104,49.05997,2.28171,Nuit sans éclairage public,Hors agglomération,Hors intersection,Normale,Autre collision,2,3,4,0,1,1,1,0,1,110,1,1,0,0,0,1,41.0,,voiture,,3,1,1,1,6
202200007364,2022-03-21 08:30:00,2022,3,21,8,30,91,91136,Route de Versailles,48.702932,2.283214,Plein jour,En agglomération,Giratoire,Normale,Deux véhicules - côté,3,2,2,0,1,3,1,0,1,30,2,2,1,0,1,0,57.0,59.0,deux_roues,voiture,1,2,6,1,3
202200007365,2022-06-02 20:45:00,2022,6,2,20,45,91,91174,RN 104,48.61049,2.44415,Plein jour,Hors agglomération,Hors intersection,Normale,Deux véhicules - arrière,2,1,3,0,1,1,1,0,1,90,2,2,0,0,1,1,36.0,50.0,voiture,voiture,1,1,1,1,2
202200007366,2022-03-20 23:00:00,2022,3,20,23,0,83,83023,Chemin de la Tour,43.410051,6.054202,Nuit avec éclairage allumé,En agglomération,Hors intersection,Normale,Autre collision,4,2,2,0,1,2,1,0,4,-1,1,2,1,0,1,0,19.0,,voiture,,5,2,1,1,6
202200007367,2022-12-29 00:05:00,2022,12,29,0,5,95,95018,A15,48.9552880915,2.2779641674,Nuit avec éclairage non allumé,Hors agglomération,Hors intersection,Pluie légère,Deux véhicules - arrière,1,3,8,0,1,2,2,0,1,90,2,2,1,0,0,1,,27.0,voiture,voiture,4,1,1,2,2
202200007368,2022-04-28 20:37:00,2022,4,28,20,37,10,10387,GENERAL PATTON (NATIONALE),48.29484,4.067,Crépuscule ou aube,En agglomération,Giratoire,Normale,Deux véhicules - côté,4,1,1,0,1,2,1,5,1,50,2,2,1,0,0,1,45.0,19.0,voiture,deux_roues,2,2,6,1,3
202200007369,2022-06-02 17:20:00,2022,6,2,17,20,77,77251,RN 104,48.644388,2.539637,Plein jour,Hors agglomération,Hors intersection,Normale,Deux véhicules - arrière,2,1,6,0,1,1,1,0,1,90,2,4,1,0,0,3,25.0,20.0,voiture,voiture,1,1,1,1,2
202200007370,2022-12-28 23:00:00,2022,12,28,23,0,93,93078,AUTOROUTE A104,48.9657440033,2.5168227811,Nuit sans éclairage public,Hors agglomération,Hors intersection,Pluie légère,Deux véhicules - arrière,1,3,8,0,1,1,2,0,1,110,2,2,1,0,0,1,52.0,48.0,utilitaire_camion,deux_roues,3,1,1,2,2
202200007371,2022-04-27 16:20:00,2022,4,27,16,20,02,02738,,49.658334,3.298589,Plein jour,En agglomération,Intersection en T,Normale,Deux véhicules - côté,4,3,2,0,1,1,1,0,1,50,2,2,1,0,0,1,23.0,46.0,deux_roues,utilitaire_camion,1,2,3,1,3
202200007372,2022-03-19 13:00:00,2022,3,19,13,0,74,74160,4910 Route du Col de la Croix Fry,45.871732,6.384392,Plein jour,Hors agglomération,Intersection en Y,Normale,Deux véhicules - frontale,3,2,2,0,2,4,1,0,1,80,2,2,1,0,1,0,30.0,31.0,deux_roues,voiture,1,1,4,1,1
202200007373,2022-06-02 13:25:00,2022,6,2,13,25,91,91521,RN 104,48.62937,2.40007,Plein jour,Hors agglomération,Hors intersection,Normale,Deux véhicules - arrière,2,1,2,0,1,1,1,0,1,70,2,2,1,0,0,1,36.0,19.0,voiture,voiture,1,1,1,1,2
202200007374,2022-04-28 18:10:00,2022,4,28,18,10,75,75116,BD PERIPHERIQUE INTERIEUR,48.8602587082,2.2635966539,Plein jour,En agglomération,Hors intersection,Normale,Sans collision,4,1,4,0,1,1,1,0,1,70,1,1,0,0,1,0,39.0,,deux_roues,,1,2,1,1,7
202200007375,2022-12-29 00:40:00,2022,12,29,0,40,95,95018,A15,48.9552880915,2.2779641674,Nuit sans éclairage public,Hors agglomération,Hors intersection,Pluie légère,Deux véhicules - arrière,1,3,4,0,2,2,2,0,1,90,2,5,4,0,0,1,21.0,27.0,voiture,utilitaire_camion,3,1,1,2,2
202200007376,2022-06-02 10:45:00,2022,6,2,10,45,91,91161,AUTOROUTE A6,48.71594,2.3095,Plein jour,Hors agglomération,Hors intersection,Normale,Deux véhicules - côté,1,1,8,0,1,1,1,0,1,110,2,2,1,0,0,1,31.0,36.0,deux_roues,voiture,1,1,1,1,3
202200007377,2022-03-20 16:30:00,2022,3,20,16,30,07,07324,Rue du Doux,45.069959,4.826171,Plein jour,En agglomération,Hors intersection,Temps couvert,Deux véhicules - frontale,4,1,1,0,2,2,1,1,1,30,2,2,1,0,1,0,14.0,34.0,deux_roues,deux_roues,1,2,1,8,1
202200007378,2022-04-28 13:00:00,2022,4,28,13,0,75,75120,BD PERIPHERIQUE EXTERIEUR,48.8491739069,2.4151615798,Plein jour,En agglomération,Intersection en Y,Normale,Deux véhicules - côté,4,1,4,0,2,1,1,0,1,70,2,2,1,0,1,0,39.0,50.0,utilitaire_camion,deux_roues,1,2,4,1,3
202200007379,2022-12-28 06:00:00,2022,12,28,6,0,95,95277,RD 170 ,48.97697,2.47588,Nuit avec éclairage non allumé,Hors agglomération,Hors intersection,Pluie légère,Trois véhicules et plus - en chaîne,3,3,4,0,1,1,2,0,1,90,3,3,1,0,0,2,34.0,29.0,utilitaire_camion,utilitaire_camion,4,1,1,2,4
202200007380,2022-06-02 00:37:00,2022,6,2,0,37,94,94076,AUTOROUTE A6B,48.7930959416,2.3450827925,Nuit sans éclairage public,Hors agglomération,Hors intersection,Normale,Autre collision,1,1,4,0,1,1,1,0,1,90,2,3,1,0,0,2,53.0,42.0,utilitaire_camion,voiture,3,1,1,1,6
202200007381,2022-03-21 14:07:00,2022,3,21,14,7,01,01396,rue de l'industrie,45.852478,5.414237,Plein jour,En agglomération,Hors intersection,Normale,Sans collision,3,2,2,2,1,1,1,0,8,-1,1,1,0,1,0,0,87.0,,voiture,,1,2,1,1,7
202200007382,2022-12-29 03:00:00,2022,12,29,3,0,94,94079,A4,48.8354458972,2.5387118132,Nuit sans éclairage public,Hors agglomération,Hors intersection,Pluie légère,Autre collision,1,3,4,0,1,1,2,0,1,110,1,2,1,0,0,1,54.0,,utilitaire_camion,,3,1,1,2,6
202200007383,2022-03-21 08:01:00,2022,3,21,8,1,69,69208,588 Route des Grenadieres,45.860406,4.617735,Plein jour,Hors agglomération,Hors intersection,Normale,Deux véhicules - côté,3,2,2,0,1,3,1,0,1,50,2,3,0,0,0,3,39.0,44.0,voiture,voiture,1,1,1,1,3
202200007384,2022-06-01 17:30:00,2022,6,1,17,30,78,78362,A13,48.97561,1.72357,Plein jour,Hors agglomération,Hors intersection,Normale,Deux véhicules - arrière,1,1,3,0,1,1,1,0,1,110,2,2,1,0,0,1,39.0,26.0,deux_roues,voiture,1,1,1,1,2
202200007385,2022-04-28 10:00:00,2022,4,28,10,0,75,75118,BD PERIPHERIQUE INTERIEUR,48.901041,2.350764,Plein jour,En agglomération,Hors intersection,Normale,Trois véhicules et plus - en chaîne,4,1,4,0,1,1,1,0,1,70,5,5,4,0,0,1,36.0,23.0,voiture,voiture,1,2,1,1,4
202200007386,2022-12-28 21:20:00,2022,12,28,21,20,94,94069,A4,48.8165048505,2.4525248344,Nuit sans éclairage public,Hors agglomération,Hors intersection,Pluie légère,Deux véhicules - côté,1,1,3,0,3,2,2,0,1,90,2,2,1,0,0,1,51.0,30.0,utilitaire_camion,deux_roues,3,1,1,2,3
202200007387,2022-03-20 20:50:00,2022,3,20,20,50,31,31277,N224,43.642539,1.15983,Nuit avec éclairage allumé,Hors agglomération,Giratoire,Normale,Autre collision,2,2,2,0,1,1,1,5,8,80,1,2,1,0,0,1,40.0,,voiture,,5,1,6,1,6
202200007388,2022-06-02 18:00:00,2022,6,2,18,0,93,93066,AUTOROUTE A1,48.92968,2.36197,Plein jour,Hors agglomération,Hors intersection,Normale,Trois véhicules et plus - collisions multiples,1,3,8,0,1,1,1,0,1,90,3,3,2,0,0,1,24.0,31.0,voiture,deux_roues,1,1,1,1,5
202200007389,2022-12-28 18:30:00,2022,12,28,18,30,77,77373,RN104,48.7664,2.6139,Nuit sans éclairage public,Hors agglomération,Hors intersection,Pluie légère,Autre collision,2,1,2,0,1,1,2,0,1,90,1,1,0,0,0,1,24.0,,utilitaire_camion,,3,1,1,2,6
202200007390,2022-04-29 13:45:00,2022,4,29,13,45,75,75120,RUE BELGRAND,48.864664,2.404631,Plein jour,En agglomération,Intersection en X,Normale,Deux véhicules - frontale,4,2,4,1,1,1,1,-1,5,30,2,2,1,0,0,1,74.0,30.0,voiture,deux_roues,1,2,2,1,1
202200007391,2022-03-21 06:10:00,2022,3,21,6,10,79,79048,,46.350125,-0.324554,Nuit sans éclairage public,Hors agglomération,Hors intersection,Normale,Deux véhicules - côté,3,2,2,0,1,1,1,0,1,70,2,2,1,0,1,0,36.0,42.0,deux_roues,utilitaire_camion,3,1,1,1,3
202200007392,2022-12-28 15:10:00,2022,12,28,15,10,77,77373,RN104,48.782,2.616,Plein jour,Hors agglomération,Hors intersection,Pluie légère,Deux véhicules - arrière,2,1,2,0,1,1,2,0,1,90,2,2,1,0,0,1,64.0,51.0,utilitaire_camion,utilitaire_camion,1,1,1,2,2
202200007393,2022-06-02 10:10:00,2022,6,2,10,10,95,95241,RN 104,49.05348,2.42625,Plein jour,Hors agglomération,Hors intersection,Normale,Autre collision,2,3,4,0,1,1,1,0,3,110,1,1,0,0,0,1,55.0,,voiture,,1,1,1,1,6
202200007394,2022-04-29 14:40:00,2022,4,29,14,40,75,75119,RUE DU HAINAUT,48.886088,2.389834,Plein jour,En agglomération,Intersection en X,Normale,Autre collision,4,1,1,0,1,2,1,0,1,30,1,2,1,0,0,1,22.0,,voiture,,1,2,2,1,6
202200007395,2022-12-28 17:35:00,2022,12,28,17,35,31,31483,SUBERVILLE JEAN (RUE),43.112,0.741,Crépuscule ou aube,En agglomération,Hors intersection,Normale,Autre collision,6,-1, -1,0,1,1,1,9,8,30,1,2,1,0,0,1,51.0,,utilitaire_camion,,2,2,1,1,6
202200007396,2022-03-19 22:10:00,2022,3,19,22,10,64,64496,Avenue du Labourd,43.477844707,-1.4578664303,Nuit avec éclairage allumé,En agglomération,Intersection en T,Normale,Deux véhicules - frontale,3,2,2,0,1,1,1,0,1,30,2,2,1,0,0,1,54.0,18.0,transport_commun,deux_roues,5,2,3,1,1
202200007397,2022-06-02 07:46:00,2022,6,2,7,46,93,93053,AUTOROUTE A3,48.8992,2.46941,Plein jour,Hors agglomération,Hors intersection,Normale,Deux véhicules - côté,1,3,9,0,1,1,1,0,1,70,2,2,1,0,0,1,24.0,22.0,deux_roues,voiture,1,1,1,1,3
202200007398,2022-12-25 17:18:00,2022,12,25,17,18,51,51108,Avenue de Paris,48.9545,4.33624,Nuit avec éclairage allumé,En agglomération,Intersection en T,Normale,Deux véhicules - frontale,3,2,2,0,1,1,1,0,1,50,2,3,1,0,2,0,18.0,32.0,deux_roues,voiture,5,2,3,1,1
202200007399,2022-04-29 17:40:00,2022,4,29,17,40,75,75118,RUE MARCADET,48.8918503033,2.3335247221,Plein jour,En agglomération,Intersection à plus de 4 branches,Normale,Deux véhicules - côté,4,2,2,0,2,2,1,0,1,30,2,2,1,0,0,1,26.0,52.0,deux_roues,voiture,1,2,5,1,3
202200007400,2022-03-21 17:15:00,2022,3,21,17,15,76,76647,vieille route,49.52369,0.360907,Plein jour,En agglomération,Intersection en X,Normale,Deux véhicules - côté,3,2,2,0,1,1,1,5,1,50,2,2,1,0,1,0,45.0,17.0,voiture,deux_roues,1,2,2,1,3
202200007401,2022-06-02 08:36:00,2022,6,2,8,36,93,93010,AUTOROUTE A86,48.89021,2.47366,Plein jour,Hors agglomération,Hors intersection,Normale,Trois véhicules et plus - collisions multiples,1,3,4,0,1,1,1,3,1,90,4,4,3,0,0,1,37.0,42.0,voiture,voiture,1,1,1,1,5
202200007402,2022-10-27 13:15:00,2022,10,27,13,15,50,50218,COURAYE (RUE),48.83773,-1.5898,Plein jour,En agglomération,Hors intersection,Normale,Deux véhicules - côté,4,2,2,0,2,1,1,0,1,50,2,3,1,0,0,2,81.0,45.0,voiture,voiture,1,2,1,1,3
202200007403,2022-03-19 17:00:00,2022,3,19,17,0,59,59029,D954,50.474861,3.178831,Plein jour,Hors agglomération,Hors intersection,Normale,Sans collision,3,2,2,0,1,1,1,0,8,80,1,1,0,1,0,0,51.0,,deux_roues,,1,1,1,1,7
202200007404,2022-10-22 03:45:00,2022,10,22,3,45,50,50218,SAINT GAUD (RUE),48.833254,-1.587373,Nuit avec éclairage allumé,En agglomération,Giratoire,Normale,Autre collision,3,2,2,0,2,1,1,5,1,50,1,1,0,0,1,0,52.0,,voiture,,5,2,6,1,6
202200007405,2022-04-29 09:30:00,2022,4,29,9,30,75,75117,BOULEVARD MALESHERBES,48.8895725451,2.3039921888,Plein jour,En agglomération,Intersection en Y,Normale,Deux véhicules - côté,4,2,5,3,1,1,1,-1,6,50,2,3,2,0,0,1,30.0,52.0,deux_roues,utilitaire_camion,1,2,4,1,3
202200007406,2022-06-01 20:00:00,2022,6,1,20,0,95,95277,RD 170 B7,48.9746585493,2.4869227409,Plein jour,Hors agglomération,Hors intersection,Normale,Trois véhicules et plus - en chaîne,3,1,2,0,1,1,1,0,1,70,3,3,1,0,0,2,49.0,27.0,voiture,voiture,1,1,1,1,4
202200007407,2022-04-29 02:35:00,2022,4,29,2,35,75,75116,ALLEE DE LONGCHAMP,48.870134,2.257804,Nuit avec éclairage allumé,En agglomération,Hors intersection,Normale,Autre collision,4,2,2,0,1,1,1,0,1,30,1,2,1,0,1,0,,,voiture,,5,2,1,1,6
202200007408,2022-03-20 17:50:00,2022,3,20,17,50,13,13215,A7-Sens Lyon vers Marseille,43.36673,5.360634,Plein jour,Hors agglomération,Hors intersection,Normale,Deux véhicules - arrière,1,1,3,0,1,1,1,0,1,90,2,3,2,0,0,1,19.0,32.0,voiture,voiture,1,1,1,1,2
202200007409,2022-10-12 15:40:00,2022,10,12,15,40,50,50218,DIOR (BD),48.838448,-1.592365,Plein jour,En agglomération,Intersection en T,Normale,Autre collision,4,1,1,0,1,1,1,0,1,50,1,2,1,0,0,1,67.0,,voiture,,1,2,3,1,6
202200007410,2022-06-01 19:15:00,2022,6,1,19,15,93,93007,AUTOROUTE A3,48.9202,2.47905,Plein jour,Hors agglomération,Hors intersection,Normale,Sans collision,1,3,3,0,1,1,1,0,1,90,1,1,0,0,0,1,29.0,,deux_roues,,1,1,1,1,7
202200007411,2022-06-01 07:34:00,2022,6,1,7,34,93,93005,AUTOROUTE A1,48.95904,2.46547,Plein jour,Hors agglomération,Autre intersection,Normale,Autre collision,1,3,6,0,1,1,1,0,1,90,1,1,0,0,0,1,23.0,,voiture,,1,1,9,1,6
202200007412,2022-10-10 13:30:00,2022,10,10,13,30,50,50218,MATIGNON (AV DES),48.83783,-1.56431,Plein jour,En agglomération,Hors intersection,Pluie légère,Autre collision,3,2,2,2,1,1,2,0,1,50,2,3,1,0,0,2,71.0,37.0,voiture,voiture,1,2,1,2,6
202200007413,2022-04-29 19:15:00,2022,4,29,19,15,75,75117,AVENUE DE LA GRANDE ARMEE,48.875713,2.28894,Plein jour,En agglomération,Place,Normale,Deux véhicules - arrière,4,2,6,0,1,1,1,0,1,50,2,4,3,0,0,1,35.0,16.0,deux_roues,deux_roues,1,2,7,1,2
202200007414,2022-03-20 19:00:00,2022,3,20,19,0,91,91136,AUTOROUTE A10,48.71275,2.28208,Crépuscule ou aube,Hors agglomération,Hors intersection,Normale,Trois véhicules et plus - en chaîne,1,2,6,0,1,1,1,0,1,90,5,5,4,0,0,1,28.0,40.0,voiture,deux_roues,2,1,1,1,4
202200007415,2022-06-01 09:40:00,2022,6,1,9,40,95,95604, A1,49.1002337861,2.5502389669,Plein jour,Hors agglomération,Hors intersection,Normale,Deux véhicules - côté,1,3,4,0,1,1,1,0,1,110,2,4,0,0,1,3,29.0,57.0,utilitaire_camion,utilitaire_camion,1,1,1,1,3
202200007416,2022-12-28 07:44:00,2022,12,28,7,44,976,97610,Hauts Vallons - Majicavo ( rue des),-12.75652,45.23274,Plein jour,Hors agglomération,Hors intersection,Normale,Deux véhicules - côté,5,-1,2,0,1,1,1,9,8,10,2,2,1,0,0,1,35.0,45.0,deux_roues,voiture,1,1,1,1,3
202200007417,2022-04-29 16:30:00,2022,4,29,16,30,75,75116,RUE DU GENERAL NIOX,48.8368209598,2.2621497276,Plein jour,En agglomération,Hors intersection,Normale,Deux véhicules - côté,4,1,3,1,1,1,1,-1,5,30,2,2,1,0,0,1,33.0,31.0,voiture,deux_roues,1,2,1,1,3
202200007418,2022-06-01 09:00:00,2022,6,1,9,0,95,95678,RN 184,49.069862,2.220674,Plein jour,Hors agglomération,Hors intersection,Normale,Deux véhicules - arrière,2,3,4,0,1,1,1,0,1,90,2,2,1,0,0,1,36.0,73.0,voiture,deux_roues,1,1,1,1,2
202200007419,2022-12-28 14:35:00,2022,12,28,14,35,974,97416,ANCIENNE RN 1,-21.32139,55.4445,Plein jour,Hors agglomération,Intersection en T,Normale,Deux véhicules - côté,4,2,2,0,1,1,1,9,1,90,2,2,1,0,0,1,32.0,26.0,deux_roues,voiture,1,1,3,1,3
202200007420,2022-03-20 16:35:00,2022,3,20,16,35,92,92002,AUTOROUTE A10,48.7314488693,2.3098661005,Plein jour,Hors agglomération,Hors intersection,Normale,Trois véhicules et plus - en chaîne,1,2,6,0,1,1,1,0,1,110,3,4,3,0,0,1,26.0,34.0,voiture,voiture,1,1,1,1,4
202200007421,2022-04-26 18:45:00,2022,4,26,18,45,75,75116,PLACE DE LA PORTE MAILLOT,48.8770233126,2.2831512988,Plein jour,En agglomération,Place,Normale,Deux véhicules - côté,4,2,4,0,1,3,1,0,1,30,2,3,2,0,0,1,29.0,39.0,voiture,deux_roues,1,2,7,1,3
202200007422,2022-06-01 07:50:00,2022,6,1,7,50,93,93005,AUTOROUTE A3,48.9395660104,2.4795413018,Plein jour,Hors agglomération,Hors intersection,Normale,Deux véhicules - arrière,1,1,2,0,1,1,1,0,1,50,2,2,1,0,0,1,35.0,34.0,voiture,deux_roues,1,1,1,1,2
202200007423,2022-03-20 14:20:00,2022,3,20,14,20,94,94038,AUTOROUTE A6B,48.79036,2.34481,Plein jour,Hors agglomération,Hors intersection,Normale,Autre collision,1,3,3,0,1,3,1,0,1,90,1,1,0,0,0,1,24.0,,deux_roues,,1,1,1,1,6
202200007424,2022-12-28 11:15:00,2022,12,28,11,15,69,69383,Rue de la Villette,45.75897,4.86165,Plein jour,En agglomération,Intersection en X,Normale,Deux véhicules - côté,4,2,3,1,1,1,1,0,1,50,2,2,1,0,0,1,37.0,49.0,voiture,deux_roues,1,2,2,1,3
202200007425,2022-06-01 08:25:00,2022,6,1,8,25,93,93006,AUTOROUTE A3,48.8658,2.41833,Plein jour,Hors agglomération,Hors intersection,Normale,Deux véhicules - arrière,1,1,4,0,1,3,1,0,1,70,2,2,1,0,0,1,,45.0,utilitaire_camion,deux_roues,1,1,1,1,2
202200007426,2022-03-20 08:05:00,2022,3,20,8,5,91,91347,RN 104,48.62267,2.28701,Plein jour,Hors agglomération,Hors intersection,Normale,Sans collision,2,1,2,0,1,1,1,0,1,110,1,2,0,0,0,2,22.0,,voiture,,1,1,1,1,7
202200007427,2022-04-29 12:05:00,2022,4,29,12,5,75,75114,RUE DIDOT,48.832447,2.320548,Plein jour,En agglomération,Intersection en T,Normale,Deux véhicules - côté,4,1,2,0,1,1,1,5,1,30,2,2,1,0,0,1,51.0,33.0,voiture,deux_roues,1,2,3,1,3
202200007428,2022-12-28 08:10:00,2022,12,28,8,10,69,69388,6 Rue Nungesser et Coli,45.74054,4.87811,Crépuscule ou aube,En agglomération,Hors intersection,Normale,Autre collision,4,2,2,0,1,1,1,0,1,30,1,2,1,0,0,1,42.0,,voiture,,2,2,1,1,6
202200007429,2022-12-28 01:53:00,2022,12,28,1,53,972,97213,AUTOROUTE (A1),14.60060878,-61.00029297,Nuit avec éclairage allumé,Hors agglomération,Hors intersection,Pluie forte,Autre collision,1,1,3,3,2,1,2,0,1,90,1,1,0,0,0,1,23.0,,voiture,,5,1,1,3,6
202200007430,2022-03-19 21:45:00,2022,3,19,21,45,91,91589,AUTOROUTE A6,48.67414,2.34247,Nuit sans éclairage public,Hors agglomération,Hors intersection,Normale,Autre collision,1,1,6,0,3,1,1,0,1,110,1,2,0,0,0,2,46.0,,voiture,,3,1,1,1,6
202200007431,2022-06-01 06:40:00,2022,6,1,6,40,92,92036,AUTOROUTE A15,48.9453289651,2.2847409892,Plein jour,Hors agglomération,Hors intersection,Normale,Deux véhicules - arrière,1,3,10,0,1,1,1,2,1,90,2,2,1,0,0,1,21.0,47.0,voiture,deux_roues,1,1,1,1,2
202200007432,2022-04-29 10:20:00,2022,4,29,10,20,75,75114,AVENUE DU GENERAL LECLERC,48.828077,2.327023,Plein jour,En agglomération,Place,Normale,Deux véhicules - arrière,4,2,5,0,1,1,1,0,1,30,2,3,1,0,0,2,48.0,36.0,utilitaire_camion,utilitaire_camion,1,2,7,1,2
202200007433,2022-12-28 13:00:00,2022,12,28,13,0,971,97101,BAIMBRIDGE,16.24748,-61.52658,Plein jour,Hors agglomération,Hors intersection,Normale,Deux véhicules - arrière,2,1,2,0,1,1,1,0,1,90,2,3,2,0,0,1,26.0,48.0,voiture,voiture,1,1,1,1,2
202200007434,2022-03-20 01:48:00,2022,3,20,1,48,91,91235,RN 104,48.62595,2.35308,Nuit sans éclairage public,Hors agglomération,Hors intersection,Normale,Sans collision,2,3,2,0,2,3,1,3,3,70,1,6,4,0,0,2,35.0,,voiture,,3,1,1,1,7
202200007435,2022-04-28 19:15:00,2022,4,28,19,15,75,75107,RUE D ESTREES,48.851767,2.313856,Plein jour,En agglomération,Intersection en X,Normale,Autre collision,4,1,2,0,1,1,1,0,1,30,1,2,1,0,0,1,31.0,,deux_roues,,1,2,2,1,6
202200007436,2022-06-02 17:50:00,2022,6,2,17,50,94,94042,A4,48.8267148148,2.4672374839,Plein jour,Hors agglomération,Hors intersection,Normale,Trois véhicules et plus - en chaîne,1,1,4,0,1,1,1,0,1,90,4,5,4,0,0,1,33.0,26.0,voiture,voiture,1,1,1,1,4
202200007437,2022-12-28 19:38:00,2022,12,28,19,38,2A,2A004,T21,41.9271820956,8.7926087378,Nuit sans éclairage public,Hors agglomération,Hors intersection,Normale,Deux véhicules - arrière,2,3,4,0,1,1,1,0,1,90,2,3,2,0,0,1,51.0,65.0,voiture,utilitaire_camion,3,1,1,1,2
202200007438,2022-03-19 13:30:00,2022,3,19,13,30,94,94034,AUTOROUTE A86,48.75936,2.32324,Plein jour,Hors agglomération,Hors intersection,Normale,Autre collision,1,3,4,0,1,1,1,1,1,70,3,4,3,0,0,1,47.0,64.0,voiture,voiture,1,1,1,1,6
202200007439,2022-12-28 19:40:00,2022,12,28,19,40,2A,2A004,CASTELLUCCIO ROUTE,41.934370723,8.7191635966,Nuit sans éclairage public,Hors agglomération,Hors intersection,Normale,Sans collision,4,2,2,0,1,4,1,0,3,70,1,2,0,0,0,2,26.0,,voiture,,3,1,1,1,7
202200007440,2022-04-28 15:50:00,2022,4,28,15,50,75,75114,BOULEVARD BRUNE,48.8278050784,2.3052272201,Plein jour,En agglomération,Intersection en X,Normale,Deux véhicules - côté,4,3,2,0,4,1,1,0,1,50,2,2,1,0,0,1,67.0,18.0,voiture,deux_roues,1,2,2,1,3
202200007441,2022-05-12 19:15:00,2022,5,12,19,15,974,97412,521 Rue Raphaël Babet,-21.379697,55.63519,Nuit avec éclairage allumé,Hors agglomération,Intersection en T,Normale,Autre collision,2,2,2,0,1,1,1,0,1,-1,2,2,1,0,1,0,51.0,54.0,deux_roues,voiture,5,1,3,1,6
202200007442,2022-03-20 15:10:00,2022,3,20,15,10,92,92036,AUTOROUTE A86,48.935417355,2.3198823491,Plein jour,Hors agglomération,Hors intersection,Normale,Autre collision,1,3,4,0,1,2,1,0,1,90,1,1,0,0,0,1,86.0,,voiture,,1,1,1,1,6
202200007443,2022-12-28 22:30:00,2022,12,28,22,30,95,95127,Avenue du Sud,49.030305,2.080961,Nuit avec éclairage allumé,En agglomération,Hors intersection,Normale,Deux véhicules - côté,4,2,2,0,1,1,1,0,1,50,2,3,0,0,0,3,25.0,19.0,deux_roues,deux_roues,5,2,1,1,3
202200007444,2022-05-16 15:45:00,2022,5,16,15,45,51,51662,Rue de Bétheny,49.291501322,4.1164451838,Plein jour,En agglomération,Hors intersection,Normale,Sans collision,4,3,2,0,1,1,1,0,1,50,1,2,0,0,1,1,71.0,,deux_roues,,1,2,1,1,7
202200007445,2022-04-29 20:06:00,2022,4,29,20,6,75,75113,BOULEVARD KELLERMANN,48.819486,2.3446,Plein jour,En agglomération,Intersection en X,Normale,Deux véhicules - côté,4,3,2,0,1,1,1,0,1,50,2,2,1,0,0,1,48.0,51.0,voiture,deux_roues,1,2,2,1,3
202200007446,2022-05-17 17:15:00,2022,5,17,17,15,61,61464,Rue de la République,48.602041,0.171586,Plein jour,En agglomération,Hors intersection,Normale,Autre collision,5,2,2,0,1,1,1,0,8,5,1,2,1,0,0,1,56.0,,voiture,,1,2,1,1,6
202200007447,2022-03-20 13:38:00,2022,3,20,13,38,93,93066,AUTOROUTE A86,48.9261806033,2.3383789255,Plein jour,Hors agglomération,Hors intersection,Normale,Trois véhicules et plus - en chaîne,1,3,8,0,1,3,1,0,1,90,4,4,3,0,0,1,24.0,44.0,utilitaire_camion,voiture,1,1,1,1,4
202200007448,2022-04-29 18:15:00,2022,4,29,18,15,75,75113,AVENUE DES GOBELINS,48.8367855339,2.3518480361,Plein jour,En agglomération,Intersection à plus de 4 branches,Normale,Deux véhicules - arrière,4,2,4,0,2,1,1,0,1,30,2,3,1,0,0,2,20.0,56.0,deux_roues,voiture,1,2,5,1,2
202200007449,2022-05-17 16:00:00,2022,5,17,16,0,49,49132,Départementale 52,47.648484,-0.452043,Plein jour,Hors agglomération,Hors intersection,Normale,Autre collision,3,2,2,0,1,2,1,0,8,80,1,1,0,1,0,0,25.0,,voiture,,1,1,1,1,6
202200007450,2022-03-19 23:50:00,2022,3,19,23,50,93,93027,BDL,48.9356,2.40496,Nuit sans éclairage public,Hors agglomération,Hors intersection,Normale,Deux véhicules - côté,1,3,4,0,1,3,1,0,8,70,2,2,1,0,1,0,,31.0,voiture,voiture,3,1,1,1,3
202200007451,2022-12-28 19:20:00,2022,12,28,19,20,91,91027,AV FRANCOIS MITTERRAND,48.70577,2.37156,Nuit avec éclairage allumé,En agglomération,Hors intersection,Pluie légère,Trois véhicules et plus - en chaîne,3,3,6,0,1,1,2,1,1,50,4,5,3,0,0,2,,20.0,voiture,voiture,5,2,1,2,4