accident_id,datetime,annee,mois,jour,heure,minute,departement,commune_insee,adresse,latitude,longitude,luminosite,agglomeration,intersection,meteo,collision,catr,circ,nbv,vosp,prof,plan,surf,infra,situ,vma,nb_vehicules,nb_usagers,nb_indemnes,nb_tues,nb_blesses_hosp,nb_blesses_legers,age_cond_1,age_cond_2,veh_type_cond_1,veh_type_cond_2,lum_code,agg_code,int_code,atm_code,col_code
202200007543,2022-05-16 19:00:00,2022,5,16,19,0,78,78362,ROUTE DE HOUDAN,48.973607,1.712675,Plein jour,En agglomération,Hors intersection,Normale,Autre collision,4,2,2,0,1,1,1,0,1,50,1,2,1,0,0,1,20.0,,voiture,,1,2,1,1,6
202200007544,2022-12-27 19:00:00,2022,12,27,19,0,13,13204,CHARTREUX (AVENUE DES),43.30311,5.39714,Nuit avec éclairage allumé,En agglomération,Hors intersection,Normale,Deux véhicules - arrière,4,2,2,0,2,1,1,0,1,30,2,2,1,0,0,1,38.0,52.0,voiture,utilitaire_camion,5,2,1,1,2
202200007545,2022-03-20 00:25:00,2022,3,20,0,25,69,69290,Cours du Troisième Millénaire,45.7116608449,4.9360585213,Nuit avec éclairage non allumé,Hors agglomération,Intersection en T,Normale,Autre collision,4,2,2,2,1,1,1,0,4,50,1,2,0,1,1,0,55.0,,voiture,,4,1,3,1,6
202200007546,2022-12-27 18:00:00,2022,12,27,18,0,07,07281,MALET (RUE FERNINAND),44.94284,4.84048,Nuit avec éclairage allumé,En agglomération,Hors intersection,Normale,Deux véhicules - frontale,4,-1,2,0,1,1,1,0,1,50,2,2,1,0,0,1,41.0,19.0,voiture,voiture,5,2,1,1,1
202200007547,2022-04-29 17:20:00,2022,4,29,17,20,92,92044,GEO.POMPIDOU(AVE) 21+ ET 22+,48.8981883112,2.280049324,Plein jour,En agglomération,Intersection en T,Normale,Deux véhicules - côté,4,-1,1,0,1,1,1,0,1,30,2,2,1,0,1,0,20.0,65.0,utilitaire_camion,deux_roues,1,2,3,1,3
202200007548,2022-03-18 07:58:00,2022,3,18,7,58,65,65433,BARBUSSE (AVENUE HENRI),43.213671,0.095528,Plein jour,En agglomération,Giratoire,Temps couvert,Autre collision,3,-1,2,0,1,1,2,0,8,50,1,2,0,0,0,2,25.0,,voiture,,1,2,6,8,6
202200007549,2022-12-27 23:00:00,2022,12,27,23,0,75,75116,ECHANGEUR AUTEUIL,48.846575,2.254875,Nuit avec éclairage allumé,En agglomération,Intersection en Y,Normale,Sans collision,4,1,3,0,1,2,1,1,1,50,1,1,0,0,0,1,24.0,,deux_roues,,5,2,4,1,7
202200007550,2022-04-29 19:00:00,2022,4,29,19,0,92,92044,ARISTIDE BRIAND,48.8895038132,2.2814899385,Plein jour,En agglomération,Hors intersection,Normale,Deux véhicules - côté,4,3,2,0,1,1,1,0,1,50,2,2,1,0,0,1,16.0,25.0,deux_roues,utilitaire_camion,1,2,1,1,3
202200007551,2022-03-19 16:00:00,2022,3,19,16,0,64,64545,RD 913 ,43.3846407385,-1.6966958808,Plein jour,Hors agglomération,Hors intersection,Normale,Deux véhicules - côté,3,2,2,0,2,1,1,0,1,70,2,2,1,0,0,1,61.0,30.0,deux_roues,voiture,1,1,1,1,3
202200007552,2022-06-01 08:30:00,2022,6,1,8,30,11,11328,D623,43.1179171548,2.1411011115,Plein jour,Hors agglomération,Hors intersection,Normale,Deux véhicules - côté,3,2,2,0,1,1,1,0,1,80,2,4,3,0,1,0,36.0,40.0,utilitaire_camion,voiture,1,1,1,1,3
202200007553,2022-12-27 11:15:00,2022,12,27,11,15,75,75113,BD PERIPHERIQUE INTERIEUR,48.820798,2.376664,Plein jour,En agglomération,Hors intersection,Normale,Deux véhicules - arrière,4,1,4,0,1,1,1,0,1,70,2,2,1,0,0,1,24.0,41.0,voiture,deux_roues,1,2,1,1,2
202200007554,2022-04-29 18:40:00,2022,4,29,18,40,92,92019,DIVISION LECLERC (AVENUE DE LA),48.7642298394,2.2694495022,Plein jour,En agglomération,Hors intersection,Normale,Autre collision,3,3,1,0,1,1,9,8,1,30,1,2,1,0,0,1,71.0,,voiture,,1,2,1,1,6
202200007555,2022-03-19 14:15:00,2022,3,19,14,15,64,64260,GRENADIERS (RUE DES),43.3719,-1.77753,Plein jour,En agglomération,Intersection en X,Normale,Deux véhicules - côté,4,1,1,1,1,1,1,0,1,50,2,2,1,0,0,1,16.0,52.0,deux_roues,utilitaire_camion,1,2,2,1,3
202200007556,2022-06-02 08:30:00,2022,6,2,8,30,974,97415,Chaussee Royale,-20.991478,55.287876,Plein jour,Hors agglomération,Hors intersection,Normale,Deux véhicules - arrière,2,2,2,0,1,1,1,3,1,-1,2,2,1,0,1,0,30.0,53.0,utilitaire_camion,deux_roues,1,1,1,1,2
202200007557,2022-12-26 22:40:00,2022,12,26,22,40,75,75112,PORTE DE CHARENTON,48.82911,2.399971,Nuit avec éclairage allumé,En agglomération,Hors intersection,Normale,Deux véhicules - arrière,4,1,4,0,1,1,1,0,1,70,2,5,4,0,0,1,21.0,29.0,voiture,voiture,5,2,1,1,2
202200007558,2022-04-29 08:30:00,2022,4,29,8,30,92,92012,EDOUARD VAILLANT (AVENUE) - DEBUT/55 - C,48.8341707654,2.2454488277,Plein jour,En agglomération,Hors intersection,Normale,Deux véhicules - arrière,3,1,6,0,1,1,1,9,1,50,2,2,1,0,0,1,47.0,37.0,deux_roues,voiture,1,2,1,1,2
202200007559,2022-06-02 15:30:00,2022,6,2,15,30,01,01074,D22,45.982977,5.162716,Plein jour,Hors agglomération,Hors intersection,Normale,Deux véhicules - arrière,3,2,2,0,1,1,1,0,1,80,2,2,1,0,1,0,46.0,19.0,utilitaire_camion,deux_roues,1,1,1,1,2
202200007560,2022-03-19 21:15:00,2022,3,19,21,15,64,64102,LIBERTE (PLACE DE LA),43.493,-1.47518,Nuit avec éclairage allumé,En agglomération,Hors intersection,Normale,Deux véhicules - côté,4,2,2,0,1,1,1,0,1,30,2,2,1,0,0,1,26.0,19.0,voiture,deux_roues,5,2,1,1,3
202200007561,2022-12-28 18:10:00,2022,12,28,18,10,75,75120,COURS DE VINCENNES,48.847536,2.406395,Nuit avec éclairage allumé,En agglomération,Intersection en X,Pluie légère,Autre collision,4,2,4,3,1,1,2,0,1,30,1,2,1,0,0,1,48.0,,voiture,,5,2,2,2,6
202200007562,2022-12-28 09:38:00,2022,12,28,9,38,75,75117,AVENUE NIEL,48.8812685604,2.2955390811,Plein jour,En agglomération,Intersection en X,Autre,Autre collision,4,2,1,0,1,1,2,0,1,30,1,2,1,0,0,1,48.0,,utilitaire_camion,,1,2,2,9,6
202200007563,2022-06-01 18:45:00,2022,6,1,18,45,62,62882,Rue Bernard Chochoy,50.682357,2.138563,Plein jour,En agglomération,Hors intersection,Normale,Deux véhicules - côté,3,2,2,0,1,1,1,0,1,50,2,2,1,0,1,0,34.0,75.0,deux_roues,deux_roues,1,2,1,1,3
202200007564,2022-05-01 16:00:00,2022,5,1,16,0,51,51590,D61,48.829032,4.790667,Plein jour,Hors agglomération,Hors intersection,Normale,Deux véhicules - côté,3,2,2,0,1,1,1,0,1,80,2,2,1,0,0,1,76.0,17.0,voiture,deux_roues,1,1,1,1,3
202200007565,2022-03-13 17:40:00,2022,3,13,17,40,62,62193,ARMES (PLACE D'),50.95944,1.8517,Plein jour,En agglomération,Hors intersection,Pluie légère,Autre collision,4,2,2,0,1,1,2,0,1,50,1,2,1,0,0,1,38.0,,voiture,,1,2,1,2,6
202200007566,2022-12-27 13:05:00,2022,12,27,13,5,75,75117,RUE LA CONDAMINE,48.885756,2.321643,Plein jour,En agglomération,Intersection en X,Normale,Deux véhicules - côté,4,1,1,0,2,1,1,0,1,30,2,2,1,0,0,1,28.0,29.0,utilitaire_camion,deux_roues,1,2,2,1,3
202200007567,2022-05-01 18:15:00,2022,5,1,18,15,26,26231,route de ST DONAT,45.1003635697,5.0283533335,Plein jour,Hors agglomération,Hors intersection,Normale,Autre collision,3,2,2,0,2,3,1,5,1,80,1,1,0,0,1,0,53.0,,deux_roues,,1,1,1,1,6
202200007568,2022-06-02 13:20:00,2022,6,2,13,20,26,26301,Route de Sizeranne,45.121279,5.002545,Plein jour,Hors agglomération,Hors intersection,Normale,Deux véhicules - frontale,4,2,2,0,1,1,1,0,1,80,2,3,0,0,1,2,49.0,26.0,voiture,voiture,1,1,1,1,1
202200007569,2022-03-19 17:40:00,2022,3,19,17,40,59,59350,TURENNE RUE,50.63031,3.03501,Plein jour,En agglomération,Intersection à plus de 4 branches,Normale,Deux véhicules - côté,7,4,5,0,1,1,1,0,1,50,2,2,1,0,1,0,29.0,24.0,deux_roues,voiture,1,2,5,1,3
202200007570,2022-12-28 17:40:00,2022,12,28,17,40,75,75116,ALLEE DU BORD DE L EAU,48.857091,2.226719,Nuit avec éclairage allumé,En agglomération,Hors intersection,Pluie légère,Autre collision,4,2,4,0,1,1,2,0,1,30,1,2,0,0,0,2,65.0,,voiture,,5,2,1,2,6
202200007571,2022-04-30 20:06:00,2022,4,30,20,6,95,95452,RD 85,49.131826,2.299093,Plein jour,Hors agglomération,Hors intersection,Normale,Deux véhicules - frontale,3,2,2,0,4,3,1,0,1,80,2,2,0,0,0,2,22.0,22.0,voiture,voiture,1,1,1,1,1
202200007572,2022-06-02 18:00:00,2022,6,2,18,0,09,09038,D326,43.182798,1.26361,Plein jour,Hors agglomération,Hors intersection,Normale,Sans collision,3,2,2,0,2,2,1,0,3,80,2,2,1,0,1,0,48.0,39.0,deux_roues,utilitaire_camion,1,1,1,1,7
202200007573,2022-03-06 14:45:00,2022,3,6,14,45,59,59328,"BOIS, Rue du",50.64764,3.04339,Plein jour,En agglomération,Hors intersection,Normale,Sans collision,4,1,1,1,1,1,1,9,5,50,1,1,0,0,1,0,60.0,,deux_roues,,1,2,1,1,7
202200007574,2022-12-28 14:35:00,2022,12,28,14,35,75,75116,RUE GREUZE,48.864419,2.282378,Plein jour,En agglomération,Intersection en X,Pluie légère,Autre collision,4,1,1,0,1,1,2,0,4,30,1,2,1,0,0,1,54.0,,voiture,,1,2,2,2,6
202200007575,2022-06-02 16:45:00,2022,6,2,16,45,68,68019,D52,48.103935,7.573743,Plein jour,Hors agglomération,Hors intersection,Normale,Deux véhicules - frontale,3,2,2,0,1,2,1,0,1,80,2,2,0,0,2,0,21.0,42.0,voiture,voiture,1,1,1,1,1
202200007576,2022-03-19 01:30:00,2022,3,19,1,30,57,57463,VOIE RAPIDE EST,49.116,6.19,Nuit avec éclairage allumé,Hors agglomération,Hors intersection,Normale,Deux véhicules - arrière,7,1,2,0,1,3,1,0,1,50,2,3,0,1,2,0,33.0,20.0,voiture,voiture,5,1,1,1,2
202200007577,2022-04-30 22:08:00,2022,4,30,22,8,974,97422,rue de paris,-21.282756,55.511202,Nuit avec éclairage allumé,En agglomération,Hors intersection,Normale,Deux véhicules - côté,9,2,2,0,3,1,1,0,1,50,2,3,2,0,1,0,20.0,20.0,voiture,deux_roues,5,2,1,1,3
202200007578,2022-12-27 13:15:00,2022,12,27,13,15,75,75115,RUE DE LA CONVENTION,48.843452,2.282749,Plein jour,En agglomération,Intersection en X,Normale,Autre collision,4,2,3,0,1,1,1,0,1,30,1,2,1,0,0,1,48.0,,utilitaire_camion,,1,2,2,1,6
202200007579,2022-06-02 12:25:00,2022,6,2,12,25,52,52307,A5 PK222+500,47.9462504901,5.1825160169,Plein jour,Hors agglomération,Hors intersection,Normale,Autre collision,1,3,4,0,1,1,1,0,1,130,1,1,0,0,1,0,49.0,,voiture,,1,1,1,1,6
202200007580,2022-03-19 17:48:00,2022,3,19,17,48,51,51573,Route de Soissons,49.2511,3.98492,Plein jour,En agglomération,Intersection en X,Normale,Deux véhicules - côté,4,-1,4,0,1,1,1,0,1,50,2,2,1,0,0,1,30.0,35.0,deux_roues,voiture,1,2,2,1,3
202200007581,2022-12-28 17:10:00,2022,12,28,17,10,75,75112,BOULEVARD DIDEROT,48.847606,2.389075,Nuit avec éclairage allumé,En agglomération,Intersection en X,Pluie légère,Deux véhicules - côté,4,2,3,3,1,1,2,0,1,30,2,2,0,0,0,2,30.0,25.0,deux_roues,deux_roues,5,2,2,2,3
202200007582,2022-05-23 13:50:00,2022,5,23,13,50,72,72213,boulevard de la Butte,47.916995,0.252865,Plein jour,En agglomération,Hors intersection,Normale,Autre collision,4,2,2,0,1,1,1,0,1,50,1,2,1,0,1,0,35.0,,voiture,,1,2,1,1,6
202200007583,2022-04-30 14:55:00,2022,4,30,14,55,88,88115,51 Rue de la Gare,48.173294,6.881878,Plein jour,En agglomération,Hors intersection,Normale,Deux véhicules - frontale,3,2,2,0,1,1,1,0,1,50,1,2,1,0,1,0,24.0,,voiture,,1,2,1,1,1
202200007584,2022-12-28 16:45:00,2022,12,28,16,45,75,75112,BOULEVARD DIDEROT,48.847152,2.385098,Crépuscule ou aube,En agglomération,Intersection en T,Pluie légère,Autre collision,4,2,3,1,1,1,2,0,1,30,1,2,1,0,0,1,66.0,,voiture,,2,2,3,2,6
202200007585,2022-03-19 13:35:00,2022,3,19,13,35,51,51454,Avenue d’Epernay,49.2398680157,4.013620019,Plein jour,En agglomération,Intersection en X,Normale,Deux véhicules - côté,4,2,4,0,1,1,1,0,1,50,2,2,1,0,0,1,55.0,51.0,voiture,voiture,1,2,2,1,3
202200007586,2022-12-28 19:10:00,2022,12,28,19,10,75,75103,RUE DE TURENNE,48.861462,2.3646,Nuit avec éclairage allumé,En agglomération,Intersection en Y,Pluie légère,Deux véhicules - côté,4,2,2,0,1,1,2,0,1,30,2,2,1,0,0,1,51.0,26.0,voiture,deux_roues,5,2,4,2,3
202200007587,2022-06-02 15:20:00,2022,6,2,15,20,76,76517,Intersection route de crèvecoeur - route d'Houppeville,49.522182,1.136227,Plein jour,Hors agglomération,Intersection en X,Normale,Deux véhicules - côté,3,2,2,0,2,1,1,5,1,80,2,2,1,1,0,0,85.0,59.0,deux_roues,voiture,1,1,2,1,3
202200007588,2022-04-30 08:05:00,2022,4,30,8,5,62,62784,RN 25,50.20401,2.53516,Plein jour,Hors agglomération,Intersection en X,Normale,Deux véhicules - côté,2,2,2,0,1,1,1,5,1,80,2,2,1,0,0,1,63.0,38.0,voiture,voiture,1,1,2,1,3
202200007589,2022-03-19 17:00:00,2022,3,19,17,0,47,47001,JAURES (AV. JEAN),44.1992538062,0.6361716593,Plein jour,En agglomération,Hors intersection,Normale,Trois véhicules et plus - en chaîne,3,2,2,0,1,1,1,0,1,50,3,5,3,0,0,2,24.0,19.0,voiture,voiture,1,2,1,1,4
202200007590,2022-12-27 19:50:00,2022,12,27,19,50,75,75101,AVENUE DE L OPERA,48.8692364117,2.3329150798,Nuit avec éclairage allumé,En agglomération,Intersection en X,Normale,Deux véhicules - côté,4,2,4,0,1,1,1,0,1,30,2,2,0,0,0,2,22.0,20.0,deux_roues,deux_roues,5,2,2,1,3
202200007591,2022-06-02 14:50:00,2022,6,2,14,50,89,89418,20 avenue alfred grevin,47.865107,3.974894,Plein jour,En agglomération,Hors intersection,Temps éblouissant,Autre collision,3,2,2,0,1,1,1,0,1,50,1,4,2,1,0,1,74.0,,voiture,,1,2,1,7,6
202200007592,2022-12-28 21:25:00,2022,12,28,21,25,94,94081,COMMUNE DE PARIS (AV DE LA),48.7831,2.39089,Nuit avec éclairage allumé,En agglomération,Hors intersection,Pluie légère,Deux véhicules - côté,4,2,2,0,2,1,2,0,1,50,2,2,1,0,0,1,34.0,58.0,deux_roues,voiture,5,2,1,2,3
202200007593,2022-05-01 07:30:00,2022,5,1,7,30,62,62332,7 Rue de Boisleux,50.227206,2.740467,Crépuscule ou aube,En agglomération,Intersection en T,Normale,Autre collision,3,2,2,0,4,2,1,0,8,50,1,6,1,0,0,5,,,utilitaire_camion,,2,2,3,1,6
202200007594,2022-03-19 03:05:00,2022,3,19,3,5,45,45285,D520 PR 5 + 900,47.89939,1.87271,Nuit avec éclairage allumé,En agglomération,Hors intersection,Normale,Deux véhicules - frontale,3,2,4,0,1,1,1,0,1,50,2,4,1,0,0,3,32.0,21.0,utilitaire_camion,voiture,5,2,1,1,1
202200007595,2022-06-01 21:00:00,2022,6,1,21,0,89,89201,Rue de Saint Florentin,47.907759,3.642558,Plein jour,En agglomération,Intersection en X,Normale,Deux véhicules - côté,3,2,2,0,1,1,1,0,1,50,2,4,2,0,1,1,29.0,47.0,voiture,voiture,1,2,2,1,3
202200007596,2022-04-30 09:45:00,2022,4,30,9,45,57,57097,29 Rue de Sarrelouis,49.185855,6.498902,Plein jour,En agglomération,Hors intersection,Normale,Autre collision,4,2,2,0,1,1,1,0,1,-1,1,2,1,0,1,0,63.0,,voiture,,1,2,1,1,6
202200007597,2022-12-28 13:23:00,2022,12,28,13,23,94,94018,PARIS (R DE),48.824887,2.409148,Plein jour,En agglomération,Intersection en X,Normale,Deux véhicules - côté,4,2,2,1,1,1,1,0,1,30,2,2,1,0,0,1,31.0,20.0,deux_roues,deux_roues,1,2,2,1,3
202200007598,2022-05-31 22:40:00,2022,5,31,22,40,22,22245,Poul Melan,48.652836,-3.331368,Nuit sans éclairage public,Hors agglomération,Hors intersection,Normale,Autre collision,3,2,2,0,1,1,1,0,1,80,1,1,0,0,1,0,20.0,,deux_roues,,3,1,1,1,6
202200007599,2022-04-30 15:45:00,2022,4,30,15,45,74,74282,Route de Cruseilles,46.053117,6.208549,Plein jour,En agglomération,Hors intersection,Normale,Sans collision,3,2,2,0,2,1,1,0,1,80,1,2,0,0,2,0,55.0,,deux_roues,,1,2,1,1,7
202200007600,2022-03-19 21:00:00,2022,3,19,21,0,45,45234,Rue Croix de Bois,47.89974,1.897,Nuit avec éclairage allumé,En agglomération,Intersection en X,Normale,Deux véhicules - côté,4,1,1,0,2,1,1,0,1,50,2,3,2,0,0,1,21.0,35.0,voiture,voiture,5,2,2,1,3
202200007601,2022-05-01 12:15:00,2022,5,1,12,15,76,76709,Route de Yainville,49.464819,0.829747,Plein jour,Hors agglomération,Hors intersection,Normale,Sans collision,7,2,2,0,1,1,1,0,3,80,1,2,0,0,0,2,20.0,,voiture,,1,1,1,1,7
202200007602,2022-06-01 10:50:00,2022,6,1,10,50,44,44069,5250 Route de Herbignac,47.378414,-2.390951,Plein jour,Hors agglomération,Hors intersection,Normale,Deux véhicules - arrière,3,2,2,0,1,1,1,0,1,80,2,3,0,0,0,3,76.0,37.0,voiture,voiture,1,1,1,1,2
202200007603,2022-03-19 21:25:00,2022,3,19,21,25,37,37195,SAINT-GENOUPH (ROUTE DE),47.3827692236,0.6329034269,Nuit sans éclairage public,En agglomération,Hors intersection,Normale,Deux véhicules - frontale,7,2,2,1,1,1,1,0,1,30,2,2,1,0,1,0,50.0,24.0,utilitaire_camion,deux_roues,3,2,1,1,1
202200007604,2022-12-28 16:05:00,2022,12,28,16,5,94,94071,FONTAINES (R DES),48.7718,2.5181,Plein jour,En agglomération,Autre intersection,Pluie légère,Autre collision,4,2,2,0,2,1,2,1,1,50,1,2,1,0,0,1,64.0,,voiture,,1,2,9,2,6
202200007605,2022-04-30 19:40:00,2022,4,30,19,40,63,63267,21 Rue du Bourg,45.9051692427,3.6285660962,Plein jour,En agglomération,Hors intersection,Normale,Autre collision,3,2,2,0,1,1,1,0,4,30,1,1,0,0,0,1,18.0,,deux_roues,,1,2,1,1,6
202200007606,2022-06-01 07:20:00,2022,6,1,7,20,44,44146,Rue de la Guerivais,47.759753,-1.410348,Plein jour,Hors agglomération,Hors intersection,Normale,Sans collision,4,2,1,0,1,1,1,5,1,80,1,2,1,0,0,1,62.0,,transport_commun,,1,1,1,1,7
202200007607,2022-03-19 09:30:00,2022,3,19,9,30,37,37208,GRANGES GALANT (RUE DES),47.3670592918,0.7203957438,Plein jour,En agglomération,Giratoire,Normale,Sans collision,4,2,2,0,1,1,1,0,1,50,1,1,0,0,0,1,46.0,,deux_roues,,1,2,6,1,7
202200007608,2022-12-28 20:20:00,2022,12,28,20,20,93,93064,Avenue du Général de Gaulle,48.8810314435,2.4767893629,Nuit avec éclairage allumé,En agglomération,Hors intersection,Pluie légère,Deux véhicules - côté,3,2,2,0,3,1,2,2,1,50,2,2,1,0,0,1,39.0,26.0,voiture,deux_roues,5,2,1,2,3
202200007609,2022-05-31 07:25:00,2022,5,31,7,25,31,31276,D633,43.195227,0.605106,Plein jour,En agglomération,Hors intersection,Normale,Autre collision,3,2,2,0,1,2,9,8,3,50,1,1,0,0,1,0,20.0,,voiture,,1,2,1,1,6
202200007610,2022-05-01 11:30:00,2022,5,1,11,30,63,63424,D210,45.953298,3.250129,Plein jour,Hors agglomération,Hors intersection,Normale,Deux véhicules - frontale,3,2,2,0,1,1,1,0,1,80,2,3,1,0,2,0,28.0,59.0,voiture,voiture,1,1,1,1,1
202200007611,2022-12-28 11:35:00,2022,12,28,11,35,93,93032,Rue de Franceville,48.88849,2.54433,Plein jour,En agglomération,Hors intersection,Normale,Autre collision,4,2,2,0,1,1,1,0,4,50,1,2,1,0,1,0,,,voiture,,1,2,1,1,6
202200007612,2022-03-19 08:15:00,2022,3,19,8,15,37,37261,NATIONALE (RUE),47.3911553825,0.6884050369,Plein jour,En agglomération,Intersection en X,Normale,Sans collision,4,2,2,3,1,1,1,9,6,10,1,1,0,0,1,0,25.0,,deux_roues,,1,2,2,1,7
202200007613,2022-04-30 17:00:00,2022,4,30,17,0,42,42021,Route de Margerie,45.515422,4.08759,Plein jour,Hors agglomération,Hors intersection,Normale,Autre collision,3,2,2,0,1,1,1,0,8,80,1,1,0,0,0,1,44.0,,utilitaire_camion,,1,1,1,1,6
202200007614,2022-06-02 09:11:00,2022,6,2,9,11,02,02614,,49.911064,3.197047,Plein jour,Hors agglomération,Intersection en T,Normale,Deux véhicules - côté,3,1,2,0,1,1,1,0,1,80,2,2,1,0,1,0,30.0,46.0,utilitaire_camion,voiture,1,1,3,1,3
202200007615,2022-12-27 14:15:00,2022,12,27,14,15,93,93027,Pont Palmier / Rue de la Convention,48.92612,2.39662,Plein jour,En agglomération,Passage à niveau,Normale,Deux véhicules - côté,3,2,2,3,1,2,1,4,8,50,2,2,1,0,0,1,30.0,64.0,transport_commun,utilitaire_camion,1,2,8,1,3
202200007616,2022-05-01 06:00:00,2022,5,1,6,0,47,47195,D930,44.150635,0.322348,Crépuscule ou aube,Hors agglomération,Hors intersection,Normale,Autre collision,3,2,2,0,1,1,1,0,3,80,1,1,0,1,0,0,24.0,,voiture,,2,1,1,1,6
202200007617,2022-03-19 20:00:00,2022,3,19,20,0,33,33281,Avenue du Maréchal Leclerc,44.83683,-0.64715,Crépuscule ou aube,En agglomération,Hors intersection,Normale,Autre collision,4,3,5,1,1,1,1,0,3,30,1,1,0,0,0,1,75.0,,voiture,,2,2,1,1,6
202200007618,2022-12-28 15:04:00,2022,12,28,15,4,93,93008,Avenue Jean Jaures,48.9054110175,2.4393190159,Plein jour,En agglomération,Autre intersection,Pluie légère,Deux véhicules - côté,3,1,2,2,3,1,2,0,1,50,2,2,1,0,1,0,,50.0,utilitaire_camion,utilitaire_camion,1,2,9,2,3
202200007619,2022-04-28 10:10:00,2022,4,28,10,10,34,34028,D908e2,43.598177,3.139526,Plein jour,Hors agglomération,Giratoire,Normale,Deux véhicules - côté,3,2,2,0,1,2,1,0,1,50,2,2,1,0,0,1,39.0,50.0,voiture,deux_roues,1,1,6,1,3
202200007620,2022-06-01 11:45:00,2022,6,1,11,45,03,03103,D994,46.352078,3.809102,Plein jour,Hors agglomération,Intersection en T,Normale,Deux véhicules - côté,3,2,2,0,1,1,1,0,1,90,2,2,1,0,1,0,86.0,32.0,voiture,utilitaire_camion,1,1,3,1,3
202200007621,2022-03-19 10:52:00,2022,3,19,10,52,33,33063,Rue Frédéric Bentayoux,44.8576341903,-0.5788981831,Plein jour,En agglomération,Intersection en Y,Normale,Autre collision,4,2,1,0,1,2,1,0,1,50,1,2,1,1,0,0,47.0,,utilitaire_camion,,1,2,4,1,6
202200007622,2022-06-01 18:05:00,2022,6,1,18,5,85,85064,A83 pr 040.750,46.834185,-1.228237,Plein jour,Hors agglomération,Autre intersection,Normale,Deux véhicules - arrière,1,3,4,0,1,1,1,0,1,130,2,2,1,0,0,1,53.0,47.0,utilitaire_camion,voiture,1,1,9,1,2
202200007623,2022-12-28 20:20:00,2022,12,28,20,20,92,92078,VERDUN (AVENUE) (PAIRS 92 ET PLUS),48.9344944667,2.321090877,Nuit avec éclairage allumé,En agglomération,Intersection en X,Pluie légère,Autre collision,3,3,1,0,1,1,2,0,4,50,1,4,1,0,0,3,44.0,,voiture,,5,2,2,2,6
202200007624,2022-04-30 22:30:00,2022,4,30,22,30,14,14161,D675,49.263452,0.136205,Nuit sans éclairage public,Hors agglomération,Hors intersection,Normale,Autre collision,3,2,2,0,1,1,1,0,1,90,1,1,0,1,0,0,52.0,,deux_roues,,3,1,1,1,6
202200007625,2022-12-27 14:55:00,2022,12,27,14,55,92,92022,PAVE DES GARDES (ROUTE DU),48.80855,2.19578,Plein jour,En agglomération,Intersection en T,Normale,Autre collision,3,3,3,0,1,1,1,0,1,50,1,1,0,0,0,1,49.0,,deux_roues,,1,2,3,1,6
202200007626,2022-05-31 16:40:00,2022,5,31,16,40,50,50145,La Hastonniere,49.066053,-1.390806,Plein jour,Hors agglomération,Intersection en X,Normale,Deux véhicules - côté,3,2,2,3,1,1,1,0,1,80,2,3,1,0,0,2,27.0,62.0,voiture,voiture,1,1,2,1,3
202200007627,2022-03-18 11:30:00,2022,3,18,11,30,33,33063,Rue Camille Godard,44.85502,-0.57555,Plein jour,En agglomération,Intersection en T,Normale,Deux véhicules - côté,4,2,2,0,1,1,1,0,1,30,2,2,1,0,0,1,26.0,34.0,deux_roues,utilitaire_camion,1,2,3,1,3
202200007628,2022-12-28 21:31:00,2022,12,28,21,31,92,92044,CARNOT(RUE) 43A71 ET 38A58,48.89171,2.28678,Nuit avec éclairage allumé,En agglomération,Autre intersection,Pluie légère,Deux véhicules - côté,4,1,2,0,1,1,2,0,1,50,2,2,1,0,0,1,45.0,70.0,deux_roues,voiture,5,2,9,2,3
202200007629,2022-04-30 22:30:00,2022,4,30,22,30,50,50364,Le Haut Bingard,49.134353,-1.501468,Nuit sans éclairage public,Hors agglomération,Hors intersection,Normale,Deux véhicules - frontale,4,2,2,0,1,1,1,0,1,80,2,3,0,0,3,0,57.0,28.0,voiture,voiture,3,1,1,1,1
202200007630,2022-03-19 13:05:00,2022,3,19,13,5,33,33529,RD 1250 (OUSTALET - BONNEVAL),44.618128,-1.131019,Plein jour,Hors agglomération,Hors intersection,Normale,Deux véhicules - arrière,2,2,2,0,1,1,1,0,1,80,2,2,1,0,0,1,23.0,64.0,deux_roues,voiture,1,1,1,1,2
202200007631,2022-12-27 23:53:00,2022,12,27,23,53,92,92040,JEAN-PIERRE TIMBAUD,48.8180763974,2.2494080365,Nuit avec éclairage allumé,En agglomération,Hors intersection,Normale,Autre collision,3,1,2,0,1,1,1,0,1,30,2,2,1,1,0,0,31.0,36.0,transport_commun,deux_roues,5,2,1,1,6
202200007632,2022-06-02 17:15:00,2022,6,2,17,15,10,10035,,48.214769,4.738334,Plein jour,Hors agglomération,Intersection en T,Temps éblouissant,Deux véhicules - côté,3,2,2,0,1,1,1,0,1,80,2,2,1,0,1,0,56.0,39.0,deux_roues,voiture,1,1,3,7,3
202200007633,2022-04-30 18:20:00,2022,4,30,18,20,50,50092,D972,49.073539,-1.360811,Plein jour,Hors agglomération,Intersection en Y,Normale,Deux véhicules - côté,3,2,1,0,3,1,1,0,1,80,2,3,2,0,1,0,59.0,25.0,deux_roues,voiture,1,1,4,1,3
202200007634,2022-06-01 15:40:00,2022,6,1,15,40,53,53115,14 Rue Saint Pierre,48.418289,-0.854246,Plein jour,En agglomération,Hors intersection,Normale,Deux véhicules - arrière,3,2,2,0,2,1,1,0,1,50,2,2,1,0,1,0,73.0,87.0,deux_roues,voiture,1,2,1,1,2