accident_id,datetime,annee,mois,jour,heure,minute,departement,commune_insee,adresse,latitude,longitude,luminosite,agglomeration,intersection,meteo,collision,catr,circ,nbv,vosp,prof,plan,surf,infra,situ,vma,nb_vehicules,nb_usagers,nb_indemnes,nb_tues,nb_blesses_hosp,nb_blesses_legers,age_cond_1,age_cond_2,veh_type_cond_1,veh_type_cond_2,lum_code,agg_code,int_code,atm_code,col_code
202200007911,2022-09-13 17:25:00,2022,9,13,17,25,25,25056,CHOPIN RUE FREDERIC,47.26175,6.04028,Plein jour,En agglomération,Hors intersection,Normale,Deux véhicules - côté,4,3,2,2,1,1,1,0,1,50,2,2,1,0,0,1,26.0,15.0,voiture,deux_roues,1,2,1,1,3
202200007912,2022-10-12 20:15:00,2022,10,12,20,15,69,69264,Rue Leonard Cimetiere,45.97993,4.73098,Crépuscule ou aube,En agglomération,Hors intersection,Normale,Deux véhicules - frontale,4,2,2,0,1,1,1,0,1,50,2,4,3,0,1,0,65.0,19.0,utilitaire_camion,voiture,2,2,1,1,1
202200007913,2022-10-15 06:50:00,2022,10,15,6,50,69,69013,Rue Blaise Pascal,46.00008,4.73699,Nuit sans éclairage public,Hors agglomération,Hors intersection,Normale,Autre collision,4,2,2,0,1,2,1,0,1,80,1,3,1,0,0,2,40.0,,voiture,,3,1,1,1,6
202200007914,2022-09-10 18:30:00,2022,9,10,18,30,22,22278,RN12,48.50675,-2.73529,Plein jour,Hors agglomération,Hors intersection,Normale,Trois véhicules et plus - en chaîne,2,-1,0,0,1,1,1,0,1,70,4,5,3,0,0,2,63.0,84.0,voiture,voiture,1,1,1,1,4
202200007915,2022-10-15 12:25:00,2022,10,15,12,25,69,69276,Rue Hector Berlioz,45.6680663888,4.8531273007,Plein jour,En agglomération,Intersection en T,Normale,Deux véhicules - côté,4,1,1,2,1,1,1,0,1,50,2,2,1,0,0,1,40.0,32.0,utilitaire_camion,voiture,1,2,3,1,3
202200007916,2022-09-12 18:50:00,2022,9,12,18,50,15,15014,DEBRONS (RUE LOUIS),44.93294,2.43955,Plein jour,En agglomération,Hors intersection,Normale,Deux véhicules - frontale,4,1,1,0,2,2,1,0,1,50,2,2,0,0,0,2,18.0,40.0,deux_roues,deux_roues,1,2,1,1,1
202200007917,2022-10-15 23:50:00,2022,10,15,23,50,64,64129,Avenue Jean Mermoz,43.314,-0.37796,Nuit avec éclairage allumé,En agglomération,Hors intersection,Normale,Autre collision,4,2,2,0,1,1,1,9,1,50,1,1,0,0,0,1,21.0,,deux_roues,,5,2,1,1,6
202200007918,2022-09-13 15:55:00,2022,9,13,15,55,14,14101,Avenue de Woodbury,49.168268,-0.420863,Plein jour,En agglomération,Autre intersection,Normale,Autre collision,4,-1,2,3,1,1,1,8,1,50,1,1,0,0,1,0,65.0,,deux_roues,,1,2,9,1,6
202200007919,2022-10-14 12:10:00,2022,10,14,12,10,64,64445,avenue Bié Moulié,43.30424,-0.34421,Plein jour,En agglomération,Intersection en X,Normale,Deux véhicules - côté,4,2,2,0,1,1,2,0,1,50,2,2,1,0,0,1,33.0,72.0,deux_roues,voiture,1,2,2,1,3
202200007920,2022-09-12 13:45:00,2022,9,12,13,45,13,13001,ISAAC JULES (AV),43.5372524174,5.4529331676,Plein jour,En agglomération,Hors intersection,Normale,Deux véhicules - côté,4,2,2,0,2,1,1,0,1,50,2,2,1,0,1,0,49.0,38.0,voiture,deux_roues,1,2,1,1,3
202200007921,2022-10-15 10:10:00,2022,10,15,10,10,64,64102,Boulevard d'Aritxague,43.48872,-1.49174,Plein jour,En agglomération,Hors intersection,Normale,Autre collision,4,3,4,0,1,1,1,0,1,50,1,2,1,0,1,0,70.0,,voiture,,1,2,1,1,6
202200007922,2022-10-14 17:20:00,2022,10,14,17,20,64,64102,Chemin des Barthes,43.49668,-1.49397,Plein jour,En agglomération,Hors intersection,Normale,Deux véhicules - côté,4,2,2,0,1,1,1,0,1,50,2,2,1,0,0,1,22.0,17.0,voiture,deux_roues,1,2,1,1,3
202200007923,2022-09-11 20:15:00,2022,9,11,20,15,12,12176,D901 (ROUTE DE CONQUES),44.3939199511,2.5638324023,Nuit sans éclairage public,Hors agglomération,Hors intersection,Normale,Deux véhicules - frontale,3,2,2,0,1,1,1,0,1,90,2,5,2,0,0,3,47.0,38.0,voiture,utilitaire_camion,3,1,1,1,1
202200007924,2022-09-12 14:40:00,2022,9,12,14,40,11,11069,RD 6161 - Rocade Ouest,43.21932,2.32393,Plein jour,Hors agglomération,Hors intersection,Normale,Trois véhicules et plus - collisions multiples,3,2,2,0,1,1,1,0,1,80,3,3,1,0,0,2,43.0,48.0,voiture,utilitaire_camion,1,1,1,1,5
202200007925,2022-10-11 20:45:00,2022,10,11,20,45,59,59560,R.D. 549,50.5539798641,3.0434918404,Nuit avec éclairage allumé,Hors agglomération,Hors intersection,Normale,Deux véhicules - arrière,7,1,1,0,1,1,1,0,1,70,2,4,2,0,0,2,28.0,31.0,voiture,voiture,5,1,1,1,2
202200007926,2022-09-11 18:35:00,2022,9,11,18,35,11,11069,,43.20419,2.38646,Plein jour,Hors agglomération,Intersection en T,Normale,Deux véhicules - côté,3,2,2,0,2,2,1,5,1,70,2,3,2,0,0,1,58.0,50.0,deux_roues,voiture,1,1,3,1,3
202200007927,2022-09-30 21:10:00,2022,9,30,21,10,59,59328,LEMIRE RUE DE L'ABBE,50.6520908101,3.0330258608,Nuit avec éclairage allumé,En agglomération,Hors intersection,Pluie légère,Autre collision,4,2,2,0,1,1,2,0,1,50,2,3,2,0,0,1,47.0,34.0,voiture,voiture,5,2,1,2,6
202200007928,2022-09-12 12:59:00,2022,9,12,12,59,10,10387,PIERRE BROSSOLETTE (RUE),48.28903,4.07676,Plein jour,En agglomération,Intersection en X,Normale,Deux véhicules - côté,4,2,2,0,1,1,1,0,1,50,2,2,1,0,0,1,24.0,56.0,voiture,deux_roues,1,2,2,1,3
202200007929,2022-10-15 15:40:00,2022,10,15,15,40,59,59155,FURNES - ROUTE,51.0325874789,2.3972725868,Plein jour,En agglomération,Hors intersection,Normale,Trois véhicules et plus - collisions multiples,3,2,3,1,1,1,1,2,1,50,3,3,2,0,0,1,33.0,42.0,voiture,voiture,1,2,1,1,5
202200007930,2022-09-13 12:15:00,2022,9,13,12,15,09,09225,JEU DU MAIL AVENUE DU,43.12067,1.60992,Plein jour,En agglomération,Intersection en T,Normale,Autre collision,4,2,2,0,1,1,1,0,1,50,1,2,1,0,0,1,61.0,,voiture,,1,2,3,1,6
202200007931,2022-09-12 08:50:00,2022,9,12,8,50,09,09225,MENESTRELS CHEMIN DES,43.11487,1.62858,Plein jour,En agglomération,Hors intersection,Temps éblouissant,Deux véhicules - côté,4,2,2,0,1,1,1,0,1,50,2,2,1,0,0,1,15.0,23.0,deux_roues,voiture,1,2,1,7,3
202200007932,2022-10-15 16:10:00,2022,10,15,16,10,54,54395,MILLENAIRE (PONT DU),48.6784998291,6.2095043063,Plein jour,En agglomération,Hors intersection,Pluie légère,Trois véhicules et plus - en chaîne,4,2,2,0,1,1,2,2,1,70,3,4,3,0,0,1,28.0,68.0,voiture,voiture,1,2,1,2,4
202200007933,2022-09-13 14:00:00,2022,9,13,14,0,06,06088,CARLONE (BD),43.6936,7.24244,Plein jour,En agglomération,Autre intersection,Normale,Deux véhicules - côté,4,-1,2,0,2,1,1,0,1,50,2,2,1,0,1,0,24.0,27.0,voiture,deux_roues,1,2,9,1,3
202200007934,2022-10-15 14:30:00,2022,10,15,14,30,51,51172,place de l'Humanisme,49.22003,4.04111,Plein jour,En agglomération,Giratoire,Normale,Deux véhicules - côté,4,1,2,0,1,2,1,0,1,50,2,2,1,0,0,1,48.0,72.0,deux_roues,voiture,1,2,6,1,3
202200007935,2022-09-13 00:37:00,2022,9,13,0,37,06,06083,ALBINI (RUE),43.772644,7.498014,Nuit avec éclairage allumé,En agglomération,Intersection en T,Normale,Deux véhicules - côté,3,2,2,0,1,1,1,0,1,50,2,3,1,0,0,2,21.0,21.0,voiture,voiture,5,2,3,1,3
202200007936,2022-10-11 19:53:00,2022,10,11,19,53,51,51525,N44,48.9258736043,4.4125396013,Crépuscule ou aube,Hors agglomération,Intersection en T,Normale,Deux véhicules - côté,2,2,2,0,1,1,1,0,1,70,2,2,1,0,1,0,58.0,58.0,voiture,utilitaire_camion,2,1,3,1,3
202200007937,2022-09-13 13:45:00,2022,9,13,13,45,06,06069,MADELEINE,43.65779,6.93114,Plein jour,En agglomération,Hors intersection,Normale,Deux véhicules - frontale,4,1,1,0,2,1,1,0,1,50,1,1,0,0,0,1,89.0,,voiture,,1,2,1,1,1
202200007938,2022-10-15 10:45:00,2022,10,15,10,45,44,44109,16 Route de Vannes,47.233155,-1.578118,Plein jour,En agglomération,Hors intersection,Normale,Autre collision,4,2,2,0,1,1,1,0,1,30,1,2,1,0,0,1,19.0,,deux_roues,,1,2,1,1,6
202200007939,2022-09-09 08:40:00,2022,9,9,8,40,06,06029,JUIN (AVENUE MARECHAL),43.54977,7.056,Plein jour,En agglomération,Hors intersection,Normale,Sans collision,3,-1,0,0,1,1,1,0,1,50,1,1,0,0,1,0,34.0,,deux_roues,,1,2,1,1,7
202200007940,2022-10-15 17:43:00,2022,10,15,17,43,43,43157,29 Boulevard Marechal Fayolle,45.0489,3.8941,Plein jour,En agglomération,Hors intersection,Normale,Deux véhicules - arrière,3,4,4,0,1,1,1,0,1,50,2,2,1,0,0,1,16.0,16.0,deux_roues,deux_roues,1,2,1,1,2
202200007941,2022-09-13 08:28:00,2022,9,13,8,28,05,05061,JEAN JAURES ( AVENUE ),44.55074,6.06951,Plein jour,En agglomération,Intersection en T,Normale,Deux véhicules - côté,2,2,2,0,1,1,1,0,1,50,2,2,1,0,0,1,50.0,34.0,deux_roues,voiture,1,2,3,1,3
202200007942,2022-09-12 09:00:00,2022,9,12,9,0,03,03310,Boulevard de l'Hopital,46.12262,3.43271,Plein jour,En agglomération,Intersection en T,Normale,Deux véhicules - côté,4,2,2,0,1,1,1,0,1,50,2,2,1,0,1,0,43.0,38.0,utilitaire_camion,deux_roues,1,2,3,1,3
202200007943,2022-10-15 11:30:00,2022,10,15,11,30,38,38185,Boulevard Gambetta,45.18775,5.72375,Plein jour,En agglomération,Intersection à plus de 4 branches,Normale,Deux véhicules - côté,4,2,3,0,1,1,1,0,1,50,2,2,1,0,1,0,23.0,55.0,voiture,deux_roues,1,2,5,1,3
202200007944,2022-10-15 08:40:00,2022,10,15,8,40,38,38185,Avenue Maréchal Randon,45.19855,5.73855,Plein jour,En agglomération,Intersection en T,Normale,Autre collision,7,2,4,3,1,1,1,0,1,30,1,2,1,0,1,0,58.0,,voiture,,1,2,3,1,6
202200007945,2022-09-13 17:40:00,2022,9,13,17,40,75,75116,BD PERIPHERIQUE INTERIEUR,48.861934,2.2646,Plein jour,En agglomération,Hors intersection,Normale,Trois véhicules et plus - en chaîne,4,1,4,0,1,1,1,1,1,70,4,5,3,0,0,2,22.0,21.0,voiture,voiture,1,2,1,1,4
202200007946,2022-10-15 19:55:00,2022,10,15,19,55,32,32013,PIERRE MENDES FRANCE,43.64231,0.5959,Nuit avec éclairage allumé,En agglomération,Hors intersection,Normale,Sans collision,4,2,2,0,1,1,1,0,1,50,1,1,0,0,0,1,51.0,,deux_roues,,5,2,1,1,7
202200007947,2022-09-13 08:50:00,2022,9,13,8,50,75,75116,PORTE DE PASSY,48.855293,2.255664,Plein jour,En agglomération,Hors intersection,Normale,Deux véhicules - arrière,4,1,3,0,1,1,1,8,1,70,2,2,1,0,0,1,32.0,32.0,deux_roues,deux_roues,1,2,1,1,2
202200007948,2022-10-15 19:10:00,2022,10,15,19,10,31,31555,AV JEAN CHAUBET,43.604495,1.475303,Plein jour,En agglomération,Hors intersection,Normale,Deux véhicules - côté,4,2,4,0,1,1,1,0,1,50,2,2,1,0,1,0,32.0,64.0,utilitaire_camion,deux_roues,1,2,1,1,3
202200007949,2022-09-11 19:55:00,2022,9,11,19,55,75,75119,BD PERIPHERIQUE EXTERIEUR,48.900503,2.384818,Plein jour,En agglomération,Hors intersection,Normale,Deux véhicules - côté,4,1,4,0,1,1,1,0,1,70,2,2,1,0,0,1,23.0,34.0,deux_roues,voiture,1,2,1,1,3
202200007950,2022-10-15 03:39:00,2022,10,15,3,39,31,31555,26 LA FAOURETTE  (PERIPH OUEST A620),43.574034,1.409844,Nuit sans éclairage public,Hors agglomération,Hors intersection,Normale,Deux véhicules - arrière,1,1,4,0,1,1,1,3,1,90,2,3,2,0,0,1,39.0,27.0,voiture,deux_roues,3,1,1,1,2
202200007951,2022-09-13 17:35:00,2022,9,13,17,35,75,75105,RUE BUFFON,48.843298,2.364291,Plein jour,En agglomération,Intersection en T,Normale,Sans collision,4,1,1,0,1,1,1,0,1,30,1,1,0,0,0,1,34.0,,deux_roues,,1,2,3,1,7
202200007952,2022-10-14 18:25:00,2022,10,14,18,25,29,29232,13 Avenue de Remscheid,47.982635,-4.092218,Plein jour,En agglomération,Hors intersection,Pluie forte,Deux véhicules - arrière,4,2,2,0,2,1,2,0,1,50,2,2,1,0,0,1,22.0,18.0,voiture,voiture,1,2,1,3,2
202200007953,2022-09-13 18:00:00,2022,9,13,18,0,75,75117,BOULEVARD BERTHIER,48.890218,2.304565,Plein jour,En agglomération,Intersection en T,Normale,Autre collision,4,3,6,0,1,1,1,0,1,50,1,2,1,0,0,1,38.0,,voiture,,1,2,3,1,6
202200007954,2022-10-15 18:15:00,2022,10,15,18,15,29,29019,D789 - Rond point de Kerzenniel,48.3731,-4.56179,Crépuscule ou aube,Hors agglomération,Giratoire,Normale,Deux véhicules - côté,7,2,1,0,1,1,1,5,1,50,2,2,1,0,0,1,58.0,58.0,voiture,deux_roues,2,1,6,1,3
202200007955,2022-09-13 00:05:00,2022,9,13,0,5,75,75116,BOULEVARD EXELMANS,48.8403863273,2.2654554248,Nuit avec éclairage allumé,En agglomération,Intersection en T,Pluie légère,Sans collision,4,3,2,3,1,1,2,-1,6,50,1,1,0,0,0,1,27.0,,deux_roues,,5,2,3,2,7
202200007956,2022-09-13 13:55:00,2022,9,13,13,55,75,75116,AVENUE DES NATIONS UNIES,48.862759,2.292057,Plein jour,En agglomération,Intersection en X,Normale,Deux véhicules - côté,4,2,4,0,2,1,1,0,1,50,2,2,1,0,0,1,42.0,38.0,deux_roues,voiture,1,2,2,1,3
202200007957,2022-10-15 17:05:00,2022,10,15,17,5,28,28134,RN 12 (ARCHE DU GAZON),48.74301,1.32287,Plein jour,Hors agglomération,Intersection en T,Normale,Deux véhicules - côté,2,3,1,0,2,1,1,5,1,70,2,3,1,0,0,2,36.0,29.0,voiture,voiture,1,1,3,1,3
202200007958,2022-10-15 07:05:00,2022,10,15,7,5,27,27375,ECHO (RUE DE L'),49.21564,1.16479,Nuit avec éclairage non allumé,En agglomération,Hors intersection,Pluie légère,Autre collision,4,1,1,0,1,1,2,0,4,30,1,1,0,0,0,1,54.0,,voiture,,4,2,1,2,6
202200007959,2022-09-12 22:00:00,2022,9,12,22,0,75,75115,RUE BRANCION,48.829679,2.301762,Nuit avec éclairage allumé,En agglomération,Intersection en Y,Normale,Deux véhicules - frontale,4,2,2,2,1,1,1,-1,5,30,2,2,1,0,0,1,,31.0,voiture,deux_roues,5,2,4,1,1
202200007960,2022-10-16 00:15:00,2022,10,16,0,15,25,25056,DOLE RUE DE (entre 82 et 185),47.228647,5.986909,Nuit avec éclairage allumé,En agglomération,Hors intersection,Normale,Autre collision,4,2,3,0,2,1,1,0,4,50,1,1,0,0,0,1,24.0,,voiture,,5,2,1,1,6
202200007961,2022-09-12 23:16:00,2022,9,12,23,16,75,75113,BOULEVARD KELLERMANN,48.819,2.3595,Nuit avec éclairage allumé,En agglomération,Intersection en X,Normale,Deux véhicules - côté,4,2,6,0,1,1,1,0,1,50,2,2,1,0,0,1,28.0,23.0,voiture,deux_roues,5,2,2,1,3
202200007962,2022-10-15 16:20:00,2022,10,15,16,20,21,21054,BOUZE (ANCIENNE ROUTE DE),47.02673,4.81809,Plein jour,Hors agglomération,Hors intersection,Temps couvert,Autre collision,4,2,1,0,4,2,1,9,8,50,1,1,0,1,0,0,82.0,,voiture,,1,1,1,8,6
202200007963,2022-09-13 18:30:00,2022,9,13,18,30,75,75112,BOULEVARD DE REUILLY,48.839075,2.390128,Plein jour,En agglomération,Intersection en X,Normale,Deux véhicules - côté,4,-1,2,2,1,1,1,0,5,30,2,2,1,0,0,1,23.0,,deux_roues,deux_roues,1,2,2,1,3
202200007964,2022-10-15 15:50:00,2022,10,15,15,50,18,18279,Rue du 11 Novembre 1918,47.22224,2.061756,Plein jour,En agglomération,Hors intersection,Pluie légère,Deux véhicules - frontale,3,2,2,0,2,2,2,0,1,50,2,6,5,0,0,1,76.0,35.0,voiture,voiture,1,2,1,2,1
202200007965,2022-09-13 15:00:00,2022,9,13,15,0,75,75111,BOULEVARD VOLTAIRE,48.851356,2.390934,Plein jour,En agglomération,Hors intersection,Normale,Deux véhicules - arrière,4,2,3,0,1,1,1,0,1,30,2,2,1,0,0,1,36.0,32.0,utilitaire_camion,voiture,1,2,1,1,2
202200007966,2022-10-15 02:00:00,2022,10,15,2,0,18,18267,,47.02959,2.34017,Nuit sans éclairage public,Hors agglomération,Hors intersection,Pluie légère,Autre collision,3,2,2,0,1,1,2,0,3,70,1,1,0,1,0,0,21.0,,voiture,,3,1,1,2,6
202200007967,2022-09-13 09:05:00,2022,9,13,9,5,75,75111,AVENUE PHILIPPE AUGUSTE,48.85147,2.39399,Plein jour,En agglomération,Hors intersection,Normale,Sans collision,4,2,2,0,1,1,1,0,1,30,1,1,0,0,0,1,54.0,,deux_roues,,1,2,1,1,7
202200007968,2022-10-16 01:12:00,2022,10,16,1,12,14,14118,Quai Amiral Hamelin,49.17922,-0.34891,Nuit avec éclairage allumé,En agglomération,Autre intersection,Temps couvert,Deux véhicules - arrière,4,-1,2,0,1,1,1,9,1,50,2,2,1,0,1,0,33.0,34.0,deux_roues,voiture,5,2,9,8,2
202200007969,2022-09-13 08:50:00,2022,9,13,8,50,75,75108,AVENUE DES CHAMPS ELYSEES,48.871406,2.302514,Plein jour,En agglomération,Intersection en X,Normale,Deux véhicules - arrière,4,2,6,0,2,1,1,0,1,30,2,3,2,0,0,1,24.0,36.0,deux_roues,voiture,1,2,2,1,2
202200007970,2022-10-15 14:00:00,2022,10,15,14,0,13,13214,Louis VILLECROZE (Bld),43.3171335265,5.3900617361,Plein jour,En agglomération,Hors intersection,Normale,Deux véhicules - frontale,4,2,2,0,1,1,1,0,1,50,2,2,1,0,0,1,27.0,33.0,deux_roues,voiture,1,2,1,1,1
202200007971,2022-09-12 18:15:00,2022,9,12,18,15,75,75108,PLACE DE RIO DE JANEIRO,48.8774901899,2.310039103,Plein jour,En agglomération,Place,Normale,Deux véhicules - côté,4,4,0,0,1,1,1,0,1,30,2,2,1,0,0,1,39.0,46.0,deux_roues,utilitaire_camion,1,2,7,1,3
202200007972,2022-10-15 18:45:00,2022,10,15,18,45,13,13001,R.N 7,43.54853,5.42784,Plein jour,En agglomération,Intersection en Y,Normale,Autre collision,2,1,3,0,2,1,1,3,1,90,1,1,0,1,0,0,73.0,,voiture,,1,2,4,1,6
202200007973,2022-09-12 15:45:00,2022,9,12,15,45,75,75108,AVENUE DE WAGRAM,48.876089545,2.2967192531,Plein jour,En agglomération,Hors intersection,Normale,Autre collision,4,2,0,1,2,1,1,-1,5,30,1,2,0,0,0,2,31.0,,deux_roues,,1,2,1,1,6
202200007974,2022-10-15 19:00:00,2022,10,15,19,0,10,10387,LOMBARDS (AVENUE),48.2707,4.081,Nuit avec éclairage allumé,En agglomération,Intersection en X,Pluie légère,Deux véhicules - frontale,4,2,2,2,1,1,2,0,1,50,2,2,1,0,1,0,86.0,20.0,voiture,autre,5,2,2,2,1
202200007975,2022-09-13 21:30:00,2022,9,13,21,30,75,75107,BOULEVARD DES INVALIDES,48.850559,2.314519,Nuit avec éclairage allumé,En agglomération,Place,Pluie légère,Autre collision,4,2,5,0,1,1,2,0,1,30,1,1,0,0,0,1,62.0,,voiture,,5,2,7,2,6
202200007976,2022-10-14 07:10:00,2022,10,14,7,10,07,07231,Vieux Stade (Chemin du),44.60216,4.38191,Nuit sans éclairage public,En agglomération,Hors intersection,Pluie légère,Autre collision,4,2,2,0,1,1,2,0,1,50,1,1,0,0,1,0,42.0,,deux_roues,,3,2,1,2,6
202200007977,2022-09-13 08:50:00,2022,9,13,8,50,94,94068,VICTORIA (AV),48.79621,2.495973,Plein jour,En agglomération,Hors intersection,Normale,Sans collision,4,1,2,0,1,1,1,0,1,30,2,2,1,0,1,0,21.0,68.0,deux_roues,voiture,1,2,1,1,7
202200007978,2022-10-10 07:05:00,2022,10,10,7,5,07,07116,RN 102,44.6372076716,4.3757189515,Nuit sans éclairage public,Hors agglomération,Hors intersection,Normale,Autre collision,2,2,2,0,1,1,1,0,1,70,1,2,1,0,1,0,20.0,,deux_roues,,3,1,1,1,6
202200007979,2022-09-12 08:45:00,2022,9,12,8,45,94,94068,PORT DE CRETEIL (QU DU),48.80271,2.4698,Plein jour,En agglomération,Hors intersection,Normale,Deux véhicules - côté,4,2,2,1,1,1,1,8,5,30,2,3,2,0,0,1,58.0,56.0,utilitaire_camion,deux_roues,1,2,1,1,3
202200007980,2022-10-15 18:36:00,2022,10,15,18,36,06,06088,CASSIN (BD RENE),43.670077,7.216051,Plein jour,En agglomération,Hors intersection,Normale,Deux véhicules - côté,4,1,3,0,1,1,1,0,1,50,2,3,1,0,1,1,53.0,30.0,deux_roues,deux_roues,1,2,1,1,3
202200007981,2022-10-15 15:00:00,2022,10,15,15,0,06,06027,GRASSE AVENUE DE,43.65889,7.13844,Plein jour,En agglomération,Hors intersection,Normale,Deux véhicules - côté,4,-1,2,0,1,1,1,0,1,50,2,3,1,0,0,2,35.0,54.0,voiture,deux_roues,1,2,1,1,3
202200007982,2022-09-13 20:00:00,2022,9,13,20,0,94,94003,LAPLACE (AV),48.80754,2.3339,Crépuscule ou aube,En agglomération,Hors intersection,Normale,Deux véhicules - côté,3,2,2,0,2,1,1,0,1,50,2,2,1,0,0,1,18.0,20.0,deux_roues,deux_roues,2,2,1,1,3
202200007983,2022-09-13 01:30:00,2022,9,13,1,30,94,94073,Avenue René Panhard,48.763856,2.396354,Nuit avec éclairage allumé,En agglomération,Hors intersection,Normale,Sans collision,3,2,2,0,1,1,1,0,1,50,1,1,0,0,0,1,28.0,,voiture,,5,2,1,1,7
202200007984,2022-10-11 17:30:00,2022,10,11,17,30,05,05061,JEAN JAURES ( AVENUE ),44.55404,6.07369,Plein jour,En agglomération,Hors intersection,Normale,Deux véhicules - arrière,2,2,2,0,1,1,1,0,1,50,2,2,1,0,0,1,48.0,15.0,voiture,deux_roues,1,2,1,1,2
202200007985,2022-10-11 15:52:00,2022,10,11,15,52,05,05061,GEORGES POMPIDOU ( BD),44.5556977702,6.0783362389,Plein jour,En agglomération,Hors intersection,Normale,Deux véhicules - arrière,4,2,3,0,1,1,1,0,1,50,2,2,1,0,0,1,42.0,37.0,voiture,utilitaire_camion,1,2,1,1,2
202200007986,2022-09-13 14:08:00,2022,9,13,14,8,94,94022,Rue Jules Ferry / Avenue Rondu,48.7586643968,2.4135918447,Plein jour,En agglomération,Intersection en T,Normale,Deux véhicules - arrière,4,2,2,0,1,1,1,0,1,50,2,2,1,0,0,1,33.0,32.0,deux_roues,voiture,1,2,3,1,2
202200007987,2022-10-05 07:55:00,2022,10,5,7,55,05,05061,rue Col Thomas Piddington,44.5653959607,6.0761475563,Plein jour,En agglomération,Intersection en T,Normale,Sans collision,4,2,2,0,2,2,1,0,1,50,2,2,1,0,0,1,29.0,49.0,deux_roues,voiture,1,2,3,1,7
202200007988,2022-09-12 18:35:00,2022,9,12,18,35,94,94017,Avenue Salvador Allendé / Rue des Pinsons,48.80869,2.5506,Plein jour,En agglomération,Intersection en T,Normale,Deux véhicules - côté,3,3,2,2,1,1,1,0,1,50,2,2,1,0,0,1,47.0,22.0,voiture,voiture,1,2,3,1,3
202200007989,2022-09-13 15:15:00,2022,9,13,15,15,94,94071,Rue de Champigny / Rue Villebois-mareuil,48.77286,2.51038,Plein jour,En agglomération,Intersection en X,Normale,Autre collision,3,2,2,0,1,1,1,0,1,30,1,2,1,0,1,0,,,utilitaire_camion,,1,2,2,1,6
202200007990,2022-10-15 21:20:00,2022,10,15,21,20,75,75120,PORTE DE BAGNOLET,48.865173,2.413429,Nuit avec éclairage allumé,En agglomération,Hors intersection,Normale,Trois véhicules et plus - en chaîne,4,1,4,0,1,1,1,0,1,70,3,3,2,0,0,1,24.0,64.0,voiture,deux_roues,5,2,1,1,4
202200007991,2022-09-12 22:30:00,2022,9,12,22,30,93,93051,Boulevard des Astronautes / Rue de la Chapelle,48.83078,2.57295,Nuit avec éclairage allumé,En agglomération,Intersection en T,Normale,Deux véhicules - côté,4,1,1,0,1,3,1,8,1,50,2,3,1,0,0,2,56.0,21.0,voiture,deux_roues,5,2,3,1,3
202200007992,2022-10-14 16:15:00,2022,10,14,16,15,75,75112,ECHANGEUR BERCY,48.828999,2.400134,Plein jour,En agglomération,Hors intersection,Pluie légère,Deux véhicules - arrière,4,1,4,0,1,1,2,0,1,70,2,2,1,0,0,1,33.0,59.0,deux_roues,voiture,1,2,1,2,2
202200007993,2022-10-15 08:40:00,2022,10,15,8,40,75,75119,RUE PETIT,48.885898,2.388464,Plein jour,En agglomération,Hors intersection,Pluie forte,Autre collision,4,1,1,0,1,1,2,0,1,30,1,3,1,0,0,2,32.0,,voiture,,1,2,1,3,6
202200007994,2022-09-13 16:00:00,2022,9,13,16,0,93,93048,Rue de Rosny,48.8671646095,2.4566275061,Plein jour,En agglomération,Hors intersection,Normale,Trois véhicules et plus - en chaîne,3,2,2,0,2,1,1,0,1,50,4,6,4,0,0,2,45.0,34.0,voiture,voiture,1,2,1,1,4
202200007995,2022-10-15 20:05:00,2022,10,15,20,5,75,75118,RUE DE LA CHAPELLE,48.892006,2.359838,Nuit avec éclairage allumé,En agglomération,Intersection en T,Normale,Autre collision,4,2,4,0,1,1,1,0,1,30,1,2,1,0,0,1,71.0,,voiture,,5,2,3,1,6
202200007996,2022-09-13 09:10:00,2022,9,13,9,10,93,93048,Boulevard Rouget de Lisle,48.8617326761,2.4409880092,Plein jour,En agglomération,Hors intersection,Normale,Autre collision,3,2,2,0,1,1,1,9,1,30,1,2,0,0,0,1,,,deux_roues,,1,2,1,1,6
202200007997,2022-10-15 15:00:00,2022,10,15,15,0,75,75118,RUE DE LA CHAPELLE,48.896289,2.359248,Plein jour,En agglomération,Hors intersection,Normale,Autre collision,4,2,6,3,1,1,1,-1,6,30,1,2,1,0,0,1,,,voiture,,1,2,1,1,6
202200007998,2022-09-13 16:35:00,2022,9,13,16,35,92,92073,SELLIER (BOULEVARD HENRI),48.868059,2.225386,Plein jour,En agglomération,Intersection en X,Normale,Deux véhicules - côté,3,4,5,3,2,1,1,0,6,50,2,3,2,0,0,1,44.0,65.0,transport_commun,voiture,1,2,2,1,3
202200007999,2022-10-15 11:30:00,2022,10,15,11,30,75,75118,RUE MARX DORMOY,48.886835,2.35965,Plein jour,En agglomération,Intersection en T,Normale,Deux véhicules - arrière,4,2,5,0,1,1,2,0,1,30,2,2,1,0,1,0,31.0,47.0,deux_roues,utilitaire_camion,1,2,3,1,2
202200008000,2022-10-15 07:00:00,2022,10,15,7,0,75,75117,RUE JOUFFROY D ABBANS,48.88566,2.308618,Nuit avec éclairage allumé,En agglomération,Hors intersection,Pluie légère,Autre collision,4,2,2,0,1,1,2,0,1,30,1,2,1,0,0,1,56.0,,voiture,,5,2,1,2,6
202200008001,2022-09-07 19:30:00,2022,9,7,19,30,92,92073,WORTH (RUE),48.8697709258,2.2207322717,Plein jour,En agglomération,Hors intersection,Normale,Autre collision,4,1,1,0,1,1,2,0,1,30,1,3,2,0,0,1,22.0,,utilitaire_camion,,1,2,1,1,6