accident_id,datetime,annee,mois,jour,heure,minute,departement,commune_insee,adresse,latitude,longitude,luminosite,agglomeration,intersection,meteo,collision,catr,circ,nbv,vosp,prof,plan,surf,infra,situ,vma,nb_vehicules,nb_usagers,nb_indemnes,nb_tues,nb_blesses_hosp,nb_blesses_legers,age_cond_1,age_cond_2,veh_type_cond_1,veh_type_cond_2,lum_code,agg_code,int_code,atm_code,col_code
202200008002,2022-10-15 10:45:00,2022,10,15,10,45,75,75116,PLACE JEAN LORRAIN,48.847985,2.264213,Plein jour,En agglomération,Intersection à plus de 4 branches,Normale,Autre collision,4,1,1,0,2,1,2,0,1,30,1,2,1,0,0,1,92.0,,voiture,,1,2,5,1,6
202200008003,2022-09-13 12:00:00,2022,9,13,12,0,92,92020,BROSSOLETTE RUE PIERRE N°3 A 13,48.80084,2.28336,Plein jour,En agglomération,Giratoire,Normale,Deux véhicules - côté,3,2,2,0,1,1,1,5,1,50,2,2,1,0,0,1,56.0,27.0,voiture,deux_roues,1,2,6,1,3
202200008004,2022-10-14 16:40:00,2022,10,14,16,40,75,75116,AVENUE MARCEAU,48.868477,2.29887,Plein jour,En agglomération,Intersection en X,Normale,Deux véhicules - côté,4,-1,2,0,1,1,2,0,1,50,2,2,1,0,0,1,36.0,24.0,voiture,deux_roues,1,2,2,1,3
202200008005,2022-09-13 00:10:00,2022,9,13,0,10,92,92036,PRINCIPALE DU PORT (ROUTE) (1/17),48.9379496303,2.2786733508,Nuit avec éclairage allumé,En agglomération,Giratoire,Normale,Autre collision,3,2,4,0,1,1,1,0,1,50,2,2,1,0,0,1,32.0,56.0,deux_roues,deux_roues,5,2,6,1,6
202200008006,2022-10-15 00:10:00,2022,10,15,0,10,75,75115,RUE CAMBRONNE,48.846496,2.301854,Nuit avec éclairage allumé,En agglomération,Intersection en T,Pluie légère,Deux véhicules - côté,4,2,2,0,1,1,2,0,1,30,2,2,1,0,0,1,25.0,24.0,deux_roues,deux_roues,5,2,3,2,3
202200008007,2022-09-13 09:23:00,2022,9,13,9,23,92,92026,Général de Gaulle  ( avenue du ),48.9051903194,2.2558139562,Plein jour,En agglomération,Giratoire,Normale,Autre collision,3,3,4,3,1,1,1,0,1,50,1,2,1,0,0,1,54.0,,deux_roues,,1,2,6,1,6
202200008008,2022-10-15 11:25:00,2022,10,15,11,25,75,75114,RUE DE CHATILLON,48.827632,2.323032,Plein jour,En agglomération,Hors intersection,Normale,Deux véhicules - côté,4,2,2,0,1,1,2,0,1,30,2,2,1,0,0,1,40.0,60.0,deux_roues,voiture,1,2,1,1,3
202200008009,2022-09-12 23:09:00,2022,9,12,23,9,92,92024,MARTRE DE (4 A 54),48.90086,2.30804,Nuit avec éclairage allumé,En agglomération,Intersection en X,Pluie forte,Sans collision,3,1,3,1,1,1,2,0,5,50,2,3,2,0,0,1,46.0,41.0,utilitaire_camion,deux_roues,5,2,2,3,7
202200008010,2022-10-14 21:00:00,2022,10,14,21,0,75,75114,RUE D ALESIA,48.832226,2.312883,Nuit avec éclairage allumé,En agglomération,Intersection en T,Pluie légère,Autre collision,4,2,2,0,1,3,2,0,1,30,1,2,1,0,0,1,54.0,,utilitaire_camion,,5,2,3,2,6
202200008011,2022-09-13 19:05:00,2022,9,13,19,5,92,92012,EDOUARD VAILLANT (AVENUE) 57/FIN - 58/FI,48.8337821247,2.2439146042,Plein jour,En agglomération,Place,Normale,Deux véhicules - côté,3,3,4,0,1,1,1,0,1,50,2,2,1,0,0,1,23.0,28.0,voiture,deux_roues,1,2,7,1,3
202200008012,2022-09-13 00:53:00,2022,9,13,0,53,92,92004,AULAGNIER ( QUAI ),48.9173,2.31991,Nuit avec éclairage allumé,En agglomération,Hors intersection,Normale,Autre collision,3,2,0,0,1,1,1,0,1,50,1,1,0,0,0,1,36.0,,utilitaire_camion,,5,2,1,1,6
202200008013,2022-10-15 19:00:00,2022,10,15,19,0,75,75112,AVENUE DU DOCTEUR ARNOLD NETTER,48.840892,2.404706,Crépuscule ou aube,En agglomération,Intersection en X,Normale,Deux véhicules - côté,4,2,2,0,1,1,1,0,1,30,2,2,1,0,0,1,35.0,40.0,deux_roues,voiture,2,2,2,1,3
202200008014,2022-09-13 18:30:00,2022,9,13,18,30,08,08064,Rue de l Eglise,49.485716,4.386061,Plein jour,En agglomération,Intersection en Y,Normale,Deux véhicules - côté,4,2,2,0,2,1,1,9,1,50,2,2,1,0,0,1,18.0,16.0,voiture,deux_roues,1,2,4,1,3
202200008015,2022-10-15 11:25:00,2022,10,15,11,25,75,75112,AVENUE DU TREMBLAY,48.835838,2.453162,Plein jour,En agglomération,Intersection en X,Normale,Deux véhicules - côté,4,2,4,0,1,1,2,0,1,50,2,2,1,0,0,1,75.0,46.0,voiture,deux_roues,1,2,2,1,3
202200008016,2022-09-13 17:50:00,2022,9,13,17,50,31,31044,147 route de castres,43.586841,1.520823,Plein jour,En agglomération,Giratoire,Normale,Deux véhicules - frontale,7,2,2,3,1,1,1,0,1,50,2,2,1,0,1,0,24.0,18.0,voiture,deux_roues,1,2,6,1,1
202200008017,2022-10-15 03:05:00,2022,10,15,3,5,75,75111,BOULEVARD VOLTAIRE,48.863763,2.370111,Nuit avec éclairage allumé,En agglomération,Intersection en X,Pluie légère,Deux véhicules - arrière,4,2,4,0,1,1,2,0,1,50,2,3,1,0,0,2,51.0,24.0,voiture,deux_roues,5,2,2,2,2
202200008018,2022-09-14 06:22:00,2022,9,14,6,22,31,31003,Route de la Saune,43.559714,1.590689,Crépuscule ou aube,Hors agglomération,Hors intersection,Normale,Autre collision,7,2,2,0,1,1,2,0,3,80,1,5,1,0,2,2,27.0,,voiture,,2,1,1,1,6
202200008019,2022-10-15 15:45:00,2022,10,15,15,45,75,75107,AVENUE BOSQUET,48.861155,2.302381,Plein jour,En agglomération,Intersection en X,Temps couvert,Deux véhicules - côté,4,2,4,0,1,1,1,0,1,30,2,2,1,0,0,1,51.0,23.0,deux_roues,utilitaire_camion,1,2,2,8,3
202200008020,2022-10-15 15:24:00,2022,10,15,15,24,75,75107,PLACE DU PALAIS BOURBON,48.86039,2.318285,Plein jour,En agglomération,Place,Normale,Autre collision,4,1,1,0,1,2,1,0,1,30,1,1,0,0,0,1,71.0,,voiture,,1,2,7,1,6
202200008021,2022-09-13 17:50:00,2022,9,13,17,50,81,81273,25 Route de Toulouse,43.585439,2.168813,Plein jour,En agglomération,Autre intersection,Temps couvert,Trois véhicules et plus - collisions multiples,2,2,2,0,1,1,1,0,1,70,3,3,1,1,0,1,43.0,64.0,voiture,deux_roues,1,2,9,8,5
202200008022,2022-10-14 20:00:00,2022,10,14,20,0,75,75114,BOULEVARD RASPAIL,48.84059,2.330148,Nuit sans éclairage public,En agglomération,Intersection en T,Pluie légère,Sans collision,4,2,2,0,1,1,2,0,1,30,1,1,0,0,0,1,36.0,,deux_roues,,3,2,3,2,7
202200008023,2022-10-14 09:30:00,2022,10,14,9,30,75,75107,QUAI D ORSAY,48.862853,2.313468,Plein jour,En agglomération,Intersection en X,Pluie légère,Deux véhicules - côté,4,2,3,1,1,1,2,0,1,30,2,2,1,0,0,1,26.0,30.0,deux_roues,deux_roues,1,2,2,2,3
202200008024,2022-09-14 08:30:00,2022,9,14,8,30,10,10391,,48.373756,4.106591,Plein jour,Hors agglomération,Hors intersection,Normale,Deux véhicules - frontale,3,2,2,0,1,1,1,0,1,90,5,9,4,1,1,3,46.0,51.0,utilitaire_camion,utilitaire_camion,1,1,1,1,1
202200008025,2022-10-15 18:25:00,2022,10,15,18,25,75,75104,RUE DE RIVOLI,48.857194,2.352381,Crépuscule ou aube,En agglomération,Intersection en T,Normale,Autre collision,4,2,4,1,1,1,1,-1,5,30,1,1,0,0,0,1,73.0,,deux_roues,,2,2,3,1,6
202200008026,2022-09-14 09:15:00,2022,9,14,9,15,974,97422,Rue Georges Pompidou,-21.266478,55.524956,Plein jour,En agglomération,Intersection en T,Normale,Deux véhicules - côté,2,2,2,0,3,1,1,0,1,50,2,2,1,0,0,1,45.0,69.0,deux_roues,voiture,1,2,3,1,3
202200008027,2022-10-15 09:50:00,2022,10,15,9,50,94,94068,CHANZY (AV),48.79179,2.5133,Plein jour,En agglomération,Intersection en X,Pluie légère,Deux véhicules - côté,4,1,1,0,1,1,2,0,1,30,2,2,1,0,0,1,48.0,28.0,voiture,voiture,1,2,2,2,3
202200008028,2022-09-12 12:00:00,2022,9,12,12,0,972,97216,nationale 1,14.827701,-61.035748,Plein jour,Hors agglomération,Hors intersection,Normale,Deux véhicules - frontale,2,1,2,0,2,3,1,0,1,70,2,4,0,1,0,3,30.0,44.0,deux_roues,voiture,1,1,1,1,1
202200008029,2022-10-15 21:15:00,2022,10,15,21,15,94,94028,Avenue du Maréchal Foch,48.77248726,2.4398438825,Nuit avec éclairage allumé,En agglomération,Hors intersection,Normale,Trois véhicules et plus - en chaîne,2,3,4,0,1,1,1,0,1,50,3,3,0,0,0,3,25.0,46.0,voiture,voiture,5,2,1,1,4
202200008030,2022-09-10 18:20:00,2022,9,10,18,20,972,97231,rue des palmiers Anse Mitan,14.550521,-61.052109,Crépuscule ou aube,En agglomération,Giratoire,Normale,Autre collision,3,2,2,0,4,1,1,0,1,30,3,5,2,0,0,3,79.0,47.0,voiture,voiture,2,2,6,1,6
202200008031,2022-10-14 18:20:00,2022,10,14,18,20,77,77294,Route Périphérique S / D84,48.9912655978,2.5994880474,Plein jour,Hors agglomération,Intersection en Y,Pluie légère,Deux véhicules - côté,3,2,2,0,1,1,2,0,1,70,2,3,2,0,0,1,49.0,42.0,voiture,voiture,1,1,4,2,3
202200008032,2022-09-04 06:15:00,2022,9,4,6,15,28,28035,D29,48.379115,1.531391,Nuit sans éclairage public,Hors agglomération,Hors intersection,Normale,Sans collision,3,2,2,0,1,1,1,0,1,80,1,1,0,0,1,0,21.0,,voiture,,3,1,1,1,7
202200008033,2022-10-15 12:30:00,2022,10,15,12,30,93,93051,Boulevard du Ru de Nesles,48.83609,2.58273,Plein jour,En agglomération,Hors intersection,Temps couvert,Trois véhicules et plus - en chaîne,3,2,3,0,2,1,2,2,1,50,3,3,2,0,1,0,32.0,65.0,voiture,deux_roues,1,2,1,8,4
202200008034,2022-09-14 18:20:00,2022,9,14,18,20,12,12201,Saint Julien,44.497148,2.667511,Plein jour,Hors agglomération,Intersection en X,Normale,Deux véhicules - frontale,3,2,2,0,1,1,1,0,1,90,2,2,1,1,0,0,61.0,43.0,voiture,voiture,1,1,2,1,1
202200008035,2022-10-15 13:45:00,2022,10,15,13,45,93,93048,Place du Marché,48.85807,2.43354,Plein jour,En agglomération,Hors intersection,Temps couvert,Autre collision,4,1,1,0,1,1,2,9,1,30,1,2,1,0,0,1,22.0,,voiture,,1,2,1,8,6
202200008036,2022-09-13 15:50:00,2022,9,13,15,50,83,83036,292 Avenue de Saint-raphaël,43.181106,6.537218,Plein jour,En agglomération,Hors intersection,Normale,Sans collision,3,-1,1,0,1,1,1,0,8,50,1,1,0,0,1,0,68.0,,deux_roues,,1,2,1,1,7
202200008037,2022-09-13 17:10:00,2022,9,13,17,10,38,38400,rue de la Manche,45.339298,5.583453,Crépuscule ou aube,En agglomération,Hors intersection,Normale,Autre collision,3,2,2,0,1,1,1,0,1,50,1,2,1,0,1,0,59.0,,voiture,,2,2,1,1,6
202200008038,2022-10-15 12:30:00,2022,10,15,12,30,93,93047,Avenue des Charmilles / Avenue des Marguerites,48.89135,2.5489,Plein jour,En agglomération,Intersection en X,Pluie légère,Deux véhicules - côté,4,2,2,0,1,1,2,0,1,30,2,3,2,0,0,1,39.0,57.0,voiture,voiture,1,2,2,2,3
202200008039,2022-09-14 14:50:00,2022,9,14,14,50,44,44113,D771,47.591186,-1.593532,Plein jour,Hors agglomération,Hors intersection,Normale,Deux véhicules - frontale,3,2,2,0,1,1,1,0,1,80,2,4,2,0,2,0,19.0,68.0,utilitaire_camion,voiture,1,1,1,1,1
202200008040,2022-09-11 00:15:00,2022,9,11,0,15,22,22020,7 Rue du Levant,48.318346,-2.250422,Nuit avec éclairage non allumé,En agglomération,Hors intersection,Normale,Deux véhicules - côté,2,2,2,0,1,2,1,0,1,50,2,2,1,0,0,1,48.0,23.0,voiture,voiture,4,2,1,1,3
202200008041,2022-10-15 12:30:00,2022,10,15,12,30,92,92064,DAILLY,48.8443623612,2.2204521149,Plein jour,En agglomération,Hors intersection,Pluie légère,Trois véhicules et plus - collisions multiples,3,2,2,0,2,1,2,0,1,50,3,3,2,0,0,1,17.0,34.0,deux_roues,voiture,1,2,1,2,5
202200008042,2022-09-14 19:05:00,2022,9,14,19,5,30,30127,D310,44.085403,4.573388,Crépuscule ou aube,En agglomération,Hors intersection,Temps couvert,Autre collision,3,2,2,0,1,1,1,0,1,50,1,1,0,0,1,0,21.0,,utilitaire_camion,,2,2,1,8,6
202200008043,2022-10-14 11:50:00,2022,10,14,11,50,92,92063,HUIT MAI 1945 (PLACE DU),48.8715521152,2.203371942,Plein jour,En agglomération,Giratoire,Pluie légère,Deux véhicules - côté,4,1,1,0,1,3,2,0,1,50,2,2,1,0,0,1,56.0,20.0,voiture,deux_roues,1,2,6,2,3
202200008044,2022-09-13 14:00:00,2022,9,13,14,0,30,30117,Route departementale 6113,43.706366,4.559647,Plein jour,Hors agglomération,Intersection en T,Normale,Deux véhicules - arrière,3,2,2,0,1,1,1,0,1,80,2,2,1,0,0,1,52.0,58.0,utilitaire_camion,utilitaire_camion,1,1,3,1,2
202200008045,2022-10-15 17:15:00,2022,10,15,17,15,92,92050,COUCHANT BOULEVARD DU,48.89442,2.19406,Plein jour,En agglomération,Intersection en X,Normale,Autre collision,3,2,1,0,1,2,1,0,1,50,1,2,1,0,1,0,50.0,,voiture,,1,2,2,1,6
202200008046,2022-09-14 13:55:00,2022,9,14,13,55,57,57038,21 Rue de la Moselle,49.472454,5.935155,Plein jour,En agglomération,Hors intersection,Normale,Autre collision,4,2,2,0,3,1,1,0,1,30,1,2,1,0,1,0,80.0,,voiture,,1,2,1,1,6
202200008047,2022-10-15 13:25:00,2022,10,15,13,25,92,92050,REPUBLIQUE AVENUE DE LA,48.90955,2.21734,Plein jour,En agglomération,Hors intersection,Normale,Autre collision,3,2,2,0,1,1,2,0,1,50,1,2,1,0,0,1,38.0,,voiture,,1,2,1,1,6
202200008048,2022-08-09 12:35:00,2022,8,9,12,35,62,62759,D341,50.651739,1.88885,Plein jour,Hors agglomération,Hors intersection,Normale,Autre collision,3,2,2,0,1,1,1,0,8,80,1,1,0,0,1,0,41.0,,voiture,,1,1,1,1,6
202200008049,2022-10-04 15:50:00,2022,10,4,15,50,92,92040,VICTOR CRESSON (AVENUE) DU 01 AU 27,48.8237506632,2.2721759677,Plein jour,En agglomération,Hors intersection,Normale,Autre collision,3,1,2,0,1,1,1,0,1,30,1,2,1,0,0,1,83.0,,voiture,,1,2,1,1,6
202200008050,2022-09-14 18:10:00,2022,9,14,18,10,74,74256,Avenue de geneve,45.967483,6.630163,Plein jour,Hors agglomération,Hors intersection,Normale,Sans collision,3,2,2,0,1,1,1,0,3,80,1,1,0,1,0,0,61.0,,deux_roues,,1,1,1,1,7
202200008051,2022-09-12 23:00:00,2022,9,12,23,0,74,74085,Route de notre-dame de la gorge,45.809613,6.72816,Nuit avec éclairage non allumé,En agglomération,Autre intersection,Normale,Autre collision,3,2,2,0,1,2,1,0,3,50,1,1,0,1,0,0,29.0,,voiture,,4,2,9,1,6
202200008052,2022-10-15 05:10:00,2022,10,15,5,10,92,92040,GENERAL LECLERC (DU) DU 32 A 62,48.826908,2.279172,Nuit avec éclairage allumé,En agglomération,Intersection en X,Pluie légère,Deux véhicules - côté,3,1,0,0,1,1,2,5,1,30,2,5,3,0,0,2,19.0,19.0,deux_roues,voiture,5,2,2,2,3
202200008053,2022-09-10 02:30:00,2022,9,10,2,30,74,74088,Route de cruseilles,46.046188,6.085268,Nuit sans éclairage public,Hors agglomération,Intersection en T,Normale,Deux véhicules - frontale,4,2,2,0,2,1,1,0,1,80,2,2,1,0,1,0,30.0,17.0,voiture,deux_roues,3,1,3,1,1
202200008054,2022-10-15 21:29:00,2022,10,15,21,29,92,92026,PAUL DOUMER,48.893580269,2.2603667378,Nuit avec éclairage allumé,En agglomération,Hors intersection,Normale,Deux véhicules - arrière,3,1,0,0,1,1,1,1,1,50,2,2,1,0,0,1,27.0,19.0,utilitaire_camion,utilitaire_camion,5,2,1,1,2
202200008055,2022-09-14 11:15:00,2022,9,14,11,15,74,74282,D1203,46.04004,6.247058,Plein jour,Hors agglomération,Hors intersection,Temps couvert,Deux véhicules - côté,3,2,2,0,3,2,2,0,1,80,2,5,1,2,0,2,33.0,43.0,voiture,voiture,1,1,1,8,3
202200008056,2022-10-15 11:35:00,2022,10,15,11,35,92,92007,BRIAND (AVENUE ARISTIDE) N° 100 A 160,48.799206,2.322831,Plein jour,En agglomération,Intersection en T,Normale,Autre collision,3,1,4,1,1,1,2,0,1,50,2,3,2,0,0,1,47.0,33.0,voiture,deux_roues,1,2,3,1,6
202200008057,2022-09-13 15:42:00,2022,9,13,15,42,69,69165,Route de Saint Vincent,46.124337,4.63383,Plein jour,En agglomération,Intersection en T,Normale,Deux véhicules - côté,3,2,2,0,2,1,1,5,1,50,2,3,1,0,1,1,26.0,56.0,voiture,voiture,1,2,3,1,3
202200008058,2022-10-16 07:15:00,2022,10,16,7,15,09,09202,RD 919 - PK 30,43.077375,1.479228,Nuit sans éclairage public,Hors agglomération,Hors intersection,Normale,Autre collision,3,2,2,0,1,1,1,0,1,80,1,1,0,0,1,0,42.0,,deux_roues,,3,1,1,1,6
202200008059,2022-10-15 06:10:00,2022,10,15,6,10,84,84043,D942,43.992992,4.913592,Nuit sans éclairage public,Hors agglomération,Hors intersection,Normale,Deux véhicules - frontale,3,2,2,0,2,3,1,3,1,90,2,2,1,0,0,1,29.0,28.0,voiture,voiture,3,1,1,1,1
202200008060,2022-09-06 14:15:00,2022,9,6,14,15,32,32119,Avenue de Gounon,43.860293,0.09899,Plein jour,En agglomération,Intersection en X,Normale,Deux véhicules - côté,3,1,1,0,1,1,1,0,1,50,2,2,1,0,0,1,80.0,25.0,voiture,utilitaire_camion,1,2,2,1,3
202200008061,2022-09-14 14:40:00,2022,9,14,14,40,44,44129,7 Rue la Chere Soeur St Colomban,47.436455,-2.086217,Plein jour,En agglomération,Hors intersection,Normale,Sans collision,4,1,1,0,1,1,1,0,4,30,1,1,0,1,0,0,17.0,,deux_roues,,1,2,1,1,7
202200008062,2022-10-16 00:40:00,2022,10,16,0,40,84,84027,Route Départementale 237,44.107895,4.727232,Nuit sans éclairage public,Hors agglomération,Hors intersection,Normale,Autre collision,3,2,2,0,1,4,1,0,3,80,1,3,0,0,0,3,17.0,,voiture,,3,1,1,1,6
202200008063,2022-09-14 16:50:00,2022,9,14,16,50,02,02514,D2,49.389273,3.115311,Plein jour,Hors agglomération,Hors intersection,Pluie forte,Trois véhicules et plus - collisions multiples,3,2,2,0,2,4,2,0,1,80,3,3,0,0,0,3,19.0,31.0,voiture,voiture,1,1,1,3,5
202200008064,2022-09-14 00:22:00,2022,9,14,0,22,02,02816,73 Rue Saint Denis,49.176594,3.533365,Nuit sans éclairage public,En agglomération,Hors intersection,Pluie légère,Autre collision,3,2,2,0,2,2,2,0,1,50,1,1,0,0,0,1,26.0,,voiture,,3,2,1,2,6
202200008065,2022-10-15 23:00:00,2022,10,15,23,0,63,63349,D19,45.940788,2.839279,Nuit avec éclairage allumé,En agglomération,Intersection en X,Normale,Deux véhicules - arrière,3,2,2,0,1,1,1,5,1,50,2,3,2,0,0,1,25.0,34.0,voiture,voiture,5,2,2,1,2
202200008066,2022-09-13 18:45:00,2022,9,13,18,45,01,01199,Route de la Combe,46.045145,5.418304,Plein jour,Hors agglomération,Hors intersection,Normale,Deux véhicules - frontale,4,2,2,0,1,2,1,0,1,80,2,2,1,0,1,0,17.0,47.0,deux_roues,utilitaire_camion,1,1,1,1,1
202200008067,2022-10-15 21:05:00,2022,10,15,21,5,29,29075,N12,48.4456197357,-4.3967511608,Nuit sans éclairage public,Hors agglomération,Hors intersection,Temps couvert,Deux véhicules - arrière,2,3,4,0,1,1,2,0,1,110,2,3,1,0,0,2,60.0,44.0,voiture,voiture,3,1,1,8,2
202200008068,2022-09-14 18:45:00,2022,9,14,18,45,72,72333,Rue du Gue Hubert,48.021617,0.649352,Crépuscule ou aube,En agglomération,Hors intersection,Normale,Autre collision,3,2,2,0,2,1,2,0,1,50,1,2,0,0,1,1,18.0,,deux_roues,,2,2,1,1,6
202200008069,2022-09-13 12:35:00,2022,9,13,12,35,72,72023,Rue Simone Veil,48.1759,0.238878,Plein jour,En agglomération,Hors intersection,Normale,Autre collision,4,-1,1,0,1,1,1,0,1,-1,1,2,1,0,0,1,23.0,,utilitaire_camion,,1,2,1,1,6
202200008070,2022-10-15 17:00:00,2022,10,15,17,0,51,51508,D12,48.595116,4.411955,Plein jour,Hors agglomération,Hors intersection,Pluie légère,Sans collision,3,2,1,0,2,1,2,0,8,80,1,5,1,0,2,2,22.0,,voiture,,1,1,1,2,7
202200008071,2022-10-16 00:55:00,2022,10,16,0,55,56,56206,Giratoire de Catric,47.688399,-2.7511525,Nuit sans éclairage public,Hors agglomération,Giratoire,Temps couvert,Autre collision,3,1,1,0,1,2,2,5,3,80,1,1,0,0,1,0,64.0,,deux_roues,,3,1,6,8,6
202200008072,2022-09-14 10:35:00,2022,9,14,10,35,72,72073,Le pré de la groie d'en haut,48.024182,0.065599,Plein jour,Hors agglomération,Hors intersection,Normale,Deux véhicules - arrière,3,2,2,0,2,1,1,0,1,90,2,3,1,0,1,1,21.0,31.0,voiture,voiture,1,1,1,1,2
202200008073,2022-07-18 13:00:00,2022,7,18,13,0,49,49109,D960,47.128316,-0.630544,Plein jour,Hors agglomération,Hors intersection,Temps éblouissant,Deux véhicules - frontale,3,2,2,0,1,1,1,0,3,90,2,3,0,0,2,1,31.0,55.0,voiture,utilitaire_camion,1,1,1,7,1
202200008074,2022-10-15 19:38:00,2022,10,15,19,38,39,39434,,46.848263,5.6974732,Nuit avec éclairage allumé,En agglomération,Hors intersection,Normale,Autre collision,3,2,2,0,1,1,1,0,1,50,1,2,1,0,1,0,27.0,,voiture,,5,2,1,1,6
202200008075,2022-09-14 20:20:00,2022,9,14,20,20,83,83149,1560 Route de Salernes,43.573991,6.263737,Nuit sans éclairage public,Hors agglomération,Autre intersection,Normale,Deux véhicules - frontale,3,2,2,0,1,1,1,0,1,80,2,3,2,0,1,0,17.0,62.0,deux_roues,voiture,3,1,9,1,1
202200008076,2022-09-14 13:00:00,2022,9,14,13,0,60,60486,Rue de la Libération,49.665628,2.319805,Plein jour,En agglomération,Intersection en T,Temps couvert,Deux véhicules - côté,3,2,2,0,2,2,2,0,1,50,2,2,0,0,1,1,37.0,11.0,voiture,deux_roues,1,2,3,8,3
202200008077,2022-10-15 09:10:00,2022,10,15,9,10,44,44128,9 le Pellerin,47.54918,-1.947598,Plein jour,Hors agglomération,Intersection en T,Temps couvert,Deux véhicules - côté,3,2,2,0,1,1,2,0,1,80,2,4,1,0,1,2,61.0,31.0,voiture,voiture,1,1,3,8,3
202200008078,2022-09-09 17:30:00,2022,9,9,17,30,18,18153,,46.699724,2.299637,Plein jour,Hors agglomération,Hors intersection,Normale,Deux véhicules - frontale,3,2,2,0,2,1,1,0,3,80,2,2,1,0,1,0,57.0,56.0,voiture,voiture,1,1,1,1,1
202200008079,2022-10-16 20:30:00,2022,10,16,20,30,29,29010,D30,48.520826,-4.113854,Nuit sans éclairage public,Hors agglomération,Hors intersection,Normale,Deux véhicules - frontale,3,2,2,0,2,1,2,0,1,70,2,3,0,0,0,3,19.0,28.0,voiture,voiture,3,1,1,1,1
202200008080,2022-09-14 05:10:00,2022,9,14,5,10,53,53137,La Luannière,48.070846,-0.936922,Nuit sans éclairage public,Hors agglomération,Hors intersection,Pluie légère,Deux véhicules - frontale,3,2,2,0,3,1,2,0,1,80,2,2,1,0,0,1,44.0,25.0,voiture,utilitaire_camion,3,1,1,2,1
202200008081,2022-10-15 10:45:00,2022,10,15,10,45,84,84002,"RD 56, pk5",43.726638,5.493958,Plein jour,Hors agglomération,Hors intersection,Normale,Deux véhicules - arrière,3,2,2,0,4,1,1,0,1,80,2,2,1,1,0,0,47.0,79.0,deux_roues,voiture,1,1,1,1,2
202200008082,2022-09-12 18:00:00,2022,9,12,18,0,40,40321,D2,43.644849,-0.438573,Plein jour,Hors agglomération,Hors intersection,Normale,Sans collision,3,2,2,0,3,1,1,0,1,80,1,1,0,0,0,1,56.0,,deux_roues,,1,1,1,1,7
202200008083,2022-10-15 23:45:00,2022,10,15,23,45,54,54097,route départementale 180,48.528322124,6.922373771,Nuit sans éclairage public,Hors agglomération,Hors intersection,Normale,Autre collision,3,2,2,0,2,2,2,0,3,80,1,1,0,0,1,0,15.0,,deux_roues,,3,1,1,1,6
202200008084,2022-09-13 18:00:00,2022,9,13,18,0,85,85244,VC route de puy sec,46.432252,-0.748808,Plein jour,En agglomération,Giratoire,Normale,Deux véhicules - côté,4,2,2,0,1,1,1,9,8,50,2,2,1,0,1,0,29.0,15.0,voiture,deux_roues,1,2,6,1,3
202200008085,2022-09-13 12:55:00,2022,9,13,12,55,37,37218,8 Rue de l'Eglise,46.967771,1.027321,Plein jour,En agglomération,Hors intersection,Normale,Autre collision,3,-1,2,0,2,1,1,0,4,50,1,1,0,0,1,0,,,,,1,2,1,1,6
202200008086,2022-10-16 10:30:00,2022,10,16,10,30,50,50403,D650,49.167479,-1.589434,Plein jour,Hors agglomération,Giratoire,Normale,Deux véhicules - côté,3,2,2,0,1,2,1,5,1,80,2,2,1,0,1,0,59.0,49.0,deux_roues,voiture,1,1,6,1,3
202200008087,2022-09-13 20:00:00,2022,9,13,20,0,48,48016,D31,44.459331,3.452303,Nuit sans éclairage public,Hors agglomération,Intersection en X,Normale,Deux véhicules - côté,3,2,2,0,3,4,1,0,1,90,2,2,1,0,1,0,39.0,38.0,voiture,utilitaire_camion,3,1,2,1,3
202200008088,2022-10-01 10:30:00,2022,10,1,10,30,45,45098,91 Rue du Maréchal Foch,47.820076,1.754628,Plein jour,En agglomération,Intersection en T,Pluie légère,Autre collision,3,2,2,0,1,1,2,0,4,50,1,1,0,0,1,0,77.0,,voiture,,1,2,3,2,6
202200008089,2022-09-13 10:15:00,2022,9,13,10,15,88,88082,D392a,48.472925,6.976066,Plein jour,Hors agglomération,Autre intersection,Normale,Deux véhicules - côté,3,2,2,0,1,3,1,0,1,80,2,2,1,0,1,0,46.0,68.0,voiture,deux_roues,1,1,9,1,3
202200008090,2022-10-16 00:10:00,2022,10,16,0,10,73,73283,D1090,45.619726,6.306882,Nuit sans éclairage public,Hors agglomération,Hors intersection,Normale,Autre collision,3,2,2,0,1,1,1,0,3,80,1,1,0,0,1,0,25.0,,voiture,,3,1,1,1,6
202200008091,2022-10-14 18:15:00,2022,10,14,18,15,07,07291,Route de Gras,44.40962,4.515767,Plein jour,Hors agglomération,Hors intersection,Normale,Deux véhicules - frontale,3,2,2,0,2,2,9,0,1,90,2,2,1,0,1,0,18.0,57.0,voiture,deux_roues,1,1,1,1,1
202200008092,2022-09-02 09:00:00,2022,9,2,9,0,49,49092,RD 756,47.210849,-0.808471,Plein jour,Hors agglomération,Intersection en X,Normale,Deux véhicules - arrière,3,2,2,0,1,1,1,0,1,-1,2,2,1,0,0,1,44.0,31.0,voiture,voiture,1,1,2,1,2
202200008093,2022-10-16 11:10:00,2022,10,16,11,10,21,21527,RD 906,46.946307,4.669796,Plein jour,Hors agglomération,Hors intersection,Normale,Autre collision,4,-1,1,0,2,1,1,9,8,-1,1,1,0,0,1,0,87.0,,voiture,,1,1,1,1,6