accident_id,datetime,annee,mois,jour,heure,minute,departement,commune_insee,adresse,latitude,longitude,luminosite,agglomeration,intersection,meteo,collision,catr,circ,nbv,vosp,prof,plan,surf,infra,situ,vma,nb_vehicules,nb_usagers,nb_indemnes,nb_tues,nb_blesses_hosp,nb_blesses_legers,age_cond_1,age_cond_2,veh_type_cond_1,veh_type_cond_2,lum_code,agg_code,int_code,atm_code,col_code
202200008185,2022-06-30 11:15:00,2022,6,30,11,15,973,97302,RABAN (ROUTE DE),4.93595,-52.31477,Plein jour,En agglomération,Hors intersection,Normale,Deux véhicules - côté,4,2,2,0,1,1,1,0,1,50,2,2,1,0,0,1,42.0,27.0,deux_roues,voiture,1,2,1,1,3
202200008186,2022-10-14 14:45:00,2022,10,14,14,45,973,97302,DE GAULLE (AVENUE),4.93959,-52.32848,Plein jour,En agglomération,Intersection en X,Normale,Deux véhicules - côté,4,-1,2,0,1,1,1,0,1,50,2,2,1,0,0,1,53.0,18.0,voiture,deux_roues,1,2,2,1,3
202200008187,2022-06-30 08:20:00,2022,6,30,8,20,973,97302,MONTABO (ROUTE DE) 3,4.943922986,-52.308190763,Plein jour,En agglomération,Intersection en T,Normale,Deux véhicules - côté,3,2,2,2,1,1,1,0,1,50,2,3,1,0,0,2,33.0,26.0,voiture,deux_roues,1,2,3,1,3
202200008188,2022-07-01 18:40:00,2022,7,1,18,40,69,69386,Cours Vitton,45.76949,4.85238,Plein jour,En agglomération,Intersection en T,Normale,Autre collision,4,1,2,2,1,1,1,0,1,30,1,2,1,0,1,0,39.0,,utilitaire_camion,,1,2,3,1,6
202200008189,2022-10-14 15:35:00,2022,10,14,15,35,973,97302,MANDELA  (BOULEVARD),4.9419459783,-52.3271204531,Plein jour,En agglomération,Intersection en X,Normale,Deux véhicules - côté,4,2,2,0,1,1,1,0,1,50,2,2,1,0,0,1,67.0,76.0,voiture,voiture,1,2,2,1,3
202200008190,2022-07-01 16:50:00,2022,7,1,16,50,69,69383,Rue Jeanne d'Arc,45.75037,4.88427,Plein jour,En agglomération,Intersection en X,Normale,Deux véhicules - côté,4,1,1,0,1,1,1,0,1,30,2,3,1,0,0,2,45.0,49.0,utilitaire_camion,deux_roues,1,2,2,1,3
202200008191,2022-07-01 13:40:00,2022,7,1,13,40,69,69382,Quai Jules Courmont,45.76207,4.83831,Plein jour,En agglomération,Hors intersection,Normale,Autre collision,4,2,6,3,1,1,1,0,1,50,1,2,1,0,0,1,54.0,,voiture,,1,2,1,1,6
202200008192,2022-07-01 15:00:00,2022,7,1,15,0,971,97113,GENERAL DE GAULLE (AVENUE),16.2059039006,-61.489802599,Plein jour,En agglomération,Hors intersection,Pluie légère,Autre collision,3,2,2,0,1,1,2,0,1,50,1,1,0,0,1,0,50.0,,voiture,,1,2,1,2,6
202200008193,2022-10-13 08:30:00,2022,10,13,8,30,973,97302,DIGUE RONJON,4.93304,-52.3328,Plein jour,En agglomération,Intersection en X,Normale,Deux véhicules - côté,4,2,2,0,1,1,1,0,1,50,2,3,1,0,0,2,43.0,25.0,deux_roues,utilitaire_camion,1,2,2,1,3
202200008194,2022-06-30 17:05:00,2022,6,30,17,5,971,97120,CHANZY (BOULEVARD),16.24115,-61.53638,Plein jour,En agglomération,Intersection en T,Normale,Deux véhicules - côté,3,2,4,0,1,1,1,0,1,50,2,2,1,0,0,1,65.0,23.0,voiture,deux_roues,1,2,3,1,3
202200008195,2022-10-13 18:05:00,2022,10,13,18,5,973,97302,MONTABO (ROUTE DE) 1,4.9428,-52.306,Crépuscule ou aube,En agglomération,Intersection en T,Pluie légère,Deux véhicules - côté,3,2,2,0,1,1,2,0,1,50,2,3,2,0,0,1,47.0,40.0,deux_roues,voiture,2,2,3,2,3
202200008196,2022-07-01 16:41:00,2022,7,1,16,41,2A,2A004,MEZZAVIA ROUTE DE,41.94788,8.76446,Plein jour,Hors agglomération,Autre intersection,Normale,Deux véhicules - côté,2,2,2,0,1,1,1,0,1,50,2,5,3,0,0,2,55.0,25.0,deux_roues,voiture,1,1,9,1,3
202200008197,2022-07-01 14:57:00,2022,7,1,14,57,2A,2A004,T20,41.93453,8.80278,Plein jour,Hors agglomération,Hors intersection,Normale,Deux véhicules - côté,2,2,1,0,1,1,1,0,1,70,2,2,1,0,1,0,39.0,22.0,deux_roues,utilitaire_camion,1,1,1,1,3
202200008198,2022-10-13 11:12:00,2022,10,13,11,12,973,97302,RABAN (ROUTE DE),4.9259537778,-52.3133338988,Plein jour,En agglomération,Hors intersection,Normale,Deux véhicules - côté,4,2,2,0,1,1,1,0,1,50,2,3,2,0,0,1,60.0,36.0,utilitaire_camion,deux_roues,1,2,1,1,3
202200008199,2022-07-01 17:28:00,2022,7,1,17,28,95,95268,RD 84A,48.95952,2.40585,Plein jour,Hors agglomération,Hors intersection,Normale,Deux véhicules - frontale,3,2,2,0,1,3,1,0,1,70,2,2,1,1,0,0,37.0,34.0,voiture,deux_roues,1,1,1,1,1
202200008200,2022-06-30 18:00:00,2022,6,30,18,0,95,95288,RD 301,48.98604,2.36115,Plein jour,Hors agglomération,Hors intersection,Normale,Deux véhicules - arrière,3,2,4,0,4,1,1,0,1,50,2,2,1,0,0,1,42.0,25.0,deux_roues,voiture,1,1,1,1,2
202200008201,2022-06-26 00:10:00,2022,6,26,0,10,90,90010,VOLTAIRE (RUE),47.644,6.85,Nuit avec éclairage allumé,En agglomération,Hors intersection,Normale,Deux véhicules - côté,4,2,2,0,1,1,1,0,1,50,1,1,0,0,0,1,62.0,,voiture,,5,2,1,1,3
202200008202,2022-10-14 06:50:00,2022,10,14,6,50,69,69386,Avenue de Grande-Bretagne,45.77673,4.84401,Nuit avec éclairage allumé,En agglomération,Intersection en T,Pluie légère,Sans collision,4,2,4,1,1,1,2,0,1,30,2,2,1,0,0,1,42.0,39.0,deux_roues,deux_roues,5,2,3,2,7
202200008203,2022-06-30 08:49:00,2022,6,30,8,49,87,87085,SCHUMAN (BOULEVARD ROBERT),45.85986,1.27242,Plein jour,Hors agglomération,Hors intersection,Pluie forte,Trois véhicules et plus - en chaîne,4,1,1,0,1,1,2,5,1,50,3,3,1,0,0,2,48.0,53.0,voiture,voiture,1,1,1,3,4
202200008204,2022-10-14 14:30:00,2022,10,14,14,30,972,97213,ROUTE DEPARTEMENTALE 15 A,14.61096,-61.00143,Plein jour,Hors agglomération,Intersection en X,Normale,Autre collision,3,2,2,0,1,1,1,0,1,50,1,2,1,0,0,1,57.0,,voiture,,1,1,2,1,6
202200008205,2022-06-30 14:31:00,2022,6,30,14,31,87,87085,FERRY (RUE JULES),45.8273,1.23956,Plein jour,En agglomération,Hors intersection,Pluie forte,Autre collision,4,1,1,0,1,1,2,0,1,30,1,2,1,0,0,1,77.0,,voiture,,1,2,1,3,6
202200008206,2022-06-29 11:22:00,2022,6,29,11,22,87,87085,AUTOROUTE A20,45.8375,1.28273,Plein jour,En agglomération,Hors intersection,Normale,Deux véhicules - côté,1,3,5,0,1,3,1,0,1,90,2,2,1,0,0,1,,41.0,voiture,deux_roues,1,2,1,1,3
202200008207,2022-10-13 10:20:00,2022,10,13,10,20,972,97213,ROUTE NATIONALE 1,14.617092,-61.008161,Plein jour,En agglomération,Hors intersection,Normale,Deux véhicules - arrière,2,2,0,0,1,1,1,0,1,70,2,3,0,0,0,3,78.0,50.0,voiture,voiture,1,2,1,1,2
202200008208,2022-06-30 14:25:00,2022,6,30,14,25,87,87085,GUERIN (RUE CAMILLE),45.82085,1.23037,Plein jour,En agglomération,Hors intersection,Pluie forte,Sans collision,4,2,2,0,1,1,2,0,1,50,1,1,0,0,0,1,22.0,,deux_roues,,1,2,1,3,7
202200008209,2022-10-14 08:59:00,2022,10,14,8,59,2B,2B033,PAOLI DU NR 1 A 20 - BLD,42.69778,9.44916,Plein jour,En agglomération,Hors intersection,Normale,Deux véhicules - arrière,4,2,2,0,2,1,1,0,1,50,2,2,1,0,0,1,54.0,26.0,deux_roues,voiture,1,2,1,1,2
202200008210,2022-07-01 18:03:00,2022,7,1,18,3,86,86194,Boulevard Pont Achard,46.577652,0.3311938,Plein jour,En agglomération,Hors intersection,Normale,Autre collision,4,2,4,3,2,1,1,0,1,50,1,2,1,0,0,1,20.0,,voiture,,1,2,1,1,6
202200008211,2022-04-01 09:35:00,2022,4,1,9,35,84,84087,ARTAUD (AVENUE ANTOINE),44.141482,4.805167,Plein jour,En agglomération,Intersection en T,Temps couvert,Autre collision,2,2,2,0,1,2,2,0,1,50,1,2,1,0,0,1,60.0,,voiture,,1,2,3,8,6
202200008212,2022-10-13 20:25:00,2022,10,13,20,25,971,97109,BOUGAINVILIERS (CHEMINS DES),15.9959301915,-61.7083221674,Nuit avec éclairage allumé,En agglomération,Hors intersection,Normale,Trois véhicules et plus - collisions multiples,4,2,1,0,2,3,1,0,1,50,3,3,0,0,0,2,,71.0,voiture,voiture,5,2,1,1,5
202200008213,2022-06-24 17:40:00,2022,6,24,17,40,84,84007,CARDINAL BERTRAND (Cours)-MONTFAVET,43.93288,4.8727,Plein jour,En agglomération,Hors intersection,Normale,Deux véhicules - côté,4,2,2,0,1,1,1,2,1,50,2,2,0,0,2,0,34.0,58.0,voiture,voiture,1,2,1,1,3
202200008214,2022-05-03 14:25:00,2022,5,3,14,25,81,81065,166 Rue Marcel Briguiboul,43.59286,2.2322194,Plein jour,En agglomération,Hors intersection,Normale,Deux véhicules - côté,4,2,2,0,1,1,1,0,1,50,2,2,1,0,0,1,62.0,53.0,deux_roues,voiture,1,2,1,1,3
202200008215,2022-10-14 21:15:00,2022,10,14,21,15,91,91377,AV CARNOT,48.72889,2.26689,Nuit avec éclairage allumé,En agglomération,Intersection en T,Pluie légère,Deux véhicules - frontale,4,1,2,0,1,1,2,0,1,30,2,2,1,0,0,1,32.0,36.0,transport_commun,voiture,5,2,3,2,1
202200008216,2022-10-14 08:30:00,2022,10,14,8,30,91,91286,MERIDIEN (QUARTIER DU),48.65629,2.37582,Plein jour,En agglomération,Hors intersection,Temps couvert,Autre collision,4,2,2,0,1,1,2,0,1,30,1,2,1,0,0,1,33.0,,voiture,,1,2,1,8,6
202200008217,2022-10-14 08:00:00,2022,10,14,8,0,91,91027,AV JULES VALLES,48.69996,2.37578,Nuit sans éclairage public,En agglomération,Hors intersection,Pluie légère,Autre collision,3,2,2,0,2,1,2,0,8,50,1,2,1,0,0,1,43.0,,deux_roues,,3,2,1,2,6
202200008218,2022-06-29 16:13:00,2022,6,29,16,13,77,77114,D471 / D216,48.73475,2.70094,Plein jour,Hors agglomération,Intersection en X,Normale,Deux véhicules - côté,3,2,3,0,2,1,1,0,1,70,2,2,1,1,0,0,45.0,50.0,voiture,deux_roues,1,1,2,1,3
202200008219,2022-10-13 17:56:00,2022,10,13,17,56,87,87085,VANTEAUX (BOULEVARD DE),45.82063,1.23125,Plein jour,En agglomération,Hors intersection,Pluie légère,Deux véhicules - côté,4,3,4,0,1,1,2,0,1,50,2,2,1,0,0,1,55.0,19.0,voiture,deux_roues,1,2,1,2,3
202200008220,2022-07-01 05:25:00,2022,7,1,5,25,77,77186,D607,48.40773,2.68688,Crépuscule ou aube,Hors agglomération,Intersection à plus de 4 branches,Normale,Autre collision,3,3,6,0,1,2,2,5,1,50,4,5,2,0,0,3,30.0,59.0,voiture,voiture,2,1,5,1,6
202200008221,2022-09-08 08:30:00,2022,9,8,8,30,84,84007,MORIERES (Route de ),43.951,4.849,Plein jour,En agglomération,Autre intersection,Temps éblouissant,Deux véhicules - arrière,4,2,3,0,1,1,1,5,1,50,2,2,1,0,1,0,78.0,51.0,voiture,deux_roues,1,2,9,7,2
202200008222,2022-07-01 10:30:00,2022,7,1,10,30,76,76319,Avenue de Caen,49.3433626554,0.9767818451,Plein jour,Hors agglomération,Hors intersection,Normale,Deux véhicules - arrière,4,2,2,0,1,1,1,8,1,50,2,3,1,0,0,2,32.0,36.0,voiture,voiture,1,1,1,1,2
202200008223,2022-10-14 07:21:00,2022,10,14,7,21,83,83069,PALYVESTRE (CHEMIN DU),43.10081,6.13896,Crépuscule ou aube,En agglomération,Hors intersection,Normale,Deux véhicules - côté,4,2,2,0,2,2,2,0,2,50,2,2,1,1,0,0,59.0,20.0,deux_roues,voiture,2,2,1,1,3
202200008224,2022-05-09 01:00:00,2022,5,9,1,0,76,76351,FREDERIC BELLANGER,49.49546,0.09952,Nuit avec éclairage allumé,En agglomération,Intersection en X,Normale,Deux véhicules - côté,4,2,2,0,1,1,1,0,1,50,2,2,1,0,0,1,30.0,,deux_roues,voiture,5,2,2,1,3
202200008225,2022-07-01 23:15:00,2022,7,1,23,15,74,74012,GENEVE (RUE DE),46.19295,6.23259,Nuit avec éclairage allumé,En agglomération,Giratoire,Normale,Deux véhicules - côté,4,-1,1,0,1,1,1,9,1,50,2,2,1,0,0,1,,27.0,voiture,deux_roues,5,2,6,1,3
202200008226,2022-10-14 19:45:00,2022,10,14,19,45,81,81065,SICARD (BD.DES DOCTEURS),43.60809,2.24019,Crépuscule ou aube,En agglomération,Hors intersection,Temps couvert,Deux véhicules - côté,4,1,2,0,1,1,1,0,1,50,2,2,1,0,0,1,16.0,68.0,deux_roues,voiture,2,2,1,8,3
202200008227,2022-07-02 02:15:00,2022,7,2,2,15,72,72181,ARCOLE (RUE D') N° IMP,48.00067,0.19224,Nuit avec éclairage allumé,En agglomération,Intersection en T,Normale,Deux véhicules - frontale,4,3,2,0,2,1,1,0,1,50,2,2,1,0,0,1,23.0,24.0,utilitaire_camion,deux_roues,5,2,3,1,1
202200008228,2022-07-01 04:30:00,2022,7,1,4,30,72,72181,SABLE (RTE DE ),47.983723,0.153562,Nuit avec éclairage allumé,En agglomération,Hors intersection,Normale,Autre collision,4,2,2,0,2,3,1,0,4,50,1,1,0,1,0,0,26.0,,voiture,,5,2,1,1,6
202200008229,2022-06-30 09:30:00,2022,6,30,9,30,72,72181,BROSSOLETTE PIERRE (BD) N° IMP,47.97874,0.2056,Plein jour,En agglomération,Hors intersection,Normale,Sans collision,4,-1,2,0,1,1,1,0,1,50,1,1,0,0,0,1,46.0,,deux_roues,,1,2,1,1,7
202200008230,2022-10-11 15:50:00,2022,10,11,15,50,78,78498,HUGO BD VICTOR,48.93002,2.04405,Plein jour,En agglomération,Intersection en X,Normale,Deux véhicules - côté,4,2,3,0,1,1,1,0,1,30,2,2,0,0,0,1,35.0,,deux_roues,voiture,1,2,2,1,3
202200008231,2022-07-01 16:15:00,2022,7,1,16,15,69,69266,Allée du Frère Benoit,45.78674,4.88732,Plein jour,En agglomération,Hors intersection,Normale,Deux véhicules - arrière,4,2,2,0,3,3,1,0,1,50,2,2,1,0,0,1,26.0,40.0,voiture,voiture,1,2,1,1,2
202200008232,2022-07-01 05:19:00,2022,7,1,5,19,66,66136,,42.712101,2.9593751,Nuit sans éclairage public,Hors agglomération,Hors intersection,Normale,Trois véhicules et plus - en chaîne,3,3,4,0,1,1,1,0,1,110,3,3,1,0,1,1,,80.0,voiture,voiture,3,1,1,1,4
202200008233,2022-06-30 15:00:00,2022,6,30,15,0,66,66136,GILLES (AVENUE GENERAL),42.69658,2.9224,Plein jour,En agglomération,Autre intersection,Normale,Deux véhicules - arrière,4,2,3,0,1,1,1,0,1,50,2,2,1,0,0,1,31.0,29.0,voiture,voiture,1,2,9,1,2
202200008234,2022-10-14 23:30:00,2022,10,14,23,30,77,77438,D418,48.8589,2.671,Nuit avec éclairage allumé,En agglomération,Hors intersection,Pluie légère,Autre collision,3,3,2,0,1,1,2,0,1,50,1,1,0,0,0,1,58.0,,voiture,,5,2,1,2,6
202200008235,2022-07-01 23:16:00,2022,7,1,23,16,64,64445,rue d'Étigny,43.29657,-0.3852,Nuit avec éclairage allumé,En agglomération,Hors intersection,Normale,Deux véhicules - côté,4,2,2,0,1,1,1,0,1,50,2,2,1,0,0,1,28.0,35.0,voiture,utilitaire_camion,5,2,1,1,3
202200008236,2022-07-01 11:28:00,2022,7,1,11,28,64,64102,Giratoire de Maignon,43.46288,-1.49554,Plein jour,En agglomération,Hors intersection,Normale,Deux véhicules - côté,4,2,2,0,1,1,1,5,1,50,2,2,1,0,1,0,35.0,65.0,utilitaire_camion,deux_roues,1,2,1,1,3
202200008237,2022-10-14 07:40:00,2022,10,14,7,40,72,72181,LAIGNE RUE DE N° IMP 229 A 385,47.96601,0.20962,Nuit avec éclairage allumé,En agglomération,Intersection en T,Pluie légère,Deux véhicules - côté,4,2,2,0,1,1,2,5,1,50,2,2,1,0,0,1,50.0,51.0,voiture,deux_roues,5,2,3,2,3
202200008238,2022-07-01 10:53:00,2022,7,1,10,53,64,64102,Boulevard d'Aritxague,43.4672,-1.4946,Plein jour,En agglomération,Hors intersection,Normale,Trois véhicules et plus - en chaîne,4,3,4,0,1,1,1,0,1,50,3,4,3,0,0,1,69.0,50.0,voiture,voiture,1,2,1,1,4
202200008239,2022-10-14 19:20:00,2022,10,14,19,20,71,71153,MARECHAL FOCH (RUE),46.80322,4.45138,Nuit avec éclairage allumé,En agglomération,Hors intersection,Pluie légère,Deux véhicules - arrière,4,2,2,0,2,1,2,0,1,50,2,2,1,0,0,1,62.0,19.0,voiture,deux_roues,5,2,1,2,2
202200008240,2022-07-01 08:50:00,2022,7,1,8,50,64,64102,Avenue de Sainte-Croix,43.49997,-1.45398,Plein jour,En agglomération,Hors intersection,Normale,Deux véhicules - arrière,4,2,2,0,1,1,1,0,1,50,2,3,2,0,0,1,45.0,35.0,voiture,voiture,1,2,1,1,2
202200008241,2022-07-01 15:40:00,2022,7,1,15,40,59,59599,GUERRE (RUE FIN DE LA),50.73007,3.1407,Plein jour,En agglomération,Hors intersection,Normale,Autre collision,4,2,2,0,1,1,1,0,1,50,1,2,1,0,0,1,68.0,,voiture,,1,2,1,1,6
202200008242,2022-06-30 20:30:00,2022,6,30,20,30,56,56121,31 Place Jules Ferry,47.74571,-3.36327,Plein jour,En agglomération,Hors intersection,Normale,Deux véhicules - côté,4,2,2,0,1,1,1,0,1,30,2,2,1,0,0,1,20.0,40.0,voiture,deux_roues,1,2,1,1,3
202200008243,2022-10-14 11:50:00,2022,10,14,11,50,71,71153,PRESIDENT WILSON (RUE DU),46.79959,4.43983,Plein jour,En agglomération,Intersection en X,Pluie légère,Deux véhicules - arrière,4,2,2,1,1,1,2,0,1,50,2,3,1,0,0,2,24.0,35.0,voiture,voiture,1,2,2,2,2
202200008244,2022-06-30 12:21:00,2022,6,30,12,21,56,56098,4a Rue Jean le Coutaller,47.76191,-3.33134,Plein jour,En agglomération,Giratoire,Normale,Deux véhicules - arrière,4,3,2,0,2,1,1,5,1,30,2,2,1,0,0,1,24.0,83.0,voiture,voiture,1,2,6,1,2
202200008245,2022-07-01 16:30:00,2022,7,1,16,30,54,54547,HOLLANDE (RUE DE),48.6620784619,6.1808443666,Plein jour,En agglomération,Intersection en T,Normale,Autre collision,4,2,2,0,1,1,1,0,1,50,1,2,1,0,1,0,36.0,,voiture,,1,2,3,1,6
202200008246,2022-10-14 11:30:00,2022,10,14,11,30,71,71153,ETANG DE LA FORGE (rue),46.79757,4.43325,Plein jour,En agglomération,Intersection en X,Pluie légère,Deux véhicules - côté,4,2,2,0,1,1,1,5,1,50,2,3,2,0,0,1,55.0,76.0,utilitaire_camion,voiture,1,2,2,2,3
202200008247,2022-06-30 13:32:00,2022,6,30,13,32,54,54329,Rue de la Résistance,48.59961,6.48941,Plein jour,En agglomération,Hors intersection,Normale,Autre collision,4,2,2,0,1,1,1,0,1,30,2,2,1,0,1,0,20.0,38.0,deux_roues,voiture,1,2,1,1,6
202200008248,2022-10-13 09:30:00,2022,10,13,9,30,71,71153,BEDOUINS (RUE DES),46.81045,4.43066,Plein jour,En agglomération,Hors intersection,Normale,Sans collision,3,1,1,0,2,3,1,0,1,50,1,1,0,0,0,1,24.0,,voiture,,1,2,1,1,7
202200008249,2022-06-30 20:10:00,2022,6,30,20,10,54,54549,RD400,48.63261,6.32553,Plein jour,Hors agglomération,Hors intersection,Normale,Autre collision,3,2,0,0,2,3,1,2,8,70,1,1,0,0,1,0,90.0,,voiture,,1,1,1,1,6
202200008250,2022-10-14 07:15:00,2022,10,14,7,15,69,69282,Avenue du Carreau,45.76697,4.99602,Crépuscule ou aube,En agglomération,Giratoire,Pluie légère,Autre collision,4,2,2,2,1,3,2,0,1,30,1,2,1,0,0,1,30.0,,voiture,,2,2,6,2,6
202200008251,2022-07-01 23:18:00,2022,7,1,23,18,51,51454,boulevard Carteret,49.25857,4.04868,Nuit avec éclairage allumé,En agglomération,Intersection en Y,Normale,Deux véhicules - côté,4,2,2,1,1,2,1,0,1,50,2,2,1,0,0,1,70.0,26.0,voiture,deux_roues,5,2,4,1,3
202200008252,2022-10-14 07:40:00,2022,10,14,7,40,69,69115,Route d'Anse,45.97238,4.71697,Crépuscule ou aube,En agglomération,Hors intersection,Normale,Deux véhicules - arrière,3,2,2,2,1,1,2,0,1,50,2,2,1,0,0,1,38.0,18.0,utilitaire_camion,deux_roues,2,2,1,1,2
202200008253,2022-07-01 18:00:00,2022,7,1,18,0,51,51454,boulevard Albert 1er,49.27215,4.0127,Plein jour,En agglomération,Intersection en X,Normale,Deux véhicules - côté,4,-1,2,0,1,1,1,0,1,50,2,2,1,0,0,1,28.0,59.0,voiture,voiture,1,2,2,1,3
202200008254,2022-07-01 08:53:00,2022,7,1,8,53,51,51454,rue de Cernay,49.2575,4.04947,Plein jour,En agglomération,Intersection en X,Normale,Deux véhicules - côté,4,2,2,0,1,1,1,0,1,50,2,2,1,0,0,1,62.0,18.0,voiture,deux_roues,1,2,2,1,3
202200008255,2022-10-12 05:05:00,2022,10,12,5,5,69,69199,Avenue Albert Ramboz,45.6945,4.84422,Nuit avec éclairage allumé,En agglomération,Intersection en X,Normale,Deux véhicules - côté,7,1,2,0,1,1,1,2,1,50,2,2,0,0,0,1,,27.0,voiture,voiture,5,2,2,1,3
202200008256,2022-07-01 08:35:00,2022,7,1,8,35,51,51454,rue de Rouen,49.23415,4.01413,Plein jour,En agglomération,Intersection en T,Normale,Deux véhicules - côté,4,2,2,0,1,1,1,0,1,50,2,2,1,0,0,1,15.0,33.0,deux_roues,voiture,1,2,3,1,3
202200008257,2022-07-01 19:01:00,2022,7,1,19,1,49,49007,pont des confluences,47.48064,-0.55306,Plein jour,En agglomération,Hors intersection,Normale,Sans collision,4,3,2,1,1,1,1,2,5,30,1,1,0,0,0,1,22.0,,deux_roues,,1,2,1,1,7
202200008258,2022-10-14 07:15:00,2022,10,14,7,15,69,69290,224 Route de Grenoble,45.716778041,4.9587713099,Nuit avec éclairage allumé,En agglomération,Hors intersection,Pluie légère,Deux véhicules - côté,7,1,2,2,1,1,2,9,6,50,2,2,1,0,0,1,57.0,20.0,deux_roues,voiture,5,2,1,2,3
202200008259,2022-07-01 00:43:00,2022,7,1,0,43,49,49007,GASNIER AVENUE,47.48742,-0.57348,Nuit avec éclairage allumé,En agglomération,Intersection en X,Normale,Deux véhicules - côté,4,2,2,0,1,1,1,0,1,50,2,2,1,0,0,1,,23.0,voiture,voiture,5,2,2,1,3
202200008260,2022-10-14 21:44:00,2022,10,14,21,44,68,68224,STOESSEL (BOULEVARD CHARLES),47.73725,7.31901,Nuit avec éclairage allumé,En agglomération,Hors intersection,Pluie légère,Deux véhicules - côté,3,2,2,0,1,1,2,0,1,50,2,2,1,1,0,0,18.0,76.0,deux_roues,voiture,5,2,1,2,3
202200008261,2022-06-30 21:51:00,2022,6,30,21,51,49,49353,JEAN JAURES RUE,47.4451,-0.5034,Crépuscule ou aube,En agglomération,Intersection en T,Normale,Deux véhicules - côté,4,2,2,0,1,1,1,0,1,50,2,2,1,0,0,1,19.0,32.0,voiture,utilitaire_camion,2,2,3,1,3
202200008262,2022-07-01 08:30:00,2022,7,1,8,30,47,47001,PONT DE PIERRE,44.1949242571,0.6106209754,Plein jour,En agglomération,Hors intersection,Normale,Trois véhicules et plus - collisions multiples,3,2,6,3,1,1,1,0,1,50,3,3,2,0,0,1,41.0,20.0,voiture,voiture,1,2,1,1,5
202200008263,2022-10-13 19:30:00,2022,10,13,19,30,67,67447,PIERRE MENDES FRANCE (AVENUE),48.600116,7.753711,Nuit avec éclairage allumé,En agglomération,Hors intersection,Normale,Deux véhicules - arrière,4,3,3,2,1,1,1,0,1,50,2,2,1,0,0,1,34.0,48.0,voiture,voiture,5,2,1,1,2
202200008264,2022-06-27 17:05:00,2022,6,27,17,5,42,42186,Rue Edouard Vaillant,45.51942,4.59502,Plein jour,En agglomération,Intersection en T,Normale,Deux véhicules - côté,7,2,3,0,1,1,1,0,1,50,2,2,1,0,1,0,74.0,75.0,deux_roues,voiture,1,2,3,1,3
202200008265,2022-10-14 13:35:00,2022,10,14,13,35,64,64445,cours Lyautey,43.3093,-0.3636,Plein jour,En agglomération,Autre intersection,Pluie légère,Deux véhicules - arrière,4,1,1,1,1,1,2,0,1,50,2,2,1,0,0,1,17.0,40.0,deux_roues,voiture,1,2,9,2,2
202200008266,2022-07-01 12:15:00,2022,7,1,12,15,42,42184,Rue du Maréchal Foch,46.0397,4.01852,Plein jour,En agglomération,Hors intersection,Normale,Deux véhicules - arrière,3,2,2,1,1,1,1,0,5,50,2,3,2,0,0,1,51.0,26.0,deux_roues,utilitaire_camion,1,2,1,1,2
202200008267,2022-06-24 18:25:00,2022,6,24,18,25,40,40192,ROCADE EST (RD 932 E),43.87341,-0.47039,Plein jour,En agglomération,Hors intersection,Normale,Deux véhicules - arrière,3,2,2,0,1,1,1,0,1,80,2,3,2,0,0,1,54.0,53.0,voiture,voiture,1,2,1,1,2
202200008268,2022-10-14 10:52:00,2022,10,14,10,52,64,64024,Avenue de l' Adour,43.51019,-1.49954,Plein jour,En agglomération,Hors intersection,Normale,Deux véhicules - côté,4,2,2,0,1,1,1,0,1,50,2,2,1,0,0,1,92.0,50.0,voiture,voiture,1,2,1,1,3
202200008269,2022-07-01 16:55:00,2022,7,1,16,55,37,37261,GANCE (BOULEVARD ABEL),47.42774,0.70872,Plein jour,En agglomération,Hors intersection,Normale,Deux véhicules - arrière,7,1,4,0,1,1,1,0,1,50,2,3,0,0,0,3,62.0,33.0,voiture,voiture,1,2,1,1,2
202200008270,2022-10-13 23:44:00,2022,10,13,23,44,64,64102,NAVARRE (AVENUE HENRI DE),43.512564,-1.437999,Nuit avec éclairage allumé,En agglomération,Hors intersection,Normale,Autre collision,3,2,2,0,1,1,2,0,1,50,1,2,1,0,0,1,22.0,,voiture,,5,2,1,1,6
202200008271,2022-07-01 09:13:00,2022,7,1,9,13,37,37261,DOUETS (RUE DES),47.4327613472,0.6859776378,Plein jour,En agglomération,Giratoire,Temps éblouissant,Deux véhicules - côté,4,2,4,0,1,1,1,9,1,30,2,2,1,0,0,1,26.0,73.0,autre,voiture,1,2,6,7,3
202200008272,2022-07-01 07:52:00,2022,7,1,7,52,37,37122,BRETONNIERES (BOULEVARD DES),47.3444061587,0.6327009201,Plein jour,En agglomération,Hors intersection,Temps éblouissant,Deux véhicules - arrière,4,2,2,0,1,1,1,9,1,50,2,2,1,0,0,1,40.0,60.0,utilitaire_camion,deux_roues,1,2,1,7,2
202200008273,2022-10-13 10:55:00,2022,10,13,10,55,64,64102,Avenue de l'Aquitaine,43.4862651958,-1.4665031433,Plein jour,En agglomération,Hors intersection,Normale,Deux véhicules - frontale,3,2,4,0,2,3,1,0,1,50,2,3,2,1,0,0,24.0,29.0,utilitaire_camion,deux_roues,1,2,1,1,1
202200008274,2022-06-30 20:20:00,2022,6,30,20,20,35,35288,GRAND JARDIN (RUE DU),48.62668,-1.985,Plein jour,En agglomération,Giratoire,Normale,Deux véhicules - côté,3,2,2,1,1,2,1,0,1,50,2,2,1,0,0,1,37.0,,deux_roues,voiture,1,2,6,1,3
202200008275,2022-07-01 09:20:00,2022,7,1,9,20,35,35238,CHATEAUGIRON (DE),48.1018775711,-1.6563472152,Plein jour,En agglomération,Intersection en X,Normale,Deux véhicules - côté,4,2,2,0,1,2,1,0,2,50,2,2,1,0,0,1,39.0,32.0,voiture,deux_roues,1,2,2,1,3