accident_id,datetime,annee,mois,jour,heure,minute,departement,commune_insee,adresse,latitude,longitude,luminosite,agglomeration,intersection,meteo,collision,catr,circ,nbv,vosp,prof,plan,surf,infra,situ,vma,nb_vehicules,nb_usagers,nb_indemnes,nb_tues,nb_blesses_hosp,nb_blesses_legers,age_cond_1,age_cond_2,veh_type_cond_1,veh_type_cond_2,lum_code,agg_code,int_code,atm_code,col_code
202200008276,2022-07-01 21:14:00,2022,7,1,21,14,33,33200,Rue de la Liberté,44.8728,-0.68142,Crépuscule ou aube,En agglomération,Intersection en T,Temps éblouissant,Deux véhicules - côté,4,2,2,0,1,1,1,0,1,30,2,2,0,0,0,2,16.0,24.0,deux_roues,voiture,2,2,3,7,3
202200008277,2022-10-13 10:45:00,2022,10,13,10,45,64,64102,Avenue Maréchal Soult,43.48509,-1.49477,Plein jour,En agglomération,Hors intersection,Normale,Deux véhicules - arrière,3,3,4,0,1,1,1,0,1,50,2,3,2,0,0,1,81.0,20.0,voiture,voiture,1,2,1,1,2
202200008278,2022-07-01 23:10:00,2022,7,1,23,10,33,33063,Cours de la Somme,44.81628,-0.57234,Nuit avec éclairage allumé,En agglomération,Intersection en T,Normale,Deux véhicules - côté,4,2,2,0,1,1,1,0,1,50,2,2,1,0,0,1,11.0,56.0,deux_roues,voiture,5,2,3,1,3
202200008279,2022-06-30 08:35:00,2022,6,30,8,35,33,33063,Rue du Pas Saint-Georges,44.8392,-0.57198,Plein jour,En agglomération,Hors intersection,Pluie légère,Deux véhicules - arrière,4,1,1,0,1,1,2,0,1,30,2,2,1,0,0,1,43.0,30.0,voiture,deux_roues,1,2,1,2,2
202200008280,2022-06-30 08:00:00,2022,6,30,8,0,33,33069,Avenue d'Eysines,44.86371,-0.61955,Plein jour,En agglomération,Hors intersection,Pluie légère,Deux véhicules - côté,4,2,2,0,1,1,2,0,1,50,2,2,1,0,0,1,52.0,31.0,deux_roues,voiture,1,2,1,2,3
202200008281,2022-10-10 08:05:00,2022,10,10,8,5,64,64102,Avenue Louis de Foix,43.5045,-1.46735,Plein jour,En agglomération,Intersection en X,Temps couvert,Deux véhicules - côté,3,2,3,0,1,1,1,0,1,50,2,11,0,0,1,10,48.0,22.0,transport_commun,voiture,1,2,2,8,3
202200008282,2022-07-01 13:50:00,2022,7,1,13,50,31,31555,AV DES ETATS UNIS,43.66256,1.41532,Plein jour,En agglomération,Hors intersection,Normale,Deux véhicules - frontale,7,2,0,0,1,1,1,0,1,50,2,2,1,0,0,1,50.0,42.0,voiture,deux_roues,1,2,1,1,1
202200008283,2022-10-13 18:15:00,2022,10,13,18,15,63,63193,M 52,45.76272,3.20629,Plein jour,Hors agglomération,Hors intersection,Pluie légère,Sans collision,7,2,3,0,3,2,2,0,3,80,1,1,0,1,0,0,77.0,,voiture,,1,1,1,2,7
202200008284,2022-07-01 11:00:00,2022,7,1,11,0,31,31555,A624,43.6046,1.399,Plein jour,Hors agglomération,Hors intersection,Normale,Deux véhicules - arrière,1,1,8,0,2,1,1,3,1,70,2,3,1,0,0,2,23.0,59.0,voiture,voiture,1,1,1,1,2
202200008285,2022-10-01 09:30:00,2022,10,1,9,30,62,62215,RD 919,50.49296,2.98499,Plein jour,En agglomération,Autre intersection,Normale,Autre collision,3,2,2,0,1,1,1,0,1,50,1,2,1,1,0,0,62.0,,voiture,,1,2,9,1,6
202200008286,2022-07-01 20:20:00,2022,7,1,20,20,25,25388,,47.5029770809,6.8023791094,Plein jour,En agglomération,Intersection en Y,Normale,Deux véhicules - arrière,4,3,2,0,1,2,1,9,1,50,2,2,1,1,0,0,21.0,22.0,voiture,deux_roues,1,2,4,1,2
202200008287,2022-06-22 15:27:00,2022,6,22,15,27,70,70285,,47.5877066,6.7663688,Plein jour,Hors agglomération,Hors intersection,Normale,Deux véhicules - côté,2,3, -1,-1,1,1,1,3,1,-1,2,2,1,0,1,0,78.0,58.0,voiture,deux_roues,1,1,1,1,3
202200008288,2022-10-14 19:45:00,2022,10,14,19,45,59,59378,CLEMENCEAU BLVD (N°168-294),50.6578928814,3.1030100584,Nuit avec éclairage allumé,En agglomération,Intersection en X,Normale,Deux véhicules - côté,7,2,4,0,1,1,1,0,1,50,2,2,0,0,0,2,21.0,72.0,utilitaire_camion,voiture,5,2,2,1,3
202200008289,2022-07-01 10:50:00,2022,7,1,10,50,21,21231,OUEST (DE L') (BOULEVARD),47.32402,5.01744,Plein jour,En agglomération,Intersection en T,Normale,Autre collision,4,2,3,0,2,1,1,0,1,30,1,2,1,1,0,0,52.0,,voiture,,1,2,3,1,6
202200008290,2022-06-24 09:45:00,2022,6,24,9,45,13,13077,NEDELEC CHARLES (rue),43.4063,4.98464,Plein jour,En agglomération,Hors intersection,Normale,Autre collision,4,1,1,0,1,1,1,0,1,50,1,2,1,0,1,0,62.0,,voiture,,1,2,1,1,6
202200008291,2022-10-11 13:45:00,2022,10,11,13,45,59,59183,PORTE D'EAU,51.0363702164,2.3846018314,Plein jour,En agglomération,Hors intersection,Normale,Autre collision,4,2,2,1,1,1,1,0,1,50,1,2,1,0,1,0,37.0,,voiture,,1,2,1,1,6
202200008292,2022-07-02 00:10:00,2022,7,2,0,10,13,13210,ELLEON (AVENUE),43.2837287927,5.4428359618,Nuit avec éclairage allumé,En agglomération,Hors intersection,Normale,Deux véhicules - côté,5,-1,1,0,1,3,1,9,8,20,2,3,2,0,1,0,48.0,35.0,utilitaire_camion,voiture,5,2,1,1,3
202200008293,2022-10-14 07:05:00,2022,10,14,7,5,57,57463,GENERAL METMAN,49.1201,6.2167,Nuit avec éclairage allumé,En agglomération,Intersection en X,Pluie légère,Deux véhicules - côté,7,2,3,0,1,1,2,0,5,50,2,2,1,0,1,0,40.0,86.0,utilitaire_camion,deux_roues,5,2,2,2,3
202200008294,2022-07-01 20:30:00,2022,7,1,20,30,13,13208,PRADO (AVENUE DU),43.28087,5.38727,Crépuscule ou aube,En agglomération,Hors intersection,Normale,Deux véhicules - côté,4,2,6,3,1,1,1,0,1,50,2,2,1,0,0,1,28.0,,deux_roues,deux_roues,2,2,1,1,3
202200008295,2022-07-01 19:00:00,2022,7,1,19,0,13,13209,LUMINY (AVENUE DE),43.23801,5.43604,Plein jour,En agglomération,Giratoire,Normale,Deux véhicules - côté,4,1,1,0,2,2,1,5,1,50,2,2,1,0,0,1,23.0,59.0,deux_roues,voiture,1,2,6,1,3
202200008296,2022-10-14 07:53:00,2022,10,14,7,53,56,56162,24 Rue du Fort Bloque,47.73656,-3.43248,Nuit sans éclairage public,En agglomération,Giratoire,Pluie légère,Deux véhicules - côté,3,2,2,0,1,1,2,5,1,30,2,2,1,0,0,1,13.0,52.0,deux_roues,voiture,3,2,6,2,3
202200008297,2022-07-01 17:50:00,2022,7,1,17,50,13,13206,LIEUTAUD (COURS),43.28829,5.3846,Plein jour,En agglomération,Intersection en X,Normale,Deux véhicules - côté,4,2,2,0,2,1,1,0,1,50,2,2,1,0,0,1,20.0,22.0,deux_roues,deux_roues,1,2,2,1,3
202200008298,2022-07-01 08:30:00,2022,7,1,8,30,13,13208,PARANGON (TRAVERSE),43.2424780474,5.3796275792,Plein jour,En agglomération,Intersection en Y,Normale,Deux véhicules - côté,4,-1,2,0,1,1,1,0,1,50,1,2,1,0,1,0,70.0,,voiture,,1,2,4,1,3
202200008299,2022-06-30 19:45:00,2022,6,30,19,45,13,13001,DE LATTRE DE TASSIGNY (AV),43.53277,5.43699,Plein jour,En agglomération,Hors intersection,Normale,Trois véhicules et plus - en chaîne,4,2,2,0,2,1,1,0,1,50,3,3,2,0,0,1,48.0,36.0,voiture,voiture,1,2,1,1,4
202200008300,2022-10-14 23:00:00,2022,10,14,23,0,54,54304,QUATRE VENTS (AVENUE DES),48.6995,6.1366,Nuit avec éclairage allumé,Hors agglomération,Hors intersection,Pluie légère,Deux véhicules - frontale,4,2,2,0,2,3,2,0,1,50,2,2,1,0,0,1,34.0,45.0,voiture,voiture,5,1,1,2,1
202200008301,2022-06-29 11:30:00,2022,6,29,11,30,11,11069,124 Route de Saint Hilaire,43.20266,2.3597,Plein jour,En agglomération,Intersection en T,Normale,Deux véhicules - côté,3,2,0,0,1,1,1,0,1,50,2,2,1,0,0,1,74.0,52.0,voiture,deux_roues,1,2,3,1,3
202200008302,2022-06-29 08:35:00,2022,6,29,8,35,11,11069,,43.21499,2.36685,Plein jour,En agglomération,Giratoire,Normale,Deux véhicules - côté,4,1,1,2,1,2,1,0,1,30,2,2,1,0,0,1,81.0,37.0,voiture,deux_roues,1,2,6,1,3
202200008303,2022-10-14 12:30:00,2022,10,14,12,30,51,51454,boulevard des Belges,49.2762981554,4.0268674493,Plein jour,En agglomération,Intersection en X,Temps couvert,Deux véhicules - frontale,4,2,4,0,1,1,1,0,1,50,2,2,1,0,0,1,37.0,22.0,voiture,deux_roues,1,2,2,8,1
202200008304,2022-07-01 18:34:00,2022,7,1,18,34,10,10387,GEORGES POMPIDOU (RUE),48.29771,4.095269,Plein jour,En agglomération,Hors intersection,Normale,Trois véhicules et plus - en chaîne,4,1,2,0,1,1,1,0,1,50,3,5,3,0,0,2,30.0,62.0,voiture,voiture,1,2,1,1,4
202200008305,2022-10-13 12:05:00,2022,10,13,12,5,51,51454,rond-point de la Défense,49.24663,4.06217,Plein jour,En agglomération,Giratoire,Normale,Deux véhicules - côté,4,1,1,0,1,2,2,0,1,50,2,2,1,0,0,1,37.0,20.0,voiture,deux_roues,1,2,6,1,3
202200008306,2022-07-01 18:49:00,2022,7,1,18,49,06,06088,CESSOLE (BD DE) (A PARTIR DU 101-114),43.7203,7.25154,Plein jour,En agglomération,Hors intersection,Normale,Deux véhicules - côté,4,2,2,0,2,1,1,0,1,50,1,2,1,0,0,1,47.0,,transport_commun,,1,2,1,1,3
202200008307,2022-06-29 19:31:00,2022,6,29,19,31,06,06088,ANGLAIS (DU N° 45 AU N° 112),43.69193,7.24844,Plein jour,En agglomération,Hors intersection,Normale,Autre collision,4,3,6,1,1,1,1,6,1,20,1,2,0,1,0,1,45.0,,deux_roues,,1,2,1,1,6
202200008308,2022-10-14 08:30:00,2022,10,14,8,30,50,50129,COTENTIN (BOULEVARD DU),49.63736,-1.57487,Crépuscule ou aube,En agglomération,Intersection en X,Pluie légère,Autre collision,4,2,2,0,1,1,2,0,1,30,1,2,1,0,0,1,36.0,,voiture,,2,2,2,2,6
202200008309,2022-07-01 07:43:00,2022,7,1,7,43,06,06069,DE LATTRE DE TASSIGNY (AVENUE DU MARECHA,43.64952,6.923333,Plein jour,En agglomération,Hors intersection,Normale,Deux véhicules - arrière,4,3,2,0,2,1,1,0,1,50,2,2,1,0,0,1,44.0,52.0,deux_roues,voiture,1,2,1,1,2
202200008310,2022-10-13 08:55:00,2022,10,13,8,55,50,50129,GOUBERT (RUE JEAN),49.64797,-1.58688,Plein jour,En agglomération,Intersection en T,Pluie légère,Deux véhicules - côté,4,2,2,0,1,1,2,0,1,50,2,3,1,0,0,2,59.0,31.0,voiture,voiture,1,2,3,2,3
202200008311,2022-07-01 11:00:00,2022,7,1,11,0,06,06029,CROISETTE (BOULEVARD DE),43.55146,7.0168,Plein jour,En agglomération,Hors intersection,Normale,Deux véhicules - côté,4,3,4,0,1,1,1,0,1,30,2,2,1,0,1,0,37.0,53.0,utilitaire_camion,deux_roues,1,2,1,1,3
202200008312,2022-10-14 11:05:00,2022,10,14,11,5,49,49099,MOINIE(BOULEVARD DE LA ),47.059,-0.904,Plein jour,En agglomération,Giratoire,Pluie légère,Sans collision,3,3,2,0,1,1,2,9,1,70,1,1,0,0,0,1,61.0,,deux_roues,,1,2,6,2,7
202200008313,2022-07-01 16:18:00,2022,7,1,16,18,75,75115,QUAI D ISSY LES MOULINEAUX,48.835314,2.272128,Plein jour,En agglomération,Intersection en Y,Normale,Autre collision,4,1,4,0,1,1,1,0,1,70,1,2,0,0,0,2,46.0,,voiture,,1,2,4,1,6
202200008314,2022-10-14 15:00:00,2022,10,14,15,0,49,49007,PROUDHON,47.4691,-0.60212,Plein jour,En agglomération,Hors intersection,Pluie légère,Autre collision,4,2,3,2,1,1,2,2,1,50,1,1,0,0,0,1,19.0,,voiture,,1,2,1,2,6
202200008315,2022-07-01 08:30:00,2022,7,1,8,30,75,75118,PORTE DE LA CHAPELLE,48.900899,2.361608,Plein jour,En agglomération,Hors intersection,Normale,Deux véhicules - côté,4,1,4,0,1,1,1,0,1,70,2,2,1,0,0,1,22.0,44.0,voiture,deux_roues,1,2,1,1,3
202200008316,2022-10-14 13:05:00,2022,10,14,13,5,45,45234,30 Avenue de la Bolière,47.831465,1.928668,Plein jour,En agglomération,Hors intersection,Pluie légère,Deux véhicules - côté,4,3,2,2,1,1,2,0,1,50,2,2,1,0,0,1,23.0,13.0,voiture,deux_roues,1,2,1,2,3
202200008317,2022-06-30 23:00:00,2022,6,30,23,0,75,75117,PORTE DE CHAMPERRET,48.886523,2.289101,Nuit avec éclairage allumé,En agglomération,Hors intersection,Normale,Trois véhicules et plus - collisions multiples,4,1,4,0,1,1,1,1,1,70,3,5,4,0,0,1,29.0,31.0,voiture,voiture,5,2,1,1,5
202200008318,2022-10-14 13:20:00,2022,10,14,13,20,43,43251,Avenue Jeanne d'Arc,45.02658,3.88057,Plein jour,En agglomération,Autre intersection,Normale,Deux véhicules - côté,6,-1, -1,0,1,1,1,9,1,20,2,3,2,0,0,1,49.0,15.0,voiture,deux_roues,1,2,9,1,3
202200008319,2022-06-30 19:40:00,2022,6,30,19,40,75,75120,PORTE DE MONTREUIL,48.856344,2.413923,Plein jour,En agglomération,Hors intersection,Normale,Trois véhicules et plus - en chaîne,4,1,4,0,1,1,1,0,1,70,3,4,1,0,1,2,68.0,34.0,deux_roues,deux_roues,1,2,1,1,4
202200008320,2022-10-13 16:55:00,2022,10,13,16,55,43,43157,Boulevard Philippe Jourde,45.039768,3.890016,Plein jour,En agglomération,Hors intersection,Normale,Sans collision,4,2,2,0,1,1,1,0,1,50,1,1,0,0,0,1,43.0,,deux_roues,,1,2,1,1,7
202200008321,2022-06-29 11:15:00,2022,6,29,11,15,75,75119,BOULEVARD PERIPHERIQUE EXTERIEUR NORD  ,48.900479,2.37528,Plein jour,En agglomération,Hors intersection,Normale,Deux véhicules - arrière,4,1,4,0,1,1,1,0,1,70,2,3,2,0,1,0,33.0,35.0,voiture,deux_roues,1,2,1,1,2
202200008322,2022-07-01 15:00:00,2022,7,1,15,0,75,75105,RUE POLIVEAU,48.839695,2.356615,Plein jour,En agglomération,Intersection en X,Normale,Deux véhicules - arrière,4,1,2,0,1,1,1,0,1,30,2,2,1,0,0,1,67.0,38.0,deux_roues,voiture,1,2,2,1,2
202200008323,2022-07-01 19:20:00,2022,7,1,19,20,75,75118,AVENUE DE LA PORTE DES POISSONNIERS,48.899642,2.352352,Plein jour,En agglomération,Intersection en T,Normale,Deux véhicules - côté,4,2,2,0,1,1,1,0,1,30,2,2,1,0,0,1,44.0,38.0,voiture,deux_roues,1,2,3,1,3
202200008324,2022-10-13 17:10:00,2022,10,13,17,10,41,41018,DUPUIS (BOULEVARD DANIEL),47.58099,1.322248,Plein jour,En agglomération,Hors intersection,Pluie légère,Sans collision,3,3,2,0,2,2,2,0,1,50,1,2,1,0,0,1,19.0,,voiture,,1,2,1,2,7
202200008325,2022-07-01 12:50:00,2022,7,1,12,50,75,75118,AVENUE DE LA PORTE DES POISSONNIERS,48.89848,2.352472,Plein jour,En agglomération,Intersection en T,Normale,Autre collision,4,2,2,0,1,1,1,0,1,50,1,2,1,0,0,1,,,utilitaire_camion,,1,2,3,1,6
202200008326,2022-06-30 21:15:00,2022,6,30,21,15,75,75118,RUE RAMEY,48.889978,2.345876,Plein jour,En agglomération,Hors intersection,Normale,Deux véhicules - côté,4,1,1,0,2,1,1,0,1,30,2,2,1,0,1,0,28.0,59.0,utilitaire_camion,deux_roues,1,2,1,1,3
202200008327,2022-06-30 10:18:00,2022,6,30,10,18,75,75118,AVENUE DE LA PORTE DE MONTMARTRE,48.898327,2.336983,Plein jour,En agglomération,Hors intersection,Pluie légère,Deux véhicules - côté,4,2,2,0,1,1,2,0,1,30,2,2,1,0,0,1,20.0,30.0,voiture,deux_roues,1,2,1,2,3
202200008328,2022-06-30 22:35:00,2022,6,30,22,35,75,75118,AVENUE DE SAINT OUEN,48.89302,2.327445,Nuit avec éclairage allumé,En agglomération,Intersection à plus de 4 branches,Normale,Deux véhicules - côté,4,2,8,2,2,1,1,-1,5,30,2,2,1,0,0,1,35.0,22.0,deux_roues,voiture,5,2,5,1,3
202200008329,2022-07-01 12:15:00,2022,7,1,12,15,75,75116,BOULEVARD SUCHET,48.851457,2.260885,Plein jour,En agglomération,Hors intersection,Normale,Deux véhicules - côté,4,1,1,0,1,1,1,0,1,30,2,2,1,0,0,1,49.0,71.0,voiture,deux_roues,1,2,1,1,3
202200008330,2022-07-01 09:00:00,2022,7,1,9,0,75,75116,BOULEVARD EXELMANS,48.843155,2.26021,Plein jour,En agglomération,Intersection en X,Normale,Deux véhicules - côté,4,-1, -1,1,1,1,1,0,1,30,2,2,1,0,0,1,17.0,25.0,deux_roues,deux_roues,1,2,2,1,3
202200008331,2022-06-30 12:40:00,2022,6,30,12,40,75,75116,AVENUE DE MALAKOFF,48.875089,2.283966,Plein jour,En agglomération,Intersection en X,Pluie forte,Deux véhicules - côté,4,2,2,0,2,1,2,0,1,30,2,2,1,0,0,1,38.0,22.0,deux_roues,voiture,1,2,2,3,3
202200008332,2022-07-01 10:42:00,2022,7,1,10,42,75,75115,BOULEVARD LEFEBVRE,48.831126,2.292464,Plein jour,En agglomération,Intersection en T,Normale,Deux véhicules - côté,4,2,2,0,1,1,1,5,1,30,2,2,1,0,0,1,59.0,52.0,voiture,deux_roues,1,2,3,1,3
202200008333,2022-07-01 06:50:00,2022,7,1,6,50,75,75115,RUE DE LA CONVENTION,48.838032,2.294683,Plein jour,En agglomération,Intersection en X,Normale,Deux véhicules - côté,4,2,2,0,1,1,1,0,1,30,2,2,1,0,0,1,50.0,30.0,deux_roues,utilitaire_camion,1,2,2,1,3
202200008334,2022-07-01 11:45:00,2022,7,1,11,45,75,75114,BOULEVARD RASPAIL,48.83875,2.330879,Plein jour,En agglomération,Intersection en Y,Normale,Trois véhicules et plus - en chaîne,4,2,4,0,1,1,1,0,1,30,3,4,2,0,0,2,61.0,36.0,voiture,voiture,1,2,4,1,4
202200008335,2022-07-01 13:15:00,2022,7,1,13,15,75,75113,RUE NEUVE TOLBIAC,48.830603,2.376821,Plein jour,En agglomération,Intersection en X,Normale,Autre collision,4,2,3,0,1,1,1,0,1,30,1,2,1,0,0,1,49.0,,voiture,,1,2,2,1,6
202200008336,2022-07-01 03:20:00,2022,7,1,3,20,75,75113,RUE REGNAULT,48.822929,2.36873,Nuit avec éclairage allumé,En agglomération,Intersection en X,Normale,Autre collision,4,2,2,0,1,1,1,0,1,30,1,1,0,0,0,1,39.0,,deux_roues,,5,2,2,1,6
202200008337,2022-06-30 23:55:00,2022,6,30,23,55,75,75113,RUE DE L ESPERANCE,48.825674,2.347247,Nuit avec éclairage allumé,En agglomération,Intersection en X,Normale,Sans collision,4,1,1,1,2,1,1,-1,5,30,1,1,0,0,0,1,30.0,,deux_roues,,5,2,2,1,7
202200008338,2022-07-01 22:10:00,2022,7,1,22,10,75,75112,BOULEVARD DE REUILLY,48.839167,2.39133,Nuit avec éclairage allumé,En agglomération,Hors intersection,Normale,Autre collision,4,2,2,1,1,1,1,9,5,30,1,2,1,0,0,1,32.0,,deux_roues,,5,2,1,1,6
202200008339,2022-07-01 13:20:00,2022,7,1,13,20,75,75112,RUE DE PICPUS,48.846243,2.394499,Plein jour,En agglomération,Intersection en T,Normale,Deux véhicules - côté,4,-1,2,2,1,1,1,0,1,30,2,2,1,0,0,1,27.0,35.0,deux_roues,voiture,1,2,3,1,3
202200008340,2022-06-30 08:30:00,2022,6,30,8,30,75,75112,RUE DE CHARENTON,48.831829,2.397672,Plein jour,En agglomération,Intersection en X,Pluie légère,Deux véhicules - côté,4,2,4,1,1,1,2,0,1,30,2,2,1,0,0,1,42.0,33.0,deux_roues,voiture,1,2,2,2,3
202200008341,2022-07-01 04:35:00,2022,7,1,4,35,75,75109,PLACE DE CLICHY,48.883457,2.327697,Nuit avec éclairage allumé,En agglomération,Place,Normale,Autre collision,4,1,1,0,1,1,1,0,1,30,1,2,1,0,0,1,,,voiture,,5,2,7,1,6
202200008342,2022-07-01 20:15:00,2022,7,1,20,15,75,75108,RUE DARU,48.877142,2.300337,Plein jour,En agglomération,Intersection à plus de 4 branches,Normale,Autre collision,4,1,1,0,1,1,1,0,1,30,1,2,1,0,0,1,53.0,,voiture,,1,2,5,1,6
202200008343,2022-07-01 07:55:00,2022,7,1,7,55,75,75115,RUE DE VOUILLE,48.835437,2.30272,Plein jour,En agglomération,Intersection en T,Normale,Autre collision,4,2,3,0,1,1,1,0,1,30,1,2,1,0,0,1,66.0,,voiture,,1,2,3,1,6
202200008344,2022-07-01 17:40:00,2022,7,1,17,40,75,75104,RUE DE RIVOLI,48.856314,2.356639,Plein jour,En agglomération,Intersection en T,Normale,Deux véhicules - côté,4,2,3,0,1,1,1,0,1,30,2,2,1,0,0,1,35.0,34.0,voiture,deux_roues,1,2,3,1,3
202200008345,2022-06-30 18:40:00,2022,6,30,18,40,75,75101,RUE SAINT DENIS,48.858283,2.347321,Plein jour,En agglomération,Intersection en T,Normale,Sans collision,4,1,3,1,1,1,1,0,1,30,1,1,0,0,0,1,39.0,,deux_roues,,1,2,3,1,7
202200008346,2022-07-01 21:40:00,2022,7,1,21,40,94,94078,Avenue de Choisy,48.74773,2.43607,Plein jour,En agglomération,Hors intersection,Normale,Deux véhicules - côté,3,-1,2,0,1,1,1,0,1,50,2,2,1,0,0,1,35.0,31.0,voiture,deux_roues,1,2,1,1,3
202200008347,2022-07-01 16:20:00,2022,7,1,16,20,94,94065,SAGITTAIRE (R DU),48.743785,2.357255,Plein jour,En agglomération,Intersection en T,Normale,Deux véhicules - côté,4,2,2,0,1,1,1,0,1,30,2,2,1,0,1,0,40.0,29.0,utilitaire_camion,deux_roues,1,2,3,1,3
202200008348,2022-07-01 18:00:00,2022,7,1,18,0,94,94028,Avenue du Général de Gaulle / Route de Choisy,48.78572,2.44932,Plein jour,En agglomération,Intersection en T,Normale,Trois véhicules et plus - en chaîne,3,3,6,0,1,1,1,2,1,50,3,4,3,0,0,1,29.0,75.0,voiture,voiture,1,2,3,1,4
202200008349,2022-06-30 20:55:00,2022,6,30,20,55,94,94028,Rue Neuve / Rue Charles Beuvin,48.80241,2.45527,Crépuscule ou aube,En agglomération,Intersection en T,Normale,Deux véhicules - frontale,4,2,2,0,1,1,1,0,1,50,2,2,1,0,0,1,12.0,30.0,deux_roues,voiture,2,2,3,1,1
202200008350,2022-07-01 21:10:00,2022,7,1,21,10,94,94077,Avenue le Foll,48.7277,2.43604,Crépuscule ou aube,En agglomération,Hors intersection,Normale,Deux véhicules - arrière,3,3,3,3,1,1,1,0,1,30,2,2,1,0,0,1,46.0,25.0,voiture,deux_roues,2,2,1,1,2
202200008351,2022-07-01 18:20:00,2022,7,1,18,20,94,94022,Avenue Victor Hugo / Rue d'Alsace-lorraine,48.7687065718,2.4207031799,Plein jour,En agglomération,Intersection en T,Normale,Deux véhicules - arrière,3,3,6,3,1,1,1,6,1,50,2,2,1,0,0,1,50.0,37.0,voiture,utilitaire_camion,1,2,3,1,2
202200008352,2022-07-01 16:43:00,2022,7,1,16,43,94,94022,Allée des Lilas,48.7734294158,2.4194569946,Plein jour,En agglomération,Hors intersection,Normale,Autre collision,4,1,1,0,1,1,1,0,1,30,1,2,1,0,1,0,19.0,,utilitaire_camion,,1,2,1,1,6
202200008353,2022-06-27 20:37:00,2022,6,27,20,37,93,93066,Avenue du Franc Moisin,48.9270860553,2.3724085093,Plein jour,En agglomération,Hors intersection,Normale,Autre collision,4,2,2,0,1,1,1,0,1,50,2,2,0,0,1,0,,17.0,voiture,deux_roues,1,2,1,1,6
202200008354,2022-07-01 03:30:00,2022,7,1,3,30,93,93066,Rue Paul Eluard,48.9388752247,2.3490035534,Nuit avec éclairage allumé,En agglomération,Autre intersection,Normale,Autre collision,4,2,2,0,1,1,1,0,1,50,1,5,0,0,1,4,19.0,,voiture,,5,2,9,1,6
202200008355,2022-07-01 05:55:00,2022,7,1,5,55,93,93050,Rue du Docteur Schapira,48.85527,2.52677,Plein jour,En agglomération,Hors intersection,Normale,Deux véhicules - frontale,4,1,1,1,1,1,1,0,4,50,2,2,1,0,0,1,62.0,35.0,utilitaire_camion,deux_roues,1,2,1,1,1
202200008356,2022-07-01 11:17:00,2022,7,1,11,17,93,93001,92 Rue de la Haie Coq,48.9052585708,2.3725667596,Plein jour,En agglomération,Hors intersection,Normale,Deux véhicules - frontale,4,1,2,2,1,1,1,0,5,50,2,2,1,0,0,1,54.0,41.0,deux_roues,deux_roues,1,2,1,1,1
202200008357,2022-06-29 18:20:00,2022,6,29,18,20,92,92022,JOUY (RUE DE),48.7998387427,2.1860016882,Plein jour,En agglomération,Hors intersection,Normale,Sans collision,3,2,2,0,2,1,1,0,1,50,1,1,0,0,0,1,46.0,,deux_roues,,1,2,1,1,7
202200008358,2022-07-01 12:30:00,2022,7,1,12,30,92,92064,MONT VALERIEN,48.8524523206,2.2162627727,Plein jour,En agglomération,Intersection en T,Normale,Deux véhicules - côté,4,2,2,0,1,1,1,0,1,50,2,2,1,0,0,1,29.0,29.0,utilitaire_camion,deux_roues,1,2,3,1,3
202200008359,2022-07-01 12:10:00,2022,7,1,12,10,92,92064,PLACE CLEMENCEAU,48.8416328777,2.2218838781,Plein jour,En agglomération,Intersection en X,Normale,Deux véhicules - côté,3,-1,1,0,1,1,1,3,1,50,2,2,1,0,0,1,40.0,78.0,deux_roues,utilitaire_camion,1,2,2,1,3
202200008360,2022-07-01 09:40:00,2022,7,1,9,40,92,92063,HUGO (AVENUE VICTOR),48.8859679274,2.175655227,Plein jour,En agglomération,Intersection en T,Normale,Deux véhicules - côté,3,2,3,3,1,1,1,0,1,50,2,2,1,0,1,0,51.0,75.0,deux_roues,voiture,1,2,3,1,3
202200008361,2022-07-01 08:55:00,2022,7,1,8,55,92,92063,COLMAR (AVENUE DE),48.88676,2.17563,Plein jour,En agglomération,Hors intersection,Normale,Deux véhicules - frontale,3,1,5,1,1,1,1,0,5,50,2,2,0,0,0,2,29.0,24.0,deux_roues,deux_roues,1,2,1,1,1
202200008362,2022-07-01 21:45:00,2022,7,1,21,45,92,92050,VAILLANT COUTURIER PAUL RUE,48.8785557593,2.211847186,Nuit avec éclairage allumé,En agglomération,Hors intersection,Normale,Deux véhicules - côté,3,2,2,0,1,1,1,0,1,50,2,2,1,0,0,1,36.0,,deux_roues,voiture,5,2,1,1,3
202200008363,2022-07-01 19:40:00,2022,7,1,19,40,92,92020,PARIS AVENUE DE N° IMPAIRS,48.808258,2.295777,Plein jour,En agglomération,Hors intersection,Normale,Autre collision,3,2,2,0,1,1,1,0,1,50,1,2,1,0,0,1,25.0,,deux_roues,,1,2,1,1,6
202200008364,2022-06-30 18:00:00,2022,6,30,18,0,92,92040,GALLIENI (BOULEVARD),48.8281319495,2.2674673498,Plein jour,En agglomération,Hors intersection,Normale,Deux véhicules - côté,3,2,2,0,1,1,1,0,1,50,2,2,1,0,0,1,43.0,54.0,voiture,deux_roues,1,2,1,1,3
202200008365,2022-07-01 13:45:00,2022,7,1,13,45,92,92035,Général de Gaulle  ( avenue du ),48.9084581736,2.2554084062,Plein jour,En agglomération,Hors intersection,Normale,Deux véhicules - arrière,3,2,4,1,1,1,1,0,5,50,2,3,2,0,0,1,58.0,52.0,deux_roues,voiture,1,2,1,1,2
202200008366,2022-06-30 18:55:00,2022,6,30,18,55,92,92035,Cambon ( rue ),48.9130485168,2.2566178143,Plein jour,En agglomération,Hors intersection,Normale,Autre collision,4,1,1,0,1,1,1,0,1,30,1,2,1,0,0,1,38.0,,voiture,,1,2,1,1,6