accident_id,datetime,annee,mois,jour,heure,minute,departement,commune_insee,adresse,latitude,longitude,luminosite,agglomeration,intersection,meteo,collision,catr,circ,nbv,vosp,prof,plan,surf,infra,situ,vma,nb_vehicules,nb_usagers,nb_indemnes,nb_tues,nb_blesses_hosp,nb_blesses_legers,age_cond_1,age_cond_2,veh_type_cond_1,veh_type_cond_2,lum_code,agg_code,int_code,atm_code,col_code
202200008552,2022-02-09 08:00:00,2022,2,9,8,0,69,69282,Avenue Docteur Schweitzer,45.76628,5.0291,Crépuscule ou aube,En agglomération,Intersection en X,Normale,Deux véhicules - frontale,4,4,2,1,1,1,1,0,1,50,2,2,1,0,0,1,35.0,42.0,deux_roues,utilitaire_camion,2,2,2,1,1
202200008553,2022-02-09 08:30:00,2022,2,9,8,30,69,69013,Avenue de Joux,46.00798,4.72674,Plein jour,En agglomération,Hors intersection,Normale,Deux véhicules - arrière,3,2,2,0,1,2,1,0,1,50,2,2,1,0,0,1,42.0,31.0,utilitaire_camion,autre,1,2,1,1,2
202200008554,2022-02-09 11:25:00,2022,2,9,11,25,67,67482,ROBERTSAU (ALLEE DE LA),48.58616,7.76287,Plein jour,En agglomération,Intersection en T,Normale,Deux véhicules - côté,4,3,4,0,1,1,1,0,1,50,2,8,2,0,0,6,67.0,49.0,voiture,transport_commun,1,2,3,1,3
202200008555,2022-02-08 20:10:00,2022,2,8,20,10,67,67482,SCHIRMECK (ROUTE DE),48.562,7.69748,Nuit avec éclairage allumé,En agglomération,Intersection en T,Normale,Autre collision,7,2,3,2,1,1,1,5,1,50,1,2,1,0,0,1,31.0,,voiture,,5,2,3,1,6
202200008556,2022-02-05 19:35:00,2022,2,5,19,35,67,67482,ROBERTSAU (ALLEE DE LA),48.589313985,7.7666071057,Nuit avec éclairage allumé,En agglomération,Hors intersection,Normale,Autre collision,4,3,4,0,1,1,1,0,1,50,1,2,1,0,1,0,46.0,,voiture,,5,2,1,1,6
202200008557,2022-02-09 11:00:00,2022,2,9,11,0,64,64132,RENE CHAR,43.30687,-0.32773,Plein jour,En agglomération,Intersection en X,Normale,Deux véhicules - côté,4,2,3,0,1,1,1,0,1,50,2,2,1,0,0,1,42.0,64.0,voiture,deux_roues,1,2,2,1,3
202200008558,2022-02-09 08:40:00,2022,2,9,8,40,64,64348,MARTYRS DU PONT LONG DES,43.339299,-0.380004,Plein jour,Hors agglomération,Giratoire,Normale,Deux véhicules - côté,3,2,2,0,1,2,1,0,1,50,2,2,1,0,0,1,59.0,57.0,voiture,deux_roues,1,1,6,1,3
202200008559,2022-02-08 14:02:00,2022,2,8,14,2,63,63113,CLEMENTEL (BD ETIENNE),45.81309,3.10946,Plein jour,En agglomération,Hors intersection,Normale,Deux véhicules - arrière,7,3,4,0,1,1,1,0,1,50,2,2,1,0,0,1,43.0,27.0,voiture,voiture,1,2,1,1,2
202200008560,2022-02-09 08:55:00,2022,2,9,8,55,60,60159,Rue du Docteur Schweitzer,49.39964,2.8001,Plein jour,En agglomération,Hors intersection,Normale,Autre collision,4,2,2,0,1,3,1,0,1,50,1,2,1,0,1,0,30.0,,utilitaire_camion,,1,2,1,1,6
202200008561,2022-01-06 08:45:00,2022,1,6,8,45,59,59220,CARNOT RUE,50.6059207993,3.0665588379,Plein jour,En agglomération,Hors intersection,Normale,Deux véhicules - côté,4,2,1,0,1,1,1,0,1,50,2,2,1,0,0,1,21.0,28.0,voiture,deux_roues,1,2,1,1,3
202200008562,2022-02-09 08:15:00,2022,2,9,8,15,59,59350,HUGO VICTOR  BVD N°104 - 294,50.6215245833,3.0596119165,Crépuscule ou aube,En agglomération,Hors intersection,Normale,Deux véhicules - côté,4,1,1,0,1,1,1,0,1,50,2,2,1,0,0,1,40.0,23.0,deux_roues,voiture,2,2,1,1,3
202200008563,2022-02-09 11:50:00,2022,2,9,11,50,54,54483,VILLE EN VERMOIS (ROUTE DE),48.62355,6.29017,Plein jour,En agglomération,Hors intersection,Normale,Deux véhicules - arrière,3,2,2,0,2,1,1,0,1,50,2,2,1,0,0,1,41.0,41.0,voiture,voiture,1,2,1,1,2
202200008564,2022-02-09 18:00:00,2022,2,9,18,0,51,51454,Rue Payen,49.2508570675,4.0241027706,Nuit avec éclairage allumé,En agglomération,Hors intersection,Normale,Sans collision,4,1,2,0,1,1,1,0,4,30,1,1,0,0,1,0,85.0,,utilitaire_camion,,5,2,1,1,7
202200008565,2022-02-09 17:45:00,2022,2,9,17,45,51,51454,Rue Chrétien de Troyes,49.21275,4.01623,Nuit avec éclairage allumé,En agglomération,Giratoire,Normale,Deux véhicules - arrière,3,1,2,0,1,1,1,0,1,50,2,2,1,0,0,1,68.0,42.0,transport_commun,deux_roues,5,2,6,1,2
202200008566,2022-02-09 16:10:00,2022,2,9,16,10,51,51454,Rue Duquenelle,49.2655318443,4.0298750929,Plein jour,En agglomération,Hors intersection,Normale,Sans collision,4,1,1,0,1,1,1,0,1,30,1,2,1,0,0,1,,,utilitaire_camion,,1,2,1,1,7
202200008567,2022-02-09 08:50:00,2022,2,9,8,50,51,51454,Rue Gustave Laurent,49.25455,4.04825,Plein jour,En agglomération,Intersection en X,Normale,Deux véhicules - côté,4,2,2,0,1,1,1,0,1,50,2,2,0,0,0,2,65.0,66.0,voiture,voiture,1,2,2,1,3
202200008568,2022-02-08 18:02:00,2022,2,8,18,2,50,50502,MONTS (lieu dit Les),49.132495,-1.068352,Crépuscule ou aube,Hors agglomération,Intersection en T,Temps couvert,Deux véhicules - frontale,3,2,2,0,2,1,1,0,1,80,2,2,1,0,1,0,35.0,18.0,voiture,deux_roues,2,1,3,8,1
202200008569,2022-02-08 21:14:00,2022,2,8,21,14,49,49007,FAURE QUAI,47.4808,-0.55053,Nuit avec éclairage allumé,En agglomération,Hors intersection,Normale,Deux véhicules - arrière,3,2,2,0,1,1,1,0,1,50,2,2,1,0,0,1,72.0,32.0,voiture,voiture,5,2,1,1,2
202200008570,2022-02-08 16:26:00,2022,2,8,16,26,49,49007,ROBERT BOULEVARD,47.47715,-0.55273,Plein jour,En agglomération,Hors intersection,Normale,Deux véhicules - côté,4,2,2,0,1,1,1,0,1,50,2,2,1,0,0,1,24.0,30.0,deux_roues,voiture,1,2,1,1,3
202200008571,2022-02-08 12:24:00,2022,2,8,12,24,49,49007,LICES,47.46751,-0.55562,Plein jour,En agglomération,Hors intersection,Normale,Deux véhicules - arrière,4,2,2,1,1,1,1,0,5,30,2,2,0,0,0,2,21.0,47.0,deux_roues,deux_roues,1,2,1,1,2
202200008572,2022-02-09 17:00:00,2022,2,9,17,0,43,43157,45 Rue de la Gazelle,45.04503,3.89457,Plein jour,En agglomération,Autre intersection,Normale,Deux véhicules - arrière,4,1,1,0,1,1,1,6,1,50,2,2,1,0,0,1,16.0,17.0,deux_roues,deux_roues,1,2,9,1,2
202200008573,2022-02-09 17:54:00,2022,2,9,17,54,38,38185,CHENOISE (RUE),45.19349,5.7311,Crépuscule ou aube,En agglomération,Hors intersection,Normale,Autre collision,4,1,10,0,1,1,1,0,1,50,1,2,1,0,0,1,25.0,,deux_roues,,2,2,1,1,6
202200008574,2022-02-09 11:10:00,2022,2,9,11,10,37,37122,,47.36307,0.64872,Plein jour,Hors agglomération,Hors intersection,Normale,Deux véhicules - arrière,7,3,4,0,1,1,1,0,1,90,2,4,3,0,0,1,41.0,42.0,utilitaire_camion,voiture,1,1,1,1,2
202200008575,2022-02-09 05:45:00,2022,2,9,5,45,37,37261,MIRABEAU (RUE),47.397397828,0.6993484497,Nuit avec éclairage allumé,En agglomération,Hors intersection,Normale,Autre collision,4,2,3,0,1,1,1,0,1,50,1,1,0,0,1,0,20.0,,voiture,,5,2,1,1,6
202200008576,2022-02-08 19:50:00,2022,2,8,19,50,37,37050,RD 37,47.3221014879,0.6992197037,Nuit sans éclairage public,En agglomération,Hors intersection,Normale,Autre collision,7,3,4,0,1,2,1,0,1,90,1,1,0,0,0,1,25.0,,voiture,,3,2,1,1,6
202200008577,2022-02-09 15:50:00,2022,2,9,15,50,35,35238,Avenue de Cucillé,48.1283,-1.70104,Plein jour,En agglomération,Hors intersection,Normale,Autre collision,4,2,0,0,1,1,1,0,4,50,1,2,0,0,0,2,21.0,,voiture,,1,2,1,1,6
202200008578,2022-02-09 07:35:00,2022,2,9,7,35,33,33318,Avenue de Beutre,44.80094,-0.68538,Crépuscule ou aube,En agglomération,Giratoire,Normale,Deux véhicules - côté,4,2,2,2,1,1,1,0,1,50,2,2,1,0,0,1,58.0,28.0,voiture,deux_roues,2,2,6,1,3
202200008579,2022-02-10 00:10:00,2022,2,10,0,10,31,31555,PL ANDRE ABBAL,43.57052,1.40245,Nuit avec éclairage allumé,En agglomération,Autre intersection,Normale,Autre collision,4,1,1,0,1,1,1,0,1,30,1,2,1,0,0,1,,,voiture,,5,2,9,1,6
202200008580,2022-02-03 16:50:00,2022,2,3,16,50,30,30189,Boulevard des Francais Libres,43.82422,4.32746,Plein jour,En agglomération,Hors intersection,Normale,Deux véhicules - côté,2,1,2,0,1,1,1,0,1,70,2,2,1,0,1,0,,75.0,voiture,deux_roues,1,2,1,1,3
202200008581,2022-02-08 18:34:00,2022,2,8,18,34,29,29232,Route de Brest,48.0217,-4.08388,Nuit sans éclairage public,Hors agglomération,Hors intersection,Normale,Autre collision,3,2,2,0,4,1,1,0,3,70,1,2,0,0,0,2,72.0,,voiture,,3,1,1,1,6
202200008582,2022-02-08 19:20:00,2022,2,8,19,20,29,29039,Rue des Martins Pêcheurs,47.873845,-3.891913,Nuit avec éclairage allumé,En agglomération,Hors intersection,Pluie légère,Autre collision,4,2,2,0,1,2,2,0,8,50,1,2,0,0,0,2,49.0,,voiture,,5,2,1,2,6
202200008583,2022-02-09 16:15:00,2022,2,9,16,15,22,22278,PARIS (DE),48.50268,-2.73823,Plein jour,En agglomération,Giratoire,Normale,Deux véhicules - arrière,3,2,2,0,1,1,1,5,1,50,2,2,1,0,0,1,15.0,75.0,deux_roues,voiture,1,2,6,1,2
202200008584,2022-02-09 18:35:00,2022,2,9,18,35,14,14341,Rue de Rocquancourt,49.14296,-0.34057,Nuit avec éclairage allumé,En agglomération,Hors intersection,Normale,Autre collision,4,2,2,0,1,1,1,0,1,50,1,2,1,0,0,1,34.0,,voiture,,5,2,1,1,6
202200008585,2022-02-09 20:10:00,2022,2,9,20,10,13,13054,8 MAI 1945 (AV DU ),43.4136122323,5.2216152197,Nuit avec éclairage allumé,En agglomération,Giratoire,Normale,Deux véhicules - arrière,4,1,1,0,1,1,1,5,1,50,2,2,0,0,0,1,,39.0,voiture,deux_roues,5,2,6,1,2
202200008586,2022-02-08 19:30:00,2022,2,8,19,30,13,13103,AVENUE JUIN - DU 18 ... 1940,43.6281765074,5.1142271116,Nuit sans éclairage public,En agglomération,Hors intersection,Normale,Deux véhicules - côté,4,2,1,0,1,1,1,0,1,50,1,2,1,0,0,1,29.0,,voiture,,3,2,1,1,3
202200008587,2022-02-09 20:34:00,2022,2,9,20,34,13,13047,NELSON MANDELA ROND POINT,43.4987,4.98658,Nuit avec éclairage allumé,En agglomération,Autre intersection,Normale,Deux véhicules - côté,4,3,2,1,1,3,1,0,1,50,2,2,1,0,0,1,56.0,19.0,voiture,voiture,5,2,9,1,3
202200008588,2022-02-09 00:15:00,2022,2,9,0,15,06,06088,CESSOLE (BD DE) (JUSQU'AU N° 93-110),43.717453,7.25292,Nuit avec éclairage allumé,En agglomération,Intersection en T,Normale,Deux véhicules - côté,4,2,3,3,2,1,1,0,1,50,2,4,2,0,1,1,20.0,48.0,voiture,deux_roues,5,2,3,1,3
202200008589,2022-02-08 17:35:00,2022,2,8,17,35,06,06069,Pénétrante,43.635495,6.945232,Plein jour,Hors agglomération,Hors intersection,Normale,Deux véhicules - arrière,3,3,1,0,2,1,1,0,1,70,2,2,1,0,0,1,38.0,21.0,voiture,deux_roues,1,1,1,1,2
202200008590,2022-02-09 09:15:00,2022,2,9,9,15,02,02738,16 Rue du Mauger,49.6492398,3.31852,Plein jour,Hors agglomération,Hors intersection,Temps éblouissant,Deux véhicules - arrière,4,2,2,0,1,1,1,0,1,50,2,2,1,0,0,1,63.0,16.0,voiture,deux_roues,1,1,1,7,2
202200008591,2022-02-08 13:22:00,2022,2,8,13,22,75,75116,BD PERIPHERIQUE EXTERIEUR,48.8764458841,2.2783246636,Plein jour,En agglomération,Hors intersection,Normale,Deux véhicules - arrière,4,1,4,0,1,1,1,0,1,70,2,2,1,0,0,1,36.0,37.0,utilitaire_camion,deux_roues,1,2,1,1,2
202200008592,2022-02-09 10:10:00,2022,2,9,10,10,75,75105,RUE GAY LUSSAC,48.8451,2.341669,Plein jour,En agglomération,Hors intersection,Normale,Sans collision,4,3,3,0,2,1,1,0,1,30,1,1,0,0,0,1,59.0,,deux_roues,,1,2,1,1,7
202200008593,2022-02-09 16:35:00,2022,2,9,16,35,75,75120,AVENUE DE LA PORTE DE BAGNOLET,48.8644742062,2.4089978635,Plein jour,En agglomération,Place,Normale,Deux véhicules - côté,4,1,3,0,1,1,1,0,1,30,2,2,1,0,0,1,23.0,30.0,utilitaire_camion,deux_roues,1,2,7,1,3
202200008594,2022-02-08 12:40:00,2022,2,8,12,40,75,75120,BOULEVARD DAVOUT,48.85353,2.410786,Plein jour,En agglomération,Intersection en X,Normale,Deux véhicules - côté,4,3,2,3,1,1,1,-1,6,50,2,4,2,0,0,2,44.0,22.0,transport_commun,voiture,1,2,2,1,3
202200008595,2022-02-09 14:00:00,2022,2,9,14,0,75,75119,AVENUE JEAN JAURES,48.8881090014,2.3905791342,Plein jour,En agglomération,Hors intersection,Normale,Deux véhicules - côté,4,2,3,0,1,1,1,0,1,30,2,2,1,0,0,1,35.0,18.0,voiture,deux_roues,1,2,1,1,3
202200008596,2022-02-09 15:30:00,2022,2,9,15,30,75,75118,RUE DE LA CHAPELLE,48.8955230765,2.3593293875,Plein jour,En agglomération,Place,Normale,Deux véhicules - côté,4,2,4,0,1,1,1,0,1,30,2,2,1,0,0,1,,16.0,deux_roues,deux_roues,1,2,7,1,3
202200008597,2022-02-09 11:40:00,2022,2,9,11,40,75,75117,RUE LEGENDRE,48.891928,2.326169,Plein jour,En agglomération,Intersection en X,Normale,Deux véhicules - côté,4,1,1,1,1,1,1,-1,5,30,2,2,1,0,0,1,64.0,39.0,utilitaire_camion,deux_roues,1,2,2,1,3
202200008598,2022-02-08 23:00:00,2022,2,8,23,0,75,75113,RUE DE LA GLACIERE,48.831106,2.344242,Nuit avec éclairage allumé,En agglomération,Intersection en X,Normale,Deux véhicules - côté,4,2,2,0,1,1,1,0,1,30,2,2,1,0,0,1,22.0,29.0,deux_roues,deux_roues,5,2,2,1,3
202200008599,2022-02-09 12:20:00,2022,2,9,12,20,75,75112,AVENUE DAUMESNIL,48.840634,2.39114,Plein jour,En agglomération,Intersection en T,Normale,Autre collision,4,2,2,0,2,1,1,0,1,30,1,2,1,0,0,1,39.0,,utilitaire_camion,,1,2,3,1,6
202200008600,2022-02-08 23:20:00,2022,2,8,23,20,75,75112,QUAI DE BERCY,48.836881,2.377853,Nuit avec éclairage allumé,En agglomération,Hors intersection,Normale,Deux véhicules - arrière,4,3,3,0,1,1,1,0,1,50,2,3,2,0,0,1,25.0,35.0,voiture,voiture,5,2,1,1,2
202200008601,2022-02-08 22:33:00,2022,2,8,22,33,75,75112,AVENUE DE LA PORTE DE CHARENTON,48.831663,2.397865,Nuit avec éclairage allumé,En agglomération,Intersection en X,Normale,Deux véhicules - côté,4,2,4,0,1,1,1,0,1,30,2,2,1,0,0,1,24.0,,deux_roues,utilitaire_camion,5,2,2,1,3
202200008602,2022-02-09 17:00:00,2022,2,9,17,0,75,75111,BOULEVARD DE CHARONNE,48.8578140625,2.3919859529,Plein jour,En agglomération,Intersection en T,Normale,Sans collision,4,1,2,0,1,1,1,0,1,30,1,1,0,0,0,1,24.0,,deux_roues,,1,2,3,1,7
202200008603,2022-02-09 12:35:00,2022,2,9,12,35,75,75108,PLACE DE LA CONCORDE,48.864086,2.320123,Plein jour,En agglomération,Place,Normale,Autre collision,4,2,8,1,1,1,1,-1,5,50,1,1,0,0,0,1,65.0,,deux_roues,,1,2,7,1,6
202200008604,2022-02-08 07:45:00,2022,2,8,7,45,75,75108,RUE LINCOLN,48.871089,2.303521,Nuit avec éclairage allumé,En agglomération,Intersection en T,Normale,Autre collision,4,2,2,0,1,1,1,0,1,30,1,2,1,0,0,1,76.0,,voiture,,5,2,3,1,6
202200008605,2022-02-09 07:20:00,2022,2,9,7,20,75,75107,BOULEVARD RASPAIL,48.852906,2.326316,Crépuscule ou aube,En agglomération,Hors intersection,Normale,Deux véhicules - côté,4,1,0,3,1,1,1,-1,6,30,2,2,1,0,0,1,46.0,53.0,voiture,deux_roues,2,2,1,1,3
202200008606,2022-02-09 09:10:00,2022,2,9,9,10,94,94067,Avenue Foch,48.84569,2.41966,Plein jour,En agglomération,Hors intersection,Normale,Deux véhicules - arrière,3,2,2,0,1,1,1,0,1,50,2,2,1,0,0,1,42.0,40.0,deux_roues,voiture,1,2,1,1,2
202200008607,2022-02-08 17:05:00,2022,2,8,17,5,94,94068,Avenue du Bel Air,48.80674,2.50392,Crépuscule ou aube,En agglomération,Intersection en X,Normale,Deux véhicules - côté,4,2,2,0,1,1,1,0,1,30,2,2,1,0,0,1,37.0,25.0,voiture,transport_commun,2,2,2,1,3
202200008608,2022-02-09 15:50:00,2022,2,9,15,50,94,94046,5 Rue de Marne,48.807352,2.459984,Plein jour,En agglomération,Hors intersection,Normale,Deux véhicules - côté,4,2, -1,0,1,1,1,0,4,30,2,2,1,0,0,1,4.0,25.0,deux_roues,voiture,1,2,1,1,3
202200008609,2022-02-09 10:35:00,2022,2,9,10,35,94,94046,Rue du Capitaine R Deplanque,48.80242,2.42781,Plein jour,En agglomération,Intersection en X,Normale,Deux véhicules - côté,4,2,1,0,1,1,1,0,1,30,2,2,1,0,0,1,15.0,47.0,deux_roues,voiture,1,2,2,1,3
202200008610,2022-02-08 11:55:00,2022,2,8,11,55,94,94019,Rue Aristide Briand,48.79406,2.53328,Plein jour,En agglomération,Hors intersection,Temps couvert,Deux véhicules - côté,3,2,2,0,1,1,1,0,1,50,2,2,1,0,0,1,53.0,66.0,deux_roues,voiture,1,2,1,8,3
202200008611,2022-02-09 19:50:00,2022,2,9,19,50,94,94079,Rue du Regard des Luats,48.81981,2.53226,Nuit avec éclairage allumé,En agglomération,Autre intersection,Normale,Deux véhicules - frontale,4,2,2,0,2,1,1,0,1,50,2,2,1,0,0,1,46.0,48.0,deux_roues,utilitaire_camion,5,2,9,1,1
202200008612,2022-02-09 14:50:00,2022,2,9,14,50,94,94004,Avenue du Général Leclerc / Rue de la Fontaine,48.7498442258,2.5083632468,Plein jour,En agglomération,Intersection en X,Normale,Autre collision,2,2,4,0,2,1,1,6,4,50,1,2,1,0,0,1,58.0,,deux_roues,,1,2,2,1,6
202200008613,2022-02-08 22:30:00,2022,2,8,22,30,93,93032,GAY     (ALLEE),48.8969,2.53788,Nuit avec éclairage allumé,En agglomération,Intersection en X,Normale,Deux véhicules - côté,4,1,1,0,1,1,1,0,1,50,2,2,1,0,0,1,27.0,20.0,deux_roues,voiture,5,2,2,1,3
202200008614,2022-02-09 15:50:00,2022,2,9,15,50,93,93055,HUIT MAI 1945 (AVENUE DU),48.89109,2.4113,Plein jour,En agglomération,Hors intersection,Normale,Autre collision,4,1,2,1,1,1,1,0,1,30,1,2,1,0,0,1,,,voiture,,1,2,1,1,6
202200008615,2022-02-09 09:10:00,2022,2,9,9,10,93,93050,FONTAINEBLEAU (ESPLANADE),48.8627844029,2.535803318,Plein jour,En agglomération,Hors intersection,Normale,Deux véhicules - côté,4,-1,2,0,1,1,1,0,1,50,2,2,1,0,0,1,66.0,32.0,voiture,deux_roues,1,2,1,1,3
202200008616,2022-02-08 23:17:00,2022,2,8,23,17,93,93063,AVENUE GASTON ROUSSEL,48.893594581,2.4361809473,Nuit avec éclairage allumé,En agglomération,Hors intersection,Normale,Deux véhicules - frontale,3,2,2,0,1,1,1,0,1,50,2,2,1,0,0,1,19.0,35.0,voiture,transport_commun,5,2,1,1,1
202200008617,2022-02-09 16:40:00,2022,2,9,16,40,93,93031,Route d'Argenteuil,48.959895,2.291663,Plein jour,En agglomération,Hors intersection,Normale,Autre collision,3,2,2,0,1,1,1,0,1,50,1,2,1,0,1,0,27.0,,voiture,,1,2,1,1,6
202200008618,2022-02-09 13:15:00,2022,2,9,13,15,93,93008,Rue de la République / Rue Albert Einstein,48.90704,2.42951,Plein jour,En agglomération,Intersection en T,Normale,Deux véhicules - côté,3,3,2,0,1,1,1,0,1,50,2,2,1,0,0,1,48.0,19.0,deux_roues,voiture,1,2,3,1,3
202200008619,2022-02-09 10:10:00,2022,2,9,10,10,92,92050,SADI CARNOT RUE,48.8876155699,2.2067562863,Plein jour,En agglomération,Hors intersection,Normale,Autre collision,4,2,2,2,2,1,1,0,1,50,1,2,1,0,0,1,45.0,,voiture,,1,2,1,1,6
202200008620,2022-02-09 11:55:00,2022,2,9,11,55,92,92049,BRIAND AVENUE ARISTIDE N°1 A 129,48.8139610249,2.3259604275,Plein jour,En agglomération,Hors intersection,Normale,Autre collision,3,1,4,1,1,1,1,0,1,50,1,1,0,0,0,1,37.0,,deux_roues,,1,2,1,1,6
202200008621,2022-02-08 08:45:00,2022,2,8,8,45,92,92049,JAURES AVENUE JEAN N°53 A FIN,48.8144000247,2.3082591891,Crépuscule ou aube,En agglomération,Hors intersection,Normale,Sans collision,4,2,2,0,1,1,1,0,1,50,1,1,0,0,0,1,56.0,,deux_roues,,2,2,1,1,7
202200008622,2022-02-08 18:40:00,2022,2,8,18,40,92,92036,LAURENT CELY (AVENUE) (2/152),48.9221886796,2.3061473519,Crépuscule ou aube,En agglomération,Intersection en X,Normale,Trois véhicules et plus - collisions multiples,3,3,2,0,1,1,1,0,1,50,4,4,2,0,0,2,31.0,29.0,voiture,voiture,2,2,2,1,5
202200008623,2022-02-09 09:25:00,2022,2,9,9,25,92,92026,FICATIER,48.8919702184,2.258069694,Plein jour,En agglomération,Hors intersection,Normale,Deux véhicules - arrière,4,2,4,0,1,1,1,0,1,50,2,2,1,0,0,1,31.0,46.0,voiture,deux_roues,1,2,1,1,2
202200008624,2022-02-08 13:40:00,2022,2,8,13,40,92,92026,PUVIS DE CHAVANNES,48.8990463828,2.2351628244,Plein jour,En agglomération,Hors intersection,Normale,Sans collision,4,-1,1,0,1,1,1,6,4,30,1,1,0,0,0,1,14.0,,deux_roues,,1,2,1,1,7
202200008625,2022-02-09 14:56:00,2022,2,9,14,56,92,92024,CLICHY (QUAI DE) DE (104 A 202),48.9106464376,2.3060554862,Plein jour,En agglomération,Giratoire,Normale,Trois véhicules et plus - en chaîne,3,3,4,1,1,1,1,9,1,50,3,3,2,0,0,1,34.0,77.0,deux_roues,voiture,1,2,6,1,4
202200008626,2022-08-01 14:00:00,2022,8,1,14,0,75,75112,PORTE DE CHARENTON,48.830276,2.402037,Plein jour,En agglomération,Hors intersection,Normale,Trois véhicules et plus - en chaîne,4,1,4,0,1,1,1,0,1,70,3,4,3,0,0,1,40.0,42.0,utilitaire_camion,utilitaire_camion,1,2,1,1,4
202200008627,2022-08-03 19:00:00,2022,8,3,19,0,75,75119,AVENUE CORENTIN CARIOU,48.895808,2.383576,Plein jour,En agglomération,Intersection en X,Normale,Autre collision,4,2,3,0,1,1,1,0,1,30,1,1,0,0,0,1,40.0,,deux_roues,,1,2,2,1,6
202200008628,2022-08-02 23:30:00,2022,8,2,23,30,75,75119,PLACE AUGUSTE BARON,48.900938,2.388211,Nuit avec éclairage allumé,En agglomération,Place,Normale,Deux véhicules - côté,4,1,2,0,1,2,1,0,1,30,2,4,3,0,0,1,,21.0,utilitaire_camion,utilitaire_camion,5,2,7,1,3
202200008629,2022-08-03 09:10:00,2022,8,3,9,10,75,75116,ALLEE DE LA REINE MARGUERITE,48.868932,2.251732,Plein jour,En agglomération,Hors intersection,Normale,Deux véhicules - côté,4,2,2,0,1,1,1,0,1,30,2,2,1,0,0,1,52.0,66.0,deux_roues,voiture,1,2,1,1,3
202200008630,2022-08-03 19:45:00,2022,8,3,19,45,75,75111,AVENUE LEDRU ROLLIN,48.853913,2.377662,Plein jour,En agglomération,Hors intersection,Normale,Deux véhicules - côté,4,2,2,0,1,1,1,0,1,30,2,2,1,0,0,1,47.0,29.0,voiture,deux_roues,1,2,1,1,3
202200008631,2022-08-03 17:24:00,2022,8,3,17,24,75,75108,AVENUE DE MARIGNY,48.869041,2.314775,Plein jour,En agglomération,Intersection en T,Normale,Deux véhicules - arrière,4,2,3,3,1,1,1,0,1,30,2,2,0,0,0,2,24.0,43.0,deux_roues,deux_roues,1,2,3,1,2
202200008632,2022-08-03 16:30:00,2022,8,3,16,30,75,75104,RUE DE RIVOLI,48.856572,2.355473,Plein jour,En agglomération,Intersection en X,Normale,Autre collision,4,2,5,1,1,1,1,0,5,30,1,1,0,0,0,1,32.0,,deux_roues,,1,2,2,1,6
202200008633,2022-08-03 14:45:00,2022,8,3,14,45,75,75103,BOULEVARD DE SEBASTOPOL,48.863402,2.35095,Plein jour,En agglomération,Intersection en X,Normale,Deux véhicules - côté,4,2,5,1,1,1,1,0,5,30,2,2,1,0,0,1,33.0,56.0,deux_roues,voiture,1,2,2,1,3
202200008634,2022-08-02 09:00:00,2022,8,2,9,0,94,94017,TUNNEL CHAMPIGNY SUR MARNE,48.828657,2.501321,Plein jour,Hors agglomération,Autre intersection,Normale,Trois véhicules et plus - en chaîne,1,3,6,0,1,1,1,1,6,130,3,3,2,0,0,1,41.0,51.0,utilitaire_camion,voiture,1,1,9,1,4
202200008635,2022-08-01 21:55:00,2022,8,1,21,55,94,94041,HENRI MARTIN (R),48.80605,2.37291,Nuit avec éclairage allumé,En agglomération,Hors intersection,Normale,Deux véhicules - côté,4,2,2,0,1,1,1,0,1,50,2,2,1,0,0,1,35.0,26.0,voiture,deux_roues,5,2,1,1,3
202200008636,2022-08-03 11:30:00,2022,8,3,11,30,94,94073,Avenue du Général de Gaulle,48.7681,2.3733,Plein jour,En agglomération,Autre intersection,Temps éblouissant,Deux véhicules - côté,3,2,2,1,1,1,1,0,1,50,2,3,2,0,0,1,41.0,57.0,voiture,deux_roues,1,2,9,7,3
202200008637,2022-08-03 15:15:00,2022,8,3,15,15,94,94018,Avenue de Gravelle / Chemin du Cimetière,48.82468,2.41259,Plein jour,En agglomération,Intersection en X,Normale,Deux véhicules - côté,4,2,2,1,1,1,1,0,1,30,2,2,1,0,0,1,21.0,40.0,utilitaire_camion,deux_roues,1,2,2,1,3
202200008638,2022-08-02 16:00:00,2022,8,2,16,0,94,94017,24 Rue de Musselburgh ,48.8111287725,2.5159429014,Plein jour,En agglomération,Hors intersection,Temps éblouissant,Deux véhicules - côté,3,2,2,0,1,1,1,0,1,50,2,2,1,0,0,1,26.0,36.0,utilitaire_camion,deux_roues,1,2,1,7,3
202200008639,2022-08-03 13:10:00,2022,8,3,13,10,93,93073,Rue Hector Berlioz / Rue Jean Racine,48.96014,2.57435,Plein jour,En agglomération,Intersection en X,Normale,Deux véhicules - côté,4,2,2,0,1,1,1,0,1,50,2,2,0,0,2,0,45.0,41.0,deux_roues,voiture,1,2,2,1,3
202200008640,2022-08-03 15:10:00,2022,8,3,15,10,93,93077,Route de Noisy / Rue de la Fosse aux Bergers,48.88317,2.4969,Plein jour,En agglomération,Intersection en X,Normale,Deux véhicules - côté,3,1,4,0,1,1,1,0,1,50,2,2,1,0,1,0,27.0,59.0,voiture,voiture,1,2,2,1,3
202200008641,2022-08-03 10:30:00,2022,8,3,10,30,93,93051,Route de Neuilly / Boulevard Souchet,48.84809,2.5389,Plein jour,En agglomération,Intersection en X,Normale,Deux véhicules - côté,3,2,3,0,2,1,1,0,1,50,2,3,0,0,0,3,38.0,44.0,voiture,voiture,1,2,2,1,3
202200008642,2022-04-11 19:42:00,2022,4,11,19,42,93,93051,Rue de la République / Avenue du Marechal Joffre,48.84656,2.55638,Plein jour,En agglomération,Intersection en X,Normale,Deux véhicules - frontale,4,1,1,0,1,1,1,0,1,30,2,2,1,0,0,1,44.0,22.0,voiture,deux_roues,1,2,2,1,1