accident_id,datetime,annee,mois,jour,heure,minute,departement,commune_insee,adresse,latitude,longitude,luminosite,agglomeration,intersection,meteo,collision,catr,circ,nbv,vosp,prof,plan,surf,infra,situ,vma,nb_vehicules,nb_usagers,nb_indemnes,nb_tues,nb_blesses_hosp,nb_blesses_legers,age_cond_1,age_cond_2,veh_type_cond_1,veh_type_cond_2,lum_code,agg_code,int_code,atm_code,col_code
202200008828,2022-11-21 11:25:00,2022,11,21,11,25,75,75118,BOULEVARD NEY,48.898379,2.363848,Plein jour,En agglomération,Hors intersection,Temps couvert,Autre collision,4,1,0,0,1,1,1,0,1,30,1,2,1,0,0,1,31.0,,utilitaire_camion,,1,2,1,8,6
202200008829,2022-07-31 06:15:00,2022,7,31,6,15,974,97411,N1,-20.990471,55.289292,Crépuscule ou aube,Hors agglomération,Hors intersection,Normale,Autre collision,2,3,2,0,1,1,1,0,2,110,1,4,0,0,2,2,26.0,,voiture,,2,1,1,1,6
202200008830,2022-08-03 15:50:00,2022,8,3,15,50,80,80129,D938,50.025837,2.603164,Plein jour,Hors agglomération,Hors intersection,Normale,Deux véhicules - frontale,3,2,2,0,1,1,1,0,1,80,2,3,0,1,1,1,34.0,75.0,voiture,voiture,1,1,1,1,1
202200008831,2022-11-21 18:50:00,2022,11,21,18,50,75,75117,BOULEVARD BERTHIER,48.888703,2.301327,Nuit avec éclairage allumé,En agglomération,Hors intersection,Pluie légère,Autre collision,4,2,4,1,1,1,2,0,5,50,1,2,1,0,0,1,43.0,,deux_roues,,5,2,1,2,6
202200008832,2022-08-02 21:00:00,2022,8,2,21,0,2A,2A249,Route de Bonifacio,41.670435,8.914027,Nuit avec éclairage allumé,En agglomération,Hors intersection,Normale,Deux véhicules - côté,2,2,2,0,1,1,1,0,1,50,2,5,3,0,2,0,18.0,22.0,deux_roues,voiture,5,2,1,1,3
202200008833,2022-11-20 03:35:00,2022,11,20,3,35,75,75117,BOULEVARD BERTHIER,48.888034,2.299697,Nuit avec éclairage allumé,En agglomération,Intersection en X,Normale,Deux véhicules - côté,4,2,2,0,1,1,1,8,1,50,2,2,1,0,0,1,31.0,42.0,voiture,deux_roues,5,2,2,1,3
202200008834,2022-08-02 08:15:00,2022,8,2,8,15,2A,2A048,RD 81,42.034066,8.764848,Plein jour,Hors agglomération,Hors intersection,Normale,Deux véhicules - frontale,3,2,2,0,2,3,1,0,1,80,2,2,1,0,1,0,54.0,60.0,utilitaire_camion,voiture,1,1,1,1,1
202200008835,2022-06-01 12:52:00,2022,6,1,12,52,973,97302,BADUEL (ROUTE DE),4.9347,-52.31163,Plein jour,En agglomération,Hors intersection,Normale,Autre collision,3,2,2,2,1,1,1,0,1,50,1,2,1,0,0,1,,,deux_roues,,1,2,1,1,6
202200008836,2022-08-02 11:35:00,2022,8,2,11,35,33,33352,Rue des Remparts,44.582952,-0.034123,Plein jour,En agglomération,Hors intersection,Normale,Autre collision,6,-1,0,0,1,1,1,0,1,30,1,2,1,0,1,0,20.0,,voiture,,1,2,1,1,6
202200008837,2022-11-21 18:10:00,2022,11,21,18,10,75,75116,AVENUE D IENA,48.872298,2.295283,Nuit avec éclairage allumé,En agglomération,Intersection en X,Pluie légère,Deux véhicules - côté,4,2,4,0,1,1,2,5,1,30,2,2,1,0,0,1,27.0,43.0,deux_roues,deux_roues,5,2,2,2,3
202200008838,2022-06-01 16:30:00,2022,6,1,16,30,69,69387,Avenue Berthelot,45.74283,4.84978,Plein jour,En agglomération,Intersection en T,Normale,Autre collision,4,1,3,3,2,1,1,0,4,50,1,2,1,0,0,1,55.0,,deux_roues,,1,2,3,1,6
202200008839,2022-07-31 16:30:00,2022,7,31,16,30,74,74295,D902,46.317577,6.602826,Plein jour,Hors agglomération,Hors intersection,Normale,Deux véhicules - frontale,3,2,2,0,2,3,1,0,1,80,2,6,5,0,1,0,35.0,23.0,voiture,deux_roues,1,1,1,1,1
202200008840,2022-11-20 22:30:00,2022,11,20,22,30,75,75115,RUE DE VAUGIRARD,48.840027,2.302918,Nuit avec éclairage allumé,En agglomération,Hors intersection,Normale,Deux véhicules - arrière,4,1,1,1,1,1,1,9,1,30,2,2,1,0,0,1,22.0,27.0,deux_roues,deux_roues,5,2,1,1,2
202200008841,2022-06-01 13:51:00,2022,6,1,13,51,69,69388,Rue Audibert et Lavirotte,45.73999,4.85977,Plein jour,En agglomération,Hors intersection,Normale,Deux véhicules - côté,4,1,2,2,1,2,1,0,1,30,2,2,1,0,0,1,54.0,28.0,voiture,deux_roues,1,2,1,1,3
202200008842,2022-08-01 13:30:00,2022,8,1,13,30,71,71494,A6 Pk 375.700 sens Paris/Lyon,46.4095,4.85832,Plein jour,Hors agglomération,Hors intersection,Normale,Autre collision,1,3,5,0,1,1,1,0,2,130,1,1,0,0,1,0,24.0,,utilitaire_camion,,1,1,1,1,6
202200008843,2022-08-02 20:00:00,2022,8,2,20,0,10,10340,,48.2599056899,3.9840728045,Crépuscule ou aube,Hors agglomération,Hors intersection,Normale,Deux véhicules - frontale,3,2,2,0,1,2,1,0,1,80,2,2,0,0,2,0,31.0,32.0,voiture,voiture,2,1,1,1,1
202200008844,2022-06-01 16:30:00,2022,6,1,16,30,91,91339,PL ERNEST PILLON,48.631482,2.266964,Plein jour,En agglomération,Place,Normale,Deux véhicules - arrière,4,-1,2,0,1,1,1,0,1,20,2,2,1,0,0,1,31.0,,voiture,voiture,1,2,7,1,2
202200008845,2022-08-01 00:45:00,2022,8,1,0,45,972,97221,D7 PK 1.5,14.527985,-60.996373,Nuit sans éclairage public,Hors agglomération,Hors intersection,Normale,Autre collision,3,2,2,0,1,1,1,0,1,80,1,2,1,0,1,0,37.0,,voiture,,3,1,1,1,6
202200008846,2022-11-07 18:20:00,2022,11,7,18,20,75,75112,BOULEVARD SOULT,48.845022,2.410658,Crépuscule ou aube,En agglomération,Hors intersection,Normale,Autre collision,4,1,1,3,1,1,1,0,4,50,1,2,1,0,0,1,,,deux_roues,,2,2,1,1,6
202200008847,2022-08-03 06:35:00,2022,8,3,6,35,12,12157,N88,44.40261,2.741116,Crépuscule ou aube,Hors agglomération,Hors intersection,Temps éblouissant,Deux véhicules - frontale,2,2,2,0,1,1,1,0,1,80,2,2,1,1,0,0,57.0,39.0,utilitaire_camion,utilitaire_camion,2,1,1,7,1
202200008848,2022-06-01 08:25:00,2022,6,1,8,25,91,91421,MARECHAL  LYAUTEY (AVENUE DU),48.699029,2.469931,Plein jour,En agglomération,Intersection en Y,Normale,Deux véhicules - côté,4,2,2,0,1,1,1,9,1,30,2,2,1,0,0,1,57.0,26.0,voiture,deux_roues,1,2,4,1,3
202200008849,2022-11-21 20:20:00,2022,11,21,20,20,75,75111,BOULEVARD RICHARD LENOIR,48.864005,2.370683,Nuit avec éclairage allumé,En agglomération,Intersection en X,Pluie légère,Deux véhicules - côté,4,1,2,0,1,1,2,0,1,30,2,2,0,0,1,1,32.0,29.0,deux_roues,deux_roues,5,2,2,2,3
202200008850,2022-08-02 17:15:00,2022,8,2,17,15,65,65340,N21,43.275749,0.108141,Plein jour,En agglomération,Intersection en X,Normale,Deux véhicules - côté,2,2,2,0,1,1,1,5,1,70,2,2,1,0,1,0,52.0,64.0,utilitaire_camion,deux_roues,1,2,2,1,3
202200008851,2022-05-30 10:15:00,2022,5,30,10,15,91,91421,REPUBLIQUE (AVENUE DE LA),48.70303,2.46259,Plein jour,En agglomération,Autre intersection,Normale,Autre collision,4,2,2,0,1,1,1,0,1,30,1,2,1,0,0,1,95.0,,voiture,,1,2,9,1,6
202200008852,2022-08-02 19:30:00,2022,8,2,19,30,30,30110,,44.028702,4.502227,Plein jour,Hors agglomération,Hors intersection,Temps éblouissant,Autre collision,3,2,2,0,2,2,1,0,3,80,1,1,0,0,1,0,32.0,,deux_roues,,1,1,1,7,6
202200008853,2022-11-21 17:00:00,2022,11,21,17,0,75,75110,BOULEVARD DE STRASBOURG,48.875855,2.35809,Crépuscule ou aube,En agglomération,Intersection en T,Pluie légère,Autre collision,4,1,0,1,3,1,2,6,5,30,1,2,1,0,0,1,23.0,,deux_roues,,2,2,3,2,6
202200008854,2022-06-01 15:55:00,2022,6,1,15,55,91,91434,ROGER SALENGRO (AVENUE),48.6563536,2.353797,Plein jour,En agglomération,Intersection en X,Normale,Deux véhicules - côté,4,2,2,0,1,1,1,0,1,30,2,2,1,0,0,1,58.0,31.0,deux_roues,utilitaire_camion,1,2,2,1,3
202200008855,2022-05-31 18:54:00,2022,5,31,18,54,87,87113,ANGUERNAUD,45.87655,1.30425,Plein jour,En agglomération,Hors intersection,Normale,Sans collision,3,1,2,0,1,2,1,5,1,50,1,1,0,0,0,1,66.0,,deux_roues,,1,2,1,1,7
202200008856,2022-11-21 21:35:00,2022,11,21,21,35,75,75108,RUE FRANCOIS 1ER,48.868648,2.303707,Nuit avec éclairage allumé,En agglomération,Intersection en X,Normale,Deux véhicules - côté,4,1,1,1,2,1,1,0,5,30,2,2,1,0,0,1,21.0,61.0,voiture,deux_roues,5,2,2,1,3
202200008857,2022-11-21 10:20:00,2022,11,21,10,20,75,75108,PLACE SAINT AUGUSTIN,48.875239,2.319426,Plein jour,En agglomération,Place,Normale,Deux véhicules - côté,4,1,0,1,1,1,1,0,5,30,2,2,1,0,1,0,46.0,46.0,voiture,deux_roues,1,2,7,1,3
202200008858,2022-06-01 19:00:00,2022,6,1,19,0,85,85191,COTY RUE RENE,46.65801,-1.44992,Plein jour,En agglomération,Giratoire,Normale,Deux véhicules - côté,4,-1,2,0,1,1,1,0,1,50,2,2,1,0,0,1,41.0,54.0,deux_roues,voiture,1,2,6,1,3
202200008859,2022-11-21 19:15:00,2022,11,21,19,15,75,75107,PLACE JOFFRE,48.85427,2.305431,Nuit avec éclairage allumé,En agglomération,Place,Pluie légère,Sans collision,4,-1,2,0,1,1,2,0,1,30,1,1,0,0,0,1,29.0,,deux_roues,,5,2,7,2,7
202200008860,2022-05-31 18:05:00,2022,5,31,18,5,83,83062,DRAGUIGNAN (AVENUE DE),43.139038,6.033868,Plein jour,En agglomération,Hors intersection,Normale,Trois véhicules et plus - en chaîne,7,2,2,0,1,1,1,0,1,50,3,6,1,0,0,5,28.0,51.0,voiture,voiture,1,2,1,1,4
202200008861,2022-05-30 17:55:00,2022,5,30,17,55,83,83009,NARON (CHEMIN DE),43.16304,5.745,Plein jour,En agglomération,Hors intersection,Normale,Deux véhicules - frontale,4,2,1,0,1,1,1,0,1,50,2,2,1,0,1,0,31.0,54.0,deux_roues,utilitaire_camion,1,2,1,1,1
202200008862,2022-11-21 18:00:00,2022,11,21,18,0,75,75107,AVENUE DU MARECHAL GALLIENI,48.859947,2.313111,Nuit avec éclairage allumé,En agglomération,Intersection en X,Pluie légère,Deux véhicules - côté,4,2,4,0,1,1,2,0,1,30,2,2,1,0,0,1,60.0,27.0,deux_roues,voiture,5,2,2,2,3
202200008863,2022-06-01 18:00:00,2022,6,1,18,0,83,83069,ALMANARRE (ROUTE DE L'),43.08469,6.11035,Plein jour,Hors agglomération,Hors intersection,Temps éblouissant,Trois véhicules et plus - en chaîne,3,2,2,0,1,1,1,0,1,50,3,4,1,0,1,2,46.0,20.0,voiture,voiture,1,1,1,7,4
202200008864,2022-11-21 21:15:00,2022,11,21,21,15,75,75103,RUE DU TEMPLE,48.867326,2.363375,Nuit avec éclairage allumé,En agglomération,Intersection en T,Normale,Deux véhicules - arrière,4,1,6,0,1,1,2,0,5,30,2,2,1,0,0,1,,26.0,deux_roues,deux_roues,5,2,3,1,2
202200008865,2022-05-19 18:45:00,2022,5,19,18,45,83,83061,RUE DES COMBATTANTS D'AFRIQUE DU NORD,43.45949,6.72838,Plein jour,En agglomération,Intersection en T,Normale,Deux véhicules - côté,3,2,2,0,1,1,1,0,1,50,2,3,1,0,2,0,32.0,72.0,voiture,deux_roues,1,2,3,1,3
202200008866,2022-05-31 07:45:00,2022,5,31,7,45,80,80021,GRACE (RUE DE),49.9112,2.25502,Plein jour,En agglomération,Intersection en X,Normale,Deux véhicules - côté,3,-1,2,0,1,1,1,0,1,50,2,2,0,0,0,2,43.0,34.0,deux_roues,voiture,1,2,2,1,3
202200008867,2022-06-01 04:10:00,2022,6,1,4,10,78,78440,Avenue de l'Europe,48.972247,1.918549,Nuit avec éclairage allumé,En agglomération,Hors intersection,Normale,Deux véhicules - côté,3,3,4,0,1,1,1,0,1,50,2,2,1,0,0,1,,26.0,autre,voiture,5,2,1,1,3
202200008868,2022-11-21 16:00:00,2022,11,21,16,0,94,94046,LEON BLUM (AV),48.80266,2.4345,Crépuscule ou aube,En agglomération,Hors intersection,Pluie forte,Deux véhicules - côté,3,2,4,0,1,1,2,0,1,50,2,3,2,0,0,1,40.0,32.0,deux_roues,voiture,2,2,1,3,3
202200008869,2022-11-21 07:10:00,2022,11,21,7,10,94,94043,FONTAINEBLEAU (AV DE),48.80902,2.36258,Crépuscule ou aube,En agglomération,Hors intersection,Normale,Autre collision,3,-1,4,0,1,1,1,0,1,50,1,2,1,0,0,1,33.0,,transport_commun,,2,2,1,1,6
202200008870,2022-11-21 17:55:00,2022,11,21,17,55,94,94022,Avenue du Général Leclerc / Avenue de la République,48.76231,2.40644,Nuit avec éclairage allumé,En agglomération,Intersection en T,Pluie légère,Autre collision,3,3,4,0,1,1,2,0,1,50,1,2,1,0,0,1,27.0,,voiture,,5,2,3,2,6
202200008871,2022-06-01 08:10:00,2022,6,1,8,10,77,77243,D10,48.875415,2.70455,Plein jour,En agglomération,Hors intersection,Temps éblouissant,Autre collision,3,2,2,0,1,1,1,5,1,30,1,2,0,0,0,2,59.0,,voiture,,1,2,1,7,6
202200008872,2022-06-01 11:45:00,2022,6,1,11,45,74,74012,NAUDIN (RUE RENE),46.19342,6.24739,Plein jour,En agglomération,Hors intersection,Temps couvert,Deux véhicules - côté,4,2,0,0,1,1,1,0,1,30,2,2,1,0,0,1,40.0,89.0,voiture,voiture,1,2,1,8,3
202200008873,2022-11-21 08:50:00,2022,11,21,8,50,94,94059,Avenue Clara / Avenue Champion,48.8063238216,2.560678922,Crépuscule ou aube,En agglomération,Intersection en X,Normale,Autre collision,4,2,2,0,1,1,2,0,1,50,1,2,1,0,1,0,27.0,,voiture,,2,2,2,1,6
202200008874,2022-06-01 10:40:00,2022,6,1,10,40,73,73011,D990 - DE GAULLE (AV) GILLY A WINNEDEN,45.66697,6.37116,Plein jour,En agglomération,Giratoire,Temps couvert,Deux véhicules - côté,3,1,1,0,1,2,1,5,1,50,2,2,1,0,1,0,64.0,93.0,deux_roues,voiture,1,2,6,8,3
202200008875,2022-06-01 06:25:00,2022,6,1,6,25,71,71076,AVENUE Pierre MENDES FRANCE,46.7753061748,4.8427526951,Plein jour,En agglomération,Hors intersection,Normale,Deux véhicules - côté,4,2,2,0,1,1,1,0,1,50,2,2,0,0,0,2,38.0,20.0,voiture,voiture,1,2,1,1,3
202200008876,2022-11-21 09:04:00,2022,11,21,9,4,94,94046,Avenue du Général de Gaulle,48.81621,2.419764,Plein jour,En agglomération,Hors intersection,Normale,Deux véhicules - côté,3,3,6,0,1,1,1,0,1,50,2,2,1,0,0,1,38.0,56.0,voiture,deux_roues,1,2,1,1,3
202200008877,2022-11-21 11:50:00,2022,11,21,11,50,94,94071,5 Place de la Gare,48.77117,2.50885,Plein jour,En agglomération,Hors intersection,Normale,Deux véhicules - frontale,3,2,2,0,1,1,1,0,1,50,2,2,1,0,0,1,45.0,26.0,deux_roues,voiture,1,2,1,1,1
202200008878,2022-06-01 13:00:00,2022,6,1,13,0,69,69013,Route Départementale 306,46.02286,4.72048,Plein jour,En agglomération,Hors intersection,Normale,Trois véhicules et plus - en chaîne,3,2,2,0,1,1,2,0,1,50,3,6,2,0,0,4,64.0,64.0,voiture,voiture,1,2,1,1,4
202200008879,2022-06-01 11:30:00,2022,6,1,11,30,67,67482,HAVRE (RUE DU),48.56525,7.78411,Plein jour,En agglomération,Hors intersection,Normale,Deux véhicules - côté,4,2,4,1,1,1,1,0,1,50,2,2,1,0,1,0,33.0,30.0,deux_roues,voiture,1,2,1,1,3
202200008880,2022-11-21 09:00:00,2022,11,21,9,0,94,94075,Route de la Grange,48.732596,2.512231,Plein jour,En agglomération,Intersection en T,Normale,Deux véhicules - côté,3,3,2,1,1,1,1,0,1,50,2,2,1,0,0,1,59.0,32.0,voiture,voiture,1,2,3,1,3
202200008881,2022-05-31 07:55:00,2022,5,31,7,55,67,67482,THUMENAU (RUE DE LA),48.57175,7.75606,Plein jour,En agglomération,Intersection en T,Normale,Deux véhicules - côté,4,3,8,1,1,1,1,5,1,50,2,2,1,0,0,1,18.0,,deux_roues,utilitaire_camion,1,2,3,1,3
202200008882,2022-05-31 18:45:00,2022,5,31,18,45,66,66136,R D 900,42.679036,2.872526,Plein jour,Hors agglomération,Hors intersection,Normale,Deux véhicules - arrière,3,3,4,0,1,1,1,0,1,90,2,2,1,0,0,1,37.0,20.0,voiture,voiture,1,1,1,1,2
202200008883,2022-11-19 11:15:00,2022,11,19,11,15,94,94002,50 Boulevard Carnot,48.796235,2.428406,Plein jour,En agglomération,Hors intersection,Normale,Deux véhicules - côté,4,2,2,0,2,1,1,0,8,50,2,3,2,0,0,1,,50.0,voiture,voiture,1,2,1,1,3
202200008884,2022-05-31 18:40:00,2022,5,31,18,40,65,65331,LOURDES (AVENUE DE),43.213761,0.051631,Plein jour,En agglomération,Intersection en T,Normale,Deux véhicules - côté,3,2,2,0,1,1,1,0,1,50,2,2,1,0,0,1,26.0,67.0,deux_roues,voiture,1,2,3,1,3
202200008885,2022-11-21 07:50:00,2022,11,21,7,50,93,93072,FRANCIS AUFFRAY (RUE),48.96794,2.37845,Crépuscule ou aube,En agglomération,Hors intersection,Pluie légère,Deux véhicules - côté,4,3,0,0,1,1,2,0,1,30,1,2,1,0,0,1,62.0,,voiture,,2,2,1,2,3
202200008886,2022-06-01 15:10:00,2022,6,1,15,10,64,64284,18 JUIN 1940 DU,43.29121,-0.40502,Plein jour,Hors agglomération,Giratoire,Temps éblouissant,Deux véhicules - arrière,3,2,6,0,1,1,1,5,1,70,2,2,1,0,1,0,70.0,51.0,deux_roues,voiture,1,1,6,7,2
202200008887,2022-11-21 18:40:00,2022,11,21,18,40,93,93062,Avenue Thiers,48.9011952222,2.5126518309,Nuit sans éclairage public,En agglomération,Hors intersection,Pluie légère,Autre collision,3,2,2,0,2,1,2,0,1,50,1,2,1,0,0,1,45.0,,voiture,,3,2,1,2,6
202200008888,2022-06-01 21:00:00,2022,6,1,21,0,64,64024,CAVALIERS (PLAGE DES),43.51996,-1.5232,Plein jour,En agglomération,Intersection en T,Normale,Trois véhicules et plus - collisions multiples,4,2,1,1,1,1,1,0,1,50,3,3,2,0,0,1,37.0,31.0,deux_roues,deux_roues,1,2,3,1,5
202200008889,2022-11-21 17:35:00,2022,11,21,17,35,93,93047,Rue du Génèral Leclerc,48.897719,2.575297,Nuit avec éclairage allumé,En agglomération,Hors intersection,Pluie légère,Autre collision,4,2,2,0,1,1,2,0,1,30,1,2,1,0,0,1,61.0,,voiture,,5,2,1,2,6
202200008890,2022-05-31 19:25:00,2022,5,31,19,25,64,64024,Boulevard du B.A.B.,43.49673,-1.51006,Plein jour,En agglomération,Hors intersection,Normale,Deux véhicules - arrière,4,2,4,0,1,1,1,0,1,50,2,2,0,0,0,2,22.0,53.0,voiture,voiture,1,2,1,1,2
202200008891,2022-11-21 06:00:00,2022,11,21,6,0,93,93010,Rue Etienne Dolet,48.891951,2.477693,Nuit avec éclairage allumé,En agglomération,Hors intersection,Normale,Autre collision,4,2,2,0,1,1,1,0,3,30,1,2,1,0,0,1,17.0,,voiture,,5,2,1,1,6
202200008892,2022-05-09 12:00:00,2022,5,9,12,0,64,64102,Chemin de Sabalce,43.49155,-1.49095,Plein jour,En agglomération,Hors intersection,Normale,Deux véhicules - côté,4,-1,2,0,1,1,1,0,1,50,2,2,1,0,0,1,42.0,73.0,voiture,voiture,1,2,1,1,3
202200008893,2022-05-01 17:40:00,2022,5,1,17,40,63,63193,M 52/Rue de Dallet,45.772,3.20833,Plein jour,Hors agglomération,Intersection en X,Normale,Deux véhicules - côté,7,2,2,0,1,1,1,0,1,80,2,2,1,1,0,0,42.0,38.0,deux_roues,utilitaire_camion,1,1,2,1,3
202200008894,2022-05-31 11:00:00,2022,5,31,11,0,63,63113,APOLLON (RUE),45.79549,3.10057,Plein jour,En agglomération,Hors intersection,Normale,Autre collision,4,2,2,0,1,1,1,0,1,50,1,2,1,0,0,1,20.0,,voiture,,1,2,1,1,6
202200008895,2022-11-21 07:40:00,2022,11,21,7,40,93,93005,Boulevard de Strasbourg / Rue Diderot,48.921065,2.482927,Plein jour,En agglomération,Intersection en X,Temps couvert,Trois véhicules et plus - collisions multiples,4,2,2,0,1,1,2,0,1,50,3,6,5,0,0,1,26.0,49.0,voiture,voiture,1,2,2,8,5
202200008896,2022-06-01 15:20:00,2022,6,1,15,20,59,59286,CARNOT SADI RUE,50.61206,3.00013,Plein jour,En agglomération,Intersection en Y,Normale,Deux véhicules - arrière,7,2,5,2,1,2,1,0,1,50,2,2,1,1,0,0,59.0,28.0,deux_roues,utilitaire_camion,1,2,4,1,2
202200008897,2022-11-21 06:35:00,2022,11,21,6,35,92,92078,CHARLES DE GAULLE (BD) (71 AU 153),48.9412622047,2.3214406371,Nuit avec éclairage allumé,En agglomération,Hors intersection,Normale,Deux véhicules - côté,3,-1,2,0,1,1,2,0,1,50,2,2,1,0,0,1,43.0,33.0,utilitaire_camion,deux_roues,5,2,1,1,3
202200008898,2022-05-31 12:00:00,2022,5,31,12,0,59,59378,MENIN RUE DE,50.6764778097,3.081048131,Plein jour,En agglomération,Intersection en X,Normale,Trois véhicules et plus - collisions multiples,7,3,2,1,1,1,1,5,1,50,3,4,3,0,0,1,34.0,65.0,transport_commun,voiture,1,2,2,1,5
202200008899,2022-05-31 17:40:00,2022,5,31,17,40,59,59597,MARQUETTE (ROUTE DE),50.19329,3.22365,Plein jour,En agglomération,Hors intersection,Temps couvert,Deux véhicules - côté,3,3,2,0,4,1,1,0,1,50,2,2,1,0,1,0,49.0,23.0,deux_roues,voiture,1,2,1,8,3
202200008900,2022-11-21 18:40:00,2022,11,21,18,40,92,92073,ROOSVELT (AVENUE FRANKLIN),48.87277,2.22106,Nuit avec éclairage allumé,En agglomération,Intersection en T,Pluie légère,Deux véhicules - côté,3,2,4,0,2,1,2,0,1,50,2,2,1,0,0,1,66.0,43.0,voiture,voiture,5,2,3,2,3
202200008901,2022-06-01 18:20:00,2022,6,1,18,20,54,54395,BATAILLE (QUAI DE LA),48.6817842528,6.1857678294,Plein jour,En agglomération,Intersection en T,Normale,Deux véhicules - arrière,4,2,2,0,1,1,1,0,1,30,2,2,1,0,0,1,27.0,17.0,voiture,deux_roues,1,2,3,1,2
202200008902,2022-11-21 17:25:00,2022,11,21,17,25,92,92072,PAVE DES GARDES (ROUTE DU),48.8106742111,2.2087293863,Nuit avec éclairage allumé,En agglomération,Intersection en T,Pluie légère,Deux véhicules - côté,3,3,4,1,1,1,2,0,1,50,2,2,1,0,0,1,10.0,50.0,deux_roues,deux_roues,5,2,3,2,3
202200008903,2022-05-30 15:10:00,2022,5,30,15,10,52,52121,,48.09225,5.14541,Plein jour,En agglomération,Giratoire,Normale,Deux véhicules - côté,3,1,1,0,1,2,1,5,1,50,2,2,1,0,0,1,56.0,80.0,deux_roues,voiture,1,2,6,1,3
202200008904,2022-11-21 18:15:00,2022,11,21,18,15,92,92051,"VICTOR HUGO (BOULEVARD, N° 9 A 49 ET 16",48.8840878055,2.2814628482,Nuit avec éclairage allumé,En agglomération,Autre intersection,Pluie légère,Deux véhicules - côté,4,2,4,0,1,1,2,0,1,50,2,2,1,0,0,1,33.0,82.0,deux_roues,voiture,5,2,9,2,3
202200008905,2022-11-01 20:45:00,2022,11,1,20,45,92,92050,FRANCE ANATOLE RUE,48.9016188123,2.2090378403,Nuit avec éclairage allumé,En agglomération,Hors intersection,Normale,Deux véhicules - frontale,4,2,2,0,2,1,1,0,1,50,2,2,1,0,0,1,19.0,33.0,deux_roues,voiture,5,2,1,1,1
202200008906,2022-06-01 18:30:00,2022,6,1,18,30,51,51454,rue Jobert Lucas,49.27083,4.01441,Plein jour,En agglomération,Intersection en T,Normale,Deux véhicules - côté,4,2,2,0,1,1,1,0,1,50,2,4,3,0,0,1,26.0,68.0,voiture,voiture,1,2,3,1,3
202200008907,2022-11-21 08:32:00,2022,11,21,8,32,92,92048,MARCHE COUVERT (RUE DU),48.8098481407,2.2383063733,Plein jour,En agglomération,Hors intersection,Normale,Autre collision,4,1,1,0,2,1,1,6,4,20,1,2,1,0,0,1,77.0,,voiture,,1,2,1,1,6
202200008908,2022-06-01 16:10:00,2022,6,1,16,10,51,51172,Rue de la Sentelle,49.2148697703,4.048974216,Plein jour,En agglomération,Intersection en T,Normale,Deux véhicules - côté,4,2,2,0,1,1,1,0,1,50,2,3,2,0,0,1,35.0,54.0,voiture,deux_roues,1,2,3,1,3
202200008909,2022-11-21 17:15:00,2022,11,21,17,15,92,92035,Général de Gaulle  ( avenue du ),48.9111748467,2.2546968162,Nuit avec éclairage allumé,En agglomération,Intersection en X,Pluie légère,Deux véhicules - côté,3,2,2,1,1,1,2,0,1,50,2,2,1,0,0,1,51.0,75.0,voiture,deux_roues,5,2,2,2,3
202200008910,2022-06-01 16:15:00,2022,6,1,16,15,51,51573,Route de Soissons,49.25409,3.97354,Plein jour,Hors agglomération,Hors intersection,Normale,Deux véhicules - arrière,2,3,2,0,1,1,1,2,1,50,2,2,1,0,0,1,61.0,52.0,deux_roues,voiture,1,1,1,1,2
202200008911,2022-11-21 17:20:00,2022,11,21,17,20,60,60186,RD 570,49.4560822528,2.471183002,Nuit sans éclairage public,Hors agglomération,Intersection en X,Pluie légère,Deux véhicules - côté,3,-1,2,0,1,1,2,0,1,80,2,2,1,0,0,1,29.0,58.0,voiture,voiture,3,1,2,2,3
202200008912,2022-05-31 19:15:00,2022,5,31,19,15,51,51454,rue de Bétheny,49.26813,4.047098,Plein jour,En agglomération,Intersection en T,Normale,Deux véhicules - côté,4,2,2,0,1,1,1,0,1,50,2,2,1,0,0,1,51.0,19.0,utilitaire_camion,voiture,1,2,3,1,3
202200008913,2022-11-22 05:30:00,2022,11,22,5,30,57,57043,D1,49.255643,6.200839,Nuit sans éclairage public,Hors agglomération,Intersection en T,Temps couvert,Deux véhicules - côté,3,2,2,0,1,1,2,0,1,80,3,3,1,0,0,2,22.0,33.0,voiture,voiture,3,1,3,8,3
202200008914,2022-05-29 15:45:00,2022,5,29,15,45,50,50002,COUTANCES (route de),49.10881,-1.13523,Plein jour,En agglomération,Autre intersection,Normale,Sans collision,3,-1,1,0,1,1,1,0,3,50,1,4,0,0,0,4,77.0,,voiture,,1,2,9,1,7
202200008915,2022-11-21 18:35:00,2022,11,21,18,35,35,35236,Rue Jean Vinouze,47.672666,-2.059137,Nuit sans éclairage public,Hors agglomération,Hors intersection,Pluie légère,Deux véhicules - frontale,4,2,2,0,1,2,2,2,1,80,2,2,1,0,1,0,22.0,17.0,voiture,deux_roues,3,1,1,2,1
202200008916,2022-05-31 15:08:00,2022,5,31,15,8,49,49007,GASNIER AVENUE,47.49042,-0.57592,Plein jour,En agglomération,Hors intersection,Normale,Deux véhicules - arrière,4,2,2,0,1,1,1,0,1,50,2,2,1,0,0,1,44.0,32.0,transport_commun,deux_roues,1,2,1,1,2
202200008917,2022-11-20 11:00:00,2022,11,20,11,0,63,63307,D 2089 et RD 120,45.711431,3.074675,Plein jour,Hors agglomération,Intersection en Y,Normale,Deux véhicules - frontale,3,2,3,0,2,3,1,0,1,70,2,2,1,0,1,0,45.0,26.0,deux_roues,voiture,1,1,4,1,1
202200008918,2022-04-28 12:45:00,2022,4,28,12,45,69,69256,Avenue Charles de Gaulle,45.78223,4.94237,Plein jour,En agglomération,Intersection en T,Normale,Deux véhicules - côté,4,2,2,1,1,1,1,0,5,50,2,2,1,0,0,1,57.0,43.0,voiture,deux_roues,1,2,3,1,3