accident_id,datetime,annee,mois,jour,heure,minute,departement,commune_insee,adresse,latitude,longitude,luminosite,agglomeration,intersection,meteo,collision,catr,circ,nbv,vosp,prof,plan,surf,infra,situ,vma,nb_vehicules,nb_usagers,nb_indemnes,nb_tues,nb_blesses_hosp,nb_blesses_legers,age_cond_1,age_cond_2,veh_type_cond_1,veh_type_cond_2,lum_code,agg_code,int_code,atm_code,col_code
202200009010,2022-11-18 20:38:00,2022,11,18,20,38,83,83081,RD 562,43.6058,6.766409,Nuit sans éclairage public,Hors agglomération,Hors intersection,Normale,Autre collision,3,2,1,0,1,1,1,0,1,70,1,2,1,0,1,0,49.0,,voiture,,3,1,1,1,6
202200009011,2022-03-20 04:45:00,2022,3,20,4,45,38,38203,13 Route de Saint Jean,45.024338,5.771577,Nuit sans éclairage public,Hors agglomération,Hors intersection,Normale,Autre collision,3,2,2,0,1,1,1,0,3,80,1,1,0,0,1,0,23.0,,voiture,,3,1,1,1,6
202200009012,2022-12-26 10:22:00,2022,12,26,10,22,973,97302,GIRATOIRE MARINGOUINS,4.9076892321,-52.3226371408,Plein jour,Hors agglomération,Giratoire,Pluie légère,Sans collision,2,1,2,0,1,3,2,0,1,50,1,2,1,0,1,0,35.0,,deux_roues,,1,1,6,2,7
202200009013,2022-05-28 20:10:00,2022,5,28,20,10,02,02722,Boulevard Gambetta,49.37748,3.33069,Plein jour,En agglomération,Intersection en Y,Normale,Deux véhicules - arrière,4,2,1,1,1,1,1,0,1,50,2,2,1,0,1,0,24.0,21.0,deux_roues,voiture,1,2,4,1,2
202200009014,2022-03-20 04:00:00,2022,3,20,4,0,09,09217,1 Quartier Prat Nouvel,42.807645,1.590496,Nuit sans éclairage public,Hors agglomération,Hors intersection,Normale,Sans collision,3,2,2,0,1,2,1,0,8,80,1,1,0,0,1,0,32.0,,voiture,,3,1,1,1,7
202200009015,2022-04-27 10:25:00,2022,4,27,10,25,31,31555,FITTE (ALL CHARLES DE) DU 39AU 109,43.59963,1.4296,Plein jour,En agglomération,Hors intersection,Normale,Autre collision,4,3,5,0,1,1,1,0,1,50,1,2,1,0,1,0,,,voiture,,1,2,1,1,6
202200009016,2022-11-22 06:20:00,2022,11,22,6,20,13,13027,Avenue de la Durance,43.890207,4.880177,Nuit sans éclairage public,Hors agglomération,Hors intersection,Normale,Deux véhicules - frontale,4,2,2,0,1,1,1,2,8,70,1,1,0,0,1,0,58.0,,voiture,,3,1,1,1,1
202200009017,2022-12-27 12:50:00,2022,12,27,12,50,69,69259,Boulevard Irène Joliot Curie,45.72407,4.87165,Plein jour,En agglomération,Hors intersection,Normale,Deux véhicules - arrière,4,2,5,3,1,1,1,0,1,50,2,3,1,0,0,2,31.0,24.0,utilitaire_camion,voiture,1,2,1,1,2
202200009018,2022-05-31 23:45:00,2022,5,31,23,45,75,75118,RUE MARCADET,48.891854,2.333522,Nuit avec éclairage allumé,En agglomération,Intersection à plus de 4 branches,Normale,Autre collision,4,2,2,0,2,1,1,0,1,30,1,2,1,0,0,1,33.0,,deux_roues,,5,2,5,1,6
202200009019,2022-03-19 20:40:00,2022,3,19,20,40,31,31248,3270 Route du Plantaurel,43.446642,1.385823,Nuit sans éclairage public,Hors agglomération,Hors intersection,Normale,Autre collision,3,2,2,0,1,1,1,0,3,80,1,2,0,0,1,1,24.0,,voiture,,3,1,1,1,6
202200009020,2022-11-22 14:00:00,2022,11,22,14,0,13,13060,D7n,43.50697,5.507535,Plein jour,En agglomération,Hors intersection,Normale,Sans collision,3,2,2,0,1,2,1,0,3,50,1,1,0,0,0,1,23.0,,deux_roues,,1,2,1,1,7
202200009021,2022-03-19 05:30:00,2022,3,19,5,30,33,33164,18 Route de Villandraut,44.542445,-0.302706,Nuit sans éclairage public,Hors agglomération,Hors intersection,Normale,Autre collision,3,2,2,0,1,2,1,0,3,70,1,2,0,1,1,0,24.0,,voiture,,3,1,1,1,6
202200009022,2022-12-27 10:00:00,2022,12,27,10,0,69,69384,Boulevard des Canuts,45.7792841997,4.8275202513,Plein jour,En agglomération,Intersection en X,Normale,Autre collision,4,2,3,2,1,1,1,0,1,20,1,2,1,0,1,0,23.0,,utilitaire_camion,,1,2,2,1,6
202200009023,2022-04-24 17:15:00,2022,4,24,17,15,29,29039,D783 - D22 Rue des Roses,47.87445,-3.89846,Plein jour,Hors agglomération,Intersection en X,Pluie forte,Trois véhicules et plus - en chaîne,3,2,2,0,1,1,2,5,1,50,3,4,1,0,0,3,91.0,30.0,voiture,voiture,1,1,2,3,4
202200009024,2022-06-01 15:30:00,2022,6,1,15,30,75,75117,BOULEVARD PEREIRE,48.883127,2.293489,Plein jour,En agglomération,Intersection en X,Normale,Deux véhicules - côté,4,1,1,0,1,1,1,0,1,30,2,2,1,0,0,1,90.0,8.0,voiture,deux_roues,1,2,2,1,3
202200009025,2022-03-19 15:20:00,2022,3,19,15,20,85,85155,,46.7152,-1.429789,Plein jour,Hors agglomération,Hors intersection,Normale,Deux véhicules - arrière,3,3,4,0,1,1,1,0,1,110,2,2,1,0,1,0,37.0,32.0,deux_roues,utilitaire_camion,1,1,1,1,2
202200009026,2022-11-21 16:00:00,2022,11,21,16,0,55,55120,D635,48.753982,5.128126,Crépuscule ou aube,Hors agglomération,Intersection en T,Pluie légère,Deux véhicules - frontale,3,2,2,0,1,1,2,9,1,90,2,3,2,0,0,1,40.0,20.0,voiture,voiture,2,1,3,2,1
202200009027,2022-04-21 01:43:00,2022,4,21,1,43,29,29019,Rue de Kerabécam,48.392118,-4.486739,Nuit avec éclairage allumé,En agglomération,Hors intersection,Normale,Deux véhicules - frontale,4,-1,2,0,1,1,1,0,1,30,2,2,0,0,0,2,24.0,40.0,voiture,voiture,5,2,1,1,1
202200009028,2022-06-01 19:00:00,2022,6,1,19,0,75,75116,PLACE DU MARECHAL DE LATTRE DE TASSIGNY,48.872274,2.274785,Plein jour,En agglomération,Place,Normale,Deux véhicules - côté,4,-1,1,1,1,1,1,0,5,30,2,2,1,0,0,1,40.0,43.0,deux_roues,voiture,1,2,7,1,3
202200009029,2022-03-20 11:35:00,2022,3,20,11,35,22,22134,32 Route de Perros,48.794963,-3.417778,Plein jour,En agglomération,Hors intersection,Normale,Sans collision,3,2,2,0,2,2,1,0,1,50,1,1,0,1,0,0,72.0,,deux_roues,,1,2,1,1,7
202200009030,2022-11-22 18:00:00,2022,11,22,18,0,42,42094,Avenue Jean Jaurés,45.743994,4.228065,Nuit avec éclairage allumé,En agglomération,Hors intersection,Normale,Autre collision,3,2,2,1,1,1,1,6,1,50,1,2,1,0,1,0,33.0,,voiture,,5,2,1,1,6
202200009031,2022-12-27 19:00:00,2022,12,27,19,0,91,91027,RUE MARX DORMOY,48.703,2.368,Nuit avec éclairage allumé,En agglomération,Hors intersection,Normale,Deux véhicules - frontale,4,2,2,0,1,1,1,0,1,50,2,2,1,0,0,1,22.0,30.0,voiture,utilitaire_camion,5,2,1,1,1
202200009032,2022-06-01 17:00:00,2022,6,1,17,0,75,75116,BOULEVARD SUCHET,48.857366,2.264693,Plein jour,En agglomération,Intersection en X,Normale,Autre collision,4,2,8,0,1,1,1,0,1,30,1,2,1,0,0,1,85.0,,voiture,,1,2,2,1,6
202200009033,2022-12-25 06:01:00,2022,12,25,6,1,87,87085,AUTOROUTE A20,45.910458805,1.29225123,Nuit avec éclairage non allumé,Hors agglomération,Hors intersection,Normale,Autre collision,1,3,4,0,1,1,1,0,1,110,1,1,0,0,0,1,26.0,,voiture,,4,1,1,1,6
202200009034,2022-04-27 10:05:00,2022,4,27,10,5,22,22113,SAINT PIERRE (RUE),48.75242,-3.4551,Plein jour,En agglomération,Intersection en X,Normale,Autre collision,4,2,2,0,1,1,1,0,1,50,3,4,0,0,0,4,47.0,47.0,voiture,voiture,1,2,2,1,6
202200009035,2022-11-22 14:48:00,2022,11,22,14,48,38,38320,D1075,45.852837,5.405016,Plein jour,Hors agglomération,Intersection en T,Temps couvert,Deux véhicules - frontale,3,3,2,0,1,1,1,0,1,90,3,3,1,0,0,2,59.0,28.0,voiture,voiture,1,1,3,8,1
202200009036,2022-03-18 20:35:00,2022,3,18,20,35,13,13215,A7-Sens Lyon vers Marseille,43.37722,5.35799,Nuit sans éclairage public,Hors agglomération,Hors intersection,Normale,Deux véhicules - arrière,1,1,3,0,2,3,1,0,1,90,2,2,1,0,0,1,20.0,37.0,voiture,voiture,3,1,1,1,2
202200009037,2022-06-01 11:00:00,2022,6,1,11,0,75,75116,AVENUE VICTOR HUGO,48.868817,2.283321,Plein jour,En agglomération,Intersection en T,Normale,Autre collision,4,-1,2,0,1,1,1,0,1,30,2,3,2,0,0,1,52.0,31.0,voiture,deux_roues,1,2,3,1,6
202200009038,2022-10-29 02:47:00,2022,10,29,2,47,33,33389,40 Route des Ferres,45.26979,-0.616822,Nuit avec éclairage allumé,Hors agglomération,Hors intersection,Normale,Autre collision,3,2,2,0,1,2,1,0,3,50,1,1,0,0,1,0,50.0,,voiture,,5,1,1,1,6
202200009039,2022-04-27 16:45:00,2022,4,27,16,45,16,16102,QUATORZE JUILLET (RUE DU),45.69224,-0.3269,Plein jour,En agglomération,Hors intersection,Normale,Deux véhicules - côté,4,1,1,0,1,1,1,0,1,50,2,2,1,0,0,1,65.0,17.0,voiture,deux_roues,1,2,1,1,3
202200009040,2022-03-18 03:10:00,2022,3,18,3,10,67,67218,M35,48.53181,7.69557,Nuit sans éclairage public,Hors agglomération,Hors intersection,Temps couvert,Sans collision,7,3,2,0,2,1,2,0,3,90,1,1,0,0,0,1,20.0,,voiture,,3,1,1,8,7
202200009041,2022-12-24 09:15:00,2022,12,24,9,15,84,84007,C.De GAULLE (Rocade),43.92874,4.81239,Plein jour,En agglomération,Hors intersection,Normale,Autre collision,4,3,4,0,1,1,1,0,1,50,1,2,1,0,0,1,60.0,,voiture,,1,2,1,1,6
202200009042,2022-06-01 15:02:00,2022,6,1,15,2,75,75115,BOULEVARD DE GRENELLE,48.853472,2.289604,Plein jour,En agglomération,Hors intersection,Normale,Sans collision,4,1,2,1,1,1,1,0,5,30,1,1,0,0,0,1,26.0,,deux_roues,,1,2,1,1,7
202200009043,2022-03-19 14:30:00,2022,3,19,14,30,91,91689,AUTOROUTE A6B,48.74205,2.32202,Plein jour,Hors agglomération,Hors intersection,Normale,Sans collision,1,3,12,0,1,1,1,0,1,110,1,1,0,0,0,1,33.0,,voiture,,1,1,1,1,7
202200009044,2022-11-22 07:45:00,2022,11,22,7,45,85,85003,D6,46.7244353,-1.6542388,Plein jour,Hors agglomération,Hors intersection,Pluie forte,Trois véhicules et plus - collisions multiples,3,2,2,0,1,1,2,0,1,80,3,3,2,1,0,0,48.0,25.0,utilitaire_camion,utilitaire_camion,1,1,1,3,5
202200009045,2022-04-28 18:00:00,2022,4,28,18,0,13,13002,CD46A (DE PICHAURIS A GRÉASQUE),43.37117446,5.5395082834,Plein jour,Hors agglomération,Hors intersection,Normale,Deux véhicules - côté,7,2,2,1,2,4,1,0,1,50,2,2,1,0,0,1,54.0,,deux_roues,voiture,1,1,1,1,3
202200009046,2022-12-27 12:50:00,2022,12,27,12,50,83,83069,BERNARD ( RUE MARIO ),43.11267,6.11825,Plein jour,En agglomération,Giratoire,Normale,Autre collision,4,2,2,0,1,1,1,0,1,50,1,2,1,0,0,1,,,voiture,,1,2,6,1,6
202200009047,2022-06-01 07:15:00,2022,6,1,7,15,75,75114,RUE SAINT YVES,48.82566,2.334453,Plein jour,En agglomération,Intersection en T,Normale,Deux véhicules - côté,4,1,2,2,3,3,1,0,5,30,2,2,1,0,0,1,39.0,68.0,utilitaire_camion,deux_roues,1,2,3,1,3
202200009048,2022-11-16 12:55:00,2022,11,16,12,55,72,72378,D306,47.808187,-0.277643,Plein jour,Hors agglomération,Hors intersection,Pluie légère,Deux véhicules - côté,3,2,1,0,1,1,2,0,1,90,2,2,1,0,1,0,52.0,49.0,utilitaire_camion,deux_roues,1,1,1,2,3
202200009049,2022-04-28 19:20:00,2022,4,28,19,20,13,13209,REDON (BOULEVARD DU),43.25164,5.42201,Plein jour,En agglomération,Hors intersection,Normale,Deux véhicules - frontale,4,2,2,1,2,1,1,0,1,50,1,2,0,0,1,1,25.0,,deux_roues,,1,2,1,1,1
202200009050,2022-12-22 16:05:00,2022,12,22,16,5,80,80021,CHATEAUDUN (BOULEVARD DE),49.88523,2.28047,Crépuscule ou aube,En agglomération,Hors intersection,Pluie légère,Autre collision,4,2,2,0,1,1,2,0,1,50,1,2,1,0,0,1,40.0,,voiture,,2,2,1,2,6
202200009051,2022-03-19 11:45:00,2022,3,19,11,45,91,91689,AUTOROUTE A6,48.73206,2.31529,Plein jour,Hors agglomération,Hors intersection,Normale,Trois véhicules et plus - en chaîne,1,1,6,0,1,1,1,0,1,90,4,4,3,0,0,1,62.0,34.0,voiture,voiture,1,1,1,1,4
202200009052,2022-11-16 11:10:00,2022,11,16,11,10,60,60524,D1016,49.344537,2.432023,Plein jour,Hors agglomération,Hors intersection,Normale,Autre collision,3,1,4,3,1,1,1,0,1,110,1,1,0,0,0,1,63.0,,voiture,,1,1,1,1,6
202200009053,2022-05-31 21:40:00,2022,5,31,21,40,75,75107,QUAI BRANLY,48.8574781666,2.2910075001,Nuit avec éclairage allumé,En agglomération,Intersection en T,Normale,Sans collision,4,2,9,1,1,1,1,-1,5,30,1,1,0,0,0,1,45.0,,deux_roues,,5,2,3,1,7
202200009054,2022-12-20 04:50:00,2022,12,20,4,50,80,80021,GENERAL LECLERC (RUE DU ),49.896379,2.294176,Nuit avec éclairage allumé,En agglomération,Hors intersection,Normale,Autre collision,4,3,2,0,1,1,2,0,1,30,2,2,1,0,0,1,,32.0,voiture,voiture,5,2,1,1,6
202200009055,2022-03-18 20:30:00,2022,3,18,20,30,92,92050,A86,48.8934770765,2.1888457004,Nuit avec éclairage allumé,Hors agglomération,Hors intersection,Normale,Autre collision,1,1,2,0,1,1,1,1,1,70,1,1,0,0,0,1,22.0,,voiture,,5,1,1,1,6
202200009056,2022-04-28 13:25:00,2022,4,28,13,25,13,13204,MARÉCHAL JUIN (BOULEVARD),43.31046,5.40341,Plein jour,En agglomération,Hors intersection,Normale,Deux véhicules - arrière,4,2,4,0,1,1,1,0,1,50,2,2,1,0,0,1,43.0,35.0,deux_roues,voiture,1,2,1,1,2
202200009057,2022-11-22 05:00:00,2022,11,22,5,0,59,59249,Rue Faidherbe,50.016506,4.047866,Nuit avec éclairage allumé,En agglomération,Intersection en T,Pluie légère,Autre collision,4,1,2,0,1,1,2,0,1,50,1,1,0,1,0,0,72.0,,voiture,,5,2,3,2,6
202200009058,2022-05-31 17:05:00,2022,5,31,17,5,75,75114,RUE DU COMMANDANT RENE MOUCHOTTE,48.839174,2.320675,Plein jour,En agglomération,Hors intersection,Normale,Deux véhicules - côté,4,2,2,0,1,1,1,0,1,50,2,2,1,0,0,1,38.0,25.0,voiture,deux_roues,1,2,1,1,3
202200009059,2022-12-16 10:20:00,2022,12,16,10,20,80,80021,DELPECH (RUE),49.88702,2.29653,Plein jour,En agglomération,Hors intersection,Temps éblouissant,Autre collision,4,2,3,0,1,1,1,0,1,50,1,2,1,0,0,1,67.0,,voiture,,1,2,1,7,6
202200009060,2022-11-16 17:57:00,2022,11,16,17,57,57,57582,Autoroute A31,49.28364,6.17281,Nuit sans éclairage public,Hors agglomération,Hors intersection,Normale,Deux véhicules - côté,1,3,6,0,1,1,1,0,1,110,2,2,1,0,0,1,24.0,36.0,voiture,utilitaire_camion,3,1,1,1,3
202200009061,2022-04-28 08:15:00,2022,4,28,8,15,13,13209,VITON (AVENUE),43.26,5.40743,Plein jour,En agglomération,Hors intersection,Normale,Deux véhicules - côté,4,-1,2,0,1,1,1,0,1,30,2,4,2,0,0,2,89.0,40.0,voiture,voiture,1,2,1,1,3
202200009062,2022-12-23 14:50:00,2022,12,23,14,50,80,80021,Boulevard de Beauvillé,49.89875,2.31228,Plein jour,En agglomération,Hors intersection,Normale,Deux véhicules - arrière,4,2,6,0,1,1,1,0,1,50,2,3,2,0,0,1,,40.0,voiture,voiture,1,2,1,1,2
202200009063,2022-03-19 14:00:00,2022,3,19,14,0,92,92047,A13,48.8339754444,2.1664687519,Plein jour,Hors agglomération,Hors intersection,Normale,Trois véhicules et plus - en chaîne,1,1,3,0,1,1,1,0,1,110,5,6,5,0,0,1,37.0,59.0,voiture,voiture,1,1,1,1,4
202200009064,2022-06-01 12:10:00,2022,6,1,12,10,75,75113,AVENUE DE FRANCE,48.826296,2.380904,Plein jour,En agglomération,Intersection en T,Normale,Deux véhicules - côté,4,2,2,0,1,1,1,0,1,30,2,2,1,0,0,1,27.0,38.0,deux_roues,deux_roues,1,2,3,1,3
202200009065,2022-11-21 07:40:00,2022,11,21,7,40,33,33013,ROUTE NATIONALE 230,44.86247,-0.50383,Nuit avec éclairage allumé,Hors agglomération,Hors intersection,Pluie forte,Deux véhicules - arrière,2,3, -1,0,1,1,2,0,1,90,2,4,2,0,0,2,48.0,35.0,voiture,voiture,5,1,1,3,2
202200009066,2022-04-28 20:08:00,2022,4,28,20,8,13,13047,JEAN MARIE L'HUILLIER (BOULEVARD),43.5118,4.98479,Plein jour,En agglomération,Autre intersection,Normale,Deux véhicules - côté,4,2,2,0,1,1,1,0,1,50,2,2,1,0,0,1,21.0,21.0,voiture,voiture,1,2,9,1,3
202200009067,2022-12-14 18:15:00,2022,12,14,18,15,80,80131,RN 25,49.86382,2.37287,Nuit sans éclairage public,Hors agglomération,Hors intersection,Autre,Autre collision,2,3,4,0,1,1,1,0,1,110,1,2,1,1,0,0,40.0,,voiture,,3,1,1,9,6
202200009068,2022-03-19 07:00:00,2022,3,19,7,0,92,92025,A86,48.9354125442,2.261189974,Plein jour,Hors agglomération,Hors intersection,Normale,Autre collision,1,-1,2,0,2,2,1,0,1,90,1,2,0,0,1,1,22.0,,deux_roues,,1,1,1,1,6
202200009069,2022-11-20 21:05:00,2022,11,20,21,5,59,59009,AUTOROUTE A22,50.64836,3.14483,Nuit avec éclairage non allumé,Hors agglomération,Hors intersection,Normale,Autre collision,7,-1,2,0,1,2,9,2,1,70,1,2,1,0,0,1,18.0,,voiture,,4,1,1,1,6
202200009070,2022-04-28 05:44:00,2022,4,28,5,44,13,13047,TRANSHUMANCE ROND POINT DE LA,43.52774,4.96108,Nuit avec éclairage allumé,Hors agglomération,Autre intersection,Normale,Deux véhicules - arrière,2,-1,1,0,1,1,1,0,8,70,1,2,1,0,0,1,,,voiture,,5,1,9,1,2
202200009071,2022-06-01 15:50:00,2022,6,1,15,50,75,75112,BOULEVARD DE LA BASTILLE,48.851159,2.369215,Plein jour,En agglomération,Intersection en T,Normale,Deux véhicules - côté,4,1,2,1,1,1,1,0,5,30,2,2,1,0,0,1,37.0,28.0,deux_roues,deux_roues,1,2,3,1,3
202200009072,2022-03-18 20:00:00,2022,3,18,20,0,78,78090,A13,48.970606,1.889174,Nuit sans éclairage public,Hors agglomération,Hors intersection,Normale,Deux véhicules - arrière,1,1,3,0,1,1,1,0,1,130,2,5,4,0,0,1,39.0,40.0,voiture,voiture,3,1,1,1,2
202200009073,2022-11-18 09:20:00,2022,11,18,9,20,59,59507,AUTOROUTE A1,50.6086134928,3.093938246,Plein jour,Hors agglomération,Hors intersection,Normale,Trois véhicules et plus - collisions multiples,1,-1,10,0,1,1,9,0,1,90,3,3,1,0,0,2,47.0,32.0,utilitaire_camion,voiture,1,1,1,1,5
202200009074,2022-04-27 17:20:00,2022,4,27,17,20,09,09225,RIJOLE AVENUE DE LA,43.121689,1.621151,Plein jour,En agglomération,Hors intersection,Normale,Deux véhicules - côté,4,2,3,0,1,1,1,0,1,50,2,2,1,0,0,1,20.0,22.0,voiture,voiture,1,2,1,1,3
202200009075,2022-11-29 10:15:00,2022,11,29,10,15,77,77216,D607,48.311,2.68241,Plein jour,En agglomération,Autre intersection,Normale,Deux véhicules - côté,3,3,3,0,1,3,1,9,1,50,2,2,0,0,0,1,46.0,,voiture,autre,1,2,9,1,3
202200009076,2022-03-19 07:15:00,2022,3,19,7,15,95,95572, A15,49.03453,2.10102,Plein jour,Hors agglomération,Hors intersection,Normale,Autre collision,1,3,6,0,1,1,1,0,1,80,1,1,0,0,0,1,55.0,,utilitaire_camion,,1,1,1,1,6
202200009077,2022-11-21 17:30:00,2022,11,21,17,30,91,91235,RN 104,48.62684,2.35538,Nuit sans éclairage public,Hors agglomération,Hors intersection,Pluie légère,Deux véhicules - frontale,2,2,2,0,2,3,2,0,1,50,2,3,1,0,0,2,33.0,35.0,voiture,utilitaire_camion,3,1,1,2,1
202200009078,2022-06-01 12:55:00,2022,6,1,12,55,75,75111,AVENUE PARMENTIER,48.862634,2.376512,Plein jour,En agglomération,Intersection en T,Normale,Deux véhicules - côté,4,2,2,0,1,1,1,0,1,30,2,2,1,0,0,1,45.0,49.0,utilitaire_camion,deux_roues,1,2,3,1,3
202200009079,2022-04-28 20:58:00,2022,4,28,20,58,06,06088,COSTIERE (CH. DE LA),43.72976,7.22947,Crépuscule ou aube,En agglomération,Hors intersection,Normale,Deux véhicules - côté,4,2,2,0,2,3,1,0,1,50,2,2,1,0,0,1,25.0,42.0,voiture,voiture,2,2,1,1,3
202200009080,2022-12-27 14:15:00,2022,12,27,14,15,76,76540,Boulevard Jean Jaures,49.45235,1.05913,Plein jour,En agglomération,Intersection en X,Normale,Deux véhicules - arrière,7,2,2,3,2,1,1,0,1,50,2,2,1,0,0,1,54.0,,deux_roues,voiture,1,2,2,1,2
202200009081,2022-03-19 06:30:00,2022,3,19,6,30,93,93053,AUTOROUTE A3,48.89299,2.47266,Nuit sans éclairage public,Hors agglomération,Hors intersection,Normale,Deux véhicules - arrière,1,3,10,0,1,1,1,2,1,70,2,2,0,0,0,2,58.0,21.0,voiture,utilitaire_camion,3,1,1,1,2
202200009082,2022-11-21 09:45:00,2022,11,21,9,45,91,91235,RN 104,48.62487,2.36328,Plein jour,Hors agglomération,Hors intersection,Normale,Deux véhicules - arrière,2,3,3,0,1,1,2,0,1,110,2,2,1,0,0,1,48.0,22.0,voiture,voiture,1,1,1,1,2
202200009083,2022-04-28 15:02:00,2022,4,28,15,2,06,06088,MAGNAN (CORNICHE DE),43.70892,7.23246,Plein jour,Hors agglomération,Hors intersection,Normale,Autre collision,4,2,1,0,2,1,1,0,1,50,1,1,0,0,0,1,80.0,,voiture,,1,1,1,1,6
202200009084,2022-12-27 11:35:00,2022,12,27,11,35,76,76391,Rue des Canadiens,49.301777,0.952051,Plein jour,En agglomération,Hors intersection,Temps éblouissant,Autre collision,4,2,2,0,1,1,1,0,1,50,1,2,1,0,1,0,56.0,,voiture,,1,2,1,7,6
202200009085,2022-03-18 18:20:00,2022,3,18,18,20,95,95241,RN 104,49.0477371663,2.4636733532,Crépuscule ou aube,Hors agglomération,Hors intersection,Normale,Trois véhicules et plus - en chaîne,2,3,4,0,1,2,1,0,1,90,3,3,2,0,0,1,36.0,23.0,voiture,voiture,2,1,1,1,4
202200009086,2022-11-20 06:40:00,2022,11,20,6,40,78,78133,A13,48.892751,2.008561,Nuit sans éclairage public,Hors agglomération,Hors intersection,Normale,Deux véhicules - arrière,1,3,2,0,2,1,1,0,1,110,2,5,1,0,0,4,33.0,25.0,voiture,voiture,3,1,1,1,2
202200009087,2022-04-28 10:25:00,2022,4,28,10,25,06,06027,HOTEL DE VILLE AVENUE DE L',43.663288,7.147451,Plein jour,En agglomération,Hors intersection,Normale,Autre collision,4,1,2,0,1,2,1,0,1,50,1,2,1,0,0,1,83.0,,voiture,,1,2,1,1,6
202200009088,2022-12-26 06:48:00,2022,12,26,6,48,76,76322,N338 - Sud 3,49.41639,1.04614,Nuit sans éclairage public,Hors agglomération,Hors intersection,Normale,Autre collision,2,3,6,0,1,1,2,0,1,90,1,2,1,1,0,0,68.0,,voiture,,3,1,1,1,6
202200009089,2022-06-01 12:20:00,2022,6,1,12,20,75,75109,RUE DE CHATEAUDUN,48.876356,2.332412,Plein jour,En agglomération,Place,Normale,Deux véhicules - arrière,4,2,4,0,1,1,1,0,1,30,2,2,0,0,0,2,49.0,18.0,deux_roues,deux_roues,1,2,7,1,2
202200009090,2022-11-19 18:10:00,2022,11,19,18,10,92,92062,A14,48.8926794647,2.2348099552,Nuit avec éclairage allumé,Hors agglomération,Hors intersection,Normale,Autre collision,1,1,2,0,1,2,1,1,1,50,1,1,0,0,0,1,33.0,,deux_roues,,5,1,1,1,6
202200009091,2022-03-18 12:05:00,2022,3,18,12,5,93,93048,AUTOROUTE A86,48.8645671382,2.4823039923,Plein jour,Hors agglomération,Hors intersection,Normale,Deux véhicules - côté,1,3,3,0,1,1,1,0,1,90,2,2,1,0,0,1,27.0,,deux_roues,voiture,1,1,1,1,3
202200009092,2022-12-26 17:50:00,2022,12,26,17,50,72,72181,RUBILLARD AV N° PAIRS 118 ET >,48.01272,0.17847,Nuit avec éclairage allumé,En agglomération,Intersection en T,Normale,Deux véhicules - côté,4,3,0,0,1,1,1,0,1,50,2,3,1,0,0,2,16.0,45.0,deux_roues,voiture,5,2,3,1,3
202200009093,2022-04-28 08:25:00,2022,4,28,8,25,06,06027,PLAGE BOULEVARD DE LA,43.650892,7.152271,Plein jour,En agglomération,Hors intersection,Normale,Deux véhicules - arrière,7,3,5,0,1,1,1,0,1,50,2,2,0,0,1,1,57.0,36.0,deux_roues,voiture,1,2,1,1,2
202200009094,2022-11-21 05:10:00,2022,11,21,5,10,93,93005,A1,48.96331,2.47188,Nuit avec éclairage non allumé,Hors agglomération,Hors intersection,Normale,Autre collision,1,3,6,0,1,1,1,0,1,110,1,2,1,1,0,0,,,autre,,4,1,1,1,6
202200009095,2022-03-19 04:00:00,2022,3,19,4,0,77,77384,A5b,48.61212,2.63243,Nuit sans éclairage public,Hors agglomération,Hors intersection,Normale,Autre collision,1,-1,2,0,1,1,1,0,1,110,1,2,0,0,0,2,24.0,,voiture,,3,1,1,1,6
202200009096,2022-06-01 07:45:00,2022,6,1,7,45,75,75109,PLACE DE CLICHY,48.883314,2.327173,Plein jour,En agglomération,Place,Normale,Deux véhicules - côté,4,1,2,2,1,1,1,0,5,30,2,2,1,0,0,1,39.0,34.0,deux_roues,voiture,1,2,7,1,3
202200009097,2022-12-27 00:20:00,2022,12,27,0,20,71,71076,GIDE (RUE ANDRE),46.7995539059,4.8461066186,Nuit avec éclairage allumé,En agglomération,Hors intersection,Pluie légère,Autre collision,4,2,2,0,1,3,2,0,4,50,1,1,0,0,1,0,39.0,,voiture,,5,2,1,2,6
202200009098,2022-03-18 11:30:00,2022,3,18,11,30,94,94028,A86 EXT,48.7776016949,2.4400786182,Plein jour,Hors agglomération,Hors intersection,Normale,Autre collision,1,-1,2,0,1,2,1,0,1,90,1,1,0,0,0,1,30.0,,voiture,,1,1,1,1,6
202200009099,2022-04-28 07:45:00,2022,4,28,7,45,06,06027,PLAGE BOULEVARD DE LA,43.650761,7.15203,Plein jour,En agglomération,Intersection en T,Normale,Autre collision,7,3,4,1,1,1,1,0,1,50,1,2,1,0,0,1,19.0,,voiture,,1,2,3,1,6
202200009100,2022-11-21 19:00:00,2022,11,21,19,0,77,77169,A4.Y,48.831957,2.601126,Nuit sans éclairage public,Hors agglomération,Hors intersection,Pluie légère,Deux véhicules - arrière,1,1,3,0,1,1,2,0,1,110,2,2,1,0,0,1,34.0,30.0,voiture,deux_roues,3,1,1,2,2
202200009101,2022-06-01 18:30:00,2022,6,1,18,30,75,75108,BOULEVARD HAUSSMANN,48.874201,2.323908,Plein jour,En agglomération,Intersection en X,Normale,Deux véhicules - côté,4,1,2,0,1,1,1,0,1,30,2,2,1,0,0,1,23.0,38.0,deux_roues,deux_roues,1,2,2,1,3
202200009102,2022-12-27 16:50:00,2022,12,27,16,50,69,69092,1011 Route du Saule d’Oingt,45.98019,4.6631,Crépuscule ou aube,Hors agglomération,Hors intersection,Normale,Autre collision,3,2,2,0,1,1,1,0,1,70,1,3,1,0,2,0,79.0,,voiture,,2,1,1,1,6