accident_id,datetime,annee,mois,jour,heure,minute,departement,commune_insee,adresse,latitude,longitude,luminosite,agglomeration,intersection,meteo,collision,catr,circ,nbv,vosp,prof,plan,surf,infra,situ,vma,nb_vehicules,nb_usagers,nb_indemnes,nb_tues,nb_blesses_hosp,nb_blesses_legers,age_cond_1,age_cond_2,veh_type_cond_1,veh_type_cond_2,lum_code,agg_code,int_code,atm_code,col_code
202200009194,2022-11-20 06:20:00,2022,11,20,6,20,64,64122,Boulevard Marcel Dassault,43.46924,-1.53841,Nuit sans éclairage public,En agglomération,Hors intersection,Pluie légère,Autre collision,3,3,4,2,1,1,2,0,3,70,3,6,4,0,1,1,23.0,22.0,deux_roues,voiture,3,2,1,2,6
202200009195,2022-12-27 12:45:00,2022,12,27,12,45,26,26362,VERDUN AVENUE DE (301),44.93838,4.90041,Plein jour,En agglomération,Intersection en Y,Normale,Autre collision,4,2, -1,0,1,1,1,0,1,50,1,2,1,0,1,0,57.0,,utilitaire_camion,,1,2,4,1,6
202200009196,2022-04-28 18:10:00,2022,4,28,18,10,75,75111,AVENUE LEDRU ROLLIN,48.856607,2.37923,Plein jour,En agglomération,Intersection en Y,Normale,Autre collision,4,2,2,0,1,1,1,0,1,30,1,2,1,0,1,0,21.0,,voiture,,1,2,4,1,6
202200009197,2022-06-01 06:36:00,2022,6,1,6,36,93,93027,Avenue Jean Jaurès / Rue Danton,48.922461,2.407047,Plein jour,En agglomération,Intersection en X,Normale,Deux véhicules - côté,3,3,2,0,1,1,1,0,1,50,2,5,4,0,0,1,21.0,39.0,voiture,utilitaire_camion,1,2,2,1,3
202200009198,2022-03-16 08:38:00,2022,3,16,8,38,91,91421,NATIONALE 6 (CES POMPIDOU),48.69213,2.45091,Plein jour,Hors agglomération,Hors intersection,Temps couvert,Trois véhicules et plus - en chaîne,3,1,2,0,1,3,1,0,1,90,4,4,2,0,0,2,24.0,31.0,voiture,voiture,1,1,1,8,4
202200009199,2022-11-19 14:32:00,2022,11,19,14,32,60,60463,Avenue Saint Exupery,49.27196,2.46438,Plein jour,En agglomération,Hors intersection,Normale,Autre collision,4,1,1,0,1,1,2,0,3,50,1,1,0,0,1,0,17.0,,voiture,,1,2,1,1,6
202200009200,2022-12-27 17:18:00,2022,12,27,17,18,26,26198,POMPIDOU (Boulevard Georges),44.54633,4.77311,Plein jour,En agglomération,Hors intersection,Normale,Deux véhicules - côté,3,2,2,0,1,1,1,0,1,50,2,2,1,0,1,0,41.0,14.0,voiture,deux_roues,1,2,1,1,3
202200009201,2022-04-28 18:28:00,2022,4,28,18,28,75,75110,PLACE DU COLONEL FABIEN,48.877635,2.370369,Plein jour,En agglomération,Place,Normale,Deux véhicules - côté,4,1,3,0,2,3,1,0,1,30,2,2,1,0,0,1,20.0,52.0,deux_roues,voiture,1,2,7,1,3
202200009202,2022-06-01 19:15:00,2022,6,1,19,15,93,93007,Avenue Aristide Briand / Avenue Marcel Alizard,48.94355,2.44432,Plein jour,En agglomération,Intersection en T,Normale,Deux véhicules - côté,3,2,2,0,1,1,1,0,1,50,2,2,1,0,0,1,41.0,41.0,voiture,deux_roues,1,2,3,1,3
202200009203,2022-03-05 00:05:00,2022,3,5,0,5,89,89338,JEAN MERMOZ (RUE),48.212951,3.277757,Nuit avec éclairage allumé,En agglomération,Intersection en T,Normale,Deux véhicules - côté,4,2,2,0,1,1,1,0,1,50,2,2,1,0,0,1,17.0,20.0,deux_roues,voiture,5,2,3,1,3
202200009204,2022-05-31 19:50:00,2022,5,31,19,50,92,92073,ROOSVELT (AVENUE FRANKLIN),48.87559,2.21804,Crépuscule ou aube,En agglomération,Hors intersection,Normale,Autre collision,3,3,4,0,3,3,1,0,6,50,1,2,1,0,0,1,,,deux_roues,,2,2,1,1,6
202200009205,2022-04-28 13:10:00,2022,4,28,13,10,75,75110,BOULEVARD DE BONNE NOUVELLE,48.8703742484,2.349576205,Plein jour,En agglomération,Intersection en T,Normale,Deux véhicules - côté,4,2,4,1,1,1,1,-1,5,30,2,2,1,0,0,1,20.0,18.0,deux_roues,deux_roues,1,2,3,1,3
202200009206,2022-12-27 12:50:00,2022,12,27,12,50,14,14242,D7,49.219107,-0.366635,Plein jour,En agglomération,Intersection en X,Temps éblouissant,Deux véhicules - côté,3,3,4,0,1,1,1,0,1,50,2,2,1,0,0,1,17.0,34.0,deux_roues,voiture,1,2,2,7,3
202200009207,2022-11-20 02:20:00,2022,11,20,2,20,60,60175,RD 1016 PIERRE BLANCHE,49.2576,2.49233,Nuit avec éclairage non allumé,Hors agglomération,Autre intersection,Normale,Autre collision,3,1,0,0,1,1,1,9,1,90,3,7,6,0,1,0,20.0,36.0,voiture,voiture,4,1,9,1,6
202200009208,2022-03-17 20:29:00,2022,3,17,20,29,87,87085,LABUSSIERE (AVENUE EMILE),45.84309,1.25213,Nuit avec éclairage allumé,En agglomération,Hors intersection,Normale,Deux véhicules - côté,4,2,2,0,1,1,1,0,1,30,2,2,1,0,0,1,36.0,22.0,deux_roues,voiture,5,2,1,1,3
202200009209,2022-12-27 22:37:00,2022,12,27,22,37,13,13209,SAINTE MARGUERITE (BOULEVARD),43.2657342351,5.408677219,Nuit avec éclairage allumé,En agglomération,Hors intersection,Normale,Deux véhicules - frontale,4,2,1,0,1,1,1,0,1,50,1,3,2,0,0,1,21.0,,voiture,,5,2,1,1,1
202200009210,2022-05-31 13:45:00,2022,5,31,13,45,92,92051,PIERRET (RUE),48.882704719,2.2605086267,Plein jour,En agglomération,Hors intersection,Normale,Deux véhicules - côté,4,1,0,0,1,1,1,0,1,30,2,2,1,0,0,1,42.0,71.0,deux_roues,voiture,1,2,1,1,3
202200009211,2022-11-20 18:40:00,2022,11,20,18,40,59,59599,GAND (RUE DE),50.73105,3.1597,Nuit avec éclairage allumé,En agglomération,Hors intersection,Normale,Deux véhicules - côté,4,2,2,0,1,1,2,0,1,50,2,2,1,0,0,1,41.0,19.0,utilitaire_camion,voiture,5,2,1,1,3
202200009212,2022-04-28 13:10:00,2022,4,28,13,10,75,75110,RUE DU FAUBOURG SAINT MARTIN,48.8754112589,2.359219417,Plein jour,En agglomération,Intersection en T,Normale,Autre collision,4,3,2,3,1,1,1,-1,4,30,1,2,1,0,0,1,,,deux_roues,,1,2,3,1,6
202200009213,2022-06-01 07:50:00,2022,6,1,7,50,92,92050,HAUTES PATURES RUE DES,48.9185256107,2.2211553231,Plein jour,En agglomération,Hors intersection,Normale,Deux véhicules - frontale,4,-1,1,0,1,1,1,0,1,50,2,2,1,0,0,1,57.0,51.0,voiture,deux_roues,1,2,1,1,1
202200009214,2022-12-27 19:00:00,2022,12,27,19,0,13,13208,COMMANDANT ROLLAND,43.27092,5.38148,Nuit avec éclairage allumé,En agglomération,Hors intersection,Normale,Deux véhicules - arrière,4,2,2,0,2,1,1,0,1,50,3,3,2,0,0,1,19.0,60.0,voiture,deux_roues,5,2,1,1,2
202200009215,2022-11-20 18:50:00,2022,11,20,18,50,51,51454,place Aristide Briand,49.25758,4.03885,Nuit avec éclairage allumé,En agglomération,Giratoire,Pluie légère,Deux véhicules - côté,4,1,2,0,1,1,2,0,1,50,2,4,3,0,0,1,20.0,37.0,deux_roues,voiture,5,2,6,2,3
202200009216,2022-04-28 12:50:00,2022,4,28,12,50,75,75107,QUAI BRANLY,48.861594,2.297682,Plein jour,En agglomération,Hors intersection,Normale,Deux véhicules - frontale,4,3,4,1,1,1,1,-1,5,30,2,2,1,0,0,1,35.0,39.0,deux_roues,deux_roues,1,2,1,1,1
202200009217,2022-03-17 13:42:00,2022,3,17,13,42,87,87085,BABYLONE (RUE DE),45.82213,1.27262,Plein jour,En agglomération,Hors intersection,Normale,Deux véhicules - frontale,4,2,2,0,1,1,1,0,1,50,2,2,1,0,0,1,57.0,16.0,voiture,deux_roues,1,2,1,1,1
202200009218,2022-06-01 16:30:00,2022,6,1,16,30,92,92020,PARIS AVENUE DE N° IMPAIRS,48.807694,2.294801,Plein jour,En agglomération,Hors intersection,Normale,Autre collision,3,2,5,0,1,1,1,0,1,50,1,2,1,0,0,1,58.0,,deux_roues,,1,2,1,1,6
202200009219,2022-11-20 09:15:00,2022,11,20,9,15,50,50129,CALIGNY (QUAI DE),49.63943,-1.62094,Plein jour,En agglomération,Hors intersection,Normale,Sans collision,4,2,3,0,1,2,1,0,1,50,1,1,0,1,0,0,26.0,,voiture,,1,2,1,1,7
202200009220,2022-12-27 14:45:00,2022,12,27,14,45,13,13214,DANIEL CASANOVA (BOULEVARD),43.3264330468,5.3746835273,Plein jour,En agglomération,Autre intersection,Normale,Deux véhicules - côté,4,-1,3,0,1,1,1,9,1,50,2,3,1,1,1,0,17.0,35.0,deux_roues,utilitaire_camion,1,2,9,1,3
202200009221,2022-04-27 19:00:00,2022,4,27,19,0,75,75102,RUE REAUMUR,48.8673727585,2.3473070217,Plein jour,En agglomération,Intersection en X,Normale,Deux véhicules - côté,4,1,3,3,1,1,1,-1,6,30,2,2,1,0,0,1,,31.0,voiture,deux_roues,1,2,2,1,3
202200009222,2022-11-20 10:00:00,2022,11,20,10,0,42,42071,Avenue de la Libération,46.03126,4.08276,Plein jour,En agglomération,Hors intersection,Normale,Autre collision,4,2,2,0,1,1,1,0,1,50,1,2,1,0,1,0,84.0,,voiture,,1,2,1,1,6
202200009223,2022-03-16 13:10:00,2022,3,16,13,10,82,82121,ABBAYE (RUE DE L'),44.01361,1.35082,Plein jour,En agglomération,Intersection en X,Normale,Deux véhicules - côté,3,2,3,0,1,1,1,0,1,50,2,2,1,0,1,0,59.0,42.0,utilitaire_camion,deux_roues,1,2,2,1,3
202200009224,2022-12-27 01:15:00,2022,12,27,1,15,13,13002,MARCEL DELESTRADE (BOULEVARD),43.3360319439,5.4659091846,Nuit avec éclairage allumé,En agglomération,Hors intersection,Normale,Deux véhicules - frontale,4,2,2,0,1,2,1,0,4,50,1,1,0,0,0,1,52.0,,utilitaire_camion,,5,2,1,1,1
202200009225,2022-06-01 12:10:00,2022,6,1,12,10,92,92044,VOLTAIRE(RUE)1A51 ET2A40,48.8908182863,2.2811688781,Plein jour,En agglomération,Intersection en X,Normale,Deux véhicules - côté,4,1,1,2,1,1,1,0,1,50,2,3,2,0,0,1,42.0,27.0,voiture,deux_roues,1,2,2,1,3
202200009226,2022-04-27 18:05:00,2022,4,27,18,5,75,75104,VOIE GEORGES POMPIDOU,48.855442,2.35165,Plein jour,En agglomération,Hors intersection,Normale,Autre collision,4,2,2,3,1,1,1,-1,6,20,1,1,0,0,0,1,47.0,,deux_roues,,1,2,1,1,6
202200009227,2022-11-19 17:25:00,2022,11,19,17,25,42,42187,Place des Promenades Populle,46.03628,4.06511,Nuit avec éclairage allumé,En agglomération,Hors intersection,Normale,Autre collision,4,1,1,0,1,1,1,0,1,50,1,2,1,0,1,0,35.0,,voiture,,5,2,1,1,6
202200009228,2022-12-26 22:15:00,2022,12,26,22,15,13,13028,RIPERT (AVENUE EMILE),43.1909227602,5.6176214512,Nuit avec éclairage allumé,En agglomération,Hors intersection,Normale,Deux véhicules - frontale,4,2,2,0,1,1,1,0,4,30,1,1,0,1,0,0,42.0,,deux_roues,,5,2,1,1,1
202200009229,2022-03-18 07:31:00,2022,3,18,7,31,82,82033,TOULOUSE RD 813 (ROUTE DE) ,44.035685,1.113681,Crépuscule ou aube,En agglomération,Hors intersection,Normale,Deux véhicules - côté,3,2,3,0,1,1,1,0,1,50,2,2,1,0,1,0,26.0,16.0,utilitaire_camion,deux_roues,2,2,1,1,3
202200009230,2022-06-01 09:00:00,2022,6,1,9,0,92,92044,P.V.COUTURIER(RUE)81A113ET60A100,48.8982814785,2.2943505943,Plein jour,En agglomération,Intersection à plus de 4 branches,Normale,Autre collision,3,2,3,0,1,1,1,0,1,50,1,2,1,0,0,1,52.0,,deux_roues,,1,2,5,1,6
202200009231,2022-12-27 17:20:00,2022,12,27,17,20,13,13005,SALENGRO (AVENUE ROGER),43.30116,5.57036,Crépuscule ou aube,En agglomération,Autre intersection,Normale,Autre collision,4,2,2,0,2,1,1,0,1,50,1,2,1,0,0,1,69.0,,voiture,,2,2,9,1,6
202200009232,2022-04-28 13:20:00,2022,4,28,13,20,93,93070,Boulevard Jean Jaurès,48.915,2.33769,Plein jour,En agglomération,Hors intersection,Normale,Deux véhicules - côté,3,3,4,0,1,1,1,0,1,50,2,2,1,0,0,1,42.0,35.0,utilitaire_camion,deux_roues,1,2,1,1,3
202200009233,2022-11-20 14:00:00,2022,11,20,14,0,42,42099,Rue Vaillant Couturier,45.38259,4.2728,Plein jour,En agglomération,Hors intersection,Normale,Deux véhicules - arrière,7,2,1,0,1,1,1,0,1,50,2,2,1,0,0,1,20.0,24.0,deux_roues,voiture,1,2,1,1,2
202200009234,2022-06-01 17:50:00,2022,6,1,17,50,92,92024,GUSTAVE EIFFEL (RUE),48.9036769075,2.2940214872,Plein jour,En agglomération,Hors intersection,Normale,Deux véhicules - frontale,4,2,2,0,1,1,1,0,1,5,2,2,1,0,0,1,23.0,31.0,voiture,deux_roues,1,2,1,1,1
202200009235,2022-12-27 10:30:00,2022,12,27,10,30,13,13005,SALENGRO (AVENUE ROGER),43.30087,5.57007,Plein jour,En agglomération,Giratoire,Normale,Autre collision,4,2,2,0,1,2,1,0,1,50,1,2,1,0,0,1,59.0,,utilitaire_camion,,1,2,6,1,6
202200009236,2022-03-18 08:32:00,2022,3,18,8,32,78,78551,PEREIRE,48.901575,2.073911,Plein jour,En agglomération,Intersection en X,Normale,Trois véhicules et plus - collisions multiples,2,-1,3,0,1,1,1,0,1,50,3,3,2,0,1,0,63.0,36.0,voiture,voiture,1,2,2,1,5
202200009237,2022-11-20 06:18:00,2022,11,20,6,18,37,37261,A10,47.36543,0.71311,Nuit avec éclairage allumé,En agglomération,Intersection en T,Normale,Deux véhicules - arrière,1,1,2,0,2,2,2,9,1,50,2,3,2,0,0,1,26.0,26.0,utilitaire_camion,voiture,5,2,3,1,2
202200009238,2022-04-28 09:03:00,2022,4,28,9,3,93,93062,Allée de la Fontaine / Allée de Gagny,48.89208,2.52002,Plein jour,En agglomération,Intersection en X,Normale,Deux véhicules - côté,4,2,2,0,2,1,1,0,1,30,2,2,1,0,0,1,42.0,20.0,voiture,voiture,1,2,2,1,3
202200009239,2022-05-26 18:55:00,2022,5,26,18,55,92,92024,MARTRE (RUE) DE (59 A 109)   (58 A 120),48.9041842335,2.3050214946,Plein jour,En agglomération,Hors intersection,Normale,Autre collision,3,1,3,1,1,1,1,0,3,50,1,3,2,0,0,1,,,voiture,,1,2,1,1,6
202200009240,2022-12-26 18:05:00,2022,12,26,18,5,13,13004,RUE ANATOLE FRANCE,43.67789,4.62422,Nuit avec éclairage allumé,En agglomération,Hors intersection,Normale,Deux véhicules - frontale,3,2,2,0,1,4,1,0,1,50,1,4,3,0,1,0,20.0,,voiture,,5,2,1,1,1
202200009241,2022-11-20 19:00:00,2022,11,20,19,0,35,35238,LECLERC (AVENUE DU GENERAL),48.1146621713,-1.6557745636,Nuit avec éclairage allumé,En agglomération,Intersection en T,Normale,Deux véhicules - frontale,4,2,2,2,2,1,1,0,5,50,2,2,1,0,0,1,21.0,20.0,voiture,deux_roues,5,2,3,1,1
202200009242,2022-05-31 19:00:00,2022,5,31,19,0,92,92004,MENIL,48.9217758716,2.2830257714,Plein jour,En agglomération,Hors intersection,Normale,Deux véhicules - frontale,4,1,1,0,1,1,1,0,1,30,2,2,1,0,0,1,45.0,9.0,voiture,autre,1,2,1,1,1
202200009243,2022-04-28 11:00:00,2022,4,28,11,0,93,93051,Route de Neuilly,48.85007,2.53599,Plein jour,En agglomération,Hors intersection,Normale,Deux véhicules - arrière,3,2,2,0,2,1,1,0,1,50,2,2,1,0,0,1,65.0,30.0,utilitaire_camion,deux_roues,1,2,1,1,2
202200009244,2022-12-27 17:35:00,2022,12,27,17,35,07,07281,,44.93973,4.86511,Nuit avec éclairage allumé,En agglomération,Giratoire,Normale,Deux véhicules - côté,3,-1,2,0,1,2,1,0,1,50,2,2,1,0,0,1,45.0,19.0,voiture,deux_roues,5,2,6,1,3
202200009245,2022-11-20 17:40:00,2022,11,20,17,40,35,35238,GINGUENE,48.09918,-1.6792,Crépuscule ou aube,En agglomération,Intersection en X,Normale,Deux véhicules - côté,4,1,1,2,1,1,1,0,1,30,2,2,0,0,0,2,24.0,26.0,voiture,voiture,2,2,2,1,3
202200009246,2022-06-01 19:35:00,2022,6,1,19,35,92,92002,JEAN MONNET (AVENUE),48.7474848615,2.2985018491,Plein jour,En agglomération,Hors intersection,Normale,Deux véhicules - côté,3,2,2,1,1,1,1,0,5,50,2,2,1,0,0,1,30.0,27.0,deux_roues,voiture,1,2,1,1,3
202200009247,2022-04-28 17:10:00,2022,4,28,17,10,93,93048,Rue Kléber,48.85389,2.43436,Plein jour,En agglomération,Hors intersection,Normale,Deux véhicules - arrière,4,1,1,0,1,1,1,8,1,50,2,2,1,0,0,1,34.0,34.0,utilitaire_camion,deux_roues,1,2,1,1,2
202200009248,2022-11-20 04:25:00,2022,11,20,4,25,35,35238,,48.14219,-1.64847,Nuit sans éclairage public,Hors agglomération,Hors intersection,Pluie légère,Autre collision,2,3,4,0,1,1,2,0,3,90,1,2,0,0,0,2,23.0,,voiture,,3,1,1,2,6
202200009249,2022-12-26 19:05:00,2022,12,26,19,5,75,75119,PORTE DE LA VILLETTE,48.900238,2.376544,Nuit avec éclairage allumé,En agglomération,Intersection en Y,Normale,Deux véhicules - arrière,4,1,4,0,1,1,1,0,1,70,2,2,1,0,0,1,27.0,32.0,deux_roues,utilitaire_camion,5,2,4,1,2
202200009250,2022-06-01 08:45:00,2022,6,1,8,45,92,92002,ARISTIDE BRIAND (AVENUE),48.75794,2.30683,Plein jour,En agglomération,Intersection en T,Normale,Deux véhicules - côté,3,2,1,0,1,1,1,0,1,50,2,2,1,0,0,1,30.0,4.0,voiture,deux_roues,1,2,3,1,3
202200009251,2022-11-16 17:00:00,2022,11,16,17,0,29,29254,Allée Saint François,48.59651,-3.84155,Plein jour,En agglomération,Hors intersection,Pluie légère,Deux véhicules - frontale,3,2,2,0,1,2,2,0,1,50,2,2,1,0,1,0,78.0,25.0,voiture,deux_roues,1,2,1,2,1
202200009252,2022-04-28 09:20:00,2022,4,28,9,20,93,93031,Avenue Léon Blum / Rue des Saules,48.958417,2.310819,Plein jour,En agglomération,Intersection en T,Normale,Deux véhicules - côté,4,2,2,0,1,1,1,5,1,50,2,2,1,0,0,1,21.0,27.0,voiture,deux_roues,1,2,3,1,3
202200009253,2022-12-25 15:55:00,2022,12,25,15,55,75,75115,PORTE D ISSY,48.8349382541,2.2733893991,Plein jour,En agglomération,Intersection en Y,Normale,Deux véhicules - arrière,4,1,4,0,1,1,1,0,1,70,2,2,0,0,0,2,59.0,49.0,voiture,voiture,1,2,4,1,2
202200009254,2022-03-17 12:15:00,2022,3,17,12,15,77,77067,BOISSENART CENTRE COMMERCIAL,48.586,2.601,Plein jour,Hors agglomération,Hors intersection,Temps couvert,Autre collision,6,-1, -1,0,1,1,1,9,1,20,1,2,1,0,1,0,24.0,,voiture,,1,1,1,8,6
202200009255,2022-05-14 10:55:00,2022,5,14,10,55,06,06161,1662 Route Départementale 6007,43.634585,7.133748,Plein jour,En agglomération,Hors intersection,Normale,Deux véhicules - côté,3,2,2,1,2,1,1,0,1,50,2,2,1,0,0,1,19.0,68.0,deux_roues,voiture,1,2,1,1,3
202200009256,2022-11-20 18:20:00,2022,11,20,18,20,25,25462,PAIX DE LA,46.90963,6.35108,Nuit avec éclairage allumé,En agglomération,Hors intersection,Pluie légère,Autre collision,4,2,2,0,1,1,2,0,1,50,1,2,1,0,1,0,20.0,,voiture,,5,2,1,2,6
202200009257,2022-04-28 11:05:00,2022,4,28,11,5,93,93027,Rue Jean-pierre Timbaud / Avenue Paul Vaillant Couturier,48.924795062,2.4150127172,Plein jour,En agglomération,Intersection en X,Normale,Autre collision,3,3,4,-1,1,1,1,0,1,-1,1,2,1,0,0,1,79.0,,voiture,,1,2,2,1,6
202200009258,2022-12-25 04:01:00,2022,12,25,4,1,75,75113,PLACE D ITALIE,48.83135,2.35484,Nuit avec éclairage allumé,En agglomération,Place,Autre,Autre collision,4,1,1,0,1,2,2,8,1,30,1,3,0,0,0,3,23.0,,utilitaire_camion,,5,2,7,9,6
202200009259,2022-11-20 20:46:00,2022,11,20,20,46,17,17200,N237,46.1757,-1.16949,Nuit sans éclairage public,Hors agglomération,Hors intersection,Pluie légère,Deux véhicules - arrière,2,3,4,0,1,1,2,0,1,90,2,2,1,0,0,1,43.0,36.0,voiture,voiture,3,1,1,2,2
202200009260,2022-05-14 09:30:00,2022,5,14,9,30,16,16268,Intersection D76 / rue de la Chataigneraie,45.9628,0.285988,Plein jour,Hors agglomération,Intersection en X,Normale,Sans collision,3,2,2,0,1,1,1,0,1,80,2,2,1,0,1,0,31.0,70.0,deux_roues,voiture,1,1,2,1,7
202200009261,2022-03-18 18:00:00,2022,3,18,18,0,76,76165,Rue Armand Barbès,49.28077,1.01266,Plein jour,En agglomération,Intersection en X,Normale,Deux véhicules - frontale,4,2,2,0,1,1,1,0,1,50,2,4,2,0,0,2,26.0,29.0,voiture,voiture,1,2,2,1,1
202200009262,2022-04-28 20:25:00,2022,4,28,20,25,93,93014,Allée Maurice Audin,48.90867,2.54409,Crépuscule ou aube,En agglomération,Hors intersection,Normale,Deux véhicules - côté,4,2,2,1,1,1,1,0,5,50,2,2,1,0,0,1,39.0,55.0,deux_roues,voiture,2,2,1,1,3
202200009263,2022-12-27 11:25:00,2022,12,27,11,25,75,75119,PLACE SKANDERBEG,48.9009425181,2.3703190684,Plein jour,En agglomération,Place,Normale,Deux véhicules - arrière,4,1,3,0,1,1,1,9,1,30,2,2,1,0,0,1,34.0,31.0,voiture,voiture,1,2,7,1,2
202200009264,2022-11-20 16:00:00,2022,11,20,16,0,13,13019,ROUTE D’APT,43.4283749835,5.3695392608,Plein jour,Hors agglomération,Hors intersection,Normale,Deux véhicules - frontale,3,2,2,0,2,2,1,0,1,80,2,2,1,0,0,1,47.0,59.0,voiture,voiture,1,1,1,1,1
202200009265,2022-03-18 17:19:00,2022,3,18,17,19,72,72181,SUD EST DEVIATION  RT TOURS A RT PARIGNE,47.96643,0.23131,Plein jour,Hors agglomération,Hors intersection,Normale,Autre collision,3,3,2,0,1,1,1,0,3,110,1,1,0,0,0,1,23.0,,voiture,,1,1,1,1,6
202200009266,2022-05-15 11:20:00,2022,5,15,11,20,30,30210,Avenue des Cévènnes,43.907053,4.00442,Plein jour,En agglomération,Hors intersection,Normale,Deux véhicules - arrière,3,2,2,0,1,1,1,0,1,50,2,3,2,0,1,0,23.0,38.0,deux_roues,deux_roues,1,2,1,1,2
202200009267,2022-04-28 17:10:00,2022,4,28,17,10,93,93014,Allée Etienne Laurent / Allée Nelson Mandela,48.90335,2.55087,Plein jour,En agglomération,Intersection en T,Normale,Deux véhicules - côté,4,2,2,0,1,1,1,0,1,30,2,2,1,0,0,1,44.0,9.0,voiture,deux_roues,1,2,3,1,3
202200009268,2022-05-15 12:00:00,2022,5,15,12,0,73,73065,VEYRAT JEAN PIERRE (RUE),45.567007047,5.9182988852,Plein jour,En agglomération,Hors intersection,Normale,Autre collision,4,2,2,0,1,1,1,9,1,30,1,2,1,1,0,0,51.0,,utilitaire_camion,,1,2,1,1,6
202200009269,2022-12-27 14:15:00,2022,12,27,14,15,75,75117,AVENUE DE VILLIERS,48.8848498714,2.2979184554,Plein jour,En agglomération,Place,Normale,Deux véhicules - côté,4,2,2,0,1,1,1,0,1,30,2,2,1,0,0,1,38.0,24.0,utilitaire_camion,deux_roues,1,2,7,1,3
202200009270,2022-03-18 13:30:00,2022,3,18,13,30,72,72003,ANJOU (BD D'),47.96429,0.16268,Plein jour,En agglomération,Hors intersection,Normale,Deux véhicules - arrière,4,3,2,0,1,1,1,0,1,50,2,2,1,0,0,1,49.0,27.0,deux_roues,utilitaire_camion,1,2,1,1,2
202200009271,2022-11-20 03:25:00,2022,11,20,3,25,13,13206,EDMOND ROSTAND (RUE),43.28347,5.38233,Nuit avec éclairage allumé,En agglomération,Intersection en X,Normale,Deux véhicules - côté,4,1,1,0,1,1,1,5,1,50,2,4,1,0,0,3,20.0,19.0,deux_roues,voiture,5,2,2,1,3
202200009272,2022-04-28 11:30:00,2022,4,28,11,30,93,93001,167 Avenue Victor Hugo,48.911804,2.379632,Plein jour,En agglomération,Hors intersection,Normale,Deux véhicules - côté,3,2,6,3,1,1,1,0,1,50,2,2,1,0,0,1,54.0,46.0,deux_roues,voiture,1,2,1,1,3
202200009273,2022-12-26 23:20:00,2022,12,26,23,20,75,75113,AVENUE DES GOBELINS,48.8334163597,2.3542043567,Nuit avec éclairage allumé,En agglomération,Intersection en X,Normale,Sans collision,4,2,2,0,2,1,1,0,1,30,1,1,0,0,0,1,41.0,,deux_roues,,5,2,2,1,7
202200009274,2022-11-20 05:50:00,2022,11,20,5,50,13,13205,GOUFFE (COURS),43.28514,5.39123,Nuit avec éclairage allumé,En agglomération,Hors intersection,Normale,Deux véhicules - arrière,4,2,3,0,1,1,1,0,1,50,2,2,1,0,0,1,49.0,21.0,voiture,voiture,5,2,1,1,2
202200009275,2022-03-18 09:00:00,2022,3,18,9,0,72,72181,CHANZY (RUE)  N° PAIRS 2 A 50,48.00073,0.20276,Plein jour,En agglomération,Intersection en X,Normale,Deux véhicules - côté,4,-1,2,1,1,1,1,5,1,50,2,2,1,0,1,0,26.0,63.0,deux_roues,voiture,1,2,2,1,3
202200009276,2022-05-30 19:10:00,2022,5,30,19,10,33,33366,D137,45.013027,-0.442371,Plein jour,Hors agglomération,Hors intersection,Normale,Trois véhicules et plus - collisions multiples,3,2,2,0,1,1,1,0,1,50,3,4,1,0,3,0,33.0,62.0,voiture,voiture,1,1,1,1,5
202200009277,2022-04-28 08:05:00,2022,4,28,8,5,92,92078,VERDUN (AVENUE) (IMPAIRS JJAURES>A86),48.93476,2.32486,Plein jour,En agglomération,Intersection en X,Normale,Deux véhicules - côté,3,2,2,0,1,1,1,5,1,50,2,2,1,0,0,1,26.0,36.0,voiture,utilitaire_camion,1,2,2,1,3
202200009278,2022-12-27 15:35:00,2022,12,27,15,35,75,75110,RUE DU FAUBOURG SAINT DENIS,48.874475,2.306647,Plein jour,En agglomération,Hors intersection,Normale,Deux véhicules - côté,4,2,2,0,1,1,1,0,1,30,2,2,1,0,0,1,40.0,22.0,voiture,deux_roues,1,2,1,1,3
202200009279,2022-04-28 14:15:00,2022,4,28,14,15,92,92064,VAL D'OR (RUE DU),48.85985,2.21932,Plein jour,En agglomération,Hors intersection,Normale,Autre collision,4,2,2,0,2,1,1,0,1,50,1,1,0,0,0,1,16.0,,voiture,,1,2,1,1,6
202200009280,2022-03-17 16:00:00,2022,3,17,16,0,72,72181,PATTON GENERAL RTE ST-AUBIN A AV RUBILLA,48.02954,0.1806,Plein jour,Hors agglomération,Hors intersection,Normale,Deux véhicules - arrière,3,1,1,0,2,1,1,3,1,50,2,3,1,0,0,2,72.0,60.0,voiture,utilitaire_camion,1,1,1,1,2
202200009281,2022-06-02 07:45:00,2022,6,2,7,45,60,60139,Ancienne Route de Champagne,49.1593841629,2.2378887534,Plein jour,Hors agglomération,Intersection en T,Normale,Deux véhicules - côté,4,4,2,0,1,2,1,0,1,-1,2,2,1,0,0,1,45.0,23.0,deux_roues,voiture,1,1,3,1,3
202200009282,2022-12-26 17:15:00,2022,12,26,17,15,94,94068,PONT DE CRETEIL - PONT DE CRETEIL (R DU),48.80712,2.47129,Nuit avec éclairage allumé,En agglomération,Intersection en T,Normale,Deux véhicules - côté,3,2,4,0,1,1,1,0,1,30,2,2,1,0,0,1,50.0,24.0,voiture,deux_roues,5,2,3,1,3
202200009283,2022-11-20 05:10:00,2022,11,20,5,10,13,13208,LOUIS BONNEFON (PLACE),43.25411,5.38182,Nuit avec éclairage allumé,En agglomération,Giratoire,Normale,Deux véhicules - côté,4,1,2,0,1,2,1,0,1,50,2,4,2,0,0,2,22.0,21.0,voiture,voiture,5,2,6,1,3