accident_id,datetime,annee,mois,jour,heure,minute,departement,commune_insee,adresse,latitude,longitude,luminosite,agglomeration,intersection,meteo,collision,catr,circ,nbv,vosp,prof,plan,surf,infra,situ,vma,nb_vehicules,nb_usagers,nb_indemnes,nb_tues,nb_blesses_hosp,nb_blesses_legers,age_cond_1,age_cond_2,veh_type_cond_1,veh_type_cond_2,lum_code,agg_code,int_code,atm_code,col_code
202200009284,2022-04-27 15:30:00,2022,4,27,15,30,92,92076,REPUBLIQUE,48.837532,2.153989,Plein jour,En agglomération,Hors intersection,Normale,Autre collision,3,2,2,0,1,1,1,6,6,30,1,2,0,1,0,1,65.0,,deux_roues,,1,2,1,1,6
202200009285,2022-03-17 01:33:00,2022,3,17,1,33,67,67482,GENERAL KOENIG (QUAI DU),48.5753190531,7.7547839284,Nuit avec éclairage allumé,En agglomération,Intersection en T,Normale,Deux véhicules - côté,4,2,5,1,1,1,1,5,1,50,2,2,1,0,0,1,25.0,24.0,voiture,deux_roues,5,2,3,1,3
202200009286,2022-12-26 11:55:00,2022,12,26,11,55,94,94017,LOUIS TALAMONI (R),48.81367,2.51033,Plein jour,En agglomération,Intersection en X,Normale,Autre collision,3,2,8,0,1,1,1,5,1,50,1,2,1,0,1,0,62.0,,voiture,,1,2,2,1,6
202200009287,2022-05-30 05:13:00,2022,5,30,5,13,60,60398,D4,49.158194,2.267942,Crépuscule ou aube,Hors agglomération,Hors intersection,Normale,Deux véhicules - côté,3,2,2,0,1,3,1,0,1,80,2,2,1,0,0,1,47.0,49.0,deux_roues,deux_roues,2,1,1,1,3
202200009288,2022-11-19 17:40:00,2022,11,19,17,40,06,06083,ASTRID (PROMENADE REINE),43.78457,7.5296,Crépuscule ou aube,Hors agglomération,Hors intersection,Normale,Deux véhicules - arrière,3,3,1,0,1,1,1,9,1,30,2,3,2,0,0,1,45.0,21.0,voiture,deux_roues,2,1,1,1,2
202200009289,2022-04-28 14:00:00,2022,4,28,14,0,92,92049,PERI RUE GABRIEL N°2 A 36,48.8177098408,2.3241249919,Plein jour,En agglomération,Intersection en T,Normale,Trois véhicules et plus - collisions multiples,3,2,2,0,1,1,1,0,1,50,3,3,2,0,0,1,23.0,35.0,voiture,deux_roues,1,2,3,1,5
202200009290,2022-12-27 16:50:00,2022,12,27,16,50,94,94002,BLANQUI (QU),48.80125,2.41616,Plein jour,En agglomération,Intersection en T,Normale,Deux véhicules - côté,3,1,1,0,1,1,1,0,1,50,2,3,2,0,0,1,50.0,70.0,deux_roues,voiture,1,2,3,1,3
202200009291,2022-11-15 17:45:00,2022,11,15,17,45,01,01014,TUILERIE ( RUE DE LA ),46.27259,5.666092,Nuit avec éclairage allumé,En agglomération,Intersection en T,Pluie légère,Deux véhicules - côté,4,2,2,0,3,4,2,0,1,50,2,2,1,0,1,0,52.0,19.0,voiture,deux_roues,5,2,3,2,3
202200009292,2022-03-18 18:50:00,2022,3,18,18,50,65,65440,ALSACE LORRAINE (AVENUE),43.244374,0.073362,Plein jour,En agglomération,Hors intersection,Normale,Deux véhicules - arrière,3,-1,2,0,1,1,1,0,1,50,2,3,2,0,0,1,33.0,73.0,voiture,voiture,1,2,1,1,2
202200009293,2022-06-01 18:10:00,2022,6,1,18,10,13,13215,A7-Sens Lyon vers Marseille,43.3429,5.37579,Plein jour,Hors agglomération,Hors intersection,Normale,Deux véhicules - arrière,1,1,4,0,2,3,1,3,1,70,2,2,1,0,0,1,24.0,19.0,deux_roues,voiture,1,1,1,1,2
202200009294,2022-12-27 07:30:00,2022,12,27,7,30,93,93051,Rue Jean Richepin,48.84454,2.54649,Nuit avec éclairage allumé,En agglomération,Hors intersection,Normale,Autre collision,4,2,2,0,1,1,1,0,3,50,1,1,0,0,0,1,52.0,,voiture,,5,2,1,1,6
202200009295,2022-11-19 04:40:00,2022,11,19,4,40,75,75120,RUE DES PYRENEES,48.860278,2.400939,Nuit avec éclairage allumé,En agglomération,Hors intersection,Normale,Sans collision,4,2,2,0,2,1,1,0,1,30,1,2,0,0,1,1,23.0,,deux_roues,,5,2,1,1,7
202200009296,2022-04-28 10:55:00,2022,4,28,10,55,92,92049,PERI RUE GABRIEL N°37 A 99,48.8182917736,2.3208543062,Plein jour,En agglomération,Hors intersection,Normale,Deux véhicules - côté,3,2,2,0,1,1,1,0,1,50,2,2,1,0,0,1,51.0,51.0,voiture,deux_roues,1,2,1,1,3
202200009297,2022-03-18 17:20:00,2022,3,18,17,20,64,64545,Rue de Maillarenea,43.34888,-1.762859,Plein jour,En agglomération,Intersection en T,Normale,Deux véhicules - côté,4,2,2,0,2,1,1,0,1,50,2,3,0,0,0,3,31.0,47.0,voiture,deux_roues,1,2,3,1,3
202200009298,2022-04-28 14:45:00,2022,4,28,14,45,92,92023,HENRI BARBUSSE (AVENUE),48.8113464637,2.2582520842,Plein jour,En agglomération,Hors intersection,Normale,Sans collision,3,2,1,0,1,1,1,0,1,30,1,1,0,0,0,1,33.0,,deux_roues,,1,2,1,1,7
202200009299,2022-06-01 13:47:00,2022,6,1,13,47,33,33039,ROCADE A 630,44.78886,-0.540881,Plein jour,Hors agglomération,Hors intersection,Normale,Deux véhicules - côté,1,3,6,0,1,1,1,0,1,90,2,5,2,0,0,3,42.0,,voiture,utilitaire_camion,1,1,1,1,3
202200009300,2022-12-27 14:18:00,2022,12,27,14,18,93,93007,Rue du Général Giraud / Rue des Pâquerettes,48.94431,2.45571,Plein jour,En agglomération,Intersection en X,Normale,Deux véhicules - côté,4,1,1,0,1,1,1,0,1,50,2,3,2,0,0,1,56.0,42.0,utilitaire_camion,utilitaire_camion,1,2,2,1,3
202200009301,2022-11-20 11:23:00,2022,11,20,11,23,75,75120,RUE DE BELLEVILLE,48.872535,2.378552,Plein jour,En agglomération,Intersection en T,Pluie légère,Deux véhicules - côté,4,2,0,0,2,1,2,0,1,30,2,2,1,0,0,1,39.0,32.0,voiture,deux_roues,1,2,3,2,3
202200009302,2022-04-28 10:57:00,2022,4,28,10,57,92,92019,SALENGRO ROGER (RUE),48.7698359062,2.2740270942,Plein jour,En agglomération,Hors intersection,Normale,Deux véhicules - côté,3,2,2,2,1,1,1,0,5,50,2,2,1,0,0,1,41.0,33.0,utilitaire_camion,deux_roues,1,2,1,1,3
202200009303,2022-05-30 18:50:00,2022,5,30,18,50,33,33281,ROCADE A 630,44.816056,-0.672989,Plein jour,Hors agglomération,Hors intersection,Normale,Deux véhicules - arrière,1,3,6,0,1,1,1,0,1,90,2,2,1,0,0,1,44.0,42.0,utilitaire_camion,voiture,1,1,1,1,2
202200009304,2022-03-19 00:38:00,2022,3,19,0,38,64,64445,YITZHAK RABIN,43.306302,-0.33378,Nuit avec éclairage allumé,En agglomération,Autre intersection,Normale,Deux véhicules - côté,4,-1,2,0,1,1,1,9,1,50,2,5,3,0,0,2,19.0,26.0,voiture,voiture,5,2,9,1,3
202200009305,2022-12-26 23:00:00,2022,12,26,23,0,92,92063,DIX-HUIT JUIN 1940 (AVENUE DU) EST,48.8682536186,2.1911110282,Nuit avec éclairage allumé,En agglomération,Intersection en T,Temps couvert,Deux véhicules - côté,3,2,2,0,2,1,2,0,1,50,2,2,1,0,0,1,35.0,24.0,deux_roues,voiture,5,2,3,8,3
202200009306,2022-11-20 12:50:00,2022,11,20,12,50,75,75118,RUE DES POISSONNIERS,48.89423,2.352863,Plein jour,En agglomération,Intersection en X,Pluie légère,Autre collision,4,1,2,0,1,1,2,0,1,30,1,3,2,0,0,1,31.0,,voiture,,1,2,2,2,6
202200009307,2022-04-27 17:55:00,2022,4,27,17,55,92,92004,HENRI POINCARE,48.9321580873,2.275470525,Crépuscule ou aube,En agglomération,Hors intersection,Normale,Deux véhicules - arrière,4,2,0,0,1,1,1,0,1,30,2,3,2,0,0,1,24.0,34.0,voiture,voiture,2,2,1,1,2
202200009308,2022-04-30 12:10:00,2022,4,30,12,10,33,33122,AUTOROUTE A 63,44.73705,-0.71679,Plein jour,Hors agglomération,Hors intersection,Normale,Deux véhicules - arrière,1,3,4,0,1,1,1,0,1,130,2,3,0,0,0,3,35.0,58.0,voiture,voiture,1,1,1,1,2
202200009309,2022-03-18 12:25:00,2022,3,18,12,25,61,61001,BASINGSTOKE (AVENUE DE),48.436,0.095,Plein jour,En agglomération,Hors intersection,Normale,Deux véhicules - côté,3,2,2,1,1,1,1,0,5,50,2,2,1,0,0,1,73.0,32.0,voiture,deux_roues,1,2,1,1,3
202200009310,2022-12-26 18:35:00,2022,12,26,18,35,92,92023,GENERAL DE GAULLE (AV DU) N°130 A 340 ET,48.7854,2.25111,Nuit avec éclairage allumé,En agglomération,Autre intersection,Normale,Deux véhicules - frontale,3,2,2,0,1,1,1,0,1,50,2,2,1,0,0,1,23.0,24.0,voiture,deux_roues,5,2,9,1,1
202200009311,2022-11-18 18:20:00,2022,11,18,18,20,75,75117,BOULEVARD MALESHERBES,48.881192,2.312139,Crépuscule ou aube,En agglomération,Intersection en T,Normale,Deux véhicules - côté,4,2,4,1,1,1,1,0,1,30,2,2,1,0,0,1,28.0,30.0,deux_roues,utilitaire_camion,2,2,3,1,3
202200009312,2022-04-28 06:30:00,2022,4,28,6,30,92,92002,GABRIEL PERI (AVENUE),48.7519473511,2.3029559254,Plein jour,En agglomération,Hors intersection,Normale,Deux véhicules - côté,4,1,1,0,1,1,1,8,1,30,2,2,1,0,0,1,50.0,45.0,transport_commun,deux_roues,1,2,1,1,3
202200009313,2022-06-01 16:55:00,2022,6,1,16,55,94,94065,AUTOROUTE A86,48.7546257294,2.3470137674,Plein jour,Hors agglomération,Hors intersection,Normale,Deux véhicules - arrière,2,1,4,0,1,1,1,0,1,90,2,2,1,0,0,1,29.0,50.0,deux_roues,voiture,1,1,1,1,2
202200009314,2022-12-27 08:10:00,2022,12,27,8,10,92,92007,COSSON (RUE GABRIEL),48.8012698769,2.3150966763,Crépuscule ou aube,En agglomération,Intersection en X,Normale,Deux véhicules - frontale,3,2,2,2,2,1,1,0,1,50,2,2,1,0,0,1,54.0,37.0,utilitaire_camion,deux_roues,2,2,2,1,1
202200009315,2022-03-15 17:30:00,2022,3,15,17,30,61,61077,FRANCIS CAGNARD (AVENUE),48.447,0.113,Plein jour,En agglomération,Giratoire,Normale,Sans collision,3,1,1,0,1,2,8,5,1,50,2,2,1,0,0,1,49.0,16.0,deux_roues,deux_roues,1,2,6,1,7
202200009316,2022-11-20 16:50:00,2022,11,20,16,50,75,75115,PLACE DES INSURGES DE VARSOVIE,48.827782,2.292416,Crépuscule ou aube,En agglomération,Place,Normale,Deux véhicules - frontale,4,1,3,0,1,2,1,0,1,30,2,2,1,0,0,1,26.0,54.0,voiture,deux_roues,2,2,7,1,1
202200009317,2022-04-29 19:45:00,2022,4,29,19,45,50,50541,D924 - LES PERRIERES,48.837069,-1.498647,Plein jour,Hors agglomération,Intersection en X,Normale,Deux véhicules - côté,3,2,2,0,1,1,1,0,1,70,2,2,1,1,0,0,35.0,25.0,voiture,deux_roues,1,1,2,1,3
202200009318,2022-12-27 13:00:00,2022,12,27,13,0,976,97610,Rue Bamana,-12.735131,45.203891,Plein jour,En agglomération,Hors intersection,Normale,Deux véhicules - frontale,4,2,2,0,2,2,1,0,1,-1,2,2,1,0,1,0,50.0,36.0,deux_roues,voiture,1,2,1,1,1
202200009319,2022-03-18 09:25:00,2022,3,18,9,25,59,59426,TOURCOING (RUE DE),50.746183,3.157696,Plein jour,En agglomération,Hors intersection,Normale,Autre collision,4,-1,0,0,1,1,1,0,1,50,1,2,1,0,1,0,60.0,,voiture,,1,2,1,1,6
202200009320,2022-06-01 08:26:00,2022,6,1,8,26,91,91521,AUTOROUTE A6,48.633998,2.404455,Plein jour,Hors agglomération,Hors intersection,Normale,Deux véhicules - arrière,1,3,6,0,1,1,1,0,1,110,2,2,1,0,0,1,29.0,32.0,voiture,utilitaire_camion,1,1,1,1,2
202200009321,2022-11-20 01:50:00,2022,11,20,1,50,75,75108,RUE DU BOCCADOR,48.866854,2.302594,Nuit avec éclairage allumé,En agglomération,Intersection en X,Normale,Deux véhicules - côté,4,2,2,0,2,1,1,0,1,30,2,2,1,0,0,1,31.0,30.0,voiture,deux_roues,5,2,2,1,3
202200009322,2022-03-17 07:05:00,2022,3,17,7,5,57,57306,WENDEL (RUE DE),49.3278,6.06794,Plein jour,En agglomération,Hors intersection,Normale,Autre collision,3,2,2,0,1,1,1,0,1,50,1,2,1,0,1,0,25.0,,voiture,,1,2,1,1,6
202200009323,2022-06-18 18:30:00,2022,6,18,18,30,60,60479,D136,49.18967,2.835503,Plein jour,Hors agglomération,Hors intersection,Normale,Deux véhicules - arrière,3,2,2,0,1,1,1,0,1,-1,2,3,2,0,0,1,27.0,22.0,voiture,voiture,1,1,1,1,2
202200009324,2022-05-31 18:00:00,2022,5,31,18,0,92,92036,AUTOROUTE A86,48.9388411377,2.3085756868,Plein jour,Hors agglomération,Hors intersection,Normale,Deux véhicules - côté,1,3,6,0,1,1,1,0,1,90,2,2,1,0,0,1,51.0,52.0,utilitaire_camion,deux_roues,1,1,1,1,3
202200009325,2022-04-19 14:55:00,2022,4,19,14,55,22,22121,D6,48.640069,-2.990685,Plein jour,Hors agglomération,Intersection en T,Normale,Deux véhicules - arrière,3,2,2,0,1,1,1,0,1,-1,2,2,1,0,0,1,47.0,60.0,utilitaire_camion,voiture,1,1,3,1,2
202200009326,2022-11-19 23:40:00,2022,11,19,23,40,75,75108,BOULEVARD DE COURCELLES,48.879127,2.303217,Nuit avec éclairage allumé,En agglomération,Place,Normale,Deux véhicules - arrière,4,2,4,0,1,1,1,0,1,30,2,2,1,0,0,1,19.0,18.0,voiture,deux_roues,5,2,7,1,2
202200009327,2022-03-18 10:45:00,2022,3,18,10,45,56,56185,N165 sens Lorient/Vannes,47.77099,-3.37814,Plein jour,Hors agglomération,Hors intersection,Normale,Autre collision,2,1,2,0,2,3,1,3,1,70,1,1,0,0,0,1,70.0,,voiture,,1,1,1,1,6
202200009328,2022-05-11 18:00:00,2022,5,11,18,0,92,92036,AUTOROUTE A15,48.9435578314,2.2873807879,Plein jour,Hors agglomération,Hors intersection,Normale,Autre collision,1,3,2,0,1,2,1,0,1,50,1,1,0,0,0,1,26.0,,deux_roues,,1,1,1,1,6
202200009329,2022-12-27 14:35:00,2022,12,27,14,35,62,62268,D204,50.668987,1.843096,Plein jour,En agglomération,Hors intersection,Temps couvert,Deux véhicules - frontale,3,2,2,0,1,1,2,0,1,50,2,3,1,0,1,1,17.0,69.0,deux_roues,utilitaire_camion,1,2,1,8,1
202200009330,2022-11-20 05:05:00,2022,11,20,5,5,75,75107,PLACE DE LA RESISTANCE,48.861918,2.302016,Nuit avec éclairage allumé,En agglomération,Place,Normale,Sans collision,4,4,4,0,1,1,1,0,1,30,1,1,0,0,0,1,30.0,,deux_roues,,5,2,7,1,7
202200009331,2022-03-18 13:00:00,2022,3,18,13,0,51,51172,Place de la Solidarité,49.21697,4.04617,Plein jour,En agglomération,Giratoire,Normale,Deux véhicules - côté,4,1,2,2,2,2,1,0,1,50,2,2,1,0,0,1,66.0,29.0,voiture,deux_roues,1,2,6,1,3
202200009332,2022-04-30 14:10:00,2022,4,30,14,10,68,68026,intersection D4 et D4.1,48.134601,7.342866,Plein jour,Hors agglomération,Intersection en Y,Pluie légère,Deux véhicules - côté,3,2,2,0,1,3,2,5,8,70,2,2,1,0,0,1,54.0,23.0,deux_roues,voiture,1,1,4,2,3
202200009333,2022-12-27 11:50:00,2022,12,27,11,50,56,56185,Kerrous D765,47.771973,-3.411212,Plein jour,Hors agglomération,Intersection en X,Normale,Deux véhicules - côté,3,2,2,0,1,1,1,5,1,70,2,2,1,0,1,0,41.0,64.0,deux_roues,voiture,1,1,2,1,3
202200009334,2022-05-31 16:20:00,2022,5,31,16,20,92,92036,AUTOROUTE A86,48.9389254025,2.3037921616,Plein jour,Hors agglomération,Hors intersection,Normale,Deux véhicules - côté,1,3,6,0,1,1,1,0,1,90,2,2,1,0,0,1,32.0,44.0,deux_roues,voiture,1,1,1,1,3
202200009335,2022-11-20 19:40:00,2022,11,20,19,40,75,75103,RUE DE TURENNE,48.858819,2.364518,Nuit avec éclairage allumé,En agglomération,Intersection en T,Normale,Deux véhicules - côté,4,2,2,2,1,1,2,0,5,30,2,2,1,0,0,1,32.0,29.0,voiture,deux_roues,5,2,3,1,3
202200009336,2022-03-18 09:15:00,2022,3,18,9,15,51,51454,Allée des Monts de Champagne,49.2490235944,4.0545907617,Plein jour,En agglomération,Hors intersection,Normale,Sans collision,4,2,2,0,1,1,1,0,1,50,1,1,0,0,0,1,51.0,,voiture,,1,2,1,1,7
202200009337,2022-12-27 14:29:00,2022,12,27,14,29,56,56097,D765,47.757892,-3.118122,Plein jour,Hors agglomération,Hors intersection,Pluie légère,Deux véhicules - côté,3,2,2,0,1,2,2,0,1,80,2,2,1,0,0,1,37.0,59.0,voiture,voiture,1,1,1,2,3
202200009338,2022-06-01 16:45:00,2022,6,1,16,45,94,94017,A4,48.8298263325,2.4968192711,Plein jour,Hors agglomération,Hors intersection,Normale,Deux véhicules - arrière,1,1,5,0,1,1,1,0,1,90,2,2,1,0,0,1,51.0,31.0,utilitaire_camion,deux_roues,1,1,1,1,2
202200009339,2022-11-20 11:15:00,2022,11,20,11,15,94,94073,Rue du 11 Novembre,48.75487,2.39796,Plein jour,En agglomération,Hors intersection,Pluie légère,Autre collision,4,2,2,0,1,1,2,0,1,50,1,1,0,0,0,1,67.0,,utilitaire_camion,,1,2,1,2,6
202200009340,2022-12-28 10:10:00,2022,12,28,10,10,76,76490,297 Rue de l'Ecole,49.726467,0.60355,Plein jour,En agglomération,Hors intersection,Normale,Sans collision,3,2,2,0,1,1,1,0,4,30,1,2,1,1,0,0,71.0,,voiture,,1,2,1,1,7
202200009341,2022-04-29 17:50:00,2022,4,29,17,50,59,59594,Rue Alfred Matez,50.4852457968,3.4442950487,Plein jour,En agglomération,Intersection en X,Normale,Deux véhicules - côté,4,2,1,0,1,1,1,0,1,50,2,2,1,0,0,1,43.0,16.0,voiture,deux_roues,1,2,2,1,3
202200009342,2022-03-17 19:24:00,2022,3,17,19,24,51,51454,Boulevard de la Paix,49.254171913,4.0406821668,Nuit avec éclairage allumé,En agglomération,Hors intersection,Normale,Deux véhicules - côté,4,2,2,0,1,1,1,0,1,50,2,2,1,0,0,1,28.0,32.0,voiture,deux_roues,5,2,1,1,3
202200009343,2022-04-25 09:00:00,2022,4,25,9,0,74,74096,540 Route de Vovray,46.045096,6.123939,Plein jour,Hors agglomération,Hors intersection,Pluie forte,Deux véhicules - frontale,3,2,2,0,2,3,2,0,1,80,2,2,1,0,0,1,39.0,57.0,voiture,deux_roues,1,1,1,3,1
202200009344,2022-12-28 10:40:00,2022,12,28,10,40,65,65473,D913,42.958806,-0.063643,Plein jour,Hors agglomération,Hors intersection,Normale,Trois véhicules et plus - collisions multiples,3,2,2,0,1,1,1,0,1,70,3,6,2,0,0,4,60.0,33.0,utilitaire_camion,voiture,1,1,1,1,5
202200009345,2022-06-01 07:30:00,2022,6,1,7,30,77,77083,A4,48.830813,2.60773,Plein jour,Hors agglomération,Hors intersection,Normale,Trois véhicules et plus - en chaîne,1,3,5,0,1,1,1,0,1,110,3,3,1,0,0,2,38.0,40.0,voiture,voiture,1,1,1,1,4
202200009346,2022-12-28 01:50:00,2022,12,28,1,50,61,61078,404 Route de Montsecret,48.781159,-0.619689,Nuit sans éclairage public,Hors agglomération,Hors intersection,Pluie légère,Autre collision,3,2,2,0,1,1,2,0,1,80,1,2,1,0,0,1,20.0,,voiture,,3,1,1,2,6
202200009347,2022-12-16 02:15:00,2022,12,16,2,15,47,47185,D102,44.466774,0.950682,Nuit sans éclairage public,Hors agglomération,Hors intersection,Normale,Autre collision,3,2,2,0,1,1,1,0,1,80,1,1,0,0,1,0,25.0,,voiture,,3,1,1,1,6
202200009348,2022-03-18 14:14:00,2022,3,18,14,14,49,49007,BREMONT,47.46631,-0.55928,Plein jour,En agglomération,Intersection en X,Normale,Deux véhicules - côté,4,1,2,1,1,1,1,0,1,30,2,3,2,0,0,1,53.0,28.0,transport_commun,voiture,1,2,2,1,3
202200009349,2022-05-14 14:20:00,2022,5,14,14,20,55,55348,Départementale 5,48.558102,5.272214,Plein jour,Hors agglomération,Hors intersection,Normale,Sans collision,3,2,2,0,4,3,1,0,3,90,1,1,0,0,1,0,28.0,,deux_roues,,1,1,1,1,7
202200009350,2022-11-20 15:55:00,2022,11,20,15,55,94,94022,Avenue de Lugo / Rue du Docteur Roux,48.7714892012,2.408995144,Plein jour,En agglomération,Intersection en X,Pluie légère,Trois véhicules et plus - collisions multiples,3,3,5,0,1,1,2,5,1,50,4,7,6,0,0,1,50.0,37.0,voiture,voiture,1,2,2,2,5
202200009351,2022-04-30 09:40:00,2022,4,30,9,40,80,80011,47 Rue Jean Catelas,49.923967,2.206924,Plein jour,En agglomération,Hors intersection,Normale,Deux véhicules - arrière,3,2,2,0,1,1,1,0,1,50,2,3,2,1,0,0,75.0,90.0,voiture,deux_roues,1,2,1,1,2
202200009352,2022-12-28 19:30:00,2022,12,28,19,30,29,29049,Lieu Dit Stang Penker,47.968291,-3.90821,Nuit sans éclairage public,Hors agglomération,Hors intersection,Pluie forte,Sans collision,3,2,2,0,2,1,2,0,3,80,1,1,0,0,1,0,48.0,,voiture,,3,1,1,3,7
202200009353,2022-12-26 16:00:00,2022,12,26,16,0,29,29024,N164,48.2618623941,-3.5715860036,Plein jour,Hors agglomération,Hors intersection,Normale,Autre collision,2,3,4,0,1,1,1,0,2,110,1,1,0,0,1,0,54.0,,voiture,,1,1,1,1,6
202200009354,2022-12-27 16:15:00,2022,12,27,16,15,31,31232,2488 Route de Montaigut,43.751699,1.276141,Plein jour,Hors agglomération,Hors intersection,Normale,Deux véhicules - côté,3,2,2,0,1,1,1,0,1,80,2,2,1,0,1,0,75.0,19.0,voiture,voiture,1,1,1,1,3
202200009355,2022-03-18 08:25:00,2022,3,18,8,25,49,49267,BEAUFORT ROUTE,47.47288,-0.49281,Plein jour,En agglomération,Hors intersection,Normale,Deux véhicules - côté,3,2,2,0,1,1,1,0,1,70,2,2,1,0,0,1,21.0,43.0,deux_roues,voiture,1,2,1,1,3
202200009356,2022-05-14 20:20:00,2022,5,14,20,20,31,31424,Départementale 42,43.540313,1.30011,Plein jour,Hors agglomération,Hors intersection,Normale,Autre collision,3,2,2,0,1,4,1,0,3,70,1,3,0,0,1,2,22.0,,voiture,,1,1,1,1,6
202200009357,2022-11-20 00:05:00,2022,11,20,0,5,94,94017,Avenue Maurice Thorez / Rue du Bois l'Abbé,48.81169,2.53656,Nuit avec éclairage allumé,En agglomération,Giratoire,Normale,Deux véhicules - côté,3,3,2,0,1,1,1,0,1,50,2,2,1,0,1,0,43.0,26.0,utilitaire_camion,utilitaire_camion,5,2,6,1,3
202200009358,2022-04-30 14:55:00,2022,4,30,14,55,33,33482,D9,44.68274,-0.119889,Plein jour,Hors agglomération,Intersection en X,Normale,Deux véhicules - côté,3,2,2,0,1,1,1,0,1,80,2,2,1,0,0,1,23.0,32.0,deux_roues,utilitaire_camion,1,1,2,1,3
202200009359,2022-12-28 14:15:00,2022,12,28,14,15,15,15122,N122,44.711766,2.198054,Plein jour,En agglomération,Hors intersection,Normale,Autre collision,2,2,2,0,1,1,1,0,1,50,1,5,3,0,2,0,67.0,,voiture,,1,2,1,1,6
202200009360,2022-11-20 17:15:00,2022,11,20,17,15,93,93070,Rue du Landy,48.916913,2.333418,Nuit avec éclairage allumé,En agglomération,Hors intersection,Pluie légère,Autre collision,4,2,2,0,1,1,2,0,1,50,1,2,1,0,0,1,,,voiture,,5,2,1,2,6
202200009361,2022-05-13 16:45:00,2022,5,13,16,45,77,77508,D231 / N36,48.791747,2.869095,Plein jour,Hors agglomération,Giratoire,Normale,Autre collision,3,2,2,0,1,1,1,0,1,80,3,3,2,0,0,1,45.0,31.0,voiture,deux_roues,1,1,6,1,6
202200009362,2022-12-27 19:00:00,2022,12,27,19,0,70,70245,route nationale 57,47.877117,6.382397,Nuit sans éclairage public,Hors agglomération,Hors intersection,Normale,Autre collision,2,2,2,0,1,1,1,0,3,80,1,1,0,0,1,0,74.0,,voiture,,3,1,1,1,6
202200009363,2022-03-17 19:45:00,2022,3,17,19,45,47,47001,GRANDE HORLOGE (RUE DE LA),44.2053,0.61541,Nuit avec éclairage allumé,En agglomération,Intersection en X,Normale,Deux véhicules - frontale,4,1,1,0,1,1,1,0,1,30,2,3,1,0,2,0,18.0,34.0,deux_roues,voiture,5,2,2,1,1
202200009364,2022-04-29 21:10:00,2022,4,29,21,10,61,61484,Amilly,48.328594,0.730783,Plein jour,Hors agglomération,Intersection en X,Normale,Deux véhicules - côté,3,2,2,0,1,1,1,0,1,90,2,4,1,0,1,2,29.0,32.0,voiture,voiture,1,1,2,1,3
202200009365,2022-12-27 20:25:00,2022,12,27,20,25,58,58079,D 951 - Rue Jules Renard,47.459916,3.523602,Nuit avec éclairage allumé,En agglomération,Hors intersection,Normale,Sans collision,3,2,2,0,1,1,1,2,1,50,1,1,0,0,0,1,37.0,,deux_roues,,5,2,1,1,7
202200009366,2022-11-20 15:45:00,2022,11,20,15,45,93,93066,Avenue du Président Wilson,48.91117,2.35763,Plein jour,En agglomération,Hors intersection,Pluie légère,Deux véhicules - côté,3,1,2,3,1,1,2,0,1,50,2,3,1,0,0,2,,29.0,utilitaire_camion,deux_roues,1,2,1,2,3
202200009367,2022-03-18 08:35:00,2022,3,18,8,35,45,45234,Rue de Coulmiers,47.9064,1.89265,Plein jour,En agglomération,Hors intersection,Normale,Autre collision,4,2,2,0,1,1,1,0,1,30,1,2,1,0,0,1,43.0,,voiture,,1,2,1,1,6
202200009368,2022-12-28 17:13:00,2022,12,28,17,13,05,05036,RN 94,44.593722,6.519678,Crépuscule ou aube,Hors agglomération,Hors intersection,Normale,Deux véhicules - frontale,2,2,2,0,1,1,1,0,1,80,2,3,0,0,3,0,58.0,29.0,voiture,voiture,2,1,1,1,1
202200009369,2022-05-14 03:13:00,2022,5,14,3,13,34,34032,LATTRE DE TASSIGNY MARECHAL DE (BD),43.33418,3.23363,Nuit avec éclairage allumé,En agglomération,Hors intersection,Normale,Autre collision,4,2,2,0,2,1,1,0,1,50,1,4,3,0,1,0,24.0,,voiture,,5,2,1,1,6
202200009370,2022-11-20 08:50:00,2022,11,20,8,50,92,92048,LOUVOIS (AVENUE),48.80714,2.23954,Crépuscule ou aube,En agglomération,Hors intersection,Normale,Sans collision,4,2,2,0,2,1,1,0,1,50,1,1,0,0,0,1,28.0,,deux_roues,,2,2,1,1,7
202200009371,2022-12-27 19:50:00,2022,12,27,19,50,50,50372,RD 900,49.316024,-1.538182,Nuit sans éclairage public,Hors agglomération,Hors intersection,Pluie légère,Autre collision,3,2,2,0,2,1,2,0,1,80,1,2,1,1,0,0,51.0,,utilitaire_camion,,3,1,1,2,6
202200009372,2022-03-18 09:00:00,2022,3,18,9,0,44,44184,53 Rue Jean Jaurès,47.27965,-2.21155,Plein jour,En agglomération,Hors intersection,Normale,Deux véhicules - côté,4,3,1,0,1,1,1,0,1,50,2,2,1,0,0,1,51.0,72.0,deux_roues,voiture,1,2,1,1,3
202200009373,2022-05-14 20:15:00,2022,5,14,20,15,75,75120,BOULEVARD MORTIER,48.869069,2.408834,Plein jour,En agglomération,Intersection en X,Normale,Autre collision,4,3,2,1,2,1,1,-1,5,50,1,2,0,0,0,2,15.0,,deux_roues,,1,2,2,1,6
202200009374,2022-11-20 16:15:00,2022,11,20,16,15,92,92012,JEAN JAURES (BOULEVARD) 217/FIN - 210/FI,48.8301,2.24546,Crépuscule ou aube,En agglomération,Hors intersection,Pluie légère,Deux véhicules - frontale,4,2,2,0,1,1,2,0,1,50,2,2,1,0,0,1,22.0,28.0,voiture,deux_roues,2,2,1,2,1