accident_id,datetime,annee,mois,jour,heure,minute,departement,commune_insee,adresse,latitude,longitude,luminosite,agglomeration,intersection,meteo,collision,catr,circ,nbv,vosp,prof,plan,surf,infra,situ,vma,nb_vehicules,nb_usagers,nb_indemnes,nb_tues,nb_blesses_hosp,nb_blesses_legers,age_cond_1,age_cond_2,veh_type_cond_1,veh_type_cond_2,lum_code,agg_code,int_code,atm_code,col_code
202200009375,2022-04-22 19:10:00,2022,4,22,19,10,49,49050,5bis Route du Vignoble,47.384785,-0.438155,Plein jour,Hors agglomération,Hors intersection,Normale,Autre collision,3,2,2,0,1,1,1,0,3,50,1,1,0,0,1,0,65.0,,deux_roues,,1,1,1,1,6
202200009376,2022-03-18 04:20:00,2022,3,18,4,20,44,44109,48 Rue des Usines,47.194664,-1.611842,Nuit avec éclairage allumé,En agglomération,Hors intersection,Normale,Autre collision,4,2,2,1,1,1,1,0,1,50,1,1,0,0,0,1,24.0,,voiture,,5,2,1,1,6
202200009377,2022-12-28 08:50:00,2022,12,28,8,50,50,50486,44 Route de la Breche,49.420382,-1.633626,Plein jour,Hors agglomération,Hors intersection,Pluie forte,Deux véhicules - côté,3,2,2,0,1,2,2,0,1,50,2,3,2,0,1,0,18.0,29.0,voiture,utilitaire_camion,1,1,1,3,3
202200009378,2022-11-20 05:00:00,2022,11,20,5,0,92,92002,RAYMON ARON (AVENUE),48.7688341253,2.3109714389,Nuit avec éclairage allumé,En agglomération,Hors intersection,Normale,Autre collision,3,3,2,0,1,1,1,0,4,50,1,1,0,0,0,1,29.0,,voiture,,5,2,1,1,6
202200009379,2022-12-26 18:50:00,2022,12,26,18,50,45,45307,14 Les Frondeaux,48.068774,2.877549,Nuit sans éclairage public,Hors agglomération,Hors intersection,Normale,Autre collision,3,2,2,0,1,1,1,0,5,80,1,2,1,0,1,0,40.0,,voiture,,3,1,1,1,6
202200009380,2022-03-16 14:25:00,2022,3,16,14,25,40,40281,MONT-ALMA (BD DE),43.87376,-0.50768,Plein jour,En agglomération,Hors intersection,Normale,Deux véhicules - arrière,3,2,1,0,2,1,1,0,1,50,2,2,1,0,0,1,19.0,50.0,voiture,voiture,1,2,1,1,2
202200009381,2022-05-13 00:05:00,2022,5,13,0,5,75,75115,QUAI ANDRE CITROEN,48.846086,2.276968,Nuit avec éclairage allumé,En agglomération,Intersection en X,Normale,Deux véhicules - côté,4,2,5,0,1,1,1,0,1,30,2,3,2,0,0,1,27.0,42.0,deux_roues,deux_roues,5,2,2,1,3
202200009382,2022-04-29 17:30:00,2022,4,29,17,30,42,42126,Route de Saint-Bonnet,45.443336,4.071352,Plein jour,Hors agglomération,Intersection en T,Normale,Deux véhicules - côté,3,4,3,0,4,1,1,0,1,80,2,4,1,0,1,2,44.0,41.0,voiture,voiture,1,1,3,1,3
202200009383,2022-11-21 18:20:00,2022,11,21,18,20,14,14689,D562,48.983426,-0.476285,Nuit avec éclairage allumé,En agglomération,Hors intersection,Pluie forte,Autre collision,3,2,2,0,1,1,2,0,1,50,2,3,2,0,1,0,76.0,53.0,voiture,voiture,5,2,1,3,6
202200009384,2022-12-23 13:20:00,2022,12,23,13,20,45,45146,Rue Masséna,47.722906,1.935681,Plein jour,En agglomération,Intersection en T,Pluie légère,Deux véhicules - côté,3,2,2,0,1,1,2,0,5,50,2,2,1,0,1,0,27.0,34.0,deux_roues,voiture,1,2,3,2,3
202200009385,2022-04-26 16:00:00,2022,4,26,16,0,29,29010,D712 - Kerfaven,48.485595,-4.148583,Plein jour,Hors agglomération,Hors intersection,Normale,Sans collision,3,2,2,3,1,3,9,8,6,80,1,1,0,0,0,1,45.0,,deux_roues,,1,1,1,1,7
202200009386,2022-03-18 05:45:00,2022,3,18,5,45,38,38185,JEANNE D'ARC (AVENUE)     10 A 56,45.18288,5.74423,Nuit avec éclairage allumé,En agglomération,Intersection en X,Pluie légère,Deux véhicules - côté,4,2,2,0,1,1,2,0,1,50,2,2,1,0,0,1,43.0,23.0,voiture,voiture,5,2,2,2,3
202200009387,2022-12-21 14:00:00,2022,12,21,14,0,10,10074,4 Rue aux Francs,48.117804,3.971936,Plein jour,En agglomération,Hors intersection,Temps couvert,Autre collision,3,2,2,0,1,1,1,0,1,50,1,2,1,0,0,1,30.0,,deux_roues,,1,2,1,8,6
202200009388,2022-11-20 15:30:00,2022,11,20,15,30,26,26249,D310,44.598157,5.006161,Plein jour,Hors agglomération,Intersection en T,Temps couvert,Deux véhicules - arrière,3,2,2,0,1,2,1,9,1,80,2,2,1,0,1,0,65.0,64.0,voiture,deux_roues,1,1,3,8,2
202200009389,2022-05-12 21:00:00,2022,5,12,21,0,63,63370,Route départementale82,45.654563,2.691114,Crépuscule ou aube,Hors agglomération,Hors intersection,Pluie légère,Deux véhicules - frontale,3,2,2,0,1,3,2,0,1,80,2,4,2,0,2,0,45.0,28.0,utilitaire_camion,voiture,2,1,1,2,1
202200009390,2022-04-30 05:37:00,2022,4,30,5,37,02,02450,D1029,49.862644,3.548573,Nuit sans éclairage public,Hors agglomération,Hors intersection,Normale,Autre collision,3,-1,2,0,2,1,1,0,1,80,1,2,1,0,1,0,46.0,,voiture,,3,1,1,1,6
202200009391,2022-12-27 20:20:00,2022,12,27,20,20,36,36089,,46.679859,1.839824,Nuit sans éclairage public,Hors agglomération,Hors intersection,Normale,Deux véhicules - côté,3,2,2,0,1,1,1,0,1,80,2,2,1,0,0,1,20.0,34.0,voiture,utilitaire_camion,3,1,1,1,3
202200009392,2022-11-19 21:00:00,2022,11,19,21,0,86,86128,35 Rue du 8 Mai 1945,46.821193,0.327593,Nuit avec éclairage non allumé,En agglomération,Hors intersection,Normale,Autre collision,3,2,2,0,1,1,1,0,1,50,2,2,1,0,0,1,49.0,49.0,voiture,voiture,4,2,1,1,6
202200009393,2022-05-11 15:45:00,2022,5,11,15,45,86,86116,Rue de la Mimaudière,46.458473,0.078127,Plein jour,Hors agglomération,Hors intersection,Normale,Deux véhicules - frontale,3,2,2,0,1,3,1,0,8,70,2,2,0,0,0,2,41.0,42.0,voiture,voiture,1,1,1,1,1
202200009394,2022-04-30 19:00:00,2022,4,30,19,0,02,02014,Amigny-Rouy,49.615117,3.296446,Plein jour,Hors agglomération,Hors intersection,Normale,Sans collision,3,2,2,0,1,1,1,0,1,80,1,1,0,0,0,1,26.0,,deux_roues,,1,1,1,1,7
202200009395,2022-03-18 07:35:00,2022,3,18,7,35,37,37214,BORDIERS (RUE DES),47.4209691895,0.6733497977,Plein jour,En agglomération,Hors intersection,Normale,Deux véhicules - côté,4,2,2,1,1,1,1,0,1,50,2,2,1,0,0,1,39.0,56.0,deux_roues,utilitaire_camion,1,2,1,1,3
202200009396,2022-11-21 07:40:00,2022,11,21,7,40,80,80001,autorute A28,50.131164,1.823612,Crépuscule ou aube,Hors agglomération,Hors intersection,Temps couvert,Autre collision,1,3,4,0,1,4,2,0,1,70,1,1,0,1,0,0,78.0,,utilitaire_camion,,2,1,1,8,6
202200009397,2022-12-28 18:40:00,2022,12,28,18,40,16,16106,D951,46.031987,0.658845,Nuit sans éclairage public,Hors agglomération,Hors intersection,Pluie légère,Deux véhicules - frontale,3,2,3,0,3,1,2,0,1,90,2,2,0,2,0,0,54.0,18.0,voiture,voiture,3,1,1,2,1
202200009398,2022-04-29 22:15:00,2022,4,29,22,15,02,02719,22 Rue Charles Fouquet,49.59851,3.256285,Nuit avec éclairage allumé,En agglomération,Hors intersection,Normale,Autre collision,3,2,2,0,1,2,1,0,4,50,1,1,0,0,1,0,39.0,,voiture,,5,2,1,1,6
202200009399,2022-05-13 02:20:00,2022,5,13,2,20,44,44150,20 Route du Grand Pré,47.129057,-1.646408,Nuit sans éclairage public,En agglomération,Hors intersection,Normale,Autre collision,4,2,2,0,1,2,1,0,3,30,1,1,0,1,0,0,27.0,,voiture,,3,2,1,1,6
202200009400,2022-12-27 18:40:00,2022,12,27,18,40,16,16034,route de libourne,45.229939,0.035727,Nuit sans éclairage public,Hors agglomération,Hors intersection,Normale,Autre collision,3,2,2,0,1,4,2,0,3,90,1,1,0,1,0,0,38.0,,voiture,,3,1,1,1,6
202200009401,2022-11-19 14:20:00,2022,11,19,14,20,68,68145,D415,48.068998,7.405678,Plein jour,Hors agglomération,Hors intersection,Pluie légère,Deux véhicules - arrière,3,-1,2,0,1,1,2,8,1,50,2,2,1,0,0,1,26.0,35.0,voiture,voiture,1,1,1,2,2
202200009402,2022-03-13 13:22:00,2022,3,13,13,22,35,35207,RN157,48.1103870687,-1.5334525847,Plein jour,Hors agglomération,Hors intersection,Pluie légère,Autre collision,2,3,4,0,1,1,2,0,1,90,1,3,0,0,1,2,34.0,,voiture,,1,1,1,2,6
202200009403,2022-04-29 20:00:00,2022,4,29,20,0,84,84151,d42,43.790087,5.605559,Plein jour,Hors agglomération,Intersection en Y,Normale,Deux véhicules - côté,3,2,2,0,1,1,1,0,1,80,2,2,0,0,1,1,16.0,17.0,deux_roues,deux_roues,1,1,4,1,3
202200009404,2022-12-24 01:15:00,2022,12,24,1,15,16,16120,D104,45.605448,0.231828,Nuit sans éclairage public,Hors agglomération,Hors intersection,Normale,Deux véhicules - frontale,3,2,2,0,2,1,1,0,1,80,2,4,3,0,0,1,30.0,49.0,voiture,voiture,3,1,1,1,1
202200009405,2022-11-20 15:15:00,2022,11,20,15,15,62,62057,D224,50.880466,2.058305,Plein jour,Hors agglomération,Intersection en X,Normale,Deux véhicules - frontale,3,2,1,0,1,1,1,0,1,80,2,2,1,0,1,0,55.0,84.0,deux_roues,voiture,1,1,2,1,1
202200009406,2022-04-28 13:15:00,2022,4,28,13,15,84,84073,D3,43.840424,5.20135,Plein jour,Hors agglomération,Hors intersection,Normale,Deux véhicules - frontale,3,2,2,0,1,3,1,0,1,80,2,2,1,0,1,0,81.0,30.0,voiture,voiture,1,1,1,1,1
202200009407,2022-12-27 18:45:00,2022,12,27,18,45,85,85267,RD10,46.366757,-1.058228,Nuit sans éclairage public,Hors agglomération,Hors intersection,Brouillard / fumée,Deux véhicules - frontale,3,2,1,0,1,1,2,0,1,70,2,2,0,1,0,1,30.0,21.0,deux_roues,voiture,3,1,1,5,1
202200009408,2022-03-18 19:40:00,2022,3,18,19,40,34,34172,LIBERTE (AVENUE DE LA,43.60906,3.8564,Nuit avec éclairage allumé,En agglomération,Hors intersection,Pluie légère,Autre collision,4,2,2,0,1,1,2,0,1,50,3,5,1,0,0,4,27.0,34.0,voiture,voiture,5,2,1,2,6
202200009409,2022-11-20 16:40:00,2022,11,20,16,40,01,01166,d 44,46.007223219,4.7992551327,Crépuscule ou aube,Hors agglomération,Hors intersection,Pluie légère,Deux véhicules - frontale,3,2,2,0,1,1,2,0,1,80,2,3,1,0,2,0,41.0,40.0,voiture,voiture,2,1,1,2,1
202200009410,2022-04-30 09:05:00,2022,4,30,9,5,50,50215,334 Route de Coutances (Boisroger),49.083329,-1.53998,Plein jour,Hors agglomération,Hors intersection,Normale,Deux véhicules - frontale,3,2,2,0,1,1,1,0,1,-1,2,3,0,0,2,1,70.0,21.0,voiture,voiture,1,1,1,1,1
202200009411,2022-12-22 12:00:00,2022,12,22,12,0,78,78455,Chemin du Stade,48.839354,2.066301,Plein jour,En agglomération,Hors intersection,Temps couvert,Deux véhicules - côté,4,2,1,0,2,1,2,0,1,50,2,2,1,0,1,0,36.0,42.0,voiture,voiture,1,2,1,8,3
202200009412,2022-11-21 15:30:00,2022,11,21,15,30,44,44073,N137,47.438492,-1.639789,Plein jour,Hors agglomération,Hors intersection,Pluie légère,Sans collision,2,3,4,0,1,2,2,0,8,110,1,1,0,0,0,1,25.0,,utilitaire_camion,,1,1,1,2,7
202200009413,2022-05-06 15:10:00,2022,5,6,15,10,67,67067,24 Rue du Général Duport,48.731519,7.706282,Plein jour,En agglomération,Autre intersection,Normale,Deux véhicules - côté,4,2,2,0,1,1,1,0,1,50,2,2,1,0,1,0,52.0,38.0,deux_roues,voiture,1,2,9,1,3
202200009414,2022-03-18 15:23:00,2022,3,18,15,23,33,33069,Boulevard Pierre 1er,44.85928,-0.58943,Plein jour,En agglomération,Intersection en X,Normale,Deux véhicules - côté,4,3,6,1,1,1,1,5,1,50,2,2,1,0,0,1,20.0,17.0,voiture,deux_roues,1,2,2,1,3
202200009415,2022-12-28 08:30:00,2022,12,28,8,30,64,64203,Autoroute 65,43.446076,-0.394421,Plein jour,Hors agglomération,Hors intersection,Normale,Deux véhicules - arrière,1,3,4,0,3,1,1,0,1,110,2,2,0,0,1,1,51.0,69.0,utilitaire_camion,voiture,1,1,1,1,2
202200009416,2022-04-30 17:10:00,2022,4,30,17,10,73,73229,Route de la chapelle,45.4481,5.784009,Plein jour,En agglomération,Intersection en Y,Normale,Deux véhicules - frontale,3,2,2,-1,1,2,1,0,1,-1,2,2,1,0,1,0,13.0,45.0,deux_roues,voiture,1,2,4,1,1
202200009417,2022-11-20 16:10:00,2022,11,20,16,10,83,83097,,43.4847970791,5.7342846393,Plein jour,Hors agglomération,Hors intersection,Normale,Deux véhicules - côté,3,2,2,0,1,1,1,0,3,80,2,3,0,0,1,2,31.0,49.0,voiture,voiture,1,1,1,1,3
202200009418,2022-05-11 13:30:00,2022,5,11,13,30,12,12057,30 Avenue de Lodève,44.165712,2.528194,Plein jour,En agglomération,Hors intersection,Normale,Autre collision,3,2,2,0,2,4,1,0,4,50,1,2,0,0,2,0,73.0,,voiture,,1,2,1,1,6
202200009419,2022-12-28 13:45:00,2022,12,28,13,45,27,27005,A13 pk 087+700,49.170839,1.249952,Plein jour,Hors agglomération,Hors intersection,Pluie légère,Autre collision,1,3,4,0,1,1,2,0,3,130,1,1,0,0,0,1,75.0,,voiture,,1,1,1,2,6
202200009420,2022-04-04 18:45:00,2022,4,4,18,45,21,21420,23 grande rue,47.0164606625,4.5847542285,Plein jour,En agglomération,Hors intersection,Normale,Sans collision,3,2,2,0,2,1,1,0,1,50,1,1,0,0,1,0,13.0,,deux_roues,,1,2,1,1,7
202200009421,2022-03-18 07:14:00,2022,3,18,7,14,31,31149,FONTAINE LUMINEUSE (Rd Point),43.60928,1.35268,Crépuscule ou aube,En agglomération,Giratoire,Normale,Deux véhicules - côté,7,1,3,0,1,1,1,9,1,50,2,2,1,0,1,0,46.0,62.0,deux_roues,voiture,2,2,6,1,3
202200009422,2022-11-21 06:45:00,2022,11,21,6,45,31,31056,M924,43.669385,1.356559,Nuit sans éclairage public,Hors agglomération,Hors intersection,Pluie forte,Autre collision,7,1,2,0,1,1,2,6,1,70,1,2,1,0,1,0,28.0,,voiture,,3,1,1,3,6
202200009423,2022-12-23 04:55:00,2022,12,23,4,55,34,34123,Allee de l Europe,43.613722,3.807465,Nuit sans éclairage public,En agglomération,Hors intersection,Normale,Deux véhicules - arrière,7,2,2,0,1,1,2,0,1,50,2,2,1,0,0,1,25.0,63.0,deux_roues,deux_roues,3,2,1,1,2
202200009424,2022-05-11 17:55:00,2022,5,11,17,55,68,68152,Rue de la Barrière,47.671543,7.266726,Plein jour,En agglomération,Intersection en Y,Normale,Autre collision,4,2,2,0,2,4,1,0,1,30,1,2,1,0,0,1,,,voiture,,1,2,4,1,6
202200009425,2022-11-21 07:20:00,2022,11,21,7,20,80,80011,Rue jean jaures,49.927758,2.199747,Plein jour,En agglomération,Hors intersection,Normale,Autre collision,3,-1,1,0,1,1,1,0,6,50,1,2,1,0,0,1,,,voiture,,1,2,1,1,6
202200009426,2022-04-29 08:45:00,2022,4,29,8,45,17,17080,CD117,46.107815,-0.836989,Plein jour,Hors agglomération,Hors intersection,Brouillard / fumée,Deux véhicules - frontale,3,2,2,0,4,3,1,2,1,80,2,2,1,0,1,0,25.0,19.0,voiture,utilitaire_camion,1,1,1,5,1
202200009427,2022-12-28 05:56:00,2022,12,28,5,56,974,97408,Rue Pablo Neruda,-20.957567,55.333081,Plein jour,En agglomération,Giratoire,Normale,Autre collision,9,2,2,0,2,2,1,0,1,50,1,3,2,0,1,0,68.0,,voiture,,1,2,6,1,6
202200009428,2022-11-21 12:45:00,2022,11,21,12,45,41,41099,Autoroute A 85 PK 168+696 en direction de Vierzon,47.334547,1.570498,Plein jour,Hors agglomération,Hors intersection,Pluie légère,Autre collision,1,3,2,0,1,1,2,0,2,130,1,1,0,1,0,0,49.0,,voiture,,1,1,1,2,6
202200009429,2022-05-08 17:45:00,2022,5,8,17,45,987,98714,RT 101 - Amanahune après la résidence Faretai - District de NUNUE,-16.523225,-151.73413,Crépuscule ou aube,Hors agglomération,Hors intersection,Normale,Deux véhicules - côté,2,2,2,0,1,1,1,0,3,-1,1,2,1,0,0,1,69.0,,voiture,,2,1,1,1,3
202200009430,2022-04-30 12:02:00,2022,4,30,12,2,37,37172,Le Marais,47.4455,0.698989,Plein jour,Hors agglomération,Hors intersection,Normale,Autre collision,7,2,2,0,1,1,1,0,8,70,1,1,0,0,1,0,64.0,,voiture,,1,1,1,1,6
202200009431,2022-03-17 22:45:00,2022,3,17,22,45,14,14118,Avenue de Courseulles,49.19642,-0.37177,Nuit avec éclairage allumé,En agglomération,Hors intersection,Normale,Autre collision,4,3,2,0,4,2,1,0,1,50,1,2,0,1,0,1,20.0,,voiture,,5,2,1,1,6
202200009432,2022-12-28 16:15:00,2022,12,28,16,15,33,33527,18 Rue des Pins,44.626977,-1.021466,Plein jour,En agglomération,Hors intersection,Normale,Autre collision,4,2,2,0,1,1,1,9,3,50,1,2,1,1,0,0,76.0,,autre,,1,2,1,1,6
202200009433,2022-11-20 12:25:00,2022,11,20,12,25,81,81053,la Sabatarié,43.608523,2.42903,Plein jour,Hors agglomération,Hors intersection,Normale,Deux véhicules - frontale,4,2,2,0,2,3,2,0,1,80,2,2,1,0,1,0,56.0,38.0,utilitaire_camion,deux_roues,1,1,1,1,1
202200009434,2022-05-08 20:00:00,2022,5,8,20,0,971,97117,Boulevard Rougé,16.331105,-61.345806,Nuit avec éclairage allumé,En agglomération,Intersection en T,Normale,Deux véhicules - côté,2,1,1,0,1,1,1,0,1,50,2,2,1,0,1,0,17.0,23.0,deux_roues,voiture,5,2,3,1,3
202200009435,2022-12-28 02:00:00,2022,12,28,2,0,33,33199,19 Boulevard de la Côte d'Argent,44.639418,-1.055878,Nuit avec éclairage non allumé,En agglomération,Hors intersection,Brouillard / fumée,Sans collision,3,2,2,0,1,2,1,0,1,50,1,1,0,0,1,0,53.0,,deux_roues,,4,2,1,5,7
202200009436,2022-03-18 11:10:00,2022,3,18,11,10,13,13211,SAINT MARCEL (BOULEVARD DE ),43.2874900413,5.4652981808,Plein jour,En agglomération,Hors intersection,Normale,Deux véhicules - côté,4,-1,2,0,1,1,1,0,1,50,2,2,1,0,0,1,58.0,34.0,voiture,deux_roues,1,2,1,1,3
202200009437,2022-04-25 17:00:00,2022,4,25,17,0,10,10438,A5,48.168763,4.55233,Plein jour,Hors agglomération,Hors intersection,Normale,Autre collision,1,3,4,0,1,1,1,9,1,130,3,3,1,0,0,2,33.0,68.0,utilitaire_camion,utilitaire_camion,1,1,1,1,6
202200009438,2022-11-06 04:45:00,2022,11,6,4,45,55,55463,RD 964,48.902065,5.542195,Nuit sans éclairage public,Hors agglomération,Hors intersection,Normale,Sans collision,3,2,2,0,1,3,1,0,3,90,1,3,2,0,1,0,20.0,,voiture,,3,1,1,1,7
202200009439,2022-05-12 16:55:00,2022,5,12,16,55,81,81033,ALBI (AV. D' ),44.039382356,2.1572152116,Plein jour,En agglomération,Hors intersection,Normale,Autre collision,3,-1,1,0,1,1,1,6,1,50,1,2,1,0,1,0,70.0,,voiture,,1,2,1,1,6
202200009440,2022-03-18 10:30:00,2022,3,18,10,30,13,13208,SABLIER (BOULEVARD DU),43.2510149575,5.3822047929,Plein jour,En agglomération,Hors intersection,Normale,Deux véhicules - frontale,4,2,2,0,1,1,1,0,1,50,1,2,1,0,0,1,64.0,,voiture,,1,2,1,1,1
202200009441,2022-04-29 15:50:00,2022,4,29,15,50,34,34337,D185E4,43.554675,3.844898,Plein jour,En agglomération,Intersection en T,Normale,Deux véhicules - arrière,7,2,2,0,3,1,1,5,1,80,2,2,1,0,0,1,52.0,37.0,deux_roues,voiture,1,2,3,1,2
202200009442,2022-11-19 18:40:00,2022,11,19,18,40,42,42302,Rue de la Vaure,45.481927,4.442521,Nuit avec éclairage allumé,En agglomération,Intersection en X,Normale,Autre collision,7,2,2,0,1,1,2,0,1,50,1,3,1,0,0,2,35.0,,voiture,,5,2,2,1,6
202200009443,2022-12-27 21:30:00,2022,12,27,21,30,84,84053,D941,44.391813,4.950736,Nuit sans éclairage public,Hors agglomération,Hors intersection,Normale,Deux véhicules - arrière,3,2,2,0,1,1,1,0,1,80,2,2,0,0,1,1,26.0,16.0,deux_roues,deux_roues,3,1,1,1,2
202200009444,2022-05-12 19:30:00,2022,5,12,19,30,92,92062,FUSILLES DE LA RESISTANCES (RUE DES) N°1,48.8842039502,2.2258357108,Crépuscule ou aube,En agglomération,Hors intersection,Normale,Autre collision,3,2,0,0,1,1,1,0,1,50,1,3,2,0,1,0,19.0,,deux_roues,,2,2,1,1,6
202200009445,2022-12-27 18:15:00,2022,12,27,18,15,06,06146,M2205,43.927153,7.181824,Nuit avec éclairage allumé,En agglomération,Hors intersection,Brouillard / fumée,Deux véhicules - frontale,7,2,4,0,1,1,7,0,3,-1,1,1,0,0,0,1,56.0,,voiture,,5,2,1,5,1
202200009446,2022-03-18 10:55:00,2022,3,18,10,55,13,13213,SAINT JEROME (AVENUE DE),43.3329,5.42002,Plein jour,En agglomération,Autre intersection,Normale,Deux véhicules - arrière,4,2,2,0,1,1,1,0,1,50,3,3,2,0,0,1,70.0,77.0,voiture,utilitaire_camion,1,2,9,1,2
202200009447,2022-11-20 17:00:00,2022,11,20,17,0,22,22335,Leurmin D 22,48.431621,-3.046775,Crépuscule ou aube,Hors agglomération,Hors intersection,Normale,Deux véhicules - frontale,3,2,2,0,1,1,1,0,1,80,2,2,1,0,0,1,29.0,19.0,utilitaire_camion,voiture,2,1,1,1,1
202200009448,2022-05-11 18:00:00,2022,5,11,18,0,06,06029,AMOURETTI (RUE FREDERIC),43.55034,7.02582,Plein jour,En agglomération,Hors intersection,Normale,Autre collision,4,2,2,0,1,1,1,0,1,50,1,2,1,0,0,1,77.0,,voiture,,1,2,1,1,6
202200009449,2022-12-27 16:15:00,2022,12,27,16,15,06,06078,D6202,43.930565,7.110964,Plein jour,Hors agglomération,Hors intersection,Brouillard / fumée,Deux véhicules - frontale,3,2,2,0,1,1,7,0,1,80,2,2,1,0,0,1,70.0,82.0,voiture,voiture,1,1,1,5,1
202200009450,2022-11-21 06:06:00,2022,11,21,6,6,25,25559,D237,47.265223,6.849461,Nuit sans éclairage public,Hors agglomération,Hors intersection,Pluie légère,Deux véhicules - frontale,3,2,2,0,1,1,2,0,1,80,2,2,0,0,1,1,38.0,27.0,voiture,voiture,3,1,1,2,1
202200009451,2022-04-30 18:03:00,2022,4,30,18,3,38,38046,A48,45.451964,5.400026,Plein jour,Hors agglomération,Hors intersection,Normale,Autre collision,1,3,4,0,2,2,1,0,2,130,1,3,0,0,2,1,31.0,,voiture,,1,1,1,1,6
202200009452,2022-03-18 22:40:00,2022,3,18,22,40,10,10387,VICTOR HUGO (RUE),48.29347,4.06877,Nuit avec éclairage allumé,En agglomération,Intersection en T,Normale,Deux véhicules - côté,4,1,2,0,2,1,1,0,1,50,2,2,1,0,0,1,57.0,24.0,voiture,voiture,5,2,3,1,3
202200009453,2022-12-26 10:45:00,2022,12,26,10,45,26,26332,A7,45.193069,4.875945,Plein jour,Hors agglomération,Hors intersection,Normale,Autre collision,1,3,3,0,2,1,1,2,1,130,1,2,1,0,1,0,82.0,,voiture,,1,1,1,1,6
202200009454,2022-04-29 10:55:00,2022,4,29,10,55,84,84087,A9,44.120224,4.78902,Plein jour,Hors agglomération,Hors intersection,Normale,Deux véhicules - frontale,1,3,4,0,1,3,1,0,1,130,1,1,0,1,0,0,23.0,,voiture,,1,1,1,1,1
202200009455,2022-11-13 09:00:00,2022,11,13,9,0,44,44081,la Planche,46.87965,-1.581447,Plein jour,Hors agglomération,Hors intersection,Temps éblouissant,Deux véhicules - arrière,3,2,2,0,1,1,1,0,1,80,2,2,1,0,1,0,75.0,34.0,voiture,deux_roues,1,1,1,7,2
202200009456,2022-05-31 15:00:00,2022,5,31,15,0,95,95436,RD 922,49.1326345874,2.2635483742,Plein jour,Hors agglomération,Hors intersection,Normale,Trois véhicules et plus - collisions multiples,3,2,2,0,2,1,1,0,1,80,3,5,2,0,0,3,23.0,82.0,voiture,voiture,1,1,1,1,5
202200009457,2022-12-28 15:34:00,2022,12,28,15,34,52,52269,Rue des Chavannes,47.860038,5.331765,Plein jour,En agglomération,Hors intersection,Normale,Autre collision,4,-1,2,0,1,1,1,0,1,30,1,2,1,0,0,1,68.0,,voiture,,1,2,1,1,6
202200009458,2022-03-17 17:30:00,2022,3,17,17,30,10,10357,GENERAL DE GAULLE (RUE DU),48.29813,4.119249,Plein jour,En agglomération,Hors intersection,Normale,Deux véhicules - arrière,4,2,2,0,1,1,1,0,1,50,2,3,1,0,0,2,44.0,26.0,voiture,voiture,1,2,1,1,2
202200009459,2022-12-28 13:30:00,2022,12,28,13,30,55,55553,Route de Boncourt,48.776389,5.581583,Plein jour,Hors agglomération,Hors intersection,Temps couvert,Sans collision,3,2,2,0,1,2,1,0,1,90,1,1,0,0,1,0,30.0,,deux_roues,,1,1,1,8,7
202200009460,2022-04-29 08:40:00,2022,4,29,8,40,84,84091,Autoroute A7 Pk 162.500 direction Lyon,44.17097,4.760728,Plein jour,Hors agglomération,Hors intersection,Normale,Deux véhicules - arrière,1,3,5,0,1,1,1,0,1,130,2,2,0,0,1,1,80.0,38.0,voiture,voiture,1,1,1,1,2
202200009461,2022-11-20 12:20:00,2022,11,20,12,20,29,29146,Kérampaou (Embranchement d'autoroute),47.892363,-3.798984,Plein jour,Hors agglomération,Autre intersection,Normale,Deux véhicules - frontale,3,3,3,0,1,2,2,3,1,70,2,3,1,0,1,1,56.0,73.0,voiture,voiture,1,1,9,1,1
202200009462,2022-03-18 09:00:00,2022,3,18,9,0,07,07316,LONES (PONT DES),44.91976,4.86234,Plein jour,Hors agglomération,Hors intersection,Normale,Sans collision,3,3,4,0,1,1,1,0,1,90,1,1,0,0,0,1,29.0,,deux_roues,,1,1,1,1,7
202200009463,2022-12-22 10:08:00,2022,12,22,10,8,38,38072,D519,45.323231,4.852502,Plein jour,Hors agglomération,Hors intersection,Pluie légère,Sans collision,3,2,2,0,1,1,2,0,1,80,1,1,0,0,1,0,73.0,,voiture,,1,1,1,2,7
202200009464,2022-11-21 16:19:00,2022,11,21,16,19,29,29202,2 Rue du General Leclerc,48.441487,-3.885072,Plein jour,En agglomération,Hors intersection,Normale,Deux véhicules - arrière,3,2,2,0,2,1,2,0,1,50,2,2,1,0,1,0,44.0,36.0,voiture,utilitaire_camion,1,2,1,1,2
202200009465,2022-05-31 09:40:00,2022,5,31,9,40,10,10391,D677,48.3697900191,4.1060320776,Plein jour,Hors agglomération,Hors intersection,Normale,Trois véhicules et plus - en chaîne,3,2,2,0,1,1,1,0,1,90,5,5,1,0,1,3,57.0,29.0,voiture,utilitaire_camion,1,1,1,1,4
202200009466,2022-03-18 17:15:00,2022,3,18,17,15,06,06030,CARNOT (BOULEVARD),43.566345,7.016512,Plein jour,En agglomération,Hors intersection,Normale,Autre collision,4,2,2,3,2,1,1,0,1,4,1,1,0,0,1,0,75.0,,deux_roues,,1,2,1,1,6