accident_id,datetime,annee,mois,jour,heure,minute,departement,commune_insee,adresse,latitude,longitude,luminosite,agglomeration,intersection,meteo,collision,catr,circ,nbv,vosp,prof,plan,surf,infra,situ,vma,nb_vehicules,nb_usagers,nb_indemnes,nb_tues,nb_blesses_hosp,nb_blesses_legers,age_cond_1,age_cond_2,veh_type_cond_1,veh_type_cond_2,lum_code,agg_code,int_code,atm_code,col_code
202200009467,2022-12-27 20:20:00,2022,12,27,20,20,26,26311,Route de l'Arps,45.021354,5.332167,Nuit sans éclairage public,Hors agglomération,Hors intersection,Normale,Autre collision,3,2,2,0,4,3,1,0,3,70,1,1,0,0,1,0,41.0,,voiture,,3,1,1,1,6
202200009468,2022-11-20 19:10:00,2022,11,20,19,10,15,15092,D922,45.415451,2.502598,Nuit sans éclairage public,Hors agglomération,Hors intersection,Pluie légère,Deux véhicules - frontale,3,2,2,0,2,3,2,0,1,90,2,4,3,0,1,0,83.0,24.0,voiture,voiture,3,1,1,2,1
202200009469,2022-04-30 14:30:00,2022,4,30,14,30,976,97607,Route nationale 03,-12.864533,45.19828,Plein jour,En agglomération,Hors intersection,Normale,Deux véhicules - arrière,2,2,2,0,1,1,1,0,1,30,2,2,1,0,0,1,30.0,44.0,deux_roues,voiture,1,2,1,1,2
202200009470,2022-03-18 08:00:00,2022,3,18,8,0,06,06027,CANNES AVENUE DE (RN7),43.650548,7.14122,Plein jour,En agglomération,Hors intersection,Normale,Deux véhicules - côté,7,2,2,1,2,1,1,0,1,50,2,2,1,1,0,0,56.0,22.0,utilitaire_camion,deux_roues,1,2,1,1,3
202200009471,2022-12-27 18:20:00,2022,12,27,18,20,69,69183,Route de Marchessy,46.0657398949,4.4228178263,Nuit sans éclairage public,Hors agglomération,Hors intersection,Normale,Autre collision,3,2,2,0,2,1,1,0,3,80,1,6,0,0,0,6,36.0,,utilitaire_camion,,3,1,1,1,6
202200009472,2022-05-29 17:45:00,2022,5,29,17,45,26,26338,A7,44.572402,4.808621,Plein jour,Hors agglomération,Autre intersection,Normale,Deux véhicules - côté,1,3,5,0,1,1,1,0,1,130,2,6,5,0,0,1,35.0,31.0,voiture,deux_roues,1,1,9,1,3
202200009473,2022-04-29 16:20:00,2022,4,29,16,20,13,13088,D568,43.371162,5.231745,Plein jour,Hors agglomération,Hors intersection,Normale,Autre collision,3,2,2,0,2,1,1,0,3,80,1,2,0,0,1,1,49.0,,voiture,,1,1,1,1,6
202200009474,2022-12-28 14:45:00,2022,12,28,14,45,33,33123,Rue des Haras,45.063825,-0.4676,Plein jour,En agglomération,Hors intersection,Normale,Sans collision,3,2,2,0,1,1,1,0,1,50,1,1,0,0,0,1,16.0,,deux_roues,,1,2,1,1,7
202200009475,2022-06-01 01:15:00,2022,6,1,1,15,01,01109,D884,46.143024,5.910693,Nuit sans éclairage public,Hors agglomération,Giratoire,Normale,Autre collision,3,1,2,0,4,3,1,0,1,-1,1,1,0,0,0,1,41.0,,voiture,,3,1,6,1,6
202200009476,2022-03-16 07:15:00,2022,3,16,7,15,06,06027,CANNES AVENUE DE (RN7),43.65415,7.147906,Plein jour,En agglomération,Hors intersection,Normale,Deux véhicules - arrière,7,2,2,0,2,1,1,0,1,50,2,2,1,0,0,1,,53.0,voiture,deux_roues,1,2,1,1,2
202200009477,2022-11-09 20:35:00,2022,11,9,20,35,06,06023,Libre (Pont),43.907486,7.526288,Nuit sans éclairage public,Hors agglomération,Hors intersection,Pluie forte,Deux véhicules - frontale,3,2,2,0,1,2,2,2,1,80,1,1,0,0,1,0,73.0,,voiture,,3,1,1,3,1
202200009478,2022-04-30 07:20:00,2022,4,30,7,20,2A,2A247,T10,41.642672,9.295447,Plein jour,Hors agglomération,Intersection en X,Normale,Deux véhicules - côté,2,2,2,0,1,1,1,0,1,80,2,2,1,0,0,1,76.0,42.0,voiture,voiture,1,1,2,1,3
202200009479,2022-05-31 22:50:00,2022,5,31,22,50,42,42032,Route du Val Fleury,45.527111,4.528502,Nuit sans éclairage public,Hors agglomération,Hors intersection,Normale,Autre collision,7,2,2,0,2,2,1,0,3,80,1,1,0,0,1,0,22.0,,voiture,,3,1,1,1,6
202200009480,2022-03-18 18:30:00,2022,3,18,18,30,75,75120,BD PERIPHERIQUE INTERIEUR,48.85993,2.413982,Plein jour,En agglomération,Hors intersection,Normale,Deux véhicules - côté,4,1,4,0,1,1,1,0,1,70,2,2,1,0,0,1,52.0,56.0,voiture,deux_roues,1,2,1,1,3
202200009481,2022-12-28 17:35:00,2022,12,28,17,35,60,60162,D927,49.274533,2.104361,Nuit sans éclairage public,Hors agglomération,Hors intersection,Pluie légère,Trois véhicules et plus - en chaîne,3,2,2,0,1,1,2,0,1,80,3,3,1,0,1,1,25.0,35.0,voiture,voiture,3,1,1,2,4
202200009482,2022-11-21 17:45:00,2022,11,21,17,45,50,50267,D2,49.207999,-1.52526,Nuit avec éclairage non allumé,En agglomération,Intersection en T,Vent fort / tempête,Deux véhicules - frontale,3,2,2,0,1,1,2,0,1,80,2,2,1,0,1,0,58.0,22.0,voiture,deux_roues,4,2,3,6,1
202200009483,2022-04-30 02:15:00,2022,4,30,2,15,83,83065,RD98A,43.264015,6.620218,Nuit avec éclairage allumé,Hors agglomération,Hors intersection,Normale,Deux véhicules - côté,3,2,2,1,1,1,1,0,1,70,2,3,1,2,0,0,34.0,26.0,voiture,deux_roues,5,1,1,1,3
202200009484,2022-06-01 06:45:00,2022,6,1,6,45,83,83130,Avenue des Plantades,43.201101,6.044712,Plein jour,En agglomération,Hors intersection,Normale,Deux véhicules - arrière,4,2,2,0,1,1,1,0,1,30,2,2,0,0,1,1,47.0,,utilitaire_camion,,1,2,1,1,2
202200009485,2022-03-18 16:10:00,2022,3,18,16,10,75,75116,BD PERIPHERIQUE EXTERIEUR,48.870597,2.272352,Plein jour,En agglomération,Hors intersection,Normale,Deux véhicules - côté,4,1,4,0,1,1,1,0,1,70,2,2,1,0,0,1,27.0,55.0,voiture,deux_roues,1,2,1,1,3
202200009486,2022-12-28 13:45:00,2022,12,28,13,45,59,59416,63 Rue du Parc,50.678985,2.541896,Plein jour,Hors agglomération,Hors intersection,Pluie légère,Sans collision,3,2,2,0,1,1,2,0,3,50,1,7,4,0,0,3,23.0,,voiture,,1,1,1,2,7
202200009487,2022-09-24 16:30:00,2022,9,24,16,30,43,43025,272 Route de Chazelet,45.26353,4.087472,Plein jour,Hors agglomération,Hors intersection,Normale,Sans collision,4,-1,2,0,2,4,1,0,3,80,1,2,0,0,2,0,22.0,,voiture,,1,1,1,1,7
202200009488,2022-04-30 15:08:00,2022,4,30,15,8,88,88021,D50,48.286334,6.698828,Plein jour,Hors agglomération,Intersection en T,Normale,Deux véhicules - frontale,3,2,2,0,1,3,1,0,1,80,2,3,0,0,1,2,22.0,42.0,deux_roues,voiture,1,1,3,1,1
202200009489,2022-12-21 10:23:00,2022,12,21,10,23,13,13001,A51-Sens Marseille vers Aix en Provence,43.52652,5.42693,Plein jour,Hors agglomération,Hors intersection,Temps couvert,Deux véhicules - arrière,1,1,2,0,1,1,1,0,2,90,2,2,1,0,0,1,29.0,35.0,voiture,utilitaire_camion,1,1,1,8,2
202200009490,2022-06-01 15:05:00,2022,6,1,15,5,95,95352,18 Rue Bonnet,49.113321,2.424309,Plein jour,En agglomération,Hors intersection,Normale,Autre collision,4,1,2,0,1,1,1,0,4,30,1,1,0,0,0,1,49.0,,deux_roues,,1,2,1,1,6
202200009491,2022-03-17 21:05:00,2022,3,17,21,5,75,75117,BD PERIPHERIQUE INTERIEUR,48.8822357444,2.2831781209,Nuit avec éclairage allumé,En agglomération,Intersection en Y,Normale,Deux véhicules - côté,4,1,4,0,1,1,1,0,1,70,2,2,1,0,0,1,58.0,47.0,utilitaire_camion,voiture,5,2,4,1,3
202200009492,2022-12-26 18:00:00,2022,12,26,18,0,92,92047,A13,48.8341640188,2.167007955,Nuit sans éclairage public,Hors agglomération,Hors intersection,Normale,Deux véhicules - côté,1,1,3,0,1,1,1,0,1,110,2,3,2,0,0,1,57.0,58.0,deux_roues,voiture,3,1,1,1,3
202200009493,2022-04-09 19:30:00,2022,4,9,19,30,73,73051,D13 Route de la Serraz,45.616364,5.84964,Plein jour,Hors agglomération,Hors intersection,Normale,Deux véhicules - frontale,3,2,2,0,2,1,1,0,1,50,2,3,0,0,0,3,54.0,58.0,voiture,voiture,1,1,1,1,1
202200009494,2022-05-31 18:00:00,2022,5,31,18,0,56,56144,La Poste D764,48.017343,-2.796096,Plein jour,Hors agglomération,Hors intersection,Normale,Deux véhicules - frontale,3,2,2,0,2,1,1,0,1,80,2,2,1,0,1,0,61.0,53.0,utilitaire_camion,voiture,1,1,1,1,1
202200009495,2022-12-26 04:50:00,2022,12,26,4,50,92,92025,A86,48.9330031952,2.2509069744,Nuit avec éclairage allumé,Hors agglomération,Hors intersection,Temps couvert,Autre collision,1,1,3,0,1,1,2,0,1,50,1,1,0,0,1,0,41.0,,voiture,,5,1,1,8,6
202200009496,2022-04-29 14:09:00,2022,4,29,14,9,73,73243,D912,45.58356,5.979272,Plein jour,Hors agglomération,Hors intersection,Normale,Deux véhicules - frontale,3,2,2,0,2,2,1,0,1,80,2,3,0,0,3,0,25.0,30.0,deux_roues,deux_roues,1,1,1,1,1
202200009497,2022-05-30 13:00:00,2022,5,30,13,0,79,79066,Lieu Dit la Roche Biraud,46.466461,-0.39854,Plein jour,Hors agglomération,Hors intersection,Normale,Sans collision,3,2,2,0,1,1,1,0,3,80,1,1,0,0,1,0,28.0,,voiture,,1,1,1,1,7
202200009498,2022-03-17 20:20:00,2022,3,17,20,20,75,75118,BD PERIPHERIQUE EXTERIEUR,48.9008866839,2.3657043278,Nuit avec éclairage allumé,En agglomération,Hors intersection,Normale,Deux véhicules - côté,4,1,4,0,1,1,1,0,1,70,2,2,1,0,0,1,36.0,35.0,deux_roues,utilitaire_camion,5,2,1,1,3
202200009499,2022-12-25 07:00:00,2022,12,25,7,0,78,78571,A13,48.872577,2.025938,Nuit sans éclairage public,Hors agglomération,Hors intersection,Normale,Trois véhicules et plus - en chaîne,1,-1,2,0,1,1,2,0,1,110,4,4,3,0,0,1,34.0,19.0,voiture,voiture,3,1,1,1,4
202200009500,2022-04-29 19:45:00,2022,4,29,19,45,07,07323,,44.917106,4.82995,Plein jour,Hors agglomération,Hors intersection,Normale,Deux véhicules - côté,3,2,2,2,1,4,1,9,5,70,2,2,1,0,0,1,22.0,35.0,voiture,utilitaire_camion,1,1,1,1,3
202200009501,2022-05-06 09:44:00,2022,5,6,9,44,33,33275,Les Fagnards,44.703863,-0.167756,Plein jour,Hors agglomération,Intersection en X,Normale,Deux véhicules - côté,3,2,2,0,1,1,1,5,1,80,2,2,1,0,0,1,69.0,19.0,deux_roues,voiture,1,1,2,1,3
202200009502,2022-12-27 20:10:00,2022,12,27,20,10,95,95424,A15,48.9907688432,2.1937817845,Nuit sans éclairage public,Hors agglomération,Hors intersection,Normale,Sans collision,1,3,4,0,1,1,1,0,1,90,1,2,0,0,0,2,22.0,,voiture,,3,1,1,1,7
202200009503,2022-05-29 06:00:00,2022,5,29,6,0,69,69162,Route de Brouilly,46.113628,4.644706,Crépuscule ou aube,Hors agglomération,Hors intersection,Normale,Autre collision,3,2,2,0,2,3,1,0,3,80,1,1,0,0,1,0,19.0,,voiture,,2,1,1,1,6
202200009504,2022-03-17 23:37:00,2022,3,17,23,37,75,75105,RUE LINNE,48.845107,2.354682,Nuit avec éclairage allumé,En agglomération,Intersection en X,Normale,Deux véhicules - côté,4,2,2,0,2,1,1,0,1,30,2,2,1,0,0,1,19.0,,deux_roues,voiture,5,2,2,1,3
202200009505,2022-04-30 01:00:00,2022,4,30,1,0,01,01224,210 Rue du Bugey,45.774497,5.206163,Nuit avec éclairage allumé,En agglomération,Hors intersection,Normale,Autre collision,3,2,2,0,1,3,1,0,4,50,1,2,1,0,1,0,19.0,,voiture,,5,2,1,1,6
202200009506,2022-12-27 19:15:00,2022,12,27,19,15,93,93005,AUTOROUTE A3,48.96905,2.48124,Nuit sans éclairage public,Hors agglomération,Hors intersection,Normale,Deux véhicules - arrière,1,3, -1,0,1,1,1,0,1,90,2,2,1,0,0,1,33.0,52.0,utilitaire_camion,voiture,3,1,1,1,2
202200009507,2022-03-18 17:20:00,2022,3,18,17,20,75,75120,RUE LEON FRAPIE,48.8738532535,2.4120207131,Plein jour,En agglomération,Hors intersection,Normale,Autre collision,4,2,5,3,1,1,1,-1,4,30,1,2,1,0,0,1,,,deux_roues,,1,2,1,1,6
202200009508,2022-04-30 18:00:00,2022,4,30,18,0,69,69126,368 Route de Charnay,45.912497,4.6802,Plein jour,En agglomération,Hors intersection,Normale,Deux véhicules - frontale,3,2,2,0,1,1,1,9,1,50,2,3,2,0,0,1,49.0,32.0,voiture,voiture,1,2,1,1,1
202200009509,2022-05-31 15:15:00,2022,5,31,15,15,41,41002,D976,47.333965,1.232537,Plein jour,Hors agglomération,Hors intersection,Normale,Deux véhicules - frontale,3,2,2,0,1,1,1,0,1,90,2,3,2,1,0,0,72.0,84.0,utilitaire_camion,voiture,1,1,1,1,1
202200009510,2022-12-25 23:40:00,2022,12,25,23,40,94,94028,A86 INT,48.8017265347,2.4474144299,Nuit sans éclairage public,Hors agglomération,Hors intersection,Normale,Deux véhicules - côté,1,-1,5,0,1,1,1,0,1,90,2,3,2,0,0,1,16.0,28.0,deux_roues,voiture,3,1,1,1,3
202200009511,2022-04-29 17:38:00,2022,4,29,17,38,64,64496,Avenue du Labourd,43.477187,-1.45748,Plein jour,En agglomération,Hors intersection,Normale,Autre collision,3,2,3,3,1,1,1,0,1,50,1,2,1,0,1,0,67.0,,voiture,,1,2,1,1,6
202200009512,2022-03-18 20:20:00,2022,3,18,20,20,75,75118,BOULEVARD NEY,48.898448,2.367355,Nuit avec éclairage allumé,En agglomération,Hors intersection,Normale,Deux véhicules - arrière,4,3,2,0,1,1,1,0,1,30,2,2,1,0,0,1,27.0,24.0,voiture,voiture,5,2,1,1,2
202200009513,2022-03-18 14:15:00,2022,3,18,14,15,35,35115,,48.348131,-1.192558,Plein jour,En agglomération,Hors intersection,Normale,Autre collision,4,2,2,2,1,2,1,0,4,50,1,2,1,0,0,1,19.0,,voiture,,1,2,1,1,6
202200009514,2022-05-31 19:00:00,2022,5,31,19,0,22,22029,Le Baudry,48.354631,-3.08262,Plein jour,Hors agglomération,Hors intersection,Temps éblouissant,Autre collision,3,2,2,0,2,2,1,0,2,80,1,1,0,0,1,0,22.0,,deux_roues,,1,1,1,7,6
202200009515,2022-08-15 02:30:00,2022,8,15,2,30,57,57227,"A320, pk 8+900, sens Allemagne France",49.1772883157,6.9110533967,Nuit sans éclairage public,Hors agglomération,Hors intersection,Pluie légère,Autre collision,1,3,4,0,1,3,2,0,1,110,1,4,0,1,1,2,19.0,,voiture,,3,1,1,2,6
202200009516,2022-04-26 14:20:00,2022,4,26,14,20,33,33138,D10,45.04266,-0.136697,Plein jour,Hors agglomération,Intersection en T,Normale,Deux véhicules - côté,3,3,2,0,1,1,1,5,1,80,2,2,1,0,0,1,36.0,39.0,voiture,voiture,1,1,3,1,3
202200009517,2022-05-30 06:50:00,2022,5,30,6,50,25,25058,Voie des Mercureaux (Pont),47.210736,5.999603,Plein jour,En agglomération,Giratoire,Normale,Deux véhicules - arrière,2,2,2,0,1,1,1,5,1,50,2,2,1,0,0,1,55.0,43.0,deux_roues,voiture,1,2,6,1,2
202200009518,2022-03-18 19:00:00,2022,3,18,19,0,75,75118,RUE ORDENER,48.890291,2.358323,Nuit avec éclairage allumé,En agglomération,Intersection en T,Normale,Deux véhicules - arrière,4,2,4,0,1,1,1,0,1,30,2,2,1,0,0,1,67.0,54.0,voiture,voiture,5,2,3,1,2
202200009519,2022-04-16 15:10:00,2022,4,16,15,10,33,33449,Avenue de Capeyron,44.865751,-0.712993,Plein jour,En agglomération,Hors intersection,Normale,Deux véhicules - arrière,4,2,2,0,1,1,1,0,1,50,2,3,2,0,0,1,35.0,56.0,voiture,deux_roues,1,2,1,1,2
202200009520,2022-10-28 14:45:00,2022,10,28,14,45,38,38153,D531,45.178261,5.619007,Plein jour,Hors agglomération,Hors intersection,Normale,Autre collision,3,2,2,0,2,3,1,0,1,80,1,1,0,0,1,0,18.0,,deux_roues,,1,1,1,1,6
202200009521,2022-06-01 09:15:00,2022,6,1,9,15,31,31210,D500 Canal du Midi,43.393866,1.688045,Plein jour,Hors agglomération,Hors intersection,Normale,Deux véhicules - frontale,3,2,2,0,2,3,1,0,1,-1,2,2,0,0,1,1,74.0,78.0,deux_roues,deux_roues,1,1,1,1,1
202200009522,2022-04-29 21:00:00,2022,4,29,21,0,33,33312,Rue des Palus,44.94524,-0.575838,Crépuscule ou aube,Hors agglomération,Hors intersection,Normale,Autre collision,4,2,2,0,1,1,1,0,3,70,1,1,0,1,0,0,20.0,,voiture,,2,1,1,1,6
202200009523,2022-03-18 20:00:00,2022,3,18,20,0,75,75117,AVENUE DE WAGRAM,48.8758943218,2.2965623438,Nuit avec éclairage allumé,En agglomération,Intersection en T,Normale,Deux véhicules - côté,4,2,6,3,2,1,1,-1,6,30,2,3,2,0,0,1,48.0,25.0,voiture,deux_roues,5,2,3,1,3
202200009524,2022-10-28 09:45:00,2022,10,28,9,45,38,38162,Route de Closel et Claritière,45.583981,5.508281,Plein jour,Hors agglomération,Autre intersection,Normale,Deux véhicules - arrière,3,2,2,0,1,2,1,0,1,70,2,2,1,0,0,1,22.0,16.0,utilitaire_camion,deux_roues,1,1,9,1,2
202200009525,2022-05-31 18:10:00,2022,5,31,18,10,31,31042,Avenue Jean MOULIN,42.793448,0.587811,Plein jour,En agglomération,Hors intersection,Temps éblouissant,Deux véhicules - côté,3,2,2,0,1,1,1,5,1,50,2,2,1,0,1,0,74.0,73.0,voiture,deux_roues,1,2,1,7,3
202200009526,2022-10-28 04:05:00,2022,10,28,4,5,38,38239,D1085,45.336293,5.55026,Nuit sans éclairage public,Hors agglomération,Hors intersection,Normale,Sans collision,3,3,4,0,2,1,1,0,8,90,1,1,0,0,0,1,24.0,,voiture,,3,1,1,1,7
202200009527,2022-04-29 19:10:00,2022,4,29,19,10,60,60695,D606,49.210998,2.500526,Plein jour,Hors agglomération,Hors intersection,Normale,Autre collision,3,2,2,0,1,3,1,0,3,70,1,5,0,0,1,4,17.0,,voiture,,1,1,1,1,6
202200009528,2022-10-27 21:52:00,2022,10,27,21,52,38,38269,37 route des alpes,44.905386,5.791968,Nuit avec éclairage allumé,En agglomération,Hors intersection,Normale,Autre collision,3,2,2,0,2,1,1,0,1,50,1,1,0,0,0,1,21.0,,voiture,,5,2,1,1,6
202200009529,2022-05-31 21:00:00,2022,5,31,21,0,31,31079,1037 Route de Vacquiers,43.783151,1.420836,Crépuscule ou aube,En agglomération,Hors intersection,Normale,Autre collision,3,2,2,0,1,2,1,0,1,50,1,2,1,0,0,1,,,autre,,2,2,1,1,6
202200009530,2022-03-18 10:00:00,2022,3,18,10,0,75,75117,AVENUE DE LA PORTE D ASNIERES,48.8918824548,2.3016008735,Plein jour,En agglomération,Intersection en Y,Normale,Deux véhicules - côté,4,2,6,0,1,1,1,0,1,50,2,2,1,0,0,1,30.0,57.0,deux_roues,utilitaire_camion,1,2,4,1,3
202200009531,2022-01-25 08:15:00,2022,1,25,8,15,59,59051,Rue de la marne,50.5368376029,2.8015968204,Crépuscule ou aube,En agglomération,Hors intersection,Brouillard / fumée,Autre collision,4,2,2,0,1,1,1,0,1,50,1,2,1,0,0,1,51.0,,voiture,,2,2,1,5,6
202200009532,2022-10-26 16:00:00,2022,10,26,16,0,38,38431,Chemin du Piat,45.250759,5.84787,Plein jour,En agglomération,Intersection en X,Normale,Deux véhicules - côté,4,2,2,0,2,4,1,5,1,50,2,2,1,0,0,1,33.0,43.0,voiture,deux_roues,1,2,2,1,3
202200009533,2022-04-27 23:52:00,2022,4,27,23,52,13,13207,Tunnel Prado Carénage,43.29146,5.36579,Nuit avec éclairage allumé,Hors agglomération,Hors intersection,Normale,Trois véhicules et plus - collisions multiples,9,-1,2,0,1,3,1,1,1,60,1,1,0,0,0,1,25.0,,voiture,,5,1,1,1,5
202200009534,2022-04-27 09:20:00,2022,4,27,9,20,13,13212,A507 sens Aubagne- Marseille,43.2965083233,5.4248258471,Plein jour,En agglomération,Hors intersection,Normale,Deux véhicules - côté,1,1,3,0,1,1,1,1,1,70,2,2,1,0,0,1,24.0,33.0,voiture,deux_roues,1,2,1,1,3
202200009535,2022-10-26 12:15:00,2022,10,26,12,15,38,38511,D1090,45.355945,5.953377,Plein jour,Hors agglomération,Hors intersection,Normale,Trois véhicules et plus - en chaîne,3,2,2,2,1,1,1,0,1,90,4,5,3,0,0,2,30.0,38.0,voiture,voiture,1,1,1,1,4
202200009536,2022-03-17 22:00:00,2022,3,17,22,0,75,75117,RUE DE TILSITT,48.875066,2.293853,Nuit avec éclairage allumé,En agglomération,Place,Normale,Autre collision,4,2,3,0,1,2,1,0,1,30,1,8,1,0,0,7,38.0,,voiture,,5,2,7,1,6
202200009537,2022-10-26 05:33:00,2022,10,26,5,33,38,38076,Route de Faverges,45.588268,5.484892,Nuit sans éclairage public,Hors agglomération,Intersection en X,Normale,Deux véhicules - frontale,3,2,2,0,1,1,1,0,1,80,2,2,1,0,1,0,17.0,53.0,deux_roues,voiture,3,1,2,1,1
202200009538,2022-05-31 18:40:00,2022,5,31,18,40,15,15142,Lieu Dit la Taillade,44.891444,2.968079,Plein jour,Hors agglomération,Hors intersection,Normale,Deux véhicules - côté,4,2,2,0,1,1,1,0,1,90,2,2,1,0,1,0,18.0,37.0,deux_roues,utilitaire_camion,1,1,1,1,3
202200009539,2022-04-22 16:45:00,2022,4,22,16,45,13,13202,A5501G-Sens Mlle Vieux Port vers A7-Lyon,43.3119286838,5.3669571874,Plein jour,Hors agglomération,Hors intersection,Normale,Trois véhicules et plus - en chaîne,1,1,2,0,1,2,1,2,1,110,3,4,2,0,0,2,27.0,24.0,utilitaire_camion,voiture,1,1,1,1,4
202200009540,2022-06-01 10:30:00,2022,6,1,10,30,15,15153,29 Avenue du Puy Mary,45.140225,2.231185,Plein jour,En agglomération,Hors intersection,Normale,Autre collision,3,2,2,0,2,1,1,0,1,50,1,1,0,0,1,0,36.0,,voiture,,1,2,1,1,6
202200009541,2022-10-25 12:40:00,2022,10,25,12,40,38,38062,D1090,45.42216,5.989823,Plein jour,Hors agglomération,Hors intersection,Normale,Deux véhicules - frontale,3,2,2,0,1,1,1,0,1,70,2,2,1,0,1,0,72.0,82.0,deux_roues,voiture,1,1,1,1,1
202200009542,2022-03-18 10:45:00,2022,3,18,10,45,75,75116,RUE DURET,48.875229,2.286488,Plein jour,En agglomération,Intersection en T,Normale,Deux véhicules - côté,4,1,1,0,1,1,1,0,1,30,2,2,1,0,0,1,59.0,66.0,voiture,deux_roues,1,2,3,1,3
202200009543,2022-04-27 18:15:00,2022,4,27,18,15,83,83137,A50,43.12132,5.95331,Plein jour,Hors agglomération,Hors intersection,Normale,Deux véhicules - arrière,1,3,4,0,1,1,1,8,1,70,2,4,1,0,0,3,41.0,28.0,voiture,voiture,1,1,1,1,2
202200009544,2022-10-25 10:00:00,2022,10,25,10,0,38,38466,Rue de la Branchy,45.370869,5.957576,Plein jour,En agglomération,Intersection en Y,Normale,Deux véhicules - côté,4,2,2,0,1,1,1,0,1,50,2,2,1,0,0,1,13.0,56.0,autre,voiture,1,2,4,1,3
202200009545,2022-05-31 14:20:00,2022,5,31,14,20,54,54157,117 Avenue du Général de Gaulle,48.836655,6.074699,Plein jour,En agglomération,Intersection en T,Normale,Autre collision,3,2,2,0,2,1,1,0,4,50,1,1,0,0,1,0,45.0,,voiture,,1,2,3,1,6
202200009546,2022-03-18 16:30:00,2022,3,18,16,30,75,75115,Quai André Citroën,48.8460815137,2.2769312561,Plein jour,En agglomération,Intersection en X,Normale,Deux véhicules - côté,4,2,6,0,1,1,1,0,1,50,2,2,1,0,0,1,19.0,20.0,deux_roues,voiture,1,2,2,1,3
202200009547,2022-10-12 20:45:00,2022,10,12,20,45,38,38344,Route de Sablons,45.359136,4.793867,Nuit avec éclairage allumé,En agglomération,Intersection en Y,Normale,Trois véhicules et plus - collisions multiples,3,2,2,0,1,1,1,0,1,50,3,3,0,0,2,1,24.0,26.0,voiture,voiture,5,2,4,1,5
202200009548,2022-04-19 17:00:00,2022,4,19,17,0,69,69259,Boulevard Laurent Bonnevay,45.71825,4.86851,Plein jour,Hors agglomération,Hors intersection,Normale,Deux véhicules - arrière,7,3,8,0,1,1,1,0,1,70,2,5,3,0,0,2,52.0,50.0,utilitaire_camion,voiture,1,1,1,1,2
202200009549,2022-10-04 07:45:00,2022,10,4,7,45,28,28085,LECLERC (RUE DU MARECHAL),48.44022,1.4755,Crépuscule ou aube,En agglomération,Hors intersection,Temps couvert,Deux véhicules - frontale,3,2,2,0,1,1,1,9,1,30,1,2,1,0,0,1,54.0,,voiture,,2,2,1,8,1
202200009550,2022-06-01 12:15:00,2022,6,1,12,15,06,06105,Chemin de la Basse Ferme,43.665895,7.045093,Plein jour,En agglomération,Hors intersection,Normale,Autre collision,3,2,2,0,1,1,1,0,1,50,1,2,1,0,0,1,26.0,,deux_roues,,1,2,1,1,6
202200009551,2022-03-18 13:20:00,2022,3,18,13,20,75,75115,RUE DE LA CROIX NIVERT,48.843741,2.295892,Plein jour,En agglomération,Intersection en T,Normale,Autre collision,4,2,2,0,1,1,1,0,1,30,1,2,0,0,0,2,29.0,,deux_roues,,1,2,3,1,6
202200009552,2022-08-13 06:27:00,2022,8,13,6,27,22,22278,FERRY (JULES),48.50464,-2.7672,Nuit sans éclairage public,En agglomération,Intersection en X,Normale,Deux véhicules - frontale,4,2,2,0,1,1,1,0,1,30,2,2,1,0,0,1,27.0,51.0,deux_roues,voiture,3,2,2,1,1
202200009553,2022-04-28 15:35:00,2022,4,28,15,35,91,91179,AUTOROUTE A6,48.57179,2.4695,Plein jour,Hors agglomération,Hors intersection,Normale,Deux véhicules - arrière,1,1,1,0,1,1,1,0,1,50,2,3,2,0,0,1,43.0,52.0,utilitaire_camion,voiture,1,1,1,1,2
202200009554,2022-06-01 19:35:00,2022,6,1,19,35,60,60509,7 Place Pierre Mendes France,49.301521,2.605079,Plein jour,En agglomération,Hors intersection,Normale,Autre collision,4,2,2,1,1,1,1,0,5,50,1,2,1,0,0,1,18.0,,deux_roues,,1,2,1,1,6
202200009555,2022-03-18 14:00:00,2022,3,18,14,0,75,75113,RUE DE TOLBIAC,48.828765,2.373455,Plein jour,En agglomération,Hors intersection,Normale,Deux véhicules - côté,4,2,3,0,2,1,1,0,1,30,2,2,1,0,0,1,39.0,31.0,voiture,deux_roues,1,2,1,1,3
202200009556,2022-12-26 13:50:00,2022,12,26,13,50,988,98818,DE BECHADE (RUE ANDRE),-22.24477,166.46665,Plein jour,En agglomération,Hors intersection,Pluie forte,Deux véhicules - frontale,4,2,2,0,1,2,2,0,1,50,2,4,2,0,0,2,40.0,37.0,voiture,voiture,1,2,1,3,1
202200009557,2022-04-27 16:25:00,2022,4,27,16,25,94,94011,RN406.Y,48.7593963988,2.4844051229,Plein jour,Hors agglomération,Hors intersection,Normale,Deux véhicules - côté,2,1,2,0,1,1,1,0,3,90,2,3,1,0,2,0,26.0,24.0,utilitaire_camion,deux_roues,1,1,1,1,3