accident_id,datetime,annee,mois,jour,heure,minute,departement,commune_insee,adresse,latitude,longitude,luminosite,agglomeration,intersection,meteo,collision,catr,circ,nbv,vosp,prof,plan,surf,infra,situ,vma,nb_vehicules,nb_usagers,nb_indemnes,nb_tues,nb_blesses_hosp,nb_blesses_legers,age_cond_1,age_cond_2,veh_type_cond_1,veh_type_cond_2,lum_code,agg_code,int_code,atm_code,col_code
202200009743,2022-04-26 18:35:00,2022,4,26,18,35,07,07281,Chemin des MULETS,44.93943,4.85853,Plein jour,En agglomération,Giratoire,Normale,Deux véhicules - côté,4,1,2,2,1,1,1,0,1,70,2,2,1,0,1,0,34.0,58.0,voiture,deux_roues,1,2,6,1,3
202200009744,2022-03-18 23:20:00,2022,3,18,23,20,73,73248,D906,45.2855914476,6.351479738,Nuit sans éclairage public,Hors agglomération,Hors intersection,Normale,Autre collision,3,2,2,0,1,1,1,0,3,80,1,3,0,0,2,1,21.0,,voiture,,3,1,1,1,6
202200009745,2022-03-18 16:30:00,2022,3,18,16,30,22,22339,Route de Ploubalay,48.461874,-2.058113,Plein jour,En agglomération,Autre intersection,Normale,Autre collision,3,3,2,1,2,1,1,0,6,50,1,2,1,0,1,0,47.0,,voiture,,1,2,9,1,6
202200009746,2022-04-26 23:50:00,2022,4,26,23,50,75,75115,BD PERIPHERIQUE EXTERIEUR,48.8299592632,2.2862961888,Nuit avec éclairage allumé,En agglomération,Hors intersection,Normale,Autre collision,4,1,3,0,1,1,1,0,1,70,1,1,0,0,0,1,38.0,,deux_roues,,5,2,1,1,6
202200009747,2022-03-19 06:30:00,2022,3,19,6,30,59,59256,Intersection M145 - Chemin vert,50.5675020117,3.1247882545,Crépuscule ou aube,Hors agglomération,Hors intersection,Normale,Deux véhicules - frontale,7,2,2,1,3,1,1,0,1,70,2,2,0,1,1,0,55.0,20.0,voiture,voiture,2,1,1,1,1
202200009748,2022-04-27 00:42:00,2022,4,27,0,42,75,75106,RUE SAINT SULPICE,48.851469,2.337064,Nuit avec éclairage allumé,En agglomération,Intersection en X,Normale,Deux véhicules - côté,4,1,2,0,1,1,1,0,1,30,2,2,1,0,1,0,29.0,28.0,voiture,deux_roues,5,2,2,1,3
202200009749,2022-03-18 16:20:00,2022,3,18,16,20,13,13215,A7-Sens Marseille vers Lyon,43.366453,5.360818,Plein jour,Hors agglomération,Hors intersection,Normale,Deux véhicules - arrière,1,1,3,0,1,1,1,0,1,90,3,6,4,0,0,2,47.0,41.0,utilitaire_camion,utilitaire_camion,1,1,1,1,2
202200009750,2022-03-16 09:02:00,2022,3,16,9,2,13,13026,A55-Sens Martigues vers Marseille,43.381521,5.157056,Plein jour,Hors agglomération,Hors intersection,Normale,Deux véhicules - arrière,1,-1,2,0,1,1,1,0,1,110,2,2,0,0,0,1,,48.0,utilitaire_camion,voiture,1,1,1,1,2
202200009751,2022-04-26 02:03:00,2022,4,26,2,3,75,75115,BOULEVARD LEFEBVRE,48.83102,2.292351,Nuit avec éclairage allumé,En agglomération,Intersection en X,Normale,Autre collision,4,3,3,3,1,1,1,-1,4,50,1,3,2,1,0,0,24.0,,deux_roues,,5,2,2,1,6
202200009752,2022-03-18 21:55:00,2022,3,18,21,55,33,33122,AUTOROUTE A 63,44.758437,-0.682768,Nuit sans éclairage public,Hors agglomération,Hors intersection,Normale,Deux véhicules - arrière,1,3,4,0,1,1,1,0,1,130,2,2,1,0,0,1,49.0,23.0,utilitaire_camion,voiture,3,1,1,1,2
202200009753,2022-04-27 19:00:00,2022,4,27,19,0,75,75106,RUE VAVIN,48.8447074144,2.3320820025,Plein jour,En agglomération,Hors intersection,Normale,Autre collision,4,1,1,0,1,1,1,0,1,30,1,2,1,0,0,1,,,voiture,,1,2,1,1,6
202200009754,2022-03-18 20:14:00,2022,3,18,20,14,33,33063,ROCADE A 630,44.88033,-0.539127,Nuit avec éclairage allumé,Hors agglomération,Hors intersection,Normale,Deux véhicules - arrière,1,3,6,0,2,1,1,2,1,70,2,2,0,0,0,2,29.0,26.0,voiture,voiture,5,1,1,1,2
202200009755,2022-03-18 15:47:00,2022,3,18,15,47,33,33039,ROUTE NATIONALE 230,44.796242,-0.538492,Plein jour,Hors agglomération,Hors intersection,Normale,Deux véhicules - arrière,1,3,6,0,1,2,1,3,1,90,2,3,2,0,0,1,52.0,55.0,utilitaire_camion,deux_roues,1,1,1,1,2
202200009756,2022-04-26 11:17:00,2022,4,26,11,17,75,75106,BOULEVARD SAINT GERMAIN,48.852487,2.338756,Plein jour,En agglomération,Intersection en X,Temps couvert,Deux véhicules - côté,4,2,4,3,1,1,1,-1,6,30,2,2,1,0,0,1,26.0,28.0,deux_roues,transport_commun,1,2,2,8,3
202200009757,2022-03-18 12:00:00,2022,3,18,12,0,91,91589,AUTOROUTE A6,48.6731,2.34317,Plein jour,Hors agglomération,Hors intersection,Temps éblouissant,Trois véhicules et plus - en chaîne,1,3,6,0,3,1,1,0,1,110,5,5,4,0,0,1,36.0,71.0,voiture,voiture,1,1,1,7,4
202200009758,2022-04-26 18:50:00,2022,4,26,18,50,75,75114,BOULEVARD RASPAIL,48.836171,2.331764,Plein jour,En agglomération,Hors intersection,Normale,Deux véhicules - côté,4,2,4,0,1,1,1,0,1,30,2,2,1,0,0,1,40.0,23.0,deux_roues,voiture,1,2,1,1,3
202200009759,2022-03-18 18:35:00,2022,3,18,18,35,92,92064,A13,48.8394776443,2.2189659962,Plein jour,Hors agglomération,Autre intersection,Normale,Deux véhicules - côté,1,1,3,0,1,1,1,1,1,70,2,2,1,0,0,1,59.0,48.0,deux_roues,voiture,1,1,9,1,3
202200009760,2022-04-26 23:38:00,2022,4,26,23,38,75,75113,RUE DE TOLBIAC,48.826154,2.359201,Nuit avec éclairage allumé,En agglomération,Hors intersection,Normale,Sans collision,4,2,3,1,1,1,1,-1,5,30,1,1,0,0,0,1,27.0,,deux_roues,,5,2,1,1,7
202200009761,2022-04-27 11:55:00,2022,4,27,11,55,75,75111,RUE DES TROIS BORNES,48.86695,2.373588,Plein jour,En agglomération,Hors intersection,Normale,Deux véhicules - côté,4,2,2,0,2,1,1,0,1,30,2,3,2,0,0,1,55.0,44.0,deux_roues,voiture,1,2,1,1,3
202200009762,2022-03-18 18:00:00,2022,3,18,18,0,78,78043,A12 W,48.839179,2.093199,Plein jour,Hors agglomération,Hors intersection,Normale,Trois véhicules et plus - collisions multiples,1,-1,4,0,2,1,1,0,1,90,3,4,3,0,1,0,70.0,47.0,voiture,deux_roues,1,1,1,1,5
202200009763,2022-04-27 19:55:00,2022,4,27,19,55,75,75110,BOULEVARD DE STRASBOURG,48.872265,2.355903,Plein jour,En agglomération,Intersection en X,Normale,Deux véhicules - frontale,4,2,5,1,1,1,1,-1,5,30,2,2,0,0,0,2,59.0,54.0,deux_roues,deux_roues,1,2,2,1,1
202200009764,2022-04-27 10:00:00,2022,4,27,10,0,75,75110,BOULEVARD DE MAGENTA,48.8763513307,2.3559903404,Plein jour,En agglomération,Intersection en T,Normale,Deux véhicules - côté,4,2,4,1,1,1,1,-1,5,30,2,2,1,0,0,1,26.0,,deux_roues,voiture,1,2,3,1,3
202200009765,2022-04-27 13:50:00,2022,4,27,13,50,75,75109,BOULEVARD HAUSSMANN,48.8734509538,2.3293659129,Plein jour,En agglomération,Hors intersection,Normale,Autre collision,4,1,4,0,1,1,1,0,1,30,1,2,1,0,0,1,27.0,,deux_roues,,1,2,1,1,6
202200009766,2022-04-27 10:05:00,2022,4,27,10,5,75,75108,BOULEVARD HAUSSMANN,48.874986,2.307913,Plein jour,En agglomération,Hors intersection,Normale,Deux véhicules - côté,4,2,4,3,1,1,1,-1,6,30,2,2,1,0,0,1,28.0,25.0,utilitaire_camion,deux_roues,1,2,1,1,3
202200009767,2022-04-27 16:04:00,2022,4,27,16,4,75,75107,QUAI VOLTAIRE,48.8583993464,2.332821701,Plein jour,En agglomération,Intersection en T,Normale,Deux véhicules - côté,4,2,4,1,1,1,1,-1,5,30,2,2,1,0,0,1,42.0,18.0,voiture,deux_roues,1,2,3,1,3
202200009768,2022-04-27 10:40:00,2022,4,27,10,40,75,75103,PLACE DE LA REPUBLIQUE,48.8673835725,2.363308536,Plein jour,En agglomération,Place,Normale,Sans collision,4,2,8,0,1,1,1,0,1,30,1,1,0,0,0,1,30.0,,deux_roues,,1,2,7,1,7
202200009769,2022-04-27 17:15:00,2022,4,27,17,15,94,94081,Rue Edouard Tremblay,48.78466,2.37629,Plein jour,En agglomération,Hors intersection,Normale,Autre collision,4,2,0,0,1,1,1,0,1,50,1,2,1,0,0,1,52.0,,voiture,,1,2,1,1,6
202200009770,2022-09-12 16:00:00,2022,9,12,16,0,75,75116,ALLEE MARIA CALLAS,48.8631190744,2.2856430709,Plein jour,En agglomération,Hors intersection,Normale,Autre collision,4,-1, -1,0,1,1,1,0,1,30,1,2,1,0,0,1,52.0,,voiture,,1,2,1,1,6
202200009771,2022-09-10 13:30:00,2022,9,10,13,30,75,75117,BOULEVARD PEREIRE,48.881337,2.290866,Plein jour,En agglomération,Hors intersection,Normale,Sans collision,4,1,1,0,1,1,1,0,1,30,1,1,0,0,0,1,22.0,,deux_roues,,1,2,1,1,7
202200009772,2022-09-11 21:50:00,2022,9,11,21,50,75,75113,AVENUE D IVRY,48.821609,2.369124,Nuit avec éclairage allumé,En agglomération,Intersection à plus de 4 branches,Normale,Deux véhicules - côté,4,2,4,0,1,1,1,0,1,30,2,2,1,0,0,1,29.0,21.0,deux_roues,voiture,5,2,5,1,3
202200009773,2022-09-12 14:46:00,2022,9,12,14,46,75,75112,PLACE LOUIS ARMAND,48.8455584474,2.3740902543,Plein jour,En agglomération,Place,Normale,Autre collision,4,1,1,0,1,1,1,0,1,20,1,2,1,0,0,1,59.0,,voiture,,1,2,7,1,6
202200009774,2022-09-12 09:15:00,2022,9,12,9,15,75,75111,RUE DE LA ROQUETTE,48.857446,2.379703,Plein jour,En agglomération,Intersection en X,Normale,Deux véhicules - côté,4,2,2,0,1,1,1,0,1,30,2,2,1,0,0,1,24.0,39.0,deux_roues,deux_roues,1,2,2,1,3
202200009775,2022-09-11 03:25:00,2022,9,11,3,25,75,75109,BOULEVARD DE ROCHECHOUART,48.882834,2.34454,Nuit avec éclairage allumé,En agglomération,Place,Normale,Deux véhicules - côté,4,3,2,3,1,1,1,-1,6,30,2,2,1,0,0,1,51.0,19.0,voiture,voiture,5,2,7,1,3
202200009776,2022-09-12 21:05:00,2022,9,12,21,5,75,75107,BOULEVARD DES INVALIDES,48.850539,2.314525,Nuit avec éclairage non allumé,En agglomération,Intersection en T,Normale,Autre collision,4,2,5,0,1,1,1,0,1,30,1,3,1,0,0,2,76.0,,voiture,,4,2,3,1,6
202200009777,2022-09-11 17:35:00,2022,9,11,17,35,75,75114,BOULEVARD JOURDAN,48.821312,2.333817,Plein jour,En agglomération,Intersection en T,Normale,Autre collision,4,3,3,0,1,1,1,0,1,30,2,4,2,0,0,2,,38.0,voiture,voiture,1,2,3,1,6
202200009778,2022-09-11 04:15:00,2022,9,11,4,15,75,75104,RUE DE L ARSENAL,48.851065,2.366494,Nuit avec éclairage allumé,En agglomération,Intersection en T,Normale,Autre collision,4,2,2,0,1,1,2,0,1,30,1,1,0,0,0,1,25.0,,deux_roues,,5,2,3,1,6
202200009779,2022-09-12 19:00:00,2022,9,12,19,0,94,94081,GENIE (R DU),48.791,2.375,Plein jour,En agglomération,Hors intersection,Normale,Deux véhicules - côté,4,1,1,0,1,1,1,0,1,50,1,2,1,0,0,1,33.0,,voiture,,1,2,1,1,3
202200009780,2022-09-12 00:50:00,2022,9,12,0,50,94,94076,PRESIDENT ALLENDE (AV DU),48.7963,2.3511,Nuit avec éclairage allumé,En agglomération,Hors intersection,Normale,Sans collision,3,2,2,0,1,1,1,0,1,50,1,2,0,0,0,2,23.0,,voiture,,5,2,1,1,7
202200009781,2022-09-12 13:00:00,2022,9,12,13,0,94,94065,PORTE DE PARAY MIN,48.75431,2.36131,Plein jour,En agglomération,Hors intersection,Normale,Deux véhicules - côté,4,1,2,0,1,1,1,0,1,50,2,2,1,0,0,1,29.0,21.0,voiture,deux_roues,1,2,1,1,3
202200009782,2022-09-12 02:00:00,2022,9,12,2,0,94,94073,JEAN JAURES (R),48.77203,2.39272,Nuit sans éclairage public,En agglomération,Hors intersection,Normale,Sans collision,4,2,2,0,1,1,1,0,4,50,1,1,0,0,0,1,20.0,,voiture,,3,2,1,1,7
202200009783,2022-09-12 12:30:00,2022,9,12,12,30,94,94028,GAULLE(AVENUE DU GENERAL DE),48.79169,2.44636,Plein jour,En agglomération,Intersection en T,Normale,Autre collision,3,1,2,0,4,1,1,0,1,50,1,2,1,0,0,1,48.0,,voiture,,1,2,3,1,6
202200009784,2022-09-11 00:10:00,2022,9,11,0,10,94,94028,POMPADOUR(ROUTE DE LA),48.76837,2.46518,Nuit avec éclairage allumé,En agglomération,Intersection en Y,Temps couvert,Sans collision,4,1,2,0,1,2,2,5,1,50,1,1,0,0,0,1,30.0,,voiture,,5,2,4,8,7
202200009785,2022-09-12 12:10:00,2022,9,12,12,10,94,94048,Route Nationale 19,48.72772,2.55125,Plein jour,En agglomération,Hors intersection,Normale,Deux véhicules - côté,2,2,2,0,1,2,1,0,1,80,2,2,1,0,0,1,,33.0,voiture,deux_roues,1,2,1,1,3
202200009786,2022-09-12 18:20:00,2022,9,12,18,20,93,93073,Route de Tremblay / Avenue Vauban,48.97095,2.54893,Plein jour,En agglomération,Giratoire,Normale,Autre collision,3,2,2,0,1,1,1,0,6,50,2,3,2,0,0,1,51.0,34.0,voiture,voiture,1,2,6,1,6
202200009787,2022-09-12 12:45:00,2022,9,12,12,45,93,93078,Avenue du Général de Gaulle,48.9433834292,2.5688714484,Plein jour,En agglomération,Hors intersection,Normale,Deux véhicules - frontale,3,2,3,0,1,3,1,6,8,50,2,2,1,0,0,1,60.0,21.0,deux_roues,voiture,1,2,1,1,1
202200009788,2022-09-12 10:50:00,2022,9,12,10,50,93,93073,Aeroport Charles de Gaulle,49.00346,2.56688,Plein jour,Hors agglomération,Autre intersection,Normale,Deux véhicules - côté,6,-1,0,0,1,3,1,9,3,30,2,2,1,0,0,1,44.0,69.0,voiture,voiture,1,1,9,1,3
202200009789,2022-09-11 14:00:00,2022,9,11,14,0,93,93073,Route périphérique sud,48.99014,2.55131,Plein jour,Hors agglomération,Hors intersection,Normale,Deux véhicules - arrière,4,2,2,0,1,2,1,0,3,70,2,3,0,0,0,3,29.0,27.0,voiture,voiture,1,1,1,1,2
202200009790,2022-09-12 09:20:00,2022,9,12,9,20,93,93055,Rue Candale,48.8873857252,2.4138410261,Plein jour,En agglomération,Hors intersection,Normale,Deux véhicules - frontale,4,2,2,0,2,1,1,0,1,50,2,2,1,0,0,1,49.0,27.0,autre,deux_roues,1,2,1,1,1
202200009791,2022-09-12 19:19:00,2022,9,12,19,19,93,93049,Rue des Loges d'Avron / Rue des Hersiers,48.866704407,2.5092736106,Plein jour,En agglomération,Intersection en T,Normale,Autre collision,4,2,2,0,1,1,1,0,1,30,1,2,1,0,0,1,22.0,,autre,,1,2,3,1,6
202200009792,2022-09-12 10:20:00,2022,9,12,10,20,93,93050,Rue Paul et Camille Thomoux,48.8648056121,2.5296400182,Plein jour,En agglomération,Hors intersection,Normale,Deux véhicules - arrière,3,2,2,0,1,1,1,0,1,50,2,2,1,0,1,0,,40.0,voiture,voiture,1,2,1,1,2
202200009793,2022-09-12 08:15:00,2022,9,12,8,15,93,93051,Rue de Bourges / Rue Jean Moulin,48.83179,2.56671,Plein jour,En agglomération,Giratoire,Normale,Autre collision,4,2,2,0,1,1,1,0,8,50,1,2,1,0,0,1,43.0,,voiture,,1,2,6,1,6
202200009794,2022-09-10 11:45:00,2022,9,10,11,45,93,93048,Boulevard de Chanzy / Place du Marché,48.8584,2.43368,Plein jour,En agglomération,Intersection en T,Pluie légère,Autre collision,3,2,2,0,1,1,2,0,1,30,1,2,1,0,0,1,51.0,,voiture,,1,2,3,2,6
202200009795,2022-09-12 11:15:00,2022,9,12,11,15,93,93046,Avenue de la Gare de Gargan,48.9079261715,2.5177609493,Plein jour,En agglomération,Hors intersection,Normale,Deux véhicules - côté,4,2,2,0,1,1,1,0,1,50,2,2,1,0,0,1,43.0,79.0,utilitaire_camion,autre,1,2,1,1,3
202200009796,2022-09-12 07:12:00,2022,9,12,7,12,93,93079,Avenue de la Division Leclerc / Centre Commercial Bienvenu,48.94999,2.34245,Plein jour,En agglomération,Intersection en T,Normale,Deux véhicules - côté,3,2,2,0,1,1,1,0,1,50,2,2,1,0,0,1,46.0,57.0,deux_roues,voiture,1,2,3,1,3
202200009797,2022-09-12 12:20:00,2022,9,12,12,20,93,93013,Avenue Jean Jaurès / Avenue Francis de Pressensé,48.93292,2.42477,Plein jour,En agglomération,Intersection en T,Normale,Autre collision,3,2,3,0,1,1,1,0,1,50,1,3,1,0,2,0,24.0,,utilitaire_camion,,1,2,3,1,6
202200009798,2022-09-11 20:05:00,2022,9,11,20,5,93,93010,Avenue Galliéni,48.9059744813,2.4816718494,Nuit avec éclairage allumé,En agglomération,Hors intersection,Normale,Trois véhicules et plus - en chaîne,3,3,6,0,1,1,1,0,1,50,4,8,2,0,0,6,45.0,30.0,voiture,voiture,5,2,1,1,4
202200009799,2022-09-12 09:45:00,2022,9,12,9,45,92,92075,VICTOR BASCH (AVENUE),48.81874,2.29175,Plein jour,En agglomération,Intersection en X,Normale,Deux véhicules - côté,3,2,2,0,1,1,1,0,5,50,2,2,1,0,0,1,46.0,17.0,voiture,deux_roues,1,2,2,1,3
202200009800,2022-09-12 15:10:00,2022,9,12,15,10,92,92064,MARCEL DASSAULT,48.8557241957,2.2230325341,Plein jour,En agglomération,Intersection en T,Normale,Deux véhicules - côté,3,2,2,0,1,1,1,0,1,50,2,2,1,0,0,1,59.0,28.0,voiture,deux_roues,1,2,3,1,3
202200009801,2022-09-10 02:40:00,2022,9,10,2,40,92,92063,RODRIGUES (RUE SOPHIE),48.885248,2.186156,Nuit avec éclairage allumé,En agglomération,Hors intersection,Normale,Autre collision,4,1,1,0,1,1,1,0,1,30,1,1,0,0,0,1,19.0,,voiture,,5,2,1,1,6
202200009802,2022-09-08 21:10:00,2022,9,8,21,10,92,92020,VERDUN AVENUE DE AUTRES N°,48.80243,2.28633,Nuit avec éclairage allumé,En agglomération,Intersection en X,Normale,Autre collision,3,2,5,1,1,1,1,0,1,50,1,2,1,0,0,1,37.0,,transport_commun,,5,2,2,1,6
202200009803,2022-09-10 00:00:00,2022,9,10,0,0,92,92025,JEAN WIENER (RUE),48.91504,2.248199,Nuit avec éclairage allumé,En agglomération,Hors intersection,Normale,Deux véhicules - côté,4,1,1,0,1,1,1,0,1,30,2,2,1,0,0,1,21.0,,deux_roues,voiture,5,2,1,1,3
202200009804,2022-09-12 13:25:00,2022,9,12,13,25,92,92024,JEAN JAURES (BD) DE 47 A 109)   (56 A 14,48.900215,2.306053,Plein jour,En agglomération,Hors intersection,Normale,Autre collision,3,1,3,0,1,1,1,0,1,50,1,2,1,0,0,1,22.0,,voiture,,1,2,1,1,6
202200009805,2022-09-12 09:05:00,2022,9,12,9,5,92,92023,VANVES (RUE DE),48.81158,2.27136,Plein jour,En agglomération,Hors intersection,Normale,Autre collision,3,1,2,1,1,1,1,0,1,30,1,2,1,1,0,0,47.0,,utilitaire_camion,,1,2,1,1,6
202200009806,2022-09-11 19:40:00,2022,9,11,19,40,92,92004,REDOUTE ( AVENUE DE LA  ),48.9286001826,2.2786911875,Crépuscule ou aube,En agglomération,Autre intersection,Normale,Autre collision,3,-1,0,0,1,1,1,0,1,30,2,2,1,0,0,1,32.0,,deux_roues,voiture,2,2,9,1,6
202200009807,2022-09-10 15:50:00,2022,9,10,15,50,92,92004,DOCTEUR DERVAUX  ( QUAI DU ),48.9112528516,2.2988639474,Plein jour,En agglomération,Hors intersection,Pluie légère,Deux véhicules - côté,3,2,0,0,1,1,2,0,1,30,2,2,1,0,0,1,37.0,43.0,deux_roues,voiture,1,2,1,2,3
202200009808,2022-09-12 17:05:00,2022,9,12,17,5,35,35176,La Bourgonniere,47.844868,-1.762335,Plein jour,Hors agglomération,Intersection en X,Normale,Deux véhicules - côté,4,2,2,0,1,1,1,0,1,80,2,2,1,0,0,1,51.0,46.0,voiture,voiture,1,1,2,1,3
202200009809,2022-09-12 09:10:00,2022,9,12,9,10,08,08362,Rue Thiers,49.508373,4.366304,Plein jour,En agglomération,Giratoire,Temps éblouissant,Autre collision,4,1, -1,0,1,1,1,0,1,50,1,2,1,0,1,0,46.0,,voiture,,1,2,6,7,6
202200009810,2022-09-10 15:55:00,2022,9,10,15,55,17,17094,81 Avenue d Angoulins,46.087441,-1.095918,Plein jour,En agglomération,Hors intersection,Normale,Deux véhicules - côté,3,2,2,1,1,1,1,0,1,30,2,2,1,0,0,1,32.0,43.0,transport_commun,deux_roues,1,2,1,1,3
202200009811,2022-09-13 12:00:00,2022,9,13,12,0,84,84088,Avenue du Barriot,43.996434,5.058807,Plein jour,En agglomération,Intersection en T,Normale,Deux véhicules - frontale,4,2,2,0,1,1,1,0,1,50,2,2,1,0,0,1,67.0,69.0,deux_roues,voiture,1,2,3,1,1
202200009812,2022-09-12 14:45:00,2022,9,12,14,45,81,81190,D81,43.861004,2.253892,Plein jour,Hors agglomération,Hors intersection,Normale,Autre collision,3,2,2,0,1,2,9,0,3,80,1,1,0,0,1,0,20.0,,voiture,,1,1,1,1,6
202200009813,2022-09-11 18:00:00,2022,9,11,18,0,972,97227,RN 5,14.469246,-60.916341,Plein jour,Hors agglomération,Hors intersection,Normale,Deux véhicules - côté,2,2,2,0,1,1,1,0,1,70,2,2,1,0,1,0,22.0,38.0,voiture,deux_roues,1,1,1,1,3
202200009814,2022-09-12 16:04:00,2022,9,12,16,4,55,55400,Autoroute de l'Est (Pont),49.149208,5.720422,Plein jour,Hors agglomération,Hors intersection,Normale,Trois véhicules et plus - en chaîne,1,3,4,0,1,1,1,8,1,90,3,7,2,1,0,4,37.0,26.0,transport_commun,utilitaire_camion,1,1,1,1,4
202200009815,2022-09-13 06:00:00,2022,9,13,6,0,58,58187,lieu dit l'étape,47.439648,2.933275,Nuit sans éclairage public,Hors agglomération,Hors intersection,Normale,Deux véhicules - arrière,3,2,2,0,1,1,1,0,1,80,2,2,1,0,0,1,55.0,45.0,deux_roues,utilitaire_camion,3,1,1,1,2
202200009816,2022-09-12 07:05:00,2022,9,12,7,5,84,84091,route nationale 7,44.167276,4.764934,Crépuscule ou aube,Hors agglomération,Intersection en T,Normale,Deux véhicules - frontale,2,2,3,3,1,1,1,5,1,-1,2,2,0,0,1,1,47.0,38.0,deux_roues,utilitaire_camion,2,1,3,1,1
202200009817,2022-09-11 18:00:00,2022,9,11,18,0,62,62752,D143,50.492236,1.647314,Plein jour,Hors agglomération,Hors intersection,Normale,Sans collision,3,2,2,0,1,4,1,0,1,70,1,1,0,0,1,0,21.0,,deux_roues,,1,1,1,1,7
202200009818,2022-09-13 07:40:00,2022,9,13,7,40,31,31157,Rue de la Francoy,43.545248,1.343095,Crépuscule ou aube,En agglomération,Giratoire,Temps couvert,Deux véhicules - arrière,4,2,2,0,1,4,1,0,1,50,2,2,1,0,1,0,69.0,55.0,deux_roues,voiture,2,2,6,8,2
202200009819,2022-09-12 08:45:00,2022,9,12,8,45,56,56177,Rue Jean Moulin,47.777996,-3.011176,Plein jour,En agglomération,Hors intersection,Normale,Autre collision,4,1,1,0,1,1,1,0,1,30,1,2,1,0,1,0,46.0,,voiture,,1,2,1,1,6
202200009820,2022-09-09 14:30:00,2022,9,9,14,30,74,74103,Route de megève,45.906226,6.640763,Plein jour,Hors agglomération,Hors intersection,Normale,Autre collision,3,2,2,0,2,3,1,0,3,80,1,1,0,0,0,1,30.0,,voiture,,1,1,1,1,6
202200009821,2022-09-13 10:15:00,2022,9,13,10,15,2B,2B063,Casa Soprana,42.355674,9.36577,Plein jour,Hors agglomération,Hors intersection,Normale,Autre collision,3,2,2,0,1,2,9,0,1,80,1,1,0,0,1,0,49.0,,deux_roues,,1,1,1,1,6
202200009822,2022-09-11 23:15:00,2022,9,11,23,15,82,82155,D75,44.146262,1.640117,Nuit sans éclairage public,Hors agglomération,Autre intersection,Autre,Autre collision,3,2,2,0,1,2,1,0,1,80,1,2,0,0,1,1,22.0,,voiture,,3,1,9,9,6
202200009823,2022-09-12 19:50:00,2022,9,12,19,50,82,82090,Côte de Mirabel,44.091976,1.383624,Plein jour,Hors agglomération,Hors intersection,Normale,Autre collision,3,2,2,0,2,2,1,0,1,70,1,1,0,0,1,0,37.0,,voiture,,1,1,1,1,6
202200009824,2022-09-13 12:10:00,2022,9,13,12,10,82,82134,Route de Negrepelisse,44.0818911477,1.5307672117,Plein jour,Hors agglomération,Hors intersection,Normale,Deux véhicules - arrière,3,2,2,0,2,2,1,0,3,80,2,2,1,0,1,0,38.0,50.0,deux_roues,utilitaire_camion,1,1,1,1,2
202200009825,2022-09-12 17:30:00,2022,9,12,17,30,89,89407,D965,47.853083,4.055972,Plein jour,Hors agglomération,Hors intersection,Temps éblouissant,Deux véhicules - arrière,3,2,2,0,2,2,1,0,1,80,2,2,1,0,0,1,42.0,47.0,utilitaire_camion,utilitaire_camion,1,1,1,7,2
202200009826,2022-09-10 22:20:00,2022,9,10,22,20,49,49241,D113,47.488073,-0.422491,Nuit sans éclairage public,Hors agglomération,Hors intersection,Normale,Autre collision,3,2,2,0,1,1,1,0,3,90,1,3,0,0,1,2,41.0,,voiture,,3,1,1,1,6
202200009827,2022-09-12 22:10:00,2022,9,12,22,10,41,41051,chemin de la varenne,47.336496,1.150496,Nuit sans éclairage public,Hors agglomération,Hors intersection,Normale,Autre collision,4,1,1,0,1,1,1,0,1,80,1,2,0,0,2,0,27.0,,deux_roues,,3,1,1,1,6
202200009828,2022-09-12 14:30:00,2022,9,12,14,30,31,31513,D39,43.16626,0.546009,Plein jour,Hors agglomération,Hors intersection,Normale,Deux véhicules - frontale,3,2,2,0,1,1,1,0,1,80,2,2,1,0,0,1,62.0,32.0,voiture,voiture,1,1,1,1,1
202200009829,2022-09-11 18:45:00,2022,9,11,18,45,38,38409,D1532,45.061758,5.247702,Plein jour,Hors agglomération,Hors intersection,Normale,Deux véhicules - frontale,3,2,2,0,2,3,1,0,1,80,2,2,1,0,1,0,53.0,27.0,deux_roues,voiture,1,1,1,1,1
202200009830,2022-09-12 21:15:00,2022,9,12,21,15,02,02062,,49.075272,3.305898,Crépuscule ou aube,Hors agglomération,Hors intersection,Normale,Sans collision,3,2,2,0,2,3,8,0,1,80,1,1,0,0,1,0,62.0,,deux_roues,,2,1,1,1,7
202200009831,2022-07-21 10:40:00,2022,7,21,10,40,15,15135,D120,44.993527,2.146907,Plein jour,Hors agglomération,Hors intersection,Temps éblouissant,Deux véhicules - frontale,3,2,2,0,1,1,1,0,1,90,2,2,1,0,1,0,63.0,63.0,voiture,voiture,1,1,1,7,1
202200009832,2022-09-12 19:18:00,2022,9,12,19,18,72,72305,D310,48.29415,0.07231,Crépuscule ou aube,Hors agglomération,Hors intersection,Normale,Autre collision,3,1,2,0,2,1,1,0,8,90,1,1,0,0,1,0,35.0,,voiture,,2,1,1,1,6
202200009833,2022-09-11 11:40:00,2022,9,11,11,40,72,72183,lieu dit les petits bournais,47.716869651,0.5683314798,Plein jour,Hors agglomération,Intersection en X,Normale,Deux véhicules - côté,3,2,2,0,1,2,1,0,1,80,2,3,2,0,1,0,71.0,21.0,voiture,voiture,1,1,2,1,3
202200009834,2022-09-13 13:00:00,2022,9,13,13,0,06,06125,D278,44.140326,6.752713,Plein jour,Hors agglomération,Hors intersection,Normale,Sans collision,3,2,2,0,2,3,1,0,1,80,1,1,0,0,1,0,51.0,,deux_roues,,1,1,1,1,7