accident_id,datetime,annee,mois,jour,heure,minute,departement,commune_insee,adresse,latitude,longitude,luminosite,agglomeration,intersection,meteo,collision,catr,circ,nbv,vosp,prof,plan,surf,infra,situ,vma,nb_vehicules,nb_usagers,nb_indemnes,nb_tues,nb_blesses_hosp,nb_blesses_legers,age_cond_1,age_cond_2,veh_type_cond_1,veh_type_cond_2,lum_code,agg_code,int_code,atm_code,col_code
202200009927,2022-09-11 19:40:00,2022,9,11,19,40,18,18033,22 Rue Gustave Eiffel,47.10602,2.40861,Crépuscule ou aube,En agglomération,Hors intersection,Normale,Deux véhicules - côté,4,2,2,0,1,1,1,9,1,50,2,2,1,0,1,0,13.0,41.0,deux_roues,voiture,2,2,1,1,3
202200009928,2022-10-12 17:18:00,2022,10,12,17,18,21,21166,Boulevard Henri Bazin,47.29512,5.01134,Plein jour,En agglomération,Intersection en T,Normale,Deux véhicules - côté,7,2,2,0,1,1,1,0,1,50,2,2,0,0,1,1,23.0,45.0,deux_roues,voiture,1,2,3,1,3
202200009929,2022-09-10 09:48:00,2022,9,10,9,48,17,17306,HEDDE (AVENUE DANIEL),45.63756,-1.02811,Plein jour,En agglomération,Intersection en T,Normale,Autre collision,4,-1,2,0,1,1,1,0,1,50,1,2,1,0,0,1,52.0,,utilitaire_camion,,1,2,3,1,6
202200009930,2022-09-10 18:30:00,2022,9,10,18,30,15,15014,Carrefour du Vialenc,44.916079,2.429204,Plein jour,En agglomération,Giratoire,Normale,Deux véhicules - arrière,3,-1,2,0,1,1,1,0,1,50,2,2,1,0,0,1,15.0,51.0,deux_roues,voiture,1,2,6,1,2
202200009931,2022-10-11 18:00:00,2022,10,11,18,0,19,19031,MELITOPOL (AVENUE DE),45.16051,1.51521,Plein jour,En agglomération,Intersection en Y,Normale,Deux véhicules - côté,4,1,1,0,1,1,1,0,1,50,2,2,1,0,1,0,22.0,55.0,voiture,deux_roues,1,2,4,1,3
202200009932,2022-09-11 01:00:00,2022,9,11,1,0,13,13054,AEROPORT (ROUTE DE L') DU BAOU JUSQU'A 1,43.4475666669,5.2177557349,Nuit avec éclairage allumé,En agglomération,Hors intersection,Normale,Sans collision,4,2,2,0,1,1,1,0,1,30,1,1,0,0,1,0,32.0,,deux_roues,,5,2,1,1,7
202200009933,2022-10-14 17:45:00,2022,10,14,17,45,17,17200,BRIDENELLE   CHEMIN DE LA,46.19185,-1.16613,Plein jour,Hors agglomération,Hors intersection,Normale,Deux véhicules - frontale,9,1,1,1,1,1,1,0,5,30,2,2,0,0,0,2,44.0,19.0,deux_roues,deux_roues,1,1,1,1,1
202200009934,2022-09-11 16:00:00,2022,9,11,16,0,13,13209,CONCORDE (BOULEVARD DE LA),43.2493574248,5.4022322295,Plein jour,En agglomération,Hors intersection,Normale,Deux véhicules - côté,4,2,0,0,1,1,1,0,1,50,1,2,1,0,1,0,75.0,,voiture,,1,2,1,1,3
202200009935,2022-10-14 00:55:00,2022,10,14,0,55,17,17028,D108,46.14073,-1.09691,Nuit sans éclairage public,Hors agglomération,Hors intersection,Pluie légère,Sans collision,3,2,2,0,1,2,2,0,1,80,1,1,0,0,0,1,25.0,,voiture,,3,1,1,2,7
202200009936,2022-09-11 08:45:00,2022,9,11,8,45,13,13204,AMEDEE PALMIERI (RUE),43.3154,5.40033,Plein jour,En agglomération,Hors intersection,Normale,Deux véhicules - frontale,4,2,2,0,2,1,1,0,1,50,2,2,1,0,0,1,22.0,26.0,voiture,voiture,1,2,1,1,1
202200009937,2022-10-12 19:45:00,2022,10,12,19,45,14,14366,D613,49.144461,0.263375,Nuit avec éclairage allumé,En agglomération,Giratoire,Normale,Autre collision,3,-1, -1,0,1,1,1,5,1,50,1,2,0,0,1,0,,,autre,,5,2,6,1,6
202200009938,2022-10-11 13:55:00,2022,10,11,13,55,14,14366,Rue Henri Cheron,49.145555,0.224598,Plein jour,En agglomération,Hors intersection,Normale,Autre collision,4,2,2,0,1,1,1,0,1,30,1,2,1,0,0,1,37.0,,utilitaire_camion,,1,2,1,1,6
202200009939,2022-09-01 10:20:00,2022,9,1,10,20,13,13063,ARISTIDE BRIAND BOULEVARD,43.5804938214,5.0032396695,Plein jour,En agglomération,Hors intersection,Normale,Trois véhicules et plus - collisions multiples,4,2,1,0,1,1,1,0,1,50,3,3,2,0,0,1,54.0,56.0,utilitaire_camion,voiture,1,2,1,1,5
202200009940,2022-09-10 17:10:00,2022,9,10,17,10,13,13001,JAS DE BOUFFAN (AV DU),43.52853,5.42919,Plein jour,En agglomération,Hors intersection,Normale,Deux véhicules - côté,7,3,5,0,1,1,1,0,1,30,2,2,1,0,0,1,63.0,44.0,voiture,voiture,1,2,1,1,3
202200009941,2022-10-07 07:45:00,2022,10,7,7,45,14,14437,D513A,49.177035,-0.330192,Crépuscule ou aube,En agglomération,Hors intersection,Normale,Autre collision,3,2,2,0,1,1,1,0,6,50,1,2,1,0,0,1,70.0,,voiture,,2,2,1,1,6
202200009942,2022-09-10 12:40:00,2022,9,10,12,40,09,09225,9° R.C.P. AVENUE DU,43.11536,1.62217,Plein jour,En agglomération,Hors intersection,Normale,Autre collision,3,2,2,0,1,1,1,0,1,50,1,1,0,0,1,0,30.0,,voiture,,1,2,1,1,6
202200009943,2022-10-08 10:34:00,2022,10,8,10,34,14,14118,Rue d’Authie,49.189517,-0.395515,Plein jour,En agglomération,Autre intersection,Normale,Deux véhicules - côté,4,-1,2,0,1,1,1,5,1,50,2,2,1,0,0,1,67.0,60.0,voiture,deux_roues,1,2,9,1,3
202200009944,2022-09-11 05:25:00,2022,9,11,5,25,06,06029,ANTIBES (RUE D'),43.55213,7.02623,Crépuscule ou aube,En agglomération,Intersection en T,Normale,Deux véhicules - côté,4,1,1,0,1,1,1,0,1,30,2,3,1,0,0,2,72.0,17.0,voiture,deux_roues,2,2,3,1,3
202200009945,2022-10-14 15:50:00,2022,10,14,15,50,13,13215,SAINT ANTOINE (AVENUE DE),43.38133,5.35775,Plein jour,En agglomération,Hors intersection,Normale,Deux véhicules - frontale,4,2,2,0,1,1,1,0,1,50,1,2,0,0,1,1,18.0,,deux_roues,,1,2,1,1,1
202200009946,2022-09-09 12:08:00,2022,9,9,12,8,05,05061,CAPITAINE DE BRESSON ( RUE DU ),44.5599,6.08405,Plein jour,En agglomération,Autre intersection,Normale,Deux véhicules - côté,4,2,1,0,1,1,1,5,1,50,2,2,1,0,1,0,50.0,74.0,deux_roues,voiture,1,2,9,1,3
202200009947,2022-10-14 11:49:00,2022,10,14,11,49,13,13212,24 AVRIL 15 (AVENUE DU),43.30832,5.43605,Plein jour,En agglomération,Hors intersection,Normale,Autre collision,4,2,2,0,1,1,1,0,1,50,1,2,1,1,0,0,43.0,,voiture,,1,2,1,1,6
202200009948,2022-09-11 16:15:00,2022,9,11,16,15,75,75120,BD PERIPHERIQUE INTERIEUR,48.858133,2.41411,Plein jour,En agglomération,Hors intersection,Normale,Deux véhicules - côté,4,1,4,0,1,1,1,0,1,70,2,2,1,0,0,1,51.0,20.0,deux_roues,voiture,1,2,1,1,3
202200009949,2022-10-13 23:50:00,2022,10,13,23,50,13,13208,PIERRE GUERRE (ROND-POINT),43.25036,5.38909,Nuit avec éclairage allumé,En agglomération,Giratoire,Normale,Deux véhicules - frontale,4,1,2,0,2,2,1,0,1,50,1,1,0,0,1,0,45.0,,deux_roues,,5,2,6,1,1
202200009950,2022-09-11 06:15:00,2022,9,11,6,15,75,75116,BD PERIPHERIQUE INTERIEUR,48.834995,2.26404,Nuit avec éclairage allumé,En agglomération,Hors intersection,Normale,Autre collision,4,1,4,0,1,1,1,0,1,70,1,1,0,0,0,1,44.0,,voiture,,5,2,1,1,6
202200009951,2022-09-11 13:15:00,2022,9,11,13,15,75,75118,BOULEVARD BARBES,48.890772,2.349633,Plein jour,En agglomération,Hors intersection,Normale,Autre collision,4,2,4,0,2,1,1,0,1,30,1,2,1,0,0,1,21.0,,voiture,,1,2,1,1,6
202200009952,2022-10-14 03:45:00,2022,10,14,3,45,13,13001,HAUT DU COURS MIRABEAU (PLACE),43.5269,5.44987,Nuit avec éclairage allumé,En agglomération,Hors intersection,Normale,Sans collision,4,2,2,0,1,1,1,0,1,50,1,2,0,0,1,1,19.0,,deux_roues,,5,2,1,1,7
202200009953,2022-09-11 19:00:00,2022,9,11,19,0,75,75116,AVENUE RAYMOND POINCARE,48.8667,2.28612,Crépuscule ou aube,En agglomération,Hors intersection,Normale,Deux véhicules - côté,4,2,2,0,1,1,1,0,1,50,2,2,1,0,0,1,26.0,40.0,voiture,deux_roues,2,2,1,1,3
202200009954,2022-10-14 07:40:00,2022,10,14,7,40,11,11069,RD 6113,43.20414,2.41259,Nuit sans éclairage public,Hors agglomération,Hors intersection,Normale,Deux véhicules - arrière,3,1,3,0,1,1,2,0,1,70,2,2,1,0,1,0,22.0,59.0,deux_roues,utilitaire_camion,3,1,1,1,2
202200009955,2022-09-11 12:40:00,2022,9,11,12,40,75,75115,RUE ROBERT DE FLERS,48.850185,2.284907,Plein jour,En agglomération,Intersection en X,Normale,Deux véhicules - côté,4,2,2,0,1,1,1,0,1,30,2,3,1,0,0,2,25.0,26.0,voiture,voiture,1,2,2,1,3
202200009956,2022-10-14 09:25:00,2022,10,14,9,25,10,10387,VOULDY (CHAUSSEE DU),48.2905,4.0921,Plein jour,En agglomération,Hors intersection,Pluie légère,Deux véhicules - côté,4,2,2,0,1,1,2,0,1,50,2,2,1,0,0,1,63.0,22.0,voiture,voiture,1,2,1,2,3
202200009957,2022-10-14 05:30:00,2022,10,14,5,30,10,10387,Place Robert Galley,48.28961,4.06781,Nuit avec éclairage allumé,En agglomération,Giratoire,Temps couvert,Sans collision,4,1,2,1,1,2,2,0,1,50,1,1,0,0,0,1,15.0,,deux_roues,,5,2,6,8,7
202200009958,2022-09-11 10:25:00,2022,9,11,10,25,75,75115,QUAI DE GRENELLE,48.853715,2.287683,Plein jour,En agglomération,Intersection en T,Normale,Trois véhicules et plus - collisions multiples,4,2,4,0,1,1,1,0,1,30,3,4,2,0,0,2,51.0,53.0,voiture,deux_roues,1,2,3,1,5
202200009959,2022-10-14 02:00:00,2022,10,14,2,0,10,10387,CHARMILLES (MAIL DES),48.29669,4.08572,Nuit avec éclairage allumé,En agglomération,Intersection en X,Normale,Autre collision,4,2,2,0,2,1,2,2,4,50,2,2,0,0,0,1,20.0,,voiture,voiture,5,2,2,1,6
202200009960,2022-09-11 11:02:00,2022,9,11,11,2,75,75113,AVENUE D ITALIE,48.826182,2.357272,Plein jour,En agglomération,Intersection en X,Normale,Deux véhicules - arrière,4,2,6,0,1,1,1,0,1,30,2,3,1,0,0,2,47.0,66.0,voiture,deux_roues,1,2,2,1,2
202200009961,2022-10-13 13:51:00,2022,10,13,13,51,10,10387,VERDUN (RUE DE),48.27898,4.07531,Plein jour,En agglomération,Intersection en T,Pluie légère,Deux véhicules - côté,4,2,2,0,1,1,1,0,1,50,2,2,1,0,0,1,18.0,35.0,deux_roues,voiture,1,2,3,2,3
202200009962,2022-09-11 16:30:00,2022,9,11,16,30,75,75112,BOULEVARD DE BERCY,48.838605,2.381218,Plein jour,En agglomération,Intersection en T,Normale,Deux véhicules - côté,4,2,5,1,1,1,1,-1,5,30,2,2,1,0,0,1,62.0,33.0,voiture,deux_roues,1,2,3,1,3
202200009963,2022-09-10 23:25:00,2022,9,10,23,25,75,75110,RUE DU FAUBOURG SAINT MARTIN,48.883478,2.368103,Nuit avec éclairage allumé,En agglomération,Hors intersection,Temps couvert,Deux véhicules - côté,4,2,2,0,1,1,2,0,1,30,2,2,1,0,0,1,51.0,48.0,deux_roues,voiture,5,2,1,8,3
202200009964,2022-10-14 14:30:00,2022,10,14,14,30,09,09225,BELPECH ROUTE DE,43.117142,1.634921,Plein jour,Hors agglomération,Hors intersection,Normale,Deux véhicules - côté,3,2,2,0,1,1,1,0,1,80,2,4,3,0,1,0,50.0,18.0,deux_roues,voiture,1,1,1,1,3
202200009965,2022-09-11 06:23:00,2022,9,11,6,23,94,94074,HENRI BARBUSSE (AV),48.766465,2.44127,Crépuscule ou aube,En agglomération,Hors intersection,Brouillard / fumée,Deux véhicules - côté,2,3,2,0,1,1,1,9,1,50,1,2,1,0,0,1,23.0,,voiture,,2,2,1,5,3
202200009966,2022-10-14 14:15:00,2022,10,14,14,15,06,06029,PICAUD (AVENUE DR) BOCCA,43.55057,6.99562,Plein jour,En agglomération,Hors intersection,Normale,Deux véhicules - côté,4,2,2,0,1,1,1,0,1,30,2,2,1,0,1,0,77.0,45.0,voiture,deux_roues,1,2,1,1,3
202200009967,2022-09-11 18:35:00,2022,9,11,18,35,94,94041,REPUBLIQUE (AV DE LA),48.80241,2.39738,Plein jour,En agglomération,Intersection en T,Normale,Deux véhicules - côté,3,2,4,0,1,1,1,0,1,50,1,2,1,0,0,1,,,voiture,,1,2,3,1,3
202200009968,2022-10-14 09:30:00,2022,10,14,9,30,06,06123,AICARD AVENUE,43.683747,7.184409,Plein jour,En agglomération,Hors intersection,Normale,Deux véhicules - côté,4,-1,2,0,1,1,1,0,1,50,2,2,1,0,0,1,54.0,86.0,deux_roues,voiture,1,2,1,1,3
202200009969,2022-09-11 20:00:00,2022,9,11,20,0,94,94073,Avenue de l’Europe,48.757,2.3691,Crépuscule ou aube,En agglomération,Hors intersection,Normale,Autre collision,6,4,0,0,1,1,1,0,8,30,1,3,2,0,0,1,31.0,,voiture,,2,2,1,1,6
202200009970,2022-09-11 16:30:00,2022,9,11,16,30,94,94002,115 VAILLANT COUTURIER (R),48.80883,2.41761,Plein jour,En agglomération,Hors intersection,Normale,Autre collision,4,1,1,0,1,1,1,0,1,50,1,2,1,0,1,0,25.0,,voiture,,1,2,1,1,6
202200009971,2022-10-14 13:41:00,2022,10,14,13,41,05,05061,EMBRUN ( AVENUE D'),44.568629181,6.1000353098,Plein jour,En agglomération,Hors intersection,Normale,Deux véhicules - arrière,2,2,2,0,1,1,1,0,1,50,2,2,1,0,1,0,19.0,60.0,deux_roues,voiture,1,2,1,1,2
202200009972,2022-10-14 07:15:00,2022,10,14,7,15,93,93050,Avenue du Dauphine,48.8695242822,2.5333317484,Nuit avec éclairage allumé,En agglomération,Hors intersection,Pluie légère,Autre collision,4,2,2,2,1,1,2,0,1,50,1,2,1,0,0,1,44.0,,utilitaire_camion,,5,2,1,2,6
202200009973,2022-09-11 08:05:00,2022,9,11,8,5,93,93073,Aeroport Charles de Gaulle,49.00569,2.53882,Plein jour,Hors agglomération,Hors intersection,Temps éblouissant,Deux véhicules - arrière,9,1,4,0,1,1,1,0,1,70,2,2,1,0,0,1,30.0,71.0,voiture,voiture,1,1,1,7,2
202200009974,2022-10-14 13:50:00,2022,10,14,13,50,75,75119,PORTE DE PANTIN,48.892725,2.395528,Plein jour,En agglomération,Hors intersection,Pluie légère,Deux véhicules - arrière,4,1,4,0,1,1,2,0,1,70,2,2,1,0,0,1,56.0,46.0,voiture,voiture,1,2,1,2,2
202200009975,2022-09-11 17:08:00,2022,9,11,17,8,93,93027,Rue de l'Abreuvoir,48.93131,2.39427,Plein jour,En agglomération,Hors intersection,Normale,Deux véhicules - côté,4,2,2,0,1,1,1,0,1,50,2,2,1,0,0,1,64.0,18.0,voiture,deux_roues,1,2,1,1,3
202200009976,2022-09-11 03:50:00,2022,9,11,3,50,93,93031,Boulevard Foch,48.9486991297,2.3306828375,Nuit avec éclairage allumé,En agglomération,Hors intersection,Normale,Autre collision,3,2,2,0,1,1,1,0,8,50,1,1,0,0,0,1,27.0,,voiture,,5,2,1,1,6
202200009977,2022-09-11 20:25:00,2022,9,11,20,25,93,93001,Avenue de la République,48.9092253717,2.386613313,Nuit avec éclairage allumé,En agglomération,Hors intersection,Autre,Autre collision,3,2,2,0,1,1,2,0,1,50,1,2,1,0,1,0,53.0,,voiture,,5,2,1,9,6
202200009978,2022-10-14 13:12:00,2022,10,14,13,12,75,75112,BOULEVARD PERIPHERIQUE,48.845831,2.414209,Plein jour,En agglomération,Hors intersection,Pluie légère,Trois véhicules et plus - en chaîne,4,-1,4,0,1,1,2,0,1,70,4,9,4,0,0,5,46.0,44.0,utilitaire_camion,voiture,1,2,1,2,4
202200009979,2022-09-11 02:45:00,2022,9,11,2,45,93,93031,Rue de Paris / Rue du Maréchal Maison,48.9530247619,2.3125816524,Nuit avec éclairage allumé,En agglomération,Intersection en T,Brouillard / fumée,Deux véhicules - frontale,4,2,2,0,1,1,2,0,1,50,2,2,1,0,1,0,43.0,32.0,voiture,deux_roues,5,2,3,5,1
202200009980,2022-10-14 05:30:00,2022,10,14,5,30,75,75112,ECHANGEUR BERCY,48.828040513,2.3914951086,Nuit avec éclairage allumé,En agglomération,Hors intersection,Pluie légère,Autre collision,4,1,2,0,1,2,2,0,1,50,1,1,0,0,0,1,86.0,,voiture,,5,2,1,2,6
202200009981,2022-09-10 23:17:00,2022,9,10,23,17,93,93007,Avenue du 8 Mai 1945 / Rue de l'Abbé Niort,48.9406488034,2.4311631326,Nuit avec éclairage allumé,En agglomération,Intersection en X,Temps couvert,Autre collision,3,2,4,0,1,1,2,5,1,50,1,2,1,0,0,1,76.0,,voiture,,5,2,2,8,6
202200009982,2022-10-12 12:10:00,2022,10,12,12,10,75,75116,BOULEVARD PERIPHERIQUE,48.861171,2.263891,Plein jour,En agglomération,Hors intersection,Normale,Trois véhicules et plus - en chaîne,4,1,4,0,1,1,1,0,1,70,4,4,3,0,0,1,36.0,37.0,voiture,voiture,1,2,1,1,4
202200009983,2022-09-10 22:30:00,2022,9,10,22,30,92,92046,MARECHAL LECLERC (AVENUE DU),48.82073,2.30995,Nuit avec éclairage allumé,En agglomération,Intersection en T,Normale,Sans collision,4,2,2,0,1,1,2,0,4,30,2,2,1,0,0,1,21.0,50.0,deux_roues,voiture,5,2,3,1,7
202200009984,2022-10-14 09:15:00,2022,10,14,9,15,75,75105,RUE SOUFFLOT,48.847323,2.34093,Plein jour,En agglomération,Intersection en T,Pluie légère,Deux véhicules - côté,4,2,2,2,2,3,2,0,1,30,2,2,1,0,0,1,28.0,28.0,deux_roues,utilitaire_camion,1,2,3,2,3
202200009985,2022-09-11 14:30:00,2022,9,11,14,30,92,92026,11 NOVEMBRE ( AVENUE ),48.9024145204,2.2751065492,Plein jour,En agglomération,Hors intersection,Normale,Autre collision,3,2,3,0,1,1,1,0,1,50,1,3,2,0,0,1,21.0,,voiture,,1,2,1,1,6
202200009986,2022-10-13 16:40:00,2022,10,13,16,40,75,75105,QUAI DE LA TOURNELLE,48.851116,2.351328,Plein jour,En agglomération,Intersection en T,Pluie légère,Deux véhicules - côté,4,1,2,0,1,1,2,0,1,30,2,2,1,0,0,1,,31.0,voiture,deux_roues,1,2,3,2,3
202200009987,2022-09-11 16:00:00,2022,9,11,16,0,92,92024,AVENIR (RUE DE L') DE (36 A 42)   (37 A,48.9036,2.30048,Plein jour,En agglomération,Hors intersection,Normale,Deux véhicules - côté,4,1,1,0,1,1,1,0,1,30,2,3,2,0,0,1,55.0,22.0,deux_roues,voiture,1,2,1,1,3
202200009988,2022-09-10 17:35:00,2022,9,10,17,35,974,97415,Route Nationale 1,-20.988743,55.290037,Plein jour,Hors agglomération,Hors intersection,Normale,Autre collision,2,3,2,0,1,1,1,0,1,90,1,2,1,0,1,0,45.0,,utilitaire_camion,,1,1,1,1,6
202200009989,2022-10-13 17:15:00,2022,10,13,17,15,75,75117,AVENUE DES TERNES,48.879443,2.290787,Nuit avec éclairage allumé,En agglomération,Place,Pluie légère,Autre collision,4,2,4,3,1,1,2,0,1,30,1,2,1,0,0,1,21.0,,deux_roues,,5,2,7,2,6
202200009990,2022-09-11 07:40:00,2022,9,11,7,40,35,35289,Pont Monvoisin,47.867254,-1.789854,Plein jour,Hors agglomération,Hors intersection,Temps éblouissant,Autre collision,3,2,2,0,1,1,1,0,3,70,1,3,2,0,1,0,19.0,,voiture,,1,1,1,7,6
202200009991,2022-10-13 08:20:00,2022,10,13,8,20,75,75116,RUE DE BOULAINVILLIERS,48.856279,2.274876,Plein jour,En agglomération,Intersection en Y,Normale,Autre collision,4,1,1,0,2,1,1,0,1,30,1,2,1,0,0,1,48.0,,deux_roues,,1,2,4,1,6
202200009992,2022-09-11 00:50:00,2022,9,11,0,50,84,84142,D938,43.955958,5.043663,Nuit sans éclairage public,Hors agglomération,Intersection en X,Normale,Deux véhicules - côté,3,2,2,0,1,1,1,0,3,80,1,1,0,0,1,0,27.0,,voiture,,3,1,2,1,3
202200009993,2022-10-14 22:00:00,2022,10,14,22,0,75,75115,BOULEVARD DE GRENELLE,48.850414,2.294064,Nuit avec éclairage allumé,En agglomération,Intersection en T,Pluie légère,Autre collision,4,1,1,0,1,1,2,0,1,30,1,2,1,0,0,1,20.0,,voiture,,5,2,3,2,6
202200009994,2022-09-07 20:30:00,2022,9,7,20,30,62,62736,Rue des Sûres,50.64658,2.769715,Nuit sans éclairage public,Hors agglomération,Hors intersection,Normale,Autre collision,4,2,1,0,1,1,1,0,3,50,1,1,0,0,1,0,48.0,,voiture,,3,1,1,1,6
202200009995,2022-10-13 22:00:00,2022,10,13,22,0,75,75114,BOULEVARD EDGAR QUINET,48.840109,2.32772,Nuit avec éclairage allumé,En agglomération,Hors intersection,Pluie légère,Deux véhicules - côté,4,3,2,0,1,1,2,0,1,30,2,2,1,0,0,1,35.0,26.0,deux_roues,deux_roues,5,2,1,2,3
202200009996,2022-09-11 16:45:00,2022,9,11,16,45,14,14027,D54,49.0164929647,-0.6310905218,Plein jour,Hors agglomération,Hors intersection,Normale,Deux véhicules - frontale,3,2,2,0,2,4,1,0,1,80,2,3,2,0,1,0,51.0,13.0,voiture,deux_roues,1,1,1,1,1
202200009997,2022-10-14 16:30:00,2022,10,14,16,30,75,75112,AVENUE DAUMESNIL,48.838188,2.399418,Plein jour,En agglomération,Intersection en T,Pluie légère,Autre collision,4,2,4,0,1,1,2,9,1,30,1,2,1,0,0,1,74.0,,voiture,,1,2,3,2,6
202200009998,2022-09-11 16:00:00,2022,9,11,16,0,72,72231,lieu dit le poste avance,47.893813,0.410528,Plein jour,Hors agglomération,Autre intersection,Normale,Deux véhicules - frontale,3,2,2,0,1,1,1,0,1,90,2,3,0,0,1,2,46.0,18.0,voiture,voiture,1,1,9,1,1
202200009999,2022-10-14 13:15:00,2022,10,14,13,15,75,75112,COURS DES MARECHAUX,48.84254,2.43835,Plein jour,En agglomération,Intersection en T,Pluie légère,Autre collision,4,1,1,0,1,1,2,0,1,30,1,2,1,0,0,1,32.0,,utilitaire_camion,,1,2,3,2,6
202200010000,2022-09-12 10:20:00,2022,9,12,10,20,44,44089,10 Les Chaillereaux,47.327503,-1.882149,Plein jour,Hors agglomération,Intersection en T,Normale,Deux véhicules - côté,3,2,2,0,1,1,1,0,1,70,2,2,1,0,0,1,54.0,38.0,utilitaire_camion,voiture,1,1,3,1,3
202200010001,2022-09-11 17:30:00,2022,9,11,17,30,21,21439,D977bis,47.264298,4.648542,Plein jour,Hors agglomération,Hors intersection,Normale,Sans collision,3,2,2,0,1,2,1,0,3,80,1,2,0,0,2,0,57.0,,deux_roues,,1,1,1,1,7
202200010002,2022-10-14 13:00:00,2022,10,14,13,0,75,75111,BOULEVARD VOLTAIRE,48.863765,2.370117,Plein jour,En agglomération,Intersection en X,Pluie légère,Deux véhicules - côté,4,2,4,0,1,1,2,0,1,30,2,2,1,0,0,1,21.0,52.0,deux_roues,deux_roues,1,2,2,2,3
202200010003,2022-09-09 07:35:00,2022,9,9,7,35,51,51514,D53,48.698736,3.766433,Plein jour,Hors agglomération,Intersection en X,Normale,Deux véhicules - côté,3,2,2,0,1,1,1,0,1,90,2,2,1,0,0,1,20.0,52.0,voiture,utilitaire_camion,1,1,2,1,3
202200010004,2022-10-14 09:30:00,2022,10,14,9,30,75,75110,BOULEVARD DE BONNE NOUVELLE,48.8697773361,2.3522785306,Plein jour,En agglomération,Intersection en X,Pluie légère,Deux véhicules - côté,4,2,4,0,1,1,2,0,1,50,2,2,0,0,0,2,25.0,29.0,deux_roues,deux_roues,1,2,2,2,3
202200010005,2022-09-11 12:45:00,2022,9,11,12,45,59,59647,D26,50.8290264818,2.2190022469,Plein jour,Hors agglomération,Hors intersection,Normale,Sans collision,3,2,2,0,1,2,1,0,3,80,1,1,0,0,1,0,60.0,,deux_roues,,1,1,1,1,7
202200010006,2022-08-15 18:00:00,2022,8,15,18,0,94,94081,YOURI GAGARINE (AV),48.78612,2.39185,Plein jour,En agglomération,Intersection en T,Normale,Deux véhicules - côté,3,2,8,0,1,1,1,5,1,50,2,2,1,0,0,1,30.0,35.0,voiture,voiture,1,2,3,1,3
202200010007,2022-09-11 15:20:00,2022,9,11,15,20,71,71248,Route départementale 37,46.5536,4.938655,Plein jour,Hors agglomération,Intersection en X,Normale,Deux véhicules - côté,3,2,1,0,1,1,1,0,1,80,2,2,0,0,2,0,27.0,60.0,deux_roues,voiture,1,1,2,1,3
202200010008,2022-10-14 11:15:00,2022,10,14,11,15,94,94078,CHOISY (AV DE),48.751614,2.432289,Plein jour,En agglomération,Hors intersection,Pluie légère,Deux véhicules - arrière,3,2,2,0,1,1,2,0,1,50,2,2,0,0,0,2,33.0,40.0,voiture,voiture,1,2,1,2,2
202200010009,2022-09-09 18:15:00,2022,9,9,18,15,47,47143,Avenue du Général De Gaulle,44.177584,0.295698,Plein jour,En agglomération,Hors intersection,Normale,Autre collision,3,2,2,0,1,1,1,0,1,50,1,3,2,0,0,1,59.0,,voiture,,1,2,1,1,6
202200010010,2022-10-13 08:50:00,2022,10,13,8,50,94,94068,SAINT LOUIS (AV),48.78829,2.50666,Plein jour,En agglomération,Intersection en X,Normale,Deux véhicules - côté,4,2,2,0,1,1,1,0,1,30,2,2,1,0,0,1,48.0,31.0,voiture,voiture,1,2,2,1,3
202200010011,2022-09-11 14:30:00,2022,9,11,14,30,68,68017,D419,47.628449,7.148495,Plein jour,Hors agglomération,Intersection en T,Normale,Deux véhicules - côté,3,2,2,0,2,2,1,0,1,80,2,3,2,0,1,0,31.0,73.0,utilitaire_camion,voiture,1,1,3,1,3
202200010012,2022-07-16 10:00:00,2022,7,16,10,0,22,22195,Place du Château,48.841835,-3.138834,Plein jour,En agglomération,Intersection en X,Normale,Deux véhicules - côté,3,2,2,0,1,3,1,0,1,30,1,2,1,0,0,1,53.0,,voiture,,1,2,2,1,3
202200010013,2022-10-14 07:35:00,2022,10,14,7,35,94,94058,PIERRE BROSSOLETTE - PONT DE BRY (AV),48.83546,2.49553,Nuit avec éclairage allumé,En agglomération,Hors intersection,Temps couvert,Deux véhicules - côté,3,2,2,0,1,1,2,0,1,50,2,2,1,0,0,1,26.0,64.0,deux_roues,utilitaire_camion,5,2,1,8,3
202200010014,2022-09-12 01:00:00,2022,9,12,1,0,44,44007,La Haie,47.668021,-1.986133,Nuit avec éclairage non allumé,Hors agglomération,Hors intersection,Normale,Autre collision,3,2,2,0,1,1,1,0,3,80,1,2,1,0,1,0,19.0,,voiture,,4,1,1,1,6
202200010015,2022-10-14 09:40:00,2022,10,14,9,40,94,94046,EDMOND NOCARD (R),48.8134,2.4298,Plein jour,En agglomération,Hors intersection,Pluie légère,Deux véhicules - côté,4,1,1,0,1,1,2,0,1,50,1,2,1,0,0,1,,,voiture,,1,2,1,2,3
202200010016,2022-09-01 19:20:00,2022,9,1,19,20,29,29188,21 Rue de l'Abbesse,48.705668,-3.830055,Plein jour,Hors agglomération,Intersection en T,Pluie légère,Autre collision,3,2, -1,-1,1,2,2,5,1,-1,1,2,1,0,1,0,77.0,,voiture,,1,1,3,2,6
202200010017,2022-10-14 17:30:00,2022,10,14,17,30,94,94073,VERSAILLES (AV DE),48.75719,2.38841,Plein jour,En agglomération,Autre intersection,Pluie forte,Deux véhicules - arrière,3,1,2,0,3,1,2,9,1,50,2,2,1,0,0,1,46.0,34.0,deux_roues,voiture,1,2,9,3,2
202200010018,2022-09-10 17:00:00,2022,9,10,17,0,29,29062,Meilh an Abad,48.155236,-4.013786,Plein jour,Hors agglomération,Hors intersection,Normale,Sans collision,3,2,2,0,1,2,1,0,1,80,1,1,0,0,1,0,21.0,,deux_roues,,1,1,1,1,7