accident_id,datetime,annee,mois,jour,heure,minute,departement,commune_insee,adresse,latitude,longitude,luminosite,agglomeration,intersection,meteo,collision,catr,circ,nbv,vosp,prof,plan,surf,infra,situ,vma,nb_vehicules,nb_usagers,nb_indemnes,nb_tues,nb_blesses_hosp,nb_blesses_legers,age_cond_1,age_cond_2,veh_type_cond_1,veh_type_cond_2,lum_code,agg_code,int_code,atm_code,col_code
202200010019,2022-10-14 17:50:00,2022,10,14,17,50,94,94033,Avenue du Maréchal de Lattre de Tassigny,48.8558231349,2.4923456995,Plein jour,En agglomération,Hors intersection,Pluie légère,Deux véhicules - côté,3,3,4,0,1,1,2,0,1,50,2,2,1,0,0,1,27.0,27.0,deux_roues,voiture,1,2,1,2,3
202200010020,2022-09-12 08:15:00,2022,9,12,8,15,38,38450,D1532,45.291728,5.576581,Plein jour,Hors agglomération,Intersection en T,Normale,Deux véhicules - côté,3,2,1,0,1,1,1,0,1,90,2,2,0,1,0,1,81.0,25.0,voiture,deux_roues,1,1,3,1,3
202200010021,2022-10-14 08:15:00,2022,10,14,8,15,94,94033,Rue d'Estienne d'Orves,48.8525,2.4555,Plein jour,En agglomération,Hors intersection,Temps couvert,Autre collision,4,1,1,0,2,3,2,9,4,50,1,1,0,0,0,1,15.0,,deux_roues,,1,2,1,8,6
202200010022,2022-10-13 18:35:00,2022,10,13,18,35,94,94028,Avenue du Maréchal de Lattre de Tassigny,48.7955592694,2.4587275305,Plein jour,En agglomération,Hors intersection,Pluie légère,Autre collision,3,2,4,0,1,1,2,0,1,50,1,2,1,0,1,0,31.0,,deux_roues,,1,2,1,2,6
202200010023,2022-10-14 14:50:00,2022,10,14,14,50,94,94054,Route Charles Tillon / Avenue de la Victoire,48.74513,2.38597,Plein jour,En agglomération,Intersection en T,Pluie légère,Deux véhicules - arrière,3,3,4,0,1,1,2,0,1,50,2,2,1,0,0,1,24.0,46.0,voiture,deux_roues,1,2,3,2,2
202200010024,2022-10-14 07:49:00,2022,10,14,7,49,94,94022,Rue Jean Jaures,48.76612,2.41163,Nuit avec éclairage allumé,En agglomération,Hors intersection,Pluie légère,Deux véhicules - côté,3,3,6,3,1,1,2,2,1,50,2,2,1,0,0,1,18.0,44.0,deux_roues,voiture,5,2,1,2,3
202200010025,2022-10-14 17:30:00,2022,10,14,17,30,94,94018,Quai des Carrieres / Rue du Pont,48.8178251682,2.4195215106,Plein jour,En agglomération,Intersection en X,Pluie légère,Deux véhicules - arrière,3,2,4,0,1,1,2,0,1,30,2,4,3,0,1,0,45.0,42.0,voiture,voiture,1,2,2,2,2
202200010026,2022-10-13 19:45:00,2022,10,13,19,45,94,94017,Avenue Roger Salengro / Rue du Chemin Vert,48.8166759662,2.4996230006,Crépuscule ou aube,En agglomération,Intersection en T,Pluie légère,Deux véhicules - arrière,3,3,3,0,1,1,2,0,1,50,2,2,1,0,0,1,37.0,29.0,deux_roues,deux_roues,2,2,3,2,2
202200010027,2022-10-14 14:20:00,2022,10,14,14,20,93,93078,Route de Tremblay / Rue Jacques Balmat,48.96725,2.5428,Plein jour,En agglomération,Intersection en T,Pluie légère,Autre collision,4,2,2,0,1,1,2,5,4,50,1,1,0,0,0,1,23.0,,voiture,,1,2,3,2,6
202200010028,2022-10-14 10:40:00,2022,10,14,10,40,93,93066,Avenue de Stalingrad,48.945500898,2.3638489494,Plein jour,En agglomération,Intersection en X,Pluie légère,Autre collision,3,2,4,0,1,1,2,0,8,50,1,2,1,0,0,1,42.0,,transport_commun,,1,2,2,2,6
202200010029,2022-10-14 07:35:00,2022,10,14,7,35,93,93066,Avenue du Colonel Fabien / Rue Max Jacob,48.9448267804,2.3534741511,Crépuscule ou aube,En agglomération,Intersection en T,Temps couvert,Autre collision,3,3,4,3,1,1,2,0,1,80,1,2,1,0,0,1,,,utilitaire_camion,,2,2,3,8,6
202200010030,2022-10-14 18:00:00,2022,10,14,18,0,93,93055,Avenue Jean Jaurès,48.90319,2.39169,Plein jour,En agglomération,Autre intersection,Pluie légère,Autre collision,3,3,2,1,1,1,2,6,1,50,1,2,1,0,0,1,,,utilitaire_camion,,1,2,9,2,6
202200010031,2022-10-13 12:07:00,2022,10,13,12,7,93,93008,Avenue Henri Barbusse,48.91254,2.43597,Plein jour,En agglomération,Passage à niveau,Normale,Deux véhicules - arrière,3,2,2,0,1,1,1,0,1,50,2,2,1,0,0,1,33.0,36.0,voiture,voiture,1,2,8,1,2
202200010032,2022-10-14 16:35:00,2022,10,14,16,35,93,93051,Avenue du Pave Neuf / Rue du Docteur Vaillant,48.83691,2.56277,Plein jour,En agglomération,Intersection en T,Pluie légère,Deux véhicules - frontale,3,2,4,2,1,2,2,0,1,50,2,2,1,0,0,1,18.0,31.0,voiture,voiture,1,2,3,2,1
202200010033,2022-10-14 09:15:00,2022,10,14,9,15,93,93048,Rue de Rosny,48.8661678595,2.4549892917,Plein jour,En agglomération,Hors intersection,Pluie légère,Deux véhicules - côté,4,2,2,2,1,1,2,0,1,50,2,2,1,0,0,1,29.0,25.0,voiture,deux_roues,1,2,1,2,3
202200010034,2022-10-14 08:28:00,2022,10,14,8,28,93,93045,Rue de Romainville,48.8773821493,2.4162352997,Plein jour,En agglomération,Hors intersection,Pluie légère,Autre collision,4,1,1,0,1,1,2,0,1,30,1,2,1,0,0,1,35.0,,deux_roues,,1,2,1,2,6
202200010035,2022-10-14 06:15:00,2022,10,14,6,15,93,93032,Avenue de la Pepinière / Avenue du Dragon,48.8784669669,2.565299215,Crépuscule ou aube,En agglomération,Giratoire,Pluie légère,Deux véhicules - côté,4,2,1,0,1,1,2,0,1,50,2,3,2,0,0,1,43.0,63.0,voiture,voiture,2,2,6,2,3
202200010036,2022-10-14 19:00:00,2022,10,14,19,0,93,93007,Avenue Diderot,48.9446237566,2.4367386682,Nuit avec éclairage allumé,En agglomération,Hors intersection,Pluie légère,Deux véhicules - côté,4,2,2,0,1,1,2,0,1,50,2,2,1,0,0,1,27.0,47.0,deux_roues,voiture,5,2,1,2,3
202200010037,2022-10-14 23:00:00,2022,10,14,23,0,93,93001,Avenue Victor Hugo / Rue Villebois Mareuil,48.9117643514,2.3796133113,Nuit avec éclairage allumé,En agglomération,Intersection en T,Pluie légère,Deux véhicules - frontale,3,2,4,0,1,1,2,5,1,50,2,2,1,0,0,1,25.0,25.0,voiture,deux_roues,5,2,3,2,1
202200010038,2022-10-14 20:42:00,2022,10,14,20,42,92,92078,VERDUN (AVENUE) (PAIRS 92 ET PLUS),48.9354242657,2.3305832147,Nuit avec éclairage allumé,En agglomération,Hors intersection,Pluie légère,Deux véhicules - arrière,3,1,2,0,1,1,2,0,1,50,2,3,2,0,0,1,,19.0,voiture,voiture,5,2,1,2,2
202200010039,2022-10-14 17:00:00,2022,10,14,17,0,92,92051,"VILLIERS (RUE DE, N° 59 BIS A 91)",48.8924417764,2.2772893309,Plein jour,En agglomération,Hors intersection,Pluie légère,Autre collision,4,2,2,0,1,1,2,0,1,50,2,2,1,0,0,1,43.0,25.0,voiture,deux_roues,1,2,1,2,6
202200010040,2022-10-14 20:15:00,2022,10,14,20,15,92,92050,FOCH MARECHAL PLACE DU,48.88827,2.19414,Nuit avec éclairage allumé,En agglomération,Intersection en T,Pluie légère,Deux véhicules - frontale,3,1,2,0,1,1,2,0,1,50,2,2,1,0,0,1,25.0,49.0,voiture,deux_roues,5,2,3,2,1
202200010041,2022-10-12 12:10:00,2022,10,12,12,10,92,92050,AGRICULTURE RUE DE L',48.90985,2.22434,Plein jour,En agglomération,Intersection en T,Normale,Deux véhicules - côté,4,2,2,0,1,1,1,0,1,50,2,2,1,0,0,1,52.0,31.0,voiture,deux_roues,1,2,3,1,3
202200010042,2022-10-14 18:40:00,2022,10,14,18,40,92,92020,REPUBLIQUE AV. N°1 A 25 ET 2 A 24,48.800757,2.293044,Crépuscule ou aube,En agglomération,Hors intersection,Pluie légère,Autre collision,4,2,2,0,2,1,2,0,1,50,1,1,0,0,0,1,20.0,,deux_roues,,2,2,1,2,6
202200010043,2022-10-13 14:29:00,2022,10,13,14,29,92,92020,VERDUN AVENUE DE N°2 A 28,48.8035279312,2.2877325118,Plein jour,En agglomération,Hors intersection,Pluie forte,Deux véhicules - côté,3,2,2,0,2,1,2,0,1,50,2,2,1,0,0,1,81.0,20.0,voiture,deux_roues,1,2,1,3,3
202200010044,2022-10-14 17:25:00,2022,10,14,17,25,92,92040,ERNEST RENAN,48.83001,2.28433,Plein jour,En agglomération,Hors intersection,Pluie légère,Autre collision,3,1,2,0,1,1,2,0,1,30,1,2,1,0,0,1,27.0,,utilitaire_camion,,1,2,1,2,6
202200010045,2022-10-14 14:00:00,2022,10,14,14,0,92,92036,PIERRE GRAINDORGE (RUE),48.9328342821,2.3011470437,Plein jour,En agglomération,Hors intersection,Pluie forte,Sans collision,4,2,1,0,1,1,3,0,1,30,1,1,0,0,0,1,36.0,,deux_roues,,1,2,1,3,7
202200010046,2022-10-14 12:25:00,2022,10,14,12,25,92,92025,VALMY (BD DE),48.9306369459,2.2551621795,Plein jour,En agglomération,Hors intersection,Normale,Autre collision,3,2,2,0,1,1,1,0,1,30,1,2,1,0,0,1,69.0,,voiture,,1,2,1,1,6
202200010047,2022-10-14 08:10:00,2022,10,14,8,10,92,92012,REPUBLIQUE (BOULEVARD DE LA) 5/77BIS - 6,48.83262,2.24968,Plein jour,En agglomération,Intersection en X,Pluie légère,Sans collision,3,2,2,0,1,1,2,0,1,50,2,2,0,0,0,2,22.0,35.0,deux_roues,deux_roues,1,2,2,2,7
202200010048,2022-10-15 07:30:00,2022,10,15,7,30,80,80468,D929,49.982406,2.582581,Crépuscule ou aube,Hors agglomération,Hors intersection,Pluie légère,Sans collision,3,-1,2,0,1,1,2,0,8,80,1,4,0,1,0,3,24.0,,voiture,,2,1,1,2,7
202200010049,2022-10-14 12:15:00,2022,10,14,12,15,49,49244,,47.333946,-0.824919,Plein jour,Hors agglomération,Intersection en T,Pluie légère,Deux véhicules - frontale,3,2,2,0,1,1,2,5,1,80,2,2,1,0,1,0,53.0,15.0,voiture,deux_roues,1,1,3,2,1
202200010050,2022-10-10 07:15:00,2022,10,10,7,15,83,83136,D17,43.437059,6.320878,Crépuscule ou aube,Hors agglomération,Hors intersection,Normale,Autre collision,3,2,2,0,1,1,1,0,1,80,2,2,1,0,0,1,50.0,,voiture,utilitaire_camion,2,1,1,1,6
202200010051,2022-10-14 08:35:00,2022,10,14,8,35,43,43185,Route de Charbonnier,45.415744,3.296859,Crépuscule ou aube,Hors agglomération,Hors intersection,Temps couvert,Deux véhicules - frontale,3,2,2,0,1,1,9,0,1,80,2,2,0,0,1,1,40.0,44.0,voiture,voiture,2,1,1,8,1
202200010052,2022-02-09 19:00:00,2022,2,9,19,0,92,92002,GABRIEL PERI (AVENUE),48.7524737229,2.3015115559,Nuit avec éclairage allumé,En agglomération,Hors intersection,Normale,Deux véhicules - côté,3,1,2,1,1,1,1,0,5,30,2,2,1,0,0,1,31.0,27.0,deux_roues,voiture,5,2,1,1,3
202200010053,2022-10-15 11:30:00,2022,10,15,11,30,81,81240,D53,43.9250537171,2.4718278223,Plein jour,Hors agglomération,Hors intersection,Normale,Sans collision,3,2,2,0,2,3,1,0,1,80,1,1,0,1,0,0,64.0,,deux_roues,,1,1,1,1,7
202200010054,2022-02-08 08:15:00,2022,2,8,8,15,51,51217,Place de Luxembourg,49.076693,3.64042,Crépuscule ou aube,En agglomération,Hors intersection,Normale,Autre collision,3,2,2,0,1,1,1,0,1,50,1,2,1,0,0,1,29.0,,utilitaire_camion,,2,2,1,1,6
202200010055,2022-10-15 07:00:00,2022,10,15,7,0,51,51410,D3,49.074534,3.807138,Nuit sans éclairage public,Hors agglomération,Hors intersection,Pluie légère,Sans collision,3,2,2,0,1,1,2,0,1,90,1,3,1,0,1,1,66.0,,voiture,,3,1,1,2,7
202200010056,2022-02-09 16:35:00,2022,2,9,16,35,88,88009,494 Rue de Saint-Dié,48.192444,6.950591,Plein jour,En agglomération,Hors intersection,Normale,Autre collision,3,2,2,0,1,1,1,0,1,50,1,2,1,0,1,0,72.0,,voiture,,1,2,1,1,6
202200010057,2022-10-14 20:00:00,2022,10,14,20,0,23,23001,RD 942 PK 18+600,46.088167,2.02334,Nuit sans éclairage public,Hors agglomération,Hors intersection,Pluie légère,Deux véhicules - frontale,3,2,2,0,1,1,2,0,1,90,2,2,1,0,1,0,43.0,28.0,voiture,deux_roues,3,1,1,2,1
202200010058,2022-02-02 07:20:00,2022,2,2,7,20,973,97306,Chemin Départementale N9 de Mana-à-Saint-Laurent,5.618239,-53.88103,Plein jour,Hors agglomération,Hors intersection,Pluie forte,Deux véhicules - arrière,3,2,2,0,1,1,2,0,1,80,2,2,1,0,1,0,30.0,59.0,voiture,transport_commun,1,1,1,3,2
202200010059,2022-10-14 15:45:00,2022,10,14,15,45,62,62031,D231,50.856722,1.901204,Plein jour,Hors agglomération,Hors intersection,Normale,Trois véhicules et plus - en chaîne,3,2,2,0,1,1,1,0,1,80,3,3,2,0,0,1,59.0,55.0,utilitaire_camion,voiture,1,1,1,1,4
202200010060,2022-02-08 11:18:00,2022,2,8,11,18,65,65340,carrefour N21 - D93,43.288015,0.112824,Plein jour,Hors agglomération,Intersection en X,Normale,Sans collision,2,2,2,0,1,1,1,5,3,80,2,2,1,0,1,0,41.0,43.0,voiture,voiture,1,1,2,1,7
202200010061,2022-02-09 17:00:00,2022,2,9,17,0,51,51115,Grande Rue,49.198038,4.013186,Plein jour,En agglomération,Hors intersection,Normale,Sans collision,3,2,2,0,1,1,1,0,1,50,1,3,2,0,0,1,52.0,,voiture,,1,2,1,1,7
202200010062,2022-10-13 16:00:00,2022,10,13,16,0,85,85109,RD11 la Baudriere,46.876513,-1.05255472,Plein jour,Hors agglomération,Hors intersection,Pluie légère,Sans collision,3,2,2,0,1,2,2,0,3,70,1,2,0,0,2,0,83.0,,voiture,,1,1,1,2,7
202200010063,2022-02-10 09:45:00,2022,2,10,9,45,56,56097,N165 sens Lorient/Vannes,47.7603796,-3.1358528,Plein jour,Hors agglomération,Hors intersection,Temps éblouissant,Deux véhicules - côté,2,3,4,0,3,1,1,0,2,110,2,3,2,0,1,0,50.0,22.0,voiture,voiture,1,1,1,7,3
202200010064,2022-02-09 13:55:00,2022,2,9,13,55,67,67486,Rue de Richtolsheim,48.246736,7.602485,Plein jour,En agglomération,Intersection en X,Normale,Deux véhicules - côté,4,2,2,0,1,1,1,0,1,50,2,3,2,0,1,0,29.0,50.0,voiture,deux_roues,1,2,2,1,3
202200010065,2022-02-09 12:10:00,2022,2,9,12,10,76,76101,Rue Notre-Dame,49.9311937084,1.629114747,Plein jour,En agglomération,Autre intersection,Temps éblouissant,Deux véhicules - côté,4,2,2,0,2,1,1,0,1,50,2,2,1,0,0,1,57.0,33.0,deux_roues,voiture,1,2,9,7,3
202200010066,2022-02-09 09:00:00,2022,2,9,9,0,47,47302,Chemin Departemental 656,44.042993,0.177237,Plein jour,Hors agglomération,Hors intersection,Temps éblouissant,Deux véhicules - arrière,3,2,2,0,1,1,1,0,1,80,2,2,1,0,1,0,63.0,79.0,voiture,utilitaire_camion,1,1,1,7,2
202200010067,2022-02-07 07:00:00,2022,2,7,7,0,39,39451,,47.151897,5.719051,Crépuscule ou aube,Hors agglomération,Hors intersection,Normale,Autre collision,3,2,2,0,1,3,1,0,4,90,1,1,0,0,1,0,52.0,,voiture,,2,1,1,1,6
202200010068,2022-02-10 07:00:00,2022,2,10,7,0,44,44030,33 Rue de la Brière,47.445533,-2.244541,Nuit avec éclairage allumé,En agglomération,Hors intersection,Normale,Autre collision,3,2,2,0,1,1,1,0,8,50,1,2,1,0,1,0,54.0,,voiture,,5,2,1,1,6
202200010069,2022-10-07 19:30:00,2022,10,7,19,30,30,30089,,43.84081,4.581857,Nuit sans éclairage public,Hors agglomération,Hors intersection,Normale,Deux véhicules - frontale,3,2,2,0,1,1,1,0,1,70,2,2,1,0,0,1,29.0,25.0,voiture,voiture,3,1,1,1,1
202200010070,2022-02-09 18:30:00,2022,2,9,18,30,31,31341,route départementale 2,43.739135,1.312695,Crépuscule ou aube,Hors agglomération,Intersection en T,Normale,Deux véhicules - côté,3,2,2,0,1,1,1,0,1,80,2,2,1,0,1,0,42.0,47.0,voiture,deux_roues,2,1,3,1,3
202200010071,2022-02-09 19:20:00,2022,2,9,19,20,01,01389,D936,46.068218,4.897242,Nuit sans éclairage public,En agglomération,Hors intersection,Normale,Deux véhicules - frontale,3,2,2,0,1,1,1,0,1,50,2,2,1,0,1,0,36.0,26.0,utilitaire_camion,voiture,3,2,1,1,1
202200010072,2022-02-10 16:10:00,2022,2,10,16,10,85,85046,A.87 PK 108.015,46.696639,-1.304256,Plein jour,Hors agglomération,Hors intersection,Temps couvert,Autre collision,1,3,4,0,1,1,1,0,3,130,1,1,0,1,0,0,75.0,,voiture,,1,1,1,8,6
202200010073,2022-02-10 15:05:00,2022,2,10,15,5,58,58273,pr6+400 RD 981,46.963868,3.234658,Plein jour,Hors agglomération,Hors intersection,Normale,Deux véhicules - côté,3,2,2,0,1,1,1,0,1,80,2,3,2,0,1,0,83.0,53.0,voiture,utilitaire_camion,1,1,1,1,3
202200010074,2022-02-05 13:30:00,2022,2,5,13,30,72,72275,D83,48.09496,0.36203,Plein jour,Hors agglomération,Intersection en X,Temps éblouissant,Deux véhicules - côté,3,2,2,0,1,1,1,5,1,90,2,2,1,0,1,0,67.0,19.0,voiture,voiture,1,1,2,7,3
202200010075,2022-10-15 09:50:00,2022,10,15,9,50,51,51617,D21,49.042675,4.323694,Plein jour,Hors agglomération,Hors intersection,Pluie légère,Deux véhicules - arrière,3,2,2,0,1,1,2,0,1,80,2,9,4,0,2,3,22.0,21.0,autre,autre,1,1,1,2,2
202200010076,2022-02-10 07:20:00,2022,2,10,7,20,72,72070,Lieu Dit la Berconniere,48.02126,-0.14352,Crépuscule ou aube,Hors agglomération,Hors intersection,Normale,Deux véhicules - frontale,3,2,2,0,1,1,1,0,1,90,2,2,0,1,0,1,27.0,20.0,voiture,utilitaire_camion,2,1,1,1,1
202200010077,2022-02-09 06:25:00,2022,2,9,6,25,14,14191,D35,49.303587,-0.435838,Nuit sans éclairage public,Hors agglomération,Hors intersection,Normale,Autre collision,3,2,2,0,1,3,1,0,1,90,1,1,0,0,0,1,22.0,,voiture,,3,1,1,1,6
202200010078,2022-10-14 15:30:00,2022,10,14,15,30,19,19229,Rue De Cramier,45.133413,1.400821,Plein jour,Hors agglomération,Intersection en T,Normale,Deux véhicules - frontale,3,2,2,0,1,3,1,0,1,70,2,3,0,0,2,1,45.0,23.0,voiture,voiture,1,1,3,1,1
202200010079,2022-02-10 00:15:00,2022,2,10,0,15,05,05098,Route du Boussolenc,44.498832,6.554927,Nuit sans éclairage public,En agglomération,Hors intersection,Normale,Autre collision,3,2,2,0,2,2,1,0,1,50,1,2,0,0,0,2,27.0,,utilitaire_camion,,3,2,1,1,6
202200010080,2022-10-15 02:40:00,2022,10,15,2,40,67,67462,D424 SELESTAT,48.218833,7.497686,Nuit sans éclairage public,Hors agglomération,Hors intersection,Normale,Sans collision,3,2,2,0,1,1,2,0,8,70,1,3,1,0,1,1,53.0,,voiture,,3,1,1,1,7
202200010081,2022-02-10 07:00:00,2022,2,10,7,0,60,60245,Rue du Bois (Formerie),49.652203,1.732227,Crépuscule ou aube,Hors agglomération,Hors intersection,Normale,Sans collision,4,2,2,0,1,1,2,0,3,80,1,1,0,0,0,1,16.0,,deux_roues,,2,1,1,1,7
202200010082,2022-10-14 21:45:00,2022,10,14,21,45,79,79235,,46.882183,-0.79447,Nuit sans éclairage public,Hors agglomération,Hors intersection,Pluie légère,Sans collision,3,2,2,0,1,1,2,0,3,80,1,1,0,0,1,0,21.0,,voiture,,3,1,1,2,7
202200010083,2022-02-09 16:30:00,2022,2,9,16,30,43,43162,Route de Craponne,45.211868,4.028284,Crépuscule ou aube,Hors agglomération,Hors intersection,Normale,Deux véhicules - frontale,3,2,2,0,2,3,1,0,1,50,2,2,1,0,1,0,69.0,80.0,deux_roues,voiture,2,1,1,1,1
202200010084,2022-02-09 16:50:00,2022,2,9,16,50,40,40282,D933s,43.747343,-0.561923,Plein jour,Hors agglomération,Giratoire,Normale,Deux véhicules - côté,3,3,4,0,1,3,1,0,1,90,2,2,1,0,1,0,52.0,75.0,utilitaire_camion,deux_roues,1,1,6,1,3
202200010085,2022-02-10 10:40:00,2022,2,10,10,40,04,04149,RD 4A,44.043589,5.955695,Plein jour,Hors agglomération,Intersection en T,Normale,Deux véhicules - côté,3,2,2,0,1,1,1,0,1,70,2,2,1,0,1,0,23.0,27.0,voiture,deux_roues,1,1,3,1,3
202200010086,2022-02-09 20:00:00,2022,2,9,20,0,973,97307,RN1,4.89129,-52.338921,Nuit sans éclairage public,Hors agglomération,Hors intersection,Pluie légère,Autre collision,2,3,2,0,1,1,2,3,1,70,1,2,1,1,0,0,32.0,,utilitaire_camion,,3,1,1,2,6
202200010087,2022-02-10 16:20:00,2022,2,10,16,20,973,97309,Route de Rémire,4.903839,-52.273314,Plein jour,En agglomération,Hors intersection,Normale,Deux véhicules - côté,3,2,2,0,1,1,1,0,1,70,2,2,1,0,1,0,32.0,45.0,deux_roues,voiture,1,2,1,1,3
202200010088,2022-10-14 18:35:00,2022,10,14,18,35,81,81042,LA TRIVALE,43.628395,2.36515,Crépuscule ou aube,Hors agglomération,Intersection en T,Pluie légère,Trois véhicules et plus - collisions multiples,3,2,2,0,1,2,2,0,1,90,3,4,0,0,2,2,34.0,57.0,voiture,voiture,2,1,3,2,5
202200010089,2022-02-10 08:45:00,2022,2,10,8,45,42,42279,Avenue Grégoire Chapoton,45.502012,4.254418,Plein jour,En agglomération,Hors intersection,Normale,Autre collision,3,2,2,0,1,1,1,0,1,50,1,3,2,0,0,1,56.0,,voiture,,1,2,1,1,6
202200010090,2022-02-10 14:10:00,2022,2,10,14,10,72,72098,Lieu-dit Les maisons rouges,47.69986,0.19205,Plein jour,Hors agglomération,Hors intersection,Pluie légère,Deux véhicules - frontale,3,2,2,0,1,2,2,0,1,80,2,2,1,1,0,0,59.0,91.0,utilitaire_camion,voiture,1,1,1,2,1
202200010091,2022-02-10 07:45:00,2022,2,10,7,45,77,77458,"A77, PK003+600, circulant vers Paris",48.193728,2.768383,Crépuscule ou aube,Hors agglomération,Hors intersection,Normale,Deux véhicules - arrière,1,3,4,0,1,1,1,0,1,130,2,2,1,0,0,1,66.0,28.0,utilitaire_camion,voiture,2,1,1,1,2
202200010092,2022-02-09 12:16:00,2022,2,9,12,16,987,98748,RT 4  PK 2+200 face magasin Joseph TOAHOTU,-17.827213,-149.242395,Plein jour,En agglomération,Hors intersection,Normale,Sans collision,2,2,2,0,1,1,1,0,3,50,1,3,1,0,0,2,51.0,,transport_commun,,1,2,1,1,7
202200010093,2022-10-14 17:15:00,2022,10,14,17,15,11,11040,D613,43.129428,2.856874,Plein jour,Hors agglomération,Hors intersection,Normale,Sans collision,3,2,2,0,1,3,1,0,3,80,1,1,0,0,1,0,31.0,,voiture,,1,1,1,1,7
202200010094,2022-02-10 13:35:00,2022,2,10,13,35,78,78231,D928,48.950503,1.647622,Plein jour,Hors agglomération,Hors intersection,Temps couvert,Deux véhicules - frontale,3,2,2,0,1,2,1,0,1,70,2,2,0,0,2,0,21.0,59.0,voiture,voiture,1,1,1,8,1
202200010095,2022-02-09 18:00:00,2022,2,9,18,0,34,34174,D999,43.943346,3.726731,Crépuscule ou aube,Hors agglomération,Intersection en X,Normale,Deux véhicules - côté,3,4,3,0,1,1,1,5,1,70,2,2,1,0,1,0,30.0,28.0,deux_roues,voiture,2,1,2,1,3
202200010096,2022-02-10 05:50:00,2022,2,10,5,50,84,84012,Route de Caromb,44.117389,5.032854,Nuit avec éclairage allumé,En agglomération,Hors intersection,Normale,,3,2,2,0,1,1,1,0,1,50,1,1,0,0,1,0,26.0,,deux_roues,,5,2,1,1,-1
202200010097,2022-02-09 20:00:00,2022,2,9,20,0,83,83063,"route de grimaud, RD558",43.300094,6.477498,Nuit sans éclairage public,Hors agglomération,Hors intersection,Normale,Deux véhicules - frontale,3,2,2,0,1,4,1,0,1,70,2,2,0,0,1,1,34.0,44.0,voiture,voiture,3,1,1,1,1
202200010098,2022-02-09 14:10:00,2022,2,9,14,10,83,83023,,43.401283,6.106617,Plein jour,Hors agglomération,Hors intersection,Normale,Autre collision,3,3,2,0,4,1,1,0,1,90,2,2,0,0,1,1,21.0,44.0,voiture,voiture,1,1,1,1,6
202200010099,2022-02-10 11:37:00,2022,2,10,11,37,04,04245,RD 4096 / Av des Farigoules,43.870375,5.843267,Plein jour,En agglomération,Intersection en T,Normale,Deux véhicules - côté,3,2,2,0,1,1,1,0,1,50,2,4,2,0,0,2,74.0,18.0,voiture,deux_roues,1,2,3,1,3
202200010100,2022-02-09 21:00:00,2022,2,9,21,0,13,13027,RD571 route d'Avignon,43.89555,4.818996,Nuit sans éclairage public,Hors agglomération,Intersection en Y,Normale,Deux véhicules - frontale,3,2,2,0,1,1,1,0,1,80,2,2,1,1,0,0,49.0,44.0,deux_roues,voiture,3,1,4,1,1
202200010101,2022-10-15 11:15:00,2022,10,15,11,15,71,71132,RN 70 PR 24+400,46.616969,4.276986,Plein jour,Hors agglomération,Hors intersection,Normale,Deux véhicules - frontale,2,2,2,0,1,1,1,8,1,70,2,4,0,1,3,0,24.0,56.0,voiture,voiture,1,1,1,1,1
202200010102,2022-02-09 14:45:00,2022,2,9,14,45,63,63254,M943,45.808824,3.049859,Plein jour,Hors agglomération,Hors intersection,Normale,Sans collision,7,2,2,0,1,1,1,0,1,80,1,2,1,0,1,0,56.0,,utilitaire_camion,,1,1,1,1,7
202200010103,2022-02-04 17:00:00,2022,2,4,17,0,38,38067,Route de Panossas,45.680402,5.171712,Plein jour,En agglomération,Intersection en Y,Normale,Deux véhicules - arrière,4,2,2,0,2,1,1,0,1,50,2,2,1,0,1,0,21.0,61.0,voiture,deux_roues,1,2,4,1,2
202200010104,2022-10-15 12:10:00,2022,10,15,12,10,63,63006,D724 PK 9+575,45.334236,2.930571,Plein jour,Hors agglomération,Hors intersection,Temps couvert,Deux véhicules - frontale,3,2,2,0,2,3,1,0,3,90,2,3,0,1,2,0,63.0,55.0,deux_roues,deux_roues,1,1,1,8,1
202200010105,2022-06-30 14:30:00,2022,6,30,14,30,83,83137,A57,43.1243619026,5.9645783901,Plein jour,Hors agglomération,Hors intersection,Normale,Deux véhicules - côté,1,1,3,0,1,1,1,0,1,70,2,2,1,0,1,0,49.0,36.0,utilitaire_camion,deux_roues,1,1,1,1,3
202200010106,2022-02-09 19:45:00,2022,2,9,19,45,17,17393,Route de Saintes,45.692774,-0.821046,Nuit avec éclairage allumé,Hors agglomération,Hors intersection,Normale,Autre collision,4,2,2,0,1,1,1,0,3,80,1,2,0,0,1,1,32.0,,voiture,,5,1,1,1,6
202200010107,2022-07-01 07:53:00,2022,7,1,7,53,91,91064,RN 118,48.75296,2.22309,Plein jour,Hors agglomération,Hors intersection,Normale,Deux véhicules - arrière,2,3,4,0,1,1,1,0,1,90,2,2,1,0,0,1,40.0,56.0,deux_roues,voiture,1,1,1,1,2
202200010108,2022-10-15 10:25:00,2022,10,15,10,25,61,61484,41 Rue de la Bissonniere,48.269789,0.686636,Plein jour,En agglomération,Hors intersection,Pluie légère,Deux véhicules - côté,4,2,2,0,4,2,2,0,1,50,2,3,1,0,1,1,30.0,52.0,deux_roues,voiture,1,2,1,2,3