accident_id,datetime,annee,mois,jour,heure,minute,departement,commune_insee,adresse,latitude,longitude,luminosite,agglomeration,intersection,meteo,collision,catr,circ,nbv,vosp,prof,plan,surf,infra,situ,vma,nb_vehicules,nb_usagers,nb_indemnes,nb_tues,nb_blesses_hosp,nb_blesses_legers,age_cond_1,age_cond_2,veh_type_cond_1,veh_type_cond_2,lum_code,agg_code,int_code,atm_code,col_code
202200010109,2022-06-30 23:05:00,2022,6,30,23,5,91,91560,RN 104,48.66706,2.1907,Nuit sans éclairage public,Hors agglomération,Hors intersection,Normale,Autre collision,2,3, -1,0,1,1,1,0,1,90,2,2,1,0,0,1,26.0,,utilitaire_camion,autre,3,1,1,1,6
202200010110,2022-10-15 09:20:00,2022,10,15,9,20,12,12121,8 Route des Jonquilles,44.424782,2.161728,Plein jour,En agglomération,Hors intersection,Normale,Autre collision,3,2,2,0,1,3,1,0,1,50,1,2,1,1,0,0,41.0,,voiture,,1,2,1,1,6
202200010111,2022-07-01 00:10:00,2022,7,1,0,10,94,94016,AUTOROUTE A6A,48.7915086978,2.3442243502,Nuit sans éclairage public,Hors agglomération,Hors intersection,Normale,Trois véhicules et plus - en chaîne,1,1,6,0,1,3,1,0,1,90,3,3,2,0,0,1,35.0,45.0,voiture,voiture,3,1,1,1,4
202200010112,2022-02-09 13:20:00,2022,2,9,13,20,60,60579,Route Departementale 332,49.350031,2.881368,Plein jour,Hors agglomération,Intersection en X,Normale,Deux véhicules - côté,3,2,2,0,1,1,1,0,1,80,2,3,1,0,0,2,31.0,21.0,voiture,utilitaire_camion,1,1,2,1,3
202200010113,2022-10-14 09:00:00,2022,10,14,9,0,46,46073,lieu dit les friches,44.402453,1.621513,Plein jour,Hors agglomération,Hors intersection,Temps couvert,Autre collision,3,2,2,0,1,2,2,0,3,80,1,5,2,0,1,2,33.0,,utilitaire_camion,,1,1,1,8,6
202200010114,2022-02-09 23:15:00,2022,2,9,23,15,60,60135,D44,49.3092758715,2.2365889548,Nuit sans éclairage public,Hors agglomération,Hors intersection,Normale,Sans collision,3,2,2,0,4,4,1,0,3,80,1,1,0,0,1,0,26.0,,deux_roues,,3,1,1,1,7
202200010115,2022-07-01 09:00:00,2022,7,1,9,0,78,78117,RN12,48.788411,2.137348,Plein jour,Hors agglomération,Hors intersection,Normale,Deux véhicules - arrière,2,1,3,0,1,1,1,0,1,110,2,2,1,0,0,1,37.0,44.0,voiture,voiture,1,1,1,1,2
202200010116,2022-07-01 06:30:00,2022,7,1,6,30,92,92036,RN315 W,48.9213068596,2.3061396405,Plein jour,Hors agglomération,Hors intersection,Normale,Autre collision,2,-1,2,0,1,1,1,0,2,90,1,1,0,0,0,1,44.0,,deux_roues,,1,1,1,1,6
202200010117,2022-10-14 19:35:00,2022,10,14,19,35,68,68158,RD 419,47.594096,7.399979,Nuit sans éclairage public,Hors agglomération,Hors intersection,Pluie légère,Trois véhicules et plus - collisions multiples,3,2,2,0,2,1,2,0,1,80,3,3,2,0,0,1,50.0,28.0,voiture,voiture,3,1,1,2,5
202200010118,2022-02-10 19:15:00,2022,2,10,19,15,60,60395,Rue Marcel Coquet,49.220814,2.138407,Nuit avec éclairage allumé,En agglomération,Giratoire,Pluie légère,Deux véhicules - côté,4,2,2,0,1,1,2,0,1,50,2,3,2,0,0,1,47.0,44.0,voiture,voiture,5,2,6,2,3
202200010119,2022-06-30 22:45:00,2022,6,30,22,45,92,92050,A14,48.9000387105,2.2107122922,Nuit avec éclairage allumé,Hors agglomération,Hors intersection,Normale,Trois véhicules et plus - en chaîne,1,1,1,0,1,1,1,1,1,50,3,3,2,0,0,1,23.0,28.0,voiture,voiture,5,1,1,1,4
202200010120,2022-10-15 13:45:00,2022,10,15,13,45,39,39339,,46.35495,5.778425,Plein jour,Hors agglomération,Intersection en T,Normale,Autre collision,3,2,2,0,1,2,1,0,3,70,1,1,0,0,1,0,16.0,,deux_roues,,1,1,3,1,6
202200010121,2022-02-04 19:00:00,2022,2,4,19,0,13,13213,A507-Sens Marseille vers Aubagne,43.32998,5.40643,Nuit avec éclairage allumé,Hors agglomération,Hors intersection,Normale,Deux véhicules - arrière,1,1,2,0,1,1,1,0,1,70,2,2,1,0,0,1,49.0,49.0,deux_roues,voiture,5,1,1,1,2
202200010122,2022-07-01 18:45:00,2022,7,1,18,45,93,93064,AUTOROUTE A86,48.8674911248,2.4818462133,Plein jour,Hors agglomération,Hors intersection,Normale,Deux véhicules - arrière,1,3,6,0,1,1,1,0,2,90,2,2,0,0,0,1,38.0,,deux_roues,autre,1,1,1,1,2
202200010123,2022-10-14 13:50:00,2022,10,14,13,50,39,39478,38 Avenue de la Gare,46.39028,5.860664,Plein jour,En agglomération,Hors intersection,Normale,Autre collision,4,2,2,0,1,1,1,0,1,50,1,2,1,0,0,1,73.0,,voiture,,1,2,1,1,6
202200010124,2022-02-09 04:45:00,2022,2,9,4,45,59,59646,ROUTE NATIONALE 356,50.6661097816,3.1141955852,Nuit sans éclairage public,Hors agglomération,Hors intersection,Normale,Autre collision,2,-1,4,0,1,1,1,0,1,90,1,1,0,0,0,1,45.0,,voiture,,3,1,1,1,6
202200010125,2022-07-01 08:20:00,2022,7,1,8,20,93,93027,AUTOROUTE A86,48.92498,2.39159,Plein jour,Hors agglomération,Hors intersection,Normale,Deux véhicules - arrière,1,3,8,0,1,1,1,0,1,90,2,4,1,0,0,3,48.0,51.0,utilitaire_camion,utilitaire_camion,1,1,1,1,2
202200010126,2022-10-14 06:40:00,2022,10,14,6,40,29,29210,Lieu Dit Croas Ar Born,48.577487,-3.993868,Nuit sans éclairage public,Hors agglomération,Intersection en X,Pluie légère,Deux véhicules - côté,3,2,2,0,1,1,2,0,1,50,2,5,1,0,0,4,29.0,20.0,voiture,voiture,3,1,2,2,3
202200010127,2022-02-07 17:00:00,2022,2,7,17,0,59,59378,AUTOROUTE A22,50.6769004695,3.1136289239,Plein jour,Hors agglomération,Hors intersection,Normale,Trois véhicules et plus - en chaîne,1,-1,6,0,1,1,1,0,1,110,3,5,2,0,0,3,53.0,31.0,voiture,voiture,1,1,1,1,4
202200010128,2022-07-01 07:30:00,2022,7,1,7,30,93,93006,AUTOROUTE A3,48.86687,2.4251,Plein jour,Hors agglomération,Hors intersection,Normale,Deux véhicules - arrière,1,2,4,0,1,1,1,0,1,70,2,2,1,0,0,1,32.0,34.0,voiture,deux_roues,1,1,1,1,2
202200010129,2022-10-15 01:15:00,2022,10,15,1,15,29,29273,80 Route du Dossen,48.690705,-4.034026,Nuit sans éclairage public,En agglomération,Hors intersection,Pluie légère,Autre collision,3,2,1,0,1,1,2,0,1,50,1,1,0,1,0,0,30.0,,voiture,,3,2,1,2,6
202200010130,2022-02-09 10:00:00,2022,2,9,10,0,94,94076,AUTOROUTE A6A,48.797,2.34438,Plein jour,Hors agglomération,Hors intersection,Normale,Deux véhicules - côté,1,3,6,0,2,2,1,0,1,70,2,2,1,0,1,0,31.0,19.0,deux_roues,voiture,1,1,1,1,3
202200010131,2022-07-01 23:01:00,2022,7,1,23,1,77,77237,A4,48.8321045335,2.7784835027,Nuit sans éclairage public,Hors agglomération,Hors intersection,Normale,Deux véhicules - arrière,1,3,3,0,1,1,1,0,1,130,2,2,0,0,0,2,47.0,53.0,voiture,voiture,3,1,1,1,2
202200010132,2022-10-14 08:30:00,2022,10,14,8,30,29,29290,Le Carpont,48.5551947958,-4.5778416395,Crépuscule ou aube,Hors agglomération,Hors intersection,Pluie légère,Deux véhicules - frontale,3,2,2,0,2,3,2,0,1,80,2,2,0,0,1,1,23.0,54.0,voiture,utilitaire_camion,2,1,1,2,1
202200010133,2022-02-09 07:30:00,2022,2,9,7,30,91,91340,AUTOROUTE A6,48.6013,2.43883,Plein jour,Hors agglomération,Hors intersection,Normale,Deux véhicules - arrière,1,2,6,0,1,1,1,0,1,110,2,2,1,0,0,1,55.0,40.0,voiture,voiture,1,1,1,1,2
202200010134,2022-07-01 18:35:00,2022,7,1,18,35,94,94069,A4,48.8173109429,2.4424371778,Plein jour,Hors agglomération,Hors intersection,Normale,Autre collision,1,3,8,0,1,1,1,0,1,90,2,2,1,0,0,1,27.0,36.0,deux_roues,voiture,1,1,1,1,6
202200010135,2022-10-15 05:30:00,2022,10,15,5,30,29,29174,D240,47.928457,-4.227998,Nuit sans éclairage public,Hors agglomération,Hors intersection,Pluie légère,Deux véhicules - frontale,3,2,2,0,1,1,2,0,1,80,2,2,1,0,1,0,52.0,31.0,utilitaire_camion,voiture,3,1,1,2,1
202200010136,2022-07-01 18:20:00,2022,7,1,18,20,93,93051,A4,48.8354402862,2.5706512512,Plein jour,Hors agglomération,Hors intersection,Normale,Deux véhicules - arrière,1,3,9,0,1,1,1,0,1,110,2,2,1,0,0,1,21.0,20.0,deux_roues,voiture,1,1,1,1,2
202200010137,2022-02-09 09:10:00,2022,2,9,9,10,94,94065,AUTOROUTE A86,48.7544,2.3484,Plein jour,Hors agglomération,Hors intersection,Normale,Deux véhicules - côté,2,3,6,0,1,1,1,0,1,90,2,2,1,0,0,1,40.0,30.0,voiture,utilitaire_camion,1,1,1,1,3
202200010138,2022-10-14 16:25:00,2022,10,14,16,25,26,26113,quartier le plot route de gap,44.731751,5.391369,Plein jour,Hors agglomération,Hors intersection,Normale,Autre collision,3,2,2,0,1,1,1,0,8,80,1,1,0,0,0,1,19.0,,voiture,,1,1,1,1,6
202200010139,2022-02-09 18:05:00,2022,2,9,18,5,78,78640,A86 EXT,48.780804,2.178277,Plein jour,Hors agglomération,Hors intersection,Normale,Deux véhicules - arrière,1,-1,1,0,1,1,1,3,1,40,2,2,1,0,1,0,24.0,58.0,deux_roues,utilitaire_camion,1,1,1,1,2
202200010140,2022-06-30 23:40:00,2022,6,30,23,40,77,77373,RN104,48.790614474,2.6182314062,Nuit avec éclairage allumé,Hors agglomération,Hors intersection,Normale,Deux véhicules - arrière,2,1,2,0,1,1,1,0,1,90,2,5,1,1,2,1,20.0,34.0,voiture,utilitaire_camion,5,1,1,1,2
202200010141,2022-10-15 18:05:00,2022,10,15,18,5,60,60185,Rue de Blaincourt,49.216611,2.323408,Plein jour,En agglomération,Hors intersection,Normale,Deux véhicules - frontale,4,2,2,0,1,3,1,0,1,50,2,2,1,0,1,0,24.0,38.0,deux_roues,utilitaire_camion,1,2,1,1,1
202200010142,2022-06-30 08:35:00,2022,6,30,8,35,22,22278,40 Rue Henri Becquerel,48.49749,-2.7479,Plein jour,En agglomération,Giratoire,Normale,Autre collision,4,2, -1,-1,1,1,1,0,1,-1,1,2,1,0,0,1,41.0,,deux_roues,,1,2,6,1,6
202200010143,2022-10-10 18:30:00,2022,10,10,18,30,60,60513,2 Rue du Martray,49.205973,2.382975,Crépuscule ou aube,En agglomération,Autre intersection,Normale,Autre collision,4,-1,1,0,1,1,1,9,1,50,2,2,1,0,0,1,26.0,30.0,utilitaire_camion,voiture,2,2,9,1,6
202200010144,2022-02-09 16:30:00,2022,2,9,16,30,78,78640,A86 INT,48.78091,2.176743,Plein jour,Hors agglomération,Hors intersection,Temps éblouissant,Deux véhicules - arrière,1,3,4,0,1,1,1,3,1,70,2,3,1,0,1,1,25.0,52.0,voiture,voiture,1,1,1,7,2
202200010145,2022-10-14 20:30:00,2022,10,14,20,30,73,73191,Route du neyret,45.569476,5.78626,Nuit avec éclairage allumé,Hors agglomération,Hors intersection,Pluie légère,Autre collision,4,2,2,0,2,1,2,0,1,80,1,2,1,1,0,0,36.0,,voiture,,5,1,1,2,6
202200010146,2022-02-09 10:00:00,2022,2,9,10,0,94,94079,A4,48.8286965958,2.5272705307,Plein jour,Hors agglomération,Hors intersection,Normale,Deux véhicules - côté,1,1,4,0,1,1,1,0,1,110,2,2,1,0,0,1,22.0,39.0,voiture,deux_roues,1,1,1,1,3
202200010147,2022-02-08 19:35:00,2022,2,8,19,35,30,30007,Quai Boissier de Sauvages,44.1274,4.07827,Nuit avec éclairage allumé,En agglomération,Hors intersection,Normale,Autre collision,4,2,4,0,1,1,1,0,1,30,1,2,1,1,0,0,33.0,,utilitaire_camion,,5,2,1,1,6
202200010148,2022-05-30 17:15:00,2022,5,30,17,15,54,54395,AMERICAN LEGION  (BD DE L'),48.6841532115,6.1766941845,Plein jour,En agglomération,Hors intersection,Normale,Autre collision,4,2,4,3,1,1,1,8,6,30,1,2,1,0,0,1,58.0,,transport_commun,,1,2,1,1,6
202200010149,2022-05-27 18:30:00,2022,5,27,18,30,21,21255,Rue de Prenois,47.408806,4.937067,Plein jour,En agglomération,Hors intersection,Normale,Deux véhicules - frontale,4,2,2,0,1,2,1,0,1,90,2,3,1,0,2,0,56.0,26.0,deux_roues,voiture,1,2,1,1,1
202200010150,2022-10-07 16:25:00,2022,10,7,16,25,85,85081,la braconnière,46.75057,-1.37554,Plein jour,Hors agglomération,Intersection en T,Normale,Deux véhicules - arrière,3,2,2,0,1,2,1,0,1,80,2,2,1,0,0,1,68.0,32.0,voiture,deux_roues,1,1,3,1,2
202200010151,2022-07-01 08:00:00,2022,7,1,8,0,988,98818,RUE EDOUARD UNGER,-22.25373,166.44977,Plein jour,En agglomération,Hors intersection,Normale,Deux véhicules - côté,4,2,2,0,2,1,1,0,1,50,2,2,1,0,1,0,79.0,57.0,utilitaire_camion,deux_roues,1,2,1,1,3
202200010152,2022-02-08 17:40:00,2022,2,8,17,40,976,97611,passamanty-Vahibé ( route ),-12.80242,45.20958,Plein jour,En agglomération,Hors intersection,Normale,Deux véhicules - arrière,3,2,2,0,1,1,1,0,1,30,2,2,1,0,0,1,20.0,34.0,autre,voiture,1,2,1,1,2
202200010153,2022-10-14 17:29:00,2022,10,14,17,29,28,28226,2 Rue de la Chapelle,48.652912,1.129187,Plein jour,En agglomération,Intersection en X,Pluie légère,Deux véhicules - côté,3,2,2,0,1,2,2,0,1,50,2,2,1,0,1,0,19.0,49.0,voiture,voiture,1,2,2,2,3
202200010154,2022-06-29 19:20:00,2022,6,29,19,20,988,98818,ROND POINT IEKAWE,-22.23116,166.48131,Nuit avec éclairage allumé,En agglomération,Autre intersection,Normale,Deux véhicules - côté,4,1,1,0,1,1,1,0,1,50,2,2,1,0,1,0,31.0,53.0,utilitaire_camion,deux_roues,5,2,9,1,3
202200010155,2022-02-07 14:20:00,2022,2,7,14,20,976,97610,Trois Vallées - Majicavo (rue des ),-12.75535,45.23297,Plein jour,En agglomération,Hors intersection,Normale,Autre collision,2,2,2,0,1,1,1,0,1,70,1,2,0,0,0,2,37.0,,deux_roues,,1,2,1,1,6
202200010156,2022-06-30 16:30:00,2022,6,30,16,30,976,97611,kaweni-Centrale EDM (rue de la ),-12.76091,45.22642,Plein jour,En agglomération,Hors intersection,Normale,Sans collision,4,2,2,0,1,1,1,0,1,50,1,1,0,0,0,1,28.0,,deux_roues,,1,2,1,1,7
202200010157,2022-10-15 11:55:00,2022,10,15,11,55,30,30062, route de Nages,43.78101,4.198515,Plein jour,Hors agglomération,Intersection en T,Normale,Deux véhicules - côté,3,2,2,0,1,1,1,9,1,80,2,2,1,0,1,0,63.0,68.0,deux_roues,voiture,1,1,3,1,3
202200010158,2022-02-08 19:40:00,2022,2,8,19,40,974,97416,BASSIN PLAT(CHEMIN),-21.3252,55.48793,Nuit avec éclairage allumé,Hors agglomération,Intersection en T,Normale,Deux véhicules - côté,4,2,2,0,1,1,1,0,1,50,2,4,2,0,0,2,18.0,23.0,voiture,voiture,5,1,3,1,3
202200010159,2022-06-29 18:00:00,2022,6,29,18,0,974,97416,DIAGONAL (CHEMIN) (2),-21.31025,55.47165,Nuit sans éclairage public,En agglomération,Hors intersection,Normale,Trois véhicules et plus - collisions multiples,4,2,2,0,2,3,1,0,1,50,3,6,2,0,0,4,30.0,38.0,voiture,voiture,3,2,1,1,5
202200010160,2022-02-07 14:30:00,2022,2,7,14,30,974,97411,MONDON (RUE MONSEIGNEUR),-20.89333,55.46049,Plein jour,En agglomération,Giratoire,Normale,Deux véhicules - côté,4,-1,2,0,1,2,1,5,1,50,2,2,1,0,0,1,29.0,16.0,voiture,deux_roues,1,2,6,1,3
202200010161,2022-06-29 05:35:00,2022,6,29,5,35,974,97416,RN02,-21.347144,55.499876,Crépuscule ou aube,Hors agglomération,Hors intersection,Normale,Deux véhicules - arrière,2,2, -1,0,1,1,1,9,1,80,2,2,1,0,0,1,30.0,39.0,voiture,voiture,2,1,1,1,2
202200010162,2022-02-08 17:45:00,2022,2,8,17,45,69,69383,Avenue Rockefeller,45.7406309783,4.8875199258,Plein jour,En agglomération,Hors intersection,Normale,Autre collision,4,2,4,1,2,1,1,0,5,50,2,2,1,0,0,1,22.0,78.0,deux_roues,voiture,1,2,1,1,6
202200010163,2022-10-14 21:00:00,2022,10,14,21,0,90,90076,"Autoroute A36, sens 1, PK 032+000",47.643381,6.89391,Nuit sans éclairage public,Hors agglomération,Hors intersection,Pluie forte,Deux véhicules - frontale,1,3,4,0,1,2,2,0,1,110,3,4,3,0,1,0,30.0,37.0,voiture,voiture,3,1,1,3,1
202200010164,2022-02-08 16:30:00,2022,2,8,16,30,69,69388,Rue Henri Barbusse,45.7307533883,4.8579551263,Plein jour,En agglomération,Hors intersection,Normale,Sans collision,4,2,2,2,1,1,1,0,1,50,1,1,0,0,0,1,48.0,,deux_roues,,1,2,1,1,7
202200010165,2022-06-30 16:45:00,2022,6,30,16,45,974,97411,JAURES (BOULEVARD JEAN),-20.90283,55.50251,Plein jour,En agglomération,Giratoire,Normale,Deux véhicules - côté,2,1,2,0,1,1,1,0,1,50,2,2,1,0,0,1,39.0,44.0,voiture,deux_roues,1,2,6,1,3
202200010166,2022-02-08 12:55:00,2022,2,8,12,55,69,69259,Boulevard Ambroise Croizat,45.7005846747,4.8877438903,Plein jour,En agglomération,Intersection en Y,Normale,Autre collision,7,2,4,0,1,1,1,0,1,50,1,2,1,0,0,1,62.0,,voiture,,1,2,4,1,6
202200010167,2022-06-30 13:30:00,2022,6,30,13,30,69,69383,Rue de la Part-Dieu,45.75944,4.84576,Plein jour,En agglomération,Intersection en X,Normale,Deux véhicules - côté,4,1,1,1,1,1,1,0,1,30,2,2,1,0,1,0,17.0,30.0,deux_roues,voiture,1,2,2,1,3
202200010168,2022-10-14 20:40:00,2022,10,14,20,40,34,34146,autoroute A9 PK 81+900 S1,43.6940437706,4.082181494,Nuit sans éclairage public,Hors agglomération,Hors intersection,Normale,Trois véhicules et plus - en chaîne,1,3,3,0,1,1,1,0,1,130,3,7,6,0,1,0,28.0,18.0,voiture,voiture,3,1,1,1,4
202200010169,2022-02-08 08:50:00,2022,2,8,8,50,972,97213,ROUTE DEPARTEMENTALE 13,14.63399,-61.02236,Plein jour,Hors agglomération,Hors intersection,Normale,Deux véhicules - côté,3,-1,1,0,2,4,1,0,1,70,2,2,1,0,1,0,31.0,34.0,voiture,voiture,1,1,1,1,3
202200010170,2022-06-30 08:50:00,2022,6,30,8,50,69,69387,Boulevard Yves Farge,45.74333,4.83424,Plein jour,En agglomération,Intersection en T,Normale,Deux véhicules - côté,4,2,3,2,1,1,1,0,1,30,2,2,0,0,0,1,36.0,,deux_roues,utilitaire_camion,1,2,3,1,3
202200010171,2022-10-15 12:25:00,2022,10,15,12,25,51,51203,A4,49.034738,4.439767,Plein jour,Hors agglomération,Autre intersection,Pluie légère,Deux véhicules - arrière,1,3,4,0,1,1,2,3,1,130,2,2,1,1,0,0,35.0,74.0,voiture,voiture,1,1,9,2,2
202200010172,2022-02-08 07:50:00,2022,2,8,7,50,972,97213,ROUTE NATIONALE 1,14.61928,-60.99697,Plein jour,Hors agglomération,Hors intersection,Normale,Sans collision,2,1,2,0,1,1,1,2,1,70,1,1,0,0,0,1,53.0,,deux_roues,,1,1,1,1,7
202200010173,2022-06-30 08:29:00,2022,6,30,8,29,69,69388,Avenue Paul Santy,45.73551,4.87027,Plein jour,En agglomération,Intersection en T,Normale,Deux véhicules - côté,4,2,2,2,1,1,1,-1,5,30,2,2,1,0,0,1,56.0,33.0,voiture,deux_roues,1,2,3,1,3
202200010174,2022-02-08 15:20:00,2022,2,8,15,20,971,97101,ROUTE DES ABYMES,16.25794,-61.5197,Plein jour,Hors agglomération,Hors intersection,Normale,Trois véhicules et plus - collisions multiples,2,2,2,0,1,1,1,0,1,50,3,6,4,0,0,2,50.0,21.0,voiture,deux_roues,1,1,1,1,5
202200010175,2022-10-15 08:00:00,2022,10,15,8,0,988,98808,Tribu de Nekoué,-21.235665,165.602,Plein jour,Hors agglomération,Hors intersection,Normale,Autre collision,2,2,2,0,1,1,1,0,3,90,1,1,0,1,0,0,34.0,,voiture,,1,1,1,1,6
202200010176,2022-02-08 08:45:00,2022,2,8,8,45,95,95500,VERDUN (AVENUE DE),49.042927045,2.0906317234,Plein jour,En agglomération,Hors intersection,Normale,Autre collision,4,3,3,0,1,1,1,0,1,50,1,2,1,0,1,0,30.0,,transport_commun,,1,2,1,1,6
202200010177,2022-05-01 23:15:00,2022,5,1,23,15,69,69383,Quai Victor Augagneur,45.75629,4.84041,Nuit avec éclairage allumé,En agglomération,Intersection en T,Normale,Autre collision,4,1,3,1,1,1,1,6,1,50,1,2,1,0,0,1,,,voiture,,5,2,3,1,6
202200010178,2022-10-14 17:00:00,2022,10,14,17,0,986,98613,Vailala,-13.221478,-176.201857,Crépuscule ou aube,Hors agglomération,Hors intersection,Normale,Deux véhicules - côté,2,2,2,0,2,1,1,0,1,70,1,2,1,0,1,0,52.0,,utilitaire_camion,,2,1,1,1,3
202200010179,2022-02-07 08:30:00,2022,2,7,8,30,91,91425,RUE DES BOURGUIGNONS,48.64746,2.27518,Plein jour,En agglomération,Autre intersection,Normale,Deux véhicules - arrière,3,1,1,0,1,3,1,0,1,50,2,2,0,0,0,2,29.0,32.0,voiture,voiture,1,2,9,1,2
202200010180,2022-07-01 00:01:00,2022,7,1,0,1,69,69384,12 Cours d'Herbouville,45.77529,4.83909,Nuit avec éclairage allumé,En agglomération,Hors intersection,Pluie forte,Deux véhicules - côté,4,4,3,3,1,1,3,0,1,30,2,3,1,0,0,2,57.0,36.0,voiture,deux_roues,5,2,1,3,3
202200010181,2022-10-14 19:15:00,2022,10,14,19,15,973,97311,D9,5.5527342913,-53.9342772961,Nuit sans éclairage public,Hors agglomération,Hors intersection,Normale,Deux véhicules - frontale,3,2,2,0,1,1,1,0,3,70,2,4,0,1,3,0,25.0,21.0,voiture,voiture,3,1,1,1,1
202200010182,2022-06-30 12:00:00,2022,6,30,12,0,95,95063,RUE JEAN CARRASSO,48.9210305556,2.2175592184,Plein jour,En agglomération,Hors intersection,Pluie légère,Deux véhicules - frontale,3,2,2,0,1,1,2,0,1,50,2,2,1,1,0,0,27.0,75.0,voiture,deux_roues,1,2,1,2,1
202200010183,2022-02-03 21:00:00,2022,2,3,21,0,80,80131,CD 4935,49.85731,2.38157,Nuit sans éclairage public,Hors agglomération,Intersection en T,Pluie légère,Deux véhicules - côté,3,2,2,0,1,2,2,0,1,80,2,3,1,0,0,2,35.0,35.0,voiture,voiture,3,1,3,2,3
202200010184,2022-10-14 23:15:00,2022,10,14,23,15,77,77154,D20,48.81992,2.907794,Nuit sans éclairage public,Hors agglomération,Hors intersection,Pluie légère,Autre collision,3,2,2,0,1,1,2,2,3,80,1,1,0,0,0,1,21.0,,voiture,,3,1,1,2,6
202200010185,2022-06-30 07:45:00,2022,6,30,7,45,91,91691,HOCHE(RUE),48.69575,2.48453,Plein jour,En agglomération,Intersection en X,Pluie légère,Deux véhicules - côté,4,2,2,0,1,1,2,0,1,50,2,2,1,0,0,1,56.0,52.0,voiture,voiture,1,2,2,2,3
202200010186,2022-02-03 21:20:00,2022,2,3,21,20,78,78531,RUE NATIONALE,49.00438,1.6198,Nuit avec éclairage allumé,En agglomération,Hors intersection,Normale,Deux véhicules - frontale,3,2,2,0,1,2,1,0,1,50,2,3,0,0,3,0,29.0,33.0,voiture,voiture,5,2,1,1,1
202200010187,2022-06-29 01:40:00,2022,6,29,1,40,90,90010,KENNEDY (BOULEVARD),47.628,6.844,Nuit avec éclairage allumé,En agglomération,Hors intersection,Normale,Autre collision,3,2,0,0,1,2,1,0,3,50,1,1,0,0,1,0,29.0,,utilitaire_camion,,5,2,1,1,6
202200010188,2022-09-24 19:45:00,2022,9,24,19,45,91,91411,D838,48.68183,2.075536,Nuit avec éclairage allumé,En agglomération,Autre intersection,Normale,Deux véhicules - frontale,3,3,2,0,2,4,1,0,1,70,2,2,1,0,1,0,61.0,76.0,voiture,voiture,5,2,9,1,1
202200010189,2022-02-08 14:20:00,2022,2,8,14,20,76,76540,Avenue Gustave Flaubert,49.44476,1.06336,Plein jour,Hors agglomération,Hors intersection,Normale,Trois véhicules et plus - collisions multiples,2,3,6,0,1,1,1,2,1,70,3,3,2,0,0,1,37.0,52.0,voiture,voiture,1,1,1,1,5
202200010190,2022-04-30 04:30:00,2022,4,30,4,30,84,84007,C.De GAULLE (Rocade),43.932,4.82891,Nuit avec éclairage allumé,En agglomération,Hors intersection,Normale,Trois véhicules et plus - collisions multiples,4,3,4,0,1,2,1,0,1,50,3,6,2,0,3,1,32.0,52.0,voiture,voiture,5,2,1,1,5
202200010191,2022-02-08 11:30:00,2022,2,8,11,30,74,74281,ITALIENS (RUE DES),46.36952,6.47603,Plein jour,En agglomération,Intersection en T,Normale,Autre collision,4,2,2,0,1,2,1,5,1,50,1,2,1,0,1,0,30.0,,utilitaire_camion,,1,2,3,1,6
202200010192,2022-10-14 19:30:00,2022,10,14,19,30,2A,2A300,Route de Bastia,41.645931,9.296343,Nuit sans éclairage public,Hors agglomération,Hors intersection,Normale,Trois véhicules et plus - collisions multiples,2,2,2,0,1,1,1,0,1,80,3,8,2,0,2,4,59.0,41.0,voiture,voiture,3,1,1,1,5
202200010193,2022-06-29 22:20:00,2022,6,29,22,20,83,83123,BANDOL (ROUTE)N° PAIRS,43.12722,5.78562,Nuit avec éclairage allumé,En agglomération,Hors intersection,Normale,Autre collision,3,2,2,0,1,1,1,0,1,50,1,2,1,0,0,1,21.0,,deux_roues,,5,2,1,1,6
202200010194,2022-02-08 08:20:00,2022,2,8,8,20,74,74298,BONNEVILLE (ROUTE DE ),46.16865,6.2664,Plein jour,Hors agglomération,Hors intersection,Normale,Deux véhicules - frontale,3,2,2,0,1,4,1,0,1,70,2,2,1,0,0,1,38.0,65.0,utilitaire_camion,voiture,1,1,1,1,1
202200010195,2022-06-30 14:40:00,2022,6,30,14,40,83,83034,ROUTE DE LA BENOITE,43.099192,6.080008,Plein jour,En agglomération,Hors intersection,Normale,Deux véhicules - côté,4,2,2,0,2,1,1,0,1,50,2,2,1,0,0,1,66.0,33.0,voiture,voiture,1,2,1,1,3
202200010196,2022-08-22 03:00:00,2022,8,22,3,0,66,66011,10 Chemin de Brouilla,42.603586,2.894683,Nuit avec éclairage non allumé,En agglomération,Intersection en X,Normale,Autre collision,4,2,2,0,1,1,1,0,4,30,1,3,0,0,2,1,18.0,,voiture,,4,2,2,1,6
202200010197,2022-02-07 11:15:00,2022,2,7,11,15,71,71059,EPINAC (ROUTE D'),46.81702,4.4546,Plein jour,En agglomération,Hors intersection,Normale,Autre collision,3,2,2,0,1,2,1,0,3,50,1,1,0,0,0,1,83.0,,voiture,,1,2,1,1,6
202200010198,2022-06-27 16:20:00,2022,6,27,16,20,83,83118,AVENUE GÉNÉRAL LECLERC,43.42712,6.76761,Plein jour,En agglomération,Hors intersection,Normale,Autre collision,4,2,2,0,1,1,1,0,1,50,1,2,1,0,1,0,72.0,,deux_roues,,1,2,1,1,6
202200010199,2022-09-27 09:00:00,2022,9,27,9,0,34,34213,D613 PK 48+390,43.47737,3.692822,Plein jour,Hors agglomération,Hors intersection,Normale,Deux véhicules - côté,3,1,2,0,1,1,1,0,1,80,2,2,1,0,1,0,31.0,52.0,deux_roues,voiture,1,1,1,1,3