accident_id,datetime,annee,mois,jour,heure,minute,departement,commune_insee,adresse,latitude,longitude,luminosite,agglomeration,intersection,meteo,collision,catr,circ,nbv,vosp,prof,plan,surf,infra,situ,vma,nb_vehicules,nb_usagers,nb_indemnes,nb_tues,nb_blesses_hosp,nb_blesses_legers,age_cond_1,age_cond_2,veh_type_cond_1,veh_type_cond_2,lum_code,agg_code,int_code,atm_code,col_code
202200010382,2022-06-30 14:10:00,2022,6,30,14,10,75,75115,RUE BRANCION,48.832658,2.303416,Plein jour,En agglomération,Hors intersection,Pluie légère,Trois véhicules et plus - en chaîne,4,1,1,2,1,1,2,0,1,30,3,3,2,0,0,1,39.0,44.0,utilitaire_camion,voiture,1,2,1,2,4
202200010383,2022-02-07 10:10:00,2022,2,7,10,10,92,92064,GEORGES CLEMENCEAU,48.8416736776,2.2213475034,Plein jour,En agglomération,Place,Normale,Deux véhicules - arrière,3,1,3,0,1,1,1,0,1,50,2,2,1,0,0,1,74.0,56.0,deux_roues,utilitaire_camion,1,2,7,1,2
202200010384,2022-10-13 19:15:00,2022,10,13,19,15,69,69029,87 Boulevard Pinel,45.73902,4.89206,Nuit avec éclairage allumé,En agglomération,Autre intersection,Pluie légère,Deux véhicules - côté,4,2,3,2,1,1,2,0,1,50,2,2,1,0,1,0,46.0,33.0,voiture,deux_roues,5,2,9,2,3
202200010385,2022-02-08 16:45:00,2022,2,8,16,45,92,92063,REGNAULT (RUE HENRI),48.8593137162,2.1835506856,Plein jour,En agglomération,Hors intersection,Normale,Autre collision,4,-1,2,0,1,1,1,0,1,30,1,2,1,0,0,1,,,transport_commun,,1,2,1,1,6
202200010386,2022-06-29 19:24:00,2022,6,29,19,24,75,75114,AVENUE DU MAINE,48.838522,2.322615,Plein jour,En agglomération,Intersection en T,Normale,Autre collision,4,2,5,0,1,1,1,0,1,30,2,2,1,0,0,1,38.0,,deux_roues,voiture,1,2,3,1,6
202200010387,2022-10-13 08:30:00,2022,10,13,8,30,67,67482,FAUBOURG DE PIERRE (RUE DU),48.58702,7.7465,Plein jour,En agglomération,Intersection en T,Normale,Autre collision,4,2,3,3,1,1,1,2,1,30,1,2,1,0,0,1,29.0,,deux_roues,,1,2,3,1,6
202200010388,2022-02-08 11:40:00,2022,2,8,11,40,92,92036,PIERRE TIMBAUD (RUE) (1/45),48.932932693,2.3019337356,Plein jour,En agglomération,Giratoire,Normale,Deux véhicules - côté,3,1,3,0,1,2,1,0,1,50,2,2,1,0,0,1,26.0,29.0,deux_roues,utilitaire_camion,1,2,6,1,3
202200010389,2022-06-30 20:50:00,2022,6,30,20,50,75,75111,BOULEVARD RICHARD LENOIR,48.8577822978,2.3709252477,Crépuscule ou aube,En agglomération,Intersection en X,Normale,Deux véhicules - côté,4,1,2,0,1,1,1,0,1,30,2,3,1,0,0,2,28.0,,deux_roues,deux_roues,2,2,2,1,3
202200010390,2022-02-07 18:10:00,2022,2,7,18,10,92,92036,MARCEL PAUL (AVENUE) (1/103),48.943928692,2.3035437316,Plein jour,En agglomération,Intersection en T,Normale,Deux véhicules - côté,3,2,2,0,1,1,1,0,1,50,2,2,1,0,0,1,21.0,32.0,utilitaire_camion,deux_roues,1,2,3,1,3
202200010391,2022-10-12 17:45:00,2022,10,12,17,45,66,66136,,42.67672,2.86823,Crépuscule ou aube,Hors agglomération,Hors intersection,Normale,Trois véhicules et plus - en chaîne,3,3,4,0,1,1,1,0,1,110,3,3,1,0,0,2,62.0,44.0,voiture,utilitaire_camion,2,1,1,1,4
202200010392,2022-06-29 23:40:00,2022,6,29,23,40,75,75111,PLACE DE LA BASTILLE,48.853348,2.370371,Nuit avec éclairage allumé,En agglomération,Place,Normale,Deux véhicules - côté,4,2,3,0,1,1,1,0,1,50,2,2,1,0,0,1,31.0,29.0,voiture,deux_roues,5,2,7,1,3
202200010393,2022-06-30 17:27:00,2022,6,30,17,27,75,75109,PLACE D ANVERS,48.8818,2.344956,Plein jour,En agglomération,Intersection en Y,Normale,Autre collision,4,-1,1,0,1,1,1,0,1,30,1,2,1,0,1,0,32.0,,voiture,,1,2,4,1,6
202200010394,2022-02-07 13:45:00,2022,2,7,13,45,92,92026,VERDUN (DE 01 A 61),48.898213504,2.2629582881,Plein jour,En agglomération,Hors intersection,Normale,Deux véhicules - côté,3,2,2,0,1,1,1,0,1,50,2,2,1,0,0,1,26.0,37.0,deux_roues,voiture,1,2,1,1,3
202200010395,2022-10-12 16:54:00,2022,10,12,16,54,66,66136,,42.72401,2.89827,Plein jour,En agglomération,Giratoire,Normale,Deux véhicules - frontale,4,2,2,0,1,1,1,0,1,50,2,2,1,0,0,1,22.0,55.0,utilitaire_camion,voiture,1,2,6,1,1
202200010396,2022-06-30 11:55:00,2022,6,30,11,55,75,75109,RUE AUBER,48.873413,2.327683,Plein jour,En agglomération,Hors intersection,Pluie forte,Autre collision,4,2,3,3,1,1,2,-1,6,30,1,3,1,0,0,2,50.0,,transport_commun,,1,2,1,3,6
202200010397,2022-10-12 14:06:00,2022,10,12,14,6,66,66136,LECLERC (AVENUE DU GENERAL),42.70181,2.89161,Plein jour,En agglomération,Hors intersection,Normale,Autre collision,4,2,2,0,1,3,1,0,1,50,1,2,1,0,0,1,29.0,,voiture,,1,2,1,1,6
202200010398,2022-06-30 15:00:00,2022,6,30,15,0,75,75108,RUE DE MIROMESNIL,48.874254,2.315879,Plein jour,En agglomération,Hors intersection,Temps couvert,Deux véhicules - arrière,4,1,1,0,2,1,2,0,1,30,2,2,1,0,0,1,29.0,32.0,deux_roues,voiture,1,2,1,8,2
202200010399,2022-02-07 23:40:00,2022,2,7,23,40,92,92050,SARTROUVILLE (RUE DE ),48.917955484,2.223961249,Nuit avec éclairage allumé,En agglomération,Intersection en X,Normale,Deux véhicules - arrière,3,1,3,0,1,1,1,0,1,30,2,5,1,0,1,3,23.0,40.0,voiture,voiture,5,2,2,1,2
202200010400,2022-06-29 12:47:00,2022,6,29,12,47,75,75116,RUE SCHEFFER,48.862822,2.280973,Plein jour,En agglomération,Intersection en X,Normale,Deux véhicules - côté,4,1,1,0,1,1,1,0,1,30,2,2,1,0,0,1,48.0,89.0,voiture,voiture,1,2,2,1,3
202200010401,2022-10-12 07:05:00,2022,10,12,7,5,64,64024,Rond point de Bahinos,43.49467,-1.51878,Nuit avec éclairage allumé,En agglomération,Giratoire,Normale,Deux véhicules - arrière,4,2,1,0,1,2,1,0,1,50,2,2,1,0,0,1,47.0,46.0,deux_roues,voiture,5,2,6,1,2
202200010402,2022-06-30 08:00:00,2022,6,30,8,0,75,75101,BOULEVARD DE SEBASTOPOL,48.862469,2.35044,Plein jour,En agglomération,Intersection en T,Pluie légère,Sans collision,4,2,4,1,1,1,2,-1,5,30,1,1,0,0,0,1,57.0,,deux_roues,,1,2,3,2,7
202200010403,2022-02-08 12:20:00,2022,2,8,12,20,92,92024,JEAN JAURES (BD) DE (1 A 45)   (2 A 54),48.8978309147,2.3080301285,Plein jour,En agglomération,Intersection en T,Normale,Autre collision,3,1,3,2,1,1,1,0,1,50,1,2,1,0,0,1,23.0,,deux_roues,,1,2,3,1,6
202200010404,2022-10-11 19:35:00,2022,10,11,19,35,62,62624,,50.41338,2.9891,Nuit avec éclairage allumé,En agglomération,Giratoire,Normale,Autre collision,3,1,1,0,1,1,1,0,8,50,1,2,1,0,1,0,43.0,,utilitaire_camion,,5,2,6,1,6
202200010405,2022-06-29 11:50:00,2022,6,29,11,50,75,75102,RUE ETIENNE MARCEL,48.864726,2.345452,Plein jour,En agglomération,Intersection en Y,Normale,Autre collision,4,2,3,0,1,1,1,0,1,30,1,2,1,0,0,1,51.0,,deux_roues,,1,2,4,1,6
202200010406,2022-02-08 14:25:00,2022,2,8,14,25,92,92012,JEAN BAPTISTE CLEMENT (AVENUE) ,48.8461114472,2.2376489639,Plein jour,En agglomération,Intersection en T,Normale,Autre collision,4,2,2,0,1,1,1,0,1,50,1,2,1,0,0,1,74.0,,voiture,,1,2,3,1,6
202200010407,2022-06-30 08:30:00,2022,6,30,8,30,94,94081,ROUGET DE L ISLE (AV),48.778955,2.396264,Plein jour,En agglomération,Hors intersection,Pluie légère,Autre collision,3,3,2,0,1,1,2,0,1,50,1,2,0,0,0,2,22.0,,deux_roues,,1,2,1,2,6
202200010408,2022-02-08 13:45:00,2022,2,8,13,45,49,49092,D171 valanjou,47.203476,-0.599399,Plein jour,Hors agglomération,Intersection en Y,Normale,Deux véhicules - frontale,3,2,2,0,1,2,1,0,1,80,2,3,1,0,1,1,27.0,28.0,utilitaire_camion,voiture,1,1,4,1,1
202200010409,2022-02-09 11:00:00,2022,2,9,11,0,31,31250,Route de Rieumes,43.358823,1.120246,Plein jour,Hors agglomération,Hors intersection,Temps éblouissant,Deux véhicules - frontale,3,2,2,0,2,1,1,0,1,80,2,3,2,0,1,0,29.0,85.0,voiture,voiture,1,1,1,7,1
202200010410,2022-06-27 18:00:00,2022,6,27,18,0,94,94068,MESNIL (AV DU),48.79824,2.51686,Plein jour,En agglomération,Intersection en X,Normale,Deux véhicules - côté,4,2,2,0,1,1,1,0,1,30,2,3,1,0,1,1,24.0,27.0,voiture,voiture,1,2,2,1,3
202200010411,2022-10-08 09:30:00,2022,10,8,9,30,62,62193,CURIE (BOULEVARD),50.93941,1.863904,Plein jour,En agglomération,Intersection en T,Normale,Autre collision,4,2,2,0,1,1,1,5,1,50,1,2,1,0,0,1,62.0,,voiture,,1,2,3,1,6
202200010412,2022-06-30 10:45:00,2022,6,30,10,45,94,94058,GENERAL DE GAULLE (AV DU),48.835735,2.512779,Plein jour,En agglomération,Hors intersection,Pluie légère,Deux véhicules - arrière,3,2,2,0,2,1,2,0,1,50,2,2,1,0,0,1,49.0,31.0,voiture,voiture,1,2,1,2,2
202200010413,2022-02-08 19:07:00,2022,2,8,19,7,83,83054,A57,43.161456,6.049658,Nuit sans éclairage public,Hors agglomération,Hors intersection,Normale,Trois véhicules et plus - en chaîne,1,1,4,0,1,1,1,0,1,110,4,4,2,0,0,2,41.0,22.0,voiture,voiture,3,1,1,1,4
202200010414,2022-06-30 07:30:00,2022,6,30,7,30,94,94042,EUROPE (BD DE L),48.814368,2.464456,Plein jour,En agglomération,Hors intersection,Pluie légère,Trois véhicules et plus - en chaîne,3,2,2,0,1,1,2,0,1,30,3,3,2,0,0,1,62.0,51.0,deux_roues,voiture,1,2,1,2,4
202200010415,2022-02-08 11:15:00,2022,2,8,11,15,01,01399,départementale 1005,46.298434,6.071877,Plein jour,En agglomération,Autre intersection,Normale,Deux véhicules - frontale,3,2,2,0,1,1,1,0,1,50,2,2,1,0,1,0,75.0,33.0,voiture,deux_roues,1,2,9,1,1
202200010416,2022-06-30 12:05:00,2022,6,30,12,5,94,94047,Rue de Brie,48.7,2.54,Plein jour,En agglomération,Hors intersection,Pluie légère,Sans collision,3,2,2,0,1,1,2,0,1,30,1,1,0,0,0,1,19.0,,deux_roues,,1,2,1,2,7
202200010417,2022-02-09 14:30:00,2022,2,9,14,30,54,54153,RD 901,49.0162689603,5.8479908091,Plein jour,Hors agglomération,Intersection en X,Normale,Deux véhicules - côté,3,2,2,0,1,1,1,0,1,80,2,4,0,0,0,4,19.0,46.0,voiture,voiture,1,1,2,1,3
202200010418,2022-06-30 12:00:00,2022,6,30,12,0,94,94075,Avenue de la Mairie / Rue des Pervenches,48.7226284323,2.5352427363,Plein jour,En agglomération,Intersection en T,Pluie légère,Autre collision,4,1,1,0,1,1,2,0,4,30,1,1,0,0,0,1,30.0,,utilitaire_camion,,1,2,3,2,6
202200010419,2022-06-29 17:40:00,2022,6,29,17,40,94,94048,Route Nationale 19 / Rue du Vallon,48.72746,2.5395,Plein jour,En agglomération,Intersection en X,Normale,Deux véhicules - arrière,2,3,4,0,2,1,1,0,1,50,2,2,1,0,0,1,40.0,52.0,voiture,deux_roues,1,2,2,1,2
202200010420,2022-02-09 07:45:00,2022,2,9,7,45,47,47059,Colas Billau,44.582979,0.166318,Plein jour,Hors agglomération,Intersection en X,Normale,Trois véhicules et plus - collisions multiples,3,2,2,0,1,1,1,0,1,80,3,4,0,0,2,2,45.0,42.0,voiture,voiture,1,1,2,1,5
202200010421,2022-06-30 17:00:00,2022,6,30,17,0,93,93059,Avenue Lénine,48.95877,2.35885,Plein jour,En agglomération,Hors intersection,Normale,Autre collision,3,2,4,0,1,1,1,0,1,50,1,2,1,0,0,1,72.0,,voiture,,1,2,1,1,6
202200010422,2022-02-09 16:12:00,2022,2,9,16,12,69,69133,Avenue Gilbert Fabre,45.631738,4.783055,Plein jour,En agglomération,Intersection en T,Temps éblouissant,Autre collision,3,2,2,0,2,1,1,0,1,-1,1,2,1,0,0,1,51.0,,voiture,,1,2,3,7,6
202200010423,2022-06-30 22:30:00,2022,6,30,22,30,93,93071,Boulevard Westinghouse / Allee de Bir Hakeim,48.928387,2.518599,Nuit avec éclairage allumé,En agglomération,Intersection en T,Normale,Deux véhicules - côté,3,3,4,0,1,1,1,0,1,50,2,2,1,0,1,0,25.0,47.0,voiture,deux_roues,5,2,3,1,3
202200010424,2022-02-08 08:30:00,2022,2,8,8,30,51,51153,D3,49.025649,4.021715,Plein jour,Hors agglomération,Hors intersection,Normale,Deux véhicules - côté,3,2,2,0,1,1,1,0,1,90,2,2,1,0,0,1,21.0,46.0,voiture,voiture,1,1,1,1,3
202200010425,2022-06-30 09:00:00,2022,6,30,9,0,93,93071,Allée de Surièges / Allée du Maréchal Gérard,48.93057,2.51545,Plein jour,En agglomération,Passage à niveau,Pluie légère,Deux véhicules - côté,4,2,2,0,1,1,2,4,6,50,2,2,1,0,0,1,23.0,51.0,transport_commun,voiture,1,2,8,2,3
202200010426,2022-02-09 08:47:00,2022,2,9,8,47,74,74236,201 Route de Saint-Gervais,45.905929,6.705938,Plein jour,En agglomération,Autre intersection,Normale,Autre collision,3,3,2,0,2,1,1,9,8,30,1,2,1,0,0,1,27.0,,voiture,,1,2,9,1,6
202200010427,2022-02-01 08:25:00,2022,2,1,8,25,44,44003,336 Rue Francois Rene Chateaubriand,47.375556,-1.179909,Plein jour,En agglomération,Hors intersection,Normale,Autre collision,4,2,2,0,1,1,1,0,1,50,1,2,1,0,1,0,25.0,,voiture,,1,2,1,1,6
202200010428,2022-06-30 13:34:00,2022,6,30,13,34,93,93051,Boulevard du Mont d'Est / Route de Villiers,48.8434,2.54797,Plein jour,En agglomération,Giratoire,Pluie forte,Sans collision,3,1,3,1,1,2,2,0,1,50,2,2,1,0,0,1,27.0,68.0,deux_roues,voiture,1,2,6,3,7
202200010429,2022-02-09 19:05:00,2022,2,9,19,5,38,38386,D28,45.478151,5.634661,Nuit sans éclairage public,Hors agglomération,Hors intersection,Normale,Autre collision,3,2,2,0,1,2,1,0,8,-1,1,1,0,1,0,0,72.0,,voiture,,3,1,1,1,6
202200010430,2022-02-09 16:10:00,2022,2,9,16,10,02,02504,35 Rue Paul Sebbe,49.743483,3.255816,Plein jour,En agglomération,Hors intersection,Normale,Autre collision,3,2,2,0,1,1,1,0,1,50,1,2,1,0,1,0,86.0,,voiture,,1,2,1,1,6
202200010431,2022-06-30 08:18:00,2022,6,30,8,18,93,93031,Rue des Carrières / Rue de Marseille,48.95811,2.29397,Plein jour,En agglomération,Intersection en X,Pluie légère,Autre collision,4,2,2,0,1,1,2,0,1,50,1,2,1,0,0,1,50.0,,transport_commun,,1,2,2,2,6
202200010432,2022-02-08 16:59:00,2022,2,8,16,59,72,72241,Chemin du Piolay,48.038854,0.42822,Crépuscule ou aube,Hors agglomération,Hors intersection,Normale,Sans collision,4,2,1,0,1,1,1,0,3,50,1,1,0,0,0,1,19.0,,deux_roues,,2,1,1,1,7
202200010433,2022-06-30 08:13:00,2022,6,30,8,13,93,93001,LUCIEN LEFRANC (QUAI),48.9111232709,2.3738508556,Plein jour,En agglomération,Hors intersection,Pluie légère,Deux véhicules - côté,3,2,2,0,1,1,2,0,1,50,2,2,1,0,0,1,64.0,46.0,utilitaire_camion,deux_roues,1,2,1,2,3
202200010434,2022-06-29 18:25:00,2022,6,29,18,25,92,92064,REPUBLIQUE,48.8504297547,2.2133953571,Plein jour,En agglomération,Hors intersection,Normale,Autre collision,3,2,2,0,1,1,1,0,1,50,1,2,1,0,0,1,43.0,,voiture,,1,2,1,1,6
202200010435,2022-02-08 19:05:00,2022,2,8,19,5,14,14694,D45,49.20615,0.160235,Nuit sans éclairage public,Hors agglomération,Hors intersection,Normale,Deux véhicules - frontale,3,2,2,0,2,1,1,0,1,90,2,4,0,0,0,4,27.0,29.0,voiture,voiture,3,1,1,1,1
202200010436,2022-06-28 20:45:00,2022,6,28,20,45,92,92033,COLONEL DE ROCHEBRUNE,48.8550852313,2.1967045739,Crépuscule ou aube,En agglomération,Hors intersection,Autre,Deux véhicules - côté,3,2,2,0,1,1,1,0,1,50,2,2,1,0,0,1,29.0,29.0,voiture,deux_roues,2,2,1,9,3
202200010437,2022-02-08 15:17:00,2022,2,8,15,17,21,21247,Rue du Bedeau,47.517661,4.169381,Plein jour,Hors agglomération,Hors intersection,Normale,Deux véhicules - côté,4,2,2,0,1,1,1,0,1,80,2,2,1,0,0,1,69.0,74.0,voiture,deux_roues,1,1,1,1,3
202200010438,2022-06-30 17:24:00,2022,6,30,17,24,92,92049,JAURES AV. JEAN N°1 A 51 ET 2 A 50,48.8170316465,2.3143488765,Plein jour,En agglomération,Hors intersection,Normale,Sans collision,4,2,2,0,1,1,1,0,1,50,1,1,0,0,0,1,23.0,,deux_roues,,1,2,1,1,7
202200010439,2022-02-08 12:00:00,2022,2,8,12,0,85,85073,Les Trois Fontaines,46.5164196,-1.15286439,Plein jour,Hors agglomération,Hors intersection,Normale,Autre collision,4,2,1,0,1,1,1,0,3,80,1,1,0,0,0,1,55.0,,voiture,,1,1,1,1,6
202200010440,2022-06-29 17:06:00,2022,6,29,17,6,92,92025,AUDRA (AV),48.9279508485,2.2500139475,Plein jour,En agglomération,Hors intersection,Normale,Autre collision,4,2,2,0,1,1,1,0,1,30,1,2,1,0,0,1,18.0,,deux_roues,,1,2,1,1,6
202200010441,2022-02-03 22:15:00,2022,2,3,22,15,17,17236,Avenue de Saintonge,45.385099,-0.566944,Nuit avec éclairage allumé,En agglomération,Hors intersection,Normale,Sans collision,4,2,2,0,2,1,1,0,3,50,1,1,0,0,1,0,72.0,,utilitaire_camion,,5,2,1,1,7
202200010442,2022-02-08 18:05:00,2022,2,8,18,5,30,30188, route des vignerons,44.024391,4.168008,Crépuscule ou aube,Hors agglomération,Hors intersection,Normale,Autre collision,3,2,2,0,1,1,1,0,3,80,1,2,1,0,1,0,44.0,,voiture,,2,1,1,1,6
202200010443,2022-06-30 17:51:00,2022,6,30,17,51,92,92024,VICTOR HUGO (BD),48.8999088698,2.3144518733,Plein jour,En agglomération,Intersection en X,Normale,Deux véhicules - côté,3,2,4,0,1,1,1,0,1,50,2,2,1,0,0,1,42.0,32.0,deux_roues,voiture,1,2,2,1,3
202200010444,2022-02-05 09:45:00,2022,2,5,9,45,52,52423,2 Route de Joinville,48.256009,5.333471,Plein jour,En agglomération,Hors intersection,Normale,Deux véhicules - frontale,3,2,2,0,1,1,1,0,1,50,2,2,0,0,0,2,23.0,58.0,voiture,voiture,1,2,1,1,1
202200010445,2022-06-30 09:30:00,2022,6,30,9,30,92,92060,FRANCOIS MANSARD (RUE),48.7794170698,2.2543124556,Plein jour,En agglomération,Hors intersection,Pluie légère,Deux véhicules - frontale,4,1,1,0,1,1,2,0,1,30,2,2,1,0,0,1,29.0,26.0,voiture,deux_roues,1,2,1,2,1
202200010446,2022-02-07 09:30:00,2022,2,7,9,30,03,03118,A71,46.085696,3.130782,Plein jour,Hors agglomération,Hors intersection,Normale,Deux véhicules - côté,1,3,4,0,2,2,1,0,1,130,2,2,1,0,1,0,26.0,21.0,voiture,voiture,1,1,1,1,3
202200010447,2022-06-30 09:15:00,2022,6,30,9,15,35,35045,D777,47.795463,-2.009264,Plein jour,Hors agglomération,Intersection en X,Temps couvert,Deux véhicules - côté,3,2,2,0,1,1,2,0,1,80,2,3,1,2,0,0,60.0,19.0,utilitaire_camion,voiture,1,1,2,8,3
202200010448,2022-02-08 17:13:00,2022,2,8,17,13,34,34337,Rue des Myosotis,43.528502,3.865192,Crépuscule ou aube,En agglomération,Hors intersection,Normale,Autre collision,4,2,2,0,1,1,1,0,1,50,1,2,1,0,0,1,50.0,,voiture,,2,2,1,1,6
202200010449,2022-07-01 15:53:00,2022,7,1,15,53,01,01007,Rd1075,45.989523,5.34399,Plein jour,Hors agglomération,Intersection en T,Temps éblouissant,Deux véhicules - côté,3,2,2,0,1,1,1,5,1,80,2,2,1,0,1,0,34.0,15.0,voiture,deux_roues,1,1,3,7,3
202200010450,2022-02-08 15:00:00,2022,2,8,15,0,01,01072,,46.186434,5.298516,Plein jour,Hors agglomération,Hors intersection,Normale,Deux véhicules - côté,1,3,3,0,1,1,1,0,2,130,2,2,1,0,0,1,46.0,34.0,utilitaire_camion,utilitaire_camion,1,1,1,1,3
202200010451,2022-02-09 13:00:00,2022,2,9,13,0,06,06085,588 Chemin des Cabrières,43.583737,6.990287,Plein jour,En agglomération,Hors intersection,Normale,Deux véhicules - côté,4,4,2,0,2,3,1,0,4,50,1,2,0,0,2,0,55.0,,deux_roues,,1,2,1,1,3
202200010452,2022-06-30 20:20:00,2022,6,30,20,20,16,16012,D24,45.631085,-0.277276,Plein jour,Hors agglomération,Intersection en X,Normale,Deux véhicules - côté,3,2,2,0,1,1,1,0,1,80,2,3,0,0,0,3,62.0,20.0,voiture,voiture,1,1,2,1,3
202200010453,2022-07-01 08:00:00,2022,7,1,8,0,95,95487,151 Avenue Jacques Vogt,49.154913,2.268387,Plein jour,En agglomération,Hors intersection,Normale,Deux véhicules - côté,3,2,2,0,1,1,1,0,1,50,2,2,1,0,0,1,22.0,59.0,voiture,deux_roues,1,2,1,1,3
202200010454,2022-02-08 18:00:00,2022,2,8,18,0,01,01384,Avenue de Savoie,45.950221,5.444772,Crépuscule ou aube,En agglomération,Hors intersection,Normale,Deux véhicules - frontale,3,2,2,0,1,1,1,0,1,50,2,2,1,0,1,0,41.0,38.0,utilitaire_camion,voiture,2,2,1,1,1
202200010455,2022-06-28 11:50:00,2022,6,28,11,50,13,13078,D268,43.422953,4.813884,Plein jour,Hors agglomération,Hors intersection,Normale,Autre collision,3,2,2,0,1,1,1,0,3,80,1,1,0,0,0,1,52.0,,utilitaire_camion,,1,1,1,1,6
202200010456,2022-02-08 10:55:00,2022,2,8,10,55,973,97311,51B route de saint maurice,5.485419,-54.030697,Plein jour,En agglomération,Hors intersection,Normale,Deux véhicules - côté,4,2,2,0,1,1,1,0,1,50,2,3,1,0,0,2,,21.0,voiture,voiture,1,2,1,1,3
202200010457,2022-06-05 22:20:00,2022,6,5,22,20,972,97226,Quartier Pointe Marin,14.439127,-60.878259,Nuit avec éclairage allumé,Hors agglomération,Intersection en Y,Normale,Deux véhicules - frontale,3,2,2,0,1,2,1,9,3,90,2,2,1,0,0,1,,37.0,voiture,deux_roues,5,1,4,1,1
202200010458,2022-02-09 14:10:00,2022,2,9,14,10,33,33333,94 Avenue du Bassin d Arcachon,44.852959,-1.103341,Plein jour,En agglomération,Hors intersection,Normale,Deux véhicules - frontale,3,2,2,0,1,1,1,0,1,70,2,3,0,1,1,1,63.0,85.0,deux_roues,voiture,1,2,1,1,1
202200010459,2022-07-01 12:30:00,2022,7,1,12,30,76,76616,Route de Montivilliers,49.534902,0.232054,Plein jour,Hors agglomération,Hors intersection,Normale,Deux véhicules - côté,3,2,2,0,3,3,1,0,1,80,2,2,1,0,1,0,24.0,63.0,deux_roues,voiture,1,1,1,1,3
202200010460,2022-02-08 07:55:00,2022,2,8,7,55,30,30297,Camping Le Térondel,44.107229,3.482231,Plein jour,Hors agglomération,Hors intersection,Normale,Autre collision,9,2,1,0,2,1,1,0,1,20,1,2,0,0,0,2,57.0,,utilitaire_camion,,1,1,1,1,6
202200010461,2022-07-01 19:32:00,2022,7,1,19,32,30,30174,Route de Saint-Ambroix,44.0607391644,4.3962088376,Plein jour,Hors agglomération,Hors intersection,Normale,Deux véhicules - frontale,3,2,2,0,2,3,1,0,1,-1,2,2,0,0,1,1,43.0,77.0,voiture,deux_roues,1,1,1,1,1
202200010462,2022-02-08 17:40:00,2022,2,8,17,40,83,83023,Route de Marseille,43.408091,6.049004,Crépuscule ou aube,En agglomération,Giratoire,Normale,Autre collision,4,3,1,0,1,3,1,0,1,50,1,2,1,0,1,0,77.0,,voiture,,2,2,6,1,6
202200010463,2022-07-01 11:10:00,2022,7,1,11,10,2B,2B009,Lieu-dit Cateraggio,42.126632,9.510185,Plein jour,Hors agglomération,Autre intersection,Normale,Deux véhicules - côté,2,2,2,0,3,1,1,0,1,80,2,3,2,0,0,1,25.0,67.0,deux_roues,voiture,1,1,9,1,3
202200010464,2022-02-09 11:10:00,2022,2,9,11,10,89,89249,Rue de la Côte Sainte-Anne,48.030996,3.629565,Plein jour,En agglomération,Hors intersection,Normale,Deux véhicules - frontale,3,2,2,0,1,2,1,0,1,50,2,2,1,0,0,1,21.0,65.0,voiture,voiture,1,2,1,1,1
202200010465,2022-06-22 11:34:00,2022,6,22,11,34,77,77436,D55,48.801622,3.211276,Plein jour,En agglomération,Hors intersection,Pluie légère,Deux véhicules - côté,3,2,2,0,1,1,2,0,5,80,2,2,1,0,0,1,29.0,54.0,voiture,voiture,1,2,1,2,3
202200010466,2022-01-12 15:30:00,2022,1,12,15,30,51,51464,Voie communale 14,49.337987,3.760242,Plein jour,Hors agglomération,Hors intersection,Normale,Autre collision,4,2,2,0,1,1,6,0,1,80,2,2,1,0,0,1,27.0,23.0,utilitaire_camion,deux_roues,1,1,1,1,6
202200010467,2022-07-01 10:15:00,2022,7,1,10,15,61,61375,A88,48.682733,0.030588,Plein jour,Hors agglomération,Hors intersection,Normale,Deux véhicules - côté,1,3,4,0,1,1,1,0,1,130,2,2,1,0,0,1,25.0,41.0,utilitaire_camion,voiture,1,1,1,1,3
202200010468,2022-02-09 08:00:00,2022,2,9,8,0,73,73054,D1090,45.625643,6.782624,Plein jour,Hors agglomération,Hors intersection,Normale,Autre collision,3,2,2,0,1,2,1,0,1,80,1,1,0,0,1,0,49.0,,deux_roues,,1,1,1,1,6
202200010469,2022-06-30 17:00:00,2022,6,30,17,0,04,04126,RD 900,44.409091,6.337481,Plein jour,Hors agglomération,Hors intersection,Normale,Sans collision,3,2,2,0,2,2,1,0,3,80,1,1,0,0,1,0,67.0,,deux_roues,,1,1,1,1,7
202200010470,2022-02-08 19:00:00,2022,2,8,19,0,33,33122,332 Avenue du Maréchal de Lattre de Tassigny (rd),44.758558,-0.733681,Nuit avec éclairage allumé,En agglomération,Hors intersection,Normale,Autre collision,3,2,2,0,1,1,1,9,1,50,1,2,1,1,0,0,53.0,,voiture,,5,2,1,1,6
202200010471,2022-06-30 08:35:00,2022,6,30,8,35,19,19135,RD979,45.491179,2.332304,Plein jour,Hors agglomération,Hors intersection,Normale,Deux véhicules - frontale,3,2,2,0,3,1,1,0,1,90,2,2,1,0,1,0,50.0,65.0,deux_roues,voiture,1,1,1,1,1
202200010472,2022-02-08 11:45:00,2022,2,8,11,45,22,22070,Place du Champ au Roy,48.561513,-3.148813,Plein jour,En agglomération,Hors intersection,Normale,Autre collision,3,1,0,0,1,1,1,0,1,50,1,2,1,0,1,0,82.0,,voiture,,1,2,1,1,6
202200010473,2022-07-01 11:05:00,2022,7,1,11,5,56,56036,Lieu-Dit Kerustantin,47.795319,-3.340764,Plein jour,Hors agglomération,Hors intersection,Normale,Trois véhicules et plus - collisions multiples,3,2,2,0,1,1,1,0,1,80,3,3,1,0,2,0,57.0,56.0,utilitaire_camion,utilitaire_camion,1,1,1,1,5