accident_id,datetime,annee,mois,jour,heure,minute,departement,commune_insee,adresse,latitude,longitude,luminosite,agglomeration,intersection,meteo,collision,catr,circ,nbv,vosp,prof,plan,surf,infra,situ,vma,nb_vehicules,nb_usagers,nb_indemnes,nb_tues,nb_blesses_hosp,nb_blesses_legers,age_cond_1,age_cond_2,veh_type_cond_1,veh_type_cond_2,lum_code,agg_code,int_code,atm_code,col_code
202200010474,2022-02-09 14:00:00,2022,2,9,14,0,27,27553,inter D75 / D10 (rue du bois l'abbé),49.137452,1.28172,Plein jour,Hors agglomération,Intersection en T,Normale,Deux véhicules - côté,3,2,2,0,1,1,1,0,1,80,2,5,4,0,0,1,54.0,72.0,voiture,voiture,1,1,3,1,3
202200010475,2022-06-28 19:40:00,2022,6,28,19,40,56,56034,Lieu dit Kergroix,47.635292,-3.053963,Plein jour,Hors agglomération,Hors intersection,Normale,Deux véhicules - frontale,3,2,2,0,1,1,1,0,1,80,2,2,0,0,1,1,69.0,71.0,voiture,voiture,1,1,1,1,1
202200010476,2022-02-08 16:45:00,2022,2,8,16,45,59,59139,Rue Gambetta,50.1204588611,3.4079772234,Plein jour,En agglomération,Intersection en T,Normale,Autre collision,4,1,2,0,1,1,2,0,1,50,1,2,1,0,0,1,80.0,,voiture,,1,2,3,1,6
202200010477,2022-07-01 17:55:00,2022,7,1,17,55,77,77239,N4,48.68861,3.128576,Plein jour,Hors agglomération,Hors intersection,Normale,Autre collision,2,2,2,0,1,1,1,0,1,70,2,4,2,0,0,2,54.0,70.0,voiture,voiture,1,1,1,1,6
202200010478,2022-02-07 20:03:00,2022,2,7,20,3,13,13212,A507 sens Marseille - Aubagne,43.2950207662,5.4244454205,Nuit avec éclairage allumé,Hors agglomération,Hors intersection,Normale,Deux véhicules - arrière,1,1,3,0,2,1,1,1,1,70,2,2,1,0,0,1,24.0,26.0,voiture,voiture,5,1,1,1,2
202200010479,2022-06-30 12:42:00,2022,6,30,12,42,69,69063,Quai de la Jonchère,45.814904,4.846419,Plein jour,En agglomération,Giratoire,Normale,Deux véhicules - côté,7,1,2,2,1,1,1,0,5,50,2,2,1,0,0,1,34.0,,deux_roues,voiture,1,2,6,1,3
202200010480,2022-02-08 17:40:00,2022,2,8,17,40,69,69278,Autoroute 46,45.9046417074,4.8645879876,Plein jour,Hors agglomération,Hors intersection,Normale,Deux véhicules - arrière,1,3,6,0,1,1,1,0,1,130,2,2,0,0,0,2,23.0,21.0,voiture,voiture,1,1,1,1,2
202200010481,2022-02-05 20:50:00,2022,2,5,20,50,59,59284,AUTOROUTE A23,50.4208053629,3.4052279592,Nuit sans éclairage public,Hors agglomération,Hors intersection,Normale,Autre collision,1,-1,4,0,1,1,1,0,1,130,1,2,0,0,0,2,51.0,,voiture,,3,1,1,1,6
202200010482,2022-07-01 17:55:00,2022,7,1,17,55,63,63178,Avenue Pierre Mendes-France,45.551417,3.251524,Plein jour,En agglomération,Hors intersection,Normale,Trois véhicules et plus - en chaîne,3,2,2,0,2,1,1,0,1,50,4,7,6,0,0,1,23.0,43.0,voiture,voiture,1,2,1,1,4
202200010483,2022-02-04 18:20:00,2022,2,4,18,20,59,59560,AUTOROUTE A1,50.532193598,3.0470323563,Nuit sans éclairage public,Hors agglomération,Hors intersection,Normale,Deux véhicules - arrière,1,-1,8,0,1,1,1,0,1,110,2,3,2,0,1,0,52.0,40.0,voiture,deux_roues,3,1,1,1,2
202200010484,2022-06-28 17:15:00,2022,6,28,17,15,61,61168,Route de Domfront,48.584794,-0.366942,Plein jour,En agglomération,Hors intersection,Normale,Sans collision,3,2,2,0,4,1,1,0,1,50,1,1,0,0,0,1,74.0,,deux_roues,,1,2,1,1,7
202200010485,2022-02-08 19:45:00,2022,2,8,19,45,92,92002,AUTOROUTE A6,48.7337741367,2.3159380943,Nuit sans éclairage public,Hors agglomération,Hors intersection,Normale,Deux véhicules - côté,1,3,3,0,1,1,1,0,2,110,2,3,1,0,0,2,40.0,41.0,voiture,voiture,3,1,1,1,3
202200010486,2022-06-10 18:00:00,2022,6,10,18,0,61,61139,D703,48.921117,0.1481,Plein jour,Hors agglomération,Hors intersection,Normale,Autre collision,3,2,2,0,1,3,1,0,3,80,1,2,1,0,1,0,18.0,,voiture,,1,1,1,1,6
202200010487,2022-02-07 18:20:00,2022,2,7,18,20,91,91617,RN 104,48.635262,2.531208,Nuit sans éclairage public,Hors agglomération,Hors intersection,Normale,Deux véhicules - arrière,2,1,2,0,1,1,1,0,1,90,2,2,1,0,0,1,19.0,42.0,voiture,voiture,3,1,1,1,2
202200010488,2022-02-08 07:30:00,2022,2,8,7,30,94,94038,AUTOROUTE A6B,48.7728445669,2.3453178748,Nuit avec éclairage non allumé,Hors agglomération,Hors intersection,Normale,Deux véhicules - arrière,1,1,4,0,1,1,1,0,1,90,2,2,1,0,0,1,30.0,35.0,voiture,voiture,4,1,1,1,2
202200010489,2022-06-23 16:20:00,2022,6,23,16,20,55,55463,16 Rue Notre Dame,48.891694,5.541016,Plein jour,En agglomération,Hors intersection,Normale,Autre collision,3,2,2,0,1,1,1,0,1,50,1,1,0,0,1,0,83.0,,voiture,,1,2,1,1,6
202200010490,2022-02-07 23:42:00,2022,2,7,23,42,91,91661,AUTOROUTE A10,48.69432,2.23173,Nuit sans éclairage public,Hors agglomération,Hors intersection,Normale,Deux véhicules - arrière,1,1,2,0,2,1,1,0,1,110,2,3,2,0,0,1,23.0,31.0,voiture,voiture,3,1,1,1,2
202200010491,2022-02-07 20:00:00,2022,2,7,20,0,94,94016,AUTOROUTE A6A,48.79507,2.34435,Nuit sans éclairage public,Hors agglomération,Hors intersection,Normale,Deux véhicules - arrière,1,-1,2,0,1,1,1,0,1,70,2,2,1,0,0,1,26.0,57.0,deux_roues,voiture,3,1,1,1,2
202200010492,2022-07-01 13:45:00,2022,7,1,13,45,42,42063,D64,45.9063,4.312177,Plein jour,Hors agglomération,Hors intersection,Normale,Autre collision,3,2,2,0,1,1,9,0,3,50,1,2,0,0,0,2,19.0,,voiture,,1,1,1,1,6
202200010493,2022-02-08 08:15:00,2022,2,8,8,15,78,78322,RN12,48.787212,2.147968,Plein jour,Hors agglomération,Hors intersection,Temps couvert,Autre collision,2,1,3,0,2,1,1,0,1,110,1,1,0,0,0,1,36.0,,utilitaire_camion,,1,1,1,8,6
202200010494,2022-07-01 10:25:00,2022,7,1,10,25,42,42254,Route de Néronde,45.863977,4.194138,Plein jour,Hors agglomération,Intersection en Y,Normale,Deux véhicules - frontale,3,2,2,0,2,3,1,0,1,80,2,2,1,0,0,1,12.0,34.0,deux_roues,voiture,1,1,4,1,1
202200010495,2022-02-07 17:50:00,2022,2,7,17,50,78,78043,A12 W,48.82508,2.07451,Crépuscule ou aube,Hors agglomération,Hors intersection,Normale,Deux véhicules - arrière,1,2,4,0,1,1,1,0,1,110,2,2,1,0,0,1,35.0,34.0,deux_roues,voiture,2,1,1,1,2
202200010496,2022-07-01 15:25:00,2022,7,1,15,25,68,68098,86 Rue Principale,47.568502,7.145598,Plein jour,En agglomération,Hors intersection,Normale,Sans collision,3,2,2,0,1,3,1,0,3,50,1,1,0,0,0,1,74.0,,voiture,,1,2,1,1,7
202200010497,2022-02-07 14:40:00,2022,2,7,14,40,78,78238,A13,48.969165,1.86413,Plein jour,Hors agglomération,Hors intersection,Normale,Autre collision,1,1,3,0,1,1,1,0,1,130,1,1,0,0,0,1,28.0,,utilitaire_camion,,1,1,1,1,6
202200010498,2022-07-01 14:55:00,2022,7,1,14,55,25,25157,Pk 80 450 - RN 57,46.8222,6.369887,Plein jour,Hors agglomération,Hors intersection,Normale,Deux véhicules - frontale,2,2,2,0,1,3,1,0,1,70,2,2,0,0,1,1,29.0,34.0,voiture,voiture,1,1,1,1,1
202200010499,2022-02-04 20:15:00,2022,2,4,20,15,78,78423,RN12,48.796281,2.030055,Nuit avec éclairage allumé,Hors agglomération,Hors intersection,Normale,Trois véhicules et plus - en chaîne,2,3,5,0,1,1,1,0,1,110,3,3,1,0,1,1,24.0,41.0,utilitaire_camion,voiture,5,1,1,1,4
202200010500,2022-06-16 15:25:00,2022,6,16,15,25,29,29241,Bourdel-Tremel,47.973691,-3.790476,Plein jour,Hors agglomération,Hors intersection,Normale,Deux véhicules - frontale,4,2,2,0,2,3,1,0,1,80,2,2,1,0,0,1,49.0,57.0,voiture,voiture,1,1,1,1,1
202200010501,2022-02-08 21:45:00,2022,2,8,21,45,95,95582,A15,48.96601,2.25826,Nuit avec éclairage non allumé,Hors agglomération,Hors intersection,Normale,Deux véhicules - arrière,1,3,8,0,1,1,1,0,1,110,2,2,1,0,0,1,22.0,28.0,voiture,voiture,4,1,1,1,2
202200010502,2022-07-01 12:40:00,2022,7,1,12,40,29,29184,D769,48.5987,-3.935595,Plein jour,En agglomération,Hors intersection,Normale,Deux véhicules - côté,3,2,2,0,1,1,1,0,1,50,2,2,1,0,1,0,76.0,45.0,voiture,deux_roues,1,2,1,1,3
202200010503,2022-02-08 14:15:00,2022,2,8,14,15,93,93064,AUTOROUTE A86,48.8833923869,2.4698693137,Plein jour,Hors agglomération,Hors intersection,Normale,Sans collision,1,1,2,0,1,1,1,0,1,70,1,1,0,0,0,1,58.0,,deux_roues,,1,1,1,1,7
202200010504,2022-06-30 19:30:00,2022,6,30,19,30,29,29062,Kroaz Kervenn,48.1724966604,-3.9596529005,Plein jour,Hors agglomération,Hors intersection,Normale,Autre collision,4,2,2,0,1,1,1,0,3,-1,1,1,0,0,1,0,26.0,,deux_roues,,1,1,1,1,6
202200010505,2022-02-08 08:30:00,2022,2,8,8,30,95,95060,A115,49.0333569892,2.1982473135,Plein jour,Hors agglomération,Hors intersection,Normale,Trois véhicules et plus - en chaîne,1,3,4,0,1,1,1,0,1,90,3,3,2,0,1,0,25.0,68.0,deux_roues,voiture,1,1,1,1,4
202200010506,2022-07-01 07:30:00,2022,7,1,7,30,29,29260,Rue d'Armorique,48.4258549592,-4.6162455082,Plein jour,En agglomération,Giratoire,Normale,Deux véhicules - arrière,4,3,2,0,1,1,1,5,1,50,2,3,2,0,1,0,20.0,56.0,voiture,deux_roues,1,2,6,1,2
202200010507,2022-06-29 07:30:00,2022,6,29,7,30,26,26124,route nationale 7,44.845055,4.860798,Plein jour,Hors agglomération,Hors intersection,Normale,Deux véhicules - arrière,2,2,2,0,2,1,1,0,1,90,2,2,1,0,1,0,30.0,33.0,deux_roues,voiture,1,1,1,1,2
202200010508,2022-06-30 23:10:00,2022,6,30,23,10,58,58110,Bois de Montaute,47.158465,3.744793,Nuit sans éclairage public,Hors agglomération,Hors intersection,Normale,Autre collision,3,2,2,0,2,3,1,0,3,80,1,2,0,1,0,1,19.0,,voiture,,3,1,1,1,6
202200010509,2022-02-08 07:30:00,2022,2,8,7,30,92,92036,AUTOROUTE A86,48.9385801095,2.3013526425,Nuit sans éclairage public,Hors agglomération,Hors intersection,Normale,Deux véhicules - arrière,1,3,6,0,1,1,1,0,1,90,2,2,1,0,0,1,45.0,45.0,voiture,voiture,3,1,1,1,2
202200010510,2022-06-29 11:00:00,2022,6,29,11,0,66,66053,,42.512719,3.079643,Plein jour,Hors agglomération,Hors intersection,Normale,Trois véhicules et plus - collisions multiples,3,2,2,0,1,2,1,1,1,70,3,3,2,0,1,0,57.0,71.0,voiture,voiture,1,1,1,1,5
202200010511,2022-06-29 15:25:00,2022,6,29,15,25,72,72262,42 Rue Nationale,47.750603,0.621184,Plein jour,En agglomération,Autre intersection,Normale,Deux véhicules - côté,3,2,2,0,1,1,1,0,1,50,2,3,1,0,0,2,31.0,14.0,voiture,deux_roues,1,2,9,1,3
202200010512,2022-06-30 18:15:00,2022,6,30,18,15,14,14592,D36,49.0640676646,-0.5130762643,Plein jour,Hors agglomération,Hors intersection,Normale,Deux véhicules - côté,3,-1,2,0,1,1,1,0,1,80,2,4,3,0,0,1,62.0,35.0,voiture,voiture,1,1,1,1,3
202200010513,2022-06-30 07:20:00,2022,6,30,7,20,18,18179,,47.166796,2.447211,Plein jour,Hors agglomération,Hors intersection,Pluie légère,Deux véhicules - frontale,3,2,2,0,1,3,2,0,1,70,2,2,1,0,1,0,57.0,22.0,voiture,voiture,1,1,1,2,1
202200010514,2022-07-01 05:44:00,2022,7,1,5,44,10,10254,D951,48.573909671,3.5383272171,Crépuscule ou aube,Hors agglomération,Hors intersection,Normale,Autre collision,3,2,2,0,2,1,2,0,3,80,1,1,0,0,1,0,18.0,,voiture,,2,1,1,1,6
202200010515,2022-06-30 23:00:00,2022,6,30,23,0,36,36127,,46.599962,1.999753,Nuit sans éclairage public,Hors agglomération,Hors intersection,Normale,Autre collision,3,2,2,0,2,2,1,0,3,90,1,2,0,0,1,1,39.0,,utilitaire_camion,,3,1,1,1,6
202200010516,2022-06-30 13:37:00,2022,6,30,13,37,16,16073,D674,45.270862,0.036135,Plein jour,En agglomération,Hors intersection,Normale,Deux véhicules - frontale,3,2,2,0,1,2,2,0,1,50,2,2,1,0,1,0,50.0,69.0,utilitaire_camion,voiture,1,2,1,1,1
202200010517,2022-06-29 08:40:00,2022,6,29,8,40,40,40051,Route de Gaillères,43.8968471579,-0.3885354996,Plein jour,Hors agglomération,Intersection en Y,Normale,Deux véhicules - côté,4,2,2,0,1,1,1,0,1,80,2,2,1,0,1,0,55.0,45.0,deux_roues,autre,1,1,4,1,3
202200010518,2022-07-01 13:50:00,2022,7,1,13,50,85,85172,23 Chemin des cabanes,46.807476,-2.016333,Plein jour,Hors agglomération,Intersection en Y,Normale,Deux véhicules - frontale,4,2,2,0,1,2,1,0,1,80,2,2,1,0,1,0,21.0,69.0,deux_roues,voiture,1,1,4,1,1
202200010519,2022-07-01 07:10:00,2022,7,1,7,10,85,85172,D753,46.81629,-1.99961,Crépuscule ou aube,Hors agglomération,Intersection en X,Temps éblouissant,Deux véhicules - frontale,3,2,2,1,1,1,1,5,1,80,2,2,1,1,0,0,46.0,19.0,deux_roues,utilitaire_camion,2,1,2,7,1
202200010520,2022-07-01 16:30:00,2022,7,1,16,30,85,85051,Le Fief Poulet,46.650931,-1.087174,Plein jour,Hors agglomération,Hors intersection,Normale,Deux véhicules - frontale,4,2,1,0,1,4,1,0,1,-1,2,2,1,0,1,0,21.0,63.0,utilitaire_camion,deux_roues,1,1,1,1,1
202200010521,2022-07-01 18:45:00,2022,7,1,18,45,27,27579,croisement RD 840 et RD 86,49.240823,0.956916,Plein jour,Hors agglomération,Intersection en X,Normale,Deux véhicules - arrière,3,2,2,0,1,1,1,5,1,70,2,2,1,0,1,0,56.0,22.0,voiture,deux_roues,1,1,2,1,2
202200010522,2022-06-30 22:45:00,2022,6,30,22,45,87,87097,RD 951,46.107763,0.905213,Nuit sans éclairage public,Hors agglomération,Giratoire,Normale,Autre collision,3,2,2,0,1,1,1,5,8,90,1,1,0,0,1,0,43.0,,utilitaire_camion,,3,1,6,1,6
202200010523,2022-07-01 01:50:00,2022,7,1,1,50,30,30182,D999,43.855051,4.181789,Nuit sans éclairage public,Hors agglomération,Hors intersection,Normale,Deux véhicules - frontale,3,2,2,0,1,3,1,0,1,80,2,2,0,1,0,1,36.0,64.0,voiture,utilitaire_camion,3,1,1,1,1
202200010524,2022-06-16 08:05:00,2022,6,16,8,5,10,10076,Autoroute A5,48.1305254524,4.664809144,Plein jour,Hors agglomération,Hors intersection,Normale,Deux véhicules - frontale,1,3,4,0,1,1,1,0,1,-1,2,3,2,0,0,1,43.0,28.0,voiture,voiture,1,1,1,1,1
202200010525,2022-06-19 22:45:00,2022,6,19,22,45,973,97307,Matoury,4.877008,-52.337236,Nuit avec éclairage allumé,En agglomération,Hors intersection,Normale,Deux véhicules - frontale,2,2,2,0,2,1,1,0,1,50,2,2,0,1,1,0,27.0,44.0,deux_roues,deux_roues,5,2,1,1,1
202200010526,2022-06-23 11:00:00,2022,6,23,11,0,06,06152,rond-point des bouillides,43.616675,7.038229,Plein jour,Hors agglomération,Giratoire,Pluie légère,Sans collision,3,1,1,0,1,2,2,0,1,30,1,1,0,0,1,0,21.0,,deux_roues,,1,1,6,2,7
202200010527,2022-07-01 14:50:00,2022,7,1,14,50,06,06149,A500,43.746309,7.379932,Plein jour,Hors agglomération,Hors intersection,Normale,Sans collision,1,3,2,0,2,2,1,1,1,90,1,1,0,0,0,1,43.0,,deux_roues,,1,1,1,1,7
202200010528,2022-06-29 16:30:00,2022,6,29,16,30,69,69127,Avenue des Alpes,45.783439,4.713188,Plein jour,En agglomération,Giratoire,Normale,Deux véhicules - arrière,7,2,2,0,1,1,1,5,1,50,2,2,1,0,0,1,62.0,51.0,voiture,utilitaire_camion,1,2,6,1,2
202200010529,2022-07-01 04:40:00,2022,7,1,4,40,30,30189,,43.81358,4.358209,Nuit sans éclairage public,Hors agglomération,Hors intersection,Normale,Trois véhicules et plus - collisions multiples,1,3,3,0,1,1,1,0,1,130,4,7,2,0,1,4,33.0,36.0,voiture,voiture,3,1,1,1,5
202200010530,2022-07-01 21:30:00,2022,7,1,21,30,27,27249,a13 pk 88.300,49.176205,1.243858,Crépuscule ou aube,Hors agglomération,Hors intersection,Normale,Sans collision,1,3,6,0,1,1,1,0,1,130,1,1,0,0,0,1,25.0,,deux_roues,,2,1,1,1,7
202200010531,2022-06-30 16:15:00,2022,6,30,16,15,91,91047,D191,48.503825,2.372103,Plein jour,Hors agglomération,Hors intersection,Temps couvert,Deux véhicules - côté,3,2,2,0,1,1,2,0,1,80,2,2,0,0,1,1,72.0,51.0,voiture,voiture,1,1,1,8,3
202200010532,2022-07-01 14:00:00,2022,7,1,14,0,91,91386,52 Boulevard Charles de Gaulle,48.56484,2.436846,Plein jour,En agglomération,Hors intersection,Normale,Trois véhicules et plus - collisions multiples,3,2,2,0,1,1,1,0,1,50,3,6,3,0,0,3,55.0,44.0,voiture,voiture,1,2,1,1,5
202200010533,2022-06-29 15:05:00,2022,6,29,15,5,83,83035,2006 Avenue des Cigales,43.182139,5.777268,Plein jour,Hors agglomération,Autre intersection,Normale,Deux véhicules - arrière,3,2,2,0,1,1,1,0,1,-1,2,5,3,0,0,2,30.0,38.0,voiture,voiture,1,1,9,1,2
202200010534,2022-07-01 08:20:00,2022,7,1,8,20,83,83107,Route du Col du Bougnon,43.361095,6.673357,Plein jour,En agglomération,Intersection en T,Normale,Deux véhicules - côté,3,2,2,0,2,1,1,0,1,50,2,3,2,0,1,0,24.0,50.0,deux_roues,voiture,1,2,3,1,3
202200010535,2022-07-01 15:40:00,2022,7,1,15,40,13,13067,D24B route Eygalières,43.781029,5.011847,Plein jour,Hors agglomération,Hors intersection,Normale,Deux véhicules - frontale,3,2,2,0,1,3,1,0,3,80,1,1,0,0,1,0,59.0,,deux_roues,,1,1,1,1,1
202200010536,2022-06-11 10:30:00,2022,6,11,10,30,13,13074,D561,43.6456193534,5.5943584442,Plein jour,Hors agglomération,Hors intersection,Normale,Deux véhicules - arrière,7,2,2,0,2,1,1,0,1,80,2,2,1,0,1,0,75.0,59.0,voiture,deux_roues,1,1,1,1,2
202200010537,2022-06-29 19:50:00,2022,6,29,19,50,21,21487,Pluvet,47.2148425737,5.2652807235,Crépuscule ou aube,Hors agglomération,Intersection en T,Temps éblouissant,Deux véhicules - frontale,3,2,2,0,1,1,1,0,1,90,2,3,0,0,1,2,23.0,29.0,voiture,voiture,2,1,3,7,1
202200010538,2022-06-30 23:30:00,2022,6,30,23,30,03,03200,route de Bourbon,46.571098,3.276372,Nuit sans éclairage public,Hors agglomération,Hors intersection,Normale,Autre collision,3,2,2,0,1,1,1,2,3,90,1,1,0,0,1,0,23.0,,voiture,,3,1,1,1,6
202200010539,2022-06-27 18:00:00,2022,6,27,18,0,73,73072,D25,45.5129403206,6.2058079541,Plein jour,Hors agglomération,Hors intersection,Pluie légère,Sans collision,3,2,2,0,2,4,2,0,1,80,1,1,0,0,1,0,31.0,,deux_roues,,1,1,1,2,7
202200010540,2022-06-30 21:40:00,2022,6,30,21,40,42,42121,Route de Lérigneux,45.601931,3.953769,Crépuscule ou aube,Hors agglomération,Hors intersection,Pluie forte,Autre collision,3,2,2,0,1,4,2,0,8,80,1,1,0,0,1,0,46.0,,utilitaire_camion,,2,1,1,3,6
202200010541,2022-06-30 15:35:00,2022,6,30,15,35,38,38320,D1075,45.852872,5.404984,Plein jour,Hors agglomération,Hors intersection,Temps couvert,Deux véhicules - arrière,3,3,1,0,1,1,1,0,1,80,2,2,1,0,1,0,71.0,48.0,deux_roues,voiture,1,1,1,8,2
202200010542,2022-06-30 09:00:00,2022,6,30,9,0,26,26235,rond point Volvey - CD 59,44.359785,4.707761,Plein jour,Hors agglomération,Hors intersection,Normale,Deux véhicules - côté,3,4,1,0,1,3,1,5,1,70,2,2,1,0,1,0,58.0,77.0,deux_roues,voiture,1,1,1,1,3
202200010543,2022-07-01 12:05:00,2022,7,1,12,5,32,32368,route departementale 177,43.757468,0.616575,Plein jour,Hors agglomération,Hors intersection,Normale,Deux véhicules - frontale,3,2,2,0,1,1,1,0,1,-1,2,2,1,1,0,0,28.0,48.0,deux_roues,utilitaire_camion,1,1,1,1,1
202200010544,2022-06-29 19:15:00,2022,6,29,19,15,32,32091,rd930,43.687255,0.524189,Plein jour,Hors agglomération,Hors intersection,Normale,Autre collision,3,2,2,0,1,1,1,0,3,80,1,1,0,0,1,0,58.0,,deux_roues,,1,1,1,1,6
202200010545,2022-07-01 11:00:00,2022,7,1,11,0,33,33297,Avenue du Médoc,45.044904,-0.79712,Plein jour,En agglomération,Hors intersection,Normale,Autre collision,3,2,2,0,1,3,1,0,1,50,1,2,1,1,0,0,24.0,,voiture,,1,2,1,1,6
202200010546,2022-08-03 07:30:00,2022,8,3,7,30,21,21223,"M971 pr 7.650 sens DAROIS, DIJON",47.3696059573,4.9622626975,Plein jour,Hors agglomération,Hors intersection,Normale,Autre collision,7,2,2,0,1,1,1,0,1,80,1,1,0,0,1,0,60.0,,deux_roues,,1,1,1,1,6
202200010547,2022-08-01 09:50:00,2022,8,1,9,50,37,37104,Autoroute A85,47.31369,0.760546,Plein jour,Hors agglomération,Hors intersection,Normale,Autre collision,1,3,4,0,1,1,1,0,1,130,1,1,0,0,1,0,60.0,,voiture,,1,1,1,1,6
202200010548,2022-08-01 07:00:00,2022,8,1,7,0,91,91272,D128,48.710454,2.156743,Plein jour,Hors agglomération,Hors intersection,Normale,Sans collision,3,2,2,0,1,1,1,0,3,50,1,3,1,0,0,2,19.0,,voiture,,1,1,1,1,7
202200010549,2022-08-02 17:55:00,2022,8,2,17,55,51,51437,D227,49.220404,3.821877,Plein jour,Hors agglomération,Hors intersection,Normale,Sans collision,3,2,2,0,3,3,1,0,3,70,1,1,0,0,0,1,15.0,,deux_roues,,1,1,1,1,7
202200010550,2022-08-02 16:35:00,2022,8,2,16,35,19,19269,Les Bariousses,45.560556,1.815807,Plein jour,Hors agglomération,Place,Normale,Autre collision,9,-1,2,0,3,1,1,0,3,30,1,5,1,1,2,1,50.0,,voiture,,1,1,7,1,6
202200010551,2022-08-02 13:30:00,2022,8,2,13,30,56,56179,Kersamedy,47.808738,-3.404571,Plein jour,Hors agglomération,Hors intersection,Normale,Deux véhicules - frontale,4,2,2,0,2,3,1,0,1,80,2,2,1,0,0,1,65.0,67.0,deux_roues,autre,1,1,1,1,1
202200010552,2022-08-03 11:14:00,2022,8,3,11,14,56,56184,Rue des Coquelicots,47.669116,-2.446496,Plein jour,En agglomération,Intersection en X,Normale,Deux véhicules - côté,4,2,2,0,1,1,1,0,1,50,2,2,1,0,0,1,56.0,68.0,utilitaire_camion,voiture,1,2,2,1,3
202200010553,2022-08-03 15:10:00,2022,8,3,15,10,80,80466,D118,50.096151,2.147634,Plein jour,Hors agglomération,Intersection en X,Normale,Deux véhicules - côté,3,2,2,0,1,4,9,0,1,80,2,3,0,1,0,2,36.0,16.0,voiture,deux_roues,1,1,2,1,3
202200010554,2022-08-03 11:25:00,2022,8,3,11,25,82,82005,212 Route de Grenade,43.798571,1.222342,Plein jour,Hors agglomération,Hors intersection,Normale,Autre collision,3,2,2,0,2,1,1,0,3,80,1,1,0,0,1,0,73.0,,voiture,,1,1,1,1,6
202200010555,2022-08-03 11:30:00,2022,8,3,11,30,65,65329,vallée de nistos,43.003149,0.464417,Plein jour,Hors agglomération,Hors intersection,Normale,Sans collision,3,2,2,0,4,3,9,0,1,80,1,1,0,0,1,0,21.0,,deux_roues,,1,1,1,1,7
202200010556,2022-08-03 13:15:00,2022,8,3,13,15,63,63155,Le Pialoux,45.6975648719,3.4429129958,Plein jour,Hors agglomération,Hors intersection,Normale,Sans collision,3,2,2,0,2,2,1,0,3,90,1,2,1,0,1,0,43.0,,voiture,,1,1,1,1,7
202200010557,2022-08-03 16:00:00,2022,8,3,16,0,61,61145,Rue de la Gare,48.590669,-0.652731,Plein jour,En agglomération,Hors intersection,Temps éblouissant,Autre collision,3,2,2,0,2,2,1,0,4,50,1,2,0,1,1,0,89.0,,voiture,,1,2,1,7,6
202200010558,2022-08-02 17:55:00,2022,8,2,17,55,01,01022,D904,45.864444,5.686315,Plein jour,Hors agglomération,Intersection en Y,Normale,Deux véhicules - côté,3,2,2,0,1,2,1,0,1,70,2,3,1,0,1,1,57.0,20.0,utilitaire_camion,voiture,1,1,4,1,3
202200010559,2022-08-01 09:10:00,2022,8,1,9,10,41,41180,Route de Thenay,47.39141,1.25559,Plein jour,En agglomération,Intersection en T,Normale,Deux véhicules - côté,3,2,2,0,1,1,1,0,1,50,2,2,1,0,1,0,51.0,45.0,deux_roues,voiture,1,2,3,1,3
202200010560,2022-08-03 10:15:00,2022,8,3,10,15,86,86225,D15 - PK 13,46.825516,0.109338,Plein jour,Hors agglomération,Intersection en X,Normale,Deux véhicules - arrière,3,2,2,0,1,1,1,5,1,80,2,2,1,1,0,0,20.0,67.0,utilitaire_camion,utilitaire_camion,1,1,2,1,2
202200010561,2022-08-02 14:30:00,2022,8,2,14,30,39,39138,,46.991679,5.336207,Plein jour,Hors agglomération,Intersection en T,Normale,Deux véhicules - arrière,3,2,2,0,1,1,1,0,1,90,2,3,1,0,0,2,67.0,67.0,voiture,voiture,1,1,3,1,2
202200010562,2022-08-03 17:00:00,2022,8,3,17,0,39,39397,,46.49204,5.656908,Plein jour,Hors agglomération,Intersection en Y,Normale,Deux véhicules - frontale,3,2,2,0,3,3,1,0,1,80,2,4,2,0,1,1,56.0,83.0,deux_roues,voiture,1,1,4,1,1
202200010563,2022-08-03 08:10:00,2022,8,3,8,10,25,25287,Route de la Belle Etoile,47.210371,5.915344,Plein jour,En agglomération,Hors intersection,Normale,Autre collision,4,2,2,0,1,3,1,0,3,50,1,1,0,0,1,0,17.0,,deux_roues,,1,2,1,1,6
202200010564,2022-08-03 02:30:00,2022,8,3,2,30,35,35099,D 463,48.0649297355,-1.5617617965,Nuit sans éclairage public,Hors agglomération,Hors intersection,Normale,Autre collision,3,2,2,0,1,1,1,0,3,70,1,2,1,1,0,0,20.0,,voiture,,3,1,1,1,6
202200010565,2022-08-02 21:40:00,2022,8,2,21,40,29,29165,Lieu Dit Trevule,47.839165,-4.246543,Crépuscule ou aube,Hors agglomération,Hors intersection,Normale,Autre collision,4,2,2,0,1,1,1,0,1,80,1,1,0,0,0,1,28.0,,voiture,,2,1,1,1,6
202200010566,2022-08-03 06:10:00,2022,8,3,6,10,31,31049,Route de Montjoire,43.737201,1.51923,Crépuscule ou aube,Hors agglomération,Hors intersection,Normale,Sans collision,3,2,2,0,1,4,1,0,3,80,1,1,0,1,0,0,57.0,,voiture,,2,1,1,1,7