accident_id,datetime,annee,mois,jour,heure,minute,departement,commune_insee,adresse,latitude,longitude,luminosite,agglomeration,intersection,meteo,collision,catr,circ,nbv,vosp,prof,plan,surf,infra,situ,vma,nb_vehicules,nb_usagers,nb_indemnes,nb_tues,nb_blesses_hosp,nb_blesses_legers,age_cond_1,age_cond_2,veh_type_cond_1,veh_type_cond_2,lum_code,agg_code,int_code,atm_code,col_code
202200010661,2022-07-27 01:50:00,2022,7,27,1,50,75,75117,RUE JACQUEMONT,48.887933,2.322709,Nuit avec éclairage allumé,En agglomération,Intersection en T,Normale,Autre collision,4,1,1,0,1,1,1,0,1,30,1,1,0,0,0,1,31.0,,deux_roues,,5,2,3,1,6
202200010662,2022-08-01 22:15:00,2022,8,1,22,15,75,75113,RUE DE TOLBIAC,48.829468,2.374749,Nuit avec éclairage allumé,En agglomération,Hors intersection,Normale,Autre collision,4,2,3,0,2,1,1,0,1,30,1,1,0,0,0,1,27.0,,deux_roues,,5,2,1,1,6
202200010663,2022-08-01 02:50:00,2022,8,1,2,50,75,75112,PLACE EDOUARD RENARD,48.834941,2.408229,Nuit avec éclairage allumé,En agglomération,Place,Normale,Autre collision,4,1,2,0,1,1,1,0,1,30,1,1,0,0,0,1,49.0,,voiture,,5,2,7,1,6
202200010664,2022-07-31 23:45:00,2022,7,31,23,45,75,75110,QUAI DE JEMMAPES,48.871027,2.365908,Nuit avec éclairage allumé,En agglomération,Intersection en X,Normale,Deux véhicules - côté,4,1,2,2,1,1,1,0,5,30,2,3,2,0,0,1,35.0,41.0,voiture,deux_roues,5,2,2,1,3
202200010665,2022-08-01 12:00:00,2022,8,1,12,0,94,94076,REPUBLIQUE (AV DE LA),48.78849,2.36169,Plein jour,En agglomération,Intersection en X,Normale,Deux véhicules - côté,3,2,2,0,1,1,1,0,1,50,2,2,1,0,0,1,54.0,22.0,autre,utilitaire_camion,1,2,2,1,3
202200010666,2022-08-01 12:37:00,2022,8,1,12,37,93,93066,Avenue de la Métallurgie / Rue de l'Encyclopédie,48.90922,2.36242,Plein jour,En agglomération,Intersection en X,Normale,Deux véhicules - côté,4,2,2,0,1,1,1,0,1,50,2,2,1,0,0,1,39.0,21.0,voiture,deux_roues,1,2,2,1,3
202200010667,2022-08-01 09:45:00,2022,8,1,9,45,93,93064,Avenue de la République / Rue du Général Gallièni,48.8722292801,2.4851587246,Plein jour,En agglomération,Intersection à plus de 4 branches,Normale,Autre collision,3,1,2,0,1,1,1,0,1,50,1,2,1,0,0,1,29.0,,transport_commun,,1,2,5,1,6
202200010668,2022-08-01 19:45:00,2022,8,1,19,45,93,93049,Avenue Carnot / Rue Gabriel Péri,48.86433,2.50328,Plein jour,En agglomération,Intersection en X,Normale,Deux véhicules - côté,4,1,1,0,1,1,1,0,1,50,2,2,1,0,0,1,24.0,20.0,voiture,utilitaire_camion,1,2,2,1,3
202200010669,2022-08-01 09:23:00,2022,8,1,9,23,93,93031,DIX HUIT JUIN 1940 (AVENUE DU),48.9528841632,2.3074415854,Plein jour,En agglomération,Hors intersection,Normale,Deux véhicules - côté,3,2,4,1,2,1,1,0,1,50,2,2,1,0,0,1,26.0,74.0,voiture,deux_roues,1,2,1,1,3
202200010670,2022-08-01 09:05:00,2022,8,1,9,5,92,92051,"ACHILLE PERETTI (AVENUE, N° 90 A 96 ET 9",48.88417,2.27032,Plein jour,En agglomération,Autre intersection,Normale,Deux véhicules - côté,4,2,4,1,1,1,1,0,5,50,2,2,1,0,0,1,42.0,50.0,autre,utilitaire_camion,1,2,9,1,3
202200010671,2022-08-01 12:55:00,2022,8,1,12,55,92,92012,JEAN JAURES (BOULEVARD) 63/215 - 70/208,48.8335069184,2.2436034679,Plein jour,En agglomération,Place,Normale,Autre collision,3,2,2,0,1,1,1,0,1,50,1,2,1,0,0,1,57.0,,voiture,,1,2,7,1,6
202200010672,2022-07-31 14:30:00,2022,7,31,14,30,92,92002,BACONNETS (RUE DES),48.7396,2.29513,Plein jour,En agglomération,Hors intersection,Normale,Deux véhicules - frontale,4,2,1,0,1,1,1,9,1,50,2,2,1,0,0,1,,18.0,voiture,deux_roues,1,2,1,1,1
202200010673,2022-08-01 14:50:00,2022,8,1,14,50,17,17407,Route des Pierrieres,46.171513,-1.003844,Plein jour,Hors agglomération,Intersection en X,Temps éblouissant,Deux véhicules - arrière,3,2,2,0,1,1,1,0,1,50,2,2,1,0,0,1,26.0,35.0,deux_roues,utilitaire_camion,1,1,2,7,2
202200010674,2022-08-02 10:50:00,2022,8,2,10,50,84,84126,CD 977,44.220523,5.007641,Plein jour,Hors agglomération,Hors intersection,Normale,Deux véhicules - côté,3,2,2,0,1,3,1,0,1,80,2,2,1,0,1,0,32.0,49.0,voiture,deux_roues,1,1,1,1,3
202200010675,2022-08-01 07:10:00,2022,8,1,7,10,59,59016,Rue du Lac,50.996654,2.335206,Plein jour,En agglomération,Intersection en T,Normale,Deux véhicules - côté,3,2,2,0,1,1,1,0,1,50,2,2,1,0,1,0,18.0,41.0,deux_roues,voiture,1,2,3,1,3
202200010676,2022-08-01 22:50:00,2022,8,1,22,50,44,44195,N165,47.35498,-1.88913,Nuit sans éclairage public,Hors agglomération,Hors intersection,Normale,Deux véhicules - arrière,2,3,4,0,1,2,1,0,1,110,2,3,2,0,1,0,35.0,22.0,voiture,voiture,3,1,1,1,2
202200010677,2022-08-01 11:50:00,2022,8,1,11,50,24,24029,Autoroute A 89 - PK 73+200,45.005297,0.263565,Plein jour,Hors agglomération,Hors intersection,Normale,Deux véhicules - côté,1,3,2,0,1,1,1,0,1,130,2,5,4,0,1,0,67.0,36.0,voiture,voiture,1,1,1,1,3
202200010678,2022-07-31 07:15:00,2022,7,31,7,15,57,57321,22 Rue des Vosges,48.695812,7.04619,Plein jour,En agglomération,Hors intersection,Normale,Autre collision,3,2,2,0,2,4,1,0,4,50,1,2,1,0,1,0,21.0,,voiture,,1,2,1,1,6
202200010679,2022-08-01 16:30:00,2022,8,1,16,30,51,51412,D5,48.6950065946,3.8913595676,Plein jour,Hors agglomération,Hors intersection,Normale,Deux véhicules - frontale,3,2,2,0,1,3,1,0,1,80,2,2,0,0,1,1,25.0,57.0,utilitaire_camion,voiture,1,1,1,1,1
202200010680,2022-11-20 19:50:00,2022,11,20,19,50,53,53127,lieu dit villeneuve,48.451279,-0.462005,Nuit sans éclairage public,Hors agglomération,Intersection en T,Pluie légère,Deux véhicules - côté,3,2,2,0,1,1,2,1,1,80,2,2,0,0,0,2,26.0,51.0,voiture,utilitaire_camion,3,1,3,2,3
202200010681,2022-08-02 18:45:00,2022,8,2,18,45,74,74223,D4,46.095583,6.607973,Plein jour,Hors agglomération,Hors intersection,Normale,Deux véhicules - frontale,3,2,2,0,1,2,1,0,1,80,2,2,1,0,1,0,24.0,58.0,utilitaire_camion,voiture,1,1,1,1,1
202200010682,2022-08-02 09:40:00,2022,8,2,9,40,79,79061,,46.252453,-0.197952,Plein jour,Hors agglomération,Intersection en X,Normale,Deux véhicules - côté,3,2,3,0,1,1,1,5,1,90,2,2,1,0,1,0,58.0,95.0,deux_roues,voiture,1,1,2,1,3
202200010683,2022-11-21 07:10:00,2022,11,21,7,10,04,04116,RD4 - La Roberte,44.035094,5.988445,Crépuscule ou aube,Hors agglomération,Hors intersection,Temps couvert,Autre collision,3,2,2,0,1,1,1,0,1,80,1,2,1,0,1,0,35.0,,utilitaire_camion,,2,1,1,8,6
202200010684,2022-07-30 18:45:00,2022,7,30,18,45,2A,2A330,RT 20,42.059577,8.966102,Plein jour,Hors agglomération,Intersection en T,Temps éblouissant,Deux véhicules - côté,2,2,2,0,2,2,1,0,1,80,2,3,2,0,1,0,35.0,67.0,deux_roues,voiture,1,1,3,7,3
202200010685,2022-08-01 22:15:00,2022,8,1,22,15,65,65283,D618,42.808785,0.421366,Nuit avec éclairage allumé,Hors agglomération,Intersection en T,Normale,Autre collision,3,2,2,0,2,3,1,0,3,80,1,1,0,0,0,1,36.0,,utilitaire_camion,,5,1,3,1,6
202200010686,2022-08-02 04:45:00,2022,8,2,4,45,11,11084,Samary,43.211956,2.2565,Nuit sans éclairage public,Hors agglomération,Hors intersection,Normale,Deux véhicules - frontale,3,2,2,0,1,1,1,0,1,80,2,2,0,1,0,1,35.0,32.0,voiture,voiture,3,1,1,1,1
202200010687,2022-07-13 12:25:00,2022,7,13,12,25,35,35263,La Croix de l Etang,48.680502,-1.934254,Plein jour,Hors agglomération,Intersection en T,Normale,Trois véhicules et plus - collisions multiples,3,2,2,0,2,3,1,0,1,80,3,3,2,0,1,0,39.0,55.0,voiture,deux_roues,1,1,3,1,5
202200010688,2022-11-21 17:50:00,2022,11,21,17,50,17,17292,D739,45.962453,-0.759923,Nuit sans éclairage public,Hors agglomération,Hors intersection,Pluie forte,Trois véhicules et plus - collisions multiples,3,2,2,0,2,1,2,0,1,90,5,8,0,1,4,3,71.0,80.0,voiture,voiture,3,1,1,3,5
202200010689,2022-08-01 17:30:00,2022,8,1,17,30,29,29240,D791 - Pont de Terenez,48.273832,-4.265989,Plein jour,Hors agglomération,Hors intersection,Normale,Trois véhicules et plus - en chaîne,3,2,2,0,2,1,1,0,1,70,3,3,2,0,0,1,43.0,55.0,voiture,deux_roues,1,1,1,1,4
202200010690,2022-11-20 20:00:00,2022,11,20,20,0,48,48017,rd 809,44.409597,3.162518,Nuit sans éclairage public,Hors agglomération,Hors intersection,Pluie légère,Autre collision,3,2,2,0,2,2,2,0,3,80,1,2,0,0,1,1,60.0,,voiture,,3,1,1,2,6
202200010691,2022-08-01 22:50:00,2022,8,1,22,50,29,29072,Rue Danielle Casanova,47.7965866027,-4.2842438221,Nuit avec éclairage allumé,En agglomération,Intersection en T,Normale,Deux véhicules - arrière,4,2,2,0,1,1,1,0,1,50,2,2,0,0,0,2,16.0,17.0,deux_roues,deux_roues,5,2,3,1,2
202200010692,2022-11-21 09:55:00,2022,11,21,9,55,88,88304,D10,48.304532,6.15185,Plein jour,Hors agglomération,Hors intersection,Temps couvert,Sans collision,3,2,2,0,4,2,2,2,1,90,1,1,0,0,0,1,27.0,,utilitaire_camion,,1,1,1,8,7
202200010693,2022-08-01 18:40:00,2022,8,1,18,40,29,29171,Route du Guilvinec,47.817551,-4.286467,Plein jour,Hors agglomération,Hors intersection,Normale,Trois véhicules et plus - en chaîne,3,2,2,0,1,3,1,0,1,70,3,3,1,0,2,0,48.0,52.0,voiture,deux_roues,1,1,1,1,4
202200010694,2022-07-26 15:40:00,2022,7,26,15,40,29,29072,Quai d Estienne d Orves,47.793179,-4.285698,Plein jour,En agglomération,Hors intersection,Normale,Autre collision,4,2,2,0,1,1,1,0,3,30,1,2,1,0,0,1,47.0,,utilitaire_camion,,1,2,1,1,6
202200010695,2022-11-20 21:40:00,2022,11,20,21,40,973,97307,Route de Stoupan,4.79516,-52.35848,Nuit sans éclairage public,Hors agglomération,Hors intersection,Normale,Deux véhicules - arrière,3,2,2,0,1,1,1,0,1,80,2,3,1,0,2,0,22.0,,voiture,,3,1,1,1,2
202200010696,2022-08-02 16:00:00,2022,8,2,16,0,38,38495,D71,45.11604,5.274811,Plein jour,Hors agglomération,Hors intersection,Normale,Deux véhicules - frontale,3,2,2,0,2,4,1,0,1,80,2,4,0,1,0,3,27.0,20.0,utilitaire_camion,voiture,1,1,1,1,1
202200010697,2022-11-21 09:10:00,2022,11,21,9,10,78,78455,11 Chemin des Princes,48.840701,2.067089,Plein jour,En agglomération,Hors intersection,Pluie légère,Deux véhicules - côté,4,2,2,0,1,1,9,0,1,30,2,2,1,0,0,1,14.0,50.0,deux_roues,transport_commun,1,2,1,2,3
202200010698,2022-11-16 09:00:00,2022,11,16,9,0,01,01355,"A40, pk 188+300, sens MACON",46.271575,5.020049,Plein jour,Hors agglomération,Hors intersection,Normale,Autre collision,1,3,2,0,1,1,1,0,1,90,1,2,0,0,0,2,72.0,,voiture,,1,1,1,1,6
202200010699,2022-07-30 11:35:00,2022,7,30,11,35,70,70093,D317,47.792748,6.316734,Plein jour,Hors agglomération,Intersection en T,Normale,Deux véhicules - côté,3,2,2,0,1,1,1,0,1,80,2,4,3,0,1,0,48.0,26.0,voiture,voiture,1,1,3,1,3
202200010700,2022-07-30 00:55:00,2022,7,30,0,55,60,60471,Boulevard Charlemagne,49.5806284326,3.0233838558,Nuit avec éclairage allumé,En agglomération,Hors intersection,Normale,Sans collision,4,2,2,0,1,3,1,0,1,50,1,1,0,0,1,0,39.0,,deux_roues,,5,2,1,1,7
202200010701,2022-11-20 19:00:00,2022,11,20,19,0,34,34116,M986,43.654969,3.834602,Nuit sans éclairage public,Hors agglomération,Hors intersection,Normale,Deux véhicules - arrière,3,3,4,0,2,1,1,0,1,90,2,2,1,0,1,0,21.0,15.0,voiture,deux_roues,3,1,1,1,2
202200010702,2022-07-31 21:00:00,2022,7,31,21,0,73,73233,D1006,45.483127,5.721642,Crépuscule ou aube,Hors agglomération,Hors intersection,Normale,Sans collision,3,2,2,0,2,2,1,0,1,80,1,1,0,0,1,0,33.0,,deux_roues,,2,1,1,1,7
202200010703,2022-08-02 13:45:00,2022,8,2,13,45,43,43241,"Route nationale n°88, lieu-dit Montagnac",44.960285,3.845108,Plein jour,Hors agglomération,Intersection en T,Normale,Deux véhicules - arrière,2,-1,2,0,3,2,1,0,1,70,2,2,1,1,0,0,51.0,74.0,utilitaire_camion,deux_roues,1,1,3,1,2
202200010704,2022-11-21 07:50:00,2022,11,21,7,50,69,69244,24 Rue de la Pépinière,45.766709,4.784621,Crépuscule ou aube,En agglomération,Intersection en T,Pluie légère,Deux véhicules - côté,4,1,1,2,2,1,2,0,5,30,2,2,1,0,0,1,30.0,58.0,voiture,deux_roues,2,2,3,2,3
202200010705,2022-08-02 10:50:00,2022,8,2,10,50,53,53003,la métairie,48.413901,-0.663949,Plein jour,Hors agglomération,Hors intersection,Normale,Deux véhicules - frontale,3,2,2,0,1,3,1,0,1,80,2,3,2,1,0,0,64.0,67.0,voiture,deux_roues,1,1,1,1,1
202200010706,2022-11-21 06:00:00,2022,11,21,6,0,06,06161,autoroute A8 PK 176.500 direction Nice,43.626679,7.116416,Nuit sans éclairage public,Hors agglomération,Hors intersection,Normale,Deux véhicules - frontale,1,3,3,0,1,1,1,0,1,110,3,3,1,0,1,1,53.0,40.0,deux_roues,voiture,3,1,1,1,1
202200010707,2022-06-14 17:15:00,2022,6,14,17,15,53,53062,La Grande Tuilerie,47.819062,-0.769708,Plein jour,Hors agglomération,Intersection en X,Normale,Deux véhicules - côté,3,2,2,0,1,2,1,0,1,90,2,2,1,0,1,0,26.0,59.0,voiture,deux_roues,1,1,2,1,3
202200010708,2022-11-20 20:20:00,2022,11,20,20,20,83,83116,"autoroute A8, PK 056.950, direction AIX EN PROVENCE",43.456906,5.871935,Nuit sans éclairage public,Hors agglomération,Hors intersection,Normale,Autre collision,1,3,5,0,1,1,1,0,1,130,1,1,0,0,0,1,57.0,,voiture,,3,1,1,1,6
202200010709,2022-08-01 13:55:00,2022,8,1,13,55,24,24547,avenue Victor Hugo,45.131678,1.279835,Plein jour,En agglomération,Autre intersection,Normale,Deux véhicules - côté,3,2,2,0,1,1,1,0,1,50,2,2,1,0,1,0,64.0,53.0,voiture,utilitaire_camion,1,2,9,1,3
202200010710,2022-11-21 06:50:00,2022,11,21,6,50,45,45281,A6 PR 105 + 100,48.0900562458,3.0387283957,Nuit sans éclairage public,Hors agglomération,Hors intersection,Temps couvert,Autre collision,1,3,4,0,1,1,2,0,2,130,1,3,2,0,0,1,36.0,,utilitaire_camion,,3,1,1,8,6
202200010711,2022-08-01 15:45:00,2022,8,1,15,45,85,85193,RD19,46.52934,-1.297556,Plein jour,Hors agglomération,Hors intersection,Normale,Autre collision,3,2,2,0,1,2,1,0,8,80,1,1,0,0,1,0,21.0,,voiture,,1,1,1,1,6
202200010712,2022-08-01 19:00:00,2022,8,1,19,0,23,23254,,46.2748987493,2.2453308105,Plein jour,Hors agglomération,Hors intersection,Normale,Sans collision,3,2,2,0,1,2,1,0,3,90,1,1,0,0,1,0,52.0,,voiture,,1,1,1,1,7
202200010713,2022-11-19 21:00:00,2022,11,19,21,0,973,97303,RN1 - PK 153,5.480827,-53.268167,Nuit sans éclairage public,Hors agglomération,Hors intersection,Normale,Sans collision,2,2,2,0,1,3,1,0,3,80,1,4,3,0,1,0,19.0,,voiture,,3,1,1,1,7
202200010714,2022-08-01 15:33:00,2022,8,1,15,33,37,37279,D959,47.557473,0.304345,Plein jour,Hors agglomération,Hors intersection,Normale,Deux véhicules - frontale,3,2,2,0,1,1,1,0,1,90,2,2,0,0,2,0,75.0,26.0,voiture,voiture,1,1,1,1,1
202200010715,2022-11-20 13:15:00,2022,11,20,13,15,29,29233,23 Rue d'Arzano,47.8692944508,-3.5357615946,Plein jour,En agglomération,Hors intersection,Normale,Deux véhicules - arrière,3,2,2,0,2,1,1,0,1,50,2,2,1,0,1,0,31.0,16.0,voiture,deux_roues,1,2,1,1,2
202200010716,2022-08-02 10:30:00,2022,8,2,10,30,30,30341,Route de Nimes,43.707031,4.267384,Plein jour,En agglomération,Giratoire,Normale,Deux véhicules - arrière,3,2,1,0,1,1,1,0,1,50,2,2,1,0,0,1,39.0,73.0,voiture,deux_roues,1,2,6,1,2
202200010717,2022-08-02 19:55:00,2022,8,2,19,55,30,30346,D981,43.967909,4.505618,Plein jour,Hors agglomération,Hors intersection,Normale,Deux véhicules - frontale,3,2,2,0,1,1,1,0,1,80,2,2,0,0,2,0,62.0,68.0,voiture,voiture,1,1,1,1,1
202200010718,2022-11-16 15:25:00,2022,11,16,15,25,29,29233,Rue de Pont-aven,47.871709,-3.560729,Plein jour,En agglomération,Hors intersection,Pluie forte,Trois véhicules et plus - en chaîne,3,2,2,0,2,1,2,5,1,50,4,4,2,0,0,2,65.0,32.0,voiture,voiture,1,2,1,3,4
202200010719,2022-08-01 19:15:00,2022,8,1,19,15,77,77295,Autoroute A5 PK8+700 sens PROVINCE vers PARIS,48.5755,2.746282,Plein jour,Hors agglomération,Hors intersection,Normale,Autre collision,1,3,6,0,1,2,1,0,3,130,1,1,0,0,1,0,48.0,,voiture,,1,1,1,1,6
202200010720,2022-11-20 11:50:00,2022,11,20,11,50,45,45305,Route des Brulesses,47.966207,2.282431,Plein jour,Hors agglomération,Hors intersection,Pluie légère,Autre collision,9,2,2,0,1,1,2,0,3,-1,1,1,0,1,0,0,41.0,,voiture,,1,1,1,2,6
202200010721,2022-07-18 17:05:00,2022,7,18,17,5,13,13118,Le Moulin du Pont,43.542552,5.259313,Plein jour,Hors agglomération,Giratoire,Normale,Deux véhicules - arrière,3,2,2,0,1,1,1,5,1,80,2,2,1,0,1,0,68.0,54.0,voiture,deux_roues,1,1,6,1,2
202200010722,2022-07-31 21:55:00,2022,7,31,21,55,34,34116,D127E3,43.658325,3.825066,Nuit sans éclairage public,Hors agglomération,Hors intersection,Normale,Sans collision,7,2,2,0,1,1,1,0,1,70,1,1,0,0,1,0,42.0,,voiture,,3,1,1,1,7
202200010723,2022-08-02 09:45:00,2022,8,2,9,45,21,21475,A36 PK 194.100 SENS MULHOUSE / BEAUNE,47.0344320756,5.1936291046,Plein jour,Hors agglomération,Hors intersection,Normale,Autre collision,1,3,4,0,1,1,1,0,1,130,1,2,0,0,1,1,44.0,,deux_roues,,1,1,1,1,6
202200010724,2022-11-21 07:00:00,2022,11,21,7,0,06,06099,D6202,43.951814,6.876874,Crépuscule ou aube,Hors agglomération,Hors intersection,Brouillard / fumée,Deux véhicules - frontale,3,2,2,0,1,2,7,2,1,80,2,2,1,0,0,1,42.0,54.0,voiture,voiture,2,1,1,5,1
202200010725,2022-07-30 04:15:00,2022,7,30,4,15,987,98714,quartier faanui,-16.388,-151.765,Nuit sans éclairage public,En agglomération,Hors intersection,Normale,Autre collision,4,2,2,0,1,2,1,0,3,60,1,2,1,0,1,0,20.0,,utilitaire_camion,,3,2,1,1,6
202200010726,2022-07-28 16:40:00,2022,7,28,16,40,971,97106,Rue Sylvere Lesueur,16.145821,-61.765052,Plein jour,En agglomération,Hors intersection,Normale,Deux véhicules - frontale,2,2,2,0,2,3,1,0,1,50,2,2,0,0,1,1,30.0,61.0,voiture,voiture,1,2,1,1,1
202200010727,2022-08-01 21:15:00,2022,8,1,21,15,77,77176,D216,48.803906,3.001671,Nuit sans éclairage public,Hors agglomération,Hors intersection,Normale,Autre collision,3,2,2,0,1,1,1,0,1,80,1,2,0,0,2,0,26.0,,voiture,,3,1,1,1,6
202200010728,2022-08-02 17:00:00,2022,8,2,17,0,2A,2A247,D368,41.60341,9.266903,Plein jour,En agglomération,Hors intersection,Normale,Deux véhicules - frontale,3,2,2,0,1,1,1,0,1,50,2,3,1,0,2,0,30.0,42.0,deux_roues,voiture,1,2,1,1,1
202200010729,2022-08-02 09:10:00,2022,8,2,9,10,66,66140,,42.696077,2.770293,Plein jour,En agglomération,Hors intersection,Normale,Autre collision,3,2,2,3,1,1,1,9,1,30,1,2,1,0,0,1,36.0,,voiture,,1,2,1,1,6
202200010730,2022-11-21 07:30:00,2022,11,21,7,30,01,01275,142 Route de Genève,45.812236,4.928567,Crépuscule ou aube,En agglomération,Hors intersection,Temps couvert,Trois véhicules et plus - collisions multiples,3,2,2,0,1,1,2,0,1,50,3,4,2,0,0,2,47.0,44.0,voiture,voiture,2,2,1,8,5
202200010731,2022-08-02 20:20:00,2022,8,2,20,20,84,84054,595 Route de Saumane,43.927824,5.071612,Plein jour,En agglomération,Hors intersection,Normale,Autre collision,3,2,2,0,1,1,1,0,3,50,1,1,0,0,1,0,18.0,,deux_roues,,1,2,1,1,6
202200010732,2022-08-02 14:45:00,2022,8,2,14,45,06,06078,D6102,43.904108,7.187355,Plein jour,Hors agglomération,Hors intersection,Normale,Deux véhicules - arrière,3,1,2,0,1,1,1,1,1,70,2,2,1,0,1,0,78.0,53.0,voiture,deux_roues,1,1,1,1,2
202200010733,2022-11-20 21:15:00,2022,11,20,21,15,33,33051,avenue de l'europe,44.640827,-0.952377,Nuit avec éclairage allumé,En agglomération,Hors intersection,Normale,Deux véhicules - frontale,3,2,2,0,1,1,1,0,1,50,2,5,2,0,1,2,25.0,57.0,voiture,voiture,5,2,1,1,1
202200010734,2022-08-02 08:00:00,2022,8,2,8,0,05,05065,rond point du serre,44.657939,6.644937,Plein jour,En agglomération,Giratoire,Normale,Deux véhicules - côté,3,4,1,0,1,2,1,5,1,50,2,2,1,0,1,0,47.0,45.0,voiture,deux_roues,1,2,6,1,3
202200010735,2022-11-20 19:30:00,2022,11,20,19,30,85,85189,Route des sables,46.74586,-1.870294,Nuit sans éclairage public,Hors agglomération,Hors intersection,Normale,Deux véhicules - frontale,3,2,2,0,1,1,2,0,1,80,2,3,0,0,0,3,54.0,30.0,voiture,voiture,3,1,1,1,1
202200010736,2022-08-02 05:20:00,2022,8,2,5,20,26,26072,A7,45.1198773684,4.895456888,Nuit sans éclairage public,Hors agglomération,Hors intersection,Normale,Deux véhicules - arrière,1,3,5,0,2,2,1,8,1,130,2,4,1,2,1,0,33.0,44.0,utilitaire_camion,voiture,3,1,1,1,2
202200010737,2022-07-07 20:15:00,2022,7,7,20,15,67,67286,RD426,48.449845,7.570052,Plein jour,Hors agglomération,Hors intersection,Normale,Deux véhicules - côté,3,2,2,0,1,1,1,0,1,80,2,2,1,0,0,1,43.0,56.0,voiture,voiture,1,1,1,1,3
202200010738,2022-11-20 22:50:00,2022,11,20,22,50,22,22136,Piste cyclable,48.178356,-2.778613,Nuit sans éclairage public,Hors agglomération,Intersection en X,Pluie légère,Deux véhicules - côté,3,2,2,0,2,2,2,5,1,80,2,5,0,0,1,4,25.0,58.0,voiture,voiture,3,1,2,2,3
202200010739,2022-07-31 06:50:00,2022,7,31,6,50,57,57206,84 Avenue Jeanne d Arc,49.2982,6.109879,Crépuscule ou aube,En agglomération,Intersection en T,Normale,Autre collision,3,2,2,0,1,1,1,0,4,30,1,1,0,0,1,0,23.0,,voiture,,2,2,3,1,6
202200010740,2022-08-02 11:30:00,2022,8,2,11,30,57,57069,D63b,49.2705039984,6.6389594572,Plein jour,Hors agglomération,Hors intersection,Normale,Deux véhicules - frontale,3,2,2,0,1,3,1,0,1,80,2,2,1,1,0,0,69.0,24.0,deux_roues,utilitaire_camion,1,1,1,1,1
202200010741,2022-11-20 00:20:00,2022,11,20,0,20,13,13070,A50-Sens Marseille vers Aubagne,43.285269,5.515097,Nuit sans éclairage public,Hors agglomération,Hors intersection,Normale,Sans collision,1,1,3,0,1,1,1,0,2,90,1,1,0,0,1,0,38.0,,voiture,,3,1,1,1,7
202200010742,2022-07-31 11:00:00,2022,7,31,11,0,73,73290,D1006 - 74 Route du Fonder,45.266347,6.813272,Plein jour,Hors agglomération,Intersection en T,Normale,Deux véhicules - côté,3,2,3,0,1,1,1,5,1,80,2,2,1,0,0,1,64.0,61.0,deux_roues,voiture,1,1,3,1,3
202200010743,2022-11-18 21:10:00,2022,11,18,21,10,69,69152,Route de Métropole 7,45.70591,4.83237,Nuit sans éclairage public,Hors agglomération,Hors intersection,Pluie légère,Deux véhicules - arrière,7,1,3,0,1,1,2,9,2,70,2,3,2,0,0,1,21.0,25.0,voiture,voiture,3,1,1,2,2
202200010744,2022-08-01 14:45:00,2022,8,1,14,45,73,73232,D902,45.546631,6.907458,Plein jour,Hors agglomération,Hors intersection,Normale,Deux véhicules - côté,3,2,2,0,2,2,1,0,1,80,2,2,1,0,1,0,47.0,73.0,voiture,deux_roues,1,1,1,1,3
202200010745,2022-07-31 07:00:00,2022,7,31,7,0,38,38498,Route de Biol,45.531711,5.318027,Crépuscule ou aube,Hors agglomération,Hors intersection,Normale,Autre collision,3,2,2,0,2,2,1,0,3,80,1,4,3,0,1,0,18.0,,voiture,,2,1,1,1,6
202200010746,2022-05-31 12:45:00,2022,5,31,12,45,13,13062,D8,43.416949,5.51724,Plein jour,Hors agglomération,Intersection en X,Normale,Deux véhicules - côté,3,2,2,0,1,1,1,0,1,80,2,2,1,0,1,0,58.0,67.0,deux_roues,voiture,1,1,2,1,3
202200010747,2022-11-18 23:00:00,2022,11,18,23,0,69,69297,Autoroute 7,45.60207,4.79711,Nuit sans éclairage public,Hors agglomération,Hors intersection,Pluie légère,Deux véhicules - arrière,1,3,6,0,1,1,2,0,1,130,2,3,2,0,1,0,,24.0,voiture,voiture,3,1,1,2,2
202200010748,2022-08-02 17:20:00,2022,8,2,17,20,26,26116,Route Nationale 7,44.434056,4.715205,Plein jour,En agglomération,Hors intersection,Normale,Deux véhicules - frontale,2,2,2,0,1,1,1,0,1,80,2,3,0,0,1,2,20.0,38.0,voiture,voiture,1,2,1,1,1
202200010749,2022-06-01 17:40:00,2022,6,1,17,40,25,25350,28 Rue de Beausoleil,47.4688946789,6.6959376633,Plein jour,En agglomération,Hors intersection,Normale,Autre collision,4,2,2,0,1,1,1,0,1,30,1,2,1,1,0,0,66.0,,voiture,,1,2,1,1,6
202200010750,2022-08-01 13:00:00,2022,8,1,13,0,14,14258,D658,48.906668,-0.2064174414,Plein jour,Hors agglomération,Giratoire,Normale,Deux véhicules - arrière,3,2,2,0,1,1,1,0,1,30,2,2,1,0,1,0,54.0,34.0,deux_roues,voiture,1,1,6,1,2
202200010751,2022-05-31 07:15:00,2022,5,31,7,15,25,25048,41 rue des cerisiers,47.480117,6.717651,Plein jour,En agglomération,Intersection en T,Normale,Deux véhicules - côté,3,2,3,0,1,1,1,0,1,50,2,2,1,0,1,0,25.0,61.0,voiture,deux_roues,1,2,3,1,3