accident_id,datetime,annee,mois,jour,heure,minute,departement,commune_insee,adresse,latitude,longitude,luminosite,agglomeration,intersection,meteo,collision,catr,circ,nbv,vosp,prof,plan,surf,infra,situ,vma,nb_vehicules,nb_usagers,nb_indemnes,nb_tues,nb_blesses_hosp,nb_blesses_legers,age_cond_1,age_cond_2,veh_type_cond_1,veh_type_cond_2,lum_code,agg_code,int_code,atm_code,col_code
202200010752,2022-07-30 12:15:00,2022,7,30,12,15,35,35031,Rue Théophile Remond,48.183797,-1.436248,Plein jour,En agglomération,Hors intersection,Normale,Deux véhicules - côté,3,-1,2,0,1,1,1,0,1,30,2,2,1,0,1,0,34.0,20.0,utilitaire_camion,deux_roues,1,2,1,1,3
202200010753,2022-06-01 09:15:00,2022,6,1,9,15,38,38087,Route de la Moille,45.589052,4.807103,Plein jour,Hors agglomération,Hors intersection,Normale,Deux véhicules - côté,3,2,2,0,1,2,1,0,1,50,2,2,1,0,0,1,53.0,32.0,utilitaire_camion,deux_roues,1,1,1,1,3
202200010754,2022-08-02 17:20:00,2022,8,2,17,20,27,27022,D316,49.170215,1.349977,Plein jour,En agglomération,Hors intersection,Temps éblouissant,Deux véhicules - côté,3,2,2,0,1,1,1,0,1,70,2,2,1,0,0,1,20.0,20.0,deux_roues,voiture,1,2,1,7,3
202200010755,2022-11-15 18:25:00,2022,11,15,18,25,42,42218,A72,45.45883,4.40655,Nuit sans éclairage public,Hors agglomération,Hors intersection,Temps couvert,Trois véhicules et plus - en chaîne,1,1,4,0,1,1,1,0,1,90,6,9,6,0,0,3,23.0,55.0,utilitaire_camion,utilitaire_camion,3,1,1,8,4
202200010756,2022-06-01 16:00:00,2022,6,1,16,0,69,69116,Route Départementale 306,45.807306,4.78045,Plein jour,En agglomération,Intersection en T,Normale,Autre collision,7,3,4,3,1,1,1,5,1,50,1,2,1,0,1,0,52.0,,voiture,,1,2,3,1,6
202200010757,2022-11-20 13:03:00,2022,11,20,13,3,91,91521,RN 449,48.635,2.401,Plein jour,Hors agglomération,Hors intersection,Pluie légère,Sans collision,3,1,3,0,1,1,2,2,3,70,1,2,0,0,0,2,21.0,,voiture,,1,1,1,2,7
202200010758,2022-08-01 10:00:00,2022,8,1,10,0,33,33192,AUTOROUTE A 63,44.78049,-0.63857,Plein jour,Hors agglomération,Hors intersection,Normale,Deux véhicules - arrière,1,3,6,0,1,1,1,0,1,110,2,3,2,0,0,1,30.0,32.0,utilitaire_camion,voiture,1,1,1,1,2
202200010759,2022-06-01 08:00:00,2022,6,1,8,0,81,81099,"55, Avenue Gustave Eiffel",43.925532,1.921813,Plein jour,Hors agglomération,Hors intersection,Normale,Deux véhicules - frontale,4,2,2,0,1,1,1,0,1,50,2,2,1,0,1,0,22.0,48.0,voiture,deux_roues,1,1,1,1,1
202200010760,2022-06-01 06:00:00,2022,6,1,6,0,31,31420,D820,43.4962526047,1.3897005326,Plein jour,Hors agglomération,Hors intersection,Normale,Sans collision,3,3,4,0,1,2,1,0,1,110,1,1,0,1,0,0,23.0,,deux_roues,,1,1,1,1,7
202200010761,2022-11-20 15:04:00,2022,11,20,15,4,92,92036,A15 ,48.93802,2.29995,Plein jour,Hors agglomération,Hors intersection,Pluie légère,Autre collision,1,1,1,0,1,3,2,3,1,50,1,1,0,0,0,1,56.0,,voiture,,1,1,1,2,6
202200010762,2022-08-01 07:35:00,2022,8,1,7,35,92,92012,A13,48.8484056577,2.2377362841,Plein jour,Hors agglomération,Hors intersection,Normale,Trois véhicules et plus - collisions multiples,1,1,3,0,1,1,1,1,2,70,4,6,4,0,0,2,36.0,21.0,voiture,voiture,1,1,1,1,5
202200010763,2022-05-23 17:15:00,2022,5,23,17,15,17,17064,Route du Magarin,45.69784,-1.051297,Plein jour,En agglomération,Giratoire,Normale,Deux véhicules - côté,3,1,1,0,1,2,1,5,1,50,2,2,1,0,1,0,20.0,63.0,deux_roues,voiture,1,2,6,1,3
202200010764,2022-08-01 15:00:00,2022,8,1,15,0,93,93053,AUTOROUTE A3,48.880099614,2.4509841307,Plein jour,Hors agglomération,Hors intersection,Normale,Deux véhicules - arrière,1,3,3,0,1,1,1,0,1,90,2,2,1,0,0,1,37.0,25.0,voiture,voiture,1,1,1,1,2
202200010765,2022-05-31 14:30:00,2022,5,31,14,30,22,22213,La Rusais,48.515226,-2.018974,Plein jour,Hors agglomération,Hors intersection,Normale,Sans collision,3,2,2,0,2,2,1,0,3,-1,1,1,0,0,1,0,50.0,,deux_roues,,1,1,1,1,7
202200010766,2022-11-20 12:25:00,2022,11,20,12,25,92,92047,A13,48.8323157105,2.1543841825,Plein jour,Hors agglomération,Hors intersection,Pluie légère,Deux véhicules - arrière,1,1,3,0,1,1,2,0,1,110,2,9,6,0,0,3,50.0,34.0,voiture,voiture,1,1,1,2,2
202200010767,2022-08-01 11:00:00,2022,8,1,11,0,94,94017,A4,48.8268960991,2.5128994984,Plein jour,Hors agglomération,Hors intersection,Normale,Deux véhicules - côté,1,-1,4,0,1,1,1,1,1,90,2,2,1,0,0,1,46.0,53.0,voiture,deux_roues,1,1,1,1,3
202200010768,2022-05-31 09:00:00,2022,5,31,9,0,974,97416,L'ENTRE DEUX(ROUTE DE),-21.3,55.435,Plein jour,Hors agglomération,Autre intersection,Normale,Deux véhicules - côté,4,2,2,0,1,1,1,0,1,50,2,3,2,0,0,1,46.0,59.0,voiture,deux_roues,1,1,9,1,3
202200010769,2022-11-19 20:15:00,2022,11,19,20,15,92,92064,A13,48.8377471332,2.1898883645,Nuit sans éclairage public,Hors agglomération,Hors intersection,Pluie légère,Trois véhicules et plus - en chaîne,1,1,3,0,1,1,2,0,1,110,3,10,9,0,0,1,22.0,38.0,deux_roues,voiture,3,1,1,2,4
202200010770,2022-11-20 07:00:00,2022,11,20,7,0,78,78402,A13,48.9649,1.80148,Nuit sans éclairage public,Hors agglomération,Hors intersection,Normale,Autre collision,1,-1,3,0,1,1,1,0,1,130,1,1,0,0,0,1,44.0,,voiture,,3,1,1,1,6
202200010771,2022-07-30 17:10:00,2022,7,30,17,10,974,97416,RN02,-21.34837,55.50149,Crépuscule ou aube,En agglomération,Hors intersection,Normale,Trois véhicules et plus - collisions multiples,2,2,2,0,1,1,1,0,1,90,3,4,1,0,0,3,18.0,30.0,voiture,voiture,2,2,1,1,5
202200010772,2022-05-30 10:00:00,2022,5,30,10,0,974,97411,TOPAZES(ALLEE DES),-20.90144,55.44364,Plein jour,En agglomération,Hors intersection,Normale,Deux véhicules - côté,4,2,2,0,2,2,1,0,1,50,2,2,0,0,1,1,66.0,25.0,voiture,deux_roues,1,2,1,1,3
202200010773,2022-11-20 14:00:00,2022,11,20,14,0,95,95572, A15,49.0336115249,2.1043758974,Plein jour,Hors agglomération,Hors intersection,Pluie légère,Autre collision,1,3,8,0,1,1,2,0,1,90,1,2,1,0,0,1,27.0,,voiture,,1,1,1,2,6
202200010774,2022-05-31 19:00:00,2022,5,31,19,0,69,69199,Boulevard Pierre Sémard,45.694965022,4.8446871321,Plein jour,Hors agglomération,Hors intersection,Normale,Autre collision,4,1,3,0,1,1,1,0,8,70,1,1,0,0,0,1,25.0,,voiture,,1,1,1,1,6
202200010775,2022-11-20 02:32:00,2022,11,20,2,32,93,93066,AUTOROUTE A1,48.90457,2.3586,Nuit avec éclairage allumé,Hors agglomération,Hors intersection,Normale,Autre collision,1,3,8,0,2,1,1,1,1,90,1,1,0,0,0,1,25.0,,deux_roues,,5,1,1,1,6
202200010776,2022-05-31 13:50:00,2022,5,31,13,50,69,69386,Cours Lafayette,45.76375,4.86861,Plein jour,En agglomération,Intersection en T,Pluie légère,Deux véhicules - côté,4,2,2,2,1,1,2,-1,1,50,2,2,1,0,0,1,20.0,26.0,deux_roues,deux_roues,1,2,3,2,3
202200010777,2022-11-19 21:20:00,2022,11,19,21,20,93,93078,AUTOROUTE A104,48.9630043555,2.5223972297,Nuit avec éclairage non allumé,Hors agglomération,Hors intersection,Autre,Autre collision,1,3,3,0,1,1,2,0,1,110,1,1,0,0,0,1,20.0,,voiture,,4,1,1,9,6
202200010778,2022-05-31 11:30:00,2022,5,31,11,30,972,97213,BOIS CARRE (RUE DU),14.63309,-60.99344,Plein jour,En agglomération,Hors intersection,Normale,Autre collision,4,2,1,0,1,3,1,0,1,50,1,1,0,0,0,1,67.0,,voiture,,1,2,1,1,6
202200010779,2022-11-19 19:45:00,2022,11,19,19,45,93,93010,AUTOROUTE A3,48.9145497516,2.4773225411,Nuit sans éclairage public,Hors agglomération,Hors intersection,Normale,Deux véhicules - arrière,1,3,4,0,1,1,2,0,1,110,2,2,1,0,0,1,32.0,53.0,voiture,deux_roues,3,1,1,1,2
202200010780,2022-05-31 18:25:00,2022,5,31,18,25,69,69389,Pont Georges Clémenceau,45.77484,4.80939,Plein jour,En agglomération,Hors intersection,Normale,Deux véhicules - côté,4,2,5,1,1,1,2,-1,5,50,2,2,1,0,0,1,56.0,20.0,deux_roues,deux_roues,1,2,1,1,3
202200010781,2022-05-31 17:00:00,2022,5,31,17,0,69,69034,11 Cours Aristide Briand,45.7805743791,4.8420529068,Plein jour,En agglomération,Hors intersection,Pluie légère,Autre collision,4,2,3,1,1,1,2,0,5,50,1,2,0,0,0,2,34.0,,deux_roues,,1,2,1,2,6
202200010782,2022-11-18 17:30:00,2022,11,18,17,30,92,92036,AUTOROUTE A15,48.9436471157,2.2877561673,Nuit sans éclairage public,Hors agglomération,Hors intersection,Pluie légère,Deux véhicules - arrière,1,3,8,0,1,1,2,2,1,90,2,2,1,0,0,1,21.0,22.0,deux_roues,utilitaire_camion,3,1,1,2,2
202200010783,2022-06-10 18:03:00,2022,6,10,18,3,91,91174,BD HENRI DUNANT,48.59664,2.47914,Plein jour,En agglomération,Hors intersection,Normale,Autre collision,4,2,2,0,1,1,1,0,1,50,1,2,1,0,0,1,32.0,,voiture,,1,2,1,1,6
202200010784,2022-05-31 08:50:00,2022,5,31,8,50,69,69152,60-62 Chemin d'Yvours,45.69714,4.8319,Plein jour,En agglomération,Hors intersection,Pluie légère,Deux véhicules - côté,4,2,2,2,1,2,2,0,1,30,2,2,1,0,0,1,63.0,20.0,voiture,voiture,1,2,1,2,3
202200010785,2022-08-23 09:55:00,2022,8,23,9,55,22,22360,FAUVETTES (RUE DES),48.489874,-2.743331,Plein jour,En agglomération,Hors intersection,Normale,Autre collision,4,2,2,0,1,1,1,0,1,50,1,2,1,0,0,1,80.0,,voiture,,1,2,1,1,6
202200010786,2022-05-31 17:00:00,2022,5,31,17,0,971,97113,Blanchard,16.22102,-61.52144,Plein jour,Hors agglomération,Autre intersection,Normale,Trois véhicules et plus - en chaîne,2,1,2,0,1,1,1,2,1,90,3,4,2,0,0,2,27.0,39.0,voiture,voiture,1,1,9,1,4
202200010787,2022-07-23 09:20:00,2022,7,23,9,20,22,22106,CHAMPS BIGNON (RUE DES),48.500397,-2.723599,Plein jour,En agglomération,Intersection en X,Normale,Deux véhicules - côté,4,2,2,0,1,1,1,0,1,50,2,2,1,0,0,1,19.0,65.0,autre,voiture,1,2,2,1,3
202200010788,2022-05-31 08:00:00,2022,5,31,8,0,91,91691,GOURGAUD(AVENUE),48.732472,2.512067,Plein jour,En agglomération,Intersection en T,Normale,Deux véhicules - côté,4,2,0,0,1,1,1,0,1,50,2,2,1,0,0,1,37.0,56.0,voiture,deux_roues,1,2,3,1,3
202200010789,2022-07-21 13:50:00,2022,7,21,13,50,22,22360,RD700,48.48505,-2.76507,Plein jour,Hors agglomération,Hors intersection,Normale,Deux véhicules - arrière,3,1,1,0,1,1,1,0,1,90,2,3,0,0,0,3,23.0,35.0,voiture,voiture,1,1,1,1,2
202200010790,2022-05-30 11:25:00,2022,5,30,11,25,91,91421,REPUBLIQUE (AVENUE DE LA),48.70303,2.46259,Plein jour,En agglomération,Autre intersection,Normale,Autre collision,3,-1,2,0,1,1,1,0,1,30,1,2,0,0,0,2,60.0,,voiture,,1,2,9,1,6
202200010791,2022-11-23 14:00:00,2022,11,23,14,0,988,98818,RUE EDOUARD UNGER/RUE GEORGES CLEMENCEAU,-22.26574,166.44128,Plein jour,En agglomération,Intersection en X,Normale,Deux véhicules - côté,4,2,2,0,1,1,1,5,1,50,2,3,1,0,0,2,18.0,55.0,deux_roues,voiture,1,2,2,1,3
202200010792,2022-05-31 17:30:00,2022,5,31,17,30,91,91589,RUE DE LA VOIE VERTE,48.682854,2.33486,Plein jour,En agglomération,Intersection en X,Normale,Deux véhicules - côté,4,1,1,0,1,1,1,5,1,50,2,2,0,0,1,1,15.0,55.0,deux_roues,voiture,1,2,2,1,3
202200010793,2022-11-19 05:18:00,2022,11,19,5,18,988,98818,PROMENADE ROGER LAROQUE,-22.30347,166.44648,Plein jour,En agglomération,Hors intersection,Normale,Deux véhicules - côté,4,2,2,0,1,1,1,8,1,50,2,5,0,0,1,4,42.0,23.0,utilitaire_camion,voiture,1,2,1,1,3
202200010794,2022-11-18 07:30:00,2022,11,18,7,30,976,97611,mamoudzou centre-Pasky ( rue ),-12.78063,45.22936,Plein jour,En agglomération,Hors intersection,Normale,Autre collision,4,-1,2,0,1,2,1,6,1,30,1,2,1,0,0,1,59.0,,voiture,,1,2,1,1,6
202200010795,2022-05-31 13:30:00,2022,5,31,13,30,91,91589,AV GUYNEMER,48.6997321882,2.3573827744,Plein jour,En agglomération,Intersection en X,Normale,Deux véhicules - côté,4,2,2,0,1,1,1,5,1,50,2,2,0,0,0,2,22.0,54.0,utilitaire_camion,transport_commun,1,2,2,1,3
202200010796,2022-03-18 00:45:00,2022,3,18,0,45,78,78490,RN12 EXT,48.80157,1.9492,Nuit sans éclairage public,Hors agglomération,Hors intersection,Normale,Deux véhicules - arrière,2,-1,2,0,1,1,1,0,1,110,2,3,2,0,0,1,51.0,36.0,voiture,voiture,3,1,1,1,2
202200010797,2022-11-18 09:55:00,2022,11,18,9,55,974,97416,HOARAU (CHEMIN EMMANUEL),-21.30366,55.4634,Plein jour,En agglomération,Hors intersection,Normale,Deux véhicules - côté,4,2,2,0,1,1,1,0,1,50,2,2,1,0,1,0,33.0,34.0,deux_roues,utilitaire_camion,1,2,1,1,3
202200010798,2022-05-27 22:35:00,2022,5,27,22,35,87,87085,SAINT MARTIAL (QUAI),45.82118,1.263,Nuit avec éclairage allumé,En agglomération,Intersection en X,Normale,Deux véhicules - côté,2,4,5,0,1,1,1,5,1,50,2,2,1,0,0,1,21.0,42.0,voiture,voiture,5,2,2,1,3
202200010799,2022-11-18 15:40:00,2022,11,18,15,40,974,97411,VIGIE (CHEMIN DE LA),-20.88408,55.42771,Plein jour,En agglomération,Hors intersection,Normale,Sans collision,4,2,2,0,4,1,1,0,1,50,1,2,0,0,0,2,16.0,,deux_roues,,1,2,1,1,7
202200010800,2022-03-17 22:20:00,2022,3,17,22,20,33,33063,Rue Charles Martin,44.87285,-0.54668,Nuit avec éclairage allumé,En agglomération,Intersection en T,Normale,Autre collision,4,1,2,1,1,1,1,0,1,30,1,2,1,0,0,1,,,utilitaire_camion,,5,2,3,1,6
202200010801,2022-11-19 12:55:00,2022,11,19,12,55,974,97407,20 DECEMBRE 1948(AVENUE DU),-20.93686,55.30046,Plein jour,En agglomération,Hors intersection,Normale,Deux véhicules - côté,4,2,2,0,1,1,1,0,1,30,2,2,1,0,1,0,8.0,25.0,deux_roues,voiture,1,2,1,1,3
202200010802,2022-05-30 17:33:00,2022,5,30,17,33,87,87085,RHIN ET DANUBE (RUE),45.884,1.29454,Plein jour,En agglomération,Hors intersection,Normale,Autre collision,4,-1,1,0,1,1,1,0,1,10,1,2,1,0,1,0,31.0,,voiture,,1,2,1,1,6
202200010803,2022-11-18 14:20:00,2022,11,18,14,20,974,97407,BOUVET (AVENUE),-20.95145,55.29895,Plein jour,Hors agglomération,Hors intersection,Normale,Sans collision,4,3,4,0,1,1,1,0,1,70,1,1,0,0,0,1,32.0,,deux_roues,,1,1,1,1,7
202200010804,2022-03-16 06:47:00,2022,3,16,6,47,77,77445,CURIE (AVENUE PIERRE ET MARIE),48.60493,2.56937,Crépuscule ou aube,En agglomération,Intersection en T,Normale,Autre collision,4,2,2,0,1,1,1,0,1,30,1,2,1,0,0,1,59.0,,voiture,,2,2,3,1,6
202200010805,2022-05-31 10:00:00,2022,5,31,10,0,83,83129,JUIN MARECHAL (AV DU),43.0937,5.84538,Plein jour,En agglomération,Hors intersection,Normale,Deux véhicules - côté,7,3,2,0,1,1,1,0,1,50,2,2,1,0,0,1,48.0,49.0,deux_roues,voiture,1,2,1,1,3
202200010806,2022-11-18 17:30:00,2022,11,18,17,30,973,97302,BADUEL (ROUTE DE),4.93079,-52.30549,Plein jour,En agglomération,Intersection en T,Normale,Deux véhicules - frontale,3,2,2,0,1,1,1,0,1,50,2,2,1,0,1,0,29.0,26.0,deux_roues,voiture,1,2,3,1,1
202200010807,2022-05-21 22:10:00,2022,5,21,22,10,83,83069,PIERREFEU (ROUTE DE) RD 12,43.1724160411,6.1180779934,Nuit avec éclairage allumé,Hors agglomération,Giratoire,Normale,Sans collision,3,2,2,0,1,3,1,0,3,70,1,3,2,0,1,0,28.0,,voiture,,5,1,6,1,7
202200010808,2022-03-14 18:00:00,2022,3,14,18,0,50,50502,Rue de la Varroquière,49.1098664,-1.0847059,Plein jour,En agglomération,Intersection en T,Normale,Deux véhicules - côté,4,2,2,0,1,1,1,0,1,50,2,2,1,0,1,0,9.0,43.0,deux_roues,voiture,1,2,3,1,3
202200010809,2022-11-18 15:49:00,2022,11,18,15,49,973,97302,BADUEL (ROUTE DE),4.9306,-52.30564,Plein jour,En agglomération,Hors intersection,Normale,Autre collision,3,2,2,2,1,1,1,0,1,50,2,3,2,0,0,1,15.0,,deux_roues,voiture,1,2,1,1,6
202200010810,2022-11-17 13:25:00,2022,11,17,13,25,973,97302,MADELEINE (ROUTE DE LA),4.91744,-52.3214,Plein jour,En agglomération,Hors intersection,Normale,Autre collision,3,-1,2,0,1,1,1,0,8,50,1,2,1,0,0,1,,,deux_roues,,1,2,1,1,6
202200010811,2022-05-25 18:15:00,2022,5,25,18,15,80,80021,DOULLENS (RUE DE),49.90372,2.30717,Plein jour,En agglomération,Hors intersection,Normale,Deux véhicules - côté,4,2,2,0,1,1,1,0,1,50,2,2,1,0,0,1,27.0,21.0,deux_roues,voiture,1,2,1,1,3
202200010812,2022-03-10 22:50:00,2022,3,10,22,50,70,70550,R.N. 19,47.63877,6.150137,Nuit sans éclairage public,Hors agglomération,Hors intersection,Normale,Autre collision,2,3,3,0,2,1,1,3,1,90,1,3,2,1,0,0,62.0,,utilitaire_camion,,3,1,1,1,6
202200010813,2022-04-21 14:10:00,2022,4,21,14,10,78,78517,D 906,48.651866,1.87482,Plein jour,Hors agglomération,Hors intersection,Normale,Sans collision,3,-1,2,0,1,1,1,0,1,80,1,1,0,1,0,0,74.0,,deux_roues,,1,1,1,1,7
202200010814,2022-11-19 05:10:00,2022,11,19,5,10,972,97213,ROUTE DEPARTEMENTALE 3,14.62853,-60.98999,Nuit sans éclairage public,Hors agglomération,Hors intersection,Normale,Deux véhicules - frontale,3,2,3,0,1,1,1,0,1,70,2,2,0,0,0,2,54.0,35.0,voiture,voiture,3,1,1,1,1
202200010815,2022-03-07 15:40:00,2022,3,7,15,40,62,62510,COURTIN (R FRANCOIS),50.425045,2.77607,Plein jour,En agglomération,Hors intersection,Normale,Autre collision,4,2,3,0,1,1,1,0,1,50,1,2,1,0,0,1,55.0,,utilitaire_camion,,1,2,1,1,6
202200010816,2022-05-30 20:30:00,2022,5,30,20,30,78,78498,CASTILLE AV BLANCHE DE,48.924103,2.029611,Plein jour,En agglomération,Hors intersection,Normale,Autre collision,4,2,2,0,2,1,1,9,8,30,1,2,0,0,1,0,,,voiture,,1,2,1,1,6
202200010817,2022-11-19 16:14:00,2022,11,19,16,14,69,69382,82 Cours Charlemagne,45.7429955902,4.8210060596,Plein jour,En agglomération,Passage à niveau,Normale,Deux véhicules - côté,4,2,3,3,1,1,1,4,6,30,2,2,0,0,1,1,49.0,35.0,voiture,transport_commun,1,2,8,1,3
202200010818,2022-01-14 14:50:00,2022,1,14,14,50,71,71486,MAX DORMOY (AVENUE),46.6449765665,4.3212949767,Plein jour,En agglomération,Giratoire,Normale,Deux véhicules - côté,4,1,1,0,1,2,1,0,1,50,2,2,1,0,0,1,24.0,,deux_roues,voiture,1,2,6,1,3
202200010819,2022-01-08 12:31:00,2022,1,8,12,31,02,02212,,49.643883,3.263457,Plein jour,Hors agglomération,Hors intersection,Normale,Deux véhicules - côté,4,2,2,0,1,1,1,0,1,50,2,2,1,0,1,0,66.0,48.0,utilitaire_camion,utilitaire_camion,1,1,1,1,3
202200010820,2022-11-19 11:05:00,2022,11,19,11,5,69,69149,Boulevard Emile Zola,45.72093,4.79702,Plein jour,En agglomération,Hors intersection,Temps couvert,Trois véhicules et plus - collisions multiples,7,2,2,0,1,3,2,0,1,50,3,3,2,0,0,1,25.0,58.0,voiture,voiture,1,2,1,8,5
202200010821,2022-05-31 08:45:00,2022,5,31,8,45,77,77268,D1005D,48.87478,2.80323,Plein jour,En agglomération,Giratoire,Normale,Autre collision,3,2,2,0,1,1,1,0,1,50,1,2,1,0,0,1,35.0,,voiture,,1,2,6,1,6
202200010822,2022-11-17 06:10:00,2022,11,17,6,10,69,69142,Rue Stéphane Déchant,45.72899712,4.8155254125,Nuit sans éclairage public,Hors agglomération,Hors intersection,Normale,Autre collision,7,2,4,2,2,1,1,0,1,50,1,2,1,0,0,1,44.0,,voiture,,3,1,1,1,6
202200010823,2022-03-17 17:00:00,2022,3,17,17,0,988,98818,VE1 sens Sud/Nord,-22.25769,166.447,Crépuscule ou aube,Hors agglomération,Hors intersection,Pluie légère,Trois véhicules et plus - en chaîne,1,3,4,0,3,2,2,0,1,70,3,3,2,0,0,1,29.0,64.0,voiture,voiture,2,1,1,2,4
202200010824,2022-11-19 13:15:00,2022,11,19,13,15,2B,2B033,AV DE LA LIBERATION,42.67763,9.4437,Plein jour,En agglomération,Hors intersection,Normale,Sans collision,4,2,2,0,2,1,3,0,1,30,2,2,1,0,0,1,38.0,,deux_roues,voiture,1,2,1,1,7
202200010825,2022-05-31 21:15:00,2022,5,31,21,15,76,76498,Boulevard du 11 Novembre,49.41395,1.07172,Crépuscule ou aube,En agglomération,Hors intersection,Normale,Deux véhicules - côté,7,2,3,3,1,1,1,0,1,30,2,3,2,0,1,0,23.0,21.0,voiture,voiture,2,2,1,1,3
202200010826,2022-12-25 08:45:00,2022,12,25,8,45,59,59646,FLANDRE (AVENUE DE),50.66375,3.13016,Plein jour,En agglomération,Passage à niveau,Pluie légère,Deux véhicules - côté,7,2,6,3,1,1,2,4,6,50,2,2,1,0,0,1,52.0,35.0,transport_commun,voiture,1,2,8,2,3
202200010827,2022-11-18 04:22:00,2022,11,18,4,22,2B,2B033,AV DE LA LIBERATION,42.6828,9.44444,Nuit avec éclairage allumé,En agglomération,Hors intersection,Pluie légère,Autre collision,4,2,2,0,2,1,2,9,1,50,1,2,1,0,1,0,42.0,,voiture,,5,2,1,2,6
202200010828,2022-03-14 18:35:00,2022,3,14,18,35,988,98818,PROMENADE ROGER LAROQUE/ROUTE DE L'AQUARIUM,-22.30067,166.43794,Nuit avec éclairage allumé,En agglomération,Intersection en T,Normale,Deux véhicules - côté,4,2,2,0,1,1,1,0,1,50,2,2,1,0,0,1,41.0,67.0,voiture,deux_roues,5,2,3,1,3
202200010829,2022-11-17 17:30:00,2022,11,17,17,30,95,95280,Avenue Albert Sarraut,49.0319642309,2.4589687586,Nuit avec éclairage allumé,En agglomération,Hors intersection,Temps couvert,Autre collision,4,2,2,0,1,1,1,0,1,50,1,2,1,0,0,1,19.0,,voiture,,5,2,1,8,6
202200010830,2022-05-31 17:30:00,2022,5,31,17,30,76,76540,Boulevard des Belges,49.444,1.085,Plein jour,En agglomération,Intersection en X,Normale,Deux véhicules - côté,7,2,4,3,2,1,1,-1,6,50,2,2,1,0,0,1,32.0,21.0,voiture,deux_roues,1,2,2,1,3
202200010831,2022-12-25 18:40:00,2022,12,25,18,40,38,38185,RUE DE STALINGRAD,45.16948,5.72347,Nuit avec éclairage allumé,En agglomération,Intersection en T,Normale,Deux véhicules - côté,4,3,2,3,1,1,1,0,1,50,2,3,1,0,1,1,33.0,18.0,voiture,deux_roues,5,2,3,1,3
202200010832,2022-03-14 18:25:00,2022,3,14,18,25,974,97409,RES DES LONGANIS,-20.97293,55.6569,Crépuscule ou aube,En agglomération,Intersection en X,Normale,Deux véhicules - côté,4,2,2,0,1,1,1,0,1,50,2,2,0,0,0,2,33.0,17.0,deux_roues,deux_roues,2,2,2,1,3
202200010833,2022-12-25 07:40:00,2022,12,25,7,40,38,38169,AVENUE DU VERCORS,45.19241,5.69489,Crépuscule ou aube,En agglomération,Intersection en X,Brouillard / fumée,Deux véhicules - côté,7,4,3,0,1,1,1,0,1,50,2,2,1,0,0,1,40.0,23.0,utilitaire_camion,voiture,2,2,2,5,3
202200010834,2022-03-16 15:15:00,2022,3,16,15,15,974,97407,DESMOULINS(RUE),-20.93033,55.29341,Plein jour,En agglomération,Intersection en X,Normale,Deux véhicules - côté,4,2,2,0,1,1,1,0,1,50,2,3,2,0,0,1,34.0,63.0,voiture,voiture,1,2,2,1,3
202200010835,2022-05-30 09:30:00,2022,5,30,9,30,74,74298,TANINGES (ROUTE DE ),46.18845,6.26703,Plein jour,En agglomération,Hors intersection,Normale,Trois véhicules et plus - collisions multiples,3,2,2,0,1,1,1,0,1,50,3,3,2,0,0,1,74.0,25.0,voiture,voiture,1,2,1,1,5
202200010836,2022-12-23 17:20:00,2022,12,23,17,20,26,26362,LACRA RN532,44.95633,4.935488,Crépuscule ou aube,Hors agglomération,Hors intersection,Autre,Deux véhicules - arrière,2,3,2,0,1,1,1,0,1,80,2,2,0,0,0,2,32.0,27.0,voiture,voiture,2,1,1,9,2
202200010837,2022-12-25 15:40:00,2022,12,25,15,40,25,25056,RN 1057 (CH. EPITAPHE-CH. MONTBOUCONS),47.26195,6.00526,Plein jour,Hors agglomération,Hors intersection,Temps couvert,Deux véhicules - côté,2,3,4,0,1,3,2,2,1,90,2,3,2,0,0,1,20.0,21.0,voiture,voiture,1,1,1,8,3
202200010838,2022-03-14 12:00:00,2022,3,14,12,0,973,97302,FELIX EBOUE(ROCADE),4.93102,-52.31328,Plein jour,En agglomération,Intersection en X,Pluie légère,Deux véhicules - côté,3,2,2,0,1,1,2,0,1,50,2,3,2,0,0,1,30.0,26.0,deux_roues,voiture,1,2,2,2,3
202200010839,2022-05-31 13:10:00,2022,5,31,13,10,71,71306,RN 70 (ROUTE EXPRESS),46.68556,4.35512,Plein jour,Hors agglomération,Hors intersection,Normale,Deux véhicules - arrière,2,2,2,0,1,1,1,0,1,70,2,2,1,0,0,1,31.0,31.0,utilitaire_camion,utilitaire_camion,1,1,1,1,2
202200010840,2022-12-25 16:50:00,2022,12,25,16,50,22,22215,PONT DES ILES (RUE DU),48.52308,-2.81866,Crépuscule ou aube,Hors agglomération,Hors intersection,Pluie légère,Deux véhicules - arrière,3,2,2,0,1,1,2,0,1,80,2,2,1,0,0,1,,70.0,voiture,utilitaire_camion,2,1,1,2,2
202200010841,2022-11-19 16:00:00,2022,11,19,16,0,91,91216,TOURELLES (CHEMIN),48.66816,2.33695,Plein jour,En agglomération,Hors intersection,Normale,Autre collision,6,-1, -1,0,1,1,1,0,1,50,1,3,2,0,0,1,58.0,,voiture,,1,2,1,1,6
202200010842,2022-03-14 16:30:00,2022,3,14,16,30,69,69387,Avenue Tony Garnier,45.7278,4.8243,Plein jour,En agglomération,Intersection en X,Normale,Deux véhicules - côté,4,2,6,3,1,1,1,0,1,50,2,2,1,0,0,1,37.0,38.0,deux_roues,voiture,1,2,2,1,3
202200010843,2022-05-31 14:15:00,2022,5,31,14,15,71,71076,TEMPLE (RUE DU),46.78037,4.85295,Plein jour,En agglomération,Hors intersection,Normale,Autre collision,4,1,1,0,1,1,1,0,1,30,1,2,1,0,0,1,28.0,,voiture,,1,2,1,1,6