accident_id,datetime,annee,mois,jour,heure,minute,departement,commune_insee,adresse,latitude,longitude,luminosite,agglomeration,intersection,meteo,collision,catr,circ,nbv,vosp,prof,plan,surf,infra,situ,vma,nb_vehicules,nb_usagers,nb_indemnes,nb_tues,nb_blesses_hosp,nb_blesses_legers,age_cond_1,age_cond_2,veh_type_cond_1,veh_type_cond_2,lum_code,agg_code,int_code,atm_code,col_code
202200010934,2022-03-14 07:44:00,2022,3,14,7,44,87,87085,AURIOL (AVENUE DU PRESIDENT VINCENT),45.83718,1.22884,Plein jour,En agglomération,Hors intersection,Normale,Deux véhicules - côté,4,2,2,0,1,1,1,0,4,50,2,2,1,0,0,1,20.0,19.0,deux_roues,voiture,1,2,1,1,3
202200010935,2022-05-27 20:20:00,2022,5,27,20,20,50,50129,EST (BOULEVARD DE L'),49.63494,-1.59145,Plein jour,En agglomération,Hors intersection,Normale,Sans collision,3,2,2,0,1,1,1,0,1,50,1,5,4,0,0,1,22.0,,voiture,,1,2,1,1,7
202200010936,2022-11-18 07:40:00,2022,11,18,7,40,64,64335,D816,43.358,-0.41434,Crépuscule ou aube,En agglomération,Giratoire,Temps couvert,Trois véhicules et plus - en chaîne,3,2,2,0,1,1,2,0,1,50,3,3,0,0,0,3,37.0,27.0,voiture,voiture,2,2,6,8,4
202200010937,2022-05-31 07:45:00,2022,5,31,7,45,49,49246,GAULLE RUE CHARLES DE,47.42487,-0.52513,Plein jour,En agglomération,Hors intersection,Normale,Deux véhicules - côté,3,1,2,0,1,2,1,0,1,30,2,2,1,0,0,1,55.0,17.0,voiture,deux_roues,1,2,1,1,3
202200010938,2022-12-26 21:15:00,2022,12,26,21,15,29,29026,N165,48.2124209193,-4.0489944482,Nuit sans éclairage public,Hors agglomération,Autre intersection,Temps couvert,Autre collision,2,3,4,0,2,1,1,3,8,110,1,2,1,1,0,0,40.0,,voiture,,3,1,9,8,6
202200010939,2022-03-11 16:21:00,2022,3,11,16,21,87,87114,CROIX DE LA LIEUE (LA) - LIEU DIT,45.84815,1.3465,Plein jour,Hors agglomération,Intersection en T,Normale,Deux véhicules - arrière,3,2,2,0,1,1,1,5,1,90,2,2,1,0,0,1,54.0,52.0,voiture,voiture,1,1,3,1,2
202200010940,2022-03-12 06:00:00,2022,3,12,6,0,84,84007,C.De GAULLE (Rocade),43.93132,4.82636,Crépuscule ou aube,En agglomération,Hors intersection,Pluie légère,Sans collision,3,-1,2,0,1,1,2,0,1,50,1,1,0,0,1,0,59.0,,voiture,,2,2,1,2,7
202200010941,2022-05-31 14:05:00,2022,5,31,14,5,45,45234,21 Avenue de la Libération,47.91952,1.90204,Plein jour,En agglomération,Hors intersection,Normale,Autre collision,6,-1, -1,0,1,1,1,0,1,30,1,2,1,0,0,1,59.0,,utilitaire_camion,,1,2,1,1,6
202200010942,2022-11-19 20:01:00,2022,11,19,20,1,64,64102,Avenue du 14 Avril 1814,43.50469,-1.44677,Nuit avec éclairage allumé,En agglomération,Giratoire,Pluie légère,Deux véhicules - arrière,3,3,2,0,1,3,2,0,1,50,2,2,1,0,0,1,46.0,67.0,voiture,voiture,5,2,6,2,2
202200010943,2022-12-27 07:50:00,2022,12,27,7,50,76,76244,"A28, Pk 64+300",49.7056286365,1.3738274574,Nuit sans éclairage public,Hors agglomération,Hors intersection,Normale,Trois véhicules et plus - en chaîne,1,1,4,3,2,1,1,0,1,130,3,3,1,0,2,0,24.0,56.0,voiture,voiture,3,1,1,1,4
202200010944,2022-03-16 14:40:00,2022,3,16,14,40,83,83144,UNIVERSITE (AVE DE L'),43.13753,6.00995,Plein jour,Hors agglomération,Hors intersection,Normale,Autre collision,4,2,1,1,1,1,1,0,3,50,1,2,0,1,1,0,84.0,,voiture,,1,1,1,1,6
202200010945,2022-11-18 08:34:00,2022,11,18,8,34,64,64102,Rue Denis Etcheverry,43.49469,-1.46717,Plein jour,En agglomération,Hors intersection,Pluie légère,Autre collision,4,1,1,0,1,1,2,0,1,50,1,2,1,0,0,1,39.0,,voiture,,1,2,1,2,6
202200010946,2022-05-31 04:55:00,2022,5,31,4,55,42,42071,Avenue de la Libération,46.0243,4.08704,Nuit avec éclairage allumé,En agglomération,Intersection en T,Normale,Deux véhicules - frontale,4,2,2,0,1,1,1,0,1,50,2,2,1,0,1,0,54.0,37.0,voiture,deux_roues,5,2,3,1,1
202200010947,2022-12-26 22:54:00,2022,12,26,22,54,17,17222,D105,46.233706,-1.124886,Nuit sans éclairage public,Hors agglomération,Hors intersection,Normale,Sans collision,3,2,2,0,1,2,2,0,3,90,1,3,0,0,1,2,20.0,,voiture,,3,1,1,1,7
202200010948,2022-11-13 06:04:00,2022,11,13,6,4,63,63075,5 COMBES (RUE DES),45.7658190105,3.0684015155,Nuit avec éclairage allumé,En agglomération,Hors intersection,Normale,Autre collision,4,2,2,0,1,1,1,0,1,50,1,1,0,0,0,1,21.0,,voiture,,5,2,1,1,6
202200010949,2022-03-16 10:48:00,2022,3,16,10,48,83,83126,JUIN (AV MARECHAL),43.10677,5.87223,Plein jour,En agglomération,Hors intersection,Normale,Deux véhicules - arrière,7,3,4,0,1,1,1,0,1,50,2,3,2,0,1,0,24.0,61.0,voiture,deux_roues,1,2,1,1,2
202200010950,2022-12-27 04:10:00,2022,12,27,4,10,42,42271,Route de Richore,45.484703,4.561794,Nuit sans éclairage public,Hors agglomération,Hors intersection,Pluie légère,Autre collision,4,2,2,0,2,3,2,0,1,50,1,1,0,0,0,1,29.0,,voiture,,3,1,1,2,6
202200010951,2022-05-31 07:55:00,2022,5,31,7,55,37,37122,JUMEAUX (RUE DES),47.353357189,0.6977874041,Plein jour,En agglomération,Intersection en X,Normale,Sans collision,4,2,2,0,1,1,1,0,1,50,1,1,0,0,0,1,20.0,,deux_roues,,1,2,2,1,7
202200010952,2022-03-13 11:00:00,2022,3,13,11,0,83,83069,AVENUE RITONDALE LEOPOLD,43.11344,6.12967,Plein jour,Hors agglomération,Intersection en X,Pluie légère,Deux véhicules - côté,3,1,3,0,1,1,2,0,1,50,2,2,1,0,0,1,26.0,53.0,voiture,voiture,1,1,2,2,3
202200010953,2022-11-10 14:32:00,2022,11,10,14,32,63,63113,JOUHAUX (BD LEON),45.79427,3.11726,Plein jour,En agglomération,Passage à niveau,Normale,Deux véhicules - côté,7,3,5,0,1,1,1,0,1,50,2,2,1,0,0,1,74.0,24.0,voiture,deux_roues,1,2,8,1,3
202200010954,2022-12-24 19:15:00,2022,12,24,19,15,19,19132,les prades,45.112838,1.781791,Nuit sans éclairage public,Hors agglomération,Hors intersection,Normale,Autre collision,3,2,2,0,3,2,1,0,3,90,1,1,0,0,1,0,29.0,,utilitaire_camion,,3,1,1,1,6
202200010955,2022-05-30 17:00:00,2022,5,30,17,0,37,37214,BORDIERS (RUE DES),47.4189991871,0.6737011671,Plein jour,En agglomération,Giratoire,Normale,Deux véhicules - côté,4,2,2,0,1,1,1,0,1,50,2,2,1,0,0,1,56.0,52.0,deux_roues,voiture,1,2,6,1,3
202200010956,2022-03-15 17:10:00,2022,3,15,17,10,83,83050,GRASSE(AVENUE DE),43.535149,6.491335,Plein jour,En agglomération,Hors intersection,Normale,Deux véhicules - frontale,3,-1,2,0,1,3,1,0,1,30,2,2,1,0,1,0,83.0,41.0,voiture,deux_roues,1,2,1,1,1
202200010957,2022-11-18 17:30:00,2022,11,18,17,30,59,59033,SAINT MARTIN (RUE),50.1983764782,3.8312458992,Nuit avec éclairage allumé,En agglomération,Intersection en T,Normale,Autre collision,4,2,2,0,1,1,1,0,1,50,1,2,1,0,0,1,40.0,,utilitaire_camion,,5,2,3,1,6
202200010958,2022-12-27 16:10:00,2022,12,27,16,10,2B,2B050,départementale D151,42.538283,8.802624,Plein jour,Hors agglomération,Hors intersection,Normale,Deux véhicules - frontale,3,2,2,0,1,2,1,0,1,70,2,4,2,0,0,2,42.0,23.0,voiture,voiture,1,1,1,1,1
202200010959,2022-05-30 12:10:00,2022,5,30,12,10,37,37261,COLOMBIER (RUE),47.4233574123,0.7084216923,Plein jour,En agglomération,Intersection en T,Normale,Deux véhicules - frontale,4,2,2,0,1,1,1,0,1,50,2,2,1,0,1,0,44.0,18.0,utilitaire_camion,deux_roues,1,2,3,1,1
202200010960,2022-03-15 11:55:00,2022,3,15,11,55,80,80021,ROUEN (RUE DE),49.88878,2.28755,Plein jour,En agglomération,Hors intersection,Normale,Trois véhicules et plus - en chaîne,4,2,2,0,1,1,1,0,1,50,3,3,2,0,0,1,60.0,51.0,utilitaire_camion,voiture,1,2,1,1,4
202200010961,2022-12-25 18:30:00,2022,12,25,18,30,82,82087,D68,44.159841,1.24926,Nuit sans éclairage public,Hors agglomération,Hors intersection,Normale,Autre collision,3,2,2,0,1,1,1,0,3,80,1,1,0,0,1,0,85.0,,voiture,,3,1,1,1,6
202200010962,2022-11-18 12:30:00,2022,11,18,12,30,59,59360,MOCQUET GUY RUE,50.60752,3.02138,Plein jour,En agglomération,Intersection en Y,Normale,Deux véhicules - arrière,7,2,2,0,1,3,1,0,1,50,2,2,1,0,0,1,57.0,,deux_roues,voiture,1,2,4,1,2
202200010963,2022-05-27 16:57:00,2022,5,27,16,57,36,36044,Allee du Commerce,46.7952719185,1.6943956912,Plein jour,En agglomération,Hors intersection,Normale,Autre collision,4,2,0,0,1,1,1,0,4,50,1,2,1,1,0,0,,,voiture,,1,2,1,1,6
202200010964,2022-11-15 16:45:00,2022,11,15,16,45,59,59350,POT RUE LONG,50.6275731745,3.0885341763,Crépuscule ou aube,En agglomération,Hors intersection,Pluie forte,Autre collision,7,-1,1,0,1,1,2,0,1,30,1,2,1,0,0,1,70.0,,voiture,,2,2,1,3,6
202200010965,2022-03-15 22:30:00,2022,3,15,22,30,80,80021,STRASBOURG (BOULEVARD DE),49.88931,2.27761,Nuit avec éclairage allumé,En agglomération,Hors intersection,Normale,Trois véhicules et plus - en chaîne,4,2,2,0,1,1,1,0,1,50,3,5,2,0,0,3,42.0,42.0,voiture,voiture,5,2,1,1,4
202200010966,2022-03-11 08:56:00,2022,3,11,8,56,80,80021,VATABLE (RUE),49.88507,2.31855,Plein jour,En agglomération,Hors intersection,Temps éblouissant,Autre collision,4,1,1,0,1,1,1,0,1,50,1,3,1,0,1,1,49.0,,voiture,,1,2,1,7,6
202200010967,2022-11-18 09:30:00,2022,11,18,9,30,59,59360,CLEMENCEAU RUE,50.6158950189,3.0102270842,Plein jour,En agglomération,Intersection en X,Normale,Deux véhicules - côté,7,2,2,0,1,1,1,0,1,50,2,2,1,0,1,0,,24.0,utilitaire_camion,voiture,1,2,2,1,3
202200010968,2022-05-06 10:16:00,2022,5,6,10,16,36,36044,Avenue Bernard Louvet,46.80267,1.70405,Plein jour,En agglomération,Giratoire,Normale,Deux véhicules - côté,4,2,2,0,1,3,1,0,1,50,2,2,1,0,0,1,58.0,32.0,deux_roues,voiture,1,2,6,1,3
202200010969,2022-03-17 15:40:00,2022,3,17,15,40,80,80001,PETIT MARAIS (du),50.0962498864,1.837259531,Plein jour,En agglomération,Hors intersection,Normale,Sans collision,4,2,1,0,1,1,1,0,1,50,1,1,0,0,1,0,64.0,,deux_roues,,1,2,1,1,7
202200010970,2022-11-19 09:45:00,2022,11,19,9,45,56,56121,1 Rue Léon Gambetta,47.74538,-3.367776,Plein jour,En agglomération,Giratoire,Normale,Autre collision,4,2,2,0,1,1,1,5,4,30,1,3,1,0,1,1,52.0,,voiture,,1,2,6,1,6
202200010971,2022-12-26 19:55:00,2022,12,26,19,55,71,71263,Place de la Liberation,46.630361,5.221156,Nuit avec éclairage allumé,En agglomération,Place,Pluie légère,Autre collision,6,-1, -1,0,1,1,2,0,1,10,1,5,4,0,0,1,59.0,,voiture,,5,2,7,2,6
202200010972,2022-05-30 16:35:00,2022,5,30,16,35,35,35051,EPINE (RUE DE LA BELLE),48.12374,-1.59785,Plein jour,En agglomération,Hors intersection,Normale,Deux véhicules - côté,4,2,2,0,1,1,1,0,1,50,2,2,1,0,0,1,41.0,19.0,voiture,deux_roues,1,2,1,1,3
202200010973,2022-12-27 04:30:00,2022,12,27,4,30,71,71103,D120,46.758562,4.332569,Nuit sans éclairage public,Hors agglomération,Hors intersection,Normale,Autre collision,3,2,2,0,1,1,2,0,3,80,1,1,0,1,0,0,18.0,,voiture,,3,1,1,1,6
202200010974,2022-03-14 08:02:00,2022,3,14,8,2,78,78029,CLOS DE REINE (RUE DU),48.967948,1.850231,Plein jour,En agglomération,Giratoire,Normale,Deux véhicules - côté,4,2,0,0,1,1,2,9,1,50,2,2,1,0,0,1,19.0,61.0,deux_roues,voiture,1,2,6,1,3
202200010975,2022-11-19 18:00:00,2022,11,19,18,0,54,54578,MULLER (AVENUE PAUL),48.6682894266,6.1475533247,Nuit avec éclairage allumé,En agglomération,Intersection en X,Normale,Deux véhicules - frontale,4,2,6,0,1,1,1,0,1,50,2,2,1,0,0,1,53.0,46.0,voiture,voiture,5,2,2,1,1
202200010976,2022-12-22 18:51:00,2022,12,22,18,51,22,22147,Avenue du Capitaine Legrand - intersection RD6 et RD6,48.190635,-2.400529,Nuit avec éclairage non allumé,En agglomération,Intersection en Y,Normale,Deux véhicules - côté,3,2,2,0,1,2,2,0,1,50,2,2,1,0,0,1,39.0,23.0,voiture,voiture,4,2,4,1,3
202200010977,2022-03-17 17:05:00,2022,3,17,17,5,78,78498,PONT ANCIEN RUE DU,48.9336,2.0399,Plein jour,En agglomération,Place,Normale,Autre collision,3,1,0,0,1,1,1,0,1,30,1,2,1,0,0,1,47.0,,transport_commun,,1,2,7,1,6
202200010978,2022-11-19 16:10:00,2022,11,19,16,10,54,54482,CARNOT (AVENUE),48.70103,6.20942,Plein jour,En agglomération,Hors intersection,Normale,Deux véhicules - côté,4,2,2,0,1,1,1,0,1,50,2,2,1,0,0,1,14.0,65.0,deux_roues,voiture,1,2,1,1,3
202200010979,2022-05-31 23:00:00,2022,5,31,23,0,34,34172,CITE SIMON (RUE),43.592433999,3.890474579,Nuit avec éclairage allumé,En agglomération,Hors intersection,Normale,Trois véhicules et plus - collisions multiples,4,2,2,0,2,1,1,0,1,50,3,7,5,0,1,1,27.0,40.0,voiture,deux_roues,5,2,1,1,5
202200010980,2022-12-23 10:05:00,2022,12,23,10,5,38,38229,1 Boulevard des Alpes,45.202996,5.763515,Plein jour,En agglomération,Autre intersection,Temps couvert,Autre collision,6,-1, -1,0,1,1,2,6,1,20,1,2,1,0,0,1,51.0,,voiture,,1,2,9,8,6
202200010981,2022-03-13 11:50:00,2022,3,13,11,50,77,77083,D226,48.85734,2.58597,Plein jour,En agglomération,Intersection en X,Normale,Deux véhicules - côté,3,2,2,0,1,1,1,5,1,50,2,2,1,0,1,0,26.0,50.0,voiture,deux_roues,1,2,2,1,3
202200010982,2022-12-27 14:50:00,2022,12,27,14,50,01,01352,chemin des charbonnières,46.408563,4.984725,Plein jour,Hors agglomération,Hors intersection,Normale,Sans collision,4,2,1,0,1,1,1,0,1,80,1,1,0,0,0,1,20.0,,deux_roues,,1,1,1,1,7
202200010983,2022-05-29 20:30:00,2022,5,29,20,30,34,34032,VERDIER PIERRE (AV),43.34457,3.23202,Plein jour,En agglomération,Intersection en T,Normale,Deux véhicules - côté,4,2,2,0,1,1,1,0,1,50,2,2,0,0,1,1,48.0,23.0,voiture,deux_roues,1,2,3,1,3
202200010984,2022-12-26 16:55:00,2022,12,26,16,55,26,26205,route de GAP D93,44.676389,5.394427,Plein jour,Hors agglomération,Hors intersection,Normale,Autre collision,3,2,2,0,1,1,1,0,3,80,1,1,0,0,1,0,55.0,,voiture,,1,1,1,1,6
202200010985,2022-03-11 14:00:00,2022,3,11,14,0,77,77495,D82,48.571192,2.634291,Plein jour,En agglomération,Hors intersection,Pluie légère,Deux véhicules - frontale,3,2,2,0,1,2,2,0,1,50,2,2,0,0,1,1,29.0,34.0,voiture,voiture,1,2,1,2,1
202200010986,2022-12-27 17:15:00,2022,12,27,17,15,06,06059,534 boulevard georges clémenceau,43.731433,7.380318,Nuit avec éclairage allumé,Hors agglomération,Hors intersection,Normale,Autre collision,7,2,2,0,3,3,1,0,1,70,1,1,0,0,1,0,41.0,,deux_roues,,5,1,1,1,6
202200010987,2022-11-18 18:15:00,2022,11,18,18,15,53,53130,FOUQUET ( QUAI JEHAN ),48.06958,-0.77058,Nuit avec éclairage allumé,En agglomération,Hors intersection,Normale,Deux véhicules - arrière,4,2,2,0,1,1,1,0,1,50,2,2,1,0,0,1,52.0,39.0,voiture,voiture,5,2,1,1,2
202200010988,2022-05-31 16:25:00,2022,5,31,16,25,29,29232,Rond-Point de Kerustum,47.97886,-4.0947,Plein jour,Hors agglomération,Giratoire,Normale,Deux véhicules - côté,3,1,2,0,1,1,1,9,1,50,2,3,1,0,0,2,22.0,48.0,voiture,utilitaire_camion,1,1,6,1,3
202200010989,2022-12-26 17:11:00,2022,12,26,17,11,60,60641,D130,49.4712796317,2.9728892768,Nuit sans éclairage public,Hors agglomération,Hors intersection,Temps couvert,Deux véhicules - frontale,3,2,2,0,1,1,2,0,1,80,2,2,0,0,1,1,50.0,33.0,voiture,voiture,3,1,1,8,1
202200010990,2022-12-25 15:50:00,2022,12,25,15,50,53,53223,Courvole,48.24266,-0.172021,Plein jour,Hors agglomération,Hors intersection,Normale,Autre collision,3,2,2,0,1,1,1,0,3,80,1,1,0,0,1,0,45.0,,voiture,,1,1,1,1,6
202200010991,2022-11-20 00:30:00,2022,11,20,0,30,51,51454,boulevard de la Paix,49.25147,4.04169,Nuit avec éclairage allumé,En agglomération,Intersection en X,Autre,Sans collision,4,2,2,2,1,1,2,6,4,50,1,3,1,0,1,1,53.0,,utilitaire_camion,,5,2,2,9,7
202200010992,2022-05-29 12:10:00,2022,5,29,12,10,29,29232,Rue de Stang Bihan,48.01,-4.10495,Plein jour,En agglomération,Hors intersection,Normale,Deux véhicules - côté,4,2,2,0,2,1,1,0,2,50,2,2,1,0,0,1,53.0,51.0,voiture,voiture,1,2,1,1,3
202200010993,2022-12-21 17:15:00,2022,12,21,17,15,08,08363,Rue Jean Moulin,49.931673,4.640989,Nuit sans éclairage public,En agglomération,Hors intersection,Pluie forte,Autre collision,3,2,2,0,2,1,2,0,3,50,1,2,1,0,0,1,77.0,,voiture,,3,2,1,3,6
202200010994,2022-11-18 15:40:00,2022,11,18,15,40,51,51172,Rue Pierre Beregovoy,49.21889,4.03458,Plein jour,En agglomération,Hors intersection,Normale,Deux véhicules - côté,4,1,1,0,2,2,1,0,1,30,2,2,1,0,0,1,12.0,15.0,deux_roues,deux_roues,1,2,1,1,3
202200010995,2022-05-30 07:47:00,2022,5,30,7,47,29,29019,D205 - Boulevard Tanguy Prigent,48.397484,-4.530743,Plein jour,En agglomération,Hors intersection,Normale,Deux véhicules - arrière,4,-1,2,0,1,1,1,0,1,50,2,3,2,0,0,1,58.0,19.0,voiture,utilitaire_camion,1,2,1,1,2
202200010996,2022-12-26 17:49:00,2022,12,26,17,49,88,88372,38 Rue Jules Ferry,48.406336,6.844917,Nuit sans éclairage public,En agglomération,Hors intersection,Pluie forte,Autre collision,3,2,2,0,1,1,2,0,1,50,1,2,1,0,1,0,52.0,,voiture,,3,2,1,3,6
202200010997,2022-11-16 12:40:00,2022,11,16,12,40,51,51454,place Drouet d'Erlon,49.25525,4.02707,Plein jour,En agglomération,Place,Pluie légère,Sans collision,4,1,1,0,1,1,2,6,4,50,1,1,0,1,0,0,92.0,,utilitaire_camion,,1,2,7,2,7
202200010998,2022-03-14 19:00:00,2022,3,14,19,0,77,77307,RUE DE ROME,48.85905,2.75835,Nuit avec éclairage allumé,En agglomération,Hors intersection,Normale,Deux véhicules - côté,4,2,0,0,1,1,1,0,4,50,2,2,1,0,0,1,42.0,31.0,voiture,deux_roues,5,2,1,1,3
202200010999,2022-11-18 14:45:00,2022,11,18,14,45,49,49099,HERAULT (BOULEVARD),47.06884,-0.87996,Plein jour,En agglomération,Hors intersection,Normale,Autre collision,4,2,2,0,1,1,1,0,1,50,1,2,1,0,0,1,28.0,,utilitaire_camion,,1,2,1,1,6
202200011000,2022-05-30 08:25:00,2022,5,30,8,25,27,27681,FOCH (AVENUE DU MARECHAL),49.09666,1.47514,Plein jour,En agglomération,Giratoire,Normale,Deux véhicules - côté,3,4,2,1,4,3,1,5,5,50,2,2,1,0,0,1,13.0,58.0,deux_roues,voiture,1,2,6,1,3
202200011001,2022-12-13 08:42:00,2022,12,13,8,42,71,71177,Autoroute A39 PK 117+200,46.485917,5.308607,Plein jour,Hors agglomération,Hors intersection,Pluie légère,Deux véhicules - arrière,1,3,4,0,1,2,7,0,1,130,2,2,1,1,0,0,45.0,54.0,voiture,utilitaire_camion,1,1,1,2,2
202200011002,2022-11-16 18:50:00,2022,11,16,18,50,49,49099,RICHARD (BOULEVARD GUSTAVE),47.06219,-0.88064,Nuit avec éclairage allumé,En agglomération,Intersection en T,Pluie forte,Autre collision,4,1,2,0,4,1,2,0,1,50,1,2,1,0,0,1,47.0,,voiture,,5,2,3,3,6
202200011003,2022-03-17 08:45:00,2022,3,17,8,45,77,77186,D607,48.42921,2.66254,Plein jour,Hors agglomération,Hors intersection,Normale,Deux véhicules - arrière,3,2,4,0,1,1,1,0,1,90,2,2,1,0,0,1,54.0,35.0,voiture,voiture,1,1,1,1,2
202200011004,2022-12-26 15:20:00,2022,12,26,15,20,06,06152,Chemin de Peyniblou,43.6257,7.005715,Plein jour,En agglomération,Intersection à plus de 4 branches,Normale,Autre collision,4,2,1,0,1,3,6,8,1,30,1,2,1,0,0,1,79.0,,voiture,,1,2,5,1,6
202200011005,2022-05-30 19:25:00,2022,5,30,19,25,25,25056,VESOUL RUE DE (sup 52),47.258551,6.010079,Plein jour,En agglomération,Hors intersection,Normale,Trois véhicules et plus - en chaîne,3,2,0,0,1,1,1,0,1,50,3,4,3,0,0,1,19.0,73.0,voiture,voiture,1,2,1,1,4
202200011006,2022-11-19 12:20:00,2022,11,19,12,20,49,49015,MENDES FRANCE AVENUE PIERRE,47.50687,-0.58981,Plein jour,En agglomération,Hors intersection,Normale,Deux véhicules - côté,4,2,2,0,1,1,1,0,1,30,2,2,1,0,0,1,76.0,26.0,voiture,voiture,1,2,1,1,3
202200011007,2022-12-23 16:55:00,2022,12,23,16,55,72,72237,Autoroute A 11 PK 193+300,47.907655,-0.089865,Crépuscule ou aube,Hors agglomération,Hors intersection,Normale,Deux véhicules - arrière,1,3,2,0,1,1,1,0,1,130,2,4,3,0,0,1,64.0,30.0,voiture,voiture,2,1,1,1,2
202200011008,2022-03-17 02:40:00,2022,3,17,2,40,76,76351,JEAN JACQUES ROUSSEAU,49.49838,0.1312,Nuit avec éclairage allumé,En agglomération,Intersection en X,Pluie légère,Deux véhicules - côté,4,2,2,0,1,1,2,0,1,50,2,2,0,0,0,1,,23.0,voiture,deux_roues,5,2,2,2,3
202200011009,2022-11-18 19:50:00,2022,11,18,19,50,49,49007,COUBERTIN BOULEVARD,47.45881,-0.53296,Nuit avec éclairage allumé,En agglomération,Hors intersection,Normale,Deux véhicules - côté,4,2,2,0,1,1,1,0,1,50,2,2,1,0,0,1,20.0,69.0,deux_roues,voiture,5,2,1,1,3
202200011010,2022-05-30 13:00:00,2022,5,30,13,0,22,22113,MIN COAR (ROUTE DE),48.7445170179,-3.5006590784,Plein jour,Hors agglomération,Intersection en Y,Normale,Deux véhicules - côté,4,2,1,2,1,1,1,0,5,30,2,2,1,0,0,1,17.0,77.0,deux_roues,voiture,1,1,4,1,3
202200011011,2022-03-12 02:05:00,2022,3,12,2,5,76,76351,MARCEAU (RUE),49.49157,0.13287,Nuit avec éclairage allumé,En agglomération,Giratoire,Normale,Autre collision,4,3,4,0,1,1,1,0,1,50,1,2,1,0,0,1,25.0,,voiture,,5,2,6,1,6
202200011012,2022-12-26 10:50:00,2022,12,26,10,50,06,06088,A8 PK 193+700 chaussée sud,43.721246,7.217508,Plein jour,Hors agglomération,Hors intersection,Normale,Deux véhicules - côté,1,1,3,0,2,3,1,0,1,90,2,3,2,0,0,1,34.0,87.0,voiture,voiture,1,1,1,1,3
202200011013,2022-11-18 08:11:00,2022,11,18,8,11,49,49267,RD 347,47.47068,-0.45282,Crépuscule ou aube,Hors agglomération,Intersection en T,Normale,Deux véhicules - côté,3,3,3,0,1,1,1,0,1,80,2,2,0,0,0,2,27.0,35.0,voiture,voiture,2,1,3,1,3
202200011014,2022-12-23 23:05:00,2022,12,23,23,5,987,98714,Vaitape,-16.503783,-151.748361,Nuit avec éclairage allumé,En agglomération,Hors intersection,Normale,Deux véhicules - frontale,2,2,2,0,1,1,1,0,1,40,2,2,1,0,1,0,33.0,12.0,deux_roues,deux_roues,5,2,1,1,1
202200011015,2022-11-17 14:07:00,2022,11,17,14,7,49,49353,avenue pierre mendès france,47.44783,-0.50835,Plein jour,En agglomération,Hors intersection,Normale,Deux véhicules - côté,4,2,3,0,1,1,1,0,1,50,2,2,1,0,0,1,54.0,48.0,voiture,deux_roues,1,2,1,1,3
202200011016,2022-05-31 17:50:00,2022,5,31,17,50,13,13210,ELLEON (AVENUE),43.2856589311,5.4420115229,Plein jour,En agglomération,Intersection en T,Normale,Deux véhicules - frontale,4,1, -1,1,2,1,1,0,1,50,2,2,1,0,0,1,65.0,18.0,voiture,deux_roues,1,2,3,1,1
202200011017,2022-11-17 07:10:00,2022,11,17,7,10,49,49007,CHAUVAT BOULEVARD,47.4544,-0.56733,Crépuscule ou aube,En agglomération,Hors intersection,Pluie légère,Autre collision,4,3,6,2,1,1,2,0,1,50,1,1,0,0,0,1,36.0,,voiture,,2,2,1,2,6
202200011018,2022-12-25 03:30:00,2022,12,25,3,30,973,97306,RN1 PK211,5.410262,-53.71027,Plein jour,Hors agglomération,Hors intersection,Pluie légère,Autre collision,2,2,2,0,4,1,2,0,1,80,1,2,0,1,0,1,22.0,,deux_roues,,1,1,1,2,6
202200011019,2022-03-16 16:30:00,2022,3,16,16,30,74,74012,GLIERES (RUE DES),46.194193,6.245382,Plein jour,En agglomération,Autre intersection,Temps couvert,Autre collision,4,-1,2,0,1,1,1,0,4,10,2,2,1,0,0,1,13.0,66.0,deux_roues,voiture,1,2,9,8,6
202200011020,2022-11-18 08:00:00,2022,11,18,8,0,45,45274,D951 PR 86 + 894,47.86796,1.95762,Crépuscule ou aube,En agglomération,Giratoire,Normale,Deux véhicules - côté,3,1,2,0,1,2,1,0,1,50,2,2,1,0,0,1,13.0,56.0,deux_roues,utilitaire_camion,2,2,6,1,3
202200011021,2022-12-24 18:30:00,2022,12,24,18,30,971,97116,Route de Jeanne de Kermadec,16.324464,-61.446072,Nuit sans éclairage public,En agglomération,Hors intersection,Normale,Deux véhicules - frontale,3,2,2,0,2,1,1,0,1,80,2,2,1,0,1,0,38.0,57.0,deux_roues,voiture,3,2,1,1,1
202200011022,2022-05-31 11:20:00,2022,5,31,11,20,13,13208,MAZARGUES (AVENUE DE),43.26144,5.3936,Plein jour,En agglomération,Intersection en T,Normale,Deux véhicules - côté,4,2,2,0,1,1,1,0,1,50,2,2,1,0,1,0,59.0,67.0,voiture,deux_roues,1,2,3,1,3
202200011023,2022-03-13 19:12:00,2022,3,13,19,12,73,73008,D1201,45.69654,5.90738,Nuit avec éclairage allumé,En agglomération,Giratoire,Pluie légère,Autre collision,3,3,3,2,1,1,2,5,1,50,1,2,1,0,0,1,21.0,,voiture,,5,2,6,2,6
202200011024,2022-11-18 18:20:00,2022,11,18,18,20,44,44109,6 Rue du Général de Bollardière,47.20967,-1.52945,Nuit avec éclairage allumé,En agglomération,Hors intersection,Normale,Deux véhicules - côté,4,2,2,0,1,1,1,0,1,30,2,2,1,0,0,1,59.0,45.0,deux_roues,voiture,5,2,1,1,3