accident_id,datetime,annee,mois,jour,heure,minute,departement,commune_insee,adresse,latitude,longitude,luminosite,agglomeration,intersection,meteo,collision,catr,circ,nbv,vosp,prof,plan,surf,infra,situ,vma,nb_vehicules,nb_usagers,nb_indemnes,nb_tues,nb_blesses_hosp,nb_blesses_legers,age_cond_1,age_cond_2,veh_type_cond_1,veh_type_cond_2,lum_code,agg_code,int_code,atm_code,col_code
202200011664,2022-04-19 18:54:00,2022,4,19,18,54,76,76540,Rue Charles Baudelaire,49.42344,1.09747,Plein jour,En agglomération,Hors intersection,Normale,Deux véhicules - côté,4,1,1,0,1,1,1,-1,1,30,2,2,1,0,1,0,24.0,26.0,utilitaire_camion,autre,1,2,1,1,3
202200011665,2022-09-10 23:10:00,2022,9,10,23,10,64,64249,Avenue Getaria,43.421152,-1.605832,Nuit avec éclairage allumé,En agglomération,Hors intersection,Normale,Deux véhicules - arrière,3,2,2,0,2,3,1,0,1,50,2,2,1,0,0,1,29.0,70.0,voiture,voiture,5,2,1,1,2
202200011666,2022-09-10 11:05:00,2022,9,10,11,5,64,64249,RD810,43.41709,-1.60957,Plein jour,Hors agglomération,Hors intersection,Normale,Deux véhicules - arrière,3,2,2,0,1,1,1,0,1,50,2,2,1,0,0,1,18.0,85.0,deux_roues,voiture,1,1,1,1,2
202200011667,2022-04-16 18:15:00,2022,4,16,18,15,76,76157,Rue Lamartine,49.44718,1.03702,Plein jour,En agglomération,Hors intersection,Normale,Deux véhicules - arrière,7,2,2,0,1,3,1,0,1,50,2,2,1,0,0,1,19.0,34.0,voiture,voiture,1,2,1,1,2
202200011668,2022-09-10 17:45:00,2022,9,10,17,45,64,64284,OLLE LAPRUNE,43.28481,-0.38775,Plein jour,En agglomération,Hors intersection,Normale,Deux véhicules - côté,4,2,4,1,1,1,1,0,1,50,2,2,1,0,0,1,65.0,11.0,voiture,deux_roues,1,2,1,1,3
202200011669,2022-04-25 16:45:00,2022,4,25,16,45,72,72181,ESTIENNE D'ORVES (BD D'),47.98431,0.18589,Plein jour,En agglomération,Hors intersection,Normale,Deux véhicules - arrière,4,2,2,0,1,1,1,0,1,70,2,2,1,0,0,1,24.0,19.0,voiture,voiture,1,2,1,1,2
202200011670,2022-09-10 12:20:00,2022,9,10,12,20,64,64348,EUROPE DE L',43.3209940986,-0.3919351101,Plein jour,En agglomération,Giratoire,Normale,Deux véhicules - côté,3,1,2,0,1,2,1,0,1,50,2,2,1,0,0,1,71.0,50.0,deux_roues,deux_roues,1,2,6,1,3
202200011671,2022-04-26 16:50:00,2022,4,26,16,50,69,69029,Rue de la Pagère,45.74818,4.91455,Plein jour,En agglomération,Hors intersection,Normale,Autre collision,4,2,2,0,1,1,1,0,1,30,1,2,1,0,0,1,34.0,,voiture,,1,2,1,1,6
202200011672,2022-09-10 09:30:00,2022,9,10,9,30,64,64237,D 802,43.2790435022,-0.3755763173,Plein jour,En agglomération,Giratoire,Normale,Deux véhicules - côté,3,2,2,0,1,3,1,0,1,50,2,2,1,0,0,1,53.0,67.0,deux_roues,voiture,1,2,6,1,3
202200011673,2022-09-09 04:50:00,2022,9,9,4,50,64,64024,Avenue de Bayonne,43.48099,-1.5122,Nuit avec éclairage allumé,En agglomération,Hors intersection,Pluie forte,Autre collision,3,3,4,0,1,1,2,0,1,50,1,2,1,0,1,0,20.0,,voiture,,5,2,1,3,6
202200011674,2022-04-25 14:00:00,2022,4,25,14,0,69,69290,Rue du Lyonnais,45.69554,4.91235,Plein jour,En agglomération,Intersection en Y,Normale,Deux véhicules - côté,4,2,2,2,1,2,1,0,1,50,2,2,1,0,0,1,58.0,58.0,voiture,voiture,1,2,4,1,3
202200011675,2022-09-10 21:53:00,2022,9,10,21,53,62,62239,D243E3,50.92202,1.792817,Nuit sans éclairage public,Hors agglomération,Autre intersection,Normale,Autre collision,3,2,2,0,1,2,1,9,3,50,1,2,0,1,1,0,25.0,,deux_roues,,3,1,9,1,6
202200011676,2022-09-10 14:15:00,2022,9,10,14,15,59,59508,LILLE (RUE DE),50.7349522257,3.1150746346,Plein jour,En agglomération,Hors intersection,Normale,Autre collision,7,-1,2,0,1,1,1,0,1,30,1,1,0,0,0,1,38.0,,voiture,,1,2,1,1,6
202200011677,2022-04-22 13:00:00,2022,4,22,13,0,67,67218,WOLFLEY (RUE DE),48.51457,7.70634,Plein jour,En agglomération,Hors intersection,Normale,Deux véhicules - arrière,7,2,2,2,1,1,1,0,1,30,2,2,1,0,0,1,,39.0,utilitaire_camion,deux_roues,1,2,1,1,2
202200011678,2022-09-10 04:15:00,2022,9,10,4,15,57,57463,LORRY (ROUTE DE ),49.1379,6.14219,Nuit avec éclairage allumé,En agglomération,Hors intersection,Autre,Autre collision,7,2,2,0,2,1,2,0,8,50,1,1,0,0,1,0,26.0,,voiture,,5,2,1,9,6
202200011679,2022-09-01 16:08:00,2022,9,1,16,8,54,54431,RD 657 ,48.922,6.06546,Plein jour,Hors agglomération,Hors intersection,Normale,Sans collision,3,2,2,0,1,3,1,0,3,70,1,1,0,1,0,0,54.0,,deux_roues,,1,1,1,1,7
202200011680,2022-04-22 10:55:00,2022,4,22,10,55,67,67482,CLEMENCEAU (BOULEVARD),48.59096,7.746533,Plein jour,En agglomération,Hors intersection,Normale,Deux véhicules - côté,4,3,5,3,1,1,1,5,1,50,2,2,1,0,0,1,26.0,74.0,deux_roues,voiture,1,2,1,1,3
202200011681,2022-09-10 22:25:00,2022,9,10,22,25,54,54395,Rue de Tomblaine,48.68671,6.2011,Nuit avec éclairage allumé,En agglomération,Intersection en X,Pluie légère,Deux véhicules - côté,4,2,2,0,1,1,2,0,1,50,2,2,1,0,0,1,62.0,50.0,deux_roues,voiture,5,2,2,2,3
202200011682,2022-04-25 17:10:00,2022,4,25,17,10,64,64129,BAYONNE DE,43.3051,-0.40197,Plein jour,En agglomération,Giratoire,Normale,Deux véhicules - arrière,4,2,5,1,1,1,1,0,1,50,2,3,2,0,0,1,21.0,32.0,voiture,voiture,1,2,6,1,2
202200011683,2022-09-11 00:10:00,2022,9,11,0,10,51,51105,avenue Jacques de Bohan,49.23338,4.09995,Nuit sans éclairage public,En agglomération,Hors intersection,Normale,Sans collision,4,2,4,0,1,2,1,0,3,50,1,3,1,0,0,2,28.0,,voiture,,3,2,1,1,7
202200011684,2022-04-22 19:30:00,2022,4,22,19,30,62,62523,LILLE (RTE DE),50.440839,2.850163,Plein jour,En agglomération,Hors intersection,Normale,Sans collision,3,2,4,0,1,1,1,0,1,50,1,1,0,0,1,0,53.0,,deux_roues,,1,2,1,1,7
202200011685,2022-09-09 17:55:00,2022,9,9,17,55,51,51454,place du Forum,49.25665,4.03471,Plein jour,En agglomération,Place,Temps couvert,Deux véhicules - frontale,4,1,1,2,1,1,1,0,5,30,2,2,1,0,0,1,43.0,31.0,deux_roues,voiture,1,2,7,8,1
202200011686,2022-09-10 00:30:00,2022,9,10,0,30,51,51454,rue Bacquenois,49.25237,4.022,Nuit avec éclairage allumé,En agglomération,Hors intersection,Pluie légère,Sans collision,4,1,1,0,1,1,2,0,4,30,1,5,2,0,0,3,22.0,,voiture,,5,2,1,2,7
202200011687,2022-04-17 16:55:00,2022,4,17,16,55,59,59350,JUSSIEU RUE,50.6166983111,3.0620902777,Plein jour,En agglomération,Intersection en X,Temps éblouissant,Deux véhicules - arrière,7,1,2,0,1,2,1,0,1,50,2,2,1,0,0,1,27.0,26.0,voiture,deux_roues,1,2,2,7,2
202200011688,2022-09-10 18:30:00,2022,9,10,18,30,49,49007,PETITES MUSSES,47.44993,-0.57574,Plein jour,En agglomération,Hors intersection,Normale,Sans collision,4,2,2,0,1,2,1,0,1,50,1,1,0,0,0,1,46.0,,deux_roues,,1,2,1,1,7
202200011689,2022-04-23 21:15:00,2022,4,23,21,15,58,58194,CHARLEVILLE,46.98944,3.15048,Nuit avec éclairage allumé,En agglomération,Hors intersection,Pluie légère,Autre collision,3,2,2,0,1,1,2,0,1,30,1,2,1,0,0,1,18.0,,deux_roues,,5,2,1,2,6
202200011690,2022-09-10 03:00:00,2022,9,10,3,0,47,47323,CASSENEUIL(ROUTE DE ),44.4230829627,0.7003763785,Nuit avec éclairage allumé,En agglomération,Intersection en T,Normale,Autre collision,3,2,2,0,1,1,1,5,1,50,1,2,0,0,2,0,27.0,,voiture,,5,2,3,1,6
202200011691,2022-04-24 08:50:00,2022,4,24,8,50,57,57672,FORET (RUE DE LA),49.35627,6.06467,Plein jour,En agglomération,Hors intersection,Pluie légère,Autre collision,4,-1,1,0,4,1,2,9,4,30,1,1,0,1,0,0,55.0,,voiture,,1,2,1,2,6
202200011692,2022-09-10 18:34:00,2022,9,10,18,34,47,47032,CASSOU (Rte de),44.190432,0.68541,Plein jour,Hors agglomération,Autre intersection,Normale,Deux véhicules - frontale,4,2,2,0,4,1,9,9,1,80,2,2,1,0,0,1,68.0,28.0,deux_roues,utilitaire_camion,1,1,9,1,1
202200011693,2022-04-24 08:20:00,2022,4,24,8,20,54,54395,ARC ( RUE JEANNE D'N,48.68342,6.17351,Plein jour,En agglomération,Intersection en X,Normale,Deux véhicules - arrière,4,1,1,0,1,1,1,0,1,50,2,2,1,0,0,1,29.0,65.0,voiture,voiture,1,2,2,1,2
202200011694,2022-09-09 17:23:00,2022,9,9,17,23,47,47201,D931,44.16458,0.59891,Plein jour,Hors agglomération,Hors intersection,Normale,Deux véhicules - côté,3,2,3,3,1,1,1,0,1,70,2,2,1,0,0,1,46.0,45.0,voiture,deux_roues,1,1,1,1,3
202200011695,2022-09-10 20:40:00,2022,9,10,20,40,45,45284,138 Rue du Faubourg de Bourgogne,47.9038155315,1.9353181422,Nuit avec éclairage allumé,En agglomération,Intersection en T,Normale,Deux véhicules - côté,4,3,2,0,1,1,1,0,1,50,2,2,1,0,0,1,47.0,57.0,deux_roues,voiture,5,2,3,1,3
202200011696,2022-04-26 19:10:00,2022,4,26,19,10,51,51454,avenue Jean Jaurès,49.2613,4.05004,Plein jour,En agglomération,Hors intersection,Normale,Deux véhicules - côté,4,2,2,0,1,1,1,0,1,50,2,2,1,0,0,1,63.0,48.0,voiture,deux_roues,1,2,1,1,3
202200011697,2022-09-10 10:15:00,2022,9,10,10,15,45,45068,1 Avenue Jean Jaurès,48.01304,2.73121,Plein jour,En agglomération,Intersection en X,Temps couvert,Deux véhicules - côté,4,2,2,0,1,1,1,0,1,50,2,3,2,0,0,1,50.0,66.0,voiture,utilitaire_camion,1,2,2,8,3
202200011698,2022-04-25 12:44:00,2022,4,25,12,44,49,49007,PASTEUR,47.48139,-0.52383,Plein jour,En agglomération,Hors intersection,Normale,Deux véhicules - côté,4,2,4,2,1,1,1,0,1,30,2,2,1,0,0,1,35.0,35.0,deux_roues,voiture,1,2,1,1,3
202200011699,2022-09-10 18:50:00,2022,9,10,18,50,43,43041,1 Cote de Tireboeuf,45.04961,3.91205,Plein jour,En agglomération,Hors intersection,Normale,Autre collision,3,2,3,0,4,1,1,0,1,50,1,2,1,0,0,1,50.0,,voiture,,1,2,1,1,6
202200011700,2022-09-10 02:20:00,2022,9,10,2,20,43,43089,Route de Langeac,45.05048,3.84631,Nuit avec éclairage allumé,En agglomération,Hors intersection,Normale,Autre collision,3,2,2,0,1,3,1,0,1,50,1,1,0,0,0,1,20.0,,voiture,,5,2,1,1,6
202200011701,2022-04-22 22:50:00,2022,4,22,22,50,49,49007,MILLOT BOULEVARD JACQUES,47.45455,-0.53386,Nuit avec éclairage non allumé,En agglomération,Hors intersection,Normale,Deux véhicules - côté,4,2,4,1,1,1,1,0,1,50,2,2,1,0,1,0,21.0,,deux_roues,voiture,4,2,1,1,3
202200011702,2022-07-10 22:10:00,2022,7,10,22,10,42,42218,Rue Chevreul,45.42445,4.39309,Nuit avec éclairage allumé,En agglomération,Intersection en X,Normale,Deux véhicules - côté,4,1,1,0,1,1,1,0,1,50,2,2,1,0,1,0,35.0,33.0,voiture,deux_roues,5,2,2,1,3
202200011703,2022-04-23 15:40:00,2022,4,23,15,40,41,41018,VALLEE MAILLARD (RUE DE LA),47.61018,1.33287,Plein jour,En agglomération,Intersection en X,Normale,Deux véhicules - côté,4,2,2,0,1,1,1,0,1,50,2,2,1,0,0,1,40.0,46.0,voiture,voiture,1,2,2,1,3
202200011704,2022-09-05 11:45:00,2022,9,5,11,45,42,42218,Rue Florent Evrard,45.42401,4.37518,Plein jour,En agglomération,Intersection en X,Normale,Deux véhicules - côté,4,2,2,0,2,1,1,0,1,50,2,2,1,0,0,1,25.0,18.0,voiture,voiture,1,2,2,1,3
202200011705,2022-09-10 17:30:00,2022,9,10,17,30,35,35238,LAENNEC (BD RENE),48.10791,-1.66577,Plein jour,En agglomération,Hors intersection,Normale,Autre collision,4,2,2,2,1,1,1,0,1,50,1,2,1,0,0,1,19.0,,voiture,,1,2,1,1,6
202200011706,2022-04-26 18:15:00,2022,4,26,18,15,37,37122,RD 86 DE MONTS à TOURS,47.3267304362,0.6628704071,Plein jour,En agglomération,Intersection en T,Normale,Deux véhicules - arrière,7,2,4,3,1,1,1,9,1,50,2,3,2,0,0,1,21.0,32.0,voiture,voiture,1,2,3,1,2
202200011707,2022-09-10 16:30:00,2022,9,10,16,30,35,35238,,48.07893,-1.67377,Plein jour,Hors agglomération,Hors intersection,Normale,Trois véhicules et plus - en chaîne,2,1,1,0,1,3,1,3,1,70,3,4,3,0,0,1,28.0,28.0,voiture,voiture,1,1,1,1,4
202200011708,2022-04-26 18:30:00,2022,4,26,18,30,35,35238,N136,48.11236,-1.71839,Plein jour,Hors agglomération,Hors intersection,Normale,Deux véhicules - arrière,2,3,6,0,1,1,1,0,1,90,2,2,1,0,0,1,56.0,23.0,utilitaire_camion,voiture,1,1,1,1,2
202200011709,2022-09-10 03:25:00,2022,9,10,3,25,35,35238,,48.0825868966,-1.6446501017,Nuit sans éclairage public,Hors agglomération,Hors intersection,Normale,Deux véhicules - arrière,2,3,4,0,1,2,2,0,1,90,2,3,1,0,0,2,47.0,,voiture,voiture,3,1,1,1,2
202200011710,2022-09-09 14:25:00,2022,9,9,14,25,31,31555,RUE REGUELONGUE,43.55774,1.37982,Plein jour,En agglomération,Hors intersection,Normale,Autre collision,4,2,1,0,1,1,1,0,4,30,1,4,3,0,0,1,48.0,,voiture,,1,2,1,1,6
202200011711,2022-04-26 11:00:00,2022,4,26,11,0,33,33281,Avenue du Maréchal Leclerc,44.83706,-0.64692,Plein jour,En agglomération,Giratoire,Normale,Deux véhicules - côté,4,3,5,1,1,1,1,0,1,50,2,2,1,0,0,1,80.0,34.0,voiture,deux_roues,1,2,6,1,3
202200011712,2022-09-10 15:45:00,2022,9,10,15,45,26,26198,KENNEDY(Avenue John F.),44.55346,4.74635,Plein jour,En agglomération,Hors intersection,Normale,Autre collision,4,2,2,0,1,1,1,0,1,50,1,3,0,0,1,2,66.0,,deux_roues,,1,2,1,1,6
202200011713,2022-04-25 16:15:00,2022,4,25,16,15,33,33032,Rue du Maréchal Joffre,44.89834,-0.51006,Plein jour,En agglomération,Hors intersection,Normale,Deux véhicules - côté,4,2,2,0,1,1,1,0,4,30,2,2,1,0,0,1,38.0,5.0,voiture,deux_roues,1,2,1,1,3
202200011714,2022-09-10 11:15:00,2022,9,10,11,15,22,22278,CORDERIE (DE LA),48.51563,-2.77101,Plein jour,En agglomération,Hors intersection,Normale,Autre collision,4,-1,0,0,1,1,1,9,4,30,1,2,1,0,1,0,76.0,,voiture,,1,2,1,1,6
202200011715,2022-04-26 08:20:00,2022,4,26,8,20,31,31069,RUE VELASQUEZ,43.61782,1.388635,Plein jour,En agglomération,Autre intersection,Normale,Autre collision,4,2,2,0,1,1,1,8,1,50,1,2,1,0,0,1,45.0,,voiture,,1,2,9,1,6
202200011716,2022-09-10 15:00:00,2022,9,10,15,0,14,14437,D613,49.1695979921,-0.3226053715,Plein jour,En agglomération,Hors intersection,Pluie légère,Deux véhicules - côté,3,2,3,0,1,1,2,0,1,50,2,2,0,0,1,1,30.0,20.0,deux_roues,voiture,1,2,1,2,3
202200011717,2022-04-26 08:10:00,2022,4,26,8,10,28,28134,RN 12 (ARCHE DU GAZON),48.743,1.33774,Plein jour,Hors agglomération,Hors intersection,Normale,Deux véhicules - frontale,2,2,4,0,1,1,1,0,1,80,2,3,0,0,0,3,50.0,24.0,voiture,voiture,1,1,1,1,1
202200011718,2022-09-09 17:54:00,2022,9,9,17,54,14,14118,Avenue Robert Schuman,49.19151,-0.39236,Plein jour,En agglomération,Intersection en T,Normale,Deux véhicules - côté,4,2,4,1,2,1,1,0,1,50,2,2,1,0,0,1,21.0,71.0,deux_roues,voiture,1,2,3,1,3
202200011719,2022-04-26 17:22:00,2022,4,26,17,22,27,27562,DE GAULLE (BOULEVARD),49.09877,1.45591,Plein jour,En agglomération,Hors intersection,Normale,Autre collision,4,3,2,3,1,1,1,6,1,50,1,2,1,0,0,1,26.0,,voiture,,1,2,1,1,6
202200011720,2022-09-10 23:45:00,2022,9,10,23,45,13,13103,BOULEVARD JOLY - VICTOR,43.6387,5.09534,Nuit avec éclairage allumé,En agglomération,Autre intersection,Normale,Deux véhicules - côté,4,1,2,0,1,1,1,6,1,30,1,3,1,0,0,2,18.0,,voiture,,5,2,9,1,3
202200011721,2022-04-26 18:15:00,2022,4,26,18,15,14,14118,Boulevard Yves Guillou,49.1725516988,-0.3889954091,Plein jour,En agglomération,Hors intersection,Normale,Deux véhicules - côté,4,2,2,1,2,1,1,0,5,50,2,2,1,0,0,1,33.0,62.0,deux_roues,voiture,1,2,1,1,3
202200011722,2022-09-10 23:45:00,2022,9,10,23,45,13,13211,JEAN LOMBARD (AVENUE),43.28895,5.43001,Nuit avec éclairage allumé,En agglomération,Intersection en T,Normale,Deux véhicules - côté,4,-1,4,1,1,1,1,0,1,50,2,2,0,0,0,2,59.0,19.0,deux_roues,voiture,5,2,3,1,3
202200011723,2022-04-26 16:33:00,2022,4,26,16,33,14,14118,12-54 Avenue de Paris,49.173458,-0.334194,Plein jour,En agglomération,Hors intersection,Normale,Autre collision,4,3,2,0,1,1,1,0,1,50,1,2,1,0,1,0,51.0,,transport_commun,,1,2,1,1,6
202200011724,2022-09-10 04:50:00,2022,9,10,4,50,13,13207,TELLENE (BOULEVARD),43.2849,5.36756,Nuit avec éclairage allumé,En agglomération,Hors intersection,Normale,Sans collision,4,2,2,0,2,2,1,0,1,50,1,1,0,0,1,0,25.0,,deux_roues,,5,2,1,1,7
202200011725,2022-04-26 17:45:00,2022,4,26,17,45,13,13214,Louis VILLECROZE (Bld),43.3200848944,5.3920024445,Plein jour,En agglomération,Hors intersection,Normale,Deux véhicules - arrière,4,-1,2,0,1,1,1,0,1,50,2,3,1,0,0,2,51.0,29.0,voiture,utilitaire_camion,1,2,1,1,2
202200011726,2022-09-09 23:35:00,2022,9,9,23,35,13,13202,PARIS (BOULEVARD DE),43.3061950996,5.3722956776,Nuit avec éclairage allumé,En agglomération,Intersection en X,Normale,Deux véhicules - côté,4,1,1,0,1,1,1,0,1,50,2,3,1,0,2,0,35.0,42.0,voiture,deux_roues,5,2,2,1,3
202200011727,2022-04-26 08:25:00,2022,4,26,8,25,13,13215,SAINT ANTOINE A SAINT JOSEPH (CHEMIN DE),43.359389194,5.3648255222,Plein jour,En agglomération,Hors intersection,Normale,Deux véhicules - arrière,4,-1,2,0,1,1,1,0,1,50,2,4,1,0,0,3,36.0,48.0,voiture,voiture,1,2,1,1,2
202200011728,2022-09-10 15:55:00,2022,9,10,15,55,08,08105,,49.8008816098,4.7082831859,Plein jour,Hors agglomération,Hors intersection,Pluie forte,Sans collision,3,2,2,0,2,1,2,0,1,80,1,1,0,0,1,0,53.0,,deux_roues,,1,1,1,3,7
202200011729,2022-09-10 05:10:00,2022,9,10,5,10,06,06088,GAIRAUT (AV. DE),43.73453,7.25791,Nuit avec éclairage allumé,En agglomération,Hors intersection,Normale,,4,2,2,0,2,2,1,0,4,50,1,1,0,0,1,0,19.0,,voiture,,5,2,1,1,-1
202200011730,2022-04-15 12:00:00,2022,4,15,12,0,13,13201,FRANKLIN ROOSEVELT (COURS)   1 A 37,43.2991,5.38802,Plein jour,En agglomération,Intersection en X,Normale,Deux véhicules - côté,4,2,2,0,2,1,1,0,1,50,2,2,1,0,0,1,43.0,53.0,voiture,deux_roues,1,2,2,1,3
202200011731,2022-09-10 01:30:00,2022,9,10,1,30,06,06004,NICE(RN.7) AV.ET RTE DE,43.594843,7.120021,Nuit avec éclairage allumé,En agglomération,Hors intersection,Normale,Deux véhicules - frontale,3,2,2,0,1,1,1,0,1,50,2,2,1,1,0,0,33.0,,deux_roues,voiture,5,2,1,1,1
202200011732,2022-04-25 16:30:00,2022,4,25,16,30,13,13002,PIED D'AUTRY (TRAVERSE DE),43.3397619524,5.4776105073,Plein jour,En agglomération,Hors intersection,Normale,Autre collision,4,2,1,0,1,1,1,0,1,50,1,2,1,0,0,1,41.0,,voiture,,1,2,1,1,6
202200011733,2022-09-10 13:50:00,2022,9,10,13,50,75,75117,PORTE DE SAINT OUEN,48.900764,2.330242,Plein jour,En agglomération,Hors intersection,Normale,Deux véhicules - arrière,4,1,3,0,1,1,1,1,1,70,2,5,3,0,0,2,22.0,33.0,utilitaire_camion,voiture,1,2,1,1,2
202200011734,2022-09-09 22:15:00,2022,9,9,22,15,75,75113,BD PERIPHERIQUE EXTERIEUR,48.81688,2.348326,Nuit avec éclairage allumé,En agglomération,Hors intersection,Normale,Sans collision,4,1,3,0,1,1,2,0,1,70,1,1,0,0,0,1,25.0,,deux_roues,,5,2,1,1,7
202200011735,2022-04-26 21:30:00,2022,4,26,21,30,13,13063,THEODORE AUBANEL BOULEVARD,43.58796,4.99954,Nuit avec éclairage allumé,En agglomération,Autre intersection,Normale,Deux véhicules - arrière,4,2,2,0,1,1,1,0,1,50,2,3,2,0,0,1,32.0,18.0,voiture,deux_roues,5,2,9,1,2
202200011736,2022-09-09 19:50:00,2022,9,9,19,50,75,75112,BD PERIPHERIQUE INTERIEUR,48.845831,2.414209,Plein jour,En agglomération,Hors intersection,Pluie légère,Deux véhicules - côté,4,1,4,0,1,1,2,0,1,70,2,2,1,0,0,1,45.0,25.0,voiture,deux_roues,1,2,1,2,3
202200011737,2022-09-10 09:00:00,2022,9,10,9,0,75,75117,RUE CARDINET,48.888636,2.315652,Plein jour,En agglomération,Intersection en X,Normale,Autre collision,4,2,2,0,1,1,1,0,1,30,1,2,1,0,0,1,49.0,,voiture,,1,2,2,1,6
202200011738,2022-04-25 10:55:00,2022,4,25,10,55,13,13070,GARE (BOULEVARD DE LA),43.2837124582,5.5141008246,Plein jour,En agglomération,Giratoire,Normale,Deux véhicules - arrière,4,2,2,0,2,1,1,5,1,50,2,2,1,0,0,1,53.0,67.0,voiture,voiture,1,2,6,1,2
202200011739,2022-09-10 04:21:00,2022,9,10,4,21,75,75107,PONT DE L ALMA,48.862414,2.30159,Nuit avec éclairage allumé,En agglomération,Place,Normale,Deux véhicules - arrière,4,1,3,0,1,1,1,2,1,30,2,2,1,0,1,0,25.0,35.0,voiture,voiture,5,2,7,1,2
202200011740,2022-04-26 18:00:00,2022,4,26,18,0,11,11069,MUSSET ALFRED-DE -ET IMPASSE-,43.2229,2.34541,Plein jour,En agglomération,Intersection en T,Normale,Deux véhicules - côté,4,2,2,0,1,1,1,0,1,50,2,2,1,0,0,1,42.0,25.0,deux_roues,voiture,1,2,3,1,3
202200011741,2022-09-09 05:30:00,2022,9,9,5,30,75,75115,AVENUE EMILE ZOLA,48.846914,2.293275,Nuit avec éclairage allumé,En agglomération,Intersection en X,Normale,Sans collision,4,2,2,0,1,1,1,0,1,50,1,1,0,0,0,1,22.0,,deux_roues,,5,2,2,1,7
202200011742,2022-04-25 18:10:00,2022,4,25,18,10,10,10387,LOMBARDS (AVENUE),48.2716921026,4.0788030624,Plein jour,En agglomération,Hors intersection,Normale,Autre collision,4,2,3,0,1,1,1,0,1,50,1,2,1,0,0,1,24.0,,voiture,,1,2,1,1,6
202200011743,2022-09-10 11:50:00,2022,9,10,11,50,75,75114,BOULEVARD JOURDAN,48.820435,2.338676,Plein jour,En agglomération,Hors intersection,Pluie légère,Autre collision,4,2,6,0,1,1,2,0,1,50,1,2,1,0,0,1,33.0,,deux_roues,,1,2,1,2,6
202200011744,2022-09-10 10:15:00,2022,9,10,10,15,75,75111,RUE JEAN PIERRE TIMBAUD,48.864865,2.366538,Plein jour,En agglomération,Intersection en X,Pluie légère,Deux véhicules - côté,4,1,2,0,1,1,2,0,1,30,2,2,1,0,0,1,51.0,50.0,deux_roues,voiture,1,2,2,2,3
202200011745,2022-04-26 11:45:00,2022,4,26,11,45,06,06069,CANNES (ROUTE DE)  -RD 6085-,43.638068,6.950716,Plein jour,En agglomération,Hors intersection,Normale,Deux véhicules - côté,4,2,2,0,1,1,1,0,1,50,2,2,1,0,0,1,65.0,18.0,voiture,deux_roues,1,2,1,1,3
202200011746,2022-09-10 13:37:00,2022,9,10,13,37,75,75110,RUE DU FAUBOURG DU TEMPLE,48.868288,2.365712,Plein jour,En agglomération,Hors intersection,Temps couvert,Autre collision,4,1,1,3,1,1,1,6,1,30,1,3,2,0,0,1,26.0,,deux_roues,,1,2,1,8,6
202200011747,2022-04-21 17:10:00,2022,4,21,17,10,05,05061,GUILLAUME FAREL ( AVENUE ),44.55911,6.07309,Plein jour,En agglomération,Hors intersection,Temps couvert,Deux véhicules - côté,3,2,2,0,2,1,1,0,1,50,2,2,1,0,0,1,32.0,27.0,utilitaire_camion,deux_roues,1,2,1,8,3
202200011748,2022-09-10 05:32:00,2022,9,10,5,32,75,75110,RUE LOUIS BLANC,48.881099,2.365165,Nuit avec éclairage allumé,En agglomération,Intersection en X,Normale,Deux véhicules - côté,4,1,1,0,1,1,1,0,1,30,2,2,1,0,0,1,49.0,26.0,voiture,deux_roues,5,2,2,1,3
202200011749,2022-09-10 05:50:00,2022,9,10,5,50,75,75110,BOULEVARD DE BONNE NOUVELLE,48.870719,2.347955,Nuit avec éclairage allumé,En agglomération,Intersection en X,Normale,Deux véhicules - côté,4,2,4,0,1,1,1,0,1,30,2,2,1,0,0,1,21.0,34.0,deux_roues,utilitaire_camion,5,2,2,1,3
202200011750,2022-04-25 18:15:00,2022,4,25,18,15,75,75120,BD PERIPHERIQUE INTERIEUR,48.8581320366,2.4140898383,Plein jour,En agglomération,Hors intersection,Normale,Trois véhicules et plus - en chaîne,4,1,4,0,1,1,1,0,1,70,3,4,2,0,0,2,28.0,51.0,deux_roues,voiture,1,2,1,1,4
202200011751,2022-09-10 06:50:00,2022,9,10,6,50,75,75109,BOULEVARD DES ITALIENS,48.871088,2.334783,Crépuscule ou aube,En agglomération,Intersection en T,Temps couvert,Sans collision,4,2,3,3,1,1,2,0,1,30,1,1,0,0,0,1,34.0,,deux_roues,,2,2,3,8,7
202200011752,2022-09-10 13:15:00,2022,9,10,13,15,75,75108,AVENUE DES CHAMPS ELYSEES,48.86708,2.316121,Plein jour,En agglomération,Intersection en T,Pluie légère,Autre collision,4,2,6,1,1,1,2,-1,5,50,1,1,0,0,0,1,56.0,,deux_roues,,1,2,3,2,6
202200011753,2022-04-26 22:28:00,2022,4,26,22,28,75,75106,RUE DE TOURNON,48.85147,2.337059,Nuit avec éclairage allumé,En agglomération,Intersection en X,Normale,Deux véhicules - côté,4,2,2,0,1,1,1,0,1,30,2,2,1,0,0,1,27.0,29.0,deux_roues,transport_commun,5,2,2,1,3
202200011754,2022-09-10 03:20:00,2022,9,10,3,20,75,75109,BOULEVARD MONTMARTRE,48.871977,2.340045,Nuit avec éclairage allumé,En agglomération,Intersection à plus de 4 branches,Temps couvert,Deux véhicules - arrière,4,2,5,0,1,1,2,0,1,30,2,2,1,0,0,1,30.0,43.0,deux_roues,voiture,5,2,5,8,2
202200011755,2022-04-26 12:50:00,2022,4,26,12,50,75,75105,BOULEVARD SAINT MARCEL,48.837094,2.352683,Plein jour,En agglomération,Intersection en T,Temps couvert,Deux véhicules - côté,4,2,5,0,1,1,1,0,1,30,2,2,1,0,0,1,21.0,48.0,deux_roues,voiture,1,2,3,8,3