accident_id,datetime,annee,mois,jour,heure,minute,departement,commune_insee,adresse,latitude,longitude,luminosite,agglomeration,intersection,meteo,collision,catr,circ,nbv,vosp,prof,plan,surf,infra,situ,vma,nb_vehicules,nb_usagers,nb_indemnes,nb_tues,nb_blesses_hosp,nb_blesses_legers,age_cond_1,age_cond_2,veh_type_cond_1,veh_type_cond_2,lum_code,agg_code,int_code,atm_code,col_code
202200011756,2022-09-10 18:35:00,2022,9,10,18,35,94,94042,EUROPE (BD DE L),48.81452,2.46366,Crépuscule ou aube,En agglomération,Hors intersection,Pluie légère,Trois véhicules et plus - en chaîne,3,-1,2,0,1,1,2,0,1,50,3,3,2,0,0,1,45.0,56.0,voiture,voiture,2,2,1,2,4
202200011757,2022-04-26 04:20:00,2022,4,26,4,20,75,75106,BOULEVARD SAINT GERMAIN,48.854073,2.331556,Nuit avec éclairage allumé,En agglomération,Intersection en T,Normale,Autre collision,4,1,3,3,1,1,1,-1,6,30,1,1,0,0,0,1,19.0,,deux_roues,,5,2,3,1,6
202200011758,2022-09-10 03:00:00,2022,9,10,3,0,94,94043,GABRIEL PERI (R),48.806097,2.345954,Nuit avec éclairage allumé,En agglomération,Intersection en X,Normale,Deux véhicules - côté,4,1,1,0,1,1,2,0,1,50,2,2,1,0,0,1,27.0,22.0,deux_roues,voiture,5,2,2,1,3
202200011759,2022-09-10 00:30:00,2022,9,10,0,30,94,94076,MAXIME GORKI (BD),48.797,2.368,Nuit avec éclairage allumé,En agglomération,Hors intersection,Temps couvert,Deux véhicules - côté,3,2,4,3,1,1,2,0,1,50,2,2,1,0,0,1,42.0,30.0,voiture,deux_roues,5,2,1,8,3
202200011760,2022-04-26 21:10:00,2022,4,26,21,10,75,75119,AVENUE DU BELVEDERE,48.8804677531,2.4071136117,Nuit avec éclairage allumé,En agglomération,Intersection en Y,Normale,Deux véhicules - côté,4,1,1,0,3,3,1,0,1,30,2,2,1,0,0,1,,40.0,voiture,deux_roues,5,2,4,1,3
202200011761,2022-09-10 15:24:00,2022,9,10,15,24,94,94028,FOCH(AVENUE DU MARECHAL),48.773,2.43992,Plein jour,En agglomération,Hors intersection,Pluie forte,Trois véhicules et plus - en chaîne,2,1,2,0,1,1,2,0,1,50,3,4,3,0,0,1,,,voiture,voiture,1,2,1,3,4
202200011762,2022-04-26 14:20:00,2022,4,26,14,20,75,75119,AVENUE JEAN JAURES,48.8830929655,2.3714549839,Plein jour,En agglomération,Intersection en Y,Normale,Autre collision,4,2,3,1,1,1,1,-1,5,30,1,2,0,0,1,1,28.0,,deux_roues,,1,2,4,1,6
202200011763,2022-09-10 06:10:00,2022,9,10,6,10,94,94028,FOCH(AVENUE DU MARECHAL),48.78461,2.43676,Nuit avec éclairage allumé,En agglomération,Giratoire,Normale,Autre collision,2,2,2,0,1,1,1,9,8,50,1,1,0,0,0,1,24.0,,voiture,,5,2,6,1,6
202200011764,2022-04-25 22:45:00,2022,4,25,22,45,75,75119,AVENUE CORENTIN CARIOU,48.898186,2.386022,Nuit avec éclairage allumé,En agglomération,Intersection en T,Normale,Deux véhicules - côté,4,2,6,0,1,1,1,5,1,30,2,2,1,0,1,0,,30.0,voiture,deux_roues,5,2,3,1,3
202200011765,2022-09-09 22:20:00,2022,9,9,22,20,93,93072,Boulevard Maxime Gorki,48.9471090276,2.3865364982,Nuit avec éclairage allumé,En agglomération,Hors intersection,Normale,Deux véhicules - arrière,3,3,5,3,1,1,1,0,1,50,2,3,0,0,0,3,21.0,21.0,voiture,voiture,5,2,1,1,2
202200011766,2022-09-09 23:30:00,2022,9,9,23,30,93,93061,Rue André Joineau / Rue du 14 Juillet,48.88633,2.40398,Nuit avec éclairage allumé,En agglomération,Intersection en Y,Normale,Deux véhicules - côté,4,1,1,0,1,1,1,0,1,50,2,2,1,0,0,1,,43.0,voiture,deux_roues,5,2,4,1,3
202200011767,2022-04-26 17:40:00,2022,4,26,17,40,75,75118,BOULEVARD BARBES,48.886554,2.349558,Plein jour,En agglomération,Intersection en X,Normale,Autre collision,4,2,4,3,1,1,1,-1,6,30,1,2,1,0,0,1,,,deux_roues,,1,2,2,1,6
202200011768,2022-09-10 11:45:00,2022,9,10,11,45,93,93027,Rue de la Convention,48.9278614403,2.3911815836,Plein jour,En agglomération,Hors intersection,Pluie légère,Deux véhicules - arrière,3,3,4,3,1,1,2,0,1,50,2,5,4,0,1,0,39.0,33.0,voiture,voiture,1,2,1,2,2
202200011769,2022-04-26 20:25:00,2022,4,26,20,25,75,75115,BOULEVARD PASTEUR,48.842998,2.312797,Crépuscule ou aube,En agglomération,Intersection en X,Normale,Deux véhicules - côté,4,3,3,1,1,1,1,-1,5,30,2,2,1,0,0,1,21.0,50.0,deux_roues,voiture,2,2,2,1,3
202200011770,2022-09-10 18:00:00,2022,9,10,18,0,93,93053,Avenue de Rosny,48.8946780658,2.4705612375,Plein jour,En agglomération,Hors intersection,Normale,Trois véhicules et plus - collisions multiples,3,2,2,0,1,1,1,0,1,50,3,4,2,0,0,2,28.0,21.0,voiture,deux_roues,1,2,1,1,5
202200011771,2022-09-10 18:50:00,2022,9,10,18,50,93,93005,Rue Louis Coutant,48.9389386692,2.4872589047,Plein jour,En agglomération,Hors intersection,Pluie légère,Autre collision,4,2,2,0,1,1,2,0,1,50,1,2,1,0,0,1,,,deux_roues,,1,2,1,2,6
202200011772,2022-04-26 12:40:00,2022,4,26,12,40,75,75114,AVENUE DU MAINE,48.8280511075,2.3268444836,Plein jour,En agglomération,Place,Normale,Deux véhicules - arrière,4,2,4,0,1,1,1,0,1,30,2,3,2,0,0,1,28.0,41.0,deux_roues,voiture,1,2,7,1,2
202200011773,2022-09-10 14:00:00,2022,9,10,14,0,92,92063,FILLIETTE (RUE NICOLAS-PHILIBERT),48.8695245429,2.1944318712,Plein jour,En agglomération,Hors intersection,Normale,Sans collision,4,2,2,-1,1,1,1,0,1,-1,1,1,0,0,0,1,42.0,,voiture,,1,2,1,1,7
202200011774,2022-04-25 23:30:00,2022,4,25,23,30,75,75113,RUE DU CHATEAU DES RENTIERS,48.822409,2.37157,Nuit avec éclairage allumé,En agglomération,Intersection en X,Normale,Deux véhicules - arrière,4,2,2,0,1,1,1,0,1,30,2,3,1,0,0,2,23.0,32.0,voiture,voiture,5,2,2,1,2
202200011775,2022-09-10 18:29:00,2022,9,10,18,29,92,92051,"CHARLES DE GAULLE (AVENUE, N°27 A 129)",48.8827490793,2.2670894265,Plein jour,En agglomération,Hors intersection,Pluie forte,Deux véhicules - arrière,2,1,6,0,1,1,2,8,1,70,2,2,1,0,1,0,50.0,27.0,voiture,deux_roues,1,2,1,3,2
202200011776,2022-09-10 09:10:00,2022,9,10,9,10,92,92050,JOFFRE MARECHAL AVENUE DU,48.8840962716,2.1924161911,Plein jour,En agglomération,Intersection en T,Normale,Autre collision,3,3,4,0,1,1,1,6,1,50,1,2,1,0,0,1,65.0,,voiture,,1,2,3,1,6
202200011777,2022-04-26 10:30:00,2022,4,26,10,30,75,75111,BOULEVARD VOLTAIRE,48.865187,2.36773,Plein jour,En agglomération,Intersection en X,Normale,Autre collision,4,2,4,1,1,1,1,-1,5,30,1,2,1,0,0,1,26.0,,deux_roues,,1,2,2,1,6
202200011778,2022-09-10 09:25:00,2022,9,10,9,25,92,92036,DANTON (RUE),48.918066,2.298958,Plein jour,Hors agglomération,Hors intersection,Normale,Deux véhicules - arrière,4,1,1,0,1,1,1,0,1,50,2,2,1,0,0,1,21.0,46.0,voiture,utilitaire_camion,1,1,1,1,2
202200011779,2022-04-26 01:00:00,2022,4,26,1,0,75,75111,AVENUE PHILIPPE AUGUSTE,48.85576,2.391335,Nuit avec éclairage allumé,En agglomération,Intersection en X,Normale,Deux véhicules - côté,4,2,4,0,3,1,1,0,1,30,2,2,1,0,0,1,26.0,26.0,voiture,deux_roues,5,2,2,1,3
202200011780,2022-09-10 12:37:00,2022,9,10,12,37,92,92025,BOURNARD (RUE DU),48.923034,2.256285,Plein jour,En agglomération,Autre intersection,Temps couvert,Deux véhicules - arrière,3,1,2,0,2,2,1,0,1,30,2,3,1,0,0,2,47.0,44.0,voiture,voiture,1,2,9,8,2
202200011781,2022-09-11 10:45:00,2022,9,11,10,45,63,63084,RD 2089,45.70268,3.044441,Plein jour,Hors agglomération,Hors intersection,Normale,Deux véhicules - arrière,3,2,2,0,2,3,1,0,1,-1,2,2,1,0,1,0,31.0,65.0,deux_roues,deux_roues,1,1,1,1,2
202200011782,2022-04-26 10:20:00,2022,4,26,10,20,75,75110,BOULEVARD DE MAGENTA,48.8814437721,2.3514336348,Plein jour,En agglomération,Intersection en Y,Normale,Deux véhicules - côté,4,2,4,3,1,1,1,-1,6,30,2,2,1,0,0,1,30.0,21.0,utilitaire_camion,deux_roues,1,2,4,1,3
202200011783,2022-09-11 14:15:00,2022,9,11,14,15,67,67485,RD 228 HURTIGHEIM,48.610271,7.629898,Plein jour,Hors agglomération,Hors intersection,Normale,Autre collision,3,2,2,0,2,1,1,2,1,80,1,1,0,0,1,0,34.0,,voiture,,1,1,1,1,6
202200011784,2022-09-05 22:10:00,2022,9,5,22,10,41,41245,A10,47.746161,1.536485,Nuit sans éclairage public,Hors agglomération,Hors intersection,Autre,Autre collision,1,1,3,3,1,1,2,0,3,130,1,1,0,0,1,0,20.0,,voiture,,3,1,1,9,6
202200011785,2022-04-26 09:05:00,2022,4,26,9,5,75,75109,BOULEVARD DES CAPUCINES,48.8706459442,2.3320533335,Plein jour,En agglomération,Place,Normale,Sans collision,4,2,5,0,1,1,1,0,1,30,1,2,1,0,0,1,58.0,,deux_roues,,1,2,7,1,7
202200011786,2022-08-16 12:45:00,2022,8,16,12,45,38,38403,D168a,44.867747,5.779613,Plein jour,Hors agglomération,Hors intersection,Normale,Deux véhicules - côté,3,2,2,0,2,1,1,0,1,80,2,2,1,0,1,0,17.0,17.0,deux_roues,deux_roues,1,1,1,1,3
202200011787,2022-04-26 10:10:00,2022,4,26,10,10,75,75108,BOULEVARD MALESHERBES,48.872637,2.321455,Plein jour,En agglomération,Hors intersection,Normale,Deux véhicules - côté,4,2,6,0,1,1,1,0,1,30,2,2,1,0,0,1,38.0,37.0,voiture,deux_roues,1,2,1,1,3
202200011788,2022-09-11 10:30:00,2022,9,11,10,30,22,22337,Les Tertres,48.342773,-2.335635,Plein jour,Hors agglomération,Hors intersection,Normale,Deux véhicules - côté,3,2,2,0,1,1,1,0,1,80,2,2,1,0,1,0,21.0,69.0,voiture,utilitaire_camion,1,1,1,1,3
202200011789,2022-09-09 20:40:00,2022,9,9,20,40,66,66141,24 Rue de l Alzine,42.734807,2.909333,Nuit avec éclairage allumé,En agglomération,Hors intersection,Normale,Deux véhicules - frontale,4,2,2,0,1,2,1,0,1,30,2,3,2,0,0,1,24.0,13.0,voiture,deux_roues,5,2,1,1,1
202200011790,2022-04-25 07:40:00,2022,4,25,7,40,75,75108,RUE DE LA VILLE L EVEQUE,48.8711637307,2.3216439345,Plein jour,En agglomération,Intersection en X,Normale,Deux véhicules - côté,4,2,2,0,1,1,1,0,1,30,2,2,1,0,0,1,36.0,37.0,voiture,deux_roues,1,2,2,1,3
202200011791,2022-04-26 09:08:00,2022,4,26,9,8,94,94044,Rue Roger Salengro,48.75144,2.48885,Plein jour,En agglomération,Hors intersection,Normale,Deux véhicules - côté,3,3,2,0,1,1,1,0,1,50,2,2,1,0,0,1,55.0,34.0,voiture,deux_roues,1,2,1,1,3
202200011792,2022-09-11 14:45:00,2022,9,11,14,45,83,83140,D205,43.396917,5.968811,Plein jour,Hors agglomération,Hors intersection,Normale,Trois véhicules et plus - en chaîne,3,2,2,0,1,1,1,0,1,80,3,5,2,0,0,3,52.0,63.0,voiture,voiture,1,1,1,1,4
202200011793,2022-04-26 08:00:00,2022,4,26,8,0,94,94068,52 Quai du Parc,48.81001,2.49918,Plein jour,En agglomération,Hors intersection,Normale,Deux véhicules - frontale,4,2,2,1,1,4,1,9,5,30,2,2,0,0,0,2,55.0,68.0,deux_roues,deux_roues,1,2,1,1,1
202200011794,2022-09-10 20:35:00,2022,9,10,20,35,30,30047,,43.8040005903,4.4058403373,Nuit sans éclairage public,Hors agglomération,Autre intersection,Normale,Deux véhicules - arrière,3,3,2,0,2,1,1,9,1,80,2,3,2,0,0,1,61.0,25.0,voiture,utilitaire_camion,3,1,9,1,2
202200011795,2022-08-30 07:10:00,2022,8,30,7,10,51,51612,D9,48.91755,4.020481,Plein jour,Hors agglomération,Hors intersection,Pluie légère,Trois véhicules et plus - en chaîne,3,2,2,0,1,1,2,0,1,-1,3,3,0,0,0,3,35.0,20.0,voiture,voiture,1,1,1,2,4
202200011796,2022-04-26 11:45:00,2022,4,26,11,45,94,94076,9 Avenue de Paris,48.80672,2.36336,Plein jour,En agglomération,Hors intersection,Normale,Deux véhicules - côté,3,2,4,3,1,1,1,0,1,50,2,2,1,0,0,1,39.0,31.0,utilitaire_camion,deux_roues,1,2,1,1,3
202200011797,2022-09-11 14:15:00,2022,9,11,14,15,19,19126,lieu dit montmaur,45.0420141037,1.747903347,Plein jour,Hors agglomération,Hors intersection,Normale,Autre collision,3,2,2,0,1,3,1,0,8,90,1,1,0,0,1,0,25.0,,deux_roues,,1,1,1,1,6
202200011798,2022-04-25 15:30:00,2022,4,25,15,30,93,93066,Rue Ambroise Croizat,48.932479,2.348655,Plein jour,En agglomération,Hors intersection,Normale,Deux véhicules - arrière,3,2,2,0,1,1,1,0,1,50,2,2,1,0,0,1,20.0,38.0,deux_roues,voiture,1,2,1,1,2
202200011799,2022-09-11 16:50:00,2022,9,11,16,50,19,19192,pk 35 D921,45.141572,1.868716,Plein jour,Hors agglomération,Hors intersection,Normale,Autre collision,3,2,2,0,2,2,1,0,1,90,1,2,0,0,1,1,28.0,,deux_roues,,1,1,1,1,6
202200011800,2022-09-10 20:30:00,2022,9,10,20,30,82,82129,route départementale 25,43.941363,0.871664,Nuit sans éclairage public,Hors agglomération,Hors intersection,Normale,Autre collision,3,2,2,0,2,3,1,0,1,80,1,1,0,0,0,1,35.0,,utilitaire_camion,,3,1,1,1,6
202200011801,2022-04-26 18:00:00,2022,4,26,18,0,93,93031,Rue Félix Merlin,48.95522,2.29362,Plein jour,En agglomération,Hors intersection,Normale,Autre collision,4,2,2,0,1,1,1,0,1,50,1,2,1,0,0,1,30.0,,transport_commun,,1,2,1,1,6
202200011802,2022-09-10 23:30:00,2022,9,10,23,30,71,71157,Route de Surville,46.491933,5.387008,Nuit avec éclairage allumé,En agglomération,Hors intersection,Normale,Autre collision,3,2,2,0,1,3,1,0,1,50,1,1,0,0,1,0,20.0,,deux_roues,,5,2,1,1,6
202200011803,2022-09-11 07:15:00,2022,9,11,7,15,71,71412,RD 601 le bois du brulard,46.712502,4.422083,Crépuscule ou aube,Hors agglomération,Hors intersection,Normale,Autre collision,3,2,2,0,1,1,1,0,3,80,1,1,0,0,1,0,19.0,,deux_roues,,2,1,1,1,6
202200011804,2022-04-26 16:00:00,2022,4,26,16,0,93,93008,Avenue Paul Vaillant - Couturier / Rue Honore d'Estienne d'Orves,48.9072,2.45683,Plein jour,En agglomération,Intersection en X,Normale,Deux véhicules - arrière,3,3,4,0,1,1,1,0,1,50,2,2,1,0,0,1,37.0,27.0,utilitaire_camion,voiture,1,2,2,1,2
202200011805,2022-09-11 15:00:00,2022,9,11,15,0,71,71015,5 Route de Chalon,46.951483,4.374214,Plein jour,Hors agglomération,Hors intersection,Normale,Autre collision,3,2,2,0,2,4,1,0,1,80,1,1,0,0,0,1,23.0,,voiture,,1,1,1,1,6
202200011806,2022-09-11 06:30:00,2022,9,11,6,30,89,89309,RD 606,48.2955,3.192387,Crépuscule ou aube,Hors agglomération,Hors intersection,Brouillard / fumée,Deux véhicules - arrière,3,2,3,0,1,1,1,0,1,80,2,3,1,0,0,2,22.0,,deux_roues,autre,2,1,1,5,2
202200011807,2022-04-26 20:00:00,2022,4,26,20,0,93,93005,Boulevard Marc Chagall,48.952213356,2.4945769221,Crépuscule ou aube,En agglomération,Intersection en X,Normale,Deux véhicules - arrière,3,1,2,0,1,1,1,0,1,50,2,5,1,0,0,4,34.0,21.0,voiture,voiture,2,2,2,1,2
202200011808,2022-09-11 16:50:00,2022,9,11,16,50,12,12254,D901,44.435036,2.51441,Plein jour,Hors agglomération,Hors intersection,Normale,Sans collision,3,2,2,0,2,3,1,0,1,90,1,1,0,0,0,1,56.0,,deux_roues,,1,1,1,1,7
202200011809,2022-04-26 18:30:00,2022,4,26,18,30,93,93001,Rue Edouard Poisson,48.91096,2.38196,Plein jour,En agglomération,Hors intersection,Normale,Autre collision,4,2,2,0,1,1,1,0,1,50,1,2,1,0,0,1,28.0,,utilitaire_camion,,1,2,1,1,6
202200011810,2022-09-11 03:30:00,2022,9,11,3,30,12,12008,route départementale 1,44.423498,2.254788,Nuit sans éclairage public,Hors agglomération,Hors intersection,Normale,Autre collision,3,2,2,0,2,1,1,0,3,90,1,1,0,0,1,0,19.0,,voiture,,3,1,1,1,6
202200011811,2022-09-11 13:00:00,2022,9,11,13,0,47,47106,Avenue de l'Usine,44.493463,0.963637,Plein jour,En agglomération,Giratoire,Normale,Deux véhicules - côté,3,2,2,0,1,1,1,0,1,50,2,2,1,0,1,0,29.0,21.0,voiture,deux_roues,1,2,6,1,3
202200011812,2022-04-25 16:40:00,2022,4,25,16,40,92,92046,GABRIEL PERI (BOULEVARD),48.8192182161,2.3009385019,Plein jour,En agglomération,Intersection en T,Normale,Deux véhicules - côté,4,2,2,0,1,1,1,0,8,50,2,2,1,0,0,1,54.0,34.0,deux_roues,autre,1,2,3,1,3
202200011813,2022-09-09 23:20:00,2022,9,9,23,20,47,47250,2177 route de monheurt,44.306417,0.324084,Nuit sans éclairage public,Hors agglomération,Hors intersection,Normale,Autre collision,3,2,2,0,1,2,1,0,3,80,1,2,1,0,0,1,19.0,,voiture,,3,1,1,1,6
202200011814,2022-04-23 11:45:00,2022,4,23,11,45,92,92063,BUZENVAL (AVENUE DE),48.86556,2.18456,Plein jour,En agglomération,Hors intersection,Normale,Deux véhicules - côté,4,2,2,0,1,1,1,0,1,50,2,2,1,0,0,1,21.0,41.0,voiture,voiture,1,2,1,1,3
202200011815,2022-04-25 21:30:00,2022,4,25,21,30,92,92036,PAUL VAILLANT COUTURIER (RUE) (48/120),48.918723,2.30274,Nuit avec éclairage allumé,En agglomération,Hors intersection,Normale,Deux véhicules - côté,4,2,2,0,1,1,1,0,1,50,2,2,1,0,0,1,29.0,,deux_roues,voiture,5,2,1,1,3
202200011816,2022-09-10 10:10:00,2022,9,10,10,10,41,41211,Route de Vierzon,47.329603,1.151859,Plein jour,Hors agglomération,Autre intersection,Normale,Trois véhicules et plus - collisions multiples,3,2,2,0,1,1,1,9,1,90,3,6,5,0,0,1,42.0,36.0,utilitaire_camion,voiture,1,1,9,1,5
202200011817,2022-09-11 19:15:00,2022,9,11,19,15,34,34220,D148,43.678138,3.346877,Plein jour,Hors agglomération,Hors intersection,Normale,Deux véhicules - arrière,3,2,2,2,2,1,1,0,1,90,2,2,1,1,0,0,50.0,15.0,voiture,deux_roues,1,1,1,1,2
202200011818,2022-04-26 16:48:00,2022,4,26,16,48,92,92023,PAVE BLANC (ROUTE DU) N°2 A 94,48.7841675772,2.2381673008,Plein jour,En agglomération,Hors intersection,Normale,Deux véhicules - côté,3,1,1,3,1,1,1,9,6,30,2,2,1,0,0,1,26.0,41.0,deux_roues,voiture,1,2,1,1,3
202200011819,2022-09-11 03:45:00,2022,9,11,3,45,31,31341,Route de Montaigut D17,43.720815,1.247699,Nuit sans éclairage public,Hors agglomération,Hors intersection,Normale,Autre collision,3,2,2,0,1,1,1,0,3,80,1,2,0,0,1,1,21.0,,voiture,,3,1,1,1,6
202200011820,2022-09-10 19:45:00,2022,9,10,19,45,38,38001,20 Rue d'Italie,45.537272,5.586816,Crépuscule ou aube,En agglomération,Intersection en T,Normale,Deux véhicules - côté,3,2,1,0,1,1,1,0,1,50,2,2,1,0,0,1,44.0,42.0,deux_roues,voiture,2,2,3,1,3
202200011821,2022-04-09 05:50:00,2022,4,9,5,50,01,01004,D1075,45.958967,5.328283,Nuit sans éclairage public,Hors agglomération,Hors intersection,Normale,Autre collision,3,2,2,0,1,1,1,0,3,80,1,1,0,0,1,0,22.0,,voiture,,3,1,1,1,6
202200011822,2022-04-26 12:13:00,2022,4,26,12,13,06,06149,12 Boulevard Fuon Santa,43.742129,7.32088,Plein jour,En agglomération,Intersection en T,Normale,Deux véhicules - frontale,4,2,2,0,2,1,1,0,1,50,2,2,1,0,0,1,31.0,38.0,deux_roues,voiture,1,2,3,1,1
202200011823,2022-09-11 14:30:00,2022,9,11,14,30,58,58180,D193,47.208258,4.028785,Plein jour,Hors agglomération,Hors intersection,Normale,Deux véhicules - frontale,3,2,2,0,2,3,1,0,1,80,2,2,1,0,1,0,70.0,37.0,voiture,deux_roues,1,1,1,1,1
202200011824,2022-09-11 11:50:00,2022,9,11,11,50,06,06160,D2202,44.12213,6.792019,Plein jour,Hors agglomération,Hors intersection,Normale,Sans collision,3,2,2,0,1,4,1,0,1,70,1,1,0,0,0,1,55.0,,deux_roues,,1,1,1,1,7
202200011825,2022-04-27 13:15:00,2022,4,27,13,15,13,13078,Avenue Maurice Thorez,43.396036,4.796004,Plein jour,En agglomération,Hors intersection,Normale,Deux véhicules - côté,7,2,2,0,1,1,1,0,1,50,2,2,1,0,0,1,55.0,18.0,voiture,deux_roues,1,2,1,1,3
202200011826,2022-09-11 03:00:00,2022,9,11,3,0,06,06059,Route de laTurbie,43.731462,7.372431,Nuit sans éclairage public,En agglomération,Hors intersection,Normale,Sans collision,7,2,2,0,2,3,1,0,1,50,1,1,0,0,0,1,36.0,,deux_roues,,3,2,1,1,7
202200011827,2022-09-11 09:30:00,2022,9,11,9,30,90,90093,10 Rue de la Pouchotte,47.688894,6.830803,Plein jour,En agglomération,Hors intersection,Normale,Sans collision,4,2,2,0,1,1,3,0,1,50,1,1,0,0,1,0,61.0,,deux_roues,,1,2,1,1,7
202200011828,2022-04-25 06:15:00,2022,4,25,6,15,974,97422,Rue Marius et Ary Leblond,-21.283236,55.520509,Plein jour,En agglomération,Giratoire,Normale,Autre collision,2,2,2,0,4,3,1,0,1,50,1,3,2,0,1,0,56.0,,voiture,,1,2,6,1,6
202200011829,2022-09-10 16:33:00,2022,9,10,16,33,43,43039,Les Ceyssoux,44.913227,3.882923,Plein jour,Hors agglomération,Autre intersection,Normale,Sans collision,3,2,2,0,2,2,1,0,3,80,1,1,0,0,1,0,62.0,,deux_roues,,1,1,9,1,7
202200011830,2022-09-11 06:50:00,2022,9,11,6,50,10,10159,15 Route de la Fontaine,48.164969,4.377694,Plein jour,En agglomération,Hors intersection,Normale,Deux véhicules - frontale,3,2,2,0,1,1,1,0,1,50,2,2,1,0,1,0,20.0,73.0,voiture,voiture,1,2,1,1,1
202200011831,2022-04-27 14:30:00,2022,4,27,14,30,974,97404,Avenue Raymond Barre,-21.267525,55.37104,Plein jour,En agglomération,Intersection en T,Normale,Deux véhicules - côté,4,2,1,0,1,1,1,5,1,-1,2,2,1,0,1,0,76.0,44.0,voiture,deux_roues,1,2,3,1,3
202200011832,2022-09-11 02:30:00,2022,9,11,2,30,16,16409,,46.029771,0.101655,Nuit sans éclairage public,Hors agglomération,Hors intersection,Normale,Autre collision,4,2,2,0,1,3,1,0,3,80,1,1,0,1,0,0,41.0,,deux_roues,,3,1,1,1,6
202200011833,2022-09-11 08:45:00,2022,9,11,8,45,07,07197,,45.229674,4.674082,Plein jour,Hors agglomération,Hors intersection,Normale,Deux véhicules - frontale,3,2,2,0,2,3,1,0,1,80,2,2,0,0,1,1,26.0,67.0,voiture,voiture,1,1,1,1,1
202200011834,2022-04-27 17:00:00,2022,4,27,17,0,42,42163,1000 Route de Paris,46.1838264999,3.8626280725,Plein jour,En agglomération,Intersection en Y,Normale,Deux véhicules - frontale,3,2,2,0,1,1,1,0,1,50,2,2,1,0,1,0,84.0,17.0,voiture,deux_roues,1,2,4,1,1
202200011835,2022-09-11 13:10:00,2022,9,11,13,10,07,07126,Route de la Vallee de l'Ibie,44.425705,4.417062,Plein jour,Hors agglomération,Intersection en T,Normale,Deux véhicules - frontale,3,2,2,0,1,1,1,0,1,90,2,2,1,1,0,0,46.0,40.0,voiture,deux_roues,1,1,3,1,1
202200011836,2022-04-27 22:20:00,2022,4,27,22,20,974,97410,Route Nationale 2,-21.036181,55.706949,Nuit avec éclairage allumé,En agglomération,Hors intersection,Normale,Deux véhicules - arrière,2,2,2,2,1,1,1,0,1,70,2,2,0,0,1,1,28.0,49.0,utilitaire_camion,utilitaire_camion,5,2,1,1,2
202200011837,2022-09-11 00:40:00,2022,9,11,0,40,24,24229,La Galibe Est,45.129661,1.255073,Nuit avec éclairage allumé,Hors agglomération,Autre intersection,Normale,Deux véhicules - côté,3,2,2,0,1,1,1,5,1,70,2,3,1,0,2,0,32.0,31.0,voiture,voiture,5,1,9,1,3
202200011838,2022-04-27 12:30:00,2022,4,27,12,30,59,59107,33 Rue Charles Pichon,51.069684,2.51338,Plein jour,En agglomération,Hors intersection,Normale,Autre collision,3,2,2,0,1,3,1,0,1,50,1,2,1,0,0,1,20.0,,voiture,,1,2,1,1,6
202200011839,2022-09-11 19:20:00,2022,9,11,19,20,04,04084,D907,43.96153,6.187491,Crépuscule ou aube,Hors agglomération,Hors intersection,Normale,Deux véhicules - frontale,3,2,2,0,1,1,1,0,1,80,2,2,0,0,1,1,25.0,19.0,voiture,voiture,2,1,1,1,1
202200011840,2022-04-28 11:40:00,2022,4,28,11,40,62,62392,RD939,50.264484,2.875806,Plein jour,Hors agglomération,Hors intersection,Normale,Deux véhicules - arrière,3,2,2,0,4,1,1,0,1,80,2,4,1,0,1,2,32.0,38.0,voiture,utilitaire_camion,1,1,1,1,2
202200011841,2022-09-11 03:20:00,2022,9,11,3,20,85,85145,RD23,46.72393,-0.926031,Nuit sans éclairage public,Hors agglomération,Hors intersection,Normale,Autre collision,3,2,2,0,4,2,1,0,3,80,1,2,1,0,1,0,18.0,,voiture,,3,1,1,1,6
202200011842,2022-09-09 23:30:00,2022,9,9,23,30,17,17394,D209,46.130647,-0.691078,Nuit sans éclairage public,Hors agglomération,Hors intersection,Normale,Sans collision,3,2,2,0,1,1,1,0,1,80,1,1,0,0,1,0,18.0,,deux_roues,,3,1,1,1,7
202200011843,2022-03-24 09:30:00,2022,3,24,9,30,34,34172,Rond-Point Maurice Gennevaux,43.5928,3.821555,Plein jour,Hors agglomération,Giratoire,Normale,Deux véhicules - côté,7,2,2,0,1,1,1,5,1,50,2,2,1,0,0,1,45.0,35.0,deux_roues,utilitaire_camion,1,1,6,1,3
202200011844,2022-09-10 07:30:00,2022,9,10,7,30,23,23149,N145,46.198648,2.139287,Plein jour,Hors agglomération,Hors intersection,Normale,Autre collision,2,3,4,0,1,1,1,2,3,110,1,2,0,0,2,0,63.0,,deux_roues,,1,1,1,1,6
202200011845,2022-09-11 05:45:00,2022,9,11,5,45,87,87126,"CD 675, Pk 64+576",45.850722,0.857373,Nuit sans éclairage public,Hors agglomération,Hors intersection,Normale,Autre collision,3,2,2,0,2,1,1,0,3,90,1,1,0,1,0,0,23.0,,voiture,,3,1,1,1,6
202200011846,2022-04-28 04:30:00,2022,4,28,4,30,33,33233,"Nationale 10 pk 003,",45.147754,-0.363482,Nuit sans éclairage public,Hors agglomération,Hors intersection,Normale,Trois véhicules et plus - en chaîne,2,3,4,0,1,1,1,0,1,110,5,6,4,2,0,0,19.0,64.0,voiture,utilitaire_camion,3,1,1,1,4
202200011847,2022-09-11 12:00:00,2022,9,11,12,0,30,30276,Rd 58 - route des saintes Maries de la mer,43.58737,4.21819,Plein jour,Hors agglomération,Autre intersection,Normale,Deux véhicules - côté,3,2,2,0,4,1,1,0,1,80,2,4,3,0,1,0,24.0,67.0,voiture,deux_roues,1,1,9,1,3