accident_id,datetime,annee,mois,jour,heure,minute,departement,commune_insee,adresse,latitude,longitude,luminosite,agglomeration,intersection,meteo,collision,catr,circ,nbv,vosp,prof,plan,surf,infra,situ,vma,nb_vehicules,nb_usagers,nb_indemnes,nb_tues,nb_blesses_hosp,nb_blesses_legers,age_cond_1,age_cond_2,veh_type_cond_1,veh_type_cond_2,lum_code,agg_code,int_code,atm_code,col_code
202200011941,2022-02-06 14:25:00,2022,2,6,14,25,44,44184,Rond point de Cran Neuf,47.2868,-2.2509,Plein jour,Hors agglomération,Giratoire,Normale,Deux véhicules - arrière,3,2,3,0,1,3,1,5,1,50,2,4,3,0,0,1,37.0,25.0,voiture,voiture,1,1,6,1,2
202200011942,2022-10-13 16:35:00,2022,10,13,16,35,51,51454,Avenue du Maréchal Juin,49.22494,4.01778,Plein jour,En agglomération,Giratoire,Pluie légère,Deux véhicules - côté,4,1,2,0,1,2,2,0,1,50,2,4,3,0,0,1,33.0,45.0,voiture,deux_roues,1,2,6,2,3
202200011943,2022-02-02 17:20:00,2022,2,2,17,20,43,43251,12 Chemin de la Sermone,45.0361072921,3.8783347607,Plein jour,En agglomération,Hors intersection,Temps couvert,Autre collision,4,2,1,0,2,1,1,0,1,50,1,1,0,0,0,1,17.0,,deux_roues,,1,2,1,8,6
202200011944,2022-10-08 21:00:00,2022,10,8,21,0,50,50129,CAPEL (RUE COTIS),49.63156,-1.60525,Nuit sans éclairage public,En agglomération,Place,Normale,Autre collision,4,2,2,0,3,3,1,0,1,50,1,2,1,0,0,1,,,voiture,,3,2,7,1,6
202200011945,2022-02-07 18:10:00,2022,2,7,18,10,37,37122,DOUZILLIERE (RUE DE LA),47.34434,0.65565,Crépuscule ou aube,En agglomération,Intersection en T,Normale,Deux véhicules - côté,4,2,2,0,1,1,1,0,1,30,2,3,1,0,0,2,38.0,28.0,voiture,deux_roues,2,2,3,1,3
202200011946,2022-02-07 09:30:00,2022,2,7,9,30,37,37208,CICOTTEES (RUE DES),47.355155208,0.7273299247,Plein jour,En agglomération,Intersection en T,Normale,Deux véhicules - frontale,4,2,2,0,1,3,2,0,1,50,2,2,1,0,0,1,49.0,63.0,voiture,voiture,1,2,3,1,1
202200011947,2022-02-07 16:55:00,2022,2,7,16,55,35,35238,ARMORIQUE (BD D'),48.12952,-1.67915,Plein jour,En agglomération,Hors intersection,Normale,Deux véhicules - arrière,4,3,4,1,1,1,1,0,1,50,2,2,1,0,0,1,86.0,62.0,voiture,deux_roues,1,2,1,1,2
202200011948,2022-10-13 07:42:00,2022,10,13,7,42,49,49007,auriol,47.49575,-0.56445,Nuit avec éclairage allumé,En agglomération,Hors intersection,Pluie légère,Sans collision,3,2,4,0,1,1,2,0,1,50,2,3,2,0,0,1,20.0,43.0,deux_roues,voiture,5,2,1,2,7
202200011949,2022-02-07 14:08:00,2022,2,7,14,8,35,35238,Loriettes (Rue des),48.084,-1.67796,Plein jour,En agglomération,Autre intersection,Normale,Autre collision,4,3,2,2,1,1,1,0,4,30,1,2,1,0,0,1,53.0,,utilitaire_camion,,1,2,9,1,6
202200011950,2022-02-07 09:20:00,2022,2,7,9,20,35,35238,HOCHE (PLACE),48.11525,-1.67688,Plein jour,En agglomération,Autre intersection,Normale,Autre collision,4,-1,0,0,1,1,1,9,4,50,1,1,0,0,0,1,26.0,,deux_roues,,1,2,9,1,6
202200011951,2022-10-12 15:51:00,2022,10,12,15,51,49,49007,EVAIN,47.46041,-0.5545,Plein jour,En agglomération,Intersection en X,Normale,Autre collision,4,2,2,0,1,1,1,0,1,50,1,3,2,0,0,1,48.0,,voiture,,1,2,2,1,6
202200011952,2022-02-07 21:50:00,2022,2,7,21,50,34,34172,JUSTICE DE CASTELNAU (AVENUE DE LA),43.6268723911,3.8894216443,Nuit avec éclairage allumé,En agglomération,Intersection en X,Normale,Autre collision,4,2,5,1,1,1,1,0,1,50,1,2,1,0,1,0,,,voiture,,5,2,2,1,6
202200011953,2022-02-07 12:55:00,2022,2,7,12,55,33,33200,Avenue Pasteur,44.86783,-0.67,Plein jour,En agglomération,Intersection en X,Normale,Autre collision,4,2,4,2,1,1,1,5,1,50,1,2,1,0,1,0,33.0,,transport_commun,,1,2,2,1,6
202200011954,2022-10-12 07:18:00,2022,10,12,7,18,49,49007,VILLESICARD,47.44561,-0.52696,Nuit avec éclairage allumé,En agglomération,Giratoire,Normale,Sans collision,4,1,2,0,1,2,1,0,1,20,1,1,0,0,0,1,46.0,,deux_roues,,5,2,6,1,7
202200011955,2022-02-07 12:55:00,2022,2,7,12,55,29,29019,Rue Marceau,48.40259,-4.48193,Plein jour,En agglomération,Intersection en X,Normale,Deux véhicules - côté,4,2,2,2,1,1,2,5,1,30,2,2,1,0,0,1,51.0,39.0,deux_roues,voiture,1,2,2,1,3
202200011956,2022-10-12 07:15:00,2022,10,12,7,15,49,49007,HIRONDELLE,47.44474,-0.53625,Nuit sans éclairage public,En agglomération,Hors intersection,Normale,Sans collision,4,2,2,0,1,1,1,0,1,30,1,1,0,0,0,1,36.0,,deux_roues,,3,2,1,1,7
202200011957,2022-02-01 09:00:00,2022,2,1,9,0,29,29019,3 Rue du Tromeur,48.422376,-4.498201,Plein jour,En agglomération,Intersection en X,Normale,Deux véhicules - frontale,4,2,2,0,1,1,1,5,1,50,2,2,1,0,0,1,21.0,42.0,voiture,voiture,1,2,2,1,1
202200011958,2022-02-07 12:55:00,2022,2,7,12,55,27,27681,ROUTE DEPARTEMENTALE 313 Route de Magny,49.09935,1.50248,Plein jour,Hors agglomération,Intersection en T,Normale,Sans collision,3,2,2,0,2,1,2,0,1,70,1,2,1,0,0,1,26.0,,deux_roues,,1,1,3,1,7
202200011959,2022-10-11 16:58:00,2022,10,11,16,58,49,49007,ALSACE,47.4698,-0.5496,Plein jour,En agglomération,Hors intersection,Normale,Autre collision,4,2,0,3,2,1,1,0,4,20,1,2,1,0,0,1,17.0,,deux_roues,,1,2,1,1,6
202200011960,2022-02-07 15:40:00,2022,2,7,15,40,27,27528,SEINE (ROUTE DE) BERGES A ANDELLE,49.26363,1.21424,Plein jour,En agglomération,Intersection en X,Normale,Deux véhicules - côté,4,2,2,0,1,1,1,0,1,50,2,2,1,0,0,1,32.0,21.0,voiture,voiture,1,2,2,1,3
202200011961,2022-02-04 20:55:00,2022,2,4,20,55,25,25462,,46.91622,6.3448,Nuit avec éclairage allumé,En agglomération,Intersection en T,Temps couvert,Deux véhicules - côté,4,2,2,0,1,1,2,5,1,50,2,4,1,0,1,2,27.0,50.0,voiture,voiture,5,2,3,8,3
202200011962,2022-02-07 20:55:00,2022,2,7,20,55,17,17415,ROCADE SUD,45.73033,-0.62183,Nuit sans éclairage public,Hors agglomération,Hors intersection,Normale,Autre collision,2,2,2,0,1,1,1,0,3,80,1,1,0,0,0,1,19.0,,voiture,,3,1,1,1,6
202200011963,2022-10-13 13:50:00,2022,10,13,13,50,45,45232,D168 PK 1 + 160,47.84621,1.8917,Plein jour,En agglomération,Intersection en X,Normale,Deux véhicules - côté,3,2,2,0,1,1,1,0,1,50,2,2,1,0,0,1,40.0,30.0,voiture,deux_roues,1,2,2,1,3
202200011964,2022-02-07 16:20:00,2022,2,7,16,20,14,14220,Avenue de la République,49.35977,0.08069,Plein jour,En agglomération,Autre intersection,Temps éblouissant,Autre collision,3,2,2,0,1,1,1,0,1,50,1,2,1,0,1,0,68.0,,deux_roues,,1,2,9,7,6
202200011965,2022-02-07 17:45:00,2022,2,7,17,45,14,14118,N814,49.19841,-0.37378,Plein jour,Hors agglomération,Hors intersection,Normale,Trois véhicules et plus - en chaîne,2,1,4,0,1,1,1,0,1,70,3,3,2,0,0,1,36.0,28.0,utilitaire_camion,voiture,1,1,1,1,4
202200011966,2022-02-07 09:05:00,2022,2,7,9,5,13,13207,Corniche John Fitzgérald Kennedy,43.28435,5.34965,Plein jour,En agglomération,Hors intersection,Normale,Deux véhicules - côté,4,2,2,0,1,1,1,0,1,50,2,2,1,0,0,1,42.0,39.0,utilitaire_camion,deux_roues,1,2,1,1,3
202200011967,2022-10-13 12:40:00,2022,10,13,12,40,44,44184,21 Boulevard de Sunderland,47.27095,-2.2443,Plein jour,En agglomération,Giratoire,Pluie légère,Deux véhicules - côté,4,3,4,3,1,3,2,0,1,50,2,2,1,0,0,1,78.0,23.0,voiture,deux_roues,1,2,6,2,3
202200011968,2022-02-07 01:19:00,2022,2,7,1,19,13,13211,SAINT MARCEL (BOULEVARD DE ),43.2875370028,5.4651593049,Nuit avec éclairage allumé,En agglomération,Hors intersection,Normale,Deux véhicules - frontale,4,-1,2,0,1,1,1,0,1,30,1,5,4,0,0,1,17.0,,voiture,,5,2,1,1,1
202200011969,2022-02-06 01:50:00,2022,2,6,1,50,13,13098,D.5,43.45458,5.00956,Nuit sans éclairage public,Hors agglomération,Hors intersection,Normale,Sans collision,3,2,4,0,1,1,1,0,1,90,1,1,0,0,0,1,22.0,,voiture,,3,1,1,1,7
202200011970,2022-02-07 12:00:00,2022,2,7,12,0,06,06029,MISTRAL (AVENUE FREDERIC),43.55407,6.973,Plein jour,En agglomération,Giratoire,Normale,Deux véhicules - côté,3,1,1,0,1,2,1,5,1,50,2,2,1,0,0,1,21.0,57.0,deux_roues,voiture,1,2,6,1,3
202200011971,2022-10-13 07:05:00,2022,10,13,7,5,44,44184,92 Boulevard du Docteur René Laënnec,47.27,-2.23913,Nuit avec éclairage allumé,En agglomération,Giratoire,Pluie légère,Deux véhicules - côté,4,3,4,0,1,2,2,5,1,50,2,2,1,0,0,1,22.0,47.0,deux_roues,utilitaire_camion,5,2,6,2,3
202200011972,2022-02-07 19:15:00,2022,2,7,19,15,06,06123,CURIE PIERRE ET MARIE AVENUE,43.67341,7.18981,Nuit avec éclairage allumé,En agglomération,Hors intersection,Normale,Deux véhicules - arrière,7,2,2,0,1,1,1,0,1,50,2,2,1,0,0,1,33.0,44.0,deux_roues,deux_roues,5,2,1,1,2
202200011973,2022-02-07 13:50:00,2022,2,7,13,50,06,06155,SAINT BERNARD CH.,43.590978,7.056297,Plein jour,En agglomération,Hors intersection,Normale,Deux véhicules - côté,3,2,2,0,2,1,1,0,1,50,2,2,1,0,1,0,43.0,46.0,utilitaire_camion,deux_roues,1,2,1,1,3
202200011974,2022-09-30 11:00:00,2022,9,30,11,0,44,44143,N844,47.159946,-1.53455,Plein jour,Hors agglomération,Hors intersection,Normale,Deux véhicules - arrière,2,3,4,0,1,1,1,0,1,90,2,3,1,0,1,1,53.0,62.0,voiture,deux_roues,1,1,1,1,2
202200011975,2022-02-06 18:00:00,2022,2,6,18,0,05,05061,JEAN JAURES ( AVENUE ),44.55159,6.07068,Crépuscule ou aube,En agglomération,Hors intersection,Normale,Deux véhicules - arrière,2,2,2,0,1,1,1,0,1,50,2,2,1,0,0,1,67.0,28.0,voiture,voiture,2,2,1,1,2
202200011976,2022-02-04 15:00:00,2022,2,4,15,0,05,05061,EMILE DIDIER ( AV ),44.56475,6.09053,Plein jour,En agglomération,Hors intersection,Normale,Deux véhicules - arrière,2,2,2,0,1,1,1,0,1,50,2,2,1,0,0,1,63.0,19.0,voiture,deux_roues,1,2,1,1,2
202200011977,2022-02-06 13:30:00,2022,2,6,13,30,75,75119,AVENUE JEAN JAURES,48.885179,2.379371,Plein jour,En agglomération,Intersection en T,Pluie légère,Deux véhicules - arrière,4,2,4,3,2,1,2,5,6,30,2,2,1,0,0,1,34.0,26.0,deux_roues,voiture,1,2,3,2,2
202200011978,2022-10-12 10:25:00,2022,10,12,10,25,40,40192,PIERRE BENOIT,43.89855,-0.51149,Plein jour,En agglomération,Hors intersection,Normale,Trois véhicules et plus - en chaîne,4,2,2,0,1,1,1,0,1,50,3,3,1,0,0,2,44.0,6.0,deux_roues,deux_roues,1,2,1,1,4
202200011979,2022-10-13 20:30:00,2022,10,13,20,30,37,37261,VICTOIRE (RUE DE LA),47.39553,0.67738,Nuit avec éclairage allumé,En agglomération,Giratoire,Pluie légère,Autre collision,4,2,2,0,1,2,2,0,1,50,1,1,0,0,0,1,50.0,,deux_roues,,5,2,6,2,6
202200011980,2022-02-06 11:25:00,2022,2,6,11,25,75,75116,BOULEVARD DE MONTMORENCY,48.8479260293,2.2601741552,Plein jour,En agglomération,Intersection en X,Normale,Trois véhicules et plus - collisions multiples,4,2,3,0,1,1,1,0,1,30,5,10,2,0,2,6,32.0,55.0,voiture,voiture,1,2,2,1,5
202200011981,2022-10-12 16:40:00,2022,10,12,16,40,37,37261,ALOUETTE (CARREFOUR DE L'),47.3639406519,0.6995901018,Plein jour,En agglomération,Giratoire,Normale,Deux véhicules - côté,4,1,1,0,1,2,1,0,1,50,2,2,1,0,0,1,45.0,18.0,voiture,deux_roues,1,2,6,1,3
202200011982,2022-02-07 18:55:00,2022,2,7,18,55,75,75120,BOULEVARD DE CHARONNE,48.853056,2.397238,Nuit avec éclairage allumé,En agglomération,Intersection en X,Normale,Deux véhicules - côté,4,1,1,0,1,1,1,0,1,30,2,3,2,0,0,1,41.0,40.0,deux_roues,voiture,5,2,2,1,3
202200011983,2022-10-13 18:00:00,2022,10,13,18,0,35,35238,PATTON (AVENUE DU GENERAL SIR GEORGES),48.13849,-1.6586,Plein jour,En agglomération,Intersection à plus de 4 branches,Pluie légère,Autre collision,4,2,3,2,2,1,2,5,1,50,1,2,1,0,0,1,22.0,,voiture,,1,2,5,2,6
202200011984,2022-10-13 17:05:00,2022,10,13,17,5,35,35238,RAULT (VICTOR),48.0923391376,-1.6913433373,Plein jour,En agglomération,Intersection en T,Pluie légère,Autre collision,7,2,2,2,1,1,2,0,1,50,1,2,1,0,1,0,44.0,,voiture,,1,2,3,2,6
202200011985,2022-02-07 13:45:00,2022,2,7,13,45,75,75118,RUE ORDENER,48.893627,2.336392,Plein jour,En agglomération,Intersection en X,Normale,Autre collision,4,2,2,0,1,1,1,0,1,30,1,3,2,0,0,1,48.0,,voiture,,1,2,2,1,6
202200011986,2022-10-13 12:10:00,2022,10,13,12,10,35,35238,LAENNEC (BD RENE),48.1064413488,-1.665944159,Plein jour,En agglomération,Hors intersection,Pluie légère,Deux véhicules - côté,4,-1,2,1,1,1,2,0,1,50,2,2,1,0,0,1,22.0,58.0,utilitaire_camion,deux_roues,1,2,1,2,3
202200011987,2022-02-07 09:20:00,2022,2,7,9,20,75,75118,BOULEVARD NEY,48.897683,2.329165,Plein jour,En agglomération,Intersection en X,Normale,Deux véhicules - côté,4,3,4,0,1,1,1,0,1,50,2,2,1,0,0,1,30.0,30.0,deux_roues,utilitaire_camion,1,2,2,1,3
202200011988,2022-10-12 13:55:00,2022,10,12,13,55,34,34172,Rue du Grand Saint Jean,43.60448,3.87764,Plein jour,En agglomération,Hors intersection,Normale,Deux véhicules - côté,4,2,2,0,1,1,1,0,1,30,2,2,0,0,2,0,36.0,55.0,deux_roues,deux_roues,1,2,1,1,3
202200011989,2022-02-07 09:00:00,2022,2,7,9,0,75,75117,BOULEVARD PERIPHERIQUE,48.882612,2.283497,Plein jour,En agglomération,Hors intersection,Normale,Deux véhicules - arrière,4,1,4,0,1,1,1,0,1,70,2,2,1,0,0,1,24.0,42.0,deux_roues,voiture,1,2,1,1,2
202200011990,2022-10-13 20:22:00,2022,10,13,20,22,33,33063,Rue de la Béchade,44.82445,-0.59931,Nuit avec éclairage allumé,En agglomération,Hors intersection,Pluie légère,Autre collision,4,3,3,1,1,1,2,0,1,50,1,1,0,1,0,0,38.0,,deux_roues,,5,2,1,2,6
202200011991,2022-02-06 13:30:00,2022,2,6,13,30,75,75117,RUE LEGENDRE,48.886204,2.317749,Plein jour,En agglomération,Intersection en X,Pluie légère,Sans collision,4,2,2,1,1,1,2,0,5,30,1,1,0,0,0,1,22.0,,deux_roues,,1,2,2,2,7
202200011992,2022-02-07 11:30:00,2022,2,7,11,30,75,75116,PLACE DE LA PORTE D AUTEUIL,48.847932,2.260132,Plein jour,En agglomération,Place,Normale,Deux véhicules - arrière,4,1,3,0,1,1,1,0,1,30,2,2,1,0,0,1,29.0,48.0,deux_roues,deux_roues,1,2,7,1,2
202200011993,2022-10-10 21:25:00,2022,10,10,21,25,33,33063,Quai Sainte-Croix,44.8315020246,-0.5586274266,Nuit avec éclairage allumé,En agglomération,Intersection en X,Normale,Deux véhicules - côté,4,1,2,0,1,1,1,5,1,50,2,2,1,0,1,0,42.0,29.0,voiture,deux_roues,5,2,2,1,3
202200011994,2022-02-06 22:00:00,2022,2,6,22,0,75,75116,RUE COPERNIC,48.869304,2.288345,Nuit avec éclairage allumé,En agglomération,Hors intersection,Pluie légère,Deux véhicules - côté,4,1,1,0,2,1,2,0,1,30,2,3,2,0,1,0,42.0,25.0,voiture,deux_roues,5,2,1,2,3
202200011995,2022-10-10 07:22:00,2022,10,10,7,22,33,33063,Place des Capucins,44.83069,-0.56687,Nuit avec éclairage allumé,En agglomération,Intersection en T,Normale,Deux véhicules - côté,4,1,1,0,1,1,1,9,1,50,2,2,1,0,0,1,25.0,49.0,deux_roues,voiture,5,2,3,1,3
202200011996,2022-02-06 15:50:00,2022,2,6,15,50,75,75117,AVENUE DE CLICHY,48.886733,2.325913,Plein jour,En agglomération,Intersection en T,Pluie légère,Autre collision,4,2,3,0,2,1,2,0,1,30,1,2,1,0,0,1,46.0,,deux_roues,,1,2,3,2,6
202200011997,2022-10-13 21:05:00,2022,10,13,21,5,31,31555,MOULIS (CHE DE) DU 21AU 100,43.665596,1.438951,Nuit avec éclairage allumé,En agglomération,Intersection en Y,Normale,Deux véhicules - frontale,7,2,2,0,1,3,1,0,1,50,2,2,1,0,0,1,20.0,21.0,utilitaire_camion,deux_roues,5,2,4,1,1
202200011998,2022-02-03 13:15:00,2022,2,3,13,15,75,75116,BOULEVARD DE L AMIRAL BRUIX,48.876349,2.282679,Plein jour,En agglomération,Hors intersection,Normale,Autre collision,4,1,2,0,1,1,1,8,1,30,1,2,1,0,0,1,29.0,,voiture,,1,2,1,1,6
202200011999,2022-02-07 21:40:00,2022,2,7,21,40,75,75115,RUE DU COMMERCE,48.8462,2.295178,Nuit avec éclairage allumé,En agglomération,Intersection en X,Normale,Autre collision,4,1,1,1,1,1,1,0,5,30,1,2,1,0,0,1,,,deux_roues,,5,2,2,1,6
202200012000,2022-10-12 13:12:00,2022,10,12,13,12,31,31555,BD MATABIAU,43.614402,1.449211,Plein jour,En agglomération,Hors intersection,Normale,Deux véhicules - arrière,4,1,2,0,1,1,1,0,1,50,2,4,1,0,1,2,48.0,34.0,voiture,utilitaire_camion,1,2,1,1,2
202200012001,2022-02-07 20:35:00,2022,2,7,20,35,75,75113,AVENUE D ITALIE,48.827462,2.356905,Nuit avec éclairage allumé,En agglomération,Intersection en T,Normale,Deux véhicules - arrière,4,2,4,1,1,1,1,0,1,30,2,2,1,0,0,1,58.0,39.0,voiture,voiture,5,2,3,1,2
202200012002,2022-10-13 10:59:00,2022,10,13,10,59,29,29051,Avenue du Rouillen,47.99577,-4.06369,Plein jour,En agglomération,Intersection en T,Pluie légère,Deux véhicules - frontale,3,2,2,0,2,1,2,0,1,50,2,2,1,0,1,0,22.0,52.0,voiture,voiture,1,2,3,2,1
202200012003,2022-02-07 17:20:00,2022,2,7,17,20,75,75113,RUE JEAN ANTOINE DE BAIF,48.828096,2.384852,Plein jour,En agglomération,Intersection en T,Normale,Deux véhicules - côté,4,1,1,2,1,1,1,0,5,30,2,2,1,0,0,1,46.0,22.0,deux_roues,voiture,1,2,3,1,3
202200012004,2022-10-13 13:50:00,2022,10,13,13,50,29,29039,59 Rue Pierre Carduner,47.87047,-3.87529,Plein jour,Hors agglomération,Hors intersection,Temps couvert,Sans collision,4,2,2,0,1,1,2,0,1,50,1,1,0,0,0,1,33.0,,deux_roues,,1,1,1,8,7
202200012005,2022-02-07 10:47:00,2022,2,7,10,47,75,75113,RUE DE TOLBIAC,48.826417,2.342004,Plein jour,En agglomération,Intersection en T,Normale,Deux véhicules - côté,4,2,2,0,1,1,1,0,1,30,2,2,1,0,0,1,48.0,48.0,deux_roues,voiture,1,2,3,1,3
202200012006,2022-02-07 06:20:00,2022,2,7,6,20,75,75112,COURS DE VINCENNES,48.847417,2.403435,Nuit avec éclairage allumé,En agglomération,Intersection en T,Normale,Autre collision,4,2,6,3,1,1,1,0,1,30,1,2,0,0,0,2,33.0,,voiture,,5,2,3,1,6
202200012007,2022-10-13 21:00:00,2022,10,13,21,0,25,25056,OUEST BOULEVARD,47.26861,6.00221,Nuit sans éclairage public,Hors agglomération,Hors intersection,Normale,Autre collision,2,3,4,0,1,1,2,0,1,90,1,1,0,0,0,1,36.0,,voiture,,3,1,1,1,6
202200012008,2022-02-07 15:35:00,2022,2,7,15,35,75,75111,RUE SAINT SEBASTIEN,48.862132,2.372941,Plein jour,En agglomération,Intersection en T,Normale,Autre collision,4,1,1,0,1,1,1,0,1,30,1,2,1,0,0,1,23.0,,utilitaire_camion,,1,2,3,1,6
202200012009,2022-10-12 18:00:00,2022,10,12,18,0,14,14059,D513,49.345807,0.043805,Plein jour,En agglomération,Hors intersection,Normale,Autre collision,3,2,2,0,1,1,1,0,4,50,1,2,0,0,0,2,16.0,,deux_roues,,1,2,1,1,6
202200012010,2022-06-30 17:00:00,2022,6,30,17,0,13,13210,A50-Sens Marseille vers Aubagne,43.2847894092,5.4176223276,Plein jour,Hors agglomération,Hors intersection,Normale,Deux véhicules - côté,1,3,3,0,1,1,1,0,1,90,2,3,2,0,0,1,25.0,53.0,deux_roues,voiture,1,1,1,1,3
202200012011,2022-10-13 19:30:00,2022,10,13,19,30,13,13103,BOULEVARD DU ROY RENE,43.63186,5.10009,Crépuscule ou aube,En agglomération,Autre intersection,Normale,Autre collision,4,4,3,0,1,1,1,0,1,50,2,3,1,0,0,2,25.0,33.0,deux_roues,voiture,2,2,9,1,6
202200012012,2022-02-07 11:50:00,2022,2,7,11,50,75,75110,BOULEVARD DE LA VILLETTE,48.872539,2.376245,Plein jour,En agglomération,Intersection en T,Normale,Deux véhicules - côté,4,2,2,1,1,1,1,0,5,30,2,3,2,0,0,1,54.0,71.0,deux_roues,utilitaire_camion,1,2,3,1,3
202200012013,2022-10-13 16:10:00,2022,10,13,16,10,13,13103,RN 113,43.6400180243,4.9645093283,Plein jour,Hors agglomération,Hors intersection,Normale,Autre collision,3,-1,2,0,1,1,1,0,1,80,1,1,0,0,1,0,42.0,,voiture,,1,1,1,1,6
202200012014,2022-06-29 19:50:00,2022,6,29,19,50,13,13212,A507 sens Marseille - Aubagne,43.3033095614,5.4253730178,Plein jour,Hors agglomération,Hors intersection,Normale,Trois véhicules et plus - en chaîne,1,1,3,0,1,1,1,1,1,70,3,4,3,0,0,1,49.0,20.0,voiture,voiture,1,1,1,1,4
202200012015,2022-02-07 13:00:00,2022,2,7,13,0,75,75116,PORTE DE MADRID,48.874116,2.255411,Plein jour,En agglomération,Giratoire,Normale,Autre collision,4,-1,2,0,1,2,1,0,1,30,1,2,0,0,0,2,88.0,,voiture,,1,2,6,1,6
202200012016,2022-06-29 10:30:00,2022,6,29,10,30,13,13071,A55-Sens Martigues vers Marseille,43.39891,5.29458,Plein jour,Hors agglomération,Hors intersection,Normale,Autre collision,1,-1,2,0,3,1,1,0,1,90,1,2,0,0,1,1,57.0,,voiture,,1,1,1,1,6
202200012017,2022-02-07 10:00:00,2022,2,7,10,0,75,75108,AVENUE DES CHAMPS ELYSEES,48.873494,2.295906,Plein jour,En agglomération,Place,Normale,Deux véhicules - arrière,4,3,6,0,1,1,1,0,1,30,2,2,1,0,0,1,28.0,44.0,deux_roues,utilitaire_camion,1,2,7,1,2
202200012018,2022-10-12 20:40:00,2022,10,12,20,40,13,13063,ARMEL PUPPO RUE,43.584,5.007,Nuit avec éclairage allumé,En agglomération,Intersection en X,Normale,Deux véhicules - côté,4,2,1,0,1,1,1,0,1,50,2,4,2,0,0,2,28.0,,voiture,voiture,5,2,2,1,3
202200012019,2022-06-30 07:35:00,2022,6,30,7,35,13,13106,A7-Sens Marseille vers Lyon,43.3933524338,5.351319909,Plein jour,Hors agglomération,Hors intersection,Normale,Trois véhicules et plus - en chaîne,1,3,3,0,1,1,1,0,1,90,3,3,1,0,0,2,27.0,48.0,voiture,voiture,1,1,1,1,4
202200012020,2022-06-30 07:27:00,2022,6,30,7,27,13,13211,Sens Aubagne vers Marseille,43.2887,5.498,Plein jour,Hors agglomération,Hors intersection,Normale,Sans collision,1,-1,3,0,1,1,1,0,1,90,1,1,0,0,0,1,43.0,,deux_roues,,1,1,1,1,7
202200012021,2022-02-06 19:00:00,2022,2,6,19,0,75,75108,BOULEVARD DES BATIGNOLLES,48.882569,2.323406,Nuit avec éclairage allumé,En agglomération,Intersection en X,Temps couvert,Deux véhicules - côté,4,3,2,0,1,1,2,5,1,30,2,3,2,0,0,1,26.0,39.0,voiture,voiture,5,2,2,8,3
202200012022,2022-10-13 09:00:00,2022,10,13,9,0,13,13005,VERDUN (AVENUE DE),43.2878,5.5789,Plein jour,En agglomération,Intersection en T,Normale,Deux véhicules - côté,7,2,2,0,1,1,1,0,8,50,2,4,3,0,0,1,45.0,61.0,utilitaire_camion,voiture,1,2,3,1,3
202200012023,2022-02-07 11:05:00,2022,2,7,11,5,75,75107,QUAI BRANLY,48.8604704621,2.2952574492,Plein jour,En agglomération,Hors intersection,Normale,Autre collision,4,2,4,1,1,1,1,0,5,30,1,1,0,0,0,1,58.0,,deux_roues,,1,2,1,1,6
202200012024,2022-06-30 00:30:00,2022,6,30,0,30,13,13210,A50-Sens Marseille vers Aubagne,43.2833432206,5.4007932543,Nuit avec éclairage non allumé,En agglomération,Autre intersection,Normale,Trois véhicules et plus - en chaîne,1,3,2,0,2,3,1,9,1,50,3,4,1,0,0,3,25.0,22.0,voiture,voiture,4,2,9,1,4
202200012025,2022-06-30 07:50:00,2022,6,30,7,50,33,33063,ROCADE A 630,44.88299,-0.56125,Plein jour,Hors agglomération,Hors intersection,Pluie légère,Autre collision,1,3,2,0,2,3,2,3,1,50,1,1,0,0,0,1,38.0,,voiture,,1,1,1,2,6
202200012026,2022-06-30 11:05:00,2022,6,30,11,5,59,59160,AUTOROUTE A2,50.4210879095,3.6346077919,Plein jour,Hors agglomération,Hors intersection,Normale,Autre collision,1,-1,4,0,1,1,1,0,1,130,1,1,0,1,0,0,61.0,,utilitaire_camion,,1,1,1,1,6
202200012027,2022-10-12 18:35:00,2022,10,12,18,35,10,10362,GENERAL LECLERC (RUE DU),48.2921521783,4.040415287,Plein jour,En agglomération,Hors intersection,Normale,Trois véhicules et plus - en chaîne,4,2,2,0,1,1,1,0,1,50,3,5,4,0,0,1,20.0,21.0,voiture,voiture,1,2,1,1,4
202200012028,2022-02-02 16:35:00,2022,2,2,16,35,94,94046,Rue Victor Hugo,48.7996744644,2.4386987685,Plein jour,En agglomération,Hors intersection,Temps couvert,Autre collision,3,2,2,0,3,1,1,0,4,50,2,7,4,0,0,3,31.0,16.0,voiture,deux_roues,1,2,1,8,6
202200012029,2022-06-30 18:20:00,2022,6,30,18,20,91,91161,AUTOROUTE A126,48.70867,2.30632,Plein jour,Hors agglomération,Autre intersection,Temps couvert,Sans collision,1,1,2,0,2,3,2,0,2,50,1,1,0,0,0,1,50.0,,deux_roues,,1,1,9,8,7
202200012030,2022-02-07 17:25:00,2022,2,7,17,25,94,94076,56 Avenue de la République,48.787539,2.354471,Crépuscule ou aube,En agglomération,Hors intersection,Normale,Autre collision,3,-1,2,0,1,1,1,0,1,50,1,2,1,0,1,0,61.0,,voiture,,2,2,1,1,6
202200012031,2022-06-30 13:15:00,2022,6,30,13,15,91,91286,AUTOROUTE A6,48.65341,2.3812,Plein jour,Hors agglomération,Hors intersection,Normale,Deux véhicules - arrière,1,3,6,0,1,1,1,3,1,110,2,2,1,0,0,1,38.0,53.0,utilitaire_camion,deux_roues,1,1,1,1,2
202200012032,2022-10-13 08:55:00,2022,10,13,8,55,06,06088,BAVASTRO (RUE),43.700505,7.285491,Plein jour,En agglomération,Intersection en X,Normale,Autre collision,4,1,2,0,1,1,1,0,1,50,1,2,1,0,0,1,27.0,,voiture,,1,2,2,1,6