accident_id,datetime,annee,mois,jour,heure,minute,departement,commune_insee,adresse,latitude,longitude,luminosite,agglomeration,intersection,meteo,collision,catr,circ,nbv,vosp,prof,plan,surf,infra,situ,vma,nb_vehicules,nb_usagers,nb_indemnes,nb_tues,nb_blesses_hosp,nb_blesses_legers,age_cond_1,age_cond_2,veh_type_cond_1,veh_type_cond_2,lum_code,agg_code,int_code,atm_code,col_code
202200012033,2022-06-30 09:00:00,2022,6,30,9,0,91,91570,RN 104,48.62466,2.30847,Plein jour,Hors agglomération,Hors intersection,Pluie légère,Deux véhicules - arrière,2,1,2,0,1,1,2,0,1,110,2,2,0,0,0,2,22.0,22.0,utilitaire_camion,utilitaire_camion,1,1,1,2,2
202200012034,2022-02-07 10:10:00,2022,2,7,10,10,94,94021,Avenue des Maraichers,48.76442,2.35178,Plein jour,En agglomération,Intersection en T,Normale,Deux véhicules - côté,5,2,4,3,1,1,1,0,1,50,2,3,2,0,0,1,35.0,36.0,utilitaire_camion,utilitaire_camion,1,2,3,1,3
202200012035,2022-10-13 11:30:00,2022,10,13,11,30,06,06029,CROISETTE (BOULEVARD DE LA),43.53686,7.03693,Plein jour,En agglomération,Place,Normale,Deux véhicules - côté,4,3,1,0,1,3,1,0,3,30,2,2,1,0,0,1,63.0,47.0,voiture,voiture,1,2,7,1,3
202200012036,2022-06-30 18:00:00,2022,6,30,18,0,78,78043,A12 W,48.829549,2.080636,Plein jour,Hors agglomération,Hors intersection,Temps couvert,Autre collision,1,-1,2,0,1,1,1,0,1,90,2,2,0,0,0,2,50.0,67.0,deux_roues,voiture,1,1,1,8,6
202200012037,2022-06-29 20:00:00,2022,6,29,20,0,92,92050,A14,48.9003281179,2.2094354778,Plein jour,Hors agglomération,Hors intersection,Normale,Sans collision,1,1,1,0,1,4,1,1,2,50,1,1,0,0,0,1,32.0,,deux_roues,,1,1,1,1,7
202200012038,2022-10-14 12:45:00,2022,10,14,12,45,85,85261,"Autoroute A83, pk 071+150, sens NIORT - NANTES",46.57848,-1.11657,Plein jour,Hors agglomération,Hors intersection,Pluie légère,Autre collision,1,3,4,0,1,1,2,0,3,130,1,1,0,0,1,0,27.0,,utilitaire_camion,,1,1,1,2,6
202200012039,2022-02-07 17:00:00,2022,2,7,17,0,94,94017,Avenue de la République / Rue Alexandre Fourny,48.81986,2.51125,Plein jour,En agglomération,Intersection en T,Normale,Deux véhicules - côté,3,2,2,0,1,1,1,0,1,30,2,5,3,0,0,2,45.0,28.0,voiture,transport_commun,1,2,3,1,3
202200012040,2022-02-07 20:00:00,2022,2,7,20,0,93,93070,GABRIEL-PERI (AV),48.9095340889,2.3329158152,Nuit avec éclairage allumé,En agglomération,Hors intersection,Normale,Autre collision,3,3,2,1,1,1,1,0,1,50,1,2,1,0,0,1,,,deux_roues,,5,2,1,1,6
202200012041,2022-02-06 13:20:00,2022,2,6,13,20,93,93048,RESISTANCE (AVENUE DE LA),48.8631829865,2.4366805136,Plein jour,En agglomération,Hors intersection,Pluie légère,Autre collision,3,3,1,1,2,1,2,6,1,50,1,2,1,0,0,1,39.0,,voiture,,1,2,1,2,6
202200012042,2022-06-29 08:20:00,2022,6,29,8,20,78,78043,A13W,48.841364,2.101781,Plein jour,Hors agglomération,Hors intersection,Normale,Deux véhicules - côté,1,-1,3,0,1,1,1,0,1,90,2,2,1,0,0,1,49.0,29.0,voiture,deux_roues,1,1,1,1,3
202200012043,2022-02-07 14:40:00,2022,2,7,14,40,93,93029,GARIBALDI (AVENUE) N°,48.920721519,2.4496796583,Plein jour,En agglomération,Intersection en T,Normale,Deux véhicules - côté,3,2,2,0,1,1,1,0,1,50,2,2,1,0,0,1,26.0,61.0,deux_roues,voiture,1,2,3,1,3
202200012044,2022-06-29 06:30:00,2022,6,29,6,30,92,92063,A86,48.8873433597,2.1665055928,Crépuscule ou aube,Hors agglomération,Hors intersection,Normale,Autre collision,1,3,3,0,1,1,1,9,1,90,1,2,1,0,0,1,60.0,,voiture,,2,1,1,1,6
202200012045,2022-10-14 14:30:00,2022,10,14,14,30,21,21599,A 39 PK 76+800,47.594704,5.206527,Plein jour,Hors agglomération,Hors intersection,Pluie forte,Trois véhicules et plus - en chaîne,1,3,5,0,1,1,2,0,1,130,4,5,4,0,0,1,53.0,21.0,voiture,voiture,1,1,1,3,4
202200012046,2022-06-30 13:30:00,2022,6,30,13,30,93,93066,AUTOROUTE A1,48.928128889,2.3579758958,Plein jour,Hors agglomération,Hors intersection,Pluie légère,Autre collision,1,3,1,0,2,3,2,0,1,50,1,1,0,0,0,1,20.0,,voiture,,1,1,1,2,6
202200012047,2022-02-07 20:20:00,2022,2,7,20,20,93,93010,VILLEMOMBLE (RTE DE) DE 27 A FIN,48.8899861308,2.4931769723,Nuit avec éclairage allumé,En agglomération,Intersection en T,Normale,Deux véhicules - frontale,4,2,2,0,1,1,1,0,1,30,2,2,1,0,1,0,30.0,24.0,deux_roues,voiture,5,2,3,1,1
202200012048,2022-10-13 13:40:00,2022,10,13,13,40,974,97422,Rue Victor Hugo,-21.280022,55.520225,Plein jour,En agglomération,Hors intersection,Normale,Autre collision,4,2,2,0,2,1,1,0,1,50,1,3,1,0,1,1,69.0,,voiture,,1,2,1,1,6
202200012049,2022-06-30 09:50:00,2022,6,30,9,50,93,93007,AUTOROUTE A3,48.9273844641,2.4813437462,Plein jour,Hors agglomération,Hors intersection,Pluie légère,Deux véhicules - côté,1,3,3,0,1,1,2,0,1,90,2,2,1,0,0,1,39.0,48.0,deux_roues,utilitaire_camion,1,1,1,2,3
202200012050,2022-02-07 18:00:00,2022,2,7,18,0,92,92063,POMPIDOU (AVENUE DU PRESIDENT),48.8673078365,2.2001465857,Nuit avec éclairage allumé,En agglomération,Intersection en X,Normale,Autre collision,4,-1,2,0,1,1,1,0,8,50,1,2,1,0,1,0,28.0,,voiture,,5,2,2,1,6
202200012051,2022-09-16 00:15:00,2022,9,16,0,15,83,83086,Route de Frejus,43.46745,6.60804,Nuit sans éclairage public,En agglomération,Hors intersection,Normale,Deux véhicules - arrière,3,2,3,0,1,1,1,0,1,90,2,2,1,0,1,0,32.0,46.0,autre,utilitaire_camion,3,2,1,1,2
202200012052,2022-06-30 02:20:00,2022,6,30,2,20,93,93078,AUTOROUTE A104,48.97086,2.49994,Nuit avec éclairage non allumé,Hors agglomération,Hors intersection,Normale,Autre collision,1,3,6,0,1,1,1,0,1,110,1,1,0,0,1,0,28.0,,voiture,,4,1,1,1,6
202200012053,2022-01-18 10:15:00,2022,1,18,10,15,92,92062,DE DION BOUTON (QUAI) DU 1 AU 28,48.880999,2.245629,Plein jour,Hors agglomération,Autre intersection,Normale,Sans collision,3,1,0,3,1,1,1,9,8,50,1,1,0,0,0,1,39.0,,deux_roues,,1,1,9,1,7
202200012054,2022-06-29 18:20:00,2022,6,29,18,20,93,93013,AUTOROUTE A1,48.94165,2.43001,Plein jour,Hors agglomération,Hors intersection,Normale,Sans collision,1,3,4,0,1,1,1,0,1,90,1,1,0,0,0,1,35.0,,deux_roues,,1,1,1,1,7
202200012055,2022-02-07 15:00:00,2022,2,7,15,0,92,92044,DANTON(RUE) 1A73 ET 2A88,48.89006,2.28396,Plein jour,En agglomération,Hors intersection,Normale,Autre collision,4,1,0,0,1,1,1,0,1,50,1,2,1,0,0,1,,,voiture,,1,2,1,1,6
202200012056,2022-10-13 19:27:00,2022,10,13,19,27,26,26338,Autoroute A7,44.578241,4.806261,Nuit sans éclairage public,Hors agglomération,Hors intersection,Pluie légère,Trois véhicules et plus - collisions multiples,1,3,5,0,1,1,2,0,1,130,3,4,3,0,1,0,38.0,55.0,utilitaire_camion,voiture,3,1,1,2,5
202200012057,2022-02-06 12:00:00,2022,2,6,12,0,92,92036,MOZART (RUE),48.9281075107,2.2855086922,Plein jour,En agglomération,Hors intersection,Normale,Sans collision,4,1,1,0,1,1,1,0,3,30,1,1,0,0,0,1,45.0,,voiture,,1,2,1,1,7
202200012058,2022-06-29 17:50:00,2022,6,29,17,50,95,95527,RN 104,49.0271,2.51256,Plein jour,Hors agglomération,Hors intersection,Normale,Trois véhicules et plus - collisions multiples,2,3,4,0,1,1,1,0,1,110,3,3,2,0,0,1,51.0,23.0,voiture,deux_roues,1,1,1,1,5
202200012059,2022-10-09 18:00:00,2022,10,9,18,0,58,58227,D2,47.557748,3.064118,Plein jour,Hors agglomération,Hors intersection,Normale,Autre collision,3,2,2,0,1,2,1,0,3,80,1,1,0,0,1,0,44.0,,voiture,,1,1,1,1,6
202200012060,2022-02-07 08:50:00,2022,2,7,8,50,92,92024,HENRI BARBUSSE (RUE) DE (73 A 139),48.9020638541,2.3105460405,Plein jour,En agglomération,Intersection en X,Normale,Autre collision,4,2,2,0,1,1,1,0,1,50,1,2,1,0,0,1,31.0,,utilitaire_camion,,1,2,2,1,6
202200012061,2022-06-29 13:45:00,2022,6,29,13,45,93,93005,AUTOROUTE A3,48.9670334697,2.4758934975,Plein jour,Hors agglomération,Hors intersection,Normale,Deux véhicules - arrière,1,3,4,0,1,1,1,0,2,90,2,2,0,0,0,2,59.0,40.0,voiture,voiture,1,1,1,1,2
202200012062,2022-02-07 10:35:00,2022,2,7,10,35,92,92004,BERNARD JUGAULT (  RUE ),48.9100907866,2.2836408019,Plein jour,En agglomération,Hors intersection,Normale,Deux véhicules - côté,4,-1,2,0,1,1,1,0,1,50,2,2,1,0,0,1,33.0,54.0,deux_roues,voiture,1,2,1,1,3
202200012063,2022-10-14 17:15:00,2022,10,14,17,15,57,57097,Rue Robert Schuman,49.18555,6.491659,Plein jour,En agglomération,Intersection en X,Pluie légère,Autre collision,3,2,2,0,1,1,2,0,1,50,1,2,1,0,0,1,59.0,,voiture,,1,2,2,2,6
202200012064,2022-06-28 18:50:00,2022,6,28,18,50,93,93005,AUTOROUTE A3,48.96109,2.47362,Plein jour,Hors agglomération,Hors intersection,Normale,Deux véhicules - côté,1,3,5,0,2,1,1,0,1,90,2,2,1,0,0,1,46.0,28.0,voiture,deux_roues,1,1,1,1,3
202200012065,2022-10-14 01:30:00,2022,10,14,1,30,56,56219,Delliac D5,47.77662,-2.454007,Nuit sans éclairage public,Hors agglomération,Hors intersection,Normale,Sans collision,3,2,2,0,2,4,2,0,3,80,1,1,0,0,0,1,20.0,,voiture,,3,1,1,1,7
202200012066,2022-02-07 07:30:00,2022,2,7,7,30,35,35136,Boulevard Pasteur,47.955839,-1.497536,Crépuscule ou aube,En agglomération,Intersection en X,Normale,Autre collision,4,2,2,0,1,1,2,0,1,50,1,2,1,0,0,1,23.0,,utilitaire_camion,,2,2,2,1,6
202200012067,2022-01-20 09:00:00,2022,1,20,9,0,51,51006,D62,48.806913,4.885343,Plein jour,Hors agglomération,Hors intersection,Brouillard / fumée,Sans collision,3,2,2,0,1,1,7,0,3,80,1,1,0,0,0,1,52.0,,voiture,,1,1,1,5,7
202200012068,2022-06-30 19:15:00,2022,6,30,19,15,77,77121,A104,48.8366856383,2.6648136628,Plein jour,Hors agglomération,Hors intersection,Normale,Autre collision,1,1,1,0,4,3,1,9,1,50,3,6,2,0,0,4,43.0,27.0,voiture,voiture,1,1,1,1,6
202200012069,2022-10-13 18:30:00,2022,10,13,18,30,76,76104,D4,49.853456,0.782186,Plein jour,Hors agglomération,Intersection en X,Pluie légère,Deux véhicules - côté,3,2,2,0,1,1,2,0,1,80,2,2,1,0,0,1,18.0,68.0,deux_roues,voiture,1,1,2,2,3
202200012070,2022-02-03 21:15:00,2022,2,3,21,15,73,73330,D1504,45.7031557044,5.7787228681,Nuit sans éclairage public,Hors agglomération,Hors intersection,Normale,Autre collision,3,2,3,0,1,1,1,9,1,90,1,1,0,0,1,0,27.0,,voiture,,3,1,1,1,6
202200012071,2022-06-30 10:10:00,2022,6,30,10,10,94,94079,A4,48.83433,2.5362,Plein jour,Hors agglomération,Hors intersection,Pluie forte,Deux véhicules - arrière,1,-1,4,0,1,1,2,0,1,90,2,2,1,0,0,1,36.0,32.0,deux_roues,deux_roues,1,1,1,3,2
202200012072,2022-10-13 19:00:00,2022,10,13,19,0,2B,2B343,Cruciata,42.494821,9.470859,Nuit avec éclairage allumé,Hors agglomération,Hors intersection,Normale,Deux véhicules - côté,2,2,2,0,1,1,1,0,1,80,2,2,1,0,0,1,,36.0,voiture,deux_roues,5,1,1,1,3
202200012073,2022-02-07 12:40:00,2022,2,7,12,40,71,71576,,46.523401,4.91695,Plein jour,Hors agglomération,Hors intersection,Normale,Deux véhicules - côté,1,3,5,0,1,1,1,0,1,130,2,2,1,0,0,1,50.0,20.0,utilitaire_camion,utilitaire_camion,1,1,1,1,3
202200012074,2022-06-29 19:00:00,2022,6,29,19,0,94,94069,A86 EXT,48.8169440126,2.4545718611,Plein jour,Hors agglomération,Hors intersection,Normale,Deux véhicules - arrière,1,3,2,0,1,1,1,3,1,90,2,2,1,0,0,1,25.0,52.0,deux_roues,voiture,1,1,1,1,2
202200012075,2022-02-08 13:15:00,2022,2,8,13,15,62,62085,D1,50.231745,2.647941,Plein jour,Hors agglomération,Hors intersection,Pluie légère,Autre collision,3,2,2,0,3,1,2,0,3,80,1,2,0,1,1,0,85.0,,voiture,,1,1,1,2,6
202200012076,2022-06-29 13:25:00,2022,6,29,13,25,94,94069,A4,48.8175409327,2.4350450069,Plein jour,Hors agglomération,Hors intersection,Normale,Autre collision,1,-1,5,0,1,1,1,0,1,90,3,3,2,1,0,0,74.0,51.0,voiture,utilitaire_camion,1,1,1,1,6
202200012077,2022-02-08 16:54:00,2022,2,8,16,54,34,34295,intersection D613 D 5E3,43.564825,3.803657,Plein jour,Hors agglomération,Intersection en X,Normale,Deux véhicules - côté,7,2,2,0,1,1,1,5,1,70,2,2,1,0,1,0,39.0,35.0,deux_roues,voiture,1,1,2,1,3
202200012078,2022-06-29 09:30:00,2022,6,29,9,30,94,94028,A86 EXT,48.7849557997,2.4403835348,Plein jour,Hors agglomération,Hors intersection,Normale,Autre collision,1,2,6,0,1,1,1,0,1,90,1,1,0,0,0,1,33.0,,deux_roues,,1,1,1,1,6
202200012079,2022-10-13 17:10:00,2022,10,13,17,10,65,65252,D940,43.174569,-0.119077,Plein jour,Hors agglomération,Intersection en X,Normale,Deux véhicules - arrière,3,2,2,0,1,2,1,0,1,80,2,4,2,0,0,2,43.0,64.0,voiture,utilitaire_camion,1,1,2,1,2
202200012080,2022-02-06 09:30:00,2022,2,6,9,30,63,63381,Puy Chopine (Volcan),45.83016,2.958455,Plein jour,Hors agglomération,Hors intersection,Temps couvert,Sans collision,9,2,1,0,1,1,7,0,8,80,1,1,0,0,0,1,59.0,,deux_roues,,1,1,1,8,7
202200012081,2022-10-08 19:50:00,2022,10,8,19,50,71,71543,Pont Roger Gautheron,46.564375,4.913329,Nuit avec éclairage allumé,En agglomération,Hors intersection,Normale,Autre collision,3,2,2,0,1,1,1,2,4,50,1,1,0,0,1,0,66.0,,voiture,,5,2,1,1,6
202200012082,2022-04-30 18:20:00,2022,4,30,18,20,69,69121,Route de la Tour,45.853229,4.681753,Plein jour,En agglomération,Hors intersection,Normale,Deux véhicules - arrière,3,2,2,0,1,1,1,0,1,50,2,2,1,0,0,1,52.0,87.0,deux_roues,voiture,1,2,1,1,2
202200012083,2022-02-08 08:20:00,2022,2,8,8,20,42,42235,Route du Pont du Rioux,45.372876,4.051745,Plein jour,Hors agglomération,Intersection en X,Normale,Deux véhicules - côté,3,2,2,0,1,1,1,0,1,80,2,3,2,0,1,0,48.0,61.0,voiture,voiture,1,1,2,1,3
202200012084,2022-10-14 11:05:00,2022,10,14,11,5,89,89418,Route de Paris,47.869226,3.971198,Plein jour,En agglomération,Hors intersection,Pluie légère,Sans collision,3,3,2,0,1,1,2,0,1,50,1,1,0,0,1,0,87.0,,deux_roues,,1,2,1,2,7
202200012085,2022-02-22 19:10:00,2022,2,22,19,10,48,48095,SEJALAN (CHEMIN DE),44.514,3.497,Crépuscule ou aube,En agglomération,Intersection en X,Normale,Deux véhicules - côté,4,2,2,0,1,1,1,0,1,30,2,2,1,0,1,0,53.0,15.0,voiture,deux_roues,2,2,2,1,3
202200012086,2022-02-07 17:20:00,2022,2,7,17,20,47,47078,Route de Mont de Marsan,44.285769,0.269433,Plein jour,Hors agglomération,Giratoire,Normale,Deux véhicules - côté,3,1,1,0,1,3,1,9,1,80,2,4,2,0,2,0,37.0,40.0,utilitaire_camion,utilitaire_camion,1,1,6,1,3
202200012087,2022-10-13 08:40:00,2022,10,13,8,40,76,76255,Rue Jean Duhornay,50.048778,1.41004,Plein jour,En agglomération,Hors intersection,Pluie légère,Autre collision,3,2,2,0,2,1,2,0,1,50,2,2,1,0,1,0,49.0,75.0,voiture,voiture,1,2,1,2,6
202200012088,2022-02-07 12:25:00,2022,2,7,12,25,41,41164,30 Avenue de la Gare,47.284293,1.383283,Plein jour,En agglomération,Intersection en T,Normale,Deux véhicules - côté,3,2,2,1,1,1,1,-1,5,50,2,2,1,0,1,0,56.0,35.0,voiture,deux_roues,1,2,3,1,3
202200012089,2022-03-26 16:00:00,2022,3,26,16,0,14,14588,D43,48.914279,-0.33047,Plein jour,En agglomération,Intersection en T,Normale,Autre collision,3,2,1,0,1,1,1,0,1,50,2,4,2,0,0,2,87.0,23.0,voiture,voiture,1,2,3,1,6
202200012090,2022-10-13 14:20:00,2022,10,13,14,20,12,12270,Nationale 88,44.343954,3.019003,Plein jour,Hors agglomération,Hors intersection,Normale,Deux véhicules - côté,2,2,2,0,1,1,1,0,1,80,2,3,1,0,0,2,31.0,57.0,autre,voiture,1,1,1,1,3
202200012091,2022-03-02 11:10:00,2022,3,2,11,10,14,14174,La Mérousière-Condé (Condé-sur-Noireau),48.848239,-0.581353,Plein jour,Hors agglomération,Hors intersection,Normale,Autre collision,4,2,1,0,1,2,1,0,3,80,1,1,0,0,1,0,25.0,,voiture,,1,1,1,1,6
202200012092,2022-02-07 18:25:00,2022,2,7,18,25,68,68258,Route Départementale 430,47.826229,7.286079,Nuit sans éclairage public,Hors agglomération,Intersection en Y,Normale,Deux véhicules - arrière,3,3,4,0,1,1,1,3,1,90,2,2,1,0,0,1,65.0,25.0,voiture,voiture,3,1,4,1,2
202200012093,2022-10-13 21:09:00,2022,10,13,21,9,42,42157,Route des Verdures,46.165603,4.010857,Nuit sans éclairage public,Hors agglomération,Hors intersection,Pluie légère,Autre collision,3,2,2,0,1,1,2,0,1,80,1,2,1,0,0,1,26.0,,voiture,,3,1,1,2,6
202200012094,2022-02-14 18:10:00,2022,2,14,18,10,14,14658,Le Gaunay - Courson (Courson),48.860424,-1.086573,Nuit sans éclairage public,Hors agglomération,Intersection en T,Pluie légère,Deux véhicules - côté,3,2,2,0,1,1,2,0,1,80,2,3,2,0,1,0,90.0,52.0,voiture,voiture,3,1,3,2,3
202200012095,2022-02-06 17:03:00,2022,2,6,17,3,44,44125,212 Route de Saint-Sébastien,47.367655,-2.520415,Plein jour,En agglomération,Hors intersection,Temps couvert,Autre collision,4,2,2,0,1,3,1,0,3,50,1,4,2,0,1,1,,,voiture,,1,2,1,8,6
202200012096,2022-10-14 19:40:00,2022,10,14,19,40,47,47195,D930,44.164711,0.303943,Nuit avec éclairage allumé,Hors agglomération,Intersection en T,Normale,Deux véhicules - arrière,3,2,2,0,1,1,1,0,1,80,2,3,2,0,1,0,78.0,22.0,deux_roues,voiture,5,1,3,1,2
202200012097,2022-02-07 21:55:00,2022,2,7,21,55,35,35049,45 rue du port,48.674574,-1.852521,Nuit avec éclairage allumé,En agglomération,Hors intersection,Normale,Autre collision,3,2,2,0,2,1,1,9,1,50,1,2,1,0,0,1,31.0,,voiture,,5,2,1,1,6
202200012098,2022-04-30 06:15:00,2022,4,30,6,15,976,97611,kaweni-Kaweni nord ( Z I ),-12.75908,45.2306,Crépuscule ou aube,Hors agglomération,Hors intersection,Normale,Deux véhicules - côté,2,2,2,0,1,1,1,0,1,50,2,2,1,0,1,0,37.0,35.0,voiture,deux_roues,2,1,1,1,3
202200012099,2022-04-28 00:30:00,2022,4,28,0,30,64,64122,Rue André Lamandé,43.4830761872,-1.553658843,Nuit avec éclairage allumé,En agglomération,Hors intersection,Pluie légère,Sans collision,4,2,2,0,1,1,2,0,1,50,1,1,0,0,1,0,36.0,,voiture,,5,2,1,2,7
202200012100,2022-10-05 21:17:00,2022,10,5,21,17,22,22362,D70,48.788167,-3.225045,Nuit avec éclairage non allumé,En agglomération,Autre intersection,Normale,Deux véhicules - côté,3,2,2,0,1,1,1,0,1,50,2,2,1,0,1,0,19.0,18.0,voiture,deux_roues,4,2,9,1,3
202200012101,2022-02-07 16:25:00,2022,2,7,16,25,38,38137,Chemin du Suzet,45.265765,5.463075,Plein jour,Hors agglomération,Intersection en T,Normale,Deux véhicules - côté,3,2,2,0,1,3,1,0,1,80,2,4,1,0,0,3,24.0,53.0,voiture,voiture,1,1,3,1,3
202200012102,2022-04-27 18:30:00,2022,4,27,18,30,69,69234,Route d Ancy,45.841522,4.539349,Plein jour,Hors agglomération,Hors intersection,Normale,Autre collision,3,2,2,0,2,3,1,0,3,80,1,1,0,0,1,0,32.0,,deux_roues,,1,1,1,1,6
202200012103,2022-02-08 18:00:00,2022,2,8,18,0,03,03161,Route de Pionsat,46.150298,2.647338,Crépuscule ou aube,Hors agglomération,Hors intersection,Normale,Autre collision,3,2,2,0,2,2,1,0,3,90,1,1,0,0,0,1,69.0,,voiture,,2,1,1,1,6
202200012104,2022-03-01 10:45:00,2022,3,1,10,45,54,54115,Autoroute A 31,48.72735,6.16746,Plein jour,Hors agglomération,Hors intersection,Normale,Sans collision,1,3,5,3,4,1,1,0,1,90,1,1,0,1,0,0,53.0,,utilitaire_camion,,1,1,1,1,7
202200012105,2022-10-12 05:20:00,2022,10,12,5,20,35,35068,RN157,48.100494,-1.421219,Nuit sans éclairage public,Hors agglomération,Hors intersection,Normale,Autre collision,2,3,4,0,1,2,1,0,1,110,1,4,1,0,2,1,34.0,,voiture,,3,1,1,1,6
202200012106,2022-06-29 15:45:00,2022,6,29,15,45,974,97416,RN1,-21.30959,55.43309,Plein jour,Hors agglomération,Giratoire,Temps éblouissant,Autre collision,4,2,2,0,1,2,1,0,3,70,1,1,0,0,1,0,29.0,,deux_roues,,1,1,6,7,6
202200012107,2022-10-14 07:00:00,2022,10,14,7,0,38,38075,D1090,45.468182,5.99169,Crépuscule ou aube,Hors agglomération,Hors intersection,Normale,Deux véhicules - frontale,3,2,2,0,1,1,1,0,1,70,2,2,0,0,0,2,35.0,33.0,voiture,voiture,2,1,1,1,1
202200012108,2022-10-13 10:25:00,2022,10,13,10,25,13,13036,Avenue du 8 Mai,43.838578,4.847406,Plein jour,En agglomération,Hors intersection,Normale,Deux véhicules - frontale,4,2,2,0,1,1,1,0,3,50,1,1,0,1,0,0,75.0,,voiture,,1,2,1,1,1
202200012109,2022-02-08 16:36:00,2022,2,8,16,36,09,09326,La Remise,42.771244,1.722365,Plein jour,Hors agglomération,Hors intersection,Normale,Deux véhicules - côté,2,2,2,0,1,1,1,0,1,50,2,3,2,1,0,0,37.0,40.0,utilitaire_camion,deux_roues,1,1,1,1,3
202200012110,2022-06-29 00:35:00,2022,6,29,0,35,972,97209,SOLEIL LEVANT (BOULEVARD DU),14.62698,-61.04018,Nuit sans éclairage public,En agglomération,Giratoire,Pluie légère,Autre collision,3,4,8,0,1,3,2,0,1,50,1,2,1,0,1,0,20.0,,voiture,,3,2,6,2,6
202200012111,2022-02-07 11:00:00,2022,2,7,11,0,18,18197,Rue des Victoires,46.722862,2.504904,Plein jour,En agglomération,Intersection en T,Normale,Autre collision,3,1,1,0,1,1,1,0,1,50,1,2,1,0,1,0,27.0,,utilitaire_camion,,1,2,3,1,6
202200012112,2022-10-14 17:40:00,2022,10,14,17,40,02,02755,N Rte Nationale,49.494953,3.553573,Plein jour,Hors agglomération,Hors intersection,Pluie légère,Deux véhicules - arrière,2,3,4,0,2,1,2,0,2,110,2,2,1,0,1,0,38.0,21.0,utilitaire_camion,voiture,1,1,1,2,2
202200012113,2022-06-28 21:20:00,2022,6,28,21,20,971,97101,CARAQUE,16.2526443436,-61.490521431,Nuit avec éclairage allumé,Hors agglomération,Hors intersection,Normale,Sans collision,4,2,2,0,1,1,1,0,3,50,1,1,0,0,1,0,26.0,,deux_roues,,5,1,1,1,7
202200012114,2022-02-07 15:49:00,2022,2,7,15,49,16,16192,,45.882279,0.571461,Plein jour,Hors agglomération,Hors intersection,Normale,Deux véhicules - frontale,2,2,2,0,2,1,1,0,1,80,2,3,1,0,1,1,63.0,23.0,voiture,utilitaire_camion,1,1,1,1,1
202200012115,2022-06-29 23:30:00,2022,6,29,23,30,95,95218,RN 184,49.02761,2.10333,Nuit avec éclairage non allumé,En agglomération,Hors intersection,Pluie légère,Deux véhicules - arrière,2,3,4,0,1,1,2,3,1,50,2,3,2,0,1,0,30.0,21.0,deux_roues,voiture,4,2,1,2,2
202200012116,2022-10-14 12:30:00,2022,10,14,12,30,70,70171,D19,47.904663,6.33291,Plein jour,Hors agglomération,Hors intersection,Pluie légère,Deux véhicules - côté,3,2,2,0,1,1,2,0,1,80,2,2,1,0,1,0,18.0,18.0,deux_roues,voiture,1,1,1,2,3
202200012117,2022-02-08 07:15:00,2022,2,8,7,15,53,53059,D 24 PR: 25+510,48.106084,-0.527086,Nuit sans éclairage public,Hors agglomération,Hors intersection,Brouillard / fumée,Deux véhicules - frontale,3,2,2,0,1,1,2,0,1,90,2,2,1,1,0,0,30.0,17.0,utilitaire_camion,deux_roues,3,1,1,5,1
202200012118,2022-10-14 15:00:00,2022,10,14,15,0,72,72020,LA GRANDE JARDIERE,48.23661,0.68645,Plein jour,Hors agglomération,Hors intersection,Pluie légère,Autre collision,3,2,2,0,1,1,2,0,3,90,1,1,0,1,0,0,74.0,,voiture,,1,1,1,2,6
202200012119,2022-06-29 11:45:00,2022,6,29,11,45,91,91345,RUE PDT FRANCOIS MITTERRAND,48.69033,2.28906,Plein jour,En agglomération,Hors intersection,Normale,Deux véhicules - côté,3,2,2,0,2,1,1,0,1,50,2,2,1,0,0,1,30.0,49.0,deux_roues,utilitaire_camion,1,2,1,1,3
202200012120,2022-02-07 14:10:00,2022,2,7,14,10,21,21304,D959,47.684958348,4.9710037707,Plein jour,Hors agglomération,Hors intersection,Normale,Autre collision,3,2,2,0,1,2,1,0,3,90,1,1,0,1,0,0,30.0,,utilitaire_camion,,1,1,1,1,6
202200012121,2022-10-13 20:15:00,2022,10,13,20,15,72,72211,Lieu Dit Le Pont Landry,48.26435,-0.09887,Nuit sans éclairage public,Hors agglomération,Hors intersection,Pluie légère,Autre collision,3,2,2,0,1,1,2,0,1,-1,1,1,0,1,0,0,27.0,,voiture,,3,1,1,2,6
202200012122,2022-02-06 21:00:00,2022,2,6,21,0,27,27679,RN 12,48.7327,0.928152,Nuit avec éclairage allumé,En agglomération,Intersection en X,Pluie légère,Deux véhicules - côté,2,2,4,0,1,1,2,5,1,70,2,3,2,0,1,0,19.0,22.0,voiture,voiture,5,2,2,2,3
202200012123,2022-06-29 19:10:00,2022,6,29,19,10,91,91286,RADARS (RUE DES),48.6513835589,2.37032836,Plein jour,En agglomération,Intersection en X,Normale,Deux véhicules - côté,4,3,2,0,1,1,1,0,1,70,2,3,2,0,0,1,54.0,19.0,utilitaire_camion,utilitaire_camion,1,2,2,1,3
202200012124,2022-10-13 07:00:00,2022,10,13,7,0,50,50327,Rue de la Liberté,48.846922,-1.421233,Nuit sans éclairage public,Hors agglomération,Intersection en X,Pluie légère,Sans collision,3,2,2,0,1,1,2,5,3,80,2,2,1,0,1,0,48.0,25.0,voiture,utilitaire_camion,3,1,2,2,7