accident_id,datetime,annee,mois,jour,heure,minute,departement,commune_insee,adresse,latitude,longitude,luminosite,agglomeration,intersection,meteo,collision,catr,circ,nbv,vosp,prof,plan,surf,infra,situ,vma,nb_vehicules,nb_usagers,nb_indemnes,nb_tues,nb_blesses_hosp,nb_blesses_legers,age_cond_1,age_cond_2,veh_type_cond_1,veh_type_cond_2,lum_code,agg_code,int_code,atm_code,col_code
202200012125,2022-02-07 16:45:00,2022,2,7,16,45,95,95394,38 Route de Pontoise,49.06170076,2.1749925613,Plein jour,En agglomération,Hors intersection,Temps éblouissant,Autre collision,3,2,2,0,2,1,1,0,1,50,1,2,1,0,0,1,73.0,,voiture,,1,2,1,7,6
202200012126,2022-10-14 01:10:00,2022,10,14,1,10,50,50148,8 route de l'avenue,49.157854,-1.009796,Nuit sans éclairage public,Hors agglomération,Hors intersection,Normale,Sans collision,3,2,2,0,1,1,2,0,3,80,1,1,0,0,0,1,43.0,,voiture,,3,1,1,1,7
202200012127,2022-02-07 10:10:00,2022,2,7,10,10,974,97415,Route du Théâtre,-21.045884,55.231479,Plein jour,Hors agglomération,Hors intersection,Normale,Trois véhicules et plus - collisions multiples,3,2,2,0,2,1,1,0,1,70,3,4,3,0,1,0,28.0,68.0,utilitaire_camion,voiture,1,1,1,1,5
202200012128,2022-10-13 19:50:00,2022,10,13,19,50,90,90069,Rue de Morvillars,47.531893,6.920432,Nuit avec éclairage allumé,En agglomération,Hors intersection,Pluie légère,Deux véhicules - frontale,3,-1,2,0,1,1,2,0,1,50,2,2,1,0,0,1,47.0,43.0,voiture,voiture,5,2,1,2,1
202200012129,2022-02-07 17:30:00,2022,2,7,17,30,78,78420,15b Rue de la Croix de Rome,48.781663,1.817894,Plein jour,En agglomération,Hors intersection,Normale,Autre collision,4,2,2,0,1,1,1,0,1,50,1,2,1,0,1,0,36.0,,voiture,,1,2,1,1,6
202200012130,2022-06-28 18:15:00,2022,6,28,18,15,87,87085,BELLAC (RUE DE),45.855067,1.248092,Plein jour,En agglomération,Hors intersection,Normale,Deux véhicules - arrière,3,2,2,0,2,2,1,0,1,50,2,2,1,0,0,1,59.0,40.0,voiture,deux_roues,1,2,1,1,2
202200012131,2022-10-13 13:27:00,2022,10,13,13,27,60,60277,D626,49.428198,2.027965,Plein jour,Hors agglomération,Giratoire,Pluie légère,Sans collision,3,-1,2,0,1,1,2,0,1,50,1,1,0,0,1,0,38.0,,deux_roues,,1,1,6,2,7
202200012132,2022-02-07 19:35:00,2022,2,7,19,35,13,13014,D113,43.52235,5.197892,Nuit sans éclairage public,Hors agglomération,Hors intersection,Normale,Deux véhicules - arrière,3,3,2,0,1,1,1,0,1,-1,2,2,1,0,1,0,61.0,32.0,voiture,utilitaire_camion,3,1,1,1,2
202200012133,2022-06-24 14:20:00,2022,6,24,14,20,83,83050,POMPIDOU(VOIE  GEORGES),43.52927,6.44925,Plein jour,En agglomération,Hors intersection,Normale,Deux véhicules - côté,4,2,2,0,1,1,1,0,1,50,2,2,1,0,1,0,61.0,87.0,deux_roues,voiture,1,2,1,1,3
202200012134,2022-02-07 07:00:00,2022,2,7,7,0,13,13107,CD6,43.438322,5.43025,Crépuscule ou aube,Hors agglomération,Hors intersection,Normale,Trois véhicules et plus - en chaîne,3,3,4,0,1,1,1,0,1,110,3,3,1,0,0,2,30.0,40.0,voiture,utilitaire_camion,2,1,1,1,4
202200012135,2022-10-13 21:40:00,2022,10,13,21,40,45,45083,D943 PK 18 + 80,47.933365,2.930804,Nuit avec éclairage allumé,En agglomération,Intersection en T,Pluie légère,Deux véhicules - côté,3,2,1,0,1,1,2,0,1,50,2,2,1,0,1,0,15.0,27.0,deux_roues,voiture,5,2,3,2,3
202200012136,2022-06-26 18:00:00,2022,6,26,18,0,83,83050,DE GAULLE(AVENUE CHARLES),43.52193,6.47303,Plein jour,En agglomération,Hors intersection,Normale,Deux véhicules - arrière,3,3,4,0,1,1,1,0,1,50,2,2,1,0,1,0,,33.0,voiture,deux_roues,1,2,1,1,2
202200012137,2022-10-13 20:20:00,2022,10,13,20,20,64,64531,d23,43.3569309547,-0.8936540663,Nuit sans éclairage public,Hors agglomération,Hors intersection,Normale,Autre collision,3,2,2,0,1,3,1,0,3,80,1,1,0,0,1,0,30.0,,voiture,,3,1,1,1,6
202200012138,2022-02-08 15:41:00,2022,2,8,15,41,73,73054,Avenue du Centenaire,45.6168153109,6.7691418529,Plein jour,En agglomération,Intersection en X,Temps éblouissant,Autre collision,4,2,2,0,2,1,1,0,1,50,1,3,2,0,1,0,78.0,,voiture,,1,2,2,7,6
202200012139,2022-06-29 02:20:00,2022,6,29,2,20,81,81065,LAUTREC RD 83 (RTE DE),43.6413,2.18944,Nuit sans éclairage public,Hors agglomération,Hors intersection,Normale,Autre collision,3,2,2,0,2,2,1,0,1,90,1,2,0,1,1,0,53.0,,voiture,,3,1,1,1,6
202200012140,2022-10-12 19:00:00,2022,10,12,19,0,43,43141,Avenue des Cévennes,45.174898,4.311297,Plein jour,En agglomération,Hors intersection,Normale,Autre collision,3,2,1,0,1,1,1,0,3,70,1,1,0,0,1,0,66.0,,voiture,,1,2,1,1,6
202200012141,2022-06-29 10:05:00,2022,6,29,10,5,79,79191,,46.30291,-0.46006,Plein jour,En agglomération,Hors intersection,Normale,Deux véhicules - frontale,4,2,2,0,1,1,1,0,1,50,2,2,1,1,0,0,53.0,36.0,utilitaire_camion,deux_roues,1,2,1,1,1
202200012142,2022-02-06 00:15:00,2022,2,6,0,15,01,01032,route de geneve,45.858878,5.13783,Nuit sans éclairage public,Hors agglomération,Intersection en X,Normale,Autre collision,3,2,2,0,1,1,1,0,1,70,2,3,0,0,2,1,26.0,36.0,voiture,voiture,3,1,2,1,6
202200012143,2022-10-14 05:39:00,2022,10,14,5,39,16,16204,N10,45.522181,-0.079652,Nuit sans éclairage public,Hors agglomération,Hors intersection,Pluie légère,Autre collision,2,3,2,0,1,1,2,0,8,110,2,2,1,0,0,1,19.0,37.0,voiture,utilitaire_camion,3,1,1,2,6
202200012144,2022-06-29 07:48:00,2022,6,29,7,48,77,77058,Avenue du Général de Gaulle,48.83784,2.71001,Plein jour,En agglomération,Intersection en X,Normale,Deux véhicules - frontale,4,2,2,0,1,1,1,0,1,50,2,3,2,0,0,1,35.0,37.0,utilitaire_camion,deux_roues,1,2,2,1,1
202200012145,2022-02-04 16:05:00,2022,2,4,16,5,33,33312,Chemin de Labarde - Rd 209,44.966699,-0.553393,Plein jour,Hors agglomération,Hors intersection,Normale,Trois véhicules et plus - en chaîne,7,2,2,0,1,1,1,0,1,70,3,5,4,0,0,1,38.0,24.0,utilitaire_camion,voiture,1,1,1,1,4
202200012146,2022-10-14 18:35:00,2022,10,14,18,35,30,30305,,44.15513,4.159173,Crépuscule ou aube,Hors agglomération,Intersection en X,Normale,Deux véhicules - côté,3,2,2,0,4,2,1,0,1,80,2,2,1,0,1,0,25.0,40.0,deux_roues,voiture,2,1,2,1,3
202200012147,2022-06-28 18:55:00,2022,6,28,18,55,77,77186,D301,48.36337,2.69322,Plein jour,Hors agglomération,Hors intersection,Normale,Autre collision,3,2,2,0,1,1,1,0,1,80,1,1,0,0,1,0,56.0,,deux_roues,,1,1,1,1,6
202200012148,2022-02-08 13:15:00,2022,2,8,13,15,50,50599,D411,49.589783,-1.623219,Plein jour,Hors agglomération,Intersection en T,Pluie légère,Deux véhicules - côté,3,2,2,0,4,1,2,0,1,80,2,2,1,0,0,1,53.0,25.0,voiture,voiture,1,1,3,2,3
202200012149,2022-10-14 08:34:00,2022,10,14,8,34,52,52177,D67a,48.343525,5.16609,Plein jour,Hors agglomération,Hors intersection,Pluie légère,Deux véhicules - frontale,3,2,2,0,1,3,3,0,1,90,2,2,1,0,1,0,23.0,40.0,voiture,transport_commun,1,1,1,2,1
202200012150,2022-06-27 11:25:00,2022,6,27,11,25,76,76095,Avenue du Maréchal Juin,49.46204,1.12616,Plein jour,En agglomération,Intersection en X,Normale,Deux véhicules - frontale,7,2,4,0,1,1,1,-1,1,50,2,3,1,1,1,0,75.0,49.0,voiture,voiture,1,2,2,1,1
202200012151,2022-02-07 17:15:00,2022,2,7,17,15,22,22282,Rue du Guebriant,48.577516,-2.235954,Plein jour,Hors agglomération,Hors intersection,Normale,Autre collision,3,2,2,0,2,3,1,0,8,-1,1,1,0,0,1,0,55.0,,deux_roues,,1,1,1,1,6
202200012152,2022-06-28 23:40:00,2022,6,28,23,40,76,76351,Rue Denis Papin,49.49598,0.13765,Nuit avec éclairage allumé,En agglomération,Hors intersection,Normale,Sans collision,4,2,3,2,2,1,1,2,1,50,1,1,0,0,1,0,25.0,,deux_roues,,5,2,1,1,7
202200012153,2022-10-14 11:25:00,2022,10,14,11,25,38,38370,A49,45.092096,5.220609,Plein jour,Hors agglomération,Hors intersection,Normale,Deux véhicules - arrière,1,3,4,0,1,1,1,0,1,130,2,7,3,0,0,4,23.0,42.0,utilitaire_camion,autre,1,1,1,1,2
202200012154,2022-02-07 16:50:00,2022,2,7,16,50,59,59571,30 Rue Georges-Clémenceau,50.186878,3.497781,Plein jour,En agglomération,Hors intersection,Pluie légère,Autre collision,3,2,2,0,1,1,2,0,1,50,1,4,3,0,1,0,50.0,,voiture,,1,2,1,2,6
202200012155,2022-06-29 17:47:00,2022,6,29,17,47,76,76600,Route du Havre,49.7241877902,0.3676186601,Plein jour,En agglomération,Hors intersection,Normale,Deux véhicules - arrière,3,2,2,0,1,1,1,0,1,50,2,2,1,0,1,0,62.0,67.0,transport_commun,voiture,1,2,1,1,2
202200012156,2022-02-06 14:13:00,2022,2,6,14,13,13,13028,A50,43.2033371011,5.5997904243,Plein jour,Hors agglomération,Hors intersection,Normale,Deux véhicules - côté,1,3,6,0,1,1,1,0,1,130,1,1,0,0,0,1,30.0,,voiture,,1,1,1,1,3
202200012157,2022-10-13 10:30:00,2022,10,13,10,30,34,34159,D612,43.5239,3.816211,Plein jour,Hors agglomération,Hors intersection,Temps couvert,Deux véhicules - arrière,3,2,4,0,1,1,1,0,1,110,2,2,1,0,1,0,26.0,22.0,voiture,voiture,1,1,1,8,2
202200012158,2022-02-07 10:00:00,2022,2,7,10,0,33,33318,AUTOROUTE A 63,44.78713,-0.62874,Plein jour,Hors agglomération,Hors intersection,Normale,Autre collision,1,1,2,0,1,3,2,3,1,50,1,1,0,0,0,1,20.0,,voiture,,1,1,1,1,6
202200012159,2022-06-29 23:40:00,2022,6,29,23,40,69,69266,Cours Emile Zola,45.77063,4.86472,Nuit avec éclairage allumé,En agglomération,Hors intersection,Normale,Autre collision,4,2,2,2,1,1,1,0,1,50,1,2,1,0,0,1,,,deux_roues,,5,2,1,1,6
202200012160,2022-02-04 13:45:00,2022,2,4,13,45,59,59646,ROUTE DEPARTEMENTALE 652,50.6826348953,3.1166410446,Plein jour,Hors agglomération,Hors intersection,Pluie légère,Autre collision,7,-1,1,0,1,3,2,0,1,90,1,1,0,0,0,1,63.0,,voiture,,1,1,1,2,6
202200012161,2022-10-11 08:30:00,2022,10,11,8,30,34,34116,M127,43.6429,3.82454,Plein jour,En agglomération,Hors intersection,Temps éblouissant,Deux véhicules - côté,7,2,2,0,1,1,1,0,1,50,2,2,1,0,1,0,57.0,37.0,deux_roues,voiture,1,2,1,7,3
202200012162,2022-06-29 14:35:00,2022,6,29,14,35,67,67180,MARECHAL JOFFRE (RUE DU),48.81799,7.78454,Plein jour,En agglomération,Intersection en T,Normale,Deux véhicules - côté,4,2,2,0,1,1,1,0,1,50,2,2,1,0,1,0,17.0,66.0,deux_roues,voiture,1,2,3,1,3
202200012163,2022-02-04 08:52:00,2022,2,4,8,52,59,59378,ROUTE NATIONALE 356,50.6642892934,3.1142042577,Plein jour,Hors agglomération,Hors intersection,Pluie légère,Trois véhicules et plus - en chaîne,2,-1,4,0,1,1,2,0,1,90,3,3,2,0,0,1,23.0,21.0,voiture,voiture,1,1,1,2,4
202200012164,2022-10-07 11:57:00,2022,10,7,11,57,06,06085,9 chemin de carimai,43.579586,6.995512,Plein jour,En agglomération,Hors intersection,Normale,Deux véhicules - côté,3,2,4,0,1,1,1,0,1,50,2,2,1,0,0,1,18.0,39.0,deux_roues,voiture,1,2,1,1,3
202200012165,2022-06-28 18:36:00,2022,6,28,18,36,67,67180,BITCHE (ROUTE DE),48.82784,7.75606,Plein jour,En agglomération,Giratoire,Normale,Deux véhicules - arrière,3,1,2,0,1,2,1,5,1,50,2,2,1,0,0,1,36.0,41.0,voiture,deux_roues,1,2,6,1,2
202200012166,2022-02-03 12:45:00,2022,2,3,12,45,59,59155,AUTOROUTE A16,51.0155073414,2.3930990696,Plein jour,Hors agglomération,Hors intersection,Pluie légère,Autre collision,1,-1,8,0,1,1,2,0,1,130,3,4,2,0,0,2,38.0,62.0,voiture,voiture,1,1,1,2,6
202200012167,2022-10-10 04:30:00,2022,10,10,4,30,06,06088,A8 PK 186.000 NORD,43.670417,7.201495,Nuit avec éclairage allumé,Hors agglomération,Hors intersection,Pluie légère,Deux véhicules - côté,1,3,5,0,1,3,2,0,1,90,1,1,0,0,0,1,32.0,,voiture,,5,1,1,2,3
202200012168,2022-06-29 14:25:00,2022,6,29,14,25,64,64122,Boulevard du BAB,43.4829,-1.54,Plein jour,En agglomération,Hors intersection,Normale,Autre collision,4,2,4,0,1,1,1,0,1,50,1,2,0,0,0,2,77.0,,voiture,,1,2,1,1,6
202200012169,2022-02-07 18:43:00,2022,2,7,18,43,91,91553,RN 104,48.628,2.48,Nuit sans éclairage public,Hors agglomération,Hors intersection,Normale,Deux véhicules - côté,2,3,4,0,2,1,1,0,1,90,2,2,1,0,0,1,45.0,59.0,voiture,deux_roues,3,1,1,1,3
202200012170,2022-10-14 18:40:00,2022,10,14,18,40,27,27005,A13 PK 088+000 direction ROUEN,49.17173,1.248901,Crépuscule ou aube,Hors agglomération,Hors intersection,Pluie légère,Sans collision,1,3,5,0,1,1,2,0,3,130,1,1,0,0,0,1,21.0,,voiture,,2,1,1,2,7
202200012171,2022-02-07 05:38:00,2022,2,7,5,38,91,91687,AUTOROUTE A6,48.66011,2.37235,Nuit sans éclairage public,Hors agglomération,Hors intersection,Normale,Sans collision,1,1,3,0,1,1,2,2,1,110,1,1,0,0,0,1,33.0,,utilitaire_camion,,3,1,1,1,7
202200012172,2022-06-29 11:38:00,2022,6,29,11,38,64,64102,Boulevard Alsace-Lorraine,43.4932264577,-1.4662885666,Plein jour,En agglomération,Hors intersection,Normale,Deux véhicules - côté,4,2,2,0,1,1,1,0,1,50,2,2,1,0,0,1,32.0,20.0,voiture,deux_roues,1,2,1,1,3
202200012173,2022-10-13 19:30:00,2022,10,13,19,30,973,97311,Avenue Jean Galmot,5.491982,-53.971581,Nuit sans éclairage public,Hors agglomération,Hors intersection,Pluie légère,Autre collision,3,2,2,0,1,1,2,0,1,80,1,2,1,0,1,0,44.0,,voiture,,3,1,1,2,6
202200012174,2022-02-07 17:50:00,2022,2,7,17,50,78,78455,A13,48.855636,2.05768,Crépuscule ou aube,Hors agglomération,Hors intersection,Normale,Deux véhicules - arrière,1,3,2,0,1,1,1,0,1,110,2,3,1,0,0,2,37.0,22.0,utilitaire_camion,voiture,2,1,1,1,2
202200012175,2022-06-29 10:50:00,2022,6,29,10,50,64,64102,Avenue de Sainte-Croix,43.49997,-1.45544,Plein jour,En agglomération,Place,Normale,Deux véhicules - côté,4,2,2,0,1,1,1,0,1,50,2,3,1,0,0,2,72.0,55.0,voiture,deux_roues,1,2,7,1,3
202200012176,2022-06-28 17:43:00,2022,6,28,17,43,63,63113,FLAMINA (RUE DE),45.81415,3.11349,Plein jour,En agglomération,Hors intersection,Normale,Autre collision,4,2,2,0,1,1,1,0,1,50,1,2,1,0,0,1,50.0,,voiture,,1,2,1,1,6
202200012177,2022-10-13 17:45:00,2022,10,13,17,45,973,97310,RN 2 PK 31-600,4.703936,-52.385259,Plein jour,Hors agglomération,Hors intersection,Pluie légère,Deux véhicules - côté,2,2,2,0,1,1,2,0,1,80,2,6,1,0,1,4,62.0,38.0,utilitaire_camion,utilitaire_camion,1,1,1,2,3
202200012178,2022-02-06 19:05:00,2022,2,6,19,5,92,92047,A13,48.8345922746,2.1716273344,Nuit sans éclairage public,Hors agglomération,Hors intersection,Pluie légère,Deux véhicules - arrière,1,3,3,0,1,1,2,0,1,110,2,4,2,0,0,2,57.0,29.0,voiture,voiture,3,1,1,2,2
202200012179,2022-06-24 10:50:00,2022,6,24,10,50,59,59043,YPRES (RUE D'),50.7408232668,2.7380096912,Plein jour,En agglomération,Hors intersection,Normale,Autre collision,3,2,2,0,1,1,1,0,1,50,1,2,1,0,0,1,59.0,,voiture,,1,2,1,1,6
202200012180,2022-10-12 06:50:00,2022,10,12,6,50,971,97106,Rue du Plateau,16.124032,-61.77211,Plein jour,En agglomération,Hors intersection,Normale,Autre collision,4,2,2,0,2,1,1,0,1,50,1,2,1,0,1,0,54.0,,transport_commun,,1,2,1,1,6
202200012181,2022-02-04 19:20:00,2022,2,4,19,20,78,78140,A13,48.960933,1.930322,Plein jour,Hors agglomération,Hors intersection,Normale,Deux véhicules - côté,1,-1,3,0,1,1,1,0,1,110,2,2,1,0,0,1,60.0,42.0,deux_roues,voiture,1,1,1,1,3
202200012182,2022-06-27 06:54:00,2022,6,27,6,54,57,57631,DEVIATION SUD,49.10327,7.07662,Plein jour,En agglomération,Hors intersection,Autre,Deux véhicules - frontale,3,2,2,0,1,1,9,0,1,70,2,2,1,0,1,0,55.0,59.0,utilitaire_camion,voiture,1,2,1,9,1
202200012183,2022-10-13 16:10:00,2022,10,13,16,10,971,97106,Galets,16.164471,-61.775592,Plein jour,En agglomération,Hors intersection,Normale,Deux véhicules - frontale,2,2,2,0,1,1,1,0,1,50,2,2,1,1,0,0,36.0,40.0,voiture,deux_roues,1,2,1,1,1
202200012184,2022-02-07 15:20:00,2022,2,7,15,20,94,94046,A86 EXT,48.81475,2.44903,Plein jour,Hors agglomération,Hors intersection,Normale,Deux véhicules - côté,1,3,8,0,1,1,1,0,1,90,2,2,1,0,0,1,38.0,21.0,deux_roues,voiture,1,1,1,1,3
202200012185,2022-06-29 17:45:00,2022,6,29,17,45,51,51454,boulevard Dieu Lumière,49.24008,4.03768,Plein jour,En agglomération,Hors intersection,Normale,Deux véhicules - côté,4,2,4,1,1,1,1,0,1,50,2,2,1,0,0,1,52.0,49.0,utilitaire_camion,voiture,1,2,1,1,3
202200012186,2022-02-07 13:00:00,2022,2,7,13,0,94,94028,A86 INT,48.7823,2.4397,Plein jour,Hors agglomération,Hors intersection,Normale,Sans collision,1,1,2,0,2,3,1,3,1,40,1,1,0,0,0,1,39.0,,voiture,,1,1,1,1,7
202200012187,2022-10-14 11:00:00,2022,10,14,11,0,29,29002,Kermenguy,47.898564,-3.46712,Plein jour,Hors agglomération,Hors intersection,Pluie forte,Deux véhicules - frontale,4,2,2,0,3,4,2,0,1,50,2,3,0,0,1,2,18.0,82.0,voiture,voiture,1,1,1,3,1
202200012188,2022-02-07 00:05:00,2022,2,7,0,5,94,94073,A86 EXT,48.76831,2.37893,Nuit sans éclairage public,Hors agglomération,Hors intersection,Pluie légère,Autre collision,1,1,3,0,1,3,2,0,2,70,1,1,0,0,0,1,42.0,,voiture,,3,1,1,2,6
202200012189,2022-04-27 18:25:00,2022,4,27,18,25,50,50218,VENDEENS (AV DES),48.83164,-1.57137,Plein jour,En agglomération,Hors intersection,Normale,Deux véhicules - côté,3,2,2,0,1,1,1,0,1,50,2,2,1,0,0,1,15.0,54.0,deux_roues,voiture,1,2,1,1,3
202200012190,2022-01-13 18:30:00,2022,1,13,18,30,59,59401,,50.7482345723,2.6625645158,Nuit sans éclairage public,Hors agglomération,Hors intersection,Brouillard / fumée,Autre collision,3,2, -1,-1,1,1,1,0,3,80,1,1,0,1,0,0,32.0,,voiture,,3,1,1,5,6
202200012191,2022-10-13 22:25:00,2022,10,13,22,25,29,29147,5 Route de Bannalec,47.900811,-3.5840021,Nuit avec éclairage allumé,En agglomération,Hors intersection,Pluie légère,Autre collision,3,2,2,0,2,1,2,0,1,50,1,1,0,0,0,1,32.0,,deux_roues,,5,2,1,2,6
202200012192,2022-06-29 00:33:00,2022,6,29,0,33,49,49007,BASSE CHAINE PONT,47.47029,-0.5628,Nuit avec éclairage allumé,En agglomération,Hors intersection,Normale,Deux véhicules - côté,4,2,3,0,1,1,1,0,1,50,2,2,1,0,0,1,23.0,20.0,voiture,voiture,5,2,1,1,3
202200012193,2022-02-04 08:30:00,2022,2,4,8,30,05,05023,FROGER (RUE RENE),44.89571,6.63145,Plein jour,En agglomération,Hors intersection,Normale,Autre collision,4,2,2,0,1,1,1,0,1,50,1,3,2,0,0,1,23.0,,voiture,,1,2,1,1,6
202200012194,2022-10-14 16:00:00,2022,10,14,16,0,77,77318,N36,48.786,2.867775,Plein jour,Hors agglomération,Hors intersection,Pluie légère,Autre collision,2,2,2,0,1,1,2,0,1,80,3,4,2,1,1,0,56.0,74.0,voiture,voiture,1,1,1,2,6
202200012195,2022-06-28 21:24:00,2022,6,28,21,24,49,49007,PRE PIGEON,47.47644,-0.53939,Plein jour,En agglomération,Hors intersection,Normale,Deux véhicules - frontale,4,2,2,0,1,1,1,0,1,50,2,3,2,0,0,1,23.0,26.0,voiture,deux_roues,1,2,1,1,1
202200012196,2022-02-06 19:27:00,2022,2,6,19,27,976,97611,m'tsapere-Nationale 2 (route),-12.79461,45.21806,Nuit avec éclairage allumé,Hors agglomération,Hors intersection,Normale,Deux véhicules - frontale,2,-1,2,0,1,1,1,0,1,50,2,2,1,0,0,1,65.0,22.0,voiture,deux_roues,5,1,1,1,1
202200012197,2022-06-28 17:33:00,2022,6,28,17,33,49,49007,MILLOT BOULEVARD JACQUES,47.45407,-0.53515,Plein jour,En agglomération,Hors intersection,Normale,Deux véhicules - côté,4,2,2,0,1,1,1,0,1,50,2,2,1,0,0,1,68.0,70.0,deux_roues,voiture,1,2,1,1,3
202200012198,2022-06-29 13:50:00,2022,6,29,13,50,45,45234,29 Boulevard Jean Jaurès,47.90377,1.89453,Plein jour,En agglomération,Intersection en X,Normale,Autre collision,4,1,3,3,1,1,1,0,1,50,1,2,1,0,0,1,77.0,,voiture,,1,2,2,1,6
202200012199,2022-06-29 08:25:00,2022,6,29,8,25,35,35238,,48.1341947004,-1.6968368366,Plein jour,En agglomération,Intersection en T,Normale,Deux véhicules - côté,4,2,0,0,2,1,9,0,1,30,2,2,1,0,0,1,30.0,34.0,deux_roues,voiture,1,2,3,1,3
202200012200,2022-04-29 18:50:00,2022,4,29,18,50,33,33063,Rue de la Reole,44.8221,-0.56728,Plein jour,En agglomération,Hors intersection,Normale,Deux véhicules - arrière,4,-1,1,2,1,1,1,0,1,30,2,2,1,0,1,0,42.0,35.0,deux_roues,voiture,1,2,1,1,2
202200012201,2022-06-29 16:10:00,2022,6,29,16,10,33,33529,RD1250 (BONNEVAL - LA HUME) - Z.A.,44.61702,-1.13798,Plein jour,Hors agglomération,Giratoire,Normale,Sans collision,2,2,2,0,1,4,1,0,1,50,1,1,0,0,0,1,19.0,,deux_roues,,1,1,6,1,7
202200012202,2022-02-06 21:25:00,2022,2,6,21,25,69,69386,Rue Notre-Dame,45.7651674956,4.8679389047,Nuit avec éclairage allumé,En agglomération,Intersection en X,Normale,Deux véhicules - arrière,4,1,1,0,1,1,1,0,1,50,2,6,1,0,0,5,28.0,34.0,voiture,voiture,5,2,2,1,2
202200012203,2022-10-14 08:05:00,2022,10,14,8,5,77,77142,D33,48.863815,2.903191,Plein jour,En agglomération,Intersection en T,Normale,Sans collision,3,2,2,0,2,2,1,0,1,50,2,2,1,0,0,1,75.0,46.0,voiture,deux_roues,1,2,3,1,7
202200012204,2022-06-29 20:25:00,2022,6,29,20,25,31,31555,RUE GUSTAVE CHARPENTIER,43.57563,1.42094,Plein jour,En agglomération,Intersection en X,Normale,Deux véhicules - côté,7,2,2,0,1,1,1,0,1,50,2,2,1,0,1,0,19.0,45.0,voiture,voiture,1,2,2,1,3
202200012205,2022-02-05 05:10:00,2022,2,5,5,10,972,97209,RD 41 (ROCADE),14.61693,-61.05988,Nuit sans éclairage public,Hors agglomération,Hors intersection,Normale,Deux véhicules - frontale,3,3,4,0,1,4,1,0,1,60,2,2,1,0,1,0,20.0,36.0,voiture,deux_roues,3,1,1,1,1
202200012206,2022-06-29 12:05:00,2022,6,29,12,5,31,31483,ADOUE JEAN (RUE),43.113670794,0.7527163625,Plein jour,En agglomération,Hors intersection,Normale,Deux véhicules - côté,4,2,2,0,1,1,1,0,1,30,2,2,1,0,1,0,33.0,18.0,voiture,deux_roues,1,2,1,1,3
202200012207,2022-10-14 08:15:00,2022,10,14,8,15,78,78576,D34,48.737553,1.885882,Plein jour,Hors agglomération,Hors intersection,Pluie légère,Deux véhicules - côté,3,2,2,0,1,1,2,0,1,80,2,2,1,0,1,0,40.0,33.0,utilitaire_camion,deux_roues,1,1,1,2,3
202200012208,2022-02-05 14:50:00,2022,2,5,14,50,69,69149,5 Rue Marc Seguin,45.7225350283,4.8030647511,Plein jour,En agglomération,Intersection en T,Normale,Deux véhicules - frontale,4,2,2,0,2,1,1,0,1,30,2,2,1,0,0,1,17.0,17.0,deux_roues,deux_roues,1,2,3,1,1
202200012209,2022-06-29 16:55:00,2022,6,29,16,55,28,28134,NOTRE DAME DE LA RONDE (RUE),48.75501,1.36732,Plein jour,En agglomération,Autre intersection,Normale,Deux véhicules - côté,3,2,2,0,1,1,1,0,1,50,2,3,2,0,0,1,53.0,44.0,voiture,utilitaire_camion,1,2,9,1,3
202200012210,2022-02-04 09:00:00,2022,2,4,9,0,971,97105,GOUVERNEUR DU LYON (AVE),16.00294,-61.73876,Plein jour,En agglomération,Intersection en T,Normale,Deux véhicules - côté,2,2,2,0,1,2,1,5,6,50,2,3,0,0,1,2,23.0,37.0,deux_roues,voiture,1,2,3,1,3
202200012211,2022-06-29 18:25:00,2022,6,29,18,25,26,26198,ANDRE (Boulevard Charles),44.52556,4.7431,Plein jour,En agglomération,Hors intersection,Normale,Deux véhicules - arrière,4,2,3,0,1,1,1,0,1,70,2,2,1,0,0,1,51.0,19.0,voiture,voiture,1,2,1,1,2
202200012212,2022-02-05 17:50:00,2022,2,5,17,50,91,91161,AV CHARLES DE GAULLE,48.704771,2.322664,Crépuscule ou aube,En agglomération,Hors intersection,Normale,Deux véhicules - arrière,3,2,2,0,1,1,1,0,1,50,2,3,2,0,0,1,43.0,66.0,utilitaire_camion,voiture,2,2,1,1,2
202200012213,2022-06-29 19:30:00,2022,6,29,19,30,25,25056,ILE DE FRANCE AVENUE DE L',47.221564,5.9678,Plein jour,En agglomération,Giratoire,Normale,Autre collision,4,2,1,3,1,2,1,0,1,50,1,2,1,0,1,0,61.0,,voiture,,1,2,6,1,6
202200012214,2022-10-14 14:15:00,2022,10,14,14,15,2B,2B079,RT20,42.494034,9.291918,Plein jour,Hors agglomération,Hors intersection,Normale,Deux véhicules - frontale,2,2,2,0,2,4,1,0,1,80,2,5,0,0,3,2,56.0,69.0,voiture,voiture,1,1,1,1,1
202200012215,2022-02-06 20:26:00,2022,2,6,20,26,91,91027,RUE EDOUARD VAILLANT,48.71135,2.40144,Nuit avec éclairage allumé,En agglomération,Autre intersection,Pluie légère,Deux véhicules - côté,3,2,2,0,1,1,2,0,1,50,2,2,1,0,0,1,38.0,33.0,voiture,voiture,5,2,9,2,3
202200012216,2022-06-29 17:51:00,2022,6,29,17,51,25,25056,DIDEROT BOULEVARD,47.247754,6.036641,Plein jour,En agglomération,Intersection à plus de 4 branches,Normale,Deux véhicules - côté,4,2,2,1,1,1,1,5,4,30,2,2,1,0,0,1,40.0,32.0,deux_roues,voiture,1,2,5,1,3
202200012217,2022-10-13 09:40:00,2022,10,13,9,40,83,83112,41 Chemin des Pradeaux,43.181894,5.697817,Plein jour,En agglomération,Autre intersection,Normale,Autre collision,4,2,1,0,1,1,1,0,1,-1,1,2,1,0,1,0,66.0,,voiture,,1,2,9,1,6