accident_id,datetime,annee,mois,jour,heure,minute,departement,commune_insee,adresse,latitude,longitude,luminosite,agglomeration,intersection,meteo,collision,catr,circ,nbv,vosp,prof,plan,surf,infra,situ,vma,nb_vehicules,nb_usagers,nb_indemnes,nb_tues,nb_blesses_hosp,nb_blesses_legers,age_cond_1,age_cond_2,veh_type_cond_1,veh_type_cond_2,lum_code,agg_code,int_code,atm_code,col_code
202200012399,2022-06-29 09:50:00,2022,6,29,9,50,70,70248,D16,47.659805,6.735681,Plein jour,Hors agglomération,Hors intersection,Normale,Deux véhicules - côté,3,2,2,0,1,4,1,0,3,70,2,2,1,0,1,0,64.0,53.0,deux_roues,utilitaire_camion,1,1,1,1,3
202200012400,2022-10-12 09:30:00,2022,10,12,9,30,95,95428,Avenue Nott,48.9924454753,2.3212400079,Plein jour,En agglomération,Hors intersection,Normale,Autre collision,4,1,1,0,1,1,1,0,4,50,1,3,2,0,0,1,37.0,,voiture,,1,2,1,1,6
202200012401,2022-06-30 19:45:00,2022,6,30,19,45,72,72190,Rue de l Huilerie,47.91693,0.78471,Plein jour,Hors agglomération,Intersection en X,Normale,Deux véhicules - côté,3,2,2,0,1,1,1,0,1,90,2,4,2,0,0,2,54.0,19.0,voiture,voiture,1,1,2,1,3
202200012402,2022-06-29 16:30:00,2022,6,29,16,30,60,60647,71 Route de Rouen,49.402426,2.966218,Plein jour,En agglomération,Hors intersection,Normale,Autre collision,2,2,1,0,1,1,1,9,8,50,1,1,0,0,1,0,74.0,,deux_roues,,1,2,1,1,6
202200012403,2022-10-11 16:35:00,2022,10,11,16,35,87,87085,LOCARNO (AVENUE),45.8367131786,1.2705774307,Plein jour,En agglomération,Hors intersection,Pluie légère,Autre collision,4,2,2,0,1,1,2,0,4,30,1,2,1,0,0,1,87.0,,voiture,,1,2,1,2,6
202200012404,2022-06-29 17:15:00,2022,6,29,17,15,60,60584,Rue d Hardilliere,49.222376,2.415125,Plein jour,En agglomération,Hors intersection,Normale,Sans collision,3,2,2,0,2,1,1,0,4,50,1,1,0,1,0,0,78.0,,deux_roues,,1,2,1,1,7
202200012405,2022-06-26 13:50:00,2022,6,26,13,50,64,64229,route départementale 933,43.213621,-1.129789,Plein jour,Hors agglomération,Hors intersection,Normale,Sans collision,3,2,3,0,2,1,2,0,1,80,1,2,1,0,1,0,74.0,,voiture,,1,1,1,1,7
202200012406,2022-10-11 18:25:00,2022,10,11,18,25,87,87085,MAUVENDIERE (RUE DE LA),45.83258,1.2496,Plein jour,En agglomération,Hors intersection,Normale,Deux véhicules - côté,4,4,3,0,1,1,1,0,1,30,2,2,1,0,0,1,37.0,32.0,voiture,transport_commun,1,2,1,1,3
202200012407,2022-06-30 15:04:00,2022,6,30,15,4,04,04081,RD 82,43.761021,5.965528,Plein jour,Hors agglomération,Hors intersection,Normale,Deux véhicules - côté,3,2,2,0,2,1,1,0,1,80,2,2,1,0,0,1,37.0,59.0,voiture,deux_roues,1,1,1,1,3
202200012408,2022-10-10 08:38:00,2022,10,10,8,38,87,87085,JAURES (RUE JEAN),45.83154,1.25871,Plein jour,En agglomération,Hors intersection,Pluie légère,Sans collision,4,2,2,0,1,1,2,0,1,20,1,1,0,0,0,1,18.0,,deux_roues,,1,2,1,2,7
202200012409,2022-10-11 17:13:00,2022,10,11,17,13,87,87050,LIMOGES (AVENUE DE),45.85884,1.24097,Plein jour,En agglomération,Hors intersection,Normale,Deux véhicules - frontale,3,2,2,0,2,2,1,0,1,50,2,2,1,0,0,1,34.0,28.0,deux_roues,voiture,1,2,1,1,1
202200012410,2022-06-26 06:20:00,2022,6,26,6,20,72,72299,A28 PK 80+400,47.8641397466,0.299715996,Crépuscule ou aube,Hors agglomération,Hors intersection,Normale,Sans collision,1,-1,2,3,1,1,1,0,3,90,1,1,0,0,0,1,35.0,,utilitaire_camion,,2,1,1,1,7
202200012411,2022-10-11 14:53:00,2022,10,11,14,53,87,87085,GARIBALDI (AVENUE),45.83271,1.26195,Plein jour,En agglomération,Hors intersection,Normale,Sans collision,4,2,2,0,1,1,2,0,1,30,1,1,0,0,0,1,15.0,,deux_roues,,1,2,1,1,7
202200012412,2022-06-30 04:20:00,2022,6,30,4,20,01,01062,A42 sens Genève - Lyon pk 018+850,45.854467,5.102173,Crépuscule ou aube,Hors agglomération,Hors intersection,Normale,Autre collision,1,1,5,0,1,1,1,0,1,-1,1,3,2,1,0,0,58.0,,voiture,,2,1,1,1,6
202200012413,2022-06-28 18:40:00,2022,6,28,18,40,976,97603,RN 3 Bambo-est,-12.916585,45.18636,Nuit sans éclairage public,Hors agglomération,Hors intersection,Normale,Sans collision,2,2,2,0,2,2,1,0,3,80,1,1,0,0,1,0,50.0,,deux_roues,,3,1,1,1,7
202200012414,2022-10-11 07:30:00,2022,10,11,7,30,83,83137,GOURAUD (AVE GENERAL),43.13717,5.91457,Crépuscule ou aube,En agglomération,Intersection en Y,Normale,Deux véhicules - côté,7,2,2,0,1,3,1,5,1,50,2,2,1,0,1,0,48.0,48.0,deux_roues,autre,2,2,4,1,3
202200012415,2022-06-29 17:50:00,2022,6,29,17,50,91,91105,D19,48.564215,2.17808,Plein jour,Hors agglomération,Hors intersection,Temps éblouissant,Deux véhicules - côté,3,2,2,0,1,1,1,0,1,70,2,2,1,0,1,0,58.0,56.0,voiture,deux_roues,1,1,1,7,3
202200012416,2022-10-11 18:28:00,2022,10,11,18,28,83,83069,CORPS (AVENUE DU XVEME),43.12147,6.13872,Plein jour,En agglomération,Hors intersection,Normale,Autre collision,4,2,2,0,1,1,1,0,1,50,1,2,1,0,1,0,26.0,,voiture,,1,2,1,1,6
202200012417,2022-06-21 18:50:00,2022,6,21,18,50,77,77359,A6,48.481759,2.514242,Plein jour,Hors agglomération,Hors intersection,Normale,Sans collision,1,3,3,0,1,1,1,0,8,130,1,3,2,0,1,0,28.0,,voiture,,1,1,1,1,7
202200012418,2022-06-29 17:05:00,2022,6,29,17,5,974,97420,47 Avenue Pierre Mendès France,-20.905,55.605886,Crépuscule ou aube,En agglomération,Hors intersection,Temps éblouissant,Autre collision,2,2,2,0,1,1,1,0,1,30,1,3,2,0,1,0,59.0,,voiture,,2,2,1,7,6
202200012419,2022-10-07 17:45:00,2022,10,7,17,45,80,80021,QUATORZE JUILLET 1789 (AVENUE DU),49.87556,2.28179,Plein jour,En agglomération,Giratoire,Normale,Deux véhicules - côté,3,3,4,0,1,1,1,0,1,50,2,2,1,0,0,1,46.0,26.0,voiture,voiture,1,2,6,1,3
202200012420,2022-06-30 09:10:00,2022,6,30,9,10,972,97230,Route Nationale 1,14.7391628,-60.9516316,Plein jour,Hors agglomération,Hors intersection,Normale,Deux véhicules - côté,3,2,3,0,2,2,1,0,8,90,2,2,1,0,1,0,58.0,58.0,utilitaire_camion,deux_roues,1,1,1,1,3
202200012421,2022-10-12 08:50:00,2022,10,12,8,50,78,78418,PAUL DOUMER (AVENUE),48.906436,2.152982,Plein jour,En agglomération,Hors intersection,Normale,Deux véhicules - côté,3,2,2,1,1,1,1,0,1,50,2,2,1,0,0,1,45.0,60.0,deux_roues,voiture,1,2,1,1,3
202200012422,2022-06-30 06:45:00,2022,6,30,6,45,37,37008,12 Rue de la Gangnerie,47.320469,0.918683,Plein jour,En agglomération,Intersection en T,Pluie forte,Deux véhicules - côté,4,2,2,0,1,1,2,0,1,50,2,2,1,0,1,0,32.0,21.0,voiture,deux_roues,1,2,3,3,3
202200012423,2022-09-06 19:23:00,2022,9,6,19,23,78,78490,DEUX PLATEAUX (ROUTE DES),48.802221,1.961043,Plein jour,En agglomération,Autre intersection,Normale,Trois véhicules et plus - collisions multiples,3,3,1,0,2,2,1,3,1,70,3,3,0,0,1,2,32.0,27.0,voiture,voiture,1,2,9,1,5
202200012424,2022-06-30 12:45:00,2022,6,30,12,45,78,78255,D113/Rue du Terrier Rouge,49.038065,1.595078,Plein jour,En agglomération,Intersection en X,Pluie légère,Deux véhicules - côté,3,3,1,0,2,1,2,0,1,50,2,5,3,0,0,2,43.0,28.0,voiture,voiture,1,2,2,2,3
202200012425,2022-06-29 20:30:00,2022,6,29,20,30,11,11433,départementale 112,43.330625,2.456517,Plein jour,Hors agglomération,Hors intersection,Normale,Autre collision,3,2,2,0,1,3,1,0,1,80,1,1,0,0,1,0,56.0,,deux_roues,,1,1,1,1,6
202200012426,2022-10-12 01:40:00,2022,10,12,1,40,78,78440,EUROPE (AVENUE DE L'),48.97736,1.91469,Nuit avec éclairage allumé,En agglomération,Hors intersection,Normale,Autre collision,3,3,4,0,1,1,1,0,1,50,1,2,1,0,0,1,25.0,,voiture,,5,2,1,1,6
202200012427,2022-06-30 09:05:00,2022,6,30,9,5,34,34024,D2,43.466504,3.690516,Plein jour,En agglomération,Hors intersection,Normale,Deux véhicules - côté,3,2,2,0,1,1,1,8,1,50,2,2,1,0,1,0,45.0,36.0,deux_roues,voiture,1,2,1,1,3
202200012428,2022-06-30 11:35:00,2022,6,30,11,35,83,83127,1301 Route de Meounes,43.2874643125,5.8827280998,Plein jour,Hors agglomération,Intersection en T,Normale,Deux véhicules - frontale,3,2,2,0,1,1,1,0,1,80,2,2,0,0,1,1,80.0,30.0,voiture,deux_roues,1,1,3,1,1
202200012429,2022-06-29 17:50:00,2022,6,29,17,50,83,83030,D43,43.363281,6.093885,Plein jour,Hors agglomération,Intersection en T,Normale,Deux véhicules - côté,3,2,2,0,1,1,1,0,8,-1,2,2,1,0,1,0,18.0,24.0,voiture,deux_roues,1,1,3,1,3
202200012430,2022-06-29 19:15:00,2022,6,29,19,15,68,68294,D1059,48.262798,7.241836,Plein jour,Hors agglomération,Hors intersection,Normale,Deux véhicules - frontale,3,2,3,0,1,1,1,0,1,80,2,3,1,0,0,2,23.0,54.0,voiture,voiture,1,1,1,1,1
202200012431,2022-06-03 20:15:00,2022,6,3,20,15,67,67250,rue du général de gaulle,48.757773,7.726956,Plein jour,En agglomération,Intersection en X,Normale,Sans collision,3,2,2,0,1,1,1,0,1,40,1,1,0,0,1,0,41.0,,deux_roues,,1,2,2,1,7
202200012432,2022-06-29 18:05:00,2022,6,29,18,5,55,55134,D146,48.773864,5.045898,Plein jour,Hors agglomération,Hors intersection,Normale,Sans collision,3,2,2,0,1,1,1,0,3,80,1,1,0,0,0,1,25.0,,deux_roues,,1,1,1,1,7
202200012433,2022-06-30 16:48:00,2022,6,30,16,48,03,03197,route de moulins,46.476176,3.41494,Plein jour,Hors agglomération,Hors intersection,Pluie légère,Deux véhicules - frontale,3,2,2,0,1,1,2,0,1,90,2,2,1,0,1,0,23.0,42.0,voiture,voiture,1,1,1,2,1
202200012434,2022-10-12 08:10:00,2022,10,12,8,10,77,77438,D418,48.874557,2.692704,Plein jour,En agglomération,Intersection en T,Normale,Autre collision,3,2,2,0,1,1,1,0,1,50,2,2,0,0,0,2,28.0,41.0,deux_roues,deux_roues,1,2,3,1,6
202200012435,2022-06-30 05:45:00,2022,6,30,5,45,38,38374,65 Chemin du Silo,45.645413,5.313177,Crépuscule ou aube,En agglomération,Hors intersection,Normale,Deux véhicules - frontale,4,2,1,0,1,1,1,0,1,50,2,3,0,0,2,1,54.0,21.0,voiture,voiture,2,2,1,1,1
202200012436,2022-10-12 12:35:00,2022,10,12,12,35,77,77333,D225,48.26491,2.70096,Plein jour,En agglomération,Hors intersection,Normale,Autre collision,3,2,2,0,2,1,1,6,1,50,1,2,1,0,0,1,22.0,,voiture,,1,2,1,1,6
202200012437,2022-06-30 08:40:00,2022,6,30,8,40,01,01160,Rue de Meyrin,46.246291,6.096146,Plein jour,En agglomération,Intersection en X,Normale,Deux véhicules - côté,3,2,2,0,1,1,1,0,1,50,2,2,1,0,0,1,73.0,46.0,voiture,deux_roues,1,2,2,1,3
202200012438,2022-10-12 11:00:00,2022,10,12,11,0,77,77186,D142,48.44763,2.67017,Plein jour,Hors agglomération,Hors intersection,Normale,Autre collision,3,2,2,0,1,1,1,0,3,70,1,1,0,0,0,1,67.0,,utilitaire_camion,,1,1,1,1,6
202200012439,2022-06-30 14:20:00,2022,6,30,14,20,33,33262,Route de Bordeaux Pauillac,45.0069256649,-0.6313973665,Plein jour,En agglomération,Hors intersection,Pluie légère,Deux véhicules - arrière,3,2,2,0,1,1,2,0,1,50,2,2,1,0,1,0,41.0,36.0,deux_roues,voiture,1,2,1,2,2
202200012440,2022-10-12 17:55:00,2022,10,12,17,55,76,76705,410 Avenue Gustave Picard,49.32796,1.09551,Plein jour,En agglomération,Hors intersection,Normale,Autre collision,4,2,4,0,1,1,1,0,1,30,1,2,1,0,1,0,31.0,,voiture,,1,2,1,1,6
202200012441,2022-06-30 14:20:00,2022,6,30,14,20,27,27275,44 Rue de Pacy,49.157969,1.336813,Plein jour,En agglomération,Intersection en X,Normale,Deux véhicules - côté,4,2,2,0,1,1,1,0,1,50,2,2,1,0,0,1,41.0,17.0,voiture,deux_roues,1,2,2,1,3
202200012442,2022-06-30 09:30:00,2022,6,30,9,30,02,02574,5 Rue de Vervins,49.895155,4.017645,Plein jour,En agglomération,Hors intersection,Pluie légère,Deux véhicules - côté,3,2,2,0,2,1,2,0,1,50,2,2,1,0,0,1,77.0,19.0,utilitaire_camion,deux_roues,1,2,1,2,3
202200012443,2022-10-12 11:10:00,2022,10,12,11,10,76,76095,Avenue des Hauts Grigneux,49.4668405554,1.1346776783,Plein jour,En agglomération,Giratoire,Normale,Deux véhicules - côté,2,1,1,0,3,3,1,0,5,50,2,4,1,1,1,1,43.0,33.0,utilitaire_camion,deux_roues,1,2,6,1,3
202200012444,2022-06-29 17:45:00,2022,6,29,17,45,57,57303,Autoroute A31,49.2142295906,6.1745048858,Plein jour,Hors agglomération,Hors intersection,Normale,Trois véhicules et plus - en chaîne,1,3,6,0,1,1,1,0,1,110,5,6,3,0,0,3,37.0,36.0,utilitaire_camion,utilitaire_camion,1,1,1,1,4
202200012445,2022-06-27 00:00:00,2022,6,27,0,0,67,67482,M35,48.56552,7.73261,Nuit sans éclairage public,Hors agglomération,Hors intersection,Pluie forte,Deux véhicules - côté,7,1,3,0,1,1,3,0,1,70,2,3,1,0,0,2,27.0,63.0,voiture,voiture,3,1,1,3,3
202200012446,2022-06-29 18:55:00,2022,6,29,18,55,94,94043,AUTOROUTE A6B,48.81412,2.35505,Plein jour,Hors agglomération,Hors intersection,Normale,Trois véhicules et plus - en chaîne,1,1,3,0,1,1,1,0,1,50,3,3,2,0,1,0,55.0,26.0,deux_roues,voiture,1,1,1,1,4
202200012447,2022-10-12 08:05:00,2022,10,12,8,5,76,76540,Route de Neufchâtel,49.45302,1.09889,Plein jour,En agglomération,Intersection en Y,Normale,Deux véhicules - côté,7,2,2,3,2,1,1,-1,6,50,2,2,1,0,0,1,59.0,40.0,utilitaire_camion,deux_roues,1,2,4,1,3
202200012448,2022-06-29 15:00:00,2022,6,29,15,0,91,91471,RN 118,48.70136,2.19313,Plein jour,Hors agglomération,Hors intersection,Normale,Deux véhicules - côté,2,1,1,0,1,3,1,0,1,50,2,2,1,0,0,1,41.0,,voiture,utilitaire_camion,1,1,1,1,3
202200012449,2022-10-11 17:40:00,2022,10,11,17,40,76,76351,GEORGES POMPIDOU (CHAUSSEE),49.49069,0.11662,Plein jour,En agglomération,Intersection en T,Normale,Autre collision,4,2,5,2,1,1,1,2,1,50,1,3,1,0,1,1,53.0,,voiture,,1,2,3,1,6
202200012450,2022-10-12 11:30:00,2022,10,12,11,30,76,76114,COTY RENE (RUE),49.5725479816,0.4711970687,Plein jour,En agglomération,Intersection en X,Normale,Deux véhicules - arrière,3,1,2,0,4,1,1,8,1,50,1,2,0,0,0,2,17.0,,deux_roues,,1,2,2,1,2
202200012451,2022-10-12 12:10:00,2022,10,12,12,10,69,69286,Chemin de la Teyssonnière,45.81364,4.91177,Plein jour,En agglomération,Hors intersection,Normale,Autre collision,4,2,2,0,2,1,1,0,1,50,1,2,1,0,0,1,37.0,,voiture,,1,2,1,1,6
202200012452,2022-10-12 11:00:00,2022,10,12,11,0,69,69264,Boulevard Gambetta,45.99182,4.71503,Plein jour,En agglomération,Hors intersection,Normale,Deux véhicules - côté,4,2,3,0,1,1,1,0,1,50,2,3,2,0,0,1,23.0,55.0,voiture,deux_roues,1,2,1,1,3
202200012453,2022-10-12 14:05:00,2022,10,12,14,5,69,69091,Quai Ethel et Julius Rosenberg,45.58076,4.77882,Plein jour,En agglomération,Intersection en T,Normale,Deux véhicules - côté,7,1,1,2,1,1,1,5,1,50,2,2,1,0,0,1,49.0,59.0,voiture,deux_roues,1,2,3,1,3
202200012454,2022-10-11 10:35:00,2022,10,11,10,35,67,67218,LYON (RTE DE),48.53489,7.72451,Plein jour,En agglomération,Hors intersection,Normale,Deux véhicules - côté,4,2,2,1,1,1,1,0,5,50,2,2,1,0,0,1,55.0,63.0,voiture,deux_roues,1,2,1,1,3
202200012455,2022-10-11 17:00:00,2022,10,11,17,0,67,67482,CLEMENCEAU (BOULEVARD),48.59067,7.74595,Plein jour,En agglomération,Intersection en T,Normale,Deux véhicules - côté,4,3,5,3,1,1,1,0,1,50,2,2,1,0,0,1,19.0,22.0,deux_roues,voiture,1,2,3,1,3
202200012456,2022-10-12 08:10:00,2022,10,12,8,10,64,64483,CHANTACO (AVENUE DE ),43.38613,-1.65302,Crépuscule ou aube,En agglomération,Intersection en X,Temps couvert,Deux véhicules - côté,3,2,2,0,1,1,1,0,1,50,2,2,1,0,0,1,14.0,14.0,deux_roues,voiture,2,2,2,8,3
202200012457,2022-10-12 18:02:00,2022,10,12,18,2,64,64147,ROUTE DE BARDOS,43.46126,-1.329569,Plein jour,En agglomération,Hors intersection,Normale,Autre collision,3,2,1,0,1,2,1,0,1,30,1,4,1,0,1,2,38.0,,utilitaire_camion,,1,2,1,1,6
202200012458,2022-07-31 17:05:00,2022,7,31,17,5,974,97411,GERANIUMS (CHEMIN DES),-20.90152,55.48038,Plein jour,En agglomération,Giratoire,Normale,Deux véhicules - côté,4,2,2,0,2,3,1,0,1,50,2,2,1,0,1,0,58.0,21.0,voiture,deux_roues,1,2,6,1,3
202200012459,2022-07-31 14:00:00,2022,7,31,14,0,973,97302,,4.93614,-52.33357,Plein jour,En agglomération,Intersection en X,Temps éblouissant,Deux véhicules - côté,4,2,2,0,1,1,1,0,1,50,2,2,1,0,1,0,53.0,19.0,voiture,deux_roues,1,2,2,7,3
202200012460,2022-07-31 03:20:00,2022,7,31,3,20,69,69386,Quai Charles de Gaulle,45.7851314467,4.8518325932,Nuit avec éclairage allumé,En agglomération,Autre intersection,Normale,Deux véhicules - arrière,4,2,4,2,1,1,1,0,1,50,2,2,1,0,0,1,22.0,26.0,voiture,voiture,5,2,9,1,2
202200012461,2022-07-30 01:53:00,2022,7,30,1,53,972,97213,ROUTE DEPARTEMENTALE 3,14.62432,-60.988,Nuit sans éclairage public,Hors agglomération,Giratoire,Normale,Sans collision,2,-1,2,0,1,3,1,9,8,70,1,2,0,0,0,2,29.0,,voiture,,3,1,6,1,7
202200012462,2022-07-31 02:25:00,2022,7,31,2,25,972,97209,XAVIER ORVILLE (RUE),14.61134,-61.0722,Nuit avec éclairage allumé,En agglomération,Hors intersection,Normale,Autre collision,3,1,1,0,1,1,1,0,1,50,1,1,0,0,0,1,35.0,,voiture,,5,2,1,1,6
202200012463,2022-07-31 05:34:00,2022,7,31,5,34,2B,2B037,TOUTES RUES,42.59379,9.43907,Crépuscule ou aube,Hors agglomération,Hors intersection,Normale,Deux véhicules - frontale,2,2,4,0,1,1,1,0,1,90,2,4,2,0,0,2,41.0,29.0,voiture,voiture,2,1,1,1,1
202200012464,2022-07-31 18:25:00,2022,7,31,18,25,971,97120,COMMANDANT MORTENOL (RUE DU),16.2387147103,-61.5328037739,Nuit avec éclairage allumé,En agglomération,Hors intersection,Normale,Deux véhicules - arrière,4,1,1,0,1,1,1,0,1,50,2,3,1,0,0,2,17.0,54.0,deux_roues,voiture,5,2,1,1,2
202200012465,2022-07-31 16:50:00,2022,7,31,16,50,2A,2A004,ILES SANGUINAIRES ROUTE DES,41.90937,8.68829,Plein jour,En agglomération,Hors intersection,Normale,Sans collision,3,2,2,0,1,1,1,0,1,50,1,2,0,0,0,2,32.0,,deux_roues,,1,2,1,1,7
202200012466,2022-07-30 11:30:00,2022,7,30,11,30,91,91421,NATIONALE 6 (CES POMPIDOU),48.69106,2.45342,Plein jour,En agglomération,Hors intersection,Normale,Deux véhicules - côté,3,1,2,0,1,1,1,0,1,90,2,3,2,0,0,1,50.0,,deux_roues,voiture,1,2,1,1,3
202200012467,2022-07-30 10:10:00,2022,7,30,10,10,83,83137,MISTRAL (ALLEE / LITTORAL FREDERIC),43.10721,5.93786,Plein jour,En agglomération,Hors intersection,Normale,Deux véhicules - frontale,4,3,2,0,1,3,1,0,1,30,2,3,0,0,0,3,65.0,30.0,voiture,voiture,1,2,1,1,1
202200012468,2022-07-31 18:24:00,2022,7,31,18,24,82,82033,MONTAUBAN D 958 (ROUTE DE),44.03411,1.17439,Plein jour,En agglomération,Hors intersection,Normale,Deux véhicules - arrière,3,2,0,0,1,1,1,0,1,80,2,3,1,0,0,2,25.0,27.0,voiture,voiture,1,2,1,1,2
202200012469,2022-07-31 03:15:00,2022,7,31,3,15,81,81065,JULIEN ( RUE LUDOVIC),43.59213,2.20147,Nuit avec éclairage allumé,En agglomération,Hors intersection,Normale,Autre collision,4,2,2,0,1,3,1,9,4,50,1,2,1,0,0,1,22.0,,voiture,,5,2,1,1,6
202200012470,2022-07-30 22:50:00,2022,7,30,22,50,64,64545,RD810,43.36874,-1.68474,Nuit avec éclairage allumé,En agglomération,Hors intersection,Normale,Deux véhicules - arrière,3,2,2,0,1,1,1,0,1,50,2,2,1,0,0,1,39.0,34.0,utilitaire_camion,utilitaire_camion,5,2,1,1,2
202200012471,2022-07-31 23:15:00,2022,7,31,23,15,64,64122,Avenue de la Marne,43.48242,-1.54445,Nuit avec éclairage allumé,En agglomération,Intersection en X,Normale,Deux véhicules - côté,4,2,1,0,1,1,1,0,1,50,2,2,1,0,0,1,38.0,18.0,deux_roues,voiture,5,2,2,1,3
202200012472,2022-07-31 17:50:00,2022,7,31,17,50,62,62841,MITTERAND ( RUE FRANCOIS ),50.5414,2.60645,Plein jour,En agglomération,Intersection en T,Normale,Deux véhicules - frontale,4,2, -1,0,1,1,1,5,1,50,2,2,1,0,1,0,20.0,40.0,deux_roues,utilitaire_camion,1,2,3,1,1
202200012473,2022-07-31 19:05:00,2022,7,31,19,5,59,59041,MAUBEUGE (RUE DE),50.2130989113,3.8644570112,Plein jour,En agglomération,Hors intersection,Normale,Sans collision,3,2,2,0,2,1,1,0,1,50,2,2,1,0,0,1,73.0,25.0,voiture,deux_roues,1,2,1,1,7
202200012474,2022-07-21 02:30:00,2022,7,21,2,30,57,57606,FOCH (RUE DU MARECHAL),49.1032726598,6.6996807384,Nuit avec éclairage allumé,En agglomération,Hors intersection,Normale,Autre collision,4,2,2,0,1,1,2,0,8,50,1,4,0,0,1,3,20.0,,voiture,,5,2,1,1,6
202200012475,2022-07-31 20:10:00,2022,7,31,20,10,56,56260,N165 sens Nantes/Vannes,47.656334,-2.704376,Plein jour,Hors agglomération,Hors intersection,Normale,Deux véhicules - arrière,2,3,4,0,1,1,1,0,1,110,2,4,3,0,0,1,47.0,62.0,deux_roues,voiture,1,1,1,1,2
202200012476,2022-07-31 22:07:00,2022,7,31,22,7,49,49007,JUIN PLACE ET RUE,47.44922,-0.56708,Nuit avec éclairage allumé,En agglomération,Hors intersection,Normale,Autre collision,4,2,2,0,1,1,1,0,1,30,1,2,1,0,0,1,19.0,,voiture,,5,2,1,1,6
202200012477,2022-07-31 06:12:00,2022,7,31,6,12,49,49007,VILLESICARD RUE ET SQUARE,47.44707,-0.5291,Crépuscule ou aube,En agglomération,Hors intersection,Normale,Autre collision,4,2,2,0,1,1,1,0,1,50,1,2,0,0,0,2,24.0,,voiture,,2,2,1,1,6
202200012478,2022-07-31 23:26:00,2022,7,31,23,26,45,45286,59 Route de Sandillon,47.8849520307,1.9292633235,Nuit avec éclairage allumé,En agglomération,Hors intersection,Normale,Autre collision,3,2,2,0,1,1,1,0,4,50,1,1,0,0,0,1,57.0,,deux_roues,,5,2,1,1,6
202200012479,2022-07-30 11:45:00,2022,7,30,11,45,33,33550,Route de Léognan,44.7682375777,-0.5796307325,Plein jour,En agglomération,Intersection en X,Normale,Deux véhicules - côté,4,2,2,0,1,1,1,5,1,50,2,2,1,0,1,0,75.0,41.0,voiture,deux_roues,1,2,2,1,3
202200012480,2022-07-30 07:43:00,2022,7,30,7,43,29,29039,Rue de Trégunc,47.86231225,-3.88949275,Crépuscule ou aube,Hors agglomération,Giratoire,Normale,Sans collision,3,1,1,0,1,3,1,5,1,50,1,2,0,0,0,2,21.0,,voiture,,2,1,6,1,7
202200012481,2022-07-30 18:40:00,2022,7,30,18,40,27,27375,CHURCHILL (AVENUE WINSTON),49.22842,1.16885,Plein jour,En agglomération,Hors intersection,Normale,Autre collision,4,2,2,0,1,1,1,0,1,50,1,2,0,1,0,1,35.0,,deux_roues,,1,2,1,1,6
202200012482,2022-07-31 08:15:00,2022,7,31,8,15,27,27229,MICHELET (RUE),49.0083797,1.1639936,Plein jour,En agglomération,Hors intersection,Normale,Autre collision,4,2,2,0,1,4,1,0,4,30,1,1,0,0,0,1,60.0,,voiture,,1,2,1,1,6
202200012483,2022-07-31 07:35:00,2022,7,31,7,35,22,22113,MIN COAR (ROUTE DE),48.745079,-3.495379,Plein jour,En agglomération,Autre intersection,Normale,Deux véhicules - frontale,4,2,1,1,2,3,2,0,4,30,2,3,2,1,0,0,19.0,49.0,utilitaire_camion,deux_roues,1,2,9,1,1
202200012484,2022-07-31 03:30:00,2022,7,31,3,30,13,13206,DOCTEUR ESCAT (RUE),43.28346,5.38239,Nuit avec éclairage allumé,En agglomération,Intersection en X,Normale,Deux véhicules - côté,4,1,2,0,2,1,1,0,1,50,2,2,1,0,1,0,25.0,30.0,voiture,deux_roues,5,2,2,1,3
202200012485,2022-07-31 15:36:00,2022,7,31,15,36,12,12145,D991 ( VALLEE DE LA DOURBIE ),44.1201,3.18492,Plein jour,Hors agglomération,Hors intersection,Normale,Autre collision,3,2,2,0,1,3,1,0,3,90,1,2,0,2,0,0,50.0,,deux_roues,,1,1,1,1,6
202200012486,2022-07-31 03:00:00,2022,7,31,3,0,10,10081,Avenue du Président René Coty,48.32081,4.03488,Nuit avec éclairage allumé,En agglomération,Intersection en T,Normale,Autre collision,3,2,4,0,1,1,1,0,4,50,1,3,0,0,0,3,19.0,,voiture,,5,2,3,1,6
202200012487,2022-07-12 22:15:00,2022,7,12,22,15,04,04112,MIRABEAU (BD.),43.83356,5.7857,Nuit avec éclairage allumé,En agglomération,Hors intersection,Normale,Deux véhicules - côté,4,1,3,1,1,1,1,0,1,30,2,2,1,0,0,1,22.0,27.0,voiture,deux_roues,5,2,1,1,3
202200012488,2022-07-30 10:35:00,2022,7,30,10,35,01,01289,,46.16483,5.2207,Plein jour,Hors agglomération,Intersection en X,Normale,Deux véhicules - côté,3,2,2,0,1,1,1,0,1,50,2,4,0,0,1,3,31.0,44.0,voiture,voiture,1,1,2,1,3
202200012489,2022-07-30 23:45:00,2022,7,30,23,45,75,75120,PORTE DE BAGNOLET,48.861712,2.413697,Nuit avec éclairage allumé,En agglomération,Hors intersection,Normale,Deux véhicules - arrière,4,1,4,3,1,1,1,0,1,70,2,2,1,0,0,1,29.0,,voiture,utilitaire_camion,5,2,1,1,2
202200012490,2022-07-31 06:45:00,2022,7,31,6,45,75,75118,AVENUE DE CLICHY,48.885843,2.326387,Plein jour,En agglomération,Intersection en X,Normale,Deux véhicules - arrière,4,2,3,0,1,1,1,0,1,30,2,2,1,0,0,1,33.0,26.0,deux_roues,voiture,1,2,2,1,2
202200012491,2022-07-31 11:55:00,2022,7,31,11,55,75,75113,RUE PAULIN ENFERT,48.819222,2.36207,Plein jour,En agglomération,Intersection en X,Normale,Autre collision,4,1,1,0,1,1,1,0,1,30,1,2,1,0,0,1,33.0,,voiture,,1,2,2,1,6