accident_id,datetime,annee,mois,jour,heure,minute,departement,commune_insee,adresse,latitude,longitude,luminosite,agglomeration,intersection,meteo,collision,catr,circ,nbv,vosp,prof,plan,surf,infra,situ,vma,nb_vehicules,nb_usagers,nb_indemnes,nb_tues,nb_blesses_hosp,nb_blesses_legers,age_cond_1,age_cond_2,veh_type_cond_1,veh_type_cond_2,lum_code,agg_code,int_code,atm_code,col_code
202200012678,2022-11-16 08:15:00,2022,11,16,8,15,80,80001,ARISTIDE BRIAND,50.10989,1.84305,Plein jour,En agglomération,Hors intersection,Pluie légère,Sans collision,4,2,2,0,2,1,2,0,1,50,1,2,1,0,1,0,37.0,,deux_roues,,1,2,1,2,7
202200012679,2022-07-30 21:10:00,2022,7,30,21,10,51,51454,rue Pierre Maître,49.26296,4.00355,Plein jour,En agglomération,Intersection en Y,Normale,Sans collision,3,2,2,0,1,2,1,0,1,50,1,2,0,0,0,2,29.0,,deux_roues,,1,2,4,1,7
202200012680,2022-11-14 12:00:00,2022,11,14,12,0,78,78327,AVENUE DE PARIS,48.98837,1.82696,Plein jour,En agglomération,Hors intersection,Normale,Deux véhicules - côté,3,2,2,1,2,1,1,9,8,50,2,2,1,1,0,0,63.0,42.0,utilitaire_camion,deux_roues,1,2,1,1,3
202200012681,2022-07-30 22:19:00,2022,7,30,22,19,49,49007,FOCH BOULEVARD,47.46913,-0.54962,Nuit avec éclairage allumé,En agglomération,Hors intersection,Normale,Sans collision,4,3,4,0,1,1,1,0,1,30,1,1,0,0,1,0,17.0,,deux_roues,,5,2,1,1,7
202200012682,2022-07-30 16:30:00,2022,7,30,16,30,49,49246,BELLE POULE LEVEE,47.4199767871,-0.4870462418,Plein jour,En agglomération,Hors intersection,Normale,Autre collision,4,2,2,0,1,1,1,0,1,70,1,1,0,0,1,0,77.0,,voiture,,1,2,1,1,6
202200012683,2022-07-30 01:03:00,2022,7,30,1,3,37,37233,DUCLOS (AVENUE JACQUES),47.38113,0.74474,Nuit sans éclairage public,Hors agglomération,Hors intersection,Normale,Autre collision,4,2,2,0,1,1,1,8,1,30,1,1,0,0,0,1,27.0,,voiture,,3,1,1,1,6
202200012684,2022-11-17 11:05:00,2022,11,17,11,5,77,77108,D34,48.8828,2.60074,Plein jour,En agglomération,Hors intersection,Pluie légère,Deux véhicules - côté,3,2,2,0,1,1,2,0,1,50,2,2,1,1,0,0,59.0,30.0,utilitaire_camion,deux_roues,1,2,1,2,3
202200012685,2022-07-30 19:00:00,2022,7,30,19,0,35,35238,Allée Victor Grignard,48.12,-1.63217,Plein jour,En agglomération,Hors intersection,Temps éblouissant,Autre collision,4,2,2,0,2,1,1,0,1,50,1,2,0,0,0,2,69.0,,voiture,,1,2,1,7,6
202200012686,2022-07-30 14:00:00,2022,7,30,14,0,35,35238,VILLEBOIS MAREUIL (BD),48.1074738741,-1.6512195021,Plein jour,En agglomération,Hors intersection,Normale,Autre collision,4,2,2,0,1,2,1,0,1,50,1,1,0,0,0,1,83.0,,voiture,,1,2,1,1,6
202200012687,2022-11-17 12:15:00,2022,11,17,12,15,77,77307,D231,48.8527222517,2.7619026371,Plein jour,En agglomération,Hors intersection,Pluie légère,Deux véhicules - arrière,3,3,2,0,1,1,2,0,1,70,2,3,1,0,0,2,25.0,32.0,transport_commun,voiture,1,2,1,2,2
202200012688,2022-07-30 20:00:00,2022,7,30,20,0,34,34172,PEDRO DE LUNA (BOULEVARD),43.59512,3.86958,Plein jour,En agglomération,Hors intersection,Normale,Deux véhicules - frontale,4,2,2,0,1,1,1,0,1,50,2,2,1,0,1,0,37.0,32.0,voiture,deux_roues,1,2,1,1,1
202200012689,2022-11-17 19:45:00,2022,11,17,19,45,76,76540,Quai Pierre Corneille,49.43788,1.09352,Nuit avec éclairage allumé,En agglomération,Intersection en T,Normale,Deux véhicules - côté,7,1,4,3,1,1,1,-1,6,50,2,3,1,0,2,0,21.0,41.0,voiture,deux_roues,5,2,3,1,3
202200012690,2022-07-29 23:30:00,2022,7,29,23,30,34,34198,Avenue Georges Freche,43.57477,3.94165,Nuit avec éclairage allumé,En agglomération,Hors intersection,Normale,Trois véhicules et plus - en chaîne,4,1,2,0,1,1,1,0,1,70,3,6,4,0,0,2,22.0,48.0,voiture,voiture,5,2,1,1,4
202200012691,2022-11-17 18:00:00,2022,11,17,18,0,76,76165,Rue aux Saulniers,49.28643,1.03737,Nuit avec éclairage allumé,En agglomération,Intersection en T,Normale,Sans collision,4,2,2,0,1,2,1,0,1,50,1,1,0,0,0,1,17.0,,deux_roues,,5,2,3,1,7
202200012692,2022-11-16 17:40:00,2022,11,16,17,40,71,71475,RENE MUGNIER (RUE),46.76,4.84,Nuit avec éclairage allumé,En agglomération,Hors intersection,Normale,Autre collision,4,2,2,0,1,1,1,0,1,50,2,2,1,0,0,1,46.0,79.0,deux_roues,voiture,5,2,1,1,6
202200012693,2022-07-30 17:00:00,2022,7,30,17,0,33,33063,Rue des Bleuets,44.85684,-0.63667,Plein jour,En agglomération,Intersection en T,Normale,Deux véhicules - côté,4,2,2,2,1,1,1,0,1,50,2,5,3,0,0,2,21.0,61.0,voiture,voiture,1,2,3,1,3
202200012694,2022-11-17 18:45:00,2022,11,17,18,45,69,69266,Cours Emile Zola,45.7687264905,4.883873463,Nuit avec éclairage allumé,En agglomération,Hors intersection,Pluie légère,Autre collision,4,2,2,0,1,1,2,0,1,50,1,2,1,0,0,1,39.0,,voiture,,5,2,1,2,6
202200012695,2022-07-30 10:30:00,2022,7,30,10,30,30,30028,,44.161,4.62622,Plein jour,En agglomération,Hors intersection,Normale,Deux véhicules - côté,4,2,3,0,1,1,1,0,1,50,2,3,2,0,0,1,62.0,64.0,deux_roues,voiture,1,2,1,1,3
202200012696,2022-11-17 18:50:00,2022,11,17,18,50,69,69290,Rue du Dauphiné,45.70819,4.92918,Nuit avec éclairage allumé,En agglomération,Hors intersection,Pluie légère,Autre collision,4,2,2,2,2,2,2,0,1,50,1,1,0,0,0,1,21.0,,voiture,,5,2,1,2,6
202200012697,2022-11-17 17:35:00,2022,11,17,17,35,69,69259,17 Rue Albert Einstein,45.6983891519,4.8770526052,Nuit avec éclairage non allumé,En agglomération,Hors intersection,Pluie forte,Autre collision,4,2,2,0,3,1,2,0,1,50,1,2,1,0,1,0,21.0,,voiture,,4,2,1,3,6
202200012698,2022-07-30 13:50:00,2022,7,30,13,50,29,29019,rue Kergorju,48.39299,-4.479251,Plein jour,En agglomération,Giratoire,Normale,Deux véhicules - frontale,4,-1,1,0,2,1,1,5,4,50,2,4,1,0,0,3,41.0,31.0,voiture,voiture,1,2,6,1,1
202200012699,2022-11-17 17:50:00,2022,11,17,17,50,69,69091,Rue Victor Hugo,45.58941,4.77092,Nuit avec éclairage allumé,En agglomération,Autre intersection,Pluie légère,Autre collision,7,2,2,0,1,2,2,9,1,50,1,2,1,0,0,1,35.0,,voiture,,5,2,9,2,6
202200012700,2022-07-30 08:40:00,2022,7,30,8,40,29,29019,avenue Victor Le Gorgeu,48.402864,-4.503692,Plein jour,En agglomération,Giratoire,Normale,Autre collision,4,3,4,0,1,3,1,0,1,50,1,2,0,0,0,2,20.0,,voiture,,1,2,6,1,6
202200012701,2022-11-16 18:15:00,2022,11,16,18,15,67,67482,ROMAINS (ROUTE DES),48.57873,7.71081,Nuit avec éclairage allumé,En agglomération,Hors intersection,Normale,Autre collision,4,2,4,2,1,1,1,0,1,50,1,2,1,0,0,1,41.0,,voiture,,5,2,1,1,6
202200012702,2022-07-31 00:37:00,2022,7,31,0,37,17,17300,CHURCHILL   BOULEVARD WINSTON,46.15383,-1.18042,Nuit avec éclairage allumé,En agglomération,Hors intersection,Normale,Autre collision,4,2,2,0,1,1,1,0,1,30,1,2,1,0,1,0,55.0,,deux_roues,,5,2,1,1,6
202200012703,2022-11-14 18:30:00,2022,11,14,18,30,66,66136,,42.673572,2.889081,Nuit avec éclairage allumé,Hors agglomération,Giratoire,Normale,Deux véhicules - arrière,3,3,4,0,1,1,1,0,1,50,2,2,1,0,0,1,34.0,40.0,voiture,voiture,5,1,6,1,2
202200012704,2022-07-30 18:45:00,2022,7,30,18,45,13,13071,FRAISES PROLONGE (CHEMIN DES),43.4009532335,5.3428175508,Plein jour,En agglomération,Hors intersection,Normale,Deux véhicules - arrière,4,2,2,0,2,1,1,0,3,50,2,2,1,0,0,1,37.0,29.0,utilitaire_camion,deux_roues,1,2,1,1,2
202200012705,2022-11-17 16:05:00,2022,11,17,16,5,64,64132,COMMANDANT RENE MOUCHOTTE DU,43.30425,-0.32077,Plein jour,En agglomération,Autre intersection,Pluie légère,Autre collision,4,-1,0,0,1,1,2,9,8,10,1,2,1,0,0,1,78.0,,voiture,,1,2,9,2,6
202200012706,2022-07-30 20:30:00,2022,7,30,20,30,13,13206,LOUIS SALVATOR (BOULEVARD),43.29082,5.3816,Plein jour,En agglomération,Hors intersection,Normale,Deux véhicules - frontale,4,2,0,3,2,1,1,0,6,50,1,2,1,0,0,1,29.0,,transport_commun,,1,2,1,1,1
202200012707,2022-11-17 07:50:00,2022,11,17,7,50,64,64445,MIDI DU,43.3093524438,-0.3745865822,Plein jour,En agglomération,Intersection en X,Pluie légère,Deux véhicules - côté,4,2,2,0,1,1,2,0,1,30,2,2,1,0,0,1,26.0,39.0,voiture,voiture,1,2,2,2,3
202200012708,2022-07-30 17:15:00,2022,7,30,17,15,13,13205,JEANNE D'ARC (BOULEVARD),43.29315,5.40486,Plein jour,Hors agglomération,Hors intersection,Normale,Deux véhicules - frontale,4,-1,2,0,1,2,1,0,1,50,1,3,2,0,0,1,88.0,,voiture,,1,1,1,1,1
202200012709,2022-07-30 18:55:00,2022,7,30,18,55,09,09225,GARE BOULEVARD DE LA,43.117432,1.618506,Plein jour,En agglomération,Autre intersection,Normale,Autre collision,4,-1, -1,0,1,1,1,0,1,10,1,1,0,0,0,1,40.0,,deux_roues,,1,2,9,1,6
202200012710,2022-11-16 09:30:00,2022,11,16,9,30,64,64445,boulevard de l'Oussère,43.32809,-0.36179,Plein jour,En agglomération,Hors intersection,Temps éblouissant,Deux véhicules - arrière,4,1,1,2,1,1,2,0,1,50,2,2,1,0,0,1,68.0,80.0,transport_commun,voiture,1,2,1,7,2
202200012711,2022-11-16 21:10:00,2022,11,16,21,10,64,64102,Chemin de Frais,43.48053,-1.45778,Nuit avec éclairage allumé,En agglomération,Hors intersection,Normale,Deux véhicules - côté,4,2, -1,0,2,1,1,0,1,50,2,2,1,0,0,1,46.0,60.0,voiture,voiture,5,2,1,1,3
202200012712,2022-07-25 07:50:00,2022,7,25,7,50,07,07186,,44.71978,4.60224,Plein jour,En agglomération,Giratoire,Normale,Deux véhicules - côté,3,2,2,0,1,2,1,5,1,50,2,2,1,0,1,0,41.0,52.0,voiture,deux_roues,1,2,6,1,3
202200012713,2022-11-12 18:10:00,2022,11,12,18,10,62,62617,D937,50.471832,2.669149,Nuit avec éclairage allumé,En agglomération,Giratoire,Brouillard / fumée,Deux véhicules - côté,3,3,2,0,1,1,2,0,1,50,2,3,0,0,0,3,14.0,23.0,deux_roues,deux_roues,5,2,6,5,3
202200012714,2022-07-30 09:02:00,2022,7,30,9,2,06,06088,ARSON (RUE),43.70245,7.28781,Plein jour,En agglomération,Intersection en X,Normale,Deux véhicules - côté,4,1,1,0,1,1,1,0,1,50,2,2,1,0,1,0,23.0,48.0,deux_roues,voiture,1,2,2,1,3
202200012715,2022-11-16 13:00:00,2022,11,16,13,0,62,62628,Rue Victor Hugo,50.425963,2.874126,Plein jour,En agglomération,Hors intersection,Normale,Autre collision,4,-1,0,0,1,1,1,0,1,30,1,3,1,0,2,0,51.0,,voiture,,1,2,1,1,6
202200012716,2022-07-29 16:30:00,2022,7,29,16,30,06,06088,RAYNAUD (BD AUGUSTE),43.71374,7.25861,Plein jour,En agglomération,Hors intersection,Normale,Trois véhicules et plus - collisions multiples,4,2,3,0,2,1,1,0,1,50,3,3,1,0,2,0,48.0,54.0,voiture,deux_roues,1,2,1,1,5
202200012717,2022-07-30 08:20:00,2022,7,30,8,20,06,06069,BARTHOU (BOULEVARD ET ESCALIER LOUIS),43.66272,6.92214,Plein jour,Hors agglomération,Hors intersection,Normale,Sans collision,4,3,2,0,2,3,1,0,1,50,1,1,0,0,0,1,32.0,,deux_roues,,1,1,1,1,7
202200012718,2022-09-18 13:25:00,2022,9,18,13,25,62,62041,CHANZY,50.288446,2.780686,Plein jour,En agglomération,Intersection en X,Normale,Deux véhicules - côté,4,2,2,0,1,1,1,0,1,50,2,2,1,0,0,1,28.0,65.0,deux_roues,voiture,1,2,2,1,3
202200012719,2022-07-29 19:35:00,2022,7,29,19,35,75,75115,PORTE DE LA PLAINE,48.830082,2.286417,Plein jour,En agglomération,Hors intersection,Normale,Trois véhicules et plus - collisions multiples,4,1,3,0,1,1,1,0,1,70,3,3,2,0,0,1,,57.0,voiture,voiture,1,2,1,1,5
202200012720,2022-11-16 07:40:00,2022,11,16,7,40,62,62263,D265,50.277143,2.72614,Plein jour,En agglomération,Autre intersection,Pluie légère,Trois véhicules et plus - en chaîne,3,-1,2,0,1,1,2,9,1,50,3,4,2,0,0,2,54.0,24.0,voiture,voiture,1,2,9,2,4
202200012721,2022-11-17 18:20:00,2022,11,17,18,20,61,61077,L'INDUSTRIE 'RUE DE),48.44534,0.11228,Nuit sans éclairage public,Hors agglomération,Autre intersection,Pluie légère,Autre collision,6,-1,0,0,1,3,2,9,1,50,1,3,1,0,0,2,23.0,,voiture,,3,1,9,2,6
202200012722,2022-07-30 11:30:00,2022,7,30,11,30,75,75105,RUE BUFFON,48.843177,2.364151,Plein jour,En agglomération,Intersection en Y,Normale,Deux véhicules - côté,4,1,1,1,1,1,1,0,5,30,2,2,1,0,0,1,62.0,77.0,deux_roues,deux_roues,1,2,4,1,3
202200012723,2022-11-16 12:00:00,2022,11,16,12,0,60,60414,Avenue Guy Moquet,49.2559,2.42844,Plein jour,En agglomération,Hors intersection,Pluie légère,Autre collision,4,2,2,0,1,1,2,0,1,50,1,2,1,0,0,1,53.0,,voiture,,1,2,1,2,6
202200012724,2022-11-17 19:15:00,2022,11,17,19,15,59,59195,LIGNE 77 AUTOBUS,50.62763,2.96068,Nuit avec éclairage allumé,Hors agglomération,Hors intersection,Pluie légère,Trois véhicules et plus - collisions multiples,7,2,2,0,1,1,2,2,1,50,3,3,2,0,0,1,24.0,55.0,transport_commun,voiture,5,1,1,2,5
202200012725,2022-07-30 15:40:00,2022,7,30,15,40,75,75119,AVENUE CORENTIN CARIOU,48.897649,2.38548,Plein jour,En agglomération,Intersection en T,Normale,Deux véhicules - côté,4,2,4,0,1,1,1,0,5,30,2,3,2,0,0,1,53.0,39.0,deux_roues,voiture,1,2,3,1,3
202200012726,2022-11-16 20:00:00,2022,11,16,20,0,59,59350,LAVOISIER RUE,50.64431,3.00754,Nuit avec éclairage allumé,En agglomération,Hors intersection,Pluie forte,Deux véhicules - frontale,4,2,2,1,1,1,2,0,1,50,2,2,0,0,0,2,47.0,56.0,voiture,voiture,5,2,1,3,1
202200012727,2022-07-30 19:35:00,2022,7,30,19,35,75,75118,BOULEVARD NEY,48.897727,2.329028,Crépuscule ou aube,En agglomération,Intersection en X,Normale,Deux véhicules - côté,4,3,3,0,1,1,1,0,1,30,2,2,1,0,0,1,42.0,31.0,voiture,deux_roues,2,2,2,1,3
202200012728,2022-11-17 11:05:00,2022,11,17,11,5,57,57463,ALLIES (RUE DES),49.1301,6.1651,Plein jour,En agglomération,Hors intersection,Pluie légère,Sans collision,4,1,3,0,1,1,2,0,1,50,1,1,0,0,1,0,83.0,,voiture,,1,2,1,2,7
202200012729,2022-07-27 16:30:00,2022,7,27,16,30,75,75117,AVENUE DE LA PORTE DE SAINT OUEN,48.89773,2.329026,Plein jour,En agglomération,Intersection en X,Normale,Deux véhicules - côté,4,2,2,0,1,1,1,0,1,30,2,2,1,0,0,1,32.0,75.0,deux_roues,voiture,1,2,2,1,3
202200012730,2022-11-15 22:25:00,2022,11,15,22,25,54,54547,GEMBLOUX (RUE DE),48.66175,6.17806,Nuit avec éclairage allumé,En agglomération,Intersection en T,Pluie forte,Autre collision,4,2, -1,1,1,1,2,-1,6,30,1,2,1,0,0,1,,,voiture,,5,2,3,3,6
202200012731,2022-07-30 20:05:00,2022,7,30,20,5,75,75113,BOULEVARD DE L HOPITAL,48.835866,2.358774,Plein jour,En agglomération,Intersection en T,Normale,Deux véhicules - arrière,4,2,4,3,2,1,1,0,1,30,2,2,1,0,0,1,87.0,29.0,voiture,deux_roues,1,2,3,1,2
202200012732,2022-11-17 13:33:00,2022,11,17,13,33,51,51454,boulevard Franchet d'Esperey,49.24209,4.01355,Plein jour,En agglomération,Intersection en Y,Normale,Deux véhicules - arrière,4,1,2,1,1,3,2,5,1,50,2,3,2,0,0,1,27.0,80.0,utilitaire_camion,voiture,1,2,4,1,2
202200012733,2022-11-17 07:23:00,2022,11,17,7,23,51,51454,avenue de Champagne,49.22035,4.02155,Nuit avec éclairage allumé,En agglomération,Hors intersection,Pluie légère,Deux véhicules - côté,3,1,2,0,1,1,2,9,1,50,2,2,1,0,0,1,23.0,44.0,deux_roues,voiture,5,2,1,2,3
202200012734,2022-11-16 17:35:00,2022,11,16,17,35,51,51454,rue de Venise,49.24755,4.03372,Crépuscule ou aube,En agglomération,Intersection en X,Pluie légère,Deux véhicules - côté,4,2, -1,2,1,1,2,0,1,50,2,2,1,0,0,1,40.0,24.0,deux_roues,voiture,2,2,2,2,3
202200012735,2022-07-30 01:22:00,2022,7,30,1,22,75,75112,AVENUE LEDRU ROLLIN,48.845841,2.367637,Nuit avec éclairage allumé,En agglomération,Intersection en X,Normale,Trois véhicules et plus - en chaîne,4,1,2,0,1,1,1,0,1,30,3,3,2,0,0,1,24.0,26.0,voiture,voiture,5,2,2,1,4
202200012736,2022-11-15 19:20:00,2022,11,15,19,20,50,50129,THIVET ( avenue du ),49.63536,-1.66538,Nuit avec éclairage allumé,En agglomération,Hors intersection,Pluie légère,Sans collision,3,2,2,0,1,3,2,0,8,50,1,1,0,0,0,1,27.0,,voiture,,5,2,1,2,7
202200012737,2022-07-29 23:20:00,2022,7,29,23,20,75,75107,QUAI D ORSAY,48.862466,2.305419,Nuit avec éclairage allumé,En agglomération,Intersection en T,Normale,Sans collision,4,2,2,0,1,1,1,0,1,30,1,2,0,0,0,2,17.0,,deux_roues,,5,2,3,1,7
202200012738,2022-11-16 17:31:00,2022,11,16,17,31,49,49007,Boulevard de la Marianne,47.45115,-0.52723,Nuit avec éclairage allumé,En agglomération,Hors intersection,Pluie légère,Autre collision,4,2,2,0,1,1,2,0,1,50,1,2,1,0,0,1,64.0,,voiture,,5,2,1,2,6
202200012739,2022-11-16 20:56:00,2022,11,16,20,56,49,49007,PROUDHON,47.46046,-0.60465,Nuit avec éclairage allumé,En agglomération,Hors intersection,Pluie légère,Sans collision,4,2,2,0,1,1,2,0,1,50,1,1,0,0,0,1,21.0,,deux_roues,,5,2,1,2,7
202200012740,2022-11-16 14:58:00,2022,11,16,14,58,45,45075,D2152 PR 63+945,47.893668,1.849645,Plein jour,En agglomération,Giratoire,Normale,Trois véhicules et plus - en chaîne,3,3,2,0,1,1,1,0,1,50,3,3,1,0,0,1,22.0,29.0,voiture,voiture,1,2,6,1,4
202200012741,2022-07-30 15:35:00,2022,7,30,15,35,94,94078,MELUN (AV DE),48.72374,2.44442,Plein jour,En agglomération,Autre intersection,Normale,Deux véhicules - arrière,2,3,4,0,2,1,1,0,1,50,2,5,4,0,0,1,40.0,47.0,voiture,voiture,1,2,9,1,2
202200012742,2022-11-17 17:00:00,2022,11,17,17,0,35,35238,VILLEBOIS MAREUIL (BD),48.10514,-1.65039,Plein jour,En agglomération,Intersection en X,Normale,Deux véhicules - côté,4,2,2,1,1,1,1,0,1,50,2,2,1,0,0,1,30.0,34.0,voiture,deux_roues,1,2,2,1,3
202200012743,2022-07-30 21:45:00,2022,7,30,21,45,93,93078,46 Avenue Emile Dambel,48.95445,2.54829,Nuit avec éclairage allumé,En agglomération,Hors intersection,Normale,Autre collision,4,2,2,0,1,1,1,0,1,30,2,4,1,0,0,2,,50.0,autre,voiture,5,2,1,1,6
202200012744,2022-11-17 11:25:00,2022,11,17,11,25,35,35238,ROOSEVELT (BD FRANKLIN),48.0972,-1.6579,Plein jour,En agglomération,Intersection à plus de 4 branches,Normale,Deux véhicules - côté,4,2,2,2,2,1,1,0,1,50,2,2,1,0,0,1,30.0,84.0,deux_roues,voiture,1,2,5,1,3
202200012745,2022-07-29 22:26:00,2022,7,29,22,26,93,93078,Avenue du Général Leclerc / Avenue Infroit,48.94872,2.56068,Nuit avec éclairage allumé,En agglomération,Intersection en X,Normale,Deux véhicules - côté,4,2,2,0,1,1,1,0,1,50,2,2,1,0,1,0,32.0,27.0,voiture,deux_roues,5,2,2,1,3
202200012746,2022-07-30 13:00:00,2022,7,30,13,0,93,93077,Rue d'Avron,48.8818,2.50686,Plein jour,En agglomération,Hors intersection,Normale,Deux véhicules - frontale,4,2,2,0,2,1,1,0,1,30,2,2,1,0,1,0,40.0,36.0,utilitaire_camion,deux_roues,1,2,1,1,1
202200012747,2022-07-30 07:54:00,2022,7,30,7,54,93,93008,Av du President Salvador Allende,48.9029457495,2.4454911947,Plein jour,En agglomération,Hors intersection,Normale,Deux véhicules - côté,3,3,4,2,1,1,1,0,1,50,2,2,1,0,0,1,59.0,49.0,voiture,voiture,1,2,1,1,3
202200012748,2022-07-30 20:45:00,2022,7,30,20,45,93,93010,Avenue Pasteur,48.9043517248,2.4849287867,Plein jour,En agglomération,Hors intersection,Normale,Autre collision,4,2,2,0,1,1,1,0,1,30,1,2,1,0,0,1,20.0,,deux_roues,,1,2,1,1,6
202200012749,2022-11-16 22:45:00,2022,11,16,22,45,33,33550,Rue de Chambery,44.76378,-0.56324,Nuit avec éclairage allumé,En agglomération,Hors intersection,Normale,Deux véhicules - frontale,4,2,2,0,1,1,2,0,1,50,2,6,4,0,0,2,,66.0,voiture,voiture,5,2,1,1,1
202200012750,2022-07-30 10:07:00,2022,7,30,10,7,93,93008,Avenue Paul Vaillant - Couturier,48.90879,2.45041,Plein jour,En agglomération,Giratoire,Normale,Autre collision,3,4,0,0,1,1,1,0,1,50,1,2,1,0,0,1,53.0,,voiture,,1,2,6,1,6
202200012751,2022-07-30 16:10:00,2022,7,30,16,10,93,93007,Avenue Charles Floquet / Rue Pégoud,48.94052,2.4493,Plein jour,En agglomération,Intersection en X,Normale,Deux véhicules - côté,4,2,2,0,1,1,1,0,1,50,2,2,1,0,0,1,72.0,74.0,deux_roues,voiture,1,2,2,1,3
202200012752,2022-07-30 07:00:00,2022,7,30,7,0,92,92072,MIDRIN (RUE PIERRE),48.8226337593,2.2118497342,Plein jour,En agglomération,Autre intersection,Normale,Autre collision,4,1,1,0,2,2,1,0,1,50,1,1,0,0,0,1,25.0,,deux_roues,,1,2,9,1,6
202200012753,2022-11-16 11:30:00,2022,11,16,11,30,33,33063,Quai des Chartrons,44.85551,-0.56351,Plein jour,En agglomération,Intersection en T,Normale,Autre collision,4,3,6,3,1,1,1,5,1,50,1,2,1,0,0,1,59.0,,utilitaire_camion,,1,2,3,1,6
202200012754,2022-07-30 13:50:00,2022,7,30,13,50,92,92051,MAURICE BARRES (BOULEVARD),48.8797420178,2.2640231252,Plein jour,En agglomération,Hors intersection,Normale,Deux véhicules - côté,4,2,2,0,1,1,1,0,1,50,2,3,1,0,0,2,34.0,19.0,voiture,deux_roues,1,2,1,1,3
202200012755,2022-11-17 11:25:00,2022,11,17,11,25,31,31483,ROUTE DE LA SERRE DE CAZAUX,43.14173,0.73572,Plein jour,Hors agglomération,Hors intersection,Normale,Sans collision,3,2,0,0,2,2,2,0,3,70,1,1,0,0,0,1,18.0,,voiture,,1,1,1,1,7
202200012756,2022-07-30 23:43:00,2022,7,30,23,43,80,80129,Bouzincourt,50.016288,2.619123,Nuit sans éclairage public,Hors agglomération,Hors intersection,Normale,Sans collision,3,2,2,0,1,1,1,0,8,80,1,3,2,0,1,0,20.0,,voiture,,3,1,1,1,7
202200012757,2022-07-31 05:22:00,2022,7,31,5,22,71,71222,D980,46.631654,4.466028,Crépuscule ou aube,Hors agglomération,Hors intersection,Normale,Autre collision,3,2,2,0,2,1,1,0,1,80,1,1,0,0,1,0,41.0,,deux_roues,,2,1,1,1,6
202200012758,2022-11-16 16:15:00,2022,11,16,16,15,31,31483,D 9  ROUTE DE LA SERRE DE NEROUS,43.12305,0.71112,Plein jour,Hors agglomération,Hors intersection,Normale,Sans collision,3,2,2,0,2,1,1,0,1,80,2,2,1,0,0,1,58.0,13.0,utilitaire_camion,deux_roues,1,1,1,1,7
202200012759,2022-07-30 23:00:00,2022,7,30,23,0,62,62057,D224,50.8894270265,2.1185569836,Nuit sans éclairage public,Hors agglomération,Hors intersection,Normale,Deux véhicules - arrière,3,2,2,0,1,1,1,0,1,70,2,2,0,0,0,2,23.0,16.0,deux_roues,deux_roues,3,1,1,1,2
202200012760,2022-07-29 10:20:00,2022,7,29,10,20,11,11098,,43.187202,2.732892,Plein jour,Hors agglomération,Hors intersection,Normale,Deux véhicules - frontale,4,2,2,0,1,1,1,0,1,50,2,2,0,0,1,1,83.0,46.0,voiture,voiture,1,1,1,1,1
202200012761,2022-05-30 22:30:00,2022,5,30,22,30,30,30008,DÉPARTEMENTALE 7,44.187713,4.235959,Nuit sans éclairage public,Hors agglomération,Hors intersection,Normale,Autre collision,3,2,2,0,1,2,1,0,3,80,1,2,0,0,1,1,51.0,,voiture,,3,1,1,1,6
202200012762,2022-07-29 18:20:00,2022,7,29,18,20,84,84056,Chemin des Plumes,44.137916,4.932497,Plein jour,Hors agglomération,Intersection en X,Normale,Deux véhicules - côté,4,2,1,0,1,1,1,0,1,80,2,2,0,0,0,2,32.0,42.0,voiture,voiture,1,1,2,1,3
202200012763,2022-07-31 15:00:00,2022,7,31,15,0,35,35014,Route communale 2,48.018363,-1.29084,Plein jour,Hors agglomération,Hors intersection,Normale,Autre collision,4,2,2,0,1,1,1,0,1,80,1,1,0,0,1,0,22.0,,voiture,,1,1,1,1,6
202200012764,2022-05-31 17:15:00,2022,5,31,17,15,48,48140,Boulevard Guerin d Apcher,44.798704,3.275476,Plein jour,En agglomération,Hors intersection,Normale,Autre collision,3,2,2,0,1,1,1,0,1,50,1,4,3,0,0,1,36.0,,voiture,,1,2,1,1,6
202200012765,2022-07-30 23:50:00,2022,7,30,23,50,26,26010,Route du Creux de la Thine,45.26837,4.852138,Nuit sans éclairage public,Hors agglomération,Hors intersection,Normale,Sans collision,3,2,2,0,1,1,2,0,1,80,1,1,0,0,1,0,23.0,,deux_roues,,3,1,1,1,7
202200012766,2022-11-16 17:35:00,2022,11,16,17,35,27,27681,MARCHE AUX CHEVAUX (C. DU),49.09245,1.48834,Nuit avec éclairage allumé,En agglomération,Intersection en X,Pluie forte,Autre collision,3,2,2,0,1,1,2,8,1,50,1,2,1,0,0,1,66.0,,voiture,,5,2,2,3,6
202200012767,2022-07-30 16:30:00,2022,7,30,16,30,974,97413,17 Bd de la Compagnie des Indes,-21.168515,55.285494,Plein jour,En agglomération,Hors intersection,Normale,Autre collision,9,-1,1,0,1,1,1,0,8,-1,1,2,1,0,0,1,60.0,,utilitaire_camion,,1,2,1,1,6
202200012768,2022-05-30 16:15:00,2022,5,30,16,15,978,97801,53 RTE DE MILLRUM - RN7,18.098988,-63.046031,Plein jour,Hors agglomération,Hors intersection,Normale,Trois véhicules et plus - collisions multiples,2,2,2,0,1,1,1,0,1,70,3,3,2,1,0,0,29.0,47.0,deux_roues,voiture,1,1,1,1,5