accident_id,datetime,annee,mois,jour,heure,minute,departement,commune_insee,adresse,latitude,longitude,luminosite,agglomeration,intersection,meteo,collision,catr,circ,nbv,vosp,prof,plan,surf,infra,situ,vma,nb_vehicules,nb_usagers,nb_indemnes,nb_tues,nb_blesses_hosp,nb_blesses_legers,age_cond_1,age_cond_2,veh_type_cond_1,veh_type_cond_2,lum_code,agg_code,int_code,atm_code,col_code
202200013041,2022-12-23 19:50:00,2022,12,23,19,50,69,69199,Boulevard Yves Farge,45.69316,4.86007,Nuit avec éclairage allumé,En agglomération,Hors intersection,Pluie légère,Deux véhicules - côté,7,2,2,2,1,1,2,0,1,50,2,2,1,0,0,1,40.0,51.0,deux_roues,voiture,5,2,1,2,3
202200013042,2022-05-30 12:40:00,2022,5,30,12,40,75,75109,BOULEVARD DE ROCHECHOUART,48.8834220738,2.3478308046,Plein jour,En agglomération,Hors intersection,Normale,Autre collision,4,3,2,1,2,1,1,-1,5,30,2,2,1,0,0,1,54.0,,deux_roues,voiture,1,2,1,1,6
202200013043,2022-03-15 08:50:00,2022,3,15,8,50,51,51454,Avenue Georges Pompidou,49.21989,4.03435,Plein jour,En agglomération,Giratoire,Pluie forte,Deux véhicules - arrière,4,1,1,1,2,1,2,5,1,50,2,2,1,0,0,1,37.0,29.0,voiture,voiture,1,2,6,3,2
202200013044,2022-03-14 17:38:00,2022,3,14,17,38,49,49007,PORTET BOULEVARD,47.45064,-0.56038,Plein jour,En agglomération,Hors intersection,Normale,Autre collision,4,3,4,0,1,1,1,0,1,50,1,2,1,0,0,1,58.0,,transport_commun,,1,2,1,1,6
202200013045,2022-05-29 18:30:00,2022,5,29,18,30,75,75104,QUAI HENRI IV,48.850828,2.361449,Plein jour,En agglomération,Intersection en X,Normale,Autre collision,4,2,3,0,1,1,1,0,1,30,1,2,1,0,1,0,30.0,,voiture,,1,2,2,1,6
202200013046,2022-03-08 11:00:00,2022,3,8,11,0,42,42186,Rue de la République,45.528979,4.61344,Plein jour,En agglomération,Hors intersection,Normale,Autre collision,7,2,2,0,4,1,1,6,1,50,1,2,1,0,1,0,60.0,,voiture,,1,2,1,1,6
202200013047,2022-05-30 13:15:00,2022,5,30,13,15,94,94074,LE CHEMIN DES BOEUFS (R),48.74891,2.4547,Plein jour,En agglomération,Hors intersection,Normale,Deux véhicules - côté,3,2,2,0,1,1,1,0,1,50,2,2,1,0,0,1,33.0,26.0,deux_roues,voiture,1,2,1,1,3
202200013048,2022-12-23 18:20:00,2022,12,23,18,20,69,69271,Avenue du Progrès,45.73584,4.96721,Nuit avec éclairage allumé,En agglomération,Intersection en X,Pluie légère,Deux véhicules - arrière,4,2,2,0,1,1,2,0,1,50,2,2,1,0,0,1,33.0,50.0,voiture,voiture,5,2,2,2,2
202200013049,2022-03-16 08:55:00,2022,3,16,8,55,38,38151,RUE CARMAGNOLE LIBERTÉ,45.15062,5.72089,Plein jour,En agglomération,Autre intersection,Normale,Deux véhicules - côté,4,1,1,0,1,1,1,0,1,30,2,2,1,0,0,1,20.0,45.0,deux_roues,voiture,1,2,9,1,3
202200013050,2022-05-30 16:32:00,2022,5,30,16,32,94,94021,125 Boulevard Jean Mermoz,48.76891,2.33717,Plein jour,En agglomération,Hors intersection,Normale,Deux véhicules - arrière,3,1,2,0,1,1,1,0,1,50,2,2,1,0,0,1,29.0,42.0,voiture,voiture,1,2,1,1,2
202200013051,2022-03-14 04:10:00,2022,3,14,4,10,37,37261,AUBERDIERE (RUE DE L'),47.3632369057,0.69522053,Nuit avec éclairage allumé,En agglomération,Hors intersection,Pluie légère,Autre collision,4,2,2,0,1,1,2,0,3,50,1,1,0,0,0,1,26.0,,voiture,,5,2,1,2,6
202200013052,2022-03-15 12:30:00,2022,3,15,12,30,37,37261,KENNEDY (RUE DU PRESIDENT),47.4144990295,0.6863320246,Plein jour,En agglomération,Hors intersection,Normale,Sans collision,4,2,2,0,1,3,1,0,1,50,1,1,0,0,0,1,45.0,,deux_roues,,1,2,1,1,7
202200013053,2022-05-30 18:00:00,2022,5,30,18,0,94,94071,Avenue Charles de Gaulle / Avenue du Fort,48.766672,2.532592,Plein jour,En agglomération,Giratoire,Normale,Autre collision,4,3,2,1,1,1,1,0,1,50,1,2,0,0,0,2,27.0,,voiture,,1,2,6,1,6
202200013054,2022-03-16 23:15:00,2022,3,16,23,15,33,33529,LECLERC (AVE DU GAL) DU 02 ET +,44.6477207855,-1.153203696,Nuit avec éclairage allumé,En agglomération,Giratoire,Normale,Autre collision,3,2,2,0,1,3,1,9,3,50,1,3,0,1,0,2,21.0,,utilitaire_camion,,5,2,6,1,6
202200013055,2022-05-30 14:13:00,2022,5,30,14,13,93,93073,Boulevard de l'Hotel de Ville,48.951453,2.569755,Plein jour,En agglomération,Hors intersection,Normale,Autre collision,4,2,2,0,1,1,1,0,1,50,2,2,1,0,1,0,61.0,29.0,voiture,voiture,1,2,1,1,6
202200013056,2022-03-15 17:20:00,2022,3,15,17,20,29,29019,Rue Eugene Berest,48.391352,-4.436031,Plein jour,En agglomération,Hors intersection,Normale,Deux véhicules - côté,4,-1,2,0,1,1,1,0,1,50,2,2,1,0,1,0,78.0,36.0,deux_roues,voiture,1,2,1,1,3
202200013057,2022-12-23 12:50:00,2022,12,23,12,50,69,69029,Boulevard des Droits de l'Homme,45.73168,4.93067,Plein jour,En agglomération,Giratoire,Temps couvert,Trois véhicules et plus - collisions multiples,3,2,4,0,1,1,1,5,1,50,3,3,1,0,0,2,50.0,41.0,voiture,voiture,1,2,6,8,5
202200013058,2022-05-29 00:20:00,2022,5,29,0,20,93,93063,Avenue Gaston Roussel,48.8936317835,2.4359151721,Nuit sans éclairage public,En agglomération,Hors intersection,Normale,Autre collision,3,2,2,0,1,1,1,0,1,50,1,1,0,0,0,1,26.0,,deux_roues,,3,2,1,1,6
202200013059,2022-03-16 17:30:00,2022,3,16,17,30,25,25056,BLUM BOULEVARD LEON (sup 90),47.262497,6.040124,Plein jour,En agglomération,Intersection en X,Normale,Deux véhicules - frontale,4,2,2,1,2,1,1,0,1,50,2,2,1,0,1,0,31.0,19.0,voiture,deux_roues,1,2,2,1,1
202200013060,2022-05-30 08:45:00,2022,5,30,8,45,93,93032,Avenue Jean Jaurès,48.88278,2.52633,Plein jour,En agglomération,Hors intersection,Normale,Autre collision,3,2,2,0,1,1,1,0,4,50,1,4,3,0,0,1,36.0,,autre,,1,2,1,1,6
202200013061,2022-03-15 16:30:00,2022,3,15,16,30,11,11069,25 Avenue Henry Gout,43.2109,2.33949,Plein jour,En agglomération,Hors intersection,Normale,Autre collision,3,2,2,0,1,1,1,0,1,50,1,2,1,0,1,0,47.0,,voiture,,1,2,1,1,6
202200013062,2022-03-15 09:14:00,2022,3,15,9,14,10,10387,JULES LEBOCEY (RUE),48.30529,4.07419,Plein jour,En agglomération,Hors intersection,Temps couvert,Autre collision,4,1,1,0,1,1,1,0,1,50,1,1,0,0,0,1,20.0,,voiture,,1,2,1,8,6
202200013063,2022-05-29 13:00:00,2022,5,29,13,0,93,93031,Avenue Joffre / Avenue Galliéni,48.96171,2.29513,Plein jour,En agglomération,Intersection en X,Normale,Deux véhicules - côté,3,3,4,0,1,1,1,0,1,50,2,2,1,0,0,1,67.0,19.0,voiture,deux_roues,1,2,2,1,3
202200013064,2022-03-15 20:20:00,2022,3,15,20,20,06,06029,TONNER (AVENUE FRANCIS),43.54973,6.9699,Nuit avec éclairage allumé,En agglomération,Hors intersection,Normale,Autre collision,4,2,4,3,1,1,1,0,1,50,1,2,1,0,1,0,52.0,,voiture,,5,2,1,1,6
202200013065,2022-12-23 12:30:00,2022,12,23,12,30,69,69259,Boulevard Ambroise Croizat,45.70316,4.88747,Plein jour,En agglomération,Intersection en X,Normale,Deux véhicules - côté,7,2,4,2,1,1,1,0,1,50,2,2,1,0,0,1,39.0,25.0,voiture,voiture,1,2,2,1,3
202200013066,2022-03-15 21:28:00,2022,3,15,21,28,05,05061,VEYNES ( AVENUE DE  ),44.55773,6.0685,Nuit avec éclairage allumé,En agglomération,Giratoire,Normale,Autre collision,3,2,2,0,4,3,1,5,1,50,1,2,0,0,0,2,18.0,,voiture,,5,2,6,1,6
202200013067,2022-05-30 10:23:00,2022,5,30,10,23,93,93029,Parking Saint Stenay,48.9184219498,2.4199265242,Plein jour,En agglomération,Autre intersection,Normale,Deux véhicules - côté,6,-1,0,3,1,1,1,9,8,30,2,3,2,0,0,1,33.0,26.0,voiture,deux_roues,1,2,9,1,3
202200013068,2022-03-16 22:10:00,2022,3,16,22,10,04,04112,Ch du Thor,43.80158,5.78881,Nuit sans éclairage public,Hors agglomération,Hors intersection,Normale,Sans collision,4,2,2,0,1,1,1,0,1,50,1,1,0,0,1,0,60.0,,utilitaire_camion,,3,1,1,1,7
202200013069,2022-12-22 19:56:00,2022,12,22,19,56,66,66136,ESCARGUEL (COURS LAZARE),42.69748,2.88905,Nuit avec éclairage allumé,En agglomération,Intersection en T,Normale,Autre collision,4,2,5,0,1,1,1,0,1,50,1,2,1,0,1,0,,,voiture,,5,2,3,1,6
202200013070,2022-05-29 11:55:00,2022,5,29,11,55,93,93053,Rue de Paris,48.902079,2.46134,Plein jour,En agglomération,Hors intersection,Normale,Trois véhicules et plus - en chaîne,3,3,4,0,1,1,1,0,1,50,3,4,2,0,0,2,34.0,71.0,voiture,voiture,1,2,1,1,4
202200013071,2022-03-16 07:35:00,2022,3,16,7,35,75,75120,BD PERIPHERIQUE EXTERIEUR,48.875318,2.410385,Plein jour,En agglomération,Intersection en Y,Normale,Deux véhicules - arrière,4,1,5,0,1,1,1,0,1,70,2,2,1,0,0,1,53.0,39.0,deux_roues,voiture,1,2,4,1,2
202200013072,2022-03-15 07:55:00,2022,3,15,7,55,75,75117,BD PERIPHERIQUE EXTERIEUR,48.8859,2.288119,Nuit avec éclairage allumé,En agglomération,Hors intersection,Pluie légère,Deux véhicules - arrière,4,1,4,0,1,1,2,1,1,70,2,2,1,0,0,1,41.0,27.0,voiture,voiture,5,2,1,2,2
202200013073,2022-05-29 23:50:00,2022,5,29,23,50,93,93007,Avenue des Cosmonautes / Avenue Aristide Briand,48.94739,2.45861,Nuit avec éclairage allumé,En agglomération,Giratoire,Normale,Deux véhicules - arrière,3,2,2,0,1,1,1,5,1,50,2,2,0,0,0,2,25.0,44.0,utilitaire_camion,voiture,5,2,6,1,2
202200013074,2022-12-22 19:50:00,2022,12,22,19,50,65,65440,Avenue Aristide Briand,43.2245,0.06531,Nuit avec éclairage allumé,En agglomération,Intersection en X,Normale,Deux véhicules - côté,4,2,3,0,1,1,1,0,1,50,2,2,1,0,0,1,35.0,61.0,voiture,deux_roues,5,2,2,1,3
202200013075,2022-03-14 09:30:00,2022,3,14,9,30,75,75116,BD PERIPHERIQUE EXTERIEUR,48.87705,2.279356,Plein jour,En agglomération,Hors intersection,Normale,Deux véhicules - côté,4,1,3,0,1,1,1,1,1,70,2,2,1,0,0,1,35.0,35.0,deux_roues,utilitaire_camion,1,2,1,1,3
202200013076,2022-05-29 20:00:00,2022,5,29,20,0,92,92049,JAURES PLACE JEAN,48.8161825662,2.3115623295,Plein jour,En agglomération,Place,Normale,Sans collision,4,2,2,0,1,4,1,6,1,30,1,1,0,0,0,1,53.0,,deux_roues,,1,2,7,1,7
202200013077,2022-03-16 09:20:00,2022,3,16,9,20,75,75112,AVENUE LEDRU ROLLIN,48.8458408686,2.3676422238,Plein jour,En agglomération,Intersection en X,Normale,Deux véhicules - côté,4,2,4,1,1,1,1,-1,5,30,2,2,1,0,1,0,30.0,46.0,deux_roues,utilitaire_camion,1,2,2,1,3
202200013078,2022-05-29 18:56:00,2022,5,29,18,56,92,92009,RAOUL NORRLING ( RUE ),48.9069111879,2.2638922334,Crépuscule ou aube,En agglomération,Hors intersection,Normale,Deux véhicules - côté,3,2,0,0,1,1,1,0,1,50,2,2,1,0,0,1,19.0,33.0,deux_roues,voiture,2,2,1,1,3
202200013079,2022-12-22 22:00:00,2022,12,22,22,0,65,65047,Chemin du Roy,43.2502,0.08963,Nuit avec éclairage allumé,En agglomération,Intersection en X,Normale,Deux véhicules - côté,3,2,2,0,1,1,1,0,1,50,2,4,1,0,0,3,38.0,19.0,voiture,voiture,5,2,2,1,3
202200013080,2022-03-16 13:57:00,2022,3,16,13,57,75,75118,RUE CAULAINCOURT,48.8895040189,2.3357520998,Plein jour,En agglomération,Intersection en X,Normale,Autre collision,4,2,2,0,1,1,1,0,1,30,1,2,1,0,1,0,42.0,,voiture,,1,2,2,1,6
202200013081,2022-03-16 08:35:00,2022,3,16,8,35,75,75118,RUE BOINOD,48.893249,2.350804,Plein jour,En agglomération,Hors intersection,Temps couvert,Deux véhicules - frontale,4,2,2,0,1,1,2,0,1,30,2,2,1,0,0,1,40.0,35.0,voiture,deux_roues,1,2,1,8,1
202200013082,2022-12-23 17:05:00,2022,12,23,17,5,64,64445,HONORE BARADAT,43.30456,-0.3663,Crépuscule ou aube,En agglomération,Hors intersection,Normale,Autre collision,4,2,2,0,1,1,1,0,1,50,1,2,0,0,0,2,27.0,,voiture,,2,2,1,1,6
202200013083,2022-05-30 12:30:00,2022,5,30,12,30,92,92002,ARISTIDE BRIAND (AVENUE),48.7573345545,2.3065467328,Plein jour,En agglomération,Hors intersection,Normale,Deux véhicules - arrière,3,3,2,0,1,1,1,0,1,50,2,2,1,0,0,1,45.0,57.0,autre,deux_roues,1,2,1,1,2
202200013084,2022-03-16 07:00:00,2022,3,16,7,0,75,75117,RUE CARDINET,48.8875,2.314374,Plein jour,En agglomération,Hors intersection,Normale,Autre collision,4,2,3,0,4,1,1,0,1,30,1,2,1,0,0,1,55.0,,deux_roues,,1,2,1,1,6
202200013085,2022-02-26 16:25:00,2022,2,26,16,25,14,14228,D404,49.283512,-0.407739,Plein jour,Hors agglomération,Hors intersection,Normale,Deux véhicules - côté,3,2,2,0,1,1,1,0,1,90,2,2,1,0,0,1,60.0,21.0,deux_roues,voiture,1,1,1,1,3
202200013086,2022-12-23 12:40:00,2022,12,23,12,40,64,64445,cours Lyautey,43.3082958936,-0.3640723228,Plein jour,En agglomération,Hors intersection,Normale,Deux véhicules - arrière,4,1,1,0,1,1,1,0,1,50,2,2,1,0,0,1,39.0,22.0,voiture,deux_roues,1,2,1,1,2
202200013087,2022-03-15 18:20:00,2022,3,15,18,20,75,75116,AVENUE DE VERSAILLES,48.8419827395,2.267460376,Plein jour,En agglomération,Hors intersection,Normale,Deux véhicules - côté,4,2,2,0,1,1,1,0,1,50,2,2,1,0,0,1,30.0,62.0,deux_roues,voiture,1,2,1,1,3
202200013088,2022-02-09 10:05:00,2022,2,9,10,5,14,14117,D400A,49.2745286778,-0.1258867979,Plein jour,Hors agglomération,Hors intersection,Temps couvert,Deux véhicules - frontale,3,2,2,0,1,1,1,0,1,80,2,2,1,1,0,0,75.0,39.0,voiture,utilitaire_camion,1,1,1,8,1
202200013089,2022-03-16 18:05:00,2022,3,16,18,5,75,75115,RUE GEORGES DUHAMEL,48.8362770826,2.3125697672,Plein jour,En agglomération,Hors intersection,Temps couvert,Deux véhicules - côté,4,2,2,0,1,1,1,0,1,30,2,2,1,0,0,1,67.0,60.0,voiture,deux_roues,1,2,1,8,3
202200013090,2022-01-24 08:05:00,2022,1,24,8,5,14,14308,A13,49.221129,-0.111902,Nuit sans éclairage public,Hors agglomération,Hors intersection,Normale,Deux véhicules - côté,1,3,4,0,1,1,1,0,1,130,2,2,1,0,0,1,35.0,45.0,utilitaire_camion,utilitaire_camion,3,1,1,1,3
202200013091,2022-12-23 08:05:00,2022,12,23,8,5,64,64335,Avenue Denis Touzanne,43.345532103,-0.4546612501,Crépuscule ou aube,Hors agglomération,Hors intersection,Normale,Deux véhicules - côté,4,2,2,0,1,1,1,2,1,50,2,2,1,0,0,1,61.0,36.0,voiture,transport_commun,2,1,1,1,3
202200013092,2022-05-30 18:30:00,2022,5,30,18,30,59,59379,D150,50.296358,3.242351,Plein jour,Hors agglomération,Hors intersection,Normale,Autre collision,3,2,2,0,1,1,1,0,3,80,1,1,0,0,0,1,24.0,,voiture,,1,1,1,1,6
202200013093,2022-03-16 13:10:00,2022,3,16,13,10,75,75115,PLACE DES INSURGES DE VARSOVIE,48.8272106013,2.2926811874,Plein jour,En agglomération,Place,Normale,Deux véhicules - côté,4,1,2,0,1,1,1,0,1,30,2,2,1,0,0,1,28.0,23.0,voiture,deux_roues,1,2,7,1,3
202200013094,2022-12-23 09:33:00,2022,12,23,9,33,64,64102,Boulevard Jean Jaurès,43.49339,-1.4615,Plein jour,En agglomération,Intersection en T,Normale,Autre collision,4,2,2,0,1,3,1,6,8,50,1,2,1,0,0,1,30.0,,voiture,,1,2,3,1,6
202200013095,2022-05-30 18:35:00,2022,5,30,18,35,59,59256,Boulevard du Petit Quinquin,50.576853,3.123647,Plein jour,En agglomération,Intersection en T,Normale,Deux véhicules - côté,7,2,2,0,1,1,1,0,1,50,2,2,1,0,1,0,22.0,58.0,voiture,deux_roues,1,2,3,1,3
202200013096,2022-03-16 09:11:00,2022,3,16,9,11,75,75114,BD PERIPHERIQUE INTERIEUR,48.8246689848,2.3051252961,Plein jour,En agglomération,Hors intersection,Normale,Deux véhicules - côté,4,1,3,0,1,1,1,0,1,70,2,2,1,0,0,1,36.0,44.0,deux_roues,voiture,1,2,1,1,3
202200013097,2022-12-20 15:22:00,2022,12,20,15,22,62,62119,D943,50.522791,2.62734,Plein jour,En agglomération,Hors intersection,Pluie légère,Autre collision,3,2,1,0,1,1,2,1,1,30,1,3,1,0,1,1,20.0,,voiture,,1,2,1,2,6
202200013098,2022-05-25 12:30:00,2022,5,25,12,30,13,13214,A507 sens Marseille - Aubagne,43.3337,5.38419,Plein jour,En agglomération,Hors intersection,Normale,Deux véhicules - arrière,1,1,2,0,1,1,1,0,1,70,2,2,1,0,0,1,36.0,29.0,voiture,voiture,1,2,1,1,2
202200013099,2022-03-16 20:00:00,2022,3,16,20,0,75,75112,ECHANGEUR BERCY,48.826792,2.390518,Nuit sans éclairage public,En agglomération,Intersection en Y,Normale,Deux véhicules - arrière,4,1,2,0,1,1,1,0,1,50,2,3,2,0,0,1,23.0,47.0,voiture,deux_roues,3,2,4,1,2
202200013100,2022-12-23 10:00:00,2022,12,23,10,0,61,61117,MOULIN A VENT (RUE DU),48.43773,0.0579,Plein jour,En agglomération,Intersection en T,Pluie légère,Deux véhicules - côté,3,2,2,0,1,1,2,0,1,70,2,2,1,0,0,1,51.0,83.0,voiture,voiture,1,2,3,2,3
202200013101,2022-03-16 10:40:00,2022,3,16,10,40,75,75112,QUAI DE BERCY,48.8366472404,2.3781833053,Plein jour,En agglomération,Hors intersection,Temps couvert,Deux véhicules - arrière,4,3,3,0,1,1,1,0,1,50,2,2,1,0,0,1,36.0,,deux_roues,voiture,1,2,1,8,2
202200013102,2022-05-30 04:06:00,2022,5,30,4,6,13,13215,A7-Sens Lyon vers Marseille,43.3668451797,5.3606747791,Nuit sans éclairage public,Hors agglomération,Hors intersection,Normale,Deux véhicules - arrière,1,1,3,0,2,2,1,0,1,90,2,3,1,0,0,2,24.0,23.0,voiture,voiture,3,1,1,1,2
202200013103,2022-03-16 12:00:00,2022,3,16,12,0,75,75111,BOULEVARD VOLTAIRE,48.866022,2.366326,Plein jour,En agglomération,Intersection en X,Normale,Deux véhicules - côté,4,2,4,0,1,1,1,0,1,30,2,2,1,0,0,1,58.0,27.0,voiture,deux_roues,1,2,2,1,3
202200013104,2022-05-30 16:41:00,2022,5,30,16,41,33,33063,ROCADE A 630,44.880925,-0.542149,Plein jour,Hors agglomération,Hors intersection,Normale,Trois véhicules et plus - en chaîne,1,3,8,0,1,1,1,2,1,70,4,4,3,0,0,1,26.0,36.0,deux_roues,utilitaire_camion,1,1,1,1,4
202200013105,2022-12-23 05:10:00,2022,12,23,5,10,60,60057,Avenue Montaigne,49.41414,2.10604,Nuit avec éclairage allumé,En agglomération,Intersection en X,Normale,Deux véhicules - côté,4,2,2,0,1,1,2,0,1,30,2,6,5,0,0,1,50.0,21.0,voiture,voiture,5,2,2,1,3
202200013106,2022-03-16 10:25:00,2022,3,16,10,25,75,75112,AVENUE LEDRU ROLLIN,48.848633,2.372547,Plein jour,En agglomération,Intersection en X,Temps couvert,Deux véhicules - côté,4,2,2,3,1,1,1,-1,6,30,2,2,1,0,0,1,25.0,61.0,deux_roues,voiture,1,2,2,8,3
202200013107,2022-12-19 16:50:00,2022,12,19,16,50,59,59350,SANS PEUR RUE JEAN N°1-69-2-112,50.63278,3.05875,Crépuscule ou aube,En agglomération,Hors intersection,Pluie légère,Autre collision,4,2,1,0,1,1,2,9,8,10,1,2,1,0,0,1,29.0,,voiture,,2,2,1,2,6
202200013108,2022-03-16 08:00:00,2022,3,16,8,0,94,94028,Av du Mal de Lattre de Tassigny,48.79848,2.45504,Plein jour,En agglomération,Hors intersection,Normale,Autre collision,3,2,1,1,1,1,1,0,5,30,2,2,0,0,0,2,42.0,29.0,deux_roues,voiture,1,2,1,1,6
202200013109,2022-05-30 19:15:00,2022,5,30,19,15,91,91645,RN 385 Extèrieure,48.759768554,2.2622524024,Plein jour,Hors agglomération,Hors intersection,Normale,Deux véhicules - arrière,2,1,2,0,2,1,1,0,1,90,2,2,1,0,0,1,49.0,28.0,voiture,voiture,1,1,1,1,2
202200013110,2022-03-15 17:25:00,2022,3,15,17,25,94,94068,Boulevard de Créteil,48.79922,2.47122,Plein jour,En agglomération,Autre intersection,Normale,Deux véhicules - arrière,3,2,3,2,2,3,1,0,1,30,2,2,0,0,0,2,25.0,26.0,deux_roues,voiture,1,2,9,1,2
202200013111,2022-12-22 19:34:00,2022,12,22,19,34,59,59410,SCHUMAN ROBERT AVENUE,50.642094784,3.1091201305,Nuit avec éclairage allumé,En agglomération,Hors intersection,Pluie légère,Deux véhicules - côté,7,2,0,1,1,1,2,0,1,50,2,2,1,0,0,1,27.0,66.0,voiture,voiture,5,2,1,2,3
202200013112,2022-03-15 14:10:00,2022,3,15,14,10,94,94068,Rue du Pont de Créteil,48.80495,2.47157,Plein jour,En agglomération,Hors intersection,Temps couvert,Autre collision,3,1,4,0,1,1,2,0,1,30,1,2,1,0,0,1,55.0,,voiture,,1,2,1,8,6
202200013113,2022-05-30 10:36:00,2022,5,30,10,36,91,91136,AUTOROUTE A126,48.71616,2.26626,Plein jour,Hors agglomération,Hors intersection,Normale,Autre collision,1,1,1,0,1,1,1,0,2,90,1,2,1,1,0,0,34.0,,voiture,,1,1,1,1,6
202200013114,2022-05-30 14:40:00,2022,5,30,14,40,78,78140,A13,48.96249,1.92813,Plein jour,Hors agglomération,Hors intersection,Normale,Sans collision,1,-1,3,0,2,1,1,0,1,130,1,2,0,0,0,2,28.0,,deux_roues,,1,1,1,1,7
202200013115,2022-03-16 22:50:00,2022,3,16,22,50,94,94041,21 Avenue de l’Industrie,48.8162,2.40376,Nuit avec éclairage allumé,En agglomération,Hors intersection,Normale,Deux véhicules - arrière,3,2,0,0,1,1,1,5,1,50,2,2,1,0,0,1,22.0,51.0,voiture,voiture,5,2,1,1,2
202200013116,2022-12-21 17:45:00,2022,12,21,17,45,55,55545,MIRIBEL ( AVENUE ),49.1676292924,5.3943112493,Nuit avec éclairage non allumé,En agglomération,Intersection en T,Normale,Deux véhicules - côté,3,2,2,0,1,1,2,0,1,2,2,2,1,0,0,1,33.0,20.0,utilitaire_camion,utilitaire_camion,4,2,3,1,3
202200013117,2022-05-29 06:10:00,2022,5,29,6,10,92,92036,RN315 Y,48.9209983571,2.3063262118,Plein jour,Hors agglomération,Hors intersection,Normale,Autre collision,2,-1,2,0,1,1,1,0,1,70,1,1,0,0,0,1,27.0,,voiture,,1,1,1,1,6
202200013118,2022-03-16 09:00:00,2022,3,16,9,0,94,94028,Rue Amedeo Modigliani / Rue René Arcos,48.77797,2.46027,Plein jour,En agglomération,Intersection en X,Temps couvert,Deux véhicules - arrière,4,1,1,0,1,3,1,0,1,50,2,2,1,0,0,1,61.0,29.0,voiture,voiture,1,2,2,8,2
202200013119,2022-05-30 16:05:00,2022,5,30,16,5,95,95424, A15,48.9909565319,2.1928989887,Plein jour,Hors agglomération,Hors intersection,Normale,Deux véhicules - arrière,1,3,6,0,1,1,1,0,1,110,2,3,0,0,0,3,36.0,61.0,utilitaire_camion,voiture,1,1,1,1,2
202200013120,2022-05-27 20:45:00,2022,5,27,20,45,93,93064,AUTOROUTE A86,48.88535,2.47251,Plein jour,Hors agglomération,Hors intersection,Normale,Deux véhicules - arrière,1,3,5,0,1,3,1,0,1,90,2,2,1,0,0,1,36.0,22.0,utilitaire_camion,voiture,1,1,1,1,2
202200013121,2022-03-15 17:25:00,2022,3,15,17,25,94,94017,Avenue du Général de Gaulle / Rue Edmond Rostand,48.8224060254,2.4922989607,Plein jour,En agglomération,Intersection en T,Normale,Trois véhicules et plus - collisions multiples,3,2,2,0,1,1,2,9,1,50,3,3,2,0,0,1,76.0,61.0,voiture,voiture,1,2,3,1,5
202200013122,2022-05-28 11:38:00,2022,5,28,11,38,93,93064,AUTOROUTE A86,48.8842701357,2.4695885075,Plein jour,Hors agglomération,Hors intersection,Normale,Sans collision,1,3,2,0,1,1,1,0,1,90,1,1,0,0,0,1,50.0,,deux_roues,,1,1,1,1,7
202200013123,2022-12-23 10:33:00,2022,12,23,10,33,54,54261,CONCORDE (RUE DE LA),49.52216,5.79277,Plein jour,En agglomération,Intersection en Y,Normale,Deux véhicules - côté,4,2,2,0,1,1,1,0,1,50,2,2,1,0,0,1,54.0,47.0,voiture,voiture,1,2,4,1,3
202200013124,2022-03-16 08:15:00,2022,3,16,8,15,94,94071,Rue d'Estienne d'Orves / Rue du Tilleul,48.75961,2.52936,Crépuscule ou aube,En agglomération,Intersection en T,Normale,Autre collision,4,2,2,0,1,1,1,0,1,50,1,2,1,0,0,1,,,utilitaire_camion,,2,2,3,1,6
202200013125,2022-04-23 10:50:00,2022,4,23,10,50,77,77514,A104,48.9358,2.62797,Plein jour,Hors agglomération,Hors intersection,Normale,Trois véhicules et plus - collisions multiples,1,-1,6,0,2,1,1,0,1,90,3,5,2,0,0,3,58.0,35.0,voiture,voiture,1,1,1,1,5
202200013126,2022-03-15 09:50:00,2022,3,15,9,50,94,94070,Route de Paris / Rue de la Libération,48.71995,2.56641,Plein jour,En agglomération,Intersection en X,Pluie légère,Deux véhicules - côté,2,3,5,0,1,1,2,0,1,50,2,2,1,0,0,1,49.0,28.0,utilitaire_camion,utilitaire_camion,1,2,2,2,3
202200013127,2022-12-23 14:11:00,2022,12,23,14,11,51,51454,avenue Jean Jaurès,49.2608790806,4.0489313006,Plein jour,En agglomération,Intersection en X,Pluie légère,Sans collision,4,2,4,3,1,1,2,0,1,50,1,2,1,0,0,1,33.0,,utilitaire_camion,,1,2,2,2,7
202200013128,2022-05-08 17:00:00,2022,5,8,17,0,19,19019,Moulin à Badiol,44.989479,1.822958,Plein jour,Hors agglomération,Hors intersection,Normale,Autre collision,3,2,2,0,1,1,1,0,1,70,1,2,1,0,1,0,74.0,,voiture,,1,1,1,1,6
202200013129,2022-03-15 07:50:00,2022,3,15,7,50,93,93039,Avenue du Pont d’Epinay / Quai de la Marine,48.95048,2.30671,Crépuscule ou aube,En agglomération,Intersection en T,Pluie légère,Deux véhicules - frontale,3,2,4,1,1,1,3,5,1,50,2,2,1,0,1,0,22.0,34.0,voiture,utilitaire_camion,2,2,3,2,1
202200013130,2022-05-06 06:50:00,2022,5,6,6,50,76,76594,D43,49.49061,1.0001,Crépuscule ou aube,En agglomération,Hors intersection,Normale,Autre collision,3,2,2,0,1,1,1,0,4,50,1,1,0,0,0,1,27.0,,voiture,,2,2,1,1,6
202200013131,2022-12-23 08:35:00,2022,12,23,8,35,51,51454,rue de Bétheny,49.26644,4.04516,Crépuscule ou aube,En agglomération,Giratoire,Pluie légère,Deux véhicules - côté,4,1,1,0,1,2,2,0,1,50,2,2,1,0,1,0,50.0,59.0,voiture,deux_roues,2,2,6,2,3