accident_id,datetime,annee,mois,jour,heure,minute,departement,commune_insee,adresse,latitude,longitude,luminosite,agglomeration,intersection,meteo,collision,catr,circ,nbv,vosp,prof,plan,surf,infra,situ,vma,nb_vehicules,nb_usagers,nb_indemnes,nb_tues,nb_blesses_hosp,nb_blesses_legers,age_cond_1,age_cond_2,veh_type_cond_1,veh_type_cond_2,lum_code,agg_code,int_code,atm_code,col_code
202200013132,2022-03-15 09:02:00,2022,3,15,9,2,93,93066,Rue Henri Barbusse / Rue de Montmorency,48.9433374937,2.3722873653,Plein jour,En agglomération,Intersection en X,Pluie légère,Deux véhicules - frontale,3,2,2,0,1,1,2,0,1,50,2,2,1,0,1,0,20.0,34.0,utilitaire_camion,deux_roues,1,2,2,2,1
202200013133,2022-05-07 14:20:00,2022,5,7,14,20,38,38044,48 Route de la Vallée de l Hien,45.494936,5.390199,Plein jour,Hors agglomération,Hors intersection,Normale,Deux véhicules - arrière,3,2,2,0,1,1,1,0,1,80,2,2,1,0,1,0,33.0,17.0,utilitaire_camion,deux_roues,1,1,1,1,2
202200013134,2022-12-22 18:56:00,2022,12,22,18,56,51,51454,rue Clovis Chézel,49.24098,4.03373,Nuit avec éclairage allumé,En agglomération,Hors intersection,Pluie forte,Sans collision,4,2,2,0,1,1,2,0,1,50,1,2,1,0,0,1,62.0,,voiture,,5,2,1,3,7
202200013135,2022-05-07 08:50:00,2022,5,7,8,50,45,45193,D13-PR 5 + 500,47.806266,2.066245,Plein jour,Hors agglomération,Hors intersection,Normale,Sans collision,3,2,2,0,1,1,1,0,8,80,1,1,0,0,1,0,59.0,,deux_roues,,1,1,1,1,7
202200013136,2022-03-16 12:15:00,2022,3,16,12,15,93,93029,PAUL VAILLANT COUTURIER (BD),48.9228,2.44705,Plein jour,En agglomération,Hors intersection,Normale,Sans collision,3,2,4,0,1,1,1,0,1,30,2,3,2,0,0,1,,39.0,voiture,transport_commun,1,2,1,1,7
202200013137,2022-05-07 23:15:00,2022,5,7,23,15,50,50025,Rue de la Liberté,48.690302,-1.355524,Nuit avec éclairage allumé,En agglomération,Hors intersection,Normale,Autre collision,3,2,2,0,1,1,1,0,1,50,1,2,1,0,0,1,62.0,,voiture,,5,2,1,1,6
202200013138,2022-03-15 08:40:00,2022,3,15,8,40,93,93029,ANATOLE FRANCE,48.92494,2.44761,Plein jour,En agglomération,Autre intersection,Pluie forte,Autre collision,4,2,2,0,1,1,2,0,1,50,1,2,1,0,0,1,56.0,,utilitaire_camion,,1,2,9,3,6
202200013139,2022-05-07 16:05:00,2022,5,7,16,5,62,62644,D341,50.647486,2.134974,Plein jour,En agglomération,Hors intersection,Normale,Sans collision,3,2,2,0,2,1,1,0,1,50,1,2,0,0,2,0,17.0,,deux_roues,,1,2,1,1,7
202200013140,2022-12-15 22:20:00,2022,12,15,22,20,51,51230,Rue de Reims,49.046480766,3.9640206099,Nuit avec éclairage allumé,En agglomération,Intersection en X,Autre,Sans collision,4,2,4,0,3,1,2,2,8,50,1,2,1,1,0,0,21.0,,voiture,,5,2,2,9,7
202200013141,2022-05-07 00:30:00,2022,5,7,0,30,85,85196,La Jaumarière,46.853683,-1.208721,Nuit sans éclairage public,Hors agglomération,Hors intersection,Normale,Sans collision,4,2,2,0,1,2,1,0,3,50,1,1,0,0,0,1,16.0,,deux_roues,,3,1,1,1,7
202200013142,2022-03-16 11:50:00,2022,3,16,11,50,93,93047,GABRIEL PERI  (AVENUE),48.89128,2.55229,Plein jour,En agglomération,Hors intersection,Temps couvert,Deux véhicules - arrière,4,2,2,0,1,1,1,0,1,30,2,4,3,0,0,1,76.0,55.0,voiture,voiture,1,2,1,8,2
202200013143,2022-12-21 12:50:00,2022,12,21,12,50,50,50129,GAULLE (RUE DU GENERAL DE),49.6611,-1.68082,Plein jour,En agglomération,Hors intersection,Normale,Deux véhicules - arrière,4,2,2,0,1,1,1,0,1,50,2,2,1,0,0,1,57.0,36.0,voiture,voiture,1,2,1,1,2
202200013144,2022-05-06 08:00:00,2022,5,6,8,0,51,51430,D9,48.851755,4.001405,Plein jour,Hors agglomération,Hors intersection,Normale,Deux véhicules - arrière,3,2,2,0,1,1,1,0,1,80,2,2,1,0,1,0,38.0,56.0,voiture,utilitaire_camion,1,1,1,1,2
202200013145,2022-03-16 10:00:00,2022,3,16,10,0,93,93010,CARROUGES (CHEM. DES),48.8888011255,2.4764373564,Plein jour,En agglomération,Hors intersection,Normale,Deux véhicules - côté,4,2,2,0,1,1,1,0,1,50,2,2,1,0,0,1,47.0,52.0,deux_roues,voiture,1,2,1,1,3
202200013146,2022-05-07 16:00:00,2022,5,7,16,0,88,88162,Départementale 25,48.164525,6.061846,Plein jour,Hors agglomération,Intersection en Y,Normale,Deux véhicules - côté,3,2,2,0,3,3,1,5,1,80,2,3,1,0,1,1,25.0,56.0,voiture,deux_roues,1,1,4,1,3
202200013147,2022-03-16 13:20:00,2022,3,16,13,20,93,93005,JEAN CHARCOT [CD115] (RUE),48.9346237333,2.4922549518,Plein jour,En agglomération,Intersection en T,Normale,Deux véhicules - côté,3,2,2,0,1,1,1,0,1,50,2,2,1,0,0,1,59.0,18.0,voiture,deux_roues,1,2,3,1,3
202200013148,2022-05-07 15:44:00,2022,5,7,15,44,38,38185,RUE JOSEPH BOUCHAYER,45.17671,5.71287,Plein jour,En agglomération,Intersection en X,Normale,Autre collision,4,2,1,0,1,1,1,0,8,50,1,2,1,0,1,0,20.0,,voiture,,1,2,2,1,6
202200013149,2022-03-16 09:10:00,2022,3,16,9,10,93,93005,LEFEVRE (BOULEVARD),48.9399034496,2.4900194884,Plein jour,En agglomération,Hors intersection,Temps couvert,Autre collision,4,2,2,0,1,1,1,0,1,50,1,2,1,0,0,1,29.0,,voiture,,1,2,1,8,6
202200013150,2022-12-21 12:15:00,2022,12,21,12,15,50,50129,SAUXMARAIS (RUE DE),49.6312,-1.58594,Plein jour,En agglomération,Intersection en X,Pluie légère,Deux véhicules - côté,4,2,2,0,1,1,2,0,1,50,2,3,2,0,0,1,76.0,80.0,voiture,voiture,1,2,2,2,3
202200013151,2022-05-07 09:30:00,2022,5,7,9,30,24,24037,REPUBLIQUE (PLACE DE LA),44.85308,0.48757,Plein jour,En agglomération,Hors intersection,Normale,Autre collision,6,-1,0,0,1,1,1,0,1,30,1,2,1,0,1,0,39.0,,voiture,,1,2,1,1,6
202200013152,2022-03-16 15:05:00,2022,3,16,15,5,93,93001,VICTOR HUGO (AVE)  N° 122 =>,48.9115069093,2.3795375902,Plein jour,En agglomération,Autre intersection,Normale,Autre collision,3,2,2,1,1,1,1,9,1,50,1,2,1,0,0,1,31.0,,deux_roues,,1,2,9,1,6
202200013153,2022-03-16 14:45:00,2022,3,16,14,45,92,92075,ERNEST LAVAL (RUE),48.819717061,2.2934020981,Plein jour,En agglomération,Intersection en X,Temps couvert,Sans collision,3,1,3,2,2,1,1,0,1,50,1,1,0,0,1,0,55.0,,deux_roues,,1,2,2,8,7
202200013154,2022-12-22 18:22:00,2022,12,22,18,22,49,49267,A87N,47.4818,-0.4991,Nuit sans éclairage public,En agglomération,Hors intersection,Normale,Trois véhicules et plus - en chaîne,1,3,4,0,1,1,2,0,1,90,3,3,2,0,0,1,19.0,40.0,voiture,voiture,3,2,1,1,4
202200013155,2022-05-05 12:20:00,2022,5,5,12,20,88,88198,70 Route de Gérardmer,48.121265,6.911983,Plein jour,Hors agglomération,Hors intersection,Temps couvert,Deux véhicules - frontale,3,2,2,0,2,1,2,0,1,80,2,2,1,0,1,0,54.0,24.0,voiture,utilitaire_camion,1,1,1,8,1
202200013156,2022-03-16 14:45:00,2022,3,16,14,45,92,92046,TOUR (RUE DE LA),48.8229154709,2.3048203289,Plein jour,En agglomération,Hors intersection,Normale,Deux véhicules - côté,4,1,1,2,1,1,1,8,1,50,2,2,0,0,0,2,19.0,35.0,deux_roues,voiture,1,2,1,1,3
202200013157,2022-05-04 07:25:00,2022,5,4,7,25,33,33199,42 Avenue de Césarée,44.631523,-1.072681,Plein jour,En agglomération,Hors intersection,Normale,Deux véhicules - arrière,3,2,2,0,1,1,1,0,1,50,2,2,1,0,0,1,21.0,56.0,deux_roues,voiture,1,2,1,1,2
202200013158,2022-09-11 08:30:00,2022,9,11,8,30,63,63226,D1,45.777083,3.24708,Plein jour,Hors agglomération,Hors intersection,Normale,Deux véhicules - côté,3,2,2,0,2,2,1,0,1,70,2,3,2,0,0,1,29.0,57.0,voiture,utilitaire_camion,1,1,1,1,3
202200013159,2022-12-22 18:10:00,2022,12,22,18,10,49,49007,AMBROISE PARE,47.4746293515,-0.5747424066,Nuit avec éclairage non allumé,En agglomération,Hors intersection,Pluie légère,Autre collision,4,2,2,0,1,1,2,0,1,30,2,2,1,0,0,1,24.0,49.0,deux_roues,voiture,4,2,1,2,6
202200013160,2022-03-16 19:10:00,2022,3,16,19,10,92,92062,BAS ROGERS (RUE DES),48.880491,2.229137,Crépuscule ou aube,En agglomération,Hors intersection,Normale,Deux véhicules - côté,3,-1,2,1,1,1,1,0,5,50,2,2,1,0,0,1,59.0,26.0,voiture,deux_roues,2,2,1,1,3
202200013161,2022-05-02 20:10:00,2022,5,2,20,10,04,04144,RD 23,43.74746,6.329906,Plein jour,Hors agglomération,Hors intersection,Normale,Sans collision,3,2,2,0,1,1,1,0,8,80,1,1,0,1,0,0,40.0,,voiture,,1,1,1,1,7
202200013162,2022-12-22 07:53:00,2022,12,22,7,53,49,49267,MARMITIERE,47.47003,-0.49098,Nuit sans éclairage public,En agglomération,Hors intersection,Pluie légère,Sans collision,4,1,1,0,1,2,2,0,1,30,1,1,0,0,0,1,42.0,,deux_roues,,3,2,1,2,7
202200013163,2022-09-11 00:45:00,2022,9,11,0,45,42,42094,Route de Boen,45.7412091728,4.1978089213,Nuit sans éclairage public,Hors agglomération,Hors intersection,Normale,Autre collision,3,2,2,0,1,1,1,0,3,80,1,2,0,0,0,2,28.0,,utilitaire_camion,,3,1,1,1,6
202200013164,2022-05-04 12:25:00,2022,5,4,12,25,06,06088,autoroute A8 PK 189+400 NORD,43.700018,7.188323,Plein jour,Hors agglomération,Hors intersection,Normale,Autre collision,1,3,3,0,1,1,1,7,1,50,1,2,1,0,0,1,38.0,,voiture,,1,1,1,1,6
202200013165,2022-03-14 09:35:00,2022,3,14,9,35,92,92072,VILLE D'AVRAY (RUE DE ),48.8258418055,2.2024256587,Plein jour,En agglomération,Intersection en T,Normale,Trois véhicules et plus - en chaîne,3,2,2,0,2,1,1,0,1,50,3,3,2,0,0,1,51.0,81.0,voiture,voiture,1,2,3,1,4
202200013166,2022-05-02 12:30:00,2022,5,2,12,30,72,72236,D159 PK6 sens Sablé/Pincé,47.798786,-0.37214,Plein jour,Hors agglomération,Hors intersection,Normale,Sans collision,3,2,2,0,1,2,1,0,1,80,1,1,0,0,1,0,22.0,,deux_roues,,1,1,1,1,7
202200013167,2022-09-11 12:03:00,2022,9,11,12,3,38,38449,82 Route de Satolas et Bonce,45.650925,5.136714,Plein jour,Hors agglomération,Hors intersection,Normale,Trois véhicules et plus - collisions multiples,3,1,2,0,1,1,1,0,1,70,3,5,0,0,2,3,39.0,31.0,voiture,voiture,1,1,1,1,5
202200013168,2022-03-15 13:00:00,2022,3,15,13,0,92,92064,CALVAIRE,48.8496806093,2.2180122435,Plein jour,En agglomération,Hors intersection,Normale,Deux véhicules - côté,4,2,2,0,2,1,1,0,1,50,2,2,1,0,0,1,39.0,58.0,voiture,utilitaire_camion,1,2,1,1,3
202200013169,2022-12-21 16:05:00,2022,12,21,16,5,49,49007,DUNANT BOULEVARD,47.48555,-0.53329,Plein jour,En agglomération,Intersection en X,Pluie légère,Deux véhicules - côté,4,2,2,0,1,1,2,0,1,30,2,5,4,0,0,1,17.0,48.0,voiture,voiture,1,2,2,2,3
202200013170,2022-05-05 16:10:00,2022,5,5,16,10,80,80001,COLOMBIER (du),50.1103,1.8363,Plein jour,En agglomération,Hors intersection,Normale,Autre collision,4,1,1,0,1,1,1,0,1,50,1,4,1,0,2,1,18.0,,deux_roues,,1,2,1,1,6
202200013171,2022-09-09 09:48:00,2022,9,9,9,48,38,38188,Route de Tavernolles,45.140187,5.7909,Plein jour,En agglomération,Hors intersection,Normale,Deux véhicules - frontale,7,2,2,0,2,3,1,0,1,50,2,3,1,0,0,2,64.0,89.0,utilitaire_camion,voiture,1,2,1,1,1
202200013172,2022-03-15 19:15:00,2022,3,15,19,15,92,92036,COUTURE D'AUXERRE (RUE DE LA) (1/25),48.92834,2.28851,Plein jour,En agglomération,Hors intersection,Normale,Autre collision,6,-1, -1,0,1,1,1,0,1,50,1,2,1,0,0,1,35.0,,voiture,,1,2,1,1,6
202200013173,2022-12-17 06:15:00,2022,12,17,6,15,46,46042,BARRE (RUE DE LA) N°PAIR,44.453781,1.439112,Nuit avec éclairage allumé,En agglomération,Autre intersection,Normale,Autre collision,4,1,1,0,1,1,1,0,8,30,1,2,1,0,1,0,19.0,,voiture,,5,2,9,1,6
202200013174,2022-03-15 12:45:00,2022,3,15,12,45,92,92024,GEORGES BOISSEAU (RUE),48.9035731496,2.31754902,Plein jour,En agglomération,Intersection en X,Normale,Deux véhicules - côté,4,2,2,3,1,1,1,5,1,30,2,2,1,0,0,1,38.0,62.0,deux_roues,voiture,1,2,2,1,3
202200013175,2022-09-11 10:30:00,2022,9,11,10,30,46,46055,départementale 840,44.586219,2.087703,Plein jour,Hors agglomération,Hors intersection,Normale,Deux véhicules - arrière,3,2,2,0,2,3,1,0,1,80,2,3,2,0,1,0,58.0,21.0,deux_roues,deux_roues,1,1,1,1,2
202200013176,2022-05-05 10:50:00,2022,5,5,10,50,38,38185,MALHERBE (AVENUE),45.1700331397,5.7382603989,Plein jour,En agglomération,Intersection en T,Pluie légère,Autre collision,7,2,2,0,1,1,2,0,1,50,1,2,1,0,1,0,28.0,,voiture,,1,2,3,2,6
202200013177,2022-09-10 13:20:00,2022,9,10,13,20,09,09272,Rd 618 / RD 117,42.918178,1.640539,Plein jour,En agglomération,Giratoire,Normale,Deux véhicules - côté,3,1,2,0,1,3,1,0,1,50,2,2,1,0,1,0,76.0,38.0,deux_roues,voiture,1,2,6,1,3
202200013178,2022-05-05 11:15:00,2022,5,5,11,15,31,31555,Rue du Faubourg Bonnefoy,43.61768,1.455005,Plein jour,En agglomération,Hors intersection,Normale,Deux véhicules - arrière,7,2,2,0,1,1,1,0,1,50,2,2,1,0,1,0,31.0,,deux_roues,autre,1,2,1,1,2
202200013179,2022-12-23 16:20:00,2022,12,23,16,20,45,45298,23 Rue des Iris,47.87738,1.86942,Plein jour,En agglomération,Intersection en T,Temps couvert,Deux véhicules - côté,4,2,2,0,1,1,2,0,1,50,2,2,1,0,0,1,60.0,20.0,voiture,deux_roues,1,2,3,8,3
202200013180,2022-03-17 20:10:00,2022,3,17,20,10,976,97610,Rue Badjimoi,-12.734122,45.163148,Nuit avec éclairage allumé,En agglomération,Hors intersection,Normale,Autre collision,4,2,2,0,2,2,1,0,4,50,1,2,1,0,0,1,28.0,,voiture,,5,2,1,1,6
202200013181,2022-09-11 11:33:00,2022,9,11,11,33,33,33284,31 Avenue Armand Rodel,44.651169,-0.858457,Plein jour,En agglomération,Hors intersection,Normale,Autre collision,3,2,2,0,2,4,1,0,3,50,1,1,0,0,1,0,39.0,,deux_roues,,1,2,1,1,6
202200013182,2022-03-15 15:30:00,2022,3,15,15,30,08,08403,Rue de la Sucrerie,49.502751,4.360178,Plein jour,En agglomération,Giratoire,Pluie légère,Deux véhicules - côté,3,2,2,0,1,1,2,5,1,50,2,2,1,0,0,1,81.0,54.0,voiture,deux_roues,1,2,6,2,3
202200013183,2022-12-22 17:45:00,2022,12,22,17,45,45,45234,Place Olivier de Serres,47.8878797084,1.8917636275,Nuit avec éclairage allumé,En agglomération,Hors intersection,Pluie légère,Autre collision,4,1,1,0,1,1,3,0,4,30,1,2,1,0,1,0,27.0,,voiture,,5,2,1,2,6
202200013184,2022-09-10 15:20:00,2022,9,10,15,20,72,72343,D309,47.828038,-0.384366,Plein jour,Hors agglomération,Hors intersection,Normale,Autre collision,3,2,2,0,2,3,1,0,8,90,1,1,0,1,0,0,36.0,,voiture,,1,1,1,1,6
202200013185,2022-05-05 00:10:00,2022,5,5,0,10,75,75113,BD PERIPHERIQUE INTERIEUR,48.817045,2.348402,Nuit avec éclairage allumé,En agglomération,Hors intersection,Normale,Sans collision,4,1,3,0,1,1,1,0,1,70,1,2,1,0,0,1,22.0,,deux_roues,,5,2,1,1,7
202200013186,2022-12-18 01:10:00,2022,12,18,1,10,45,45004,RD 2007,47.98558,2.74223,Nuit avec éclairage non allumé,Hors agglomération,Autre intersection,Autre,Sans collision,3,1,1,0,1,2,7,3,1,50,1,1,0,0,0,1,61.0,,voiture,,4,1,9,9,7
202200013187,2022-09-11 02:15:00,2022,9,11,2,15,50,50041,Herquetot Vasteville,49.58994,-1.768997,Nuit sans éclairage public,Hors agglomération,Hors intersection,Brouillard / fumée,Autre collision,3,2,2,0,4,3,1,0,3,50,1,1,0,1,0,0,46.0,,voiture,,3,1,1,5,6
202200013188,2022-03-16 18:45:00,2022,3,16,18,45,95,95052,Rue Léon Siméon,49.1388609242,2.2884553671,Nuit avec éclairage allumé,En agglomération,Hors intersection,Normale,Deux véhicules - côté,4,2,2,0,1,1,1,0,1,30,2,2,1,0,0,1,20.0,18.0,voiture,deux_roues,5,2,1,1,3
202200013189,2022-05-28 18:30:00,2022,5,28,18,30,35,35013,D873,47.719378,-2.096203,Plein jour,Hors agglomération,Hors intersection,Normale,Deux véhicules - arrière,3,2,2,0,1,1,1,0,1,80,2,2,1,0,1,0,51.0,86.0,deux_roues,voiture,1,1,1,1,2
202200013190,2022-03-10 15:40:00,2022,3,10,15,40,95,95058,RD 929,49.1573434597,2.2889220715,Plein jour,En agglomération,Giratoire,Normale,Deux véhicules - côté,3,4,4,0,1,1,1,0,1,50,2,2,1,0,0,1,50.0,79.0,voiture,voiture,1,2,6,1,3
202200013191,2022-09-11 00:05:00,2022,9,11,0,5,35,35228,La Ville au Monnier,48.592436,-2.109328,Nuit sans éclairage public,En agglomération,Hors intersection,Normale,Deux véhicules - frontale,3,2,2,0,1,1,1,0,1,70,2,3,0,0,1,2,35.0,80.0,voiture,voiture,3,2,1,1,1
202200013192,2022-12-22 17:35:00,2022,12,22,17,35,45,45208,Rue du Faubourg de la Chaussee,47.99774,2.73655,Nuit avec éclairage allumé,En agglomération,Intersection en X,Pluie légère,Deux véhicules - côté,4,1,2,0,1,1,2,0,1,50,2,2,1,0,0,1,70.0,39.0,voiture,deux_roues,5,2,2,2,3
202200013193,2022-03-16 14:20:00,2022,3,16,14,20,68,68381,68 Route de Jungholtz,47.879826,7.212052,Plein jour,En agglomération,Intersection en Y,Normale,Autre collision,3,2,1,1,1,2,1,0,4,50,1,1,0,0,0,1,55.0,,voiture,,1,2,4,1,6
202200013194,2022-05-30 16:10:00,2022,5,30,16,10,34,34225,D612,43.374633,3.049264,Plein jour,Hors agglomération,Hors intersection,Normale,Deux véhicules - frontale,3,2,2,0,1,3,1,0,1,90,2,3,0,0,2,1,68.0,25.0,voiture,voiture,1,1,1,1,1
202200013195,2022-03-17 14:45:00,2022,3,17,14,45,22,22084,D16,48.407095,-2.34005,Plein jour,Hors agglomération,Autre intersection,Normale,Deux véhicules - côté,3,2,2,0,2,1,1,3,1,80,2,2,1,1,0,0,55.0,27.0,utilitaire_camion,deux_roues,1,1,9,1,3
202200013196,2022-12-22 23:00:00,2022,12,22,23,0,44,44114,318 Route de Vannes,47.252472,-1.623703,Nuit avec éclairage non allumé,En agglomération,Hors intersection,Pluie forte,Trois véhicules et plus - collisions multiples,7,2,3,0,1,1,2,9,1,50,3,3,2,1,0,0,68.0,25.0,voiture,voiture,4,2,1,3,5
202200013197,2022-05-30 07:10:00,2022,5,30,7,10,26,26096,D114,45.080525,4.955167,Plein jour,Hors agglomération,Hors intersection,Normale,Deux véhicules - frontale,3,2,2,0,1,1,1,5,1,80,2,2,1,0,1,0,18.0,67.0,deux_roues,voiture,1,1,1,1,1
202200013198,2022-09-10 16:55:00,2022,9,10,16,55,59,59115,sentier du marais,50.2705249012,3.1377580762,Plein jour,En agglomération,Hors intersection,Normale,Sans collision,4,-1,1,0,1,1,6,0,8,30,1,2,0,0,0,2,29.0,,deux_roues,,1,2,1,1,7
202200013199,2022-03-15 21:00:00,2022,3,15,21,0,57,57599,CD19,49.207491,6.471848,Nuit sans éclairage public,Hors agglomération,Hors intersection,Normale,Autre collision,3,2,2,0,1,1,1,0,3,80,1,1,0,0,1,0,18.0,,voiture,,3,1,1,1,6
202200013200,2022-12-23 14:50:00,2022,12,23,14,50,42,42071,Avenue Parmentier,46.02867,4.08836,Plein jour,En agglomération,Hors intersection,Temps couvert,Autre collision,3,2,2,0,1,1,1,0,1,50,1,2,1,0,0,1,20.0,,voiture,,1,2,1,8,6
202200013201,2022-09-09 16:50:00,2022,9,9,16,50,13,13210,A50-Sens Marseille vers Aubagne,43.2829,5.4033,Plein jour,Hors agglomération,Hors intersection,Normale,Deux véhicules - côté,1,3,3,0,1,1,1,0,1,90,2,2,0,0,0,2,22.0,35.0,voiture,deux_roues,1,1,1,1,3
202200013202,2022-03-16 15:23:00,2022,3,16,15,23,95,95352,Avenue du Maréchal-Joffre,49.1179512807,2.4230110645,Plein jour,En agglomération,Hors intersection,Normale,Deux véhicules - côté,4,2,2,0,1,1,1,0,1,30,2,2,1,0,0,1,18.0,72.0,deux_roues,voiture,1,2,1,1,3
202200013203,2022-05-30 15:50:00,2022,5,30,15,50,69,69043,7 Boulevard des Vergers,45.71687,4.761919,Plein jour,En agglomération,Hors intersection,Normale,Deux véhicules - frontale,4,2,2,2,1,3,1,0,1,50,2,3,2,0,1,0,36.0,17.0,transport_commun,deux_roues,1,2,1,1,1
202200013204,2022-12-23 18:00:00,2022,12,23,18,0,38,38421,BARNAVE (RUE),45.1888371057,5.7624479031,Nuit avec éclairage allumé,En agglomération,Hors intersection,Pluie légère,Autre collision,4,2,2,0,1,1,2,0,1,50,1,3,2,0,1,0,54.0,,voiture,,5,2,1,2,6
202200013205,2022-09-10 12:20:00,2022,9,10,12,20,33,33003,AUTOROUTE A 10,44.932077,-0.468132,Plein jour,Hors agglomération,Hors intersection,Normale,Deux véhicules - côté,1,3,6,0,1,1,1,0,1,130,2,4,2,0,0,2,34.0,75.0,deux_roues,voiture,1,1,1,1,3
202200013206,2022-03-17 08:30:00,2022,3,17,8,30,2B,2B242,RT10 - PR 132+100,42.4093418284,9.5310232014,Plein jour,Hors agglomération,Hors intersection,Normale,Trois véhicules et plus - en chaîne,2,2,2,0,1,1,1,0,1,80,3,5,1,0,0,4,42.0,26.0,voiture,voiture,1,1,1,1,4
202200013207,2022-05-29 21:45:00,2022,5,29,21,45,83,83086,autoroute A8 PK 121.200,43.4605199808,6.5948867798,Nuit sans éclairage public,Hors agglomération,Hors intersection,Normale,Deux véhicules - arrière,1,3,5,0,1,1,1,0,1,130,2,5,1,0,0,4,55.0,41.0,voiture,voiture,3,1,1,1,2
202200013208,2022-09-10 17:22:00,2022,9,10,17,22,91,91534,RN 118,48.73156,2.16702,Plein jour,Hors agglomération,Hors intersection,Temps couvert,Sans collision,2,1,2,0,1,1,2,0,1,90,1,1,0,0,0,1,25.0,,deux_roues,,1,1,1,8,7
202200013209,2022-12-24 00:35:00,2022,12,24,0,35,37,37261,HALLES (PLACE DES),47.39089,0.68177,Nuit avec éclairage allumé,Hors agglomération,Hors intersection,Pluie légère,Autre collision,6,-1, -1,0,1,1,2,1,8,5,1,4,3,0,0,1,26.0,,voiture,,5,1,1,2,6
202200013210,2022-03-16 18:55:00,2022,3,16,18,55,47,47239,Route de Castelmoron,44.41269,0.547416,Plein jour,Hors agglomération,Hors intersection,Normale,Sans collision,3,2,2,0,1,1,1,0,1,80,2,2,1,0,1,0,17.0,17.0,deux_roues,deux_roues,1,1,1,1,7
202200013211,2022-09-10 06:05:00,2022,9,10,6,5,94,94021,AUTOROUTE A6B,48.77,2.344,Nuit sans éclairage public,Hors agglomération,Hors intersection,Normale,Autre collision,1,3,3,0,1,3,2,0,1,90,1,1,0,0,0,1,26.0,,voiture,,3,1,1,1,6
202200013212,2022-05-29 11:05:00,2022,5,29,11,5,67,67437,Rue du Moulin,48.743494,7.360765,Plein jour,En agglomération,Intersection en T,Normale,Autre collision,4,1,1,0,1,1,1,0,8,40,1,2,1,0,0,1,66.0,,voiture,,1,2,3,1,6
202200013213,2022-12-23 14:15:00,2022,12,23,14,15,37,37261,GANCE (BOULEVARD ABEL),47.42048,0.71672,Plein jour,En agglomération,Hors intersection,Normale,Autre collision,7,2,4,0,1,1,2,0,1,70,1,1,0,0,0,1,36.0,,voiture,,1,2,1,1,6
202200013214,2022-03-15 06:30:00,2022,3,15,6,30,86,86045,D97,46.435816,0.186875,Crépuscule ou aube,Hors agglomération,Hors intersection,Normale,Sans collision,3,2,2,0,1,1,1,0,3,80,1,1,0,0,1,0,49.0,,voiture,,2,1,1,1,7
202200013215,2022-05-29 20:50:00,2022,5,29,20,50,62,62599,D224,50.750868,1.866592,Plein jour,Hors agglomération,Hors intersection,Normale,Autre collision,3,2,2,0,1,1,9,0,1,80,1,1,0,0,1,0,46.0,,deux_roues,,1,1,1,1,6
202200013216,2022-12-23 14:03:00,2022,12,23,14,3,37,37208,ANDRE (AVENUE),47.36761,0.7309,Plein jour,En agglomération,Hors intersection,Temps couvert,Autre collision,4,3,4,0,1,1,2,0,1,50,1,1,0,0,0,1,19.0,,voiture,,1,2,1,8,6
202200013217,2022-09-09 22:20:00,2022,9,9,22,20,91,91286,AUTOROUTE A6,48.65196,2.3825,Nuit sans éclairage public,Hors agglomération,Hors intersection,Normale,Trois véhicules et plus - collisions multiples,1,1,6,0,1,1,1,0,1,110,3,4,3,0,0,1,43.0,40.0,voiture,utilitaire_camion,3,1,1,1,5
202200013218,2022-03-16 17:15:00,2022,3,16,17,15,68,68138,Rue des Mésanges,47.58711,7.258589,Plein jour,En agglomération,Autre intersection,Temps couvert,Sans collision,6,-1, -1,0,1,1,1,0,1,50,1,3,1,0,0,2,33.0,,voiture,,1,2,9,8,7
202200013219,2022-05-30 09:35:00,2022,5,30,9,35,38,38194,D1085,45.360416,5.433909,Plein jour,Hors agglomération,Intersection en X,Normale,Deux véhicules - côté,3,2,2,0,1,1,1,5,1,70,2,2,1,0,1,0,68.0,29.0,deux_roues,voiture,1,1,2,1,3
202200013220,2022-03-17 11:15:00,2022,3,17,11,15,25,25411,Rue Pasteur,47.054178,6.601352,Plein jour,En agglomération,Giratoire,Normale,Sans collision,3,-1, -1,0,1,2,1,0,1,50,1,1,0,0,1,0,30.0,,deux_roues,,1,2,6,1,7
202200013221,2022-12-23 08:40:00,2022,12,23,8,40,37,37261,VAILLANT (RUE EDOUARD),47.3869,0.69825,Plein jour,En agglomération,Hors intersection,Pluie légère,Deux véhicules - côté,4,2,2,0,1,1,2,0,1,50,2,2,1,0,0,1,36.0,34.0,deux_roues,voiture,1,2,1,2,3
202200013222,2022-03-16 18:20:00,2022,3,16,18,20,05,05055,La Faurie,44.570407,5.73658,Crépuscule ou aube,En agglomération,Hors intersection,Normale,Sans collision,4,2,2,0,2,4,1,0,3,50,1,2,1,0,1,0,17.0,,deux_roues,,2,2,1,1,7
202200013223,2022-12-23 20:20:00,2022,12,23,20,20,35,35238,VILLEBOIS MAREUIL (BD),48.1009891277,-1.649748981,Nuit avec éclairage allumé,En agglomération,Hors intersection,Normale,Autre collision,4,2,2,2,1,1,1,0,4,50,1,1,0,0,0,1,43.0,,deux_roues,,5,2,1,1,6