accident_id,datetime,annee,mois,jour,heure,minute,departement,commune_insee,adresse,latitude,longitude,luminosite,agglomeration,intersection,meteo,collision,catr,circ,nbv,vosp,prof,plan,surf,infra,situ,vma,nb_vehicules,nb_usagers,nb_indemnes,nb_tues,nb_blesses_hosp,nb_blesses_legers,age_cond_1,age_cond_2,veh_type_cond_1,veh_type_cond_2,lum_code,agg_code,int_code,atm_code,col_code
202200013316,2022-05-30 08:00:00,2022,5,30,8,0,07,07089,D109,45.313399,4.700364,Plein jour,Hors agglomération,Hors intersection,Normale,Deux véhicules - frontale,3,2,2,0,2,2,1,0,1,-1,2,2,1,0,1,0,41.0,17.0,utilitaire_camion,deux_roues,1,1,1,1,1
202200013317,2022-12-22 19:55:00,2022,12,22,19,55,974,97409,CHEMIN CENT GAULETTES,-20.94405,55.66173,Nuit avec éclairage allumé,En agglomération,Hors intersection,Normale,Autre collision,4,2,2,0,1,1,1,0,1,50,1,1,0,0,1,0,41.0,,voiture,,5,2,1,1,6
202200013318,2022-03-15 15:00:00,2022,3,15,15,0,974,97416,RN2 (2),-21.34929,55.5031,Plein jour,Hors agglomération,Hors intersection,Normale,Deux véhicules - arrière,2,2,2,0,1,1,1,0,1,80,2,2,1,0,0,1,83.0,44.0,voiture,utilitaire_camion,1,1,1,1,2
202200013319,2022-09-09 14:14:00,2022,9,9,14,14,2A,2A004,SEBASTIANU COSTA BD,41.94175,8.74871,Plein jour,En agglomération,Hors intersection,Normale,Deux véhicules - arrière,4,3,4,0,1,1,1,0,1,50,2,2,0,0,0,2,39.0,14.0,voiture,voiture,1,2,1,1,2
202200013320,2022-12-22 12:40:00,2022,12,22,12,40,69,69383,Rue Léon Jouhaux,45.75624,4.8541,Plein jour,En agglomération,Hors intersection,Normale,Autre collision,4,-1,1,0,1,1,1,0,3,30,1,1,0,0,0,1,34.0,,deux_roues,,1,2,1,1,6
202200013321,2022-05-29 01:35:00,2022,5,29,1,35,87,87027,Avenue des Pradelles,45.628103,1.039399,Nuit sans éclairage public,En agglomération,Hors intersection,Normale,Autre collision,3,2,2,0,2,1,1,0,3,50,1,3,0,0,1,2,19.0,,voiture,,3,2,1,1,6
202200013322,2022-03-15 16:50:00,2022,3,15,16,50,69,69388,Boulevard des Etats-Unis,45.73914,4.85982,Plein jour,En agglomération,Intersection en T,Temps couvert,Deux véhicules - côté,4,2,2,3,1,1,1,0,1,50,2,2,1,0,0,1,56.0,70.0,voiture,deux_roues,1,2,3,8,3
202200013323,2022-09-09 20:00:00,2022,9,9,20,0,95,95280,Boulevard Jules Ferry,49.0298257785,2.4782806635,Nuit sans éclairage public,En agglomération,Hors intersection,Normale,Deux véhicules - côté,4,2,2,0,1,1,1,0,1,50,2,2,1,0,0,1,17.0,38.0,voiture,voiture,3,2,1,1,3
202200013324,2022-05-29 20:40:00,2022,5,29,20,40,08,08448,D31d,49.879503,4.83031,Plein jour,Hors agglomération,Hors intersection,Normale,Autre collision,3,2,2,0,1,2,1,0,8,80,1,1,0,1,0,0,43.0,,utilitaire_camion,,1,1,1,1,6
202200013325,2022-12-22 06:50:00,2022,12,22,6,50,69,69388,Boulevard des Etats-Unis,45.73726,4.86156,Nuit avec éclairage allumé,En agglomération,Intersection en X,Normale,Deux véhicules - côté,4,2,2,3,1,1,1,0,1,50,2,2,1,0,0,1,25.0,62.0,deux_roues,utilitaire_camion,5,2,2,1,3
202200013326,2022-09-09 09:00:00,2022,9,9,9,0,91,91201,BD HENRI BARBUSSE,48.664842,2.419577,Plein jour,En agglomération,Hors intersection,Temps couvert,Autre collision,4,2,2,0,1,1,1,6,1,50,1,2,1,0,0,1,71.0,,voiture,,1,2,1,8,6
202200013327,2022-03-15 13:00:00,2022,3,15,13,0,69,69199,Avenue Jean Jaurès,45.713,4.855,Plein jour,En agglomération,Hors intersection,Normale,Autre collision,7,3,2,0,1,1,1,0,1,50,1,2,0,0,0,1,,,voiture,,1,2,1,1,6
202200013328,2022-12-22 16:08:00,2022,12,22,16,8,69,69382,10 Rue de la Barre,45.7576038947,4.8355168104,Plein jour,En agglomération,Hors intersection,Pluie légère,Autre collision,4,1,1,2,1,1,2,0,5,30,1,2,1,0,0,1,28.0,,deux_roues,,1,2,1,2,6
202200013329,2022-05-30 09:10:00,2022,5,30,9,10,31,31462,"A68, PK 005.309, en direction de TOULOUSE",43.65483,1.531622,Plein jour,Hors agglomération,Hors intersection,Normale,Deux véhicules - arrière,1,3,4,0,2,1,1,0,1,-1,2,2,1,0,0,1,48.0,42.0,deux_roues,voiture,1,1,1,1,2
202200013330,2022-09-08 12:30:00,2022,9,8,12,30,87,87085,BEAUPUY (RUE DE),45.83958,1.25108,Plein jour,En agglomération,Intersection en T,Normale,Autre collision,4,2,2,0,1,1,1,0,1,30,1,1,0,0,0,1,40.0,,deux_roues,,1,2,3,1,6
202200013331,2022-12-16 08:10:00,2022,12,16,8,10,91,91549,ROGER MARTIN DU GARD (RUE),48.63964,2.34154,Crépuscule ou aube,En agglomération,Intersection en T,Temps couvert,Autre collision,4,2,2,0,1,1,1,0,1,50,1,2,1,0,1,0,21.0,,voiture,,2,2,3,8,6
202200013332,2022-03-15 10:48:00,2022,3,15,10,48,69,69388,Avenue Jean Mermoz,45.7306368916,4.8876143983,Plein jour,En agglomération,Hors intersection,Temps couvert,Trois véhicules et plus - en chaîne,2,2,4,0,1,1,2,0,1,50,3,4,2,0,0,2,38.0,45.0,voiture,voiture,1,2,1,8,4
202200013333,2022-05-26 12:30:00,2022,5,26,12,30,34,34082,Route Départementale N° 127,43.663936,3.765696,Plein jour,Hors agglomération,Hors intersection,Normale,Deux véhicules - côté,3,2,2,0,1,1,1,0,1,90,2,4,2,1,1,0,45.0,48.0,deux_roues,voiture,1,1,1,1,3
202200013334,2022-09-02 13:48:00,2022,9,2,13,48,87,87085,SOLIGNAC (RUE DE),45.80729,1.26465,Plein jour,En agglomération,Intersection en T,Normale,Autre collision,4,2,2,0,2,2,1,0,1,50,1,1,0,0,1,0,22.0,,deux_roues,,1,2,3,1,6
202200013335,2022-12-22 13:12:00,2022,12,22,13,12,91,91377,AV DE L EUROPE,48.72695,2.27707,Plein jour,En agglomération,Hors intersection,Normale,Autre collision,3,-1,4,0,1,1,2,0,1,50,1,2,1,0,0,1,37.0,,voiture,,1,2,1,1,6
202200013336,2022-05-30 11:55:00,2022,5,30,11,55,38,38030,D1085,45.34954,5.464679,Plein jour,Hors agglomération,Hors intersection,Normale,Trois véhicules et plus - collisions multiples,3,2,2,0,2,2,1,0,1,90,3,4,3,1,0,0,67.0,47.0,voiture,utilitaire_camion,1,1,1,1,5
202200013337,2022-03-15 09:15:00,2022,3,15,9,15,69,69388,Rue Professeur Beauvisage,45.72896,4.86666,Plein jour,En agglomération,Intersection en T,Temps couvert,Deux véhicules - côté,4,2,2,2,1,1,2,0,1,50,2,2,1,0,0,1,23.0,67.0,deux_roues,voiture,1,2,3,8,3
202200013338,2022-12-22 15:40:00,2022,12,22,15,40,91,91514,RUE DE BOISSY ST LEGER,48.675,2.5358,Plein jour,En agglomération,Hors intersection,Pluie légère,Deux véhicules - arrière,3,2,2,0,1,1,2,0,1,50,2,3,2,0,0,1,51.0,,voiture,autre,1,2,1,2,2
202200013339,2022-05-30 16:45:00,2022,5,30,16,45,11,11322,"A9 , pk 208+100, sens S/N",43.034157,2.952919,Plein jour,Hors agglomération,Hors intersection,Normale,Deux véhicules - arrière,1,3,5,0,1,1,1,0,2,130,2,3,2,1,0,0,65.0,56.0,voiture,utilitaire_camion,1,1,1,1,2
202200013340,2022-09-07 04:45:00,2022,9,7,4,45,83,83123,GARE (ROUTE),43.11956,5.812745,Nuit avec éclairage allumé,En agglomération,Autre intersection,Normale,Deux véhicules - arrière,3,3,2,0,1,1,2,0,1,50,2,2,1,0,1,0,63.0,54.0,utilitaire_camion,deux_roues,5,2,9,1,2
202200013341,2022-03-15 00:44:00,2022,3,15,0,44,69,69388,Avenue Berthelot,45.73761,4.86551,Nuit avec éclairage allumé,En agglomération,Intersection en X,Pluie légère,Deux véhicules - côté,4,1,2,3,1,1,2,0,1,50,2,2,1,0,1,0,41.0,27.0,deux_roues,voiture,5,2,2,2,3
202200013342,2022-12-22 13:05:00,2022,12,22,13,5,91,91479,RTE DE FONTAINEBLEAU,48.719,2.37,Plein jour,Hors agglomération,Hors intersection,Pluie légère,Deux véhicules - arrière,3,1,2,0,1,1,2,1,1,70,2,2,0,0,1,1,23.0,29.0,voiture,voiture,1,1,1,2,2
202200013343,2022-05-25 06:00:00,2022,5,25,6,0,13,13051,A7 Pk 237+200,43.617126,5.139477,Crépuscule ou aube,Hors agglomération,Hors intersection,Normale,Trois véhicules et plus - collisions multiples,1,3,5,0,1,1,1,0,1,130,3,3,2,0,0,1,24.0,19.0,voiture,voiture,2,1,1,1,5
202200013344,2022-03-15 12:35:00,2022,3,15,12,35,972,97213,AEROPORT (ROND POINT DE L'),14.59904,-61.00204,Plein jour,Hors agglomération,Hors intersection,Normale,Autre collision,4,-1,2,0,2,3,1,0,1,50,1,2,0,0,0,2,46.0,,deux_roues,,1,1,1,1,6
202200013345,2022-09-09 23:10:00,2022,9,9,23,10,81,81065,TOURCAUDIERE (QUAI),43.60607,2.24258,Nuit avec éclairage allumé,En agglomération,Hors intersection,Normale,Deux véhicules - côté,4,1,1,0,1,1,9,9,1,50,2,2,0,0,0,2,15.0,20.0,deux_roues,deux_roues,5,2,1,1,3
202200013346,2022-03-15 08:33:00,2022,3,15,8,33,972,97209,BISHOP (Avenue Maurice),14.61141,-61.05392,Plein jour,En agglomération,Hors intersection,Pluie légère,Autre collision,2,3,6,3,1,1,2,9,1,50,1,2,1,0,0,1,51.0,,utilitaire_camion,,1,2,1,2,6
202200013347,2022-12-21 19:25:00,2022,12,21,19,25,88,88413,Rue du 31éme BCP,48.28347,6.95607,Nuit avec éclairage allumé,En agglomération,Intersection en X,Normale,Deux véhicules - côté,4,2,2,0,1,1,2,5,1,50,2,3,2,0,0,1,19.0,29.0,deux_roues,voiture,5,2,2,1,3
202200013348,2022-09-09 08:40:00,2022,9,9,8,40,78,78551,SAINT FIACRE (AVENUE),48.89516,2.07228,Plein jour,En agglomération,Hors intersection,Pluie légère,Autre collision,4,2,2,0,2,1,2,0,1,30,1,2,1,0,0,1,18.0,,deux_roues,,1,2,1,2,6
202200013349,2022-05-25 14:05:00,2022,5,25,14,5,73,73257,D117 saint jean de belleville,45.425592,6.48515,Plein jour,Hors agglomération,Intersection en T,Normale,Deux véhicules - côté,3,2,2,0,1,3,1,0,1,80,2,2,1,0,1,0,58.0,28.0,deux_roues,utilitaire_camion,1,1,3,1,3
202200013350,2022-03-15 09:00:00,2022,3,15,9,0,69,69389,Rue Professeur Patel,45.7672073415,4.7910314798,Plein jour,En agglomération,Hors intersection,Normale,Autre collision,4,2,2,0,2,3,2,2,1,50,1,2,1,0,1,0,58.0,,voiture,,1,2,1,1,6
202200013351,2022-09-09 09:00:00,2022,9,9,9,0,78,78440,MARECHAL FOCH (AVENUE DU),48.989127,1.898316,Plein jour,En agglomération,Hors intersection,Normale,Autre collision,3,2,2,0,1,1,1,0,1,50,1,2,1,0,0,1,50.0,,voiture,,1,2,1,1,6
202200013352,2022-12-22 21:25:00,2022,12,22,21,25,79,79300,,46.99679,-0.20779,Nuit sans éclairage public,En agglomération,Hors intersection,Pluie légère,Autre collision,6,-1,0,0,1,1,2,0,8,10,1,3,2,0,0,1,25.0,,voiture,,3,2,1,2,6
202200013353,2022-03-14 09:00:00,2022,3,14,9,0,2B,2B037,TOUTES RUES,42.6050929746,9.4381435498,Plein jour,Hors agglomération,Hors intersection,Pluie légère,Deux véhicules - arrière,2,2,4,0,1,1,2,0,1,90,2,2,1,0,0,1,30.0,36.0,voiture,voiture,1,1,1,2,2
202200013354,2022-05-29 07:00:00,2022,5,29,7,0,33,33005,12 Boulevard de la République,44.732376,-1.079814,Plein jour,En agglomération,Intersection en X,Normale,Deux véhicules - côté,4,2,2,0,1,1,1,0,1,50,2,2,1,0,1,0,17.0,70.0,deux_roues,voiture,1,2,2,1,3
202200013355,2022-09-09 07:02:00,2022,9,9,7,2,78,78498,LYAUTEY AV DU MARECHAL,48.922164,2.024855,Crépuscule ou aube,En agglomération,Hors intersection,Normale,Deux véhicules - frontale,4,2,2,0,1,1,1,0,8,30,2,2,1,0,0,1,34.0,40.0,voiture,voiture,2,2,1,1,1
202200013356,2022-03-15 20:25:00,2022,3,15,20,25,971,97113,RN4 - SECTION RIVIERA,16.2175986364,-61.4938319474,Nuit avec éclairage allumé,Hors agglomération,Autre intersection,Normale,Autre collision,2,3,1,0,1,1,1,9,1,70,1,1,0,0,0,1,23.0,,autre,,5,1,9,1,6
202200013357,2022-12-22 08:10:00,2022,12,22,8,10,72,72181,BONNETABLE (RTE) N° IMP,48.0208,0.22626,Nuit avec éclairage allumé,En agglomération,Autre intersection,Normale,Autre collision,4,2,0,0,1,1,1,0,1,50,1,2,1,0,0,1,75.0,,voiture,,5,2,9,1,6
202200013358,2022-05-28 18:35:00,2022,5,28,18,35,78,78506,"A11, pk034+900, direction Province",48.519072,1.795727,Plein jour,Hors agglomération,Hors intersection,Normale,Sans collision,1,3,3,0,1,1,1,0,8,130,1,4,3,0,0,1,54.0,,voiture,,1,1,1,1,7
202200013359,2022-12-21 13:19:00,2022,12,21,13,19,72,72181,GENESLAY FELIX (AV) N° IMP 385 ET plus,47.969,0.204,Plein jour,En agglomération,Hors intersection,Pluie légère,Autre collision,4,-1,0,0,1,1,2,0,1,50,1,2,1,0,0,1,92.0,,voiture,,1,2,1,2,6
202200013360,2022-03-05 23:50:00,2022,3,5,23,50,971,97101,RN11,16.25862,-61.51149,Nuit avec éclairage allumé,En agglomération,Autre intersection,Autre,Sans collision,2,3,2,0,1,3,2,0,4,50,1,1,0,0,0,1,26.0,,deux_roues,,5,2,9,9,7
202200013361,2022-05-23 20:15:00,2022,5,23,20,15,987,98714,vaitape,-16.495417,-151.738889,Nuit avec éclairage allumé,En agglomération,Place,Normale,Sans collision,9,2,2,0,1,1,1,0,8,40,1,1,0,0,1,0,50.0,,deux_roues,,5,2,7,1,7
202200013362,2022-09-09 21:40:00,2022,9,9,21,40,76,76565,RD 915,49.87365,1.0995,Nuit avec éclairage allumé,Hors agglomération,Giratoire,Pluie légère,Autre collision,3,2,2,0,2,2,2,9,1,80,1,3,1,0,0,2,19.0,,voiture,,5,1,6,2,6
202200013363,2022-12-21 09:45:00,2022,12,21,9,45,71,71306,DE LATTRE DE TASSIGNY (BLD DU MARECHAL),46.67684,4.37075,Plein jour,En agglomération,Hors intersection,Normale,Autre collision,4,2,2,0,1,1,1,0,1,50,1,1,0,0,1,0,77.0,,voiture,,1,2,1,1,6
202200013364,2022-03-14 15:00:00,2022,3,14,15,0,971,97113,SECTION GRANDE RAVINE,16.2103923161,-61.4728349447,Plein jour,Hors agglomération,Hors intersection,Normale,Deux véhicules - côté,2,2,2,0,1,1,1,0,1,70,2,2,1,0,1,0,38.0,21.0,voiture,deux_roues,1,1,1,1,3
202200013365,2022-05-26 15:15:00,2022,5,26,15,15,988,98821,Bangou (Tribu),-22.06297,166.26151,Plein jour,Hors agglomération,Hors intersection,Normale,Autre collision,4,2,2,0,1,3,1,0,3,90,1,1,0,1,0,0,44.0,,voiture,,1,1,1,1,6
202200013366,2022-05-24 19:30:00,2022,5,24,19,30,77,77510,D88A,48.827061,2.790635,Plein jour,Hors agglomération,Hors intersection,Normale,Sans collision,3,-1,2,0,1,3,1,0,8,-1,1,1,0,0,0,1,26.0,,deux_roues,,1,1,1,1,7
202200013367,2022-03-14 11:22:00,2022,3,14,11,22,2A,2A004,BEL HORIZONTE RCE AV DU MONT THABOR,41.93391,8.75483,Plein jour,En agglomération,Autre intersection,Normale,Deux véhicules - côté,4,2,1,0,2,1,1,0,1,50,2,2,1,0,0,1,36.0,30.0,deux_roues,utilitaire_camion,1,2,9,1,3
202200013368,2022-05-29 16:00:00,2022,5,29,16,0,91,91405,Rue des Pins,48.396955,2.415887,Plein jour,Hors agglomération,Hors intersection,Normale,Sans collision,3,2,2,0,1,1,1,0,1,50,1,1,0,1,0,0,23.0,,deux_roues,,1,1,1,1,7
202200013369,2022-09-09 14:45:00,2022,9,9,14,45,74,74012,ESSERTS (RUE DES),46.19808,6.26382,Plein jour,En agglomération,Intersection en X,Normale,Deux véhicules - côté,4,2,2,0,1,1,1,0,1,50,2,2,1,0,0,1,38.0,39.0,voiture,deux_roues,1,2,2,1,3
202200013370,2022-12-21 13:55:00,2022,12,21,13,55,70,70550,GROSJEAN (RUE),47.617125663,6.1605660617,Plein jour,En agglomération,Intersection en X,Normale,Deux véhicules - côté,4,-1,2,0,1,1,1,5,8,50,2,2,1,0,1,0,44.0,15.0,voiture,deux_roues,1,2,2,1,3
202200013371,2022-03-15 18:25:00,2022,3,15,18,25,91,91312,COLLET (PLACE FRANCOIS),48.74186,2.22645,Crépuscule ou aube,En agglomération,Intersection en T,Normale,Autre collision,4,2,2,0,2,1,2,9,1,50,1,2,1,0,0,1,77.0,,voiture,,2,2,3,1,6
202200013372,2022-05-30 07:50:00,2022,5,30,7,50,2B,2B042,T11,42.589275,9.439369,Plein jour,Hors agglomération,Hors intersection,Normale,Deux véhicules - arrière,2,3,4,0,1,1,1,0,1,110,3,3,2,0,1,0,63.0,20.0,voiture,voiture,1,1,1,1,2
202200013373,2022-03-15 13:30:00,2022,3,15,13,30,91,91114,AV DU GAL LECLERC,48.68704,2.49313,Plein jour,En agglomération,Hors intersection,Pluie légère,Deux véhicules - arrière,3,1,2,0,1,1,2,0,1,50,2,2,1,0,0,1,22.0,57.0,voiture,utilitaire_camion,1,2,1,2,2
202200013374,2022-09-06 16:20:00,2022,9,6,16,20,74,74012,AMOUREUX (RUE DES),46.19099,6.23776,Plein jour,En agglomération,Hors intersection,Normale,Autre collision,4,1,1,0,1,1,1,0,1,30,1,1,0,0,0,1,10.0,,deux_roues,,1,2,1,1,6
202200013375,2022-12-21 13:10:00,2022,12,21,13,10,69,69264,Avenue de l’Europe,45.9885358145,4.7433614731,Plein jour,En agglomération,Hors intersection,Normale,Deux véhicules - arrière,3,2,2,2,1,1,1,0,1,50,2,3,1,0,0,2,31.0,49.0,voiture,voiture,1,2,1,1,2
202200013376,2022-03-15 08:15:00,2022,3,15,8,15,91,91589,RUE DE MORSANG,48.671903,2.35455,Plein jour,En agglomération,Hors intersection,Pluie légère,Autre collision,4,2,2,0,1,1,2,0,1,50,1,4,2,0,0,2,45.0,,voiture,,1,2,1,2,6
202200013377,2022-05-30 15:00:00,2022,5,30,15,0,84,84042,Route de Vaugines (D56),43.776943,5.4276,Plein jour,Hors agglomération,Hors intersection,Normale,Deux véhicules - frontale,3,2,2,0,1,1,1,0,1,80,2,3,2,0,1,0,60.0,55.0,deux_roues,voiture,1,1,1,1,1
202200013378,2022-09-09 19:20:00,2022,9,9,19,20,72,72181,MAC JEAN (AV) N° PAIRS 308 ET plus,47.97427,0.24255,Crépuscule ou aube,En agglomération,Autre intersection,Pluie légère,Sans collision,3,3,1,1,1,2,2,0,1,50,2,2,1,0,0,1,,16.0,voiture,deux_roues,2,2,9,2,7
202200013379,2022-03-14 12:31:00,2022,3,14,12,31,87,87085,CASSEAUX (AVE DES) (VC),45.8358615386,1.2755366564,Plein jour,En agglomération,Hors intersection,Normale,Deux véhicules - côté,6,-1, -1,0,1,1,1,0,1,30,2,2,1,0,0,1,24.0,46.0,deux_roues,voiture,1,2,1,1,3
202200013380,2022-05-29 21:00:00,2022,5,29,21,0,83,83027,Avenue de la libération,43.19335,5.756428,Plein jour,En agglomération,Hors intersection,Normale,Autre collision,3,2,2,0,2,1,1,0,3,50,1,1,0,0,0,1,44.0,,voiture,,1,2,1,1,6
202200013381,2022-12-23 01:50:00,2022,12,23,1,50,69,69290,Rue Condorcet,45.70475,4.91561,Nuit avec éclairage allumé,En agglomération,Intersection en X,Pluie légère,Deux véhicules - côté,4,2,2,0,1,1,2,0,1,50,2,2,1,0,0,1,67.0,36.0,utilitaire_camion,voiture,5,2,2,2,3
202200013382,2022-03-12 05:30:00,2022,3,12,5,30,83,83034,RUE DES 3 PINS,43.1069904807,6.0507658124,Nuit avec éclairage allumé,Hors agglomération,Hors intersection,Pluie légère,Sans collision,3,2,2,0,1,1,2,0,1,70,1,3,1,0,0,2,19.0,,voiture,,5,1,1,2,7
202200013383,2022-09-09 02:20:00,2022,9,9,2,20,71,71306,JEAN DIDIER (RUE),46.6559585221,4.3494653215,Nuit avec éclairage allumé,En agglomération,Hors intersection,Normale,Autre collision,4,2,2,0,1,1,1,0,1,50,1,1,0,0,1,0,33.0,,voiture,,5,2,1,1,6
202200013384,2022-03-15 18:05:00,2022,3,15,18,5,79,79191,Rue de Cholette,46.34203,-0.45238,Plein jour,En agglomération,Giratoire,Normale,Deux véhicules - côté,4,2,2,0,2,2,1,5,1,50,2,2,1,0,0,1,50.0,38.0,deux_roues,voiture,1,2,6,1,3
202200013385,2022-09-09 18:30:00,2022,9,9,18,30,67,67180,RD 1062,48.82787,7.75544,Plein jour,Hors agglomération,Giratoire,Pluie légère,Deux véhicules - côté,3,2,2,0,1,3,2,5,1,50,2,2,1,0,0,1,23.0,17.0,voiture,deux_roues,1,1,6,2,3
202200013386,2022-12-21 07:00:00,2022,12,21,7,0,64,64545,ROUTE D'IBARDIN,43.33357,-1.68741,Nuit sans éclairage public,Hors agglomération,Hors intersection,Normale,Deux véhicules - frontale,3,2,2,0,4,1,2,0,1,50,2,2,0,0,2,0,22.0,27.0,voiture,voiture,3,1,1,1,1
202200013387,2022-03-15 19:45:00,2022,3,15,19,45,77,77445,D151,48.58727,2.59322,Nuit sans éclairage public,En agglomération,Giratoire,Normale,Autre collision,3,2,2,0,1,1,1,0,1,50,1,2,1,0,1,0,58.0,,utilitaire_camion,,3,2,6,1,6
202200013388,2022-03-15 09:55:00,2022,3,15,9,55,76,76481,MALANDAIN (RUE DU LIEUTENANT),49.55495,0.11733,Plein jour,En agglomération,Hors intersection,Normale,Sans collision,4,2,2,0,1,1,2,0,1,50,1,1,0,0,1,0,58.0,,deux_roues,,1,2,1,1,7
202200013389,2022-09-08 17:40:00,2022,9,8,17,40,67,67180,STRASBOURG (ROUTE DE),48.80321,7.76959,Plein jour,En agglomération,Intersection en T,Normale,Deux véhicules - côté,3,2,4,0,1,1,1,5,1,50,2,2,1,0,0,1,63.0,17.0,transport_commun,deux_roues,1,2,3,1,3
202200013390,2022-03-14 15:15:00,2022,3,14,15,15,76,76351,AUGUSTE BLANQUI,49.49831,0.16255,Plein jour,En agglomération,Intersection en Y,Normale,Deux véhicules - côté,4,2,2,0,1,1,1,0,1,50,2,2,1,0,0,1,39.0,75.0,voiture,voiture,1,2,4,1,3
202200013391,2022-03-15 07:40:00,2022,3,15,7,40,74,74298,EUROPE (AVENUE DE L'),46.17621,6.24215,Plein jour,En agglomération,Hors intersection,Pluie légère,Deux véhicules - côté,3,2,2,0,2,3,2,0,1,50,2,2,1,0,0,1,18.0,55.0,deux_roues,voiture,1,2,1,2,3
202200013392,2022-03-14 11:15:00,2022,3,14,11,15,74,74012,BRIAND (RUE ARISITIDE),46.1914,6.2388,Plein jour,En agglomération,Intersection en X,Normale,Deux véhicules - frontale,4,1,3,2,1,1,1,5,1,50,2,2,1,0,0,1,19.0,43.0,deux_roues,voiture,1,2,2,1,1
202200013393,2022-09-09 17:35:00,2022,9,9,17,35,64,64189,Route d’Ascain,43.37589,-1.64729,Plein jour,Hors agglomération,Hors intersection,Normale,Deux véhicules - frontale,4,2,2,0,1,2,1,0,1,50,2,2,1,0,0,1,19.0,63.0,deux_roues,voiture,1,1,1,1,1
202200013394,2022-12-13 08:20:00,2022,12,13,8,20,62,62040,D210,50.723281,2.292332,Crépuscule ou aube,Hors agglomération,Intersection en X,Temps couvert,Deux véhicules - côté,3,2,2,0,3,1,1,2,1,70,2,2,0,0,1,1,33.0,61.0,voiture,voiture,2,1,2,8,3
202200013395,2022-03-14 14:45:00,2022,3,14,14,45,73,73008,Avenue du petit port,45.6947130895,5.8974294439,Plein jour,En agglomération,Intersection en X,Normale,Deux véhicules - côté,4,1,1,2,1,1,1,-1,1,30,2,2,1,0,1,0,34.0,56.0,voiture,deux_roues,1,2,2,1,3
202200013396,2022-09-09 12:20:00,2022,9,9,12,20,64,64189,Chemin de Sainte Anne,43.36761,-1.66467,Plein jour,Hors agglomération,Hors intersection,Temps couvert,Deux véhicules - frontale,4,2,0,0,1,2,1,0,1,50,2,2,0,0,0,2,48.0,40.0,deux_roues,deux_roues,1,1,1,8,1
202200013397,2022-12-13 17:40:00,2022,12,13,17,40,62,62525,Rue Rembrandt,50.7429,2.27181,Nuit avec éclairage allumé,En agglomération,Hors intersection,Normale,Autre collision,4,2,2,0,1,1,1,0,1,50,1,2,1,0,1,0,56.0,,voiture,,5,2,1,1,6
202200013398,2022-03-15 04:05:00,2022,3,15,4,5,72,72181,NATIONALE (RUE),47.9991500433,0.1995420454,Nuit avec éclairage allumé,En agglomération,Intersection en X,Pluie légère,Deux véhicules - côté,4,-1,2,0,1,1,2,0,1,30,2,4,3,0,0,1,42.0,23.0,voiture,deux_roues,5,2,2,2,3
202200013399,2022-09-09 11:00:00,2022,9,9,11,0,64,64445,rond point PIERRE BOURDIEU,43.32315,-0.32558,Plein jour,Hors agglomération,Giratoire,Pluie légère,Deux véhicules - côté,4,1,2,0,1,1,2,0,1,30,2,2,1,0,0,1,26.0,70.0,deux_roues,voiture,1,1,6,2,3
202200013400,2022-12-22 10:10:00,2022,12,22,10,10,59,59599,WATTINE (RUE CHARLES),50.71677,3.15851,Plein jour,En agglomération,Autre intersection,Temps couvert,Deux véhicules - arrière,7,-1,2,0,1,1,2,0,1,50,2,2,1,0,1,0,86.0,36.0,voiture,voiture,1,2,9,8,2
202200013401,2022-03-14 08:45:00,2022,3,14,8,45,72,72181,RD 23 (RTE),47.951964,0.1962,Plein jour,Hors agglomération,Hors intersection,Normale,Autre collision,3,3,2,0,1,1,1,0,3,90,1,1,0,0,0,1,53.0,,voiture,,1,1,1,1,6
202200013402,2022-03-13 19:40:00,2022,3,13,19,40,72,72181,DURAND GEORGES (AV) N° PAIRS 166 A 310,47.97489,0.21518,Nuit avec éclairage allumé,En agglomération,Hors intersection,Normale,Autre collision,4,2,2,0,1,1,1,0,1,50,1,2,1,0,0,1,25.0,,voiture,,5,2,1,1,6
202200013403,2022-09-09 17:20:00,2022,9,9,17,20,59,59650,DELECOURT (RUE ALFRED),50.7079266676,3.1866279244,Plein jour,En agglomération,Autre intersection,Normale,Deux véhicules - côté,7,1,2,1,1,1,1,0,1,50,2,2,1,0,0,1,41.0,55.0,voiture,voiture,1,2,9,1,3
202200013404,2022-12-22 07:10:00,2022,12,22,7,10,59,59650,FRATERNITE (BOULEVARD DE LA),50.7146581941,3.2026273012,Nuit avec éclairage allumé,En agglomération,Intersection en X,Pluie légère,Deux véhicules - côté,7,3,4,1,1,1,2,5,1,50,2,2,1,0,0,1,24.0,26.0,voiture,voiture,5,2,2,2,3
202200013405,2022-03-15 22:45:00,2022,3,15,22,45,69,69266,Boulevard Laurent Bonnevay,45.75214,4.90749,Nuit avec éclairage non allumé,En agglomération,Hors intersection,Normale,Autre collision,7,1,2,0,4,1,1,0,1,50,1,2,1,0,1,0,,,autre,,4,2,1,1,6
202200013406,2022-09-09 12:45:00,2022,9,9,12,45,59,59343,MEUNIERS RUE DES,50.5905757768,3.0891872942,Plein jour,En agglomération,Hors intersection,Pluie légère,Deux véhicules - arrière,4,2,1,0,1,1,2,0,1,30,2,2,1,0,0,1,42.0,29.0,voiture,deux_roues,1,2,1,2,2
202200013407,2022-03-15 18:30:00,2022,3,15,18,30,69,69275,Rue de la République,45.77057,4.95909,Plein jour,En agglomération,Intersection en X,Normale,Autre collision,7,2,3,2,1,1,1,0,4,50,1,1,0,0,0,1,50.0,,voiture,,1,2,2,1,6