accident_id,datetime,annee,mois,jour,heure,minute,departement,commune_insee,adresse,latitude,longitude,luminosite,agglomeration,intersection,meteo,collision,catr,circ,nbv,vosp,prof,plan,surf,infra,situ,vma,nb_vehicules,nb_usagers,nb_indemnes,nb_tues,nb_blesses_hosp,nb_blesses_legers,age_cond_1,age_cond_2,veh_type_cond_1,veh_type_cond_2,lum_code,agg_code,int_code,atm_code,col_code
202200013408,2022-12-22 08:20:00,2022,12,22,8,20,59,59360,AVINEE EUGENE AVENUE,50.60533,3.02949,Plein jour,En agglomération,Giratoire,Temps couvert,Deux véhicules - côté,4,1,2,0,1,1,2,0,1,50,2,2,1,0,1,0,50.0,35.0,utilitaire_camion,deux_roues,1,2,6,8,3
202200013409,2022-09-08 15:15:00,2022,9,8,15,15,59,59350,FAUBOURG DE BETHUNE RUE,50.6175049933,3.0269064009,Plein jour,En agglomération,Hors intersection,Temps couvert,Autre collision,7,-1,0,0,1,1,1,9,4,50,1,2,1,0,0,1,58.0,,utilitaire_camion,,1,2,1,8,6
202200013410,2022-03-15 08:50:00,2022,3,15,8,50,69,69290,Rue de l’Aviation,45.70645,4.94031,Plein jour,En agglomération,Giratoire,Temps couvert,Autre collision,4,2,2,2,2,1,1,0,1,50,1,2,1,0,0,1,24.0,,voiture,,1,2,6,8,6
202200013411,2022-12-22 13:30:00,2022,12,22,13,30,56,56083,LUMIERE ( AV. DES FRERES ),47.79938,-3.26055,Plein jour,En agglomération,Hors intersection,Pluie légère,Deux véhicules - côté,3,2,2,0,2,1,2,0,1,70,2,2,1,0,0,1,45.0,25.0,voiture,deux_roues,1,2,1,2,3
202200013412,2022-03-15 14:00:00,2022,3,15,14,0,69,69264,Route de Frans,45.9855543545,4.7218680382,Plein jour,En agglomération,Hors intersection,Normale,Deux véhicules - côté,6,-1,0,0,1,1,1,0,8,50,2,2,1,0,0,1,29.0,28.0,voiture,voiture,1,2,1,1,3
202200013413,2022-09-08 12:45:00,2022,9,8,12,45,54,54395,GEBHART (RUE EMILE),48.6755669372,6.1718139052,Plein jour,En agglomération,Intersection en X,Normale,Deux véhicules - côté,4,1,1,2,1,1,1,0,1,30,2,2,1,0,0,1,48.0,25.0,voiture,deux_roues,1,2,2,1,3
202200013414,2022-12-20 20:42:00,2022,12,20,20,42,56,56098,24 Rue Daniel Trudaine,47.77585,-3.33873,Nuit avec éclairage allumé,En agglomération,Hors intersection,Normale,Autre collision,3,3,2,0,1,1,2,0,1,50,1,2,1,1,0,0,36.0,,voiture,,5,2,1,1,6
202200013415,2022-09-09 21:04:00,2022,9,9,21,4,49,49007,RABELAIS,47.46426,-0.54852,Nuit avec éclairage allumé,En agglomération,Hors intersection,Normale,Deux véhicules - arrière,4,2,2,0,1,1,1,0,1,30,2,2,1,0,0,1,20.0,29.0,voiture,deux_roues,5,2,1,1,2
202200013416,2022-03-15 07:45:00,2022,3,15,7,45,67,67482,BRIGADE ALSACE LORRAINE (RUE DE LA),48.5775659972,7.7530217171,Plein jour,En agglomération,Intersection en T,Normale,Deux véhicules - côté,4,1,1,0,1,1,1,0,1,50,2,2,1,0,0,1,21.0,42.0,deux_roues,voiture,1,2,3,1,3
202200013417,2022-12-21 18:25:00,2022,12,21,18,25,56,56121,RUE LOUIS GUIGUEN,47.75601,-3.354921,Nuit avec éclairage allumé,En agglomération,Hors intersection,Pluie légère,Trois véhicules et plus - en chaîne,4,2,2,0,1,1,2,0,1,30,3,3,0,0,0,3,43.0,21.0,utilitaire_camion,voiture,5,2,1,2,4
202200013418,2022-03-12 19:00:00,2022,3,12,19,0,67,67482,PETIT MARAIS (RUE DU),48.5626485471,7.6945737,Nuit avec éclairage allumé,En agglomération,Hors intersection,Normale,Autre collision,4,2,2,0,1,1,1,0,4,30,1,2,1,0,0,1,,,voiture,,5,2,1,1,6
202200013419,2022-09-09 16:13:00,2022,9,9,16,13,49,49007,ROI RENE BOULEVARD,47.467514,-0.555849,Plein jour,En agglomération,Hors intersection,Normale,Deux véhicules - côté,4,2,4,0,4,1,1,0,1,30,2,2,1,0,0,1,19.0,45.0,deux_roues,voiture,1,2,1,1,3
202200013420,2022-12-22 21:45:00,2022,12,22,21,45,54,54395,MON DESERT (RUE),48.68344,6.17355,Nuit avec éclairage allumé,En agglomération,Intersection en X,Pluie forte,Autre collision,4,2,4,1,1,1,2,9,5,30,1,2,1,0,0,1,,,voiture,,5,2,2,3,6
202200013421,2022-09-09 06:52:00,2022,9,9,6,52,49,49007,LETANDUERE,47.4601527681,-0.5545561016,Crépuscule ou aube,En agglomération,Hors intersection,Normale,Sans collision,4,2,2,0,1,1,2,0,1,30,1,1,0,0,1,0,55.0,,deux_roues,,2,2,1,1,7
202200013422,2022-03-14 16:25:00,2022,3,14,16,25,67,67482,OBERHAUSBERGEN (ROUTE D ),48.59596,7.70784,Plein jour,En agglomération,Intersection en T,Normale,Deux véhicules - côté,7,2,4,2,1,1,1,0,1,50,2,2,1,0,1,0,27.0,55.0,deux_roues,utilitaire_camion,1,2,3,1,3
202200013423,2022-12-22 05:19:00,2022,12,22,5,19,54,54382,52 (ROUTE NATIONALE),49.54415,5.76711,Nuit sans éclairage public,Hors agglomération,Hors intersection,Pluie forte,Deux véhicules - arrière,2,2,2,0,2,1,2,0,1,90,2,2,0,0,0,2,49.0,27.0,voiture,voiture,3,1,1,3,2
202200013424,2022-09-08 14:00:00,2022,9,8,14,0,49,49007,Jean de la Fontaine,47.4614,-0.54893,Plein jour,En agglomération,Hors intersection,Normale,Deux véhicules - arrière,4,2,1,0,1,1,1,0,1,30,2,2,1,0,0,1,18.0,47.0,deux_roues,voiture,1,2,1,1,2
202200013425,2022-03-14 20:14:00,2022,3,14,20,14,66,66136,R D 900,42.73599,2.88464,Nuit sans éclairage public,Hors agglomération,Hors intersection,Normale,Autre collision,4,1,1,0,1,3,2,9,1,50,1,1,0,0,0,1,21.0,,voiture,,3,1,1,1,6
202200013426,2022-12-22 16:35:00,2022,12,22,16,35,51,51454,avenue d'Epernay,49.22992,4.01451,Nuit avec éclairage allumé,En agglomération,Giratoire,Pluie légère,Deux véhicules - côté,4,4,1,0,1,2,2,5,1,50,2,2,1,0,0,1,61.0,30.0,deux_roues,voiture,5,2,6,2,3
202200013427,2022-09-08 12:47:00,2022,9,8,12,47,49,49007,MOULIN BOULEVARD,47.49237,-0.55404,Plein jour,En agglomération,Hors intersection,Normale,Deux véhicules - arrière,4,2,2,0,1,1,2,0,1,50,2,2,1,0,0,1,50.0,52.0,voiture,deux_roues,1,2,1,1,2
202200013428,2022-03-14 08:25:00,2022,3,14,8,25,63,63113,LAFAYETTE (BD),45.7667,3.1074,Plein jour,En agglomération,Intersection en X,Normale,Deux véhicules - frontale,7,3,4,0,1,1,1,0,1,50,2,2,1,0,0,1,33.0,28.0,voiture,deux_roues,1,2,2,1,1
202200013429,2022-12-21 10:39:00,2022,12,21,10,39,49,49007,ATLANTIQUE  AVENUE DE L',47.46983,-0.58927,Plein jour,Hors agglomération,Hors intersection,Pluie forte,Autre collision,3,1,1,0,1,3,2,0,1,90,1,1,0,0,0,1,23.0,,voiture,,1,1,1,3,6
202200013430,2022-09-07 19:32:00,2022,9,7,19,32,49,49007,SAINT NICOLAS,47.47434,-0.56637,Plein jour,En agglomération,Hors intersection,Normale,Autre collision,4,2,2,0,1,1,1,0,1,30,1,2,1,0,0,1,34.0,,deux_roues,,1,2,1,1,6
202200013431,2022-03-15 02:00:00,2022,3,15,2,0,62,62126,DELBECQUE ( RUE ),50.517598,2.674581,Nuit avec éclairage allumé,En agglomération,Hors intersection,Normale,Autre collision,4,2,2,0,1,1,1,0,8,50,1,2,0,1,1,0,15.0,,voiture,,5,2,1,1,6
202200013432,2022-12-20 13:50:00,2022,12,20,13,50,49,49007,MONTAIGNE AVENUE,47.467,-0.5267,Plein jour,En agglomération,Hors intersection,Pluie légère,Sans collision,4,3,2,0,1,1,2,0,1,50,1,1,0,0,0,1,18.0,,deux_roues,,1,2,1,2,7
202200013433,2022-12-22 10:50:00,2022,12,22,10,50,48,48095,RD 25,44.5094,3.50441,Plein jour,En agglomération,Hors intersection,Temps couvert,Sans collision,3,2,2,0,2,1,2,0,3,90,1,2,1,0,0,1,17.0,,deux_roues,,1,2,1,8,7
202200013434,2022-09-08 16:45:00,2022,9,8,16,45,47,47323,DIODE (NORD),44.434526,0.77149,Plein jour,Hors agglomération,Hors intersection,Normale,Trois véhicules et plus - collisions multiples,3,2,2,0,1,1,1,0,1,80,3,3,1,0,0,2,44.0,50.0,voiture,voiture,1,1,1,1,5
202200013435,2022-03-15 08:00:00,2022,3,15,8,0,61,61001,CERISE (RUE DE),48.43495,0.106,Crépuscule ou aube,En agglomération,Intersection en X,Pluie légère,Deux véhicules - côté,4,2,2,0,1,1,2,0,1,30,2,2,1,0,0,1,23.0,23.0,voiture,deux_roues,2,2,2,2,3
202200013436,2022-03-15 11:45:00,2022,3,15,11,45,60,60057,Rue du Pont d’Arcole,49.425,2.0977,Plein jour,En agglomération,Hors intersection,Pluie légère,Autre collision,4,2,2,0,1,1,2,0,4,30,1,1,0,1,0,0,42.0,,voiture,,1,2,1,2,6
202200013437,2022-09-09 11:25:00,2022,9,9,11,25,45,45169,174bis Route Nationale,47.9289456729,1.8392550945,Plein jour,En agglomération,Hors intersection,Normale,Deux véhicules - côté,4,2,2,1,1,1,1,0,1,50,2,2,1,0,1,0,43.0,21.0,voiture,deux_roues,1,2,1,1,3
202200013438,2022-12-22 08:15:00,2022,12,22,8,15,45,45234,90 Rue de Coulmiers,47.91186,1.89711,Plein jour,En agglomération,Intersection en X,Normale,Deux véhicules - côté,4,1,1,1,2,1,2,0,1,50,2,2,1,0,0,1,52.0,63.0,voiture,deux_roues,1,2,2,1,3
202200013439,2022-09-09 14:50:00,2022,9,9,14,50,43,43002,Avenue de Bonneville,45.04996,3.88144,Plein jour,En agglomération,Giratoire,Normale,Deux véhicules - côté,3,1,1,0,1,2,1,5,1,50,2,2,0,0,1,1,64.0,17.0,voiture,deux_roues,1,2,6,1,3
202200013440,2022-03-15 14:15:00,2022,3,15,14,15,59,59328,DESCAMPS EUGENE RUE,50.6504469297,3.0048918128,Plein jour,En agglomération,Hors intersection,Normale,Trois véhicules et plus - en chaîne,7,-1,1,0,1,1,1,0,1,50,3,4,3,0,0,1,28.0,39.0,voiture,voiture,1,2,1,1,4
202200013441,2022-12-22 22:30:00,2022,12,22,22,30,44,44109,Quai Ceineray,47.22135,-1.55182,Nuit avec éclairage allumé,En agglomération,Intersection en T,Pluie forte,Autre collision,4,2,2,1,1,1,2,0,1,30,2,2,1,0,0,1,18.0,27.0,voiture,deux_roues,5,2,3,3,6
202200013442,2022-09-09 13:00:00,2022,9,9,13,0,37,37261,MAGINOT (AV. ANDRE),47.4203712094,0.6944024563,Plein jour,En agglomération,Intersection en T,Normale,Deux véhicules - côté,4,2,2,0,1,1,1,9,1,30,2,2,1,0,0,1,38.0,23.0,voiture,deux_roues,1,2,3,1,3
202200013443,2022-02-28 12:50:00,2022,2,28,12,50,59,59009,FUSILLES RUE DES DU N° 2-110,50.61696,3.14696,Plein jour,En agglomération,Giratoire,Normale,Autre collision,7,2,2,0,1,1,1,0,1,50,2,2,1,0,0,1,51.0,27.0,voiture,deux_roues,1,2,6,1,6
202200013444,2022-12-21 17:15:00,2022,12,21,17,15,42,42218,Rue des Docteurs Charcot,45.42103,4.3923,Nuit avec éclairage allumé,En agglomération,Hors intersection,Normale,Autre collision,4,1,1,0,1,1,1,6,1,50,1,2,1,0,1,0,26.0,,voiture,,5,2,1,1,6
202200013445,2022-03-14 16:00:00,2022,3,14,16,0,59,59178,SAINT JACQUES (RUE),50.37137,3.08449,Plein jour,En agglomération,Intersection en X,Normale,Deux véhicules - côté,4,1,1,0,1,1,1,0,1,30,2,3,2,0,1,0,40.0,19.0,voiture,voiture,1,2,2,1,3
202200013446,2022-08-24 18:10:00,2022,8,24,18,10,36,36044, Rue Montaigne,46.79194,1.71175,Plein jour,Hors agglomération,Giratoire,Normale,Deux véhicules - côté,3,2,2,0,1,1,1,5,1,50,2,2,1,0,1,0,36.0,55.0,voiture,deux_roues,1,1,6,1,3
202200013447,2022-03-15 16:35:00,2022,3,15,16,35,57,57463,SAINT PIERRE (RUE ),49.09762,6.1738,Plein jour,En agglomération,Hors intersection,Normale,Autre collision,9,2,2,0,4,2,1,6,1,50,1,2,1,0,0,1,79.0,,voiture,,1,2,1,1,6
202200013448,2022-12-22 18:00:00,2022,12,22,18,0,34,34332,D612,43.30764,3.43682,Nuit sans éclairage public,Hors agglomération,Hors intersection,Normale,Deux véhicules - arrière,3,2,2,0,1,1,1,0,1,90,2,2,1,0,0,1,21.0,39.0,voiture,deux_roues,3,1,1,1,2
202200013449,2022-03-15 09:45:00,2022,3,15,9,45,57,57463,JUGE PIERRE MICHEL (RUE DU ),49.11754,6.17121,Plein jour,En agglomération,Hors intersection,Pluie forte,Deux véhicules - côté,9,3,3,3,4,1,2,9,6,50,2,4,2,0,0,2,49.0,53.0,voiture,transport_commun,1,2,1,3,3
202200013450,2022-12-21 09:00:00,2022,12,21,9,0,33,33318,Rue Jean Perrin,44.77947,-0.65898,Plein jour,En agglomération,Hors intersection,Normale,Autre collision,4,2,2,0,1,1,2,0,1,50,1,2,0,0,0,2,46.0,,deux_roues,,1,2,1,1,6
202200013451,2022-03-14 17:06:00,2022,3,14,17,6,56,56121,TURENNE (RUE DU COMTE HENRI DE ),47.74964,-3.35973,Plein jour,En agglomération,Intersection en T,Temps éblouissant,Autre collision,4,2,2,0,1,1,1,0,1,30,1,2,1,0,0,1,84.0,,voiture,,1,2,3,7,6
202200013452,2022-09-09 16:00:00,2022,9,9,16,0,35,35281,RD 177,48.06734,-1.71437,Plein jour,Hors agglomération,Intersection en T,Normale,Deux véhicules - arrière,7,3,5,0,1,1,1,5,1,70,2,7,5,0,0,2,38.0,22.0,voiture,utilitaire_camion,1,1,3,1,2
202200013453,2022-12-22 04:45:00,2022,12,22,4,45,33,33529,SAINT-EXUPERY (AVE),44.6210108202,-1.13976717,Nuit avec éclairage allumé,En agglomération,Hors intersection,Normale,Sans collision,3,2,2,0,1,1,1,0,1,50,1,1,0,0,0,1,21.0,,deux_roues,,5,2,1,1,7
202200013454,2022-03-11 14:11:00,2022,3,11,14,11,56,56121,5 Rue du Couëdic de Kergoualer,47.74866,-3.36432,Plein jour,En agglomération,Hors intersection,Normale,Autre collision,4,4,2,0,2,1,1,0,4,30,1,2,1,0,0,1,37.0,,deux_roues,,1,2,1,1,6
202200013455,2022-03-11 08:41:00,2022,3,11,8,41,56,56121,ASSEMBLEE-NATIONALE (RUE DE L'),47.74881,-3.36299,Plein jour,En agglomération,Intersection en X,Normale,Deux véhicules - côté,4,2,2,3,2,1,1,-1,1,30,2,2,1,0,0,1,63.0,19.0,utilitaire_camion,deux_roues,1,2,2,1,3
202200013456,2022-09-09 09:10:00,2022,9,9,9,10,35,35238,,48.08468,-1.64068,Plein jour,Hors agglomération,Hors intersection,Normale,Trois véhicules et plus - en chaîne,2,3,4,0,1,1,1,0,1,90,4,4,2,0,0,2,44.0,63.0,voiture,voiture,1,1,1,1,4
202200013457,2022-12-22 07:40:00,2022,12,22,7,40,31,31555,AV LOUIS BAZERQUES,43.578397,1.394493,Nuit avec éclairage allumé,En agglomération,Giratoire,Normale,Deux véhicules - frontale,4,1,1,1,1,1,1,0,1,50,2,2,1,0,1,0,74.0,70.0,deux_roues,voiture,5,2,6,1,1
202200013458,2022-03-14 17:15:00,2022,3,14,17,15,54,54300,PATTON (RUE DU GENERAL),48.65471,6.23232,Plein jour,En agglomération,Hors intersection,Normale,Deux véhicules - arrière,4,2,2,0,1,1,1,0,1,50,2,3,1,0,0,2,37.0,28.0,voiture,utilitaire_camion,1,2,1,1,2
202200013459,2022-09-08 21:30:00,2022,9,8,21,30,34,34032,GALINIER HENRI (AV),43.34098,3.18682,Nuit avec éclairage allumé,En agglomération,Intersection en X,Normale,Deux véhicules - côté,4,2,2,0,1,1,1,0,1,50,2,3,2,1,0,0,22.0,28.0,voiture,deux_roues,5,2,2,1,3
202200013460,2022-03-14 08:55:00,2022,3,14,8,55,54,54395,OUDINOT (RUE DU MAL),48.6743731871,6.1796727777,Plein jour,En agglomération,Hors intersection,Normale,Deux véhicules - côté,4,2,2,0,1,1,1,0,1,30,2,2,1,0,0,1,24.0,20.0,voiture,voiture,1,2,1,1,3
202200013461,2022-12-22 09:00:00,2022,12,22,9,0,29,29232,Rond-Point de l' Eau Blanche,47.99126,-4.07357,Crépuscule ou aube,En agglomération,Giratoire,Pluie légère,Deux véhicules - côté,3,1,2,0,2,2,2,5,1,50,2,2,1,0,1,0,50.0,54.0,deux_roues,voiture,2,2,6,2,3
202200013462,2022-03-14 17:55:00,2022,3,14,17,55,49,49267,D347,47.47363,-0.48597,Plein jour,En agglomération,Hors intersection,Normale,Sans collision,3,2,2,0,1,1,1,0,1,80,1,1,0,0,0,1,25.0,,voiture,,1,2,1,1,7
202200013463,2022-09-09 20:40:00,2022,9,9,20,40,33,33063,Allée de Munich,44.84498,-0.57085,Nuit avec éclairage allumé,En agglomération,Intersection en T,Normale,Deux véhicules - côté,4,1,2,3,1,1,1,5,1,30,2,2,1,0,0,1,24.0,56.0,deux_roues,transport_commun,5,2,3,1,3
202200013464,2022-12-21 17:00:00,2022,12,21,17,0,29,29019,rue Jean Jaurès,48.394963932,-4.4786813426,Crépuscule ou aube,En agglomération,Passage à niveau,Pluie légère,Deux véhicules - côté,4,2,2,0,2,1,2,4,1,50,2,3,2,0,0,1,47.0,28.0,transport_commun,voiture,2,2,8,2,3
202200013465,2022-09-09 18:27:00,2022,9,9,18,27,33,33281,Avenue Marcel Dassault,44.84718,-0.71657,Plein jour,En agglomération,Hors intersection,Normale,Deux véhicules - arrière,4,2,4,1,1,1,1,0,1,50,2,2,1,0,0,1,70.0,40.0,voiture,voiture,1,2,1,1,2
202200013466,2022-03-14 16:09:00,2022,3,14,16,9,49,49007,LETANDUERE,47.45393,-0.55354,Plein jour,En agglomération,Hors intersection,Normale,Deux véhicules - côté,4,2,2,0,1,1,1,0,1,50,2,2,1,0,0,1,39.0,57.0,deux_roues,voiture,1,2,1,1,3
202200013467,2022-12-21 15:00:00,2022,12,21,15,0,29,29019,route du Vieux Saint-Marc,48.390049,-4.458646,Plein jour,Hors agglomération,Giratoire,Pluie forte,Deux véhicules - arrière,3,3,4,0,1,3,2,0,1,50,2,2,1,0,1,0,54.0,57.0,voiture,voiture,1,1,6,3,2
202200013468,2022-09-09 12:20:00,2022,9,9,12,20,31,31555,AV JEAN ZAY,43.65241,1.42484,Plein jour,En agglomération,Hors intersection,Pluie légère,Deux véhicules - côté,7,2,3,0,1,1,2,0,5,50,2,2,1,0,1,0,20.0,47.0,deux_roues,voiture,1,2,1,2,3
202200013469,2022-09-02 19:45:00,2022,9,2,19,45,30,30189,CANAUX (CHEMIN),43.837,4.4305,Crépuscule ou aube,Hors agglomération,Intersection en T,Temps couvert,Deux véhicules - arrière,3,2,2,0,2,1,2,0,1,80,2,2,1,0,1,0,19.0,63.0,voiture,deux_roues,2,1,3,8,2
202200013470,2022-12-22 15:20:00,2022,12,22,15,20,27,27681,RENAISSANCE (RUE DE LA),49.08214,1.47991,Plein jour,En agglomération,Intersection en X,Pluie légère,Deux véhicules - côté,4,2,2,0,1,1,2,0,1,50,2,5,4,0,0,1,26.0,30.0,utilitaire_camion,utilitaire_camion,1,2,2,2,3
202200013471,2022-09-09 16:30:00,2022,9,9,16,30,30,30007,GRABIEUX (ROUTE DU PONT DE),44.1446,4.08869,Plein jour,En agglomération,Hors intersection,Normale,Trois véhicules et plus - en chaîne,4,2,2,0,1,1,1,0,1,50,3,4,2,0,0,2,32.0,50.0,voiture,voiture,1,2,1,1,4
202200013472,2022-12-16 09:15:00,2022,12,16,9,15,24,24557,GRANDOU (AVENUE MICHEL),45.18995,0.74542,Plein jour,Hors agglomération,Hors intersection,Normale,Autre collision,3,2,2,0,1,1,1,0,1,50,1,2,1,0,1,0,74.0,,voiture,,1,1,1,1,6
202200013473,2022-09-09 12:24:00,2022,9,9,12,24,29,29232,Rue de Kerivoal,48.00643,-4.107741,Plein jour,En agglomération,Autre intersection,Pluie légère,Deux véhicules - côté,4,1,1,0,3,3,2,5,1,50,2,2,1,0,0,1,18.0,48.0,deux_roues,voiture,1,2,9,2,3
202200013474,2022-12-22 09:25:00,2022,12,22,9,25,22,22278,27 Rue Saint-Guillaume,48.513213723,-2.7594909221,Plein jour,En agglomération,Hors intersection,Normale,Deux véhicules - côté,4,-1,0,3,1,1,1,6,6,50,2,2,1,0,1,0,39.0,59.0,utilitaire_camion,utilitaire_camion,1,2,1,1,3
202200013475,2022-09-09 08:00:00,2022,9,9,8,0,29,29232,CNO,48.00277,-4.13672,Plein jour,Hors agglomération,Hors intersection,Normale,Autre collision,3,3,4,0,2,2,1,0,1,90,1,1,0,0,0,1,21.0,,voiture,,1,1,1,1,6
202200013476,2022-12-23 00:50:00,2022,12,23,0,50,13,13208,MONTREDON (AVENUE DE),43.24387,5.37096,Nuit sans éclairage public,En agglomération,Hors intersection,Normale,Autre collision,4,3,4,1,1,3,1,0,1,30,1,2,1,0,0,1,,,voiture,,3,2,1,1,6
202200013477,2022-12-22 09:30:00,2022,12,22,9,30,13,13206,Cours lieutaud,43.2951,5.38181,Plein jour,En agglomération,Hors intersection,Normale,Deux véhicules - frontale,4,2,2,0,1,1,1,0,1,50,1,2,1,0,0,1,32.0,,deux_roues,,1,2,1,1,1
202200013478,2022-09-09 21:35:00,2022,9,9,21,35,29,29019,rue de Glasgow,48.39727,-4.48311,Nuit avec éclairage allumé,En agglomération,Intersection en T,Normale,Deux véhicules - côté,4,3,2,0,1,1,1,0,1,50,2,2,1,0,0,1,37.0,30.0,voiture,deux_roues,5,2,3,1,3
202200013479,2022-09-08 09:00:00,2022,9,8,9,0,29,29019,rue Jim Sevellec,48.36457,-4.54944,Plein jour,En agglomération,Hors intersection,Pluie légère,Deux véhicules - arrière,4,-1,2,0,2,1,2,0,1,50,2,2,1,0,0,1,20.0,30.0,utilitaire_camion,voiture,1,2,1,2,2
202200013480,2022-12-22 01:50:00,2022,12,22,1,50,13,13211,GAIA (Rd Point),43.29676,5.47652,Nuit avec éclairage allumé,En agglomération,Hors intersection,Normale,Deux véhicules - frontale,4,1,2,0,2,2,1,0,1,50,2,2,1,0,0,1,18.0,24.0,voiture,voiture,5,2,1,1,1
202200013481,2022-09-09 16:40:00,2022,9,9,16,40,27,27229,BICHES (RUE DES),49.01111,1.13869,Plein jour,En agglomération,Intersection en X,Normale,Deux véhicules - côté,4,2,2,0,1,1,2,0,1,50,2,2,1,0,0,1,41.0,71.0,voiture,voiture,1,2,2,1,3
202200013482,2022-12-21 17:50:00,2022,12,21,17,50,13,13005,RD 43 C,43.30626,5.59185,Nuit sans éclairage public,Hors agglomération,Intersection en T,Normale,Deux véhicules - arrière,7,2,2,0,1,1,2,0,1,80,2,2,1,0,0,1,70.0,17.0,voiture,deux_roues,3,1,3,1,2
202200013483,2022-09-09 10:14:00,2022,9,9,10,14,26,26198,TEIL (Route du),44.55169,4.69953,Plein jour,Hors agglomération,Hors intersection,Normale,Deux véhicules - arrière,2,2,2,0,1,1,1,0,1,70,2,2,0,0,0,2,25.0,39.0,voiture,voiture,1,1,1,1,2
202200013484,2022-12-21 04:15:00,2022,12,21,4,15,10,10081,,48.32103,4.02429,Nuit sans éclairage public,Hors agglomération,Hors intersection,Pluie légère,Deux véhicules - arrière,3,1,2,0,1,3,2,0,1,110,2,3,2,0,0,1,60.0,55.0,voiture,voiture,3,1,1,2,2
202200013485,2022-09-09 16:30:00,2022,9,9,16,30,25,25056,PRES DE VAUX CHE. DES,47.23821,6.06115,Plein jour,En agglomération,Hors intersection,Normale,Deux véhicules - côté,4,2,1,0,1,1,1,0,1,30,2,2,1,0,0,1,69.0,31.0,deux_roues,voiture,1,2,1,1,3
202200013486,2022-12-22 16:25:00,2022,12,22,16,25,06,06088,FRANCE (R. DE) A PARTIR DU N° 66-91,43.69138,7.24537,Plein jour,En agglomération,Hors intersection,Normale,Autre collision,9,2,2,3,1,1,1,4,6,15,1,2,1,0,1,0,65.0,,transport_commun,,1,2,1,1,6
202200013487,2022-09-09 10:45:00,2022,9,9,10,45,25,25056,Rue René Char,47.21667,5.94811,Plein jour,En agglomération,Hors intersection,Temps couvert,Autre collision,6,-1, -1,0,1,1,1,9,1,30,1,2,1,0,0,1,19.0,,voiture,,1,2,1,8,6
202200013488,2022-09-09 09:00:00,2022,9,9,9,0,22,22278,FONTAINE-SAINT-BRIEUC (DE LA),48.51777,-2.7664,Plein jour,En agglomération,Hors intersection,Normale,Deux véhicules - frontale,4,-1,0,0,1,1,1,0,4,30,1,1,0,0,0,1,46.0,,voiture,,1,2,1,1,1
202200013489,2022-04-23 19:00:00,2022,4,23,19,0,2A,2A215,T40,41.502278,9.029989,Plein jour,Hors agglomération,Intersection en T,Normale,Autre collision,2,2,2,0,2,1,1,0,3,80,1,2,1,0,0,1,25.0,,voiture,,1,1,3,1,6
202200013490,2022-12-22 10:40:00,2022,12,22,10,40,06,06088,MONTREAL (BD DE),43.685,7.223,Plein jour,En agglomération,Hors intersection,Normale,Deux véhicules - arrière,4,2,2,0,2,1,1,0,1,50,2,4,2,0,0,2,31.0,40.0,voiture,voiture,1,2,1,1,2
202200013491,2022-04-17 05:45:00,2022,4,17,5,45,13,13076,D99,43.800658,4.982965,Nuit sans éclairage public,Hors agglomération,Hors intersection,Normale,Sans collision,3,2,2,0,1,1,1,0,3,80,1,1,0,0,1,0,24.0,,voiture,,3,1,1,1,7
202200013492,2022-08-16 07:45:00,2022,8,16,7,45,15,15014,LIBERTE (AVENUE DE LA),44.9223,2.42798,Plein jour,En agglomération,Hors intersection,Normale,Deux véhicules - côté,4,2,2,0,1,1,1,0,1,50,2,2,1,0,0,1,,18.0,voiture,deux_roues,1,2,1,1,3
202200013493,2022-04-28 16:10:00,2022,4,28,16,10,13,13022,D559a PK 8+700,43.222901,5.549768,Plein jour,Hors agglomération,Hors intersection,Normale,Trois véhicules et plus - collisions multiples,7,2,2,0,2,3,1,0,1,80,3,3,2,0,1,0,26.0,74.0,deux_roues,voiture,1,1,1,1,5
202200013494,2022-12-23 18:30:00,2022,12,23,18,30,75,75118,BD PERIPHERIQUE EXTERIEUR,48.900844,2.367072,Nuit avec éclairage allumé,En agglomération,Intersection en Y,Normale,Deux véhicules - arrière,4,1,4,0,1,1,1,0,1,70,2,2,1,0,0,1,47.0,,deux_roues,voiture,5,2,4,1,2
202200013495,2022-09-07 17:10:00,2022,9,7,17,10,14,14366,Avenue Georges Pompidou,49.13739,0.223256,Plein jour,En agglomération,Hors intersection,Normale,Deux véhicules - côté,4,2,2,0,1,1,1,0,1,30,2,2,1,0,0,1,25.0,30.0,deux_roues,utilitaire_camion,1,2,1,1,3
202200013496,2022-07-10 22:00:00,2022,7,10,22,0,13,13056,CD 5 (Route d'Istres),43.37623,5.06467,Nuit sans éclairage public,Hors agglomération,Hors intersection,Normale,Deux véhicules - frontale,3,2,2,0,1,1,1,0,1,80,2,2,1,0,1,0,25.0,25.0,voiture,deux_roues,3,1,1,1,1
202200013497,2022-12-23 17:50:00,2022,12,23,17,50,75,75116,PORTE DAUPHINE,48.869887,2.27151,Nuit avec éclairage allumé,En agglomération,Hors intersection,Normale,Deux véhicules - côté,4,1,4,0,1,1,1,0,1,70,2,2,1,0,0,1,,56.0,voiture,deux_roues,5,2,1,1,3
202200013498,2022-04-27 19:00:00,2022,4,27,19,0,25,25009,RD 492,47.260417,6.321409,Plein jour,Hors agglomération,Intersection en X,Normale,Deux véhicules - côté,3,2,2,0,1,1,1,5,1,80,2,4,3,0,0,1,20.0,31.0,voiture,voiture,1,1,2,1,3
202200013499,2022-12-22 01:30:00,2022,12,22,1,30,75,75119,BD PERIPHERIQUE INTERIEUR,48.894426,2.394829,Nuit avec éclairage allumé,En agglomération,Hors intersection,Pluie légère,Deux véhicules - arrière,4,1,4,0,1,1,2,0,1,70,2,2,1,0,0,1,24.0,41.0,voiture,voiture,5,2,1,2,2