accident_id,datetime,annee,mois,jour,heure,minute,departement,commune_insee,adresse,latitude,longitude,luminosite,agglomeration,intersection,meteo,collision,catr,circ,nbv,vosp,prof,plan,surf,infra,situ,vma,nb_vehicules,nb_usagers,nb_indemnes,nb_tues,nb_blesses_hosp,nb_blesses_legers,age_cond_1,age_cond_2,veh_type_cond_1,veh_type_cond_2,lum_code,agg_code,int_code,atm_code,col_code
202200013590,2022-09-09 09:30:00,2022,9,9,9,30,94,94038,CHEVILLY (R DE),48.77634,2.34074,Plein jour,En agglomération,Hors intersection,Normale,Autre collision,4,-1,2,0,1,1,1,0,1,50,1,2,1,0,0,1,43.0,,voiture,,1,2,1,1,6
202200013591,2022-12-24 19:00:00,2022,12,24,19,0,51,51649,Rue Saint-Abdon,48.729399,4.586054,Nuit avec éclairage allumé,En agglomération,Hors intersection,Pluie légère,Deux véhicules - côté,2,4,4,0,1,1,2,0,1,50,2,2,1,0,0,1,15.0,55.0,deux_roues,voiture,5,2,1,2,3
202200013592,2022-02-06 07:05:00,2022,2,6,7,5,94,94017,Avenue Marx Dormoy / Rue du Monument,48.81264,2.51483,Nuit avec éclairage allumé,En agglomération,Intersection en T,Pluie légère,Autre collision,3,3,4,0,4,1,2,0,1,50,2,2,1,0,1,0,50.0,,deux_roues,utilitaire_camion,5,2,3,2,6
202200013593,2022-09-08 11:35:00,2022,9,8,11,35,94,94022,Avenue Victor Hugo / Rue Bernard Palissy,48.76843,2.419195,Plein jour,En agglomération,Intersection en T,Normale,Deux véhicules - côté,3,3,4,3,1,1,1,0,1,50,2,2,1,0,1,0,23.0,22.0,voiture,deux_roues,1,2,3,1,3
202200013594,2022-02-06 20:00:00,2022,2,6,20,0,93,93027,PASTEUR (BOULEVARD) DE 40 A +,48.92312,2.38407,Nuit avec éclairage allumé,En agglomération,Intersection en X,Pluie légère,Deux véhicules - frontale,3,-1,2,0,1,1,2,9,1,50,2,2,1,0,0,1,41.0,30.0,voiture,deux_roues,5,2,2,2,1
202200013595,2022-09-09 08:20:00,2022,9,9,8,20,94,94079,Rue du Général Leclerc,48.8213454849,2.5403254713,Plein jour,En agglomération,Hors intersection,Normale,Autre collision,3,2,2,0,1,1,1,0,1,50,1,2,1,0,0,1,24.0,,deux_roues,,1,2,1,1,6
202200013596,2022-02-06 12:15:00,2022,2,6,12,15,01,01333,Place de la Croix Blanche,45.925961,4.951293,Plein jour,En agglomération,Giratoire,Normale,Deux véhicules - arrière,3,1,1,0,1,1,1,6,1,50,2,2,1,0,0,1,55.0,56.0,voiture,deux_roues,1,2,6,1,2
202200013597,2022-12-22 10:15:00,2022,12,22,10,15,11,11076,A 61 PK 290.500,43.282767,1.977775,Plein jour,Hors agglomération,Hors intersection,Normale,Trois véhicules et plus - collisions multiples,1,3,4,0,1,1,1,0,1,130,3,7,4,0,1,2,62.0,75.0,voiture,voiture,1,1,1,1,5
202200013598,2022-02-20 08:09:00,2022,2,20,8,9,36,36159,Avenue de la Forêt,46.77371,1.71079,Plein jour,En agglomération,Hors intersection,Normale,Autre collision,3,2,2,0,1,1,1,0,1,50,1,3,1,0,0,2,,,voiture,,1,2,1,1,6
202200013599,2022-02-06 22:45:00,2022,2,6,22,45,76,76286,Route du Treport,49.893086,1.42715,Nuit sans éclairage public,Hors agglomération,Hors intersection,Normale,Sans collision,3,2,2,0,1,1,1,0,3,80,1,1,0,1,0,0,24.0,,voiture,,3,1,1,1,7
202200013600,2022-09-09 14:00:00,2022,9,9,14,0,93,93078,Avenue Vauban / Avenue Georges Clémenceau,48.96456,2.55268,Plein jour,Hors agglomération,Giratoire,Pluie légère,Deux véhicules - côté,3,3,4,0,1,2,2,0,1,50,2,3,1,0,0,2,36.0,19.0,voiture,voiture,1,1,6,2,3
202200013601,2022-02-03 14:05:00,2022,2,3,14,5,11,11366,D367,43.269027,2.835031,Plein jour,Hors agglomération,Hors intersection,Normale,Sans collision,3,2,2,0,2,1,1,0,1,80,1,1,0,0,1,0,63.0,,deux_roues,,1,1,1,1,7
202200013602,2022-04-25 07:30:00,2022,4,25,7,30,974,97411,PROVIDENCE (BOULEVARD DE LA),-20.89613,55.45791,Plein jour,En agglomération,Autre intersection,Normale,Autre collision,4,2,2,3,1,1,1,0,1,50,1,2,1,0,0,1,24.0,,voiture,,1,2,9,1,6
202200013603,2022-12-22 18:30:00,2022,12,22,18,30,21,21472,"autoroute A31,",47.564343,5.201308,Nuit sans éclairage public,Hors agglomération,Hors intersection,Pluie forte,Autre collision,1,3,5,0,2,2,2,0,1,130,1,4,3,0,0,1,40.0,,voiture,,3,1,1,3,6
202200013604,2022-09-09 15:40:00,2022,9,9,15,40,93,93048,Avenue Gabriel Péri / Avenue du Président Wilson,48.857415268,2.4400676144,Plein jour,En agglomération,Intersection en X,Pluie légère,Autre collision,3,2,2,1,1,1,2,9,1,30,1,2,1,0,0,1,53.0,,deux_roues,,1,2,2,2,6
202200013605,2022-02-06 19:35:00,2022,2,6,19,35,29,29142,N165,48.17361111,-4.044225036,Nuit sans éclairage public,Hors agglomération,Hors intersection,Vent fort / tempête,Trois véhicules et plus - en chaîne,2,3,4,0,2,4,2,0,1,110,4,4,2,0,0,2,20.0,19.0,voiture,voiture,3,1,1,6,4
202200013606,2022-04-23 12:30:00,2022,4,23,12,30,974,97411,RN2/043,-20.88674,55.4864,Plein jour,En agglomération,Hors intersection,Normale,Deux véhicules - arrière,2,1,2,0,1,1,1,0,1,90,2,5,1,0,1,3,47.0,27.0,voiture,voiture,1,2,1,1,2
202200013607,2022-09-08 18:14:00,2022,9,8,18,14,93,93063,Rue des Noyers / Rue Huguette Heitzmann,48.87817,2.43541,Plein jour,En agglomération,Intersection en T,Normale,Autre collision,4,2,2,0,1,1,1,0,1,30,2,2,1,0,0,1,12.0,25.0,deux_roues,voiture,1,2,3,1,6
202200013608,2022-12-23 20:30:00,2022,12,23,20,30,10,10349,D619,48.3437895977,4.0072556347,Nuit sans éclairage public,Hors agglomération,Hors intersection,Temps couvert,Trois véhicules et plus - collisions multiples,3,2,3,0,1,1,2,0,1,90,3,6,0,1,2,3,24.0,50.0,voiture,voiture,3,1,1,8,5
202200013609,2022-02-07 16:45:00,2022,2,7,16,45,60,60430,D163,49.3075919276,2.9504921436,Plein jour,Hors agglomération,Intersection en T,Normale,Deux véhicules - côté,3,2,2,0,1,1,1,0,3,80,2,2,1,0,1,0,62.0,21.0,utilitaire_camion,deux_roues,1,1,3,1,3
202200013610,2022-09-09 17:35:00,2022,9,9,17,35,92,92078,MOULIN CAGE (QUAI),48.92393,2.32876,Plein jour,Hors agglomération,Hors intersection,Temps couvert,Deux véhicules - côté,3,1,6,0,1,1,1,0,1,50,2,2,1,0,0,1,39.0,24.0,deux_roues,voiture,1,1,1,8,3
202200013611,2022-04-21 06:45:00,2022,4,21,6,45,974,97411,CHAUDRON  (BLD 1 DU),-20.89039,55.49109,Plein jour,En agglomération,Hors intersection,Normale,Deux véhicules - côté,2,2,2,0,1,1,1,0,1,50,2,2,1,0,1,0,32.0,52.0,deux_roues,voiture,1,2,1,1,3
202200013612,2022-09-20 12:35:00,2022,9,20,12,35,92,92072,GRANDE RUE,48.82641,2.21925,Plein jour,En agglomération,Giratoire,Normale,Deux véhicules - côté,3,2,4,0,2,1,1,5,1,50,2,2,1,0,0,1,49.0,66.0,deux_roues,voiture,1,2,6,1,3
202200013613,2022-02-07 04:55:00,2022,2,7,4,55,62,62042,Allee des Atrebates,50.317819,2.837391,Nuit avec éclairage allumé,Hors agglomération,Hors intersection,Normale,Deux véhicules - frontale,4,-1,2,0,1,1,1,0,1,30,2,2,1,1,0,0,24.0,53.0,voiture,deux_roues,5,1,1,1,1
202200013614,2022-04-25 09:20:00,2022,4,25,9,20,973,97302,BARRAT (DU DOCTEUR),4.9376289639,-52.3280417919,Plein jour,En agglomération,Intersection en X,Normale,Sans collision,4,1,1,0,1,1,1,0,1,50,1,1,0,0,0,1,22.0,,deux_roues,,1,2,2,1,7
202200013615,2022-09-09 10:00:00,2022,9,9,10,0,92,92064,PARC SAINT CLOUD,48.83325,2.1955,Plein jour,Hors agglomération,Hors intersection,Normale,Autre collision,4,-1,0,1,1,1,2,0,5,50,1,1,0,0,1,0,62.0,,deux_roues,,1,1,1,1,6
202200013616,2022-09-09 14:30:00,2022,9,9,14,30,92,92062,BERGERES RD-PT DES) DU 108 AU 128,48.88559,2.22764,Plein jour,En agglomération,Hors intersection,Pluie légère,Autre collision,3,1,2,0,1,2,2,0,8,50,1,2,1,0,0,1,83.0,,voiture,,1,2,1,2,6
202200013617,2022-02-07 10:56:00,2022,2,7,10,56,56,56251,giratoire de l'ancienne gare,47.628792,-2.655054,Plein jour,En agglomération,Giratoire,Temps couvert,Deux véhicules - côté,3,2,2,0,1,1,2,5,1,50,2,2,1,0,1,0,42.0,60.0,voiture,deux_roues,1,2,6,8,3
202200013618,2022-04-25 08:30:00,2022,4,25,8,30,69,69388,Rue Joseph Chapelle,45.73574,4.86754,Plein jour,En agglomération,Intersection en T,Normale,Deux véhicules - côté,4,1,1,0,1,1,1,0,1,30,2,2,1,0,0,1,44.0,55.0,deux_roues,voiture,1,2,3,1,3
202200013619,2022-02-07 13:15:00,2022,2,7,13,15,71,71305,Chateau de Marfontaine,46.457801,4.884394,Plein jour,Hors agglomération,Intersection en Y,Normale,Sans collision,3,2,1,0,1,1,1,5,1,80,1,1,0,0,0,1,17.0,,deux_roues,,1,1,4,1,7
202200013620,2022-09-09 13:35:00,2022,9,9,13,35,92,92050,BOUVETS BOULEVARD DES,48.896878,2.22404,Plein jour,En agglomération,Intersection en X,Pluie légère,Deux véhicules - arrière,3,2,0,0,1,1,2,9,1,50,2,2,1,0,0,1,52.0,27.0,utilitaire_camion,deux_roues,1,2,2,2,2
202200013621,2022-04-25 15:10:00,2022,4,25,15,10,972,97213,AUTOROUTE (A1),14.6182050257,-61.035001874,Plein jour,Hors agglomération,Hors intersection,Normale,Trois véhicules et plus - en chaîne,1,3,6,0,4,1,1,0,1,90,3,3,1,0,0,2,56.0,45.0,voiture,voiture,1,1,1,1,4
202200013622,2022-02-07 15:45:00,2022,2,7,15,45,61,61486,Lieu Dit la Peschardiere,48.773783,-0.71727,Plein jour,En agglomération,Hors intersection,Normale,Deux véhicules - arrière,3,2,1,0,1,1,1,0,1,90,2,2,1,0,1,0,71.0,40.0,deux_roues,voiture,1,2,1,1,2
202200013623,2022-09-09 10:55:00,2022,9,9,10,55,92,92044,CARNOT(RUE)1A41 ET 2A36,48.8894016131,2.2888716459,Plein jour,En agglomération,Intersection en X,Temps couvert,Deux véhicules - côté,4,1,1,0,1,1,1,0,1,50,2,2,1,0,0,1,41.0,31.0,deux_roues,utilitaire_camion,1,2,2,8,3
202200013624,2022-02-06 19:00:00,2022,2,6,19,0,61,61055,Les Courtils,48.652294,-0.088894,Nuit sans éclairage public,Hors agglomération,Hors intersection,Vent fort / tempête,Autre collision,3,2,2,0,1,1,2,2,1,90,1,1,0,0,1,0,24.0,,voiture,,3,1,1,6,6
202200013625,2022-04-25 22:50:00,2022,4,25,22,50,69,69389,Place Dumas de Loire,45.7727963585,4.8053654905,Nuit avec éclairage allumé,En agglomération,Intersection en T,Pluie légère,Autre collision,4,2,1,0,1,1,2,0,1,30,1,2,1,0,0,1,30.0,,voiture,,5,2,3,2,6
202200013626,2022-09-08 18:45:00,2022,9,8,18,45,92,92026,REPUBLIQUE (DE 29 A FIN),48.901017,2.249705,Plein jour,En agglomération,Intersection en X,Normale,Deux véhicules - côté,3,2,2,0,1,1,1,0,1,50,2,2,1,0,0,1,25.0,36.0,deux_roues,voiture,1,2,2,1,3
202200013627,2022-02-07 17:10:00,2022,2,7,17,10,55,55010,Départementale 3,48.640722,5.023842,Crépuscule ou aube,Hors agglomération,Hors intersection,Normale,Autre collision,3,2,2,0,1,1,1,0,1,80,1,2,1,0,1,0,67.0,,voiture,,2,1,1,1,6
202200013628,2022-09-09 18:00:00,2022,9,9,18,0,92,92025,EDGARD QUINET (BD),48.923912,2.248233,Plein jour,En agglomération,Hors intersection,Pluie légère,Autre collision,3,2,2,0,2,3,2,0,1,30,1,2,1,0,0,1,,,deux_roues,,1,2,1,2,6
202200013629,2022-04-25 08:55:00,2022,4,25,8,55,69,69382,Cours de Verdun Gensoul,45.75071,4.82486,Plein jour,En agglomération,Hors intersection,Normale,Deux véhicules - côté,4,1,2,0,1,1,1,0,1,50,2,2,1,0,0,1,39.0,72.0,utilitaire_camion,voiture,1,2,1,1,3
202200013630,2022-02-06 16:45:00,2022,2,6,16,45,12,12185,La Baraque du Pouget,44.283339,2.671394,Plein jour,Hors agglomération,Hors intersection,Pluie légère,Autre collision,3,2,2,0,1,2,2,0,3,90,1,2,0,0,2,0,66.0,,voiture,,1,1,1,2,6
202200013631,2022-09-08 17:45:00,2022,9,8,17,45,92,92025,STALINGRAD (AV DE),48.931283,2.267036,Plein jour,En agglomération,Hors intersection,Normale,Deux véhicules - côté,3,3,4,2,1,1,1,8,1,50,2,2,1,0,0,1,32.0,37.0,voiture,deux_roues,1,2,1,1,3
202200013632,2022-04-23 12:10:00,2022,4,23,12,10,2B,2B037,TOUTES RUES,42.6359,9.4385,Plein jour,Hors agglomération,Hors intersection,Normale,Deux véhicules - arrière,2,3,4,0,1,1,1,0,1,90,2,3,0,0,0,3,18.0,20.0,voiture,voiture,1,1,1,1,2
202200013633,2022-09-09 21:30:00,2022,9,9,21,30,92,92023,BIEVRES (RUE DE),48.7977293773,2.2652470171,Nuit avec éclairage allumé,En agglomération,Intersection en Y,Pluie légère,Deux véhicules - côté,4,-1,2,0,1,1,2,9,1,50,2,2,1,0,0,1,22.0,21.0,voiture,deux_roues,5,2,4,2,3
202200013634,2022-02-06 17:45:00,2022,2,6,17,45,42,42081,853 Route de Rivas,45.602034,4.255728,Crépuscule ou aube,En agglomération,Hors intersection,Normale,Deux véhicules - côté,3,2,2,0,1,1,1,0,1,50,2,4,0,0,0,4,61.0,19.0,voiture,voiture,2,2,1,1,3
202200013635,2022-09-09 20:05:00,2022,9,9,20,5,92,92007,BOURG-LA-REINE (AVENUE DE),48.7849579519,2.3071256876,Crépuscule ou aube,En agglomération,Hors intersection,Pluie forte,Deux véhicules - arrière,3,2,0,0,1,1,2,0,1,50,2,2,1,0,0,1,23.0,30.0,deux_roues,voiture,2,2,1,3,2
202200013636,2022-04-25 09:10:00,2022,4,25,9,10,91,91692,CAUSSES (RUE DES),48.678958,2.172753,Plein jour,En agglomération,Hors intersection,Normale,Autre collision,4,2,0,0,1,1,1,0,1,45,1,2,1,0,0,1,37.0,,voiture,,1,2,1,1,6
202200013637,2022-02-04 19:45:00,2022,2,4,19,45,34,34332,D912,43.314234,3.44114,Nuit sans éclairage public,Hors agglomération,Hors intersection,Normale,Deux véhicules - arrière,3,2,2,0,1,1,1,0,1,80,2,2,1,0,1,0,18.0,71.0,deux_roues,voiture,3,1,1,1,2
202200013638,2022-09-09 13:15:00,2022,9,9,13,15,92,92004,VOLTAIRE ( BD ),48.9163251991,2.2896797955,Plein jour,En agglomération,Hors intersection,Normale,Deux véhicules - frontale,3,2, -1,0,1,1,1,6,4,50,2,2,1,0,0,1,23.0,14.0,voiture,deux_roues,1,2,1,1,1
202200013639,2022-04-25 15:30:00,2022,4,25,15,30,91,91657,AV HENRI BARBUSSE,48.70478,2.43708,Plein jour,En agglomération,Hors intersection,Normale,Deux véhicules - arrière,3,2,2,0,1,1,1,0,1,50,2,2,1,0,0,1,26.0,37.0,utilitaire_camion,voiture,1,2,1,1,2
202200013640,2022-02-06 10:40:00,2022,2,6,10,40,44,44128,19 Rue Charles Perron,47.542159,-1.880901,Plein jour,Hors agglomération,Intersection en X,Normale,Deux véhicules - côté,3,2,2,0,1,1,1,0,1,80,2,2,1,0,1,0,28.0,27.0,voiture,voiture,1,1,2,1,3
202200013641,2022-09-09 19:53:00,2022,9,9,19,53,2A,2A349,D19 - cupparachia,41.67397,8.925941,Nuit sans éclairage public,Hors agglomération,Intersection en Y,Normale,Deux véhicules - côté,3,2,2,0,2,4,1,0,1,50,2,2,1,0,1,0,33.0,57.0,voiture,deux_roues,3,1,4,1,3
202200013642,2022-04-25 15:45:00,2022,4,25,15,45,91,91097,AV JEAN MOULIN,48.6828,2.53274,Plein jour,En agglomération,Hors intersection,Normale,Autre collision,3,2,1,0,2,1,1,0,1,50,1,2,1,0,0,1,71.0,,voiture,,1,2,1,1,6
202200013643,2022-02-05 21:00:00,2022,2,5,21,0,02,02648,D13,49.789424,3.448291,Nuit sans éclairage public,Hors agglomération,Hors intersection,Normale,Deux véhicules - frontale,3,2,2,0,3,3,1,0,1,80,2,2,1,0,1,0,17.0,31.0,deux_roues,voiture,3,1,1,1,1
202200013644,2022-09-09 17:45:00,2022,9,9,17,45,17,17315,puyvineux,46.1271175337,-0.9839011217,Plein jour,En agglomération,Giratoire,Normale,Sans collision,3,2,2,0,1,3,1,0,1,50,1,1,0,0,1,0,14.0,,deux_roues,,1,2,6,1,7
202200013645,2022-02-06 11:30:00,2022,2,6,11,30,18,18234,348 Lieu Dit Bombardon,46.511681,2.26323,Plein jour,Hors agglomération,Hors intersection,Normale,Sans collision,4,2,2,0,1,1,1,0,1,80,1,1,0,0,0,1,37.0,,deux_roues,,1,1,1,1,7
202200013646,2022-04-22 18:20:00,2022,4,22,18,20,91,91027,AV JEAN JAURES,48.7,2.36,Plein jour,En agglomération,Intersection en X,Normale,Deux véhicules - côté,4,2,2,0,1,1,1,0,1,50,2,2,1,0,1,0,23.0,32.0,deux_roues,voiture,1,2,2,1,3
202200013647,2022-09-09 19:45:00,2022,9,9,19,45,22,22116,Rue de Coat-nay,48.514618,-3.032822,Crépuscule ou aube,En agglomération,Intersection en Y,Normale,Deux véhicules - côté,4,2,2,0,1,2,1,0,1,50,2,2,1,0,1,0,20.0,13.0,voiture,deux_roues,2,2,4,1,3
202200013648,2022-02-05 14:15:00,2022,2,5,14,15,36,36165,,46.668449,1.01233,Plein jour,Hors agglomération,Hors intersection,Normale,Autre collision,3,2,2,0,1,1,1,0,3,80,1,1,0,0,1,0,21.0,,deux_roues,,1,1,1,1,6
202200013649,2022-09-10 11:10:00,2022,9,10,11,10,11,11254,"A61, PK 305.600",43.228628,2.139148,Plein jour,Hors agglomération,Hors intersection,Normale,Autre collision,1,3,4,0,1,1,1,0,2,130,1,2,0,1,1,0,74.0,,voiture,,1,1,1,1,6
202200013650,2022-02-07 07:30:00,2022,2,7,7,30,16,16192,,45.843241,0.591803,Crépuscule ou aube,Hors agglomération,Hors intersection,Temps couvert,Autre collision,3,2,2,0,1,1,2,0,3,80,1,1,0,0,1,0,33.0,,voiture,,2,1,1,8,6
202200013651,2022-02-09 18:45:00,2022,2,9,18,45,78,78335,R.D 146,48.98542,1.737613,Plein jour,Hors agglomération,Autre intersection,Normale,Deux véhicules - côté,3,2,2,0,1,1,1,0,1,70,2,4,3,0,1,0,26.0,40.0,deux_roues,voiture,1,1,9,1,3
202200013652,2022-09-09 19:00:00,2022,9,9,19,0,45,45066,D39 PR 10 + 550,47.942711,2.554227,Plein jour,Hors agglomération,Intersection en X,Normale,Deux véhicules - côté,3,2,2,0,1,1,1,0,1,80,2,3,0,0,1,2,56.0,27.0,voiture,utilitaire_camion,1,1,2,1,3
202200013653,2022-02-04 17:20:00,2022,2,4,17,20,07,07181,,44.753762,4.748679,Plein jour,En agglomération,Hors intersection,Normale,Sans collision,3,2,2,0,1,2,1,5,8,50,2,3,2,0,0,1,15.0,,deux_roues,voiture,1,2,1,1,7
202200013654,2022-04-25 16:50:00,2022,4,25,16,50,77,77215,RUE AMPERE,48.730744,2.735115,Plein jour,En agglomération,Hors intersection,Normale,Autre collision,4,2,2,0,1,1,1,9,1,50,1,1,0,0,1,0,23.0,,deux_roues,,1,2,1,1,6
202200013655,2022-02-06 19:20:00,2022,2,6,19,20,27,27514,D 438,48.9972339612,0.5095510479,Nuit sans éclairage public,Hors agglomération,Giratoire,Pluie forte,Autre collision,3,2,1,0,1,1,2,0,3,80,1,1,0,0,1,0,46.0,,voiture,,3,1,6,3,6
202200013656,2022-09-09 14:55:00,2022,9,9,14,55,41,41055,RD 952,47.50275,1.241219,Plein jour,Hors agglomération,Hors intersection,Normale,Trois véhicules et plus - collisions multiples,3,2,2,0,1,1,1,0,1,80,3,3,0,0,2,1,57.0,62.0,voiture,voiture,1,1,1,1,5
202200013657,2022-02-07 07:10:00,2022,2,7,7,10,27,27378,N12,48.780691,1.190321,Nuit sans éclairage public,Hors agglomération,Hors intersection,Normale,Sans collision,2,3,4,0,1,1,1,0,3,90,1,1,0,0,0,1,36.0,,voiture,,3,1,1,1,7
202200013658,2022-09-10 08:00:00,2022,9,10,8,0,01,01209,D1206,46.121559,5.894337,Plein jour,Hors agglomération,Hors intersection,Normale,Deux véhicules - frontale,3,2,2,0,1,1,1,0,1,70,2,2,0,0,2,0,23.0,66.0,voiture,voiture,1,1,1,1,1
202200013659,2022-02-07 15:00:00,2022,2,7,15,0,52,52211,RD253 - Ecluse n°36,48.302166,5.14784,Plein jour,Hors agglomération,Hors intersection,Normale,Autre collision,3,2,2,0,1,1,1,9,1,80,1,1,0,0,0,1,19.0,,utilitaire_camion,,1,1,1,1,6
202200013660,2022-04-25 17:30:00,2022,4,25,17,30,77,77209,D217E / D217B,48.85378,2.69073,Plein jour,En agglomération,Intersection en X,Normale,Deux véhicules - arrière,3,2,2,0,1,1,1,0,1,70,2,2,0,0,0,2,48.0,31.0,deux_roues,deux_roues,1,2,2,1,2
202200013661,2022-05-30 09:35:00,2022,5,30,9,35,38,38194,D1085,45.360438,5.433981,Plein jour,Hors agglomération,Hors intersection,Normale,Deux véhicules - frontale,3,2,2,0,1,2,1,0,1,50,2,4,2,0,1,1,45.0,14.0,voiture,deux_roues,1,1,1,1,1
202200013662,2022-02-06 18:15:00,2022,2,6,18,15,95,95250,Avenue de la Haute-Gréve,49.0990302279,2.5138762593,Nuit avec éclairage allumé,En agglomération,Hors intersection,Pluie légère,Autre collision,4,2,2,0,1,3,2,5,1,30,1,2,1,0,0,1,32.0,,voiture,,5,2,1,2,6
202200013663,2022-04-16 16:54:00,2022,4,16,16,54,76,76322,Avenue des Canadiens,49.39806,1.06246,Plein jour,En agglomération,Hors intersection,Normale,Autre collision,7,2,2,3,1,1,1,-1,1,50,1,3,2,0,0,1,20.0,,voiture,,1,2,1,1,6
202200013664,2022-02-05 19:49:00,2022,2,5,19,49,987,98722,PK 25 côté mer,-17.538376,-149.370289,Nuit avec éclairage allumé,Hors agglomération,Hors intersection,Normale,Deux véhicules - arrière,2,2,2,0,1,1,2,0,1,60,2,2,1,0,0,1,39.0,28.0,deux_roues,voiture,5,1,1,1,2
202200013665,2022-02-05 15:45:00,2022,2,5,15,45,988,98813,Pont de Fonwhary - RT1,-21.694637,165.791039,Plein jour,Hors agglomération,Hors intersection,Pluie légère,Deux véhicules - frontale,2,2,2,0,1,1,2,0,1,90,2,3,1,0,0,2,25.0,24.0,utilitaire_camion,utilitaire_camion,1,1,1,2,1
202200013666,2022-04-16 10:25:00,2022,4,16,10,25,76,76484,D13,49.3515971873,1.0284811505,Plein jour,Hors agglomération,Giratoire,Normale,Deux véhicules - côté,7,2,2,0,1,3,1,9,1,80,2,5,1,0,0,4,48.0,37.0,voiture,voiture,1,1,6,1,3
202200013667,2022-02-06 16:10:00,2022,2,6,16,10,2B,2B148,Strada Di I Sportivi,42.538734,9.448395,Plein jour,Hors agglomération,Intersection en X,Normale,Deux véhicules - côté,3,2,2,0,1,1,1,0,1,80,2,2,1,0,0,1,22.0,17.0,voiture,deux_roues,1,1,2,1,3
202200013668,2022-09-10 18:15:00,2022,9,10,18,15,51,51434,Chemin de Bisseuil,49.020656,4.073334,Plein jour,Hors agglomération,Hors intersection,Normale,Deux véhicules - frontale,4,2,1,0,3,4,1,0,1,70,2,2,1,0,1,0,15.0,63.0,deux_roues,voiture,1,1,1,1,1
202200013669,2022-04-23 15:40:00,2022,4,23,15,40,76,76351,PIERRE COURTADE (AVENUE),49.51006,0.18372,Plein jour,En agglomération,Intersection en T,Normale,Autre collision,4,2,2,0,1,1,1,0,1,50,1,2,1,0,0,1,22.0,,voiture,,1,2,3,1,6
202200013670,2022-02-06 02:40:00,2022,2,6,2,40,84,84019,Route de Saint Restitut,44.302837,4.774364,Nuit sans éclairage public,Hors agglomération,Hors intersection,Normale,Sans collision,3,2,2,0,2,1,1,0,3,80,1,1,0,0,1,0,34.0,,voiture,,3,1,1,1,7
202200013671,2022-09-09 13:10:00,2022,9,9,13,10,80,80186,Rue de Nesle,49.803968,2.811427,Plein jour,Hors agglomération,Hors intersection,Normale,Deux véhicules - arrière,3,-1,2,0,1,1,1,0,1,80,2,2,1,0,1,0,57.0,51.0,deux_roues,voiture,1,1,1,1,2
202200013672,2022-04-22 20:45:00,2022,4,22,20,45,72,72181,LEDRU ROLLIN QUAI N° 103 ET plus,48.0097118268,0.1957976816,Plein jour,En agglomération,Giratoire,Normale,Deux véhicules - côté,4,2,2,0,1,1,1,9,1,50,2,2,0,0,0,2,28.0,26.0,voiture,deux_roues,1,2,6,1,3
202200013673,2022-09-09 07:55:00,2022,9,9,7,55,80,80190,D29,50.054742,1.633283,Plein jour,Hors agglomération,Hors intersection,Pluie forte,Deux véhicules - frontale,3,2,2,0,1,1,2,0,1,80,2,2,0,0,1,1,35.0,50.0,voiture,utilitaire_camion,1,1,1,3,1
202200013674,2022-02-06 17:30:00,2022,2,6,17,30,83,83107,D7,43.4478760101,6.6332174689,Plein jour,En agglomération,Intersection en T,Vent fort / tempête,Deux véhicules - côté,3,2,2,0,1,1,1,0,1,50,2,3,1,0,2,0,65.0,18.0,voiture,deux_roues,1,2,3,6,3
202200013675,2022-09-10 11:40:00,2022,9,10,11,40,65,65450,D929,42.797471,0.274411,Plein jour,Hors agglomération,Hors intersection,Normale,Autre collision,3,2,2,0,2,2,1,0,3,80,1,1,0,0,1,0,48.0,,deux_roues,,1,1,1,1,6
202200013676,2022-04-25 07:40:00,2022,4,25,7,40,66,66136,PANCHOT (AVENUE JULIEN),42.6779843373,2.8503352404,Plein jour,En agglomération,Hors intersection,Normale,Deux véhicules - arrière,4,3,3,0,1,1,1,0,1,50,2,2,1,0,0,1,27.0,49.0,deux_roues,utilitaire_camion,1,2,1,1,2
202200013677,2022-02-04 18:50:00,2022,2,4,18,50,89,89013,Route de Paris,47.881477,3.528188,Nuit avec éclairage allumé,En agglomération,Hors intersection,Pluie légère,Deux véhicules - frontale,3,2,2,0,1,1,2,0,1,50,2,2,1,0,1,0,40.0,38.0,voiture,deux_roues,5,2,1,2,1
202200013678,2022-09-09 19:30:00,2022,9,9,19,30,65,65069,Avenue de l Eglise,43.078441,0.391112,Plein jour,En agglomération,Hors intersection,Normale,Autre collision,3,2,2,0,1,2,1,0,4,50,1,1,0,0,1,0,14.0,,deux_roues,,1,2,1,1,6
202200013679,2022-09-10 12:15:00,2022,9,10,12,15,65,65435,D920,42.94868,-0.083385,Plein jour,Hors agglomération,Hors intersection,Normale,Autre collision,3,2,2,0,1,4,1,0,8,70,1,1,0,0,1,0,49.0,,deux_roues,,1,1,1,1,6
202200013680,2022-02-06 15:30:00,2022,2,6,15,30,57,57683,Route de Thionville,49.308135,6.159749,Plein jour,Hors agglomération,Autre intersection,Vent fort / tempête,Deux véhicules - frontale,3,2,2,0,1,1,2,3,1,80,2,4,2,0,0,2,24.0,34.0,voiture,voiture,1,1,9,6,1
202200013681,2022-04-24 14:48:00,2022,4,24,14,48,66,66136,ALDUY (Paul),42.67838,2.90612,Plein jour,En agglomération,Intersection en T,Pluie légère,Deux véhicules - arrière,4,2,3,1,2,1,2,0,1,50,2,2,1,0,0,1,48.0,19.0,voiture,deux_roues,1,2,3,2,2