accident_id,datetime,annee,mois,jour,heure,minute,departement,commune_insee,adresse,latitude,longitude,luminosite,agglomeration,intersection,meteo,collision,catr,circ,nbv,vosp,prof,plan,surf,infra,situ,vma,nb_vehicules,nb_usagers,nb_indemnes,nb_tues,nb_blesses_hosp,nb_blesses_legers,age_cond_1,age_cond_2,veh_type_cond_1,veh_type_cond_2,lum_code,agg_code,int_code,atm_code,col_code
202200013682,2022-02-06 20:00:00,2022,2,6,20,0,57,57663,Grand Rue,49.237145,6.172578,Nuit avec éclairage allumé,En agglomération,Intersection en X,Pluie forte,Deux véhicules - côté,4,1,2,0,1,1,2,0,1,50,2,2,1,0,0,1,39.0,62.0,voiture,voiture,5,2,2,3,3
202200013683,2022-04-23 17:07:00,2022,4,23,17,7,66,66136,PYRENEES (BOULEVARD DES),42.6957978395,2.8886348382,Plein jour,En agglomération,Hors intersection,Pluie légère,Deux véhicules - côté,4,2,4,0,1,1,2,0,1,50,2,3,1,0,0,2,33.0,38.0,voiture,voiture,1,2,1,2,3
202200013684,2022-09-10 14:00:00,2022,9,10,14,0,71,71196,D678 le pontot,46.65278,5.32647,Plein jour,Hors agglomération,Intersection en T,Normale,Trois véhicules et plus - collisions multiples,3,2,2,0,1,1,1,0,1,90,3,4,3,0,0,1,38.0,55.0,voiture,utilitaire_camion,1,1,3,1,5
202200013685,2022-02-06 16:00:00,2022,2,6,16,0,74,74243,Route d Annemasse,46.142396,6.092718,Plein jour,Hors agglomération,Hors intersection,Normale,Autre collision,3,2,2,0,1,1,1,0,1,70,2,2,1,1,0,0,74.0,55.0,voiture,deux_roues,1,1,1,1,6
202200013686,2022-04-22 17:50:00,2022,4,22,17,50,66,66136,MILAN (AVENUE DE),42.69094,2.85494,Plein jour,Hors agglomération,Hors intersection,Normale,Autre collision,4,2,2,0,1,1,1,0,4,50,1,1,0,0,1,0,21.0,,voiture,,1,1,1,1,6
202200013687,2022-09-10 10:30:00,2022,9,10,10,30,89,89446,,47.462273,3.738195,Plein jour,Hors agglomération,Hors intersection,Normale,Autre collision,3,2,2,0,2,3,1,0,3,80,1,1,0,0,1,0,53.0,,deux_roues,,1,1,1,1,6
202200013688,2022-02-05 22:00:00,2022,2,5,22,0,16,16019,,45.7202319277,0.0455921888,Nuit sans éclairage public,Hors agglomération,Hors intersection,Normale,Autre collision,3,2,2,0,1,1,1,0,8,80,1,1,0,0,1,0,54.0,,voiture,,3,1,1,1,6
202200013689,2022-04-25 14:10:00,2022,4,25,14,10,64,64125,SOURCE ROYALE (AVENUE),43.44553,-1.57627,Plein jour,En agglomération,Hors intersection,Normale,Autre collision,4,2,2,0,2,4,1,0,1,30,1,1,0,0,0,1,23.0,,deux_roues,,1,2,1,1,6
202200013690,2022-02-05 23:00:00,2022,2,5,23,0,33,33238,35 Chemin le Thil,44.735851,-0.564991,Nuit sans éclairage public,Hors agglomération,Hors intersection,Normale,Autre collision,4,2,2,0,1,3,2,0,3,80,1,2,1,1,0,0,21.0,,voiture,,3,1,1,1,6
202200013691,2022-09-10 04:00:00,2022,9,10,4,0,49,49345,RD24,47.247186,-0.524662,Nuit sans éclairage public,Hors agglomération,Hors intersection,Normale,Autre collision,3,2,2,0,1,1,1,0,3,80,1,1,0,0,1,0,37.0,,voiture,,3,1,1,1,6
202200013692,2022-04-24 20:46:00,2022,4,24,20,46,64,64140,Rue Georges Lassalle,43.532663,-1.488638,Crépuscule ou aube,En agglomération,Hors intersection,Normale,Sans collision,3,2,1,0,1,1,1,5,1,30,1,1,0,0,0,1,63.0,,deux_roues,,2,2,1,1,7
202200013693,2022-02-07 18:20:00,2022,2,7,18,20,27,27025,Route d Evreux,49.091307,1.272461,Crépuscule ou aube,En agglomération,Hors intersection,Normale,Autre collision,3,2,2,0,1,1,1,0,1,30,1,1,0,1,0,0,20.0,,deux_roues,,2,2,1,1,6
202200013694,2022-09-10 12:20:00,2022,9,10,12,20,49,49050,D748,47.363453,-0.449651,Plein jour,Hors agglomération,Autre intersection,Normale,Autre collision,3,3,2,0,1,1,1,5,3,70,1,2,0,1,1,0,36.0,,voiture,,1,1,9,1,6
202200013695,2022-09-09 14:00:00,2022,9,9,14,0,12,12119,Lieu dit Les Cabanettes,44.701164,2.842798,Plein jour,Hors agglomération,Hors intersection,Normale,Autre collision,3,2,2,0,1,4,1,0,3,90,1,1,0,0,1,0,43.0,,voiture,,1,1,1,1,6
202200013696,2022-02-07 16:30:00,2022,2,7,16,30,02,02381,D3050,49.939237,4.120691,Plein jour,Hors agglomération,Hors intersection,Normale,Deux véhicules - frontale,3,2,2,0,1,1,1,0,1,80,2,2,0,1,1,0,20.0,94.0,voiture,voiture,1,1,1,1,1
202200013697,2022-09-10 14:15:00,2022,9,10,14,15,39,39017,14 Rue Honore Chapuis,46.760343,5.530782,Plein jour,En agglomération,Intersection en X,Temps couvert,Deux véhicules - côté,3,2,2,0,1,1,1,9,1,30,2,2,1,0,1,0,14.0,71.0,deux_roues,voiture,1,2,2,8,3
202200013698,2022-04-25 18:35:00,2022,4,25,18,35,59,59599,DESCAT (BOULEVARD CONSTANTIN),50.6988135057,3.1549429893,Plein jour,En agglomération,Hors intersection,Pluie légère,Deux véhicules - côté,4,1,2,0,1,1,2,0,1,50,2,6,1,0,0,5,36.0,,voiture,voiture,1,2,1,2,3
202200013699,2022-02-04 18:05:00,2022,2,4,18,5,62,62474,Autoroute A16,50.681355,1.655913,Crépuscule ou aube,Hors agglomération,Hors intersection,Temps couvert,Deux véhicules - côté,1,3,2,0,1,1,1,2,1,130,2,5,3,1,0,1,55.0,21.0,voiture,utilitaire_camion,2,1,1,8,3
202200013700,2022-09-09 11:50:00,2022,9,9,11,50,35,35358,la motte bily,48.5580790056,-1.9463677704,Plein jour,Hors agglomération,Hors intersection,Normale,Autre collision,3,2,2,0,1,2,1,0,3,80,1,2,0,0,2,0,79.0,,voiture,,1,1,1,1,6
202200013701,2022-04-25 13:30:00,2022,4,25,13,30,59,59599,FRANCS (RUE DES),50.7204910246,3.1379163265,Plein jour,En agglomération,Hors intersection,Pluie légère,Deux véhicules - côté,7,3,4,1,1,1,2,0,1,50,2,2,1,0,0,1,34.0,34.0,voiture,deux_roues,1,2,1,2,3
202200013702,2022-09-07 17:25:00,2022,9,7,17,25,29,29220,Rue Louis Lagadic,47.8730286839,-4.2198657989,Plein jour,En agglomération,Giratoire,Normale,Trois véhicules et plus - collisions multiples,4,2,2,0,1,1,1,0,1,50,3,4,2,0,0,2,56.0,23.0,voiture,voiture,1,2,6,1,5
202200013703,2022-02-05 20:12:00,2022,2,5,20,12,13,13215,A7-Sens Lyon vers Marseille,43.38184,5.351807,Nuit sans éclairage public,Hors agglomération,Hors intersection,Normale,Deux véhicules - arrière,1,1,1,0,3,1,1,0,1,90,2,7,2,0,0,5,48.0,54.0,voiture,voiture,3,1,1,1,2
202200013704,2022-04-25 13:05:00,2022,4,25,13,5,59,59599,GRAMME (CHAUSSEE),50.7379415917,3.1623016298,Plein jour,En agglomération,Intersection en X,Pluie forte,Autre collision,7,3,4,0,1,1,2,0,1,50,1,2,1,0,0,1,49.0,,voiture,,1,2,2,3,6
202200013705,2022-02-05 10:00:00,2022,2,5,10,0,13,13202,A55-Sens Marseille vers Martigues,43.317063,5.364101,Plein jour,En agglomération,Hors intersection,Normale,Deux véhicules - arrière,1,1,2,0,1,2,1,1,1,50,2,3,2,0,1,0,33.0,27.0,deux_roues,voiture,1,2,1,1,2
202200013706,2022-09-10 09:10:00,2022,9,10,9,10,31,31152,D6,43.351638,0.881487,Plein jour,Hors agglomération,Hors intersection,Temps éblouissant,Trois véhicules et plus - collisions multiples,3,2,2,0,2,1,1,0,3,80,5,5,2,0,1,2,63.0,44.0,voiture,deux_roues,1,1,1,7,5
202200013707,2022-04-24 15:40:00,2022,4,24,15,40,59,59560,EPINETTE RUE DE L,50.55674,3.05868,Plein jour,En agglomération,Hors intersection,Normale,Deux véhicules - côté,4,3,4,0,1,1,1,0,1,50,2,3,1,0,0,2,23.0,24.0,deux_roues,voiture,1,2,1,1,3
202200013708,2022-09-08 12:19:00,2022,9,8,12,19,66,66049,,42.502837,2.759387,Plein jour,Hors agglomération,Hors intersection,Normale,Autre collision,4,2,2,0,1,1,1,0,3,50,1,1,0,1,0,0,64.0,,voiture,,1,1,1,1,6
202200013709,2022-02-04 17:46:00,2022,2,4,17,46,13,13211,A50-Sens Aubagne vers Marseille,43.2873,5.5041,Crépuscule ou aube,Hors agglomération,Hors intersection,Normale,Trois véhicules et plus - en chaîne,1,1,3,0,1,1,1,0,1,90,4,5,4,0,1,0,43.0,19.0,utilitaire_camion,voiture,2,1,1,1,4
202200013710,2022-04-22 19:15:00,2022,4,22,19,15,59,59350,GLAND VERT CITE DU 7 RUE VICTOR HUGO,50.632358,3.006834,Plein jour,En agglomération,Hors intersection,Normale,Autre collision,7,2,0,0,1,1,1,0,1,50,1,2,1,0,0,1,51.0,,voiture,,1,2,1,1,6
202200013711,2022-09-06 08:47:00,2022,9,6,8,47,45,45182,D15 PR 23 + 635,47.675195,1.781164,Plein jour,Hors agglomération,Hors intersection,Normale,Autre collision,3,2,2,0,1,1,1,0,1,80,2,2,1,0,1,0,76.0,33.0,voiture,voiture,1,1,1,1,6
202200013712,2022-04-22 14:10:00,2022,4,22,14,10,59,59178,SAINT MICHEL (RUE),50.37773,3.08911,Plein jour,En agglomération,Giratoire,Normale,Deux véhicules - arrière,4,1,2,1,1,2,1,0,1,50,2,2,1,0,0,1,52.0,,deux_roues,voiture,1,2,6,1,2
202200013713,2022-02-05 03:20:00,2022,2,5,3,20,69,69152,Route de Métropole 7,45.70795,4.83025,Nuit sans éclairage public,En agglomération,Hors intersection,Pluie légère,Deux véhicules - frontale,7,3,6,0,1,1,2,0,1,70,2,4,1,0,1,2,20.0,24.0,voiture,voiture,3,2,1,2,1
202200013714,2022-09-06 17:32:00,2022,9,6,17,32,45,45272,D2020 PK 41 + 460,47.795197,1.932306,Plein jour,Hors agglomération,Hors intersection,Normale,Trois véhicules et plus - en chaîne,3,2,2,0,1,1,1,0,1,90,4,4,2,0,1,1,25.0,34.0,autre,voiture,1,1,1,1,4
202200013715,2022-02-04 13:00:00,2022,2,4,13,0,38,38544,RN7   5.180 A 10.000,45.53166,4.87409,Plein jour,En agglomération,Hors intersection,Normale,Deux véhicules - côté,2,2,4,0,1,1,1,0,1,50,2,3,1,0,1,1,59.0,25.0,deux_roues,voiture,1,2,1,1,3
202200013716,2022-09-09 15:45:00,2022,9,9,15,45,36,36208,,46.488758,2.053394,Plein jour,Hors agglomération,Hors intersection,Normale,Autre collision,3,2,2,0,2,3,1,2,3,80,1,1,0,0,1,0,58.0,,voiture,,1,1,1,1,6
202200013717,2022-04-21 22:10:00,2022,4,21,22,10,59,59334,RD 643,50.39382,3.0454,Nuit sans éclairage public,Hors agglomération,Hors intersection,Normale,Autre collision,3,3,4,0,1,1,1,0,1,90,1,3,2,0,1,0,50.0,,voiture,,3,1,1,1,6
202200013718,2022-09-09 16:20:00,2022,9,9,16,20,21,21197,Rd 103,47.547646,4.59591,Plein jour,Hors agglomération,Hors intersection,Normale,Autre collision,3,2,2,0,1,4,1,0,3,80,1,1,0,0,1,0,35.0,,voiture,,1,1,1,1,6
202200013719,2022-02-06 16:09:00,2022,2,6,16,9,94,94037,AUTOROUTE A6A,48.81519,2.3367,Plein jour,Hors agglomération,Hors intersection,Pluie légère,Autre collision,1,1,2,0,1,3,2,1,1,50,1,2,1,0,0,1,30.0,,voiture,,1,1,1,2,6
202200013720,2022-09-10 15:55:00,2022,9,10,15,55,17,17397,D18,45.892562,-0.6477,Plein jour,Hors agglomération,Hors intersection,Normale,Deux véhicules - frontale,3,2,2,0,1,1,1,0,1,90,2,2,0,0,1,1,70.0,42.0,voiture,voiture,1,1,1,1,1
202200013721,2022-04-23 20:05:00,2022,4,23,20,5,56,56121,59 Rue de Belgique,47.75911,-3.37924,Plein jour,En agglomération,Intersection en T,Normale,Deux véhicules - côté,4,2,2,0,1,1,1,0,1,30,2,2,1,0,0,1,17.0,47.0,deux_roues,voiture,1,2,3,1,3
202200013722,2022-02-06 13:10:00,2022,2,6,13,10,91,91521,RN 104,48.63213,2.4011,Plein jour,Hors agglomération,Hors intersection,Pluie légère,Sans collision,2,3,5,0,2,3,2,3,3,70,1,2,1,0,0,1,20.0,,voiture,,1,1,1,2,7
202200013723,2022-09-09 17:15:00,2022,9,9,17,15,23,23013,Avenue de la Gare,46.0279486655,2.49771595,Plein jour,En agglomération,Intersection en T,Normale,Deux véhicules - côté,3,2,2,0,2,1,1,0,1,-1,2,2,1,0,0,1,27.0,15.0,voiture,deux_roues,1,2,3,1,3
202200013724,2022-02-06 15:10:00,2022,2,6,15,10,91,91136,AUTOROUTE A10,48.71071,2.28812,Plein jour,Hors agglomération,Hors intersection,Pluie légère,Sans collision,1,1,2,0,2,2,2,0,1,70,1,2,1,0,0,1,40.0,,voiture,,1,1,1,2,7
202200013725,2022-04-23 18:32:00,2022,4,23,18,32,56,56121,GAMBETTA (RUE LEON),47.7453,-3.36608,Plein jour,En agglomération,Giratoire,Normale,Deux véhicules - côté,4,2,2,0,2,1,1,5,1,30,2,2,1,0,0,1,67.0,29.0,voiture,deux_roues,1,2,6,1,3
202200013726,2022-09-09 15:20:00,2022,9,9,15,20,30,30228,D979,43.941695,4.382043,Plein jour,Hors agglomération,Hors intersection,Normale,Autre collision,3,2,2,0,2,2,1,0,1,80,1,1,0,0,1,0,25.0,,deux_roues,,1,1,1,1,6
202200013727,2022-09-10 18:00:00,2022,9,10,18,0,48,48127,RD 59 rieutort de randon,44.637777,3.477463,Plein jour,En agglomération,Hors intersection,Normale,Sans collision,3,2,2,0,2,1,1,0,1,50,1,1,0,1,0,0,43.0,,deux_roues,,1,2,1,1,7
202200013728,2022-02-06 13:00:00,2022,2,6,13,0,91,91661,AUTOROUTE A10,48.696617,2.237595,Plein jour,Hors agglomération,Hors intersection,Temps couvert,Sans collision,1,3,3,0,2,1,2,0,8,110,1,4,0,0,0,4,43.0,,utilitaire_camion,,1,1,1,8,7
202200013729,2022-04-16 22:15:00,2022,4,16,22,15,56,56107,KERHOAS (RUE DE),47.72537,-3.38549,Nuit avec éclairage allumé,En agglomération,Hors intersection,Normale,Deux véhicules - frontale,4,2,2,0,1,1,1,0,1,50,2,2,1,0,0,1,46.0,32.0,voiture,voiture,5,2,1,1,1
202200013730,2022-09-09 12:50:00,2022,9,9,12,50,83,83061,Autoroute A8 - Pk 140.400 sud,43.520641,6.773329,Plein jour,Hors agglomération,Hors intersection,Normale,Deux véhicules - arrière,1,3,3,0,2,1,1,0,1,130,2,3,0,0,1,2,76.0,30.0,voiture,voiture,1,1,1,1,2
202200013731,2022-02-06 08:00:00,2022,2,6,8,0,77,77251,AUTOROUTE A5A,48.61536,2.56191,Plein jour,Hors agglomération,Hors intersection,Normale,Deux véhicules - arrière,1,1,3,0,1,1,1,0,1,110,2,3,1,0,0,2,35.0,25.0,voiture,voiture,1,1,1,1,2
202200013732,2022-09-10 03:15:00,2022,9,10,3,15,34,34240,A 709 PK 8 SENS SUD,43.618741,3.951044,Nuit avec éclairage allumé,Hors agglomération,Hors intersection,Normale,Autre collision,1,3,3,0,3,2,1,0,3,90,1,2,1,0,0,1,24.0,,voiture,,5,1,1,1,6
202200013733,2022-04-22 14:52:00,2022,4,22,14,52,49,49007,ROI RENE BOULEVARD,47.4685,-0.55852,Plein jour,En agglomération,Hors intersection,Normale,Autre collision,4,-1,6,2,1,1,1,0,1,30,1,3,2,0,0,1,76.0,,voiture,,1,2,1,1,6
202200013734,2022-02-06 08:15:00,2022,2,6,8,15,77,77251,AUTOROUTE A5A,48.61102,2.5731,Crépuscule ou aube,Hors agglomération,Hors intersection,Normale,Sans collision,1,3,3,0,1,1,1,0,1,110,1,3,1,0,0,2,20.0,,voiture,,2,1,1,1,7
202200013735,2022-09-10 17:35:00,2022,9,10,17,35,55,55497,"Autoroute A4, PK: 238+600, sens METZ-PARIS",49.0908,5.205611,Plein jour,Hors agglomération,Hors intersection,Pluie légère,Deux véhicules - arrière,1,1,3,0,3,1,2,0,1,130,2,4,1,0,0,3,50.0,34.0,voiture,utilitaire_camion,1,1,1,2,2
202200013736,2022-04-25 22:45:00,2022,4,25,22,45,45,45208,98 Rue la Liberation 23 Aout 1944,47.9940983341,2.7254000902,Nuit avec éclairage allumé,En agglomération,Intersection en T,Normale,Autre collision,3,-1,2,0,1,1,1,0,4,50,1,1,0,0,0,1,44.0,,deux_roues,,5,2,3,1,6
202200013737,2022-04-24 15:06:00,2022,4,24,15,6,45,45338,72 Rue Alexandre Dumas,47.983363037,2.7165050358,Plein jour,En agglomération,Hors intersection,Normale,Autre collision,4,2,2,0,1,1,1,0,4,50,1,2,1,0,1,0,61.0,,voiture,,1,2,1,1,6
202200013738,2022-02-06 15:00:00,2022,2,6,15,0,92,92025,A86,48.927558514,2.237259337,Plein jour,Hors agglomération,Hors intersection,Pluie légère,Deux véhicules - arrière,1,-1,2,0,1,1,2,0,1,70,2,3,2,0,0,1,44.0,37.0,voiture,voiture,1,1,1,2,2
202200013739,2022-09-09 08:35:00,2022,9,9,8,35,13,13032,3055 Route des Milles,43.541216,5.36875,Plein jour,Hors agglomération,Hors intersection,Normale,Deux véhicules - côté,3,2,2,0,1,2,1,0,1,70,2,5,4,0,1,0,32.0,44.0,deux_roues,voiture,1,1,1,1,3
202200013740,2022-09-10 09:30:00,2022,9,10,9,30,988,98808,Route de Nessakouya,-21.28642,165.52577,Plein jour,Hors agglomération,Hors intersection,Normale,Autre collision,2,2,2,0,1,2,1,0,1,110,1,1,0,0,1,0,24.0,,voiture,,1,1,1,1,6
202200013741,2022-02-06 13:15:00,2022,2,6,13,15,92,92072,N118,48.8260258853,2.2226260108,Plein jour,Hors agglomération,Hors intersection,Normale,Autre collision,2,3,3,0,2,1,2,0,1,50,1,2,1,0,0,1,24.0,,voiture,,1,1,1,1,6
202200013742,2022-04-24 14:04:00,2022,4,24,14,4,45,45208,14 Rue du Faubourg de la Chaussee,47.99789,2.73854,Plein jour,En agglomération,Hors intersection,Normale,Autre collision,4,2,2,0,1,1,1,0,1,50,1,2,1,1,0,0,90.0,,voiture,,1,2,1,1,6
202200013743,2022-02-06 20:20:00,2022,2,6,20,20,93,93027,AUTOROUTE A86,48.92575,2.40143,Nuit sans éclairage public,Hors agglomération,Hors intersection,Pluie légère,Autre collision,1,1,2,0,1,2,2,2,1,70,1,1,0,0,0,1,26.0,,voiture,,3,1,1,2,6
202200013744,2022-09-09 19:00:00,2022,9,9,19,0,973,97306,Avenue Eugene Lesperant,5.602062,-53.886395,Nuit sans éclairage public,Hors agglomération,Hors intersection,Normale,Trois véhicules et plus - en chaîne,3,2,2,0,1,1,1,0,1,80,3,7,4,0,0,3,40.0,48.0,voiture,voiture,3,1,1,1,4
202200013745,2022-02-06 17:00:00,2022,2,6,17,0,93,93005,AUTOROUTE A1,48.96025,2.4674,Crépuscule ou aube,Hors agglomération,Hors intersection,Pluie forte,Deux véhicules - côté,1,3,3,0,1,1,2,0,1,110,2,3,2,0,0,1,24.0,28.0,voiture,voiture,2,1,1,3,3
202200013746,2022-09-10 09:35:00,2022,9,10,9,35,971,97116,RN6 rousseau,16.333792,-61.460609,Plein jour,En agglomération,Hors intersection,Normale,Deux véhicules - côté,2,3,2,0,1,1,1,5,1,50,2,2,1,0,0,1,74.0,35.0,utilitaire_camion,deux_roues,1,2,1,1,3
202200013747,2022-04-24 01:30:00,2022,4,24,1,30,45,45208,43 Rue du Château,47.9972737484,2.7286432386,Nuit avec éclairage allumé,En agglomération,Hors intersection,Pluie légère,Deux véhicules - arrière,4,2,2,0,1,1,2,0,1,50,2,6,5,0,0,1,19.0,24.0,voiture,voiture,5,2,1,2,2
202200013748,2022-02-06 15:40:00,2022,2,6,15,40,95,95572,A15,49.0309369293,2.1208119392,Plein jour,Hors agglomération,Hors intersection,Pluie forte,Autre collision,1,3,1,0,1,2,2,3,1,50,1,2,0,0,0,2,28.0,,voiture,,1,1,1,3,6
202200013749,2022-09-09 16:00:00,2022,9,9,16,0,972,97228,Route Nationale 1 Derriere Morne,14.760353,-60.981186,Plein jour,Hors agglomération,Hors intersection,Normale,Trois véhicules et plus - collisions multiples,2,2,3,0,2,1,1,0,1,70,3,3,2,1,0,0,47.0,27.0,deux_roues,voiture,1,1,1,1,5
202200013750,2022-04-25 11:00:00,2022,4,25,11,0,35,35238,BIGNON (DU),48.0966887221,-1.6363674402,Plein jour,En agglomération,Hors intersection,Normale,Deux véhicules - côté,4,2,2,2,2,2,1,0,1,50,2,2,1,0,0,1,31.0,32.0,deux_roues,voiture,1,2,1,1,3
202200013751,2022-02-06 12:10:00,2022,2,6,12,10,93,93027,AUTOROUTE A86,48.92415,2.38727,Plein jour,Hors agglomération,Hors intersection,Pluie légère,Deux véhicules - arrière,1,3,5,0,1,1,2,3,1,90,2,3,1,0,0,2,21.0,49.0,voiture,voiture,1,1,1,2,2
202200013752,2022-09-03 14:00:00,2022,9,3,14,0,972,97228,Bon Air,14.748982,-61.001678,Plein jour,En agglomération,Autre intersection,Normale,Deux véhicules - frontale,3,2,2,0,1,2,1,0,1,50,2,2,1,0,1,0,61.0,28.0,voiture,deux_roues,1,2,9,1,1
202200013753,2022-09-10 13:30:00,2022,9,10,13,30,45,45119,D123 PK 0 + 220,48.166028,2.26651,Plein jour,En agglomération,Hors intersection,Normale,Autre collision,3,2,2,0,1,1,1,9,1,50,1,1,0,1,0,0,58.0,,deux_roues,,1,2,1,1,6
202200013754,2022-02-06 06:25:00,2022,2,6,6,25,93,93066,AUTOROUTE A1,48.9237309191,2.3569409743,Nuit avec éclairage allumé,Hors agglomération,Hors intersection,Normale,Deux véhicules - arrière,1,3,3,0,1,1,1,0,1,90,2,3,2,0,0,1,48.0,28.0,voiture,voiture,5,1,1,1,2
202200013755,2022-04-22 16:05:00,2022,4,22,16,5,33,33249,Rue P. Prevost Sansac de Traversay,44.87159,-0.5093,Plein jour,En agglomération,Intersection en X,Normale,Deux véhicules - côté,4,2,2,0,1,1,1,0,1,30,2,3,1,0,2,0,48.0,15.0,utilitaire_camion,deux_roues,1,2,2,1,3
202200013756,2022-09-09 18:50:00,2022,9,9,18,50,95,95675,RD 9,49.058744545,2.5365784764,Plein jour,Hors agglomération,Hors intersection,Normale,Deux véhicules - arrière,3,2,2,0,1,2,1,0,1,50,2,2,1,0,0,1,34.0,57.0,voiture,voiture,1,1,1,1,2
202200013757,2022-02-06 05:10:00,2022,2,6,5,10,95,95582, A15,48.9630631777,2.2651281953,Nuit sans éclairage public,Hors agglomération,Hors intersection,Normale,Autre collision,1,3,6,0,3,3,1,0,1,70,1,2,1,0,0,1,22.0,,voiture,,3,1,1,1,6
202200013758,2022-04-20 23:25:00,2022,4,20,23,25,29,29019,Avenue Georges Pompidou,48.41377,-4.47977,Nuit avec éclairage allumé,En agglomération,Hors intersection,Normale,Autre collision,4,2,2,0,3,1,1,0,1,50,1,2,1,0,0,1,36.0,,voiture,,5,2,1,1,6
202200013759,2022-09-09 23:25:00,2022,9,9,23,25,91,91130,Hameau de Longuetoise,48.427303,2.064387,Nuit sans éclairage public,Hors agglomération,Hors intersection,Autre,Autre collision,3,2,2,0,1,4,2,0,8,50,1,3,0,1,0,2,20.0,,voiture,,3,1,1,9,6
202200013760,2022-02-05 23:28:00,2022,2,5,23,28,95,95127, A15,49.0437733036,2.0768934488,Nuit sans éclairage public,Hors agglomération,Hors intersection,Normale,Trois véhicules et plus - en chaîne,1,3,4,0,1,1,1,0,1,90,4,4,3,0,0,1,40.0,24.0,voiture,voiture,3,1,1,1,4
202200013761,2022-04-25 07:00:00,2022,4,25,7,0,25,25056,KENNEDY  BOULEVARD J.F.,47.234476,5.984275,Plein jour,En agglomération,Intersection en T,Pluie légère,Deux véhicules - côté,4,3,4,0,2,1,2,5,1,50,2,2,0,0,0,2,27.0,23.0,voiture,voiture,1,2,3,2,3
202200013762,2022-09-09 20:40:00,2022,9,9,20,40,13,13066,CROISEMENT D26 / D7N,43.873303,4.914536,Nuit sans éclairage public,Hors agglomération,Intersection en X,Normale,Deux véhicules - côté,3,2,2,0,1,1,1,5,1,80,2,3,1,0,1,1,26.0,45.0,voiture,voiture,3,1,2,1,3
202200013763,2022-02-05 18:35:00,2022,2,5,18,35,95,95572,RN 184,49.03203,2.10676,Nuit sans éclairage public,Hors agglomération,Hors intersection,Normale,Deux véhicules - côté,2,3,4,0,1,3,1,0,1,90,2,2,0,1,0,1,27.0,25.0,deux_roues,voiture,3,1,1,1,3
202200013764,2022-04-25 19:10:00,2022,4,25,19,10,13,13103,AVENUE DU 22 AOUT 1944,43.6374021966,5.0821640439,Crépuscule ou aube,En agglomération,Hors intersection,Normale,Deux véhicules - frontale,4,2,2,0,1,1,1,0,1,50,1,2,1,0,0,1,17.0,,deux_roues,,2,2,1,1,1
202200013765,2022-09-09 17:15:00,2022,9,9,17,15,71,71512,Avenue du 4 Septembre 1944,46.642856,4.870685,Plein jour,En agglomération,Intersection en T,Temps couvert,Deux véhicules - côté,3,2,2,0,1,1,2,0,1,50,2,2,0,0,0,2,38.0,42.0,voiture,voiture,1,2,3,8,3
202200013766,2022-04-25 13:30:00,2022,4,25,13,30,13,13213,Frédéric Joliot Curie (rue),43.34,5.43,Plein jour,En agglomération,Hors intersection,Normale,Deux véhicules - frontale,4,2,2,0,1,2,1,0,1,50,2,2,1,0,0,1,22.0,56.0,deux_roues,voiture,1,2,1,1,1
202200013767,2022-09-09 16:35:00,2022,9,9,16,35,63,63263,route départementale 941,45.78216,3.03875,Plein jour,Hors agglomération,Hors intersection,Normale,Sans collision,3,2,2,0,2,3,9,0,1,-1,2,2,1,0,1,0,,60.0,autre,deux_roues,1,1,1,1,7
202200013768,2022-02-05 15:15:00,2022,2,5,15,15,93,93010,AUTOROUTE A3,48.9179540593,2.4785582721,Plein jour,Hors agglomération,Hors intersection,Normale,Trois véhicules et plus - en chaîne,1,3,6,0,1,1,1,0,1,90,3,4,3,0,0,1,33.0,21.0,utilitaire_camion,voiture,1,1,1,1,4
202200013769,2022-09-10 14:00:00,2022,9,10,14,0,73,73290,D1006,45.284368,6.883812,Plein jour,Hors agglomération,Hors intersection,Normale,Sans collision,3,2,2,0,2,1,1,0,1,80,1,1,0,1,0,0,74.0,,deux_roues,,1,1,1,1,7
202200013770,2022-04-25 09:41:00,2022,4,25,9,41,13,13212,ERNEST GASQUY (RUE),43.3022081496,5.4226887529,Plein jour,En agglomération,Hors intersection,Normale,Deux véhicules - frontale,4,2,2,0,1,1,1,0,1,50,2,2,0,0,0,2,83.0,41.0,voiture,deux_roues,1,2,1,1,1
202200013771,2022-02-06 18:45:00,2022,2,6,18,45,94,94069,A4,48.81739,2.4341,Nuit sans éclairage public,Hors agglomération,Hors intersection,Pluie légère,Deux véhicules - arrière,1,3,5,0,1,1,2,0,1,90,2,2,1,0,0,1,25.0,,voiture,voiture,3,1,1,2,2
202200013772,2022-09-10 12:15:00,2022,9,10,12,15,73,73150,D220 - Route d Aime,45.55296,6.659009,Plein jour,Hors agglomération,Hors intersection,Normale,Deux véhicules - frontale,3,2,2,0,2,3,1,0,1,80,2,2,1,0,1,0,49.0,45.0,voiture,deux_roues,1,1,1,1,1
202200013773,2022-04-25 08:49:00,2022,4,25,8,49,13,13207,JOEL RECHER (RUE),43.28894,5.36209,Plein jour,En agglomération,Hors intersection,Normale,Sans collision,4,-1,2,0,1,1,1,0,1,50,2,2,1,0,0,1,61.0,60.0,utilitaire_camion,deux_roues,1,2,1,1,7
202200013774,2022-02-05 19:15:00,2022,2,5,19,15,94,94028,A86 EXT,48.7916209426,2.4409774263,Nuit sans éclairage public,Hors agglomération,Hors intersection,Normale,Trois véhicules et plus - en chaîne,1,3,4,0,1,1,1,3,1,90,3,3,2,0,0,1,51.0,36.0,voiture,voiture,3,1,1,1,4