accident_id,datetime,annee,mois,jour,heure,minute,departement,commune_insee,adresse,latitude,longitude,luminosite,agglomeration,intersection,meteo,collision,catr,circ,nbv,vosp,prof,plan,surf,infra,situ,vma,nb_vehicules,nb_usagers,nb_indemnes,nb_tues,nb_blesses_hosp,nb_blesses_legers,age_cond_1,age_cond_2,veh_type_cond_1,veh_type_cond_2,lum_code,agg_code,int_code,atm_code,col_code
202200013775,2022-09-10 18:30:00,2022,9,10,18,30,38,38344,42 Avenue Gabriel Péri,45.365963,4.800027,Plein jour,En agglomération,Hors intersection,Normale,Autre collision,2,2,2,0,1,1,1,0,3,50,1,1,0,0,1,0,24.0,,deux_roues,,1,2,1,1,6
202200013776,2022-09-09 20:15:00,2022,9,9,20,15,26,26064,16 Chemin des Lucioles,44.919644,4.980492,Nuit sans éclairage public,En agglomération,Hors intersection,Normale,Autre collision,4,2,1,0,1,2,1,0,3,50,1,1,0,0,1,0,31.0,,deux_roues,,3,2,1,1,6
202200013777,2022-02-05 18:30:00,2022,2,5,18,30,77,77294,A104,48.9697644713,2.5981800905,Nuit sans éclairage public,Hors agglomération,Hors intersection,Normale,Autre collision,1,3,4,0,1,1,1,0,1,90,2,2,1,0,0,1,20.0,30.0,voiture,deux_roues,3,1,1,1,6
202200013778,2022-04-25 07:30:00,2022,4,25,7,30,13,13203,BRIANCON (BOULEVARD),43.3186,5.37057,Plein jour,En agglomération,Hors intersection,Normale,Deux véhicules - côté,4,2,2,0,1,1,1,0,1,50,2,2,1,0,0,1,50.0,58.0,voiture,deux_roues,1,2,1,1,3
202200013779,2022-04-24 09:35:00,2022,4,24,9,35,11,11069,COPERNIC NICOLAS,43.21548,2.33046,Plein jour,En agglomération,Hors intersection,Pluie légère,Autre collision,4,2,2,0,1,1,2,0,1,50,1,1,0,0,0,1,55.0,,voiture,,1,2,1,2,6
202200013780,2022-09-10 18:11:00,2022,9,10,18,11,60,60257,Rue de Beauvais,49.2601193785,1.9837510585,Plein jour,Hors agglomération,Hors intersection,Temps couvert,Deux véhicules - frontale,3,2,2,0,1,3,2,0,3,80,2,7,1,0,0,6,39.0,37.0,utilitaire_camion,voiture,1,1,1,8,1
202200013781,2022-02-05 14:45:00,2022,2,5,14,45,77,77294,A104,48.9593499411,2.6217754482,Plein jour,Hors agglomération,Hors intersection,Normale,Autre collision,1,1,2,0,1,1,1,0,1,90,3,3,2,0,0,1,23.0,30.0,voiture,deux_roues,1,1,1,1,6
202200013782,2022-02-04 18:30:00,2022,2,4,18,30,94,94069,A4,48.81645,2.4499,Nuit avec éclairage allumé,Hors agglomération,Hors intersection,Normale,Deux véhicules - arrière,1,-1,6,0,1,1,1,0,1,90,2,2,1,0,0,1,46.0,45.0,deux_roues,voiture,5,1,1,1,2
202200013783,2022-04-24 07:30:00,2022,4,24,7,30,11,11069,RD33,43.2174,2.3106,Crépuscule ou aube,Hors agglomération,Hors intersection,Pluie légère,Sans collision,3,2,2,0,1,1,2,0,3,80,1,2,1,0,1,0,,,voiture,,2,1,1,2,7
202200013784,2022-02-04 18:00:00,2022,2,4,18,0,77,77294,A104,48.9693,2.5997,Nuit sans éclairage public,Hors agglomération,Hors intersection,Normale,Deux véhicules - arrière,1,1,2,0,1,1,2,0,1,90,2,2,1,0,0,1,72.0,52.0,voiture,deux_roues,3,1,1,1,2
202200013785,2022-02-05 11:45:00,2022,2,5,11,45,94,94044,Rue du Tertre,48.75102,2.491,Plein jour,En agglomération,Place,Normale,Autre collision,4,1,1,0,2,1,1,0,1,50,1,2,1,0,0,1,41.0,,voiture,,1,2,7,1,6
202200013786,2022-04-24 02:10:00,2022,4,24,2,10,11,11069,MAQUENS -CHEMIN DE-,43.20548,2.31484,Nuit avec éclairage allumé,En agglomération,Hors intersection,Pluie forte,Autre collision,4,2,2,0,1,1,3,0,1,50,1,4,2,0,1,1,30.0,,voiture,,5,2,1,3,6
202200013787,2022-02-05 07:40:00,2022,2,5,7,40,81,81163,GAMBETTA (PLACE),43.49109,2.37509,Nuit avec éclairage allumé,En agglomération,Place,Pluie légère,Autre collision,3,2,1,0,1,2,2,6,8,50,1,2,1,0,0,1,78.0,,voiture,,5,2,7,2,6
202200013788,2022-04-25 20:50:00,2022,4,25,20,50,06,06088,PASTORELLE (AV. DE LA),43.684139,7.228406,Nuit avec éclairage allumé,En agglomération,Hors intersection,Normale,Autre collision,4,2,2,0,2,1,1,0,1,50,1,2,1,0,0,1,55.0,,utilitaire_camion,,5,2,1,1,6
202200013789,2022-02-05 15:00:00,2022,2,5,15,0,974,97411,Route des Bougainvillees,-20.9193,55.3979,Plein jour,Hors agglomération,Intersection en X,Normale,Deux véhicules - arrière,3,2,2,0,1,1,1,0,1,50,2,3,2,0,0,1,34.0,26.0,voiture,voiture,1,1,2,1,2
202200013790,2022-04-25 10:10:00,2022,4,25,10,10,75,75117,BD PERIPHERIQUE EXTERIEUR,48.8915274821,2.3003528811,Plein jour,En agglomération,Hors intersection,Normale,Deux véhicules - côté,4,1,4,0,1,1,1,0,1,70,2,2,1,0,0,1,38.0,33.0,deux_roues,voiture,1,2,1,1,3
202200013791,2022-02-05 18:55:00,2022,2,5,18,55,973,97302,DE GAULLE (AVENUE),4.9389851321,-52.3308742046,Nuit avec éclairage allumé,En agglomération,Autre intersection,Normale,Autre collision,4,2,2,0,1,1,1,9,1,50,1,2,1,0,0,1,59.0,,voiture,,5,2,9,1,6
202200013792,2022-02-05 16:45:00,2022,2,5,16,45,973,97302,RABAN (ROUTE DE),4.9333702661,-52.3131850362,Plein jour,En agglomération,Hors intersection,Normale,Deux véhicules - côté,4,2,2,0,1,1,1,0,1,50,2,2,1,0,0,1,52.0,34.0,utilitaire_camion,deux_roues,1,2,1,1,3
202200013793,2022-04-25 15:20:00,2022,4,25,15,20,75,75105,RUE MONGE,48.8480741261,2.3505130137,Plein jour,En agglomération,Intersection en X,Normale,Deux véhicules - côté,4,2,3,0,2,1,1,0,1,30,2,2,1,0,0,1,43.0,52.0,voiture,deux_roues,1,2,2,1,3
202200013794,2022-02-05 23:00:00,2022,2,5,23,0,69,69383,42 Rue Feuillat,45.7506349257,4.8760601878,Nuit avec éclairage allumé,En agglomération,Hors intersection,Normale,Deux véhicules - arrière,4,2,2,0,1,1,1,0,1,50,2,2,1,0,0,1,48.0,,deux_roues,voiture,5,2,1,1,2
202200013795,2022-02-05 00:58:00,2022,2,5,0,58,2B,2B033,SAMPIERO CORSO - AV,42.67033,9.4435,Nuit avec éclairage allumé,En agglomération,Hors intersection,Normale,Deux véhicules - arrière,2,2,4,0,1,1,1,0,1,70,2,2,0,0,1,1,45.0,17.0,voiture,voiture,5,2,1,1,2
202200013796,2022-04-25 19:00:00,2022,4,25,19,0,75,75116,BD PERIPHERIQUE EXTERIEUR,48.874108329,2.2753998668,Plein jour,En agglomération,Intersection en Y,Normale,Deux véhicules - côté,4,1,4,0,1,1,1,1,1,70,2,2,1,0,0,1,51.0,34.0,voiture,voiture,1,2,4,1,3
202200013797,2022-02-05 13:30:00,2022,2,5,13,30,971,97101,PERRIN (SECTEUR),16.27893,-61.50759,Plein jour,Hors agglomération,Hors intersection,Normale,Deux véhicules - arrière,2,1,1,3,2,1,1,1,1,50,2,2,1,0,0,1,29.0,34.0,voiture,voiture,1,1,1,1,2
202200013798,2022-04-25 00:40:00,2022,4,25,0,40,75,75114,RUE DU COMMANDANT RENE MOUCHOTTE,48.8379545488,2.3192214894,Nuit avec éclairage allumé,En agglomération,Hors intersection,Normale,Deux véhicules - côté,4,2,2,0,1,1,1,0,1,30,2,2,1,0,0,1,25.0,34.0,deux_roues,voiture,5,2,1,1,3
202200013799,2022-02-05 14:45:00,2022,2,5,14,45,83,83069,AEROPORT (AVENUE DE L'),43.0943841588,6.1376544535,Plein jour,Hors agglomération,Hors intersection,Normale,Deux véhicules - frontale,3,2,2,1,1,1,1,0,1,70,2,4,1,0,0,3,76.0,57.0,voiture,voiture,1,1,1,1,1
202200013800,2022-02-05 21:40:00,2022,2,5,21,40,83,83061,AVENUE DE LA CORNICHE D'AZUR,43.37625,6.72033,Nuit avec éclairage allumé,Hors agglomération,Hors intersection,Normale,Deux véhicules - côté,3,2,2,0,1,3,1,0,1,50,2,4,0,0,2,2,21.0,31.0,voiture,voiture,5,1,1,1,3
202200013801,2022-01-31 13:55:00,2022,1,31,13,55,83,83118,AVENUE DE VALESCURE,43.42869,6.77244,Plein jour,En agglomération,Hors intersection,Normale,Autre collision,4,2,2,0,1,1,1,0,1,50,1,2,1,0,1,0,47.0,,voiture,,1,2,1,1,6
202200013802,2022-04-25 21:35:00,2022,4,25,21,35,75,75105,BOULEVARD DE L HOPITAL,48.8399767715,2.3617574573,Nuit avec éclairage allumé,En agglomération,Intersection en Y,Normale,Deux véhicules - côté,4,2,6,3,2,1,1,-1,6,30,2,3,2,0,0,1,40.0,53.0,transport_commun,deux_roues,5,2,4,1,3
202200013803,2022-02-05 09:30:00,2022,2,5,9,30,77,77445,D150,48.58611,2.59402,Plein jour,En agglomération,Hors intersection,Normale,Autre collision,3,2,2,0,1,1,1,0,1,50,1,2,1,0,1,0,42.0,,voiture,,1,2,1,1,6
202200013804,2022-04-25 18:45:00,2022,4,25,18,45,75,75113,RUE DU DOCTEUR BOURNEVILLE,48.818344,2.358686,Plein jour,En agglomération,Hors intersection,Normale,Deux véhicules - côté,4,2,2,0,1,1,1,0,1,30,2,3,0,0,0,3,31.0,22.0,deux_roues,deux_roues,1,2,1,1,3
202200013805,2022-04-25 02:35:00,2022,4,25,2,35,75,75111,RUE PAUL BERT,48.8517431655,2.3846476133,Nuit avec éclairage allumé,En agglomération,Hors intersection,Normale,Deux véhicules - côté,4,2,2,0,1,1,1,0,1,30,2,2,1,0,0,1,21.0,34.0,voiture,deux_roues,5,2,1,1,3
202200013806,2022-02-04 21:50:00,2022,2,4,21,50,77,77431,D40E5,48.25837,2.69347,Nuit avec éclairage allumé,En agglomération,Giratoire,Normale,Autre collision,3,1,1,1,1,3,1,5,4,50,1,4,0,0,4,0,22.0,,voiture,,5,2,6,1,6
202200013807,2022-02-05 06:00:00,2022,2,5,6,0,77,77371,D15,48.81517,3.01734,Nuit sans éclairage public,En agglomération,Hors intersection,Autre,Autre collision,3,2,2,0,1,2,7,0,3,80,1,1,0,0,1,0,25.0,,voiture,,3,2,1,9,6
202200013808,2022-01-05 14:00:00,2022,1,5,14,0,76,76410,Route de Dieppe,49.4838013948,1.0483697184,Plein jour,En agglomération,Autre intersection,Normale,Sans collision,7,2,2,0,1,1,1,0,1,50,1,2,1,0,0,1,57.0,,deux_roues,,1,2,9,1,7
202200013809,2022-03-04 23:27:00,2022,3,4,23,27,75,75109,RUE DES MARTYRS,48.878896,2.339847,Nuit avec éclairage allumé,En agglomération,Intersection en T,Normale,Deux véhicules - côté,4,1,2,1,2,1,1,6,1,20,2,2,1,0,0,1,42.0,23.0,voiture,deux_roues,5,2,3,1,3
202200013810,2022-04-25 22:27:00,2022,4,25,22,27,75,75103,BOULEVARD DE SEBASTOPOL,48.8634,2.350955,Nuit avec éclairage allumé,En agglomération,Intersection en X,Normale,Deux véhicules - côté,4,2,5,1,1,1,1,-1,5,30,2,2,1,0,0,1,58.0,21.0,voiture,deux_roues,5,2,2,1,3
202200013811,2022-02-01 18:20:00,2022,2,1,18,20,74,74281,DE GAULLE (AV DU GAL) JUSQU'AU N°26,46.36988,6.47762,Nuit avec éclairage allumé,En agglomération,Hors intersection,Normale,Deux véhicules - arrière,4,2,2,0,1,1,1,0,1,50,2,2,1,0,0,1,68.0,15.0,utilitaire_camion,deux_roues,5,2,1,1,2
202200013812,2022-04-24 12:50:00,2022,4,24,12,50,94,94052,Grande Rue Charles de Gaulle,48.83711,2.48445,Plein jour,En agglomération,Hors intersection,Normale,Autre collision,4,2,2,0,2,2,1,0,1,50,1,2,1,0,0,1,50.0,,deux_roues,,1,2,1,1,6
202200013813,2022-02-05 12:45:00,2022,2,5,12,45,73,73065,ONZE NOVEMBRE ( QUAI DU),45.56753,5.93778,Plein jour,En agglomération,Intersection en Y,Normale,Deux véhicules - côté,4,3,2,0,1,3,1,5,1,50,2,2,1,0,0,1,56.0,25.0,voiture,deux_roues,1,2,4,1,3
202200013814,2022-02-04 20:50:00,2022,2,4,20,50,72,72181,PATTON GENERAL RTE ST-AUBIN A AV RUBILLA,48.02838,0.17822,Nuit avec éclairage non allumé,En agglomération,Hors intersection,Normale,Autre collision,3,1,2,0,1,1,1,3,3,50,1,2,1,0,0,1,,,voiture,,4,2,1,1,6
202200013815,2022-02-06 01:10:00,2022,2,6,1,10,64,64445,GAMBETTA,43.2965346773,-0.3662502766,Nuit avec éclairage allumé,En agglomération,Hors intersection,Normale,Deux véhicules - côté,4,1,2,0,1,1,1,0,1,50,2,3,2,0,0,1,20.0,32.0,voiture,deux_roues,5,2,1,1,3
202200013816,2022-02-05 11:50:00,2022,2,5,11,50,64,64445,LOUIS LACAZE,43.30168,-0.36722,Plein jour,En agglomération,Intersection à plus de 4 branches,Normale,Deux véhicules - côté,4,1,1,0,1,2,2,0,1,30,2,2,1,0,0,1,24.0,22.0,voiture,deux_roues,1,2,5,1,3
202200013817,2022-04-25 16:45:00,2022,4,25,16,45,94,94046,Avenue du Général Leclerc,48.8058,2.441,Plein jour,En agglomération,Intersection en X,Normale,Deux véhicules - côté,3,3,4,0,1,1,1,0,1,50,2,2,1,0,0,1,47.0,43.0,voiture,deux_roues,1,2,2,1,3
202200013818,2022-02-05 23:50:00,2022,2,5,23,50,64,64125,Chemin Bordakopatara,43.42469,-1.57462,Nuit sans éclairage public,Hors agglomération,Hors intersection,Normale,Sans collision,4,2,2,0,2,2,1,0,3,50,1,1,0,0,1,0,31.0,,deux_roues,,3,1,1,1,7
202200013819,2022-04-25 20:15:00,2022,4,25,20,15,94,94054,Rue du Commerce,48.74319,2.39976,Plein jour,En agglomération,Hors intersection,Normale,Sans collision,4,2,2,0,1,3,1,0,1,50,1,1,0,0,1,0,29.0,,deux_roues,,1,2,1,1,7
202200013820,2022-02-05 18:40:00,2022,2,5,18,40,62,62193,SAINT OMER (ROUTE DE),50.924638,1.905812,Nuit sans éclairage public,En agglomération,Hors intersection,Vent fort / tempête,Deux véhicules - côté,3,2,2,0,1,1,1,0,1,70,2,3,1,0,2,0,22.0,68.0,deux_roues,voiture,3,2,1,6,3
202200013821,2022-02-05 21:30:00,2022,2,5,21,30,59,59350,LITTRE RUE,50.62589,3.05188,Nuit avec éclairage allumé,En agglomération,Intersection en T,Normale,Autre collision,4,2,2,0,1,1,1,9,1,30,1,2,1,0,0,1,35.0,,voiture,,5,2,3,1,6
202200013822,2022-02-05 11:15:00,2022,2,5,11,15,59,59122,RD1643,50.142281,3.223099,Plein jour,Hors agglomération,Hors intersection,Normale,Deux véhicules - arrière,3,2,2,0,1,1,1,0,1,80,2,2,1,0,1,0,45.0,57.0,deux_roues,voiture,1,1,1,1,2
202200013823,2022-02-05 17:12:00,2022,2,5,17,12,57,57463,VEVER (RUE ),49.1052107397,6.1635842174,Plein jour,En agglomération,Hors intersection,Normale,Autre collision,4,1,1,0,1,1,1,9,1,50,1,2,1,0,0,1,,,utilitaire_camion,,1,2,1,1,6
202200013824,2022-04-25 16:03:00,2022,4,25,16,3,93,93073,Route de la Croix au Plâtre,48.984327,2.533943,Plein jour,Hors agglomération,Hors intersection,Normale,Deux véhicules - arrière,3,2,2,0,1,1,1,2,3,70,2,5,4,0,0,1,42.0,51.0,voiture,voiture,1,1,1,1,2
202200013825,2022-02-04 19:05:00,2022,2,4,19,5,56,56121,GUILLEMOT (RUE  ARMAND ),47.74305,-3.38893,Nuit avec éclairage allumé,En agglomération,Giratoire,Temps couvert,Deux véhicules - côté,4,2,2,0,1,1,1,5,1,30,2,2,1,0,0,1,50.0,41.0,deux_roues,voiture,5,2,6,8,3
202200013826,2022-02-04 17:27:00,2022,2,4,17,27,56,56036,N165 sens Lorient/Vannes,47.79118,-3.317755,Plein jour,Hors agglomération,Hors intersection,Normale,Trois véhicules et plus - en chaîne,2,3,4,0,1,1,1,0,1,90,4,4,3,0,0,1,28.0,36.0,voiture,utilitaire_camion,1,1,1,1,4
202200013827,2022-02-03 17:23:00,2022,2,3,17,23,56,56121,COUVENT (RUE  DU ),47.74485,-3.37761,Plein jour,En agglomération,Intersection en T,Normale,Deux véhicules - côté,4,1,1,0,1,1,1,0,1,20,2,3,1,0,0,2,37.0,33.0,transport_commun,voiture,1,2,3,1,3
202200013828,2022-04-25 00:10:00,2022,4,25,0,10,93,93059,4 Avenue Laënnec,48.96221,2.36974,Nuit avec éclairage allumé,En agglomération,Hors intersection,Normale,Deux véhicules - côté,3,2,2,0,2,3,1,2,1,50,2,2,1,0,0,1,,30.0,voiture,voiture,5,2,1,1,3
202200013829,2022-02-05 17:45:00,2022,2,5,17,45,51,51454,Rue Emile Zola,49.27076,4.02607,Plein jour,En agglomération,Intersection en X,Normale,Sans collision,4,2,2,0,1,1,1,0,1,50,1,2,1,0,0,1,,,voiture,,1,2,2,1,7
202200013830,2022-02-05 15:17:00,2022,2,5,15,17,49,49267,PELLERINIERE,47.45938,-0.48505,Plein jour,En agglomération,Hors intersection,Normale,Deux véhicules - côté,4,1,2,0,1,2,1,0,1,30,2,2,1,0,0,1,75.0,18.0,voiture,deux_roues,1,2,1,1,3
202200013831,2022-04-24 06:30:00,2022,4,24,6,30,93,93066,Avenue Saint Rémy,48.9355,2.36994,Crépuscule ou aube,En agglomération,Hors intersection,Temps couvert,Autre collision,4,2,2,0,1,1,1,0,4,50,1,2,1,0,0,1,27.0,,voiture,,2,2,1,8,6
202200013832,2022-02-05 16:07:00,2022,2,5,16,7,45,45147,Rue du 11 Octobre,47.93413,1.89937,Plein jour,En agglomération,Hors intersection,Normale,Deux véhicules - arrière,4,2,2,0,1,1,1,0,1,50,2,4,2,0,0,2,22.0,41.0,voiture,voiture,1,2,1,1,2
202200013833,2022-02-05 11:00:00,2022,2,5,11,0,45,45302,231 Rue Nationale 20,47.9396973145,1.893492043,Plein jour,En agglomération,Hors intersection,Normale,Deux véhicules - arrière,4,3,4,0,1,1,1,0,1,50,2,2,1,0,0,1,76.0,29.0,deux_roues,voiture,1,2,1,1,2
202200013834,2022-04-25 20:00:00,2022,4,25,20,0,93,93064,Avenue Jean Jaurès,48.865413,2.487851,Plein jour,En agglomération,Hors intersection,Normale,Deux véhicules - côté,3,2,2,0,1,1,1,0,1,50,2,2,1,0,0,1,32.0,30.0,utilitaire_camion,voiture,1,2,1,1,3
202200013835,2022-02-05 09:45:00,2022,2,5,9,45,44,44109,77 Boulevard des Poilus,47.23114,-1.530053,Plein jour,En agglomération,Hors intersection,Temps éblouissant,Deux véhicules - arrière,4,2,2,2,1,1,1,0,1,50,2,2,1,0,0,1,48.0,62.0,deux_roues,voiture,1,2,1,7,2
202200013836,2022-02-05 01:25:00,2022,2,5,1,25,44,44109,56 Boulevard des Belges,47.234639,-1.540994,Nuit avec éclairage allumé,En agglomération,Hors intersection,Normale,Deux véhicules - côté,4,2,4,2,2,1,1,5,1,50,2,3,1,0,0,2,,33.0,voiture,voiture,5,2,1,1,3
202200013837,2022-01-30 21:40:00,2022,1,30,21,40,42,42218,Rue de la Talaudiére,45.4552170538,4.4129106402,Nuit avec éclairage allumé,En agglomération,Hors intersection,Pluie légère,Deux véhicules - arrière,4,2,3,0,1,1,2,0,1,50,2,2,1,0,1,0,29.0,22.0,voiture,voiture,5,2,1,2,2
202200013838,2022-04-25 13:20:00,2022,4,25,13,20,93,93064,Boulevard d'Alsace-lorraine,48.883857,2.488456,Plein jour,En agglomération,Hors intersection,Normale,Autre collision,3,2,3,0,1,1,1,0,1,50,1,2,0,0,1,1,31.0,,deux_roues,,1,2,1,1,6
202200013839,2022-02-04 14:15:00,2022,2,4,14,15,38,38563,JAURES (AVENUE J.),45.36663,5.5829,Plein jour,En agglomération,Intersection en T,Temps couvert,Deux véhicules - côté,4,1,1,0,1,1,1,0,1,50,2,2,1,0,1,0,22.0,33.0,deux_roues,voiture,1,2,3,8,3
202200013840,2022-02-05 23:30:00,2022,2,5,23,30,33,33063,Place Martyrs de la Résistance,44.84197,-0.58456,Nuit avec éclairage allumé,En agglomération,Intersection en X,Normale,Deux véhicules - côté,4,2,2,0,1,1,1,5,1,30,2,2,1,0,0,1,17.0,60.0,deux_roues,utilitaire_camion,5,2,2,1,3
202200013841,2022-02-05 11:00:00,2022,2,5,11,0,33,33318,Avenue de Beutre,44.79929,-0.6706,Plein jour,En agglomération,Intersection en T,Normale,Deux véhicules - frontale,4,4,3,1,1,2,1,0,1,50,2,2,1,0,0,1,24.0,25.0,voiture,deux_roues,1,2,3,1,1
202200013842,2022-04-25 15:15:00,2022,4,25,15,15,93,93077,Avenue de Rosny,48.88164,2.49618,Plein jour,En agglomération,Hors intersection,Normale,Deux véhicules - côté,3,1,3,0,1,1,1,0,1,50,2,2,1,0,0,1,44.0,50.0,utilitaire_camion,voiture,1,2,1,1,3
202200013843,2022-02-05 10:30:00,2022,2,5,10,30,33,33063,Boulevard des Frères Moga,44.83178,-0.55891,Plein jour,En agglomération,Intersection en Y,Normale,Deux véhicules - côté,4,-1,2,0,1,2,1,5,1,50,2,2,1,0,1,0,24.0,50.0,deux_roues,voiture,1,2,4,1,3
202200013844,2022-02-05 11:38:00,2022,2,5,11,38,33,33522,Rue Bourges,44.81511,-0.57968,Plein jour,En agglomération,Intersection en T,Normale,Deux véhicules - côté,4,2,2,2,1,1,1,0,1,50,2,2,1,0,0,1,55.0,82.0,deux_roues,voiture,1,2,3,1,3
202200013845,2022-04-25 07:50:00,2022,4,25,7,50,93,93007,Avenue Paul Vaillant Couturier,48.92611,2.46758,Plein jour,En agglomération,Hors intersection,Normale,Deux véhicules - côté,3,2,2,0,1,1,1,8,1,50,2,2,1,0,0,1,23.0,42.0,deux_roues,voiture,1,2,1,1,3
202200013846,2022-02-05 12:35:00,2022,2,5,12,35,33,33529,LESCA (RUE ANDRE),44.63837,-1.13275,Plein jour,En agglomération,Hors intersection,Normale,Autre collision,4,2,2,0,1,2,1,0,1,50,1,1,0,0,0,1,81.0,,deux_roues,,1,2,1,1,6
202200013847,2022-04-24 17:44:00,2022,4,24,17,44,92,92050,GAMBETTA RUE,48.888847,2.198682,Plein jour,En agglomération,Intersection en T,Normale,Deux véhicules - côté,4,1,1,1,1,1,1,0,5,50,2,2,1,0,0,1,16.0,27.0,deux_roues,voiture,1,2,3,1,3
202200013848,2022-02-05 01:17:00,2022,2,5,1,17,31,31555,27 LA CEPIERE  (PERIPH OUEST A620),43.59046,1.39938,Nuit sans éclairage public,En agglomération,Hors intersection,Normale,Sans collision,1,3,3,0,1,1,2,0,1,90,4,6,5,1,0,0,39.0,34.0,voiture,voiture,3,2,1,1,7
202200013849,2022-02-04 18:30:00,2022,2,4,18,30,30,30007,quai du gardon,44.11726,4.09387,Plein jour,En agglomération,Intersection en T,Normale,Deux véhicules - côté,4,2,2,0,1,1,1,0,1,50,2,2,1,0,0,1,32.0,57.0,voiture,voiture,1,2,3,1,3
202200013850,2022-04-25 13:05:00,2022,4,25,13,5,92,92026,LEONARD DE VINCI,48.89692,2.23744,Plein jour,En agglomération,Hors intersection,Normale,Deux véhicules - côté,4,2,2,0,1,1,1,0,1,50,2,2,1,0,0,1,33.0,23.0,voiture,deux_roues,1,2,1,1,3
202200013851,2022-02-04 21:10:00,2022,2,4,21,10,29,29075,Route du Vieux Saint-Marc,48.398398,-4.4225511,Nuit avec éclairage allumé,Hors agglomération,Hors intersection,Normale,Trois véhicules et plus - collisions multiples,3,3,4,0,1,1,1,9,1,90,3,3,2,0,0,1,,38.0,voiture,voiture,5,1,1,1,5
202200013852,2022-04-24 19:00:00,2022,4,24,19,0,92,92025,AGENT SARRE (AV DE L'),48.924752,2.266174,Plein jour,En agglomération,Autre intersection,Normale,Deux véhicules - arrière,3,2,3,0,1,1,2,0,1,30,2,2,1,0,0,1,52.0,25.0,voiture,deux_roues,1,2,9,1,2
202200013853,2022-02-05 17:30:00,2022,2,5,17,30,26,26362,VERDUN AVENUE (204),44.939,4.90333,Crépuscule ou aube,En agglomération,Intersection en T,Normale,Deux véhicules - côté,4,2,2,1,1,1,1,0,1,50,2,3,2,0,0,1,23.0,27.0,voiture,deux_roues,2,2,3,1,3
202200013854,2022-04-25 13:20:00,2022,4,25,13,20,92,92012,AUTEUIL (BOULEVARD D') - COTE IMPAIR,48.8470621749,2.2445583344,Plein jour,En agglomération,Hors intersection,Normale,Autre collision,4,2,2,0,1,1,1,8,3,50,1,1,0,0,0,1,70.0,,voiture,,1,2,1,1,6
202200013855,2022-02-05 12:00:00,2022,2,5,12,0,25,25056,GRAY ROUTE DE,47.24523,5.9966,Plein jour,En agglomération,Giratoire,Normale,Deux véhicules - arrière,3,2,2,0,1,3,1,0,1,50,2,4,2,0,0,2,71.0,35.0,utilitaire_camion,voiture,1,2,6,1,2
202200013856,2022-02-05 17:45:00,2022,2,5,17,45,18,18279,Avenue du 8 Mai 1945,47.230891,2.080349,Plein jour,En agglomération,Hors intersection,Normale,Sans collision,4,2,2,0,1,1,1,0,1,50,1,2,1,0,0,1,61.0,,voiture,,1,2,1,1,7
202200013857,2022-02-05 14:50:00,2022,2,5,14,50,13,13201,LÉON GAMBETTA (ALLEE),43.29938,5.38213,Plein jour,En agglomération,Hors intersection,Normale,Deux véhicules - côté,4,2,2,0,1,1,1,0,1,50,2,2,1,0,1,0,20.0,29.0,voiture,deux_roues,1,2,1,1,3
202200013858,2022-04-26 18:45:00,2022,4,26,18,45,17,17431,D237e1,45.787397,-0.779686,Crépuscule ou aube,Hors agglomération,Intersection en X,Normale,Deux véhicules - côté,3,2,2,0,1,1,1,0,1,80,2,2,0,0,1,1,20.0,24.0,voiture,voiture,2,1,2,1,3
202200013859,2022-04-26 14:30:00,2022,4,26,14,30,16,16366,Intersection D 1 - Chemin du Roc,45.599687,-0.215558,Plein jour,Hors agglomération,Intersection en X,Normale,Sans collision,3,2,2,0,4,2,1,0,3,80,1,1,0,0,1,0,39.0,,utilitaire_camion,,1,1,2,1,7
202200013860,2022-02-05 17:00:00,2022,2,5,17,0,13,13214,PLOMBIERES (BOULEVARD DES),43.318797859,5.3792952304,Plein jour,En agglomération,Intersection en X,Normale,Deux véhicules - côté,4,-1,2,0,1,1,1,0,1,50,2,6,5,0,1,0,18.0,42.0,deux_roues,voiture,1,2,2,1,3
202200013861,2022-02-05 08:45:00,2022,2,5,8,45,13,13209,MICHELET (BOULEVARD),43.2612793406,5.397676116,Plein jour,En agglomération,Hors intersection,Normale,Deux véhicules - côté,4,2,6,0,1,1,1,0,1,50,2,2,0,0,0,1,,44.0,voiture,deux_roues,1,2,1,1,3
202200013862,2022-02-05 17:10:00,2022,2,5,17,10,10,10387,QUINZE VINGT (RUE),48.2964,4.0728,Plein jour,En agglomération,Hors intersection,Normale,Deux véhicules - arrière,4,1,1,0,1,1,1,0,1,50,2,2,1,0,0,1,30.0,21.0,voiture,deux_roues,1,2,1,1,2
202200013863,2022-04-27 12:30:00,2022,4,27,12,30,62,62906,261 Rue Notre-Dame,50.847671,2.060162,Plein jour,En agglomération,Hors intersection,Normale,Autre collision,4,2,2,0,1,1,1,0,1,50,1,3,2,0,1,0,59.0,,utilitaire_camion,,1,2,1,1,6
202200013864,2022-02-04 14:55:00,2022,2,4,14,55,75,75119,AVENUE JEAN JAURES,48.8881683771,2.3907199502,Plein jour,En agglomération,Intersection en T,Normale,Deux véhicules - côté,4,2,6,1,1,1,2,0,1,30,2,4,2,0,0,2,27.0,22.0,deux_roues,voiture,1,2,3,1,3
202200013865,2022-02-05 21:30:00,2022,2,5,21,30,75,75118,BOULEVARD PERIPHERIQUE,48.900699,2.364959,Nuit avec éclairage allumé,En agglomération,Intersection en Y,Normale,Deux véhicules - arrière,4,1,4,0,1,1,1,0,1,70,2,2,1,0,0,1,23.0,24.0,voiture,voiture,5,2,4,1,2