accident_id,datetime,annee,mois,jour,heure,minute,departement,commune_insee,adresse,latitude,longitude,luminosite,agglomeration,intersection,meteo,collision,catr,circ,nbv,vosp,prof,plan,surf,infra,situ,vma,nb_vehicules,nb_usagers,nb_indemnes,nb_tues,nb_blesses_hosp,nb_blesses_legers,age_cond_1,age_cond_2,veh_type_cond_1,veh_type_cond_2,lum_code,agg_code,int_code,atm_code,col_code
202200014051,2022-06-27 10:05:00,2022,6,27,10,5,69,69264,Rue Paul Bert,45.98984,4.71854,Plein jour,En agglomération,Intersection en X,Normale,Sans collision,3,1,1,0,1,1,1,0,1,-1,1,1,0,0,0,1,20.0,,deux_roues,,1,2,2,1,7
202200014052,2022-04-24 05:45:00,2022,4,24,5,45,59,59090,GAULLE (AVENUE DU GENERAL DE),50.70355,3.09831,Nuit avec éclairage allumé,En agglomération,Hors intersection,Normale,Autre collision,7,2,2,1,2,1,1,0,1,50,1,1,0,0,0,1,22.0,,voiture,,5,2,1,1,6
202200014053,2022-04-24 04:00:00,2022,4,24,4,0,59,59350,GUESDE JULES RUE,50.62305,3.05064,Nuit avec éclairage allumé,En agglomération,Intersection en X,Normale,Deux véhicules - côté,4,1,1,0,1,1,1,0,1,50,2,2,1,0,1,0,22.0,24.0,voiture,voiture,5,2,2,1,3
202200014054,2022-06-27 12:25:00,2022,6,27,12,25,67,67482,Rue Jacobi-Netter,48.586788,7.705955,Plein jour,En agglomération,Hors intersection,Normale,Deux véhicules - côté,4,2,2,0,1,1,1,0,1,50,2,4,1,0,0,3,32.0,37.0,voiture,utilitaire_camion,1,2,1,1,3
202200014055,2022-04-22 15:50:00,2022,4,22,15,50,59,59143,MARLE (RUE DE LA ),50.6798873078,2.8747301102,Plein jour,En agglomération,Intersection en T,Normale,Deux véhicules - côté,7,2,2,0,1,1,1,0,1,50,2,2,1,0,1,0,12.0,70.0,deux_roues,voiture,1,2,3,1,3
202200014056,2022-10-12 15:40:00,2022,10,12,15,40,17,17461,LAVOISIER (AVENUE),45.63151,-1.054568,Plein jour,En agglomération,Hors intersection,Normale,Autre collision,4,2, -1,0,2,1,1,0,1,50,1,2,0,0,0,2,17.0,,deux_roues,,1,2,1,1,6
202200014057,2022-04-22 18:00:00,2022,4,22,18,0,42,42207,Route de Saint-Etienne,45.46706,4.49899,Plein jour,En agglomération,Hors intersection,Normale,Autre collision,4,2,2,0,1,2,1,0,1,50,1,1,0,0,0,1,18.0,,deux_roues,,1,2,1,1,6
202200014058,2022-06-12 11:15:00,2022,6,12,11,15,67,67447,ADELSHOFFEN (RUE D ),48.60732,7.75903,Plein jour,En agglomération,Intersection en T,Normale,Deux véhicules - côté,4,2,2,0,1,1,1,0,1,30,2,4,3,0,0,1,29.0,17.0,voiture,deux_roues,1,2,3,1,3
202200014059,2022-10-12 22:00:00,2022,10,12,22,0,17,17274,PINCHON   AVENUE LOUISE,46.164193,-1.115197,Nuit avec éclairage allumé,En agglomération,Hors intersection,Normale,Deux véhicules - arrière,3,2,2,0,1,1,1,0,1,30,2,2,1,0,0,1,16.0,16.0,deux_roues,deux_roues,5,2,1,1,2
202200014060,2022-04-24 21:00:00,2022,4,24,21,0,33,33162,Rue Emmanuel Paranteau,44.882611,-0.652092,Nuit avec éclairage allumé,En agglomération,Intersection en T,Normale,Autre collision,4,2,2,0,1,1,1,5,1,30,1,2,1,0,0,1,,,deux_roues,,5,2,3,1,6
202200014061,2022-06-11 22:50:00,2022,6,11,22,50,67,67482,PIERRE CORNEILLE (AVENUE),48.5943724671,7.6945495605,Nuit avec éclairage allumé,En agglomération,Hors intersection,Normale,Deux véhicules - arrière,4,-1,0,0,1,1,1,9,8,50,2,2,1,0,0,1,6.0,42.0,deux_roues,voiture,5,2,1,1,2
202200014062,2022-10-12 07:22:00,2022,10,12,7,22,14,14366,D164,49.133178,0.234802,Nuit avec éclairage allumé,En agglomération,Hors intersection,Normale,Deux véhicules - côté,3,2,2,0,2,1,1,0,1,30,2,2,1,0,1,0,16.0,56.0,deux_roues,voiture,5,2,1,1,3
202200014063,2022-04-23 19:40:00,2022,4,23,19,40,33,33063,Avenue de Nontraste,44.87731,-0.56611,Plein jour,Hors agglomération,Hors intersection,Normale,Trois véhicules et plus - en chaîne,4,2,2,0,2,1,1,0,1,30,3,3,1,0,0,2,26.0,49.0,voiture,voiture,1,1,1,1,4
202200014064,2022-06-27 15:04:00,2022,6,27,15,4,66,66136,LANGUEDOC (AVENUE DU CD 88),42.73466,2.89152,Plein jour,En agglomération,Hors intersection,Temps couvert,Deux véhicules - côté,4,3,3,0,1,1,1,0,6,50,2,2,1,0,1,0,29.0,52.0,voiture,deux_roues,1,2,1,8,3
202200014065,2022-04-23 04:45:00,2022,4,23,4,45,18,18205,,47.12454,2.34985,Nuit sans éclairage public,Hors agglomération,Giratoire,Normale,Sans collision,3,1,1,0,1,3,2,5,1,80,1,2,0,0,2,0,21.0,,deux_roues,,3,1,6,1,7
202200014066,2022-10-13 02:24:00,2022,10,13,2,24,14,14118,Rue de la Pigacière,49.18822,-0.35979,Nuit avec éclairage allumé,En agglomération,Hors intersection,Normale,Deux véhicules - côté,4,4,11,0,3,1,1,0,8,50,2,2,0,0,0,2,47.0,22.0,deux_roues,voiture,5,2,1,1,3
202200014067,2022-06-27 12:40:00,2022,6,27,12,40,66,66136,R D 900,42.698126,2.866043,Plein jour,Hors agglomération,Giratoire,Normale,Deux véhicules - côté,4,1,2,0,1,2,1,0,1,50,2,3,1,0,0,2,54.0,51.0,utilitaire_camion,deux_roues,1,1,6,1,3
202200014068,2022-04-18 17:15:00,2022,4,18,17,15,16,16089,CHENES (RUE DES),45.6945149695,-0.3007292747,Plein jour,En agglomération,Hors intersection,Normale,Sans collision,4,-1,2,0,1,1,1,0,1,50,1,1,0,0,0,1,17.0,,deux_roues,,1,2,1,1,7
202200014069,2022-10-12 08:30:00,2022,10,12,8,30,14,14118,Rue de Touraine,49.19466,-0.39742,Plein jour,En agglomération,Hors intersection,Normale,Deux véhicules - arrière,4,2,2,0,1,3,1,0,1,50,2,2,0,0,0,2,56.0,22.0,utilitaire_camion,deux_roues,1,2,1,1,2
202200014070,2022-06-28 13:05:00,2022,6,28,13,5,64,64445,CATHERINE DE BOURBON,43.3189744027,-0.3599631786,Plein jour,Hors agglomération,Hors intersection,Normale,Sans collision,4,-1,2,0,1,1,1,0,1,30,1,2,1,0,0,1,,,voiture,,1,1,1,1,7
202200014071,2022-04-23 17:50:00,2022,4,23,17,50,15,15014,,44.92325,2.44059,Plein jour,En agglomération,Giratoire,Pluie légère,Deux véhicules - côté,4,2,2,0,1,2,2,5,1,50,2,4,0,0,0,4,31.0,27.0,voiture,voiture,1,2,6,2,3
202200014072,2022-10-12 19:55:00,2022,10,12,19,55,13,13208,MENDES FRANCE (AVENUE),43.25345,5.37609,Crépuscule ou aube,En agglomération,Hors intersection,Normale,Deux véhicules - arrière,4,1,2,0,1,1,1,0,1,50,2,2,1,0,0,1,64.0,20.0,voiture,deux_roues,2,2,1,1,2
202200014073,2022-06-28 15:10:00,2022,6,28,15,10,64,64024,Avenue de Biarritz,43.48022,-1.52109,Plein jour,En agglomération,Intersection en T,Normale,Deux véhicules - côté,4,2,2,2,1,1,1,0,1,50,2,2,1,0,0,1,49.0,17.0,utilitaire_camion,deux_roues,1,2,3,1,3
202200014074,2022-04-24 17:00:00,2022,4,24,17,0,13,13204,CHARTREUX (AVENUE DES),43.30881,5.40025,Plein jour,En agglomération,Intersection en T,Temps couvert,Deux véhicules - frontale,4,2,2,0,1,1,1,0,1,50,2,2,1,0,0,1,73.0,39.0,voiture,deux_roues,1,2,3,8,1
202200014075,2022-06-26 10:28:00,2022,6,26,10,28,63,63113,FONTGIEVE (RUE),45.78161,3.0741,Plein jour,En agglomération,Hors intersection,Normale,Deux véhicules - frontale,4,2,2,0,1,1,1,0,1,50,2,2,1,0,0,1,49.0,30.0,voiture,voiture,1,2,1,1,1
202200014076,2022-10-12 08:30:00,2022,10,12,8,30,13,13211,VALLON DE LA BARASSE (CHEMIN DU),43.28257,5.481094,Plein jour,En agglomération,Hors intersection,Normale,Deux véhicules - frontale,4,2,1,0,2,1,1,0,1,50,2,2,1,0,0,1,58.0,15.0,voiture,deux_roues,1,2,1,1,1
202200014077,2022-04-24 14:50:00,2022,4,24,14,50,13,13214,MARCHE D'IN (AVENUE),43.33801,5.38462,Plein jour,En agglomération,Hors intersection,Normale,Deux véhicules - côté,4,2,4,0,2,3,1,0,1,50,2,2,1,0,1,0,,32.0,voiture,voiture,1,2,1,1,3
202200014078,2022-06-14 18:40:00,2022,6,14,18,40,62,62041,CAMBRAI ( DE ),50.28382,2.79884,Plein jour,En agglomération,Hors intersection,Normale,Deux véhicules - côté,4,3,2,0,1,1,1,0,1,50,2,2,1,0,1,0,43.0,74.0,deux_roues,voiture,1,2,1,1,3
202200014079,2022-10-10 09:34:00,2022,10,10,9,34,13,13203,STRASBOURG (BOULEVARD),43.3097545005,5.3796167671,Plein jour,En agglomération,Intersection en X,Normale,Deux véhicules - frontale,4,2,2,0,1,1,1,0,1,50,1,2,1,0,1,0,36.0,,transport_commun,,1,2,2,1,1
202200014080,2022-04-24 19:15:00,2022,4,24,19,15,03,03185,Avenue Jean Nègre,46.34253,2.57785,Plein jour,En agglomération,Intersection en X,Pluie légère,Deux véhicules - frontale,4,3,6,1,1,1,2,5,1,70,2,5,0,0,0,5,32.0,31.0,voiture,voiture,1,2,2,2,1
202200014081,2022-06-28 12:42:00,2022,6,28,12,42,59,59090,GAULLE (AVENUE DU GENERAL DE),50.7197,3.1095,Plein jour,En agglomération,Giratoire,Normale,Deux véhicules - côté,7,3,4,2,1,1,1,0,1,30,2,2,1,0,0,1,44.0,33.0,voiture,deux_roues,1,2,6,1,3
202200014082,2022-10-12 04:35:00,2022,10,12,4,35,09,09225,TREMEGE LIEU DIT,43.155017,1.61159,Nuit sans éclairage public,Hors agglomération,Hors intersection,Normale,Autre collision,4,1,2,0,1,1,1,7,8,110,1,1,0,0,0,1,21.0,,autre,,3,1,1,1,6
202200014083,2022-04-23 15:50:00,2022,4,23,15,50,01,01289,CORBIE (CHEMIN DE),46.164895,5.22073,Plein jour,Hors agglomération,Intersection en X,Normale,Deux véhicules - arrière,3,2,1,0,1,1,1,0,1,80,2,2,1,0,0,1,35.0,18.0,voiture,voiture,1,1,2,1,2
202200014084,2022-10-08 06:30:00,2022,10,8,6,30,06,06088,MERCANTOUR (BD),43.71582,7.18695,Crépuscule ou aube,Hors agglomération,Hors intersection,Normale,Sans collision,4,2,4,0,1,1,1,0,1,70,1,1,0,1,0,0,22.0,,deux_roues,,2,1,1,1,7
202200014085,2022-06-22 20:20:00,2022,6,22,20,20,59,59560,Route de Noyelles,50.5486080963,3.0483412743,Plein jour,Hors agglomération,Hors intersection,Normale,Trois véhicules et plus - en chaîne,7,2,0,0,1,1,1,8,1,50,3,3,2,0,0,1,23.0,37.0,deux_roues,voiture,1,1,1,1,4
202200014086,2022-04-24 20:30:00,2022,4,24,20,30,75,75119,AVENUE JEAN JAURES,48.882792,2.370276,Crépuscule ou aube,En agglomération,Intersection en X,Normale,Deux véhicules - côté,4,2,2,0,1,1,1,0,1,30,2,2,1,0,0,1,40.0,22.0,voiture,deux_roues,2,2,2,1,3
202200014087,2022-09-22 16:30:00,2022,9,22,16,30,73,73065,Voie verte Chambéry,45.58257,5.90691,Plein jour,En agglomération,Hors intersection,Normale,Autre collision,9,2,2,1,4,1,1,1,5,-1,1,2,1,1,0,0,88.0,,deux_roues,,1,2,1,1,6
202200014088,2022-04-24 16:25:00,2022,4,24,16,25,75,75118,RUE ORDENER,48.890647,2.354532,Plein jour,En agglomération,Intersection en T,Normale,Autre collision,4,2,3,0,1,1,1,0,1,30,2,3,2,0,0,1,37.0,77.0,voiture,voiture,1,2,3,1,6
202200014089,2022-10-11 09:30:00,2022,10,11,9,30,75,75119,PORTE DE LA VILLETTE,48.9001584826,2.3899501562,Plein jour,En agglomération,Hors intersection,Normale,Deux véhicules - arrière,4,1,2,0,2,1,1,0,1,50,2,4,2,0,0,2,41.0,41.0,voiture,voiture,1,2,1,1,2
202200014090,2022-06-27 11:55:00,2022,6,27,11,55,59,59008,DELESTRAINT (RUE DU GENERAL),50.3361662682,3.2587552071,Plein jour,En agglomération,Hors intersection,Normale,Deux véhicules - frontale,3,2,2,0,1,1,1,0,1,50,2,4,0,0,0,4,32.0,19.0,voiture,voiture,1,2,1,1,1
202200014091,2022-04-24 19:20:00,2022,4,24,19,20,75,75117,BOULEVARD BESSIERES,48.8977159347,2.3280050182,Plein jour,En agglomération,Hors intersection,Normale,Deux véhicules - côté,4,3,3,1,1,1,1,-1,5,30,2,3,2,0,0,1,25.0,29.0,voiture,deux_roues,1,2,1,1,3
202200014092,2022-06-11 21:15:00,2022,6,11,21,15,58,58194,JEROME TRESAGUET,46.98998,3.1485,Crépuscule ou aube,En agglomération,Hors intersection,Normale,Autre collision,4,2,2,0,2,4,1,0,1,30,1,1,0,0,0,1,36.0,,voiture,,2,2,1,1,6
202200014093,2022-10-11 18:20:00,2022,10,11,18,20,75,75104,BOULEVARD DE SEBASTOPOL,48.860574,2.349373,Plein jour,En agglomération,Intersection en X,Normale,Deux véhicules - côté,4,1,5,0,1,1,1,0,1,30,2,2,1,0,0,1,65.0,25.0,deux_roues,deux_roues,1,2,2,1,3
202200014094,2022-04-24 03:35:00,2022,4,24,3,35,75,75113,PLACE D ITALIE,48.8309929723,2.3557927305,Nuit avec éclairage allumé,En agglomération,Place,Normale,Deux véhicules - arrière,4,1,4,0,1,2,1,0,1,30,2,3,2,0,0,1,32.0,42.0,deux_roues,voiture,5,2,7,1,2
202200014095,2022-06-28 09:00:00,2022,6,28,9,0,57,57463,GOETHE (RUE ),49.1062513403,6.1645762571,Plein jour,En agglomération,Giratoire,Normale,Autre collision,4,2,2,0,1,3,1,0,1,50,1,3,2,0,0,1,21.0,,voiture,,1,2,6,1,6
202200014096,2022-10-11 20:10:00,2022,10,11,20,10,75,75112,PORTE DE CHARENTON,48.830927,2.402991,Nuit avec éclairage allumé,En agglomération,Hors intersection,Normale,Trois véhicules et plus - en chaîne,4,1,4,0,1,1,1,0,1,70,3,4,3,0,0,1,30.0,36.0,voiture,voiture,5,2,1,1,4
202200014097,2022-04-24 01:42:00,2022,4,24,1,42,75,75110,BOULEVARD DE MAGENTA,48.87481,2.357393,Nuit avec éclairage non allumé,En agglomération,Intersection en X,Normale,Deux véhicules - côté,4,2,4,1,1,1,1,-1,5,30,2,3,1,0,1,1,21.0,49.0,deux_roues,voiture,4,2,2,1,3
202200014098,2022-04-24 20:30:00,2022,4,24,20,30,75,75108,AVENUE DES CHAMPS ELYSEES,48.86774,2.313986,Plein jour,En agglomération,Intersection en X,Normale,Sans collision,4,2,8,0,1,1,1,0,1,50,1,1,0,0,1,0,42.0,,voiture,,1,2,2,1,7
202200014099,2022-06-28 11:55:00,2022,6,28,11,55,51,51454,rue Joliot Curie,49.22399,4.01169,Plein jour,En agglomération,Intersection en T,Normale,Sans collision,4,-1,1,0,1,1,1,0,4,50,2,2,1,0,0,1,56.0,42.0,voiture,deux_roues,1,2,3,1,7
202200014100,2022-10-11 00:02:00,2022,10,11,0,2,75,75117,PORTE DE CLICHY,48.8975277007,2.3129063845,Nuit avec éclairage allumé,En agglomération,Intersection en Y,Normale,Trois véhicules et plus - en chaîne,4,1,4,0,1,1,1,0,1,70,3,3,2,0,0,1,41.0,32.0,voiture,voiture,5,2,4,1,4
202200014101,2022-06-28 17:34:00,2022,6,28,17,34,49,49007,JEAN XXIII AVENUE,47.44824,-0.56343,Plein jour,En agglomération,Hors intersection,Normale,Deux véhicules - côté,4,1,2,0,1,2,1,0,1,30,2,2,1,0,1,0,47.0,38.0,deux_roues,voiture,1,2,1,1,3
202200014102,2022-04-24 09:15:00,2022,4,24,9,15,75,75108,BOULEVARD MALESHERBES,48.87838,2.315549,Plein jour,En agglomération,Intersection en X,Normale,Sans collision,4,2,6,1,2,1,1,-1,5,30,1,1,0,0,0,1,72.0,,deux_roues,,1,2,2,1,7
202200014103,2022-10-11 07:25:00,2022,10,11,7,25,75,75120,AVENUE DU DOCTEUR GLEY,48.876796,2.412008,Crépuscule ou aube,En agglomération,Intersection en Y,Normale,Deux véhicules - côté,4,1,2,0,2,1,1,0,1,30,2,3,2,0,1,0,57.0,42.0,deux_roues,utilitaire_camion,2,2,4,1,3
202200014104,2022-06-27 10:25:00,2022,6,27,10,25,49,49007,GAIN ( LOUIS),47.46903,-0.54006,Plein jour,En agglomération,Hors intersection,Normale,Deux véhicules - arrière,4,2,2,0,1,1,1,0,1,30,2,3,2,0,0,1,22.0,30.0,voiture,voiture,1,2,1,1,2
202200014105,2022-10-10 13:20:00,2022,10,10,13,20,75,75106,RUE DU CHERCHE MIDI,48.851146,2.328871,Plein jour,En agglomération,Hors intersection,Normale,Autre collision,4,1,1,0,1,1,1,0,1,30,1,2,1,0,0,1,21.0,,deux_roues,,1,2,1,1,6
202200014106,2022-04-24 16:02:00,2022,4,24,16,2,75,75107,QUAI D ORSAY,48.8627051723,2.3184055597,Plein jour,En agglomération,Hors intersection,Normale,Deux véhicules - arrière,4,2,6,1,1,1,1,-1,5,30,2,2,1,0,0,1,27.0,28.0,deux_roues,deux_roues,1,2,1,1,2
202200014107,2022-06-28 19:05:00,2022,6,28,19,5,47,47031,RD17,44.17066,0.63977,Plein jour,Hors agglomération,Intersection en X,Normale,Deux véhicules - côté,3,2,2,0,1,1,1,5,1,50,2,3,2,0,0,1,43.0,24.0,voiture,deux_roues,1,1,2,1,3
202200014108,2022-10-12 11:15:00,2022,10,12,11,15,75,75119,AVENUE DE FLANDRE,48.883873,2.368606,Plein jour,En agglomération,Place,Normale,Deux véhicules - côté,4,1,3,1,1,1,1,0,5,30,2,2,1,0,0,1,25.0,62.0,deux_roues,deux_roues,1,2,7,1,3
202200014109,2022-06-27 12:30:00,2022,6,27,12,30,44,44162,Avenue Marcellin Berthelot,47.225776,-1.620801,Plein jour,En agglomération,Hors intersection,Normale,Deux véhicules - côté,4,3,2,0,1,3,1,0,1,50,2,2,1,0,0,1,74.0,45.0,voiture,deux_roues,1,2,1,1,3
202200014110,2022-10-12 16:40:00,2022,10,12,16,40,75,75118,BOULEVARD NEY,48.898559,2.361652,Plein jour,En agglomération,Hors intersection,Normale,Autre collision,4,1,4,0,1,1,1,0,1,30,1,2,1,0,0,1,41.0,,voiture,,1,2,1,1,6
202200014111,2022-06-28 18:25:00,2022,6,28,18,25,43,43041,117 Avenue Charles Dupuy,45.04928,3.91922,Plein jour,En agglomération,Hors intersection,Normale,Deux véhicules - côté,3,3,2,0,1,1,1,0,1,50,2,2,0,0,1,1,21.0,17.0,voiture,deux_roues,1,2,1,1,3
202200014112,2022-10-12 10:30:00,2022,10,12,10,30,75,75117,BOULEVARD DES BATIGNOLLES,48.882974,2.325441,Plein jour,En agglomération,Intersection en X,Normale,Deux véhicules - côté,4,1,2,3,1,1,1,0,1,30,2,2,1,0,0,1,48.0,37.0,deux_roues,utilitaire_camion,1,2,2,1,3
202200014113,2022-06-23 16:55:00,2022,6,23,16,55,42,42207,Avenue Jules Ferry,45.4709,4.5161,Plein jour,En agglomération,Intersection en X,Normale,Deux véhicules - côté,7,1,1,0,2,1,2,0,1,50,2,2,1,0,0,1,23.0,59.0,deux_roues,voiture,1,2,2,1,3
202200014114,2022-10-12 01:10:00,2022,10,12,1,10,75,75116,AVENUE DE LA GRANDE ARMEE,48.874427,2.292999,Nuit avec éclairage allumé,En agglomération,Intersection en X,Normale,Deux véhicules - arrière,4,2,3,1,1,1,1,0,1,30,2,2,1,0,0,1,27.0,56.0,voiture,voiture,5,2,2,1,2
202200014115,2022-06-27 11:10:00,2022,6,27,11,10,37,37261,ALOUETTE (AVENUE),47.3597612733,0.697594285,Plein jour,En agglomération,Intersection en X,Normale,Deux véhicules - côté,4,3,2,0,1,1,1,5,1,50,2,2,1,0,0,1,31.0,64.0,deux_roues,voiture,1,2,2,1,3
202200014116,2022-10-12 07:05:00,2022,10,12,7,5,75,75115,RUE DE LA CONVENTION,48.837225,2.296417,Nuit avec éclairage allumé,En agglomération,Intersection en X,Normale,Deux véhicules - côté,4,2,3,1,1,1,1,0,1,30,2,2,1,0,0,1,27.0,45.0,deux_roues,voiture,5,2,2,1,3
202200014117,2022-05-02 07:33:00,2022,5,2,7,33,36,36044,Avenue John Kennedy,46.795887,1.692057,Crépuscule ou aube,En agglomération,Intersection en T,Normale,Deux véhicules - côté,4,2,2,0,1,1,1,0,1,50,2,2,1,0,1,0,18.0,20.0,deux_roues,voiture,2,2,3,1,3
202200014118,2022-10-09 13:10:00,2022,10,9,13,10,75,75114,BOULEVARD DU MONTPARNASSE,48.842192,2.329367,Plein jour,En agglomération,Intersection en X,Normale,Autre collision,4,2,6,3,1,1,1,0,1,30,1,2,1,0,0,1,54.0,,voiture,,1,2,2,1,6
202200014119,2022-06-28 15:30:00,2022,6,28,15,30,35,35278,PORTE DE ST MALO,48.139693,-1.696646,Plein jour,Hors agglomération,Hors intersection,Normale,Deux véhicules - arrière,2,3,4,0,1,1,1,0,1,90,2,2,1,0,0,1,24.0,69.0,voiture,voiture,1,1,1,1,2
202200014120,2022-06-28 16:10:00,2022,6,28,16,10,35,35238,VANEAU,48.11144,-1.69291,Plein jour,En agglomération,Hors intersection,Normale,Autre collision,4,2,2,2,1,4,1,0,1,30,1,2,1,0,0,1,69.0,,voiture,,1,2,1,1,6
202200014121,2022-10-12 16:30:00,2022,10,12,16,30,75,75113,BOULEVARD DE PORT ROYAL,48.838307,2.342086,Plein jour,En agglomération,Intersection en Y,Normale,Autre collision,4,2,4,3,2,1,1,9,1,30,1,3,1,0,0,2,26.0,,deux_roues,,1,2,4,1,6
202200014122,2022-06-28 08:00:00,2022,6,28,8,0,35,35238,MANOIR DE SERVIGNE (DU),48.10166,-1.72927,Plein jour,En agglomération,Autre intersection,Normale,Deux véhicules - côté,4,2,2,1,1,1,1,0,5,50,2,2,1,0,0,1,35.0,36.0,voiture,deux_roues,1,2,9,1,3
202200014123,2022-10-12 12:00:00,2022,10,12,12,0,75,75113,QUAI FRANCOIS MAURIAC,48.832972,2.378758,Plein jour,En agglomération,Intersection en T,Normale,Deux véhicules - côté,4,2,4,1,1,1,1,0,5,30,2,2,1,0,0,1,68.0,63.0,voiture,deux_roues,1,2,3,1,3
202200014124,2022-06-13 17:10:00,2022,6,13,17,10,33,33529,BISCAROSSE (AVE) DUNE VERS BISCA,44.4859,-1.23672,Plein jour,Hors agglomération,Hors intersection,Normale,Deux véhicules - frontale,3,2,2,0,1,1,1,0,1,80,2,2,0,0,1,1,39.0,61.0,voiture,voiture,1,1,1,1,1
202200014125,2022-10-12 17:20:00,2022,10,12,17,20,75,75112,AVENUE LEDRU ROLLIN,48.848,2.37142,Plein jour,En agglomération,Intersection en X,Normale,Autre collision,4,2,1,0,1,1,1,6,4,30,1,1,0,0,0,1,75.0,,deux_roues,,1,2,2,1,6
202200014126,2022-06-28 21:20:00,2022,6,28,21,20,31,31069,ONZE NOVEMBRE 1918 (AV DU),43.6287977464,1.3964411616,Plein jour,En agglomération,Intersection en T,Normale,Deux véhicules - côté,4,2,2,0,1,1,1,9,1,30,2,2,1,0,0,1,21.0,30.0,voiture,deux_roues,1,2,3,1,3
202200014127,2022-10-12 16:45:00,2022,10,12,16,45,75,75112,ROUTE ROYALE DE BEAUTE,48.834839,2.436725,Plein jour,En agglomération,Hors intersection,Normale,Deux véhicules - arrière,4,1,0,2,1,1,1,6,5,30,2,2,0,0,0,2,76.0,62.0,deux_roues,deux_roues,1,2,1,1,2
202200014128,2022-06-28 06:10:00,2022,6,28,6,10,31,31069,BELLONTE (RD-PT MAURICE),43.6265,1.38525,Crépuscule ou aube,En agglomération,Hors intersection,Normale,Deux véhicules - frontale,4,2,2,0,1,2,1,0,1,50,2,2,1,0,0,1,,61.0,voiture,voiture,2,2,1,1,1
202200014129,2022-10-12 14:00:00,2022,10,12,14,0,75,75111,BOULEVARD VOLTAIRE,48.862315,2.37256,Plein jour,En agglomération,Intersection en X,Normale,Deux véhicules - côté,4,2,2,1,1,1,1,0,1,30,2,2,1,0,0,1,32.0,37.0,deux_roues,deux_roues,1,2,2,1,3
202200014130,2022-06-27 15:40:00,2022,6,27,15,40,31,31483,ARRIEU ANSELME (AVENUE),43.11023,0.71867,Plein jour,En agglomération,Intersection en X,Pluie légère,Deux véhicules - côté,3,2,2,0,1,1,2,0,1,50,2,3,2,0,0,1,68.0,71.0,voiture,voiture,1,2,2,2,3
202200014131,2022-10-12 04:25:00,2022,10,12,4,25,75,75103,RUE VIEILLE DU TEMPLE,48.861019,2.362757,Nuit avec éclairage allumé,En agglomération,Hors intersection,Normale,Sans collision,4,1,1,0,1,1,1,0,5,30,1,1,0,0,0,1,25.0,,deux_roues,,5,2,1,1,7
202200014132,2022-06-18 17:55:00,2022,6,18,17,55,29,29039,Rue Micheline Ostermeyer,47.89031,-3.92508,Plein jour,En agglomération,Hors intersection,Normale,Autre collision,4,1,1,0,1,2,1,9,1,30,1,2,1,0,0,1,20.0,,voiture,,1,2,1,1,6
202200014133,2022-10-12 21:00:00,2022,10,12,21,0,94,94081,CAMILLE GROULT (R),48.78612,2.39195,Nuit avec éclairage allumé,En agglomération,Intersection en X,Normale,Autre collision,3,2,2,0,2,1,1,0,1,50,1,2,1,0,0,1,26.0,,voiture,,5,2,2,1,6
202200014134,2022-06-28 19:10:00,2022,6,28,19,10,28,28404,DEBUSSY (RUE CLAUDE DE),48.71616,1.36445,Plein jour,En agglomération,Hors intersection,Normale,Deux véhicules - frontale,4,2,2,0,1,1,1,0,1,30,2,5,4,0,0,1,41.0,28.0,voiture,deux_roues,1,2,1,1,1
202200014135,2022-10-12 15:30:00,2022,10,12,15,30,94,94058,ARGONNE (QU D),48.846291,2.51067,Plein jour,En agglomération,Autre intersection,Normale,Deux véhicules - frontale,4,2,2,0,1,1,1,0,1,30,1,2,1,0,0,1,42.0,,voiture,,1,2,9,1,1
202200014136,2022-10-12 18:15:00,2022,10,12,18,15,94,94003,VACHE NOIRE (LA),48.8098,2.3262,Plein jour,En agglomération,Hors intersection,Normale,Deux véhicules - côté,3,1,4,0,1,1,1,0,1,50,2,2,1,0,0,1,16.0,34.0,deux_roues,voiture,1,2,1,1,3
202200014137,2022-06-28 16:15:00,2022,6,28,16,15,27,27229,JUSTICE (RUE DE LA),49.0235417844,1.155295819,Plein jour,En agglomération,Intersection en T,Normale,Deux véhicules - côté,4,2,2,0,2,1,1,0,1,50,2,2,1,0,0,1,17.0,57.0,deux_roues,voiture,1,2,3,1,3
202200014138,2022-10-12 17:30:00,2022,10,12,17,30,94,94038,ALBERT SCHWEITZER (R),48.77387,2.33805,Plein jour,En agglomération,Hors intersection,Normale,Deux véhicules - frontale,3,-1,2,0,1,1,1,0,1,50,2,2,1,0,0,1,30.0,23.0,voiture,deux_roues,1,2,1,1,1
202200014139,2022-06-28 16:45:00,2022,6,28,16,45,27,27229,VAL ITON (RUE DU),49.03359,1.14658,Plein jour,En agglomération,Intersection en Y,Normale,Deux véhicules - côté,4,2,2,0,2,2,1,0,1,50,2,2,1,0,0,1,25.0,25.0,voiture,deux_roues,1,2,4,1,3
202200014140,2022-05-05 09:50:00,2022,5,5,9,50,26,26252,Rue Marcel Champion,44.85781,4.87441,Plein jour,En agglomération,Hors intersection,Normale,Autre collision,3,2,2,0,1,1,1,0,1,50,1,1,0,0,1,0,35.0,,voiture,,1,2,1,1,6
202200014141,2022-10-12 16:50:00,2022,10,12,16,50,94,94071,VERTE (CITE),48.77208,2.520786,Plein jour,En agglomération,Hors intersection,Normale,Deux véhicules - côté,4,2,2,0,2,1,1,0,1,50,2,3,0,0,0,3,35.0,42.0,voiture,voiture,1,2,1,1,3
202200014142,2022-10-12 15:10:00,2022,10,12,15,10,93,93070,Boulevard Victor Hugo,48.9057,2.32386,Plein jour,En agglomération,Hors intersection,Normale,Sans collision,3,2,2,0,1,1,1,0,1,50,1,1,0,0,0,1,22.0,,deux_roues,,1,2,1,1,7