accident_id,datetime,annee,mois,jour,heure,minute,departement,commune_insee,adresse,latitude,longitude,luminosite,agglomeration,intersection,meteo,collision,catr,circ,nbv,vosp,prof,plan,surf,infra,situ,vma,nb_vehicules,nb_usagers,nb_indemnes,nb_tues,nb_blesses_hosp,nb_blesses_legers,age_cond_1,age_cond_2,veh_type_cond_1,veh_type_cond_2,lum_code,agg_code,int_code,atm_code,col_code
202200014143,2022-06-28 16:45:00,2022,6,28,16,45,24,24037,PAINLEVE ( AVENUE PAUL),44.83681,0.49122,Plein jour,En agglomération,Intersection en T,Normale,Sans collision,3,2,2,0,1,2,1,0,1,50,2,2,1,0,0,1,51.0,,deux_roues,voiture,1,2,3,1,7
202200014144,2022-10-12 13:40:00,2022,10,12,13,40,93,93066,Avenue du Président Wilson,48.9146143796,2.3581316143,Plein jour,En agglomération,Hors intersection,Normale,Deux véhicules - frontale,3,1,2,0,1,1,1,0,1,50,2,2,1,0,0,1,11.0,22.0,deux_roues,voiture,1,2,1,1,1
202200014145,2022-06-28 20:00:00,2022,6,28,20,0,22,22113,R.D.767,48.73862,-3.43888,Plein jour,Hors agglomération,Hors intersection,Normale,Deux véhicules - arrière,3,2,2,0,1,1,1,0,3,80,2,2,1,0,0,1,21.0,36.0,utilitaire_camion,voiture,1,1,1,1,2
202200014146,2022-10-12 07:00:00,2022,10,12,7,0,93,93066,Avenue du Stade de France,48.9190486328,2.3617889383,Nuit avec éclairage allumé,En agglomération,Hors intersection,Normale,Autre collision,4,2,4,3,1,1,1,9,6,50,1,2,1,0,0,1,,,voiture,,5,2,1,1,6
202200014147,2022-06-28 23:20:00,2022,6,28,23,20,18,18205,Route d'Orléans,47.1176,2.37491,Nuit avec éclairage allumé,En agglomération,Hors intersection,Normale,Autre collision,3,2,3,0,1,1,1,0,1,50,1,1,0,1,0,0,27.0,,deux_roues,,5,2,1,1,6
202200014148,2022-10-04 09:33:00,2022,10,4,9,33,93,93039,Avenue du Pont d’Epinay,48.9509743744,2.3068521454,Plein jour,En agglomération,Hors intersection,Normale,Autre collision,3,2,3,1,1,1,1,0,1,50,2,2,1,0,0,1,35.0,25.0,voiture,deux_roues,1,2,1,1,6
202200014149,2022-06-25 05:40:00,2022,6,25,5,40,13,13054,8 MAI 1945 (AV DU ),43.4130903866,5.2208364814,Plein jour,En agglomération,Autre intersection,Normale,Deux véhicules - côté,4,1,1,0,1,1,1,0,8,50,2,3,0,0,0,2,20.0,,voiture,voiture,1,2,9,1,3
202200014150,2022-10-12 07:30:00,2022,10,12,7,30,93,93048,Boulevard de la Boissière,48.8774580051,2.4613737146,Nuit avec éclairage allumé,En agglomération,Hors intersection,Normale,Autre collision,3,2,2,0,1,1,1,0,1,50,1,2,1,0,0,1,44.0,,deux_roues,,5,2,1,1,6
202200014151,2022-06-28 08:10:00,2022,6,28,8,10,13,13103,BOULEVARD DANTON,43.6377546591,5.0883164241,Plein jour,En agglomération,Hors intersection,Normale,Deux véhicules - côté,4,2,2,1,1,1,1,6,1,30,2,2,1,0,0,1,33.0,15.0,utilitaire_camion,deux_roues,1,2,1,1,3
202200014152,2022-10-12 17:35:00,2022,10,12,17,35,93,93031,Avenue Galliéni / Rue du Mont Gerbault,48.9647,2.29925,Plein jour,En agglomération,Intersection en T,Normale,Autre collision,4,2,2,0,1,1,1,0,1,50,1,2,1,0,0,1,47.0,,voiture,,1,2,3,1,6
202200014153,2022-06-28 11:00:00,2022,6,28,11,0,13,13214,CLAUDE MONET (avenue),43.32487,5.39446,Plein jour,En agglomération,Hors intersection,Normale,Autre collision,4,2,2,0,2,1,1,0,1,50,1,2,1,0,0,1,52.0,,voiture,,1,2,1,1,6
202200014154,2022-06-28 12:40:00,2022,6,28,12,40,13,13215,CAP PINEDE (Avenue),43.3279613563,5.3627438674,Plein jour,En agglomération,Hors intersection,Normale,Deux véhicules - côté,4,1,2,0,1,1,1,0,1,50,1,2,1,0,0,1,79.0,,voiture,,1,2,1,1,3
202200014155,2022-10-11 23:00:00,2022,10,11,23,0,93,93031,Avenue Jean Jaurès / Avenue de la Marne,48.95831,2.32556,Nuit avec éclairage allumé,En agglomération,Intersection en T,Normale,Deux véhicules - côté,3,2,3,0,2,2,1,0,1,50,2,2,1,0,0,1,47.0,28.0,voiture,deux_roues,5,2,3,1,3
202200014156,2022-06-27 12:20:00,2022,6,27,12,20,10,10325,Rue de l’Egalite,48.265,4.0596,Plein jour,En agglomération,Hors intersection,Pluie légère,Sans collision,3,2,2,0,1,1,2,0,1,50,1,1,0,0,0,1,17.0,,deux_roues,,1,2,1,2,7
202200014157,2022-06-27 10:35:00,2022,6,27,10,35,75,75113,PORTE D IVRY,48.820406,2.375444,Plein jour,En agglomération,Hors intersection,Normale,Deux véhicules - arrière,4,1,4,0,1,1,1,0,1,70,2,2,1,0,0,1,26.0,36.0,voiture,voiture,1,2,1,1,2
202200014158,2022-10-12 08:40:00,2022,10,12,8,40,93,93005,Avenue Raoul Dufy / Rue Auguste Renoir,48.961370918,2.500201444,Plein jour,En agglomération,Intersection en T,Normale,Deux véhicules - côté,3,2,3,0,1,1,1,0,1,50,2,2,1,0,0,1,51.0,45.0,voiture,voiture,1,2,3,1,3
202200014159,2022-06-28 05:20:00,2022,6,28,5,20,75,75106,BOULEVARD SAINT GERMAIN,48.854471,2.330463,Crépuscule ou aube,En agglomération,Intersection en X,Normale,Deux véhicules - côté,4,1,4,3,1,1,1,0,1,30,2,2,1,0,0,1,20.0,56.0,deux_roues,voiture,2,2,2,1,3
202200014160,2022-10-12 12:45:00,2022,10,12,12,45,92,92046,AUGUSTIN DUMONT (RUE),48.819008,2.300034,Plein jour,En agglomération,Intersection en T,Normale,Deux véhicules - côté,3,2,1,1,1,1,1,0,5,50,2,2,1,0,0,1,16.0,61.0,deux_roues,deux_roues,1,2,3,1,3
202200014161,2022-06-28 12:50:00,2022,6,28,12,50,75,75105,BOULEVARD DE L HOPITAL,48.842299,2.3637,Plein jour,En agglomération,Intersection en Y,Normale,Autre collision,4,2,4,0,1,1,1,0,1,30,1,2,1,0,0,1,23.0,,deux_roues,,1,2,4,1,6
202200014162,2022-10-12 17:50:00,2022,10,12,17,50,92,92072,EIFFEL (AVENUE),48.81929,2.21962,Plein jour,En agglomération,Hors intersection,Normale,Deux véhicules - côté,4,2,2,0,1,1,1,0,1,30,2,2,1,0,0,1,61.0,63.0,voiture,deux_roues,1,2,1,1,3
202200014163,2022-06-28 08:52:00,2022,6,28,8,52,75,75106,RUE MONSIEUR LE PRINCE,48.84995,2.339995,Plein jour,En agglomération,Intersection en X,Normale,Autre collision,4,1, -1,0,2,1,1,0,1,30,1,2,1,0,0,1,44.0,,voiture,,1,2,2,1,6
202200014164,2022-10-12 16:55:00,2022,10,12,16,55,92,92064,MARCEL DASSAULT,48.85413,2.22261,Plein jour,En agglomération,Intersection en T,Normale,Deux véhicules - côté,3,2,3,0,1,1,1,0,1,50,2,2,1,0,0,1,26.0,58.0,deux_roues,voiture,1,2,3,1,3
202200014165,2022-06-28 07:35:00,2022,6,28,7,35,75,75105,PLACE SAINT MICHEL,48.853755,2.344286,Plein jour,En agglomération,Place,Normale,Deux véhicules - côté,4,-1,2,2,1,1,1,0,1,30,2,2,1,0,0,1,47.0,22.0,utilitaire_camion,deux_roues,1,2,7,1,3
202200014166,2022-06-28 16:10:00,2022,6,28,16,10,75,75119,AVENUE DE FLANDRE,48.887342,2.372872,Plein jour,En agglomération,Intersection en Y,Normale,Deux véhicules - arrière,4,3,6,3,1,1,1,0,1,30,2,2,1,0,0,1,56.0,23.0,deux_roues,utilitaire_camion,1,2,4,1,2
202200014167,2022-10-12 15:35:00,2022,10,12,15,35,92,92033,SURESNES,48.845890145,2.189283371,Plein jour,En agglomération,Intersection en T,Normale,Autre collision,4,2,2,0,1,1,1,0,1,50,1,2,1,0,0,1,40.0,,voiture,,1,2,3,1,6
202200014168,2022-10-12 10:00:00,2022,10,12,10,0,92,92076,JARDY,48.8328633227,2.1532747149,Plein jour,En agglomération,Intersection à plus de 4 branches,Normale,Sans collision,3,2,4,0,1,1,1,0,1,50,1,1,0,0,0,1,51.0,,deux_roues,,1,2,5,1,7
202200014169,2022-06-28 20:25:00,2022,6,28,20,25,75,75118,RUE DE L EVANGILE,48.895052,2.368754,Plein jour,En agglomération,Hors intersection,Normale,Deux véhicules - arrière,4,1,1,0,1,1,1,8,1,30,2,3,2,0,0,1,23.0,77.0,deux_roues,voiture,1,2,1,1,2
202200014170,2022-10-12 17:42:00,2022,10,12,17,42,92,92026,PAUL DOUMER,48.89152,2.258025,Plein jour,En agglomération,Hors intersection,Normale,Deux véhicules - arrière,3,3,2,0,2,1,1,2,1,50,2,2,1,0,0,1,39.0,36.0,deux_roues,voiture,1,2,1,1,2
202200014171,2022-06-27 00:50:00,2022,6,27,0,50,75,75118,BOULEVARD NEY,48.89788,2.344422,Nuit sans éclairage public,En agglomération,Intersection en X,Normale,Deux véhicules - côté,4,2,2,0,1,1,1,0,1,30,2,3,1,0,0,2,26.0,18.0,voiture,deux_roues,3,2,2,1,3
202200014172,2022-10-11 13:30:00,2022,10,11,13,30,92,92014,GENERAL LECLERC (AV.) (57 A 135 - 50 A 1,48.779566,2.315381,Plein jour,En agglomération,Hors intersection,Normale,Autre collision,3,1,2,0,1,1,1,0,1,50,1,2,1,0,1,0,63.0,,voiture,,1,2,1,1,6
202200014173,2022-06-28 19:30:00,2022,6,28,19,30,75,75117,RUE NAVIER,48.895763,2.325327,Plein jour,En agglomération,Hors intersection,Normale,Deux véhicules - côté,4,-1,1,2,1,1,1,0,1,30,2,2,1,0,0,1,31.0,60.0,deux_roues,voiture,1,2,1,1,3
202200014174,2022-10-13 13:30:00,2022,10,13,13,30,76,76220,D920,49.882897,1.295764,Plein jour,Hors agglomération,Intersection en T,Pluie légère,Deux véhicules - côté,3,2,2,0,1,1,2,0,1,80,2,2,1,0,1,0,34.0,19.0,voiture,voiture,1,1,3,2,3
202200014175,2022-06-28 20:00:00,2022,6,28,20,0,75,75116,RUE DE LA POMPE,48.866564,2.280129,Plein jour,En agglomération,Intersection en X,Normale,Deux véhicules - côté,4,2,2,0,1,1,1,0,1,30,2,2,1,0,0,1,20.0,51.0,deux_roues,voiture,1,2,2,1,3
202200014176,2022-09-27 16:20:00,2022,9,27,16,20,76,76580,509 Rue du Mont Blanc,49.542319,1.165903,Plein jour,En agglomération,Hors intersection,Normale,Autre collision,4,2,2,0,2,1,1,0,1,50,1,2,1,0,1,0,42.0,,utilitaire_camion,,1,2,1,1,6
202200014177,2022-06-28 08:35:00,2022,6,28,8,35,75,75116,ALLEE DE LONGCHAMP,48.867648,2.250882,Plein jour,En agglomération,Intersection en X,Normale,Deux véhicules - côté,4,2,4,0,1,1,1,0,1,30,2,2,1,0,0,1,35.0,42.0,utilitaire_camion,deux_roues,1,2,2,1,3
202200014178,2022-06-28 12:45:00,2022,6,28,12,45,75,75115,RUE DU COLONEL PIERRE AVIA,48.830977,2.277061,Plein jour,En agglomération,Hors intersection,Normale,Autre collision,4,2,2,1,1,1,1,0,1,30,1,1,0,0,0,1,47.0,,voiture,,1,2,1,1,6
202200014179,2022-10-11 07:34:00,2022,10,11,7,34,82,82171,Route de Toulouse,44.00436,1.179402,Crépuscule ou aube,En agglomération,Hors intersection,Normale,Trois véhicules et plus - collisions multiples,3,2,2,0,1,1,1,0,1,50,3,3,2,0,1,0,53.0,24.0,voiture,deux_roues,2,2,1,1,5
202200014180,2022-06-27 20:45:00,2022,6,27,20,45,75,75114,BOULEVARD JOURDAN,48.822634,2.328526,Plein jour,En agglomération,Hors intersection,Normale,Deux véhicules - côté,4,3,6,1,1,1,1,0,1,30,2,2,1,0,0,1,27.0,,deux_roues,deux_roues,1,2,1,1,3
202200014181,2022-10-13 12:50:00,2022,10,13,12,50,69,69066,Route de Thizy,46.077901,4.312922,Plein jour,Hors agglomération,Hors intersection,Normale,Deux véhicules - arrière,3,2,3,0,1,2,1,0,1,80,2,2,1,0,0,1,81.0,45.0,voiture,utilitaire_camion,1,1,1,1,2
202200014182,2022-10-12 22:10:00,2022,10,12,22,10,81,81197,Chemin de la Maureillé,44.03254,1.991175,Nuit sans éclairage public,Hors agglomération,Hors intersection,Normale,Autre collision,3,2,2,0,1,1,1,0,1,80,1,1,0,0,0,1,27.0,,deux_roues,,3,1,1,1,6
202200014183,2022-06-28 07:30:00,2022,6,28,7,30,75,75111,BOULEVARD DE CHARONNE,48.850308,2.398616,Plein jour,En agglomération,Intersection en Y,Normale,Deux véhicules - côté,4,1,2,1,1,1,1,-1,5,30,2,2,1,0,0,1,40.0,50.0,deux_roues,utilitaire_camion,1,2,4,1,3
202200014184,2022-10-13 17:15:00,2022,10,13,17,15,32,32245,"route départementale n°164, PK 4+100",43.608488,-0.083599,Plein jour,Hors agglomération,Hors intersection,Normale,Sans collision,3,2,2,0,1,3,1,0,8,80,1,1,0,0,1,0,58.0,,deux_roues,,1,1,1,1,7
202200014185,2022-06-28 20:10:00,2022,6,28,20,10,75,75109,RUE DROUOT,48.873263,2.340548,Plein jour,En agglomération,Intersection en T,Normale,Autre collision,4,1,1,0,1,1,1,0,1,30,1,2,1,0,0,1,31.0,,utilitaire_camion,,1,2,3,1,6
202200014186,2022-10-13 17:50:00,2022,10,13,17,50,61,61484,10 Rue de la Vallee,48.263359,0.687847,Crépuscule ou aube,En agglomération,Intersection en X,Pluie légère,Sans collision,3,2,2,0,2,1,2,5,1,50,1,1,0,0,0,1,27.0,,deux_roues,,2,2,2,2,7
202200014187,2022-06-28 12:45:00,2022,6,28,12,45,75,75109,RUE BOCHART DE SARON,48.8823115897,2.3420029879,Plein jour,En agglomération,Intersection en X,Normale,Autre collision,4,1,1,0,2,1,1,0,1,30,1,2,1,0,0,1,67.0,,voiture,,1,2,2,1,6
202200014188,2022-10-13 11:05:00,2022,10,13,11,5,61,61474,Les Petites Crieres,48.790354,-0.001373,Plein jour,Hors agglomération,Hors intersection,Pluie légère,Deux véhicules - frontale,3,2,2,0,1,3,2,0,1,90,2,3,0,0,2,1,34.0,31.0,voiture,utilitaire_camion,1,1,1,2,1
202200014189,2022-06-28 14:00:00,2022,6,28,14,0,75,75108,RUE DE COURCELLES,48.87584,2.308401,Plein jour,En agglomération,Hors intersection,Normale,Deux véhicules - côté,4,2,2,0,2,1,1,0,1,30,2,2,1,0,0,1,32.0,51.0,deux_roues,voiture,1,2,1,1,3
202200014190,2022-10-09 12:55:00,2022,10,9,12,55,61,61171,D13,48.856488,0.008841,Plein jour,Hors agglomération,Hors intersection,Normale,Deux véhicules - frontale,3,2,2,0,1,1,1,0,1,90,2,5,1,0,1,3,53.0,15.0,voiture,utilitaire_camion,1,1,1,1,1
202200014191,2022-06-28 15:45:00,2022,6,28,15,45,75,75107,PLACE VAUBAN,48.853794,2.312685,Plein jour,En agglomération,Place,Normale,Deux véhicules - côté,4,-1,0,0,1,1,1,0,1,30,2,2,1,0,0,1,,40.0,deux_roues,deux_roues,1,2,7,1,3
202200014192,2022-06-28 11:30:00,2022,6,28,11,30,75,75107,RUE DE L UNIVERSITE,48.861161,2.302394,Plein jour,En agglomération,Intersection en X,Normale,Autre collision,4,1,1,0,1,1,1,0,1,30,1,3,1,0,0,2,55.0,,voiture,,1,2,2,1,6
202200014193,2022-10-13 07:10:00,2022,10,13,7,10,68,68042,D201,47.613685,7.491313,Crépuscule ou aube,Hors agglomération,Hors intersection,Normale,Trois véhicules et plus - collisions multiples,3,2,2,0,1,3,1,0,1,80,3,3,2,0,0,1,66.0,26.0,transport_commun,utilitaire_camion,2,1,1,1,5
202200014194,2022-09-29 17:25:00,2022,9,29,17,25,25,25397,Rue de Voide,47.171928,5.917452,Plein jour,En agglomération,Hors intersection,Normale,Sans collision,4,2,1,0,1,1,1,0,1,50,1,2,1,1,0,0,18.0,,voiture,,1,2,1,1,7
202200014195,2022-06-28 09:15:00,2022,6,28,9,15,75,75107,QUAI BRANLY,48.857499,2.291019,Plein jour,En agglomération,Intersection en T,Normale,Deux véhicules - frontale,4,2,4,1,1,1,1,-1,5,30,2,2,1,0,0,1,24.0,58.0,deux_roues,deux_roues,1,2,3,1,1
202200014196,2022-10-13 06:10:00,2022,10,13,6,10,44,44119,Rue de la Garnache,46.958677,-1.762147,Nuit sans éclairage public,En agglomération,Hors intersection,Pluie légère,Autre collision,3,2,2,0,1,1,2,9,3,50,1,1,0,1,0,0,26.0,,voiture,,3,2,1,2,6
202200014197,2022-10-13 04:20:00,2022,10,13,4,20,29,29195,Pont de l'Aber Wrach,48.588701,-4.505918,Nuit sans éclairage public,Hors agglomération,Hors intersection,Pluie légère,Autre collision,3,2,2,0,2,3,2,2,3,80,1,1,0,0,1,0,21.0,,voiture,,3,1,1,2,6
202200014198,2022-06-28 13:40:00,2022,6,28,13,40,94,94068,D'ADAMVILLE KENNEDY (PL),48.79391,2.48647,Plein jour,En agglomération,Intersection à plus de 4 branches,Normale,Deux véhicules - côté,4,1,1,0,1,2,1,0,1,30,2,2,1,0,0,1,44.0,57.0,deux_roues,voiture,1,2,5,1,3
202200014199,2022-10-06 00:05:00,2022,10,6,0,5,29,29174,Lieu Dit Creac H Carnic,47.918021,-4.26203,Nuit sans éclairage public,Hors agglomération,Hors intersection,Normale,Sans collision,3,2,2,0,2,1,1,0,1,-1,1,1,0,0,1,0,21.0,,voiture,,3,1,1,1,7
202200014200,2022-06-27 20:45:00,2022,6,27,20,45,94,94068,BAC (AV DU),48.79702,2.5049,Crépuscule ou aube,En agglomération,Autre intersection,Normale,Deux véhicules - côté,3,2,2,0,1,1,1,0,1,30,2,2,1,0,0,1,15.0,65.0,deux_roues,voiture,2,2,9,1,3
202200014201,2022-10-13 08:45:00,2022,10,13,8,45,02,02810,Route de Soissons,49.255498,3.104839,Plein jour,Hors agglomération,Hors intersection,Pluie légère,Deux véhicules - frontale,3,2,2,0,1,1,2,0,1,80,2,2,1,0,0,1,33.0,52.0,voiture,voiture,1,1,1,2,1
202200014202,2022-10-13 08:30:00,2022,10,13,8,30,03,03283,le bois des naux,46.526007,3.550612,Plein jour,Hors agglomération,Hors intersection,Temps couvert,Sans collision,3,2,2,0,1,2,1,0,1,90,1,1,0,1,0,0,43.0,,voiture,,1,1,1,8,7
202200014203,2022-06-28 07:55:00,2022,6,28,7,55,94,94069,4 Avenue Saint Maurice du Valais,48.81644,2.46007,Plein jour,En agglomération,Hors intersection,Normale,Trois véhicules et plus - collisions multiples,3,2,3,0,1,1,1,0,1,50,3,4,3,0,0,1,26.0,49.0,voiture,voiture,1,2,1,1,5
202200014204,2022-10-02 19:30:00,2022,10,2,19,30,72,72034,les forges,48.37403,0.07338,Crépuscule ou aube,Hors agglomération,Hors intersection,Normale,Autre collision,3,2,2,0,1,1,1,0,3,80,2,2,1,0,0,1,20.0,38.0,deux_roues,utilitaire_camion,2,1,1,1,6
202200014205,2022-06-28 08:40:00,2022,6,28,8,40,94,94002,ETIENNE DOLET (R)/ Boulevard Carnot,48.79574,2.42528,Plein jour,En agglomération,Intersection en X,Normale,Autre collision,4,2,2,0,1,1,1,0,1,50,1,2,1,0,0,1,24.0,,voiture,,1,2,2,1,6
202200014206,2022-10-13 16:45:00,2022,10,13,16,45,60,60178,Avenue du Château,49.607088,2.076357,Plein jour,En agglomération,Giratoire,Normale,Autre collision,3,2,2,0,1,1,2,0,1,50,1,2,1,0,0,1,66.0,,voiture,,1,2,6,1,6
202200014207,2022-06-28 06:00:00,2022,6,28,6,0,93,93073,CHAPIT RE ( RUE DU),49.0044745893,2.5442546448,Crépuscule ou aube,Hors agglomération,Hors intersection,Normale,Autre collision,4,1,3,0,1,1,1,0,1,70,1,1,0,0,0,1,30.0,,voiture,,2,1,1,1,6
202200014208,2022-06-28 16:18:00,2022,6,28,16,18,93,93072,Avenue de Stalingrad,48.948107,2.377648,Plein jour,En agglomération,Autre intersection,Normale,Deux véhicules - côté,3,3,3,1,1,1,1,0,1,50,2,2,1,0,0,1,32.0,73.0,deux_roues,voiture,1,2,9,1,3
202200014209,2022-10-13 10:30:00,2022,10,13,10,30,45,45300,D14 PR 15 + 395,47.8154480599,2.0148012656,Plein jour,Hors agglomération,Hors intersection,Normale,Trois véhicules et plus - collisions multiples,3,2,2,0,1,1,1,0,1,90,3,3,1,0,0,2,52.0,27.0,utilitaire_camion,utilitaire_camion,1,1,1,1,5
202200014210,2022-10-12 21:50:00,2022,10,12,21,50,53,53270,La Petite Vaussourde,48.446095,-0.888074,Nuit sans éclairage public,Hors agglomération,Hors intersection,Normale,Sans collision,3,2,2,0,1,1,1,0,3,90,1,1,0,0,0,1,54.0,,voiture,,3,1,1,1,7
202200014211,2022-06-28 18:41:00,2022,6,28,18,41,93,93066,Allée Jean Richard Bloch / Rue de la Vieille Mer,48.9384,2.3759,Plein jour,En agglomération,Intersection en T,Normale,Autre collision,4,2,2,0,1,1,1,0,1,30,1,3,2,0,0,1,19.0,,voiture,,1,2,3,1,6
202200014212,2022-06-28 07:05:00,2022,6,28,7,5,93,93077,GRANDE RUE,48.88269,2.51676,Plein jour,En agglomération,Hors intersection,Normale,Deux véhicules - côté,3,2,2,0,1,1,1,0,1,50,2,2,1,0,0,1,31.0,39.0,deux_roues,voiture,1,2,1,1,3
202200014213,2022-10-07 15:15:00,2022,10,7,15,15,21,21651,Route de Messigny,47.411765,4.902917,Plein jour,En agglomération,Intersection en X,Normale,Sans collision,3,2,1,0,1,2,1,0,1,50,4,4,1,0,0,3,45.0,73.0,voiture,deux_roues,1,2,2,1,7
202200014214,2022-06-27 18:10:00,2022,6,27,18,10,93,93045,Rue de Paris / Av Combattants Afrique du Nord,48.881438,2.421565,Plein jour,En agglomération,Intersection en X,Normale,Deux véhicules - arrière,3,2,2,0,1,1,1,0,1,30,2,3,1,0,0,2,30.0,48.0,voiture,voiture,1,2,2,1,2
202200014215,2022-10-12 18:25:00,2022,10,12,18,25,04,04192,D4100,43.879784,5.702956,Crépuscule ou aube,Hors agglomération,Hors intersection,Pluie légère,Deux véhicules - côté,3,2,2,0,4,4,2,0,1,80,2,2,1,0,1,0,23.0,16.0,voiture,deux_roues,2,1,1,2,3
202200014216,2022-06-28 11:20:00,2022,6,28,11,20,93,93001,Rue des Gardinoux / Avenue Victor Hugo,48.906247,2.375354,Plein jour,En agglomération,Intersection en X,Normale,Deux véhicules - côté,3,2,2,-1,1,1,1,0,1,-1,2,2,0,0,0,1,20.0,,deux_roues,voiture,1,2,2,1,3
202200014217,2022-10-13 07:00:00,2022,10,13,7,0,28,28324,D23 Bois Carron,48.481669,1.240972,Nuit sans éclairage public,Hors agglomération,Hors intersection,Autre,Deux véhicules - arrière,3,2,2,0,2,1,2,0,1,80,2,2,1,1,0,0,49.0,54.0,deux_roues,voiture,3,1,1,9,2
202200014218,2022-06-27 15:20:00,2022,6,27,15,20,92,92051,"VILLIERS (RUE DE, N° 21 A 59)",48.890311045,2.2794926316,Plein jour,En agglomération,Hors intersection,Normale,Autre collision,4,2,2,0,1,1,1,0,1,50,1,2,1,0,0,1,21.0,,deux_roues,,1,2,1,1,6
202200014219,2022-10-11 17:45:00,2022,10,11,17,45,87,87030,CD 675 route de Rochechouart,45.855557,0.866718,Plein jour,Hors agglomération,Hors intersection,Normale,Deux véhicules - frontale,3,2,2,0,2,2,2,0,1,90,2,2,0,0,1,1,47.0,58.0,voiture,voiture,1,1,1,1,1
202200014220,2022-06-28 19:10:00,2022,6,28,19,10,92,92044,TREBOIS(RUE),48.8912612859,2.2897755503,Plein jour,En agglomération,Hors intersection,Normale,Autre collision,4,1,1,0,1,1,1,0,1,30,1,1,0,0,0,1,51.0,,deux_roues,,1,2,1,1,6
202200014221,2022-10-13 15:15:00,2022,10,13,15,15,30,30348,38 Rue de l Horloge,44.052678,4.138906,Plein jour,En agglomération,Hors intersection,Normale,Autre collision,4,1,1,0,2,1,1,0,1,30,1,2,1,0,1,0,82.0,,voiture,,1,2,1,1,6
202200014222,2022-06-28 09:56:00,2022,6,28,9,56,92,92025,GABRIEL PERI (RUE),48.9185731339,2.2397882938,Plein jour,En agglomération,Hors intersection,Normale,Autre collision,3,1,3,3,1,1,1,0,1,30,1,2,1,0,0,1,36.0,,voiture,,1,2,1,1,6
202200014223,2022-06-28 17:45:00,2022,6,28,17,45,92,92012,VICTOR GRIFFUELHES (RUE) - COTE PAIR,48.83024,2.24223,Plein jour,En agglomération,Hors intersection,Normale,Autre collision,4,2,2,0,1,1,1,0,1,50,1,2,1,0,0,1,51.0,,voiture,,1,2,1,1,6
202200014224,2022-06-28 19:50:00,2022,6,28,19,50,92,92007,RAVERA (AVENUE HENRI) N° 1 A 109 ET 2 A,48.7970555508,2.3017807156,Plein jour,En agglomération,Giratoire,Normale,Deux véhicules - côté,3,1,1,0,1,1,1,0,1,30,2,2,1,0,0,1,26.0,57.0,voiture,deux_roues,1,2,6,1,3
202200014225,2022-10-13 08:15:00,2022,10,13,8,15,73,73213,A43,45.554873342,5.9543641941,Plein jour,Hors agglomération,Hors intersection,Normale,Deux véhicules - arrière,1,3,6,0,1,1,1,0,1,90,2,2,0,0,1,1,33.0,28.0,voiture,deux_roues,1,1,1,1,2
202200014226,2022-06-28 22:45:00,2022,6,28,22,45,57,57028,rond point ARGANCY D1,49.196204,6.208177,Nuit sans éclairage public,Hors agglomération,Giratoire,Normale,Sans collision,3,2,2,0,1,1,1,0,8,90,1,1,0,0,1,0,47.0,,deux_roues,,3,1,6,1,7
202200014227,2022-10-12 15:50:00,2022,10,12,15,50,53,53045,7 La Muserie,48.073896,-1.004739,Plein jour,Hors agglomération,Hors intersection,Normale,Sans collision,3,2,2,0,1,1,1,0,8,90,1,1,0,0,1,0,43.0,,utilitaire_camion,,1,1,1,1,7
202200014228,2022-06-22 06:40:00,2022,6,22,6,40,80,80514,D11,50.101285,2.437291,Crépuscule ou aube,Hors agglomération,Hors intersection,Normale,Deux véhicules - frontale,3,2,2,0,1,1,1,0,1,80,2,2,1,0,0,1,48.0,47.0,voiture,voiture,2,1,1,1,1
202200014229,2022-10-13 11:45:00,2022,10,13,11,45,47,47159,A62,44.405412,0.186623,Plein jour,Hors agglomération,Hors intersection,Normale,Autre collision,6,-1, -1,0,1,1,1,8,8,30,1,3,2,0,1,0,69.0,,voiture,,1,1,1,1,6
202200014230,2022-06-28 09:20:00,2022,6,28,9,20,52,52251,Rue des Acacias,48.1355510217,5.0845760549,Plein jour,En agglomération,Hors intersection,Normale,Autre collision,3,2,2,0,2,1,1,0,4,50,1,1,0,1,0,0,79.0,,voiture,,1,2,1,1,6
202200014231,2022-08-28 04:15:00,2022,8,28,4,15,34,34134,M5,43.588753,3.798294,Nuit sans éclairage public,Hors agglomération,Hors intersection,Normale,Autre collision,7,1,2,0,1,1,1,0,3,90,1,1,0,0,1,0,23.0,,deux_roues,,3,1,1,1,6
202200014232,2022-06-27 14:30:00,2022,6,27,14,30,91,91399,D63,48.358662,2.266204,Plein jour,Hors agglomération,Hors intersection,Normale,Deux véhicules - côté,3,2,2,0,1,3,1,0,1,80,2,2,1,0,0,1,68.0,36.0,voiture,voiture,1,1,1,1,3
202200014233,2022-10-11 21:15:00,2022,10,11,21,15,974,97420,Route Nationale 2,-20.913161,55.606635,Nuit sans éclairage public,Hors agglomération,Hors intersection,Normale,Sans collision,2,3,4,0,2,3,1,0,1,110,1,1,0,0,1,0,28.0,,deux_roues,,3,1,1,1,7
202200014234,2022-06-29 12:15:00,2022,6,29,12,15,43,43080,"772 route d'usson, lieu dit pontempeyrat",45.346272,3.899266,Plein jour,En agglomération,Autre intersection,Normale,Autre collision,3,2,2,0,1,2,1,2,3,50,1,1,0,1,0,0,87.0,,voiture,,1,2,9,1,6