accident_id,datetime,annee,mois,jour,heure,minute,departement,commune_insee,adresse,latitude,longitude,luminosite,agglomeration,intersection,meteo,collision,catr,circ,nbv,vosp,prof,plan,surf,infra,situ,vma,nb_vehicules,nb_usagers,nb_indemnes,nb_tues,nb_blesses_hosp,nb_blesses_legers,age_cond_1,age_cond_2,veh_type_cond_1,veh_type_cond_2,lum_code,agg_code,int_code,atm_code,col_code
202200014419,2022-07-31 14:00:00,2022,7,31,14,0,85,85234,49 Esplanade de la Mer,46.783099,-2.071062,Plein jour,En agglomération,Hors intersection,Normale,Autre collision,4,2,2,0,1,1,1,9,1,50,1,5,3,0,2,0,55.0,,voiture,,1,2,1,1,6
202200014420,2022-07-31 14:43:00,2022,7,31,14,43,27,27547,Chemin de la Pagerie,49.044957,0.385844,Plein jour,En agglomération,Intersection en T,Normale,Deux véhicules - côté,4,2,1,0,1,1,1,0,1,50,2,4,3,0,1,0,29.0,36.0,deux_roues,voiture,1,2,3,1,3
202200014421,2022-07-31 01:05:00,2022,7,31,1,5,48,48116,Cascade de Runes (Point de vue),44.381121,3.677443,Nuit sans éclairage public,Hors agglomération,Hors intersection,Normale,Sans collision,3,2,2,0,1,1,1,0,1,90,1,1,0,1,0,0,66.0,,deux_roues,,3,1,1,1,7
202200014422,2022-07-30 17:50:00,2022,7,30,17,50,88,88075,Rue Mougel Bey,48.006003,6.876342,Plein jour,En agglomération,Hors intersection,Normale,Deux véhicules - côté,3,2,2,0,4,1,1,0,1,50,2,2,1,0,1,0,56.0,74.0,deux_roues,voiture,1,2,1,1,3
202200014423,2022-07-30 10:29:00,2022,7,30,10,29,13,13080,D561,43.671926,5.429985,Plein jour,Hors agglomération,Intersection en X,Temps éblouissant,Autre collision,3,2,2,1,1,1,1,0,1,80,2,3,1,0,1,1,49.0,54.0,utilitaire_camion,deux_roues,1,1,2,7,6
202200014424,2022-07-29 21:15:00,2022,7,29,21,15,35,35353,Montigné,48.109147,-1.742819,Crépuscule ou aube,Hors agglomération,Hors intersection,Normale,Autre collision,4,2,2,0,1,1,1,8,3,50,1,1,0,0,1,0,48.0,,deux_roues,,2,1,1,1,6
202200014425,2022-07-29 20:40:00,2022,7,29,20,40,06,06088,"bretelle entrée n°51, sens NICE - ST LAURENT DU VAR",43.67065,7.200358,Crépuscule ou aube,Hors agglomération,Hors intersection,Normale,Sans collision,1,1,1,0,1,3,1,3,1,50,1,2,0,0,0,2,19.0,,deux_roues,,2,1,1,1,7
202200014426,2022-07-30 20:05:00,2022,7,30,20,5,73,73128,"A41 Nord, bretelle AIX Nord",45.714641,5.922377,Plein jour,Hors agglomération,Hors intersection,Normale,Autre collision,1,1,1,0,2,3,1,3,3,50,1,1,0,0,1,0,58.0,,deux_roues,,1,1,1,1,6
202200014427,2022-07-31 14:30:00,2022,7,31,14,30,988,98803,RT3/VU51,-21.45937,165.48778,Plein jour,Hors agglomération,Intersection en T,Normale,Autre collision,2,2,2,0,1,1,1,0,3,90,1,4,0,0,3,1,18.0,,voiture,,1,1,3,1,6
202200014428,2022-07-29 20:30:00,2022,7,29,20,30,33,33199,6 Rue de l Yser,44.640258,-1.071634,Plein jour,En agglomération,Hors intersection,Normale,Deux véhicules - arrière,4,2,2,0,1,1,1,0,1,50,2,2,1,0,1,0,36.0,52.0,voiture,deux_roues,1,2,1,1,2
202200014429,2022-07-31 02:45:00,2022,7,31,2,45,66,66164,,42.756055,2.864256,Nuit sans éclairage public,Hors agglomération,Hors intersection,Normale,Deux véhicules - frontale,3,3,2,0,1,2,1,0,1,90,2,2,0,0,1,1,35.0,54.0,voiture,voiture,3,1,1,1,1
202200014430,2022-07-23 03:45:00,2022,7,23,3,45,66,66037,Avenue Mediterranee,42.695553,3.031865,Nuit avec éclairage allumé,En agglomération,Hors intersection,Normale,Autre collision,4,2,2,1,1,1,1,0,1,50,1,2,1,0,0,1,34.0,,voiture,,5,2,1,1,6
202200014431,2022-07-30 08:10:00,2022,7,30,8,10,83,83107,route départementale 559,43.341207,6.683775,Plein jour,En agglomération,Hors intersection,Normale,Autre collision,3,2,2,0,1,1,1,0,1,50,1,2,1,0,1,0,80.0,,deux_roues,,1,2,1,1,6
202200014432,2022-07-31 17:24:00,2022,7,31,17,24,06,06099,PK 57,43.951946,6.88134,Plein jour,Hors agglomération,Hors intersection,Normale,,3,2,2,0,1,4,1,0,8,80,1,3,2,0,0,1,37.0,,voiture,,1,1,1,1,-1
202200014433,2022-07-30 20:15:00,2022,7,30,20,15,71,71176,RD 979,46.473276,4.022884,Plein jour,Hors agglomération,Hors intersection,Normale,Trois véhicules et plus - en chaîne,3,2,2,0,1,1,1,0,1,80,4,16,8,0,0,8,34.0,25.0,voiture,voiture,1,1,1,1,4
202200014434,2022-07-30 18:00:00,2022,7,30,18,0,03,03086,D779,46.483896,3.868775,Plein jour,Hors agglomération,Hors intersection,Normale,Autre collision,3,2,2,0,1,1,1,0,3,90,1,1,0,0,1,0,18.0,,voiture,,1,1,1,1,6
202200014435,2022-07-30 11:22:00,2022,7,30,11,22,74,74041,,46.306756459,6.6774203538,Plein jour,Hors agglomération,Hors intersection,Normale,Trois véhicules et plus - collisions multiples,3,2,2,0,2,1,1,0,3,80,3,3,1,0,1,1,70.0,22.0,deux_roues,deux_roues,1,1,1,1,5
202200014436,2022-07-30 19:00:00,2022,7,30,19,0,38,38498,Le Village,45.52802,5.339098,Plein jour,En agglomération,Hors intersection,Temps éblouissant,Deux véhicules - côté,3,2,2,0,2,1,1,0,1,30,2,2,1,0,1,0,50.0,10.0,utilitaire_camion,deux_roues,1,2,1,7,3
202200014437,2022-07-31 07:15:00,2022,7,31,7,15,07,07152,D86,45.024638,4.831501,Crépuscule ou aube,Hors agglomération,Intersection en Y,Normale,Autre collision,3,2,2,0,1,1,1,0,1,80,1,1,0,0,0,1,26.0,,voiture,,2,1,4,1,6
202200014438,2022-11-17 16:15:00,2022,11,17,16,15,37,37245,D959,47.4853089565,0.5191469193,Plein jour,Hors agglomération,Hors intersection,Pluie légère,Deux véhicules - frontale,3,2,2,0,1,1,2,0,1,90,2,3,1,0,1,1,62.0,63.0,voiture,voiture,1,1,1,2,1
202200014439,2022-07-31 08:30:00,2022,7,31,8,30,07,07145,,44.62461,4.482422,Plein jour,Hors agglomération,Hors intersection,Normale,Sans collision,3,2,2,0,2,2,1,0,3,80,1,1,0,0,1,0,18.0,,deux_roues,,1,1,1,1,7
202200014440,2022-11-19 20:00:00,2022,11,19,20,0,72,72328,PK 166.700,48.056405,0.250242,Nuit sans éclairage public,Hors agglomération,Hors intersection,Normale,Deux véhicules - arrière,1,1,4,0,1,1,1,0,1,130,2,3,2,0,1,0,35.0,76.0,utilitaire_camion,voiture,3,1,1,1,2
202200014441,2022-07-31 08:10:00,2022,7,31,8,10,69,69206,Route Départementale 306,46.048403,4.721299,Plein jour,Hors agglomération,Hors intersection,Normale,Autre collision,3,3,2,2,1,1,1,0,3,70,1,1,0,1,0,0,57.0,,deux_roues,,1,1,1,1,6
202200014442,2022-07-31 06:45:00,2022,7,31,6,45,47,47157,28 Avenue Charles Boisvert,44.494584,0.171712,Crépuscule ou aube,En agglomération,Hors intersection,Normale,Autre collision,3,2,2,0,1,1,1,0,4,50,1,5,0,0,0,5,26.0,,voiture,,2,2,1,1,6
202200014443,2022-07-30 13:05:00,2022,7,30,13,5,22,22168,Boulevard Aristide Briand,48.813749,-3.449429,Plein jour,En agglomération,Hors intersection,Normale,Deux véhicules - côté,9,2,0,0,1,1,1,6,6,-1,1,2,1,0,1,0,32.0,,voiture,,1,2,1,1,3
202200014444,2022-11-14 21:00:00,2022,11,14,21,0,67,67151,"A35, PK239.800",48.703197,7.849281,Nuit sans éclairage public,Hors agglomération,Hors intersection,Normale,Deux véhicules - arrière,1,1,2,0,1,1,2,0,1,130,2,4,3,1,0,0,47.0,22.0,voiture,voiture,3,1,1,1,2
202200014445,2022-11-18 18:02:00,2022,11,18,18,2,13,13113,24 Avenue de la Grande Begude,43.587969,5.476653,Nuit avec éclairage allumé,En agglomération,Autre intersection,Normale,Deux véhicules - arrière,9,2,1,0,1,1,1,0,1,20,1,2,1,0,1,0,34.0,,voiture,,5,2,9,1,2
202200014446,2022-07-31 04:15:00,2022,7,31,4,15,27,27213,D181,49.201785,1.586816,Nuit sans éclairage public,Hors agglomération,Hors intersection,Normale,Autre collision,3,2,2,0,3,1,1,0,3,80,1,1,0,1,0,0,33.0,,voiture,,3,1,1,1,6
202200014447,2022-11-18 12:25:00,2022,11,18,12,25,06,06085,445 chemin de carimai,43.578137,6.992694,Plein jour,En agglomération,Hors intersection,Normale,Autre collision,3,2,1,0,1,1,1,0,1,50,1,2,1,0,0,1,89.0,,voiture,,1,2,1,1,6
202200014448,2022-07-30 00:23:00,2022,7,30,0,23,13,13106,A51-Sens Marseille vers Aix en Provence,43.4025430797,5.356375426,Nuit sans éclairage public,Hors agglomération,Hors intersection,Normale,Autre collision,1,1,3,0,1,1,1,0,1,90,1,3,0,1,2,0,19.0,,voiture,,3,1,1,1,6
202200014449,2022-11-18 20:25:00,2022,11,18,20,25,02,02521,,49.033648,3.180714,Nuit sans éclairage public,Hors agglomération,Hors intersection,Pluie légère,Deux véhicules - arrière,1,3,4,3,2,1,2,0,6,130,2,8,6,0,1,1,75.0,51.0,voiture,utilitaire_camion,3,1,1,2,2
202200014450,2022-07-29 04:15:00,2022,7,29,4,15,38,38336,A7N   32.870 A 35.680,45.4923787921,4.8334484738,Nuit sans éclairage public,Hors agglomération,Hors intersection,Normale,Autre collision,1,3,4,0,4,2,1,0,1,110,1,2,1,1,0,0,38.0,,utilitaire_camion,,3,1,1,1,6
202200014451,2022-11-14 08:00:00,2022,11,14,8,0,24,24518,D45e,45.046102,0.787024,Crépuscule ou aube,Hors agglomération,Hors intersection,Pluie légère,Sans collision,3,2,2,0,1,2,2,0,3,80,1,2,1,0,0,1,49.0,,transport_commun,,2,1,1,2,7
202200014452,2022-11-18 19:00:00,2022,11,18,19,0,83,83089,"autoroute A8, PK 052.000, direction AIX EN PROVENCE",43.47139,5.824771,Nuit sans éclairage public,Hors agglomération,Hors intersection,Normale,Deux véhicules - arrière,1,1,3,0,3,1,1,0,1,130,2,2,1,0,1,0,22.0,43.0,utilitaire_camion,utilitaire_camion,3,1,1,1,2
202200014453,2022-07-30 18:30:00,2022,7,30,18,30,33,33366,AUTOROUTE A 10,44.98551,-0.427838,Plein jour,Hors agglomération,Hors intersection,Normale,Deux véhicules - côté,1,3,6,0,1,1,1,0,1,130,2,2,1,0,0,1,51.0,32.0,voiture,deux_roues,1,1,1,1,3
202200014454,2022-11-14 16:15:00,2022,11,14,16,15,987,98722,Face au magasin Tahiti Ménager,-17.507448,-149.496554,Plein jour,En agglomération,Hors intersection,Normale,Autre collision,2,2,2,0,1,1,1,0,1,50,1,2,1,0,1,0,50.0,,deux_roues,,1,2,1,1,6
202200014455,2022-07-30 15:00:00,2022,7,30,15,0,33,33013,ROUTE NATIONALE 89,44.8684684628,-0.4968711734,Plein jour,Hors agglomération,Hors intersection,Normale,Deux véhicules - arrière,2,3,5,0,1,1,1,3,1,50,2,3,2,0,1,0,27.0,41.0,deux_roues,utilitaire_camion,1,1,1,1,2
202200014456,2022-11-18 19:00:00,2022,11,18,19,0,77,77476,D401,49.041307,2.955751,Nuit sans éclairage public,Hors agglomération,Hors intersection,Normale,Deux véhicules - frontale,3,2,2,0,2,2,2,9,1,80,2,5,1,0,2,2,23.0,58.0,voiture,voiture,3,1,1,1,1
202200014457,2022-07-30 02:35:00,2022,7,30,2,35,33,33096,AUTOROUTE A 10,44.892205,-0.500991,Nuit sans éclairage public,Hors agglomération,Hors intersection,Normale,Trois véhicules et plus - en chaîne,1,3,6,0,1,1,1,0,1,90,3,8,5,0,0,3,34.0,49.0,voiture,voiture,3,1,1,1,4
202200014458,2022-11-19 00:00:00,2022,11,19,0,0,66,66230,N116,42.644278,2.501348,Nuit sans éclairage public,Hors agglomération,Hors intersection,Normale,Trois véhicules et plus - collisions multiples,2,2,2,0,1,1,1,0,1,80,3,5,1,0,3,1,22.0,18.0,voiture,voiture,3,1,1,1,5
202200014459,2022-07-30 12:30:00,2022,7,30,12,30,91,91477,AUTOROUTE A126,48.71956,2.25739,Plein jour,Hors agglomération,Hors intersection,Normale,Deux véhicules - arrière,1,1,2,0,1,1,1,0,6,90,2,2,1,0,0,1,27.0,53.0,deux_roues,voiture,1,1,1,1,2
202200014460,2022-11-19 01:40:00,2022,11,19,1,40,34,34154,D189,43.604722,3.965578,Nuit sans éclairage public,En agglomération,Hors intersection,Normale,Sans collision,3,2,2,0,1,3,1,0,3,-1,1,1,0,0,1,0,30.0,,voiture,,3,2,1,1,7
202200014461,2022-07-30 14:25:00,2022,7,30,14,25,78,78431,A13,48.94002,1.95443,Plein jour,Hors agglomération,Hors intersection,Normale,Deux véhicules - arrière,1,-1,3,0,1,1,1,0,1,110,2,7,4,0,0,3,33.0,30.0,voiture,voiture,1,1,1,1,2
202200014462,2022-11-18 23:55:00,2022,11,18,23,55,34,34154,D189,43.604289,3.964638,Nuit sans éclairage public,Hors agglomération,Hors intersection,Normale,Deux véhicules - arrière,3,2,2,0,1,1,1,0,1,80,2,2,1,0,0,1,49.0,15.0,voiture,deux_roues,3,1,1,1,2
202200014463,2022-11-16 16:50:00,2022,11,16,16,50,13,13015,D8n,43.429966,5.39308,Plein jour,En agglomération,Autre intersection,Normale,Deux véhicules - côté,3,2,1,1,1,1,1,9,8,50,2,2,1,0,0,1,20.0,68.0,deux_roues,voiture,1,2,9,1,3
202200014464,2022-07-30 02:35:00,2022,7,30,2,35,93,93005,AUTOROUTE A3,48.96281,2.47426,Nuit sans éclairage public,Hors agglomération,Hors intersection,Normale,Trois véhicules et plus - collisions multiples,1,3,2,0,1,1,1,0,1,90,3,4,0,0,0,4,21.0,34.0,voiture,voiture,3,1,1,1,5
202200014465,2022-11-18 19:35:00,2022,11,18,19,35,68,68154,35 Rue Hoffet,47.787041,7.344918,Nuit avec éclairage allumé,En agglomération,Hors intersection,Temps couvert,Deux véhicules - frontale,3,2,2,0,1,1,1,0,1,50,2,2,0,0,1,1,50.0,33.0,voiture,voiture,5,2,1,8,1
202200014466,2022-07-30 14:20:00,2022,7,30,14,20,94,94042,A4,48.826562866,2.4667862096,Plein jour,Hors agglomération,Hors intersection,Normale,Trois véhicules et plus - en chaîne,1,1,4,0,1,1,1,0,1,90,3,5,2,0,0,3,55.0,42.0,voiture,voiture,1,1,1,1,4
202200014467,2022-07-30 01:50:00,2022,7,30,1,50,77,77294,RN104,48.9697644713,2.5981800905,Nuit sans éclairage public,Hors agglomération,Hors intersection,Normale,Trois véhicules et plus - en chaîne,1,1,2,0,1,3,1,0,1,110,3,3,2,0,0,1,35.0,21.0,deux_roues,voiture,3,1,1,1,4
202200014468,2022-11-18 09:45:00,2022,11,18,9,45,07,07348,195 Route d Aubenas,44.540462,4.411982,Plein jour,En agglomération,Autre intersection,Temps éblouissant,Deux véhicules - côté,6,-1, -1,0,1,1,1,9,8,50,2,2,1,0,1,0,88.0,49.0,voiture,utilitaire_camion,1,2,9,7,3
202200014469,2022-07-29 21:00:00,2022,7,29,21,0,94,94028,A86 EXT,48.7827541084,2.4408460732,Plein jour,Hors agglomération,Hors intersection,Normale,Deux véhicules - côté,1,3,8,0,1,1,1,0,1,90,2,2,1,0,0,1,27.0,,deux_roues,voiture,1,1,1,1,3
202200014470,2022-11-18 15:30:00,2022,11,18,15,30,01,01008,Route épartementale D1075,45.935255,5.334737,Plein jour,Hors agglomération,Hors intersection,Normale,Trois véhicules et plus - en chaîne,3,2,2,0,1,1,1,0,1,80,3,3,1,0,0,2,48.0,45.0,voiture,voiture,1,1,1,1,4
202200014471,2022-07-29 12:30:00,2022,7,29,12,30,77,77373,RN104,48.7813740511,2.6158588028,Plein jour,Hors agglomération,Hors intersection,Normale,Deux véhicules - côté,2,3,4,0,1,1,1,0,1,90,2,2,1,1,0,0,39.0,38.0,voiture,deux_roues,1,1,1,1,3
202200014472,2022-11-18 15:30:00,2022,11,18,15,30,69,69238,Avenue Etienne Billard,45.633029,4.456614,Plein jour,En agglomération,Autre intersection,Normale,Deux véhicules - côté,3,2,2,0,1,1,2,0,1,50,2,2,1,0,1,0,16.0,64.0,deux_roues,voiture,1,2,9,1,3
202200014473,2022-11-08 19:55:00,2022,11,8,19,55,31,31395,Chemin du Brouilh,43.459243,1.299434,Nuit sans éclairage public,Hors agglomération,Hors intersection,Normale,Sans collision,3,2,2,0,1,3,1,0,3,80,1,1,0,0,1,0,46.0,,deux_roues,,3,1,1,1,7
202200014474,2022-04-11 07:05:00,2022,4,11,7,5,30,30189,Place Jean Robert,43.84,4.3657,Nuit avec éclairage allumé,En agglomération,Hors intersection,Normale,Deux véhicules - côté,4,1,2,0,1,1,1,0,1,50,2,2,1,0,0,1,21.0,21.0,voiture,voiture,5,2,1,1,3
202200014475,2022-11-18 15:00:00,2022,11,18,15,0,40,40123,D947,43.809679,-1.083398,Plein jour,Hors agglomération,Hors intersection,Pluie forte,Autre collision,3,2,2,0,1,3,2,0,3,80,1,1,0,0,0,1,64.0,,voiture,,1,1,1,3,6
202200014476,2022-11-19 09:00:00,2022,11,19,9,0,14,14762,D524,48.839756,-0.890523,Plein jour,En agglomération,Intersection en X,Temps couvert,Autre collision,3,2,2,0,1,1,2,0,1,50,1,2,1,0,1,0,51.0,,voiture,,1,2,2,8,6
202200014477,2022-07-29 08:05:00,2022,7,29,8,5,976,97611,kaweni-Nossi bé (impasse ),-12.77311,45.22482,Plein jour,En agglomération,Intersection en T,Normale,Deux véhicules - côté,4,2,2,0,1,1,1,0,1,50,2,2,1,0,0,1,20.0,33.0,voiture,deux_roues,1,2,3,1,3
202200014478,2022-11-14 21:00:00,2022,11,14,21,0,60,60612,Avenue Alain Boucher,49.2094547176,2.6221766174,Nuit avec éclairage non allumé,Hors agglomération,Giratoire,Pluie légère,Deux véhicules - frontale,4,2,2,0,1,3,2,0,1,50,2,2,1,0,0,1,30.0,30.0,deux_roues,voiture,4,1,6,2,1
202200014479,2022-07-29 18:10:00,2022,7,29,18,10,974,97411,GAULLE (DU GENERAL DE),-20.88419,55.45759,Nuit avec éclairage allumé,En agglomération,Autre intersection,Normale,Deux véhicules - côté,4,1,1,0,1,1,1,9,1,50,2,2,1,0,1,0,54.0,31.0,voiture,autre,5,2,9,1,3
202200014480,2022-11-18 17:50:00,2022,11,18,17,50,80,80338,D523,49.883132,2.498016,Nuit sans éclairage public,Hors agglomération,Intersection en X,Temps couvert,Deux véhicules - côté,3,2,2,0,1,1,1,0,1,80,2,2,1,0,1,0,44.0,37.0,voiture,voiture,3,1,2,8,3
202200014481,2022-07-30 01:13:00,2022,7,30,1,13,69,69383,Rue Servient,45.76111,4.85775,Nuit avec éclairage allumé,En agglomération,Hors intersection,Normale,Autre collision,4,1,1,0,2,3,1,1,1,50,1,1,0,0,1,0,37.0,,voiture,,5,2,1,1,6
202200014482,2022-11-18 13:15:00,2022,11,18,13,15,59,59212,22 rue du collège,50.646296,2.720907,Plein jour,En agglomération,Hors intersection,Normale,Autre collision,3,2,2,0,1,1,1,0,1,50,1,2,1,0,1,0,36.0,,voiture,,1,2,1,1,6
202200014483,2022-07-29 13:30:00,2022,7,29,13,30,69,69388,Boulevard des Etats-Unis,45.72941,4.86769,Plein jour,En agglomération,Intersection en T,Normale,Deux véhicules - côté,4,2,2,3,1,1,1,0,1,50,2,3,2,0,0,1,23.0,19.0,utilitaire_camion,utilitaire_camion,1,2,3,1,3
202200014484,2022-11-18 07:30:00,2022,11,18,7,30,13,13106,A51-Sens Aix en Provence vers Marseille,43.4049,5.35951,Plein jour,Hors agglomération,Hors intersection,Normale,Deux véhicules - côté,1,1,3,3,1,1,1,0,6,90,2,2,1,0,0,1,42.0,61.0,deux_roues,utilitaire_camion,1,1,1,1,3
202200014485,2022-07-29 16:20:00,2022,7,29,16,20,972,97213,ROUTE DEPARTEMENTALE 14,14.62067,-61.02098,Plein jour,Hors agglomération,Autre intersection,Normale,Deux véhicules - côté,3,2,3,0,2,1,1,0,1,50,2,2,1,0,0,1,,27.0,autre,deux_roues,1,1,9,1,3
202200014486,2022-11-17 14:05:00,2022,11,17,14,5,69,69029,Autoroute 43 ,45.72786,4.90661,Plein jour,Hors agglomération,Hors intersection,Normale,Deux véhicules - arrière,1,3,6,0,1,1,1,0,1,70,2,2,1,0,0,1,34.0,30.0,voiture,voiture,1,1,1,1,2
202200014487,2022-11-18 17:15:00,2022,11,18,17,15,33,33249,ROUTE NATIONALE 230,44.8820612356,-0.5116206408,Nuit avec éclairage allumé,Hors agglomération,Hors intersection,Pluie légère,Autre collision,2,1,2,0,2,2,2,3,1,50,1,1,0,0,0,1,32.0,,voiture,,5,1,1,2,6
202200014488,2022-07-29 10:22:00,2022,7,29,10,22,972,97209,BALATA (ROUTE DE),14.61728,-61.07147,Plein jour,Hors agglomération,Hors intersection,Normale,Autre collision,4,-1,1,0,1,3,1,0,1,50,1,2,1,0,0,1,30.0,,deux_roues,,1,1,1,1,6
202200014489,2022-11-18 09:00:00,2022,11,18,9,0,91,91377,RD 444,48.728301,2.24365,Plein jour,Hors agglomération,Autre intersection,Normale,Deux véhicules - côté,3,2,2,0,1,1,1,0,1,70,2,2,1,0,0,1,64.0,48.0,deux_roues,utilitaire_camion,1,1,9,1,3
202200014490,2022-07-29 11:24:00,2022,7,29,11,24,69,69382,20 Quai Docteur Gailleton,45.75491,4.83504,Plein jour,En agglomération,Hors intersection,Temps couvert,Deux véhicules - arrière,4,2,6,3,2,1,1,0,1,50,2,2,1,0,0,1,36.0,47.0,voiture,voiture,1,2,1,8,2
202200014491,2022-11-18 08:25:00,2022,11,18,8,25,94,94038,AUTOROUTE A6B,48.7749732919,2.3463337748,Plein jour,Hors agglomération,Hors intersection,Temps couvert,Deux véhicules - côté,1,3,6,0,1,1,2,0,1,110,2,2,1,0,0,1,31.0,23.0,deux_roues,voiture,1,1,1,8,3
202200014492,2022-07-29 08:50:00,2022,7,29,8,50,69,69382,Rue Victor Hugo,45.75178,4.82837,Plein jour,En agglomération,Hors intersection,Normale,Autre collision,4,-1,0,0,1,1,1,6,6,30,1,2,1,0,0,1,28.0,,deux_roues,,1,2,1,1,6
202200014493,2022-11-18 08:19:00,2022,11,18,8,19,94,94034,AUTOROUTE A86,48.7558545422,2.342006485,Plein jour,Hors agglomération,Hors intersection,Normale,Deux véhicules - côté,1,1,4,0,1,2,1,0,1,90,2,2,1,0,0,1,40.0,,deux_roues,voiture,1,1,1,1,3
202200014494,2022-07-28 06:22:00,2022,7,28,6,22,2B,2B033,11 - RT,42.69125,9.44971,Crépuscule ou aube,En agglomération,Hors intersection,Normale,Deux véhicules - frontale,2,2,2,0,1,1,1,0,1,50,2,2,0,0,1,1,22.0,53.0,voiture,utilitaire_camion,2,2,1,1,1
202200014495,2022-11-18 11:15:00,2022,11,18,11,15,78,78140,A13,48.961005,1.929978,Plein jour,Hors agglomération,Hors intersection,Normale,Deux véhicules - arrière,1,3,3,0,1,1,1,0,1,130,2,2,1,0,0,1,,21.0,voiture,voiture,1,1,1,1,2
202200014496,2022-07-30 00:10:00,2022,7,30,0,10,2A,2A004,ASPRETTO ROUTE,41.9286,8.766,Nuit avec éclairage allumé,Hors agglomération,Hors intersection,Normale,Trois véhicules et plus - en chaîne,2,3,4,0,1,1,1,0,1,90,3,4,3,0,0,1,52.0,22.0,voiture,voiture,5,1,1,1,4
202200014497,2022-11-18 09:05:00,2022,11,18,9,5,78,78431,A13,48.936522,1.960799,Plein jour,Hors agglomération,Hors intersection,Normale,Deux véhicules - arrière,1,3,3,0,1,1,1,0,1,130,2,2,1,0,0,1,28.0,39.0,utilitaire_camion,utilitaire_camion,1,1,1,1,2
202200014498,2022-07-29 11:55:00,2022,7,29,11,55,91,91027,AV PASTEUR,48.7058020597,2.3676007053,Plein jour,En agglomération,Intersection en T,Normale,Deux véhicules - côté,3,2,2,0,1,1,1,0,1,50,2,2,1,0,0,1,8.0,46.0,autre,voiture,1,2,3,1,3
202200014499,2022-11-18 09:25:00,2022,11,18,9,25,78,78551,A14,48.905833,2.060506,Plein jour,Hors agglomération,Hors intersection,Normale,Deux véhicules - arrière,1,1,2,0,1,2,1,1,1,90,2,2,1,0,0,1,54.0,41.0,voiture,deux_roues,1,1,1,1,2
202200014500,2022-07-29 09:00:00,2022,7,29,9,0,91,91223,MAI 1945 (AVENUE DU 8),48.439206,2.160139,Plein jour,En agglomération,Autre intersection,Normale,Deux véhicules - côté,3,2,2,0,3,1,1,0,1,50,2,4,0,0,0,4,67.0,64.0,voiture,voiture,1,2,9,1,3
202200014501,2022-11-18 04:00:00,2022,11,18,4,0,95,95252,A15,48.9843273966,2.2163202017,Nuit sans éclairage public,Hors agglomération,Hors intersection,Normale,Deux véhicules - arrière,1,3,8,0,1,2,1,0,1,110,2,3,0,0,0,3,43.0,29.0,voiture,voiture,3,1,1,1,2
202200014502,2022-07-28 22:48:00,2022,7,28,22,48,87,87085,CHURCHILL WINSTON (PLACE),45.83132,1.25242,Nuit avec éclairage allumé,En agglomération,Intersection en X,Normale,Sans collision,4,4,5,0,2,1,1,0,1,30,2,2,1,0,0,1,28.0,29.0,deux_roues,voiture,5,2,2,1,7
202200014503,2022-11-16 22:40:00,2022,11,16,22,40,77,77175,RN104,48.66508,2.613111,Nuit avec éclairage allumé,Hors agglomération,Hors intersection,Pluie forte,Autre collision,2,1,3,0,1,1,2,0,1,90,2,3,1,0,0,2,34.0,42.0,voiture,voiture,5,1,1,3,6
202200014504,2022-07-25 07:50:00,2022,7,25,7,50,83,83126,PLACE SAINT JEAN,43.11174,5.865904,Plein jour,En agglomération,Hors intersection,Normale,Autre collision,4,1,1,0,1,1,1,0,1,50,1,2,1,0,1,0,23.0,,voiture,,1,2,1,1,6
202200014505,2022-09-17 03:30:00,2022,9,17,3,30,94,94081,ROUGET DE L ISLE (AV),48.77879,2.39611,Nuit avec éclairage allumé,En agglomération,Hors intersection,Normale,Deux véhicules - arrière,3,2,2,0,1,1,1,0,1,50,2,2,1,0,0,1,64.0,,transport_commun,voiture,5,2,1,1,2
202200014506,2022-07-28 08:10:00,2022,7,28,8,10,83,83129,NEGADOUX (CHEMIN DES),43.113913,5.842544,Plein jour,En agglomération,Autre intersection,Normale,Deux véhicules - côté,4,2,2,0,1,1,1,0,1,50,2,2,0,0,1,1,48.0,46.0,deux_roues,deux_roues,1,2,9,1,3
202200014507,2022-07-29 09:00:00,2022,7,29,9,0,83,83069,THOMAS (AVENUE AMBROISE),43.11581,6.13312,Plein jour,En agglomération,Hors intersection,Normale,Autre collision,4,-1,2,0,1,1,1,9,1,50,1,2,1,0,0,1,,,voiture,,1,2,1,1,6
202200014508,2022-11-17 19:40:00,2022,11,17,19,40,75,75113,PORTE D ITALIE,48.817866,2.368227,Nuit avec éclairage allumé,En agglomération,Hors intersection,Pluie légère,Trois véhicules et plus - collisions multiples,4,1,4,0,1,1,2,0,1,70,3,4,3,0,0,1,26.0,22.0,deux_roues,utilitaire_camion,5,2,1,2,5
202200014509,2022-11-15 18:10:00,2022,11,15,18,10,75,75112,PORTE DE CHARENTON,48.830807,2.403154,Nuit avec éclairage allumé,En agglomération,Hors intersection,Normale,Deux véhicules - arrière,4,1,4,0,1,1,2,0,1,70,2,2,1,0,0,1,39.0,43.0,voiture,deux_roues,5,2,1,1,2
202200014510,2022-07-27 16:20:00,2022,7,27,16,20,78,78440,avenue de la République,48.98673,1.923578,Plein jour,En agglomération,Hors intersection,Normale,Deux véhicules - arrière,4,2,2,0,1,1,1,0,1,50,2,4,3,0,0,1,36.0,55.0,deux_roues,utilitaire_camion,1,2,1,1,2