accident_id,datetime,annee,mois,jour,heure,minute,departement,commune_insee,adresse,latitude,longitude,luminosite,agglomeration,intersection,meteo,collision,catr,circ,nbv,vosp,prof,plan,surf,infra,situ,vma,nb_vehicules,nb_usagers,nb_indemnes,nb_tues,nb_blesses_hosp,nb_blesses_legers,age_cond_1,age_cond_2,veh_type_cond_1,veh_type_cond_2,lum_code,agg_code,int_code,atm_code,col_code
202200014600,2022-11-18 06:50:00,2022,11,18,6,50,58,58278,88 bis route de lyon,46.971878,3.157389,Nuit avec éclairage allumé,En agglomération,Hors intersection,Normale,Autre collision,3,2,2,0,1,1,1,6,1,50,1,2,1,0,1,0,32.0,,voiture,,5,2,1,1,6
202200014601,2022-07-28 19:00:00,2022,7,28,19,0,06,06069,PEGOMAS (ROUTE DE),43.632291,6.93143,Plein jour,Hors agglomération,Hors intersection,Normale,Sans collision,3,2,2,0,1,2,1,0,3,70,1,1,0,0,0,1,21.0,,voiture,,1,1,1,1,7
202200014602,2022-11-16 14:57:00,2022,11,16,14,57,06,06032,13 Domaine des Pissarelles,43.72351,7.384647,Plein jour,Hors agglomération,Hors intersection,Normale,Deux véhicules - frontale,7,2,2,0,1,3,1,0,1,50,2,3,2,0,1,0,37.0,82.0,deux_roues,voiture,1,1,1,1,1
202200014603,2022-07-29 16:20:00,2022,7,29,16,20,75,75120,RUE DE LAGNY,48.849044,2.41037,Plein jour,En agglomération,Hors intersection,Normale,Deux véhicules - côté,4,1,2,1,1,1,1,0,1,30,2,2,1,0,0,1,66.0,50.0,voiture,deux_roues,1,2,1,1,3
202200014604,2022-11-17 08:30:00,2022,11,17,8,30,14,14022,Rue The Dorset Regiment,49.340314766,-0.583021044,Plein jour,En agglomération,Intersection en X,Pluie légère,Deux véhicules - côté,4,2,2,0,1,1,2,0,1,50,2,2,1,0,1,0,32.0,69.0,voiture,voiture,1,2,2,2,3
202200014605,2022-07-29 14:10:00,2022,7,29,14,10,75,75118,RUE DU MONT CENIS,48.891829,2.343925,Plein jour,En agglomération,Intersection en X,Normale,Deux véhicules - côté,4,1,1,0,1,1,1,0,1,30,2,2,1,0,0,1,37.0,50.0,deux_roues,utilitaire_camion,1,2,2,1,3
202200014606,2022-11-18 07:50:00,2022,11,18,7,50,50,50256,7 Rue de Pain d?Avaine (Isigny-le-Buat),48.620022,-1.173201,Nuit avec éclairage allumé,En agglomération,Hors intersection,Pluie légère,Autre collision,3,2,2,0,1,1,2,0,1,50,1,2,1,0,0,1,69.0,,voiture,,5,2,1,2,6
202200014607,2022-07-29 14:00:00,2022,7,29,14,0,75,75116,ALLEE DE LA REINE MARGUERITE,48.852114,2.241689,Plein jour,En agglomération,Hors intersection,Normale,Deux véhicules - côté,4,2,2,0,1,1,1,0,1,30,2,2,1,0,0,1,51.0,25.0,voiture,deux_roues,1,2,1,1,3
202200014608,2022-07-29 13:25:00,2022,7,29,13,25,75,75116,CARREFOUR DU BOUT DES LACS,48.863498,2.239133,Plein jour,En agglomération,Hors intersection,Normale,Autre collision,4,2,1,0,1,1,1,0,1,30,1,1,0,0,0,1,53.0,,deux_roues,,1,2,1,1,6
202200014609,2022-11-18 11:15:00,2022,11,18,11,15,83,83040,D4085,43.803248,6.613429,Plein jour,Hors agglomération,Hors intersection,Normale,Sans collision,3,2,2,0,2,4,1,0,3,70,2,2,1,1,0,0,54.0,50.0,deux_roues,utilitaire_camion,1,1,1,1,7
202200014610,2022-11-18 17:20:00,2022,11,18,17,20,45,45044,D8 PR 16 + 758,48.031428397,2.051100954,Nuit sans éclairage public,Hors agglomération,Hors intersection,Normale,Autre collision,3,2,2,0,1,2,1,0,3,80,1,1,0,0,0,1,54.0,,deux_roues,,3,1,1,1,6
202200014611,2022-07-29 10:25:00,2022,7,29,10,25,75,75116,PLACE DE LA PORTE MAILLOT,48.877086,2.283463,Plein jour,En agglomération,Place,Normale,Deux véhicules - côté,4,1,4,0,1,2,1,0,1,30,2,2,1,0,0,1,42.0,37.0,deux_roues,deux_roues,1,2,7,1,3
202200014612,2022-11-16 16:40:00,2022,11,16,16,40,64,64318,Route de Mazerolles,43.470767,-0.480072,Plein jour,Hors agglomération,Autre intersection,Normale,Autre collision,4,-1,2,0,4,1,1,0,8,80,1,1,0,0,1,0,14.0,,deux_roues,,1,1,9,1,6
202200014613,2022-07-28 21:30:00,2022,7,28,21,30,75,75116,PLACE CHARLES DE GAULLE,48.87413,2.294217,Nuit avec éclairage allumé,En agglomération,Place,Normale,Deux véhicules - côté,4,1,8,0,1,1,1,0,1,30,2,2,1,0,0,1,30.0,49.0,deux_roues,voiture,5,2,7,1,3
202200014614,2022-07-27 11:00:00,2022,7,27,11,0,75,75116,BOULEVARD MURAT,48.843746,2.256737,Plein jour,En agglomération,Hors intersection,Normale,Deux véhicules - côté,4,2,4,0,1,1,1,0,1,30,2,2,1,0,0,1,33.0,48.0,deux_roues,voiture,1,2,1,1,3
202200014615,2022-11-17 15:15:00,2022,11,17,15,15,43,43137,pk 43 D12,45.2898952204,4.153139188,Plein jour,Hors agglomération,Hors intersection,Normale,Deux véhicules - frontale,3,2,2,0,2,3,1,0,1,80,2,3,0,0,2,1,20.0,77.0,utilitaire_camion,voiture,1,1,1,1,1
202200014616,2022-11-18 18:15:00,2022,11,18,18,15,21,21419,Route de Villedieu RD 953,47.9360223963,4.3541350364,Nuit sans éclairage public,Hors agglomération,Hors intersection,Brouillard / fumée,Autre collision,3,2,2,0,1,2,2,0,3,80,1,1,0,0,1,0,53.0,,voiture,,3,1,1,5,6
202200014617,2022-11-17 18:42:00,2022,11,17,18,42,04,04209,Avenue Jean Jaures,44.187874,5.947144,Nuit avec éclairage allumé,En agglomération,Hors intersection,Pluie légère,Autre collision,3,2,2,0,1,1,2,0,1,50,1,3,2,0,1,0,14.0,,deux_roues,,5,2,1,2,6
202200014618,2022-11-17 09:54:00,2022,11,17,9,54,04,04209,Avenue de la Libération,44.191489,5.945081,Plein jour,En agglomération,Hors intersection,Temps éblouissant,Autre collision,3,2,2,0,1,1,1,6,1,50,1,2,1,0,1,0,60.0,,utilitaire_camion,,1,2,1,7,6
202200014619,2022-07-27 10:30:00,2022,7,27,10,30,75,75116,AVENUE FOCH,48.871957,2.28253,Plein jour,En agglomération,Intersection en Y,Normale,Autre collision,4,1,1,0,1,1,1,0,1,30,1,4,1,0,0,3,77.0,,voiture,,1,2,4,1,6
202200014620,2022-11-18 07:05:00,2022,11,18,7,5,28,28227,Route de Gallardon,48.583677,1.589611,Crépuscule ou aube,En agglomération,Hors intersection,Temps couvert,Autre collision,3,2,2,0,1,1,2,5,1,50,1,2,1,0,1,0,22.0,,voiture,,2,2,1,8,6
202200014621,2022-11-14 20:15:00,2022,11,14,20,15,87,87116,D675,46.1468354263,1.0631424176,Nuit sans éclairage public,Hors agglomération,Intersection en T,Pluie légère,Deux véhicules - côté,3,2,2,0,1,1,2,0,1,80,2,2,1,0,1,0,60.0,58.0,voiture,utilitaire_camion,3,1,3,2,3
202200014622,2022-07-29 16:10:00,2022,7,29,16,10,75,75113,BOULEVARD ARAGO,48.83496,2.344986,Plein jour,En agglomération,Intersection en X,Normale,Sans collision,4,2,4,1,1,1,1,0,1,30,1,1,0,0,0,1,42.0,,deux_roues,,1,2,2,1,7
202200014623,2022-11-17 18:35:00,2022,11,17,18,35,48,48103,D999,44.573289,3.319931,Nuit sans éclairage public,Hors agglomération,Hors intersection,Pluie légère,Autre collision,3,2,2,0,2,2,2,0,3,80,1,1,0,0,0,1,50.0,,voiture,,3,1,1,2,6
202200014624,2022-11-17 21:25:00,2022,11,17,21,25,08,08419,RD 985,49.703973,4.417566,Nuit sans éclairage public,Hors agglomération,Hors intersection,Normale,Autre collision,3,2,2,0,2,1,1,0,1,80,1,2,1,0,1,0,25.0,,voiture,,3,1,1,1,6
202200014625,2022-07-29 12:15:00,2022,7,29,12,15,75,75113,RUE NEUVE TOLBIAC,48.831759,2.378914,Plein jour,En agglomération,Hors intersection,Normale,Deux véhicules - côté,4,2,4,0,2,1,1,0,1,30,2,2,1,0,0,1,42.0,40.0,deux_roues,voiture,1,2,1,1,3
202200014626,2022-11-17 19:50:00,2022,11,17,19,50,973,97307,avenue Raoul Roumillac,4.845595,-52.327127,Nuit avec éclairage allumé,En agglomération,Hors intersection,Normale,Autre collision,4,2,2,0,1,1,1,0,3,50,2,3,1,0,2,0,46.0,17.0,voiture,deux_roues,5,2,1,1,6
202200014627,2022-11-18 00:30:00,2022,11,18,0,30,24,24189,ROUTE DES VIGNOBLES POURPRES,44.860158,0.200576,Nuit sans éclairage public,Hors agglomération,Hors intersection,Pluie légère,Autre collision,3,2,2,0,1,3,2,0,3,80,1,2,1,0,1,0,33.0,,voiture,,3,1,1,2,6
202200014628,2022-11-17 17:05:00,2022,11,17,17,5,30,30036,25 Route Nationale 113,43.776141,4.287125,Plein jour,Hors agglomération,Hors intersection,Normale,Deux véhicules - arrière,2,2,2,0,1,1,1,0,1,70,2,2,1,0,1,0,31.0,51.0,voiture,deux_roues,1,1,1,1,2
202200014629,2022-11-18 01:30:00,2022,11,18,1,30,02,02028,Autoroute A26 PK 216+900,49.56867,3.721302,Nuit sans éclairage public,Hors agglomération,Hors intersection,Normale,Autre collision,1,3,4,0,1,1,1,0,8,130,4,4,3,0,1,0,59.0,56.0,voiture,utilitaire_camion,3,1,1,1,6
202200014630,2022-11-18 09:50:00,2022,11,18,9,50,974,97404,d 17b,-21.259524,55.341315,Plein jour,Hors agglomération,Intersection en Y,Normale,Deux véhicules - frontale,3,2,2,0,2,4,1,0,1,80,2,2,1,0,0,1,43.0,33.0,deux_roues,transport_commun,1,1,4,1,1
202200014631,2022-07-29 09:57:00,2022,7,29,9,57,75,75113,PLACE VALHUBERT,48.843708,2.36457,Plein jour,En agglomération,Place,Normale,Trois véhicules et plus - collisions multiples,4,1,3,0,1,1,1,5,1,30,3,3,2,0,0,1,28.0,30.0,deux_roues,deux_roues,1,2,7,1,5
202200014632,2022-11-18 03:00:00,2022,11,18,3,0,34,34161,D11,43.329072,3.115123,Nuit sans éclairage public,Hors agglomération,Hors intersection,Normale,Autre collision,3,2,2,0,1,3,2,0,3,70,2,4,3,0,1,0,25.0,18.0,utilitaire_camion,voiture,3,1,1,1,6
202200014633,2022-11-14 08:30:00,2022,11,14,8,30,84,84081,Rue Louis Gros,43.940456,4.903491,Plein jour,En agglomération,Hors intersection,Normale,Deux véhicules - frontale,4,2,2,0,1,1,1,0,1,30,1,2,1,0,0,1,33.0,,voiture,,1,2,1,1,1
202200014634,2022-07-29 10:15:00,2022,7,29,10,15,75,75113,RUE DE TOLBIAC,48.830171,2.376029,Plein jour,En agglomération,Hors intersection,Normale,Deux véhicules - arrière,4,2,4,3,1,1,1,0,1,30,2,2,1,0,0,1,64.0,,deux_roues,utilitaire_camion,1,2,1,1,2
202200014635,2022-11-17 17:40:00,2022,11,17,17,40,06,06048,1043 Route Departementale 2204,43.788137,7.346564,Nuit sans éclairage public,Hors agglomération,Autre intersection,Normale,Deux véhicules - côté,3,2,2,0,1,1,1,0,1,80,2,2,1,0,1,0,64.0,50.0,voiture,deux_roues,3,1,9,1,3
202200014636,2022-11-12 21:55:00,2022,11,12,21,55,63,63284,rond point de Champ Lamet,45.7849856117,3.2139569521,Nuit avec éclairage allumé,Hors agglomération,Giratoire,Normale,Autre collision,7,3,4,0,1,2,1,0,3,90,1,1,0,0,1,0,44.0,,voiture,,5,1,6,1,6
202200014637,2022-07-29 14:00:00,2022,7,29,14,0,75,75112,AVENUE DAUMESNIL,48.841534,2.387364,Plein jour,En agglomération,Intersection en T,Normale,Deux véhicules - côté,4,2,2,0,1,1,1,0,1,30,2,3,2,0,0,1,25.0,49.0,utilitaire_camion,deux_roues,1,2,3,1,3
202200014638,2022-11-17 00:25:00,2022,11,17,0,25,63,63284,7 chemin des Tilleuls,45.79974,3.237158,Nuit avec éclairage non allumé,En agglomération,Hors intersection,Normale,Autre collision,4,2,2,0,1,1,1,0,4,50,1,1,0,0,1,0,55.0,,voiture,,4,2,1,1,6
202200014639,2022-11-18 15:05:00,2022,11,18,15,5,73,73248,8 Avenue du 8 mai 1945,45.2733114883,6.3602728851,Plein jour,En agglomération,Hors intersection,Normale,Autre collision,6,-1, -1,0,1,1,2,0,1,-1,1,2,1,0,1,0,27.0,,voiture,,1,2,1,1,6
202200014640,2022-07-28 20:30:00,2022,7,28,20,30,75,75112,RUE DE WATTIGNIES,48.835959,2.395766,Crépuscule ou aube,En agglomération,Hors intersection,Temps éblouissant,Deux véhicules - côté,4,2,2,0,1,1,1,0,1,30,2,2,1,0,0,1,21.0,19.0,deux_roues,deux_roues,2,2,1,7,3
202200014641,2022-11-17 17:15:00,2022,11,17,17,15,69,69020,Route Buissonnière,45.859358,4.668672,Nuit avec éclairage allumé,Hors agglomération,Hors intersection,Pluie forte,Deux véhicules - arrière,3,2,2,2,1,1,2,0,1,80,2,2,1,0,0,1,46.0,24.0,voiture,voiture,5,1,1,3,2
202200014642,2022-07-29 23:16:00,2022,7,29,23,16,75,75108,RUE PIERRE CHARRON,48.87052,2.305252,Nuit avec éclairage allumé,En agglomération,Intersection en X,Normale,Deux véhicules - côté,4,2,2,0,1,1,1,0,1,30,2,2,1,0,0,1,54.0,15.0,voiture,deux_roues,5,2,2,1,3
202200014643,2022-11-17 08:50:00,2022,11,17,8,50,69,69009,1050 Avenue de Lossburg,45.943129,4.718813,Crépuscule ou aube,En agglomération,Hors intersection,Normale,Deux véhicules - arrière,4,2,2,0,1,1,1,0,1,50,2,2,1,0,0,1,23.0,19.0,voiture,voiture,2,2,1,1,2
202200014644,2022-07-29 03:20:00,2022,7,29,3,20,75,75116,AVENUE MARCEAU,48.873302,2.295539,Nuit avec éclairage allumé,En agglomération,Place,Normale,Autre collision,4,2,3,0,2,1,1,0,1,30,1,3,2,0,0,1,20.0,,deux_roues,,5,2,7,1,6
202200014645,2022-11-16 22:15:00,2022,11,16,22,15,69,69273,Avenue Gabriel Péri,45.682561,4.925364,Nuit avec éclairage allumé,En agglomération,Giratoire,Normale,Deux véhicules - arrière,4,2,2,2,1,1,1,5,1,50,2,2,1,0,0,1,55.0,20.0,voiture,voiture,5,2,6,1,2
202200014646,2022-11-17 20:25:00,2022,11,17,20,25,33,33284,Arnauton,44.595716,-0.907601,Nuit sans éclairage public,En agglomération,Hors intersection,Pluie légère,Autre collision,3,2,2,0,1,3,2,0,3,70,1,1,0,0,1,0,21.0,,voiture,,3,2,1,2,6
202200014647,2022-07-29 17:06:00,2022,7,29,17,6,75,75107,RUE VANEAU,48.850536,2.319568,Plein jour,En agglomération,Intersection en T,Normale,Deux véhicules - côté,4,1,1,0,1,1,1,0,1,30,2,2,1,0,0,1,26.0,52.0,deux_roues,deux_roues,1,2,3,1,3
202200014648,2022-11-17 19:00:00,2022,11,17,19,0,50,50139,Route nationale 174,49.045194,-1.004128,Nuit sans éclairage public,Hors agglomération,Hors intersection,Pluie légère,Deux véhicules - arrière,2,3,2,0,1,1,2,0,1,110,2,2,1,1,0,0,74.0,23.0,voiture,voiture,3,1,1,2,2
202200014649,2022-07-28 09:35:00,2022,7,28,9,35,75,75107,AVENUE DU GENERAL MARGUERITE,48.855377,2.299553,Plein jour,En agglomération,Intersection en Y,Normale,Autre collision,4,-1,0,0,1,1,9,6,8,10,1,2,1,0,0,1,56.0,,utilitaire_camion,,1,2,4,1,6
202200014650,2022-05-28 16:33:00,2022,5,28,16,33,04,04242,RD 4096,43.884714,5.861965,Plein jour,Hors agglomération,Intersection en T,Normale,Deux véhicules - côté,3,2,2,0,2,1,1,0,1,50,2,2,1,0,1,0,19.0,84.0,voiture,deux_roues,1,1,3,1,3
202200014651,2022-07-29 11:35:00,2022,7,29,11,35,75,75104,RUE BEAUBOURG,48.860325,2.353006,Plein jour,En agglomération,Intersection en T,Normale,Deux véhicules - côté,4,1,2,0,1,1,1,0,1,30,2,2,1,0,0,1,53.0,31.0,utilitaire_camion,deux_roues,1,2,3,1,3
202200014652,2022-05-29 08:15:00,2022,5,29,8,15,13,13085,D559a,43.256768,5.591687,Plein jour,Hors agglomération,Intersection en T,Normale,Deux véhicules - frontale,3,2,3,2,2,1,1,0,1,70,2,2,1,0,1,0,65.0,49.0,voiture,deux_roues,1,1,3,1,1
202200014653,2022-11-18 11:58:00,2022,11,18,11,58,60,60589,D1016,49.220652,2.466774,Plein jour,Hors agglomération,Giratoire,Normale,Sans collision,3,3,4,0,1,1,1,0,1,110,1,1,0,0,0,1,21.0,,voiture,,1,1,6,1,7
202200014654,2022-07-28 19:05:00,2022,7,28,19,5,75,75103,RUE REAUMUR,48.865233,2.357138,Plein jour,En agglomération,Intersection en T,Normale,Deux véhicules - arrière,4,1,3,0,1,1,1,0,1,30,2,2,1,0,0,1,19.0,32.0,deux_roues,deux_roues,1,2,3,1,2
202200014655,2022-11-16 18:50:00,2022,11,16,18,50,60,60450,D49,49.208991,2.279384,Nuit sans éclairage public,Hors agglomération,Giratoire,Pluie forte,Sans collision,3,2,2,0,1,1,2,0,1,70,1,1,0,0,0,1,49.0,,deux_roues,,3,1,6,3,7
202200014656,2022-05-30 07:20:00,2022,5,30,7,20,13,13027,Route de Tarascon,43.877564,4.834129,Plein jour,Hors agglomération,Giratoire,Normale,Deux véhicules - côté,3,2,1,0,1,3,1,5,1,80,2,2,1,0,1,0,16.0,35.0,deux_roues,voiture,1,1,6,1,3
202200014657,2022-11-16 18:12:00,2022,11,16,18,12,60,60196,D927,49.311219,2.086802,Nuit sans éclairage public,Hors agglomération,Hors intersection,Pluie légère,Deux véhicules - frontale,3,2,2,0,1,1,2,0,1,80,2,2,0,0,1,1,24.0,76.0,voiture,voiture,3,1,1,2,1
202200014658,2022-07-28 22:05:00,2022,7,28,22,5,94,94081,PAUL FROMANT (PL),48.78615,2.40256,Nuit avec éclairage allumé,En agglomération,Giratoire,Normale,Deux véhicules - côté,4,1,2,0,1,2,1,0,1,30,2,2,1,0,0,1,67.0,49.0,voiture,deux_roues,5,2,6,1,3
202200014659,2022-11-16 18:10:00,2022,11,16,18,10,13,13001,A51-Sens Aix en Provence vers Marseille,43.526878,5.426857,Nuit sans éclairage public,Hors agglomération,Hors intersection,Normale,Deux véhicules - côté,1,1,2,0,1,1,1,0,1,90,1,1,0,0,1,0,29.0,,deux_roues,,3,1,1,1,3
202200014660,2022-05-30 13:40:00,2022,5,30,13,40,42,42165,Rue de la Paix,45.791243,4.342571,Plein jour,En agglomération,Intersection en X,Normale,Deux véhicules - côté,4,2,2,0,2,1,1,0,1,50,2,2,1,0,1,0,52.0,14.0,utilitaire_camion,deux_roues,1,2,2,1,3
202200014661,2022-11-17 11:45:00,2022,11,17,11,45,13,13005,A50-Sens Aubagne vers Marseille,43.2879,5.5465,Plein jour,Hors agglomération,Hors intersection,Normale,Deux véhicules - côté,1,1,3,0,1,1,1,0,1,90,2,2,1,0,0,1,62.0,22.0,voiture,utilitaire_camion,1,1,1,1,3
202200014662,2022-05-29 11:00:00,2022,5,29,11,0,01,01049,1554 Route Nationale,45.84301,5.028287,Plein jour,En agglomération,Hors intersection,Normale,Autre collision,3,3,2,0,1,1,1,0,1,50,1,1,0,0,1,0,59.0,,deux_roues,,1,2,1,1,6
202200014663,2022-11-16 18:10:00,2022,11,16,18,10,13,13001,A51-Sens Aix en Provence vers Marseille,43.525886,5.426602,Nuit sans éclairage public,Hors agglomération,Hors intersection,Normale,Trois véhicules et plus - en chaîne,1,1,2,0,1,1,1,0,1,90,6,7,6,0,0,1,81.0,35.0,voiture,voiture,3,1,1,1,4
202200014664,2022-07-29 12:00:00,2022,7,29,12,0,94,94068,PARC (QU DU),48.8099,2.49856,Plein jour,En agglomération,Hors intersection,Normale,Deux véhicules - frontale,9,-1,0,2,1,4,1,0,5,30,1,2,0,0,0,2,42.0,,deux_roues,,1,2,1,1,1
202200014665,2022-05-30 07:00:00,2022,5,30,7,0,69,69141,Route départementale 342 (Chassagny),45.6149141639,4.7045275569,Plein jour,Hors agglomération,Hors intersection,Normale,Deux véhicules - côté,3,2,2,0,1,1,1,9,1,80,2,2,1,0,1,0,22.0,32.0,voiture,deux_roues,1,1,1,1,3
202200014666,2022-11-17 10:25:00,2022,11,17,10,25,83,83123,A50,43.1465993298,5.7717078814,Plein jour,Hors agglomération,Hors intersection,Normale,Deux véhicules - arrière,1,1,1,0,1,1,1,0,1,50,2,2,1,0,0,1,24.0,54.0,utilitaire_camion,utilitaire_camion,1,1,1,1,2
202200014667,2022-05-29 10:21:00,2022,5,29,10,21,09,09282,37 Grande Rue,43.233501,1.575574,Plein jour,En agglomération,Hors intersection,Normale,Sans collision,3,1,1,0,1,1,1,0,1,50,1,1,0,0,1,0,16.0,,deux_roues,,1,2,1,1,7
202200014668,2022-11-11 04:10:00,2022,11,11,4,10,83,83144,A57,43.13395,5.98644,Nuit avec éclairage allumé,Hors agglomération,Hors intersection,Normale,Deux véhicules - arrière,1,3,4,0,1,1,1,8,1,70,2,2,1,0,0,1,37.0,23.0,utilitaire_camion,voiture,5,1,1,1,2
202200014669,2022-05-29 17:00:00,2022,5,29,17,0,31,31263,Rue Minsac,43.406415,1.385136,Plein jour,En agglomération,Hors intersection,Normale,Autre collision,3,2,2,0,2,2,1,0,3,50,1,1,0,0,0,1,52.0,,voiture,,1,2,1,1,6
202200014670,2022-05-06 12:20:00,2022,5,6,12,20,33,33366,Avenue Jules Ferry,44.993091,-0.433483,Plein jour,En agglomération,Giratoire,Normale,Autre collision,3,-1,2,0,1,1,1,0,1,50,1,2,1,0,1,0,81.0,,voiture,,1,2,6,1,6
202200014671,2022-11-16 17:15:00,2022,11,16,17,15,83,83137,A57,43.12545,5.97148,Crépuscule ou aube,Hors agglomération,Hors intersection,Normale,Deux véhicules - arrière,1,1,6,0,2,1,1,0,1,70,2,2,1,0,0,1,35.0,43.0,deux_roues,voiture,2,1,1,1,2
202200014672,2022-07-29 19:55:00,2022,7,29,19,55,94,94052,PORT (R DU),48.83491,2.48876,Plein jour,En agglomération,Hors intersection,Normale,Deux véhicules - arrière,4,2,2,0,2,1,1,0,1,30,2,2,1,0,0,1,50.0,42.0,utilitaire_camion,voiture,1,2,1,1,2
202200014673,2022-05-29 10:30:00,2022,5,29,10,30,974,97416,CONCESSION CONDE(CHEMIN),-21.29222,55.50405,Plein jour,En agglomération,Hors intersection,Normale,Autre collision,4,2,2,0,2,1,1,0,1,50,1,2,1,0,1,0,24.0,,voiture,,1,2,1,1,6
202200014674,2022-05-29 08:10:00,2022,5,29,8,10,974,97416,RN1,-21.29865,55.41918,Plein jour,Hors agglomération,Hors intersection,Temps éblouissant,Sans collision,2,1,2,0,1,1,1,2,1,90,1,1,0,0,0,1,29.0,,voiture,,1,1,1,7,7
202200014675,2022-05-28 11:40:00,2022,5,28,11,40,974,97411,RN2/092,-20.886619,55.491798,Plein jour,Hors agglomération,Hors intersection,Normale,Deux véhicules - arrière,2,3,4,0,1,1,1,0,1,90,2,3,0,0,0,3,39.0,31.0,voiture,voiture,1,1,1,1,2
202200014676,2022-05-29 12:00:00,2022,5,29,12,0,974,97407,MASCAREIGNES(BOULEVARD),-20.936736,55.309211,Plein jour,Hors agglomération,Hors intersection,Normale,Deux véhicules - côté,2,2,2,0,1,1,1,0,1,50,2,2,1,0,0,1,15.0,56.0,deux_roues,voiture,1,1,1,1,3
202200014677,2022-11-16 06:30:00,2022,11,16,6,30,69,69081,Route de Métropole 6,45.78877,4.78431,Nuit sans éclairage public,Hors agglomération,Hors intersection,Normale,Deux véhicules - arrière,7,3,8,0,2,1,2,0,1,70,2,3,1,0,1,1,59.0,67.0,utilitaire_camion,voiture,3,1,1,1,2
202200014678,2022-07-29 11:18:00,2022,7,29,11,18,94,94076,MAXIME GORKI (BD),48.79276,2.36933,Plein jour,En agglomération,Hors intersection,Normale,Deux véhicules - arrière,3,2,4,1,1,1,1,0,1,50,2,2,1,0,0,1,81.0,57.0,voiture,deux_roues,1,2,1,1,2
202200014679,2022-11-17 21:05:00,2022,11,17,21,5,33,33550,ROCADE A 630,44.7776,-0.56245,Nuit avec éclairage allumé,Hors agglomération,Hors intersection,Pluie légère,Sans collision,1,3,6,0,1,1,2,2,1,90,1,1,0,0,0,1,27.0,,voiture,,5,1,1,2,7
202200014680,2022-05-28 11:00:00,2022,5,28,11,0,974,97407,SAINT PAUL(RUE),-20.93857,55.28989,Plein jour,En agglomération,Intersection en X,Normale,Deux véhicules - côté,4,1,0,0,1,1,1,0,1,30,2,4,2,0,0,2,38.0,29.0,voiture,voiture,1,2,2,1,3
202200014681,2022-07-28 19:00:00,2022,7,28,19,0,94,94041,DANIELLE CASANOVA (AV),48.81576,2.38296,Plein jour,En agglomération,Intersection en X,Normale,Deux véhicules - côté,3,2,3,0,1,1,1,0,1,50,2,2,1,0,0,1,36.0,18.0,utilitaire_camion,deux_roues,1,2,2,1,3
202200014682,2022-11-17 20:30:00,2022,11,17,20,30,33,33249,ROUTE NATIONALE 230,44.8814239284,-0.511226356,Nuit avec éclairage allumé,Hors agglomération,Hors intersection,Pluie légère,Autre collision,2,1,2,0,2,2,2,3,1,50,1,2,1,0,0,1,22.0,,voiture,,5,1,1,2,6
202200014683,2022-07-29 20:50:00,2022,7,29,20,50,94,94073,LEON MARCHAND (AV),48.76604,2.3899,Crépuscule ou aube,En agglomération,Hors intersection,Normale,Deux véhicules - côté,3,-1,1,0,1,1,1,0,1,50,2,2,1,0,0,1,41.0,41.0,deux_roues,voiture,2,2,1,1,3
202200014684,2022-05-29 11:30:00,2022,5,29,11,30,69,69387,Avenue Jean Jaurès,45.75244,4.84613,Plein jour,En agglomération,Intersection en X,Normale,Deux véhicules - côté,4,1,2,3,1,1,1,0,1,50,2,2,1,0,0,1,24.0,65.0,autre,voiture,1,2,2,1,3
202200014685,2022-11-17 15:20:00,2022,11,17,15,20,33,33096,AUTOROUTE A 10,44.90695,-0.49157,Plein jour,Hors agglomération,Hors intersection,Pluie forte,Trois véhicules et plus - en chaîne,1,3,6,0,1,2,2,0,1,110,3,3,2,0,0,1,44.0,32.0,utilitaire_camion,utilitaire_camion,1,1,1,3,4
202200014686,2022-07-29 21:15:00,2022,7,29,21,15,94,94017,Voie Sonia Delaunay / Avenue des Grands Godets,48.81265,2.53172,Crépuscule ou aube,En agglomération,Intersection en Y,Normale,Deux véhicules - arrière,3,3,2,2,1,1,1,0,1,50,2,3,1,0,0,1,,25.0,utilitaire_camion,voiture,2,2,4,1,2
202200014687,2022-11-16 11:00:00,2022,11,16,11,0,92,92063,A86,48.8873652787,2.1662899936,Plein jour,Hors agglomération,Hors intersection,Temps couvert,Autre collision,1,1,3,0,2,2,2,0,1,70,1,1,0,0,0,1,21.0,,voiture,,1,1,1,8,6
202200014688,2022-05-28 23:40:00,2022,5,28,23,40,972,97209,CHATEAUBOEUF (ROUTE DE),14.61458,-61.05129,Nuit avec éclairage allumé,En agglomération,Intersection en X,Normale,Deux véhicules - côté,1,1,4,3,1,1,2,3,1,50,2,2,1,0,0,1,23.0,23.0,voiture,voiture,5,2,2,1,3
202200014689,2022-11-17 17:30:00,2022,11,17,17,30,95,95572, A15,49.0269147678,2.1296855366,Nuit sans éclairage public,Hors agglomération,Hors intersection,Pluie forte,Trois véhicules et plus - collisions multiples,1,3,8,0,1,1,2,0,1,110,3,3,2,0,0,1,26.0,52.0,voiture,deux_roues,3,1,1,3,5
202200014690,2022-07-29 11:00:00,2022,7,29,11,0,94,94017,Rue Alexandre Fourny / Rue Guy Môquet,48.81932,2.51467,Plein jour,En agglomération,Intersection en X,Normale,Deux véhicules - côté,4,2,2,0,1,1,1,0,1,50,2,3,1,0,0,2,35.0,33.0,transport_commun,utilitaire_camion,1,2,2,1,3