accident_id,datetime,annee,mois,jour,heure,minute,departement,commune_insee,adresse,latitude,longitude,luminosite,agglomeration,intersection,meteo,collision,catr,circ,nbv,vosp,prof,plan,surf,infra,situ,vma,nb_vehicules,nb_usagers,nb_indemnes,nb_tues,nb_blesses_hosp,nb_blesses_legers,age_cond_1,age_cond_2,veh_type_cond_1,veh_type_cond_2,lum_code,agg_code,int_code,atm_code,col_code
202200014967,2022-12-23 07:30:00,2022,12,23,7,30,58,58087,"Lieu dit Justice, D137, PK4+750",46.770542,3.477162,Crépuscule ou aube,Hors agglomération,Hors intersection,Pluie légère,Deux véhicules - frontale,3,2,2,0,2,2,2,0,3,80,1,1,0,0,0,1,25.0,,voiture,,2,1,1,2,1
202200014968,2022-02-05 17:00:00,2022,2,5,17,0,13,13022,Avenue Pierre Imbert,43.215474,5.552323,Plein jour,En agglomération,Intersection en T,Normale,Deux véhicules - côté,3,2,2,0,2,1,1,0,1,80,2,3,2,0,1,0,35.0,26.0,voiture,deux_roues,1,2,3,1,3
202200014969,2022-03-15 19:35:00,2022,3,15,19,35,93,93008,Av du President Salvador Allende,48.9046411311,2.4444268942,Nuit avec éclairage allumé,En agglomération,Hors intersection,Normale,Autre collision,3,1,2,0,1,1,2,0,1,50,1,2,1,0,1,0,31.0,,voiture,,5,2,1,1,6
202200014970,2022-12-24 13:40:00,2022,12,24,13,40,06,06079,Avenue de Cannes,43.549097,6.942381,Plein jour,En agglomération,Giratoire,Normale,Deux véhicules - côté,3,2,2,0,1,2,1,5,1,50,2,2,1,0,0,1,26.0,26.0,voiture,voiture,1,2,6,1,3
202200014971,2022-05-28 15:45:00,2022,5,28,15,45,95,95058,Route de Chambly,49.162456,2.305434,Plein jour,Hors agglomération,Hors intersection,Normale,Trois véhicules et plus - collisions multiples,3,2,2,0,3,1,1,0,1,80,3,5,2,0,0,3,56.0,63.0,voiture,voiture,1,1,1,1,5
202200014972,2022-02-04 21:40:00,2022,2,4,21,40,51,51507,Rue Chanteraine,49.09202,4.899017,Nuit avec éclairage allumé,En agglomération,Autre intersection,Normale,Autre collision,4,2,2,0,1,1,1,0,1,50,1,2,1,0,0,1,46.0,,utilitaire_camion,,5,2,9,1,6
202200014973,2022-03-14 11:30:00,2022,3,14,11,30,92,92078,MARC SANGNIER (AVENUE),48.926999,2.32646,Plein jour,En agglomération,Hors intersection,Normale,Deux véhicules - côté,3,1,0,0,1,1,1,0,4,50,2,2,1,0,0,1,19.0,,deux_roues,voiture,1,2,1,1,3
202200014974,2022-12-24 09:55:00,2022,12,24,9,55,50,50455,D6,49.190539,-1.040912,Plein jour,Hors agglomération,Intersection en X,Normale,Deux véhicules - côté,3,2,2,0,1,1,2,0,1,80,2,2,1,0,1,0,55.0,31.0,voiture,deux_roues,1,1,2,1,3
202200014975,2022-05-26 22:30:00,2022,5,26,22,30,40,40065,8 Avenue de l Adour,43.636026,-1.438872,Nuit avec éclairage allumé,En agglomération,Hors intersection,Normale,Autre collision,4,2,2,0,1,1,1,0,1,50,1,2,0,0,0,2,15.0,,deux_roues,,5,2,1,1,6
202200014976,2022-03-12 20:52:00,2022,3,12,20,52,92,92063,COLMAR (AVENUE DE),48.8871457522,2.1800925135,Nuit avec éclairage allumé,En agglomération,Hors intersection,Pluie légère,Deux véhicules - côté,3,2,1,1,1,1,2,0,1,50,2,2,1,0,0,1,35.0,40.0,voiture,deux_roues,5,2,1,2,3
202200014977,2022-11-28 16:10:00,2022,11,28,16,10,64,64108,RD430,43.494448,-0.910556,Plein jour,Hors agglomération,Hors intersection,Pluie légère,Deux véhicules - frontale,3,2,2,0,2,2,2,8,1,80,2,2,1,0,0,1,19.0,37.0,voiture,deux_roues,1,1,1,2,1
202200014978,2022-03-15 08:00:00,2022,3,15,8,0,92,92020,GAY-LUSSAC RUE N° IMPAIRS,48.8059891679,2.2789164931,Plein jour,En agglomération,Intersection en X,Pluie légère,Deux véhicules - côté,4,2,2,0,1,1,2,0,1,30,2,2,1,0,0,1,36.0,47.0,utilitaire_camion,voiture,1,2,2,2,3
202200014979,2022-02-05 22:10:00,2022,2,5,22,10,57,57474,Rue des Ponts,49.261727,6.167847,Nuit avec éclairage allumé,En agglomération,Intersection en X,Normale,Deux véhicules - arrière,3,2,2,0,2,1,1,2,1,50,2,3,1,0,0,2,59.0,42.0,voiture,voiture,5,2,2,1,2
202200014980,2022-12-24 15:20:00,2022,12,24,15,20,73,73103,D991,45.6629972082,5.9089702596,Plein jour,En agglomération,Hors intersection,Normale,Deux véhicules - arrière,3,3,2,2,1,1,1,0,1,50,2,2,1,0,1,0,51.0,60.0,voiture,deux_roues,1,2,1,1,2
202200014981,2022-05-26 10:30:00,2022,5,26,10,30,49,49092,Route départementale 349,47.18824,-0.791831,Plein jour,Hors agglomération,Hors intersection,Normale,Deux véhicules - côté,3,2,2,0,1,1,1,0,1,80,2,2,1,0,1,0,28.0,61.0,voiture,deux_roues,1,1,1,1,3
202200014982,2022-02-05 23:10:00,2022,2,5,23,10,57,57160,165 Rue de la Gare,49.195163,6.681796,Nuit avec éclairage allumé,En agglomération,Hors intersection,Normale,Deux véhicules - côté,4,2,2,0,1,1,1,0,1,50,2,2,1,0,1,0,27.0,20.0,voiture,deux_roues,5,2,1,1,3
202200014983,2022-03-14 09:25:00,2022,3,14,9,25,92,92012,MARECHAL DE LATTRE DE TASSIGNY (AVENUE),48.8407169559,2.2281646729,Plein jour,En agglomération,Giratoire,Normale,Deux véhicules - côté,3,2,6,0,1,1,1,5,1,30,2,2,1,0,0,1,26.0,28.0,voiture,deux_roues,1,2,6,1,3
202200014984,2022-12-24 05:20:00,2022,12,24,5,20,18,18065,Le Nouzet,46.838905,2.106097,Nuit sans éclairage public,Hors agglomération,Autre intersection,Pluie légère,,3,2,2,0,1,1,2,0,1,80,1,2,1,1,0,0,19.0,,voiture,,3,1,9,2,-1
202200014985,2022-02-02 16:30:00,2022,2,2,16,30,79,79048,26 Route de Boisragon Drahe,46.383775,-0.285049,Plein jour,En agglomération,Hors intersection,Normale,Deux véhicules - côté,4,2,2,0,1,1,1,0,1,50,2,2,1,0,0,1,36.0,47.0,deux_roues,utilitaire_camion,1,2,1,1,3
202200014986,2022-12-23 23:00:00,2022,12,23,23,0,16,16059,Route de l'Alisier,46.005955,0.022356,Nuit sans éclairage public,Hors agglomération,Hors intersection,Pluie légère,Autre collision,3,2,2,0,1,3,2,2,3,80,1,2,1,0,0,1,42.0,,voiture,,3,1,1,2,6
202200014987,2022-05-25 09:50:00,2022,5,25,9,50,49,49092,D160,47.256791,-0.687826,Plein jour,Hors agglomération,Intersection en T,Normale,Deux véhicules - côté,3,2,2,0,1,1,1,0,1,90,2,2,1,0,0,1,30.0,23.0,voiture,utilitaire_camion,1,1,3,1,3
202200014988,2022-03-12 08:45:00,2022,3,12,8,45,974,97415,Rue Gabriel Martin,-20.977689,55.320904,Plein jour,En agglomération,Intersection en T,Normale,Deux véhicules - côté,3,2,2,0,2,1,1,0,1,50,2,2,1,0,1,0,41.0,22.0,voiture,deux_roues,1,2,3,1,3
202200014989,2022-02-05 14:50:00,2022,2,5,14,50,33,33555,Avenue de la Côte d Argent,44.6903,-0.8589,Plein jour,En agglomération,Giratoire,Normale,Autre collision,3,2,2,0,1,1,9,5,1,50,1,2,1,0,0,1,54.0,,voiture,,1,2,6,1,6
202200014990,2022-12-23 17:30:00,2022,12,23,17,30,17,17337,Rue des Petites Mottes,45.972053,-1.29201,Nuit sans éclairage public,En agglomération,Hors intersection,Pluie légère,Sans collision,4,2,2,0,1,1,2,0,3,50,1,1,0,0,1,0,21.0,,deux_roues,,3,2,1,2,7
202200014991,2022-03-16 05:45:00,2022,3,16,5,45,62,62095,3 Rue de Boulogne,50.538401,2.232775,Crépuscule ou aube,Hors agglomération,Hors intersection,Normale,Autre collision,3,2,2,0,1,4,1,0,3,80,1,1,0,0,0,1,31.0,,utilitaire_camion,,2,1,1,1,6
202200014992,2022-12-23 19:45:00,2022,12,23,19,45,52,52295,départementale 107,48.039769,5.270745,Nuit sans éclairage public,Hors agglomération,Hors intersection,Temps couvert,Sans collision,3,2,2,0,1,2,2,0,3,80,1,1,0,0,1,0,36.0,,voiture,,3,1,1,8,7
202200014993,2022-02-05 15:15:00,2022,2,5,15,15,76,76445,Route de la Varenne,49.6296181487,1.3492074609,Plein jour,Hors agglomération,Autre intersection,Normale,Deux véhicules - côté,3,1,2,0,1,1,1,0,1,80,2,2,1,0,1,0,15.0,34.0,deux_roues,utilitaire_camion,1,1,9,1,3
202200014994,2022-05-12 19:00:00,2022,5,12,19,0,83,83130,A57,43.1948990503,6.0398840906,Plein jour,Hors agglomération,Hors intersection,Normale,Deux véhicules - arrière,1,1,2,0,2,1,1,3,1,-1,2,2,1,0,1,0,52.0,32.0,voiture,utilitaire_camion,1,1,1,1,2
202200014995,2022-02-05 14:00:00,2022,2,5,14,0,13,13117,A7-Sens Marseille vers Lyon,43.44,5.249,Plein jour,Hors agglomération,Hors intersection,Normale,Deux véhicules - arrière,1,-1,2,0,1,1,1,0,1,90,2,3,1,0,0,2,51.0,,voiture,voiture,1,1,1,1,2
202200014996,2022-03-16 11:00:00,2022,3,16,11,0,62,62758,Rue Wicardenne,50.730079,1.625649,Plein jour,En agglomération,Hors intersection,Normale,Trois véhicules et plus - collisions multiples,4,1,2,0,2,1,1,0,1,50,4,7,4,0,3,0,47.0,45.0,voiture,voiture,1,2,1,1,5
202200014997,2022-12-24 11:49:00,2022,12,24,11,49,77,77305,A5 sens 2 direction PARIS PK 33+940,48.39875,2.976847,Plein jour,Hors agglomération,Hors intersection,Autre,Deux véhicules - frontale,1,3,3,0,2,1,1,0,5,130,1,2,0,0,0,2,28.0,,utilitaire_camion,,1,1,1,9,1
202200014998,2022-05-28 17:15:00,2022,5,28,17,15,68,68044,D148 Col du Louschbach,48.137655,7.062213,Plein jour,Hors agglomération,Hors intersection,Normale,Deux véhicules - côté,3,2,2,0,2,3,1,0,1,80,2,2,1,0,1,0,26.0,53.0,voiture,deux_roues,1,1,1,1,3
202200014999,2022-02-04 21:15:00,2022,2,4,21,15,13,13215,A7-Sens Lyon vers Marseille,43.3579179734,5.3625932336,Nuit sans éclairage public,Hors agglomération,Hors intersection,Normale,Deux véhicules - côté,1,-1,3,0,2,1,1,0,1,70,2,2,1,0,0,1,22.0,21.0,voiture,voiture,3,1,1,1,3
202200015000,2022-03-16 14:00:00,2022,3,16,14,0,51,51153,D40A,49.023961,3.984545,Plein jour,Hors agglomération,Hors intersection,Normale,Deux véhicules - frontale,3,2,2,0,2,1,1,0,1,70,2,2,0,0,1,1,49.0,33.0,voiture,voiture,1,1,1,1,1
202200015001,2022-12-24 12:30:00,2022,12,24,12,30,03,03305,"A714, PK003+930, Sens 2, Montlucon vers Bizeneuille",46.375929,2.675568,Plein jour,Hors agglomération,Hors intersection,Normale,Autre collision,1,3,4,0,3,2,2,0,1,110,1,2,0,0,1,1,33.0,,voiture,,1,1,1,1,6
202200015002,2022-03-12 13:20:00,2022,3,12,13,20,51,51193,D994,49.012513,4.564143,Plein jour,Hors agglomération,Hors intersection,Normale,Deux véhicules - côté,3,2,2,0,2,3,1,0,1,80,2,2,1,0,0,1,39.0,58.0,utilitaire_camion,deux_roues,1,1,1,1,3
202200015003,2022-05-29 02:04:00,2022,5,29,2,4,972,97210,Route nationale 6 -  Intersection Appaloosa,14.608958,-60.927944,Nuit sans éclairage public,Hors agglomération,Hors intersection,Pluie légère,Autre collision,2,2,2,0,1,1,2,0,3,80,1,2,1,0,1,0,,,voiture,,3,1,1,2,6
202200015004,2022-02-05 21:40:00,2022,2,5,21,40,69,69029,Route Départementale 383,45.7385,4.90439,Nuit avec éclairage allumé,Hors agglomération,Hors intersection,Normale,Deux véhicules - arrière,7,3,9,0,1,1,1,2,1,70,2,2,1,0,0,1,41.0,,voiture,voiture,5,1,1,1,2
202200015005,2022-03-15 12:45:00,2022,3,15,12,45,56,56041,Kerbedic,48.098924,-3.068628,Plein jour,Hors agglomération,Hors intersection,Normale,Autre collision,4,2,2,0,2,3,1,0,3,70,1,1,0,0,1,0,91.0,,voiture,,1,1,1,1,6
202200015006,2022-12-22 19:30:00,2022,12,22,19,30,38,38193,D1006,45.612769,5.200717,Nuit sans éclairage public,Hors agglomération,Hors intersection,Pluie légère,Deux véhicules - arrière,3,2,3,0,1,1,2,9,1,90,2,2,1,0,1,0,25.0,43.0,voiture,voiture,3,1,1,2,2
202200015007,2022-03-15 07:05:00,2022,3,15,7,5,76,76757,D20,49.7045,0.807152,Plein jour,Hors agglomération,Hors intersection,Normale,Deux véhicules - frontale,3,2,2,0,2,3,1,0,8,80,2,2,0,0,2,0,57.0,29.0,voiture,voiture,1,1,1,1,1
202200015008,2022-12-23 22:25:00,2022,12,23,22,25,973,97309,Route de Rémire,4.891519,-52.274618,Nuit avec éclairage allumé,En agglomération,Hors intersection,Normale,Sans collision,3,2,2,0,1,1,1,0,3,70,1,1,0,0,0,1,74.0,,voiture,,5,2,1,1,7
202200015009,2022-02-04 18:00:00,2022,2,4,18,0,69,69290,Autoroute 46,45.68351,4.96186,Nuit avec éclairage non allumé,Hors agglomération,Hors intersection,Normale,Trois véhicules et plus - en chaîne,1,3,4,0,1,1,2,0,1,90,3,4,2,0,1,1,26.0,19.0,voiture,voiture,4,1,1,1,4
202200015010,2022-05-28 20:45:00,2022,5,28,20,45,11,11140,17 Avenue des Vignerons,43.147737,2.729359,Plein jour,En agglomération,Hors intersection,Normale,Deux véhicules - frontale,3,2,2,0,1,1,1,0,1,50,2,3,2,1,0,0,25.0,42.0,voiture,deux_roues,1,2,1,1,1
202200015011,2022-02-03 21:40:00,2022,2,3,21,40,69,69382,Route de Métropole 7,45.73515,4.81919,Nuit avec éclairage allumé,En agglomération,Hors intersection,Normale,Sans collision,7,3,6,0,3,1,1,2,1,50,1,1,0,0,1,0,49.0,,deux_roues,,5,2,1,1,7
202200015012,2022-03-16 19:00:00,2022,3,16,19,0,79,79123,,46.727316,-0.673857,Crépuscule ou aube,Hors agglomération,Hors intersection,Pluie légère,Deux véhicules - frontale,3,2,2,0,1,1,2,0,1,80,2,2,1,1,0,0,27.0,38.0,voiture,utilitaire_camion,2,1,1,2,1
202200015013,2022-12-24 08:50:00,2022,12,24,8,50,13,13038,Avenue des Moulins,43.725464,4.708613,Plein jour,En agglomération,Hors intersection,Normale,Deux véhicules - frontale,3,-1,1,0,1,1,1,0,1,30,1,2,1,0,1,0,63.0,,voiture,,1,2,1,1,1
202200015014,2022-03-14 15:20:00,2022,3,14,15,20,2B,2B096,RT 20,42.284977,9.164035,Plein jour,Hors agglomération,Hors intersection,Pluie légère,Sans collision,2,-1,2,0,2,3,2,0,3,80,1,1,0,0,1,0,59.0,,voiture,,1,1,1,2,7
202200015015,2022-12-15 08:50:00,2022,12,15,8,50,73,73184,A43,45.579971,5.805502,Plein jour,Hors agglomération,Hors intersection,Normale,Deux véhicules - arrière,1,3,4,0,1,1,1,1,1,110,2,3,1,0,0,2,27.0,33.0,voiture,voiture,1,1,1,1,2
202200015016,2022-02-01 17:55:00,2022,2,1,17,55,67,67482,M351,48.58677,7.71606,Nuit sans éclairage public,Hors agglomération,Hors intersection,Normale,Trois véhicules et plus - en chaîne,7,3,3,0,1,1,1,0,1,90,3,6,2,0,0,4,54.0,22.0,utilitaire_camion,voiture,3,1,1,1,4
202200015017,2022-03-15 08:00:00,2022,3,15,8,0,80,80385,Route du Crotoy,50.12487,1.802123,Plein jour,Hors agglomération,Hors intersection,Normale,Deux véhicules - arrière,3,2,2,0,1,1,1,0,1,80,2,3,1,0,1,1,46.0,81.0,utilitaire_camion,voiture,1,1,1,1,2
202200015018,2022-05-26 20:10:00,2022,5,26,20,10,26,26339,"Autoroute A7, PK 106+000",44.634032,4.792099,Plein jour,Hors agglomération,Hors intersection,Temps éblouissant,Deux véhicules - arrière,1,3,3,0,1,1,1,0,1,130,2,3,2,0,0,1,55.0,31.0,voiture,utilitaire_camion,1,1,1,7,2
202200015019,2022-12-24 06:00:00,2022,12,24,6,0,988,98804,Mérénémé (Tribu),-21.513468,165.942736,Crépuscule ou aube,En agglomération,Hors intersection,Normale,Deux véhicules - frontale,3,2,2,0,1,3,1,0,1,70,2,2,1,0,0,1,,65.0,voiture,voiture,2,2,1,1,1
202200015020,2022-03-15 12:15:00,2022,3,15,12,15,65,65220,2 Rue-des-Pyrénées,43.164975,0.035706,Plein jour,En agglomération,Intersection en Y,Normale,Autre collision,3,2,2,0,4,2,1,9,1,50,1,1,0,1,0,0,68.0,,deux_roues,,1,2,4,1,6
202200015021,2022-02-04 19:00:00,2022,2,4,19,0,91,91471,RN 118,48.71289,2.18011,Nuit sans éclairage public,Hors agglomération,Hors intersection,Normale,Trois véhicules et plus - en chaîne,2,-1,2,0,1,1,2,0,1,70,3,3,1,0,0,2,27.0,34.0,voiture,voiture,3,1,1,1,4
202200015022,2022-12-24 14:56:00,2022,12,24,14,56,974,97422,CD36 notre dame de la paix,-21.225272,55.567828,Plein jour,En agglomération,Hors intersection,Normale,Sans collision,3,2,2,0,2,2,1,0,3,50,1,1,0,0,1,0,57.0,,voiture,,1,2,1,1,7
202200015023,2022-03-15 12:15:00,2022,3,15,12,15,49,49018,D938,47.523367,-0.100948,Plein jour,Hors agglomération,Autre intersection,Normale,Deux véhicules - frontale,3,2,1,0,2,1,1,0,1,90,2,2,0,0,1,1,51.0,51.0,utilitaire_camion,utilitaire_camion,1,1,9,1,1
202200015024,2022-02-04 12:40:00,2022,2,4,12,40,94,94021,AUTOROUTE A6B,48.760212324,2.3386485204,Plein jour,Hors agglomération,Hors intersection,Pluie légère,Deux véhicules - côté,1,1,3,0,1,1,2,0,1,70,2,2,1,0,0,1,40.0,49.0,utilitaire_camion,deux_roues,1,1,1,2,3
202200015025,2022-05-28 14:40:00,2022,5,28,14,40,23,23002,30p Bonnefond,46.207755,2.010463,Plein jour,Hors agglomération,Intersection en T,Normale,Deux véhicules - frontale,3,2,1,0,1,1,1,0,1,80,2,2,1,1,0,0,52.0,70.0,deux_roues,voiture,1,1,3,1,1
202200015026,2022-03-10 07:50:00,2022,3,10,7,50,46,46152,d141,44.826723,1.434074,Crépuscule ou aube,Hors agglomération,Hors intersection,Pluie légère,Autre collision,3,2,2,0,1,1,2,0,8,80,1,1,0,0,0,1,47.0,,voiture,,2,1,1,2,6
202200015027,2022-12-24 17:20:00,2022,12,24,17,20,45,45108,D156 PR 2 + 790,47.5944030239,2.4954110339,Crépuscule ou aube,Hors agglomération,Hors intersection,Pluie légère,Deux véhicules - frontale,3,2,2,0,1,3,2,0,1,80,2,3,0,0,2,1,54.0,20.0,voiture,voiture,2,1,1,2,1
202200015028,2022-05-26 10:40:00,2022,5,26,10,40,46,46105,Route de Vayrols,44.41918,1.486711,Plein jour,Hors agglomération,Hors intersection,Normale,Autre collision,4,2,2,0,1,1,1,0,1,50,1,2,1,0,1,0,18.0,,deux_roues,,1,1,1,1,6
202200015029,2022-03-16 17:00:00,2022,3,16,17,0,22,22266,18 Rue Henri Rivoal,48.240977,-3.314636,Plein jour,En agglomération,Hors intersection,Temps couvert,Sans collision,3,2,2,0,2,3,2,9,3,50,1,5,0,1,0,4,20.0,,voiture,,1,2,1,8,7
202200015030,2022-02-04 21:40:00,2022,2,4,21,40,78,78297,RN12,48.788481,2.068202,Nuit sans éclairage public,Hors agglomération,Hors intersection,Normale,Trois véhicules et plus - en chaîne,2,1,3,0,1,2,1,0,1,110,5,7,5,0,0,2,22.0,39.0,voiture,voiture,3,1,1,1,4
202200015031,2022-12-23 18:20:00,2022,12,23,18,20,66,66164,D83,42.778488,2.906463,Nuit avec éclairage non allumé,Hors agglomération,Hors intersection,Normale,Deux véhicules - arrière,3,3,4,0,1,1,1,0,1,90,2,5,3,0,0,2,36.0,39.0,voiture,utilitaire_camion,4,1,1,1,2
202200015032,2022-03-16 10:25:00,2022,3,16,10,25,02,02089,,49.368527,3.363501,Plein jour,Hors agglomération,Giratoire,Normale,Deux véhicules - côté,2,3,2,0,1,1,1,5,1,50,2,3,2,0,0,1,24.0,62.0,utilitaire_camion,deux_roues,1,1,6,1,3
202200015033,2022-12-23 18:00:00,2022,12,23,18,0,05,05118,Route départementale 948,44.216732,5.868062,Crépuscule ou aube,Hors agglomération,Hors intersection,Brouillard / fumée,Autre collision,3,2,2,0,1,1,1,0,3,90,1,1,0,1,0,0,58.0,,voiture,,2,1,1,5,6
202200015034,2022-05-29 10:40:00,2022,5,29,10,40,52,52189,A31 PK 89+380,47.703762,5.187183,Plein jour,Hors agglomération,Hors intersection,Normale,Deux véhicules - arrière,1,3,5,0,1,1,1,0,1,130,2,4,2,0,1,1,71.0,51.0,voiture,voiture,1,1,1,1,2
202200015035,2022-02-04 20:00:00,2022,2,4,20,0,92,92048,N118,48.7886364714,2.221527065,Nuit avec éclairage allumé,Hors agglomération,Hors intersection,Normale,Deux véhicules - frontale,2,-1,3,0,1,1,1,0,1,90,2,5,1,0,0,4,27.0,41.0,voiture,voiture,5,1,1,1,1
202200015036,2022-12-23 22:15:00,2022,12,23,22,15,67,67132,D72,48.871246,7.720546,Nuit sans éclairage public,Hors agglomération,Hors intersection,Pluie légère,Sans collision,3,2,2,0,1,2,2,0,8,80,1,1,0,1,0,0,60.0,,voiture,,3,1,1,2,7
202200015037,2022-03-15 11:20:00,2022,3,15,11,20,01,01034,42 Grande Rue,45.75977,5.688252,Plein jour,En agglomération,Hors intersection,Temps couvert,Deux véhicules - arrière,4,1,2,0,2,1,1,0,1,30,2,2,1,0,0,1,16.0,60.0,deux_roues,voiture,1,2,1,8,2
202200015038,2022-05-28 22:20:00,2022,5,28,22,20,12,12131,RD 1088,44.41536,2.635,Nuit sans éclairage public,Hors agglomération,Hors intersection,Normale,Deux véhicules - côté,3,2,2,0,1,1,1,0,1,90,2,4,0,0,4,0,66.0,39.0,voiture,voiture,3,1,1,1,3
202200015039,2022-12-23 16:00:00,2022,12,23,16,0,55,55120,DÉPARTEMENTALE 635,48.730209,5.103493,Plein jour,Hors agglomération,Hors intersection,Pluie forte,Autre collision,3,2,2,0,2,1,2,0,8,90,1,3,1,0,1,1,32.0,,voiture,,1,1,1,3,6
202200015040,2022-02-05 13:05:00,2022,2,5,13,5,93,93005,AUTOROUTE A1,48.96017,2.46754,Plein jour,Hors agglomération,Hors intersection,Normale,Trois véhicules et plus - en chaîne,1,3,12,0,1,1,1,0,1,110,3,4,2,0,0,2,25.0,21.0,voiture,voiture,1,1,1,1,4
202200015041,2022-03-14 18:30:00,2022,3,14,18,30,58,58311,D34,46.947963,3.500605,Nuit sans éclairage public,Hors agglomération,Hors intersection,Normale,Autre collision,3,2,2,0,1,2,1,0,1,80,1,3,2,0,1,0,35.0,,voiture,,3,1,1,1,6
202200015042,2022-04-22 10:00:00,2022,4,22,10,0,86,86165,Avenue Victor Hugo,46.429799,0.878657,Plein jour,En agglomération,Autre intersection,Normale,Autre collision,6,-1, -1,0,1,1,1,9,8,30,1,2,1,0,1,0,60.0,,voiture,,1,2,9,1,6
202200015043,2022-02-04 20:45:00,2022,2,4,20,45,92,92036,AUTOROUTE A15,48.943592961,2.2873958945,Nuit sans éclairage public,Hors agglomération,Hors intersection,Normale,Deux véhicules - arrière,1,3,3,0,1,1,1,2,1,90,2,2,1,0,0,1,63.0,55.0,voiture,voiture,3,1,1,1,2
202200015044,2022-12-23 08:00:00,2022,12,23,8,0,57,57659,Rue Nationale Brême d'Or,49.204424,6.956266,Crépuscule ou aube,En agglomération,Giratoire,Normale,Deux véhicules - côté,3,2,2,0,1,1,1,0,1,50,2,2,1,0,0,1,52.0,46.0,voiture,deux_roues,2,2,6,1,3
202200015045,2022-03-15 17:25:00,2022,3,15,17,25,06,06112,Route de Nice,43.67646,7.018448,Plein jour,En agglomération,Intersection en T,Normale,Deux véhicules - frontale,3,2,2,0,1,1,1,0,1,30,2,2,1,0,0,1,29.0,37.0,voiture,deux_roues,1,2,3,1,1
202200015046,2022-05-27 13:55:00,2022,5,27,13,55,74,74213,D3508,45.909271,6.084602,Plein jour,Hors agglomération,Hors intersection,Normale,Autre collision,3,2,2,0,1,2,1,0,1,80,1,1,0,0,0,1,38.0,,deux_roues,,1,1,1,1,6
202200015047,2022-02-05 00:30:00,2022,2,5,0,30,93,93005,AUTOROUTE A3,48.96384,2.47394,Nuit sans éclairage public,Hors agglomération,Hors intersection,Normale,Autre collision,1,3,2,0,1,2,1,0,1,90,1,2,1,0,0,1,40.0,,voiture,,3,1,1,1,6
202200015048,2022-03-16 11:15:00,2022,3,16,11,15,07,07218,Route de Lapras,44.961625,4.550164,Plein jour,Hors agglomération,Hors intersection,Vent fort / tempête,Autre collision,3,2,2,0,1,1,1,0,3,80,1,1,0,0,1,0,61.0,,voiture,,1,1,1,6,6
202200015049,2022-12-23 19:30:00,2022,12,23,19,30,73,73328,D991,45.657716,5.908821,Nuit avec éclairage allumé,En agglomération,Hors intersection,Pluie forte,Deux véhicules - côté,3,2,2,0,1,1,2,0,1,50,1,2,1,0,1,0,24.0,,voiture,,5,2,1,3,3
202200015050,2022-05-28 15:50:00,2022,5,28,15,50,41,41008,A10 PK130.000 en direction de TOURS,47.739077,1.524337,Plein jour,Hors agglomération,Hors intersection,Normale,Autre collision,1,3,3,0,1,1,1,0,3,130,1,2,0,0,2,0,70.0,,voiture,,1,1,1,1,6
202200015051,2022-03-16 09:05:00,2022,3,16,9,5,53,53262,8 Rue de Laval,48.06012,-0.570211,Plein jour,En agglomération,Intersection en X,Temps couvert,Sans collision,3,2,2,0,1,1,1,5,1,50,1,1,0,0,0,1,16.0,,deux_roues,,1,2,2,8,7
202200015052,2022-02-05 18:15:00,2022,2,5,18,15,75,75112,A86 EXT,48.819373,2.458105,Nuit sans éclairage public,Hors agglomération,Hors intersection,Normale,Deux véhicules - arrière,1,3,6,0,1,1,1,0,1,90,2,2,1,0,0,1,38.0,61.0,deux_roues,utilitaire_camion,3,1,1,1,2
202200015053,2022-11-24 17:00:00,2022,11,24,17,0,79,79042,,46.370799,-0.084929,Crépuscule ou aube,Hors agglomération,Hors intersection,Temps éblouissant,Deux véhicules - frontale,3,2,2,0,2,3,1,0,1,80,2,4,0,0,3,1,28.0,87.0,voiture,voiture,2,1,1,7,1
202200015054,2022-03-13 18:45:00,2022,3,13,18,45,53,53152,D152,47.96066,-0.541989,Plein jour,Hors agglomération,Hors intersection,Normale,Deux véhicules - côté,3,1,1,0,1,3,1,0,1,80,2,2,1,0,1,0,79.0,21.0,voiture,deux_roues,1,1,1,1,3
202200015055,2022-12-23 15:15:00,2022,12,23,15,15,17,17102,D129,45.698945,-0.663407,Plein jour,Hors agglomération,Hors intersection,Pluie légère,Sans collision,3,2,2,0,1,1,2,0,3,80,1,2,1,1,0,0,71.0,,voiture,,1,1,1,2,7
202200015056,2022-02-05 03:20:00,2022,2,5,3,20,94,94028,A86 EXT,48.77609,2.42872,Nuit sans éclairage public,Hors agglomération,Hors intersection,Normale,Sans collision,1,-1,3,0,1,1,1,0,1,90,1,4,1,0,0,3,,,voiture,,3,1,1,1,7
202200015057,2022-05-29 17:30:00,2022,5,29,17,30,42,42308,M62,45.444024,4.608126,Plein jour,Hors agglomération,Hors intersection,Normale,Deux véhicules - frontale,7,2,2,0,2,3,1,0,1,80,2,5,0,0,3,2,36.0,38.0,voiture,voiture,1,1,1,1,1