accident_id,datetime,annee,mois,jour,heure,minute,departement,commune_insee,adresse,latitude,longitude,luminosite,agglomeration,intersection,meteo,collision,catr,circ,nbv,vosp,prof,plan,surf,infra,situ,vma,nb_vehicules,nb_usagers,nb_indemnes,nb_tues,nb_blesses_hosp,nb_blesses_legers,age_cond_1,age_cond_2,veh_type_cond_1,veh_type_cond_2,lum_code,agg_code,int_code,atm_code,col_code
202200015058,2022-05-27 06:00:00,2022,5,27,6,0,30,30221,Chemin de Lirac,44.050738,4.751716,Plein jour,Hors agglomération,Hors intersection,Normale,Autre collision,4,2,1,0,2,2,1,0,3,80,1,1,0,0,0,1,40.0,,voiture,,1,1,1,1,6
202200015059,2022-03-15 17:40:00,2022,3,15,17,40,37,37055,Rue du Prieuré,47.4785027266,0.2659202367,Plein jour,En agglomération,Intersection en X,Normale,Deux véhicules - côté,3,2,2,0,1,1,1,0,1,50,2,2,1,0,1,0,47.0,15.0,voiture,deux_roues,1,2,2,1,3
202200015060,2022-02-05 01:30:00,2022,2,5,1,30,77,77121,A4,48.8315526731,2.6773766725,Nuit sans éclairage public,Hors agglomération,Hors intersection,Normale,Trois véhicules et plus - collisions multiples,1,1,3,0,1,1,1,0,1,110,4,7,2,0,0,5,36.0,24.0,voiture,voiture,3,1,1,1,5
202200015061,2022-12-24 10:20:00,2022,12,24,10,20,64,64460,RN 134,43.1842939012,-0.5787375764,Plein jour,Hors agglomération,Hors intersection,Normale,Trois véhicules et plus - collisions multiples,2,2,2,0,1,1,1,0,1,80,3,8,7,0,0,1,75.0,44.0,voiture,voiture,1,1,1,1,5
202200015062,2022-03-15 21:05:00,2022,3,15,21,5,52,52099,Route départementale 08,48.592867,5.041689,Nuit sans éclairage public,Hors agglomération,Hors intersection,Temps couvert,Deux véhicules - côté,3,2,2,0,1,1,9,0,1,90,2,2,0,1,0,1,39.0,19.0,voiture,voiture,3,1,1,8,3
202200015063,2022-05-28 18:45:00,2022,5,28,18,45,30,30334,Avenue de la Gare,44.011477,4.414656,Plein jour,En agglomération,Hors intersection,Temps éblouissant,Autre collision,3,2,2,0,1,1,1,0,1,50,1,4,3,0,1,0,37.0,,voiture,,1,2,1,7,6
202200015064,2022-02-03 06:50:00,2022,2,3,6,50,33,33063,Allée Haussmann,44.86567,-0.57434,Crépuscule ou aube,En agglomération,Hors intersection,Normale,Deux véhicules - arrière,4,2,2,0,1,1,1,0,1,30,2,2,1,0,1,0,24.0,25.0,deux_roues,voiture,2,2,1,1,2
202200015065,2022-12-23 18:40:00,2022,12,23,18,40,80,80826,128 Grande Rue,50.108865,1.496069,Nuit avec éclairage allumé,En agglomération,Hors intersection,Pluie légère,Deux véhicules - côté,3,2,2,0,1,3,2,0,1,50,2,2,1,0,0,1,30.0,44.0,voiture,voiture,5,2,1,2,3
202200015066,2022-03-13 14:20:00,2022,3,13,14,20,22,22171,rd700 PR 040+200,48.437301,-2.813938,Plein jour,Hors agglomération,Hors intersection,Normale,Deux véhicules - arrière,3,3,4,0,1,1,1,0,1,110,2,2,1,0,1,0,46.0,23.0,utilitaire_camion,voiture,1,1,1,1,2
202200015067,2022-05-28 13:20:00,2022,5,28,13,20,2B,2B143,Rt 10,42.23921,9.545665,Plein jour,Hors agglomération,Intersection en T,Normale,Deux véhicules - arrière,2,2,2,0,1,1,1,9,1,80,2,2,1,0,1,0,82.0,46.0,voiture,deux_roues,1,1,3,1,2
202200015068,2022-12-21 13:10:00,2022,12,21,13,10,13,13202,A55-Sens Martigues vers Marseille,43.308746,5.366516,Plein jour,Hors agglomération,Hors intersection,Normale,Deux véhicules - arrière,1,1,3,0,2,1,2,0,1,50,2,3,1,0,0,2,59.0,35.0,utilitaire_camion,utilitaire_camion,1,1,1,1,2
202200015069,2022-02-04 13:00:00,2022,2,4,13,0,974,97411,AUBER (RUE JULES),-20.87555,55.45192,Plein jour,En agglomération,Intersection en X,Pluie légère,Deux véhicules - côté,4,1,2,0,1,1,2,5,1,50,2,4,2,0,0,2,58.0,28.0,voiture,voiture,1,2,2,2,3
202200015070,2022-03-16 12:30:00,2022,3,16,12,30,95,95580,Rue de la Ferme Saint-Ladre,49.092877,2.528218,Plein jour,En agglomération,Hors intersection,Normale,Autre collision,4,2,2,0,1,1,1,0,4,50,2,5,2,0,0,3,19.0,28.0,voiture,voiture,1,2,1,1,6
202200015071,2022-02-04 16:45:00,2022,2,4,16,45,973,97302,HENRI QUINTRIE(RUE),4.9329084081,-52.3332962394,Plein jour,En agglomération,Intersection en X,Normale,Deux véhicules - côté,4,2,2,0,1,1,1,0,1,50,2,2,1,0,0,1,60.0,22.0,deux_roues,voiture,1,2,2,1,3
202200015072,2022-12-23 19:55:00,2022,12,23,19,55,33,33167,ROUTE NATIONALE 230,44.841,-0.501,Nuit avec éclairage allumé,Hors agglomération,Hors intersection,Pluie légère,Deux véhicules - arrière,2,1,1,0,2,3,2,3,1,50,2,6,5,0,0,1,36.0,60.0,voiture,voiture,5,1,1,2,2
202200015073,2022-05-29 16:00:00,2022,5,29,16,0,62,62404,3 Rue de la Hayette,50.157604,2.425701,Plein jour,En agglomération,Hors intersection,Normale,Autre collision,3,2,2,0,2,1,1,0,1,50,1,5,4,0,1,0,19.0,,voiture,,1,2,1,1,6
202200015074,2022-03-16 17:20:00,2022,3,16,17,20,973,97305,RN1 PK 32,5.04078,-52.510808,Plein jour,Hors agglomération,Hors intersection,Temps couvert,Deux véhicules - arrière,2,2,2,0,1,1,1,0,1,80,2,3,1,0,2,0,55.0,59.0,voiture,deux_roues,1,1,1,8,2
202200015075,2022-02-04 07:50:00,2022,2,4,7,50,973,97302,ROUTE NATIONALE 1,4.9013,-52.32499,Crépuscule ou aube,Hors agglomération,Hors intersection,Normale,Deux véhicules - arrière,2,3,4,2,1,1,1,0,1,90,2,3,0,0,0,3,31.0,33.0,voiture,voiture,2,1,1,1,2
202200015076,2022-12-23 12:58:00,2022,12,23,12,58,91,91347,RN 104,48.6221,2.28312,Plein jour,Hors agglomération,Hors intersection,Pluie légère,Deux véhicules - arrière,2,3,4,0,1,1,2,0,1,110,2,2,1,0,0,1,37.0,26.0,voiture,voiture,1,1,1,2,2
202200015077,2022-03-16 12:15:00,2022,3,16,12,15,29,29233,Rue de Kerjouanneau,47.866275,-3.561053,Plein jour,En agglomération,Hors intersection,Pluie légère,Deux véhicules - côté,4,2,2,0,2,1,2,0,1,30,2,4,3,0,1,0,42.0,42.0,voiture,voiture,1,2,1,2,3
202200015078,2022-05-26 17:50:00,2022,5,26,17,50,77,77002,D15,48.746009,3.124033,Plein jour,Hors agglomération,Hors intersection,Normale,Sans collision,3,2,2,0,1,2,1,0,1,80,1,1,0,0,1,0,53.0,,deux_roues,,1,1,1,1,7
202200015079,2022-02-04 08:30:00,2022,2,4,8,30,973,97302,MONTABO (ROUTE DE) 1,4.93758,-52.29834,Plein jour,En agglomération,Hors intersection,Normale,Deux véhicules - frontale,3,2,2,0,1,1,1,0,1,50,2,3,1,0,0,2,33.0,45.0,deux_roues,voiture,1,2,1,1,1
202200015080,2022-03-16 11:00:00,2022,3,16,11,0,91,91461,5 Route d Arpajon,48.59106,2.233261,Plein jour,En agglomération,Hors intersection,Normale,Trois véhicules et plus - en chaîne,3,2,2,0,1,1,1,0,1,50,3,3,1,0,0,2,55.0,39.0,utilitaire_camion,voiture,1,2,1,1,4
202200015081,2022-12-23 09:35:00,2022,12,23,9,35,91,91064,RN 118,48.75226,2.223,Plein jour,Hors agglomération,Hors intersection,Pluie légère,Trois véhicules et plus - en chaîne,2,2,4,0,1,1,2,0,1,90,3,3,2,0,0,1,38.0,34.0,utilitaire_camion,voiture,1,1,1,2,4
202200015082,2022-03-16 17:00:00,2022,3,16,17,0,2B,2B148,Route de la Canonica,42.543101,9.454907,Plein jour,Hors agglomération,Hors intersection,Normale,Deux véhicules - frontale,3,2,2,0,1,1,1,0,1,70,2,2,1,1,0,0,15.0,40.0,deux_roues,voiture,1,1,1,1,1
202200015083,2022-12-23 08:40:00,2022,12,23,8,40,93,93027,AUTOROUTE A86,48.928469859,2.4132638547,Nuit sans éclairage public,Hors agglomération,Hors intersection,Pluie légère,Autre collision,1,3,6,0,1,2,2,0,1,90,1,2,1,0,0,1,19.0,,voiture,,3,1,1,2,6
202200015084,2022-02-04 19:30:00,2022,2,4,19,30,69,69259,Avenue Pierre Sémard,45.70582,4.87815,Nuit avec éclairage allumé,En agglomération,Hors intersection,Normale,Deux véhicules - frontale,4,3,2,2,1,1,1,0,1,50,2,2,1,0,0,1,,41.0,voiture,voiture,5,2,1,1,1
202200015085,2022-05-26 18:40:00,2022,5,26,18,40,34,34014,départementale 109,43.694392,3.899481,Plein jour,Hors agglomération,Hors intersection,Normale,Autre collision,3,2,2,0,1,2,1,0,1,80,1,4,0,0,0,4,24.0,,voiture,,1,1,1,1,6
202200015086,2022-03-04 08:15:00,2022,3,4,8,15,66,66226,Mas Sabole,42.5997456333,2.856938839,Plein jour,Hors agglomération,Hors intersection,Normale,Deux véhicules - arrière,3,2,3,0,1,1,1,0,1,90,2,2,1,0,1,0,61.0,46.0,utilitaire_camion,voiture,1,1,1,1,2
202200015087,2022-12-23 12:00:00,2022,12,23,12,0,77,77121,A4,48.83226,2.666052,Plein jour,Hors agglomération,Hors intersection,Normale,Deux véhicules - arrière,1,3,4,0,1,1,2,0,1,110,2,2,1,0,0,1,42.0,27.0,voiture,voiture,1,1,1,1,2
202200015088,2022-02-04 20:50:00,2022,2,4,20,50,69,69387,Avenue Jean Jaurès,45.73039,4.83287,Nuit avec éclairage allumé,En agglomération,Hors intersection,Normale,Deux véhicules - côté,4,2,2,3,1,1,1,0,1,50,2,4,3,0,0,1,30.0,36.0,deux_roues,voiture,5,2,1,1,3
202200015089,2022-03-14 08:00:00,2022,3,14,8,0,30,30010,Route de Nimes,44.040018,3.987501,Plein jour,Hors agglomération,Hors intersection,Pluie légère,Deux véhicules - côté,3,2,2,0,2,3,2,0,1,70,2,3,2,0,1,0,44.0,18.0,voiture,deux_roues,1,1,1,2,3
202200015090,2022-05-26 22:40:00,2022,5,26,22,40,74,74180,RD60,46.342676,6.292001,Nuit sans éclairage public,Hors agglomération,Hors intersection,Normale,Deux véhicules - arrière,3,2,2,0,1,1,1,0,1,80,2,2,1,0,1,0,41.0,46.0,deux_roues,voiture,3,1,1,1,2
202200015091,2022-12-23 08:50:00,2022,12,23,8,50,77,77294,A104,48.969673,2.598415,Plein jour,Hors agglomération,Hors intersection,Pluie légère,Deux véhicules - côté,1,3,4,0,1,1,2,0,1,90,2,2,1,0,1,0,40.0,49.0,deux_roues,voiture,1,1,1,2,3
202200015092,2022-02-04 14:50:00,2022,2,4,14,50,69,69383,152 Cours Gambetta,45.7499162272,4.8586204648,Plein jour,En agglomération,Hors intersection,Normale,Autre collision,4,2,3,3,1,1,1,0,6,30,1,2,1,0,1,0,42.0,,transport_commun,,1,2,1,1,6
202200015093,2022-03-13 10:30:00,2022,3,13,10,30,84,84019,Avenue jean giono,44.283916,4.750884,Plein jour,En agglomération,Hors intersection,Temps couvert,Autre collision,3,3,1,0,1,1,1,0,1,50,1,2,1,0,1,0,53.0,,voiture,,1,2,1,8,6
202200015094,2022-12-22 21:35:00,2022,12,22,21,35,94,94073,A86 EXT,48.7719567548,2.3956891381,Nuit sans éclairage public,Hors agglomération,Hors intersection,Pluie légère,Autre collision,1,3,6,0,1,3,2,0,1,90,1,1,0,0,0,1,20.0,,voiture,,3,1,1,2,6
202200015095,2022-03-15 19:55:00,2022,3,15,19,55,68,68309,18 Rue Rogg-Haas,47.653106,7.456085,Nuit avec éclairage allumé,En agglomération,Intersection en T,Pluie légère,Sans collision,3,2,1,0,1,1,2,0,8,50,1,2,1,0,0,1,59.0,,voiture,,5,2,3,2,7
202200015096,2022-02-04 11:00:00,2022,2,4,11,0,69,69383,Rue Duguesclin,45.75446,4.85004,Plein jour,En agglomération,Intersection en X,Normale,Deux véhicules - frontale,4,1,1,2,1,1,1,0,5,50,2,2,1,0,0,1,22.0,45.0,deux_roues,voiture,1,2,2,1,1
202200015097,2022-07-09 17:50:00,2022,7,9,17,50,13,13088,Route Departementale 568,43.359225,5.274062,Plein jour,Hors agglomération,Hors intersection,Normale,Autre collision,3,2,2,0,1,1,1,0,1,70,1,1,0,1,0,0,26.0,,voiture,,1,1,1,1,6
202200015098,2022-05-27 11:15:00,2022,5,27,11,15,83,83026,D79,43.4102,6.182492,Plein jour,Hors agglomération,Hors intersection,Temps éblouissant,Deux véhicules - frontale,3,2,2,0,1,1,1,0,1,80,2,2,0,0,2,0,84.0,35.0,voiture,voiture,1,1,1,7,1
202200015099,2022-03-15 19:00:00,2022,3,15,19,0,03,03298,N7,46.30091,3.421023,Nuit sans éclairage public,Hors agglomération,Hors intersection,Normale,Deux véhicules - arrière,2,2,2,0,1,1,1,0,1,70,2,2,1,0,0,1,28.0,,voiture,utilitaire_camion,3,1,1,1,2
202200015100,2022-12-22 01:15:00,2022,12,22,1,15,75,75120,BD PERIPHERIQUE INTERIEUR,48.866942,2.41322,Nuit avec éclairage allumé,En agglomération,Intersection en Y,Pluie légère,Autre collision,4,1,2,0,2,2,2,0,1,50,1,1,0,0,0,1,22.0,,voiture,,5,2,4,2,6
202200015101,2022-02-04 08:50:00,2022,2,4,8,50,972,97209,BISHOP (Avenue Maurice),14.6105,-61.05464,Plein jour,Hors agglomération,Hors intersection,Normale,Trois véhicules et plus - en chaîne,2,3,6,0,1,1,1,0,1,50,3,4,3,0,0,1,58.0,35.0,voiture,voiture,1,1,1,1,4
202200015102,2022-03-16 17:00:00,2022,3,16,17,0,74,74220,Route d Annemasse,46.145552,6.265125,Plein jour,Hors agglomération,Hors intersection,Normale,Trois véhicules et plus - collisions multiples,3,2,2,0,1,1,1,0,1,80,3,3,2,1,0,0,25.0,38.0,voiture,utilitaire_camion,1,1,1,1,5
202200015103,2022-12-21 09:40:00,2022,12,21,9,40,75,75116,ROUTE DE LA PTE DAUPHINE A LA PTE DES SA,48.874945,2.27113,Plein jour,En agglomération,Intersection en X,Normale,Deux véhicules - côté,4,1,4,0,1,1,2,0,1,30,2,2,0,0,1,1,42.0,21.0,deux_roues,voiture,1,2,2,1,3
202200015104,2022-02-03 07:25:00,2022,2,3,7,25,971,97120,MORNE BALLET,16.22409,-61.52648,Plein jour,Hors agglomération,Giratoire,Normale,Autre collision,3,-1,1,0,1,1,1,9,1,50,1,2,1,0,0,1,55.0,,voiture,,1,1,6,1,6
202200015105,2022-05-26 20:15:00,2022,5,26,20,15,57,57343,d1,49.328478,6.181805,Crépuscule ou aube,Hors agglomération,Hors intersection,Normale,Deux véhicules - côté,3,2,2,0,1,1,1,0,1,70,2,4,1,0,0,3,53.0,43.0,voiture,voiture,2,1,1,1,3
202200015106,2022-03-16 07:10:00,2022,3,16,7,10,69,69206,Route Départementale 306,46.051526,4.722185,Plein jour,En agglomération,Giratoire,Normale,Sans collision,3,2,2,0,1,3,1,5,1,70,1,1,0,0,1,0,53.0,,deux_roues,,1,2,6,1,7
202200015107,2022-12-22 18:20:00,2022,12,22,18,20,75,75105,AVENUE DE L OBSERVATOIRE,48.8396966895,2.33668369,Nuit avec éclairage allumé,En agglomération,Intersection en X,Pluie légère,Autre collision,4,1,1,0,1,1,2,0,1,30,1,2,1,0,0,1,54.0,,voiture,,5,2,2,2,6
202200015108,2022-02-04 17:04:00,2022,2,4,17,4,2A,2A004,KENNEDY AV PRESIDENT,41.9307633741,8.7366376519,Plein jour,En agglomération,Hors intersection,Normale,Autre collision,4,1,1,0,2,1,1,0,1,50,1,2,1,0,0,1,64.0,,voiture,,1,2,1,1,6
202200015109,2022-05-29 01:45:00,2022,5,29,1,45,51,51636,D26,49.117061,4.199309,Nuit sans éclairage public,Hors agglomération,Hors intersection,Normale,Sans collision,3,2,2,0,2,2,1,0,3,80,1,1,0,0,1,0,21.0,,voiture,,3,1,1,1,7
202200015110,2022-03-15 22:15:00,2022,3,15,22,15,69,69019,Route Départementale 337,46.10539,4.75457,Nuit sans éclairage public,En agglomération,Hors intersection,Normale,Sans collision,3,2,2,0,1,3,1,0,3,80,1,5,0,0,2,3,19.0,,voiture,,3,2,1,1,7
202200015111,2022-02-04 15:50:00,2022,2,4,15,50,2A,2A004,NAPOLEON COURS AVANT BEVERINI,41.91953,8.7369,Plein jour,En agglomération,Hors intersection,Normale,Autre collision,2,2,3,0,1,1,1,0,1,50,1,2,1,0,0,1,59.0,,deux_roues,,1,2,1,1,6
202200015112,2022-03-16 15:15:00,2022,3,16,15,15,64,64550,Cote Lanabert,43.248407,-0.356428,Plein jour,Hors agglomération,Hors intersection,Normale,Autre collision,4,2,2,0,2,2,1,0,3,70,1,1,0,0,1,0,16.0,,deux_roues,,1,1,1,1,6
202200015113,2022-12-22 14:50:00,2022,12,22,14,50,75,75118,RUE RAMEY,48.8888229661,2.3465688491,Plein jour,En agglomération,Intersection en T,Pluie légère,Deux véhicules - côté,4,2,2,0,2,1,2,0,1,30,2,2,1,0,0,1,,36.0,utilitaire_camion,deux_roues,1,2,3,2,3
202200015114,2022-05-28 18:55:00,2022,5,28,18,55,51,51641,Entre les Chemins,48.828777,3.81843,Plein jour,Hors agglomération,Hors intersection,Temps éblouissant,Sans collision,4,-1,2,0,4,1,1,0,3,-1,1,2,1,0,0,1,15.0,,deux_roues,,1,1,1,7,7
202200015115,2022-02-03 15:05:00,2022,2,3,15,5,91,91103,RUE DE L'ORGE,48.6171,2.3004,Plein jour,En agglomération,Hors intersection,Normale,Sans collision,3,2,2,0,1,1,1,0,4,50,1,1,0,0,0,1,24.0,,voiture,,1,2,1,1,7
202200015116,2022-12-22 11:30:00,2022,12,22,11,30,75,75118,BOULEVARD DE ROCHECHOUART,48.883707,2.348286,Plein jour,En agglomération,Intersection en Y,Temps couvert,Deux véhicules - côté,4,1,2,0,1,1,2,0,1,50,2,2,1,0,0,1,24.0,53.0,utilitaire_camion,voiture,1,2,4,8,3
202200015117,2022-03-15 10:30:00,2022,3,15,10,30,80,80212,Rue Jean et Marcellin Truquin,49.908708,2.512211,Plein jour,En agglomération,Intersection en T,Normale,Autre collision,3,2,2,0,1,1,1,5,1,50,1,2,1,1,0,0,67.0,,utilitaire_camion,,1,2,3,1,6
202200015118,2022-05-09 04:40:00,2022,5,9,4,40,51,51227,D2,48.904302,4.372505,Nuit sans éclairage public,Hors agglomération,Hors intersection,Normale,Deux véhicules - arrière,3,2,2,0,1,1,1,0,1,80,2,2,1,0,0,1,34.0,21.0,voiture,deux_roues,3,1,1,1,2
202200015119,2022-03-15 07:23:00,2022,3,15,7,23,59,59084,D943,50.680928,2.377511,Crépuscule ou aube,Hors agglomération,Hors intersection,Normale,Sans collision,3,2,2,0,2,1,1,0,1,70,1,1,0,0,0,1,37.0,,deux_roues,,2,1,1,1,7
202200015120,2022-02-04 08:10:00,2022,2,4,8,10,91,91377,AV DU NOYER LAMBERT,48.73024,2.28933,Crépuscule ou aube,En agglomération,Hors intersection,Pluie légère,Autre collision,4,2,2,0,1,1,2,6,1,50,1,3,1,0,0,2,49.0,,voiture,,2,2,1,2,6
202200015121,2022-05-28 16:14:00,2022,5,28,16,14,19,19261,rd 117,45.716338,2.17495,Plein jour,Hors agglomération,Hors intersection,Normale,Sans collision,3,2,2,0,4,2,1,0,3,90,1,1,0,0,0,1,34.0,,deux_roues,,1,1,1,1,7
202200015122,2022-12-22 19:54:00,2022,12,22,19,54,75,75116,BOULEVARD LANNES,48.8631652004,2.2685671037,Nuit avec éclairage allumé,En agglomération,Place,Pluie légère,Deux véhicules - arrière,4,2,2,0,1,1,2,0,1,30,2,2,1,0,0,1,47.0,31.0,voiture,deux_roues,5,2,7,2,2
202200015123,2022-03-15 18:53:00,2022,3,15,18,53,13,13214,A507 sens Marseille - Aubagne,43.3345155594,5.3826210796,Crépuscule ou aube,Hors agglomération,Hors intersection,Normale,Deux véhicules - arrière,1,1,3,0,1,1,1,1,1,70,2,2,1,0,0,1,25.0,36.0,voiture,voiture,2,1,1,1,2
202200015124,2022-02-04 11:45:00,2022,2,4,11,45,91,91114,PL DE LA MAIRIE,48.69,2.5,Plein jour,En agglomération,Intersection en T,Pluie légère,Autre collision,4,2,2,0,1,2,2,0,4,50,1,2,1,0,0,1,43.0,,voiture,,1,2,3,2,6
202200015125,2022-05-28 06:08:00,2022,5,28,6,8,56,56047,Crezadio,48.031264,-2.790313,Crépuscule ou aube,En agglomération,Hors intersection,Normale,Deux véhicules - arrière,3,2,2,0,1,1,1,0,1,80,2,2,1,0,0,1,20.0,27.0,voiture,voiture,2,2,1,1,2
202200015126,2022-12-21 07:10:00,2022,12,21,7,10,75,75116,PLACE VICTOR HUGO,48.8695652125,2.2851327464,Nuit avec éclairage allumé,En agglomération,Place,Temps couvert,Deux véhicules - côté,4,1,3,0,1,2,2,0,1,30,2,2,0,0,0,2,46.0,38.0,transport_commun,voiture,5,2,7,8,3
202200015127,2022-02-03 12:20:00,2022,2,3,12,20,91,91691,GABRIEL PERI(RUE) DU N°124 AU N°183,48.69923,2.48687,Plein jour,En agglomération,Intersection en X,Normale,Deux véhicules - côté,4,1,1,0,1,1,1,0,1,30,2,2,1,0,0,1,58.0,40.0,deux_roues,voiture,1,2,2,1,3
202200015128,2022-03-15 07:56:00,2022,3,15,7,56,13,13202,A55-Sens Martigues vers Marseille,43.3167612507,5.364361235,Plein jour,Hors agglomération,Hors intersection,Normale,Trois véhicules et plus - collisions multiples,1,1,3,0,1,1,1,0,1,110,3,3,2,0,0,1,23.0,43.0,voiture,voiture,1,1,1,1,5
202200015129,2022-05-27 00:45:00,2022,5,27,0,45,56,56251,Route de Nantes D779bis,47.648231,-2.706837,Nuit avec éclairage non allumé,Hors agglomération,Hors intersection,Normale,Sans collision,3,2,2,0,2,1,1,0,1,70,1,1,0,0,1,0,40.0,,deux_roues,,4,1,1,1,7
202200015130,2022-02-04 18:35:00,2022,2,4,18,35,91,91326,DANTON (RUE),48.69206,2.38658,Nuit avec éclairage allumé,En agglomération,Autre intersection,Pluie légère,Autre collision,4,2,2,0,1,1,2,9,1,20,1,2,1,0,0,1,33.0,,voiture,,5,2,9,2,6
202200015131,2022-12-22 19:05:00,2022,12,22,19,5,75,75115,RUE VIALA,48.850283,2.290152,Nuit avec éclairage allumé,En agglomération,Intersection en Y,Pluie légère,Autre collision,4,1,1,0,1,1,2,0,1,30,1,2,1,0,0,1,,,utilitaire_camion,,5,2,4,2,6
202200015132,2022-03-15 08:30:00,2022,3,15,8,30,13,13106,A7-Sens Lyon vers Marseille,43.38878,5.35094,Plein jour,Hors agglomération,Hors intersection,Temps couvert,Deux véhicules - arrière,1,1,3,0,2,1,1,0,1,90,2,3,1,0,0,2,39.0,24.0,utilitaire_camion,voiture,1,1,1,8,2
202200015133,2022-02-04 08:30:00,2022,2,4,8,30,91,91027,RUE DES FROIDES BOUILLIES,48.70481,2.3633,Plein jour,En agglomération,Hors intersection,Pluie légère,Autre collision,3,2,2,0,1,1,2,9,8,50,1,2,1,0,0,1,39.0,,voiture,,1,2,1,2,6
202200015134,2022-05-28 11:30:00,2022,5,28,11,30,56,56195,32 Boulevard de Bretagne,47.521135,-2.299876,Plein jour,En agglomération,Hors intersection,Normale,Deux véhicules - arrière,3,3,2,0,2,1,1,0,1,50,2,2,1,0,1,0,22.0,15.0,voiture,deux_roues,1,2,1,1,2
202200015135,2022-12-22 12:05:00,2022,12,22,12,5,75,75114,AVENUE DENFERT ROCHEREAU,48.835619,2.33358,Plein jour,En agglomération,Hors intersection,Pluie légère,Deux véhicules - côté,4,2,3,2,1,1,2,0,5,30,2,3,2,0,0,1,37.0,37.0,deux_roues,voiture,1,2,1,2,3
202200015136,2022-03-14 15:45:00,2022,3,14,15,45,13,13071,A55 - Sens Marseille vers Martigues,43.38164,5.31517,Plein jour,Hors agglomération,Hors intersection,Normale,Deux véhicules - côté,1,-1,3,0,3,1,1,0,1,90,1,1,0,0,0,1,47.0,,voiture,,1,1,1,1,3
202200015137,2022-02-03 07:05:00,2022,2,3,7,5,86,86194,Boulevard Savari,46.57582,0.381709,Nuit avec éclairage allumé,En agglomération,Hors intersection,Normale,Deux véhicules - frontale,4,2,3,0,1,1,1,0,1,50,2,2,1,0,0,1,37.0,38.0,deux_roues,voiture,5,2,1,1,1
202200015138,2022-05-29 11:45:00,2022,5,29,11,45,74,74208,Avenue Henri Ducoudray,45.923889,6.691544,Plein jour,En agglomération,Hors intersection,Normale,Deux véhicules - arrière,3,2,2,0,1,3,1,0,1,50,2,2,1,0,1,0,17.0,35.0,deux_roues,voiture,1,2,1,1,2
202200015139,2022-12-22 07:35:00,2022,12,22,7,35,75,75107,BOULEVARD SAINT GERMAIN,48.8621821243,2.3196394712,Nuit avec éclairage allumé,En agglomération,Intersection en Y,Pluie forte,Autre collision,4,2,4,0,1,1,2,0,1,30,1,2,1,0,0,1,50.0,,utilitaire_camion,,5,2,4,3,6
202200015140,2022-01-17 13:45:00,2022,1,17,13,45,84,84007,MONTFAVET (Route),43.94076,4.82744,Plein jour,En agglomération,Autre intersection,Normale,Autre collision,4,2,2,0,1,1,1,0,1,50,1,2,1,0,1,0,29.0,,utilitaire_camion,,1,2,9,1,6
202200015141,2022-03-14 12:59:00,2022,3,14,12,59,13,13005,A502-Sens Aubagne vers Toulon par R.N.,43.28391,5.59157,Plein jour,Hors agglomération,Hors intersection,Normale,Trois véhicules et plus - collisions multiples,1,1,2,0,1,1,1,0,1,90,3,3,2,0,0,1,59.0,27.0,voiture,utilitaire_camion,1,1,1,1,5
202200015142,2022-05-27 08:35:00,2022,5,27,8,35,74,74104,1535 Route d Annecy,45.791314,6.215322,Plein jour,En agglomération,Hors intersection,Normale,Deux véhicules - arrière,3,2,2,0,1,1,1,0,1,50,2,3,2,0,0,1,27.0,72.0,voiture,voiture,1,2,1,1,2
202200015143,2022-12-22 10:02:00,2022,12,22,10,2,75,75113,QUAI D AUSTERLITZ,48.843307,2.365982,Plein jour,En agglomération,Hors intersection,Temps couvert,Deux véhicules - côté,4,1,1,1,2,1,2,9,5,30,2,2,1,0,0,1,26.0,49.0,deux_roues,voiture,1,2,1,8,3
202200015144,2022-02-01 11:00:00,2022,2,1,11,0,83,83061,RUE DES COMBATTANTS D'AFRIQUE DU NORD,43.4512080954,6.7270293832,Plein jour,En agglomération,Hors intersection,Normale,Autre collision,3,4,1,0,1,1,1,0,1,30,1,2,1,0,0,1,41.0,,utilitaire_camion,,1,2,1,1,6
202200015145,2022-03-14 08:38:00,2022,3,14,8,38,13,13212,A507 sens Marseille - Aubagne,43.303335,5.425399,Plein jour,En agglomération,Hors intersection,Normale,Trois véhicules et plus - collisions multiples,1,1,3,0,1,1,1,1,1,70,3,3,2,0,0,1,32.0,19.0,voiture,voiture,1,2,1,1,5
202200015146,2022-12-21 19:30:00,2022,12,21,19,30,75,75113,RUE DE TOLBIAC,48.825695,2.348469,Nuit avec éclairage allumé,En agglomération,Intersection en Y,Pluie légère,Autre collision,4,-1,2,0,1,1,2,0,1,30,1,2,1,0,0,1,57.0,,deux_roues,,5,2,4,2,6
202200015147,2022-05-27 20:15:00,2022,5,27,20,15,76,76680,D75,49.711629,0.55945,Plein jour,Hors agglomération,Hors intersection,Normale,Deux véhicules - frontale,3,2,2,0,2,2,1,0,1,80,2,6,4,0,2,0,15.0,20.0,deux_roues,voiture,1,1,1,1,1
202200015148,2022-02-04 16:05:00,2022,2,4,16,5,78,78418,HENRI RICHAUME (RUE),48.91195,2.14649,Plein jour,En agglomération,Giratoire,Pluie légère,Deux véhicules - côté,4,1,7,0,1,2,2,0,1,50,2,2,1,0,1,0,55.0,19.0,deux_roues,utilitaire_camion,1,2,6,2,3