accident_id,datetime,annee,mois,jour,heure,minute,departement,commune_insee,adresse,latitude,longitude,luminosite,agglomeration,intersection,meteo,collision,catr,circ,nbv,vosp,prof,plan,surf,infra,situ,vma,nb_vehicules,nb_usagers,nb_indemnes,nb_tues,nb_blesses_hosp,nb_blesses_legers,age_cond_1,age_cond_2,veh_type_cond_1,veh_type_cond_2,lum_code,agg_code,int_code,atm_code,col_code
202200015149,2022-03-14 09:00:00,2022,3,14,9,0,13,13214,A507 sens Marseille - Aubagne,43.334336,5.382939,Plein jour,Hors agglomération,Hors intersection,Normale,Deux véhicules - côté,1,1,3,0,1,1,1,0,1,70,2,2,1,0,0,1,28.0,27.0,voiture,deux_roues,1,1,1,1,3
202200015150,2022-12-22 17:20:00,2022,12,22,17,20,75,75102,RUE REAUMUR,48.868547,2.341904,Crépuscule ou aube,En agglomération,Intersection en X,Pluie légère,Autre collision,4,3,3,0,1,1,2,0,1,50,1,2,1,0,0,1,34.0,,voiture,,2,2,2,2,6
202200015151,2022-03-14 18:02:00,2022,3,14,18,2,83,83144,A57,43.13349,5.98476,Plein jour,Hors agglomération,Hors intersection,Normale,Autre collision,1,1,1,0,1,1,1,3,3,50,1,1,0,0,0,1,60.0,,voiture,,1,1,1,1,6
202200015152,2022-02-04 14:00:00,2022,2,4,14,0,78,78440,AMPERE (RUE),48.997249,1.913313,Plein jour,En agglomération,Hors intersection,Normale,Autre collision,3,3,4,0,1,1,1,0,1,50,2,2,1,0,0,1,37.0,50.0,deux_roues,voiture,1,2,1,1,6
202200015153,2022-03-09 16:50:00,2022,3,9,16,50,69,69282,Route Départementale 302,45.7488049961,4.994621484,Plein jour,Hors agglomération,Hors intersection,Normale,Autre collision,7,3,4,0,1,1,1,0,1,70,1,1,0,0,0,1,39.0,,voiture,,1,1,1,1,6
202200015154,2022-05-26 12:00:00,2022,5,26,12,0,2B,2B251,D 244 croisement strada I Piobbi,42.00659,9.386039,Plein jour,En agglomération,Autre intersection,Normale,Deux véhicules - frontale,3,2,2,0,1,1,1,0,1,50,2,2,1,0,1,0,62.0,26.0,deux_roues,utilitaire_camion,1,2,9,1,1
202200015155,2022-02-04 08:30:00,2022,2,4,8,30,78,78401,MAURICE BERTEAUX (RUE),49.004327,1.906853,Crépuscule ou aube,En agglomération,Autre intersection,Normale,Deux véhicules - frontale,3,-1,4,0,1,1,1,0,1,50,2,2,1,0,0,1,35.0,31.0,voiture,deux_roues,2,2,9,1,1
202200015156,2022-12-22 18:00:00,2022,12,22,18,0,94,94081,ABBE ROGER DERRY (AV DE L),48.79057,2.392568,Nuit avec éclairage allumé,En agglomération,Hors intersection,Pluie légère,Autre collision,3,2,2,0,1,1,2,0,1,50,1,2,1,0,0,1,,,utilitaire_camion,,5,2,1,2,6
202200015157,2022-03-15 16:20:00,2022,3,15,16,20,94,94065,AUTOROUTE A86,48.75468,2.34745,Plein jour,Hors agglomération,Hors intersection,Normale,Trois véhicules et plus - en chaîne,1,1,3,0,1,1,1,0,1,90,3,3,2,0,0,1,57.0,39.0,voiture,deux_roues,1,1,1,1,4
202200015158,2022-05-27 04:05:00,2022,5,27,4,5,80,80184,route CD 42,49.901988,2.610626,Nuit sans éclairage public,Hors agglomération,Intersection en X,Normale,Deux véhicules - côté,3,2,2,0,2,1,1,0,1,80,2,2,0,0,0,2,47.0,58.0,voiture,voiture,3,1,2,1,3
202200015159,2022-12-21 21:35:00,2022,12,21,21,35,94,94068,LIBERATION (AV DE LA),48.81281,2.47966,Nuit avec éclairage allumé,En agglomération,Hors intersection,Pluie légère,Deux véhicules - arrière,4,2,1,0,1,1,2,0,1,30,2,2,1,0,0,1,50.0,26.0,voiture,deux_roues,5,2,1,2,2
202200015160,2022-03-15 04:35:00,2022,3,15,4,35,91,91161,AUTOROUTE A6,48.6973,2.31547,Nuit sans éclairage public,Hors agglomération,Hors intersection,Pluie légère,Deux véhicules - arrière,1,3,6,0,1,1,2,0,1,110,2,2,1,0,0,1,20.0,50.0,voiture,utilitaire_camion,3,1,1,2,2
202200015161,2022-01-22 18:52:00,2022,1,22,18,52,78,78643,EUROPE BD DE L',48.96574,1.99139,Nuit avec éclairage allumé,Hors agglomération,Giratoire,Normale,Deux véhicules - côté,3,1,1,0,1,1,1,0,1,50,2,2,1,0,0,1,49.0,35.0,voiture,deux_roues,5,1,6,1,3
202200015162,2022-03-14 23:21:00,2022,3,14,23,21,91,91136,AUTOROUTE A10,48.71623,2.26651,Nuit sans éclairage public,Hors agglomération,Hors intersection,Normale,Deux véhicules - arrière,1,2,8,0,1,1,1,0,1,90,2,2,1,0,1,0,44.0,56.0,utilitaire_camion,voiture,3,1,1,1,2
202200015163,2022-05-26 14:10:00,2022,5,26,14,10,80,80177,D.44,49.905933,2.993624,Plein jour,Hors agglomération,Intersection en X,Normale,Deux véhicules - côté,3,2,2,0,1,1,1,5,1,80,2,2,0,0,1,1,29.0,50.0,voiture,voiture,1,1,2,1,3
202200015164,2022-12-22 17:45:00,2022,12,22,17,45,94,94003,AQUEDUCS (AV DES),48.8002,2.33148,Nuit avec éclairage allumé,En agglomération,Intersection en T,Pluie légère,Autre collision,3,-1,0,0,1,1,2,0,1,30,1,2,1,0,0,1,40.0,,voiture,,5,2,3,2,6
202200015165,2022-03-15 18:41:00,2022,3,15,18,41,78,78423,RN12,48.794406,2.049981,Nuit sans éclairage public,Hors agglomération,Hors intersection,Normale,Deux véhicules - côté,2,-1,2,0,1,1,1,0,1,90,2,3,2,0,0,1,67.0,56.0,voiture,deux_roues,3,1,1,1,3
202200015166,2022-02-04 21:10:00,2022,2,4,21,10,77,77384,D57,48.61196,2.63905,Nuit sans éclairage public,En agglomération,Intersection en T,Normale,Deux véhicules - côté,3,2,3,0,1,1,1,5,1,70,2,2,0,0,0,2,34.0,56.0,voiture,voiture,3,2,3,1,3
202200015167,2022-05-26 15:45:00,2022,5,26,15,45,80,80629,D.1029,49.878943,3.112409,Plein jour,Hors agglomération,Hors intersection,Normale,Deux véhicules - côté,3,2,2,0,4,1,1,5,1,80,2,3,1,0,2,0,38.0,47.0,deux_roues,voiture,1,1,1,1,3
202200015168,2022-03-14 18:00:00,2022,3,14,18,0,92,92025,A86,48.9226735411,2.2277525686,Plein jour,Hors agglomération,Hors intersection,Normale,Deux véhicules - arrière,1,-1,2,0,1,1,1,0,8,90,2,4,2,0,0,2,24.0,23.0,voiture,deux_roues,1,1,1,1,2
202200015169,2022-12-21 19:15:00,2022,12,21,19,15,94,94043,Rue de la Convention,48.81236,2.35257,Nuit avec éclairage allumé,En agglomération,Intersection en T,Pluie légère,Deux véhicules - côté,3,4,4,0,2,2,2,5,1,50,2,2,1,0,0,1,29.0,52.0,voiture,deux_roues,5,2,3,2,3
202200015170,2022-02-04 11:15:00,2022,2,4,11,15,77,77053,RUE DU GENERAL LECLERC,48.69209,2.61255,Plein jour,En agglomération,Hors intersection,Normale,Autre collision,4,2,2,0,1,1,2,0,1,30,1,2,1,0,1,0,76.0,,voiture,,1,2,1,1,6
202200015171,2022-05-26 12:46:00,2022,5,26,12,46,65,65217,D526,43.054467,0.455294,Plein jour,En agglomération,Intersection en Y,Normale,Sans collision,3,2,2,0,2,3,6,0,3,50,1,1,0,0,1,0,48.0,,deux_roues,,1,2,4,1,7
202200015172,2022-03-14 09:20:00,2022,3,14,9,20,92,92036,RN315 Y,48.9221909685,2.305802565,Plein jour,Hors agglomération,Hors intersection,Normale,Deux véhicules - côté,2,-1,1,0,1,1,1,0,1,70,2,2,1,0,0,1,34.0,39.0,deux_roues,utilitaire_camion,1,1,1,1,3
202200015173,2022-12-22 09:15:00,2022,12,22,9,15,94,94041,Avenue Maurice Thorez,48.8141,2.37971,Plein jour,En agglomération,Hors intersection,Pluie légère,Deux véhicules - arrière,3,1,1,0,2,1,2,0,1,50,2,2,1,0,0,1,35.0,51.0,voiture,deux_roues,1,2,1,2,2
202200015174,2022-02-04 19:45:00,2022,2,4,19,45,76,76231,Cours Carnot,49.2871,1.01592,Nuit avec éclairage allumé,En agglomération,Hors intersection,Normale,Autre collision,4,1,1,0,1,1,1,0,1,50,1,2,1,0,0,1,44.0,,voiture,,5,2,1,1,6
202200015175,2022-05-27 23:53:00,2022,5,27,23,53,33,33343,,44.560402,-0.360832,Nuit sans éclairage public,En agglomération,Hors intersection,Normale,Autre collision,3,2,2,0,1,1,1,0,8,50,1,1,0,0,1,0,29.0,,deux_roues,,3,2,1,1,6
202200015176,2022-12-20 19:17:00,2022,12,20,19,17,94,94033,Avenue de Neuilly,48.847527,2.487417,Nuit avec éclairage allumé,En agglomération,Hors intersection,Pluie légère,Autre collision,3,2,2,0,1,1,2,6,1,50,1,2,1,0,1,0,61.0,,voiture,,5,2,1,2,6
202200015177,2022-03-14 06:45:00,2022,3,14,6,45,78,78133,A13,48.89426,2.007662,Plein jour,Hors agglomération,Hors intersection,Normale,Trois véhicules et plus - en chaîne,1,-1,2,0,1,1,1,0,1,110,3,3,1,0,0,2,32.0,55.0,voiture,utilitaire_camion,1,1,1,1,4
202200015178,2022-02-04 11:15:00,2022,2,4,11,15,76,76108,Route de Neufchâtel,49.47222,1.13455,Plein jour,Hors agglomération,Hors intersection,Normale,Deux véhicules - arrière,2,3,6,0,3,1,1,3,1,90,2,3,1,0,0,2,24.0,63.0,voiture,voiture,1,1,1,1,2
202200015179,2022-02-04 16:00:00,2022,2,4,16,0,71,71306,GENERAL DE GAULLE (QUAI DU),46.67294,4.3602,Plein jour,En agglomération,Hors intersection,Normale,Sans collision,4,2,2,0,1,1,1,0,1,50,1,1,0,0,0,1,19.0,,deux_roues,,1,2,1,1,7
202200015180,2022-05-29 16:30:00,2022,5,29,16,30,81,81070,Le pendut,43.793464,1.757995,Plein jour,Hors agglomération,Hors intersection,Normale,Deux véhicules - arrière,3,2,2,0,3,3,1,0,1,-1,2,4,2,0,0,2,51.0,18.0,deux_roues,voiture,1,1,1,1,2
202200015181,2022-03-15 19:50:00,2022,3,15,19,50,95,95604, A1,49.0967401085,2.550252378,Nuit sans éclairage public,Hors agglomération,Hors intersection,Normale,Deux véhicules - arrière,1,3,6,0,1,1,1,0,1,130,2,2,1,0,0,1,68.0,27.0,utilitaire_camion,voiture,3,1,1,1,2
202200015182,2022-12-21 10:50:00,2022,12,21,10,50,94,94053,Avenue Pierre Mendès France,48.7731,2.54591,Plein jour,En agglomération,Hors intersection,Temps couvert,Deux véhicules - arrière,3,2,2,0,1,1,1,0,1,50,2,3,1,0,0,2,29.0,64.0,voiture,utilitaire_camion,1,2,1,8,2
202200015183,2022-03-15 18:40:00,2022,3,15,18,40,95,95306, A15,49.0013277596,2.1722513437,Crépuscule ou aube,Hors agglomération,Hors intersection,Pluie légère,Sans collision,1,3,4,0,2,1,2,0,1,70,1,1,0,0,0,1,44.0,,deux_roues,,2,1,1,2,7
202200015184,2022-05-28 18:00:00,2022,5,28,18,0,32,32166,RD112,43.815121,0.320596,Plein jour,Hors agglomération,Hors intersection,Normale,Autre collision,3,2,2,0,3,2,1,0,3,80,1,1,0,0,1,0,63.0,,deux_roues,,1,1,1,1,6
202200015185,2022-03-15 15:10:00,2022,3,15,15,10,95,95572, A15,49.0333194743,2.1055662632,Plein jour,Hors agglomération,Hors intersection,Temps couvert,Autre collision,1,3,6,0,3,3,1,0,1,70,1,1,0,0,0,1,19.0,,voiture,,1,1,1,8,6
202200015186,2022-12-22 08:25:00,2022,12,22,8,25,94,94075,MARECHAL DE LATTRE DE TASSIGNY (AV),48.72746,2.53114,Plein jour,Hors agglomération,Intersection en T,Pluie légère,Deux véhicules - côté,2,3,4,0,1,1,2,0,1,50,2,2,1,0,0,1,43.0,53.0,voiture,voiture,1,1,3,2,3
202200015187,2022-02-04 15:30:00,2022,2,4,15,30,69,69264,Boulevard Gambetta,45.98989,4.71508,Plein jour,En agglomération,Intersection en T,Normale,Trois véhicules et plus - en chaîne,4,2,3,0,2,1,1,0,1,50,4,4,3,0,0,1,38.0,57.0,voiture,voiture,1,2,3,1,4
202200015188,2022-05-28 22:30:00,2022,5,28,22,30,32,32154,D40,43.814061,0.848039,Nuit sans éclairage public,Hors agglomération,Hors intersection,Normale,Autre collision,3,2,2,0,1,3,1,0,3,80,1,1,0,0,1,0,37.0,,voiture,,3,1,1,1,6
202200015189,2022-02-02 10:38:00,2022,2,2,10,38,66,66136,SALANQUE (AVENUE DE),42.72601,2.89349,Plein jour,En agglomération,Hors intersection,Normale,Deux véhicules - frontale,4,2,2,0,1,1,1,0,1,50,2,2,0,0,1,1,41.0,61.0,voiture,voiture,1,2,1,1,1
202200015190,2022-03-15 07:30:00,2022,3,15,7,30,95,95252,A15,48.98142,2.2226,Crépuscule ou aube,Hors agglomération,Hors intersection,Pluie forte,Deux véhicules - côté,1,3,6,0,1,1,2,0,1,110,2,2,1,0,1,0,22.0,55.0,voiture,deux_roues,2,1,1,3,3
202200015191,2022-05-28 21:50:00,2022,5,28,21,50,71,71014,38 Rue du Faubourg d Arroux,46.959991,4.295276,Nuit avec éclairage allumé,En agglomération,Hors intersection,Normale,Autre collision,3,2,2,0,4,1,1,9,1,50,1,2,0,0,2,0,24.0,,voiture,,5,2,1,1,6
202200015192,2022-12-22 07:45:00,2022,12,22,7,45,94,94002,VILLENEUVE ST GEORGES (CHE DE),48.781996614,2.4285471504,Nuit avec éclairage allumé,En agglomération,Giratoire,Pluie forte,Deux véhicules - frontale,3,1,2,0,1,3,2,5,1,50,2,2,1,0,1,0,40.0,52.0,utilitaire_camion,deux_roues,5,2,6,3,1
202200015193,2022-05-27 13:15:00,2022,5,27,13,15,89,89204,44 Avenue du Parc,47.583027,4.005313,Plein jour,En agglomération,Autre intersection,Normale,Sans collision,3,4,2,0,1,1,1,9,1,50,1,2,1,0,1,0,67.0,,deux_roues,,1,2,9,1,7
202200015194,2022-12-22 19:20:00,2022,12,22,19,20,93,93039,Boulevard Marcel Paul,48.919715,2.327093,Nuit avec éclairage allumé,En agglomération,Autre intersection,Pluie légère,Deux véhicules - frontale,3,2,2,0,1,1,2,0,1,50,2,2,1,0,0,1,50.0,,deux_roues,voiture,5,2,9,2,1
202200015195,2022-03-15 08:00:00,2022,3,15,8,0,94,94073,A86 INT,48.7688459978,2.3791999315,Plein jour,Hors agglomération,Hors intersection,Pluie forte,Trois véhicules et plus - en chaîne,1,1,3,0,1,1,2,0,1,90,3,3,2,0,0,1,32.0,44.0,voiture,deux_roues,1,1,1,3,4
202200015196,2022-02-04 10:12:00,2022,2,4,10,12,65,65440,BRIAND (AVENUE ARISTIDE),43.224522,0.06526,Plein jour,En agglomération,Intersection en X,Normale,Deux véhicules - frontale,4,2,2,0,1,1,1,0,1,50,2,2,1,0,0,1,26.0,17.0,voiture,deux_roues,1,2,2,1,1
202200015197,2022-03-15 08:00:00,2022,3,15,8,0,94,94017,A4,48.83044,2.49352,Plein jour,Hors agglomération,Hors intersection,Pluie légère,Deux véhicules - arrière,1,-1,2,0,1,1,2,3,1,90,2,2,1,0,0,1,29.0,32.0,voiture,deux_roues,1,1,1,2,2
202200015198,2022-12-19 19:50:00,2022,12,19,19,50,93,93066,Boulevard de la Libération,48.93154,2.34181,Nuit avec éclairage allumé,En agglomération,Hors intersection,Normale,Deux véhicules - côté,3,2,2,0,1,1,1,0,1,50,2,2,0,0,1,1,26.0,34.0,deux_roues,voiture,5,2,1,1,3
202200015199,2022-02-03 20:00:00,2022,2,3,20,0,64,64102,Avenue Henri de Navarre,43.49562,-1.4517,Nuit avec éclairage allumé,En agglomération,Hors intersection,Normale,Trois véhicules et plus - en chaîne,3,2,3,0,1,1,1,0,1,50,3,4,2,0,0,2,21.0,25.0,voiture,voiture,5,2,1,1,4
202200015200,2022-03-15 07:30:00,2022,3,15,7,30,94,94073,A86 EXT,48.7580284325,2.3841329967,Nuit sans éclairage public,Hors agglomération,Hors intersection,Normale,Deux véhicules - arrière,1,3,3,0,1,1,2,0,1,90,2,2,1,0,0,1,42.0,31.0,utilitaire_camion,voiture,3,1,1,1,2
202200015201,2022-12-22 13:15:00,2022,12,22,13,15,93,93064,Rue des Sycomores,48.875897,2.469854,Plein jour,En agglomération,Hors intersection,Pluie légère,Autre collision,4,2,2,0,1,2,2,0,1,50,1,2,0,0,0,1,,,utilitaire_camion,,1,2,1,2,6
202200015202,2022-02-03 11:50:00,2022,2,3,11,50,64,64024,Rue de Labouheyre,43.48063,-1.53382,Plein jour,En agglomération,Hors intersection,Normale,Sans collision,4,1,1,0,1,1,1,0,1,50,1,1,0,0,0,1,93.0,,voiture,,1,2,1,1,7
202200015203,2022-05-06 09:50:00,2022,5,6,9,50,61,61342,Rue Trémont de Boisthorel,48.750049,0.571868,Plein jour,En agglomération,Intersection en T,Normale,Deux véhicules - côté,3,2,1,0,1,1,1,0,1,50,2,2,1,0,1,0,91.0,56.0,voiture,voiture,1,2,3,1,3
202200015204,2022-03-14 09:30:00,2022,3,14,9,30,93,93051,A4,48.8357,2.5698,Plein jour,Hors agglomération,Hors intersection,Normale,Deux véhicules - arrière,1,1,0,0,1,1,1,0,1,90,2,2,1,0,0,1,34.0,42.0,utilitaire_camion,voiture,1,1,1,1,2
202200015205,2022-02-03 10:15:00,2022,2,3,10,15,64,64024,Rue de Hausquette,43.49371,-1.50993,Plein jour,En agglomération,Hors intersection,Normale,Deux véhicules - arrière,4,2,2,0,1,1,1,0,1,50,2,3,2,0,0,1,56.0,35.0,deux_roues,voiture,1,2,1,1,2
202200015206,2022-05-27 21:30:00,2022,5,27,21,30,61,61278,D18,48.713052,-0.538684,Crépuscule ou aube,En agglomération,Intersection en X,Normale,Deux véhicules - côté,3,2,2,0,1,1,1,0,1,50,2,2,1,0,1,0,28.0,18.0,voiture,deux_roues,2,2,2,1,3
202200015207,2022-12-22 14:30:00,2022,12,22,14,30,93,93062,Boulevard du Midi / Allée de Montfermeil,48.8955,2.52647,Plein jour,En agglomération,Giratoire,Pluie forte,Deux véhicules - côté,3,1,2,0,1,2,2,0,1,30,2,2,1,0,0,1,25.0,20.0,voiture,voiture,1,2,6,3,3
202200015208,2022-03-13 23:00:00,2022,3,13,23,0,75,75107,AVENUE SILVESTRE DE SACY,48.858933,2.296849,Nuit avec éclairage allumé,En agglomération,Intersection en X,Normale,Autre collision,4,1,2,0,1,1,1,0,1,30,1,2,1,0,0,1,,,voiture,,5,2,2,1,6
202200015209,2022-05-24 16:55:00,2022,5,24,16,55,61,61055,Lotissement des Courtils,48.65004,-0.088888,Plein jour,Hors agglomération,Hors intersection,Normale,Autre collision,3,3,2,0,1,1,1,0,1,90,1,1,0,0,0,1,18.0,,deux_roues,,1,1,1,1,6
202200015210,2022-01-05 14:30:00,2022,1,5,14,30,75,75117,NON DENOMMEE BP/17,48.890373,2.312027,Plein jour,En agglomération,Hors intersection,Normale,Sans collision,4,2,2,0,1,1,1,0,1,30,1,1,0,0,0,1,34.0,,deux_roues,,1,2,1,1,7
202200015211,2022-02-03 07:15:00,2022,2,3,7,15,64,64102,Allées Boufflers,43.49145,-1.46937,Nuit avec éclairage allumé,En agglomération,Intersection en T,Normale,Deux véhicules - côté,4,2,2,0,1,1,2,5,1,50,2,2,1,0,1,0,34.0,42.0,voiture,deux_roues,5,2,3,1,3
202200015212,2022-12-22 21:13:00,2022,12,22,21,13,93,93029,Avenue Marceau / Rue Rouget de Lisle,48.92931,2.43373,Nuit avec éclairage allumé,En agglomération,Intersection en T,Normale,Deux véhicules - frontale,3,2,2,0,1,1,2,0,1,50,2,2,1,0,0,1,31.0,25.0,voiture,voiture,5,2,3,1,1
202200015213,2022-03-14 19:45:00,2022,3,14,19,45,75,75120,RUE DE PALI KAO,48.86958,2.379989,Nuit avec éclairage allumé,En agglomération,Intersection en T,Normale,Autre collision,4,1,1,0,2,1,1,0,1,30,1,2,1,0,0,1,,,voiture,,5,2,3,1,6
202200015214,2022-02-04 07:35:00,2022,2,4,7,35,63,63014,MEUNIERS (RUE DES),45.76279,3.10498,Nuit avec éclairage non allumé,En agglomération,Hors intersection,Normale,Autre collision,4,2,2,0,1,1,1,0,1,50,1,2,1,0,0,1,34.0,,voiture,,4,2,1,1,6
202200015215,2022-05-27 15:25:00,2022,5,27,15,25,12,12121,La Ramondie,44.430263,2.169671,Plein jour,En agglomération,Hors intersection,Temps éblouissant,Deux véhicules - côté,4,2,2,0,2,1,9,0,1,50,2,2,1,0,1,0,15.0,65.0,deux_roues,utilitaire_camion,1,2,1,7,3
202200015216,2022-12-22 21:00:00,2022,12,22,21,0,93,93013,Rue du Chevalier de la Barre,48.9309487109,2.4241966009,Nuit avec éclairage allumé,En agglomération,Hors intersection,Pluie légère,Deux véhicules - frontale,4,1,1,1,1,1,2,0,5,30,2,2,0,0,0,2,31.0,22.0,deux_roues,utilitaire_camion,5,2,1,2,1
202200015217,2022-02-04 18:50:00,2022,2,4,18,50,59,59512,GAMBETTA ( BOULEVARD),50.6924,3.18369,Nuit avec éclairage allumé,En agglomération,Hors intersection,Normale,Deux véhicules - frontale,7,2,2,2,1,1,1,0,1,50,2,3,2,0,0,1,60.0,13.0,voiture,deux_roues,5,2,1,1,1
202200015218,2022-03-14 15:45:00,2022,3,14,15,45,75,75119,RUE MATHIS,48.891077,2.373716,Plein jour,En agglomération,Intersection en X,Normale,Deux véhicules - côté,4,1,1,0,1,1,1,0,1,30,2,2,1,0,0,1,50.0,23.0,voiture,voiture,1,2,2,1,3
202200015219,2022-12-22 12:10:00,2022,12,22,12,10,93,93027,Boulevard Pasteur,48.9268463136,2.3849505186,Plein jour,En agglomération,Hors intersection,Normale,Autre collision,3,2,2,0,1,1,1,0,1,50,1,2,1,0,0,1,,,voiture,,1,2,1,1,6
202200015220,2022-05-28 11:15:00,2022,5,28,11,15,12,12153,RD 993 ,44.070428,2.905079,Plein jour,Hors agglomération,Hors intersection,Normale,Autre collision,3,2,2,0,2,4,1,0,1,90,2,3,0,1,1,1,22.0,58.0,deux_roues,deux_roues,1,1,1,1,6
202200015221,2022-03-14 19:00:00,2022,3,14,19,0,75,75117,RUE DE TOCQUEVILLE,48.883746,2.312084,Nuit avec éclairage allumé,En agglomération,Hors intersection,Normale,Autre collision,4,2,2,0,1,1,1,0,1,30,1,2,1,0,0,1,34.0,,deux_roues,,5,2,1,1,6
202200015222,2022-02-03 19:30:00,2022,2,3,19,30,59,59165,ROBESPIERRE (RUE MAXIMILIEN),50.38343,3.05664,Nuit avec éclairage allumé,En agglomération,Hors intersection,Pluie légère,Autre collision,3,2,2,0,1,1,2,0,1,50,1,2,1,0,1,0,24.0,,voiture,,5,2,1,2,6
202200015223,2022-09-09 17:38:00,2022,9,9,17,38,94,94016,AUTOROUTE A6B,48.7939736481,2.3445574029,Plein jour,Hors agglomération,Hors intersection,Pluie légère,Deux véhicules - côté,1,1,2,0,1,1,2,0,1,70,2,2,1,0,0,1,39.0,22.0,voiture,deux_roues,1,1,1,2,3
202200015224,2022-12-22 08:10:00,2022,12,22,8,10,93,93029,Rue de Stalingrad / Rue Romain Rolland,48.915639,2.426336,Crépuscule ou aube,En agglomération,Intersection en T,Pluie légère,Deux véhicules - côté,3,2,4,0,1,1,2,0,1,50,2,2,1,0,0,1,53.0,,voiture,utilitaire_camion,2,2,3,2,3
202200015225,2022-02-03 12:15:00,2022,2,3,12,15,58,58194,JULES VERNE,46.993,3.1317,Plein jour,En agglomération,Hors intersection,Normale,Deux véhicules - côté,4,2,2,0,1,1,1,0,1,50,1,2,1,0,0,1,24.0,,voiture,,1,2,1,1,3
202200015226,2022-05-26 17:30:00,2022,5,26,17,30,42,42333,Route de Mars,46.1353652986,4.2364321947,Plein jour,Hors agglomération,Hors intersection,Normale,Deux véhicules - frontale,3,2,2,0,1,2,1,0,1,80,2,5,1,0,0,4,18.0,35.0,voiture,voiture,1,1,1,1,1
202200015227,2022-03-14 09:20:00,2022,3,14,9,20,75,75116,AVENUE DE LA GRANDE ARMEE,48.87689,2.285282,Plein jour,En agglomération,Intersection en T,Normale,Trois véhicules et plus - collisions multiples,4,1,3,1,2,1,1,0,1,30,3,3,2,0,0,1,44.0,24.0,deux_roues,utilitaire_camion,1,2,3,1,5
202200015228,2022-12-22 16:50:00,2022,12,22,16,50,92,92077,LAROCHE (PLACE CHARLES),48.8265463677,2.1892120242,Plein jour,En agglomération,Autre intersection,Temps couvert,Autre collision,4,-1,0,0,1,3,2,9,8,30,1,1,0,0,0,1,85.0,,voiture,,1,2,9,8,6
202200015229,2022-09-09 08:45:00,2022,9,9,8,45,91,91228,RN 104,48.629,2.411,Plein jour,Hors agglomération,Hors intersection,Normale,Deux véhicules - arrière,2,3,2,0,1,1,1,0,1,90,2,2,1,0,0,1,44.0,41.0,utilitaire_camion,voiture,1,1,1,1,2
202200015230,2022-02-02 18:34:00,2022,2,2,18,34,57,57672,LEIDT (CHEMIN),49.34591,6.15863,Nuit sans éclairage public,En agglomération,Hors intersection,Normale,Autre collision,4,2,2,0,1,1,1,0,1,50,2,2,1,0,1,0,32.0,38.0,voiture,voiture,3,2,1,1,6
202200015231,2022-05-27 18:30:00,2022,5,27,18,30,46,46145,D820,44.907122,1.485879,Plein jour,Hors agglomération,Hors intersection,Normale,Sans collision,3,2,2,1,2,2,1,0,3,80,1,1,0,0,1,0,26.0,,deux_roues,,1,1,1,1,7
202200015232,2022-03-14 14:10:00,2022,3,14,14,10,75,75116,ROUTE DE SEVRES A NEUILLY,48.852181,2.236801,Plein jour,En agglomération,Hors intersection,Normale,Sans collision,4,2,2,0,1,1,1,0,1,30,1,1,0,0,0,1,20.0,,deux_roues,,1,2,1,1,7
202200015233,2022-03-14 08:00:00,2022,3,14,8,0,75,75116,ALLEE DU BORD DE L EAU,48.869597,2.237857,Plein jour,En agglomération,Hors intersection,Normale,Deux véhicules - frontale,4,2,4,0,1,1,1,0,1,30,2,2,1,0,0,1,22.0,28.0,voiture,deux_roues,1,2,1,1,1
202200015234,2022-12-22 21:59:00,2022,12,22,21,59,92,92050,PREMIER MAI RUE DU,48.90745,2.21203,Nuit avec éclairage non allumé,En agglomération,Intersection en T,Pluie légère,Deux véhicules - côté,3,1,2,0,1,1,2,2,1,50,2,2,0,0,0,2,26.0,32.0,deux_roues,voiture,4,2,3,2,3
202200015235,2022-02-03 12:35:00,2022,2,3,12,35,56,56162,16 Rue de Queven,47.73998,-3.42741,Plein jour,En agglomération,Giratoire,Normale,Deux véhicules - côté,3,2,2,0,1,1,1,0,1,50,2,2,1,0,0,1,35.0,58.0,voiture,deux_roues,1,2,6,1,3
202200015236,2022-09-09 16:53:00,2022,9,9,16,53,78,78073,A12 Y,48.79959,2.045023,Plein jour,Hors agglomération,Hors intersection,Temps couvert,Trois véhicules et plus - collisions multiples,1,-1,0,0,1,1,2,0,1,90,4,4,2,0,0,2,39.0,42.0,voiture,utilitaire_camion,1,1,1,8,5
202200015237,2022-05-28 16:30:00,2022,5,28,16,30,34,34332,Route Departementale 612,43.308141,3.435465,Plein jour,Hors agglomération,Hors intersection,Normale,Trois véhicules et plus - en chaîne,3,2,2,0,1,1,1,0,1,-1,3,5,3,0,2,0,36.0,52.0,voiture,deux_roues,1,1,1,1,4
202200015238,2022-03-14 09:30:00,2022,3,14,9,30,75,75116,RUE D AUTEUIL,48.847858,2.265114,Plein jour,En agglomération,Intersection en T,Normale,Autre collision,4,1,1,0,1,1,1,0,1,30,1,2,1,0,0,1,52.0,,voiture,,1,2,3,1,6
202200015239,2022-09-09 18:20:00,2022,9,9,18,20,92,92012,A13,48.8484231922,2.2299721348,Plein jour,Hors agglomération,Hors intersection,Normale,Autre collision,1,1,3,0,1,1,1,0,8,70,1,1,0,0,0,1,44.0,,voiture,,1,1,1,1,6
202200015240,2022-05-27 18:30:00,2022,5,27,18,30,34,34323,D908,43.6068893488,3.3120138424,Plein jour,Hors agglomération,Hors intersection,Temps éblouissant,Deux véhicules - frontale,3,2,3,0,2,4,1,0,1,80,2,2,1,0,1,0,20.0,54.0,voiture,deux_roues,1,1,1,7,1