accident_id,datetime,annee,mois,jour,heure,minute,departement,commune_insee,adresse,latitude,longitude,luminosite,agglomeration,intersection,meteo,collision,catr,circ,nbv,vosp,prof,plan,surf,infra,situ,vma,nb_vehicules,nb_usagers,nb_indemnes,nb_tues,nb_blesses_hosp,nb_blesses_legers,age_cond_1,age_cond_2,veh_type_cond_1,veh_type_cond_2,lum_code,agg_code,int_code,atm_code,col_code
202200015331,2022-03-14 17:25:00,2022,3,14,17,25,93,93010,VAILLANT (RUE EDOUARD) 137 A FIN,48.8948933873,2.4896526347,Plein jour,En agglomération,Hors intersection,Normale,Autre collision,4,2,2,0,1,1,1,0,1,50,1,2,1,0,0,1,43.0,,voiture,,1,2,1,1,6
202200015332,2022-12-23 16:30:00,2022,12,23,16,30,65,65017,D173,42.772424,0.198977,Plein jour,Hors agglomération,Hors intersection,Normale,Autre collision,3,2,2,0,2,2,1,0,1,80,1,2,0,0,2,0,58.0,,deux_roues,,1,1,1,1,6
202200015333,2022-09-08 16:05:00,2022,9,8,16,5,77,77445,VALLES (AVENUE JULES),48.59431,2.58115,Plein jour,En agglomération,Hors intersection,Normale,Deux véhicules - frontale,4,2,2,0,1,1,1,0,1,50,2,2,1,0,1,0,36.0,53.0,deux_roues,voiture,1,2,1,1,1
202200015334,2022-02-04 13:30:00,2022,2,4,13,30,33,33550,Route de Toulouse,44.7817,-0.56592,Plein jour,En agglomération,Intersection en X,Pluie légère,Deux véhicules - côté,4,2,2,0,1,1,2,5,1,50,2,2,1,0,0,1,34.0,19.0,voiture,voiture,1,2,2,2,3
202200015335,2022-05-29 16:40:00,2022,5,29,16,40,26,26069,D 518,44.802556,5.388805,Plein jour,Hors agglomération,Hors intersection,Normale,Deux véhicules - frontale,3,2,2,0,2,1,1,0,1,80,2,3,0,2,1,0,64.0,21.0,deux_roues,deux_roues,1,1,1,1,1
202200015336,2022-03-14 10:10:00,2022,3,14,10,10,93,93007,Rue Georges Bizet / Rue Charles Gounod,48.938373,2.468757,Plein jour,En agglomération,Intersection en X,Normale,Deux véhicules - côté,4,1,1,0,1,1,1,0,1,50,2,2,1,0,0,1,32.0,49.0,voiture,voiture,1,2,2,1,3
202200015337,2022-02-04 17:20:00,2022,2,4,17,20,29,29039,N165,47.931959933,-3.905163704,Plein jour,Hors agglomération,Hors intersection,Normale,Autre collision,2,3,4,0,1,1,1,9,3,110,1,1,0,0,0,1,19.0,,voiture,,1,1,1,1,6
202200015338,2022-09-08 17:15:00,2022,9,8,17,15,77,77333,D403,48.26767,2.71113,Plein jour,En agglomération,Giratoire,Normale,Autre collision,3,2,2,0,1,1,2,5,1,50,1,1,0,0,0,1,88.0,,voiture,,1,2,6,1,6
202200015339,2022-05-28 11:05:00,2022,5,28,11,5,58,58141,Fretoy,47.11968,3.999029,Plein jour,Hors agglomération,Hors intersection,Normale,Sans collision,9,2,2,0,1,1,1,0,8,-1,1,1,0,0,0,1,63.0,,deux_roues,,1,1,1,1,7
202200015340,2022-12-22 10:30:00,2022,12,22,10,30,65,65258,Cote de Pinaouet,43.121636,0.394077,Plein jour,En agglomération,Giratoire,Temps éblouissant,Deux véhicules - côté,3,-1,2,0,1,2,1,0,1,70,2,3,1,0,0,2,86.0,17.0,voiture,deux_roues,1,2,6,7,3
202200015341,2022-03-14 16:40:00,2022,3,14,16,40,93,93001,CREVECOEUR  (RUE)  32 =>,48.9194529371,2.3831409341,Plein jour,En agglomération,Hors intersection,Normale,Deux véhicules - côté,3,2,2,0,1,1,1,0,1,50,2,3,2,0,0,1,55.0,20.0,voiture,voiture,1,2,1,1,3
202200015342,2022-02-03 04:40:00,2022,2,3,4,40,29,29039,Boulevard Bougainville,47.87234,-3.92579,Nuit avec éclairage allumé,En agglomération,Intersection en Y,Normale,Autre collision,4,2,2,0,3,3,1,5,1,50,1,1,0,0,1,0,20.0,,voiture,,5,2,4,1,6
202200015343,2022-09-07 20:45:00,2022,9,7,20,45,74,74012,VALLEES (ROUTE DES),46.1933,6.24252,Crépuscule ou aube,En agglomération,Hors intersection,Normale,Deux véhicules - arrière,4,-1,2,0,2,1,1,0,1,50,2,2,1,0,0,1,44.0,29.0,utilitaire_camion,deux_roues,2,2,1,1,2
202200015344,2022-05-25 23:15:00,2022,5,25,23,15,72,72062,Lieu Dit la Basse Cuillerrerie,48.22674,0.5859,Nuit sans éclairage public,Hors agglomération,Hors intersection,Normale,Sans collision,3,2,2,0,1,2,1,0,3,90,1,2,1,0,1,0,23.0,,voiture,,3,1,1,1,7
202200015345,2022-03-14 09:40:00,2022,3,14,9,40,93,93001,JEAN JAURES (AVE) 55 A 129,48.90151,2.38955,Plein jour,En agglomération,Intersection en T,Normale,Deux véhicules - côté,3,3,2,2,1,1,1,0,1,50,2,2,1,0,0,1,62.0,30.0,voiture,deux_roues,1,2,3,1,3
202200015346,2022-09-07 14:00:00,2022,9,7,14,0,71,71486,JEAN JAURES (AVENUE),46.64523,4.34186,Plein jour,En agglomération,Intersection en T,Normale,Deux véhicules - côté,4,2,2,0,1,1,1,0,1,50,2,2,1,0,0,1,55.0,17.0,utilitaire_camion,deux_roues,1,2,3,1,3
202200015347,2022-02-04 16:30:00,2022,2,4,16,30,28,28229,ROSTAND (RUE JEAN),48.44664,1.43891,Plein jour,En agglomération,Autre intersection,Normale,Deux véhicules - frontale,2,-1,1,0,1,1,1,0,1,50,2,4,2,0,0,2,24.0,21.0,voiture,voiture,1,2,9,1,1
202200015348,2022-03-10 17:15:00,2022,3,10,17,15,92,92078,RENIERS (AVENUE CHEMIN),48.932678,2.322203,Plein jour,En agglomération,Hors intersection,Normale,Deux véhicules - côté,4,2,0,0,1,1,1,0,1,70,2,4,1,0,0,3,27.0,36.0,voiture,voiture,1,2,1,1,3
202200015349,2022-12-22 15:00:00,2022,12,22,15,0,33,33348,carrefour RD1215/RD1E4,45.378844,-1.025977,Plein jour,Hors agglomération,Intersection en X,Pluie légère,Deux véhicules - côté,3,2,3,0,1,1,2,5,1,80,2,4,1,0,1,2,66.0,75.0,voiture,voiture,1,1,2,2,3
202200015350,2022-09-08 11:50:00,2022,9,8,11,50,71,71076,DE LATTRE DE TASSIGNY(MARECHAL),46.78744,4.843,Plein jour,En agglomération,Hors intersection,Normale,Autre collision,4,2,2,0,1,1,1,0,1,50,1,2,1,0,1,0,82.0,,voiture,,1,2,1,1,6
202200015351,2022-02-04 19:45:00,2022,2,4,19,45,27,27701,FALAISES (ROUTE DES) NATION A ANDELLE,49.27207,1.21831,Nuit avec éclairage allumé,En agglomération,Hors intersection,Normale,Autre collision,4,2,4,1,1,1,1,0,8,50,1,2,1,0,0,1,23.0,,voiture,,5,2,1,1,6
202200015352,2022-05-29 11:25:00,2022,5,29,11,25,72,72320,rue jean de vignolles,48.0479425,0.17338887,Plein jour,En agglomération,Hors intersection,Normale,Deux véhicules - frontale,3,2,2,0,2,3,1,0,1,50,2,2,1,0,1,0,25.0,52.0,deux_roues,voiture,1,2,1,1,1
202200015353,2022-03-13 14:45:00,2022,3,13,14,45,92,92072,PONT DE SEVRES,48.8283929711,2.2264535576,Plein jour,En agglomération,Hors intersection,Pluie légère,Deux véhicules - côté,3,3,7,0,1,1,2,2,1,50,2,2,1,0,0,1,44.0,28.0,voiture,deux_roues,1,2,1,2,3
202200015354,2022-09-07 06:50:00,2022,9,7,6,50,65,65286,Avenue Alexandre Marqui,43.103666,-0.04258,Nuit avec éclairage allumé,En agglomération,Hors intersection,Normale,Autre collision,3,2,3,0,1,1,1,0,1,50,1,2,1,0,1,0,55.0,,voiture,,5,2,1,1,6
202200015355,2022-12-21 11:23:00,2022,12,21,11,23,81,81288,Route de la Condamine,43.454091,2.053038,Plein jour,Hors agglomération,Intersection en X,Normale,Deux véhicules - côté,3,2,2,0,1,1,1,0,1,80,2,3,2,0,1,0,86.0,66.0,voiture,voiture,1,1,2,1,3
202200015356,2022-09-08 05:23:00,2022,9,8,5,23,64,64024,BOULEVARD DU BAB,43.4929618251,-1.5312248468,Nuit avec éclairage allumé,En agglomération,Hors intersection,Pluie légère,Autre collision,4,2,4,0,1,1,2,0,3,50,1,1,0,0,0,1,24.0,,voiture,,5,2,1,2,6
202200015357,2022-02-04 08:45:00,2022,2,4,8,45,27,27229,YSER (RUE DE L'),49.03567,1.1355,Plein jour,En agglomération,Intersection en T,Normale,Deux véhicules - côté,4,-1,2,0,1,1,1,0,1,50,2,2,1,0,0,1,47.0,34.0,voiture,voiture,1,2,3,1,3
202200015358,2022-03-13 14:18:00,2022,3,13,14,18,92,92051,"ROULE (AVENUE DU, N° 29 A 91 ET 30 A 86)",48.8838207686,2.2717157006,Plein jour,En agglomération,Intersection en T,Pluie légère,Deux véhicules - côté,4,3,2,0,1,1,2,5,1,50,2,2,1,0,1,0,22.0,50.0,voiture,voiture,1,2,3,2,3
202200015359,2022-05-28 22:50:00,2022,5,28,22,50,72,72269,Lieu Dit le Champ Long,47.935171,0.743176,Nuit sans éclairage public,Hors agglomération,Hors intersection,Normale,Sans collision,3,2,2,0,1,1,1,0,1,90,1,5,0,0,5,0,21.0,,voiture,,3,1,1,1,7
202200015360,2022-12-22 22:20:00,2022,12,22,22,20,63,63128,Les Bignons - RD 223,45.9161931423,3.3716957506,Nuit sans éclairage public,Hors agglomération,Hors intersection,Pluie légère,Autre collision,3,2,2,0,1,1,2,0,3,70,1,1,0,1,0,0,34.0,,voiture,,3,1,1,2,6
202200015361,2022-03-14 11:25:00,2022,3,14,11,25,92,92044,LOUIS ROUQUIER(RUE) 1A45 ET 2A48,48.889998,2.284951,Plein jour,En agglomération,Intersection en X,Normale,Autre collision,4,1,2,1,1,1,1,0,1,50,1,2,1,0,0,1,38.0,,utilitaire_camion,,1,2,2,1,6
202200015362,2022-09-08 09:48:00,2022,9,8,9,48,63,63113,LAFAYETTE (BD),45.77322,3.09516,Plein jour,En agglomération,Intersection en X,Normale,Deux véhicules - côté,4,1,2,0,1,1,1,0,1,50,2,2,1,0,0,1,18.0,38.0,voiture,voiture,1,2,2,1,3
202200015363,2022-12-22 19:35:00,2022,12,22,19,35,49,49090,,47.606702,-0.518643,Nuit sans éclairage public,Hors agglomération,Hors intersection,Pluie légère,Autre collision,3,2,2,0,1,2,2,0,3,80,1,1,0,0,0,1,37.0,,voiture,,3,1,1,2,6
202200015364,2022-09-07 09:34:00,2022,9,7,9,34,63,63113,PRADELLE (RUE DE LA),45.77418,3.09829,Plein jour,En agglomération,Hors intersection,Normale,Autre collision,4,2,2,0,1,1,1,0,1,50,1,2,1,0,0,1,22.0,,voiture,,1,2,1,1,6
202200015365,2022-03-14 21:05:00,2022,3,14,21,5,92,92035,Belgique ( Place de ),48.90710474,2.240461193,Nuit avec éclairage allumé,En agglomération,Place,Normale,Sans collision,3,4,2,1,1,2,1,0,1,50,2,2,1,0,0,1,39.0,34.0,deux_roues,voiture,5,2,7,1,7
202200015366,2022-12-23 02:40:00,2022,12,23,2,40,46,46028,D20,44.928,1.740679,Nuit sans éclairage public,En agglomération,Hors intersection,Normale,Autre collision,3,2,2,0,1,1,2,0,3,-1,1,1,0,0,1,0,23.0,,voiture,,3,2,1,1,6
202200015367,2022-02-04 16:55:00,2022,2,4,16,55,25,25056,VESOUL RUE DE (inf 52),47.25252,6.01667,Plein jour,En agglomération,Intersection en T,Normale,Deux véhicules - côté,4,2,2,0,2,1,1,0,1,50,2,2,1,0,0,1,23.0,71.0,utilitaire_camion,deux_roues,1,2,3,1,3
202200015368,2022-03-14 08:50:00,2022,3,14,8,50,92,92071,HOUDAN (RUE),48.7789540795,2.2890618145,Plein jour,En agglomération,Hors intersection,Normale,Autre collision,3,2,2,0,1,1,1,0,1,30,1,2,1,0,0,1,67.0,,voiture,,1,2,1,1,6
202200015369,2022-09-07 08:38:00,2022,9,7,8,38,63,63113,CREUX DE LA CHAUX (RUE DU),45.76313,3.10071,Plein jour,En agglomération,Hors intersection,Normale,Autre collision,4,2,2,3,1,1,1,0,8,30,1,2,1,0,0,1,47.0,,transport_commun,,1,2,1,1,6
202200015370,2022-02-03 17:20:00,2022,2,3,17,20,19,19272,Dr Valette (Rue),45.25753,1.7533,Plein jour,En agglomération,Hors intersection,Normale,Autre collision,4,2,2,0,1,3,1,0,1,50,1,2,1,0,1,0,34.0,,voiture,,1,2,1,1,6
202200015371,2022-12-20 18:45:00,2022,12,20,18,45,39,39088,,46.629315,5.490306,Nuit sans éclairage public,Hors agglomération,Hors intersection,Pluie légère,Deux véhicules - frontale,3,2,2,0,1,1,2,0,1,90,2,3,2,0,0,1,63.0,53.0,voiture,voiture,3,1,1,2,1
202200015372,2022-03-08 17:45:00,2022,3,8,17,45,39,39292,,46.757126,5.967155,Plein jour,Hors agglomération,Hors intersection,Normale,Deux véhicules - frontale,3,2,2,0,1,3,1,0,1,90,2,2,1,0,1,0,57.0,40.0,utilitaire_camion,voiture,1,1,1,1,1
202200015373,2022-12-19 17:55:00,2022,12,19,17,55,29,29095,lieu-dit Dour ar C'hovez,48.4646915278,-4.3585837483,Nuit sans éclairage public,Hors agglomération,Hors intersection,Pluie forte,Autre collision,3,2,2,0,1,1,2,0,3,80,1,1,0,0,0,1,82.0,,voiture,,3,1,1,3,6
202200015374,2022-09-07 07:56:00,2022,9,7,7,56,63,63113,DUMAS (BD J.BAPTISTE),45.7861540439,3.0921980739,Plein jour,En agglomération,Hors intersection,Normale,Deux véhicules - côté,4,2,2,0,1,3,1,0,1,50,2,2,1,0,0,1,33.0,20.0,voiture,deux_roues,1,2,1,1,3
202200015375,2022-03-05 19:20:00,2022,3,5,19,20,35,35317,departementale 137,48.289621,-1.803823,Crépuscule ou aube,Hors agglomération,Hors intersection,Pluie légère,Autre collision,3,3,4,0,1,1,2,0,1,110,1,1,0,0,1,0,23.0,,voiture,,2,1,1,2,6
202200015376,2022-02-02 18:32:00,2022,2,2,18,32,17,17028,ROUHAUDS   RUE DES,46.137432,-1.108322,Nuit avec éclairage allumé,Hors agglomération,Intersection en T,Normale,Deux véhicules - côté,4,2,2,0,1,1,1,0,1,50,2,2,1,0,0,1,41.0,22.0,voiture,voiture,5,1,3,1,3
202200015377,2022-03-15 08:30:00,2022,3,15,8,30,51,51410,D3,49.078708,3.782443,Plein jour,Hors agglomération,Hors intersection,Pluie légère,Sans collision,3,2,2,0,1,1,2,9,8,70,1,2,1,0,1,0,20.0,,utilitaire_camion,,1,1,1,2,7
202200015378,2022-09-08 17:10:00,2022,9,8,17,10,59,59599,SCHUMAN (RUE ROBERT),50.74288,3.18039,Plein jour,En agglomération,Giratoire,Pluie légère,Deux véhicules - arrière,4,2,1,0,1,1,2,0,1,50,2,2,1,0,0,1,40.0,35.0,voiture,voiture,1,2,6,2,2
202200015379,2022-08-14 20:43:00,2022,8,14,20,43,59,59234,RD 643,50.39693,3.04292,Plein jour,Hors agglomération,Hors intersection,Normale,Sans collision,3,3,4,0,1,1,1,0,1,90,1,1,0,0,1,0,34.0,,deux_roues,,1,1,1,1,7
202200015380,2022-12-23 17:45:00,2022,12,23,17,45,31,31471,Rue de l'Anglade,42.920748,0.688255,Nuit sans éclairage public,En agglomération,Hors intersection,Normale,Trois véhicules et plus - en chaîne,2,2,2,0,1,2,1,0,1,50,3,5,3,1,1,0,31.0,32.0,voiture,voiture,3,2,1,1,4
202200015381,2022-02-24 08:05:00,2022,2,24,8,5,22,22093,RN12,48.4583057041,-2.5233633786,Plein jour,Hors agglomération,Hors intersection,Normale,Deux véhicules - arrière,2,3,4,0,1,1,1,0,1,110,2,2,1,0,0,1,19.0,47.0,voiture,voiture,1,1,1,1,2
202200015382,2022-03-15 13:38:00,2022,3,15,13,38,91,91363,Route d Orsay,48.662765,2.20484,Plein jour,Hors agglomération,Hors intersection,Autre,Deux véhicules - côté,3,2,2,0,2,2,2,0,1,50,2,3,1,2,0,0,60.0,59.0,utilitaire_camion,voiture,1,1,1,9,3
202200015383,2022-02-04 15:10:00,2022,2,4,15,10,14,14301,D403,49.18122,-0.29479,Plein jour,En agglomération,Hors intersection,Normale,Deux véhicules - arrière,3,3,3,0,2,1,1,0,1,50,2,2,1,0,0,1,35.0,30.0,voiture,voiture,1,2,1,1,2
202200015384,2022-12-23 12:45:00,2022,12,23,12,45,31,31490,23 Route Métropolitaine 820 (Ex D820),43.744076,1.368758,Plein jour,En agglomération,Hors intersection,Normale,Deux véhicules - frontale,7,2,2,0,1,1,1,0,1,50,2,2,1,0,1,0,24.0,28.0,voiture,deux_roues,1,2,1,1,1
202200015385,2022-09-07 04:30:00,2022,9,7,4,30,56,56121,Rue Paul Bollet,47.75294,-3.38561,Nuit sans éclairage public,En agglomération,Giratoire,Normale,Deux véhicules - côté,4,2,2,0,1,1,1,5,1,30,2,5,2,0,0,3,21.0,23.0,voiture,voiture,3,2,6,1,3
202200015386,2022-03-15 14:15:00,2022,3,15,14,15,57,57552,D113a,49.062841,6.181419,Plein jour,Hors agglomération,Hors intersection,Pluie légère,Deux véhicules - frontale,7,2,2,0,2,1,2,0,1,80,2,2,0,1,0,1,39.0,23.0,voiture,utilitaire_camion,1,1,1,2,1
202200015387,2022-02-03 16:55:00,2022,2,3,16,55,14,14118,Rue Sadi Carnot,49.17931,-0.36272,Plein jour,En agglomération,Autre intersection,Pluie légère,Autre collision,4,-1,2,3,1,1,2,9,6,50,1,2,1,0,1,0,56.0,,transport_commun,,1,2,9,2,6
202200015388,2022-03-14 15:55:00,2022,3,14,15,55,59,59661,24 Rue du Val Joly,50.121588,4.116866,Plein jour,Hors agglomération,Hors intersection,Normale,Deux véhicules - côté,3,2,2,0,4,1,1,0,1,70,2,3,1,0,1,1,20.0,59.0,voiture,utilitaire_camion,1,1,1,1,3
202200015389,2022-09-08 17:40:00,2022,9,8,17,40,51,51454,rue du Commandant Arnaud,49.27375,4.03007,Plein jour,En agglomération,Hors intersection,Normale,Sans collision,4,2,2,0,1,1,1,0,1,50,1,1,0,0,0,1,49.0,,deux_roues,,1,2,1,1,7
202200015390,2022-02-04 18:30:00,2022,2,4,18,30,13,13215,ROUTE NATIONALE 113 - CADESTEAUX,43.3744083886,5.354476422,Nuit sans éclairage public,En agglomération,Hors intersection,Normale,Deux véhicules - frontale,3,1,2,0,1,1,1,0,1,80,2,3,2,0,0,1,25.0,79.0,utilitaire_camion,voiture,3,2,1,1,1
202200015391,2022-03-14 07:40:00,2022,3,14,7,40,59,59135,D916,50.8060217377,2.4934217334,Crépuscule ou aube,Hors agglomération,Hors intersection,Normale,Autre collision,3,2,2,0,2,1,2,0,3,80,1,1,0,0,1,0,47.0,,voiture,,2,1,1,1,6
202200015392,2022-12-22 20:30:00,2022,12,22,20,30,02,02141,18 Rue du Moulin,49.970476,3.904315,Nuit sans éclairage public,En agglomération,Intersection en Y,Pluie forte,Autre collision,4,2,1,0,1,1,2,0,8,50,1,3,2,0,1,0,21.0,,voiture,,3,2,4,3,6
202200015393,2022-09-07 17:27:00,2022,9,7,17,27,49,49267,PLESSIS GRAMMOIRE ROUTE,47.4729,-0.493,Plein jour,En agglomération,Giratoire,Normale,Deux véhicules - côté,3,1,2,0,1,2,1,0,1,30,2,2,1,0,0,1,56.0,57.0,deux_roues,voiture,1,2,6,1,3
202200015394,2022-02-04 12:10:00,2022,2,4,12,10,13,13054,GAL DE GAULLE (AV DU ),43.41021,5.20603,Plein jour,En agglomération,Hors intersection,Normale,Deux véhicules - frontale,4,2,2,1,1,1,1,0,1,30,1,2,1,0,0,1,56.0,,voiture,,1,2,1,1,1
202200015395,2022-03-14 19:40:00,2022,3,14,19,40,76,76062,D929,49.660916,1.217862,Nuit sans éclairage public,Hors agglomération,Hors intersection,Normale,Deux véhicules - arrière,3,2,2,0,1,1,1,0,1,70,2,2,1,0,1,0,81.0,16.0,voiture,deux_roues,3,1,1,1,2
202200015396,2022-09-06 09:40:00,2022,9,6,9,40,49,49007,TURPIN DE CRISSE AVENUE,47.46501,-0.55419,Plein jour,En agglomération,Hors intersection,Normale,Sans collision,4,2,2,0,1,1,2,0,1,30,1,1,0,0,0,1,45.0,,deux_roues,,1,2,1,1,7
202200015397,2022-03-13 18:30:00,2022,3,13,18,30,33,33505,,44.760067,-0.315342,Plein jour,Hors agglomération,Hors intersection,Normale,Deux véhicules - frontale,3,2,2,0,1,2,1,0,1,80,2,3,2,0,1,0,65.0,54.0,utilitaire_camion,deux_roues,1,1,1,1,1
202200015398,2022-12-22 18:20:00,2022,12,22,18,20,15,15118,D59,45.003363,2.475266,Nuit avec éclairage allumé,En agglomération,Hors intersection,Pluie forte,Deux véhicules - côté,3,2,2,0,1,1,2,0,1,50,2,3,2,1,0,0,49.0,74.0,voiture,voiture,5,2,1,3,3
202200015399,2022-02-04 09:48:00,2022,2,4,9,48,13,13001,D9,43.5080557066,5.4290373623,Plein jour,Hors agglomération,Autre intersection,Normale,Deux véhicules - frontale,3,2,2,0,2,3,1,2,1,50,2,2,1,0,0,1,39.0,40.0,voiture,utilitaire_camion,1,1,9,1,1
202200015400,2022-03-14 13:45:00,2022,3,14,13,45,71,71056,640 Route des Liets,46.646,5.18916,Plein jour,En agglomération,Hors intersection,Normale,Deux véhicules - côté,3,2,2,0,1,1,1,0,1,70,2,2,0,0,1,1,46.0,29.0,utilitaire_camion,voiture,1,2,1,1,3
202200015401,2022-12-23 17:50:00,2022,12,23,17,50,14,14357,Les Treize Vieilles,48.932481,-0.663729,Nuit sans éclairage public,Hors agglomération,Hors intersection,Temps couvert,Autre collision,4,2,1,0,1,1,2,0,1,80,1,1,0,0,1,0,22.0,,voiture,,3,1,1,8,6
202200015402,2022-09-08 07:42:00,2022,9,8,7,42,47,47201,PYRENEES (AVENUE DES),44.18068,0.60462,Plein jour,En agglomération,Autre intersection,Normale,Deux véhicules - côté,3,2,2,2,1,1,1,5,1,50,2,4,1,0,1,2,38.0,43.0,voiture,deux_roues,1,2,9,1,3
202200015403,2022-03-13 21:35:00,2022,3,13,21,35,44,44125,Route de Terneve,47.376914,-2.512178,Nuit sans éclairage public,Hors agglomération,Intersection en X,Normale,Deux véhicules - côté,4,2,2,0,1,1,1,0,1,80,2,2,0,0,1,1,30.0,19.0,utilitaire_camion,voiture,3,1,2,1,3
202200015404,2022-02-01 19:30:00,2022,2,1,19,30,13,13056,TURCAN FRANCIS,43.4177226691,5.0564286154,Nuit avec éclairage allumé,En agglomération,Hors intersection,Normale,Deux véhicules - côté,3,3,2,0,1,1,1,0,1,50,2,2,1,0,1,0,46.0,30.0,autre,voiture,5,2,1,1,3
202200015405,2022-03-12 20:57:00,2022,3,12,20,57,29,29102,N164,48.217634813,-3.748710559,Nuit sans éclairage public,Hors agglomération,Hors intersection,Pluie forte,Autre collision,2,3,4,0,1,2,3,0,3,90,1,2,1,0,1,0,22.0,,voiture,,3,1,1,3,6
202200015406,2022-09-07 08:03:00,2022,9,7,8,3,43,43157,23 Avenue Charles Dupuy,45.042798,3.89172,Plein jour,En agglomération,Hors intersection,Normale,Deux véhicules - côté,4,2,2,0,1,1,1,0,1,30,2,2,1,0,0,1,16.0,57.0,deux_roues,utilitaire_camion,1,2,1,1,3
202200015407,2022-02-04 15:30:00,2022,2,4,15,30,13,13211,VALBARELLE (BOULEVARD DE LA ),43.28763,5.44873,Plein jour,En agglomération,Hors intersection,Normale,Deux véhicules - frontale,3,2,2,0,1,1,1,6,8,30,1,2,1,0,0,1,35.0,,deux_roues,,1,2,1,1,1
202200015408,2022-03-14 11:50:00,2022,3,14,11,50,02,02160,RD 966,49.704417,4.014108,Plein jour,Hors agglomération,Hors intersection,Normale,Autre collision,3,2,2,0,1,2,1,0,3,80,1,1,0,0,1,0,26.0,,voiture,,1,1,1,1,6
202200015409,2022-09-07 10:10:00,2022,9,7,10,10,42,42207,Place Louis Comte,45.4576368672,4.5042782575,Plein jour,En agglomération,Hors intersection,Normale,Autre collision,7,2,1,0,1,1,1,9,8,50,1,2,1,0,1,0,22.0,,voiture,,1,2,1,1,6
202200015410,2022-02-04 02:20:00,2022,2,4,2,20,13,13207,RIVE NEUVE (QUAI),43.2929433844,5.3691367093,Nuit avec éclairage allumé,En agglomération,Hors intersection,Normale,Deux véhicules - côté,4,2,2,0,1,1,1,0,1,50,2,2,1,0,1,0,28.0,34.0,deux_roues,voiture,5,2,1,1,3
202200015411,2022-03-15 01:50:00,2022,3,15,1,50,02,02336,D3090,49.691606,3.261652,Nuit sans éclairage public,Hors agglomération,Hors intersection,Normale,Autre collision,3,2,2,0,1,1,1,0,8,80,1,4,0,0,0,4,19.0,,voiture,,3,1,1,1,6
202200015412,2022-03-14 06:00:00,2022,3,14,6,0,15,15235,Le Croizet,45.001588,3.029882,Nuit sans éclairage public,Hors agglomération,Hors intersection,Neige / grêle,Autre collision,3,2,2,0,2,1,2,0,3,90,1,1,0,0,0,1,64.0,,utilitaire_camion,,3,1,1,4,6
202200015413,2022-09-08 16:10:00,2022,9,8,16,10,37,37195,PRIEURE (AVENUE DU),47.38437,0.65239,Plein jour,En agglomération,Intersection en X,Normale,Deux véhicules - côté,4,2,2,0,1,1,1,0,1,50,2,3,2,0,0,1,20.0,56.0,voiture,voiture,1,2,2,1,3
202200015414,2022-03-14 01:35:00,2022,3,14,1,35,10,10080,RD 444,48.045117,4.1325649,Nuit sans éclairage public,Hors agglomération,Hors intersection,Normale,Autre collision,3,2,2,0,1,2,1,0,3,80,1,1,0,0,1,0,67.0,,voiture,,3,1,1,1,6
202200015415,2022-02-04 07:11:00,2022,2,4,7,11,13,13001,EUROPE (AV ),43.5236449967,5.4373135905,Nuit avec éclairage allumé,En agglomération,Intersection en X,Normale,Deux véhicules - côté,4,2,2,0,1,1,1,0,1,50,2,3,2,0,0,1,54.0,37.0,utilitaire_camion,voiture,5,2,2,1,3
202200015416,2022-12-22 19:20:00,2022,12,22,19,20,73,73103,D17,45.659876,5.921003,Nuit avec éclairage allumé,En agglomération,Intersection en X,Pluie légère,Deux véhicules - côté,3,2,2,0,2,1,2,0,1,50,2,2,1,0,1,0,20.0,16.0,voiture,deux_roues,5,2,2,2,3
202200015417,2022-03-14 12:45:00,2022,3,14,12,45,85,85047,Boulevard Albert Schweitzer,46.839739,-1.893776,Plein jour,En agglomération,Hors intersection,Normale,Autre collision,3,2,2,2,1,2,1,0,3,50,1,1,0,0,1,0,71.0,,voiture,,1,2,1,1,6
202200015418,2022-02-04 13:41:00,2022,2,4,13,41,06,06088,ARIANE (BD DE L'),43.734785,7.297341,Plein jour,En agglomération,Hors intersection,Normale,Autre collision,4,3,4,0,1,1,1,0,1,50,1,3,0,0,0,3,24.0,,deux_roues,,1,2,1,1,6
202200015419,2022-09-08 22:25:00,2022,9,8,22,25,35,35238,BULGARIE (BD DE),48.08472,-1.65693,Nuit avec éclairage allumé,En agglomération,Intersection en X,Normale,Deux véhicules - côté,4,3,2,2,1,1,1,0,1,50,2,5,4,0,1,0,19.0,26.0,voiture,voiture,5,2,2,1,3
202200015420,2022-03-15 01:20:00,2022,3,15,1,20,24,24194,Avenue de Bordeaux,44.837893,0.31434,Nuit avec éclairage allumé,Hors agglomération,Hors intersection,Normale,Autre collision,3,3,2,0,1,1,1,0,3,80,1,3,1,0,1,1,17.0,,voiture,,5,1,1,1,6
202200015421,2022-12-23 02:48:00,2022,12,23,2,48,07,07078,D82,45.255774,4.718821,Nuit avec éclairage non allumé,Hors agglomération,Giratoire,Normale,Deux véhicules - côté,3,2,2,0,1,1,2,0,1,50,2,2,0,0,0,1,,54.0,voiture,voiture,4,1,6,1,3
202200015422,2022-02-04 09:05:00,2022,2,4,9,5,06,06088,VERANY (BD J.B.),43.71502,7.28285,Plein jour,En agglomération,Hors intersection,Normale,Deux véhicules - côté,7,1,3,0,1,1,1,0,1,50,1,2,1,0,0,1,57.0,,utilitaire_camion,,1,2,1,1,3
202200015423,2022-09-08 11:10:00,2022,9,8,11,10,35,35238,BRIAND (AVENUE ARISTIDE),48.11015,-1.65972,Plein jour,En agglomération,Autre intersection,Normale,Deux véhicules - côté,4,1,2,2,1,1,1,0,1,50,2,3,2,0,0,1,51.0,47.0,voiture,voiture,1,2,9,1,3