accident_id,datetime,annee,mois,jour,heure,minute,departement,commune_insee,adresse,latitude,longitude,luminosite,agglomeration,intersection,meteo,collision,catr,circ,nbv,vosp,prof,plan,surf,infra,situ,vma,nb_vehicules,nb_usagers,nb_indemnes,nb_tues,nb_blesses_hosp,nb_blesses_legers,age_cond_1,age_cond_2,veh_type_cond_1,veh_type_cond_2,lum_code,agg_code,int_code,atm_code,col_code
202200015514,2022-02-03 23:27:00,2022,2,3,23,27,92,92046,PIERRE BROSSOLETTE (AVENUE),48.8142869855,2.3031855225,Nuit avec éclairage allumé,En agglomération,Hors intersection,Normale,Autre collision,3,2,4,1,1,1,1,0,1,50,1,3,1,0,0,2,28.0,,voiture,,5,2,1,1,6
202200015515,2022-09-08 17:00:00,2022,9,8,17,0,75,75111,BOULEVARD BEAUMARCHAIS,48.8558116699,2.3685032129,Plein jour,En agglomération,Intersection en X,Normale,Deux véhicules - côté,4,2,2,0,1,1,1,0,1,30,2,3,2,0,0,1,45.0,26.0,utilitaire_camion,deux_roues,1,2,2,1,3
202200015516,2022-02-04 14:10:00,2022,2,4,14,10,92,92020,VANVES BOULEVARD DE N° PAIRS,48.8105231644,2.2819429636,Plein jour,En agglomération,Hors intersection,Normale,Autre collision,3,2,2,0,2,1,1,0,1,50,1,2,1,0,0,1,20.0,,utilitaire_camion,,1,2,1,1,6
202200015517,2022-12-22 18:25:00,2022,12,22,18,25,38,38509,70 Rue Pierre Vincendon,45.567198,5.438788,Nuit avec éclairage allumé,En agglomération,Hors intersection,Pluie forte,Deux véhicules - frontale,3,2,2,0,1,1,2,0,1,50,2,3,1,0,1,1,38.0,18.0,voiture,deux_roues,5,2,1,3,1
202200015518,2022-09-08 09:10:00,2022,9,8,9,10,75,75110,RUE LA FAYETTE,48.878535,2.354058,Plein jour,En agglomération,Intersection en X,Normale,Autre collision,4,1,1,1,1,1,1,-1,5,30,1,2,1,0,0,1,,,deux_roues,,1,2,2,1,6
202200015519,2022-02-04 19:29:00,2022,2,4,19,29,92,92048,PARIS (RUE DE) N° 1 A 15BIS,48.8175294756,2.2487681955,Nuit avec éclairage allumé,En agglomération,Giratoire,Normale,Deux véhicules - arrière,4,-1,1,0,1,2,5,0,1,50,2,3,1,0,0,2,49.0,53.0,voiture,voiture,5,2,6,1,2
202200015520,2022-12-21 18:30:00,2022,12,21,18,30,85,85119,RD37 grand douet,46.981994,-1.11176,Nuit sans éclairage public,Hors agglomération,Hors intersection,Pluie légère,Deux véhicules - côté,3,2,2,0,1,1,2,0,3,80,2,2,1,0,0,1,24.0,15.0,voiture,deux_roues,3,1,1,2,3
202200015521,2022-09-08 19:08:00,2022,9,8,19,8,75,75108,ROND POINT CHAMPS ELYSEES MARCEL DASSAUL,48.869277,2.309201,Plein jour,En agglomération,Intersection en X,Normale,Deux véhicules - côté,4,2,6,0,1,1,1,0,1,30,2,2,1,0,0,1,32.0,40.0,voiture,deux_roues,1,2,2,1,3
202200015522,2022-02-04 20:40:00,2022,2,4,20,40,92,92044,VIC. HUGO(RUE)115A149 ET 148A178,48.8988417571,2.2938514352,Nuit avec éclairage allumé,En agglomération,Hors intersection,Normale,Deux véhicules - côté,3,2,3,3,1,1,1,0,1,50,2,2,1,0,0,1,19.0,23.0,deux_roues,deux_roues,5,2,1,1,3
202200015523,2022-12-23 18:40:00,2022,12,23,18,40,44,44047,54 Boulevard des Martyrs de la Résistance,47.212674,-1.714994,Nuit avec éclairage allumé,En agglomération,Hors intersection,Normale,Deux véhicules - côté,7,2,2,0,1,1,1,0,1,50,2,2,1,0,1,0,21.0,55.0,deux_roues,voiture,5,2,1,1,3
202200015524,2022-09-08 07:31:00,2022,9,8,7,31,75,75108,AVENUE DES CHAMPS ELYSEES,48.870519,2.305289,Plein jour,En agglomération,Intersection en X,Temps couvert,Deux véhicules - côté,4,1,5,0,1,1,1,0,1,30,2,2,1,0,0,1,,23.0,utilitaire_camion,deux_roues,1,2,2,8,3
202200015525,2022-12-22 18:00:00,2022,12,22,18,0,80,80561,Place du Maréchal Foch,49.64577,2.572796,Nuit avec éclairage allumé,En agglomération,Hors intersection,Pluie légère,Deux véhicules - frontale,3,2,2,0,1,1,2,0,1,50,1,2,1,0,1,0,25.0,,voiture,,5,2,1,2,1
202200015526,2022-02-04 14:20:00,2022,2,4,14,20,92,92040,RODIN (BOULEVARD),48.8171644603,2.2549712062,Plein jour,En agglomération,Hors intersection,Normale,Autre collision,3,2,2,0,2,3,1,0,1,30,1,1,0,0,0,1,64.0,,voiture,,1,2,1,1,6
202200015527,2022-09-08 14:45:00,2022,9,8,14,45,75,75107,RUE SAINT GUILLAUME,48.854824,2.329191,Plein jour,En agglomération,Intersection en X,Temps couvert,Autre collision,4,1,1,0,1,1,2,0,1,30,1,2,1,0,0,1,51.0,,voiture,,1,2,2,8,6
202200015528,2022-12-23 15:30:00,2022,12,23,15,30,62,62693,D341,50.433547,2.560013,Plein jour,En agglomération,Hors intersection,Normale,Autre collision,3,2,2,0,1,1,2,0,1,50,1,3,2,0,1,0,27.0,,voiture,,1,2,1,1,6
202200015529,2022-02-03 10:55:00,2022,2,3,10,55,92,92036,PRINCIPALE DU PORT (ROUTE) (1/17),48.9377226999,2.2767979503,Plein jour,En agglomération,Intersection en T,Normale,Deux véhicules - arrière,4,2,4,0,1,1,1,0,1,50,2,2,1,0,0,1,33.0,55.0,deux_roues,utilitaire_camion,1,2,3,1,2
202200015530,2022-12-22 17:45:00,2022,12,22,17,45,59,59139,Boulevard du 8 Mai 1945,50.127498,3.424301,Nuit avec éclairage allumé,En agglomération,Autre intersection,Pluie légère,Deux véhicules - côté,4,3,2,1,1,1,2,0,5,50,2,2,1,0,0,1,23.0,51.0,deux_roues,voiture,5,2,9,2,3
202200015531,2022-09-07 18:15:00,2022,9,7,18,15,94,94068,ALMA (AV DE L),48.78601,2.49524,Plein jour,En agglomération,Intersection en X,Pluie légère,Deux véhicules - côté,3,2,2,0,1,1,2,0,1,30,2,2,1,0,0,1,41.0,16.0,voiture,deux_roues,1,2,2,2,3
202200015532,2022-02-02 13:35:00,2022,2,2,13,35,92,92025,GAMBETTA (BD),48.928434,2.259572,Plein jour,En agglomération,Intersection en X,Normale,Deux véhicules - côté,4,2,2,0,1,1,1,0,1,30,2,2,1,0,0,1,30.0,17.0,voiture,deux_roues,1,2,2,1,3
202200015533,2022-12-16 19:30:00,2022,12,16,19,30,13,13106,A51-Sens Marseille vers Aix en Provence,43.40319,5.35711,Nuit sans éclairage public,Hors agglomération,Hors intersection,Normale,Deux véhicules - côté,1,1,3,3,1,1,1,9,6,90,2,3,1,0,2,0,48.0,32.0,transport_commun,transport_commun,3,1,1,1,3
202200015534,2022-09-08 16:00:00,2022,9,8,16,0,94,94042,EUROPE (BD DE L),48.8148,2.46339,Plein jour,En agglomération,Intersection en X,Pluie légère,Deux véhicules - arrière,3,2,4,0,1,1,2,5,1,50,2,2,1,0,0,1,18.0,33.0,deux_roues,utilitaire_camion,1,2,2,2,2
202200015535,2022-02-04 17:20:00,2022,2,4,17,20,92,92023,GENERAL DE GAULLE (AVENUE DU),48.7811467722,2.2411736548,Plein jour,En agglomération,Hors intersection,Normale,Deux véhicules - arrière,3,2,4,0,1,1,2,0,1,50,2,2,1,0,0,1,33.0,56.0,voiture,voiture,1,2,1,1,2
202200015536,2022-09-07 22:05:00,2022,9,7,22,5,94,94046,GENERAL LECLERC - CAR DE LA RESISTANCE (,48.8044,2.44343,Nuit avec éclairage allumé,En agglomération,Intersection en T,Pluie légère,Deux véhicules - côté,3,3,2,0,1,1,2,0,1,50,2,2,1,0,0,1,56.0,27.0,voiture,deux_roues,5,2,3,2,3
202200015537,2022-02-04 18:10:00,2022,2,4,18,10,92,92007,PORTE D'EN BAS (RUE DE LA),48.7928378667,2.3065562546,Nuit avec éclairage allumé,En agglomération,Intersection en T,Pluie légère,Autre collision,4,2,2,0,1,1,2,0,1,50,1,2,1,0,0,1,27.0,,voiture,,5,2,3,2,6
202200015538,2022-12-17 15:15:00,2022,12,17,15,15,13,13071,A51-Sens Marseille vers Aix en Provence,43.41545,5.36498,Plein jour,Hors agglomération,Hors intersection,Normale,Trois véhicules et plus - collisions multiples,1,1,3,0,1,1,1,0,1,90,3,6,1,0,0,5,42.0,44.0,voiture,voiture,1,1,1,1,5
202200015539,2022-09-07 13:20:00,2022,9,7,13,20,94,94017,GENERAL DE GAULLE (AV DU),48.82732,2.5128,Plein jour,En agglomération,Hors intersection,Normale,Deux véhicules - arrière,3,2,2,0,1,1,1,0,1,50,2,3,0,0,0,3,70.0,35.0,voiture,utilitaire_camion,1,2,1,1,2
202200015540,2022-02-03 18:30:00,2022,2,3,18,30,92,92004,PONT DE CLICHY,48.9105259472,2.2990761101,Plein jour,En agglomération,Hors intersection,Normale,Deux véhicules - arrière,3,3,0,0,1,1,1,0,1,50,2,2,1,0,0,1,28.0,55.0,voiture,deux_roues,1,2,1,1,2
202200015541,2022-12-18 15:50:00,2022,12,18,15,50,13,13212,A507 sens Marseille - Aubagne,43.2946082001,5.4242652654,Plein jour,Hors agglomération,Hors intersection,Normale,Deux véhicules - arrière,1,1,4,0,1,1,1,1,1,70,2,3,1,0,2,0,25.0,35.0,deux_roues,voiture,1,1,1,1,2
202200015542,2022-09-08 16:30:00,2022,9,8,16,30,93,93072,Avenue Gaston Monmousseau,48.9504996421,2.3927049876,Plein jour,En agglomération,Hors intersection,Normale,Autre collision,4,2,2,0,1,1,1,0,4,50,2,2,1,0,0,1,3.0,42.0,deux_roues,utilitaire_camion,1,2,1,1,6
202200015543,2022-12-22 18:22:00,2022,12,22,18,22,94,94034,N186,48.7580352906,2.3269085883,Nuit avec éclairage allumé,Hors agglomération,Hors intersection,Pluie légère,Deux véhicules - arrière,2,3,2,0,1,1,2,1,1,70,2,2,1,0,0,1,20.0,24.0,voiture,utilitaire_camion,5,1,1,2,2
202200015544,2022-02-04 21:00:00,2022,2,4,21,0,37,37153,D910,47.483304,0.767224,Nuit sans éclairage public,Hors agglomération,Hors intersection,Normale,Trois véhicules et plus - collisions multiples,3,2,2,0,1,1,2,0,1,90,4,7,1,1,2,3,27.0,58.0,utilitaire_camion,voiture,3,1,1,1,5
202200015545,2022-09-08 08:25:00,2022,9,8,8,25,93,93070,Avenue Gabriel Péri / Rue des Rosiers,48.90843,2.33263,Plein jour,En agglomération,Intersection en X,Normale,Deux véhicules - frontale,3,2,2,2,1,1,1,0,1,50,2,2,1,0,0,1,40.0,24.0,transport_commun,voiture,1,2,2,1,1
202200015546,2022-12-22 18:40:00,2022,12,22,18,40,92,92050,A86,48.9088704627,2.2144268065,Nuit avec éclairage allumé,Hors agglomération,Hors intersection,Pluie légère,Deux véhicules - côté,1,3,2,0,1,1,2,0,1,70,2,2,1,0,0,1,,32.0,voiture,deux_roues,5,1,1,2,3
202200015547,2022-02-04 17:22:00,2022,2,4,17,22,01,01054,150 Chemin du Pommier,45.888035,5.154581,Plein jour,En agglomération,Intersection en X,Normale,Deux véhicules - côté,3,2,1,0,1,1,1,0,1,30,2,2,1,0,0,1,46.0,15.0,voiture,deux_roues,1,2,2,1,3
202200015548,2022-09-08 02:40:00,2022,9,8,2,40,93,93013,Avenue Jean Jaurès / Avenue de la Division Leclerc,48.93316,2.42423,Nuit avec éclairage non allumé,En agglomération,Intersection en X,Normale,Deux véhicules - frontale,3,2,6,0,1,1,2,0,1,50,2,2,1,0,0,1,24.0,26.0,voiture,voiture,4,2,2,1,1
202200015549,2022-02-04 17:25:00,2022,2,4,17,25,22,22182,D84,48.55412,-2.917609,Plein jour,Hors agglomération,Hors intersection,Normale,Sans collision,3,2,2,0,1,1,1,0,3,80,1,1,0,0,1,0,58.0,,voiture,,1,1,1,1,7
202200015550,2022-12-21 11:08:00,2022,12,21,11,8,92,92072,N118,48.8233194056,2.2222341789,Plein jour,Hors agglomération,Hors intersection,Pluie légère,Deux véhicules - côté,2,1,2,0,2,2,2,0,1,50,2,3,1,0,0,2,44.0,63.0,voiture,voiture,1,1,1,2,3
202200015551,2022-02-04 15:35:00,2022,2,4,15,35,43,43185,53 Avenue de Grande Bretagne,45.406467,3.321215,Plein jour,En agglomération,Hors intersection,Normale,Autre collision,3,2,2,0,1,1,1,0,1,50,1,2,1,0,1,0,78.0,,voiture,,1,2,1,1,6
202200015552,2022-09-06 19:55:00,2022,9,6,19,55,93,93007,Rue Charles Gounod / Rue Georges Bizet,48.9384,2.46875,Plein jour,En agglomération,Intersection en X,Normale,Deux véhicules - côté,4,2,2,0,1,1,1,0,1,50,2,3,1,0,0,2,17.0,60.0,deux_roues,voiture,1,2,2,1,3
202200015553,2022-09-08 18:50:00,2022,9,8,18,50,92,92026,PUVIS DE CHAVANNES,48.8993058446,2.2364006638,Plein jour,En agglomération,Hors intersection,Normale,Autre collision,4,-1,1,0,1,1,1,0,1,30,1,1,0,0,0,1,20.0,,deux_roues,,1,2,1,1,6
202200015554,2022-12-22 19:40:00,2022,12,22,19,40,93,93064,AUTOROUTE A86,48.877582,2.47732,Nuit sans éclairage public,Hors agglomération,Hors intersection,Pluie légère,Deux véhicules - arrière,1,1,8,0,2,1,2,0,1,70,2,2,1,0,0,1,21.0,67.0,deux_roues,voiture,3,1,1,2,2
202200015555,2022-02-04 23:30:00,2022,2,4,23,30,972,97212,Chemin Poirier quartier Dumaine,14.720951,-61.020539,Nuit sans éclairage public,Hors agglomération,Hors intersection,Normale,Sans collision,4,2,2,0,1,1,9,0,1,50,1,2,1,1,0,0,27.0,,deux_roues,,3,1,1,1,7
202200015556,2022-09-07 21:10:00,2022,9,7,21,10,92,92025,SAINT DENIS (RUE),48.924128,2.249635,Nuit avec éclairage allumé,En agglomération,Hors intersection,Pluie légère,Autre collision,4,2,2,0,2,1,2,0,1,30,1,2,0,0,1,1,31.0,,voiture,,5,2,1,2,6
202200015557,2022-12-22 16:25:00,2022,12,22,16,25,95,95424,A15,48.991192,2.19268,Plein jour,Hors agglomération,Hors intersection,Pluie légère,Deux véhicules - côté,1,3,6,0,1,1,2,0,1,110,2,2,1,0,0,1,57.0,26.0,voiture,voiture,1,1,1,2,3
202200015558,2022-02-04 19:45:00,2022,2,4,19,45,26,26169,A7 - PK 123.600 - SUD / NORD,44.48752,4.76723,Nuit sans éclairage public,Hors agglomération,Hors intersection,Normale,Deux véhicules - côté,1,1,5,0,1,1,1,0,3,130,2,3,1,1,1,0,46.0,57.0,voiture,utilitaire_camion,3,1,1,1,3
202200015559,2022-12-22 04:45:00,2022,12,22,4,45,94,94044,RN406.W,48.7573897525,2.4765319865,Nuit sans éclairage public,Hors agglomération,Hors intersection,Normale,Autre collision,2,1,2,0,1,3,2,0,2,90,1,1,0,0,0,1,28.0,,voiture,,3,1,1,1,6
202200015560,2022-02-05 16:45:00,2022,2,5,16,45,35,35006,Lieu-dit Les Breils Benoist,48.070721,-1.120396,Plein jour,Hors agglomération,Hors intersection,Normale,Sans collision,3,2,2,0,4,1,1,0,8,80,1,1,0,0,1,0,24.0,,voiture,,1,1,1,1,7
202200015561,2022-09-07 11:50:00,2022,9,7,11,50,92,92025,CHARLES DE GAULLE (BD),48.910443,2.234723,Plein jour,En agglomération,Intersection en X,Normale,Deux véhicules - côté,3,2,4,0,1,1,1,0,1,50,2,2,1,0,0,1,25.0,38.0,voiture,deux_roues,1,2,2,1,3
202200015562,2022-02-04 19:20:00,2022,2,4,19,20,22,22339,RN176,48.4984469609,-2.0402280689,Nuit sans éclairage public,Hors agglomération,Hors intersection,Normale,Autre collision,2,1,2,0,1,1,1,0,1,110,1,1,0,0,1,0,95.0,,voiture,,3,1,1,1,6
202200015563,2022-12-21 23:22:00,2022,12,21,23,22,94,94042,A4,48.8285410714,2.4757609509,Nuit sans éclairage public,Hors agglomération,Hors intersection,Pluie légère,Autre collision,1,1,4,0,1,1,2,0,1,90,2,3,2,0,0,1,24.0,36.0,voiture,voiture,3,1,1,2,6
202200015564,2022-09-07 23:10:00,2022,9,7,23,10,92,92024,JEAN JAURES (BD) DE (1 A 45)   (2 A 54),48.8985430602,2.3073863983,Nuit avec éclairage allumé,En agglomération,Hors intersection,Pluie légère,Deux véhicules - arrière,3,1,2,1,1,1,2,0,1,50,2,3,2,0,0,1,36.0,35.0,voiture,deux_roues,5,2,1,2,2
202200015565,2022-02-05 21:55:00,2022,2,5,21,55,974,97414,Petit Serre,-21.215645,55.45313,Nuit avec éclairage allumé,En agglomération,Hors intersection,Normale,Autre collision,2,2,2,0,2,1,1,0,4,30,1,1,0,0,1,0,41.0,,deux_roues,,5,2,1,1,6
202200015566,2022-12-20 11:30:00,2022,12,20,11,30,77,77450,N 19,48.70678,2.5845,Plein jour,En agglomération,Hors intersection,Pluie légère,Autre collision,6,-1, -1,0,1,1,2,0,1,30,1,2,1,0,1,0,49.0,,voiture,,1,2,1,2,6
202200015567,2022-02-04 16:30:00,2022,2,4,16,30,83,83131,694 Route Départementale 554,43.206026,6.029243,Plein jour,Hors agglomération,Hors intersection,Normale,Autre collision,3,2,2,0,1,3,1,0,3,50,1,1,0,1,0,0,72.0,,deux_roues,,1,1,1,1,6
202200015568,2022-09-07 14:35:00,2022,9,7,14,35,92,92024,LANDY (RUE DU) DE (1 A 17)   (4 A 54),48.9044930342,2.3037144542,Plein jour,En agglomération,Intersection en X,Pluie légère,Deux véhicules - côté,4,1,1,0,1,1,2,0,1,30,2,2,1,0,0,1,15.0,53.0,deux_roues,voiture,1,2,2,2,3
202200015569,2022-12-20 18:40:00,2022,12,20,18,40,33,33063,Quai de Paludate,44.82813,-0.5525,Nuit avec éclairage allumé,En agglomération,Hors intersection,Pluie légère,Deux véhicules - côté,4,2,2,0,1,1,2,0,1,30,2,2,1,0,0,1,60.0,26.0,voiture,deux_roues,5,2,1,2,3
202200015570,2022-02-04 18:30:00,2022,2,4,18,30,24,24295,A89,45.143517,0.587125,Nuit sans éclairage public,Hors agglomération,Hors intersection,Pluie légère,Autre collision,1,3,4,0,1,1,2,0,1,110,1,1,0,0,1,0,75.0,,voiture,,3,1,1,2,6
202200015571,2022-09-07 17:05:00,2022,9,7,17,5,92,92004,ARGENTEUIL AV D',48.9135908261,2.2837282419,Plein jour,En agglomération,Hors intersection,Pluie légère,Deux véhicules - arrière,3,2,2,0,1,1,2,0,8,50,2,2,1,0,0,1,40.0,33.0,voiture,utilitaire_camion,1,2,1,2,2
202200015572,2022-12-19 01:25:00,2022,12,19,1,25,63,63224,RD 420,45.8591181589,3.1352287531,Nuit sans éclairage public,Hors agglomération,Hors intersection,Normale,Autre collision,3,2,1,0,1,1,1,0,1,90,1,2,1,0,1,0,22.0,,utilitaire_camion,,3,1,1,1,6
202200015573,2022-02-05 02:04:00,2022,2,5,2,4,51,51612,Avenue de Bammental,48.906801,4.016383,Nuit avec éclairage allumé,En agglomération,Giratoire,Normale,Sans collision,3,2,2,0,1,1,1,5,8,50,1,1,0,0,0,1,24.0,,voiture,,5,2,6,1,7
202200015574,2022-09-09 06:00:00,2022,9,9,6,0,06,06161,Route du Bord de Mer,43.638614,7.137054,Nuit avec éclairage allumé,En agglomération,Hors intersection,Normale,Deux véhicules - frontale,3,1,2,0,1,1,1,0,1,50,2,3,2,0,1,0,48.0,18.0,voiture,deux_roues,5,2,1,1,1
202200015575,2022-02-02 13:05:00,2022,2,2,13,5,74,74161,Route d Annecy,45.87882,6.023211,Plein jour,Hors agglomération,Hors intersection,Normale,Sans collision,3,2,2,0,2,3,2,0,8,80,1,1,0,0,0,1,19.0,,voiture,,1,1,1,1,7
202200015576,2022-12-18 07:35:00,2022,12,18,7,35,92,92078,VERDUN AVENUE IMPAIRS 75 AV J JAURES,48.93513,2.32881,Nuit avec éclairage allumé,En agglomération,Intersection en X,Normale,Deux véhicules - côté,3,1,2,0,1,1,7,0,1,50,2,5,4,0,0,1,29.0,40.0,voiture,deux_roues,5,2,2,1,3
202200015577,2022-12-17 10:00:00,2022,12,17,10,0,55,55029,SEBASTOPOL ( RUE DE ),48.7721389223,5.1676270678,Plein jour,En agglomération,Hors intersection,Normale,Autre collision,4,2,2,0,1,1,1,6,1,30,1,2,1,0,1,0,59.0,,voiture,,1,2,1,1,6
202200015578,2022-09-08 20:00:00,2022,9,8,20,0,41,41230,D 32,47.610268,1.259522,Crépuscule ou aube,Hors agglomération,Hors intersection,Normale,Deux véhicules - arrière,3,2,2,0,1,1,1,0,1,80,2,2,1,0,1,0,32.0,46.0,utilitaire_camion,deux_roues,2,1,1,1,2
202200015579,2022-02-04 14:28:00,2022,2,4,14,28,71,71015,Route de Chalon,46.945945,4.395754,Plein jour,En agglomération,Intersection en T,Temps couvert,Deux véhicules - côté,3,2,2,0,3,3,2,0,1,50,2,2,0,0,1,1,71.0,50.0,voiture,utilitaire_camion,1,2,3,8,3
202200015580,2022-12-17 16:00:00,2022,12,17,16,0,42,42183,Rue de la Libération,45.40094,4.35546,Plein jour,En agglomération,Hors intersection,Normale,Autre collision,4,2,2,0,2,1,1,0,1,50,1,3,2,0,0,1,19.0,,voiture,,1,2,1,1,6
202200015581,2022-02-05 14:45:00,2022,2,5,14,45,89,89010,Grande Rue,47.725649,3.957889,Plein jour,En agglomération,Hors intersection,Normale,Autre collision,3,2,2,0,1,1,1,2,1,50,1,1,0,0,0,1,87.0,,voiture,,1,2,1,1,6
202200015582,2022-09-08 18:30:00,2022,9,8,18,30,31,31446,16 Avenue Tolosane,43.551439,1.469898,Plein jour,En agglomération,Hors intersection,Normale,Autre collision,3,2,2,1,1,1,1,0,1,50,1,2,1,0,1,0,24.0,,voiture,,1,2,1,1,6
202200015583,2022-12-17 19:45:00,2022,12,17,19,45,01,01451,HERRIOT ( BOULEVARD EDOUARD COTE PAIR),46.213016,5.218292,Nuit avec éclairage allumé,En agglomération,Intersection en T,Brouillard / fumée,Deux véhicules - côté,3,2,3,0,1,1,2,5,1,50,2,5,1,0,0,4,19.0,26.0,voiture,voiture,5,2,3,5,3
202200015584,2022-02-05 16:45:00,2022,2,5,16,45,61,61091,la blottiere,48.621754,-0.576525,Plein jour,Hors agglomération,Hors intersection,Normale,Autre collision,3,2,2,0,1,2,1,0,1,90,1,2,0,1,1,0,28.0,,voiture,,1,1,1,1,6
202200015585,2022-12-15 20:45:00,2022,12,15,20,45,73,73065,COMTE VERT (AVENUE DU),45.5700485224,5.9159065693,Nuit avec éclairage allumé,En agglomération,Intersection en Y,Pluie légère,Autre collision,4,2,2,0,1,3,2,0,1,50,1,2,1,0,1,0,23.0,,voiture,,5,2,4,2,6
202200015586,2022-09-04 10:25:00,2022,9,4,10,25,68,68249,D48.2,48.123003,7.104099,Plein jour,Hors agglomération,Hors intersection,Normale,Deux véhicules - frontale,3,2,2,0,2,2,1,0,1,90,2,5,4,0,0,1,31.0,55.0,voiture,deux_roues,1,1,1,1,1
202200015587,2022-02-04 19:30:00,2022,2,4,19,30,49,49331,D775,47.69691,-0.917573,Nuit sans éclairage public,Hors agglomération,Hors intersection,Normale,Deux véhicules - arrière,3,3,4,0,2,1,2,0,1,110,2,2,1,0,0,1,30.0,36.0,voiture,voiture,3,1,1,1,2
202200015588,2022-09-05 21:45:00,2022,9,5,21,45,27,27230,Chemin des Vignes,48.863744,1.405821,Nuit avec éclairage allumé,En agglomération,Hors intersection,Normale,Sans collision,4,1,2,0,1,1,1,0,1,50,1,1,0,0,1,0,23.0,,deux_roues,,5,2,1,1,7
202200015589,2022-02-05 11:30:00,2022,2,5,11,30,49,49041,10 Route de la Coutancière,47.2944150895,0.0600600243,Plein jour,Hors agglomération,Hors intersection,Normale,Sans collision,3,2,2,0,1,1,2,0,8,80,1,1,0,0,1,0,22.0,,deux_roues,,1,1,1,1,7
202200015590,2022-12-15 17:35:00,2022,12,15,17,35,02,02738,,49.65475,3.29555,Nuit avec éclairage allumé,En agglomération,Passage à niveau,Temps couvert,Autre collision,3,2,2,0,1,1,1,4,1,50,1,4,3,0,0,1,22.0,,voiture,,5,2,8,8,6
202200015591,2022-09-09 13:30:00,2022,9,9,13,30,14,14027,D54,49.0188230202,-0.6548409463,Plein jour,Hors agglomération,Hors intersection,Pluie légère,Sans collision,3,2,1,0,1,1,2,0,3,80,1,1,0,0,0,1,27.0,,deux_roues,,1,1,1,2,7
202200015592,2022-02-05 17:30:00,2022,2,5,17,30,49,49218,D17,47.268674,-1.015103,Crépuscule ou aube,Hors agglomération,Hors intersection,Temps éblouissant,Autre collision,3,2,2,0,2,1,1,0,8,80,1,2,1,0,1,0,57.0,,voiture,,2,1,1,7,6
202200015593,2022-09-19 14:10:00,2022,9,19,14,10,14,14664,D181 ,49.11426,-0.828545,Plein jour,En agglomération,Intersection en Y,Normale,Deux véhicules - frontale,3,2,2,0,2,3,1,0,1,50,2,2,1,0,0,1,21.0,22.0,deux_roues,utilitaire_camion,1,2,4,1,1
202200015594,2022-02-05 10:00:00,2022,2,5,10,0,35,35283,Le courtillaux,48.127321,-1.329226,Plein jour,Hors agglomération,Hors intersection,Normale,Autre collision,3,2,2,0,1,1,1,0,3,80,1,1,0,0,1,0,21.0,,voiture,,1,1,1,1,6
202200015595,2022-09-08 15:00:00,2022,9,8,15,0,30,30315,,43.95003,4.70556,Plein jour,Hors agglomération,Hors intersection,Normale,Autre collision,2,2,2,0,1,1,1,0,1,90,2,2,1,0,1,0,22.0,63.0,deux_roues,voiture,1,1,1,1,6
202200015596,2022-09-13 18:30:00,2022,9,13,18,30,14,14380,D158,49.221101,-0.583777,Plein jour,Hors agglomération,Hors intersection,Normale,Sans collision,3,2,2,0,1,2,1,0,3,80,1,1,0,0,1,0,56.0,,deux_roues,,1,1,1,1,7
202200015597,2022-02-04 08:27:00,2022,2,4,8,27,35,35295,,48.14621,-2.099617,Plein jour,Hors agglomération,Hors intersection,Normale,Deux véhicules - frontale,4,2,2,0,1,3,2,0,1,80,2,2,1,0,1,0,17.0,50.0,utilitaire_camion,utilitaire_camion,1,1,1,1,1
202200015598,2022-09-08 17:35:00,2022,9,8,17,35,19,19150,le claux,45.071611,1.613982,Plein jour,Hors agglomération,Hors intersection,Normale,Trois véhicules et plus - collisions multiples,3,2,2,0,2,2,1,0,1,90,3,3,2,0,1,0,47.0,49.0,utilitaire_camion,voiture,1,1,1,1,5
202200015599,2022-07-17 10:15:00,2022,7,17,10,15,14,14200,22 Les Marronniers,49.281328,-0.523287,Plein jour,Hors agglomération,Intersection en X,Normale,Deux véhicules - frontale,3,2,2,0,2,1,1,5,1,80,2,4,2,0,1,1,41.0,19.0,voiture,voiture,1,1,2,1,1
202200015600,2022-02-03 17:30:00,2022,2,3,17,30,38,38130,Route de la Gare,45.365707,5.264039,Crépuscule ou aube,Hors agglomération,Hors intersection,Normale,Deux véhicules - frontale,3,2,2,0,1,1,1,0,1,80,2,2,0,0,0,2,63.0,69.0,voiture,utilitaire_camion,2,1,1,1,1
202200015601,2022-09-08 07:45:00,2022,9,8,7,45,95,95612,RD 317,49.001348,2.485651,Plein jour,Hors agglomération,Hors intersection,Normale,Trois véhicules et plus - collisions multiples,3,3,4,0,4,1,1,0,1,90,3,3,1,1,0,1,51.0,40.0,utilitaire_camion,utilitaire_camion,1,1,1,1,5
202200015602,2022-02-04 14:39:00,2022,2,4,14,39,01,01216,Route de Flevieu,45.7202132016,5.5404835939,Plein jour,Hors agglomération,Intersection en Y,Normale,Deux véhicules - côté,3,2,2,0,1,1,1,0,1,80,2,2,0,0,1,1,19.0,68.0,voiture,voiture,1,1,4,1,3
202200015603,2022-07-31 19:20:00,2022,7,31,19,20,41,41018,RD 956,47.59476,1.35295,Plein jour,Hors agglomération,Hors intersection,Normale,Deux véhicules - côté,4,3,4,0,2,1,1,0,1,70,2,2,1,0,0,1,22.0,29.0,voiture,voiture,1,1,1,1,3