accident_id,datetime,annee,mois,jour,heure,minute,departement,commune_insee,adresse,latitude,longitude,luminosite,agglomeration,intersection,meteo,collision,catr,circ,nbv,vosp,prof,plan,surf,infra,situ,vma,nb_vehicules,nb_usagers,nb_indemnes,nb_tues,nb_blesses_hosp,nb_blesses_legers,age_cond_1,age_cond_2,veh_type_cond_1,veh_type_cond_2,lum_code,agg_code,int_code,atm_code,col_code
202200015604,2022-09-07 12:40:00,2022,9,7,12,40,74,74225,allée de la coche,45.835747,5.955363,Plein jour,En agglomération,Giratoire,Normale,Deux véhicules - côté,4,2,1,0,1,3,1,0,1,50,2,2,1,0,0,1,25.0,21.0,voiture,deux_roues,1,2,6,1,3
202200015605,2022-02-04 16:35:00,2022,2,4,16,35,72,72039,Lieu Dit la Bizardiere,48.213453,0.432791,Plein jour,Hors agglomération,Hors intersection,Normale,Sans collision,3,2,2,0,1,1,1,0,3,90,1,1,0,0,1,0,46.0,,voiture,,1,1,1,1,7
202200015606,2022-02-04 18:00:00,2022,2,4,18,0,50,50305,La Mare,49.580097,-1.539996,Crépuscule ou aube,Hors agglomération,Hors intersection,Normale,Deux véhicules - frontale,3,2,2,0,1,3,1,0,1,80,2,3,1,0,1,1,23.0,64.0,voiture,voiture,2,1,1,1,1
202200015607,2022-09-18 18:17:00,2022,9,18,18,17,56,56078,ZI de la Garderie D765,47.81729,-3.487515,Plein jour,Hors agglomération,Intersection en X,Temps éblouissant,Deux véhicules - côté,3,2,2,0,1,1,1,0,1,80,2,4,3,0,1,0,16.0,38.0,deux_roues,voiture,1,1,2,7,3
202200015608,2022-09-09 16:40:00,2022,9,9,16,40,80,80417,D1029,49.873176,2.685642,Plein jour,Hors agglomération,Intersection en X,Normale,Trois véhicules et plus - collisions multiples,3,2,2,0,1,1,1,0,1,80,3,4,1,0,3,0,55.0,26.0,voiture,voiture,1,1,2,1,5
202200015609,2022-01-06 20:30:00,2022,1,6,20,30,90,90093,11 Grande Rue,47.690836,6.835862,Nuit avec éclairage allumé,En agglomération,Hors intersection,Normale,Deux véhicules - frontale,3,2,2,1,1,1,1,0,1,50,2,5,3,0,1,1,33.0,63.0,voiture,voiture,5,2,1,1,1
202200015610,2022-09-09 15:45:00,2022,9,9,15,45,55,55228,Route de Fresnes,49.038174,5.658388,Plein jour,En agglomération,Hors intersection,Pluie légère,Autre collision,3,2,2,0,1,1,2,0,1,50,1,2,1,0,1,0,20.0,,voiture,,1,2,1,2,6
202200015611,2022-09-30 17:30:00,2022,9,30,17,30,56,56042,Lieu Dit Kerdroguen,47.817667,-2.792597,Plein jour,Hors agglomération,Intersection en X,Pluie légère,Deux véhicules - côté,4,2,2,0,1,3,2,0,1,80,2,3,1,0,2,0,28.0,18.0,transport_commun,voiture,1,1,2,2,3
202200015612,2022-09-07 22:47:00,2022,9,7,22,47,49,49064,RN162,47.681857,-0.709204,Nuit sans éclairage public,Hors agglomération,Hors intersection,Pluie légère,Deux véhicules - arrière,2,2,2,0,1,1,2,0,8,80,2,2,1,0,1,0,26.0,38.0,voiture,voiture,3,1,1,2,2
202200015613,2022-02-05 03:00:00,2022,2,5,3,0,60,60004,RD 901,49.5589145076,1.9751948118,Nuit avec éclairage allumé,Hors agglomération,Hors intersection,Normale,Deux véhicules - frontale,3,2,3,0,2,3,1,0,1,80,2,5,2,0,2,1,25.0,33.0,voiture,voiture,5,1,1,1,1
202200015614,2022-07-05 18:25:00,2022,7,5,18,25,22,22280,,48.4180390082,-2.0331117511,Plein jour,Hors agglomération,Intersection en Y,Normale,Deux véhicules - côté,3,2,2,0,4,1,1,5,1,90,2,2,1,0,1,0,17.0,51.0,deux_roues,voiture,1,1,4,1,3
202200015615,2022-09-09 17:05:00,2022,9,9,17,5,41,41106,Route de Brinon,47.588532,2.040592,Plein jour,Hors agglomération,Hors intersection,Normale,Autre collision,3,2,2,0,1,2,1,0,3,80,1,1,0,0,1,0,57.0,,deux_roues,,1,1,1,1,6
202200015616,2022-02-04 18:30:00,2022,2,4,18,30,10,10323,,48.5278,3.73324,Nuit sans éclairage public,Hors agglomération,Hors intersection,Temps couvert,Deux véhicules - arrière,3,2,2,0,1,1,1,0,1,80,2,2,1,0,0,1,36.0,22.0,voiture,utilitaire_camion,3,1,1,8,2
202200015617,2022-12-17 20:16:00,2022,12,17,20,16,988,98818,ROUTE DE LA BAIE DES DAMES,-22.24231,166.44696,Nuit avec éclairage allumé,En agglomération,Hors intersection,Normale,Autre collision,4,2,2,0,1,1,1,0,1,50,1,3,2,1,0,0,56.0,,voiture,,5,2,1,1,6
202200015618,2022-09-07 14:00:00,2022,9,7,14,0,34,34150,Route de Meze PR 8+490,43.374323,3.533652,Plein jour,Hors agglomération,Hors intersection,Normale,Deux véhicules - côté,3,2,2,0,1,1,1,0,1,80,2,2,1,0,1,0,70.0,53.0,utilitaire_camion,deux_roues,1,1,1,1,3
202200015619,2022-02-05 12:25:00,2022,2,5,12,25,53,53084,10 Rue des Halles,47.847014,-0.950537,Plein jour,En agglomération,Hors intersection,Normale,Autre collision,4,1,2,0,1,1,1,0,1,30,1,2,1,0,1,0,58.0,,voiture,,1,2,1,1,6
202200015620,2022-12-21 06:45:00,2022,12,21,6,45,974,97416,LIGNE PARADIS(ROUTE DE LA),-21.30376,55.46047,Plein jour,En agglomération,Hors intersection,Normale,Deux véhicules - arrière,4,2,2,0,1,1,1,0,1,50,2,2,1,0,0,1,26.0,16.0,voiture,deux_roues,1,2,1,1,2
202200015621,2022-09-09 05:40:00,2022,9,9,5,40,68,68094,D463,47.54832,7.431489,Nuit sans éclairage public,Hors agglomération,Hors intersection,Pluie légère,Sans collision,3,2,2,0,1,4,2,0,3,80,1,1,0,0,1,0,29.0,,deux_roues,,3,1,1,2,7
202200015622,2022-02-05 12:16:00,2022,2,5,12,16,04,04068,RD 13 / RD 513,43.90655,5.785359,Plein jour,Hors agglomération,Intersection à plus de 4 branches,Temps éblouissant,Deux véhicules - frontale,3,2,2,0,1,1,1,5,1,70,2,2,0,0,1,1,51.0,56.0,voiture,deux_roues,1,1,5,7,1
202200015623,2022-12-19 13:20:00,2022,12,19,13,20,974,97416,BADAMIER(CHEMIN),-21.30434,55.45918,Plein jour,Hors agglomération,Hors intersection,Normale,Deux véhicules - frontale,4,2,2,0,1,1,1,0,1,50,2,3,1,0,1,1,25.0,65.0,voiture,voiture,1,1,1,1,1
202200015624,2022-09-09 13:50:00,2022,9,9,13,50,44,44081,l'Épinais,46.910303,-1.56773,Plein jour,Hors agglomération,Hors intersection,Normale,Sans collision,4,2,2,0,1,3,1,0,3,80,1,1,0,1,0,0,19.0,,voiture,,1,1,1,1,7
202200015625,2022-02-05 03:45:00,2022,2,5,3,45,27,27192,D133,49.148131,0.934492,Nuit sans éclairage public,Hors agglomération,Hors intersection,Temps couvert,Autre collision,3,2,2,0,1,1,1,0,1,80,1,2,1,1,0,0,36.0,,voiture,,3,1,1,8,6
202200015626,2022-12-17 16:55:00,2022,12,17,16,55,974,97416,CAMBRAI (LIGNE),-21.2873,55.4724,Plein jour,En agglomération,Hors intersection,Normale,Deux véhicules - côté,4,2,2,0,1,1,1,0,1,30,2,4,2,0,0,2,24.0,43.0,voiture,voiture,1,2,1,1,3
202200015627,2022-09-08 16:15:00,2022,9,8,16,15,44,44075,D35,47.636695,-1.438544,Plein jour,Hors agglomération,Hors intersection,Normale,Deux véhicules - côté,3,2,2,0,1,1,1,0,1,80,2,2,1,0,1,0,17.0,35.0,deux_roues,deux_roues,1,1,1,1,3
202200015628,2022-12-20 08:15:00,2022,12,20,8,15,974,97411,JAURES (BLD 2 JEAN),-20.88995,55.46431,Plein jour,En agglomération,Hors intersection,Normale,Deux véhicules - arrière,2,1,3,1,1,1,1,0,1,50,2,2,1,0,0,1,21.0,27.0,deux_roues,deux_roues,1,2,1,1,2
202200015629,2022-02-04 20:15:00,2022,2,4,20,15,28,28051,37 Rue de Chartres,48.182615,1.387288,Nuit avec éclairage allumé,En agglomération,Hors intersection,Normale,Sans collision,3,2,2,0,1,1,1,0,1,50,1,2,1,0,1,0,17.0,,deux_roues,,5,2,1,1,7
202200015630,2022-09-08 16:30:00,2022,9,8,16,30,29,29146,D24 - Lieu Dit la Trinite,47.918618,-3.815812,Plein jour,Hors agglomération,Intersection en X,Pluie légère,Deux véhicules - côté,3,2,2,0,4,1,2,0,1,80,2,2,0,0,0,2,81.0,36.0,voiture,voiture,1,1,2,2,3
202200015631,2022-02-04 19:25:00,2022,2,4,19,25,30,30138,Route de Bernis,43.797871,4.254295,Plein jour,En agglomération,Hors intersection,Normale,Autre collision,3,2,2,0,1,1,1,9,4,50,1,2,0,0,2,0,26.0,,voiture,,1,2,1,1,6
202200015632,2022-12-19 07:50:00,2022,12,19,7,50,974,97411,LITTORAL (ROUTE 2 DU),-20.89576,55.377,Plein jour,Hors agglomération,Hors intersection,Normale,Deux véhicules - arrière,2,1,2,0,1,4,1,0,1,70,2,6,1,0,0,5,31.0,21.0,voiture,voiture,1,1,1,1,2
202200015633,2022-09-09 16:51:00,2022,9,9,16,51,29,29146,Poulhon,47.90834328,-3.86083553,Plein jour,Hors agglomération,Hors intersection,Normale,Deux véhicules - frontale,3,2,2,0,1,1,1,2,1,-1,2,3,0,0,3,0,34.0,56.0,voiture,voiture,1,1,1,1,1
202200015634,2022-12-18 08:15:00,2022,12,18,8,15,974,97411,LITTORAL (ROUTE 1 DU),-20.8765,55.44155,Plein jour,En agglomération,Hors intersection,Normale,Autre collision,2,1,1,0,1,4,1,0,1,50,1,1,0,0,1,0,26.0,,deux_roues,,1,2,1,1,6
202200015635,2022-02-05 07:10:00,2022,2,5,7,10,69,69234,Autoroute 89,45.872202,4.508643,Nuit avec éclairage non allumé,Hors agglomération,Hors intersection,Normale,Deux véhicules - arrière,1,3,4,0,1,1,2,9,1,30,2,6,0,0,0,6,26.0,27.0,voiture,voiture,4,1,1,1,2
202200015636,2022-09-08 22:09:00,2022,9,8,22,9,03,03002,D54,46.602678,3.183911,Nuit sans éclairage public,Hors agglomération,Hors intersection,Normale,Autre collision,3,2,2,0,1,2,1,0,3,90,1,1,0,0,1,0,50.0,,voiture,,3,1,1,1,6
202200015637,2022-02-05 09:30:00,2022,2,5,9,30,02,02521,A4 PK 68+500,49.035434,3.18537,Plein jour,Hors agglomération,Hors intersection,Normale,Deux véhicules - côté,1,3,4,3,2,1,1,0,1,130,2,2,1,0,1,0,28.0,52.0,utilitaire_camion,voiture,1,1,1,1,3
202200015638,2022-09-08 17:50:00,2022,9,8,17,50,01,01024,route de bourg,46.279814,5.164288,Plein jour,Hors agglomération,Intersection en X,Normale,Deux véhicules - arrière,3,2,2,0,1,1,1,9,1,80,2,2,1,0,0,1,53.0,55.0,voiture,voiture,1,1,2,1,2
202200015639,2022-12-17 09:34:00,2022,12,17,9,34,974,97411,JAURES (BLD 1 JEAN),-20.88833,55.44551,Plein jour,Hors agglomération,Autre intersection,Normale,Trois véhicules et plus - collisions multiples,4,1,3,0,2,1,1,0,1,70,3,5,4,0,0,1,34.0,41.0,voiture,voiture,1,1,9,1,5
202200015640,2022-02-05 04:00:00,2022,2,5,4,0,83,83023,a8,43.4183592892,6.0357470511,Nuit sans éclairage public,Hors agglomération,Hors intersection,Normale,Deux véhicules - arrière,1,1,5,0,1,1,1,0,1,130,2,4,0,0,1,2,55.0,,voiture,voiture,3,1,1,1,2
202200015641,2022-09-08 23:30:00,2022,9,8,23,30,26,26114,Rue des Reymonds,44.521846,5.066921,Nuit sans éclairage public,En agglomération,Hors intersection,Normale,Autre collision,3,2,2,0,1,2,1,0,8,50,1,1,0,0,1,0,48.0,,deux_roues,,3,2,1,1,6
202200015642,2022-12-20 21:00:00,2022,12,20,21,0,974,97409,MASCAREIGNES (Avenue des),-20.94193,55.64753,Nuit avec éclairage allumé,En agglomération,Hors intersection,Normale,Deux véhicules - arrière,4,3,2,0,1,1,1,0,8,50,2,2,1,0,0,1,41.0,20.0,voiture,voiture,5,2,1,1,2
202200015643,2022-02-05 19:20:00,2022,2,5,19,20,988,98811,Rue Auguste Henriot,-21.06213,164.862862,Nuit avec éclairage allumé,En agglomération,Hors intersection,Pluie légère,Autre collision,4,2,2,0,1,1,2,0,1,50,1,2,1,0,1,0,36.0,,voiture,,5,2,1,2,6
202200015644,2022-09-07 09:20:00,2022,9,7,9,20,72,72034,lieu dit le fourneau,48.3835753556,0.0883662698,Plein jour,Hors agglomération,Hors intersection,Normale,Sans collision,3,3,4,0,2,1,1,0,8,90,1,1,0,0,0,1,36.0,,voiture,,1,1,1,1,7
202200015645,2022-02-05 11:30:00,2022,2,5,11,30,976,97607,Ironi Be,-12.823706,45.194921,Plein jour,Hors agglomération,Hors intersection,Normale,Deux véhicules - côté,2,2,2,0,2,1,1,0,1,70,2,2,1,0,0,1,49.0,25.0,voiture,deux_roues,1,1,1,1,3
202200015646,2022-12-19 20:00:00,2022,12,19,20,0,974,97407,DE GAULLE(RUE),-20.94059,55.29543,Nuit avec éclairage allumé,En agglomération,Intersection en X,Normale,Deux véhicules - côté,4,1,1,0,2,1,1,0,1,50,2,2,1,0,0,1,31.0,23.0,deux_roues,voiture,5,2,2,1,3
202200015647,2022-09-08 16:15:00,2022,9,8,16,15,14,14538,D89,49.124082628,-0.3239893913,Plein jour,En agglomération,Autre intersection,Temps éblouissant,Deux véhicules - côté,3,2,2,0,1,2,1,0,1,80,2,3,2,0,0,1,68.0,34.0,voiture,voiture,1,2,9,7,3
202200015648,2022-02-04 18:45:00,2022,2,4,18,45,971,97107,Rue de Cacoville,16.037563,-61.589201,Nuit sans éclairage public,En agglomération,Autre intersection,Normale,Deux véhicules - frontale,4,2,2,0,2,1,1,0,1,50,2,2,1,0,1,0,23.0,18.0,voiture,autre,3,2,9,1,1
202200015649,2022-12-19 23:40:00,2022,12,19,23,40,973,97302,FELIX EBOUE (Rue),4.9302561706,-52.3196491599,Nuit avec éclairage allumé,En agglomération,Hors intersection,Normale,Sans collision,4,1,1,0,1,1,1,0,1,50,1,1,0,0,0,1,51.0,,autre,,5,2,1,1,7
202200015650,2022-02-04 13:35:00,2022,2,4,13,35,77,77274,D401 / D38,49.033092,2.896526,Plein jour,Hors agglomération,Intersection en X,Normale,Deux véhicules - côté,3,2,2,0,1,1,1,0,1,90,2,2,1,0,1,0,20.0,60.0,deux_roues,utilitaire_camion,1,1,2,1,3
202200015651,2022-09-09 16:50:00,2022,9,9,16,50,14,14500,D48,49.2525543701,0.2099590492,Plein jour,Hors agglomération,Intersection en T,Normale,Deux véhicules - frontale,3,2,2,0,1,1,1,0,1,80,2,3,2,0,1,0,17.0,66.0,deux_roues,utilitaire_camion,1,1,3,1,1
202200015652,2022-12-19 14:00:00,2022,12,19,14,0,973,97302,MONNERVILLE (AVENUE GASTON),4.9366362203,-52.3340432346,Plein jour,En agglomération,Hors intersection,Pluie légère,Autre collision,4,1,1,0,1,1,2,0,1,50,1,2,1,0,0,1,21.0,,voiture,,1,2,1,2,6
202200015653,2022-02-05 16:45:00,2022,2,5,16,45,66,66227,D39,42.641204,2.907933,Plein jour,En agglomération,Hors intersection,Normale,Autre collision,3,2,2,0,1,1,1,9,1,30,1,2,1,1,0,0,57.0,,voiture,,1,2,1,1,6
202200015654,2022-09-23 15:20:00,2022,9,23,15,20,50,50197,Route du 30 Juillet,48.861066,-1.3859,Plein jour,Hors agglomération,Hors intersection,Pluie légère,Deux véhicules - frontale,3,2,1,0,1,2,2,0,1,80,2,2,1,0,1,0,26.0,37.0,voiture,voiture,1,1,1,2,1
202200015655,2022-12-19 09:30:00,2022,12,19,9,30,973,97302,MARINGOUINS (ROND-POINT),4.9078085981,-52.3225057125,Plein jour,Hors agglomération,Giratoire,Pluie légère,Deux véhicules - côté,2,2,2,0,1,2,2,5,1,50,2,2,1,0,1,0,61.0,36.0,voiture,deux_roues,1,1,6,2,3
202200015656,2022-02-04 19:40:00,2022,2,4,19,40,83,83099,,43.4592661787,6.6676282883,Nuit sans éclairage public,En agglomération,Hors intersection,Normale,Deux véhicules - arrière,3,2,3,0,3,1,1,0,1,50,2,2,1,0,1,0,26.0,35.0,voiture,deux_roues,3,2,1,1,2
202200015657,2022-09-08 20:35:00,2022,9,8,20,35,60,60043,Rue de l'Equipée,49.500604,2.976404,Nuit sans éclairage public,En agglomération,Hors intersection,Pluie forte,Sans collision,3,2,2,0,1,1,2,0,1,50,1,1,0,0,1,0,32.0,,deux_roues,,3,2,1,3,7
202200015658,2022-02-04 19:55:00,2022,2,4,19,55,83,83107,DN 7,43.467513,6.608706,Nuit sans éclairage public,Hors agglomération,Hors intersection,Normale,Autre collision,3,2,3,0,1,1,1,0,8,80,1,2,0,0,2,0,22.0,,deux_roues,,3,1,1,1,6
202200015659,2022-12-18 20:30:00,2022,12,18,20,30,973,97302,MONTABO (ROUTE DE) 1,4.94034,-52.30184,Nuit avec éclairage allumé,En agglomération,Hors intersection,Normale,Deux véhicules - côté,3,2,2,0,1,1,1,0,1,50,2,2,1,0,0,1,42.0,40.0,voiture,voiture,5,2,1,1,3
202200015660,2022-02-04 19:20:00,2022,2,4,19,20,13,13022,D559,43.221291,5.580003,Crépuscule ou aube,Hors agglomération,Hors intersection,Normale,Deux véhicules - côté,3,2,2,0,2,1,1,0,1,80,2,3,2,1,0,0,54.0,70.0,deux_roues,voiture,2,1,1,1,3
202200015661,2022-09-06 17:33:00,2022,9,6,17,33,64,64495,Route de Sare,43.338843,-1.550424,Plein jour,En agglomération,Intersection en Y,Normale,Deux véhicules - frontale,3,2,2,3,2,2,1,5,6,50,2,2,1,0,1,0,47.0,54.0,voiture,deux_roues,1,2,4,1,1
202200015662,2022-12-16 13:20:00,2022,12,16,13,20,973,97302,BOULEVARD DES CITES,4.9192462653,-52.3175945878,Plein jour,En agglomération,Intersection en T,Normale,Deux véhicules - côté,3,2,2,0,1,1,1,0,1,50,2,3,1,0,0,2,57.0,35.0,deux_roues,voiture,1,2,3,1,3
202200015663,2022-02-05 08:45:00,2022,2,5,8,45,52,52353,Rue de Verdun,48.024667,5.335917,Plein jour,En agglomération,Hors intersection,Autre,Autre collision,3,2,2,0,2,1,7,0,1,50,1,2,1,0,1,0,36.0,,voiture,,1,2,1,9,6
202200015664,2022-09-07 17:30:00,2022,9,7,17,30,36,36124,,46.724766053,1.3216745853,Plein jour,Hors agglomération,Hors intersection,Temps couvert,Autre collision,3,2,2,0,1,1,1,0,3,80,1,2,1,0,1,0,38.0,,utilitaire_camion,,1,1,1,8,6
202200015665,2022-12-21 18:10:00,2022,12,21,18,10,69,69383,Rue Pierre Corneille,45.7604,4.84446,Nuit avec éclairage allumé,En agglomération,Hors intersection,Normale,Trois véhicules et plus - collisions multiples,4,1,1,2,1,1,1,0,1,30,4,4,3,0,0,1,29.0,28.0,voiture,voiture,5,2,1,1,5
202200015666,2022-02-05 15:45:00,2022,2,5,15,45,67,67474,D28,48.9273,7.900457,Plein jour,Hors agglomération,Intersection en T,Normale,Deux véhicules - côté,3,4,2,0,2,1,1,5,1,80,2,2,1,0,1,0,35.0,16.0,voiture,deux_roues,1,1,3,1,3
202200015667,2022-09-07 19:50:00,2022,9,7,19,50,21,21496,50 Rue de Bourgogne,47.297611,5.406069,Crépuscule ou aube,En agglomération,Hors intersection,Temps couvert,Deux véhicules - frontale,3,2,2,0,1,1,1,0,1,50,2,3,2,0,1,0,21.0,76.0,voiture,voiture,2,2,1,8,1
202200015668,2022-12-20 19:30:00,2022,12,20,19,30,69,69386,Avenue Verguin,45.7727,4.85712,Nuit avec éclairage allumé,En agglomération,Hors intersection,Normale,Deux véhicules - côté,4,2,4,0,1,1,1,0,1,50,2,3,2,0,0,1,32.0,41.0,deux_roues,voiture,5,2,1,1,3
202200015669,2022-09-08 23:00:00,2022,9,8,23,0,85,85307,9 Boulevard de la forêt,46.33155,-1.327392,Nuit sans éclairage public,En agglomération,Hors intersection,Normale,Autre collision,4,2,2,0,1,1,1,0,1,50,1,1,0,0,1,0,59.0,,deux_roues,,3,2,1,1,6
202200015670,2022-02-04 14:20:00,2022,2,4,14,20,67,67130,RD 426,48.412034,7.653689,Plein jour,Hors agglomération,Giratoire,Normale,Autre collision,3,1,1,0,1,3,1,5,3,80,1,1,0,0,1,0,43.0,,voiture,,1,1,6,1,6
202200015671,2022-12-20 18:00:00,2022,12,20,18,0,69,69386,Rue Boileau,45.7691809838,4.8489797116,Nuit avec éclairage allumé,En agglomération,Intersection en X,Normale,Deux véhicules - côté,4,1,1,2,1,1,1,0,1,50,2,2,1,0,1,0,43.0,39.0,deux_roues,voiture,5,2,2,1,3
202200015672,2022-09-02 08:00:00,2022,9,2,8,0,85,85047,VC rue de la bloire,46.8357896,-1.85466371,Plein jour,En agglomération,Intersection en Y,Temps éblouissant,Deux véhicules - arrière,4,2,2,0,1,2,1,0,1,50,2,3,2,0,1,0,33.0,15.0,utilitaire_camion,deux_roues,1,2,4,7,2
202200015673,2022-09-07 21:15:00,2022,9,7,21,15,37,37179,D910,47.474113,0.757037,Nuit sans éclairage public,Hors agglomération,Hors intersection,Pluie légère,Deux véhicules - arrière,7,2,2,0,1,1,2,2,1,90,2,2,1,0,1,0,35.0,22.0,deux_roues,utilitaire_camion,3,1,1,2,2
202200015674,2022-02-05 19:45:00,2022,2,5,19,45,74,74229,D1206,46.234827,6.317664,Nuit avec éclairage non allumé,Hors agglomération,Hors intersection,Normale,Deux véhicules - arrière,3,3,4,0,1,1,1,0,1,110,2,2,0,0,2,0,23.0,50.0,voiture,voiture,4,1,1,1,2
202200015675,2022-12-19 20:29:00,2022,12,19,20,29,69,69383,Rue Saint Victorien,45.76151,4.86987,Nuit avec éclairage allumé,En agglomération,Intersection en T,Normale,Autre collision,4,2,2,0,1,1,1,0,1,50,1,2,1,0,1,0,30.0,,voiture,,5,2,3,1,6
202200015676,2022-09-01 20:30:00,2022,9,1,20,30,88,88351,Avenue de Remiremont,47.966875,6.464177,Nuit avec éclairage allumé,En agglomération,Hors intersection,Normale,Deux véhicules - frontale,3,2,2,0,1,1,1,0,1,50,1,1,0,0,1,0,53.0,,deux_roues,,5,2,1,1,1
202200015677,2022-09-01 11:10:00,2022,9,1,11,10,06,06085,1398 Avenue de Pibonson,43.58932,6.977713,Plein jour,En agglomération,Hors intersection,Normale,Deux véhicules - côté,3,2,1,0,3,1,1,0,1,50,2,3,2,0,0,1,73.0,17.0,voiture,deux_roues,1,2,1,1,3
202200015678,2022-12-19 16:30:00,2022,12,19,16,30,69,69383,Avenue Félix Faure,45.7532887893,4.8561635613,Crépuscule ou aube,En agglomération,Intersection en T,Normale,Deux véhicules - côté,4,1,1,3,1,1,1,0,1,30,2,2,1,0,0,1,41.0,24.0,deux_roues,voiture,2,2,3,1,3
202200015679,2022-09-09 13:55:00,2022,9,9,13,55,38,38212,D1091,45.069641,5.870401,Plein jour,Hors agglomération,Hors intersection,Normale,Sans collision,3,2,2,2,2,1,1,0,1,90,2,2,1,0,1,0,50.0,56.0,utilitaire_camion,deux_roues,1,1,1,1,7
202200015680,2022-09-01 01:40:00,2022,9,1,1,40,987,98714,Nunue,-16.498785,-151.700059,Nuit avec éclairage allumé,Hors agglomération,Hors intersection,Normale,Deux véhicules - côté,2,2,2,0,1,1,1,0,1,50,2,3,2,0,1,0,21.0,22.0,deux_roues,deux_roues,5,1,1,1,3
202200015681,2022-09-08 07:05:00,2022,9,8,7,5,973,97305,Route Nationale 1,5.011218,-52.470306,Plein jour,En agglomération,Hors intersection,Normale,Deux véhicules - côté,2,2,2,0,1,1,1,0,1,50,2,2,1,0,1,0,23.0,50.0,deux_roues,deux_roues,1,2,1,1,3
202200015682,2022-09-08 23:00:00,2022,9,8,23,0,971,97129,Le Comte de Loheac,16.341308,-61.717329,Nuit sans éclairage public,Hors agglomération,Hors intersection,Normale,Deux véhicules - frontale,2,2,2,0,1,1,1,0,1,80,2,2,0,1,1,0,58.0,38.0,voiture,voiture,3,1,1,1,1
202200015683,2022-09-09 07:20:00,2022,9,9,7,20,28,28377,D928,48.837662,1.423277,Crépuscule ou aube,Hors agglomération,Hors intersection,Temps couvert,Deux véhicules - frontale,3,2,2,0,1,1,1,0,1,80,2,3,2,1,0,0,44.0,37.0,utilitaire_camion,voiture,2,1,1,8,1
202200015684,2022-09-08 18:37:00,2022,9,8,18,37,77,77273,D41,49.050076,2.771602,Plein jour,En agglomération,Intersection en T,Normale,Autre collision,3,2,2,0,1,1,1,0,1,50,1,3,2,0,0,1,19.0,,voiture,,1,2,3,1,6
202200015685,2022-09-05 11:35:00,2022,9,5,11,35,77,77283,D405,49.071736,3.020536,Plein jour,En agglomération,Hors intersection,Normale,Deux véhicules - frontale,3,2,2,0,1,1,1,0,1,50,2,2,1,0,0,1,26.0,28.0,utilitaire_camion,utilitaire_camion,1,2,1,1,1
202200015686,2022-09-08 17:00:00,2022,9,8,17,0,77,77415,D19,48.925827,3.001542,Plein jour,Hors agglomération,Intersection en T,Temps couvert,Deux véhicules - arrière,3,2,2,0,1,1,2,5,1,80,2,2,1,0,0,1,46.0,46.0,voiture,voiture,1,1,3,8,2
202200015687,2022-09-08 17:10:00,2022,9,8,17,10,66,66227,D39,42.648338,2.890316,Plein jour,Hors agglomération,Intersection en X,Normale,Deux véhicules - frontale,3,2,2,0,1,4,1,5,1,80,2,2,1,0,0,1,17.0,59.0,deux_roues,utilitaire_camion,1,1,2,1,1
202200015688,2022-09-09 15:08:00,2022,9,9,15,8,84,84054,Départementale 938,43.881624,5.039742,Plein jour,Hors agglomération,Hors intersection,Normale,Deux véhicules - frontale,3,2,2,0,1,1,1,0,1,80,2,3,0,0,0,3,36.0,34.0,voiture,voiture,1,1,1,1,1
202200015689,2022-09-09 06:54:00,2022,9,9,6,54,06,06146,M2205,43.931992,7.175188,Crépuscule ou aube,Hors agglomération,Hors intersection,Normale,Deux véhicules - côté,9,2,2,0,1,2,1,0,1,80,1,1,0,0,0,1,26.0,,deux_roues,,2,1,1,1,3
202200015690,2022-09-08 15:44:00,2022,9,8,15,44,13,13110,Chemin Carraire de l'Arnavés,43.464924,5.714688,Plein jour,Hors agglomération,Hors intersection,Normale,Deux véhicules - frontale,4,2,2,0,1,3,1,0,1,50,2,2,0,0,1,1,22.0,22.0,utilitaire_camion,deux_roues,1,1,1,1,1
202200015691,2022-09-08 08:10:00,2022,9,8,8,10,13,13015,1387 RD8N,43.426448,5.388139,Plein jour,En agglomération,Hors intersection,Normale,Autre collision,3,2,2,0,1,1,1,9,1,50,1,2,0,0,0,2,25.0,,deux_roues,,1,2,1,1,6
202200015692,2022-09-06 16:30:00,2022,9,6,16,30,42,42147,Rue de Beauregard,45.609234,4.057302,Plein jour,En agglomération,Hors intersection,Pluie forte,Autre collision,3,2,2,0,1,1,2,0,1,50,1,2,1,0,0,1,15.0,,voiture,,1,2,1,3,6
202200015693,2022-09-08 11:15:00,2022,9,8,11,15,38,38298,Montée de Louze,45.382477,4.798805,Plein jour,En agglomération,Hors intersection,Normale,Deux véhicules - arrière,2,2,2,0,2,1,1,0,1,50,2,2,1,0,0,1,21.0,37.0,deux_roues,voiture,1,2,1,1,2
202200015694,2022-09-09 13:05:00,2022,9,9,13,5,38,38374,Le Rondeau,45.663224,5.326803,Plein jour,Hors agglomération,Hors intersection,Normale,Deux véhicules - frontale,3,2,2,0,2,3,1,0,1,70,2,2,1,0,1,0,48.0,20.0,voiture,voiture,1,1,1,1,1
202200015695,2022-09-08 15:20:00,2022,9,8,15,20,69,69023,Route Départementale 19,46.029046,4.649405,Plein jour,Hors agglomération,Hors intersection,Normale,Deux véhicules - arrière,3,2,2,0,2,1,1,0,1,80,2,2,1,0,1,0,66.0,71.0,voiture,deux_roues,1,1,1,1,2