accident_id,datetime,annee,mois,jour,heure,minute,departement,commune_insee,adresse,latitude,longitude,luminosite,agglomeration,intersection,meteo,collision,catr,circ,nbv,vosp,prof,plan,surf,infra,situ,vma,nb_vehicules,nb_usagers,nb_indemnes,nb_tues,nb_blesses_hosp,nb_blesses_legers,age_cond_1,age_cond_2,veh_type_cond_1,veh_type_cond_2,lum_code,agg_code,int_code,atm_code,col_code
202200015696,2022-09-06 19:35:00,2022,9,6,19,35,17,17297,Pont,46.166119,-1.252517,Plein jour,Hors agglomération,Hors intersection,Normale,Autre collision,3,2,2,1,1,1,1,2,5,20,1,2,1,0,1,0,26.0,,deux_roues,,1,1,1,1,6
202200015697,2022-08-06 15:05:00,2022,8,6,15,5,14,14325,D514,49.2958481584,-0.2974194288,Plein jour,En agglomération,Intersection en X,Normale,Deux véhicules - côté,3,2,1,0,1,1,1,0,1,50,2,2,1,0,0,1,44.0,44.0,deux_roues,voiture,1,2,2,1,3
202200015698,2022-09-09 15:40:00,2022,9,9,15,40,22,22198,Route départementale 21,48.777941,-3.527169,Plein jour,Hors agglomération,Hors intersection,Normale,Deux véhicules - frontale,3,2,2,0,2,3,1,0,1,80,2,3,2,0,1,0,74.0,39.0,voiture,deux_roues,1,1,1,1,1
202200015699,2022-09-09 01:00:00,2022,9,9,1,0,60,60341,D9e1,49.0851335732,2.7642650306,Nuit sans éclairage public,Hors agglomération,Hors intersection,Normale,Sans collision,3,2,2,0,1,3,2,0,8,80,1,1,0,0,0,1,27.0,,voiture,,3,1,1,1,7
202200015700,2022-09-08 19:20:00,2022,9,8,19,20,59,59312,Rue d'Ossu,50.020783,3.196077,Crépuscule ou aube,En agglomération,Hors intersection,Pluie légère,Autre collision,4,2,2,0,1,3,2,0,3,50,1,1,0,0,1,0,35.0,,voiture,,2,2,1,2,6
202200015701,2022-09-09 02:30:00,2022,9,9,2,30,59,59168,D90,50.5565496434,3.210169673,Nuit sans éclairage public,Hors agglomération,Hors intersection,Normale,Autre collision,3,2,2,0,1,3,1,0,3,-1,1,1,0,0,1,0,33.0,,voiture,,3,1,1,1,6
202200015702,2022-09-07 15:00:00,2022,9,7,15,0,83,83137,A50 TUNNEL TUBE SUD,43.1273125598,5.9176687002,Plein jour,En agglomération,Autre intersection,Normale,Deux véhicules - arrière,1,1,2,0,1,1,1,1,1,70,2,2,0,0,0,2,40.0,56.0,voiture,deux_roues,1,2,9,1,2
202200015703,2022-09-06 08:30:00,2022,9,6,8,30,33,33448,AUTOROUTE A 62,44.715004,-0.518177,Plein jour,Hors agglomération,Hors intersection,Normale,Deux véhicules - arrière,1,3,4,0,1,1,1,0,1,130,2,2,1,0,0,1,34.0,42.0,utilitaire_camion,voiture,1,1,1,1,2
202200015704,2022-09-08 16:40:00,2022,9,8,16,40,92,92019,RN 385 Extèrieure,48.7663930838,2.2446641971,Plein jour,Hors agglomération,Hors intersection,Normale,Sans collision,2,2,4,0,1,1,1,0,1,110,1,1,0,0,0,1,24.0,,deux_roues,,1,1,1,1,7
202200015705,2022-09-07 14:45:00,2022,9,7,14,45,91,91174,RN 104,48.61065,2.44495,Plein jour,Hors agglomération,Hors intersection,Pluie légère,Deux véhicules - côté,2,1,3,0,1,1,2,0,1,90,2,6,1,0,0,5,37.0,52.0,voiture,utilitaire_camion,1,1,1,2,3
202200015706,2022-09-08 19:00:00,2022,9,8,19,0,78,78297,RN12,48.792567,2.054185,Plein jour,Hors agglomération,Hors intersection,Normale,Deux véhicules - arrière,2,-1,2,0,1,1,1,0,1,90,2,2,1,0,1,0,28.0,28.0,deux_roues,deux_roues,1,1,1,1,2
202200015707,2022-09-08 19:00:00,2022,9,8,19,0,93,93001,AUTOROUTE A86,48.9209477807,2.3716716074,Plein jour,Hors agglomération,Hors intersection,Normale,Deux véhicules - côté,1,3,8,0,3,2,1,0,1,90,2,2,1,0,0,1,53.0,20.0,deux_roues,voiture,1,1,1,1,3
202200015708,2022-09-08 16:30:00,2022,9,8,16,30,93,93066,AUTOROUTE A1,48.9237309191,2.3569409743,Plein jour,Hors agglomération,Autre intersection,Normale,Deux véhicules - arrière,1,3,8,0,1,1,1,3,2,90,2,2,1,0,0,1,43.0,48.0,utilitaire_camion,deux_roues,1,1,9,1,2
202200015709,2022-09-08 13:00:00,2022,9,8,13,0,93,93066,AUTOROUTE A1,48.909,2.35868,Plein jour,Hors agglomération,Hors intersection,Normale,Deux véhicules - arrière,1,3,10,0,1,1,1,1,1,90,2,2,1,0,0,1,45.0,50.0,voiture,voiture,1,1,1,1,2
202200015710,2022-09-08 21:05:00,2022,9,8,21,5,77,77181,A4,48.830622,2.693169,Nuit sans éclairage public,Hors agglomération,Hors intersection,Normale,Deux véhicules - arrière,1,3,3,0,1,1,1,0,1,110,2,2,1,0,0,1,60.0,30.0,voiture,voiture,3,1,1,1,2
202200015711,2022-09-07 08:15:00,2022,9,7,8,15,77,77363,A104,48.911388,2.636039,Plein jour,Hors agglomération,Hors intersection,Normale,Trois véhicules et plus - collisions multiples,1,1,3,0,1,1,1,0,1,90,5,6,3,0,0,3,46.0,33.0,voiture,voiture,1,1,1,1,5
202200015712,2022-09-07 07:15:00,2022,9,7,7,15,77,77169,RN104,48.820476,2.615864,Crépuscule ou aube,Hors agglomération,Hors intersection,Normale,Autre collision,2,1,4,0,1,3,9,3,1,90,1,1,0,0,0,1,56.0,,deux_roues,,2,1,1,1,6
202200015713,2022-09-06 15:00:00,2022,9,6,15,0,83,83126,PEYRE (BD ETIENNE),43.1082,5.87948,Plein jour,En agglomération,Hors intersection,Normale,Autre collision,4,3,2,0,1,1,1,9,4,50,1,3,0,0,1,2,18.0,,voiture,,1,2,1,1,6
202200015714,2022-09-06 14:20:00,2022,9,6,14,20,66,66136,,42.726741946,2.9005622864,Plein jour,Hors agglomération,Giratoire,Normale,Autre collision,4,3,2,0,1,1,1,0,5,70,2,2,1,0,0,1,28.0,59.0,deux_roues,voiture,1,1,6,1,6
202200015715,2022-09-05 18:00:00,2022,9,5,18,0,987,98735,PRINCE HINOI (AVENUE),-17.534093,-149.561683,Crépuscule ou aube,En agglomération,Hors intersection,Normale,Deux véhicules - côté,9,3,4,0,1,1,1,0,1,50,2,2,1,0,1,0,36.0,26.0,deux_roues,utilitaire_camion,2,2,1,1,3
202200015716,2022-09-07 10:00:00,2022,9,7,10,0,974,97416,RN1 (ROUTE NATIONALE),-21.32977,55.45367,Plein jour,Hors agglomération,Autre intersection,Normale,Trois véhicules et plus - en chaîne,2,1,2,0,1,1,1,0,1,110,3,4,3,0,1,0,66.0,26.0,voiture,utilitaire_camion,1,1,9,1,4
202200015717,2022-09-07 13:40:00,2022,9,7,13,40,974,97411,GUIGNARD (MEZIAIRES),-20.89493,55.48175,Plein jour,Hors agglomération,Hors intersection,Normale,Sans collision,4,2,2,0,1,1,1,0,1,50,1,1,0,0,0,1,35.0,,deux_roues,,1,1,1,1,7
202200015718,2022-09-07 00:45:00,2022,9,7,0,45,973,97302,MONTABO (ROUTE DE) 1,4.93272,-52.29049,Nuit avec éclairage non allumé,En agglomération,Hors intersection,Normale,Autre collision,3,2,2,0,1,3,1,0,1,50,1,4,3,1,0,0,20.0,,voiture,,4,2,1,1,6
202200015719,2022-09-07 13:35:00,2022,9,7,13,35,69,69388,Rue de l'Epargne,45.7417348039,4.8603187502,Plein jour,En agglomération,Intersection en Y,Normale,Autre collision,4,1,2,2,1,1,1,0,1,30,1,2,1,0,1,0,32.0,,voiture,,1,2,4,1,6
202200015720,2022-09-07 17:00:00,2022,9,7,17,0,972,97213,AUTOROUTE A1,14.61788,-61.02629,Plein jour,Hors agglomération,Hors intersection,Normale,Trois véhicules et plus - collisions multiples,1,1,3,0,1,1,1,0,1,90,3,6,2,0,0,4,39.0,27.0,voiture,voiture,1,1,1,1,5
202200015721,2022-09-07 09:27:00,2022,9,7,9,27,972,97213,ROUTE DEPARTEMENTALE 15,14.62139,-61.00648,Plein jour,En agglomération,Autre intersection,Normale,Sans collision,3,3,2,0,1,1,1,9,1,70,1,5,4,0,0,1,34.0,,transport_commun,,1,2,9,1,7
202200015722,2022-09-08 00:20:00,2022,9,8,0,20,69,69389,Rue Marietton,45.77642,4.79663,Nuit avec éclairage allumé,En agglomération,Intersection en T,Autre,Autre collision,4,2,3,0,1,2,2,0,1,50,1,1,0,0,0,1,75.0,,voiture,,5,2,3,9,6
202200015723,2022-09-06 19:05:00,2022,9,6,19,5,971,97107,FLAMBOYANTS ( ALLEE DES ),16.0518572396,-61.5649312735,Nuit avec éclairage allumé,En agglomération,Intersection en T,Normale,Autre collision,2,2,2,0,1,1,1,0,1,50,1,2,1,0,0,1,34.0,,voiture,,5,2,3,1,6
202200015724,2022-09-07 10:25:00,2022,9,7,10,25,2A,2A004,MAILLOT HENRI BD,41.9261,8.72867,Plein jour,En agglomération,Intersection en X,Normale,Deux véhicules - arrière,4,2,2,0,2,3,1,0,1,50,2,2,1,0,0,1,31.0,81.0,voiture,voiture,1,2,2,1,2
202200015725,2022-09-07 20:20:00,2022,9,7,20,20,95,95280,Avenue de la Gare,49.0156,2.46994,Nuit sans éclairage public,En agglomération,Hors intersection,Temps couvert,Deux véhicules - côté,3,3,3,0,2,1,1,0,1,50,2,4,2,0,0,2,23.0,28.0,voiture,voiture,3,2,1,8,3
202200015726,2022-09-07 19:30:00,2022,9,7,19,30,95,95428,Avenue de Domont,49.0078802297,2.3140007257,Crépuscule ou aube,En agglomération,Hors intersection,Pluie légère,Autre collision,3,2,2,0,1,1,2,0,1,50,1,2,1,0,1,0,77.0,,voiture,,2,2,1,2,6
202200015727,2022-09-07 17:10:00,2022,9,7,17,10,91,91691,RENE COTY(RUE),48.71856,2.48868,Plein jour,En agglomération,Hors intersection,Pluie légère,Deux véhicules - arrière,4,2,2,0,2,1,2,0,1,30,2,2,1,0,0,1,76.0,48.0,voiture,deux_roues,1,2,1,2,2
202200015728,2022-09-06 20:05:00,2022,9,6,20,5,91,91114,PL DE LA PYRAMIDE,48.683344,2.490604,Nuit avec éclairage allumé,Hors agglomération,Hors intersection,Normale,Autre collision,4,-1,4,0,1,1,1,0,1,50,1,2,1,0,0,1,21.0,,voiture,,5,1,1,1,6
202200015729,2022-09-07 19:50:00,2022,9,7,19,50,91,91027,AV DE LA REPUBLIQUE,48.71049,2.38851,Crépuscule ou aube,En agglomération,Intersection en X,Pluie forte,Deux véhicules - côté,3,2,2,0,1,1,2,0,1,30,2,4,1,0,0,3,24.0,25.0,voiture,voiture,2,2,2,3,3
202200015730,2022-09-07 18:09:00,2022,9,7,18,9,91,91326,COUR DE FRANCE (AVENUE DE LA),48.69407,2.3712,Plein jour,En agglomération,Hors intersection,Pluie légère,Autre collision,3,3,4,0,1,1,2,0,1,50,1,2,1,0,0,1,,,utilitaire_camion,,1,2,1,2,6
202200015731,2022-09-06 17:26:00,2022,9,6,17,26,87,87114,LIBERATION (AVENUE DE LA),45.82673,1.29144,Plein jour,En agglomération,Intersection en T,Pluie légère,Deux véhicules - côté,3,2,2,0,1,1,2,5,1,50,2,2,1,0,0,1,71.0,50.0,voiture,voiture,1,2,3,2,3
202200015732,2022-04-24 14:15:00,2022,4,24,14,15,94,94041,Rue Westermeyer,48.81833,2.39536,Plein jour,En agglomération,Intersection en T,Normale,Deux véhicules - côté,3,1,2,0,1,1,1,9,4,30,2,2,1,0,0,1,65.0,49.0,deux_roues,utilitaire_camion,1,2,3,1,3
202200015733,2022-09-06 12:00:00,2022,9,6,12,0,85,85194,RD32A,46.46662,-1.73148,Plein jour,En agglomération,Intersection en T,Pluie légère,Deux véhicules - côté,3,-1,2,0,1,1,2,0,1,50,2,2,1,0,1,0,86.0,67.0,voiture,deux_roues,1,2,3,2,3
202200015734,2022-04-24 21:10:00,2022,4,24,21,10,93,93071,Rue Gabriel Péri,48.94715,2.53294,Nuit avec éclairage allumé,En agglomération,Hors intersection,Normale,Autre collision,4,2,2,0,1,1,1,6,1,50,1,2,1,0,0,1,27.0,,voiture,,5,2,1,1,6
202200015735,2022-09-07 06:45:00,2022,9,7,6,45,83,83137,BLACHE (PLACE NOEL),43.12415,5.93612,Crépuscule ou aube,En agglomération,Place,Normale,Autre collision,4,2,6,3,1,1,1,0,1,50,1,2,1,0,1,0,22.0,,voiture,,2,2,7,1,6
202200015736,2022-09-05 08:20:00,2022,9,5,8,20,83,83050,MURAIRE(BOULEVARD COMTE),43.532547,6.467411,Plein jour,En agglomération,Hors intersection,Normale,Autre collision,4,-1,2,0,1,1,1,0,8,50,1,2,1,0,0,1,21.0,,voiture,,1,2,1,1,6
202200015737,2022-04-24 21:00:00,2022,4,24,21,0,93,93064,Boulevard d'Alsace-lorraine / Rue Jean Mermoz,48.88306,2.49183,Nuit avec éclairage allumé,En agglomération,Intersection en X,Normale,Deux véhicules - frontale,3,3,4,0,1,1,1,0,1,50,2,2,1,0,0,1,59.0,36.0,voiture,voiture,5,2,2,1,1
202200015738,2022-09-05 12:02:00,2022,9,5,12,2,83,83050,POMPIDOU(VOIE  GEORGES),43.531344,6.449557,Plein jour,En agglomération,Autre intersection,Normale,Deux véhicules - frontale,4,-1,2,0,1,1,1,0,1,50,2,2,1,0,1,0,61.0,23.0,deux_roues,utilitaire_camion,1,2,9,1,1
202200015739,2022-09-05 16:20:00,2022,9,5,16,20,72,72181,BOLLEE (AV) N° IMP 201 A 255,47.99729,0.21708,Plein jour,En agglomération,Hors intersection,Normale,Deux véhicules - arrière,4,2,2,0,1,1,1,0,1,50,2,2,1,0,0,1,41.0,26.0,voiture,utilitaire_camion,1,2,1,1,2
202200015740,2022-04-23 22:30:00,2022,4,23,22,30,93,93027,Avenue Henri Barbusse,48.93201,2.39183,Nuit avec éclairage allumé,En agglomération,Hors intersection,Normale,Deux véhicules - côté,3,2,2,0,1,2,1,0,1,50,2,2,1,0,0,1,34.0,34.0,voiture,transport_commun,5,2,1,1,3
202200015741,2022-09-05 13:15:00,2022,9,5,13,15,72,72181,EDISON THOMAS (RUE),48.0249166137,0.1789140699,Plein jour,En agglomération,Hors intersection,Normale,Deux véhicules - côté,4,2,2,2,1,3,1,0,5,50,2,2,1,0,0,1,18.0,51.0,deux_roues,utilitaire_camion,1,2,1,1,3
202200015742,2022-04-24 22:20:00,2022,4,24,22,20,93,93057,Allée Edouard Vaillant / Allée du Chevalier de la Barre,48.90823,2.50485,Nuit avec éclairage allumé,En agglomération,Intersection en T,Normale,Deux véhicules - côté,4,1,1,0,1,1,1,0,1,50,2,3,2,0,0,1,29.0,29.0,voiture,voiture,5,2,3,1,3
202200015743,2022-09-05 08:50:00,2022,9,5,8,50,72,72181,PATTON GENERAL RTE ST-AUBIN A RUE KLOTZ,48.02087,0.16942,Plein jour,Hors agglomération,Autre intersection,Pluie légère,Autre collision,3,3,4,0,1,1,2,0,1,90,3,3,1,0,0,2,41.0,41.0,voiture,voiture,1,1,9,2,6
202200015744,2022-09-04 19:20:00,2022,9,4,19,20,71,71076,LARDY (AVENUE PIERRE),46.79089,4.86204,Plein jour,En agglomération,Giratoire,Normale,Autre collision,4,1,1,0,1,3,1,5,1,50,1,2,1,0,1,0,35.0,,voiture,,1,2,6,1,6
202200015745,2022-04-24 07:00:00,2022,4,24,7,0,93,93008,Av du President Salvador Allende,48.903,2.445531,Crépuscule ou aube,En agglomération,Hors intersection,Normale,Autre collision,3,3,2,0,1,2,1,0,1,50,1,3,2,0,0,1,23.0,,voiture,,2,2,1,1,6
202200015746,2022-09-07 08:05:00,2022,9,7,8,5,69,69092,Route d’Epinay,46.00339,4.68596,Plein jour,En agglomération,Hors intersection,Normale,Sans collision,4,2,2,0,4,1,1,0,1,50,1,1,0,0,0,1,50.0,,voiture,,1,2,1,1,7
202200015747,2022-04-24 01:20:00,2022,4,24,1,20,93,93053,Rue du Parc / Rue de Paris,48.89844,2.44222,Nuit avec éclairage allumé,En agglomération,Intersection en X,Normale,Deux véhicules - côté,3,3,2,1,4,1,1,0,1,50,2,2,0,0,1,1,36.0,38.0,transport_commun,voiture,5,2,2,1,3
202200015748,2022-09-07 11:20:00,2022,9,7,11,20,69,69271,Avenue Jean Mermoz,45.74324,4.93732,Plein jour,Hors agglomération,Intersection en X,Normale,Deux véhicules - côté,7,2,2,0,1,1,1,0,1,50,2,6,1,0,0,5,45.0,33.0,utilitaire_camion,voiture,1,1,2,1,3
202200015749,2022-04-24 17:20:00,2022,4,24,17,20,93,93005,Carrefour Jean Monnet,48.954451,2.509339,Plein jour,En agglomération,Giratoire,Normale,Deux véhicules - arrière,3,1,3,0,1,2,1,5,1,50,2,3,1,0,0,2,48.0,33.0,voiture,voiture,1,2,6,1,2
202200015750,2022-04-24 20:10:00,2022,4,24,20,10,92,92024,CLAUDE DEBUSSY (AVENUE),48.9099537239,2.3100307882,Plein jour,En agglomération,Hors intersection,Normale,Sans collision,4,2,2,0,1,1,1,0,4,50,1,1,0,0,0,1,27.0,,deux_roues,,1,2,1,1,7
202200015751,2022-04-24 15:25:00,2022,4,24,15,25,92,92024,GENERAL LECLERC (BD DU) DE (61 A 9),48.900827235,2.3158409893,Plein jour,En agglomération,Intersection en X,Normale,Deux véhicules - arrière,3,2,4,2,1,1,1,0,1,50,2,2,1,0,0,1,38.0,27.0,voiture,deux_roues,1,2,2,1,2
202200015752,2022-04-26 00:00:00,2022,4,26,0,0,54,54374,D674,48.7636574453,6.4085483551,Nuit sans éclairage public,Hors agglomération,Hors intersection,Brouillard / fumée,Autre collision,3,2,2,0,1,4,1,0,3,80,1,1,0,0,1,0,46.0,,voiture,,3,1,1,5,6
202200015753,2022-04-26 14:55:00,2022,4,26,14,55,07,07346,,44.494332,4.680272,Plein jour,Hors agglomération,Hors intersection,Normale,Deux véhicules - côté,3,2,2,0,2,4,1,2,1,50,2,2,1,1,0,0,40.0,21.0,deux_roues,utilitaire_camion,1,1,1,1,3
202200015754,2022-04-26 03:30:00,2022,4,26,3,30,71,71583,"A6, PK 394.000, sens PARIS-LYON",46.261006,4.792769,Nuit sans éclairage public,Hors agglomération,Hors intersection,Temps couvert,Autre collision,1,3,5,0,1,1,2,2,2,130,1,1,0,0,1,0,35.0,,utilitaire_camion,,3,1,1,8,6
202200015755,2022-04-26 08:25:00,2022,4,26,8,25,35,35085,La Poissonniere,48.4006002377,-1.7266851515,Plein jour,Hors agglomération,Autre intersection,Normale,Deux véhicules - frontale,4,2,1,0,1,1,1,0,1,80,2,2,1,0,1,0,39.0,17.0,voiture,deux_roues,1,1,9,1,1
202200015756,2022-04-25 07:20:00,2022,4,25,7,20,86,86236,D5,46.650644,0.871096,Crépuscule ou aube,Hors agglomération,Intersection en T,Normale,Autre collision,3,2,2,0,1,1,1,0,3,80,1,2,1,0,1,0,26.0,,utilitaire_camion,,2,1,3,1,6
202200015757,2022-04-25 17:55:00,2022,4,25,17,55,21,21633,Autoroute A6 - PK 251+700,47.3368614357,4.4722656906,Plein jour,Hors agglomération,Hors intersection,Pluie légère,Autre collision,1,3,4,0,1,1,2,0,3,130,1,1,0,0,0,1,27.0,,voiture,,1,1,1,2,6
202200015758,2022-04-23 15:45:00,2022,4,23,15,45,41,41174,Mezieres,47.759089,1.158339,Plein jour,Hors agglomération,Hors intersection,Normale,Autre collision,4,2,2,0,2,1,1,0,1,80,3,3,2,0,0,1,17.0,21.0,deux_roues,deux_roues,1,1,1,1,6
202200015759,2022-04-26 11:45:00,2022,4,26,11,45,62,62839,D10e2,50.1402,2.898947,Plein jour,Hors agglomération,Hors intersection,Normale,Autre collision,3,2,2,0,1,1,1,0,3,80,1,1,0,0,1,0,63.0,,utilitaire_camion,,1,1,1,1,6
202200015760,2022-04-20 15:00:00,2022,4,20,15,0,51,51154,Lieu dit les Fortelles,48.843028,4.077795,Plein jour,Hors agglomération,Hors intersection,Normale,Sans collision,4,2,2,0,2,2,9,0,3,80,1,2,1,0,1,0,20.0,,deux_roues,,1,1,1,1,7
202200015761,2022-04-26 16:15:00,2022,4,26,16,15,19,19278,D5e1,45.216846,1.436663,Plein jour,Hors agglomération,Hors intersection,Normale,Trois véhicules et plus - collisions multiples,3,2,2,0,1,1,1,0,1,90,3,3,1,0,1,1,19.0,66.0,voiture,deux_roues,1,1,1,1,5
202200015762,2022-04-25 15:50:00,2022,4,25,15,50,56,56105,Mineriou,48.005016,-3.54257,Plein jour,Hors agglomération,Hors intersection,Normale,Autre collision,4,2,2,0,2,2,1,0,3,80,1,1,0,0,1,0,36.0,,voiture,,1,1,1,1,6
202200015763,2022-04-25 19:55:00,2022,4,25,19,55,65,65301,D632 rue de l'Arros,43.301181,0.218195,Crépuscule ou aube,Hors agglomération,Intersection en T,Normale,Deux véhicules - côté,3,2,2,0,2,1,1,5,1,90,2,2,1,0,0,1,22.0,33.0,deux_roues,voiture,2,1,3,1,3
202200015764,2022-04-24 05:40:00,2022,4,24,5,40,71,71027,770 Route de Bourgogne,46.667027,5.385163,Nuit avec éclairage allumé,En agglomération,Hors intersection,Normale,Deux véhicules - côté,3,2,2,0,2,1,1,0,1,50,2,2,1,0,0,1,21.0,22.0,voiture,voiture,5,2,1,1,3
202200015765,2022-04-15 14:30:00,2022,4,15,14,30,42,42092,Rue du 11 Novembre,45.485,4.379216,Plein jour,En agglomération,Intersection en T,Normale,Deux véhicules - côté,7,2,2,0,1,1,1,0,1,30,2,2,1,0,1,0,64.0,62.0,voiture,deux_roues,1,2,3,1,3
202200015766,2022-04-26 12:11:00,2022,4,26,12,11,34,34237,RD 13,43.497682,3.328353,Plein jour,Hors agglomération,Intersection en X,Normale,Trois véhicules et plus - collisions multiples,3,2,2,0,1,1,1,0,1,80,3,3,2,0,1,0,40.0,57.0,voiture,deux_roues,1,1,2,1,5
202200015767,2022-04-23 11:50:00,2022,4,23,11,50,22,22115,Croas Kerbellec,48.35375,-3.21687,Plein jour,Hors agglomération,Hors intersection,Normale,Sans collision,3,2,2,0,1,1,1,0,3,80,1,1,0,0,1,0,77.0,,voiture,,1,1,1,1,7
202200015768,2022-04-26 18:00:00,2022,4,26,18,0,39,39478,1 Place Denfert-rochereau,46.390617,5.864028,Plein jour,En agglomération,Hors intersection,Normale,Autre collision,4,1,1,0,1,1,1,0,1,50,1,2,1,0,1,0,58.0,,voiture,,1,2,1,1,6
202200015769,2022-04-25 16:15:00,2022,4,25,16,15,35,35299,16 le pont,48.658066,-1.902094,Plein jour,Hors agglomération,Hors intersection,Normale,Deux véhicules - côté,3,2,2,0,2,4,1,0,1,50,2,2,1,0,0,1,56.0,64.0,deux_roues,voiture,1,1,1,1,3
202200015770,2022-04-25 17:15:00,2022,4,25,17,15,29,29186,Nodeveur,48.634738,-3.776872,Plein jour,Hors agglomération,Hors intersection,Normale,Autre collision,4,2,2,0,1,3,1,0,3,80,1,1,0,0,1,0,55.0,,deux_roues,,1,1,1,1,6
202200015771,2022-04-26 08:30:00,2022,4,26,8,30,14,14345,D511,48.972612,-0.093716,Plein jour,Hors agglomération,Hors intersection,Temps éblouissant,Deux véhicules - frontale,3,2,2,0,2,2,1,0,1,50,2,2,0,0,0,2,58.0,37.0,voiture,voiture,1,1,1,7,1
202200015772,2022-04-26 19:25:00,2022,4,26,19,25,14,14227,D27,49.276131,-0.013291,Plein jour,Hors agglomération,Intersection en T,Temps éblouissant,Deux véhicules - côté,3,2,2,0,1,1,1,0,1,90,2,3,1,0,2,0,21.0,26.0,utilitaire_camion,deux_roues,1,1,3,7,3
202200015773,2022-04-25 14:45:00,2022,4,25,14,45,54,54367,voie sans nom,49.50531,5.78922,Plein jour,Hors agglomération,Hors intersection,Normale,Autre collision,4,1,1,0,4,3,1,0,3,80,1,2,0,0,1,1,76.0,,voiture,,1,1,1,1,6
202200015774,2022-04-25 17:40:00,2022,4,25,17,40,53,53243,D115,48.14674,-0.887307,Plein jour,Hors agglomération,Intersection en T,Normale,Deux véhicules - arrière,3,2,2,0,1,1,1,0,1,80,2,2,1,0,1,0,57.0,15.0,voiture,deux_roues,1,1,3,1,2
202200015775,2022-02-15 02:00:00,2022,2,15,2,0,35,35238,SAINT-HELIER,48.1043605933,-1.6639612914,Nuit avec éclairage allumé,En agglomération,Hors intersection,Temps couvert,Autre collision,4,3,2,2,2,1,1,2,1,50,1,2,0,0,0,2,31.0,,voiture,,5,2,1,8,6
202200015776,2022-04-26 07:45:00,2022,4,26,7,45,53,53255,D9 PR:26+270,48.102755,-0.379019,Plein jour,Hors agglomération,Hors intersection,Temps éblouissant,Deux véhicules - arrière,3,2,2,0,1,1,1,0,1,80,2,2,1,0,1,0,42.0,28.0,voiture,deux_roues,1,1,1,7,2
202200015777,2022-04-16 09:55:00,2022,4,16,9,55,17,17300,SAUTEL  BOULEVARD ANDRE,46.16825,-1.13216,Plein jour,En agglomération,Intersection en X,Temps éblouissant,Autre collision,4,3,4,3,1,1,1,0,1,30,1,2,1,0,0,1,66.0,,voiture,,1,2,2,7,6
202200015778,2022-02-09 08:05:00,2022,2,9,8,5,17,17300,SARTRE   AVENUE JEAN-PAUL,46.1562,-1.13108,Plein jour,En agglomération,Hors intersection,Normale,Autre collision,4,2,4,0,1,1,1,0,1,50,1,2,1,0,0,1,19.0,,voiture,,1,2,1,1,6
202200015779,2022-04-26 13:25:00,2022,4,26,13,25,21,21196,D906,46.9283282897,4.7420265153,Plein jour,Hors agglomération,Intersection en T,Normale,Deux véhicules - frontale,3,2,1,0,1,1,1,0,1,90,2,4,2,0,2,0,19.0,56.0,deux_roues,voiture,1,1,3,1,1
202200015780,2022-02-09 08:06:00,2022,2,9,8,6,17,17300,JUSTICES  RUE DU MOULIN DES,46.173161,-1.125853,Plein jour,En agglomération,Intersection en T,Normale,Deux véhicules - côté,4,-1,2,0,1,1,1,0,1,30,2,2,1,0,1,0,27.0,55.0,deux_roues,voiture,1,2,3,1,3
202200015781,2022-02-04 21:55:00,2022,2,4,21,55,17,17300,CHAMP DE MARS   PLACE DU,46.16909,-1.1498,Nuit avec éclairage allumé,En agglomération,Hors intersection,Normale,Deux véhicules - côté,4,1,2,0,1,2,1,9,1,50,2,3,2,0,1,0,20.0,24.0,deux_roues,voiture,5,2,1,1,3
202200015782,2022-04-25 10:20:00,2022,4,25,10,20,04,04031,RD 953 / RD 8,43.896222,6.128762,Plein jour,Hors agglomération,Intersection en T,Normale,Deux véhicules - frontale,3,2,2,0,3,1,1,0,1,80,2,4,2,0,0,2,43.0,19.0,voiture,voiture,1,1,3,1,1
202200015783,2022-04-16 21:50:00,2022,4,16,21,50,02,02722,SAINT-CHRISTOPHE ( RUE ),49.38198,3.32163,Nuit avec éclairage allumé,En agglomération,Place,Normale,Deux véhicules - côté,4,1,1,0,1,1,1,8,1,50,2,2,0,0,1,1,24.0,27.0,voiture,voiture,5,2,7,1,3
202200015784,2022-04-22 21:15:00,2022,4,22,21,15,87,87148,Lieu Dit Moncontour,45.726188,1.343889,Nuit sans éclairage public,Hors agglomération,Hors intersection,Normale,Autre collision,4,2,2,0,1,1,1,0,1,80,1,2,0,0,1,1,17.0,,deux_roues,,3,1,1,1,6
202200015785,2022-06-27 16:15:00,2022,6,27,16,15,988,98818,AVENUE DE LA VICTOIRE H. LAFLEUR/RUE DE SEBASTOPOL,-22.27455,166.44384,Plein jour,En agglomération,Intersection en X,Normale,Autre collision,4,3,5,0,1,1,1,0,1,50,1,2,1,0,0,1,72.0,,voiture,,1,2,2,1,6
202200015786,2022-04-25 15:10:00,2022,4,25,15,10,30,30339,D986,44.092394,3.562059,Plein jour,Hors agglomération,Hors intersection,Normale,Sans collision,3,2,2,0,2,1,1,0,8,80,1,1,0,0,1,0,24.0,,deux_roues,,1,1,1,1,7
202200015787,2022-06-27 06:30:00,2022,6,27,6,30,974,97416,BRETELLE SORTIE LIGNE PARADIS,-21.32115,55.48295,Crépuscule ou aube,Hors agglomération,Intersection en X,Normale,Deux véhicules - frontale,4,1,1,0,1,1,1,0,1,50,2,2,1,0,1,0,17.0,64.0,deux_roues,utilitaire_camion,2,1,2,1,1