accident_id,datetime,annee,mois,jour,heure,minute,departement,commune_insee,adresse,latitude,longitude,luminosite,agglomeration,intersection,meteo,collision,catr,circ,nbv,vosp,prof,plan,surf,infra,situ,vma,nb_vehicules,nb_usagers,nb_indemnes,nb_tues,nb_blesses_hosp,nb_blesses_legers,age_cond_1,age_cond_2,veh_type_cond_1,veh_type_cond_2,lum_code,agg_code,int_code,atm_code,col_code
202200015788,2022-02-16 12:42:00,2022,2,16,12,42,67,67152,Rue du 23 Novembre,48.533093,7.691637,Plein jour,Hors agglomération,Hors intersection,Normale,Sans collision,7,-1,5,1,1,2,1,0,5,25,2,2,0,0,0,2,59.0,56.0,deux_roues,deux_roues,1,1,1,1,7
202200015789,2022-06-27 09:45:00,2022,6,27,9,45,974,97411,BOULANGERIE (RUE DE LA),-20.87807,55.44575,Plein jour,En agglomération,Intersection en X,Temps éblouissant,Autre collision,4,-1,2,0,1,1,1,0,1,50,1,2,1,0,0,1,72.0,,voiture,,1,2,2,7,6
202200015790,2022-06-27 11:50:00,2022,6,27,11,50,973,97302,CABASSOU (ROUTE DE),4.91753,-52.31295,Plein jour,En agglomération,Intersection en T,Normale,Deux véhicules - côté,3,2,2,0,1,1,1,9,1,50,2,2,1,0,0,1,23.0,68.0,voiture,deux_roues,1,2,3,1,3
202200015791,2022-06-27 15:10:00,2022,6,27,15,10,69,69389,Rue Sergent Michel Berthet,45.77224,4.80543,Plein jour,En agglomération,Intersection en X,Normale,Autre collision,4,2,2,0,1,1,1,0,1,50,1,2,1,0,0,1,69.0,,voiture,,1,2,2,1,6
202200015792,2022-04-25 17:15:00,2022,4,25,17,15,18,18028,,47.108227,2.298642,Plein jour,Hors agglomération,Hors intersection,Normale,Autre collision,3,2,2,0,1,2,1,0,3,80,1,15,12,0,0,3,43.0,,transport_commun,,1,1,1,1,6
202200015793,2022-06-24 17:55:00,2022,6,24,17,55,971,97113,SECTION GRANDE RAVINE,16.21174,-61.47447,Plein jour,Hors agglomération,Hors intersection,Normale,Deux véhicules - côté,2,2,2,0,1,1,1,0,1,70,2,2,1,0,1,0,42.0,27.0,voiture,deux_roues,1,1,1,1,3
202200015794,2022-04-25 16:45:00,2022,4,25,16,45,89,89316,A6 sens paris lyon,47.548477,3.965815,Plein jour,Hors agglomération,Autre intersection,Pluie forte,Autre collision,1,3,4,0,2,1,2,0,1,110,1,2,0,0,0,2,69.0,,voiture,,1,1,9,3,6
202200015795,2022-06-27 10:05:00,2022,6,27,10,5,91,91589,BD ARISTIDE BRIAND,48.682334,2.343491,Plein jour,En agglomération,Intersection en X,Normale,Deux véhicules - côté,3,2,4,0,1,1,1,0,1,50,2,2,1,0,0,1,46.0,32.0,voiture,deux_roues,1,2,2,1,3
202200015796,2022-04-25 14:29:00,2022,4,25,14,29,89,89277,Autoroute A6 - PK 189+800,47.661245,3.879776,Plein jour,Hors agglomération,Hors intersection,Normale,Deux véhicules - côté,1,3,5,0,1,1,1,0,1,130,2,3,2,1,0,0,60.0,18.0,deux_roues,voiture,1,1,1,1,3
202200015797,2022-06-25 00:26:00,2022,6,25,0,26,87,87085,GARIBALDI (AVENUE),45.83519,1.2605,Nuit avec éclairage allumé,En agglomération,Intersection en X,Normale,Deux véhicules - côté,4,3,2,0,1,1,2,0,1,30,2,5,3,0,0,2,35.0,67.0,voiture,voiture,5,2,2,1,3
202200015798,2022-06-24 17:26:00,2022,6,24,17,26,87,87085,DUTREIX (RUE ARMAND) ?,45.83365,1.229,Plein jour,En agglomération,Intersection en T,Normale,Deux véhicules - côté,4,2,2,0,1,1,2,0,1,50,2,2,1,0,0,1,52.0,34.0,utilitaire_camion,deux_roues,1,2,3,1,3
202200015799,2022-04-26 17:35:00,2022,4,26,17,35,55,55122,Rue Elisabeth de Lorraine,48.759853,5.589348,Plein jour,En agglomération,Intersection en T,Normale,Autre collision,3,2,2,0,1,1,1,0,4,50,1,4,1,0,0,3,53.0,,transport_commun,,1,2,3,1,6
202200015800,2022-04-25 18:40:00,2022,4,25,18,40,988,98817,Fontaine du col de Plum (Source),-22.249725,166.608825,Nuit sans éclairage public,Hors agglomération,Hors intersection,Normale,Sans collision,3,2,2,0,2,2,1,0,8,50,1,1,0,0,1,0,23.0,,voiture,,3,1,1,1,7
202200015801,2022-06-27 09:30:00,2022,6,27,9,30,78,78123,CENTRE LECLERC REINE BLANCHE,48.942477,2.028114,Plein jour,En agglomération,Autre intersection,Normale,Autre collision,6,-1, -1,0,1,1,2,0,1,10,1,3,1,0,0,2,55.0,,voiture,,1,2,9,1,6
202200015802,2022-04-10 17:50:00,2022,4,10,17,50,66,66174,avenue du languedoc,42.679391,2.751775,Plein jour,Hors agglomération,Hors intersection,Normale,Deux véhicules - frontale,3,2,2,0,1,1,1,0,1,70,2,2,1,0,1,0,44.0,82.0,voiture,voiture,1,1,1,1,1
202200015803,2022-06-27 09:00:00,2022,6,27,9,0,76,76498,Avenue Jacques Prevert,49.42785,1.0633,Plein jour,En agglomération,Intersection en T,Normale,Deux véhicules - côté,7,2,2,3,1,1,1,0,1,50,2,3,2,0,0,1,53.0,55.0,voiture,utilitaire_camion,1,2,3,1,3
202200015804,2022-04-25 17:45:00,2022,4,25,17,45,83,83107,Route de la Bouverie,43.479005,6.665365,Plein jour,Hors agglomération,Hors intersection,Temps éblouissant,Deux véhicules - frontale,4,2,2,0,2,3,1,0,1,70,2,3,2,0,1,0,57.0,35.0,voiture,deux_roues,1,1,1,7,1
202200015805,2022-06-25 06:31:00,2022,6,25,6,31,76,76351,GEORGES BRAQUE (RUE),49.49488,0.10602,Plein jour,En agglomération,Intersection en X,Normale,Autre collision,4,2,2,0,1,1,1,0,1,50,1,1,0,0,0,1,49.0,,deux_roues,,1,2,2,1,6
202200015806,2022-06-25 07:15:00,2022,6,25,7,15,76,76270,ERABLES (DES),49.53639,0.14322,Plein jour,En agglomération,Intersection en T,Normale,Autre collision,4,2,2,0,1,1,1,0,4,50,1,1,0,0,0,1,36.0,,voiture,,1,2,3,1,6
202200015807,2022-04-26 14:01:00,2022,4,26,14,1,06,06048,D15,43.793543,7.329096,Plein jour,Hors agglomération,Intersection en Y,Normale,Deux véhicules - arrière,3,2,2,0,1,1,1,0,1,70,2,3,1,0,0,2,38.0,53.0,voiture,voiture,1,1,4,1,2
202200015808,2022-04-26 07:50:00,2022,4,26,7,50,61,61165,d1,48.414198,-0.037047,Plein jour,En agglomération,Giratoire,Normale,Sans collision,3,1,1,0,1,2,9,5,1,50,1,1,0,0,0,1,16.0,,deux_roues,,1,2,6,1,7
202200015809,2022-04-26 09:25:00,2022,4,26,9,25,50,50099,Rue de Pommenauque,49.310512,-1.262017,Plein jour,En agglomération,Giratoire,Normale,Deux véhicules - arrière,3,1,1,0,1,2,1,0,1,50,2,2,1,0,0,1,70.0,72.0,deux_roues,voiture,1,2,6,1,2
202200015810,2022-06-27 06:30:00,2022,6,27,6,30,74,74010,TOURNETTE (PLACE DE LA/PASSAGE DE LA),45.89797,6.13069,Plein jour,En agglomération,Hors intersection,Normale,Deux véhicules - côté,4,2,4,1,1,1,1,0,5,30,2,2,1,0,1,0,59.0,68.0,deux_roues,deux_roues,1,2,1,1,3
202200015811,2022-04-25 22:55:00,2022,4,25,22,55,60,60089,RD 153,49.21621,1.882718,Nuit sans éclairage public,Hors agglomération,Hors intersection,Normale,Deux véhicules - frontale,3,2,2,0,3,1,1,0,1,80,2,2,0,0,2,0,50.0,30.0,voiture,voiture,3,1,1,1,1
202200015812,2022-06-25 17:04:00,2022,6,25,17,4,72,72181,EINSTEIN ALBERT (RUE),48.0288151679,0.1737749574,Plein jour,En agglomération,Intersection en T,Normale,Deux véhicules - côté,4,2,2,2,1,1,1,0,1,50,2,2,1,0,0,1,18.0,39.0,deux_roues,voiture,1,2,3,1,3
202200015813,2022-06-27 23:00:00,2022,6,27,23,0,69,69256,Avenue Roger Salengro,45.7488093897,4.9273802529,Nuit avec éclairage allumé,En agglomération,Hors intersection,Normale,Autre collision,4,2,2,0,1,1,1,0,1,50,1,1,0,0,1,0,20.0,,deux_roues,,5,2,1,1,6
202200015814,2022-04-24 15:00:00,2022,4,24,15,0,13,13214,A7-Sens Marseille vers Lyon,43.32571,5.37848,Plein jour,Hors agglomération,Hors intersection,Normale,Trois véhicules et plus - collisions multiples,1,1,3,3,1,1,1,0,1,90,3,4,3,0,0,1,52.0,26.0,voiture,voiture,1,1,1,1,5
202200015815,2022-06-27 18:30:00,2022,6,27,18,30,69,69286,Route du Mas-Rillier,45.82288,4.90987,Plein jour,En agglomération,Autre intersection,Normale,Trois véhicules et plus - en chaîne,4,2,2,1,1,1,1,0,1,50,3,3,0,0,0,3,32.0,19.0,voiture,voiture,1,2,9,1,4
202200015816,2022-04-23 19:15:00,2022,4,23,19,15,13,13071,A55 - Sens Marseille vers Martigues,43.398911,5.293834,Plein jour,Hors agglomération,Hors intersection,Pluie forte,Deux véhicules - frontale,1,1,2,0,2,2,2,0,1,90,1,1,0,0,0,1,59.0,,voiture,,1,1,1,3,1
202200015817,2022-06-27 19:00:00,2022,6,27,19,0,69,69266,Rue Jean-Claude Vivant,45.771,4.86822,Plein jour,En agglomération,Intersection en X,Normale,Deux véhicules - frontale,4,1,1,0,1,1,1,0,1,50,2,2,1,0,0,1,35.0,29.0,voiture,autre,1,2,2,1,1
202200015818,2022-04-23 17:20:00,2022,4,23,17,20,13,13106,A51-Sens Aix en Provence vers Marseille,43.40519,5.36021,Plein jour,Hors agglomération,Hors intersection,Pluie légère,Deux véhicules - arrière,1,-1,2,0,1,1,2,0,1,70,2,2,1,0,0,1,39.0,46.0,utilitaire_camion,voiture,1,1,1,2,2
202200015819,2022-06-26 02:45:00,2022,6,26,2,45,67,67482,GENERAL OFFENSTEIN (RUE DU),48.55592,7.7519,Nuit avec éclairage allumé,En agglomération,Intersection en T,Normale,Deux véhicules - côté,4,2,2,0,1,1,1,0,1,50,2,3,2,0,0,1,36.0,56.0,deux_roues,voiture,5,2,3,1,3
202200015820,2022-06-25 21:20:00,2022,6,25,21,20,67,67447,GENERAL DE GAULLE (ROUTE DU),48.59982,7.74112,Plein jour,En agglomération,Hors intersection,Normale,Autre collision,7,1,1,0,1,1,1,1,8,5,1,1,0,0,0,1,15.0,,voiture,,1,2,1,1,6
202200015821,2022-04-23 02:40:00,2022,4,23,2,40,13,13106,A7-Sens Marseille vers Lyon,43.3871,5.35084,Nuit sans éclairage public,Hors agglomération,Hors intersection,Temps couvert,Deux véhicules - frontale,1,1,3,0,2,1,1,0,1,90,2,4,0,1,0,3,33.0,30.0,voiture,voiture,3,1,1,8,1
202200015822,2022-06-25 16:00:00,2022,6,25,16,0,67,67482,GIRAUDOUX (RUE JEAN),48.5878154144,7.7016936243,Plein jour,En agglomération,Hors intersection,Normale,Autre collision,4,3,3,1,1,1,1,0,1,50,2,3,2,0,0,1,32.0,29.0,voiture,voiture,1,2,1,1,6
202200015823,2022-04-22 18:00:00,2022,4,22,18,0,67,67482,M351,48.58618,7.71957,Plein jour,Hors agglomération,Hors intersection,Normale,Deux véhicules - arrière,7,3,3,0,1,1,1,0,1,90,2,2,1,0,0,1,45.0,34.0,voiture,voiture,1,1,1,1,2
202200015824,2022-06-11 19:45:00,2022,6,11,19,45,67,67447,LAUTERBOURG (RUE DE),48.60908,7.7462,Plein jour,En agglomération,Intersection en T,Normale,Deux véhicules - côté,4,1,2,0,1,1,1,0,1,50,2,3,1,0,0,2,31.0,30.0,voiture,transport_commun,1,2,3,1,3
202200015825,2022-04-24 16:40:00,2022,4,24,16,40,91,91064,RN 118,48.74375,2.18988,Plein jour,Hors agglomération,Hors intersection,Normale,Deux véhicules - arrière,2,1,2,0,1,1,1,0,1,110,2,2,1,0,0,1,29.0,48.0,deux_roues,voiture,1,1,1,1,2
202200015826,2022-04-25 00:45:00,2022,4,25,0,45,95,95424, A15,48.9896705372,2.1990466118,Nuit sans éclairage public,Hors agglomération,Hors intersection,Normale,Deux véhicules - arrière,1,3,8,0,1,1,1,0,1,110,2,3,2,0,0,1,28.0,22.0,voiture,voiture,3,1,1,1,2
202200015827,2022-06-24 18:35:00,2022,6,24,18,35,66,66136,PALAIS-DES-EXPO (AVENUE DU),42.70672,2.90017,Plein jour,En agglomération,Hors intersection,Normale,Deux véhicules - côté,4,2,2,0,1,1,1,0,1,30,2,2,1,0,1,0,44.0,47.0,deux_roues,utilitaire_camion,1,2,1,1,3
202200015828,2022-04-22 19:30:00,2022,4,22,19,30,95,95018,A15,48.9614735641,2.268269062,Plein jour,Hors agglomération,Hors intersection,Normale,Deux véhicules - côté,1,3,4,0,1,1,1,0,1,110,2,2,1,0,0,1,24.0,20.0,utilitaire_camion,deux_roues,1,1,1,1,3
202200015829,2022-04-22 20:35:00,2022,4,22,20,35,974,97416,HUBERT DE LISLE(BOULEVARD),-21.3435,55.47395,Nuit avec éclairage allumé,En agglomération,Hors intersection,Normale,Deux véhicules - côté,4,2,2,0,1,1,1,0,1,50,2,2,1,0,0,1,25.0,37.0,deux_roues,voiture,5,2,1,1,3
202200015830,2022-06-27 10:30:00,2022,6,27,10,30,65,65440,LAFORGUE (AVENUE JULES),43.2242,0.06839,Plein jour,En agglomération,Intersection en X,Pluie légère,Deux véhicules - côté,4,2,2,0,1,1,2,0,1,50,2,7,0,0,0,7,28.0,29.0,voiture,voiture,1,2,2,2,3
202200015831,2022-06-26 21:35:00,2022,6,26,21,35,64,64024,ROND POINT DE BAHINOS (,43.49447,-1.5183,Plein jour,En agglomération,Giratoire,Pluie légère,Sans collision,4,2,4,0,1,1,2,5,1,50,1,1,0,0,0,1,20.0,,deux_roues,,1,2,6,2,7
202200015832,2022-04-23 20:20:00,2022,4,23,20,20,974,97407,SACRE COEUR (RD POINT) -RIV. DES GALETS ,-20.95531,55.31181,Nuit sans éclairage public,En agglomération,Hors intersection,Normale,Deux véhicules - côté,4,-1,1,0,1,1,1,0,1,50,2,2,1,0,0,1,18.0,26.0,deux_roues,voiture,3,2,1,1,3
202200015833,2022-04-29 22:45:00,2022,4,29,22,45,63,63113,FONTAINE DU LARGE (RUE DE LA),45.79004,3.09086,Nuit avec éclairage allumé,En agglomération,Hors intersection,Normale,Autre collision,4,2,2,0,1,1,1,0,1,50,1,1,0,0,1,0,41.0,,deux_roues,,5,2,1,1,6
202200015834,2022-06-27 05:40:00,2022,6,27,5,40,61,61001,PONT NEUF (RUE DU),48.420058,0.089544,Plein jour,En agglomération,Autre intersection,Normale,Sans collision,3,1,1,0,1,1,1,0,3,30,1,1,0,0,0,1,57.0,,deux_roues,,1,2,9,1,7
202200015835,2022-04-22 14:15:00,2022,4,22,14,15,974,97407,ANGLAIS (CHE DES) - RIVIERE DES GALETS ,-20.953,55.316,Plein jour,En agglomération,Autre intersection,Normale,Deux véhicules - côté,2,2,1,0,1,1,1,0,1,50,2,3,1,0,0,2,30.0,16.0,voiture,deux_roues,1,2,9,1,3
202200015836,2022-06-27 13:15:00,2022,6,27,13,15,60,60057,Avenue Corot,49.43006,2.10504,Plein jour,En agglomération,Intersection en X,Normale,Deux véhicules - côté,4,2,3,0,2,1,1,0,1,50,2,2,1,0,0,1,78.0,53.0,voiture,deux_roues,1,2,2,1,3
202200015837,2022-04-23 20:45:00,2022,4,23,20,45,973,97302,HEDER (place),4.9418805084,-52.330070883,Nuit avec éclairage allumé,En agglomération,Intersection en T,Normale,Deux véhicules - côté,4,1,1,0,1,1,1,0,1,50,2,2,1,0,0,1,18.0,50.0,deux_roues,voiture,5,2,3,1,3
202200015838,2022-06-27 22:40:00,2022,6,27,22,40,59,59508,BILLEMONT (RUE),50.75959,3.13389,Nuit avec éclairage allumé,Hors agglomération,Autre intersection,Normale,Autre collision,7,-1,4,0,1,1,1,0,1,50,1,3,2,0,0,1,23.0,,voiture,,5,1,9,1,6
202200015839,2022-04-23 14:30:00,2022,4,23,14,30,69,69387,Rue Sébastien Gryphe,45.75303,4.84515,Plein jour,En agglomération,Intersection en X,Normale,Autre collision,4,-1,1,2,1,1,1,0,1,30,1,2,0,0,0,1,,,voiture,,1,2,2,1,6
202200015840,2022-06-11 12:05:00,2022,6,11,12,5,59,59090,GAULLE (AVENUE DU GENERAL DE),50.70713,3.102778,Plein jour,En agglomération,Intersection en T,Temps éblouissant,Deux véhicules - arrière,7,2,2,0,1,1,1,0,1,50,2,2,1,0,0,1,51.0,33.0,voiture,voiture,1,2,3,7,2
202200015841,2022-04-23 10:45:00,2022,4,23,10,45,69,69383,Rue Gandolière,45.76133,4.86549,Plein jour,En agglomération,Intersection en T,Normale,Autre collision,4,2,2,0,1,1,1,0,1,30,1,2,1,0,0,1,58.0,,voiture,,1,2,3,1,6
202200015842,2022-06-27 08:30:00,2022,6,27,8,30,59,59350,ARTOIS RUE  N°1 - 81,50.6242554789,3.0609951541,Plein jour,En agglomération,Intersection en X,Normale,Trois véhicules et plus - collisions multiples,4,2,2,1,1,1,1,0,1,30,3,3,2,0,1,0,42.0,20.0,voiture,voiture,1,2,2,1,5
202200015843,2022-04-23 12:30:00,2022,4,23,12,30,972,97213,ROUTE NATIONALE 1,14.61388,-61.01053,Plein jour,En agglomération,Hors intersection,Normale,Deux véhicules - arrière,2,1,2,3,1,2,1,0,1,70,2,2,1,0,0,1,33.0,29.0,deux_roues,voiture,1,2,1,1,2
202200015844,2022-06-25 12:09:00,2022,6,25,12,9,56,56098,12 Rue Jean Jaurès,47.76372,-3.36099,Plein jour,En agglomération,Hors intersection,Normale,Deux véhicules - côté,3,2,2,0,1,1,1,0,1,50,2,2,1,0,0,1,57.0,30.0,voiture,voiture,1,2,1,1,3
202200015845,2022-04-23 05:00:00,2022,4,23,5,0,972,97209,ENTRAIDE (ROUTE DE L'),14.61968,-61.05623,Crépuscule ou aube,Hors agglomération,Hors intersection,Pluie légère,Autre collision,3,2,2,0,2,1,2,0,1,30,1,1,0,0,0,1,29.0,,voiture,,2,1,1,2,6
202200015846,2022-06-26 16:55:00,2022,6,26,16,55,50,50129,HAGUE (BOULEVARD DE LA),49.66741,-1.69665,Plein jour,Hors agglomération,Intersection en T,Normale,Deux véhicules - côté,3,2,2,0,1,1,1,0,1,50,2,2,0,0,1,1,31.0,32.0,deux_roues,voiture,1,1,3,1,3
202200015847,2022-04-23 14:13:00,2022,4,23,14,13,971,97101,ROUTE DE BOISVINS,16.2645989391,-61.4674115181,Plein jour,Hors agglomération,Hors intersection,Pluie forte,Autre collision,3,2,2,0,1,2,2,0,3,80,1,4,1,0,0,3,28.0,,voiture,,1,1,1,3,6
202200015848,2022-06-26 00:45:00,2022,6,26,0,45,47,47215,GAULLE (avecue Charles de),44.394,0.693,Nuit avec éclairage allumé,Hors agglomération,Giratoire,Pluie légère,Deux véhicules - côté,3,2,2,0,2,2,2,5,1,70,2,3,1,0,0,2,19.0,31.0,voiture,voiture,5,1,6,2,3
202200015849,2022-06-27 13:30:00,2022,6,27,13,30,45,45169,7 Avenue Georges Pompidou,47.9022352843,1.8593463153,Plein jour,En agglomération,Hors intersection,Normale,Autre collision,4,3,4,0,1,1,1,0,1,50,1,2,1,0,1,0,30.0,,voiture,,1,2,1,1,6
202200015850,2022-04-22 22:45:00,2022,4,22,22,45,91,91661,GUTEMBERG (RUE),48.707,2.25,Nuit sans éclairage public,En agglomération,Hors intersection,Normale,Deux véhicules - côté,9,1,2,0,1,2,1,0,1,50,2,3,0,0,0,3,51.0,29.0,voiture,voiture,3,2,1,1,3
202200015851,2022-06-27 19:15:00,2022,6,27,19,15,44,44162,N844,47.234747,-1.625433,Plein jour,Hors agglomération,Hors intersection,Normale,Deux véhicules - arrière,2,3,4,0,2,1,1,0,1,90,2,2,1,0,0,1,39.0,23.0,voiture,voiture,1,1,1,1,2
202200015852,2022-04-22 22:45:00,2022,4,22,22,45,83,83129,DE GAULLE (PROMENADE CHARLES),43.1086869974,5.8134822249,Nuit avec éclairage allumé,En agglomération,Hors intersection,Normale,Deux véhicules - côté,7,1,2,0,1,1,1,0,1,50,2,3,1,0,0,2,21.0,16.0,voiture,deux_roues,5,2,1,1,3
202200015853,2022-06-07 04:50:00,2022,6,7,4,50,41,41047,GREVES (RUE DES),47.617146,1.370117,Nuit avec éclairage non allumé,En agglomération,Hors intersection,Normale,Autre collision,4,2,2,0,1,1,1,0,1,50,1,1,0,0,0,1,22.0,,voiture,,4,2,1,1,6
202200015854,2022-04-04 09:44:00,2022,4,4,9,44,83,83061,AVENUE ARISTIDE BRIAND,43.4324205321,6.7492611408,Plein jour,En agglomération,Giratoire,Normale,Deux véhicules - côté,4,1,2,0,1,2,1,9,1,50,2,2,1,0,1,0,49.0,69.0,deux_roues,voiture,1,2,6,1,3
202200015855,2022-06-27 11:20:00,2022,6,27,11,20,37,37261,ALOUETTE (AVENUE),47.36,0.69741,Plein jour,En agglomération,Hors intersection,Normale,Trois véhicules et plus - en chaîne,4,1,4,0,2,3,1,0,1,50,3,3,2,0,0,1,28.0,57.0,utilitaire_camion,voiture,1,2,1,1,4
202200015856,2022-06-27 11:00:00,2022,6,27,11,0,37,37122,BORDEAUX (AVENUE DE),47.3553569021,0.6987959146,Plein jour,En agglomération,Hors intersection,Normale,Deux véhicules - côté,4,2,2,1,1,1,1,0,1,50,2,3,2,0,0,1,54.0,46.0,voiture,voiture,1,2,1,1,3
202200015857,2022-04-23 13:50:00,2022,4,23,13,50,78,78299,MICHELET (BOULEVARD),49.001599,1.893349,Plein jour,En agglomération,Hors intersection,Normale,Deux véhicules - arrière,3,2,2,0,1,1,1,0,1,50,2,2,1,0,1,0,19.0,33.0,deux_roues,utilitaire_camion,1,2,1,1,2
202200015858,2022-06-27 23:40:00,2022,6,27,23,40,35,35238,SAINT-MALO (RUE DE),48.1325970199,-1.6907827556,Nuit avec éclairage allumé,En agglomération,Giratoire,Normale,Deux véhicules - côté,4,3,2,2,1,2,1,0,1,50,2,2,1,0,0,1,53.0,37.0,voiture,deux_roues,5,2,6,1,3
202200015859,2022-04-23 09:55:00,2022,4,23,9,55,69,69282,Rue Victor Hugo,45.78303,4.9947,Plein jour,En agglomération,Intersection en T,Normale,Deux véhicules - frontale,4,2,2,2,1,1,1,0,1,50,2,2,1,0,0,1,70.0,74.0,voiture,voiture,1,2,3,1,1
202200015860,2022-06-27 09:00:00,2022,6,27,9,0,35,35238,VILLEBOIS MAREUIL (BD),48.1086609803,-1.6537092626,Plein jour,En agglomération,Hors intersection,Normale,Deux véhicules - côté,4,2,2,2,1,1,1,0,1,50,2,3,2,0,0,1,27.0,23.0,deux_roues,voiture,1,2,1,1,3
202200015861,2022-06-26 18:35:00,2022,6,26,18,35,35,35278,COUESNON (AVENUE DU),48.1420301196,-1.6716795601,Plein jour,En agglomération,Hors intersection,Normale,Deux véhicules - frontale,4,2,2,1,1,1,1,0,1,50,2,2,0,1,1,0,22.0,74.0,deux_roues,voiture,1,2,1,1,1
202200015862,2022-04-22 16:40:00,2022,4,22,16,40,69,69275,Avenue Franklin Roosevelt,45.76786,4.93658,Plein jour,En agglomération,Intersection en X,Normale,Deux véhicules - côté,7,2,3,0,1,1,1,0,1,50,2,2,1,0,0,1,,55.0,autre,voiture,1,2,2,1,3
202200015863,2022-06-27 10:25:00,2022,6,27,10,25,34,34172,21 Rue Jean Vachet,43.59326,3.88258,Plein jour,En agglomération,Intersection en T,Normale,Deux véhicules - côté,4,2,2,0,1,1,1,0,1,30,2,2,1,0,1,0,61.0,35.0,deux_roues,voiture,1,2,3,1,3
202200015864,2022-04-23 10:12:00,2022,4,23,10,12,65,65440,ALSACE LORRAINE (AVENUE),43.251643,0.072692,Plein jour,En agglomération,Hors intersection,Pluie légère,Autre collision,3,2,2,0,1,1,2,0,4,50,1,4,0,0,1,3,64.0,,transport_commun,,1,2,1,2,6
202200015865,2022-06-27 14:45:00,2022,6,27,14,45,33,33529,RD 256,44.57893,-1.12558,Plein jour,Hors agglomération,Hors intersection,Normale,Sans collision,3,2,2,0,1,1,1,0,1,80,1,1,0,0,0,1,68.0,,deux_roues,,1,1,1,1,7
202200015866,2022-04-23 03:20:00,2022,4,23,3,20,65,65440,BRIAND (AVENUE ARISTIDE),43.21996,0.05943,Nuit sans éclairage public,En agglomération,Hors intersection,Normale,Autre collision,3,2,2,0,1,1,1,0,1,50,1,2,0,0,2,0,28.0,,deux_roues,,3,2,1,1,6
202200015867,2022-06-27 00:45:00,2022,6,27,0,45,31,31555,33 A LALANDE (PEAGE NORD),43.65741,1.42807,Nuit avec éclairage allumé,Hors agglomération,Hors intersection,Pluie légère,Deux véhicules - arrière,1,1,2,0,1,3,2,9,1,90,2,3,2,0,0,1,27.0,29.0,voiture,voiture,5,1,1,2,2
202200015868,2022-04-23 11:26:00,2022,4,23,11,26,47,47201,MARNE (AV. DE LA),44.194791,0.607607,Plein jour,En agglomération,Intersection à plus de 4 branches,Pluie légère,Deux véhicules - côté,3,2,5,3,2,2,2,2,1,50,2,2,1,0,0,1,24.0,37.0,deux_roues,voiture,1,2,5,2,3
202200015869,2022-06-27 21:05:00,2022,6,27,21,5,26,26362,ALPES RUE DES,44.92713,4.89977,Nuit avec éclairage allumé,En agglomération,Intersection en T,Normale,Trois véhicules et plus - collisions multiples,4,1, -1,0,1,1,1,0,1,50,3,3,1,0,0,2,84.0,34.0,voiture,deux_roues,5,2,3,1,5
202200015870,2022-06-26 19:40:00,2022,6,26,19,40,22,22215,VILLES MOISAN (RUE DES),48.4980638427,-2.7724544406,Plein jour,En agglomération,Hors intersection,Normale,Autre collision,4,2, -1,-1,1,1,1,0,1,-1,1,1,0,0,0,1,73.0,,voiture,,1,2,1,1,6
202200015871,2022-04-19 12:40:00,2022,4,19,12,40,44,44184,GUTENBERG (RUE JEAN),47.28025,-2.22853,Plein jour,En agglomération,Intersection en X,Normale,Deux véhicules - côté,4,2,2,0,2,3,1,0,1,50,2,2,1,0,0,1,76.0,58.0,voiture,deux_roues,1,2,2,1,3
202200015872,2022-06-27 13:35:00,2022,6,27,13,35,17,17306,PONTAILLAC (DE) (AVENUE),45.620841,-1.036489,Plein jour,En agglomération,Hors intersection,Normale,Autre collision,4,2,2,0,2,1,1,0,1,50,1,2,1,0,0,1,21.0,,voiture,,1,2,1,1,6
202200015873,2022-04-23 20:10:00,2022,4,23,20,10,37,37122,PONT VOLANT (RUE DU),47.3601,0.67049,Crépuscule ou aube,En agglomération,Hors intersection,Normale,Deux véhicules - côté,4,2,2,0,2,1,1,0,1,50,2,2,1,0,1,0,21.0,29.0,voiture,deux_roues,2,2,1,1,3
202200015874,2022-06-27 14:35:00,2022,6,27,14,35,14,14243,D62,49.39667,0.196749,Plein jour,Hors agglomération,Hors intersection,Normale,Autre collision,3,2,2,0,2,3,1,8,1,80,3,3,2,0,0,1,60.0,58.0,deux_roues,deux_roues,1,1,1,1,6
202200015875,2022-04-22 16:10:00,2022,4,22,16,10,37,37122,DOUZILLIERE (RUE DE LA),47.337492173,0.65348804,Plein jour,En agglomération,Hors intersection,Normale,Deux véhicules - frontale,4,2,2,0,1,3,1,0,1,50,2,3,2,0,1,0,58.0,40.0,deux_roues,voiture,1,2,1,1,1
202200015876,2022-06-27 14:55:00,2022,6,27,14,55,13,13103,ROUTE DE JEAN MOULIN-RN 538,43.67351,5.09229,Plein jour,Hors agglomération,Hors intersection,Normale,Autre collision,3,2,2,0,1,1,1,0,1,80,1,2,0,0,0,2,72.0,,voiture,,1,1,1,1,6
202200015877,2022-06-27 11:30:00,2022,6,27,11,30,13,13206,GRIGNAN (RUE),43.29147,5.37385,Plein jour,En agglomération,Hors intersection,Normale,Deux véhicules - arrière,4,1,1,0,1,1,1,0,1,30,2,2,1,0,0,1,62.0,41.0,deux_roues,voiture,1,2,1,1,2
202200015878,2022-04-23 23:30:00,2022,4,23,23,30,33,33063,Cours d'Albret,44.8364,-0.58101,Nuit avec éclairage allumé,En agglomération,Intersection en X,Normale,Deux véhicules - côté,4,2,5,3,1,1,1,4,1,50,2,2,1,0,0,1,23.0,21.0,voiture,deux_roues,5,2,2,1,3