accident_id,datetime,annee,mois,jour,heure,minute,departement,commune_insee,adresse,latitude,longitude,luminosite,agglomeration,intersection,meteo,collision,catr,circ,nbv,vosp,prof,plan,surf,infra,situ,vma,nb_vehicules,nb_usagers,nb_indemnes,nb_tues,nb_blesses_hosp,nb_blesses_legers,age_cond_1,age_cond_2,veh_type_cond_1,veh_type_cond_2,lum_code,agg_code,int_code,atm_code,col_code
202200016064,2022-06-25 04:30:00,2022,6,25,4,30,59,59588,AUTOROUTE A16,51.0322865556,2.4356689452,Nuit sans éclairage public,Hors agglomération,Hors intersection,Normale,Deux véhicules - arrière,1,-1,4,0,1,1,1,0,1,130,2,2,1,0,1,0,56.0,22.0,voiture,voiture,3,1,1,1,2
202200016065,2022-04-22 15:45:00,2022,4,22,15,45,13,13211,A50-Sens Marseille vers Aubagne,43.29245,5.45395,Plein jour,Hors agglomération,Hors intersection,Normale,Deux véhicules - arrière,1,1,3,0,1,1,1,0,1,90,2,4,2,0,0,2,80.0,30.0,voiture,voiture,1,1,1,1,2
202200016066,2022-06-27 14:40:00,2022,6,27,14,40,94,94037,AUTOROUTE A6A,48.81669,2.33714,Plein jour,Hors agglomération,Hors intersection,Normale,Sans collision,1,3,2,0,2,3,1,1,1,50,1,1,0,0,0,1,36.0,,deux_roues,,1,1,1,1,7
202200016067,2022-04-23 14:20:00,2022,4,23,14,20,91,91345,AUTOROUTE A6,48.68767,2.32572,Plein jour,Hors agglomération,Hors intersection,Normale,Deux véhicules - arrière,1,1,3,0,1,1,1,0,1,110,2,2,1,0,0,1,23.0,24.0,utilitaire_camion,utilitaire_camion,1,1,1,1,2
202200016068,2022-06-27 08:24:00,2022,6,27,8,24,91,91617,RN 104,48.64204,2.53554,Plein jour,Hors agglomération,Hors intersection,Normale,Deux véhicules - arrière,2,1,4,0,1,1,1,0,1,90,2,2,1,0,0,1,26.0,39.0,voiture,voiture,1,1,1,1,2
202200016069,2022-10-11 20:10:00,2022,10,11,20,10,93,93072,Avenue Marcel Cachin / Rue Auguste Dewaêle,48.95973,2.38223,Nuit avec éclairage allumé,En agglomération,Intersection en T,Normale,Deux véhicules - arrière,3,2,2,2,1,1,1,0,1,50,2,2,1,0,1,0,34.0,60.0,deux_roues,voiture,5,2,3,1,2
202200016070,2022-04-22 23:45:00,2022,4,22,23,45,92,92036,AUTOROUTE A15,48.9424432251,2.2899144727,Nuit sans éclairage public,Hors agglomération,Hors intersection,Normale,Autre collision,1,3,8,0,2,1,1,2,1,90,1,2,0,0,0,2,24.0,,voiture,,3,1,1,1,6
202200016071,2022-06-27 12:45:00,2022,6,27,12,45,78,78238,A13,48.970475,1.873701,Plein jour,Hors agglomération,Hors intersection,Normale,Deux véhicules - arrière,1,-1,3,0,1,1,1,0,1,130,2,2,1,0,0,1,59.0,56.0,voiture,utilitaire_camion,1,1,1,1,2
202200016072,2022-04-14 20:45:00,2022,4,14,20,45,92,92078,AUTOROUTE A86,48.9283084303,2.3316245851,Crépuscule ou aube,Hors agglomération,Hors intersection,Normale,Deux véhicules - côté,1,3,6,0,1,2,1,0,1,90,2,2,1,0,0,1,31.0,24.0,deux_roues,voiture,2,1,1,1,3
202200016073,2022-06-26 22:36:00,2022,6,26,22,36,92,92072,N118,48.8273423681,2.2244655267,Nuit avec éclairage allumé,Hors agglomération,Hors intersection,Normale,Deux véhicules - côté,2,1,2,0,1,2,1,2,1,70,2,4,3,0,0,1,43.0,23.0,deux_roues,voiture,5,1,1,1,3
202200016074,2022-10-11 11:55:00,2022,10,11,11,55,93,93055,Rue Jules Auffret,48.8904674742,2.4099640635,Plein jour,En agglomération,Hors intersection,Normale,Trois véhicules et plus - en chaîne,3,2,2,0,1,1,1,0,1,50,3,4,2,0,0,2,28.0,53.0,utilitaire_camion,voiture,1,2,1,1,4
202200016075,2022-06-26 16:30:00,2022,6,26,16,30,78,78362,A13,48.975584,1.723973,Plein jour,Hors agglomération,Hors intersection,Normale,Autre collision,1,1,1,0,1,1,1,0,1,70,1,1,0,0,1,0,28.0,,deux_roues,,1,1,1,1,6
202200016076,2022-04-22 07:25:00,2022,4,22,7,25,94,94033,A86.INT,48.8586231423,2.4869211857,Plein jour,Hors agglomération,Hors intersection,Normale,Deux véhicules - arrière,1,3,4,0,1,3,1,0,1,90,2,2,1,0,0,1,27.0,28.0,voiture,deux_roues,1,1,1,1,2
202200016077,2022-06-26 03:00:00,2022,6,26,3,0,92,92051,N13,48.8810060864,2.2720879002,Nuit avec éclairage allumé,Hors agglomération,Hors intersection,Normale,Deux véhicules - arrière,2,1,2,0,2,3,1,1,1,70,2,2,1,0,0,1,30.0,50.0,voiture,voiture,5,1,1,1,2
202200016078,2022-10-11 14:40:00,2022,10,11,14,40,93,93051,Boulevard du Mont d'Est,48.83903,2.54291,Plein jour,En agglomération,Hors intersection,Normale,Trois véhicules et plus - collisions multiples,3,2,5,0,1,1,1,0,1,50,3,3,2,0,0,1,44.0,37.0,voiture,voiture,1,2,1,1,5
202200016079,2022-04-14 13:10:00,2022,4,14,13,10,94,94017,A4,48.8284416936,2.5027316394,Plein jour,Hors agglomération,Hors intersection,Normale,Deux véhicules - côté,1,3,8,0,1,1,1,1,1,90,2,2,0,0,0,2,21.0,25.0,deux_roues,voiture,1,1,1,1,3
202200016080,2022-10-11 18:40:00,2022,10,11,18,40,93,93048,Place du Général de Gaulle,48.867847676,2.4343898732,Plein jour,En agglomération,Hors intersection,Normale,Deux véhicules - frontale,4,1,1,0,1,1,1,0,1,30,2,2,1,0,1,0,67.0,73.0,deux_roues,voiture,1,2,1,1,1
202200016081,2022-04-14 11:15:00,2022,4,14,11,15,93,93051,A4,48.8351523817,2.5760945539,Plein jour,Hors agglomération,Hors intersection,Normale,Deux véhicules - arrière,1,1,3,0,1,1,1,0,8,110,2,2,1,0,0,1,58.0,33.0,deux_roues,utilitaire_camion,1,1,1,1,2
202200016082,2022-06-25 10:44:00,2022,6,25,10,44,78,78133,A13,48.89117,2.0095,Plein jour,Hors agglomération,Hors intersection,Pluie légère,Trois véhicules et plus - en chaîne,1,1,2,0,1,1,2,0,1,110,7,10,6,0,0,4,32.0,21.0,utilitaire_camion,voiture,1,1,1,2,4
202200016083,2022-04-21 12:00:00,2022,4,21,12,0,987,98735,PRINCE HINOI (AVENUE),-17.53547,-149.56516,Plein jour,En agglomération,Hors intersection,Normale,Autre collision,2,2,4,0,1,1,1,0,1,50,1,3,2,0,1,0,29.0,,deux_roues,,1,2,1,1,6
202200016084,2022-06-27 18:10:00,2022,6,27,18,10,92,92036,AUTOROUTE A15,48.9390027228,2.2956647869,Plein jour,Hors agglomération,Hors intersection,Normale,Deux véhicules - arrière,1,3,6,0,1,3,1,0,1,90,2,2,1,0,0,1,31.0,53.0,utilitaire_camion,utilitaire_camion,1,1,1,1,2
202200016085,2022-10-11 11:10:00,2022,10,11,11,10,93,93048,Avenue Gabriel Péri / Rue Carnot,48.8571878611,2.4411794999,Plein jour,En agglomération,Intersection en X,Normale,Deux véhicules - côté,3,2,2,1,1,1,1,0,1,50,2,2,1,0,0,1,44.0,10.0,voiture,deux_roues,1,2,2,1,3
202200016086,2022-04-22 10:00:00,2022,4,22,10,0,974,97411,RAMBAUD (LEOPOLD),-20.88563,55.47139,Plein jour,En agglomération,Hors intersection,Normale,Deux véhicules - arrière,2,1,3,0,1,1,1,0,1,50,2,2,1,0,0,1,52.0,56.0,voiture,utilitaire_camion,1,2,1,1,2
202200016087,2022-06-25 20:15:00,2022,6,25,20,15,93,93066,AUTOROUTE A86,48.9221655771,2.3610144854,Plein jour,Hors agglomération,Hors intersection,Normale,Deux véhicules - côté,1,3,3,0,1,1,1,0,2,90,2,3,2,0,0,1,29.0,42.0,voiture,voiture,1,1,1,1,3
202200016088,2022-10-11 12:55:00,2022,10,11,12,55,93,93079,Route de Saint-leu,48.954370732,2.3348750174,Plein jour,En agglomération,Hors intersection,Normale,Autre collision,3,2,2,0,1,1,1,0,1,50,1,2,1,0,0,1,,,deux_roues,,1,2,1,1,6
202200016089,2022-04-22 20:00:00,2022,4,22,20,0,974,97409,CAMBUSTON (rue de),-20.932617,55.648455,Nuit avec éclairage allumé,En agglomération,Autre intersection,Pluie forte,Deux véhicules - côté,4,2,1,0,1,1,2,9,1,50,2,2,1,0,0,1,35.0,48.0,deux_roues,voiture,5,2,9,3,3
202200016090,2022-06-25 17:30:00,2022,6,25,17,30,93,93005,AUTOROUTE A3,48.9507985275,2.4743666025,Plein jour,Hors agglomération,Hors intersection,Pluie légère,Deux véhicules - arrière,1,3,2,0,1,1,2,0,1,70,2,3,0,0,0,3,25.0,83.0,utilitaire_camion,voiture,1,1,1,2,2
202200016091,2022-04-22 12:07:00,2022,4,22,12,7,973,97302,MONTABO (ROUTE DE) 3,4.934695712,-52.2917944193,Plein jour,En agglomération,Hors intersection,Normale,Deux véhicules - côté,3,2,2,0,1,1,1,0,1,70,2,2,1,0,0,1,64.0,40.0,deux_roues,voiture,1,2,1,1,3
202200016092,2022-10-11 18:30:00,2022,10,11,18,30,93,93010,Avenue Galliéni,48.9061737322,2.4831607907,Crépuscule ou aube,En agglomération,Intersection en T,Normale,Deux véhicules - côté,3,3,6,0,1,1,1,0,1,50,2,2,1,0,1,0,,22.0,voiture,deux_roues,2,2,3,1,3
202200016093,2022-06-25 04:40:00,2022,6,25,4,40,93,93053,AUTOROUTE A3,48.89594,2.47054,Nuit sans éclairage public,Hors agglomération,Hors intersection,Normale,Trois véhicules et plus - en chaîne,1,3,8,0,1,1,2,0,1,110,3,4,2,0,0,2,37.0,49.0,voiture,utilitaire_camion,3,1,1,1,4
202200016094,2022-04-22 21:50:00,2022,4,22,21,50,69,69388,Avenue Viviani,45.7245612524,4.8712322116,Nuit avec éclairage allumé,En agglomération,Intersection en X,Normale,Deux véhicules - côté,4,2,4,2,1,1,1,0,1,50,2,2,1,0,0,1,30.0,20.0,voiture,deux_roues,5,2,2,1,3
202200016095,2022-10-11 10:50:00,2022,10,11,10,50,92,92051,"VILLIERS (RUE DE, N° 21 A 59)",48.8906761446,2.2790907025,Plein jour,En agglomération,Intersection en T,Normale,Autre collision,4,2,2,0,1,1,1,0,1,50,1,2,1,0,0,1,70.0,,voiture,,1,2,3,1,6
202200016096,2022-04-17 19:10:00,2022,4,17,19,10,972,97209,RN9,14.598953,-61.051664,Nuit avec éclairage allumé,Hors agglomération,Hors intersection,Normale,Sans collision,2,-1,0,0,1,1,1,9,8,30,1,1,0,0,1,0,36.0,,autre,,5,1,1,1,7
202200016097,2022-06-27 16:40:00,2022,6,27,16,40,77,77372,A104,48.8825796143,2.6679437381,Plein jour,Hors agglomération,Hors intersection,Normale,Autre collision,1,1,3,0,1,1,1,0,1,90,2,2,1,0,0,1,46.0,36.0,utilitaire_camion,voiture,1,1,1,1,6
202200016098,2022-06-26 21:45:00,2022,6,26,21,45,94,94018,A4,48.8176590351,2.4128117856,Crépuscule ou aube,Hors agglomération,Hors intersection,Normale,Autre collision,1,1,1,0,3,2,1,3,1,90,1,1,0,0,0,1,62.0,,utilitaire_camion,,2,1,1,1,6
202200016099,2022-10-11 13:20:00,2022,10,11,13,20,92,92026,MISSION MARCHAND (COTE PAIR),48.8977248965,2.2401380539,Plein jour,En agglomération,Intersection à plus de 4 branches,Normale,Deux véhicules - côté,3,2,4,0,1,1,1,0,1,50,2,2,1,0,0,1,34.0,32.0,deux_roues,deux_roues,1,2,5,1,3
202200016100,2022-06-26 15:52:00,2022,6,26,15,52,94,94028,A86 EXT,48.7776016949,2.4400786182,Plein jour,Hors agglomération,Hors intersection,Normale,Deux véhicules - arrière,1,3,4,0,2,2,1,0,1,90,2,2,1,1,0,0,63.0,25.0,utilitaire_camion,voiture,1,1,1,1,2
202200016101,2022-04-22 17:10:00,2022,4,22,17,10,69,69202,180 Avenue Maréchal Foch,45.74042,4.80474,Plein jour,En agglomération,Intersection en T,Normale,Deux véhicules - arrière,4,2,2,0,2,1,1,0,1,50,2,4,3,0,0,1,21.0,31.0,voiture,voiture,1,2,3,1,2
202200016102,2022-10-11 19:00:00,2022,10,11,19,0,92,92012,JOSEPH BERNARD (RUE),48.8442132474,2.2501113117,Crépuscule ou aube,En agglomération,Intersection en Y,Normale,Deux véhicules - côté,4,-1,2,0,1,1,1,0,1,50,1,2,1,0,0,1,81.0,,voiture,,2,2,4,1,3
202200016103,2022-06-26 01:15:00,2022,6,26,1,15,77,77517,A104.INT,48.90703,2.63933,Nuit sans éclairage public,Hors agglomération,Hors intersection,Normale,Autre collision,1,3,3,0,1,2,1,0,1,90,2,2,1,0,0,1,28.0,28.0,voiture,voiture,3,1,1,1,6
202200016104,2022-04-22 12:40:00,2022,4,22,12,40,69,69034,37 Chemin de Crépieux,45.80102,4.85518,Plein jour,En agglomération,Intersection en X,Normale,Deux véhicules - frontale,7,2,2,3,1,1,1,5,1,50,2,2,1,0,0,1,42.0,46.0,voiture,deux_roues,1,2,2,1,1
202200016105,2022-06-26 03:00:00,2022,6,26,3,0,35,35238,SAINT-CAST (QUAI),48.111469,-1.686106,Nuit avec éclairage allumé,En agglomération,Hors intersection,Normale,Deux véhicules - arrière,4,1,1,2,1,1,1,0,1,50,2,2,1,0,0,1,23.0,22.0,voiture,deux_roues,5,2,1,1,2
202200016106,2022-10-11 07:40:00,2022,10,11,7,40,92,92012,ANATOLE FRANCE (BOULEVARD) 5/FIN,48.8488887393,2.2409496903,Plein jour,En agglomération,Hors intersection,Normale,Deux véhicules - arrière,4,3,2,0,1,1,1,0,1,50,2,2,1,0,0,1,66.0,17.0,voiture,deux_roues,1,2,1,1,2
202200016107,2022-04-22 18:40:00,2022,4,22,18,40,2B,2B120,11 - RT,42.64871,9.44044,Plein jour,Hors agglomération,Hors intersection,Normale,Trois véhicules et plus - en chaîne,2,3,4,0,2,1,1,0,1,70,3,3,0,0,0,3,27.0,45.0,voiture,voiture,1,1,1,1,4
202200016108,2022-06-26 15:00:00,2022,6,26,15,0,33,33009,DESBIEY (CRS) DU 99 ET +,44.65662,-1.16024,Plein jour,En agglomération,Intersection en X,Normale,Deux véhicules - côté,4,2,2,0,1,1,1,0,1,50,2,2,1,0,1,0,63.0,66.0,voiture,deux_roues,1,2,2,1,3
202200016109,2022-10-10 13:10:00,2022,10,10,13,10,92,92009,PIERRE JOIGNEAUX,48.91059,2.26085,Plein jour,En agglomération,Intersection en X,Normale,Deux véhicules - frontale,4,2,2,0,1,1,1,0,1,50,2,2,1,0,0,1,49.0,19.0,utilitaire_camion,deux_roues,1,2,2,1,1
202200016110,2022-04-22 05:30:00,2022,4,22,5,30,971,97113,RN4 - SECTION RIVIERA,16.217765184,-61.4918518066,Crépuscule ou aube,Hors agglomération,Hors intersection,Normale,Autre collision,2,2,2,0,1,1,1,0,3,70,1,2,1,0,0,1,23.0,,voiture,,2,1,1,1,6
202200016111,2022-04-24 07:30:00,2022,4,24,7,30,19,19229,A89 PK 179.700,45.1616956826,1.428565979,Crépuscule ou aube,Hors agglomération,Hors intersection,Pluie forte,Deux véhicules - arrière,1,3,4,0,2,2,2,0,1,130,2,9,6,1,0,2,54.0,55.0,utilitaire_camion,voiture,2,1,1,3,2
202200016112,2022-10-11 19:40:00,2022,10,11,19,40,92,92002,DIVISION LECLERC (53 A 217 - 58 A 186),48.7476438577,2.3038163781,Crépuscule ou aube,En agglomération,Hors intersection,Normale,Deux véhicules - côté,3,2,2,1,1,1,1,0,1,50,2,2,1,0,0,1,43.0,60.0,deux_roues,voiture,2,2,1,1,3
202200016113,2022-04-21 22:40:00,2022,4,21,22,40,971,97113,RN4 - SECTION RIVIERA,16.2177033725,-61.4925169945,Nuit avec éclairage allumé,Hors agglomération,Autre intersection,Normale,Deux véhicules - côté,2,-1,2,0,1,1,1,0,1,70,2,2,1,0,1,0,62.0,27.0,deux_roues,utilitaire_camion,5,1,9,1,3
202200016114,2022-06-26 17:00:00,2022,6,26,17,0,69,69388,Avenue des Frères Lumière,45.74304,4.8769,Plein jour,En agglomération,Intersection en X,Normale,Autre collision,4,1,1,3,1,1,1,-1,4,50,1,1,0,0,0,1,56.0,,voiture,,1,2,2,1,6
202200016115,2022-04-21 12:40:00,2022,4,21,12,40,95,95277,RD 317,48.97872,2.46507,Plein jour,Hors agglomération,Hors intersection,Normale,Deux véhicules - côté,3,3,4,0,1,1,1,2,1,90,2,2,1,0,1,0,30.0,42.0,deux_roues,utilitaire_camion,1,1,1,1,3
202200016116,2022-09-02 01:25:00,2022,9,2,1,25,35,35002,Lieu Dit le Feuillage,47.998871,-1.514102,Nuit sans éclairage public,Hors agglomération,Hors intersection,Pluie légère,Autre collision,3,2,2,0,1,1,2,0,3,80,2,4,3,0,0,1,41.0,,voiture,autre,3,1,1,2,6
202200016117,2022-06-26 13:50:00,2022,6,26,13,50,69,69387,Rue Sébastien Gryphe,45.7524,4.84435,Plein jour,En agglomération,Intersection en X,Normale,Deux véhicules - côté,4,1,1,2,1,1,1,0,1,50,2,2,1,0,0,1,20.0,19.0,voiture,deux_roues,1,2,2,1,3
202200016118,2022-04-22 18:50:00,2022,4,22,18,50,95,95582,BD GAMBETTA,48.97795,2.24128,Plein jour,En agglomération,Hors intersection,Normale,Autre collision,3,2,2,0,1,1,1,0,1,30,1,2,1,0,0,1,28.0,,voiture,,1,2,1,1,6
202200016119,2022-04-20 21:36:00,2022,4,20,21,36,91,91433,MOULINS (RUE DES),48.45054,2.18295,Nuit avec éclairage allumé,En agglomération,Hors intersection,Normale,Sans collision,4,2,2,0,1,1,1,0,1,50,1,2,1,0,0,1,17.0,,deux_roues,,5,2,1,1,7
202200016120,2022-09-29 15:40:00,2022,9,29,15,40,40,40065,Rue Jean-baptiste Gabarra,43.642104,-1.430444,Plein jour,En agglomération,Intersection en X,Pluie forte,Deux véhicules - frontale,4,2,2,0,1,1,2,0,1,50,2,3,2,0,1,0,45.0,17.0,voiture,deux_roues,1,2,2,3,1
202200016121,2022-06-26 07:40:00,2022,6,26,7,40,972,97213,DEPARTEMENTALE 28,14.62807,-60.9722,Plein jour,Hors agglomération,Hors intersection,Pluie forte,Deux véhicules - côté,3,2,2,0,2,4,2,0,1,70,2,12,11,0,0,1,33.0,56.0,transport_commun,voiture,1,1,1,3,3
202200016122,2022-04-08 19:55:00,2022,4,8,19,55,89,89287,LIBERTE (AVENUE),48.17416,3.22671,Crépuscule ou aube,Hors agglomération,Hors intersection,Pluie forte,Deux véhicules - frontale,3,2,2,0,1,1,3,0,1,80,2,3,0,0,0,3,37.0,30.0,voiture,voiture,2,1,1,3,1
202200016123,2022-10-11 12:15:00,2022,10,11,12,15,44,44188,D117,47.058213,-1.615516,Plein jour,Hors agglomération,Hors intersection,Normale,Deux véhicules - arrière,3,3,4,0,1,1,1,0,2,110,2,2,1,0,1,0,32.0,17.0,utilitaire_camion,deux_roues,1,1,1,1,2
202200016124,2022-06-23 21:55:00,2022,6,23,21,55,972,97213,ROUTE NATIONALE 1,14.6584584,-60.971909,Nuit sans éclairage public,Hors agglomération,Autre intersection,Normale,Deux véhicules - arrière,2,2,2,0,2,1,1,0,1,80,2,2,0,0,0,2,24.0,37.0,voiture,deux_roues,3,1,9,1,2
202200016125,2022-04-21 13:03:00,2022,4,21,13,3,87,87085,DUTREIX (RUE ARMAND),45.83085,1.24477,Plein jour,En agglomération,Intersection en T,Normale,Deux véhicules - côté,4,2,2,0,1,1,1,5,1,50,2,2,1,0,0,1,29.0,83.0,voiture,voiture,1,2,3,1,3
202200016126,2022-10-02 10:35:00,2022,10,2,10,35,974,97422,Rue Marius et Ary Leblond,-21.284928,55.519366,Plein jour,En agglomération,Giratoire,Normale,Autre collision,2,2,2,0,1,3,1,0,1,50,1,2,1,0,1,0,61.0,,voiture,,1,2,6,1,6
202200016127,2022-06-26 10:25:00,2022,6,26,10,25,972,97209,RD 41 (ROCADE),14.61153,-61.07938,Plein jour,Hors agglomération,Hors intersection,Pluie légère,Deux véhicules - arrière,3,2,4,0,1,4,2,2,1,90,2,2,1,0,0,1,31.0,46.0,deux_roues,voiture,1,1,1,2,2
202200016128,2022-04-22 23:50:00,2022,4,22,23,50,78,78551,GAMBETTA (AVENUE),48.89722,2.09839,Nuit avec éclairage allumé,En agglomération,Hors intersection,Normale,Deux véhicules - côté,4,2,0,0,1,1,1,0,1,50,2,2,1,0,0,1,44.0,20.0,voiture,deux_roues,5,2,1,1,3
202200016129,2022-06-25 02:20:00,2022,6,25,2,20,972,97209,VICTOR SCHOELCHER (RUE),14.60481,-61.06918,Nuit avec éclairage allumé,En agglomération,Intersection en T,Normale,Deux véhicules - côté,4,1,1,0,1,1,1,0,1,30,2,2,1,0,1,0,42.0,25.0,voiture,deux_roues,5,2,3,1,3
202200016130,2022-10-12 12:40:00,2022,10,12,12,40,26,26339,Autoroute A7 PK108.000,44.618363,4.792957,Plein jour,Hors agglomération,Hors intersection,Temps couvert,Deux véhicules - arrière,1,1,3,0,1,1,1,0,1,130,2,3,1,0,0,2,38.0,35.0,autre,utilitaire_camion,1,1,1,8,2
202200016131,2022-04-22 08:30:00,2022,4,22,8,30,78,78440,PAUL RAOULT (AVENUE),48.98991,1.913231,Plein jour,En agglomération,Hors intersection,Normale,Autre collision,3,3,4,0,1,1,1,0,1,50,2,2,1,0,0,1,22.0,,deux_roues,voiture,1,2,1,1,6
202200016132,2022-10-12 03:40:00,2022,10,12,3,40,83,83070,D559,43.150249,6.402744,Nuit avec éclairage allumé,En agglomération,Hors intersection,Normale,Autre collision,3,2,2,0,1,1,1,0,3,50,1,1,0,0,1,0,50.0,,voiture,,5,2,1,1,6
202200016133,2022-04-22 13:20:00,2022,4,22,13,20,78,78624,POISSY AVENUE DE,48.95879,2.01761,Plein jour,Hors agglomération,Hors intersection,Normale,Deux véhicules - côté,3,2,2,1,1,1,1,0,1,70,2,2,1,0,0,1,59.0,47.0,utilitaire_camion,voiture,1,1,1,1,3
202200016134,2022-06-26 18:56:00,2022,6,26,18,56,69,69286,Avenue du Mont Blanc,45.81236,4.89362,Plein jour,En agglomération,Intersection en X,Normale,Deux véhicules - côté,4,2,2,0,1,1,1,0,1,50,2,4,3,0,0,1,23.0,25.0,voiture,voiture,1,2,2,1,3
202200016135,2022-10-11 21:10:00,2022,10,11,21,10,50,50607,A84 PK 182+760,48.7828807164,-1.26761549,Nuit sans éclairage public,Hors agglomération,Hors intersection,Normale,Deux véhicules - arrière,1,3,4,0,1,1,1,0,1,130,2,3,2,0,1,0,48.0,21.0,utilitaire_camion,voiture,3,1,1,1,2
202200016136,2022-04-22 18:00:00,2022,4,22,18,0,77,77464,CORNILLOT (RUE),48.88412,2.71029,Plein jour,En agglomération,Hors intersection,Normale,Autre collision,4,2,1,0,2,1,1,0,8,10,1,3,2,0,0,1,26.0,,voiture,,1,2,1,1,6
202200016137,2022-06-26 16:20:00,2022,6,26,16,20,69,69034,44 Rue Pasteur,45.78886,4.84021,Plein jour,En agglomération,Hors intersection,Normale,Autre collision,4,2,2,0,1,1,1,0,4,30,1,2,1,0,0,1,38.0,,voiture,,1,2,1,1,6
202200016138,2022-06-26 14:00:00,2022,6,26,14,0,95,95585,Rue de l’Escouvrier,48.9923739042,2.3890328407,Plein jour,En agglomération,Hors intersection,Normale,Deux véhicules - côté,3,2,2,0,1,1,1,0,1,50,2,4,3,0,0,1,40.0,32.0,voiture,voiture,1,2,1,1,3
202200016139,2022-04-22 16:30:00,2022,4,22,16,30,77,77307,D934,48.87767,2.73215,Plein jour,En agglomération,Hors intersection,Normale,Deux véhicules - frontale,3,2,2,0,1,1,1,0,1,70,1,2,1,0,0,1,74.0,,utilitaire_camion,,1,2,1,1,1
202200016140,2022-06-26 19:15:00,2022,6,26,19,15,91,91216,PETIT VAUX (RUE),48.67374,2.32665,Plein jour,En agglomération,Hors intersection,Normale,Sans collision,3,1,1,0,1,1,1,5,4,30,1,1,0,0,1,0,32.0,,deux_roues,,1,2,1,1,7
202200016141,2022-04-22 15:00:00,2022,4,22,15,0,77,77243,MAL DE LATTRE DE TASSIGNY (AVENUE DU),48.8769,2.68478,Plein jour,En agglomération,Hors intersection,Normale,Deux véhicules - côté,4,2,1,0,1,1,1,0,1,30,2,3,2,0,0,1,38.0,20.0,voiture,voiture,1,2,1,1,3
202200016142,2022-06-25 07:45:00,2022,6,25,7,45,91,91326,AV FRANCOIS MITTERRAND,48.696991,2.371778,Plein jour,En agglomération,Hors intersection,Pluie légère,Sans collision,4,3,6,0,1,1,2,1,1,50,1,2,0,0,0,2,29.0,,voiture,,1,2,1,2,7
202200016143,2022-04-22 18:20:00,2022,4,22,18,20,76,76540,Boulevard Ferdinand de Lesseps,49.44483,1.06829,Plein jour,En agglomération,Hors intersection,Normale,Deux véhicules - frontale,7,2,4,0,1,1,1,0,1,50,2,3,1,1,1,0,25.0,32.0,voiture,voiture,1,2,1,1,1
202200016144,2022-06-25 08:09:00,2022,6,25,8,9,91,91027,AV FRANCOIS MITTERRAND,48.70108,2.37174,Plein jour,En agglomération,Hors intersection,Normale,Deux véhicules - côté,3,3,4,0,1,1,1,0,1,50,2,2,1,0,0,1,32.0,33.0,deux_roues,utilitaire_camion,1,2,1,1,3
202200016145,2022-10-07 18:39:00,2022,10,7,18,39,14,14738,A84,49.158052,-0.471699,Crépuscule ou aube,Hors agglomération,Hors intersection,Normale,Trois véhicules et plus - en chaîne,1,3,4,0,1,1,1,0,1,130,6,17,15,0,0,2,45.0,22.0,voiture,voiture,2,1,1,1,4
202200016146,2022-04-12 18:00:00,2022,4,12,18,0,72,72181,MENDES FRANCE PIERRE (AV),48.00727,0.19953,Plein jour,En agglomération,Hors intersection,Temps couvert,Autre collision,4,1,1,0,1,1,1,0,1,30,1,2,1,0,0,1,,,voiture,,1,2,1,8,6
202200016147,2022-06-25 14:10:00,2022,6,25,14,10,83,83123,BANDOL (ROUTE)N° PAIRS,43.12714,5.786122,Plein jour,Hors agglomération,Hors intersection,Normale,Deux véhicules - frontale,3,2,2,0,2,1,1,0,1,50,2,3,1,0,0,2,69.0,16.0,voiture,deux_roues,1,1,1,1,1
202200016148,2022-10-11 13:00:00,2022,10,11,13,0,37,37018,Autoroute A85,47.3080448901,0.6046772003,Plein jour,Hors agglomération,Hors intersection,Normale,Autre collision,1,3,2,0,1,1,1,0,1,130,1,1,0,0,1,0,69.0,,voiture,,1,1,1,1,6
202200016149,2022-04-20 09:20:00,2022,4,20,9,20,71,71497,90 Route de Sennecé,46.3353,4.82659,Plein jour,En agglomération,Hors intersection,Normale,Autre collision,3,2,3,0,1,2,1,0,1,50,1,1,0,1,0,0,72.0,,voiture,,1,2,1,1,6
202200016150,2022-10-11 07:15:00,2022,10,11,7,15,62,62285,D5,50.185813,2.902718,Crépuscule ou aube,Hors agglomération,Hors intersection,Normale,Sans collision,3,2,2,0,3,2,1,0,1,80,1,1,0,0,1,0,26.0,,voiture,,2,1,1,1,7
202200016151,2022-04-21 17:30:00,2022,4,21,17,30,71,71475,LYON (ROUTE DE ),46.768754,4.843388,Plein jour,En agglomération,Hors intersection,Normale,Deux véhicules - côté,4,2,2,0,1,1,1,0,1,50,2,2,1,0,0,1,29.0,33.0,voiture,deux_roues,1,2,1,1,3
202200016152,2022-06-25 10:20:00,2022,6,25,10,20,81,81065,FONTAINES (RD.PT.DES),43.6195535,2.270158,Plein jour,En agglomération,Giratoire,Normale,Deux véhicules - arrière,3,1,2,0,1,2,1,5,1,50,2,2,1,0,1,0,36.0,62.0,voiture,deux_roues,1,2,6,1,2
202200016153,2022-10-11 18:40:00,2022,10,11,18,40,19,19091,D980,45.084409,1.971721,Crépuscule ou aube,Hors agglomération,Hors intersection,Normale,Deux véhicules - côté,3,2,2,0,2,3,1,0,1,90,2,2,1,0,0,1,28.0,43.0,deux_roues,voiture,2,1,1,1,3