accident_id,datetime,annee,mois,jour,heure,minute,departement,commune_insee,adresse,latitude,longitude,luminosite,agglomeration,intersection,meteo,collision,catr,circ,nbv,vosp,prof,plan,surf,infra,situ,vma,nb_vehicules,nb_usagers,nb_indemnes,nb_tues,nb_blesses_hosp,nb_blesses_legers,age_cond_1,age_cond_2,veh_type_cond_1,veh_type_cond_2,lum_code,agg_code,int_code,atm_code,col_code
202200016335,2022-11-16 20:25:00,2022,11,16,20,25,04,04112,GIONO (AV. J.),43.8254,5.78786,Nuit avec éclairage allumé,En agglomération,Autre intersection,Normale,Autre collision,3,1,1,0,2,2,1,0,8,30,1,1,0,0,0,1,70.0,,utilitaire_camion,,5,2,9,1,6
202200016336,2022-11-14 11:50:00,2022,11,14,11,50,03,03310,Rue de la Cascade,46.112442,3.443882,Plein jour,En agglomération,Intersection en X,Normale,Deux véhicules - côté,3,2,2,0,3,1,1,0,1,50,2,2,1,0,1,0,78.0,53.0,voiture,deux_roues,1,2,2,1,3
202200016337,2022-08-23 09:23:00,2022,8,23,9,23,69,69266,Cours Emile Zola,45.76979,4.8779,Plein jour,En agglomération,Intersection en T,Normale,Deux véhicules - côté,4,2,2,2,1,1,1,0,1,50,1,2,1,0,0,1,66.0,,voiture,,1,2,3,1,3
202200016338,2022-05-22 16:55:00,2022,5,22,16,55,69,69383,Rue d'Aubigny,45.76138,4.86385,Plein jour,En agglomération,Intersection en T,Normale,Autre collision,4,2,2,1,1,1,1,0,1,50,1,2,1,0,0,1,50.0,,voiture,,1,2,3,1,6
202200016339,2022-05-21 03:10:00,2022,5,21,3,10,69,69387,Avenue Jean Jaurès,45.7452,4.8418,Nuit avec éclairage allumé,Hors agglomération,Intersection en X,Normale,Deux véhicules - côté,4,2,4,3,1,1,1,0,1,50,2,5,1,0,0,4,,36.0,voiture,voiture,5,1,2,1,3
202200016340,2022-05-20 12:15:00,2022,5,20,12,15,69,69388,Route de Vienne,45.7232233127,4.8540760466,Plein jour,En agglomération,Intersection en T,Normale,Deux véhicules - arrière,4,2,2,3,1,1,1,0,1,50,2,2,1,0,0,1,41.0,50.0,deux_roues,voiture,1,2,3,1,2
202200016341,2022-05-19 08:20:00,2022,5,19,8,20,69,69388,Rue Stéphane Coignet,45.72651,4.87475,Plein jour,En agglomération,Hors intersection,Normale,Autre collision,4,1,1,2,1,1,1,0,1,30,1,2,1,0,0,1,33.0,,utilitaire_camion,,1,2,1,1,6
202200016342,2022-05-15 10:19:00,2022,5,15,10,19,69,69387,Rue Montesquieu,45.75402,4.83959,Plein jour,En agglomération,Intersection en T,Normale,Deux véhicules - côté,4,1,1,2,1,1,1,0,1,30,2,4,3,0,0,1,41.0,34.0,voiture,voiture,1,2,3,1,3
202200016343,2022-05-13 16:20:00,2022,5,13,16,20,69,69383,Rue Bonnand,45.74861,4.8838,Plein jour,En agglomération,Intersection en X,Normale,Deux véhicules - côté,4,1,1,2,1,2,1,0,1,30,2,2,1,0,0,1,45.0,29.0,voiture,voiture,1,2,2,1,3
202200016344,2022-05-12 22:00:00,2022,5,12,22,0,69,69388,Rue Professeur Beauvisage,45.7274560202,4.8621127009,Nuit avec éclairage non allumé,En agglomération,Intersection en X,Normale,Deux véhicules - frontale,4,2,2,2,1,1,1,0,1,50,2,3,2,0,0,1,40.0,,voiture,voiture,4,2,2,1,1
202200016345,2022-05-12 13:10:00,2022,5,12,13,10,69,69388,Rue Villon,45.74343,4.86535,Plein jour,En agglomération,Intersection en X,Normale,Deux véhicules - côté,4,1,1,0,1,1,1,0,1,50,2,4,1,0,0,3,53.0,23.0,voiture,voiture,1,2,2,1,3
202200016346,2022-08-14 15:20:00,2022,8,14,15,20,14,14160,Chemin du Parterre,49.0617373735,-0.2954936028,Plein jour,Hors agglomération,Hors intersection,Normale,Sans collision,4,2,1,0,1,1,1,0,3,80,1,1,0,0,1,0,19.0,,deux_roues,,1,1,1,1,7
202200016347,2022-11-07 09:51:00,2022,11,7,9,51,75,75114,PORTE DE GENTILLY,48.81628,2.337573,Plein jour,En agglomération,Hors intersection,Temps couvert,Deux véhicules - côté,4,1,2,0,1,1,2,0,1,70,2,2,1,0,0,1,27.0,25.0,voiture,deux_roues,1,2,1,8,3
202200016348,2022-11-14 18:55:00,2022,11,14,18,55,75,75113,BOULEVARD DE L HOPITAL,48.835022,2.358152,Nuit avec éclairage allumé,En agglomération,Hors intersection,Normale,Autre collision,4,2,4,3,1,1,1,0,1,30,1,2,0,0,1,1,44.0,,transport_commun,,5,2,1,1,6
202200016349,2022-11-16 13:43:00,2022,11,16,13,43,75,75118,BOULEVARD BARBES,48.883856,2.34476,Plein jour,En agglomération,Intersection en X,Normale,Autre collision,4,3,1,0,1,1,1,0,5,30,1,2,1,0,0,1,28.0,,deux_roues,,1,2,2,1,6
202200016350,2022-11-16 17:40:00,2022,11,16,17,40,75,75117,AVENUE DES TERNES,48.878983,2.292764,Nuit avec éclairage allumé,En agglomération,Intersection en Y,Pluie forte,Autre collision,4,2,4,0,1,1,2,0,1,30,1,2,1,0,0,1,36.0,,deux_roues,,5,2,4,3,6
202200016351,2022-11-16 13:50:00,2022,11,16,13,50,75,75116,ROUTE DE LA PTE DES SABLONS A LA PTE MAI,48.877509,2.269903,Plein jour,En agglomération,Giratoire,Normale,Deux véhicules - côté,4,1,2,0,1,2,1,0,1,30,2,2,1,0,0,1,37.0,24.0,utilitaire_camion,deux_roues,1,2,6,1,3
202200016352,2022-11-16 08:12:00,2022,11,16,8,12,75,75115,RUE DE VOUILLE,48.8351259865,2.3037748039,Plein jour,En agglomération,Intersection en T,Temps couvert,Autre collision,4,2,2,3,1,1,1,0,1,30,1,2,1,0,0,1,82.0,,voiture,,1,2,3,8,6
202200016353,2022-11-16 08:18:00,2022,11,16,8,18,75,75114,AVENUE DE LA PORTE DE CHATILLON,48.822644,2.314833,Crépuscule ou aube,En agglomération,Intersection en X,Temps couvert,Deux véhicules - arrière,4,2,6,3,1,1,2,0,1,30,2,2,1,0,0,1,70.0,30.0,deux_roues,deux_roues,2,2,2,8,2
202200016354,2022-11-15 13:25:00,2022,11,15,13,25,75,75114,RUE MOUTON DUVERNET,48.832014,2.327426,Plein jour,En agglomération,Intersection en X,Pluie légère,Autre collision,4,2,1,0,1,1,2,0,1,30,1,2,1,0,0,1,76.0,,voiture,,1,2,2,2,6
202200016355,2022-11-16 19:15:00,2022,11,16,19,15,75,75113,BOULEVARD KELLERMANN,48.820235,2.347964,Nuit avec éclairage allumé,En agglomération,Intersection en T,Pluie légère,Deux véhicules - côté,4,3,4,1,2,3,2,0,5,50,2,3,2,0,0,1,25.0,19.0,voiture,deux_roues,5,2,3,2,3
202200016356,2022-11-16 17:20:00,2022,11,16,17,20,75,75113,AVENUE CLAUDE REGAUD,48.821545,2.372469,Nuit avec éclairage allumé,En agglomération,Intersection en X,Pluie légère,Deux véhicules - côté,4,2,2,0,1,1,2,0,1,30,2,2,0,0,0,2,13.0,36.0,deux_roues,deux_roues,5,2,2,2,3
202200016357,2022-11-16 22:40:00,2022,11,16,22,40,75,75112,BOULEVARD DIDEROT,48.847342,2.386772,Nuit avec éclairage allumé,En agglomération,Intersection en X,Pluie légère,Autre collision,4,2,3,0,1,1,2,0,1,30,1,2,1,0,0,1,46.0,,voiture,,5,2,2,2,6
202200016358,2022-11-16 10:10:00,2022,11,16,10,10,75,75101,QUAI FRANCOIS MITTERRAND,48.859002,2.33985,Plein jour,En agglomération,Intersection en X,Normale,Deux véhicules - arrière,4,1,4,3,1,1,2,0,1,30,2,2,1,0,0,1,28.0,41.0,utilitaire_camion,utilitaire_camion,1,2,2,1,2
202200016359,2022-11-16 09:05:00,2022,11,16,9,5,75,75102,RUE GRENETA,48.865481,2.353229,Plein jour,En agglomération,Intersection en Y,Temps couvert,Deux véhicules - côté,4,1,2,1,1,1,2,0,1,30,2,2,1,0,0,1,21.0,37.0,deux_roues,deux_roues,1,2,4,8,3
202200016360,2022-11-15 10:20:00,2022,11,15,10,20,75,75104,RUE SAINT ANTOINE,48.853973,2.364797,Plein jour,En agglomération,Intersection en X,Pluie légère,Deux véhicules - côté,4,2,4,1,1,1,2,0,5,30,2,2,1,0,0,1,51.0,39.0,deux_roues,voiture,1,2,2,2,3
202200016361,2022-11-16 08:00:00,2022,11,16,8,0,94,94080,FRANCE (R DE),48.848162,2.45043,Plein jour,En agglomération,Hors intersection,Normale,Deux véhicules - côté,9,1,1,0,1,1,1,0,1,50,1,2,1,0,0,1,66.0,,voiture,,1,2,1,1,3
202200016362,2022-11-16 19:50:00,2022,11,16,19,50,94,94074,theodule jourdain,48.77036,2.44668,Nuit avec éclairage allumé,En agglomération,Giratoire,Pluie légère,Deux véhicules - côté,3,1,2,0,1,1,2,0,1,50,2,2,1,0,0,1,58.0,23.0,transport_commun,voiture,5,2,6,2,3
202200016363,2022-11-16 17:05:00,2022,11,16,17,5,94,94046,Avenue du Général Leclerc,48.81089,2.43226,Crépuscule ou aube,En agglomération,Hors intersection,Pluie légère,Deux véhicules - côté,9,2,2,0,1,1,2,0,1,50,2,2,1,0,0,1,11.0,29.0,deux_roues,voiture,2,2,1,2,3
202200016364,2022-11-16 17:40:00,2022,11,16,17,40,94,94076,VERDUN (R DE),48.79128,2.35366,Nuit avec éclairage allumé,En agglomération,Hors intersection,Pluie légère,Autre collision,4,2,2,0,2,1,2,0,1,50,1,2,1,0,0,1,32.0,,deux_roues,,5,2,1,2,6
202200016365,2022-11-16 12:50:00,2022,11,16,12,50,94,94003,Avenue Aristide Briand,48.80566,2.32574,Plein jour,En agglomération,Hors intersection,Temps couvert,Deux véhicules - côté,3,1,3,0,1,1,1,0,1,50,2,2,1,0,0,1,27.0,79.0,utilitaire_camion,deux_roues,1,2,1,8,3
202200016366,2022-11-16 11:05:00,2022,11,16,11,5,94,94033,Avenue de la République / Rue Mirabeau,48.852404,2.462937,Plein jour,En agglomération,Place,Pluie légère,Deux véhicules - côté,3,2,2,0,2,1,2,9,1,50,2,2,1,0,0,1,35.0,44.0,voiture,utilitaire_camion,1,2,7,2,3
202200016367,2022-11-16 12:10:00,2022,11,16,12,10,94,94055,Route de Provins,48.79288,2.554,Plein jour,En agglomération,Hors intersection,Normale,Deux véhicules - arrière,3,2,4,0,1,1,1,0,1,50,2,2,1,0,0,1,37.0,37.0,utilitaire_camion,voiture,1,2,1,1,2
202200016368,2022-11-15 19:40:00,2022,11,15,19,40,94,94017,Rue du Docteur Bring / Rue de Chennevieres,48.8179634688,2.539091811,Nuit avec éclairage allumé,En agglomération,Intersection en X,Pluie légère,Autre collision,4,2,2,0,1,1,2,0,1,50,1,2,1,0,0,1,42.0,,voiture,,5,2,2,2,6
202200016369,2022-07-29 17:40:00,2022,7,29,17,40,49,49120,Route des Jubeaux,47.397614,-0.615516,Plein jour,Hors agglomération,Intersection en T,Normale,Deux véhicules - côté,3,2,2,0,1,2,1,0,1,80,2,2,1,0,1,0,48.0,52.0,voiture,deux_roues,1,1,3,1,3
202200016370,2022-11-15 12:00:00,2022,11,15,12,0,94,94079,Rue de Noisy / Avenue Montrichard,48.83226,2.54515,Plein jour,En agglomération,Intersection en X,Pluie légère,Autre collision,4,2,2,0,1,1,2,6,1,50,1,2,1,0,0,1,50.0,,voiture,,1,2,2,2,6
202200016371,2022-07-28 17:25:00,2022,7,28,17,25,42,42185,463 Rue de la Loire,45.586871,4.249681,Plein jour,En agglomération,Hors intersection,Normale,Deux véhicules - côté,3,2,2,0,1,1,1,0,1,50,2,2,1,0,1,0,36.0,57.0,voiture,deux_roues,1,2,1,1,3
202200016372,2022-07-28 09:40:00,2022,7,28,9,40,42,42039,Route de Jeansagnière,45.708577,3.856802,Plein jour,Hors agglomération,Hors intersection,Normale,Sans collision,3,2,2,0,2,3,1,0,1,50,1,1,0,0,1,0,52.0,,deux_roues,,1,1,1,1,7
202200016373,2022-11-16 19:00:00,2022,11,16,19,0,94,94017,Boulevard Jules Guesde / Rue Fernand Pelloutier,48.81908,2.50882,Nuit avec éclairage allumé,En agglomération,Intersection en T,Pluie forte,Autre collision,4,2,2,0,1,1,2,0,1,30,1,3,1,0,0,2,20.0,,voiture,,5,2,3,3,6
202200016374,2022-07-28 10:40:00,2022,7,28,10,40,42,42019,Place de l'Hôtel de Ville,45.74586,4.004291,Plein jour,En agglomération,Hors intersection,Normale,Autre collision,3,2,2,0,1,3,1,0,1,50,1,3,2,0,1,0,53.0,,voiture,,1,2,1,1,6
202200016375,2022-11-16 17:20:00,2022,11,16,17,20,94,94075,MARECHAL DE LATTRE DE TASSIGNY (AV),48.727747,2.529848,Nuit sans éclairage public,Hors agglomération,Hors intersection,Pluie forte,Sans collision,2,3,5,0,1,1,2,0,1,50,1,1,0,0,0,1,78.0,,voiture,,3,1,1,3,7
202200016376,2022-07-29 16:30:00,2022,7,29,16,30,47,47021,D655,44.1795150921,0.2485370618,Plein jour,Hors agglomération,Hors intersection,Normale,Sans collision,3,2,2,0,1,1,1,0,1,80,1,1,0,0,1,0,58.0,,voiture,,1,1,1,1,7
202200016377,2022-11-16 12:15:00,2022,11,16,12,15,94,94071,Route de la Queue-en-brie / Avenue Gabriel Péri,48.7615026216,2.5332391262,Plein jour,En agglomération,Giratoire,Normale,Deux véhicules - côté,3,2,2,0,1,1,1,0,8,50,2,2,1,0,0,1,85.0,66.0,voiture,deux_roues,1,2,6,1,3
202200016378,2022-07-29 14:50:00,2022,7,29,14,50,41,41242,Boulevard Kléber Lousteau,47.277723,1.558019,Plein jour,En agglomération,Intersection en T,Normale,Deux véhicules - côté,3,2,2,0,1,1,1,5,1,50,2,2,1,0,1,0,80.0,68.0,voiture,voiture,1,2,3,1,3
202200016379,2022-07-26 14:45:00,2022,7,26,14,45,86,86286,Route du Milleron,46.891365,0.164173,Plein jour,Hors agglomération,Hors intersection,Normale,Autre collision,3,2,2,0,1,2,1,0,3,80,1,1,0,0,1,0,32.0,,deux_roues,,1,1,1,1,6
202200016380,2022-11-16 15:24:00,2022,11,16,15,24,93,93070,Rue Adrien Meslier,48.9127544218,2.332714498,Plein jour,En agglomération,Hors intersection,Pluie forte,Deux véhicules - côté,4,1,1,0,1,1,2,0,8,30,2,4,2,0,0,2,46.0,46.0,autre,autre,1,2,1,3,3
202200016381,2022-07-29 19:25:00,2022,7,29,19,25,44,44119,La Croix des Brosses,46.979517,-1.776062,Plein jour,Hors agglomération,Intersection en X,Normale,Deux véhicules - côté,3,2,1,0,1,1,1,5,1,80,2,2,1,1,0,0,22.0,37.0,voiture,deux_roues,1,1,2,1,3
202200016382,2022-11-16 17:05:00,2022,11,16,17,5,93,93051,Boulevard du Mont d'Est / Rue Galilée,48.84331,2.54695,Nuit avec éclairage allumé,En agglomération,Intersection en X,Pluie légère,Autre collision,3,2,4,0,1,1,2,0,1,15,1,2,1,0,0,1,41.0,,voiture,,5,2,2,2,6
202200016383,2022-07-29 13:30:00,2022,7,29,13,30,35,35023,Citois,48.196642,-1.940277,Plein jour,Hors agglomération,Hors intersection,Normale,Deux véhicules - arrière,3,2,2,0,2,1,1,0,1,80,2,2,1,0,1,0,17.0,81.0,deux_roues,voiture,1,1,1,1,2
202200016384,2022-11-16 17:56:00,2022,11,16,17,56,93,93050,Avenue du Dauphine,48.86867,2.53347,Nuit avec éclairage non allumé,En agglomération,Hors intersection,Pluie légère,Deux véhicules - côté,4,2,2,2,1,1,2,0,5,50,2,2,1,0,0,1,55.0,51.0,deux_roues,voiture,4,2,1,2,3
202200016385,2022-07-30 06:45:00,2022,7,30,6,45,29,29266,D712 - Koad Ar C’hastell,48.5204561,-3.931131,Crépuscule ou aube,Hors agglomération,Hors intersection,Normale,Autre collision,3,2,2,0,2,1,1,0,3,80,1,2,0,0,0,2,17.0,,voiture,,2,1,1,1,6
202200016386,2022-07-11 07:35:00,2022,7,11,7,35,31,31183,route principale,43.084205,0.896909,Plein jour,En agglomération,Hors intersection,Normale,Deux véhicules - frontale,3,2,2,0,1,2,1,0,1,30,2,2,1,0,0,1,76.0,47.0,voiture,utilitaire_camion,1,2,1,1,1
202200016387,2022-11-16 00:15:00,2022,11,16,0,15,93,93048,Rue Lenain de Tillemont / Rue du Bel Air,48.860708,2.459773,Nuit avec éclairage allumé,En agglomération,Intersection en X,Normale,Deux véhicules - côté,4,2,2,0,1,1,2,0,1,50,2,2,1,0,0,1,35.0,18.0,voiture,voiture,5,2,2,1,3
202200016388,2022-07-30 09:30:00,2022,7,30,9,30,02,02408,D7,49.566948,3.569784,Plein jour,Hors agglomération,Hors intersection,Normale,Sans collision,3,2,2,0,1,3,1,0,8,80,1,1,0,0,1,0,29.0,,deux_roues,,1,1,1,1,7
202200016389,2022-11-16 17:30:00,2022,11,16,17,30,92,92072,LECLERC (AVENUE DE LA DIVISION),48.8245487581,2.2200751305,Nuit avec éclairage allumé,En agglomération,Intersection en T,Pluie légère,Deux véhicules - arrière,3,2,2,0,2,1,2,0,1,50,2,2,1,0,0,1,50.0,47.0,deux_roues,voiture,5,2,3,2,2
202200016390,2022-07-28 18:15:00,2022,7,28,18,15,06,06032,D6007,43.725913,7.39599,Plein jour,En agglomération,Hors intersection,Normale,Deux véhicules - côté,7,2,2,0,2,2,1,0,1,50,2,2,1,0,1,0,51.0,36.0,deux_roues,voiture,1,2,1,1,3
202200016391,2022-11-15 19:30:00,2022,11,15,19,30,92,92063,DOUMER (AVENUE PAUL) EST,48.88268,2.18858,Nuit avec éclairage allumé,En agglomération,Autre intersection,Temps couvert,Autre collision,3,1,2,0,1,1,2,0,1,50,1,2,1,0,0,1,55.0,,voiture,,5,2,9,8,6
202200016392,2022-07-30 16:30:00,2022,7,30,16,30,05,05164,N94,44.534975,6.391924,Plein jour,Hors agglomération,Intersection en Y,Normale,Deux véhicules - côté,2,2,2,0,1,1,1,5,1,70,2,3,1,0,2,0,47.0,59.0,voiture,deux_roues,1,1,4,1,3
202200016393,2022-11-14 22:05:00,2022,11,14,22,5,92,92063,COLMAR (AVENUE DE),48.88726,2.18166,Nuit avec éclairage allumé,En agglomération,Hors intersection,Autre,Deux véhicules - côté,3,2,4,1,1,1,2,0,1,50,2,2,1,0,0,1,33.0,21.0,deux_roues,utilitaire_camion,5,2,1,9,3
202200016394,2022-07-29 20:00:00,2022,7,29,20,0,50,50273,Route des Landes - Pretot,49.325374,-1.465065,Plein jour,Hors agglomération,Hors intersection,Normale,Sans collision,3,2,2,0,1,1,1,0,3,80,1,2,0,0,1,1,56.0,,deux_roues,,1,1,1,1,7
202200016395,2022-07-30 07:00:00,2022,7,30,7,0,60,60509,D1017,49.286567,2.602285,Plein jour,Hors agglomération,Hors intersection,Normale,Autre collision,3,2,2,0,2,1,1,0,1,80,1,1,0,0,1,0,32.0,,deux_roues,,1,1,1,1,6
202200016396,2022-11-16 13:07:00,2022,11,16,13,7,92,92051,"ACHILLE PERETTI (AVENUE,  N° 98 A 166 ET",48.8838220915,2.2715587914,Plein jour,En agglomération,Autre intersection,Normale,Deux véhicules - côté,4,-1,2,0,1,1,1,0,1,50,2,2,1,0,0,1,71.0,50.0,deux_roues,voiture,1,2,9,1,3
202200016397,2022-07-30 11:00:00,2022,7,30,11,0,64,64436,D918,43.234745,-1.296891,Plein jour,En agglomération,Intersection en T,Normale,Deux véhicules - côté,3,2,2,0,1,1,1,5,1,50,2,2,1,0,1,0,45.0,62.0,deux_roues,utilitaire_camion,1,2,3,1,3
202200016398,2022-11-16 08:50:00,2022,11,16,8,50,92,92050,SAINT CLOUD RUE DE,48.88572,2.20104,Plein jour,En agglomération,Intersection en X,Normale,Deux véhicules - côté,4,1,1,0,2,1,2,0,1,50,2,2,1,0,0,1,23.0,59.0,voiture,deux_roues,1,2,2,1,3
202200016399,2022-11-16 14:25:00,2022,11,16,14,25,92,92026,BOULEVARD CIRCULAIRE,48.89442,2.24416,Plein jour,En agglomération,Hors intersection,Pluie légère,Deux véhicules - arrière,2,1,3,0,1,1,2,0,1,50,2,2,1,0,0,1,75.0,55.0,voiture,voiture,1,2,1,2,2
202200016400,2022-07-30 07:20:00,2022,7,30,7,20,43,43268,N88,45.158842,4.130731,Plein jour,Hors agglomération,Hors intersection,Normale,Deux véhicules - frontale,2,2,2,0,1,1,1,0,1,70,2,6,0,0,5,1,20.0,34.0,voiture,voiture,1,1,1,1,1
202200016401,2022-11-15 20:10:00,2022,11,15,20,10,92,92025,GABRIEL PERI (RUE),48.918317,2.23904,Nuit avec éclairage allumé,En agglomération,Hors intersection,Pluie légère,Autre collision,3,2,2,0,1,1,2,6,1,30,1,2,1,0,0,1,53.0,,deux_roues,,5,2,1,2,6
202200016402,2022-11-15 12:20:00,2022,11,15,12,20,92,92026,DOCTEUR DERVAUX  ( QUAI DU ),48.90301,2.28347,Plein jour,En agglomération,Intersection en X,Normale,Deux véhicules - arrière,3,1,4,0,1,1,1,0,1,50,2,2,1,0,0,1,33.0,28.0,utilitaire_camion,voiture,1,2,2,1,2
202200016403,2022-07-30 11:45:00,2022,7,30,11,45,07,07338,D14,44.908596,4.651937,Plein jour,Hors agglomération,Intersection en X,Normale,Deux véhicules - côté,3,2,2,0,1,1,1,0,1,80,2,3,1,0,0,2,33.0,42.0,deux_roues,utilitaire_camion,1,1,2,1,3
202200016404,2022-11-16 20:50:00,2022,11,16,20,50,92,92002,JEAN-CHARLES PERSIL (RUE),48.7531580069,2.298895061,Nuit avec éclairage allumé,En agglomération,Hors intersection,Pluie légère,Autre collision,4,1,1,0,1,1,2,0,1,30,1,2,1,0,0,1,30.0,,deux_roues,,5,2,1,2,6
202200016405,2022-07-29 16:10:00,2022,7,29,16,10,07,07199,,44.485017,4.262502,Plein jour,Hors agglomération,Intersection en Y,Pluie légère,Deux véhicules - côté,3,2,2,0,1,2,2,0,1,70,2,3,1,0,0,2,57.0,55.0,voiture,deux_roues,1,1,4,2,3
202200016406,2022-11-16 08:05:00,2022,11,16,8,5,92,92002,ADOLPHE PAJEAUD (RUE),48.7397380092,2.2785360217,Plein jour,En agglomération,Hors intersection,Temps couvert,Trois véhicules et plus - en chaîne,3,1,2,0,1,1,2,0,1,50,3,3,2,0,0,1,47.0,65.0,voiture,voiture,1,2,1,8,4
202200016407,2022-07-30 10:30:00,2022,7,30,10,30,53,53209,D120,48.02932,-0.992009639,Plein jour,Hors agglomération,Hors intersection,Normale,Autre collision,3,2,2,0,1,1,1,0,3,80,1,1,0,0,1,0,19.0,,voiture,,1,1,1,1,6
202200016408,2022-11-16 15:47:00,2022,11,16,15,47,47,47057,01 rue Henri DUNANT,44.65165,0.592468,Plein jour,En agglomération,Autre intersection,Normale,Sans collision,3,2,2,0,3,1,1,0,4,50,1,2,1,1,0,0,42.0,,utilitaire_camion,,1,2,9,1,7
202200016409,2022-07-29 17:00:00,2022,7,29,17,0,40,40197,Avenue Nelson Gaston,44.027469,-0.907997,Plein jour,En agglomération,Hors intersection,Normale,Autre collision,3,2,2,0,1,1,1,0,4,50,1,1,0,1,0,0,70.0,,voiture,,1,2,1,1,6
202200016410,2022-11-16 09:30:00,2022,11,16,9,30,67,67538,D919,48.921992,7.345905,Plein jour,Hors agglomération,Hors intersection,Temps couvert,Sans collision,3,2,2,0,1,1,6,0,1,80,1,1,0,0,1,0,39.0,,voiture,,1,1,1,8,7
202200016411,2022-07-29 14:55:00,2022,7,29,14,55,04,04049,Le Barrasson,44.078722,5.994222,Plein jour,En agglomération,Hors intersection,Autre,Deux véhicules - frontale,3,2,2,0,2,3,2,0,1,50,2,3,0,0,1,2,37.0,80.0,voiture,voiture,1,2,1,9,1
202200016412,2022-11-17 19:30:00,2022,11,17,19,30,33,33352,D668,44.593088,-0.030207,Nuit avec éclairage allumé,Hors agglomération,Hors intersection,Normale,Autre collision,3,2,1,0,3,2,1,0,1,80,1,2,1,1,0,0,30.0,,voiture,,5,1,1,1,6
202200016413,2022-07-29 19:55:00,2022,7,29,19,55,27,27157,7 Rue de Poligny,48.890875,0.926623,Plein jour,En agglomération,Hors intersection,Normale,Deux véhicules - frontale,3,2,2,0,1,1,1,0,1,50,2,2,1,0,1,0,23.0,33.0,deux_roues,utilitaire_camion,1,2,1,1,1
202200016414,2022-11-17 08:00:00,2022,11,17,8,0,14,14027,D26,49.0149,-0.63911,Crépuscule ou aube,En agglomération,Hors intersection,Pluie forte,Deux véhicules - côté,3,2,2,0,2,1,2,0,1,50,2,2,1,0,1,0,20.0,40.0,deux_roues,voiture,2,2,1,3,3
202200016415,2022-07-30 11:30:00,2022,7,30,11,30,37,37222,Rouvray,47.08533,1.052107,Plein jour,Hors agglomération,Hors intersection,Normale,Deux véhicules - frontale,3,2,2,0,1,2,1,0,1,80,2,2,0,0,0,2,23.0,24.0,voiture,voiture,1,1,1,1,1
202200016416,2022-11-13 15:50:00,2022,11,13,15,50,62,62261,Boulevard de Berck,50.475089,1.592851,Plein jour,En agglomération,Intersection en X,Temps éblouissant,Deux véhicules - côté,4,2,2,0,1,1,1,0,1,50,2,2,1,0,0,1,17.0,78.0,deux_roues,voiture,1,2,2,7,3
202200016417,2022-07-03 14:45:00,2022,7,3,14,45,37,37069,Route forestière Goeffroy Le Bel,47.12744,1.143093,Plein jour,Hors agglomération,Hors intersection,Normale,Sans collision,9,-1,1,0,1,1,1,0,3,-1,1,1,0,0,1,0,24.0,,deux_roues,,1,1,1,1,7
202200016418,2022-11-17 12:58:00,2022,11,17,12,58,50,50601,A84,48.983671,-0.941336,Plein jour,Hors agglomération,Hors intersection,Pluie forte,Sans collision,1,3,2,0,1,1,2,0,1,130,1,1,0,0,0,1,50.0,,voiture,,1,1,1,3,7
202200016419,2022-07-26 09:45:00,2022,7,26,9,45,37,37050,1 Avenue du Grand Sud,47.349051,0.700963,Plein jour,En agglomération,Intersection à plus de 4 branches,Normale,Deux véhicules - côté,7,3,2,0,1,1,1,5,1,50,2,2,1,0,1,0,23.0,28.0,deux_roues,utilitaire_camion,1,2,5,1,3
202200016420,2022-11-16 16:05:00,2022,11,16,16,5,30,30287,D303,44.208396,4.549815,Plein jour,Hors agglomération,Hors intersection,Normale,Autre collision,3,2,2,0,2,3,1,0,1,80,1,1,0,0,1,0,43.0,,voiture,,1,1,1,1,6
202200016421,2022-07-30 09:30:00,2022,7,30,9,30,48,48127,Baraque de Saltel (Rieutort-de-Randon),44.6155,3.478171,Plein jour,Hors agglomération,Hors intersection,Normale,Deux véhicules - frontale,3,2,2,0,3,2,1,0,1,90,2,4,2,0,0,2,43.0,55.0,voiture,voiture,1,1,1,1,1
202200016422,2022-11-15 09:30:00,2022,11,15,9,30,62,62376,D182,50.562451,2.560737,Plein jour,Hors agglomération,Hors intersection,Pluie légère,Deux véhicules - frontale,3,2,2,0,1,3,2,0,3,80,2,2,1,0,0,1,55.0,26.0,voiture,autre,1,1,1,2,1
202200016423,2022-11-13 16:40:00,2022,11,13,16,40,19,19123,5 Avenue Du Progrés,45.170796,1.572368,Plein jour,En agglomération,Hors intersection,Normale,Autre collision,3,2,2,1,1,1,1,9,4,50,1,1,0,1,0,0,73.0,,voiture,,1,2,1,1,6
202200016424,2022-07-28 01:00:00,2022,7,28,1,0,10,10162,A5,48.2084019609,4.248790741,Nuit sans éclairage public,Hors agglomération,Hors intersection,Normale,Deux véhicules - arrière,1,3,4,0,1,1,1,0,1,130,2,2,1,0,0,1,20.0,60.0,utilitaire_camion,voiture,3,1,1,1,2
202200016425,2022-07-30 14:00:00,2022,7,30,14,0,45,45104,A77 PK 23+269,48.038897,2.672151,Plein jour,Hors agglomération,Hors intersection,Normale,Deux véhicules - arrière,1,3,4,0,1,1,1,0,1,130,2,6,3,0,2,1,53.0,20.0,voiture,utilitaire_camion,1,1,1,1,2