accident_id,datetime,annee,mois,jour,heure,minute,departement,commune_insee,adresse,latitude,longitude,luminosite,agglomeration,intersection,meteo,collision,catr,circ,nbv,vosp,prof,plan,surf,infra,situ,vma,nb_vehicules,nb_usagers,nb_indemnes,nb_tues,nb_blesses_hosp,nb_blesses_legers,age_cond_1,age_cond_2,veh_type_cond_1,veh_type_cond_2,lum_code,agg_code,int_code,atm_code,col_code
202200016426,2022-11-16 20:35:00,2022,11,16,20,35,80,80061,D1015,49.83372,1.768584,Nuit sans éclairage public,Hors agglomération,Hors intersection,Pluie forte,Autre collision,3,2,2,0,1,1,2,0,1,80,2,3,2,1,0,0,34.0,26.0,voiture,voiture,3,1,1,3,6
202200016427,2022-11-16 17:30:00,2022,11,16,17,30,11,11015,Chemin de Valmigère,42.971654,2.386222,Crépuscule ou aube,Hors agglomération,Hors intersection,Normale,Autre collision,3,-1,2,0,3,2,1,0,3,70,1,1,0,0,1,0,24.0,,deux_roues,,2,1,1,1,6
202200016428,2022-07-30 03:55:00,2022,7,30,3,55,987,98715,pk 3 auae - face à OUTUAREA,-17.584,-149.56,Nuit avec éclairage allumé,En agglomération,Hors intersection,Normale,Deux véhicules - frontale,2,2,2,0,1,3,1,0,1,-1,2,2,1,0,1,0,68.0,22.0,voiture,deux_roues,5,2,1,1,1
202200016429,2022-11-16 16:26:00,2022,11,16,16,26,11,11206,D118 PK 61,43.050839,2.217924,Plein jour,En agglomération,Hors intersection,Normale,Autre collision,3,2,2,0,1,3,1,0,1,50,1,2,1,1,0,0,82.0,,voiture,,1,2,1,1,6
202200016430,2022-07-29 10:00:00,2022,7,29,10,0,06,06004,Autoroute A8 PK 173.800,43.607696,7.095805,Plein jour,Hors agglomération,Hors intersection,Normale,Deux véhicules - côté,1,3,3,0,2,1,1,0,1,110,2,2,1,0,0,1,26.0,35.0,utilitaire_camion,deux_roues,1,1,1,1,3
202200016431,2022-11-16 07:51:00,2022,11,16,7,51,55,55523,D964,49.230686,5.361414,Crépuscule ou aube,Hors agglomération,Hors intersection,Pluie légère,Autre collision,3,2,3,0,2,1,2,0,3,90,1,1,0,0,1,0,20.0,,voiture,,2,1,1,2,6
202200016432,2022-07-30 09:00:00,2022,7,30,9,0,60,60680,A1 - PK 52+400,49.2743557806,2.6956948936,Plein jour,Hors agglomération,Hors intersection,Normale,Sans collision,1,3,3,0,1,1,1,0,1,130,1,5,3,0,2,0,57.0,,voiture,,1,1,1,1,7
202200016433,2022-11-16 07:30:00,2022,11,16,7,30,49,49214,D768,47.545264,-0.607343,Crépuscule ou aube,En agglomération,Hors intersection,Pluie légère,Deux véhicules - côté,3,2,2,0,1,1,2,0,1,50,2,3,1,0,2,0,19.0,18.0,voiture,deux_roues,2,2,1,2,3
202200016434,2022-07-30 03:00:00,2022,7,30,3,0,987,98753,QUAI DE MATAURA,-23.373,-149.463,Nuit avec éclairage allumé,En agglomération,Hors intersection,Normale,Autre collision,9,-1,2,0,1,1,1,0,8,-1,1,2,1,0,1,0,20.0,,deux_roues,,5,2,1,1,6
202200016435,2022-07-30 18:50:00,2022,7,30,18,50,988,98817,Tribu de St Louis - Rocheliane,-22.233642,166.564815,Nuit avec éclairage allumé,En agglomération,Hors intersection,Pluie légère,Autre collision,3,2,2,0,1,1,2,0,1,50,1,2,1,0,1,0,42.0,,voiture,,5,2,1,2,6
202200016436,2022-11-16 19:20:00,2022,11,16,19,20,12,12288,D840,44.4508,2.432597,Nuit sans éclairage public,Hors agglomération,Hors intersection,Normale,Deux véhicules - frontale,3,2,2,0,2,3,2,0,1,50,2,2,1,0,0,1,26.0,48.0,utilitaire_camion,voiture,3,1,1,1,1
202200016437,2022-07-30 08:10:00,2022,7,30,8,10,978,97801,R DE SANDY GROUND,18.058384,-63.103979,Plein jour,En agglomération,Hors intersection,Normale,Deux véhicules - frontale,4,2,2,0,1,1,1,0,1,50,2,2,1,0,1,0,41.0,37.0,deux_roues,voiture,1,2,1,1,1
202200016438,2022-11-17 14:00:00,2022,11,17,14,0,42,42159,Lieu-dit Vérines,45.799849,3.737099,Plein jour,Hors agglomération,Hors intersection,Pluie légère,Deux véhicules - frontale,3,2,2,0,1,3,2,0,1,80,2,2,1,1,0,0,50.0,32.0,deux_roues,voiture,1,1,1,2,1
202200016439,2022-07-30 17:45:00,2022,7,30,17,45,45,45244,Chemin forestier n°26,47.7845,2.459221,Plein jour,En agglomération,Hors intersection,Normale,Deux véhicules - frontale,9,-1,1,0,1,3,9,0,8,30,2,2,0,0,1,1,20.0,22.0,deux_roues,deux_roues,1,2,1,1,1
202200016440,2022-11-16 16:00:00,2022,11,16,16,0,47,47144,Petit Roumaguey,44.597099,0.419873,Plein jour,Hors agglomération,Hors intersection,Pluie légère,Deux véhicules - frontale,4,2,2,0,2,1,2,0,1,80,2,2,0,0,1,1,15.0,21.0,deux_roues,deux_roues,1,1,1,2,1
202200016441,2022-11-17 10:00:00,2022,11,17,10,0,39,39103,,47.003261,5.859725,Plein jour,Hors agglomération,Hors intersection,Normale,Deux véhicules - frontale,3,2,2,0,3,3,1,0,1,80,2,2,0,0,2,0,43.0,42.0,voiture,voiture,1,1,1,1,1
202200016442,2022-07-30 07:50:00,2022,7,30,7,50,66,66069,,42.785145,2.830433,Plein jour,Hors agglomération,Hors intersection,Normale,Sans collision,3,2,2,0,1,1,1,0,3,80,1,1,0,0,1,0,37.0,,deux_roues,,1,1,1,1,7
202200016443,2022-11-13 04:00:00,2022,11,13,4,0,44,44069,D774,47.308583,-2.429985,Nuit sans éclairage public,Hors agglomération,Hors intersection,Normale,Autre collision,3,2,2,0,1,1,1,0,1,80,1,2,1,0,1,0,,,voiture,,3,1,1,1,6
202200016444,2022-07-30 05:30:00,2022,7,30,5,30,34,34213,D613,43.468977,3.674331,Nuit sans éclairage public,Hors agglomération,Hors intersection,Normale,Deux véhicules - frontale,3,2,2,0,1,1,1,0,1,90,2,2,0,1,0,1,30.0,26.0,voiture,voiture,3,1,1,1,1
202200016445,2022-11-17 15:30:00,2022,11,17,15,30,38,38013,110 Route de Rives,45.398586,5.4669,Plein jour,En agglomération,Hors intersection,Pluie légère,Autre collision,6,-1, -1,0,1,1,2,0,8,50,1,2,1,0,0,1,,,autre,,1,2,1,2,6
202200016446,2022-07-30 16:15:00,2022,7,30,16,15,83,83115,Route du Muy,43.337251,6.608743,Plein jour,Hors agglomération,Hors intersection,Normale,Deux véhicules - frontale,3,2,2,1,1,1,1,9,1,-1,2,2,0,1,0,1,19.0,29.0,voiture,utilitaire_camion,1,1,1,1,1
202200016447,2022-11-16 13:00:00,2022,11,16,13,0,58,58196,route de nolay,47.10064,3.339468,Plein jour,En agglomération,Hors intersection,Normale,Autre collision,3,3,2,0,2,1,1,5,1,50,1,2,1,0,1,0,63.0,,transport_commun,,1,2,1,1,6
202200016448,2022-11-16 18:30:00,2022,11,16,18,30,64,64342,D26 PK7,43.05343,-0.881009,Nuit sans éclairage public,Hors agglomération,Hors intersection,Normale,Autre collision,3,-1,2,0,2,1,1,0,1,80,1,1,0,0,0,1,61.0,,voiture,,3,1,1,1,6
202200016449,2022-07-22 20:15:00,2022,7,22,20,15,83,83107,D559- Corniche des Issambres,43.3668156589,6.7122387886,Crépuscule ou aube,En agglomération,Hors intersection,Temps éblouissant,Autre collision,3,2,2,0,1,1,1,0,1,50,1,3,1,0,0,2,74.0,,voiture,,2,2,1,7,6
202200016450,2022-11-15 21:30:00,2022,11,15,21,30,07,07334,Route de Païolive (Les Vans),44.410914852,4.1489481927,Nuit sans éclairage public,Hors agglomération,Hors intersection,Pluie forte,Sans collision,3,2,2,0,1,1,2,0,3,90,1,1,0,0,1,0,39.0,,voiture,,3,1,1,3,7
202200016451,2022-07-29 17:30:00,2022,7,29,17,30,04,04062,RD 900,44.445914,6.741748,Plein jour,Hors agglomération,Hors intersection,Normale,Deux véhicules - arrière,3,2,2,0,1,1,1,0,1,80,2,3,2,0,1,0,50.0,43.0,voiture,voiture,1,1,1,1,2
202200016452,2022-11-14 12:55:00,2022,11,14,12,55,40,40267,CD 933,43.976758,-0.240648,Plein jour,Hors agglomération,Hors intersection,Pluie légère,Trois véhicules et plus - collisions multiples,3,2,2,0,1,1,2,0,1,80,3,3,1,0,0,2,44.0,56.0,utilitaire_camion,utilitaire_camion,1,1,1,2,5
202200016453,2022-07-30 16:28:00,2022,7,30,16,28,71,71440,D3,46.929942,4.048698,Plein jour,Hors agglomération,Hors intersection,Normale,Sans collision,3,2,2,0,2,3,9,0,1,80,1,2,0,0,1,1,54.0,,deux_roues,,1,1,1,1,7
202200016454,2022-11-17 10:40:00,2022,11,17,10,40,30,30228,pk 55+900 D979,43.93403,4.38554,Plein jour,Hors agglomération,Hors intersection,Normale,Autre collision,3,2,2,0,2,2,1,0,8,80,1,1,0,0,1,0,49.0,,voiture,,1,1,1,1,6
202200016455,2022-07-29 17:30:00,2022,7,29,17,30,71,71371,Chemin du Crou En Creux,46.357014,4.737495,Plein jour,Hors agglomération,Hors intersection,Normale,Sans collision,4,2,2,0,2,1,9,0,1,50,1,2,1,0,1,0,36.0,,deux_roues,,1,1,1,1,7
202200016456,2022-11-17 09:10:00,2022,11,17,9,10,01,01105,Carrefour D43 / Chemin de l'Etang Dent,45.907749,4.892486,Plein jour,Hors agglomération,Intersection en X,Normale,Deux véhicules - côté,3,2,2,0,1,1,1,0,1,80,2,3,1,0,0,2,36.0,37.0,voiture,utilitaire_camion,1,1,2,1,3
202200016457,2022-07-30 09:30:00,2022,7,30,9,30,68,68231,3 Rue de l Hôtel de Ville,48.01825,7.530206,Plein jour,En agglomération,Intersection en X,Normale,Autre collision,4,2,2,0,1,1,1,0,8,30,1,2,1,0,1,0,62.0,,voiture,,1,2,2,1,6
202200016458,2022-11-17 17:00:00,2022,11,17,17,0,65,65120,A64 La pyrénéenne,43.199082,0.158167,Crépuscule ou aube,Hors agglomération,Hors intersection,Pluie forte,Autre collision,1,3,4,0,2,2,2,0,1,110,1,2,1,0,1,0,33.0,,voiture,,2,1,1,3,6
202200016459,2022-07-30 10:45:00,2022,7,30,10,45,88,88095,Rue Gérard d Alsace,48.302577,5.833426,Plein jour,En agglomération,Intersection en T,Normale,Deux véhicules - côté,3,2,2,0,2,3,1,0,1,50,2,2,1,0,1,0,85.0,47.0,voiture,deux_roues,1,2,3,1,3
202200016460,2022-11-12 07:00:00,2022,11,12,7,0,67,67152,M353,48.522403,7.666419,Crépuscule ou aube,Hors agglomération,Giratoire,Brouillard / fumée,Sans collision,7,3,4,0,2,1,2,5,8,70,1,4,2,0,2,0,21.0,,voiture,,2,1,6,5,7
202200016461,2022-07-29 11:45:00,2022,7,29,11,45,88,88321,Rue de Rebeval,48.354003,5.684403,Plein jour,En agglomération,Hors intersection,Normale,Deux véhicules - frontale,3,2,3,0,1,1,1,0,1,-1,1,2,1,0,1,0,19.0,,voiture,,1,2,1,1,1
202200016462,2022-07-29 15:30:00,2022,7,29,15,30,73,73071,D91b,45.447859,6.686425,Plein jour,Hors agglomération,Hors intersection,Normale,Sans collision,3,2,2,0,2,1,1,0,8,80,1,1,0,0,0,1,75.0,,voiture,,1,1,1,1,7
202200016463,2022-11-17 14:45:00,2022,11,17,14,45,42,42108,A72,45.590498,4.211111,Plein jour,Hors agglomération,Hors intersection,Normale,Deux véhicules - arrière,1,3,4,0,1,1,1,0,1,130,2,3,1,0,0,2,51.0,28.0,utilitaire_camion,utilitaire_camion,1,1,1,1,2
202200016464,2022-07-30 17:00:00,2022,7,30,17,0,42,42121,Route de Roche,45.599807,3.957288,Plein jour,Hors agglomération,Intersection en Y,Temps éblouissant,Deux véhicules - côté,3,2,1,0,2,3,1,0,1,80,2,2,1,0,1,0,47.0,65.0,deux_roues,voiture,1,1,4,7,3
202200016465,2022-11-16 17:30:00,2022,11,16,17,30,38,38503,A41,45.324185,5.951436,Crépuscule ou aube,Hors agglomération,Hors intersection,Normale,Trois véhicules et plus - en chaîne,1,3,4,0,1,1,1,0,1,130,3,4,2,0,1,1,48.0,47.0,voiture,voiture,2,1,1,1,4
202200016466,2022-07-30 02:00:00,2022,7,30,2,0,69,69112,Route de Sain-Bel,45.805473,4.660054,Nuit sans éclairage public,Hors agglomération,Hors intersection,Normale,Deux véhicules - côté,3,2,2,2,1,4,1,0,1,70,2,2,0,0,0,2,28.0,53.0,voiture,voiture,3,1,1,1,3
202200016467,2022-11-07 18:34:00,2022,11,7,18,34,73,73128,A 41 105.5,45.742132,5.926222,Nuit sans éclairage public,Hors agglomération,Hors intersection,Normale,Autre collision,1,3,4,0,1,2,1,0,1,130,2,3,0,0,1,2,40.0,42.0,voiture,voiture,3,1,1,1,6
202200016468,2022-07-29 23:30:00,2022,7,29,23,30,46,46102,Tombebiau,44.598894,2.044101,Nuit avec éclairage allumé,Hors agglomération,Hors intersection,Normale,Autre collision,3,2,2,0,3,3,1,0,3,50,1,1,0,0,1,0,40.0,,deux_roues,,5,1,1,1,6
202200016469,2022-07-30 00:20:00,2022,7,30,0,20,85,85211,D80,46.62554,-1.54177,Nuit sans éclairage public,Hors agglomération,Hors intersection,Normale,Autre collision,3,2,2,0,1,1,1,0,1,80,1,1,0,0,1,0,29.0,,deux_roues,,3,1,1,1,6
202200016470,2022-11-16 23:38:00,2022,11,16,23,38,21,21001,Autoroute A31 PK 010+400,47.122273,4.966294,Nuit sans éclairage public,Hors agglomération,Hors intersection,Pluie légère,Deux véhicules - arrière,1,2,3,0,1,1,2,0,1,130,2,2,1,0,0,1,33.0,71.0,utilitaire_camion,utilitaire_camion,3,1,1,2,2
202200016471,2022-07-28 19:45:00,2022,7,28,19,45,56,56237,Rue Joseph Quilliou,48.040562,-2.949242,Plein jour,Hors agglomération,Giratoire,Normale,Deux véhicules - côté,3,2,2,0,1,1,1,0,5,70,2,2,1,0,0,1,,20.0,voiture,deux_roues,1,1,6,1,3
202200016472,2022-11-16 17:10:00,2022,11,16,17,10,95,95250,Avenue Henri Barbusse,49.096093,2.513893,Nuit avec éclairage allumé,En agglomération,Hors intersection,Pluie légère,Deux véhicules - frontale,3,2,4,0,2,1,2,0,1,50,2,2,1,0,1,0,20.0,45.0,deux_roues,voiture,5,2,1,2,1
202200016473,2022-07-13 13:10:00,2022,7,13,13,10,76,76475,Rue du Marechal Leclerc,49.402868,1.166557,Nuit avec éclairage allumé,En agglomération,Giratoire,Normale,Deux véhicules - côté,7,2,2,0,1,1,1,0,1,50,2,2,1,0,0,1,39.0,24.0,voiture,deux_roues,5,2,6,1,3
202200016474,2022-11-15 15:05:00,2022,11,15,15,5,30,30130,,44.3364,3.958291,Plein jour,Hors agglomération,Hors intersection,Pluie légère,Sans collision,3,2,2,0,1,1,2,0,8,80,1,2,1,0,1,0,68.0,,voiture,,1,1,1,2,7
202200016475,2022-07-30 15:15:00,2022,7,30,15,15,60,60134,Rue du 1er Septembre,49.319768,2.448864,Plein jour,En agglomération,Hors intersection,Normale,Deux véhicules - côté,6,-1, -1,0,1,1,1,0,1,50,2,2,1,0,0,1,64.0,57.0,deux_roues,deux_roues,1,2,1,1,3
202200016476,2022-07-30 00:10:00,2022,7,30,0,10,59,59449,2 Route de Marchiennes,50.467949,3.252746,Nuit avec éclairage allumé,En agglomération,Hors intersection,Normale,Autre collision,3,2,2,0,1,3,1,0,1,50,1,1,0,0,1,0,82.0,,voiture,,5,2,1,1,6
202200016477,2022-07-28 14:26:00,2022,7,28,14,26,42,42330,A72,45.47821,4.35296,Plein jour,Hors agglomération,Autre intersection,Temps éblouissant,Deux véhicules - arrière,1,3,2,0,1,1,1,0,2,90,2,2,1,0,1,0,21.0,24.0,voiture,utilitaire_camion,1,1,9,7,2
202200016478,2022-07-29 19:25:00,2022,7,29,19,25,57,57672,Autoroute A31,49.40472,6.1118,Plein jour,Hors agglomération,Autre intersection,Normale,Deux véhicules - arrière,1,1,4,0,1,1,1,0,8,110,2,3,2,0,1,0,22.0,22.0,voiture,deux_roues,1,1,9,1,2
202200016479,2022-11-15 18:10:00,2022,11,15,18,10,04,04245,D4096,43.856657,5.831106,Crépuscule ou aube,Hors agglomération,Hors intersection,Normale,Trois véhicules et plus - en chaîne,3,2,2,0,1,1,2,0,1,-1,4,4,3,0,0,1,65.0,37.0,voiture,utilitaire_camion,2,1,1,1,4
202200016480,2022-11-17 18:50:00,2022,11,17,18,50,70,70523,D36,47.531788,5.533403,Nuit sans éclairage public,Hors agglomération,Hors intersection,Temps couvert,Autre collision,3,2,2,0,1,1,2,0,3,80,1,1,0,1,0,0,23.0,,voiture,,3,1,1,8,6
202200016481,2022-07-29 11:00:00,2022,7,29,11,0,91,91064,,48.7488,2.2147,Plein jour,Hors agglomération,Hors intersection,Normale,Deux véhicules - arrière,2,1,2,0,1,1,1,0,1,110,2,3,2,0,0,1,50.0,59.0,voiture,utilitaire_camion,1,1,1,1,2
202200016482,2022-07-28 11:29:00,2022,7,28,11,29,27,27229,NORMANDIE (BOULEVARD DE),49.0202,1.1383,Plein jour,En agglomération,Hors intersection,Normale,Autre collision,4,1,4,0,1,1,1,0,1,50,1,2,1,0,1,0,37.0,,utilitaire_camion,,1,2,1,1,6
202200016483,2022-11-17 15:45:00,2022,11,17,15,45,89,89152,D606,47.952879,3.460006,Plein jour,Hors agglomération,Hors intersection,Normale,Deux véhicules - frontale,3,2,3,0,1,1,1,0,1,90,2,2,0,1,0,1,21.0,52.0,utilitaire_camion,voiture,1,1,1,1,1
202200016484,2022-07-27 16:40:00,2022,7,27,16,40,971,97113,ROGER ZAMI,16.2114980922,-61.5007460117,Plein jour,En agglomération,Hors intersection,Normale,Deux véhicules - côté,4,2,2,0,1,3,1,0,1,50,2,2,1,0,0,1,59.0,16.0,voiture,deux_roues,1,2,1,1,3
202200016485,2022-11-03 18:30:00,2022,11,3,18,30,67,67397,Rue de Boofzheim,48.323925,7.698015,Nuit avec éclairage allumé,En agglomération,Intersection en T,Pluie forte,Deux véhicules - frontale,3,2,2,0,1,1,2,0,1,50,2,2,1,0,0,1,23.0,14.0,utilitaire_camion,deux_roues,5,2,3,3,1
202200016486,2022-07-27 10:10:00,2022,7,27,10,10,27,27375,JOFFRE (BOULEVARD DU ML),49.215,1.167,Plein jour,En agglomération,Autre intersection,Normale,Autre collision,4,-1, -1,0,2,1,1,9,1,50,1,2,1,0,1,0,69.0,,voiture,,1,2,9,1,6
202200016487,2022-11-16 22:30:00,2022,11,16,22,30,26,26271,D220,45.007186,4.859712,Nuit sans éclairage public,Hors agglomération,Hors intersection,Normale,Autre collision,3,2,2,0,3,1,1,0,3,80,1,1,0,0,1,0,57.0,,voiture,,3,1,1,1,6
202200016488,2022-04-27 21:48:00,2022,4,27,21,48,84,84007,RUE ST JEAN LE VIEUX,43.94821,4.8111,Nuit sans éclairage public,En agglomération,Intersection en T,Normale,Deux véhicules - côté,4,4,1,3,1,1,1,6,1,50,2,2,1,0,1,0,43.0,25.0,deux_roues,deux_roues,3,2,3,1,3
202200016489,2022-11-17 15:45:00,2022,11,17,15,45,07,07341,CD 902 Intermarché,44.569276,4.510134,Plein jour,Hors agglomération,Hors intersection,Temps couvert,Deux véhicules - frontale,3,2,2,0,1,1,1,0,1,90,2,5,0,0,0,5,76.0,73.0,voiture,voiture,1,1,1,8,1
202200016490,2022-04-15 09:30:00,2022,4,15,9,30,26,26362,KENNEDY BD JOHN FITZGERALD (102),44.93982,4.91601,Plein jour,En agglomération,Giratoire,Normale,Deux véhicules - arrière,4,2,4,0,1,1,1,0,1,50,2,2,1,0,1,0,36.0,21.0,utilitaire_camion,deux_roues,1,2,6,1,2
202200016491,2022-11-17 07:40:00,2022,11,17,7,40,01,01224,D65,45.810675,5.214579,Crépuscule ou aube,Hors agglomération,Hors intersection,Normale,Sans collision,3,2,2,0,1,1,1,0,1,80,1,1,0,0,1,0,26.0,,deux_roues,,2,1,1,1,7
202200016492,2022-05-10 11:48:00,2022,5,10,11,48,33,33366,AUTOROUTE A 10,44.99302,-0.42709,Plein jour,Hors agglomération,Hors intersection,Normale,Deux véhicules - arrière,1,3,6,0,1,1,1,0,1,130,2,2,1,0,0,1,56.0,46.0,utilitaire_camion,utilitaire_camion,1,1,1,1,2
202200016493,2022-11-16 18:05:00,2022,11,16,18,5,69,69140,Route de Lucenay,45.900274,4.700936,Nuit avec éclairage allumé,En agglomération,Hors intersection,Normale,Deux véhicules - côté,3,2,2,0,1,1,1,0,1,50,2,2,1,0,0,1,55.0,23.0,voiture,deux_roues,5,2,1,1,3
202200016494,2022-07-28 17:05:00,2022,7,28,17,5,974,97416,RN2 (1),-21.34152,55.4958,Plein jour,Hors agglomération,Hors intersection,Normale,Trois véhicules et plus - en chaîne,2,3,4,0,1,1,1,9,1,110,3,3,2,0,0,1,27.0,27.0,voiture,voiture,1,1,1,1,4
202200016495,2022-11-12 14:00:00,2022,11,12,14,0,81,81140,Route de Bertre,43.6727817013,1.8406069279,Plein jour,Hors agglomération,Hors intersection,Normale,Deux véhicules - frontale,3,2,2,0,1,3,1,0,1,80,2,2,1,0,0,1,66.0,45.0,voiture,voiture,1,1,1,1,1
202200016496,2022-07-28 10:00:00,2022,7,28,10,0,974,97416,LIGNE CAMBRAI,-21.28626,55.47055,Plein jour,En agglomération,Intersection en T,Normale,Autre collision,4,2,2,0,1,1,1,0,1,50,1,2,1,0,0,1,55.0,,voiture,,1,2,3,1,6
202200016497,2022-11-17 09:00:00,2022,11,17,9,0,80,80415,D54,49.755902,2.58359,Plein jour,Hors agglomération,Hors intersection,Normale,Autre collision,3,2,2,0,1,1,1,0,1,80,1,2,1,0,1,0,84.0,,voiture,,1,1,1,1,6
202200016498,2022-07-27 13:10:00,2022,7,27,13,10,974,97411,MACE (ROUTE GABRIEL),-20.9252,55.49444,Plein jour,En agglomération,Hors intersection,Normale,Deux véhicules - côté,3,2,2,0,2,1,1,0,1,50,2,2,1,0,0,1,30.0,34.0,voiture,deux_roues,1,2,1,1,3
202200016499,2022-07-27 13:30:00,2022,7,27,13,30,974,97411,GARROS (ROLAND),-20.8823,55.45266,Plein jour,En agglomération,Intersection en X,Normale,Deux véhicules - côté,4,1,0,0,2,1,1,0,1,50,2,5,4,0,0,1,35.0,22.0,voiture,voiture,1,2,2,1,3
202200016500,2022-07-28 05:30:00,2022,7,28,5,30,974,97409,RN2 SENS STE SUZANNE ST BENOIT,-20.94925,55.65389,Nuit sans éclairage public,Hors agglomération,Hors intersection,Normale,Trois véhicules et plus - collisions multiples,2,1,2,0,1,1,2,0,1,110,3,3,1,0,0,2,62.0,62.0,voiture,voiture,3,1,1,1,5
202200016501,2022-11-11 02:25:00,2022,11,11,2,25,69,69271,Rocade Est,45.723928314,4.9748244882,Nuit sans éclairage public,Hors agglomération,Hors intersection,Normale,Autre collision,2,3,6,0,1,1,1,0,2,90,1,1,0,0,0,1,64.0,,voiture,,3,1,1,1,6
202200016502,2022-07-28 15:05:00,2022,7,28,15,5,973,97302,,4.9043380654,-52.3178708553,Plein jour,Hors agglomération,Hors intersection,Normale,Deux véhicules - côté,3,2,2,0,1,1,1,0,1,50,2,3,2,0,0,1,46.0,55.0,voiture,voiture,1,1,1,1,3
202200016503,2022-11-15 22:10:00,2022,11,15,22,10,01,01049,A432N 9.900 A 11.118,45.83047,5.02818,Nuit sans éclairage public,Hors agglomération,Hors intersection,Pluie légère,Autre collision,1,1,1,0,1,3,2,3,1,50,1,1,0,0,0,1,20.0,,voiture,,3,1,1,2,6
202200016504,2022-07-28 19:40:00,2022,7,28,19,40,69,69388,Rue Professeur Marcel Dargent,45.7220911498,4.8840381195,Plein jour,En agglomération,Hors intersection,Normale,Autre collision,4,1,1,1,2,4,1,2,3,50,1,2,1,0,0,1,,,voiture,,1,2,1,1,6
202200016505,2022-11-16 12:25:00,2022,11,16,12,25,33,33063,ROCADE A 630,44.88355,-0.56125,Plein jour,Hors agglomération,Hors intersection,Normale,Autre collision,1,1,2,0,3,3,1,3,1,50,1,1,0,0,0,1,29.0,,voiture,,1,1,1,1,6
202200016506,2022-11-16 08:50:00,2022,11,16,8,50,33,33063,ROCADE A 630,44.88187,-0.54762,Plein jour,Hors agglomération,Hors intersection,Pluie légère,Sans collision,1,3,6,0,3,1,2,2,1,70,1,1,0,0,0,1,41.0,,deux_roues,,1,1,1,2,7
202200016507,2022-07-28 18:30:00,2022,7,28,18,30,69,69388,Rue Marius Berliet,45.7396,4.86573,Plein jour,En agglomération,Intersection en X,Normale,Deux véhicules - côté,4,1,1,3,1,1,1,0,6,50,2,2,1,0,0,1,36.0,54.0,deux_roues,voiture,1,2,2,1,3
202200016508,2022-11-16 15:25:00,2022,11,16,15,25,91,91235,RN 104,48.62605,2.35321,Plein jour,Hors agglomération,Hors intersection,Pluie forte,Deux véhicules - côté,2,1,2,0,2,3,2,0,1,70,2,2,1,0,0,1,49.0,30.0,voiture,voiture,1,1,1,3,3
202200016509,2022-07-28 13:05:00,2022,7,28,13,5,69,69388,Rue Croix-Barret,45.73711,4.85036,Plein jour,Hors agglomération,Autre intersection,Normale,Deux véhicules - côté,4,2,2,2,1,1,1,0,1,30,2,2,1,0,0,1,26.0,,voiture,voiture,1,1,9,1,3
202200016510,2022-11-16 09:00:00,2022,11,16,9,0,92,92062,A14,48.891325,2.240769,Plein jour,Hors agglomération,Hors intersection,Normale,Deux véhicules - arrière,1,1,2,0,1,1,1,0,1,70,2,2,1,0,0,1,21.0,44.0,voiture,utilitaire_camion,1,1,1,1,2
202200016511,2022-07-28 11:40:00,2022,7,28,11,40,69,69387,Rue Garibaldi,45.74913,4.85355,Plein jour,En agglomération,Intersection en X,Normale,Sans collision,4,1,4,3,1,1,1,0,1,30,1,1,0,0,0,1,41.0,,deux_roues,,1,2,2,1,7
202200016512,2022-11-16 03:10:00,2022,11,16,3,10,92,92025,A86,48.9354217595,2.2605830961,Nuit sans éclairage public,Hors agglomération,Hors intersection,Normale,Autre collision,1,1,2,0,1,1,2,0,1,90,1,1,0,0,0,1,37.0,,utilitaire_camion,,3,1,1,1,6
202200016513,2022-07-28 14:20:00,2022,7,28,14,20,972,97213,ROUTE NATIONALE 1,14.6253440522,-60.9793379903,Plein jour,En agglomération,Hors intersection,Normale,Deux véhicules - côté,2,1,2,0,1,1,1,0,1,90,2,2,1,0,1,0,66.0,23.0,voiture,deux_roues,1,2,1,1,3
202200016514,2022-11-16 10:45:00,2022,11,16,10,45,93,93053,AUTOROUTE A103,48.88768,2.47262,Plein jour,Hors agglomération,Hors intersection,Normale,Autre collision,1,1,4,0,2,2,2,0,1,50,1,1,0,0,0,1,45.0,,deux_roues,,1,1,1,1,6
202200016515,2022-07-27 15:10:00,2022,7,27,15,10,69,69382,Rue Delandine,45.7468648572,4.827348159,Plein jour,En agglomération,Intersection en X,Normale,Deux véhicules - côté,4,1,1,2,1,1,1,0,1,30,2,2,1,0,1,0,23.0,30.0,deux_roues,deux_roues,1,2,2,1,3
202200016516,2022-11-15 23:30:00,2022,11,15,23,30,93,93006,AUTOROUTE A3,48.86458,2.415,Nuit sans éclairage public,Hors agglomération,Hors intersection,Temps couvert,Deux véhicules - côté,1,3,4,0,2,2,2,0,1,70,2,3,1,0,0,2,37.0,47.0,voiture,voiture,3,1,1,8,3
202200016517,2022-07-28 19:20:00,2022,7,28,19,20,91,91201,RUE DE RIS,48.66352,2.41826,Crépuscule ou aube,En agglomération,Hors intersection,Normale,Autre collision,3,2,3,0,2,1,1,0,1,50,1,2,1,0,0,1,26.0,,voiture,,2,2,1,1,6
202200016518,2022-11-15 22:30:00,2022,11,15,22,30,93,93053,AUTOROUTE A103,48.8875111248,2.4748206139,Nuit sans éclairage public,Hors agglomération,Hors intersection,Normale,Autre collision,1,3,4,0,2,2,2,0,1,90,1,1,0,0,0,1,29.0,,voiture,,3,1,1,1,6