accident_id,datetime,annee,mois,jour,heure,minute,departement,commune_insee,adresse,latitude,longitude,luminosite,agglomeration,intersection,meteo,collision,catr,circ,nbv,vosp,prof,plan,surf,infra,situ,vma,nb_vehicules,nb_usagers,nb_indemnes,nb_tues,nb_blesses_hosp,nb_blesses_legers,age_cond_1,age_cond_2,veh_type_cond_1,veh_type_cond_2,lum_code,agg_code,int_code,atm_code,col_code
202200016519,2022-07-28 16:45:00,2022,7,28,16,45,91,91657,RUE JULES VERNE,48.69254,2.4449,Plein jour,En agglomération,Intersection à plus de 4 branches,Normale,Deux véhicules - côté,3,2,4,0,1,1,1,0,1,50,2,2,1,0,0,1,31.0,57.0,utilitaire_camion,voiture,1,2,5,1,3
202200016520,2022-08-26 21:55:00,2022,8,26,21,55,14,14574,D613A,49.140008,0.206186,Nuit sans éclairage public,En agglomération,Hors intersection,Normale,Autre collision,3,2,3,0,2,1,1,0,8,50,1,2,0,0,1,1,56.0,,deux_roues,,3,2,1,1,6
202200016521,2022-07-28 13:40:00,2022,7,28,13,40,91,91027,AV FRANCOIS MITTERRAND,48.70165,2.37181,Plein jour,En agglomération,Hors intersection,Normale,Deux véhicules - arrière,2,2,4,0,1,1,1,0,1,50,2,2,1,0,0,1,62.0,58.0,voiture,voiture,1,2,1,1,2
202200016522,2022-08-25 01:10:00,2022,8,25,1,10,14,14220,13 Avenue Strassburger,49.348023,0.081746,Nuit avec éclairage allumé,En agglomération,Autre intersection,Normale,Autre collision,3,2,2,0,1,2,1,0,1,50,1,1,0,0,1,0,27.0,,voiture,,5,2,9,1,6
202200016523,2022-07-27 16:50:00,2022,7,27,16,50,88,88160,JEUXEY (RTE DE),48.19313,6.45316,Plein jour,En agglomération,Hors intersection,Normale,Autre collision,3,3,4,0,1,1,1,0,1,50,1,2,1,0,1,0,49.0,,voiture,,1,2,1,1,6
202200016524,2022-07-19 15:50:00,2022,7,19,15,50,83,83129,DE LATTRE DE TASSIGNY (AV),43.09329,5.84335,Plein jour,En agglomération,Hors intersection,Normale,Deux véhicules - arrière,7,2,2,0,1,1,1,0,1,50,2,2,1,0,0,1,49.0,73.0,voiture,voiture,1,2,1,1,2
202200016525,2022-07-23 22:40:00,2022,7,23,22,40,14,14715,D513,49.38725,0.10813,Nuit sans éclairage public,Hors agglomération,Hors intersection,Normale,Sans collision,3,2,2,0,1,2,1,0,8,50,1,3,0,0,0,3,20.0,,voiture,,3,1,1,1,7
202200016526,2022-07-27 14:15:00,2022,7,27,14,15,83,83009,DE GAULLE (QUAI CHARLES),43.13684,5.75966,Plein jour,En agglomération,Hors intersection,Normale,Autre collision,4,-1,2,0,1,1,1,0,1,30,1,2,1,0,1,0,21.0,,voiture,,1,2,1,1,6
202200016527,2022-09-07 09:46:00,2022,9,7,9,46,22,22224,,48.72159,-3.4811,Plein jour,En agglomération,Giratoire,Pluie légère,Deux véhicules - côté,3,1,1,0,1,2,2,5,1,50,2,2,1,0,0,1,66.0,51.0,deux_roues,voiture,1,2,6,2,3
202200016528,2022-10-22 09:35:00,2022,10,22,9,35,91,91479,PL HENRI BARBUSSE,48.71278,2.36336,Plein jour,En agglomération,Place,Normale,Autre collision,4,1,1,0,1,2,1,5,1,50,1,1,0,0,0,1,41.0,,voiture,,1,2,7,1,6
202200016529,2022-07-26 17:45:00,2022,7,26,17,45,83,83123,BANDOL (ROUTE)N° IMPAIRS,43.127148,5.786111,Plein jour,Hors agglomération,Hors intersection,Temps éblouissant,Trois véhicules et plus - collisions multiples,3,3,0,0,1,1,1,0,1,50,3,3,2,0,1,0,24.0,23.0,deux_roues,voiture,1,1,1,7,5
202200016530,2022-11-15 15:40:00,2022,11,15,15,40,69,69286,Route de Strasbourg,45.81724,4.89118,Plein jour,En agglomération,Hors intersection,Pluie légère,Autre collision,7,2,2,2,1,3,2,0,1,30,1,2,1,0,0,1,55.0,,voiture,,1,2,1,2,6
202200016531,2022-07-26 16:50:00,2022,7,26,16,50,83,83034,BOULEVARD DE LA LIBERTÉ,43.09251,6.07703,Plein jour,En agglomération,Hors intersection,Normale,Deux véhicules - côté,7,1,1,0,1,2,1,9,8,50,2,2,1,0,0,1,30.0,66.0,voiture,deux_roues,1,2,1,1,3
202200016532,2022-07-27 16:15:00,2022,7,27,16,15,81,81004,VERDIER (FRANCOIS),43.9190900984,2.1248298883,Plein jour,En agglomération,Hors intersection,Normale,Sans collision,3,2,2,0,1,1,1,0,1,50,1,1,0,0,0,1,75.0,,deux_roues,,1,2,1,1,7
202200016533,2022-11-13 00:04:00,2022,11,13,0,4,66,66136,,42.69483,2.88939,Nuit avec éclairage allumé,En agglomération,Intersection en T,Normale,Autre collision,4,2,4,0,1,1,1,0,1,50,1,2,1,0,0,1,,,voiture,,5,2,3,1,6
202200016534,2022-11-10 13:50:00,2022,11,10,13,50,12,12089,RD 840,44.5624441207,2.2482419015,Plein jour,En agglomération,Giratoire,Normale,Autre collision,3,2,2,0,1,3,1,5,1,50,1,2,1,0,1,0,64.0,,voiture,,1,2,6,1,6
202200016535,2022-07-28 09:05:00,2022,7,28,9,5,77,77281,D402,48.77056,3.04144,Plein jour,En agglomération,Hors intersection,Normale,Deux véhicules - arrière,3,2,2,0,1,1,1,0,1,50,2,3,0,0,0,3,32.0,21.0,voiture,utilitaire_camion,1,2,1,1,2
202200016536,2022-11-15 17:00:00,2022,11,15,17,0,988,98818,ROUTE DE LA BAIE DES DAMES,-22.23513,166.4435,Plein jour,En agglomération,Hors intersection,Normale,Trois véhicules et plus - en chaîne,4,2,2,0,2,1,1,0,1,50,3,3,2,0,0,1,37.0,37.0,voiture,voiture,1,2,1,1,4
202200016537,2022-07-27 17:20:00,2022,7,27,17,20,76,76414,ARQUES (GIRATOIRE DE L'),49.90743,1.10737,Plein jour,Hors agglomération,Hors intersection,Normale,Deux véhicules - côté,3,1,3,0,1,3,1,0,1,50,2,2,1,0,1,0,44.0,43.0,voiture,utilitaire_camion,1,1,1,1,3
202200016538,2022-11-15 13:00:00,2022,11,15,13,0,988,98818,RUE CHARLES DE VERNEILH/RUE AUGUSTE BRUN,-22.27615,166.44657,Plein jour,En agglomération,Intersection en X,Normale,Deux véhicules - côté,4,-1,2,0,4,1,1,0,1,30,2,2,1,0,0,1,39.0,50.0,voiture,utilitaire_camion,1,2,2,1,3
202200016539,2022-07-27 09:00:00,2022,7,27,9,0,74,74012,THONON (ROUTE DE),46.1975,6.26718,Plein jour,En agglomération,Intersection en T,Normale,Deux véhicules - côté,3,2,2,0,2,1,1,0,1,50,2,2,1,0,0,1,48.0,32.0,voiture,deux_roues,1,2,3,1,3
202200016540,2022-07-27 18:00:00,2022,7,27,18,0,69,69115,Route d'Anse,45.96553,4.71628,Plein jour,En agglomération,Hors intersection,Normale,Sans collision,3,2,2,2,1,3,1,0,1,50,1,1,0,0,0,1,78.0,,deux_roues,,1,2,1,1,7
202200016541,2022-11-11 04:40:00,2022,11,11,4,40,987,98735,POMARE V (AVENUE),-17.5308,-149.563173,Crépuscule ou aube,Hors agglomération,Hors intersection,Normale,Deux véhicules - côté,4,2,2,0,1,1,1,0,1,50,2,4,3,0,0,1,34.0,27.0,utilitaire_camion,deux_roues,2,1,1,1,3
202200016542,2022-11-15 08:30:00,2022,11,15,8,30,974,97416,BASSIN PLAT(CHEMIN),-21.32558,55.48778,Plein jour,En agglomération,Hors intersection,Normale,Deux véhicules - côté,4,3,2,0,1,1,1,0,1,50,2,3,1,0,0,2,64.0,28.0,voiture,deux_roues,1,2,1,1,3
202200016543,2022-07-27 13:42:00,2022,7,27,13,42,68,68066,Route de Strasbourg,48.090839,7.360125,Plein jour,En agglomération,Intersection en X,Normale,Deux véhicules - côté,3,2,4,0,1,1,1,0,1,50,2,5,1,0,0,4,21.0,49.0,voiture,utilitaire_camion,1,2,2,1,3
202200016544,2022-07-26 17:45:00,2022,7,26,17,45,67,67482,ROUEN (RUE DE),48.5981508171,7.7997726202,Plein jour,Hors agglomération,Hors intersection,Normale,Autre collision,4,2,2,0,1,2,1,9,3,50,1,1,0,0,1,0,59.0,,voiture,,1,1,1,1,6
202200016545,2022-11-14 20:00:00,2022,11,14,20,0,974,97411,BOIS DE NEFLES (ROUTE DE),-20.90555,55.4785,Nuit avec éclairage allumé,En agglomération,Hors intersection,Normale,Deux véhicules - arrière,3,2,2,0,2,1,1,0,1,50,2,2,1,0,0,1,37.0,33.0,voiture,voiture,5,2,1,1,2
202200016546,2022-07-28 21:40:00,2022,7,28,21,40,64,64260,Boulevard du Général de Gaulle,43.3598215863,-1.775552091,Nuit avec éclairage allumé,En agglomération,Autre intersection,Normale,Deux véhicules - côté,3,2,2,3,1,1,1,0,1,30,2,3,0,0,2,1,44.0,43.0,deux_roues,deux_roues,5,2,9,1,3
202200016547,2022-11-14 10:30:00,2022,11,14,10,30,974,97411,RAMBAUD (LEOPOLD),-20.88544,55.46891,Plein jour,En agglomération,Hors intersection,Normale,Trois véhicules et plus - en chaîne,2,1,3,0,1,1,1,0,1,50,3,5,4,0,0,1,23.0,60.0,voiture,voiture,1,2,1,1,4
202200016548,2022-07-28 14:21:00,2022,7,28,14,21,64,64189,CORNICHE (ROUTE DE LA),43.39339,-1.6873,Plein jour,En agglomération,Hors intersection,Normale,Deux véhicules - côté,3,2,2,0,4,1,1,0,1,50,2,2,1,0,1,0,43.0,81.0,deux_roues,utilitaire_camion,1,2,1,1,3
202200016549,2022-11-15 17:40:00,2022,11,15,17,40,974,97407,JACQUES DUCLOS (RUE) - RIVIERE DES GAL  ,-20.95936,55.31491,Plein jour,En agglomération,Hors intersection,Normale,Deux véhicules - côté,4,2,2,0,1,1,1,0,1,50,2,2,1,0,0,1,55.0,19.0,voiture,deux_roues,1,2,1,1,3
202200016550,2022-07-28 17:50:00,2022,7,28,17,50,64,64445,ru suzanne Bacarisse,43.33474,-0.36595,Plein jour,En agglomération,Hors intersection,Normale,Sans collision,6,-1,0,0,1,1,1,9,8,50,1,1,0,0,0,1,17.0,,deux_roues,,1,2,1,1,7
202200016551,2022-07-26 16:47:00,2022,7,26,16,47,63,63075,VOLTAIRE (RUE),45.77899,3.06486,Plein jour,En agglomération,Intersection en T,Normale,Deux véhicules - côté,7,3,4,0,1,1,1,0,1,50,2,2,1,0,0,1,75.0,62.0,voiture,deux_roues,1,2,3,1,3
202200016552,2022-11-15 11:00:00,2022,11,15,11,0,973,97302,MANGO (ROUTE),4.93111,-52.31669,Plein jour,En agglomération,Intersection en T,Normale,Trois véhicules et plus - collisions multiples,4,2,2,0,1,1,1,0,1,50,3,3,1,0,0,2,57.0,38.0,voiture,deux_roues,1,2,3,1,5
202200016553,2022-11-15 08:02:00,2022,11,15,8,2,973,97302,14 ET 22 JUIN 1962,4.93394,-52.32712,Plein jour,En agglomération,Hors intersection,Pluie légère,Autre collision,4,2,2,0,1,1,2,0,1,50,1,2,1,0,0,1,57.0,,voiture,,1,2,1,2,6
202200016554,2022-07-27 12:00:00,2022,7,27,12,0,63,63075,ROYAT (AVENUE DE),45.7744,3.06288,Plein jour,En agglomération,Hors intersection,Normale,Autre collision,4,2,2,0,3,1,1,0,1,50,1,2,1,0,1,0,82.0,,voiture,,1,2,1,1,6
202200016555,2022-07-28 11:35:00,2022,7,28,11,35,54,54547,PARME (RUE DE),48.6605514561,6.1718219519,Plein jour,En agglomération,Hors intersection,Normale,Deux véhicules - arrière,4,2,2,0,1,4,1,0,1,30,2,2,1,0,0,1,14.0,57.0,deux_roues,autre,1,2,1,1,2
202200016556,2022-11-15 07:40:00,2022,11,15,7,40,69,69388,Cours Albert Thomas,45.7466293661,4.8681020737,Crépuscule ou aube,En agglomération,Intersection en X,Temps couvert,Deux véhicules - côté,4,1,1,0,1,1,2,0,1,50,2,2,1,0,0,1,40.0,58.0,voiture,deux_roues,2,2,2,8,3
202200016557,2022-11-15 09:45:00,2022,11,15,9,45,69,69152,Rue Voltaire,45.70302,4.82087,Plein jour,En agglomération,Intersection en X,Temps couvert,Autre collision,7,2,4,0,1,1,2,0,4,50,1,1,0,0,0,1,62.0,,voiture,,1,2,2,8,6
202200016558,2022-07-28 16:22:00,2022,7,28,16,22,51,51573,Route de Soissons,49.253224343,3.9772814512,Plein jour,En agglomération,Hors intersection,Normale,Sans collision,4,2,4,0,1,1,1,0,1,50,1,2,1,0,0,1,62.0,,deux_roues,,1,2,1,1,7
202200016559,2022-11-09 11:50:00,2022,11,9,11,50,971,97101,DES FINANCES - MORNE CARUEL (RUE),16.25574,-61.51569,Plein jour,En agglomération,Intersection en T,Normale,Autre collision,4,2,2,0,1,1,1,9,1,30,2,2,1,1,0,0,37.0,46.0,voiture,deux_roues,1,2,3,1,6
202200016560,2022-07-26 20:10:00,2022,7,26,20,10,50,50129,NORMANDIE (AVENUE DE),49.6268,-1.63429,Plein jour,En agglomération,Intersection en T,Normale,Deux véhicules - côté,4,2,2,0,1,1,1,5,1,30,2,2,1,0,0,1,56.0,24.0,voiture,deux_roues,1,2,3,1,3
202200016561,2022-11-15 16:23:00,2022,11,15,16,23,2A,2A004,SEBASTIANU COSTA BD,41.94022,8.74426,Plein jour,Hors agglomération,Hors intersection,Pluie forte,Deux véhicules - arrière,4,2,4,0,2,1,2,0,1,50,2,3,1,0,0,2,58.0,23.0,utilitaire_camion,voiture,1,1,1,3,2
202200016562,2022-07-28 09:22:00,2022,7,28,9,22,47,47201,RIEUMORT (RUE DU),44.191895,0.593003,Plein jour,En agglomération,Intersection en T,Normale,Deux véhicules - côté,4,-1,2,0,1,1,1,0,1,50,2,2,1,0,0,1,50.0,21.0,voiture,voiture,1,2,3,1,3
202200016563,2022-11-15 07:10:00,2022,11,15,7,10,2A,2A004,ALATA ROUTE,41.9364808024,8.7359090051,Crépuscule ou aube,En agglomération,Hors intersection,Temps couvert,Deux véhicules - arrière,3,-1,2,0,1,3,2,0,1,50,2,2,1,0,0,1,61.0,36.0,utilitaire_camion,voiture,2,2,1,8,2
202200016564,2022-07-22 13:10:00,2022,7,22,13,10,42,42218,Rue Saint Jean,45.4375503272,4.3902182579,Plein jour,Hors agglomération,Hors intersection,Normale,Autre collision,4,2,2,0,1,1,1,0,1,50,1,2,1,0,1,0,45.0,,utilitaire_camion,,1,1,1,1,6
202200016565,2022-07-27 14:25:00,2022,7,27,14,25,37,37214,DE GAULLE (BD CHARLES),47.42477,0.6562,Plein jour,En agglomération,Hors intersection,Normale,Trois véhicules et plus - en chaîne,4,2,4,0,1,1,1,0,1,5,3,3,2,0,0,1,78.0,66.0,deux_roues,voiture,1,2,1,1,4
202200016566,2022-07-28 17:30:00,2022,7,28,17,30,35,35055,VOIE DE LA LIBERTE,48.07838,-1.6323,Plein jour,Hors agglomération,Giratoire,Normale,Deux véhicules - côté,7,3,4,0,1,2,1,0,1,30,2,2,1,0,0,1,62.0,22.0,deux_roues,voiture,1,1,6,1,3
202200016567,2022-11-15 08:00:00,2022,11,15,8,0,91,91549,DOCTEUR PHILLIPE PINEL (RUE DU),48.65448,2.31296,Plein jour,En agglomération,Hors intersection,Normale,Deux véhicules - côté,3,2,2,0,2,1,1,0,1,50,2,2,1,0,0,1,40.0,23.0,voiture,deux_roues,1,2,1,1,3
202200016568,2022-11-15 20:00:00,2022,11,15,20,0,91,91421,JEAN JAURES (AVENUE),48.71449,2.44805,Nuit avec éclairage allumé,En agglomération,Hors intersection,Pluie légère,Sans collision,3,3,2,0,1,1,2,0,4,50,1,1,0,0,1,0,28.0,,deux_roues,,5,2,1,2,7
202200016569,2022-06-26 20:10:00,2022,6,26,20,10,34,34003,Parking Richelieu,43.27547,3.50227,Plein jour,En agglomération,Hors intersection,Normale,Deux véhicules - arrière,6,-1, -1,0,1,1,1,0,1,30,2,2,1,0,1,0,28.0,68.0,voiture,deux_roues,1,2,1,1,2
202200016570,2022-11-15 14:00:00,2022,11,15,14,0,91,91691,PARC,48.722033,2.510274,Plein jour,En agglomération,Intersection en T,Pluie légère,Sans collision,4,2,2,0,2,1,2,0,1,50,1,1,0,0,0,1,46.0,,utilitaire_camion,,1,2,3,2,7
202200016571,2022-07-27 19:00:00,2022,7,27,19,0,33,33069,Avenue de la Libération Charles de Gaulle,44.86486,-0.6046,Plein jour,En agglomération,Hors intersection,Normale,Autre collision,4,2,4,3,1,1,1,9,1,50,1,3,2,0,0,1,69.0,,voiture,,1,2,1,1,6
202200016572,2022-11-15 21:00:00,2022,11,15,21,0,91,91326,GENERAL DE GAULLE (AVENUE DU),48.68899,2.371,Nuit avec éclairage allumé,En agglomération,Intersection en T,Pluie légère,Deux véhicules - arrière,3,3,5,0,2,1,2,0,1,50,2,2,1,0,0,1,20.0,58.0,deux_roues,voiture,5,2,3,2,2
202200016573,2022-07-28 07:55:00,2022,7,28,7,55,31,31555,AV DES MINIMES,43.62181,1.43519,Plein jour,En agglomération,Hors intersection,Normale,Deux véhicules - côté,4,2,2,0,1,1,1,0,1,50,2,2,1,0,1,0,69.0,20.0,voiture,utilitaire_camion,1,2,1,1,3
202200016574,2022-11-14 18:03:00,2022,11,14,18,3,87,87085,GARIBALDI (AVENUE),45.838,1.25884,Nuit avec éclairage allumé,En agglomération,Hors intersection,Pluie légère,Autre collision,4,2,2,0,1,1,2,0,1,30,1,2,1,0,0,1,66.0,,voiture,,5,2,1,2,6
202200016575,2022-07-27 12:20:00,2022,7,27,12,20,29,29039,D783 - Kerampéru,47.8927008,-3.91501611,Plein jour,Hors agglomération,Hors intersection,Normale,Deux véhicules - arrière,3,2,2,0,1,1,1,0,8,70,2,2,1,0,0,1,25.0,49.0,deux_roues,voiture,1,1,1,1,2
202200016576,2022-07-23 13:20:00,2022,7,23,13,20,28,28209,PAIX (AVENUE DE LA ),48.474328,1.481061,Plein jour,En agglomération,Hors intersection,Normale,Sans collision,3,2,1,0,2,1,1,0,1,30,1,1,0,0,1,0,30.0,,deux_roues,,1,2,1,1,7
202200016577,2022-07-28 14:00:00,2022,7,28,14,0,26,26362,PROVENCE AVENUE DE,44.91991,4.87837,Plein jour,En agglomération,Hors intersection,Temps éblouissant,Deux véhicules - arrière,3,2,2,0,1,1,1,0,1,70,2,2,1,0,1,0,51.0,26.0,voiture,deux_roues,1,2,1,7,2
202200016578,2022-11-10 12:35:00,2022,11,10,12,35,78,78267,RUE JEAN JAURES,48.97474,1.8027,Plein jour,En agglomération,Hors intersection,Normale,Deux véhicules - frontale,3,2,2,0,1,1,1,0,1,50,2,2,1,0,1,0,20.0,58.0,voiture,utilitaire_camion,1,2,1,1,1
202200016579,2022-11-14 17:40:00,2022,11,14,17,40,77,77243,D231,48.8717806499,2.7282289401,Nuit avec éclairage allumé,En agglomération,Hors intersection,Normale,Autre collision,3,2,2,0,1,1,1,0,1,50,1,2,1,0,0,1,79.0,,voiture,,5,2,1,1,6
202200016580,2022-11-14 17:25:00,2022,11,14,17,25,77,77438,D418,48.8619067092,2.673871371,Crépuscule ou aube,En agglomération,Hors intersection,Temps couvert,Deux véhicules - arrière,3,2,2,0,1,1,1,0,1,50,2,2,1,0,0,1,32.0,19.0,utilitaire_camion,deux_roues,2,2,1,8,2
202200016581,2022-11-14 15:00:00,2022,11,14,15,0,77,77216,D607,48.30001,2.67896,Plein jour,Hors agglomération,Hors intersection,Normale,Deux véhicules - frontale,3,3,4,0,1,1,1,9,1,70,2,2,0,0,0,2,24.0,75.0,voiture,voiture,1,1,1,1,1
202200016582,2022-07-28 12:15:00,2022,7,28,12,15,15,15014,PREVERT (RUE JACQUES),44.917302,2.422285,Plein jour,En agglomération,Giratoire,Normale,Deux véhicules - côté,4,2,2,0,1,1,1,5,8,50,2,3,1,0,0,2,26.0,53.0,voiture,voiture,1,2,6,1,3
202200016583,2022-11-15 18:20:00,2022,11,15,18,20,76,76486,Rue Pierre et Thomas Corneille,49.30958,0.99549,Nuit avec éclairage allumé,En agglomération,Giratoire,Pluie légère,Autre collision,7,2,2,0,1,1,2,0,1,50,1,2,1,1,0,0,52.0,,transport_commun,,5,2,6,2,6
202200016584,2022-11-08 16:10:00,2022,11,8,16,10,76,76351,FLORIMOND LAURENT (RUE),49.515610689,0.1126527786,Plein jour,En agglomération,Intersection en T,Normale,Deux véhicules - arrière,4,2,2,0,1,1,1,0,1,50,2,2,0,0,1,1,37.0,15.0,deux_roues,deux_roues,1,2,3,1,2
202200016585,2022-07-28 06:45:00,2022,7,28,6,45,13,13039,RN 545,43.44123,4.9121,Plein jour,Hors agglomération,Hors intersection,Normale,Deux véhicules - côté,4,2,2,0,2,3,1,0,1,80,2,2,1,1,0,0,26.0,21.0,utilitaire_camion,voiture,1,1,1,1,3
202200016586,2022-11-11 06:45:00,2022,11,11,6,45,76,76341,BELLOT ( QUAI ),49.50228,0.19894,Nuit avec éclairage allumé,En agglomération,Intersection en T,Normale,Autre collision,4,2,2,0,1,1,1,0,1,50,1,1,0,0,0,1,23.0,,deux_roues,,5,2,3,1,6
202200016587,2022-11-15 20:15:00,2022,11,15,20,15,69,69290,16 Rue d'Arezzo,45.70208,4.93161,Nuit avec éclairage allumé,En agglomération,Hors intersection,Pluie forte,Autre collision,4,2,2,0,1,1,2,0,4,50,1,1,0,0,0,1,32.0,,voiture,,5,2,1,3,6
202200016588,2022-07-25 13:55:00,2022,7,25,13,55,13,13056,RN 568,43.41321,5.01315,Plein jour,Hors agglomération,Hors intersection,Normale,Deux véhicules - côté,2,3,4,0,1,1,1,0,1,90,2,4,1,0,0,3,23.0,36.0,voiture,voiture,1,1,1,1,3
202200016589,2022-11-15 16:15:00,2022,11,15,16,15,69,69290,Rue Henri Maréchal,45.6947547353,4.9412807822,Plein jour,En agglomération,Intersection en T,Temps couvert,Autre collision,4,2,2,2,1,1,2,0,1,50,1,2,1,0,0,1,31.0,,deux_roues,,1,2,3,8,6
202200016590,2022-07-28 21:15:00,2022,7,28,21,15,13,13202,MIRABEAU (BOULEVARD),43.3138904991,5.3684243322,Nuit avec éclairage allumé,En agglomération,Hors intersection,Normale,Deux véhicules - côté,4,2,2,0,1,1,1,0,1,50,2,2,1,0,1,0,28.0,21.0,voiture,autre,5,2,1,1,3
202200016591,2022-11-15 15:00:00,2022,11,15,15,0,69,69029,Rue Hélène Boucher,45.74616,4.92347,Plein jour,En agglomération,Intersection en X,Pluie légère,Deux véhicules - frontale,4,2,2,0,1,1,2,0,1,50,2,2,1,0,0,1,63.0,20.0,voiture,deux_roues,1,2,2,2,1
202200016592,2022-07-23 21:10:00,2022,7,23,21,10,13,13206,SYLVABELLE (RUE),43.28899,5.37765,Crépuscule ou aube,En agglomération,Intersection en X,Normale,Deux véhicules - côté,4,1,2,0,1,1,1,0,1,50,2,2,1,0,0,1,19.0,39.0,voiture,voiture,2,2,2,1,3
202200016593,2022-11-14 09:35:00,2022,11,14,9,35,67,67482,RATHSAMHAUSEN (RUE DE),48.5660465613,7.7601523697,Plein jour,En agglomération,Hors intersection,Normale,Autre collision,4,2,3,1,1,1,1,0,1,30,1,2,1,0,0,1,,,voiture,,1,2,1,1,6
202200016594,2022-07-28 10:00:00,2022,7,28,10,0,13,13001,SISTERON (RTE DE),43.5570313028,5.4601537214,Plein jour,Hors agglomération,Autre intersection,Normale,Deux véhicules - côté,4,2,2,0,1,1,1,9,1,70,2,2,1,0,0,1,53.0,32.0,voiture,voiture,1,1,9,1,3
202200016595,2022-11-12 14:01:00,2022,11,12,14,1,66,66136,,42.6965778234,2.9034268856,Plein jour,En agglomération,Intersection en T,Normale,Deux véhicules - côté,4,2,4,0,1,1,1,0,1,50,2,2,1,0,0,1,22.0,,voiture,voiture,1,2,3,1,3
202200016596,2022-11-12 18:00:00,2022,11,12,18,0,66,66136,,42.670477,2.88169,Nuit avec éclairage allumé,En agglomération,Autre intersection,Normale,Deux véhicules - côté,6,-1, -1,0,1,1,1,9,8,30,2,2,0,0,0,2,53.0,25.0,voiture,voiture,5,2,9,1,3
202200016597,2022-07-28 14:48:00,2022,7,28,14,48,11,11069,,43.21774,2.35274,Plein jour,En agglomération,Hors intersection,Normale,Deux véhicules - arrière,4,2,2,0,1,2,1,0,1,50,2,2,1,0,1,0,24.0,63.0,deux_roues,voiture,1,2,1,1,2
202200016598,2022-11-10 18:05:00,2022,11,10,18,5,66,66136,,42.6871059749,2.9062774032,Nuit avec éclairage allumé,En agglomération,Hors intersection,Normale,Trois véhicules et plus - en chaîne,4,3,4,0,1,1,1,0,1,50,4,4,2,0,0,2,50.0,30.0,voiture,voiture,5,2,1,1,4
202200016599,2022-07-27 17:55:00,2022,7,27,17,55,07,07102,REPUBLIQUE (AV.DE LA) [DU N° AU N°],44.93557,4.87485,Plein jour,En agglomération,Hors intersection,Normale,Autre collision,4,2,2,0,1,1,1,0,1,50,1,2,1,0,0,1,23.0,,voiture,,1,2,1,1,6
202200016600,2022-11-15 22:15:00,2022,11,15,22,15,64,64260,Boulevard du général leclerc,43.37166,-1.77273,Nuit avec éclairage allumé,En agglomération,Autre intersection,Normale,Autre collision,3,2,2,0,1,2,1,5,1,50,1,1,0,0,0,1,60.0,,voiture,,5,2,9,1,6
202200016601,2022-11-15 21:40:00,2022,11,15,21,40,64,64483,Avenue de Chantaco,43.38281,-1.64459,Nuit avec éclairage allumé,En agglomération,Hors intersection,Pluie légère,Sans collision,3,-1,2,0,1,1,2,0,1,50,1,1,0,0,0,1,22.0,,utilitaire_camion,,5,2,1,2,7
202200016602,2022-07-28 21:06:00,2022,7,28,21,6,06,06088,ROQUEBILLIERE (R. DE),43.70887,7.28774,Nuit avec éclairage allumé,En agglomération,Hors intersection,Normale,Sans collision,4,2,4,0,1,1,1,0,1,50,2,2,1,0,1,0,19.0,30.0,utilitaire_camion,deux_roues,5,2,1,1,7
202200016603,2022-11-15 19:45:00,2022,11,15,19,45,64,64129,Rue Jeanne Lassansaa,43.30195,-0.39232,Nuit avec éclairage allumé,En agglomération,Intersection en T,Pluie légère,Deux véhicules - côté,4,2,0,0,1,1,2,0,1,50,2,2,0,0,0,2,42.0,28.0,deux_roues,voiture,5,2,3,2,3
202200016604,2022-07-28 08:10:00,2022,7,28,8,10,05,05061,CHARLES AUROUZE ( RUE ),44.5637907492,6.0785937309,Plein jour,En agglomération,Giratoire,Normale,Deux véhicules - côté,4,2,2,0,1,1,1,5,1,50,2,2,1,0,0,1,54.0,60.0,voiture,deux_roues,1,2,6,1,3
202200016605,2022-11-15 18:30:00,2022,11,15,18,30,64,64445,TOURASSE,43.31126,-0.35644,Nuit avec éclairage allumé,En agglomération,Intersection en T,Pluie forte,Deux véhicules - côté,4,3,3,0,1,1,2,0,1,50,2,2,1,0,0,1,22.0,65.0,deux_roues,voiture,5,2,3,3,3
202200016606,2022-07-22 13:59:00,2022,7,22,13,59,05,05061,plaine de Lachaup,44.50944,6.04582,Plein jour,Hors agglomération,Giratoire,Normale,Deux véhicules - arrière,2,2,2,0,1,1,1,9,1,70,2,2,1,0,0,1,30.0,77.0,utilitaire_camion,voiture,1,1,6,1,2
202200016607,2022-11-15 09:10:00,2022,11,15,9,10,62,62126,D945,50.51651,2.67223,Plein jour,En agglomération,Giratoire,Normale,Autre collision,3,2,3,0,1,3,1,5,1,50,1,2,1,0,1,0,65.0,,voiture,,1,2,6,1,6
202200016608,2022-11-15 21:25:00,2022,11,15,21,25,59,59599,GAND (RUE DE),50.7333021353,3.1611281633,Nuit avec éclairage allumé,En agglomération,Hors intersection,Pluie légère,Autre collision,4,2,2,0,1,1,2,0,8,50,1,2,1,0,0,1,,,voiture,,5,2,1,2,6
202200016609,2022-07-28 11:30:00,2022,7,28,11,30,75,75120,PORTE DE MONTREUIL,48.850099,2.415106,Plein jour,En agglomération,Hors intersection,Normale,Deux véhicules - arrière,4,1,4,0,1,1,1,0,1,70,2,3,2,0,0,1,46.0,41.0,voiture,voiture,1,2,1,1,2
202200016610,2022-11-15 09:45:00,2022,11,15,9,45,59,59421,MARNE (BOULEVARD DE LA),50.6941107067,3.1327289343,Plein jour,En agglomération,Intersection en T,Normale,Deux véhicules - côté,7,1,1,1,1,1,1,0,1,50,2,2,1,0,0,1,38.0,29.0,voiture,deux_roues,1,2,3,1,3