accident_id,datetime,annee,mois,jour,heure,minute,departement,commune_insee,adresse,latitude,longitude,luminosite,agglomeration,intersection,meteo,collision,catr,circ,nbv,vosp,prof,plan,surf,infra,situ,vma,nb_vehicules,nb_usagers,nb_indemnes,nb_tues,nb_blesses_hosp,nb_blesses_legers,age_cond_1,age_cond_2,veh_type_cond_1,veh_type_cond_2,lum_code,agg_code,int_code,atm_code,col_code
202200016889,2022-02-02 08:30:00,2022,2,2,8,30,75,75117,AVENUE DE LA PORTE D ASNIERES,48.891064,2.302532,Plein jour,En agglomération,Intersection en T,Normale,Autre collision,4,2,6,3,1,1,1,0,1,30,1,2,1,0,0,1,22.0,,deux_roues,,1,2,3,1,6
202200016890,2022-05-26 10:10:00,2022,5,26,10,10,68,68106,19 rue principale,47.873835,7.1053,Plein jour,En agglomération,Hors intersection,Normale,Autre collision,3,2,2,0,2,1,1,0,1,50,1,1,0,0,1,0,51.0,,deux_roues,,1,2,1,1,6
202200016891,2022-01-12 13:54:00,2022,1,12,13,54,02,02135,D1029,49.970877,3.868818,Plein jour,Hors agglomération,Hors intersection,Normale,Deux véhicules - côté,3,-1,2,0,2,1,1,0,1,80,2,2,1,0,1,0,83.0,42.0,voiture,utilitaire_camion,1,1,1,1,3
202200016892,2022-05-26 05:00:00,2022,5,26,5,0,67,67389,7 Rue Benjamin Silliman Jr.,48.664556,7.760559,Crépuscule ou aube,Hors agglomération,Giratoire,Normale,Sans collision,7,2,2,0,1,2,1,5,8,80,1,1,0,0,0,1,23.0,,voiture,,2,1,6,1,7
202200016893,2022-01-13 17:42:00,2022,1,13,17,42,02,02543,38 Rue Capitaine Pierre Plocque,49.167978,3.264916,Nuit sans éclairage public,En agglomération,Hors intersection,Normale,Autre collision,3,2,2,0,1,1,2,0,1,50,1,2,0,0,1,1,28.0,,voiture,,3,2,1,1,6
202200016894,2022-05-25 06:59:00,2022,5,25,6,59,67,67101,84 Grand Rue,48.5244413728,7.4911603332,Plein jour,En agglomération,Intersection en X,Normale,Deux véhicules - côté,3,2,2,0,1,1,1,0,1,50,2,2,1,0,0,1,18.0,22.0,deux_roues,voiture,1,2,2,1,3
202200016895,2022-01-12 19:00:00,2022,1,12,19,0,02,02257,D930,49.823636,3.227255,Nuit sans éclairage public,Hors agglomération,Hors intersection,Brouillard / fumée,Deux véhicules - côté,3,2,2,0,1,1,1,0,1,80,2,3,1,0,2,0,43.0,23.0,voiture,utilitaire_camion,3,1,1,5,3
202200016896,2022-05-29 10:45:00,2022,5,29,10,45,88,88095,Route départemental 166,48.296556,5.856743,Plein jour,Hors agglomération,Hors intersection,Normale,Deux véhicules - côté,3,2,2,0,1,1,1,0,1,90,2,2,1,0,1,0,70.0,39.0,deux_roues,voiture,1,1,1,1,3
202200016897,2022-02-02 08:20:00,2022,2,2,8,20,75,75116,ROUTE DE LA MUETTE A NEUILLY,48.874843,2.263494,Plein jour,En agglomération,Hors intersection,Normale,Trois véhicules et plus - collisions multiples,4,2,1,0,1,1,1,0,1,30,4,4,3,0,0,1,52.0,40.0,deux_roues,voiture,1,2,1,1,5
202200016898,2022-03-13 21:35:00,2022,3,13,21,35,988,98818,RUE JEAN CHALIER/RUE JACQUES IEKAWE,-22.24834,166.46377,Nuit avec éclairage allumé,En agglomération,Intersection en T,Normale,Deux véhicules - côté,4,2,2,0,1,1,1,0,1,50,2,3,2,0,0,1,52.0,52.0,deux_roues,voiture,5,2,3,1,3
202200016899,2022-05-27 14:40:00,2022,5,27,14,40,54,54063,Rue de Saint-Mihiel,48.844435,5.843426,Plein jour,En agglomération,Intersection en X,Normale,Deux véhicules - côté,3,2,2,0,1,1,1,0,1,50,2,2,1,0,1,0,33.0,30.0,voiture,deux_roues,1,2,2,1,3
202200016900,2022-02-02 07:59:00,2022,2,2,7,59,75,75116,BOULEVARD ANDRE MAUROIS,48.877981,2.278145,Plein jour,En agglomération,Hors intersection,Normale,Autre collision,4,2,2,0,1,1,1,0,1,30,1,2,1,0,0,1,,,utilitaire_camion,,1,2,1,1,6
202200016901,2022-03-13 18:00:00,2022,3,13,18,0,974,97416,TISSERINS (RUE DES),-21.34812,55.48721,Plein jour,En agglomération,Hors intersection,Temps couvert,Deux véhicules - arrière,4,2,1,0,2,1,1,0,1,30,2,2,1,0,0,1,31.0,53.0,voiture,voiture,1,2,1,8,2
202200016902,2022-05-26 18:15:00,2022,5,26,18,15,54,54023,RD914,48.7440285574,6.5400195116,Plein jour,Hors agglomération,Hors intersection,Normale,Sans collision,3,2,2,0,2,4,1,0,1,80,1,1,0,0,1,0,20.0,,deux_roues,,1,1,1,1,7
202200016903,2022-03-13 03:30:00,2022,3,13,3,30,974,97416,BASSIN PLAT(CHEMIN),-21.32464,55.48928,Nuit sans éclairage public,Hors agglomération,Hors intersection,Pluie légère,Sans collision,4,2,2,0,1,2,2,0,1,70,1,1,0,0,0,1,25.0,,deux_roues,,3,1,1,2,7
202200016904,2022-05-27 01:00:00,2022,5,27,1,0,54,54150,52 Rue de Metz,48.791948,6.122087,Nuit avec éclairage allumé,En agglomération,Hors intersection,Normale,Autre collision,3,2,2,0,1,1,1,0,1,50,1,2,0,0,1,1,28.0,,voiture,,5,2,1,1,6
202200016905,2022-02-26 18:50:00,2022,2,26,18,50,974,97409,CAMBUSTON (rue de),-20.93133,55.6493,Nuit avec éclairage allumé,En agglomération,Hors intersection,Normale,Deux véhicules - frontale,4,2,1,0,1,1,1,0,1,50,2,2,1,0,1,0,60.0,45.0,voiture,deux_roues,5,2,1,1,1
202200016906,2022-02-03 08:15:00,2022,2,3,8,15,75,75115,RUE DE LA CONVENTION,48.83835,2.293958,Plein jour,En agglomération,Intersection en Y,Normale,Deux véhicules - côté,4,2,2,0,1,1,1,0,1,30,2,2,1,0,0,1,18.0,31.0,deux_roues,voiture,1,2,4,1,3
202200016907,2022-03-13 14:45:00,2022,3,13,14,45,973,97302,BADUEL (ROUTE DE),4.9292193233,-52.3024964333,Plein jour,En agglomération,Autre intersection,Pluie forte,Deux véhicules - côté,3,2,2,1,1,1,2,9,1,50,2,2,1,0,1,0,30.0,30.0,voiture,deux_roues,1,2,9,3,3
202200016908,2022-05-27 17:15:00,2022,5,27,17,15,57,57752,Rue de Sarreguemines,49.075696,7.014523,Plein jour,En agglomération,Hors intersection,Normale,Trois véhicules et plus - en chaîne,3,2,2,0,2,1,1,0,1,50,5,8,1,0,0,7,23.0,72.0,voiture,voiture,1,2,1,1,4
202200016909,2022-03-12 15:42:00,2022,3,12,15,42,69,69259,Avenue Maurice Thorez,45.6994706497,4.8666751385,Plein jour,En agglomération,Intersection en X,Normale,Deux véhicules - côté,4,3,2,3,1,2,1,0,1,50,2,2,1,0,1,0,40.0,22.0,voiture,autre,1,2,2,1,3
202200016910,2022-02-03 21:10:00,2022,2,3,21,10,75,75111,BOULEVARD DE MENILMONTANT,48.862136,2.387651,Nuit avec éclairage allumé,En agglomération,Hors intersection,Normale,Autre collision,4,2,5,1,1,1,1,0,1,30,1,1,0,0,0,1,30.0,,deux_roues,,5,2,1,1,6
202200016911,2022-05-29 05:20:00,2022,5,29,5,20,03,03100,D779,46.526811,3.763863,Crépuscule ou aube,Hors agglomération,Hors intersection,Normale,Autre collision,3,2,2,0,2,1,1,0,3,90,1,3,0,0,2,1,17.0,,voiture,,2,1,1,1,6
202200016912,2022-03-13 19:00:00,2022,3,13,19,0,972,97209,BEAUSEJOUR JAMBETTE (ROUTE DE ),14.63989,-61.04166,Nuit avec éclairage allumé,En agglomération,Hors intersection,Normale,Deux véhicules - frontale,3,-1,2,0,1,1,1,0,1,50,2,2,1,0,0,1,35.0,56.0,voiture,voiture,5,2,1,1,1
202200016913,2022-05-26 05:55:00,2022,5,26,5,55,42,42094,Rue de la Loire,45.743146,4.219292,Crépuscule ou aube,En agglomération,Intersection en X,Normale,Deux véhicules - côté,3,2,2,0,1,1,1,5,1,50,2,3,1,0,0,2,24.0,48.0,voiture,voiture,2,2,2,1,3
202200016914,2022-03-13 22:14:00,2022,3,13,22,14,69,69382,Rue Sainte Hélène,45.75462,4.83015,Nuit avec éclairage allumé,En agglomération,Intersection en X,Temps couvert,Deux véhicules - côté,4,1,1,2,1,1,2,6,1,30,2,3,2,0,0,1,27.0,26.0,deux_roues,voiture,5,2,2,8,3
202200016915,2022-05-25 19:50:00,2022,5,25,19,50,42,42062,Route de Saint Heand,45.582997,4.402717,Crépuscule ou aube,Hors agglomération,Hors intersection,Normale,Deux véhicules - frontale,3,2,2,0,2,2,1,0,1,80,2,2,1,0,1,0,30.0,29.0,voiture,voiture,2,1,1,1,1
202200016916,2022-03-13 21:24:00,2022,3,13,21,24,69,69384,Cours d’Herbouville,45.77874,4.84112,Nuit avec éclairage allumé,En agglomération,Hors intersection,Pluie légère,Trois véhicules et plus - en chaîne,4,3,4,3,2,1,2,9,1,50,3,4,3,0,0,1,26.0,30.0,voiture,voiture,5,2,1,2,4
202200016917,2022-02-02 14:38:00,2022,2,2,14,38,75,75108,PLACE DE LA CONCORDE,48.866778,2.321993,Plein jour,En agglomération,Place,Normale,Deux véhicules - arrière,4,1,4,0,1,1,1,0,1,30,2,2,1,0,0,1,18.0,26.0,deux_roues,deux_roues,1,2,7,1,2
202200016918,2022-03-13 05:05:00,2022,3,13,5,5,69,69385,24 Rue de la Quarantaine,45.75339,4.82268,Nuit avec éclairage allumé,En agglomération,Hors intersection,Normale,Sans collision,4,1,1,2,1,1,1,0,1,50,1,1,0,0,0,1,19.0,,deux_roues,,5,2,1,1,7
202200016919,2022-05-27 17:00:00,2022,5,27,17,0,38,38003,Route Départementale 519,45.323442,4.856515,Plein jour,Hors agglomération,Intersection en T,Normale,Autre collision,3,2,1,0,1,1,1,0,1,80,3,3,1,0,1,1,52.0,38.0,voiture,voiture,1,1,3,1,6
202200016920,2022-05-14 11:40:00,2022,5,14,11,40,38,38474,Route Départementale 531,45.21227,5.655674,Plein jour,En agglomération,Giratoire,Normale,Autre collision,7,2,2,0,4,3,1,0,1,50,1,2,1,0,0,1,20.0,,voiture,,1,2,6,1,6
202200016921,2022-05-27 19:15:00,2022,5,27,19,15,07,07042,D86,44.37818,4.647667,Plein jour,En agglomération,Hors intersection,Normale,Autre collision,3,2,2,0,1,1,1,0,1,80,1,1,0,0,1,0,31.0,,deux_roues,,1,2,1,1,6
202200016922,2022-03-12 00:36:00,2022,3,12,0,36,69,69385,Rue Octavio Mey,45.76626,4.82874,Nuit avec éclairage allumé,En agglomération,Intersection en X,Normale,Deux véhicules - côté,4,2,2,3,1,1,1,5,1,50,2,6,1,0,0,5,22.0,22.0,voiture,voiture,5,2,2,1,3
202200016923,2022-03-13 13:40:00,2022,3,13,13,40,2B,2B033,FRANCOIS VITTORI,42.679614,9.438669,Plein jour,En agglomération,Hors intersection,Pluie légère,Deux véhicules - arrière,4,2,2,0,2,1,1,0,1,50,2,2,1,0,0,1,23.0,20.0,deux_roues,voiture,1,2,1,2,2
202200016924,2022-05-26 14:15:00,2022,5,26,14,15,07,07279,,44.41375,4.652892,Plein jour,Hors agglomération,Hors intersection,Normale,Deux véhicules - frontale,3,2,2,0,1,1,1,0,1,80,2,2,0,0,0,2,48.0,81.0,voiture,voiture,1,1,1,1,1
202200016925,2022-02-02 13:00:00,2022,2,2,13,0,75,75107,AVENUE DE LOWENDAL,48.852373,2.308102,Plein jour,En agglomération,Hors intersection,Normale,Deux véhicules - côté,4,2,2,0,1,1,1,0,1,30,2,2,1,0,0,1,45.0,26.0,deux_roues,utilitaire_camion,1,2,1,1,3
202200016926,2022-05-26 13:05:00,2022,5,26,13,5,07,07034,,44.330663,4.542117,Plein jour,Hors agglomération,Hors intersection,Normale,Sans collision,3,2,2,0,1,1,1,0,1,80,1,1,0,0,0,1,31.0,,deux_roues,,1,1,1,1,7
202200016927,2022-03-13 18:15:00,2022,3,13,18,15,91,91589,AV JEAN ALLEMANE,48.687734,2.34096,Plein jour,En agglomération,Intersection en X,Pluie légère,Deux véhicules - côté,3,2,2,0,1,1,2,0,1,50,2,5,4,0,0,1,27.0,14.0,voiture,deux_roues,1,2,2,2,3
202200016928,2022-05-27 21:10:00,2022,5,27,21,10,01,01275,39 Montee Neuve,45.815722,4.92997,Crépuscule ou aube,En agglomération,Hors intersection,Normale,Autre collision,3,2,2,0,2,2,1,0,1,30,1,1,0,0,0,1,21.0,,voiture,,2,2,1,1,6
202200016929,2022-03-12 16:20:00,2022,3,12,16,20,91,91027,RUE ANDRE LAUNAY,48.714206,2.390205,Plein jour,En agglomération,Intersection en X,Temps couvert,Deux véhicules - frontale,4,2,2,0,1,1,2,5,1,50,2,2,1,0,0,1,22.0,55.0,utilitaire_camion,utilitaire_camion,1,2,2,8,1
202200016930,2022-02-02 13:00:00,2022,2,2,13,0,94,94052,Avenue Georges Clémenceau,48.83636,2.46986,Plein jour,En agglomération,Intersection en X,Normale,Autre collision,3,2,4,1,1,1,1,0,1,50,2,2,1,0,0,1,46.0,21.0,deux_roues,voiture,1,2,2,1,6
202200016931,2022-03-13 14:45:00,2022,3,13,14,45,91,91326,JEAN ARGELIES (RUE),48.6847,2.38175,Plein jour,En agglomération,Hors intersection,Pluie légère,Autre collision,3,1,1,0,1,1,2,0,1,30,1,2,1,0,0,1,22.0,,voiture,,1,2,1,2,6
202200016932,2022-05-26 11:00:00,2022,5,26,11,0,01,01185,D8,45.985959,5.562322,Plein jour,Hors agglomération,Hors intersection,Temps éblouissant,Deux véhicules - arrière,3,2,2,0,1,3,9,0,1,80,2,2,1,0,1,0,35.0,35.0,deux_roues,deux_roues,1,1,1,7,2
202200016933,2022-03-13 03:15:00,2022,3,13,3,15,88,88413,RD 49,48.31377,6.96312,Nuit sans éclairage public,Hors agglomération,Autre intersection,Pluie légère,Sans collision,3,2,2,0,2,2,2,0,1,80,1,4,2,0,1,0,,,voiture,,3,1,9,2,7
202200016934,2022-05-29 12:10:00,2022,5,29,12,10,69,69050,Route Départementale 385,45.874608,4.64653,Plein jour,En agglomération,Hors intersection,Normale,Deux véhicules - côté,3,2,2,2,1,1,1,0,8,80,2,2,1,0,1,0,48.0,82.0,deux_roues,voiture,1,2,1,1,3
202200016935,2022-02-01 09:50:00,2022,2,1,9,50,94,94042,Avenue du Général Galliéni,48.82014,2.46909,Plein jour,En agglomération,Hors intersection,Pluie légère,Trois véhicules et plus - collisions multiples,3,2,4,1,2,1,2,2,1,50,3,3,2,0,0,1,60.0,39.0,voiture,deux_roues,1,2,1,2,5
202200016936,2022-02-11 11:10:00,2022,2,11,11,10,83,83118,PLACE SADI CARNOT,43.4252499322,6.768806532,Plein jour,En agglomération,Hors intersection,Normale,Deux véhicules - côté,4,1,2,0,1,1,1,0,1,30,2,2,1,0,1,0,38.0,79.0,deux_roues,deux_roues,1,2,1,1,3
202200016937,2022-05-28 17:10:00,2022,5,28,17,10,69,69272,45 Rue du Mazet,45.610221,4.839242,Plein jour,En agglomération,Autre intersection,Normale,Deux véhicules - côté,4,2,2,0,1,1,1,0,1,-1,2,2,1,0,0,1,10.0,73.0,deux_roues,voiture,1,2,9,1,3
202200016938,2022-02-03 07:00:00,2022,2,3,7,0,93,93072,Avenue Marcel Cachin,48.9575256361,2.3826786876,Crépuscule ou aube,En agglomération,Hors intersection,Normale,Deux véhicules - arrière,3,2,2,0,1,1,1,0,1,50,2,2,1,0,0,1,37.0,42.0,utilitaire_camion,voiture,2,2,1,1,2
202200016939,2022-05-28 12:45:00,2022,5,28,12,45,69,69255,Rue de Verville,45.747147,4.662194,Plein jour,Hors agglomération,Hors intersection,Normale,Deux véhicules - frontale,3,2,2,0,2,1,1,0,1,80,2,3,0,0,0,3,42.0,22.0,voiture,voiture,1,1,1,1,1
202200016940,2022-03-12 15:10:00,2022,3,12,15,10,77,77059,AVENUE DE L'EUROPE,48.84159,2.66208,Plein jour,En agglomération,Hors intersection,Normale,Deux véhicules - côté,4,1,2,0,1,2,1,0,1,50,2,2,1,0,0,1,45.0,69.0,deux_roues,voiture,1,2,1,1,3
202200016941,2022-05-27 13:50:00,2022,5,27,13,50,69,69094,Le Tupinier,45.74667,4.70345,Plein jour,En agglomération,Giratoire,Temps éblouissant,Deux véhicules - côté,3,2,2,1,1,1,1,0,1,50,2,2,1,0,0,1,70.0,46.0,voiture,deux_roues,1,2,6,7,3
202200016942,2022-02-03 08:50:00,2022,2,3,8,50,93,93071,LEON JOUHAUX (AVENUE),48.939378083,2.5383782387,Plein jour,En agglomération,Hors intersection,Normale,Deux véhicules - arrière,4,2,2,0,1,1,1,0,1,30,2,2,1,0,0,1,36.0,20.0,voiture,voiture,1,2,1,1,2
202200016943,2022-03-13 04:25:00,2022,3,13,4,25,77,77022,D607,48.4517581204,2.6235918402,Nuit sans éclairage public,Hors agglomération,Giratoire,Normale,Autre collision,3,3,2,0,1,3,2,9,3,70,1,1,0,0,1,0,36.0,,voiture,,3,1,6,1,6
202200016944,2022-05-28 14:30:00,2022,5,28,14,30,46,46288,Pech de Saint Perdoux,44.673802,2.046108,Plein jour,Hors agglomération,Hors intersection,Normale,Autre collision,3,2,2,0,2,3,1,0,1,80,1,1,0,0,1,0,73.0,,deux_roues,,1,1,1,1,6
202200016945,2022-05-28 05:42:00,2022,5,28,5,42,31,31165,Route de Lagardelle,43.423873,1.361194,Crépuscule ou aube,Hors agglomération,Hors intersection,Normale,Autre collision,3,2,2,0,2,1,1,0,3,70,1,1,0,1,0,0,37.0,,voiture,,2,1,1,1,6
202200016946,2022-03-13 06:45:00,2022,3,13,6,45,76,76212,Route de Lyons-la-forêt,49.43548,1.14569,Crépuscule ou aube,En agglomération,Hors intersection,Pluie légère,Deux véhicules - frontale,7,2,2,0,2,3,2,-1,1,50,2,4,0,0,1,3,21.0,24.0,voiture,voiture,2,2,1,2,1
202200016947,2022-05-28 15:15:00,2022,5,28,15,15,86,86115,19 Avenue des Acacias,46.711832,0.385543,Plein jour,En agglomération,Hors intersection,Normale,Autre collision,3,2,2,0,1,1,1,0,1,50,1,1,0,0,1,0,15.0,,deux_roues,,1,2,1,1,6
202200016948,2022-03-12 20:40:00,2022,3,12,20,40,74,74298,BONNEVILLE (ROUTE DE ),46.1678,6.2687,Nuit sans éclairage public,Hors agglomération,Hors intersection,Normale,Deux véhicules - frontale,3,-1,0,0,1,4,1,0,1,80,2,2,0,0,0,2,48.0,21.0,voiture,voiture,3,1,1,1,1
202200016949,2022-05-28 20:00:00,2022,5,28,20,0,33,33141,D936,44.836441,-0.348451,Crépuscule ou aube,Hors agglomération,Hors intersection,Temps éblouissant,Autre collision,3,2,2,0,3,2,1,0,3,80,1,1,0,1,0,0,25.0,,deux_roues,,2,1,1,7,6
202200016950,2022-02-03 14:50:00,2022,2,3,14,50,93,93050,LOUIS VANNINI (RUE),48.86635,2.52783,Plein jour,En agglomération,Hors intersection,Normale,Deux véhicules - côté,3,2,2,0,1,1,1,0,1,50,2,2,1,0,0,1,31.0,45.0,deux_roues,voiture,1,2,1,1,3
202200016951,2022-05-29 04:20:00,2022,5,29,4,20,33,33177,Route de Soulac,45.32916,-0.970273,Nuit sans éclairage public,Hors agglomération,Hors intersection,Normale,Autre collision,3,2,2,0,1,2,1,0,3,80,1,1,0,0,1,0,29.0,,voiture,,3,1,1,1,6
202200016952,2022-03-12 16:00:00,2022,3,12,16,0,69,69264,Rue Roncevaux,45.9946,4.71515,Plein jour,En agglomération,Intersection en T,Temps couvert,Autre collision,4,1,1,0,1,1,1,0,1,50,1,2,1,0,0,1,93.0,,voiture,,1,2,3,8,6
202200016953,2022-02-02 14:00:00,2022,2,2,14,0,93,93045,PARIS RUE DE,48.8791222269,2.4136009812,Plein jour,En agglomération,Hors intersection,Normale,Deux véhicules - côté,3,2,2,0,1,1,1,0,1,50,2,2,1,0,0,1,39.0,61.0,utilitaire_camion,deux_roues,1,2,1,1,3
202200016954,2022-12-19 09:50:00,2022,12,19,9,50,69,69383,Rue de Bonnel,45.76209,4.85115,Plein jour,En agglomération,Hors intersection,Normale,Deux véhicules - côté,4,1,3,0,1,1,1,0,1,30,2,2,1,0,0,1,47.0,23.0,voiture,deux_roues,1,2,1,1,3
202200016955,2022-03-11 12:25:00,2022,3,11,12,25,67,67180,TAUBENHOF (RUE),48.80212,7.83466,Plein jour,Hors agglomération,Intersection en T,Normale,Sans collision,4,2,2,0,2,1,1,9,1,50,2,2,1,0,1,0,49.0,49.0,deux_roues,voiture,1,1,3,1,7
202200016956,2022-05-28 00:49:00,2022,5,28,0,49,33,33123,Avenue Charles de Gaulle,45.0899684997,-0.4190321267,Nuit avec éclairage allumé,En agglomération,Intersection en X,Normale,Deux véhicules - côté,4,2,2,0,1,1,1,5,1,50,2,2,1,0,1,0,16.0,19.0,deux_roues,voiture,5,2,2,1,3
202200016957,2022-02-03 18:30:00,2022,2,3,18,30,93,93031,Avenue de la République / Avenue de la Marne,48.95007,2.32855,Nuit avec éclairage allumé,En agglomération,Intersection en X,Normale,Deux véhicules - arrière,3,3,4,0,1,1,1,0,1,50,2,2,1,0,0,1,63.0,57.0,utilitaire_camion,deux_roues,5,2,2,1,2
202200016958,2022-03-13 12:50:00,2022,3,13,12,50,62,62457,GENDARMERIE (RUE DE LA),50.448673,2.543279,Plein jour,En agglomération,Hors intersection,Normale,Autre collision,3,2,2,0,1,3,1,0,1,50,1,1,0,0,1,0,34.0,,deux_roues,,1,2,1,1,6
202200016959,2022-12-18 19:45:00,2022,12,18,19,45,69,69383,Avenue Félix Faure,45.75452,4.86653,Nuit avec éclairage allumé,En agglomération,Intersection en X,Normale,Deux véhicules - côté,4,2,4,2,1,1,1,0,1,50,2,2,0,0,0,2,20.0,42.0,voiture,voiture,5,2,2,1,3
202200016960,2022-05-18 16:20:00,2022,5,18,16,20,85,85300,RD948,46.707585,-1.5154105,Plein jour,Hors agglomération,Hors intersection,Normale,Sans collision,3,3,4,0,1,1,1,0,3,110,1,2,1,0,1,0,51.0,,voiture,,1,1,1,1,7
202200016961,2022-02-03 13:03:00,2022,2,3,13,3,93,93013,VERDUN (RUE DE),48.9321699227,2.413406074,Plein jour,En agglomération,Intersection en T,Normale,Deux véhicules - côté,4,2,2,0,1,1,1,9,1,50,2,2,1,0,0,1,67.0,32.0,voiture,deux_roues,1,2,3,1,3
202200016962,2022-03-13 16:00:00,2022,3,13,16,0,59,59512,LANNOY (RUE),50.6753265241,3.2024422288,Plein jour,En agglomération,Intersection en X,Normale,Deux véhicules - côté,7,2,2,0,1,1,1,0,1,50,2,4,1,0,0,3,37.0,,voiture,voiture,1,2,2,1,3
202200016963,2022-05-28 20:50:00,2022,5,28,20,50,53,53001,Rue des sports,48.01978,-0.872929,Plein jour,En agglomération,Hors intersection,Normale,Autre collision,6,-1, -1,0,1,1,1,0,8,50,1,1,0,0,1,0,40.0,,deux_roues,,1,2,1,1,6
202200016964,2022-12-18 18:40:00,2022,12,18,18,40,69,69387,Rue Jaboulay,45.74909,4.8361,Nuit avec éclairage allumé,En agglomération,Intersection en X,Normale,Deux véhicules - côté,4,1,1,2,1,1,1,0,1,30,2,3,2,0,0,1,23.0,51.0,voiture,voiture,5,2,2,1,3
202200016965,2022-02-03 20:00:00,2022,2,3,20,0,93,93047,Rue de Coubron,48.9029207353,2.5764897466,Nuit avec éclairage allumé,En agglomération,Autre intersection,Pluie légère,Autre collision,4,2,2,0,2,3,2,9,8,50,1,2,1,0,1,0,63.0,,voiture,,5,2,9,2,6
202200016966,2022-12-17 09:30:00,2022,12,17,9,30,69,69388,Rue Professeur Beauvisage,45.72954,4.86762,Plein jour,En agglomération,Intersection en X,Normale,Autre collision,4,2,3,3,1,1,1,0,1,50,1,2,1,0,0,1,32.0,,voiture,,1,2,2,1,6
202200016967,2022-02-03 12:30:00,2022,2,3,12,30,93,93001,LUCIEN LEFRANC (QUAI),48.911113114,2.3738525945,Plein jour,En agglomération,Hors intersection,Normale,Deux véhicules - frontale,3,2,3,0,1,1,1,0,4,50,2,3,1,0,0,2,14.0,38.0,autre,voiture,1,2,1,1,1
202200016968,2022-05-24 10:30:00,2022,5,24,10,30,56,56178,22 Rue d Iéna,48.063143,-2.965937,Plein jour,En agglomération,Hors intersection,Normale,Autre collision,4,2,2,0,1,1,1,0,1,50,2,2,1,0,0,1,64.0,70.0,deux_roues,voiture,1,2,1,1,6
202200016969,2022-03-11 20:15:00,2022,3,11,20,15,59,59392,JEAN JAURES (AVENUE),50.2817001404,3.952884078,Crépuscule ou aube,En agglomération,Intersection à plus de 4 branches,Pluie légère,Deux véhicules - côté,2,-1,4,0,1,1,2,5,1,50,2,4,2,0,1,1,37.0,19.0,voiture,voiture,2,2,5,2,3
202200016970,2022-12-20 07:08:00,2022,12,20,7,8,972,97213,ROUTE NATIONALE 1,14.62042,-60.99282,Plein jour,En agglomération,Hors intersection,Normale,Deux véhicules - côté,2,1,1,0,1,1,1,0,1,70,2,2,1,0,0,1,49.0,50.0,voiture,deux_roues,1,2,1,1,3
202200016971,2022-02-03 08:30:00,2022,2,3,8,30,93,93070,GABRIEL-PERI (AV),48.9086081241,2.3326338199,Plein jour,En agglomération,Intersection en T,Normale,Autre collision,3,1,1,0,1,1,1,0,1,50,1,2,1,0,0,1,50.0,,utilitaire_camion,,1,2,3,1,6
202200016972,2022-12-18 05:20:00,2022,12,18,5,20,972,97213,AUTOROUTE A1,14.607,-61.00411,Nuit avec éclairage allumé,Hors agglomération,Hors intersection,Normale,Autre collision,1,3,4,0,1,1,1,0,1,90,1,1,0,0,1,0,20.0,,deux_roues,,5,1,1,1,6
202200016973,2022-03-13 07:19:00,2022,3,13,7,19,49,49246,BELLE POULE LEVEE,47.42571,-0.51283,Plein jour,En agglomération,Hors intersection,Pluie légère,Sans collision,4,2,2,0,1,1,2,0,1,70,1,6,1,0,1,4,20.0,,voiture,,1,2,1,2,7
202200016974,2022-04-30 15:15:00,2022,4,30,15,15,35,35212,La Pinçonnière,47.884998,-1.617452,Plein jour,Hors agglomération,Hors intersection,Normale,Autre collision,3,2,2,0,1,3,1,0,1,80,1,1,0,1,0,0,54.0,,voiture,,1,1,1,1,6
202200016975,2022-02-01 16:05:00,2022,2,1,16,5,92,92064,PORTE JAUNE,48.8423249052,2.1989999413,Plein jour,En agglomération,Hors intersection,Temps couvert,Deux véhicules - côté,3,2,2,0,1,2,2,9,1,50,2,2,1,0,0,1,63.0,,deux_roues,transport_commun,1,2,1,8,3
202200016976,2022-12-19 07:30:00,2022,12,19,7,30,972,97209,RELIGIEUSES (ROUTE DES),14.61207,-61.06003,Plein jour,Hors agglomération,Hors intersection,Normale,Autre collision,3,2,2,0,2,1,1,0,8,30,1,1,0,0,0,1,42.0,,voiture,,1,1,1,1,6
202200016977,2022-03-13 20:03:00,2022,3,13,20,3,45,45302,D2701-PR0+430,47.948385528,1.8648837805,Nuit sans éclairage public,Hors agglomération,Hors intersection,Pluie légère,Deux véhicules - côté,3,1,1,0,1,1,2,3,1,90,2,3,2,0,0,1,43.0,25.0,voiture,voiture,3,1,1,2,3
202200016978,2022-02-03 07:40:00,2022,2,3,7,40,92,92063,HOPITAL STELL (BOULEVARD DE L'),48.878901056,2.1862656176,Crépuscule ou aube,En agglomération,Hors intersection,Normale,Autre collision,3,3,4,0,2,2,1,0,4,50,1,1,0,0,0,1,37.0,,voiture,,2,2,1,1,6
202200016979,2022-05-29 01:10:00,2022,5,29,1,10,974,97411,JAURES (BLD 1 JEAN),-20.891,55.455,Nuit avec éclairage allumé,En agglomération,Intersection à plus de 4 branches,Normale,Deux véhicules - côté,2,1,6,0,1,1,1,5,1,70,2,3,2,0,1,0,28.0,22.0,voiture,deux_roues,5,2,5,1,3
202200016980,2022-12-18 21:10:00,2022,12,18,21,10,972,97209,AUTOROUTE (A1),14.60904,-61.05572,Nuit avec éclairage allumé,Hors agglomération,Hors intersection,Normale,Autre collision,2,1,2,0,3,1,1,0,8,90,1,2,0,1,0,1,22.0,,voiture,,5,1,1,1,6