accident_id,datetime,annee,mois,jour,heure,minute,departement,commune_insee,adresse,latitude,longitude,luminosite,agglomeration,intersection,meteo,collision,catr,circ,nbv,vosp,prof,plan,surf,infra,situ,vma,nb_vehicules,nb_usagers,nb_indemnes,nb_tues,nb_blesses_hosp,nb_blesses_legers,age_cond_1,age_cond_2,veh_type_cond_1,veh_type_cond_2,lum_code,agg_code,int_code,atm_code,col_code
202200017071,2022-12-17 20:35:00,2022,12,17,20,35,82,82033,JOSEPH FLAMENS (RUE) ,44.03915,1.11179,Nuit avec éclairage allumé,En agglomération,Hors intersection,Normale,Deux véhicules - frontale,4,2,2,0,1,1,1,0,1,50,2,2,1,0,0,1,39.0,21.0,voiture,deux_roues,5,2,1,1,1
202200017072,2022-02-03 18:00:00,2022,2,3,18,0,85,85084,31 Rue nationale 160,46.79614,-1.15838,Nuit sans éclairage public,En agglomération,Intersection en T,Pluie légère,Deux véhicules - côté,3,2,2,0,1,1,2,0,1,50,2,2,1,0,1,0,60.0,17.0,voiture,deux_roues,3,2,3,2,3
202200017073,2022-12-17 20:25:00,2022,12,17,20,25,81,81163,JUIN (MARECHAL),43.50601,2.37908,Nuit avec éclairage allumé,En agglomération,Hors intersection,Normale,Deux véhicules - arrière,3,2,3,0,1,1,1,0,1,50,2,2,1,0,0,1,67.0,31.0,voiture,utilitaire_camion,5,2,1,1,2
202200017074,2022-05-22 23:20:00,2022,5,22,23,20,971,97113,RN4-ROND POINT SAINT FELIX,16.20789,-61.45304,Nuit avec éclairage allumé,Hors agglomération,Hors intersection,Normale,Deux véhicules - côté,2,2,2,2,1,3,1,9,1,70,2,5,0,0,0,5,30.0,36.0,voiture,voiture,5,1,1,1,3
202200017075,2022-03-12 21:15:00,2022,3,12,21,15,75,75117,AVENUE DE LA PORTE D ASNIERES,48.8923339099,2.3010912538,Nuit avec éclairage allumé,En agglomération,Intersection en X,Pluie légère,Deux véhicules - côté,4,2,6,0,1,1,2,0,1,30,2,8,6,0,0,2,62.0,35.0,voiture,voiture,5,2,2,2,3
202200017076,2022-12-16 21:00:00,2022,12,16,21,0,79,79191,,46.33734,-0.46265,Nuit sans éclairage public,Hors agglomération,Hors intersection,Normale,Deux véhicules - frontale,3,3,4,0,1,2,1,0,1,70,2,2,1,0,0,1,22.0,21.0,voiture,voiture,3,1,1,1,1
202200017077,2022-02-03 09:30:00,2022,2,3,9,30,30,30182,,43.850901,4.151266,Plein jour,Hors agglomération,Hors intersection,Normale,Trois véhicules et plus - collisions multiples,3,2,2,0,1,1,1,0,1,80,3,3,2,0,1,0,22.0,73.0,utilitaire_camion,voiture,1,1,1,1,5
202200017078,2022-05-28 22:25:00,2022,5,28,22,25,2A,2A004,NAPOLEON COURS AVANT BEVERINI,41.92809,8.73866,Nuit avec éclairage allumé,En agglomération,Autre intersection,Normale,Deux véhicules - côté,2,2,3,0,1,1,1,0,1,50,2,2,1,0,0,1,26.0,,deux_roues,voiture,5,2,9,1,3
202200017079,2022-03-13 03:25:00,2022,3,13,3,25,75,75116,PLACE D IENA,48.864625,2.293709,Nuit avec éclairage allumé,En agglomération,Place,Pluie légère,Autre collision,4,-1,1,0,1,1,2,0,1,30,1,2,0,0,0,2,29.0,,voiture,,5,2,7,2,6
202200017080,2022-01-16 04:25:00,2022,1,16,4,25,26,26009,Rn7 Creux de la Thine,45.258418,4.823011,Nuit avec éclairage allumé,En agglomération,Intersection en Y,Brouillard / fumée,Autre collision,2,2,2,0,1,1,1,0,3,50,1,3,1,0,1,1,26.0,,voiture,,5,2,4,5,6
202200017081,2022-02-02 18:34:00,2022,2,2,18,34,67,67389,1 rue du général de gaulle,48.6529470374,7.7510046959,Nuit avec éclairage allumé,En agglomération,Hors intersection,Pluie légère,Autre collision,7,2,2,0,1,1,2,0,1,50,1,2,1,0,1,0,36.0,,voiture,,5,2,1,2,6
202200017082,2022-03-13 16:20:00,2022,3,13,16,20,75,75115,AVENUE EMILE ZOLA,48.846224,2.279412,Plein jour,En agglomération,Intersection en T,Pluie légère,Deux véhicules - frontale,4,2,2,0,1,1,2,0,1,30,2,2,1,0,0,1,20.0,,deux_roues,voiture,1,2,3,2,1
202200017083,2022-05-27 08:50:00,2022,5,27,8,50,95,95598,Avenue du Clos Renaud,48.9888022366,2.2967192531,Plein jour,En agglomération,Hors intersection,Temps couvert,Deux véhicules - côté,4,2,2,0,1,1,1,0,1,50,2,2,1,0,0,1,22.0,22.0,utilitaire_camion,deux_roues,1,2,1,8,3
202200017084,2022-02-04 15:55:00,2022,2,4,15,55,973,97309,D2 (rd2),4.906314,-52.273024,Plein jour,En agglomération,Autre intersection,Normale,Deux véhicules - côté,3,2,2,0,1,1,1,0,1,50,2,2,1,0,1,0,17.0,35.0,deux_roues,voiture,1,2,9,1,3
202200017085,2022-03-13 18:05:00,2022,3,13,18,5,75,75112,QUAI DE BERCY,48.833704,2.382467,Plein jour,En agglomération,Intersection en X,Pluie légère,Sans collision,4,3,3,0,1,1,2,0,1,30,1,1,0,0,0,1,42.0,,deux_roues,,1,2,2,2,7
202200017086,2022-12-19 18:30:00,2022,12,19,18,30,78,78029,AVENUE DE L'UNION,48.959441,1.840734,Nuit avec éclairage allumé,Hors agglomération,Giratoire,Autre,Deux véhicules - arrière,3,1,2,0,1,2,2,0,1,50,2,2,1,0,0,1,39.0,52.0,deux_roues,voiture,5,1,6,9,2
202200017087,2022-02-04 15:15:00,2022,2,4,15,15,973,97309,Avenue des Plages,4.907396,-52.267859,Plein jour,En agglomération,Hors intersection,Normale,Deux véhicules - côté,3,2,2,0,1,1,1,0,1,-1,2,2,1,0,1,0,35.0,30.0,deux_roues,voiture,1,2,1,1,3
202200017088,2022-03-13 12:40:00,2022,3,13,12,40,75,75112,COURS DE VINCENNES,48.848144,2.399117,Plein jour,En agglomération,Intersection en X,Pluie légère,Deux véhicules - côté,4,2,6,3,1,1,2,0,1,30,2,4,3,0,0,1,22.0,57.0,utilitaire_camion,voiture,1,2,2,2,3
202200017089,2022-12-17 17:20:00,2022,12,17,17,20,78,78029,AVENUE DE L'UNION,48.961207,1.850162,Nuit avec éclairage allumé,En agglomération,Intersection en Y,Normale,Deux véhicules - côté,3,3,4,0,1,1,1,0,1,50,2,4,2,0,0,2,15.0,34.0,voiture,voiture,5,2,4,1,3
202200017090,2022-05-28 21:25:00,2022,5,28,21,25,91,91021,BD ABEL CORNATON,48.587282,2.248685,Crépuscule ou aube,En agglomération,Intersection en X,Normale,Deux véhicules - frontale,4,2,2,0,1,1,1,0,1,50,2,2,1,0,1,0,23.0,20.0,voiture,deux_roues,2,2,2,1,1
202200017091,2022-02-03 14:00:00,2022,2,3,14,0,06,06085,Autoroute A8 - pk 168.400 nord,43.593295,7.038953,Plein jour,Hors agglomération,Hors intersection,Normale,Deux véhicules - arrière,1,1,3,0,1,1,1,0,1,110,2,2,0,0,0,2,27.0,58.0,voiture,utilitaire_camion,1,1,1,1,2
202200017092,2022-03-13 05:05:00,2022,3,13,5,5,75,75108,AVENUE DES CHAMPS ELYSEES,48.871081,2.303502,Nuit avec éclairage allumé,En agglomération,Intersection en T,Temps couvert,Trois véhicules et plus - en chaîne,4,2,6,0,1,1,1,0,1,30,3,3,2,0,0,1,22.0,55.0,voiture,voiture,5,2,3,8,4
202200017093,2022-12-21 09:35:00,2022,12,21,9,35,78,78118,AVENUE DE LA GRANDE HALLE,48.98672,1.68048,Plein jour,En agglomération,Intersection à plus de 4 branches,Temps couvert,Autre collision,4,2,2,1,1,3,2,5,1,50,1,2,1,0,1,0,48.0,,voiture,,1,2,5,8,6
202200017094,2022-05-27 04:50:00,2022,5,27,4,50,91,91421,NATIONALE 6 (REVEIL MATIN),48.71102,2.44171,Nuit sans éclairage public,Hors agglomération,Hors intersection,Normale,Sans collision,3,3,4,0,2,1,1,0,1,90,1,1,0,0,0,1,22.0,,voiture,,3,1,1,1,7
202200017095,2022-03-13 18:15:00,2022,3,13,18,15,94,94054,Rue Claude Bernard,48.74959,2.41036,Crépuscule ou aube,En agglomération,Hors intersection,Pluie légère,Deux véhicules - frontale,4,2,2,0,1,1,2,0,1,30,2,2,1,0,0,1,27.0,16.0,voiture,deux_roues,2,2,1,2,1
202200017096,2022-02-03 20:30:00,2022,2,3,20,30,84,84092,AVENUE PASTEUR,43.95407,4.858312,Nuit avec éclairage allumé,En agglomération,Intersection en Y,Normale,Deux véhicules - frontale,4,2,2,0,1,1,1,5,1,50,2,2,1,0,1,0,24.0,26.0,voiture,deux_roues,5,2,4,1,1
202200017097,2022-05-26 18:00:00,2022,5,26,18,0,91,91114,BD CHARLES DE GAULLE,48.6947,2.5024,Plein jour,En agglomération,Autre intersection,Normale,Deux véhicules - côté,3,1,2,0,2,1,1,9,1,50,2,2,1,0,1,0,65.0,32.0,voiture,autre,1,2,9,1,3
202200017098,2022-03-13 14:10:00,2022,3,13,14,10,93,93001,Avenue Francis de Pressense / Rue de Saint Denis,48.92318,2.37005,Plein jour,En agglomération,Intersection en X,Pluie légère,Autre collision,3,3,4,0,1,1,2,0,1,50,1,2,1,0,1,0,61.0,,voiture,,1,2,2,2,6
202200017099,2022-02-03 11:30:00,2022,2,3,11,30,83,83099,Rue du General Charles de Gaulle,43.452767,6.690754,Plein jour,En agglomération,Intersection en T,Normale,Deux véhicules - frontale,4,2,2,0,1,1,1,5,1,50,2,2,1,0,1,0,19.0,55.0,deux_roues,utilitaire_camion,1,2,3,1,1
202200017100,2022-05-26 08:45:00,2022,5,26,8,45,91,91109,VILLECONIN (ROUTE DE)      RD207,48.47232,2.13741,Plein jour,Hors agglomération,Hors intersection,Normale,Sans collision,3,2,1,0,1,1,1,0,1,90,1,1,0,0,1,0,62.0,,deux_roues,,1,1,1,1,7
202200017101,2022-03-13 08:30:00,2022,3,13,8,30,92,92075,JEAN BLEUZEN,48.8241009736,2.2982061356,Plein jour,En agglomération,Autre intersection,Normale,Deux véhicules - côté,3,1,3,0,1,1,1,0,1,30,2,2,1,0,0,1,21.0,43.0,deux_roues,voiture,1,2,9,1,3
202200017102,2022-02-04 07:30:00,2022,2,4,7,30,55,55369,D116,48.8095730267,5.2050857971,Plein jour,Hors agglomération,Hors intersection,Temps couvert,Deux véhicules - frontale,3,2,2,0,1,3,2,0,1,90,2,2,0,0,2,0,49.0,33.0,voiture,voiture,1,1,1,8,1
202200017103,2022-12-16 18:00:00,2022,12,16,18,0,77,77373,AV DES CHARDONS,48.790609,2.613389,Nuit avec éclairage allumé,En agglomération,Intersection en T,Normale,Autre collision,4,1,1,0,1,2,1,0,8,50,1,1,0,1,0,0,62.0,,voiture,,5,2,3,1,6
202200017104,2022-02-02 18:15:00,2022,2,2,18,15,74,74224,Rue de l En Falot,46.060688,6.308513,Nuit avec éclairage allumé,En agglomération,Intersection en T,Normale,Autre collision,3,2, -1,-1,2,1,1,0,1,-1,1,2,1,0,1,0,26.0,,voiture,,5,2,3,1,6
202200017105,2022-03-13 00:20:00,2022,3,13,0,20,92,92023,GARENNE (ROUTE DE LA),48.7792404774,2.2284915671,Nuit avec éclairage allumé,En agglomération,Intersection en T,Pluie légère,Deux véhicules - frontale,3,2,1,0,1,1,2,0,1,50,2,4,2,0,0,2,20.0,20.0,voiture,voiture,5,2,3,2,1
202200017106,2022-02-04 10:30:00,2022,2,4,10,30,81,81105,Pont des Voutes,43.769436,1.998653,Plein jour,En agglomération,Intersection en X,Normale,Deux véhicules - côté,3,2,2,0,4,1,2,5,1,70,2,2,1,0,0,1,77.0,55.0,voiture,deux_roues,1,2,2,1,3
202200017107,2022-03-08 18:15:00,2022,3,8,18,15,71,71583,autouroute A 6PK 393.000 sens PARI LYON,46.269005,4.788537,Plein jour,Hors agglomération,Hors intersection,Normale,Deux véhicules - arrière,1,3,5,0,1,1,1,0,1,130,2,2,1,0,0,1,43.0,51.0,voiture,voiture,1,1,1,1,2
202200017108,2022-12-19 14:00:00,2022,12,19,14,0,77,77464,D418 / D105B,48.89904,2.71338,Plein jour,En agglomération,Giratoire,Normale,Deux véhicules - côté,3,2,2,0,3,1,1,5,1,50,2,3,2,0,0,1,65.0,61.0,voiture,deux_roues,1,2,6,1,3
202200017109,2022-03-13 20:15:00,2022,3,13,20,15,84,84149,1393 route d'Avignon,44.169724,4.954415,Nuit sans éclairage public,Hors agglomération,Hors intersection,Pluie forte,Sans collision,3,2,2,0,1,1,2,0,8,80,1,1,0,1,0,0,73.0,,voiture,,3,1,1,3,7
202200017110,2022-02-02 16:50:00,2022,2,2,16,50,33,33243,Route de Montagne,44.923875,-0.215521,Plein jour,Hors agglomération,Hors intersection,Normale,Autre collision,3,2,2,0,1,1,2,0,8,80,1,1,0,0,1,0,29.0,,voiture,,1,1,1,1,6
202200017111,2022-12-20 17:40:00,2022,12,20,17,40,77,77186,D417,48.4022,2.69688,Nuit avec éclairage allumé,En agglomération,Hors intersection,Pluie légère,Autre collision,3,2,2,0,1,1,2,0,1,50,1,2,1,1,0,0,58.0,,utilitaire_camion,,5,2,1,2,6
202200017112,2022-03-14 19:20:00,2022,3,14,19,20,59,59016,Rue de la Petite Chapelle,50.978311,2.360113,Nuit sans éclairage public,Hors agglomération,Intersection en T,Normale,Deux véhicules - côté,3,2,2,0,1,2,1,0,1,80,2,2,1,0,1,0,25.0,41.0,deux_roues,voiture,3,1,3,1,3
202200017113,2022-01-27 19:30:00,2022,1,27,19,30,14,14627,D44,48.878701,-0.23052,Nuit sans éclairage public,Hors agglomération,Intersection en X,Pluie légère,Deux véhicules - côté,3,2,2,0,1,1,2,0,1,80,2,2,0,0,0,2,41.0,27.0,voiture,voiture,3,1,2,2,3
202200017114,2022-03-14 10:30:00,2022,3,14,10,30,23,23065,D15,46.290257,1.596537,Plein jour,Hors agglomération,Hors intersection,Temps éblouissant,Deux véhicules - frontale,3,2,2,0,1,2,1,0,1,80,2,2,1,1,0,0,91.0,33.0,voiture,utilitaire_camion,1,1,1,7,1
202200017115,2022-05-28 17:35:00,2022,5,28,17,35,83,83137,CUZIN (AVE FRANCOIS),43.12276,5.94585,Plein jour,En agglomération,Hors intersection,Normale,Deux véhicules - côté,7,2,2,0,1,1,1,0,1,50,2,4,2,0,2,0,17.0,64.0,deux_roues,voiture,1,2,1,1,3
202200017116,2022-03-14 06:30:00,2022,3,14,6,30,87,87177,Bocadie,45.812559,1.079149,Crépuscule ou aube,Hors agglomération,Hors intersection,Autre,Sans collision,3,2,2,0,2,1,7,0,3,80,1,2,1,0,1,0,24.0,,voiture,,2,1,1,9,7
202200017117,2022-12-17 18:50:00,2022,12,17,18,50,77,77371,D934,48.83361,3.00097,Nuit sans éclairage public,Hors agglomération,Hors intersection,Normale,Trois véhicules et plus - collisions multiples,3,2,2,0,1,1,1,0,1,80,3,7,1,0,0,6,43.0,70.0,voiture,voiture,3,1,1,1,5
202200017118,2022-02-03 17:15:00,2022,2,3,17,15,22,22067,Pen An Croissant,48.553486,-3.166906,Plein jour,En agglomération,Intersection en X,Normale,Trois véhicules et plus - collisions multiples,3,2,2,0,2,1,1,2,1,50,3,3,0,0,0,3,78.0,30.0,voiture,voiture,1,2,2,1,5
202200017119,2022-05-27 14:20:00,2022,5,27,14,20,83,83137,DE GAULLE (CORNICHE GENERAL),43.10856,5.95965,Plein jour,En agglomération,Autre intersection,Normale,Deux véhicules - arrière,7,2,1,0,2,2,1,0,1,30,2,2,1,0,0,1,60.0,37.0,deux_roues,voiture,1,2,9,1,2
202200017120,2022-03-06 00:50:00,2022,3,6,0,50,44,44070,D359,47.157231,-1.413176,Nuit sans éclairage public,Hors agglomération,Hors intersection,Normale,Sans collision,3,2,2,0,1,1,1,0,3,80,1,2,0,0,1,1,19.0,,voiture,,3,1,1,1,7
202200017121,2022-12-18 16:10:00,2022,12,18,16,10,76,76540,Rue d'Amiens,49.4403,1.1022,Plein jour,En agglomération,Intersection en X,Pluie forte,Autre collision,4,2,2,0,1,1,2,5,1,30,1,2,1,0,0,1,53.0,,transport_commun,,1,2,2,3,6
202200017122,2022-02-02 22:15:00,2022,2,2,22,15,27,27016,17 avenue de la république,49.245852,1.413878,Nuit avec éclairage allumé,En agglomération,Intersection en T,Normale,Deux véhicules - côté,3,2,2,0,1,1,1,0,1,50,2,2,1,0,0,1,17.0,,deux_roues,voiture,5,2,3,1,3
202200017123,2022-03-12 11:00:00,2022,3,12,11,0,51,51282,D27,49.25198,3.923771,Plein jour,Hors agglomération,Giratoire,Normale,Deux véhicules - côté,3,-1,2,0,1,2,1,0,1,80,2,2,1,0,0,1,55.0,69.0,voiture,deux_roues,1,1,6,1,3
202200017124,2022-05-14 18:40:00,2022,5,14,18,40,83,83123,MAS DE L'HUIDE (CHEMIN DES),43.13495,5.7948,Plein jour,En agglomération,Hors intersection,Normale,Deux véhicules - côté,4,2,2,0,2,1,1,0,1,30,2,2,1,0,0,1,15.0,41.0,deux_roues,utilitaire_camion,1,2,1,1,3
202200017125,2022-12-17 16:10:00,2022,12,17,16,10,76,76351,Rue Fourier,49.51371,0.17485,Plein jour,En agglomération,Intersection en T,Normale,Autre collision,4,2,1,0,1,1,1,0,8,50,1,2,1,0,1,0,43.0,,utilitaire_camion,,1,2,3,1,6
202200017126,2022-03-13 13:00:00,2022,3,13,13,0,69,69217,Rue de la Guille,46.002227118,4.4457989937,Plein jour,En agglomération,Hors intersection,Normale,Autre collision,4,2,2,0,2,1,1,0,1,50,1,2,1,0,1,0,46.0,,voiture,,1,2,1,1,6
202200017127,2022-02-02 15:00:00,2022,2,2,15,0,60,60402,Rue du Tourteret,49.3579980953,2.7551522254,Plein jour,En agglomération,Intersection en X,Normale,Deux véhicules - côté,3,2,2,0,1,1,1,0,1,50,2,2,1,0,0,1,30.0,62.0,utilitaire_camion,deux_roues,1,2,2,1,3
202200017128,2022-03-10 22:44:00,2022,3,10,22,44,69,69292,Boulevard des Oiseaux,45.815057,4.866707,Nuit avec éclairage allumé,En agglomération,Hors intersection,Normale,Deux véhicules - frontale,7,2,2,1,1,2,1,0,1,50,2,2,1,0,1,0,30.0,21.0,voiture,deux_roues,5,2,1,1,1
202200017129,2022-02-03 17:00:00,2022,2,3,17,0,59,59086,1510 Rue de la Gare,50.809576,2.679527,Plein jour,En agglomération,Intersection en T,Pluie légère,Autre collision,3,2,2,0,2,3,2,0,1,50,1,2,1,0,1,0,42.0,,voiture,,1,2,3,2,6
202200017130,2022-05-17 08:50:00,2022,5,17,8,50,83,83118,AVENUE DE VALESCURE,43.43374,6.77397,Plein jour,En agglomération,Autre intersection,Normale,Deux véhicules - côté,4,2,2,0,2,1,1,0,1,50,2,3,0,0,1,2,68.0,46.0,voiture,voiture,1,2,9,1,3
202200017131,2022-03-13 17:40:00,2022,3,13,17,40,89,89460,Rue Gustave Eiffel,48.3416414182,3.0763944983,Crépuscule ou aube,En agglomération,Hors intersection,Pluie légère,Deux véhicules - frontale,4,2,2,0,1,1,2,0,1,50,2,3,1,0,0,2,75.0,21.0,voiture,voiture,2,2,1,2,1
202200017132,2022-12-16 17:55:00,2022,12,16,17,55,76,76351,JOSEPH MADEC,49.506331,0.14175,Nuit sans éclairage public,En agglomération,Hors intersection,Normale,Autre collision,4,-1,1,0,1,1,1,0,1,50,1,2,1,0,1,0,50.0,,utilitaire_camion,,3,2,1,1,6
202200017133,2022-02-03 08:08:00,2022,2,3,8,8,13,13005,A502-Sens Aubagne vers Toulon par R.N.,43.2840996229,5.5936224048,Plein jour,Hors agglomération,Hors intersection,Normale,Deux véhicules - frontale,1,1,1,0,2,3,1,1,1,50,1,1,0,0,0,1,20.0,,utilitaire_camion,,1,1,1,1,1
202200017134,2022-05-21 14:55:00,2022,5,21,14,55,83,83141,ARCS(ROUTE DES),43.492347,6.485591,Plein jour,Hors agglomération,Autre intersection,Normale,Deux véhicules - arrière,3,2,2,0,2,1,1,0,1,70,2,2,0,0,0,2,57.0,40.0,deux_roues,voiture,1,1,9,1,2
202200017135,2022-03-14 14:00:00,2022,3,14,14,0,89,89345,Avenue du 19 mars 1962,47.992011,3.734311,Plein jour,Hors agglomération,Hors intersection,Normale,Deux véhicules - côté,2,2,2,0,1,1,1,0,1,70,2,2,1,0,1,0,64.0,79.0,deux_roues,voiture,1,1,1,1,3
202200017136,2022-12-18 17:50:00,2022,12,18,17,50,76,76351,PIERRE MENDES FRANCE,49.51465,0.15365,Nuit avec éclairage allumé,En agglomération,Intersection en T,Pluie légère,Autre collision,4,2,2,0,1,1,2,0,1,50,1,1,0,0,1,0,31.0,,deux_roues,,5,2,3,2,6
202200017137,2022-02-03 17:55:00,2022,2,3,17,55,91,91589,AUTOROUTE A6,48.67949,2.33342,Crépuscule ou aube,Hors agglomération,Hors intersection,Normale,Deux véhicules - côté,1,1,3,0,1,1,1,0,1,110,2,2,1,0,0,1,26.0,22.0,deux_roues,voiture,2,1,1,1,3
202200017138,2022-03-14 11:45:00,2022,3,14,11,45,61,61432,Rue de la Corne,48.75754,0.693984,Plein jour,Hors agglomération,Intersection en T,Normale,Deux véhicules - arrière,3,2,2,0,1,1,1,0,1,90,2,3,1,0,1,1,60.0,59.0,utilitaire_camion,voiture,1,1,3,1,2
202200017139,2022-12-20 11:10:00,2022,12,20,11,10,76,76217,ACADIENS (RUE DES),49.91,1.078,Plein jour,En agglomération,Autre intersection,Pluie légère,Autre collision,6,-1, -1,0,1,1,2,9,1,30,1,2,1,0,0,1,70.0,,voiture,,1,2,9,2,6
202200017140,2022-02-03 09:50:00,2022,2,3,9,50,94,94021,AUTOROUTE A106,48.76177,2.34521,Plein jour,Hors agglomération,Hors intersection,Normale,Trois véhicules et plus - collisions multiples,1,3,2,0,1,1,1,0,1,90,4,4,3,0,0,1,75.0,43.0,voiture,utilitaire_camion,1,1,1,1,5
202200017141,2022-05-28 10:20:00,2022,5,28,10,20,81,81004,MAQUIS (PL DU),43.9268,2.15354,Plein jour,En agglomération,Giratoire,Normale,Deux véhicules - arrière,4,-1,2,0,1,2,1,0,1,50,2,2,1,0,0,1,72.0,86.0,voiture,deux_roues,1,2,6,1,2
202200017142,2022-03-14 18:25:00,2022,3,14,18,25,25,25596,D27,47.237753,6.444769,Plein jour,Hors agglomération,Intersection en T,Normale,Deux véhicules - côté,3,2,2,0,1,1,1,0,1,80,2,2,1,0,1,0,53.0,34.0,voiture,deux_roues,1,1,3,1,3
202200017143,2022-12-16 16:05:00,2022,12,16,16,5,76,76414,ARQUES (GIRATOIRE DE L'),49.90717,1.10596,Plein jour,Hors agglomération,Autre intersection,Temps couvert,Deux véhicules - côté,3,3,4,0,4,3,1,0,1,90,2,2,1,0,0,1,61.0,41.0,voiture,deux_roues,1,1,9,8,3
202200017144,2022-02-03 06:50:00,2022,2,3,6,50,91,91174,RN 104,48.62095,2.46164,Nuit sans éclairage public,Hors agglomération,Hors intersection,Normale,Deux véhicules - côté,2,3,3,0,1,1,1,0,1,90,2,2,1,0,0,1,22.0,45.0,voiture,utilitaire_camion,3,1,1,1,3
202200017145,2022-03-13 16:10:00,2022,3,13,16,10,31,31141,D5,43.235261,0.744925,Plein jour,Hors agglomération,Hors intersection,Normale,Autre collision,3,2,2,0,1,1,1,0,3,80,1,1,0,0,1,0,21.0,,voiture,,1,1,1,1,6
202200017146,2022-05-28 14:40:00,2022,5,28,14,40,79,79191,Boulevard de l'Atlantique,46.31626,-0.47683,Plein jour,En agglomération,Hors intersection,Normale,Deux véhicules - arrière,4,2,4,3,1,1,1,0,1,50,2,2,1,0,0,1,70.0,29.0,utilitaire_camion,deux_roues,1,2,1,1,2
202200017147,2022-03-13 17:45:00,2022,3,13,17,45,01,01422,D23c,46.147395,5.311847,Plein jour,Hors agglomération,Hors intersection,Pluie forte,Sans collision,3,2,2,0,1,1,2,0,1,-1,1,1,0,0,1,0,72.0,,deux_roues,,1,1,1,3,7
202200017148,2022-02-02 22:45:00,2022,2,2,22,45,91,91179,AUTOROUTE A6,48.56776,2.47213,Nuit sans éclairage public,Hors agglomération,Hors intersection,Normale,Deux véhicules - arrière,1,1,3,0,1,1,1,0,1,110,2,3,2,0,0,1,34.0,31.0,utilitaire_camion,voiture,3,1,1,1,2
202200017149,2022-12-19 15:00:00,2022,12,19,15,0,74,74012,LECLERC (AVENUE DU MARECHAL),46.18658,6.24784,Plein jour,En agglomération,Intersection en Y,Normale,Deux véhicules - arrière,3,4,3,0,1,1,1,0,1,50,2,2,1,0,0,1,52.0,35.0,deux_roues,voiture,1,2,4,1,2
202200017150,2022-05-26 18:55:00,2022,5,26,18,55,78,78481,GABRIEL PERI,48.90118,2.10688,Plein jour,En agglomération,Hors intersection,Normale,Autre collision,4,1,1,0,1,1,1,0,4,50,1,1,0,0,0,1,56.0,,deux_roues,,1,2,1,1,6
202200017151,2022-03-13 20:45:00,2022,3,13,20,45,70,70407,RN57 PK 077.800,47.363319,6.03982,Nuit sans éclairage public,Hors agglomération,Hors intersection,Pluie forte,Deux véhicules - arrière,2,3,4,0,3,1,2,0,1,110,2,3,2,0,1,0,64.0,25.0,voiture,utilitaire_camion,3,1,1,3,2
202200017152,2022-02-02 12:50:00,2022,2,2,12,50,78,78423,RN12,48.796744,2.026086,Plein jour,Hors agglomération,Hors intersection,Normale,Deux véhicules - arrière,2,3,2,0,1,1,1,0,2,110,2,2,1,0,0,1,55.0,69.0,voiture,utilitaire_camion,1,1,1,1,2
202200017153,2022-03-03 23:00:00,2022,3,3,23,0,26,26345,Avenue des Côtes du Rhône,44.2859793558,4.8359665275,Nuit sans éclairage public,En agglomération,Intersection en Y,Normale,Autre collision,3,2,2,0,1,1,1,0,4,70,1,1,0,0,1,0,46.0,,voiture,,3,2,4,1,6
202200017154,2022-05-27 17:35:00,2022,5,27,17,35,78,78401,RHIN ET DANUBE (PONT),49.003383,1.90667,Plein jour,En agglomération,Hors intersection,Normale,Deux véhicules - arrière,3,2,2,0,1,1,1,0,1,50,2,2,1,0,0,1,49.0,59.0,voiture,deux_roues,1,2,1,1,2
202200017155,2022-02-03 13:30:00,2022,2,3,13,30,77,77373,RN104,48.7824478757,2.6161280087,Plein jour,Hors agglomération,Hors intersection,Normale,Deux véhicules - arrière,2,-1,2,0,1,1,1,0,1,90,2,2,1,0,0,1,50.0,65.0,utilitaire_camion,voiture,1,1,1,1,2
202200017156,2022-09-06 19:50:00,2022,9,6,19,50,67,67482,SAINTE MARGUERITE (RUE),48.58075,7.73737,Crépuscule ou aube,En agglomération,Hors intersection,Normale,Deux véhicules - côté,4,2,2,1,1,1,1,0,1,30,2,2,1,0,0,1,38.0,30.0,deux_roues,voiture,2,2,1,1,3
202200017157,2022-03-12 16:40:00,2022,3,12,16,40,64,64068,Chemin de Sarramayou,43.111573,-0.262041,Plein jour,Hors agglomération,Hors intersection,Normale,Autre collision,4,2,2,0,2,1,1,0,3,80,1,1,0,0,0,1,75.0,,voiture,,1,1,1,1,6
202200017158,2022-12-21 23:00:00,2022,12,21,23,0,73,73029,D1006 / N201,45.56816,5.94073,Nuit sans éclairage public,Hors agglomération,Intersection en Y,Pluie légère,Deux véhicules - côté,2,1,1,0,1,2,2,3,1,50,2,6,4,0,0,2,21.0,19.0,voiture,voiture,3,1,4,2,3
202200017159,2022-02-02 12:35:00,2022,2,2,12,35,94,94073,A86 EXT,48.7609888888,2.3826099002,Plein jour,Hors agglomération,Hors intersection,Normale,Trois véhicules et plus - en chaîne,1,3,6,0,1,1,1,1,1,90,3,3,2,0,0,1,32.0,53.0,utilitaire_camion,voiture,1,1,1,1,4
202200017160,2022-05-25 15:00:00,2022,5,25,15,0,77,77083,BLAISE PASCAL (AVENUE),48.84085,2.59637,Plein jour,Hors agglomération,Hors intersection,Normale,Deux véhicules - frontale,4,2,1,0,2,1,1,0,1,50,2,3,0,0,1,2,31.0,44.0,voiture,voiture,1,1,1,1,1