accident_id,datetime,annee,mois,jour,heure,minute,departement,commune_insee,adresse,latitude,longitude,luminosite,agglomeration,intersection,meteo,collision,catr,circ,nbv,vosp,prof,plan,surf,infra,situ,vma,nb_vehicules,nb_usagers,nb_indemnes,nb_tues,nb_blesses_hosp,nb_blesses_legers,age_cond_1,age_cond_2,veh_type_cond_1,veh_type_cond_2,lum_code,agg_code,int_code,atm_code,col_code
202200017161,2022-09-06 08:45:00,2022,9,6,8,45,67,67482,METZERAL (RUE DE),48.57075,7.76975,Plein jour,En agglomération,Intersection en T,Normale,Deux véhicules - côté,4,2,2,0,1,1,1,0,1,30,2,2,1,0,0,1,75.0,37.0,deux_roues,voiture,1,2,3,1,3
202200017162,2022-02-02 14:40:00,2022,2,2,14,40,44,44109,213 Boulevard Robert Schuman,47.24409,-1.57537,Plein jour,En agglomération,Hors intersection,Normale,Autre collision,4,2,3,3,2,1,1,0,1,50,1,2,1,0,1,0,52.0,,voiture,,1,2,1,1,6
202200017163,2022-03-13 18:45:00,2022,3,13,18,45,88,88475,Route Departementale No 1,48.09864,5.737138,Nuit sans éclairage public,Hors agglomération,Hors intersection,Pluie légère,Deux véhicules - côté,3,2,2,0,1,1,2,0,1,80,2,2,1,0,1,0,78.0,20.0,voiture,voiture,3,1,1,2,3
202200017164,2022-12-20 18:40:00,2022,12,20,18,40,72,72181,ESTIENNE D'ORVES (BD D'),47.97949,0.19792,Nuit avec éclairage allumé,En agglomération,Hors intersection,Pluie forte,Deux véhicules - arrière,4,1,2,0,1,1,3,5,1,70,2,2,1,0,0,1,22.0,58.0,voiture,voiture,5,2,1,3,2
202200017165,2022-05-27 23:10:00,2022,5,27,23,10,77,77251,D402 / D1149,48.62474,2.56648,Nuit avec éclairage allumé,Hors agglomération,Intersection en X,Normale,Deux véhicules - côté,3,2,2,0,1,1,1,0,1,70,2,2,1,0,0,1,20.0,22.0,voiture,voiture,5,1,2,1,3
202200017166,2022-09-06 16:52:00,2022,9,6,16,52,66,66136,,42.72696,2.89978,Plein jour,Hors agglomération,Hors intersection,Normale,Trois véhicules et plus - en chaîne,4,2,2,0,1,1,1,0,1,70,3,3,1,0,0,2,39.0,26.0,voiture,voiture,1,1,1,1,4
202200017167,2022-01-31 08:38:00,2022,1,31,8,38,05,05061,GENERAL DE GAULLE ( BD ),44.55968,6.07579,Plein jour,En agglomération,Hors intersection,Normale,Autre collision,3,1,2,0,1,1,1,0,1,50,1,2,1,0,0,1,25.0,,voiture,,1,2,1,1,6
202200017168,2022-03-13 17:15:00,2022,3,13,17,15,34,34032,"A9, sortie 36, BEZIERS OUEST",43.303055,3.220679,Plein jour,Hors agglomération,Hors intersection,Pluie forte,Autre collision,1,1,1,3,2,3,2,3,1,50,1,2,1,0,0,1,68.0,,voiture,,1,1,1,3,6
202200017169,2022-12-16 13:58:00,2022,12,16,13,58,72,72181,FAROUX CHARLES (RUE) N° PAIRS,47.97336,0.223019,Plein jour,En agglomération,Hors intersection,Normale,Deux véhicules - côté,4,-1,0,0,1,1,1,0,1,50,2,2,1,0,0,1,15.0,79.0,deux_roues,voiture,1,2,1,1,3
202200017170,2022-05-28 22:15:00,2022,5,28,22,15,77,77186,MARECHAL DE VILLARS (AVENUE DU),48.39995,2.71334,Nuit avec éclairage allumé,En agglomération,Hors intersection,Normale,Autre collision,4,2,2,0,1,1,1,0,4,50,1,2,0,0,0,2,42.0,,voiture,,5,2,1,1,6
202200017171,2022-09-06 08:04:00,2022,9,6,8,4,66,66136,,42.7176028111,2.8874368966,Plein jour,En agglomération,Hors intersection,Normale,Deux véhicules - côté,4,2,3,0,1,1,1,0,1,50,2,2,1,0,0,1,34.0,13.0,voiture,deux_roues,1,2,1,1,3
202200017172,2022-01-13 14:12:00,2022,1,13,14,12,91,91174,RUE DE PARIS,48.601643,2.469987,Plein jour,En agglomération,Hors intersection,Normale,Autre collision,4,2,2,0,4,1,1,0,1,50,1,5,2,0,0,3,22.0,,deux_roues,,1,2,1,1,6
202200017173,2022-03-14 12:45:00,2022,3,14,12,45,51,51147,A4,49.02706,4.50878,Plein jour,Hors agglomération,Hors intersection,Normale,Sans collision,1,1,4,0,1,1,1,0,5,130,1,3,1,0,1,1,47.0,,utilitaire_camion,,1,1,1,1,7
202200017174,2022-12-13 15:00:00,2022,12,13,15,0,71,71153,avenue de la Paix,46.78912,4.43573,Plein jour,En agglomération,Intersection en T,Normale,Deux véhicules - côté,4,2,2,1,1,1,1,5,5,25,2,2,1,0,0,1,46.0,39.0,utilitaire_camion,deux_roues,1,2,3,1,3
202200017175,2022-05-27 04:53:00,2022,5,27,4,53,76,76540,A150 (Bretelle),49.4493,1.06285,Nuit avec éclairage allumé,Hors agglomération,Hors intersection,Normale,Autre collision,1,1,2,0,2,2,1,0,1,50,1,4,2,0,2,0,20.0,,voiture,,5,1,1,1,6
202200017176,2022-03-14 05:36:00,2022,3,14,5,36,988,98825,RT1,-21.420987,165.263209,Crépuscule ou aube,Hors agglomération,Hors intersection,Normale,Autre collision,2,2,2,0,2,3,1,0,3,110,1,1,0,1,0,0,32.0,,voiture,,2,1,1,1,6
202200017177,2022-02-01 09:55:00,2022,2,1,9,55,973,97302,BECKER (LIEUTENANT),4.9386907392,-52.3267221451,Plein jour,En agglomération,Hors intersection,Pluie légère,Sans collision,4,1,1,0,1,1,2,0,1,30,1,1,0,0,0,1,45.0,,deux_roues,,1,2,1,2,7
202200017178,2022-09-03 11:56:00,2022,9,3,11,56,66,66136,,42.6582228249,2.8846675158,Plein jour,Hors agglomération,Giratoire,Normale,Autre collision,3,3,2,0,1,1,1,0,1,30,2,2,1,0,0,1,49.0,86.0,deux_roues,voiture,1,1,6,1,6
202200017179,2022-12-21 18:10:00,2022,12,21,18,10,69,69286,Avenue de l'Europe,45.81324,4.89345,Nuit avec éclairage allumé,En agglomération,Intersection en T,Normale,Deux véhicules - côté,4,1,1,0,1,1,1,0,1,50,2,2,1,0,0,1,51.0,21.0,transport_commun,voiture,5,2,3,1,3
202200017180,2022-01-31 10:50:00,2022,1,31,10,50,973,97302,MARINGOUINS (ROND-POINT),4.90696,-52.32234,Plein jour,Hors agglomération,Giratoire,Normale,Deux véhicules - côté,2,1,2,0,1,3,1,0,1,50,2,2,1,0,0,1,35.0,33.0,deux_roues,utilitaire_camion,1,1,6,1,3
202200017181,2022-05-24 10:15:00,2022,5,24,10,15,76,76705,Rue Emile Zola,49.33095,1.104578,Plein jour,Hors agglomération,Hors intersection,Normale,Deux véhicules - côté,4,3,2,0,1,1,1,0,1,80,2,2,1,0,0,1,70.0,47.0,utilitaire_camion,deux_roues,1,1,1,1,3
202200017182,2022-01-29 00:00:00,2022,1,29,0,0,69,69383,Quai Victor Augagneur,45.75894,4.84097,Nuit avec éclairage allumé,En agglomération,Hors intersection,Normale,Autre collision,4,1,3,1,1,1,1,0,1,50,1,1,0,0,0,1,25.0,,deux_roues,,5,2,1,1,6
202200017183,2022-09-07 11:40:00,2022,9,7,11,40,64,64260,rue de Béhobie,43.3500046686,-1.7812769693,Plein jour,En agglomération,Intersection en T,Normale,Deux véhicules - côté,3,1,1,0,1,1,1,0,1,50,2,2,1,0,0,1,23.0,24.0,voiture,deux_roues,1,2,3,1,3
202200017184,2022-05-27 13:35:00,2022,5,27,13,35,76,76351,GRAND HAMEAU (Avenue du ),49.5212021197,0.1090983152,Plein jour,En agglomération,Hors intersection,Normale,Sans collision,3,3,4,0,1,1,1,0,1,50,1,1,0,0,0,1,67.0,,deux_roues,,1,2,1,1,7
202200017185,2022-12-19 19:10:00,2022,12,19,19,10,69,69266,20 Rue Poizat,45.75813,4.89331,Nuit avec éclairage allumé,En agglomération,Intersection en X,Temps couvert,Deux véhicules - côté,4,1,1,0,1,1,2,0,1,50,2,2,1,0,0,1,23.0,20.0,voiture,voiture,5,2,2,8,3
202200017186,2022-03-13 18:20:00,2022,3,13,18,20,77,77329,D225 / D136,48.240415,2.809316,Crépuscule ou aube,Hors agglomération,Intersection en X,Pluie forte,Deux véhicules - côté,3,2,2,0,2,1,2,0,1,90,2,5,0,1,1,3,20.0,22.0,voiture,voiture,2,1,2,3,3
202200017187,2022-09-06 16:00:00,2022,9,6,16,0,64,64284,avenue Rauski,43.2629770763,-0.3901648521,Plein jour,Hors agglomération,Hors intersection,Normale,Deux véhicules - côté,2,2,2,0,1,1,1,0,1,50,2,2,1,0,0,1,29.0,18.0,voiture,deux_roues,1,1,1,1,3
202200017188,2022-02-02 12:40:00,2022,2,2,12,40,69,69386,Rue Vauban,45.7656268727,4.851526022,Plein jour,En agglomération,Hors intersection,Normale,Deux véhicules - côté,4,1,2,2,1,1,1,0,1,30,2,2,1,0,0,1,46.0,26.0,deux_roues,voiture,1,2,1,1,3
202200017189,2022-12-17 21:25:00,2022,12,17,21,25,69,69266,Avenue Albert Einstein,45.78467,4.88801,Nuit sans éclairage public,En agglomération,Hors intersection,Normale,Autre collision,4,2,2,1,1,1,1,0,1,30,1,2,1,0,0,1,24.0,,voiture,,3,2,1,1,6
202200017190,2022-05-28 12:50:00,2022,5,28,12,50,76,76217,REPUBLIQUE (AVENUE DE LA),49.92456,1.10345,Plein jour,En agglomération,Intersection en X,Normale,Deux véhicules - côté,4,2,3,0,3,1,1,0,1,50,2,2,1,0,0,1,62.0,,voiture,autre,1,2,2,1,3
202200017191,2022-03-14 10:35:00,2022,3,14,10,35,95,95610,RD 14,49.089298,1.914153,Plein jour,Hors agglomération,Hors intersection,Normale,Trois véhicules et plus - collisions multiples,3,3,4,0,1,1,1,0,1,110,3,3,1,0,1,1,25.0,72.0,utilitaire_camion,voiture,1,1,1,1,5
202200017192,2022-02-01 06:00:00,2022,2,1,6,0,69,69389,Rue Saint Pierre de Vaise,45.7703,4.8009,Nuit avec éclairage allumé,En agglomération,Intersection en T,Normale,Autre collision,4,2,2,0,1,1,1,0,4,50,1,1,0,0,0,1,25.0,,voiture,,5,2,3,1,6
202200017193,2022-09-05 14:10:00,2022,9,5,14,10,64,64125,Rue de Bassilour,43.430053,-1.573024,Plein jour,En agglomération,Autre intersection,Normale,Deux véhicules - côté,4,2,2,0,1,1,1,0,1,30,2,3,2,0,1,0,48.0,55.0,voiture,deux_roues,1,2,9,1,3
202200017194,2022-05-28 09:50:00,2022,5,28,9,50,74,74013,CROISEE (ROUTE DE LA),46.35478,6.43486,Plein jour,En agglomération,Hors intersection,Normale,Autre collision,3,2,2,0,2,4,1,0,1,50,1,1,0,0,1,0,33.0,,deux_roues,,1,2,1,1,6
202200017195,2022-03-14 09:30:00,2022,3,14,9,30,95,95610,RD 14,49.1003040323,1.8956780434,Plein jour,Hors agglomération,Hors intersection,Normale,Autre collision,3,3,4,0,1,1,1,0,1,110,1,2,1,0,0,1,51.0,,utilitaire_camion,,1,1,1,1,6
202200017196,2022-12-17 12:05:00,2022,12,17,12,5,69,69264,196bis Rue Condorcet,45.98305,4.73143,Plein jour,En agglomération,Intersection en T,Normale,Deux véhicules - côté,4,2,3,0,1,1,1,5,1,50,2,2,1,0,0,1,50.0,18.0,voiture,voiture,1,2,3,1,3
202200017197,2022-01-31 07:40:00,2022,1,31,7,40,971,97101,BOISRIPEAUX,16.27583,-61.50746,Plein jour,En agglomération,Intersection en X,Normale,Deux véhicules - côté,4,2,4,0,1,1,1,0,1,50,2,2,1,0,0,1,59.0,26.0,voiture,deux_roues,1,2,2,1,3
202200017198,2022-09-07 16:40:00,2022,9,7,16,40,64,64102,Avenue Henri de Navarre,43.49657,-1.45061,Plein jour,En agglomération,Hors intersection,Normale,Deux véhicules - côté,3,2,2,0,2,1,1,0,1,50,2,2,1,0,1,0,50.0,21.0,deux_roues,voiture,1,2,1,1,3
202200017199,2022-03-10 08:15:00,2022,3,10,8,15,21,21138,D31,47.1864435532,5.2999391555,Plein jour,Hors agglomération,Hors intersection,Normale,Sans collision,3,2,2,0,1,2,1,0,3,80,1,1,0,0,0,1,22.0,,voiture,,1,1,1,1,7
202200017200,2022-01-14 17:50:00,2022,1,14,17,50,95,95574,BOIS JOLY (AVENUE DU),49.0051,2.2695,Nuit avec éclairage allumé,En agglomération,Hors intersection,Pluie légère,Sans collision,4,2,1,0,2,4,2,0,1,50,1,1,0,1,0,0,60.0,,deux_roues,,5,2,1,2,7
202200017201,2022-12-21 09:15:00,2022,12,21,9,15,69,69259,Rue Paul Bert,45.700157449,4.8857134581,Plein jour,En agglomération,Intersection en T,Normale,Autre collision,4,2,2,1,1,2,2,0,1,50,1,2,1,0,0,1,24.0,,utilitaire_camion,,1,2,3,1,6
202200017202,2022-05-27 17:50:00,2022,5,27,17,50,74,74010,REPUBLIQUE (AVENUE DE LA),45.90702,6.1102,Plein jour,En agglomération,Intersection à plus de 4 branches,Normale,Deux véhicules - côté,4,2,5,0,1,1,1,0,1,30,2,3,2,0,0,1,37.0,20.0,voiture,deux_roues,1,2,5,1,3
202200017203,2022-09-06 19:52:00,2022,9,6,19,52,64,64102,Avenue Maréchal Soult,43.48719,-1.485805,Plein jour,En agglomération,Hors intersection,Normale,Deux véhicules - côté,3,3,4,3,3,1,1,9,1,50,2,2,1,0,0,1,60.0,44.0,deux_roues,voiture,1,2,1,1,3
202200017204,2022-02-28 18:00:00,2022,2,28,18,0,67,67010,10 Rue du General Koenig,48.387455,7.420245,Plein jour,En agglomération,Hors intersection,Normale,Deux véhicules - côté,3,2,2,0,4,1,1,0,1,50,2,2,1,0,1,0,18.0,41.0,deux_roues,voiture,1,2,1,1,3
202200017205,2022-02-01 19:58:00,2022,2,1,19,58,87,87085,TOULOUSE (RUE DE),45.8249,1.27477,Nuit avec éclairage allumé,En agglomération,Intersection en T,Pluie légère,Autre collision,3,2,3,0,2,1,2,0,1,50,2,2,1,0,0,1,23.0,49.0,deux_roues,voiture,5,2,3,2,6
202200017206,2022-05-26 23:37:00,2022,5,26,23,37,74,74010,PRESIDENT FAVRE,45.90299,6.1261,Nuit avec éclairage allumé,En agglomération,Hors intersection,Normale,Deux véhicules - côté,4,1,1,0,1,1,1,0,1,50,2,2,1,0,0,1,23.0,26.0,voiture,deux_roues,5,2,1,1,3
202200017207,2022-12-19 06:20:00,2022,12,19,6,20,69,69290,Rue Aristide Briand,45.6963,4.92638,Nuit avec éclairage allumé,En agglomération,Intersection en T,Normale,Deux véhicules - arrière,7,2,3,0,1,1,1,0,1,50,2,2,1,0,0,1,25.0,52.0,voiture,voiture,5,2,3,1,2
202200017208,2022-09-06 09:40:00,2022,9,6,9,40,64,64024,ROND POINT DE LA BUTTE AUX CAILLES (,43.49682,-1.50959,Plein jour,En agglomération,Hors intersection,Normale,Deux véhicules - côté,4,3,2,0,1,2,1,5,1,50,2,2,1,0,0,1,63.0,82.0,deux_roues,voiture,1,2,1,1,3
202200017209,2022-03-13 20:00:00,2022,3,13,20,0,42,42251,Route de Feurs,45.705273,4.227113,Nuit sans éclairage public,Hors agglomération,Autre intersection,Normale,Deux véhicules - côté,3,2,2,0,1,1,2,0,1,80,2,2,0,0,1,1,17.0,62.0,deux_roues,voiture,3,1,9,1,3
202200017210,2022-02-01 11:03:00,2022,2,1,11,3,87,87085,NAUGEAT (AVENUE DE,45.82149,1.24027,Plein jour,En agglomération,Intersection en X,Normale,Deux véhicules - arrière,4,2,2,0,1,1,1,0,1,50,2,2,1,0,0,1,58.0,40.0,voiture,voiture,1,2,2,1,2
202200017211,2022-03-16 13:30:00,2022,3,16,13,30,73,73065,D1006 REPOS (AVENUE DU),45.5759029959,5.9069631994,Plein jour,En agglomération,Intersection en X,Normale,Deux véhicules - frontale,3,2,5,0,1,1,1,5,1,50,2,2,1,0,1,0,35.0,26.0,utilitaire_camion,voiture,1,2,2,1,1
202200017212,2022-12-18 16:10:00,2022,12,18,16,10,69,69259,Rue des Frères Lanfranchi,45.7140056728,4.8761889338,Plein jour,En agglomération,Hors intersection,Temps couvert,Deux véhicules - côté,4,1,2,0,1,1,1,0,1,50,2,3,2,0,0,1,32.0,33.0,utilitaire_camion,voiture,1,2,1,8,3
202200017213,2022-03-14 14:00:00,2022,3,14,14,0,38,38222,D82,45.439572,5.609733,Plein jour,Hors agglomération,Hors intersection,Normale,Deux véhicules - frontale,3,2,2,0,1,3,1,0,1,80,2,2,0,1,0,1,59.0,34.0,voiture,utilitaire_camion,1,1,1,1,1
202200017214,2022-09-06 18:23:00,2022,9,6,18,23,63,63014,HOTEL DE VILLE (RUE DE L'),45.7513012108,3.1092944741,Plein jour,En agglomération,Intersection en X,Normale,Deux véhicules - côté,4,2,2,0,1,1,1,0,1,50,2,2,1,0,0,1,66.0,20.0,voiture,deux_roues,1,2,2,1,3
202200017215,2022-02-01 07:42:00,2022,2,1,7,42,87,87085,RUCHAUD (RUE JEAN BAPTISTE),45.82001,1.24484,Crépuscule ou aube,En agglomération,Intersection en T,Normale,Autre collision,4,2,2,0,1,1,1,0,1,50,1,2,1,0,0,1,34.0,,voiture,,2,2,3,1,6
202200017216,2022-05-27 16:25:00,2022,5,27,16,25,72,72181,ZAMENHOF DOCTEUR (AV DU),48.01749,0.21801,Plein jour,En agglomération,Hors intersection,Normale,Deux véhicules - côté,4,2,2,0,1,1,1,0,8,50,2,2,1,0,0,1,38.0,56.0,deux_roues,transport_commun,1,2,1,1,3
202200017217,2022-03-03 21:45:00,2022,3,3,21,45,69,69204,93 Avenue Maréchal-Foch,45.686981,4.786327,Nuit avec éclairage allumé,En agglomération,Intersection en T,Normale,Deux véhicules - côté,7,2,2,2,1,1,1,0,5,50,2,2,1,0,0,1,55.0,32.0,deux_roues,voiture,5,2,3,1,3
202200017218,2022-12-18 13:40:00,2022,12,18,13,40,69,69290,25 Rue Aristide Briand,45.69189,4.93375,Plein jour,En agglomération,Intersection en T,Normale,Autre collision,7,2,2,0,1,1,1,0,1,50,1,2,1,0,0,1,48.0,,voiture,,1,2,3,1,6
202200017219,2022-02-02 11:45:00,2022,2,2,11,45,86,86194,Avenue de Nantes,46.585584,0.333112,Plein jour,En agglomération,Hors intersection,Temps couvert,Deux véhicules - côté,4,2,2,0,2,1,1,0,1,50,2,2,1,0,0,1,22.0,73.0,deux_roues,voiture,1,2,1,8,3
202200017220,2022-03-13 17:18:00,2022,3,13,17,18,46,46042,Autoroute A20 PK362.500,44.437365,1.503668,Plein jour,Hors agglomération,Hors intersection,Pluie forte,,1,1,2,0,1,2,2,0,3,130,1,2,1,0,0,1,22.0,,voiture,,1,1,1,3,-1
202200017221,2022-09-03 21:00:00,2022,9,3,21,0,62,62427,Boulevard Jacques Piette,50.41314,2.96695,Nuit avec éclairage non allumé,En agglomération,Hors intersection,Normale,Autre collision,4,2,2,0,1,1,1,9,1,50,1,3,2,0,1,0,18.0,,voiture,,4,2,1,1,6
202200017222,2022-03-13 17:00:00,2022,3,13,17,0,31,31395,Rue Eric Tabarly,43.451174,1.271228,Plein jour,Hors agglomération,Hors intersection,Normale,Sans collision,4,2,2,0,1,1,1,0,1,50,1,1,0,0,1,0,20.0,,deux_roues,,1,1,1,1,7
202200017223,2022-05-28 20:00:00,2022,5,28,20,0,69,69256,Avenue Gabriel Péri,45.77139,4.90826,Plein jour,En agglomération,Intersection en X,Normale,Deux véhicules - côté,4,2,3,3,1,1,1,0,1,50,2,3,2,0,0,1,33.0,55.0,voiture,voiture,1,2,2,1,3
202200017224,2022-02-02 19:10:00,2022,2,2,19,10,81,81065,ZOLA (RUE EMILE),43.6059550591,2.2393049151,Nuit avec éclairage allumé,En agglomération,Intersection en X,Normale,Autre collision,4,1,1,0,1,1,1,9,1,50,1,2,1,0,0,1,37.0,,voiture,,5,2,2,1,6
202200017225,2022-09-07 14:40:00,2022,9,7,14,40,59,59599,NEUVILLE (PONT DE),50.73716,3.17086,Plein jour,En agglomération,Intersection en X,Normale,Deux véhicules - côté,4,2,4,0,1,1,1,0,1,50,2,3,2,0,0,1,62.0,49.0,voiture,voiture,1,2,2,1,3
202200017226,2022-03-14 12:00:00,2022,3,14,12,0,14,14452,Sainte Catherine,48.9056358948,-0.1057434082,Plein jour,Hors agglomération,Hors intersection,Normale,Sans collision,4,1,1,0,1,2,1,0,8,80,1,2,0,0,1,1,55.0,,deux_roues,,1,1,1,1,7
202200017227,2022-12-17 20:30:00,2022,12,17,20,30,69,69199,Boulevard Laurent Bonnevay,45.711729557,4.8424038291,Nuit sans éclairage public,Hors agglomération,Intersection en T,Normale,Sans collision,7,1,2,0,2,1,1,0,4,70,1,3,2,0,0,1,41.0,,voiture,,3,1,3,1,7
202200017228,2022-03-14 12:20:00,2022,3,14,12,20,60,60103,Rue du President Roosevelt,49.4097050609,2.248791933,Plein jour,En agglomération,Hors intersection,Normale,Deux véhicules - côté,3,2,2,0,1,1,1,0,1,50,2,2,1,0,0,1,25.0,30.0,deux_roues,voiture,1,2,1,1,3
202200017229,2022-05-27 16:30:00,2022,5,27,16,30,69,69256,Avenue Gabriel Péri,45.77857,4.91661,Plein jour,En agglomération,Intersection en X,Normale,Deux véhicules - frontale,4,2,3,0,1,1,1,0,1,50,2,3,2,0,0,1,21.0,24.0,voiture,deux_roues,1,2,2,1,1
202200017230,2022-02-02 15:00:00,2022,2,2,15,0,78,78440,CD 14,48.99788,1.90898,Plein jour,En agglomération,Intersection en X,Normale,Deux véhicules - côté,3,2,2,0,1,2,1,0,1,50,2,3,1,0,0,2,31.0,33.0,voiture,utilitaire_camion,1,2,2,1,3
202200017231,2022-09-07 21:45:00,2022,9,7,21,45,59,59386,PASTEUR RUE,50.6734743227,3.0551098287,Nuit avec éclairage allumé,En agglomération,Hors intersection,Normale,Deux véhicules - frontale,4,2,2,0,1,1,1,9,1,30,2,3,1,0,0,2,15.0,21.0,deux_roues,voiture,5,2,1,1,1
202200017232,2022-12-19 17:30:00,2022,12,19,17,30,67,67482,ILL (RUE DE L ),48.6131,7.7729,Nuit avec éclairage allumé,En agglomération,Hors intersection,Temps couvert,Deux véhicules - arrière,4,3,3,2,1,1,1,0,1,50,2,3,2,0,0,1,51.0,37.0,voiture,voiture,5,2,1,8,2
202200017233,2022-02-02 18:20:00,2022,2,2,18,20,77,77268,D93,48.87607,2.82426,Nuit sans éclairage public,Hors agglomération,Autre intersection,Normale,Autre collision,3,2,2,0,1,1,1,0,1,70,1,2,1,1,0,0,48.0,,voiture,,3,1,9,1,6
202200017234,2022-09-07 19:30:00,2022,9,7,19,30,59,59220,LECLERCQ AVENUE DU GENERAL.,50.5844950368,3.0881388858,Plein jour,En agglomération,Hors intersection,Temps couvert,Deux véhicules - frontale,7,2,3,2,1,1,1,0,1,50,2,2,1,0,0,1,23.0,39.0,deux_roues,voiture,1,2,1,8,1
202200017235,2022-03-12 23:20:00,2022,3,12,23,20,13,13211,A50-Sens Marseille vers Aubagne,43.285937,5.429664,Nuit sans éclairage public,Hors agglomération,Hors intersection,Normale,Deux véhicules - arrière,1,1,3,0,1,1,1,0,1,90,2,6,0,0,0,6,32.0,24.0,voiture,voiture,3,1,1,1,2
202200017236,2022-05-26 19:40:00,2022,5,26,19,40,69,69266,Rue Magenta,45.76525,4.87156,Plein jour,En agglomération,Intersection en X,Normale,Deux véhicules - côté,4,1,1,2,1,1,1,0,1,30,2,2,1,0,0,1,26.0,22.0,voiture,voiture,1,2,2,1,3
202200017237,2022-12-18 19:47:00,2022,12,18,19,47,66,66136,MERMOZ (AVENUE JEAN),42.69494,2.91176,Nuit avec éclairage allumé,En agglomération,Intersection en T,Normale,Sans collision,4,2,2,0,1,1,1,0,1,50,1,1,0,0,0,1,15.0,,deux_roues,,5,2,3,1,7
202200017238,2022-02-01 20:20:00,2022,2,1,20,20,77,77243,D418,48.87514,2.69456,Nuit avec éclairage allumé,En agglomération,Intersection en X,Normale,Deux véhicules - arrière,3,2,2,0,1,1,1,0,1,50,2,2,1,0,0,1,34.0,16.0,voiture,deux_roues,5,2,2,1,2
202200017239,2022-09-06 08:30:00,2022,9,6,8,30,59,59350,CORDONNIER RUE DENIS,50.6222341872,3.0850405991,Plein jour,En agglomération,Hors intersection,Normale,Autre collision,7,2,2,1,2,1,2,0,5,50,2,2,1,0,1,0,27.0,53.0,deux_roues,deux_roues,1,2,1,1,6
202200017240,2022-03-12 18:00:00,2022,3,12,18,0,13,13211,A50-Sens Marseille vers Aubagne,43.29226,5.47917,Crépuscule ou aube,Hors agglomération,Hors intersection,Temps couvert,Deux véhicules - arrière,1,3,4,0,1,1,1,9,1,90,2,4,1,0,0,3,38.0,51.0,voiture,voiture,2,1,1,8,2
202200017241,2022-05-25 19:30:00,2022,5,25,19,30,66,66136,PARCE (RUE DU DOCTEUR),42.66246,2.90598,Crépuscule ou aube,Hors agglomération,Hors intersection,Normale,Deux véhicules - frontale,4,2,2,0,1,3,1,0,1,50,2,2,0,0,0,2,27.0,22.0,utilitaire_camion,utilitaire_camion,2,1,1,1,1
202200017242,2022-12-17 18:11:00,2022,12,17,18,11,66,66136,,42.7058186051,2.9029333591,Nuit avec éclairage allumé,En agglomération,Hors intersection,Normale,Sans collision,4,2,3,0,1,1,1,0,8,50,2,2,1,0,0,1,67.0,19.0,voiture,deux_roues,5,2,1,1,7
202200017243,2022-02-02 08:30:00,2022,2,2,8,30,76,76682,Rue du Village,49.3189109254,1.1162106693,Plein jour,En agglomération,Hors intersection,Normale,Sans collision,7,2,2,0,1,1,1,0,1,50,1,1,0,0,1,0,28.0,,voiture,,1,2,1,1,7
202200017244,2022-03-11 17:10:00,2022,3,11,17,10,13,13070,A50-Sens Aubagne vers Marseille,43.28522,5.51655,Plein jour,Hors agglomération,Hors intersection,Normale,Trois véhicules et plus - en chaîne,1,1,3,0,1,1,1,0,1,90,4,4,3,0,0,1,62.0,23.0,voiture,utilitaire_camion,1,1,1,1,4
202200017245,2022-09-06 11:40:00,2022,9,6,11,40,51,51454,rue Bertrand De Mun,49.2525310514,4.0579301119,Plein jour,En agglomération,Intersection en X,Normale,Deux véhicules - frontale,4,2,2,0,1,1,1,0,1,50,2,2,1,0,0,1,22.0,40.0,voiture,voiture,1,2,2,1,1
202200017246,2022-05-25 14:01:00,2022,5,25,14,1,66,66136,APOLINAIRE GUILLAUME,42.70886,2.88894,Plein jour,En agglomération,Intersection en T,Normale,Deux véhicules - côté,4,2,2,0,1,1,1,0,1,50,2,2,1,0,0,1,17.0,62.0,deux_roues,voiture,1,2,3,1,3
202200017247,2022-12-17 15:20:00,2022,12,17,15,20,66,66136,,42.7009815586,2.8924110532,Plein jour,En agglomération,Intersection en T,Normale,Deux véhicules - frontale,4,2,3,3,1,1,1,0,6,30,2,2,1,0,0,1,24.0,19.0,voiture,deux_roues,1,2,3,1,1
202200017248,2022-03-13 00:10:00,2022,3,13,0,10,69,69199,Autoroute 7,45.68712,4.8465,Nuit sans éclairage public,Hors agglomération,Hors intersection,Normale,Deux véhicules - arrière,1,3,6,0,1,1,1,0,1,90,2,3,1,0,0,2,37.0,39.0,voiture,voiture,3,1,1,1,2
202200017249,2022-02-01 17:35:00,2022,2,1,17,35,72,72181,SABLE (RTE DE ),47.98478,0.16102,Plein jour,En agglomération,Hors intersection,Normale,Deux véhicules - arrière,4,2,2,0,1,2,1,0,1,50,2,2,1,0,0,1,49.0,61.0,voiture,voiture,1,2,1,1,2
202200017250,2022-08-29 19:00:00,2022,8,29,19,0,42,42103,Route de Combérigol,45.50689,4.557,Plein jour,En agglomération,Hors intersection,Normale,Deux véhicules - frontale,4,2,2,0,2,1,1,0,1,50,2,2,1,0,0,1,17.0,14.0,deux_roues,deux_roues,1,2,1,1,1
202200017251,2022-05-27 17:00:00,2022,5,27,17,0,64,64260,Avenue des Allées,43.35507,-1.77459,Plein jour,En agglomération,Hors intersection,Normale,Autre collision,4,2,2,0,1,1,1,0,1,50,1,2,1,0,0,1,60.0,,deux_roues,,1,2,1,1,6
202200017252,2022-03-13 17:45:00,2022,3,13,17,45,91,91235,RN 104,48.62574,2.35659,Plein jour,Hors agglomération,Hors intersection,Pluie légère,Sans collision,2,3,6,0,1,3,2,3,1,90,1,1,0,0,0,1,21.0,,voiture,,1,1,1,2,7