accident_id,datetime,annee,mois,jour,heure,minute,departement,commune_insee,adresse,latitude,longitude,luminosite,agglomeration,intersection,meteo,collision,catr,circ,nbv,vosp,prof,plan,surf,infra,situ,vma,nb_vehicules,nb_usagers,nb_indemnes,nb_tues,nb_blesses_hosp,nb_blesses_legers,age_cond_1,age_cond_2,veh_type_cond_1,veh_type_cond_2,lum_code,agg_code,int_code,atm_code,col_code
202200017435,2022-12-17 16:10:00,2022,12,17,16,10,45,45234,2 Quai du Fort Alleaume,47.89879,1.92005,Plein jour,En agglomération,Hors intersection,Normale,Deux véhicules - côté,4,3,4,0,1,1,1,0,1,50,2,2,1,0,0,1,36.0,25.0,voiture,deux_roues,1,2,1,1,3
202200017436,2022-09-08 11:35:00,2022,9,8,11,35,12,12243,5 Avenue de la République,44.012012,2.96393,Plein jour,En agglomération,Hors intersection,Normale,Autre collision,3,2,2,0,2,2,1,0,4,30,1,2,1,0,1,0,53.0,,utilitaire_camion,,1,2,1,1,6
202200017437,2022-09-07 18:00:00,2022,9,7,18,0,12,12243,Chemin de Raspaillac,44.005464,2.966201,Plein jour,Hors agglomération,Hors intersection,Normale,Autre collision,3,2,2,0,1,1,1,0,3,90,1,1,0,0,1,0,40.0,,voiture,,1,1,1,1,6
202200017438,2022-12-20 08:57:00,2022,12,20,8,57,45,45004,D163 PR 5 + 400,47.986534,2.812106,Plein jour,Hors agglomération,Hors intersection,Normale,Autre collision,3,2,2,0,1,1,1,0,3,90,1,1,0,0,0,1,20.0,,voiture,,1,1,1,1,6
202200017439,2022-09-08 10:30:00,2022,9,8,10,30,34,34147,D909,43.46626,3.209047,Plein jour,Hors agglomération,Hors intersection,Normale,Autre collision,3,2,2,0,1,1,1,0,2,90,1,1,0,0,1,0,56.0,,deux_roues,,1,1,1,1,6
202200017440,2022-03-12 06:45:00,2022,3,12,6,45,06,06088,ROQUEBILLIERE (R. DE),43.712524,7.288676,Plein jour,En agglomération,Intersection en T,Normale,Deux véhicules - côté,4,2,2,0,1,1,1,0,1,50,2,2,1,0,1,0,26.0,40.0,voiture,voiture,1,2,3,1,3
202200017441,2022-12-16 18:00:00,2022,12,16,18,0,45,45004,9 Rue de Couleuvreux,47.98183,2.76977,Nuit avec éclairage allumé,En agglomération,Hors intersection,Normale,Trois véhicules et plus - en chaîne,4,2,2,0,1,1,1,0,1,50,3,6,4,0,0,2,32.0,43.0,voiture,voiture,5,2,1,1,4
202200017442,2022-09-07 06:00:00,2022,9,7,6,0,68,68115,D466,47.752987,7.091246,Crépuscule ou aube,En agglomération,Hors intersection,Normale,Deux véhicules - côté,3,2,2,0,1,3,1,0,1,80,2,3,0,0,1,2,30.0,33.0,utilitaire_camion,voiture,2,2,1,1,3
202200017443,2022-12-21 01:50:00,2022,12,21,1,50,44,44109,24 Rue des Hauts Pavés,47.22326,-1.563623,Nuit avec éclairage allumé,En agglomération,Hors intersection,Normale,Autre collision,4,2,2,0,1,1,2,0,1,50,1,4,1,0,0,3,19.0,,voiture,,5,2,1,1,6
202200017444,2022-09-07 09:00:00,2022,9,7,9,0,68,68065,23 Rue d'Alsace,47.631446,7.021964,Plein jour,En agglomération,Hors intersection,Normale,Deux véhicules - frontale,3,2,2,0,1,2,1,0,1,50,2,2,1,0,1,0,31.0,32.0,voiture,deux_roues,1,2,1,1,1
202200017445,2022-09-08 11:50:00,2022,9,8,11,50,22,22166,31 Rue de Lannion,48.8090194293,-3.2991237938,Plein jour,En agglomération,Hors intersection,Normale,Autre collision,4,1,0,0,1,1,1,9,8,50,1,2,1,1,0,0,89.0,,voiture,,1,2,1,1,6
202200017446,2022-12-17 05:30:00,2022,12,17,5,30,43,43046,14 Boulevard Montgiraud,45.0579,3.90386,Nuit sans éclairage public,En agglomération,Hors intersection,Autre,Autre collision,3,2,2,0,1,3,7,0,3,50,1,1,0,0,0,1,32.0,,voiture,,3,2,1,9,6
202200017447,2022-09-07 22:55:00,2022,9,7,22,55,39,39569,,46.99255,5.7713234,Nuit sans éclairage public,Hors agglomération,Hors intersection,Pluie légère,Autre collision,3,2,2,0,2,1,2,0,3,80,1,1,0,1,0,0,48.0,,voiture,,3,1,1,2,6
202200017448,2022-03-11 07:25:00,2022,3,11,7,25,75,75116,BD PERIPHERIQUE EXTERIEUR,48.870597,2.272352,Plein jour,En agglomération,Hors intersection,Normale,Deux véhicules - côté,4,1,4,0,1,1,1,0,1,70,2,2,1,0,0,1,28.0,39.0,deux_roues,voiture,1,2,1,1,3
202200017449,2022-09-08 13:30:00,2022,9,8,13,30,35,35184,,48.207767,-2.047979,Plein jour,Hors agglomération,Hors intersection,Pluie forte,Autre collision,2,1,1,0,1,1,2,3,3,110,1,2,0,1,0,1,77.0,,voiture,,1,1,1,3,6
202200017450,2022-12-18 19:50:00,2022,12,18,19,50,38,38544,VICTOR FAUGIER(RUE),45.52518,4.88583,Nuit avec éclairage allumé,En agglomération,Hors intersection,Normale,Autre collision,3,3,2,0,1,3,1,0,1,50,1,1,0,1,0,0,43.0,,voiture,,5,2,1,1,6
202200017451,2022-03-11 10:05:00,2022,3,11,10,5,75,75117,BD PERIPHERIQUE INTERIEUR,48.893172,2.303521,Plein jour,En agglomération,Hors intersection,Normale,Deux véhicules - côté,4,1,4,0,1,1,1,0,1,70,2,2,1,0,0,1,23.0,,deux_roues,utilitaire_camion,1,2,1,1,3
202200017452,2022-09-07 13:40:00,2022,9,7,13,40,29,29105,Carrefour D30 - D712,48.498813,-4.089725,Plein jour,Hors agglomération,Intersection en Y,Pluie forte,Autre collision,3,2,2,0,2,1,2,5,3,80,1,2,0,0,2,0,28.0,,voiture,,1,1,4,3,6
202200017453,2022-12-20 17:00:00,2022,12,20,17,0,38,38516,MAQUIS DU GRESIVAUDAN (AV.),45.20549,5.74869,Nuit avec éclairage allumé,En agglomération,Intersection en X,Normale,Deux véhicules - frontale,7,2,4,1,1,1,1,0,4,50,1,1,0,0,0,1,88.0,,voiture,,5,2,2,1,1
202200017454,2022-03-11 20:35:00,2022,3,11,20,35,75,75103,RUE VIEILLE DU TEMPLE,48.86021,2.361255,Nuit avec éclairage allumé,En agglomération,Hors intersection,Pluie légère,Deux véhicules - arrière,4,1,1,1,1,1,2,0,1,30,2,3,2,0,1,0,42.0,19.0,voiture,deux_roues,5,2,1,2,2
202200017455,2022-09-06 15:45:00,2022,9,6,15,45,38,38307,420 Chemin de Gambaloud,45.3796263899,5.052860501,Plein jour,Hors agglomération,Intersection en X,Normale,Deux véhicules - côté,4,2,2,0,1,1,1,0,8,50,2,3,2,0,1,0,27.0,16.0,utilitaire_camion,deux_roues,1,1,2,1,3
202200017456,2022-09-08 13:45:00,2022,9,8,13,45,38,38386,Route de la Balme,45.465718,5.651747,Plein jour,En agglomération,Intersection en T,Normale,Deux véhicules - côté,3,2,2,0,1,1,1,0,1,50,2,2,1,0,0,1,29.0,61.0,voiture,deux_roues,1,2,3,1,3
202200017457,2022-03-11 21:25:00,2022,3,11,21,25,75,75105,RUE DES FOSSES SAINT BERNARD,48.849389,2.355963,Nuit avec éclairage allumé,En agglomération,Intersection en Y,Normale,Deux véhicules - côté,4,2,2,0,1,1,2,0,1,30,2,2,1,0,0,1,49.0,,deux_roues,deux_roues,5,2,4,1,3
202200017458,2022-09-07 19:36:00,2022,9,7,19,36,02,02268,5 Rue des Vignes,49.0162,3.275806,Nuit avec éclairage allumé,En agglomération,Hors intersection,Pluie légère,Sans collision,4,2,2,0,1,3,2,0,1,50,1,1,0,0,1,0,50.0,,deux_roues,,5,2,1,2,7
202200017459,2022-03-12 12:10:00,2022,3,12,12,10,75,75120,BOULEVARD MORTIER,48.876638,2.407154,Plein jour,En agglomération,Hors intersection,Temps couvert,Autre collision,4,3,3,0,1,1,1,0,1,30,1,2,1,0,0,1,39.0,,deux_roues,,1,2,1,8,6
202200017460,2022-09-08 11:55:00,2022,9,8,11,55,01,01199,route de Neuville,46.038774,5.395939,Plein jour,Hors agglomération,Intersection en T,Normale,Autre collision,3,2,2,0,1,2,1,0,3,80,1,1,0,0,0,1,45.0,,voiture,,1,1,3,1,6
202200017461,2022-03-12 21:30:00,2022,3,12,21,30,75,75119,RUE DE LA MARSEILLAISE,48.886782,2.398129,Nuit avec éclairage allumé,En agglomération,Hors intersection,Pluie légère,Sans collision,4,2,3,0,1,1,2,0,1,30,1,2,0,0,0,2,27.0,,deux_roues,,5,2,1,2,7
202200017462,2022-09-08 14:55:00,2022,9,8,14,55,14,14227,D27,49.2690737258,-0.0339530111,Plein jour,Hors agglomération,Hors intersection,Normale,Trois véhicules et plus - collisions multiples,3,2,2,0,1,1,1,0,1,80,3,3,1,0,1,1,26.0,45.0,voiture,voiture,1,1,1,1,5
202200017463,2022-09-07 15:00:00,2022,9,7,15,0,05,05184,carrefour CD220/RD1085,44.4112111939,5.9681940079,Plein jour,Hors agglomération,Intersection en T,Normale,Deux véhicules - côté,3,2,2,0,1,1,1,0,1,90,2,2,1,0,1,0,64.0,41.0,voiture,utilitaire_camion,1,1,3,1,3
202200017464,2022-03-12 21:20:00,2022,3,12,21,20,75,75118,BOULEVARD NEY,48.89774635,2.3290532827,Nuit avec éclairage allumé,En agglomération,Intersection en X,Pluie légère,Autre collision,4,3,2,0,1,1,2,0,1,50,1,2,1,0,0,1,28.0,,voiture,,5,2,2,2,6
202200017465,2022-09-08 06:50:00,2022,9,8,6,50,50,50082,D900,49.482624,-1.663828,Crépuscule ou aube,Hors agglomération,Hors intersection,Normale,Autre collision,3,2,2,0,2,1,2,0,1,80,1,1,0,0,0,1,18.0,,deux_roues,,2,1,1,1,6
202200017466,2022-03-12 20:00:00,2022,3,12,20,0,75,75118,RUE CAULAINCOURT,48.887178,2.333117,Nuit avec éclairage allumé,En agglomération,Hors intersection,Pluie légère,Deux véhicules - côté,4,2,2,0,2,1,2,0,1,30,2,2,1,0,1,0,24.0,49.0,deux_roues,deux_roues,5,2,1,2,3
202200017467,2022-12-18 19:10:00,2022,12,18,19,10,38,38421,AVENUE GABRIEL PÉRI,45.18419,5.76847,Nuit avec éclairage allumé,En agglomération,Intersection en X,Normale,Deux véhicules - côté,7,3,5,0,1,1,1,0,1,50,2,2,1,0,1,0,46.0,25.0,utilitaire_camion,deux_roues,5,2,2,1,3
202200017468,2022-09-07 17:00:00,2022,9,7,17,0,64,64371,55 Avenue de Tréville,43.215818,-0.890998,Plein jour,En agglomération,Hors intersection,Normale,Autre collision,3,2,2,0,1,1,1,0,1,30,2,2,1,0,0,1,14.0,14.0,deux_roues,deux_roues,1,2,1,1,6
202200017469,2022-03-12 01:05:00,2022,3,12,1,5,75,75116,AVENUE DE VERSAILLES,48.842628,2.268665,Nuit avec éclairage allumé,En agglomération,Intersection en T,Normale,Autre collision,4,2,4,0,1,1,1,0,1,30,1,2,1,0,0,1,,,deux_roues,,5,2,3,1,6
202200017470,2022-09-07 12:30:00,2022,9,7,12,30,07,07089,Route de Brezon,45.315634,4.731741,Plein jour,En agglomération,Hors intersection,Normale,Deux véhicules - frontale,4,2,2,0,2,3,1,0,1,50,2,2,1,0,0,1,34.0,19.0,voiture,utilitaire_camion,1,2,1,1,1
202200017471,2022-12-17 22:10:00,2022,12,17,22,10,38,38185,BOULEVARD CLEMENCEAU,45.183,5.738,Nuit avec éclairage allumé,En agglomération,Hors intersection,Normale,Deux véhicules - arrière,4,2,2,1,1,1,1,0,5,50,2,4,2,0,0,2,25.0,41.0,voiture,voiture,5,2,1,1,2
202200017472,2022-08-28 16:30:00,2022,8,28,16,30,24,24172,Avenue du Cingle,44.926594,0.997932,Plein jour,Hors agglomération,Hors intersection,Normale,Sans collision,3,2,2,0,4,2,1,0,3,70,1,1,0,0,1,0,49.0,,deux_roues,,1,1,1,1,7
202200017473,2022-03-10 22:30:00,2022,3,10,22,30,75,75116,AVENUE GORDON BENNETT,48.847979,2.251283,Nuit avec éclairage allumé,En agglomération,Intersection en T,Normale,Deux véhicules - côté,4,2,2,0,1,1,1,0,1,30,2,2,1,0,0,1,26.0,60.0,deux_roues,voiture,5,2,3,1,3
202200017474,2022-09-05 08:30:00,2022,9,5,8,30,04,04036,montée St MICHEL,44.162158,6.299007,Plein jour,Hors agglomération,Hors intersection,Normale,Sans collision,3,2,2,0,2,2,1,0,3,50,1,1,0,1,0,0,82.0,,voiture,,1,1,1,1,7
202200017475,2022-12-17 19:25:00,2022,12,17,19,25,38,38053,LUMIERE,45.59879,5.25404,Nuit sans éclairage public,En agglomération,Hors intersection,Brouillard / fumée,Autre collision,4,2,2,0,1,1,1,0,1,50,1,2,1,0,0,1,35.0,,voiture,,3,2,1,5,6
202200017476,2022-03-12 15:40:00,2022,3,12,15,40,75,75115,RUE DE LA CONVENTION,48.837235,2.296444,Plein jour,En agglomération,Intersection en X,Normale,Autre collision,4,2,3,3,1,1,1,-1,6,30,1,2,1,0,1,0,52.0,,transport_commun,,1,2,2,1,6
202200017477,2022-09-07 11:40:00,2022,9,7,11,40,52,52360,D171,47.6017551684,5.2942299843,Plein jour,Hors agglomération,Hors intersection,Normale,Sans collision,3,2,2,0,3,2,1,0,8,80,1,1,0,0,1,0,19.0,,utilitaire_camion,,1,1,1,1,7
202200017478,2022-12-20 20:10:00,2022,12,20,20,10,37,37261,BERANGER (BOULEVARD),47.3897353862,0.6863129139,Nuit avec éclairage allumé,En agglomération,Hors intersection,Pluie légère,Autre collision,4,2,4,0,1,1,2,0,1,50,1,3,1,0,0,2,,,voiture,,5,2,1,2,6
202200017479,2022-12-20 15:00:00,2022,12,20,15,0,37,37261,ROYER (BD JEAN),47.3814398096,0.6830942631,Plein jour,En agglomération,Hors intersection,Normale,Deux véhicules - côté,4,2,2,2,1,1,1,0,1,50,2,2,1,0,0,1,32.0,67.0,voiture,deux_roues,1,2,1,1,3
202200017480,2022-03-12 15:30:00,2022,3,12,15,30,75,75110,BOULEVARD DE STRASBOURG,48.870609,2.354959,Plein jour,En agglomération,Intersection en T,Normale,Autre collision,4,2,5,1,2,1,1,-1,5,30,1,2,1,0,0,1,25.0,,deux_roues,,1,2,3,1,6
202200017481,2022-12-17 15:50:00,2022,12,17,15,50,37,37214,DE GAULLE (BD CHARLES),47.40989,0.67918,Plein jour,En agglomération,Hors intersection,Normale,Deux véhicules - arrière,4,2,2,0,1,1,1,0,1,50,2,2,1,0,0,1,61.0,53.0,voiture,voiture,1,2,1,1,2
202200017482,2022-08-26 16:40:00,2022,8,26,16,40,69,69193,Route du Grisard,45.517393,4.838375,Plein jour,En agglomération,Hors intersection,Normale,Sans collision,3,2,2,0,2,1,1,0,1,70,1,1,0,0,1,0,62.0,,utilitaire_camion,,1,2,1,1,7
202200017483,2022-12-21 22:40:00,2022,12,21,22,40,35,35238,FOUGERES (RUE DE),48.12851,-1.64747,Nuit avec éclairage allumé,En agglomération,Hors intersection,Pluie légère,Autre collision,4,2,2,1,1,1,2,0,1,50,1,3,2,0,1,0,,,voiture,,5,2,1,2,6
202200017484,2022-03-12 00:10:00,2022,3,12,0,10,94,94041,Rue Baudin,48.81531,2.3756,Nuit avec éclairage allumé,En agglomération,Intersection en X,Temps couvert,Deux véhicules - côté,3,1,1,0,1,1,1,0,1,50,2,2,1,0,0,1,39.0,,voiture,voiture,5,2,2,8,3
202200017485,2022-09-08 14:27:00,2022,9,8,14,27,973,97310,Route Nationale 2 PK 48,4.592937,-52.407532,Plein jour,Hors agglomération,Hors intersection,Normale,Sans collision,2,2,2,0,2,2,1,0,3,70,1,1,0,0,0,1,27.0,,utilitaire_camion,,1,1,1,1,7
202200017486,2022-12-20 11:50:00,2022,12,20,11,50,35,35278,MONTGERMONT (ROND POINT DE),48.1549449353,-1.7007055879,Plein jour,Hors agglomération,Giratoire,Pluie forte,Deux véhicules - côté,7,2,2,0,1,2,2,0,1,80,2,2,1,0,0,1,22.0,76.0,deux_roues,voiture,1,1,6,3,3
202200017487,2022-03-12 19:10:00,2022,3,12,19,10,94,94038,Avenue des Dahlias,48.77799,2.35268,Nuit avec éclairage allumé,En agglomération,Intersection en X,Normale,Deux véhicules - frontale,4,2,2,0,1,1,1,0,1,50,2,2,1,0,0,1,27.0,29.0,voiture,deux_roues,5,2,2,1,1
202200017488,2022-09-08 17:10:00,2022,9,8,17,10,37,37163,D952,47.412968,0.96357,Plein jour,Hors agglomération,Intersection en T,Pluie forte,Deux véhicules - côté,3,2,2,0,1,1,2,5,1,70,2,2,1,0,1,0,50.0,28.0,deux_roues,utilitaire_camion,1,1,3,3,3
202200017489,2022-12-20 08:00:00,2022,12,20,8,0,35,35238,FORCES FRANCAISES DE L'ONU (ROND POINT),48.08938,-1.682,Nuit avec éclairage allumé,En agglomération,Giratoire,Pluie légère,Deux véhicules - côté,4,1,1,1,1,2,2,0,5,50,2,2,1,0,0,1,39.0,30.0,deux_roues,voiture,5,2,6,2,3
202200017490,2022-09-08 13:55:00,2022,9,8,13,55,2B,2B134,Avenue Fred SCAMARONI,42.632818,8.93837,Plein jour,En agglomération,Hors intersection,Normale,Deux véhicules - côté,2,1,2,0,1,1,1,5,1,50,1,2,1,0,1,0,44.0,,utilitaire_camion,,1,2,1,1,3
202200017491,2022-03-12 20:35:00,2022,3,12,20,35,94,94054,Avenue Marcel Cachin / Rue Robert Desnos,48.74706,2.41126,Nuit avec éclairage allumé,En agglomération,Intersection en X,Pluie légère,Deux véhicules - côté,3,2,2,0,1,1,2,0,1,50,2,2,1,0,0,1,20.0,42.0,deux_roues,voiture,5,2,2,2,3
202200017492,2022-12-19 19:00:00,2022,12,19,19,0,35,35238,N136,48.098848,-1.714121,Nuit sans éclairage public,Hors agglomération,Hors intersection,Pluie légère,Trois véhicules et plus - en chaîne,2,3,6,0,1,1,2,3,1,90,3,3,2,0,0,1,50.0,30.0,voiture,voiture,3,1,1,2,4
202200017493,2022-03-12 18:20:00,2022,3,12,18,20,92,92050,POINCARE RAYMOND RUE,48.88808,2.19037,Nuit avec éclairage allumé,En agglomération,Hors intersection,Normale,Autre collision,4,3,2,0,1,1,1,0,4,50,1,1,0,0,0,1,17.0,,deux_roues,,5,2,1,1,6
202200017494,2022-09-07 16:22:00,2022,9,7,16,22,66,66144,,42.644396,2.877173,Plein jour,Hors agglomération,Hors intersection,Normale,Trois véhicules et plus - en chaîne,3,3,4,0,2,1,1,0,1,90,3,5,1,0,0,4,52.0,40.0,voiture,voiture,1,1,1,1,4
202200017495,2022-12-19 14:20:00,2022,12,19,14,20,35,35238,TILLON (AVENUE CHARLES),48.12512,-1.69863,Plein jour,En agglomération,Hors intersection,Normale,Deux véhicules - côté,4,3,4,1,1,1,1,0,1,50,2,2,1,0,0,1,72.0,26.0,voiture,utilitaire_camion,1,2,1,1,3
202200017496,2022-03-12 20:45:00,2022,3,12,20,45,92,92025,GABRIEL PERI (RUE),48.918465,2.239555,Nuit avec éclairage allumé,En agglomération,Hors intersection,Pluie légère,Autre collision,3,2,4,0,1,1,2,0,1,30,1,2,1,0,0,1,38.0,,deux_roues,,5,2,1,2,6
202200017497,2022-09-08 09:15:00,2022,9,8,9,15,83,83119,Avenue du General de Gaulle,43.269476,6.634672,Plein jour,En agglomération,Hors intersection,Normale,Autre collision,3,1,2,0,1,1,2,0,1,50,1,2,1,0,1,0,57.0,,utilitaire_camion,,1,2,1,1,6
202200017498,2022-12-18 06:03:00,2022,12,18,6,3,35,35238,FREVILLE (AVENUE HENRI),48.08672,-1.67506,Nuit sans éclairage public,En agglomération,Intersection en X,Normale,Deux véhicules - côté,4,3,2,2,1,1,1,5,1,50,2,2,1,0,0,1,28.0,28.0,voiture,voiture,3,2,2,1,3
202200017499,2022-09-08 01:25:00,2022,9,8,1,25,89,89136,A19,48.265348,3.29047,Nuit sans éclairage public,Hors agglomération,Hors intersection,Normale,Autre collision,1,1,1,0,2,2,2,0,3,70,1,1,0,0,1,0,46.0,,voiture,,3,1,1,1,6
202200017500,2022-03-12 14:25:00,2022,3,12,14,25,92,92012,PONT DE BILLANCOURT (PLACE DU),48.8253564752,2.2482195497,Plein jour,En agglomération,Place,Normale,Deux véhicules - arrière,3,1,0,0,1,2,1,0,1,50,2,2,1,0,0,1,28.0,40.0,deux_roues,voiture,1,2,7,1,2
202200017501,2022-12-18 19:40:00,2022,12,18,19,40,35,35051,ALLIES (BOULEVARD DES),48.13208,-1.62119,Nuit avec éclairage allumé,En agglomération,Hors intersection,Pluie légère,Deux véhicules - côté,4,2,4,1,1,1,2,0,1,50,2,2,1,0,0,1,28.0,33.0,voiture,voiture,5,2,1,2,3
202200017502,2022-03-12 19:45:00,2022,3,12,19,45,92,92009,HOCHE ( RUE ),48.9212362066,2.2685075104,Plein jour,En agglomération,Hors intersection,Normale,Deux véhicules - arrière,4,2,2,0,1,1,1,0,1,50,2,2,1,0,0,1,35.0,30.0,voiture,deux_roues,1,2,1,1,2
202200017503,2022-09-07 07:15:00,2022,9,7,7,15,54,54043,D331,48.5794969,6.097759,Plein jour,Hors agglomération,Hors intersection,Normale,Autre collision,3,2,2,0,1,1,2,0,1,80,1,1,0,0,0,1,19.0,,voiture,,1,1,1,1,6
202200017504,2022-03-12 15:40:00,2022,3,12,15,40,92,92004,COLOMBES ( RUE DE 31 A ),48.91567,2.27659,Plein jour,En agglomération,Hors intersection,Normale,Deux véhicules - arrière,4,2,0,0,1,1,1,0,1,50,2,2,1,0,0,1,70.0,63.0,deux_roues,utilitaire_camion,1,2,1,1,2
202200017505,2022-12-17 09:30:00,2022,12,17,9,30,35,35238,SUISSE (DE),48.08659,-1.66762,Plein jour,En agglomération,Hors intersection,Temps couvert,Autre collision,4,2,2,0,1,1,1,0,1,50,1,2,1,0,0,1,40.0,,voiture,,1,2,1,8,6
202200017506,2022-09-08 16:50:00,2022,9,8,16,50,63,63247,D5,45.586639,2.935688,Plein jour,Hors agglomération,Hors intersection,Normale,Deux véhicules - frontale,3,2,2,0,2,3,2,0,1,90,2,2,1,0,1,0,49.0,46.0,voiture,deux_roues,1,1,1,1,1
202200017507,2022-03-13 05:55:00,2022,3,13,5,55,60,60013,72 Rue du Colonel Fabien,49.320169,2.508935,Crépuscule ou aube,En agglomération,Hors intersection,Normale,Autre collision,3,2,2,0,2,1,1,0,4,50,1,3,0,0,1,2,21.0,,voiture,,2,2,1,1,6
202200017508,2022-12-17 18:30:00,2022,12,17,18,30,34,34108,D612,43.42909,3.75343,Nuit sans éclairage public,Hors agglomération,Hors intersection,Normale,Deux véhicules - côté,3,2,2,0,1,1,1,0,1,80,2,2,1,0,1,0,61.0,26.0,voiture,deux_roues,3,1,1,1,3
202200017509,2022-09-04 12:10:00,2022,9,4,12,10,38,38111,Chemin de Savoyères,45.106621,5.650148,Plein jour,Hors agglomération,Hors intersection,Normale,Deux véhicules - frontale,4,2,2,0,2,1,1,0,1,50,2,2,1,0,1,0,28.0,75.0,deux_roues,voiture,1,1,1,1,1
202200017510,2022-03-13 15:55:00,2022,3,13,15,55,95,95487,RD 78,49.150084,2.277974,Plein jour,En agglomération,Hors intersection,Pluie légère,Autre collision,3,2,2,0,1,1,2,0,1,30,1,2,0,0,0,2,37.0,,voiture,,1,2,1,2,6
202200017511,2022-12-16 23:00:00,2022,12,16,23,0,34,34032,D612,43.366576,3.218918,Nuit sans éclairage public,En agglomération,Hors intersection,Normale,Sans collision,3,1,4,0,1,1,1,0,3,110,1,1,0,1,0,0,19.0,,voiture,,3,2,1,1,7
202200017512,2022-09-07 13:45:00,2022,9,7,13,45,69,69040,Rue de la Mairie,45.794633,4.790774,Plein jour,En agglomération,Intersection en X,Normale,Deux véhicules - frontale,4,1,1,0,1,1,1,5,1,30,2,2,1,0,1,0,46.0,58.0,voiture,deux_roues,1,2,2,1,1
202200017513,2022-12-21 18:30:00,2022,12,21,18,30,33,33550,Route de Toulouse,44.7969,-0.56844,Nuit avec éclairage allumé,En agglomération,Intersection en T,Pluie légère,Deux véhicules - côté,4,2,3,0,1,1,2,5,1,50,2,2,1,0,0,1,45.0,41.0,voiture,deux_roues,5,2,3,2,3
202200017514,2022-09-07 18:00:00,2022,9,7,18,0,14,14258,D658,48.90087,-0.20287,Plein jour,En agglomération,Hors intersection,Pluie légère,Sans collision,3,2,2,0,1,1,2,0,1,50,1,1,0,0,1,0,49.0,,deux_roues,,1,2,1,2,7
202200017515,2022-03-12 15:13:00,2022,3,12,15,13,18,18020,,47.395319,2.855917,Plein jour,Hors agglomération,Intersection en X,Pluie légère,Deux véhicules - côté,3,2,2,0,1,1,2,0,1,80,2,4,2,0,1,1,60.0,67.0,utilitaire_camion,voiture,1,1,2,2,3
202200017516,2022-12-20 12:10:00,2022,12,20,12,10,33,33075,Allée de Boutaut,44.87176,-0.57642,Plein jour,En agglomération,Hors intersection,Pluie légère,Deux véhicules - arrière,4,4,6,3,1,1,2,0,1,50,2,3,1,0,0,2,42.0,63.0,voiture,voiture,1,2,1,2,2
202200017517,2022-09-07 21:52:00,2022,9,7,21,52,76,76341,D6382,49.511619,0.196756,Nuit avec éclairage allumé,En agglomération,Hors intersection,Normale,Deux véhicules - frontale,3,1,4,0,1,1,2,0,1,70,2,3,2,0,1,0,51.0,36.0,voiture,voiture,5,2,1,1,1
202200017518,2022-03-13 15:45:00,2022,3,13,15,45,41,41234,La Nivocherie,47.58809,1.073565,Plein jour,Hors agglomération,Intersection en X,Temps couvert,Deux véhicules - côté,3,2,2,0,1,1,2,0,1,90,2,2,0,1,0,1,37.0,79.0,voiture,voiture,1,1,2,8,3
202200017519,2022-12-20 09:30:00,2022,12,20,9,30,33,33318,Avenue du Docteur Nancel Pénard,44.80866,-0.63617,Plein jour,En agglomération,Hors intersection,Normale,Deux véhicules - frontale,4,2,2,2,1,1,1,0,1,50,2,2,1,0,0,1,55.0,58.0,voiture,voiture,1,2,1,1,1
202200017520,2022-03-12 07:50:00,2022,3,12,7,50,988,98826,route territoriale 1,-20.394112,164.210393,Plein jour,Hors agglomération,Hors intersection,Normale,Autre collision,3,2,2,0,1,1,1,0,3,-1,1,1,0,0,1,0,32.0,,utilitaire_camion,,1,1,1,1,6
202200017521,2022-12-19 17:15:00,2022,12,19,17,15,33,33063,Rue de Lisleferme,44.85436,-0.59085,Crépuscule ou aube,En agglomération,Intersection en T,Normale,Deux véhicules - côté,4,1,1,0,1,1,1,0,1,50,2,2,1,0,0,1,39.0,17.0,voiture,deux_roues,2,2,3,1,3
202200017522,2022-03-12 18:50:00,2022,3,12,18,50,83,83130,288 Avenue Marechal Leclerc,43.186009,6.040308,Nuit sans éclairage public,En agglomération,Hors intersection,Normale,Deux véhicules - frontale,4,2,2,0,1,1,1,0,1,50,2,2,1,1,0,0,31.0,15.0,voiture,deux_roues,3,2,1,1,1
202200017523,2022-09-07 14:31:00,2022,9,7,14,31,13,13015,A51-Sens Aix en Provence vers Marseille,43.42888,5.38834,Plein jour,Hors agglomération,Hors intersection,Normale,Deux véhicules - côté,1,1,3,0,1,1,1,0,1,90,2,3,2,0,1,0,49.0,24.0,deux_roues,voiture,1,1,1,1,3
202200017524,2022-03-12 15:50:00,2022,3,12,15,50,44,44070,N249,47.173605,-1.396546,Plein jour,Hors agglomération,Hors intersection,Normale,Sans collision,2,1,1,0,2,3,1,3,3,50,1,1,0,0,1,0,34.0,,deux_roues,,1,1,1,1,7
202200017525,2022-12-19 08:40:00,2022,12,19,8,40,33,33063,Place de l'Europe,44.8594055381,-0.5804670453,Crépuscule ou aube,En agglomération,Intersection en T,Normale,Deux véhicules - côté,4,2,1,0,1,1,1,0,1,50,2,2,1,0,0,1,56.0,26.0,voiture,deux_roues,2,2,3,1,3
202200017526,2022-09-07 16:12:00,2022,9,7,16,12,83,83137,A50 TUNNEL TUBE SUD,43.1272131149,5.9198731184,Plein jour,Hors agglomération,Hors intersection,Normale,Deux véhicules - arrière,1,1,2,0,1,1,1,1,1,70,2,3,0,0,0,3,26.0,33.0,voiture,voiture,1,1,1,1,2