accident_id,datetime,annee,mois,jour,heure,minute,departement,commune_insee,adresse,latitude,longitude,luminosite,agglomeration,intersection,meteo,collision,catr,circ,nbv,vosp,prof,plan,surf,infra,situ,vma,nb_vehicules,nb_usagers,nb_indemnes,nb_tues,nb_blesses_hosp,nb_blesses_legers,age_cond_1,age_cond_2,veh_type_cond_1,veh_type_cond_2,lum_code,agg_code,int_code,atm_code,col_code
202200017710,2022-06-26 20:35:00,2022,6,26,20,35,75,75108,PLACE CHARLES DE GAULLE,48.873838,2.296021,Plein jour,En agglomération,Place,Normale,Deux véhicules - côté,4,1,6,0,1,1,1,0,1,30,2,3,2,0,0,1,22.0,38.0,deux_roues,voiture,1,2,7,1,3
202200017711,2022-04-21 19:50:00,2022,4,21,19,50,94,94011,Avenue de la République,48.76644,2.4802,Plein jour,En agglomération,Hors intersection,Normale,Autre collision,4,2,2,0,1,1,1,0,1,30,1,2,1,0,0,1,31.0,,voiture,,1,2,1,1,6
202200017712,2022-06-26 19:40:00,2022,6,26,19,40,75,75104,QUAI HENRI IV,48.84733,2.3648,Plein jour,En agglomération,Intersection en Y,Normale,Deux véhicules - côté,4,1,2,0,1,1,1,0,1,50,2,2,0,0,0,2,24.0,26.0,deux_roues,deux_roues,1,2,4,1,3
202200017713,2022-06-26 16:10:00,2022,6,26,16,10,75,75101,RUE DE RIVOLI,48.863212,2.333777,Plein jour,En agglomération,Intersection en T,Normale,Autre collision,4,2,3,1,1,1,1,0,5,30,1,2,1,0,0,1,,,deux_roues,,1,2,3,1,6
202200017714,2022-04-21 11:18:00,2022,4,21,11,18,94,94022,Carrefour des 3 Communes / Boulevard Stalingrad / A86,48.7736130184,2.3995814322,Plein jour,Hors agglomération,Intersection en X,Temps éblouissant,Trois véhicules et plus - en chaîne,1,1,3,0,2,1,1,3,1,-1,3,3,2,0,0,1,55.0,46.0,voiture,voiture,1,1,2,7,4
202200017715,2022-04-21 12:30:00,2022,4,21,12,30,94,94079,Boulevard Jean Monnet,48.82815,2.52795,Plein jour,En agglomération,Hors intersection,Normale,Deux véhicules - frontale,4,2,2,0,2,1,1,0,1,50,2,2,1,0,0,1,46.0,44.0,voiture,voiture,1,2,1,1,1
202200017716,2022-06-26 06:30:00,2022,6,26,6,30,75,75104,QUAI DE L HOTEL DE VILLE,48.854369,2.354968,Plein jour,En agglomération,Intersection en X,Normale,Deux véhicules - arrière,4,2,4,0,1,1,1,0,1,30,2,4,2,0,0,2,25.0,25.0,voiture,voiture,1,2,2,1,2
202200017717,2022-04-22 15:05:00,2022,4,22,15,5,93,93066,Avenue du Colonel Fabien,48.945097,2.352144,Plein jour,En agglomération,Hors intersection,Normale,Autre collision,3,3,4,3,1,1,1,9,1,50,1,2,1,0,0,1,53.0,,voiture,,1,2,1,1,6
202200017718,2022-06-26 18:35:00,2022,6,26,18,35,94,94081,ABBE ROGER DERRY (AV DE L),48.79029,2.39164,Plein jour,En agglomération,Hors intersection,Normale,Deux véhicules - côté,4,2,0,0,1,1,1,0,1,50,2,2,1,0,0,1,46.0,34.0,deux_roues,voiture,1,2,1,1,3
202200017719,2022-04-21 20:20:00,2022,4,21,20,20,93,93066,Rue Francis de Pressensé / Rue de Lorraine,48.92407,2.37224,Crépuscule ou aube,En agglomération,Intersection en T,Normale,Deux véhicules - arrière,3,3,4,1,1,1,1,0,1,50,2,2,1,0,0,1,26.0,41.0,voiture,deux_roues,2,2,3,1,2
202200017720,2022-04-21 14:35:00,2022,4,21,14,35,93,93066,Avenue de Stalingrad,48.94462,2.35925,Plein jour,En agglomération,Hors intersection,Normale,Autre collision,3,3,4,0,1,1,1,0,1,50,1,1,0,0,0,1,31.0,,voiture,,1,2,1,1,6
202200017721,2022-06-26 23:20:00,2022,6,26,23,20,94,94041,SAINT JUST (R),48.81139,2.39019,Nuit avec éclairage allumé,En agglomération,Intersection en T,Normale,Deux véhicules - frontale,4,1,1,0,1,1,1,0,1,50,2,2,1,0,0,1,23.0,33.0,voiture,deux_roues,5,2,3,1,1
202200017722,2022-06-26 04:30:00,2022,6,26,4,30,94,94073,VERSAILLES (AV DE),48.75715,2.38892,Nuit avec éclairage allumé,En agglomération,Hors intersection,Normale,Sans collision,3,1,2,0,1,1,1,0,1,50,1,1,0,0,0,1,31.0,,voiture,,5,2,1,1,7
202200017723,2022-04-21 08:03:00,2022,4,21,8,3,93,93066,Rue Saint Just / Rue de l'Encyclopédie,48.908459,2.362318,Plein jour,En agglomération,Intersection en T,Normale,Autre collision,4,1,1,0,1,1,1,0,1,30,1,3,1,0,0,2,27.0,,voiture,,1,2,3,1,6
202200017724,2022-06-26 07:10:00,2022,6,26,7,10,94,94022,Boulevard de Stalingrad / A86,48.77344,2.39969,Plein jour,En agglomération,Intersection en X,Normale,Deux véhicules - côté,1,1,3,0,2,1,1,3,1,-1,2,2,1,0,0,1,21.0,38.0,deux_roues,deux_roues,1,2,2,1,3
202200017725,2022-04-22 02:40:00,2022,4,22,2,40,93,93064,Rue Jules Ferry,48.87577,2.47724,Nuit avec éclairage allumé,En agglomération,Hors intersection,Normale,Autre collision,3,2,2,0,1,1,1,0,4,50,1,1,0,0,0,1,41.0,,voiture,,5,2,1,1,6
202200017726,2022-06-26 16:15:00,2022,6,26,16,15,94,94002,Rue Paul Vaillant Couturier / Place François Mitterrand,48.80525,2.41916,Plein jour,En agglomération,Intersection en T,Normale,Autre collision,4,1,1,0,1,1,1,0,1,30,1,2,1,0,0,1,31.0,,deux_roues,,1,2,3,1,6
202200017727,2022-04-22 14:00:00,2022,4,22,14,0,93,93077,19 Route de Noisy,48.8837,2.49943,Plein jour,En agglomération,Hors intersection,Normale,Deux véhicules - côté,3,1,2,0,1,1,1,0,1,50,2,2,1,0,0,1,53.0,62.0,deux_roues,voiture,1,2,1,1,3
202200017728,2022-06-26 21:20:00,2022,6,26,21,20,93,93072,Boulevard Maxime Gorki / Rue Salvador Allende,48.9466743957,2.3863195181,Plein jour,En agglomération,Intersection en T,Normale,Autre collision,3,3,4,0,1,1,1,0,1,50,1,2,1,0,0,1,33.0,,deux_roues,,1,2,3,1,6
202200017729,2022-04-21 19:29:00,2022,4,21,19,29,93,93079,Route de Saint-leu,48.952389,2.337926,Plein jour,En agglomération,Hors intersection,Normale,Deux véhicules - côté,3,2,2,0,1,1,1,0,5,50,2,2,1,0,0,1,35.0,27.0,voiture,deux_roues,1,2,1,1,3
202200017730,2022-06-26 16:40:00,2022,6,26,16,40,93,93055,Avenue Jean Lolive,48.892667,2.410617,Plein jour,En agglomération,Hors intersection,Normale,Deux véhicules - côté,3,3,2,0,1,1,1,0,1,50,2,2,1,0,0,1,20.0,46.0,voiture,deux_roues,1,2,1,1,3
202200017731,2022-06-26 07:00:00,2022,6,26,7,0,93,93053,Place Jeanne d’Arc,48.890099,2.452923,Crépuscule ou aube,En agglomération,Intersection en X,Normale,Deux véhicules - côté,3,3,2,2,1,1,1,0,1,50,2,2,1,0,0,1,27.0,22.0,voiture,deux_roues,2,2,2,1,3
202200017732,2022-04-22 08:50:00,2022,4,22,8,50,93,93029,170 Avenue Henri Barbusse,48.921551,2.454954,Plein jour,En agglomération,Intersection en T,Normale,Autre collision,3,2,2,0,1,1,1,0,1,50,1,3,1,0,0,2,29.0,,voiture,,1,2,3,1,6
202200017733,2022-06-26 17:40:00,2022,6,26,17,40,93,93048,Rue des Fédérés / Rue du Sergent Bobillot,48.85201,2.43257,Plein jour,En agglomération,Intersection en X,Normale,Deux véhicules - côté,4,1,1,2,1,1,1,0,1,30,2,2,1,0,0,1,25.0,36.0,deux_roues,voiture,1,2,2,1,3
202200017734,2022-04-22 19:40:00,2022,4,22,19,40,93,93027,Avenue Paul Vaillant Couturier,48.9239108573,2.4140068888,Plein jour,En agglomération,Hors intersection,Normale,Trois véhicules et plus - collisions multiples,3,3,4,0,2,1,1,0,8,50,3,4,3,0,0,1,48.0,67.0,voiture,utilitaire_camion,1,2,1,1,5
202200017735,2022-06-26 17:00:00,2022,6,26,17,0,93,93001,Avenue de la République,48.90957,2.38626,Plein jour,En agglomération,Hors intersection,Normale,Autre collision,3,2,2,0,1,1,1,0,1,50,1,2,1,0,0,1,65.0,,voiture,,1,2,1,1,6
202200017736,2022-06-26 20:30:00,2022,6,26,20,30,92,92051,"ROULE (AVENUE DU, N° 29 A 91 ET 30 A 86)",48.8832604099,2.2741602659,Plein jour,En agglomération,Hors intersection,Normale,Deux véhicules - arrière,4,2,2,0,1,1,1,0,1,30,2,2,1,0,0,1,41.0,26.0,voiture,deux_roues,1,2,1,1,2
202200017737,2022-04-22 16:50:00,2022,4,22,16,50,93,93013,Avenue Jean Jaurès,48.93252,2.42588,Plein jour,En agglomération,Hors intersection,Normale,Autre collision,3,2,2,0,1,1,1,9,1,50,1,2,1,0,0,1,25.0,,voiture,,1,2,1,1,6
202200017738,2022-04-22 06:20:00,2022,4,22,6,20,93,93007,Avenue des Cosmonautes,48.9490965846,2.4561068415,Nuit avec éclairage allumé,En agglomération,Hors intersection,Normale,Deux véhicules - côté,3,2,4,0,1,1,1,0,1,50,2,2,1,0,0,1,31.0,50.0,voiture,voiture,5,2,1,1,3
202200017739,2022-06-25 15:30:00,2022,6,25,15,30,60,60515,D127,49.485301,2.546983,Plein jour,Hors agglomération,Hors intersection,Pluie légère,Deux véhicules - côté,3,2,2,0,1,2,2,0,1,80,2,2,1,0,0,1,20.0,26.0,voiture,voiture,1,1,1,2,3
202200017740,2022-06-25 17:15:00,2022,6,25,17,15,08,08403,Avenue du General Leclerc,49.496354,4.364415,Plein jour,En agglomération,Hors intersection,Temps couvert,Sans collision,3,2,2,0,1,1,1,0,1,50,1,1,0,0,1,0,22.0,,deux_roues,,1,2,1,8,7
202200017741,2022-04-22 07:50:00,2022,4,22,7,50,92,92064,FRANCIS CHAVETON,48.8593442888,2.210022077,Plein jour,En agglomération,Hors intersection,Normale,Deux véhicules - côté,4,2,2,0,1,1,1,0,1,50,2,2,1,0,0,1,33.0,44.0,deux_roues,voiture,1,2,1,1,3
202200017742,2022-04-22 19:30:00,2022,4,22,19,30,92,92049,DORMOY AVENUE MARX N°102 A FIN,48.8099804436,2.3200032413,Plein jour,En agglomération,Hors intersection,Normale,Autre collision,3,2,2,3,1,1,1,0,1,50,1,2,1,0,0,1,47.0,,voiture,,1,2,1,1,6
202200017743,2022-06-26 17:00:00,2022,6,26,17,0,86,86092,Avenue de l Europe,46.934183,0.605511,Plein jour,En agglomération,Hors intersection,Normale,Deux véhicules - frontale,3,2,2,0,1,1,1,0,1,50,2,5,0,1,1,3,77.0,67.0,voiture,voiture,1,2,1,1,1
202200017744,2022-04-22 15:20:00,2022,4,22,15,20,92,92049,REPUBLIQUE AVENUE DE LA N°92 A FIN,48.8128072965,2.316111356,Plein jour,En agglomération,Intersection en T,Normale,Deux véhicules - côté,4,2,2,0,1,1,1,0,1,50,2,2,1,0,0,1,33.0,26.0,utilitaire_camion,deux_roues,1,2,3,1,3
202200017745,2022-06-26 20:20:00,2022,6,26,20,20,36,36230,,47.067122,1.821612,Crépuscule ou aube,Hors agglomération,Hors intersection,Pluie légère,Autre collision,3,2,2,0,1,2,2,0,3,80,1,3,0,0,2,1,25.0,,voiture,,2,1,1,2,6
202200017746,2022-04-19 18:50:00,2022,4,19,18,50,92,92036,GENERAL DE GAULLE (AVENUE) (PAIRS),48.9337726579,2.3136091232,Plein jour,En agglomération,Intersection en T,Normale,Autre collision,3,2,2,0,1,1,1,0,1,50,1,2,1,0,0,1,,,voiture,,1,2,3,1,6
202200017747,2022-06-21 13:45:00,2022,6,21,13,45,31,31182,Route de Paris,43.67221,1.410021,Plein jour,En agglomération,Hors intersection,Normale,Deux véhicules - côté,7,4,2,0,1,1,1,0,1,50,2,2,1,0,1,0,24.0,38.0,utilitaire_camion,deux_roues,1,2,1,1,3
202200017748,2022-04-20 13:12:00,2022,4,20,13,12,92,92035,National ( boulevard ),48.9064670046,2.2388851941,Plein jour,En agglomération,Autre intersection,Normale,Autre collision,3,1,0,1,1,1,1,6,4,25,1,2,1,0,0,1,34.0,,deux_roues,,1,2,9,1,6
202200017749,2022-04-22 16:20:00,2022,4,22,16,20,92,92026,CARLE HEBERT,48.8933973113,2.2536115944,Plein jour,En agglomération,Hors intersection,Normale,Autre collision,4,2,2,0,1,1,1,0,1,50,1,2,1,0,0,1,30.0,,utilitaire_camion,,1,2,1,1,6
202200017750,2022-06-26 16:30:00,2022,6,26,16,30,84,84069,Route du Mont Ventoux - CD 974,44.181066,5.13429,Plein jour,Hors agglomération,Hors intersection,Normale,Deux véhicules - frontale,3,2,2,0,2,3,1,0,1,80,2,2,1,0,1,0,71.0,61.0,utilitaire_camion,deux_roues,1,1,1,1,1
202200017751,2022-04-19 08:37:00,2022,4,19,8,37,92,92024,PARIS (RUE DE) DE (1 A 57)   (2 A 52),48.89724,2.30773,Plein jour,En agglomération,Intersection en T,Normale,Deux véhicules - côté,4,1,1,0,1,1,1,0,1,30,2,2,1,0,0,1,60.0,45.0,voiture,utilitaire_camion,1,2,3,1,3
202200017752,2022-06-26 05:00:00,2022,6,26,5,0,63,63349,Lieu Dit la Vauzaine,45.9520435318,2.8836938739,Nuit sans éclairage public,Hors agglomération,Hors intersection,Pluie forte,Autre collision,3,2,2,0,2,3,2,0,3,90,1,2,1,0,1,0,21.0,,voiture,,3,1,1,3,6
202200017753,2022-04-22 14:40:00,2022,4,22,14,40,92,92007,FONTAINE GUEFFIER (PLACE DE LA),48.787814755,2.3045880496,Plein jour,En agglomération,Giratoire,Normale,Autre collision,4,4,2,0,2,3,1,0,8,50,1,2,1,0,0,1,35.0,,voiture,,1,2,6,1,6
202200017754,2022-04-23 15:45:00,2022,4,23,15,45,09,09209,D627,43.00245,1.169207,Plein jour,Hors agglomération,Intersection en T,Pluie forte,Deux véhicules - frontale,3,2,2,0,1,2,2,0,1,80,2,2,1,0,0,1,68.0,57.0,voiture,voiture,1,1,3,3,1
202200017755,2022-06-26 18:45:00,2022,6,26,18,45,50,50095,"départementale 999, route de la vire",49.089839,-1.119361,Plein jour,Hors agglomération,Intersection en Y,Pluie légère,Deux véhicules - frontale,3,-1,2,0,4,2,2,0,1,80,2,5,2,0,3,0,20.0,35.0,voiture,voiture,1,1,4,2,1
202200017756,2022-04-23 17:30:00,2022,4,23,17,30,36,36093,Chemin de la Piscine,46.984595,1.608684,Plein jour,En agglomération,Hors intersection,Temps couvert,Deux véhicules - côté,4,2,2,0,1,3,1,0,1,50,2,2,1,0,1,0,22.0,8.0,voiture,deux_roues,1,2,1,8,3
202200017757,2022-06-25 20:00:00,2022,6,25,20,0,37,37261,Autoroute A10,47.407383,0.719454,Plein jour,Hors agglomération,Hors intersection,Normale,Deux véhicules - côté,1,3,3,0,2,3,1,0,1,90,2,2,1,0,0,1,20.0,40.0,voiture,utilitaire_camion,1,1,1,1,3
202200017758,2022-04-23 22:30:00,2022,4,23,22,30,76,76210,Route de Saint Nicolas,49.863052,1.198883,Nuit sans éclairage public,Hors agglomération,Hors intersection,Normale,Deux véhicules - côté,3,-1,2,0,2,1,1,0,1,80,2,2,1,0,1,0,16.0,18.0,deux_roues,deux_roues,3,1,1,1,3
202200017759,2022-06-23 07:30:00,2022,6,23,7,30,37,37077,autoute a85,47.3351800388,0.4379081726,Crépuscule ou aube,Hors agglomération,Hors intersection,Temps couvert,Autre collision,1,3,4,0,2,1,2,2,2,130,1,2,1,0,1,0,39.0,,voiture,,2,1,1,8,6
202200017760,2022-04-23 18:40:00,2022,4,23,18,40,28,28139,A11,48.314519,1.322222,Plein jour,Hors agglomération,Hors intersection,Normale,Sans collision,1,3,3,0,1,1,1,2,1,130,1,2,1,0,1,0,55.0,,voiture,,1,1,1,1,7
202200017761,2022-06-26 15:55:00,2022,6,26,15,55,77,77006,D64,48.399035,2.559321,Plein jour,Hors agglomération,Hors intersection,Normale,Deux véhicules - côté,3,2,2,0,1,3,1,0,1,70,2,2,1,0,1,0,31.0,23.0,deux_roues,voiture,1,1,1,1,3
202200017762,2022-06-27 11:15:00,2022,6,27,11,15,83,83018,D13,43.359603,6.199358,Plein jour,Hors agglomération,Hors intersection,Normale,Sans collision,3,2,2,0,2,3,1,0,3,80,1,1,0,0,1,0,43.0,,utilitaire_camion,,1,1,1,1,7
202200017763,2022-06-27 15:20:00,2022,6,27,15,20,79,79005,Airvault,46.827073,-0.182208,Plein jour,Hors agglomération,Hors intersection,Normale,Deux véhicules - frontale,3,2,2,0,1,1,1,0,1,80,2,3,1,0,1,1,51.0,76.0,utilitaire_camion,utilitaire_camion,1,1,1,1,1
202200017764,2022-04-22 03:34:00,2022,4,22,3,34,79,79148,Rue du Marais,46.266869,-0.008261,Nuit sans éclairage public,En agglomération,Hors intersection,Normale,Deux véhicules - frontale,4,2,2,0,2,3,1,0,3,50,2,2,0,0,1,1,31.0,,voiture,,3,2,1,1,1
202200017765,2022-04-20 18:35:00,2022,4,20,18,35,83,83067,rd97,43.348054,6.29765,Plein jour,Hors agglomération,Hors intersection,Pluie légère,Sans collision,3,2,2,0,1,1,2,0,1,80,1,1,0,0,1,0,31.0,,deux_roues,,1,1,1,2,7
202200017766,2022-04-24 00:40:00,2022,4,24,0,40,56,56061,Les Forets,47.736306,-2.153492,Nuit sans éclairage public,Hors agglomération,Hors intersection,Normale,Sans collision,3,2,2,0,2,2,1,0,8,80,1,1,0,0,1,0,26.0,,voiture,,3,1,1,1,7
202200017767,2022-04-24 17:40:00,2022,4,24,17,40,74,74269,RD992,45.970302,5.835671,Plein jour,Hors agglomération,Hors intersection,Pluie légère,Deux véhicules - côté,3,-1,2,0,1,1,2,0,1,80,2,5,2,0,0,3,30.0,56.0,voiture,voiture,1,1,1,2,3
202200017768,2022-06-26 17:00:00,2022,6,26,17,0,80,80417,CD1029,49.873093,2.685642,Plein jour,Hors agglomération,Intersection en X,Normale,Trois véhicules et plus - collisions multiples,3,2,2,0,1,1,1,5,1,80,3,10,7,0,1,2,37.0,23.0,voiture,voiture,1,1,2,1,5
202200017769,2022-04-23 02:43:00,2022,4,23,2,43,65,65258,Route d Arreau,43.116092,0.41056,Nuit avec éclairage allumé,Hors agglomération,Hors intersection,Pluie légère,Autre collision,3,2,2,0,1,1,2,0,3,90,1,1,0,0,0,1,47.0,,voiture,,5,1,1,2,6
202200017770,2022-06-24 16:00:00,2022,6,24,16,0,80,80240,Route de Péronne,49.932039,2.954255,Plein jour,En agglomération,Hors intersection,Normale,Trois véhicules et plus - collisions multiples,3,2,2,0,1,1,1,0,1,70,3,3,1,0,0,2,58.0,38.0,voiture,utilitaire_camion,1,2,1,1,5
202200017771,2022-06-27 08:15:00,2022,6,27,8,15,71,71212,N70,46.601631,4.244258,Plein jour,Hors agglomération,Hors intersection,Pluie légère,Autre collision,2,2,2,0,1,1,2,8,1,70,2,2,1,0,0,1,43.0,55.0,voiture,utilitaire_camion,1,1,1,2,6
202200017772,2022-04-23 22:00:00,2022,4,23,22,0,49,49125,rue de Soulanger,47.19445,-0.297181,Nuit avec éclairage allumé,En agglomération,Intersection en X,Normale,Autre collision,4,2,2,0,1,1,2,0,1,50,2,2,1,0,0,1,28.0,41.0,deux_roues,voiture,5,2,2,1,6
202200017773,2022-06-26 20:50:00,2022,6,26,20,50,71,71161,D60,46.595749,4.015052,Crépuscule ou aube,Hors agglomération,Hors intersection,Pluie forte,Autre collision,3,2,2,0,2,1,2,0,3,80,1,3,1,0,0,2,33.0,,utilitaire_camion,,2,1,1,3,6
202200017774,2022-04-23 02:50:00,2022,4,23,2,50,22,22055,D786,48.634036,-2.824785,Nuit avec éclairage allumé,Hors agglomération,Hors intersection,Normale,Deux véhicules - frontale,3,3,1,0,2,1,1,5,3,70,1,1,0,0,0,1,19.0,,deux_roues,,5,1,1,1,1
202200017775,2022-04-23 20:20:00,2022,4,23,20,20,25,25074,D437,47.179672,6.726122,Crépuscule ou aube,Hors agglomération,Hors intersection,Normale,Autre collision,3,2,3,0,2,3,2,0,3,80,1,2,0,1,0,1,36.0,,voiture,,2,1,1,1,6
202200017776,2022-06-27 08:50:00,2022,6,27,8,50,71,71451,D987,46.204256,4.238156,Plein jour,Hors agglomération,Hors intersection,Normale,Deux véhicules - frontale,3,2,2,0,2,3,2,2,1,80,2,3,1,0,1,1,37.0,20.0,voiture,voiture,1,1,1,1,1
202200017777,2022-04-23 04:23:00,2022,4,23,4,23,44,44005,D751,47.132633,-1.859535,Nuit sans éclairage public,Hors agglomération,Hors intersection,Normale,Sans collision,3,2,2,0,1,1,1,0,3,80,1,1,0,0,1,0,20.0,,voiture,,3,1,1,1,7
202200017778,2022-06-26 14:55:00,2022,6,26,14,55,63,63170,Ballot,45.837269,2.721096,Plein jour,Hors agglomération,Hors intersection,Pluie forte,Deux véhicules - frontale,3,2,2,0,1,3,2,0,1,80,2,3,1,1,1,0,20.0,58.0,voiture,voiture,1,1,1,3,1
202200017779,2022-04-23 18:25:00,2022,4,23,18,25,29,29274,Lieu Dit Toul Ar C Hoat,47.994144,-3.721554,Crépuscule ou aube,Hors agglomération,Hors intersection,Temps éblouissant,Deux véhicules - côté,4,2,2,0,3,1,1,0,1,70,2,4,2,0,2,0,48.0,53.0,voiture,deux_roues,2,1,1,7,3
202200017780,2022-06-24 15:50:00,2022,6,24,15,50,61,61214,Avenue du Mont Saint Michel,48.757292,0.607349,Plein jour,Hors agglomération,Hors intersection,Normale,Autre collision,4,2,2,0,1,3,1,0,1,70,1,2,1,0,0,1,37.0,,voiture,,1,1,1,1,6
202200017781,2022-04-24 04:25:00,2022,4,24,4,25,02,02061,306 Rue d'En Bas,50.012249,3.469525,Nuit sans éclairage public,Hors agglomération,Hors intersection,Normale,Autre collision,4,2,2,0,1,1,1,0,3,30,1,1,0,0,1,0,20.0,,deux_roues,,3,1,1,1,6
202200017782,2022-04-23 15:50:00,2022,4,23,15,50,14,14193,Chemin de la Cannerie,49.116707,0.356165,Plein jour,Hors agglomération,Intersection en T,Normale,Deux véhicules - frontale,4,2,1,0,2,3,1,0,1,50,2,2,1,0,0,1,56.0,20.0,voiture,deux_roues,1,1,3,1,1
202200017783,2022-06-27 14:55:00,2022,6,27,14,55,55,55146,D123,49.312589,5.252495,Plein jour,Hors agglomération,Hors intersection,Temps couvert,Autre collision,3,2,2,0,1,1,1,0,1,80,2,2,1,0,0,1,33.0,72.0,voiture,deux_roues,1,1,1,8,6
202200017784,2022-04-23 15:30:00,2022,4,23,15,30,50,50031,Avenue de la République,49.379338,-1.785107,Plein jour,En agglomération,Place,Normale,Deux véhicules - arrière,3,2,2,0,1,1,1,0,1,50,2,2,1,0,1,0,72.0,50.0,voiture,deux_roues,1,2,7,1,2
202200017785,2022-06-25 15:51:00,2022,6,25,15,51,42,42222,Chemin des Moulins,45.597892,4.344454,Plein jour,Hors agglomération,Hors intersection,Normale,Autre collision,4,2,1,0,2,3,1,0,3,80,1,4,0,0,1,3,19.0,,utilitaire_camion,,1,1,1,1,6
202200017786,2022-04-24 00:30:00,2022,4,24,0,30,45,45296,D955 PR 16 + 255,47.988399,1.73142,Nuit sans éclairage public,Hors agglomération,Hors intersection,Pluie forte,Autre collision,3,2,2,0,1,2,2,0,3,90,1,3,1,0,1,1,27.0,,voiture,,3,1,1,3,6
202200017787,2022-06-02 20:00:00,2022,6,2,20,0,41,41198,Rue Maurice Berteaux,47.267574,1.378291,Plein jour,En agglomération,Hors intersection,Normale,Autre collision,3,2,2,0,1,3,1,0,1,50,1,1,0,0,1,0,24.0,,deux_roues,,1,2,1,1,6
202200017788,2022-06-22 06:00:00,2022,6,22,6,0,68,68183,D9b,47.503395,7.446386,Crépuscule ou aube,Hors agglomération,Hors intersection,Pluie légère,Sans collision,3,2,2,0,2,4,2,0,3,80,1,1,0,0,0,1,28.0,,voiture,,2,1,1,2,7
202200017789,2022-04-24 18:45:00,2022,4,24,18,45,18,18121,,46.920739,2.653515,Plein jour,Hors agglomération,Intersection en X,Normale,Deux véhicules - côté,3,2,1,0,1,1,1,5,1,90,2,4,2,0,2,0,67.0,46.0,voiture,deux_roues,1,1,2,1,3
202200017790,2022-06-26 11:30:00,2022,6,26,11,30,22,22194,Rue de Poul Guillou,48.659353,-3.625408,Plein jour,En agglomération,Hors intersection,Normale,Deux véhicules - côté,4,2,2,0,1,1,1,0,1,50,2,2,1,0,0,1,66.0,66.0,deux_roues,voiture,1,2,1,1,3
202200017791,2022-04-24 19:30:00,2022,4,24,19,30,36,36088,1 Rue Saint-martin,46.945073,1.996038,Crépuscule ou aube,En agglomération,Intersection à plus de 4 branches,Pluie légère,Deux véhicules - côté,4,2,2,0,4,1,2,5,1,50,2,3,1,0,1,1,55.0,16.0,voiture,deux_roues,2,2,5,2,3
202200017792,2022-06-26 18:52:00,2022,6,26,18,52,25,25463,Rue d Alsace,47.400023,6.766586,Plein jour,En agglomération,Hors intersection,Normale,Deux véhicules - frontale,3,2,2,0,2,3,1,0,1,50,2,4,0,0,1,3,54.0,33.0,voiture,voiture,1,2,1,1,1
202200017793,2022-06-24 15:23:00,2022,6,24,15,23,29,29061,Boulevard Gabriel Lippmann,48.428416265,-4.4537168741,Plein jour,En agglomération,Giratoire,Pluie légère,Deux véhicules - côté,4,2,2,0,1,1,2,5,8,50,2,2,1,0,0,1,36.0,44.0,deux_roues,utilitaire_camion,1,2,6,2,3
202200017794,2022-04-22 22:30:00,2022,4,22,22,30,28,28335,D941,48.4417,1.025763,Nuit sans éclairage public,Hors agglomération,Hors intersection,Normale,Deux véhicules - côté,3,2,2,0,1,1,1,0,3,80,2,6,5,0,1,0,23.0,53.0,voiture,voiture,3,1,1,1,3
202200017795,2022-06-27 17:20:00,2022,6,27,17,20,29,29158,D53 - Rue Leuker Kerameil,47.81742,-4.361277,Plein jour,Hors agglomération,Intersection en T,Normale,Deux véhicules - côté,3,2,2,0,1,1,1,0,1,80,2,2,1,0,0,1,82.0,46.0,voiture,deux_roues,1,1,3,1,3
202200017796,2022-06-27 08:30:00,2022,6,27,8,30,02,02341,,49.817479,3.875588,Plein jour,Hors agglomération,Hors intersection,Normale,Trois véhicules et plus - collisions multiples,2,2,2,0,1,1,1,0,1,70,3,4,0,0,2,2,35.0,23.0,voiture,voiture,1,1,1,1,5
202200017797,2022-06-27 19:50:00,2022,6,27,19,50,03,03148,Route du Pavillon,46.27515,3.335853,Plein jour,Hors agglomération,Intersection en X,Normale,Deux véhicules - côté,3,2,2,0,1,1,1,0,1,90,2,2,0,0,1,1,20.0,44.0,voiture,voiture,1,1,2,1,3
202200017798,2022-04-24 04:00:00,2022,4,24,4,0,73,73151,"Autoroute A41s, PK 039.800",45.480415,6.020937,Nuit sans éclairage public,Hors agglomération,Hors intersection,Temps couvert,Autre collision,1,3,5,0,1,1,2,0,3,130,1,1,0,1,0,0,36.0,,voiture,,3,1,1,8,6
202200017799,2022-04-23 15:30:00,2022,4,23,15,30,69,69044,Avenue des Thermes,45.785291,4.734212,Plein jour,En agglomération,Intersection en T,Temps couvert,Deux véhicules - côté,4,2,2,2,1,1,1,0,1,50,2,2,1,0,0,1,23.0,60.0,deux_roues,voiture,1,2,3,8,3
202200017800,2022-06-26 13:55:00,2022,6,26,13,55,01,01230,Route de Chouly,46.430888,5.094175,Plein jour,Hors agglomération,Hors intersection,Normale,Deux véhicules - frontale,4,2,1,0,1,2,1,0,1,80,2,4,1,0,3,0,40.0,22.0,voiture,voiture,1,1,1,1,1
202200017801,2022-06-25 17:30:00,2022,6,25,17,30,58,58062,Place paul bérégovoy,47.058951,3.935528,Plein jour,En agglomération,Giratoire,Pluie légère,Autre collision,3,2,2,0,1,2,2,0,1,50,1,1,0,0,0,1,15.0,,deux_roues,,1,2,6,2,6