accident_id,datetime,annee,mois,jour,heure,minute,departement,commune_insee,adresse,latitude,longitude,luminosite,agglomeration,intersection,meteo,collision,catr,circ,nbv,vosp,prof,plan,surf,infra,situ,vma,nb_vehicules,nb_usagers,nb_indemnes,nb_tues,nb_blesses_hosp,nb_blesses_legers,age_cond_1,age_cond_2,veh_type_cond_1,veh_type_cond_2,lum_code,agg_code,int_code,atm_code,col_code
202200017802,2022-04-24 10:00:00,2022,4,24,10,0,86,86280,A10,46.944393,0.546848,Plein jour,Hors agglomération,Hors intersection,Pluie légère,Deux véhicules - arrière,1,3,2,0,4,1,2,0,1,130,2,3,1,0,2,0,38.0,75.0,voiture,voiture,1,1,1,2,2
202200017803,2022-04-23 18:30:00,2022,4,23,18,30,974,97415,N1a,-21.020859,55.233958,Crépuscule ou aube,Hors agglomération,Hors intersection,Normale,Deux véhicules - frontale,2,2,2,0,1,3,1,0,1,70,2,6,0,1,4,1,38.0,20.0,voiture,voiture,2,1,1,1,1
202200017804,2022-06-26 17:20:00,2022,6,26,17,20,73,73010,D1201 - 1131 Rue du Revard,45.775651,5.942894,Plein jour,Hors agglomération,Hors intersection,Normale,Autre collision,3,2,2,0,1,3,1,0,8,80,1,2,0,0,2,0,59.0,,voiture,,1,1,1,1,6
202200017805,2022-04-23 21:15:00,2022,4,23,21,15,77,77336,D96,48.792659,2.822607,Nuit sans éclairage public,Hors agglomération,Hors intersection,Normale,Autre collision,3,2,2,0,1,2,1,0,8,80,1,1,0,0,1,0,41.0,,voiture,,3,1,1,1,6
202200017806,2022-06-26 16:45:00,2022,6,26,16,45,16,16062,D24,45.425193,-0.053831,Plein jour,Hors agglomération,Hors intersection,Pluie légère,Autre collision,3,2,2,0,4,3,2,0,3,80,1,1,0,0,0,1,38.0,,deux_roues,,1,1,1,2,6
202200017807,2022-04-24 14:50:00,2022,4,24,14,50,2B,2B059,RT 30,42.491656,9.187022,Plein jour,Hors agglomération,Hors intersection,Pluie légère,Deux véhicules - côté,2,2,2,0,1,3,2,0,3,80,1,1,0,1,0,0,32.0,,voiture,,1,1,1,2,3
202200017808,2022-06-26 18:00:00,2022,6,26,18,0,04,04208,RD 51,43.978858,5.584745,Plein jour,Hors agglomération,Hors intersection,Normale,Sans collision,3,2,2,0,2,3,1,0,3,80,1,2,0,0,0,2,28.0,,voiture,,1,1,1,1,7
202200017809,2022-04-24 10:00:00,2022,4,24,10,0,88,88321,515 Rue Maurice Barres,48.345237,5.69323,Plein jour,En agglomération,Hors intersection,Normale,Sans collision,3,2,2,0,2,1,1,0,1,50,1,1,0,1,0,0,91.0,,voiture,,1,2,1,1,7
202200017810,2022-06-27 10:10:00,2022,6,27,10,10,08,08038,Rue de Château,49.477003,4.24215,Plein jour,En agglomération,Intersection en X,Temps couvert,Deux véhicules - côté,3,2,2,0,1,1,1,0,1,50,2,3,2,0,0,1,36.0,22.0,voiture,utilitaire_camion,1,2,2,8,3
202200017811,2022-04-21 15:40:00,2022,4,21,15,40,44,44110,Route d’héric,47.436274,-1.506994,Plein jour,En agglomération,Hors intersection,Normale,Deux véhicules - arrière,3,2,1,0,1,1,1,0,1,30,2,2,1,0,1,0,18.0,69.0,deux_roues,utilitaire_camion,1,2,1,1,2
202200017812,2022-04-22 16:15:00,2022,4,22,16,15,69,69006,Route de Ronno,45.9736395404,4.3590357566,Plein jour,Hors agglomération,Hors intersection,Normale,Deux véhicules - côté,3,2,2,2,1,1,1,0,1,90,2,2,1,0,0,1,62.0,59.0,deux_roues,voiture,1,1,1,1,3
202200017813,2022-06-26 19:30:00,2022,6,26,19,30,03,03031,Autoroute 71 PK 295+700,46.385914,2.720404,Plein jour,Hors agglomération,Autre intersection,Pluie forte,Autre collision,1,3,4,0,1,2,2,0,2,110,1,2,1,0,1,0,56.0,,voiture,,1,1,9,3,6
202200017814,2022-04-23 17:30:00,2022,4,23,17,30,29,29087,D765 ,48.059811,-4.274674,Plein jour,Hors agglomération,Hors intersection,Normale,Autre collision,3,3,4,0,1,1,1,0,1,90,1,1,0,0,0,1,32.0,,deux_roues,,1,1,1,1,6
202200017815,2022-04-23 12:05:00,2022,4,23,12,5,27,27016,Route de Paix,49.253804,1.415573,Plein jour,Hors agglomération,Hors intersection,Temps éblouissant,Deux véhicules - frontale,3,2,2,0,1,3,1,0,1,70,2,2,0,0,2,0,54.0,44.0,voiture,voiture,1,1,1,7,1
202200017816,2022-06-24 13:00:00,2022,6,24,13,0,37,37281,D142,47.405477,0.805387,Plein jour,Hors agglomération,Hors intersection,Normale,Trois véhicules et plus - collisions multiples,3,2,2,0,2,3,1,0,1,70,3,4,1,0,0,3,49.0,79.0,utilitaire_camion,voiture,1,1,1,1,5
202200017817,2022-04-24 17:20:00,2022,4,24,17,20,60,60446,CD136,49.1540184688,2.8135857581,Plein jour,Hors agglomération,Hors intersection,Normale,Autre collision,3,2,2,0,1,1,1,0,3,80,1,1,0,0,1,0,21.0,,voiture,,1,1,1,1,6
202200017818,2022-06-26 15:45:00,2022,6,26,15,45,82,82124,D958,44.01759,1.300512,Plein jour,Hors agglomération,Autre intersection,Normale,Sans collision,3,2,2,0,1,1,1,9,1,80,1,3,2,0,0,1,21.0,,voiture,,1,1,9,1,7
202200017819,2022-06-27 04:00:00,2022,6,27,4,0,68,68118,A35,47.713212,7.437202,Nuit sans éclairage public,Hors agglomération,Hors intersection,Pluie forte,Deux véhicules - arrière,1,3,4,0,1,1,2,0,1,130,2,2,1,0,1,0,30.0,23.0,voiture,voiture,3,1,1,3,2
202200017820,2022-04-23 21:20:00,2022,4,23,21,20,60,60628,N31,49.424735865,2.1420035361,Nuit sans éclairage public,Hors agglomération,Hors intersection,Normale,Deux véhicules - arrière,2,3,4,0,1,1,2,0,1,110,2,4,0,0,1,3,57.0,45.0,voiture,voiture,3,1,1,1,2
202200017821,2022-06-26 05:00:00,2022,6,26,5,0,13,13001,A8 Pk 019.400,43.517498,5.431108,Crépuscule ou aube,Hors agglomération,Hors intersection,Normale,Deux véhicules - arrière,1,3,5,0,1,1,1,3,1,130,2,2,1,0,0,1,30.0,49.0,voiture,voiture,2,1,1,1,2
202200017822,2022-04-24 00:30:00,2022,4,24,0,30,80,80561,Rue Gouilliart,49.649612,2.570007,Nuit avec éclairage allumé,En agglomération,Hors intersection,Normale,Autre collision,3,2,2,0,1,1,1,0,1,50,1,2,1,0,0,1,41.0,,voiture,,5,2,1,1,6
202200017823,2022-06-27 16:49:00,2022,6,27,16,49,51,51211,A4,49.0775673379,4.8266243935,Plein jour,Hors agglomération,Hors intersection,Normale,Sans collision,1,3,2,0,1,2,1,0,3,130,1,1,0,1,0,0,78.0,,voiture,,1,1,1,1,7
202200017824,2022-06-27 03:30:00,2022,6,27,3,30,38,38553,autoroute a43 pk025.000 - direction LYON,45.630725,5.164433,Nuit sans éclairage public,Hors agglomération,Hors intersection,Normale,Deux véhicules - arrière,1,1,3,0,1,1,1,0,1,130,2,3,1,0,1,1,31.0,39.0,utilitaire_camion,utilitaire_camion,3,1,1,1,2
202200017825,2022-04-20 14:35:00,2022,4,20,14,35,83,83129,A50,43.12038,5.84492,Plein jour,Hors agglomération,Hors intersection,Pluie légère,Deux véhicules - arrière,1,3,6,0,1,1,2,0,1,110,2,2,0,0,0,2,34.0,23.0,voiture,voiture,1,1,1,2,2
202200017826,2022-06-26 03:00:00,2022,6,26,3,0,987,98722,"PK 35,500 c/mont - District de Hitiaa",-17.592,-149.391,Nuit sans éclairage public,En agglomération,Hors intersection,Normale,Deux véhicules - frontale,2,2,2,0,1,1,1,0,3,60,1,1,0,1,0,0,28.0,,voiture,,3,2,1,1,1
202200017827,2022-04-22 15:00:00,2022,4,22,15,0,91,91549,RN 104,48.62561,2.33774,Plein jour,Hors agglomération,Hors intersection,Normale,Deux véhicules - arrière,2,3,2,0,1,1,1,0,1,110,2,2,1,0,0,1,27.0,40.0,voiture,voiture,1,1,1,1,2
202200017828,2022-06-25 23:30:00,2022,6,25,23,30,972,97230,Parc de stationnement Quai ROCHE - 40 Rue Joseph Lagrosilliere  -,14.74285,-60.962942,Nuit sans éclairage public,En agglomération,Autre intersection,Temps couvert,Autre collision,6,-1, -1,0,1,1,1,0,8,10,2,4,1,0,1,2,38.0,,voiture,,3,2,9,8,6
202200017829,2022-04-22 16:23:00,2022,4,22,16,23,91,91174,RN 104,48.61902,2.45833,Plein jour,Hors agglomération,Hors intersection,Normale,Trois véhicules et plus - collisions multiples,2,1,3,0,1,1,1,0,1,90,3,3,2,0,0,1,61.0,31.0,voiture,utilitaire_camion,1,1,1,1,5
202200017830,2022-04-22 07:50:00,2022,4,22,7,50,78,78490,RN12 INT,48.80161,1.94499,Plein jour,Hors agglomération,Hors intersection,Normale,Autre collision,2,3,2,0,1,1,1,0,1,110,1,1,0,0,0,1,29.0,,voiture,,1,1,1,1,6
202200017831,2022-06-26 17:27:00,2022,6,26,17,27,77,77273,D401 / D41,49.044911,2.761071,Plein jour,Hors agglomération,Intersection en T,Normale,Deux véhicules - frontale,3,2,2,0,1,1,1,0,1,80,2,3,0,0,1,2,86.0,53.0,voiture,voiture,1,1,3,1,1
202200017832,2022-06-26 21:34:00,2022,6,26,21,34,95,95675,RD 317,49.05954,2.520542,Nuit sans éclairage public,Hors agglomération,Hors intersection,Normale,Autre collision,3,2,3,0,1,1,1,0,3,80,1,1,0,0,0,1,32.0,,voiture,,3,1,1,1,6
202200017833,2022-04-21 09:15:00,2022,4,21,9,15,92,92072,N118,48.8240584102,2.2215897809,Plein jour,Hors agglomération,Hors intersection,Normale,Trois véhicules et plus - en chaîne,2,3,2,0,2,2,1,0,1,70,3,3,1,0,0,2,44.0,49.0,voiture,deux_roues,1,1,1,1,4
202200017834,2022-04-22 18:20:00,2022,4,22,18,20,95,95572,RN 184,49.03682,2.12135,Plein jour,Hors agglomération,Hors intersection,Normale,Autre collision,2,3,4,0,1,1,1,0,1,90,1,1,0,0,0,1,19.0,,voiture,,1,1,1,1,6
202200017835,2022-06-26 15:40:00,2022,6,26,15,40,95,95641,RD 16,49.065575,2.564836,Plein jour,Hors agglomération,Hors intersection,Normale,Deux véhicules - côté,3,2,3,3,3,1,1,0,1,70,2,2,0,1,0,1,53.0,42.0,deux_roues,voiture,1,1,1,1,3
202200017836,2022-06-25 18:50:00,2022,6,25,18,50,2B,2B168,Oriniccio,42.6221165417,8.949906528,Plein jour,En agglomération,Hors intersection,Temps éblouissant,Sans collision,3,2,2,0,3,1,1,0,1,50,1,2,1,0,1,0,71.0,,deux_roues,,1,2,1,7,7
202200017837,2022-04-18 01:05:00,2022,4,18,1,5,77,77053,RN104,48.687306,2.5968,Nuit sans éclairage public,Hors agglomération,Hors intersection,Normale,Deux véhicules - côté,2,2,2,0,1,1,1,0,1,110,2,2,0,0,0,2,23.0,29.0,voiture,voiture,3,1,1,1,3
202200017838,2022-06-21 19:00:00,2022,6,21,19,0,11,11254,,43.191958,2.111177,Crépuscule ou aube,Hors agglomération,Hors intersection,Pluie forte,Autre collision,3,2,2,0,1,1,2,0,3,80,1,3,0,0,1,2,18.0,,voiture,,2,1,1,3,6
202200017839,2022-04-20 20:05:00,2022,4,20,20,5,974,97416,PASTEUR (RUE),-21.2841,55.4714,Nuit sans éclairage public,En agglomération,Autre intersection,Normale,Deux véhicules - côté,4,2,2,0,1,1,1,0,1,50,2,3,1,0,0,2,38.0,24.0,deux_roues,utilitaire_camion,3,2,9,1,3
202200017840,2022-04-21 12:30:00,2022,4,21,12,30,974,97416,VERGES (AVENUE LAURENT),-21.29693,55.46005,Plein jour,En agglomération,Hors intersection,Normale,Deux véhicules - côté,4,2,2,0,2,1,1,0,1,50,2,2,1,0,1,0,19.0,20.0,deux_roues,voiture,1,2,1,1,3
202200017841,2022-06-27 17:10:00,2022,6,27,17,10,83,83023,Route nationale 7,43.3579182984,6.0921764374,Plein jour,Hors agglomération,Intersection en T,Normale,Deux véhicules - côté,3,2,1,0,1,1,1,0,1,80,2,4,3,0,1,0,57.0,36.0,deux_roues,voiture,1,1,3,1,3
202200017842,2022-04-20 10:00:00,2022,4,20,10,0,974,97416,BOIS NOIRS (ALLEE DES) (2),-21.29308,55.45108,Plein jour,En agglomération,Hors intersection,Normale,Deux véhicules - côté,3,2,2,0,1,1,1,0,1,50,2,2,1,0,0,1,35.0,31.0,deux_roues,voiture,1,2,1,1,3
202200017843,2022-06-27 17:00:00,2022,6,27,17,0,05,05177,route des grandes alpes,44.551763,6.700394,Plein jour,Hors agglomération,Hors intersection,Normale,Deux véhicules - côté,3,2,2,0,2,3,1,0,1,80,2,2,1,0,1,0,38.0,20.0,deux_roues,deux_roues,1,1,1,1,3
202200017844,2022-06-26 11:35:00,2022,6,26,11,35,68,68171,D13 bis,47.941446,6.961727,Plein jour,Hors agglomération,Hors intersection,Pluie légère,Sans collision,3,2,2,0,1,1,2,0,3,80,1,2,0,0,1,1,55.0,,voiture,,1,1,1,2,7
202200017845,2022-04-21 20:30:00,2022,4,21,20,30,973,97302,MONTABO (ROUTE DE) 2,4.94454,-52.31064,Nuit avec éclairage allumé,En agglomération,Hors intersection,Normale,Deux véhicules - côté,3,2,2,0,1,1,2,0,1,50,2,3,1,0,0,2,20.0,35.0,voiture,utilitaire_camion,5,2,1,1,3
202200017846,2022-06-26 20:30:00,2022,6,26,20,30,68,68247,D27,47.940842,7.007561,Crépuscule ou aube,Hors agglomération,Hors intersection,Normale,Sans collision,3,2,2,0,2,2,1,0,8,70,1,1,0,0,0,1,41.0,,deux_roues,,2,1,1,1,7
202200017847,2022-04-21 18:35:00,2022,4,21,18,35,973,97302,RABAN (ROUTE DE),4.92421,-52.31241,Crépuscule ou aube,En agglomération,Hors intersection,Pluie légère,Deux véhicules - côté,4,2,2,0,1,1,2,0,1,50,2,3,2,0,0,1,,22.0,deux_roues,voiture,2,2,1,2,3
202200017848,2022-06-26 23:45:00,2022,6,26,23,45,38,38557,route de villette,45.766808,5.088118,Nuit sans éclairage public,Hors agglomération,Hors intersection,Normale,Sans collision,3,2,2,0,1,3,1,0,3,80,1,1,0,0,1,0,25.0,,voiture,,3,1,1,1,7
202200017849,2022-06-26 18:51:00,2022,6,26,18,51,38,38059,4799 D5,45.108522,5.790042,Plein jour,Hors agglomération,Hors intersection,Normale,Deux véhicules - côté,7,2,2,0,2,1,1,0,1,70,2,2,0,0,1,1,26.0,62.0,deux_roues,deux_roues,1,1,1,1,3
202200017850,2022-04-21 20:40:00,2022,4,21,20,40,69,69387,Cours Gambetta,45.7552276786,4.8430368304,Nuit avec éclairage allumé,En agglomération,Intersection en Y,Normale,Autre collision,4,2,4,2,1,1,1,0,5,50,1,1,0,0,0,1,24.0,,deux_roues,,5,2,4,1,6
202200017851,2022-06-26 17:40:00,2022,6,26,17,40,01,01249,Rue Joseph Carre,45.825683,4.953723,Plein jour,En agglomération,Autre intersection,Normale,Autre collision,3,2,2,0,4,1,1,9,1,50,1,2,0,0,0,2,28.0,,deux_roues,,1,2,9,1,6
202200017852,2022-04-21 17:25:00,2022,4,21,17,25,69,69259,Avenue Jacques Duclos,45.69737,4.89095,Plein jour,En agglomération,Giratoire,Normale,Deux véhicules - côté,4,2,2,2,1,1,1,0,1,50,2,5,4,0,0,1,31.0,22.0,voiture,voiture,1,2,6,1,3
202200017853,2022-06-27 16:20:00,2022,6,27,16,20,81,81131,Route d Albi,43.893045,2.002816,Plein jour,En agglomération,Intersection en X,Normale,Deux véhicules - côté,3,2,2,0,1,1,2,0,1,80,2,3,0,0,2,1,23.0,88.0,voiture,voiture,1,2,2,1,3
202200017854,2022-04-21 16:25:00,2022,4,21,16,25,69,69383,Quai Victor Augagneur,45.75837,4.84086,Plein jour,En agglomération,Intersection en T,Normale,Autre collision,4,1,3,1,1,1,1,0,1,30,1,2,1,0,0,1,,,voiture,,1,2,3,1,6
202200017855,2022-06-25 09:59:00,2022,6,25,9,59,50,50099,8 Route de Saint-Côme,49.306773,-1.252447,Plein jour,En agglomération,Hors intersection,Normale,Deux véhicules - frontale,3,2,2,0,1,1,1,0,1,50,2,2,1,0,1,0,66.0,70.0,voiture,deux_roues,1,2,1,1,1
202200017856,2022-04-21 06:15:00,2022,4,21,6,15,972,97209,GENERAL DE GAULLE (BLD DU),14.6067,-61.06692,Plein jour,En agglomération,Hors intersection,Pluie légère,Autre collision,4,1,2,0,1,1,2,0,1,50,1,2,1,0,0,1,59.0,,voiture,,1,2,1,2,6
202200017857,2022-06-27 07:05:00,2022,6,27,7,5,35,35253,Rue de Rennes,48.261324,-1.404228,Plein jour,En agglomération,Intersection en X,Temps éblouissant,Deux véhicules - frontale,3,2,2,0,3,2,1,0,1,50,2,2,1,0,1,0,47.0,55.0,deux_roues,utilitaire_camion,1,2,2,7,1
202200017858,2022-04-20 06:30:00,2022,4,20,6,30,972,97209,BALATA (ROUTE DE),14.66346,-61.08586,Plein jour,En agglomération,Hors intersection,Pluie légère,Deux véhicules - frontale,2,2,2,0,2,2,2,0,1,50,2,5,2,0,0,3,53.0,39.0,voiture,transport_commun,1,2,1,2,1
202200017859,2022-06-26 22:40:00,2022,6,26,22,40,60,60450,D46,49.2083560284,2.2765946387,Nuit sans éclairage public,Hors agglomération,Hors intersection,Normale,Sans collision,3,2,2,0,1,1,1,0,1,80,1,1,0,0,0,1,36.0,,voiture,,3,1,1,1,7
202200017860,2022-04-21 16:10:00,2022,4,21,16,10,69,69149,93 Grande Rue,45.7155613847,4.8088252544,Plein jour,En agglomération,Intersection en X,Normale,Deux véhicules - côté,7,2,2,0,2,1,1,0,1,30,2,2,1,0,0,1,25.0,42.0,utilitaire_camion,deux_roues,1,2,2,1,3
202200017861,2022-06-24 17:45:00,2022,6,24,17,45,80,80685,D1017,49.696568,2.80647,Plein jour,Hors agglomération,Intersection en T,Normale,Deux véhicules - côté,3,2,2,0,1,1,1,0,1,80,2,3,2,0,0,1,32.0,34.0,voiture,voiture,1,1,3,1,3
202200017862,2022-06-27 07:35:00,2022,6,27,7,35,80,80721,D940,50.179303,1.604948,Plein jour,Hors agglomération,Hors intersection,Pluie légère,Deux véhicules - frontale,3,2,2,0,1,1,2,0,1,80,2,2,1,1,0,0,59.0,43.0,utilitaire_camion,voiture,1,1,1,2,1
202200017863,2022-04-20 13:36:00,2022,4,20,13,36,69,69381,Quai André Lassagne,45.77193,4.83831,Plein jour,En agglomération,Hors intersection,Normale,Trois véhicules et plus - en chaîne,4,2,8,3,1,1,1,0,1,50,3,3,1,0,0,2,50.0,22.0,voiture,voiture,1,2,1,1,4
202200017864,2022-06-24 13:35:00,2022,6,24,13,35,59,59615,32 Rue de la Gare,50.696088,2.643937,Plein jour,En agglomération,Hors intersection,Normale,Autre collision,3,2,2,0,1,1,1,0,1,30,1,2,1,0,0,1,58.0,,utilitaire_camion,,1,2,1,1,6
202200017865,2022-06-26 14:25:00,2022,6,26,14,25,13,13201,TVPCM-Sens Saint Victor vers Les Ports,43.293731803,5.3644279802,Plein jour,Hors agglomération,Hors intersection,Normale,Sans collision,4,-1,2,0,1,1,1,1,1,70,1,1,0,0,1,0,64.0,,deux_roues,,1,1,1,1,7
202200017866,2022-04-21 16:10:00,2022,4,21,16,10,2B,2B120,11 - RT,42.649,9.44,Plein jour,Hors agglomération,Hors intersection,Pluie légère,Trois véhicules et plus - en chaîne,2,3,4,0,2,1,2,0,1,70,4,5,2,0,0,3,21.0,50.0,voiture,voiture,1,1,1,2,4
202200017867,2022-04-21 14:00:00,2022,4,21,14,0,971,97120,VILLE D'ORLY (RUE DE LA),16.246050466,-61.5416094661,Plein jour,En agglomération,Hors intersection,Normale,Autre collision,4,2,2,0,1,1,1,0,1,50,1,1,0,0,0,1,74.0,,voiture,,1,2,1,1,6
202200017868,2022-04-21 16:15:00,2022,4,21,16,15,95,95572,Rue d’Epluches,49.0584387198,2.1257579327,Plein jour,En agglomération,Hors intersection,Normale,Deux véhicules - côté,4,2,2,1,1,1,1,0,1,50,2,2,1,0,1,0,71.0,24.0,voiture,deux_roues,1,2,1,1,3
202200017869,2022-06-25 18:30:00,2022,6,25,18,30,13,13202,A55-Sens Marseille vers Martigues,43.3168666606,5.3644070337,Plein jour,Hors agglomération,Hors intersection,Normale,Trois véhicules et plus - en chaîne,1,3,3,0,2,1,1,0,1,90,4,6,3,0,0,3,56.0,47.0,voiture,voiture,1,1,1,1,4
202200017870,2022-04-16 20:45:00,2022,4,16,20,45,91,91201,BD HENRI BARBUSSE,48.69057,2.41129,Nuit avec éclairage allumé,En agglomération,Hors intersection,Normale,Deux véhicules - côté,3,2,0,0,1,1,1,0,1,50,2,2,1,0,0,1,53.0,47.0,deux_roues,voiture,5,2,1,1,3
202200017871,2022-06-25 17:16:00,2022,6,25,17,16,13,13214,A507 sens Aubagne- Marseille,43.3299667624,5.4035,Plein jour,Hors agglomération,Hors intersection,Normale,Deux véhicules - côté,1,1,3,0,1,1,1,1,1,70,1,1,0,0,0,1,25.0,,deux_roues,,1,1,1,1,3
202200017872,2022-06-24 17:30:00,2022,6,24,17,30,13,13215,A7-Sens Marseille vers Lyon,43.358188398,5.3626914472,Plein jour,Hors agglomération,Hors intersection,Normale,Deux véhicules - côté,1,-1,3,0,1,1,1,0,1,90,2,2,1,0,0,1,52.0,45.0,deux_roues,utilitaire_camion,1,1,1,1,3
202200017873,2022-06-24 18:30:00,2022,6,24,18,30,69,69266,Viaduc de la Feyssine,45.79312,4.8799,Plein jour,Hors agglomération,Hors intersection,Normale,Deux véhicules - arrière,7,3,6,0,1,3,1,2,1,70,2,2,1,0,0,1,46.0,21.0,voiture,voiture,1,1,1,1,2
202200017874,2022-04-20 07:49:00,2022,4,20,7,49,87,87085,SAINT MARTIAL (QUAI),45.82114,1.26296,Plein jour,En agglomération,Intersection en X,Pluie légère,Deux véhicules - côté,2,3,5,0,1,1,2,5,1,50,2,2,0,0,0,2,27.0,21.0,voiture,voiture,1,2,2,2,3
202200017875,2022-06-26 00:00:00,2022,6,26,0,0,33,33122,AUTOROUTE A 63,44.745915,-0.701247,Nuit sans éclairage public,Hors agglomération,Hors intersection,Normale,Sans collision,1,1,1,0,1,3,1,3,1,50,1,1,0,0,0,1,88.0,,voiture,,3,1,1,1,7
202200017876,2022-04-21 17:50:00,2022,4,21,17,50,78,78551,ROUTE NATIONALE 13,48.88664,2.09238,Plein jour,Hors agglomération,Hors intersection,Normale,Deux véhicules - côté,2,1,2,0,2,1,1,0,1,70,2,2,1,0,0,1,35.0,32.0,deux_roues,voiture,1,1,1,1,3
202200017877,2022-06-26 16:55:00,2022,6,26,16,55,92,92062,A14,48.893157495,2.2336139391,Plein jour,Hors agglomération,Hors intersection,Normale,Autre collision,1,-1,3,0,1,1,1,1,1,70,1,1,0,0,0,1,32.0,,autre,,1,1,1,1,6
202200017878,2022-06-26 18:20:00,2022,6,26,18,20,93,93007,AUTOROUTE A1,48.94785,2.44393,Plein jour,Hors agglomération,Hors intersection,Normale,Deux véhicules - côté,1,3,0,0,1,1,1,1,1,90,2,3,2,0,0,1,47.0,46.0,voiture,voiture,1,1,1,1,3
202200017879,2022-04-21 14:40:00,2022,4,21,14,40,77,77276,D436A,48.93909,2.87938,Plein jour,En agglomération,Hors intersection,Normale,Deux véhicules - côté,3,2,2,0,2,1,1,0,1,50,2,3,1,0,1,1,24.0,18.0,voiture,deux_roues,1,2,1,1,3
202200017880,2022-06-26 15:30:00,2022,6,26,15,30,93,93005,AUTOROUTE A3,48.9602419884,2.4733228737,Plein jour,Hors agglomération,Hors intersection,Normale,Deux véhicules - arrière,1,3,2,0,1,1,1,0,1,70,2,5,2,0,0,3,31.0,24.0,voiture,voiture,1,1,1,1,2
202200017881,2022-06-26 15:45:00,2022,6,26,15,45,95,95306, A15,48.9960110154,2.1812689304,Plein jour,Hors agglomération,Hors intersection,Normale,Autre collision,1,3,6,0,1,1,1,0,1,110,1,2,0,0,0,2,24.0,,voiture,,1,1,1,1,6
202200017882,2022-04-21 13:45:00,2022,4,21,13,45,77,77186,D606 / D210,48.41329,2.70621,Plein jour,En agglomération,Intersection en X,Normale,Deux véhicules - frontale,3,2,4,0,1,1,1,5,1,50,2,6,5,0,0,1,23.0,26.0,voiture,deux_roues,1,2,2,1,1
202200017883,2022-01-24 14:00:00,2022,1,24,14,0,73,73008,ROCHE DU ROI BOULEVARD DE LA,45.681611868,5.9138622891,Plein jour,En agglomération,Hors intersection,Normale,Deux véhicules - côté,4,-1,2,0,2,1,1,0,1,50,2,2,1,0,0,1,52.0,,voiture,voiture,1,2,1,1,3
202200017884,2022-04-21 21:15:00,2022,4,21,21,15,71,71270,Rue Simone Veil,46.3261843834,4.8280996084,Nuit avec éclairage allumé,En agglomération,Intersection en X,Normale,Deux véhicules - côté,4,2,2,1,1,1,1,0,1,30,2,2,1,0,1,0,18.0,22.0,deux_roues,voiture,5,2,2,1,3
202200017885,2022-06-24 22:15:00,2022,6,24,22,15,972,97209,RD 41,14.61358,-61.06442,Nuit sans éclairage public,Hors agglomération,Hors intersection,Pluie légère,Deux véhicules - arrière,3,1,5,0,2,1,2,2,2,60,2,3,2,0,0,1,22.0,61.0,voiture,voiture,3,1,1,2,2
202200017886,2022-04-21 13:15:00,2022,4,21,13,15,69,69029,Route de Genas,45.74846,4.91865,Plein jour,En agglomération,Hors intersection,Normale,Deux véhicules - côté,7,2,2,3,1,1,1,0,1,50,2,2,1,0,0,1,29.0,30.0,deux_roues,voiture,1,2,1,1,3
202200017887,2022-04-21 12:19:00,2022,4,21,12,19,60,60057,Boulevard Aristide Briand,49.4265922356,2.0820245147,Plein jour,En agglomération,Autre intersection,Normale,Deux véhicules - côté,4,1,2,0,1,1,1,0,1,50,2,2,1,0,0,1,34.0,,deux_roues,voiture,1,2,9,1,3
202200017888,2022-04-19 16:26:00,2022,4,19,16,26,67,67482,RHIN TORTU (RUE DU),48.5471,7.75815,Plein jour,En agglomération,Intersection en T,Normale,Deux véhicules - côté,4,2,2,1,1,1,1,0,1,50,2,2,1,0,0,1,32.0,29.0,voiture,deux_roues,1,2,3,1,3
202200017889,2022-06-25 19:35:00,2022,6,25,19,35,988,98818,RUE JACQUES IEKAWE,-22.2312,166.48123,Nuit avec éclairage allumé,En agglomération,Giratoire,Pluie légère,Autre collision,4,2,2,0,1,1,2,0,1,50,1,2,1,0,0,1,56.0,,utilitaire_camion,,5,2,6,2,6
202200017890,2022-04-19 04:00:00,2022,4,19,4,0,67,67482,NEUHOF (ROUTE),48.54117,7.75845,Nuit avec éclairage non allumé,En agglomération,Intersection en T,Normale,Deux véhicules - côté,4,2,2,1,1,1,1,5,1,50,2,2,1,0,0,1,42.0,42.0,deux_roues,utilitaire_camion,4,2,3,1,3
202200017891,2022-06-25 13:40:00,2022,6,25,13,40,974,97416,RN1 (ROUTE NATIONALE),-21.315902,55.441536,Plein jour,Hors agglomération,Intersection en T,Normale,Trois véhicules et plus - collisions multiples,2,2,2,0,1,1,1,0,1,50,3,3,1,0,0,2,52.0,,deux_roues,voiture,1,1,3,1,5
202200017892,2022-04-17 18:45:00,2022,4,17,18,45,67,67482,MONTAGNE VERTE (RUE DE LA),48.570609,7.726229,Plein jour,En agglomération,Hors intersection,Normale,Deux véhicules - arrière,4,3,4,0,1,1,1,0,1,50,2,2,1,0,0,1,25.0,34.0,voiture,deux_roues,1,2,1,1,2
202200017893,2022-06-25 11:20:00,2022,6,25,11,20,974,97416,PASTEUR (RUE),-21.28299,55.47251,Plein jour,En agglomération,Intersection en T,Temps éblouissant,Autre collision,4,2,0,0,1,1,1,0,1,50,1,2,1,0,0,1,35.0,,voiture,,1,2,3,7,6