accident_id,datetime,annee,mois,jour,heure,minute,departement,commune_insee,adresse,latitude,longitude,luminosite,agglomeration,intersection,meteo,collision,catr,circ,nbv,vosp,prof,plan,surf,infra,situ,vma,nb_vehicules,nb_usagers,nb_indemnes,nb_tues,nb_blesses_hosp,nb_blesses_legers,age_cond_1,age_cond_2,veh_type_cond_1,veh_type_cond_2,lum_code,agg_code,int_code,atm_code,col_code
202200017985,2022-06-25 01:30:00,2022,6,25,1,30,06,06004,GRASSE RTE DE,43.603222,7.064813,Nuit sans éclairage public,Hors agglomération,Hors intersection,Normale,Trois véhicules et plus - collisions multiples,3,3,4,0,4,2,1,0,1,70,3,5,3,1,1,0,17.0,17.0,voiture,voiture,3,1,1,1,5
202200017986,2022-04-21 09:03:00,2022,4,21,9,3,75,75108,PLACE CLEMENCEAU,48.8677531599,2.3139700065,Plein jour,En agglomération,Place,Normale,Deux véhicules - côté,4,2,8,0,1,1,1,0,1,30,2,2,0,0,1,1,37.0,32.0,deux_roues,deux_roues,1,2,7,1,3
202200017987,2022-06-24 10:02:00,2022,6,24,10,2,05,05061,JARDINS  ( RUE DES ),44.564119439,6.0815817118,Plein jour,En agglomération,Hors intersection,Normale,Autre collision,4,2,2,0,2,2,1,0,1,30,1,2,1,0,0,1,40.0,,voiture,,1,2,1,1,6
202200017988,2022-04-21 10:50:00,2022,4,21,10,50,75,75104,RUE SAINT ANTOINE,48.853743987,2.3656787486,Plein jour,En agglomération,Intersection en X,Normale,Deux véhicules - côté,4,2,4,0,1,1,1,0,1,30,2,2,1,0,0,1,52.0,23.0,deux_roues,deux_roues,1,2,2,1,3
202200017989,2022-06-24 20:35:00,2022,6,24,20,35,04,04112,Av du Moulin Neuf,43.82776,5.79781,Plein jour,En agglomération,Hors intersection,Temps éblouissant,Autre collision,4,2,2,0,1,1,1,0,1,50,1,2,1,0,0,1,70.0,,voiture,,1,2,1,7,6
202200017990,2022-04-21 11:00:00,2022,4,21,11,0,94,94081,Avenue Rouget de Lisle,48.7781323988,2.3963713645,Plein jour,En agglomération,Intersection en T,Normale,Deux véhicules - côté,3,3,9,1,1,1,1,0,1,50,2,4,2,0,0,2,30.0,22.0,utilitaire_camion,utilitaire_camion,1,2,3,1,3
202200017991,2022-06-25 12:25:00,2022,6,25,12,25,01,01289,,46.16488,5.2207,Plein jour,Hors agglomération,Intersection en X,Normale,Deux véhicules - côté,3,2,2,0,1,1,1,0,1,80,2,5,3,0,0,2,23.0,26.0,utilitaire_camion,voiture,1,1,2,1,3
202200017992,2022-04-20 20:11:00,2022,4,20,20,11,94,94033,Rue Pierre Semard,48.84518,2.46528,Crépuscule ou aube,En agglomération,Hors intersection,Normale,Autre collision,4,1,1,0,2,1,1,0,1,30,1,1,0,0,0,1,23.0,,voiture,,2,2,1,1,6
202200017993,2022-04-21 20:20:00,2022,4,21,20,20,94,94019,Rue du Pont / Avenue de la Gare,48.79233,2.52601,Nuit avec éclairage allumé,En agglomération,Intersection en T,Normale,Deux véhicules - côté,3,2,2,0,2,1,1,0,1,50,2,2,1,0,0,1,42.0,24.0,deux_roues,voiture,5,2,3,1,3
202200017994,2022-04-21 17:40:00,2022,4,21,17,40,94,94018,38 Avenue de Gravelle,48.8258350181,2.4085123837,Plein jour,En agglomération,Hors intersection,Normale,Deux véhicules - arrière,4,2,2,0,1,3,1,0,1,30,2,3,1,0,0,2,24.0,35.0,voiture,voiture,1,2,1,1,2
202200017995,2022-06-24 20:22:00,2022,6,24,20,22,75,75105,BOULEVARD SAINT GERMAIN,48.849627,2.350356,Plein jour,En agglomération,Intersection en X,Normale,Trois véhicules et plus - collisions multiples,4,1,3,0,1,1,1,0,1,30,3,7,5,0,0,2,39.0,45.0,voiture,deux_roues,1,2,2,1,5
202200017996,2022-04-21 08:20:00,2022,4,21,8,20,93,93059,Boulevard Jean Mermoz,48.97316,2.36605,Plein jour,En agglomération,Hors intersection,Normale,Deux véhicules - côté,3,3,4,0,1,1,1,0,8,50,2,2,1,0,0,1,45.0,26.0,voiture,deux_roues,1,2,1,1,3
202200017997,2022-06-25 20:33:00,2022,6,25,20,33,75,75106,BOULEVARD SAINT MICHEL,48.851833,2.343393,Crépuscule ou aube,En agglomération,Intersection en T,Normale,Autre collision,4,2,4,3,1,1,1,0,6,30,1,2,0,0,0,2,27.0,,deux_roues,,2,2,3,1,6
202200017998,2022-04-21 11:55:00,2022,4,21,11,55,93,93070,Boulevard Jean Jaurès,48.91416,2.33658,Plein jour,En agglomération,Hors intersection,Normale,Deux véhicules - côté,3,2,2,1,1,1,1,0,1,50,2,2,1,0,0,1,32.0,75.0,deux_roues,autre,1,2,1,1,3
202200017999,2022-06-25 02:45:00,2022,6,25,2,45,75,75119,BOULEVARD MACDONALD,48.898815,2.383566,Nuit avec éclairage allumé,En agglomération,Hors intersection,Normale,Deux véhicules - côté,4,2,4,0,1,1,2,0,1,30,2,2,1,0,0,1,45.0,54.0,voiture,deux_roues,5,2,1,1,3
202200018000,2022-04-21 07:00:00,2022,4,21,7,0,93,93049,Place Jean Mermoz / Avenue du Maréchal Foch,48.86076,2.50961,Plein jour,En agglomération,Place,Normale,Autre collision,3,2,2,0,1,1,1,0,1,50,1,3,2,0,0,1,30.0,,voiture,,1,2,7,1,6
202200018001,2022-06-25 20:30:00,2022,6,25,20,30,75,75118,RUE TRISTAN TZARA,48.894919,2.364925,Plein jour,En agglomération,Intersection en T,Normale,Autre collision,4,1,1,0,1,1,1,0,1,30,1,2,1,0,1,0,,,deux_roues,,1,2,3,1,6
202200018002,2022-04-20 12:28:00,2022,4,20,12,28,93,93006,Avenue du Général de Gaulle / Avenue des Camélias,48.866018,2.417833,Plein jour,En agglomération,Intersection en T,Normale,Deux véhicules - côté,3,2,2,0,1,1,1,0,1,50,2,2,1,0,0,1,45.0,61.0,utilitaire_camion,deux_roues,1,2,3,1,3
202200018003,2022-06-25 15:15:00,2022,6,25,15,15,75,75116,PLACE DE LA PORTE DE SAINT CLOUD,48.838278,2.256513,Plein jour,En agglomération,Place,Normale,Autre collision,4,1,3,3,1,1,1,0,1,30,1,2,1,0,0,1,47.0,,transport_commun,,1,2,7,1,6
202200018004,2022-04-21 09:57:00,2022,4,21,9,57,93,93029,Avenue Jean Jaurès / Avenue de la Saussaye,48.91712,2.45676,Plein jour,En agglomération,Intersection en T,Normale,Trois véhicules et plus - collisions multiples,3,2,2,0,1,1,1,0,1,50,3,4,3,0,0,1,50.0,49.0,voiture,deux_roues,1,2,3,1,5
202200018005,2022-06-25 08:30:00,2022,6,25,8,30,75,75116,AVENUE DE NEW YORK,48.863322,2.296362,Plein jour,En agglomération,Intersection en T,Normale,Sans collision,4,2,4,0,1,1,1,0,1,30,1,1,0,0,0,1,35.0,,voiture,,1,2,3,1,7
202200018006,2022-04-21 14:00:00,2022,4,21,14,0,93,93001,Boulevard Félix Faure / Rue des Ecoles,48.906431,2.380291,Plein jour,En agglomération,Intersection en T,Normale,Deux véhicules - frontale,4,2,2,0,1,1,1,0,1,50,2,2,1,0,0,1,44.0,38.0,deux_roues,voiture,1,2,3,1,1
202200018007,2022-06-24 20:50:00,2022,6,24,20,50,75,75116,AVENUE KLEBER,48.864981,2.288673,Plein jour,En agglomération,Intersection en X,Normale,Deux véhicules - côté,4,2,3,0,1,1,1,0,1,30,2,2,1,0,0,1,22.0,36.0,deux_roues,voiture,1,2,2,1,3
202200018008,2022-04-21 09:08:00,2022,4,21,9,8,92,92048,RUSHMOOR (RUE DE),48.80333,2.24215,Plein jour,En agglomération,Hors intersection,Normale,Autre collision,4,1,1,0,1,1,1,0,4,30,1,2,1,0,0,1,38.0,,voiture,,1,2,1,1,6
202200018009,2022-06-24 15:55:00,2022,6,24,15,55,75,75116,AVENUE DU PRESIDENT KENNEDY,48.857032,2.286743,Plein jour,En agglomération,Hors intersection,Normale,Sans collision,4,2,2,0,1,1,8,0,1,30,1,1,0,0,0,1,39.0,,deux_roues,,1,2,1,1,7
202200018010,2022-04-21 08:50:00,2022,4,21,8,50,92,92048,LE CORBEILLER (AVENUE) N° 2 A 12,48.81191,2.23746,Plein jour,En agglomération,Intersection en X,Normale,Deux véhicules - arrière,4,2,2,0,2,1,1,0,1,50,2,3,1,0,0,2,56.0,47.0,deux_roues,voiture,1,2,2,1,2
202200018011,2022-06-25 00:45:00,2022,6,25,0,45,75,75115,PONT DE BIR HAKEIM,48.854606,2.288893,Nuit avec éclairage allumé,En agglomération,Intersection en X,Normale,Autre collision,4,2,4,1,1,3,1,5,5,30,1,1,0,0,0,1,42.0,,deux_roues,,5,2,2,1,6
202200018012,2022-04-21 14:40:00,2022,4,21,14,40,92,92035,Belgique ( Place de ),48.90688,2.23925,Plein jour,En agglomération,Place,Normale,Deux véhicules - arrière,3,1,3,0,1,1,1,0,1,50,2,2,1,0,0,1,31.0,59.0,utilitaire_camion,voiture,1,2,7,1,2
202200018013,2022-06-25 12:00:00,2022,6,25,12,0,75,75112,QUAI DE BERCY,48.836735,2.378239,Plein jour,En agglomération,Hors intersection,Normale,Deux véhicules - côté,4,3,3,0,1,1,2,0,1,30,2,2,1,0,0,1,35.0,,deux_roues,voiture,1,2,1,1,3
202200018014,2022-04-21 08:00:00,2022,4,21,8,0,92,92024,CLICHY (QUAI DE) DE (8 A 60),48.90848,2.30008,Plein jour,En agglomération,Intersection en X,Normale,Deux véhicules - côté,3,2,4,0,1,1,1,0,1,50,2,2,1,0,0,1,46.0,31.0,deux_roues,voiture,1,2,2,1,3
202200018015,2022-06-25 14:15:00,2022,6,25,14,15,75,75109,BOULEVARD DE ROCHECHOUART,48.883136,2.346897,Plein jour,En agglomération,Intersection à plus de 4 branches,Pluie légère,Deux véhicules - côté,4,3,2,3,1,1,2,0,6,30,2,2,1,0,0,1,38.0,43.0,voiture,deux_roues,1,2,5,2,3
202200018016,2022-04-21 16:40:00,2022,4,21,16,40,92,92012,SILLY (RUE DE) 89/FIN - 90/FIN,48.8315109546,2.2343007624,Plein jour,En agglomération,Hors intersection,Normale,Autre collision,4,2,2,0,1,1,1,0,1,30,1,2,1,0,0,1,41.0,,voiture,,1,2,1,1,6
202200018017,2022-06-25 02:40:00,2022,6,25,2,40,75,75107,QUAI D ORSAY,48.862576,2.310409,Nuit avec éclairage allumé,En agglomération,Intersection en X,Pluie légère,Deux véhicules - côté,4,2,6,0,1,1,2,0,1,30,2,2,1,0,0,1,24.0,,deux_roues,voiture,5,2,2,2,3
202200018018,2022-04-21 10:00:00,2022,4,21,10,0,92,92012,AGUESSEAU (RUE D') 1/89 - 2/82,48.8416679625,2.2369534671,Plein jour,En agglomération,Intersection en X,Normale,Autre collision,4,1,1,0,1,1,1,0,1,50,1,2,1,0,0,1,70.0,,voiture,,1,2,2,1,6
202200018019,2022-06-25 22:05:00,2022,6,25,22,5,75,75104,RUE DU ROI DE SICILE,48.856543,2.357228,Nuit avec éclairage allumé,En agglomération,Hors intersection,Normale,Sans collision,4,1,1,0,1,1,1,0,1,30,1,2,1,0,0,1,53.0,,deux_roues,,5,2,1,1,7
202200018020,2022-04-20 20:57:00,2022,4,20,20,57,92,92002,BRIAND (AVENUE ARISTIDE) N° 100 A 160,48.759373,2.307356,Plein jour,En agglomération,Hors intersection,Normale,Deux véhicules - côté,3,3,4,0,2,1,1,8,1,50,2,2,1,0,0,1,46.0,89.0,deux_roues,voiture,1,2,1,1,3
202200018021,2022-04-21 14:08:00,2022,4,21,14,8,92,92002,ARMAND GUILLEBAUD (AVENUE),48.74738,2.31138,Plein jour,En agglomération,Hors intersection,Normale,Autre collision,3,2,2,0,1,1,1,0,1,30,1,2,1,0,0,1,,,deux_roues,,1,2,1,1,6
202200018022,2022-06-24 22:40:00,2022,6,24,22,40,75,75101,PLACE DU PONT NEUF,48.857162,2.341397,Nuit avec éclairage allumé,En agglomération,Intersection en T,Normale,Autre collision,4,2,3,0,1,1,1,2,1,30,1,2,1,0,0,1,27.0,,deux_roues,,5,2,3,1,6
202200018023,2022-04-22 20:30:00,2022,4,22,20,30,60,60098,D150,49.651828,1.753982,Crépuscule ou aube,En agglomération,Intersection en X,Normale,Deux véhicules - côté,3,2,2,0,1,1,1,0,1,50,2,3,2,0,1,0,51.0,21.0,voiture,voiture,2,2,2,1,3
202200018024,2022-06-25 21:05:00,2022,6,25,21,5,94,94076,PAUL VAILLANT COUTURIER (AV),48.7949832196,2.3543432823,Plein jour,En agglomération,Intersection en X,Normale,Deux véhicules - côté,3,2,0,0,1,1,1,0,1,50,2,2,1,0,0,1,41.0,27.0,voiture,voiture,1,2,2,1,3
202200018025,2022-04-23 15:00:00,2022,4,23,15,0,06,06054,Boulevard Henri Barbusse,43.755411,7.323033,Plein jour,En agglomération,Hors intersection,Pluie légère,Deux véhicules - frontale,4,2,2,0,2,1,2,0,1,50,2,2,1,0,0,1,61.0,31.0,voiture,voiture,1,2,1,2,1
202200018026,2022-06-25 14:25:00,2022,6,25,14,25,94,94081,YOURI GAGARINE (AV),48.80377,2.407,Plein jour,En agglomération,Intersection en X,Pluie légère,Deux véhicules - côté,4,1,1,0,1,1,2,0,1,30,2,3,2,0,0,1,44.0,38.0,utilitaire_camion,voiture,1,2,2,2,3
202200018027,2022-04-21 17:04:00,2022,4,21,17,4,84,84142,D28,43.968921,4.982611,Plein jour,Hors agglomération,Hors intersection,Normale,Deux véhicules - frontale,3,2,2,2,1,3,1,5,1,80,2,4,0,0,0,4,30.0,22.0,voiture,voiture,1,1,1,1,1
202200018028,2022-04-22 20:35:00,2022,4,22,20,35,95,95116,RD 924,49.1602575554,2.3256468773,Crépuscule ou aube,Hors agglomération,Hors intersection,Normale,Deux véhicules - frontale,3,2,2,0,1,1,1,0,1,80,2,2,0,0,1,1,35.0,23.0,voiture,voiture,2,1,1,1,1
202200018029,2022-06-24 22:12:00,2022,6,24,22,12,94,94081,JULIAN GRIMAU (R),48.77952,2.37562,Nuit avec éclairage allumé,En agglomération,Hors intersection,Normale,Deux véhicules - côté,4,2,2,0,1,1,1,0,1,50,2,2,1,0,1,0,22.0,20.0,voiture,autre,5,2,1,1,3
202200018030,2022-04-18 17:13:00,2022,4,18,17,13,49,49220,D75,47.717846,-0.390177,Plein jour,Hors agglomération,Hors intersection,Normale,Deux véhicules - arrière,3,2,2,0,1,1,1,0,1,80,2,3,2,0,1,0,24.0,25.0,utilitaire_camion,deux_roues,1,1,1,1,2
202200018031,2022-03-03 22:40:00,2022,3,3,22,40,31,31411,Route de Bonneval,43.5272875753,1.4627225697,Nuit sans éclairage public,En agglomération,Hors intersection,Normale,Autre collision,3,2,2,0,2,3,2,0,8,50,1,2,0,0,1,1,21.0,,voiture,,3,2,1,1,6
202200018032,2022-06-25 00:30:00,2022,6,25,0,30,94,94074,HENRI BARBUSSE (AV),48.765542,2.441532,Nuit avec éclairage allumé,En agglomération,Hors intersection,Normale,Deux véhicules - arrière,2,3,4,0,1,1,1,0,1,50,2,3,2,0,0,1,25.0,44.0,voiture,voiture,5,2,1,1,2
202200018033,2022-04-23 06:40:00,2022,4,23,6,40,11,11296,RD 5,43.285332,2.831077,Crépuscule ou aube,Hors agglomération,Hors intersection,Normale,Autre collision,3,2,2,0,4,2,1,0,3,70,1,1,0,1,0,0,23.0,,voiture,,2,1,1,1,6
202200018034,2022-10-08 12:45:00,2022,10,8,12,45,976,97611,m'tsapere-Nationale 2 (route),-12.80184,45.215,Plein jour,En agglomération,Hors intersection,Normale,Deux véhicules - frontale,4,2,2,0,1,1,1,0,1,50,2,2,1,0,0,1,43.0,44.0,voiture,deux_roues,1,2,1,1,1
202200018035,2022-10-08 12:10:00,2022,10,8,12,10,976,97611,mamoudzou centre-RP Passot quai colas (R,-12.77552,45.23072,Plein jour,En agglomération,Hors intersection,Normale,Deux véhicules - frontale,2,-1,2,0,1,4,1,0,1,50,2,2,1,0,0,1,25.0,25.0,deux_roues,deux_roues,1,2,1,1,1
202200018036,2022-10-09 16:50:00,2022,10,9,16,50,973,97302,SACCHARIN(RUE),4.9339759809,-52.333958745,Plein jour,En agglomération,Hors intersection,Normale,Deux véhicules - côté,4,2,2,0,1,1,9,0,1,50,2,2,1,0,0,1,21.0,41.0,deux_roues,voiture,1,2,1,1,3
202200018037,2022-10-08 07:10:00,2022,10,8,7,10,972,97209,MORNE VENTE (RUE DU)  EX V10,14.63074,-61.07899,Plein jour,En agglomération,Hors intersection,Normale,Autre collision,4,-1,2,0,2,3,1,0,3,50,1,2,1,0,0,1,36.0,,voiture,,1,2,1,1,6
202200018038,2022-10-09 12:46:00,2022,10,9,12,46,2B,2B033,VEZZANI - RUE CESAR,42.69026,9.44718,Plein jour,En agglomération,Hors intersection,Normale,Deux véhicules - côté,4,-1,2,0,1,1,1,0,1,50,2,2,1,0,0,1,47.0,48.0,deux_roues,voiture,1,2,1,1,3
202200018039,2022-10-09 09:30:00,2022,10,9,9,30,95,95277,RD 970,49.00638,2.42659,Plein jour,Hors agglomération,Hors intersection,Normale,Sans collision,3,2,2,0,1,3,1,0,1,80,1,1,0,0,0,1,32.0,,utilitaire_camion,,1,1,1,1,7
202200018040,2022-10-09 08:10:00,2022,10,9,8,10,95,95210,Avenue de la Division Leclerc,48.977011,2.30713,Plein jour,En agglomération,Hors intersection,Normale,Deux véhicules - frontale,3,2,2,0,1,1,1,0,1,50,2,2,1,0,0,1,48.0,45.0,voiture,voiture,1,2,1,1,1
202200018041,2022-10-08 11:40:00,2022,10,8,11,40,95,95197,Route de Saint-Denis,48.962848,2.323231,Plein jour,En agglomération,Hors intersection,Normale,Deux véhicules - frontale,3,2,2,0,1,1,1,0,1,30,2,2,1,0,0,1,35.0,44.0,deux_roues,voiture,1,2,1,1,1
202200018042,2022-10-08 12:00:00,2022,10,8,12,0,95,95306,Boulevard du 8 Mai 1945,48.99885,2.18196,Plein jour,En agglomération,Hors intersection,Normale,Deux véhicules - côté,3,3,4,0,1,1,1,0,1,50,2,3,2,0,1,0,48.0,90.0,deux_roues,voiture,1,2,1,1,3
202200018043,2022-10-08 18:10:00,2022,10,8,18,10,91,91114,RUE FRANCOISE,48.70685,2.51011,Plein jour,En agglomération,Intersection en X,Normale,Deux véhicules - côté,4,2,1,0,2,1,1,0,1,50,2,3,1,0,0,2,17.0,35.0,deux_roues,utilitaire_camion,1,2,2,1,3
202200018044,2022-10-08 12:50:00,2022,10,8,12,50,91,91421,NATIONALE 6 (REVEIL MATIN),48.712116,2.442044,Plein jour,En agglomération,Autre intersection,Normale,Deux véhicules - arrière,3,1,1,0,3,3,1,3,1,50,2,2,1,0,0,1,38.0,28.0,voiture,voiture,1,2,9,1,2
202200018045,2022-10-08 06:00:00,2022,10,8,6,0,88,88413,Rue d' Epinal,48.2854870024,6.9333574176,Nuit avec éclairage allumé,En agglomération,Intersection en T,Normale,Deux véhicules - côté,3,2,2,0,1,2,1,2,1,50,2,3,0,0,0,3,45.0,26.0,voiture,voiture,5,2,3,1,3
202200018046,2022-10-09 20:15:00,2022,10,9,20,15,78,78502,SIMON VOUET (AVENUE),48.87715,2.1141,Nuit sans éclairage public,En agglomération,Hors intersection,Normale,Autre collision,4,-1,1,0,2,1,1,0,6,50,1,2,1,0,0,1,43.0,,voiture,,3,2,1,1,6
202200018047,2022-10-09 11:35:00,2022,10,9,11,35,78,78440,SEINE (RUE DE),48.997611,1.909787,Plein jour,En agglomération,Hors intersection,Normale,Trois véhicules et plus - en chaîne,3,1,2,0,1,1,1,0,1,50,3,3,2,0,0,1,36.0,37.0,voiture,voiture,1,2,1,1,4
202200018048,2022-10-09 10:30:00,2022,10,9,10,30,78,78642,EGLANTINES ALLEE DES,48.98693,1.96703,Plein jour,En agglomération,Intersection en T,Normale,Deux véhicules - frontale,4,2,2,0,1,1,1,0,1,30,2,2,1,0,0,1,40.0,16.0,voiture,deux_roues,1,2,3,1,1
202200018049,2022-10-08 18:00:00,2022,10,8,18,0,77,77018,D406,48.85033,2.82801,Plein jour,En agglomération,Hors intersection,Normale,Trois véhicules et plus - collisions multiples,3,2,2,0,1,1,1,0,1,50,3,6,4,0,0,2,34.0,24.0,voiture,voiture,1,2,1,1,5
202200018050,2022-10-08 17:00:00,2022,10,8,17,0,76,76565,AVENUE DE LA LIBERATION,49.89428,1.07684,Plein jour,En agglomération,Hors intersection,Normale,Autre collision,6,-1,0,0,1,1,1,0,8,50,1,2,0,0,1,1,16.0,,utilitaire_camion,,1,2,1,1,6
202200018051,2022-10-09 00:48:00,2022,10,9,0,48,65,65440,Avenue Antoine de Saint-exupéry,43.24402,0.06635,Nuit avec éclairage allumé,En agglomération,Intersection en X,Normale,Deux véhicules - côté,4,2,2,0,1,1,1,0,1,50,2,4,2,0,0,2,,30.0,voiture,voiture,5,2,2,1,3
202200018052,2022-10-09 18:20:00,2022,10,9,18,20,64,64445,boulevard d'Alsace Lorraine,43.30285,-0.36201,Plein jour,En agglomération,Intersection en T,Normale,Deux véhicules - côté,4,2,4,2,1,1,1,0,1,50,2,2,1,0,0,1,18.0,44.0,deux_roues,voiture,1,2,3,1,3
202200018053,2022-10-09 18:15:00,2022,10,9,18,15,64,64445,avenue du général de Gaulle,43.30145,-0.35807,Plein jour,En agglomération,Hors intersection,Normale,Autre collision,4,3,1,0,1,1,1,0,1,50,1,2,1,0,0,1,58.0,,voiture,,1,2,1,1,6
202200018054,2022-10-08 19:10:00,2022,10,8,19,10,64,64335,Boulevard de l'Europe,43.31807,-0.42997,Crépuscule ou aube,En agglomération,Hors intersection,Normale,Autre collision,4,2,2,1,2,3,1,0,1,50,2,3,1,0,0,2,16.0,17.0,deux_roues,deux_roues,2,2,1,1,6
202200018055,2022-10-09 17:30:00,2022,10,9,17,30,62,62617,BULLY (RUE DE),50.47687,2.66989,Plein jour,En agglomération,Intersection en T,Normale,Deux véhicules - côté,4,1,1,0,1,1,1,0,1,50,2,4,3,0,0,1,45.0,19.0,voiture,voiture,1,2,3,1,3
202200018056,2022-10-09 19:40:00,2022,10,9,19,40,62,62498,D58E1,50.42895,2.819194,Nuit avec éclairage allumé,En agglomération,Hors intersection,Normale,Autre collision,3,2,2,1,1,1,1,2,1,50,1,1,0,0,0,1,46.0,,deux_roues,,5,2,1,1,6
202200018057,2022-10-08 12:00:00,2022,10,8,12,0,61,61169,MESSEI (RUE DE),48.743027,-0.558981,Plein jour,En agglomération,Hors intersection,Temps éblouissant,Autre collision,3,2,2,0,1,1,1,0,1,50,1,2,1,0,1,0,72.0,,voiture,,1,2,1,7,6
202200018058,2022-10-09 16:50:00,2022,10,9,16,50,59,59343,FAIDHERBE RUE,50.590452606,3.1162896752,Plein jour,En agglomération,Intersection en X,Normale,Deux véhicules - côté,7,2,2,0,1,1,1,0,1,30,2,2,1,0,1,0,34.0,51.0,voiture,deux_roues,1,2,2,1,3
202200018059,2022-10-09 00:05:00,2022,10,9,0,5,50,50129,VAL DE SAIRE (RUE DU),49.63891,-1.61842,Nuit avec éclairage allumé,En agglomération,Hors intersection,Normale,Autre collision,4,2,2,0,1,1,1,0,3,50,1,1,0,0,0,1,30.0,,voiture,,5,2,1,1,6
202200018060,2022-10-07 13:00:00,2022,10,7,13,0,49,49099,SAO (PLACE DE),47.03932,-0.88549,Plein jour,En agglomération,Giratoire,Normale,Deux véhicules - arrière,3,1,1,3,1,3,1,0,1,50,2,2,1,0,0,1,39.0,73.0,voiture,deux_roues,1,2,6,1,2
202200018061,2022-10-09 13:55:00,2022,10,9,13,55,49,49007,GAIN ( LOUIS),47.46853,-0.53867,Plein jour,En agglomération,Intersection en X,Normale,Deux véhicules - côté,4,2,2,0,1,1,1,0,1,50,2,3,2,0,0,1,21.0,64.0,voiture,deux_roues,1,2,2,1,3
202200018062,2022-10-09 18:30:00,2022,10,9,18,30,42,42218,Rue de la Montat,45.44329,4.41891,Crépuscule ou aube,En agglomération,Hors intersection,Normale,Autre collision,4,2,2,0,1,1,1,0,1,50,1,2,1,0,1,0,33.0,,voiture,,2,2,1,1,6
202200018063,2022-10-08 12:40:00,2022,10,8,12,40,35,35238,CLEMENCEAU (BD GEORGES),48.09376,-1.67452,Plein jour,En agglomération,Intersection en X,Normale,Deux véhicules - côté,4,2,3,0,1,1,1,0,1,50,2,2,1,0,0,1,26.0,32.0,deux_roues,voiture,1,2,2,1,3
202200018064,2022-10-09 00:51:00,2022,10,9,0,51,34,34301,322 Route des Quatre Chansons,43.39842,3.65658,Nuit avec éclairage allumé,En agglomération,Intersection en X,Normale,Autre collision,4,1,1,0,1,1,1,0,1,50,1,1,0,0,1,0,23.0,,deux_roues,,5,2,2,1,6
202200018065,2022-10-08 13:35:00,2022,10,8,13,35,34,34172,Avenue de Maurin,43.595607,3.87442,Plein jour,En agglomération,Hors intersection,Normale,Autre collision,4,2,1,0,1,1,1,0,1,30,1,2,1,0,1,0,36.0,,utilitaire_camion,,1,2,1,1,6
202200018066,2022-10-09 23:05:00,2022,10,9,23,5,33,33200,Avenue Pasteur,44.87679,-0.67987,Nuit avec éclairage allumé,En agglomération,Intersection en X,Normale,Deux véhicules - côté,4,2,3,0,1,1,1,0,1,50,2,4,3,0,0,1,32.0,30.0,voiture,voiture,5,2,2,1,3
202200018067,2022-10-08 19:00:00,2022,10,8,19,0,28,28134,ETHE VIRTON (RUE D),48.74392,1.38181,Nuit sans éclairage public,En agglomération,Hors intersection,Normale,Deux véhicules - frontale,4,2,2,0,1,1,1,0,1,50,2,2,1,0,0,1,48.0,43.0,voiture,voiture,3,2,1,1,1
202200018068,2022-10-08 00:20:00,2022,10,8,0,20,25,25056,PICARDIE RUE DE,47.224229,5.973445,Nuit avec éclairage allumé,En agglomération,Hors intersection,Normale,Autre collision,4,2,2,0,1,1,1,0,1,50,1,1,0,0,0,1,23.0,,voiture,,5,2,1,1,6
202200018069,2022-10-08 11:24:00,2022,10,8,11,24,23,23096,Avenue de la République,46.16974,1.87192,Plein jour,En agglomération,Intersection en T,Normale,Deux véhicules - frontale,4,2,2,0,1,1,1,0,1,50,2,2,1,0,0,1,19.0,49.0,deux_roues,voiture,1,2,3,1,1
202200018070,2022-10-08 17:35:00,2022,10,8,17,35,22,22215,LE NOTRE (RUE FRANCOIS),48.49631,-2.7897,Plein jour,En agglomération,Hors intersection,Normale,,4,1,1,0,1,1,1,0,1,50,1,1,0,0,0,1,43.0,,voiture,,1,2,1,1,-1
202200018071,2022-10-08 17:57:00,2022,10,8,17,57,22,22106,VERNE (RUE JULES),48.49704,-2.72756,Plein jour,En agglomération,Hors intersection,Normale,Deux véhicules - frontale,4,3,2,0,1,1,1,9,1,50,1,2,1,0,0,1,56.0,,voiture,,1,2,1,1,1
202200018072,2022-10-09 01:30:00,2022,10,9,1,30,13,13210,ROMAIN ROLLAND (BOULEVARD),43.2746518774,5.4152051482,Nuit avec éclairage allumé,En agglomération,Intersection en T,Normale,Deux véhicules - côté,4,2,2,0,1,1,1,0,1,50,2,2,1,0,0,1,20.0,35.0,deux_roues,voiture,5,2,3,1,3
202200018073,2022-10-08 18:00:00,2022,10,8,18,0,06,06069,SAINT EXUPERY (AVENUE ANTOINE DE),43.666224,6.939994,Plein jour,Hors agglomération,Hors intersection,Pluie légère,Trois véhicules et plus - en chaîne,4,2,2,0,1,1,2,0,1,50,4,5,2,0,0,3,48.0,16.0,voiture,deux_roues,1,1,1,2,4
202200018074,2022-10-09 02:10:00,2022,10,9,2,10,75,75116,ECHANGEUR MAILLOT,48.869669,2.271565,Nuit avec éclairage allumé,En agglomération,Hors intersection,Normale,Deux véhicules - arrière,4,1,2,0,3,1,1,0,1,50,2,2,1,0,0,1,27.0,34.0,voiture,deux_roues,5,2,1,1,2
202200018075,2022-10-07 23:30:00,2022,10,7,23,30,75,75120,PORTE DE BAGNOLET,48.8683188402,2.4134784937,Nuit avec éclairage allumé,En agglomération,Intersection en Y,Normale,Deux véhicules - arrière,4,1,2,0,1,1,1,0,1,50,2,2,1,0,0,1,58.0,47.0,voiture,voiture,5,2,4,1,2