accident_id,datetime,annee,mois,jour,heure,minute,departement,commune_insee,adresse,latitude,longitude,luminosite,agglomeration,intersection,meteo,collision,catr,circ,nbv,vosp,prof,plan,surf,infra,situ,vma,nb_vehicules,nb_usagers,nb_indemnes,nb_tues,nb_blesses_hosp,nb_blesses_legers,age_cond_1,age_cond_2,veh_type_cond_1,veh_type_cond_2,lum_code,agg_code,int_code,atm_code,col_code
202200018167,2022-10-08 10:10:00,2022,10,8,10,10,83,83137,LE BELLEGOU (AVE EDOUARD),43.1188358077,5.9398216009,Plein jour,En agglomération,Hors intersection,Pluie légère,Deux véhicules - côté,4,-1,2,0,1,1,2,0,1,50,2,2,1,0,1,0,65.0,34.0,voiture,deux_roues,1,2,1,2,3
202200018168,2022-10-08 19:05:00,2022,10,8,19,5,78,78401,D 922,49.0132,1.92557,Plein jour,Hors agglomération,Intersection en X,Normale,Deux véhicules - côté,3,1,2,0,2,1,1,5,1,70,2,3,2,0,0,1,46.0,73.0,voiture,voiture,1,1,2,1,3
202200018169,2022-10-08 01:07:00,2022,10,8,1,7,77,77122,D57,48.64422,2.57074,Nuit sans éclairage public,Hors agglomération,Hors intersection,Normale,Autre collision,3,3,2,1,1,1,1,0,1,90,1,2,1,0,1,0,18.0,,voiture,,3,1,1,1,6
202200018170,2022-10-08 08:45:00,2022,10,8,8,45,76,76410,Rue Paul Painleve,49.4840455357,1.0420512139,Plein jour,En agglomération,Hors intersection,Normale,Deux véhicules - frontale,9,2,1,0,1,4,1,-1,1,10,2,2,0,0,0,2,18.0,39.0,deux_roues,deux_roues,1,2,1,1,1
202200018171,2022-10-08 10:15:00,2022,10,8,10,15,72,72181,SUD EST DEVIATION RTE ANGERS ET ITALIENS,47.95311,0.19683,Plein jour,Hors agglomération,Hors intersection,Normale,Autre collision,3,3,2,0,1,1,1,0,1,70,3,5,3,0,0,2,29.0,20.0,voiture,voiture,1,1,1,1,6
202200018172,2022-10-08 18:55:00,2022,10,8,18,55,71,71040,MACON (ROUTE DE),46.689358,4.390911,Plein jour,En agglomération,Hors intersection,Normale,Sans collision,3,2,2,0,1,1,1,0,1,50,1,1,0,0,0,1,17.0,,deux_roues,,1,2,1,1,7
202200018173,2022-10-08 15:20:00,2022,10,8,15,20,64,64483,Avenue André Ithurralde,43.39405,-1.6502,Plein jour,En agglomération,Hors intersection,Normale,Deux véhicules - arrière,3,2,2,0,1,1,1,0,1,50,2,3,1,0,0,2,64.0,30.0,voiture,voiture,1,2,1,1,2
202200018174,2022-10-08 15:00:00,2022,10,8,15,0,64,64125,avenue d'Espagne,43.4303514328,-1.5992510319,Plein jour,En agglomération,Intersection en T,Normale,Deux véhicules - côté,3,2,2,0,2,1,1,9,1,50,2,2,1,0,0,1,38.0,32.0,deux_roues,utilitaire_camion,1,2,3,1,3
202200018175,2022-10-08 13:55:00,2022,10,8,13,55,59,59599,GAND (RUE DE),50.7367,3.16218,Plein jour,En agglomération,Intersection en T,Normale,Autre collision,4,2,2,0,1,1,1,0,1,50,3,4,3,0,0,1,30.0,47.0,voiture,voiture,1,2,3,1,6
202200018176,2022-10-08 18:03:00,2022,10,8,18,3,59,59560,AVELIN ROUTE D,50.5458549409,3.0506721139,Plein jour,Hors agglomération,Hors intersection,Normale,Deux véhicules - arrière,7,1,2,0,1,2,1,0,1,80,2,2,1,0,1,0,43.0,21.0,deux_roues,voiture,1,1,1,1,2
202200018177,2022-10-08 10:30:00,2022,10,8,10,30,59,59328,ALLIANCE NORD OUEST BVD DE L,50.6564849417,3.0311912298,Plein jour,Hors agglomération,Giratoire,Normale,Deux véhicules - côté,4,-1,2,1,1,2,1,0,5,30,2,2,1,0,0,1,32.0,,deux_roues,voiture,1,1,6,1,3
202200018178,2022-10-08 20:29:00,2022,10,8,20,29,49,49007,LECUIT,47.4896801162,-0.5629809201,Nuit avec éclairage allumé,En agglomération,Hors intersection,Normale,Deux véhicules - côté,4,1,2,0,1,1,1,0,1,50,2,2,1,0,0,1,21.0,19.0,voiture,deux_roues,5,2,1,1,3
202200018179,2022-10-08 18:22:00,2022,10,8,18,22,49,49007,GATS,47.4743791638,-0.5157834291,Plein jour,En agglomération,Giratoire,Normale,Sans collision,4,2,2,0,1,1,1,0,1,50,1,1,0,0,0,1,73.0,,deux_roues,,1,2,6,1,7
202200018180,2022-09-24 17:00:00,2022,9,24,17,0,42,42218,Boulevard Claude Verney Carron,45.46366,4.38227,Plein jour,En agglomération,Intersection en X,Normale,Deux véhicules - côté,4,1,2,0,1,1,1,0,1,50,2,5,4,0,0,1,26.0,25.0,voiture,voiture,1,2,2,1,3
202200018181,2022-09-28 18:10:00,2022,9,28,18,10,42,42218,Rue Momey,45.46304,4.36951,Plein jour,En agglomération,Hors intersection,Pluie légère,Deux véhicules - frontale,4,2,2,0,2,4,2,0,1,50,2,2,1,0,0,1,19.0,71.0,voiture,voiture,1,2,1,2,1
202200018182,2022-10-08 22:05:00,2022,10,8,22,5,38,38185,AVENUE JEANNE D'ARC,45.1844,5.7435,Nuit avec éclairage allumé,En agglomération,Hors intersection,Normale,Deux véhicules - frontale,4,2,2,0,1,1,1,0,1,50,2,2,1,0,1,0,27.0,19.0,voiture,deux_roues,5,2,1,1,1
202200018183,2022-10-07 23:20:00,2022,10,7,23,20,37,37261,GANCE (BOULEVARD ABEL),47.42012,0.71677,Nuit avec éclairage allumé,En agglomération,Hors intersection,Normale,Sans collision,4,2,2,0,1,3,1,0,3,70,1,1,0,0,1,0,40.0,,deux_roues,,5,2,1,1,7
202200018184,2022-10-08 20:15:00,2022,10,8,20,15,35,35238,GINGUENE,48.09988,-1.67214,Nuit avec éclairage allumé,En agglomération,Giratoire,Normale,Deux véhicules - côté,4,2,2,1,1,1,1,0,1,30,2,2,1,0,0,1,30.0,29.0,deux_roues,voiture,5,2,6,1,3
202200018185,2022-10-07 16:25:00,2022,10,7,16,25,34,34003,Avenue de Port Ambonne,43.29734,3.52486,Plein jour,En agglomération,Autre intersection,Normale,Deux véhicules - côté,4,3,2,0,1,1,1,0,1,30,2,2,1,0,1,0,47.0,52.0,voiture,deux_roues,1,2,9,1,3
202200018186,2022-10-08 01:00:00,2022,10,8,1,0,33,33318,Avenue Roger Cohé,44.8091,-0.63282,Nuit avec éclairage allumé,En agglomération,Intersection en X,Normale,Deux véhicules - côté,4,2,3,2,1,1,1,5,1,50,2,3,2,0,1,0,15.0,20.0,deux_roues,voiture,5,2,2,1,3
202200018187,2022-10-08 01:30:00,2022,10,8,1,30,31,31149,RN124,43.60532,1.29053,Nuit sans éclairage public,Hors agglomération,Hors intersection,Normale,Deux véhicules - frontale,2,3,4,0,1,1,1,0,1,110,2,4,0,0,0,4,85.0,34.0,voiture,voiture,3,1,1,1,1
202200018188,2022-10-08 13:15:00,2022,10,8,13,15,27,27229,JACQUARD (RUE),49.00191,1.1419,Plein jour,En agglomération,Hors intersection,Normale,Sans collision,4,2,2,0,1,1,1,0,1,50,1,1,0,0,0,1,45.0,,deux_roues,,1,2,1,1,7
202200018189,2022-10-08 09:30:00,2022,10,8,9,30,27,27229,DUGUESCLIN (RUE),49.01974,1.17152,Plein jour,En agglomération,Giratoire,Normale,Deux véhicules - côté,4,2,2,1,3,1,1,0,5,50,2,3,2,0,0,1,45.0,89.0,autre,voiture,1,2,6,1,3
202200018190,2022-10-09 01:55:00,2022,10,9,1,55,25,25056,RN 1057 (CH. EPITAPHE-CH. MONTBOUCONS),47.239156,5.979701,Nuit sans éclairage public,Hors agglomération,Hors intersection,Normale,Deux véhicules - arrière,2,3,4,0,1,1,1,9,2,90,2,3,1,0,0,2,,23.0,voiture,voiture,3,1,1,1,2
202200018191,2022-10-07 08:50:00,2022,10,7,8,50,14,14118,D401,49.203144,-0.390984,Plein jour,Hors agglomération,Giratoire,Temps éblouissant,Autre collision,3,2,4,0,1,1,1,5,1,50,2,2,1,0,1,0,80.0,61.0,voiture,deux_roues,1,1,6,7,6
202200018192,2022-10-08 23:35:00,2022,10,8,23,35,13,13001,RD9,43.48042,5.35631,Nuit avec éclairage allumé,Hors agglomération,Hors intersection,Normale,Deux véhicules - côté,3,1,3,0,1,1,1,0,1,90,2,4,0,0,0,4,20.0,25.0,voiture,voiture,5,1,1,1,3
202200018193,2022-10-08 16:28:00,2022,10,8,16,28,10,10333,,48.28961,4.06716,Plein jour,En agglomération,Giratoire,Normale,Deux véhicules - côté,3,1,1,0,1,3,1,0,1,50,2,2,1,0,1,0,49.0,22.0,voiture,deux_roues,1,2,6,1,3
202200018194,2022-10-08 04:40:00,2022,10,8,4,40,06,06029,REPUBLIQUE (BOULEVARD DE LA),43.554041,7.025134,Crépuscule ou aube,En agglomération,Hors intersection,Pluie légère,Trois véhicules et plus - en chaîne,3,3,3,0,1,1,2,0,1,50,3,3,2,0,0,1,50.0,29.0,voiture,deux_roues,2,2,1,2,4
202200018195,2022-06-29 21:05:00,2022,6,29,21,5,14,14333,D579,49.39224,0.24956,Plein jour,Hors agglomération,Hors intersection,Pluie légère,Autre collision,3,2,2,0,1,1,2,0,3,80,1,2,0,0,0,2,27.0,,voiture,,1,1,1,2,6
202200018196,2022-10-07 15:10:00,2022,10,7,15,10,75,75120,PORTE DE MONTREUIL,48.859033,2.41411,Plein jour,En agglomération,Hors intersection,Normale,Deux véhicules - arrière,4,1,4,0,1,1,1,0,1,70,2,2,1,0,0,1,42.0,41.0,deux_roues,voiture,1,2,1,1,2
202200018197,2022-10-08 09:53:00,2022,10,8,9,53,75,75106,RUE DE VAUGIRARD,48.849184,2.33842,Plein jour,En agglomération,Intersection en T,Normale,Autre collision,4,2,2,0,1,1,1,0,1,30,1,2,1,0,0,1,19.0,,voiture,,1,2,3,1,6
202200018198,2022-10-08 00:45:00,2022,10,8,0,45,75,75119,AVENUE DE LA PORTE DU PRE SAINT GERVAIS,48.882005,2.40251,Nuit avec éclairage allumé,En agglomération,Intersection en X,Normale,Deux véhicules - côté,4,2,4,0,1,1,1,0,1,30,2,2,1,0,0,1,36.0,25.0,deux_roues,voiture,5,2,2,1,3
202200018199,2022-10-08 20:52:00,2022,10,8,20,52,75,75117,AVENUE DE CLICHY,48.890572,2.32021,Nuit avec éclairage allumé,En agglomération,Intersection en X,Normale,Deux véhicules - arrière,4,2,3,0,2,1,1,0,1,30,2,3,2,0,0,1,22.0,32.0,deux_roues,voiture,5,2,2,1,2
202200018200,2022-10-07 09:00:00,2022,10,7,9,0,75,75116,ALLEE DE LA REINE MARGUERITE,48.86766,2.250895,Plein jour,En agglomération,Intersection en X,Normale,Deux véhicules - côté,4,2,2,0,1,1,1,0,1,50,2,2,1,0,0,1,41.0,23.0,utilitaire_camion,deux_roues,1,2,2,1,3
202200018201,2022-10-08 01:45:00,2022,10,8,1,45,75,75116,ALLEE DE LONGCHAMP,48.872532,2.264437,Nuit avec éclairage allumé,En agglomération,Intersection en X,Normale,Deux véhicules - côté,4,2,2,0,1,1,1,0,1,50,2,2,1,0,0,1,22.0,27.0,deux_roues,voiture,5,2,2,1,3
202200018202,2022-10-08 07:30:00,2022,10,8,7,30,75,75115,RUE DU COLONEL PIERRE AVIA,48.830728,2.27675,Plein jour,En agglomération,Hors intersection,Normale,Deux véhicules - côté,4,2,1,0,1,1,1,0,1,30,2,2,1,0,0,1,30.0,,deux_roues,voiture,1,2,1,1,3
202200018203,2022-10-07 10:05:00,2022,10,7,10,5,75,75114,BOULEVARD JOURDAN,48.820644,2.337682,Plein jour,En agglomération,Hors intersection,Normale,Sans collision,4,3,4,0,1,1,1,0,1,50,1,1,0,0,0,1,24.0,,deux_roues,,1,2,1,1,7
202200018204,2022-10-08 20:50:00,2022,10,8,20,50,75,75113,AVENUE D ITALIE,48.830947,2.355775,Nuit avec éclairage allumé,En agglomération,Place,Normale,Deux véhicules - côté,4,2,3,0,1,1,1,0,1,30,2,4,2,0,0,2,50.0,20.0,voiture,deux_roues,5,2,7,1,3
202200018205,2022-10-08 00:30:00,2022,10,8,0,30,75,75112,AVENUE DAUMESNIL,48.847299,2.375318,Nuit avec éclairage allumé,En agglomération,Intersection en X,Normale,Deux véhicules - côté,4,2,2,1,1,1,1,-1,5,30,2,2,1,0,0,1,23.0,27.0,deux_roues,voiture,5,2,2,1,3
202200018206,2022-10-08 17:50:00,2022,10,8,17,50,75,75103,PLACE DE LA REPUBLIQUE,48.867339,2.363329,Crépuscule ou aube,En agglomération,Place,Normale,Autre collision,4,2,5,0,1,1,1,0,1,30,1,3,0,0,0,3,34.0,,deux_roues,,2,2,7,1,6
202200018207,2022-10-08 15:15:00,2022,10,8,15,15,75,75102,PLACE DE LA BOURSE,48.86981,2.340603,Plein jour,En agglomération,Intersection en T,Normale,Autre collision,4,2,2,0,2,1,1,0,1,30,1,2,1,0,0,1,32.0,,voiture,,1,2,3,1,6
202200018208,2022-10-08 04:35:00,2022,10,8,4,35,75,75104,RUE DE RIVOLI,48.857532,2.351353,Nuit avec éclairage allumé,En agglomération,Intersection en X,Normale,Deux véhicules - côté,4,1,2,0,1,1,1,0,1,30,2,2,1,0,0,1,46.0,41.0,deux_roues,voiture,5,2,2,1,3
202200018209,2022-10-06 23:00:00,2022,10,6,23,0,94,94068,MARNE (BD DE LA),48.79082,2.50657,Nuit avec éclairage non allumé,En agglomération,Autre intersection,Normale,Deux véhicules - frontale,4,2,2,0,1,1,1,0,1,30,2,3,2,0,0,1,16.0,26.0,deux_roues,voiture,4,2,9,1,1
202200018210,2022-10-08 20:30:00,2022,10,8,20,30,93,93072,Chemin de Saint Leger,48.9459985755,2.3759932816,Nuit avec éclairage allumé,En agglomération,Hors intersection,Normale,Autre collision,4,2,2,0,1,1,1,0,1,50,1,2,1,0,0,1,22.0,,deux_roues,,5,2,1,1,6
202200018211,2022-10-08 06:45:00,2022,10,8,6,45,93,93046,MARECHAL LECLERC AVENUE,48.92148,2.54154,Nuit avec éclairage allumé,En agglomération,Hors intersection,Normale,Deux véhicules - côté,3,3,4,0,1,1,1,0,1,50,2,2,0,0,0,2,29.0,26.0,voiture,voiture,5,2,1,1,3
202200018212,2022-10-08 05:57:00,2022,10,8,5,57,93,93006,Rue Sadi Carnot / Rue François Mitterrand,48.87546,2.42433,Nuit avec éclairage allumé,En agglomération,Intersection en X,Normale,Deux véhicules - côté,3,1,2,3,1,1,1,0,1,50,2,2,1,0,0,1,29.0,53.0,voiture,deux_roues,5,2,2,1,3
202200018213,2022-10-08 09:00:00,2022,10,8,9,0,93,93027,Rue Marcellin Berthelot,48.9211917901,2.4140910045,Plein jour,En agglomération,Hors intersection,Normale,Autre collision,4,1,0,0,1,1,1,0,1,50,1,2,0,0,2,0,33.0,,utilitaire_camion,,1,2,1,1,6
202200018214,2022-10-08 09:20:00,2022,10,8,9,20,93,93005,Avenue Anatole France,48.9371539718,2.4945439788,Plein jour,En agglomération,Hors intersection,Temps éblouissant,Autre collision,4,2,2,0,1,1,1,6,3,20,1,2,1,0,0,1,31.0,,voiture,,1,2,1,7,6
202200018215,2022-10-08 18:25:00,2022,10,8,18,25,92,92073,MONGE (RUE MARCEL),48.8611132325,2.224852547,Plein jour,En agglomération,Hors intersection,Normale,Deux véhicules - arrière,4,2,0,0,1,1,1,0,1,50,2,2,1,0,0,1,57.0,51.0,deux_roues,voiture,1,2,1,1,2
202200018216,2022-10-08 21:00:00,2022,10,8,21,0,92,92064,MAGENTA PLACE,48.8421687685,2.2074105441,Crépuscule ou aube,En agglomération,Giratoire,Normale,Deux véhicules - côté,3,2,1,0,1,1,1,5,1,50,2,3,2,0,0,1,87.0,28.0,voiture,voiture,2,2,6,1,3
202200018217,2022-10-08 14:30:00,2022,10,8,14,30,92,92063,SAINTE-CLAIRE DEVILLE (RUE HENRI),48.89188945,2.1744373441,Plein jour,En agglomération,Intersection en T,Normale,Sans collision,4,-1,2,0,1,1,1,5,5,50,2,2,1,0,0,1,62.0,48.0,deux_roues,deux_roues,1,2,3,1,7
202200018218,2022-10-07 22:25:00,2022,10,7,22,25,92,92063,POMPIDOU (AVENUE DU PRESIDENT),48.8679515631,2.1992220282,Nuit avec éclairage allumé,En agglomération,Hors intersection,Normale,Deux véhicules - côté,4,2,1,0,1,1,1,0,1,50,2,2,1,0,0,1,56.0,17.0,voiture,deux_roues,5,2,1,1,3
202200018219,2022-10-08 14:58:00,2022,10,8,14,58,92,92050,BARBUSSE HENRI RUE,48.8914,2.1923,Plein jour,En agglomération,Intersection en X,Normale,Autre collision,4,1,1,0,1,1,1,9,8,50,1,2,1,0,0,1,62.0,,voiture,,1,2,2,1,6
202200018220,2022-10-08 08:40:00,2022,10,8,8,40,92,92026,PRÉSIDENT PAUL DOUMER (QUAI DU),48.8914457505,2.2579484582,Plein jour,En agglomération,Hors intersection,Normale,Sans collision,3,3,4,0,1,1,1,0,1,50,1,1,0,0,0,1,43.0,,deux_roues,,1,2,1,1,7
202200018221,2022-10-08 07:30:00,2022,10,8,7,30,92,92002,EGLISE (RUE DE L'),48.75205,2.29684,Crépuscule ou aube,En agglomération,Intersection en T,Normale,Deux véhicules - côté,4,2,2,0,2,1,1,0,1,50,2,2,1,0,0,1,22.0,60.0,deux_roues,voiture,2,2,3,1,3
202200018222,2022-10-09 06:05:00,2022,10,9,6,5,95,95134,RD 301,49.1413292481,2.2521865368,Nuit sans éclairage public,Hors agglomération,Hors intersection,Normale,Deux véhicules - arrière,3,3,4,0,1,1,1,0,1,-1,2,2,1,0,0,1,31.0,,voiture,voiture,3,1,1,1,2
202200018223,2022-10-08 18:50:00,2022,10,8,18,50,41,41223,D135,47.608348,1.23461,Plein jour,Hors agglomération,Hors intersection,Temps éblouissant,Autre collision,3,2,2,0,2,2,1,0,1,70,3,3,2,0,0,1,72.0,60.0,utilitaire_camion,deux_roues,1,1,1,7,6
202200018224,2022-11-15 15:04:00,2022,11,15,15,4,35,35238,BELLANGERAIS (DE LA),48.1367332667,-1.6669419408,Plein jour,En agglomération,Giratoire,Pluie forte,Autre collision,4,2,2,0,1,1,2,0,1,30,1,2,1,0,0,1,82.0,,voiture,,1,2,6,3,6
202200018225,2022-11-15 13:30:00,2022,11,15,13,30,35,35238,HENRY (RECTEUR PAUL),48.1242412236,-1.7001530528,Plein jour,En agglomération,Intersection en T,Normale,Deux véhicules - côté,4,2,2,2,1,1,1,0,1,50,2,2,1,0,0,1,19.0,23.0,voiture,voiture,1,2,3,1,3
202200018226,2022-11-15 07:40:00,2022,11,15,7,40,35,35238,ESPAGNE (D'),48.08671,-1.67294,Nuit avec éclairage allumé,En agglomération,Hors intersection,Pluie légère,Autre collision,4,2,2,0,1,1,2,0,1,50,1,2,1,0,0,1,25.0,,voiture,,5,2,1,2,6
202200018227,2022-11-15 19:20:00,2022,11,15,19,20,33,33318,Avenue de la Forge,44.79818,-0.64344,Nuit avec éclairage allumé,En agglomération,Intersection en T,Pluie légère,Deux véhicules - arrière,4,3,3,2,3,1,2,0,1,50,2,2,1,0,1,0,56.0,50.0,voiture,voiture,5,2,3,2,2
202200018228,2022-11-15 20:40:00,2022,11,15,20,40,33,33063,Avenue d'Arès,44.83699,-0.60676,Nuit avec éclairage allumé,En agglomération,Intersection en T,Temps couvert,Deux véhicules - côté,4,1,2,3,1,1,2,5,1,30,2,2,1,0,1,0,50.0,27.0,voiture,deux_roues,5,2,3,8,3
202200018229,2022-11-15 18:55:00,2022,11,15,18,55,33,33069,Boulevard Pierre 1er,44.85707,-0.59114,Nuit avec éclairage allumé,En agglomération,Intersection en X,Pluie légère,Deux véhicules - côté,4,3,4,0,1,1,2,5,1,50,2,2,1,0,0,1,40.0,29.0,deux_roues,voiture,5,2,2,2,3
202200018230,2022-11-15 16:00:00,2022,11,15,16,0,33,33009,COTE D'ARGENT (BD) DU 48 AU 162,44.6446764372,-1.1953405291,Plein jour,En agglomération,Hors intersection,Pluie légère,Deux véhicules - côté,4,2,2,0,1,1,2,0,1,50,2,2,1,0,0,1,17.0,55.0,deux_roues,voiture,1,2,1,2,3
202200018231,2022-11-15 13:15:00,2022,11,15,13,15,33,33529,COUBERTIN (RUE PIERRE DE),44.632,-1.1366,Plein jour,En agglomération,Hors intersection,Pluie légère,Sans collision,4,2,2,1,1,1,2,0,1,50,1,1,0,0,0,1,12.0,,deux_roues,,1,2,1,2,7
202200018232,2022-11-15 10:05:00,2022,11,15,10,5,31,31069,ARAGON (AV LOUIS),43.6424135367,1.3794788718,Plein jour,En agglomération,Hors intersection,Normale,Deux véhicules - côté,4,2,2,3,1,1,1,0,1,30,2,2,0,0,0,2,33.0,41.0,voiture,voiture,1,2,1,1,3
202200018233,2022-11-10 17:51:00,2022,11,10,17,51,29,29019,rue Emile Rousse,48.38308,-4.52747,Plein jour,En agglomération,Giratoire,Normale,Deux véhicules - côté,4,-1,2,0,1,1,1,0,1,50,2,2,1,0,0,1,80.0,60.0,voiture,deux_roues,1,2,6,1,3
202200018234,2022-11-10 17:47:00,2022,11,10,17,47,27,27229,FOCH (AVENUE DU MARECHAL),49.0234802249,1.1343598366,Nuit avec éclairage allumé,En agglomération,Hors intersection,Temps couvert,Trois véhicules et plus - en chaîne,4,1,2,0,1,1,1,0,1,50,3,3,2,0,0,1,36.0,32.0,voiture,voiture,5,2,1,8,4
202200018235,2022-11-15 18:00:00,2022,11,15,18,0,25,25056,GALILEE RUE,47.24618,5.99905,Nuit avec éclairage allumé,En agglomération,Intersection en X,Pluie légère,Deux véhicules - côté,4,2,2,0,2,1,2,0,1,50,2,2,1,0,0,1,29.0,19.0,voiture,voiture,5,2,2,2,3
202200018236,2022-11-15 09:55:00,2022,11,15,9,55,22,22215,VICTOIRE (RUE DE LA),48.50136,-2.78177,Plein jour,En agglomération,Hors intersection,Pluie légère,Autre collision,3,2,2,0,1,1,2,0,1,50,1,1,0,0,0,1,54.0,,voiture,,1,2,1,2,6
202200018237,2022-11-11 06:05:00,2022,11,11,6,5,21,21054,GAULLE (AVENUE DU GENERAL DE),47.014816,4.83954,Nuit avec éclairage allumé,En agglomération,Autre intersection,Brouillard / fumée,Deux véhicules - côté,4,3,2,1,1,1,2,9,1,50,2,2,1,0,1,0,,16.0,voiture,deux_roues,5,2,9,5,3
202200018238,2022-11-15 22:10:00,2022,11,15,22,10,17,17300,117 Avenue Denfert Rochereau,46.16454,-1.19778,Nuit avec éclairage allumé,En agglomération,Giratoire,Normale,Deux véhicules - côté,4,1,1,0,1,2,1,0,1,50,2,4,1,0,0,3,39.0,33.0,voiture,voiture,5,2,6,1,3
202200018239,2022-11-15 20:00:00,2022,11,15,20,0,14,14118,N814,49.1965,-0.37747,Nuit avec éclairage allumé,En agglomération,Hors intersection,Normale,Deux véhicules - côté,2,1,2,0,3,1,2,2,1,70,2,2,0,0,0,2,40.0,35.0,voiture,voiture,5,2,1,1,3
202200018240,2022-11-15 12:05:00,2022,11,15,12,5,13,13071,CHATEAU D'EAU ( CHEMIN DU ),43.39086,5.3327,Plein jour,En agglomération,Hors intersection,Normale,Autre collision,4,1,1,0,3,2,1,0,1,30,1,1,0,0,1,0,28.0,,deux_roues,,1,2,1,1,6
202200018241,2022-11-15 07:20:00,2022,11,15,7,20,13,13210,JEAN MOULIN (BOULEVARD),43.2865810476,5.3994482426,Crépuscule ou aube,En agglomération,Hors intersection,Normale,Deux véhicules - côté,4,2,5,0,1,1,1,0,1,50,2,2,1,0,1,0,19.0,48.0,voiture,deux_roues,2,2,1,1,3
202200018242,2022-11-15 17:44:00,2022,11,15,17,44,13,13004,AV STALINGRAD,43.69361,4.63954,Nuit avec éclairage allumé,En agglomération,Hors intersection,Pluie légère,Deux véhicules - côté,4,2,2,0,1,1,2,0,1,50,2,2,0,0,1,1,17.0,81.0,deux_roues,voiture,5,2,1,2,3
202200018243,2022-11-14 12:30:00,2022,11,14,12,30,11,11069,44 Av du Pdt Franklin Roosevelt,43.21967,2.3416,Plein jour,En agglomération,Intersection en T,Normale,Deux véhicules - côté,4,2,2,0,1,1,1,0,1,50,2,2,1,0,0,1,16.0,41.0,deux_roues,voiture,1,2,3,1,3
202200018244,2022-11-14 10:40:00,2022,11,14,10,40,10,10357,CELESTIN PHILBOIS (RUE),48.304,4.1119,Plein jour,En agglomération,Hors intersection,Normale,Sans collision,4,2,0,0,1,1,2,0,4,30,1,1,0,0,0,1,49.0,,voiture,,1,2,1,1,7
202200018245,2022-11-15 16:05:00,2022,11,15,16,5,06,06088,SAINT-JEAN BAPTISTE (AV.),43.7008463675,7.2774527122,Plein jour,En agglomération,Hors intersection,Pluie légère,Deux véhicules - arrière,4,1,3,2,1,1,2,6,1,50,2,2,1,0,0,1,44.0,29.0,voiture,voiture,1,2,1,2,2
202200018246,2022-11-15 10:30:00,2022,11,15,10,30,04,04112,PASTEUR (BD.),43.82914,5.78235,Plein jour,En agglomération,Giratoire,Temps couvert,Deux véhicules - côté,4,3,1,0,2,1,1,0,1,50,2,2,1,0,1,0,47.0,31.0,deux_roues,utilitaire_camion,1,2,6,8,3
202200018247,2022-11-14 16:00:00,2022,11,14,16,0,91,91657,AV DE LA TOURELLE,48.690553,2.439721,Plein jour,En agglomération,Hors intersection,Normale,Sans collision,3,2,0,0,1,1,1,0,1,50,1,2,1,0,0,1,,,voiture,,1,2,1,1,7
202200018248,2022-11-10 17:45:00,2022,11,10,17,45,82,82121,TESCOU (RUE DU),44.01499,1.35203,Crépuscule ou aube,En agglomération,Intersection en T,Normale,Autre collision,3,2, -1,0,4,1,1,0,1,50,1,2,1,0,1,0,51.0,,voiture,,2,2,3,1,6
202200018249,2022-11-14 10:15:00,2022,11,14,10,15,78,78401,TESSANCOURT (RUE DE),49.007189,1.905467,Plein jour,En agglomération,Hors intersection,Brouillard / fumée,Trois véhicules et plus - en chaîne,3,-1,2,0,1,1,1,0,1,50,3,4,2,0,0,2,42.0,35.0,voiture,voiture,1,2,1,5,4
202200018250,2022-11-11 16:40:00,2022,11,11,16,40,76,76259,LEBORGNE ( RUE CHARLES),49.75314,0.37185,Plein jour,En agglomération,Autre intersection,Normale,Autre collision,4,1,1,0,3,1,1,0,1,50,1,4,0,0,3,1,28.0,,deux_roues,,1,2,9,1,6
202200018251,2022-11-07 18:15:00,2022,11,7,18,15,62,62498,Rue de Normandie,50.43993,2.79379,Nuit avec éclairage allumé,En agglomération,Hors intersection,Normale,Autre collision,4,1,1,0,1,1,1,0,1,50,1,2,1,0,1,0,43.0,,voiture,,5,2,1,1,6
202200018252,2022-11-13 11:15:00,2022,11,13,11,15,49,49099,MAULEVRIER(RUE DE ),47.04928,-0.83519,Plein jour,Hors agglomération,Intersection en X,Normale,Autre collision,3,2,2,0,1,1,1,0,1,80,1,2,0,0,1,1,49.0,,utilitaire_camion,,1,1,2,1,6
202200018253,2022-11-14 18:50:00,2022,11,14,18,50,29,29019,Rue du Commandant Paul Vibert,48.39947,-4.50661,Nuit avec éclairage allumé,En agglomération,Intersection en T,Pluie légère,Autre collision,4,2,2,0,1,1,2,0,1,30,1,2,1,0,0,1,50.0,,voiture,,5,2,3,2,6
202200018254,2022-09-10 09:30:00,2022,9,10,9,30,91,91174,BD JEAN JAURES,48.6106511995,2.4624618566,Plein jour,En agglomération,Hors intersection,Normale,Autre collision,3,2,3,0,1,1,1,9,8,20,1,2,1,0,0,1,45.0,,voiture,,1,2,1,1,6
202200018255,2022-06-25 23:00:00,2022,6,25,23,0,84,84007,TARASCON ( Avenue de),43.9266,4.8095,Nuit avec éclairage allumé,En agglomération,Intersection en T,Normale,Deux véhicules - côté,4,2,2,0,1,1,1,0,1,50,2,3,0,0,0,3,24.0,25.0,voiture,voiture,5,2,3,1,3
202200018256,2022-08-06 22:38:00,2022,8,6,22,38,26,26362,GENISSIEU RUE JEAN JOSEPH,44.924328,4.894236,Nuit avec éclairage allumé,En agglomération,Intersection en X,Normale,Deux véhicules - côté,4,1,1,0,1,1,1,0,1,50,2,3,2,0,0,1,40.0,37.0,voiture,deux_roues,5,2,2,1,3
202200018257,2022-11-10 16:20:00,2022,11,10,16,20,976,97611,kaweni-Kaweni nord ( Z I ),-12.76503,45.22667,Plein jour,En agglomération,Intersection en T,Normale,Deux véhicules - côté,2,1,2,0,1,1,1,0,1,10,2,2,1,0,0,1,40.0,41.0,deux_roues,voiture,1,2,3,1,3