accident_id,datetime,annee,mois,jour,heure,minute,departement,commune_insee,adresse,latitude,longitude,luminosite,agglomeration,intersection,meteo,collision,catr,circ,nbv,vosp,prof,plan,surf,infra,situ,vma,nb_vehicules,nb_usagers,nb_indemnes,nb_tues,nb_blesses_hosp,nb_blesses_legers,age_cond_1,age_cond_2,veh_type_cond_1,veh_type_cond_2,lum_code,agg_code,int_code,atm_code,col_code
202200018258,2022-11-10 17:50:00,2022,11,10,17,50,974,97416,CAMBRAI (LIGNE),-21.28661,55.47117,Plein jour,En agglomération,Hors intersection,Normale,Trois véhicules et plus - en chaîne,4,2,2,0,2,1,1,0,1,50,3,3,2,0,0,1,36.0,23.0,voiture,voiture,1,2,1,1,4
202200018259,2022-11-10 15:55:00,2022,11,10,15,55,974,97411,LECLERC (DU MARECHAL),-20.8811,55.45875,Plein jour,En agglomération,Hors intersection,Normale,Deux véhicules - côté,4,1,1,0,1,1,1,0,1,50,2,2,1,0,0,1,41.0,36.0,voiture,deux_roues,1,2,1,1,3
202200018260,2022-11-14 09:55:00,2022,11,14,9,55,973,97302,GALMOT (AVENUE),4.9320813387,-52.32797876,Plein jour,En agglomération,Hors intersection,Normale,Deux véhicules - arrière,4,2,2,0,1,1,1,0,1,50,2,2,1,0,0,1,22.0,61.0,voiture,deux_roues,1,2,1,1,2
202200018261,2022-11-13 22:00:00,2022,11,13,22,0,973,97302,MANDELA  (BOULEVARD),4.940029981,-52.3266470432,Nuit avec éclairage allumé,En agglomération,Intersection en X,Normale,Deux véhicules - côté,4,3,4,0,1,1,1,0,1,50,2,2,1,0,0,1,28.0,,deux_roues,voiture,5,2,2,1,3
202200018262,2022-11-14 21:30:00,2022,11,14,21,30,69,69383,Avenue Félix Faure,45.75368,4.85953,Nuit avec éclairage allumé,En agglomération,Intersection en X,Pluie légère,Autre collision,4,2,5,2,1,1,2,0,1,50,1,2,1,0,0,1,,,voiture,,5,2,2,2,6
202200018263,2022-11-14 21:20:00,2022,11,14,21,20,69,69386,Rue de Sèze,45.76792,4.84404,Nuit avec éclairage allumé,En agglomération,Intersection en X,Pluie forte,Deux véhicules - côté,4,1,1,2,1,1,2,0,1,30,2,2,1,0,0,1,22.0,29.0,voiture,deux_roues,5,2,2,3,3
202200018264,2022-11-14 20:25:00,2022,11,14,20,25,69,69383,Cours Gambetta,45.75047,4.85704,Nuit avec éclairage allumé,En agglomération,Intersection en X,Pluie légère,Deux véhicules - côté,4,2,2,0,1,1,2,5,6,50,2,2,1,0,0,1,23.0,25.0,utilitaire_camion,deux_roues,5,2,2,2,3
202200018265,2022-11-14 12:40:00,2022,11,14,12,40,69,69388,3 Rue du Transvaal,45.7380638543,4.8780611157,Plein jour,En agglomération,Hors intersection,Normale,Deux véhicules - arrière,4,1,1,0,1,1,1,0,1,50,2,2,1,0,0,1,38.0,40.0,deux_roues,voiture,1,2,1,1,2
202200018266,2022-11-10 18:30:00,2022,11,10,18,30,69,69387,Avenue Debourg,45.73158,4.82783,Nuit avec éclairage allumé,En agglomération,Intersection en X,Normale,Autre collision,4,2,2,2,1,1,1,0,1,50,2,3,2,0,0,1,,34.0,deux_roues,voiture,5,2,2,1,6
202200018267,2022-11-14 17:25:00,2022,11,14,17,25,972,97213,AUTOROUTE A1,14.61585392,-61.01443,Plein jour,Hors agglomération,Hors intersection,Pluie légère,Deux véhicules - arrière,1,2,6,0,1,1,2,0,1,90,2,2,1,0,1,0,20.0,43.0,deux_roues,deux_roues,1,1,1,2,2
202200018268,2022-11-09 19:15:00,2022,11,9,19,15,972,97213,MAHAULT,14.615,-61.01,Nuit sans éclairage public,Hors agglomération,Hors intersection,Temps couvert,Deux véhicules - arrière,2,3,6,3,1,1,1,0,1,90,2,2,1,0,1,0,34.0,37.0,voiture,voiture,3,1,1,8,2
202200018269,2022-11-03 15:25:00,2022,11,3,15,25,972,97209,RD 41 (ROCADE),14.61344,-61.06488,Plein jour,Hors agglomération,Autre intersection,Normale,Sans collision,9,-1,1,0,1,1,1,0,6,60,1,1,0,0,1,0,40.0,,deux_roues,,1,1,9,1,7
202200018270,2022-11-14 17:49:00,2022,11,14,17,49,69,69034,Rue François Peissel,45.79233,4.83824,Crépuscule ou aube,En agglomération,Hors intersection,Pluie légère,Autre collision,4,2,2,0,1,1,2,0,1,50,1,2,1,0,0,1,77.0,,voiture,,2,2,1,2,6
202200018271,2022-11-13 22:20:00,2022,11,13,22,20,69,69149,Rue Ampère,45.70741,4.81405,Nuit avec éclairage allumé,En agglomération,Intersection en T,Normale,Deux véhicules - côté,4,2,2,0,2,1,1,0,1,30,2,3,2,0,1,0,20.0,26.0,deux_roues,voiture,5,2,3,1,3
202200018272,2022-11-10 14:20:00,2022,11,10,14,20,69,69081,Bretelle 8 Porte du Valvert,45.7721,4.7899,Plein jour,Hors agglomération,Intersection en Y,Normale,Deux véhicules - arrière,7,1,1,0,1,2,1,0,1,50,2,2,1,0,0,1,28.0,22.0,deux_roues,voiture,1,1,4,1,2
202200018273,2022-11-12 20:45:00,2022,11,12,20,45,971,97101,PALAIS ROYAL,16.28055,-61.49713,Nuit avec éclairage allumé,Hors agglomération,Autre intersection,Pluie forte,Deux véhicules - côté,2,2,2,0,1,1,2,9,1,70,2,2,1,0,0,1,23.0,55.0,voiture,voiture,5,1,9,3,3
202200018274,2022-11-10 14:00:00,2022,11,10,14,0,971,97113,SECTION GRANDE RAVINE,16.20964,-61.4721,Plein jour,Hors agglomération,Hors intersection,Normale,Deux véhicules - côté,2,2,2,0,1,1,1,0,8,70,2,3,2,0,0,1,23.0,47.0,voiture,deux_roues,1,1,1,1,3
202200018275,2022-11-09 20:15:00,2022,11,9,20,15,971,97120,FAUBOURG VICTOR HUGO,16.2372296713,-61.5332329273,Nuit avec éclairage allumé,En agglomération,Autre intersection,Normale,Autre collision,4,1,1,0,1,1,1,9,1,50,1,2,1,0,1,0,,,voiture,,5,2,9,1,6
202200018276,2022-11-04 17:00:00,2022,11,4,17,0,971,97113,SECTION PLIANE,16.217394315,-61.4595365524,Crépuscule ou aube,Hors agglomération,Hors intersection,Normale,Autre collision,4,-1,0,0,1,2,1,0,4,50,1,3,0,0,1,2,25.0,,deux_roues,,2,1,1,1,6
202200018277,2022-11-14 08:15:00,2022,11,14,8,15,91,91689,RUE COLBERT,48.724837,2.320273,Plein jour,En agglomération,Autre intersection,Normale,Autre collision,4,1,3,0,1,1,1,0,1,110,2,2,1,0,0,1,,28.0,autre,deux_roues,1,2,9,1,6
202200018278,2022-09-01 18:10:00,2022,9,1,18,10,91,91228,RTE NATIONALE 7,48.63022,2.43951,Plein jour,Hors agglomération,Hors intersection,Normale,Trois véhicules et plus - collisions multiples,3,2,4,0,1,1,1,0,1,90,3,3,2,0,0,1,53.0,25.0,voiture,voiture,1,1,1,1,5
202200018279,2022-11-09 19:49:00,2022,11,9,19,49,91,91223,PASTEUR (BOULEVARD),48.4291,2.14335,Nuit avec éclairage allumé,En agglomération,Hors intersection,Normale,Sans collision,4,-1,0,0,1,1,1,0,1,50,1,1,0,0,0,1,77.0,,voiture,,5,2,1,1,7
202200018280,2022-11-11 17:15:00,2022,11,11,17,15,87,87085,BOURNEVILLE (RUE DE),45.81848,1.24006,Plein jour,En agglomération,Hors intersection,Normale,Autre collision,4,2,2,0,1,1,1,0,1,50,1,1,0,0,0,1,82.0,,voiture,,1,2,1,1,6
202200018281,2022-11-09 18:13:00,2022,11,9,18,13,87,87085,DE GAULLE (AVENUE DU GENERAL),45.83368,1.26537,Crépuscule ou aube,En agglomération,Hors intersection,Normale,Trois véhicules et plus - en chaîne,4,2,2,0,1,1,1,0,1,30,4,4,3,0,0,1,47.0,22.0,voiture,voiture,2,2,1,1,4
202200018282,2022-11-09 19:34:00,2022,11,9,19,34,87,87085,BELLAC (RUE DE),45.84603,1.24559,Plein jour,En agglomération,Hors intersection,Normale,Autre collision,4,2,2,0,1,1,2,0,1,50,1,2,1,0,0,1,53.0,,voiture,,1,2,1,1,6
202200018283,2022-11-08 11:17:00,2022,11,8,11,17,87,87085,ROBERVAL (RUE GILDAS DE),45.88032,1.26986,Plein jour,En agglomération,Intersection en X,Normale,Deux véhicules - côté,4,2,2,0,1,1,1,0,1,50,2,2,1,0,0,1,78.0,52.0,voiture,voiture,1,2,2,1,3
202200018284,2022-11-10 14:33:00,2022,11,10,14,33,86,86194,Rue de la Milètrie,46.561513,0.378969,Plein jour,En agglomération,Hors intersection,Temps couvert,Autre collision,4,3,2,0,1,1,1,0,1,50,1,2,1,0,1,0,54.0,,voiture,,1,2,1,8,6
202200018285,2022-11-13 12:26:00,2022,11,13,12,26,80,80021,REMBAULT (RUE),49.89716,2.28029,Plein jour,En agglomération,Intersection en T,Normale,Deux véhicules - côté,4,2,2,0,1,1,1,0,1,50,2,5,1,0,0,4,48.0,20.0,voiture,voiture,1,2,3,1,3
202200018286,2022-11-09 18:25:00,2022,11,9,18,25,80,80021,FENELON (RUE),49.91379,2.32325,Nuit avec éclairage allumé,En agglomération,Hors intersection,Normale,Autre collision,4,2,4,0,1,1,1,0,1,50,1,2,1,0,1,0,24.0,,utilitaire_camion,,5,2,1,1,6
202200018287,2022-11-09 13:45:00,2022,11,9,13,45,78,78640,ARISTIDE BRIAND (RUE),48.783343,2.189887,Plein jour,En agglomération,Intersection en X,Normale,Autre collision,4,2,4,0,1,1,1,0,1,30,1,2,1,0,1,0,50.0,,voiture,,1,2,2,1,6
202200018288,2022-11-14 22:30:00,2022,11,14,22,30,77,77438,D418,48.8546,2.6667,Nuit avec éclairage allumé,En agglomération,Intersection en T,Normale,Autre collision,3,3,1,0,2,1,1,5,1,50,3,4,2,0,0,2,21.0,25.0,voiture,voiture,5,2,3,1,6
202200018289,2022-11-14 14:05:00,2022,11,14,14,5,77,77058,Avenue du Général de Gaulle,48.8390110573,2.7181779401,Plein jour,En agglomération,Hors intersection,Normale,Autre collision,4,2,2,0,1,1,1,0,1,50,1,2,1,0,0,1,71.0,,voiture,,1,2,1,1,6
202200018290,2022-11-10 17:00:00,2022,11,10,17,0,77,77307,D344A,48.8544,2.76733,Crépuscule ou aube,En agglomération,Hors intersection,Normale,Deux véhicules - arrière,3,3,3,0,1,1,1,0,1,50,2,3,1,0,0,2,15.0,39.0,deux_roues,voiture,2,2,1,1,2
202200018291,2022-11-10 21:40:00,2022,11,10,21,40,77,77131,D934,48.8090394787,3.0813275671,Nuit avec éclairage non allumé,En agglomération,Hors intersection,Normale,Deux véhicules - frontale,3,3,1,0,1,3,1,0,1,50,2,2,0,0,0,2,47.0,36.0,voiture,utilitaire_camion,4,2,1,1,1
202200018292,2022-11-10 23:25:00,2022,11,10,23,25,76,76540,Route de Bonsecours,49.43173,1.10958,Nuit avec éclairage allumé,En agglomération,Intersection en T,Normale,Deux véhicules - côté,7,2,2,0,4,1,1,9,1,50,2,3,2,0,0,1,23.0,51.0,deux_roues,voiture,5,2,3,1,3
202200018293,2022-11-13 12:55:00,2022,11,13,12,55,76,76341,RD 6015,49.50366,0.19365,Plein jour,Hors agglomération,Intersection en Y,Normale,Deux véhicules - arrière,3,3,4,0,1,1,1,0,1,70,2,2,1,0,0,1,71.0,42.0,voiture,deux_roues,1,1,4,1,2
202200018294,2022-11-11 05:19:00,2022,11,11,5,19,76,76351,GEORGE V (QUAI),49.49114,0.11405,Nuit avec éclairage allumé,En agglomération,Hors intersection,Normale,Autre collision,4,1,3,1,1,1,1,0,1,50,1,1,0,0,0,1,29.0,,deux_roues,,5,2,1,1,6
202200018295,2022-11-11 17:00:00,2022,11,11,17,0,76,76351,CLEMENCEAU (BD),49.49171,0.09685,Plein jour,En agglomération,Intersection en T,Normale,Autre collision,4,2,2,0,1,1,1,0,4,30,1,2,1,0,1,0,76.0,,voiture,,1,2,3,1,6
202200018296,2022-11-09 15:20:00,2022,11,9,15,20,76,76351,REPUBLIQUE (COURS DE LA),49.4976500791,0.1279145479,Plein jour,En agglomération,Intersection en T,Normale,Deux véhicules - côté,4,3,6,2,2,1,1,0,1,50,2,2,1,0,0,1,37.0,28.0,deux_roues,voiture,1,2,3,1,3
202200018297,2022-11-13 07:13:00,2022,11,13,7,13,72,72003,CURIE PIERRE (RUE),47.96755,0.15775,Nuit sans éclairage public,En agglomération,Hors intersection,Normale,Autre collision,4,2,2,0,1,1,1,0,1,50,1,1,0,0,0,1,27.0,,voiture,,3,2,1,1,6
202200018298,2022-11-13 11:00:00,2022,11,13,11,0,72,72181,EPERON (PL DE L') N°  2 A 14,48.00528,0.1951,Plein jour,En agglomération,Hors intersection,Normale,Autre collision,4,-1,0,0,4,1,1,6,4,30,1,2,1,0,0,1,18.0,,deux_roues,,1,2,1,1,6
202200018299,2022-11-10 20:20:00,2022,11,10,20,20,72,72181,MESSIAEN OLIVIER (AV) PAIRS,48.01448,0.16201,Nuit avec éclairage allumé,En agglomération,Hors intersection,Normale,Deux véhicules - arrière,3,-1,0,0,1,1,1,0,1,50,2,2,1,0,0,1,21.0,21.0,voiture,voiture,5,2,1,1,2
202200018300,2022-11-10 19:10:00,2022,11,10,19,10,72,72181,NATIONALE (RUE),47.99781,0.2007,Nuit avec éclairage allumé,En agglomération,Hors intersection,Normale,Deux véhicules - côté,4,-1,2,0,2,1,1,0,1,50,2,3,1,0,0,2,20.0,29.0,deux_roues,voiture,5,2,1,1,3
202200018301,2022-11-13 16:30:00,2022,11,13,16,30,71,71309,3 Rte Neuve la Combe aux Beautes,46.79747,4.39313,Plein jour,En agglomération,Hors intersection,Brouillard / fumée,Sans collision,3,-1,0,0,1,2,1,0,1,70,1,1,0,0,0,1,33.0,,voiture,,1,2,1,5,7
202200018302,2022-11-10 17:50:00,2022,11,10,17,50,71,71540,Boulevard du 8 Mai 1945,46.77343,4.44791,Nuit sans éclairage public,Hors agglomération,Hors intersection,Normale,Deux véhicules - arrière,3,2,2,0,1,1,1,0,1,80,2,2,1,0,0,1,34.0,30.0,voiture,voiture,3,1,1,1,2
202200018303,2022-11-10 12:50:00,2022,11,10,12,50,69,69266,Rue Jean Jaurès,45.75761,4.88257,Plein jour,En agglomération,Intersection en T,Normale,Deux véhicules - côté,4,2,2,2,1,1,1,0,1,30,2,2,1,0,0,1,18.0,,deux_roues,voiture,1,2,3,1,3
202200018304,2022-11-11 01:15:00,2022,11,11,1,15,69,69264,Boulevard Louis Blanc,45.98717,4.72136,Nuit avec éclairage allumé,En agglomération,Intersection en X,Normale,Deux véhicules - côté,3,3,2,0,1,1,1,0,1,50,2,2,1,0,0,1,19.0,19.0,voiture,voiture,5,2,2,1,3
202200018305,2022-11-10 14:00:00,2022,11,10,14,0,69,69264,Rue Jules Guesde,45.99391,4.73457,Plein jour,En agglomération,Giratoire,Normale,Deux véhicules - côté,4,2,2,0,1,1,1,0,1,50,2,2,1,0,0,1,20.0,27.0,deux_roues,voiture,1,2,6,1,3
202200018306,2022-11-09 08:05:00,2022,11,9,8,5,69,69074,Route de Montmelas,46.00353,4.67791,Plein jour,Hors agglomération,Hors intersection,Pluie légère,Sans collision,3,2,2,0,1,1,2,0,1,70,1,1,0,0,0,1,16.0,,deux_roues,,1,1,1,2,7
202200018307,2022-11-14 13:35:00,2022,11,14,13,35,69,69199,22 Rue Carnot,45.7080723021,4.8576079309,Plein jour,En agglomération,Hors intersection,Normale,Autre collision,4,2,2,2,1,1,1,0,1,30,1,2,1,0,0,1,29.0,,voiture,,1,2,1,1,6
202200018308,2022-11-10 18:44:00,2022,11,10,18,44,69,69029,Boulevard Pinel,45.72838,4.88684,Nuit avec éclairage allumé,En agglomération,Hors intersection,Normale,Deux véhicules - côté,4,2,2,3,1,1,1,0,1,50,2,2,1,0,0,1,35.0,35.0,deux_roues,voiture,5,2,1,1,3
202200018309,2022-07-28 20:35:00,2022,7,28,20,35,60,60555,D63,49.642158,2.346203,Plein jour,Hors agglomération,Intersection en X,Temps éblouissant,Deux véhicules - frontale,3,2,2,0,1,1,1,0,1,80,2,5,0,0,1,4,32.0,24.0,voiture,utilitaire_camion,1,1,2,7,1
202200018310,2022-02-02 18:05:00,2022,2,2,18,5,64,64483,RD810,43.4126649537,-1.6168698306,Plein jour,En agglomération,Hors intersection,Normale,Deux véhicules - arrière,3,2,2,0,1,1,1,0,1,70,2,2,1,0,0,1,53.0,48.0,deux_roues,voiture,1,2,1,1,2
202200018311,2022-11-10 19:50:00,2022,11,10,19,50,69,69091,Rue Honoré Pététin,45.59105,4.77274,Nuit avec éclairage allumé,En agglomération,Intersection en T,Normale,Deux véhicules - côté,7,2,4,2,1,2,1,5,1,50,2,3,2,0,0,1,29.0,31.0,deux_roues,voiture,5,2,3,1,3
202200018312,2022-02-02 16:38:00,2022,2,2,16,38,64,64445,Place des Étoiles,43.3002,-0.36806,Plein jour,En agglomération,Hors intersection,Normale,Deux véhicules - arrière,4,2,2,0,1,1,1,0,1,30,2,3,1,0,0,2,15.0,62.0,deux_roues,voiture,1,2,1,1,2
202200018313,2022-11-13 20:10:00,2022,11,13,20,10,67,67482,VIENNE (ROUTE DE),48.57542,7.75469,Nuit avec éclairage allumé,En agglomération,Intersection en T,Normale,Autre collision,4,3,5,1,1,1,1,2,5,50,2,2,1,0,0,1,34.0,,deux_roues,voiture,5,2,3,1,6
202200018314,2022-07-28 18:00:00,2022,7,28,18,0,43,43092,RD 500,44.979826,4.22008,Plein jour,Hors agglomération,Hors intersection,Pluie légère,Autre collision,3,2,2,0,2,1,2,0,3,80,1,3,0,0,3,0,50.0,,voiture,,1,1,1,2,6
202200018315,2022-11-12 05:40:00,2022,11,12,5,40,67,67482,MOLIERE (AVENUE),48.59711,7.70354,Nuit avec éclairage allumé,En agglomération,Hors intersection,Pluie légère,Autre collision,4,2,2,1,1,1,2,0,3,50,1,1,0,0,0,1,26.0,,voiture,,5,2,1,2,6
202200018316,2022-02-02 20:15:00,2022,2,2,20,15,59,59599,EGALITE (BOULEVARD DE L'),50.7306740945,3.1676405668,Nuit avec éclairage allumé,En agglomération,Giratoire,Normale,Autre collision,4,3,1,3,1,1,1,5,6,50,1,2,1,0,0,1,,,utilitaire_camion,,5,2,6,1,6
202200018317,2022-07-29 18:00:00,2022,7,29,18,0,10,10175,21 Rue Grande,48.5003413514,4.3808841705,Plein jour,En agglomération,Hors intersection,Normale,Autre collision,3,2,2,0,1,1,1,0,4,50,1,1,0,0,1,0,29.0,,deux_roues,,1,2,1,1,6
202200018318,2022-11-11 19:45:00,2022,11,11,19,45,67,67447,BISCHWILLER (ROUTE DE),48.6068277788,7.7492022514,Nuit avec éclairage allumé,En agglomération,Hors intersection,Normale,Deux véhicules - arrière,7,2,3,0,1,1,1,9,1,40,2,2,1,0,0,1,30.0,21.0,deux_roues,voiture,5,2,1,1,2
202200018319,2022-02-01 16:30:00,2022,2,1,16,30,59,59128,FUSILLES RUE DES,50.64131,2.97199,Plein jour,En agglomération,Hors intersection,Normale,Autre collision,7,2,2,2,1,1,1,0,1,50,1,2,1,0,1,0,43.0,,voiture,,1,2,1,1,6
202200018320,2022-11-11 13:10:00,2022,11,11,13,10,67,67482,HAUTE MONTEE (RUE DE LA),48.58429,7.74759,Plein jour,En agglomération,Intersection en T,Normale,Autre collision,4,2,2,3,1,1,9,0,1,20,1,2,1,0,0,1,32.0,,deux_roues,,1,2,3,1,6
202200018321,2022-07-29 10:00:00,2022,7,29,10,0,07,07078,,45.256209,4.695743,Plein jour,En agglomération,Giratoire,Pluie légère,Autre collision,3,1,2,0,1,1,2,5,1,70,1,2,1,0,1,0,82.0,,voiture,,1,2,6,2,6
202200018322,2022-02-02 07:20:00,2022,2,2,7,20,58,58194,REMIGNY,46.99114,3.16054,Crépuscule ou aube,En agglomération,Intersection en T,Normale,Deux véhicules - côté,4,1,1,0,1,1,1,0,1,30,2,2,0,0,0,2,50.0,46.0,voiture,voiture,2,2,3,1,3
202200018323,2022-11-10 19:45:00,2022,11,10,19,45,67,67482,VOSGES (AVENUE DES),48.5892,7.75259,Nuit avec éclairage allumé,En agglomération,Intersection en T,Normale,Deux véhicules - côté,4,3,5,0,1,1,1,0,1,50,2,2,1,0,1,0,19.0,33.0,deux_roues,voiture,5,2,3,1,3
202200018324,2022-07-27 21:25:00,2022,7,27,21,25,04,04001,RN 85,44.050518,6.148176,Crépuscule ou aube,Hors agglomération,Giratoire,Normale,Sans collision,2,2,2,0,1,1,1,5,4,80,1,1,0,0,1,0,57.0,,deux_roues,,2,1,6,1,7
202200018325,2022-02-01 19:15:00,2022,2,1,19,15,58,58194,HENRI BOUQUILLARD,46.99614,3.12391,Crépuscule ou aube,En agglomération,Hors intersection,Normale,Autre collision,3,2,2,0,1,1,1,0,1,50,1,1,0,0,0,1,15.0,,deux_roues,,2,2,1,1,6
202200018326,2022-11-10 12:20:00,2022,11,10,12,20,67,67482,KELLERMANN (QUAI),48.58624,7.74568,Plein jour,En agglomération,Intersection en T,Normale,Deux véhicules - frontale,4,2,2,0,1,1,1,0,1,50,2,2,1,0,0,1,58.0,27.0,voiture,deux_roues,1,2,3,1,1
202200018327,2022-02-01 17:30:00,2022,2,1,17,30,58,58194,RESISTANCE (SQUARE),46.99258,3.16031,Nuit avec éclairage allumé,En agglomération,Hors intersection,Normale,Deux véhicules - frontale,4,2,2,0,1,1,1,0,1,30,1,2,1,0,0,1,41.0,,voiture,,5,2,1,1,1
202200018328,2022-04-26 17:00:00,2022,4,26,17,0,85,85047,Boulevard Viaud Grand Marais,46.8492859094,-1.8736852705,Plein jour,En agglomération,Hors intersection,Normale,Autre collision,4,3,2,0,1,1,1,9,1,50,1,2,1,0,0,1,48.0,,voiture,,1,2,1,1,6
202200018329,2022-02-01 16:56:00,2022,2,1,16,56,56,56121,55 Rue Monistrol,47.73655,-3.38301,Plein jour,En agglomération,Giratoire,Temps couvert,Autre collision,4,2,2,0,4,1,1,5,1,30,1,2,1,0,0,1,25.0,,voiture,,1,2,6,8,6
202200018330,2022-07-28 20:20:00,2022,7,28,20,20,72,72308,A28,48.418886,0.13340033,Crépuscule ou aube,Hors agglomération,Hors intersection,Normale,Autre collision,1,3,4,0,1,1,1,0,2,130,1,1,0,0,1,0,59.0,,voiture,,2,1,1,1,6
202200018331,2022-11-10 08:20:00,2022,11,10,8,20,67,67482,SCHIRMECK (ROUTE DE),48.5654,7.70709,Plein jour,En agglomération,Intersection en T,Brouillard / fumée,Deux véhicules - côté,7,2,3,1,1,1,1,0,8,50,2,2,1,0,0,1,26.0,39.0,voiture,deux_roues,1,2,3,5,3
202200018332,2022-02-01 17:50:00,2022,2,1,17,50,54,54273,HUGO (RUE VICTOR),49.16495,5.8726,Nuit avec éclairage allumé,En agglomération,Hors intersection,Pluie légère,Autre collision,3,2,2,0,1,1,2,0,1,50,1,3,2,0,1,0,21.0,,utilitaire_camion,,5,2,1,2,6
202200018333,2022-07-27 19:30:00,2022,7,27,19,30,67,67106,A35,48.7597023099,7.9258564314,Plein jour,Hors agglomération,Hors intersection,Normale,Sans collision,1,-1,4,0,1,1,1,9,3,130,1,2,1,0,0,1,20.0,,voiture,,1,1,1,1,7
202200018334,2022-11-09 19:45:00,2022,11,9,19,45,67,67447,FREDERIC MISTRAL (RUE),48.61078,7.73524,Nuit avec éclairage allumé,En agglomération,Intersection en T,Pluie légère,Trois véhicules et plus - en chaîne,4,2,2,0,1,1,2,0,1,50,3,5,0,0,0,5,26.0,58.0,voiture,voiture,5,2,3,2,4
202200018335,2022-02-02 10:45:00,2022,2,2,10,45,51,51058,Rue Alfred Kastler,49.2222018396,3.9993031862,Plein jour,En agglomération,Giratoire,Temps couvert,Sans collision,4,2,2,0,1,1,2,5,1,50,1,2,0,0,0,2,72.0,,deux_roues,,1,2,6,8,7
202200018336,2022-07-25 18:55:00,2022,7,25,18,55,06,06084,Avenue de Cannes,43.618241,6.972381,Plein jour,En agglomération,Giratoire,Normale,Deux véhicules - frontale,4,3,1,1,1,1,1,0,1,30,1,2,1,0,0,1,34.0,,deux_roues,,1,2,6,1,1
202200018337,2022-11-09 17:50:00,2022,11,9,17,50,67,67482,LORIENT (RUE DE),48.54507,7.78257,Nuit avec éclairage allumé,En agglomération,Hors intersection,Pluie légère,Deux véhicules - frontale,4,2,2,0,1,3,2,0,1,50,2,3,2,0,0,1,53.0,40.0,voiture,voiture,5,2,1,2,1
202200018338,2022-02-01 07:35:00,2022,2,1,7,35,51,51230,Avenue de Champagne,49.0419376653,3.9661002793,Nuit avec éclairage allumé,En agglomération,Hors intersection,Pluie légère,Sans collision,4,2,2,1,2,1,2,0,8,30,1,2,1,0,0,1,22.0,,utilitaire_camion,,5,2,1,2,7
202200018339,2022-11-09 15:30:00,2022,11,9,15,30,67,67482,BRULIG (QUAI DU),48.57161,7.72181,Plein jour,En agglomération,Hors intersection,Pluie légère,Deux véhicules - arrière,4,2,2,2,1,1,2,0,1,30,2,2,1,0,0,1,41.0,61.0,voiture,deux_roues,1,2,1,2,2
202200018340,2022-07-29 08:25:00,2022,7,29,8,25,69,69244,186 Avenue Charles de Gaulle,45.7531031241,4.7687895742,Plein jour,En agglomération,Hors intersection,Normale,Deux véhicules - côté,7,2,2,0,1,1,1,0,1,50,2,2,1,0,0,1,34.0,32.0,deux_roues,voiture,1,2,1,1,3
202200018341,2022-02-01 17:10:00,2022,2,1,17,10,49,49007,DOYENNE BOULEVARD ET PASSAGE,47.48789,-0.53706,Plein jour,En agglomération,Hors intersection,Normale,Trois véhicules et plus - en chaîne,4,2,2,0,1,1,1,0,1,50,3,3,1,0,0,2,34.0,44.0,voiture,voiture,1,2,1,1,4
202200018342,2022-11-10 16:50:00,2022,11,10,16,50,66,66136,,42.73617,2.89058,Plein jour,En agglomération,Intersection en T,Normale,Deux véhicules - côté,3,2,3,3,1,1,1,0,6,50,2,2,1,0,0,1,60.0,38.0,deux_roues,voiture,1,2,3,1,3
202200018343,2022-02-01 22:44:00,2022,2,1,22,44,47,47001,DELPECH (AV. GEORGES),44.21243,0.60728,Nuit avec éclairage allumé,En agglomération,Hors intersection,Pluie légère,Autre collision,3,2,2,0,2,2,2,0,1,50,1,3,2,1,0,0,30.0,,voiture,,5,2,1,2,6
202200018344,2022-07-24 20:15:00,2022,7,24,20,15,69,69244,Avenue Général Brosset,45.75684,4.781354,Plein jour,En agglomération,Intersection en T,Temps éblouissant,Deux véhicules - côté,7,2,3,0,2,1,1,0,5,30,2,2,1,0,0,1,71.0,47.0,deux_roues,voiture,1,2,3,7,3
202200018345,2022-11-10 11:10:00,2022,11,10,11,10,66,66136,,42.687470392,2.9082401097,Plein jour,En agglomération,Autre intersection,Temps éblouissant,Autre collision,4,2,2,0,1,3,1,0,1,50,1,2,1,1,0,0,71.0,,voiture,,1,2,9,7,6
202200018346,2022-11-14 10:30:00,2022,11,14,10,30,65,65440,Rue Eugène Ténot,43.234757,0.08201,Plein jour,En agglomération,Intersection en X,Pluie légère,Deux véhicules - côté,4,2,2,0,1,1,2,0,1,50,2,2,0,0,0,2,61.0,23.0,voiture,voiture,1,2,2,2,3
202200018347,2022-02-02 19:11:00,2022,2,2,19,11,45,45284,Avenue Pierre et Marie Curie,47.9086451006,1.976326704,Crépuscule ou aube,En agglomération,Intersection en T,Normale,Deux véhicules - côté,4,2,2,0,1,1,1,0,1,50,2,2,1,0,0,1,60.0,28.0,voiture,deux_roues,2,2,3,1,3
202200018348,2022-07-29 15:35:00,2022,7,29,15,35,69,69285,Autoroute 432 ,45.759694,5.089331,Plein jour,Hors agglomération,Hors intersection,Normale,Deux véhicules - arrière,1,3,4,0,1,1,1,0,1,130,2,2,1,0,0,1,55.0,20.0,utilitaire_camion,utilitaire_camion,1,1,1,1,2
202200018349,2022-02-02 09:20:00,2022,2,2,9,20,45,45285,50 Rue Charles Beauhaire,47.9116805066,1.877489984,Plein jour,En agglomération,Hors intersection,Pluie légère,Autre collision,4,2,2,0,2,1,2,0,4,50,1,1,0,0,0,1,46.0,,voiture,,1,2,1,2,6