accident_id,datetime,annee,mois,jour,heure,minute,departement,commune_insee,adresse,latitude,longitude,luminosite,agglomeration,intersection,meteo,collision,catr,circ,nbv,vosp,prof,plan,surf,infra,situ,vma,nb_vehicules,nb_usagers,nb_indemnes,nb_tues,nb_blesses_hosp,nb_blesses_legers,age_cond_1,age_cond_2,veh_type_cond_1,veh_type_cond_2,lum_code,agg_code,int_code,atm_code,col_code
202200018441,2022-02-02 11:15:00,2022,2,2,11,15,75,75114,RUE D ALESIA,48.827821,2.32896,Plein jour,En agglomération,Intersection en T,Temps couvert,Deux véhicules - arrière,4,2,2,3,1,1,1,0,1,30,2,3,2,0,0,1,60.0,52.0,voiture,deux_roues,1,2,3,8,2
202200018442,2022-05-27 17:55:00,2022,5,27,17,55,45,45234,204 Rue du Faubourg Saint-Vincent,47.9152242452,1.9168125987,Plein jour,En agglomération,Intersection en T,Temps éblouissant,Deux véhicules - côté,4,2,2,0,1,1,1,0,1,50,2,2,1,0,0,1,52.0,34.0,utilitaire_camion,deux_roues,1,2,3,7,3
202200018443,2022-11-08 16:50:00,2022,11,8,16,50,50,50129,FOUQUET (RUE RENE),49.66297,-1.68446,Plein jour,En agglomération,Hors intersection,Normale,Autre collision,3,2,2,0,1,1,2,0,1,50,1,2,1,0,0,1,53.0,,transport_commun,,1,2,1,1,6
202200018444,2022-11-10 16:13:00,2022,11,10,16,13,49,49007,BEAUREPAIRE,47.4746,-0.56054,Plein jour,En agglomération,Hors intersection,Normale,Sans collision,4,2,2,0,1,1,1,0,1,50,1,1,0,0,0,1,20.0,,deux_roues,,1,2,1,1,7
202200018445,2022-05-27 22:40:00,2022,5,27,22,40,44,44109,3 Cours Olivier De Clisson,47.21323,-1.55437,Nuit avec éclairage allumé,En agglomération,Hors intersection,Normale,Autre collision,4,2,2,0,1,1,1,0,1,30,1,2,1,0,0,1,30.0,,voiture,,5,2,1,1,6
202200018446,2022-07-28 21:45:00,2022,7,28,21,45,93,93010,AUTOROUTE A3,48.9072,2.47336,Crépuscule ou aube,Hors agglomération,Hors intersection,Normale,Autre collision,1,1,2,0,2,2,1,0,1,50,1,3,1,0,0,2,17.0,,voiture,,2,1,1,1,6
202200018447,2022-02-02 09:55:00,2022,2,2,9,55,75,75114,BOULEVARD SAINT JACQUES,48.831602,2.341251,Plein jour,En agglomération,Intersection en T,Normale,Deux véhicules - côté,4,2,3,1,2,1,1,0,5,30,2,2,1,0,0,1,21.0,49.0,voiture,deux_roues,1,2,3,1,3
202200018448,2022-11-08 19:03:00,2022,11,8,19,3,49,49007,BESNADIERE,47.4789,-0.54503,Crépuscule ou aube,En agglomération,Hors intersection,Normale,Deux véhicules - côté,4,2,2,0,1,1,1,0,1,50,2,2,1,0,0,1,19.0,24.0,deux_roues,voiture,2,2,1,1,3
202200018449,2022-05-06 20:05:00,2022,5,6,20,5,44,44162,11 Rue Jean Monnet,47.20968,-1.63039,Plein jour,En agglomération,Hors intersection,Normale,Deux véhicules - côté,4,2,2,0,1,1,1,0,1,50,2,2,1,0,0,1,21.0,22.0,voiture,voiture,1,2,1,1,3
202200018450,2022-02-02 08:30:00,2022,2,2,8,30,75,75113,RUE DE DOMREMY,48.829129,2.370772,Plein jour,En agglomération,Hors intersection,Normale,Deux véhicules - côté,4,1,1,2,1,1,2,0,5,30,2,2,1,0,0,1,34.0,51.0,deux_roues,voiture,1,2,1,1,3
202200018451,2022-07-28 08:30:00,2022,7,28,8,30,95,95018,A15,48.9541200583,2.2790434957,Plein jour,Hors agglomération,Hors intersection,Normale,Deux véhicules - arrière,1,3,8,0,1,1,1,0,1,90,2,2,1,0,0,1,59.0,31.0,deux_roues,voiture,1,1,1,1,2
202200018452,2022-11-14 08:15:00,2022,11,14,8,15,45,45169,PARC (RUE DU),47.91665,1.83483,Plein jour,En agglomération,Intersection en T,Normale,Deux véhicules - côté,4,3,2,0,1,3,1,0,1,50,2,2,1,0,0,1,38.0,16.0,voiture,deux_roues,1,2,3,1,3
202200018453,2022-02-01 23:00:00,2022,2,1,23,0,75,75113,BOULEVARD MASSENA,48.82207,2.370548,Nuit avec éclairage allumé,En agglomération,Hors intersection,Normale,Sans collision,4,1,2,0,1,1,1,0,1,50,1,1,0,0,1,0,28.0,,deux_roues,,5,2,1,1,7
202200018454,2022-05-28 10:30:00,2022,5,28,10,30,42,42259,Route du Munat,45.54,4.5999,Plein jour,Hors agglomération,Hors intersection,Normale,Autre collision,7,2,2,0,2,2,1,0,1,80,1,4,0,0,1,3,35.0,,voiture,,1,1,1,1,6
202200018455,2022-11-10 04:00:00,2022,11,10,4,0,45,45234,232 Rue du Faubourg Saint-Vincent,47.917,1.9172,Nuit avec éclairage allumé,En agglomération,Hors intersection,Normale,Autre collision,4,2,2,0,1,1,1,0,8,50,1,2,0,0,1,0,,,voiture,,5,2,1,1,6
202200018456,2022-02-02 20:10:00,2022,2,2,20,10,75,75101,BOULEVARD DE SEBASTOPOL,48.861982,2.350172,Nuit avec éclairage allumé,En agglomération,Intersection en X,Normale,Autre collision,4,2,5,1,1,1,1,0,1,30,1,2,1,0,0,1,25.0,,deux_roues,,5,2,2,1,6
202200018457,2022-05-27 17:30:00,2022,5,27,17,30,42,42218,Rue Jean Baptiste Ogier,45.44012,4.42843,Plein jour,En agglomération,Hors intersection,Normale,Deux véhicules - arrière,4,2,2,0,1,3,1,0,1,50,2,2,1,0,0,1,51.0,40.0,deux_roues,voiture,1,2,1,1,2
202200018458,2022-05-29 00:05:00,2022,5,29,0,5,38,38185,REYNOARD (AV. M.),45.16465,5.72867,Nuit avec éclairage allumé,En agglomération,Intersection en X,Normale,Sans collision,4,-1,1,1,1,1,1,0,1,50,1,1,0,0,0,1,24.0,,deux_roues,,5,2,2,1,7
202200018459,2022-02-02 08:25:00,2022,2,2,8,25,94,94081,Avenue Rouget de Lisle,48.77803,2.39643,Plein jour,En agglomération,Intersection en X,Pluie légère,Deux véhicules - côté,3,2,2,0,1,1,2,0,1,50,2,2,0,0,0,2,30.0,28.0,voiture,voiture,1,2,2,2,3
202200018460,2022-07-28 08:50:00,2022,7,28,8,50,95,95306, A15,49.0068081517,2.1626999974,Plein jour,Hors agglomération,Hors intersection,Normale,Trois véhicules et plus - en chaîne,1,3,4,0,1,1,1,0,1,110,4,7,6,0,1,0,38.0,50.0,voiture,voiture,1,1,1,1,4
202200018461,2022-11-10 11:50:00,2022,11,10,11,50,42,42186,Rue Emile Zola,45.5335460069,4.628632593,Plein jour,En agglomération,Hors intersection,Normale,Deux véhicules - arrière,4,1,1,0,1,1,1,0,1,50,2,2,1,0,0,1,19.0,52.0,voiture,voiture,1,2,1,1,2
202200018462,2022-05-27 14:30:00,2022,5,27,14,30,37,37261,GRAMMONT (AVENUE DE),47.3885405259,0.6893947721,Plein jour,En agglomération,Hors intersection,Normale,Autre collision,4,3,4,0,1,1,1,0,1,50,1,2,1,0,0,1,68.0,,voiture,,1,2,1,1,6
202200018463,2022-02-01 05:35:00,2022,2,1,5,35,94,94081,COMMUNE DE PARIS (AV DE LA),48.78268,2.39388,Nuit avec éclairage allumé,En agglomération,Autre intersection,Pluie légère,Autre collision,3,1,2,0,1,1,2,5,1,50,1,2,1,0,0,1,23.0,,voiture,,5,2,9,2,6
202200018464,2022-05-27 09:45:00,2022,5,27,9,45,37,37208,BEAUGAILLARD (AVENUE),47.3633718021,0.7193899155,Plein jour,En agglomération,Hors intersection,Normale,Sans collision,4,2,2,0,2,1,1,0,1,50,1,1,0,0,1,0,41.0,,deux_roues,,1,2,1,1,7
202200018465,2022-11-06 09:15:00,2022,11,6,9,15,42,42207,Route de Cellieu,45.48365,4.51677,Plein jour,En agglomération,Intersection en Y,Normale,Deux véhicules - frontale,4,2,2,0,1,2,1,0,1,50,2,4,3,0,0,1,64.0,32.0,voiture,utilitaire_camion,1,2,4,1,1
202200018466,2022-02-02 11:15:00,2022,2,2,11,15,94,94078,Place Pierre Semard,48.73057,2.44687,Plein jour,En agglomération,Hors intersection,Normale,Autre collision,2,1,1,0,1,1,1,5,1,50,1,2,1,0,0,1,47.0,,utilitaire_camion,,1,2,1,1,6
202200018467,2022-07-28 09:00:00,2022,7,28,9,0,95,95306, A15,48.9998214845,2.1746975183,Plein jour,Hors agglomération,Hors intersection,Normale,Trois véhicules et plus - en chaîne,1,3,8,0,1,1,1,0,1,110,4,4,3,0,0,1,29.0,54.0,deux_roues,voiture,1,1,1,1,4
202200018468,2022-05-27 02:25:00,2022,5,27,2,25,37,37214,LANDE (RUE DE LA),47.41975,0.66514,Nuit avec éclairage allumé,En agglomération,Intersection en X,Normale,Deux véhicules - côté,4,1,1,0,1,1,1,0,1,50,2,4,1,0,1,2,32.0,57.0,voiture,voiture,5,2,2,1,3
202200018469,2022-02-02 15:20:00,2022,2,2,15,20,94,94058,Avenue Gabriel Péri,48.83736,2.5002,Plein jour,En agglomération,Intersection en T,Normale,Deux véhicules - frontale,4,2,4,2,1,1,1,0,1,50,2,2,1,0,0,1,35.0,23.0,deux_roues,voiture,1,2,3,1,1
202200018470,2022-07-28 07:55:00,2022,7,28,7,55,92,92036,AUTOROUTE A15,48.9452569232,2.2843730158,Plein jour,Hors agglomération,Hors intersection,Normale,Deux véhicules - côté,1,1,4,0,1,1,1,2,1,90,2,2,1,0,0,1,29.0,32.0,deux_roues,voiture,1,1,1,1,3
202200018471,2022-10-22 17:45:00,2022,10,22,17,45,42,42218,Boulevard Pasteur,45.41366,4.39521,Plein jour,En agglomération,Hors intersection,Normale,Autre collision,4,1,3,0,1,1,1,0,1,50,1,2,1,0,1,0,24.0,,voiture,,1,2,1,1,6
202200018472,2022-05-28 16:10:00,2022,5,28,16,10,35,35238,VERN (DE),48.1007689502,-1.6589070484,Plein jour,En agglomération,Intersection en T,Normale,Deux véhicules - côté,4,2,2,3,1,1,1,0,1,50,2,3,2,0,0,1,32.0,20.0,deux_roues,voiture,1,2,3,1,3
202200018473,2022-07-28 03:10:00,2022,7,28,3,10,95,95424, A15,48.9897209915,2.1983036399,Nuit sans éclairage public,Hors agglomération,Autre intersection,Normale,Sans collision,1,3,6,0,1,2,1,0,3,110,1,1,0,0,0,1,27.0,,utilitaire_camion,,3,1,9,1,7
202200018474,2022-02-02 09:20:00,2022,2,2,9,20,94,94052,Boulevard de la Marne,48.83207,2.47654,Plein jour,En agglomération,Intersection en T,Pluie légère,Autre collision,4,2,2,0,1,1,2,0,1,30,2,2,1,0,0,1,59.0,43.0,voiture,deux_roues,1,2,3,2,6
202200018475,2022-11-14 07:30:00,2022,11,14,7,30,42,42044,Rue de la Malafolie,45.39407,4.30303,Plein jour,En agglomération,Intersection en X,Normale,Deux véhicules - frontale,7,2,2,0,1,1,1,0,1,50,2,3,2,0,0,1,53.0,33.0,deux_roues,utilitaire_camion,1,2,2,1,1
202200018476,2022-02-01 11:50:00,2022,2,1,11,50,94,94034,52 Boulevard Pasteur,48.75661,2.31496,Plein jour,En agglomération,Hors intersection,Normale,Deux véhicules - côté,3,2,2,0,1,1,2,0,1,50,2,2,1,0,0,1,37.0,49.0,voiture,deux_roues,1,2,1,1,3
202200018477,2022-07-28 18:15:00,2022,7,28,18,15,75,75112,A4,48.8195712373,2.4590277672,Plein jour,Hors agglomération,Hors intersection,Normale,Deux véhicules - arrière,1,3,4,0,1,1,1,0,1,90,2,3,2,0,0,1,19.0,22.0,voiture,utilitaire_camion,1,1,1,1,2
202200018478,2022-05-26 19:20:00,2022,5,26,19,20,35,35238,FOUGERES (RUE DE),48.12354,-1.65955,Plein jour,En agglomération,Intersection en T,Normale,Deux véhicules - côté,4,2,2,0,1,1,1,0,1,50,2,4,3,0,0,1,25.0,26.0,voiture,voiture,1,2,3,1,3
202200018479,2022-02-02 12:42:00,2022,2,2,12,42,94,94018,16 Quai de Bercy,48.825473,2.393109,Plein jour,En agglomération,Hors intersection,Normale,Deux véhicules - côté,3,3,4,0,1,1,1,0,1,50,2,2,1,0,1,0,42.0,24.0,deux_roues,voiture,1,2,1,1,3
202200018480,2022-11-10 22:45:00,2022,11,10,22,45,38,38169,BOULEVARD JOLIOT-CURIE,45.19672,5.69379,Nuit avec éclairage allumé,En agglomération,Intersection en T,Normale,Deux véhicules - côté,4,-1,2,0,1,1,1,0,1,50,2,2,1,0,0,1,49.0,19.0,transport_commun,utilitaire_camion,5,2,3,1,3
202200018481,2022-05-28 05:25:00,2022,5,28,5,25,33,33063,Place Bir Hakeim,44.836507039,-0.5656953156,Nuit avec éclairage allumé,En agglomération,Passage à niveau,Normale,Deux véhicules - côté,4,2,2,3,1,1,1,4,6,50,2,2,1,0,0,1,22.0,41.0,deux_roues,transport_commun,5,2,8,1,3
202200018482,2022-07-28 16:00:00,2022,7,28,16,0,94,94073,A86 INT,48.7715133249,2.3920170109,Plein jour,Hors agglomération,Hors intersection,Normale,Deux véhicules - côté,1,-1,3,0,1,1,1,1,1,90,2,2,1,0,0,1,24.0,41.0,voiture,deux_roues,1,1,1,1,3
202200018483,2022-02-01 18:20:00,2022,2,1,18,20,94,94071,Route de la Queue-En-Brie,48.76461,2.538027,Nuit avec éclairage allumé,En agglomération,Hors intersection,Pluie légère,Sans collision,3,2,2,1,1,1,2,0,1,50,1,1,0,0,0,1,21.0,,deux_roues,,5,2,1,2,7
202200018484,2022-11-10 18:21:00,2022,11,10,18,21,38,38516,GRANDE RUE (RUE)     67-46 A FIN,45.20463,5.73784,Nuit avec éclairage allumé,En agglomération,Hors intersection,Normale,Autre collision,7,2,2,0,2,1,1,9,1,50,1,2,1,0,1,0,57.0,,deux_roues,,5,2,1,1,6
202200018485,2022-05-27 01:45:00,2022,5,27,1,45,33,33063,Quai de Bacalan,44.85819,-0.55802,Nuit avec éclairage allumé,En agglomération,Hors intersection,Normale,Autre collision,4,3,3,3,1,1,1,0,1,50,1,1,0,0,0,1,22.0,,voiture,,5,2,1,1,6
202200018486,2022-07-28 11:30:00,2022,7,28,11,30,94,94017,A4,48.830322896,2.4893496496,Plein jour,Hors agglomération,Hors intersection,Normale,Deux véhicules - arrière,1,1,4,0,1,1,1,0,1,90,2,2,1,0,0,1,49.0,31.0,voiture,voiture,1,1,1,1,2
202200018487,2022-01-30 00:00:00,2022,1,30,0,0,93,93066,CARNOT (BOULEVARD),48.9384331462,2.355261594,Nuit avec éclairage allumé,En agglomération,Intersection en T,Temps couvert,Deux véhicules - côté,4,2,2,0,1,1,2,0,1,50,2,4,2,0,1,1,35.0,22.0,voiture,voiture,5,2,3,8,3
202200018488,2022-11-10 13:20:00,2022,11,10,13,20,37,37050,,47.32169,0.70401,Plein jour,Hors agglomération,Hors intersection,Normale,Deux véhicules - arrière,7,-1,4,0,1,1,1,0,1,90,2,2,1,0,0,1,51.0,54.0,voiture,voiture,1,1,1,1,2
202200018489,2022-02-02 22:00:00,2022,2,2,22,0,93,93064,LECLERC (RUE DU GENERAL),48.8681579149,2.492178724,Nuit avec éclairage allumé,En agglomération,Hors intersection,Pluie légère,Sans collision,3,1,1,0,2,1,2,0,1,30,1,1,0,0,0,1,23.0,,deux_roues,,5,2,1,2,7
202200018490,2022-05-26 01:00:00,2022,5,26,1,0,33,33063,Cours de Verdun,44.84619,-0.57715,Nuit avec éclairage allumé,En agglomération,Intersection en T,Normale,Deux véhicules - côté,4,2,4,3,2,1,1,5,1,50,2,3,2,0,0,1,34.0,25.0,deux_roues,voiture,5,2,3,1,3
202200018491,2022-02-02 20:40:00,2022,2,2,20,40,93,93064,ALSACE-LORRAINE (BOULEVARD),48.8846557657,2.4834061862,Nuit avec éclairage allumé,En agglomération,Autre intersection,Normale,Deux véhicules - frontale,3,2,4,0,1,1,1,5,1,50,2,2,1,0,0,1,23.0,27.0,voiture,deux_roues,5,2,9,1,1
202200018492,2022-11-10 08:04:00,2022,11,10,8,4,36,36044,166 Avenue de Tours,46.8194549204,1.6725718975,Plein jour,En agglomération,Hors intersection,Normale,Autre collision,4,2,2,0,1,1,1,0,1,50,2,2,1,0,1,0,35.0,29.0,deux_roues,voiture,1,2,1,1,6
202200018493,2022-04-28 08:33:00,2022,4,28,8,33,57,57463,Autoroute A31,49.1256,6.1604,Plein jour,Hors agglomération,Hors intersection,Normale,Trois véhicules et plus - en chaîne,1,3,6,0,1,1,1,0,1,90,4,5,3,0,0,2,42.0,20.0,voiture,voiture,1,1,1,1,4
202200018494,2022-02-02 07:08:00,2022,2,2,7,8,93,93055,SCANDICCI,48.8911622785,2.3987357543,Nuit avec éclairage allumé,En agglomération,Hors intersection,Normale,Deux véhicules - côté,4,2,2,0,1,1,1,0,1,50,2,2,1,0,0,1,30.0,,deux_roues,voiture,5,2,1,1,3
202200018495,2022-11-14 17:25:00,2022,11,14,17,25,35,35238,LANGEVIN (PAUL),48.091589674,-1.6585144401,Nuit avec éclairage allumé,En agglomération,Giratoire,Normale,Deux véhicules - côté,4,2, -1,0,1,1,1,0,1,50,2,2,1,0,0,1,50.0,36.0,deux_roues,utilitaire_camion,5,2,6,1,3
202200018496,2022-05-29 01:45:00,2022,5,29,1,45,33,33529,ROSES (ALL. DES),44.63427,-1.20247,Nuit avec éclairage allumé,En agglomération,Intersection en T,Normale,Deux véhicules - côté,4,2,2,0,1,1,1,0,1,50,2,3,1,0,1,1,26.0,21.0,deux_roues,voiture,5,2,3,1,3
202200018497,2022-07-27 11:42:00,2022,7,27,11,42,32,32013,DESSOLES (RUE),43.6481,0.5869,Plein jour,En agglomération,Hors intersection,Normale,Autre collision,4,1,1,0,2,1,1,0,1,30,1,2,1,0,1,0,36.0,,utilitaire_camion,,1,2,1,1,6
202200018498,2022-02-01 21:15:00,2022,2,1,21,15,93,93007,Avenue Descartes,48.950096,2.458315,Nuit avec éclairage allumé,En agglomération,Hors intersection,Normale,Deux véhicules - côté,3,2,2,0,1,1,1,0,1,50,2,3,2,0,0,1,24.0,36.0,voiture,utilitaire_camion,5,2,1,1,3
202200018499,2022-11-14 08:15:00,2022,11,14,8,15,35,35238,MONTS D'ARREE (AVENUE DES),48.13466,-1.65892,Plein jour,En agglomération,Intersection en X,Pluie légère,Deux véhicules - côté,4,3,2,2,2,1,2,0,1,50,2,2,1,0,0,1,48.0,41.0,deux_roues,voiture,1,2,2,2,3
202200018500,2022-05-28 18:10:00,2022,5,28,18,10,33,33529,LAGRUA (RUE),44.64159,-1.15591,Plein jour,En agglomération,Hors intersection,Normale,Deux véhicules - côté,4,2,2,1,1,1,1,0,5,50,2,2,1,0,0,1,45.0,55.0,deux_roues,voiture,1,2,1,1,3
202200018501,2022-02-02 09:30:00,2022,2,2,9,30,93,93005,ANDRE CITROEN (BOULEVARD),48.9587282942,2.4856469347,Plein jour,En agglomération,Hors intersection,Temps couvert,Deux véhicules - frontale,3,2,3,0,1,1,2,0,1,50,2,3,1,0,0,2,19.0,30.0,voiture,voiture,1,2,1,8,1
202200018502,2022-11-10 09:20:00,2022,11,10,9,20,35,35238,TANGUY PRIGENT (FRANCOIS),48.12967,-1.69606,Plein jour,En agglomération,Intersection en T,Normale,Deux véhicules - côté,4,2,2,0,1,1,1,0,1,30,2,2,1,0,0,1,24.0,60.0,deux_roues,voiture,1,2,3,1,3
202200018503,2022-05-27 17:35:00,2022,5,27,17,35,30,30189,AVIGNON (ROUTE),43.8474,4.3899,Plein jour,En agglomération,Intersection en Y,Normale,Deux véhicules - côté,4,2,2,0,1,1,1,0,1,50,2,2,1,0,1,0,46.0,45.0,deux_roues,voiture,1,2,4,1,3
202200018504,2022-11-10 13:48:00,2022,11,10,13,48,34,34301,48 Rue des Loriots,43.40788,3.66236,Plein jour,En agglomération,Hors intersection,Temps éblouissant,Autre collision,4,2,2,0,1,1,1,0,1,50,1,1,0,0,1,0,16.0,,deux_roues,,1,2,1,7,6
202200018505,2022-02-02 16:15:00,2022,2,2,16,15,92,92073,LULLY (ALLEE JEAN-BAPTISTE),48.863396,2.214583,Plein jour,En agglomération,Autre intersection,Normale,Autre collision,4,1,1,3,1,1,1,0,8,30,1,2,1,0,0,1,37.0,,voiture,,1,2,9,1,6
202200018506,2022-05-27 14:20:00,2022,5,27,14,20,33,33529,DE GAULLE (AVE CHARLES) 02 ET +,44.6332,-1.14285,Plein jour,En agglomération,Intersection en T,Normale,Deux véhicules - côté,4,2,2,0,1,1,1,0,1,50,2,2,1,0,0,1,81.0,45.0,voiture,deux_roues,1,2,3,1,3
202200018507,2022-05-22 20:25:00,2022,5,22,20,25,30,30189,MARQUES ANDRE (RUE),43.8464,4.3869,Crépuscule ou aube,En agglomération,Hors intersection,Normale,Autre collision,4,2,2,0,1,1,1,0,1,50,1,2,1,0,1,0,21.0,,voiture,,2,2,1,1,6
202200018508,2022-02-02 14:05:00,2022,2,2,14,5,92,92062,GENERAL DE GAULLE (AV) DU 44 AU 106,48.8876925754,2.2336286008,Plein jour,En agglomération,Hors intersection,Normale,Autre collision,3,3,2,1,1,1,1,0,1,50,1,3,2,0,0,1,58.0,,deux_roues,,1,2,1,1,6
202200018509,2022-05-26 17:40:00,2022,5,26,17,40,33,33529,Avenue du General de Gaulle,44.6395,-1.19413,Plein jour,En agglomération,Intersection en X,Normale,Deux véhicules - côté,4,2,2,0,1,1,1,0,1,30,2,2,1,0,0,1,53.0,24.0,deux_roues,deux_roues,1,2,2,1,3
202200018510,2022-11-14 18:40:00,2022,11,14,18,40,34,34172,266 Avenue de la Justice de Castelnau,43.62703,3.87304,Nuit avec éclairage allumé,En agglomération,Intersection en T,Normale,Deux véhicules - côté,4,2,4,3,2,1,2,0,1,30,2,2,1,0,1,0,23.0,26.0,voiture,deux_roues,5,2,3,1,3
202200018511,2022-05-28 17:50:00,2022,5,28,17,50,31,31555,RTE DE SEYSSES,43.5649,1.41006,Plein jour,En agglomération,Hors intersection,Normale,Autre collision,7,2,2,0,1,1,1,0,1,50,1,2,1,0,1,0,,,voiture,,1,2,1,1,6
202200018512,2022-11-09 18:50:00,2022,11,9,18,50,34,34172,1209 Rue de Las Sorbes,43.61431,3.84955,Nuit avec éclairage allumé,En agglomération,Hors intersection,Normale,Autre collision,4,2,2,0,2,1,1,0,1,50,1,2,1,0,1,0,69.0,,voiture,,5,2,1,1,6
202200018513,2022-05-13 14:50:00,2022,5,13,14,50,30,30189,GAMEL PIERRE (AVENUE),43.825,4.3617,Plein jour,En agglomération,Giratoire,Normale,Deux véhicules - côté,4,1,2,0,1,2,1,0,1,50,2,2,1,0,0,1,47.0,23.0,utilitaire_camion,deux_roues,1,2,6,1,3
202200018514,2022-11-14 05:00:00,2022,11,14,5,0,33,33063,Quai de la Grave,44.83488,-0.56331,Nuit avec éclairage allumé,En agglomération,Intersection en T,Normale,Autre collision,4,2,3,0,1,1,1,5,1,50,1,2,1,0,0,1,46.0,,voiture,,5,2,3,1,6
202200018515,2022-05-27 11:10:00,2022,5,27,11,10,29,29019,Rue Anatole France,48.382867,-4.517016,Plein jour,En agglomération,Hors intersection,Normale,Trois véhicules et plus - collisions multiples,4,2,2,0,1,1,1,0,1,50,3,3,2,0,0,1,28.0,58.0,voiture,voiture,1,2,1,1,5
202200018516,2022-02-02 09:20:00,2022,2,2,9,20,92,92024,VICTOR HUGO (BD),48.8974335107,2.3105406761,Plein jour,En agglomération,Intersection en X,Normale,Deux véhicules - arrière,3,1,3,0,1,1,1,0,1,50,2,2,1,0,0,1,,25.0,voiture,deux_roues,1,2,2,1,2
202200018517,2022-11-10 20:09:00,2022,11,10,20,9,33,33063,Pont Jacques Chaban-Delmas,44.8588323382,-0.5522118509,Nuit avec éclairage allumé,En agglomération,Hors intersection,Normale,Trois véhicules et plus - en chaîne,4,-1,6,0,2,1,1,2,1,50,3,3,2,0,1,0,57.0,36.0,voiture,voiture,5,2,1,1,4
202200018518,2022-03-05 13:45:00,2022,3,5,13,45,30,30028,Avenue Alphonse Daudet,44.1509,4.6125,Plein jour,En agglomération,Hors intersection,Normale,Deux véhicules - côté,4,2,2,0,1,1,1,0,1,70,2,5,1,0,0,4,50.0,20.0,utilitaire_camion,voiture,1,2,1,1,3
202200018519,2022-02-02 08:00:00,2022,2,2,8,0,92,92004,MARNE   ( AVENUE DE LA ),48.9095613082,2.2862594426,Nuit avec éclairage allumé,En agglomération,Hors intersection,Normale,Deux véhicules - côté,3,4,4,0,1,1,1,0,1,50,2,2,1,0,0,1,51.0,50.0,voiture,deux_roues,5,2,1,1,3
202200018520,2022-11-10 19:20:00,2022,11,10,19,20,33,33281,Avenue de l'Alouette,44.82881,-0.6645,Nuit avec éclairage allumé,En agglomération,Intersection en X,Normale,Autre collision,4,2,3,2,1,1,1,5,1,50,1,3,2,0,0,1,41.0,,voiture,,5,2,2,1,6
202200018521,2022-02-02 09:10:00,2022,2,2,9,10,08,08194,29 rue de bellevue,49.708601,4.910781,Plein jour,En agglomération,Hors intersection,Pluie légère,Autre collision,3,2,2,0,1,1,2,0,1,50,2,2,1,0,1,0,40.0,,utilitaire_camion,,1,2,1,2,6
202200018522,2022-11-10 05:05:00,2022,11,10,5,5,33,33318,Avenue de Beutre,44.80173,-0.67835,Nuit avec éclairage allumé,En agglomération,Hors intersection,Normale,Autre collision,4,2,2,2,1,1,1,0,4,50,1,1,0,0,1,0,34.0,,voiture,,5,2,1,1,6
202200018523,2022-05-28 19:00:00,2022,5,28,19,0,27,27229,BROSSOLETTE (RUE PIERRE),49.02323,1.16924,Plein jour,En agglomération,Giratoire,Normale,Deux véhicules - côté,4,-1,4,0,2,2,1,0,1,50,2,2,1,0,0,1,37.0,37.0,voiture,deux_roues,1,2,6,1,3
202200018524,2022-02-02 12:55:00,2022,2,2,12,55,06,06149,M2204b,43.734189,7.302454,Plein jour,En agglomération,Hors intersection,Normale,Deux véhicules - arrière,9,2,2,0,1,1,1,0,1,50,2,2,1,0,0,1,49.0,,deux_roues,voiture,1,2,1,1,2
202200018525,2022-04-28 17:50:00,2022,4,28,17,50,33,33249,ROCADE A 630,44.87987,-0.53652,Plein jour,Hors agglomération,Hors intersection,Normale,Trois véhicules et plus - en chaîne,1,3,6,0,2,1,1,2,1,70,3,6,5,0,0,1,50.0,29.0,voiture,voiture,1,1,1,1,4
202200018526,2022-11-10 14:45:00,2022,11,10,14,45,33,33063,Quai de la Monnaie,44.833175885,-0.5617913604,Plein jour,En agglomération,Intersection en T,Normale,Deux véhicules - côté,4,1,1,0,1,1,1,6,1,20,2,2,1,0,0,1,25.0,39.0,deux_roues,voiture,1,2,3,1,3
202200018527,2022-02-02 14:06:00,2022,2,2,14,6,22,22182,D712,48.53347,-2.93954,Plein jour,Hors agglomération,Intersection en X,Normale,Deux véhicules - frontale,3,2,2,0,1,1,1,5,1,80,2,2,1,0,1,0,35.0,16.0,voiture,deux_roues,1,1,2,1,1
202200018528,2022-11-10 17:45:00,2022,11,10,17,45,31,31555,AV JEAN MOULIN,43.58032,1.4417,Nuit avec éclairage allumé,En agglomération,Hors intersection,Normale,Autre collision,4,2,0,0,1,1,1,0,8,50,1,2,1,0,1,0,,,voiture,,5,2,1,1,6
202200018529,2022-02-02 18:17:00,2022,2,2,18,17,06,06044,avenue de provence,43.686413,7.107844,Nuit avec éclairage allumé,En agglomération,Hors intersection,Normale,Deux véhicules - côté,3,3,2,1,2,1,1,0,1,50,2,2,1,0,0,1,41.0,34.0,voiture,deux_roues,5,2,1,1,3
202200018530,2022-07-27 04:20:00,2022,7,27,4,20,974,97411,LECONTE DE LISLE (AVENUE),-20.892,55.482,Nuit avec éclairage allumé,En agglomération,Intersection à plus de 4 branches,Normale,Deux véhicules - côté,4,-1,4,0,1,1,1,0,1,30,2,2,1,0,0,1,21.0,21.0,deux_roues,voiture,5,2,5,1,3
202200018531,2022-05-28 11:10:00,2022,5,28,11,10,27,27299,BRIAND (AVENUE ARISTIDE),49.04463,1.1608,Plein jour,En agglomération,Hors intersection,Normale,Deux véhicules - arrière,3,-1,2,0,1,1,1,0,1,50,2,3,1,0,0,2,20.0,21.0,voiture,voiture,1,2,1,1,2