accident_id,datetime,annee,mois,jour,heure,minute,departement,commune_insee,adresse,latitude,longitude,luminosite,agglomeration,intersection,meteo,collision,catr,circ,nbv,vosp,prof,plan,surf,infra,situ,vma,nb_vehicules,nb_usagers,nb_indemnes,nb_tues,nb_blesses_hosp,nb_blesses_legers,age_cond_1,age_cond_2,veh_type_cond_1,veh_type_cond_2,lum_code,agg_code,int_code,atm_code,col_code
202200018532,2022-11-10 14:40:00,2022,11,10,14,40,31,31149,ROND POINT JUPITER,43.60495,1.30754,Plein jour,En agglomération,Giratoire,Normale,Deux véhicules - côté,7,1,1,0,2,3,1,0,1,50,2,2,1,0,0,1,57.0,68.0,utilitaire_camion,deux_roues,1,2,6,1,3
202200018533,2022-01-27 18:30:00,2022,1,27,18,30,972,97210,Route nationale 6 Frégate,14.609,-60.878463,Nuit sans éclairage public,Hors agglomération,Hors intersection,Normale,Deux véhicules - côté,2,2,2,0,1,1,1,0,1,80,2,2,1,0,1,0,,49.0,voiture,deux_roues,3,1,1,1,3
202200018534,2022-05-28 03:30:00,2022,5,28,3,30,25,25462,SALINS DE (DU 16 AU 63),46.907417,6.34381,Nuit avec éclairage allumé,En agglomération,Intersection en T,Normale,Autre collision,4,2,2,0,1,1,1,0,1,50,1,2,1,0,1,0,71.0,,utilitaire_camion,,5,2,3,1,6
202200018535,2022-11-10 07:30:00,2022,11,10,7,30,31,31557,DOUMERGUE (RUE GASTON),43.58816,1.35538,Plein jour,En agglomération,Intersection en X,Normale,Deux véhicules - côté,7,2,4,1,1,2,1,0,1,50,2,2,1,0,0,1,48.0,52.0,deux_roues,voiture,1,2,2,1,3
202200018536,2022-02-02 16:49:00,2022,2,2,16,49,22,22032,Le Pont Auger,48.3110587195,-2.1317982677,Plein jour,Hors agglomération,Hors intersection,Normale,Deux véhicules - frontale,3,2,2,0,1,1,1,0,1,80,2,3,1,1,1,0,67.0,34.0,voiture,voiture,1,1,1,1,1
202200018537,2022-07-26 17:29:00,2022,7,26,17,29,973,97302,,4.9335550982,-52.3133312166,Plein jour,En agglomération,Intersection en X,Normale,Deux véhicules - côté,4,2,2,0,1,1,1,0,1,50,2,5,3,0,1,1,20.0,38.0,voiture,voiture,1,2,2,1,3
202200018538,2022-05-27 03:20:00,2022,5,27,3,20,25,25634,R-N 57.,46.93402,6.34302,Nuit sans éclairage public,Hors agglomération,Hors intersection,Brouillard / fumée,Sans collision,2,2,2,0,1,2,1,0,3,80,1,3,0,0,1,2,27.0,,voiture,,3,1,1,5,7
202200018539,2022-01-28 15:30:00,2022,1,28,15,30,51,51171,D32/D944,49.375119,3.920392,Plein jour,Hors agglomération,Intersection en X,Normale,Deux véhicules - côté,3,3,2,3,1,1,1,0,1,70,2,2,1,0,1,0,52.0,49.0,voiture,utilitaire_camion,1,1,2,1,3
202200018540,2022-11-09 18:05:00,2022,11,9,18,5,31,31555,15 LA ROSERAIE (PERIPH EST A61),43.63094,1.47817,Nuit avec éclairage non allumé,Hors agglomération,Hors intersection,Normale,Trois véhicules et plus - en chaîne,1,1,4,0,1,1,1,3,1,90,4,6,2,0,2,2,37.0,31.0,utilitaire_camion,voiture,4,1,1,1,4
202200018541,2022-07-27 15:30:00,2022,7,27,15,30,69,69386,Rue de la Viabert,45.76637,4.86711,Plein jour,En agglomération,Intersection en X,Normale,Deux véhicules - côté,4,1,1,0,1,1,1,0,1,30,2,3,2,0,0,1,21.0,35.0,utilitaire_camion,voiture,1,2,2,1,3
202200018542,2022-01-30 12:00:00,2022,1,30,12,0,56,56130,Lieu Dit Trevelzun,47.732786,-3.252329,Plein jour,Hors agglomération,Hors intersection,Normale,Sans collision,9,-1, -1,0,1,1,1,0,1,-1,1,1,0,1,0,0,62.0,,deux_roues,,1,1,1,1,7
202200018543,2022-05-27 19:43:00,2022,5,27,19,43,25,25056,FORT DE BREGILLE CH. DU,47.2408,6.04018,Plein jour,En agglomération,Hors intersection,Normale,Autre collision,4,2,2,0,3,1,1,0,1,50,1,3,1,0,0,2,50.0,,voiture,,1,2,1,1,6
202200018544,2022-11-08 18:30:00,2022,11,8,18,30,31,31555,RUE DES LIBELLULES,43.5745,1.45733,Crépuscule ou aube,En agglomération,Intersection en X,Normale,Deux véhicules - côté,4,2,4,2,1,1,1,0,5,50,2,2,1,0,1,0,18.0,43.0,deux_roues,voiture,2,2,2,1,3
202200018545,2022-11-14 18:40:00,2022,11,14,18,40,29,29232,Rue de l'Universite,47.98124,-4.09674,Nuit avec éclairage allumé,En agglomération,Hors intersection,Normale,Autre collision,4,2,2,0,2,1,2,0,1,50,1,1,0,0,0,1,20.0,,voiture,,5,2,1,1,6
202200018546,2022-02-03 07:15:00,2022,2,3,7,15,78,78020,D130,48.912565,1.743146,Nuit sans éclairage public,Hors agglomération,Hors intersection,Normale,Deux véhicules - frontale,3,2,2,0,1,1,1,0,3,80,2,2,1,0,1,0,50.0,58.0,utilitaire_camion,utilitaire_camion,3,1,1,1,1
202200018547,2022-07-27 07:30:00,2022,7,27,7,30,69,69389,59 Quai Paul Sédallian,45.78574,4.81338,Plein jour,En agglomération,Intersection en T,Normale,Autre collision,4,2,2,2,1,1,1,0,1,30,1,1,0,1,0,0,23.0,,deux_roues,,1,2,3,1,6
202200018548,2022-05-27 16:40:00,2022,5,27,16,40,25,25056,GLACIS RUE DES,47.24519,6.02059,Plein jour,En agglomération,Autre intersection,Normale,Autre collision,4,1,2,0,2,1,1,0,4,50,1,3,2,0,1,0,31.0,,voiture,,1,2,9,1,6
202200018549,2022-11-14 10:05:00,2022,11,14,10,5,29,29232,88 Avenue de la France Libre,48.00765,-4.09672,Plein jour,En agglomération,Hors intersection,Normale,Autre collision,4,2,2,0,1,1,1,0,1,50,1,2,1,1,0,0,47.0,,voiture,,1,2,1,1,6
202200018550,2022-01-27 07:20:00,2022,1,27,7,20,33,33129,Le Bourg Sud,44.716086,-0.04298,Crépuscule ou aube,Hors agglomération,Hors intersection,Brouillard / fumée,Deux véhicules - côté,3,2,2,0,4,2,7,0,8,80,2,2,1,0,1,0,36.0,62.0,utilitaire_camion,voiture,2,1,1,5,3
202200018551,2022-07-27 08:43:00,2022,7,27,8,43,2B,2B037,TOUTES RUES,42.62896,9.43743,Plein jour,En agglomération,Hors intersection,Normale,Deux véhicules - côté,2,1,2,0,1,2,1,0,1,50,2,2,0,0,0,2,53.0,35.0,voiture,voiture,1,2,1,1,3
202200018552,2022-11-10 22:20:00,2022,11,10,22,20,29,29232,Boulevard Louis le Guennec,47.98001,-4.10718,Nuit sans éclairage public,Hors agglomération,Hors intersection,Normale,Sans collision,3,3,2,0,1,3,1,0,3,70,1,1,0,0,0,1,29.0,,voiture,,3,1,1,1,7
202200018553,2022-02-01 23:50:00,2022,2,1,23,50,81,81307,avenue de mazamet,43.567472,2.314221,Nuit avec éclairage allumé,En agglomération,Hors intersection,Brouillard / fumée,Autre collision,3,2,2,0,1,2,2,5,1,50,1,1,0,0,1,0,44.0,,deux_roues,,5,2,1,5,6
202200018554,2022-11-10 18:50:00,2022,11,10,18,50,29,29232,Rue Marcel Paul,47.97565,-4.02052,Nuit avec éclairage allumé,Hors agglomération,Hors intersection,Normale,Sans collision,4,2,2,0,1,1,1,5,1,50,1,1,0,0,0,1,31.0,,deux_roues,,5,1,1,1,7
202200018555,2022-05-26 21:15:00,2022,5,26,21,15,25,25056,FONDS DE CHAILLUZ CH. DES,47.28107,6.02055,Crépuscule ou aube,Hors agglomération,Hors intersection,Normale,Autre collision,4,2,2,0,1,4,1,0,1,50,1,5,0,0,3,2,26.0,,voiture,,2,1,1,1,6
202200018556,2022-07-27 04:57:00,2022,7,27,4,57,2A,2A004,NICOLI JEAN COURS,41.93234,8.74079,Nuit avec éclairage allumé,En agglomération,Intersection en X,Normale,Deux véhicules - frontale,2,2,4,0,1,3,1,9,1,50,2,2,1,0,0,1,58.0,52.0,deux_roues,utilitaire_camion,5,2,2,1,1
202200018557,2022-02-01 16:40:00,2022,2,1,16,40,89,89309,40 avenue du général Leclerc,48.280537,3.216677,Plein jour,En agglomération,Hors intersection,Temps couvert,Deux véhicules - côté,3,2,3,0,1,1,1,0,1,70,2,2,1,0,1,0,78.0,48.0,voiture,voiture,1,2,1,8,3
202200018558,2022-11-09 16:07:00,2022,11,9,16,7,29,29232,N165,48.01317,-4.07469,Plein jour,Hors agglomération,Hors intersection,Normale,Deux véhicules - côté,2,3,4,0,1,1,1,3,1,110,2,2,1,0,0,1,85.0,37.0,voiture,utilitaire_camion,1,1,1,1,3
202200018559,2022-07-25 19:50:00,2022,7,25,19,50,2A,2A004,SERAFINI ANTOINE  AVENUE,41.91887,8.73805,Plein jour,Hors agglomération,Hors intersection,Normale,Autre collision,4,1,1,0,2,2,1,0,1,30,1,1,0,0,0,1,64.0,,deux_roues,,1,1,1,1,6
202200018560,2022-05-01 10:05:00,2022,5,1,10,5,25,25056,KENNEDY  BOULEVARD J.F.,47.2382,5.9882,Plein jour,En agglomération,Intersection en X,Normale,Deux véhicules - côté,4,3,4,0,1,1,1,0,1,50,2,2,1,0,0,1,51.0,54.0,voiture,voiture,1,2,2,1,3
202200018561,2022-11-11 01:21:00,2022,11,11,1,21,29,29019,rue de Glasgow,48.3942120146,-4.484326154,Nuit avec éclairage allumé,En agglomération,Hors intersection,Normale,Autre collision,4,-1,2,0,1,1,1,0,1,50,1,2,1,0,1,0,21.0,,voiture,,5,2,1,1,6
202200018562,2022-02-02 22:45:00,2022,2,2,22,45,89,89252,Merry-Sec,47.663624,3.505754,Nuit sans éclairage public,Hors agglomération,Intersection en T,Normale,Sans collision,2,2,2,0,1,1,1,0,3,80,1,2,0,0,2,0,19.0,,voiture,,3,1,3,1,7
202200018563,2022-05-27 10:50:00,2022,5,27,10,50,23,23096,BONNYAUD (PLACE),46.1684802918,1.8700790405,Plein jour,En agglomération,Hors intersection,Normale,Autre collision,4,2,2,0,1,1,1,0,1,50,1,2,1,0,0,1,85.0,,voiture,,1,2,1,1,6
202200018564,2022-02-02 17:00:00,2022,2,2,17,0,61,61168,Les vrignieres 61,48.616598,-0.358708,Plein jour,Hors agglomération,Autre intersection,Temps couvert,Deux véhicules - frontale,3,2,2,0,1,2,2,0,1,90,2,2,0,0,2,0,40.0,22.0,voiture,voiture,1,1,9,8,1
202200018565,2022-11-10 18:15:00,2022,11,10,18,15,29,29019,D112,48.417961,-4.478791,Nuit sans éclairage public,Hors agglomération,Hors intersection,Normale,Trois véhicules et plus - en chaîne,3,3,4,0,1,1,1,0,1,70,5,5,3,0,0,2,50.0,24.0,voiture,voiture,3,1,1,1,4
202200018566,2022-01-21 06:30:00,2022,1,21,6,30,49,49248,Rue d Anjou (Combrée),47.709806,-0.98374,Nuit avec éclairage allumé,En agglomération,Hors intersection,Normale,Autre collision,4,2,2,0,1,1,1,0,1,50,1,2,1,0,1,0,57.0,,voiture,,5,2,1,1,6
202200018567,2022-05-28 17:25:00,2022,5,28,17,25,22,22215,CARPONT (LE),48.5005,-2.77686,Plein jour,En agglomération,Giratoire,Normale,Deux véhicules - côté,3,1,2,0,1,1,1,0,1,70,2,2,1,0,0,1,63.0,36.0,deux_roues,voiture,1,2,6,1,3
202200018568,2022-07-27 18:45:00,2022,7,27,18,45,91,91339,RTE NATIONALE 20,48.631275,2.263814,Plein jour,Hors agglomération,Hors intersection,Normale,Trois véhicules et plus - collisions multiples,3,1,4,0,1,1,1,0,1,70,3,4,3,0,0,1,34.0,41.0,utilitaire_camion,voiture,1,1,1,1,5
202200018569,2022-10-21 08:30:00,2022,10,21,8,30,27,27229,FUSILLES (RUE DES),49.0186330454,1.1578624248,Plein jour,En agglomération,Hors intersection,Normale,Deux véhicules - arrière,4,1,2,0,2,1,1,0,1,50,2,2,1,0,0,1,47.0,17.0,voiture,deux_roues,1,2,1,1,2
202200018570,2022-07-26 18:25:00,2022,7,26,18,25,91,91021,RUE MARC SANGNIER,48.58648,2.23448,Plein jour,En agglomération,Hors intersection,Normale,Sans collision,3,2,2,0,1,3,1,0,4,50,1,1,0,0,1,0,30.0,,deux_roues,,1,2,1,1,7
202200018571,2022-02-03 07:05:00,2022,2,3,7,5,49,49018,Carrefour de la Poire aux Loups ( St Martin d' Arcé ),47.580608,-0.063359,Crépuscule ou aube,Hors agglomération,Intersection en X,Normale,Deux véhicules - côté,3,2,2,0,1,1,1,0,1,80,2,2,1,0,1,0,18.0,68.0,deux_roues,voiture,2,1,2,1,3
202200018572,2022-05-03 17:00:00,2022,5,3,17,0,18,18033,8 Rue Aristide Maillol,47.057632,2.405123,Plein jour,En agglomération,Hors intersection,Normale,Autre collision,4,2,2,0,1,1,1,0,1,50,2,2,1,0,0,1,6.0,21.0,deux_roues,voiture,1,2,1,1,6
202200018573,2022-02-03 11:15:00,2022,2,3,11,15,42,42134,Route de Boën,45.706606,4.03372,Plein jour,Hors agglomération,Intersection en T,Normale,Deux véhicules - côté,3,2,2,0,4,1,1,0,1,80,2,2,1,0,1,0,84.0,61.0,voiture,utilitaire_camion,1,1,3,1,3
202200018574,2022-07-27 15:02:00,2022,7,27,15,2,87,87085,MAS-BOUYOL  (CITE ET BOULEVARD DU),45.82805,1.22677,Plein jour,En agglomération,Hors intersection,Normale,Deux véhicules - arrière,4,3,4,0,2,1,1,0,1,50,2,2,1,0,0,1,39.0,73.0,voiture,voiture,1,2,1,1,2
202200018575,2022-11-14 18:15:00,2022,11,14,18,15,25,25462,BESANCON (RUE DE),46.91054,6.34823,Nuit avec éclairage allumé,En agglomération,Hors intersection,Normale,Deux véhicules - côté,4,2,2,0,1,1,1,9,1,50,2,2,1,0,0,1,16.0,45.0,deux_roues,voiture,5,2,1,1,3
202200018576,2022-05-28 10:00:00,2022,5,28,10,0,17,17306,POSTE (ROND POINT DE LA),45.62471,-1.02407,Plein jour,En agglomération,Place,Normale,Deux véhicules - côté,4,2,4,0,1,1,1,5,1,30,2,2,1,0,0,1,61.0,74.0,voiture,voiture,1,2,7,1,3
202200018577,2022-02-02 07:35:00,2022,2,2,7,35,22,22055,Rue des Terre Neuvas,48.610122,-2.847025,Nuit sans éclairage public,Hors agglomération,Intersection en T,Normale,Sans collision,3,2,2,0,1,1,2,0,3,50,1,2,1,0,1,0,18.0,,deux_roues,,3,1,3,1,7
202200018578,2022-11-10 16:45:00,2022,11,10,16,45,25,25056,LAGRANGE  AVENUE LEO,47.243024,6.007688,Plein jour,En agglomération,Giratoire,Normale,Deux véhicules - côté,4,1,1,1,1,2,1,0,1,50,2,2,1,0,0,1,20.0,59.0,deux_roues,voiture,1,2,6,1,3
202200018579,2022-07-26 18:05:00,2022,7,26,18,5,80,80021,CHARLES DE FOUCAULD (RUE),49.88919,2.30565,Plein jour,En agglomération,Intersection en T,Normale,Deux véhicules - côté,4,2,4,1,1,1,1,0,5,50,2,2,1,0,0,1,31.0,23.0,voiture,deux_roues,1,2,3,1,3
202200018580,2022-11-10 14:48:00,2022,11,10,14,48,24,24102,RIBERAC (ROUTE DE),45.19557,0.64643,Plein jour,Hors agglomération,Hors intersection,Normale,Deux véhicules - frontale,3,2, -1,0,1,1,2,0,1,70,2,2,1,0,1,0,22.0,29.0,voiture,voiture,1,1,1,1,1
202200018581,2022-05-26 08:55:00,2022,5,26,8,55,15,15012,Rue Felix Ramond,44.90004,2.46001,Plein jour,En agglomération,Hors intersection,Normale,Deux véhicules - côté,3,2,2,0,2,2,1,0,1,50,2,2,1,0,0,1,58.0,84.0,voiture,deux_roues,1,2,1,1,3
202200018582,2022-07-28 00:30:00,2022,7,28,0,30,78,78238,CD 14,48.96457,1.866229,Nuit avec éclairage allumé,En agglomération,Giratoire,Normale,Autre collision,3,1,2,0,1,2,1,9,1,50,1,1,0,0,0,1,30.0,,voiture,,5,2,6,1,6
202200018583,2022-07-07 13:20:00,2022,7,7,13,20,22,22278,ABERYSTWYTH (RD-PT),48.49799,-2.75299,Plein jour,En agglomération,Intersection en X,Normale,Deux véhicules - côté,4,1,2,0,1,2,1,9,1,30,2,2,1,0,0,1,30.0,56.0,voiture,deux_roues,1,2,2,1,3
202200018584,2022-02-03 18:10:00,2022,2,3,18,10,26,26208,Chemin de la Lauze,44.81034,4.905143,Nuit sans éclairage public,Hors agglomération,Intersection à plus de 4 branches,Normale,Deux véhicules - côté,3,2,2,0,1,1,1,0,1,80,2,7,0,0,1,6,24.0,60.0,voiture,voiture,3,1,5,1,3
202200018585,2022-05-27 20:15:00,2022,5,27,20,15,13,13071,PLAN DES PENNE ( CHEMIN DU ),43.40276,5.30562,Plein jour,En agglomération,Hors intersection,Normale,Deux véhicules - arrière,4,2,1,0,2,2,1,0,1,50,1,1,0,0,1,0,56.0,,deux_roues,,1,2,1,1,2
202200018586,2022-01-28 16:10:00,2022,1,28,16,10,14,14654,D154,49.01701,0.057764,Plein jour,Hors agglomération,Hors intersection,Normale,Autre collision,3,2,2,0,4,2,1,0,3,50,1,2,1,0,0,1,19.0,,deux_roues,,1,1,1,1,6
202200018587,2022-11-10 16:45:00,2022,11,10,16,45,19,19031,CHAUMEIL (RUE PIERRE),45.15715,1.50627,Plein jour,En agglomération,Hors intersection,Normale,Autre collision,4,2,2,0,1,1,1,0,1,50,1,3,1,0,1,1,59.0,,utilitaire_camion,,1,2,1,1,6
202200018588,2022-02-03 15:35:00,2022,2,3,15,35,14,14747,D36,49.116467,-0.449152,Plein jour,Hors agglomération,Hors intersection,Normale,Deux véhicules - frontale,3,2,2,0,2,3,1,0,1,80,2,2,0,0,2,0,60.0,40.0,utilitaire_camion,voiture,1,1,1,1,1
202200018589,2022-11-09 07:50:00,2022,11,9,7,50,17,17415,ORMEAU DE PIED RUE DE L',45.74319,-0.66578,Crépuscule ou aube,En agglomération,Hors intersection,Normale,Deux véhicules - frontale,4,2,2,0,1,1,1,0,1,50,2,2,1,0,1,0,17.0,26.0,deux_roues,utilitaire_camion,2,2,1,1,1
202200018590,2022-05-28 19:11:00,2022,5,28,19,11,13,13206,LIEUTAUD (COURS),43.28909,5.38414,Plein jour,En agglomération,Intersection en X,Normale,Trois véhicules et plus - collisions multiples,4,2,2,0,1,1,1,5,1,50,3,3,0,0,2,1,28.0,32.0,deux_roues,deux_roues,1,2,2,1,5
202200018591,2022-11-14 22:10:00,2022,11,14,22,10,17,17300,Boulevard Joffre,46.1579,-1.14229,Nuit sans éclairage public,En agglomération,Intersection en X,Normale,Deux véhicules - frontale,4,2,4,0,1,1,1,0,1,50,2,2,1,0,0,1,21.0,24.0,voiture,voiture,3,2,2,1,1
202200018592,2022-05-28 06:45:00,2022,5,28,6,45,13,13213,ALPHONSE DAUDET (RUE),43.321,5.411,Plein jour,En agglomération,Hors intersection,Normale,Deux véhicules - arrière,4,2,2,0,1,1,1,0,1,50,1,1,0,0,0,1,55.0,,voiture,,1,2,1,1,2
202200018593,2022-11-10 22:05:00,2022,11,10,22,5,17,17028,N137,46.12817,-1.10382,Nuit sans éclairage public,Hors agglomération,Hors intersection,Brouillard / fumée,Autre collision,2,3,4,0,1,2,1,0,1,90,1,2,1,0,0,1,25.0,,voiture,,3,1,1,5,6
202200018594,2022-02-02 12:00:00,2022,2,2,12,0,83,83032,Chemin du Derrot,43.473952,6.180072,Plein jour,En agglomération,Intersection en T,Normale,Deux véhicules - côté,3,2,1,0,1,1,1,0,1,50,2,2,1,0,0,1,42.0,85.0,deux_roues,voiture,1,2,3,1,3
202200018595,2022-07-27 20:10:00,2022,7,27,20,10,76,76231,Rue Jean de la Fontaine,49.2916424371,1.0145643353,Plein jour,En agglomération,Hors intersection,Normale,Deux véhicules - arrière,4,2,2,3,1,1,1,0,1,30,2,2,1,0,0,1,29.0,49.0,voiture,voiture,1,2,1,1,2
202200018596,2022-05-27 20:50:00,2022,5,27,20,50,13,13209,COL DE LA GINESTE D559,43.237406573,5.4988288879,Nuit sans éclairage public,Hors agglomération,Hors intersection,Normale,Sans collision,3,2,2,0,2,4,1,9,1,70,1,1,0,1,0,0,51.0,,deux_roues,,3,1,1,1,7
202200018597,2022-01-28 22:00:00,2022,1,28,22,0,28,28005,D153,48.227582,1.353507,Nuit sans éclairage public,Hors agglomération,Hors intersection,Pluie légère,Sans collision,3,2,2,0,2,1,2,0,3,80,1,2,0,0,1,1,22.0,,voiture,,3,1,1,2,7
202200018598,2022-11-10 19:55:00,2022,11,10,19,55,17,17291,34 PK RN11 ROCADE NANTES,46.173249,-1.116533,Nuit sans éclairage public,Hors agglomération,Hors intersection,Brouillard / fumée,Trois véhicules et plus - en chaîne,2,3,4,0,1,1,2,0,1,80,3,5,4,0,0,1,47.0,47.0,voiture,voiture,3,1,1,5,4
202200018599,2022-11-10 15:25:00,2022,11,10,15,25,15,15014,REPUBLIQUE (AVENUE DE LA),44.926028,2.439806,Plein jour,En agglomération,Hors intersection,Normale,Deux véhicules - arrière,4,2,2,0,1,1,1,0,4,30,2,2,1,0,0,1,22.0,82.0,utilitaire_camion,voiture,1,2,1,1,2
202200018600,2022-02-02 19:05:00,2022,2,2,19,5,87,87110,Bellevue,45.917807,1.039825,Nuit sans éclairage public,Hors agglomération,Hors intersection,Temps couvert,Trois véhicules et plus - collisions multiples,3,2,2,0,2,3,2,0,1,-1,3,3,0,0,1,2,47.0,38.0,voiture,voiture,3,1,1,8,5
202200018601,2022-07-27 17:40:00,2022,7,27,17,40,69,69266,Rue Léon Blum,45.76313,4.91398,Plein jour,En agglomération,Intersection en T,Normale,Deux véhicules - frontale,4,2,3,3,1,1,1,0,1,50,2,2,0,0,0,2,18.0,45.0,voiture,deux_roues,1,2,3,1,1
202200018602,2022-05-27 18:30:00,2022,5,27,18,30,13,13216,RUISSEAU MI (RUE),43.3497522043,5.3479868996,Plein jour,En agglomération,Hors intersection,Normale,Deux véhicules - frontale,7,2,2,0,2,1,1,0,1,50,2,2,0,1,0,1,23.0,29.0,voiture,deux_roues,1,2,1,1,1
202200018603,2022-11-14 08:10:00,2022,11,14,8,10,14,14118,23 Rue des Patriotes,49.18645,-0.39113,Plein jour,En agglomération,Hors intersection,Normale,Deux véhicules - côté,4,2,2,0,1,1,1,0,1,30,2,2,1,0,0,1,49.0,23.0,voiture,deux_roues,1,2,1,1,3
202200018604,2022-02-03 19:45:00,2022,2,3,19,45,37,37109,Avenue du Général-de-Gaulle,47.395956,0.645731,Nuit avec éclairage allumé,Hors agglomération,Giratoire,Normale,Deux véhicules - arrière,7,2,2,0,1,3,1,5,1,50,2,3,1,0,1,1,46.0,33.0,deux_roues,voiture,5,1,6,1,2
202200018605,2022-07-27 17:55:00,2022,7,27,17,55,69,69266,Rue Antoine Primat,45.75828,4.89735,Plein jour,En agglomération,Intersection en T,Normale,Deux véhicules - arrière,4,2,2,0,1,1,1,0,1,30,2,2,1,0,0,1,34.0,44.0,deux_roues,voiture,1,2,3,1,2
202200018606,2022-11-13 18:10:00,2022,11,13,18,10,14,14327,204  Boulevard du Bois,49.21015,-0.33193,Nuit avec éclairage allumé,En agglomération,Autre intersection,Normale,Sans collision,4,2,2,0,1,1,1,0,1,50,1,2,1,0,0,1,77.0,,voiture,,5,2,9,1,7
202200018607,2022-05-27 07:54:00,2022,5,27,7,54,13,13202,REPUBLIQUE (RUE DE LA),43.30158,5.36983,Plein jour,En agglomération,Intersection en X,Normale,Deux véhicules - arrière,4,4,4,3,1,1,1,-1,6,50,2,4,2,0,0,2,53.0,39.0,transport_commun,utilitaire_camion,1,2,2,1,2
202200018608,2022-02-02 17:45:00,2022,2,2,17,45,49,49069,rd 751,47.349139,-1.096036,Crépuscule ou aube,Hors agglomération,Hors intersection,Normale,Deux véhicules - frontale,3,2,2,0,1,2,1,0,1,80,2,2,0,0,1,1,44.0,54.0,voiture,transport_commun,2,1,1,1,1
202200018609,2022-07-26 21:30:00,2022,7,26,21,30,67,67365,GENERAL LECLERC (RUE DU),48.55682,7.71343,Plein jour,En agglomération,Hors intersection,Normale,Autre collision,4,3,5,3,1,1,1,0,6,50,1,1,0,0,0,1,23.0,,voiture,,1,2,1,1,6
202200018610,2022-11-11 01:00:00,2022,11,11,1,0,14,14118,6 Place Courtonne,49.184094,-0.356454,Nuit avec éclairage allumé,En agglomération,Hors intersection,Temps couvert,Autre collision,6,-1, -1,0,1,1,1,9,1,30,1,2,1,0,1,0,26.0,,voiture,,5,2,1,8,6
202200018611,2022-02-02 17:00:00,2022,2,2,17,0,49,49099,autoroute A 87,47.051594,-0.835776,Plein jour,Hors agglomération,Hors intersection,Normale,Sans collision,1,2,2,0,1,1,1,0,2,90,1,1,0,0,0,1,53.0,,utilitaire_camion,,1,1,1,1,7
202200018612,2022-11-11 01:40:00,2022,11,11,1,40,14,14118,33 Rue Saint-Jean,49.17913,-0.35726,Nuit avec éclairage allumé,En agglomération,Hors intersection,Normale,Autre collision,4,2,2,0,1,1,1,0,1,50,1,1,0,0,1,0,21.0,,deux_roues,,5,2,1,1,6
202200018613,2022-07-26 10:10:00,2022,7,26,10,10,66,66136,,42.69157,2.89669,Plein jour,En agglomération,Intersection en T,Normale,Deux véhicules - côté,4,2,2,0,1,2,1,0,1,50,2,2,1,0,0,1,26.0,,voiture,voiture,1,2,3,1,3
202200018614,2022-05-27 03:30:00,2022,5,27,3,30,13,13203,CLOVIS HUGUES (RUE),43.3103,5.38541,Nuit avec éclairage allumé,En agglomération,Intersection en X,Normale,Deux véhicules - côté,4,2,2,0,2,1,1,0,1,50,2,3,1,0,0,2,,32.0,voiture,voiture,5,2,2,1,3
202200018615,2022-07-27 11:00:00,2022,7,27,11,0,64,64348,CHARLES DE GAULLE,43.30825,-0.40754,Plein jour,En agglomération,Hors intersection,Normale,Deux véhicules - côté,4,2,2,0,1,1,1,0,1,50,2,2,1,0,0,1,59.0,55.0,voiture,deux_roues,1,2,1,1,3
202200018616,2022-11-09 18:00:00,2022,11,9,18,0,14,14301,D675,49.17221,-0.282191,Nuit avec éclairage allumé,En agglomération,Giratoire,Pluie légère,Deux véhicules - côté,3,4,1,0,1,1,2,0,1,30,2,2,1,0,1,0,16.0,36.0,deux_roues,utilitaire_camion,5,2,6,2,3
202200018617,2022-05-26 22:40:00,2022,5,26,22,40,13,13208,PRADO (AVENUE DU),43.26974,5.38695,Nuit avec éclairage allumé,En agglomération,Hors intersection,Normale,Deux véhicules - côté,4,2,6,0,1,1,1,0,1,50,2,2,1,0,0,1,,34.0,voiture,deux_roues,5,2,1,1,3
202200018618,2022-01-14 16:30:00,2022,1,14,16,30,21,21473,D996,47.273886,5.061822,Plein jour,En agglomération,Hors intersection,Normale,Deux véhicules - côté,7,3,2,0,1,1,1,0,1,80,2,2,1,0,1,0,53.0,87.0,deux_roues,voiture,1,2,1,1,3
202200018619,2022-07-27 12:30:00,2022,7,27,12,30,64,64102,Pont Henri Grenet,43.498218,-1.482283,Plein jour,En agglomération,Hors intersection,Normale,Deux véhicules - arrière,4,2,4,0,1,1,1,2,1,50,2,2,1,0,0,1,63.0,19.0,voiture,deux_roues,1,2,1,1,2
202200018620,2022-10-18 07:40:00,2022,10,18,7,40,13,13056,CD 49,43.38064,5.03128,Crépuscule ou aube,Hors agglomération,Hors intersection,Normale,Deux véhicules - côté,7,2,2,0,2,1,1,0,1,80,2,2,1,0,0,1,36.0,52.0,utilitaire_camion,voiture,2,1,1,1,3
202200018621,2022-02-03 12:15:00,2022,2,3,12,15,2A,2A247,T10 - route de la Veta,41.639906,9.294664,Plein jour,Hors agglomération,Intersection en T,Normale,Deux véhicules - frontale,2,2,2,0,1,1,1,0,1,80,2,3,2,0,1,0,78.0,15.0,voiture,deux_roues,1,1,3,1,1
202200018622,2022-05-28 02:30:00,2022,5,28,2,30,13,13098,D.5,43.45228,5.01167,Nuit sans éclairage public,Hors agglomération,Hors intersection,Normale,Sans collision,3,2,4,0,1,3,1,0,3,90,1,1,0,0,0,1,22.0,,voiture,,3,1,1,1,7