accident_id,datetime,annee,mois,jour,heure,minute,departement,commune_insee,adresse,latitude,longitude,luminosite,agglomeration,intersection,meteo,collision,catr,circ,nbv,vosp,prof,plan,surf,infra,situ,vma,nb_vehicules,nb_usagers,nb_indemnes,nb_tues,nb_blesses_hosp,nb_blesses_legers,age_cond_1,age_cond_2,veh_type_cond_1,veh_type_cond_2,lum_code,agg_code,int_code,atm_code,col_code
202200018623,2022-07-26 19:35:00,2022,7,26,19,35,64,64024,Avenue Eugène Bernain,43.485398,-1.51293,Plein jour,En agglomération,Hors intersection,Normale,Deux véhicules - côté,4,2,2,0,2,1,1,0,1,30,2,2,0,0,1,1,59.0,16.0,deux_roues,deux_roues,1,2,1,1,3
202200018624,2022-05-27 00:15:00,2022,5,27,0,15,13,13047,Route de Miramas,43.539592,4.974041,Nuit sans éclairage public,Hors agglomération,Hors intersection,Normale,Autre collision,7,2,2,0,1,2,2,0,3,80,1,1,0,0,0,1,45.0,,voiture,,3,1,1,1,6
202200018625,2022-02-02 06:55:00,2022,2,2,6,55,83,83115,avenue raoul nordling,43.2979126192,6.624979645,Crépuscule ou aube,En agglomération,Hors intersection,Normale,Autre collision,3,2,2,0,1,1,1,0,4,50,1,6,3,0,0,3,26.0,,voiture,,2,2,1,1,6
202200018626,2022-06-27 18:00:00,2022,6,27,18,0,59,59043,BELLE CROIX (RUE DE LA),50.72196,2.70344,Plein jour,Hors agglomération,Intersection en X,Normale,Deux véhicules - côté,3,2,2,0,1,1,1,5,1,70,2,2,1,0,1,0,31.0,15.0,utilitaire_camion,deux_roues,1,1,2,1,3
202200018627,2022-01-21 02:20:00,2022,1,21,2,20,13,13076,Route d Orgon Cd 26,43.810685,5.023499,Nuit sans éclairage public,Hors agglomération,Hors intersection,Normale,Autre collision,3,2,2,0,3,1,1,0,1,80,1,1,0,0,0,1,36.0,,voiture,,3,1,1,1,6
202200018628,2022-05-26 15:30:00,2022,5,26,15,30,13,13028,Rond-point de la locomotive,43.1923999084,5.6046370153,Plein jour,En agglomération,Hors intersection,Normale,Trois véhicules et plus - collisions multiples,4,4,2,0,1,2,1,5,1,50,3,3,1,0,0,2,19.0,38.0,voiture,deux_roues,1,2,1,1,5
202200018629,2022-01-28 14:45:00,2022,1,28,14,45,68,68309,28 Rue du Maréchal Foch,47.655827,7.456305,Plein jour,En agglomération,Hors intersection,Temps couvert,Sans collision,3,2,2,0,1,1,7,0,5,50,1,1,0,0,1,0,52.0,,deux_roues,,1,2,1,8,7
202200018630,2022-07-16 18:35:00,2022,7,16,18,35,57,57283,METZ (RUE DE),49.2431265184,6.1694743635,Plein jour,En agglomération,Hors intersection,Normale,Deux véhicules - côté,3,2,2,0,1,2,1,0,1,50,2,2,1,0,1,0,24.0,59.0,deux_roues,voiture,1,2,1,1,3
202200018631,2022-01-27 15:20:00,2022,1,27,15,20,55,55517,Rue du Pont Etrier,48.978668,5.051823,Plein jour,Hors agglomération,Hors intersection,Pluie légère,Autre collision,3,2,2,0,2,3,2,0,3,90,1,1,0,0,0,1,59.0,,voiture,,1,1,1,2,6
202200018632,2022-05-27 19:00:00,2022,5,27,19,0,13,13001,VAIR GUILLAUME DU (RUE),43.50741,5.40125,Plein jour,En agglomération,Intersection en T,Normale,Deux véhicules - côté,7,2,3,0,1,1,1,5,1,50,2,2,1,0,0,1,30.0,20.0,voiture,deux_roues,1,2,3,1,3
202200018633,2022-07-17 20:20:00,2022,7,17,20,20,57,57591,EXUPERY (RUE ST),49.2465459138,6.1082337651,Plein jour,En agglomération,Hors intersection,Normale,Autre collision,4,2,2,0,1,1,1,0,1,30,1,2,1,0,0,1,24.0,,voiture,,1,2,1,1,6
202200018634,2022-02-03 10:50:00,2022,2,3,10,50,01,01262,280 Avenue des Platanes,45.848341,5.057954,Plein jour,En agglomération,Giratoire,Normale,Deux véhicules - arrière,3,2,2,0,1,1,1,0,1,50,2,2,1,0,0,1,65.0,36.0,voiture,voiture,1,2,6,1,2
202200018635,2022-05-22 17:10:00,2022,5,22,17,10,12,12145,Avenue Edouard Alfred Martel,44.11445,3.08315,Plein jour,En agglomération,Intersection en T,Normale,Deux véhicules - côté,3,2,2,0,1,1,1,0,1,50,2,2,1,0,0,1,55.0,15.0,deux_roues,deux_roues,1,2,3,1,3
202200018636,2022-01-29 18:15:00,2022,1,29,18,15,69,69026,Route Départementale 385,45.899237,4.588079,Nuit sans éclairage public,Hors agglomération,Hors intersection,Normale,Deux véhicules - frontale,3,2,2,0,1,3,1,0,1,80,2,2,0,0,2,0,38.0,66.0,voiture,voiture,3,1,1,1,1
202200018637,2022-05-27 14:40:00,2022,5,27,14,40,07,07102,route de valence,44.92005,4.86222,Plein jour,Hors agglomération,Hors intersection,Normale,Deux véhicules - arrière,3,3,4,0,1,1,1,0,1,90,2,2,1,0,0,1,42.0,48.0,voiture,utilitaire_camion,1,1,1,1,2
202200018638,2022-07-27 05:55:00,2022,7,27,5,55,54,54395,LOBAU (BOULEVARD),48.68953,6.19374,Crépuscule ou aube,En agglomération,Intersection en X,Normale,Deux véhicules - côté,4,2,4,0,1,1,1,0,1,50,2,2,1,0,0,1,24.0,27.0,deux_roues,utilitaire_camion,2,2,2,1,3
202200018639,2022-02-03 07:15:00,2022,2,3,7,15,59,59158,Rue de l Houssoye,50.461032,3.202702,Crépuscule ou aube,En agglomération,Hors intersection,Normale,Deux véhicules - frontale,3,2,1,0,1,1,2,0,1,50,2,2,0,0,0,2,22.0,44.0,voiture,voiture,2,2,1,1,1
202200018640,2022-05-26 03:43:00,2022,5,26,3,43,06,06104,CHEMINS (CARREFOUR DES 4),43.760191,7.452458,Nuit avec éclairage allumé,En agglomération,Giratoire,Normale,Autre collision,3,1,2,0,1,2,1,5,1,50,1,1,0,0,1,0,40.0,,deux_roues,,5,2,6,1,6
202200018641,2022-07-26 15:50:00,2022,7,26,15,50,52,52121,RD 674,48.11829,5.15608,Plein jour,En agglomération,Hors intersection,Normale,Deux véhicules - frontale,3,2,2,0,2,1,1,0,1,50,2,2,0,0,0,2,66.0,66.0,voiture,voiture,1,2,1,1,1
202200018642,2022-02-01 18:30:00,2022,2,1,18,30,59,59507,AUTOROUTE A1,50.60673,3.09726,Nuit sans éclairage public,Hors agglomération,Hors intersection,Normale,Deux véhicules - arrière,1,-1,3,0,1,1,1,3,1,90,2,3,2,0,0,1,21.0,48.0,voiture,voiture,3,1,1,1,2
202200018643,2022-05-28 13:45:00,2022,5,28,13,45,06,06069,SAINT EXUPERY (AVENUE ANTOINE DE),43.66221,6.934,Plein jour,En agglomération,Intersection en X,Normale,Deux véhicules - côté,4,2,2,0,1,1,1,0,1,50,2,2,1,0,0,1,27.0,30.0,voiture,deux_roues,1,2,2,1,3
202200018644,2022-07-27 17:20:00,2022,7,27,17,20,51,51431,D40,49.0117718905,3.9501643181,Plein jour,Hors agglomération,Hors intersection,Normale,Sans collision,3,2,2,0,1,1,1,0,1,80,1,2,0,1,0,1,61.0,,deux_roues,,1,1,1,1,7
202200018645,2022-02-02 16:10:00,2022,2,2,16,10,91,91689,AUTOROUTE A6B,48.74252,2.32167,Plein jour,Hors agglomération,Hors intersection,Normale,Trois véhicules et plus - en chaîne,1,1,4,0,2,1,1,0,1,90,3,3,2,0,0,1,31.0,29.0,voiture,voiture,1,1,1,1,4
202200018646,2022-07-27 00:37:00,2022,7,27,0,37,49,49007,PATTON AVENUE,47.47383,-0.57969,Nuit avec éclairage allumé,En agglomération,Hors intersection,Normale,Sans collision,4,2,2,0,1,1,1,0,1,50,1,1,0,0,0,1,19.0,,deux_roues,,5,2,1,1,7
202200018647,2022-02-02 19:15:00,2022,2,2,19,15,93,93078,AUTOROUTE A104,48.9673,2.511,Nuit sans éclairage public,Hors agglomération,Hors intersection,Normale,Deux véhicules - arrière,1,3,6,0,1,1,1,0,1,90,2,2,0,0,0,2,34.0,37.0,voiture,voiture,3,1,1,1,2
202200018648,2022-05-27 15:40:00,2022,5,27,15,40,06,06069,PAGNOL (BOULEVARD MARCEL),43.64558,6.94123,Plein jour,En agglomération,Intersection en T,Normale,Deux véhicules - côté,4,2,2,0,2,3,1,0,1,50,2,2,1,0,0,1,34.0,21.0,voiture,deux_roues,1,2,3,1,3
202200018649,2022-02-02 00:30:00,2022,2,2,0,30,93,93006,AUTOROUTE A3,48.8657026993,2.4180956359,Nuit sans éclairage public,Hors agglomération,Hors intersection,Normale,Deux véhicules - arrière,1,1,4,0,1,1,1,0,1,50,2,2,1,0,0,1,,45.0,voiture,voiture,3,1,1,1,2
202200018650,2022-02-01 22:40:00,2022,2,1,22,40,94,94073,A86 INT,48.7715541339,2.3934748629,Nuit sans éclairage public,Hors agglomération,Hors intersection,Normale,Autre collision,1,1,3,0,1,2,2,1,1,70,1,1,0,0,0,1,40.0,,voiture,,3,1,1,1,6
202200018651,2022-05-10 21:35:00,2022,5,10,21,35,06,06029,LEADER (BOULEVARD),43.554379,6.991863,Nuit sans éclairage public,En agglomération,Hors intersection,Normale,Deux véhicules - frontale,4,2,2,0,2,4,1,0,1,50,2,3,2,0,1,0,29.0,28.0,voiture,voiture,3,2,1,1,1
202200018652,2022-07-26 15:23:00,2022,7,26,15,23,49,49007,Boulevard du Doyenné,47.49121,-0.52982,Plein jour,En agglomération,Intersection en X,Normale,Trois véhicules et plus - en chaîne,4,2,2,0,1,1,1,0,1,50,3,4,3,0,0,1,59.0,68.0,voiture,voiture,1,2,2,1,4
202200018653,2022-05-28 18:10:00,2022,5,28,18,10,06,06027,PLAGE BOULEVARD DE LA,43.65,7.15,Plein jour,En agglomération,Hors intersection,Normale,Sans collision,7,3,6,0,1,1,1,0,1,50,1,1,0,0,0,1,65.0,,transport_commun,,1,2,1,1,7
202200018654,2022-02-01 17:00:00,2022,2,1,17,0,75,75119,RUE DE CAMBRAI,48.895966,2.379707,Crépuscule ou aube,En agglomération,Intersection en Y,Normale,Trois véhicules et plus - en chaîne,4,1,1,0,1,1,1,0,1,30,3,3,2,0,0,1,46.0,62.0,utilitaire_camion,voiture,2,2,4,1,4
202200018655,2022-07-26 21:47:00,2022,7,26,21,47,45,45004,944 Route de Châtillon,47.9624,2.76459,Nuit avec éclairage allumé,En agglomération,Hors intersection,Normale,Deux véhicules - côté,3,2,0,0,1,1,1,0,1,50,2,2,1,0,0,1,34.0,35.0,utilitaire_camion,voiture,5,2,1,1,3
202200018656,2022-02-01 08:35:00,2022,2,1,8,35,72,72181,MONTOISE (RUE),48.00989,0.18919,Plein jour,En agglomération,Hors intersection,Normale,Autre collision,4,2,2,0,1,1,1,0,6,50,1,2,1,0,0,1,,,voiture,,1,2,1,1,6
202200018657,2022-05-27 08:20:00,2022,5,27,8,20,06,06027,PLAGE BOULEVARD DE LA,43.65031,7.151289,Plein jour,En agglomération,Hors intersection,Normale,Deux véhicules - arrière,7,3,6,0,1,1,1,0,1,50,2,2,1,0,0,1,53.0,33.0,deux_roues,voiture,1,2,1,1,2
202200018658,2022-01-31 19:00:00,2022,1,31,19,0,32,32013,CLEMENT ADER,43.65019,0.59431,Nuit avec éclairage allumé,En agglomération,Hors intersection,Normale,Autre collision,2,2,2,0,1,1,1,0,1,50,1,2,1,0,0,1,21.0,,voiture,,5,2,1,1,6
202200018659,2022-07-27 06:40:00,2022,7,27,6,40,44,44114,Route de la chapelle-sur-erdre,47.27272,-1.614013,Crépuscule ou aube,En agglomération,Hors intersection,Normale,Sans collision,7,2,2,1,1,1,1,0,1,50,1,1,0,0,1,0,23.0,,voiture,,2,2,1,1,7
202200018660,2022-01-31 16:45:00,2022,1,31,16,45,32,32013,SAMBRE ET MEUSE (AVENUE),43.64327,0.59743,Plein jour,En agglomération,Hors intersection,Pluie légère,Sans collision,4,2,2,0,1,1,2,0,4,30,1,2,1,0,0,1,85.0,,voiture,,1,2,1,2,7
202200018661,2022-05-26 15:45:00,2022,5,26,15,45,06,06123,FAHNESTOCK G. CORNICHE,43.674821,7.186037,Plein jour,Hors agglomération,Hors intersection,Normale,Deux véhicules - arrière,7,2,2,0,2,3,1,0,1,50,2,2,1,0,0,1,28.0,21.0,voiture,deux_roues,1,1,1,1,2
202200018662,2022-07-27 23:25:00,2022,7,27,23,25,35,35238,PASTEUR (PLACE),48.1103892508,-1.6742308438,Nuit avec éclairage allumé,En agglomération,Hors intersection,Normale,Deux véhicules - côté,4,2,2,2,2,1,1,0,1,30,2,3,2,0,1,0,22.0,20.0,deux_roues,deux_roues,5,2,1,1,3
202200018663,2022-01-31 13:25:00,2022,1,31,13,25,33,33529,DIGNAC (RUE PIERRE),44.6318841033,-1.1471968889,Plein jour,En agglomération,Hors intersection,Pluie forte,Autre collision,4,1,1,0,1,1,2,0,1,50,1,2,1,0,0,1,52.0,,voiture,,1,2,1,3,6
202200018664,2022-05-26 18:06:00,2022,5,26,18,6,05,05061,Rue Faure du Serre,44.56142,6.0814,Plein jour,En agglomération,Hors intersection,Normale,Sans collision,3,1,2,0,1,1,1,0,1,50,1,2,1,0,0,1,24.0,,voiture,,1,2,1,1,7
202200018665,2022-07-27 15:17:00,2022,7,27,15,17,35,35206,,48.07974,-1.6851,Plein jour,Hors agglomération,Hors intersection,Normale,Deux véhicules - arrière,2,3,4,0,1,1,1,0,1,90,2,2,1,0,0,1,42.0,26.0,voiture,deux_roues,1,1,1,1,2
202200018666,2022-02-02 10:00:00,2022,2,2,10,0,988,98818,AVENUE DE LA VICTOIRE H. LAFLEUR,-22.27445,166.44149,Plein jour,En agglomération,Hors intersection,Normale,Deux véhicules - arrière,4,3,5,0,1,1,1,0,1,50,2,3,1,0,0,2,41.0,47.0,voiture,voiture,1,2,1,1,2
202200018667,2022-02-01 17:15:00,2022,2,1,17,15,988,98818,RUE DES CAMELIAS/RUE JACQUES IEKAWE,-22.24025,166.47137,Plein jour,En agglomération,Intersection en T,Pluie légère,Deux véhicules - côté,4,2,2,0,1,3,2,0,1,50,2,3,1,0,1,1,17.0,27.0,deux_roues,utilitaire_camion,1,2,3,2,3
202200018668,2022-02-01 12:30:00,2022,2,1,12,30,976,97611,mamoudzou centre-RP Passot quai colas (R,-12.77554,45.23078,Plein jour,En agglomération,Hors intersection,Normale,Sans collision,2,-1,2,0,1,3,1,0,1,50,1,1,0,0,0,1,53.0,,deux_roues,,1,2,1,1,7
202200018669,2022-05-28 19:00:00,2022,5,28,19,0,75,75118,BD PERIPHERIQUE EXTERIEUR,48.900942,2.357553,Plein jour,En agglomération,Hors intersection,Normale,Trois véhicules et plus - en chaîne,4,1,4,0,1,1,1,0,1,70,4,4,2,0,0,2,,37.0,voiture,voiture,1,2,1,1,4
202200018670,2022-07-27 18:40:00,2022,7,27,18,40,33,33200,Avenue du Médoc,44.89305,-0.66842,Plein jour,Hors agglomération,Intersection en Y,Normale,Deux véhicules - côté,4,1,2,2,1,3,1,5,1,50,2,2,1,0,0,1,30.0,27.0,utilitaire_camion,deux_roues,1,1,4,1,3
202200018671,2022-02-01 20:30:00,2022,2,1,20,30,974,97411,JAURES (BOULEVARD JEAN),-20.89005,55.4615,Nuit avec éclairage allumé,En agglomération,Giratoire,Normale,Deux véhicules - côté,4,3,4,0,1,4,1,0,1,70,2,3,0,0,2,1,36.0,25.0,deux_roues,voiture,5,2,6,1,3
202200018672,2022-01-31 15:45:00,2022,1,31,15,45,974,97411,PAVEE (RUELLE),-20.88358,55.46026,Plein jour,En agglomération,Intersection en X,Normale,Autre collision,4,1,1,0,1,1,1,0,1,50,1,2,1,0,0,1,76.0,,voiture,,1,2,2,1,6
202200018673,2022-05-28 14:15:00,2022,5,28,14,15,75,75112,ECHANGEUR BERCY,48.828556,2.391075,Plein jour,En agglomération,Hors intersection,Normale,Trois véhicules et plus - en chaîne,4,1,1,0,1,2,1,0,1,50,3,3,2,0,0,1,51.0,64.0,voiture,voiture,1,2,1,1,4
202200018674,2022-01-30 12:15:00,2022,1,30,12,15,974,97411,JAURES (BOULEVARD JEAN),-20.89961,55.48003,Plein jour,Hors agglomération,Autre intersection,Normale,Autre collision,2,1,1,0,1,1,1,9,1,70,1,2,1,0,0,1,70.0,,voiture,,1,1,9,1,6
202200018675,2022-05-27 19:20:00,2022,5,27,19,20,75,75116,BD PERIPHERIQUE EXTERIEUR,48.8646034025,2.2669862006,Plein jour,En agglomération,Hors intersection,Normale,Deux véhicules - arrière,4,1,4,0,1,1,1,1,1,70,2,2,1,0,0,1,27.0,36.0,voiture,deux_roues,1,2,1,1,2
202200018676,2022-07-27 17:00:00,2022,7,27,17,0,33,33039,Place du Quatorze Juillet,44.80701,-0.54894,Plein jour,En agglomération,Intersection en T,Normale,Deux véhicules - côté,4,2,2,0,1,1,1,0,1,50,2,4,2,0,0,2,17.0,34.0,utilitaire_camion,voiture,1,2,3,1,3
202200018677,2022-02-01 23:50:00,2022,2,1,23,50,69,69383,Rue de Bonnel,45.76265,4.85751,Nuit avec éclairage allumé,En agglomération,Intersection en X,Normale,Deux véhicules - côté,4,1,1,0,1,1,2,1,1,50,2,6,3,0,0,3,28.0,23.0,voiture,voiture,5,2,2,1,3
202200018678,2022-05-27 12:50:00,2022,5,27,12,50,75,75118,BD PERIPHERIQUE INTERIEUR,48.9006416077,2.3326749648,Plein jour,En agglomération,Hors intersection,Normale,Sans collision,4,1,4,0,1,1,1,0,1,70,1,1,0,0,0,1,33.0,,deux_roues,,1,2,1,1,7
202200018679,2022-07-27 11:45:00,2022,7,27,11,45,33,33529,THIERS (PL.),44.6291,-1.1468,Plein jour,En agglomération,Hors intersection,Normale,Autre collision,4,1,1,0,1,2,1,0,1,50,1,1,0,0,0,1,23.0,,voiture,,1,2,1,1,6
202200018680,2022-02-01 19:30:00,2022,2,1,19,30,69,69259,Boulevard de Jodino,45.69146,4.8845,Nuit avec éclairage allumé,En agglomération,Hors intersection,Pluie légère,Autre collision,4,3,2,0,2,1,2,0,1,50,1,2,1,0,0,1,47.0,,voiture,,5,2,1,2,6
202200018681,2022-05-27 00:45:00,2022,5,27,0,45,75,75117,BD PERIPHERIQUE EXTERIEUR,48.881914464,2.2827011222,Nuit sans éclairage public,En agglomération,Hors intersection,Normale,Sans collision,4,1,1,0,1,3,1,0,1,50,1,1,0,0,0,1,36.0,,deux_roues,,3,2,1,1,7
202200018682,2022-02-01 17:20:00,2022,2,1,17,20,69,69387,Boulevard Yves Farge,45.7373415917,4.8290206655,Plein jour,En agglomération,Hors intersection,Normale,Deux véhicules - côté,4,2,2,3,1,1,1,0,1,50,2,2,1,0,0,1,61.0,34.0,transport_commun,voiture,1,2,1,1,3
202200018683,2022-07-27 19:00:00,2022,7,27,19,0,31,31555,ALL JEAN JAURES,43.6058,1.44848,Plein jour,En agglomération,Hors intersection,Normale,Deux véhicules - côté,4,2,6,3,1,1,1,0,1,50,2,2,1,0,1,0,46.0,80.0,voiture,deux_roues,1,2,1,1,3
202200018684,2022-05-26 21:10:00,2022,5,26,21,10,75,75112,BD PERIPHERIQUE INTERIEUR,48.835991,2.412053,Crépuscule ou aube,En agglomération,Hors intersection,Normale,Deux véhicules - côté,4,1,4,0,1,1,1,0,1,70,2,2,1,0,0,1,25.0,42.0,deux_roues,voiture,2,2,1,1,3
202200018685,2022-02-01 06:30:00,2022,2,1,6,30,69,69386,6 Quai de Serbie,45.7711145851,4.8410640657,Nuit avec éclairage allumé,En agglomération,Hors intersection,Normale,Deux véhicules - arrière,4,1,3,0,3,2,1,0,1,50,2,2,1,0,1,0,35.0,30.0,voiture,deux_roues,5,2,1,1,2
202200018686,2022-05-29 15:10:00,2022,5,29,15,10,30,30189,Boulevard Talabot,43.8385,4.3727,Plein jour,En agglomération,Intersection en T,Normale,Deux véhicules - côté,4,2,4,3,1,1,1,5,1,50,2,2,0,0,0,2,23.0,22.0,deux_roues,voiture,1,2,3,1,3
202200018687,2022-01-31 15:00:00,2022,1,31,15,0,69,69276,Chemin de Beauregard,45.67336,4.85762,Plein jour,En agglomération,Intersection en T,Pluie légère,Autre collision,4,1,1,2,1,1,2,0,1,50,1,2,1,0,0,1,82.0,,voiture,,1,2,3,2,6
202200018688,2022-06-12 03:25:00,2022,6,12,3,25,30,30189,Route d'Avignon,43.8572,4.4052,Nuit avec éclairage allumé,En agglomération,Giratoire,Normale,Sans collision,4,1,2,0,1,2,1,0,1,50,1,1,0,0,1,0,19.0,,voiture,,5,2,6,1,7
202200018689,2022-05-26 10:40:00,2022,5,26,10,40,75,75120,BD PERIPHERIQUE INTERIEUR,48.8581262839,2.4140954585,Plein jour,En agglomération,Hors intersection,Normale,Deux véhicules - arrière,4,1,4,0,1,1,1,0,1,70,2,3,2,0,0,1,49.0,37.0,voiture,voiture,1,2,1,1,2
202200018690,2022-01-31 11:30:00,2022,1,31,11,30,69,69266,Petite Rue de la Viabert,45.7680517601,4.8658168316,Plein jour,En agglomération,Intersection en X,Pluie légère,Deux véhicules - côté,4,1,1,0,1,1,2,0,1,50,2,2,1,0,0,1,34.0,39.0,voiture,voiture,1,2,2,2,3
202200018691,2022-07-25 14:00:00,2022,7,25,14,0,29,29019,rue Georges Melou,48.392865,-4.462068,Plein jour,En agglomération,Intersection en X,Normale,Deux véhicules - côté,4,-1,2,0,1,1,1,0,1,50,2,2,1,0,0,1,16.0,47.0,deux_roues,voiture,1,2,2,1,3
202200018692,2022-05-26 05:20:00,2022,5,26,5,20,75,75120,BD PERIPHERIQUE INTERIEUR,48.873965,2.411229,Nuit avec éclairage allumé,En agglomération,Hors intersection,Normale,Deux véhicules - côté,4,1,4,0,2,1,1,1,1,70,2,6,5,0,0,1,46.0,,voiture,voiture,5,2,1,1,3
202200018693,2022-01-31 12:30:00,2022,1,31,12,30,69,69388,Boulevard Jean XXIII,45.73796,4.87155,Plein jour,En agglomération,Intersection en X,Temps couvert,Deux véhicules - côté,4,2,2,3,1,1,2,0,6,50,2,2,1,0,0,1,29.0,44.0,deux_roues,voiture,1,2,2,8,3
202200018694,2022-07-27 01:40:00,2022,7,27,1,40,27,27681,LE TELLIER (RUE PIERRE),49.08242,1.48529,Nuit avec éclairage allumé,En agglomération,Hors intersection,Normale,Autre collision,4,2,2,0,1,4,1,0,3,30,1,1,0,0,0,1,19.0,,voiture,,5,2,1,1,6
202200018695,2022-01-31 12:15:00,2022,1,31,12,15,69,69259,Rue Beethoven,45.69234,4.89833,Plein jour,En agglomération,Hors intersection,Pluie légère,Autre collision,4,-1,2,0,1,1,2,0,1,50,1,2,1,0,0,1,,,voiture,,1,2,1,2,6
202200018696,2022-05-26 00:15:00,2022,5,26,0,15,75,75112,ECHANGEUR BERCY,48.826894,2.391481,Nuit avec éclairage allumé,En agglomération,Hors intersection,Normale,Sans collision,4,1,1,0,4,2,8,0,1,50,1,2,0,0,0,2,35.0,,deux_roues,,5,2,1,1,7
202200018697,2022-07-27 08:05:00,2022,7,27,8,5,27,27701,RD71,49.25024,1.23598,Plein jour,Hors agglomération,Intersection en T,Normale,Trois véhicules et plus - collisions multiples,3,2, -1,-1,1,1,1,0,1,-1,3,3,2,1,0,0,57.0,57.0,voiture,utilitaire_camion,1,1,3,1,5
202200018698,2022-05-25 12:00:00,2022,5,25,12,0,75,75112,BD PERIPHERIQUE INTERIEUR,48.844941,2.41403529,Plein jour,En agglomération,Hors intersection,Normale,Deux véhicules - côté,4,1,4,0,1,1,1,0,1,70,2,2,1,0,0,1,50.0,29.0,voiture,deux_roues,1,2,1,1,3
202200018699,2022-01-31 09:50:00,2022,1,31,9,50,69,69276,Route de Lyon,45.6853663329,4.8601412773,Plein jour,En agglomération,Giratoire,Pluie légère,Deux véhicules - côté,4,2,2,2,1,1,2,5,1,50,2,3,2,0,0,1,36.0,22.0,utilitaire_camion,utilitaire_camion,1,2,6,2,3
202200018700,2022-07-26 16:25:00,2022,7,26,16,25,25,25388,MOZART (RUE),47.5001,6.79839,Plein jour,En agglomération,Intersection en T,Normale,Deux véhicules - côté,4,-1,2,0,1,1,1,0,1,50,2,2,1,0,0,1,17.0,38.0,deux_roues,voiture,1,2,3,1,3
202200018701,2022-05-25 07:20:00,2022,5,25,7,20,75,75118,BD PERIPHERIQUE EXTERIEUR,48.900909,2.33768,Plein jour,En agglomération,Hors intersection,Normale,Deux véhicules - arrière,4,1,4,0,1,1,1,0,1,70,2,2,1,0,0,1,42.0,43.0,deux_roues,utilitaire_camion,1,2,1,1,2
202200018702,2022-02-01 11:05:00,2022,2,1,11,5,972,97213,ROUTE NATIONALE 1,14.61861,-61.00405,Plein jour,En agglomération,Giratoire,Normale,Deux véhicules - côté,2,2,4,0,1,2,1,0,1,50,2,2,1,0,0,1,43.0,57.0,voiture,deux_roues,1,2,6,1,3
202200018703,2022-07-27 21:10:00,2022,7,27,21,10,17,17300,04 PK RN237 MOULIN JUSTICE RE,46.17428,-1.17599,Plein jour,Hors agglomération,Autre intersection,Normale,Sans collision,2,3,4,0,1,1,1,3,1,90,1,1,0,0,1,0,38.0,,voiture,,1,1,9,1,7
202200018704,2022-01-31 06:15:00,2022,1,31,6,15,69,69389,Avenue Sidoine Apollinaire,45.76493,4.80116,Nuit avec éclairage allumé,En agglomération,Intersection en Y,Normale,Deux véhicules - côté,4,2,2,0,2,1,1,0,1,50,2,2,1,0,0,1,58.0,50.0,utilitaire_camion,voiture,5,2,4,1,3
202200018705,2022-05-25 08:45:00,2022,5,25,8,45,75,75120,BD PERIPHERIQUE INTERIEUR,48.870536,2.413224,Plein jour,En agglomération,Hors intersection,Normale,Trois véhicules et plus - en chaîne,4,1,4,0,1,1,1,0,1,70,3,4,2,0,0,2,48.0,30.0,deux_roues,utilitaire_camion,1,2,1,1,4
202200018706,2022-05-24 07:50:00,2022,5,24,7,50,75,75119,BD PERIPHERIQUE EXTERIEUR,48.900359,2.376642,Plein jour,En agglomération,Hors intersection,Normale,Deux véhicules - arrière,4,1,4,0,1,1,1,0,1,70,2,2,1,0,0,1,64.0,31.0,deux_roues,voiture,1,2,1,1,2
202200018707,2022-01-27 15:30:00,2022,1,27,15,30,69,69152,Boulevard de l’Europe,45.70279,4.82116,Plein jour,En agglomération,Hors intersection,Normale,Autre collision,7,2,2,2,1,1,1,0,1,50,1,2,1,0,0,1,,,autre,,1,2,1,1,6
202200018708,2022-07-27 20:30:00,2022,7,27,20,30,17,17300,COLIGNY   AVENUE,46.16311,-1.16516,Plein jour,En agglomération,Intersection en X,Normale,Deux véhicules - côté,4,-1,2,0,1,1,1,0,1,30,2,3,1,0,0,2,39.0,59.0,voiture,voiture,1,2,2,1,3
202200018709,2022-07-27 20:05:00,2022,7,27,20,5,17,17200,VENDOME   RUE DU MOULIN  DE,46.17814,-1.15291,Plein jour,En agglomération,Hors intersection,Normale,Deux véhicules - arrière,4,1,1,0,1,3,1,0,1,30,2,3,2,0,0,1,45.0,70.0,voiture,voiture,1,2,1,1,2
202200018710,2022-02-01 14:10:00,2022,2,1,14,10,2B,2B033,TUNNEL,42.69568,9.4523,Plein jour,En agglomération,Autre intersection,Normale,Trois véhicules et plus - en chaîne,2,2,2,0,1,1,1,1,1,50,4,4,2,0,0,2,52.0,35.0,voiture,voiture,1,2,9,1,4
202200018711,2022-07-27 07:30:00,2022,7,27,7,30,13,13208,MAZARGUES (AVENUE DE),43.2594295032,5.3941355485,Plein jour,En agglomération,Hors intersection,Normale,Deux véhicules - arrière,4,2,2,0,1,1,1,0,1,30,2,2,1,0,0,1,21.0,52.0,voiture,deux_roues,1,2,1,1,2
202200018712,2022-02-01 14:38:00,2022,2,1,14,38,2B,2B033,VEZZANI - RUE CESAR,42.68982,9.44701,Plein jour,En agglomération,Hors intersection,Normale,Deux véhicules - frontale,4,2,2,0,2,2,1,0,1,50,2,2,1,0,0,1,29.0,36.0,deux_roues,deux_roues,1,2,1,1,1
202200018713,2022-07-27 15:03:00,2022,7,27,15,3,10,10333,,48.28668,4.03995,Plein jour,Hors agglomération,Hors intersection,Normale,Deux véhicules - arrière,3,1,2,0,1,1,1,0,1,110,2,3,1,0,0,2,,23.0,voiture,voiture,1,1,1,1,2