accident_id,datetime,annee,mois,jour,heure,minute,departement,commune_insee,adresse,latitude,longitude,luminosite,agglomeration,intersection,meteo,collision,catr,circ,nbv,vosp,prof,plan,surf,infra,situ,vma,nb_vehicules,nb_usagers,nb_indemnes,nb_tues,nb_blesses_hosp,nb_blesses_legers,age_cond_1,age_cond_2,veh_type_cond_1,veh_type_cond_2,lum_code,agg_code,int_code,atm_code,col_code
202200018714,2022-01-31 16:50:00,2022,1,31,16,50,971,97101,PERRIN (SECTEUR),16.30082,-61.5114,Plein jour,Hors agglomération,Intersection en T,Normale,Autre collision,3,2,2,0,1,1,1,9,3,50,1,2,1,0,0,1,33.0,,voiture,,1,1,3,1,6
202200018715,2022-05-28 15:55:00,2022,5,28,15,55,75,75105,RUE GEOFFROY SAINT HILAIRE,48.8420185334,2.3556600052,Plein jour,En agglomération,Hors intersection,Normale,Deux véhicules - frontale,4,2,2,0,2,1,1,0,1,30,2,2,1,0,0,1,35.0,38.0,deux_roues,voiture,1,2,1,1,1
202200018716,2022-07-25 10:00:00,2022,7,25,10,0,05,05023,ITALIE (ROUTE D'),44.90979,6.66403,Plein jour,Hors agglomération,Intersection en X,Normale,Deux véhicules - côté,2,2,2,0,1,1,1,0,5,70,2,2,1,0,0,1,71.0,44.0,deux_roues,voiture,1,1,2,1,3
202200018717,2022-01-30 16:25:00,2022,1,30,16,25,971,97101,Frédéric JALTON,16.27304,-61.50508,Plein jour,En agglomération,Hors intersection,Normale,Deux véhicules - frontale,3,2,2,0,1,1,1,0,1,50,2,5,1,0,1,3,26.0,32.0,voiture,voiture,1,2,1,1,1
202200018718,2022-07-27 06:50:00,2022,7,27,6,50,75,75116,PORTE D AUTEUIL,48.846682,2.254566,Plein jour,En agglomération,Intersection en Y,Normale,Deux véhicules - arrière,4,1,4,0,1,1,1,1,1,70,2,2,1,0,0,1,45.0,47.0,utilitaire_camion,utilitaire_camion,1,2,4,1,2
202200018719,2022-07-26 16:40:00,2022,7,26,16,40,75,75118,AVENUE DE LA PORTE DE LA CHAPELLE,48.90086,2.365712,Plein jour,En agglomération,Hors intersection,Normale,Deux véhicules - côté,4,3,0,0,1,1,1,0,1,70,2,2,1,0,1,0,50.0,58.0,deux_roues,utilitaire_camion,1,2,1,1,3
202200018720,2022-01-29 17:30:00,2022,1,29,17,30,971,97113,Morne Salines,16.2073,-61.44419,Plein jour,Hors agglomération,Hors intersection,Normale,Deux véhicules - arrière,2,2,2,0,4,3,1,0,1,70,2,3,1,0,1,1,24.0,25.0,voiture,voiture,1,1,1,1,2
202200018721,2022-05-26 12:16:00,2022,5,26,12,16,75,75106,AVENUE DE L OBSERVATOIRE,48.8410178084,2.3361306867,Plein jour,En agglomération,Intersection en X,Normale,Deux véhicules - côté,4,2,4,0,1,1,1,0,1,30,2,2,1,0,0,1,39.0,51.0,deux_roues,deux_roues,1,2,2,1,3
202200018722,2022-07-27 13:30:00,2022,7,27,13,30,75,75105,PONT DE LA TOURNELLE,48.849976,2.354875,Plein jour,En agglomération,Intersection en X,Normale,Deux véhicules - côté,4,1,2,1,1,1,1,0,5,30,2,2,1,0,0,1,38.0,18.0,deux_roues,deux_roues,1,2,2,1,3
202200018723,2022-05-26 03:30:00,2022,5,26,3,30,75,75105,RUE DANTE,48.85122,2.346602,Nuit sans éclairage public,En agglomération,Hors intersection,Normale,Autre collision,4,2,2,1,1,1,1,-1,5,30,1,1,0,0,0,1,35.0,,deux_roues,,3,2,1,1,6
202200018724,2022-02-01 10:10:00,2022,2,1,10,10,971,97107,FLAMBOYANTS ( ALLEE DES ),16.0517575708,-61.5645450354,Plein jour,En agglomération,Hors intersection,Normale,Sans collision,2,2,2,0,1,1,1,9,1,50,2,4,3,0,1,0,20.0,32.0,voiture,voiture,1,2,1,1,7
202200018725,2022-07-27 20:05:00,2022,7,27,20,5,75,75118,BOULEVARD BARBES,48.884118,2.349468,Plein jour,En agglomération,Intersection en T,Normale,Deux véhicules - frontale,4,2,2,0,1,1,1,0,1,30,2,3,1,0,0,2,18.0,58.0,deux_roues,voiture,1,2,3,1,1
202200018726,2022-01-31 07:15:00,2022,1,31,7,15,2A,2A004,T40,41.9236,8.8129,Plein jour,Hors agglomération,Hors intersection,Normale,Deux véhicules - arrière,2,1,2,0,1,1,1,0,1,90,2,2,1,0,0,1,28.0,47.0,voiture,voiture,1,1,1,1,2
202200018727,2022-07-27 15:08:00,2022,7,27,15,8,75,75118,RUE DAMREMONT,48.893642,2.336378,Plein jour,En agglomération,Intersection en X,Normale,Deux véhicules - côté,4,2,2,0,1,1,1,0,1,30,2,2,1,0,0,1,56.0,51.0,deux_roues,voiture,1,2,2,1,3
202200018728,2022-05-28 18:30:00,2022,5,28,18,30,75,75120,BOULEVARD MORTIER,48.8728835795,2.4086423213,Plein jour,En agglomération,Intersection en X,Normale,Deux véhicules - côté,4,3,3,3,1,1,1,-1,6,50,2,3,1,0,0,2,52.0,38.0,voiture,deux_roues,1,2,2,1,3
202200018729,2022-02-01 11:00:00,2022,2,1,11,0,95,95268,AV DU PLEIN MIDI,48.971987087,2.3949873447,Plein jour,En agglomération,Hors intersection,Pluie légère,Autre collision,4,2,1,0,2,2,2,0,1,30,1,2,1,0,1,0,41.0,,voiture,,1,2,1,2,6
202200018730,2022-07-27 19:15:00,2022,7,27,19,15,75,75117,BOULEVARD PEREIRE,48.884821,2.296634,Plein jour,En agglomération,Place,Normale,Autre collision,4,-1,1,0,1,1,1,0,1,30,1,2,1,0,0,1,45.0,,voiture,,1,2,7,1,6
202200018731,2022-01-20 07:10:00,2022,1,20,7,10,95,95268,AV DU GENERAL DE GAULLE,48.974212533,2.3989999294,Nuit avec éclairage allumé,En agglomération,Hors intersection,Pluie légère,Autre collision,3,2,4,0,1,1,2,0,1,50,1,2,1,0,0,1,58.0,,voiture,,5,2,1,2,6
202200018732,2022-01-31 19:15:00,2022,1,31,19,15,91,91425,RTE D ORLEANS RN 20,48.64448,2.27009,Nuit avec éclairage allumé,En agglomération,Autre intersection,Normale,Deux véhicules - côté,3,3,5,1,1,1,1,9,5,50,2,2,1,0,0,1,54.0,47.0,voiture,deux_roues,5,2,9,1,3
202200018733,2022-07-27 20:00:00,2022,7,27,20,0,75,75116,ROUTE DES TRIBUNES,48.862566,2.230802,Crépuscule ou aube,En agglomération,Hors intersection,Normale,Trois véhicules et plus - collisions multiples,4,1,3,1,1,1,1,0,5,30,3,3,1,0,0,2,31.0,19.0,deux_roues,deux_roues,2,2,1,1,5
202200018734,2022-05-28 18:00:00,2022,5,28,18,0,75,75120,RUE DES PYRENEES,48.8737070398,2.3895405406,Plein jour,En agglomération,Intersection en Y,Normale,Autre collision,4,2,3,0,1,2,1,0,1,30,1,2,1,0,0,1,19.0,,deux_roues,,1,2,4,1,6
202200018735,2022-01-31 16:25:00,2022,1,31,16,25,91,91514,RUE DE BOISSY ST LEGER,48.67257,2.53744,Plein jour,En agglomération,Hors intersection,Normale,Deux véhicules - arrière,3,2,0,0,1,1,1,6,1,50,2,2,0,0,0,2,43.0,39.0,utilitaire_camion,utilitaire_camion,1,2,1,1,2
202200018736,2022-07-26 16:00:00,2022,7,26,16,0,75,75116,AVENUE D IENA,48.87093,2.29567,Plein jour,En agglomération,Hors intersection,Normale,Trois véhicules et plus - collisions multiples,4,2,2,0,1,1,1,0,1,30,3,3,1,0,0,2,24.0,42.0,deux_roues,deux_roues,1,2,1,1,5
202200018737,2022-01-29 23:30:00,2022,1,29,23,30,91,91114,AV DU GAL LECLERC,48.68662,2.49284,Nuit avec éclairage allumé,En agglomération,Intersection en X,Pluie légère,Deux véhicules - arrière,3,2,2,0,1,1,2,0,1,50,2,5,1,0,0,4,66.0,,voiture,voiture,5,2,2,2,2
202200018738,2022-07-26 19:00:00,2022,7,26,19,0,75,75114,AVENUE PAUL VAILLANT COUTURIER,48.816989,2.332144,Plein jour,En agglomération,Intersection en X,Normale,Deux véhicules - arrière,4,2,2,0,1,1,1,0,1,30,2,2,1,0,0,1,19.0,36.0,voiture,voiture,1,2,2,1,2
202200018739,2022-01-31 17:30:00,2022,1,31,17,30,91,91103,RUE HENRI DUNANT,48.6,2.3,Crépuscule ou aube,En agglomération,Hors intersection,Normale,Deux véhicules - côté,4,3,4,0,1,1,1,0,1,50,2,3,2,0,0,1,28.0,22.0,voiture,deux_roues,2,2,1,1,3
202200018740,2022-07-27 13:20:00,2022,7,27,13,20,75,75113,BOULEVARD AUGUSTE BLANQUI,48.830647,2.352655,Plein jour,En agglomération,Intersection en X,Normale,Deux véhicules - arrière,4,1,2,0,2,1,1,0,1,30,2,3,1,0,0,2,42.0,71.0,voiture,deux_roues,1,2,2,1,2
202200018741,2022-01-28 13:00:00,2022,1,28,13,0,88,88160,REMIREMONT (RUE DE),48.16291,6.44978,Plein jour,En agglomération,Hors intersection,Normale,Autre collision,3,2,2,0,1,1,1,0,1,50,1,2,1,0,1,0,,,utilitaire_camion,,1,2,1,1,6
202200018742,2022-05-26 19:55:00,2022,5,26,19,55,75,75119,PLACE AUGUSTE BARON,48.9009992741,2.3880865009,Plein jour,En agglomération,Place,Normale,Deux véhicules - côté,4,1,5,0,1,2,1,0,1,30,2,2,1,0,0,1,29.0,33.0,deux_roues,voiture,1,2,7,1,3
202200018743,2022-01-29 21:37:00,2022,1,29,21,37,87,87085,AUTOROUTE A20,45.8662710799,1.2876635348,Nuit avec éclairage non allumé,Hors agglomération,Hors intersection,Pluie légère,Autre collision,1,3,4,0,2,3,2,0,1,90,1,1,0,0,0,1,23.0,,voiture,,4,1,1,2,6
202200018744,2022-07-27 10:30:00,2022,7,27,10,30,75,75113,BOULEVARD AUGUSTE BLANQUI,48.830345,2.345885,Plein jour,En agglomération,Intersection en X,Normale,Sans collision,4,1,4,1,2,1,1,0,5,30,1,1,0,0,0,1,30.0,,deux_roues,,1,2,2,1,7
202200018745,2022-05-26 19:50:00,2022,5,26,19,50,75,75118,AVENUE DE LA PORTE DE CLIGNANCOURT,48.8985105205,2.3441999407,Plein jour,En agglomération,Hors intersection,Normale,Deux véhicules - côté,4,2,4,0,1,1,1,8,1,30,2,3,2,0,0,1,47.0,61.0,voiture,deux_roues,1,2,1,1,3
202200018746,2022-07-26 23:02:00,2022,7,26,23,2,75,75112,RUE DE WATTIGNIES,48.836622,2.393176,Nuit avec éclairage allumé,En agglomération,Intersection en X,Normale,Deux véhicules - côté,4,1,1,0,1,1,1,0,1,30,2,2,1,0,1,0,19.0,44.0,deux_roues,transport_commun,5,2,2,1,3
202200018747,2022-01-29 17:57:00,2022,1,29,17,57,87,87085,PERRIN (RUE FRANCOIS),45.82889,1.24344,Plein jour,En agglomération,Intersection en T,Normale,Deux véhicules - côté,4,2,2,0,1,1,1,0,1,50,2,2,1,0,0,1,39.0,23.0,voiture,deux_roues,1,2,3,1,3
202200018748,2022-07-25 19:25:00,2022,7,25,19,25,75,75112,BOULEVARD DIDEROT,48.848038,2.392864,Plein jour,En agglomération,Intersection en X,Normale,Deux véhicules - côté,4,2,2,0,1,1,1,0,1,30,2,2,1,0,0,1,26.0,21.0,deux_roues,voiture,1,2,2,1,3
202200018749,2022-05-27 20:40:00,2022,5,27,20,40,75,75117,RUE DES BATIGNOLLES,48.885031,2.320772,Plein jour,En agglomération,Intersection en X,Normale,Deux véhicules - côté,4,2,2,0,1,1,1,0,1,30,2,2,1,0,0,1,22.0,48.0,voiture,deux_roues,1,2,2,1,3
202200018750,2022-02-01 19:50:00,2022,2,1,19,50,83,83144,PERI (AVE / IMP GABRIEL),43.13807,5.99179,Nuit avec éclairage allumé,En agglomération,Hors intersection,Normale,Deux véhicules - arrière,4,1,1,0,1,1,1,0,1,30,2,2,1,0,0,1,23.0,63.0,deux_roues,voiture,5,2,1,1,2
202200018751,2022-07-27 19:00:00,2022,7,27,19,0,75,75111,AVENUE PARMENTIER,48.863223,2.376061,Plein jour,En agglomération,Hors intersection,Normale,Deux véhicules - côté,4,2,2,0,1,1,1,0,1,30,2,2,1,0,0,1,31.0,68.0,utilitaire_camion,deux_roues,1,2,1,1,3
202200018752,2022-05-26 10:00:00,2022,5,26,10,0,75,75117,AVENUE NIEL,48.8837876495,2.2968123387,Plein jour,En agglomération,Hors intersection,Pluie légère,Deux véhicules - arrière,4,2,3,0,1,1,2,0,1,30,2,3,1,0,0,2,27.0,30.0,deux_roues,voiture,1,2,1,2,2
202200018753,2022-07-27 16:40:00,2022,7,27,16,40,75,75108,PLACE DE LA CONCORDE,48.864827,2.320378,Plein jour,En agglomération,Place,Normale,Deux véhicules - côté,4,1,4,0,1,1,1,0,1,30,2,2,1,0,0,1,57.0,25.0,transport_commun,deux_roues,1,2,7,1,3
202200018754,2022-01-31 16:15:00,2022,1,31,16,15,83,83144,giratoire maréchal juin,43.138395,6.002629,Plein jour,Hors agglomération,Hors intersection,Normale,Deux véhicules - arrière,4,2,2,0,2,1,1,0,1,50,2,2,1,0,0,1,29.0,29.0,voiture,voiture,1,1,1,1,2
202200018755,2022-05-25 22:00:00,2022,5,25,22,0,75,75117,AVENUE DE LA PORTE DE SAINT OUEN,48.9004629296,2.3296782374,Nuit avec éclairage allumé,En agglomération,Intersection en Y,Normale,Deux véhicules - côté,4,3,5,0,1,1,1,0,1,30,2,2,1,0,0,1,33.0,24.0,voiture,voiture,5,2,4,1,3
202200018756,2022-07-27 18:20:00,2022,7,27,18,20,75,75101,RUE DE CASTIGLIONE,48.865936,2.327891,Plein jour,En agglomération,Intersection en X,Normale,Deux véhicules - arrière,4,1,1,0,1,1,1,0,1,30,2,2,1,0,0,1,27.0,61.0,voiture,deux_roues,1,2,2,1,2
202200018757,2022-07-27 15:40:00,2022,7,27,15,40,75,75101,QUAI FRANCOIS MITTERRAND,48.858989,2.339871,Plein jour,En agglomération,Intersection en T,Normale,Sans collision,4,1,4,3,1,1,1,0,1,30,1,1,0,0,0,1,16.0,,deux_roues,,1,2,3,1,7
202200018758,2022-05-27 00:50:00,2022,5,27,0,50,75,75115,QUAI ANDRE CITROEN,48.8493821032,2.2815548308,Nuit avec éclairage allumé,En agglomération,Intersection en X,Normale,Deux véhicules - arrière,4,2,5,0,1,1,1,0,1,30,2,3,2,0,1,0,24.0,50.0,voiture,deux_roues,5,2,2,1,2
202200018759,2022-01-30 12:15:00,2022,1,30,12,15,83,83069,GAMBETTA (AVENUE),43.1176,6.12861,Plein jour,En agglomération,Hors intersection,Normale,Deux véhicules - côté,4,-1,2,0,1,1,1,0,1,50,2,2,1,0,0,1,63.0,44.0,deux_roues,voiture,1,2,1,1,3
202200018760,2022-07-27 11:00:00,2022,7,27,11,0,75,75104,RUE DE RIVOLI,48.855472,2.360103,Plein jour,En agglomération,Intersection en T,Normale,Sans collision,4,2,2,1,1,1,1,0,5,30,1,1,0,0,0,1,79.0,,deux_roues,,1,2,3,1,7
202200018761,2022-05-28 17:15:00,2022,5,28,17,15,75,75115,RUE EMERIAU,48.848717,2.285217,Plein jour,En agglomération,Intersection en X,Normale,Autre collision,4,2,2,0,1,1,1,0,1,30,1,2,1,0,0,1,,,voiture,,1,2,2,1,6
202200018762,2022-07-26 11:30:00,2022,7,26,11,30,75,75101,RUE DE RIVOLI,48.8591,2.346424,Plein jour,En agglomération,Intersection en X,Normale,Deux véhicules - côté,4,2,4,1,1,1,1,0,5,30,2,2,1,0,0,1,24.0,38.0,deux_roues,utilitaire_camion,1,2,2,1,3
202200018763,2022-01-26 16:15:00,2022,1,26,16,15,83,83069,ALMANARRE (ROUTE DE L'),43.09297,6.13049,Plein jour,Hors agglomération,Hors intersection,Normale,Sans collision,3,2,2,1,1,1,1,0,5,70,1,1,0,1,0,0,46.0,,deux_roues,,1,1,1,1,7
202200018764,2022-07-25 19:15:00,2022,7,25,19,15,94,94068,KLEBER (R),48.789841,2.514948,Plein jour,En agglomération,Intersection en X,Normale,Deux véhicules - côté,4,2,2,0,1,1,1,0,1,30,2,3,2,0,0,1,28.0,82.0,voiture,voiture,1,2,2,1,3
202200018765,2022-05-27 15:10:00,2022,5,27,15,10,75,75114,BOULEVARD ARAGO,48.8348140668,2.3416080797,Plein jour,En agglomération,Intersection en X,Normale,Deux véhicules - frontale,4,2,3,0,2,1,1,0,1,30,2,2,1,0,0,1,28.0,16.0,voiture,deux_roues,1,2,2,1,1
202200018766,2022-07-27 03:50:00,2022,7,27,3,50,94,94054,Avenue Marcel Cachin,48.74724,2.41127,Nuit avec éclairage allumé,En agglomération,Hors intersection,Normale,Autre collision,3,2,2,0,1,1,1,0,1,50,1,1,0,0,0,1,24.0,,voiture,,5,2,1,1,6
202200018767,2022-05-26 17:08:00,2022,5,26,17,8,75,75114,RUE BOYER BARRET,48.832505,2.318309,Plein jour,En agglomération,Hors intersection,Normale,Autre collision,4,2,2,1,1,1,1,-1,5,30,1,2,1,0,0,1,21.0,,deux_roues,,1,2,1,1,6
202200018768,2022-01-31 17:05:00,2022,1,31,17,5,81,81163,RD 118,43.46451,2.35505,Crépuscule ou aube,Hors agglomération,Autre intersection,Pluie légère,Deux véhicules - côté,3,2,2,0,2,2,2,0,1,80,2,2,1,0,1,0,33.0,50.0,utilitaire_camion,voiture,2,1,9,2,3
202200018769,2022-05-27 21:41:00,2022,5,27,21,41,75,75113,AVENUE D ITALIE,48.826179,2.35728,Nuit avec éclairage allumé,En agglomération,Intersection en X,Normale,Deux véhicules - côté,4,2,5,0,1,1,1,0,1,30,2,2,1,0,0,1,,48.0,deux_roues,deux_roues,5,2,2,1,3
202200018770,2022-07-27 08:30:00,2022,7,27,8,30,95,95527,Route de l'Arpenteur,49.01762,2.53192,Plein jour,Hors agglomération,Hors intersection,Normale,Trois véhicules et plus - en chaîne,4,2,2,0,1,1,1,0,1,70,5,5,2,0,0,3,31.0,27.0,voiture,voiture,1,1,1,1,4
202200018771,2022-07-27 08:00:00,2022,7,27,8,0,93,93059,Avenue Emile Zola,48.950445,2.366058,Plein jour,En agglomération,Hors intersection,Normale,Deux véhicules - côté,3,3,2,3,1,1,1,0,1,30,2,2,1,0,1,0,,24.0,voiture,deux_roues,1,2,1,1,3
202200018772,2022-01-30 18:15:00,2022,1,30,18,15,80,80021,JEAN MOULIN (RUE),49.87751,2.27071,Nuit sans éclairage public,En agglomération,Hors intersection,Normale,Autre collision,3,2,2,0,1,1,1,0,1,50,1,2,1,0,0,1,90.0,,voiture,,3,2,1,1,6
202200018773,2022-05-27 14:10:00,2022,5,27,14,10,75,75113,RUE DE TOLBIAC,48.8258182386,2.3503802885,Plein jour,En agglomération,Intersection à plus de 4 branches,Temps couvert,Deux véhicules - arrière,4,2,4,0,1,1,1,0,1,30,2,2,1,0,0,1,42.0,33.0,voiture,deux_roues,1,2,5,8,2
202200018774,2022-07-27 12:00:00,2022,7,27,12,0,93,93070,Rue Albert Dhalenne / Boulevard Jean Jaurès,48.9127,2.33455,Plein jour,En agglomération,Intersection en X,Normale,Deux véhicules - côté,3,3,2,3,1,1,1,0,1,50,2,3,1,0,0,2,36.0,37.0,deux_roues,utilitaire_camion,1,2,2,1,3
202200018775,2022-05-27 12:20:00,2022,5,27,12,20,75,75113,RUE DU VAL DE MARNE,48.8160214635,2.3443184827,Plein jour,En agglomération,Place,Normale,Deux véhicules - arrière,4,2,2,0,1,2,1,0,1,30,2,2,1,0,0,1,41.0,51.0,deux_roues,voiture,1,2,7,1,2
202200018776,2022-01-28 16:00:00,2022,1,28,16,0,80,80725,ROUEN (ROUTE),49.87049,2.24257,Plein jour,En agglomération,Hors intersection,Normale,Autre collision,3,2,3,0,1,1,1,0,1,50,3,3,2,0,0,1,62.0,58.0,deux_roues,deux_roues,1,2,1,1,6
202200018777,2022-07-27 17:48:00,2022,7,27,17,48,93,93001,Rue Francis de Pressensé / Rue Danielle Casanova,48.92321,2.37015,Plein jour,En agglomération,Intersection en X,Normale,Deux véhicules - côté,3,3,2,1,1,1,1,0,1,50,2,2,1,0,0,1,27.0,57.0,deux_roues,utilitaire_camion,1,2,2,1,3
202200018778,2022-05-27 04:30:00,2022,5,27,4,30,75,75113,RUE DE TOLBIAC,48.8272940817,2.3685233151,Nuit avec éclairage allumé,En agglomération,Intersection en X,Normale,Deux véhicules - côté,4,2,4,0,1,1,1,0,1,30,2,2,1,0,0,1,45.0,67.0,deux_roues,voiture,5,2,2,1,3
202200018779,2022-07-27 18:10:00,2022,7,27,18,10,93,93077,Rue Louis Soyer / Rue David d'Angers,48.87895,2.50666,Plein jour,En agglomération,Intersection en X,Normale,Deux véhicules - côté,4,2,1,0,1,1,1,0,1,30,2,2,1,0,0,1,22.0,28.0,voiture,voiture,1,2,2,1,3
202200018780,2022-05-27 19:50:00,2022,5,27,19,50,75,75112,BOULEVARD DIDEROT,48.8459929132,2.3750001309,Plein jour,En agglomération,Hors intersection,Normale,Deux véhicules - côté,4,1,2,1,1,1,1,-1,5,30,2,2,1,0,0,1,46.0,21.0,voiture,deux_roues,1,2,1,1,3
202200018781,2022-01-28 12:40:00,2022,1,28,12,40,80,80021,Bernard RISBOURG,49.87658,2.26023,Plein jour,En agglomération,Hors intersection,Normale,Trois véhicules et plus - en chaîne,4,2,2,0,3,1,1,0,1,50,3,5,2,0,0,3,50.0,47.0,voiture,voiture,1,2,1,1,4
202200018782,2022-07-27 09:25:00,2022,7,27,9,25,93,93078,Boulevard Robert Ballanger / Avenue Diderot,48.95552,2.539,Plein jour,En agglomération,Intersection en T,Normale,Trois véhicules et plus - en chaîne,3,2,2,0,1,1,1,0,1,50,3,5,2,0,0,3,42.0,36.0,voiture,voiture,1,2,3,1,4
202200018783,2022-05-26 03:30:00,2022,5,26,3,30,75,75112,BOULEVARD DE LA BASTILLE,48.8464397658,2.3668490388,Nuit avec éclairage allumé,En agglomération,Intersection en Y,Normale,Deux véhicules - côté,4,2,3,1,1,1,1,-1,5,30,2,2,1,0,0,1,29.0,,deux_roues,voiture,5,2,4,1,3
202200018784,2022-07-26 18:57:00,2022,7,26,18,57,93,93055,Avenue Jean Lolive / Rue Charles Nodier,48.89087,2.40151,Plein jour,En agglomération,Intersection en T,Normale,Autre collision,3,2,2,1,1,1,1,0,1,50,1,2,1,0,0,1,29.0,,deux_roues,,1,2,3,1,6
202200018785,2022-02-01 09:30:00,2022,2,1,9,30,78,78551,SAINT LOUIS,48.89584,2.09577,Plein jour,En agglomération,Hors intersection,Pluie légère,Autre collision,4,1,1,0,1,1,2,0,1,30,2,2,1,0,0,1,55.0,43.0,utilitaire_camion,deux_roues,1,2,1,2,6
202200018786,2022-05-28 20:25:00,2022,5,28,20,25,75,75110,RUE DE SAINT QUENTIN,48.878213,2.355559,Plein jour,En agglomération,Intersection en X,Normale,Deux véhicules - arrière,4,2,3,0,2,1,1,0,1,30,2,2,1,0,0,1,41.0,,deux_roues,deux_roues,1,2,2,1,2
202200018787,2022-07-27 13:25:00,2022,7,27,13,25,93,93048,Avenue Gabriel Péri / Rue Carnot,48.8572,2.4411,Plein jour,En agglomération,Intersection en X,Normale,Deux véhicules - frontale,3,2,2,1,1,1,1,0,1,30,2,2,1,0,0,1,51.0,46.0,voiture,deux_roues,1,2,2,1,1
202200018788,2022-05-28 07:17:00,2022,5,28,7,17,75,75110,RUE DU FAUBOURG SAINT MARTIN,48.8764274634,2.3608013764,Plein jour,En agglomération,Hors intersection,Normale,Autre collision,4,2,6,0,1,1,1,0,1,30,1,1,0,0,0,1,26.0,,deux_roues,,1,2,1,1,6
202200018789,2022-02-01 07:25:00,2022,2,1,7,25,77,77243,D418,48.87878,2.70155,Nuit avec éclairage allumé,En agglomération,Intersection en Y,Pluie légère,Autre collision,3,2,2,0,2,1,2,0,1,50,1,2,1,0,0,1,34.0,,deux_roues,,5,2,4,2,6
202200018790,2022-07-27 13:14:00,2022,7,27,13,14,93,93047,Avenue Daniel Perdrigé / Avenue des Ormes,48.890718,2.558557,Plein jour,En agglomération,Intersection en X,Normale,Deux véhicules - côté,4,2,2,0,1,1,1,0,1,50,2,2,1,0,0,1,22.0,43.0,voiture,deux_roues,1,2,2,1,3
202200018791,2022-05-26 13:45:00,2022,5,26,13,45,75,75110,RUE LA FAYETTE,48.8793150301,2.3570858375,Plein jour,En agglomération,Intersection en X,Normale,Deux véhicules - côté,4,2,2,0,1,1,1,0,1,30,2,2,1,0,0,1,27.0,27.0,deux_roues,voiture,1,2,2,1,3
202200018792,2022-06-11 02:09:00,2022,6,11,2,9,92,92078,GALLIENI (BD) (1 A 79 ET 22 A 102),48.927887,2.331045,Nuit avec éclairage allumé,Hors agglomération,Autre intersection,Normale,Autre collision,3,2,3,0,1,1,1,9,8,50,1,2,0,0,0,2,52.0,,voiture,,5,1,9,1,6
202200018793,2022-07-26 07:00:00,2022,7,26,7,0,92,92049,DORMOY AVENUE MARX N°2 A 100,48.8100510992,2.3191390335,Crépuscule ou aube,En agglomération,Intersection en X,Normale,Autre collision,3,3,4,0,1,1,1,0,4,50,1,1,0,0,0,1,59.0,,deux_roues,,2,2,2,1,6
202200018794,2022-05-25 15:40:00,2022,5,25,15,40,75,75109,RUE BLANCHE,48.882792,2.332081,Plein jour,En agglomération,Intersection en X,Normale,Deux véhicules - côté,4,2,2,0,2,1,1,5,1,30,2,2,0,0,1,1,27.0,65.0,deux_roues,deux_roues,1,2,2,1,3
202200018795,2022-07-27 08:53:00,2022,7,27,8,53,92,92012,REINE (ROUTE DE LA) 1/37- 6/80,48.8394169219,2.2430745363,Plein jour,En agglomération,Hors intersection,Normale,Deux véhicules - côté,3,2,2,1,1,1,1,0,1,50,2,2,0,0,0,2,40.0,31.0,deux_roues,deux_roues,1,2,1,1,3
202200018796,2022-02-01 12:50:00,2022,2,1,12,50,77,77186,D606,48.40868,2.68755,Plein jour,En agglomération,Intersection en T,Pluie légère,Deux véhicules - frontale,3,2,3,0,1,2,2,0,1,50,2,3,2,0,0,1,59.0,50.0,voiture,voiture,1,2,3,2,1
202200018797,2022-05-28 18:00:00,2022,5,28,18,0,75,75108,AVENUE MATIGNON,48.86907566,2.3103194052,Plein jour,En agglomération,Place,Normale,Deux véhicules - côté,4,1,3,0,1,1,1,0,1,30,2,2,1,0,0,1,18.0,33.0,deux_roues,voiture,1,2,7,1,3
202200018798,2022-07-27 17:40:00,2022,7,27,17,40,92,92002,DIVISION LECLERC (53 A 217 - 58 A 186),48.7459194565,2.3035095334,Plein jour,En agglomération,Autre intersection,Normale,Autre collision,3,2,4,1,2,1,1,0,5,50,2,3,2,0,0,1,44.0,52.0,deux_roues,voiture,1,2,9,1,6
202200018799,2022-05-27 12:25:00,2022,5,27,12,25,75,75107,RUE DE L UNIVERSITE,48.858066,2.327002,Plein jour,En agglomération,Hors intersection,Normale,Autre collision,4,2,2,0,1,1,1,0,1,30,1,2,1,0,0,1,35.0,,deux_roues,,1,2,1,1,6
202200018800,2022-07-28 14:00:00,2022,7,28,14,0,26,26301,Avenue General de Gaulle,45.120636,4.982772,Plein jour,En agglomération,Hors intersection,Normale,Autre collision,3,2,2,0,1,1,1,0,1,50,1,2,1,0,1,0,30.0,,voiture,,1,2,1,1,6
202200018801,2022-05-26 09:07:00,2022,5,26,9,7,75,75107,RUE DE L UNIVERSITE,48.857197,2.329321,Plein jour,En agglomération,Hors intersection,Normale,Autre collision,4,2,2,0,1,1,1,0,1,30,1,2,1,0,0,1,32.0,,deux_roues,,1,2,1,1,6
202200018802,2022-01-29 19:15:00,2022,1,29,19,15,76,76540,Avenue du Mont Riboudet,49.44827,1.06677,Nuit avec éclairage allumé,En agglomération,Intersection en T,Pluie légère,Deux véhicules - côté,7,1,3,3,1,1,2,-1,6,50,2,3,1,0,0,2,35.0,42.0,utilitaire_camion,transport_commun,5,2,3,2,3
202200018803,2022-07-22 11:40:00,2022,7,22,11,40,25,25527,A36 PK 140+900 sens Beaune-Mulhouse,47.198694,5.809965,Plein jour,Hors agglomération,Hors intersection,Normale,Deux véhicules - arrière,1,3,4,0,1,1,1,0,1,130,2,2,1,0,0,1,49.0,27.0,utilitaire_camion,deux_roues,1,1,1,1,2
202200018804,2022-05-26 04:00:00,2022,5,26,4,0,75,75107,QUAI D ORSAY,48.862907,2.317506,Nuit avec éclairage allumé,En agglomération,Hors intersection,Normale,Sans collision,4,2,4,1,1,1,1,-1,5,30,1,1,0,0,0,1,23.0,,deux_roues,,5,2,1,1,7