accident_id,datetime,annee,mois,jour,heure,minute,departement,commune_insee,adresse,latitude,longitude,luminosite,agglomeration,intersection,meteo,collision,catr,circ,nbv,vosp,prof,plan,surf,infra,situ,vma,nb_vehicules,nb_usagers,nb_indemnes,nb_tues,nb_blesses_hosp,nb_blesses_legers,age_cond_1,age_cond_2,veh_type_cond_1,veh_type_cond_2,lum_code,agg_code,int_code,atm_code,col_code
202200018805,2022-07-28 06:43:00,2022,7,28,6,43,17,17315,D108,46.135111,-0.997428,Crépuscule ou aube,Hors agglomération,Intersection en X,Normale,Deux véhicules - côté,3,2,2,0,1,1,1,0,1,80,2,2,0,0,1,1,24.0,25.0,voiture,voiture,2,1,2,1,3
202200018806,2022-05-25 13:15:00,2022,5,25,13,15,75,75103,RUE DES FRANCS BOURGEOIS,48.8578140625,2.3604411632,Plein jour,En agglomération,Hors intersection,Normale,Autre collision,4,1,1,0,1,1,1,0,1,30,2,2,1,0,0,1,,27.0,utilitaire_camion,deux_roues,1,2,1,1,6
202200018807,2022-01-28 19:30:00,2022,1,28,19,30,76,76351,GUSTAVE BRINDEAU (RUE),49.49263,0.13961,Nuit avec éclairage allumé,En agglomération,Hors intersection,Normale,Autre collision,4,2,2,0,1,1,1,0,1,5,1,3,2,0,0,1,44.0,,voiture,,5,2,1,1,6
202200018808,2022-05-26 17:15:00,2022,5,26,17,15,94,94081,180 Rue Julian Grimau,48.77947,2.37463,Plein jour,En agglomération,Hors intersection,Normale,Deux véhicules - frontale,4,2,2,0,1,1,1,0,1,50,2,2,1,0,0,1,17.0,27.0,deux_roues,voiture,1,2,1,1,1
202200018809,2022-07-25 10:25:00,2022,7,25,10,25,40,40296,D89,43.704394,-1.412462,Plein jour,Hors agglomération,Hors intersection,Normale,Trois véhicules et plus - collisions multiples,3,2,2,1,1,2,1,0,1,-1,3,7,1,0,1,5,78.0,36.0,voiture,voiture,1,1,1,1,5
202200018810,2022-05-26 05:22:00,2022,5,26,5,22,94,94068,FOCH (AV),48.7991,2.49974,Nuit avec éclairage allumé,En agglomération,Intersection en T,Normale,Deux véhicules - côté,3,2,2,0,1,1,1,0,1,30,2,2,1,0,0,1,45.0,32.0,voiture,deux_roues,5,2,3,1,3
202200018811,2022-07-27 08:56:00,2022,7,27,8,56,31,31113,Route d Escalquens,43.512662,1.524562,Plein jour,En agglomération,Intersection en T,Normale,Deux véhicules - côté,3,2,2,0,4,1,1,0,1,50,2,2,1,0,1,0,46.0,31.0,deux_roues,utilitaire_camion,1,2,3,1,3
202200018812,2022-05-28 14:00:00,2022,5,28,14,0,94,94076,75 Boulevard Maxime Gorki,48.79475,2.368876,Plein jour,En agglomération,Hors intersection,Normale,Deux véhicules - côté,3,2,6,3,1,1,1,0,6,50,2,2,1,0,0,1,,22.0,voiture,deux_roues,1,2,1,1,3
202200018813,2022-05-26 12:30:00,2022,5,26,12,30,94,94076,Avenue de la République,48.78846,2.36503,Plein jour,En agglomération,Hors intersection,Normale,Deux véhicules - côté,3,2,1,0,1,1,1,0,1,50,2,2,1,0,0,1,19.0,63.0,voiture,voiture,1,2,1,1,3
202200018814,2022-07-27 21:00:00,2022,7,27,21,0,28,28110,A11 au Pk 058+500,48.422166,1.511714,Crépuscule ou aube,Hors agglomération,Hors intersection,Normale,Deux véhicules - arrière,1,2,3,0,1,1,1,0,1,130,2,6,4,0,1,1,48.0,22.0,voiture,voiture,2,1,1,1,2
202200018815,2022-05-26 18:50:00,2022,5,26,18,50,94,94081,FONTAINEBLEAU (RTE DE),48.77901,2.36757,Plein jour,En agglomération,Hors intersection,Normale,Autre collision,3,1,2,1,1,1,1,0,5,50,1,1,0,0,1,0,30.0,,deux_roues,,1,2,1,1,6
202200018816,2022-05-26 12:50:00,2022,5,26,12,50,94,94076,DOCTEUR PAUL LAURENS (R DU),48.78727,2.36561,Plein jour,En agglomération,Hors intersection,Normale,Deux véhicules - côté,4,1,1,0,1,1,1,0,1,50,2,2,0,0,0,2,33.0,19.0,voiture,voiture,1,2,1,1,3
202200018817,2022-07-27 18:30:00,2022,7,27,18,30,83,83054,A57,43.1601767444,6.0480165482,Plein jour,Hors agglomération,Hors intersection,Normale,Trois véhicules et plus - collisions multiples,1,3,4,0,1,1,1,0,1,110,4,5,3,0,0,2,21.0,63.0,voiture,voiture,1,1,1,1,5
202200018818,2022-07-27 08:50:00,2022,7,27,8,50,84,84027,D237,44.096901,4.730526,Plein jour,Hors agglomération,Giratoire,Normale,Deux véhicules - côté,3,1,2,0,1,2,1,0,1,80,2,2,1,0,0,1,37.0,75.0,utilitaire_camion,deux_roues,1,1,6,1,3
202200018819,2022-05-27 18:10:00,2022,5,27,18,10,94,94022,Rue Emile Zola / Avenue Yvonne Marcailloux,48.7676179307,2.4062919721,Plein jour,En agglomération,Intersection en X,Normale,Deux véhicules - côté,3,2,2,0,1,1,1,0,1,50,2,2,1,0,0,1,22.0,20.0,voiture,deux_roues,1,2,2,1,3
202200018820,2022-02-01 12:35:00,2022,2,1,12,35,74,74133,LIBERATION (RUE DE LA),46.18817,6.20934,Plein jour,En agglomération,Intersection en T,Temps couvert,Deux véhicules - côté,4,2,2,0,1,1,1,8,1,50,2,2,1,0,0,1,88.0,30.0,deux_roues,voiture,1,2,3,8,3
202200018821,2022-05-27 10:10:00,2022,5,27,10,10,94,94017,Avenue François Mitterrand,48.81587,2.51326,Plein jour,En agglomération,Hors intersection,Normale,Deux véhicules - côté,3,2,3,0,4,1,1,0,1,50,2,2,1,0,0,1,30.0,54.0,voiture,voiture,1,2,1,1,3
202200018822,2022-07-28 07:20:00,2022,7,28,7,20,50,50099,RN13,49.303356,-1.165903,Plein jour,Hors agglomération,Autre intersection,Normale,Autre collision,2,3,4,0,1,1,1,0,1,110,1,4,3,0,1,0,49.0,,voiture,,1,1,9,1,6
202200018823,2022-05-26 14:50:00,2022,5,26,14,50,94,94017,Voie Sonia Delaunay / Rue Marcel Paul,48.81364,2.52757,Plein jour,En agglomération,Giratoire,Normale,Deux véhicules - arrière,3,3,2,1,1,1,1,0,1,50,2,4,3,0,0,1,18.0,21.0,voiture,voiture,1,2,6,1,2
202200018824,2022-05-25 22:10:00,2022,5,25,22,10,94,94002,8 Rue Charles de Gaulle / Rue Marcellin Berthelot,48.81457,2.412964,Nuit avec éclairage allumé,En agglomération,Intersection en T,Normale,Deux véhicules - arrière,3,2,4,0,2,1,1,5,1,50,2,2,1,0,0,1,23.0,28.0,voiture,deux_roues,5,2,3,1,2
202200018825,2022-07-27 21:07:00,2022,7,27,21,7,34,34295,6 Rue du Colombier,43.572473,3.772843,Nuit avec éclairage allumé,En agglomération,Intersection en Y,Normale,Deux véhicules - arrière,7,2,2,0,1,1,1,0,1,50,2,5,4,0,1,0,39.0,27.0,deux_roues,voiture,5,2,4,1,2
202200018826,2022-05-28 13:30:00,2022,5,28,13,30,93,93070,Quai de Seine,48.91571,2.32256,Plein jour,En agglomération,Hors intersection,Normale,Deux véhicules - côté,3,2,3,0,1,1,1,0,1,50,2,2,1,0,0,1,33.0,45.0,deux_roues,deux_roues,1,2,1,1,3
202200018827,2022-07-27 07:50:00,2022,7,27,7,50,56,56094,Kernours,47.759356,-3.28311,Plein jour,Hors agglomération,Giratoire,Normale,Deux véhicules - côté,3,1,2,0,1,3,1,5,1,80,2,2,1,0,0,1,43.0,31.0,deux_roues,voiture,1,1,6,1,3
202200018828,2022-07-27 20:20:00,2022,7,27,20,20,67,67544,Route de Schweigen,49.04462,7.953286,Plein jour,Hors agglomération,Hors intersection,Normale,Deux véhicules - côté,3,2,2,1,4,1,1,9,1,50,2,3,2,0,1,0,22.0,27.0,voiture,deux_roues,1,1,1,1,3
202200018829,2022-05-27 19:10:00,2022,5,27,19,10,93,93066,Avenue du Stade de France / Rue des Bretons,48.921114,2.361586,Plein jour,En agglomération,Intersection en X,Temps éblouissant,Deux véhicules - côté,4,2,2,0,1,1,1,0,1,50,2,2,1,0,0,1,27.0,32.0,voiture,deux_roues,1,2,2,7,3
202200018830,2022-07-27 20:00:00,2022,7,27,20,0,79,79086,,46.417151,-0.329111,Plein jour,Hors agglomération,Hors intersection,Normale,Sans collision,3,2,2,0,2,4,1,0,3,80,1,3,0,0,3,0,36.0,,voiture,,1,1,1,1,7
202200018831,2022-01-11 08:35:00,2022,1,11,8,35,74,74010,GENEVE (AVENUE DE)(SECTEUR 410),45.92285,6.1239,Plein jour,En agglomération,Giratoire,Normale,Trois véhicules et plus - en chaîne,3,2,2,0,1,1,1,0,1,30,6,6,3,0,0,3,73.0,27.0,voiture,voiture,1,2,6,1,4
202200018832,2022-05-26 12:40:00,2022,5,26,12,40,93,93051,MONT D'EST (BD),48.83715,2.54341,Plein jour,Hors agglomération,Hors intersection,Normale,Trois véhicules et plus - collisions multiples,1,1,3,0,1,1,1,0,1,50,4,5,4,0,0,1,33.0,57.0,voiture,voiture,1,1,1,1,5
202200018833,2022-07-28 07:50:00,2022,7,28,7,50,82,82161,741 Route de Léojac,44.036316,1.455935,Plein jour,Hors agglomération,Hors intersection,Normale,Deux véhicules - frontale,3,2,2,0,1,1,1,0,1,80,2,3,2,0,1,0,29.0,33.0,voiture,voiture,1,1,1,1,1
202200018834,2022-07-24 08:27:00,2022,7,24,8,27,63,63445,4 Route de Billom,45.764731,3.304739,Plein jour,Hors agglomération,Hors intersection,Normale,Autre collision,3,2,2,0,1,1,1,0,3,80,1,1,0,0,1,0,66.0,,voiture,,1,1,1,1,6
202200018835,2022-05-28 15:30:00,2022,5,28,15,30,93,93048,Place du Général de Gaulle,48.8684810853,2.433745265,Plein jour,En agglomération,Hors intersection,Normale,Deux véhicules - frontale,3,2,2,0,1,1,1,0,1,50,2,2,1,0,1,0,25.0,19.0,deux_roues,voiture,1,2,1,1,1
202200018836,2022-07-27 18:40:00,2022,7,27,18,40,61,61332,Lieu Dit Bourdonniere,48.68387,-0.360618,Plein jour,Hors agglomération,Hors intersection,Normale,Autre collision,3,2,2,0,1,2,1,0,3,90,1,1,0,0,1,0,19.0,,voiture,,1,1,1,1,6
202200018837,2022-05-26 20:03:00,2022,5,26,20,3,93,93032,Rue de Meaux / Rue du Chemin de Fer,48.87623,2.55611,Plein jour,En agglomération,Intersection en T,Normale,Deux véhicules - côté,4,1,1,0,1,1,1,0,1,50,2,2,1,0,0,1,43.0,31.0,autre,voiture,1,2,3,1,3
202200018838,2022-07-28 15:55:00,2022,7,28,15,55,55,55557,A4 PK270.100,49.126719,5.619206,Plein jour,Hors agglomération,Hors intersection,Normale,Sans collision,1,1,4,0,3,3,1,3,3,130,1,2,0,0,0,2,32.0,,voiture,,1,1,1,1,7
202200018839,2022-01-30 06:55:00,2022,1,30,6,55,71,71270,RAMBUTEAU (RUE),46.30754,4.82035,Nuit avec éclairage allumé,En agglomération,Intersection en X,Pluie légère,Deux véhicules - côté,4,2,2,0,1,1,2,0,1,50,2,2,1,0,0,1,,24.0,voiture,voiture,5,2,2,2,3
202200018840,2022-07-13 19:10:00,2022,7,13,19,10,49,49086,Les Vigneaux,47.306434,-0.447832,Plein jour,Hors agglomération,Hors intersection,Normale,Deux véhicules - côté,3,2,2,0,1,1,1,0,1,80,2,2,1,0,0,1,22.0,22.0,utilitaire_camion,voiture,1,1,1,1,3
202200018841,2022-05-27 11:57:00,2022,5,27,11,57,93,93029,Place Maurice Niles / Avenue Marceau,48.9271,2.43824,Plein jour,En agglomération,Intersection en X,Normale,Deux véhicules - côté,3,2,2,0,1,1,1,0,1,50,2,2,0,0,0,2,28.0,47.0,voiture,voiture,1,2,2,1,3
202200018842,2022-07-28 11:35:00,2022,7,28,11,35,34,34109,D13,43.509958,3.277831,Plein jour,Hors agglomération,Hors intersection,Normale,Autre collision,3,2,2,0,2,3,1,0,8,70,1,1,0,1,0,0,42.0,,deux_roues,,1,1,1,1,6
202200018843,2022-05-27 23:20:00,2022,5,27,23,20,93,93032,Allée de Montfermeil / Allée Laguilhonie,48.8993124585,2.539580437,Nuit avec éclairage allumé,En agglomération,Intersection à plus de 4 branches,Normale,Deux véhicules - frontale,3,2,2,0,1,1,1,0,1,50,2,2,1,0,0,1,19.0,40.0,voiture,deux_roues,5,2,5,1,1
202200018844,2022-02-01 07:40:00,2022,2,1,7,40,69,69266,Rue Dedieu,45.76975,4.87563,Crépuscule ou aube,En agglomération,Intersection en T,Normale,Autre collision,4,1,1,2,1,1,1,0,1,50,1,2,1,0,0,1,93.0,,voiture,,2,2,3,1,6
202200018845,2022-02-26 15:00:00,2022,2,26,15,0,93,93010,BARBUSSE (AV. HENRI) DE 2 A 124 COTE PAI,48.9013610249,2.489025995,Plein jour,En agglomération,Intersection en X,Normale,Deux véhicules - côté,3,1,2,0,1,1,1,0,1,50,2,2,1,0,0,1,23.0,23.0,deux_roues,voiture,1,2,2,1,3
202200018846,2022-07-28 15:40:00,2022,7,28,15,40,25,25075,D47,46.806607,6.177835,Plein jour,En agglomération,Hors intersection,Normale,Trois véhicules et plus - collisions multiples,3,2,2,0,3,1,1,0,1,50,3,5,3,0,2,0,54.0,34.0,deux_roues,voiture,1,2,1,1,5
202200018847,2022-07-28 00:45:00,2022,7,28,0,45,29,29037,D144,47.870805,-4.164076,Nuit avec éclairage allumé,Hors agglomération,Hors intersection,Normale,Deux véhicules - arrière,3,2,2,1,1,1,1,0,1,80,2,2,1,0,0,1,20.0,18.0,voiture,deux_roues,5,1,1,1,2
202200018848,2022-05-27 13:35:00,2022,5,27,13,35,93,93001,Avenue Victor Hugo,48.9097564147,2.3786526918,Plein jour,En agglomération,Hors intersection,Normale,Autre collision,3,2,2,0,1,1,1,0,1,30,1,2,1,0,0,1,,,voiture,,1,2,1,1,6
202200018849,2022-07-27 15:30:00,2022,7,27,15,30,38,38012,D592,45.586894,5.60365,Plein jour,En agglomération,Giratoire,Normale,Deux véhicules - côté,3,2,2,0,1,3,1,5,1,90,2,2,1,0,0,1,29.0,74.0,voiture,deux_roues,1,2,6,1,3
202200018850,2022-05-27 15:30:00,2022,5,27,15,30,92,92072,VILLE D'AVRAY (RUE DE ),48.8258301069,2.2029059082,Plein jour,En agglomération,Intersection en T,Normale,Deux véhicules - côté,3,2,2,0,2,1,1,0,1,50,2,2,1,0,0,1,44.0,27.0,utilitaire_camion,deux_roues,1,2,3,1,3
202200018851,2022-01-31 17:55:00,2022,1,31,17,55,69,69275,Rue Michel Servet,45.75943,4.96927,Crépuscule ou aube,En agglomération,Intersection en T,Pluie légère,Deux véhicules - frontale,4,2,2,0,1,3,2,0,1,50,2,3,1,0,0,2,85.0,,voiture,voiture,2,2,3,2,1
202200018852,2022-07-28 06:00:00,2022,7,28,6,0,13,13083,route de la gare,43.895708,4.789057,Plein jour,Hors agglomération,Intersection en X,Normale,Deux véhicules - frontale,3,2,2,0,1,1,1,0,8,50,2,5,4,0,1,0,46.0,54.0,voiture,deux_roues,1,1,2,1,1
202200018853,2022-07-28 11:28:00,2022,7,28,11,28,02,02795,1 Rue de Fontenoy,49.405889,3.115723,Plein jour,En agglomération,Hors intersection,Normale,Autre collision,3,1,1,0,1,2,1,0,1,50,1,2,1,0,1,0,55.0,,voiture,,1,2,1,1,6
202200018854,2022-05-28 19:55:00,2022,5,28,19,55,92,92049,FENELON RUE,48.8131686784,2.314756304,Plein jour,En agglomération,Intersection en X,Normale,Deux véhicules - côté,4,1,1,0,1,1,1,0,1,50,2,2,1,0,0,1,24.0,62.0,deux_roues,voiture,1,2,2,1,3
202200018855,2022-07-27 19:45:00,2022,7,27,19,45,02,02153,D26,49.542917,3.493247,Plein jour,Hors agglomération,Hors intersection,Normale,Autre collision,3,2,2,0,2,3,1,2,3,70,1,3,1,1,1,0,35.0,,voiture,,1,1,1,1,6
202200018856,2022-05-28 12:30:00,2022,5,28,12,30,92,92048,GENERAL DE GAULLE (AVENUE DU),48.7865408729,2.224011004,Plein jour,En agglomération,Giratoire,Normale,Deux véhicules - côté,3,2,0,0,1,3,1,0,1,50,2,2,1,0,0,1,31.0,65.0,deux_roues,voiture,1,2,6,1,3
202200018857,2022-01-31 12:15:00,2022,1,31,12,15,67,67482,COLMAR (AVENUE DE),48.56445,7.75248,Plein jour,En agglomération,Hors intersection,Normale,Deux véhicules - arrière,4,3,8,1,1,1,1,0,1,50,2,3,1,0,0,2,27.0,43.0,utilitaire_camion,voiture,1,2,1,1,2
202200018858,2022-07-27 19:00:00,2022,7,27,19,0,15,15163,Lieu-Dit les Bessades,44.840739,2.390272,Plein jour,Hors agglomération,Intersection en T,Temps éblouissant,Deux véhicules - frontale,3,2,2,0,1,1,1,0,1,90,2,2,1,0,1,0,37.0,31.0,deux_roues,voiture,1,1,3,7,1
202200018859,2022-05-26 16:00:00,2022,5,26,16,0,92,92040,ABBE DERRY (DE L'),48.8225035648,2.279869616,Plein jour,En agglomération,Hors intersection,Normale,Autre collision,4,-1,0,0,1,1,1,0,1,15,1,1,0,0,0,1,20.0,,deux_roues,,1,2,1,1,6
202200018860,2022-07-27 15:47:00,2022,7,27,15,47,66,66148,,42.492227,3.119012,Plein jour,Hors agglomération,Giratoire,Normale,Deux véhicules - côté,3,2,2,0,1,4,1,5,1,80,2,2,1,0,1,0,37.0,66.0,voiture,deux_roues,1,1,6,1,3
202200018861,2022-05-27 12:20:00,2022,5,27,12,20,92,92025,BOURNARD (RUE DU),48.922909,2.255466,Plein jour,En agglomération,Hors intersection,Normale,Autre collision,3,1,4,0,1,1,1,0,1,30,1,2,1,0,0,1,24.0,,deux_roues,,1,2,1,1,6
202200018862,2022-07-27 11:40:00,2022,7,27,11,40,14,14654,D511,49.0268210038,-0.0217709543,Plein jour,Hors agglomération,Intersection en T,Normale,Trois véhicules et plus - collisions multiples,3,2,2,0,1,1,1,0,1,80,4,4,3,0,0,1,22.0,50.0,utilitaire_camion,deux_roues,1,1,3,1,5
202200018863,2022-05-28 00:00:00,2022,5,28,0,0,92,92024,JEAN JAURES (BD) DE (1 A 45)   (2 A 54),48.9000548643,2.3062185645,Nuit avec éclairage allumé,En agglomération,Intersection en X,Normale,Deux véhicules - frontale,3,1,2,1,1,1,1,0,1,30,2,2,1,0,0,1,73.0,54.0,voiture,deux_roues,5,2,2,1,1
202200018864,2022-01-30 21:05:00,2022,1,30,21,5,66,66136,FABRE (HENRI),42.6944,2.87634,Nuit avec éclairage allumé,En agglomération,Intersection en T,Normale,Deux véhicules - côté,4,2,2,0,1,1,1,0,1,30,2,2,1,0,0,1,22.0,25.0,deux_roues,voiture,5,2,3,1,3
202200018865,2022-07-27 16:15:00,2022,7,27,16,15,50,50410,N176 PK 48+139,48.562415,-1.512283,Plein jour,Hors agglomération,Hors intersection,Normale,Deux véhicules - côté,2,2,2,0,1,1,1,0,1,80,2,6,4,0,0,2,43.0,28.0,voiture,voiture,1,1,1,1,3
202200018866,2022-05-27 11:40:00,2022,5,27,11,40,92,92012,ANDRE MORIZET (AVENUE) - 49/FIN - 54/FIN,48.838855,2.232637,Plein jour,En agglomération,Hors intersection,Temps couvert,Deux véhicules - arrière,3,2,1,0,1,1,1,0,1,50,2,2,1,0,0,1,25.0,62.0,voiture,deux_roues,1,2,1,8,2
202200018867,2022-07-28 13:15:00,2022,7,28,13,15,50,50409,D77,49.188612,-1.187728,Plein jour,Hors agglomération,Hors intersection,Normale,Deux véhicules - frontale,3,2,2,0,1,2,1,0,1,80,1,1,0,0,0,1,22.0,,deux_roues,,1,1,1,1,1
202200018868,2022-05-27 09:58:00,2022,5,27,9,58,92,92012,JEAN BAPTISTE CLEMENT (AVENUE) 49/FIN -,48.8453869051,2.2358982861,Plein jour,En agglomération,Hors intersection,Normale,Autre collision,4,2,2,0,1,1,1,0,1,50,1,2,1,0,0,1,54.0,,voiture,,1,2,1,1,6
202200018869,2022-07-10 21:28:00,2022,7,10,21,28,45,45069,2 Chemin des Murailles,48.057578,2.292264,Plein jour,En agglomération,Giratoire,Normale,Deux véhicules - côté,3,2,2,0,1,1,1,0,1,30,2,2,1,0,0,1,40.0,16.0,voiture,deux_roues,1,2,6,1,3
202200018870,2022-01-28 16:35:00,2022,1,28,16,35,66,66136,GIONO (AVENUE JEAN),42.68819,2.91372,Plein jour,En agglomération,Intersection en X,Normale,Deux véhicules - côté,4,2,2,0,1,1,1,0,1,50,2,2,1,0,0,1,44.0,25.0,voiture,voiture,1,2,2,1,3
202200018871,2022-05-26 00:50:00,2022,5,26,0,50,92,92012,JEAN JAURES (BOULEVARD) 2/68 - COTE PAIR,48.841413983,2.2390948087,Nuit avec éclairage allumé,En agglomération,Intersection en X,Normale,Deux véhicules - côté,4,1,2,0,1,1,1,0,1,50,2,2,1,0,0,1,34.0,27.0,voiture,deux_roues,5,2,2,1,3
202200018872,2022-05-25 21:30:00,2022,5,25,21,30,92,92036,GRESILLONS ( AVENUE DES  ),48.9162238471,2.3046379387,Nuit avec éclairage allumé,En agglomération,Hors intersection,Normale,Deux véhicules - arrière,3,2,0,0,1,1,1,0,1,50,2,2,1,0,0,1,30.0,29.0,deux_roues,voiture,5,2,1,1,2
202200018873,2022-07-18 15:55:00,2022,7,18,15,55,73,73236,D916A Route de Pont de Beauvoisin,45.592059,5.640085,Plein jour,Hors agglomération,Intersection en T,Normale,Deux véhicules - côté,3,2,3,0,2,1,1,5,1,70,2,2,1,0,1,0,84.0,15.0,voiture,deux_roues,1,1,3,1,3
202200018874,2022-01-28 16:47:00,2022,1,28,16,47,66,66136,PANCHOT (AVENUE JULIEN),42.69281,2.88576,Plein jour,En agglomération,Hors intersection,Normale,Autre collision,4,2,2,0,1,1,1,0,1,50,1,2,1,0,0,1,52.0,,voiture,,1,2,1,1,6
202200018875,2022-07-27 12:50:00,2022,7,27,12,50,18,18127,Chatoulle,46.754876,2.160605,Plein jour,Hors agglomération,Hors intersection,Normale,Autre collision,3,2,2,0,2,2,1,0,3,70,1,1,0,0,1,0,59.0,,voiture,,1,1,1,1,6
202200018876,2022-07-28 06:15:00,2022,7,28,6,15,16,16292,Chemin de Rejallant,46.020407,0.199279,Crépuscule ou aube,En agglomération,Hors intersection,Normale,Autre collision,4,2,2,0,1,1,1,0,4,50,1,1,0,0,1,0,19.0,,deux_roues,,2,2,1,1,6
202200018877,2022-07-16 14:24:00,2022,7,16,14,24,87,87059,D942,46.2166323,1.0587877,Plein jour,Hors agglomération,Hors intersection,Normale,Autre collision,3,2,2,0,1,1,1,0,3,80,1,2,1,0,1,0,72.0,,voiture,,1,1,1,1,6
202200018878,2022-07-27 05:00:00,2022,7,27,5,0,87,87063,route du bourg euf,45.774775,1.390071,Nuit sans éclairage public,En agglomération,Hors intersection,Normale,Sans collision,3,2,2,0,2,1,1,0,8,50,1,1,0,0,0,1,29.0,,utilitaire_camion,,3,2,1,1,7
202200018879,2022-04-30 13:31:00,2022,4,30,13,31,37,37153,"A10, barriere de péage de monnaie vers TOURS",47.4904102184,0.819247216,Plein jour,Hors agglomération,Hors intersection,Normale,Deux véhicules - arrière,1,3,5,0,1,1,1,7,1,70,2,9,2,1,2,4,47.0,70.0,voiture,voiture,1,1,1,1,2
202200018880,2022-07-28 14:05:00,2022,7,28,14,5,24,24167,route de bergerac - D.933,44.678569,0.409498,Plein jour,En agglomération,Hors intersection,Normale,Deux véhicules - frontale,3,2,2,0,1,1,1,0,1,50,2,5,0,3,1,1,66.0,70.0,voiture,voiture,1,2,1,1,1
202200018881,2022-04-30 19:45:00,2022,4,30,19,45,63,63275,15 Avenue de l'église,45.5462137981,3.1977765262,Plein jour,En agglomération,Hors intersection,Normale,Autre collision,3,2,2,0,1,1,1,0,1,50,1,3,2,0,1,0,64.0,,voiture,,1,2,1,1,6
202200018882,2022-02-01 10:05:00,2022,2,1,10,5,64,64445,Avenue Edouard VII,43.29829,-0.35834,Plein jour,En agglomération,Intersection en X,Normale,Deux véhicules - côté,4,2,2,0,1,1,1,5,1,50,2,2,1,0,0,1,26.0,17.0,utilitaire_camion,deux_roues,1,2,2,1,3
202200018883,2022-07-27 16:00:00,2022,7,27,16,0,988,98805,RT1/Rue de l'Entrée,-22.142142,166.435822,Plein jour,Hors agglomération,Intersection en T,Normale,Deux véhicules - frontale,2,2,2,0,2,2,1,0,1,90,2,2,1,0,1,0,54.0,40.0,deux_roues,utilitaire_camion,1,1,3,1,1
202200018884,2022-07-27 09:30:00,2022,7,27,9,30,34,34333,D114,43.48515,3.7996,Plein jour,Hors agglomération,Autre intersection,Normale,Autre collision,3,2,2,3,1,1,1,5,6,80,1,1,0,0,1,0,64.0,,deux_roues,,1,1,9,1,6
202200018885,2022-04-30 16:00:00,2022,4,30,16,0,49,49060,Rue de la Clotière,47.190478,-0.066369,Plein jour,Hors agglomération,Hors intersection,Normale,Sans collision,4,2,2,0,2,2,1,0,3,80,1,1,0,0,1,0,36.0,,deux_roues,,1,1,1,1,7
202200018886,2022-07-15 18:00:00,2022,7,15,18,0,18,18138,,47.066282,2.290907,Plein jour,Hors agglomération,Hors intersection,Normale,Autre collision,1,3,4,0,1,1,1,0,2,130,1,2,0,0,0,2,72.0,,voiture,,1,1,1,1,6
202200018887,2022-04-30 14:25:00,2022,4,30,14,25,42,42268,Route de Roanne,45.899136,4.013129,Plein jour,Hors agglomération,Hors intersection,Normale,Deux véhicules - frontale,3,2,2,0,2,4,1,0,1,80,2,2,0,1,0,1,63.0,67.0,utilitaire_camion,voiture,1,1,1,1,1
202200018888,2022-07-28 11:30:00,2022,7,28,11,30,06,06152,Route du Parc,43.622772,7.017225,Plein jour,En agglomération,Hors intersection,Normale,Deux véhicules - côté,3,2,2,0,1,1,1,0,1,70,2,2,1,0,0,1,45.0,33.0,utilitaire_camion,voiture,1,2,1,1,3
202200018889,2022-07-28 17:15:00,2022,7,28,17,15,30,30221,,44.03587,4.76394,Plein jour,Hors agglomération,Intersection en T,Normale,Deux véhicules - côté,3,2,2,0,2,1,1,0,1,80,2,5,4,1,0,0,40.0,24.0,voiture,deux_roues,1,1,3,1,3
202200018890,2022-05-01 17:20:00,2022,5,1,17,20,38,38480,route de la rosière,45.562111,4.983737,Plein jour,Hors agglomération,Hors intersection,Normale,Deux véhicules - frontale,3,2,2,0,1,1,1,0,1,80,2,3,0,0,3,0,78.0,20.0,voiture,voiture,1,1,1,1,1
202200018891,2022-07-27 11:20:00,2022,7,27,11,20,22,22171,D700,48.429621,-2.821547,Plein jour,Hors agglomération,Hors intersection,Normale,Autre collision,3,1,4,0,1,1,1,0,1,110,1,1,0,0,1,0,53.0,,deux_roues,,1,1,1,1,6
202200018892,2022-04-30 22:10:00,2022,4,30,22,10,64,64538,route de Lasse,43.16194,-1.247633,Nuit sans éclairage public,Hors agglomération,Hors intersection,Normale,Autre collision,3,2,2,0,2,2,1,0,3,80,1,2,0,0,1,1,46.0,,voiture,,3,1,1,1,6
202200018893,2022-01-31 18:15:00,2022,1,31,18,15,64,64348,Avenue de Santona,43.32164,-0.39506,Nuit avec éclairage allumé,Hors agglomération,Hors intersection,Pluie légère,Trois véhicules et plus - en chaîne,4,2,2,1,1,1,2,0,1,70,3,6,5,0,0,1,40.0,20.0,voiture,voiture,5,1,1,2,4
202200018894,2022-04-30 19:30:00,2022,4,30,19,30,08,08024,4 Rue du 5e Régiment d Infanterie,49.469337,4.118661,Plein jour,En agglomération,Hors intersection,Normale,Sans collision,4,1,2,0,1,3,1,0,1,50,1,1,0,0,1,0,17.0,,deux_roues,,1,2,1,1,7
202200018895,2022-07-13 11:43:00,2022,7,13,11,43,11,11014,autoroute A9,43.189275,3.064842,Plein jour,Hors agglomération,Hors intersection,Normale,Trois véhicules et plus - en chaîne,1,1,5,0,1,1,1,0,1,130,4,5,4,0,1,0,63.0,41.0,utilitaire_camion,voiture,1,1,1,1,4