accident_id,datetime,annee,mois,jour,heure,minute,departement,commune_insee,adresse,latitude,longitude,luminosite,agglomeration,intersection,meteo,collision,catr,circ,nbv,vosp,prof,plan,surf,infra,situ,vma,nb_vehicules,nb_usagers,nb_indemnes,nb_tues,nb_blesses_hosp,nb_blesses_legers,age_cond_1,age_cond_2,veh_type_cond_1,veh_type_cond_2,lum_code,agg_code,int_code,atm_code,col_code
202200018896,2022-07-22 23:00:00,2022,7,22,23,0,971,97116,N5,16.31768,-61.479154,Nuit sans éclairage public,Hors agglomération,Hors intersection,Normale,Autre collision,2,2,2,0,1,1,1,0,3,70,1,2,1,1,0,0,53.0,,voiture,,3,1,1,1,6
202200018897,2022-01-31 13:55:00,2022,1,31,13,55,64,64445,LEON BERARD,43.31219,-0.36742,Plein jour,En agglomération,Hors intersection,Pluie légère,Autre collision,4,3,2,1,1,1,2,0,1,30,1,2,1,0,0,1,28.0,,voiture,,1,2,1,2,6
202200018898,2022-04-30 17:18:00,2022,4,30,17,18,68,68287,Rue du Général de Gaulle,47.967284,7.302416,Plein jour,En agglomération,Giratoire,Pluie légère,Sans collision,6,-1, -1,0,1,1,2,0,1,30,1,2,1,0,0,1,17.0,,deux_roues,,1,2,6,2,7
202200018899,2022-07-27 21:00:00,2022,7,27,21,0,83,83112,Chemin de la Barbarie,43.194054,5.700987,Nuit sans éclairage public,En agglomération,Hors intersection,Normale,Deux véhicules - frontale,4,2,2,0,2,4,1,0,1,50,2,2,1,0,1,0,43.0,16.0,voiture,deux_roues,3,2,1,1,1
202200018900,2022-04-30 20:45:00,2022,4,30,20,45,49,49021,Route de la Ménitré,47.432061,-0.228149,Plein jour,Hors agglomération,Hors intersection,Normale,Deux véhicules - frontale,3,2,2,0,1,1,1,0,1,80,2,2,1,1,0,0,23.0,30.0,deux_roues,voiture,1,1,1,1,1
202200018901,2022-07-28 08:00:00,2022,7,28,8,0,89,89337,,47.753162,3.675207,Plein jour,Hors agglomération,Hors intersection,Normale,Autre collision,3,2,2,0,1,1,1,0,3,80,1,1,0,1,0,0,64.0,,utilitaire_camion,,1,1,1,1,6
202200018902,2022-02-01 20:05:00,2022,2,1,20,5,64,64125,Avenue de Bayonne,43.4476191635,-1.5736571213,Nuit avec éclairage allumé,En agglomération,Hors intersection,Pluie légère,Deux véhicules - frontale,3,2,3,0,1,1,2,0,1,50,2,2,1,0,0,1,61.0,15.0,voiture,deux_roues,5,2,1,2,1
202200018903,2022-07-27 20:50:00,2022,7,27,20,50,52,52353,Rue de la Perriere,48.033657,5.342381,Crépuscule ou aube,En agglomération,Hors intersection,Normale,Sans collision,4,2,2,0,1,3,1,0,1,50,1,1,0,0,1,0,39.0,,deux_roues,,2,2,1,1,7
202200018904,2022-05-28 12:10:00,2022,5,28,12,10,33,33063,ROCADE A 630,44.8834143815,-0.5554264784,Plein jour,Hors agglomération,Hors intersection,Normale,Deux véhicules - arrière,1,3,6,0,2,1,1,0,1,70,2,5,4,0,0,1,28.0,24.0,voiture,voiture,1,1,1,1,2
202200018905,2022-07-26 20:00:00,2022,7,26,20,0,54,54297,route départementale 161,48.620215,6.66574,Plein jour,Hors agglomération,Hors intersection,Normale,Sans collision,3,2,2,0,1,1,1,0,1,80,1,1,0,0,1,0,38.0,,voiture,,1,1,1,1,7
202200018906,2022-05-28 03:10:00,2022,5,28,3,10,33,33281,,44.841888,-0.673258,Nuit avec éclairage non allumé,Hors agglomération,Hors intersection,Normale,Autre collision,1,3,6,0,1,1,1,3,1,90,1,1,0,0,0,1,40.0,,voiture,,4,1,1,1,6
202200018907,2022-01-30 21:15:00,2022,1,30,21,15,64,64102,Avenue Duvergier de Hauranne,43.48289,-1.4661,Nuit avec éclairage allumé,En agglomération,Giratoire,Brouillard / fumée,Sans collision,4,2,2,0,1,1,2,0,1,30,1,1,0,0,0,1,20.0,,deux_roues,,5,2,6,5,7
202200018908,2022-07-27 19:00:00,2022,7,27,19,0,42,42285,2 Route de Saint Marcellin,45.55079,4.128,Crépuscule ou aube,En agglomération,Hors intersection,Temps éblouissant,Deux véhicules - côté,3,2,2,0,1,1,1,0,1,50,2,2,1,0,1,0,81.0,31.0,voiture,deux_roues,2,2,1,7,3
202200018909,2022-07-27 21:08:00,2022,7,27,21,8,38,38110,D36,45.588005,4.867319,Crépuscule ou aube,Hors agglomération,Hors intersection,Normale,Sans collision,3,2,2,0,1,4,1,0,1,80,1,2,0,0,0,2,41.0,,voiture,,2,1,1,1,7
202200018910,2022-06-17 13:45:00,2022,6,17,13,45,44,44035,Boulevard henri Becquerel,47.27445,-1.54761,Plein jour,En agglomération,Intersection en T,Normale,Deux véhicules - frontale,1,1,1,0,1,1,1,0,1,50,2,2,1,0,1,0,44.0,49.0,voiture,deux_roues,1,2,3,1,1
202200018911,2022-05-27 20:00:00,2022,5,27,20,0,91,91692,N118,48.681887,2.190146,Plein jour,Hors agglomération,Hors intersection,Normale,Trois véhicules et plus - en chaîne,2,1,3,0,1,1,1,0,1,50,5,10,2,0,0,8,22.0,55.0,voiture,utilitaire_camion,1,1,1,1,4
202200018912,2022-07-27 09:09:00,2022,7,27,9,9,69,69116,Route du Puy d'Or,45.8253301106,4.7732599229,Plein jour,En agglomération,Hors intersection,Normale,Deux véhicules - côté,7,2,2,2,1,1,1,0,5,50,2,2,1,0,1,0,40.0,75.0,deux_roues,voiture,1,2,1,1,3
202200018913,2022-05-27 16:15:00,2022,5,27,16,15,94,94021,AUTOROUTE A6B,48.77168,2.34527,Plein jour,Hors agglomération,Hors intersection,Normale,Deux véhicules - côté,1,1,4,0,1,1,1,3,1,90,2,2,1,0,1,0,68.0,41.0,voiture,deux_roues,1,1,1,1,3
202200018914,2022-07-28 08:35:00,2022,7,28,8,35,17,17240,D19 - Route de jonzac,45.293192,-0.413135,Plein jour,En agglomération,Hors intersection,Normale,Deux véhicules - frontale,3,2,2,0,1,2,1,0,1,50,2,3,0,0,3,0,68.0,58.0,voiture,voiture,1,2,1,1,1
202200018915,2022-05-27 12:30:00,2022,5,27,12,30,91,91689,AUTOROUTE A6B,48.74141,2.32119,Plein jour,Hors agglomération,Hors intersection,Normale,Deux véhicules - côté,1,1,3,0,2,1,1,0,1,90,2,3,2,0,0,1,21.0,47.0,utilitaire_camion,voiture,1,1,1,1,3
202200018916,2022-03-12 22:35:00,2022,3,12,22,35,46,46281,Pech du Causse,44.854149,1.846645,Nuit sans éclairage public,Hors agglomération,Hors intersection,Pluie légère,Autre collision,3,2,2,0,2,4,2,0,1,50,2,2,1,0,1,0,49.0,24.0,utilitaire_camion,voiture,3,1,1,2,6
202200018917,2022-05-28 14:00:00,2022,5,28,14,0,78,78043,A13Y,48.850232,2.068716,Plein jour,Hors agglomération,Hors intersection,Normale,Autre collision,1,3,2,0,1,1,1,0,2,110,1,1,0,0,0,1,39.0,,voiture,,1,1,1,1,6
202200018918,2022-03-13 15:55:00,2022,3,13,15,55,47,47142,Peloubes,44.6474500396,0.5108816149,Plein jour,Hors agglomération,Hors intersection,Neige / grêle,Autre collision,3,2,2,0,2,1,2,0,3,80,1,1,0,1,0,0,62.0,,voiture,,1,1,1,4,6
202200018919,2022-01-31 12:40:00,2022,1,31,12,40,60,60057,Rue d’Amiens,49.4397735183,2.0892517269,Plein jour,En agglomération,Hors intersection,Normale,Deux véhicules - côté,4,2,3,0,2,1,1,1,1,50,2,7,1,0,0,6,35.0,30.0,transport_commun,voiture,1,2,1,1,3
202200018920,2022-05-28 02:30:00,2022,5,28,2,30,78,78498,A13,48.91515,2.00591,Nuit sans éclairage public,Hors agglomération,Hors intersection,Normale,Deux véhicules - arrière,1,1,1,0,2,1,1,3,1,70,2,3,2,0,0,1,36.0,29.0,voiture,voiture,3,1,1,1,2
202200018921,2022-03-12 09:00:00,2022,3,12,9,0,22,22251,Place du Général de Gaulle,48.570729,-2.818277,Plein jour,En agglomération,Place,Normale,Autre collision,6,-1, -1,3,1,1,1,6,1,30,1,2,1,0,1,0,67.0,,voiture,,1,2,7,1,6
202200018922,2022-05-28 13:30:00,2022,5,28,13,30,93,93005,AUTOROUTE A1,48.9690093983,2.4804863075,Plein jour,Hors agglomération,Hors intersection,Normale,Deux véhicules - côté,1,1,2,0,1,1,1,0,1,70,2,2,1,0,0,1,73.0,36.0,voiture,utilitaire_camion,1,1,1,1,3
202200018923,2022-03-12 12:29:00,2022,3,12,12,29,72,72019,LE MINERAI,47.94115,-0.25601,Plein jour,Hors agglomération,Hors intersection,Normale,Deux véhicules - arrière,3,-1,2,0,2,1,1,0,1,90,2,3,2,1,0,0,27.0,58.0,voiture,voiture,1,1,1,1,2
202200018924,2022-05-28 14:00:00,2022,5,28,14,0,93,93030,AUTOROUTE A1,48.93931,2.41867,Plein jour,Hors agglomération,Hors intersection,Normale,Deux véhicules - arrière,1,3,4,0,2,1,1,0,1,90,2,2,1,0,0,1,22.0,49.0,voiture,utilitaire_camion,1,1,1,1,2
202200018925,2022-03-12 17:55:00,2022,3,12,17,55,14,14543,D217,49.227239,-0.529404,Plein jour,Hors agglomération,Hors intersection,Normale,Autre collision,3,2,2,0,1,3,1,0,1,70,1,2,0,0,2,0,44.0,,deux_roues,,1,1,1,1,6
202200018926,2022-01-31 15:10:00,2022,1,31,15,10,59,59360,KUHLMANN AVENUE,50.6253090143,3.0136549473,Plein jour,En agglomération,Autre intersection,Normale,Deux véhicules - frontale,7,2,2,0,2,3,1,2,1,50,2,3,0,1,1,1,36.0,38.0,voiture,voiture,1,2,9,1,1
202200018927,2022-05-28 06:20:00,2022,5,28,6,20,93,93010,AUTOROUTE A3,48.8927,2.47269,Plein jour,Hors agglomération,Hors intersection,Normale,Deux véhicules - côté,1,3,6,0,1,1,1,0,1,90,2,2,1,0,0,1,21.0,41.0,voiture,transport_commun,1,1,1,1,3
202200018928,2022-05-28 01:20:00,2022,5,28,1,20,95,95219, A115,48.99097,2.24475,Nuit sans éclairage public,Hors agglomération,Hors intersection,Normale,Deux véhicules - arrière,1,3,4,0,1,1,1,0,1,90,2,2,1,0,0,1,39.0,44.0,voiture,voiture,3,1,1,1,2
202200018929,2022-03-12 06:30:00,2022,3,12,6,30,09,09238,RD 119,43.092318,1.708513,Nuit sans éclairage public,Hors agglomération,Hors intersection,Pluie légère,Sans collision,3,2,2,0,1,1,2,0,3,80,1,3,2,0,0,1,22.0,,voiture,,3,1,1,2,7
202200018930,2022-05-28 05:55:00,2022,5,28,5,55,75,75112,A4,48.824324304,2.4633634831,Plein jour,Hors agglomération,Hors intersection,Normale,Deux véhicules - côté,1,1,4,0,1,1,1,0,1,90,2,2,0,0,0,2,47.0,21.0,utilitaire_camion,voiture,1,1,1,1,3
202200018931,2022-03-12 16:20:00,2022,3,12,16,20,24,24130,Avenue de Coly D62,45.119962,1.22828,Plein jour,En agglomération,Hors intersection,Temps couvert,Deux véhicules - côté,3,2,2,0,1,1,2,0,1,50,2,2,1,0,0,1,55.0,17.0,voiture,deux_roues,1,2,1,8,3
202200018932,2022-03-13 10:40:00,2022,3,13,10,40,30,30281,,43.883,4.194,Plein jour,En agglomération,Intersection en X,Pluie légère,Deux véhicules - côté,3,2,2,0,1,3,2,0,1,80,2,2,1,0,1,0,78.0,39.0,voiture,utilitaire_camion,1,2,2,2,3
202200018933,2022-01-31 08:15:00,2022,1,31,8,15,59,59350,WAGNER RICHARD RUE,50.60541,3.05331,Plein jour,En agglomération,Intersection en X,Normale,Deux véhicules - côté,4,2,2,0,1,1,1,0,1,50,2,2,1,0,0,1,58.0,43.0,deux_roues,voiture,1,2,2,1,3
202200018934,2022-05-27 18:30:00,2022,5,27,18,30,60,60212,D929,49.238827,2.300112,Plein jour,Hors agglomération,Intersection en X,Normale,Trois véhicules et plus - collisions multiples,3,2,2,0,1,1,1,0,1,80,4,7,0,0,4,3,38.0,22.0,voiture,deux_roues,1,1,2,1,5
202200018935,2022-03-13 09:37:00,2022,3,13,9,37,48,48140,Départementale 806,44.786678,3.289129,Plein jour,Hors agglomération,Hors intersection,Temps couvert,Autre collision,3,2,2,0,1,1,1,0,3,90,1,1,0,0,1,0,20.0,,voiture,,1,1,1,8,6
202200018936,2022-05-28 05:15:00,2022,5,28,5,15,60,60157,Rue Henri Breuil,49.383473,2.404482,Crépuscule ou aube,En agglomération,Intersection en X,Normale,Deux véhicules - côté,4,2,2,0,1,1,1,0,1,50,2,2,1,0,0,1,29.0,25.0,voiture,voiture,2,2,2,1,3
202200018937,2022-05-27 23:27:00,2022,5,27,23,27,60,60017,Rue des Tilleuls,49.564338,2.392597,Nuit avec éclairage allumé,En agglomération,Hors intersection,Normale,Sans collision,3,2,2,0,1,1,1,0,1,50,1,3,0,0,0,3,27.0,,voiture,,5,2,1,1,7
202200018938,2022-03-13 09:50:00,2022,3,13,9,50,88,88116,Route de Travexin,47.951963,6.826292,Plein jour,Hors agglomération,Hors intersection,Normale,Deux véhicules - arrière,3,2,2,0,1,2,1,0,1,80,2,5,4,0,0,1,45.0,70.0,voiture,voiture,1,1,1,1,2
202200018939,2022-01-30 17:40:00,2022,1,30,17,40,59,59560,EPINETTE RUE DE L,50.556549,3.058548,Crépuscule ou aube,En agglomération,Hors intersection,Normale,Autre collision,4,2,4,0,1,1,1,0,1,30,1,2,1,0,0,1,20.0,,deux_roues,,2,2,1,1,6
202200018940,2022-05-28 20:00:00,2022,5,28,20,0,80,80338,Départementale 523,49.876661,2.494497,Plein jour,Hors agglomération,Hors intersection,Normale,Sans collision,3,2,2,0,1,1,1,0,1,80,1,1,0,1,0,0,61.0,,deux_roues,,1,1,1,1,7
202200018941,2022-01-26 12:15:00,2022,1,26,12,15,59,59183,FUSILLERS MARINS,51.0343709363,2.343338728,Plein jour,En agglomération,Hors intersection,Normale,Autre collision,4,2,2,0,1,1,1,0,1,50,1,2,1,0,1,0,35.0,,voiture,,1,2,1,1,6
202200018942,2022-03-13 02:15:00,2022,3,13,2,15,06,06152,Route du Parc,43.608118,7.054912,Nuit sans éclairage public,Hors agglomération,Intersection en X,Normale,Deux véhicules - côté,3,3,4,0,1,1,1,5,1,70,2,3,1,1,1,0,31.0,21.0,voiture,voiture,3,1,2,1,3
202200018943,2022-01-30 15:00:00,2022,1,30,15,0,59,59178,FAIDHERBE (BOULEVARD),50.36712,3.08776,Plein jour,En agglomération,Hors intersection,Normale,Autre collision,3,3,4,0,1,1,1,0,1,50,1,2,1,0,0,1,42.0,,voiture,,1,2,1,1,6
202200018944,2022-05-24 18:20:00,2022,5,24,18,20,13,13210,A50-Sens Marseille vers Aubagne,43.2847405615,5.41728608,Plein jour,Hors agglomération,Hors intersection,Normale,Deux véhicules - côté,1,3,3,0,1,1,1,0,1,90,3,3,2,0,0,1,29.0,23.0,voiture,deux_roues,1,1,1,1,3
202200018945,2022-01-30 22:20:00,2022,1,30,22,20,58,58194,PISSEROTTE (BOULEVARD),46.97765,3.12501,Nuit avec éclairage allumé,En agglomération,Hors intersection,Normale,Autre collision,3,2,2,0,1,1,1,0,1,50,1,1,0,0,0,1,19.0,,voiture,,5,2,1,1,6
202200018946,2022-03-12 16:45:00,2022,3,12,16,45,971,97103,RN 1 La Jaille,16.253015,-61.578841,Plein jour,Hors agglomération,Hors intersection,Normale,Deux véhicules - côté,2,3,3,0,1,1,1,0,1,90,2,2,1,0,1,0,25.0,22.0,deux_roues,voiture,1,1,1,1,3
202200018947,2022-12-19 11:42:00,2022,12,19,11,42,13,13215,LYON (RUE DE),43.32926,5.36537,Plein jour,En agglomération,Hors intersection,Normale,Deux véhicules - frontale,4,2,2,0,1,1,1,0,4,50,1,22,0,0,0,22,31.0,,transport_commun,,1,2,1,1,1
202200018948,2022-05-25 19:07:00,2022,5,25,19,7,13,13215,A7-Sens Lyon vers Marseille,43.36905,5.36088,Plein jour,Hors agglomération,Hors intersection,Temps couvert,Deux véhicules - arrière,1,1,3,0,1,1,1,0,1,90,2,2,1,0,1,0,26.0,27.0,voiture,deux_roues,1,1,1,8,2
202200018949,2022-01-27 19:00:00,2022,1,27,19,0,58,58194,MARZY,46.98741,3.13261,Nuit avec éclairage allumé,En agglomération,Intersection en T,Normale,Deux véhicules - côté,3,-1,2,0,1,1,1,0,1,50,2,3,2,0,0,1,21.0,23.0,voiture,voiture,5,2,3,1,3
202200018950,2022-12-19 23:00:00,2022,12,19,23,0,13,13209,PIERRE BOUZE (AVENUE),43.244877592,5.4073683011,Nuit avec éclairage allumé,En agglomération,Hors intersection,Normale,Deux véhicules - frontale,4,1, -1,0,1,1,1,0,1,50,1,5,2,0,0,3,18.0,,voiture,,5,2,1,1,1
202200018951,2022-03-11 16:56:00,2022,3,11,16,56,78,78009,"Autoroute A10, point kilométrique 032+500 en direction de Paris",48.487397,1.912489,Plein jour,Hors agglomération,Hors intersection,Temps couvert,Deux véhicules - côté,1,3,3,0,1,1,1,0,1,130,2,4,1,0,2,1,,26.0,autre,voiture,1,1,1,8,3
202200018952,2022-05-27 02:30:00,2022,5,27,2,30,69,69290,Autoroute 43,45.7103885426,4.9508723617,Nuit sans éclairage public,Hors agglomération,Hors intersection,Normale,Trois véhicules et plus - collisions multiples,1,3,6,0,1,1,1,0,1,70,3,3,1,0,0,2,32.0,20.0,voiture,voiture,3,1,1,1,5
202200018953,2022-01-28 22:11:00,2022,1,28,22,11,57,57631,DEVIATION SUD,49.10716,7.08574,Nuit sans éclairage public,En agglomération,Hors intersection,Autre,Deux véhicules - frontale,3,2,2,0,1,4,2,0,1,70,2,3,0,0,1,2,26.0,21.0,voiture,voiture,3,2,1,9,1
202200018954,2022-12-18 16:10:00,2022,12,18,16,10,13,13213,SAINT MITRE (CHEMIN DE),43.34572,5.42476,Plein jour,En agglomération,Hors intersection,Normale,Deux véhicules - arrière,4,3,2,0,1,1,1,0,3,50,2,3,1,0,1,1,43.0,16.0,voiture,deux_roues,1,2,1,1,2
202200018955,2022-03-11 16:05:00,2022,3,11,16,5,987,98729,RT 91 PK 0.500 TEMAE,-17.494893,-149.763436,Plein jour,En agglomération,Intersection en T,Normale,Deux véhicules - côté,2,2,2,0,4,1,1,0,1,60,2,2,1,0,1,0,42.0,58.0,voiture,deux_roues,1,2,3,1,3
202200018956,2022-01-31 08:30:00,2022,1,31,8,30,53,53130,Rue de Beauregard,48.07403,-0.77491,Plein jour,En agglomération,Hors intersection,Normale,Autre collision,4,2,0,0,1,1,9,0,1,50,1,2,1,0,0,1,52.0,,voiture,,1,2,1,1,6
202200018957,2022-05-23 07:10:00,2022,5,23,7,10,67,67152,M35,48.53007,7.6937,Plein jour,Hors agglomération,Hors intersection,Normale,Deux véhicules - arrière,7,1,2,0,1,1,1,0,1,90,2,2,1,0,1,0,36.0,51.0,utilitaire_camion,utilitaire_camion,1,1,1,1,2
202200018958,2022-12-17 18:55:00,2022,12,17,18,55,13,13208,PERIER (BOULEVARD),43.2769,5.38409,Nuit avec éclairage allumé,En agglomération,Hors intersection,Normale,Deux véhicules - frontale,4,2,4,0,2,1,1,0,1,50,2,2,1,0,0,1,37.0,62.0,deux_roues,voiture,5,2,1,1,1
202200018959,2022-01-31 07:14:00,2022,1,31,7,14,51,51230,Place Carnot,49.0436305709,3.9508265637,Nuit avec éclairage allumé,En agglomération,Place,Pluie légère,Sans collision,4,1,1,0,1,1,2,0,1,30,1,2,1,0,0,1,50.0,,voiture,,5,2,7,2,7
202200018960,2022-03-12 19:30:00,2022,3,12,19,30,973,97361,Avenue du 31 Decembre 1988,5.741153,-53.921134,Nuit sans éclairage public,En agglomération,Hors intersection,Normale,Autre collision,3,2,2,0,1,1,1,0,1,90,2,3,2,1,0,0,44.0,43.0,deux_roues,voiture,3,2,1,1,6
202200018961,2022-12-17 07:34:00,2022,12,17,7,34,13,13206,PARADIS (RUE),43.2922127892,5.3772845864,Crépuscule ou aube,En agglomération,Intersection en X,Normale,Deux véhicules - côté,4,1,1,0,1,1,1,0,1,50,2,2,1,0,0,1,33.0,28.0,deux_roues,voiture,2,2,2,1,3
202200018962,2022-05-27 05:30:00,2022,5,27,5,30,33,33162,ROCADE A 630,44.8721617035,-0.6405707363,Nuit sans éclairage public,Hors agglomération,Hors intersection,Normale,Deux véhicules - arrière,1,3,4,0,1,1,1,8,1,70,2,2,0,0,0,2,35.0,36.0,voiture,voiture,3,1,1,1,2
202200018963,2022-01-30 08:25:00,2022,1,30,8,25,50,50502,Martin Luther KING,49.12122,-1.08836,Crépuscule ou aube,En agglomération,Hors intersection,Normale,Deux véhicules - frontale,4,2,0,0,2,2,1,0,1,50,2,2,1,0,1,0,22.0,66.0,voiture,voiture,2,2,1,1,1
202200018964,2022-03-12 16:00:00,2022,3,12,16,0,971,97117,Route de Bories,16.301516,-61.409313,Plein jour,Hors agglomération,Hors intersection,Normale,Deux véhicules - côté,3,2,2,0,1,2,1,0,1,80,2,3,1,0,0,2,19.0,40.0,voiture,voiture,1,1,1,1,3
202200018965,2022-12-17 09:30:00,2022,12,17,9,30,13,13211,SAINT LOUP (BOULEVARD DE),43.2857675665,5.4423487495,Plein jour,En agglomération,Hors intersection,Normale,Autre collision,4,2,0,0,1,1,1,0,1,50,1,2,1,0,0,1,32.0,,voiture,,1,2,1,1,6
202200018966,2022-05-27 18:10:00,2022,5,27,18,10,95,95018, A15,48.96054,2.26998,Plein jour,Hors agglomération,Hors intersection,Normale,Deux véhicules - côté,1,3,8,0,1,1,1,0,1,110,2,2,1,0,0,1,,22.0,voiture,deux_roues,1,1,1,1,3
202200018967,2022-12-20 07:30:00,2022,12,20,7,30,13,13047,RTE du Bailly de Suffren,43.601234,4.94409,Nuit avec éclairage non allumé,En agglomération,Hors intersection,Normale,Autre collision,7,3,2,0,1,1,2,6,1,50,1,1,0,0,0,1,58.0,,voiture,,4,2,1,1,6
202200018968,2022-01-28 13:20:00,2022,1,28,13,20,50,50129,EST (BOULEVARD DE L'),49.63657,-1.59626,Plein jour,En agglomération,Giratoire,Normale,Deux véhicules - côté,3,2,2,1,1,1,1,0,1,50,2,2,1,0,0,1,32.0,53.0,voiture,deux_roues,1,2,6,1,3
202200018969,2022-12-20 13:40:00,2022,12,20,13,40,13,13019,RD9,43.4545950179,5.316799879,Plein jour,Hors agglomération,Hors intersection,Temps couvert,Autre collision,3,1,1,3,1,1,1,1,4,90,1,1,0,1,0,0,29.0,,voiture,,1,1,1,8,6
202200018970,2022-05-27 17:10:00,2022,5,27,17,10,93,93078,AUTOROUTE A104,48.96451,2.51992,Plein jour,Hors agglomération,Hors intersection,Normale,Autre collision,1,3,6,0,1,1,1,0,1,90,1,2,0,0,0,2,40.0,,voiture,,1,1,1,1,6
202200018971,2022-03-13 12:30:00,2022,3,13,12,30,971,97115,Section Baimbridge - RD1,16.225141,-61.655509,Plein jour,Hors agglomération,Hors intersection,Normale,Deux véhicules - frontale,3,2,2,0,2,1,1,0,1,70,2,3,2,1,0,0,43.0,23.0,deux_roues,voiture,1,1,1,1,1
202200018972,2022-12-16 09:00:00,2022,12,16,9,0,12,12083,Lieu dit la Gouizonie,44.5136909995,2.2774386408,Plein jour,Hors agglomération,Hors intersection,Brouillard / fumée,Autre collision,3,2,2,0,2,3,2,0,3,90,1,1,0,1,0,0,93.0,,voiture,,1,1,1,5,6
202200018973,2022-01-31 19:15:00,2022,1,31,19,15,49,49267,Chemin de la Romanerie,47.4825,-0.502,Nuit sans éclairage public,En agglomération,Intersection en T,Normale,Deux véhicules - côté,4,2,2,0,1,1,1,0,1,50,2,2,1,0,0,1,30.0,,deux_roues,voiture,3,2,3,1,3
202200018974,2022-04-21 16:13:00,2022,4,21,16,13,16,16206,Rue du Général Resnier,45.8879756686,0.175488,Plein jour,En agglomération,Hors intersection,Normale,Autre collision,3,2,2,0,1,1,1,0,4,50,1,1,0,1,0,0,67.0,,voiture,,1,2,1,1,6
202200018975,2022-03-13 12:10:00,2022,3,13,12,10,34,34145,chemin du mas du paradis,43.69623,4.142876,Plein jour,Hors agglomération,Hors intersection,Vent fort / tempête,Deux véhicules - frontale,4,2,1,0,2,3,2,0,1,80,2,3,1,0,1,1,20.0,45.0,voiture,voiture,1,1,1,6,1
202200018976,2022-12-20 17:17:00,2022,12,20,17,17,11,11069,BRILLAT SAVARIN,43.215113,2.323934,Plein jour,En agglomération,Hors intersection,Normale,Deux véhicules - côté,4,2,2,0,1,1,1,0,1,50,2,2,1,0,0,1,63.0,17.0,voiture,deux_roues,1,2,1,1,3
202200018977,2022-01-31 14:36:00,2022,1,31,14,36,49,49007,PUITS ANCEAU SQUARE,47.45374,-0.53969,Plein jour,En agglomération,Hors intersection,Normale,Deux véhicules - arrière,4,2,2,0,1,1,1,0,1,30,2,2,1,0,0,1,43.0,44.0,utilitaire_camion,voiture,1,2,1,1,2
202200018978,2022-03-13 12:50:00,2022,3,13,12,50,13,13085,D3d,43.252064,5.668709,Plein jour,Hors agglomération,Hors intersection,Normale,Autre collision,3,2,2,0,2,1,1,0,3,70,1,1,0,1,0,0,25.0,,voiture,,1,1,1,1,6
202200018979,2022-12-21 15:40:00,2022,12,21,15,40,09,09122,RD 919,43.002915,1.613653,Plein jour,Hors agglomération,Giratoire,Temps éblouissant,Deux véhicules - côté,3,1,1,0,4,4,1,9,1,50,2,2,1,0,0,1,31.0,90.0,deux_roues,voiture,1,1,6,7,3
202200018980,2022-01-31 07:49:00,2022,1,31,7,49,49,49007,BOURG LA CROIX PLACE ET RUE,47.45179,-0.52487,Nuit avec éclairage allumé,En agglomération,Hors intersection,Normale,Deux véhicules - côté,4,2,2,0,1,1,2,0,1,50,2,2,1,0,0,1,47.0,16.0,voiture,deux_roues,5,2,1,1,3
202200018981,2022-03-12 14:30:00,2022,3,12,14,30,68,68279,D34.1,47.768147,7.090409,Plein jour,Hors agglomération,Hors intersection,Normale,Sans collision,3,2,2,0,2,3,8,0,1,80,1,1,0,0,0,1,33.0,,deux_roues,,1,1,1,1,7
202200018982,2022-05-26 17:30:00,2022,5,26,17,30,62,62314,D341,50.393853,2.615011,Plein jour,Hors agglomération,Hors intersection,Normale,Deux véhicules - frontale,3,2,1,3,1,3,1,9,8,50,2,2,1,0,1,0,44.0,18.0,autre,deux_roues,1,1,1,1,1
202200018983,2022-01-29 20:29:00,2022,1,29,20,29,49,49015,ADEZIERE ROUTE,47.50371,-0.61952,Nuit sans éclairage public,En agglomération,Hors intersection,Temps couvert,Sans collision,4,2,2,0,1,2,1,0,1,70,1,1,0,0,0,1,24.0,,voiture,,3,2,1,8,7
202200018984,2022-12-20 10:00:00,2022,12,20,10,0,09,09122,LECLERC (AVENUE DU GENERAL),42.972604,1.607964,Plein jour,En agglomération,Hors intersection,Normale,Deux véhicules - arrière,3,2,2,0,1,1,1,0,1,50,2,2,1,0,0,1,50.0,34.0,voiture,utilitaire_camion,1,2,1,1,2
202200018985,2022-03-12 12:15:00,2022,3,12,12,15,01,01060,D34,46.056189,5.593226,Plein jour,Hors agglomération,Hors intersection,Vent fort / tempête,Deux véhicules - arrière,3,2,2,0,1,1,1,0,1,80,2,2,1,0,1,0,57.0,59.0,deux_roues,utilitaire_camion,1,1,1,6,2
202200018986,2022-01-31 13:20:00,2022,1,31,13,20,47,47001,LOTI (PLACE PIERRE),44.2072,0.62334,Plein jour,En agglomération,Hors intersection,Normale,Deux véhicules - arrière,4,-1,2,0,1,1,2,0,1,50,2,2,1,0,0,1,,23.0,voiture,deux_roues,1,2,1,1,2
202200018987,2022-03-07 16:30:00,2022,3,7,16,30,69,69037,Route de l Azergues,46.029426,4.497507,Plein jour,Hors agglomération,Hors intersection,Normale,Trois véhicules et plus - collisions multiples,3,2,2,2,1,1,1,0,1,80,3,3,2,0,1,0,57.0,70.0,utilitaire_camion,voiture,1,1,1,1,5