accident_id,datetime,annee,mois,jour,heure,minute,departement,commune_insee,adresse,latitude,longitude,luminosite,agglomeration,intersection,meteo,collision,catr,circ,nbv,vosp,prof,plan,surf,infra,situ,vma,nb_vehicules,nb_usagers,nb_indemnes,nb_tues,nb_blesses_hosp,nb_blesses_legers,age_cond_1,age_cond_2,veh_type_cond_1,veh_type_cond_2,lum_code,agg_code,int_code,atm_code,col_code
202200018988,2022-05-26 17:20:00,2022,5,26,17,20,33,33096,,44.891862,-0.501303,Plein jour,Hors agglomération,Hors intersection,Normale,Trois véhicules et plus - en chaîne,1,3,6,0,1,1,1,0,1,90,3,5,3,0,0,2,31.0,52.0,utilitaire_camion,voiture,1,1,1,1,4
202200018989,2022-03-12 02:45:00,2022,3,12,2,45,81,81093,A68,43.887992,2.01681,Nuit sans éclairage public,Hors agglomération,Hors intersection,Pluie légère,Deux véhicules - arrière,1,3,4,0,1,2,2,0,1,110,2,4,3,0,1,0,52.0,57.0,voiture,voiture,3,1,1,2,2
202200018990,2022-12-19 16:10:00,2022,12,19,16,10,07,07019,COTE DE VILLE RN 102,44.59352,4.41893,Plein jour,Hors agglomération,Hors intersection,Pluie légère,Deux véhicules - côté,2,2,3,0,2,2,2,0,1,90,2,4,2,0,0,2,35.0,40.0,voiture,voiture,1,1,1,2,3
202200018991,2022-05-26 01:55:00,2022,5,26,1,55,92,92025,A86,48.9274239062,2.2374158506,Nuit sans éclairage public,Hors agglomération,Hors intersection,Normale,Deux véhicules - arrière,1,1,2,0,1,1,1,0,1,90,2,2,1,0,0,1,22.0,33.0,voiture,voiture,3,1,1,1,2
202200018992,2022-05-26 06:20:00,2022,5,26,6,20,93,93008,AUTOROUTE A86,48.9097212416,2.4455699022,Plein jour,Hors agglomération,Hors intersection,Pluie légère,Deux véhicules - arrière,1,3,6,0,1,1,2,1,1,90,2,3,2,0,0,1,44.0,34.0,utilitaire_camion,voiture,1,1,1,2,2
202200018993,2022-03-11 16:30:00,2022,3,11,16,30,33,33312,Avenue de Labarde -Rd 209,44.943338,-0.560233,Plein jour,Hors agglomération,Giratoire,Normale,Trois véhicules et plus - en chaîne,7,2,2,0,1,1,2,5,1,80,3,3,2,0,0,1,36.0,24.0,voiture,voiture,1,1,6,1,4
202200018994,2022-12-21 19:00:00,2022,12,21,19,0,06,06088,CASSIN (BD RENE),43.67481,7.22674,Nuit avec éclairage allumé,En agglomération,Autre intersection,Pluie légère,Deux véhicules - côté,4,3,3,0,1,1,2,0,1,50,2,2,1,0,0,1,74.0,23.0,voiture,deux_roues,5,2,9,2,3
202200018995,2022-03-12 13:50:00,2022,3,12,13,50,22,22070,place champ au roy,48.560722,-3.153394,Plein jour,En agglomération,Autre intersection,Normale,Autre collision,9,2,2,0,1,1,1,0,1,50,1,2,1,0,0,1,76.0,,voiture,,1,2,9,1,6
202200018996,2022-05-26 12:35:00,2022,5,26,12,35,77,77121,RN104,48.836829,2.664934,Plein jour,Hors agglomération,Hors intersection,Normale,Deux véhicules - arrière,1,3,4,0,1,1,1,0,1,90,2,2,1,0,0,1,36.0,22.0,voiture,deux_roues,1,1,1,1,2
202200018997,2022-05-25 23:05:00,2022,5,25,23,5,94,94042,A4,48.8274342642,2.4691540168,Nuit sans éclairage public,Hors agglomération,Hors intersection,Normale,Autre collision,1,1,4,0,1,1,1,2,1,90,2,3,1,0,0,2,36.0,,voiture,voiture,3,1,1,1,6
202200018998,2022-12-21 02:47:00,2022,12,21,2,47,06,06088,CALIFORNIE (AV.) (DU 23-25 AU 199-210),43.68241,7.23205,Nuit avec éclairage allumé,En agglomération,Hors intersection,Pluie légère,Autre collision,4,1,1,0,1,1,2,0,1,50,1,1,0,0,1,0,30.0,,deux_roues,,5,2,1,2,6
202200018999,2022-03-13 19:40:00,2022,3,13,19,40,60,60138,D1330,49.211304,2.607322,Nuit sans éclairage public,Hors agglomération,Autre intersection,Pluie légère,Trois véhicules et plus - collisions multiples,3,2,3,0,1,1,2,3,1,80,3,3,1,0,0,2,25.0,50.0,voiture,voiture,3,1,9,2,5
202200019000,2022-05-25 16:15:00,2022,5,25,16,15,94,94073,A86 INT,48.7605503444,2.3825440405,Plein jour,Hors agglomération,Hors intersection,Normale,Sans collision,1,3,2,0,1,1,1,0,1,90,1,1,0,0,0,1,32.0,,deux_roues,,1,1,1,1,7
202200019001,2022-03-13 11:15:00,2022,3,13,11,15,59,59401,Rue Nationale,50.7489926132,2.6599144936,Plein jour,Hors agglomération,Hors intersection,Normale,Autre collision,3,2,2,0,1,1,1,0,3,80,1,1,0,1,0,0,22.0,,voiture,,1,1,1,1,6
202200019002,2022-05-03 09:20:00,2022,5,3,9,20,94,94017,A4,48.8283361632,2.5023593274,Plein jour,Hors agglomération,Hors intersection,Normale,Trois véhicules et plus - en chaîne,1,3,5,0,1,1,1,1,1,90,3,3,2,0,0,1,67.0,28.0,utilitaire_camion,deux_roues,1,1,1,1,4
202200019003,2022-04-28 14:35:00,2022,4,28,14,35,35,35126,Rue de la République,47.9664497495,-1.7937269434,Plein jour,En agglomération,Hors intersection,Normale,Autre collision,4,2,2,1,1,2,1,0,1,30,1,2,1,1,0,0,52.0,,utilitaire_camion,,1,2,1,1,6
202200019004,2022-02-11 17:29:00,2022,2,11,17,29,13,13117,A7-Sens Marseille vers Lyon,43.4629190607,5.234779423,Plein jour,Hors agglomération,Hors intersection,Normale,Trois véhicules et plus - en chaîne,1,1,2,0,1,1,1,0,1,110,3,3,2,0,0,1,28.0,22.0,voiture,utilitaire_camion,1,1,1,1,4
202200019005,2022-12-20 05:25:00,2022,12,20,5,25,06,06088,GOUNOD (RUE),43.70089,7.26059,Nuit avec éclairage allumé,En agglomération,Hors intersection,Normale,Autre collision,4,1,1,0,1,1,1,0,1,50,2,2,1,0,0,1,,57.0,voiture,voiture,5,2,1,1,6
202200019006,2022-04-29 00:30:00,2022,4,29,0,30,41,41046,A71 - PK 134+000 - Sens ORLÉANS / VIERZON,47.611255,1.966209,Nuit sans éclairage public,Hors agglomération,Hors intersection,Normale,Sans collision,1,3,4,0,2,2,1,0,1,130,1,3,0,0,0,3,66.0,,utilitaire_camion,,3,1,1,1,7
202200019007,2022-03-11 11:30:00,2022,3,11,11,30,13,13216,A55-Sens Marseille vers Martigues,43.3465,5.3451,Plein jour,Hors agglomération,Autre intersection,Normale,Autre collision,1,1,4,0,1,2,1,0,1,90,2,2,1,0,0,1,,39.0,voiture,voiture,1,1,9,1,6
202200019008,2022-12-18 19:45:00,2022,12,18,19,45,06,06088,CIMIEZ (BD) JUSQU'AU 14-15,43.70616,7.27039,Nuit avec éclairage allumé,En agglomération,Hors intersection,Normale,Autre collision,4,2,3,0,4,3,1,0,1,50,1,1,0,1,0,0,32.0,,deux_roues,,5,2,1,1,6
202200019009,2022-04-27 15:45:00,2022,4,27,15,45,29,29007,D769 ,48.392624,-3.726318,Plein jour,Hors agglomération,Hors intersection,Normale,Sans collision,3,2,2,0,2,2,1,0,3,80,1,1,0,0,1,0,55.0,,deux_roues,,1,1,1,1,7
202200019010,2022-12-18 21:10:00,2022,12,18,21,10,06,06088,RAY (AV. DU),43.72464,7.2587,Nuit avec éclairage allumé,En agglomération,Autre intersection,Normale,Autre collision,4,2,2,0,2,1,1,9,1,50,1,2,1,0,0,1,28.0,,voiture,,5,2,9,1,6
202200019011,2022-03-08 16:59:00,2022,3,8,16,59,13,13215,A7-Sens Marseille vers Lyon,43.3442,5.37493,Plein jour,Hors agglomération,Hors intersection,Normale,Deux véhicules - arrière,1,1,2,0,2,1,1,0,1,70,2,2,1,0,0,1,46.0,23.0,voiture,deux_roues,1,1,1,1,2
202200019012,2022-04-29 09:30:00,2022,4,29,9,30,70,70134,1 Chemin Départemental 104,47.625734,6.073852,Plein jour,Hors agglomération,Hors intersection,Normale,Sans collision,3,2,2,0,2,1,1,0,1,80,1,1,0,1,0,0,60.0,,deux_roues,,1,1,1,1,7
202200019013,2022-12-12 20:00:00,2022,12,12,20,0,06,06069,SAINT LAURENT (AVENUE),43.68007,6.95841,Nuit avec éclairage allumé,En agglomération,Hors intersection,Normale,Deux véhicules - frontale,4,2,1,0,1,1,2,1,1,50,2,4,0,0,0,4,58.0,24.0,voiture,utilitaire_camion,5,2,1,1,1
202200019014,2022-03-11 11:25:00,2022,3,11,11,25,69,69236,Autoroute 47,45.57099,4.71192,Plein jour,Hors agglomération,Hors intersection,Normale,Autre collision,6,-1,0,0,1,1,1,9,1,50,1,2,1,1,0,0,62.0,,voiture,,1,1,1,1,6
202200019015,2022-12-18 12:20:00,2022,12,18,12,20,06,06069,CANNES (ROUTE DE)  -RD 6085-,43.6245,6.96528,Plein jour,En agglomération,Hors intersection,Normale,Sans collision,4,2,2,0,1,1,1,9,1,50,1,1,0,0,0,1,76.0,,deux_roues,,1,2,1,1,7
202200019016,2022-04-28 16:30:00,2022,4,28,16,30,16,16223,"Départementale 06, faubourg basse ville",45.668521,0.504569,Plein jour,En agglomération,Hors intersection,Normale,Sans collision,3,2,2,0,4,4,1,0,1,50,1,1,0,0,1,0,70.0,,deux_roues,,1,2,1,1,7
202200019017,2022-03-12 16:45:00,2022,3,12,16,45,92,92036,A86,48.9350431573,2.2827114928,Plein jour,Hors agglomération,Hors intersection,Normale,Deux véhicules - côté,1,-1,4,0,1,1,1,3,1,90,2,4,2,0,0,2,33.0,22.0,voiture,deux_roues,1,1,1,1,3
202200019018,2022-12-20 17:50:00,2022,12,20,17,50,06,06030,CAMPON (RUE,43.57861,7.0119,Nuit avec éclairage allumé,En agglomération,Hors intersection,Normale,Deux véhicules - arrière,3,3,4,0,2,1,1,0,1,50,2,2,1,0,1,0,43.0,17.0,utilitaire_camion,deux_roues,5,2,1,1,2
202200019019,2022-04-29 14:40:00,2022,4,29,14,40,62,62108,ALFRED LAMBERT,50.409324,1.56603,Plein jour,En agglomération,Intersection en X,Normale,Autre collision,4,2,3,0,1,1,1,0,1,50,1,2,1,0,1,0,77.0,,voiture,,1,2,2,1,6
202200019020,2022-12-21 06:15:00,2022,12,21,6,15,04,04112,VOLX (AV.DE),43.84344,5.80947,Nuit sans éclairage public,En agglomération,Hors intersection,Pluie forte,Autre collision,3,3,2,0,1,1,2,0,1,50,1,2,1,0,1,0,51.0,,voiture,,3,2,1,3,6
202200019021,2022-03-11 23:15:00,2022,3,11,23,15,92,92047,A13,48.8350422017,2.1744212904,Nuit sans éclairage public,Hors agglomération,Hors intersection,Normale,Deux véhicules - arrière,1,1,3,0,1,1,2,0,1,110,2,3,2,0,0,1,38.0,34.0,voiture,voiture,3,1,1,1,2
202200019022,2022-04-29 01:13:00,2022,4,29,1,13,94,94018,23 Rue de Verdun,48.824538545,2.407396316,Nuit avec éclairage allumé,En agglomération,Hors intersection,Normale,Autre collision,4,1,1,0,1,1,1,0,1,10,1,1,0,0,0,1,46.0,,utilitaire_camion,,5,2,1,1,6
202200019023,2022-12-18 09:30:00,2022,12,18,9,30,03,03095,LECLERC (AVENUE DU GENERAL),46.1279,3.43799,Plein jour,En agglomération,Hors intersection,Normale,Autre collision,3,1,2,0,1,1,1,0,1,30,1,2,1,0,1,0,63.0,,voiture,,1,2,1,1,6
202200019024,2022-12-18 19:00:00,2022,12,18,19,0,01,01451,BRESSE (AVENUE DE ),46.21828,5.2056,Nuit avec éclairage allumé,Hors agglomération,Hors intersection,Normale,Sans collision,3,2,2,0,2,2,1,0,3,80,1,1,0,1,0,0,57.0,,utilitaire_camion,,5,1,1,1,7
202200019025,2022-03-11 18:45:00,2022,3,11,18,45,92,92025,A86,48.9280993721,2.2383538616,Crépuscule ou aube,Hors agglomération,Hors intersection,Normale,Trois véhicules et plus - en chaîne,1,1,2,0,1,1,2,0,1,90,3,5,4,0,0,1,44.0,32.0,deux_roues,voiture,2,1,1,1,4
202200019026,2022-04-16 12:00:00,2022,4,16,12,0,73,73054,D1090 - 153 Avenue Maréchal Leclerc,45.617272,6.770464,Plein jour,En agglomération,Hors intersection,Normale,Deux véhicules - arrière,3,2,2,2,2,1,1,-1,1,50,2,4,2,0,0,2,86.0,55.0,voiture,voiture,1,2,1,1,2
202200019027,2022-12-20 17:40:00,2022,12,20,17,40,75,75120,BD PERIPHERIQUE INTERIEUR,48.855447,2.413826,Nuit avec éclairage allumé,En agglomération,Hors intersection,Pluie légère,Deux véhicules - arrière,4,1,4,0,1,1,2,0,1,70,2,2,1,0,0,1,54.0,47.0,voiture,voiture,5,2,1,2,2
202200019028,2022-03-12 07:10:00,2022,3,12,7,10,95,95572,RN 184,49.038128,2.123788,Plein jour,Hors agglomération,Hors intersection,Normale,Autre collision,2,3,4,0,1,1,1,0,1,90,1,1,0,0,0,1,28.0,,voiture,,1,1,1,1,6
202200019029,2022-12-19 08:20:00,2022,12,19,8,20,75,75112,PORTE DE VINCENNES,48.841357,2.413552,Plein jour,En agglomération,Hors intersection,Pluie légère,Deux véhicules - côté,4,-1,4,0,1,1,2,0,1,70,2,2,1,0,0,1,29.0,29.0,deux_roues,voiture,1,2,1,2,3
202200019030,2022-04-28 08:40:00,2022,4,28,8,40,60,60057,Rue de Bretagne,49.4256,2.07685,Plein jour,En agglomération,Intersection en Y,Normale,Autre collision,4,2,2,0,1,1,1,0,1,50,1,2,1,0,0,1,30.0,,voiture,,1,2,4,1,6
202200019031,2022-12-18 02:00:00,2022,12,18,2,0,75,75115,PORTE DE SEVRES,48.834351,2.276014,Nuit avec éclairage allumé,En agglomération,Hors intersection,Normale,Deux véhicules - arrière,4,1,3,0,1,1,1,0,1,70,2,2,1,0,0,1,38.0,52.0,voiture,voiture,5,2,1,1,2
202200019032,2022-03-12 06:35:00,2022,3,12,6,35,95,95351,RN 104,49.02783,2.519886,Crépuscule ou aube,Hors agglomération,Hors intersection,Normale,Sans collision,2,3,4,0,1,3,1,8,1,90,1,1,0,0,0,1,28.0,,deux_roues,,2,1,1,1,7
202200019033,2022-12-18 01:40:00,2022,12,18,1,40,75,75115,ECHANGEUR ISSY,48.8355067456,2.2714474797,Nuit avec éclairage allumé,En agglomération,Intersection en Y,Pluie légère,Autre collision,4,1,4,0,3,2,2,9,1,70,1,2,1,0,0,1,25.0,,voiture,,5,2,4,2,6
202200019034,2022-03-12 05:50:00,2022,3,12,5,50,93,93053,AUTOROUTE A86,48.8974,2.4698,Nuit sans éclairage public,Hors agglomération,Hors intersection,Normale,Deux véhicules - arrière,1,3,10,0,1,1,1,3,1,90,2,2,1,0,0,1,29.0,60.0,voiture,voiture,3,1,1,1,2
202200019035,2022-04-26 08:55:00,2022,4,26,8,55,45,45272,D2020 PR 41 + 40,47.798917,1.93148,Plein jour,Hors agglomération,Intersection en T,Normale,Deux véhicules - côté,3,2,2,0,1,1,1,0,1,90,2,2,1,0,0,1,31.0,23.0,deux_roues,voiture,1,1,3,1,3
202200019036,2022-12-18 21:40:00,2022,12,18,21,40,75,75108,PONT ALEXANDRE III,48.864679,2.313654,Nuit avec éclairage allumé,En agglomération,Intersection en X,Normale,Deux véhicules - arrière,4,2,4,2,1,1,2,2,1,30,2,4,0,0,0,4,31.0,29.0,voiture,voiture,5,2,2,1,2
202200019037,2022-03-08 07:00:00,2022,3,8,7,0,95,95277, A3,48.981,2.49959,Crépuscule ou aube,Hors agglomération,Hors intersection,Normale,Deux véhicules - arrière,1,3,4,0,1,1,1,0,1,110,2,2,1,0,0,1,30.0,38.0,voiture,voiture,2,1,1,1,2
202200019038,2022-12-16 19:25:00,2022,12,16,19,25,75,75108,AVENUE DES CHAMPS ELYSEES,48.871084,2.303528,Nuit avec éclairage allumé,En agglomération,Intersection en T,Normale,Deux véhicules - côté,4,2,3,1,2,1,1,0,5,30,2,2,1,0,1,0,52.0,28.0,deux_roues,deux_roues,5,2,3,1,3
202200019039,2022-04-26 23:20:00,2022,4,26,23,20,17,17441,7 Avenue Saint-grégoire,45.632241,-0.652882,Nuit avec éclairage allumé,En agglomération,Hors intersection,Normale,Sans collision,3,2,2,0,1,3,1,0,1,-1,1,2,1,0,1,0,25.0,,voiture,,5,2,1,1,7
202200019040,2022-12-20 15:12:00,2022,12,20,15,12,75,75105,RUE DESCARTES,48.846158,2.349093,Plein jour,En agglomération,Intersection en X,Pluie légère,Deux véhicules - côté,4,2,2,0,1,1,2,0,1,30,2,2,1,0,0,1,21.0,56.0,utilitaire_camion,deux_roues,1,2,2,2,3
202200019041,2022-12-20 10:30:00,2022,12,20,10,30,75,75105,BOULEVARD SAINT MICHEL,48.845149,2.339632,Plein jour,En agglomération,Hors intersection,Pluie légère,Sans collision,4,2,4,1,1,1,2,0,5,30,1,1,0,0,0,1,30.0,,deux_roues,,1,2,1,2,7
202200019042,2022-03-11 23:20:00,2022,3,11,23,20,93,93066,AUTOROUTE A1,48.9194161016,2.3575383425,Nuit avec éclairage allumé,Hors agglomération,Hors intersection,Normale,Trois véhicules et plus - en chaîne,1,3,4,0,1,1,1,0,1,90,3,3,2,0,0,1,22.0,34.0,voiture,voiture,5,1,1,1,4
202200019043,2022-12-19 12:30:00,2022,12,19,12,30,75,75118,RUE DE LA CHAPELLE,48.8902564775,2.3599281907,Plein jour,En agglomération,Intersection en X,Pluie légère,Deux véhicules - arrière,4,1,5,0,1,1,2,9,1,30,2,2,1,0,0,1,37.0,25.0,utilitaire_camion,deux_roues,1,2,2,2,2
202200019044,2022-04-27 02:15:00,2022,4,27,2,15,80,80546,Rue du Château-d Eau,50.103584,1.727053,Nuit sans éclairage public,En agglomération,Hors intersection,Normale,Autre collision,4,2,2,0,3,1,1,0,4,50,1,1,0,1,0,0,31.0,,deux_roues,,3,2,1,1,6
202200019045,2022-12-20 18:30:00,2022,12,20,18,30,75,75116,AVENUE DU PRESIDENT WILSON,48.864693,2.294134,Nuit avec éclairage allumé,En agglomération,Place,Pluie forte,Autre collision,4,3,1,0,1,1,2,0,1,30,1,2,1,0,0,1,60.0,,deux_roues,,5,2,7,3,6
202200019046,2022-03-12 02:00:00,2022,3,12,2,0,93,93051,A4,48.8351932083,2.5720589887,Nuit sans éclairage public,Hors agglomération,Hors intersection,Normale,Deux véhicules - arrière,1,3,3,0,1,1,1,0,1,110,2,2,1,0,0,1,41.0,38.0,voiture,voiture,3,1,1,1,2
202200019047,2022-04-27 03:45:00,2022,4,27,3,45,71,71483,Route Départementale 985,46.334851,4.278924,Nuit sans éclairage public,Hors agglomération,Hors intersection,Normale,Autre collision,3,2,2,0,1,2,1,0,3,80,1,1,0,0,1,0,35.0,,utilitaire_camion,,3,1,1,1,6
202200019048,2022-12-18 15:15:00,2022,12,18,15,15,75,75115,BOULEVARD DE GRENELLE,48.8491486085,2.2980120778,Plein jour,En agglomération,Intersection en X,Normale,Deux véhicules - côté,4,1,2,1,1,1,1,0,5,30,2,2,1,0,0,1,27.0,27.0,deux_roues,voiture,1,2,2,1,3
202200019049,2022-04-26 10:45:00,2022,4,26,10,45,70,70451,Avenue de la République,47.698718,6.593417,Plein jour,Hors agglomération,Hors intersection,Normale,Sans collision,3,2,2,0,1,2,1,0,3,90,1,1,0,0,1,0,53.0,,deux_roues,,1,1,1,1,7
202200019050,2022-03-10 19:05:00,2022,3,10,19,5,50,50129,NORMANDIE (AVENUE DE),49.62658,-1.63349,Crépuscule ou aube,En agglomération,Hors intersection,Normale,Autre collision,4,2,2,0,1,1,1,0,6,20,1,3,1,0,0,2,38.0,,voiture,,2,2,1,1,6
202200019051,2022-12-20 11:37:00,2022,12,20,11,37,75,75114,BOULEVARD BRUNE,48.825259,2.325534,Plein jour,En agglomération,Intersection en X,Pluie légère,Autre collision,4,-1,2,0,1,1,2,6,1,30,1,2,1,0,0,1,69.0,,voiture,,1,2,2,2,6
202200019052,2022-03-10 15:40:00,2022,3,10,15,40,05,05061,Rue Carnot,44.56025,6.0811,Plein jour,En agglomération,Hors intersection,Normale,Autre collision,2,1,1,0,1,1,1,9,1,20,1,2,1,0,0,1,88.0,,voiture,,1,2,1,1,6
202200019053,2022-12-20 12:55:00,2022,12,20,12,55,75,75113,RUE DE TOLBIAC,48.826076,2.355209,Plein jour,En agglomération,Intersection en T,Pluie légère,Autre collision,4,2,2,0,1,1,2,0,1,30,1,1,0,0,0,1,80.0,,voiture,,1,2,3,2,6
202200019054,2022-12-19 04:30:00,2022,12,19,4,30,75,75113,QUAI D AUSTERLITZ,48.83599,2.37868,Nuit avec éclairage allumé,En agglomération,Hors intersection,Pluie légère,Autre collision,4,2,3,0,1,1,2,0,1,30,1,2,0,0,0,2,31.0,,voiture,,5,2,1,2,6
202200019055,2022-03-10 09:15:00,2022,3,10,9,15,08,08480,RD 764 BIS,49.73129,4.75221,Plein jour,En agglomération,Autre intersection,Normale,Autre collision,6,2,0,0,1,1,1,9,1,50,1,3,1,0,1,1,38.0,,voiture,,1,2,9,1,6
202200019056,2022-04-02 14:30:00,2022,4,2,14,30,60,60555,Route départementale 63,49.642177533,2.3461773097,Plein jour,Hors agglomération,Intersection en X,Normale,Deux véhicules - côté,3,2,2,0,1,1,1,5,5,80,2,2,1,0,1,0,44.0,55.0,utilitaire_camion,deux_roues,1,1,2,1,3
202200019057,2022-12-18 01:30:00,2022,12,18,1,30,75,75113,BOULEVARD AUGUSTE BLANQUI,48.8306484651,2.3536477983,Nuit avec éclairage allumé,En agglomération,Hors intersection,Normale,Autre collision,4,1,2,1,1,1,1,0,5,30,1,1,0,0,0,1,49.0,,deux_roues,,5,2,1,1,6
202200019058,2022-03-12 10:55:00,2022,3,12,10,55,988,98818,ROUTE DE L'ANSE VATA,-22.29863,166.44475,Plein jour,En agglomération,Hors intersection,Normale,Autre collision,4,2,3,0,1,1,1,0,1,50,1,2,1,0,1,0,,,voiture,,1,2,1,1,6
202200019059,2022-12-19 11:00:00,2022,12,19,11,0,75,75112,AVENUE DES TERROIRS DE FRANCE,48.830277086,2.3861977458,Plein jour,En agglomération,Intersection en Y,Pluie légère,Deux véhicules - côté,4,1,2,0,3,1,2,0,1,30,2,2,1,0,0,1,39.0,45.0,utilitaire_camion,deux_roues,1,2,4,2,3
202200019060,2022-03-11 00:05:00,2022,3,11,0,5,974,97416,HUBERT DE LISLE(BOULEVARD),-21.34252,55.46572,Nuit avec éclairage allumé,En agglomération,Hors intersection,Normale,Deux véhicules - côté,4,2,2,1,1,1,1,0,1,50,2,2,1,0,0,1,28.0,20.0,voiture,voiture,5,2,1,1,3
202200019061,2022-12-21 20:30:00,2022,12,21,20,30,75,75111,BOULEVARD VOLTAIRE,48.855321,2.38429,Nuit avec éclairage allumé,En agglomération,Intersection en T,Pluie légère,Deux véhicules - côté,4,2,4,0,1,1,2,0,1,30,2,2,1,0,0,1,18.0,24.0,deux_roues,voiture,5,2,3,2,3
202200019062,2022-04-26 16:40:00,2022,4,26,16,40,91,91223,Allée de la Victoire,48.436113,2.16539,Plein jour,En agglomération,Hors intersection,Normale,Deux véhicules - arrière,3,2,2,0,1,1,1,0,1,50,2,3,2,0,0,1,30.0,41.0,voiture,voiture,1,2,1,1,2
202200019063,2022-03-11 11:30:00,2022,3,11,11,30,974,97411,RN2/091,-20.88575,55.4748,Plein jour,En agglomération,Hors intersection,Normale,Sans collision,2,1,3,0,1,1,1,6,3,70,1,1,0,0,0,1,75.0,,voiture,,1,2,1,1,7
202200019064,2022-12-20 18:15:00,2022,12,20,18,15,75,75111,AVENUE PARMENTIER,48.861643,2.377328,Nuit avec éclairage allumé,En agglomération,Intersection en X,Pluie légère,Deux véhicules - côté,4,2,2,0,1,1,2,0,1,30,2,3,2,0,0,1,38.0,44.0,voiture,deux_roues,5,2,2,2,3
202200019065,2022-04-27 19:40:00,2022,4,27,19,40,82,82121,NORD ( route du ),44.06168,1.4111,Plein jour,En agglomération,Hors intersection,Normale,Autre collision,3,2,2,0,1,1,1,0,1,50,1,2,1,0,1,0,41.0,,voiture,,1,2,1,1,6
202200019066,2022-03-11 12:13:00,2022,3,11,12,13,973,97302,BADUEL (ROUTE DE),4.9431614001,-52.3066189885,Plein jour,En agglomération,Hors intersection,Normale,Autre collision,3,2,2,0,1,1,1,0,1,50,1,2,1,0,0,1,52.0,,voiture,,1,2,1,1,6
202200019067,2022-12-20 16:10:00,2022,12,20,16,10,75,75111,BOULEVARD VOLTAIRE,48.860235,2.37603,Plein jour,En agglomération,Hors intersection,Pluie légère,Autre collision,4,2,2,0,1,1,2,0,1,30,1,2,1,0,0,1,34.0,,deux_roues,,1,2,1,2,6
202200019068,2022-12-18 17:50:00,2022,12,18,17,50,75,75110,RUE LA FAYETTE,48.880616,2.362024,Nuit avec éclairage allumé,En agglomération,Intersection en X,Pluie légère,Autre collision,4,2,4,0,2,1,2,0,1,30,1,2,1,0,0,1,18.0,,deux_roues,,5,2,2,2,6
202200019069,2022-03-11 20:00:00,2022,3,11,20,0,972,97209,CLUNY (ROUTE DE),14.61466,-61.08203,Nuit avec éclairage non allumé,Hors agglomération,Hors intersection,Normale,Deux véhicules - côté,3,2,2,0,2,1,1,0,1,30,2,2,1,0,1,0,22.0,73.0,deux_roues,utilitaire_camion,4,1,1,1,3
202200019070,2022-12-18 02:50:00,2022,12,18,2,50,75,75110,AVENUE PARMENTIER,48.870005,2.371051,Nuit avec éclairage allumé,En agglomération,Intersection en X,Normale,Deux véhicules - côté,4,2,2,0,1,1,1,0,1,30,2,3,2,0,0,1,24.0,,deux_roues,voiture,5,2,2,1,3
202200019071,2022-03-11 15:00:00,2022,3,11,15,0,69,69286,Route de Strasbourg,45.82272,4.90201,Plein jour,En agglomération,Giratoire,Normale,Deux véhicules - côté,7,2,2,0,1,2,1,0,1,50,2,2,1,0,0,1,18.0,32.0,deux_roues,utilitaire_camion,1,2,6,1,3
202200019072,2022-05-26 03:00:00,2022,5,26,3,0,49,49244,Le Pressoir (st Laurent-du-Mottay),47.366865,-0.952458,Nuit sans éclairage public,Hors agglomération,Hors intersection,Normale,Autre collision,3,2,2,0,1,3,1,0,1,80,1,1,0,0,1,0,26.0,,voiture,,3,1,1,1,6
202200019073,2022-11-05 02:35:00,2022,11,5,2,35,75,75110,BOULEVARD DE MAGENTA,48.871901,2.36011,Nuit avec éclairage allumé,En agglomération,Hors intersection,Normale,Deux véhicules - côté,4,2,6,1,2,2,1,0,5,30,2,2,1,0,0,1,37.0,26.0,deux_roues,deux_roues,5,2,1,1,3
202200019074,2022-03-11 08:30:00,2022,3,11,8,30,69,69382,Quai Maréchal Joffre,45.75265,4.8246,Plein jour,En agglomération,Intersection en T,Normale,Deux véhicules - côté,4,1,2,3,1,1,1,0,1,50,2,2,0,1,1,0,43.0,63.0,deux_roues,deux_roues,1,2,3,1,3
202200019075,2022-05-16 17:35:00,2022,5,16,17,35,35,35195,Chemin des Pécheurs,48.3059610293,-1.6759776324,Plein jour,En agglomération,Intersection en T,Normale,Deux véhicules - côté,4,2,2,0,1,1,1,0,3,50,2,2,1,0,0,1,39.0,13.0,voiture,deux_roues,1,2,3,1,3
202200019076,2022-12-21 10:15:00,2022,12,21,10,15,75,75109,BOULEVARD HAUSSMANN,48.8732237901,2.3311437092,Plein jour,En agglomération,Place,Temps couvert,Autre collision,4,1,4,0,1,1,2,0,1,30,1,2,1,0,0,1,43.0,,deux_roues,,1,2,7,8,6
202200019077,2022-03-11 08:35:00,2022,3,11,8,35,2B,2B033,AV DE LA LIBERATION,42.68577,9.44542,Plein jour,En agglomération,Giratoire,Normale,Deux véhicules - côté,4,3,2,0,1,1,1,9,1,50,2,2,0,0,0,2,44.0,29.0,deux_roues,voiture,1,2,6,1,3
202200019078,2022-12-21 07:20:00,2022,12,21,7,20,75,75109,RUE VICTOR MASSE,48.880405,2.34045,Nuit avec éclairage allumé,En agglomération,Intersection à plus de 4 branches,Temps couvert,Deux véhicules - côté,4,1,1,0,1,1,2,0,1,30,2,2,1,0,0,1,69.0,57.0,deux_roues,utilitaire_camion,5,2,5,8,3