accident_id,datetime,annee,mois,jour,heure,minute,departement,commune_insee,adresse,latitude,longitude,luminosite,agglomeration,intersection,meteo,collision,catr,circ,nbv,vosp,prof,plan,surf,infra,situ,vma,nb_vehicules,nb_usagers,nb_indemnes,nb_tues,nb_blesses_hosp,nb_blesses_legers,age_cond_1,age_cond_2,veh_type_cond_1,veh_type_cond_2,lum_code,agg_code,int_code,atm_code,col_code
202200019170,2022-03-09 19:20:00,2022,3,9,19,20,31,31555,AV DE LA MARCAISSONNE,43.57595,1.50772,Nuit avec éclairage allumé,En agglomération,Hors intersection,Normale,Trois véhicules et plus - collisions multiples,7,2,2,0,2,1,1,0,1,50,3,3,2,1,0,0,43.0,61.0,deux_roues,voiture,5,2,1,1,5
202200019171,2022-12-20 17:24:00,2022,12,20,17,24,92,92040,VERDUN (AVENUE DE) DU 116 AU 150,48.82038,2.2586,Nuit avec éclairage allumé,En agglomération,Hors intersection,Pluie légère,Autre collision,3,2,2,0,1,1,2,0,1,30,1,2,1,0,0,1,82.0,,voiture,,5,2,1,2,6
202200019172,2022-03-10 08:10:00,2022,3,10,8,10,29,29232,D34 - Route de Benodet,47.97427,-4.0911,Plein jour,En agglomération,Intersection en T,Brouillard / fumée,Deux véhicules - arrière,3,2,2,0,3,1,1,5,1,50,2,2,1,0,0,1,55.0,55.0,voiture,deux_roues,1,2,3,5,2
202200019173,2022-12-18 19:35:00,2022,12,18,19,35,92,92035,Général de Gaulle  ( avenue du ),48.9123806916,2.2539101243,Nuit avec éclairage allumé,En agglomération,Autre intersection,Pluie forte,Sans collision,3,2,0,0,1,1,2,0,1,50,2,3,1,0,0,2,56.0,41.0,deux_roues,voiture,5,2,9,3,7
202200019174,2022-03-10 08:50:00,2022,3,10,8,50,29,29039,Rue de Trégunc,47.863265397,-3.8958361745,Plein jour,En agglomération,Hors intersection,Temps éblouissant,Deux véhicules - côté,4,2,2,0,1,1,2,9,1,50,2,2,0,0,0,2,85.0,25.0,voiture,voiture,1,2,1,7,3
202200019175,2022-12-20 23:50:00,2022,12,20,23,50,92,92026,LOUIS ULBACH (DE 16 A FIN),48.9016583071,2.2641937136,Nuit avec éclairage allumé,En agglomération,Intersection en X,Normale,Autre collision,4,2,2,0,1,1,2,0,1,50,1,2,1,0,0,1,64.0,,voiture,,5,2,2,1,6
202200019176,2022-03-11 08:50:00,2022,3,11,8,50,27,27554,COTES (RUE DES),49.10199,1.43328,Plein jour,Hors agglomération,Hors intersection,Normale,Deux véhicules - frontale,3,2,2,0,2,3,1,0,1,80,2,2,1,0,0,1,30.0,43.0,voiture,voiture,1,1,1,1,1
202200019177,2022-12-18 18:15:00,2022,12,18,18,15,92,92025,PAUL BERT (RUE),48.93099,2.24453,Nuit avec éclairage allumé,En agglomération,Intersection en X,Pluie légère,Deux véhicules - arrière,3,2,2,0,1,1,2,0,1,30,2,2,1,0,0,1,45.0,27.0,deux_roues,voiture,5,2,2,2,2
202200019178,2022-12-19 20:00:00,2022,12,19,20,0,92,92024,CLICHY (QUAI DE) DE (8 A 60),48.904817,2.29258,Nuit avec éclairage allumé,En agglomération,Hors intersection,Normale,Deux véhicules - côté,3,1,3,1,1,1,1,0,1,50,2,2,1,0,0,1,40.0,50.0,deux_roues,voiture,5,2,1,1,3
202200019179,2022-12-20 20:35:00,2022,12,20,20,35,92,92060,LA BOURSIDIERE,48.7735505017,2.2408434748,Nuit sans éclairage public,Hors agglomération,Hors intersection,Pluie légère,Deux véhicules - côté,4,1,2,0,1,2,2,0,1,50,2,2,1,0,0,1,55.0,37.0,voiture,deux_roues,3,1,1,2,3
202200019180,2022-03-11 14:10:00,2022,3,11,14,10,27,27229,SAINT LEGER (RUE DU FAUBOURG),49.03286,1.15569,Plein jour,En agglomération,Intersection en X,Pluie légère,Deux véhicules - frontale,3,1,1,0,1,2,2,0,1,50,2,2,1,0,0,1,24.0,,deux_roues,voiture,1,2,2,2,1
202200019181,2022-12-20 17:48:00,2022,12,20,17,48,92,92023,GENERAL DE GAULLE (AV DU) N°440 A 544 ET,48.77993,2.23796,Nuit avec éclairage allumé,En agglomération,Hors intersection,Pluie légère,Deux véhicules - côté,3,2,0,1,1,1,2,0,5,15,2,2,1,0,1,0,33.0,26.0,voiture,deux_roues,5,2,1,2,3
202200019182,2022-03-11 07:20:00,2022,3,11,7,20,26,26198,ESPOULETTE (Avenue d'),44.55567,4.75727,Plein jour,En agglomération,Intersection en T,Normale,Deux véhicules - côté,3,2,2,0,1,1,2,0,1,50,2,2,1,0,0,1,43.0,29.0,deux_roues,utilitaire_camion,1,2,3,1,3
202200019183,2022-12-20 05:55:00,2022,12,20,5,55,92,92023,GENERAL DE GAULLE (AV DU) N°130 A 340 ET,48.78625,2.25357,Nuit avec éclairage allumé,En agglomération,Hors intersection,Normale,Deux véhicules - frontale,3,3,2,0,1,1,1,2,1,50,2,2,1,0,0,1,,39.0,voiture,deux_roues,5,2,1,1,1
202200019184,2022-12-19 13:55:00,2022,12,19,13,55,92,92012,JEAN BAPTISTE CLEMENT (AVENUE) 49/FIN -,48.845,2.235,Plein jour,En agglomération,Hors intersection,Temps couvert,Trois véhicules et plus - collisions multiples,3,2,2,0,1,1,1,0,1,50,3,3,2,0,0,1,,36.0,voiture,voiture,1,2,1,8,5
202200019185,2022-12-17 20:29:00,2022,12,17,20,29,92,92014,BIEVRE (RUE DE LA),48.7799441259,2.3247054219,Nuit avec éclairage allumé,En agglomération,Autre intersection,Normale,Autre collision,3,2,2,2,1,1,9,5,8,50,1,2,1,0,0,1,,,deux_roues,,5,2,9,1,6
202200019186,2022-12-19 14:45:00,2022,12,19,14,45,57,57607,D67,49.166479,6.300112,Plein jour,En agglomération,Intersection en T,Temps couvert,Deux véhicules - côté,3,2,2,0,2,1,2,0,1,80,2,2,1,1,0,0,63.0,70.0,voiture,voiture,1,2,3,8,3
202200019187,2022-03-10 13:40:00,2022,3,10,13,40,21,21617,TROYES (DE) (BOULEVARD),47.3364707747,5.0128349784,Plein jour,En agglomération,Hors intersection,Normale,Trois véhicules et plus - en chaîne,4,2,2,0,1,1,1,0,1,50,3,5,4,0,1,0,57.0,26.0,voiture,deux_roues,1,2,1,1,4
202200019188,2022-12-21 00:40:00,2022,12,21,0,40,37,37232,138 Rue Dorothée de Dino,47.2825407174,0.2911055088,Nuit sans éclairage public,En agglomération,Hors intersection,Pluie légère,Autre collision,3,2,2,0,1,1,2,0,4,50,1,4,0,0,0,4,24.0,,voiture,,3,2,1,2,6
202200019189,2022-03-11 12:10:00,2022,3,11,12,10,17,17300,DOMPIERRE   RUE DE,46.16384,-1.13791,Plein jour,En agglomération,Hors intersection,Temps couvert,Autre collision,4,2,2,0,1,1,1,0,8,30,1,2,1,1,0,0,66.0,,voiture,,1,2,1,8,6
202200019190,2022-12-19 08:30:00,2022,12,19,8,30,51,51352,National 4,48.718376,4.632325,Plein jour,Hors agglomération,Hors intersection,Normale,Deux véhicules - frontale,2,2,2,0,1,1,1,0,1,90,2,2,0,0,1,1,49.0,18.0,utilitaire_camion,utilitaire_camion,1,1,1,1,1
202200019191,2022-12-18 21:30:00,2022,12,18,21,30,01,01054,Chemin de la Piotiere,45.8771684922,5.1611548662,Nuit sans éclairage public,Hors agglomération,Intersection en X,Normale,Deux véhicules - côté,3,2,2,0,1,1,1,0,1,80,2,2,0,0,1,1,36.0,49.0,voiture,voiture,3,1,2,1,3
202200019192,2022-03-11 20:40:00,2022,3,11,20,40,15,15014,Avenue Georges Pompidou,44.912778,2.441852,Nuit avec éclairage allumé,En agglomération,Intersection en X,Pluie légère,Deux véhicules - côté,2,2,4,0,1,1,2,0,1,50,2,3,1,0,0,2,42.0,26.0,voiture,voiture,5,2,2,2,3
202200019193,2022-12-19 17:14:00,2022,12,19,17,14,38,38131,D131,45.457542,4.842267,Crépuscule ou aube,En agglomération,Intersection en Y,Normale,Deux véhicules - côté,3,4,2,0,2,2,1,0,1,70,2,2,0,0,0,2,88.0,58.0,voiture,voiture,2,2,4,1,3
202200019194,2022-03-11 19:10:00,2022,3,11,19,10,14,14118,Rue Arago,49.164131,-0.360018,Crépuscule ou aube,En agglomération,Intersection en T,Normale,Deux véhicules - côté,4,2,2,0,1,1,1,0,1,30,2,3,1,0,1,1,24.0,24.0,voiture,deux_roues,2,2,3,1,3
202200019195,2022-12-22 07:00:00,2022,12,22,7,0,66,66190,A9 pk238+700 sens France / Espagne,42.833241,2.909821,Nuit sans éclairage public,Hors agglomération,Hors intersection,Normale,Deux véhicules - arrière,1,1,5,0,1,1,1,0,1,130,2,3,1,0,0,2,58.0,25.0,utilitaire_camion,voiture,3,1,1,1,2
202200019196,2022-12-18 03:55:00,2022,12,18,3,55,17,17387,Rue du Midi,45.815509,-0.782143,Nuit avec éclairage non allumé,En agglomération,Hors intersection,Normale,Sans collision,3,2,2,0,1,3,1,0,4,50,1,3,1,0,2,0,21.0,,voiture,,4,2,1,1,7
202200019197,2022-03-11 17:30:00,2022,3,11,17,30,14,14118,Boulevard André Detolle,49.17746,-0.38921,Plein jour,En agglomération,Giratoire,Pluie légère,Deux véhicules - arrière,4,3,4,0,1,3,2,5,1,50,2,3,2,0,0,1,20.0,48.0,voiture,voiture,1,2,6,2,2
202200019198,2022-12-21 17:30:00,2022,12,21,17,30,67,67322,D14,48.830482,7.404954,Nuit sans éclairage public,Hors agglomération,Hors intersection,Pluie forte,Autre collision,3,2,2,0,1,1,2,0,3,80,1,1,0,1,0,0,23.0,,voiture,,3,1,1,3,6
202200019199,2022-03-11 20:00:00,2022,3,11,20,0,13,13209,MARÉCHAL DE LATTRE (AVENUE),43.2461487954,5.4173480819,Nuit avec éclairage allumé,En agglomération,Hors intersection,Normale,Deux véhicules - frontale,4,2,2,0,1,1,1,0,8,50,1,1,0,0,0,1,71.0,,deux_roues,,5,2,1,1,1
202200019200,2022-12-21 17:45:00,2022,12,21,17,45,06,06149,19 Boulevard Francois Suarez,43.743096,7.316288,Nuit sans éclairage public,En agglomération,Hors intersection,Normale,Autre collision,4,2,2,0,2,1,2,0,1,50,1,2,1,0,1,0,29.0,,voiture,,3,2,1,1,6
202200019201,2022-03-11 16:49:00,2022,3,11,16,49,13,13201,BAIGNOIR (RUE DU),43.29838,5.37759,Plein jour,En agglomération,Autre intersection,Normale,Autre collision,4,1,1,0,4,1,1,0,6,50,1,2,1,0,1,0,,,deux_roues,,1,2,9,1,6
202200019202,2022-12-14 17:30:00,2022,12,14,17,30,22,22182,Lieu Dit Kerlehee,48.543883668,-2.9595292211,Nuit sans éclairage public,Hors agglomération,Hors intersection,Normale,,4,2,2,0,1,1,1,0,8,80,1,1,0,0,1,0,44.0,,voiture,,3,1,1,1,-1
202200019203,2022-12-09 10:48:00,2022,12,9,10,48,43,43080,Place de la Poste,45.332754,3.845074,Plein jour,En agglomération,Hors intersection,Pluie légère,Autre collision,6,-1, -1,0,1,1,2,9,8,10,1,2,1,0,1,0,63.0,,voiture,,1,2,1,2,6
202200019204,2022-03-10 18:42:00,2022,3,10,18,42,13,13206,GOUFFE (COURS),43.28685,5.3898,Crépuscule ou aube,En agglomération,Autre intersection,Normale,Deux véhicules - côté,4,2,1,0,1,1,1,0,1,50,2,2,1,0,0,1,,36.0,voiture,deux_roues,2,2,9,1,3
202200019205,2022-12-21 03:40:00,2022,12,21,3,40,40,40004,D33,43.660044,-1.376413,Nuit sans éclairage public,Hors agglomération,Hors intersection,Pluie légère,Sans collision,3,2,2,0,2,1,2,0,1,80,1,2,1,0,1,0,21.0,,deux_roues,,3,1,1,2,7
202200019206,2022-03-11 14:00:00,2022,3,11,14,0,10,10387,GENERAL SARRAIL (RUE DU),48.3113433103,4.0530967712,Plein jour,En agglomération,Hors intersection,Normale,Autre collision,4,2,2,0,2,1,1,0,1,50,1,1,0,0,0,1,58.0,,voiture,,1,2,1,1,6
202200019207,2022-12-18 22:00:00,2022,12,18,22,0,77,77128,"Autoroute A4 direction province, pk 38.000",48.872139,2.863998,Nuit sans éclairage public,Hors agglomération,Autre intersection,Pluie légère,Autre collision,1,1,4,0,2,1,2,0,1,130,2,3,2,0,1,0,27.0,73.0,voiture,voiture,3,1,9,2,6
202200019208,2022-03-10 17:21:00,2022,3,10,17,21,10,10387,MARECHAL DE LATTRE DE TASSIGNY (RUE DU),48.304,4.09629,Plein jour,En agglomération,Hors intersection,Normale,Autre collision,4,2,2,0,1,1,1,0,1,50,1,2,1,0,0,1,25.0,,voiture,,1,2,1,1,6
202200019209,2022-12-22 09:30:00,2022,12,22,9,30,71,71195,autoroute a6 PK 360.600,46.50927,4.909075,Plein jour,Hors agglomération,Hors intersection,Pluie légère,Autre collision,1,3,5,0,1,1,2,0,1,130,1,4,3,0,1,0,59.0,,voiture,,1,1,1,2,6
202200019210,2022-03-11 05:07:00,2022,3,11,5,7,06,06088,ANGLAIS (DU N° 1 AU N° 43),43.69415,7.25763,Nuit avec éclairage allumé,En agglomération,Intersection en T,Normale,Deux véhicules - côté,4,3,6,0,1,1,1,0,1,50,2,2,1,0,0,1,35.0,55.0,deux_roues,utilitaire_camion,5,2,3,1,3
202200019211,2022-12-19 17:16:00,2022,12,19,17,16,68,68026,Rue du Général de Gaulle,48.142863,7.324769,Nuit avec éclairage allumé,En agglomération,Intersection en X,Normale,Deux véhicules - côté,3,2,2,0,1,1,2,5,8,50,2,3,2,0,1,0,16.0,39.0,deux_roues,voiture,5,2,2,1,3
202200019212,2022-09-05 10:00:00,2022,9,5,10,0,75,75114,BD PERIPHERIQUE INTERIEUR,48.824101,2.307761,Plein jour,En agglomération,Hors intersection,Normale,Deux véhicules - arrière,4,1,3,0,1,1,1,1,1,70,2,2,1,0,0,1,58.0,41.0,deux_roues,voiture,1,2,1,1,2
202200019213,2022-12-21 22:00:00,2022,12,21,22,0,68,68007,RD415,48.054756,7.445624,Nuit sans éclairage public,Hors agglomération,Hors intersection,Normale,Sans collision,3,2,2,0,1,1,1,0,8,80,1,2,0,0,2,0,55.0,,voiture,,3,1,1,1,7
202200019214,2022-12-17 14:30:00,2022,12,17,14,30,974,97422,Rue Charles Baudelaire,-21.254992,55.500156,Plein jour,En agglomération,Hors intersection,Normale,Sans collision,3,2,2,0,1,2,1,0,3,50,1,1,0,0,0,1,56.0,,voiture,,1,2,1,1,7
202200019215,2022-09-05 08:50:00,2022,9,5,8,50,75,75116,BD PERIPHERIQUE INTERIEUR,48.839637,2.254165,Plein jour,En agglomération,Hors intersection,Normale,Deux véhicules - côté,4,1,4,0,1,1,1,0,1,70,2,2,1,0,0,1,,46.0,autre,deux_roues,1,2,1,1,3
202200019216,2022-03-11 08:30:00,2022,3,11,8,30,06,06027,VERDUN AVENUE DE,43.671534,7.143712,Plein jour,En agglomération,Intersection en T,Normale,Trois véhicules et plus - collisions multiples,7,2,2,0,2,1,1,0,1,50,3,3,0,0,0,3,65.0,32.0,voiture,voiture,1,2,3,1,5
202200019217,2022-12-19 11:00:00,2022,12,19,11,0,972,97229,Route Nationale 2 - Fond Bernier,14.629135,-61.116048,Plein jour,Hors agglomération,Hors intersection,Normale,Deux véhicules - côté,2,2,2,0,2,1,1,0,1,50,2,4,2,0,1,1,60.0,64.0,voiture,voiture,1,1,1,1,3
202200019218,2022-09-04 19:30:00,2022,9,4,19,30,75,75115,BD PERIPHERIQUE INTERIEUR,48.827343,2.293198,Plein jour,En agglomération,Hors intersection,Normale,Deux véhicules - côté,4,1,3,0,1,3,1,0,1,70,2,2,1,0,0,1,21.0,40.0,voiture,deux_roues,1,2,1,1,3
202200019219,2022-03-10 12:55:00,2022,3,10,12,55,75,75113,BD PERIPHERIQUE EXTERIEUR,48.826081,2.387937,Plein jour,En agglomération,Hors intersection,Normale,Deux véhicules - arrière,4,1,5,0,1,1,1,0,1,70,2,2,1,0,0,1,43.0,44.0,deux_roues,voiture,1,2,1,1,2
202200019220,2022-12-18 21:25:00,2022,12,18,21,25,23,23004,Montbut,46.2570831946,1.864027977,Nuit sans éclairage public,Hors agglomération,Hors intersection,Normale,Autre collision,3,2,2,0,1,3,1,0,3,70,1,2,1,0,1,0,29.0,,voiture,,3,1,1,1,6
202200019221,2022-03-10 04:50:00,2022,3,10,4,50,75,75113,BD PERIPHERIQUE INTERIEUR,48.817367,2.366118,Nuit avec éclairage allumé,En agglomération,Intersection en Y,Normale,Autre collision,4,1,4,0,1,1,1,0,1,70,1,1,0,0,0,1,26.0,,deux_roues,,5,2,4,1,6
202200019222,2022-12-18 00:15:00,2022,12,18,0,15,62,62520,D945,50.570891,2.649014,Nuit avec éclairage non allumé,Hors agglomération,Giratoire,Normale,Sans collision,3,2,2,0,1,1,1,5,1,80,1,1,0,1,0,0,21.0,,voiture,,4,1,6,1,7
202200019223,2022-09-04 18:00:00,2022,9,4,18,0,75,75117,BD PERIPHERIQUE EXTERIEUR,48.888686,2.293394,Plein jour,En agglomération,Hors intersection,Normale,Trois véhicules et plus - collisions multiples,4,1,4,0,1,1,1,1,1,70,4,4,3,0,0,1,59.0,53.0,voiture,voiture,1,2,1,1,5
202200019224,2022-03-09 08:55:00,2022,3,9,8,55,75,75113,BD PERIPHERIQUE INTERIEUR,48.816347,2.363837,Plein jour,En agglomération,Hors intersection,Normale,Deux véhicules - côté,4,1,3,0,1,1,1,0,1,70,2,2,1,0,0,1,28.0,59.0,deux_roues,voiture,1,2,1,1,3
202200019225,2022-12-20 11:30:00,2022,12,20,11,30,22,22339,RN176,48.505175,-2.039251,Plein jour,Hors agglomération,Hors intersection,Pluie forte,Deux véhicules - arrière,2,3,4,0,2,1,2,0,1,110,2,2,1,1,0,0,34.0,86.0,utilitaire_camion,voiture,1,1,1,3,2
202200019226,2022-09-06 12:51:00,2022,9,6,12,51,75,75112,RUE RIESENER,48.843047,2.389294,Plein jour,En agglomération,Hors intersection,Normale,Autre collision,4,2,2,0,1,1,1,0,1,30,1,2,1,0,0,1,29.0,,utilitaire_camion,,1,2,1,1,6
202200019227,2022-03-10 10:00:00,2022,3,10,10,0,75,75114,BOULEVARD JOURDAN,48.820225,2.338698,Plein jour,En agglomération,Hors intersection,Normale,Autre collision,4,2,2,0,2,1,1,0,1,50,1,2,1,0,0,1,26.0,,deux_roues,,1,2,1,1,6
202200019228,2022-12-16 12:20:00,2022,12,16,12,20,22,22388,RN176,48.4373195665,-2.1433450122,Plein jour,Hors agglomération,Autre intersection,Normale,,2,3,4,0,2,1,1,3,3,110,1,1,0,0,0,1,55.0,,voiture,,1,1,9,1,-1
202200019229,2022-03-11 17:00:00,2022,3,11,17,0,75,75105,RUE DU CARDINAL LEMOINE,48.84661,2.351639,Plein jour,En agglomération,Intersection en X,Pluie forte,Autre collision,4,2,2,0,2,1,2,0,1,30,1,2,1,0,0,1,78.0,,voiture,,1,2,2,3,6
202200019230,2022-09-05 22:45:00,2022,9,5,22,45,75,75120,RUE DE BELLEVILLE,48.875463,2.397925,Nuit avec éclairage allumé,En agglomération,Intersection en X,Normale,Deux véhicules - côté,4,2,2,0,1,1,2,0,1,30,2,2,1,0,1,0,25.0,23.0,deux_roues,voiture,5,2,2,1,3
202200019231,2022-10-13 14:20:00,2022,10,13,14,20,68,68043,D44,47.854898,7.246985,Plein jour,Hors agglomération,Hors intersection,Normale,Sans collision,3,2,2,0,1,3,1,0,3,80,1,1,0,0,0,1,78.0,,voiture,,1,1,1,1,7
202200019232,2022-09-05 23:20:00,2022,9,5,23,20,75,75119,RUE MANIN,48.882991,2.385567,Nuit avec éclairage allumé,En agglomération,Intersection en X,Temps couvert,Deux véhicules - côté,4,2,2,2,2,1,2,0,1,30,2,2,1,0,0,1,21.0,42.0,deux_roues,voiture,5,2,2,8,3
202200019233,2022-03-10 17:20:00,2022,3,10,17,20,75,75105,RUE DES ECOLES,48.847685,2.352008,Plein jour,En agglomération,Intersection en T,Normale,Deux véhicules - côté,4,1,1,0,1,1,1,0,1,30,2,2,1,0,0,1,30.0,26.0,deux_roues,voiture,1,2,3,1,3
202200019234,2022-12-22 14:10:00,2022,12,22,14,10,83,83070,Boulevard de Lattre de Tassigny,43.137327,6.368107,Plein jour,En agglomération,Hors intersection,Normale,Autre collision,4,2,2,0,1,1,1,0,1,50,1,1,0,0,0,1,61.0,,deux_roues,,1,2,1,1,6
202200019235,2022-12-21 11:25:00,2022,12,21,11,25,44,44091,Route de Nozay,47.59063,-1.670308,Plein jour,Hors agglomération,Hors intersection,Pluie forte,Autre collision,3,2,2,0,2,1,2,0,3,80,1,1,0,0,0,1,21.0,,utilitaire_camion,,1,1,1,3,6
202200019236,2022-09-06 12:25:00,2022,9,6,12,25,75,75118,BOULEVARD NEY,48.897929,2.339312,Plein jour,En agglomération,Intersection en T,Normale,Autre collision,4,3,3,0,1,1,1,0,1,30,1,2,1,0,0,1,56.0,,utilitaire_camion,,1,2,3,1,6
202200019237,2022-03-11 15:50:00,2022,3,11,15,50,75,75119,PLACE AUGUSTE BARON,48.900858,2.38889,Plein jour,En agglomération,Place,Pluie légère,Deux véhicules - côté,4,1,2,0,1,3,2,0,1,30,2,2,1,0,0,1,23.0,65.0,deux_roues,voiture,1,2,7,2,3
202200019238,2022-12-15 14:10:00,2022,12,15,14,10,34,34114,A750,43.638375,3.579726,Plein jour,Hors agglomération,Hors intersection,Normale,Autre collision,1,1,4,0,1,2,2,0,1,110,1,1,0,0,0,1,20.0,,voiture,,1,1,1,1,6
202200019239,2022-12-18 13:00:00,2022,12,18,13,0,40,40246,Route de Carrot,44.138575,-0.745305,Plein jour,Hors agglomération,Hors intersection,Normale,Autre collision,9,2,0,0,1,1,1,0,3,80,1,1,0,0,1,0,22.0,,deux_roues,,1,1,1,1,6
202200019240,2022-09-05 17:00:00,2022,9,5,17,0,75,75116,BD PERIPHERIQUE INTERIEUR,48.867004,2.26912,Plein jour,En agglomération,Hors intersection,Normale,Deux véhicules - côté,4,-1,4,0,1,1,1,0,1,70,2,3,2,0,0,1,61.0,28.0,voiture,deux_roues,1,2,1,1,3
202200019241,2022-03-11 13:20:00,2022,3,11,13,20,75,75116,ALLEE DU BORD DE L EAU,48.863622,2.230045,Plein jour,En agglomération,Hors intersection,Temps couvert,Deux véhicules - côté,4,2,0,0,1,1,1,0,1,30,2,2,1,0,0,1,28.0,63.0,voiture,deux_roues,1,2,1,8,3
202200019242,2022-12-21 17:25:00,2022,12,21,17,25,30,30034,,43.75112,4.519908,Crépuscule ou aube,Hors agglomération,Giratoire,Normale,Deux véhicules - côté,3,2,2,0,1,1,1,0,1,80,2,4,2,0,1,1,82.0,17.0,voiture,deux_roues,2,1,6,1,3
202200019243,2022-09-05 14:30:00,2022,9,5,14,30,75,75116,BOULEVARD EXELMANS,48.845334,2.258679,Plein jour,En agglomération,Intersection en X,Normale,Deux véhicules - côté,4,3,2,0,1,1,1,0,1,30,2,2,1,0,0,1,29.0,26.0,deux_roues,voiture,1,2,2,1,3
202200019244,2022-03-11 16:55:00,2022,3,11,16,55,75,75115,QUAI BRANLY,48.855121,2.289457,Plein jour,En agglomération,Intersection en T,Pluie légère,Deux véhicules - arrière,4,1,1,0,1,3,2,5,1,30,2,2,1,0,0,1,74.0,27.0,voiture,voiture,1,2,3,2,2
202200019245,2022-12-10 19:40:00,2022,12,10,19,40,57,57625,Route de Chambrey,48.789266,6.490452,Nuit sans éclairage public,Hors agglomération,Hors intersection,Normale,Sans collision,3,2,2,0,1,2,2,0,1,80,1,1,0,0,0,1,26.0,,utilitaire_camion,,3,1,1,1,7
202200019246,2022-09-06 09:05:00,2022,9,6,9,5,75,75114,BOULEVARD EDGAR QUINET,48.839455,2.330515,Plein jour,En agglomération,Intersection en Y,Normale,Deux véhicules - côté,4,3,2,3,1,1,1,-1,6,30,2,2,1,0,0,1,24.0,46.0,utilitaire_camion,deux_roues,1,2,4,1,3
202200019247,2022-03-11 17:10:00,2022,3,11,17,10,75,75115,RUE DUTOT,48.838237,2.308343,Plein jour,En agglomération,Intersection en X,Pluie légère,Deux véhicules - arrière,4,-1,1,0,1,1,2,0,1,30,2,2,1,0,0,1,35.0,23.0,deux_roues,voiture,1,2,2,2,2
202200019248,2022-12-19 13:30:00,2022,12,19,13,30,57,57106,Rue de la Petite Suisse,49.290573,6.537622,Plein jour,En agglomération,Hors intersection,Normale,Sans collision,4,2,2,0,2,1,1,0,1,50,2,2,1,0,1,0,38.0,57.0,deux_roues,voiture,1,2,1,1,7
202200019249,2022-12-20 19:40:00,2022,12,20,19,40,51,51571,D944,49.158387,4.203429,Nuit sans éclairage public,Hors agglomération,Hors intersection,Pluie légère,Deux véhicules - frontale,3,2,2,0,1,1,2,0,1,90,2,2,0,1,0,1,38.0,44.0,voiture,utilitaire_camion,3,1,1,2,1
202200019250,2022-12-19 15:50:00,2022,12,19,15,50,51,51162,Route de Romilly,48.5339041147,3.702762723,Plein jour,Hors agglomération,Hors intersection,Temps couvert,Sans collision,3,2,2,0,1,1,2,2,3,90,1,1,0,1,0,0,70.0,,voiture,,1,1,1,8,7
202200019251,2022-12-18 23:05:00,2022,12,18,23,5,51,51231,D3,48.9723392212,4.4424569607,Nuit sans éclairage public,Hors agglomération,Hors intersection,Pluie légère,Sans collision,3,2,2,0,1,1,2,0,3,90,1,1,0,1,0,0,67.0,,utilitaire_camion,,3,1,1,2,7
202200019252,2022-12-20 10:05:00,2022,12,20,10,5,56,56054,Pont Quenno,47.652272,-3.183385,Plein jour,Hors agglomération,Hors intersection,Pluie légère,Deux véhicules - frontale,3,2,2,0,1,1,2,0,1,80,2,3,0,1,2,0,70.0,88.0,voiture,voiture,1,1,1,2,1
202200019253,2022-09-06 09:17:00,2022,9,6,9,17,75,75113,BOULEVARD VINCENT AURIOL,48.835469,2.369291,Plein jour,En agglomération,Intersection en T,Normale,Deux véhicules - côté,4,3,2,0,1,1,1,0,1,30,2,2,1,0,0,1,55.0,40.0,voiture,deux_roues,1,2,3,1,3
202200019254,2022-12-21 16:19:00,2022,12,21,16,19,59,59546,D37,50.78248,2.564449,Crépuscule ou aube,Hors agglomération,Intersection en X,Pluie légère,Trois véhicules et plus - en chaîne,3,2,2,0,1,1,2,0,1,80,3,4,3,0,0,1,18.0,46.0,voiture,voiture,2,1,2,2,4
202200019255,2022-12-21 10:15:00,2022,12,21,10,15,76,76233,D49,49.791183,1.747127,Plein jour,Hors agglomération,Hors intersection,Normale,Deux véhicules - frontale,3,2,2,0,2,1,2,0,1,80,2,2,1,1,0,0,22.0,78.0,utilitaire_camion,voiture,1,1,1,1,1
202200019256,2022-03-11 15:40:00,2022,3,11,15,40,75,75115,PLACE BALARD,48.836815,2.278742,Plein jour,En agglomération,Place,Pluie légère,Deux véhicules - côté,4,2,2,0,1,2,2,0,1,30,2,3,2,0,0,1,25.0,18.0,voiture,deux_roues,1,2,7,2,3
202200019257,2022-12-19 19:15:00,2022,12,19,19,15,79,79277,,47.091908,-0.171061,Nuit sans éclairage public,Hors agglomération,Intersection en T,Normale,Deux véhicules - frontale,3,2,2,0,1,1,1,0,1,80,2,3,0,0,0,3,19.0,34.0,voiture,voiture,3,1,3,1,1
202200019258,2022-12-20 19:00:00,2022,12,20,19,0,79,79355,,46.320271,-0.336596,Nuit sans éclairage public,Hors agglomération,Intersection en X,Pluie légère,Deux véhicules - côté,4,2,2,0,1,1,2,0,1,80,2,2,0,0,2,0,36.0,59.0,voiture,voiture,3,1,2,2,3
202200019259,2022-09-06 06:35:00,2022,9,6,6,35,75,75112,AVENUE DU DOCTEUR ARNOLD NETTER,48.845386,2.405898,Nuit avec éclairage allumé,En agglomération,Hors intersection,Normale,Autre collision,4,2,2,0,3,1,1,0,4,30,1,2,1,0,1,0,51.0,,voiture,,5,2,1,1,6