accident_id,datetime,annee,mois,jour,heure,minute,departement,commune_insee,adresse,latitude,longitude,luminosite,agglomeration,intersection,meteo,collision,catr,circ,nbv,vosp,prof,plan,surf,infra,situ,vma,nb_vehicules,nb_usagers,nb_indemnes,nb_tues,nb_blesses_hosp,nb_blesses_legers,age_cond_1,age_cond_2,veh_type_cond_1,veh_type_cond_2,lum_code,agg_code,int_code,atm_code,col_code
202200019260,2022-12-21 17:40:00,2022,12,21,17,40,2B,2B074,RT 20 PK 078.00,42.275094,9.170022,Nuit sans éclairage public,Hors agglomération,Hors intersection,Pluie légère,Deux véhicules - frontale,2,2,2,0,2,1,2,0,1,80,2,3,2,0,1,0,33.0,18.0,voiture,voiture,3,1,1,2,1
202200019261,2022-12-20 09:05:00,2022,12,20,9,5,2B,2B346,ARENA,42.504807,9.463375,Plein jour,En agglomération,Hors intersection,Normale,Deux véhicules - arrière,2,2,2,0,1,1,1,0,1,50,2,2,0,0,0,2,50.0,27.0,voiture,voiture,1,2,1,1,2
202200019262,2022-12-19 20:40:00,2022,12,19,20,40,80,80284,D186,49.723168,3.032337,Nuit sans éclairage public,Hors agglomération,Hors intersection,Temps couvert,Autre collision,3,2,2,0,1,1,1,0,1,80,2,2,1,1,0,0,,47.0,autre,deux_roues,3,1,1,8,6
202200019263,2022-12-20 06:30:00,2022,12,20,6,30,80,80380,D108,50.09026,2.06555,Nuit sans éclairage public,Hors agglomération,Intersection en X,Pluie légère,Deux véhicules - côté,3,2,2,0,1,1,2,0,1,80,2,2,0,1,1,0,74.0,31.0,voiture,voiture,3,1,2,2,3
202200019264,2022-03-11 12:45:00,2022,3,11,12,45,75,75115,RUE DE LA CONVENTION,48.843815,2.281944,Plein jour,En agglomération,Intersection en X,Pluie légère,Deux véhicules - côté,4,2,2,0,1,1,2,0,1,30,2,2,1,0,0,1,47.0,72.0,deux_roues,voiture,1,2,2,2,3
202200019265,2022-09-06 22:50:00,2022,9,6,22,50,75,75111,AVENUE PARMENTIER,48.865271,2.374532,Nuit avec éclairage allumé,En agglomération,Intersection en X,Normale,Deux véhicules - côté,4,2,2,0,1,1,1,0,1,30,2,2,1,0,0,1,32.0,31.0,voiture,deux_roues,5,2,2,1,3
202200019266,2022-12-16 17:00:00,2022,12,16,17,0,33,33394,Lieu Dit Chauvin,44.917224,-0.169473,Crépuscule ou aube,Hors agglomération,Hors intersection,Temps éblouissant,Deux véhicules - côté,4,2,2,0,1,1,1,0,1,80,2,3,2,0,0,1,42.0,37.0,voiture,voiture,2,1,1,7,3
202200019267,2022-03-11 09:45:00,2022,3,11,9,45,75,75115,BOULEVARD DU MONTPARNASSE,48.844699,2.321222,Plein jour,En agglomération,Intersection en T,Normale,Autre collision,4,1,2,0,1,1,1,0,1,30,1,2,1,0,0,1,24.0,,deux_roues,,1,2,3,1,6
202200019268,2022-12-21 12:30:00,2022,12,21,12,30,32,32181,nationale 21 pk 93+600,43.418145,0.241764,Plein jour,Hors agglomération,Hors intersection,Normale,Deux véhicules - frontale,2,2,2,0,4,3,1,0,1,80,2,2,0,0,2,0,77.0,36.0,voiture,voiture,1,1,1,1,1
202200019269,2022-09-06 15:00:00,2022,9,6,15,0,75,75111,AVENUE DE LA REPUBLIQUE,48.865999,2.370725,Plein jour,En agglomération,Intersection en X,Normale,Deux véhicules - côté,4,2,4,0,1,1,1,0,1,30,2,2,1,0,0,1,53.0,26.0,voiture,deux_roues,1,2,2,1,3
202200019270,2022-12-18 20:00:00,2022,12,18,20,0,11,11359,,43.324663,1.74791,Nuit sans éclairage public,Hors agglomération,Hors intersection,Vent fort / tempête,Sans collision,3,2,2,0,2,2,1,0,1,80,1,1,0,0,0,1,30.0,,deux_roues,,3,1,1,6,7
202200019271,2022-09-06 20:15:00,2022,9,6,20,15,75,75110,RUE DU CHATEAU D EAU,48.87262,2.355002,Crépuscule ou aube,En agglomération,Hors intersection,Normale,Deux véhicules - côté,4,2,2,0,1,1,1,0,1,30,2,2,1,0,0,1,45.0,,deux_roues,voiture,2,2,1,1,3
202200019272,2022-09-06 00:40:00,2022,9,6,0,40,75,75109,BOULEVARD HAUSSMANN,48.873422,2.329699,Nuit avec éclairage allumé,En agglomération,Intersection en T,Normale,Autre collision,4,1,3,0,1,1,1,0,1,30,1,1,0,0,0,1,34.0,,deux_roues,,5,2,3,1,6
202200019273,2022-03-10 21:00:00,2022,3,10,21,0,75,75115,BOULEVARD DU MONTPARNASSE,48.844041,2.323383,Nuit avec éclairage allumé,En agglomération,Intersection en Y,Normale,Deux véhicules - côté,4,2,4,0,1,1,1,0,1,30,2,3,2,0,0,1,22.0,37.0,voiture,deux_roues,5,2,4,1,3
202200019274,2022-09-06 11:00:00,2022,9,6,11,0,75,75108,RUE DE LA PEPINIERE,48.874864,2.319898,Plein jour,En agglomération,Place,Normale,Deux véhicules - côté,4,2,3,1,1,3,1,-1,5,30,2,2,1,0,0,1,30.0,63.0,deux_roues,voiture,1,2,7,1,3
202200019275,2022-12-21 20:00:00,2022,12,21,20,0,71,71196,Lieu Dit la Montbertiere,46.660703,5.357594,Nuit sans éclairage public,Hors agglomération,Hors intersection,Pluie légère,Deux véhicules - frontale,3,2,2,0,1,1,2,0,1,90,2,2,0,0,2,0,25.0,40.0,voiture,voiture,3,1,1,2,1
202200019276,2022-09-05 13:45:00,2022,9,5,13,45,75,75101,RUE DE RIVOLI,48.85911,2.346433,Plein jour,En agglomération,Intersection en X,Normale,Autre collision,4,2,3,1,1,1,1,0,5,30,1,2,1,0,0,1,59.0,,deux_roues,,1,2,2,1,6
202200019277,2022-03-11 11:15:00,2022,3,11,11,15,75,75114,BOULEVARD JOURDAN,48.819814,2.341657,Plein jour,En agglomération,Intersection en T,Pluie légère,Deux véhicules - côté,4,2,2,2,1,1,2,9,5,50,2,2,1,0,0,1,44.0,25.0,utilitaire_camion,deux_roues,1,2,3,2,3
202200019278,2022-12-20 20:45:00,2022,12,20,20,45,71,71412,N70,46.717957,4.438762,Nuit sans éclairage public,Hors agglomération,Hors intersection,Normale,Deux véhicules - côté,2,1,2,0,1,1,1,0,1,110,2,2,1,0,0,1,50.0,25.0,utilitaire_camion,voiture,3,1,1,1,3
202200019279,2022-09-06 22:15:00,2022,9,6,22,15,94,94078,WINSTON CHURCHILL (AV),48.75405,2.44871,Nuit avec éclairage allumé,En agglomération,Hors intersection,Normale,Deux véhicules - côté,3,3,4,0,1,1,1,0,1,50,2,3,1,0,0,2,26.0,32.0,voiture,utilitaire_camion,5,2,1,1,3
202200019280,2022-12-18 19:30:00,2022,12,18,19,30,63,63295,CD 93 PK 7+100,46.025854,3.371156,Nuit sans éclairage public,Hors agglomération,Hors intersection,Normale,Sans collision,3,2,2,0,1,2,2,0,3,90,1,2,1,0,1,0,18.0,,voiture,,3,1,1,1,7
202200019281,2022-03-11 19:05:00,2022,3,11,19,5,75,75113,BOULEVARD DE PORT ROYAL,48.837206,2.347994,Nuit avec éclairage allumé,En agglomération,Hors intersection,Normale,Deux véhicules - côté,4,2,3,0,1,1,2,0,1,30,2,2,1,0,0,1,42.0,29.0,voiture,deux_roues,5,2,1,1,3
202200019282,2022-12-18 16:39:00,2022,12,18,16,39,63,63368,D229,45.6820275281,3.2837427273,Crépuscule ou aube,Hors agglomération,Hors intersection,Normale,Autre collision,3,2,2,0,2,2,1,0,8,90,1,1,0,1,0,0,83.0,,voiture,,2,1,1,1,6
202200019283,2022-09-06 11:40:00,2022,9,6,11,40,94,94042,CHARLES FLOQUET (AV),48.81989,2.48256,Plein jour,En agglomération,Hors intersection,Normale,Deux véhicules - frontale,3,2,2,0,1,1,1,0,1,50,1,2,1,0,0,1,58.0,,voiture,,1,2,1,1,1
202200019284,2022-03-08 08:58:00,2022,3,8,8,58,75,75112,BOULEVARD DIDEROT,48.847895583,2.3915818428,Plein jour,En agglomération,Hors intersection,Normale,Deux véhicules - côté,4,2,4,0,2,1,1,0,1,30,2,3,2,0,0,1,53.0,53.0,utilitaire_camion,deux_roues,1,2,1,1,3
202200019285,2022-12-20 04:30:00,2022,12,20,4,30,55,55535,rd 618,49.3156856177,5.657916069,Nuit sans éclairage public,Hors agglomération,Hors intersection,Normale,Sans collision,3,2,2,0,1,1,1,0,3,90,1,1,0,1,0,0,55.0,,utilitaire_camion,,3,1,1,1,7
202200019286,2022-09-06 08:55:00,2022,9,6,8,55,94,94015,GENERAL LECLERC (AV),48.82854,2.51439,Plein jour,En agglomération,Hors intersection,Normale,Deux véhicules - frontale,3,2,2,0,1,1,1,0,1,50,2,2,1,0,0,1,42.0,43.0,deux_roues,voiture,1,2,1,1,1
202200019287,2022-12-19 18:25:00,2022,12,19,18,25,55,55533,RD 964,48.637078,5.642724,Nuit sans éclairage public,Hors agglomération,Hors intersection,Normale,Deux véhicules - frontale,3,3,2,0,1,1,1,0,1,90,2,2,0,1,1,0,55.0,23.0,voiture,voiture,3,1,1,1,1
202200019288,2022-03-11 17:15:00,2022,3,11,17,15,75,75104,BOULEVARD BEAUMARCHAIS,48.854806,2.36874,Plein jour,En agglomération,Intersection en T,Pluie légère,Deux véhicules - côté,4,2,2,3,1,1,2,0,6,30,2,2,1,0,0,1,18.0,,deux_roues,deux_roues,1,2,3,2,3
202200019289,2022-09-06 17:10:00,2022,9,6,17,10,94,94077,Avenue Victor Hugo / Avenue de la Faisanderie,48.7324049272,2.4133004096,Plein jour,En agglomération,Giratoire,Normale,Deux véhicules - frontale,4,2,2,0,1,1,1,5,1,50,2,2,1,0,0,1,47.0,23.0,voiture,deux_roues,1,2,6,1,1
202200019290,2022-09-06 14:49:00,2022,9,6,14,49,94,94055,Rue du Pont de Chennevières,48.7822658912,2.5138199753,Plein jour,En agglomération,Hors intersection,Normale,Autre collision,3,2,2,0,1,1,1,0,1,50,1,2,1,0,0,1,90.0,,voiture,,1,2,1,1,6
202200019291,2022-03-11 01:45:00,2022,3,11,1,45,75,75110,BOULEVARD DE LA CHAPELLE,48.884052,2.35548,Nuit avec éclairage allumé,En agglomération,Intersection en X,Normale,Trois véhicules et plus - en chaîne,4,1,2,0,1,1,1,0,1,30,3,7,6,0,0,1,26.0,36.0,voiture,voiture,5,2,2,1,4
202200019292,2022-09-06 08:50:00,2022,9,6,8,50,94,94018,Avenue de Gravelle,48.82826,2.4047,Plein jour,En agglomération,Hors intersection,Normale,Deux véhicules - frontale,3,2,2,1,1,1,1,0,1,50,2,2,1,0,0,1,58.0,35.0,voiture,deux_roues,1,2,1,1,1
202200019293,2022-03-11 12:15:00,2022,3,11,12,15,75,75108,RUE DU BOCCADOR,48.866829,2.302602,Plein jour,En agglomération,Intersection en X,Pluie légère,Deux véhicules - côté,4,2,2,0,2,1,2,0,1,30,2,2,1,0,0,1,46.0,42.0,voiture,deux_roues,1,2,2,2,3
202200019294,2022-09-06 18:40:00,2022,9,6,18,40,94,94071,Allee du Parc,48.76087,2.53501,Plein jour,En agglomération,Hors intersection,Normale,Sans collision,4,2,2,0,1,1,1,0,1,50,1,1,0,0,0,1,14.0,,deux_roues,,1,2,1,1,7
202200019295,2022-12-20 17:45:00,2022,12,20,17,45,42,42334,Route du Chene,45.848155,4.32974,Nuit sans éclairage public,Hors agglomération,Hors intersection,Normale,Deux véhicules - côté,3,2,2,0,2,2,8,1,1,80,2,3,1,0,2,0,62.0,25.0,voiture,voiture,3,1,1,1,3
202200019296,2022-03-10 08:35:00,2022,3,10,8,35,75,75108,PONT DE L ALMA,48.864215,2.301795,Plein jour,En agglomération,Intersection en X,Temps éblouissant,Sans collision,4,2,4,1,1,1,1,2,5,30,1,1,0,0,0,1,44.0,,deux_roues,,1,2,2,7,7
202200019297,2022-09-06 18:40:00,2022,9,6,18,40,94,94002,177 Rue Etienne Dolet,48.783804,2.428069,Plein jour,En agglomération,Hors intersection,Temps couvert,Autre collision,4,2,2,0,1,1,1,0,1,50,1,2,1,0,0,1,30.0,,voiture,,1,2,1,8,6
202200019298,2022-09-06 09:30:00,2022,9,6,9,30,93,93073,Avenue Gilbert Berger,48.9506344677,2.5798025695,Plein jour,En agglomération,Hors intersection,Normale,Autre collision,4,2,2,0,1,1,1,0,4,50,1,2,1,0,0,1,41.0,,voiture,,1,2,1,1,6
202200019299,2022-03-11 15:25:00,2022,3,11,15,25,94,94068,Avenue Raspail,48.78613,2.48785,Plein jour,En agglomération,Intersection en X,Pluie forte,Autre collision,4,-1,0,0,1,1,2,0,1,30,1,3,1,0,0,2,32.0,,voiture,,1,2,2,3,6
202200019300,2022-09-06 17:15:00,2022,9,6,17,15,93,93066,Avenue du Président Wilson,48.9148709295,2.3580967485,Plein jour,En agglomération,Autre intersection,Normale,Deux véhicules - arrière,3,3,5,0,1,1,1,0,1,50,2,2,1,0,0,1,33.0,,utilitaire_camion,autre,1,2,9,1,2
202200019301,2022-03-11 19:30:00,2022,3,11,19,30,94,94046,Rue Eugène Renault,48.81492,2.41827,Nuit sans éclairage public,En agglomération,Hors intersection,Pluie légère,Deux véhicules - côté,3,1,2,0,1,1,2,0,1,50,2,2,1,0,0,1,62.0,21.0,deux_roues,voiture,3,2,1,2,3
202200019302,2022-09-06 14:27:00,2022,9,6,14,27,93,93066,Rue du Landy,48.91545,2.35962,Plein jour,En agglomération,Hors intersection,Normale,Autre collision,3,2,3,3,1,1,1,0,1,50,1,1,0,0,0,1,62.0,,voiture,,1,2,1,1,6
202200019303,2022-03-11 21:15:00,2022,3,11,21,15,94,94076,34 Rue de Verdun,48.789771,2.35387,Nuit avec éclairage allumé,En agglomération,Hors intersection,Normale,Deux véhicules - frontale,4,1,2,0,1,1,1,0,1,50,2,3,0,0,0,3,24.0,48.0,voiture,voiture,5,2,1,1,1
202200019304,2022-09-06 07:00:00,2022,9,6,7,0,93,93066,Avenue des Arrimeurs,48.9039435692,2.3643105139,Plein jour,En agglomération,Hors intersection,Temps couvert,Deux véhicules - côté,4,2,2,0,1,1,1,0,1,50,2,2,1,0,0,1,20.0,22.0,deux_roues,deux_roues,1,2,1,8,3
202200019305,2022-03-11 18:20:00,2022,3,11,18,20,94,94076,6 Rue de Verdun,48.79461,2.35426,Crépuscule ou aube,En agglomération,Hors intersection,Pluie légère,Autre collision,3,2,2,0,2,1,2,0,1,50,1,2,1,0,0,1,29.0,,deux_roues,,2,2,1,2,6
202200019306,2022-12-21 11:05:00,2022,12,21,11,5,42,42137,Route de St Anthème,45.523187,4.027648,Plein jour,Hors agglomération,Hors intersection,Normale,Deux véhicules - frontale,3,2,2,0,2,3,2,0,1,80,2,3,0,0,1,2,45.0,59.0,voiture,utilitaire_camion,1,1,1,1,1
202200019307,2022-09-05 09:15:00,2022,9,5,9,15,93,93066,Rue Paul Eluard / Rue Dezobry,48.9389,2.3489,Plein jour,En agglomération,Intersection en T,Normale,Autre collision,4,2,2,0,1,1,1,0,1,30,1,2,1,0,0,1,42.0,,voiture,,1,2,3,1,6
202200019308,2022-03-11 05:50:00,2022,3,11,5,50,94,94065,20 Avenue Charles Lindbergh,48.7565,2.34582,Nuit avec éclairage allumé,En agglomération,Hors intersection,Normale,Deux véhicules - arrière,3,3,1,0,1,1,1,0,1,50,2,3,1,0,0,2,33.0,21.0,voiture,voiture,5,2,1,1,2
202200019309,2022-09-06 12:30:00,2022,9,6,12,30,93,93046,Rue du Docteur Roux / Avenue de la Poudrerie,48.93376,2.55375,Plein jour,En agglomération,Giratoire,Normale,Autre collision,3,2,2,0,1,1,1,0,1,50,1,1,0,0,0,1,42.0,,voiture,,1,2,6,1,6
202200019310,2022-03-11 18:40:00,2022,3,11,18,40,94,94011,Avenue du Marechal Leclerc,48.7732375635,2.4958781004,Crépuscule ou aube,En agglomération,Hors intersection,Pluie légère,Trois véhicules et plus - en chaîne,3,3,6,3,1,1,2,0,1,50,3,3,2,0,0,1,72.0,42.0,voiture,voiture,2,2,1,2,4
202200019311,2022-09-06 13:50:00,2022,9,6,13,50,93,93014,Chemin de la Tourelle,48.9096431188,2.5515829028,Plein jour,En agglomération,Hors intersection,Normale,Autre collision,4,2,2,2,1,1,1,0,3,50,1,3,1,0,0,2,20.0,,voiture,,1,2,1,1,6
202200019312,2022-03-10 19:35:00,2022,3,10,19,35,94,94028,Rue Maurice Demenitroux / Route de Choisy,48.79011,2.45369,Nuit avec éclairage allumé,En agglomération,Intersection en T,Normale,Autre collision,3,3,6,3,1,1,1,0,1,-1,1,2,1,0,0,1,,,deux_roues,,5,2,3,1,6
202200019313,2022-12-21 12:20:00,2022,12,21,12,20,42,42039,Chemin de Château Dijon,45.717065,3.833295,Plein jour,En agglomération,Hors intersection,Normale,Sans collision,4,2,2,0,2,1,2,0,1,50,1,1,0,1,0,0,68.0,,utilitaire_camion,,1,2,1,1,7
202200019314,2022-03-11 00:35:00,2022,3,11,0,35,94,94054,Avenue Adrien Raynal,48.7448,2.40775,Nuit avec éclairage allumé,En agglomération,Intersection en X,Normale,Deux véhicules - côté,4,1,1,0,1,1,1,0,4,50,2,3,1,0,0,2,21.0,63.0,deux_roues,utilitaire_camion,5,2,2,1,3
202200019315,2022-09-06 08:15:00,2022,9,6,8,15,92,92073,SELLIER (BOULEVARD HENRI),48.86253,2.21708,Plein jour,En agglomération,Intersection en X,Normale,Deux véhicules - côté,3,1,2,1,2,1,1,0,1,50,2,2,1,0,0,1,44.0,51.0,deux_roues,voiture,1,2,2,1,3
202200019316,2022-03-11 08:40:00,2022,3,11,8,40,94,94019,Route de la Libération / Avenue de la Résistance,48.80337,2.53753,Plein jour,En agglomération,Intersection en T,Normale,Deux véhicules - côté,3,2,2,0,1,1,1,8,1,50,2,2,1,0,0,1,55.0,33.0,voiture,deux_roues,1,2,3,1,3
202200019317,2022-09-06 15:55:00,2022,9,6,15,55,92,92051,"BINEAU (BOULEVARD, N°133 A 217 ET 134 A",48.89338,2.26803,Plein jour,En agglomération,Intersection à plus de 4 branches,Normale,Deux véhicules - arrière,3,4,7,1,1,1,1,6,5,50,2,2,1,0,0,1,46.0,24.0,utilitaire_camion,deux_roues,1,2,5,1,2
202200019318,2022-03-10 17:26:00,2022,3,10,17,26,94,94002,Rue Louis Blanc/ Rue Paul Vaillant Couturier,48.8063,2.41859,Plein jour,En agglomération,Intersection en X,Normale,Autre collision,4,2,2,0,1,1,1,0,1,50,1,2,1,0,0,1,,,voiture,,1,2,2,1,6
202200019319,2022-09-06 10:30:00,2022,9,6,10,30,92,92051,RICHARD WALLACE (BOULEVARD),48.8744225088,2.2539677918,Plein jour,En agglomération,Autre intersection,Normale,Autre collision,4,2,2,0,1,1,1,0,1,50,1,1,0,0,0,1,26.0,,voiture,,1,2,9,1,6
202200019320,2022-09-06 07:10:00,2022,9,6,7,10,92,92036,MOLE CENTRAL (ROUTE DU),48.94311,2.2825,Plein jour,En agglomération,Hors intersection,Normale,Trois véhicules et plus - en chaîne,4,2,2,0,1,1,1,0,1,50,3,3,2,0,0,1,49.0,43.0,utilitaire_camion,utilitaire_camion,1,2,1,1,4
202200019321,2022-03-11 11:10:00,2022,3,11,11,10,93,93078,Avenue des Tilleuls / Avenue des Ormes,48.95089,2.54636,Plein jour,En agglomération,Intersection en X,Normale,Deux véhicules - arrière,4,1,1,0,1,1,1,0,1,50,2,5,2,0,0,3,57.0,24.0,voiture,voiture,1,2,2,1,2
202200019322,2022-09-06 21:45:00,2022,9,6,21,45,92,92026,MARCEAU,48.900622,2.244998,Nuit avec éclairage allumé,En agglomération,Intersection en T,Normale,Deux véhicules - côté,3,2,2,0,1,1,1,0,1,50,2,2,1,0,0,1,25.0,38.0,deux_roues,utilitaire_camion,5,2,3,1,3
202200019323,2022-03-10 19:00:00,2022,3,10,19,0,93,93066,Boulevard Carnot / Rue Jean Marcenac,48.938589,2.355227,Plein jour,En agglomération,Intersection en T,Normale,Deux véhicules - frontale,4,2,2,0,1,1,1,5,1,50,2,2,1,0,0,1,46.0,,deux_roues,voiture,1,2,3,1,1
202200019324,2022-12-16 07:30:00,2022,12,16,7,30,46,46225,Avenue du Colonel Pardes,44.503739,1.187744,Crépuscule ou aube,En agglomération,Intersection en X,Normale,Autre collision,3,2,2,0,1,1,1,0,1,50,1,2,1,0,1,0,56.0,,voiture,,2,2,2,1,6
202200019325,2022-03-10 14:20:00,2022,3,10,14,20,93,93066,Avenue du Président Wilson,48.914657,2.358141,Plein jour,En agglomération,Hors intersection,Normale,Deux véhicules - arrière,3,3,4,0,1,1,1,0,1,50,2,2,1,0,0,1,53.0,34.0,voiture,deux_roues,1,2,1,1,2
202200019326,2022-09-06 19:00:00,2022,9,6,19,0,92,92012,REINE (ROUTE DE LA) 1/37- 6/80,48.8391822176,2.2455668449,Plein jour,En agglomération,Intersection en X,Normale,Deux véhicules - côté,3,2,4,0,1,1,1,0,1,50,2,2,1,0,0,1,26.0,,deux_roues,deux_roues,1,2,2,1,3
202200019327,2022-12-17 10:45:00,2022,12,17,10,45,47,47069,N1113,44.216517,0.597872,Plein jour,Hors agglomération,Hors intersection,Normale,Deux véhicules - frontale,2,2,2,0,1,3,1,0,1,80,2,2,1,0,1,0,86.0,58.0,voiture,deux_roues,1,1,1,1,1
202200019328,2022-03-11 08:50:00,2022,3,11,8,50,93,93064,Rue du Général Leclerc,48.86817,2.492104,Plein jour,En agglomération,Autre intersection,Normale,Autre collision,3,1,1,0,2,1,1,0,1,30,1,2,1,0,0,1,22.0,,voiture,,1,2,9,1,6
202200019329,2022-12-19 01:00:00,2022,12,19,1,0,34,34119,D908,43.592576,3.106803,Nuit avec éclairage allumé,En agglomération,Giratoire,Pluie légère,Sans collision,3,2,2,0,1,1,2,0,1,70,1,1,0,0,1,0,63.0,,voiture,,5,2,6,2,7
202200019330,2022-09-05 12:20:00,2022,9,5,12,20,92,92004,MARNE   ( AVENUE DE LA ),48.90639,2.28169,Plein jour,En agglomération,Hors intersection,Normale,Deux véhicules - côté,3,1,2,0,1,1,1,0,1,30,2,2,1,0,0,1,83.0,60.0,deux_roues,voiture,1,2,1,1,3
202200019331,2022-03-11 18:20:00,2022,3,11,18,20,93,93053,Rue du Parc / Avenue de Bobigny,48.895474,2.44345,Plein jour,En agglomération,Intersection en T,Pluie légère,Deux véhicules - côté,3,3,4,3,2,1,2,5,1,50,2,2,1,0,0,1,20.0,22.0,deux_roues,voiture,1,2,3,2,3
202200019332,2022-12-21 08:50:00,2022,12,21,8,50,22,22135,"Lieu Dit Saint Paul, D712",48.551799,-3.373243,Crépuscule ou aube,Hors agglomération,Hors intersection,Pluie légère,Deux véhicules - frontale,3,2,2,0,1,2,2,0,1,70,2,2,1,0,1,0,52.0,71.0,voiture,voiture,2,1,1,2,1
202200019333,2022-03-11 18:55:00,2022,3,11,18,55,93,93048,Boulevard de la Boissière,48.87667,2.46616,Nuit avec éclairage allumé,En agglomération,Hors intersection,Pluie légère,Deux véhicules - côté,3,2,2,0,1,1,2,0,1,50,2,2,1,0,0,1,,62.0,voiture,deux_roues,5,2,1,2,3
202200019334,2022-09-05 16:10:00,2022,9,5,16,10,01,01052,D2,46.013021,5.012662,Plein jour,Hors agglomération,Hors intersection,Normale,Deux véhicules - frontale,3,2,2,0,1,1,1,0,1,80,2,2,0,0,1,1,57.0,48.0,voiture,voiture,1,1,1,1,1
202200019335,2022-12-20 07:15:00,2022,12,20,7,15,22,22133,,48.200751,-2.248292,Nuit sans éclairage public,Hors agglomération,Hors intersection,Pluie légère,Deux véhicules - côté,4,2,2,0,1,2,2,0,1,50,2,3,2,0,1,0,46.0,41.0,voiture,utilitaire_camion,3,1,1,2,3
202200019336,2022-03-11 17:10:00,2022,3,11,17,10,93,93063,Rue Paul Doumer / Rue Vassou,48.886028,2.426934,Plein jour,En agglomération,Intersection en T,Pluie légère,Autre collision,3,2,2,0,1,1,2,6,6,30,1,2,1,0,0,1,,,voiture,,1,2,3,2,6
202200019337,2022-03-11 18:35:00,2022,3,11,18,35,93,93010,Avenue Galliéni,48.906049,2.482298,Nuit avec éclairage allumé,En agglomération,Hors intersection,Pluie légère,Autre collision,3,1,1,0,1,1,2,6,1,50,1,3,2,0,1,0,28.0,,voiture,,5,2,1,2,6
202200019338,2022-08-29 18:40:00,2022,8,29,18,40,43,43080,46 Avenue de Vernet,45.326491,3.842394,Plein jour,En agglomération,Hors intersection,Normale,Deux véhicules - frontale,3,2,2,0,2,1,1,0,1,50,2,4,3,0,0,1,63.0,43.0,utilitaire_camion,voiture,1,2,1,1,1
202200019339,2022-12-19 18:30:00,2022,12,19,18,30,39,39530,,46.276266,5.512218,Nuit sans éclairage public,Hors agglomération,Intersection en T,Normale,Deux véhicules - côté,3,2,2,0,2,1,1,0,1,80,2,3,0,0,1,2,34.0,22.0,voiture,voiture,3,1,3,1,3
202200019340,2022-08-27 20:40:00,2022,8,27,20,40,35,35085,Lieu Dit Tervaux,48.449233,-1.770404,Nuit sans éclairage public,Hors agglomération,Hors intersection,Normale,Sans collision,3,2,2,0,1,1,1,0,3,80,1,1,0,0,1,0,17.0,,deux_roues,,3,1,1,1,7
202200019341,2022-03-11 07:15:00,2022,3,11,7,15,92,92075,FRERES VIGOUROUX (RUE DES),48.8142651724,2.278190285,Plein jour,En agglomération,Intersection en X,Normale,Deux véhicules - côté,3,1,3,1,1,1,1,8,1,50,2,2,1,0,0,1,39.0,40.0,voiture,deux_roues,1,2,2,1,3
202200019342,2022-12-18 13:00:00,2022,12,18,13,0,44,44119,D73,46.970194,-1.755082,Plein jour,Hors agglomération,Hors intersection,Pluie légère,Deux véhicules - côté,3,2,2,0,1,1,2,0,1,80,2,3,1,0,1,1,52.0,44.0,voiture,voiture,1,1,1,2,3
202200019343,2022-09-07 13:45:00,2022,9,7,13,45,58,58252,N151,47.318869,3.307292,Plein jour,Hors agglomération,Hors intersection,Normale,Deux véhicules - frontale,2,2,2,0,1,1,1,0,1,80,2,3,1,2,0,0,59.0,53.0,deux_roues,voiture,1,1,1,1,1
202200019344,2022-12-20 19:20:00,2022,12,20,19,20,44,44057,1 Calobert,47.58262,-2.017209,Crépuscule ou aube,Hors agglomération,Hors intersection,Brouillard / fumée,Autre collision,4,2,2,0,1,3,2,0,3,80,1,1,0,1,0,0,83.0,,voiture,,2,1,1,5,6
202200019345,2022-03-11 14:00:00,2022,3,11,14,0,92,92064,DAILLY,48.845946629,2.2187876701,Plein jour,En agglomération,Intersection en X,Pluie légère,Autre collision,3,2,4,0,2,1,2,5,1,50,2,4,2,0,0,2,38.0,49.0,voiture,voiture,1,2,2,2,6
202200019346,2022-12-19 20:50:00,2022,12,19,20,50,44,44185,Route de Nantes,47.634808,-2.054808,Nuit sans éclairage public,Hors agglomération,Giratoire,Normale,Autre collision,3,1,2,0,2,1,1,0,8,80,1,2,0,0,2,0,47.0,,utilitaire_camion,,3,1,6,1,6
202200019347,2022-09-06 17:30:00,2022,9,6,17,30,59,59653,N.41,50.593645,2.931376,Plein jour,Hors agglomération,Hors intersection,Normale,Trois véhicules et plus - en chaîne,2,3,2,0,1,1,1,0,1,110,3,6,5,0,1,0,43.0,43.0,voiture,voiture,1,1,1,1,4
202200019348,2022-03-11 21:15:00,2022,3,11,21,15,92,92012,TRAVERSIERE (RUE),48.8248337258,2.2441720963,Nuit avec éclairage allumé,En agglomération,Intersection à plus de 4 branches,Pluie légère,Sans collision,4,1,1,0,1,1,2,0,1,50,2,2,1,0,0,1,29.0,29.0,voiture,deux_roues,5,2,5,2,7
202200019349,2022-08-08 20:30:00,2022,8,8,20,30,68,68032,RD83,47.8504189753,7.2394806147,Plein jour,Hors agglomération,Hors intersection,Normale,Sans collision,3,3,4,0,1,1,1,0,3,110,1,1,0,0,1,0,51.0,,voiture,,1,1,1,1,7
202200019350,2022-12-21 16:05:00,2022,12,21,16,5,44,44213,le Bas Coteau,47.384077,-1.009009,Plein jour,Hors agglomération,Hors intersection,Pluie forte,Autre collision,3,2,2,0,1,1,2,0,8,50,1,1,0,0,1,0,75.0,,voiture,,1,1,1,3,6