accident_id,datetime,annee,mois,jour,heure,minute,departement,commune_insee,adresse,latitude,longitude,luminosite,agglomeration,intersection,meteo,collision,catr,circ,nbv,vosp,prof,plan,surf,infra,situ,vma,nb_vehicules,nb_usagers,nb_indemnes,nb_tues,nb_blesses_hosp,nb_blesses_legers,age_cond_1,age_cond_2,veh_type_cond_1,veh_type_cond_2,lum_code,agg_code,int_code,atm_code,col_code
202200019535,2022-09-05 09:50:00,2022,9,5,9,50,25,25056,CHURCHILL BD WINSTON,47.253389,6.0159,Plein jour,En agglomération,Intersection en X,Normale,Deux véhicules - côté,3,2,3,-1,2,1,1,5,1,50,2,2,1,0,0,1,50.0,40.0,utilitaire_camion,voiture,1,2,2,1,3
202200019536,2022-09-04 00:35:00,2022,9,4,0,35,21,21231,ARISTIDE BRIAND (AVENUE),47.3345741669,5.0537426883,Nuit avec éclairage allumé,En agglomération,Intersection en T,Normale,Deux véhicules - arrière,4,2,2,0,1,1,1,0,1,50,2,3,2,0,1,0,71.0,35.0,voiture,voiture,5,2,3,1,2
202200019537,2022-09-04 05:45:00,2022,9,4,5,45,21,21231,BOSSUET (RUE),47.322111,5.037867,Nuit avec éclairage allumé,En agglomération,Intersection en X,Normale,Deux véhicules - côté,4,-1,1,3,1,1,1,6,6,50,2,2,1,0,1,0,28.0,18.0,deux_roues,voiture,5,2,2,1,3
202200019538,2022-09-02 14:30:00,2022,9,2,14,30,19,19031,ALVITRE (AVENUE ABBE),45.15339,1.50866,Plein jour,En agglomération,Hors intersection,Normale,Autre collision,4,2,2,0,1,1,1,0,1,50,1,2,1,0,1,0,38.0,,utilitaire_camion,,1,2,1,1,6
202200019539,2022-09-05 16:22:00,2022,9,5,16,22,18,18279,25 Avenue Henri Brisson,47.228705,2.061202,Plein jour,En agglomération,Hors intersection,Normale,Sans collision,3,2,2,0,1,1,1,9,1,30,1,2,0,0,0,2,16.0,,deux_roues,,1,2,1,1,7
202200019540,2022-09-05 19:40:00,2022,9,5,19,40,17,17415,MONPLAISIR RUE,45.739789,-0.61383,Plein jour,En agglomération,Hors intersection,Normale,Deux véhicules - côté,4,2,2,0,1,1,1,0,1,50,2,2,1,0,0,1,21.0,30.0,voiture,deux_roues,1,2,1,1,3
202200019541,2022-09-04 13:40:00,2022,9,4,13,40,14,14366,98 Rue Henri Cheron,49.144828,0.222311,Plein jour,En agglomération,Intersection en T,Normale,Deux véhicules - côté,4,2,2,0,1,1,1,5,1,30,2,2,1,0,0,1,24.0,17.0,voiture,deux_roues,1,2,3,1,3
202200019542,2022-09-05 22:15:00,2022,9,5,22,15,14,14118,Rue de Falaise,49.17474,-0.35337,Nuit sans éclairage public,En agglomération,Giratoire,Normale,Deux véhicules - côté,4,1,1,0,1,2,1,8,1,50,2,2,1,0,0,1,50.0,34.0,voiture,deux_roues,3,2,6,1,3
202200019543,2022-09-05 03:05:00,2022,9,5,3,5,14,14327,D515,49.20626,-0.32229,Nuit sans éclairage public,Hors agglomération,Hors intersection,Normale,Autre collision,3,3,4,0,1,1,1,0,1,90,1,2,1,0,1,0,24.0,,utilitaire_camion,,3,1,1,1,6
202200019544,2022-09-05 19:00:00,2022,9,5,19,0,13,13203,PLOMBIERES (BOULEVARD DES),43.31486,5.39085,Plein jour,En agglomération,Hors intersection,Normale,Deux véhicules - arrière,3,1,2,0,1,1,1,0,1,50,2,2,1,0,0,1,56.0,38.0,deux_roues,voiture,1,2,1,1,2
202200019545,2022-09-02 05:10:00,2022,9,2,5,10,13,13215,HENRI BARNIER (BOULEVARD),43.36697,5.34344,Nuit avec éclairage allumé,En agglomération,Hors intersection,Normale,Deux véhicules - frontale,3,2,2,1,3,2,2,0,2,50,1,2,0,1,0,1,25.0,,voiture,,5,2,1,1,1
202200019546,2022-09-04 17:50:00,2022,9,4,17,50,11,11069,17 Rue Auguste Comte,43.210424,2.369164,Plein jour,En agglomération,Autre intersection,Normale,Autre collision,4,1,0,0,1,2,1,5,1,50,2,2,1,0,0,1,19.0,,deux_roues,voiture,1,2,9,1,6
202200019547,2022-09-05 12:57:00,2022,9,5,12,57,10,10387,REINE BLANCHE (RUE),48.30593,4.06359,Plein jour,En agglomération,Intersection en T,Normale,Deux véhicules - arrière,4,2,0,0,1,1,1,0,1,30,2,2,1,0,0,1,20.0,18.0,voiture,deux_roues,1,2,3,1,2
202200019548,2022-09-04 15:58:00,2022,9,4,15,58,10,10357,GENERAL DE GAULLE (RUE DU),48.29812,4.11944,Plein jour,En agglomération,Intersection en X,Normale,,3,2,2,0,1,1,1,5,1,50,1,4,3,0,0,1,30.0,,voiture,,1,2,2,1,-1
202200019549,2022-09-05 11:30:00,2022,9,5,11,30,06,06069,ROUQUIER (BOULEVARD EMMANUEL),43.644408,6.940977,Plein jour,En agglomération,Hors intersection,Normale,Autre collision,4,2,2,0,3,1,1,6,1,50,1,2,1,0,1,0,85.0,,voiture,,1,2,1,1,6
202200019550,2022-09-02 14:00:00,2022,9,2,14,0,02,02059,,49.65949,3.34421,Plein jour,En agglomération,Hors intersection,Normale,Deux véhicules - côté,6,-1, -1,0,1,1,1,0,8,10,2,2,1,0,0,1,24.0,17.0,voiture,deux_roues,1,2,1,1,3
202200019551,2022-09-03 21:40:00,2022,9,3,21,40,02,02408,50 Rue Eugène Leduc,49.56951,3.63254,Nuit avec éclairage allumé,En agglomération,Hors intersection,Normale,Autre collision,4,1,2,2,1,2,1,0,4,50,1,1,0,0,1,0,31.0,,deux_roues,,5,2,1,1,6
202200019552,2022-09-05 15:50:00,2022,9,5,15,50,75,75113,BD PERIPHERIQUE EXTERIEUR,48.81612,2.359911,Plein jour,En agglomération,Hors intersection,Normale,Deux véhicules - côté,4,1,4,0,1,2,1,0,1,70,2,2,1,0,0,1,58.0,71.0,deux_roues,voiture,1,2,1,1,3
202200019553,2022-09-03 15:35:00,2022,9,3,15,35,75,75116,BD PERIPHERIQUE EXTERIEUR,48.871338,2.273122,Plein jour,En agglomération,Hors intersection,Normale,Deux véhicules - côté,4,1,4,0,1,1,1,1,1,70,2,2,1,0,1,0,32.0,34.0,voiture,deux_roues,1,2,1,1,3
202200019554,2022-09-05 10:00:00,2022,9,5,10,0,75,75118,AVENUE DE LA PORTE D AUBERVILLIERS,48.899702,2.370283,Plein jour,En agglomération,Intersection en T,Normale,Deux véhicules - côté,4,1,2,0,1,1,1,6,1,30,2,2,1,0,0,1,22.0,35.0,deux_roues,utilitaire_camion,1,2,3,1,3
202200019555,2022-06-25 18:30:00,2022,6,25,18,30,94,94011,Rue Jean Moulin / Avenue de Verdun,48.76901,2.48197,Plein jour,En agglomération,Giratoire,Temps couvert,Deux véhicules - côté,4,3,2,0,1,1,1,9,8,50,2,2,1,0,0,1,12.0,59.0,deux_roues,voiture,1,2,6,8,3
202200019556,2022-06-25 21:35:00,2022,6,25,21,35,93,93078,Avenue Charlemagne,48.95673,2.55093,Crépuscule ou aube,En agglomération,Hors intersection,Normale,Autre collision,4,2,2,0,1,1,1,0,1,50,1,2,1,0,0,1,42.0,,voiture,,2,2,1,1,6
202200019557,2022-09-05 08:50:00,2022,9,5,8,50,75,75118,BOULEVARD DE ROCHECHOUART,48.88354,2.34698,Plein jour,En agglomération,Intersection en X,Normale,Deux véhicules - côté,4,1,2,1,1,1,1,5,1,30,2,2,1,0,0,1,49.0,32.0,voiture,deux_roues,1,2,2,1,3
202200019558,2022-06-25 10:40:00,2022,6,25,10,40,93,93066,Rue de la République,48.93624,2.356,Plein jour,En agglomération,Hors intersection,Normale,Autre collision,4,-1,0,3,1,1,1,6,6,30,1,2,1,0,0,1,29.0,,deux_roues,,1,2,1,1,6
202200019559,2022-09-05 18:00:00,2022,9,5,18,0,75,75117,BOULEVARD DES BATIGNOLLES,48.8828,2.323262,Plein jour,En agglomération,Intersection en X,Pluie légère,Deux véhicules - côté,4,1,3,3,1,1,2,0,1,30,2,2,1,0,0,1,33.0,37.0,utilitaire_camion,deux_roues,1,2,2,2,3
202200019560,2022-06-25 19:20:00,2022,6,25,19,20,93,93048,Rue de Rosny,48.8682,2.46003,Plein jour,En agglomération,Hors intersection,Pluie légère,Deux véhicules - arrière,6,-1, -1,0,1,1,2,0,1,30,2,2,1,0,0,1,20.0,27.0,voiture,voiture,1,2,1,2,2
202200019561,2022-09-05 18:15:00,2022,9,5,18,15,75,75116,BOULEVARD LANNES,48.871073,2.275257,Plein jour,En agglomération,Place,Normale,Deux véhicules - arrière,4,2,2,0,1,1,1,0,1,30,2,2,0,0,0,2,25.0,75.0,deux_roues,voiture,1,2,7,1,2
202200019562,2022-07-01 22:50:00,2022,7,1,22,50,93,93046,Allée de Sévigné / Chemin des Postes,48.91278,2.53988,Nuit avec éclairage allumé,En agglomération,Intersection en X,Normale,Deux véhicules - côté,3,2,2,0,1,1,1,0,1,50,2,2,1,0,0,1,31.0,37.0,voiture,voiture,5,2,2,1,3
202200019563,2022-09-05 09:20:00,2022,9,5,9,20,75,75116,CARREFOUR DE LONGCHAMP,48.86364,2.239487,Plein jour,En agglomération,Hors intersection,Normale,Deux véhicules - arrière,4,2,1,1,1,3,1,0,5,30,2,2,0,0,0,2,58.0,29.0,deux_roues,deux_roues,1,2,1,1,2
202200019564,2022-06-25 17:42:00,2022,6,25,17,42,93,93014,Allée Veuve Lindet Girard / Allée de la Surprise,48.912257,2.551952,Plein jour,En agglomération,Intersection en T,Pluie légère,Deux véhicules - côté,4,2,2,0,1,1,2,0,1,50,2,2,1,0,0,1,39.0,39.0,deux_roues,voiture,1,2,3,2,3
202200019565,2022-09-04 09:50:00,2022,9,4,9,50,75,75116,ROUTE DES TRIBUNES,48.861881,2.230392,Plein jour,En agglomération,Intersection en T,Normale,Deux véhicules - arrière,4,1,2,1,1,1,1,0,5,30,2,2,1,0,1,0,49.0,53.0,deux_roues,deux_roues,1,2,3,1,2
202200019566,2022-06-25 18:45:00,2022,6,25,18,45,93,93005,Rue Jacques Duclos,48.94752,2.49158,Plein jour,En agglomération,Hors intersection,Normale,Autre collision,3,3,4,0,1,1,2,0,1,50,1,2,1,0,0,1,36.0,,utilitaire_camion,,1,2,1,1,6
202200019567,2022-09-05 20:00:00,2022,9,5,20,0,75,75112,AVENUE LEDRU ROLLIN,48.850617,2.3754,Nuit avec éclairage allumé,En agglomération,Hors intersection,Temps couvert,Autre collision,4,2,2,2,1,1,2,0,1,30,2,4,2,0,0,2,31.0,57.0,voiture,voiture,5,2,1,8,6
202200019568,2022-06-25 14:45:00,2022,6,25,14,45,93,93001,Chemin Latéral Nord,48.9214039934,2.3723017573,Plein jour,En agglomération,Hors intersection,Pluie légère,Deux véhicules - côté,4,1,1,0,1,1,2,0,1,50,2,2,1,0,0,1,21.0,29.0,voiture,voiture,1,2,1,2,3
202200019569,2022-06-24 22:25:00,2022,6,24,22,25,92,92046,GABRIEL PERI,48.819205,2.302539,Nuit avec éclairage allumé,En agglomération,Hors intersection,Normale,Autre collision,3,2,4,0,1,1,1,0,1,50,1,1,0,0,1,0,20.0,,deux_roues,,5,2,1,1,6
202200019570,2022-09-05 20:45:00,2022,9,5,20,45,75,75108,AVENUE DES CHAMPS ELYSEES,48.871373,2.3026,Nuit avec éclairage allumé,En agglomération,Intersection en Y,Temps couvert,Autre collision,4,1,6,1,1,1,2,0,5,30,1,2,1,0,0,1,31.0,,deux_roues,,5,2,4,8,6
202200019571,2022-09-05 13:14:00,2022,9,5,13,14,75,75101,QUAI DES TUILERIES,48.862774,2.324158,Plein jour,En agglomération,Hors intersection,Normale,Deux véhicules - côté,4,1,5,3,1,1,1,0,6,30,2,3,0,0,0,3,61.0,22.0,deux_roues,deux_roues,1,2,1,1,3
202200019572,2022-06-25 14:40:00,2022,6,25,14,40,92,92063,JONCHERE (CHEMIN DE LA),48.86727,2.15564,Plein jour,En agglomération,Intersection en T,Pluie légère,Trois véhicules et plus - en chaîne,3,1,1,0,2,1,2,0,1,50,3,3,2,0,0,1,49.0,41.0,transport_commun,utilitaire_camion,1,2,3,2,4
202200019573,2022-09-04 13:15:00,2022,9,4,13,15,94,94052,CHARLES DE GAULLE (GRAND RUE),48.8383,2.49091,Plein jour,En agglomération,Hors intersection,Normale,Deux véhicules - côté,4,2,2,0,1,1,1,0,1,50,2,2,1,0,0,1,80.0,30.0,voiture,deux_roues,1,2,1,1,3
202200019574,2022-06-25 15:30:00,2022,6,25,15,30,92,92063,FOUILLEUSE (AVENUE DE),48.8624683745,2.1945313811,Plein jour,En agglomération,Hors intersection,Pluie légère,Deux véhicules - frontale,4,2,2,0,1,1,2,0,1,50,2,3,2,0,0,1,80.0,37.0,voiture,voiture,1,2,1,2,1
202200019575,2022-06-25 22:40:00,2022,6,25,22,40,92,92050,REPUBLIQUE AVENUE DE LA,48.9065904798,2.2116847113,Nuit avec éclairage allumé,En agglomération,Autre intersection,Normale,Deux véhicules - côté,3,1,4,0,1,1,1,9,1,50,2,2,1,0,0,1,47.0,21.0,voiture,deux_roues,5,2,9,1,3
202200019576,2022-09-05 06:22:00,2022,9,5,6,22,94,94076,PAUL VAILLANT COUTURIER (AV),48.7947,2.3624,Nuit avec éclairage allumé,En agglomération,Autre intersection,Normale,Sans collision,3,2,2,0,1,1,1,0,1,50,1,1,0,0,0,1,22.0,,voiture,,5,2,9,1,7
202200019577,2022-06-25 11:27:00,2022,6,25,11,27,92,92050,ARAGO FRANCOIS AVENUE,48.90073,2.22442,Plein jour,En agglomération,Hors intersection,Pluie légère,Deux véhicules - arrière,3,1,2,0,1,1,2,0,1,50,2,4,2,0,0,2,49.0,54.0,deux_roues,voiture,1,2,1,2,2
202200019578,2022-09-05 15:26:00,2022,9,5,15,26,94,94022,Avenue Victor Hugo / Rue d'Alsace-lorraine,48.7688386904,2.4206917779,Plein jour,En agglomération,Intersection en X,Normale,Deux véhicules - côté,3,3,4,3,1,1,1,9,1,50,2,2,1,0,0,1,31.0,51.0,deux_roues,voiture,1,2,2,1,3
202200019579,2022-06-25 09:00:00,2022,6,25,9,0,92,92050,PICASSO PABLO AVENUE,48.8898850113,2.2195209861,Plein jour,En agglomération,Intersection en T,Normale,Autre collision,4,2,2,0,1,1,1,9,1,50,1,2,1,0,0,1,80.0,,voiture,,1,2,3,1,6
202200019580,2022-06-24 23:57:00,2022,6,24,23,57,92,92020,REPUBLIQUE AV. N°27 A 105 ET 26 A 178,48.8092901773,2.3009803444,Nuit avec éclairage allumé,En agglomération,Intersection en T,Normale,Sans collision,4,1,1,0,1,1,1,0,1,30,2,2,1,0,0,1,52.0,31.0,voiture,deux_roues,5,2,3,1,7
202200019581,2022-09-05 15:25:00,2022,9,5,15,25,94,94004,Boulevard Leon Revillon / Avenue du Général Leclerc,48.7449034581,2.511895448,Plein jour,En agglomération,Intersection en X,Normale,Deux véhicules - côté,2,2,4,1,1,1,1,0,1,50,2,2,1,0,0,1,17.0,20.0,deux_roues,voiture,1,2,2,1,3
202200019582,2022-06-25 19:15:00,2022,6,25,19,15,92,92012,ANDRE MORIZET (AVENUE) - 49/FIN - 54/FIN,48.8398394577,2.2304072678,Plein jour,En agglomération,Intersection en Y,Temps couvert,Deux véhicules - côté,3,1,4,3,1,3,2,0,1,50,2,2,1,0,0,1,30.0,54.0,deux_roues,voiture,1,2,4,8,3
202200019583,2022-06-25 14:50:00,2022,6,25,14,50,92,92014,VICTOR HUGO (AVENUE),48.7773721564,2.3077203333,Plein jour,En agglomération,Hors intersection,Pluie légère,Autre collision,3,1,1,0,2,1,2,0,1,50,1,1,0,0,0,1,73.0,,voiture,,1,2,1,2,6
202200019584,2022-04-22 21:30:00,2022,4,22,21,30,40,40001,A65 PK 099.900,43.717194,-0.275758,Nuit sans éclairage public,Hors agglomération,Hors intersection,Normale,Deux véhicules - arrière,1,3,4,0,1,1,1,0,1,130,2,3,1,1,1,0,52.0,51.0,voiture,voiture,3,1,1,1,2
202200019585,2022-09-05 12:27:00,2022,9,5,12,27,93,93062,Avenue de Livry / Rond - Point Thiers,48.8995588558,2.5177290837,Plein jour,En agglomération,Giratoire,Normale,Trois véhicules et plus - collisions multiples,3,2,2,0,1,1,1,0,1,50,3,3,2,0,0,1,34.0,73.0,voiture,voiture,1,2,6,1,5
202200019586,2022-04-23 17:50:00,2022,4,23,17,50,59,59162,D52,50.933287,2.369426,Plein jour,Hors agglomération,Hors intersection,Normale,Autre collision,3,2,2,0,1,2,1,0,3,80,1,1,0,0,1,0,22.0,,deux_roues,,1,1,1,1,6
202200019587,2022-06-25 15:55:00,2022,6,25,15,55,39,39015,,46.780342,5.890363,Plein jour,Hors agglomération,Hors intersection,Normale,Autre collision,2,2,2,0,1,1,1,0,8,80,1,2,1,0,1,0,60.0,,voiture,,1,1,1,1,6
202200019588,2022-04-21 14:05:00,2022,4,21,14,5,91,91225,Avenue de la Fontaine au Soulier,48.631788,2.468233,Plein jour,Hors agglomération,Hors intersection,Normale,Deux véhicules - frontale,3,2,2,0,1,1,1,0,1,-1,2,3,2,0,1,0,20.0,21.0,voiture,voiture,1,1,1,1,1
202200019589,2022-06-26 07:54:00,2022,6,26,7,54,22,22304,Lieu Dit Kerbornic,48.567627,-3.013923,Plein jour,En agglomération,Hors intersection,Normale,Autre collision,4,2,2,0,1,3,1,0,3,50,1,1,0,1,0,0,21.0,,utilitaire_camion,,1,2,1,1,6
202200019590,2022-04-22 18:50:00,2022,4,22,18,50,19,19252,D979,45.4356762573,2.449672222,Plein jour,Hors agglomération,Hors intersection,Normale,Autre collision,3,2,2,0,1,1,1,0,3,90,1,2,0,0,1,1,67.0,,voiture,,1,1,1,1,6
202200019591,2022-06-26 14:28:00,2022,6,26,14,28,11,11018,,43.219564,2.214432,Plein jour,Hors agglomération,Autre intersection,Normale,Autre collision,1,-1,1,0,1,1,1,9,8,50,2,4,0,0,1,3,43.0,,voiture,,1,1,9,1,6
202200019592,2022-04-23 12:30:00,2022,4,23,12,30,19,19151,D 920,45.098041,1.521574,Plein jour,Hors agglomération,Intersection en T,Temps couvert,Autre collision,1,2, -1,-1,1,1,1,3,1,50,2,2,1,0,0,1,68.0,49.0,voiture,deux_roues,1,1,3,8,6
202200019593,2022-06-26 01:45:00,2022,6,26,1,45,28,28398,D120.3,48.197166,1.071022,Nuit sans éclairage public,Hors agglomération,Hors intersection,Normale,Autre collision,3,2,2,0,1,1,1,0,1,80,1,5,4,0,1,0,18.0,,voiture,,3,1,1,1,6
202200019594,2022-04-22 20:31:00,2022,4,22,20,31,41,41110,A85 PK 188.100 sens vers TOURS (37),47.314669,1.812939,Crépuscule ou aube,Hors agglomération,Hors intersection,Normale,Autre collision,1,1,4,0,1,1,1,0,2,-1,1,2,1,0,0,1,22.0,,utilitaire_camion,,2,1,1,1,6
202200019595,2022-04-22 23:25:00,2022,4,22,23,25,71,71264,D980 Pk 8+800,46.453766,4.633505,Nuit sans éclairage public,Hors agglomération,Hors intersection,Normale,Autre collision,3,2,2,0,2,4,1,0,3,80,1,1,0,0,1,0,59.0,,voiture,,3,1,1,1,6
202200019596,2022-06-25 15:15:00,2022,6,25,15,15,83,83004,,43.4419220077,6.4585198478,Plein jour,Hors agglomération,Hors intersection,Normale,Sans collision,3,2,2,0,1,1,1,0,2,80,1,2,1,0,1,0,66.0,,deux_roues,,1,1,1,1,7
202200019597,2022-06-24 00:50:00,2022,6,24,0,50,67,67437,Rue du Zornhoff,48.744934,7.369074,Nuit sans éclairage public,En agglomération,Intersection en T,Normale,Sans collision,4,2,2,0,1,1,1,0,1,50,1,1,0,0,1,0,40.0,,deux_roues,,3,2,3,1,7
202200019598,2022-06-21 06:24:00,2022,6,21,6,24,01,01354,Route de Meyrin,46.23712,6.042631,Crépuscule ou aube,En agglomération,Hors intersection,Normale,Trois véhicules et plus - collisions multiples,3,-1,2,1,2,1,1,0,1,80,3,3,2,0,1,0,26.0,26.0,deux_roues,voiture,2,2,1,1,5
202200019599,2022-04-22 16:12:00,2022,4,22,16,12,25,25271,Le Lava,47.038457,6.495452,Plein jour,Hors agglomération,Intersection en T,Normale,Deux véhicules - frontale,3,2,2,0,2,1,1,2,1,80,2,2,1,0,1,0,19.0,27.0,voiture,voiture,1,1,3,1,1
202200019600,2022-06-26 07:10:00,2022,6,26,7,10,44,44089,N165,47.3395,-1.82032,Plein jour,Hors agglomération,Hors intersection,Normale,Autre collision,2,3,4,0,1,1,1,0,3,100,1,1,0,0,0,1,19.0,,voiture,,1,1,1,1,6
202200019601,2022-04-22 19:30:00,2022,4,22,19,30,44,44068,,47.48099,-1.91485,Crépuscule ou aube,Hors agglomération,Intersection en X,Normale,Deux véhicules - côté,3,2,2,0,1,1,1,0,1,70,2,3,2,0,1,0,37.0,29.0,voiture,deux_roues,2,1,2,1,3
202200019602,2022-04-22 09:00:00,2022,4,22,9,0,38,38370,La Grande Grange,45.119621,5.240956,Plein jour,Hors agglomération,Intersection en X,Normale,Deux véhicules - côté,4,2,2,0,1,1,1,0,1,50,2,3,2,0,0,1,36.0,33.0,voiture,utilitaire_camion,1,1,2,1,3
202200019603,2022-06-25 11:25:00,2022,6,25,11,25,22,22193,D55,48.420885,-2.440853,Plein jour,Hors agglomération,Hors intersection,Normale,Sans collision,3,2,2,0,1,1,1,0,1,80,1,1,0,0,1,0,33.0,,deux_roues,,1,1,1,1,7
202200019604,2022-06-26 04:30:00,2022,6,26,4,30,23,23047,D49,46.161003,1.577847,Nuit sans éclairage public,Hors agglomération,Hors intersection,Pluie légère,Autre collision,3,2,2,0,2,2,2,0,3,90,1,2,1,0,1,0,19.0,,voiture,,3,1,1,2,6
202200019605,2022-04-22 20:30:00,2022,4,22,20,30,38,38181,Route Departementale 523,45.337486,5.974921,Crépuscule ou aube,En agglomération,Giratoire,Normale,Deux véhicules - frontale,3,1,1,0,4,2,1,5,1,50,2,3,0,0,0,3,28.0,25.0,voiture,voiture,2,2,6,1,1
202200019606,2022-04-04 16:00:00,2022,4,4,16,0,84,84020,D900,43.864423,5.301547,Plein jour,Hors agglomération,Hors intersection,Normale,Deux véhicules - frontale,3,2,2,0,1,1,1,2,8,-1,1,1,0,1,0,0,82.0,,voiture,,1,1,1,1,1
202200019607,2022-06-25 16:35:00,2022,6,25,16,35,62,62605,route départementale 939,50.386635,2.167575,Plein jour,Hors agglomération,Intersection en T,Pluie légère,Trois véhicules et plus - collisions multiples,3,2,2,0,2,1,2,0,1,90,3,4,1,1,2,0,25.0,19.0,voiture,voiture,1,1,3,2,5
202200019608,2022-04-22 19:30:00,2022,4,22,19,30,70,70245,12 Rue de Blanzey,47.885159,6.405782,Plein jour,En agglomération,Hors intersection,Normale,Sans collision,3,2,2,0,2,1,1,0,1,30,1,1,0,0,1,0,47.0,,deux_roues,,1,2,1,1,7
202200019609,2022-06-26 10:15:00,2022,6,26,10,15,30,30117,RD 6113 PK 3+294,43.700718,4.574685,Plein jour,Hors agglomération,Intersection en T,Normale,Deux véhicules - arrière,3,2,1,0,1,1,1,0,1,80,2,3,1,1,1,0,48.0,51.0,deux_roues,utilitaire_camion,1,1,3,1,2
202200019610,2022-04-20 18:35:00,2022,4,20,18,35,06,06136,Route de Moulinet,43.880706,7.431565,Plein jour,Hors agglomération,Intersection en Y,Normale,Deux véhicules - côté,3,2,2,0,1,1,1,0,1,80,2,3,2,0,0,1,39.0,43.0,deux_roues,voiture,1,1,4,1,3
202200019611,2022-06-25 02:40:00,2022,6,25,2,40,67,67369,D9,48.869577,7.242157,Nuit sans éclairage public,Hors agglomération,Intersection en T,Normale,Autre collision,3,2,2,0,4,2,1,0,3,80,1,1,0,0,1,0,40.0,,voiture,,3,1,3,1,6
202200019612,2022-06-25 13:40:00,2022,6,25,13,40,79,79080,Route de Thouars,46.665533,-0.2476,Plein jour,Hors agglomération,Hors intersection,Pluie légère,Sans collision,3,2,2,0,1,1,2,0,1,80,1,1,0,0,1,0,51.0,,deux_roues,,1,1,1,2,7
202200019613,2022-06-26 03:00:00,2022,6,26,3,0,89,89456,D606,48.29904,3.186851,Nuit sans éclairage public,Hors agglomération,Hors intersection,Normale,Deux véhicules - frontale,3,2,2,0,1,1,1,0,1,80,2,4,0,0,4,0,20.0,23.0,voiture,voiture,3,1,1,1,1
202200019614,2022-04-23 11:00:00,2022,4,23,11,0,24,24142,Route de Saint Cyprien (Mouzens),44.852572,1.019803,Plein jour,Hors agglomération,Hors intersection,Pluie légère,Deux véhicules - frontale,3,2,2,0,2,4,8,0,1,90,2,3,2,0,1,0,21.0,16.0,voiture,deux_roues,1,1,1,2,1
202200019615,2022-06-24 17:50:00,2022,6,24,17,50,61,61491,Route d Irai,48.654282,0.680058,Plein jour,Hors agglomération,Hors intersection,Normale,Deux véhicules - côté,4,-1,2,0,2,3,1,0,1,80,2,2,1,0,0,1,68.0,16.0,voiture,deux_roues,1,1,1,1,3
202200019616,2022-04-22 20:45:00,2022,4,22,20,45,24,24499,D21e1,44.886906,0.580795,Crépuscule ou aube,Hors agglomération,Hors intersection,Normale,Autre collision,3,2,2,0,1,1,1,0,1,80,1,1,0,0,1,0,58.0,,deux_roues,,2,1,1,1,6
202200019617,2022-04-11 16:24:00,2022,4,11,16,24,04,04076,RD 911,43.947663,6.811298,Plein jour,En agglomération,Hors intersection,Normale,Autre collision,3,2,2,0,2,2,1,0,1,50,1,1,0,0,1,0,31.0,,deux_roues,,1,2,1,1,6
202200019618,2022-06-26 19:15:00,2022,6,26,19,15,61,61435,Lieu Dit Sommaire,48.81601,0.619263,Plein jour,Hors agglomération,Intersection en T,Normale,Trois véhicules et plus - collisions multiples,3,2,2,0,2,1,1,0,1,70,3,8,1,0,1,6,26.0,72.0,voiture,voiture,1,1,3,1,5
202200019619,2022-04-22 17:45:00,2022,4,22,17,45,27,27066,D316,49.403378,1.618209,Plein jour,Hors agglomération,Intersection en X,Normale,Deux véhicules - côté,3,2,2,0,2,1,1,0,1,80,2,2,1,0,0,1,33.0,73.0,utilitaire_camion,voiture,1,1,2,1,3
202200019620,2022-06-25 15:15:00,2022,6,25,15,15,22,22046,Le Ponterret,48.268312,-2.577024,Plein jour,Hors agglomération,Intersection en X,Normale,Deux véhicules - frontale,3,2,2,0,4,1,1,0,1,80,2,2,0,0,1,1,28.0,80.0,deux_roues,voiture,1,1,2,1,1
202200019621,2022-04-23 17:25:00,2022,4,23,17,25,28,28140,Rue du Sycomore,48.610632,1.682437,Plein jour,En agglomération,Intersection en Y,Normale,Autre collision,3,2,2,0,2,2,1,0,4,50,1,1,0,0,1,0,32.0,,deux_roues,,1,2,4,1,6
202200019622,2022-06-21 12:29:00,2022,6,21,12,29,35,35179,D637,48.51454,-1.907952,Plein jour,En agglomération,Intersection en X,Normale,Deux véhicules - côté,3,2,2,0,1,1,1,5,1,50,2,2,1,0,0,1,17.0,80.0,deux_roues,voiture,1,2,2,1,3
202200019623,2022-04-20 12:00:00,2022,4,20,12,0,87,87126,pk 29 D10,45.815591,0.818413,Plein jour,Hors agglomération,Intersection en Y,Pluie légère,Deux véhicules - frontale,3,2,2,0,2,2,2,5,1,-1,2,2,1,0,1,0,88.0,79.0,voiture,voiture,1,1,4,2,1
202200019624,2022-06-12 09:55:00,2022,6,12,9,55,35,35116,71 Rue de Saint Malo,48.5903567597,-1.8576610833,Plein jour,En agglomération,Hors intersection,Temps éblouissant,Deux véhicules - frontale,3,2,2,0,1,1,1,0,1,30,2,2,1,0,1,0,77.0,57.0,deux_roues,voiture,1,2,1,7,1
202200019625,2022-04-22 19:10:00,2022,4,22,19,10,87,87011,Rue Aristide Briand,46.1230009553,1.0461923653,Plein jour,En agglomération,Intersection en X,Normale,Deux véhicules - côté,4,2,2,0,1,1,1,0,1,50,2,2,1,0,1,0,44.0,16.0,utilitaire_camion,deux_roues,1,2,2,1,3
202200019626,2022-06-26 06:00:00,2022,6,26,6,0,03,03029,RN 209,46.219485,3.43415,Crépuscule ou aube,Hors agglomération,Hors intersection,Pluie forte,Deux véhicules - frontale,2,2,2,0,1,1,2,0,1,80,2,2,1,0,1,0,43.0,54.0,voiture,voiture,2,1,1,3,1