accident_id,datetime,annee,mois,jour,heure,minute,departement,commune_insee,adresse,latitude,longitude,luminosite,agglomeration,intersection,meteo,collision,catr,circ,nbv,vosp,prof,plan,surf,infra,situ,vma,nb_vehicules,nb_usagers,nb_indemnes,nb_tues,nb_blesses_hosp,nb_blesses_legers,age_cond_1,age_cond_2,veh_type_cond_1,veh_type_cond_2,lum_code,agg_code,int_code,atm_code,col_code
202200019627,2022-06-26 00:25:00,2022,6,26,0,25,72,72118,D302,48.044435,0.572362,Nuit sans éclairage public,Hors agglomération,Hors intersection,Normale,Autre collision,3,2,2,0,1,1,1,0,1,80,1,2,1,0,1,0,63.0,,voiture,,3,1,1,1,6
202200019628,2022-04-16 20:55:00,2022,4,16,20,55,30,30341,D58,43.573629,4.304066,Nuit sans éclairage public,Hors agglomération,Hors intersection,Normale,Deux véhicules - côté,3,-1,2,0,1,1,1,0,1,80,2,3,1,0,0,2,24.0,37.0,voiture,voiture,3,1,1,1,3
202200019629,2022-06-26 10:45:00,2022,6,26,10,45,50,50582,56 Route de Mortain,48.716008,-0.924456,Plein jour,En agglomération,Hors intersection,Normale,Deux véhicules - côté,3,2,2,0,2,1,1,0,1,70,2,3,1,0,1,1,68.0,20.0,deux_roues,voiture,1,2,1,1,3
202200019630,2022-06-25 23:50:00,2022,6,25,23,50,18,18184,28 Route de Marseilles,47.080673,2.942973,Nuit sans éclairage public,Hors agglomération,Hors intersection,Normale,Autre collision,3,2,2,0,1,1,1,0,3,80,1,1,0,0,0,1,21.0,,deux_roues,,3,1,1,1,6
202200019631,2022-04-22 15:30:00,2022,4,22,15,30,52,52405,D974,47.646395,5.279832,Plein jour,Hors agglomération,Hors intersection,Normale,Deux véhicules - frontale,3,2,2,0,1,1,1,0,1,90,2,2,1,0,0,1,66.0,37.0,voiture,utilitaire_camion,1,1,1,1,1
202200019632,2022-06-25 22:45:00,2022,6,25,22,45,85,85135,RD746,46.51126,-1.20237,Nuit sans éclairage public,Hors agglomération,Hors intersection,Normale,Trois véhicules et plus - en chaîne,3,2,2,0,1,1,1,0,1,80,3,4,1,0,1,2,56.0,17.0,voiture,deux_roues,3,1,1,1,4
202200019633,2022-06-26 06:30:00,2022,6,26,6,30,30,30284,Route de la Royale,44.145644,4.061747,Crépuscule ou aube,Hors agglomération,Hors intersection,Normale,Autre collision,3,2,2,0,1,1,2,0,1,80,1,2,0,0,1,1,21.0,,voiture,,2,1,1,1,6
202200019634,2022-04-22 23:20:00,2022,4,22,23,20,63,63193,A712 PK 001.500,45.784644,3.207321,Nuit sans éclairage public,Hors agglomération,Hors intersection,Pluie légère,Trois véhicules et plus - collisions multiples,1,2,2,0,1,1,2,0,1,80,4,8,4,0,0,4,21.0,27.0,voiture,voiture,3,1,1,2,5
202200019635,2022-06-25 19:00:00,2022,6,25,19,0,48,48178,RN106,44.282478,3.798955,Plein jour,Hors agglomération,Hors intersection,Temps couvert,Autre collision,2,2,3,0,2,3,1,0,1,80,1,1,0,0,1,0,39.0,,deux_roues,,1,1,1,8,6
202200019636,2022-06-26 04:45:00,2022,6,26,4,45,88,88075,65 Route de Cornimont,47.990254,6.847613,Nuit avec éclairage allumé,Hors agglomération,Hors intersection,Normale,Deux véhicules - frontale,3,2,2,0,1,1,1,0,1,70,1,1,0,0,1,0,25.0,,voiture,,5,1,1,1,1
202200019637,2022-04-19 16:05:00,2022,4,19,16,5,69,69043,44 Vieille Route,45.719851,4.767637,Plein jour,Hors agglomération,Hors intersection,Normale,Sans collision,4,2,2,0,2,3,1,0,1,50,1,1,0,1,0,0,67.0,,deux_roues,,1,1,1,1,7
202200019638,2022-04-22 23:55:00,2022,4,22,23,55,11,11024,Autoroute A9 PK 194.000,43.143614,2.980213,Nuit sans éclairage public,Hors agglomération,Autre intersection,Normale,Deux véhicules - arrière,1,1,5,0,1,1,1,0,1,130,2,3,2,0,1,0,35.0,40.0,utilitaire_camion,voiture,3,1,9,1,2
202200019639,2022-06-26 08:05:00,2022,6,26,8,5,30,30036,Route Nationale 113,43.763656,4.27911,Plein jour,Hors agglomération,Hors intersection,Normale,Trois véhicules et plus - collisions multiples,2,2,2,0,1,1,1,0,1,80,3,4,0,0,0,4,30.0,66.0,voiture,voiture,1,1,1,1,5
202200019640,2022-04-20 17:20:00,2022,4,20,17,20,987,98712,"pk 4,500 - devant la boulangerie Swik",-17.542977,-149.503646,Plein jour,En agglomération,Hors intersection,Normale,Deux véhicules - côté,2,3,1,0,1,1,1,0,1,50,2,2,1,0,1,0,56.0,32.0,voiture,deux_roues,1,2,1,1,3
202200019641,2022-04-23 14:30:00,2022,4,23,14,30,973,97311,Avenue Gaston Monnerville,5.49502,-54.02102,Plein jour,En agglomération,Hors intersection,Pluie légère,Deux véhicules - côté,2,2,2,0,1,1,2,0,1,50,2,2,1,0,0,1,52.0,23.0,voiture,deux_roues,1,2,1,2,3
202200019642,2022-04-23 04:45:00,2022,4,23,4,45,971,97128,Fonds Thezan,16.217470721,-61.4153699577,Nuit sans éclairage public,Hors agglomération,Hors intersection,Pluie légère,Autre collision,2,2,2,0,4,1,2,0,3,80,2,2,1,0,1,0,29.0,30.0,deux_roues,voiture,3,1,1,2,6
202200019643,2022-04-17 16:00:00,2022,4,17,16,0,30,30039,Chemin du Stade,43.87577,4.493188,Plein jour,En agglomération,Hors intersection,Normale,Autre collision,4,2,1,0,1,1,9,0,1,50,1,2,1,0,0,1,21.0,,voiture,,1,2,1,1,6
202200019644,2022-04-23 03:40:00,2022,4,23,3,40,11,11284,,43.3682365429,1.9658551227,Nuit sans éclairage public,Hors agglomération,Hors intersection,Normale,Deux véhicules - frontale,3,2,2,0,1,1,1,0,5,80,2,2,0,0,1,1,32.0,36.0,utilitaire_camion,voiture,3,1,1,1,1
202200019645,2022-06-17 16:45:00,2022,6,17,16,45,11,11370,A9 PK 181.200,43.226537,3.101749,Plein jour,Hors agglomération,Hors intersection,Normale,Deux véhicules - arrière,1,1,3,0,1,1,1,0,1,130,2,38,18,0,1,19,61.0,49.0,transport_commun,utilitaire_camion,1,1,1,1,2
202200019646,2022-04-22 18:30:00,2022,4,22,18,30,84,84129,Route de Bédarrides,44.030246,4.883509,Plein jour,Hors agglomération,Hors intersection,Normale,Sans collision,3,2,2,0,1,2,1,0,3,-1,1,1,0,0,0,1,20.0,,voiture,,1,1,1,1,7
202200019647,2022-06-25 19:45:00,2022,6,25,19,45,69,69193,2264 Route du Grisard,45.519094,4.849442,Plein jour,En agglomération,Hors intersection,Normale,Autre collision,3,2,2,0,2,4,1,0,1,-1,1,3,0,0,0,3,35.0,,voiture,,1,2,1,1,6
202200019648,2022-06-25 03:20:00,2022,6,25,3,20,987,98758,RC Est (RT 131) - PK 0.800 TONOI,-16.744,-151.46,Nuit avec éclairage allumé,En agglomération,Hors intersection,Normale,Deux véhicules - frontale,2,2,2,0,1,1,1,0,1,60,2,2,0,1,1,0,22.0,30.0,deux_roues,deux_roues,5,2,1,1,1
202200019649,2022-04-23 07:10:00,2022,4,23,7,10,83,83065,D98a,43.259671,6.590869,Crépuscule ou aube,Hors agglomération,Hors intersection,Normale,Deux véhicules - frontale,3,1,1,0,1,3,1,0,1,70,2,4,0,0,0,4,53.0,21.0,voiture,voiture,2,1,1,1,1
202200019650,2022-06-24 19:45:00,2022,6,24,19,45,971,97128,Vallerat,16.277271,-61.393554,Nuit avec éclairage allumé,Hors agglomération,Hors intersection,Normale,Deux véhicules - frontale,2,2,2,0,2,3,1,0,1,80,2,2,1,0,1,0,52.0,20.0,voiture,voiture,5,1,1,1,1
202200019651,2022-04-22 16:34:00,2022,4,22,16,34,70,70313,RN 19,47.648314,6.589699,Plein jour,Hors agglomération,Hors intersection,Normale,Deux véhicules - frontale,2,3,4,0,1,1,1,3,1,110,2,2,0,1,1,0,42.0,53.0,voiture,voiture,1,1,1,1,1
202200019652,2022-06-25 18:30:00,2022,6,25,18,30,78,78683,D191,48.833552,1.876433,Plein jour,Hors agglomération,Hors intersection,Normale,Deux véhicules - frontale,3,2,2,0,1,1,1,0,1,80,2,3,0,0,0,3,65.0,35.0,voiture,voiture,1,1,1,1,1
202200019653,2022-04-18 15:00:00,2022,4,18,15,0,74,74102,Lieu-dit Gravel,45.924465,6.216803,Plein jour,Hors agglomération,Hors intersection,Normale,Autre collision,4,2,2,0,2,1,9,0,1,80,1,1,0,1,0,0,59.0,,voiture,,1,1,1,1,6
202200019654,2022-06-25 20:55:00,2022,6,25,20,55,83,83119,Route des Plages,43.258596,6.632674,Plein jour,Hors agglomération,Hors intersection,Normale,Deux véhicules - côté,3,2,2,1,2,1,1,0,1,50,2,2,1,0,1,0,43.0,66.0,voiture,deux_roues,1,1,1,1,3
202200019655,2022-04-22 16:00:00,2022,4,22,16,0,42,42165,Route de Feurs,45.787012,4.340989,Plein jour,En agglomération,Intersection en T,Normale,Deux véhicules - côté,3,2,2,0,2,3,1,0,1,50,2,2,1,0,1,0,48.0,67.0,voiture,deux_roues,1,2,3,1,3
202200019656,2022-06-25 07:30:00,2022,6,25,7,30,06,06048,2133 Chemin Las Ayas,43.811623,7.325276,Plein jour,En agglomération,Hors intersection,Normale,Deux véhicules - côté,4,2,2,0,2,3,1,0,1,50,2,2,1,0,0,1,18.0,42.0,deux_roues,voiture,1,2,1,1,3
202200019657,2022-04-23 16:50:00,2022,4,23,16,50,26,26034,D532,45.065883,5.228612,Plein jour,Hors agglomération,Hors intersection,Pluie légère,Deux véhicules - frontale,3,2,2,0,1,1,2,0,1,80,2,3,1,1,0,1,86.0,24.0,voiture,utilitaire_camion,1,1,1,2,1
202200019658,2022-06-26 12:40:00,2022,6,26,12,40,13,13100,1248 Route de Maillane,43.808506,4.816652,Plein jour,Hors agglomération,Hors intersection,Normale,Sans collision,3,2,2,0,1,1,1,0,8,70,1,1,0,0,1,0,21.0,,voiture,,1,1,1,1,7
202200019659,2022-04-22 16:40:00,2022,4,22,16,40,26,26170,D68,44.914499,4.957736,Plein jour,Hors agglomération,Hors intersection,Normale,Deux véhicules - arrière,3,2,2,0,1,1,1,0,1,80,2,3,2,0,0,1,39.0,46.0,utilitaire_camion,deux_roues,1,1,1,1,2
202200019660,2022-06-25 19:40:00,2022,6,25,19,40,68,68309,37 rue Poincaré,47.656821,7.452239,Plein jour,En agglomération,Hors intersection,Normale,Deux véhicules - côté,3,2,2,0,1,1,1,0,1,50,2,3,1,0,1,1,15.0,35.0,deux_roues,voiture,1,2,1,1,3
202200019661,2022-04-20 10:40:00,2022,4,20,10,40,01,01211,,46.133891,5.191813,Plein jour,Hors agglomération,Intersection en T,Normale,Deux véhicules - frontale,3,2,2,0,1,1,1,0,1,80,2,2,0,0,1,1,21.0,20.0,voiture,voiture,1,1,3,1,1
202200019662,2022-04-19 12:40:00,2022,4,19,12,40,69,69175,Route Départementale 91,45.802448,4.561214,Plein jour,Hors agglomération,Hors intersection,Normale,Autre collision,3,2,2,0,2,1,1,0,8,80,1,1,0,0,1,0,80.0,,voiture,,1,1,1,1,6
202200019663,2022-06-10 10:00:00,2022,6,10,10,0,88,88527,D414,48.409619,6.586668,Plein jour,Hors agglomération,Hors intersection,Temps éblouissant,Trois véhicules et plus - collisions multiples,3,2,2,0,1,1,1,0,1,80,3,3,1,0,0,2,49.0,50.0,deux_roues,deux_roues,1,1,1,7,5
202200019664,2022-04-22 11:00:00,2022,4,22,11,0,09,09160,Rue du 8 Mai 1945,42.928449,1.85599,Plein jour,En agglomération,Hors intersection,Normale,Autre collision,4,2,2,0,1,1,1,0,1,50,1,2,1,0,0,1,34.0,,voiture,,1,2,1,1,6
202200019665,2022-06-26 05:47:00,2022,6,26,5,47,57,57153,D66,49.032944,6.086249,Crépuscule ou aube,Hors agglomération,Hors intersection,Pluie légère,Autre collision,3,2,2,0,2,1,2,1,3,80,1,2,0,0,1,1,24.0,,voiture,,2,1,1,2,6
202200019666,2022-04-22 13:30:00,2022,4,22,13,30,79,79189,,46.416056,-0.176243,Plein jour,Hors agglomération,Hors intersection,Normale,Deux véhicules - frontale,3,2,3,0,2,2,1,0,1,70,2,2,0,0,1,1,46.0,47.0,voiture,voiture,1,1,1,1,1
202200019667,2022-04-22 16:30:00,2022,4,22,16,30,29,29161,31 le Moulin du Pont,47.9306450651,-4.0699264035,Plein jour,En agglomération,Hors intersection,Normale,Autre collision,3,2,2,0,1,1,1,0,1,-1,1,2,1,0,0,1,75.0,,voiture,,1,2,1,1,6
202200019668,2022-06-24 17:45:00,2022,6,24,17,45,69,69107,Route de Lyon,46.041239,4.489337,Plein jour,Hors agglomération,Hors intersection,Normale,Autre collision,3,2,2,2,1,1,2,0,3,80,1,2,1,0,0,1,18.0,,voiture,,1,1,1,1,6
202200019669,2022-04-22 12:45:00,2022,4,22,12,45,60,60141,RD 1016,49.2022940506,2.4612851142,Plein jour,En agglomération,Giratoire,Normale,Deux véhicules - arrière,3,2,1,0,1,3,1,5,1,50,2,3,2,0,0,1,61.0,46.0,voiture,voiture,1,2,6,1,2
202200019670,2022-06-25 23:45:00,2022,6,25,23,45,31,31429,Avenue du Lauragais,43.496523,1.518533,Nuit avec éclairage non allumé,En agglomération,Hors intersection,Pluie légère,Autre collision,3,2,2,0,1,1,2,0,1,50,1,1,0,0,1,0,32.0,,deux_roues,,4,2,1,2,6
202200019671,2022-04-10 13:14:00,2022,4,10,13,14,60,60346,Rue Louis Barthou,49.155511,2.43978,Plein jour,En agglomération,Intersection en X,Normale,Autre collision,3,1,1,0,1,1,1,0,1,50,1,2,1,0,0,1,81.0,,voiture,,1,2,2,1,6
202200019672,2022-06-25 22:45:00,2022,6,25,22,45,17,17421,2 B RUE YVES DU MANOIR,45.666195,-0.928165,Nuit sans éclairage public,En agglomération,Hors intersection,Normale,Autre collision,4,2,2,1,1,1,1,0,1,50,1,2,1,0,1,0,,,voiture,,3,2,1,1,6
202200019673,2022-04-20 07:50:00,2022,4,20,7,50,13,13214,A507 sens Marseille - Aubagne,43.329910859,5.3930220694,Plein jour,Hors agglomération,Hors intersection,Normale,Deux véhicules - arrière,1,1,3,0,1,1,1,0,1,70,2,2,1,0,0,1,38.0,31.0,voiture,utilitaire_camion,1,1,1,1,2
202200019674,2022-06-26 07:53:00,2022,6,26,7,53,40,40168,A63 - PK 131.3,43.769746,-1.219182,Plein jour,Hors agglomération,Hors intersection,Temps couvert,Autre collision,1,3,4,0,1,3,1,0,8,90,1,2,0,1,1,0,54.0,,utilitaire_camion,,1,1,1,8,6
202200019675,2022-06-23 22:45:00,2022,6,23,22,45,33,33019,24 avenue du vieux port,44.6811952109,-1.0166115314,Nuit avec éclairage allumé,En agglomération,Hors intersection,Normale,Autre collision,4,2,2,0,1,1,1,0,1,50,1,1,0,0,1,0,45.0,,deux_roues,,5,2,1,1,6
202200019676,2022-04-07 18:25:00,2022,4,7,18,25,69,69297,Autoroute 47,45.58834,4.79068,Plein jour,Hors agglomération,Hors intersection,Pluie légère,Trois véhicules et plus - collisions multiples,1,3,4,0,1,1,2,2,1,70,4,4,3,0,0,1,34.0,33.0,voiture,voiture,1,1,1,2,5
202200019677,2022-06-26 11:05:00,2022,6,26,11,5,85,85003,D978,46.75544,-1.62274,Plein jour,En agglomération,Giratoire,Normale,Sans collision,3,2,2,0,3,3,1,0,4,50,1,1,0,0,0,1,20.0,,deux_roues,,1,2,6,1,7
202200019678,2022-04-20 06:35:00,2022,4,20,6,35,59,59507,AUTOROUTE A1,50.6115084381,3.0899800658,Plein jour,Hors agglomération,Hors intersection,Normale,Autre collision,1,-1,10,0,1,1,1,0,1,90,2,2,1,0,0,1,57.0,51.0,utilitaire_camion,voiture,1,1,1,1,6
202200019679,2022-06-26 17:05:00,2022,6,26,17,5,49,49301,D147,47.137009,-0.956841,Plein jour,Hors agglomération,Intersection en X,Normale,Deux véhicules - frontale,3,2,2,0,1,1,1,3,1,80,2,2,1,0,0,1,70.0,36.0,utilitaire_camion,deux_roues,1,1,2,1,1
202200019680,2022-04-20 18:00:00,2022,4,20,18,0,92,92023,RN385,48.7766292971,2.2331996201,Plein jour,Hors agglomération,Hors intersection,Normale,Trois véhicules et plus - en chaîne,2,-1,2,0,1,1,1,0,1,90,3,4,3,0,0,1,39.0,65.0,deux_roues,voiture,1,1,1,1,4
202200019681,2022-06-25 19:40:00,2022,6,25,19,40,61,61467,Lieu Dit la Chambertrie,48.475421,0.143042,Plein jour,Hors agglomération,Intersection en Y,Normale,Deux véhicules - côté,3,2,2,0,1,1,2,0,1,70,2,2,1,0,1,0,20.0,41.0,voiture,voiture,1,1,4,1,3
202200019682,2022-04-20 17:00:00,2022,4,20,17,0,78,78206,A13,48.954473,1.938544,Plein jour,Hors agglomération,Hors intersection,Normale,Autre collision,1,1,3,0,1,1,1,0,1,130,1,1,0,0,1,0,76.0,,voiture,,1,1,1,1,6
202200019683,2022-06-21 21:15:00,2022,6,21,21,15,29,29058,Rond point de Ker Elo,47.898147,-4.014226,Plein jour,En agglomération,Giratoire,Normale,Autre collision,3,-1,2,0,1,1,1,0,3,50,1,1,0,0,0,1,79.0,,voiture,,1,2,6,1,6
202200019684,2022-04-21 17:47:00,2022,4,21,17,47,95,95365,RN 104,49.06674,2.40198,Plein jour,Hors agglomération,Hors intersection,Normale,Deux véhicules - côté,2,3,4,0,1,1,1,0,1,70,2,2,1,0,0,1,23.0,43.0,utilitaire_camion,utilitaire_camion,1,1,1,1,3
202200019685,2022-04-21 19:00:00,2022,4,21,19,0,93,93053,AUTOROUTE A3,48.8980694688,2.4693498171,Plein jour,Hors agglomération,Hors intersection,Normale,Autre collision,1,3,8,3,1,1,1,0,1,90,1,1,0,0,0,1,34.0,,deux_roues,,1,1,1,1,6
202200019686,2022-04-21 18:10:00,2022,4,21,18,10,92,92078,AUTOROUTE A86,48.92749879,2.3333366364,Plein jour,Hors agglomération,Hors intersection,Normale,Deux véhicules - côté,1,3,8,0,1,3,1,0,1,90,2,2,1,0,0,1,23.0,21.0,deux_roues,voiture,1,1,1,1,3
202200019687,2022-06-26 11:00:00,2022,6,26,11,0,62,62369,D33,50.3334894711,2.8881477713,Plein jour,Hors agglomération,Intersection en X,Temps éblouissant,Deux véhicules - côté,3,2,2,0,1,1,1,0,1,80,2,2,1,0,0,1,68.0,,deux_roues,voiture,1,1,2,7,3
202200019688,2022-04-20 21:00:00,2022,4,20,21,0,95,95572, A15,49.0265346803,2.1301272511,Crépuscule ou aube,Hors agglomération,Hors intersection,Normale,Deux véhicules - côté,1,3,6,0,1,1,1,0,1,90,2,4,3,0,0,1,22.0,39.0,voiture,voiture,2,1,1,1,3
202200019689,2022-06-25 18:40:00,2022,6,25,18,40,83,83144,A57,43.13513,5.99074,Plein jour,Hors agglomération,Hors intersection,Normale,Autre collision,1,3,4,0,1,1,1,0,1,70,1,1,0,0,0,1,23.0,,deux_roues,,1,1,1,1,6
202200019690,2022-04-21 08:30:00,2022,4,21,8,30,93,93013,AUTOROUTE A1,48.94245,2.43076,Plein jour,Hors agglomération,Hors intersection,Normale,Deux véhicules - arrière,1,3,8,0,1,1,1,0,1,90,2,2,1,0,0,1,,47.0,voiture,voiture,1,1,1,1,2
202200019691,2022-06-25 04:10:00,2022,6,25,4,10,69,69199,Boulevard urbain Sud,45.6833431432,4.8470642961,Nuit sans éclairage public,Hors agglomération,Hors intersection,Normale,Deux véhicules - arrière,7,2,6,0,1,1,1,0,1,70,2,4,3,0,0,1,22.0,62.0,voiture,voiture,3,1,1,1,2
202200019692,2022-04-20 15:45:00,2022,4,20,15,45,95,95351,RN 104,49.0279264186,2.5056552887,Plein jour,Hors agglomération,Hors intersection,Normale,Trois véhicules et plus - en chaîne,2,3,4,0,1,1,1,8,1,70,3,8,0,0,0,8,50.0,28.0,utilitaire_camion,voiture,1,1,1,1,4
202200019693,2022-06-21 17:25:00,2022,6,21,17,25,69,69283,Autoroute 46,45.66801,4.92725,Plein jour,Hors agglomération,Hors intersection,Normale,Deux véhicules - arrière,1,3,6,0,2,2,1,0,1,90,2,2,1,0,1,0,21.0,30.0,utilitaire_camion,voiture,1,1,1,1,2
202200019694,2022-06-25 18:00:00,2022,6,25,18,0,91,91553,RN 104,48.63142,2.5048,Plein jour,Hors agglomération,Hors intersection,Normale,Sans collision,2,3,4,0,1,1,2,0,3,110,1,1,0,0,0,1,32.0,,voiture,,1,1,1,1,7
202200019695,2022-04-20 12:30:00,2022,4,20,12,30,94,94017,A4,48.8284416936,2.5027316394,Plein jour,Hors agglomération,Hors intersection,Normale,Autre collision,1,1,5,1,1,1,1,1,1,90,3,3,2,0,0,1,34.0,27.0,voiture,deux_roues,1,1,1,1,6
202200019696,2022-04-17 12:00:00,2022,4,17,12,0,94,94022,A86 INT,48.776398,2.41524,Plein jour,Hors agglomération,Hors intersection,Normale,Autre collision,1,1,3,0,1,1,1,0,1,90,1,1,0,0,0,1,55.0,,voiture,,1,1,1,1,6
202200019697,2022-06-24 18:05:00,2022,6,24,18,5,94,94003,AUTOROUTE A6A,48.7995177224,2.3424763536,Plein jour,Hors agglomération,Hors intersection,Normale,Deux véhicules - côté,1,3,6,0,2,1,1,0,1,70,2,2,1,0,0,1,65.0,34.0,voiture,deux_roues,1,1,1,1,3
202200019698,2022-04-16 17:25:00,2022,4,16,17,25,94,94017,A4,48.8289075736,2.4782949522,Plein jour,Hors agglomération,Hors intersection,Normale,Deux véhicules - arrière,1,1,3,0,1,1,1,0,1,90,2,3,1,0,1,1,49.0,28.0,voiture,deux_roues,1,1,1,1,2
202200019699,2022-06-25 12:15:00,2022,6,25,12,15,92,92064,A13,48.8395693208,2.2020814717,Plein jour,Hors agglomération,Hors intersection,Pluie légère,Deux véhicules - arrière,1,1,3,0,1,1,2,0,1,70,2,2,1,0,0,1,48.0,21.0,deux_roues,voiture,1,1,1,2,2
202200019700,2022-02-11 16:30:00,2022,2,11,16,30,89,89387,PRESIDENT KENNEDY (BOULEVARD DU),48.19093,3.2854,Plein jour,En agglomération,Intersection en T,Normale,Deux véhicules - côté,4,2,3,1,1,2,1,5,5,50,2,2,1,0,1,0,24.0,76.0,voiture,deux_roues,1,2,3,1,3
202200019701,2022-06-25 03:00:00,2022,6,25,3,0,78,78640,N118,48.7849757564,2.2229106395,Nuit avec éclairage allumé,Hors agglomération,Hors intersection,Normale,Autre collision,2,1,1,0,1,1,1,0,1,50,1,1,0,0,1,0,22.0,,voiture,,5,1,1,1,6
202200019702,2022-04-20 22:30:00,2022,4,20,22,30,976,97611,kaweni-Poste ( rue de la ),-12.77245,45.22313,Nuit avec éclairage allumé,En agglomération,Intersection en X,Normale,Deux véhicules - côté,2,2,2,0,1,1,1,0,1,50,2,2,0,0,0,2,43.0,44.0,deux_roues,deux_roues,5,2,2,1,3
202200019703,2022-06-24 02:10:00,2022,6,24,2,10,78,78043,A13W,48.84554,2.08476,Nuit sans éclairage public,Hors agglomération,Hors intersection,Pluie légère,Deux véhicules - arrière,1,1,4,0,1,1,2,0,1,110,2,4,3,0,0,1,,20.0,voiture,voiture,3,1,1,2,2
202200019704,2022-04-20 13:50:00,2022,4,20,13,50,974,97416,RN3 (1),-21.31082,55.49683,Plein jour,Hors agglomération,Hors intersection,Normale,Deux véhicules - arrière,2,3,4,0,1,1,1,0,1,110,2,2,1,0,0,1,73.0,38.0,voiture,voiture,1,1,1,1,2
202200019705,2022-04-20 16:40:00,2022,4,20,16,40,69,69384,Avenue de Birmingham,45.77477,4.81117,Plein jour,En agglomération,Hors intersection,Normale,Autre collision,4,2,4,1,1,1,1,-1,5,25,1,1,0,0,0,1,71.0,,deux_roues,,1,2,1,1,6
202200019706,2022-04-20 11:23:00,2022,4,20,11,23,69,69389,Place de Paris,45.7792,4.80412,Plein jour,En agglomération,Intersection en X,Normale,Autre collision,4,2,2,0,1,1,1,0,1,50,1,2,1,0,1,0,21.0,,utilitaire_camion,,1,2,2,1,6
202200019707,2022-06-25 07:30:00,2022,6,25,7,30,95,95678,RN 104,49.069221,2.249477,Plein jour,Hors agglomération,Hors intersection,Normale,Deux véhicules - arrière,2,3,4,0,1,3,1,0,1,110,2,4,2,0,0,2,50.0,27.0,voiture,voiture,1,1,1,1,2
202200019708,2022-04-20 01:50:00,2022,4,20,1,50,2B,2B037,TOUTES RUES,42.6221199225,9.4368918527,Nuit sans éclairage public,Hors agglomération,Hors intersection,Normale,Deux véhicules - arrière,2,3,4,0,1,1,1,0,1,110,2,2,0,0,0,2,20.0,46.0,voiture,voiture,3,1,1,1,2
202200019709,2022-06-25 02:15:00,2022,6,25,2,15,95,95572, A15,49.0309794287,2.1210640669,Nuit sans éclairage public,Hors agglomération,Hors intersection,Pluie légère,Trois véhicules et plus - en chaîne,1,3,8,0,1,1,2,0,1,110,3,4,2,0,0,2,51.0,49.0,voiture,voiture,3,1,1,2,4
202200019710,2022-04-04 22:05:00,2022,4,4,22,5,971,97101,PERRIN (SECTEUR),16.2762301084,-61.508975029,Nuit avec éclairage allumé,Hors agglomération,Hors intersection,Normale,Deux véhicules - arrière,2,3,4,0,2,1,1,3,1,70,2,2,1,0,1,0,36.0,36.0,voiture,deux_roues,5,1,1,1,2
202200019711,2022-04-19 21:00:00,2022,4,19,21,0,971,97113,SECTION LEROUX,16.2357652235,-61.4726793766,Nuit sans éclairage public,Hors agglomération,Hors intersection,Normale,Autre collision,4,2,2,0,2,4,1,0,3,50,1,1,0,0,1,0,34.0,,voiture,,3,1,1,1,6
202200019712,2022-04-19 11:20:00,2022,4,19,11,20,2A,2A004,MARECHAL LYAUTEY AVENUE IMPAIR,41.94045,8.7461,Plein jour,En agglomération,Hors intersection,Normale,Deux véhicules - côté,4,2,2,0,1,1,1,0,1,50,2,3,1,0,0,2,57.0,36.0,deux_roues,voiture,1,2,1,1,3
202200019713,2022-06-24 16:20:00,2022,6,24,16,20,95,95527, A1,48.9983515319,2.519980967,Plein jour,Hors agglomération,Hors intersection,Pluie légère,Trois véhicules et plus - en chaîne,1,3,8,0,1,1,2,0,1,110,3,3,2,0,0,1,49.0,36.0,utilitaire_camion,utilitaire_camion,1,1,1,2,4
202200019714,2022-04-20 16:50:00,2022,4,20,16,50,95,95539,RD 301,48.99157,2.36011,Plein jour,Hors agglomération,Intersection en X,Normale,Deux véhicules - côté,3,2,4,0,1,1,1,0,1,50,2,3,2,0,0,1,58.0,51.0,voiture,voiture,1,1,2,1,3
202200019715,2022-06-25 10:15:00,2022,6,25,10,15,94,94017,A4,48.8271790507,2.5086856622,Plein jour,Hors agglomération,Hors intersection,Normale,Deux véhicules - côté,1,1,4,0,1,1,1,1,1,90,2,2,1,0,0,1,41.0,64.0,voiture,deux_roues,1,1,1,1,3
202200019716,2022-04-20 16:00:00,2022,4,20,16,0,91,91421,NATIONALE 6 (GLACIERE),48.70081,2.444,Plein jour,Hors agglomération,Hors intersection,Normale,Deux véhicules - arrière,3,3,4,0,1,1,1,0,2,90,2,2,0,0,0,2,70.0,23.0,voiture,voiture,1,1,1,1,2
202200019717,2022-04-19 20:24:00,2022,4,19,20,24,87,87113,JUIN (AVENUE DU MARECHAL),45.8757,1.33121,Plein jour,En agglomération,Hors intersection,Pluie légère,Sans collision,4,2,2,0,1,1,2,0,1,50,1,1,0,0,0,1,23.0,,deux_roues,,1,2,1,2,7
202200019718,2022-06-24 18:45:00,2022,6,24,18,45,77,77363,A104,48.9266610488,2.6288637319,Plein jour,Hors agglomération,Hors intersection,Normale,Autre collision,1,3,4,0,1,1,1,0,1,90,3,3,2,0,0,1,64.0,40.0,voiture,voiture,1,1,1,1,6