accident_id,datetime,annee,mois,jour,heure,minute,departement,commune_insee,adresse,latitude,longitude,luminosite,agglomeration,intersection,meteo,collision,catr,circ,nbv,vosp,prof,plan,surf,infra,situ,vma,nb_vehicules,nb_usagers,nb_indemnes,nb_tues,nb_blesses_hosp,nb_blesses_legers,age_cond_1,age_cond_2,veh_type_cond_1,veh_type_cond_2,lum_code,agg_code,int_code,atm_code,col_code
202200019719,2022-06-24 13:13:00,2022,6,24,13,13,37,37261,GRANGES SAINT MARTIN (ALLEE DES),47.37932,0.69866,Plein jour,En agglomération,Hors intersection,Normale,Autre collision,4,2,1,0,1,1,1,0,1,50,1,2,1,0,0,1,30.0,,voiture,,1,2,1,1,6
202200019720,2022-04-11 10:25:00,2022,4,11,10,25,85,85191,57 Boulevard édouard branly,46.676314,-1.44097,Plein jour,En agglomération,Intersection en X,Temps éblouissant,Deux véhicules - côté,4,-1,2,0,1,1,1,0,1,50,2,3,2,0,0,1,71.0,37.0,voiture,voiture,1,2,2,7,3
202200019721,2022-06-23 10:40:00,2022,6,23,10,40,86,86194,Avenue de lafayette,46.575962,0.376024,Plein jour,En agglomération,Hors intersection,Normale,Autre collision,4,3,4,0,1,1,1,0,1,50,1,2,1,1,0,0,74.0,,voiture,,1,2,1,1,6
202200019722,2022-04-20 07:30:00,2022,4,20,7,30,78,78551,SCHUBERT (FRANTZ),48.89479,2.06977,Plein jour,En agglomération,Hors intersection,Normale,Deux véhicules - côté,4,1,1,0,2,1,1,0,1,30,2,3,2,0,0,1,30.0,45.0,deux_roues,voiture,1,2,1,1,3
202200019723,2022-04-20 14:45:00,2022,4,20,14,45,78,78440,TOULOUSE LAUTREC (RUE),48.995878,1.916121,Plein jour,En agglomération,Giratoire,Normale,Deux véhicules - arrière,4,2,2,0,1,1,1,0,1,30,2,2,1,0,0,1,27.0,36.0,deux_roues,voiture,1,2,6,1,2
202200019724,2022-04-25 11:50:00,2022,4,25,11,50,976,97611,cavani-Kavani sud ( rue ),-12.78656,45.21934,Plein jour,En agglomération,Intersection en T,Normale,Autre collision,4,4,3,0,2,1,1,0,1,30,1,2,1,0,1,0,36.0,,voiture,,1,2,3,1,6
202200019725,2022-04-19 18:00:00,2022,4,19,18,0,65,65440,TENOT (RUE EUGENE),43.234779,0.078536,Plein jour,En agglomération,Hors intersection,Pluie légère,Deux véhicules - côté,4,2,2,0,1,1,2,0,1,50,2,2,1,0,0,1,52.0,57.0,deux_roues,voiture,1,2,1,2,3
202200019726,2022-04-20 08:15:00,2022,4,20,8,15,64,64335,Chemin de Beyrie,43.34264,-0.43745,Plein jour,Hors agglomération,Hors intersection,Pluie légère,Sans collision,4,2,1,0,1,3,2,0,1,30,1,1,0,0,0,1,32.0,,voiture,,1,1,1,2,7
202200019727,2022-04-24 17:40:00,2022,4,24,17,40,976,97611,cavani-Rond point du Stade,-12.78378,45.22269,Crépuscule ou aube,En agglomération,Intersection en T,Normale,Deux véhicules - côté,3,2,2,0,1,1,1,0,1,30,2,2,1,0,0,1,60.0,25.0,voiture,deux_roues,2,2,3,1,3
202200019728,2022-04-19 18:45:00,2022,4,19,18,45,64,64445,HAUTERIVE,43.32468,-0.356924,Plein jour,En agglomération,Intersection en T,Pluie forte,Deux véhicules - côté,4,2,3,0,1,1,2,0,1,50,2,3,2,0,0,1,31.0,28.0,voiture,voiture,1,2,3,3,3
202200019729,2022-04-20 20:25:00,2022,4,20,20,25,61,61143,MONTFOULON (CHEMIN DE),48.4422,0.05881,Plein jour,Hors agglomération,Giratoire,Normale,Sans collision,3,1,1,0,1,2,1,9,6,50,1,1,0,0,0,1,52.0,,deux_roues,,1,1,6,1,7
202200019730,2022-04-17 14:00:00,2022,4,17,14,0,976,97611,passamanty-Vahibé ( route ),-12.79409,45.21474,Plein jour,En agglomération,Intersection en T,Normale,Deux véhicules - côté,3,4,3,0,1,1,1,0,1,30,2,2,1,0,1,0,29.0,41.0,deux_roues,voiture,1,2,3,1,3
202200019731,2022-04-20 23:10:00,2022,4,20,23,10,59,59599,LEBAS (RUE JEAN BAPTISTE),50.72424,3.17278,Nuit avec éclairage allumé,En agglomération,Intersection en X,Normale,Deux véhicules - côté,4,2,2,0,1,1,1,0,1,50,2,3,1,0,0,2,49.0,22.0,voiture,voiture,5,2,2,1,3
202200019732,2022-04-20 23:15:00,2022,4,20,23,15,59,59650,BEAULIEU (RUE DE),50.7011,3.23806,Nuit avec éclairage allumé,En agglomération,Hors intersection,Normale,Autre collision,4,-1,1,0,1,2,1,0,1,50,1,1,0,0,1,0,24.0,,deux_roues,,5,2,1,1,6
202200019733,2022-04-20 15:10:00,2022,4,20,15,10,59,59365,JULES GALLOIS (RUE),50.2695522707,3.9657526014,Plein jour,En agglomération,Hors intersection,Normale,Autre collision,3,2,2,0,2,2,1,0,1,50,1,2,1,0,1,0,80.0,,voiture,,1,2,1,1,6
202200019734,2022-04-04 05:45:00,2022,4,4,5,45,91,91228,AV DU LAC,48.617672,2.430101,Nuit avec éclairage allumé,En agglomération,Intersection en X,Normale,Deux véhicules - côté,4,1,1,1,1,1,1,0,1,50,2,2,1,0,0,1,41.0,28.0,voiture,deux_roues,5,2,2,1,3
202200019735,2022-04-20 13:40:00,2022,4,20,13,40,59,59009,OUEST BOULEVARD DE L,50.635462853,3.1217694283,Plein jour,En agglomération,Hors intersection,Normale,Deux véhicules - côté,7,2,2,3,1,1,1,0,1,50,2,3,1,0,0,2,68.0,75.0,voiture,voiture,1,2,1,1,3
202200019736,2022-04-22 18:43:00,2022,4,22,18,43,77,77445,MENDES-FRANCE (AVENUE PIERRE),48.59467,2.56682,Plein jour,En agglomération,Hors intersection,Normale,Deux véhicules - côté,4,2,2,0,1,1,1,0,1,50,1,2,1,0,0,1,,,utilitaire_camion,,1,2,1,1,3
202200019737,2022-04-19 16:30:00,2022,4,19,16,30,56,56098,GAGARINE (RUE  YOURI ),47.77435,-3.34144,Plein jour,En agglomération,Intersection en T,Normale,Deux véhicules - côté,4,2,2,0,1,1,1,0,1,50,2,2,0,0,0,2,25.0,25.0,voiture,voiture,1,2,3,1,3
202200019738,2022-04-25 09:00:00,2022,4,25,9,0,26,26198,RAVALY ( Chemin de),44.53454,4.75893,Plein jour,En agglomération,Intersection en X,Normale,Deux véhicules - côté,3,2,3,0,1,1,1,5,1,70,2,2,1,0,0,1,33.0,73.0,voiture,voiture,1,2,2,1,3
202200019739,2022-04-15 15:22:00,2022,4,15,15,22,54,54329,COUR DE VERDUN,48.59227,6.51003,Plein jour,En agglomération,Giratoire,Normale,Deux véhicules - côté,3,2,2,2,1,1,1,5,1,30,2,2,1,0,1,0,77.0,35.0,deux_roues,voiture,1,2,6,1,3
202200019740,2022-06-21 16:30:00,2022,6,21,16,30,974,97416,BADAMIER(CHEMIN),-21.324709,55.458063,Plein jour,En agglomération,Hors intersection,Normale,Autre collision,4,2,2,0,2,2,1,0,4,50,1,2,1,0,0,1,67.0,,voiture,,1,2,1,1,6
202200019741,2022-04-17 22:50:00,2022,4,17,22,50,54,54323,DIX-NEUF MARS 1962 (RUE DU),49.51518,5.75682,Nuit avec éclairage allumé,En agglomération,Hors intersection,Normale,Autre collision,4,2,2,0,1,3,1,0,4,50,1,2,1,1,0,0,19.0,,voiture,,5,2,1,1,6
202200019742,2022-06-22 21:00:00,2022,6,22,21,0,974,97411,JAURES (BOULEVARD JEAN),-20.88992,55.46104,Nuit avec éclairage allumé,En agglomération,Hors intersection,Normale,Deux véhicules - arrière,4,1,2,0,1,1,1,0,1,50,2,2,1,0,0,1,59.0,27.0,voiture,deux_roues,5,2,1,1,2
202200019743,2022-04-14 21:10:00,2022,4,14,21,10,50,50129,BREMERHAVEN (AVENUE DE),49.63084,-1.60558,Nuit avec éclairage allumé,En agglomération,Hors intersection,Normale,Autre collision,4,2,1,0,1,1,1,0,1,50,1,1,0,0,0,1,24.0,,voiture,,5,2,1,1,6
202200019744,2022-04-17 16:52:00,2022,4,17,16,52,49,49353,FOURCAULT,47.44559,-0.49336,Plein jour,En agglomération,Hors intersection,Normale,Sans collision,4,2,2,0,1,1,1,0,1,30,1,1,0,0,0,1,32.0,,deux_roues,,1,2,1,1,7
202200019745,2022-06-24 16:30:00,2022,6,24,16,30,973,97302,NOVAPARC (RESIDENCE) RTE DE RABAN,4.923172797,-52.3125815392,Plein jour,En agglomération,Hors intersection,Normale,Autre collision,4,2,2,0,1,1,1,0,8,50,2,2,1,0,0,1,22.0,49.0,autre,deux_roues,1,2,1,1,6
202200019746,2022-04-20 09:04:00,2022,4,20,9,4,49,49246,EUROPE AVENUE,47.44,-0.52929,Plein jour,En agglomération,Hors intersection,Normale,Deux véhicules - arrière,4,2,4,2,1,3,1,0,1,50,2,2,1,0,0,1,50.0,56.0,voiture,voiture,1,2,1,1,2
202200019747,2022-06-24 11:23:00,2022,6,24,11,23,973,97302,RABAN (ROUTE DE),4.9271897165,-52.3140648007,Plein jour,En agglomération,Hors intersection,Normale,Autre collision,4,2,2,0,1,1,1,0,8,50,1,2,1,0,0,1,19.0,,voiture,,1,2,1,1,6
202200019748,2022-04-17 23:10:00,2022,4,17,23,10,49,49007,BEDIER BOULEVARD,47.45059,-0.55279,Nuit avec éclairage allumé,En agglomération,Hors intersection,Normale,Deux véhicules - côté,4,2,2,0,1,1,1,0,1,50,2,3,1,0,0,2,28.0,23.0,utilitaire_camion,voiture,5,2,1,1,3
202200019749,2022-04-16 19:07:00,2022,4,16,19,7,49,49267,REUX,47.4702,-0.50962,Crépuscule ou aube,En agglomération,Hors intersection,Normale,Sans collision,4,2,2,0,1,3,1,0,1,50,1,1,0,0,0,1,23.0,,deux_roues,,2,2,1,1,7
202200019750,2022-06-24 17:20:00,2022,6,24,17,20,69,69383,Rue Léon Jouhaux,45.75675,4.85394,Plein jour,En agglomération,Autre intersection,Normale,Autre collision,4,1,1,0,1,1,1,0,1,30,1,2,1,0,0,1,23.0,,voiture,,1,2,9,1,6
202200019751,2022-04-16 17:25:00,2022,4,16,17,25,44,44184,13 Rue Vasco de Gama,47.28515,-2.22679,Plein jour,En agglomération,Intersection en T,Normale,Deux véhicules - côté,4,2,2,0,1,1,1,0,1,50,2,3,0,0,1,2,33.0,19.0,voiture,deux_roues,1,2,3,1,3
202200019752,2022-04-20 13:05:00,2022,4,20,13,5,37,37261,EINSTEIN (RUE ALBERT),47.4263416311,0.7065689564,Plein jour,En agglomération,Autre intersection,Normale,Autre collision,4,2,2,0,1,1,1,0,4,50,1,1,0,0,0,1,49.0,,voiture,,1,2,9,1,6
202200019753,2022-06-24 09:20:00,2022,6,24,9,20,69,69383,Rue de Bonnel,45.76175,4.8474,Plein jour,En agglomération,Intersection en T,Pluie forte,Autre collision,4,1,3,3,1,1,2,0,1,50,1,1,0,0,0,1,28.0,,voiture,,1,2,3,3,6
202200019754,2022-04-20 05:35:00,2022,4,20,5,35,35,35055,AUVERGNE (RUE D'),48.0863693831,-1.6143612564,Nuit avec éclairage allumé,En agglomération,Intersection en T,Normale,Deux véhicules - côté,4,2,2,0,1,1,1,0,1,50,2,2,1,0,0,1,27.0,44.0,deux_roues,voiture,5,2,3,1,3
202200019755,2022-04-19 19:40:00,2022,4,19,19,40,34,34129,1514 Route de Saint Jean de Vedas,43.56377,3.86779,Plein jour,Hors agglomération,Hors intersection,Normale,Trois véhicules et plus - collisions multiples,7,2,0,0,1,1,1,0,1,50,3,6,2,0,0,4,59.0,34.0,voiture,voiture,1,1,1,1,5
202200019756,2022-06-24 08:10:00,2022,6,24,8,10,69,69259,Avenue de la République,45.7078741546,4.8646877598,Plein jour,En agglomération,Intersection en T,Normale,Autre collision,4,2,2,2,1,1,1,8,3,50,1,3,2,0,0,1,31.0,,voiture,,1,2,3,1,6
202200019757,2022-06-24 08:47:00,2022,6,24,8,47,2A,2A004,CAPO DI FENO RTE,41.9329,8.67037,Plein jour,Hors agglomération,Hors intersection,Normale,Sans collision,3,2,2,0,2,4,1,0,1,50,1,1,0,0,0,1,30.0,,deux_roues,,1,1,1,1,7
202200019758,2022-04-20 11:40:00,2022,4,20,11,40,33,33063,Rue Ernest Renan,44.84861,-0.59175,Plein jour,En agglomération,Intersection en T,Pluie forte,Autre collision,4,1,1,2,1,1,2,0,1,30,1,2,1,0,1,0,89.0,,voiture,,1,2,3,3,6
202200019759,2022-04-20 13:57:00,2022,4,20,13,57,31,31555,AV DES ETATS UNIS,43.66657,1.41201,Plein jour,En agglomération,Hors intersection,Temps couvert,Sans collision,7,2,3,3,1,1,1,0,1,50,1,1,0,0,1,0,17.0,,deux_roues,,1,2,1,8,7
202200019760,2022-04-19 19:30:00,2022,4,19,19,30,31,31555,RUE DE LA NIVE,43.60357,1.47779,Nuit avec éclairage allumé,En agglomération,Autre intersection,Pluie légère,Autre collision,4,1,1,0,1,3,2,9,1,30,1,2,1,0,0,1,63.0,,voiture,,5,2,9,2,6
202200019761,2022-06-24 10:00:00,2022,6,24,10,0,95,95428,Rue Gallieni,48.997287461,2.3235493898,Plein jour,En agglomération,Intersection en X,Normale,Deux véhicules - côté,3,2,2,0,1,1,1,5,1,50,2,3,2,0,0,1,68.0,33.0,voiture,voiture,1,2,2,1,3
202200019762,2022-04-20 14:00:00,2022,4,20,14,0,23,23096,STALINGRAD (RUE DE),46.17486,1.87358,Plein jour,En agglomération,Hors intersection,Temps couvert,Autre collision,4,2,3,0,1,3,1,0,1,50,2,3,2,0,0,1,23.0,62.0,voiture,voiture,1,2,1,8,6
202200019763,2022-04-20 23:30:00,2022,4,20,23,30,13,13210,PONT DE VIVAUX (BOULEVARD),43.29,5.42,Nuit avec éclairage allumé,En agglomération,Intersection en X,Pluie légère,Deux véhicules - côté,4,2,3,0,1,1,2,5,1,50,2,2,1,0,0,1,16.0,21.0,deux_roues,voiture,5,2,2,2,3
202200019764,2022-06-24 13:30:00,2022,6,24,13,30,95,95183,RD 14,49.05907,1.9997,Plein jour,Hors agglomération,Hors intersection,Normale,Deux véhicules - côté,3,3,4,0,1,1,1,0,1,110,2,2,0,0,2,0,28.0,25.0,deux_roues,voiture,1,1,1,1,3
202200019765,2022-04-20 14:45:00,2022,4,20,14,45,13,13214,SAINTE MARTHE (chemin),43.32517,5.38828,Plein jour,En agglomération,Hors intersection,Pluie légère,Trois véhicules et plus - en chaîne,4,2,2,0,1,1,2,0,1,50,3,5,3,0,0,2,55.0,25.0,voiture,voiture,1,2,1,2,4
202200019766,2022-06-24 19:25:00,2022,6,24,19,25,91,91432,AV CHARLES DE GAULLE,48.7058,2.35177,Plein jour,Hors agglomération,Hors intersection,Normale,Deux véhicules - arrière,3,1,1,0,1,1,1,0,1,50,2,2,1,0,0,1,39.0,50.0,deux_roues,voiture,1,1,1,1,2
202200019767,2022-06-24 05:35:00,2022,6,24,5,35,89,89024,Avenue des Clairions,47.80405,3.57265,Nuit avec éclairage allumé,En agglomération,Hors intersection,Normale,Autre collision,4,2,2,0,2,3,2,0,4,50,1,1,0,1,0,0,24.0,,voiture,,5,2,1,1,6
202200019768,2022-04-20 11:15:00,2022,4,20,11,15,13,13210,CORPS EXPEDITIONNAIRE FRANCAIS (AV DU),43.2799722826,5.4420520156,Plein jour,En agglomération,Hors intersection,Normale,Deux véhicules - côté,4,2,2,0,1,1,1,0,1,50,2,2,1,0,0,1,57.0,29.0,voiture,deux_roues,1,2,1,1,3
202200019769,2022-04-12 14:30:00,2022,4,12,14,30,13,13205,SAKAKINI (BOULEVARD),43.2937,5.40141,Plein jour,En agglomération,Intersection en T,Normale,Deux véhicules - côté,4,2,6,0,1,1,1,0,1,50,2,2,1,0,0,1,52.0,41.0,deux_roues,voiture,1,2,3,1,3
202200019770,2022-04-20 12:45:00,2022,4,20,12,45,13,13005,MARIN BLANC (AVENUE DU),43.28488,5.59667,Plein jour,En agglomération,Hors intersection,Normale,Deux véhicules - arrière,4,2,2,0,1,3,1,0,1,50,2,2,1,0,0,1,58.0,17.0,voiture,deux_roues,1,2,1,1,2
202200019771,2022-06-23 16:54:00,2022,6,23,16,54,87,87085,FOUGERAS (RUE DE),45.86875,1.29649,Plein jour,En agglomération,Intersection en X,Normale,Trois véhicules et plus - en chaîne,3,3,4,0,1,1,1,5,1,50,3,3,2,0,0,1,61.0,77.0,voiture,voiture,1,2,2,1,4
202200019772,2022-06-23 21:10:00,2022,6,23,21,10,83,83123,BANDOL (ROUTE)N° PAIRS,43.13621,5.77755,Plein jour,En agglomération,Hors intersection,Normale,Trois véhicules et plus - collisions multiples,3,-1,2,0,2,2,1,0,1,50,3,3,2,0,1,0,25.0,51.0,deux_roues,voiture,1,2,1,1,5
202200019773,2022-04-20 19:40:00,2022,4,20,19,40,09,09122,ROQUEFIXADE (ROUTE DE),42.952027,1.627523,Plein jour,En agglomération,Hors intersection,Pluie légère,Autre collision,3,2,2,0,1,1,2,9,3,50,1,1,0,0,0,1,35.0,,voiture,,1,2,1,2,6
202200019774,2022-04-19 16:25:00,2022,4,19,16,25,06,06029,MAUBERT (RONT POINT GAL),43.55112,7.03,Plein jour,En agglomération,Giratoire,Normale,Deux véhicules - côté,4,1,2,0,1,2,1,5,1,50,2,2,1,0,0,1,42.0,70.0,voiture,deux_roues,1,2,6,1,3
202200019775,2022-06-16 16:30:00,2022,6,16,16,30,83,83129,REPENTANCE (CHEMIN DE),43.092472,5.812256,Plein jour,En agglomération,Intersection en T,Normale,Deux véhicules - côté,4,2,2,0,1,2,1,0,1,50,2,2,1,0,1,0,84.0,56.0,voiture,deux_roues,1,2,3,1,3
202200019776,2022-04-20 17:35:00,2022,4,20,17,35,75,75116,BD PERIPHERIQUE INTERIEUR,48.8532095859,2.2531234678,Plein jour,En agglomération,Hors intersection,Normale,Trois véhicules et plus - en chaîne,4,1,3,0,1,1,1,1,1,50,3,3,2,0,0,1,55.0,30.0,deux_roues,utilitaire_camion,1,2,1,1,4
202200019777,2022-06-24 22:15:00,2022,6,24,22,15,83,83069,MARINE (BOULEVARD DE LA),43.08677,6.15733,Nuit avec éclairage allumé,En agglomération,Hors intersection,Normale,Autre collision,7,2,2,0,1,2,1,0,1,50,1,2,0,0,1,1,18.0,,deux_roues,,5,2,1,1,6
202200019778,2022-04-20 16:45:00,2022,4,20,16,45,75,75120,BD PERIPHERIQUE EXTERIEUR,48.872563287,2.4126230426,Plein jour,En agglomération,Hors intersection,Normale,Trois véhicules et plus - en chaîne,4,1,4,0,1,1,1,0,1,50,3,3,2,0,0,1,79.0,62.0,voiture,voiture,1,2,1,1,4
202200019779,2022-04-20 01:08:00,2022,4,20,1,8,75,75120,Echangeur Bagnolet,48.862954974,2.4140900373,Nuit avec éclairage non allumé,En agglomération,Hors intersection,Normale,Autre collision,4,1,2,0,3,1,1,0,1,50,1,1,0,0,0,1,54.0,,deux_roues,,4,2,1,1,6
202200019780,2022-06-23 19:00:00,2022,6,23,19,0,83,83069,FONT DES HORTS (AVENUE DE LA),43.0915347466,6.1229896545,Plein jour,En agglomération,Intersection en T,Normale,Autre collision,4,2,2,0,4,1,1,0,1,50,2,3,0,0,0,3,27.0,41.0,deux_roues,transport_commun,1,2,3,1,6
202200019781,2022-04-20 09:50:00,2022,4,20,9,50,75,75107,PLACE DE LA RESISTANCE,48.8622779677,2.3015612868,Plein jour,En agglomération,Intersection en X,Normale,Deux véhicules - arrière,4,2,8,0,1,1,1,0,1,30,2,4,3,0,0,1,37.0,48.0,voiture,voiture,1,2,2,1,2
202200019782,2022-06-24 11:55:00,2022,6,24,11,55,81,81163,USINES,43.47598,2.37339,Plein jour,Hors agglomération,Hors intersection,Normale,Autre collision,3,2,2,0,2,1,1,0,8,80,1,1,0,0,0,1,31.0,,utilitaire_camion,,1,1,1,1,6
202200019783,2022-04-20 20:45:00,2022,4,20,20,45,75,75120,AVENUE GAMBETTA,48.875674,2.405975,Nuit avec éclairage allumé,En agglomération,Intersection en T,Normale,Deux véhicules - côté,4,2,2,3,1,1,1,-1,6,30,2,2,1,0,0,1,63.0,,voiture,voiture,5,2,3,1,3
202200019784,2022-04-20 18:40:00,2022,4,20,18,40,75,75120,RUE DES COURONNES,48.870445,2.387193,Plein jour,En agglomération,Hors intersection,Normale,Sans collision,4,2,2,0,2,1,1,0,1,30,1,1,0,0,0,1,46.0,,deux_roues,,1,2,1,1,7
202200019785,2022-06-24 10:20:00,2022,6,24,10,20,78,78172,MANGIN (RUE DU GENERAL),48.99191,2.08474,Plein jour,En agglomération,Hors intersection,Normale,Deux véhicules - arrière,4,2,2,0,1,1,1,0,1,50,2,2,0,0,0,2,45.0,27.0,voiture,voiture,1,2,1,1,2
202200019786,2022-04-20 16:25:00,2022,4,20,16,25,75,75119,AVENUE SIMON BOLIVAR,48.874981,2.382634,Plein jour,En agglomération,Hors intersection,Normale,Deux véhicules - côté,4,2,3,0,2,1,1,0,1,30,2,3,1,0,0,2,,42.0,voiture,deux_roues,1,2,1,1,3
202200019787,2022-04-20 18:30:00,2022,4,20,18,30,75,75118,RUE CHAMPIONNET,48.8930091738,2.3274121883,Plein jour,En agglomération,Intersection à plus de 4 branches,Normale,Autre collision,4,2,3,0,1,1,1,0,1,30,1,2,1,0,0,1,,,deux_roues,,1,2,5,1,6
202200019788,2022-02-25 20:15:00,2022,2,25,20,15,75,75118,Boulevard Marguerite de Rochechouart,48.8835557512,2.3469894381,Nuit avec éclairage allumé,En agglomération,Intersection en X,Normale,Deux véhicules - côté,4,3,3,0,1,1,1,0,1,30,2,2,1,0,0,1,23.0,49.0,deux_roues,voiture,5,2,2,1,3
202200019789,2022-04-20 10:15:00,2022,4,20,10,15,75,75117,BOULEVARD DES BATIGNOLLES,48.8813983014,2.3163557873,Plein jour,En agglomération,Intersection en X,Normale,Deux véhicules - arrière,4,3,3,0,1,1,1,0,1,30,2,3,2,0,0,1,,49.0,voiture,deux_roues,1,2,2,1,2
202200019790,2022-06-24 18:15:00,2022,6,24,18,15,77,77449,D344,48.85388,2.77368,Plein jour,En agglomération,Intersection en X,Pluie légère,Deux véhicules - côté,3,2,4,0,1,1,2,5,1,50,2,7,6,0,0,1,19.0,46.0,voiture,voiture,1,2,2,2,3
202200019791,2022-06-22 14:25:00,2022,6,22,14,25,71,71270,258 Avenue des Gaises,46.31661,4.82665,Plein jour,En agglomération,Hors intersection,Pluie légère,Sans collision,4,-1,0,0,2,3,2,0,4,10,1,1,0,0,0,1,17.0,,deux_roues,,1,2,1,2,7
202200019792,2022-04-20 18:20:00,2022,4,20,18,20,75,75116,BOULEVARD MURAT,48.8429606172,2.2563420392,Plein jour,En agglomération,Intersection en Y,Normale,Deux véhicules - côté,4,2,2,0,1,1,1,0,1,30,2,2,1,0,0,1,33.0,28.0,voiture,deux_roues,1,2,4,1,3
202200019793,2022-06-24 09:35:00,2022,6,24,9,35,66,66136,KENNEDY (BD JOHN-FITZGERALD),42.6886533361,2.9041390121,Plein jour,En agglomération,Hors intersection,Normale,Autre collision,4,3,4,0,1,1,1,0,1,50,1,2,1,0,0,1,29.0,,voiture,,1,2,1,1,6
202200019794,2022-04-19 12:00:00,2022,4,19,12,0,75,75115,BOULEVARD DU MONTPARNASSE,48.846365,2.3175,Plein jour,En agglomération,Hors intersection,Normale,Deux véhicules - côté,4,2,4,3,1,1,1,-1,6,30,2,2,1,0,0,1,51.0,35.0,voiture,deux_roues,1,2,1,1,3
202200019795,2022-04-20 21:36:00,2022,4,20,21,36,75,75112,AVENUE DAUMESNIL,48.848026,2.373838,Nuit avec éclairage allumé,En agglomération,Intersection en T,Normale,Deux véhicules - côté,4,2,4,3,1,1,1,-1,6,50,2,2,1,0,0,1,31.0,,deux_roues,voiture,5,2,3,1,3
202200019796,2022-06-24 19:26:00,2022,6,24,19,26,64,64445,rue Ronsard,43.31876,-0.35987,Plein jour,En agglomération,Hors intersection,Normale,Deux véhicules - côté,4,2,2,0,1,1,1,0,1,50,2,2,1,0,0,1,13.0,25.0,deux_roues,voiture,1,2,1,1,3
202200019797,2022-04-20 00:00:00,2022,4,20,0,0,75,75111,RUE DU FAUBOURG SAINT ANTOINE,48.8486279275,2.3943630606,Nuit avec éclairage allumé,En agglomération,Place,Normale,Deux véhicules - côté,4,3,2,1,1,1,1,-1,5,50,2,2,1,0,0,1,44.0,26.0,utilitaire_camion,deux_roues,5,2,7,1,3
202200019798,2022-04-20 14:30:00,2022,4,20,14,30,75,75108,RUE DU FAUBOURG SAINT HONORE,48.8774755792,2.2992870162,Plein jour,En agglomération,Hors intersection,Normale,Deux véhicules - côté,4,2,4,0,1,1,1,0,1,30,2,2,0,0,0,2,26.0,74.0,deux_roues,deux_roues,1,2,1,1,3
202200019799,2022-06-23 15:57:00,2022,6,23,15,57,63,63113,24 boulevard Charles de Gaulle,45.77292,3.08268,Plein jour,En agglomération,Hors intersection,Normale,Deux véhicules - arrière,4,1,1,0,1,1,1,0,1,50,2,2,1,0,0,1,70.0,20.0,voiture,voiture,1,2,1,1,2
202200019800,2022-04-20 10:30:00,2022,4,20,10,30,75,75108,RUE LA BOETIE,48.871855,2.308342,Plein jour,En agglomération,Hors intersection,Normale,Deux véhicules - côté,4,1,1,0,1,1,1,0,1,30,2,2,1,0,0,1,24.0,25.0,utilitaire_camion,deux_roues,1,2,1,1,3
202200019801,2022-06-24 13:00:00,2022,6,24,13,0,61,61497,ROUTE DEPARTEMENTALE 112,48.45116,0.11823,Plein jour,Hors agglomération,Hors intersection,Normale,Deux véhicules - frontale,3,2,4,1,2,1,2,0,1,70,2,2,0,0,0,2,23.0,29.0,voiture,voiture,1,1,1,1,1
202200019802,2022-04-20 19:33:00,2022,4,20,19,33,75,75107,QUAI D ORSAY,48.8628350105,2.3134476815,Plein jour,En agglomération,Intersection en X,Normale,Deux véhicules - côté,4,2,7,1,1,1,1,-1,5,30,2,3,1,0,0,2,19.0,32.0,deux_roues,voiture,1,2,2,1,3
202200019803,2022-04-20 15:30:00,2022,4,20,15,30,75,75107,BOULEVARD DES INVALIDES,48.856801,2.314902,Plein jour,En agglomération,Hors intersection,Normale,Autre collision,4,1,1,0,1,1,1,0,1,30,1,2,1,0,0,1,32.0,,deux_roues,,1,2,1,1,6
202200019804,2022-06-24 13:40:00,2022,6,24,13,40,57,57751,route de thionville,49.1786,6.1616,Plein jour,Hors agglomération,Hors intersection,Pluie forte,Trois véhicules et plus - collisions multiples,7,2,2,0,1,3,2,0,1,80,3,5,1,0,0,4,43.0,31.0,voiture,voiture,1,1,1,3,5
202200019805,2022-06-23 12:50:00,2022,6,23,12,50,56,56121,SOUS-MARIN VENUS (RUE DU),47.733154,-3.37526925,Plein jour,En agglomération,Intersection en X,Normale,Deux véhicules - frontale,4,2,2,0,1,1,1,0,1,30,2,2,1,0,0,1,64.0,46.0,deux_roues,voiture,1,2,2,1,1
202200019806,2022-04-19 12:30:00,2022,4,19,12,30,75,75107,ROND POINT DU BLEUET DE FRANCE,48.8584528818,2.3123726249,Plein jour,En agglomération,Giratoire,Normale,Deux véhicules - arrière,4,1,3,0,1,1,1,8,1,30,2,2,1,0,0,1,74.0,56.0,voiture,deux_roues,1,2,6,1,2
202200019807,2022-04-20 12:15:00,2022,4,20,12,15,75,75101,RUE DU MONT THABOR,48.866687,2.325568,Plein jour,En agglomération,Intersection en X,Normale,Autre collision,4,1,1,0,1,1,1,0,1,30,1,2,1,0,0,1,42.0,,voiture,,1,2,2,1,6
202200019808,2022-06-23 08:10:00,2022,6,23,8,10,56,56121,D465 Desserte Portuaire,47.76658,-3.37869,Plein jour,Hors agglomération,Hors intersection,Pluie légère,Deux véhicules - arrière,3,3,4,0,1,1,2,0,1,70,2,2,1,0,0,1,20.0,36.0,voiture,voiture,1,1,1,2,2
202200019809,2022-04-19 08:10:00,2022,4,19,8,10,75,75104,BOULEVARD HENRI IV,48.852107,2.365651,Plein jour,En agglomération,Intersection en T,Normale,Deux véhicules - côté,4,2,4,3,1,1,1,-1,6,30,2,2,1,0,0,1,25.0,32.0,deux_roues,voiture,1,2,3,1,3
202200019810,2022-06-24 18:50:00,2022,6,24,18,50,54,54395,Rue Jeanne d'Arc,48.6856875923,6.1719265581,Plein jour,En agglomération,Intersection en T,Normale,Deux véhicules - côté,4,1,3,3,1,1,1,0,4,30,2,2,1,0,0,1,17.0,36.0,deux_roues,voiture,1,2,3,1,3