accident_id,datetime,annee,mois,jour,heure,minute,departement,commune_insee,adresse,latitude,longitude,luminosite,agglomeration,intersection,meteo,collision,catr,circ,nbv,vosp,prof,plan,surf,infra,situ,vma,nb_vehicules,nb_usagers,nb_indemnes,nb_tues,nb_blesses_hosp,nb_blesses_legers,age_cond_1,age_cond_2,veh_type_cond_1,veh_type_cond_2,lum_code,agg_code,int_code,atm_code,col_code
202200019904,2022-06-23 18:50:00,2022,6,23,18,50,13,13201,RIVE NEUVE (QUAI DE),43.2937209136,5.3730225563,Plein jour,En agglomération,Autre intersection,Normale,Deux véhicules - côté,4,2,3,0,1,1,1,9,8,50,2,4,2,0,0,2,21.0,29.0,voiture,deux_roues,1,2,9,1,3
202200019905,2022-06-24 19:35:00,2022,6,24,19,35,13,13001,GALICE (RTE DE),43.52497,5.38996,Plein jour,En agglomération,Hors intersection,Normale,Autre collision,7,2,2,0,1,1,1,9,1,50,1,2,1,0,1,0,62.0,,voiture,,1,2,1,1,6
202200019906,2022-04-22 11:00:00,2022,4,22,11,0,50,50619,Le Hameau Neel,49.610529,-1.373806,Plein jour,Hors agglomération,Hors intersection,Normale,Sans collision,3,2,2,0,2,1,1,0,1,80,1,1,0,0,1,0,71.0,,deux_roues,,1,1,1,1,7
202200019907,2022-10-07 18:30:00,2022,10,7,18,30,09,09173,RD 919 - Lieu-dit Patau,43.035603,1.542946,Plein jour,Hors agglomération,Hors intersection,Normale,Trois véhicules et plus - collisions multiples,3,2,2,0,2,1,1,0,1,80,4,6,2,1,1,2,30.0,18.0,voiture,utilitaire_camion,1,1,1,1,5
202200019908,2022-04-22 13:15:00,2022,4,22,13,15,60,60238,Rue de Verneuil,49.2587276113,2.5816572904,Plein jour,En agglomération,Hors intersection,Normale,Autre collision,3,2,2,0,1,2,1,0,3,50,1,1,0,0,0,1,30.0,,voiture,,1,2,1,1,6
202200019909,2022-06-24 08:21:00,2022,6,24,8,21,10,10387,PASTEUR (RUE),48.3,4.06529,Plein jour,En agglomération,Hors intersection,Normale,Autre collision,4,2,2,0,1,1,1,0,1,50,3,3,2,0,0,1,59.0,35.0,voiture,voiture,1,2,1,1,6
202200019910,2022-04-21 23:05:00,2022,4,21,23,5,85,85288,D949,46.462944,-1.6384369,Nuit sans éclairage public,Hors agglomération,Hors intersection,Normale,Deux véhicules - frontale,3,2,2,0,1,1,1,0,1,80,2,2,0,0,1,1,32.0,22.0,voiture,voiture,3,1,1,1,1
202200019911,2022-06-23 16:25:00,2022,6,23,16,25,10,10387,VALTAT (RUE),48.28423,4.070739,Plein jour,En agglomération,Intersection en T,Normale,Autre collision,4,1,1,0,2,1,1,0,1,50,2,2,1,0,0,1,66.0,47.0,voiture,voiture,1,2,3,1,6
202200019912,2022-10-08 18:45:00,2022,10,8,18,45,43,43213,le cluzel,45.225154,4.259635,Nuit sans éclairage public,Hors agglomération,Intersection à plus de 4 branches,Normale,Sans collision,4,2,1,0,1,2,1,0,1,50,1,2,1,0,0,1,57.0,,deux_roues,,3,1,5,1,7
202200019913,2022-04-22 19:10:00,2022,4,22,19,10,60,60125,A1,49.391899,2.699075,Plein jour,Hors agglomération,Hors intersection,Temps éblouissant,Deux véhicules - arrière,1,1,3,0,1,1,1,0,1,130,2,4,1,0,0,3,46.0,60.0,voiture,voiture,1,1,1,7,2
202200019914,2022-04-20 18:15:00,2022,4,20,18,15,971,97112,D203,15.879232,-61.308072,Crépuscule ou aube,En agglomération,Hors intersection,Normale,Autre collision,3,2,2,0,1,1,1,0,4,80,1,1,0,0,1,0,22.0,,deux_roues,,2,2,1,1,6
202200019915,2022-04-18 17:00:00,2022,4,18,17,0,37,37079,Rue de la Canardiere,47.3229614921,1.0357403755,Plein jour,En agglomération,Hors intersection,Normale,Autre collision,3,2,2,0,1,3,1,0,1,50,1,1,0,0,1,0,81.0,,deux_roues,,1,2,1,1,6
202200019916,2022-06-23 08:35:00,2022,6,23,8,35,10,10387,GENERAL GASTON BILLOTTE (RUE),48.30635,4.07427,Plein jour,En agglomération,Hors intersection,Normale,Autre collision,4,2,2,0,1,1,1,0,1,50,3,3,0,0,0,3,24.0,61.0,utilitaire_camion,voiture,1,2,1,1,6
202200019917,2022-10-07 17:05:00,2022,10,7,17,5,07,07228,D82,45.253233,4.769284,Plein jour,Hors agglomération,Hors intersection,Normale,Trois véhicules et plus - collisions multiples,3,2,3,0,2,3,1,0,1,90,3,3,2,0,1,0,58.0,67.0,voiture,voiture,1,1,1,1,5
202200019918,2022-04-21 19:05:00,2022,4,21,19,5,66,66190,,42.8265481768,2.9177860916,Crépuscule ou aube,En agglomération,Hors intersection,Pluie légère,Autre collision,3,2,2,0,1,1,2,0,3,50,1,1,0,1,0,0,71.0,,voiture,,2,2,1,2,6
202200019919,2022-10-09 12:05:00,2022,10,9,12,5,53,53137,D57,48.072186,-0.900815,Plein jour,Hors agglomération,Hors intersection,Normale,Sans collision,3,3,4,0,2,1,1,0,1,110,1,1,0,0,0,1,21.0,,deux_roues,,1,1,1,1,7
202200019920,2022-06-23 15:57:00,2022,6,23,15,57,09,09122,CADIRAC (AVENUE DE),42.95745,1.6046,Plein jour,En agglomération,Hors intersection,Normale,Deux véhicules - frontale,3,2,1,0,1,1,1,0,1,50,2,3,2,0,0,1,84.0,64.0,voiture,voiture,1,2,1,1,1
202200019921,2022-04-22 13:15:00,2022,4,22,13,15,83,83065,D98a,43.263489373,6.5795122683,Plein jour,En agglomération,Hors intersection,Temps couvert,Deux véhicules - côté,3,3,2,0,1,1,1,0,1,70,2,2,0,0,1,1,52.0,34.0,deux_roues,voiture,1,2,1,8,3
202200019922,2022-10-08 17:00:00,2022,10,8,17,0,21,21459,D959,47.436967,5.291253,Plein jour,Hors agglomération,Hors intersection,Normale,Sans collision,3,2,2,0,4,2,1,0,3,90,1,2,0,0,1,1,20.0,,voiture,,1,1,1,1,7
202200019923,2022-06-23 18:20:00,2022,6,23,18,20,06,06123,LECLERC GENERAL AVENUE,43.67362,7.19001,Plein jour,En agglomération,Hors intersection,Normale,Autre collision,7,2,2,0,1,1,1,0,1,50,2,3,2,0,0,1,19.0,40.0,voiture,voiture,1,2,1,1,6
202200019924,2022-04-21 19:40:00,2022,4,21,19,40,68,68292,27 Fistelhaeuser,47.880353,7.037536,Plein jour,En agglomération,Intersection en Y,Normale,Deux véhicules - frontale,4,2,2,0,2,4,1,0,1,30,2,2,1,0,0,1,17.0,28.0,deux_roues,utilitaire_camion,1,2,4,1,1
202200019925,2022-10-09 06:15:00,2022,10,9,6,15,27,27476,D139,49.322882,0.476402,Nuit sans éclairage public,Hors agglomération,Hors intersection,Brouillard / fumée,Sans collision,3,2,2,0,2,2,2,0,8,-1,1,1,0,1,0,0,29.0,,voiture,,3,1,1,5,7
202200019926,2022-06-18 17:00:00,2022,6,18,17,0,05,05061,COL DE MANSE ( ROUTE DU ),44.61061,6.1394,Plein jour,Hors agglomération,Hors intersection,Normale,Sans collision,3,2,2,0,1,2,1,0,1,80,1,1,0,0,0,1,66.0,,deux_roues,,1,1,1,1,7
202200019927,2022-04-21 18:40:00,2022,4,21,18,40,67,67021,Chemin du Buhl,48.408608,7.435362,Plein jour,Hors agglomération,Hors intersection,Normale,Sans collision,4,2,1,3,4,4,1,0,1,30,1,1,0,0,1,0,64.0,,deux_roues,,1,1,1,1,7
202200019928,2022-04-21 15:50:00,2022,4,21,15,50,57,57466,50 Rue Principale,49.105792,6.957425,Plein jour,En agglomération,Intersection en T,Normale,Autre collision,3,2,2,0,4,1,1,0,4,50,1,1,0,0,1,0,53.0,,deux_roues,,1,2,3,1,6
202200019929,2022-06-23 17:50:00,2022,6,23,17,50,75,75113,QUAI D IVRY,48.824117,2.383399,Plein jour,En agglomération,Hors intersection,Normale,Deux véhicules - côté,4,1,4,0,1,1,1,0,1,70,2,2,1,0,0,1,20.0,61.0,utilitaire_camion,voiture,1,2,1,1,3
202200019930,2022-10-08 19:55:00,2022,10,8,19,55,28,28172,D28,48.557651,1.678011,Nuit sans éclairage public,Hors agglomération,Hors intersection,Normale,Trois véhicules et plus - collisions multiples,3,2,2,0,2,3,1,0,1,80,3,4,0,1,2,1,91.0,39.0,voiture,voiture,3,1,1,1,5
202200019931,2022-04-22 12:45:00,2022,4,22,12,45,01,01249,Carrefour Market (Zone commerciale),45.828641,4.969316,Plein jour,En agglomération,Hors intersection,Normale,Deux véhicules - arrière,6,-1, -1,0,1,1,1,9,1,50,2,2,1,0,0,1,38.0,45.0,voiture,utilitaire_camion,1,2,1,1,2
202200019932,2022-06-23 14:00:00,2022,6,23,14,0,75,75115,PORTE DE SEVRES,48.834973,2.273399,Plein jour,En agglomération,Hors intersection,Normale,Deux véhicules - arrière,4,1,4,0,1,3,1,0,1,70,2,2,0,0,0,1,33.0,,deux_roues,deux_roues,1,2,1,1,2
202200019933,2022-10-09 10:05:00,2022,10,9,10,5,30,30306,D35,43.80534,4.06784,Plein jour,Hors agglomération,Hors intersection,Normale,Deux véhicules - frontale,3,2,2,0,1,3,1,0,1,80,2,2,1,0,0,1,25.0,52.0,deux_roues,voiture,1,1,1,1,1
202200019934,2022-04-19 08:50:00,2022,4,19,8,50,69,69049,8 Rue du Promenoir,45.873874,4.772085,Plein jour,En agglomération,Intersection en X,Normale,Autre collision,3,2,2,0,1,1,1,0,8,30,1,2,1,0,1,0,43.0,,voiture,,1,2,2,1,6
202200019935,2022-04-21 18:51:00,2022,4,21,18,51,85,85300,La Daviere,46.70763,-1.51517,Plein jour,Hors agglomération,Hors intersection,Normale,Sans collision,3,2,4,0,1,1,1,0,3,-1,1,1,0,0,0,1,30.0,,deux_roues,,1,1,1,1,7
202200019936,2022-06-21 13:00:00,2022,6,21,13,0,75,75116,PORTE DAUPHINE,48.870597,2.272352,Plein jour,En agglomération,Hors intersection,Normale,Trois véhicules et plus - collisions multiples,4,1,4,0,1,1,1,0,1,70,3,3,1,0,0,2,75.0,40.0,voiture,deux_roues,1,2,1,1,5
202200019937,2022-10-09 01:30:00,2022,10,9,1,30,30,30294,PK 3+799,44.12903,4.146974,Nuit sans éclairage public,Hors agglomération,Hors intersection,Normale,Deux véhicules - frontale,3,2,2,0,2,1,1,0,1,80,2,5,2,1,2,0,37.0,33.0,voiture,voiture,3,1,1,1,1
202200019938,2022-04-21 18:30:00,2022,4,21,18,30,35,35228,,48.5895877136,-2.1159315706,Plein jour,Hors agglomération,Hors intersection,Normale,Deux véhicules - côté,3,2,2,0,2,2,1,0,1,70,2,3,2,0,1,0,34.0,32.0,utilitaire_camion,deux_roues,1,1,1,1,3
202200019939,2022-04-22 17:10:00,2022,4,22,17,10,60,60575,D1001 - PK 17.800,49.303076,2.198081,Plein jour,Hors agglomération,Hors intersection,Normale,Deux véhicules - arrière,3,-1,0,0,2,1,1,0,1,90,2,2,1,1,0,0,66.0,65.0,utilitaire_camion,deux_roues,1,1,1,1,2
202200019940,2022-06-24 07:50:00,2022,6,24,7,50,75,75106,RUE DE RENNES,48.851073,2.330649,Plein jour,En agglomération,Intersection en Y,Normale,Trois véhicules et plus - en chaîne,4,2,3,0,1,1,1,0,1,30,3,3,2,0,0,1,50.0,26.0,deux_roues,voiture,1,2,4,1,4
202200019941,2022-04-21 15:45:00,2022,4,21,15,45,59,59034,17 Rue d Antroeuilles,50.5398448239,3.0837796032,Plein jour,En agglomération,Hors intersection,Normale,Sans collision,4,2,2,0,1,1,1,0,8,50,1,1,0,1,0,0,69.0,,deux_roues,,1,2,1,1,7
202200019942,2022-10-08 12:00:00,2022,10,8,12,0,987,98750,pk 32.800 RT1,-17.712,-149.508,Plein jour,Hors agglomération,Hors intersection,Normale,Deux véhicules - frontale,2,2,2,0,1,1,1,0,1,60,2,5,0,2,3,0,56.0,54.0,voiture,voiture,1,1,1,1,1
202200019943,2022-06-24 09:40:00,2022,6,24,9,40,75,75120,RUE PLANCHAT,48.855347,2.396947,Plein jour,En agglomération,Hors intersection,Temps couvert,Autre collision,4,1,1,0,1,1,1,8,1,30,1,2,1,0,0,1,33.0,,voiture,,1,2,1,8,6
202200019944,2022-10-08 17:00:00,2022,10,8,17,0,67,67176,Rue Principale Griesbach,48.89157,7.68219,Plein jour,Hors agglomération,Hors intersection,Normale,Sans collision,3,2,2,0,1,2,1,0,3,80,1,1,0,0,1,0,34.0,,deux_roues,,1,1,1,1,7
202200019945,2022-04-19 08:55:00,2022,4,19,8,55,83,83144,A57,43.1405392399,6.0001856088,Plein jour,Hors agglomération,Hors intersection,Normale,Deux véhicules - arrière,1,3,4,0,1,1,1,0,1,70,2,2,1,0,0,1,52.0,25.0,voiture,deux_roues,1,1,1,1,2
202200019946,2022-06-24 18:56:00,2022,6,24,18,56,75,75119,BOULEVARD SERURIER,48.877271,2.40677,Plein jour,En agglomération,Intersection en X,Normale,Deux véhicules - côté,4,1,2,0,1,1,1,0,1,50,2,2,0,0,0,2,22.0,37.0,deux_roues,deux_roues,1,2,2,1,3
202200019947,2022-10-01 20:00:00,2022,10,1,20,0,01,01031,Autoroute A404 - PK 15+200 - sens OYONNAX-MAILLAT,46.251277,5.625687,Nuit sans éclairage public,Hors agglomération,Hors intersection,Pluie forte,Deux véhicules - arrière,1,3,4,0,1,1,2,0,1,-1,2,2,1,0,0,1,52.0,19.0,voiture,voiture,3,1,1,3,2
202200019948,2022-04-20 18:05:00,2022,4,20,18,5,91,91645,RN 385 Extèrieure,48.76001,2.25693,Plein jour,Hors agglomération,Hors intersection,Normale,Deux véhicules - côté,2,3,4,0,2,1,1,0,1,90,2,2,1,0,0,1,36.0,26.0,deux_roues,voiture,1,1,1,1,3
202200019949,2022-10-07 22:30:00,2022,10,7,22,30,987,98745,MURIFENUA lieu-dit MOMORE,-16.62,-151.496,Nuit sans éclairage public,Hors agglomération,Hors intersection,Normale,Deux véhicules - côté,2,2,2,0,1,3,1,0,3,60,1,1,0,1,0,0,80.0,,deux_roues,,3,1,1,1,3
202200019950,2022-04-19 14:25:00,2022,4,19,14,25,78,78640,A86 EXT,48.777574,2.222049,Plein jour,Hors agglomération,Hors intersection,Normale,Deux véhicules - arrière,1,1,3,0,2,1,1,0,1,90,2,3,2,0,0,1,33.0,20.0,voiture,voiture,1,1,1,1,2
202200019951,2022-06-24 10:40:00,2022,6,24,10,40,75,75119,RUE SIGMUND FREUD,48.886006,2.398167,Plein jour,En agglomération,Intersection en X,Normale,Deux véhicules - côté,4,2,3,1,4,2,1,0,5,30,2,2,1,0,0,1,48.0,43.0,voiture,deux_roues,1,2,2,1,3
202200019952,2022-04-20 07:45:00,2022,4,20,7,45,95,95241,RN 104,49.04535,2.47579,Plein jour,Hors agglomération,Hors intersection,Normale,Autre collision,2,3,5,0,1,1,1,0,1,90,1,1,0,0,0,1,30.0,,voiture,,1,1,1,1,6
202200019953,2022-06-24 10:30:00,2022,6,24,10,30,75,75116,RUE FAUSTIN HELIE,48.859333,2.276886,Plein jour,En agglomération,Place,Normale,Autre collision,4,1,1,0,1,3,1,0,1,30,1,2,1,0,0,1,43.0,,utilitaire_camion,,1,2,7,1,6
202200019954,2022-10-09 05:30:00,2022,10,9,5,30,57,57240,"A320, PK 0.300 , sens France/Allemagne",49.141678,6.813878,Nuit sans éclairage public,Hors agglomération,Autre intersection,Normale,Trois véhicules et plus - collisions multiples,1,1,4,0,1,3,1,0,1,110,4,4,2,0,1,1,44.0,37.0,voiture,voiture,3,1,9,1,5
202200019955,2022-04-20 09:58:00,2022,4,20,9,58,988,98818,Route de l'ANSE-VATA/Rue Gérald BONNARD,-22.28219,166.44833,Plein jour,En agglomération,Intersection en T,Temps éblouissant,Deux véhicules - arrière,4,2,2,0,1,1,1,0,1,50,2,4,3,0,0,1,31.0,33.0,utilitaire_camion,voiture,1,2,3,7,2
202200019956,2022-06-24 02:00:00,2022,6,24,2,0,75,75115,QUAI DE GRENELLE,48.854424,2.288659,Nuit avec éclairage allumé,En agglomération,Place,Normale,Autre collision,4,2,0,0,1,1,1,2,1,30,1,1,0,0,0,1,47.0,,deux_roues,,5,2,7,1,6
202200019957,2022-10-08 20:00:00,2022,10,8,20,0,13,13001,"A8, pk 015.350, sens Aix en Provence /Lyon",43.52912,5.397935,Nuit sans éclairage public,Hors agglomération,Autre intersection,Normale,Deux véhicules - frontale,1,2,5,0,2,3,1,3,6,130,1,2,1,0,1,0,22.0,,voiture,,3,1,9,1,1
202200019958,2022-04-19 16:10:00,2022,4,19,16,10,974,97407,SACRE COEUR (RD POINT) -RIV. DES GALETS ,-20.95634,55.31258,Plein jour,Hors agglomération,Hors intersection,Temps couvert,Deux véhicules - arrière,4,1,4,2,1,1,2,0,1,50,2,2,1,0,0,1,19.0,45.0,deux_roues,deux_roues,1,1,1,8,2
202200019959,2022-06-24 17:45:00,2022,6,24,17,45,75,75113,AVENUE DE FRANCE,48.8256902196,2.3820121586,Plein jour,En agglomération,Intersection en X,Normale,Autre collision,4,2,3,0,1,1,1,0,1,30,1,2,1,0,0,1,31.0,,voiture,,1,2,2,1,6
202200019960,2022-10-08 13:45:00,2022,10,8,13,45,988,98822,Tiéti (Tribu),-20.927273,165.317758,Plein jour,Hors agglomération,Hors intersection,Temps couvert,Autre collision,2,2,2,0,1,2,2,2,3,70,1,4,0,0,3,1,35.0,,voiture,,1,1,1,8,6
202200019961,2022-04-19 09:55:00,2022,4,19,9,55,974,97407,SACRE COEUR (RD POINT) -RIV. DES GALETS ,-20.9562,55.3123,Plein jour,Hors agglomération,Hors intersection,Normale,Deux véhicules - frontale,4,1,4,2,1,1,1,0,1,50,2,2,1,0,1,0,23.0,73.0,voiture,deux_roues,1,1,1,1,1
202200019962,2022-10-08 18:30:00,2022,10,8,18,30,974,97417,32 rue leconte de l isle,-21.367807,55.74523,Nuit sans éclairage public,En agglomération,Hors intersection,Normale,Autre collision,2,2,2,0,1,1,1,0,4,-1,1,2,1,0,0,1,30.0,,voiture,,3,2,1,1,6
202200019963,2022-06-24 21:30:00,2022,6,24,21,30,75,75112,AVENUE DU TREMBLAY,48.834086,2.45491,Crépuscule ou aube,En agglomération,Intersection en T,Normale,Deux véhicules - côté,4,2,4,2,1,1,1,0,1,30,2,2,1,0,0,1,31.0,55.0,deux_roues,voiture,2,2,3,1,3
202200019964,2022-04-19 08:45:00,2022,4,19,8,45,974,97407,ROUTE DU SACRE COEUR,-20.95874,55.31987,Plein jour,En agglomération,Autre intersection,Normale,Deux véhicules - côté,4,2,2,1,1,1,1,0,5,50,2,2,1,0,0,1,51.0,36.0,voiture,deux_roues,1,2,9,1,3
202200019965,2022-10-09 07:30:00,2022,10,9,7,30,971,97129,RN2 - la boucan,16.282335,-61.669948,Plein jour,En agglomération,Hors intersection,Normale,Autre collision,2,2,2,0,1,1,1,0,1,50,1,2,1,0,1,0,39.0,,voiture,,1,2,1,1,6
202200019966,2022-06-24 21:17:00,2022,6,24,21,17,75,75111,BOULEVARD VOLTAIRE,48.857729,2.380342,Plein jour,En agglomération,Intersection à plus de 4 branches,Normale,Sans collision,4,2,2,1,1,1,1,0,5,30,1,1,0,0,0,1,55.0,,deux_roues,,1,2,5,1,7
202200019967,2022-04-19 14:50:00,2022,4,19,14,50,973,97302,MADELEINE (ROUTE DE LA),4.920058653,-52.3218566179,Plein jour,En agglomération,Hors intersection,Pluie légère,Deux véhicules - côté,3,2,2,0,1,1,2,0,1,50,2,2,1,0,0,1,19.0,22.0,deux_roues,voiture,1,2,1,2,3
202200019968,2022-10-08 03:15:00,2022,10,8,3,15,971,97115,route nationale 2,16.260843,-61.633408,Nuit sans éclairage public,Hors agglomération,Hors intersection,Normale,Deux véhicules - arrière,2,2,3,0,1,1,1,0,1,80,2,4,2,0,0,2,28.0,32.0,voiture,voiture,3,1,1,1,2
202200019969,2022-06-24 19:00:00,2022,6,24,19,0,75,75110,BOULEVARD DE LA VILLETTE,48.876165,2.372134,Plein jour,En agglomération,Intersection en T,Normale,Deux véhicules - arrière,4,1,2,0,1,1,1,0,1,30,2,2,1,0,0,1,20.0,37.0,utilitaire_camion,deux_roues,1,2,3,1,2
202200019970,2022-04-19 11:40:00,2022,4,19,11,40,69,69386,Rue Bugeaud,45.76637,4.84775,Plein jour,En agglomération,Intersection en X,Normale,Deux véhicules - côté,4,1,1,2,1,1,1,0,1,30,2,2,1,0,1,0,55.0,58.0,utilitaire_camion,deux_roues,1,2,2,1,3
202200019971,2022-10-07 01:30:00,2022,10,7,1,30,971,97114,RN1 LA ROSE,16.147823,-61.583562,Nuit avec éclairage allumé,Hors agglomération,Intersection en Y,Normale,Deux véhicules - côté,2,2,2,0,1,1,1,0,1,80,2,2,0,0,0,2,47.0,24.0,voiture,voiture,5,1,4,1,3
202200019972,2022-06-24 13:05:00,2022,6,24,13,5,75,75110,BOULEVARD DE MAGENTA,48.878306,2.354309,Plein jour,En agglomération,Intersection en Y,Normale,Autre collision,4,2,4,3,1,1,1,0,1,30,1,2,1,0,0,1,29.0,,deux_roues,,1,2,4,1,6
202200019973,2022-04-18 14:30:00,2022,4,18,14,30,972,97209,RD 41 (ROCADE),14.61223,-61.06151,Plein jour,Hors agglomération,Hors intersection,Normale,Deux véhicules - arrière,4,1,2,0,1,1,1,0,1,60,2,4,1,0,0,3,21.0,,voiture,voiture,1,1,1,1,2
202200019974,2022-10-05 13:15:00,2022,10,5,13,15,29,29233,Rue du Faouët,47.877174,-3.544239,Plein jour,En agglomération,Hors intersection,Pluie légère,Autre collision,4,2,1,0,1,2,2,0,1,50,1,2,1,0,1,0,59.0,,voiture,,1,2,1,2,6
202200019975,2022-04-19 11:45:00,2022,4,19,11,45,69,69381,Pont de Lattre de Tassigny,45.77242,4.8392,Plein jour,En agglomération,Hors intersection,Normale,Autre collision,4,2,4,3,1,1,1,2,1,50,1,1,0,0,0,1,49.0,,deux_roues,,1,2,1,1,6
202200019976,2022-06-23 23:40:00,2022,6,23,23,40,75,75110,AVENUE CLAUDE VELLEFAUX,48.875233,2.370333,Nuit avec éclairage allumé,En agglomération,Intersection en X,Normale,Deux véhicules - côté,4,2,2,0,2,1,1,0,1,30,2,2,1,0,0,1,40.0,74.0,deux_roues,voiture,5,2,2,1,3
202200019977,2022-10-08 12:15:00,2022,10,8,12,15,45,45194,D8 PR 4 + 200,47.925675,2.046166,Plein jour,En agglomération,Intersection en X,Normale,Deux véhicules - côté,3,2,2,0,1,1,1,0,1,50,2,3,1,0,1,1,58.0,39.0,voiture,deux_roues,1,2,2,1,3
202200019978,2022-04-18 18:00:00,2022,4,18,18,0,69,69382,4 Cours Bayard,45.74515,4.81819,Plein jour,En agglomération,Intersection en X,Normale,Deux véhicules - côté,4,2,2,0,1,1,1,0,1,30,2,2,1,0,0,1,35.0,45.0,voiture,deux_roues,1,2,2,1,3
202200019979,2022-06-24 17:35:00,2022,6,24,17,35,75,75109,RUE LA FAYETTE,48.876025,2.344551,Plein jour,En agglomération,Intersection en Y,Normale,Deux véhicules - côté,4,1,1,0,1,1,1,8,1,30,2,2,1,0,0,1,,43.0,deux_roues,deux_roues,1,2,4,1,3
202200019980,2022-10-08 09:30:00,2022,10,8,9,30,45,45089,52 Rue du Quillard,47.908029,1.997755,Plein jour,En agglomération,Hors intersection,Temps éblouissant,Trois véhicules et plus - collisions multiples,4,2,2,0,4,1,1,0,1,70,3,3,2,0,1,0,45.0,52.0,voiture,deux_roues,1,2,1,7,5
202200019981,2022-04-18 15:10:00,2022,4,18,15,10,69,69034,1787 Chemin Pierre Drevet,45.8136653249,4.8686183989,Plein jour,En agglomération,Hors intersection,Normale,Trois véhicules et plus - en chaîne,4,2,2,0,1,1,1,0,1,50,3,3,2,0,0,1,59.0,39.0,voiture,deux_roues,1,2,1,1,4
202200019982,2022-06-24 15:40:00,2022,6,24,15,40,75,75102,AVENUE DE L OPERA,48.870334,2.332344,Plein jour,En agglomération,Place,Normale,Deux véhicules - arrière,4,1,4,0,1,1,1,0,1,30,2,2,1,0,0,1,34.0,,deux_roues,utilitaire_camion,1,2,7,1,2
202200019983,2022-10-09 06:24:00,2022,10,9,6,24,77,77451,D21,48.91638,3.063169,Crépuscule ou aube,Hors agglomération,Hors intersection,Normale,Deux véhicules - frontale,3,2,2,0,1,1,2,0,1,80,2,2,0,1,1,0,26.0,49.0,voiture,voiture,2,1,1,1,1
202200019984,2022-04-19 11:10:00,2022,4,19,11,10,91,91692,OCEANIE (AVENUE DE L'),48.67934,2.2007,Plein jour,En agglomération,Hors intersection,Normale,Deux véhicules - arrière,3,1,4,0,1,1,1,0,1,70,2,2,1,0,0,1,48.0,26.0,voiture,voiture,1,2,1,1,2
202200019985,2022-06-24 21:50:00,2022,6,24,21,50,94,94022,Avenue de la République,48.75889,2.40888,Crépuscule ou aube,En agglomération,Intersection en T,Normale,Deux véhicules - côté,3,2,0,3,1,1,1,-1,6,30,2,2,1,0,0,1,56.0,38.0,transport_commun,utilitaire_camion,2,2,3,1,3
202200019986,2022-10-04 18:20:00,2022,10,4,18,20,34,34240,2 Rue de Costebelle,43.646016,3.961721,Plein jour,En agglomération,Intersection en X,Normale,Deux véhicules - côté,3,2,2,0,1,1,1,5,1,50,2,2,1,0,1,0,25.0,58.0,deux_roues,voiture,1,2,2,1,3
202200019987,2022-06-24 16:00:00,2022,6,24,16,0,94,94074,SALVADOR ALLENDE (AV),48.75177,2.45732,Plein jour,En agglomération,Intersection en T,Pluie légère,Deux véhicules - côté,3,2,2,0,1,1,2,0,1,50,2,2,1,0,0,1,46.0,39.0,deux_roues,voiture,1,2,3,2,3
202200019988,2022-10-08 20:00:00,2022,10,8,20,0,83,83107,DN 7 - PK 008+000,43.416325,6.68377,Nuit sans éclairage public,Hors agglomération,Hors intersection,Normale,Deux véhicules - côté,3,2,2,0,1,1,1,0,1,70,2,2,1,0,0,1,46.0,51.0,utilitaire_camion,voiture,3,1,1,1,3
202200019989,2022-06-24 15:46:00,2022,6,24,15,46,94,94044,VERDUN (AV DE),48.75027,2.483035,Plein jour,En agglomération,Hors intersection,Pluie forte,Deux véhicules - frontale,3,2,2,0,1,1,2,0,1,50,1,2,1,0,0,1,49.0,,voiture,,1,2,1,3,1
202200019990,2022-06-24 15:35:00,2022,6,24,15,35,94,94074,Rue du Colonel Fabien,48.74808,2.4669,Plein jour,En agglomération,Hors intersection,Normale,Deux véhicules - arrière,4,2,2,0,1,1,1,0,1,50,2,2,1,0,0,1,57.0,50.0,utilitaire_camion,voiture,1,2,1,1,2
202200019991,2022-10-08 15:50:00,2022,10,8,15,50,67,67544,D3,49.026866,7.891424,Plein jour,Hors agglomération,Hors intersection,Normale,Sans collision,3,2,2,0,2,2,1,0,3,80,1,1,0,0,1,0,60.0,,deux_roues,,1,1,1,1,7
202200019992,2022-06-24 08:45:00,2022,6,24,8,45,94,94068,MAURICE BERTEAUX (BD),48.810877,2.469549,Plein jour,En agglomération,Hors intersection,Normale,Autre collision,3,2,4,0,1,1,1,0,1,30,1,2,1,0,0,1,46.0,,voiture,,1,2,1,1,6
202200019993,2022-06-24 12:15:00,2022,6,24,12,15,94,94046,DIX HUIT JUIN 1940 (R DU),48.8017,2.4422,Plein jour,En agglomération,Hors intersection,Normale,Deux véhicules - côté,4,2,2,0,1,1,1,0,1,50,1,2,1,0,0,1,35.0,,voiture,,1,2,1,1,3
202200019994,2022-10-09 16:35:00,2022,10,9,16,35,54,54588,D400,48.605943368,6.4343404771,Plein jour,Hors agglomération,Hors intersection,Normale,Deux véhicules - frontale,3,2,2,0,2,1,1,0,1,80,2,4,0,1,1,2,24.0,59.0,voiture,voiture,1,1,1,1,1
202200019995,2022-06-24 16:07:00,2022,6,24,16,7,94,94043,EDMONT MICHELET (R),48.81156,2.36489,Plein jour,En agglomération,Hors intersection,Normale,Deux véhicules - côté,4,2,2,0,1,3,1,0,1,50,2,2,1,0,0,1,36.0,35.0,voiture,deux_roues,1,2,1,1,3