accident_id,datetime,annee,mois,jour,heure,minute,departement,commune_insee,adresse,latitude,longitude,luminosite,agglomeration,intersection,meteo,collision,catr,circ,nbv,vosp,prof,plan,surf,infra,situ,vma,nb_vehicules,nb_usagers,nb_indemnes,nb_tues,nb_blesses_hosp,nb_blesses_legers,age_cond_1,age_cond_2,veh_type_cond_1,veh_type_cond_2,lum_code,agg_code,int_code,atm_code,col_code
202200020088,2022-10-08 00:00:00,2022,10,8,0,0,69,69275,Avenue Edouard Herriot,45.77156,4.9612,Nuit avec éclairage allumé,En agglomération,Hors intersection,Normale,Deux véhicules - arrière,4,2,2,0,2,1,1,0,1,50,2,4,1,0,0,3,29.0,24.0,utilitaire_camion,voiture,5,2,1,1,2
202200020089,2022-10-07 19:15:00,2022,10,7,19,15,69,69259,Rue Banette et Planchon,45.7045022214,4.8862838746,Crépuscule ou aube,En agglomération,Hors intersection,Normale,Deux véhicules - frontale,4,2,2,2,1,4,1,0,1,30,2,2,1,0,0,1,37.0,9.0,voiture,deux_roues,2,2,1,1,1
202200020090,2022-10-07 07:30:00,2022,10,7,7,30,69,69029,Boulevard Pinel,45.7397362061,4.892385006,Crépuscule ou aube,En agglomération,Hors intersection,Normale,Deux véhicules - frontale,4,2,3,1,1,1,1,0,1,50,2,2,1,0,0,1,,48.0,autre,deux_roues,2,2,1,1,1
202200020091,2022-10-07 13:09:00,2022,10,7,13,9,66,66136,BAILLE GABRIEL,42.71759,2.88965,Plein jour,En agglomération,Intersection en X,Normale,Deux véhicules - côté,4,1,1,0,1,1,1,0,1,30,2,2,1,0,0,1,68.0,24.0,voiture,voiture,1,2,2,1,3
202200020092,2022-10-07 06:10:00,2022,10,7,6,10,66,66136,,42.71374,2.87249,Nuit sans éclairage public,Hors agglomération,Hors intersection,Normale,Deux véhicules - arrière,3,3,4,0,1,1,1,0,1,110,2,2,1,0,0,1,45.0,20.0,utilitaire_camion,voiture,3,1,1,1,2
202200020093,2022-10-07 08:15:00,2022,10,7,8,15,64,64260,Rue etchenausia,43.364763,-1.763331,Plein jour,En agglomération,Hors intersection,Normale,Deux véhicules - frontale,4,2,1,0,2,2,1,0,1,50,2,2,1,0,1,0,34.0,34.0,voiture,deux_roues,1,2,1,1,1
202200020094,2022-10-06 20:42:00,2022,10,6,20,42,64,64445,BUROS DE,43.3081,-0.35299,Nuit avec éclairage allumé,En agglomération,Intersection en T,Normale,Deux véhicules - côté,4,2,2,0,1,1,1,0,1,30,2,2,1,0,0,1,62.0,23.0,deux_roues,voiture,5,2,3,1,3
202200020095,2022-10-07 07:25:00,2022,10,7,7,25,64,64102,Avenue du Grand Basque,43.49358,-1.45317,Crépuscule ou aube,En agglomération,Hors intersection,Normale,Sans collision,3,2,4,0,2,1,1,0,1,50,1,1,0,0,0,1,52.0,,deux_roues,,2,2,1,1,7
202200020096,2022-10-07 19:50:00,2022,10,7,19,50,62,62004,Rue des Champs Potez,50.272006551,2.7452366352,Nuit avec éclairage allumé,En agglomération,Intersection en X,Normale,Deux véhicules - côté,3,2,2,0,1,1,1,0,1,50,2,2,1,0,1,0,15.0,32.0,deux_roues,voiture,5,2,2,1,3
202200020097,2022-10-07 09:00:00,2022,10,7,9,0,59,59599,GUERRE (RUE FIN DE LA),50.7286639172,3.1463398039,Plein jour,En agglomération,Hors intersection,Normale,Autre collision,4,2,2,0,2,1,1,0,1,50,1,2,1,0,0,1,58.0,,voiture,,1,2,1,1,6
202200020098,2022-10-07 06:45:00,2022,10,7,6,45,59,59368,FAIDHERBE RUE,50.6512439062,3.0747140944,Nuit avec éclairage allumé,En agglomération,Intersection en T,Normale,Autre collision,4,2,2,0,1,1,1,0,1,30,1,1,0,0,0,1,23.0,,voiture,,5,2,3,1,6
202200020099,2022-10-06 18:40:00,2022,10,6,18,40,59,59009,MONS BOULEVARD DE,50.6435916023,3.1429159641,Crépuscule ou aube,En agglomération,Hors intersection,Normale,Deux véhicules - côté,4,-1,0,0,1,3,1,5,1,50,2,2,1,0,0,1,25.0,29.0,deux_roues,voiture,2,2,1,1,3
202200020100,2022-10-06 12:00:00,2022,10,6,12,0,59,59328,MONGE RUE,50.6547572672,3.0184024572,Plein jour,En agglomération,Intersection en Y,Normale,Deux véhicules - côté,7,3,4,0,1,1,1,0,1,50,2,2,1,0,0,1,76.0,33.0,voiture,deux_roues,1,2,4,1,3
202200020101,2022-10-06 13:45:00,2022,10,6,13,45,59,59009,DE LATTRE DE TASSIGNY RUE  ML,50.66398,3.14612,Plein jour,En agglomération,Hors intersection,Normale,Deux véhicules - côté,7,-1,2,0,1,1,1,0,1,50,2,2,1,0,0,1,21.0,25.0,deux_roues,voiture,1,2,1,1,3
202200020102,2022-09-27 07:50:00,2022,9,27,7,50,58,58194,CROIX JOYEUSE (CARREFOUR),46.99491,3.16864,Nuit avec éclairage allumé,En agglomération,Giratoire,Normale,Deux véhicules - côté,4,2,0,0,1,1,1,0,1,50,2,2,1,0,0,1,47.0,38.0,voiture,deux_roues,5,2,6,1,3
202200020103,2022-10-06 19:38:00,2022,10,6,19,38,57,57672,CARANUSCA (ROUTE DE),49.39337,6.17758,Crépuscule ou aube,Hors agglomération,Hors intersection,Normale,Autre collision,3,2,2,0,1,1,1,0,1,80,1,1,0,0,1,0,54.0,,deux_roues,,2,1,1,1,6
202200020104,2022-10-06 07:50:00,2022,10,6,7,50,57,57672,FRERES (RUE DES),49.35298,6.15953,Plein jour,En agglomération,Hors intersection,Normale,Autre collision,4,2,2,0,1,2,1,0,1,50,1,2,1,0,0,1,64.0,,voiture,,1,2,1,1,6
202200020105,2022-10-04 17:48:00,2022,10,4,17,48,57,57306,VERDUN (RUE DE),49.328,6.05822,Plein jour,En agglomération,Hors intersection,Normale,Deux véhicules - arrière,3,2,2,0,1,1,1,0,1,50,1,2,1,0,1,0,28.0,,voiture,,1,2,1,1,2
202200020106,2022-10-06 17:40:00,2022,10,6,17,40,56,56098,N165 sens Lorient/Vannes,47.7830072,-3.34000003,Plein jour,Hors agglomération,Hors intersection,Normale,Sans collision,2,3,4,0,1,1,1,3,1,90,1,1,0,0,0,1,33.0,,deux_roues,,1,1,1,1,7
202200020107,2022-10-06 16:20:00,2022,10,6,16,20,55,55042,DUGNY ( ROUTE DE),49.131278,5.400329,Plein jour,Hors agglomération,Hors intersection,Normale,Deux véhicules - côté,3,2,2,0,1,1,1,0,1,50,2,2,1,0,0,1,33.0,15.0,voiture,deux_roues,1,1,1,1,3
202200020108,2022-10-07 20:59:00,2022,10,7,20,59,54,54395,FOCH (AVENUE 18 ET 9 A FIN),48.6880695036,6.1722001433,Nuit avec éclairage allumé,En agglomération,Hors intersection,Normale,Deux véhicules - frontale,4,1,3,3,1,1,1,0,1,50,2,2,1,0,0,1,19.0,25.0,voiture,deux_roues,5,2,1,1,1
202200020109,2022-10-07 18:42:00,2022,10,7,18,42,54,54263,8 Rue du 8 Mai 1945,49.22548,5.98187,Plein jour,En agglomération,Autre intersection,Normale,Autre collision,4,2,2,0,1,1,1,0,1,50,1,2,1,0,0,1,20.0,,voiture,,1,2,9,1,6
202200020110,2022-10-07 17:00:00,2022,10,7,17,0,51,51454,boulevard Louis Barthou,49.2324400453,4.033460319,Plein jour,En agglomération,Giratoire,Normale,Deux véhicules - arrière,4,1,1,2,2,1,1,0,1,50,2,2,1,0,0,1,20.0,29.0,deux_roues,voiture,1,2,6,1,2
202200020111,2022-10-07 16:15:00,2022,10,7,16,15,51,51454,rue de Venise,49.246543129,4.0317732096,Plein jour,En agglomération,Intersection en X,Normale,Sans collision,4,2,2,1,1,1,1,0,1,50,1,2,1,0,0,1,49.0,,voiture,,1,2,2,1,7
202200020112,2022-10-07 09:53:00,2022,10,7,9,53,49,49007,DE LATTRE DE TASSIGNY,47.45237,-0.54083,Plein jour,En agglomération,Giratoire,Normale,Autre collision,4,3,4,0,1,1,1,0,1,50,1,2,1,0,0,1,80.0,,voiture,,1,2,6,1,6
202200020113,2022-10-06 16:34:00,2022,10,6,16,34,49,49007,COUFFON BOULEVARD SECTEUR 1,47.4658122379,-0.5655987561,Plein jour,En agglomération,Hors intersection,Normale,Deux véhicules - côté,4,1,2,0,1,2,1,0,1,30,2,2,1,0,0,1,40.0,25.0,deux_roues,voiture,1,2,1,1,3
202200020114,2022-10-07 08:30:00,2022,10,7,8,30,45,45234,15 Rue Eugène Vignat,47.90806,1.91067,Plein jour,En agglomération,Hors intersection,Normale,Deux véhicules - côté,4,2,2,1,1,1,1,0,1,50,2,2,1,0,0,1,53.0,45.0,voiture,deux_roues,1,2,1,1,3
202200020115,2022-10-05 18:00:00,2022,10,5,18,0,45,45208,16 Boulevard Paul Baudin,48.00034,2.73389,Plein jour,En agglomération,Hors intersection,Temps éblouissant,Autre collision,4,2,2,0,1,1,1,0,1,50,1,2,1,0,0,1,16.0,,deux_roues,,1,2,1,7,6
202200020116,2022-10-06 17:50:00,2022,10,6,17,50,42,42187,Rue Jean Jaurès,46.03521,4.07273,Plein jour,En agglomération,Intersection en T,Normale,Deux véhicules - côté,4,2,2,0,1,1,1,0,1,30,2,4,2,0,0,2,26.0,22.0,deux_roues,voiture,1,2,3,1,3
202200020117,2022-10-05 12:11:00,2022,10,5,12,11,40,40192,GRIMAUX (AV ALAIN),43.91623,-0.50764,Plein jour,En agglomération,Intersection en T,Normale,Deux véhicules - côté,4,2,2,0,1,1,1,0,1,80,2,2,0,0,2,0,22.0,73.0,deux_roues,voiture,1,2,3,1,3
202200020118,2022-10-06 15:20:00,2022,10,6,15,20,37,37261,PONT VOLANT (RUE DU),47.40884,0.70346,Plein jour,En agglomération,Hors intersection,Normale,Deux véhicules - côté,4,2,2,0,1,1,1,5,1,50,2,2,1,0,1,0,30.0,21.0,deux_roues,voiture,1,2,1,1,3
202200020119,2022-10-07 17:00:00,2022,10,7,17,0,35,35238,VITRE (BLD DE),48.1250827149,-1.6517499089,Plein jour,En agglomération,Intersection en T,Normale,Autre collision,4,2,2,0,1,1,1,0,1,30,1,2,1,0,0,1,21.0,,voiture,,1,2,3,1,6
202200020120,2022-10-07 08:05:00,2022,10,7,8,5,35,35238,FEE VIVIANE (DE LA),48.11761,-1.7139,Crépuscule ou aube,En agglomération,Hors intersection,Normale,Deux véhicules - frontale,4,2,2,0,1,1,1,0,1,30,2,2,1,0,0,1,62.0,78.0,voiture,deux_roues,2,2,1,1,1
202200020121,2022-10-07 03:40:00,2022,10,7,3,40,35,35238,SAINT-MARTIN,48.1191854207,-1.6785009205,Nuit avec éclairage allumé,En agglomération,Hors intersection,Normale,Autre collision,4,1,1,2,2,1,1,0,1,30,1,1,0,0,0,1,36.0,,voiture,,5,2,1,1,6
202200020122,2022-10-07 07:00:00,2022,10,7,7,0,34,34172,33 Rue du Grand Saint Jean,43.60413,3.87871,Crépuscule ou aube,En agglomération,Intersection en T,Temps couvert,Sans collision,4,1,1,0,2,1,1,5,1,30,1,2,0,0,1,0,,,voiture,,2,2,3,8,7
202200020123,2022-10-06 07:15:00,2022,10,6,7,15,34,34032,D64 PR 19+776,43.32647,3.19104,Crépuscule ou aube,Hors agglomération,Hors intersection,Normale,Deux véhicules - frontale,3,2,2,0,1,1,1,0,1,90,2,2,1,0,1,0,33.0,30.0,voiture,utilitaire_camion,2,1,1,1,1
202200020124,2022-10-07 20:30:00,2022,10,7,20,30,33,33281,A630,44.83217,-0.67419,Nuit avec éclairage allumé,En agglomération,Intersection en T,Normale,Deux véhicules - côté,1,1,1,0,2,2,1,2,1,50,2,3,1,0,0,2,25.0,25.0,voiture,voiture,5,2,3,1,3
202200020125,2022-10-07 20:40:00,2022,10,7,20,40,33,33069,Boulevard Godard,44.86148,-0.58727,Nuit avec éclairage allumé,En agglomération,Intersection en T,Normale,Deux véhicules - arrière,4,3,2,3,1,1,1,0,1,50,2,2,1,0,0,1,52.0,59.0,voiture,deux_roues,5,2,3,1,2
202200020126,2022-10-07 14:00:00,2022,10,7,14,0,30,30028,ROUTE DE NIMES,44.14588,4.61489,Plein jour,En agglomération,Hors intersection,Normale,Deux véhicules - côté,3,2,2,0,1,1,1,0,1,70,2,2,1,0,1,0,86.0,21.0,voiture,voiture,1,2,1,1,3
202200020127,2022-10-05 17:10:00,2022,10,5,17,10,30,30028,SAINT VICTOR (RUE),44.16151,4.62213,Crépuscule ou aube,En agglomération,Hors intersection,Normale,Autre collision,4,2,1,0,1,3,1,0,1,50,1,2,1,0,1,0,28.0,,voiture,,2,2,1,1,6
202200020128,2022-10-07 08:40:00,2022,10,7,8,40,29,29039,17 Rue de Keriolet,47.88771,-3.90736,Plein jour,En agglomération,Hors intersection,Normale,Autre collision,4,2,2,0,2,3,1,0,1,50,1,1,0,0,0,1,17.0,,deux_roues,,1,2,1,1,6
202200020129,2022-10-06 18:10:00,2022,10,6,18,10,29,29019,rue Anatole France,48.382312,-4.523064,Plein jour,En agglomération,Hors intersection,Normale,Deux véhicules - côté,4,-1,2,0,3,1,1,0,1,50,2,2,1,0,0,1,21.0,57.0,deux_roues,voiture,1,2,1,1,3
202200020130,2022-10-06 15:30:00,2022,10,6,15,30,29,29019,avenue Georges Pompidou,48.41384,-4.47977,Plein jour,En agglomération,Hors intersection,Normale,Autre collision,4,3,3,0,3,3,1,5,1,50,1,2,1,0,1,0,28.0,,voiture,,1,2,1,1,6
202200020131,2022-10-07 12:45:00,2022,10,7,12,45,27,27701,ARONDE (VOIE DE L'),49.27105,1.20766,Plein jour,En agglomération,Intersection en X,Normale,Deux véhicules - côté,4,1,1,0,1,1,1,0,1,50,2,3,2,0,0,1,17.0,53.0,deux_roues,voiture,1,2,2,1,3
202200020132,2022-10-07 22:00:00,2022,10,7,22,0,27,27229,RABAIS (RUE DU),49.03468,1.15554,Nuit avec éclairage allumé,En agglomération,Intersection en T,Normale,Deux véhicules - frontale,4,2,2,0,1,3,1,0,1,50,2,2,1,0,0,1,25.0,17.0,voiture,deux_roues,5,2,3,1,1
202200020133,2022-10-07 16:01:00,2022,10,7,16,1,27,27306,CONCORDE (RUE),49.01014,1.17461,Plein jour,En agglomération,Hors intersection,Normale,Deux véhicules - arrière,6,-1, -1,0,1,1,1,0,1,30,2,3,2,0,0,1,19.0,58.0,voiture,voiture,1,2,1,1,2
202200020134,2022-10-07 08:56:00,2022,10,7,8,56,27,27229,MARNIERE RIGA (RUE DE LA),49.01402,1.16416,Plein jour,En agglomération,Intersection en T,Temps éblouissant,Deux véhicules - frontale,4,2,2,0,1,1,1,0,1,50,2,2,1,0,0,1,42.0,14.0,voiture,deux_roues,1,2,3,7,1
202200020135,2022-10-07 14:30:00,2022,10,7,14,30,26,26362,FRANKLIN RUE BENJAMIN,44.91619,4.88646,Plein jour,En agglomération,Hors intersection,Normale,Autre collision,4,3,2,0,1,1,1,0,1,50,2,2,1,0,0,1,68.0,47.0,deux_roues,utilitaire_camion,1,2,1,1,6
202200020136,2022-10-07 18:40:00,2022,10,7,18,40,17,17291,35 PK RN11 ROCADE NANTES,46.174063,-1.113838,Plein jour,Hors agglomération,Hors intersection,Normale,Trois véhicules et plus - en chaîne,2,3,4,0,1,1,1,0,1,70,5,5,4,0,0,1,55.0,22.0,utilitaire_camion,voiture,1,1,1,1,4
202200020137,2022-11-03 12:00:00,2022,11,3,12,0,13,13056,SAUSSET,43.36312,5.09519,Plein jour,En agglomération,Intersection en Y,Pluie forte,Autre collision,3,2,2,0,1,1,4,0,8,50,1,1,0,1,0,0,84.0,,voiture,,1,2,4,3,6
202200020138,2022-10-07 19:15:00,2022,10,7,19,15,13,13117,D55F,43.46846,5.2334,Crépuscule ou aube,En agglomération,Intersection en X,Normale,Deux véhicules - côté,7,2,2,0,4,1,1,1,1,50,2,2,1,0,1,0,17.0,49.0,deux_roues,voiture,2,2,2,1,3
202200020139,2022-11-13 08:00:00,2022,11,13,8,0,13,13207,RAMPE SAINT MAURICE,43.29204,5.36326,Crépuscule ou aube,En agglomération,Hors intersection,Normale,Deux véhicules - frontale,4,1,1,0,2,3,1,1,1,50,2,2,1,0,0,1,25.0,28.0,voiture,voiture,2,2,1,1,1
202200020140,2022-11-10 19:00:00,2022,11,10,19,0,13,13209,SAINTE MARGUERITE (BOULEVARD),43.26363,5.41062,Nuit avec éclairage allumé,En agglomération,Hors intersection,Normale,Deux véhicules - côté,4,2,2,0,2,1,2,9,1,50,2,2,1,0,0,1,43.0,,deux_roues,voiture,5,2,1,1,3
202200020141,2022-11-14 15:30:00,2022,11,14,15,30,13,13047,RD 569,43.5395,4.97395,Plein jour,Hors agglomération,Hors intersection,Pluie légère,Trois véhicules et plus - collisions multiples,7,2,2,0,1,1,2,0,1,80,4,4,1,0,0,3,26.0,43.0,utilitaire_camion,voiture,1,1,1,2,5
202200020142,2022-11-10 07:40:00,2022,11,10,7,40,13,13001,DE LATTRE DE TASSIGNY (AV),43.54078,5.43267,Plein jour,Hors agglomération,Autre intersection,Normale,Deux véhicules - arrière,2,1,3,3,2,1,1,3,6,90,3,3,2,0,1,0,34.0,42.0,utilitaire_camion,voiture,1,1,9,1,2
202200020143,2022-11-09 13:00:00,2022,11,9,13,0,13,13001,GAUTIER DE LA LAUZIERE J.P (RUE),43.48438,5.36326,Plein jour,En agglomération,Hors intersection,Temps couvert,Deux véhicules - côté,4,3,4,3,1,1,1,0,1,50,2,2,1,0,0,1,45.0,40.0,deux_roues,voiture,1,2,1,8,3
202200020144,2022-11-06 11:10:00,2022,11,6,11,10,12,12305,Avenue Jean Jaurés,44.55496,2.21681,Plein jour,En agglomération,Hors intersection,Temps éblouissant,Deux véhicules - frontale,3,2,2,0,1,1,1,0,1,50,2,5,4,0,1,0,22.0,27.0,voiture,voiture,1,2,1,7,1
202200020145,2022-11-12 23:30:00,2022,11,12,23,30,11,11262,182 Route de Marcorignan,43.201086,2.968117,Nuit avec éclairage allumé,En agglomération,Hors intersection,Normale,Sans collision,4,2,2,0,1,1,1,0,1,50,1,2,0,0,0,2,23.0,,voiture,,5,2,1,1,7
202200020146,2022-11-10 17:50:00,2022,11,10,17,50,11,11069,ROCADE NORD - RD 6113,43.23236,2.35064,Crépuscule ou aube,Hors agglomération,Hors intersection,Normale,Trois véhicules et plus - en chaîne,3,-1,2,0,1,1,1,0,1,80,3,4,1,0,0,3,68.0,54.0,voiture,voiture,2,1,1,1,4
202200020147,2022-11-10 15:30:00,2022,11,10,15,30,11,11069,,43.21752,2.32332,Plein jour,Hors agglomération,Hors intersection,Normale,Deux véhicules - arrière,3,2,2,0,1,1,1,0,1,80,2,2,1,0,0,1,20.0,32.0,voiture,voiture,1,1,1,1,2
202200020148,2022-11-09 19:35:00,2022,11,9,19,35,11,11069,25 Boulevard Barbès,43.21047,2.35124,Nuit avec éclairage allumé,En agglomération,Autre intersection,Pluie légère,Autre collision,3,1,2,0,1,3,2,0,8,50,1,1,0,0,1,0,19.0,,utilitaire_camion,,5,2,9,2,6
202200020149,2022-11-09 20:45:00,2022,11,9,20,45,10,10362,,48.29672,4.02902,Nuit sans éclairage public,Hors agglomération,Hors intersection,Normale,Deux véhicules - arrière,3,1,2,0,1,1,1,0,1,110,2,2,0,0,0,2,45.0,21.0,voiture,voiture,3,1,1,1,2
202200020150,2022-11-14 18:00:00,2022,11,14,18,0,06,06088,ARIANE (BD DE L'),43.734862,7.298083,Nuit avec éclairage allumé,En agglomération,Intersection en X,Normale,Deux véhicules - côté,4,1,0,0,1,1,1,9,1,50,2,2,1,0,1,0,25.0,33.0,voiture,deux_roues,5,2,2,1,3
202200020151,2022-11-09 14:00:00,2022,11,9,14,0,06,06088,BISCHOFFSHEIM (BD),43.71807,7.29851,Plein jour,En agglomération,Hors intersection,Pluie légère,Deux véhicules - frontale,7,2,2,0,2,2,2,0,1,50,2,3,2,1,0,0,21.0,28.0,deux_roues,utilitaire_camion,1,2,1,2,1
202200020152,2022-11-14 12:50:00,2022,11,14,12,50,06,06069,DE GAULLE (AVENUE DU GENERAL),43.655587,6.917608,Plein jour,En agglomération,Hors intersection,Normale,Autre collision,3,2,2,0,2,1,1,0,1,50,1,2,0,0,2,0,16.0,,deux_roues,,1,2,1,1,6
202200020153,2022-11-10 06:00:00,2022,11,10,6,0,06,06027,GRASSE AVENUE DE,43.66373,7.14882,Nuit avec éclairage allumé,En agglomération,Hors intersection,Normale,Deux véhicules - frontale,7,2,1,0,1,1,1,0,1,50,2,2,1,0,0,1,52.0,,deux_roues,voiture,5,2,1,1,1
202200020154,2022-11-10 18:15:00,2022,11,10,18,15,05,05061,FREDERIC MISTRAL ( COURS ),44.55746,6.07476,Crépuscule ou aube,En agglomération,Hors intersection,Normale,Deux véhicules - arrière,3,1,2,0,1,2,1,9,1,50,2,4,3,0,0,1,30.0,49.0,voiture,voiture,2,2,1,1,2
202200020155,2022-11-06 12:20:00,2022,11,6,12,20,04,04112,PRECHE (RUE DU),43.82537,5.79504,Plein jour,En agglomération,Hors intersection,Normale,Autre collision,4,-1,0,1,2,1,1,0,4,20,1,1,0,0,1,0,40.0,,deux_roues,,1,2,1,1,6
202200020156,2022-11-13 12:00:00,2022,11,13,12,0,75,75112,PORTE DE CHARENTON,48.828768,2.398716,Plein jour,En agglomération,Hors intersection,Normale,Deux véhicules - côté,4,1,4,0,1,1,1,0,1,70,2,2,1,0,0,1,57.0,41.0,utilitaire_camion,deux_roues,1,2,1,1,3
202200020157,2022-11-12 10:10:00,2022,11,12,10,10,75,75119,PORTE DE PANTIN,48.889128,2.396297,Plein jour,En agglomération,Hors intersection,Normale,Trois véhicules et plus - en chaîne,4,1,4,0,1,1,1,0,1,70,4,7,5,0,0,2,27.0,23.0,voiture,voiture,1,2,1,1,4
202200020158,2022-11-14 23:10:00,2022,11,14,23,10,75,75119,BOULEVARD SERURIER,48.889633,2.395748,Nuit avec éclairage allumé,En agglomération,Place,Pluie légère,Deux véhicules - côté,4,2,3,0,1,1,2,0,1,30,2,3,1,0,0,2,68.0,67.0,deux_roues,deux_roues,5,2,7,2,3
202200020159,2022-11-15 15:40:00,2022,11,15,15,40,75,75117,RUE NAVIER,48.895892,2.323042,Plein jour,En agglomération,Intersection en X,Pluie légère,Autre collision,4,2,3,0,1,1,2,0,1,30,1,3,2,0,0,1,50.0,,utilitaire_camion,,1,2,2,2,6
202200020160,2022-11-15 13:15:00,2022,11,15,13,15,75,75115,RUE MAUBLANC,48.839979,2.299876,Plein jour,En agglomération,Intersection en X,Pluie légère,Deux véhicules - arrière,4,-1,3,0,1,1,2,0,1,30,2,2,1,0,0,1,32.0,34.0,deux_roues,utilitaire_camion,1,2,2,2,2
202200020161,2022-11-15 10:30:00,2022,11,15,10,30,75,75115,BOULEVARD DES FRERES VOISIN,48.827956,2.272884,Plein jour,En agglomération,Hors intersection,Pluie légère,Sans collision,4,1,1,0,1,1,2,0,1,30,1,1,0,0,0,1,80.0,,voiture,,1,2,1,2,7
202200020162,2022-11-15 07:55:00,2022,11,15,7,55,75,75112,PLACE LOUIS ARMAND,48.845163,2.372596,Plein jour,En agglomération,Hors intersection,Temps couvert,Sans collision,4,-1,0,0,1,1,2,0,1,30,1,1,0,0,0,1,46.0,,deux_roues,,1,2,1,8,7
202200020163,2022-11-15 07:15:00,2022,11,15,7,15,75,75112,RUE DU FAUBOURG SAINT ANTOINE,48.853296,2.370275,Nuit avec éclairage allumé,En agglomération,Intersection en Y,Normale,Deux véhicules - côté,4,2,2,2,1,2,1,0,1,30,2,2,1,0,0,1,51.0,,deux_roues,voiture,5,2,4,1,3
202200020164,2022-11-15 22:03:00,2022,11,15,22,3,75,75109,RUE DE DUNKERQUE,48.881097,2.34984,Nuit avec éclairage allumé,En agglomération,Intersection en X,Pluie légère,Deux véhicules - côté,4,1,0,0,1,1,2,0,1,30,2,2,1,0,0,1,37.0,30.0,voiture,deux_roues,5,2,2,2,3
202200020165,2022-11-14 19:08:00,2022,11,14,19,8,75,75108,COURS LA REINE,48.864086,2.320118,Nuit avec éclairage allumé,En agglomération,Intersection en X,Normale,Deux véhicules - côté,4,1,2,0,1,1,1,0,1,30,2,2,1,0,0,1,,22.0,voiture,deux_roues,5,2,2,1,3
202200020166,2022-11-15 09:11:00,2022,11,15,9,11,75,75104,QUAI DE L ARCHEVECHE,48.85213,2.351914,Plein jour,En agglomération,Hors intersection,Normale,Deux véhicules - côté,4,1,2,1,1,1,1,0,1,30,2,2,1,0,0,1,21.0,56.0,deux_roues,utilitaire_camion,1,2,1,1,3
202200020167,2022-11-15 17:30:00,2022,11,15,17,30,94,94080,VIGNERONS (R DES),48.84512,2.43153,Nuit avec éclairage non allumé,En agglomération,Hors intersection,Pluie forte,Deux véhicules - côté,3,1,1,0,1,1,2,0,1,30,1,2,1,0,0,1,65.0,,voiture,,4,2,1,3,3
202200020168,2022-11-10 19:20:00,2022,11,10,19,20,94,94046,REPUBLIQUE (AV DE LA),48.804,2.436,Nuit avec éclairage allumé,En agglomération,Hors intersection,Normale,Deux véhicules - côté,3,2,2,0,1,1,1,0,1,50,2,2,1,0,0,1,32.0,18.0,deux_roues,deux_roues,5,2,1,1,3
202200020169,2022-11-15 20:35:00,2022,11,15,20,35,91,91479,N7,48.71172,2.371087,Nuit avec éclairage allumé,En agglomération,Hors intersection,Pluie légère,Deux véhicules - arrière,3,2,2,0,1,1,2,1,1,50,2,2,1,0,0,1,36.0,19.0,utilitaire_camion,voiture,5,2,1,2,2
202200020170,2022-11-15 18:54:00,2022,11,15,18,54,94,94054,Avenue Marcel Cachin / Voie des Saules,48.74554,2.41013,Nuit avec éclairage allumé,En agglomération,Intersection en T,Pluie légère,Deux véhicules - arrière,3,2,2,0,1,1,2,0,1,50,2,2,1,0,0,1,52.0,29.0,voiture,transport_commun,5,2,3,2,2
202200020171,2022-11-15 14:36:00,2022,11,15,14,36,94,94022,Avenue Victor Hugo / Rue d'Alsace-lorraine,48.76875,2.42089,Plein jour,En agglomération,Intersection en X,Pluie légère,Deux véhicules - côté,3,3,6,3,1,1,2,9,6,50,2,3,2,0,0,1,43.0,19.0,transport_commun,voiture,1,2,2,2,3
202200020172,2022-11-15 17:30:00,2022,11,15,17,30,94,94017,315 Avenue du Général de Gaulle,48.82773,2.52241,Nuit avec éclairage allumé,En agglomération,Hors intersection,Pluie forte,Deux véhicules - arrière,5,-1,0,0,1,1,2,0,1,50,2,2,1,0,1,0,26.0,73.0,voiture,voiture,5,2,1,3,2
202200020173,2022-11-02 18:30:00,2022,11,2,18,30,94,94017,GAMBETTA (R),48.81498,2.51128,Nuit avec éclairage allumé,En agglomération,Hors intersection,Normale,Trois véhicules et plus - en chaîne,3,1,1,0,1,1,1,0,1,50,3,3,1,0,0,2,41.0,38.0,voiture,voiture,5,2,1,1,4
202200020174,2022-11-15 08:56:00,2022,11,15,8,56,94,94047,6 Rue de Boussy,48.700068,2.54102,Plein jour,En agglomération,Hors intersection,Normale,Deux véhicules - frontale,3,2,2,0,1,1,1,0,4,50,2,2,1,0,0,1,25.0,21.0,voiture,deux_roues,1,2,1,1,1
202200020175,2022-11-15 03:45:00,2022,11,15,3,45,94,94075,Av du Mal de Lattre de Tassigny,48.73092,2.52442,Nuit sans éclairage public,En agglomération,Hors intersection,Normale,Autre collision,2,2,4,3,1,1,1,0,1,50,2,2,1,1,0,0,43.0,56.0,utilitaire_camion,utilitaire_camion,3,2,1,1,6
202200020176,2022-11-15 19:00:00,2022,11,15,19,0,93,93073,Route de la Croix au Plâtre,48.9843,2.5349,Nuit sans éclairage public,Hors agglomération,Hors intersection,Pluie légère,Deux véhicules - arrière,4,2,2,0,1,1,2,0,1,70,2,2,1,0,0,1,41.0,50.0,utilitaire_camion,voiture,3,1,1,2,2
202200020177,2022-11-14 03:30:00,2022,11,14,3,30,93,93078,Boulevard Robert Ballanger,48.9555607872,2.5391024351,Nuit avec éclairage allumé,En agglomération,Autre intersection,Pluie légère,Deux véhicules - côté,3,2,4,0,1,1,2,9,8,50,2,3,0,1,1,1,17.0,36.0,deux_roues,utilitaire_camion,5,2,9,2,3