accident_id,datetime,annee,mois,jour,heure,minute,departement,commune_insee,adresse,latitude,longitude,luminosite,agglomeration,intersection,meteo,collision,catr,circ,nbv,vosp,prof,plan,surf,infra,situ,vma,nb_vehicules,nb_usagers,nb_indemnes,nb_tues,nb_blesses_hosp,nb_blesses_legers,age_cond_1,age_cond_2,veh_type_cond_1,veh_type_cond_2,lum_code,agg_code,int_code,atm_code,col_code
202200020269,2022-01-30 02:00:00,2022,1,30,2,0,34,34129,PLATANES (AVENUES DES),43.58989,3.91343,Nuit sans éclairage public,En agglomération,Hors intersection,Normale,Autre collision,4,2,2,0,1,1,1,0,1,50,1,1,0,0,0,1,33.0,,deux_roues,,3,2,1,1,6
202200020270,2022-11-15 22:00:00,2022,11,15,22,0,94,94073,A86 EXT,48.7701146919,2.3822327243,Nuit sans éclairage public,Hors agglomération,Hors intersection,Normale,Trois véhicules et plus - en chaîne,1,1,3,0,1,3,2,0,1,70,3,3,2,0,0,1,24.0,19.0,voiture,voiture,3,1,1,1,4
202200020271,2022-02-01 12:15:00,2022,2,1,12,15,33,33063,Rue de la Croix de Séguey,44.85119,-0.58864,Plein jour,En agglomération,Hors intersection,Normale,Autre collision,4,2,2,3,1,1,9,9,6,50,1,3,1,1,1,0,42.0,,utilitaire_camion,,1,2,1,1,6
202200020272,2022-07-18 15:15:00,2022,7,18,15,15,74,74281,VONGY (CHEMIN DE),46.38064,6.50118,Plein jour,En agglomération,Hors intersection,Normale,Autre collision,4,2,1,0,1,1,1,0,1,30,1,2,1,0,1,0,23.0,,voiture,,1,2,1,1,6
202200020273,2022-02-01 08:05:00,2022,2,1,8,5,33,33162,Avenue du Taillan-Médoc,44.87338,-0.63442,Plein jour,En agglomération,Intersection en T,Normale,Deux véhicules - côté,4,2,2,0,1,1,1,0,1,50,2,2,1,0,0,1,46.0,23.0,voiture,deux_roues,1,2,3,1,3
202200020274,2022-05-25 16:45:00,2022,5,25,16,45,74,74236,RD 909,45.872554,6.717797,Plein jour,Hors agglomération,Hors intersection,Normale,Autre collision,4,2,2,0,2,1,1,0,1,-1,2,2,1,0,1,0,82.0,62.0,voiture,utilitaire_camion,1,1,1,1,6
202200020275,2022-01-31 03:30:00,2022,1,31,3,30,33,33063,Rue de la Benauge,44.84105,-0.54833,Nuit avec éclairage allumé,En agglomération,Giratoire,Normale,Autre collision,4,3,2,0,1,1,2,0,1,30,1,4,3,0,0,1,20.0,,voiture,,5,2,6,1,6
202200020276,2022-08-31 18:00:00,2022,8,31,18,0,74,74118,SALEVE (ROUTE DU),46.17785,6.22904,Plein jour,Hors agglomération,Hors intersection,Normale,Deux véhicules - côté,3,2,2,0,1,1,1,0,1,50,2,2,1,0,1,0,44.0,27.0,deux_roues,voiture,1,1,1,1,3
202200020277,2022-01-19 17:30:00,2022,1,19,17,30,31,31149,3 COLOMIERS EST (A624),43.60541,1.34076,Plein jour,Hors agglomération,Hors intersection,Normale,Deux véhicules - côté,2,3,4,0,1,1,1,0,1,90,2,2,1,1,0,0,53.0,47.0,voiture,voiture,1,1,1,1,3
202200020278,2022-01-21 09:05:00,2022,1,21,9,5,30,30189,Boulevard Amiral Courbet,43.8388,4.3633,Plein jour,En agglomération,Hors intersection,Normale,Autre collision,4,1,3,3,1,1,1,0,5,50,1,2,0,0,1,1,22.0,,deux_roues,,1,2,1,1,6
202200020279,2022-08-31 12:30:00,2022,8,31,12,30,74,74250,Route des gorges du borne,46.050696,6.376705,Plein jour,Hors agglomération,Hors intersection,Normale,Sans collision,3,2,2,0,2,2,2,0,1,80,1,1,0,0,1,0,69.0,,deux_roues,,1,1,1,1,7
202200020280,2022-01-31 08:00:00,2022,1,31,8,0,30,30007,23 Avenue d'Alsace,44.13999,4.08869,Plein jour,En agglomération,Autre intersection,Normale,Deux véhicules - côté,4,1,1,0,1,2,1,9,1,50,2,2,1,0,0,1,68.0,20.0,voiture,deux_roues,1,2,9,1,3
202200020281,2022-08-27 04:50:00,2022,8,27,4,50,74,74256,route départementale 13,45.961258,6.630979,Nuit avec éclairage allumé,Hors agglomération,Hors intersection,Normale,Autre collision,4,2,1,0,1,2,1,0,1,80,1,1,0,0,1,0,20.0,,deux_roues,,5,1,1,1,6
202200020282,2022-01-31 17:10:00,2022,1,31,17,10,29,29232,D783 - Route de Concarneau,47.95708,-4.04558,Plein jour,Hors agglomération,Hors intersection,Normale,Deux véhicules - arrière,3,2,4,0,2,1,1,0,1,90,2,3,1,0,0,2,37.0,43.0,voiture,voiture,1,1,1,1,2
202200020283,2022-07-09 16:05:00,2022,7,9,16,5,22,22278,RN12,48.51998,-2.74722,Plein jour,Hors agglomération,Hors intersection,Normale,Deux véhicules - arrière,2,3,1,-1,1,1,1,2,1,-1,2,5,3,0,0,2,36.0,52.0,voiture,voiture,1,1,1,1,2
202200020284,2022-02-01 19:55:00,2022,2,1,19,55,29,29019,Avenue Georges Clemenceau,48.388901,-4.483878,Nuit avec éclairage allumé,En agglomération,Giratoire,Vent fort / tempête,Deux véhicules - côté,4,-1, -1,0,1,1,1,0,1,30,2,2,1,0,0,1,60.0,58.0,voiture,deux_roues,5,2,6,6,3
202200020285,2022-02-01 18:10:00,2022,2,1,18,10,29,29019,Avenue de Kiel,48.385637,-4.470048,Plein jour,En agglomération,Hors intersection,Pluie légère,Deux véhicules - arrière,4,-1,2,0,1,1,2,0,1,50,2,2,1,0,0,1,37.0,43.0,voiture,voiture,1,2,1,2,2
202200020286,2022-09-10 00:30:00,2022,9,10,0,30,75,75107,QUAI ANATOLE FRANCE,48.861127,2.324186,Nuit avec éclairage allumé,En agglomération,Intersection en T,Normale,Autre collision,4,1,5,1,1,1,1,0,1,30,1,1,0,0,0,1,40.0,,voiture,,5,2,3,1,6
202200020287,2022-11-14 00:24:00,2022,11,14,0,24,75,75117,BOULEVARD DU FORT DE VAUX,48.893614,2.303583,Nuit avec éclairage allumé,En agglomération,Hors intersection,Normale,Sans collision,4,2,1,0,1,1,1,0,1,50,1,1,0,0,1,0,22.0,,deux_roues,,5,2,1,1,7
202200020288,2022-01-30 19:35:00,2022,1,30,19,35,29,29019,Avenue Maréchal Foch,48.3964536992,-4.488830924,Crépuscule ou aube,En agglomération,Hors intersection,Normale,Trois véhicules et plus - collisions multiples,4,2,4,0,1,1,1,0,1,50,3,3,0,0,0,3,39.0,19.0,voiture,voiture,2,2,1,1,5
202200020289,2022-01-27 19:45:00,2022,1,27,19,45,29,29019,Rue du Huit Mai 1945,48.409314,-4.469907,Nuit avec éclairage allumé,En agglomération,Hors intersection,Normale,Autre collision,4,2,2,0,1,1,1,0,1,50,1,2,0,0,0,2,37.0,,deux_roues,,5,2,1,1,6
202200020290,2022-11-14 18:45:00,2022,11,14,18,45,75,75114,BOULEVARD DU MONTPARNASSE,48.844157,2.322949,Nuit avec éclairage allumé,En agglomération,Intersection en T,Normale,Deux véhicules - côté,4,2,1,0,1,1,1,0,1,30,2,2,0,0,0,2,21.0,24.0,deux_roues,deux_roues,5,2,3,1,3
202200020291,2022-01-13 08:13:00,2022,1,13,8,13,29,29019,Avenue 1ère D.f.l.,48.376326,-4.552843,Nuit sans éclairage public,En agglomération,Hors intersection,Normale,Deux véhicules - côté,4,3,2,0,1,1,1,-1,1,50,2,2,1,0,0,1,61.0,32.0,utilitaire_camion,deux_roues,3,2,1,1,3
202200020292,2022-11-07 11:00:00,2022,11,7,11,0,75,75105,RUE GEOFFROY SAINT HILAIRE,48.841168,2.355965,Plein jour,En agglomération,Intersection en X,Normale,Deux véhicules - côté,4,2,2,0,1,1,1,0,1,30,2,2,1,0,0,1,60.0,57.0,voiture,deux_roues,1,2,2,1,3
202200020293,2022-01-31 13:25:00,2022,1,31,13,25,26,26198,MARSEILLE (Route de ),44.540738,4.746503,Plein jour,En agglomération,Hors intersection,Normale,Deux véhicules - côté,4,2,2,0,1,1,1,0,1,50,2,2,1,0,0,1,18.0,91.0,deux_roues,voiture,1,2,1,1,3
202200020294,2022-11-12 23:59:00,2022,11,12,23,59,75,75118,AVENUE DE SAINT OUEN,48.890411,2.326581,Nuit avec éclairage allumé,En agglomération,Intersection en T,Normale,Deux véhicules - côté,4,1,1,1,2,1,1,0,1,30,2,2,1,0,0,1,,30.0,voiture,deux_roues,5,2,3,1,3
202200020295,2022-01-28 19:00:00,2022,1,28,19,0,22,22113,FRERES LAGADEC (RUE DES),48.72216,-3.4801,Nuit avec éclairage allumé,En agglomération,Hors intersection,Pluie légère,Deux véhicules - frontale,4,2,2,0,3,4,2,9,1,50,2,2,1,0,1,0,32.0,16.0,voiture,deux_roues,5,2,1,2,1
202200020296,2022-02-01 08:44:00,2022,2,1,8,44,17,17306,EXPRESS (VOIE),45.636255,-1.016739,Plein jour,Hors agglomération,Hors intersection,Temps couvert,Sans collision,3,2,2,0,2,1,1,0,3,80,1,1,0,0,0,1,21.0,,voiture,,1,1,1,8,7
202200020297,2022-02-01 19:19:00,2022,2,1,19,19,17,17274,place de la pommeraie,46.15476,-1.09568,Nuit avec éclairage allumé,En agglomération,Hors intersection,Pluie légère,Autre collision,4,2,2,0,1,1,2,9,8,30,1,2,1,0,0,1,65.0,,voiture,,5,2,1,2,6
202200020298,2022-11-13 21:25:00,2022,11,13,21,25,75,75117,AVENUE DE VILLIERS,48.884251,2.302657,Nuit avec éclairage allumé,En agglomération,Intersection en T,Normale,Deux véhicules - côté,4,2,1,0,1,1,1,0,1,30,2,3,2,0,0,1,20.0,54.0,deux_roues,voiture,5,2,3,1,3
202200020299,2022-02-01 11:45:00,2022,2,1,11,45,15,15014,VOLONTAIRE (AVENUE DES),44.915241,2.440423,Plein jour,En agglomération,Hors intersection,Normale,Deux véhicules - côté,4,2,2,0,1,1,1,0,4,50,2,2,1,0,0,1,39.0,24.0,voiture,deux_roues,1,2,1,1,3
202200020300,2022-11-13 14:20:00,2022,11,13,14,20,75,75116,ROUTE DE LA LONGUE QUEUE,48.871888,2.252421,Plein jour,En agglomération,Hors intersection,Normale,Autre collision,4,2,1,1,1,1,1,0,1,30,1,2,0,0,0,2,64.0,,deux_roues,,1,2,1,1,6
202200020301,2022-02-01 15:40:00,2022,2,1,15,40,14,14536,D140,49.405832,0.273635,Plein jour,En agglomération,Hors intersection,Temps couvert,Autre collision,3,2,2,0,4,1,1,2,1,50,2,2,1,0,0,1,20.0,82.0,voiture,utilitaire_camion,1,2,1,8,6
202200020302,2022-11-14 14:40:00,2022,11,14,14,40,75,75115,PORT DE GRENELLE,48.851001,2.283255,Plein jour,En agglomération,Hors intersection,Normale,Sans collision,4,1,1,0,1,1,1,0,1,30,1,1,0,0,0,1,63.0,,deux_roues,,1,2,1,1,7
202200020303,2022-02-01 08:15:00,2022,2,1,8,15,13,13054,LACANAU (AV DE ),43.41092,5.22171,Plein jour,En agglomération,Hors intersection,Normale,Autre collision,4,2,2,0,1,1,1,9,1,50,1,2,1,0,0,1,64.0,,voiture,,1,2,1,1,6
202200020304,2022-02-01 14:40:00,2022,2,1,14,40,13,13209,SCHLOESING (BOULEVARD),43.2732662261,5.4007336084,Plein jour,En agglomération,Autre intersection,Normale,Sans collision,4,2,2,0,1,1,1,8,1,50,1,1,0,0,0,1,42.0,,voiture,,1,2,9,1,7
202200020305,2022-11-14 14:10:00,2022,11,14,14,10,75,75115,RUE DE VAUGIRARD,48.839844,2.302079,Plein jour,En agglomération,Intersection en T,Normale,Deux véhicules - côté,4,1,2,1,1,1,1,8,1,30,2,2,1,0,0,1,33.0,40.0,deux_roues,voiture,1,2,3,1,3
202200020306,2022-01-30 14:20:00,2022,1,30,14,20,13,13209,COL DE LA GINESTE D559,43.2400106107,5.4569005966,Plein jour,En agglomération,Hors intersection,Normale,Deux véhicules - côté,3,2,0,0,1,1,1,0,1,50,1,2,0,0,1,1,33.0,,deux_roues,,1,2,1,1,3
202200020307,2022-11-13 06:00:00,2022,11,13,6,0,75,75115,BOULEVARD GARIBALDI,48.847977,2.303844,Crépuscule ou aube,En agglomération,Place,Normale,Deux véhicules - arrière,4,1,1,0,1,1,1,0,1,30,2,2,1,0,0,1,31.0,37.0,utilitaire_camion,voiture,2,2,7,1,2
202200020308,2022-01-31 20:05:00,2022,1,31,20,5,13,13213,FRANÇOIS MIGNET (AVENUE),43.33191,5.42854,Nuit avec éclairage allumé,En agglomération,Hors intersection,Vent fort / tempête,Autre collision,4,-1,2,0,1,1,1,0,1,50,2,2,1,0,1,0,29.0,63.0,voiture,deux_roues,5,2,1,6,6
202200020309,2022-11-10 17:45:00,2022,11,10,17,45,75,75114,RUE NANSOUTY,48.823846,2.335908,Nuit avec éclairage allumé,En agglomération,Hors intersection,Normale,Autre collision,4,1,3,1,2,1,1,0,1,30,1,2,1,0,0,1,38.0,,deux_roues,,5,2,1,1,6
202200020310,2022-11-14 15:45:00,2022,11,14,15,45,75,75108,RUE DE ROME,48.878762,2.32224,Plein jour,En agglomération,Intersection en X,Normale,Deux véhicules - côté,4,2,2,0,2,1,1,5,1,30,2,2,1,0,0,1,29.0,36.0,deux_roues,deux_roues,1,2,2,1,3
202200020311,2022-01-30 16:00:00,2022,1,30,16,0,13,13206,BAILLE (BOULEVARD),43.2864932518,5.3855112749,Plein jour,En agglomération,Intersection en T,Normale,Deux véhicules - côté,4,2,2,0,1,1,1,9,1,50,1,2,1,0,0,1,21.0,,voiture,,1,2,3,1,3
202200020312,2022-11-11 18:05:00,2022,11,11,18,5,94,94068,CHEMIN VERT (R DU),48.80066,2.47104,Nuit avec éclairage allumé,En agglomération,Hors intersection,Normale,Deux véhicules - côté,3,2,3,0,2,1,1,6,1,30,1,2,1,0,1,0,,,voiture,,5,2,1,1,3
202200020313,2022-01-29 21:30:00,2022,1,29,21,30,13,13202,DAMES (BOULEVARD DES),43.3025316295,5.3691121533,Nuit avec éclairage allumé,En agglomération,Intersection en X,Normale,Deux véhicules - côté,4,2,2,0,1,1,1,0,1,50,2,2,1,0,0,1,37.0,24.0,voiture,deux_roues,5,2,2,1,3
202200020314,2022-11-07 17:53:00,2022,11,7,17,53,94,94028,Rue Juliette Savar,48.77449,2.46894,Nuit avec éclairage allumé,En agglomération,Autre intersection,Normale,Autre collision,4,2,2,0,1,1,1,9,4,50,1,2,0,1,0,1,31.0,,voiture,,5,2,9,1,6
202200020315,2022-01-31 14:01:00,2022,1,31,14,1,10,10387,EDOUARD VAILLANT (RUE),48.2757006341,4.0781807899,Plein jour,En agglomération,Giratoire,Normale,Deux véhicules - côté,4,2,2,0,1,1,1,5,1,50,2,2,1,0,0,1,23.0,49.0,deux_roues,voiture,1,2,6,1,3
202200020316,2022-01-31 09:10:00,2022,1,31,9,10,10,10362,NOES (RUE DES),48.29687,4.06048,Plein jour,En agglomération,Hors intersection,Temps éblouissant,Autre collision,4,2,1,0,1,1,2,0,1,50,1,1,0,0,0,1,59.0,,voiture,,1,2,1,7,6
202200020317,2022-11-12 23:14:00,2022,11,12,23,14,94,94017,34bis Rue Louis Talamoni,48.81309,2.51266,Nuit avec éclairage allumé,En agglomération,Hors intersection,Normale,Sans collision,3,2,4,3,1,1,1,0,1,50,1,1,0,0,0,1,27.0,,deux_roues,,5,2,1,1,7
202200020318,2022-01-30 18:47:00,2022,1,30,18,47,06,06088,CALIFORNIE (AV.) (A PARTIR DU N° 201-212,43.68345,7.23325,Nuit avec éclairage allumé,En agglomération,Hors intersection,Normale,Autre collision,9,3,2,3,1,1,9,9,6,30,1,3,2,1,0,0,44.0,,transport_commun,,5,2,1,1,6
202200020319,2022-02-01 16:50:00,2022,2,1,16,50,06,06069,SAINT EXUPERY (AVENUE ANTOINE DE),43.66113,6.93165,Crépuscule ou aube,En agglomération,Hors intersection,Normale,Deux véhicules - frontale,4,2,2,0,1,1,1,0,1,50,1,2,1,0,0,1,,,voiture,,2,2,1,1,1
202200020320,2022-11-14 17:15:00,2022,11,14,17,15,93,93078,Rue Eugène Delacroix,48.94939,2.5507,Nuit sans éclairage public,En agglomération,Hors intersection,Normale,Autre collision,4,2,2,0,1,1,1,0,1,30,1,2,1,0,0,1,76.0,,voiture,,3,2,1,1,6
202200020321,2022-02-01 09:15:00,2022,2,1,9,15,06,06069,ROUQUIER (BOULEVARD EMMANUEL),43.6288,6.93798,Plein jour,En agglomération,Hors intersection,Normale,Deux véhicules - frontale,4,2,2,0,1,1,1,0,1,50,2,2,1,0,0,1,53.0,34.0,deux_roues,voiture,1,2,1,1,1
202200020322,2022-01-31 20:00:00,2022,1,31,20,0,06,06069,PLASCASSIER (route de),43.652055,6.957566,Nuit sans éclairage public,Hors agglomération,Hors intersection,Normale,Sans collision,3,2,2,0,2,1,1,0,1,50,1,1,0,0,0,1,24.0,,voiture,,3,1,1,1,7
202200020323,2022-11-14 16:30:00,2022,11,14,16,30,93,93073,Rue d'Alsace / Place Pierre Curie,48.9405285246,2.5784705579,Crépuscule ou aube,En agglomération,Giratoire,Normale,Deux véhicules - côté,4,2,2,0,1,1,1,0,1,50,2,2,1,0,0,1,40.0,36.0,voiture,voiture,2,2,6,1,3
202200020324,2022-02-01 08:05:00,2022,2,1,8,5,06,06027,BESSET AVENUE CYRILLE,43.65965,7.15844,Plein jour,En agglomération,Hors intersection,Normale,Deux véhicules - arrière,7,1,2,0,2,1,1,0,1,50,2,2,1,0,0,1,20.0,53.0,deux_roues,voiture,1,2,1,1,2
202200020325,2022-11-14 08:30:00,2022,11,14,8,30,93,93072,Boulevard Maxime Gorki / Rue Normandie-niemen,48.95499,2.38344,Plein jour,En agglomération,Intersection en T,Normale,Deux véhicules - côté,3,2,2,0,1,1,1,0,1,50,2,2,1,0,0,1,31.0,36.0,voiture,deux_roues,1,2,3,1,3
202200020326,2022-01-30 14:45:00,2022,1,30,14,45,06,06027,CHENES AVENUE DES,43.66067,7.16,Plein jour,En agglomération,Hors intersection,Normale,Deux véhicules - côté,4,2,2,0,2,1,1,0,1,50,2,2,1,0,0,1,24.0,24.0,voiture,deux_roues,1,2,1,1,3
202200020327,2022-02-01 07:20:00,2022,2,1,7,20,02,02738,1 Boulevard Gambetta,49.6545648,3.2948471,Nuit avec éclairage allumé,En agglomération,Hors intersection,Pluie légère,Autre collision,3,2,2,0,1,1,2,0,1,50,1,2,1,0,0,1,41.0,,voiture,,5,2,1,2,6
202200020328,2022-11-14 12:30:00,2022,11,14,12,30,93,93051,Rue des Arcades,48.83778,2.54576,Plein jour,En agglomération,Hors intersection,Normale,Deux véhicules - côté,4,2,2,0,1,1,1,0,4,50,2,2,1,0,0,1,31.0,23.0,deux_roues,voiture,1,2,1,1,3
202200020329,2022-01-30 20:45:00,2022,1,30,20,45,75,75116,BOULEVARD PERIPHERIQUE,48.870178,2.271692,Nuit avec éclairage allumé,En agglomération,Intersection en Y,Normale,Deux véhicules - côté,4,1,4,0,1,1,1,0,1,70,2,2,1,0,0,1,35.0,51.0,voiture,deux_roues,5,2,4,1,3
202200020330,2022-11-14 20:15:00,2022,11,14,20,15,93,93048,Boulevard Aristide Briand / Rue d’Estienne d’Orves,48.8694806223,2.4491036832,Nuit avec éclairage allumé,En agglomération,Intersection en T,Normale,Deux véhicules - côté,3,2,2,2,1,1,1,0,1,50,2,2,1,0,0,1,27.0,48.0,deux_roues,utilitaire_camion,5,2,3,1,3
202200020331,2022-01-30 19:20:00,2022,1,30,19,20,75,75119,PORTE DE PANTIN,48.896021,2.394351,Nuit avec éclairage allumé,En agglomération,Hors intersection,Normale,Deux véhicules - côté,4,1,4,0,1,1,1,0,1,70,2,3,2,0,0,1,25.0,36.0,deux_roues,voiture,5,2,1,1,3
202200020332,2022-11-14 18:20:00,2022,11,14,18,20,93,93048,Rue de la Nouvelle France - Station BP,48.86315,2.46384,Nuit avec éclairage allumé,En agglomération,Hors intersection,Normale,Deux véhicules - côté,4,1,1,0,1,1,1,9,4,30,2,2,1,0,0,1,70.0,56.0,deux_roues,voiture,5,2,1,1,3
202200020333,2022-01-30 15:30:00,2022,1,30,15,30,75,75117,BOULEVARD MALESHERBES,48.881911,2.311292,Plein jour,En agglomération,Place,Normale,Autre collision,4,2,3,0,1,1,1,0,1,30,1,1,0,0,1,0,55.0,,voiture,,1,2,7,1,6
202200020334,2022-11-14 16:40:00,2022,11,14,16,40,93,93048,Rue Dombasle / Rue de Rosny,48.86319,2.44894,Plein jour,En agglomération,Intersection en T,Temps couvert,Autre collision,4,2,2,0,2,2,1,6,1,20,1,2,0,0,0,1,,,voiture,,1,2,3,8,6
202200020335,2022-02-01 18:30:00,2022,2,1,18,30,75,75120,BOULEVARD MORTIER,48.868743,2.408867,Nuit avec éclairage allumé,En agglomération,Hors intersection,Normale,Deux véhicules - côté,4,2,2,0,2,1,1,0,1,50,2,2,1,0,0,1,,34.0,deux_roues,deux_roues,5,2,1,1,3
202200020336,2022-02-01 11:05:00,2022,2,1,11,5,75,75120,AVENUE GAMBETTA,48.864964,2.395345,Plein jour,En agglomération,Place,Pluie légère,Autre collision,4,2,2,1,3,1,2,0,5,30,1,2,1,0,0,1,21.0,,deux_roues,,1,2,7,2,6
202200020337,2022-11-14 01:10:00,2022,11,14,1,10,93,93031,Route de Saint-leu / Rue de l'Yser,48.95407,2.33508,Nuit avec éclairage allumé,En agglomération,Intersection en X,Normale,Deux véhicules - côté,3,2,2,2,1,1,1,0,1,50,2,2,1,0,0,1,31.0,27.0,deux_roues,voiture,5,2,2,1,3
202200020338,2022-02-01 13:34:00,2022,2,1,13,34,75,75119,AVENUE CORENTIN CARIOU,48.895177,2.382763,Plein jour,En agglomération,Intersection en T,Temps couvert,Deux véhicules - côté,4,2,3,0,1,1,2,0,1,30,2,2,1,0,0,1,,30.0,voiture,deux_roues,1,2,3,8,3
202200020339,2022-11-14 13:36:00,2022,11,14,13,36,93,93008,Rue Auguste Delaune,48.9087234152,2.4617569149,Plein jour,En agglomération,Hors intersection,Normale,Autre collision,4,2,2,0,1,1,1,0,1,30,1,2,1,0,0,1,61.0,,voiture,,1,2,1,1,6
202200020340,2022-02-01 18:20:00,2022,2,1,18,20,75,75117,RUE PONCELET,48.879464,2.297787,Nuit avec éclairage allumé,En agglomération,Intersection en T,Normale,Deux véhicules - côté,4,1,1,0,1,1,1,0,1,30,2,2,1,0,0,1,45.0,,deux_roues,voiture,5,2,3,1,3
202200020341,2022-11-14 18:00:00,2022,11,14,18,0,92,92078,VIEUX CHEMIN DE ST DENIS (AVENUE),48.9297840644,2.3258641362,Nuit avec éclairage allumé,En agglomération,Intersection en T,Normale,Deux véhicules - côté,3,1,3,0,1,1,1,0,1,50,2,2,1,0,0,1,35.0,45.0,voiture,voiture,5,2,3,1,3
202200020342,2022-01-31 16:20:00,2022,1,31,16,20,75,75116,PLACE CLEMENT ADER,48.851334,2.278485,Plein jour,En agglomération,Intersection à plus de 4 branches,Normale,Deux véhicules - côté,4,2,4,0,1,1,1,0,1,30,2,3,2,0,0,1,24.0,29.0,deux_roues,utilitaire_camion,1,2,5,1,3
202200020343,2022-11-14 08:15:00,2022,11,14,8,15,92,92073,DASSAULT (QUAI MARCEL),48.86066,2.22482,Plein jour,En agglomération,Hors intersection,Normale,Deux véhicules - frontale,3,2,3,0,1,1,1,0,1,50,2,2,1,0,0,1,54.0,20.0,deux_roues,voiture,1,2,1,1,1
202200020344,2022-02-01 10:40:00,2022,2,1,10,40,75,75115,QUAI DE GRENELLE,48.852904,2.286616,Plein jour,En agglomération,Intersection en T,Pluie légère,Trois véhicules et plus - en chaîne,4,2,3,1,1,1,2,0,1,30,3,3,1,0,0,2,34.0,25.0,utilitaire_camion,utilitaire_camion,1,2,3,2,4
202200020345,2022-11-14 18:25:00,2022,11,14,18,25,92,92077,VERSAILLES (RUE DE),48.818958,2.167763,Nuit avec éclairage allumé,En agglomération,Hors intersection,Normale,Autre collision,3,-1,0,1,1,1,1,0,5,50,1,1,0,0,0,1,50.0,,deux_roues,,5,2,1,1,6
202200020346,2022-11-14 10:30:00,2022,11,14,10,30,92,92072,GRANDE RUE,48.8241815645,2.210585475,Plein jour,En agglomération,Intersection en T,Normale,Autre collision,3,2,2,0,1,1,1,6,1,30,1,2,1,0,0,1,,,deux_roues,,1,2,3,1,6
202200020347,2022-02-01 14:45:00,2022,2,1,14,45,75,75112,BOULEVARD SOULT,48.844273,2.41043,Plein jour,En agglomération,Intersection en X,Normale,Deux véhicules - côté,4,1,2,1,1,1,1,0,1,30,2,5,4,0,0,1,55.0,46.0,voiture,voiture,1,2,2,1,3
202200020348,2022-11-14 18:45:00,2022,11,14,18,45,92,92050,RIGAULT RUE,48.894251,2.197797,Nuit sans éclairage public,En agglomération,Hors intersection,Normale,Deux véhicules - frontale,4,-1,0,0,1,1,1,0,5,30,2,2,1,0,0,1,25.0,,deux_roues,deux_roues,3,2,1,1,1
202200020349,2022-02-01 06:50:00,2022,2,1,6,50,75,75112,ESPLANADE SAINT LOUIS,48.840091,2.436731,Nuit avec éclairage allumé,En agglomération,Intersection en Y,Pluie légère,Deux véhicules - côté,4,2,1,1,1,1,2,0,5,30,2,2,1,0,0,1,53.0,21.0,deux_roues,deux_roues,5,2,4,2,3
202200020350,2022-02-01 07:30:00,2022,2,1,7,30,75,75110,RUE DU FAUBOURG SAINT MARTIN,48.874918,2.35897,Nuit avec éclairage allumé,En agglomération,Intersection en T,Pluie légère,Deux véhicules - côté,4,2,3,3,1,1,2,0,1,30,2,2,1,0,0,1,57.0,26.0,voiture,deux_roues,5,2,3,2,3
202200020351,2022-11-11 13:00:00,2022,11,11,13,0,92,92036,GABRIEL PERI (AVENUE) (147/177),48.9200834508,2.2952322364,Plein jour,En agglomération,Hors intersection,Normale,Autre collision,3,2,2,0,1,1,1,0,1,50,3,4,3,0,0,1,33.0,27.0,voiture,deux_roues,1,2,1,1,6
202200020352,2022-02-01 18:25:00,2022,2,1,18,25,75,75107,RUE SAINT DOMINIQUE,48.859557,2.311384,Crépuscule ou aube,En agglomération,Intersection en X,Normale,Autre collision,4,1,2,0,1,1,1,0,1,30,1,2,1,0,0,1,59.0,,voiture,,2,2,2,1,6
202200020353,2022-11-14 09:30:00,2022,11,14,9,30,92,92026,SERPENTINE,48.89479,2.2417,Plein jour,En agglomération,Hors intersection,Normale,Deux véhicules - côté,4,2,2,0,1,1,1,0,1,30,2,2,1,0,0,1,35.0,54.0,autre,utilitaire_camion,1,2,1,1,3
202200020354,2022-02-01 08:30:00,2022,2,1,8,30,94,94080,Rue Jules Massenet,48.84818,2.4526,Plein jour,En agglomération,Intersection en X,Pluie légère,Autre collision,3,1,1,1,1,1,2,0,1,50,1,2,1,0,0,1,39.0,,voiture,,1,2,2,2,6
202200020355,2022-01-31 08:00:00,2022,1,31,8,0,94,94068,Impasse de l’Abbaye,48.8130858693,2.4753785132,Plein jour,En agglomération,Autre intersection,Temps couvert,Autre collision,9,1,1,0,1,1,1,9,1,30,1,2,1,0,0,1,37.0,,voiture,,1,2,9,8,6
202200020356,2022-11-14 07:50:00,2022,11,14,7,50,92,92026,GEORGES CLEMENCEAU,48.902754892,2.2744480669,Crépuscule ou aube,En agglomération,Hors intersection,Normale,Deux véhicules - côté,3,3,4,3,1,1,1,6,6,50,2,2,1,0,0,1,37.0,11.0,voiture,deux_roues,2,2,1,1,3
202200020357,2022-11-10 17:10:00,2022,11,10,17,10,92,92004,PIERRE BROSSOLETTE,48.9122142848,2.2952880263,Plein jour,En agglomération,Hors intersection,Normale,Autre collision,3,2,0,0,1,1,1,0,1,50,1,2,1,0,0,1,35.0,,deux_roues,,1,2,1,1,6
202200020358,2022-01-31 17:55:00,2022,1,31,17,55,94,94046,Rue de Mesly,48.7975967183,2.4391407965,Crépuscule ou aube,En agglomération,Giratoire,Normale,Autre collision,4,2,2,0,1,1,1,0,1,50,1,2,1,0,0,1,65.0,,voiture,,2,2,6,1,6