accident_id,datetime,annee,mois,jour,heure,minute,departement,commune_insee,adresse,latitude,longitude,luminosite,agglomeration,intersection,meteo,collision,catr,circ,nbv,vosp,prof,plan,surf,infra,situ,vma,nb_vehicules,nb_usagers,nb_indemnes,nb_tues,nb_blesses_hosp,nb_blesses_legers,age_cond_1,age_cond_2,veh_type_cond_1,veh_type_cond_2,lum_code,agg_code,int_code,atm_code,col_code
202200020359,2022-01-31 11:00:00,2022,1,31,11,0,94,94033,Boulevard de Verdun,48.85313,2.4706,Plein jour,En agglomération,Hors intersection,Pluie légère,Autre collision,3,2,2,0,1,1,2,0,8,50,1,2,1,0,0,1,,,utilitaire_camion,,1,2,1,2,6
202200020360,2022-11-13 02:00:00,2022,11,13,2,0,92,92002,ARISTIDE BRIAND (AVENUE),48.7631,2.30893,Nuit avec éclairage allumé,En agglomération,Place,Normale,Autre collision,3,1,0,0,1,3,1,0,3,50,1,1,0,0,1,0,37.0,,deux_roues,,5,2,7,1,6
202200020361,2022-02-01 07:45:00,2022,2,1,7,45,94,94028,Avenue Laferrière,48.79936,2.4542,Crépuscule ou aube,En agglomération,Hors intersection,Pluie légère,Autre collision,4,2,2,0,1,1,2,0,8,50,1,2,1,0,0,1,37.0,,voiture,,2,2,1,2,6
202200020362,2022-11-14 08:30:00,2022,11,14,8,30,76,76503,A 151 - PK 03+500 sens DIEPPE - ROUEN,49.522426,1.003983,Nuit sans éclairage public,Hors agglomération,Hors intersection,Brouillard / fumée,Trois véhicules et plus - collisions multiples,1,3,4,0,1,1,1,0,1,130,3,3,2,0,1,0,59.0,31.0,utilitaire_camion,utilitaire_camion,3,1,1,5,5
202200020363,2022-01-31 18:45:00,2022,1,31,18,45,94,94017,4 Avenue Marx Dormoy,48.81202,2.51679,Nuit avec éclairage allumé,En agglomération,Hors intersection,Normale,Deux véhicules - côté,3,3,3,0,1,1,2,0,1,50,2,3,2,0,1,0,25.0,22.0,voiture,voiture,5,2,1,1,3
202200020364,2022-11-12 09:45:00,2022,11,12,9,45,91,91248,Route de Malesherbes,48.382503,2.230557,Plein jour,En agglomération,Hors intersection,Normale,Sans collision,3,2,2,0,1,2,1,0,3,80,1,4,0,0,2,2,36.0,,voiture,,1,2,1,1,7
202200020365,2022-02-01 19:30:00,2022,2,1,19,30,94,94075,Avenue du Maréchal de Lattre de Tassigny,48.73139,2.5236,Nuit sans éclairage public,Hors agglomération,Hors intersection,Pluie légère,Deux véhicules - arrière,2,2,4,0,1,1,2,0,1,50,2,4,3,0,0,1,46.0,32.0,voiture,voiture,3,1,1,2,2
202200020366,2022-11-15 10:28:00,2022,11,15,10,28,69,69268,14 Avenue du General Brosset,45.651672,4.751142,Plein jour,En agglomération,Intersection en Y,Temps couvert,Deux véhicules - côté,3,2,2,0,1,2,1,0,1,50,2,2,1,0,0,1,50.0,39.0,voiture,utilitaire_camion,1,2,4,8,3
202200020367,2022-02-01 08:30:00,2022,2,1,8,30,93,93073,LORRAINE (RUE DE),48.94021,2.57731,Plein jour,En agglomération,Intersection en X,Pluie légère,Deux véhicules - côté,4,2,2,0,1,1,2,0,1,50,2,2,1,0,0,1,34.0,36.0,utilitaire_camion,utilitaire_camion,1,2,2,2,3
202200020368,2022-02-01 14:30:00,2022,2,1,14,30,93,93048,GABRIEL PERI (AVENUE),48.85733,2.43994,Plein jour,En agglomération,Intersection en T,Temps couvert,Deux véhicules - arrière,3,1,3,1,1,1,1,5,1,30,2,2,1,0,0,1,41.0,21.0,deux_roues,voiture,1,2,3,8,2
202200020369,2022-11-11 15:10:00,2022,11,11,15,10,2A,2A285,RD 420,41.7547254033,9.1212750246,Plein jour,Hors agglomération,Hors intersection,Normale,Sans collision,3,2,2,0,1,1,1,0,1,80,1,1,0,0,1,0,29.0,,deux_roues,,1,1,1,1,7
202200020370,2022-02-01 10:30:00,2022,2,1,10,30,93,93048,Rue Hoche / Avenue de la Résistance,48.86404,2.436158,Plein jour,En agglomération,Intersection en X,Pluie légère,Autre collision,3,3,4,1,2,1,2,0,8,50,1,2,1,0,0,1,72.0,,voiture,,1,2,2,2,6
202200020371,2022-11-15 15:00:00,2022,11,15,15,0,63,63004,Voie Communale champ pommier,45.941825,2.791863,Plein jour,Hors agglomération,Hors intersection,Pluie légère,Autre collision,4,2,2,0,1,3,2,0,1,80,1,1,0,0,1,0,55.0,,voiture,,1,1,1,2,6
202200020372,2022-02-01 13:30:00,2022,2,1,13,30,93,93046,MARECHAL LECLERC AVENUE,48.9201,2.53933,Plein jour,En agglomération,Intersection en X,Pluie légère,Deux véhicules - côté,3,2,4,0,1,1,2,0,1,50,2,4,0,0,1,3,22.0,31.0,voiture,utilitaire_camion,1,2,2,2,3
202200020373,2022-11-12 20:30:00,2022,11,12,20,30,62,62502,D172,50.614519,2.66735,Nuit avec éclairage allumé,En agglomération,Intersection en T,Brouillard / fumée,Sans collision,3,2,2,0,1,1,2,0,8,50,1,1,0,0,1,0,53.0,,voiture,,5,2,3,5,7
202200020374,2022-01-31 18:30:00,2022,1,31,18,30,93,93032,JEAN JAURES (AVENUE),48.88283,2.52616,Nuit avec éclairage allumé,En agglomération,Hors intersection,Normale,Autre collision,3,2,2,0,1,1,1,0,1,50,1,2,1,0,1,0,27.0,,deux_roues,,5,2,1,1,6
202200020375,2022-11-15 14:10:00,2022,11,15,14,10,29,29078,N165,48.3171345282,-4.2177685549,Plein jour,Hors agglomération,Hors intersection,Normale,Autre collision,2,3,4,0,2,3,1,0,2,110,1,2,1,0,0,1,,,utilitaire_camion,,1,1,1,1,6
202200020376,2022-02-01 05:50:00,2022,2,1,5,50,93,93029,AUGUSTE BLANQUI,48.92122,2.45433,Nuit avec éclairage allumé,En agglomération,Intersection en T,Pluie légère,Deux véhicules - côté,3,2,2,0,1,1,2,0,1,50,2,2,1,0,0,1,46.0,39.0,voiture,voiture,5,2,3,2,3
202200020377,2022-11-14 19:55:00,2022,11,14,19,55,14,14027,Bois de Vingt Bec,48.992566,-0.599957,Nuit sans éclairage public,Hors agglomération,Hors intersection,Pluie légère,Autre collision,4,2,2,0,2,3,2,0,3,80,1,2,0,0,0,2,21.0,,voiture,,3,1,1,2,6
202200020378,2022-02-01 17:00:00,2022,2,1,17,0,93,93010,QUATORZE-JUILLET (AV. DU),48.9118185376,2.4911912531,Plein jour,En agglomération,Hors intersection,Normale,Deux véhicules - côté,3,1,2,0,2,1,2,0,1,50,2,3,2,0,0,1,39.0,41.0,voiture,deux_roues,1,2,1,1,3
202200020379,2022-02-01 16:00:00,2022,2,1,16,0,92,92022,REPUBLIQUE (BOULEVARD DE LA),48.8089216575,2.1878164709,Plein jour,En agglomération,Intersection à plus de 4 branches,Pluie légère,Sans collision,3,2, -1,-1,1,1,2,0,1,-1,1,1,0,0,0,1,49.0,,deux_roues,,1,2,5,2,7
202200020380,2022-11-14 16:54:00,2022,11,14,16,54,38,38368,Route de Charavines,45.391112,5.526853,Crépuscule ou aube,Hors agglomération,Autre intersection,Temps couvert,Deux véhicules - côté,3,2,2,0,1,3,1,0,1,70,2,2,1,0,1,0,42.0,21.0,utilitaire_camion,deux_roues,2,1,9,8,3
202200020381,2022-02-01 07:25:00,2022,2,1,7,25,92,92040,GAMBETTA (BOULEVARD),48.8278541077,2.2742895484,Crépuscule ou aube,En agglomération,Hors intersection,Pluie légère,Autre collision,3,-1,0,0,1,1,2,0,1,50,1,2,1,0,0,1,38.0,,utilitaire_camion,,2,2,1,2,6
202200020382,2022-01-31 10:02:00,2022,1,31,10,2,92,92025,KLEBER (AV),48.935674,2.260955,Plein jour,En agglomération,Intersection en X,Temps couvert,Deux véhicules - côté,3,2,2,0,1,1,1,0,1,50,2,2,1,0,0,1,,58.0,voiture,utilitaire_camion,1,2,2,8,3
202200020383,2022-11-14 20:35:00,2022,11,14,20,35,34,34169,M17,43.665962,3.866136,Nuit sans éclairage public,Hors agglomération,Hors intersection,Pluie légère,Deux véhicules - frontale,7,2,2,0,1,2,2,0,1,70,2,4,2,0,0,2,81.0,20.0,voiture,voiture,3,1,1,2,1
202200020384,2022-02-01 16:10:00,2022,2,1,16,10,92,92024,JEAN JAURES (BD) DE (111 A 159),48.9054600409,2.3018089458,Plein jour,En agglomération,Intersection en X,Normale,Deux véhicules - côté,3,1,3,2,1,1,1,0,1,50,2,2,1,0,0,1,26.0,37.0,utilitaire_camion,utilitaire_camion,1,2,2,1,3
202200020385,2022-02-01 18:52:00,2022,2,1,18,52,92,92060,CHARLES DE GAULLE (PLACE),48.783330886,2.2683278024,Nuit avec éclairage allumé,En agglomération,Hors intersection,Normale,Deux véhicules - côté,3,2,3,0,4,1,2,0,1,50,2,2,1,0,0,1,43.0,21.0,voiture,deux_roues,5,2,1,1,3
202200020386,2022-11-14 18:15:00,2022,11,14,18,15,56,56193,73 Route de Merlevenez,47.716511,-3.300324,Nuit avec éclairage non allumé,En agglomération,Hors intersection,Normale,Deux véhicules - côté,3,2,2,0,3,1,1,0,1,50,2,2,1,0,1,0,,64.0,voiture,deux_roues,4,2,1,1,3
202200020387,2022-02-01 09:00:00,2022,2,1,9,0,92,92023,SOLEIL LEVANT (RUE DU),48.78934,2.26172,Plein jour,En agglomération,Hors intersection,Pluie légère,Deux véhicules - côté,4,1,1,0,1,1,2,0,1,50,2,2,1,0,0,1,36.0,,voiture,,1,2,1,2,3
202200020388,2022-11-04 14:45:00,2022,11,4,14,45,56,56090,Fetan er Guin,47.878124,-3.215539,Plein jour,Hors agglomération,Intersection en X,Normale,Deux véhicules - côté,3,2,2,0,3,1,1,0,1,80,2,3,2,0,0,1,66.0,51.0,voiture,voiture,1,1,2,1,3
202200020389,2022-02-01 19:40:00,2022,2,1,19,40,92,92012,REPUBLIQUE (BOULEVARD DE LA) 5/77BIS - 6,48.8310724137,2.2572614104,Nuit sans éclairage public,En agglomération,Intersection en X,Normale,Sans collision,3,2,6,0,1,1,1,0,1,50,1,1,0,0,0,1,23.0,,deux_roues,,3,2,2,1,7
202200020390,2022-02-01 16:10:00,2022,2,1,16,10,974,97415,Route de Cambaie,-20.959822,55.293803,Plein jour,Hors agglomération,Giratoire,Normale,Sans collision,2,1,4,0,1,1,1,0,3,70,1,1,0,0,1,0,45.0,,deux_roues,,1,1,6,1,7
202200020391,2022-11-14 07:00:00,2022,11,14,7,0,76,76469,CD921,49.487385,1.487403,Nuit sans éclairage public,Hors agglomération,Hors intersection,Brouillard / fumée,Autre collision,3,2,2,0,2,3,2,0,3,70,1,1,0,0,0,1,36.0,,voiture,,3,1,1,5,6
202200020392,2022-01-30 02:20:00,2022,1,30,2,20,17,17315,D108,46.137902,-0.91429,Nuit sans éclairage public,Hors agglomération,Hors intersection,Normale,Autre collision,3,2,2,0,1,1,1,0,3,80,1,1,0,0,1,0,55.0,,voiture,,3,1,1,1,6
202200020393,2022-11-14 15:00:00,2022,11,14,15,0,2A,2A032,route de bottaccina,41.938867,8.840936,Plein jour,Hors agglomération,Hors intersection,Temps éblouissant,Autre collision,3,2,2,0,1,2,1,0,3,80,1,2,1,1,0,0,72.0,,voiture,,1,1,1,7,6
202200020394,2022-02-02 10:00:00,2022,2,2,10,0,01,01427,Rue de la Gare,45.9386487203,4.780023694,Plein jour,En agglomération,Giratoire,Normale,Deux véhicules - côté,3,2,2,0,2,2,2,0,1,50,2,2,1,0,1,0,9.0,59.0,deux_roues,voiture,1,2,6,1,3
202200020395,2022-11-14 12:20:00,2022,11,14,12,20,2B,2B077,Ratone,42.470328,9.480895,Plein jour,Hors agglomération,Hors intersection,Normale,Deux véhicules - côté,3,2,2,0,2,3,1,0,1,80,2,5,4,0,0,1,57.0,70.0,voiture,voiture,1,1,1,1,3
202200020396,2022-02-01 15:00:00,2022,2,1,15,0,14,14061,D577,48.929704708,-0.8100914955,Plein jour,Hors agglomération,Intersection en X,Temps couvert,Deux véhicules - côté,3,2,3,0,1,2,2,5,1,70,2,5,0,0,1,4,74.0,48.0,voiture,voiture,1,1,2,8,3
202200020397,2022-11-08 17:23:00,2022,11,8,17,23,32,32132,RUE DU CORPS FRANC POMMIES,43.85661,0.661755,Crépuscule ou aube,En agglomération,Intersection en X,Pluie légère,Deux véhicules - côté,2,2,2,0,1,1,2,0,1,50,2,2,1,0,1,0,54.0,27.0,voiture,deux_roues,2,2,2,2,3
202200020398,2022-02-01 16:20:00,2022,2,1,16,20,67,67472,Rue du Moulin,48.829903,7.964207,Plein jour,En agglomération,Intersection en Y,Pluie légère,Autre collision,3,2,2,0,1,1,2,0,1,50,1,2,1,0,1,0,44.0,,voiture,,1,2,4,2,6
202200020399,2022-10-29 15:30:00,2022,10,29,15,30,46,46251,LE MAZEL D940/ pk 24,44.837963,1.881108,Plein jour,Hors agglomération,Hors intersection,Normale,Autre collision,3,2,2,0,2,4,1,0,8,90,1,1,0,0,0,1,65.0,,voiture,,1,1,1,1,6
202200020400,2022-02-01 22:10:00,2022,2,1,22,10,71,71412,RN 70,46.7104051825,4.4274920797,Nuit sans éclairage public,Hors agglomération,Hors intersection,Pluie légère,Autre collision,2,3,4,0,1,1,2,0,1,110,1,1,0,0,1,0,23.0,,voiture,,3,1,1,2,6
202200020401,2022-02-01 11:45:00,2022,2,1,11,45,41,41152,D923,47.534052,1.73937,Plein jour,Hors agglomération,Hors intersection,Pluie légère,Sans collision,3,2,2,0,1,1,2,0,1,80,1,1,0,0,0,1,52.0,,utilitaire_camion,,1,1,1,2,7
202200020402,2022-11-14 20:15:00,2022,11,14,20,15,39,39466,Rue de la Source,46.530049,5.45465,Nuit sans éclairage public,Hors agglomération,Hors intersection,Pluie légère,Sans collision,4,2,2,0,2,1,2,0,3,80,1,1,0,0,0,1,38.0,,utilitaire_camion,,3,1,1,2,7
202200020403,2022-01-31 07:45:00,2022,1,31,7,45,29,29189,69 Avenue Charles de Gaulle,48.380621,-4.37653,Nuit avec éclairage allumé,En agglomération,Hors intersection,Normale,Autre collision,4,2,2,0,2,1,1,0,1,50,1,2,1,0,1,0,55.0,,voiture,,5,2,1,1,6
202200020404,2022-02-02 09:00:00,2022,2,2,9,0,34,34237,Avenue de Pezenas,43.503154,3.314059,Plein jour,En agglomération,Hors intersection,Normale,Autre collision,3,2,2,0,2,1,1,0,1,50,1,2,1,0,0,1,43.0,,voiture,,1,2,1,1,6
202200020405,2022-11-14 16:20:00,2022,11,14,16,20,44,44125,103 avenue du général de gaulle,47.379812,-2.538764,Plein jour,En agglomération,Hors intersection,Normale,Deux véhicules - arrière,3,2,2,0,3,1,1,0,1,50,2,2,1,0,0,1,47.0,74.0,voiture,deux_roues,1,2,1,1,2
202200020406,2022-01-31 13:30:00,2022,1,31,13,30,38,38504,Route de la Croix Blanche,45.301613,5.994744,Plein jour,Hors agglomération,Hors intersection,Pluie légère,Sans collision,3,2,2,0,2,2,2,0,3,70,1,1,0,0,1,0,38.0,,voiture,,1,1,1,2,7
202200020407,2022-01-17 14:50:00,2022,1,17,14,50,38,38229,D1090,45.214451,5.780064,Plein jour,En agglomération,Giratoire,Normale,Deux véhicules - côté,7,1,2,0,1,2,1,9,1,50,2,2,1,0,0,1,81.0,26.0,voiture,deux_roues,1,2,6,1,3
202200020408,2022-11-14 19:05:00,2022,11,14,19,5,29,29130,818 Route de Trégana,48.357343,-4.653043,Nuit sans éclairage public,En agglomération,Hors intersection,Normale,Deux véhicules - frontale,4,2,2,0,2,1,1,0,1,50,2,3,1,0,2,0,14.0,88.0,deux_roues,voiture,3,2,1,1,1
202200020409,2022-11-15 17:15:00,2022,11,15,17,15,29,29170,54 Route de Pont l'Abbe,47.93948,-4.172085,Crépuscule ou aube,Hors agglomération,Hors intersection,Pluie légère,Autre collision,4,2,2,0,1,1,2,0,1,80,1,2,1,0,0,1,81.0,,voiture,,2,1,1,2,6
202200020410,2022-02-01 19:15:00,2022,2,1,19,15,01,01266,Route de Chalon,46.340573,5.127525,Nuit avec éclairage allumé,En agglomération,Intersection en X,Pluie légère,Trois véhicules et plus - en chaîne,3,2,2,0,1,1,2,5,1,50,4,6,4,0,0,2,27.0,32.0,voiture,voiture,5,2,2,2,4
202200020411,2022-11-13 18:45:00,2022,11,13,18,45,31,31345,D43,43.40564,1.43805,Nuit sans éclairage public,Hors agglomération,Hors intersection,Normale,Sans collision,3,2,2,0,1,1,1,0,1,80,1,2,1,0,1,0,51.0,,voiture,,3,1,1,1,7
202200020412,2022-07-28 10:10:00,2022,7,28,10,10,16,16355,D55,45.751554,-0.397131,Plein jour,Hors agglomération,Hors intersection,Normale,Sans collision,3,2,2,0,1,1,1,0,1,80,1,1,0,1,0,0,42.0,,deux_roues,,1,1,1,1,7
202200020413,2022-11-14 18:30:00,2022,11,14,18,30,58,58286,D34,47.359543,3.58091,Nuit sans éclairage public,Hors agglomération,Hors intersection,Pluie légère,Deux véhicules - frontale,3,2,2,0,1,1,2,0,1,80,2,2,0,1,0,1,73.0,20.0,voiture,voiture,3,1,1,2,1
202200020414,2022-02-02 12:25:00,2022,2,2,12,25,50,50521,route départementale 924,48.830697,-1.167621,Plein jour,Hors agglomération,Intersection en X,Normale,Deux véhicules - arrière,3,2,2,3,2,1,2,0,1,80,2,4,3,0,0,1,70.0,37.0,voiture,voiture,1,1,2,1,2
202200020415,2022-07-19 12:00:00,2022,7,19,12,0,33,33080,Rue de Millefleurs,44.741022,-0.531378,Plein jour,Hors agglomération,Passage à niveau,Normale,Autre collision,4,2,2,0,1,1,1,4,8,80,1,2,1,1,0,0,47.0,,transport_commun,,1,1,8,1,6
202200020416,2022-11-14 14:15:00,2022,11,14,14,15,72,72023,Lieu Dit l’Arche,48.171718,0.262291,Plein jour,Hors agglomération,Autre intersection,Normale,Sans collision,3,2,2,0,1,3,2,0,1,90,1,1,0,0,1,0,70.0,,voiture,,1,1,9,1,7
202200020417,2022-11-15 17:50:00,2022,11,15,17,50,60,60584,Avenue Jules Ferry,49.217135,2.423043,Nuit avec éclairage allumé,En agglomération,Hors intersection,Pluie légère,Autre collision,3,2,2,0,1,1,2,0,1,50,1,2,1,0,0,1,38.0,,voiture,,5,2,1,2,6
202200020418,2022-07-26 17:30:00,2022,7,26,17,30,33,33487,Avenue Gustave Eiffel,44.948617,-0.468063,Plein jour,En agglomération,Intersection en T,Normale,Deux véhicules - côté,4,2,2,1,1,1,1,0,8,50,2,2,1,1,0,0,29.0,21.0,voiture,deux_roues,1,2,3,1,3
202200020419,2022-11-13 05:15:00,2022,11,13,5,15,45,45224,D5 PR 32+236,48.070946,2.087,Nuit sans éclairage public,Hors agglomération,Autre intersection,Pluie légère,Autre collision,3,-1,2,0,1,2,2,0,1,80,1,4,3,0,1,0,29.0,,voiture,,3,1,9,2,6
202200020420,2022-07-28 17:10:00,2022,7,28,17,10,59,59409,Rue d Erchin,50.3234820362,3.2045960426,Plein jour,En agglomération,Hors intersection,Normale,Sans collision,4,2,2,0,1,1,1,0,1,50,1,1,0,0,0,1,15.0,,deux_roues,,1,2,1,1,7
202200020421,2022-02-01 09:00:00,2022,2,1,9,0,43,43232,RN102,45.204513,3.500786,Plein jour,Hors agglomération,Intersection en T,Normale,Deux véhicules - côté,2,2,2,0,3,1,1,5,1,-1,2,4,0,1,1,2,46.0,78.0,voiture,voiture,1,1,3,1,3
202200020422,2022-07-23 02:57:00,2022,7,23,2,57,13,13216,A55-Sens Marseille vers Martigues,43.3576,5.34547,Nuit sans éclairage public,Hors agglomération,Hors intersection,Normale,Autre collision,1,1,2,0,1,1,1,0,1,90,1,1,0,0,1,0,26.0,,voiture,,3,1,1,1,6
202200020423,2022-11-15 17:55:00,2022,11,15,17,55,73,73082,D204,45.494958,6.072677,Nuit sans éclairage public,En agglomération,Hors intersection,Temps couvert,Autre collision,3,2,2,0,2,1,1,9,3,30,1,2,1,0,1,0,42.0,,utilitaire_camion,,3,2,1,8,6
202200020424,2022-02-01 15:45:00,2022,2,1,15,45,10,10209,24 Avenue Pierre Gomand,48.2516646719,4.2630386353,Plein jour,En agglomération,Hors intersection,Pluie légère,Autre collision,3,2,2,0,1,1,2,0,4,-1,1,4,3,0,1,0,42.0,,voiture,,1,2,1,2,6
202200020425,2022-07-26 22:21:00,2022,7,26,22,21,13,13005,A50-Sens Aubagne vers Marseille,43.28489,5.52651,Nuit sans éclairage public,Hors agglomération,Hors intersection,Normale,Deux véhicules - côté,1,1,3,0,1,1,1,0,1,90,2,6,3,0,0,3,21.0,,voiture,voiture,3,1,1,1,3
202200020426,2022-11-14 08:35:00,2022,11,14,8,35,23,23139,les Maisons,46.3947692227,1.9356107712,Plein jour,Hors agglomération,Hors intersection,Temps éblouissant,Deux véhicules - frontale,3,2,2,0,3,1,1,0,1,90,2,2,0,0,1,1,49.0,25.0,voiture,voiture,1,1,1,7,1
202200020427,2022-04-19 17:15:00,2022,4,19,17,15,976,97603,route nationale 3 Nyambadao,-12.893201,45.201804,Plein jour,En agglomération,Hors intersection,Normale,Trois véhicules et plus - collisions multiples,2,2,2,0,2,1,1,0,5,70,3,4,1,0,1,2,45.0,40.0,utilitaire_camion,voiture,1,2,1,1,5
202200020428,2022-07-27 07:55:00,2022,7,27,7,55,33,33075,ROCADE A 630,44.8900656193,-0.6115275621,Plein jour,Hors agglomération,Hors intersection,Normale,Sans collision,1,1,1,0,1,3,1,3,1,50,1,1,0,0,0,1,23.0,,deux_roues,,1,1,1,1,7
202200020429,2022-11-14 15:00:00,2022,11,14,15,0,30,30341,Avenue Robert Gourdon,43.6971,4.274041,Plein jour,En agglomération,Hors intersection,Pluie forte,Autre collision,3,2,2,0,1,1,2,0,1,50,1,2,1,0,1,0,55.0,,voiture,,1,2,1,3,6
202200020430,2022-02-02 08:00:00,2022,2,2,8,0,22,22176,"RD 700, PR 43.100",48.442477,-2.749122,Crépuscule ou aube,Hors agglomération,Hors intersection,Temps couvert,Trois véhicules et plus - collisions multiples,3,1,4,0,4,1,1,0,1,110,3,4,2,0,0,2,25.0,47.0,voiture,voiture,2,1,1,8,5
202200020431,2022-07-22 18:45:00,2022,7,22,18,45,59,59234,AUTOROUTE A21,50.4021900603,3.0658078194,Plein jour,Hors agglomération,Hors intersection,Normale,Autre collision,1,-1,4,0,1,1,2,9,1,110,1,3,2,0,0,1,31.0,,utilitaire_camion,,1,1,1,1,6
202200020432,2022-02-01 18:45:00,2022,2,1,18,45,76,76484,A13,49.343768,1.045557,Nuit sans éclairage public,Hors agglomération,Hors intersection,Pluie légère,Sans collision,1,3,4,0,2,1,2,0,1,110,1,1,0,0,1,0,72.0,,voiture,,3,1,1,2,7
202200020433,2022-11-15 06:45:00,2022,11,15,6,45,973,97307,N4 - la matouriene,4.866318,-52.31123,Plein jour,Hors agglomération,Intersection en T,Normale,Deux véhicules - frontale,3,2,2,0,1,1,1,5,1,80,2,2,1,1,0,0,21.0,24.0,deux_roues,voiture,1,1,3,1,1
202200020434,2022-01-29 19:00:00,2022,1,29,19,0,33,33229,Route de Lenan,44.7065,-1.034775,Nuit avec éclairage allumé,En agglomération,Intersection en T,Normale,Deux véhicules - côté,4,2,2,0,1,1,1,5,1,50,2,2,1,0,0,1,34.0,47.0,deux_roues,voiture,5,2,3,1,3
202200020435,2022-07-25 08:05:00,2022,7,25,8,5,59,59566,AUTOROUTE A25,50.6212296208,2.9709783196,Plein jour,Hors agglomération,Hors intersection,Normale,Trois véhicules et plus - en chaîne,1,-1,4,0,1,1,1,0,1,110,3,3,2,0,0,1,50.0,59.0,deux_roues,utilitaire_camion,1,1,1,1,4
202200020436,2022-11-05 00:30:00,2022,11,5,0,30,76,76314,Autoroute A 29,49.569015404,0.3495614501,Nuit sans éclairage public,Hors agglomération,Hors intersection,Normale,Autre collision,1,1,4,0,1,1,1,0,1,130,2,3,1,0,0,2,29.0,33.0,voiture,voiture,3,1,1,1,6
202200020437,2022-02-01 17:15:00,2022,2,1,17,15,987,98747,PK 8+800 RT3 à PUEU,-17.7648,-149.213089,Plein jour,Hors agglomération,Hors intersection,Normale,Sans collision,2,2,2,0,1,1,1,0,3,60,1,4,2,0,2,0,22.0,,deux_roues,,1,1,1,1,7
202200020438,2022-07-27 09:40:00,2022,7,27,9,40,91,91689,AUTOROUTE A6B,48.74204,2.32283,Plein jour,Hors agglomération,Hors intersection,Normale,Deux véhicules - arrière,1,3,6,0,2,1,1,0,1,90,2,2,1,0,0,1,35.0,59.0,voiture,utilitaire_camion,1,1,1,1,2
202200020439,2022-11-14 07:40:00,2022,11,14,7,40,973,97309,Route de Rémire,4.897099,-52.273998,Plein jour,En agglomération,Hors intersection,Normale,Deux véhicules - côté,3,2,2,0,1,1,1,0,1,50,2,2,1,0,1,0,27.0,64.0,deux_roues,voiture,1,2,1,1,3
202200020440,2022-01-31 17:00:00,2022,1,31,17,0,70,70018,CD 13 / Rue des Veffonds,47.447713,5.636692,Crépuscule ou aube,En agglomération,Intersection en T,Temps couvert,Autre collision,3,2,2,0,1,3,2,0,1,50,1,2,1,0,1,0,75.0,,voiture,,2,2,3,8,6
202200020441,2022-02-01 05:00:00,2022,2,1,5,0,68,68154,14 Rue de Berne,47.77167,7.382523,Nuit sans éclairage public,En agglomération,Hors intersection,Autre,Deux véhicules - côté,6,-1, -1,0,1,1,2,0,1,30,2,2,1,0,0,1,63.0,42.0,voiture,deux_roues,3,2,1,9,3
202200020442,2022-11-14 17:40:00,2022,11,14,17,40,69,69157,Autoroute 89,45.8703693626,4.4922709465,Crépuscule ou aube,Hors agglomération,Hors intersection,Pluie légère,Deux véhicules - arrière,1,3,4,0,1,1,2,0,1,110,2,2,1,0,1,0,36.0,52.0,utilitaire_camion,deux_roues,2,1,1,2,2
202200020443,2022-01-28 19:40:00,2022,1,28,19,40,67,67433,D606,48.388762,7.592711,Nuit sans éclairage public,Hors agglomération,Hors intersection,Normale,Autre collision,3,2,2,0,1,2,1,0,3,80,1,1,0,0,1,0,41.0,,voiture,,3,1,1,1,6
202200020444,2022-07-27 00:25:00,2022,7,27,0,25,94,94021,AUTOROUTE A6B,48.7659898511,2.3426223387,Nuit sans éclairage public,Hors agglomération,Hors intersection,Normale,Trois véhicules et plus - en chaîne,1,3,8,0,1,1,1,0,1,70,3,3,0,0,0,3,49.0,23.0,voiture,voiture,3,1,1,1,4
202200020445,2022-02-02 02:00:00,2022,2,2,2,0,73,73213,D201 - 1510 route d'Apremont,45.546751,5.956972,Nuit sans éclairage public,Hors agglomération,Intersection en Y,Pluie légère,Autre collision,3,2,2,0,3,2,2,5,3,70,1,2,0,0,1,1,25.0,,voiture,,3,1,4,2,6
202200020446,2022-07-26 22:30:00,2022,7,26,22,30,91,91179,AUTOROUTE A6,48.55202,2.49399,Nuit sans éclairage public,Hors agglomération,Hors intersection,Normale,Sans collision,1,3,6,0,1,1,1,0,1,110,1,1,0,0,0,1,29.0,,voiture,,3,1,1,1,7
202200020447,2022-02-01 19:20:00,2022,2,1,19,20,31,31395,144 Avenue des Pyrénées,43.446719,1.31748,Nuit avec éclairage allumé,En agglomération,Hors intersection,Normale,Deux véhicules - arrière,4,2,2,0,1,1,2,0,1,50,2,2,1,0,0,1,35.0,28.0,deux_roues,voiture,5,2,1,1,2
202200020448,2022-07-27 08:30:00,2022,7,27,8,30,78,78133,A13W,48.888881,2.010683,Plein jour,Hors agglomération,Hors intersection,Normale,Deux véhicules - arrière,1,-1,2,0,1,1,1,0,1,90,2,2,1,0,0,1,55.0,40.0,deux_roues,voiture,1,1,1,1,2
202200020449,2022-02-02 10:00:00,2022,2,2,10,0,79,79088,,46.815873,-0.399247,Plein jour,Hors agglomération,Hors intersection,Temps couvert,Deux véhicules - frontale,2,2,2,0,1,1,2,0,1,80,2,2,0,0,1,1,54.0,19.0,utilitaire_camion,voiture,1,1,1,8,1