accident_id,datetime,annee,mois,jour,heure,minute,departement,commune_insee,adresse,latitude,longitude,luminosite,agglomeration,intersection,meteo,collision,catr,circ,nbv,vosp,prof,plan,surf,infra,situ,vma,nb_vehicules,nb_usagers,nb_indemnes,nb_tues,nb_blesses_hosp,nb_blesses_legers,age_cond_1,age_cond_2,veh_type_cond_1,veh_type_cond_2,lum_code,agg_code,int_code,atm_code,col_code
202200020450,2022-07-27 00:30:00,2022,7,27,0,30,92,92072,N118,48.8224757424,2.2222421137,Nuit sans éclairage public,Hors agglomération,Hors intersection,Normale,Autre collision,2,1,3,0,3,3,1,0,1,70,1,1,0,0,0,1,45.0,,deux_roues,,3,1,1,1,6
202200020451,2022-07-27 14:45:00,2022,7,27,14,45,93,93053,AUTOROUTE A3,48.8956,2.47053,Plein jour,Hors agglomération,Hors intersection,Normale,Deux véhicules - côté,1,3,6,0,1,1,1,0,1,90,2,3,2,0,0,1,34.0,34.0,utilitaire_camion,voiture,1,1,1,1,3
202200020452,2022-02-02 17:20:00,2022,2,2,17,20,60,60241,RN330,49.155737,2.665182,Plein jour,Hors agglomération,Hors intersection,Normale,Deux véhicules - côté,2,2,2,0,1,2,1,0,1,80,2,2,1,0,1,0,42.0,27.0,utilitaire_camion,voiture,1,1,1,1,3
202200020453,2022-02-02 16:05:00,2022,2,2,16,5,60,60010,Avenue de Bruxelles,49.21862,2.110341,Plein jour,En agglomération,Hors intersection,Normale,Deux véhicules - arrière,4,2,2,0,1,1,1,0,1,50,2,2,1,0,0,1,52.0,28.0,utilitaire_camion,utilitaire_camion,1,2,1,1,2
202200020454,2022-07-19 11:35:00,2022,7,19,11,35,93,93010,AUTOROUTE A3,48.91098,2.47568,Plein jour,Hors agglomération,Hors intersection,Normale,Trois véhicules et plus - en chaîne,1,3,6,0,1,1,1,0,1,90,4,4,3,0,0,1,46.0,41.0,voiture,voiture,1,1,1,1,4
202200020455,2022-01-31 17:00:00,2022,1,31,17,0,80,80618,12 Rue du General de Gaulle,50.171788,1.572993,Plein jour,En agglomération,Hors intersection,Temps couvert,Autre collision,3,2,2,0,1,1,1,0,4,50,1,1,0,0,1,0,46.0,,voiture,,1,2,1,8,6
202200020456,2022-02-01 16:00:00,2022,2,1,16,0,13,13214,A507 sens Aubagne- Marseille,43.3299108118,5.3930482969,Plein jour,Hors agglomération,Hors intersection,Normale,Deux véhicules - côté,1,1,3,0,1,1,1,1,1,70,2,2,1,0,0,1,28.0,45.0,voiture,utilitaire_camion,1,1,1,1,3
202200020457,2022-07-26 21:55:00,2022,7,26,21,55,94,94017,A4,48.8266507839,2.5161742429,Nuit avec éclairage allumé,Hors agglomération,Hors intersection,Normale,Autre collision,1,-1,4,0,1,1,1,1,1,90,2,2,1,0,0,1,47.0,62.0,voiture,voiture,5,1,1,1,6
202200020458,2022-03-26 11:45:00,2022,3,26,11,45,43,43157,Rond Point des 3 Pierres,45.04981,3.9026,Plein jour,En agglomération,Autre intersection,Normale,Sans collision,3,1,1,0,1,2,1,5,1,50,1,1,0,0,0,1,65.0,,deux_roues,,1,2,9,1,7
202200020459,2022-01-31 16:10:00,2022,1,31,16,10,13,13211,A50-Sens Marseille vers Aubagne,43.28643,5.43294,Plein jour,Hors agglomération,Hors intersection,Normale,Deux véhicules - arrière,1,1,4,0,1,1,1,0,1,70,2,3,1,0,0,2,63.0,,voiture,autre,1,1,1,1,2
202200020460,2022-03-31 17:40:00,2022,3,31,17,40,43,43003,Menteyres,45.18443,3.691942,Plein jour,Hors agglomération,Hors intersection,Temps couvert,Autre collision,3,2,2,0,1,2,1,9,3,80,1,1,0,1,0,0,71.0,,voiture,,1,1,1,8,6
202200020461,2022-01-31 10:00:00,2022,1,31,10,0,13,13212,A507 sens Marseille - Aubagne,43.2950214935,5.424441809,Plein jour,Hors agglomération,Hors intersection,Normale,Deux véhicules - arrière,1,1,3,0,1,1,1,1,1,70,4,4,0,0,0,4,27.0,21.0,voiture,voiture,1,1,1,1,2
202200020462,2022-07-25 20:40:00,2022,7,25,20,40,77,77495,MENDES FRANCE (RUE PIERRE),48.56397,2.61728,Crépuscule ou aube,En agglomération,Autre intersection,Normale,Autre collision,4,2,2,0,1,1,1,0,1,50,1,3,2,0,0,1,63.0,,voiture,,2,2,9,1,6
202200020463,2022-02-01 09:00:00,2022,2,1,9,0,91,91161,AUTOROUTE A6,48.71499,2.30917,Plein jour,Hors agglomération,Hors intersection,Pluie légère,Autre collision,1,3,6,0,1,1,2,0,1,110,2,2,1,0,0,1,32.0,37.0,deux_roues,voiture,1,1,1,2,6
202200020464,2022-02-01 20:40:00,2022,2,1,20,40,95,95572, A15,49.030941912,2.1210050583,Nuit sans éclairage public,Hors agglomération,Hors intersection,Normale,Sans collision,1,3,4,0,1,3,1,0,1,90,1,1,0,0,0,1,22.0,,voiture,,3,1,1,1,7
202200020465,2022-04-30 02:00:00,2022,4,30,2,0,57,57474,Autoroute A31,49.2677244,6.171902,Nuit sans éclairage public,Hors agglomération,Hors intersection,Normale,Autre collision,1,3,6,0,1,1,1,0,1,110,1,3,2,0,1,0,26.0,,voiture,,3,1,1,1,6
202200020466,2022-02-01 11:20:00,2022,2,1,11,20,93,93073,AUTOROUTE A104,48.96959,2.56841,Plein jour,Hors agglomération,Hors intersection,Pluie légère,Trois véhicules et plus - collisions multiples,1,3,6,0,1,1,2,0,1,110,3,3,2,0,0,1,40.0,29.0,voiture,voiture,1,1,1,2,5
202200020467,2022-05-14 16:02:00,2022,5,14,16,2,30,30351,Avenue du General Leclerc,43.95481,4.7831,Plein jour,En agglomération,Hors intersection,Normale,Deux véhicules - arrière,4,2,2,0,2,1,1,0,1,50,2,2,1,0,1,0,21.0,37.0,voiture,deux_roues,1,2,1,1,2
202200020468,2022-02-01 10:00:00,2022,2,1,10,0,93,93066,AUTOROUTE A86,48.9226672444,2.3537688117,Plein jour,Hors agglomération,Hors intersection,Normale,Deux véhicules - arrière,1,3,6,0,1,1,1,0,1,90,2,2,1,0,0,1,31.0,42.0,deux_roues,voiture,1,1,1,1,2
202200020469,2022-04-27 19:57:00,2022,4,27,19,57,92,92004,ARGENTEUIL AV D',48.9169689999,2.2819778323,Plein jour,En agglomération,Hors intersection,Normale,Deux véhicules - côté,3,2,0,0,1,1,1,0,1,50,2,2,1,0,0,1,30.0,45.0,voiture,voiture,1,2,1,1,3
202200020470,2022-02-01 09:40:00,2022,2,1,9,40,92,92036,AUTOROUTE A15,48.9464707688,2.2824191861,Plein jour,Hors agglomération,Hors intersection,Pluie légère,Trois véhicules et plus - en chaîne,1,3,5,0,1,1,2,0,1,90,4,4,3,0,0,1,36.0,36.0,voiture,deux_roues,1,1,1,2,4
202200020471,2022-02-01 09:00:00,2022,2,1,9,0,93,93027,AUTOROUTE A86,48.92631,2.40127,Plein jour,Hors agglomération,Hors intersection,Pluie légère,Autre collision,1,3,6,0,1,1,2,0,1,90,1,1,0,0,0,1,24.0,,deux_roues,,1,1,1,2,6
202200020472,2022-04-09 01:56:00,2022,4,9,1,56,92,92004,AULAGNIER ( QUAI ),48.9138469514,2.3092247844,Nuit avec éclairage allumé,En agglomération,Hors intersection,Normale,Deux véhicules - arrière,3,3,0,0,1,1,1,0,1,50,2,2,1,0,0,1,23.0,38.0,voiture,voiture,5,2,1,1,2
202200020473,2022-02-01 06:50:00,2022,2,1,6,50,95,95582,A15,48.9756726346,2.2399449348,Crépuscule ou aube,Hors agglomération,Hors intersection,Pluie légère,Trois véhicules et plus - en chaîne,1,3,6,0,1,1,2,0,1,110,4,4,3,0,1,0,49.0,38.0,voiture,voiture,2,1,1,2,4
202200020474,2022-07-26 16:30:00,2022,7,26,16,30,69,69383,Avenue Félix Faure,45.75276,4.85208,Plein jour,En agglomération,Intersection en X,Normale,Deux véhicules - frontale,4,1,1,3,1,1,1,0,1,30,2,3,2,0,0,1,76.0,32.0,voiture,deux_roues,1,2,2,1,1
202200020475,2022-01-31 07:10:00,2022,1,31,7,10,93,93078,AUTOROUTE A104,48.96102,2.5429,Crépuscule ou aube,Hors agglomération,Hors intersection,Normale,Trois véhicules et plus - en chaîne,1,3,8,0,1,1,1,0,1,90,3,3,2,0,0,1,37.0,34.0,voiture,utilitaire_camion,2,1,1,1,4
202200020476,2022-01-31 19:00:00,2022,1,31,19,0,77,77121,A4,48.8318978282,2.6741537641,Nuit sans éclairage public,Hors agglomération,Hors intersection,Normale,Deux véhicules - arrière,1,3,4,0,1,1,2,0,1,110,2,3,2,0,0,1,23.0,25.0,voiture,voiture,3,1,1,1,2
202200020477,2022-07-27 00:50:00,2022,7,27,0,50,69,69381,Quai André Lassagne,45.77283,4.83834,Nuit avec éclairage allumé,En agglomération,Hors intersection,Normale,Deux véhicules - arrière,4,2,5,2,2,1,1,2,1,50,2,3,2,0,0,1,41.0,32.0,utilitaire_camion,utilitaire_camion,5,2,1,1,2
202200020478,2022-01-31 09:00:00,2022,1,31,9,0,77,77146,A4.W,48.8314,2.6432,Plein jour,Hors agglomération,Hors intersection,Normale,Trois véhicules et plus - collisions multiples,1,3,4,0,1,1,1,0,1,110,3,3,2,0,0,1,38.0,51.0,deux_roues,voiture,1,1,1,1,5
202200020479,2022-01-31 16:10:00,2022,1,31,16,10,75,75115,RUE DE VAUGIRARD,48.843503,2.314413,Plein jour,En agglomération,Hors intersection,Normale,Deux véhicules - côté,4,2,4,1,1,1,1,-1,5,30,2,2,0,0,0,2,55.0,55.0,deux_roues,deux_roues,1,2,1,1,3
202200020480,2022-01-31 13:30:00,2022,1,31,13,30,75,75109,BOULEVARD DES CAPUCINES,48.870453,2.331128,Plein jour,En agglomération,Hors intersection,Normale,Deux véhicules - côté,4,2,5,0,1,1,1,0,1,30,2,2,1,0,0,1,49.0,32.0,voiture,deux_roues,1,2,1,1,3
202200020481,2022-07-26 15:10:00,2022,7,26,15,10,69,69202,Rue Commandant Charcot,45.75021,4.79817,Plein jour,En agglomération,Hors intersection,Normale,Deux véhicules - frontale,4,2,2,0,1,1,1,0,1,50,2,3,2,0,0,1,21.0,63.0,voiture,voiture,1,2,1,1,1
202200020482,2022-01-30 20:45:00,2022,1,30,20,45,75,75107,QUAI VOLTAIRE,48.859261,2.330228,Nuit avec éclairage allumé,En agglomération,Intersection en T,Normale,Deux véhicules - côté,4,2,5,0,1,1,1,0,1,30,2,2,1,0,0,1,19.0,28.0,deux_roues,deux_roues,5,2,3,1,3
202200020483,2022-01-31 15:05:00,2022,1,31,15,5,75,75103,RUE DE BRETAGNE,48.862874,2.362594,Plein jour,En agglomération,Intersection en X,Normale,Deux véhicules - côté,4,1,2,0,1,1,1,0,1,30,2,2,1,0,0,1,34.0,,deux_roues,utilitaire_camion,1,2,2,1,3
202200020484,2022-01-31 14:10:00,2022,1,31,14,10,75,75102,RUE REAUMUR,48.86778,2.34542,Plein jour,En agglomération,Intersection à plus de 4 branches,Normale,Autre collision,4,1,3,0,1,1,1,0,1,30,1,2,1,0,0,1,25.0,,utilitaire_camion,,1,2,5,1,6
202200020485,2022-01-30 14:45:00,2022,1,30,14,45,94,94068,Quai de Bonneuil,48.785078,2.497779,Plein jour,En agglomération,Hors intersection,Normale,Autre collision,9,-1,0,1,1,1,1,0,5,30,1,2,1,0,0,1,36.0,,deux_roues,,1,2,1,1,6
202200020486,2022-07-26 07:25:00,2022,7,26,7,25,2B,2B033,LUCIE - RESID. SAINTE,42.70765,9.44312,Plein jour,En agglomération,Intersection en Y,Normale,Deux véhicules - côté,3,2,2,0,2,1,1,0,1,50,2,2,0,0,0,2,57.0,26.0,utilitaire_camion,voiture,1,2,4,1,3
202200020487,2022-01-29 21:20:00,2022,1,29,21,20,94,94058,Avenue du 8 Mai 1945,48.85003,2.50933,Nuit avec éclairage allumé,En agglomération,Hors intersection,Pluie légère,Deux véhicules - côté,3,2,2,0,1,1,2,0,1,50,2,2,1,0,0,1,40.0,25.0,voiture,deux_roues,5,2,1,2,3
202200020488,2022-07-25 17:00:00,2022,7,25,17,0,971,97101,BOULEVARD DES HEROS,16.2503,-61.52275,Plein jour,En agglomération,Hors intersection,Normale,Sans collision,3,3,4,0,1,1,1,0,1,50,1,1,0,0,1,0,33.0,,deux_roues,,1,2,1,1,7
202200020489,2022-01-30 00:58:00,2022,1,30,0,58,94,94002,13 Allée Jean-Baptiste Preux,48.778021016,2.4220883846,Nuit avec éclairage allumé,En agglomération,Hors intersection,Normale,Autre collision,4,2,2,0,1,1,2,0,3,50,1,2,0,0,2,0,19.0,,voiture,,5,2,1,1,6
202200020490,2022-07-26 20:09:00,2022,7,26,20,9,2A,2A004,MEZZAVIA ROUTE DE,41.95199,8.77627,Plein jour,En agglomération,Hors intersection,Normale,Deux véhicules - frontale,2,2,2,0,1,1,1,0,1,50,2,2,1,1,0,0,31.0,16.0,voiture,deux_roues,1,2,1,1,1
202200020491,2022-01-31 18:15:00,2022,1,31,18,15,93,93064,KENNEDY (AVENUE DU PRESIDENT),48.879214,2.490881,Nuit avec éclairage allumé,En agglomération,Hors intersection,Normale,Deux véhicules - côté,3,2,2,0,1,1,1,0,1,50,2,2,1,0,0,1,30.0,47.0,deux_roues,voiture,5,2,1,1,3
202200020492,2022-01-31 08:55:00,2022,1,31,8,55,93,93064,LISBONNE (RUE DE),48.8810113202,2.4716910884,Plein jour,En agglomération,Hors intersection,Normale,Deux véhicules - arrière,4,2,2,0,1,1,1,0,1,50,2,3,0,0,0,3,28.0,26.0,transport_commun,voiture,1,2,1,1,2
202200020493,2022-01-31 13:14:00,2022,1,31,13,14,93,93074,DE GAULLE AVENUE DU GENERAL,48.942967055,2.5690554539,Plein jour,En agglomération,Intersection en X,Normale,Deux véhicules - côté,3,2,2,0,1,1,1,5,1,50,2,2,1,0,0,1,20.0,40.0,voiture,voiture,1,2,2,1,3
202200020494,2022-07-24 10:00:00,2022,7,24,10,0,95,95598,Avenue du Général Leclerc,48.9825077824,2.3004877567,Plein jour,En agglomération,Intersection en X,Normale,Deux véhicules - côté,3,2,3,0,1,1,1,0,1,50,2,2,1,0,0,1,46.0,68.0,voiture,deux_roues,1,2,2,1,3
202200020495,2022-01-31 18:30:00,2022,1,31,18,30,93,93008,VAILLANT (AVENUE EDOUARD),48.9092646323,2.4676814957,Nuit avec éclairage allumé,En agglomération,Hors intersection,Normale,Deux véhicules - côté,3,2,2,0,1,1,1,0,1,50,2,2,1,0,0,1,42.0,30.0,voiture,deux_roues,5,2,1,1,3
202200020496,2022-01-12 13:45:00,2022,1,12,13,45,93,93008,Rue Henri Gautier,48.904987,2.426455,Plein jour,En agglomération,Hors intersection,Normale,Deux véhicules - côté,4,2,2,0,1,1,1,0,1,50,2,2,1,0,0,1,42.0,49.0,deux_roues,voiture,1,2,1,1,3
202200020497,2022-07-26 13:20:00,2022,7,26,13,20,91,91064,LEON MIGNOTTE ( RUE),48.758042,2.208376,Plein jour,Hors agglomération,Hors intersection,Normale,Deux véhicules - arrière,3,2,2,0,1,1,1,0,1,70,2,2,1,0,0,1,37.0,79.0,deux_roues,voiture,1,1,1,1,2
202200020498,2022-01-31 16:35:00,2022,1,31,16,35,93,93007,CHARLES FLOQUET (AVENUE),48.939388,2.458119,Plein jour,En agglomération,Hors intersection,Normale,Deux véhicules - côté,4,2,2,0,1,1,1,0,1,50,1,1,0,0,0,1,27.0,,transport_commun,,1,2,1,1,3
202200020499,2022-01-31 09:00:00,2022,1,31,9,0,93,93005,ANATOLE FRANCE (AVENUE),48.9358233297,2.4939051214,Plein jour,En agglomération,Intersection en X,Temps couvert,Deux véhicules - côté,3,2,3,0,1,1,1,0,1,50,2,2,1,0,0,1,47.0,25.0,deux_roues,voiture,1,2,2,8,3
202200020500,2022-07-26 08:45:00,2022,7,26,8,45,91,91377,RUE DE LA DIVISION LECLERC,48.73026,2.2735,Plein jour,En agglomération,Intersection en X,Normale,Deux véhicules - frontale,3,2,2,2,2,1,1,0,1,30,2,2,1,0,0,1,49.0,38.0,deux_roues,voiture,1,2,2,1,1
202200020501,2022-01-31 09:40:00,2022,1,31,9,40,92,92073,ROOSVELT (AVENUE FRANKLIN),48.871667,2.222408,Plein jour,En agglomération,Intersection en X,Normale,Trois véhicules et plus - en chaîne,3,2,1,0,1,1,1,0,1,50,3,3,2,0,0,1,37.0,68.0,voiture,voiture,1,2,2,1,4
202200020502,2022-01-31 16:55:00,2022,1,31,16,55,92,92035,National ( boulevard ),48.906859709,2.2390485406,Plein jour,En agglomération,Intersection en X,Temps couvert,Deux véhicules - côté,3,3,6,0,1,1,1,5,1,50,2,3,1,0,0,2,82.0,35.0,voiture,deux_roues,1,2,2,8,3
202200020503,2022-07-26 08:45:00,2022,7,26,8,45,91,91477,GENERAL LECLERC (AVENUE DU),48.70213,2.22113,Plein jour,En agglomération,Hors intersection,Temps couvert,Autre collision,3,2,2,0,1,1,1,0,1,50,1,2,1,0,1,0,60.0,,voiture,,1,2,1,8,6
202200020504,2022-01-30 01:22:00,2022,1,30,1,22,92,92002,DIVISION LECLERC (53 A 217 - 58 A 186),48.74384,2.30314,Nuit avec éclairage allumé,En agglomération,Intersection en T,Normale,Trois véhicules et plus - collisions multiples,3,3,5,0,1,1,2,5,1,50,3,4,2,0,0,2,33.0,31.0,voiture,voiture,5,2,3,1,5
202200020505,2022-01-30 13:00:00,2022,1,30,13,0,92,92002,ADOLPHE PAJEAUD (RUE),48.73992,2.27902,Plein jour,En agglomération,Hors intersection,Normale,Deux véhicules - arrière,3,3,2,0,1,1,1,0,1,50,2,2,1,0,0,1,48.0,56.0,voiture,utilitaire_camion,1,2,1,1,2
202200020506,2022-01-31 15:30:00,2022,1,31,15,30,09,09289,D117,43.01457,1.110113,Plein jour,En agglomération,Hors intersection,Pluie légère,Autre collision,3,2,2,0,1,1,2,0,1,50,1,2,1,0,1,0,56.0,,utilitaire_camion,,1,2,1,2,6
202200020507,2022-01-31 09:00:00,2022,1,31,9,0,09,09149,rd618,42.918128,1.19109,Plein jour,Hors agglomération,Hors intersection,Pluie légère,Autre collision,3,2,2,0,1,1,7,0,8,-1,1,1,0,0,1,0,64.0,,utilitaire_camion,,1,1,1,2,6
202200020508,2022-07-25 08:05:00,2022,7,25,8,5,87,87085,21 AOUT 1944 (BD DU),45.81063,1.25755,Plein jour,En agglomération,Intersection en X,Normale,Deux véhicules - arrière,3,3,4,0,1,1,1,5,1,50,2,2,1,0,0,1,43.0,32.0,voiture,voiture,1,2,2,1,2
202200020509,2022-01-31 17:00:00,2022,1,31,17,0,76,76562,D149,49.862571,1.175049,Plein jour,Hors agglomération,Hors intersection,Normale,Deux véhicules - côté,3,2,2,0,2,3,1,0,1,80,2,2,1,0,1,0,19.0,50.0,voiture,deux_roues,1,1,1,1,3
202200020510,2022-07-23 12:05:00,2022,7,23,12,5,83,83061,BOULEVARD DE LA MER,43.424076438,6.7403483391,Plein jour,En agglomération,Autre intersection,Normale,Autre collision,4,2,2,0,1,1,1,0,1,50,1,2,1,0,1,0,30.0,,voiture,,1,2,9,1,6
202200020511,2022-01-27 17:00:00,2022,1,27,17,0,57,57428,D603,49.116667,6.76304,Crépuscule ou aube,Hors agglomération,Hors intersection,Pluie légère,Deux véhicules - côté,3,2,2,0,1,1,2,0,1,80,2,2,1,0,1,0,44.0,86.0,utilitaire_camion,voiture,2,1,1,2,3
202200020512,2022-01-30 17:36:00,2022,1,30,17,36,36,36239,A20,46.472803,1.497402,Plein jour,Hors agglomération,Hors intersection,Normale,Sans collision,1,3,4,0,3,1,1,0,2,130,1,1,0,0,1,0,27.0,,voiture,,1,1,1,1,7
202200020513,2022-02-01 17:20:00,2022,2,1,17,20,30,30151,,44.1799,4.36022,Plein jour,Hors agglomération,Hors intersection,Normale,Sans collision,3,2,2,0,1,3,1,0,3,80,1,1,0,0,0,1,27.0,,deux_roues,,1,1,1,1,7
202200020514,2022-07-22 21:00:00,2022,7,22,21,0,80,80021,SAINT FUSCIEN (RUE),49.88366,2.30418,Plein jour,En agglomération,Hors intersection,Normale,Deux véhicules - frontale,4,2,2,0,1,1,1,0,1,50,2,2,1,0,0,1,20.0,33.0,deux_roues,voiture,1,2,1,1,1
202200020515,2022-01-30 09:50:00,2022,1,30,9,50,37,37232,,47.2871185488,0.2824902534,Plein jour,Hors agglomération,Hors intersection,Pluie légère,Autre collision,1,3,4,0,2,1,2,1,2,130,1,1,0,0,1,0,29.0,,voiture,,1,1,1,2,6
202200020516,2022-02-01 14:44:00,2022,2,1,14,44,44,44154,Avenue du 8 Mai 1945,47.199562,-2.147441,Plein jour,Hors agglomération,Hors intersection,Normale,Deux véhicules - arrière,3,3,4,0,1,1,1,0,1,70,2,2,1,1,0,0,77.0,50.0,voiture,utilitaire_camion,1,1,1,1,2
202200020517,2022-02-01 16:15:00,2022,2,1,16,15,76,76655,D20,49.856484,0.72221,Plein jour,Hors agglomération,Hors intersection,Normale,Autre collision,3,2,2,0,1,1,1,0,3,80,1,1,0,0,1,0,34.0,,voiture,,1,1,1,1,6
202200020518,2022-01-31 12:55:00,2022,1,31,12,55,42,42150,946 Route de Marcoux,45.714402,4.048017,Plein jour,Hors agglomération,Hors intersection,Normale,Deux véhicules - frontale,4,2,2,0,1,1,1,0,1,80,2,2,0,0,1,1,20.0,38.0,voiture,voiture,1,1,1,1,1
202200020519,2022-01-31 22:30:00,2022,1,31,22,30,68,68152,D432,47.664137,7.265675,Nuit sans éclairage public,En agglomération,Hors intersection,Pluie légère,Autre collision,3,2,2,0,1,4,2,2,1,50,1,1,0,0,0,1,33.0,,voiture,,3,2,1,2,6
202200020520,2022-07-14 16:59:00,2022,7,14,16,59,78,78297,GAUDI (RUE ANTONIO),48.765793,2.074508,Plein jour,En agglomération,Hors intersection,Temps éblouissant,Deux véhicules - frontale,4,2,2,0,1,1,1,0,1,50,2,2,1,0,1,0,21.0,40.0,deux_roues,voiture,1,2,1,7,1
202200020521,2022-02-01 14:55:00,2022,2,1,14,55,29,29049,Lieu Dit Kermoal,47.979584,-3.865374,Plein jour,Hors agglomération,Intersection en T,Normale,Deux véhicules - côté,3,2,2,0,1,1,1,5,1,80,2,3,1,0,0,2,22.0,29.0,utilitaire_camion,voiture,1,1,3,1,3
202200020522,2022-01-31 07:45:00,2022,1,31,7,45,38,38081,D518,45.540912,5.092478,Plein jour,Hors agglomération,Hors intersection,Pluie légère,Trois véhicules et plus - collisions multiples,3,2,2,0,1,1,2,0,1,80,3,3,1,0,1,1,31.0,20.0,utilitaire_camion,voiture,1,1,1,2,5
202200020523,2022-01-31 13:00:00,2022,1,31,13,0,15,15063,D922,45.14114,2.398903,Plein jour,Hors agglomération,Hors intersection,Pluie légère,Deux véhicules - arrière,3,2,2,0,3,1,2,0,1,90,2,3,1,0,1,1,47.0,19.0,utilitaire_camion,voiture,1,1,1,2,2
202200020524,2022-07-26 21:10:00,2022,7,26,21,10,76,76216,Rue Jean Richard,49.46423,1.04711,Nuit avec éclairage allumé,En agglomération,Hors intersection,Normale,Autre collision,7,2,2,0,1,1,1,0,1,50,1,1,0,0,0,1,34.0,,voiture,,5,2,1,1,6
202200020525,2022-01-31 12:15:00,2022,1,31,12,15,72,72359,le-Pavé-de-Torcé,48.13998,0.37922,Plein jour,Hors agglomération,Intersection en X,Normale,Deux véhicules - côté,3,2,2,0,1,1,1,0,1,90,2,2,1,0,0,1,33.0,42.0,voiture,voiture,1,1,2,1,3
202200020526,2022-07-26 08:35:00,2022,7,26,8,35,76,76322,N338 - Sud 3,49.39947,1.03257,Plein jour,Hors agglomération,Hors intersection,Normale,Autre collision,2,3,3,0,1,1,1,0,1,50,1,1,0,0,1,0,28.0,,deux_roues,,1,1,1,1,6
202200020527,2022-01-13 06:45:00,2022,1,13,6,45,40,40126,Route de Dax,43.701959,-0.927004,Nuit avec éclairage allumé,En agglomération,Giratoire,Brouillard / fumée,Autre collision,3,2,2,0,1,2,1,0,1,50,1,2,1,0,0,1,51.0,,voiture,,5,2,6,5,6
202200020528,2022-01-31 20:35:00,2022,1,31,20,35,27,27481,RN 12,48.716741,0.864519,Nuit sans éclairage public,Hors agglomération,Hors intersection,Normale,Deux véhicules - côté,2,2,2,0,1,1,1,0,1,-1,2,2,0,0,1,1,36.0,64.0,voiture,voiture,3,1,1,1,3
202200020529,2022-07-23 17:19:00,2022,7,23,17,19,76,76305,OUDALLE (ROUTE),49.50339,0.20715,Plein jour,En agglomération,Intersection en T,Normale,Deux véhicules - côté,3,2,2,0,1,1,1,0,1,50,2,2,1,0,0,1,36.0,20.0,voiture,deux_roues,1,2,3,1,3
202200020530,2022-05-25 14:30:00,2022,5,25,14,30,22,22272,RN12,48.5508356444,-3.1132164716,Plein jour,Hors agglomération,Hors intersection,Normale,Deux véhicules - frontale,2,2,2,0,1,1,1,0,1,110,2,2,0,1,0,1,24.0,89.0,utilitaire_camion,voiture,1,1,1,1,1
202200020531,2022-01-28 14:00:00,2022,1,28,14,0,76,76181,autoroute a29,49.628473375,0.6105975062,Plein jour,Hors agglomération,Hors intersection,Brouillard / fumée,Autre collision,1,3,2,0,1,1,1,0,3,130,1,2,0,0,0,2,30.0,,voiture,,1,1,1,5,6
202200020532,2022-07-26 11:10:00,2022,7,26,11,10,74,74118,18 AOUT (RUE DU),46.16668,6.19343,Plein jour,Hors agglomération,Hors intersection,Normale,Trois véhicules et plus - collisions multiples,3,2,2,0,2,4,1,0,1,80,3,3,2,0,0,1,29.0,64.0,voiture,voiture,1,1,1,1,5
202200020533,2022-02-01 07:35:00,2022,2,1,7,35,45,45302,A10 - PK 94+800,47.945189978,1.8484711647,Nuit sans éclairage public,Hors agglomération,Hors intersection,Normale,Deux véhicules - arrière,1,3,6,3,1,1,2,8,1,130,2,2,1,0,0,1,62.0,40.0,utilitaire_camion,voiture,3,1,1,1,2
202200020534,2022-02-01 12:45:00,2022,2,1,12,45,11,11370,A9 - pk 179+300,43.22857,3.106556,Plein jour,Hors agglomération,Hors intersection,Vent fort / tempête,Autre collision,1,3,5,0,1,1,1,0,8,-1,2,2,1,0,0,1,59.0,21.0,utilitaire_camion,utilitaire_camion,1,1,1,6,6
202200020535,2022-05-25 09:15:00,2022,5,25,9,15,42,42284,2210 Route de Roanne,46.082582,4.017434,Plein jour,En agglomération,Intersection en Y,Normale,Deux véhicules - côté,3,2,2,0,1,1,1,0,1,80,2,3,0,2,0,1,25.0,75.0,deux_roues,voiture,1,2,4,1,3
202200020536,2022-07-25 15:10:00,2022,7,25,15,10,71,71306,ALOUETTES (AVENUE DES),46.681977,4.36245,Plein jour,En agglomération,Hors intersection,Normale,Autre collision,4,3,4,0,2,1,1,0,1,50,2,2,1,0,0,1,15.0,50.0,deux_roues,voiture,1,2,1,1,6
202200020537,2022-01-29 18:15:00,2022,1,29,18,15,987,98725,RT2 Apahere,-17.506726,-149.487641,Plein jour,En agglomération,Hors intersection,Normale,Deux véhicules - côté,2,2,2,0,1,1,1,0,1,50,2,3,2,0,1,0,17.0,55.0,deux_roues,deux_roues,1,2,1,1,3
202200020538,2022-05-22 17:30:00,2022,5,22,17,30,974,97414,41 Rue des Vetyvers,-21.276486,55.41777,Crépuscule ou aube,En agglomération,Hors intersection,Normale,Sans collision,4,2,1,0,2,2,1,0,4,50,1,1,0,0,1,0,40.0,,deux_roues,,2,2,1,1,7
202200020539,2022-01-30 21:00:00,2022,1,30,21,0,987,98712,RT02 - PUOORO,-17.542977,-149.503646,Nuit avec éclairage allumé,En agglomération,Hors intersection,Normale,Deux véhicules - frontale,3,3,4,1,1,1,1,0,1,50,1,2,1,0,1,0,47.0,,voiture,,5,2,1,1,1
202200020540,2022-07-26 11:30:00,2022,7,26,11,30,69,69266,Rue Docteur Dolard,45.762,4.872,Plein jour,En agglomération,Intersection en X,Normale,Deux véhicules - arrière,4,1,1,0,1,1,1,0,1,50,2,2,1,0,0,1,69.0,58.0,voiture,voiture,1,2,2,1,2