accident_id,datetime,annee,mois,jour,heure,minute,departement,commune_insee,adresse,latitude,longitude,luminosite,agglomeration,intersection,meteo,collision,catr,circ,nbv,vosp,prof,plan,surf,infra,situ,vma,nb_vehicules,nb_usagers,nb_indemnes,nb_tues,nb_blesses_hosp,nb_blesses_legers,age_cond_1,age_cond_2,veh_type_cond_1,veh_type_cond_2,lum_code,agg_code,int_code,atm_code,col_code
202200020541,2022-05-24 23:05:00,2022,5,24,23,5,38,38337,49 Rue de la République,45.34928,5.504016,Nuit avec éclairage allumé,En agglomération,Hors intersection,Normale,Deux véhicules - côté,3,2,2,0,1,1,1,0,1,50,2,2,1,0,0,1,20.0,19.0,deux_roues,voiture,5,2,1,1,3
202200020542,2022-01-26 16:15:00,2022,1,26,16,15,34,34179,D27,43.61029,3.716941,Plein jour,Hors agglomération,Hors intersection,Normale,Deux véhicules - côté,7,2,2,0,4,1,1,0,1,90,2,2,1,0,1,0,36.0,68.0,utilitaire_camion,deux_roues,1,1,1,1,3
202200020543,2022-07-26 11:50:00,2022,7,26,11,50,67,67482,FRERES EBERTS (RUE DES),48.55419,7.74023,Plein jour,En agglomération,Hors intersection,Normale,Deux véhicules - côté,4,2,4,2,1,1,1,0,1,50,2,2,1,0,0,1,28.0,64.0,voiture,deux_roues,1,2,1,1,3
202200020544,2022-01-31 12:50:00,2022,1,31,12,50,973,97304,Avenue des Roches,5.157582,-52.642654,Plein jour,En agglomération,Hors intersection,Normale,Deux véhicules - frontale,4,-1,1,1,1,1,1,0,5,-1,2,2,1,0,0,1,16.0,55.0,deux_roues,deux_roues,1,2,1,1,1
202200020545,2022-07-25 11:30:00,2022,7,25,11,30,67,67482,ROYAL (PONT),48.58442,7.75843,Plein jour,En agglomération,Passage à niveau,Normale,Autre collision,4,2,2,3,1,1,9,4,6,50,1,2,1,0,0,1,54.0,,transport_commun,,1,2,8,1,6
202200020546,2022-05-24 16:40:00,2022,5,24,16,40,62,62648,D127,50.588438,1.809048,Plein jour,En agglomération,Hors intersection,Normale,Deux véhicules - frontale,3,2,2,0,1,3,1,0,1,50,2,5,4,0,1,0,26.0,85.0,deux_roues,voiture,1,2,1,1,1
202200020547,2022-07-26 17:20:00,2022,7,26,17,20,64,64260,Rue Ansoenia,43.37043,-1.76411,Plein jour,En agglomération,Hors intersection,Normale,Deux véhicules - côté,4,2,2,0,1,1,1,0,1,50,2,2,1,0,0,1,71.0,20.0,deux_roues,voiture,1,2,1,1,3
202200020548,2022-01-30 14:50:00,2022,1,30,14,50,30,30345,,44.2794,4.0039,Plein jour,En agglomération,Hors intersection,Normale,Autre collision,3,2,1,0,2,3,1,0,8,50,1,2,1,0,0,1,60.0,,voiture,,1,2,1,1,6
202200020549,2022-04-30 01:00:00,2022,4,30,1,0,77,77398,D222,48.88904,3.302909,Nuit sans éclairage public,Hors agglomération,Hors intersection,Normale,Sans collision,3,2,2,0,1,4,1,0,1,80,1,1,0,0,0,1,21.0,,voiture,,3,1,1,1,7
202200020550,2022-07-26 14:05:00,2022,7,26,14,5,59,59090,AMSTERDAM (AVENUE),50.7203370617,3.13133955,Plein jour,En agglomération,Autre intersection,Normale,Deux véhicules - côté,4,-1,2,0,2,3,1,0,1,50,2,2,1,0,0,1,23.0,59.0,deux_roues,voiture,1,2,9,1,3
202200020551,2022-07-23 16:00:00,2022,7,23,16,0,57,57672,ALBERT 1ER (AVENUE) - IMPAIR,49.36439,6.16891,Plein jour,En agglomération,Hors intersection,Normale,Autre collision,3,2,2,0,1,2,1,0,1,50,1,2,1,0,1,0,33.0,,voiture,,1,2,1,1,6
202200020552,2022-05-24 16:40:00,2022,5,24,16,40,34,34095,Route de Villeneuve,43.548813,3.805711,Plein jour,Hors agglomération,Autre intersection,Normale,Deux véhicules - frontale,7,4,2,0,2,1,2,9,1,80,2,4,1,0,0,3,24.0,29.0,utilitaire_camion,voiture,1,1,9,1,1
202200020553,2022-01-30 10:30:00,2022,1,30,10,30,83,83027,D82,43.2002751463,5.7591465711,Plein jour,Hors agglomération,Hors intersection,Normale,Deux véhicules - côté,3,2,2,0,1,1,1,5,1,80,2,2,1,0,0,1,79.0,53.0,voiture,deux_roues,1,1,1,1,3
202200020554,2022-07-25 12:40:00,2022,7,25,12,40,56,56121,1 Rue de la Voûte,47.7555596,-3.3757766,Plein jour,En agglomération,Hors intersection,Normale,Autre collision,4,2,2,0,1,1,1,0,4,30,1,2,1,0,0,1,18.0,,voiture,,1,2,1,1,6
202200020555,2022-07-26 12:15:00,2022,7,26,12,15,54,54304,REPUBLIQUE (RUE DE LA),48.68321,6.14467,Plein jour,En agglomération,Hors intersection,Normale,Autre collision,4,1,1,0,2,1,1,0,4,30,1,1,0,0,0,1,68.0,,voiture,,1,2,1,1,6
202200020556,2022-05-22 15:05:00,2022,5,22,15,5,57,57704,GRAND RUE,49.336687,6.36942,Plein jour,En agglomération,Intersection en T,Normale,Deux véhicules - côté,3,2,1,0,1,1,1,0,1,50,2,4,3,0,1,0,24.0,17.0,voiture,deux_roues,1,2,3,1,3
202200020557,2022-07-26 11:55:00,2022,7,26,11,55,53,53130,BRETAGNE ( RUE DE ),48.06875,-0.79801,Plein jour,En agglomération,Hors intersection,Normale,Deux véhicules - côté,3,3,4,3,1,1,1,0,1,50,2,2,1,0,1,0,55.0,21.0,deux_roues,utilitaire_camion,1,2,1,1,3
202200020558,2022-01-30 14:30:00,2022,1,30,14,30,83,83027,Route de Bandol,43.162196,5.764196,Plein jour,Hors agglomération,Hors intersection,Normale,Deux véhicules - arrière,3,2,2,0,1,1,1,0,1,-1,2,2,1,0,0,1,53.0,20.0,deux_roues,voiture,1,1,1,1,2
202200020559,2022-05-24 17:30:00,2022,5,24,17,30,89,89278,Rue des Hauberts,48.162652,3.390055,Plein jour,En agglomération,Intersection en Y,Normale,Deux véhicules - frontale,3,2,2,0,1,3,1,5,1,50,2,2,0,0,0,2,27.0,27.0,deux_roues,deux_roues,1,2,4,1,1
202200020560,2022-07-26 18:38:00,2022,7,26,18,38,51,51454,rue Lanson,49.24494,4.0552,Plein jour,En agglomération,Intersection en Y,Normale,Deux véhicules - frontale,4,2,2,0,1,1,1,0,1,50,2,3,2,0,0,1,31.0,16.0,voiture,deux_roues,1,2,4,1,1
202200020561,2022-07-26 09:55:00,2022,7,26,9,55,50,50218,MARECHAL LECLERC (AV DU),48.83808,-1.5853,Plein jour,En agglomération,Hors intersection,Normale,Deux véhicules - côté,3,2,2,0,2,1,1,0,1,50,1,2,1,0,1,0,88.0,,voiture,,1,2,1,1,3
202200020562,2022-02-01 22:25:00,2022,2,1,22,25,83,83023,Cours de la Liberté,43.406199,6.0651,Plein jour,En agglomération,Autre intersection,Temps éblouissant,Autre collision,4,1,2,0,1,1,1,0,1,50,1,2,1,0,1,0,62.0,,utilitaire_camion,,1,2,9,7,6
202200020563,2022-05-24 20:00:00,2022,5,24,20,0,67,67305,route du Rhin,48.931772,8.166779,Crépuscule ou aube,Hors agglomération,Hors intersection,Normale,Sans collision,3,2,2,0,1,2,1,0,1,50,1,3,1,0,1,1,32.0,,voiture,,2,1,1,1,7
202200020564,2022-07-25 20:30:00,2022,7,25,20,30,49,49267,MAURIAC,47.47251,-0.48541,Plein jour,En agglomération,Hors intersection,Normale,Sans collision,4,2,2,0,1,1,1,0,1,30,1,1,0,0,0,1,20.0,,deux_roues,,1,2,1,1,7
202200020565,2022-07-25 10:34:00,2022,7,25,10,34,49,49267,A87N,47.46672,-0.51547,Plein jour,En agglomération,Hors intersection,Normale,Autre collision,1,1,2,0,1,2,2,0,1,80,1,1,0,0,1,0,41.0,,voiture,,1,2,1,1,6
202200020566,2022-05-25 15:00:00,2022,5,25,15,0,67,67467,,48.847745,7.208421,Plein jour,Hors agglomération,Hors intersection,Normale,Sans collision,4,2,2,0,2,3,1,0,3,80,1,2,1,0,0,1,15.0,,deux_roues,,1,1,1,1,7
202200020567,2022-02-01 06:15:00,2022,2,1,6,15,13,13004,D453,43.637558,4.744066,Crépuscule ou aube,Hors agglomération,Hors intersection,Vent fort / tempête,Trois véhicules et plus - collisions multiples,3,2,2,0,1,1,1,0,3,80,1,1,0,0,1,0,30.0,,utilitaire_camion,,2,1,1,6,5
202200020568,2022-05-26 07:00:00,2022,5,26,7,0,79,79061,,46.264741,-0.221921,Plein jour,En agglomération,Intersection en Y,Temps couvert,Sans collision,4,2,2,0,1,3,1,0,4,50,1,1,0,1,0,0,22.0,,deux_roues,,1,2,4,8,7
202200020569,2022-07-26 05:50:00,2022,7,26,5,50,45,45004,1264 Avenue du Docteur Schweitzer,48.00081,2.76579,Crépuscule ou aube,En agglomération,Hors intersection,Normale,Deux véhicules - frontale,3,2,2,1,1,1,1,0,1,50,2,3,1,0,2,0,23.0,54.0,voiture,deux_roues,2,2,1,1,1
202200020570,2022-05-25 00:05:00,2022,5,25,0,5,82,82085,Route d Auch,43.971677,1.274865,Nuit sans éclairage public,Hors agglomération,Hors intersection,Normale,Autre collision,3,2,2,0,1,1,1,0,3,-1,1,1,0,1,0,0,32.0,,voiture,,3,1,1,1,6
202200020571,2022-07-24 20:10:00,2022,7,24,20,10,44,44184,Rue Gabriel Fauré,47.26786,-2.23388,Plein jour,En agglomération,Giratoire,Normale,Deux véhicules - côté,4,3,4,3,4,1,1,5,1,50,2,2,1,0,0,1,30.0,37.0,deux_roues,voiture,1,2,6,1,3
202200020572,2022-05-20 17:45:00,2022,5,20,17,45,65,65375,N21,43.378228,0.147371,Plein jour,Hors agglomération,Hors intersection,Normale,Sans collision,2,2,1,0,1,1,1,0,3,80,1,1,0,0,1,0,59.0,,deux_roues,,1,1,1,1,7
202200020573,2022-07-26 11:05:00,2022,7,26,11,5,43,43157,15 avenue André Soulier,45.0361,3.88375,Plein jour,En agglomération,Hors intersection,Normale,Autre collision,4,1,2,0,1,1,1,0,1,50,1,2,1,0,0,1,60.0,,transport_commun,,1,2,1,1,6
202200020574,2022-07-26 17:45:00,2022,7,26,17,45,37,37122,RD 37,47.341192831,0.6496310234,Plein jour,En agglomération,Hors intersection,Normale,Autre collision,7,3,4,0,1,2,1,2,1,70,1,1,0,0,0,1,35.0,,voiture,,1,2,1,1,6
202200020575,2022-01-30 16:54:00,2022,1,30,16,54,71,71250,Route de Macon,46.386757,4.804882,Plein jour,Hors agglomération,Hors intersection,Normale,Autre collision,3,2,2,0,2,4,2,0,3,80,1,5,2,0,0,3,19.0,,voiture,,1,1,1,1,6
202200020576,2022-05-25 17:15:00,2022,5,25,17,15,33,33540,40 Boulevard de Lattre de Tassigny,45.376659,-1.150298,Plein jour,En agglomération,Intersection en X,Normale,Deux véhicules - côté,4,2,2,0,1,1,1,0,1,50,2,3,1,0,1,1,55.0,65.0,deux_roues,voiture,1,2,2,1,3
202200020577,2022-07-26 16:00:00,2022,7,26,16,0,35,35238,SUEDE (DE),48.08672,-1.67725,Plein jour,En agglomération,Hors intersection,Normale,Autre collision,4,2,2,0,1,1,1,0,1,30,1,2,1,0,0,1,44.0,,voiture,,1,2,1,1,6
202200020578,2022-05-25 11:00:00,2022,5,25,11,0,33,33195,2 Allée Saint Michel,44.388298,-0.043318,Plein jour,En agglomération,Hors intersection,Normale,Autre collision,3,1,1,0,1,1,1,0,1,50,1,2,1,0,1,0,79.0,,voiture,,1,2,1,1,6
202200020579,2022-07-26 15:45:00,2022,7,26,15,45,35,35278,N136,48.1408005508,-1.6903723776,Plein jour,Hors agglomération,Hors intersection,Normale,Deux véhicules - arrière,2,3,5,0,1,1,1,0,1,90,2,3,2,0,0,1,27.0,74.0,utilitaire_camion,voiture,1,1,1,1,2
202200020580,2022-05-24 15:30:00,2022,5,24,15,30,71,71496,Rue du Coteau de Voyen,46.904484,4.653643,Plein jour,En agglomération,Hors intersection,Normale,Sans collision,4,2,2,0,1,1,1,0,3,50,1,1,0,0,0,1,49.0,,utilitaire_camion,,1,2,1,1,7
202200020581,2022-01-30 16:20:00,2022,1,30,16,20,67,67237,48 Rue du Lieutenant de Bettignies,48.675169,7.857216,Plein jour,En agglomération,Hors intersection,Normale,Autre collision,4,2,2,0,1,1,1,0,1,40,1,2,1,0,1,0,52.0,,voiture,,1,2,1,1,6
202200020582,2022-07-26 16:05:00,2022,7,26,16,5,35,35051,RIGOURDIERE (RUE DE LA),48.11557,-1.58724,Plein jour,En agglomération,Hors intersection,Normale,Deux véhicules - frontale,4,2,3,1,1,1,1,0,1,50,2,2,1,0,0,1,22.0,32.0,voiture,voiture,1,2,1,1,1
202200020583,2022-07-25 18:00:00,2022,7,25,18,0,35,35051,PARIS (RUE DE),48.1136718739,-1.6021840274,Plein jour,En agglomération,Hors intersection,Normale,Deux véhicules - arrière,4,2,2,0,1,1,1,0,1,50,2,2,1,0,0,1,21.0,27.0,voiture,deux_roues,1,2,1,1,2
202200020584,2022-05-26 12:05:00,2022,5,26,12,5,71,71470,D45,46.317014,4.63034,Plein jour,Hors agglomération,Hors intersection,Normale,Deux véhicules - côté,3,2,2,0,3,4,1,0,1,80,2,3,1,0,1,1,31.0,52.0,voiture,voiture,1,1,1,1,3
202200020585,2022-07-26 08:13:00,2022,7,26,8,13,31,31344,POINTIS INARD (ROUTE DE),43.0970554726,0.7599931955,Plein jour,Hors agglomération,Hors intersection,Pluie légère,Sans collision,3,-1,2,0,1,2,2,0,1,80,1,2,1,0,0,1,26.0,,voiture,,1,1,1,2,7
202200020586,2022-01-31 19:30:00,2022,1,31,19,30,03,03253,pk 8+525 D480,46.4605006957,3.6377073485,Nuit sans éclairage public,Hors agglomération,Hors intersection,Normale,Deux véhicules - arrière,3,3,2,0,1,1,2,0,1,90,2,2,1,1,0,0,24.0,46.0,voiture,deux_roues,3,1,1,1,2
202200020587,2022-05-26 03:30:00,2022,5,26,3,30,61,61100,Lieu Dit Fai,48.70885,0.61976,Nuit sans éclairage public,Hors agglomération,Hors intersection,Pluie légère,Autre collision,3,2,2,0,1,1,2,0,1,90,1,3,0,0,1,2,21.0,,voiture,,3,1,1,2,6
202200020588,2022-07-26 09:00:00,2022,7,26,9,0,27,27681,DE LATTRE DE TASSIGNY (AVENUE DU MAL),49.08501,1.46294,Plein jour,En agglomération,Intersection en T,Normale,Deux véhicules - frontale,3,-1,2,0,2,2,1,0,1,50,2,3,0,0,0,3,27.0,33.0,utilitaire_camion,voiture,1,2,3,1,1
202200020589,2022-01-31 10:57:00,2022,1,31,10,57,42,42022,42 Av de Saint Marcellin,45.517865,4.204502,Plein jour,En agglomération,Hors intersection,Temps couvert,Deux véhicules - côté,3,2,2,0,1,1,2,0,3,50,2,2,1,0,1,0,74.0,61.0,voiture,deux_roues,1,2,1,8,3
202200020590,2022-05-26 01:28:00,2022,5,26,1,28,49,49367,La Petite Chapelle,47.603212,-0.821491,Nuit sans éclairage public,Hors agglomération,Hors intersection,Normale,Autre collision,3,2,2,0,1,1,1,0,1,90,1,3,2,1,0,0,24.0,,voiture,,3,1,1,1,6
202200020591,2022-07-26 07:50:00,2022,7,26,7,50,27,27681,MONTIGNY (101 RUE DE),49.09347,1.47267,Plein jour,En agglomération,Hors intersection,Normale,Autre collision,4,2,2,0,1,1,1,2,1,50,1,1,0,0,0,1,47.0,,utilitaire_camion,,1,2,1,1,6
202200020592,2022-01-29 16:20:00,2022,1,29,16,20,07,07034,,44.364889,4.530281,Plein jour,Hors agglomération,Hors intersection,Normale,Sans collision,3,2,2,0,3,3,1,0,1,80,1,1,0,0,0,1,33.0,,deux_roues,,1,1,1,1,7
202200020593,2022-05-25 17:52:00,2022,5,25,17,52,47,47100,N21,44.255482,0.656455,Plein jour,Hors agglomération,Hors intersection,Normale,Deux véhicules - arrière,2,2,2,0,1,1,1,0,1,80,2,2,1,0,1,0,33.0,31.0,utilitaire_camion,deux_roues,1,1,1,1,2
202200020594,2022-07-14 23:08:00,2022,7,14,23,8,24,24037,BRIAND (AVENUE ARISTIDE),44.8523306234,0.4707505703,Nuit avec éclairage allumé,En agglomération,Hors intersection,Normale,Autre collision,3,2,2,0,1,1,1,0,1,50,2,3,0,0,1,2,29.0,55.0,voiture,deux_roues,5,2,1,1,6
202200020595,2022-01-31 19:35:00,2022,1,31,19,35,33,33019,Avenue du Bas Vallon,44.6751101871,-1.0028806329,Nuit sans éclairage public,Hors agglomération,Hors intersection,Normale,Deux véhicules - côté,3,2,2,0,1,1,1,0,1,70,2,2,1,0,0,1,,52.0,voiture,deux_roues,3,1,1,1,3
202200020596,2022-07-22 12:10:00,2022,7,22,12,10,19,19031,RIVET (AVENUE JEAN CHARLES),45.15043,1.49761,Plein jour,En agglomération,Intersection en T,Normale,Deux véhicules - côté,4,2,2,0,1,1,1,0,1,50,2,2,1,0,0,1,20.0,40.0,deux_roues,utilitaire_camion,1,2,3,1,3
202200020597,2022-05-24 12:45:00,2022,5,24,12,45,86,86211,D158,46.259452,0.277362,Plein jour,Hors agglomération,Intersection en X,Normale,Deux véhicules - côté,3,2,2,0,1,1,2,0,1,80,2,2,0,0,1,1,45.0,25.0,voiture,voiture,1,1,2,1,3
202200020598,2022-01-31 16:10:00,2022,1,31,16,10,85,85163,RD96,47.00246,-2.258711,Plein jour,Hors agglomération,Hors intersection,Normale,Deux véhicules - côté,3,2,2,0,1,1,1,0,1,80,2,2,1,1,0,0,20.0,55.0,utilitaire_camion,deux_roues,1,1,1,1,3
202200020599,2022-07-26 10:30:00,2022,7,26,10,30,17,17306,ROCHEFORT (DE)  (AVENUE),45.64136,-1.02472,Plein jour,En agglomération,Hors intersection,Pluie légère,Deux véhicules - côté,3,2,2,0,1,1,2,0,1,50,2,2,1,0,1,0,58.0,53.0,deux_roues,voiture,1,2,1,2,3
202200020600,2022-05-16 16:45:00,2022,5,16,16,45,39,39478,Parking de la place du 9 avril,46.391306,5.864019,Plein jour,En agglomération,Hors intersection,Normale,Deux véhicules - côté,6,-1, -1,0,1,1,1,0,1,50,2,3,2,0,1,0,49.0,66.0,deux_roues,voiture,1,2,1,1,3
202200020601,2022-07-25 09:50:00,2022,7,25,9,50,17,17306,LAVOISIER (ANTOINE DE),45.631322,-0.989111,Plein jour,En agglomération,Hors intersection,Normale,Autre collision,4,2,2,0,2,1,1,0,1,50,1,2,1,0,0,1,33.0,,voiture,,1,2,1,1,6
202200020602,2022-01-31 20:30:00,2022,1,31,20,30,22,22225,D5,48.546321,-3.132334,Nuit avec éclairage allumé,Hors agglomération,Intersection en X,Normale,Deux véhicules - frontale,3,1,2,0,1,1,1,0,1,50,2,3,2,0,0,1,28.0,24.0,voiture,voiture,5,1,2,1,1
202200020603,2022-05-26 19:05:00,2022,5,26,19,5,29,29282,D28 - Kerjean,48.365338,-4.74575,Plein jour,Hors agglomération,Hors intersection,Normale,Deux véhicules - frontale,3,2,2,0,2,3,1,0,1,80,2,2,1,0,1,0,24.0,62.0,deux_roues,voiture,1,1,1,1,1
202200020604,2022-07-26 16:45:00,2022,7,26,16,45,14,14437,N814,49.17353,-0.30921,Plein jour,Hors agglomération,Hors intersection,Normale,Trois véhicules et plus - en chaîne,2,1,2,0,1,1,1,0,1,90,3,5,0,0,2,3,26.0,67.0,voiture,voiture,1,1,1,1,4
202200020605,2022-05-26 15:27:00,2022,5,26,15,27,29,29170,Hent An Dour Ruz,47.945988,-4.146599,Plein jour,Hors agglomération,Intersection en T,Normale,Deux véhicules - frontale,4,2,2,0,1,1,1,5,1,80,2,2,1,0,0,1,65.0,17.0,voiture,deux_roues,1,1,3,1,1
202200020606,2022-01-27 08:05:00,2022,1,27,8,5,54,54459,Autoroute A 330,48.604805,6.173507,Plein jour,Hors agglomération,Hors intersection,Normale,Deux véhicules - arrière,1,3,4,0,1,1,2,0,1,110,2,3,2,0,0,1,35.0,51.0,voiture,voiture,1,1,1,1,2
202200020607,2022-07-26 18:00:00,2022,7,26,18,0,13,13002,7 RMENT DE TIRAILLEURS ALGERIENS (AVENUE,43.3383769679,5.4675954581,Plein jour,En agglomération,Hors intersection,Normale,,3,2,2,0,1,1,1,0,1,50,1,2,0,0,1,1,32.0,,deux_roues,,1,2,1,1,-1
202200020608,2022-04-27 07:55:00,2022,4,27,7,55,38,38399,D518,45.502407,5.129199,Plein jour,En agglomération,Intersection en X,Normale,Deux véhicules - côté,3,2,2,0,1,1,1,5,1,70,2,2,1,0,1,0,41.0,51.0,deux_roues,voiture,1,2,2,1,3
202200020609,2022-01-28 19:35:00,2022,1,28,19,35,59,59462,AUTOROUTE A1,50.5047703322,3.0173483491,Nuit sans éclairage public,Hors agglomération,Hors intersection,Normale,Autre collision,1,3,6,0,1,1,1,0,1,130,1,2,1,0,1,0,44.0,,voiture,,3,1,1,1,6
202200020610,2022-07-26 16:15:00,2022,7,26,16,15,11,11069,Rue Joseph - Francois Dupleix,43.21124,2.32655,Plein jour,En agglomération,Intersection en X,Normale,Deux véhicules - côté,3,1,2,0,1,1,1,0,1,50,2,2,1,0,1,0,71.0,77.0,voiture,voiture,1,2,2,1,3
202200020611,2022-05-25 12:40:00,2022,5,25,12,40,02,02613,1 Route de Guignicourt,49.407769,3.821231,Plein jour,En agglomération,Autre intersection,Normale,Deux véhicules - côté,3,2,2,0,1,1,1,0,1,50,2,2,1,1,0,0,9.0,22.0,deux_roues,voiture,1,2,9,1,3
202200020612,2022-07-26 18:25:00,2022,7,26,18,25,05,05061,FAURE DU  SERRE ( RUE ),44.56131,6.08119,Plein jour,En agglomération,Hors intersection,Normale,Autre collision,3,1,2,0,1,1,1,0,1,50,1,2,1,0,1,0,50.0,,voiture,,1,2,1,1,6
202200020613,2022-01-31 10:21:00,2022,1,31,10,21,78,78238,A13,48.969138,1.86398,Plein jour,Hors agglomération,Hors intersection,Normale,Deux véhicules - côté,1,3,3,0,1,1,1,0,1,110,2,2,1,0,0,1,41.0,25.0,utilitaire_camion,voiture,1,1,1,1,3
202200020614,2022-05-25 20:36:00,2022,5,25,20,36,03,03014,D212,46.337392,3.942938,Plein jour,Hors agglomération,Hors intersection,Temps éblouissant,Autre collision,3,2,2,0,1,2,1,0,3,90,1,2,1,0,1,0,33.0,,voiture,,1,1,1,7,6
202200020615,2022-07-25 12:40:00,2022,7,25,12,40,04,04112,ROBERT (CH.DE),43.81586,5.79151,Plein jour,En agglomération,Intersection en Y,Normale,Deux véhicules - arrière,4,2,1,0,1,3,1,0,1,70,2,2,1,0,0,1,44.0,64.0,voiture,deux_roues,1,2,4,1,2
202200020616,2022-01-31 04:45:00,2022,1,31,4,45,92,92063,A86,48.8888475181,2.168232738,Nuit avec éclairage allumé,Hors agglomération,Hors intersection,Temps couvert,Autre collision,1,1,3,0,1,1,2,2,1,90,1,1,0,0,1,0,28.0,,voiture,,5,1,1,8,6
202200020617,2022-05-25 00:20:00,2022,5,25,0,20,15,15092,D922,45.447329,2.542187,Nuit sans éclairage public,Hors agglomération,Hors intersection,Normale,Autre collision,3,2,2,0,1,1,1,0,3,90,1,1,0,0,1,0,22.0,,voiture,,3,1,1,1,6
202200020618,2022-05-18 12:50:00,2022,5,18,12,50,15,15066,La chaze,45.140633,2.646959,Plein jour,Hors agglomération,Hors intersection,Normale,Sans collision,3,2,2,0,2,3,1,2,1,90,1,1,0,0,0,1,10.0,,deux_roues,,1,1,1,1,7
202200020619,2022-07-24 13:30:00,2022,7,24,13,30,75,75120,PORTE DE VINCENNES,48.848316,2.414768,Plein jour,En agglomération,Hors intersection,Normale,Deux véhicules - arrière,4,1,4,0,1,1,1,0,1,70,2,2,1,0,0,1,34.0,51.0,voiture,voiture,1,2,1,1,2
202200020620,2022-07-25 20:40:00,2022,7,25,20,40,75,75105,RUE PIERRE NICOLE,48.840546,2.339333,Crépuscule ou aube,En agglomération,Hors intersection,Normale,Sans collision,4,1,1,0,1,1,1,0,1,30,1,1,0,0,1,0,35.0,,deux_roues,,2,2,1,1,7
202200020621,2022-01-30 04:30:00,2022,1,30,4,30,78,78466,A13,48.925546,1.997399,Nuit avec éclairage allumé,Hors agglomération,Hors intersection,Temps couvert,Deux véhicules - frontale,1,1,2,0,1,3,2,0,1,110,2,5,1,0,1,3,45.0,22.0,utilitaire_camion,voiture,5,1,1,8,1
202200020622,2022-05-26 08:25:00,2022,5,26,8,25,70,70196,D14,47.834487,6.21305,Plein jour,En agglomération,Hors intersection,Normale,Deux véhicules - frontale,3,2,2,0,1,3,1,0,1,50,2,2,1,1,0,0,29.0,52.0,deux_roues,voiture,1,2,1,1,1
202200020623,2022-07-26 19:20:00,2022,7,26,19,20,75,75120,BOULEVARD MORTIER,48.875355,2.407537,Plein jour,En agglomération,Intersection en X,Normale,Deux véhicules - côté,4,2,2,1,1,1,1,5,1,30,2,4,2,0,0,2,71.0,45.0,voiture,utilitaire_camion,1,2,2,1,3
202200020624,2022-07-26 03:42:00,2022,7,26,3,42,75,75119,PLACE DE LA BATAILLE DE STALINGRAD,48.882786,2.370272,Nuit avec éclairage allumé,En agglomération,Place,Normale,Deux véhicules - arrière,4,1,2,2,1,2,1,0,1,30,2,2,1,0,0,1,26.0,36.0,deux_roues,deux_roues,5,2,7,1,2
202200020625,2022-07-26 07:30:00,2022,7,26,7,30,75,75118,AVENUE DE LA PORTE DE CLIGNANCOURT,48.898873,2.344186,Plein jour,En agglomération,Hors intersection,Normale,Deux véhicules - arrière,4,1,3,1,1,1,1,0,1,30,2,5,4,0,0,1,35.0,39.0,utilitaire_camion,voiture,1,2,1,1,2
202200020626,2022-01-31 09:15:00,2022,1,31,9,15,93,93066,AUTOROUTE A1,48.9307730768,2.3665103285,Plein jour,Hors agglomération,Hors intersection,Normale,Deux véhicules - frontale,1,3,6,0,1,1,1,0,1,90,2,3,1,0,0,2,28.0,42.0,voiture,deux_roues,1,1,1,1,1
202200020627,2022-07-26 10:50:00,2022,7,26,10,50,75,75116,AVENUE KLEBER,48.86851,2.291021,Plein jour,En agglomération,Hors intersection,Normale,Deux véhicules - côté,4,2,3,0,1,1,1,0,1,30,2,2,1,0,0,1,25.0,32.0,deux_roues,voiture,1,2,1,1,3
202200020628,2022-07-25 16:05:00,2022,7,25,16,5,75,75116,RUE DU RANELAGH,48.853301,2.278945,Plein jour,En agglomération,Hors intersection,Normale,Autre collision,4,1,1,1,2,1,1,0,1,30,1,2,1,0,0,1,32.0,,voiture,,1,2,1,1,6
202200020629,2022-05-25 16:35:00,2022,5,25,16,35,26,26365,D538,44.77709,5.021496,Plein jour,Hors agglomération,Hors intersection,Normale,Trois véhicules et plus - collisions multiples,3,2,2,0,3,2,1,0,1,80,3,29,25,1,0,3,42.0,45.0,voiture,transport_commun,1,1,1,1,5
202200020630,2022-07-25 22:35:00,2022,7,25,22,35,75,75115,QUAI BRANLY,48.855315,2.289579,Nuit avec éclairage allumé,En agglomération,Intersection en Y,Normale,Deux véhicules - côté,4,2,3,0,1,3,1,0,1,30,2,4,2,0,0,2,33.0,20.0,deux_roues,voiture,5,2,4,1,3
202200020631,2022-01-31 14:00:00,2022,1,31,14,0,77,77146,A4,48.8314,2.6432,Plein jour,Hors agglomération,Hors intersection,Normale,Trois véhicules et plus - en chaîne,1,3,6,0,1,1,1,0,1,90,3,3,2,0,0,1,54.0,43.0,voiture,utilitaire_camion,1,1,1,1,4
202200020632,2022-07-25 22:50:00,2022,7,25,22,50,75,75115,RUE LOUIS ARMAND,48.833055,2.277909,Nuit avec éclairage allumé,En agglomération,Hors intersection,Normale,Deux véhicules - arrière,4,2,2,0,1,1,1,0,1,30,2,2,0,0,0,2,26.0,28.0,deux_roues,deux_roues,5,2,1,1,2
202200020633,2022-05-25 10:15:00,2022,5,25,10,15,54,54146,Route départementale 674,48.5792334696,5.8875775339,Plein jour,Hors agglomération,Intersection en Y,Normale,Deux véhicules - arrière,3,2,2,0,4,1,1,0,1,80,2,5,0,0,1,4,27.0,31.0,voiture,voiture,1,1,4,1,2
202200020634,2022-05-23 14:35:00,2022,5,23,14,35,06,06007,Route de Grasse,43.618578,6.921912,Plein jour,Hors agglomération,Hors intersection,Normale,Autre collision,3,2,2,0,2,1,1,0,1,70,1,1,0,0,0,1,22.0,,voiture,,1,1,1,1,6