accident_id,datetime,annee,mois,jour,heure,minute,departement,commune_insee,adresse,latitude,longitude,luminosite,agglomeration,intersection,meteo,collision,catr,circ,nbv,vosp,prof,plan,surf,infra,situ,vma,nb_vehicules,nb_usagers,nb_indemnes,nb_tues,nb_blesses_hosp,nb_blesses_legers,age_cond_1,age_cond_2,veh_type_cond_1,veh_type_cond_2,lum_code,agg_code,int_code,atm_code,col_code
202200020728,2022-07-27 05:30:00,2022,7,27,5,30,13,13051,RD 113 PR 29+500,43.571266,5.15203,Crépuscule ou aube,Hors agglomération,Hors intersection,Normale,Deux véhicules - frontale,3,2,4,0,2,1,1,0,1,-1,2,2,1,1,0,0,28.0,49.0,voiture,voiture,2,1,1,1,1
202200020729,2022-05-25 02:50:00,2022,5,25,2,50,71,71026,Intersection RD418/RD906,46.663671,4.866053,Nuit sans éclairage public,Hors agglomération,Intersection en T,Normale,Deux véhicules - côté,3,2,2,0,1,1,1,5,8,80,2,2,1,0,0,1,21.0,35.0,deux_roues,voiture,3,1,3,1,3
202200020730,2022-07-26 17:10:00,2022,7,26,17,10,33,33382,"Autoroute A10, PK513+200, sens PARIS/BORDEAUX",45.12616,-0.485697,Plein jour,Hors agglomération,Hors intersection,Normale,Deux véhicules - arrière,1,3,4,0,1,1,1,0,1,130,2,3,1,0,0,2,72.0,45.0,voiture,utilitaire_camion,1,1,1,1,2
202200020731,2022-07-25 17:25:00,2022,7,25,17,25,06,06088,"Autoroute A8, bretelle d'entrée NICE Ouest",43.671162,7.203378,Plein jour,Hors agglomération,Hors intersection,Normale,Deux véhicules - côté,1,-1,2,0,1,2,1,3,1,50,2,2,1,0,0,1,36.0,59.0,deux_roues,voiture,1,1,1,1,3
202200020732,2022-05-23 05:20:00,2022,5,23,5,20,21,21622,Route de Tart l Abbaye,47.198439,5.22446,Crépuscule ou aube,Hors agglomération,Hors intersection,Normale,Deux véhicules - frontale,3,2,2,0,1,1,1,0,1,80,2,2,1,0,1,0,47.0,22.0,utilitaire_camion,deux_roues,2,1,1,1,1
202200020733,2022-07-27 01:50:00,2022,7,27,1,50,13,13037,Autoroute A8 Pk 1+100 Direction Lyon,43.555749,5.231693,Nuit sans éclairage public,Hors agglomération,Hors intersection,Normale,Deux véhicules - frontale,1,1,5,3,2,3,1,3,1,130,1,1,0,0,1,0,56.0,,utilitaire_camion,,3,1,1,1,1
202200020734,2022-05-23 17:50:00,2022,5,23,17,50,68,68193,Rue Principale,48.034084,7.113991,Plein jour,En agglomération,Hors intersection,Pluie légère,Sans collision,3,2,2,0,1,1,2,0,3,50,1,1,0,0,0,1,42.0,,voiture,,1,2,1,2,7
202200020735,2022-07-26 08:20:00,2022,7,26,8,20,987,98724,Fitii,-16.740996,-151.028903,Plein jour,Hors agglomération,Hors intersection,Temps couvert,Autre collision,2,2,2,0,2,1,2,8,3,30,1,1,0,0,1,0,51.0,,voiture,,1,1,1,8,6
202200020736,2022-05-25 22:17:00,2022,5,25,22,17,67,67192,D5,48.344199,7.642064,Nuit sans éclairage public,Hors agglomération,Hors intersection,Normale,Sans collision,3,2,2,0,1,1,1,0,1,80,1,2,0,0,2,0,21.0,,deux_roues,,3,1,1,1,7
202200020737,2022-07-27 04:45:00,2022,7,27,4,45,988,98822,RT3 - Hauteur hôpital,-20.936902,165.337436,Nuit avec éclairage allumé,En agglomération,Hors intersection,Normale,Autre collision,2,2,2,0,1,1,1,0,1,50,1,2,1,1,0,0,39.0,,utilitaire_camion,,5,2,1,1,6
202200020738,2022-07-15 15:20:00,2022,7,15,15,20,971,97125,Chemin de Pombiray,16.278084,-61.301908,Plein jour,Hors agglomération,Intersection en X,Pluie légère,Deux véhicules - côté,4,2,2,0,1,1,2,0,1,90,2,3,0,0,1,2,38.0,47.0,voiture,voiture,1,1,2,2,3
202200020739,2022-05-25 13:07:00,2022,5,25,13,7,38,38054,D52,45.780574,5.441945,Plein jour,En agglomération,Intersection en X,Normale,Autre collision,3,2,2,0,1,2,1,0,1,50,2,2,1,0,1,0,17.0,51.0,deux_roues,transport_commun,1,2,2,1,6
202200020740,2022-05-23 17:15:00,2022,5,23,17,15,07,07034,,44.368709,4.52081,Plein jour,Hors agglomération,Hors intersection,Normale,Sans collision,3,2,2,0,1,2,1,0,1,80,1,1,0,0,1,0,17.0,,deux_roues,,1,1,1,1,7
202200020741,2022-07-26 21:30:00,2022,7,26,21,30,77,77217,Rue Saint Medard,48.681037,2.670338,Crépuscule ou aube,En agglomération,Hors intersection,Normale,Autre collision,4,2,2,0,1,1,1,0,1,50,1,5,4,0,1,0,49.0,,utilitaire_camion,,2,2,1,1,6
202200020742,2022-07-26 13:45:00,2022,7,26,13,45,78,78513,Nationale 12,48.799345,1.747196,Plein jour,Hors agglomération,Hors intersection,Normale,Sans collision,2,1,4,0,1,1,1,0,3,110,1,1,0,0,1,0,71.0,,utilitaire_camion,,1,1,1,1,7
202200020743,2022-05-25 08:10:00,2022,5,25,8,10,31,31395,Avenue Jacques Douzans,43.467546,1.327999,Plein jour,En agglomération,Hors intersection,Normale,Autre collision,3,2,1,2,1,1,1,0,1,50,1,2,1,0,1,0,73.0,,voiture,,1,2,1,1,6
202200020744,2022-07-27 01:00:00,2022,7,27,1,0,78,78107,Rue René Dhal,48.945871,1.514944,Nuit sans éclairage public,Hors agglomération,Hors intersection,Normale,Sans collision,3,2,2,0,1,1,1,0,8,80,1,1,0,1,0,0,39.0,,voiture,,3,1,1,1,7
202200020745,2022-05-25 10:35:00,2022,5,25,10,35,16,16163,N141,45.6710278468,-0.0058445334,Plein jour,Hors agglomération,Hors intersection,Temps éblouissant,Deux véhicules - frontale,2,2,2,0,1,1,1,0,1,80,2,2,0,0,1,1,27.0,29.0,voiture,voiture,1,1,1,7,1
202200020746,2022-07-26 19:00:00,2022,7,26,19,0,34,34157,Rue Berthe Morisot,43.425092,3.604213,Plein jour,En agglomération,Hors intersection,Normale,Deux véhicules - frontale,4,2,2,0,1,2,1,0,1,50,2,2,1,0,1,0,57.0,73.0,voiture,deux_roues,1,2,1,1,1
202200020747,2022-07-27 12:10:00,2022,7,27,12,10,84,84081,Route de Realpanier,43.953506,4.890997,Plein jour,En agglomération,Hors intersection,Normale,Deux véhicules - frontale,3,2,2,0,1,1,1,0,1,50,2,2,1,1,0,0,58.0,55.0,utilitaire_camion,voiture,1,2,1,1,1
202200020748,2022-05-20 07:40:00,2022,5,20,7,40,86,86115,Rue de la Roche,46.706317,0.359566,Plein jour,En agglomération,Intersection en Y,Normale,Deux véhicules - côté,3,2,2,0,1,1,1,0,1,50,2,2,1,0,0,1,54.0,55.0,deux_roues,utilitaire_camion,1,2,4,1,3
202200020749,2022-07-22 12:00:00,2022,7,22,12,0,06,06075,1541 Avenue Felix Faure,43.834148,7.251102,Plein jour,En agglomération,Hors intersection,Normale,Sans collision,7,2,2,0,2,4,1,0,1,50,1,1,0,0,1,0,67.0,,deux_roues,,1,2,1,1,7
202200020750,2022-05-25 14:00:00,2022,5,25,14,0,64,64060,Route d Artiguelouve,43.3136770168,-0.4527018964,Plein jour,En agglomération,Intersection en T,Normale,Deux véhicules - côté,3,2,2,0,1,1,1,0,1,50,2,2,1,0,1,0,,76.0,voiture,voiture,1,2,3,1,3
202200020751,2022-07-26 18:20:00,2022,7,26,18,20,17,17163,Chez Dubois,45.379323,-0.375752,Plein jour,Hors agglomération,Intersection en X,Normale,Deux véhicules - côté,3,2,2,0,1,1,1,5,1,80,2,2,1,1,0,0,86.0,20.0,voiture,deux_roues,1,1,2,1,3
202200020752,2022-07-25 16:25:00,2022,7,25,16,25,22,22162,Chemin du Lédano,48.776036,-3.099684,Plein jour,Hors agglomération,Hors intersection,Normale,Deux véhicules - côté,3,2,2,0,1,3,1,0,1,80,2,8,1,0,1,6,25.0,36.0,autre,utilitaire_camion,1,1,1,1,3
202200020753,2022-05-23 16:45:00,2022,5,23,16,45,974,97407,BELLA KUN (RUE) - RIV. DES GALETS ,-20.96308,55.31832,Plein jour,En agglomération,Hors intersection,Normale,Autre collision,4,1,1,0,1,1,1,9,1,50,1,2,1,0,0,1,85.0,,voiture,,1,2,1,1,6
202200020754,2022-07-27 07:40:00,2022,7,27,7,40,35,35257,Rue Charles de Gaulle,48.40304,-1.325803,Plein jour,En agglomération,Hors intersection,Normale,Deux véhicules - côté,3,2,2,0,1,1,1,9,1,30,2,2,1,0,1,0,56.0,52.0,deux_roues,utilitaire_camion,1,2,1,1,3
202200020755,2022-03-02 16:50:00,2022,3,2,16,50,973,97302,ARON (ANDRE),4.94264,-52.31991,Plein jour,En agglomération,Hors intersection,Pluie légère,Sans collision,3,2,2,0,1,1,3,0,1,50,1,1,0,0,0,1,42.0,,deux_roues,,1,2,1,2,7
202200020756,2022-03-27 20:10:00,2022,3,27,20,10,973,97302,GALMOT (ROND-POINT),4.93264,-52.32633,Nuit avec éclairage allumé,En agglomération,Autre intersection,Normale,Sans collision,3,2,4,0,1,1,1,0,1,50,1,1,0,0,0,1,53.0,,deux_roues,,5,2,9,1,7
202200020757,2022-07-27 14:40:00,2022,7,27,14,40,62,62680,D39,50.377875,2.975922,Plein jour,Hors agglomération,Hors intersection,Normale,Trois véhicules et plus - collisions multiples,3,2,2,0,2,3,1,0,1,80,3,3,1,0,0,2,61.0,41.0,deux_roues,voiture,1,1,1,1,5
202200020758,2022-03-27 19:15:00,2022,3,27,19,15,973,97302,,4.90267,-52.31406,Nuit sans éclairage public,Hors agglomération,Hors intersection,Normale,Sans collision,3,2,4,0,1,1,1,0,1,90,1,1,0,0,0,1,25.0,,deux_roues,,3,1,1,1,7
202200020759,2022-07-26 06:38:00,2022,7,26,6,38,13,13005,A50-Sens Marseille vers Aubagne,43.27547,5.58806,Plein jour,Hors agglomération,Hors intersection,Normale,Deux véhicules - arrière,1,3,4,0,1,3,1,0,1,110,2,2,1,0,0,1,20.0,55.0,voiture,voiture,1,1,1,1,2
202200020760,2022-07-26 07:02:00,2022,7,26,7,2,13,13071,A5502G-sens Martigues vers A7-Marseille,43.40094,5.29868,Plein jour,Hors agglomération,Hors intersection,Normale,Trois véhicules et plus - collisions multiples,1,1,2,0,1,1,1,0,1,110,1,1,0,0,1,0,26.0,,voiture,,1,1,1,1,5
202200020761,2022-02-22 08:55:00,2022,2,22,8,55,973,97302,TIGRE (ROUTE DU),4.90597,-52.30488,Plein jour,Hors agglomération,Intersection en T,Pluie forte,Deux véhicules - côté,3,2,2,0,1,1,2,5,1,50,2,2,1,0,0,1,30.0,27.0,utilitaire_camion,deux_roues,1,1,3,3,3
202200020762,2022-07-26 16:50:00,2022,7,26,16,50,83,83137,A57,43.122349,5.955783,Plein jour,En agglomération,Hors intersection,Normale,Deux véhicules - arrière,1,1,3,0,2,1,1,0,1,70,2,2,1,0,0,1,29.0,37.0,voiture,voiture,1,2,1,1,2
202200020763,2022-02-07 08:15:00,2022,2,7,8,15,973,97302,MONTABO (ROUTE DE) 2,4.9395164642,-52.301042676,Plein jour,En agglomération,Intersection en T,Normale,Deux véhicules - côté,3,2,2,0,2,1,1,0,1,70,2,2,1,0,0,1,21.0,53.0,voiture,deux_roues,1,2,3,1,3
202200020764,2022-07-26 18:30:00,2022,7,26,18,30,33,33550,AUTOROUTE A 62,44.760004,-0.546567,Plein jour,Hors agglomération,Hors intersection,Normale,Autre collision,1,3,4,0,1,1,1,0,1,130,1,1,0,0,0,1,50.0,,utilitaire_camion,,1,1,1,1,6
202200020765,2022-07-26 18:40:00,2022,7,26,18,40,92,92060,RN 385 Extèrieure,48.7740663007,2.2410281628,Plein jour,Hors agglomération,Hors intersection,Normale,Deux véhicules - côté,2,-1,2,0,1,1,1,0,1,90,2,2,1,0,0,1,25.0,21.0,deux_roues,voiture,1,1,1,1,3
202200020766,2022-05-24 13:20:00,2022,5,24,13,20,973,97302,FELIX EBOUE (Rue),4.93837,-52.32819,Plein jour,En agglomération,Intersection en X,Normale,Deux véhicules - côté,4,1,1,0,1,1,1,0,1,50,2,3,2,0,0,1,21.0,66.0,voiture,voiture,1,2,2,1,3
202200020767,2022-07-26 18:25:00,2022,7,26,18,25,94,94021,AUTOROUTE A6B,48.7609654233,2.338936039,Plein jour,Hors agglomération,Hors intersection,Normale,Autre collision,1,1,2,0,1,1,1,0,1,110,1,1,0,0,0,1,53.0,,deux_roues,,1,1,1,1,6
202200020768,2022-05-23 21:35:00,2022,5,23,21,35,973,97302,MONTABO (ROUTE DE) 1,4.9423811077,-52.3054683208,Nuit avec éclairage allumé,En agglomération,Hors intersection,Normale,Deux véhicules - côté,3,2,2,0,1,1,1,0,1,50,2,3,1,0,0,2,21.0,20.0,deux_roues,voiture,5,2,1,1,3
202200020769,2022-07-26 09:55:00,2022,7,26,9,55,91,91689,AUTOROUTE A6,48.73011,2.31418,Plein jour,Hors agglomération,Hors intersection,Normale,Deux véhicules - arrière,1,3,6,0,1,1,1,0,1,110,2,3,1,0,0,2,20.0,45.0,voiture,utilitaire_camion,1,1,1,1,2
202200020770,2022-05-23 18:40:00,2022,5,23,18,40,973,97302,ZEPHIR (ROCADE),4.9367693881,-52.3071956635,Nuit avec éclairage allumé,En agglomération,Autre intersection,Normale,Deux véhicules - arrière,3,2,2,0,1,1,1,9,1,30,2,2,0,0,0,2,25.0,39.0,voiture,voiture,5,2,9,1,2
202200020771,2022-07-26 08:15:00,2022,7,26,8,15,91,91617,RN 104 INT / RN 6 PARIS,48.63179,2.5179,Plein jour,Hors agglomération,Hors intersection,Normale,Trois véhicules et plus - en chaîne,2,1,2,0,1,1,1,0,1,110,4,4,2,0,0,2,54.0,55.0,voiture,utilitaire_camion,1,1,1,1,4
202200020772,2022-07-26 00:00:00,2022,7,26,0,0,91,91687,AUTOROUTE A6,48.66015,2.37232,Nuit sans éclairage public,Hors agglomération,Hors intersection,Normale,Sans collision,1,1,3,0,1,1,1,0,1,110,1,2,1,0,0,1,,,voiture,,3,1,1,1,7
202200020773,2022-05-25 23:20:00,2022,5,25,23,20,69,69387,Rue Jaboulay,45.74777,4.83965,Nuit avec éclairage allumé,En agglomération,Intersection en X,Normale,Deux véhicules - côté,4,1,1,0,1,1,1,0,1,30,2,2,1,0,0,1,19.0,19.0,voiture,voiture,5,2,2,1,3
202200020774,2022-07-25 21:00:00,2022,7,25,21,0,91,91521,RD 310,48.64129,2.39377,Plein jour,Hors agglomération,Hors intersection,Normale,Sans collision,3,1,1,0,1,1,1,8,1,70,1,1,0,0,0,1,44.0,,deux_roues,,1,1,1,1,7
202200020775,2022-05-25 18:40:00,2022,5,25,18,40,69,69387,Rue de l'Université,45.75073,4.83949,Plein jour,En agglomération,Intersection en X,Normale,Deux véhicules - côté,4,1,3,3,1,1,1,0,1,50,2,2,1,0,0,1,29.0,22.0,deux_roues,deux_roues,1,2,2,1,3
202200020776,2022-07-25 19:00:00,2022,7,25,19,0,91,91228,RN 104,48.61959,2.42568,Plein jour,Hors agglomération,Hors intersection,Normale,Trois véhicules et plus - en chaîne,2,3,3,0,1,1,1,0,1,70,3,4,2,0,0,2,30.0,,deux_roues,utilitaire_camion,1,1,1,1,4
202200020777,2022-05-24 23:30:00,2022,5,24,23,30,69,69383,Quai Victor Augagneur,45.75818,4.84077,Nuit avec éclairage allumé,En agglomération,Hors intersection,Normale,Sans collision,4,2,3,1,1,1,1,0,5,30,1,1,0,0,1,0,26.0,,deux_roues,,5,2,1,1,7
202200020778,2022-07-26 18:35:00,2022,7,26,18,35,92,92025,A86,48.9254957669,2.2330475954,Plein jour,Hors agglomération,Hors intersection,Normale,Deux véhicules - côté,1,1,2,0,1,1,1,0,1,90,2,3,2,0,0,1,24.0,27.0,voiture,deux_roues,1,1,1,1,3
202200020779,2022-07-25 22:30:00,2022,7,25,22,30,75,75112,A4,48.8213702244,2.4616670609,Nuit sans éclairage public,Hors agglomération,Hors intersection,Normale,Autre collision,1,1, -1,0,1,2,1,0,1,90,1,1,0,0,0,1,43.0,,voiture,,3,1,1,1,6
202200020780,2022-05-24 23:20:00,2022,5,24,23,20,69,69388,Boulevard des Etats-Unis,45.7295957833,4.867998528,Nuit avec éclairage allumé,En agglomération,Intersection en T,Normale,Deux véhicules - côté,4,2,2,2,1,1,1,0,1,50,2,4,2,0,0,2,25.0,20.0,voiture,voiture,5,2,3,1,3
202200020781,2022-02-24 17:55:00,2022,2,24,17,55,14,14743,D16,49.172389,0.008647,Crépuscule ou aube,Hors agglomération,Hors intersection,Normale,Autre collision,3,2,2,0,1,1,1,0,1,80,2,2,1,0,0,1,32.0,33.0,voiture,voiture,2,1,1,1,6
202200020782,2022-05-24 22:45:00,2022,5,24,22,45,69,69383,Cours Lafayette,45.763643554,4.8694056273,Nuit avec éclairage allumé,En agglomération,Hors intersection,Normale,Sans collision,4,1,1,2,1,1,1,-1,1,30,1,1,0,0,0,1,22.0,,deux_roues,,5,2,1,1,7
202200020783,2022-07-25 15:00:00,2022,7,25,15,0,06,06030,MOULIN (BOULEVARD JEAN),43.5657,6.96504,Plein jour,En agglomération,Autre intersection,Normale,Autre collision,3,1,2,0,1,1,1,0,1,30,1,2,1,0,1,0,23.0,,voiture,,1,2,9,1,6
202200020784,2022-07-25 08:13:00,2022,7,25,8,13,94,94074,Avenue Julien Duranton,48.7654599952,2.4476370892,Plein jour,En agglomération,Hors intersection,Normale,Deux véhicules - côté,4,2,2,0,1,1,1,0,1,50,2,2,1,0,0,1,26.0,23.0,deux_roues,voiture,1,2,1,1,3
202200020785,2022-04-28 18:00:00,2022,4,28,18,0,57,57206,20 Rue du Général Henry,49.308018,6.105423,Plein jour,En agglomération,Hors intersection,Normale,Autre collision,4,2,2,0,1,3,1,0,4,50,1,1,0,0,1,0,28.0,,deux_roues,,1,2,1,1,6
202200020786,2022-05-24 17:30:00,2022,5,24,17,30,69,69259,Avenue Marcel Houel,45.69697,4.88753,Plein jour,En agglomération,Intersection en X,Normale,Deux véhicules - côté,7,2,2,2,1,1,1,0,1,50,2,3,0,0,0,3,20.0,21.0,voiture,voiture,1,2,2,1,3
202200020787,2022-04-16 11:15:00,2022,4,16,11,15,14,14487,D48,49.1785143992,0.2095947862,Plein jour,En agglomération,Intersection en X,Normale,Deux véhicules - côté,3,2,2,0,1,1,1,5,1,50,2,2,1,0,0,1,35.0,37.0,voiture,voiture,1,2,2,1,3
202200020788,2022-05-24 10:15:00,2022,5,24,10,15,69,69386,Rue de Créqui,45.76906,4.84603,Plein jour,En agglomération,Intersection en X,Normale,Deux véhicules - côté,4,1,1,2,1,1,1,0,1,30,2,2,1,0,0,1,94.0,22.0,voiture,deux_roues,1,2,2,1,3
202200020789,2022-03-28 14:10:00,2022,3,28,14,10,74,74012,BEULET (RUE DU),46.19134,6.242192,Plein jour,En agglomération,Autre intersection,Normale,Deux véhicules - côté,4,1,2,3,1,1,1,5,1,50,2,2,1,0,0,1,62.0,56.0,voiture,deux_roues,1,2,9,1,3
202200020790,2022-05-25 16:20:00,2022,5,25,16,20,972,97213,LONG BOIS (CHEMIN),14.63689,-60.99186,Plein jour,Hors agglomération,Hors intersection,Normale,Deux véhicules - frontale,3,2,2,0,1,1,1,0,1,70,2,2,1,0,0,1,40.0,31.0,voiture,voiture,1,1,1,1,1
202200020791,2022-03-09 07:46:00,2022,3,9,7,46,74,74012,ETREMBIERES (ROUTE D'),46.18796,6.23245,Plein jour,En agglomération,Hors intersection,Normale,Deux véhicules - arrière,4,2,3,0,2,1,1,0,1,50,2,2,1,0,0,1,33.0,31.0,voiture,deux_roues,1,2,1,1,2
202200020792,2022-07-25 14:00:00,2022,7,25,14,0,976,97611,tsoundzou-Baraka (rue),-12.80711,45.20711,Plein jour,En agglomération,Hors intersection,Normale,Deux véhicules - frontale,2,2,2,0,1,1,1,0,1,50,2,2,1,0,0,1,28.0,32.0,deux_roues,voiture,1,2,1,1,1
202200020793,2022-05-25 09:36:00,2022,5,25,9,36,972,97209,MOUTTE (ROUTE DE),14.62347,-61.0516,Plein jour,Hors agglomération,Intersection en T,Pluie légère,Deux véhicules - côté,4,-1,1,0,3,1,2,0,1,50,2,3,0,0,2,1,49.0,21.0,voiture,voiture,1,1,3,2,3
202200020794,2022-05-24 17:50:00,2022,5,24,17,50,972,97209,ROBERT ATTULY (BOULEVARD),14.60275,-61.07683,Nuit avec éclairage allumé,Hors agglomération,Hors intersection,Normale,Sans collision,2,2,2,0,2,3,1,0,4,50,1,1,0,0,1,0,53.0,,deux_roues,,5,1,1,1,7
202200020795,2022-07-25 08:50:00,2022,7,25,8,50,974,97416,MANDELA (ALLEE WINNIE),-21.31168,55.47277,Plein jour,En agglomération,Intersection en T,Normale,Autre collision,4,-1,2,0,1,1,1,0,1,50,1,2,1,0,0,1,23.0,,voiture,,1,2,3,1,6
202200020796,2022-07-23 12:50:00,2022,7,23,12,50,971,97105,Z.A.  CALBASSIER,16.004,-61.73879,Plein jour,En agglomération,Autre intersection,Normale,Deux véhicules - frontale,4,2,2,0,2,2,1,0,1,30,2,2,0,0,0,2,27.0,30.0,voiture,voiture,1,2,9,1,1
202200020797,2022-05-24 13:55:00,2022,5,24,13,55,69,69384,Rue Jacques-Louis Hénon,45.7795626822,4.8238231404,Plein jour,En agglomération,Intersection en X,Normale,Deux véhicules - frontale,4,2,2,0,1,1,1,0,1,30,2,2,1,0,1,0,59.0,64.0,utilitaire_camion,deux_roues,1,2,2,1,1
202200020798,2022-07-25 18:10:00,2022,7,25,18,10,91,91027,RTE NATIONALE 7,48.714,2.371,Plein jour,En agglomération,Hors intersection,Normale,Deux véhicules - côté,3,4,3,0,1,1,1,1,1,50,2,2,1,0,0,1,34.0,26.0,voiture,deux_roues,1,2,1,1,3
202200020799,2022-05-24 08:30:00,2022,5,24,8,30,69,69389,17 Avenue de Champagne,45.7897176986,4.7967191041,Plein jour,En agglomération,Hors intersection,Normale,Sans collision,4,2,2,1,2,1,1,0,1,50,1,1,0,0,0,1,48.0,,deux_roues,,1,2,1,1,7
202200020800,2022-07-25 12:50:00,2022,7,25,12,50,91,91027,AV FRANCOIS MITTERRAND,48.71187,2.37125,Plein jour,En agglomération,Hors intersection,Normale,Deux véhicules - arrière,3,1,3,0,1,1,1,0,1,50,2,2,0,0,0,2,61.0,37.0,voiture,deux_roues,1,2,1,1,2
202200020801,2022-05-24 18:44:00,2022,5,24,18,44,2B,2B120,11 - RT,42.6575753577,9.4415768897,Plein jour,Hors agglomération,Hors intersection,Normale,Deux véhicules - arrière,2,2,2,0,1,1,1,0,1,70,2,2,1,0,0,1,26.0,51.0,deux_roues,voiture,1,1,1,1,2
202200020802,2022-07-25 08:50:00,2022,7,25,8,50,91,91027,RUE JEAN MOULIN,48.71121,2.37574,Plein jour,En agglomération,Intersection en T,Normale,Deux véhicules - côté,4,2,2,0,1,1,1,0,1,50,2,2,1,0,0,1,32.0,21.0,voiture,voiture,1,2,3,1,3
202200020803,2022-05-21 22:31:00,2022,5,21,22,31,971,97101,RN11,16.27275,-61.5416,Nuit avec éclairage allumé,Hors agglomération,Hors intersection,Normale,Sans collision,2,1,2,0,1,1,1,0,1,90,1,1,0,1,0,0,27.0,,voiture,,5,1,1,1,7
202200020804,2022-07-24 21:32:00,2022,7,24,21,32,87,87085,GARIBALDI (AVENUE),45.83445,1.2609,Plein jour,En agglomération,Intersection en T,Normale,Deux véhicules - côté,4,2,2,0,1,1,1,5,1,30,2,3,1,0,0,2,20.0,19.0,voiture,voiture,1,2,3,1,3
202200020805,2022-05-25 17:00:00,2022,5,25,17,0,91,91103,RUE HENRI DOUARD,48.609338,2.312722,Plein jour,En agglomération,Hors intersection,Normale,Deux véhicules - côté,4,2,2,0,1,1,1,0,1,5,2,2,1,0,0,1,20.0,12.0,voiture,deux_roues,1,2,1,1,3
202200020806,2022-07-25 08:50:00,2022,7,25,8,50,77,77243,CARNOT (RUE),48.87875,2.69286,Plein jour,En agglomération,Hors intersection,Normale,Autre collision,4,1,1,0,1,1,1,0,1,50,1,1,0,0,0,1,52.0,,voiture,,1,2,1,1,6
202200020807,2022-05-24 10:50:00,2022,5,24,10,50,91,91201,BD HENRI BARBUSSE,48.674,2.412,Plein jour,En agglomération,Intersection en X,Normale,Deux véhicules - côté,3,2,3,0,1,1,1,0,1,50,2,2,0,0,0,2,58.0,42.0,transport_commun,deux_roues,1,2,2,1,3
202200020808,2022-03-21 01:13:00,2022,3,21,1,13,76,76540,Avenue du Grand Cours,49.4266,1.10435,Nuit avec éclairage allumé,En agglomération,Hors intersection,Normale,Deux véhicules - arrière,7,2,6,0,1,1,1,0,1,70,2,2,1,0,0,1,57.0,46.0,voiture,utilitaire_camion,5,2,1,1,2
202200020809,2022-05-24 08:31:00,2022,5,24,8,31,87,87085,TOULOUSE (RUE DE),45.81273,1.28117,Plein jour,En agglomération,Giratoire,Normale,Deux véhicules - côté,4,2,2,0,1,3,1,5,1,50,2,2,1,0,0,1,27.0,49.0,deux_roues,voiture,1,2,6,1,3
202200020810,2022-07-24 16:00:00,2022,7,24,16,0,76,76351,LOUIS EUDIER,49.48521,0.13038,Plein jour,En agglomération,Intersection en X,Normale,Deux véhicules - côté,4,2,2,0,1,1,1,0,1,50,2,2,1,0,0,1,46.0,34.0,deux_roues,voiture,1,2,2,1,3
202200020811,2022-07-22 23:43:00,2022,7,22,23,43,76,76576,SCHWOB JAMES (RUE),49.5516,0.4462,Nuit sans éclairage public,Hors agglomération,Hors intersection,Normale,Deux véhicules - côté,4,2,1,0,1,3,1,0,1,50,2,2,1,0,0,1,35.0,45.0,voiture,voiture,3,1,1,1,3
202200020812,2022-05-25 15:20:00,2022,5,25,15,20,83,83062,FOUX (CHEMIN),43.11976,6.02659,Plein jour,Hors agglomération,Hors intersection,Normale,Deux véhicules - côté,4,2,1,0,1,1,1,2,1,50,2,2,1,0,0,1,42.0,,deux_roues,utilitaire_camion,1,1,1,1,3
202200020813,2022-07-25 08:05:00,2022,7,25,8,5,67,67482,VOSGES (AVENUE DES),48.58954,7.75166,Plein jour,En agglomération,Intersection en T,Normale,Deux véhicules - côté,4,2,4,1,1,1,1,0,1,50,2,2,1,0,0,1,52.0,44.0,utilitaire_camion,deux_roues,1,2,3,1,3
202200020814,2022-05-24 08:30:00,2022,5,24,8,30,80,80021,DEFENSE PASSIVE (AVENUE DE LA),49.90732,2.3202,Plein jour,En agglomération,Hors intersection,Normale,Deux véhicules - côté,4,2,3,2,1,1,1,0,1,50,2,2,1,0,1,0,43.0,58.0,voiture,deux_roues,1,2,1,1,3
202200020815,2022-07-24 12:03:00,2022,7,24,12,3,66,66136,,42.70063,2.89104,Plein jour,En agglomération,Intersection en T,Normale,Autre collision,4,2,3,0,1,1,1,0,1,30,1,2,1,0,0,1,62.0,,voiture,,1,2,3,1,6
202200020816,2022-05-24 01:10:00,2022,5,24,1,10,78,78358,PELOUSE (AVENUE DE LA),48.958131,2.16909,Nuit avec éclairage allumé,En agglomération,Hors intersection,Pluie légère,Deux véhicules - côté,4,2,2,0,1,3,2,0,6,50,2,2,1,0,1,0,25.0,,voiture,,5,2,1,2,3
202200020817,2022-07-22 00:32:00,2022,7,22,0,32,66,66136,R D 900,42.67941,2.87993,Nuit avec éclairage allumé,En agglomération,Hors intersection,Normale,Deux véhicules - frontale,3,3,4,0,1,1,1,0,1,90,2,6,3,0,0,3,23.0,51.0,voiture,voiture,5,2,1,1,1
202200020818,2022-07-17 23:00:00,2022,7,17,23,0,64,64260,Boulevard de la Baie de Chingudy,43.36979,-1.77321,Nuit avec éclairage allumé,En agglomération,Hors intersection,Normale,Deux véhicules - côté,4,2,2,0,1,1,1,0,1,50,2,2,1,0,0,1,19.0,48.0,deux_roues,voiture,5,2,1,1,3
202200020819,2022-05-23 16:20:00,2022,5,23,16,20,78,78650,MONTESSON (ROUTE DE),48.8983,2.1154,Plein jour,En agglomération,Autre intersection,Temps couvert,Deux véhicules - côté,3,2,2,0,1,1,1,0,1,50,2,2,1,0,0,1,22.0,45.0,deux_roues,voiture,1,2,9,8,3