accident_id,datetime,annee,mois,jour,heure,minute,departement,commune_insee,adresse,latitude,longitude,luminosite,agglomeration,intersection,meteo,collision,catr,circ,nbv,vosp,prof,plan,surf,infra,situ,vma,nb_vehicules,nb_usagers,nb_indemnes,nb_tues,nb_blesses_hosp,nb_blesses_legers,age_cond_1,age_cond_2,veh_type_cond_1,veh_type_cond_2,lum_code,agg_code,int_code,atm_code,col_code
202200020912,2022-12-18 01:10:00,2022,12,18,1,10,17,17258,D148,45.504423,-0.404089,Nuit sans éclairage public,Hors agglomération,Hors intersection,Normale,Sans collision,3,2,2,0,2,3,1,0,1,80,1,2,1,0,1,0,30.0,,voiture,,3,1,1,1,7
202200020913,2022-05-13 13:30:00,2022,5,13,13,30,42,42218,Rue Michel Rondet,45.43792,4.38408,Plein jour,En agglomération,Intersection en T,Normale,Autre collision,4,1,1,0,1,1,1,0,1,50,1,2,1,0,1,0,19.0,,voiture,,1,2,3,1,6
202200020914,2022-12-20 17:50:00,2022,12,20,17,50,07,07217,d534,45.039612,4.716825,Nuit sans éclairage public,Hors agglomération,Intersection en X,Normale,Deux véhicules - côté,3,2,2,0,2,3,2,0,1,90,2,2,1,0,1,0,32.0,59.0,utilitaire_camion,voiture,3,1,2,1,3
202200020915,2022-12-17 18:55:00,2022,12,17,18,55,63,63113,A75,45.769574,3.139193,Nuit sans éclairage public,Hors agglomération,Hors intersection,Brouillard / fumée,Autre collision,1,3,6,0,1,1,1,0,1,110,2,2,1,0,1,0,65.0,53.0,voiture,voiture,3,1,1,5,6
202200020916,2022-03-24 07:55:00,2022,3,24,7,55,41,41047,CHAMPLOUET (RUE DE),47.60989,1.3542,Plein jour,En agglomération,Giratoire,Normale,Deux véhicules - côté,4,-1,1,0,1,1,1,0,1,30,2,3,1,0,0,2,18.0,39.0,deux_roues,voiture,1,2,6,1,3
202200020917,2022-11-28 07:03:00,2022,11,28,7,3,69,69143,Avenue Jean Christophe,45.877226,4.838544,Nuit avec éclairage allumé,En agglomération,Giratoire,Pluie forte,Autre collision,7,2,3,3,1,1,2,5,1,50,1,3,2,0,1,0,52.0,,transport_commun,,5,2,6,3,6
202200020918,2022-12-18 14:55:00,2022,12,18,14,55,83,83097,autoroute A8,43.481466884,5.732546357,Plein jour,Hors agglomération,Hors intersection,Normale,Deux véhicules - côté,1,2,3,0,1,1,1,0,1,-1,2,3,1,1,1,0,69.0,66.0,voiture,deux_roues,1,1,1,1,3
202200020919,2022-05-25 11:20:00,2022,5,25,11,20,38,38185,AVENUE FÉLIX VIALLET,45.19054,5.71688,Plein jour,En agglomération,Hors intersection,Normale,Autre collision,4,2,3,3,1,1,1,0,1,50,1,2,1,0,1,0,28.0,,voiture,,1,2,1,1,6
202200020920,2022-12-20 14:30:00,2022,12,20,14,30,59,59010,A26 PK 130.4 vers REIMS,50.151881,3.114023,Plein jour,Hors agglomération,Autre intersection,Pluie forte,Autre collision,1,1,2,0,2,1,2,0,2,130,1,1,0,1,0,0,75.0,,voiture,,1,1,9,3,6
202200020921,2022-12-20 19:00:00,2022,12,20,19,0,27,27375,A154,49.208963,1.181095,Nuit avec éclairage allumé,Hors agglomération,Hors intersection,Pluie légère,Deux véhicules - arrière,1,3,4,0,2,1,2,2,1,110,2,4,1,0,0,3,35.0,35.0,voiture,voiture,5,1,1,2,2
202200020922,2022-05-24 07:50:00,2022,5,24,7,50,38,38151,AVENUE SALVADOR ALLENDE,45.15628,5.72383,Plein jour,En agglomération,Hors intersection,Normale,Autre collision,4,2,2,0,1,1,1,0,1,30,1,2,1,0,0,1,61.0,,voiture,,1,2,1,1,6
202200020923,2022-12-18 17:00:00,2022,12,18,17,0,27,27003,RN 54,49.162687,1.17815,Crépuscule ou aube,Hors agglomération,Hors intersection,Pluie légère,Deux véhicules - côté,2,2,2,0,2,2,7,2,1,110,2,5,3,1,0,1,59.0,21.0,utilitaire_camion,voiture,2,1,1,2,3
202200020924,2022-05-25 12:25:00,2022,5,25,12,25,37,37233,CACHIN (RUE MARCEL),47.397089173,0.7412928343,Plein jour,En agglomération,Intersection en T,Normale,Autre collision,4,2,2,0,1,1,1,0,1,50,2,2,1,0,0,1,17.0,67.0,deux_roues,voiture,1,2,3,1,6
202200020925,2022-12-21 04:30:00,2022,12,21,4,30,13,13081,A7,43.49739,5.239019,Nuit sans éclairage public,Hors agglomération,Hors intersection,Pluie forte,Deux véhicules - arrière,1,3,4,0,1,1,2,0,1,130,4,4,2,0,2,0,22.0,35.0,voiture,voiture,3,1,1,3,2
202200020926,2022-05-24 08:30:00,2022,5,24,8,30,37,37122,RD 37,47.3407638879,0.6581443548,Plein jour,Hors agglomération,Hors intersection,Normale,Deux véhicules - arrière,7,3,6,0,1,1,1,0,1,90,2,3,2,0,0,1,21.0,41.0,utilitaire_camion,voiture,1,1,1,1,2
202200020927,2022-12-20 16:15:00,2022,12,20,16,15,69,69189,Route Départementale 386,45.517816,4.860635,Plein jour,Hors agglomération,Intersection en T,Normale,Deux véhicules - arrière,3,2,2,1,1,1,1,0,1,80,2,3,1,0,0,2,24.0,57.0,voiture,voiture,1,1,3,1,2
202200020928,2022-12-19 15:20:00,2022,12,19,15,20,11,11202,,42.849317,3.037156,Plein jour,Hors agglomération,Hors intersection,Normale,Deux véhicules - frontale,3,2,2,0,1,1,1,0,1,80,2,2,1,0,1,0,71.0,67.0,deux_roues,voiture,1,1,1,1,1
202200020929,2022-05-25 07:30:00,2022,5,25,7,30,35,35238,RN24,48.1059255261,-1.7331603169,Plein jour,En agglomération,Hors intersection,Normale,Deux véhicules - arrière,2,3,4,3,1,1,1,0,1,50,2,2,1,0,0,1,42.0,42.0,utilitaire_camion,utilitaire_camion,1,2,1,1,2
202200020930,2022-12-17 01:00:00,2022,12,17,1,0,987,98758,PK 1 EST,-16.744602,-151.459767,Nuit avec éclairage allumé,Hors agglomération,Hors intersection,Normale,Deux véhicules - frontale,2,2,2,0,1,3,1,0,3,40,1,1,0,0,1,0,30.0,,voiture,,5,1,1,1,1
202200020931,2022-05-24 16:55:00,2022,5,24,16,55,35,35051,MUGUET (RUE DU),48.1181641635,-1.6105679423,Plein jour,En agglomération,Hors intersection,Normale,Autre collision,4,2,2,0,1,1,1,0,8,50,1,2,1,0,0,1,82.0,,voiture,,1,2,1,1,6
202200020932,2022-12-19 15:00:00,2022,12,19,15,0,987,98722,pk 36+100,-17.592,-149.391,Plein jour,Hors agglomération,Hors intersection,Normale,Deux véhicules - frontale,3,2,1,0,1,1,1,0,3,60,1,1,0,1,0,0,61.0,,utilitaire_camion,,1,1,1,1,1
202200020933,2022-12-19 14:45:00,2022,12,19,14,45,988,98815,Mebuet (Tribu),-21.536733,167.8675,Plein jour,Hors agglomération,Hors intersection,Normale,Autre collision,4,2,2,0,3,1,1,0,1,90,1,3,2,1,0,0,40.0,,utilitaire_camion,,1,1,1,1,6
202200020934,2022-05-24 15:00:00,2022,5,24,15,0,35,35051,N136,48.1451192637,-1.618514657,Plein jour,Hors agglomération,Hors intersection,Normale,Deux véhicules - côté,2,3,6,0,1,1,1,0,1,90,2,2,1,0,0,1,32.0,21.0,utilitaire_camion,voiture,1,1,1,1,3
202200020935,2022-12-18 07:30:00,2022,12,18,7,30,988,98817,Route du vallon dore - A hauteur du N°1694,-22.2761,166.57303,Plein jour,En agglomération,Hors intersection,Normale,Autre collision,3,2,2,0,1,1,1,0,8,-1,1,2,0,0,2,0,45.0,,utilitaire_camion,,1,2,1,1,6
202200020936,2022-05-24 05:15:00,2022,5,24,5,15,34,34129,Avenue Georges Freche,43.59072,3.9091,Nuit avec éclairage allumé,Hors agglomération,Hors intersection,Normale,Autre collision,4,3,4,0,1,1,1,0,4,50,1,1,0,0,1,0,34.0,,voiture,,5,1,1,1,6
202200020937,2022-12-19 13:10:00,2022,12,19,13,10,974,97404,Avenue de l'Océan,-21.26518,55.335517,Plein jour,En agglomération,Hors intersection,Normale,Autre collision,3,2,2,0,1,1,1,0,1,50,1,2,1,0,1,0,57.0,,transport_commun,,1,2,1,1,6
202200020938,2022-12-21 16:05:00,2022,12,21,16,5,974,97415,N1a,-21.061809,55.223309,Plein jour,Hors agglomération,Hors intersection,Normale,Deux véhicules - côté,2,2,2,2,1,1,1,0,1,70,2,2,1,0,1,0,63.0,49.0,deux_roues,deux_roues,1,1,1,1,3
202200020939,2022-12-22 09:05:00,2022,12,22,9,5,974,97408,115 Rue Mahatma Gandhi,-20.944211,55.328524,Plein jour,En agglomération,Hors intersection,Normale,Deux véhicules - côté,2,2,2,1,1,1,1,0,1,50,2,2,1,0,1,0,20.0,17.0,voiture,deux_roues,1,2,1,1,3
202200020940,2022-04-16 18:15:00,2022,4,16,18,15,34,34003,RD612,43.30400415,3.4535301694,Plein jour,Hors agglomération,Hors intersection,Normale,Trois véhicules et plus - en chaîne,3,2,2,0,1,1,1,0,1,90,4,6,3,0,1,2,50.0,44.0,voiture,voiture,1,1,1,1,4
202200020941,2022-12-19 17:00:00,2022,12,19,17,0,45,45142,239 Route de la Mardelle,47.945643,2.166538,Crépuscule ou aube,Hors agglomération,Hors intersection,Temps couvert,Sans collision,4,2,2,0,1,4,9,0,8,80,1,1,0,0,1,0,65.0,,voiture,,2,1,1,8,7
202200020942,2022-03-11 17:50:00,2022,3,11,17,50,33,33192,AUTOROUTE A 63,44.782906,-0.632828,Plein jour,Hors agglomération,Hors intersection,Normale,Deux véhicules - arrière,1,3,4,0,1,1,2,0,1,90,2,2,1,0,0,1,20.0,25.0,voiture,voiture,1,1,1,1,2
202200020943,2022-05-25 00:25:00,2022,5,25,0,25,33,33063,Pont du Guit,44.82298,-0.55505,Nuit avec éclairage allumé,En agglomération,Hors intersection,Normale,Autre collision,4,2,2,0,2,3,1,2,4,30,1,4,0,0,0,4,20.0,,voiture,,5,2,1,1,6
202200020944,2022-12-19 10:00:00,2022,12,19,10,0,77,77171,D5,48.902523,2.812994,Plein jour,En agglomération,Intersection en X,Normale,Deux véhicules - arrière,3,2,2,1,2,1,2,5,1,50,2,3,2,0,0,1,30.0,51.0,utilitaire_camion,voiture,1,2,2,1,2
202200020945,2022-05-25 19:53:00,2022,5,25,19,53,31,31555,AV EDOUARD BELIN,43.56248,1.4812,Plein jour,En agglomération,Hors intersection,Normale,Autre collision,4,2,4,0,1,3,1,5,1,50,1,2,1,0,1,0,25.0,,voiture,,1,2,1,1,6
202200020946,2022-03-11 17:45:00,2022,3,11,17,45,33,33063,ROCADE A 630,44.8801,-0.53832,Plein jour,Hors agglomération,Hors intersection,Normale,Trois véhicules et plus - en chaîne,1,3,6,0,2,1,1,2,1,70,3,3,2,0,0,1,21.0,22.0,voiture,voiture,1,1,1,1,4
202200020947,2022-12-17 17:15:00,2022,12,17,17,15,77,77107,D402,48.669534,2.844665,Nuit sans éclairage public,En agglomération,Intersection en Y,Neige / grêle,Deux véhicules - arrière,3,2,2,0,1,1,9,5,1,50,2,3,1,0,0,2,20.0,22.0,voiture,voiture,3,2,4,4,2
202200020948,2022-05-25 10:40:00,2022,5,25,10,40,31,31555,PL DOMINIQUE MARTIN DUPUY,43.59961,1.45453,Plein jour,En agglomération,Hors intersection,Normale,Autre collision,4,1,1,0,1,2,1,0,1,30,1,2,1,0,1,0,25.0,,utilitaire_camion,,1,2,1,1,6
202200020949,2022-03-11 05:43:00,2022,3,11,5,43,33,33448,AUTOROUTE A 62,44.719811,-0.521786,Nuit sans éclairage public,Hors agglomération,Hors intersection,Normale,Deux véhicules - arrière,1,3,4,0,1,1,2,0,1,130,2,3,1,0,0,2,23.0,50.0,utilitaire_camion,utilitaire_camion,3,1,1,1,2
202200020950,2022-12-15 18:30:00,2022,12,15,18,30,78,78321,20 Rue des Roussières,48.802087,1.907071,Nuit avec éclairage allumé,En agglomération,Intersection en T,Normale,Autre collision,4,2,2,0,2,1,1,0,8,-1,1,2,0,1,1,0,81.0,,voiture,,5,2,3,1,6
202200020951,2022-05-25 12:45:00,2022,5,25,12,45,29,29232,Rond-Point de Troyalac’H,47.9784,-4.01631,Plein jour,En agglomération,Hors intersection,Normale,Sans collision,3,1,1,0,1,2,1,0,1,50,1,1,0,0,0,1,27.0,,deux_roues,,1,2,1,1,7
202200020952,2022-03-11 03:10:00,2022,3,11,3,10,33,33063,ROCADE A 630,44.88282,-0.56112,Nuit sans éclairage public,Hors agglomération,Hors intersection,Normale,Autre collision,1,1,1,0,2,2,1,3,1,50,1,1,0,0,0,1,19.0,,voiture,,3,1,1,1,6
202200020953,2022-12-10 20:39:00,2022,12,10,20,39,78,78575,Rue des ponts blonniers,48.703083,2.055532,Nuit avec éclairage non allumé,En agglomération,Hors intersection,Temps couvert,Autre collision,4,2,2,0,1,1,1,0,4,30,1,1,0,0,1,0,53.0,,deux_roues,,4,2,1,8,6
202200020954,2022-12-19 10:25:00,2022,12,19,10,25,987,98722,RT 20,-17.515812,-149.424136,Plein jour,En agglomération,Hors intersection,Normale,Deux véhicules - frontale,2,2,2,0,1,1,1,0,1,50,2,2,1,0,1,0,40.0,36.0,utilitaire_camion,deux_roues,1,2,1,1,1
202200020955,2022-03-11 18:38:00,2022,3,11,18,38,91,91286,AUTOROUTE A6,48.64559,2.38893,Crépuscule ou aube,Hors agglomération,Hors intersection,Pluie légère,Trois véhicules et plus - collisions multiples,1,3,3,0,1,1,2,0,1,110,3,4,3,0,0,1,24.0,29.0,voiture,deux_roues,2,1,1,2,5
202200020956,2022-12-21 13:30:00,2022,12,21,13,30,66,66008,,42.583612,2.986972,Plein jour,Hors agglomération,Hors intersection,Normale,Autre collision,3,3,4,0,1,1,1,0,1,90,1,1,0,1,0,0,56.0,,deux_roues,,1,1,1,1,6
202200020957,2022-05-21 18:25:00,2022,5,21,18,25,22,22278,ROBIEN,48.50514,-2.76402,Plein jour,En agglomération,Hors intersection,Normale,Autre collision,4,1,1,0,1,1,1,0,1,30,2,2,0,0,0,2,30.0,40.0,voiture,voiture,1,2,1,1,6
202200020958,2022-03-11 08:05:00,2022,3,11,8,5,78,78640,N118,48.778333,2.222503,Plein jour,Hors agglomération,Hors intersection,Normale,Deux véhicules - arrière,2,1,2,0,1,1,1,0,1,90,2,2,1,0,0,1,52.0,39.0,utilitaire_camion,deux_roues,1,1,1,1,2
202200020959,2022-05-24 19:10:00,2022,5,24,19,10,19,19272,ERIC RHOMER (RUE),45.25736,1.75907,Plein jour,En agglomération,Intersection en T,Normale,Deux véhicules - côté,4,1,2,0,1,1,1,0,1,30,2,2,1,0,1,0,35.0,18.0,utilitaire_camion,deux_roues,1,2,3,1,3
202200020960,2022-12-20 15:20:00,2022,12,20,15,20,34,34031,D28,43.3611379355,3.37795326,Plein jour,Hors agglomération,Hors intersection,Normale,Trois véhicules et plus - collisions multiples,3,2,2,0,2,1,1,0,8,90,4,7,4,0,0,3,73.0,29.0,voiture,voiture,1,1,1,1,5
202200020961,2022-03-10 18:20:00,2022,3,10,18,20,92,92064,A13,48.8403969917,2.220180233,Plein jour,Hors agglomération,Hors intersection,Normale,Deux véhicules - côté,1,-1,2,0,1,1,1,0,1,90,2,2,1,0,1,0,29.0,52.0,voiture,deux_roues,1,1,1,1,3
202200020962,2022-05-25 22:29:00,2022,5,25,22,29,18,18279,,47.262655,2.059883,Nuit sans éclairage public,Hors agglomération,Hors intersection,Normale,Deux véhicules - arrière,3,2,2,0,1,1,1,0,3,90,2,2,1,1,0,0,37.0,43.0,deux_roues,voiture,3,1,1,1,2
202200020963,2022-12-14 10:00:00,2022,12,14,10,0,34,34240,Avenue du Salaison,43.637123,3.960384,Plein jour,En agglomération,Hors intersection,Pluie légère,Deux véhicules - frontale,3,2,2,0,1,1,2,0,1,50,2,2,0,0,0,2,58.0,46.0,autre,voiture,1,2,1,2,1
202200020964,2022-04-30 21:40:00,2022,4,30,21,40,17,17300,MOULIN   AVENUE JEAN,46.15254,-1.13937,Nuit avec éclairage allumé,En agglomération,Hors intersection,Normale,Sans collision,4,3,1,0,1,3,1,0,1,50,1,2,0,0,0,2,19.0,,voiture,,5,2,1,1,7
202200020965,2022-03-11 18:30:00,2022,3,11,18,30,95,95488,A15,49.0124099165,2.1505308151,Plein jour,Hors agglomération,Hors intersection,Pluie légère,Trois véhicules et plus - en chaîne,1,3,6,0,1,1,2,0,1,110,3,5,3,0,0,2,27.0,44.0,voiture,voiture,1,1,1,2,4
202200020966,2022-12-21 11:00:00,2022,12,21,11,0,34,34344,Av Mal de Lattre de Tassigny,43.561031,4.077044,Plein jour,En agglomération,Intersection à plus de 4 branches,Temps éblouissant,Autre collision,4,2,2,0,1,1,1,5,1,50,1,2,1,0,0,1,64.0,,voiture,,1,2,5,7,6
202200020967,2022-05-22 11:00:00,2022,5,22,11,0,15,15014,FIRMINY (RUE DE),44.91601,2.432,Plein jour,En agglomération,Hors intersection,Normale,Autre collision,6,-1, -1,0,1,1,1,0,8,50,1,2,1,0,0,1,57.0,,voiture,,1,2,1,1,6
202200020968,2022-12-20 14:10:00,2022,12,20,14,10,84,84034,D973 - D900,43.883488,4.97332,Plein jour,Hors agglomération,Intersection à plus de 4 branches,Normale,Deux véhicules - côté,3,2,2,0,1,1,1,3,1,80,2,2,1,0,1,0,27.0,62.0,voiture,deux_roues,1,1,5,1,3
202200020969,2022-03-11 00:50:00,2022,3,11,0,50,94,94017,A4,48.8302008945,2.4957669959,Nuit sans éclairage public,Hors agglomération,Hors intersection,Normale,Autre collision,1,3,3,0,1,1,1,0,1,90,1,3,1,0,0,2,32.0,,voiture,,3,1,1,1,6
202200020970,2022-05-24 10:45:00,2022,5,24,10,45,13,13103,AVENUE DONNADIEU - ROGER,43.64147,5.10317,Plein jour,En agglomération,Intersection en X,Normale,Deux véhicules - côté,7,2,2,1,1,1,1,0,1,50,1,2,1,0,0,1,56.0,,voiture,,1,2,2,1,3
202200020971,2022-12-19 10:34:00,2022,12,19,10,34,83,83027,d66,43.192308,5.762694,Plein jour,Hors agglomération,Intersection en T,Normale,Deux véhicules - frontale,1,2, -1,-1,1,2,1,0,1,-1,2,4,1,0,0,3,74.0,37.0,utilitaire_camion,voiture,1,1,3,1,1
202200020972,2022-12-17 09:40:00,2022,12,17,9,40,83,83001,Chemin de la Beilesse,43.527494,6.817784,Plein jour,En agglomération,Intersection en T,Normale,Autre collision,3,2,2,0,2,2,1,0,1,50,1,2,1,0,1,0,73.0,,voiture,,1,2,3,1,6
202200020973,2022-05-25 23:30:00,2022,5,25,23,30,13,13213,ROSE (AVENUE DE LA),43.32639,5.4215,Nuit avec éclairage allumé,En agglomération,Intersection en X,Normale,Deux véhicules - côté,7,2,2,0,2,1,1,0,1,50,2,2,1,0,0,1,26.0,28.0,voiture,voiture,5,2,2,1,3
202200020974,2022-12-22 06:30:00,2022,12,22,6,30,06,06048,Route Departementale 2204,43.795412,7.353796,Nuit sans éclairage public,Hors agglomération,Hors intersection,Brouillard / fumée,Trois véhicules et plus - collisions multiples,3,2,2,0,2,1,2,0,3,80,3,3,2,0,1,0,29.0,42.0,voiture,voiture,3,1,1,5,5
202200020975,2022-12-22 14:40:00,2022,12,22,14,40,05,05118,D948,44.20482,5.891654,Plein jour,Hors agglomération,Hors intersection,Normale,Sans collision,3,2,2,0,1,1,1,0,3,90,1,1,0,0,1,0,72.0,,voiture,,1,1,1,1,7
202200020976,2022-05-25 18:55:00,2022,5,25,18,55,13,13203,PLOMBIERES (BOULEVARD DES),43.31848,5.3797,Plein jour,En agglomération,Hors intersection,Normale,Deux véhicules - côté,3,1,2,0,1,1,1,0,1,50,2,3,2,0,0,1,27.0,23.0,voiture,deux_roues,1,2,1,1,3
202200020977,2022-03-10 13:05:00,2022,3,10,13,5,33,33009,TARTAS (CRS) DU 01 ET +,44.66052,-1.17265,Plein jour,En agglomération,Intersection en X,Normale,Deux véhicules - côté,4,1,1,0,1,1,1,0,1,50,2,3,2,0,0,1,40.0,17.0,utilitaire_camion,deux_roues,1,2,2,1,3
202200020978,2022-12-17 09:15:00,2022,12,17,9,15,04,04019,Les allemands,44.398463,6.642314,Plein jour,En agglomération,Hors intersection,Temps éblouissant,Autre collision,4,2,1,0,2,1,2,0,1,50,1,2,1,0,0,1,57.0,,voiture,,1,2,1,7,6
202200020979,2022-05-25 11:10:00,2022,5,25,11,10,13,13202,JOLIETTE (QUAI DE LA),43.30108,5.36418,Plein jour,En agglomération,Autre intersection,Normale,Deux véhicules - côté,4,3,2,0,1,1,1,0,1,50,2,2,1,0,0,1,71.0,53.0,deux_roues,utilitaire_camion,1,2,9,1,3
202200020980,2022-12-18 21:20:00,2022,12,18,21,20,25,25277,départementale 50,47.469668,6.379881,Nuit avec éclairage allumé,Hors agglomération,Intersection en X,Normale,Deux véhicules - côté,3,2,3,0,1,1,1,5,1,70,2,3,2,0,0,1,52.0,29.0,voiture,voiture,5,1,2,1,3
202200020981,2022-05-24 22:30:00,2022,5,24,22,30,13,13213,ROSE (AVENUE DE LA),43.32837,5.42566,Nuit avec éclairage allumé,En agglomération,Hors intersection,Normale,Sans collision,3,2,4,0,1,1,1,0,1,50,1,2,1,0,1,0,36.0,,voiture,,5,2,1,1,7
202200020982,2022-03-09 18:50:00,2022,3,9,18,50,59,59350,ROUX RUE DU DOCTEUR,50.6268451613,3.1121197343,Crépuscule ou aube,En agglomération,Hors intersection,Normale,Autre collision,4,1,1,0,1,1,1,0,1,50,1,2,1,0,0,1,34.0,,voiture,,2,2,1,1,6
202200020983,2022-12-19 09:40:00,2022,12,19,9,40,71,71325,D51,46.512434,3.95598,Plein jour,Hors agglomération,Hors intersection,Normale,Autre collision,3,2,2,0,1,1,7,0,3,80,1,1,0,1,0,0,43.0,,voiture,,1,1,1,1,6
202200020984,2022-12-10 06:37:00,2022,12,10,6,37,52,52315,Route Départementale N 619,48.020071,5.234299,Crépuscule ou aube,Hors agglomération,Hors intersection,Normale,Sans collision,3,-1,2,0,2,4,1,0,3,90,1,1,0,0,0,1,23.0,,voiture,,2,1,1,1,7
202200020985,2022-05-24 23:30:00,2022,5,24,23,30,13,13206,ORATOIRE (Montée),43.28754,5.3697,Nuit avec éclairage allumé,En agglomération,Intersection en T,Normale,Deux véhicules - arrière,4,1,1,0,2,1,1,0,1,50,2,3,2,0,0,1,,25.0,voiture,voiture,5,2,3,1,2
202200020986,2022-12-18 02:15:00,2022,12,18,2,15,10,10299,30 Route de Méry,48.537491,4.064873,Nuit sans éclairage public,En agglomération,Hors intersection,Normale,Autre collision,3,2,2,0,1,2,1,0,4,50,1,1,0,0,1,0,23.0,,voiture,,3,2,1,1,6
202200020987,2022-03-08 16:53:00,2022,3,8,16,53,05,05061,Chemin de Graffinel,44.53823,6.06073,Plein jour,En agglomération,Hors intersection,Normale,Autre collision,4,2,2,0,1,1,1,0,1,50,1,2,1,0,0,1,23.0,,voiture,,1,2,1,1,6
202200020988,2022-12-14 07:40:00,2022,12,14,7,40,68,68036,12 Grand'Rue,48.040468,7.545134,Crépuscule ou aube,En agglomération,Intersection en X,Temps couvert,Autre collision,3,2,2,0,1,1,7,5,1,50,1,2,1,0,1,0,67.0,,voiture,,2,2,2,8,6
202200020989,2022-05-24 22:00:00,2022,5,24,22,0,13,13208,MAZARGUES (AVENUE DE),43.2558469033,5.3939437685,Nuit avec éclairage allumé,En agglomération,Hors intersection,Normale,Deux véhicules - frontale,4,-1,2,0,1,2,1,0,1,50,2,2,0,0,0,2,20.0,48.0,deux_roues,deux_roues,5,2,1,1,1
202200020990,2022-12-20 11:55:00,2022,12,20,11,55,88,88321,Rue de France,48.354909,5.692688,Plein jour,En agglomération,Hors intersection,Normale,Autre collision,4,1,1,0,1,1,1,0,1,20,1,2,1,0,1,0,75.0,,voiture,,1,2,1,1,6
202200020991,2022-01-21 08:50:00,2022,1,21,8,50,62,62587,SALENGRO (R ROGER),50.42686,2.92953,Crépuscule ou aube,En agglomération,Hors intersection,Pluie légère,Autre collision,3,2,2,0,1,1,2,9,1,50,1,2,1,0,1,0,42.0,,utilitaire_camion,,2,2,1,2,6
202200020992,2022-05-24 16:30:00,2022,5,24,16,30,13,13215,Marius BREMOND (Bd),43.3756377752,5.3430984558,Plein jour,En agglomération,Autre intersection,Normale,Deux véhicules - côté,4,2,2,0,4,1,1,0,1,50,2,2,0,0,0,2,21.0,22.0,utilitaire_camion,voiture,1,2,9,1,3
202200020993,2022-12-20 17:15:00,2022,12,20,17,15,55,55218,D65,49.269439,5.484372,Nuit sans éclairage public,Hors agglomération,Hors intersection,Pluie légère,Deux véhicules - frontale,3,3,2,0,1,4,2,0,1,90,2,2,0,1,1,0,35.0,21.0,voiture,voiture,3,1,1,2,1
202200020994,2022-12-18 19:10:00,2022,12,18,19,10,73,73248,299 Rue de la république,45.2756596723,6.346231252,Nuit avec éclairage allumé,En agglomération,Hors intersection,Normale,Autre collision,4,2,2,0,1,1,1,0,1,50,1,3,2,0,0,1,19.0,,voiture,,5,2,1,1,6
202200020995,2022-03-10 17:15:00,2022,3,10,17,15,988,98818,RUE FREDERIC SURLEAU,-22.27344,166.44578,Plein jour,En agglomération,Hors intersection,Normale,Autre collision,4,2,2,3,2,1,1,0,1,50,1,2,1,0,0,1,24.0,,voiture,,1,2,1,1,6
202200020996,2022-12-15 17:53:00,2022,12,15,17,53,73,73284,D915,45.47797,6.527794,Nuit avec éclairage allumé,En agglomération,Hors intersection,Pluie légère,Autre collision,3,2,2,0,1,1,2,9,1,50,1,2,1,0,1,0,88.0,,voiture,,5,2,1,2,6
202200020997,2022-12-20 06:52:00,2022,12,20,6,52,38,38276,Rue du Vernay,45.570178,5.307255,Crépuscule ou aube,En agglomération,Passage à niveau,Normale,Deux véhicules - côté,4,-1,2,0,1,1,1,4,8,50,2,2,1,0,1,0,48.0,58.0,transport_commun,voiture,2,2,8,1,3
202200020998,2022-12-19 17:48:00,2022,12,19,17,48,26,26235,Rue Jean Giono,44.382084,4.709791,Plein jour,En agglomération,Hors intersection,Normale,Deux véhicules - frontale,4,2,2,0,1,1,1,0,1,50,2,3,2,0,0,1,60.0,15.0,voiture,voiture,1,2,1,1,1
202200020999,2022-12-22 01:15:00,2022,12,22,1,15,07,07152,RD 86,45.039309,4.825745,Nuit sans éclairage public,Hors agglomération,Hors intersection,Normale,Autre collision,3,2,2,0,3,3,2,0,3,90,1,2,0,0,2,0,33.0,,voiture,,3,1,1,1,6
202200021000,2022-03-10 07:20:00,2022,3,10,7,20,974,97416,L'ENTRE-DEUX (ROUTE DE),-21.302949,55.430139,Plein jour,En agglomération,Hors intersection,Normale,Deux véhicules - arrière,4,-1,2,0,1,1,1,0,1,50,2,2,1,0,0,1,27.0,48.0,voiture,deux_roues,1,2,1,1,2
202200021001,2022-12-19 11:00:00,2022,12,19,11,0,69,69047,Poinboeuf,45.893973,4.673063,Plein jour,Hors agglomération,Hors intersection,Normale,Deux véhicules - frontale,3,2,2,0,2,2,2,0,1,70,2,3,2,0,0,1,72.0,19.0,voiture,voiture,1,1,1,1,1
202200021002,2022-03-10 22:10:00,2022,3,10,22,10,974,97411,LABOURDONNAIS,-20.8767,55.44725,Nuit avec éclairage allumé,En agglomération,Hors intersection,Normale,Sans collision,4,1,1,0,1,1,1,0,1,50,1,1,0,0,0,1,19.0,,deux_roues,,5,2,1,1,7
202200021003,2022-12-20 14:20:00,2022,12,20,14,20,69,69255,Route de Malval,45.747798173,4.6116873622,Plein jour,Hors agglomération,Intersection en X,Temps couvert,Deux véhicules - côté,3,2,2,0,3,1,2,0,1,50,2,2,1,0,0,1,39.0,48.0,deux_roues,voiture,1,1,2,8,3
202200021004,2022-03-10 08:15:00,2022,3,10,8,15,974,97411,JAURES (BLD 1 JEAN),-20.89333,55.47047,Plein jour,En agglomération,Hors intersection,Normale,Sans collision,2,1,3,0,1,2,1,0,1,50,1,1,0,0,0,1,35.0,,deux_roues,,1,2,1,1,7