accident_id,datetime,annee,mois,jour,heure,minute,departement,commune_insee,adresse,latitude,longitude,luminosite,agglomeration,intersection,meteo,collision,catr,circ,nbv,vosp,prof,plan,surf,infra,situ,vma,nb_vehicules,nb_usagers,nb_indemnes,nb_tues,nb_blesses_hosp,nb_blesses_legers,age_cond_1,age_cond_2,veh_type_cond_1,veh_type_cond_2,lum_code,agg_code,int_code,atm_code,col_code
202200021005,2022-12-21 10:48:00,2022,12,21,10,48,69,69204,2 Avenue de la République,45.693418,4.794341,Plein jour,En agglomération,Hors intersection,Temps éblouissant,Autre collision,4,2,2,0,1,1,1,0,1,30,1,2,1,0,1,0,74.0,,voiture,,1,2,1,7,6
202200021006,2022-12-20 08:10:00,2022,12,20,8,10,81,81140,D112,43.67817,1.745479,Crépuscule ou aube,Hors agglomération,Intersection en T,Normale,Sans collision,3,2,2,0,3,1,1,0,3,90,1,1,0,0,1,0,27.0,,voiture,,2,1,3,1,7
202200021007,2022-03-10 07:26:00,2022,3,10,7,26,973,97302,MONTABO (ROUTE DE) 1,4.9319806829,-52.3074102402,Plein jour,En agglomération,Hors intersection,Normale,Deux véhicules - côté,3,2,2,1,1,1,1,0,1,50,2,2,1,0,0,1,68.0,51.0,utilitaire_camion,deux_roues,1,2,1,1,3
202200021008,2022-12-18 15:30:00,2022,12,18,15,30,09,09002,20 rue du barry,42.995463,1.87541,Plein jour,En agglomération,Hors intersection,Temps éblouissant,Autre collision,4,2,2,0,1,1,1,0,1,50,1,2,1,0,1,0,73.0,,voiture,,1,2,1,7,6
202200021009,2022-03-10 19:00:00,2022,3,10,19,0,69,69388,Rue Marius Berliet,45.74099,4.86267,Nuit avec éclairage allumé,En agglomération,Hors intersection,Normale,Deux véhicules - côté,4,2,2,3,1,2,1,0,1,50,2,2,1,0,1,0,35.0,24.0,deux_roues,voiture,5,2,1,1,3
202200021010,2022-12-19 15:10:00,2022,12,19,15,10,86,86294,N149,46.644372,0.187151,Plein jour,Hors agglomération,Hors intersection,Normale,Autre collision,2,2,2,0,2,1,1,0,1,80,3,3,2,0,1,0,50.0,28.0,utilitaire_camion,utilitaire_camion,1,1,1,1,6
202200021011,2022-12-19 02:50:00,2022,12,19,2,50,86,86222,D20,46.678956,0.388413,Nuit sans éclairage public,Hors agglomération,Hors intersection,Normale,Autre collision,3,2,2,0,2,3,1,0,3,80,1,2,0,1,0,1,22.0,,voiture,,3,1,1,1,6
202200021012,2022-03-09 09:50:00,2022,3,9,9,50,69,69386,Place d’Helvétie,45.77288,4.84209,Plein jour,En agglomération,Intersection en X,Normale,Deux véhicules - côté,4,1,1,2,1,1,1,0,1,30,2,3,2,0,0,1,22.0,53.0,voiture,voiture,1,2,2,1,3
202200021013,2022-11-29 15:06:00,2022,11,29,15,6,47,47326,RD 933 - RD 267,44.502168,0.240583,Plein jour,Hors agglomération,Intersection en T,Normale,Deux véhicules - côté,3,2,3,0,1,1,1,5,1,80,2,2,1,0,1,0,38.0,67.0,utilitaire_camion,deux_roues,1,1,3,1,3
202200021014,2022-03-10 07:35:00,2022,3,10,7,35,972,97209,BISHOP (Avenue Maurice),14.6051,-61.06033,Plein jour,En agglomération,Hors intersection,Pluie légère,Autre collision,4,1,2,0,1,1,2,0,1,50,1,2,0,0,1,1,41.0,,deux_roues,,1,2,1,2,6
202200021015,2022-12-12 13:45:00,2022,12,12,13,45,47,47024,Rue de l'Ecole,44.535904,0.139904,Plein jour,En agglomération,Hors intersection,Pluie légère,Sans collision,4,2,2,0,1,3,2,0,8,50,1,1,0,1,0,0,88.0,,voiture,,1,2,1,2,7
202200021016,2022-03-10 18:05:00,2022,3,10,18,5,69,69382,Rue Paul Montrochet,45.73837,4.82159,Plein jour,En agglomération,Intersection en T,Normale,Autre collision,4,2,2,0,1,1,1,0,1,50,1,1,0,0,1,0,60.0,,voiture,,1,2,3,1,6
202200021017,2022-12-20 13:35:00,2022,12,20,13,35,85,85178,RD2 PK12+300,46.759185,-1.4979359,Plein jour,Hors agglomération,Hors intersection,Normale,Sans collision,3,2,2,0,2,3,2,0,3,80,1,1,0,0,0,1,21.0,,deux_roues,,1,1,1,1,7
202200021018,2022-10-30 20:00:00,2022,10,30,20,0,85,85019,Rue Georges Clemenceau,46.780252,-1.430717,Nuit avec éclairage allumé,En agglomération,Hors intersection,Pluie légère,Deux véhicules - côté,4,2,2,0,1,1,2,0,1,30,2,2,1,0,0,1,60.0,16.0,voiture,deux_roues,5,2,1,2,3
202200021019,2022-03-10 08:55:00,2022,3,10,8,55,69,69034,30 Cours Aristide Briand,45.78334,4.84454,Plein jour,En agglomération,Hors intersection,Normale,Deux véhicules - côté,4,2,2,0,1,1,1,0,1,50,2,2,1,0,0,1,21.0,45.0,utilitaire_camion,deux_roues,1,2,1,1,3
202200021020,2022-03-09 17:15:00,2022,3,9,17,15,69,69384,51 Quai Joseph Gillet,45.77959,4.81155,Plein jour,En agglomération,Intersection en T,Normale,Deux véhicules - côté,4,2,3,2,1,1,1,0,1,50,2,2,1,0,0,1,89.0,49.0,voiture,deux_roues,1,2,3,1,3
202200021021,2022-12-19 07:15:00,2022,12,19,7,15,49,49023,La Strée (Gesté),47.164465,-1.080356,Nuit sans éclairage public,Hors agglomération,Intersection en T,Normale,Deux véhicules - côté,3,2,2,0,1,1,1,0,1,80,2,2,1,0,1,0,31.0,16.0,voiture,deux_roues,3,1,3,1,3
202200021022,2022-12-20 13:25:00,2022,12,20,13,25,49,49021,D347,47.436013,-0.223396,Plein jour,Hors agglomération,Hors intersection,Pluie légère,Autre collision,3,1,2,0,1,1,2,0,1,80,1,2,1,0,1,0,61.0,,voiture,,1,1,1,2,6
202200021023,2022-03-09 14:30:00,2022,3,9,14,30,971,97113,ROUTE DE PERINET-RD 119,16.207,-61.48455,Plein jour,En agglomération,Hors intersection,Normale,Trois véhicules et plus - en chaîne,3,2,2,0,1,1,1,0,1,50,3,3,2,0,0,1,71.0,37.0,voiture,voiture,1,2,1,1,4
202200021024,2022-12-16 17:10:00,2022,12,16,17,10,14,14258,Chemin d'Eraines,48.904851,-0.181312,Nuit sans éclairage public,Hors agglomération,Hors intersection,Normale,Autre collision,4,2,2,0,1,3,7,0,3,80,1,1,0,0,0,1,18.0,,voiture,,3,1,1,1,6
202200021025,2022-03-08 07:30:00,2022,3,8,7,30,971,97101,ACHILLE RENE BOISNEUF (RUE),16.2681522173,-61.5072208643,Plein jour,En agglomération,Hors intersection,Normale,Autre collision,4,2,2,0,1,1,1,6,1,50,1,3,1,0,0,2,64.0,,voiture,,1,2,1,1,6
202200021026,2022-12-18 13:45:00,2022,12,18,13,45,29,29042,boulevard de la Plage,48.232241,-4.499867,Plein jour,En agglomération,Hors intersection,Pluie forte,Autre collision,4,2,2,0,1,1,2,9,1,50,1,2,1,0,1,0,74.0,,voiture,,1,2,1,3,6
202200021027,2022-12-21 12:15:00,2022,12,21,12,15,35,35253,Rue du Stade,48.257895,-1.40043,Plein jour,En agglomération,Giratoire,Pluie légère,Deux véhicules - côté,4,2,2,2,1,1,2,0,1,30,2,2,1,0,0,1,51.0,14.0,voiture,deux_roues,1,2,6,2,3
202200021028,2022-03-09 11:55:00,2022,3,9,11,55,971,97107,DELGRES ( BOULEVARD ),16.0444506983,-61.5651994944,Plein jour,En agglomération,Intersection en T,Normale,Autre collision,3,1,1,0,1,1,1,0,1,50,1,2,1,0,0,1,36.0,,voiture,,1,2,3,1,6
202200021029,2022-12-19 14:30:00,2022,12,19,14,30,27,27015,Route de Muids,49.230742,1.247039,Plein jour,En agglomération,Hors intersection,Normale,Sans collision,3,2,2,0,1,1,2,0,3,50,1,1,0,1,0,0,62.0,,voiture,,1,2,1,1,7
202200021030,2022-12-22 18:45:00,2022,12,22,18,45,60,60462,D1001,49.3098617719,2.2004669569,Nuit sans éclairage public,Hors agglomération,Hors intersection,Pluie légère,Deux véhicules - frontale,3,2,3,0,2,1,2,0,1,90,2,2,0,0,2,0,30.0,37.0,voiture,voiture,3,1,1,2,1
202200021031,2022-03-10 14:15:00,2022,3,10,14,15,2A,2A004,T21,41.9297938834,8.7609883547,Plein jour,Hors agglomération,Giratoire,Normale,Deux véhicules - côté,2,1,2,0,1,1,1,0,1,70,2,2,1,0,0,1,53.0,26.0,voiture,deux_roues,1,1,6,1,3
202200021032,2022-12-07 07:56:00,2022,12,7,7,56,59,59136,D932,50.101203,3.511419,Nuit sans éclairage public,Hors agglomération,Hors intersection,Pluie forte,Deux véhicules - arrière,3,2,2,0,1,1,2,0,1,80,2,2,0,0,0,2,57.0,64.0,voiture,voiture,3,1,1,3,2
202200021033,2022-03-06 12:30:00,2022,3,6,12,30,95,95598,RD 109,48.9819268779,2.2928783298,Plein jour,En agglomération,Intersection en T,Normale,Deux véhicules - arrière,3,2,2,0,1,1,1,0,1,50,2,3,1,0,0,2,34.0,17.0,voiture,deux_roues,1,2,3,1,2
202200021034,2022-03-10 08:45:00,2022,3,10,8,45,91,91027,AV DE MORANGIS,48.706052,2.372444,Plein jour,En agglomération,Hors intersection,Normale,Deux véhicules - côté,3,2,1,1,1,1,1,9,5,50,2,2,1,0,0,1,53.0,62.0,deux_roues,voiture,1,2,1,1,3
202200021035,2022-12-18 19:35:00,2022,12,18,19,35,59,59212,3 rue kennedy,50.644955,2.721018,Nuit sans éclairage public,En agglomération,Intersection en T,Pluie forte,Autre collision,3,2,2,0,1,1,2,0,1,50,1,3,1,0,0,2,28.0,,voiture,,3,2,3,3,6
202200021036,2022-12-20 20:20:00,2022,12,20,20,20,13,13215,A7-Sens Lyon vers Marseille,43.37719,5.3579,Nuit avec éclairage allumé,Hors agglomération,Hors intersection,Normale,Deux véhicules - arrière,1,1,3,0,2,3,1,0,1,90,2,2,1,0,0,1,29.0,43.0,voiture,voiture,5,1,1,1,2
202200021037,2022-03-08 16:25:00,2022,3,8,16,25,90,90010,SAVOUREUSE (RUE DE LA),47.649,6.855,Plein jour,En agglomération,Intersection en T,Normale,Deux véhicules - côté,4,1,1,0,1,1,1,0,1,50,1,2,1,0,1,0,74.0,,voiture,,1,2,3,1,3
202200021038,2022-12-20 17:14:00,2022,12,20,17,14,13,13022,A50-Sens Aubagne vers Toulon,43.219926443,5.5810417704,Nuit sans éclairage public,Hors agglomération,Hors intersection,Normale,Sans collision,1,-1,3,0,1,1,1,0,8,110,1,1,0,0,0,1,25.0,,voiture,,3,1,1,1,7
202200021039,2022-12-19 16:50:00,2022,12,19,16,50,13,13033,A55-Sens Martigues vers Marseille,43.380595,5.213959,Nuit sans éclairage public,Hors agglomération,Hors intersection,Normale,Deux véhicules - côté,1,-1,2,0,1,1,1,0,1,90,2,3,1,0,0,2,43.0,51.0,voiture,voiture,3,1,1,1,3
202200021040,2022-03-09 16:38:00,2022,3,9,16,38,87,87085,BAUDIN ( AVENUE) (VC),45.82661,1.25796,Plein jour,En agglomération,Intersection en X,Normale,Deux véhicules - côté,4,2,2,0,1,1,1,5,1,50,2,2,1,0,0,1,50.0,73.0,voiture,deux_roues,1,2,2,1,3
202200021041,2022-12-17 22:25:00,2022,12,17,22,25,13,13202,A55-Sens Marseille vers Martigues,43.335822,5.352579,Nuit sans éclairage public,Hors agglomération,Hors intersection,Normale,Sans collision,1,1,1,0,1,3,1,0,1,50,1,1,0,0,0,1,30.0,,voiture,,3,1,1,1,7
202200021042,2022-03-09 15:45:00,2022,3,9,15,45,87,87085,DELESCLUZE (RUE),45.82715,1.26207,Plein jour,En agglomération,Hors intersection,Normale,Autre collision,4,1,1,0,1,1,1,0,1,30,1,2,1,0,1,0,45.0,,voiture,,1,2,1,1,6
202200021043,2022-12-16 10:35:00,2022,12,16,10,35,13,13215,A7-Sens Marseille vers Lyon,43.3664345541,5.3608052872,Plein jour,Hors agglomération,Hors intersection,Normale,Trois véhicules et plus - en chaîne,1,1,3,0,1,1,1,0,1,90,5,5,3,0,0,2,21.0,67.0,voiture,voiture,1,1,1,1,4
202200021044,2022-12-18 22:19:00,2022,12,18,22,19,83,83090,A50,43.124354,5.872362,Nuit sans éclairage public,Hors agglomération,Hors intersection,Normale,Deux véhicules - côté,1,1,4,0,4,2,1,0,1,110,2,6,3,0,1,2,23.0,22.0,voiture,voiture,3,1,1,1,3
202200021045,2022-03-09 13:49:00,2022,3,9,13,49,87,87050,D20,45.89187,1.17785,Plein jour,Hors agglomération,Intersection en T,Normale,Deux véhicules - arrière,3,2,2,0,1,1,1,0,1,80,2,3,1,0,0,2,61.0,42.0,voiture,utilitaire_camion,1,1,3,1,2
202200021046,2022-12-19 21:30:00,2022,12,19,21,30,69,69034,Boulevard Périphérique Nord,45.79274,4.87305,Nuit avec éclairage allumé,Hors agglomération,Hors intersection,Normale,Sans collision,4,3,8,0,1,1,1,0,1,70,1,1,0,0,0,1,61.0,,deux_roues,,5,1,1,1,7
202200021047,2022-12-17 00:50:00,2022,12,17,0,50,69,69389,Route de Métropole 6  ,45.76743,4.79659,Nuit avec éclairage allumé,Hors agglomération,Hors intersection,Normale,Deux véhicules - arrière,7,3,4,0,1,1,1,2,1,70,2,3,0,0,2,1,36.0,,voiture,,5,1,1,1,2
202200021048,2022-03-08 18:31:00,2022,3,8,18,31,85,85194,GAMBETTA (RUE LEON),46.50029,-1.77788,Plein jour,En agglomération,Hors intersection,Normale,Autre collision,4,-1,2,0,2,1,2,0,1,50,2,2,1,0,0,1,18.0,68.0,deux_roues,voiture,1,2,1,1,6
202200021049,2022-02-22 08:45:00,2022,2,22,8,45,84,84007,LYON (route de ),43.95318,4.83252,Plein jour,En agglomération,Hors intersection,Normale,Autre collision,4,2,2,0,1,1,1,0,1,50,2,2,1,0,1,0,18.0,39.0,deux_roues,voiture,1,2,1,1,6
202200021050,2022-12-17 02:50:00,2022,12,17,2,50,57,57751,Autoroute A31,49.17966,6.17744,Nuit sans éclairage public,Hors agglomération,Autre intersection,Normale,Trois véhicules et plus - collisions multiples,1,1,6,0,1,1,1,0,1,110,4,4,2,0,1,1,29.0,78.0,voiture,utilitaire_camion,3,1,9,1,5
202200021051,2022-12-21 22:10:00,2022,12,21,22,10,33,33318,ROCADE A 630,44.789291033,-0.6209345889,Nuit avec éclairage allumé,Hors agglomération,Hors intersection,Normale,Deux véhicules - côté,1,3,6,0,1,1,1,0,1,90,2,3,2,0,0,1,47.0,23.0,voiture,voiture,5,1,1,1,3
202200021052,2022-03-10 10:25:00,2022,3,10,10,25,83,83137,15EME CORPS (AVE DU),43.128523,5.914,Plein jour,En agglomération,Hors intersection,Normale,Autre collision,7,2,2,0,1,1,1,0,1,50,1,2,1,0,0,1,22.0,,deux_roues,,1,2,1,1,6
202200021053,2022-12-21 15:43:00,2022,12,21,15,43,33,33448,AUTOROUTE A 62,44.71937,-0.52172,Plein jour,Hors agglomération,Hors intersection,Normale,Autre collision,1,3,4,0,1,1,1,0,1,130,1,1,0,0,0,1,28.0,,voiture,,1,1,1,1,6
202200021054,2022-03-09 17:20:00,2022,3,9,17,20,83,83137,FORGENTIER (CHEMIN DE),43.13507,5.90098,Plein jour,En agglomération,Hors intersection,Normale,Deux véhicules - côté,4,2,2,0,1,1,1,0,1,50,2,2,1,0,1,0,17.0,24.0,deux_roues,voiture,1,2,1,1,3
202200021055,2022-12-21 02:40:00,2022,12,21,2,40,33,33013,ROUTE NATIONALE 89,44.86804,-0.493958,Nuit sans éclairage public,Hors agglomération,Hors intersection,Normale,Deux véhicules - frontale,2,3,4,0,1,1,2,0,1,70,2,4,0,1,2,1,30.0,19.0,voiture,voiture,3,1,1,1,1
202200021056,2022-12-20 20:30:00,2022,12,20,20,30,33,33550,ROCADE A 630,44.7807130503,-0.5793195963,Nuit avec éclairage allumé,Hors agglomération,Hors intersection,Pluie légère,Autre collision,1,3,3,0,1,1,2,0,1,90,1,5,4,0,0,1,36.0,,voiture,,5,1,1,2,6
202200021057,2022-12-18 22:05:00,2022,12,18,22,5,33,33366,AUTOROUTE A 10,45.0063,-0.427458,Nuit avec éclairage allumé,Hors agglomération,Hors intersection,Normale,Deux véhicules - arrière,1,3,7,0,1,1,1,3,1,110,2,4,0,1,3,0,37.0,39.0,voiture,voiture,5,1,1,1,2
202200021058,2022-12-19 04:15:00,2022,12,19,4,15,62,62907,A1,50.48675,2.98606,Nuit avec éclairage allumé,Hors agglomération,Hors intersection,Pluie légère,Sans collision,1,-1,7,0,1,1,2,0,3,130,1,4,2,0,2,0,28.0,,voiture,,5,1,1,2,7
202200021059,2022-03-09 11:50:00,2022,3,9,11,50,83,83050,SAINT HERMENTAIRE(AVENUE),43.529462,6.456032,Plein jour,En agglomération,Hors intersection,Normale,Deux véhicules - frontale,4,2,2,0,2,2,1,0,1,50,2,4,1,0,2,1,35.0,49.0,voiture,voiture,1,2,1,1,1
202200021060,2022-12-14 13:00:00,2022,12,14,13,0,59,59508,AUTOROUTE A22,50.73905,3.13316,Plein jour,Hors agglomération,Hors intersection,Normale,Trois véhicules et plus - en chaîne,1,-1,4,0,1,1,1,0,1,110,4,4,3,0,1,0,59.0,38.0,voiture,voiture,1,1,1,1,4
202200021061,2022-03-10 22:34:00,2022,3,10,22,34,79,79191,Rue du Maréchal Leclerc,46.336031,-0.45201,Nuit avec éclairage allumé,En agglomération,Intersection en X,Normale,Deux véhicules - côté,3,2,4,3,2,3,1,5,1,50,2,2,1,0,0,1,29.0,51.0,voiture,deux_roues,5,2,2,1,3
202200021062,2022-12-21 04:20:00,2022,12,21,4,20,91,91136,AUTOROUTE A10,48.71203,2.28455,Nuit sans éclairage public,Hors agglomération,Hors intersection,Pluie légère,Sans collision,1,3,2,0,1,3,2,0,1,70,1,1,0,0,0,1,38.0,,voiture,,3,1,1,2,7
202200021063,2022-03-08 10:00:00,2022,3,8,10,0,78,78361,BOULEVARD SULLY 1,48.998448,1.676908,Plein jour,En agglomération,Hors intersection,Normale,Autre collision,4,3,2,0,1,1,1,0,1,50,1,2,1,0,1,0,36.0,,voiture,,1,2,1,1,6
202200021064,2022-12-19 09:30:00,2022,12,19,9,30,91,91161,AUTOROUTE A6,48.69696,2.31577,Plein jour,Hors agglomération,Hors intersection,Normale,Deux véhicules - arrière,1,1,3,0,1,1,2,0,1,110,2,2,1,0,0,1,44.0,31.0,voiture,voiture,1,1,1,1,2
202200021065,2022-12-18 07:04:00,2022,12,18,7,4,91,91377,RN20,48.71897,2.2989,Nuit avec éclairage allumé,En agglomération,Hors intersection,Normale,Deux véhicules - côté,3,3,2,0,1,1,1,0,1,50,2,2,1,0,0,1,59.0,43.0,utilitaire_camion,voiture,5,2,1,1,3
202200021066,2022-03-10 05:20:00,2022,3,10,5,20,78,78005,RD 30,48.96173,2.05962,Nuit avec éclairage allumé,En agglomération,Giratoire,Normale,Deux véhicules - côté,3,-1,2,0,1,1,1,0,1,70,2,2,1,0,0,1,,42.0,voiture,deux_roues,5,2,6,1,3
202200021067,2022-12-18 02:30:00,2022,12,18,2,30,94,94038,AUTOROUTE A6A,48.7763427485,2.3462651211,Nuit sans éclairage public,Hors agglomération,Hors intersection,Normale,Deux véhicules - arrière,1,1,3,0,1,1,1,0,1,90,2,2,1,0,0,1,37.0,39.0,voiture,utilitaire_camion,3,1,1,1,2
202200021068,2022-03-09 08:00:00,2022,3,9,8,0,77,77018,AV DES DEUX GOLFS,48.85335,2.81688,Plein jour,En agglomération,Intersection en T,Normale,Deux véhicules - arrière,4,2,2,0,1,1,1,5,1,50,2,2,1,0,0,1,24.0,48.0,voiture,voiture,1,2,3,1,2
202200021069,2022-03-09 17:15:00,2022,3,9,17,15,72,72181,rue Alfred Sisley,47.9756043678,0.2175986765,Plein jour,En agglomération,Giratoire,Normale,Deux véhicules - côté,4,2,2,0,1,3,1,0,1,50,2,2,1,0,1,0,16.0,36.0,deux_roues,voiture,1,2,6,1,3
202200021070,2022-12-19 17:15:00,2022,12,19,17,15,78,78455,A13,48.85266,2.06358,Nuit sans éclairage public,Hors agglomération,Hors intersection,Pluie légère,Trois véhicules et plus - en chaîne,1,3,2,0,1,1,2,0,1,110,6,6,5,0,0,1,34.0,51.0,voiture,utilitaire_camion,3,1,1,2,4
202200021071,2022-12-18 07:35:00,2022,12,18,7,35,78,78090,A13,48.969464,1.914731,Nuit sans éclairage public,Hors agglomération,Hors intersection,Normale,Deux véhicules - frontale,1,-1,3,0,1,1,1,0,1,130,2,3,2,0,0,1,,63.0,voiture,voiture,3,1,1,1,1
202200021072,2022-03-09 17:40:00,2022,3,9,17,40,72,72181,SEMARD PIERRE (RUE),47.97326,0.20014,Plein jour,En agglomération,Giratoire,Normale,Deux véhicules - côté,4,-1,2,0,1,1,1,0,8,50,2,2,1,0,0,1,50.0,59.0,voiture,deux_roues,1,2,6,1,3
202200021073,2022-03-05 00:26:00,2022,3,5,0,26,72,72181,GALERE (RUE DE LA) N° PAIRS,48.00642,0.19277,Nuit avec éclairage allumé,En agglomération,Autre intersection,Normale,Autre collision,4,2,2,0,1,1,1,0,8,50,1,2,1,0,1,0,,,autre,,5,2,9,1,6
202200021074,2022-12-17 23:20:00,2022,12,17,23,20,78,78466,A13,48.92376,2.00023,Nuit sans éclairage public,Hors agglomération,Hors intersection,Normale,Deux véhicules - arrière,1,1,4,0,1,2,1,3,1,110,2,5,0,0,0,5,55.0,33.0,voiture,voiture,3,1,1,1,2
202200021075,2022-12-21 18:15:00,2022,12,21,18,15,93,93008,AUTOROUTE A86,48.91284,2.43607,Nuit sans éclairage public,Hors agglomération,Hors intersection,Pluie légère,Deux véhicules - côté,1,3,4,0,1,1,2,0,1,90,2,2,1,0,0,1,30.0,26.0,voiture,deux_roues,3,1,1,2,3
202200021076,2022-03-10 06:45:00,2022,3,10,6,45,69,69282,Avenue de Verdun,45.78356,5.0129,Crépuscule ou aube,En agglomération,Hors intersection,Pluie légère,Deux véhicules - côté,7,2,2,2,1,1,2,0,1,50,2,2,0,0,0,2,80.0,60.0,voiture,voiture,2,2,1,2,3
202200021077,2022-12-21 13:10:00,2022,12,21,13,10,95,95527, A1,48.9869273615,2.5071343804,Plein jour,Hors agglomération,Hors intersection,Normale,Trois véhicules et plus - collisions multiples,1,3,10,0,1,1,1,0,1,110,3,4,2,0,0,2,72.0,52.0,voiture,utilitaire_camion,1,1,1,1,5
202200021078,2022-03-10 07:50:00,2022,3,10,7,50,69,69264,Rue Jules Guesde,45.9939,4.73462,Plein jour,En agglomération,Giratoire,Normale,Deux véhicules - côté,4,2,2,0,1,3,1,0,1,50,2,2,1,0,0,1,56.0,48.0,deux_roues,voiture,1,2,6,1,3
202200021079,2022-12-19 17:30:00,2022,12,19,17,30,93,93066,AUTOROUTE A1,48.9161940878,2.3577797413,Nuit avec éclairage allumé,Hors agglomération,Hors intersection,Normale,Deux véhicules - arrière,1,3,8,0,1,1,1,1,1,90,2,3,2,0,0,1,,83.0,voiture,voiture,5,1,1,1,2
202200021080,2022-12-19 11:50:00,2022,12,19,11,50,93,93066,AUTOROUTE A1,48.9192,2.35751,Plein jour,Hors agglomération,Hors intersection,Normale,Sans collision,1,3,8,0,1,1,2,0,1,90,1,1,0,0,0,1,43.0,,voiture,,1,1,1,1,7
202200021081,2022-02-25 17:10:00,2022,2,25,17,10,68,68297,FREUND ( RUE ALEXANDRE ),47.58902,7.55401,Plein jour,En agglomération,Hors intersection,Normale,Deux véhicules - frontale,4,-1,1,0,1,3,1,9,1,50,2,6,3,0,0,3,21.0,41.0,voiture,voiture,1,2,1,1,1
202200021082,2022-12-19 09:15:00,2022,12,19,9,15,93,93048,AUTOROUTE A3,48.8696602928,2.4297243504,Plein jour,Hors agglomération,Hors intersection,Pluie légère,Deux véhicules - arrière,1,3,10,0,1,1,2,1,1,70,2,2,1,0,0,1,26.0,46.0,deux_roues,voiture,1,1,1,2,2
202200021083,2022-12-19 02:10:00,2022,12,19,2,10,93,93005,AUTOROUTE A1,48.96077,2.46824,Nuit sans éclairage public,Hors agglomération,Hors intersection,Pluie légère,Autre collision,1,3,4,0,1,1,2,0,1,110,1,1,0,0,0,1,30.0,,voiture,,3,1,1,2,6
202200021084,2022-12-18 22:20:00,2022,12,18,22,20,93,93005,AUTOROUTE A104,48.9728,2.49243,Nuit sans éclairage public,Hors agglomération,Hors intersection,Pluie légère,Deux véhicules - côté,1,3,4,0,1,1,2,0,1,110,2,3,2,0,0,1,56.0,55.0,voiture,utilitaire_camion,3,1,1,2,3
202200021085,2022-03-10 07:22:00,2022,3,10,7,22,67,67218,FORT UHRICH (ROUTE DU),48.51471,7.70601,Plein jour,Hors agglomération,Intersection en T,Normale,Deux véhicules - côté,7,2,5,0,1,1,1,0,1,50,2,3,2,0,0,1,78.0,27.0,voiture,utilitaire_camion,1,1,3,1,3
202200021086,2022-12-18 05:45:00,2022,12,18,5,45,93,93007,AUTOROUTE A3,48.9200811595,2.4791443348,Nuit sans éclairage public,Hors agglomération,Hors intersection,Normale,Trois véhicules et plus - collisions multiples,1,3,6,0,1,1,1,0,1,110,3,3,1,1,1,0,65.0,48.0,voiture,voiture,3,1,1,1,5
202200021087,2022-03-09 17:16:00,2022,3,9,17,16,67,67043,GEORGES BURGER (RUE),48.61522,7.72746,Plein jour,En agglomération,Intersection en T,Normale,Deux véhicules - côté,7,2,2,1,1,2,1,0,1,50,2,2,1,0,0,1,23.0,,deux_roues,voiture,1,2,3,1,3
202200021088,2022-12-18 04:30:00,2022,12,18,4,30,93,93066,AUTOROUTE A1,48.91344,2.35789,Nuit avec éclairage allumé,Hors agglomération,Hors intersection,Normale,Deux véhicules - arrière,1,3,4,0,1,1,1,1,8,90,2,2,1,0,0,1,20.0,34.0,voiture,voiture,5,1,1,1,2
202200021089,2022-03-09 08:44:00,2022,3,9,8,44,67,67180,NESSEL (BLD),48.81365,7.78409,Plein jour,En agglomération,Hors intersection,Normale,Deux véhicules - côté,3,2,4,0,1,1,1,0,1,50,2,2,1,0,1,0,66.0,43.0,voiture,deux_roues,1,2,1,1,3
202200021090,2022-12-18 03:20:00,2022,12,18,3,20,93,93010,AUTOROUTE A3,48.9049641803,2.4719104171,Nuit sans éclairage public,Hors agglomération,Hors intersection,Normale,Autre collision,1,-1,2,0,2,3,1,0,1,70,1,1,0,0,0,1,20.0,,voiture,,3,1,1,1,6
202200021091,2022-12-17 21:35:00,2022,12,17,21,35,93,93064,AUTOROUTE A86,48.8808658662,2.4751941032,Nuit sans éclairage public,Hors agglomération,Hors intersection,Normale,Trois véhicules et plus - en chaîne,1,3,3,0,1,1,1,0,1,110,3,3,2,0,0,1,27.0,37.0,voiture,voiture,3,1,1,1,4
202200021092,2022-12-17 18:00:00,2022,12,17,18,0,93,93006,AUTOROUTE A3,48.8657818159,2.4124591769,Nuit sans éclairage public,Hors agglomération,Hors intersection,Normale,Deux véhicules - côté,1,1,1,0,2,2,1,0,1,70,2,2,1,0,1,0,29.0,35.0,voiture,voiture,3,1,1,1,3
202200021093,2022-03-10 18:15:00,2022,3,10,18,15,64,64445,boulevard Olof Palme,43.33596,-0.36363,Plein jour,Hors agglomération,Intersection en T,Normale,Trois véhicules et plus - collisions multiples,3,2,4,0,1,1,1,2,1,70,5,7,5,0,0,2,26.0,38.0,voiture,voiture,1,1,3,1,5
202200021094,2022-12-21 19:20:00,2022,12,21,19,20,94,94046,A86 INT,48.807129338,2.4487169744,Nuit sans éclairage public,Hors agglomération,Hors intersection,Pluie légère,Trois véhicules et plus - en chaîne,1,3,6,0,2,3,2,0,1,70,3,3,2,0,0,1,64.0,40.0,utilitaire_camion,utilitaire_camion,3,1,1,2,4
202200021095,2022-03-10 19:43:00,2022,3,10,19,43,64,64445,JEAN MERMOZ,43.30812,-0.37656,Nuit avec éclairage allumé,En agglomération,Intersection en X,Normale,Deux véhicules - frontale,4,2,5,1,1,1,1,0,1,50,2,2,1,0,0,1,46.0,22.0,utilitaire_camion,deux_roues,5,2,2,1,1