accident_id,datetime,annee,mois,jour,heure,minute,departement,commune_insee,adresse,latitude,longitude,luminosite,agglomeration,intersection,meteo,collision,catr,circ,nbv,vosp,prof,plan,surf,infra,situ,vma,nb_vehicules,nb_usagers,nb_indemnes,nb_tues,nb_blesses_hosp,nb_blesses_legers,age_cond_1,age_cond_2,veh_type_cond_1,veh_type_cond_2,lum_code,agg_code,int_code,atm_code,col_code
202200021187,2022-12-17 22:20:00,2022,12,17,22,20,16,16280,route de limoges,45.75414,0.390422,Nuit sans éclairage public,Hors agglomération,Hors intersection,Normale,Autre collision,3,2,2,1,1,1,1,0,3,80,1,1,0,0,1,0,34.0,,deux_roues,,3,1,1,1,6
202200021188,2022-12-18 13:00:00,2022,12,18,13,0,40,40234,Route de Corbleu,43.987828,-0.359545,Plein jour,Hors agglomération,Autre intersection,Normale,Sans collision,4,2,2,0,1,2,1,0,8,80,1,1,0,1,0,0,40.0,,deux_roues,,1,1,9,1,7
202200021189,2022-12-17 18:55:00,2022,12,17,18,55,85,85022,RD 949 ,46.454119,-1.4195039,Nuit sans éclairage public,Hors agglomération,Hors intersection,Normale,Trois véhicules et plus - collisions multiples,3,2,2,0,2,1,1,0,1,80,3,6,2,0,0,4,57.0,70.0,utilitaire_camion,voiture,3,1,1,1,5
202200021190,2022-03-10 08:30:00,2022,3,10,8,30,75,75118,RUE ORDENER,48.892156,2.346354,Plein jour,En agglomération,Intersection en T,Normale,Autre collision,4,2,2,0,1,1,1,0,1,30,1,2,0,0,0,2,61.0,,deux_roues,,1,2,3,1,6
202200021191,2022-03-10 16:30:00,2022,3,10,16,30,75,75115,RUE AUGUSTE CHABRIERES,48.835943,2.288547,Plein jour,En agglomération,Intersection en T,Normale,Autre collision,4,1,1,0,1,1,1,0,1,30,1,2,1,0,0,1,48.0,,voiture,,1,2,3,1,6
202200021192,2022-12-11 19:40:00,2022,12,11,19,40,27,27103,D675,49.355524,0.818734,Nuit avec éclairage allumé,En agglomération,Intersection en X,Normale,Deux véhicules - côté,3,2,2,0,1,1,1,5,1,50,2,6,5,0,0,1,55.0,28.0,voiture,voiture,5,2,2,1,3
202200021193,2022-03-10 11:40:00,2022,3,10,11,40,75,75115,QUAI D ISSY LES MOULINEAUX,48.835376,2.266929,Plein jour,En agglomération,Intersection en T,Normale,Deux véhicules - côté,4,1,2,0,1,1,1,0,1,30,2,2,1,0,0,1,24.0,52.0,deux_roues,utilitaire_camion,1,2,3,1,3
202200021194,2022-03-10 15:40:00,2022,3,10,15,40,75,75114,RUE DES PLANTES,48.82803,2.321466,Plein jour,En agglomération,Intersection en T,Normale,Deux véhicules - arrière,4,1,2,0,1,1,1,0,1,30,2,2,1,0,0,1,52.0,42.0,voiture,voiture,1,2,3,1,2
202200021195,2022-03-10 19:10:00,2022,3,10,19,10,75,75113,AVENUE DE LA PORTE D ITALIE,48.817098,2.360105,Nuit avec éclairage allumé,En agglomération,Hors intersection,Normale,Deux véhicules - côté,4,2,0,0,1,1,1,0,1,30,2,2,1,0,0,1,40.0,51.0,deux_roues,voiture,5,2,1,1,3
202200021196,2022-03-10 09:20:00,2022,3,10,9,20,75,75111,RUE DU CHEMIN VERT,48.862348,2.385393,Plein jour,En agglomération,Intersection en T,Normale,Autre collision,4,1,1,0,1,1,1,0,1,30,1,2,1,0,0,1,,,deux_roues,,1,2,3,1,6
202200021197,2022-03-09 22:50:00,2022,3,9,22,50,75,75108,PLACE DE L ALMA,48.864715,2.30136,Nuit avec éclairage allumé,En agglomération,Place,Normale,Deux véhicules - côté,4,1,4,0,1,2,1,0,1,30,2,2,1,0,0,1,23.0,31.0,voiture,deux_roues,5,2,7,1,3
202200021198,2022-03-10 14:45:00,2022,3,10,14,45,75,75103,RUE DE BRETAGNE,48.862485,2.36334,Plein jour,En agglomération,Intersection en X,Normale,Deux véhicules - côté,4,1,1,0,1,1,1,0,1,30,2,2,0,0,0,1,52.0,,deux_roues,voiture,1,2,2,1,3
202200021199,2022-03-10 20:00:00,2022,3,10,20,0,94,94081,Rue de Choisy,48.78378,2.40116,Nuit avec éclairage allumé,En agglomération,Hors intersection,Normale,Deux véhicules - côté,4,2,0,0,1,1,1,0,1,50,2,2,1,0,0,1,49.0,32.0,deux_roues,deux_roues,5,2,1,1,3
202200021200,2022-03-10 08:30:00,2022,3,10,8,30,94,94081,HENRI BARBUSSE (AV),48.79286,2.39315,Plein jour,En agglomération,Intersection en X,Normale,Autre collision,3,2,2,0,1,1,1,0,1,50,1,2,1,0,0,1,21.0,,voiture,,1,2,2,1,6
202200021201,2022-09-05 08:15:00,2022,9,5,8,15,93,93051,Rue de la République / Avenue Aristide Briand,48.84633,2.5535,Plein jour,En agglomération,Intersection en T,Normale,Autre collision,4,2,2,0,1,1,1,0,1,50,1,2,1,0,0,1,46.0,,voiture,,1,2,3,1,6
202200021202,2022-03-10 16:15:00,2022,3,10,16,15,94,94068,Avenue des Piliers,48.7940367879,2.5073901415,Plein jour,En agglomération,Intersection en X,Normale,Deux véhicules - côté,4,2,2,0,1,1,1,0,1,30,2,3,2,0,0,1,44.0,43.0,voiture,voiture,1,2,2,1,3
202200021203,2022-09-04 13:10:00,2022,9,4,13,10,93,93013,Avenue Jean Jaurès,48.9325792948,2.4256711844,Plein jour,En agglomération,Hors intersection,Normale,Deux véhicules - côté,3,2,2,2,1,1,1,0,1,50,2,2,1,0,0,1,44.0,20.0,deux_roues,utilitaire_camion,1,2,1,1,3
202200021204,2022-03-10 18:00:00,2022,3,10,18,0,94,94052,Boulevard de Strasbourg,48.8409599352,2.4824509619,Plein jour,En agglomération,Hors intersection,Normale,Deux véhicules - côté,3,2,2,0,1,1,1,0,1,50,2,2,1,0,0,1,60.0,48.0,deux_roues,voiture,1,2,1,1,3
202200021205,2022-03-10 12:25:00,2022,3,10,12,25,94,94037,ARCUEIL (R D),48.81082,2.34196,Plein jour,En agglomération,Intersection en T,Normale,Autre collision,3,1,1,0,1,2,1,0,1,30,1,2,1,0,0,1,,,voiture,,1,2,3,1,6
202200021206,2022-09-05 11:55:00,2022,9,5,11,55,93,93014,Boulevard Gagarine / Allée Maurice Audin,48.90812,2.5336,Plein jour,En agglomération,Intersection en X,Normale,Deux véhicules - côté,3,3,4,0,2,2,1,0,1,50,2,2,1,0,0,1,55.0,34.0,utilitaire_camion,voiture,1,2,2,1,3
202200021207,2022-03-08 14:48:00,2022,3,8,14,48,94,94043,Rue de Verdun,48.8081,2.35713,Plein jour,En agglomération,Autre intersection,Normale,Deux véhicules - arrière,3,2,2,0,2,1,1,0,1,30,2,2,1,0,0,1,28.0,39.0,transport_commun,transport_commun,1,2,9,1,2
202200021208,2022-09-04 15:45:00,2022,9,4,15,45,92,92072,CRISTALLERIE (AVENUE DE LA),48.8262182796,2.22060889,Plein jour,En agglomération,Hors intersection,Normale,Deux véhicules - côté,4,1,1,2,2,1,1,0,5,30,2,2,1,0,0,1,19.0,66.0,deux_roues,voiture,1,2,1,1,3
202200021209,2022-03-10 13:00:00,2022,3,10,13,0,94,94041,1 Place de la République,48.81147,2.38383,Plein jour,En agglomération,Hors intersection,Normale,Autre collision,3,2,4,3,2,1,1,0,6,30,1,2,1,0,0,1,36.0,,voiture,,1,2,1,1,6
202200021210,2022-09-05 17:57:00,2022,9,5,17,57,92,92020,PERI RUE GABRIEL,48.8012688169,2.2869248986,Plein jour,En agglomération,Autre intersection,Normale,Autre collision,4,1,1,0,2,1,1,1,8,30,1,1,0,0,0,1,65.0,,voiture,,1,2,9,1,6
202200021211,2022-03-08 21:40:00,2022,3,8,21,40,94,94041,Quai Auguste Deshaies,48.81799,2.40173,Nuit avec éclairage allumé,En agglomération,Intersection en T,Normale,Deux véhicules - côté,3,2,3,0,1,1,1,0,1,50,2,2,1,0,0,1,57.0,30.0,voiture,deux_roues,5,2,3,1,3
202200021212,2022-09-05 16:00:00,2022,9,5,16,0,92,92044,GABRIEL PERI(RUE) 51+ ET 48+,48.8931810236,2.2867339253,Plein jour,En agglomération,Intersection en X,Normale,Sans collision,4,1,1,1,1,1,1,0,3,50,1,2,1,0,0,1,80.0,,voiture,,1,2,2,1,7
202200021213,2022-03-10 08:36:00,2022,3,10,8,36,94,94065,RN 186,48.75374,2.35975,Plein jour,Hors agglomération,Autre intersection,Normale,Deux véhicules - côté,2,1,3,0,1,1,1,0,3,70,2,2,0,0,0,2,35.0,32.0,voiture,deux_roues,1,1,9,1,3
202200021214,2022-09-05 08:30:00,2022,9,5,8,30,92,92040,GENERAL LECLERC (DU) DU 32 A 62,48.8256337901,2.2770146727,Plein jour,En agglomération,Hors intersection,Normale,Deux véhicules - côté,3,1,2,0,1,1,1,0,1,50,2,2,1,0,0,1,25.0,54.0,deux_roues,transport_commun,1,2,1,1,3
202200021215,2022-09-03 08:00:00,2022,9,3,8,0,92,92036,CAMELINAT (BOULEVARD) (1/47),48.928403,2.299093,Plein jour,En agglomération,Hors intersection,Normale,Sans collision,3,2,2,0,1,1,1,0,1,50,1,1,0,0,0,1,32.0,,voiture,,1,2,1,1,7
202200021216,2022-03-10 13:20:00,2022,3,10,13,20,94,94033,Avenue du Maréchal Joffre / Place de l'amitié entre les peuples,48.85242,2.48195,Plein jour,En agglomération,Giratoire,Normale,Deux véhicules - arrière,3,3,4,2,2,1,1,0,1,50,2,2,1,0,0,1,72.0,34.0,voiture,deux_roues,1,2,6,1,2
202200021217,2022-09-05 14:15:00,2022,9,5,14,15,92,92012,EDOUARD VAILLANT (AVENUE) 57/FIN - 58/FI,48.834372,2.246497,Plein jour,En agglomération,Hors intersection,Normale,Sans collision,3,3,0,0,1,1,1,0,1,50,1,1,0,0,0,1,38.0,,deux_roues,,1,2,1,1,7
202200021218,2022-03-10 22:10:00,2022,3,10,22,10,94,94022,Avenue d’Alfortville / Rue Frédéric Joliot Curie,48.77404,2.41538,Nuit avec éclairage allumé,En agglomération,Intersection en X,Normale,Deux véhicules - côté,3,2,2,0,1,1,1,0,1,50,2,2,1,0,0,1,52.0,48.0,voiture,voiture,5,2,2,1,3
202200021219,2022-08-31 17:30:00,2022,8,31,17,30,60,60374,35 Rue de Saint-just,49.5506933379,2.5017553568,Plein jour,En agglomération,Hors intersection,Normale,Autre collision,3,2,2,0,1,3,1,0,3,50,1,1,0,0,1,0,36.0,,voiture,,1,2,1,1,6
202200021220,2022-03-10 17:54:00,2022,3,10,17,54,93,93070,Rue Charles Schmidt / Rue Mathieu,48.90313,2.33397,Plein jour,En agglomération,Intersection en T,Normale,Autre collision,4,2,2,0,2,1,1,0,8,30,1,2,1,0,0,1,60.0,,voiture,,1,2,3,1,6
202200021221,2022-09-05 22:40:00,2022,9,5,22,40,65,65407,Route du Village,43.015885,0.589469,Nuit avec éclairage allumé,En agglomération,Hors intersection,Normale,Autre collision,3,2,2,0,1,2,1,0,1,50,1,1,0,0,1,0,64.0,,voiture,,5,2,1,1,6
202200021222,2022-09-03 10:30:00,2022,9,3,10,30,26,26096,Route de Saint Donat,45.088884,4.949598,Plein jour,Hors agglomération,Hors intersection,Normale,Autre collision,3,2,2,0,1,2,1,0,8,80,1,2,0,0,1,1,19.0,,voiture,,1,1,1,1,6
202200021223,2022-03-10 20:05:00,2022,3,10,20,5,93,93077,Avenue Meissonier / Rue Montgolfier,48.888,2.498,Nuit avec éclairage allumé,En agglomération,Intersection en X,Normale,Deux véhicules - côté,4,1,1,1,1,1,1,0,1,30,2,2,1,0,1,0,36.0,24.0,voiture,deux_roues,5,2,2,1,3
202200021224,2022-09-06 06:15:00,2022,9,6,6,15,02,02330,A26,49.861151,3.235715,Crépuscule ou aube,Hors agglomération,Hors intersection,Normale,Deux véhicules - arrière,1,3,4,0,1,1,1,0,1,130,2,3,1,0,1,1,56.0,19.0,utilitaire_camion,utilitaire_camion,2,1,1,1,2
202200021225,2022-03-10 08:15:00,2022,3,10,8,15,93,93051,Rue de Stalingrad / Rue des Giroflées,48.84689,2.56928,Plein jour,En agglomération,Intersection en T,Normale,Deux véhicules - côté,4,1,1,0,1,1,1,0,1,50,2,2,1,0,0,1,24.0,23.0,voiture,deux_roues,1,2,3,1,3
202200021226,2022-08-07 10:15:00,2022,8,7,10,15,45,45219,29 Rue de la Mairie ,48.01723,2.590177,Plein jour,Hors agglomération,Hors intersection,Normale,Deux véhicules - arrière,3,-1,2,0,1,1,1,0,1,70,2,2,1,0,1,0,82.0,69.0,voiture,deux_roues,1,1,1,1,2
202200021227,2022-03-10 00:51:00,2022,3,10,0,51,93,93029,Avenue Henri Barbusse,48.92083,2.45344,Nuit avec éclairage allumé,En agglomération,Hors intersection,Normale,Deux véhicules - côté,3,2,2,0,1,1,1,0,1,50,2,2,1,0,0,1,40.0,22.0,deux_roues,voiture,5,2,1,1,3
202200021228,2022-09-06 08:50:00,2022,9,6,8,50,71,71420,5 Route de Gigny,46.680614,4.954657,Plein jour,Hors agglomération,Hors intersection,Pluie forte,Sans collision,3,2,2,0,1,2,2,0,3,80,1,1,0,0,1,0,16.0,,deux_roues,,1,1,1,3,7
202200021229,2022-03-10 07:14:00,2022,3,10,7,14,92,92063,ZAMENHOF (RUE DU DOCTEUR),48.87842,2.18246,Crépuscule ou aube,En agglomération,Hors intersection,Normale,Autre collision,4,1,1,0,1,1,1,0,1,20,1,2,1,1,0,0,42.0,,utilitaire_camion,,2,2,1,1,6
202200021230,2022-03-10 11:40:00,2022,3,10,11,40,92,92050,JOFFRE MARECHAL AVENUE DU,48.8844112815,2.1930465102,Plein jour,En agglomération,Hors intersection,Normale,Deux véhicules - côté,3,1,2,0,1,1,1,0,1,50,2,2,1,0,0,1,58.0,60.0,utilitaire_camion,deux_roues,1,2,1,1,3
202200021231,2022-09-04 21:00:00,2022,9,4,21,0,19,19005,18 Route De La Barriere,45.222632,1.427622,Nuit sans éclairage public,Hors agglomération,Hors intersection,Normale,Deux véhicules - frontale,3,2,2,0,1,1,1,0,1,70,2,4,1,0,2,1,19.0,22.0,voiture,voiture,3,1,1,1,1
202200021232,2022-03-10 18:00:00,2022,3,10,18,0,92,92049,PERI RUE GABRIEL AUTRES N°,48.81851386,2.3195933998,Plein jour,En agglomération,Intersection à plus de 4 branches,Normale,Deux véhicules - côté,3,2,4,1,1,1,1,5,1,50,2,2,1,0,0,1,38.0,37.0,voiture,deux_roues,1,2,5,1,3
202200021233,2022-09-05 15:35:00,2022,9,5,15,35,56,56153,moulin de coueguel,47.603298,-2.360301,Plein jour,Hors agglomération,Hors intersection,Normale,Deux véhicules - frontale,3,2,2,0,2,3,1,0,1,80,2,2,0,0,1,1,28.0,59.0,deux_roues,deux_roues,1,1,1,1,1
202200021234,2022-03-10 10:00:00,2022,3,10,10,0,92,92036,LOUIS ROCHE (AVENUE) (47/151),48.9290924972,2.3103904724,Plein jour,En agglomération,Hors intersection,Normale,Deux véhicules - arrière,3,2,3,0,1,1,1,0,1,50,2,2,1,0,0,1,30.0,25.0,voiture,deux_roues,1,2,1,1,2
202200021235,2022-09-04 19:00:00,2022,9,4,19,0,56,56022,tolgoet,47.773265,-2.920286,Plein jour,Hors agglomération,Hors intersection,Normale,Autre collision,3,2,2,0,1,1,1,0,1,80,1,4,1,2,0,1,25.0,,voiture,,1,1,1,1,6
202200021236,2022-03-10 09:30:00,2022,3,10,9,30,92,92026,DUBONNET,48.901309,2.259978,Plein jour,En agglomération,Intersection en T,Normale,Deux véhicules - côté,3,3,2,2,1,1,1,0,1,50,2,2,1,0,0,1,24.0,68.0,voiture,deux_roues,1,2,3,1,3
202200021237,2022-09-05 21:50:00,2022,9,5,21,50,74,74311,D907,46.156165,6.37034,Nuit sans éclairage public,Hors agglomération,Hors intersection,Normale,Deux véhicules - frontale,3,2,2,0,1,3,1,0,1,80,2,2,0,0,1,1,72.0,21.0,voiture,voiture,3,1,1,1,1
202200021238,2022-03-09 10:30:00,2022,3,9,10,30,92,92023,GENERAL DE GAULLE (AVENUE DU),48.794062291,2.2726512551,Plein jour,En agglomération,Place,Normale,Deux véhicules - côté,3,-1,4,0,1,1,1,5,1,50,2,2,1,0,0,1,47.0,35.0,deux_roues,voiture,1,2,7,1,3
202200021239,2022-07-03 17:44:00,2022,7,3,17,44,82,82089,Boulevard Vergnes,44.12384,0.830069,Plein jour,En agglomération,Intersection en T,Normale,Deux véhicules - côté,3,2,2,0,1,1,1,0,1,80,2,2,1,0,1,0,92.0,67.0,voiture,deux_roues,1,2,3,1,3
202200021240,2022-03-11 15:55:00,2022,3,11,15,55,39,39097,1 Avenue Jean Jaurès,46.740276,5.915302,Plein jour,En agglomération,Hors intersection,Normale,Autre collision,3,2,2,1,1,1,1,0,1,50,1,2,1,0,1,0,74.0,,voiture,,1,2,1,1,6
202200021241,2022-09-06 11:50:00,2022,9,6,11,50,65,65258,Rue de la Ramondia,43.103223,0.385358,Plein jour,En agglomération,Autre intersection,Temps éblouissant,Autre collision,4,2,2,0,1,1,1,9,8,50,1,2,1,0,1,0,52.0,,voiture,,1,2,9,7,6
202200021242,2022-03-06 00:37:00,2022,3,6,0,37,17,17045,D118,45.873457,-0.827751,Nuit sans éclairage public,Hors agglomération,Hors intersection,Normale,Sans collision,3,2,2,0,1,3,1,0,3,80,1,2,1,0,1,0,19.0,,deux_roues,,3,1,1,1,7
202200021243,2022-09-06 07:12:00,2022,9,6,7,12,71,71016,Route d Ige,46.421285,4.756093,Plein jour,Hors agglomération,Intersection en Y,Pluie légère,Deux véhicules - côté,3,2,2,0,1,1,2,0,1,90,2,2,1,0,0,1,50.0,51.0,voiture,deux_roues,1,1,4,2,3
202200021244,2022-03-07 17:20:00,2022,3,7,17,20,49,49127,D859,47.678522,-0.242836,Plein jour,Hors agglomération,Hors intersection,Normale,Trois véhicules et plus - en chaîne,3,2,2,0,4,1,1,0,1,80,3,3,2,0,1,0,38.0,34.0,utilitaire_camion,utilitaire_camion,1,1,1,1,4
202200021245,2022-03-10 09:00:00,2022,3,10,9,0,31,31475,d 53,43.480733,1.216242,Plein jour,Hors agglomération,Hors intersection,Normale,Sans collision,3,2,2,0,1,1,1,0,3,80,1,1,0,0,0,1,61.0,,voiture,,1,1,1,1,7
202200021246,2022-09-05 22:15:00,2022,9,5,22,15,55,55521,RD 964,49.010451,5.457496,Nuit sans éclairage public,Hors agglomération,Hors intersection,Normale,Deux véhicules - frontale,3,2,2,0,1,1,1,0,1,90,2,4,1,0,3,0,28.0,51.0,voiture,voiture,3,1,1,1,1
202200021247,2022-09-01 03:20:00,2022,9,1,3,20,55,55291,Ligny-en-Barrois,48.684983,5.311761,Nuit sans éclairage public,Hors agglomération,Hors intersection,Normale,Autre collision,2,3,4,0,2,3,1,0,2,110,1,1,0,0,1,0,46.0,,utilitaire_camion,,3,1,1,1,6
202200021248,2022-02-20 13:30:00,2022,2,20,13,30,31,31044,Route de Mons,43.610279,1.519665,Plein jour,En agglomération,Hors intersection,Pluie légère,Deux véhicules - côté,7,2,2,0,2,1,2,5,1,50,2,2,1,0,1,0,70.0,42.0,voiture,deux_roues,1,2,1,2,3
202200021249,2022-09-04 15:00:00,2022,9,4,15,0,42,42217,Ravarioux,45.7847986447,3.8908338547,Plein jour,Hors agglomération,Hors intersection,Normale,Sans collision,3,2,2,0,2,2,9,0,1,80,1,2,1,0,1,0,45.0,,deux_roues,,1,1,1,1,7
202200021250,2022-03-10 15:58:00,2022,3,10,15,58,67,67362,D159,48.246904,7.347343,Plein jour,Hors agglomération,Hors intersection,Normale,Sans collision,3,2,2,0,2,2,1,0,3,80,1,1,0,0,0,1,26.0,,deux_roues,,1,1,1,1,7
202200021251,2022-03-11 12:30:00,2022,3,11,12,30,11,11324,D124,43.251212,2.816577,Plein jour,Hors agglomération,Hors intersection,Temps couvert,Autre collision,3,2,2,0,1,2,1,0,3,80,1,1,0,1,0,0,47.0,,deux_roues,,1,1,1,8,6
202200021252,2022-09-06 11:00:00,2022,9,6,11,0,39,39367,,46.555821,6.013416,Plein jour,Hors agglomération,Intersection en X,Pluie forte,Deux véhicules - côté,2,2,2,0,2,3,2,5,1,80,2,2,1,0,1,0,63.0,60.0,deux_roues,voiture,1,1,2,3,3
202200021253,2022-03-10 18:20:00,2022,3,10,18,20,11,11172,RD 610,43.265433,2.717727,Crépuscule ou aube,Hors agglomération,Hors intersection,Normale,Deux véhicules - côté,3,2,2,0,1,1,1,0,1,80,2,2,1,0,1,0,78.0,59.0,voiture,deux_roues,2,1,1,1,3
202200021254,2022-08-20 18:17:00,2022,8,20,18,17,29,29165,Penbanal Névez,47.814473,-4.240009,Plein jour,Hors agglomération,Hors intersection,Normale,Sans collision,4,2,2,0,1,1,1,0,1,80,1,1,0,0,1,0,70.0,,deux_roues,,1,1,1,1,7
202200021255,2022-03-09 13:15:00,2022,3,9,13,15,64,64184,D32,43.408226,-0.528308,Plein jour,Hors agglomération,Hors intersection,Normale,Deux véhicules - frontale,3,2,2,0,1,3,1,0,1,80,2,2,1,0,1,0,57.0,15.0,transport_commun,deux_roues,1,1,1,1,1
202200021256,2022-09-05 06:30:00,2022,9,5,6,30,29,29173,Rond-Point de Kergaben,48.011825,-4.197579,Nuit avec éclairage allumé,Hors agglomération,Giratoire,Temps couvert,Autre collision,3,1,2,0,1,1,1,0,8,80,1,1,0,0,1,0,51.0,,voiture,,5,1,6,8,6
202200021257,2022-08-30 13:20:00,2022,8,30,13,20,03,03238,Maltaverne,46.463,3.0186,Plein jour,Hors agglomération,Hors intersection,Pluie forte,Sans collision,3,2,2,0,2,2,2,0,1,90,1,1,0,0,1,0,59.0,,voiture,,1,1,1,3,7
202200021258,2022-03-09 17:20:00,2022,3,9,17,20,59,59202,814 Rue d Armentieres,50.6809496516,2.8602501154,Plein jour,En agglomération,Giratoire,Normale,Deux véhicules - frontale,7,2,2,0,1,1,1,0,1,50,2,2,1,0,1,0,57.0,46.0,voiture,deux_roues,1,2,6,1,1
202200021259,2022-09-05 11:40:00,2022,9,5,11,40,70,70520,D101,47.59604,5.854707,Plein jour,Hors agglomération,Hors intersection,Normale,Autre collision,3,2,2,0,2,1,1,0,3,80,1,1,0,0,1,0,33.0,,deux_roues,,1,1,1,1,6
202200021260,2022-03-10 18:45:00,2022,3,10,18,45,59,59083,Route de Saint Omer,50.9150863238,2.4072811603,Nuit sans éclairage public,Hors agglomération,Autre intersection,Normale,Deux véhicules - côté,3,2,1,0,1,1,1,0,1,80,2,2,1,0,1,0,49.0,24.0,voiture,deux_roues,3,1,9,1,3
202200021261,2022-09-05 14:40:00,2022,9,5,14,40,58,58181,Le Bourg,47.279127,3.546953,Plein jour,En agglomération,Hors intersection,Normale,Autre collision,3,2,2,0,1,2,1,0,3,50,1,1,0,0,1,0,73.0,,voiture,,1,2,1,1,6
202200021262,2022-03-11 18:00:00,2022,3,11,18,0,30,30221,,44.0283,4.736845,Plein jour,Hors agglomération,Intersection en T,Normale,Deux véhicules - côté,1,2,2,0,1,1,1,0,1,80,2,2,1,0,1,0,49.0,61.0,voiture,transport_commun,1,1,3,1,3
202200021263,2022-09-06 09:55:00,2022,9,6,9,55,06,06059,Route de la Simboula (Chemin),43.735774,7.374887,Plein jour,Hors agglomération,Hors intersection,Normale,Deux véhicules - frontale,4,2,2,0,2,1,1,0,1,30,2,2,1,0,1,0,64.0,53.0,deux_roues,deux_roues,1,1,1,1,1
202200021264,2022-03-06 21:30:00,2022,3,6,21,30,22,22032,La Boulliais,48.304785,-2.142044,Nuit sans éclairage public,Hors agglomération,Hors intersection,Normale,Sans collision,3,2,2,0,1,2,1,0,8,80,1,1,0,0,1,0,44.0,,voiture,,3,1,1,1,7
202200021265,2022-09-05 17:55:00,2022,9,5,17,55,06,06038,270 Chemin du Camp de Tende,43.662818,6.976087,Plein jour,Hors agglomération,Hors intersection,Normale,Deux véhicules - frontale,3,2,2,0,1,1,1,0,1,50,2,2,1,0,1,0,29.0,39.0,voiture,deux_roues,1,1,1,1,1
202200021266,2022-09-06 08:40:00,2022,9,6,8,40,14,14474,D613 ,49.140337,-0.008969,Plein jour,En agglomération,Giratoire,Normale,Sans collision,3,2,2,0,1,1,8,0,1,50,1,1,0,0,0,1,30.0,,deux_roues,,1,2,6,1,7
202200021267,2022-09-06 08:00:00,2022,9,6,8,0,60,60667,D932A,49.309299,2.730673,Plein jour,Hors agglomération,Hors intersection,Normale,Sans collision,3,2,2,0,2,4,2,0,1,80,1,1,0,0,0,1,35.0,,deux_roues,,1,1,1,1,7
202200021268,2022-03-11 18:30:00,2022,3,11,18,30,62,62164,16 Rue des Minières,50.181032,3.116436,Nuit avec éclairage allumé,En agglomération,Hors intersection,Pluie légère,Autre collision,4,2,2,0,1,1,2,0,4,50,1,1,0,1,0,0,79.0,,voiture,,5,2,1,2,6
202200021269,2022-03-08 16:00:00,2022,3,8,16,0,31,31203,Avenue du Gers - D 68,43.519716,1.313897,Plein jour,Hors agglomération,Hors intersection,Normale,Autre collision,4,2,2,0,1,1,1,0,1,70,2,2,1,0,1,0,23.0,67.0,deux_roues,voiture,1,1,1,1,6
202200021270,2022-09-05 17:30:00,2022,9,5,17,30,24,24082,D704,44.857367,1.257495,Plein jour,Hors agglomération,Hors intersection,Normale,Deux véhicules - frontale,3,2,2,0,1,4,1,0,1,80,2,2,0,0,1,1,26.0,44.0,voiture,voiture,1,1,1,1,1
202200021271,2022-03-11 16:35:00,2022,3,11,16,35,95,95652,1ter Rue de l Etang,49.1251366741,2.3685675859,Plein jour,En agglomération,Hors intersection,Pluie légère,Autre collision,4,1,2,3,1,1,2,0,1,30,1,2,1,0,0,1,14.0,,deux_roues,,1,2,1,2,6
202200021272,2022-09-03 16:00:00,2022,9,3,16,0,85,85084,D7,46.783831,-1.2440293,Plein jour,Hors agglomération,Hors intersection,Normale,Sans collision,3,2,2,0,1,3,1,0,3,80,1,1,0,0,1,0,30.0,,deux_roues,,1,1,1,1,7
202200021273,2022-09-05 11:20:00,2022,9,5,11,20,87,87158,Avenue Jean Moulin,45.770041,0.955226,Plein jour,En agglomération,Hors intersection,Normale,Deux véhicules - côté,3,2,2,0,2,2,1,0,3,50,1,1,0,0,1,0,63.0,,deux_roues,,1,2,1,1,3
202200021274,2022-03-10 19:25:00,2022,3,10,19,25,51,51627,D9,48.9276781724,4.0295147896,Nuit sans éclairage public,Hors agglomération,Hors intersection,Normale,Deux véhicules - côté,3,2,3,0,1,2,1,0,1,80,2,3,1,0,1,1,18.0,69.0,deux_roues,voiture,3,1,1,1,3
202200021275,2022-09-06 03:40:00,2022,9,6,3,40,78,78233,Route départementale 30,48.870191,1.965726,Nuit sans éclairage public,Hors agglomération,Hors intersection,Normale,Deux véhicules - frontale,3,2,2,0,1,1,2,0,1,80,2,2,0,0,2,0,36.0,27.0,voiture,voiture,3,1,1,1,1
202200021276,2022-03-10 19:00:00,2022,3,10,19,0,95,95527,RD 902,48.995583,2.501234,Nuit sans éclairage public,Hors agglomération,Hors intersection,Normale,Deux véhicules - côté,3,2,2,3,1,1,1,0,1,70,2,2,1,0,1,0,55.0,21.0,voiture,deux_roues,3,1,1,1,3
202200021277,2022-03-10 11:35:00,2022,3,10,11,35,56,56078,Lieu-Dit la Grande Saudraye,47.77605,-3.494237,Plein jour,Hors agglomération,Hors intersection,Temps éblouissant,Autre collision,4,2,2,0,2,1,1,0,1,80,1,1,0,0,1,0,63.0,,voiture,,1,1,1,7,6
202200021278,2022-09-05 22:35:00,2022,9,5,22,35,82,82025,A20 - PK424+800,43.9637333503,1.3295941879,Nuit sans éclairage public,Hors agglomération,Hors intersection,Normale,Deux véhicules - arrière,1,3,4,3,1,1,1,0,1,110,2,3,2,0,0,1,49.0,26.0,voiture,voiture,3,1,1,1,2
202200021279,2022-03-11 07:40:00,2022,3,11,7,40,76,76377,2199 Route de Neufchatel,49.502355,1.156686,Plein jour,En agglomération,Hors intersection,Normale,Autre collision,7,2,2,0,1,1,1,0,1,50,1,2,1,0,1,0,23.0,,voiture,,1,2,1,1,6