accident_id,datetime,annee,mois,jour,heure,minute,departement,commune_insee,adresse,latitude,longitude,luminosite,agglomeration,intersection,meteo,collision,catr,circ,nbv,vosp,prof,plan,surf,infra,situ,vma,nb_vehicules,nb_usagers,nb_indemnes,nb_tues,nb_blesses_hosp,nb_blesses_legers,age_cond_1,age_cond_2,veh_type_cond_1,veh_type_cond_2,lum_code,agg_code,int_code,atm_code,col_code
202200021280,2022-09-05 06:55:00,2022,9,5,6,55,45,45169,A10-PK 95+7,47.93557,1.848927,Crépuscule ou aube,Hors agglomération,Hors intersection,Normale,Deux véhicules - côté,1,3,6,0,1,1,2,8,1,90,2,3,2,0,0,1,56.0,44.0,deux_roues,voiture,2,1,1,1,3
202200021281,2022-09-05 13:25:00,2022,9,5,13,25,975,97502,Rue Marcel Bonin,46.779748,-56.174705,Plein jour,En agglomération,Intersection en X,Normale,Deux véhicules - côté,4,2,2,0,2,1,1,5,1,50,2,2,1,0,0,1,12.0,50.0,autre,voiture,1,2,2,1,3
202200021282,2022-03-11 16:00:00,2022,3,11,16,0,61,61008,89 route de paris,48.740151,0.5451,Plein jour,En agglomération,Intersection en T,Normale,Deux véhicules - côté,3,2,2,0,1,1,1,0,1,50,2,2,1,0,1,0,17.0,27.0,deux_roues,voiture,1,2,3,1,3
202200021283,2022-09-01 11:05:00,2022,9,1,11,5,37,37072,66 Rue Descartes,47.1628236376,0.2492040396,Plein jour,En agglomération,Hors intersection,Normale,Autre collision,3,2,2,0,1,1,1,0,1,50,1,2,1,0,0,1,73.0,,voiture,,1,2,1,1,6
202200021284,2022-03-11 14:35:00,2022,3,11,14,35,55,55578,Route de Metz,49.1972,5.649934,Plein jour,Hors agglomération,Hors intersection,Normale,Deux véhicules - arrière,3,2,2,0,1,1,1,0,1,70,2,3,1,0,0,2,21.0,21.0,deux_roues,voiture,1,1,1,1,2
202200021285,2022-09-06 16:40:00,2022,9,6,16,40,78,78590,D202,48.692855,1.964329,Plein jour,Hors agglomération,Hors intersection,Normale,Sans collision,3,2,2,0,2,4,9,0,1,80,1,1,0,0,1,0,31.0,,deux_roues,,1,1,1,1,7
202200021286,2022-03-06 16:15:00,2022,3,6,16,15,41,41164,Rue Saint-Lazare,47.277333,1.380297,Plein jour,En agglomération,Hors intersection,Normale,Sans collision,3,2,2,0,1,1,1,0,1,70,2,2,1,0,1,0,32.0,73.0,deux_roues,voiture,1,2,1,1,7
202200021287,2022-09-06 09:10:00,2022,9,6,9,10,66,66108,,42.695947,2.694252,Plein jour,En agglomération,Intersection en T,Temps éblouissant,Deux véhicules - frontale,4,2,2,0,1,1,1,0,1,50,2,2,1,0,0,1,58.0,79.0,deux_roues,voiture,1,2,3,7,1
202200021288,2022-09-03 17:00:00,2022,9,3,17,0,83,83071,Avenue Georges Clémenceau,43.13824,6.235632,Plein jour,En agglomération,Autre intersection,Normale,Deux véhicules - frontale,3,2,2,0,1,1,1,0,1,30,2,2,1,0,1,0,67.0,64.0,voiture,deux_roues,1,2,9,1,1
202200021289,2022-03-09 13:50:00,2022,3,9,13,50,39,39201,,46.647223,5.764432,Plein jour,Hors agglomération,Hors intersection,Normale,Deux véhicules - frontale,3,2,2,0,1,3,1,0,1,80,2,2,1,0,1,0,18.0,84.0,deux_roues,utilitaire_camion,1,1,1,1,1
202200021290,2022-09-05 18:55:00,2022,9,5,18,55,83,83016,,43.2260931536,5.8104021549,Plein jour,Hors agglomération,Autre intersection,Normale,Deux véhicules - frontale,3,2,2,0,1,1,1,0,1,80,2,2,1,0,1,0,54.0,56.0,voiture,deux_roues,1,1,9,1,1
202200021291,2022-03-10 15:00:00,2022,3,10,15,0,03,03146,Les Bruyeres des Collins,46.691065,3.035778,Plein jour,Hors agglomération,Hors intersection,Normale,Sans collision,3,2,2,0,1,3,1,0,1,90,1,1,0,0,1,0,43.0,,voiture,,1,1,1,1,7
202200021292,2022-08-31 21:48:00,2022,8,31,21,48,06,06099,25 Avenue Alexandre Barety,43.952561,6.883805,Nuit sans éclairage public,Hors agglomération,Hors intersection,Pluie légère,Deux véhicules - frontale,3,2,2,0,1,1,2,0,3,70,1,1,0,0,1,0,44.0,,voiture,,3,1,1,2,1
202200021293,2022-03-10 08:00:00,2022,3,10,8,0,72,72346,Rue du Pont,47.889877,0.028566,Plein jour,En agglomération,Hors intersection,Normale,Autre collision,3,2,2,0,2,1,1,0,1,30,1,2,1,0,1,0,53.0,,voiture,,1,2,1,1,6
202200021294,2022-03-11 04:00:00,2022,3,11,4,0,50,50151,D650,49.200253,-1.576173,Nuit sans éclairage public,Hors agglomération,Giratoire,Normale,Sans collision,3,2,2,0,1,3,1,0,1,80,1,1,0,0,1,0,20.0,,deux_roues,,3,1,6,1,7
202200021295,2022-09-06 16:30:00,2022,9,6,16,30,63,63226,D1,45.753698,3.23631,Plein jour,Hors agglomération,Intersection en T,Normale,Deux véhicules - arrière,3,2,2,0,1,1,1,0,1,90,2,2,1,0,0,1,60.0,18.0,deux_roues,voiture,1,1,3,1,2
202200021296,2022-03-11 00:15:00,2022,3,11,0,15,50,50183,route de bricquebec,49.393526,-1.665046,Nuit avec éclairage non allumé,En agglomération,Hors intersection,Normale,Deux véhicules - frontale,3,2,2,0,2,1,1,0,1,50,2,4,1,0,2,1,22.0,,voiture,,4,2,1,1,1
202200021297,2022-09-05 20:45:00,2022,9,5,20,45,33,33243,Avenue du Général de Gaulle,44.903505,-0.22279,Nuit sans éclairage public,En agglomération,Hors intersection,Normale,Deux véhicules - côté,4,2,2,0,1,1,1,0,1,50,2,2,1,0,1,0,28.0,60.0,voiture,deux_roues,3,2,1,1,3
202200021298,2022-03-11 16:20:00,2022,3,11,16,20,60,60584,Rue de la Libération,49.2153837121,2.415051341,Plein jour,En agglomération,Intersection en X,Pluie forte,Deux véhicules - frontale,3,2,2,0,2,1,2,0,1,50,2,2,0,0,0,2,36.0,52.0,voiture,voiture,1,2,2,3,1
202200021299,2022-09-05 19:30:00,2022,9,5,19,30,85,85178,VC la favrie,46.791422,-1.506028,Plein jour,Hors agglomération,Hors intersection,Normale,Sans collision,4,2,1,0,1,1,1,0,3,50,1,1,0,0,1,0,63.0,,deux_roues,,1,1,1,1,7
202200021300,2022-03-10 12:10:00,2022,3,10,12,10,53,53271,Route Départementale 121,48.352371,-0.259874,Plein jour,Hors agglomération,Hors intersection,Normale,Autre collision,3,2,2,0,1,1,1,0,3,80,1,1,0,0,1,0,69.0,,voiture,,1,1,1,1,6
202200021301,2022-03-11 12:00:00,2022,3,11,12,0,21,21456,D119m,47.6133103442,4.3639926909,Plein jour,Hors agglomération,Hors intersection,Normale,Autre collision,3,2,2,0,1,4,1,0,3,80,1,1,0,0,0,1,21.0,,voiture,,1,1,1,1,6
202200021302,2022-08-18 23:55:00,2022,8,18,23,55,35,35228,D266,48.588219,-2.068992,Nuit sans éclairage public,Hors agglomération,Hors intersection,Normale,Autre collision,3,2,2,0,1,1,1,0,1,80,1,5,4,0,1,0,20.0,,voiture,,3,1,1,1,6
202200021303,2022-03-07 06:53:00,2022,3,7,6,53,40,40234,rd 934,43.98789,-0.31944,Nuit sans éclairage public,Hors agglomération,Hors intersection,Normale,Deux véhicules - arrière,3,2,2,0,4,1,1,0,1,80,2,3,2,1,0,0,45.0,57.0,utilitaire_camion,utilitaire_camion,3,1,1,1,2
202200021304,2022-03-11 14:45:00,2022,3,11,14,45,28,28391,RD2020/D141,48.200704,1.934441,Plein jour,Hors agglomération,Intersection en X,Pluie légère,Deux véhicules - frontale,3,3,4,0,1,1,2,5,1,90,2,3,2,0,0,1,71.0,25.0,voiture,voiture,1,1,2,2,1
202200021305,2022-09-06 07:45:00,2022,9,6,7,45,80,80279,D186,49.702469,2.935445,Plein jour,En agglomération,Hors intersection,Normale,Deux véhicules - frontale,3,2,2,0,1,2,1,0,1,50,2,2,1,0,1,0,21.0,34.0,utilitaire_camion,voiture,1,2,1,1,1
202200021306,2022-03-11 15:35:00,2022,3,11,15,35,38,38545,avenue de la gare,45.045563,5.690703,Plein jour,Hors agglomération,Hors intersection,Temps éblouissant,Sans collision,7,2,2,0,1,1,1,0,3,80,1,1,0,0,1,0,33.0,,utilitaire_camion,,1,1,1,7,7
202200021307,2022-03-11 09:15:00,2022,3,11,9,15,978,97801,Rn7 - hope estate,18.098162,-63.043681,Plein jour,Hors agglomération,Hors intersection,Normale,Deux véhicules - côté,2,2,2,0,1,1,1,0,1,70,2,3,2,1,0,0,37.0,66.0,deux_roues,voiture,1,1,1,1,3
202200021308,2022-09-05 09:33:00,2022,9,5,9,33,33,33122,AUTOROUTE A 63,44.755162,-0.687464,Plein jour,Hors agglomération,Hors intersection,Normale,Trois véhicules et plus - en chaîne,1,3,4,0,1,1,1,0,1,90,4,6,3,0,0,3,52.0,25.0,voiture,voiture,1,1,1,1,4
202200021309,2022-03-11 14:10:00,2022,3,11,14,10,82,82052,A62   PK 181 +  500,43.9992405,1.2267653,Plein jour,Hors agglomération,Autre intersection,Normale,Deux véhicules - côté,1,3,4,0,1,1,1,0,1,130,2,3,1,0,0,2,34.0,28.0,utilitaire_camion,voiture,1,1,9,1,3
202200021310,2022-09-05 01:25:00,2022,9,5,1,25,33,33143,AUTOROUTE A 10,44.97464,-0.43364,Nuit sans éclairage public,Hors agglomération,Hors intersection,Normale,Trois véhicules et plus - en chaîne,1,3,6,0,1,1,1,0,1,130,3,3,2,0,0,1,31.0,52.0,voiture,voiture,3,1,1,1,4
202200021311,2022-09-03 21:10:00,2022,9,3,21,10,78,78291,A13,48.96507,1.756158,Nuit sans éclairage public,Hors agglomération,Hors intersection,Normale,Autre collision,1,-1,3,0,2,1,1,0,2,130,1,1,0,0,0,1,37.0,,voiture,,3,1,1,1,6
202200021312,2022-02-22 19:45:00,2022,2,22,19,45,53,53195,RN162,48.1768593284,-0.6793759679,Nuit sans éclairage public,Hors agglomération,Intersection en T,Normale,Trois véhicules et plus - collisions multiples,2,2,2,0,1,1,1,0,1,80,3,4,1,0,0,3,50.0,72.0,utilitaire_camion,voiture,3,1,3,1,5
202200021313,2022-09-04 10:50:00,2022,9,4,10,50,92,92063,A86,48.8832130858,2.165912123,Plein jour,Hors agglomération,Hors intersection,Normale,Sans collision,1,3,3,0,1,3,1,1,1,90,1,1,0,0,0,1,35.0,,deux_roues,,1,1,1,1,7
202200021314,2022-03-11 03:04:00,2022,3,11,3,4,72,72241,Autoroute A11 - PK 155+500 - sens LE MANS/PARIS,48.060751,0.386281,Nuit sans éclairage public,Hors agglomération,Hors intersection,Normale,Autre collision,1,3,3,0,1,1,1,2,2,90,1,1,0,1,0,0,21.0,,utilitaire_camion,,3,1,1,1,6
202200021315,2022-03-05 14:00:00,2022,3,5,14,0,38,38485,2bis Route de Saint-Nizier,45.168714,5.677955,Plein jour,En agglomération,Hors intersection,Normale,Sans collision,7,2,2,0,2,4,1,0,1,50,1,1,0,0,1,0,53.0,,deux_roues,,1,2,1,1,7
202200021316,2022-09-03 16:00:00,2022,9,3,16,0,78,78466,A13,48.927314,1.992424,Plein jour,Hors agglomération,Hors intersection,Normale,Deux véhicules - arrière,1,3,3,0,1,1,1,0,1,90,2,3,2,0,0,1,30.0,38.0,voiture,voiture,1,1,1,1,2
202200021317,2022-03-11 11:00:00,2022,3,11,11,0,69,69206,Autoroute 6 ,46.065528438,4.7389268875,Plein jour,Hors agglomération,Hors intersection,Normale,Deux véhicules - arrière,1,3,6,0,1,1,1,0,2,130,2,3,0,0,3,0,34.0,48.0,utilitaire_camion,utilitaire_camion,1,1,1,1,2
202200021318,2022-09-05 19:40:00,2022,9,5,19,40,95,95488,A15,49.0212710501,2.136631608,Crépuscule ou aube,Hors agglomération,Hors intersection,Pluie forte,Deux véhicules - côté,1,3,6,0,1,1,2,0,1,110,2,2,1,0,0,1,38.0,43.0,deux_roues,voiture,2,1,1,3,3
202200021319,2022-01-31 04:45:00,2022,1,31,4,45,45,45297,RD 60,47.773267,2.35498,Nuit sans éclairage public,Hors agglomération,Hors intersection,Normale,Sans collision,3,2,2,0,1,1,2,0,3,80,1,2,0,1,0,1,67.0,,voiture,,3,1,1,1,7
202200021320,2022-09-05 08:50:00,2022,9,5,8,50,95,95241,RN 104,49.0528069803,2.4271550775,Plein jour,Hors agglomération,Hors intersection,Normale,Deux véhicules - arrière,2,3,4,0,1,1,1,0,1,110,2,2,0,0,0,2,50.0,51.0,voiture,voiture,1,1,1,1,2
202200021321,2022-03-11 06:50:00,2022,3,11,6,50,45,45291,D951 - PR 24 + 0,47.670185,2.649357,Crépuscule ou aube,Hors agglomération,Hors intersection,Normale,Sans collision,3,2,2,0,1,1,1,0,3,80,1,1,0,0,1,0,21.0,,voiture,,2,1,1,1,7
202200021322,2022-03-09 08:50:00,2022,3,9,8,50,45,45126,D2060,47.905398,2.110411,Plein jour,Hors agglomération,Hors intersection,Normale,Autre collision,3,3,2,0,1,1,1,0,1,110,1,1,0,0,0,1,19.0,,voiture,,1,1,1,1,6
202200021323,2022-09-04 21:30:00,2022,9,4,21,30,93,93048,A3,48.8704936302,2.4307930469,Nuit avec éclairage allumé,Hors agglomération,Hors intersection,Normale,Deux véhicules - arrière,1,1,0,0,1,1,1,1,1,70,2,3,1,0,2,0,23.0,30.0,deux_roues,voiture,5,1,1,1,2
202200021324,2022-03-11 07:50:00,2022,3,11,7,50,66,66065,3 Avenue General de Gaulle,42.598437,2.973454,Plein jour,En agglomération,Hors intersection,Normale,Autre collision,4,2,2,0,1,1,1,0,1,50,1,2,1,0,1,0,20.0,,voiture,,1,2,1,1,6
202200021325,2022-09-05 12:45:00,2022,9,5,12,45,93,93064,A86.EXT,48.8612242569,2.4841007475,Plein jour,Hors agglomération,Hors intersection,Normale,Deux véhicules - côté,1,3,4,0,1,1,1,0,1,90,2,2,1,0,0,1,51.0,50.0,deux_roues,voiture,1,1,1,1,3
202200021326,2022-03-11 11:10:00,2022,3,11,11,10,83,83055,Avenue Robert Fabre,43.624112,6.692925,Plein jour,En agglomération,Hors intersection,Normale,Autre collision,3,2,2,0,2,1,1,0,1,50,1,1,0,0,1,0,69.0,,deux_roues,,1,2,1,1,6
202200021327,2022-03-02 04:10:00,2022,3,2,4,10,13,13099,D11,43.676649,5.731417,Nuit sans éclairage public,Hors agglomération,Hors intersection,Normale,Autre collision,3,2,2,0,1,1,1,0,3,80,1,1,0,0,0,1,37.0,,voiture,,3,1,1,1,6
202200021328,2022-09-05 11:15:00,2022,9,5,11,15,94,94004,RN19 .W,48.7573441717,2.5038444256,Plein jour,Hors agglomération,Hors intersection,Normale,Deux véhicules - arrière,2,3,5,0,1,1,1,3,1,90,2,2,1,0,0,1,73.0,57.0,voiture,voiture,1,1,1,1,2
202200021329,2022-03-10 18:00:00,2022,3,10,18,0,89,89077,D606,47.750491,3.604964,Plein jour,Hors agglomération,Hors intersection,Normale,Deux véhicules - côté,3,2,2,0,1,1,1,0,3,80,2,2,1,0,1,0,26.0,,voiture,voiture,1,1,1,1,3
202200021330,2022-09-05 07:40:00,2022,9,5,7,40,77,77294,A104,48.970604,2.596086,Plein jour,Hors agglomération,Hors intersection,Normale,Autre collision,1,3,4,0,1,1,1,0,1,90,2,2,1,0,0,1,34.0,43.0,deux_roues,voiture,1,1,1,1,6
202200021331,2022-09-05 02:45:00,2022,9,5,2,45,77,77121,A104,48.83639,2.66514,Nuit sans éclairage public,Hors agglomération,Hors intersection,Normale,Sans collision,1,-1,2,0,1,3,1,0,1,70,1,1,0,0,0,1,27.0,,deux_roues,,3,1,1,1,7
202200021332,2022-03-10 12:45:00,2022,3,10,12,45,68,68318,D40,47.969292,7.222975,Plein jour,Hors agglomération,Hors intersection,Normale,Deux véhicules - frontale,3,2,2,0,2,4,1,0,1,80,2,3,2,0,0,1,76.0,23.0,voiture,voiture,1,1,1,1,1
202200021333,2022-04-28 13:40:00,2022,4,28,13,40,07,07332,,44.505133,4.578637,Plein jour,Hors agglomération,Hors intersection,Normale,Autre collision,3,2,2,0,1,1,1,0,3,80,1,1,0,0,1,0,57.0,,deux_roues,,1,1,1,1,6
202200021334,2022-03-07 13:30:00,2022,3,7,13,30,26,26081,Châteaudouble,44.887438,5.071832,Plein jour,Hors agglomération,Intersection en T,Normale,Deux véhicules - côté,3,2,2,0,1,1,1,0,1,80,2,2,1,0,1,0,62.0,44.0,deux_roues,voiture,1,1,3,1,3
202200021335,2022-03-10 09:00:00,2022,3,10,9,0,31,31433,Route de Seysses,43.5399,1.375362,Plein jour,En agglomération,Hors intersection,Normale,Deux véhicules - côté,3,2,3,3,2,2,1,0,6,50,2,2,1,0,1,0,58.0,34.0,voiture,deux_roues,1,2,1,1,3
202200021336,2022-09-04 15:55:00,2022,9,4,15,55,976,97611,m'tsapere-Ambassadeur (rue),-12.78817,45.2202,Plein jour,En agglomération,Hors intersection,Normale,Autre collision,4,2,2,0,1,1,1,0,1,50,1,2,1,0,1,0,49.0,,voiture,,1,2,1,1,6
202200021337,2022-03-05 14:20:00,2022,3,5,14,20,22,22171,Malakoff,48.425271,-2.825021,Plein jour,Hors agglomération,Giratoire,Normale,Deux véhicules - frontale,3,2,2,0,1,1,1,0,1,80,2,2,1,0,1,0,77.0,,deux_roues,voiture,1,1,6,1,1
202200021338,2022-09-03 22:20:00,2022,9,3,22,20,974,97416,RN3 (ANCIENNE ROUTE),-21.30285,55.50114,Nuit sans éclairage public,Hors agglomération,Hors intersection,Normale,Deux véhicules - côté,2,2,1,0,2,2,1,0,1,50,2,3,1,0,2,0,18.0,,deux_roues,voiture,3,1,1,1,3
202200021339,2022-03-11 16:25:00,2022,3,11,16,25,22,22081,3 rue de la chicane,48.504308,-2.618362,Plein jour,Hors agglomération,Hors intersection,Normale,Autre collision,3,2,2,0,2,1,1,0,1,80,1,1,0,0,1,0,62.0,,deux_roues,,1,1,1,1,6
202200021340,2022-09-04 17:30:00,2022,9,4,17,30,973,97302,MADELEINE (ROUTE DE LA),4.9213039557,-52.3222374916,Plein jour,En agglomération,Autre intersection,Normale,Deux véhicules - côté,3,-1,2,0,1,2,1,0,1,50,2,2,1,0,0,1,28.0,30.0,voiture,voiture,1,2,9,1,3
202200021341,2022-03-10 23:30:00,2022,3,10,23,30,59,59228,Route Nationale 43,50.3409317961,3.0959111452,Nuit avec éclairage allumé,Hors agglomération,Hors intersection,Normale,Deux véhicules - frontale,3,2,2,0,1,1,1,0,1,50,2,2,1,0,0,1,20.0,23.0,voiture,deux_roues,5,1,1,1,1
202200021342,2022-09-03 22:25:00,2022,9,3,22,25,973,97302,DE GAULLE (AVENUE),4.9387887217,-52.3317177594,Nuit avec éclairage allumé,En agglomération,Intersection en X,Normale,Deux véhicules - côté,4,2,1,0,1,1,1,0,1,50,2,2,1,0,0,1,,47.0,voiture,autre,5,2,2,1,3
202200021343,2022-03-10 18:30:00,2022,3,10,18,30,13,13026,A55-Sens Martigues vers Marseille,43.39817,5.121136,Crépuscule ou aube,Hors agglomération,Hors intersection,Normale,Trois véhicules et plus - en chaîne,1,1,2,0,2,1,1,0,1,70,4,4,2,0,0,2,78.0,36.0,voiture,utilitaire_camion,2,1,1,1,4
202200021344,2022-09-04 04:25:00,2022,9,4,4,25,69,69381,Tunnel de la Croix-Rousse,45.7736570377,4.8240548372,Nuit avec éclairage allumé,En agglomération,Hors intersection,Normale,Trois véhicules et plus - collisions multiples,4,1,4,0,1,1,1,1,1,70,3,7,6,0,0,1,,47.0,voiture,voiture,5,2,1,1,5
202200021345,2022-03-10 17:30:00,2022,3,10,17,30,13,13213,A507 sens Marseille - Aubagne,43.328298,5.417184,Plein jour,En agglomération,Hors intersection,Normale,Trois véhicules et plus - en chaîne,1,1,3,0,2,1,1,1,1,70,4,4,0,0,0,4,41.0,51.0,voiture,voiture,1,2,1,1,4
202200021346,2022-03-10 08:32:00,2022,3,10,8,32,13,13005,A50-Sens Aubagne vers Marseille,43.2833,5.5744,Plein jour,Hors agglomération,Hors intersection,Normale,Deux véhicules - arrière,1,1,2,0,1,1,1,0,1,90,2,2,1,0,0,1,40.0,60.0,voiture,deux_roues,1,1,1,1,2
202200021347,2022-09-04 00:49:00,2022,9,4,0,49,95,95585,Route de Garges,48.98529,2.38162,Nuit avec éclairage allumé,En agglomération,Intersection en T,Normale,Deux véhicules - côté,3,2,2,0,1,2,1,0,1,50,2,3,0,0,1,1,,36.0,voiture,deux_roues,5,2,3,1,3
202200021348,2022-03-10 09:20:00,2022,3,10,9,20,91,91645,AUTOROUTE A86,48.7598815661,2.265977197,Plein jour,Hors agglomération,Hors intersection,Normale,Deux véhicules - côté,2,3,6,0,1,1,1,0,1,90,2,2,1,0,0,1,45.0,30.0,deux_roues,utilitaire_camion,1,1,1,1,3
202200021349,2022-03-09 14:20:00,2022,3,9,14,20,92,92072,N118,48.8199792498,2.2180296045,Plein jour,Hors agglomération,Hors intersection,Normale,Deux véhicules - arrière,2,3,3,0,1,1,1,0,1,90,2,2,0,0,0,2,69.0,28.0,voiture,voiture,1,1,1,1,2
202200021350,2022-09-04 23:10:00,2022,9,4,23,10,95,95018,Boulevard Jean Allemane,48.955669985,2.255525887,Nuit avec éclairage allumé,En agglomération,Intersection en T,Normale,Deux véhicules - côté,3,2,2,0,1,1,1,0,1,50,2,5,3,0,1,1,25.0,22.0,deux_roues,voiture,5,2,3,1,3
202200021351,2022-03-10 10:45:00,2022,3,10,10,45,93,93066,AUTOROUTE A1,48.9040303465,2.3587319254,Plein jour,Hors agglomération,Hors intersection,Normale,Autre collision,1,3,3,0,1,1,1,0,1,90,1,1,0,0,0,1,43.0,,deux_roues,,1,1,1,1,6
202200021352,2022-09-02 12:15:00,2022,9,2,12,15,88,88413,Rue d'ALSACE,48.28332,6.94973,Plein jour,En agglomération,Hors intersection,Normale,Deux véhicules - côté,3,1,1,0,1,1,1,0,1,50,1,2,1,0,0,1,81.0,,voiture,,1,2,1,1,3
202200021353,2022-03-10 09:45:00,2022,3,10,9,45,93,93007,AUTOROUTE A3,48.9371,2.48001,Plein jour,Hors agglomération,Hors intersection,Normale,Trois véhicules et plus - collisions multiples,1,3,3,0,1,1,1,0,1,110,3,3,2,0,0,1,72.0,53.0,voiture,deux_roues,1,1,1,1,5
202200021354,2022-09-04 11:30:00,2022,9,4,11,30,85,85194,RD949,46.510978,-1.70401543,Plein jour,Hors agglomération,Giratoire,Normale,Autre collision,3,3,1,0,1,1,1,9,8,110,1,1,0,1,0,0,84.0,,voiture,,1,1,6,1,6
202200021355,2022-03-09 17:15:00,2022,3,9,17,15,93,93027,AUTOROUTE A1,48.93373,2.39095,Plein jour,Hors agglomération,Hors intersection,Normale,Deux véhicules - arrière,1,3,6,0,1,1,1,0,1,90,2,2,1,0,0,1,26.0,24.0,deux_roues,voiture,1,1,1,1,2
202200021356,2022-09-04 03:40:00,2022,9,4,3,40,82,82033,TOULOUSE RD 813 (ROUTE DE) ,44.025476,1.145545,Nuit sans éclairage public,Hors agglomération,Hors intersection,Normale,Autre collision,3,2,2,0,1,1,1,0,1,80,1,1,0,1,0,0,42.0,,voiture,,3,1,1,1,6
202200021357,2022-03-10 21:25:00,2022,3,10,21,25,94,94028,A86 EXT,48.7763093698,2.435171869,Nuit sans éclairage public,Hors agglomération,Hors intersection,Normale,Autre collision,1,1,2,0,1,1,1,3,1,90,3,3,2,0,0,1,25.0,,voiture,voiture,3,1,1,1,6
202200021358,2022-09-04 12:57:00,2022,9,4,12,57,77,77337,SARTRE (JEAN-PAUL),48.84382,2.61658,Plein jour,En agglomération,Hors intersection,Normale,Autre collision,4,2,2,3,1,3,1,0,1,30,1,2,1,0,1,0,53.0,,voiture,,1,2,1,1,6
202200021359,2022-03-10 09:10:00,2022,3,10,9,10,94,94011,RN406.W,48.76103,2.48976,Plein jour,Hors agglomération,Hors intersection,Normale,Deux véhicules - arrière,2,3,3,0,1,1,1,0,1,90,2,2,0,0,0,2,36.0,25.0,voiture,deux_roues,1,1,1,1,2
202200021360,2022-09-04 03:20:00,2022,9,4,3,20,76,76540,Avenue de Caen,49.42902,1.07164,Nuit avec éclairage allumé,En agglomération,Intersection en X,Normale,Autre collision,7,2,2,3,1,2,1,-1,1,50,1,2,1,0,0,1,,,voiture,,5,2,2,1,6
202200021361,2022-03-10 09:15:00,2022,3,10,9,15,93,93051,A4,48.836048085,2.5559506947,Plein jour,Hors agglomération,Hors intersection,Normale,Deux véhicules - arrière,1,3,4,0,1,1,1,0,1,110,2,2,1,0,0,1,37.0,25.0,deux_roues,voiture,1,1,1,1,2
202200021362,2022-09-04 02:18:00,2022,9,4,2,18,74,74012,RESISTANCE (RUE DE LA),46.19723,6.25236,Nuit avec éclairage allumé,En agglomération,Hors intersection,Normale,Autre collision,4,2,3,0,2,2,1,0,1,50,1,1,0,1,0,0,24.0,,deux_roues,,5,2,1,1,6
202200021363,2022-03-09 17:40:00,2022,3,9,17,40,77,77146,N104,48.8096582981,2.6302781794,Plein jour,Hors agglomération,Hors intersection,Normale,Autre collision,2,3,3,0,1,2,1,0,1,110,2,2,1,1,0,0,30.0,19.0,deux_roues,utilitaire_camion,1,1,1,1,6
202200021364,2022-01-01 22:40:00,2022,1,1,22,40,19,19031,POMPIDOU (AVENUE GEORGES),45.15801,1.55717,Nuit avec éclairage non allumé,En agglomération,Hors intersection,Normale,Autre collision,4,2,2,0,1,1,1,0,1,50,1,2,1,0,0,1,44.0,,voiture,,4,2,1,1,6
202200021365,2022-09-04 20:10:00,2022,9,4,20,10,72,72181,CUGNOT NICOLAS (BD),47.98605,0.22521,Nuit avec éclairage allumé,En agglomération,Intersection en X,Normale,Deux véhicules - côté,4,2,2,0,1,1,1,0,1,50,2,3,2,0,0,1,23.0,41.0,voiture,voiture,5,2,2,1,3
202200021366,2022-09-04 18:30:00,2022,9,4,18,30,69,69259,Rue Gabriel Péri,45.70523,4.8692,Plein jour,En agglomération,Hors intersection,Normale,Autre collision,4,2,2,0,1,1,1,0,1,50,1,2,1,0,1,0,54.0,,voiture,,1,2,1,1,6
202200021367,2022-03-09 16:00:00,2022,3,9,16,0,27,27229,SAINT ANDRE (ROUTE DE),49.01062,1.16608,Plein jour,En agglomération,Intersection en X,Normale,Autre collision,4,2,1,0,1,1,1,0,1,50,1,3,1,0,0,2,46.0,,voiture,,1,2,2,1,6
202200021368,2022-09-04 06:40:00,2022,9,4,6,40,67,67180,RD 1340,48.7878,7.7362,Crépuscule ou aube,Hors agglomération,Hors intersection,Normale,Autre collision,3,3,4,0,2,1,1,9,3,110,1,2,0,1,1,0,41.0,,voiture,,2,1,1,1,6
202200021369,2022-03-08 17:35:00,2022,3,8,17,35,29,29019,Rue du Commandant Drogou,48.405005,-4.495054,Plein jour,En agglomération,Intersection en T,Normale,Autre collision,4,2,2,0,2,1,1,5,1,50,1,2,1,0,1,0,66.0,,voiture,,1,2,3,1,6
202200021370,2022-01-10 16:45:00,2022,1,10,16,45,02,02464,,49.422532,3.407478,Plein jour,Hors agglomération,Hors intersection,Normale,Autre collision,2,3,4,0,1,1,1,0,3,110,1,2,1,0,1,0,40.0,,voiture,,1,1,1,1,6
202200021371,2022-09-03 17:07:00,2022,9,3,17,7,65,65226,D902,43.243062,0.040788,Plein jour,Hors agglomération,Hors intersection,Normale,Trois véhicules et plus - collisions multiples,3,-1,2,0,1,3,1,0,1,70,3,3,1,0,0,2,23.0,40.0,voiture,voiture,1,1,1,1,5
202200021372,2022-03-09 07:30:00,2022,3,9,7,30,974,97411,LATTRE DE TASSIGNY (AVENUE MARECHAL DE),-20.88756,55.47248,Plein jour,En agglomération,Hors intersection,Normale,Autre collision,4,1,0,0,1,2,1,0,1,30,1,2,1,0,0,1,28.0,,transport_commun,,1,2,1,1,6