accident_id,datetime,annee,mois,jour,heure,minute,departement,commune_insee,adresse,latitude,longitude,luminosite,agglomeration,intersection,meteo,collision,catr,circ,nbv,vosp,prof,plan,surf,infra,situ,vma,nb_vehicules,nb_usagers,nb_indemnes,nb_tues,nb_blesses_hosp,nb_blesses_legers,age_cond_1,age_cond_2,veh_type_cond_1,veh_type_cond_2,lum_code,agg_code,int_code,atm_code,col_code
202200021465,2022-09-03 14:46:00,2022,9,3,14,46,2B,2B033,11 - RT,42.688,9.447,Plein jour,En agglomération,Hors intersection,Normale,Trois véhicules et plus - collisions multiples,2,2,2,0,1,1,1,1,1,50,3,5,4,0,0,1,76.0,68.0,voiture,voiture,1,2,1,1,5
202200021466,2022-09-03 15:49:00,2022,9,3,15,49,2B,2B120,11 - RT,42.6503720097,9.4406514159,Plein jour,En agglomération,Hors intersection,Pluie légère,Trois véhicules et plus - en chaîne,2,3,4,0,2,1,2,0,1,70,5,6,4,0,0,2,54.0,21.0,voiture,voiture,1,2,1,2,4
202200021467,2022-09-03 11:45:00,2022,9,3,11,45,2A,2A004,BONAPARTE LUCIEN  COURS,41.91202,8.72267,Plein jour,En agglomération,Intersection en T,Normale,Deux véhicules - côté,3,-1,2,0,1,1,1,0,1,50,2,2,1,0,0,1,23.0,55.0,deux_roues,utilitaire_camion,1,2,3,1,3
202200021468,2022-09-02 16:39:00,2022,9,2,16,39,91,91549,VIEUX PERRAY (RUE DU),48.6522,2.30769,Plein jour,En agglomération,Intersection en T,Normale,Autre collision,3,4,1,3,2,1,1,6,6,30,1,2,1,0,0,1,31.0,,voiture,,1,2,3,1,6
202200021469,2022-09-03 22:17:00,2022,9,3,22,17,91,91421,JEAN JAURES (AVENUE),48.71538,2.44727,Nuit avec éclairage allumé,En agglomération,Hors intersection,Normale,Deux véhicules - arrière,4,3,2,0,1,1,1,0,1,30,2,2,1,0,0,1,39.0,23.0,voiture,deux_roues,5,2,1,1,2
202200021470,2022-09-04 00:50:00,2022,9,4,0,50,81,81065,DE GAULLE RD 612 (AV. CHARLES),43.601425,2.252175,Nuit avec éclairage allumé,En agglomération,Intersection en T,Normale,Deux véhicules - côté,3,2,4,0,1,1,1,0,1,50,2,2,1,0,0,1,25.0,63.0,voiture,deux_roues,5,2,3,1,3
202200021471,2022-09-03 01:45:00,2022,9,3,1,45,78,78029,AVENUE DE L'UNION,48.96145,1.85085,Nuit avec éclairage allumé,En agglomération,Hors intersection,Normale,Sans collision,3,3,4,0,1,2,1,0,8,50,1,2,0,0,0,2,19.0,,deux_roues,,5,2,1,1,7
202200021472,2022-09-03 13:10:00,2022,9,3,13,10,74,74012,VERDUN (AVENUE DE),46.183301,6.241076,Plein jour,En agglomération,Intersection en T,Temps couvert,Deux véhicules - arrière,4,3,2,0,1,1,2,0,1,50,2,2,1,0,0,1,23.0,23.0,deux_roues,voiture,1,2,3,8,2
202200021473,2022-09-02 09:10:00,2022,9,2,9,10,74,74298,TANINGES (ROUTE DE ),46.18567,6.27586,Plein jour,En agglomération,Hors intersection,Normale,Deux véhicules - arrière,3,2,2,0,1,1,1,0,1,50,2,3,2,0,0,1,18.0,21.0,voiture,utilitaire_camion,1,2,1,1,2
202200021474,2022-09-02 23:00:00,2022,9,2,23,0,71,71270,Intersection Ch.Pillet- rue Trappistines,46.29566,4.81611,Nuit avec éclairage allumé,En agglomération,Intersection en T,Pluie légère,Deux véhicules - côté,4,2,2,0,1,1,2,0,1,50,2,3,2,0,1,0,23.0,18.0,voiture,voiture,5,2,3,2,3
202200021475,2022-09-03 10:50:00,2022,9,3,10,50,61,61001,BRETAGNE (RUE DE),48.43181,0.07454,Plein jour,En agglomération,Hors intersection,Normale,Deux véhicules - frontale,3,3,4,0,2,1,1,0,1,50,2,2,1,0,0,1,79.0,68.0,voiture,voiture,1,2,1,1,1
202200021476,2022-09-03 22:25:00,2022,9,3,22,25,59,59599,GRAMME (CHAUSSEE),50.73793,3.16379,Nuit avec éclairage allumé,En agglomération,Hors intersection,Normale,Autre collision,7,3,4,0,1,2,2,0,1,50,1,2,0,0,0,2,36.0,,voiture,,5,2,1,1,6
202200021477,2022-09-03 19:30:00,2022,9,3,19,30,59,59599,MARNE (AVENUE DE LA),50.7097194768,3.1529936939,Plein jour,En agglomération,Intersection en T,Pluie légère,Deux véhicules - côté,7,2,4,1,1,1,2,0,1,50,2,2,1,0,0,1,74.0,42.0,voiture,voiture,1,2,3,2,3
202200021478,2022-08-31 08:30:00,2022,8,31,8,30,59,59009,8 MAI 1945 RUE DU PETITS N° JUSQUE 60,50.6292360605,3.1546479464,Plein jour,En agglomération,Intersection en T,Normale,Deux véhicules - frontale,7,2,0,0,1,1,1,0,1,50,2,2,1,0,0,1,60.0,77.0,deux_roues,voiture,1,2,3,1,1
202200021479,2022-09-02 20:08:00,2022,9,2,20,8,54,54257,COTEAU (RUE DU),48.6458020894,6.1855441332,Crépuscule ou aube,En agglomération,Hors intersection,Normale,Trois véhicules et plus - collisions multiples,4,2,2,0,1,1,1,0,1,50,3,3,1,0,0,2,39.0,47.0,voiture,voiture,2,2,1,1,5
202200021480,2022-09-03 17:17:00,2022,9,3,17,17,54,54382,FAISCEAU (RUE DU),49.541147,5.792186,Plein jour,Hors agglomération,Hors intersection,Normale,Deux véhicules - frontale,4,2, -1,0,1,1,1,0,1,50,2,2,1,0,0,1,21.0,34.0,deux_roues,voiture,1,1,1,1,1
202200021481,2022-09-03 18:30:00,2022,9,3,18,30,49,49007,PATTON AVENUE,47.47371,-0.58273,Plein jour,En agglomération,Hors intersection,Normale,Sans collision,4,2,2,0,1,1,1,0,1,50,1,1,0,0,0,1,35.0,,deux_roues,,1,2,1,1,7
202200021482,2022-09-03 10:20:00,2022,9,3,10,20,45,45234,10 Rue Émile Zola,47.90862,1.90696,Plein jour,En agglomération,Hors intersection,Normale,Deux véhicules - côté,4,2,4,1,1,1,1,0,1,50,2,2,1,0,0,1,40.0,22.0,voiture,voiture,1,2,1,1,3
202200021483,2022-09-03 10:17:00,2022,9,3,10,17,37,37261,VAILLANT (RUE EDOUARD),47.3772806338,0.7128828764,Plein jour,En agglomération,Hors intersection,Normale,Deux véhicules - arrière,4,2,4,0,3,3,1,0,1,50,2,2,1,0,0,1,26.0,35.0,voiture,voiture,1,2,1,1,2
202200021484,2022-09-03 19:15:00,2022,9,3,19,15,35,35238,METZ (BD DE),48.11464,-1.65709,Plein jour,En agglomération,Intersection en X,Normale,Autre collision,4,2,3,2,1,1,1,0,1,50,1,2,1,0,0,1,30.0,,voiture,,1,2,2,1,6
202200021485,2022-04-19 18:35:00,2022,4,19,18,35,91,91479,RTE DE FONTAINEBLEAU,48.718948,2.370282,Plein jour,Hors agglomération,Hors intersection,Normale,Deux véhicules - côté,3,1,2,0,1,1,1,0,1,70,2,2,1,0,0,1,61.0,63.0,voiture,voiture,1,1,1,1,3
202200021486,2022-04-17 19:30:00,2022,4,17,19,30,87,87085,LARREY (AVENUE DOMINIQUE),45.81242,1.24051,Plein jour,En agglomération,Hors intersection,Normale,Sans collision,4,2,2,0,2,1,1,0,1,50,1,1,0,0,1,0,47.0,,deux_roues,,1,2,1,1,7
202200021487,2022-06-23 21:10:00,2022,6,23,21,10,93,93001,Avenue Victor Hugo,48.911864767,2.3796504736,Nuit avec éclairage allumé,En agglomération,Hors intersection,Normale,Deux véhicules - arrière,3,2,2,0,1,1,1,0,1,50,2,2,1,0,1,0,25.0,25.0,voiture,deux_roues,5,2,1,1,2
202200021488,2022-04-15 17:17:00,2022,4,15,17,17,87,87050,LIMOGES (AVENUE DE),45.86085,1.23965,Plein jour,En agglomération,Hors intersection,Normale,Sans collision,3,2,2,0,2,1,1,0,1,50,1,1,0,0,1,0,26.0,,deux_roues,,1,2,1,1,7
202200021489,2022-06-24 00:30:00,2022,6,24,0,30,92,92022,PETITS BOIS (RUE DES),48.811433,2.182999,Nuit avec éclairage allumé,En agglomération,Hors intersection,Normale,Sans collision,4,2,2,0,2,1,1,0,1,30,1,1,0,1,0,0,34.0,,deux_roues,,5,2,1,1,7
202200021490,2022-04-19 20:15:00,2022,4,19,20,15,83,83144,BLANC (BD DR EUGENE),43.1373265579,5.9961887598,Crépuscule ou aube,En agglomération,Intersection en Y,Normale,Deux véhicules - côté,1,1,1,0,3,1,1,2,1,50,2,2,1,0,1,0,53.0,32.0,deux_roues,voiture,2,2,4,1,3
202200021491,2022-06-24 12:30:00,2022,6,24,12,30,92,92063,LECLERC DE HAUTECLOQUE (AVENUE DU MARECH,48.85789,2.19533,Plein jour,En agglomération,Autre intersection,Pluie légère,Deux véhicules - côté,3,1,1,0,1,3,2,0,1,50,2,2,1,0,0,1,51.0,45.0,voiture,deux_roues,1,2,9,2,3
202200021492,2022-04-14 20:45:00,2022,4,14,20,45,80,80021,PAIX (AVENUE DE LA),49.91164,2.30577,Plein jour,En agglomération,Hors intersection,Normale,Deux véhicules - côté,4,2,2,0,1,1,1,0,1,50,2,2,1,0,0,1,22.0,,deux_roues,voiture,1,2,1,1,3
202200021493,2022-06-24 14:00:00,2022,6,24,14,0,92,92050,CROIX PASSAGE DE LA,48.8889395059,2.1971249431,Plein jour,En agglomération,Hors intersection,Normale,Autre collision,9,2,0,1,1,1,1,0,5,25,1,2,1,0,0,1,,,autre,,1,2,1,1,6
202200021494,2022-04-19 10:42:00,2022,4,19,10,42,78,78029,MONTGARDE ( RUE DE),48.95755,1.84768,Plein jour,En agglomération,Hors intersection,Normale,Autre collision,4,2,2,0,2,3,1,0,4,50,1,1,0,0,1,0,15.0,,deux_roues,,1,2,1,1,6
202200021495,2022-06-24 02:10:00,2022,6,24,2,10,92,92049,BRIAND AVENUE ARISTIDE AUTRES N°,48.81169,2.32622,Nuit avec éclairage allumé,En agglomération,Hors intersection,Normale,Sans collision,3,2,8,2,1,1,1,0,5,50,1,1,0,0,0,1,34.0,,deux_roues,,5,2,1,1,7
202200021496,2022-04-17 18:30:00,2022,4,17,18,30,76,76351,JEAN JAURES (AVENUE),49.50092,0.17959,Plein jour,En agglomération,Hors intersection,Normale,Autre collision,4,2,2,0,1,1,1,0,1,50,1,2,0,0,0,2,27.0,,voiture,,1,2,1,1,6
202200021497,2022-06-23 08:40:00,2022,6,23,8,40,92,92020,PARIS AVENUE DE N°2 A82,48.80407,2.28868,Plein jour,En agglomération,Intersection en X,Normale,Autre collision,3,1,4,0,1,1,1,5,6,50,1,2,1,0,0,1,63.0,,voiture,,1,2,2,1,6
202200021498,2022-04-16 19:40:00,2022,4,16,19,40,76,76351,Boulevard François 1er,49.48692,0.1036,Plein jour,En agglomération,Hors intersection,Normale,Autre collision,4,3,4,0,1,1,1,0,4,50,1,4,2,0,1,1,19.0,,voiture,,1,2,1,1,6
202200021499,2022-06-21 09:08:00,2022,6,21,9,8,92,92049,JAURES AV. JEAN N°1 A 51 ET 2 A 50,48.8158193515,2.3107568621,Plein jour,En agglomération,Hors intersection,Normale,Deux véhicules - côté,4,1,0,0,1,1,1,0,5,50,2,2,1,0,0,1,60.0,29.0,voiture,deux_roues,1,2,1,1,3
202200021500,2022-04-14 18:45:00,2022,4,14,18,45,76,76481,SAINT ANDRIEUX (CHEMIN DE),49.5448,0.10075,Plein jour,En agglomération,Intersection en Y,Normale,Autre collision,4,2,2,0,1,1,1,0,1,50,1,2,1,0,0,1,21.0,,voiture,,1,2,4,1,6
202200021501,2022-06-24 17:30:00,2022,6,24,17,30,92,92040,EREVAN (D'),48.8173386013,2.2612239718,Plein jour,En agglomération,Intersection en T,Normale,Deux véhicules - arrière,3,-1,2,0,1,1,1,0,1,30,2,2,1,0,0,1,21.0,43.0,deux_roues,voiture,1,2,3,1,2
202200021502,2022-04-14 11:00:00,2022,4,14,11,0,71,71076,TOQUEVILLE (ALEXIS DE),46.80994,4.84243,Plein jour,En agglomération,Intersection en X,Normale,Autre collision,3,2, -1,0,1,1,1,0,1,50,1,3,2,0,1,0,27.0,,voiture,,1,2,2,1,6
202200021503,2022-06-23 10:40:00,2022,6,23,10,40,92,92025,EUROPE (AV DE L'),48.9262935744,2.2434619814,Plein jour,En agglomération,Hors intersection,Normale,Deux véhicules - arrière,4,2,2,0,1,1,1,0,1,30,2,2,1,0,0,1,50.0,49.0,utilitaire_camion,voiture,1,2,1,1,2
202200021504,2022-04-19 07:37:00,2022,4,19,7,37,66,66136,ROTTERDAM (ROND POINT DE),42.6944,2.85028,Crépuscule ou aube,Hors agglomération,Giratoire,Normale,Deux véhicules - côté,2,1,2,0,1,2,1,0,1,30,2,2,1,0,0,1,48.0,37.0,voiture,deux_roues,2,1,6,1,3
202200021505,2022-06-23 14:45:00,2022,6,23,14,45,92,92024,CLICHY (QUAI DE) DE (8 A 60),48.9085198317,2.3001220375,Plein jour,En agglomération,Intersection en X,Normale,Deux véhicules - côté,3,2,4,0,1,1,1,5,1,50,2,2,1,0,0,1,32.0,40.0,deux_roues,utilitaire_camion,1,2,2,1,3
202200021506,2022-04-16 12:15:00,2022,4,16,12,15,64,64348,Rue de Rebèque,43.31697,-0.42368,Plein jour,En agglomération,Intersection en T,Normale,Deux véhicules - côté,4,1,2,1,1,1,1,0,5,50,2,2,1,0,0,1,23.0,52.0,deux_roues,voiture,1,2,3,1,3
202200021507,2022-06-24 08:20:00,2022,6,24,8,20,92,92023,GENERAL DE GAULLE (AVENUE DU),48.79163,2.2668,Plein jour,En agglomération,Hors intersection,Normale,Deux véhicules - côté,3,2,1,1,1,1,1,0,1,30,2,2,1,0,0,1,62.0,29.0,deux_roues,deux_roues,1,2,1,1,3
202200021508,2022-04-19 12:30:00,2022,4,19,12,30,59,59098,GAULLE (PLACE DU GENERAL DE),50.771719879,3.079084754,Plein jour,En agglomération,Hors intersection,Normale,Deux véhicules - côté,7,2,2,0,1,2,1,0,1,30,2,3,2,0,0,1,34.0,24.0,voiture,voiture,1,2,1,1,3
202200021509,2022-06-24 21:40:00,2022,6,24,21,40,92,92007,BRIAND (AVENUE ARISTIDE) N° 162 A 300,48.7961812633,2.3217338025,Plein jour,En agglomération,Intersection en X,Normale,Autre collision,3,3,2,2,1,1,1,0,1,50,1,2,0,0,0,2,46.0,,deux_roues,,1,2,2,1,6
202200021510,2022-04-19 10:45:00,2022,4,19,10,45,59,59599,GAND (RUE DE),50.72738,3.15845,Plein jour,En agglomération,Intersection en X,Normale,Deux véhicules - côté,4,2,2,1,1,1,1,0,1,50,2,3,1,0,0,2,55.0,51.0,voiture,voiture,1,2,2,1,3
202200021511,2022-06-19 22:22:00,2022,6,19,22,22,92,92007,PETIT (AVENUE ALBERT) N° 1 A 37,48.7949,2.30377,Nuit avec éclairage allumé,En agglomération,Autre intersection,Normale,Autre collision,4,-1,2,0,1,1,1,0,8,50,3,3,2,0,0,1,23.0,47.0,deux_roues,deux_roues,5,2,9,1,6
202200021512,2022-06-24 08:00:00,2022,6,24,8,0,92,92004,VOLTAIRE ( BD 16 A FIN ),48.9142306079,2.2947652638,Plein jour,Hors agglomération,Hors intersection,Normale,Sans collision,3,-1,2,1,1,1,1,0,1,50,1,1,0,0,0,1,47.0,,deux_roues,,1,1,1,1,7
202200021513,2022-04-16 20:25:00,2022,4,16,20,25,59,59178,GARNIER (RUE BERTHE),50.38695,3.07244,Crépuscule ou aube,En agglomération,Hors intersection,Normale,Deux véhicules - côté,3,2,2,0,1,1,1,0,1,50,2,2,1,0,1,0,20.0,33.0,voiture,deux_roues,2,2,1,1,3
202200021514,2022-06-23 16:40:00,2022,6,23,16,40,92,92004,HENRI POINCARE,48.93235359,2.2766423821,Plein jour,Hors agglomération,Hors intersection,Normale,Autre collision,4,-1,2,0,1,1,1,0,1,50,1,2,1,0,0,1,48.0,,voiture,,1,1,1,1,6
202200021515,2022-04-14 04:27:00,2022,4,14,4,27,56,56121,SCORFF ( BD DU ),47.76403,-3.36753,Nuit avec éclairage non allumé,En agglomération,Hors intersection,Normale,Autre collision,4,2,2,0,1,2,1,0,1,50,1,1,0,0,0,1,19.0,,voiture,,4,2,1,1,6
202200021516,2022-04-12 23:35:00,2022,4,12,23,35,56,56162,Kerlaën,47.764797,-3.425821,Nuit sans éclairage public,Hors agglomération,Hors intersection,Normale,Autre collision,3,2,2,0,1,1,1,0,1,80,1,1,0,0,0,1,58.0,,voiture,,3,1,1,1,6
202200021517,2022-06-23 14:00:00,2022,6,23,14,0,60,60009,A16,49.3896855385,2.1165204047,Plein jour,Hors agglomération,Hors intersection,Normale,Deux véhicules - arrière,1,1,2,0,1,1,1,0,1,130,2,3,2,0,1,0,48.0,47.0,utilitaire_camion,utilitaire_camion,1,1,1,1,2
202200021518,2022-06-24 21:45:00,2022,6,24,21,45,2A,2A099,Stritedda,41.9339163195,9.1543057859,Nuit avec éclairage allumé,En agglomération,Intersection en T,Normale,Autre collision,3,2,2,0,2,1,1,0,1,50,1,2,0,0,1,1,15.0,,deux_roues,,5,2,3,1,6
202200021519,2022-04-15 20:17:00,2022,4,15,20,17,54,54578,AIGUILLETTES  (BD 5 A 73-2 A 94),48.67026,6.15827,Plein jour,En agglomération,Intersection en X,Normale,Deux véhicules - côté,4,2,4,0,1,1,1,0,1,50,2,2,1,0,0,1,34.0,23.0,voiture,voiture,1,2,2,1,3
202200021520,2022-06-25 05:30:00,2022,6,25,5,30,80,80076,Béhen,50.046227,1.763198,Crépuscule ou aube,Hors agglomération,Hors intersection,Pluie légère,Autre collision,1,3,4,0,1,1,2,0,3,130,1,2,0,1,1,0,22.0,,voiture,,2,1,1,2,6
202200021521,2022-06-24 21:24:00,2022,6,24,21,24,41,41150,48 Route de Villesavin,47.54057,1.446355,Crépuscule ou aube,En agglomération,Intersection en T,Normale,Autre collision,4,2,2,0,1,2,1,0,3,50,1,2,0,1,0,1,25.0,,voiture,,2,2,3,1,6
202200021522,2022-06-24 17:00:00,2022,6,24,17,0,71,71348,Route de la Bourse,46.533768,3.841677,Plein jour,Hors agglomération,Hors intersection,Normale,Autre collision,3,2,2,0,1,3,2,0,3,80,1,1,0,0,1,0,20.0,,voiture,,1,1,1,1,6
202200021523,2022-04-18 18:00:00,2022,4,18,18,0,42,42223,Route des Ports de Saint-Just,45.46174,4.32677,Plein jour,Hors agglomération,Hors intersection,Normale,Trois véhicules et plus - collisions multiples,7,2,2,0,1,1,1,0,1,50,3,8,0,0,0,8,26.0,49.0,voiture,voiture,1,1,1,1,5
202200021524,2022-06-24 13:55:00,2022,6,24,13,55,76,76227,A29,49.660261,0.912223,Plein jour,Hors agglomération,Hors intersection,Normale,Deux véhicules - arrière,1,1,2,0,1,1,1,0,1,130,2,2,1,0,1,0,19.0,43.0,voiture,utilitaire_camion,1,1,1,1,2
202200021525,2022-04-18 23:15:00,2022,4,18,23,15,42,42218,Rue Colonel Marey,45.44523,4.4028,Nuit avec éclairage allumé,En agglomération,Hors intersection,Normale,Autre collision,4,2,2,0,1,1,1,0,4,50,1,1,0,0,0,1,22.0,,voiture,,5,2,1,1,6
202200021526,2022-06-25 16:00:00,2022,6,25,16,0,06,06034,M6202,43.796353,7.207568,Plein jour,Hors agglomération,Hors intersection,Normale,Deux véhicules - côté,7,3,2,0,1,1,1,0,1,70,2,2,1,0,1,0,70.0,46.0,deux_roues,voiture,1,1,1,1,3
202200021527,2022-04-19 13:35:00,2022,4,19,13,35,38,38185,AVENUE MARCELIN BERTHELOT,45.17664,5.73213,Plein jour,En agglomération,Autre intersection,Normale,Deux véhicules - côté,7,2,2,1,1,2,1,0,1,30,2,3,1,0,0,2,30.0,41.0,voiture,autre,1,2,9,1,3
202200021528,2022-06-12 06:55:00,2022,6,12,6,55,59,59278,N41,50.6192283661,2.9579401016,Crépuscule ou aube,Hors agglomération,Hors intersection,Normale,Deux véhicules - arrière,2,3,4,0,1,1,1,0,1,-1,2,3,1,0,1,1,22.0,57.0,voiture,voiture,2,1,1,1,2
202200021529,2022-04-19 19:20:00,2022,4,19,19,20,37,37261,TONNELLE (BOULEVARD),47.38115,0.66815,Plein jour,En agglomération,Hors intersection,Normale,Autre collision,4,2,2,0,1,1,1,0,1,50,1,2,1,0,0,1,21.0,,voiture,,1,2,1,1,6
202200021530,2022-06-25 04:05:00,2022,6,25,4,5,44,44056,Pré Morais,47.417751,-1.817411,Nuit sans éclairage public,Hors agglomération,Hors intersection,Temps couvert,Autre collision,3,2,2,0,1,1,2,0,3,80,1,2,0,1,0,1,50.0,,utilitaire_camion,,3,1,1,8,6
202200021531,2022-06-25 17:10:00,2022,6,25,17,10,15,15168,Aire de Garabit Viaduc Eiffel (Aire de repos),44.97625,3.184702,Plein jour,Hors agglomération,Hors intersection,Normale,Autre collision,6,-1, -1,0,1,1,1,0,1,30,1,2,1,0,0,1,79.0,,voiture,,1,1,1,1,6
202200021532,2022-04-19 17:00:00,2022,4,19,17,0,35,35238,BEAULIEU (ALLEE DE),48.11914,-1.63518,Plein jour,En agglomération,Hors intersection,Normale,Deux véhicules - côté,4,2,2,0,1,1,1,0,1,50,2,2,1,0,0,1,24.0,19.0,deux_roues,voiture,1,2,1,1,3
202200021533,2022-06-25 12:55:00,2022,6,25,12,55,31,31157,Route de Toulouse,43.548517,1.350921,Plein jour,En agglomération,Intersection en X,Normale,Deux véhicules - côté,7,2,2,0,1,1,1,5,1,50,2,2,1,0,0,1,36.0,36.0,voiture,deux_roues,1,2,2,1,3
202200021534,2022-04-19 07:15:00,2022,4,19,7,15,35,35238,GAYEULLES (ROND POINT),48.12712,-1.65211,Plein jour,En agglomération,Giratoire,Normale,Deux véhicules - côté,4,1,1,1,1,2,1,0,1,50,2,2,1,0,0,1,31.0,63.0,deux_roues,voiture,1,2,6,1,3
202200021535,2022-06-24 18:15:00,2022,6,24,18,15,57,57343,D1,49.328423,6.181805,Plein jour,Hors agglomération,Intersection en X,Normale,Deux véhicules - côté,3,2,2,0,1,1,1,0,1,70,2,3,1,0,1,1,21.0,29.0,voiture,utilitaire_camion,1,1,2,1,3
202200021536,2022-04-19 08:40:00,2022,4,19,8,40,34,34172,VINCI (RUE LEONARD DE),43.60839,3.90657,Plein jour,En agglomération,Intersection en X,Normale,Deux véhicules - côté,4,2,2,1,1,1,1,0,1,50,2,2,1,0,1,0,35.0,60.0,deux_roues,voiture,1,2,2,1,3
202200021537,2022-06-24 16:10:00,2022,6,24,16,10,62,62908,rn42,50.733461,1.731012,Plein jour,Hors agglomération,Hors intersection,Normale,Deux véhicules - arrière,2,3,4,0,2,1,1,0,1,110,2,2,1,1,0,0,43.0,55.0,deux_roues,utilitaire_camion,1,1,1,1,2
202200021538,2022-04-19 18:00:00,2022,4,19,18,0,33,33281,Avenue de l’Yser,44.84176,-0.66523,Plein jour,En agglomération,Hors intersection,Pluie forte,Deux véhicules - côté,4,3,2,2,1,1,2,0,5,50,2,3,2,0,1,0,21.0,43.0,deux_roues,voiture,1,2,1,3,3
202200021539,2022-06-21 02:45:00,2022,6,21,2,45,76,76196,Route de Turretot,49.6285854641,0.2604453563,Nuit avec éclairage non allumé,Hors agglomération,Hors intersection,Normale,Autre collision,3,2,2,0,1,3,1,0,8,80,1,1,0,0,1,0,20.0,,utilitaire_camion,,4,1,1,1,6
202200021540,2022-06-24 18:30:00,2022,6,24,18,30,82,82161,D958,44.053891,1.447207,Plein jour,Hors agglomération,Intersection en T,Normale,Deux véhicules - côté,3,2,2,0,1,1,1,0,1,80,2,2,1,0,1,0,17.0,69.0,deux_roues,voiture,1,1,3,1,3
202200021541,2022-04-19 19:00:00,2022,4,19,19,0,33,33075,Rue Pasteur,44.876776631,-0.6172059202,Plein jour,En agglomération,Intersection en X,Pluie légère,Deux véhicules - côté,4,1,1,2,1,1,2,0,1,50,2,2,1,0,1,0,47.0,9.0,voiture,deux_roues,1,2,2,2,3
202200021542,2022-06-25 03:10:00,2022,6,25,3,10,89,89414,1 Rue de la Division Leclerc,48.295541,3.395229,Nuit avec éclairage non allumé,En agglomération,Hors intersection,Temps couvert,Autre collision,3,2,2,0,2,1,1,0,1,50,1,1,0,0,0,1,26.0,,voiture,,4,2,1,8,6
202200021543,2022-06-24 17:25:00,2022,6,24,17,25,89,89324,18 Rue André Henriat,47.743187,2.881996,Plein jour,En agglomération,Intersection en Y,Normale,Autre collision,3,2,2,0,1,2,1,0,1,50,1,2,0,0,2,0,27.0,,utilitaire_camion,,1,2,4,1,6
202200021544,2022-04-19 06:11:00,2022,4,19,6,11,31,31555,Boulevard des Minimes,43.61626,1.43717,Nuit avec éclairage allumé,En agglomération,Intersection en T,Normale,Deux véhicules - frontale,4,1,1,2,1,1,1,0,5,50,2,2,1,0,0,1,35.0,66.0,deux_roues,voiture,5,2,3,1,1
202200021545,2022-06-25 12:45:00,2022,6,25,12,45,89,89198,D80,47.871741,3.571174,Plein jour,Hors agglomération,Intersection en T,Normale,Deux véhicules - frontale,3,2,2,0,1,1,1,0,1,80,2,3,0,0,2,1,31.0,32.0,voiture,voiture,1,1,3,1,1
202200021546,2022-04-18 19:50:00,2022,4,18,19,50,29,29019,Route de Sainte-Anne du Portzic,48.360711,-4.532977,Plein jour,Hors agglomération,Hors intersection,Normale,Deux véhicules - frontale,4,2,2,0,3,3,1,0,1,50,2,2,1,0,1,0,30.0,23.0,deux_roues,voiture,1,1,1,1,1
202200021547,2022-06-25 03:25:00,2022,6,25,3,25,49,49331,1341 Rue de Court Pivert,47.70457,-0.871686,Nuit sans éclairage public,En agglomération,Hors intersection,Normale,Autre collision,4,2,2,0,2,3,2,0,3,50,1,1,0,1,0,0,38.0,,voiture,,3,2,1,1,6
202200021548,2022-06-25 14:40:00,2022,6,25,14,40,41,41176,D122,47.524266,2.097016,Plein jour,Hors agglomération,Hors intersection,Pluie forte,Autre collision,3,2,2,0,1,1,2,0,3,80,1,1,0,0,1,0,27.0,,voiture,,1,1,1,3,6
202200021549,2022-04-18 21:15:00,2022,4,18,21,15,25,25388,PORT (RUE DU),47.5044,6.79481,Nuit avec éclairage allumé,En agglomération,Intersection en X,Normale,Deux véhicules - arrière,3,2,2,0,2,1,1,5,1,50,2,2,1,0,1,0,23.0,43.0,voiture,deux_roues,5,2,2,1,2
202200021550,2022-06-25 18:05:00,2022,6,25,18,5,68,68139,Rue du 21 Novembre,47.593948,7.219512,Plein jour,En agglomération,Intersection en X,Normale,Sans collision,3,1,2,0,1,1,1,0,1,50,1,1,0,0,1,0,23.0,,deux_roues,,1,2,2,1,7
202200021551,2022-04-15 17:00:00,2022,4,15,17,0,19,19031,HUIT MAI 1945 (AVENUE DU),45.16291,1.54731,Plein jour,En agglomération,Hors intersection,Normale,Deux véhicules - arrière,3,2,2,0,1,1,1,0,1,50,2,2,1,0,0,1,38.0,84.0,deux_roues,voiture,1,2,1,1,2
202200021552,2022-06-24 16:40:00,2022,6,24,16,40,68,68152,route de mulhouse,47.676651,7.267746,Plein jour,En agglomération,Autre intersection,Pluie légère,Sans collision,3,2,2,0,1,1,2,0,1,50,1,2,1,0,0,1,83.0,,voiture,,1,2,9,2,7
202200021553,2022-04-19 18:30:00,2022,4,19,18,30,13,13117,LE BOSQUET (RESIDENCE),43.44426,5.25109,Plein jour,En agglomération,Hors intersection,Normale,Sans collision,4,2,2,0,1,3,1,0,1,30,1,1,0,0,1,0,22.0,,deux_roues,,1,2,1,1,7
202200021554,2022-06-25 13:50:00,2022,6,25,13,50,22,22204,La Grand Route,48.716723,-3.201549,Plein jour,En agglomération,Intersection en X,Pluie forte,Deux véhicules - côté,3,2,2,0,1,1,2,0,1,50,2,2,1,0,1,0,39.0,22.0,voiture,deux_roues,1,2,2,3,3
202200021555,2022-04-19 20:10:00,2022,4,19,20,10,13,13216,LITTORAL (CHEMIN DU),43.3506012418,5.3413421579,Plein jour,En agglomération,Hors intersection,Temps couvert,Deux véhicules - frontale,3,-1,2,0,1,1,1,0,1,50,1,2,0,0,1,1,21.0,,voiture,,1,2,1,8,1
202200021556,2022-06-24 13:45:00,2022,6,24,13,45,35,35299,Les acres,48.623818,-1.904595,Plein jour,Hors agglomération,Hors intersection,Normale,Deux véhicules - frontale,3,2,2,0,2,1,1,0,1,80,2,2,0,0,1,1,92.0,40.0,voiture,utilitaire_camion,1,1,1,1,1