accident_id,datetime,annee,mois,jour,heure,minute,departement,commune_insee,adresse,latitude,longitude,luminosite,agglomeration,intersection,meteo,collision,catr,circ,nbv,vosp,prof,plan,surf,infra,situ,vma,nb_vehicules,nb_usagers,nb_indemnes,nb_tues,nb_blesses_hosp,nb_blesses_legers,age_cond_1,age_cond_2,veh_type_cond_1,veh_type_cond_2,lum_code,agg_code,int_code,atm_code,col_code
202200021557,2022-04-19 18:50:00,2022,4,19,18,50,13,13215,AVENUE DU VALLON D'OL,43.38495,5.36101,Crépuscule ou aube,En agglomération,Hors intersection,Normale,Deux véhicules - arrière,4,2,0,0,2,1,1,1,1,50,2,2,1,0,0,1,36.0,44.0,voiture,voiture,2,2,1,1,2
202200021558,2022-06-25 15:30:00,2022,6,25,15,30,38,38082,Route de Rives,45.410136,5.531922,Plein jour,Hors agglomération,Hors intersection,Normale,Deux véhicules - arrière,3,2,2,0,1,1,1,0,1,80,2,3,2,0,1,0,85.0,17.0,voiture,deux_roues,1,1,1,1,2
202200021559,2022-04-19 17:30:00,2022,4,19,17,30,13,13209,MARÉCHAL DE LATTRE (AVENUE),43.24566,5.42264,Plein jour,En agglomération,Hors intersection,Normale,Deux véhicules - côté,3,2,2,0,1,1,1,0,1,30,2,2,1,0,0,1,24.0,40.0,voiture,deux_roues,1,2,1,1,3
202200021560,2022-06-25 00:25:00,2022,6,25,0,25,38,38118,Route de Rives,45.397007,5.467265,Nuit avec éclairage allumé,Hors agglomération,Hors intersection,Normale,Deux véhicules - frontale,3,2,2,0,1,3,1,0,1,50,2,3,0,0,3,0,34.0,21.0,voiture,voiture,5,1,1,1,1
202200021561,2022-04-18 22:00:00,2022,4,18,22,0,13,13208,MENDES FRANCE (AVENUE),43.255132746,5.3763010767,Nuit avec éclairage allumé,En agglomération,Hors intersection,Normale,Deux véhicules - côté,4,3,4,0,1,1,1,0,1,50,3,4,3,0,0,1,51.0,30.0,voiture,voiture,5,2,1,1,3
202200021562,2022-06-25 17:30:00,2022,6,25,17,30,70,70366,Carrefour D5 vc1,47.445374,5.880899,Plein jour,Hors agglomération,Intersection en X,Normale,Deux véhicules - côté,3,2,2,0,1,1,1,0,1,80,2,2,1,1,0,0,48.0,39.0,voiture,deux_roues,1,1,2,1,3
202200021563,2022-06-19 18:15:00,2022,6,19,18,15,70,70092,D21,47.265743,5.630383,Plein jour,Hors agglomération,Intersection en Y,Normale,Deux véhicules - côté,3,2,2,0,1,1,1,0,1,80,2,2,1,0,1,0,63.0,19.0,deux_roues,voiture,1,1,4,1,3
202200021564,2022-04-19 14:51:00,2022,4,19,14,51,13,13001,RN 296,43.5349,5.43105,Plein jour,Hors agglomération,Hors intersection,Normale,Deux véhicules - arrière,2,3,3,0,2,1,1,0,1,90,2,10,0,0,0,10,41.0,39.0,transport_commun,utilitaire_camion,1,1,1,1,2
202200021565,2022-06-25 10:40:00,2022,6,25,10,40,50,50236,route du moulin,49.307717,-1.561954,Plein jour,Hors agglomération,Hors intersection,Normale,Deux véhicules - côté,3,2,2,0,1,1,1,0,1,80,2,2,1,0,1,0,87.0,66.0,voiture,deux_roues,1,1,1,1,3
202200021566,2022-04-16 05:23:00,2022,4,16,5,23,11,11069,,43.20943,2.31157,Nuit sans éclairage public,Hors agglomération,Hors intersection,Normale,Deux véhicules - frontale,3,2,2,0,1,3,1,0,1,70,2,3,2,0,0,1,35.0,20.0,voiture,voiture,3,1,1,1,1
202200021567,2022-06-17 20:30:00,2022,6,17,20,30,60,60471,Noyon,49.601491,3.011574,Crépuscule ou aube,Hors agglomération,Intersection à plus de 4 branches,Normale,Deux véhicules - frontale,3,2,2,0,1,1,1,0,1,80,2,2,1,0,1,0,33.0,42.0,deux_roues,voiture,2,1,5,1,1
202200021568,2022-04-19 14:00:00,2022,4,19,14,0,10,10362,GENERAL LECLERC (RUE DU),48.29251,4.04383,Plein jour,En agglomération,Intersection en T,Normale,Deux véhicules - arrière,3,2,2,0,1,1,1,0,1,50,2,2,1,0,1,0,66.0,38.0,deux_roues,voiture,1,2,3,1,2
202200021569,2022-06-24 22:45:00,2022,6,24,22,45,45,45095,4 Rue de Laveau,48.069663,2.130339,Nuit sans éclairage public,En agglomération,Autre intersection,Normale,Sans collision,4,2,2,0,1,1,9,9,1,50,1,2,1,0,1,0,15.0,,deux_roues,,3,2,9,1,7
202200021570,2022-06-24 23:10:00,2022,6,24,23,10,64,64138,Avenue de la Bigorre,43.2433192326,-0.2654743195,Nuit sans éclairage public,En agglomération,Hors intersection,Normale,Autre collision,3,2,2,0,1,1,1,0,1,50,1,3,1,0,0,2,45.0,,voiture,,3,2,1,1,6
202200021571,2022-04-19 13:25:00,2022,4,19,13,25,10,10387,CHARMILLES (MAIL DES),48.29942,4.08731,Plein jour,En agglomération,Hors intersection,Normale,Deux véhicules - arrière,4,1,3,2,1,1,1,0,1,50,2,4,2,0,0,2,67.0,23.0,voiture,voiture,1,2,1,1,2
202200021572,2022-06-24 16:00:00,2022,6,24,16,0,18,18176,,47.221783,2.537134,Plein jour,En agglomération,Hors intersection,Temps couvert,Autre collision,3,2,2,0,1,2,1,0,3,50,1,1,0,0,1,0,19.0,,voiture,,1,2,1,8,6
202200021573,2022-04-19 08:10:00,2022,4,19,8,10,06,06069,THIERS (AVENUE),43.663838,6.92507,Plein jour,En agglomération,Hors intersection,Normale,Autre collision,3,2,2,0,2,2,1,0,1,50,1,2,1,0,0,1,57.0,,voiture,,1,2,1,1,6
202200021574,2022-06-25 12:25:00,2022,6,25,12,25,04,04135,RD 952,43.832865,6.222164,Plein jour,Hors agglomération,Hors intersection,Normale,Sans collision,3,2,2,0,1,1,1,0,1,80,1,1,0,0,0,1,41.0,,deux_roues,,1,1,1,1,7
202200021575,2022-04-19 19:10:00,2022,4,19,19,10,75,75117,BD PERIPHERIQUE INTERIEUR,48.8857465259,2.2881784754,Plein jour,En agglomération,Hors intersection,Normale,Deux véhicules - côté,4,1,4,0,1,1,1,1,1,70,2,2,1,0,0,1,62.0,39.0,deux_roues,voiture,1,2,1,1,3
202200021576,2022-06-25 05:30:00,2022,6,25,5,30,88,88313,Rue du Haut de Fosse,48.348371,6.42984,Crépuscule ou aube,En agglomération,Hors intersection,Normale,Autre collision,3,2,2,0,1,3,1,0,1,50,1,5,0,2,3,0,25.0,,voiture,,2,2,1,1,6
202200021577,2022-04-18 16:30:00,2022,4,18,16,30,75,75114,ECHANGEUR ORLEANS,48.8202602026,2.3257180821,Plein jour,En agglomération,Intersection en Y,Normale,Trois véhicules et plus - en chaîne,4,1,3,0,1,1,1,0,1,50,3,5,4,0,0,1,49.0,61.0,deux_roues,voiture,1,2,4,1,4
202200021578,2022-04-16 22:45:00,2022,4,16,22,45,75,75120,ECHANGEUR BAGNOLET,48.865259,2.412872,Nuit sans éclairage public,En agglomération,Hors intersection,Normale,Autre collision,4,1,2,0,2,2,1,0,1,50,1,1,0,0,0,1,19.0,,voiture,,3,2,1,1,6
202200021579,2022-06-25 03:30:00,2022,6,25,3,30,72,72228,A11,47.806673,-0.166399,Nuit sans éclairage public,Hors agglomération,Hors intersection,Normale,Deux véhicules - arrière,1,1,2,0,1,1,1,0,1,130,2,9,3,0,0,6,54.0,24.0,voiture,voiture,3,1,1,1,2
202200021580,2022-04-19 18:15:00,2022,4,19,18,15,75,75120,AVENUE GAMBETTA,48.863943,2.391655,Plein jour,En agglomération,Intersection en T,Normale,Sans collision,4,2,2,0,2,1,1,0,1,30,1,1,0,0,0,1,29.0,,deux_roues,,1,2,3,1,7
202200021581,2022-06-24 17:15:00,2022,6,24,17,15,51,51450,A4,49.200775,4.105883,Plein jour,Hors agglomération,Hors intersection,Normale,Sans collision,1,3,2,0,1,1,1,0,1,130,1,1,0,0,1,0,40.0,,deux_roues,,1,1,1,1,7
202200021582,2022-04-19 12:15:00,2022,4,19,12,15,75,75119,RUE ALPHONSE KARR,48.894928,2.380622,Plein jour,En agglomération,Hors intersection,Normale,Deux véhicules - arrière,4,1,1,0,1,1,1,0,1,30,2,3,2,0,0,1,35.0,17.0,voiture,deux_roues,1,2,1,1,2
202200021583,2022-06-23 13:45:00,2022,6,23,13,45,83,83096,A8,43.480332,5.768262,Plein jour,Hors agglomération,Hors intersection,Normale,Deux véhicules - arrière,1,3,5,0,1,2,1,0,1,130,2,3,2,0,1,0,71.0,52.0,voiture,utilitaire_camion,1,1,1,1,2
202200021584,2022-06-24 08:00:00,2022,6,24,8,0,62,62728,A26,50.229308,3.0533411,Plein jour,Hors agglomération,Hors intersection,Pluie forte,Autre collision,1,3,4,0,1,1,2,0,2,130,1,1,0,0,1,0,44.0,,utilitaire_camion,,1,1,1,3,6
202200021585,2022-04-19 11:10:00,2022,4,19,11,10,75,75119,AVENUE DE FLANDRE,48.8884705458,2.373867631,Plein jour,En agglomération,Intersection en X,Normale,Deux véhicules - arrière,4,3,2,0,1,1,1,0,1,30,2,2,1,0,0,1,31.0,29.0,deux_roues,utilitaire_camion,1,2,2,1,2
202200021586,2022-06-22 17:30:00,2022,6,22,17,30,971,97108,Section héloin,15.904051,-61.239853,Crépuscule ou aube,Hors agglomération,Hors intersection,Normale,Deux véhicules - côté,3,2,2,0,1,1,1,0,1,50,2,2,1,0,1,0,54.0,55.0,deux_roues,utilitaire_camion,2,1,1,1,3
202200021587,2022-06-25 14:00:00,2022,6,25,14,0,33,33013,Avenue de Senaillac,44.862614,-0.472133,Plein jour,En agglomération,Hors intersection,Normale,Autre collision,4,2,2,0,1,2,2,2,1,50,1,2,0,0,2,0,19.0,,deux_roues,,1,2,1,1,6
202200021588,2022-04-19 17:40:00,2022,4,19,17,40,75,75116,AVENUE VICTOR HUGO,48.872495,2.292007,Plein jour,En agglomération,Intersection en T,Normale,Trois véhicules et plus - collisions multiples,4,2,2,0,1,1,1,0,1,30,3,3,2,0,0,1,39.0,26.0,voiture,voiture,1,2,3,1,5
202200021589,2022-06-25 16:45:00,2022,6,25,16,45,13,13085,D559a,43.2428,5.593162,Plein jour,Hors agglomération,Intersection en X,Normale,Deux véhicules - côté,1,2, -1,-1,1,1,1,0,1,-1,2,2,1,0,1,0,21.0,54.0,utilitaire_camion,deux_roues,1,1,2,1,3
202200021590,2022-04-19 08:40:00,2022,4,19,8,40,75,75116,PLACE DE LA PORTE D AUTEUIL,48.8479101438,2.2585447133,Plein jour,En agglomération,Place,Normale,Deux véhicules - côté,4,2,6,0,2,1,1,5,1,30,2,2,1,0,0,1,38.0,48.0,deux_roues,transport_commun,1,2,7,1,3
202200021591,2022-06-25 10:07:00,2022,6,25,10,7,13,13094,D32,43.807139,4.743068,Plein jour,Hors agglomération,Intersection en X,Normale,Deux véhicules - côté,3,2,2,0,1,1,1,0,1,80,2,2,1,0,1,0,55.0,25.0,deux_roues,utilitaire_camion,1,1,2,1,3
202200021592,2022-04-17 20:00:00,2022,4,17,20,0,75,75116,AVENUE DE VERSAILLES,48.847414,2.273796,Crépuscule ou aube,En agglomération,Place,Normale,Deux véhicules - côté,4,2,4,0,1,1,1,0,1,30,2,2,1,0,0,1,20.0,81.0,deux_roues,voiture,2,2,7,1,3
202200021593,2022-06-25 09:00:00,2022,6,25,9,0,68,68298,D1059,48.256541,7.218543,Plein jour,Hors agglomération,Hors intersection,Normale,Trois véhicules et plus - collisions multiples,3,2,3,0,1,1,1,0,1,80,3,6,1,0,0,5,50.0,41.0,voiture,voiture,1,1,1,1,5
202200021594,2022-04-18 02:18:00,2022,4,18,2,18,75,75109,BOULEVARD HAUSSMANN,48.873587,2.328356,Nuit avec éclairage allumé,En agglomération,Intersection en T,Normale,Deux véhicules - côté,4,1,3,0,1,1,1,0,1,30,2,3,1,0,0,2,32.0,53.0,deux_roues,voiture,5,2,3,1,3
202200021595,2022-06-12 12:25:00,2022,6,12,12,25,67,67028,4 Rue de Strasbourg,48.372095,7.59284,Plein jour,En agglomération,Giratoire,Normale,Deux véhicules - côté,3,2,2,0,1,2,1,5,1,70,2,3,1,0,0,2,67.0,44.0,voiture,voiture,1,2,6,1,3
202200021596,2022-06-25 05:30:00,2022,6,25,5,30,03,03320,Rue Anatole France,46.553515,2.941037,Crépuscule ou aube,En agglomération,Hors intersection,Normale,Autre collision,3,2,2,0,1,1,1,0,3,50,1,1,0,0,1,0,25.0,,voiture,,2,2,1,1,6
202200021597,2022-04-19 09:00:00,2022,4,19,9,0,75,75108,AVENUE GEORGE V,48.865966338,2.3013755679,Plein jour,En agglomération,Hors intersection,Normale,Deux véhicules - côté,4,2,2,0,1,1,1,0,1,30,2,2,1,0,0,1,55.0,53.0,deux_roues,deux_roues,1,2,1,1,3
202200021598,2022-06-24 16:30:00,2022,6,24,16,30,01,01282,pk 11 D57,46.049851,5.563878,Plein jour,Hors agglomération,Hors intersection,Normale,Autre collision,3,2,2,0,2,2,1,0,3,80,1,3,0,0,1,2,36.0,,voiture,,1,1,1,1,6
202200021599,2022-04-19 17:50:00,2022,4,19,17,50,75,75102,BOULEVARD DE BONNE NOUVELLE,48.8697985074,2.3520371318,Plein jour,En agglomération,Hors intersection,Normale,Deux véhicules - côté,4,2,4,1,2,1,1,-1,5,30,2,2,1,0,0,1,52.0,30.0,deux_roues,deux_roues,1,2,1,1,3
202200021600,2022-06-24 10:50:00,2022,6,24,10,50,31,31395,109 Boulevard de Peyramont,43.468502,1.318558,Plein jour,En agglomération,Intersection en X,Normale,Deux véhicules - frontale,4,2,2,0,1,1,1,0,1,50,2,2,1,0,1,0,78.0,45.0,voiture,deux_roues,1,2,2,1,1
202200021601,2022-06-24 07:00:00,2022,6,24,7,0,49,49023,D756,47.202153,-0.917396,Plein jour,Hors agglomération,Hors intersection,Pluie légère,Autre collision,3,2,2,0,2,4,2,0,1,50,1,1,0,0,1,0,26.0,,voiture,,1,1,1,2,6
202200021602,2022-04-19 11:15:00,2022,4,19,11,15,75,75101,RUE DE RIVOLI,48.859342,2.345667,Plein jour,En agglomération,Intersection en T,Normale,Deux véhicules - arrière,4,2,4,0,1,1,1,0,1,30,2,2,1,0,0,1,47.0,33.0,utilitaire_camion,utilitaire_camion,1,2,3,1,2
202200021603,2022-06-24 18:05:00,2022,6,24,18,5,22,22162,26 Chemin de Kernuet,48.770977,-3.082464,Plein jour,En agglomération,Hors intersection,Normale,Autre collision,4,2,2,0,1,2,2,0,3,80,1,2,1,0,1,0,19.0,,voiture,,1,2,1,1,6
202200021604,2022-04-19 19:50:00,2022,4,19,19,50,94,94074,20 Rue Gabriel Péri,48.74884,2.47184,Plein jour,En agglomération,Hors intersection,Normale,Deux véhicules - frontale,3,-1,2,0,1,1,1,0,1,50,2,3,1,0,0,2,32.0,45.0,deux_roues,voiture,1,2,1,1,1
202200021605,2022-06-24 18:55:00,2022,6,24,18,55,76,76164,11 Route de Norville,49.497448,0.665907,Plein jour,En agglomération,Hors intersection,Normale,Sans collision,3,2,2,0,1,1,1,0,8,70,1,1,0,0,0,1,32.0,,voiture,,1,2,1,1,7
202200021606,2022-04-19 11:55:00,2022,4,19,11,55,94,94016,Avenue du Président Wilson,48.7888,2.32476,Plein jour,En agglomération,Hors intersection,Normale,Deux véhicules - arrière,3,2,2,0,1,1,1,0,1,30,2,3,1,0,0,2,31.0,16.0,voiture,deux_roues,1,2,1,1,2
202200021607,2022-06-23 11:15:00,2022,6,23,11,15,13,13214,A507 sens Aubagne- Marseille,43.33395,5.38373,Plein jour,En agglomération,Hors intersection,Normale,Autre collision,1,1,2,0,1,1,1,0,1,70,1,1,0,0,0,1,23.0,,voiture,,1,2,1,1,6
202200021608,2022-04-18 16:45:00,2022,4,18,16,45,94,94028,Rue Jean Jaurès,48.7944615615,2.4572424887,Plein jour,En agglomération,Hors intersection,Normale,Autre collision,4,1,1,0,1,1,1,0,1,30,1,2,1,0,0,1,41.0,,voiture,,1,2,1,1,6
202200021609,2022-06-23 17:08:00,2022,6,23,17,8,69,69142,Route de Métropole 7,45.7215,4.818,Plein jour,Hors agglomération,Hors intersection,Pluie légère,Deux véhicules - arrière,7,3,6,0,1,1,2,0,1,70,2,2,1,0,0,1,43.0,74.0,deux_roues,utilitaire_camion,1,1,1,2,2
202200021610,2022-04-18 16:10:00,2022,4,18,16,10,94,94017,Avenue du Général de Gaulle / Avenue de la République,48.82716,2.50886,Plein jour,En agglomération,Intersection à plus de 4 branches,Normale,Deux véhicules - côté,3,1,2,0,1,1,1,0,1,50,2,2,1,0,0,1,54.0,28.0,voiture,deux_roues,1,2,5,1,3
202200021611,2022-04-19 20:20:00,2022,4,19,20,20,94,94070,Route Nationale 19,48.71938,2.56735,Crépuscule ou aube,En agglomération,Hors intersection,Normale,Deux véhicules - arrière,2,1,1,0,1,1,1,0,1,50,2,2,1,0,0,1,18.0,41.0,deux_roues,utilitaire_camion,2,2,1,1,2
202200021612,2022-04-20 16:35:00,2022,4,20,16,35,33,33063,ROCADE A 630,44.88284,-0.55264,Plein jour,Hors agglomération,Hors intersection,Pluie légère,Trois véhicules et plus - en chaîne,1,3,6,0,2,1,2,2,1,70,5,8,7,0,0,1,43.0,47.0,voiture,voiture,1,1,1,2,4
202200021613,2022-06-24 13:05:00,2022,6,24,13,5,94,94043,AUTOROUTE A6B,48.8077037126,2.3472629196,Plein jour,Hors agglomération,Hors intersection,Normale,Deux véhicules - arrière,1,3,4,0,1,1,1,1,1,70,2,2,1,0,0,1,37.0,38.0,voiture,deux_roues,1,1,1,1,2
202200021614,2022-04-15 19:15:00,2022,4,15,19,15,94,94004,Avenue des Chataîgniers / Rue de Maison Blanche,48.75306,2.53895,Plein jour,En agglomération,Giratoire,Normale,Deux véhicules - côté,4,2,2,0,1,3,1,5,1,50,2,3,2,0,0,1,14.0,76.0,deux_roues,voiture,1,2,6,1,3
202200021615,2022-06-24 07:30:00,2022,6,24,7,30,94,94003,AUTOROUTE A6A,48.8083132183,2.3403117553,Plein jour,Hors agglomération,Hors intersection,Normale,Trois véhicules et plus - collisions multiples,1,3,6,0,2,1,1,0,1,70,4,4,3,0,0,1,43.0,34.0,voiture,voiture,1,1,1,1,5
202200021616,2022-04-19 05:35:00,2022,4,19,5,35,94,94081,Quai Jules Guesde,48.7963,2.41653,Nuit avec éclairage allumé,En agglomération,Giratoire,Normale,Deux véhicules - côté,3,2,5,0,1,1,1,0,1,50,2,2,1,0,0,1,22.0,54.0,voiture,voiture,5,2,6,1,3
202200021617,2022-06-24 16:15:00,2022,6,24,16,15,78,78133,A13,48.887578,2.011444,Plein jour,Hors agglomération,Hors intersection,Normale,Deux véhicules - arrière,1,-1,2,0,1,1,1,0,1,110,2,3,2,0,0,1,75.0,40.0,voiture,voiture,1,1,1,1,2
202200021618,2022-04-18 18:55:00,2022,4,18,18,55,93,93010,Rue de Paris / Avenue de Rosny,48.904,2.47075,Plein jour,En agglomération,Intersection en X,Normale,Deux véhicules - côté,3,3,6,3,1,1,1,5,1,50,2,2,1,0,1,0,29.0,26.0,deux_roues,voiture,1,2,2,1,3
202200021619,2022-06-24 12:45:00,2022,6,24,12,45,92,92064,A13,48.8474879607,2.2246484423,Plein jour,Hors agglomération,Hors intersection,Normale,Autre collision,1,1,2,0,1,2,1,2,1,70,1,2,0,0,1,1,34.0,,voiture,,1,1,1,1,6
202200021620,2022-06-24 17:20:00,2022,6,24,17,20,93,93005,AUTOROUTE A1,48.9577869664,2.4624502659,Plein jour,Hors agglomération,Hors intersection,Pluie légère,Deux véhicules - côté,1,3,8,0,1,1,2,0,1,110,2,2,1,0,0,1,32.0,20.0,deux_roues,utilitaire_camion,1,1,1,2,3
202200021621,2022-04-19 18:00:00,2022,4,19,18,0,93,93051,Boulevard Paul Pambrun / Rue Léon Bernard,48.85035,2.55319,Plein jour,En agglomération,Intersection en X,Normale,Deux véhicules - côté,3,3,4,0,1,1,1,0,1,50,2,4,2,0,0,2,28.0,14.0,voiture,deux_roues,1,2,2,1,3
202200021622,2022-06-24 13:05:00,2022,6,24,13,5,93,93006,AUTOROUTE A3,48.8670202732,2.4260687828,Plein jour,Hors agglomération,Hors intersection,Normale,Deux véhicules - côté,1,3,8,0,1,1,1,0,1,110,2,2,1,0,0,1,49.0,63.0,deux_roues,voiture,1,1,1,1,3
202200021623,2022-06-24 06:40:00,2022,6,24,6,40,93,93066,AUTOROUTE A1,48.9279564099,2.3575211478,Plein jour,Hors agglomération,Hors intersection,Temps couvert,Deux véhicules - côté,1,3,8,0,1,2,2,3,1,90,2,3,1,0,0,2,38.0,51.0,utilitaire_camion,deux_roues,1,1,1,8,3
202200021624,2022-04-19 09:30:00,2022,4,19,9,30,93,93048,Rue Rapatel / Rue Molière,48.85694,2.44551,Plein jour,En agglomération,Intersection en X,Normale,Deux véhicules - côté,3,2,2,0,2,1,1,0,1,30,2,2,1,0,0,1,58.0,45.0,deux_roues,voiture,1,2,2,1,3
202200021625,2022-06-23 19:30:00,2022,6,23,19,30,93,93010,AUTOROUTE A3,48.9062533918,2.4721405579,Plein jour,Hors agglomération,Hors intersection,Normale,Deux véhicules - arrière,1,3,3,0,1,1,1,0,1,90,2,3,2,0,0,1,31.0,56.0,voiture,voiture,1,1,1,1,2
202200021626,2022-04-18 11:43:00,2022,4,18,11,43,93,93063,Avenue Lénine,48.884035,2.429142,Plein jour,En agglomération,Autre intersection,Normale,Deux véhicules - côté,3,2,2,0,1,1,1,9,1,30,2,2,1,0,0,1,62.0,68.0,voiture,deux_roues,1,2,9,1,3
202200021627,2022-06-23 18:00:00,2022,6,23,18,0,95,95582, A15,48.96542,2.26011,Plein jour,Hors agglomération,Hors intersection,Normale,Deux véhicules - côté,1,3,8,0,1,1,1,0,1,110,2,2,1,0,0,1,,27.0,voiture,deux_roues,1,1,1,1,3
202200021628,2022-04-19 14:50:00,2022,4,19,14,50,92,92064,TENNEROLLES,48.84604,2.20529,Plein jour,En agglomération,Hors intersection,Normale,Autre collision,4,1,1,0,1,1,1,0,1,50,1,2,1,0,0,1,,,voiture,,1,2,1,1,6
202200021629,2022-06-22 18:15:00,2022,6,22,18,15,95,95176, A15,48.988791,2.202621,Plein jour,Hors agglomération,Hors intersection,Normale,Autre collision,1,3,4,0,1,1,1,0,1,110,1,2,0,0,0,2,20.0,,voiture,,1,1,1,1,6
202200021630,2022-06-23 06:50:00,2022,6,23,6,50,44,44109,51 Boulevard de Sarrebruck,47.216673,-1.518444,Plein jour,En agglomération,Hors intersection,Normale,Autre collision,4,3,3,3,1,1,1,0,1,50,1,2,0,0,1,0,,,voiture,,1,2,1,1,6
202200021631,2022-04-19 18:01:00,2022,4,19,18,1,92,92050,CHANZY RUE DE,48.8870901083,2.1976279914,Plein jour,En agglomération,Hors intersection,Normale,Autre collision,4,1,0,1,1,1,1,9,5,50,1,2,1,0,0,1,66.0,,voiture,,1,2,1,1,6
202200021632,2022-06-23 13:10:00,2022,6,23,13,10,13,13103,BOULEVARD DES VENTADOUIRO,43.6271027716,5.0961234381,Plein jour,En agglomération,Hors intersection,Normale,Trois véhicules et plus - en chaîne,4,2,2,0,1,1,1,0,1,50,2,4,0,0,0,4,29.0,56.0,transport_commun,voiture,1,2,1,1,4
202200021633,2022-04-19 17:40:00,2022,4,19,17,40,92,92049,JAURES AVENUE JEAN N°53 A FIN,48.8138394405,2.3072469234,Plein jour,En agglomération,Intersection en T,Normale,Autre collision,4,2,2,0,1,1,1,0,1,50,1,2,1,0,0,1,28.0,,utilitaire_camion,,1,2,3,1,6
202200021634,2022-04-19 07:05:00,2022,4,19,7,5,92,92040,GALLIENI (BOULEVARD),48.8319339984,2.2671664059,Plein jour,En agglomération,Hors intersection,Normale,Deux véhicules - arrière,3,2,2,1,1,1,1,0,1,30,2,2,0,0,0,2,49.0,57.0,deux_roues,deux_roues,1,2,1,1,2
202200021635,2022-06-04 22:02:00,2022,6,4,22,2,92,92044,ARISTIDE BRIAND(RUE)51A83  54A96,48.8928018786,2.2892841697,Nuit avec éclairage allumé,En agglomération,Hors intersection,Normale,Autre collision,4,-1,2,0,1,1,1,6,1,50,1,2,1,0,0,1,21.0,,deux_roues,,5,2,1,1,6
202200021636,2022-04-19 07:30:00,2022,4,19,7,30,92,92026,MARECHAL JOFFRE (QUAI DU),48.9002135535,2.2740460038,Plein jour,En agglomération,Hors intersection,Normale,Deux véhicules - côté,3,3,4,0,1,1,1,0,1,50,2,2,1,0,0,1,,27.0,deux_roues,deux_roues,1,2,1,1,3
202200021637,2022-04-24 18:25:00,2022,4,24,18,25,63,63113,CLEMENTEL (BD ETIENNE),45.80966,3.10943,Plein jour,En agglomération,Intersection en X,Normale,Deux véhicules - côté,7,3,4,0,1,1,1,0,1,50,2,2,0,0,0,2,19.0,23.0,voiture,voiture,1,2,2,1,3
202200021638,2022-04-18 19:30:00,2022,4,18,19,30,92,92025,COLBERT  115 A 131   104 A 124 (RUE),48.915132273,2.2332492024,Plein jour,En agglomération,Intersection en X,Normale,Deux véhicules - côté,4,1,3,0,1,1,1,0,1,30,2,2,1,0,0,1,34.0,19.0,voiture,deux_roues,1,2,2,1,3
202200021639,2022-04-21 12:40:00,2022,4,21,12,40,49,49099,LORRAINE (RUE DE),47.0566220549,-0.8618447185,Plein jour,En agglomération,Hors intersection,Autre,Autre collision,4,2,2,0,1,1,1,0,1,50,1,2,1,0,1,0,31.0,,utilitaire_camion,,1,2,1,9,6
202200021640,2022-04-23 18:22:00,2022,4,23,18,22,45,45302,Rue Nationale 20,47.9569229534,1.8901412488,Plein jour,En agglomération,Giratoire,Normale,Autre collision,4,1,2,0,1,1,1,0,3,50,1,1,0,0,0,1,66.0,,voiture,,1,2,6,1,6
202200021641,2022-04-16 12:25:00,2022,4,16,12,25,2A,2A019,D1,42.146669,8.813009,Plein jour,Hors agglomération,Hors intersection,Normale,Deux véhicules - côté,3,2,2,0,1,3,1,0,1,80,2,3,2,0,1,0,66.0,49.0,deux_roues,voiture,1,1,1,1,3
202200021642,2022-04-19 12:10:00,2022,4,19,12,10,38,38185,RUE CONDORCET,45.1857,5.7184,Plein jour,En agglomération,Intersection en X,Normale,Deux véhicules - côté,7,1,1,2,1,1,1,0,1,30,2,2,1,0,0,1,,27.0,deux_roues,autre,1,2,2,1,3
202200021643,2022-04-18 19:30:00,2022,4,18,19,30,34,34032,22 AOUT 1944 (AVENUE DU),43.34377,3.22158,Plein jour,En agglomération,Hors intersection,Normale,Autre collision,4,1,2,0,2,1,1,0,1,50,1,2,1,0,1,0,44.0,,deux_roues,,1,2,1,1,6
202200021644,2022-04-20 22:10:00,2022,4,20,22,10,95,95205,RD 316,49.022937,2.386544,Nuit avec éclairage allumé,Hors agglomération,Hors intersection,Normale,Deux véhicules - côté,3,2,2,0,4,1,1,0,1,70,2,4,3,0,0,1,21.0,27.0,voiture,deux_roues,5,1,1,1,3
202200021645,2022-04-07 00:13:00,2022,4,7,0,13,33,33001,Lieu Dit Penot (rond point autoroute),45.01292,-0.103265,Nuit sans éclairage public,Hors agglomération,Giratoire,Pluie légère,Autre collision,3,2,2,0,1,1,2,5,1,-1,1,2,0,0,2,0,27.0,,voiture,,3,1,6,2,6
202200021646,2022-04-17 17:59:00,2022,4,17,17,59,01,01173,D1005,46.360449,6.037754,Plein jour,Hors agglomération,Hors intersection,Normale,Deux véhicules - côté,3,2,2,0,2,3,1,0,1,80,2,2,1,0,1,0,34.0,45.0,deux_roues,voiture,1,1,1,1,3
202200021647,2022-06-23 14:00:00,2022,6,23,14,0,974,97416,DU LYCEE(RUE),-21.344892,55.492345,Plein jour,Hors agglomération,Hors intersection,Pluie légère,Sans collision,4,1,1,0,2,3,2,0,1,50,1,2,0,0,2,0,46.0,,voiture,,1,1,1,2,7
202200021648,2022-06-22 06:20:00,2022,6,22,6,20,974,97416,HIPPOLYTE  PIOT (RUE),-21.29749,55.45218,Crépuscule ou aube,En agglomération,Intersection en T,Normale,Deux véhicules - côté,4,2,2,0,1,1,1,0,1,50,2,2,1,0,0,1,58.0,39.0,voiture,deux_roues,2,2,3,1,3