accident_id,datetime,annee,mois,jour,heure,minute,departement,commune_insee,adresse,latitude,longitude,luminosite,agglomeration,intersection,meteo,collision,catr,circ,nbv,vosp,prof,plan,surf,infra,situ,vma,nb_vehicules,nb_usagers,nb_indemnes,nb_tues,nb_blesses_hosp,nb_blesses_legers,age_cond_1,age_cond_2,veh_type_cond_1,veh_type_cond_2,lum_code,agg_code,int_code,atm_code,col_code
202200021741,2022-04-18 18:15:00,2022,4,18,18,15,69,69381,12 Quai Jean Moulin,45.7665475223,4.8380345106,Plein jour,En agglomération,Hors intersection,Normale,Sans collision,4,3,4,3,1,1,1,0,6,30,1,1,0,0,0,1,57.0,,deux_roues,,1,2,1,1,7
202200021742,2022-04-18 15:35:00,2022,4,18,15,35,78,78401,TESSANCOURT (RUE DE),49.00888,1.90537,Plein jour,En agglomération,Hors intersection,Normale,Deux véhicules - frontale,4,2,2,0,1,1,1,0,1,50,2,5,0,0,0,5,18.0,81.0,voiture,voiture,1,2,1,1,1
202200021743,2022-06-22 00:15:00,2022,6,22,0,15,49,49007,CHEVREUL,47.47266,-0.54791,Nuit avec éclairage allumé,En agglomération,Hors intersection,Normale,Sans collision,4,2,2,0,1,1,1,0,1,30,1,1,0,0,0,1,29.0,,deux_roues,,5,2,1,1,7
202200021744,2022-04-18 15:01:00,2022,4,18,15,1,77,77438,D10P,48.86123,2.66541,Plein jour,Hors agglomération,Intersection en T,Normale,Deux véhicules - côté,1,3,3,-1,2,4,1,5,1,-1,2,2,1,0,0,1,55.0,19.0,deux_roues,voiture,1,1,3,1,3
202200021745,2022-04-18 19:30:00,2022,4,18,19,30,74,74133,INDUSTRIE (RUE DE L'),46.1831,6.2156,Plein jour,En agglomération,Hors intersection,Normale,Autre collision,3,-1,1,0,1,1,1,0,1,50,1,2,1,0,0,1,19.0,,voiture,,1,2,1,1,6
202200021746,2022-04-18 11:20:00,2022,4,18,11,20,74,74012,GIFFRE (AVENUE DU),46.19606,6.23936,Plein jour,En agglomération,Autre intersection,Normale,Deux véhicules - côté,4,2,4,2,1,1,1,5,5,50,2,2,1,0,0,1,34.0,25.0,voiture,deux_roues,1,2,9,1,3
202200021747,2022-06-23 18:35:00,2022,6,23,18,35,47,47031,AV LACAPELETTE,44.1786057219,0.6325676775,Plein jour,En agglomération,Autre intersection,Normale,Deux véhicules - côté,3,3,3,0,1,1,1,5,1,50,2,2,1,0,0,1,20.0,47.0,deux_roues,voiture,1,2,9,1,3
202200021748,2022-04-18 10:30:00,2022,4,18,10,30,64,64102,Chemin des Barthes,43.49137,-1.49593,Plein jour,En agglomération,Giratoire,Normale,Deux véhicules - côté,4,2,4,3,1,3,1,0,6,50,2,4,2,0,0,2,54.0,62.0,transport_commun,voiture,1,2,6,1,3
202200021749,2022-06-23 18:20:00,2022,6,23,18,20,45,45285,33 Rue des Rubis,47.92161,1.88015,Plein jour,En agglomération,Intersection en T,Normale,Deux véhicules - côté,4,2,2,0,1,1,1,0,1,50,2,2,1,0,1,0,48.0,41.0,deux_roues,voiture,1,2,3,1,3
202200021750,2022-04-14 17:30:00,2022,4,14,17,30,60,60175,Avenue Marie et Pierre Curie,49.252125,2.4805,Plein jour,En agglomération,Hors intersection,Normale,Autre collision,4,2,2,0,1,1,1,0,1,50,1,3,1,0,0,2,33.0,,voiture,,1,2,1,1,6
202200021751,2022-04-18 18:40:00,2022,4,18,18,40,59,59279,HOUTE (RUE ARTHUR),50.78006,3.12763,Plein jour,En agglomération,Intersection en X,Normale,Deux véhicules - côté,4,1,1,0,1,1,1,6,1,30,2,3,2,0,0,1,22.0,32.0,voiture,voiture,1,2,2,1,3
202200021752,2022-04-18 00:40:00,2022,4,18,0,40,59,59350,DUNKERQUE AVENUE DE,50.64689,3.00775,Nuit avec éclairage allumé,En agglomération,Place,Normale,Autre collision,7,2,4,1,1,1,1,9,4,50,1,1,0,0,0,1,29.0,,voiture,,5,2,7,1,6
202200021753,2022-06-23 17:30:00,2022,6,23,17,30,45,45004,493 Rue des Pointards,47.99346,2.80181,Plein jour,Hors agglomération,Hors intersection,Normale,Sans collision,4,2,2,0,1,1,1,0,1,50,2,3,2,0,0,1,39.0,43.0,transport_commun,utilitaire_camion,1,1,1,1,7
202200021754,2022-04-18 09:46:00,2022,4,18,9,46,37,37261,BERANGER (BOULEVARD),47.38856,0.67629,Plein jour,En agglomération,Intersection en X,Temps éblouissant,Deux véhicules - côté,4,3,4,0,1,1,1,0,1,50,2,2,1,0,0,1,76.0,35.0,voiture,voiture,1,2,2,7,3
202200021755,2022-06-23 15:30:00,2022,6,23,15,30,37,37261,MARECHAL JUIN (BD),47.4089129995,0.7032886147,Plein jour,En agglomération,Intersection en X,Normale,Deux véhicules - arrière,4,3,6,0,1,1,1,0,1,50,2,3,2,0,0,1,44.0,24.0,utilitaire_camion,voiture,1,2,2,1,2
202200021756,2022-04-18 21:00:00,2022,4,18,21,0,26,26362,CHABEUIL AVENUE DE (302),44.92277,4.93296,Nuit avec éclairage allumé,En agglomération,Giratoire,Normale,Deux véhicules - côté,4,2,2,0,1,1,1,5,1,50,2,2,1,0,0,1,59.0,59.0,voiture,deux_roues,5,2,6,1,3
202200021757,2022-04-18 02:10:00,2022,4,18,2,10,13,13209,MARÉCHAL DE LATTRE (AVENUE),43.2459736859,5.4180466022,Nuit avec éclairage allumé,En agglomération,Hors intersection,Normale,Sans collision,4,2,3,0,2,3,1,0,1,50,1,1,0,1,0,0,27.0,,deux_roues,,5,2,1,1,7
202200021758,2022-04-18 11:35:00,2022,4,18,11,35,13,13005,21 AOUT 1944 (AVENUE DU),43.2858105846,5.5567053698,Plein jour,En agglomération,Intersection en T,Normale,Deux véhicules - côté,4,2,2,0,1,1,1,0,1,30,2,2,1,0,1,0,54.0,79.0,deux_roues,voiture,1,2,3,1,3
202200021759,2022-06-23 16:15:00,2022,6,23,16,15,35,35051,N136,48.1469995916,-1.6163896769,Plein jour,Hors agglomération,Hors intersection,Normale,Sans collision,2,3,4,0,1,1,1,0,1,90,1,1,0,0,1,0,24.0,,deux_roues,,1,1,1,1,7
202200021760,2022-04-18 09:50:00,2022,4,18,9,50,09,09122,LABARRE,42.962026,1.603911,Plein jour,En agglomération,Autre intersection,Normale,Autre collision,3,1,1,0,2,1,1,0,1,50,1,1,0,0,1,0,61.0,,deux_roues,,1,2,9,1,6
202200021761,2022-04-15 21:40:00,2022,4,15,21,40,75,75120,BD PERIPHERIQUE EXTERIEUR,48.8765149173,2.4096232543,Nuit avec éclairage allumé,En agglomération,Hors intersection,Normale,Deux véhicules - côté,4,1,4,0,1,1,1,1,1,70,2,2,1,0,0,1,31.0,,voiture,voiture,5,2,1,1,3
202200021762,2022-06-23 10:00:00,2022,6,23,10,0,35,35051,BEAULIEU (PORTE DE),48.107714,-1.596624,Plein jour,Hors agglomération,Hors intersection,Normale,Trois véhicules et plus - en chaîne,2,3,4,0,1,1,1,0,1,90,3,3,1,0,0,2,41.0,32.0,voiture,utilitaire_camion,1,1,1,1,4
202200021763,2022-04-13 16:30:00,2022,4,13,16,30,75,75120,BD PERIPHERIQUE EXTERIEUR,48.849145,2.41514,Plein jour,En agglomération,Hors intersection,Normale,Deux véhicules - arrière,4,1,4,0,1,1,1,0,1,70,2,2,1,0,0,1,31.0,43.0,voiture,voiture,1,2,1,1,2
202200021764,2022-04-18 17:45:00,2022,4,18,17,45,75,75105,PLACE SAINT MICHEL,48.8537750769,2.3443217576,Plein jour,En agglomération,Intersection en X,Normale,Deux véhicules - côté,4,1,3,0,1,1,1,5,1,30,2,2,1,0,0,1,41.0,58.0,deux_roues,deux_roues,1,2,2,1,3
202200021765,2022-06-23 09:50:00,2022,6,23,9,50,35,35238,CLEMENCEAU (BD GEORGES),48.09448,-1.68559,Plein jour,En agglomération,Intersection en X,Normale,Deux véhicules - frontale,4,2,2,2,1,1,1,0,1,50,2,3,2,0,0,1,24.0,33.0,utilitaire_camion,voiture,1,2,2,1,1
202200021766,2022-04-18 12:55:00,2022,4,18,12,55,75,75120,BOULEVARD DAVOUT,48.8513112228,2.4111196049,Plein jour,En agglomération,Intersection en T,Normale,Deux véhicules - côté,4,3,2,1,1,1,1,-1,5,30,2,3,2,0,0,1,37.0,67.0,deux_roues,voiture,1,2,3,1,3
202200021767,2022-04-17 12:50:00,2022,4,17,12,50,75,75120,RUE DE BELLEVILLE,48.875451,2.397942,Plein jour,En agglomération,Intersection en X,Normale,Deux véhicules - côté,4,2,2,0,1,1,1,0,1,30,2,2,1,0,0,1,31.0,42.0,voiture,deux_roues,1,2,2,1,3
202200021768,2022-04-18 17:55:00,2022,4,18,17,55,75,75119,BOULEVARD DE LA VILLETTE,48.87644,2.372138,Plein jour,En agglomération,Intersection en T,Normale,Autre collision,4,3,2,0,1,1,1,0,1,30,1,2,1,0,0,1,29.0,,voiture,,1,2,3,1,6
202200021769,2022-06-22 04:00:00,2022,6,22,4,0,34,34172,MENDES FRANCE (AVENUE PRESIDENT PIERRE,43.607107,3.918173,Nuit avec éclairage allumé,Hors agglomération,Hors intersection,Pluie forte,Autre collision,7,1,2,0,4,2,2,0,3,70,1,1,0,1,0,0,27.0,,voiture,,5,1,1,3,6
202200021770,2022-04-18 06:50:00,2022,4,18,6,50,75,75117,AVENUE DE LA GRANDE ARMEE,48.8762621996,2.2872297939,Crépuscule ou aube,En agglomération,Intersection en X,Normale,Deux véhicules - arrière,4,2,6,0,1,1,1,0,1,50,2,2,1,0,0,1,28.0,32.0,voiture,deux_roues,2,2,2,1,2
202200021771,2022-04-17 23:15:00,2022,4,17,23,15,75,75117,BOULEVARD PEREIRE,48.883825,2.295167,Nuit avec éclairage allumé,En agglomération,Intersection en X,Normale,Deux véhicules - côté,4,1,1,0,1,1,1,0,1,30,2,2,1,0,0,1,24.0,27.0,deux_roues,voiture,5,2,2,1,3
202200021772,2022-06-23 08:50:00,2022,6,23,8,50,33,33063,Cours Maréchal Juin,44.8362,-0.58246,Plein jour,En agglomération,Intersection en X,Normale,Autre collision,4,3,4,3,1,1,1,5,1,50,1,2,1,0,0,1,47.0,,deux_roues,,1,2,2,1,6
202200021773,2022-04-17 18:10:00,2022,4,17,18,10,75,75116,ALLEE DU BORD DE L EAU,48.856592,2.22654,Plein jour,En agglomération,Hors intersection,Normale,Trois véhicules et plus - collisions multiples,4,3,0,0,1,1,1,0,1,30,3,5,3,0,0,2,82.0,37.0,voiture,voiture,1,2,1,1,5
202200021774,2022-06-13 16:04:00,2022,6,13,16,4,33,33063,Boulevard Antoine Gautier,44.83581,-0.59877,Plein jour,En agglomération,Hors intersection,Normale,Autre collision,4,2,4,1,1,1,1,9,1,50,1,2,0,0,0,2,41.0,,deux_roues,,1,2,1,1,6
202200021775,2022-04-18 16:15:00,2022,4,18,16,15,75,75115,RUE LECOURBE,48.8392627902,2.2919758922,Plein jour,En agglomération,Intersection en X,Normale,Deux véhicules - côté,4,2,3,0,1,1,1,0,1,30,2,2,1,0,0,1,73.0,31.0,voiture,deux_roues,1,2,2,1,3
202200021776,2022-04-17 22:10:00,2022,4,17,22,10,75,75112,RUE CLAUDE DECAEN,48.83465,2.400787,Nuit avec éclairage allumé,En agglomération,Intersection à plus de 4 branches,Normale,Autre collision,4,1,1,2,1,1,1,0,1,30,1,2,0,0,0,2,20.0,,voiture,,5,2,5,1,6
202200021777,2022-06-23 11:00:00,2022,6,23,11,0,29,29232,Rue de Pen Ar Steir,47.996964,-4.105997,Plein jour,En agglomération,Hors intersection,Normale,Deux véhicules - frontale,4,2,2,2,4,1,1,0,1,30,2,2,1,0,0,1,49.0,23.0,voiture,deux_roues,1,2,1,1,1
202200021778,2022-04-18 20:00:00,2022,4,18,20,0,75,75111,AVENUE DU TRONE,48.8481649854,2.3990807346,Plein jour,En agglomération,Intersection en X,Normale,Deux véhicules - côté,4,2,6,0,1,1,1,0,1,30,2,4,3,0,0,1,31.0,35.0,voiture,utilitaire_camion,1,2,2,1,3
202200021779,2022-06-21 09:45:00,2022,6,21,9,45,29,29039,Rue Jacques Noel Sané,47.9035087761,-3.9107716084,Plein jour,Hors agglomération,Hors intersection,Normale,Autre collision,4,2,2,0,1,3,1,9,8,50,1,2,1,0,0,1,66.0,,voiture,,1,1,1,1,6
202200021780,2022-04-18 09:50:00,2022,4,18,9,50,75,75110,BOULEVARD DE MAGENTA,48.8763587583,2.3559846936,Plein jour,En agglomération,Intersection en T,Normale,Deux véhicules - côté,4,2,6,1,1,1,1,-1,5,30,2,2,1,0,0,1,22.0,39.0,deux_roues,voiture,1,2,3,1,3
202200021781,2022-04-17 21:30:00,2022,4,17,21,30,75,75104,RUE DE RIVOLI,48.855211,2.361158,Nuit avec éclairage allumé,En agglomération,Intersection en T,Normale,Autre collision,4,1,3,1,1,2,1,0,5,30,1,1,0,0,0,1,61.0,,deux_roues,,5,2,3,1,6
202200021782,2022-04-18 10:50:00,2022,4,18,10,50,75,75104,BOULEVARD BOURDON,48.849328,2.366577,Plein jour,En agglomération,Intersection en T,Normale,Deux véhicules - côté,4,2,4,0,1,1,1,0,1,30,2,2,1,0,0,1,17.0,39.0,deux_roues,deux_roues,1,2,3,1,3
202200021783,2022-04-18 13:20:00,2022,4,18,13,20,94,94044,Avenue de Verdun,48.75034,2.48287,Plein jour,En agglomération,Intersection en T,Normale,Deux véhicules - côté,3,2,2,0,1,1,1,0,1,50,2,2,1,0,0,1,22.0,43.0,deux_roues,voiture,1,2,3,1,3
202200021784,2022-04-17 22:25:00,2022,4,17,22,25,94,94078,124 Avenue de Valenton,48.73889,2.45627,Nuit avec éclairage allumé,En agglomération,Intersection en T,Normale,Autre collision,3,2,2,0,1,1,1,0,1,50,1,2,1,0,0,1,70.0,,voiture,,5,2,3,1,6
202200021785,2022-04-17 19:49:00,2022,4,17,19,49,94,94078,Rue Saint-Exupéry,48.7530500758,2.4482603072,Plein jour,En agglomération,Hors intersection,Normale,Sans collision,4,2,2,0,1,1,1,9,1,50,1,1,0,0,0,1,16.0,,deux_roues,,1,2,1,1,7
202200021786,2022-04-18 19:15:00,2022,4,18,19,15,94,94043,67 Avenue de Fontainebleau,48.81142,2.36209,Plein jour,En agglomération,Hors intersection,Normale,Deux véhicules - côté,3,2,4,0,1,1,1,0,1,50,2,3,2,0,0,1,70.0,44.0,voiture,deux_roues,1,2,1,1,3
202200021787,2022-06-23 21:49:00,2022,6,23,21,49,18,18033,Boulevard de l'Avenir,47.08077,2.38295,Crépuscule ou aube,En agglomération,Intersection en X,Pluie légère,Trois véhicules et plus - en chaîne,4,2,4,0,1,1,2,5,1,50,3,3,2,0,1,0,64.0,26.0,voiture,voiture,2,2,2,2,4
202200021788,2022-04-17 16:30:00,2022,4,17,16,30,94,94002,Quai Blanqui/ Rue de Charenton,48.81421,2.41181,Plein jour,En agglomération,Intersection en X,Normale,Deux véhicules - côté,3,2,4,0,1,2,1,9,1,50,2,2,1,0,0,1,41.0,58.0,voiture,deux_roues,1,2,2,1,3
202200021789,2022-04-18 19:30:00,2022,4,18,19,30,93,93071,Avenue Youri Gagarine / Route de Mitry,48.949373,2.519672,Plein jour,En agglomération,Intersection en X,Normale,Deux véhicules - côté,3,3,4,0,1,1,1,0,1,50,2,2,0,0,0,2,44.0,22.0,voiture,deux_roues,1,2,2,1,3
202200021790,2022-06-20 08:33:00,2022,6,20,8,33,18,18033,45 Rue Jean Baffier,47.0768,2.40399,Plein jour,En agglomération,Hors intersection,Normale,Deux véhicules - frontale,4,2,2,0,1,1,1,0,1,50,2,2,1,0,1,0,59.0,22.0,deux_roues,voiture,1,2,1,1,1
202200021791,2022-04-18 17:05:00,2022,4,18,17,5,93,93001,Rue Danielle Casanova / Rue Lopez et Jules Martin,48.91557,2.3998,Plein jour,En agglomération,Intersection en X,Normale,Autre collision,3,2,2,0,1,1,1,0,1,50,1,2,1,0,1,0,40.0,,voiture,,1,2,2,1,6
202200021792,2022-04-19 17:20:00,2022,4,19,17,20,01,01129,D22a,45.963889,5.17235,Plein jour,Hors agglomération,Intersection en T,Normale,Deux véhicules - côté,3,2,2,0,1,1,1,0,1,80,2,2,0,1,0,1,48.0,22.0,voiture,voiture,1,1,3,1,3
202200021793,2022-06-23 16:30:00,2022,6,23,16,30,17,17300,GUITON   AVENUE JEAN (9-165 et 4),46.15982,-1.16621,Plein jour,En agglomération,Intersection en X,Normale,Deux véhicules - côté,4,2,2,0,1,1,1,5,1,50,2,2,1,0,0,1,80.0,53.0,deux_roues,voiture,1,2,2,1,3
202200021794,2022-04-19 18:00:00,2022,4,19,18,0,68,68252,Rue de Jebsheim,48.159745,7.377555,Plein jour,En agglomération,Hors intersection,Normale,Autre collision,3,2,2,0,2,1,9,0,1,50,1,1,0,0,0,1,25.0,,deux_roues,,1,2,1,1,6
202200021795,2022-06-22 11:40:00,2022,6,22,11,40,15,15014,SQUARE (PLACE DU),44.92795,2.44439,Plein jour,En agglomération,Hors intersection,Normale,Autre collision,4,2,2,0,1,2,1,0,4,50,1,2,1,0,0,1,,,deux_roues,,1,2,1,1,6
202200021796,2022-04-19 18:45:00,2022,4,19,18,45,62,62397,"carrefour des 5 chemins, RD 231/RD 215",50.862614,1.881165,Plein jour,En agglomération,Intersection en T,Temps éblouissant,Deux véhicules - côté,3,2,2,0,1,1,1,0,1,50,2,2,1,0,1,0,53.0,51.0,deux_roues,voiture,1,2,3,7,3
202200021797,2022-04-20 08:33:00,2022,4,20,8,33,01,01357,RD1084  PR 085.300,46.176815,5.740888,Plein jour,En agglomération,Intersection en T,Temps éblouissant,Trois véhicules et plus - en chaîne,3,2,2,0,2,1,1,0,1,50,4,4,2,0,0,2,53.0,21.0,utilitaire_camion,voiture,1,2,3,7,4
202200021798,2022-04-18 19:05:00,2022,4,18,19,5,74,74293,D1005,46.283955,6.260362,Plein jour,Hors agglomération,Intersection en T,Normale,Autre collision,3,2,2,0,1,1,1,5,1,80,1,1,0,0,1,0,35.0,,deux_roues,,1,1,3,1,6
202200021799,2022-06-22 17:30:00,2022,6,22,17,30,13,13071,ROUTE NATIONALE 368 (PLAN DES PENNES),43.40376,5.27971,Plein jour,Hors agglomération,Hors intersection,Normale,Deux véhicules - frontale,3,2,2,0,1,1,1,0,1,70,2,5,0,1,2,2,38.0,73.0,utilitaire_camion,voiture,1,1,1,1,1
202200021800,2022-06-23 09:00:00,2022,6,23,9,0,13,13103,AVENUE JUIN - DU 18 ... 1940,43.6281124104,5.112394318,Plein jour,En agglomération,Giratoire,Normale,Deux véhicules - arrière,7,3,1,0,1,1,1,0,1,50,2,2,1,0,0,1,40.0,25.0,voiture,utilitaire_camion,1,2,6,1,2
202200021801,2022-04-17 12:28:00,2022,4,17,12,28,74,74002,route de RUMILLY,45.817629,6.002355,Plein jour,Hors agglomération,Intersection en T,Normale,Trois véhicules et plus - en chaîne,3,2,2,0,2,1,1,0,1,50,3,6,2,0,0,4,55.0,24.0,utilitaire_camion,voiture,1,1,3,1,4
202200021802,2022-04-19 16:55:00,2022,4,19,16,55,76,76719,Rue Albert Bellavoine,49.745948,0.512527,Plein jour,En agglomération,Hors intersection,Normale,Deux véhicules - côté,3,1,1,0,1,1,1,0,1,30,2,2,1,1,0,0,53.0,56.0,utilitaire_camion,voiture,1,2,1,1,3
202200021803,2022-04-20 04:35:00,2022,4,20,4,35,79,79284,Route du Moulin Brulé,46.43484,-0.451512,Nuit sans éclairage public,Hors agglomération,Hors intersection,Pluie légère,Sans collision,3,2,2,0,1,1,2,0,3,80,1,3,0,1,2,0,19.0,,voiture,,3,1,1,2,7
202200021804,2022-06-23 18:00:00,2022,6,23,18,0,13,13209,VALLON DE TOULOUSE (RUE),43.26778,5.42032,Plein jour,En agglomération,Intersection en X,Normale,Deux véhicules - côté,4,2,2,0,1,1,1,0,1,50,2,6,4,0,0,2,54.0,34.0,voiture,deux_roues,1,2,2,1,3
202200021805,2022-04-20 15:20:00,2022,4,20,15,20,61,61474,RD 916,48.786396,-0.000515,Plein jour,Hors agglomération,Hors intersection,Normale,Deux véhicules - arrière,3,2,2,0,1,1,1,0,1,90,2,3,2,0,0,1,25.0,25.0,voiture,voiture,1,1,1,1,2
202200021806,2022-04-17 06:12:00,2022,4,17,6,12,86,86281,D347,46.723672,0.21374,Nuit avec éclairage non allumé,Hors agglomération,Hors intersection,Normale,Autre collision,3,2,2,0,2,1,1,0,1,80,1,1,0,0,1,0,46.0,,voiture,,4,1,1,1,6
202200021807,2022-06-23 12:00:00,2022,6,23,12,0,13,13208,GUY DE MAUPASSANT (BOULEVARD),43.2595392738,5.3963636315,Plein jour,En agglomération,Hors intersection,Normale,Deux véhicules - côté,4,2,2,0,1,1,1,0,1,50,1,2,1,0,1,0,,,autre,,1,2,1,1,3
202200021808,2022-04-19 12:14:00,2022,4,19,12,14,44,44131,12 Boulevard de Baiona,47.125471,-2.119779,Plein jour,En agglomération,Hors intersection,Normale,Autre collision,3,3,1,0,1,1,1,5,1,70,1,2,1,0,1,0,36.0,,voiture,,1,2,1,1,6
202200021809,2022-04-19 13:26:00,2022,4,19,13,26,29,29146,Rue des Chataigniers,47.894571,-3.843369,Plein jour,Hors agglomération,Hors intersection,Normale,Sans collision,4,2,2,0,2,3,1,0,1,80,1,1,0,0,0,1,24.0,,deux_roues,,1,1,1,1,7
202200021810,2022-04-19 17:10:00,2022,4,19,17,10,29,29075,Place de Saint-Herbot,48.4348751722,-4.4009817391,Plein jour,En agglomération,Intersection en T,Normale,Autre collision,4,1,2,0,2,1,1,5,1,30,1,2,1,0,0,1,59.0,,utilitaire_camion,,1,2,3,1,6
202200021811,2022-06-22 19:20:00,2022,6,22,19,20,13,13210,ACIERIES (BOULEVARD DES),43.27792,5.40329,Plein jour,En agglomération,Hors intersection,Normale,Deux véhicules - côté,4,2,2,0,1,1,1,0,1,50,2,2,1,0,0,1,36.0,19.0,deux_roues,voiture,1,2,1,1,3
202200021812,2022-04-17 19:10:00,2022,4,17,19,10,03,03138,rue de la prairie,46.25673,3.631888,Plein jour,En agglomération,Hors intersection,Temps éblouissant,Autre collision,4,-1,1,0,2,3,1,0,1,-1,1,1,0,0,0,1,22.0,,deux_roues,,1,2,1,7,6
202200021813,2022-04-17 14:50:00,2022,4,17,14,50,01,01454,RD1504,45.717241,5.710761,Plein jour,En agglomération,Hors intersection,Normale,Sans collision,3,2,2,0,1,1,1,0,1,50,1,2,1,0,0,1,26.0,,deux_roues,,1,2,1,1,7
202200021814,2022-04-19 14:05:00,2022,4,19,14,5,72,72195,Lieu Dit les Musses,47.834974,-0.028603,Plein jour,Hors agglomération,Hors intersection,Normale,Sans collision,3,2,2,0,1,1,1,0,1,90,1,1,0,0,0,1,24.0,,voiture,,1,1,1,1,7
202200021815,2022-06-03 13:00:00,2022,6,3,13,0,13,13098,D.51,43.4615015235,4.9970626831,Plein jour,Hors agglomération,Hors intersection,Normale,Deux véhicules - frontale,7,2,0,0,1,3,1,0,1,80,2,2,1,0,0,1,30.0,32.0,deux_roues,voiture,1,1,1,1,1
202200021816,2022-04-14 16:50:00,2022,4,14,16,50,14,14057,D613,49.127982,-0.214319,Plein jour,En agglomération,Autre intersection,Normale,Deux véhicules - côté,3,2,3,0,1,1,1,3,1,70,2,2,1,0,0,1,65.0,70.0,deux_roues,voiture,1,2,9,1,3
202200021817,2022-06-05 04:15:00,2022,6,5,4,15,13,13098,EMPLANIERS CHEMIN DES,43.46359,5.00405,Nuit sans éclairage public,Hors agglomération,Hors intersection,Normale,Autre collision,3,2,4,0,1,1,1,0,1,90,1,2,1,1,0,0,38.0,,voiture,,3,1,1,1,6
202200021818,2022-04-20 01:40:00,2022,4,20,1,40,05,05124,les grisolles - RN94,44.577645,6.138718,Nuit sans éclairage public,Hors agglomération,Hors intersection,Normale,Deux véhicules - frontale,2,2,2,0,1,1,1,0,1,80,2,3,0,0,2,1,39.0,43.0,voiture,voiture,3,1,1,1,1
202200021819,2022-06-23 18:00:00,2022,6,23,18,0,13,13001,MARSEILLE (ROUTE DE ),43.47582,5.41382,Plein jour,En agglomération,Hors intersection,Normale,Sans collision,3,2,2,1,2,2,1,0,1,70,1,1,0,0,1,0,39.0,,deux_roues,,1,2,1,1,7
202200021820,2022-04-20 12:15:00,2022,4,20,12,15,18,18196,,46.763165,2.819487,Plein jour,En agglomération,Hors intersection,Normale,Trois véhicules et plus - collisions multiples,3,2,2,0,2,1,1,0,1,50,3,3,2,0,1,0,43.0,29.0,utilitaire_camion,utilitaire_camion,1,2,1,1,5
202200021821,2022-06-23 15:20:00,2022,6,23,15,20,12,12145,JAURES JEAN (AVENUE),44.10084,3.0791,Plein jour,En agglomération,Hors intersection,Pluie forte,Autre collision,4,-1,2,0,1,1,2,0,1,50,1,2,1,0,0,1,57.0,,voiture,,1,2,1,3,6
202200021822,2022-04-20 12:05:00,2022,4,20,12,5,18,18139,Rue de la Loire,47.06285,3.018349,Plein jour,En agglomération,Hors intersection,Normale,Autre collision,3,2,2,0,1,1,1,0,1,50,1,1,0,1,0,0,15.0,,deux_roues,,1,2,1,1,6
202200021823,2022-04-16 23:10:00,2022,4,16,23,10,24,24229,76 Avenue du 8 Mai 1945,45.132983,1.213544,Nuit avec éclairage allumé,En agglomération,Hors intersection,Normale,Autre collision,3,2,1,0,1,1,1,0,1,50,1,1,0,0,1,0,30.0,,deux_roues,,5,2,1,1,6
202200021824,2022-10-07 12:28:00,2022,10,7,12,28,13,13209,MARÉCHAL DE LATTRE (AVENUE),43.2455243876,5.4121506156,Plein jour,En agglomération,Autre intersection,Normale,Deux véhicules - côté,4,3,3,3,1,1,1,0,1,50,2,2,1,0,0,1,20.0,37.0,voiture,voiture,1,2,9,1,3
202200021825,2022-04-19 19:40:00,2022,4,19,19,40,85,85051,18 Rue de Vilde,46.66347,-1.01322,Crépuscule ou aube,En agglomération,Hors intersection,Normale,Autre collision,4,2,1,0,1,1,1,0,3,50,1,2,1,0,1,0,52.0,,voiture,,2,2,1,1,6
202200021826,2022-10-07 13:50:00,2022,10,7,13,50,13,13213,ESCADRILLE NORMANDIE NIEMEN,43.3363667182,5.4099947039,Plein jour,En agglomération,Hors intersection,Normale,Deux véhicules - arrière,4,3,3,0,1,1,1,5,1,50,1,1,0,0,0,1,45.0,,voiture,,1,2,1,1,2
202200021827,2022-06-23 14:45:00,2022,6,23,14,45,09,09207,ROUTE NATIONALE 20,42.9360356424,1.6331890225,Plein jour,En agglomération,Hors intersection,Normale,Autre collision,3,2,2,0,1,1,1,0,1,50,1,1,0,0,0,1,50.0,,voiture,,1,2,1,1,6
202200021828,2022-04-19 19:35:00,2022,4,19,19,35,17,17459,lieu-dit le poteau,45.908845,-0.424826,Plein jour,Hors agglomération,Intersection en X,Normale,Deux véhicules - côté,3,2,2,0,1,1,1,5,1,90,2,2,1,0,1,0,72.0,34.0,voiture,voiture,1,1,2,1,3
202200021829,2022-04-08 09:45:00,2022,4,8,9,45,37,37099,D751,47.307644777,0.5701839924,Plein jour,Hors agglomération,Hors intersection,Pluie légère,Autre collision,7,3,4,0,1,1,2,0,2,110,1,1,0,0,0,1,19.0,,voiture,,1,1,1,2,6
202200021830,2022-10-05 12:20:00,2022,10,5,12,20,13,13206,ALBERT CHABANON (RUE),43.29014,5.38204,Plein jour,En agglomération,Intersection en X,Normale,Deux véhicules - côté,4,1,1,0,1,1,1,0,1,50,2,2,1,0,0,1,25.0,37.0,deux_roues,utilitaire_camion,1,2,2,1,3
202200021831,2022-04-20 07:40:00,2022,4,20,7,40,48,48111,Route Nationale 88,44.571967,3.628498,Plein jour,Hors agglomération,Hors intersection,Pluie légère,Autre collision,2,2,2,0,2,3,2,0,3,80,1,1,0,1,0,0,43.0,,voiture,,1,1,1,2,6
202200021832,2022-06-23 12:50:00,2022,6,23,12,50,09,09122,FERRIERE (AVENUE DE),42.952261,1.615034,Plein jour,En agglomération,Intersection en T,Normale,Deux véhicules - côté,3,2,2,0,1,1,1,0,1,50,2,2,1,0,0,1,32.0,51.0,deux_roues,voiture,1,2,3,1,3