accident_id,datetime,annee,mois,jour,heure,minute,departement,commune_insee,adresse,latitude,longitude,luminosite,agglomeration,intersection,meteo,collision,catr,circ,nbv,vosp,prof,plan,surf,infra,situ,vma,nb_vehicules,nb_usagers,nb_indemnes,nb_tues,nb_blesses_hosp,nb_blesses_legers,age_cond_1,age_cond_2,veh_type_cond_1,veh_type_cond_2,lum_code,agg_code,int_code,atm_code,col_code
202200021833,2022-04-07 18:20:00,2022,4,7,18,20,34,34082,D127e6,43.671865,3.761317,Plein jour,Hors agglomération,Hors intersection,Normale,Sans collision,3,2,2,0,1,3,1,0,3,-1,1,1,0,0,1,0,49.0,,voiture,,1,1,1,1,7
202200021834,2022-06-23 17:46:00,2022,6,23,17,46,08,08105,26 Rue de Lapparent,49.77841,4.70752,Plein jour,En agglomération,Hors intersection,Normale,Autre collision,4,2,2,0,1,1,1,0,1,50,1,2,0,1,0,0,,,autre,,1,2,1,1,6
202200021835,2022-10-05 04:55:00,2022,10,5,4,55,13,13047,D.10,43.6007,4.94508,Nuit sans éclairage public,Hors agglomération,Hors intersection,Normale,Deux véhicules - arrière,3,2,2,0,1,1,1,0,1,80,2,2,0,1,0,1,42.0,22.0,voiture,voiture,3,1,1,1,2
202200021836,2022-04-20 08:30:00,2022,4,20,8,30,67,67425,Autoroute de l'Est,48.768183,7.379894,Plein jour,Hors agglomération,Hors intersection,Normale,Deux véhicules - côté,1,2,2,0,1,1,1,3,1,80,2,2,1,0,1,0,52.0,51.0,utilitaire_camion,utilitaire_camion,1,1,1,1,3
202200021837,2022-06-20 15:02:00,2022,6,20,15,2,06,06083,"FRANCE (AVENUE PORTE DE, N°1 A 51)",43.783345,7.514479,Plein jour,En agglomération,Hors intersection,Normale,Autre collision,3,3,4,0,1,1,1,0,1,50,1,1,0,0,1,0,57.0,,deux_roues,,1,2,1,1,6
202200021838,2022-10-06 16:56:00,2022,10,6,16,56,10,10362,,48.2986047436,4.01296556,Plein jour,Hors agglomération,Hors intersection,Normale,Deux véhicules - arrière,3,2,2,0,1,1,1,0,1,90,2,2,1,0,0,1,54.0,30.0,utilitaire_camion,utilitaire_camion,1,1,1,1,2
202200021839,2022-04-19 16:00:00,2022,4,19,16,0,976,97602,RN1 - BOUYOUNI,-12.729789,45.132222,Plein jour,Hors agglomération,Hors intersection,Normale,Deux véhicules - frontale,2,2,2,0,1,3,1,0,1,-1,2,2,0,0,0,2,41.0,40.0,utilitaire_camion,voiture,1,1,1,1,1
202200021840,2022-06-23 08:05:00,2022,6,23,8,5,06,06155,LIBERTE AV.DE LA,43.56747,7.0717,Plein jour,En agglomération,Hors intersection,Normale,Autre collision,3,2,2,0,1,1,1,0,1,50,2,2,1,0,0,1,61.0,60.0,deux_roues,utilitaire_camion,1,2,1,1,6
202200021841,2022-10-07 07:40:00,2022,10,7,7,40,06,06069,DRAGUIGNAN (ROUTE DE) - D2562-,43.643957,6.902928,Plein jour,Hors agglomération,Autre intersection,Normale,Deux véhicules - côté,3,2,2,0,1,1,1,9,1,50,2,2,1,0,0,1,46.0,34.0,voiture,deux_roues,1,1,9,1,3
202200021842,2022-04-19 11:40:00,2022,4,19,11,40,34,34101,autoroute A9,43.397849,3.471286,Plein jour,Hors agglomération,Autre intersection,Normale,Trois véhicules et plus - en chaîne,1,-1,3,3,1,1,1,8,1,110,4,6,5,0,1,0,56.0,61.0,utilitaire_camion,voiture,1,1,9,1,4
202200021843,2022-06-17 18:35:00,2022,6,17,18,35,03,03095,Avenue de Vichy,46.13463,3.44354,Plein jour,En agglomération,Hors intersection,Normale,Deux véhicules - côté,3,2,2,0,1,1,1,0,1,50,2,2,1,0,1,0,53.0,30.0,deux_roues,voiture,1,2,1,1,3
202200021844,2022-06-23 02:00:00,2022,6,23,2,0,02,02028,GEORGES BRASSENS (RUE),49.57125,3.65949,Nuit avec éclairage non allumé,Hors agglomération,Hors intersection,Normale,Autre collision,3,2,3,0,1,1,1,2,1,80,1,1,0,0,0,1,47.0,,utilitaire_camion,,4,1,1,1,6
202200021845,2022-04-17 23:35:00,2022,4,17,23,35,987,98733,PK 20.200 - RT1,-17.689931,-149.548349,Nuit avec éclairage allumé,En agglomération,Hors intersection,Normale,Deux véhicules - frontale,2,2,2,0,1,1,1,0,1,60,2,2,1,0,1,0,53.0,24.0,utilitaire_camion,deux_roues,5,2,1,1,1
202200021846,2022-10-07 01:45:00,2022,10,7,1,45,03,03310,MUTUALITE (BOULEVARD DE LA),46.1314,3.42812,Nuit sans éclairage public,En agglomération,Intersection en X,Normale,Deux véhicules - côté,4,2,2,0,1,1,1,0,1,50,2,2,1,0,1,0,46.0,25.0,deux_roues,voiture,3,2,2,1,3
202200021847,2022-06-23 11:10:00,2022,6,23,11,10,01,01451,,46.24339,5.19064,Plein jour,Hors agglomération,Intersection en X,Normale,Deux véhicules - côté,3,2,1,0,1,1,1,0,1,80,2,2,1,0,1,0,34.0,35.0,utilitaire_camion,voiture,1,1,2,1,3
202200021848,2022-10-08 01:10:00,2022,10,8,1,10,01,01053,VERNE (AVENUE JEAN MARIE ),46.195368,5.22526,Nuit avec éclairage allumé,En agglomération,Intersection en X,Normale,Deux véhicules - côté,4,2,3,1,4,1,1,0,1,50,2,4,2,0,0,2,55.0,23.0,voiture,voiture,5,2,2,1,3
202200021849,2022-09-25 06:30:00,2022,9,25,6,30,67,67482,ABBE LEMIRE (RUE DE L ),48.575917,7.72687,Nuit avec éclairage allumé,En agglomération,Hors intersection,Normale,Autre collision,4,2,2,0,1,1,1,0,1,50,1,2,1,0,0,1,,,voiture,,5,2,1,1,6
202200021850,2022-06-21 21:00:00,2022,6,21,21,0,75,75108,AVENUE DES CHAMPS ELYSEES,48.865857,2.319896,Plein jour,En agglomération,Place,Normale,Deux véhicules - côté,4,2,6,0,1,1,1,0,1,50,2,4,1,0,0,3,32.0,27.0,voiture,voiture,1,2,7,1,3
202200021851,2022-09-25 06:26:00,2022,9,25,6,26,67,67482,LYON (BOULEVARD DE),48.577202,7.731679,Nuit avec éclairage allumé,En agglomération,Passage à niveau,Autre,Autre collision,4,3,2,3,1,1,1,4,1,50,1,2,1,0,1,0,,,voiture,,5,2,8,9,6
202200021852,2022-06-22 16:11:00,2022,6,22,16,11,75,75105,BOULEVARD DE PORT ROYAL,48.837489,2.346338,Plein jour,En agglomération,Intersection en T,Normale,Sans collision,4,-1,4,0,1,1,1,0,1,30,1,1,0,0,0,1,22.0,,deux_roues,,1,2,3,1,7
202200021853,2022-04-20 16:10:00,2022,4,20,16,10,988,98802,Pont de la Tontouta RT1,-21.977543,166.198167,Plein jour,Hors agglomération,Hors intersection,Normale,Deux véhicules - frontale,2,2,2,0,1,3,1,0,1,70,2,2,1,0,0,1,35.0,56.0,utilitaire_camion,voiture,1,1,1,1,1
202200021854,2022-06-23 10:13:00,2022,6,23,10,13,75,75119,AVENUE DE FLANDRE,48.891815,2.378136,Plein jour,En agglomération,Hors intersection,Normale,Autre collision,4,2,6,0,1,1,1,0,1,30,1,2,1,0,0,1,29.0,,utilitaire_camion,,1,2,1,1,6
202200021855,2022-10-07 12:45:00,2022,10,7,12,45,75,75116,PORTE DE SAINT CLOUD,48.835181,2.26078,Plein jour,En agglomération,Intersection en Y,Normale,Deux véhicules - côté,4,1,4,0,1,1,1,1,1,70,2,2,1,0,0,1,31.0,,deux_roues,utilitaire_camion,1,2,4,1,3
202200021856,2022-06-23 18:20:00,2022,6,23,18,20,75,75117,RUE ALBERT ROUSSEL,48.891303,2.306246,Plein jour,En agglomération,Intersection en T,Normale,Autre collision,4,1,1,2,2,1,1,0,1,30,1,2,1,0,0,1,29.0,,voiture,,1,2,3,1,6
202200021857,2022-10-06 16:40:00,2022,10,6,16,40,75,75116,AVENUE DE LA GRANDE ARMEE,48.87556,2.289417,Plein jour,En agglomération,Hors intersection,Normale,Deux véhicules - arrière,4,3,8,0,1,1,1,0,1,30,2,2,1,0,1,0,31.0,23.0,voiture,deux_roues,1,2,1,1,2
202200021858,2022-06-23 18:15:00,2022,6,23,18,15,75,75116,AVENUE FOCH,48.87381,2.290234,Plein jour,En agglomération,Intersection en T,Normale,Deux véhicules - arrière,4,1,1,0,1,1,1,0,1,30,2,2,1,0,0,1,23.0,58.0,deux_roues,voiture,1,2,3,1,2
202200021859,2022-10-07 12:20:00,2022,10,7,12,20,75,75105,BOULEVARD SAINT GERMAIN,48.850326,2.347539,Plein jour,En agglomération,Intersection en T,Normale,Autre collision,4,1,4,0,1,1,1,0,1,30,1,2,1,0,0,1,40.0,,voiture,,1,2,3,1,6
202200021860,2022-06-23 10:10:00,2022,6,23,10,10,75,75114,AVENUE DE LA PORTE DE CHATILLON,48.823684,2.317099,Plein jour,En agglomération,Intersection en X,Normale,Deux véhicules - côté,4,-1,6,0,1,1,1,0,1,30,2,2,1,0,0,1,37.0,46.0,utilitaire_camion,deux_roues,1,2,2,1,3
202200021861,2022-10-02 20:50:00,2022,10,2,20,50,75,75106,RUE D ASSAS,48.847822,2.329571,Nuit avec éclairage allumé,En agglomération,Intersection en X,Normale,Deux véhicules - côté,4,2,2,0,1,1,2,0,1,30,2,3,2,0,0,1,40.0,,deux_roues,voiture,5,2,2,1,3
202200021862,2022-06-22 16:36:00,2022,6,22,16,36,75,75114,BOULEVARD ADOLPHE PINARD,48.824999,2.30215,Plein jour,En agglomération,Intersection en X,Normale,Deux véhicules - côté,4,1,2,0,1,1,1,0,1,50,2,3,2,0,0,1,25.0,27.0,deux_roues,voiture,1,2,2,1,3
202200021863,2022-10-07 09:20:00,2022,10,7,9,20,75,75119,AVENUE DE LA PORTE DES LILAS,48.877654,2.408167,Plein jour,En agglomération,Place,Normale,Deux véhicules - côté,4,2,1,0,1,1,1,0,1,30,2,2,1,0,0,1,54.0,37.0,voiture,deux_roues,1,2,7,1,3
202200021864,2022-06-22 10:25:00,2022,6,22,10,25,75,75114,AVENUE RENE COTY,48.83335,2.333093,Plein jour,En agglomération,Place,Normale,Autre collision,4,3,2,0,2,1,1,0,4,30,1,4,2,0,0,2,23.0,,voiture,,1,2,7,1,6
202200021865,2022-10-07 18:35:00,2022,10,7,18,35,75,75119,NON DENOMMEE EF/19,48.895214,2.376559,Plein jour,En agglomération,Hors intersection,Normale,Deux véhicules - arrière,4,-1,1,3,1,1,1,6,6,30,2,2,1,0,0,1,24.0,5.0,voiture,deux_roues,1,2,1,1,2
202200021866,2022-06-23 10:00:00,2022,6,23,10,0,75,75112,QUAI DE LA RAPEE,48.843427,2.370713,Plein jour,En agglomération,Intersection en X,Normale,Deux véhicules - côté,4,1,4,0,1,1,1,0,1,30,2,2,1,0,0,1,78.0,72.0,utilitaire_camion,deux_roues,1,2,2,1,3
202200021867,2022-10-07 17:15:00,2022,10,7,17,15,75,75116,AVENUE DE MALAKOFF,48.875087,2.283975,Plein jour,En agglomération,Intersection en X,Normale,Autre collision,4,2,2,0,1,1,1,0,4,30,1,2,1,0,0,1,,,utilitaire_camion,,1,2,2,1,6
202200021868,2022-06-23 13:10:00,2022,6,23,13,10,75,75111,AVENUE PARMENTIER,48.861156,2.377841,Plein jour,En agglomération,Intersection en T,Normale,Deux véhicules - côté,4,2,2,0,2,1,1,0,1,30,2,2,1,0,0,1,32.0,31.0,utilitaire_camion,deux_roues,1,2,3,1,3
202200021869,2022-10-07 16:30:00,2022,10,7,16,30,75,75115,RUE DU THEATRE,48.848109,2.290147,Plein jour,En agglomération,Intersection en X,Normale,Autre collision,4,2,2,0,1,1,1,0,1,30,1,2,1,0,0,1,,,deux_roues,,1,2,2,1,6
202200021870,2022-10-07 12:15:00,2022,10,7,12,15,75,75115,RUE DE LA CROIX NIVERT,48.844164,2.296368,Plein jour,En agglomération,Hors intersection,Normale,Deux véhicules - arrière,4,2,1,0,1,1,1,0,1,30,2,2,1,0,0,1,13.0,48.0,deux_roues,utilitaire_camion,1,2,1,1,2
202200021871,2022-06-23 00:11:00,2022,6,23,0,11,75,75108,BOULEVARD DE COURCELLES,48.879501,2.305011,Nuit avec éclairage allumé,En agglomération,Intersection en X,Normale,Deux véhicules - côté,4,2,4,0,1,1,1,0,1,50,2,5,2,0,0,3,43.0,19.0,voiture,voiture,5,2,2,1,3
202200021872,2022-10-07 17:10:00,2022,10,7,17,10,75,75114,BOULEVARD JOURDAN,48.823096,2.326247,Plein jour,En agglomération,Hors intersection,Normale,Sans collision,4,3,8,0,1,1,1,0,1,30,1,1,0,0,0,1,21.0,,deux_roues,,1,2,1,1,7
202200021873,2022-06-23 11:16:00,2022,6,23,11,16,75,75107,QUAI D ORSAY,48.862952,2.317663,Plein jour,En agglomération,Hors intersection,Normale,Deux véhicules - arrière,4,2,2,0,1,1,1,0,1,30,2,2,1,0,0,1,21.0,59.0,utilitaire_camion,voiture,1,2,1,1,2
202200021874,2022-10-06 21:35:00,2022,10,6,21,35,75,75114,BOULEVARD ROMAIN ROLLAND,48.820788,2.321058,Nuit avec éclairage allumé,En agglomération,Intersection en X,Normale,Deux véhicules - arrière,4,1,3,0,1,1,1,0,1,30,2,2,1,0,0,1,,20.0,voiture,deux_roues,5,2,2,1,2
202200021875,2022-10-07 04:45:00,2022,10,7,4,45,75,75113,AVENUE D ITALIE,48.826125,2.35728,Nuit avec éclairage allumé,En agglomération,Intersection en X,Normale,Autre collision,4,2,6,0,1,3,1,0,1,30,1,1,0,0,0,1,30.0,,deux_roues,,5,2,2,1,6
202200021876,2022-06-22 22:30:00,2022,6,22,22,30,75,75107,BOULEVARD DE LA TOUR MAUBOURG,48.861112,2.310292,Nuit avec éclairage allumé,En agglomération,Intersection en X,Normale,Deux véhicules - arrière,4,-1,0,0,1,1,1,0,1,30,2,2,1,0,0,1,29.0,25.0,deux_roues,voiture,5,2,2,1,2
202200021877,2022-10-07 11:45:00,2022,10,7,11,45,75,75112,AVENUE DAUMESNIL,48.840082,2.393661,Plein jour,En agglomération,Hors intersection,Normale,Trois véhicules et plus - collisions multiples,4,2,2,0,1,1,1,0,1,30,3,3,2,0,0,1,27.0,31.0,deux_roues,voiture,1,2,1,1,5
202200021878,2022-06-22 11:50:00,2022,6,22,11,50,75,75107,AVENUE DUQUESNE,48.85408,2.306354,Plein jour,En agglomération,Intersection en X,Normale,Deux véhicules - côté,4,2,2,0,1,1,1,0,1,30,2,2,1,0,0,1,41.0,50.0,deux_roues,voiture,1,2,2,1,3
202200021879,2022-10-06 19:15:00,2022,10,6,19,15,75,75112,BOULEVARD SOULT,48.838199,2.408437,Crépuscule ou aube,En agglomération,Intersection en T,Normale,Autre collision,4,1,4,1,1,1,1,0,5,30,1,2,1,0,0,1,55.0,,deux_roues,,2,2,3,1,6
202200021880,2022-06-23 18:35:00,2022,6,23,18,35,94,94076,PAUL VAILLANT COUTURIER (AV),48.79478,2.36349,Plein jour,En agglomération,Hors intersection,Normale,Trois véhicules et plus - en chaîne,3,2,2,0,1,1,1,0,1,50,3,6,3,0,0,3,20.0,24.0,voiture,voiture,1,2,1,1,4
202200021881,2022-10-06 11:50:00,2022,10,6,11,50,75,75112,ESPLANADE SAINT LOUIS,48.84008,2.436726,Plein jour,En agglomération,Intersection en Y,Normale,Deux véhicules - côté,4,-1,2,0,1,1,1,0,1,30,2,3,2,0,0,1,50.0,22.0,deux_roues,voiture,1,2,4,1,3
202200021882,2022-10-07 16:35:00,2022,10,7,16,35,75,75111,RUE DE LA FOLIE REGNAULT,48.85982,2.386602,Plein jour,En agglomération,Hors intersection,Normale,Autre collision,4,1,1,0,2,1,1,0,1,30,1,2,1,0,0,1,40.0,,utilitaire_camion,,1,2,1,1,6
202200021883,2022-06-23 01:53:00,2022,6,23,1,53,94,94043,PASTEUR (R),48.81539,2.36284,Nuit avec éclairage allumé,En agglomération,Hors intersection,Normale,Autre collision,4,1,1,0,1,1,2,0,1,50,2,4,3,0,0,1,42.0,18.0,voiture,deux_roues,5,2,1,1,6
202200021884,2022-10-07 16:50:00,2022,10,7,16,50,75,75111,AVENUE DE LA REPUBLIQUE,48.865663,2.372474,Plein jour,En agglomération,Intersection en X,Normale,Autre collision,4,2,4,0,1,1,1,0,1,30,1,2,1,0,0,1,34.0,,deux_roues,,1,2,2,1,6
202200021885,2022-06-23 10:50:00,2022,6,23,10,50,94,94073,GEORGES HALGOULT (R),48.761735,2.400358,Plein jour,En agglomération,Hors intersection,Normale,Deux véhicules - côté,3,1,1,0,1,1,1,0,6,50,2,3,2,0,0,1,28.0,48.0,voiture,transport_commun,1,2,1,1,3
202200021886,2022-10-07 15:15:00,2022,10,7,15,15,75,75111,BOULEVARD VOLTAIRE,48.858711,2.3786,Plein jour,En agglomération,Intersection en X,Normale,Autre collision,4,2,2,0,1,1,1,0,1,30,1,2,1,0,0,1,33.0,,deux_roues,,1,2,2,1,6
202200021887,2022-06-23 12:15:00,2022,6,23,12,15,94,94028,Avenue de la Brèche,48.7842,2.45419,Plein jour,En agglomération,Hors intersection,Normale,Deux véhicules - côté,4,3,4,0,1,1,1,0,1,50,2,2,0,0,0,2,58.0,23.0,utilitaire_camion,deux_roues,1,2,1,1,3
202200021888,2022-10-07 14:05:00,2022,10,7,14,5,75,75109,RUE DE LA GRANGE BATELIERE,48.872967,2.343084,Plein jour,En agglomération,Intersection en T,Normale,Autre collision,4,1,1,0,1,1,1,0,1,30,1,2,1,0,0,1,49.0,,utilitaire_camion,,1,2,3,1,6
202200021889,2022-06-23 18:35:00,2022,6,23,18,35,94,94022,Rue du Docteur Aublé / Boulevard de Stalingrad,48.769313,2.402394,Plein jour,En agglomération,Intersection en T,Normale,Deux véhicules - côté,3,3,4,0,1,1,1,0,1,50,2,4,3,0,0,1,43.0,35.0,deux_roues,voiture,1,2,3,1,3
202200021890,2022-10-07 20:15:00,2022,10,7,20,15,75,75108,AVENUE DE WAGRAM,48.875852,2.29665,Nuit avec éclairage allumé,En agglomération,Hors intersection,Normale,Deux véhicules - côté,4,2,4,1,2,1,1,-1,5,30,2,3,2,0,0,1,,24.0,voiture,deux_roues,5,2,1,1,3
202200021891,2022-06-23 16:25:00,2022,6,23,16,25,94,94017,Rond point du Colonel Grancey / Boulevard de Stalingrad,48.81639,2.51185,Plein jour,En agglomération,Giratoire,Normale,Deux véhicules - côté,3,1,1,0,1,2,1,5,1,50,2,2,1,0,0,1,68.0,70.0,voiture,deux_roues,1,2,6,1,3
202200021892,2022-10-07 17:08:00,2022,10,7,17,8,75,75107,RUE DE BOURGOGNE,48.859248,2.317993,Plein jour,En agglomération,Intersection en T,Normale,Autre collision,4,1,1,0,1,1,1,0,1,30,1,1,0,0,0,1,57.0,,deux_roues,,1,2,3,1,6
202200021893,2022-06-12 04:00:00,2022,6,12,4,0,94,94017,100 Rue Alexandre Fourny,48.81877,2.52155,Nuit avec éclairage allumé,En agglomération,Hors intersection,Normale,Deux véhicules - frontale,4,2,2,0,1,1,1,0,1,50,2,2,1,0,0,1,43.0,28.0,voiture,deux_roues,5,2,1,1,1
202200021894,2022-06-23 01:30:00,2022,6,23,1,30,93,93073,Aeroport Charles de Gaulle,48.9913695448,2.5537705421,Nuit sans éclairage public,Hors agglomération,Hors intersection,Temps couvert,Sans collision,5,1,3,0,1,1,1,0,1,90,1,1,0,0,0,1,19.0,,voiture,,3,1,1,8,7
202200021895,2022-10-06 20:20:00,2022,10,6,20,20,75,75104,PLACE DE L HOTEL DE VILLE,48.856808,2.351101,Nuit avec éclairage allumé,En agglomération,Place,Normale,Autre collision,4,-1, -1,0,1,1,1,6,4,30,1,2,1,0,0,1,23.0,,deux_roues,,5,2,7,1,6
202200021896,2022-06-23 19:00:00,2022,6,23,19,0,93,93071,Avenue Victor Hugo,48.9310239316,2.5280061364,Plein jour,En agglomération,Hors intersection,Normale,Deux véhicules - côté,4,1,1,0,1,1,1,0,1,30,2,2,1,0,0,1,45.0,6.0,voiture,deux_roues,1,2,1,1,3
202200021897,2022-10-07 12:40:00,2022,10,7,12,40,94,94081,LOUIS BLERIOT (AV),48.785944,2.40808,Plein jour,En agglomération,Hors intersection,Normale,Deux véhicules - arrière,9,2,1,0,1,1,1,0,1,30,1,2,1,0,0,1,49.0,,utilitaire_camion,,1,2,1,1,2
202200021898,2022-06-23 13:30:00,2022,6,23,13,30,93,93066,Rue du Landy,48.91544,2.359455,Plein jour,En agglomération,Autre intersection,Normale,Trois véhicules et plus - collisions multiples,3,1,2,0,1,1,1,0,1,30,3,3,1,0,0,2,45.0,57.0,utilitaire_camion,utilitaire_camion,1,2,9,1,5
202200021899,2022-10-07 10:10:00,2022,10,7,10,10,94,94068,REPUBLIQUE (AV DE LA),48.80338,2.48607,Plein jour,En agglomération,Hors intersection,Normale,Deux véhicules - frontale,4,1,1,0,1,1,1,0,1,30,1,2,0,1,0,1,46.0,,voiture,,1,2,1,1,1
202200021900,2022-10-06 18:30:00,2022,10,6,18,30,94,94016,DIVISION LECLERC (AV DE LA),48.790368,2.331542,Plein jour,En agglomération,Intersection en T,Normale,Sans collision,3,2,2,0,1,1,1,0,1,50,1,2,1,0,0,1,41.0,,voiture,,1,2,3,1,7
202200021901,2022-06-23 17:13:00,2022,6,23,17,13,93,93062,Avenue de la Résistance / Allée Gambetta,48.895,2.5137,Plein jour,En agglomération,Giratoire,Normale,Autre collision,3,2,2,0,2,1,1,0,1,50,1,2,1,0,0,1,21.0,,deux_roues,,1,2,6,1,6
202200021902,2022-10-07 15:48:00,2022,10,7,15,48,94,94033,Boulevard de Verdun / Rue Emile Zola / Avenue Ernest Renan,48.8565,2.4674,Plein jour,En agglomération,Intersection en X,Normale,Deux véhicules - arrière,3,2,2,0,1,1,1,0,1,50,2,2,0,0,0,2,94.0,36.0,voiture,voiture,1,2,2,1,2
202200021903,2022-10-07 15:40:00,2022,10,7,15,40,94,94028,Avenue du Général de Gaulle / Avenue Francois Mauriac,48.78507,2.45136,Plein jour,En agglomération,Giratoire,Normale,Autre collision,3,3,6,0,1,3,1,0,1,50,1,2,1,0,0,1,81.0,,voiture,,1,2,6,1,6
202200021904,2022-06-23 16:45:00,2022,6,23,16,45,93,93014,Boulevard de la République,48.90533,2.5249,Plein jour,En agglomération,Intersection en T,Normale,Deux véhicules - côté,4,2,2,0,1,1,1,0,1,50,2,2,1,0,1,0,19.0,34.0,deux_roues,voiture,1,2,3,1,3
202200021905,2022-10-06 14:00:00,2022,10,6,14,0,94,94011,Rue des Longs Rideaux / Rue Pierre Sémard,48.76237,2.47868,Plein jour,En agglomération,Intersection en T,Normale,Deux véhicules - frontale,3,1,3,0,1,1,1,0,1,-1,2,2,1,0,0,1,22.0,35.0,deux_roues,voiture,1,2,3,1,1
202200021906,2022-10-07 09:00:00,2022,10,7,9,0,94,94059,Avenue Maurice Berteaux / Avenue Paul Lafargue,48.8160864516,2.5620531087,Plein jour,En agglomération,Giratoire,Normale,Deux véhicules - côté,3,2,2,0,1,1,1,0,1,50,2,2,1,0,0,1,35.0,74.0,voiture,deux_roues,1,2,6,1,3
202200021907,2022-10-06 11:00:00,2022,10,6,11,0,94,94059,Avenue Ardouin,48.81014,2.57251,Plein jour,En agglomération,Hors intersection,Normale,Autre collision,4,2,2,0,1,2,1,0,8,20,1,2,1,0,0,1,64.0,,voiture,,1,2,1,1,6
202200021908,2022-10-06 16:00:00,2022,10,6,16,0,94,94017,Avenue Jack Gourévitch / Rue de Lonray,48.82232,2.48851,Plein jour,En agglomération,Intersection en T,Normale,Deux véhicules - côté,4,2,2,0,1,1,1,0,1,30,2,2,1,0,0,1,30.0,30.0,voiture,deux_roues,1,2,3,1,3
202200021909,2022-10-06 11:50:00,2022,10,6,11,50,94,94017,Avenue Salvador Allendé,48.8085827892,2.5511643291,Plein jour,En agglomération,Hors intersection,Normale,Autre collision,3,3,2,1,1,1,1,0,8,50,1,3,1,0,0,2,37.0,,voiture,,1,2,1,1,6
202200021910,2022-10-07 11:24:00,2022,10,7,11,24,94,94071,Rue du Général Leclerc,48.77703,2.51144,Plein jour,En agglomération,Hors intersection,Normale,Deux véhicules - côté,3,2,2,0,1,1,1,0,1,30,2,3,2,0,0,1,43.0,43.0,utilitaire_camion,utilitaire_camion,1,2,1,1,3
202200021911,2022-10-07 09:00:00,2022,10,7,9,0,94,94075,Rue de la Garenne,48.724903,2.5291,Plein jour,En agglomération,Autre intersection,Normale,Deux véhicules - côté,4,2,2,0,1,3,1,0,1,50,2,2,1,0,0,1,9.0,45.0,deux_roues,voiture,1,2,9,1,3
202200021912,2022-10-07 08:15:00,2022,10,7,8,15,93,93062,Avenue de la Résistance / Allée Hérold,48.8979,2.5163,Plein jour,En agglomération,Intersection en T,Normale,Autre collision,3,2,2,0,1,1,1,0,1,30,1,2,1,0,0,1,38.0,,utilitaire_camion,,1,2,3,1,6
202200021913,2022-10-07 07:00:00,2022,10,7,7,0,93,93077,Grande Rue / Avenue Outrebon,48.88412,2.5102,Nuit avec éclairage allumé,En agglomération,Intersection en X,Normale,Deux véhicules - côté,3,2,4,0,1,1,1,0,1,50,2,2,1,0,0,1,61.0,21.0,deux_roues,utilitaire_camion,5,2,2,1,3
202200021914,2022-10-07 03:45:00,2022,10,7,3,45,93,93077,Route de Noisy,48.883,2.49633,Nuit avec éclairage allumé,En agglomération,Hors intersection,Normale,Autre collision,3,1,4,0,1,2,1,0,4,50,1,1,0,0,0,1,18.0,,voiture,,5,2,1,1,6
202200021915,2022-10-06 14:35:00,2022,10,6,14,35,93,93063,Rue Floréal,48.8787487873,2.4318885058,Plein jour,En agglomération,Hors intersection,Normale,Autre collision,4,2,2,0,1,1,1,0,1,30,1,2,1,0,0,1,18.0,,voiture,,1,2,1,1,6
202200021916,2022-10-06 10:45:00,2022,10,6,10,45,93,93029,EDOUARD VAILLANT N° 1-97,48.92849,2.43042,Plein jour,En agglomération,Intersection en X,Normale,Deux véhicules - côté,4,1,1,0,1,1,1,0,1,50,2,2,0,1,1,0,46.0,31.0,deux_roues,deux_roues,1,2,2,1,3
202200021917,2022-10-07 07:52:00,2022,10,7,7,52,93,93027,Rue de la Convention,48.9275481484,2.3917376285,Crépuscule ou aube,En agglomération,Hors intersection,Normale,Autre collision,3,3,4,3,1,1,1,6,1,50,1,2,1,0,0,1,,,autre,,2,2,1,1,6
202200021918,2022-10-06 15:08:00,2022,10,6,15,8,93,93027,Avenue Paul Vaillant Couturier,48.9214645414,2.4112317301,Plein jour,En agglomération,Hors intersection,Normale,Autre collision,3,3,2,3,1,1,1,0,1,50,1,2,1,0,0,1,48.0,,utilitaire_camion,,1,2,1,1,6
202200021919,2022-10-07 08:55:00,2022,10,7,8,55,93,93047,Avenue Gabriel Péri / Avenue des Coquelicots,48.89019,2.55208,Plein jour,En agglomération,Intersection en X,Normale,Deux véhicules - côté,4,2,2,0,1,1,1,0,1,50,2,2,1,0,0,1,37.0,58.0,voiture,voiture,1,2,2,1,3
202200021920,2022-10-07 15:00:00,2022,10,7,15,0,93,93007,Rue de l'Abbé Niort / Avenue Fouquet,48.9409,2.43488,Plein jour,En agglomération,Intersection à plus de 4 branches,Normale,Deux véhicules - côté,3,2,2,0,1,2,1,0,1,50,2,3,1,0,0,2,43.0,63.0,utilitaire_camion,deux_roues,1,2,5,1,3
202200021921,2022-10-07 20:00:00,2022,10,7,20,0,92,92073,BOMBIGER (RUE DU DOCTEUR MARC),48.862702,2.212383,Nuit avec éclairage allumé,En agglomération,Hors intersection,Normale,Deux véhicules - côté,3,1,1,0,1,1,1,0,1,50,2,2,1,0,0,1,57.0,56.0,deux_roues,voiture,5,2,1,1,3
202200021922,2022-10-07 11:55:00,2022,10,7,11,55,92,92073,GALLIENI (QUAI),48.870469,2.231907,Plein jour,En agglomération,Hors intersection,Normale,Sans collision,3,2,3,0,1,1,1,0,4,50,1,1,0,0,1,0,53.0,,deux_roues,,1,2,1,1,7
202200021923,2022-10-07 18:00:00,2022,10,7,18,0,92,92022,PETITS BOIS (RUE DES),48.8116,2.18335,Plein jour,En agglomération,Intersection en X,Temps éblouissant,Autre collision,4,-1,0,0,1,1,1,0,1,30,1,3,2,0,0,1,58.0,,voiture,,1,2,2,7,6