accident_id,datetime,annee,mois,jour,heure,minute,departement,commune_insee,adresse,latitude,longitude,luminosite,agglomeration,intersection,meteo,collision,catr,circ,nbv,vosp,prof,plan,surf,infra,situ,vma,nb_vehicules,nb_usagers,nb_indemnes,nb_tues,nb_blesses_hosp,nb_blesses_legers,age_cond_1,age_cond_2,veh_type_cond_1,veh_type_cond_2,lum_code,agg_code,int_code,atm_code,col_code
202200021924,2022-10-07 10:00:00,2022,10,7,10,0,92,92064,DAILLY,48.8440469667,2.2204938233,Plein jour,En agglomération,Autre intersection,Temps éblouissant,Deux véhicules - côté,3,2,2,1,2,1,1,0,1,50,2,2,1,0,0,1,53.0,26.0,deux_roues,deux_roues,1,2,9,7,3
202200021925,2022-10-07 16:30:00,2022,10,7,16,30,92,92049,BRIAND AVENUE ARISTIDE AUTRES N°,48.816938,2.325461,Plein jour,En agglomération,Hors intersection,Normale,Deux véhicules - frontale,3,1,3,0,1,1,1,0,1,50,2,2,1,0,0,1,26.0,14.0,voiture,deux_roues,1,2,1,1,1
202200021926,2022-10-07 17:50:00,2022,10,7,17,50,92,92044,VIC. HUGO(RUE)077A089 ET 090A110,48.89596,2.29646,Plein jour,En agglomération,Intersection en X,Normale,Deux véhicules - côté,4,2,3,3,1,1,1,0,1,50,2,2,1,0,0,1,70.0,32.0,voiture,deux_roues,1,2,2,1,3
202200021927,2022-10-07 12:50:00,2022,10,7,12,50,92,92040,GABRIEL PERI,48.82127,2.27371,Plein jour,En agglomération,Place,Normale,Deux véhicules - arrière,3,2,2,0,2,1,1,0,1,30,2,2,1,0,0,1,31.0,54.0,deux_roues,voiture,1,2,7,1,2
202200021928,2022-10-07 11:20:00,2022,10,7,11,20,92,92040,FRERES VOISIN (BOULEVARD DES),48.82789,2.27368,Plein jour,En agglomération,Giratoire,Normale,Autre collision,3,3,4,2,1,1,1,0,1,50,1,2,1,0,0,1,53.0,,deux_roues,,1,2,6,1,6
202200021929,2022-10-07 13:35:00,2022,10,7,13,35,92,92036,LOUIS ROCHE (AVENUE) (47/151),48.928597,2.311389,Plein jour,En agglomération,Hors intersection,Normale,Deux véhicules - frontale,3,2,2,0,1,1,1,0,1,50,2,2,1,0,0,1,34.0,24.0,deux_roues,utilitaire_camion,1,2,1,1,1
202200021930,2022-09-26 20:35:00,2022,9,26,20,35,92,92035,Verdun 1916 ( avenue de ),48.905621,2.235371,Nuit avec éclairage allumé,En agglomération,Hors intersection,Pluie légère,Sans collision,3,2,2,0,1,1,2,0,1,50,1,1,0,0,0,1,27.0,,deux_roues,,5,2,1,2,7
202200021931,2022-10-07 13:46:00,2022,10,7,13,46,92,92024,GEORGES BOISSEAU (RUE),48.903588,2.317532,Plein jour,En agglomération,Intersection en X,Normale,Autre collision,3,2,2,0,1,1,1,0,1,50,1,2,1,0,0,1,20.0,,voiture,,1,2,2,1,6
202200021932,2022-10-07 12:50:00,2022,10,7,12,50,92,92012,QUATRE SEPTEMBRE (QUAI DU),48.84131,2.22545,Plein jour,En agglomération,Intersection à plus de 4 branches,Normale,Autre collision,3,3,4,0,1,1,1,9,1,50,1,3,1,0,0,2,81.0,,voiture,,1,2,5,1,6
202200021933,2022-10-07 11:20:00,2022,10,7,11,20,92,92004,BRETAGNE ( RUE DE ),48.9053328605,2.2826556265,Plein jour,En agglomération,Intersection en T,Normale,Autre collision,4,1,1,0,1,1,1,0,1,50,1,2,1,0,0,1,58.0,,voiture,,1,2,3,1,6
202200021934,2022-10-07 23:55:00,2022,10,7,23,55,09,09209,D117,42.99595,1.198549,Nuit sans éclairage public,Hors agglomération,Hors intersection,Pluie légère,Sans collision,3,2,2,0,1,1,2,0,3,80,1,1,0,0,0,1,52.0,,voiture,,3,1,1,2,7
202200021935,2022-10-08 14:15:00,2022,10,8,14,15,51,51649,Avenue du Quai des Fontaines,48.728855,4.582286,Plein jour,En agglomération,Hors intersection,Normale,Sans collision,2,2,4,0,1,1,1,0,1,50,1,2,1,0,1,0,47.0,,voiture,,1,2,1,1,7
202200021936,2022-10-07 18:10:00,2022,10,7,18,10,85,85223,"Autoroute A83, PK 076+000",46.5420277,-1.08329057,Plein jour,Hors agglomération,Hors intersection,Normale,Autre collision,1,1,4,0,1,1,1,0,1,-1,1,2,1,0,1,0,34.0,,utilitaire_camion,,1,1,1,1,6
202200021937,2022-10-08 17:40:00,2022,10,8,17,40,06,06161,2507 Route Départementale 6007,43.627572,7.132789,Plein jour,En agglomération,Hors intersection,Temps couvert,Deux véhicules - côté,3,2,2,1,1,1,2,0,1,50,2,5,4,0,1,0,20.0,40.0,deux_roues,voiture,1,2,1,8,3
202200021938,2022-10-07 19:30:00,2022,10,7,19,30,974,97404,Avenue Raymond Barre,-21.261786,55.36088,Nuit avec éclairage allumé,En agglomération,Hors intersection,Normale,Autre collision,3,2,2,0,2,1,1,0,1,50,1,1,0,0,1,0,16.0,,deux_roues,,5,2,1,1,6
202200021939,2022-10-05 09:30:00,2022,10,5,9,30,63,63001,Avenue Saint Nicolas,46.0241916643,3.2053604722,Plein jour,En agglomération,Hors intersection,Temps éblouissant,Autre collision,3,2,2,0,1,1,1,0,1,50,1,2,1,0,1,0,32.0,,voiture,,1,2,1,7,6
202200021940,2022-10-07 22:20:00,2022,10,7,22,20,52,52469,Autoroute A5 PK 208.800 direction DIJON,48.039041,5.063324,Nuit sans éclairage public,Hors agglomération,Autre intersection,Normale,Trois véhicules et plus - collisions multiples,1,3,4,0,1,1,1,2,1,130,3,4,1,0,0,3,21.0,45.0,voiture,voiture,3,1,9,1,5
202200021941,2022-10-07 19:10:00,2022,10,7,19,10,44,44103,N171 ,47.324765,-2.150268,Crépuscule ou aube,Hors agglomération,Hors intersection,Normale,Deux véhicules - côté,2,3,4,0,1,1,1,0,1,90,2,5,1,0,0,4,30.0,25.0,voiture,voiture,2,1,1,1,3
202200021942,2022-10-08 05:25:00,2022,10,8,5,25,50,50225,D51,48.968,-1.219,Nuit sans éclairage public,Hors agglomération,Hors intersection,Brouillard / fumée,Autre collision,3,2,2,0,2,1,2,0,3,80,1,5,0,0,0,5,20.0,,voiture,,3,1,1,5,6
202200021943,2022-10-07 18:20:00,2022,10,7,18,20,62,62086,Rue de l'Atre,50.213988,2.557642,Plein jour,Hors agglomération,Hors intersection,Normale,Deux véhicules - côté,4,2,2,0,1,1,1,0,1,80,2,2,1,0,1,0,27.0,18.0,voiture,deux_roues,1,1,1,1,3
202200021944,2022-10-07 07:50:00,2022,10,7,7,50,62,62198,D73e2,50.3816457135,2.5990405082,Plein jour,Hors agglomération,Hors intersection,Normale,Sans collision,3,2,2,0,1,2,9,0,8,80,1,1,0,0,0,1,50.0,,deux_roues,,1,1,1,1,7
202200021945,2022-10-07 14:54:00,2022,10,7,14,54,51,51535,D53,48.709385,3.747604,Plein jour,Hors agglomération,Hors intersection,Normale,Deux véhicules - arrière,3,2,2,0,1,1,1,0,1,90,2,2,1,0,1,0,74.0,17.0,voiture,deux_roues,1,1,1,1,2
202200021946,2022-10-07 18:30:00,2022,10,7,18,30,56,56094,Kernours D194,47.76192,-3.29292,Plein jour,Hors agglomération,Hors intersection,Normale,Deux véhicules - arrière,3,2,2,0,1,1,1,0,1,80,2,2,1,1,0,0,67.0,40.0,deux_roues,voiture,1,1,1,1,2
202200021947,2022-10-07 17:20:00,2022,10,7,17,20,76,76621,D41,49.6368051084,1.310656487,Plein jour,Hors agglomération,Intersection en X,Normale,Deux véhicules - côté,3,2,2,0,2,2,1,0,1,80,2,2,1,0,1,0,68.0,65.0,voiture,deux_roues,1,1,2,1,3
202200021948,2022-10-08 15:31:00,2022,10,8,15,31,79,79134,3 Rue de l'Ecole,46.860037,-0.250231,Plein jour,En agglomération,Intersection en T,Normale,Deux véhicules - arrière,3,2,2,0,1,1,1,0,1,50,2,2,1,0,0,1,15.0,31.0,deux_roues,utilitaire_camion,1,2,3,1,2
202200021949,2022-10-07 17:33:00,2022,10,7,17,33,82,82131,2205 Route de Paris,44.270495,1.470044,Plein jour,Hors agglomération,Intersection en X,Normale,Deux véhicules - côté,3,2,2,0,2,1,1,5,1,80,2,2,1,0,1,0,64.0,19.0,voiture,deux_roues,1,1,2,1,3
202200021950,2022-10-08 12:57:00,2022,10,8,12,57,32,32158,D178,43.929225,0.744066,Plein jour,Hors agglomération,Intersection en X,Normale,Deux véhicules - côté,3,2,2,0,1,1,1,0,1,80,2,6,3,0,2,1,38.0,35.0,voiture,voiture,1,1,2,1,3
202200021951,2022-10-07 17:55:00,2022,10,7,17,55,11,11363,D212,43.050074238,2.5880742073,Plein jour,Hors agglomération,Hors intersection,Normale,Autre collision,3,2,2,0,1,1,1,0,3,80,1,1,0,0,1,0,30.0,,voiture,,1,1,1,1,6
202200021952,2022-10-08 16:35:00,2022,10,8,16,35,61,61167,RD 12,48.833721,0.538566,Plein jour,Hors agglomération,Intersection en T,Temps éblouissant,Deux véhicules - arrière,3,2,2,0,1,1,1,0,1,90,2,2,1,0,1,0,84.0,39.0,voiture,deux_roues,1,1,3,7,2
202200021953,2022-10-07 11:55:00,2022,10,7,11,55,46,46029,Avenue de la République,44.924278,1.843761,Plein jour,En agglomération,Hors intersection,Normale,Autre collision,3,3,2,3,1,1,1,0,1,50,1,2,1,0,1,0,55.0,,voiture,,1,2,1,1,6
202200021954,2022-10-07 22:00:00,2022,10,7,22,0,41,41256,D60,47.34871,1.992817,Nuit sans éclairage public,Hors agglomération,Hors intersection,Normale,Autre collision,3,2,2,0,1,1,1,0,1,80,1,1,0,1,0,0,20.0,,voiture,,3,1,1,1,6
202200021955,2022-10-07 15:00:00,2022,10,7,15,0,25,25050,D461,47.11792,6.613855,Plein jour,Hors agglomération,Intersection en X,Normale,Deux véhicules - côté,3,2,2,0,1,1,1,0,1,80,2,6,2,0,0,4,22.0,37.0,voiture,voiture,1,1,2,1,3
202200021956,2022-10-06 16:41:00,2022,10,6,16,41,29,29146,Kerampaou,47.889244,-3.797568,Plein jour,Hors agglomération,Intersection en X,Normale,Deux véhicules - côté,3,2,2,0,1,1,1,0,1,80,2,2,1,0,1,0,68.0,,deux_roues,voiture,1,1,2,1,3
202200021957,2022-10-07 22:45:00,2022,10,7,22,45,29,29291,D36,48.095151,-3.858304,Nuit sans éclairage public,Hors agglomération,Hors intersection,Normale,Autre collision,3,2,2,0,3,3,1,0,3,80,1,1,0,1,0,0,33.0,,voiture,,3,1,1,1,6
202200021958,2022-10-07 13:45:00,2022,10,7,13,45,31,31135,Rue de la liberté,43.207152,1.085528,Plein jour,En agglomération,Hors intersection,Normale,Autre collision,3,2,2,0,1,1,1,0,6,50,1,2,1,0,1,0,76.0,,voiture,,1,2,1,1,6
202200021959,2022-10-08 17:30:00,2022,10,8,17,30,58,58168,La Boutrille,46.831477,4.042996,Plein jour,Hors agglomération,Hors intersection,Normale,Sans collision,4,-1,1,0,2,1,9,0,1,50,1,1,0,0,0,1,32.0,,deux_roues,,1,1,1,1,7
202200021960,2022-10-08 11:00:00,2022,10,8,11,0,54,54131,Rue des 4 Fers,48.884056591,6.1736404904,Plein jour,Hors agglomération,Hors intersection,Normale,Autre collision,3,2,2,0,1,1,1,0,1,80,1,2,1,0,1,0,49.0,,voiture,,1,1,1,1,6
202200021961,2022-10-08 00:55:00,2022,10,8,0,55,14,14403,D613,49.14358,0.368299,Nuit sans éclairage public,Hors agglomération,Hors intersection,Normale,Deux véhicules - frontale,3,2,2,0,1,1,1,0,1,90,2,6,0,1,4,1,24.0,41.0,voiture,voiture,3,1,1,1,1
202200021962,2022-10-07 22:45:00,2022,10,7,22,45,60,60471,457 Rue du Faubourg d'Amiens,49.586727696,2.991470528,Nuit avec éclairage allumé,En agglomération,Hors intersection,Normale,Autre collision,3,2,2,0,1,1,1,9,8,50,1,1,0,0,1,0,55.0,,deux_roues,,5,2,1,1,6
202200021963,2022-10-07 10:20:00,2022,10,7,10,20,64,64270,Avenue du Pic du Midi,43.152186,-0.224952,Plein jour,Hors agglomération,Autre intersection,Normale,Deux véhicules - côté,3,2,2,0,1,1,1,0,1,70,2,2,1,1,0,0,84.0,29.0,voiture,voiture,1,1,9,1,3
202200021964,2022-10-08 15:00:00,2022,10,8,15,0,64,64152,425 Chemin de Morlanne,43.339518,-0.319623,Plein jour,En agglomération,Hors intersection,Normale,Autre collision,4,2,2,0,1,3,1,0,3,50,1,1,0,0,1,0,41.0,,utilitaire_camion,,1,2,1,1,6
202200021965,2022-10-07 11:00:00,2022,10,7,11,0,16,16062,D24,45.423169,-0.044353,Plein jour,Hors agglomération,Hors intersection,Normale,Sans collision,3,2,2,0,2,4,8,0,1,80,1,1,0,0,1,0,60.0,,deux_roues,,1,1,1,1,7
202200021966,2022-10-08 13:30:00,2022,10,8,13,30,07,07296,36 Avenue de l'Espinasse,44.581244,4.391881,Plein jour,Hors agglomération,Intersection en T,Normale,Deux véhicules - arrière,3,2,2,0,1,1,1,0,1,70,2,2,0,0,1,1,14.0,18.0,deux_roues,voiture,1,1,3,1,2
202200021967,2022-10-08 02:15:00,2022,10,8,2,15,04,04094,CD4 CHATEAU ROUSSET,43.786834,5.823698,Nuit sans éclairage public,Hors agglomération,Hors intersection,Normale,Autre collision,3,2,2,0,4,2,1,0,3,80,1,1,0,0,1,0,23.0,,voiture,,3,1,1,1,6
202200021968,2022-10-07 14:15:00,2022,10,7,14,15,17,17093,Rue la Fayette,45.886084,-1.195858,Plein jour,En agglomération,Intersection en X,Normale,Deux véhicules - côté,4,1,1,0,1,1,1,0,1,50,2,3,2,0,0,1,45.0,70.0,deux_roues,voiture,1,2,2,1,3
202200021969,2022-10-07 16:00:00,2022,10,7,16,0,37,37267,D976,47.362047,0.802217,Plein jour,En agglomération,Hors intersection,Normale,Deux véhicules - arrière,3,2,2,0,1,1,1,0,1,50,2,2,1,0,1,0,16.0,43.0,deux_roues,voiture,1,2,1,1,2
202200021970,2022-10-08 00:10:00,2022,10,8,0,10,52,52033,ham de forfilieres,47.971838,5.545049,Nuit sans éclairage public,Hors agglomération,Hors intersection,Normale,Sans collision,3,2,2,0,3,1,1,0,3,80,1,4,2,0,2,0,21.0,,voiture,,3,1,1,1,7
202200021971,2022-10-07 19:27:00,2022,10,7,19,27,49,49323,D323 - PR 028+800,47.506302,-0.475781,Crépuscule ou aube,Hors agglomération,Hors intersection,Normale,Deux véhicules - arrière,3,2,4,0,3,1,1,9,1,90,2,2,1,0,1,0,32.0,35.0,utilitaire_camion,voiture,2,1,1,1,2
202200021972,2022-10-08 08:20:00,2022,10,8,8,20,72,72375,a11 pk 136  sens Province-Paris,48.1267799789,0.6247115133,Plein jour,Hors agglomération,Hors intersection,Normale,Deux véhicules - arrière,1,3,3,0,1,1,1,0,3,130,2,3,2,0,1,0,26.0,33.0,voiture,voiture,1,1,1,1,2
202200021973,2022-10-04 15:15:00,2022,10,4,15,15,38,38485,D1532,45.180286,5.696653,Plein jour,En agglomération,Hors intersection,Normale,Deux véhicules - côté,7,1,2,0,1,1,1,0,1,50,2,2,1,0,1,0,84.0,24.0,voiture,deux_roues,1,2,1,1,3
202200021974,2022-10-04 19:01:00,2022,10,4,19,1,34,34031,"a9, PK 151+800 S1",43.363742,3.378874,Plein jour,Hors agglomération,Hors intersection,Normale,Deux véhicules - arrière,1,3,3,0,1,1,1,0,1,130,2,3,1,0,1,1,82.0,43.0,voiture,utilitaire_camion,1,1,1,1,2
202200021975,2022-10-07 15:20:00,2022,10,7,15,20,973,97311,37 Rue du Lt Colonel Tourtet,5.4968915971,-54.0316079557,Plein jour,En agglomération,Hors intersection,Normale,Autre collision,4,2,2,0,1,1,1,0,1,50,1,1,0,0,0,1,29.0,,deux_roues,,1,2,1,1,6
202200021976,2022-10-07 21:30:00,2022,10,7,21,30,971,97117,Rue Camille Ricou,16.327813,-61.345854,Nuit avec éclairage allumé,En agglomération,Intersection en X,Normale,Deux véhicules - frontale,4,2,2,0,1,4,1,0,1,50,2,3,1,0,1,1,40.0,19.0,voiture,deux_roues,5,2,2,1,1
202200021977,2022-10-08 15:25:00,2022,10,8,15,25,45,45042,D952 PK 31 + 625,47.808893,2.411252,Plein jour,En agglomération,Intersection en X,Normale,Trois véhicules et plus - en chaîne,3,2,2,0,1,1,1,0,1,70,3,7,5,0,1,1,22.0,72.0,voiture,deux_roues,1,2,2,1,4
202200021978,2022-10-08 18:40:00,2022,10,8,18,40,77,77196,N3 PK10+000,48.947691,2.73095,Plein jour,Hors agglomération,Hors intersection,Normale,Autre collision,2,3,4,0,1,1,1,0,1,110,1,1,0,0,0,1,26.0,,voiture,,1,1,1,1,6
202200021979,2022-10-08 14:30:00,2022,10,8,14,30,2A,2A247,"D368, rue vintellu d'Istria",41.598323,9.274151,Plein jour,En agglomération,Hors intersection,Normale,Deux véhicules - côté,3,2,2,0,1,1,1,0,1,50,2,3,2,0,0,1,37.0,24.0,deux_roues,voiture,1,2,1,1,3
202200021980,2022-10-07 11:30:00,2022,10,7,11,30,30,30258,D42,43.710385,4.422297,Plein jour,Hors agglomération,Hors intersection,Normale,Deux véhicules - frontale,3,2,2,0,1,3,1,0,1,80,2,4,0,0,4,0,70.0,76.0,voiture,voiture,1,1,1,1,1
202200021981,2022-10-08 12:00:00,2022,10,8,12,0,13,13081,Rue des Girondins,43.487778,5.235431,Plein jour,En agglomération,Hors intersection,Normale,Deux véhicules - côté,4,1,1,0,1,1,1,0,1,50,1,2,1,0,0,1,51.0,,voiture,,1,2,1,1,3
202200021982,2022-10-07 07:20:00,2022,10,7,7,20,71,71176,24 Place de la Grève,46.481451,3.971992,Nuit avec éclairage allumé,En agglomération,Intersection en X,Brouillard / fumée,Autre collision,3,2,2,0,1,1,1,5,1,70,1,2,1,1,0,0,40.0,,utilitaire_camion,,5,2,2,5,6
202200021983,2022-10-07 09:50:00,2022,10,7,9,50,57,57442,D910,49.000876,6.5097,Plein jour,Hors agglomération,Intersection en X,Normale,Deux véhicules - côté,3,2,2,0,1,1,1,5,1,80,2,2,1,0,0,1,61.0,41.0,voiture,utilitaire_camion,1,1,2,1,3
202200021984,2022-10-06 15:55:00,2022,10,6,15,55,57,57701,2 Route d'Ars,49.093606,6.095367,Plein jour,En agglomération,Hors intersection,Normale,Deux véhicules - frontale,7,2,2,0,1,3,1,0,1,80,2,3,0,0,1,2,55.0,23.0,utilitaire_camion,voiture,1,2,1,1,1
202200021985,2022-10-05 15:40:00,2022,10,5,15,40,63,63470,Route de la Plaine - Moulet,45.879713,3.000893,Plein jour,En agglomération,Hors intersection,Normale,Deux véhicules - frontale,3,2,2,0,2,3,1,0,3,50,2,2,1,0,1,0,30.0,78.0,voiture,voiture,1,2,1,1,1
202200021986,2022-10-08 17:40:00,2022,10,8,17,40,44,44035,2 Rue Louis Maisonneuve,47.299977,-1.552763,Plein jour,En agglomération,Hors intersection,Temps éblouissant,Autre collision,4,2,2,2,1,1,1,0,1,50,1,2,1,0,1,0,61.0,,voiture,,1,2,1,7,6
202200021987,2022-10-06 14:40:00,2022,10,6,14,40,17,17161,D201 E1,46.17388,-1.329684,Plein jour,Hors agglomération,Hors intersection,Normale,Deux véhicules - frontale,3,2,2,1,1,1,1,0,1,80,2,2,1,0,1,0,33.0,29.0,voiture,voiture,1,1,1,1,1
202200021988,2022-10-07 01:20:00,2022,10,7,1,20,56,56237,13bis Rue des Fleurs,48.015682,-2.952902,Nuit avec éclairage non allumé,En agglomération,Hors intersection,Normale,Autre collision,9,2,2,0,1,1,1,0,1,50,1,2,1,0,1,0,24.0,,voiture,,4,2,1,1,6
202200021989,2022-10-08 11:15:00,2022,10,8,11,15,35,35280,D18,48.34482,-1.339731,Plein jour,Hors agglomération,Intersection en X,Normale,Deux véhicules - frontale,3,2,2,0,2,1,1,0,1,80,2,2,0,0,1,1,26.0,66.0,voiture,voiture,1,1,2,1,1
202200021990,2022-10-07 14:15:00,2022,10,7,14,15,62,62832,D145,50.518454,1.703047,Plein jour,En agglomération,Hors intersection,Temps éblouissant,Deux véhicules - frontale,3,2,2,0,1,2,1,0,1,50,2,2,1,0,0,1,27.0,14.0,voiture,deux_roues,1,2,1,7,1
202200021991,2022-10-08 06:50:00,2022,10,8,6,50,59,59419,D938,50.52486,3.282917,Nuit avec éclairage allumé,En agglomération,Intersection en Y,Normale,Deux véhicules - côté,3,2,2,0,1,1,1,0,1,50,2,6,0,0,1,5,21.0,60.0,voiture,voiture,5,2,4,1,3
202200021992,2022-10-08 15:15:00,2022,10,8,15,15,59,59320,N41,50.548863,2.825375,Plein jour,En agglomération,Hors intersection,Normale,Deux véhicules - arrière,2,3,4,0,1,1,1,1,1,90,2,3,1,0,1,1,25.0,59.0,voiture,deux_roues,1,2,1,1,2
202200021993,2022-10-05 19:50:00,2022,10,5,19,50,13,13081,A7-Sens Lyon vers Marseille,43.4913,5.2395,Nuit sans éclairage public,Hors agglomération,Hors intersection,Normale,Deux véhicules - arrière,1,-1,3,0,1,1,1,0,1,90,3,3,2,0,0,1,27.0,34.0,utilitaire_camion,voiture,3,1,1,1,2
202200021994,2022-10-05 14:45:00,2022,10,5,14,45,13,13214,A7-Sens Lyon vers Marseille,43.33579,5.37696,Plein jour,Hors agglomération,Hors intersection,Normale,Deux véhicules - arrière,1,-1,3,0,1,1,1,0,1,90,2,2,1,0,0,1,41.0,49.0,utilitaire_camion,utilitaire_camion,1,1,1,1,2
202200021995,2022-10-07 07:25:00,2022,10,7,7,25,83,83027,A50,43.202687,5.730837,Plein jour,Hors agglomération,Autre intersection,Normale,Deux véhicules - arrière,1,1,3,0,1,1,1,0,1,130,2,2,0,0,0,2,42.0,43.0,utilitaire_camion,utilitaire_camion,1,1,9,1,2
202200021996,2022-10-07 05:35:00,2022,10,7,5,35,57,57672,Autoroute A31,49.36579,6.10696,Nuit sans éclairage public,Hors agglomération,Autre intersection,Normale,Deux véhicules - côté,1,3,4,0,1,1,1,9,1,110,2,2,1,0,0,1,22.0,46.0,deux_roues,utilitaire_camion,3,1,9,1,3
202200021997,2022-10-07 16:28:00,2022,10,7,16,28,91,91553,RN 104,48.63152,2.50292,Plein jour,Hors agglomération,Hors intersection,Normale,Trois véhicules et plus - en chaîne,2,3,6,0,1,1,1,0,1,110,3,3,2,0,0,1,25.0,25.0,voiture,voiture,1,1,1,1,4
202200021998,2022-10-07 09:10:00,2022,10,7,9,10,92,92002,AUTOROUTE A86,48.7605783397,2.2919127345,Plein jour,Hors agglomération,Hors intersection,Normale,Trois véhicules et plus - en chaîne,1,1,2,0,1,1,1,0,1,70,3,3,1,0,0,2,35.0,19.0,utilitaire_camion,voiture,1,1,1,1,4
202200021999,2022-10-07 08:35:00,2022,10,7,8,35,94,94065,AUTOROUTE A106,48.7508017306,2.355425635,Plein jour,Hors agglomération,Hors intersection,Normale,Deux véhicules - arrière,1,1,2,0,1,1,1,0,1,90,2,2,1,1,0,0,42.0,58.0,utilitaire_camion,deux_roues,1,1,1,1,2
202200022000,2022-10-06 09:40:00,2022,10,6,9,40,78,78126,A13,48.839053,2.120299,Plein jour,Hors agglomération,Hors intersection,Normale,Trois véhicules et plus - collisions multiples,1,1,5,0,1,1,1,0,1,110,4,4,2,0,0,2,35.0,48.0,voiture,voiture,1,1,1,1,5
202200022001,2022-10-07 17:00:00,2022,10,7,17,0,94,94017,A4,48.8302008945,2.4957669959,Plein jour,Hors agglomération,Hors intersection,Normale,Deux véhicules - arrière,1,3,3,0,1,1,1,0,1,90,2,2,1,0,0,1,62.0,26.0,deux_roues,voiture,1,1,1,1,2
202200022002,2022-10-07 11:30:00,2022,10,7,11,30,94,94073,A86 EXT,48.7639305386,2.3806452928,Plein jour,Hors agglomération,Hors intersection,Normale,Trois véhicules et plus - en chaîne,1,3,3,0,1,1,1,1,1,90,4,4,3,0,0,1,40.0,52.0,voiture,utilitaire_camion,1,1,1,1,4
202200022003,2022-09-13 14:30:00,2022,9,13,14,30,58,58194,HOPITAL (BD),46.97924,3.12594,Plein jour,En agglomération,Hors intersection,Normale,Deux véhicules - frontale,4,2,0,0,1,1,1,0,1,50,1,2,1,0,1,0,89.0,,voiture,,1,2,1,1,1
202200022004,2022-10-05 15:40:00,2022,10,5,15,40,987,98735,TIPAERUI (CV),-17.55226,-149.57156,Plein jour,En agglomération,Hors intersection,Normale,Deux véhicules - côté,4,2,2,0,1,1,1,0,1,50,2,2,1,0,1,0,50.0,35.0,voiture,deux_roues,1,2,1,1,3
202200022005,2022-10-06 07:25:00,2022,10,6,7,25,974,97416,RN3 (1),-21.30129,55.503,Plein jour,Hors agglomération,Hors intersection,Normale,Trois véhicules et plus - en chaîne,2,3,4,0,2,1,1,0,1,110,3,3,2,0,0,1,32.0,57.0,voiture,voiture,1,1,1,1,4
202200022006,2022-10-04 18:15:00,2022,10,4,18,15,973,97302,PETIT MONACO (ROND-POINT),4.9412908343,-52.3213389516,Nuit avec éclairage allumé,En agglomération,Hors intersection,Normale,Sans collision,3,2,2,0,1,3,1,0,1,50,1,1,0,0,0,1,60.0,,deux_roues,,5,2,1,1,7
202200022007,2022-10-07 00:05:00,2022,10,7,0,5,69,69387,Grande Rue de la Guillotière,45.75062,4.84928,Nuit avec éclairage allumé,En agglomération,Hors intersection,Normale,Autre collision,4,1,1,2,1,1,1,0,4,30,1,1,0,0,0,1,20.0,,deux_roues,,5,2,1,1,6
202200022008,2022-10-06 18:40:00,2022,10,6,18,40,69,69386,Quai Charles de Gaulle,45.78591,4.85467,Crépuscule ou aube,En agglomération,Hors intersection,Normale,Trois véhicules et plus - collisions multiples,4,2,6,0,1,1,1,0,1,50,3,3,2,0,0,1,50.0,33.0,utilitaire_camion,voiture,2,2,1,1,5
202200022009,2022-10-06 15:45:00,2022,10,6,15,45,972,97209,GENERAL DE GAULLE (BLD DU),14.60778,-61.06918,Plein jour,En agglomération,Autre intersection,Normale,Deux véhicules - arrière,4,3,5,3,1,1,1,0,1,50,2,2,1,0,0,1,60.0,44.0,transport_commun,voiture,1,2,9,1,2
202200022010,2022-10-06 08:50:00,2022,10,6,8,50,972,97209,BISHOP (Avenue Maurice),14.61332,-61.05236,Plein jour,En agglomération,Hors intersection,Normale,Autre collision,2,1,2,0,1,1,1,0,1,50,1,2,1,0,0,1,47.0,,utilitaire_camion,,1,2,1,1,6
202200022011,2022-10-06 09:00:00,2022,10,6,9,0,69,69382,Quai Docteur Gailleton,45.7529,4.8334,Plein jour,En agglomération,Hors intersection,Normale,Deux véhicules - côté,4,2,6,3,1,1,1,0,1,50,2,3,2,0,0,1,23.0,55.0,voiture,deux_roues,1,2,1,1,3
202200022012,2022-10-05 15:30:00,2022,10,5,15,30,69,69389,Rue du Château de la Duchère,45.7801273052,4.7933453323,Plein jour,En agglomération,Hors intersection,Normale,Sans collision,4,2,2,0,2,3,8,0,1,50,1,1,0,0,0,1,68.0,,deux_roues,,1,2,1,1,7
202200022013,2022-10-06 09:00:00,2022,10,6,9,0,2B,2B033,CARDO - RT INFERIEURE DE,42.69903,9.43659,Plein jour,Hors agglomération,Hors intersection,Normale,Deux véhicules - arrière,4,2,1,0,2,1,1,0,1,50,1,2,1,0,1,0,33.0,,utilitaire_camion,,1,1,1,1,2
202200022014,2022-10-06 16:10:00,2022,10,6,16,10,971,97101,TERASSON,16.24944786,-61.5030366182,Plein jour,Hors agglomération,Hors intersection,Normale,Autre collision,4,-1,1,0,1,1,1,0,1,50,1,8,0,0,8,0,40.0,,voiture,,1,1,1,1,6
202200022015,2022-10-06 08:30:00,2022,10,6,8,30,971,97105,BOLOGNE (ROUTE DE),16.00636,-61.73595,Plein jour,En agglomération,Intersection en T,Normale,Deux véhicules - frontale,3,2,2,0,2,2,1,0,1,50,2,2,1,0,0,1,35.0,52.0,deux_roues,voiture,1,2,3,1,1