accident_id,datetime,annee,mois,jour,heure,minute,departement,commune_insee,adresse,latitude,longitude,luminosite,agglomeration,intersection,meteo,collision,catr,circ,nbv,vosp,prof,plan,surf,infra,situ,vma,nb_vehicules,nb_usagers,nb_indemnes,nb_tues,nb_blesses_hosp,nb_blesses_legers,age_cond_1,age_cond_2,veh_type_cond_1,veh_type_cond_2,lum_code,agg_code,int_code,atm_code,col_code
202200022469,2022-11-12 13:20:00,2022,11,12,13,20,76,76486,Rue de la Gare,49.317681207,0.9893703461,Plein jour,Hors agglomération,Hors intersection,Normale,Autre collision,7,2,2,0,1,3,2,0,1,80,1,1,0,0,0,1,62.0,,voiture,,1,1,1,1,6
202200022470,2022-05-23 00:14:00,2022,5,23,0,14,75,75105,BOULEVARD SAINT GERMAIN,48.8494492478,2.3544175923,Nuit avec éclairage allumé,En agglomération,Intersection en X,Pluie légère,Autre collision,4,1,4,0,1,1,2,0,1,30,2,6,3,0,0,3,20.0,30.0,voiture,voiture,5,2,2,2,6
202200022471,2022-11-12 10:30:00,2022,11,12,10,30,76,76540,Avenue de la Grand Mare,49.44338,1.13094,Plein jour,En agglomération,Hors intersection,Temps couvert,Deux véhicules - frontale,7,2,2,0,2,3,1,0,1,50,2,2,1,0,0,1,22.0,42.0,voiture,voiture,1,2,1,8,1
202200022472,2022-07-25 07:25:00,2022,7,25,7,25,75,75111,RUE DU CHEMIN VERT,48.860306,2.378663,Plein jour,En agglomération,Intersection en X,Normale,Deux véhicules - arrière,4,1,1,0,1,1,1,0,1,30,2,3,1,0,0,2,51.0,21.0,voiture,utilitaire_camion,1,2,2,1,2
202200022473,2022-01-28 16:30:00,2022,1,28,16,30,973,97311,2800 avenue christophe colomb,5.466328,-54.023255,Plein jour,En agglomération,Hors intersection,Normale,Deux véhicules - côté,9,2,2,0,1,1,1,0,1,50,2,7,4,0,1,2,40.0,34.0,voiture,voiture,1,2,1,1,3
202200022474,2022-11-12 11:15:00,2022,11,12,11,15,71,71076,BEAUNE (PLACE DE ),46.7848584613,4.8552940786,Plein jour,En agglomération,Hors intersection,Normale,Autre collision,4,1,2,0,1,1,1,0,1,30,1,2,1,0,0,1,27.0,,voiture,,1,2,1,1,6
202200022475,2022-01-30 14:40:00,2022,1,30,14,40,29,29002,D22 - Pont Kerlo,47.906054946,-3.421057105,Plein jour,Hors agglomération,Hors intersection,Normale,Sans collision,3,2,2,0,2,2,1,0,3,80,1,2,0,0,1,1,28.0,,deux_roues,,1,1,1,1,7
202200022476,2022-05-24 11:15:00,2022,5,24,11,15,75,75120,BOULEVARD DAVOUT,48.8559010852,2.410069406,Plein jour,En agglomération,Intersection en X,Normale,Trois véhicules et plus - en chaîne,4,3,2,0,2,1,1,0,1,50,3,3,2,0,1,0,46.0,40.0,deux_roues,utilitaire_camion,1,2,2,1,4
202200022477,2022-07-25 05:05:00,2022,7,25,5,5,75,75111,RUE DE LA ROQUETTE,48.858156,2.382204,Nuit avec éclairage allumé,En agglomération,Intersection en Y,Normale,Autre collision,4,2,2,0,2,1,1,0,1,30,1,2,1,0,0,1,37.0,,deux_roues,,5,2,4,1,6
202200022478,2022-11-12 15:05:00,2022,11,12,15,5,69,69286,Rue Jacques Prévert,45.81733,4.90185,Plein jour,En agglomération,Hors intersection,Normale,Autre collision,4,1,1,0,1,1,1,6,1,30,1,4,3,0,0,1,21.0,,voiture,,1,2,1,1,6
202200022479,2022-01-29 18:40:00,2022,1,29,18,40,2A,2A247,d 159,41.580092,9.199398,Nuit sans éclairage public,Hors agglomération,Hors intersection,Normale,Deux véhicules - frontale,3,2,2,0,3,1,1,0,1,80,2,5,1,0,0,4,40.0,30.0,voiture,voiture,3,1,1,1,1
202200022480,2022-05-24 08:20:00,2022,5,24,8,20,75,75120,RUE D AVRON,48.852791,2.406642,Plein jour,En agglomération,Intersection en X,Normale,Autre collision,4,2,3,0,1,1,1,0,1,30,1,2,1,0,0,1,49.0,,voiture,,1,2,2,1,6
202200022481,2022-11-12 19:15:00,2022,11,12,19,15,64,64445,boulevard d'Alsace Lorraine,43.30544,-0.37436,Nuit avec éclairage allumé,En agglomération,Hors intersection,Normale,Deux véhicules - côté,4,2,2,0,1,1,1,0,1,50,2,2,1,0,0,1,28.0,44.0,voiture,deux_roues,5,2,1,1,3
202200022482,2022-07-24 23:30:00,2022,7,24,23,30,75,75110,PLACE FRANZ LISZT,48.877907,2.351641,Nuit avec éclairage allumé,En agglomération,Place,Normale,Deux véhicules - côté,4,1,0,1,2,1,1,0,5,30,2,2,1,0,0,1,36.0,22.0,voiture,deux_roues,5,2,7,1,3
202200022483,2022-01-30 15:45:00,2022,1,30,15,45,42,42147,62 Rue des Grands Chênes,45.599041,4.093512,Plein jour,En agglomération,Hors intersection,Normale,Deux véhicules - côté,4,2,2,0,1,1,1,0,1,50,2,2,1,0,0,1,55.0,21.0,voiture,deux_roues,1,2,1,1,3
202200022484,2022-11-12 15:15:00,2022,11,12,15,15,64,64445,rue Ronsard,43.31741,-0.35322,Plein jour,En agglomération,Hors intersection,Normale,Deux véhicules - frontale,4,2,2,0,1,1,1,0,1,50,2,2,1,0,0,1,55.0,49.0,voiture,voiture,1,2,1,1,1
202200022485,2022-05-25 15:40:00,2022,5,25,15,40,75,75119,RUE DE CRIMEE,48.8940715033,2.3730106652,Plein jour,En agglomération,Hors intersection,Normale,Deux véhicules - côté,4,3,2,0,1,1,1,0,1,30,2,2,1,0,0,1,20.0,43.0,deux_roues,utilitaire_camion,1,2,1,1,3
202200022486,2022-01-30 17:00:00,2022,1,30,17,0,38,38468,Route Nationale 7,45.341672,4.804062,Plein jour,En agglomération,Hors intersection,Normale,Deux véhicules - arrière,2,2,4,0,1,1,1,0,1,50,2,3,2,0,1,0,25.0,36.0,voiture,voiture,1,2,1,1,2
202200022487,2022-07-25 19:00:00,2022,7,25,19,0,75,75108,AVENUE DES CHAMPS ELYSEES,48.873499,2.295874,Plein jour,En agglomération,Place,Normale,Deux véhicules - arrière,4,2,6,0,1,1,1,0,1,30,2,3,1,0,0,2,27.0,21.0,voiture,deux_roues,1,2,7,1,2
202200022488,2022-11-12 11:57:00,2022,11,12,11,57,64,64445,rue de l'abbé Brémond,43.306825,-0.366434,Plein jour,En agglomération,Intersection en T,Normale,Deux véhicules - côté,4,2,2,0,1,1,1,0,1,50,2,2,1,0,0,1,25.0,47.0,deux_roues,voiture,1,2,3,1,3
202200022489,2022-05-25 09:15:00,2022,5,25,9,15,75,75119,AVENUE SECRETAN,48.882049,2.371394,Plein jour,En agglomération,Hors intersection,Normale,Autre collision,4,2,3,0,1,1,1,0,1,30,1,2,1,0,0,1,,,voiture,,1,2,1,1,6
202200022490,2022-07-25 03:45:00,2022,7,25,3,45,75,75115,QUAI DE GRENELLE,48.852907,2.28657,Nuit avec éclairage allumé,En agglomération,Intersection en T,Normale,Deux véhicules - côté,4,2,4,1,1,1,1,0,5,30,2,2,1,0,0,1,27.0,26.0,voiture,deux_roues,5,2,3,1,3
202200022491,2022-05-25 15:00:00,2022,5,25,15,0,75,75117,BOULEVARD BERTHIER,48.8888938138,2.3012749851,Plein jour,En agglomération,Intersection en T,Normale,Deux véhicules - côté,4,3,3,1,1,1,1,-1,5,50,2,2,1,0,0,1,39.0,23.0,voiture,deux_roues,1,2,3,1,3
202200022492,2022-11-12 09:45:00,2022,11,12,9,45,64,64445,tunnel pont d'Espagne,43.29662,-0.38723,Plein jour,En agglomération,Hors intersection,Normale,Deux véhicules - arrière,4,2,6,1,1,1,1,1,1,50,2,3,2,0,0,1,45.0,40.0,voiture,voiture,1,2,1,1,2
202200022493,2022-05-24 19:50:00,2022,5,24,19,50,75,75117,AVENUE MAC MAHON,48.878001,2.2943209432,Plein jour,En agglomération,Intersection en Y,Normale,Deux véhicules - côté,4,2,3,3,2,1,1,-1,6,30,2,2,1,0,0,1,46.0,32.0,deux_roues,voiture,1,2,4,1,3
202200022494,2022-07-25 10:30:00,2022,7,25,10,30,75,75107,QUAI BRANLY,48.857716,2.291569,Plein jour,En agglomération,Hors intersection,Normale,Deux véhicules - frontale,4,2,8,1,1,1,1,0,5,30,2,2,0,0,0,2,39.0,56.0,deux_roues,deux_roues,1,2,1,1,1
202200022495,2022-01-30 08:15:00,2022,1,30,8,15,69,69227,Route de Sainte Catherine,45.641813,4.558854,Plein jour,Hors agglomération,Hors intersection,Temps couvert,Autre collision,3,2,2,0,2,3,2,0,8,80,1,5,0,0,1,4,21.0,,voiture,,1,1,1,8,6
202200022496,2022-05-25 08:10:00,2022,5,25,8,10,75,75116,PLACE CHARLES DE GAULLE,48.8740420162,2.2942382097,Plein jour,En agglomération,Place,Normale,Deux véhicules - côté,4,1,8,0,1,3,1,0,1,30,2,2,1,0,0,1,64.0,26.0,voiture,deux_roues,1,2,7,1,3
202200022497,2022-07-25 07:10:00,2022,7,25,7,10,75,75102,PLACE DE LA BOURSE,48.868539,2.341922,Plein jour,En agglomération,Place,Normale,Deux véhicules - arrière,4,1,4,0,1,1,1,0,1,30,2,2,1,0,0,1,35.0,69.0,voiture,voiture,1,2,7,1,2
202200022498,2022-05-23 15:00:00,2022,5,23,15,0,75,75115,RUE DE LA CROIX NIVERT,48.847193,2.300533,Plein jour,En agglomération,Hors intersection,Normale,Deux véhicules - frontale,4,2,2,0,1,1,1,0,1,30,2,2,1,0,0,1,34.0,57.0,deux_roues,voiture,1,2,1,1,1
202200022499,2022-01-20 18:45:00,2022,1,20,18,45,17,17283,Rue Barthélémy Gautier,45.57343,-0.555335,Nuit avec éclairage allumé,En agglomération,Intersection en T,Normale,Autre collision,4,2,2,0,2,1,1,0,1,50,1,2,1,0,1,0,60.0,,voiture,,5,2,3,1,6
202200022500,2022-07-24 16:50:00,2022,7,24,16,50,94,94068,GUYNEMER (AV),48.785551,2.482696,Plein jour,En agglomération,Autre intersection,Normale,Autre collision,4,1,1,0,1,1,1,6,1,30,2,2,1,0,1,0,59.0,25.0,deux_roues,deux_roues,1,2,9,1,6
202200022501,2022-05-25 17:15:00,2022,5,25,17,15,75,75112,AVENUE DES MINIMES,48.8406834886,2.4347443879,Plein jour,En agglomération,Giratoire,Normale,Deux véhicules - côté,4,2,2,0,1,1,1,0,1,50,2,3,2,0,0,1,68.0,30.0,voiture,deux_roues,1,2,6,1,3
202200022502,2022-07-24 10:05:00,2022,7,24,10,5,94,94016,LOUIS GEORGEON (AV),48.79309,2.33564,Plein jour,En agglomération,Intersection en T,Normale,Deux véhicules - côté,3,2,2,0,1,1,1,0,1,50,1,2,1,0,0,1,42.0,,utilitaire_camion,,1,2,3,1,3
202200022503,2022-01-30 02:10:00,2022,1,30,2,10,50,50041,Rue Jacques Prevert,49.594898,-1.7697,Nuit sans éclairage public,Hors agglomération,Hors intersection,Pluie légère,Deux véhicules - frontale,3,2,2,0,2,4,2,0,1,50,2,3,1,0,0,2,54.0,33.0,voiture,voiture,3,1,1,2,1
202200022504,2022-05-24 13:20:00,2022,5,24,13,20,75,75112,QUAI DE BERCY,48.834873,2.381093,Plein jour,En agglomération,Hors intersection,Normale,Autre collision,4,1,1,0,2,1,1,0,1,30,1,4,3,0,1,0,48.0,,voiture,,1,2,1,1,6
202200022505,2022-01-30 20:10:00,2022,1,30,20,10,80,80561,D935,49.655183,2.570329,Nuit sans éclairage public,Hors agglomération,Hors intersection,Normale,Sans collision,3,2,2,0,1,2,2,0,1,80,1,2,1,0,0,1,17.0,,voiture,,3,1,1,1,7
202200022506,2022-07-25 14:30:00,2022,7,25,14,30,94,94079,Rue Guillaume Bude / Avenue Emile Bernier,48.8253682291,2.5423023105,Plein jour,En agglomération,Intersection en T,Normale,Deux véhicules - frontale,4,1,1,0,2,1,1,0,1,50,2,2,1,0,0,1,13.0,43.0,deux_roues,voiture,1,2,3,1,1
202200022507,2022-05-24 00:10:00,2022,5,24,0,10,75,75112,RUE DE REUILLY,48.843345,2.391326,Nuit avec éclairage allumé,En agglomération,Intersection en T,Temps couvert,Autre collision,4,2,2,0,1,1,2,0,1,30,1,2,1,0,0,1,19.0,,voiture,,5,2,3,8,6
202200022508,2022-01-28 20:20:00,2022,1,28,20,20,13,13015,A51-Sens Aix en Provence vers Marseille,43.43664,5.39598,Nuit sans éclairage public,Hors agglomération,Hors intersection,Normale,Deux véhicules - côté,1,1,3,3,1,1,1,0,1,90,1,2,1,0,0,1,21.0,,voiture,,3,1,1,1,3
202200022509,2022-01-25 11:50:00,2022,1,25,11,50,13,13212,A507 sens Aubagne- Marseille,43.29776,5.42497,Plein jour,Hors agglomération,Hors intersection,Normale,Deux véhicules - arrière,1,1,3,0,1,1,1,0,1,70,2,2,1,0,0,1,25.0,60.0,utilitaire_camion,utilitaire_camion,1,1,1,1,2
202200022510,2022-07-24 22:50:00,2022,7,24,22,50,94,94071,Rue Maurice Berteaux / Rue du Grand Val,48.77382,2.51716,Nuit avec éclairage allumé,En agglomération,Intersection en T,Normale,Deux véhicules - côté,3,2,2,0,2,1,1,0,1,50,2,3,0,0,0,3,35.0,35.0,voiture,voiture,5,2,3,1,3
202200022511,2022-05-25 10:45:00,2022,5,25,10,45,75,75111,BOULEVARD BEAUMARCHAIS,48.8558222586,2.3684991896,Plein jour,En agglomération,Intersection en X,Normale,Deux véhicules - côté,4,2,5,3,1,1,1,-1,6,30,2,2,1,0,0,1,36.0,28.0,deux_roues,transport_commun,1,2,2,1,3
202200022512,2022-01-28 23:40:00,2022,1,28,23,40,69,69297,Autoroute 7,45.61525,4.80988,Nuit sans éclairage public,Hors agglomération,Hors intersection,Normale,Deux véhicules - arrière,1,3,6,0,1,1,1,0,1,110,2,3,1,0,0,2,24.0,44.0,voiture,voiture,3,1,1,1,2
202200022513,2022-07-25 20:05:00,2022,7,25,20,5,93,93071,Avenue Berlioz,48.93812,2.53459,Plein jour,En agglomération,Hors intersection,Normale,Autre collision,4,2,2,0,1,1,1,9,8,30,1,2,1,0,0,1,52.0,,voiture,,1,2,1,1,6
202200022514,2022-01-29 15:05:00,2022,1,29,15,5,91,91434,AUTOROUTE A6,48.66931,2.35046,Plein jour,Hors agglomération,Hors intersection,Pluie légère,Deux véhicules - arrière,1,3,3,0,2,1,2,0,1,110,2,3,1,0,0,2,30.0,34.0,voiture,voiture,1,1,1,2,2
202200022515,2022-05-24 22:40:00,2022,5,24,22,40,75,75111,RUE OBERKAMPF,48.8666109347,2.3812812567,Nuit avec éclairage allumé,En agglomération,Intersection en T,Normale,Deux véhicules - côté,4,1,2,3,1,1,1,-1,6,50,2,2,0,0,0,2,38.0,50.0,deux_roues,deux_roues,5,2,3,1,3
202200022516,2022-01-29 01:25:00,2022,1,29,1,25,91,91377,RD 444,48.73082,2.24101,Nuit sans éclairage public,Hors agglomération,Hors intersection,Pluie légère,Deux véhicules - côté,3,2,2,0,2,2,2,0,1,70,2,2,1,0,0,1,59.0,42.0,utilitaire_camion,utilitaire_camion,3,1,1,2,3
202200022517,2022-07-24 08:50:00,2022,7,24,8,50,93,93071,Rue d'Aulnay / Avenue John Fitzgerald Kennedy,48.93967,2.51268,Plein jour,En agglomération,Intersection en X,Normale,Deux véhicules - côté,3,2,2,0,1,1,1,5,1,50,2,2,1,0,0,1,27.0,24.0,deux_roues,voiture,1,2,2,1,3
202200022518,2022-01-29 15:20:00,2022,1,29,15,20,78,78362,A13,48.97764,1.71196,Plein jour,Hors agglomération,Hors intersection,Normale,Trois véhicules et plus - en chaîne,1,3,3,0,1,1,1,1,1,110,5,5,4,0,0,1,55.0,24.0,voiture,voiture,1,1,1,1,4
202200022519,2022-07-25 14:20:00,2022,7,25,14,20,93,93053,Rue Paul Vaillant Couturier,48.89206,2.44389,Plein jour,En agglomération,Hors intersection,Normale,Deux véhicules - arrière,3,2,2,0,1,1,1,0,1,50,2,2,1,0,0,1,52.0,24.0,voiture,deux_roues,1,2,1,1,2
202200022520,2022-05-24 12:05:00,2022,5,24,12,5,75,75111,RUE SAINT MAUR,48.86751,2.375744,Plein jour,En agglomération,Intersection en X,Normale,Deux véhicules - côté,4,2,2,0,1,1,1,0,1,30,2,2,1,0,0,1,27.0,,deux_roues,voiture,1,2,2,1,3
202200022521,2022-01-29 14:40:00,2022,1,29,14,40,78,78402,A13,48.964285,1.797534,Plein jour,Hors agglomération,Hors intersection,Normale,Autre collision,1,1,3,0,1,1,2,0,1,130,1,1,0,0,0,1,25.0,,voiture,,1,1,1,1,6
202200022522,2022-01-29 02:20:00,2022,1,29,2,20,78,78646,RN12,48.79318,2.07529,Nuit sans éclairage public,Hors agglomération,Hors intersection,Pluie légère,Autre collision,2,1,3,0,1,3,2,0,1,110,1,2,1,0,0,1,51.0,,voiture,,3,1,1,2,6
202200022523,2022-05-24 07:40:00,2022,5,24,7,40,75,75111,RUE LOUIS BONNET,48.8705888999,2.3765686154,Plein jour,En agglomération,Hors intersection,Normale,Autre collision,4,2,2,0,1,1,1,0,1,30,1,2,1,0,0,1,,,deux_roues,,1,2,1,1,6
202200022524,2022-01-28 20:00:00,2022,1,28,20,0,78,78117,RN12,48.788217,2.141062,Nuit sans éclairage public,Hors agglomération,Hors intersection,Normale,Autre collision,2,1,3,0,1,1,1,0,2,110,1,1,0,0,0,1,67.0,,voiture,,3,1,1,1,6
202200022525,2022-07-24 23:00:00,2022,7,24,23,0,93,93049,Avenue Danielle Casanova / Rue Pasteur,48.85825,2.50201,Nuit avec éclairage allumé,En agglomération,Intersection à plus de 4 branches,Normale,Deux véhicules - côté,4,2,2,0,1,1,1,0,1,50,2,4,2,0,0,2,27.0,19.0,deux_roues,voiture,5,2,5,1,3
202200022526,2022-01-29 12:06:00,2022,1,29,12,6,93,93027,AUTOROUTE A1,48.93615,2.404297,Plein jour,Hors agglomération,Hors intersection,Normale,Autre collision,1,3,6,0,1,1,1,0,1,90,1,2,1,0,0,1,21.0,,voiture,,1,1,1,1,6
202200022527,2022-05-25 11:45:00,2022,5,25,11,45,75,75110,RUE JEAN MOINON,48.8738338479,2.3706878722,Plein jour,En agglomération,Hors intersection,Normale,Autre collision,4,1,1,0,2,1,1,0,1,30,1,2,1,0,0,1,,,utilitaire_camion,,1,2,1,1,6
202200022528,2022-07-25 21:50:00,2022,7,25,21,50,93,93064,Boulevard Gabriel Péri,48.8781499554,2.4736678004,Plein jour,En agglomération,Autre intersection,Normale,Deux véhicules - côté,3,1,2,0,1,1,1,0,1,50,2,2,1,0,0,1,45.0,25.0,voiture,deux_roues,1,2,9,1,3
202200022529,2022-01-28 22:00:00,2022,1,28,22,0,95,95424, A15,48.9913,2.19196,Nuit sans éclairage public,Hors agglomération,Hors intersection,Normale,Trois véhicules et plus - en chaîne,1,-1,6,0,1,1,1,0,1,90,3,3,2,0,0,1,,35.0,autre,voiture,3,1,1,1,4
202200022530,2022-05-24 15:40:00,2022,5,24,15,40,75,75110,RUE D HAUTEVILLE,48.873826,2.350513,Plein jour,En agglomération,Intersection en X,Normale,Autre collision,4,1,1,0,1,1,1,0,1,30,1,2,1,0,0,1,42.0,,voiture,,1,2,2,1,6
202200022531,2022-07-25 20:20:00,2022,7,25,20,20,93,93048,Avenue Walwein,48.862041,2.445395,Plein jour,En agglomération,Hors intersection,Normale,Autre collision,4,2,2,3,1,1,1,0,1,30,1,2,1,0,0,1,21.0,,voiture,,1,2,1,1,6
202200022532,2022-05-25 16:45:00,2022,5,25,16,45,75,75109,RUE DE ROCHECHOUART,48.8787555584,2.3453141749,Plein jour,En agglomération,Intersection en X,Normale,Autre collision,4,2,2,3,2,1,1,-1,4,30,1,2,1,0,0,1,12.0,,deux_roues,,1,2,2,1,6
202200022533,2022-01-29 00:40:00,2022,1,29,0,40,60,60494,AUTOROUTE A1,49.113653,2.553966,Nuit sans éclairage public,Hors agglomération,Hors intersection,Normale,Deux véhicules - arrière,1,3,6,0,1,1,1,0,1,130,2,6,0,0,1,5,35.0,28.0,utilitaire_camion,voiture,3,1,1,1,2
202200022534,2022-07-25 19:05:00,2022,7,25,19,5,93,93048,Avenue Gabriel Péri / Avenue du Président Wilson,48.85742,2.44007,Plein jour,En agglomération,Intersection en X,Normale,Deux véhicules - côté,3,2,2,1,1,1,1,0,1,30,2,4,3,0,0,1,43.0,49.0,voiture,voiture,1,2,2,1,3
202200022535,2022-05-25 09:45:00,2022,5,25,9,45,75,75109,RUE MILTON,48.877585,2.340778,Plein jour,En agglomération,Intersection en X,Temps éblouissant,Autre collision,4,2,2,0,2,1,1,0,1,30,1,2,1,0,0,1,41.0,,utilitaire_camion,,1,2,2,7,6
202200022536,2022-01-29 09:00:00,2022,1,29,9,0,77,77237,A4,48.8308954163,2.7605978102,Plein jour,Hors agglomération,Hors intersection,Temps couvert,Deux véhicules - arrière,1,3,6,0,1,1,1,0,1,130,2,2,0,0,0,2,34.0,22.0,voiture,voiture,1,1,1,8,2
202200022537,2022-07-25 17:15:00,2022,7,25,17,15,93,93031,Avenue Joffre / Route d'Argenteuil,48.96166,2.29497,Plein jour,En agglomération,Intersection en X,Normale,Deux véhicules - côté,3,3,4,0,1,1,1,0,1,50,2,2,1,0,0,1,25.0,56.0,deux_roues,voiture,1,2,2,1,3
202200022538,2022-07-25 09:06:00,2022,7,25,9,6,93,93010,Rue Guy de Maupassant,48.8983875768,2.492968014,Plein jour,En agglomération,Hors intersection,Normale,Autre collision,4,1,1,0,1,1,1,0,1,30,1,1,0,0,1,0,21.0,,voiture,,1,2,1,1,6
202200022539,2022-05-25 02:03:00,2022,5,25,2,3,75,75102,BOULEVARD MONTMARTRE,48.8714874858,2.3430651426,Nuit avec éclairage allumé,En agglomération,Intersection en X,Normale,Deux véhicules - côté,4,2,5,0,1,1,1,5,1,30,2,3,2,0,0,1,24.0,45.0,voiture,deux_roues,5,2,2,1,3
202200022540,2022-05-25 13:29:00,2022,5,25,13,29,75,75108,RUE JEAN MERMOZ,48.870719,2.311436,Plein jour,En agglomération,Hors intersection,Normale,Autre collision,4,1,1,0,1,1,1,0,1,30,1,2,1,0,0,1,,,deux_roues,,1,2,1,1,6
202200022541,2022-07-24 17:20:00,2022,7,24,17,20,93,93057,Avenue Aristide Briand,48.909904,2.507804,Plein jour,En agglomération,Hors intersection,Normale,Deux véhicules - arrière,3,3,4,3,1,1,1,0,1,50,2,3,2,0,0,1,40.0,42.0,utilitaire_camion,utilitaire_camion,1,2,1,1,2
202200022542,2022-01-28 16:00:00,2022,1,28,16,0,83,83129,DE LATTRE DE TASSIGNY (AV),43.093993,5.83896,Plein jour,En agglomération,Hors intersection,Normale,Autre collision,7,2,2,0,1,1,1,0,1,50,1,2,1,0,0,1,38.0,,voiture,,1,2,1,1,6
202200022543,2022-05-24 19:30:00,2022,5,24,19,30,75,75108,AVENUE HOCHE,48.8752039785,2.2984734178,Crépuscule ou aube,En agglomération,Intersection en X,Normale,Autre collision,4,2,4,0,1,1,1,0,1,30,1,1,0,0,0,1,20.0,,deux_roues,,2,2,2,1,6
202200022544,2022-07-25 21:00:00,2022,7,25,21,0,92,92051,"BINEAU (BOULEVARD, N°53 A 131 ET 52 A 13",48.8893427973,2.2728966772,Crépuscule ou aube,En agglomération,Intersection en X,Normale,Deux véhicules - côté,3,-1,0,0,1,1,1,0,1,50,2,2,1,0,1,0,27.0,26.0,voiture,deux_roues,2,2,2,1,3
202200022545,2022-05-24 15:59:00,2022,5,24,15,59,75,75108,RUE DU FAUBOURG SAINT HONORE,48.87656,2.301697,Plein jour,En agglomération,Intersection en X,Temps couvert,Autre collision,4,2,3,0,1,1,1,0,1,30,1,2,1,0,0,1,34.0,,deux_roues,,1,2,2,8,6
202200022546,2022-07-24 13:45:00,2022,7,24,13,45,92,92049,BROSSOLETTE AVENUE PIERRE,48.8120252647,2.3007870912,Plein jour,En agglomération,Intersection en T,Normale,Deux véhicules - côté,3,2,2,0,1,1,1,0,1,50,2,2,1,0,0,1,37.0,42.0,deux_roues,voiture,1,2,3,1,3
202200022547,2022-05-24 12:05:00,2022,5,24,12,5,75,75108,RUE LA BOETIE,48.874195,2.317527,Plein jour,En agglomération,Intersection en X,Normale,Deux véhicules - arrière,4,1,3,0,1,1,1,0,1,30,2,2,1,0,0,1,76.0,24.0,deux_roues,voiture,1,2,2,1,2
202200022548,2022-05-24 10:35:00,2022,5,24,10,35,75,75108,AVENUE DES CHAMPS ELYSEES,48.869679,2.307972,Plein jour,En agglomération,Hors intersection,Normale,Autre collision,4,2,8,0,1,1,1,0,1,30,1,2,1,0,0,1,37.0,,utilitaire_camion,,1,2,1,1,6
202200022549,2022-07-25 18:04:00,2022,7,25,18,4,92,92044,CHARLES PASQUA (QUAI) 32 A 58,48.9004272541,2.2832652926,Plein jour,En agglomération,Intersection en X,Normale,Deux véhicules - côté,3,1,3,0,1,1,1,0,1,50,2,2,1,0,0,1,46.0,23.0,voiture,deux_roues,1,2,2,1,3
202200022550,2022-07-22 16:45:00,2022,7,22,16,45,65,65130,Rue du Pic du Midi,43.570247,-0.008787,Plein jour,Hors agglomération,Hors intersection,Normale,Sans collision,3,2,2,0,1,2,1,0,1,80,2,2,1,0,1,0,58.0,38.0,deux_roues,voiture,1,1,1,1,7
202200022551,2022-05-23 18:40:00,2022,5,23,18,40,75,75107,AVENUE DE VILLARS,48.851766,2.313862,Plein jour,En agglomération,Intersection en X,Pluie légère,Deux véhicules - côté,4,2,3,0,1,1,2,0,1,30,2,3,2,0,0,1,60.0,19.0,deux_roues,deux_roues,1,2,2,2,3
202200022552,2022-05-25 18:12:00,2022,5,25,18,12,75,75102,RUE REAUMUR,48.8677686587,2.3454610258,Plein jour,En agglomération,Intersection à plus de 4 branches,Normale,Deux véhicules - côté,4,1,3,3,1,1,1,-1,6,30,2,2,1,0,0,1,19.0,19.0,deux_roues,voiture,1,2,5,1,3
202200022553,2022-07-25 20:35:00,2022,7,25,20,35,71,71446,Le Mont Aigu,46.578937,4.528105,Crépuscule ou aube,Hors agglomération,Hors intersection,Normale,Autre collision,3,2,2,0,1,1,1,0,3,80,1,1,0,0,1,0,44.0,,voiture,,2,1,1,1,6
202200022554,2022-05-24 16:15:00,2022,5,24,16,15,75,75104,RUE DU RENARD,48.858347,2.351936,Plein jour,En agglomération,Intersection en X,Normale,Autre collision,4,1,3,3,1,1,1,-1,6,30,1,3,2,0,0,1,18.0,,deux_roues,,1,2,2,1,6
202200022555,2022-07-25 14:15:00,2022,7,25,14,15,84,84027,d237 - Pk3 +310,44.093064,4.762375,Plein jour,Hors agglomération,Intersection en Y,Normale,Deux véhicules - arrière,3,2,2,1,1,1,1,0,1,80,2,2,1,0,1,0,50.0,31.0,utilitaire_camion,voiture,1,1,4,1,2
202200022556,2022-05-25 14:15:00,2022,5,25,14,15,94,94081,PAUL VAILLANT COUTURIER (AV),48.799,2.4,Plein jour,En agglomération,Hors intersection,Normale,Deux véhicules - côté,3,2,2,0,1,1,1,0,1,50,1,2,1,0,0,1,,,deux_roues,,1,2,1,1,3
202200022557,2022-07-26 02:00:00,2022,7,26,2,0,83,83036,381 Promenade de la Mer,43.176367,6.534596,Nuit avec éclairage allumé,En agglomération,Autre intersection,Normale,Autre collision,3,3,2,0,1,1,1,0,4,50,1,2,1,0,1,0,22.0,,voiture,,5,2,9,1,6
202200022558,2022-05-25 16:23:00,2022,5,25,16,23,94,94067,178 Avenue Gallieni,48.84658,2.41647,Plein jour,En agglomération,Hors intersection,Normale,Autre collision,3,2,4,2,1,1,1,0,1,50,1,2,1,0,0,1,26.0,,deux_roues,,1,2,1,1,6
202200022559,2022-07-20 16:15:00,2022,7,20,16,15,74,74112,14 Avenue des Alpes,45.937479,6.078089,Plein jour,En agglomération,Intersection en X,Normale,Deux véhicules - côté,4,2,1,3,1,1,1,9,1,50,2,3,2,0,1,0,19.0,27.0,deux_roues,voiture,1,2,2,1,3