accident_id,datetime,annee,mois,jour,heure,minute,departement,commune_insee,adresse,latitude,longitude,luminosite,agglomeration,intersection,meteo,collision,catr,circ,nbv,vosp,prof,plan,surf,infra,situ,vma,nb_vehicules,nb_usagers,nb_indemnes,nb_tues,nb_blesses_hosp,nb_blesses_legers,age_cond_1,age_cond_2,veh_type_cond_1,veh_type_cond_2,lum_code,agg_code,int_code,atm_code,col_code
202200022560,2022-05-19 18:20:00,2022,5,19,18,20,75,75112,Avenue de Paris,48.8445511322,2.4387663603,Plein jour,En agglomération,Intersection en X,Normale,Deux véhicules - côté,4,4,3,2,1,1,1,0,1,50,2,2,1,0,0,1,29.0,39.0,deux_roues,voiture,1,2,2,1,3
202200022561,2022-07-25 18:00:00,2022,7,25,18,0,51,51559,16 Avenue du Général Leclerc,49.127763,4.536261,Plein jour,En agglomération,Hors intersection,Normale,Deux véhicules - frontale,3,2,2,0,1,1,1,0,1,50,2,3,2,0,0,1,53.0,27.0,deux_roues,utilitaire_camion,1,2,1,1,1
202200022562,2022-05-25 08:20:00,2022,5,25,8,20,94,94068,CRETEIL (BD DE),48.7981,2.488,Plein jour,En agglomération,Hors intersection,Normale,Sans collision,3,-1,1,0,1,1,1,6,1,30,1,1,0,0,0,1,13.0,,deux_roues,,1,2,1,1,7
202200022563,2022-06-01 07:10:00,2022,6,1,7,10,37,37188,Autoroute A10,47.0785880391,0.586373806,Plein jour,Hors agglomération,Hors intersection,Normale,Deux véhicules - arrière,1,3,2,0,1,1,1,0,1,130,2,2,1,0,0,1,43.0,39.0,voiture,utilitaire_camion,1,1,1,1,2
202200022564,2022-05-25 19:00:00,2022,5,25,19,0,94,94058,PIERRE BROSSOLETTE (AV),48.83507,2.50131,Plein jour,En agglomération,Intersection en X,Normale,Deux véhicules - côté,3,2,2,0,1,1,1,0,1,50,2,2,1,0,0,1,37.0,29.0,voiture,deux_roues,1,2,2,1,3
202200022565,2022-07-26 15:20:00,2022,7,26,15,20,41,41278,N10,47.661726,0.962261,Plein jour,Hors agglomération,Hors intersection,Normale,Deux véhicules - frontale,2,2,2,0,1,1,1,0,1,80,2,3,0,0,3,0,45.0,73.0,voiture,voiture,1,1,1,1,1
202200022566,2022-05-25 08:50:00,2022,5,25,8,50,94,94058,GENERAL DE GAULLE (AV DU),48.85008,2.49562,Plein jour,En agglomération,Hors intersection,Normale,Deux véhicules - côté,3,1,3,0,1,1,1,0,1,50,1,1,0,0,0,1,44.0,,deux_roues,,1,2,1,1,3
202200022567,2022-05-25 08:15:00,2022,5,25,8,15,94,94043,Avenue Charles Gide,48.80725,2.35464,Plein jour,En agglomération,Hors intersection,Normale,Deux véhicules - côté,3,2,4,1,1,1,1,0,5,50,2,2,1,0,0,1,43.0,24.0,deux_roues,voiture,1,2,1,1,3
202200022568,2022-07-26 04:30:00,2022,7,26,4,30,51,51413,D9,49.027665,4.038538,Nuit sans éclairage public,Hors agglomération,Hors intersection,Normale,Deux véhicules - frontale,3,2,2,0,2,4,1,2,1,80,2,2,0,1,0,1,47.0,47.0,voiture,utilitaire_camion,3,1,1,1,1
202200022569,2022-05-23 18:45:00,2022,5,23,18,45,94,94076,PRESIDENT ALLENDE (AV DU),48.8,2.35,Plein jour,En agglomération,Hors intersection,Normale,Deux véhicules - arrière,4,2,2,0,1,1,1,0,1,50,2,2,1,0,0,1,50.0,34.0,voiture,deux_roues,1,2,1,1,2
202200022570,2022-07-24 12:15:00,2022,7,24,12,15,59,59135,rue d'aire intersection meulen straete,50.7762873463,2.4790102243,Plein jour,Hors agglomération,Intersection en T,Normale,Sans collision,4,2,2,0,1,1,1,0,1,80,2,2,1,0,0,1,15.0,32.0,deux_roues,deux_roues,1,1,3,1,7
202200022571,2022-05-24 12:25:00,2022,5,24,12,25,94,94028,Avenue Bernard Halpern,48.7827,2.4589,Plein jour,En agglomération,Hors intersection,Normale,Autre collision,3,1,2,0,1,1,1,0,1,70,1,1,0,0,0,1,40.0,,voiture,,1,2,1,1,6
202200022572,2022-07-25 20:45:00,2022,7,25,20,45,74,74256,Route du Fayet,45.931657,6.634256,Crépuscule ou aube,En agglomération,Intersection en Y,Normale,Deux véhicules - côté,3,2,1,0,1,1,1,0,1,50,2,2,1,0,1,0,75.0,27.0,voiture,deux_roues,2,2,4,1,3
202200022573,2022-05-25 21:15:00,2022,5,25,21,15,94,94054,Avenue Molière,48.7485874782,2.4054853973,Crépuscule ou aube,En agglomération,Hors intersection,Normale,Autre collision,4,2,2,0,1,1,1,6,4,6,1,1,0,0,0,1,20.0,,deux_roues,,2,2,1,1,6
202200022574,2022-05-24 18:15:00,2022,5,24,18,15,94,94022,Boulevard de Stalingrad,48.77254,2.40027,Plein jour,En agglomération,Hors intersection,Pluie légère,Sans collision,3,3,4,0,2,1,2,0,1,50,1,1,0,0,0,1,55.0,,deux_roues,,1,2,1,2,7
202200022575,2022-07-26 14:05:00,2022,7,26,14,5,2B,2B123,1680 avenue du 9 septembre,42.0396846866,9.4226575807,Plein jour,En agglomération,Hors intersection,Normale,Deux véhicules - côté,2,2,2,0,2,1,1,0,1,50,2,2,1,0,0,1,86.0,33.0,voiture,deux_roues,1,2,1,1,3
202200022576,2022-05-25 08:30:00,2022,5,25,8,30,94,94004,Rue de Brévannes / Boulevard de la Gare,48.75013,2.50424,Plein jour,En agglomération,Intersection en T,Normale,Deux véhicules - frontale,4,2,2,0,1,1,1,0,1,30,2,2,1,0,0,1,34.0,36.0,deux_roues,voiture,1,2,3,1,1
202200022577,2022-07-26 05:45:00,2022,7,26,5,45,82,82135,Route de Villemur,43.882746,1.446065,Nuit sans éclairage public,Hors agglomération,Hors intersection,Normale,Deux véhicules - frontale,3,2,2,0,1,1,1,0,1,80,2,2,0,1,0,1,24.0,53.0,voiture,voiture,3,1,1,1,1
202200022578,2022-05-24 17:10:00,2022,5,24,17,10,94,94047,Rue de Verdun / Rue du 8 Mai 1945,48.70555,2.55295,Plein jour,En agglomération,Intersection en T,Normale,Sans collision,3,2,2,0,1,1,1,0,1,50,1,1,0,0,0,1,15.0,,deux_roues,,1,2,3,1,7
202200022579,2022-05-25 21:05:00,2022,5,25,21,5,93,93073,Route des Petits Ponts / Septieme Avenue,48.96428,2.56552,Plein jour,En agglomération,Intersection en T,Normale,Deux véhicules - côté,3,3,4,0,1,1,1,9,1,50,2,2,1,0,0,1,37.0,,voiture,voiture,1,2,3,1,3
202200022580,2022-07-25 11:30:00,2022,7,25,11,30,71,71300,RD 311 - intersection route du truchet,46.525697,5.321889,Plein jour,Hors agglomération,Intersection en X,Normale,Deux véhicules - côté,3,2,2,0,2,1,1,0,1,80,2,2,1,0,1,0,76.0,64.0,deux_roues,voiture,1,1,2,1,3
202200022581,2022-07-25 13:45:00,2022,7,25,13,45,63,63003,le barry blanc,45.538499341,3.7662479281,Plein jour,Hors agglomération,Hors intersection,Normale,Autre collision,3,2,2,0,2,1,1,0,3,80,1,1,0,0,1,0,64.0,,voiture,,1,1,1,1,6
202200022582,2022-05-23 17:25:00,2022,5,23,17,25,93,93078,Avenue Charles de Gaulle / Avenue du Général Leclerc,48.95603,2.55327,Plein jour,En agglomération,Intersection en T,Normale,Deux véhicules - côté,4,2,2,0,1,1,1,9,1,50,2,3,1,0,0,2,31.0,22.0,voiture,voiture,1,2,3,1,3
202200022583,2022-07-26 12:15:00,2022,7,26,12,15,46,46145,Route de Martel,44.901867,1.477918,Plein jour,Hors agglomération,Hors intersection,Normale,Deux véhicules - côté,3,2,2,0,2,3,1,0,1,80,2,3,2,0,0,1,18.0,65.0,voiture,voiture,1,1,1,1,3
202200022584,2022-05-24 15:30:00,2022,5,24,15,30,93,93078,Avenue Georges Clémenceau / Boulevard Robert Ballanger,48.9606269324,2.5563099235,Plein jour,En agglomération,Giratoire,Normale,Deux véhicules - arrière,3,3,4,0,1,3,1,0,1,50,2,2,1,0,0,1,36.0,36.0,voiture,utilitaire_camion,1,2,6,1,2
202200022585,2022-07-25 17:35:00,2022,7,25,17,35,44,44006,1 Route de Limarzel,47.444456,-2.443412,Plein jour,Hors agglomération,Hors intersection,Normale,Deux véhicules - frontale,4,2,2,0,2,1,1,0,1,50,2,2,1,0,1,0,30.0,57.0,voiture,deux_roues,1,1,1,1,1
202200022586,2022-05-24 15:20:00,2022,5,24,15,20,93,93072,Rue Robert Vignes / Rue Hennequin,48.9568699527,2.3792548478,Plein jour,En agglomération,Intersection en T,Normale,Deux véhicules - frontale,4,1,1,0,2,1,1,0,1,50,2,2,1,0,1,0,22.0,25.0,voiture,deux_roues,1,2,3,1,1
202200022587,2022-07-22 16:20:00,2022,7,22,16,20,29,29067,Hent Hanternoz,48.520527,-3.590498,Plein jour,En agglomération,Hors intersection,Normale,Sans collision,4,2,2,0,2,3,8,0,1,50,1,2,1,0,1,0,62.0,,deux_roues,,1,2,1,1,7
202200022588,2022-05-24 13:45:00,2022,5,24,13,45,93,93072,Avenue Aristide Briand,48.9621368505,2.3799213767,Plein jour,En agglomération,Hors intersection,Normale,Deux véhicules - côté,3,2,2,0,1,1,1,0,1,50,2,2,1,0,0,1,24.0,38.0,deux_roues,voiture,1,2,1,1,3
202200022589,2022-07-26 14:00:00,2022,7,26,14,0,29,29220,Kermaria,47.880715,-4.217398,Plein jour,Hors agglomération,Giratoire,Normale,Deux véhicules - côté,3,1,2,0,1,2,1,0,1,80,2,2,1,0,0,1,,67.0,voiture,deux_roues,1,1,6,1,3
202200022590,2022-05-24 21:28:00,2022,5,24,21,28,93,93070,Quai de Seine,48.91431,2.31783,Crépuscule ou aube,En agglomération,Hors intersection,Normale,Trois véhicules et plus - en chaîne,3,2,2,0,1,1,1,0,1,50,3,3,2,0,0,1,,27.0,utilitaire_camion,voiture,2,2,1,1,4
202200022591,2022-07-22 11:50:00,2022,7,22,11,50,02,02159,4 Route de Chauny,49.551011,3.25036,Plein jour,Hors agglomération,Intersection en T,Normale,Deux véhicules - frontale,3,2,1,0,1,1,1,0,1,80,2,2,1,0,0,1,20.0,18.0,utilitaire_camion,deux_roues,1,1,3,1,1
202200022592,2022-05-25 15:20:00,2022,5,25,15,20,93,93070,Rue Albert Dhalenne,48.9148873254,2.3317220807,Plein jour,En agglomération,Hors intersection,Normale,Deux véhicules - arrière,3,3,4,3,1,1,1,0,1,50,2,2,1,0,0,1,39.0,64.0,voiture,deux_roues,1,2,1,1,2
202200022593,2022-07-25 14:55:00,2022,7,25,14,55,72,72386,auvours,48.00942,0.305943,Plein jour,Hors agglomération,Giratoire,Normale,Sans collision,3,1,1,0,1,3,1,0,1,90,1,1,0,0,1,0,52.0,,utilitaire_camion,,1,1,6,1,7
202200022594,2022-05-25 13:30:00,2022,5,25,13,30,93,93055,Avenue du Général Leclerc,48.9007202094,2.4114668369,Plein jour,En agglomération,Hors intersection,Normale,Deux véhicules - côté,3,2,2,1,1,1,1,0,1,50,2,2,1,0,0,1,31.0,32.0,voiture,deux_roues,1,2,1,1,3
202200022595,2022-07-17 00:05:00,2022,7,17,0,5,06,06036,D2566,43.829557,7.477388,Nuit sans éclairage public,Hors agglomération,Hors intersection,Normale,Sans collision,3,2,2,0,2,4,1,0,1,80,1,1,0,0,1,0,35.0,,deux_roues,,3,1,1,1,7
202200022596,2022-07-26 07:00:00,2022,7,26,7,0,14,14316,D27,49.2653183925,-0.0407145917,Plein jour,Hors agglomération,Hors intersection,Normale,Autre collision,3,2,2,0,2,4,1,0,1,80,1,2,1,0,1,0,20.0,,utilitaire_camion,,1,1,1,1,6
202200022597,2022-05-24 09:10:00,2022,5,24,9,10,93,93055,Avenue du Général Leclerc,48.8991334212,2.4082401395,Plein jour,En agglomération,Hors intersection,Temps éblouissant,Deux véhicules - côté,3,2,2,1,1,1,1,9,5,30,2,2,1,0,0,1,31.0,12.0,utilitaire_camion,deux_roues,1,2,1,7,3
202200022598,2022-07-26 08:25:00,2022,7,26,8,25,50,50389,D58,49.007756,-1.366274,Plein jour,Hors agglomération,Hors intersection,Normale,Sans collision,3,2,2,0,1,1,1,0,3,80,1,1,0,0,1,0,63.0,,voiture,,1,1,1,1,7
202200022599,2022-05-25 17:50:00,2022,5,25,17,50,93,93048,Rue Jean Lolive,48.8678951921,2.4296666981,Plein jour,En agglomération,Hors intersection,Normale,Autre collision,4,2,2,3,1,1,1,6,4,10,1,2,1,0,0,1,,,deux_roues,,1,2,1,1,6
202200022600,2022-07-24 19:45:00,2022,7,24,19,45,45,45313,Villesevreux ,48.064219,1.794661,Plein jour,Hors agglomération,Hors intersection,Normale,Autre collision,4,2,2,0,1,1,1,0,3,80,1,1,0,0,1,0,52.0,,voiture,,1,1,1,1,6
202200022601,2022-04-28 16:10:00,2022,4,28,16,10,73,73300,D1201 Boulevard Jean Charcot,45.68972,5.895781,Plein jour,En agglomération,Hors intersection,Normale,Deux véhicules - arrière,3,3,2,0,1,1,1,0,1,50,2,2,1,0,1,0,23.0,76.0,deux_roues,voiture,1,2,1,1,2
202200022602,2022-07-26 10:05:00,2022,7,26,10,5,43,43174,Route de Tallobre,44.992294,3.830146,Plein jour,Hors agglomération,Hors intersection,Temps éblouissant,Deux véhicules - arrière,3,2,2,0,1,1,1,0,1,80,2,2,1,1,0,0,63.0,77.0,voiture,deux_roues,1,1,1,7,2
202200022603,2022-05-25 08:30:00,2022,5,25,8,30,93,93063,100 Rue de la République,48.8803645553,2.4364442378,Plein jour,En agglomération,Hors intersection,Normale,Trois véhicules et plus - en chaîne,4,2,2,0,1,1,1,0,1,30,4,4,3,0,0,1,27.0,43.0,voiture,voiture,1,2,1,1,4
202200022604,2022-07-25 08:55:00,2022,7,25,8,55,40,40034,D33,43.591284,-1.146811,Plein jour,Hors agglomération,Intersection en X,Normale,Deux véhicules - côté,3,4,2,0,1,1,1,5,1,80,2,2,0,0,1,1,71.0,77.0,utilitaire_camion,voiture,1,1,2,1,3
202200022605,2022-05-24 08:00:00,2022,5,24,8,0,93,93032,Impasse des Jonquilles,48.88688,2.54425,Plein jour,En agglomération,Autre intersection,Normale,Autre collision,4,2,2,0,1,1,1,0,1,30,1,2,1,0,0,1,46.0,,voiture,,1,2,9,1,6
202200022606,2022-05-25 17:00:00,2022,5,25,17,0,93,93029,Avenue Henri Barbusse,48.9170982989,2.4456502497,Plein jour,En agglomération,Hors intersection,Normale,Autre collision,3,2,2,0,1,1,1,0,1,50,1,3,2,0,0,1,61.0,,deux_roues,,1,2,1,1,6
202200022607,2022-07-26 09:50:00,2022,7,26,9,50,04,04116,RD 4,44.046151,6.019336,Plein jour,Hors agglomération,Intersection en T,Normale,Deux véhicules - arrière,3,2,2,0,1,1,1,0,1,80,2,2,1,0,1,0,46.0,57.0,deux_roues,voiture,1,1,3,1,2
202200022608,2022-05-24 11:00:00,2022,5,24,11,0,93,93029,Avenue Henri Barbusse,48.92094,2.45361,Plein jour,En agglomération,Hors intersection,Normale,Autre collision,3,2,2,0,1,1,1,0,1,50,1,2,1,0,0,1,44.0,,voiture,,1,2,1,1,6
202200022609,2022-07-24 16:30:00,2022,7,24,16,30,27,27290,D613,49.135059,0.793569,Plein jour,Hors agglomération,Intersection en X,Normale,Deux véhicules - côté,3,2,3,0,1,1,1,0,1,90,2,2,1,0,0,1,91.0,43.0,voiture,deux_roues,1,1,2,1,3
202200022610,2022-05-25 20:20:00,2022,5,25,20,20,93,93071,50 Avenue John Fitzgerald Kennedy,48.941318,2.512394,Plein jour,En agglomération,Hors intersection,Normale,Autre collision,3,2,2,0,1,1,1,9,1,35,1,2,0,0,1,1,34.0,,transport_commun,,1,2,1,1,6
202200022611,2022-05-24 15:55:00,2022,5,24,15,55,93,93001,Avenue de la République,48.9089384346,2.3868602514,Plein jour,En agglomération,Hors intersection,Normale,Deux véhicules - côté,3,1,4,3,1,1,1,0,6,50,2,2,1,0,0,1,20.0,38.0,deux_roues,voiture,1,2,1,1,3
202200022612,2022-07-24 15:00:00,2022,7,24,15,0,17,17337,Chemin de la Jousseliniere,45.9752,-1.320406,Plein jour,Hors agglomération,Hors intersection,Normale,Deux véhicules - frontale,4,2,2,0,1,3,1,0,1,80,2,5,1,0,4,0,54.0,20.0,voiture,voiture,1,1,1,1,1
202200022613,2022-07-26 10:45:00,2022,7,26,10,45,37,37241,1 Rue de la Pichonniére,47.4471819856,0.3186061978,Plein jour,En agglomération,Hors intersection,Normale,Autre collision,3,2,2,0,1,1,1,0,1,50,1,1,0,1,0,0,87.0,,voiture,,1,2,1,1,6
202200022614,2022-05-24 07:45:00,2022,5,24,7,45,93,93001,Avenue Victor Hugo / Entrepôts et Mag Généraux,48.902541,2.370923,Plein jour,En agglomération,Intersection en X,Normale,Deux véhicules - côté,3,2,4,0,1,1,1,5,1,50,2,2,1,0,0,1,51.0,22.0,voiture,deux_roues,1,2,2,1,3
202200022615,2022-07-24 09:00:00,2022,7,24,9,0,30,30062,Route Départementale 107,43.802664,4.155278,Plein jour,Hors agglomération,Hors intersection,Temps éblouissant,Sans collision,3,2,2,0,1,1,1,0,1,90,1,1,0,1,0,0,74.0,,deux_roues,,1,1,1,7,7
202200022616,2022-07-26 02:00:00,2022,7,26,2,0,13,13050,Route de Charleval,43.663331,5.262001,Nuit sans éclairage public,Hors agglomération,Hors intersection,Normale,Sans collision,3,2,2,0,2,3,1,0,3,80,1,1,0,0,0,1,43.0,,voiture,,3,1,1,1,7
202200022617,2022-05-24 16:30:00,2022,5,24,16,30,92,92078,GALLIENI (BD) (1 A 79 ET 22 A 102),48.927756,2.330865,Plein jour,En agglomération,Hors intersection,Normale,Deux véhicules - arrière,3,3,2,0,1,1,1,9,1,50,2,2,1,0,0,1,22.0,22.0,deux_roues,voiture,1,2,1,1,2
202200022618,2022-05-08 12:00:00,2022,5,8,12,0,92,92078,VERDUN (AVENUE) (PAIRS 2 A 38),48.935677548,2.335570246,Plein jour,En agglomération,Hors intersection,Normale,Autre collision,3,-1,0,0,1,1,1,0,6,30,1,2,1,0,0,1,32.0,,transport_commun,,1,2,1,1,6
202200022619,2022-07-24 19:32:00,2022,7,24,19,32,13,13091,75 Avenue Camille Pelletan,43.619538,5.303548,Plein jour,En agglomération,Intersection en X,Normale,Deux véhicules - frontale,3,2,2,0,1,1,1,0,1,50,2,2,1,0,1,0,32.0,59.0,voiture,deux_roues,1,2,2,1,1
202200022620,2022-05-23 12:25:00,2022,5,23,12,25,92,92072,TROYON (RUE),48.8256928573,2.2274005115,Plein jour,En agglomération,Hors intersection,Pluie forte,Deux véhicules - côté,3,3,4,0,1,1,3,0,1,50,2,2,1,0,0,1,32.0,45.0,voiture,deux_roues,1,2,1,3,3
202200022621,2022-07-24 10:40:00,2022,7,24,10,40,38,38212,RD 1091,45.114481,5.959868,Plein jour,Hors agglomération,Hors intersection,Normale,Sans collision,3,2,2,1,1,1,1,0,5,50,1,1,0,0,1,0,48.0,,deux_roues,,1,1,1,1,7
202200022622,2022-05-24 18:50:00,2022,5,24,18,50,92,92064,GOUNOD,48.8429205858,2.2127712071,Plein jour,En agglomération,Hors intersection,Normale,Deux véhicules - côté,3,2,2,0,1,1,1,0,1,50,2,2,1,0,0,1,63.0,32.0,deux_roues,deux_roues,1,2,1,1,3
202200022623,2022-05-25 18:50:00,2022,5,25,18,50,92,92063,COLMAR (AVENUE DE),48.8871176216,2.1812112629,Plein jour,En agglomération,Hors intersection,Normale,Deux véhicules - côté,4,1,0,0,1,1,1,0,1,30,2,2,1,0,0,1,16.0,31.0,deux_roues,voiture,1,2,1,1,3
202200022624,2022-07-22 20:15:00,2022,7,22,20,15,22,22044,RN12 ,48.476086,-2.583096,Plein jour,Hors agglomération,Hors intersection,Temps éblouissant,Trois véhicules et plus - collisions multiples,2,3,4,0,1,1,1,0,1,110,3,4,3,0,1,0,37.0,36.0,voiture,voiture,1,1,1,7,5
202200022625,2022-05-24 17:05:00,2022,5,24,17,5,92,92049,BROSSOLETTE AVENUE PIERRE,48.8167590417,2.3066318929,Plein jour,En agglomération,Hors intersection,Normale,Deux véhicules - côté,3,2,2,1,1,1,1,0,1,50,2,2,1,0,0,1,56.0,29.0,utilitaire_camion,deux_roues,1,2,1,1,3
202200022626,2022-07-23 08:08:00,2022,7,23,8,8,27,27517,A13 PK 77+900,49.10733,1.342424,Plein jour,Hors agglomération,Hors intersection,Normale,Trois véhicules et plus - collisions multiples,1,2,3,0,1,1,1,0,1,130,4,11,7,0,2,2,62.0,35.0,voiture,voiture,1,1,1,1,5
202200022627,2022-05-23 17:05:00,2022,5,23,17,5,92,92049,BROSSOLETTE AVENUE PIERRE,48.819837704,2.3107769787,Plein jour,En agglomération,Intersection en X,Normale,Deux véhicules - côté,3,2,4,1,1,1,1,0,1,50,2,2,1,0,0,1,29.0,42.0,voiture,deux_roues,1,2,2,1,3
202200022628,2022-05-25 17:14:00,2022,5,25,17,14,92,92040,GALLIENI (BOULEVARD),48.8242518248,2.2678522467,Plein jour,En agglomération,Hors intersection,Normale,Autre collision,3,2,1,0,1,1,1,0,1,50,1,2,1,0,0,1,83.0,,deux_roues,,1,2,1,1,6
202200022629,2022-07-24 15:30:00,2022,7,24,15,30,11,11202,,42.932799,3.006091,Plein jour,Hors agglomération,Autre intersection,Normale,Deux véhicules - côté,3,2,2,0,1,1,1,0,1,80,2,5,3,0,1,1,48.0,48.0,deux_roues,voiture,1,1,9,1,3
202200022630,2022-05-23 00:00:00,2022,5,23,0,0,978,97801,route de Bellevue,18.057416,-63.08547,Nuit avec éclairage allumé,Hors agglomération,Hors intersection,Normale,Deux véhicules - côté,2,2,2,0,1,1,1,0,1,70,2,2,0,1,1,0,38.0,37.0,deux_roues,deux_roues,5,1,1,1,3
202200022631,2022-05-25 18:35:00,2022,5,25,18,35,92,92025,STALINGRAD (AV DE),48.9334610206,2.264398165,Plein jour,En agglomération,Intersection en T,Normale,Deux véhicules - côté,3,2,4,1,1,1,1,5,1,30,2,2,1,0,0,1,30.0,,deux_roues,deux_roues,1,2,3,1,3
202200022632,2022-07-25 22:50:00,2022,7,25,22,50,29,29233,Lieu Dit Faudelias,47.836162,-3.581441,Nuit sans éclairage public,Hors agglomération,Hors intersection,Normale,Autre collision,3,2,2,0,1,3,1,9,8,80,1,1,0,0,1,0,23.0,,voiture,,3,1,1,1,6
202200022633,2022-05-25 18:05:00,2022,5,25,18,5,92,92025,CHARLES DE GAULLE (BD),48.915632,2.227784,Plein jour,En agglomération,Hors intersection,Normale,Deux véhicules - côté,3,3,4,1,1,1,1,0,1,50,2,2,1,0,0,1,70.0,30.0,deux_roues,voiture,1,2,1,1,3
202200022634,2022-07-25 10:30:00,2022,7,25,10,30,37,37100,18 Rue Saint Vincent,47.2806956447,1.1094528437,Plein jour,En agglomération,Hors intersection,Normale,Deux véhicules - arrière,3,2,2,0,1,1,1,0,1,30,2,2,1,0,1,0,72.0,23.0,deux_roues,voiture,1,2,1,1,2
202200022635,2022-05-25 08:40:00,2022,5,25,8,40,92,92025,CHARLES DE GAULLE (BD),48.9146226344,2.2290211022,Plein jour,En agglomération,Intersection en X,Normale,Deux véhicules - côté,3,2,4,0,1,1,1,5,1,30,2,2,1,0,0,1,42.0,42.0,voiture,deux_roues,1,2,2,1,3
202200022636,2022-07-25 19:20:00,2022,7,25,19,20,91,91175,RD5 PK 005+600,48.490345,1.957068,Plein jour,Hors agglomération,Hors intersection,Normale,Sans collision,3,2,2,0,1,2,1,0,1,80,1,1,0,1,0,0,27.0,,voiture,,1,1,1,1,7
202200022637,2022-07-26 05:00:00,2022,7,26,5,0,2B,2B042,RT 11,42.552634,9.460875,Crépuscule ou aube,Hors agglomération,Hors intersection,Normale,Deux véhicules - arrière,2,2,2,3,1,1,1,0,1,110,2,2,1,0,0,1,44.0,33.0,utilitaire_camion,voiture,2,1,1,1,2
202200022638,2022-05-25 07:10:00,2022,5,25,7,10,92,92025,VALMY (BD DE),48.930621,2.25515,Plein jour,En agglomération,Hors intersection,Normale,Deux véhicules - arrière,3,-1,2,0,1,1,1,0,1,30,2,2,1,0,0,1,47.0,37.0,deux_roues,voiture,1,2,1,1,2
202200022639,2022-05-24 17:40:00,2022,5,24,17,40,92,92024,HENRI BARBUSSE (RUE) DE (73 A 139),48.8997108156,2.3055347353,Plein jour,En agglomération,Hors intersection,Normale,Autre collision,3,2,2,0,1,1,1,0,1,50,1,2,1,0,0,1,38.0,,deux_roues,,1,2,1,1,6
202200022640,2022-07-26 14:36:00,2022,7,26,14,36,2A,2A247,D859,41.566913,9.254758,Plein jour,Hors agglomération,Hors intersection,Normale,Deux véhicules - frontale,3,2,2,0,1,1,1,0,1,80,2,3,0,0,1,2,34.0,54.0,voiture,voiture,1,1,1,1,1
202200022641,2022-05-25 15:00:00,2022,5,25,15,0,92,92012,ISSY (RUE D'),48.8293420487,2.2441483587,Plein jour,En agglomération,Intersection en X,Normale,Deux véhicules - côté,4,1,1,0,1,1,1,0,1,50,2,2,1,0,0,1,11.0,,autre,voiture,1,2,2,1,3
202200022642,2022-07-26 11:15:00,2022,7,26,11,15,66,66008,,42.53567,3.047864,Plein jour,Hors agglomération,Intersection en T,Normale,Deux véhicules - côté,3,2,2,1,1,1,1,0,1,50,2,2,1,0,1,0,64.0,36.0,deux_roues,voiture,1,1,3,1,3
202200022643,2022-07-26 11:45:00,2022,7,26,11,45,34,34023,Rue des Etourneaux,43.4486486328,3.6857344071,Plein jour,En agglomération,Hors intersection,Normale,Autre collision,4,-1,2,0,2,3,1,0,4,50,1,2,1,0,1,0,46.0,,voiture,,1,2,1,1,6
202200022644,2022-05-23 22:30:00,2022,5,23,22,30,92,92012,GALLIENI (RUE) 142/FIN,48.83617,2.23663,Nuit avec éclairage allumé,En agglomération,Intersection en X,Pluie forte,Deux véhicules - côté,4,3,2,0,1,1,2,0,1,50,2,2,1,0,0,1,31.0,25.0,deux_roues,voiture,5,2,2,3,3
202200022645,2022-07-25 17:20:00,2022,7,25,17,20,21,21297,D25h,47.181735,4.995046,Plein jour,Hors agglomération,Hors intersection,Normale,Autre collision,3,2,2,0,1,4,1,0,1,80,2,2,1,0,1,0,31.0,15.0,voiture,deux_roues,1,1,1,1,6
202200022646,2022-05-23 17:15:00,2022,5,23,17,15,92,92004,DOCTEUR FLEMING ( AVNUE DU ),48.9318453606,2.2820072025,Plein jour,En agglomération,Hors intersection,Normale,Autre collision,4,1,0,0,1,1,1,0,4,50,1,2,0,0,0,2,25.0,,deux_roues,,1,2,1,1,6
202200022647,2022-07-26 09:25:00,2022,7,26,9,25,74,74003,D16,45.891629,6.250995,Plein jour,Hors agglomération,Giratoire,Normale,Deux véhicules - arrière,3,1,1,0,1,2,1,5,1,80,2,2,1,0,1,0,66.0,75.0,deux_roues,voiture,1,1,6,1,2
202200022648,2022-05-24 15:10:00,2022,5,24,15,10,92,92014,MARECHAL JOFFRE (BD DU) (43 A 97 - 58 A,48.7784740727,2.3133801967,Plein jour,En agglomération,Hors intersection,Temps éblouissant,Autre collision,3,1,2,0,1,1,1,0,4,50,1,2,0,0,0,2,40.0,,voiture,,1,2,1,7,6
202200022649,2022-07-26 14:00:00,2022,7,26,14,0,26,26088,64 Rue du Vercors,45.02954,5.07606,Plein jour,En agglomération,Intersection en T,Normale,Deux véhicules - arrière,3,2,2,0,1,1,1,0,1,50,2,3,2,0,1,0,52.0,15.0,voiture,deux_roues,1,2,3,1,2
202200022650,2022-05-25 15:45:00,2022,5,25,15,45,27,27213,D117,49.205051,1.508474,Plein jour,Hors agglomération,Intersection en X,Normale,Deux véhicules - côté,3,2,2,0,1,1,1,0,1,80,2,7,2,0,0,5,21.0,37.0,voiture,voiture,1,1,2,1,3
202200022651,2022-07-25 21:49:00,2022,7,25,21,49,07,07341,Rn 102,44.563628,4.488886,Nuit sans éclairage public,Hors agglomération,Hors intersection,Normale,Autre collision,2,2,2,0,1,3,1,0,3,80,1,1,0,0,1,0,33.0,,deux_roues,,3,1,1,1,6