accident_id,datetime,annee,mois,jour,heure,minute,departement,commune_insee,adresse,latitude,longitude,luminosite,agglomeration,intersection,meteo,collision,catr,circ,nbv,vosp,prof,plan,surf,infra,situ,vma,nb_vehicules,nb_usagers,nb_indemnes,nb_tues,nb_blesses_hosp,nb_blesses_legers,age_cond_1,age_cond_2,veh_type_cond_1,veh_type_cond_2,lum_code,agg_code,int_code,atm_code,col_code
202200022652,2022-07-25 15:35:00,2022,7,25,15,35,69,69072,35 Avenue de Verdun,45.813184,4.7509,Plein jour,Hors agglomération,Hors intersection,Normale,Autre collision,4,2,2,0,1,1,1,0,1,30,1,1,0,0,1,0,23.0,,deux_roues,,1,1,1,1,6
202200022653,2022-05-26 16:30:00,2022,5,26,16,30,27,27410,n13,49.01347,1.262001,Plein jour,Hors agglomération,Hors intersection,Normale,Autre collision,2,2,2,0,1,1,1,0,3,80,1,2,1,0,0,1,32.0,,voiture,,1,1,1,1,6
202200022654,2022-05-24 12:20:00,2022,5,24,12,20,60,60107,Route du Marais,49.349101,2.435639,Plein jour,Hors agglomération,Intersection en X,Normale,Deux véhicules - arrière,3,2,2,0,2,1,1,0,1,80,2,2,1,0,0,1,34.0,35.0,deux_roues,voiture,1,1,2,1,2
202200022655,2022-07-26 13:30:00,2022,7,26,13,30,65,65123,Quartier Gripp,42.93654,0.208992,Plein jour,Hors agglomération,Hors intersection,Pluie légère,Sans collision,3,2,2,0,2,3,2,0,8,80,1,2,0,0,1,1,49.0,,deux_roues,,1,1,1,2,7
202200022656,2022-05-26 16:10:00,2022,5,26,16,10,59,59449,D549,50.469555,3.226539,Plein jour,Hors agglomération,Hors intersection,Normale,Deux véhicules - côté,3,2,2,0,1,3,1,0,1,50,2,2,1,0,1,0,61.0,40.0,deux_roues,voiture,1,1,1,1,3
202200022657,2022-07-26 12:45:00,2022,7,26,12,45,14,14679,D192,49.23902,-0.74823,Plein jour,Hors agglomération,Intersection en T,Normale,Deux véhicules - côté,3,3,1,0,1,3,1,0,1,90,2,2,1,0,1,0,19.0,51.0,voiture,deux_roues,1,1,3,1,3
202200022658,2022-05-24 16:40:00,2022,5,24,16,40,83,83090,A50,43.12591,5.87945,Plein jour,Hors agglomération,Hors intersection,Normale,Deux véhicules - côté,1,3,8,0,1,1,1,0,1,90,2,2,1,0,0,1,50.0,78.0,voiture,deux_roues,1,1,1,1,3
202200022659,2022-07-26 09:55:00,2022,7,26,9,55,29,29124,5 rue de la libération,48.572575,-4.317734,Plein jour,En agglomération,Hors intersection,Normale,Autre collision,4,2,2,0,2,1,1,0,1,30,1,2,1,1,0,0,73.0,,voiture,,1,2,1,1,6
202200022660,2022-05-30 16:30:00,2022,5,30,16,30,29,29046,Route de Quimper,48.078882,-4.322219,Plein jour,En agglomération,Intersection en T,Normale,Trois véhicules et plus - collisions multiples,3,2,2,0,2,1,1,5,1,50,3,3,2,0,1,0,74.0,54.0,voiture,utilitaire_camion,1,2,3,1,5
202200022661,2022-07-25 12:00:00,2022,7,25,12,0,80,80185,Grande Rue,49.692241,2.851569,Plein jour,En agglomération,Intersection en Y,Normale,Deux véhicules - frontale,3,2,2,0,1,3,1,0,1,-1,2,2,1,0,1,0,32.0,62.0,utilitaire_camion,voiture,1,2,4,1,1
202200022662,2022-05-21 01:45:00,2022,5,21,1,45,57,57343,Autoroute A31,49.32063,6.18317,Nuit sans éclairage public,Hors agglomération,Hors intersection,Normale,Deux véhicules - arrière,1,1,5,0,2,1,1,0,1,110,2,2,1,0,1,0,45.0,48.0,voiture,voiture,3,1,1,1,2
202200022663,2022-07-25 15:00:00,2022,7,25,15,0,13,13070,Sens Marseille vers Aubagne,43.28567,5.51265,Plein jour,Hors agglomération,Hors intersection,Normale,Deux véhicules - frontale,1,1,3,0,1,1,1,0,1,90,1,3,0,0,0,3,36.0,,voiture,,1,1,1,1,1
202200022664,2022-05-25 22:00:00,2022,5,25,22,0,33,33192,ROCADE A 630,44.79003,-0.60812,Nuit sans éclairage public,Hors agglomération,Hors intersection,Normale,Deux véhicules - arrière,1,3,6,0,1,1,1,0,1,90,2,2,1,0,0,1,35.0,,voiture,utilitaire_camion,3,1,1,1,2
202200022665,2022-07-25 09:06:00,2022,7,25,9,6,83,83144,A57,43.13561,5.99158,Plein jour,Hors agglomération,Hors intersection,Normale,Deux véhicules - arrière,1,-1,2,0,1,1,1,9,1,70,2,2,1,0,0,1,26.0,38.0,deux_roues,utilitaire_camion,1,1,1,1,2
202200022666,2022-05-25 14:00:00,2022,5,25,14,0,33,33013,ROUTE NATIONALE 230,44.843865,-0.501222,Plein jour,Hors agglomération,Hors intersection,Normale,Deux véhicules - arrière,2,1,1,0,2,1,1,3,1,90,2,2,1,0,1,0,66.0,31.0,voiture,deux_roues,1,1,1,1,2
202200022667,2022-05-24 14:50:00,2022,5,24,14,50,33,33003,AUTOROUTE A 10,44.92779,-0.47107,Plein jour,Hors agglomération,Hors intersection,Normale,Deux véhicules - arrière,1,3,6,0,1,1,1,0,1,110,2,2,0,0,0,2,27.0,49.0,voiture,voiture,1,1,1,1,2
202200022668,2022-07-21 09:30:00,2022,7,21,9,30,54,54462,Autoroute A 33,48.60397,6.3577,Plein jour,Hors agglomération,Hors intersection,Normale,Trois véhicules et plus - en chaîne,1,3,4,0,1,1,1,0,1,110,3,4,3,0,1,0,50.0,22.0,utilitaire_camion,voiture,1,1,1,1,4
202200022669,2022-05-23 15:54:00,2022,5,23,15,54,33,33013,,44.854319,-0.505146,Plein jour,Hors agglomération,Hors intersection,Normale,Trois véhicules et plus - en chaîne,2,3,6,0,1,1,1,3,1,90,3,5,4,0,0,1,29.0,28.0,voiture,voiture,1,1,1,1,4
202200022670,2022-07-24 23:20:00,2022,7,24,23,20,94,94043,AUTOROUTE A6B,48.8062620369,2.3459029848,Nuit avec éclairage allumé,Hors agglomération,Hors intersection,Normale,Trois véhicules et plus - en chaîne,1,3,2,0,1,1,1,1,1,70,4,7,4,0,0,3,35.0,26.0,voiture,voiture,5,1,1,1,4
202200022671,2022-07-25 19:00:00,2022,7,25,19,0,92,92036,A86,48.9352904563,2.2839322475,Plein jour,Hors agglomération,Hors intersection,Normale,Deux véhicules - arrière,1,1,4,0,1,1,1,0,1,90,2,2,1,0,0,1,36.0,61.0,deux_roues,voiture,1,1,1,1,2
202200022672,2022-05-25 21:13:00,2022,5,25,21,13,91,91064,RN 118,48.74893,2.21468,Crépuscule ou aube,Hors agglomération,Hors intersection,Normale,Deux véhicules - côté,2,1,2,0,1,1,1,0,1,90,2,6,4,0,0,2,51.0,41.0,voiture,voiture,2,1,1,1,3
202200022673,2022-07-25 19:05:00,2022,7,25,19,5,78,78158,A13,48.84013,2.11102,Plein jour,Hors agglomération,Hors intersection,Normale,Deux véhicules - côté,1,1,3,0,1,1,1,0,1,110,2,2,1,0,0,1,24.0,51.0,voiture,voiture,1,1,1,1,3
202200022674,2022-05-25 19:23:00,2022,5,25,19,23,91,91553,RN 104,48.62533,2.47258,Plein jour,Hors agglomération,Hors intersection,Normale,Deux véhicules - arrière,2,1,4,0,2,1,1,0,1,110,2,2,1,0,0,1,21.0,64.0,utilitaire_camion,utilitaire_camion,1,1,1,1,2
202200022675,2022-07-24 23:40:00,2022,7,24,23,40,95,95028,RN 104,49.0636410084,2.3328459263,Nuit sans éclairage public,Hors agglomération,Hors intersection,Normale,Autre collision,2,-1,4,0,2,2,1,0,1,90,1,1,0,0,0,1,33.0,,deux_roues,,3,1,1,1,6
202200022676,2022-05-25 17:55:00,2022,5,25,17,55,94,94034,AUTOROUTE A86,48.7558231545,2.3383867154,Plein jour,Hors agglomération,Hors intersection,Normale,Autre collision,1,3,8,0,1,1,1,0,1,90,1,1,0,0,0,1,31.0,,deux_roues,,1,1,1,1,6
202200022677,2022-07-25 13:40:00,2022,7,25,13,40,77,77294,A104,48.97323,2.59028,Plein jour,Hors agglomération,Hors intersection,Normale,Autre collision,1,3,6,0,1,1,1,0,1,90,3,3,2,0,0,1,41.0,46.0,utilitaire_camion,voiture,1,1,1,1,6
202200022678,2022-05-25 19:10:00,2022,5,25,19,10,91,91340,RN 104,48.60994,2.44262,Plein jour,Hors agglomération,Hors intersection,Normale,Deux véhicules - côté,2,1,3,0,1,1,1,0,1,90,2,2,1,0,0,1,52.0,41.0,voiture,deux_roues,1,1,1,1,3
202200022679,2022-07-23 23:03:00,2022,7,23,23,3,31,31555,CHAPITRE (CHE DU) DU 27AU 83,43.558734,1.410346,Nuit avec éclairage allumé,En agglomération,Hors intersection,Normale,Autre collision,4,2,2,0,1,1,1,0,1,50,2,3,1,0,1,0,,23.0,voiture,utilitaire_camion,5,2,1,1,6
202200022680,2022-05-25 07:40:00,2022,5,25,7,40,94,94076,AUTOROUTE A6B,48.785431959,2.3457308279,Plein jour,Hors agglomération,Hors intersection,Normale,Trois véhicules et plus - collisions multiples,1,3,6,0,1,1,1,0,2,90,3,4,2,0,0,2,,68.0,voiture,voiture,1,1,1,1,5
202200022681,2022-03-04 11:58:00,2022,3,4,11,58,14,14726,D105,48.922911,-0.752662,Plein jour,Hors agglomération,Hors intersection,Normale,Autre collision,3,2,2,0,1,1,1,0,8,80,1,1,0,0,0,1,71.0,,voiture,,1,1,1,1,6
202200022682,2022-05-25 15:30:00,2022,5,25,15,30,78,78466,A13,48.927706,1.99168,Plein jour,Hors agglomération,Hors intersection,Normale,Deux véhicules - côté,1,1,3,0,1,1,1,0,1,130,2,2,1,0,0,1,61.0,47.0,voiture,deux_roues,1,1,1,1,3
202200022683,2022-07-24 15:00:00,2022,7,24,15,0,974,97411,LITTORAL (ROUTE 1 DU),-20.87568,55.43249,Plein jour,Hors agglomération,Intersection en Y,Normale,Sans collision,2,1,2,0,2,3,1,3,1,70,1,1,0,0,0,1,90.0,,voiture,,1,1,4,1,7
202200022684,2022-05-25 12:25:00,2022,5,25,12,25,92,92050,A86,48.8954657962,2.1940928399,Plein jour,Hors agglomération,Hors intersection,Normale,Sans collision,1,1,3,0,1,1,1,1,1,70,1,1,0,0,0,1,54.0,,deux_roues,,1,1,1,1,7
202200022685,2022-07-24 15:40:00,2022,7,24,15,40,973,97302,,4.9327881559,-52.333702594,Plein jour,En agglomération,Intersection en X,Normale,Deux véhicules - frontale,4,2,2,0,1,1,1,0,1,50,2,2,1,0,0,1,50.0,30.0,voiture,deux_roues,1,2,2,1,1
202200022686,2022-05-25 11:30:00,2022,5,25,11,30,78,78640,RN12 INT,48.781258,2.170511,Plein jour,Hors agglomération,Hors intersection,Normale,Trois véhicules et plus - en chaîne,2,-1,3,0,1,1,1,0,1,110,3,3,2,0,0,1,41.0,71.0,deux_roues,voiture,1,1,1,1,4
202200022687,2022-07-23 13:19:00,2022,7,23,13,19,973,97302,,4.906,-52.32151,Plein jour,Hors agglomération,Hors intersection,Normale,Sans collision,3,2,2,0,1,1,1,0,1,70,2,3,2,0,0,1,39.0,33.0,deux_roues,voiture,1,1,1,1,7
202200022688,2022-07-24 10:45:00,2022,7,24,10,45,69,69386,Place Jules Ferry,45.7679416089,4.8589505239,Plein jour,En agglomération,Hors intersection,Normale,Deux véhicules - côté,4,1,1,0,1,1,1,0,1,50,2,2,1,0,0,1,58.0,20.0,voiture,deux_roues,1,2,1,1,3
202200022689,2022-05-24 16:20:00,2022,5,24,16,20,78,78133,A13,48.89271,2.00863,Plein jour,Hors agglomération,Hors intersection,Normale,Trois véhicules et plus - en chaîne,1,3,2,0,1,1,1,0,1,110,5,7,6,0,0,1,48.0,29.0,voiture,voiture,1,1,1,1,4
202200022690,2022-07-24 06:45:00,2022,7,24,6,45,972,97213,ROUTE NATIONALE 5,14.59534,-60.98605,Plein jour,En agglomération,Hors intersection,Normale,Deux véhicules - arrière,2,2,6,0,1,1,1,0,1,90,2,2,1,0,0,1,27.0,33.0,voiture,deux_roues,1,2,1,1,2
202200022691,2022-05-24 08:35:00,2022,5,24,8,35,92,92050,A86,48.9153626913,2.220438594,Plein jour,Hors agglomération,Hors intersection,Normale,Deux véhicules - côté,1,-1,3,0,1,1,1,0,1,90,2,2,1,0,0,1,21.0,47.0,deux_roues,voiture,1,1,1,1,3
202200022692,2022-07-24 08:00:00,2022,7,24,8,0,69,69381,Rue Constantine,45.7670351971,4.8321191944,Plein jour,En agglomération,Hors intersection,Normale,Deux véhicules - côté,4,1,1,2,1,1,1,9,1,30,2,2,1,0,0,1,24.0,38.0,voiture,utilitaire_camion,1,2,1,1,3
202200022693,2022-05-25 17:00:00,2022,5,25,17,0,95,95277,RD 170 ,48.97714,2.47549,Plein jour,Hors agglomération,Hors intersection,Normale,Autre collision,3,3,4,0,1,1,1,0,1,90,1,1,0,0,0,1,22.0,,utilitaire_camion,,1,1,1,1,6
202200022694,2022-05-25 14:30:00,2022,5,25,14,30,95,95604,A1,49.10546,2.55131,Plein jour,Hors agglomération,Hors intersection,Normale,Deux véhicules - côté,1,3,6,0,1,1,1,0,1,130,2,2,1,0,0,1,35.0,35.0,deux_roues,voiture,1,1,1,1,3
202200022695,2022-07-23 13:00:00,2022,7,23,13,0,971,97101,ROUTE DE BOISVINS,16.26669,-61.48547,Plein jour,Hors agglomération,Hors intersection,Normale,Trois véhicules et plus - collisions multiples,3,-1,2,0,2,1,1,0,1,70,3,3,1,0,0,2,67.0,20.0,voiture,voiture,1,1,1,1,5
202200022696,2022-05-25 11:30:00,2022,5,25,11,30,77,77122,RN104,48.652256,2.613466,Plein jour,Hors agglomération,Hors intersection,Normale,Autre collision,2,-1,1,0,2,3,8,3,1,70,1,1,0,0,0,1,56.0,,deux_roues,,1,1,1,1,6
202200022697,2022-07-19 09:30:00,2022,7,19,9,30,83,83118,AVENUE DU COLONEL BROOKE,43.4504109482,6.7799592018,Plein jour,En agglomération,Hors intersection,Normale,Deux véhicules - côté,4,2,2,0,1,1,1,0,1,50,2,2,1,0,1,0,50.0,44.0,deux_roues,voiture,1,2,1,1,3
202200022698,2022-05-25 08:15:00,2022,5,25,8,15,77,77363,A104,48.92352,2.62995,Plein jour,Hors agglomération,Hors intersection,Normale,Autre collision,1,-1,2,0,1,1,1,0,1,90,2,2,1,0,0,1,23.0,31.0,utilitaire_camion,deux_roues,1,1,1,1,6
202200022699,2022-07-24 01:00:00,2022,7,24,1,0,81,81060,RODEZ  (AVENUE DE),44.05705,2.17492,Nuit avec éclairage allumé,Hors agglomération,Autre intersection,Normale,Autre collision,3,2,3,0,2,2,1,0,3,70,1,2,0,1,1,0,32.0,,voiture,,5,1,9,1,6
202200022700,2022-04-26 16:15:00,2022,4,26,16,15,976,97611,doujani-Carrière ( rue de la ),-12.79368,45.20962,Plein jour,En agglomération,Hors intersection,Normale,Autre collision,4,2,2,0,1,1,1,0,1,50,1,2,1,1,0,0,55.0,,voiture,,1,2,1,1,6
202200022701,2022-07-24 13:50:00,2022,7,24,13,50,81,81244,JAURES ( AVENUE JEAN ),44.05209,2.12907,Plein jour,En agglomération,Intersection en X,Normale,Autre collision,4,2,2,0,3,1,1,0,1,50,1,1,0,0,0,1,49.0,,deux_roues,,1,2,2,1,6
202200022702,2022-03-24 15:15:00,2022,3,24,15,15,37,37232,Rue de la Flanière,47.289436,0.328855,Plein jour,Hors agglomération,Hors intersection,Normale,Autre collision,3,2,2,0,1,1,1,0,3,80,1,4,2,0,1,1,37.0,,voiture,,1,1,1,1,6
202200022703,2022-04-15 19:20:00,2022,4,15,19,20,67,67046,68 Rue du Général Rampont,48.770185,7.852494,Plein jour,En agglomération,Hors intersection,Normale,Autre collision,3,2,1,1,1,1,1,0,4,50,1,4,3,0,0,1,19.0,,voiture,,1,2,1,1,6
202200022704,2022-07-23 21:50:00,2022,7,23,21,50,77,77186,ARMES (PLACE D'),48.40356,2.70152,Plein jour,En agglomération,Hors intersection,Normale,Autre collision,4,2,1,0,2,2,1,0,1,50,2,2,1,0,0,1,19.0,41.0,voiture,deux_roues,1,2,1,1,6
202200022705,2022-04-26 15:05:00,2022,4,26,15,5,74,74042,Avenue des Glières,46.074057,6.402562,Plein jour,En agglomération,Giratoire,Normale,Deux véhicules - côté,3,2,2,0,1,1,1,5,1,50,2,2,1,0,1,0,50.0,84.0,deux_roues,voiture,1,2,6,1,3
202200022706,2022-07-24 18:00:00,2022,7,24,18,0,69,69266,Rue Dedieu,45.76964,4.8711,Plein jour,En agglomération,Intersection en X,Normale,Deux véhicules - côté,4,1,1,2,1,1,1,0,1,30,2,3,2,0,0,1,20.0,54.0,voiture,voiture,1,2,2,1,3
202200022707,2022-04-25 07:45:00,2022,4,25,7,45,83,83017,Route Départementale 554,43.242057,6.002789,Plein jour,En agglomération,Hors intersection,Normale,Deux véhicules - frontale,3,2,2,0,1,1,1,0,1,50,2,2,1,0,1,0,17.0,47.0,deux_roues,voiture,1,2,1,1,1
202200022708,2022-07-24 18:40:00,2022,7,24,18,40,69,69256,24 Rue de la République,45.78667,4.92168,Plein jour,En agglomération,Hors intersection,Normale,Deux véhicules - côté,4,2,2,0,1,1,1,0,1,50,2,2,1,0,0,1,32.0,27.0,voiture,voiture,1,2,1,1,3
202200022709,2022-04-24 20:14:00,2022,4,24,20,14,31,31157,Avenue du Général Barès,43.541991,1.35434,Plein jour,En agglomération,Intersection en T,Normale,Deux véhicules - côté,7,3,2,2,1,1,1,0,1,50,2,2,1,0,1,0,27.0,23.0,voiture,voiture,1,2,3,1,3
202200022710,2022-07-24 19:30:00,2022,7,24,19,30,69,69271,Rue du Chatenay,45.7462460537,4.9803738312,Plein jour,En agglomération,Hors intersection,Normale,Autre collision,4,2,2,0,1,1,1,0,1,50,1,1,0,0,0,1,50.0,,deux_roues,,1,2,1,1,6
202200022711,2022-04-25 03:45:00,2022,4,25,3,45,33,33051,Avenue de la Côte d Argent,44.632536,-0.979639,Nuit avec éclairage allumé,En agglomération,Giratoire,Normale,Autre collision,3,2,2,0,1,1,1,5,3,30,1,1,0,0,0,1,29.0,,voiture,,5,2,6,1,6
202200022712,2022-04-24 20:00:00,2022,4,24,20,0,22,22299,Trévallon,48.456843,-1.984363,Plein jour,Hors agglomération,Hors intersection,Normale,Sans collision,4,2,1,0,1,1,1,0,3,80,1,1,0,0,1,0,,,,,1,1,1,1,7
202200022713,2022-04-25 16:49:00,2022,4,25,16,49,81,81004,LATTRE DE TASSIGNY (AV DE),43.93109,2.16352,Plein jour,En agglomération,Hors intersection,Normale,Autre collision,4,3,2,0,2,1,1,9,1,50,1,2,1,0,0,1,42.0,,voiture,,1,2,1,1,6
202200022714,2022-07-24 02:10:00,2022,7,24,2,10,68,68166,RD 430,47.781321,7.329824,Nuit avec éclairage allumé,En agglomération,Intersection à plus de 4 branches,Normale,Deux véhicules - frontale,3,3,6,0,1,1,1,0,1,50,2,2,0,0,0,2,52.0,33.0,voiture,voiture,5,2,5,1,1
202200022715,2022-04-25 13:47:00,2022,4,25,13,47,13,13216,CONDORCET (RUE),43.3567358412,5.3431657548,Plein jour,En agglomération,Intersection en X,Normale,Deux véhicules - frontale,4,2,1,0,1,1,1,0,1,50,1,2,1,0,0,1,28.0,,voiture,,1,2,2,1,1
202200022716,2022-07-24 11:10:00,2022,7,24,11,10,65,65433,MAUMUS (RUE JEAN),43.204101,0.097542,Plein jour,En agglomération,Hors intersection,Normale,Deux véhicules - frontale,3,2,2,0,1,1,1,0,1,30,2,2,1,0,1,0,62.0,34.0,deux_roues,voiture,1,2,1,1,1
202200022717,2022-05-24 18:40:00,2022,5,24,18,40,13,13019,A51-Sens Aix en Provence vers Marseille,43.4243170663,5.3750648614,Plein jour,Hors agglomération,Hors intersection,Normale,Deux véhicules - arrière,1,1,3,3,1,1,1,0,1,90,2,2,1,0,0,1,26.0,53.0,voiture,voiture,1,1,1,1,2
202200022718,2022-07-24 06:40:00,2022,7,24,6,40,64,64445,avenue du général de Gaulle,43.30248,-0.35266,Plein jour,En agglomération,Hors intersection,Normale,Deux véhicules - frontale,4,2,2,0,1,1,1,9,1,50,2,3,2,0,0,1,,44.0,voiture,deux_roues,1,2,1,1,1
202200022719,2022-05-17 18:30:00,2022,5,17,18,30,13,13071,A55 - Sens Marseille vers Martigues,43.3976829819,5.2865259922,Plein jour,Hors agglomération,Hors intersection,Normale,Deux véhicules - arrière,1,1,3,0,1,1,1,0,1,110,2,2,1,0,0,1,26.0,51.0,voiture,voiture,1,1,1,1,2
202200022720,2022-05-24 16:25:00,2022,5,24,16,25,13,13106,A7-Sens Lyon vers Marseille,43.39134396,5.3510158055,Plein jour,Hors agglomération,Hors intersection,Normale,Trois véhicules et plus - collisions multiples,1,1,3,0,1,1,1,0,1,110,3,3,2,0,0,1,25.0,36.0,voiture,utilitaire_camion,1,1,1,1,5
202200022721,2022-06-25 03:05:00,2022,6,25,3,5,61,61466,LA HALOUZIERE (LIEU-DIT),48.7352,-0.52725,Nuit sans éclairage public,Hors agglomération,Hors intersection,Normale,Sans collision,3,2,2,-1,1,1,1,0,1,50,1,5,3,0,1,1,29.0,,voiture,,3,1,1,1,7
202200022722,2022-05-23 21:40:00,2022,5,23,21,40,69,69152,Autoroute 7,45.69515,4.8412,Nuit sans éclairage public,Hors agglomération,Hors intersection,Normale,Deux véhicules - arrière,1,3,5,0,1,1,1,2,1,70,2,2,1,0,0,1,57.0,29.0,voiture,voiture,3,1,1,1,2
202200022723,2022-07-24 13:15:00,2022,7,24,13,15,56,56243,29a route de Nantes,47.6535,-2.73455,Plein jour,En agglomération,Hors intersection,Normale,Deux véhicules - frontale,4,2,2,0,1,1,1,0,1,50,2,2,1,0,0,1,33.0,25.0,deux_roues,voiture,1,2,1,1,1
202200022724,2022-04-16 16:30:00,2022,4,16,16,30,69,69283,Autoroute 46,45.67794,4.95848,Plein jour,Hors agglomération,Hors intersection,Normale,Deux véhicules - arrière,1,3,4,0,1,1,1,0,1,90,2,2,1,0,1,0,24.0,54.0,voiture,utilitaire_camion,1,1,1,1,2
202200022725,2022-07-24 23:06:00,2022,7,24,23,6,54,54395,LOBAU (BOULEVARD),48.685,6.1961205,Nuit avec éclairage allumé,En agglomération,Hors intersection,Normale,Deux véhicules - côté,4,3,4,0,1,1,1,0,1,50,2,3,2,0,0,1,27.0,23.0,voiture,voiture,5,2,1,1,3
202200022726,2022-05-23 17:50:00,2022,5,23,17,50,33,33065,ROUTE NATIONALE 230,44.81016,-0.52355,Plein jour,Hors agglomération,Hors intersection,Normale,Deux véhicules - arrière,2,3,6,0,1,1,1,0,1,90,2,2,1,0,0,1,42.0,33.0,voiture,utilitaire_camion,1,1,1,1,2
202200022727,2022-07-24 20:22:00,2022,7,24,20,22,51,51454,avenue Nationale - la Neuvillette,49.28309,4.01103,Plein jour,En agglomération,Hors intersection,Normale,Deux véhicules - côté,4,-1,2,1,1,1,1,0,1,50,2,2,1,0,0,1,27.0,49.0,voiture,deux_roues,1,2,1,1,3
202200022728,2022-05-22 18:50:00,2022,5,22,18,50,33,33063,ROCADE A 630,44.8849,-0.5613,Plein jour,Hors agglomération,Hors intersection,Normale,Trois véhicules et plus - en chaîne,1,3,6,0,2,1,1,2,1,70,3,4,3,0,0,1,49.0,48.0,voiture,voiture,1,1,1,1,4
202200022729,2022-05-23 12:45:00,2022,5,23,12,45,59,59234,AUTOROUTE A21,50.39862,3.09247,Plein jour,Hors agglomération,Hors intersection,Pluie légère,Deux véhicules - arrière,1,-1,6,0,1,3,2,0,1,110,2,2,1,0,0,1,24.0,42.0,voiture,utilitaire_camion,1,1,1,2,2
202200022730,2022-07-24 05:45:00,2022,7,24,5,45,37,37233,JAURES (RUE JEAN),47.3915,0.72563,Crépuscule ou aube,En agglomération,Hors intersection,Normale,Autre collision,4,2,2,0,1,1,1,8,1,50,1,2,1,0,0,1,,,utilitaire_camion,,2,2,1,1,6
202200022731,2022-05-20 17:15:00,2022,5,20,17,15,62,62351,AUTOROUTE A21,50.43133,2.88919,Plein jour,Hors agglomération,Hors intersection,Normale,Autre collision,1,-1,4,0,1,2,1,0,1,110,1,1,0,0,1,0,51.0,,voiture,,1,1,1,1,6
202200022732,2022-05-24 18:30:00,2022,5,24,18,30,91,91549,RN 104,48.62588,2.33983,Plein jour,Hors agglomération,Hors intersection,Normale,Sans collision,2,3,4,0,1,1,2,0,1,110,1,1,0,0,0,1,25.0,,voiture,,1,1,1,1,7
202200022733,2022-07-24 19:45:00,2022,7,24,19,45,35,35238,SUEDE (DE),48.0868,-1.68206,Plein jour,En agglomération,Giratoire,Normale,Deux véhicules - arrière,4,2,2,1,1,2,1,0,1,50,2,2,1,0,0,1,19.0,30.0,voiture,deux_roues,1,2,6,1,2
202200022734,2022-05-24 05:40:00,2022,5,24,5,40,91,91363,RN 104,48.653369,2.176183,Crépuscule ou aube,Hors agglomération,Hors intersection,Normale,Sans collision,2,1,2,0,3,2,2,0,1,70,1,1,0,0,0,1,42.0,,voiture,,2,1,1,1,7
202200022735,2022-05-24 01:50:00,2022,5,24,1,50,92,92002,AUTOROUTE A86,48.76045,2.290369,Nuit sans éclairage public,Hors agglomération,Autre intersection,Pluie légère,Deux véhicules - côté,1,1,2,0,1,1,2,0,1,90,2,2,0,0,0,2,40.0,63.0,voiture,voiture,3,1,9,2,3
202200022736,2022-07-24 06:50:00,2022,7,24,6,50,35,35238,SAINT-BRIEUC (DE),48.11641,-1.70971,Plein jour,En agglomération,Intersection en X,Normale,Deux véhicules - côté,4,2,4,2,1,1,1,5,1,50,2,3,1,0,0,2,40.0,25.0,voiture,voiture,1,2,2,1,3
202200022737,2022-05-24 01:00:00,2022,5,24,1,0,91,91432,AUTOROUTE A6,48.69393,2.32007,Nuit sans éclairage public,Hors agglomération,Hors intersection,Pluie légère,Sans collision,1,1,3,0,2,1,2,0,1,110,1,2,0,0,0,2,21.0,,voiture,,3,1,1,2,7
202200022738,2022-07-24 16:30:00,2022,7,24,16,30,34,34129,MER (AVENUE DE LA),43.58547,3.9198,Plein jour,Hors agglomération,Hors intersection,Normale,Autre collision,4,1,2,0,1,1,1,0,1,50,1,1,0,0,1,0,44.0,,voiture,,1,1,1,1,6
202200022739,2022-05-24 15:00:00,2022,5,24,15,0,92,92062,RN1014 W,48.8878652807,2.2502447516,Plein jour,Hors agglomération,Hors intersection,Normale,Autre collision,2,4,3,0,1,1,1,1,2,90,1,1,0,0,0,1,59.0,,deux_roues,,1,1,1,1,6
202200022740,2022-07-24 22:25:00,2022,7,24,22,25,33,33550,Avenue des Pyrénées,44.77867,-0.56616,Nuit avec éclairage allumé,En agglomération,Intersection en T,Normale,Deux véhicules - côté,1,1,3,0,1,2,1,3,1,50,2,3,0,0,2,1,18.0,59.0,voiture,voiture,5,2,3,1,3
202200022741,2022-05-24 09:40:00,2022,5,24,9,40,92,92063,A86,48.8910645642,2.1744392216,Plein jour,Hors agglomération,Hors intersection,Normale,Deux véhicules - côté,1,1,3,0,1,1,1,0,1,90,2,3,1,0,0,2,31.0,29.0,voiture,voiture,1,1,1,1,3
202200022742,2022-07-24 08:45:00,2022,7,24,8,45,33,33063,Quai des Salinières,44.8357969502,-0.5642831326,Plein jour,En agglomération,Hors intersection,Normale,Deux véhicules - côté,4,3,4,0,1,1,1,0,1,50,2,2,1,0,0,1,26.0,49.0,deux_roues,voiture,1,2,1,1,3
202200022743,2022-05-24 19:45:00,2022,5,24,19,45,92,92036,AUTOROUTE A86,48.9390465105,2.3061312878,Plein jour,Hors agglomération,Hors intersection,Normale,Deux véhicules - arrière,1,3,6,0,1,1,1,0,1,90,2,2,1,0,0,1,26.0,32.0,voiture,utilitaire_camion,1,1,1,1,2
202200022744,2022-07-23 17:10:00,2022,7,23,17,10,33,33529,PYLA (BD DU),44.63349,-1.16161,Plein jour,En agglomération,Hors intersection,Normale,Deux véhicules - arrière,3,2,2,0,1,1,1,0,1,50,2,3,1,0,0,2,24.0,31.0,voiture,voiture,1,2,1,1,2