accident_id,datetime,annee,mois,jour,heure,minute,departement,commune_insee,adresse,latitude,longitude,luminosite,agglomeration,intersection,meteo,collision,catr,circ,nbv,vosp,prof,plan,surf,infra,situ,vma,nb_vehicules,nb_usagers,nb_indemnes,nb_tues,nb_blesses_hosp,nb_blesses_legers,age_cond_1,age_cond_2,veh_type_cond_1,veh_type_cond_2,lum_code,agg_code,int_code,atm_code,col_code
202200022745,2022-05-24 18:00:00,2022,5,24,18,0,93,93005,AUTOROUTE A3,48.93003,2.48143,Plein jour,Hors agglomération,Hors intersection,Normale,Deux véhicules - arrière,1,3,6,0,1,1,1,0,1,90,2,3,1,0,0,2,43.0,23.0,utilitaire_camion,utilitaire_camion,1,1,1,1,2
202200022746,2022-05-24 15:00:00,2022,5,24,15,0,93,93053,AUTOROUTE A3,48.88424,2.45833,Plein jour,Hors agglomération,Hors intersection,Normale,Deux véhicules - arrière,1,3,3,0,1,1,1,0,1,90,2,2,1,0,0,1,49.0,67.0,voiture,voiture,1,1,1,1,2
202200022747,2022-05-24 16:55:00,2022,5,24,16,55,93,93008,AUTOROUTE A86,48.91464,2.43156,Plein jour,Hors agglomération,Hors intersection,Normale,Deux véhicules - côté,1,3,3,0,1,1,1,1,1,90,2,2,1,0,0,1,32.0,40.0,voiture,deux_roues,1,1,1,1,3
202200022748,2022-07-24 16:14:00,2022,7,24,16,14,32,32013,MASSENA (RUE),43.649,0.5906,Plein jour,En agglomération,Hors intersection,Normale,Sans collision,4,-1,2,0,1,1,1,0,4,50,1,1,0,0,1,0,68.0,,deux_roues,,1,2,1,1,7
202200022749,2022-05-24 14:40:00,2022,5,24,14,40,93,93008,AUTOROUTE A86,48.91162,2.44068,Plein jour,Hors agglomération,Hors intersection,Normale,Deux véhicules - arrière,1,3,8,0,1,1,1,1,1,90,2,2,1,0,0,1,28.0,36.0,voiture,deux_roues,1,1,1,1,2
202200022750,2022-07-24 14:50:00,2022,7,24,14,50,22,22187,VIADUC (RUE DU),48.52504,-2.76697,Plein jour,Hors agglomération,Hors intersection,Normale,Trois véhicules et plus - en chaîne,3,2,2,0,2,3,1,0,1,50,3,3,2,0,0,1,51.0,72.0,deux_roues,voiture,1,1,1,1,4
202200022751,2022-05-23 21:00:00,2022,5,23,21,0,93,93066,AUTOROUTE A1,48.91151,2.358,Crépuscule ou aube,Hors agglomération,Hors intersection,Normale,Deux véhicules - arrière,1,3,4,0,1,1,1,1,1,90,2,2,1,0,0,1,33.0,39.0,voiture,voiture,2,1,1,1,2
202200022752,2022-07-23 18:50:00,2022,7,23,18,50,13,13043,GEORGES POMPIDOU (AV ),43.3928166182,5.2048425212,Plein jour,Hors agglomération,Autre intersection,Temps éblouissant,Deux véhicules - arrière,3,3,2,0,1,1,1,0,1,50,2,2,0,0,0,1,23.0,,voiture,voiture,1,1,9,7,2
202200022753,2022-05-24 10:35:00,2022,5,24,10,35,93,93006,AUTOROUTE A3,48.8659962227,2.4216624911,Plein jour,Hors agglomération,Hors intersection,Normale,Deux véhicules - arrière,1,1,8,0,1,1,1,0,1,70,2,3,1,0,0,2,24.0,54.0,voiture,utilitaire_camion,1,1,1,1,2
202200022754,2022-07-23 18:15:00,2022,7,23,18,15,13,13103,RUE URSULE -REYNAUD D',43.6378073502,5.098121922,Plein jour,En agglomération,Hors intersection,Normale,Autre collision,4,2,2,0,2,1,1,0,1,50,1,2,1,0,0,1,67.0,,voiture,,1,2,1,1,6
202200022755,2022-12-14 02:00:00,2022,12,14,2,0,17,17353,Route des Coudrées,45.984695,-1.048631,Nuit sans éclairage public,En agglomération,Hors intersection,Brouillard / fumée,Sans collision,3,2,2,0,1,1,2,0,4,50,1,1,0,1,0,0,48.0,,utilitaire_camion,,3,2,1,5,7
202200022756,2022-05-24 10:31:00,2022,5,24,10,31,93,93066,AUTOROUTE A1,48.91659,2.3578,Plein jour,Hors agglomération,Hors intersection,Normale,Trois véhicules et plus - en chaîne,1,3,4,0,1,1,1,1,1,90,3,5,1,0,0,4,44.0,30.0,utilitaire_camion,voiture,1,1,1,1,4
202200022757,2022-07-24 15:00:00,2022,7,24,15,0,13,13203,PEYSSONNEL (RUE),43.3091898327,5.3717264704,Plein jour,En agglomération,Intersection en X,Normale,Deux véhicules - côté,4,1,1,0,1,1,1,0,1,50,2,2,1,0,0,1,,55.0,utilitaire_camion,voiture,1,2,2,1,3
202200022758,2022-12-18 05:00:00,2022,12,18,5,0,48,48132,d4 la gardelle,44.825892,3.374114,Nuit sans éclairage public,Hors agglomération,Hors intersection,Normale,Autre collision,3,2,2,0,1,1,1,0,1,70,1,4,3,0,1,0,20.0,,voiture,,3,1,1,1,6
202200022759,2022-05-24 09:30:00,2022,5,24,9,30,93,93066,AUTOROUTE A86,48.9229344984,2.3450405446,Plein jour,Hors agglomération,Hors intersection,Normale,Deux véhicules - arrière,1,1,1,0,2,1,1,0,1,70,2,2,1,0,0,1,60.0,36.0,voiture,voiture,1,1,1,1,2
202200022760,2022-07-24 08:15:00,2022,7,24,8,15,13,13203,JOBIN (RUE),43.3107701407,5.3890760012,Plein jour,En agglomération,Hors intersection,Normale,Deux véhicules - côté,4,2,2,0,1,1,1,1,1,50,2,3,1,0,1,1,33.0,31.0,voiture,autre,1,2,1,1,3
202200022761,2022-05-23 18:10:00,2022,5,23,18,10,93,93005,AUTOROUTE A104,48.97293,2.49287,Plein jour,Hors agglomération,Hors intersection,Pluie légère,Deux véhicules - côté,1,3,6,0,1,1,2,0,1,70,2,3,1,0,0,2,32.0,71.0,utilitaire_camion,utilitaire_camion,1,1,1,2,3
202200022762,2022-07-23 23:50:00,2022,7,23,23,50,13,13210,CAPELETTE (AVENUE DE LA),43.280818,5.407345,Nuit avec éclairage allumé,En agglomération,Hors intersection,Normale,Autre collision,4,2,3,0,1,3,1,0,1,50,1,2,0,0,0,2,19.0,,deux_roues,,5,2,1,1,6
202200022763,2022-12-16 20:00:00,2022,12,16,20,0,72,72024,A 28 Pk 119.000,48.106629,0.161533,Nuit sans éclairage public,Hors agglomération,Hors intersection,Autre,Autre collision,1,3,4,0,1,1,9,0,2,130,3,5,4,0,0,1,28.0,30.0,voiture,voiture,3,1,1,9,6
202200022764,2022-07-23 15:50:00,2022,7,23,15,50,11,11069,Route de Bram,43.22107,2.29994,Plein jour,Hors agglomération,Hors intersection,Normale,Sans collision,3,2,2,0,1,1,1,0,8,80,1,1,0,1,0,0,23.0,,voiture,,1,1,1,1,7
202200022765,2022-05-23 16:05:00,2022,5,23,16,5,95,95277, A3,48.9801841251,2.49817729,Plein jour,Hors agglomération,Hors intersection,Normale,Deux véhicules - côté,1,3,6,0,1,1,1,0,1,90,2,2,1,0,0,1,64.0,50.0,voiture,utilitaire_camion,1,1,1,1,3
202200022766,2022-07-25 00:15:00,2022,7,25,0,15,07,07316,,44.90851,4.86621,Nuit avec éclairage non allumé,Hors agglomération,Hors intersection,Normale,Sans collision,3,3,2,0,2,2,1,2,1,90,1,1,0,0,0,1,20.0,,voiture,,4,1,1,1,7
202200022767,2022-05-23 08:55:00,2022,5,23,8,55,95,95218, A15,49.03574,2.09605,Plein jour,Hors agglomération,Hors intersection,Pluie légère,Trois véhicules et plus - en chaîne,1,3,4,0,1,1,2,2,1,90,3,4,1,0,0,3,26.0,19.0,voiture,voiture,1,1,1,2,4
202200022768,2022-07-24 14:15:00,2022,7,24,14,15,75,75120,PORTE DE BAGNOLET,48.866049,2.413204,Plein jour,En agglomération,Hors intersection,Normale,Trois véhicules et plus - en chaîne,4,1,4,0,1,1,1,0,1,70,3,4,3,0,0,1,25.0,33.0,voiture,voiture,1,2,1,1,4
202200022769,2022-05-19 12:00:00,2022,5,19,12,0,92,92036,AUTOROUTE A86,48.9383700387,2.3001401108,Plein jour,Hors agglomération,Hors intersection,Normale,Deux véhicules - côté,1,3,6,0,1,1,1,0,1,90,2,2,1,0,0,1,70.0,26.0,voiture,deux_roues,1,1,1,1,3
202200022770,2022-07-24 16:45:00,2022,7,24,16,45,75,75119,AVENUE JEAN JAURES,48.886106,2.383092,Plein jour,En agglomération,Intersection en T,Normale,Autre collision,4,3,4,3,1,1,1,0,1,30,1,1,0,0,0,1,53.0,,deux_roues,,1,2,3,1,6
202200022771,2022-05-23 08:05:00,2022,5,23,8,5,93,93064,AUTOROUTE A3,48.88585,2.4727,Plein jour,Hors agglomération,Hors intersection,Normale,Deux véhicules - côté,1,3,4,0,1,3,1,3,1,90,2,2,1,0,0,1,29.0,27.0,deux_roues,utilitaire_camion,1,1,1,1,3
202200022772,2022-12-18 10:27:00,2022,12,18,10,27,73,73241,A430,45.610494,6.29212,Plein jour,Hors agglomération,Hors intersection,Brouillard / fumée,Trois véhicules et plus - collisions multiples,1,3,4,0,1,1,1,0,1,130,4,18,11,0,3,4,39.0,63.0,voiture,voiture,1,1,1,5,5
202200022773,2022-07-24 03:00:00,2022,7,24,3,0,75,75117,AVENUE DE LA PORTE D ASNIERES,48.891827,2.30161,Nuit avec éclairage allumé,En agglomération,Intersection en X,Normale,Trois véhicules et plus - collisions multiples,4,2,2,0,2,1,1,2,1,30,3,4,3,0,0,1,43.0,23.0,voiture,voiture,5,2,2,1,5
202200022774,2022-05-23 08:10:00,2022,5,23,8,10,93,93005,AUTOROUTE A1,48.9605593492,2.4679698413,Plein jour,Hors agglomération,Hors intersection,Normale,Deux véhicules - arrière,1,3,12,0,1,1,1,0,1,70,2,2,1,0,0,1,48.0,51.0,voiture,voiture,1,1,1,1,2
202200022775,2022-12-16 17:10:00,2022,12,16,17,10,35,35045,D777,47.8014049089,-1.9732998312,Crépuscule ou aube,Hors agglomération,Hors intersection,Temps éblouissant,Deux véhicules - arrière,3,2,2,0,1,1,1,0,1,80,2,2,1,0,0,1,18.0,19.0,deux_roues,voiture,2,1,1,7,2
202200022776,2022-05-22 22:45:00,2022,5,22,22,45,95,95252, A15,48.98365,2.21863,Nuit sans éclairage public,Hors agglomération,Hors intersection,Normale,Deux véhicules - arrière,1,3,10,0,1,1,1,0,1,110,2,2,1,0,0,1,23.0,39.0,voiture,voiture,3,1,1,1,2
202200022777,2022-07-24 15:00:00,2022,7,24,15,0,75,75115,RUE DE LA CONVENTION,48.845354,2.278578,Plein jour,En agglomération,Intersection en X,Normale,Deux véhicules - côté,4,2,3,0,1,1,1,0,1,30,2,2,1,0,0,1,27.0,28.0,voiture,deux_roues,1,2,2,1,3
202200022778,2022-12-17 05:45:00,2022,12,17,5,45,45,45146,A71 PR 124 + 714,47.68352,1.905355,Nuit sans éclairage public,Hors agglomération,Hors intersection,Normale,Deux véhicules - arrière,1,2,4,0,1,1,1,0,2,130,2,3,0,0,1,2,43.0,24.0,utilitaire_camion,voiture,3,1,1,1,2
202200022779,2022-07-24 18:30:00,2022,7,24,18,30,75,75111,BOULEVARD DE MENILMONTANT,48.866455,2.383207,Plein jour,En agglomération,Hors intersection,Normale,Autre collision,4,-1,0,3,1,1,1,6,4,30,1,2,1,0,0,1,,,deux_roues,,1,2,1,1,6
202200022780,2022-05-24 16:15:00,2022,5,24,16,15,94,94028,A86 EXT,48.8036,2.44849,Plein jour,Hors agglomération,Hors intersection,Normale,Trois véhicules et plus - en chaîne,1,3,8,0,1,1,1,0,1,90,3,3,2,0,0,1,34.0,32.0,voiture,deux_roues,1,1,1,1,4
202200022781,2022-12-17 23:30:00,2022,12,17,23,30,33,33019,24 Avenue des Certes,44.687505,-1.019027,Nuit avec éclairage allumé,En agglomération,Hors intersection,Normale,Deux véhicules - frontale,3,2,2,0,1,3,1,0,1,50,2,2,1,0,1,0,31.0,69.0,deux_roues,voiture,5,2,1,1,1
202200022782,2022-05-24 12:15:00,2022,5,24,12,15,94,94065,N186,48.75377958,2.3530427724,Plein jour,Hors agglomération,Hors intersection,Normale,Deux véhicules - côté,2,3,4,0,1,1,1,0,1,90,2,2,1,0,0,1,,51.0,voiture,deux_roues,1,1,1,1,3
202200022783,2022-07-24 05:35:00,2022,7,24,5,35,75,75103,RUE DE TURENNE,48.861474,2.364612,Plein jour,En agglomération,Intersection en Y,Normale,Deux véhicules - côté,4,2,2,0,1,1,1,0,1,30,2,2,1,0,0,1,31.0,23.0,utilitaire_camion,deux_roues,1,2,4,1,3
202200022784,2022-12-17 16:55:00,2022,12,17,16,55,41,41085,les bignons,47.692635,1.642005,Plein jour,Hors agglomération,Hors intersection,Normale,Autre collision,4,2,2,0,1,2,1,0,3,90,1,1,0,0,1,0,20.0,,voiture,,1,1,1,1,6
202200022785,2022-05-23 22:45:00,2022,5,23,22,45,94,94052,A86 INT,48.8432096684,2.4926533177,Nuit sans éclairage public,Hors agglomération,Hors intersection,Pluie forte,Autre collision,1,-1,3,0,1,1,2,1,1,90,1,1,0,0,0,1,24.0,,voiture,,3,1,1,3,6
202200022786,2022-07-23 05:45:00,2022,7,23,5,45,75,75103,RUE SAINT MARTIN,48.865956,2.353776,Crépuscule ou aube,En agglomération,Intersection en X,Normale,Autre collision,4,1,0,0,1,1,2,0,1,30,1,1,0,0,0,1,38.0,,deux_roues,,2,2,2,1,6
202200022787,2022-11-07 18:00:00,2022,11,7,18,0,77,77142,Route de Serbonne,48.847427,2.922439,Plein jour,Hors agglomération,Hors intersection,Normale,Sans collision,4,1,2,0,1,2,1,0,8,50,1,1,0,1,0,0,37.0,,voiture,,1,1,1,1,7
202200022788,2022-05-23 13:55:00,2022,5,23,13,55,94,94052,A86 INT,48.8433145546,2.4931583402,Plein jour,Hors agglomération,Hors intersection,Pluie légère,Trois véhicules et plus - en chaîne,1,3,3,0,1,1,2,1,1,90,3,3,2,0,0,1,36.0,30.0,voiture,voiture,1,1,1,2,4
202200022789,2022-07-24 22:45:00,2022,7,24,22,45,93,93070,Rue du Docteur Léonce Basset / Rue Paul Langevin,48.91554,2.33435,Nuit avec éclairage allumé,En agglomération,Intersection en T,Normale,Autre collision,4,2,2,0,1,1,1,5,1,50,1,2,1,0,0,1,53.0,,voiture,,5,2,3,1,6
202200022790,2022-07-24 17:05:00,2022,7,24,17,5,93,93064,Rue Jules Ferry,48.87519,2.47812,Plein jour,En agglomération,Hors intersection,Normale,Sans collision,3,2,2,0,1,1,1,0,1,50,1,1,0,0,1,0,64.0,,deux_roues,,1,2,1,1,7
202200022791,2022-12-17 20:20:00,2022,12,17,20,20,95,95199,RD 301,49.0306320864,2.346846654,Nuit sans éclairage public,Hors agglomération,Hors intersection,Temps couvert,Trois véhicules et plus - collisions multiples,3,3,4,0,1,1,1,0,1,90,3,6,5,0,0,1,25.0,25.0,voiture,voiture,3,1,1,8,5
202200022792,2022-05-23 01:50:00,2022,5,23,1,50,75,75112,A4,48.8200198123,2.4596916139,Nuit sans éclairage public,Hors agglomération,Hors intersection,Normale,Deux véhicules - arrière,1,1,4,0,1,1,2,0,1,90,2,2,1,0,0,1,38.0,24.0,utilitaire_camion,voiture,3,1,1,1,2
202200022793,2022-07-24 10:30:00,2022,7,24,10,30,93,93048,Avenue du Docteur Fernand Lamaze / Rue de Romainville,48.87682,2.44944,Plein jour,En agglomération,Intersection en X,Normale,Autre collision,3,2,2,0,1,1,1,0,1,50,1,2,1,0,0,1,59.0,,utilitaire_camion,,1,2,2,1,6
202200022794,2022-12-16 11:25:00,2022,12,16,11,25,83,83055,route departemental 562,43.617324,6.685647,Plein jour,En agglomération,Intersection en T,Normale,Deux véhicules - côté,4,2,2,0,1,2,1,0,1,70,2,2,0,0,1,1,62.0,89.0,voiture,voiture,1,2,3,1,3
202200022795,2022-04-23 08:15:00,2022,4,23,8,15,65,65461,Intersection Route Départementale 1/ Route Départementale 17,43.296109,0.344275,Plein jour,Hors agglomération,Intersection en T,Temps couvert,Deux véhicules - frontale,3,2,2,0,1,1,1,0,1,80,2,3,2,0,0,1,48.0,31.0,voiture,voiture,1,1,3,8,1
202200022796,2022-07-24 13:45:00,2022,7,24,13,45,92,92063,DOUMER (AVENUE PAUL) EST,48.88069,2.18287,Plein jour,En agglomération,Hors intersection,Normale,Deux véhicules - arrière,3,1,2,0,1,1,1,0,1,50,2,4,2,0,0,2,33.0,42.0,voiture,voiture,1,2,1,1,2
202200022797,2022-12-09 15:30:00,2022,12,9,15,30,67,67177,D250,48.916514,7.789307,Plein jour,Hors agglomération,Hors intersection,Normale,Deux véhicules - frontale,3,2,2,0,1,1,1,0,1,70,2,3,2,0,0,1,33.0,23.0,utilitaire_camion,voiture,1,1,1,1,1
202200022798,2022-04-24 13:15:00,2022,4,24,13,15,02,02614,,49.90963,3.192322,Plein jour,Hors agglomération,Hors intersection,Normale,Deux véhicules - frontale,3,2,2,0,2,1,1,0,1,80,2,3,0,0,0,3,44.0,69.0,voiture,voiture,1,1,1,1,1
202200022799,2022-12-16 21:20:00,2022,12,16,21,20,38,38548,91 Avenue de la Molière,45.075978,5.550282,Nuit avec éclairage allumé,En agglomération,Hors intersection,Neige / grêle,Autre collision,3,2,2,0,1,1,7,0,8,50,1,1,0,0,1,0,20.0,,voiture,,5,2,1,4,6
202200022800,2022-07-24 20:25:00,2022,7,24,20,25,92,92012,ANDRE MORIZET (AVENUE) - 49/FIN - 54/FIN,48.8385393568,2.2330790162,Crépuscule ou aube,En agglomération,Hors intersection,Normale,Sans collision,3,1,1,0,1,1,1,0,1,50,1,1,0,0,0,1,33.0,,deux_roues,,2,2,1,1,7
202200022801,2022-07-24 16:00:00,2022,7,24,16,0,92,92002,JOSEPH DELON (RUE),48.7495103889,2.2991085648,Plein jour,En agglomération,Hors intersection,Normale,Autre collision,4,2,2,0,1,1,1,0,1,50,1,1,0,0,0,1,24.0,,utilitaire_camion,,1,2,1,1,6
202200022802,2022-12-17 21:30:00,2022,12,17,21,30,85,85152,136 Avenue Georges Clémenceau,46.60987,-1.663546,Nuit avec éclairage allumé,En agglomération,Hors intersection,Normale,Sans collision,3,2,2,0,2,1,1,0,1,50,1,2,0,1,1,0,19.0,,deux_roues,,5,2,1,1,7
202200022803,2022-04-22 11:50:00,2022,4,22,11,50,35,35179,rue de la libération,48.5118886064,-1.8963589892,Plein jour,En agglomération,Intersection en T,Normale,Deux véhicules - côté,3,-1,3,0,1,1,1,0,1,50,2,2,1,0,0,1,87.0,16.0,voiture,deux_roues,1,2,3,1,3
202200022804,2022-12-17 21:10:00,2022,12,17,21,10,60,60551,D110,49.3072781739,2.3976883612,Nuit sans éclairage public,Hors agglomération,Hors intersection,Brouillard / fumée,Sans collision,3,2,2,0,1,3,1,0,8,80,1,1,0,1,0,0,70.0,,voiture,,3,1,1,5,7
202200022805,2022-07-25 10:30:00,2022,7,25,10,30,83,83072,Route de Carcès,43.478907,6.306914,Plein jour,Hors agglomération,Intersection en T,Normale,Deux véhicules - côté,3,2,1,0,2,1,1,0,1,80,2,2,0,0,1,1,60.0,33.0,voiture,utilitaire_camion,1,1,3,1,3
202200022806,2022-05-22 11:28:00,2022,5,22,11,28,76,76518,D30 - route de bolbec,49.59163,0.503376,Plein jour,Hors agglomération,Intersection en X,Normale,Deux véhicules - côté,3,2,2,0,4,1,1,0,1,80,2,3,2,0,0,1,58.0,83.0,voiture,voiture,1,1,2,1,3
202200022807,2022-07-24 17:50:00,2022,7,24,17,50,71,71320,Bois Communal de Chattelai / Intersection avec la RD980,46.618672,4.473941,Plein jour,Hors agglomération,Intersection en X,Normale,Deux véhicules - arrière,3,2,2,0,3,3,1,0,1,80,2,2,1,0,1,0,39.0,72.0,deux_roues,voiture,1,1,2,1,2
202200022808,2022-12-09 17:15:00,2022,12,9,17,15,69,69029,Boulevard Périphérique Laurent Bonnevay,45.751,4.9075,Nuit sans éclairage public,Hors agglomération,Hors intersection,Normale,Trois véhicules et plus - en chaîne,7,3,6,0,1,1,2,0,1,70,3,3,1,0,0,2,34.0,41.0,voiture,voiture,3,1,1,1,4
202200022809,2022-07-25 12:15:00,2022,7,25,12,15,43,43038,4 Route de Lempdes,45.36518,3.30828,Plein jour,En agglomération,Hors intersection,Normale,Autre collision,2,2,2,0,2,1,1,0,8,50,1,1,0,1,0,0,76.0,,voiture,,1,2,1,1,6
202200022810,2022-05-24 06:00:00,2022,5,24,6,0,12,12242,D922,44.396643,2.040603,Crépuscule ou aube,Hors agglomération,Hors intersection,Pluie légère,Deux véhicules - frontale,3,2,2,0,1,3,8,0,1,90,2,2,1,0,1,0,21.0,29.0,voiture,voiture,2,1,1,2,1
202200022811,2022-07-22 23:53:00,2022,7,22,23,53,71,71047,Rue des Buissons,46.617511,3.760398,Nuit sans éclairage public,En agglomération,Hors intersection,Normale,Deux véhicules - arrière,4,2,2,0,1,1,1,0,1,50,2,2,1,0,1,0,18.0,22.0,deux_roues,voiture,3,2,1,1,2
202200022812,2022-12-17 14:29:00,2022,12,17,14,29,91,91086,RN 104,48.62393,2.37739,Plein jour,Hors agglomération,Hors intersection,Normale,Trois véhicules et plus - en chaîne,2,3,2,0,1,1,1,0,1,110,4,5,4,0,0,1,70.0,20.0,voiture,voiture,1,1,1,1,4
202200022813,2022-05-10 08:00:00,2022,5,10,8,0,47,47146,Route des Crêtes,44.437909,0.676185,Plein jour,En agglomération,Hors intersection,Normale,Deux véhicules - arrière,4,2,2,0,1,2,9,8,1,50,2,3,2,0,0,1,24.0,49.0,voiture,utilitaire_camion,1,2,1,1,2
202200022814,2022-07-25 08:28:00,2022,7,25,8,28,11,11068,A61,43.181022,2.527628,Plein jour,Hors agglomération,Autre intersection,Normale,Deux véhicules - arrière,1,1,4,0,1,1,1,0,1,130,2,3,1,0,2,0,42.0,40.0,utilitaire_camion,utilitaire_camion,1,1,9,1,2
202200022815,2022-12-17 13:20:00,2022,12,17,13,20,92,92002,AUTOROUTE A86,48.7629853869,2.3043052888,Plein jour,Hors agglomération,Hors intersection,Normale,Trois véhicules et plus - en chaîne,1,1,2,0,1,1,1,0,1,70,3,3,2,0,0,1,36.0,21.0,voiture,voiture,1,1,1,1,4
202200022816,2022-05-23 14:05:00,2022,5,23,14,5,47,47238,Route de Manau,44.19354,0.50674,Plein jour,Hors agglomération,Hors intersection,Normale,Deux véhicules - frontale,4,-1,2,0,1,2,1,0,1,80,2,2,0,0,0,2,51.0,21.0,voiture,voiture,1,1,1,1,1
202200022817,2022-07-24 19:00:00,2022,7,24,19,0,974,97404,Avenue Octave Bénard,-21.281367,55.346847,Nuit sans éclairage public,Hors agglomération,Intersection en T,Normale,Deux véhicules - frontale,2,2, -1,-1,1,2,1,0,1,-1,2,2,1,0,1,0,33.0,83.0,deux_roues,voiture,3,1,3,1,1
202200022818,2022-12-17 10:20:00,2022,12,17,10,20,91,91589,AUTOROUTE A6,48.67918,2.33426,Plein jour,Hors agglomération,Hors intersection,Normale,Deux véhicules - arrière,1,1,4,0,1,1,1,0,1,90,2,3,0,0,0,3,72.0,22.0,voiture,voiture,1,1,1,1,2
202200022819,2022-07-21 18:20:00,2022,7,21,18,20,68,68015,D201,47.795294,7.38653,Plein jour,Hors agglomération,Autre intersection,Normale,Sans collision,3,2,2,0,1,1,1,3,1,70,1,1,0,0,0,1,63.0,,deux_roues,,1,1,9,1,7
202200022820,2022-05-24 13:45:00,2022,5,24,13,45,2A,2A348,RD70,42.160218,8.758035,Plein jour,Hors agglomération,Hors intersection,Normale,Autre collision,3,2,2,0,2,2,1,0,3,80,1,1,0,0,1,0,48.0,,deux_roues,,1,1,1,1,6
202200022821,2022-07-23 04:30:00,2022,7,23,4,30,59,59162,Rue Voie Romaine,50.931639,2.370888,Nuit sans éclairage public,Hors agglomération,Hors intersection,Normale,Autre collision,3,2,2,0,1,1,1,0,8,80,1,1,0,0,1,0,22.0,,voiture,,3,1,1,1,6
202200022822,2022-12-17 06:00:00,2022,12,17,6,0,91,91617,RN 104,48.64355,2.53443,Nuit sans éclairage public,Hors agglomération,Hors intersection,Normale,Trois véhicules et plus - en chaîne,2,1,2,0,2,2,2,0,1,70,4,5,4,0,0,1,,70.0,voiture,voiture,3,1,1,1,4
202200022823,2022-05-22 20:00:00,2022,5,22,20,0,2A,2A065,Rue de la République,42.134107,8.597199,Plein jour,En agglomération,Hors intersection,Normale,Sans collision,3,2,2,0,1,1,1,0,1,50,1,1,0,0,1,0,33.0,,deux_roues,,1,2,1,1,7
202200022824,2022-07-25 14:45:00,2022,7,25,14,45,15,15188,A75 PK 095.300,45.034961,3.133705,Plein jour,Hors agglomération,Hors intersection,Normale,Deux véhicules - côté,1,3,4,0,2,1,1,0,8,130,2,3,1,0,2,0,75.0,41.0,voiture,voiture,1,1,1,1,3
202200022825,2022-12-16 19:10:00,2022,12,16,19,10,92,92047,A13,48.8327145937,2.1569510289,Nuit sans éclairage public,Hors agglomération,Hors intersection,Normale,Deux véhicules - arrière,1,1,3,0,1,1,2,0,1,110,2,4,3,0,0,1,24.0,51.0,deux_roues,voiture,3,1,1,1,2
202200022826,2022-05-24 15:50:00,2022,5,24,15,50,51,51130,D17,48.87693,4.903979,Plein jour,Hors agglomération,Hors intersection,Normale,Deux véhicules - frontale,3,2,2,0,1,3,1,0,1,80,2,2,0,1,0,1,29.0,23.0,voiture,voiture,1,1,1,1,1
202200022827,2022-07-25 15:15:00,2022,7,25,15,15,30,30277,,44.227262,4.544697,Plein jour,Hors agglomération,Hors intersection,Normale,Sans collision,3,2,2,0,2,2,1,0,8,70,1,1,0,0,1,0,21.0,,deux_roues,,1,1,1,1,7
202200022828,2022-12-17 09:15:00,2022,12,17,9,15,95,95572,RN 184,49.0352732315,2.1158588442,Plein jour,Hors agglomération,Hors intersection,Temps couvert,Autre collision,2,3,5,0,1,1,1,0,1,90,1,1,0,0,0,1,60.0,,voiture,,1,1,1,8,6
202200022829,2022-07-24 13:00:00,2022,7,24,13,0,19,19042,eyzac,45.327191,1.625564,Plein jour,Hors agglomération,Hors intersection,Normale,Sans collision,3,2,2,0,2,1,1,0,1,90,1,1,0,0,1,0,61.0,,deux_roues,,1,1,1,1,7
202200022830,2022-05-23 05:15:00,2022,5,23,5,15,83,83003,RD49 - PR 002+700,43.563142,6.411933,Crépuscule ou aube,Hors agglomération,Hors intersection,Normale,Deux véhicules - frontale,3,2,2,0,2,3,1,0,1,70,2,2,1,0,1,0,39.0,50.0,utilitaire_camion,deux_roues,2,1,1,1,1
202200022831,2022-12-16 10:50:00,2022,12,16,10,50,93,93064,AUTOROUTE A103,48.8866992089,2.4803643682,Plein jour,Hors agglomération,Hors intersection,Normale,Deux véhicules - arrière,1,3,4,0,1,1,2,0,1,90,2,2,1,0,0,1,48.0,21.0,voiture,voiture,1,1,1,1,2
202200022832,2022-07-24 14:30:00,2022,7,24,14,30,56,56040,Pont Kerrous,47.852191,-3.343234,Plein jour,Hors agglomération,Giratoire,Normale,Deux véhicules - côté,4,2,2,0,1,2,1,0,1,45,2,2,0,0,1,1,56.0,16.0,deux_roues,deux_roues,1,1,6,1,3
202200022833,2022-12-17 02:30:00,2022,12,17,2,30,94,94004,RN19.Y,48.753843,2.511184,Nuit sans éclairage public,Hors agglomération,Hors intersection,Normale,Autre collision,2,-1,2,0,1,2,2,0,1,90,1,1,0,0,0,1,38.0,,voiture,,3,1,1,1,6
202200022834,2022-07-24 20:20:00,2022,7,24,20,20,76,76493,D79,49.847721,0.619714,Plein jour,Hors agglomération,Hors intersection,Normale,Autre collision,3,2,2,0,3,2,1,0,3,80,1,1,0,0,1,0,39.0,,deux_roues,,1,1,1,1,6
202200022835,2022-05-24 15:50:00,2022,5,24,15,50,95,95229,Rue de la Gare,49.022913,2.363847,Plein jour,En agglomération,Hors intersection,Normale,Autre collision,4,2,2,0,1,2,1,0,1,30,1,2,1,0,0,1,22.0,,voiture,,1,2,1,1,6