accident_id,datetime,annee,mois,jour,heure,minute,departement,commune_insee,adresse,latitude,longitude,luminosite,agglomeration,intersection,meteo,collision,catr,circ,nbv,vosp,prof,plan,surf,infra,situ,vma,nb_vehicules,nb_usagers,nb_indemnes,nb_tues,nb_blesses_hosp,nb_blesses_legers,age_cond_1,age_cond_2,veh_type_cond_1,veh_type_cond_2,lum_code,agg_code,int_code,atm_code,col_code
202200022928,2022-12-17 00:05:00,2022,12,17,0,5,25,25056,RN 1057 (BD CHURCHIL-ROUTE DE GRAY),47.2405,5.9811,Nuit sans éclairage public,Hors agglomération,Hors intersection,Normale,Autre collision,2,3,3,0,1,3,7,3,3,90,1,3,0,0,0,3,20.0,,voiture,,3,1,1,1,6
202200022929,2022-12-16 19:25:00,2022,12,16,19,25,14,14118,Rue de Falaise,49.1685,-0.35208,Nuit avec éclairage allumé,En agglomération,Hors intersection,Pluie légère,Deux véhicules - côté,4,2,2,0,1,1,2,0,1,50,2,2,1,0,0,1,32.0,23.0,deux_roues,voiture,5,2,1,2,3
202200022930,2022-12-16 21:20:00,2022,12,16,21,20,13,13213,ROSE (AVENUE DE LA),43.3264404529,5.4214492167,Nuit avec éclairage allumé,En agglomération,Intersection en X,Autre,Deux véhicules - côté,4,2,0,0,1,1,2,9,1,50,2,2,1,0,0,1,26.0,34.0,voiture,deux_roues,5,2,2,9,3
202200022931,2022-12-13 17:20:00,2022,12,13,17,20,13,13213,SARTAN (CHEMIN DE LA),43.3239,5.41944,Nuit avec éclairage allumé,En agglomération,Intersection en T,Normale,Deux véhicules - côté,3,1,1,0,1,1,1,0,1,50,2,2,0,0,1,1,54.0,15.0,voiture,deux_roues,5,2,3,1,3
202200022932,2022-12-15 22:48:00,2022,12,15,22,48,13,13207,RIVE NEUVE (QUAI DE),43.292400534,5.3661869466,Nuit avec éclairage allumé,En agglomération,Hors intersection,Pluie légère,Deux véhicules - frontale,4,1,3,0,2,1,2,9,1,50,1,1,0,0,0,1,40.0,,voiture,,5,2,1,2,1
202200022933,2022-12-14 06:30:00,2022,12,14,6,30,13,13005,RN 8,43.28748,5.583,Nuit avec éclairage allumé,En agglomération,Giratoire,Pluie légère,Sans collision,3,-1,2,0,1,3,2,5,1,50,1,2,1,0,0,1,21.0,,voiture,,5,2,6,2,7
202200022934,2022-12-16 11:10:00,2022,12,16,11,10,13,13005,CD 2 (CAMP MAJOR),43.2882,5.52951,Plein jour,En agglomération,Intersection en T,Normale,Deux véhicules - côté,3,2,2,0,1,1,1,0,1,80,2,2,1,0,1,0,35.0,81.0,deux_roues,voiture,1,2,3,1,3
202200022935,2022-12-15 18:40:00,2022,12,15,18,40,03,03095,Route de Charmeil,46.13781,3.44832,Nuit avec éclairage allumé,En agglomération,Hors intersection,Pluie légère,Autre collision,4,3,2,0,1,1,2,0,1,50,1,2,1,0,1,0,54.0,,voiture,,5,2,1,2,6
202200022936,2022-12-09 16:07:00,2022,12,9,16,7,02,02549,,49.83306,3.32923,Crépuscule ou aube,Hors agglomération,Hors intersection,Normale,Deux véhicules - frontale,3,2,0,0,1,2,1,0,1,70,2,2,1,1,0,0,28.0,56.0,utilitaire_camion,utilitaire_camion,2,1,1,1,1
202200022937,2022-12-12 07:17:00,2022,12,12,7,17,13,13213,A507 sens Aubagne- Marseille,43.3212991611,5.4226881265,Crépuscule ou aube,Hors agglomération,Hors intersection,Normale,Deux véhicules - côté,1,1,3,0,2,1,1,0,1,70,2,2,0,0,0,2,51.0,51.0,deux_roues,voiture,2,1,1,1,3
202200022938,2022-12-15 18:45:00,2022,12,15,18,45,75,75115,PORTE BRANCION,48.827596,2.291888,Nuit avec éclairage allumé,En agglomération,Hors intersection,Normale,Deux véhicules - arrière,4,1,3,0,1,1,1,1,1,70,2,2,1,0,0,1,27.0,31.0,deux_roues,voiture,5,2,1,1,2
202200022939,2022-12-16 19:09:00,2022,12,16,19,9,75,75106,RUE DAUPHINE,48.856061,2.340456,Nuit avec éclairage allumé,En agglomération,Intersection en T,Normale,Deux véhicules - arrière,4,1,1,0,1,1,1,0,1,30,2,2,1,0,0,1,48.0,19.0,voiture,deux_roues,5,2,3,1,2
202200022940,2022-12-16 13:00:00,2022,12,16,13,0,75,75105,RUE PASCAL,48.838363,2.349594,Plein jour,En agglomération,Hors intersection,Normale,Autre collision,4,1,1,3,1,1,1,0,4,30,1,2,1,0,0,1,,,deux_roues,,1,2,1,1,6
202200022941,2022-12-16 06:30:00,2022,12,16,6,30,75,75120,RUE DE MENILMONTANT,48.8683094304,2.3881718516,Nuit avec éclairage allumé,En agglomération,Intersection en T,Normale,Autre collision,4,2,1,0,2,1,1,0,1,30,1,2,0,0,0,2,21.0,,deux_roues,,5,2,3,1,6
202200022942,2022-12-16 18:40:00,2022,12,16,18,40,75,75119,RUE DES ALOUETTES,48.878256,2.385608,Nuit sans éclairage public,En agglomération,Intersection en T,Normale,Sans collision,4,1,1,0,1,1,1,0,1,30,1,1,0,0,0,1,32.0,,deux_roues,,3,2,3,1,7
202200022943,2022-12-16 12:05:00,2022,12,16,12,5,75,75119,BOULEVARD SERURIER,48.880989,2.39715,Plein jour,En agglomération,Hors intersection,Normale,Sans collision,4,2,2,0,1,1,1,0,1,30,1,1,0,0,0,1,56.0,,deux_roues,,1,2,1,1,7
202200022944,2022-12-16 17:40:00,2022,12,16,17,40,75,75117,Rue Mstislav Rostropovitch,48.889624,2.313358,Nuit avec éclairage allumé,En agglomération,Intersection en T,Normale,Autre collision,4,2,1,0,1,1,1,0,1,30,1,2,1,0,0,1,31.0,,voiture,,5,2,3,1,6
202200022945,2022-12-16 08:30:00,2022,12,16,8,30,75,75117,BOULEVARD MALESHERBES,48.88336,2.309501,Plein jour,En agglomération,Place,Normale,Autre collision,4,2,3,0,1,1,1,0,1,30,1,2,1,0,0,1,56.0,,deux_roues,,1,2,7,1,6
202200022946,2022-12-15 19:00:00,2022,12,15,19,0,75,75117,BOULEVARD DU BOIS LE PRETRE,48.899778,2.31894,Nuit avec éclairage allumé,En agglomération,Intersection en T,Normale,Deux véhicules - côté,4,2,2,0,1,1,1,0,1,30,2,2,1,0,0,1,27.0,30.0,voiture,deux_roues,5,2,3,1,3
202200022947,2022-12-16 21:00:00,2022,12,16,21,0,75,75116,AVENUE THEOPHILE GAUTIER,48.850374,2.273314,Nuit avec éclairage allumé,En agglomération,Intersection en T,Normale,Deux véhicules - côté,4,2,2,0,1,1,1,0,1,30,2,2,1,0,0,1,,25.0,voiture,deux_roues,5,2,3,1,3
202200022948,2022-12-16 10:30:00,2022,12,16,10,30,75,75115,BOULEVARD DE GRENELLE,48.853946,2.2891,Plein jour,En agglomération,Intersection en T,Normale,Autre collision,4,1,2,0,1,1,1,0,1,30,1,2,1,0,0,1,31.0,,voiture,,1,2,3,1,6
202200022949,2022-12-16 08:00:00,2022,12,16,8,0,75,75115,AVENUE FELIX FAURE,48.839595,2.284204,Crépuscule ou aube,En agglomération,Intersection en T,Normale,Sans collision,4,2,2,0,1,1,1,0,1,30,1,1,0,0,0,1,16.0,,deux_roues,,2,2,3,1,7
202200022950,2022-12-15 20:40:00,2022,12,15,20,40,75,75115,PLACE DES INSURGES DE VARSOVIE,48.827794,2.292773,Nuit avec éclairage allumé,En agglomération,Place,Normale,Deux véhicules - côté,4,1,2,0,1,1,1,0,1,30,2,2,1,0,0,1,41.0,52.0,deux_roues,voiture,5,2,7,1,3
202200022951,2022-12-15 09:00:00,2022,12,15,9,0,75,75115,RUE DU DOCTEUR FINLAY,48.85289,2.286546,Plein jour,En agglomération,Intersection en T,Temps couvert,Deux véhicules - côté,4,1,1,0,1,1,1,0,1,30,2,2,1,0,0,1,44.0,37.0,voiture,deux_roues,1,2,3,8,3
202200022952,2022-12-13 22:40:00,2022,12,13,22,40,75,75114,RUE CABANIS,48.830304,2.339614,Nuit avec éclairage allumé,En agglomération,Hors intersection,Normale,Deux véhicules - côté,4,1,1,0,1,1,1,0,1,30,2,2,1,0,0,1,,20.0,voiture,deux_roues,5,2,1,1,3
202200022953,2022-12-16 12:55:00,2022,12,16,12,55,75,75114,RUE BOULARD,48.832019,2.327428,Plein jour,En agglomération,Intersection en X,Normale,Autre collision,4,1,2,0,1,1,1,0,1,30,1,2,1,0,0,1,,,voiture,,1,2,2,1,6
202200022954,2022-12-16 17:35:00,2022,12,16,17,35,75,75113,RUE NEUVE TOLBIAC,48.830623,2.376832,Nuit avec éclairage allumé,En agglomération,Intersection en X,Normale,Autre collision,4,2,4,0,2,1,1,0,1,30,1,2,1,0,0,1,19.0,,deux_roues,,5,2,2,1,6
202200022955,2022-12-16 22:15:00,2022,12,16,22,15,75,75112,AVENUE DE LA PORTE DE CHARENTON,48.829679,2.401061,Nuit avec éclairage allumé,En agglomération,Intersection en Y,Normale,Deux véhicules - côté,4,2,2,0,1,1,1,0,1,30,2,3,1,0,0,2,,27.0,voiture,voiture,5,2,4,1,3
202200022956,2022-12-16 13:50:00,2022,12,16,13,50,75,75112,BOULEVARD DIDEROT,48.847145,2.385043,Plein jour,En agglomération,Intersection en T,Normale,Autre collision,4,2,3,0,1,1,1,0,1,30,1,2,1,0,0,1,22.0,,utilitaire_camion,,1,2,3,1,6
202200022957,2022-12-16 12:20:00,2022,12,16,12,20,75,75111,AVENUE DE LA REPUBLIQUE,48.8659898637,2.3706918955,Plein jour,En agglomération,Intersection en X,Normale,Autre collision,4,-1,2,0,1,1,1,0,1,30,1,2,1,0,0,1,44.0,,utilitaire_camion,,1,2,2,1,6
202200022958,2022-12-16 14:29:00,2022,12,16,14,29,75,75107,QUAI BRANLY,48.860535,2.295641,Plein jour,En agglomération,Intersection en X,Normale,Sans collision,4,-1,3,1,1,1,1,0,5,30,1,1,0,0,0,1,59.0,,deux_roues,,1,2,2,1,7
202200022959,2022-12-16 09:00:00,2022,12,16,9,0,75,75107,AVENUE BOSQUET,48.861906,2.30202,Plein jour,En agglomération,Place,Normale,Autre collision,4,1,1,0,1,1,1,0,1,30,1,2,1,0,0,1,40.0,,voiture,,1,2,7,1,6
202200022960,2022-12-16 03:35:00,2022,12,16,3,35,75,75109,BOULEVARD DES CAPUCINES,48.870286,2.33001,Nuit avec éclairage allumé,En agglomération,Intersection en X,Normale,Autre collision,4,2,3,0,1,1,1,5,1,30,1,1,0,0,0,1,51.0,,deux_roues,,5,2,2,1,6
202200022961,2022-12-16 04:15:00,2022,12,16,4,15,75,75103,PLACE DE LA REPUBLIQUE,48.8673407653,2.3633546005,Nuit avec éclairage allumé,En agglomération,Place,Normale,Deux véhicules - côté,4,2,3,0,1,1,1,0,1,30,2,2,1,0,0,1,31.0,27.0,voiture,deux_roues,5,2,7,1,3
202200022962,2022-12-15 23:30:00,2022,12,15,23,30,94,94068,FOCH (AV),48.80458,2.48568,Nuit avec éclairage allumé,En agglomération,Intersection en T,Normale,Deux véhicules - côté,3,4,2,0,1,1,1,0,1,30,2,2,1,0,0,1,18.0,24.0,deux_roues,voiture,5,2,3,1,3
202200022963,2022-12-16 18:50:00,2022,12,16,18,50,94,94052,STRASBOURG - RPT DU MARECHAL FOCH (BD DE,48.8446987164,2.4878948689,Nuit avec éclairage allumé,En agglomération,Intersection en X,Normale,Deux véhicules - frontale,3,2,2,1,2,1,1,0,1,50,2,2,1,0,0,1,27.0,33.0,voiture,deux_roues,5,2,2,1,1
202200022964,2022-12-16 11:00:00,2022,12,16,11,0,94,94041,VERDUN (AV DE),48.813,2.37,Plein jour,En agglomération,Intersection en X,Normale,Deux véhicules - côté,3,3,2,3,1,1,1,0,1,50,2,3,2,0,0,1,70.0,29.0,voiture,voiture,1,2,2,1,3
202200022965,2022-12-16 20:27:00,2022,12,16,20,27,94,94073,GEORGES HALGOULT (R),48.761709,2.400317,Nuit avec éclairage allumé,En agglomération,Hors intersection,Temps couvert,Deux véhicules - arrière,4,3,2,0,1,1,2,0,1,50,2,2,1,0,0,1,26.0,32.0,voiture,deux_roues,5,2,1,8,2
202200022966,2022-12-16 07:45:00,2022,12,16,7,45,94,94021,BEARN (R DU),48.77294,2.36097,Nuit avec éclairage allumé,En agglomération,Intersection en X,Temps couvert,Deux véhicules - côté,4,2,2,0,1,1,2,0,1,30,1,2,1,0,0,1,33.0,,voiture,,5,2,2,8,3
202200022967,2022-12-16 16:10:00,2022,12,16,16,10,94,94059,Avenue Albert Camus,48.80512,2.57621,Plein jour,En agglomération,Hors intersection,Temps couvert,Autre collision,4,1,1,0,1,1,1,6,1,30,1,2,1,0,0,1,45.0,,voiture,,1,2,1,8,6
202200022968,2022-12-16 08:44:00,2022,12,16,8,44,94,94071,Avenue du Fort,48.77139,2.53219,Plein jour,En agglomération,Hors intersection,Pluie légère,Autre collision,4,2,2,2,1,1,2,0,1,50,1,2,1,0,0,1,24.0,,voiture,,1,2,1,2,6
202200022969,2022-12-16 16:30:00,2022,12,16,16,30,94,94002,Rue de Grenoble,48.78376,2.43083,Plein jour,En agglomération,Hors intersection,Normale,Deux véhicules - côté,4,2,2,0,1,1,1,0,1,50,2,2,1,0,0,1,48.0,69.0,voiture,voiture,1,2,1,1,3
202200022970,2022-12-16 15:40:00,2022,12,16,15,40,93,93078,Avenue des Nations / Rue du Canal,48.97443,2.51398,Plein jour,En agglomération,Intersection en T,Normale,Autre collision,4,2,2,0,1,1,2,0,1,50,1,2,1,0,0,1,26.0,,voiture,,1,2,3,1,6
202200022971,2022-12-16 09:50:00,2022,12,16,9,50,93,93073,Rue des Terres Noires / Rue du Sonnet,49.00242,2.53296,Plein jour,Hors agglomération,Intersection en X,Normale,Deux véhicules - côté,4,2,2,0,1,1,1,0,1,50,2,2,0,0,0,2,35.0,36.0,transport_commun,utilitaire_camion,1,1,2,1,3
202200022972,2022-12-15 22:15:00,2022,12,15,22,15,93,93073,Route des Petits Ponts,48.96561,2.56946,Nuit avec éclairage allumé,En agglomération,Hors intersection,Normale,Deux véhicules - frontale,3,2,2,0,1,1,1,0,1,50,2,3,0,0,1,2,30.0,40.0,voiture,voiture,5,2,1,1,1
202200022973,2022-12-16 13:40:00,2022,12,16,13,40,93,93071,Avenue Henri Barbusse,48.9340390035,2.5421630235,Plein jour,En agglomération,Autre intersection,Normale,Deux véhicules - côté,3,1,2,0,1,2,1,0,1,50,2,3,2,0,0,1,22.0,52.0,utilitaire_camion,voiture,1,2,9,1,3
202200022974,2022-12-16 12:10:00,2022,12,16,12,10,93,93066,Boulevard de la Commune de Paris,48.937056,2.362697,Plein jour,En agglomération,Hors intersection,Normale,Deux véhicules - frontale,4,2,2,0,1,1,2,0,1,50,2,3,0,0,0,3,28.0,35.0,voiture,voiture,1,2,1,1,1
202200022975,2022-12-16 09:35:00,2022,12,16,9,35,93,93066,Rue du Landy,48.9145817779,2.3479414753,Plein jour,En agglomération,Hors intersection,Normale,Autre collision,3,2,2,2,1,1,1,0,1,50,1,2,0,0,0,1,,,deux_roues,,1,2,1,1,6
202200022976,2022-12-16 09:15:00,2022,12,16,9,15,93,93008,Avenue Paul Vaillant - Couturier,48.9075,2.45516,Plein jour,En agglomération,Hors intersection,Temps couvert,Deux véhicules - arrière,3,1,4,0,1,2,1,0,1,50,2,4,3,0,0,1,60.0,44.0,voiture,transport_commun,1,2,1,8,2
202200022977,2022-12-16 10:25:00,2022,12,16,10,25,93,93049,Avenue Aristide Briand,48.87478,2.51217,Plein jour,En agglomération,Hors intersection,Normale,Deux véhicules - côté,4,2,2,0,2,1,1,0,1,50,2,2,1,0,0,1,25.0,31.0,deux_roues,voiture,1,2,1,1,3
202200022978,2022-12-16 07:15:00,2022,12,16,7,15,93,93048,Rue de Stalingrad / Boulevard Jeanne d’Arc,48.8560340895,2.4456789084,Crépuscule ou aube,En agglomération,Intersection en T,Temps couvert,Deux véhicules - frontale,3,2,2,0,2,1,2,0,1,30,2,2,1,0,0,1,48.0,36.0,voiture,deux_roues,2,2,3,8,1
202200022979,2022-12-16 15:54:00,2022,12,16,15,54,93,93029,Rue Roger Salengro,48.919069,2.437175,Plein jour,En agglomération,Hors intersection,Temps couvert,Autre collision,4,2,2,0,1,3,2,0,1,50,1,2,1,0,0,1,43.0,,voiture,,1,2,1,8,6
202200022980,2022-12-16 08:40:00,2022,12,16,8,40,93,93013,Avenue de la Division Leclerc / Rue de la République,48.93576,2.42669,Crépuscule ou aube,En agglomération,Intersection en T,Normale,Trois véhicules et plus - collisions multiples,3,2,3,0,1,1,1,8,1,50,5,5,4,0,0,1,41.0,36.0,voiture,voiture,2,2,3,1,5
202200022981,2022-12-16 19:25:00,2022,12,16,19,25,93,93005,Rond Point du Coudray,48.9388,2.48895,Nuit avec éclairage allumé,En agglomération,Giratoire,Brouillard / fumée,Autre collision,4,2,2,0,1,2,7,5,1,50,1,2,1,0,0,1,23.0,,voiture,,5,2,6,5,6
202200022982,2022-12-16 19:21:00,2022,12,16,19,21,92,92046,DE STALINGRAD,48.8154382071,2.2850516438,Nuit avec éclairage allumé,En agglomération,Intersection en Y,Autre,Sans collision,3,3,2,1,2,2,7,0,1,50,1,1,0,0,0,1,25.0,,deux_roues,,5,2,4,9,7
202200022983,2022-11-07 20:40:00,2022,11,7,20,40,92,92072,GRANDE RUE,48.8243051547,2.2124356627,Nuit avec éclairage allumé,En agglomération,Giratoire,Normale,Sans collision,3,1,2,2,1,2,8,0,1,50,1,1,0,0,0,1,38.0,,deux_roues,,5,2,6,1,7
202200022984,2022-12-15 13:18:00,2022,12,15,13,18,92,92063,ALBERT 1ER (AVENUE),48.883418,2.175398,Plein jour,En agglomération,Hors intersection,Normale,Autre collision,4,1,1,0,1,1,1,0,1,50,1,1,0,0,0,1,17.0,,deux_roues,,1,2,1,1,6
202200022985,2022-12-15 08:20:00,2022,12,15,8,20,92,92063,EMPEREUR (ROUTE DE L') EST,48.8605296353,2.1867331266,Plein jour,En agglomération,Autre intersection,Normale,Autre collision,3,2,0,0,2,1,1,0,1,50,1,2,1,0,1,0,38.0,,deux_roues,,1,2,9,1,6
202200022986,2022-12-16 08:30:00,2022,12,16,8,30,92,92062,FUSILLES DE LA RESISTANCES (RUE DES) N°1,48.88371,2.22507,Plein jour,En agglomération,Hors intersection,Normale,Deux véhicules - arrière,3,2,2,2,1,1,1,0,4,50,2,2,1,0,0,1,51.0,46.0,voiture,voiture,1,2,1,1,2
202200022987,2022-12-16 18:59:00,2022,12,16,18,59,92,92020,KLEBER TUE,48.7981010271,2.282967031,Nuit avec éclairage allumé,En agglomération,Giratoire,Autre,Sans collision,4,1,1,0,1,1,7,0,1,50,1,2,0,0,0,2,34.0,,deux_roues,,5,2,6,9,7
202200022988,2022-11-12 21:40:00,2022,11,12,21,40,92,92035,National ( boulevard ),48.9068452526,2.2387899756,Nuit avec éclairage allumé,En agglomération,Intersection en T,Normale,Deux véhicules - côté,3,2,5,0,1,1,1,0,1,50,2,2,1,0,0,1,54.0,57.0,voiture,voiture,5,2,3,1,3
202200022989,2022-12-16 20:45:00,2022,12,16,20,45,41,41032,D751,47.555764,1.300442,Nuit sans éclairage public,Hors agglomération,Hors intersection,Temps couvert,Deux véhicules - frontale,3,2,2,0,1,1,9,0,1,80,2,4,0,0,1,3,41.0,23.0,voiture,voiture,3,1,1,8,1
202200022990,2022-12-14 19:22:00,2022,12,14,19,22,17,17172,17 avenue de la victoire,45.571965,-0.676614,Nuit sans éclairage public,En agglomération,Intersection en T,Pluie légère,Deux véhicules - frontale,3,2,2,0,1,1,2,0,1,50,2,2,1,0,1,0,53.0,16.0,utilitaire_camion,deux_roues,3,2,3,2,1
202200022991,2022-12-16 18:02:00,2022,12,16,18,2,10,10340,N77,48.241553,4.022262,Nuit sans éclairage public,En agglomération,Hors intersection,Normale,Deux véhicules - côté,2,2,2,0,1,1,1,0,1,50,2,2,1,0,1,0,51.0,17.0,voiture,deux_roues,3,2,1,1,3
202200022992,2022-12-16 17:50:00,2022,12,16,17,50,83,83033,Route de Brignoles,43.308602,6.18629,Nuit avec éclairage allumé,En agglomération,Hors intersection,Normale,Deux véhicules - frontale,3,2,2,0,1,1,1,0,1,70,2,3,0,0,0,3,42.0,42.0,voiture,voiture,5,2,1,1,1
202200022993,2022-03-09 08:35:00,2022,3,9,8,35,69,69199,Rue de la République,45.712,4.85329,Plein jour,En agglomération,Intersection en X,Normale,Autre collision,4,2,2,2,1,1,1,6,1,30,1,2,1,0,0,1,63.0,,voiture,,1,2,2,1,6
202200022994,2022-12-16 17:30:00,2022,12,16,17,30,77,77182,D204,48.779211,3.303063,Nuit sans éclairage public,En agglomération,Intersection en T,Temps couvert,Deux véhicules - côté,3,2,2,0,1,1,1,5,1,70,2,2,1,0,1,0,48.0,32.0,voiture,voiture,3,2,3,8,3
202200022995,2022-03-09 02:30:00,2022,3,9,2,30,69,69388,Rue Bataille,45.73753,4.87406,Nuit avec éclairage allumé,En agglomération,Intersection en X,Normale,Deux véhicules - côté,4,1,1,2,1,1,1,0,1,50,2,5,0,0,0,5,38.0,36.0,voiture,voiture,5,2,2,1,3
202200022996,2022-12-16 17:05:00,2022,12,16,17,5,74,74043,Avenue des fully,46.273477,6.343145,Nuit sans éclairage public,Hors agglomération,Hors intersection,Pluie légère,Deux véhicules - frontale,3,2,2,0,1,2,2,0,1,80,2,2,0,0,2,0,25.0,72.0,voiture,voiture,3,1,1,2,1
202200022997,2022-03-09 09:20:00,2022,3,9,9,20,69,69081,Chemin de la Sauvegarde,45.7840852183,4.7870457172,Plein jour,En agglomération,Hors intersection,Normale,Autre collision,4,1,1,0,1,3,1,0,6,50,1,1,0,0,1,0,21.0,,voiture,,1,2,1,1,6
202200022998,2022-12-15 13:50:00,2022,12,15,13,50,57,57379,55 Rue Principale,48.969657,6.609942,Plein jour,En agglomération,Hors intersection,Normale,Autre collision,3,2,2,0,2,3,1,0,3,50,1,1,0,0,1,0,28.0,,utilitaire_camion,,1,2,1,1,6
202200022999,2022-12-16 21:40:00,2022,12,16,21,40,51,51210,Avenue du General Leclerc,49.061682,3.965122,Nuit avec éclairage allumé,En agglomération,Hors intersection,Normale,Sans collision,3,2,2,0,1,1,1,0,1,50,1,3,1,0,1,1,31.0,,voiture,,5,2,1,1,7
202200023000,2022-03-08 23:29:00,2022,3,8,23,29,971,97113,RN4 - SECTION RIVIERA,16.2175677308,-61.4944562316,Nuit avec éclairage allumé,Hors agglomération,Intersection en Y,Normale,Deux véhicules - côté,2,-1,0,0,1,3,1,0,1,70,2,2,0,2,0,0,28.0,61.0,deux_roues,voiture,5,1,4,1,3
202200023001,2022-12-16 20:45:00,2022,12,16,20,45,82,82113,D83,44.227933,1.391235,Nuit sans éclairage public,Hors agglomération,Hors intersection,Normale,Autre collision,3,2,2,0,1,3,2,0,3,80,1,1,0,0,1,0,31.0,,voiture,,3,1,1,1,6
202200023002,2022-03-08 21:02:00,2022,3,8,21,2,971,97101,HIBISCUS,16.24957,-61.5285,Nuit avec éclairage allumé,Hors agglomération,Autre intersection,Normale,Deux véhicules - arrière,4,-1,1,0,2,1,1,9,1,50,2,2,1,0,1,0,59.0,24.0,voiture,voiture,5,1,9,1,2
202200023003,2022-12-17 07:40:00,2022,12,17,7,40,32,32268,"PK 18, rn 124",43.602557,1.021187,Nuit sans éclairage public,Hors agglomération,Hors intersection,Pluie légère,Trois véhicules et plus - collisions multiples,2,2,2,0,1,1,2,0,1,80,3,4,0,0,2,2,19.0,70.0,voiture,voiture,3,1,1,2,5
202200023004,2022-03-08 12:30:00,2022,3,8,12,30,91,91345,RUE DE L YVETTE,48.694956,2.29337,Plein jour,En agglomération,Hors intersection,Normale,Deux véhicules - arrière,4,-1,1,0,1,1,1,9,8,1,2,2,1,0,0,1,22.0,34.0,utilitaire_camion,deux_roues,1,2,1,1,2
202200023005,2022-12-16 19:05:00,2022,12,16,19,5,71,71310,"Rond point jeanne rose, RN80",46.749095,4.493194,Nuit sans éclairage public,Hors agglomération,Giratoire,Normale,Deux véhicules - côté,2,1,2,0,1,2,1,5,1,70,2,3,0,0,2,1,52.0,81.0,voiture,voiture,3,1,6,1,3
202200023006,2022-12-16 15:00:00,2022,12,16,15,0,71,71014,22 Avenue de la République,46.962353,4.312387,Plein jour,En agglomération,Hors intersection,Temps éblouissant,Autre collision,6,-1,0,0,1,1,1,0,1,10,1,2,1,0,1,0,41.0,,utilitaire_camion,,1,2,1,7,6
202200023007,2022-03-09 07:00:00,2022,3,9,7,0,91,91201,AV DE L EUROPE,48.68754,2.43336,Crépuscule ou aube,En agglomération,Intersection en T,Normale,Deux véhicules - côté,3,2,3,0,1,3,1,0,1,50,2,2,1,0,0,1,28.0,40.0,voiture,transport_commun,2,2,3,1,3
202200023008,2022-12-16 17:40:00,2022,12,16,17,40,63,63192,Route de Clermont Ferrand - D203,45.5358337264,2.6917047054,Nuit avec éclairage allumé,En agglomération,Hors intersection,Pluie légère,Autre collision,3,-1,2,0,2,2,2,2,1,50,1,1,0,0,0,1,62.0,,voiture,,5,2,1,2,6
202200023009,2022-12-16 19:45:00,2022,12,16,19,45,63,63336,D203,45.4838372447,2.732055966,Nuit sans éclairage public,Hors agglomération,Hors intersection,Normale,Sans collision,3,2,2,0,1,3,1,0,8,-1,1,1,0,0,1,0,20.0,,voiture,,3,1,1,1,7
202200023010,2022-03-09 06:05:00,2022,3,9,6,5,91,91421,MARECHAL  LYAUTEY (AVENUE DU),48.69937,2.47228,Nuit avec éclairage allumé,En agglomération,Hors intersection,Normale,Deux véhicules - côté,3,2,2,0,1,1,1,0,1,30,2,2,1,0,0,1,59.0,49.0,deux_roues,utilitaire_camion,5,2,1,1,3
202200023011,2022-12-17 00:25:00,2022,12,17,0,25,61,61248,L'Epine des Champs Nord,48.516899,-0.841033,Nuit sans éclairage public,Hors agglomération,Hors intersection,Normale,Autre collision,3,2,2,0,1,3,7,0,8,90,1,1,0,0,1,0,20.0,,voiture,,3,1,1,1,6
202200023012,2022-10-08 00:15:00,2022,10,8,0,15,47,47254,Route de Heulies,44.339013,-0.005708,Nuit sans éclairage public,Hors agglomération,Hors intersection,Normale,Sans collision,4,2,2,0,2,1,1,0,1,80,1,1,0,1,0,0,43.0,,deux_roues,,3,1,1,1,7
202200023013,2022-03-08 18:35:00,2022,3,8,18,35,91,91479,AV DE PARIS,48.734706,2.366239,Nuit sans éclairage public,En agglomération,Hors intersection,Normale,Deux véhicules - côté,3,1,2,0,1,1,1,0,1,70,2,3,2,0,0,1,24.0,43.0,voiture,voiture,3,2,1,1,3
202200023014,2022-07-20 16:10:00,2022,7,20,16,10,68,68374,12 Rue Herzog,48.086046,7.315635,Plein jour,En agglomération,Autre intersection,Normale,Deux véhicules - côté,6,-1, -1,0,1,1,1,0,1,10,2,2,1,0,1,0,74.0,71.0,voiture,deux_roues,1,2,9,1,3
202200023015,2022-12-16 18:20:00,2022,12,16,18,20,35,35091,Le Bahac,48.21178,-2.176074,Nuit sans éclairage public,Hors agglomération,Intersection en T,Normale,Deux véhicules - arrière,3,2,2,0,1,1,1,0,1,80,2,2,1,1,0,0,18.0,58.0,deux_roues,voiture,3,1,3,1,2
202200023016,2022-03-09 15:50:00,2022,3,9,15,50,83,83137,NOMY (RUE AMIRAL),43.1200215488,5.9489905089,Plein jour,En agglomération,Giratoire,Normale,Deux véhicules - arrière,4,1,3,3,1,1,1,5,1,30,2,4,2,0,0,2,28.0,38.0,voiture,voiture,1,2,6,1,2
202200023017,2022-12-16 17:55:00,2022,12,16,17,55,72,72071,1 Place de l Hôtel de Ville,47.694798,0.418622,Nuit avec éclairage allumé,En agglomération,Hors intersection,Temps couvert,Autre collision,4,2,2,0,1,1,2,6,8,50,1,2,1,0,1,0,68.0,,voiture,,5,2,1,8,6