accident_id,datetime,annee,mois,jour,heure,minute,departement,commune_insee,adresse,latitude,longitude,luminosite,agglomeration,intersection,meteo,collision,catr,circ,nbv,vosp,prof,plan,surf,infra,situ,vma,nb_vehicules,nb_usagers,nb_indemnes,nb_tues,nb_blesses_hosp,nb_blesses_legers,age_cond_1,age_cond_2,veh_type_cond_1,veh_type_cond_2,lum_code,agg_code,int_code,atm_code,col_code
202200023018,2022-03-08 19:45:00,2022,3,8,19,45,81,81004,LATTRE DE TASSIGNY (AV DE),43.93092,2.16325,Nuit avec éclairage allumé,En agglomération,Hors intersection,Normale,Autre collision,4,3,2,0,2,1,1,0,1,50,1,3,2,1,0,0,37.0,,voiture,,5,2,1,1,6
202200023019,2022-12-16 14:52:00,2022,12,16,14,52,14,14229,2 Ter Rue Gélinotte,49.234953,-0.039357,Plein jour,En agglomération,Hors intersection,Normale,Deux véhicules - frontale,4,2,2,0,2,2,1,0,1,30,2,2,1,0,1,0,23.0,34.0,deux_roues,voiture,1,2,1,1,1
202200023020,2022-12-16 18:50:00,2022,12,16,18,50,73,73032,D990,45.61057,6.451871,Nuit sans éclairage public,Hors agglomération,Intersection en T,Normale,Deux véhicules - côté,2,1,1,0,1,3,2,3,1,50,2,2,1,0,0,1,37.0,17.0,voiture,deux_roues,3,1,3,1,3
202200023021,2022-03-03 17:20:00,2022,3,3,17,20,80,80021,JULES BARNI (RUE),49.88973,2.30935,Plein jour,En agglomération,Hors intersection,Normale,Deux véhicules - côté,4,1,4,3,1,1,1,0,6,30,2,3,2,0,0,1,30.0,26.0,voiture,deux_roues,1,2,1,1,3
202200023022,2022-03-08 17:10:00,2022,3,8,17,10,77,77243,VACHERESSE  (RUE   ),48.8770877375,2.7041770034,Plein jour,En agglomération,Hors intersection,Normale,Autre collision,4,1,1,0,1,1,1,0,1,50,1,2,1,0,0,1,49.0,,voiture,,1,2,1,1,6
202200023023,2022-12-12 18:25:00,2022,12,12,18,25,18,18087,27 Route de Bourges,46.888791,2.568403,Nuit avec éclairage allumé,En agglomération,Hors intersection,Normale,Trois véhicules et plus - collisions multiples,3,2,2,0,1,1,1,0,1,30,3,3,1,0,1,1,58.0,56.0,voiture,voiture,5,2,1,1,5
202200023024,2022-12-17 11:10:00,2022,12,17,11,10,53,53197,D110,47.853418,-1.144096,Plein jour,Hors agglomération,Hors intersection,Normale,Autre collision,3,2,2,0,1,1,1,0,3,80,1,1,0,0,1,0,28.0,,voiture,,1,1,1,1,6
202200023025,2022-03-09 17:00:00,2022,3,9,17,0,77,77307,RUE DE ROME,48.85777,2.75582,Plein jour,En agglomération,Hors intersection,Normale,Sans collision,4,2,2,0,1,1,1,0,1,50,2,3,2,0,0,1,16.0,49.0,deux_roues,voiture,1,2,1,1,7
202200023026,2022-12-16 23:00:00,2022,12,16,23,0,40,40233,211 Chemin de Montpeyroux,43.625359,-0.998152,Nuit sans éclairage public,Hors agglomération,Hors intersection,Brouillard / fumée,Sans collision,4,2,2,0,1,1,2,0,3,80,1,5,4,1,0,0,22.0,,voiture,,3,1,1,5,7
202200023027,2022-12-17 18:35:00,2022,12,17,18,35,24,24243,Route du Chemin Boisné,45.294375,0.547823,Nuit sans éclairage public,Hors agglomération,Hors intersection,Normale,Autre collision,3,2,2,0,2,3,1,0,3,80,1,1,0,0,1,0,17.0,,deux_roues,,3,1,1,1,6
202200023028,2022-03-06 16:00:00,2022,3,6,16,0,74,74013,PLAGE (RUE DE LA),46.36339,6.44234,Plein jour,En agglomération,Hors intersection,Normale,Deux véhicules - côté,4,1,1,0,1,1,1,0,1,30,2,3,1,0,0,2,17.0,55.0,deux_roues,voiture,1,2,1,1,3
202200023029,2022-12-13 11:10:00,2022,12,13,11,10,24,24253,Corneuil - D708,45.474863,0.533781,Plein jour,Hors agglomération,Hors intersection,Normale,Deux véhicules - côté,3,2,2,0,1,4,2,0,1,80,2,3,2,0,0,1,65.0,27.0,voiture,utilitaire_camion,1,1,1,1,3
202200023030,2022-12-16 17:00:00,2022,12,16,17,0,85,85172,1 Rue de l'océan,46.818931,-1.993268,Crépuscule ou aube,En agglomération,Giratoire,Temps éblouissant,Autre collision,3,3,2,0,1,1,1,0,1,50,1,2,1,0,0,1,75.0,,voiture,,2,2,6,7,6
202200023031,2022-03-07 13:45:00,2022,3,7,13,45,74,74012,VERDUN (AVENUE DE),46.1874,6.24356,Plein jour,En agglomération,Hors intersection,Normale,Deux véhicules - côté,4,2,4,2,1,1,1,0,5,50,2,3,2,0,0,1,40.0,32.0,voiture,deux_roues,1,2,1,1,3
202200023032,2022-12-16 23:45:00,2022,12,16,23,45,30,30223,,44.2036,4.139196,Nuit avec éclairage allumé,En agglomération,Hors intersection,Normale,Autre collision,3,2,2,0,1,1,1,0,1,50,1,2,1,1,0,0,22.0,,voiture,,5,2,1,1,6
202200023033,2022-03-08 08:25:00,2022,3,8,8,25,72,72181,MOLIERE - ENTRE ROCADE ET MONTHEARD,47.99384,0.21726,Plein jour,En agglomération,Hors intersection,Normale,Autre collision,4,2,2,0,1,1,1,0,8,50,1,2,1,0,0,1,32.0,,voiture,,1,2,1,1,6
202200023034,2022-12-16 07:15:00,2022,12,16,7,15,76,76533,A29 PK28.400,49.50969,0.288005,Crépuscule ou aube,Hors agglomération,Hors intersection,Neige / grêle,Trois véhicules et plus - en chaîne,1,1,2,0,2,3,7,0,1,110,3,3,1,1,0,1,67.0,56.0,voiture,voiture,2,1,1,4,4
202200023035,2022-03-08 08:05:00,2022,3,8,8,5,72,72181,PETITE-VITESSE (BD DE LA),47.99328,0.19626,Plein jour,En agglomération,Hors intersection,Temps éblouissant,Autre collision,4,2,2,2,1,1,1,0,1,50,1,2,1,0,0,1,21.0,,voiture,,1,2,1,7,6
202200023036,2022-12-17 10:10:00,2022,12,17,10,10,62,62794,A26,50.719212,2.172557,Plein jour,Hors agglomération,Hors intersection,Normale,Autre collision,1,3,5,0,1,1,2,7,1,50,1,3,0,0,1,2,65.0,,voiture,,1,1,1,1,6
202200023037,2022-12-16 18:05:00,2022,12,16,18,5,38,38537,"A43, PK 024.100",45.6363376855,5.1543555383,Nuit sans éclairage public,Hors agglomération,Hors intersection,Temps couvert,Autre collision,1,3,5,0,1,1,2,0,1,130,1,2,0,0,0,2,20.0,,voiture,,3,1,1,8,6
202200023038,2022-03-08 17:35:00,2022,3,8,17,35,71,71153,PRESIDENT WILSON (RUE DU),46.7949,4.42479,Crépuscule ou aube,En agglomération,Intersection en X,Temps éblouissant,Deux véhicules - côté,4,2,2,0,1,1,1,0,1,50,2,2,1,0,0,1,23.0,56.0,voiture,autre,2,2,2,7,3
202200023039,2022-12-16 13:55:00,2022,12,16,13,55,971,97112,Chemin de Buckingham,15.907569,-61.317707,Plein jour,Hors agglomération,Hors intersection,Normale,Sans collision,4,2,2,0,2,1,1,0,1,80,1,1,0,0,1,0,50.0,,deux_roues,,1,1,1,1,7
202200023040,2022-12-15 12:50:00,2022,12,15,12,50,34,34189,D52e3,43.277287,2.742602,Plein jour,Hors agglomération,Hors intersection,Temps couvert,Autre collision,3,2,2,0,1,3,2,0,8,80,1,1,0,0,1,0,22.0,,voiture,,1,1,1,8,6
202200023041,2022-12-16 19:10:00,2022,12,16,19,10,34,34145,32 Chemin Mas Saint Julien,43.6614815849,4.1590185463,Nuit sans éclairage public,En agglomération,Hors intersection,Normale,Deux véhicules - frontale,4,2,1,0,1,1,1,8,1,50,2,2,1,0,1,0,55.0,36.0,deux_roues,voiture,3,2,1,1,1
202200023042,2022-03-08 17:05:00,2022,3,8,17,5,71,71153,MARECHAL LECLERC (RUE),46.80675,4.42607,Plein jour,En agglomération,Hors intersection,Normale,Trois véhicules et plus - en chaîne,4,2,2,0,2,1,1,0,1,50,3,6,2,0,0,4,21.0,40.0,voiture,voiture,1,2,1,1,4
202200023043,2022-12-17 14:15:00,2022,12,17,14,15,69,69009,32 Rue du 3 Septembre 1944,45.935371922,4.718387872,Plein jour,En agglomération,Hors intersection,Normale,Deux véhicules - arrière,3,2,2,0,1,1,1,0,1,50,2,2,1,0,0,1,25.0,26.0,voiture,voiture,1,2,1,1,2
202200023044,2022-03-09 06:18:00,2022,3,9,6,18,66,66136,SALANQUE (AVENUE DE),42.72845,2.90997,Nuit sans éclairage public,Hors agglomération,Hors intersection,Normale,Deux véhicules - arrière,3,2,2,0,1,1,1,0,1,80,2,2,1,0,1,0,32.0,55.0,deux_roues,utilitaire_camion,3,1,1,1,2
202200023045,2022-12-08 19:30:00,2022,12,8,19,30,69,69028,Montee de la Bernade,45.722438,4.697957,Nuit avec éclairage allumé,En agglomération,Hors intersection,Normale,Autre collision,3,2,2,0,2,1,2,0,1,50,1,2,1,0,0,1,31.0,,voiture,,5,2,1,1,6
202200023046,2022-03-09 16:25:00,2022,3,9,16,25,59,59378,CLEMENCEAU BLVD (N°2-138),50.6620565992,3.096275568,Plein jour,En agglomération,Hors intersection,Normale,Autre collision,7,1,1,0,1,1,1,2,1,50,1,2,1,0,1,0,51.0,,voiture,,1,2,1,1,6
202200023047,2022-12-16 17:40:00,2022,12,16,17,40,31,31395,Avenue d'Europe,43.463425,1.332731,Nuit avec éclairage allumé,En agglomération,Hors intersection,Pluie légère,Trois véhicules et plus - collisions multiples,3,2,2,0,1,1,2,0,1,50,3,4,3,0,0,1,22.0,38.0,voiture,deux_roues,5,2,1,2,5
202200023048,2022-03-09 08:20:00,2022,3,9,8,20,59,59350,STRASBOURG BOULEVARD,50.61791,3.05824,Plein jour,En agglomération,Hors intersection,Normale,Deux véhicules - côté,7,1,1,1,1,1,1,0,1,50,2,2,1,0,0,1,38.0,36.0,deux_roues,voiture,1,2,1,1,3
202200023049,2022-03-06 19:15:00,2022,3,6,19,15,57,57019,CLEMENCEAU (RUE),49.2582736,6.13376,Nuit sans éclairage public,En agglomération,Hors intersection,Normale,Sans collision,4,3,2,0,1,1,1,0,1,30,1,1,0,0,1,0,62.0,,deux_roues,,3,2,1,1,7
202200023050,2022-12-16 16:30:00,2022,12,16,16,30,33,33080,Avenue du General de Gaulle,44.752239,-0.540324,Plein jour,En agglomération,Intersection en X,Normale,Deux véhicules - arrière,3,2,2,0,1,1,1,0,1,50,2,3,2,0,1,0,42.0,16.0,voiture,deux_roues,1,2,2,1,2
202200023051,2022-11-14 08:20:00,2022,11,14,8,20,85,85003,RD978,46.7509091,-1.6239729,Crépuscule ou aube,En agglomération,Giratoire,Pluie légère,Deux véhicules - frontale,3,2,2,0,1,1,2,0,1,50,2,2,1,0,0,1,25.0,14.0,voiture,deux_roues,2,2,6,2,1
202200023052,2022-03-09 17:05:00,2022,3,9,17,5,51,51454,Rue de Brimontel,49.2718485291,4.0338867903,Plein jour,En agglomération,Intersection en T,Normale,Deux véhicules - arrière,4,2,2,0,1,1,1,5,1,50,2,3,1,0,0,2,37.0,45.0,voiture,voiture,1,2,3,1,2
202200023053,2022-12-16 09:30:00,2022,12,16,9,30,62,62752,A16,50.488845,1.683406,Plein jour,Hors agglomération,Hors intersection,Autre,Autre collision,1,3,4,0,1,1,7,0,1,130,1,4,3,0,0,1,58.0,,voiture,,1,1,1,9,6
202200023054,2022-03-09 19:00:00,2022,3,9,19,0,44,44162,Avenue Condorcet,47.229341,-1.608067,Nuit avec éclairage allumé,En agglomération,Giratoire,Normale,Deux véhicules - côté,4,1,1,0,1,1,1,0,1,30,2,2,1,0,0,1,58.0,25.0,deux_roues,voiture,5,2,6,1,3
202200023055,2022-03-06 08:50:00,2022,3,6,8,50,43,43157,Route de Montredon,45.055520605,3.9026355743,Plein jour,En agglomération,Hors intersection,Normale,Autre collision,3,2,2,0,1,1,7,0,1,50,1,1,0,0,1,0,72.0,,deux_roues,,1,2,1,1,6
202200023056,2022-12-16 15:10:00,2022,12,16,15,10,59,59626,CD 129,50.296934,3.637676,Plein jour,Hors agglomération,Hors intersection,Brouillard / fumée,Deux véhicules - arrière,3,2,1,0,1,2,1,0,1,80,2,5,2,0,0,3,34.0,25.0,voiture,voiture,1,1,1,5,2
202200023057,2022-01-13 10:00:00,2022,1,13,10,0,42,42218,Allée Alexandre Dumas,45.440103,4.42252,Plein jour,En agglomération,Hors intersection,Normale,Deux véhicules - côté,4,2,1,0,2,1,1,0,1,50,2,2,0,0,0,2,72.0,43.0,voiture,voiture,1,2,1,1,3
202200023058,2022-03-09 10:35:00,2022,3,9,10,35,37,37261,CONSTANTINE (RUE DE),47.3961945171,0.6839472055,Plein jour,En agglomération,Hors intersection,Normale,Autre collision,4,2,2,0,1,1,1,0,1,50,1,2,1,0,0,1,45.0,,voiture,,1,2,1,1,6
202200023059,2022-03-08 13:30:00,2022,3,8,13,30,35,35238,VEZIN (ROUTE DE),48.11638,-1.7117,Plein jour,En agglomération,Hors intersection,Pluie légère,Deux véhicules - côté,4,2,4,1,2,1,2,0,1,50,2,2,1,0,0,1,24.0,25.0,deux_roues,voiture,1,2,1,2,3
202200023060,2022-12-16 00:45:00,2022,12,16,0,45,13,13215,A55-Sens Martigues vers Marseille,43.346,5.346,Nuit sans éclairage public,Hors agglomération,Hors intersection,Temps couvert,Sans collision,1,1,3,0,2,2,2,0,1,90,1,4,2,0,0,2,,,voiture,,3,1,1,8,7
202200023061,2022-03-09 09:27:00,2022,3,9,9,27,33,33075,Route du Médoc,44.8735330234,-0.6172285974,Plein jour,En agglomération,Intersection en T,Normale,Deux véhicules - côté,4,2,2,2,1,1,1,5,5,50,2,2,1,0,0,1,61.0,42.0,deux_roues,utilitaire_camion,1,2,3,1,3
202200023062,2022-03-08 23:35:00,2022,3,8,23,35,33,33075,Avenue de la Jalle Noire,44.8918074829,-0.614630878,Nuit avec éclairage allumé,Hors agglomération,Hors intersection,Normale,Autre collision,4,2,3,0,1,1,2,0,4,50,1,2,1,0,0,1,44.0,,voiture,,5,1,1,1,6
202200023063,2022-03-09 14:50:00,2022,3,9,14,50,28,28085,VARIZE (RUE DE),48.4379,1.48836,Plein jour,En agglomération,Giratoire,Normale,Deux véhicules - frontale,4,1,2,0,1,1,1,9,1,50,1,2,1,0,0,1,77.0,,voiture,,1,2,6,1,1
202200023064,2022-03-08 11:50:00,2022,3,8,11,50,27,27229,NORMANDIE (BOULEVARD DE),49.0185176531,1.1424407958,Plein jour,En agglomération,Intersection en X,Normale,Trois véhicules et plus - collisions multiples,4,2,2,0,1,1,1,0,1,50,3,3,2,0,0,1,21.0,65.0,utilitaire_camion,deux_roues,1,2,2,1,5
202200023065,2022-03-09 16:30:00,2022,3,9,16,30,25,25056,DOLE RUE DE (inf 82),47.23399,6.00718,Plein jour,En agglomération,Intersection en T,Normale,Deux véhicules - côté,4,-1,2,2,1,1,1,0,1,50,2,3,2,0,0,1,27.0,44.0,voiture,voiture,1,2,3,1,3
202200023066,2022-03-09 06:59:00,2022,3,9,6,59,25,25056,BELFORT RUE DE (inf144),47.24776,6.02827,Plein jour,En agglomération,Intersection en Y,Normale,Deux véhicules - arrière,3,1,2,0,1,1,1,5,1,50,2,2,1,0,0,1,52.0,62.0,voiture,voiture,1,2,4,1,2
202200023067,2022-03-09 18:20:00,2022,3,9,18,20,13,13212,TROIS LUCS (AVENUE DES),43.310027666,5.460566123,Plein jour,En agglomération,Hors intersection,Normale,Deux véhicules - frontale,4,2,2,0,1,2,1,0,1,50,2,2,1,0,0,1,31.0,60.0,voiture,voiture,1,2,1,1,1
202200023068,2022-03-08 01:09:00,2022,3,8,1,9,13,13206,LIEUTAUD (COURS),43.2883184766,5.3845019893,Nuit avec éclairage allumé,En agglomération,Autre intersection,Normale,Deux véhicules - arrière,4,2,2,0,1,1,1,9,8,50,2,3,2,0,0,1,22.0,29.0,autre,autre,5,2,9,1,2
202200023069,2022-03-09 13:25:00,2022,3,9,13,25,06,06088,LAUVETTA (CH. DE LA),43.74511,7.30727,Plein jour,En agglomération,Autre intersection,Normale,Autre collision,4,-1,0,0,1,1,1,0,8,20,1,2,1,0,0,1,18.0,,deux_roues,,1,2,9,1,6
202200023070,2022-03-09 15:40:00,2022,3,9,15,40,06,06069,DRAGUIGNAN (ROUTE DE) - D2562-,43.645265,6.902859,Plein jour,En agglomération,Hors intersection,Normale,Trois véhicules et plus - collisions multiples,3,2,2,0,1,3,1,2,1,50,3,4,2,0,0,2,33.0,22.0,voiture,voiture,1,2,1,1,5
202200023071,2022-03-07 14:20:00,2022,3,7,14,20,06,06004,BORD DE MER RN.98 LA SIESTA,43.611175,7.126674,Plein jour,Hors agglomération,Giratoire,Normale,Deux véhicules - côté,3,1,1,0,2,1,1,5,1,30,2,2,1,0,0,1,69.0,77.0,deux_roues,voiture,1,1,6,1,3
202200023072,2022-03-09 09:30:00,2022,3,9,9,30,75,75114,BD PERIPHERIQUE INTERIEUR,48.8248232042,2.304520458,Plein jour,En agglomération,Intersection en Y,Normale,Sans collision,4,3,3,0,1,1,1,1,1,70,1,1,0,0,0,1,48.0,,deux_roues,,1,2,4,1,7
202200023073,2022-03-08 17:20:00,2022,3,8,17,20,75,75119,BD PERIPHERIQUE EXTERIEUR,48.8808527856,2.4050099077,Plein jour,En agglomération,Intersection en Y,Normale,Deux véhicules - côté,4,1,4,0,1,1,1,0,1,70,2,2,1,0,0,1,38.0,28.0,deux_roues,voiture,1,2,4,1,3
202200023074,2022-03-09 18:19:00,2022,3,9,18,19,75,75106,RUE D ASSAS,48.848321,2.329195,Crépuscule ou aube,En agglomération,Hors intersection,Normale,Deux véhicules - arrière,4,1,2,0,1,1,1,0,1,30,2,2,1,0,0,1,27.0,74.0,deux_roues,voiture,2,2,1,1,2
202200023075,2022-03-09 15:38:00,2022,3,9,15,38,75,75105,RUE MONGE,48.846607,2.351652,Plein jour,En agglomération,Intersection en X,Normale,Deux véhicules - côté,4,2,3,0,1,1,1,0,1,30,2,3,1,0,0,2,26.0,35.0,deux_roues,deux_roues,1,2,2,1,3
202200023076,2022-03-09 12:15:00,2022,3,9,12,15,75,75119,RUE RAYMOND RADIGUET,48.892066,2.372542,Plein jour,En agglomération,Intersection en X,Normale,Autre collision,4,1,1,0,1,1,1,0,1,30,1,2,1,0,0,1,33.0,,voiture,,1,2,2,1,6
202200023077,2022-03-09 11:05:00,2022,3,9,11,5,75,75119,AVENUE DE FLANDRE,48.894439,2.381468,Plein jour,En agglomération,Intersection en X,Normale,Deux véhicules - arrière,4,3,3,0,1,1,1,0,1,30,2,2,1,0,0,1,52.0,32.0,deux_roues,utilitaire_camion,1,2,2,1,2
202200023078,2022-03-09 06:10:00,2022,3,9,6,10,75,75119,AVENUE DE LA PORTE DES LILAS,48.8770868176,2.4068950117,Nuit avec éclairage allumé,En agglomération,Intersection en X,Normale,Deux véhicules - côté,4,2,6,0,1,1,1,5,1,30,2,3,2,0,0,1,57.0,28.0,voiture,deux_roues,5,2,2,1,3
202200023079,2022-03-09 20:40:00,2022,3,9,20,40,75,75117,RUE DE ROME,48.88329,2.319264,Nuit avec éclairage allumé,En agglomération,Intersection en X,Normale,Deux véhicules - côté,4,2,3,1,1,1,1,-1,5,30,2,2,1,0,0,1,25.0,20.0,deux_roues,deux_roues,5,2,2,1,3
202200023080,2022-03-09 11:30:00,2022,3,9,11,30,75,75116,AVENUE VICTOR HUGO,48.866814,2.278616,Plein jour,En agglomération,Hors intersection,Normale,Autre collision,4,2,2,0,1,1,1,0,1,30,1,2,1,0,0,1,77.0,,voiture,,1,2,1,1,6
202200023081,2022-03-08 09:35:00,2022,3,8,9,35,75,75116,ALLEE DE LA REINE MARGUERITE,48.867652,2.250886,Plein jour,En agglomération,Intersection en X,Normale,Deux véhicules - côté,4,2,2,0,1,1,1,0,1,50,2,2,1,0,0,1,47.0,58.0,voiture,deux_roues,1,2,2,1,3
202200023082,2022-03-09 18:15:00,2022,3,9,18,15,75,75112,RUE DU FAUBOURG SAINT ANTOINE,48.851861,2.37374,Plein jour,En agglomération,Intersection en T,Normale,Autre collision,4,2,2,0,1,1,1,0,1,30,1,2,1,0,0,1,,,voiture,,1,2,3,1,6
202200023083,2022-03-09 13:55:00,2022,3,9,13,55,75,75112,QUAI DE LA RAPEE,48.843182,2.371026,Plein jour,En agglomération,Hors intersection,Normale,Trois véhicules et plus - en chaîne,4,3,3,0,2,1,1,1,1,50,4,4,3,0,1,0,19.0,47.0,voiture,deux_roues,1,2,1,1,4
202200023084,2022-03-09 13:45:00,2022,3,9,13,45,75,75110,BOULEVARD DE MAGENTA,48.881637,2.351274,Plein jour,En agglomération,Hors intersection,Normale,Autre collision,4,2,4,3,1,1,1,-1,6,30,1,2,1,0,0,1,23.0,,deux_roues,,1,2,1,1,6
202200023085,2022-03-09 12:30:00,2022,3,9,12,30,75,75110,RUE LA FAYETTE,48.882672588,2.3698684573,Plein jour,En agglomération,Intersection à plus de 4 branches,Normale,Deux véhicules - côté,4,2,5,0,1,1,1,0,1,30,2,2,1,0,0,1,29.0,16.0,voiture,deux_roues,1,2,5,1,3
202200023086,2022-03-08 13:00:00,2022,3,8,13,0,75,75108,AVENUE MATIGNON,48.8699336638,2.3119456711,Plein jour,En agglomération,Intersection en X,Normale,Autre collision,4,2,3,3,1,1,1,-1,6,30,1,2,1,0,0,1,52.0,,deux_roues,,1,2,2,1,6
202200023087,2022-03-08 09:45:00,2022,3,8,9,45,75,75101,Quai Aimé Césaire,48.8613979033,2.3284624849,Plein jour,En agglomération,Hors intersection,Normale,Deux véhicules - frontale,4,2,5,1,1,1,1,-1,5,30,2,2,1,0,0,1,40.0,42.0,deux_roues,deux_roues,1,2,1,1,1
202200023088,2022-03-09 12:00:00,2022,3,9,12,0,94,94044,2 Avenue de Verdun,48.75184,2.48739,Plein jour,En agglomération,Hors intersection,Normale,Deux véhicules - côté,3,-1,0,0,1,3,1,0,1,50,2,2,1,0,0,1,27.0,25.0,voiture,voiture,1,2,1,1,3
202200023089,2022-03-08 08:50:00,2022,3,8,8,50,94,94068,Rue Garibaldi,48.79334,2.48739,Plein jour,En agglomération,Autre intersection,Normale,Deux véhicules - côté,4,2,2,0,1,3,1,0,1,30,2,2,1,0,0,1,40.0,38.0,deux_roues,voiture,1,2,9,1,3
202200023090,2022-03-09 20:20:00,2022,3,9,20,20,94,94041,91 Avenue de Verdun,48.81305,2.38822,Nuit avec éclairage allumé,En agglomération,Hors intersection,Normale,Autre collision,3,-1,4,1,1,1,1,0,5,50,1,2,1,0,0,1,44.0,,deux_roues,,5,2,1,1,6
202200023091,2022-03-09 19:15:00,2022,3,9,19,15,94,94022,Rue Jean Jaures / Avenue Pablo Picasso,48.76562,2.40964,Nuit avec éclairage allumé,En agglomération,Intersection en T,Normale,Autre collision,3,3,4,3,1,1,1,0,1,50,1,2,1,0,0,1,48.0,,deux_roues,,5,2,3,1,6
202200023092,2022-03-09 17:15:00,2022,3,9,17,15,93,93066,Avenue Jeanne d’Arc,48.92991,2.3657,Plein jour,En agglomération,Hors intersection,Normale,Deux véhicules - frontale,4,2,2,0,1,1,1,0,1,50,2,2,1,0,0,1,27.0,18.0,voiture,deux_roues,1,2,1,1,1
202200023093,2022-03-09 14:45:00,2022,3,9,14,45,93,93049,Boulevard Galliéni / Rue Paul Cezanne,48.85307,2.51497,Plein jour,En agglomération,Intersection en X,Normale,Deux véhicules - côté,3,3,4,3,1,1,1,0,6,50,2,2,1,0,0,1,43.0,28.0,voiture,deux_roues,1,2,2,1,3
202200023094,2022-03-09 07:45:00,2022,3,9,7,45,93,93050,Rue Paul et Camille Thomoux,48.86734,2.52872,Plein jour,En agglomération,Hors intersection,Normale,Trois véhicules et plus - en chaîne,3,3,3,0,1,1,1,0,1,50,3,5,3,0,0,2,30.0,35.0,voiture,voiture,1,2,1,1,4
202200023095,2022-03-09 12:21:00,2022,3,9,12,21,93,93046,89 Boulevard Robert Schuman,48.93059,2.55477,Plein jour,En agglomération,Hors intersection,Normale,Autre collision,4,2,2,0,1,1,1,0,4,50,1,2,1,0,0,1,52.0,,voiture,,1,2,1,1,6
202200023096,2022-03-09 19:48:00,2022,3,9,19,48,93,93005,GEORGES BRAQUE (BOULEVARD),48.9633622236,2.4711665667,Nuit sans éclairage public,En agglomération,Hors intersection,Normale,Autre collision,3,3,5,0,1,1,1,0,1,50,1,3,2,1,0,0,37.0,,voiture,,3,2,1,1,6
202200023097,2022-03-09 08:55:00,2022,3,9,8,55,92,92072,LECLERC (AVENUE DE LA DIVISION),48.82456,2.22008,Plein jour,En agglomération,Intersection en T,Normale,Deux véhicules - côté,3,2,2,0,2,1,1,0,1,30,2,2,1,0,0,1,72.0,43.0,deux_roues,voiture,1,2,3,1,3
202200023098,2022-03-08 07:50:00,2022,3,8,7,50,92,92051,"VICTOR HUGO (BOULEVARD, N° 51 A 75 ET 62",48.8950597768,2.2728100419,Plein jour,En agglomération,Hors intersection,Normale,Autre collision,4,2,2,0,1,1,1,0,1,50,1,2,1,0,0,1,45.0,,voiture,,1,2,1,1,6
202200023099,2022-03-09 17:45:00,2022,3,9,17,45,92,92040,BOURGAIN (AVENUE),48.8224986201,2.2680421471,Plein jour,En agglomération,Intersection en X,Normale,Autre collision,3,2,0,0,2,2,1,0,1,30,1,2,1,0,0,1,35.0,,deux_roues,,1,2,2,1,6
202200023100,2022-03-08 19:05:00,2022,3,8,19,5,92,92036,FOSSE BLANC (RUE DU) (1/145),48.921790544,2.3058008105,Plein jour,En agglomération,Intersection en X,Normale,Deux véhicules - frontale,3,2, -1,-1,1,1,1,0,1,-1,2,2,1,0,0,1,26.0,19.0,deux_roues,voiture,1,2,2,1,1
202200023101,2022-03-09 13:15:00,2022,3,9,13,15,92,92012,HEINRICH (RUE),48.827435,2.245112,Nuit avec éclairage allumé,Hors agglomération,Hors intersection,Normale,Autre collision,4,1,1,0,2,1,1,1,8,30,1,2,1,0,0,1,60.0,,voiture,,5,1,1,1,6
202200023102,2022-03-04 09:40:00,2022,3,4,9,40,972,97221,La Laugier,14.521916,-60.980811,Plein jour,En agglomération,Giratoire,Temps couvert,Autre collision,4,2,2,0,1,1,1,5,1,50,1,2,1,0,1,0,81.0,,voiture,,1,2,6,8,6
202200023103,2022-03-10 09:15:00,2022,3,10,9,15,34,34270,Route de Lattes,43.576349,3.836352,Plein jour,En agglomération,Hors intersection,Temps couvert,Autre collision,7,2,2,0,2,2,2,0,1,70,1,1,0,0,0,1,19.0,,voiture,,1,2,1,8,6
202200023104,2022-03-10 08:00:00,2022,3,10,8,0,83,83097,D23,43.5073961009,5.7337918281,Plein jour,Hors agglomération,Hors intersection,Brouillard / fumée,Deux véhicules - côté,3,2,2,0,2,2,1,0,1,80,2,9,6,0,0,3,55.0,34.0,transport_commun,voiture,1,1,1,5,3
202200023105,2022-03-09 15:55:00,2022,3,9,15,55,51,51562,Rue de Sillery,49.213351,4.096131,Plein jour,En agglomération,Hors intersection,Normale,Sans collision,3,2,2,0,1,1,1,0,1,30,1,2,1,0,1,0,59.0,,voiture,,1,2,1,1,7
202200023106,2022-03-09 16:05:00,2022,3,9,16,5,80,80593,D329,49.919751,2.726873,Plein jour,Hors agglomération,Hors intersection,Normale,Sans collision,3,2,2,0,2,1,1,0,3,80,1,1,0,0,0,1,27.0,,voiture,,1,1,1,1,7
202200023107,2022-03-09 23:10:00,2022,3,9,23,10,80,80228,Avenue du Gen de Gaulle,50.219697,1.622692,Nuit avec éclairage allumé,En agglomération,Intersection en T,Normale,Autre collision,4,2,2,0,1,1,1,0,4,30,1,1,0,0,0,1,17.0,,deux_roues,,5,2,3,1,6
202200023108,2022-03-09 08:13:00,2022,3,9,8,13,82,82178,D3,43.820525,1.18368,Plein jour,Hors agglomération,Intersection en X,Brouillard / fumée,Deux véhicules - côté,3,2,2,0,1,1,1,0,1,80,2,2,1,0,0,1,74.0,43.0,utilitaire_camion,voiture,1,1,2,5,3
202200023109,2022-03-09 13:35:00,2022,3,9,13,35,61,61180,Lieu Dit la Gevriniere,48.872054,0.223181,Plein jour,Hors agglomération,Hors intersection,Normale,Sans collision,3,2,2,0,1,2,1,0,3,90,1,1,0,0,0,1,59.0,,voiture,,1,1,1,1,7