accident_id,datetime,annee,mois,jour,heure,minute,departement,commune_insee,adresse,latitude,longitude,luminosite,agglomeration,intersection,meteo,collision,catr,circ,nbv,vosp,prof,plan,surf,infra,situ,vma,nb_vehicules,nb_usagers,nb_indemnes,nb_tues,nb_blesses_hosp,nb_blesses_legers,age_cond_1,age_cond_2,veh_type_cond_1,veh_type_cond_2,lum_code,agg_code,int_code,atm_code,col_code
202200023110,2022-03-02 18:30:00,2022,3,2,18,30,49,49069,D763,47.315834,-1.163145,Nuit sans éclairage public,Hors agglomération,Autre intersection,Normale,Trois véhicules et plus - en chaîne,3,2,2,0,1,1,1,0,1,80,3,3,0,0,0,3,36.0,70.0,voiture,voiture,3,1,9,1,4
202200023111,2022-03-09 19:30:00,2022,3,9,19,30,47,47316,D120,44.417199,0.334654,Nuit sans éclairage public,Hors agglomération,Hors intersection,Normale,Autre collision,3,2,2,0,2,1,1,0,1,80,1,1,0,0,1,0,25.0,,voiture,,3,1,1,1,6
202200023112,2022-03-09 12:30:00,2022,3,9,12,30,22,22165,Le Champ Ratel,48.362597,-2.497421,Plein jour,Hors agglomération,Intersection en X,Normale,Deux véhicules - côté,3,2,2,0,1,1,1,0,1,80,2,4,0,0,0,4,72.0,21.0,voiture,voiture,1,1,2,1,3
202200023113,2022-03-10 08:05:00,2022,3,10,8,5,25,25334,D9,46.946322,6.113575,Plein jour,Hors agglomération,Intersection en T,Normale,Deux véhicules - frontale,3,2,2,0,1,2,1,0,1,80,2,3,1,0,0,2,34.0,21.0,voiture,voiture,1,1,3,1,1
202200023114,2022-03-07 20:00:00,2022,3,7,20,0,35,35179,Le Vieux Bourg,48.499005,-1.905613,Nuit sans éclairage public,Hors agglomération,Intersection en T,Normale,Deux véhicules - côté,3,2,2,0,1,1,1,0,1,80,2,2,1,0,1,0,57.0,39.0,voiture,voiture,3,1,3,1,3
202200023115,2022-03-10 11:30:00,2022,3,10,11,30,29,29024,Place du 19 mars 1962,48.277402,-3.569918,Plein jour,En agglomération,Intersection en Y,Normale,Autre collision,4,1,1,0,1,1,1,0,1,50,1,2,1,0,0,1,35.0,,voiture,,1,2,4,1,6
202200023116,2022-03-05 19:10:00,2022,3,5,19,10,29,29158,D785 - Route de Plomeur,47.819408,-4.318829,Crépuscule ou aube,Hors agglomération,Intersection en T,Normale,Autre collision,3,2,2,1,1,1,1,5,8,80,1,1,0,0,0,1,52.0,,voiture,,2,1,3,1,6
202200023117,2022-03-09 16:05:00,2022,3,9,16,5,31,31390,Avenue du Nord,43.086356,0.573655,Plein jour,En agglomération,Autre intersection,Normale,Autre collision,3,2,2,0,2,1,1,0,1,50,1,2,1,0,0,1,60.0,,voiture,,1,2,9,1,6
202200023118,2022-03-10 15:15:00,2022,3,10,15,15,58,58079,Route de Varzy,47.450394,3.504896,Plein jour,En agglomération,Hors intersection,Normale,Deux véhicules - côté,3,2,2,0,1,1,1,0,1,50,2,2,1,0,1,0,41.0,84.0,voiture,deux_roues,1,2,1,1,3
202200023119,2022-03-09 19:45:00,2022,3,9,19,45,54,54157,Rue de la Grande Roche,48.842046,6.067609,Nuit avec éclairage allumé,En agglomération,Hors intersection,Normale,Autre collision,3,2,1,0,2,2,1,0,4,50,1,2,1,0,1,0,,,voiture,,5,2,1,1,6
202200023120,2022-03-07 18:15:00,2022,3,7,18,15,14,14371,D164,49.00247,0.298144,Plein jour,Hors agglomération,Intersection en Y,Normale,Deux véhicules - côté,3,2,1,0,1,3,1,0,3,80,2,2,0,0,0,1,53.0,,deux_roues,utilitaire_camion,1,1,4,1,3
202200023121,2022-03-10 16:40:00,2022,3,10,16,40,60,60584,5 Rue Salvador Allende,49.215304,2.407382,Plein jour,En agglomération,Hors intersection,Normale,Sans collision,3,2,2,0,3,1,1,0,1,50,1,1,0,0,0,1,51.0,,deux_roues,,1,2,1,1,7
202200023122,2022-03-09 19:50:00,2022,3,9,19,50,18,18141,,47.140242,2.250438,Nuit sans éclairage public,Hors agglomération,Hors intersection,Normale,Autre collision,3,2,2,0,1,1,1,0,1,90,1,2,1,0,1,0,60.0,,voiture,,3,1,1,1,6
202200023123,2022-03-08 15:33:00,2022,3,8,15,33,21,21619,D112,47.4139,5.2672,Plein jour,Hors agglomération,Hors intersection,Normale,Sans collision,3,2,2,0,3,3,1,0,3,80,1,1,0,1,0,0,67.0,,voiture,,1,1,1,1,7
202200023124,2022-03-09 21:56:00,2022,3,9,21,56,27,27074,D613 - PK066+070,49.154882,0.64895,Nuit sans éclairage public,Hors agglomération,Hors intersection,Normale,Deux véhicules - frontale,3,2,3,0,1,1,1,0,1,80,2,2,1,1,0,0,56.0,34.0,utilitaire_camion,voiture,3,1,1,1,1
202200023125,2022-03-09 16:50:00,2022,3,9,16,50,23,23076,D996,46.182817,2.480121,Plein jour,Hors agglomération,Intersection en T,Normale,Autre collision,3,2,2,0,2,2,1,0,3,90,1,1,0,0,0,1,31.0,,deux_roues,,1,1,3,1,6
202200023126,2022-03-10 12:15:00,2022,3,10,12,15,01,01067,"Autoroute A40 - PK 128+500, sens MACON-GENEVE",46.130425,5.508047,Plein jour,Hors agglomération,Hors intersection,Normale,Deux véhicules - côté,1,3,4,0,1,1,1,0,1,110,2,2,1,0,0,1,24.0,48.0,voiture,voiture,1,1,1,1,3
202200023127,2022-03-09 17:30:00,2022,3,9,17,30,35,35131,D35,48.121757,-1.829996,Plein jour,Hors agglomération,Hors intersection,Temps couvert,Deux véhicules - arrière,7,2,2,0,1,1,1,0,1,80,2,2,1,0,1,0,74.0,,deux_roues,voiture,1,1,1,8,2
202200023128,2022-03-09 11:15:00,2022,3,9,11,15,01,01089,A42,45.989418,5.313038,Plein jour,Hors agglomération,Hors intersection,Normale,Deux véhicules - arrière,1,3,4,0,1,1,1,0,1,130,2,2,1,0,0,1,51.0,65.0,utilitaire_camion,voiture,1,1,1,1,2
202200023129,2022-03-04 16:00:00,2022,3,4,16,0,74,74081,Grande  rue,46.064652,6.579711,Plein jour,En agglomération,Hors intersection,Normale,Autre collision,3,2,2,0,1,1,1,9,6,30,1,2,1,0,0,1,41.0,,voiture,,1,2,1,1,6
202200023130,2022-03-08 13:30:00,2022,3,8,13,30,38,38537,A43 PK 022.700 sens LYON-CHAMBERY,45.644888,5.137396,Plein jour,Hors agglomération,Hors intersection,Normale,Autre collision,1,3,5,0,1,3,1,0,2,130,1,1,0,0,0,1,48.0,,voiture,,1,1,1,1,6
202200023131,2022-03-09 15:50:00,2022,3,9,15,50,13,13067,A7 - PK 217+900 - Sens  sud nord,43.76977,5.069135,Plein jour,Hors agglomération,Hors intersection,Normale,Trois véhicules et plus - collisions multiples,1,2,3,0,1,1,1,0,1,130,3,3,2,0,0,1,29.0,60.0,utilitaire_camion,voiture,1,1,1,1,5
202200023132,2022-03-09 22:30:00,2022,3,9,22,30,78,78009,autorouteA10 Pk 33+100 en direction de Paris,48.482411,1.913115,Nuit sans éclairage public,Hors agglomération,Hors intersection,Normale,Deux véhicules - côté,1,3,3,0,1,1,1,8,1,130,2,2,0,2,0,0,61.0,43.0,utilitaire_camion,utilitaire_camion,3,1,1,1,3
202200023133,2022-03-09 17:00:00,2022,3,9,17,0,91,91634,Autoroute A10 PK 009+500 sens 2 province/paris,48.608284,2.095471,Plein jour,Hors agglomération,Hors intersection,Normale,Sans collision,1,3,4,0,1,1,1,0,1,130,1,1,0,1,0,0,55.0,,utilitaire_camion,,1,1,1,1,7
202200023134,2022-03-09 09:50:00,2022,3,9,9,50,13,13087,D7n,43.487159,5.611138,Plein jour,En agglomération,Hors intersection,Normale,Deux véhicules - côté,3,2,2,0,1,1,1,5,1,50,2,2,0,1,0,1,85.0,21.0,voiture,voiture,1,2,1,1,3
202200023135,2022-03-09 17:20:00,2022,3,9,17,20,83,83115,Place Jean Mermoz,43.310756,6.634203,Plein jour,En agglomération,Hors intersection,Normale,Autre collision,6,-1, -1,0,1,1,1,0,6,30,1,2,1,0,1,0,58.0,,voiture,,1,2,1,1,6
202200023136,2022-03-06 12:15:00,2022,3,6,12,15,06,06075,1029 Chemin de la Mole,43.853704,7.222107,Plein jour,En agglomération,Hors intersection,Temps couvert,Deux véhicules - frontale,4,2,2,0,1,1,2,0,1,50,2,2,1,0,1,0,50.0,51.0,deux_roues,voiture,1,2,1,8,1
202200023137,2022-03-09 21:20:00,2022,3,9,21,20,13,13081,cd 20,43.47983,5.23122,Nuit sans éclairage public,En agglomération,Hors intersection,Normale,Deux véhicules - frontale,7,2,2,0,1,1,1,0,1,50,1,2,1,1,0,0,53.0,,voiture,,3,2,1,1,1
202200023138,2022-03-10 18:35:00,2022,3,10,18,35,38,38487,N7,45.566266,4.858409,Crépuscule ou aube,Hors agglomération,Intersection en X,Normale,Trois véhicules et plus - collisions multiples,2,2,2,0,1,1,1,5,1,70,3,5,3,0,0,2,23.0,33.0,voiture,voiture,2,1,2,1,5
202200023139,2022-09-03 13:10:00,2022,9,3,13,10,35,35238,,48.099653,-1.714605,Plein jour,Hors agglomération,Hors intersection,Normale,Autre collision,2,3,7,0,1,1,1,0,3,90,1,3,0,0,0,3,33.0,,voiture,,1,1,1,1,6
202200023140,2022-09-03 14:22:00,2022,9,3,14,22,35,35238,ABELARD (PIERRE),48.10558,-1.68479,Plein jour,En agglomération,Intersection en X,Normale,Autre collision,4,3,4,2,1,1,1,0,1,50,1,2,1,0,0,1,30.0,,voiture,,1,2,2,1,6
202200023141,2022-03-09 17:30:00,2022,3,9,17,30,01,01262,Chemin de la Maladière,45.847901,5.050761,Plein jour,En agglomération,Intersection en T,Normale,Deux véhicules - côté,4,2,2,0,1,1,1,0,1,50,2,2,1,0,0,1,47.0,24.0,deux_roues,voiture,1,2,3,1,3
202200023142,2022-09-03 20:00:00,2022,9,3,20,0,33,33075,Avenue Raymond Manaud,44.8796418378,-0.5839852989,Plein jour,En agglomération,Hors intersection,Normale,Deux véhicules - frontale,4,2,2,0,1,3,1,0,1,50,2,2,1,0,0,1,48.0,47.0,voiture,voiture,1,2,1,1,1
202200023143,2022-09-03 02:54:00,2022,9,3,2,54,31,31555,Allée Serge RAVANEL,43.59136,1.45316,Nuit avec éclairage allumé,En agglomération,Giratoire,Normale,Autre collision,4,2,2,0,1,3,1,5,1,50,1,2,1,0,0,1,62.0,,voiture,,5,2,6,1,6
202200023144,2022-03-10 14:54:00,2022,3,10,14,54,01,01160,D35,46.249927,6.110587,Plein jour,Hors agglomération,Hors intersection,Normale,Deux véhicules - frontale,3,2,2,0,1,2,1,0,1,80,2,2,0,0,2,0,69.0,39.0,voiture,voiture,1,1,1,1,1
202200023145,2022-09-03 17:00:00,2022,9,3,17,0,29,29019,rue de Kerourien,48.38288,-4.53862,Plein jour,En agglomération,Intersection en X,Normale,Deux véhicules - côté,4,1,2,1,1,1,1,0,1,50,2,2,1,0,0,1,19.0,19.0,voiture,deux_roues,1,2,2,1,3
202200023146,2022-09-03 20:30:00,2022,9,3,20,30,22,22360,CREAC'H (RUE DU),48.47522,-2.75076,Plein jour,En agglomération,Hors intersection,Normale,Deux véhicules - arrière,3,2,2,0,1,1,1,9,1,30,2,3,1,0,0,2,40.0,40.0,voiture,voiture,1,2,1,1,2
202200023147,2022-03-09 21:50:00,2022,3,9,21,50,01,01213,D1084,45.928315,5.282037,Nuit sans éclairage public,Hors agglomération,Hors intersection,Normale,Trois véhicules et plus - collisions multiples,3,2,2,0,1,1,1,0,1,80,3,7,2,0,0,5,33.0,47.0,voiture,voiture,3,1,1,1,5
202200023148,2022-09-04 02:30:00,2022,9,4,2,30,10,10387,LIEUTENANT PIERRE MURARD (RUE),48.30456,4.05517,Nuit avec éclairage allumé,En agglomération,Hors intersection,Normale,Sans collision,4,-1,2,0,1,1,1,0,4,50,1,1,0,0,0,1,27.0,,deux_roues,,5,2,1,1,7
202200023149,2022-03-09 14:00:00,2022,3,9,14,0,09,09194,d119,43.09633,1.896107,Plein jour,Hors agglomération,Hors intersection,Normale,Autre collision,3,2,2,0,1,1,1,0,3,80,1,1,0,0,0,1,46.0,,utilitaire_camion,,1,1,1,1,6
202200023150,2022-03-09 21:15:00,2022,3,9,21,15,72,72154,Route de Baugé,47.66505,-0.07387,Nuit sans éclairage public,Hors agglomération,Hors intersection,Normale,Autre collision,3,2,2,0,1,1,1,0,1,80,1,2,1,0,1,0,69.0,,voiture,,3,1,1,1,6
202200023151,2022-09-03 21:10:00,2022,9,3,21,10,10,10387,BLANQUI (RUE),48.30508,4.05317,Nuit avec éclairage allumé,En agglomération,Intersection en X,Normale,Deux véhicules - côté,4,2,2,0,1,1,1,0,1,50,2,2,1,0,0,1,24.0,33.0,voiture,deux_roues,5,2,2,1,3
202200023152,2022-03-08 16:40:00,2022,3,8,16,40,44,44172,3 Rue Louis Armand,47.263926,-1.487634,Plein jour,En agglomération,Hors intersection,Normale,Deux véhicules - frontale,4,2,2,0,1,1,1,0,1,50,2,2,0,0,0,2,19.0,44.0,voiture,voiture,1,2,1,1,1
202200023153,2022-09-03 03:03:00,2022,9,3,3,3,06,06088,ANGLAIS (A PARTIR DU N° 351),43.67159,7.22475,Nuit avec éclairage allumé,En agglomération,Hors intersection,Normale,Autre collision,4,1,4,0,1,1,1,0,1,50,1,3,2,1,0,0,56.0,,voiture,,5,2,1,1,6
202200023154,2022-09-01 04:36:00,2022,9,1,4,36,75,75112,ROUTE DE LA TOURELLE,48.820223,2.44892,Nuit avec éclairage allumé,En agglomération,Hors intersection,Normale,Sans collision,4,2,2,0,1,3,1,0,1,30,1,1,0,1,0,0,71.0,,voiture,,5,2,1,1,7
202200023155,2022-09-03 17:00:00,2022,9,3,17,0,75,75105,RUE LACEPEDE,48.843796,2.352305,Plein jour,En agglomération,Intersection en X,Normale,Deux véhicules - arrière,4,2,2,0,2,1,1,0,1,30,2,2,1,0,0,1,43.0,15.0,voiture,deux_roues,1,2,2,1,2
202200023156,2022-03-09 18:45:00,2022,3,9,18,45,60,60259,D49 Fresnoy-en-Thelle,49.1943551562,2.2549953455,Nuit sans éclairage public,Hors agglomération,Hors intersection,Normale,Deux véhicules - frontale,3,2,2,0,1,1,1,0,1,80,2,3,1,0,2,0,61.0,30.0,voiture,voiture,3,1,1,1,1
202200023157,2022-09-02 09:30:00,2022,9,2,9,30,75,75119,AVENUE DE LA PORTE DE PANTIN,48.890249,2.398734,Plein jour,En agglomération,Intersection en T,Temps couvert,Trois véhicules et plus - en chaîne,4,3,6,0,1,1,2,0,1,30,3,4,3,0,0,1,,25.0,deux_roues,deux_roues,1,2,3,8,4
202200023158,2022-03-10 09:52:00,2022,3,10,9,52,60,60192,30 Grande Rue,49.586217,2.91338,Plein jour,En agglomération,Hors intersection,Normale,Autre collision,3,-1,2,0,1,1,1,0,1,50,1,2,1,0,1,0,65.0,,voiture,,1,2,1,1,6
202200023159,2022-09-03 16:20:00,2022,9,3,16,20,75,75117,RUE NAVIER,48.895619,2.326591,Plein jour,En agglomération,Intersection en X,Normale,Autre collision,4,2,2,0,1,1,1,0,1,30,1,1,0,0,0,1,48.0,,voiture,,1,2,2,1,6
202200023160,2022-09-01 05:05:00,2022,9,1,5,5,75,75116,PLACE DU TROCADERO,48.863122,2.286477,Nuit avec éclairage allumé,En agglomération,Place,Normale,Autre collision,4,1,2,0,1,1,1,0,1,30,1,3,0,0,0,3,20.0,,voiture,,5,2,7,1,6
202200023161,2022-03-06 20:00:00,2022,3,6,20,0,13,13215,A7-Sens Lyon vers Marseille,43.37913,5.35461,Nuit sans éclairage public,Hors agglomération,Hors intersection,Normale,Deux véhicules - arrière,1,-1,3,0,1,1,1,0,1,90,2,2,1,0,0,1,19.0,,voiture,voiture,3,1,1,1,2
202200023162,2022-09-02 08:10:00,2022,9,2,8,10,75,75115,RUE FELIX FAURE,48.83739,2.279636,Plein jour,En agglomération,Place,Normale,Autre collision,4,2,2,0,1,1,1,0,1,30,1,2,1,0,0,1,48.0,,voiture,,1,2,7,1,6
202200023163,2022-03-09 08:40:00,2022,3,9,8,40,33,33122,AUTOROUTE A 63,44.75548,-0.68701,Plein jour,Hors agglomération,Hors intersection,Normale,Trois véhicules et plus - en chaîne,1,3,4,0,1,1,1,0,1,110,5,6,2,0,1,3,64.0,28.0,utilitaire_camion,voiture,1,1,1,1,4
202200023164,2022-09-03 12:17:00,2022,9,3,12,17,75,75112,AVENUE DE SAINT MANDE,48.844316,2.410407,Plein jour,En agglomération,Intersection en X,Normale,Deux véhicules - côté,4,2,4,1,1,1,1,0,5,30,2,2,1,0,1,0,72.0,24.0,voiture,deux_roues,1,2,2,1,3
202200023165,2022-03-09 07:31:00,2022,3,9,7,31,33,33039,ROCADE A 631,44.8094312403,-0.5323795974,Crépuscule ou aube,Hors agglomération,Hors intersection,Normale,Autre collision,1,3,8,0,1,1,1,3,1,90,1,1,0,0,0,1,61.0,,voiture,,2,1,1,1,6
202200023166,2022-09-03 05:05:00,2022,9,3,5,5,75,75112,QUAI DE LA RAPEE,48.844666,2.369151,Nuit avec éclairage allumé,En agglomération,Intersection en X,Normale,Autre collision,4,2,6,0,1,1,1,0,1,30,1,2,0,0,0,2,21.0,,voiture,,5,2,2,1,6
202200023167,2022-03-09 18:25:00,2022,3,9,18,25,91,91161,AUTOROUTE A126,48.71054,2.30042,Plein jour,Hors agglomération,Hors intersection,Normale,Deux véhicules - arrière,1,1,1,0,1,1,1,0,1,70,2,2,1,0,0,1,46.0,28.0,utilitaire_camion,voiture,1,1,1,1,2
202200023168,2022-09-03 02:00:00,2022,9,3,2,0,75,75111,RUE BASFROI,48.853813,2.380227,Nuit avec éclairage allumé,En agglomération,Hors intersection,Normale,Autre collision,4,2,2,0,1,1,1,0,1,30,1,1,0,0,0,1,25.0,,deux_roues,,5,2,1,1,6
202200023169,2022-03-09 10:15:00,2022,3,9,10,15,91,91340,RN 104,48.6112,2.43256,Plein jour,Hors agglomération,Hors intersection,Normale,Deux véhicules - arrière,2,1,6,0,1,3,1,0,1,70,2,2,1,0,0,1,51.0,53.0,utilitaire_camion,voiture,1,1,1,1,2
202200023170,2022-09-02 22:28:00,2022,9,2,22,28,75,75109,BOULEVARD DE CLICHY,48.882223,2.337705,Nuit avec éclairage allumé,En agglomération,Place,Normale,Autre collision,4,1,2,0,1,1,1,0,1,30,1,2,1,0,0,1,29.0,,deux_roues,,5,2,7,1,6
202200023171,2022-03-09 10:30:00,2022,3,9,10,30,78,78043,A12 W,48.830419,2.081784,Plein jour,Hors agglomération,Hors intersection,Normale,Deux véhicules - côté,1,3,4,0,2,1,1,0,1,110,2,2,1,0,0,1,34.0,49.0,voiture,deux_roues,1,1,1,1,3
202200023172,2022-09-03 07:40:00,2022,9,3,7,40,94,94054,Route Charles Tillon / Rue de l’Aviation,48.742378,2.386232,Plein jour,En agglomération,Intersection en T,Normale,Autre collision,3,2,2,0,1,1,1,0,4,50,1,2,0,0,0,2,21.0,,voiture,,1,2,3,1,6
202200023173,2022-03-09 08:35:00,2022,3,9,8,35,78,78640,RN12 INT,48.781456,2.16857,Plein jour,Hors agglomération,Hors intersection,Normale,Deux véhicules - côté,2,-1,2,0,1,1,1,0,1,110,2,2,0,0,0,2,41.0,57.0,voiture,utilitaire_camion,1,1,1,1,3
202200023174,2022-03-09 05:50:00,2022,3,9,5,50,92,92050,A86,48.906513,2.211182,Nuit sans éclairage public,Hors agglomération,Hors intersection,Normale,Autre collision,1,-1,2,0,1,1,1,0,1,90,1,1,0,0,0,1,45.0,,voiture,,3,1,1,1,6
202200023175,2022-03-08 14:10:00,2022,3,8,14,10,78,78402,A13,48.96474,1.80081,Plein jour,Hors agglomération,Hors intersection,Normale,Autre collision,1,-1,3,0,1,1,1,0,1,130,1,1,0,0,0,1,55.0,,utilitaire_camion,,1,1,1,1,6
202200023176,2022-09-02 22:20:00,2022,9,2,22,20,93,93073,Avenue Diderot / Avenue Jacques Debris,48.9561987148,2.5766551991,Nuit avec éclairage allumé,En agglomération,Intersection en X,Normale,Deux véhicules - côté,4,2,2,0,1,1,1,0,8,50,2,3,2,0,0,1,20.0,48.0,voiture,voiture,5,2,2,1,3
202200023177,2022-03-09 21:30:00,2022,3,9,21,30,93,93066,AUTOROUTE A1,48.9078,2.3582,Nuit avec éclairage allumé,Hors agglomération,Hors intersection,Normale,Trois véhicules et plus - collisions multiples,1,3,4,0,1,1,1,1,1,90,3,3,2,0,0,1,,31.0,voiture,voiture,5,1,1,1,5
202200023178,2022-09-03 16:30:00,2022,9,3,16,30,93,93053,Avenue de Rosny,48.8953220253,2.4705166836,Plein jour,En agglomération,Hors intersection,Normale,Trois véhicules et plus - en chaîne,3,2,2,0,1,1,1,0,1,50,3,7,3,0,0,4,43.0,51.0,voiture,voiture,1,2,1,1,4
202200023179,2022-03-09 06:15:00,2022,3,9,6,15,77,77169,RN104,48.821245,2.615345,Crépuscule ou aube,Hors agglomération,Hors intersection,Normale,Deux véhicules - arrière,2,1,4,0,1,3,1,0,1,90,2,2,1,0,0,1,54.0,47.0,voiture,utilitaire_camion,2,1,1,1,2
202200023180,2022-09-03 05:40:00,2022,9,3,5,40,93,93050,Rue Duguay Trouin,48.86379,2.53608,Nuit avec éclairage allumé,En agglomération,Hors intersection,Normale,Autre collision,4,2,2,0,1,3,1,0,1,50,1,2,1,0,0,1,23.0,,voiture,,5,2,1,1,6
202200023181,2022-03-08 13:25:00,2022,3,8,13,25,59,59512,GALVANI (RUE),50.696045,3.186227,Plein jour,En agglomération,Hors intersection,Normale,Autre collision,4,2,2,0,1,1,1,0,1,50,1,2,0,0,0,1,,,voiture,,1,2,1,1,6
202200023182,2022-03-09 06:48:00,2022,3,9,6,48,988,98818,Piste cyclabe VDE/RUE MAURICE MEUNIER,-22.27812,166.46875,Plein jour,En agglomération,Intersection en T,Normale,Deux véhicules - côté,4,2,2,1,1,1,1,9,5,30,2,3,2,0,1,0,48.0,27.0,deux_roues,voiture,1,2,3,1,3
202200023183,2022-09-03 08:45:00,2022,9,3,8,45,93,93057,Avenue Aristide Briand,48.9086338417,2.499217556,Plein jour,En agglomération,Hors intersection,Normale,Trois véhicules et plus - collisions multiples,3,3,4,0,1,1,1,0,1,50,3,3,2,0,0,1,39.0,85.0,utilitaire_camion,voiture,1,2,1,1,5
202200023184,2022-03-09 09:00:00,2022,3,9,9,0,988,98818,ROUTE DE L'ANSE VATA,-22.29592,166.44521,Plein jour,En agglomération,Hors intersection,Normale,Deux véhicules - côté,4,2,2,0,1,1,1,0,1,50,2,2,1,0,1,0,23.0,52.0,deux_roues,voiture,1,2,1,1,3
202200023185,2022-03-08 18:30:00,2022,3,8,18,30,974,97411,VINH-SAN (BLD 1 DU PRINCE),-20.88762,55.44227,Crépuscule ou aube,En agglomération,Hors intersection,Pluie légère,Deux véhicules - arrière,2,1,2,0,1,1,2,2,1,50,2,3,2,0,0,1,54.0,53.0,voiture,voiture,2,2,1,2,2
202200023186,2022-09-03 01:14:00,2022,9,3,1,14,92,92064,CARNOT,48.84659,2.22358,Nuit avec éclairage allumé,En agglomération,Intersection en X,Normale,Deux véhicules - côté,3,1,2,0,1,1,1,0,1,50,2,4,0,0,0,4,40.0,35.0,voiture,voiture,5,2,2,1,3
202200023187,2022-03-08 12:45:00,2022,3,8,12,45,974,97411,MACE (BOULEVARD GABRIEL),-20.8727,55.44967,Plein jour,En agglomération,Intersection en T,Normale,Deux véhicules - côté,2,2,2,0,1,1,1,9,1,50,2,2,1,0,1,0,63.0,27.0,deux_roues,voiture,1,2,3,1,3
202200023188,2022-09-03 19:22:00,2022,9,3,19,22,92,92020,PERI RUE GABRIEL,48.799837,2.285726,Plein jour,En agglomération,Intersection en X,Normale,Deux véhicules - côté,3,2, -1,0,1,1,1,0,1,50,2,5,3,0,0,2,27.0,30.0,voiture,voiture,1,2,2,1,3
202200023189,2022-09-03 20:00:00,2022,9,3,20,0,92,92040,GALLIENI (BOULEVARD),48.8240967796,2.2678565383,Plein jour,En agglomération,Autre intersection,Normale,Deux véhicules - côté,3,-1,1,0,1,1,1,0,1,50,2,2,1,0,0,1,53.0,24.0,utilitaire_camion,deux_roues,1,2,9,1,3
202200023190,2022-03-08 10:20:00,2022,3,8,10,20,974,97411,PARIS (RUE DE),-20.88209,55.44975,Plein jour,En agglomération,Intersection en X,Normale,Autre collision,4,2,3,0,1,1,1,0,1,50,1,2,1,0,1,0,43.0,,transport_commun,,1,2,2,1,6
202200023191,2022-09-03 15:10:00,2022,9,3,15,10,76,76082,Rue de l'Eglise,49.616177,0.475717,Plein jour,En agglomération,Giratoire,Pluie légère,Autre collision,3,-1,2,0,1,1,2,5,1,50,1,2,1,0,1,0,,,voiture,,1,2,6,2,6
202200023192,2022-03-07 19:40:00,2022,3,7,19,40,974,97409,DE BOURBON(AVENUE),-20.967848,55.648156,Nuit avec éclairage non allumé,En agglomération,Hors intersection,Normale,Autre collision,4,2,2,0,1,1,1,0,1,50,1,2,1,1,0,0,66.0,,voiture,,4,2,1,1,6
202200023193,2022-09-02 22:35:00,2022,9,2,22,35,51,51601,Vavray-le-Grand,48.798786,4.696494,Nuit sans éclairage public,Hors agglomération,Hors intersection,Normale,Deux véhicules - frontale,3,2,2,0,1,1,2,0,1,80,2,2,0,0,1,1,23.0,28.0,utilitaire_camion,voiture,3,1,1,1,1
202200023194,2022-03-08 23:20:00,2022,3,8,23,20,69,69383,Route de Genas,45.7544684712,4.8820334673,Nuit avec éclairage allumé,En agglomération,Intersection en T,Normale,Deux véhicules - côté,4,2,2,0,1,1,1,0,1,50,2,2,1,0,0,1,34.0,19.0,deux_roues,voiture,5,2,3,1,3
202200023195,2022-03-08 08:45:00,2022,3,8,8,45,69,69388,Rue Henri Barbusse,45.7302477573,4.8556162589,Crépuscule ou aube,En agglomération,Hors intersection,Normale,Deux véhicules - côté,4,2,2,3,1,4,1,6,6,50,2,2,1,0,0,1,26.0,33.0,deux_roues,transport_commun,2,2,1,1,3
202200023196,2022-09-03 17:11:00,2022,9,3,17,11,22,22317,lieu dit maison neuve halte de beaubois,48.421689,-2.264578,Plein jour,Hors agglomération,Hors intersection,Normale,Trois véhicules et plus - en chaîne,3,2,2,0,1,1,1,0,1,80,3,6,4,0,1,1,64.0,36.0,deux_roues,voiture,1,1,1,1,4
202200023197,2022-09-03 05:20:00,2022,9,3,5,20,11,11069,"A61, PK 328.375",43.188974,2.40849,Nuit sans éclairage public,Hors agglomération,Hors intersection,Normale,Deux véhicules - arrière,1,3,5,0,2,3,2,0,1,130,2,3,1,0,0,2,49.0,45.0,voiture,voiture,3,1,1,1,2
202200023198,2022-03-08 08:50:00,2022,3,8,8,50,69,69259,Avenue Marcel Cachin,45.6939,4.87514,Plein jour,En agglomération,Intersection en X,Normale,Autre collision,4,2,2,1,1,1,1,0,1,50,1,2,1,0,0,1,35.0,,voiture,,1,2,2,1,6
202200023199,2022-09-03 17:43:00,2022,9,3,17,43,31,31567,D31,43.598342,1.652681,Plein jour,Hors agglomération,Hors intersection,Normale,Sans collision,3,2,2,0,1,1,1,0,3,80,1,1,0,0,0,1,89.0,,voiture,,1,1,1,1,7
202200023200,2022-03-08 07:00:00,2022,3,8,7,0,972,97209,GENERAL DE GAULLE (BLD DU),14.607627,-61.06933,Plein jour,En agglomération,Hors intersection,Normale,Deux véhicules - côté,2,1,3,0,1,1,1,9,1,50,2,3,1,0,0,1,,27.0,autre,voiture,1,2,1,1,3
202200023201,2022-09-04 14:40:00,2022,9,4,14,40,71,71583,A6 pk 392.850 sens Lyon - Paris,46.271201,4.788258,Plein jour,Hors agglomération,Hors intersection,Normale,Deux véhicules - côté,1,3,5,0,1,3,1,0,1,130,2,5,2,0,0,3,74.0,43.0,voiture,voiture,1,1,1,1,3
202200023202,2022-03-08 19:30:00,2022,3,8,19,30,69,69385,Rue Tramassac,45.76191,4.82612,Crépuscule ou aube,En agglomération,Intersection en Y,Normale,Deux véhicules - côté,4,1,1,2,2,3,1,0,1,30,2,2,1,0,0,1,32.0,37.0,voiture,autre,2,2,4,1,3