accident_id,datetime,annee,mois,jour,heure,minute,departement,commune_insee,adresse,latitude,longitude,luminosite,agglomeration,intersection,meteo,collision,catr,circ,nbv,vosp,prof,plan,surf,infra,situ,vma,nb_vehicules,nb_usagers,nb_indemnes,nb_tues,nb_blesses_hosp,nb_blesses_legers,age_cond_1,age_cond_2,veh_type_cond_1,veh_type_cond_2,lum_code,agg_code,int_code,atm_code,col_code
202200023203,2022-09-03 17:50:00,2022,9,3,17,50,972,97231,D7,14.529948,-61.012992,Plein jour,Hors agglomération,Hors intersection,Normale,Deux véhicules - côté,3,2,2,0,1,1,1,0,1,80,2,3,1,0,0,2,45.0,29.0,voiture,deux_roues,1,1,1,1,3
202200023204,2022-09-04 19:00:00,2022,9,4,19,0,54,54476,Rue du Château,49.453303,5.462678,Crépuscule ou aube,En agglomération,Hors intersection,Normale,Autre collision,3,2,2,0,1,1,1,0,4,50,1,1,0,0,1,0,32.0,,deux_roues,,2,2,1,1,6
202200023205,2022-03-08 16:00:00,2022,3,8,16,0,69,69034,Boulevard Périphérique Nord,45.7925339883,4.8726296425,Plein jour,Hors agglomération,Hors intersection,Normale,Trois véhicules et plus - en chaîne,4,3,4,0,1,1,1,0,8,50,3,3,2,0,0,1,55.0,24.0,voiture,voiture,1,1,1,1,4
202200023206,2022-09-04 18:35:00,2022,9,4,18,35,01,01288,Route de Chanvière,46.199253,5.933808,Plein jour,Hors agglomération,Hors intersection,Normale,Autre collision,4,2,2,0,3,2,1,0,8,80,1,1,0,0,0,1,17.0,,deux_roues,,1,1,1,1,6
202200023207,2022-09-03 21:50:00,2022,9,3,21,50,71,71170,A6,46.915496,4.819125,Nuit sans éclairage public,Hors agglomération,Hors intersection,Normale,Autre collision,1,3,5,0,1,1,1,0,1,130,1,3,0,0,2,1,44.0,,voiture,,3,1,1,1,6
202200023208,2022-03-07 20:00:00,2022,3,7,20,0,91,91174,BD JEAN JAURES,48.608019,2.464665,Nuit avec éclairage allumé,En agglomération,Hors intersection,Normale,Trois véhicules et plus - en chaîne,2,2,3,0,1,1,1,0,1,50,3,4,1,0,0,3,31.0,25.0,voiture,voiture,5,2,1,1,4
202200023209,2022-09-04 08:30:00,2022,9,4,8,30,62,62506,Rue Armand Leroy,50.784133,1.927509,Plein jour,En agglomération,Hors intersection,Normale,Deux véhicules - arrière,3,2,2,0,4,1,1,0,1,50,2,2,1,0,0,1,22.0,58.0,voiture,deux_roues,1,2,1,1,2
202200023210,2022-03-07 16:10:00,2022,3,7,16,10,91,91223,BONNEVAUX (AVENUE DE),48.42887,2.15819,Plein jour,En agglomération,Giratoire,Normale,Deux véhicules - côté,3,1,1,0,1,2,1,0,1,30,2,2,1,0,0,1,79.0,,deux_roues,utilitaire_camion,1,2,6,1,3
202200023211,2022-09-03 05:50:00,2022,9,3,5,50,34,34079,A75 PK 291+500,43.636606,3.447021,Nuit sans éclairage public,Hors agglomération,Hors intersection,Temps couvert,Trois véhicules et plus - collisions multiples,1,3,4,0,2,1,1,0,1,130,3,3,1,0,1,1,45.0,76.0,voiture,voiture,3,1,1,8,5
202200023212,2022-03-07 21:27:00,2022,3,7,21,27,87,87085,BROGLIE (AVENUE LOUIS DE),45.88381,1.28371,Nuit avec éclairage allumé,En agglomération,Hors intersection,Normale,Autre collision,4,3,4,0,1,1,1,0,1,50,1,1,0,0,1,0,43.0,,voiture,,5,2,1,1,6
202200023213,2022-09-03 16:10:00,2022,9,3,16,10,87,87021,16 Rue de la Salesse,45.77838,1.199524,Plein jour,En agglomération,Hors intersection,Normale,Deux véhicules - frontale,3,2,2,0,2,4,1,0,1,50,2,2,1,0,1,0,51.0,31.0,deux_roues,utilitaire_camion,1,2,1,1,1
202200023214,2022-03-07 17:17:00,2022,3,7,17,17,87,87085,MONTEGUT (RUE EMILE),45.82529,1.24196,Plein jour,En agglomération,Intersection en T,Normale,Deux véhicules - côté,4,2,2,0,1,1,1,0,1,50,2,2,1,0,0,1,23.0,46.0,deux_roues,voiture,1,2,3,1,3
202200023215,2022-08-30 17:45:00,2022,8,30,17,45,91,91553,Route de Lieusaint,48.620229,2.489938,Plein jour,En agglomération,Giratoire,Temps éblouissant,Deux véhicules - côté,3,2,2,0,2,1,1,5,1,50,2,2,1,0,1,0,67.0,74.0,voiture,deux_roues,1,2,6,7,3
202200023216,2022-09-04 17:10:00,2022,9,4,17,10,62,62653,D232,50.7533,1.68246,Plein jour,Hors agglomération,Hors intersection,Normale,Deux véhicules - côté,3,2,2,0,2,2,1,0,1,80,2,4,0,0,0,4,63.0,27.0,voiture,voiture,1,1,1,1,3
202200023217,2022-03-07 16:55:00,2022,3,7,16,55,86,86194,Rocade Est D162,46.55306,0.310744,Plein jour,En agglomération,Hors intersection,Normale,Trois véhicules et plus - en chaîne,3,3,4,0,1,1,1,0,1,70,3,3,0,0,0,3,38.0,41.0,voiture,voiture,1,2,1,1,4
202200023218,2022-08-30 02:28:00,2022,8,30,2,28,51,51299,Les Sohettes (Embranchement d'autoroute),49.3385834095,4.181252718,Nuit sans éclairage public,Hors agglomération,Giratoire,Normale,Sans collision,2,1,1,0,2,3,1,3,3,110,1,1,0,0,1,0,48.0,,voiture,,3,1,6,1,7
202200023219,2022-03-07 08:45:00,2022,3,7,8,45,80,80021,ROBERT LE COQ (RUE),49.90059,2.26933,Plein jour,En agglomération,Hors intersection,Normale,Autre collision,4,2,3,0,2,2,1,0,1,50,1,2,1,0,0,1,21.0,,voiture,,1,2,1,1,6
202200023220,2022-09-02 11:00:00,2022,9,2,11,0,51,51369,N4,48.727322,3.685749,Plein jour,Hors agglomération,Intersection en T,Normale,Deux véhicules - frontale,2,2,2,0,2,1,1,0,1,80,2,3,2,0,1,0,39.0,73.0,utilitaire_camion,voiture,1,1,3,1,1
202200023221,2022-03-07 08:40:00,2022,3,7,8,40,80,80021,STRASBOURG (BOULEVARD DE),49.88875,2.27778,Plein jour,En agglomération,Hors intersection,Normale,Deux véhicules - côté,4,2,3,0,1,1,1,0,1,50,2,2,0,0,0,2,37.0,38.0,voiture,deux_roues,1,2,1,1,3
202200023222,2022-09-04 06:47:00,2022,9,4,6,47,76,76357,Rd 925,49.592847,0.263339,Crépuscule ou aube,Hors agglomération,Hors intersection,Normale,Deux véhicules - frontale,3,2,1,0,1,1,1,0,1,80,2,2,1,1,0,0,28.0,20.0,deux_roues,voiture,2,1,1,1,1
202200023223,2022-03-08 15:25:00,2022,3,8,15,25,78,78498,GAMBETTA BD,48.934577,2.041606,Plein jour,En agglomération,Intersection en T,Normale,Deux véhicules - arrière,3,1,2,0,1,1,1,0,1,30,2,3,1,0,0,2,29.0,61.0,utilitaire_camion,voiture,1,2,3,1,2
202200023224,2022-09-04 13:00:00,2022,9,4,13,0,76,76050,2087 Rue des Tisserands,49.84883,0.952503,Plein jour,En agglomération,Intersection en X,Normale,Deux véhicules - côté,4,2,2,0,1,1,1,-1,1,50,2,2,1,0,1,0,90.0,87.0,voiture,deux_roues,1,2,2,1,3
202200023225,2022-09-04 08:45:00,2022,9,4,8,45,33,33112,Lieu dit Aux grandes vignes,44.688091,-0.0293,Plein jour,Hors agglomération,Hors intersection,Normale,Sans collision,3,2,2,0,1,1,1,0,3,70,1,1,0,0,0,1,20.0,,voiture,,1,1,1,1,7
202200023226,2022-03-08 17:40:00,2022,3,8,17,40,77,77445,MENDES-FRANCE (AVENUE PIERRE),48.59744,2.57847,Plein jour,En agglomération,Intersection en T,Normale,Autre collision,4,2,2,0,1,1,1,0,1,30,1,3,2,0,1,0,45.0,,voiture,,1,2,3,1,6
202200023227,2022-03-05 15:10:00,2022,3,5,15,10,77,77255,D 39,48.4978572267,2.6862560745,Plein jour,Hors agglomération,Passage à niveau,Temps éblouissant,,4,-1,1,0,1,1,9,4,6,10,1,1,0,0,1,0,19.0,,deux_roues,,1,1,8,7,-1
202200023228,2022-09-04 17:05:00,2022,9,4,17,5,32,32208,La Bordeneuve de Pitrac,43.949018,0.655124,Plein jour,Hors agglomération,Hors intersection,Normale,Trois véhicules et plus - collisions multiples,2,2,2,0,1,1,1,0,1,80,3,5,2,1,0,2,65.0,24.0,voiture,deux_roues,1,1,1,1,5
202200023229,2022-08-31 17:15:00,2022,8,31,17,15,63,63321,Route issoire,45.59838,3.29195,Plein jour,Hors agglomération,Hors intersection,Normale,Sans collision,3,2,2,0,2,2,1,0,3,80,1,1,0,0,0,1,17.0,,deux_roues,,1,1,1,1,7
202200023230,2022-09-04 07:40:00,2022,9,4,7,40,61,61345,Les Grands Prés,48.429001,0.762627,Crépuscule ou aube,Hors agglomération,Hors intersection,Normale,Autre collision,3,2,1,0,1,1,1,0,1,90,1,1,0,0,1,0,34.0,,voiture,,2,1,1,1,6
202200023231,2022-03-07 20:40:00,2022,3,7,20,40,77,77237,D1344A,48.84653,2.74796,Nuit sans éclairage public,En agglomération,Hors intersection,Normale,Deux véhicules - arrière,3,2,2,0,1,1,1,0,1,80,2,4,3,0,0,1,31.0,38.0,voiture,voiture,3,2,1,1,2
202200023232,2022-09-04 14:50:00,2022,9,4,14,50,34,34031,Route de Montblanc,43.371604,3.408805,Plein jour,Hors agglomération,Hors intersection,Normale,Autre collision,3,2,2,0,1,1,1,0,3,70,1,1,0,0,1,0,52.0,,voiture,,1,1,1,1,6
202200023233,2022-09-04 03:05:00,2022,9,4,3,5,44,44189,3 Rue des Sapins,47.451395,-2.196718,Nuit sans éclairage public,Hors agglomération,Hors intersection,Normale,Sans collision,3,-1,2,0,2,4,1,0,3,70,1,1,0,1,0,0,24.0,,voiture,,3,1,1,1,7
202200023234,2022-03-08 07:03:00,2022,3,8,7,3,76,76351,ERABLES (DES),49.50914,0.14533,Crépuscule ou aube,Hors agglomération,Intersection en X,Normale,Deux véhicules - côté,4,2,2,0,2,1,1,0,1,50,2,2,1,0,0,1,34.0,47.0,deux_roues,voiture,2,1,2,1,3
202200023235,2022-09-04 06:30:00,2022,9,4,6,30,29,29119,Lieu Dit Lanven,48.449422982,-4.6233040093,Nuit sans éclairage public,Hors agglomération,Hors intersection,Pluie légère,Autre collision,3,2,2,0,1,1,2,0,3,70,1,1,0,0,1,0,30.0,,voiture,,3,1,1,2,6
202200023236,2022-09-03 14:45:00,2022,9,3,14,45,29,29215,Impasse de Scantourec,47.9796153955,-4.4332344532,Plein jour,Hors agglomération,Intersection en T,Normale,Deux véhicules - frontale,4,2,2,0,2,1,1,0,1,50,2,2,1,0,1,0,55.0,39.0,voiture,deux_roues,1,1,3,1,1
202200023237,2022-03-06 21:00:00,2022,3,6,21,0,76,76351,PAUL VERONESE,49.51703,0.11627,Nuit avec éclairage allumé,En agglomération,Intersection en X,Normale,Deux véhicules - côté,4,2,2,0,1,1,1,0,1,50,2,2,1,0,0,1,20.0,,deux_roues,voiture,5,2,2,1,3
202200023238,2022-09-03 12:00:00,2022,9,3,12,0,31,31231,Route de Caujac,43.31584,1.455467,Plein jour,Hors agglomération,Intersection en X,Normale,Deux véhicules - côté,3,2,2,0,1,1,1,0,1,70,2,4,1,0,0,3,29.0,38.0,voiture,voiture,1,1,2,1,3
202200023239,2022-03-08 17:40:00,2022,3,8,17,40,69,69256,Avenue Georges Dimitrov,45.7778101177,4.9268424511,Plein jour,En agglomération,Hors intersection,Normale,Autre collision,4,2,2,0,1,1,1,0,1,30,1,3,2,0,0,1,44.0,,voiture,,1,2,1,1,6
202200023240,2022-09-03 15:30:00,2022,9,3,15,30,38,38409,D71,45.106061,5.276377,Plein jour,Hors agglomération,Intersection en Y,Normale,Deux véhicules - côté,3,2,2,0,1,2,1,5,1,70,2,2,1,0,1,0,24.0,61.0,voiture,deux_roues,1,1,4,1,3
202200023241,2022-03-08 12:30:00,2022,3,8,12,30,69,69266,Avenue Paul Krüger,45.75556,4.89136,Plein jour,En agglomération,Hors intersection,Normale,Autre collision,4,2,3,0,1,1,1,0,1,30,1,2,1,0,0,1,64.0,,voiture,,1,2,1,1,6
202200023242,2022-09-03 17:40:00,2022,9,3,17,40,03,03059,35 Route de Saint-Pourçain,46.274082,3.223994,Plein jour,Hors agglomération,Hors intersection,Normale,Sans collision,3,2,2,0,1,2,1,0,3,90,1,1,0,0,1,0,57.0,,deux_roues,,1,1,1,1,7
202200023243,2022-03-08 08:50:00,2022,3,8,8,50,69,69029,Avenue François Mitterrand,45.73828,4.92402,Plein jour,En agglomération,Hors intersection,Normale,Autre collision,9,1,2,2,1,1,1,0,5,50,1,2,1,0,0,1,52.0,,deux_roues,,1,2,1,1,6
202200023244,2022-09-03 16:30:00,2022,9,3,16,30,15,15141,D23,45.157760494,2.9242944472,Plein jour,Hors agglomération,Hors intersection,Normale,Sans collision,3,2,2,0,2,3,1,0,3,90,1,2,0,0,1,1,86.0,,voiture,,1,1,1,1,7
202200023245,2022-03-08 18:50:00,2022,3,8,18,50,69,69264,Route de Frans,45.98387,4.74797,Nuit avec éclairage allumé,En agglomération,Giratoire,Normale,Sans collision,3,3,4,0,1,2,1,0,1,50,2,2,1,0,0,1,20.0,,deux_roues,voiture,5,2,6,1,7
202200023246,2022-09-03 14:15:00,2022,9,3,14,15,15,15244,D926,45.070478,2.960751,Plein jour,Hors agglomération,Hors intersection,Normale,Deux véhicules - arrière,3,2,2,0,1,1,1,0,1,90,2,4,2,0,1,1,70.0,47.0,voiture,voiture,1,1,1,1,2
202200023247,2022-03-04 07:35:00,2022,3,4,7,35,67,67447,ERSTEIN (RUE D ),48.611,7.73771,Plein jour,En agglomération,Hors intersection,Normale,Autre collision,4,2,4,1,1,1,1,9,1,50,1,2,1,0,1,0,24.0,,voiture,,1,2,1,1,6
202200023248,2022-09-03 19:28:00,2022,9,3,19,28,15,15169,D22,45.3430642502,2.4806410074,Plein jour,Hors agglomération,Hors intersection,Normale,Sans collision,3,2,2,0,2,2,1,0,1,90,1,3,0,0,1,2,20.0,,voiture,,1,1,1,1,7
202200023249,2022-09-04 14:05:00,2022,9,4,14,5,85,85008,A87,46.6326982544,-1.4779177919,Plein jour,Hors agglomération,Hors intersection,Normale,Sans collision,1,1,4,0,1,1,1,0,2,130,1,2,0,0,1,1,76.0,,voiture,,1,1,1,1,7
202200023250,2022-03-07 16:50:00,2022,3,7,16,50,65,65417,MITTERRAND (AVENUE FRANCOIS),43.221503,0.104762,Plein jour,En agglomération,Hors intersection,Normale,Deux véhicules - côté,3,1,2,1,1,1,1,0,1,50,2,2,1,0,0,1,34.0,45.0,deux_roues,voiture,1,2,1,1,3
202200023251,2022-09-04 00:40:00,2022,9,4,0,40,58,58025,PK 21 RD 980,46.862766,3.327473,Nuit sans éclairage public,En agglomération,Hors intersection,Normale,Autre collision,3,2,2,0,3,1,1,0,4,50,1,1,0,0,1,0,37.0,,voiture,,3,2,1,1,6
202200023252,2022-03-08 09:10:00,2022,3,8,9,10,64,64348,Avenue du Moulin,43.3225122412,-0.3994747996,Plein jour,En agglomération,Giratoire,Normale,Trois véhicules et plus - en chaîne,4,2,2,0,1,1,1,0,1,50,3,3,2,0,0,1,36.0,56.0,deux_roues,voiture,1,2,6,1,4
202200023253,2022-09-04 15:45:00,2022,9,4,15,45,50,50435,Route Hameau Marotel,49.511807,-1.594938,Plein jour,Hors agglomération,Intersection en X,Normale,Deux véhicules - arrière,3,2,2,0,1,1,1,0,1,80,2,4,3,0,1,0,48.0,20.0,deux_roues,utilitaire_camion,1,1,2,1,2
202200023254,2022-09-04 09:00:00,2022,9,4,9,0,36,36017,,46.7116388457,2.0539069176,Plein jour,Hors agglomération,Hors intersection,Normale,Autre collision,3,2,2,0,2,1,1,0,3,80,1,1,0,0,1,0,65.0,,voiture,,1,1,1,1,6
202200023255,2022-03-08 01:18:00,2022,3,8,1,18,63,63113,FONTAINE (PLACE DE LA),45.79116,3.11355,Nuit avec éclairage allumé,En agglomération,Hors intersection,Normale,Sans collision,4,2,2,0,1,1,1,0,1,50,1,2,1,0,0,1,24.0,,voiture,,5,2,1,1,7
202200023256,2022-03-07 12:27:00,2022,3,7,12,27,63,63113,CLEMENTEL (BD ETIENNE),45.79676,3.11258,Plein jour,En agglomération,Hors intersection,Normale,Autre collision,4,2,2,0,1,1,1,0,4,50,1,2,1,0,0,1,31.0,,deux_roues,,1,2,1,1,6
202200023257,2022-09-04 11:00:00,2022,9,4,11,0,40,40310,Route de Magescq,43.757596,-1.311171,Plein jour,Hors agglomération,Intersection en X,Normale,Deux véhicules - côté,3,2,2,0,1,1,1,0,1,80,2,6,1,1,1,3,22.0,60.0,voiture,voiture,1,1,2,1,3
202200023258,2022-09-04 17:45:00,2022,9,4,17,45,85,85288,vc le bois rioleau,46.473682,-1.632446,Plein jour,Hors agglomération,Hors intersection,Normale,Autre collision,4,-1,1,0,1,3,9,0,3,-1,1,2,0,0,2,0,36.0,,deux_roues,,1,1,1,1,6
202200023259,2022-02-03 16:30:00,2022,2,3,16,30,62,62193,PONT GEORGES V,50.95466,1.85065,Plein jour,En agglomération,Giratoire,Temps couvert,Autre collision,4,2,4,0,1,1,2,2,1,50,1,3,1,0,0,2,35.0,,voiture,,1,2,6,8,6
202200023260,2022-08-29 09:45:00,2022,8,29,9,45,85,85244,D23 PK7+75,46.427409,-0.770534,Plein jour,Hors agglomération,Intersection en X,Normale,Deux véhicules - côté,3,2,2,0,1,1,1,0,1,80,2,3,1,0,0,2,58.0,79.0,utilitaire_camion,voiture,1,1,2,1,3
202200023261,2022-03-08 10:00:00,2022,3,8,10,0,59,59599,REPOS (RUE DU),50.72758,3.14883,Plein jour,En agglomération,Intersection en T,Temps éblouissant,Autre collision,7,2,2,0,1,1,1,0,1,50,1,3,0,0,0,3,86.0,,voiture,,1,2,3,7,6
202200023262,2022-09-04 07:30:00,2022,9,4,7,30,85,85261,RD19,46.557186,-1.141291,Crépuscule ou aube,Hors agglomération,Hors intersection,Normale,Autre collision,3,2,2,0,2,3,1,0,8,80,1,6,0,2,3,1,22.0,,voiture,,2,1,1,1,6
202200023263,2022-09-03 07:20:00,2022,9,3,7,20,37,37250,D84,47.2566328465,0.674393177,Crépuscule ou aube,Hors agglomération,Hors intersection,Normale,Autre collision,3,2,2,0,1,2,1,0,3,50,1,2,0,0,1,1,20.0,,voiture,,2,1,1,1,6
202200023264,2022-03-08 20:50:00,2022,3,8,20,50,59,59291,OWIES (RUE DES),50.2619903444,3.8971787095,Nuit avec éclairage allumé,En agglomération,Giratoire,Normale,Deux véhicules - côté,3,2,2,0,1,1,1,0,1,50,2,2,1,0,1,0,63.0,39.0,voiture,deux_roues,5,2,6,1,3
202200023265,2022-03-02 11:15:00,2022,3,2,11,15,59,59043,OCCIDENT (RUE D'),50.7382871418,2.7319697142,Plein jour,En agglomération,Hors intersection,Normale,Autre collision,3,2,0,0,1,1,1,6,8,50,1,2,1,0,1,0,36.0,,voiture,,1,2,1,1,6
202200023266,2022-09-03 23:45:00,2022,9,3,23,45,973,97307,PK 8 RN2,4.834061,-52.339547,Nuit avec éclairage non allumé,Hors agglomération,Autre intersection,Normale,Trois véhicules et plus - collisions multiples,2,2,2,0,1,1,1,0,1,90,3,6,1,0,2,3,28.0,31.0,voiture,voiture,4,1,9,1,5
202200023267,2022-09-03 17:30:00,2022,9,3,17,30,973,97307,D6,4.771457,-52.339243,Plein jour,Hors agglomération,Hors intersection,Normale,Deux véhicules - frontale,3,2,2,0,1,2,1,0,1,80,2,2,1,1,0,0,20.0,27.0,deux_roues,voiture,1,1,1,1,1
202200023268,2022-03-03 17:22:00,2022,3,3,17,22,54,54395,CARMES (RUE DES),48.6920823177,6.1801300943,Plein jour,En agglomération,Intersection en X,Normale,Autre collision,4,2,2,0,2,1,1,0,1,30,1,2,1,0,0,1,65.0,,voiture,,1,2,2,1,6
202200023269,2022-09-02 15:00:00,2022,9,2,15,0,01,01228,A40 PK 127+300 sens MACON/GENEVE,46.134635,5.523618,Plein jour,Hors agglomération,Hors intersection,Normale,Sans collision,1,3,4,0,2,2,1,0,3,110,1,2,0,0,0,2,33.0,,voiture,,1,1,1,1,7
202200023270,2022-03-07 08:50:00,2022,3,7,8,50,54,54328,PASTEUR (RUE LOUIS),48.616944,6.18094,Plein jour,En agglomération,Hors intersection,Normale,Deux véhicules - arrière,4,2,2,0,1,1,1,0,1,50,2,2,1,0,0,1,24.0,28.0,voiture,voiture,1,2,1,1,2
202200023271,2022-09-04 06:40:00,2022,9,4,6,40,34,34159,D612 PK10+350,43.50942,3.798745,Crépuscule ou aube,Hors agglomération,Hors intersection,Normale,Trois véhicules et plus - collisions multiples,3,2,2,0,1,1,1,0,1,90,5,6,2,2,1,1,65.0,43.0,voiture,voiture,2,1,1,1,5
202200023272,2022-09-02 00:50:00,2022,9,2,0,50,988,98821,Rue de l'Amaryllis/Rue de l'Alpinia,-22.12096,166.37247,Nuit sans éclairage public,En agglomération,Intersection en X,Normale,Autre collision,4,2,2,0,1,1,1,0,1,50,1,2,1,0,1,0,,,autre,,3,2,2,1,6
202200023273,2022-03-08 11:15:00,2022,3,8,11,15,51,51454,Rue Ambroise Petit,49.24233,4.04074,Plein jour,En agglomération,Intersection en T,Normale,Deux véhicules - côté,4,2,2,0,2,1,1,0,1,50,2,2,1,0,0,1,31.0,26.0,deux_roues,voiture,1,2,3,1,3
202200023274,2022-09-03 07:00:00,2022,9,3,7,0,971,97125,roue de la Pointe des Châteaux,16.259319,-61.266165,Plein jour,En agglomération,Hors intersection,Temps couvert,Autre collision,3,2,2,0,1,1,2,0,3,50,1,1,0,1,0,0,30.0,,voiture,,1,2,1,8,6
202200023275,2022-09-04 17:00:00,2022,9,4,17,0,04,04039,rd 955,43.87072,6.511921,Plein jour,Hors agglomération,Intersection en T,Normale,Deux véhicules - frontale,3,2,2,0,1,1,1,9,1,80,2,2,1,1,0,0,60.0,75.0,deux_roues,voiture,1,1,3,1,1
202200023276,2022-03-08 09:00:00,2022,3,8,9,0,51,51454,CERES (RUE),49.2572695161,4.0388783813,Plein jour,En agglomération,Giratoire,Normale,Deux véhicules - frontale,4,2,2,1,1,1,1,5,1,50,2,2,1,0,0,1,27.0,64.0,deux_roues,voiture,1,2,6,1,1
202200023277,2022-09-04 01:45:00,2022,9,4,1,45,88,88251,pk 38 D32,48.330221,6.777588,Nuit sans éclairage public,Hors agglomération,Hors intersection,Normale,Sans collision,3,2,2,0,2,3,1,0,8,80,1,2,1,0,1,0,19.0,,voiture,,3,1,1,1,7
202200023278,2022-09-03 00:10:00,2022,9,3,0,10,57,57256,Route de Jarny,49.1231648905,6.0203441978,Nuit avec éclairage non allumé,En agglomération,Hors intersection,Normale,Sans collision,7,2,1,0,1,2,1,0,1,80,1,1,0,0,1,0,71.0,,voiture,,4,2,1,1,7
202200023279,2022-03-07 08:45:00,2022,3,7,8,45,50,50147,SERINGAS (RUE DES),49.05218,-1.4368,Plein jour,En agglomération,Intersection en T,Normale,Deux véhicules - côté,4,2,1,0,1,1,1,5,1,50,2,2,1,0,0,1,39.0,18.0,voiture,deux_roues,1,2,3,1,3
202200023280,2022-09-03 18:10:00,2022,9,3,18,10,38,38317,N85,45.106288,5.70302,Plein jour,Hors agglomération,Hors intersection,Normale,Deux véhicules - côté,2,2,2,0,1,1,1,0,1,80,2,2,1,0,0,1,39.0,80.0,utilitaire_camion,voiture,1,1,1,1,3
202200023281,2022-03-08 15:55:00,2022,3,8,15,55,49,49099,PONT DE PIERRE (BOULEVARD DU),47.073,-0.877,Plein jour,En agglomération,Hors intersection,Pluie légère,Autre collision,9,-1,0,0,1,1,2,9,8,50,1,1,0,0,1,0,23.0,,deux_roues,,1,2,1,2,6
202200023282,2022-09-03 01:50:00,2022,9,3,1,50,59,59523,Rue de Lille,50.5893199152,3.1573407083,Nuit avec éclairage non allumé,Hors agglomération,Hors intersection,Normale,Autre collision,7,2,2,0,1,1,1,0,1,70,1,2,1,1,0,0,31.0,,voiture,,4,1,1,1,6
202200023283,2022-03-06 12:05:00,2022,3,6,12,5,49,49015,D775,47.51422,-0.61869,Plein jour,En agglomération,Hors intersection,Normale,Sans collision,3,3,4,0,1,1,1,0,1,70,1,1,0,0,0,1,29.0,,voiture,,1,2,1,1,7
202200023284,2022-09-04 17:15:00,2022,9,4,17,15,59,59268,Rue du Grand Chemin,50.6088349879,2.7502566576,Plein jour,Hors agglomération,Intersection en T,Normale,Deux véhicules - frontale,3,2,2,0,1,1,1,0,1,70,2,3,0,1,1,1,31.0,51.0,utilitaire_camion,deux_roues,1,1,3,1,1
202200023285,2022-09-02 21:38:00,2022,9,2,21,38,83,83144,A57,43.134528,5.987819,Nuit sans éclairage public,Hors agglomération,Hors intersection,Normale,Deux véhicules - arrière,1,3,4,0,1,1,1,0,1,70,2,2,1,0,0,1,37.0,58.0,voiture,voiture,3,1,1,1,2
202200023286,2022-03-08 08:40:00,2022,3,8,8,40,45,45302,Rue de la Montjoie,47.9512486592,1.8832781911,Plein jour,En agglomération,Intersection en X,Normale,Deux véhicules - côté,4,2,2,0,1,1,1,0,1,50,2,3,1,0,0,2,28.0,56.0,utilitaire_camion,voiture,1,2,2,1,3
202200023287,2022-09-03 02:10:00,2022,9,3,2,10,69,69297,Autoroute 7,45.60071,4.79614,Nuit sans éclairage public,Hors agglomération,Hors intersection,Pluie légère,Deux véhicules - arrière,1,3,6,0,1,2,2,0,1,110,2,4,1,0,0,3,37.0,19.0,utilitaire_camion,utilitaire_camion,3,1,1,2,2
202200023288,2022-03-05 16:10:00,2022,3,5,16,10,44,44184,5 Boulevard Georges Charpak,47.270986,-2.250033,Plein jour,Hors agglomération,Hors intersection,Normale,Autre collision,4,-1,0,3,1,1,1,9,8,50,1,2,1,0,0,1,61.0,,voiture,,1,1,1,1,6
202200023289,2022-03-08 12:30:00,2022,3,8,12,30,38,38185,LIBERATION ET DU GENERAL DE GAULLE (COUR,45.16199,5.71024,Plein jour,En agglomération,Hors intersection,Normale,Deux véhicules - arrière,7,3,4,3,1,1,1,0,1,50,2,3,2,0,0,1,31.0,31.0,voiture,voiture,1,2,1,1,2
202200023290,2022-09-03 17:45:00,2022,9,3,17,45,91,91589,AUTOROUTE A6,48.67918,2.33432,Plein jour,Hors agglomération,Hors intersection,Normale,Trois véhicules et plus - en chaîne,1,3,6,0,1,1,1,0,1,110,3,6,3,0,0,3,33.0,34.0,voiture,voiture,1,1,1,1,4
202200023291,2022-03-08 07:20:00,2022,3,8,7,20,35,35051,N136,48.11607,-1.56921,Plein jour,Hors agglomération,Hors intersection,Normale,Autre collision,2,1,2,0,2,2,1,3,3,70,1,1,0,0,0,1,26.0,,voiture,,1,1,1,1,6
202200023292,2022-09-03 14:00:00,2022,9,3,14,0,94,94003,AUTOROUTE A6A,48.8058374754,2.3418176354,Plein jour,Hors agglomération,Hors intersection,Normale,Trois véhicules et plus - en chaîne,1,-1,6,0,1,1,1,0,1,90,3,3,2,0,0,1,64.0,44.0,voiture,voiture,1,1,1,1,4
202200023293,2022-03-08 23:10:00,2022,3,8,23,10,34,34129,974 allée de saint pierre,43.56177,3.89382,Nuit sans éclairage public,Hors agglomération,Hors intersection,Pluie légère,Deux véhicules - arrière,4,1,1,0,1,1,2,0,1,50,2,5,1,0,0,4,51.0,49.0,voiture,voiture,3,1,1,2,2
202200023294,2022-09-03 14:15:00,2022,9,3,14,15,91,91570,RN 104,48.62509,2.30726,Plein jour,Hors agglomération,Hors intersection,Normale,Trois véhicules et plus - collisions multiples,2,1,2,0,1,1,1,0,1,110,5,5,4,0,0,1,24.0,28.0,voiture,voiture,1,1,1,1,5
202200023295,2022-02-27 02:46:00,2022,2,27,2,46,34,34003,PAGESE (DOMAINE DE LA),43.31988,3.46336,Nuit sans éclairage public,Hors agglomération,Hors intersection,Normale,Autre collision,4,2,2,0,1,1,1,9,3,80,1,1,0,0,0,1,21.0,,voiture,,3,1,1,1,6