accident_id,datetime,annee,mois,jour,heure,minute,departement,commune_insee,adresse,latitude,longitude,luminosite,agglomeration,intersection,meteo,collision,catr,circ,nbv,vosp,prof,plan,surf,infra,situ,vma,nb_vehicules,nb_usagers,nb_indemnes,nb_tues,nb_blesses_hosp,nb_blesses_legers,age_cond_1,age_cond_2,veh_type_cond_1,veh_type_cond_2,lum_code,agg_code,int_code,atm_code,col_code
202200023296,2022-09-03 08:45:00,2022,9,3,8,45,94,94034,AUTOROUTE A86,48.7577255108,2.3280598325,Plein jour,Hors agglomération,Hors intersection,Normale,Sans collision,1,1,2,0,1,1,1,1,2,70,1,1,0,0,0,1,60.0,,deux_roues,,1,1,1,1,7
202200023297,2022-03-08 19:30:00,2022,3,8,19,30,33,33069,Boulevard Pierre 1er,44.85709,-0.59115,Nuit avec éclairage allumé,En agglomération,Intersection en X,Pluie légère,Deux véhicules - côté,4,2,5,3,3,1,2,0,6,50,2,2,1,0,0,1,22.0,31.0,deux_roues,voiture,5,2,2,2,3
202200023298,2022-09-03 00:25:00,2022,9,3,0,25,92,92036,A86,48.9348846198,2.2827304295,Nuit sans éclairage public,Hors agglomération,Hors intersection,Normale,Deux véhicules - côté,1,1,3,0,1,1,1,0,1,90,2,5,4,0,0,1,26.0,31.0,voiture,voiture,3,1,1,1,3
202200023299,2022-09-02 11:45:00,2022,9,2,11,45,92,92050,A86,48.9088704627,2.2144268065,Plein jour,Hors agglomération,Hors intersection,Normale,Autre collision,1,3,3,0,1,1,1,0,1,90,1,1,0,0,0,1,35.0,,voiture,,1,1,1,1,6
202200023300,2022-03-08 21:40:00,2022,3,8,21,40,33,33063,Rue des Trois Conils,44.83854,-0.57886,Nuit sans éclairage public,En agglomération,Hors intersection,Pluie légère,Sans collision,4,1,1,0,1,1,2,0,1,30,1,1,0,0,0,1,43.0,,deux_roues,,3,2,1,2,7
202200023301,2022-09-03 17:25:00,2022,9,3,17,25,93,93053,AUTOROUTE A3,48.8929993282,2.4727561176,Plein jour,Hors agglomération,Hors intersection,Normale,Deux véhicules - arrière,1,1,10,0,1,1,1,0,1,70,2,3,1,0,0,2,21.0,25.0,voiture,deux_roues,1,1,1,1,2
202200023302,2022-03-08 20:05:00,2022,3,8,20,5,32,32013,PAUL VALERY,43.6633301055,0.5914244056,Nuit avec éclairage allumé,Hors agglomération,Hors intersection,Normale,Deux véhicules - côté,6,-1,0,0,1,1,2,0,1,50,2,5,2,0,0,3,30.0,24.0,voiture,voiture,5,1,1,1,3
202200023303,2022-09-03 14:00:00,2022,9,3,14,0,93,93066,AUTOROUTE A1,48.9189934371,2.3572939965,Plein jour,Hors agglomération,Hors intersection,Normale,Trois véhicules et plus - collisions multiples,1,1,4,0,1,1,1,0,1,70,3,3,2,0,0,1,26.0,20.0,deux_roues,voiture,1,1,1,1,5
202200023304,2022-03-07 07:05:00,2022,3,7,7,5,31,31555,SANG DE SERP (CHE DU) DU 3AU 200,43.61687,1.42765,Crépuscule ou aube,En agglomération,Hors intersection,Normale,Autre collision,4,2,2,0,1,1,1,0,1,30,1,2,0,0,1,1,31.0,,deux_roues,,2,2,1,1,6
202200023305,2022-09-03 13:05:00,2022,9,3,13,5,77,77294,A104,48.9653629156,2.60874789,Plein jour,Hors agglomération,Hors intersection,Normale,Autre collision,1,3,2,0,1,1,1,0,1,90,3,3,2,0,0,1,26.0,74.0,utilitaire_camion,voiture,1,1,1,1,6
202200023306,2022-03-06 03:00:00,2022,3,6,3,0,31,31555,AV DES ETATS UNIS,43.654161,1.42315,Nuit avec éclairage allumé,En agglomération,Hors intersection,Normale,Autre collision,7,2,3,0,1,1,1,0,1,50,1,2,1,0,0,1,44.0,,voiture,,5,2,1,1,6
202200023307,2022-09-03 10:15:00,2022,9,3,10,15,77,77495,A105,48.5768528552,2.6385723085,Plein jour,Hors agglomération,Hors intersection,Normale,Trois véhicules et plus - collisions multiples,1,3,3,0,1,1,1,0,1,110,3,5,2,0,1,2,24.0,57.0,voiture,voiture,1,1,1,1,5
202200023308,2022-03-07 17:40:00,2022,3,7,17,40,31,31483,ROUTE DE LA SERRE DE CAZAUX,43.13657,0.72691,Plein jour,Hors agglomération,Hors intersection,Normale,Deux véhicules - frontale,3,2,2,0,2,1,1,0,1,50,2,2,1,0,0,1,43.0,44.0,voiture,voiture,1,1,1,1,1
202200023309,2022-09-03 09:20:00,2022,9,3,9,20,77,77495,A5b,48.584221,2.637058,Plein jour,Hors agglomération,Hors intersection,Normale,Deux véhicules - arrière,1,3,3,0,1,1,1,0,1,90,2,5,3,0,0,2,21.0,44.0,voiture,voiture,1,1,1,1,2
202200023310,2022-03-07 15:39:00,2022,3,7,15,39,30,30028,NIMES (ROUTE DE),44.15321,4.6164,Plein jour,En agglomération,Giratoire,Normale,Deux véhicules - frontale,3,2,2,0,1,2,1,5,4,50,2,3,0,1,0,2,50.0,87.0,voiture,voiture,1,2,6,1,1
202200023311,2022-09-02 15:00:00,2022,9,2,15,0,94,94069,A4,48.8171389327,2.4422619339,Plein jour,Hors agglomération,Hors intersection,Pluie légère,Deux véhicules - arrière,1,1,4,0,1,1,2,0,1,90,2,2,1,0,0,1,68.0,62.0,voiture,utilitaire_camion,1,1,1,2,2
202200023312,2022-09-02 16:50:00,2022,9,2,16,50,76,76212,Place du Marechal Foch,49.4404,1.14558,Plein jour,En agglomération,Place,Normale,Autre collision,7,2,2,0,1,1,1,0,8,30,1,2,1,0,0,1,70.0,,voiture,,1,2,7,1,6
202200023313,2022-03-08 13:15:00,2022,3,8,13,15,30,30007,Avenue de Croupillac,44.13731,4.10492,Plein jour,En agglomération,Intersection en X,Temps couvert,Deux véhicules - côté,4,3,2,0,1,1,1,0,1,50,2,2,1,0,0,1,60.0,64.0,voiture,deux_roues,1,2,2,8,3
202200023314,2022-09-02 08:25:00,2022,9,2,8,25,32,32013,LIBERTE (PLACE DE LA),43.6454,0.58227,Plein jour,En agglomération,Hors intersection,Normale,Sans collision,4,2,2,0,2,1,1,0,1,50,1,2,1,0,1,0,22.0,,voiture,,1,2,1,1,7
202200023315,2022-08-31 11:10:00,2022,8,31,11,10,50,50129,ZOLA (RUE EMILE),49.6357,-1.6305,Plein jour,En agglomération,Giratoire,Normale,Deux véhicules - arrière,4,2,2,0,1,1,1,0,1,30,2,3,2,0,0,1,62.0,47.0,voiture,voiture,1,2,6,1,2
202200023316,2022-03-07 20:05:00,2022,3,7,20,5,19,19123,PILOU (CHEMIN DU),45.1580665768,1.560428068,Nuit sans éclairage public,En agglomération,Hors intersection,Normale,Deux véhicules - côté,4,2,2,0,1,1,1,0,1,50,2,2,0,0,0,2,46.0,42.0,voiture,voiture,3,2,1,1,3
202200023317,2022-02-15 16:50:00,2022,2,15,16,50,73,73065,D991A MENDES FRANCE PIERRE(AVENUE),45.5965676846,5.9085293283,Plein jour,Hors agglomération,Hors intersection,Pluie légère,Deux véhicules - frontale,3,2,2,0,3,3,2,0,1,70,2,3,0,0,2,1,34.0,22.0,voiture,voiture,1,1,1,2,1
202200023318,2022-03-07 08:50:00,2022,3,7,8,50,19,19031,COURBATERE (ROND-POINT ROGER),45.1588518046,1.5113373399,Plein jour,En agglomération,Giratoire,Normale,Deux véhicules - côté,4,1,2,0,1,3,1,0,1,50,2,2,0,0,0,2,55.0,42.0,voiture,voiture,1,2,6,1,3
202200023319,2022-09-02 15:45:00,2022,9,2,15,45,974,97416,RN3 (ANCIENNE ROUTE),-21.3,55.5,Plein jour,Hors agglomération,Autre intersection,Normale,Deux véhicules - côté,4,2,2,0,2,2,1,9,8,90,2,2,1,0,0,1,22.0,39.0,deux_roues,voiture,1,1,9,1,3
202200023320,2022-09-02 16:45:00,2022,9,2,16,45,974,97411,MOULIN CADER (CHEMIN DU),-20.886792,55.409367,Plein jour,En agglomération,Hors intersection,Normale,Autre collision,4,2,2,0,2,1,1,0,1,50,1,2,1,0,0,1,18.0,,deux_roues,,1,2,1,1,6
202200023321,2022-09-02 12:30:00,2022,9,2,12,30,974,97411,BOUGAINVILLEES (ROUTE DES),-20.88968,55.42279,Plein jour,En agglomération,Hors intersection,Normale,Sans collision,3,2,2,0,2,3,1,0,1,50,1,1,0,0,0,1,24.0,,voiture,,1,2,1,1,7
202200023322,2022-09-02 10:40:00,2022,9,2,10,40,974,97407,ARAGON LOUIS(AVENUE),-20.945975,55.300661,Plein jour,En agglomération,Hors intersection,Normale,Autre collision,4,2,2,0,1,1,1,0,1,50,1,2,1,0,0,1,51.0,,voiture,,1,2,1,1,6
202200023323,2022-03-08 13:05:00,2022,3,8,13,5,14,14220,Quai de la Marine,49.36261,0.07929,Plein jour,En agglomération,Hors intersection,Normale,Autre collision,4,2,4,0,1,1,1,0,1,50,1,2,1,0,1,0,66.0,,voiture,,1,2,1,1,6
202200023324,2022-09-02 08:50:00,2022,9,2,8,50,69,69388,Avenue Jean Mermoz,45.73239,4.88259,Plein jour,En agglomération,Intersection en T,Normale,Deux véhicules - côté,4,2,4,2,1,1,1,0,1,50,2,2,0,0,0,1,,27.0,voiture,deux_roues,1,2,3,1,3
202200023325,2022-09-02 02:50:00,2022,9,2,2,50,69,69382,Quai Docteur Gailleton,45.74636,4.8285,Nuit avec éclairage allumé,En agglomération,Intersection en T,Normale,Deux véhicules - frontale,4,1,3,1,1,1,1,0,1,30,2,7,0,0,0,7,23.0,24.0,voiture,voiture,5,2,3,1,1
202200023326,2022-09-02 05:00:00,2022,9,2,5,0,971,97101,BOULEVARD DES HEROS,16.2554905783,-61.5131485462,Nuit avec éclairage allumé,En agglomération,Autre intersection,Normale,Autre collision,3,3,2,0,1,1,1,0,1,50,1,2,1,0,0,1,54.0,,voiture,,5,2,9,1,6
202200023327,2022-09-02 09:00:00,2022,9,2,9,0,95,95088,RD170,48.97648,2.42918,Plein jour,Hors agglomération,Hors intersection,Pluie légère,Autre collision,3,3,4,0,1,3,2,0,1,70,1,1,0,0,0,1,46.0,,voiture,,1,1,1,2,6
202200023328,2022-09-02 22:10:00,2022,9,2,22,10,91,91657,AV HENRI BARBUSSE,48.69818,2.41647,Nuit avec éclairage allumé,En agglomération,Hors intersection,Normale,Deux véhicules - côté,3,2,3,0,1,1,1,0,1,50,2,3,1,0,1,1,23.0,17.0,voiture,deux_roues,5,2,1,1,3
202200023329,2022-09-02 19:00:00,2022,9,2,19,0,91,91201,RUE DU PORT AUX MALADES,48.67284,2.41079,Plein jour,En agglomération,Hors intersection,Normale,Sans collision,4,-1,2,0,2,3,1,0,1,30,1,1,0,0,1,0,68.0,,deux_roues,,1,2,1,1,7
202200023330,2022-08-30 11:09:00,2022,8,30,11,9,90,90008,ECOLES (RUE DES),47.62056,6.83656,Plein jour,En agglomération,Hors intersection,Normale,Deux véhicules - arrière,9,2,2,0,1,1,1,0,4,30,1,2,1,0,1,0,72.0,,voiture,,1,2,1,1,2
202200023331,2022-09-02 07:59:00,2022,9,2,7,59,87,87085,MAUVENDIERE (RUE DE LA),45.83244,1.24994,Nuit avec éclairage allumé,En agglomération,Hors intersection,Normale,Deux véhicules - côté,4,2,3,3,1,1,1,0,1,30,2,2,1,0,0,1,25.0,36.0,voiture,deux_roues,5,2,1,1,3
202200023332,2022-09-02 02:55:00,2022,9,2,2,55,87,87085,RN520,45.880155,1.17455,Nuit sans éclairage public,Hors agglomération,Hors intersection,Normale,Autre collision,2,2,2,0,1,3,1,0,1,90,1,1,0,0,1,0,45.0,,deux_roues,,3,1,1,1,6
202200023333,2022-09-02 18:55:00,2022,9,2,18,55,86,86158,D30,46.630369,0.262247,Plein jour,Hors agglomération,Hors intersection,Normale,Deux véhicules - côté,3,2,2,0,3,1,1,0,1,80,2,2,1,0,0,1,19.0,55.0,voiture,deux_roues,1,1,1,1,3
202200023334,2022-09-02 08:25:00,2022,9,2,8,25,86,86041,Route de la Vallée,46.610914,0.373374,Plein jour,Hors agglomération,Hors intersection,Normale,Deux véhicules - côté,4,-1,2,0,1,1,1,0,1,50,2,3,0,0,0,3,43.0,55.0,voiture,voiture,1,1,1,1,3
202200023335,2022-09-02 16:30:00,2022,9,2,16,30,86,86066,D725,46.823456,0.598156,Plein jour,Hors agglomération,Hors intersection,Normale,Trois véhicules et plus - collisions multiples,3,2,2,0,1,1,1,0,1,80,3,3,2,0,0,1,72.0,19.0,voiture,voiture,1,1,1,1,5
202200023336,2022-09-02 16:20:00,2022,9,2,16,20,83,83137,,43.12855,5.90394,Plein jour,En agglomération,Intersection en X,Normale,Deux véhicules - côté,7,4,2,2,1,1,1,6,1,50,2,2,1,0,0,1,31.0,59.0,voiture,deux_roues,1,2,2,1,3
202200023337,2022-08-31 12:05:00,2022,8,31,12,5,80,80021,ROUEN (RUE DE),49.88822,2.28618,Plein jour,En agglomération,Hors intersection,Normale,Autre collision,4,2,2,0,2,1,1,0,1,50,1,1,0,0,0,1,35.0,,deux_roues,,1,2,1,1,6
202200023338,2022-09-02 20:50:00,2022,9,2,20,50,76,76681,Rue du Madrillet,49.40782,1.07632,Nuit avec éclairage allumé,En agglomération,Hors intersection,Normale,Autre collision,4,2, -1,0,1,1,1,0,3,50,1,1,0,0,0,1,35.0,,deux_roues,,5,2,1,1,6
202200023339,2022-09-02 13:50:00,2022,9,2,13,50,76,76212,Rue Gustave Flaubert,49.44002,1.14568,Plein jour,En agglomération,Intersection en T,Normale,Autre collision,7,2,3,0,1,1,1,0,1,50,1,2,1,1,0,0,47.0,,voiture,,1,2,3,1,6
202200023340,2022-09-02 07:15:00,2022,9,2,7,15,76,76351,RD 6382,49.52538,0.15926,Crépuscule ou aube,Hors agglomération,Hors intersection,Pluie légère,Autre collision,3,3,4,0,1,1,2,0,3,90,1,1,0,0,0,1,24.0,,voiture,,2,1,1,2,6
202200023341,2022-09-01 20:10:00,2022,9,1,20,10,76,76481,RD 6382,49.53166,0.10312,Nuit avec éclairage allumé,En agglomération,Giratoire,Pluie légère,Autre collision,3,3,4,0,1,2,2,5,1,70,1,1,0,0,0,1,45.0,,deux_roues,,5,2,6,2,6
202200023342,2022-09-02 21:10:00,2022,9,2,21,10,71,71499,JEAN ZAY (RUE),46.65,4.31,Nuit avec éclairage allumé,En agglomération,Hors intersection,Normale,Sans collision,4,2,2,0,1,1,1,0,1,50,1,1,0,0,0,1,39.0,,deux_roues,,5,2,1,1,7
202200023343,2022-09-02 19:00:00,2022,9,2,19,0,69,69264,Boulevard Général Leclerc,45.9979,4.71116,Plein jour,En agglomération,Intersection en X,Pluie légère,Deux véhicules - côté,3,2,2,2,1,1,2,0,1,50,2,2,1,0,0,1,64.0,42.0,voiture,deux_roues,1,2,2,2,3
202200023344,2022-09-02 17:30:00,2022,9,2,17,30,69,69259,Boulevard Irène Joliot Curie,45.7111826667,4.8818805814,Plein jour,En agglomération,Hors intersection,Normale,Autre collision,7,2,4,2,1,1,1,0,1,50,1,2,1,0,0,1,20.0,,voiture,,1,2,1,1,6
202200023345,2022-08-13 21:35:00,2022,8,13,21,35,68,68066,FLORIMONT (RUE DU),48.07705,7.34868,Nuit avec éclairage allumé,En agglomération,Autre intersection,Normale,Sans collision,4,2,2,0,1,1,1,0,1,50,1,2,0,0,0,2,42.0,,deux_roues,,5,2,9,1,7
202200023346,2022-09-02 12:38:00,2022,9,2,12,38,66,66136,,42.70054,2.88676,Plein jour,En agglomération,Hors intersection,Normale,Deux véhicules - arrière,4,1,1,0,1,2,1,5,1,50,2,2,1,0,0,1,52.0,51.0,voiture,voiture,1,2,1,1,2
202200023347,2022-08-12 18:37:00,2022,8,12,18,37,63,63019,HENRI POURRAT (AV),45.80206,3.1621,Plein jour,En agglomération,Hors intersection,Normale,Deux véhicules - côté,7,2,2,0,1,1,1,0,1,50,2,2,1,0,0,1,66.0,54.0,deux_roues,utilitaire_camion,1,2,1,1,3
202200023348,2022-09-01 08:44:00,2022,9,1,8,44,63,63113,rue de Strasbourg,45.78022,3.09861,Plein jour,En agglomération,Hors intersection,Normale,Autre collision,4,1,1,0,1,1,1,0,1,50,1,2,1,0,0,1,39.0,,voiture,,1,2,1,1,6
202200023349,2022-09-02 13:15:00,2022,9,2,13,15,59,59291,LANDRECIES (ROUTE DE),50.2433192215,3.930439353,Plein jour,En agglomération,Hors intersection,Normale,Deux véhicules - arrière,3,2,2,0,1,1,1,0,1,50,2,4,1,0,0,3,79.0,34.0,voiture,voiture,1,2,1,1,2
202200023350,2022-09-02 14:30:00,2022,9,2,14,30,56,56121,2 Rue du Tonkin,47.74014,-3.37526,Plein jour,En agglomération,Intersection en X,Normale,Deux véhicules - côté,4,2,2,0,1,1,1,0,1,30,2,2,1,0,0,1,30.0,32.0,deux_roues,voiture,1,2,2,1,3
202200023351,2022-09-02 04:22:00,2022,9,2,4,22,56,56185,N165 sens Lorient/Quimper,47.76966883,-3.37860971,Nuit sans éclairage public,Hors agglomération,Hors intersection,Normale,Autre collision,2,1,1,0,1,2,1,3,1,70,1,1,0,0,0,1,25.0,,voiture,,3,1,1,1,6
202200023352,2022-09-02 06:40:00,2022,9,2,6,40,51,51454,avenue Georges Clemenceau,49.25189,4.04479,Plein jour,En agglomération,Intersection en T,Normale,Deux véhicules - côté,4,2,2,0,1,1,1,0,1,50,2,2,1,0,0,1,38.0,54.0,voiture,deux_roues,1,2,3,1,3
202200023353,2022-09-02 14:19:00,2022,9,2,14,19,49,49007,GERICAULT PLACE ET RUE,47.45993,-0.52432,Plein jour,En agglomération,Intersection en X,Normale,Deux véhicules - côté,4,2,2,0,1,1,1,0,1,30,2,2,1,0,0,1,47.0,48.0,voiture,voiture,1,2,2,1,3
202200023354,2022-09-03 02:05:00,2022,9,3,2,5,47,47001,BRU (AV. DU DR JEAN),44.19348,0.61757,Nuit avec éclairage allumé,En agglomération,Hors intersection,Normale,Autre collision,4,3,4,2,1,3,1,9,1,50,1,5,3,0,1,1,24.0,,voiture,,5,2,1,1,6
202200023355,2022-09-02 15:00:00,2022,9,2,15,0,45,45298,D951 PK 96 + 160,47.8779564713,1.8563117981,Plein jour,En agglomération,Hors intersection,Normale,Autre collision,3,2,2,1,1,1,1,0,1,50,1,1,0,0,0,1,61.0,,voiture,,1,2,1,1,6
202200023356,2022-09-03 01:18:00,2022,9,3,1,18,44,44109,28 Boulevard Gustave Roch,47.20394,-1.55147,Nuit avec éclairage allumé,En agglomération,Hors intersection,Normale,Deux véhicules - côté,4,2,2,2,1,1,1,0,1,30,2,2,1,0,0,1,27.0,35.0,deux_roues,voiture,5,2,1,1,3
202200023357,2022-09-03 00:50:00,2022,9,3,0,50,44,44109,20 Rue du Calvaire,47.21536,-1.56164,Nuit avec éclairage allumé,En agglomération,Hors intersection,Normale,Deux véhicules - côté,4,2,2,0,1,1,1,0,1,30,2,2,1,0,0,1,25.0,39.0,deux_roues,voiture,5,2,1,1,3
202200023358,2022-09-02 17:45:00,2022,9,2,17,45,44,44109,N844,47.244539,-1.49579,Plein jour,Hors agglomération,Hors intersection,Pluie légère,Deux véhicules - côté,2,3,4,0,1,1,1,0,1,90,2,2,1,0,1,0,40.0,31.0,deux_roues,voiture,1,1,1,2,3
202200023359,2022-09-02 16:18:00,2022,9,2,16,18,44,44114,N137,47.269015,-1.589478,Plein jour,Hors agglomération,Hors intersection,Normale,Trois véhicules et plus - collisions multiples,2,3,4,0,1,1,1,0,1,90,3,3,2,0,0,1,48.0,28.0,voiture,voiture,1,1,1,1,5
202200023360,2022-09-02 05:50:00,2022,9,2,5,50,37,37233,DUCLOS (AVENUE JACQUES),47.3809028282,0.7329538465,Nuit avec éclairage allumé,En agglomération,Hors intersection,Pluie forte,Autre collision,4,2,2,0,1,1,2,0,1,50,1,1,0,0,0,1,22.0,,voiture,,5,2,1,3,6
202200023361,2022-09-01 12:10:00,2022,9,1,12,10,37,37261,BERT (QUAI PAUL),47.4028516457,0.6980395317,Plein jour,En agglomération,Hors intersection,Normale,Deux véhicules - côté,4,2,2,2,1,1,1,0,1,50,2,3,2,0,1,0,18.0,50.0,voiture,deux_roues,1,2,1,1,3
202200023362,2022-09-02 18:00:00,2022,9,2,18,0,35,35278,N136,48.1411078066,-1.6787168384,Plein jour,Hors agglomération,Hors intersection,Normale,Trois véhicules et plus - collisions multiples,2,3,4,0,1,1,1,0,1,90,4,5,4,0,0,1,43.0,52.0,voiture,voiture,1,1,1,1,5
202200023363,2022-09-02 17:25:00,2022,9,2,17,25,35,35238,FELIX EBOUE (GOUVERNEUR GENERAL),48.08559,-1.6948,Plein jour,En agglomération,Hors intersection,Normale,Autre collision,6,-1, -1,0,2,1,1,9,1,50,1,2,1,0,0,1,53.0,,voiture,,1,2,1,1,6
202200023364,2022-09-01 18:10:00,2022,9,1,18,10,34,34172,Avenue de Toulouse,43.598315034,3.8651999831,Plein jour,En agglomération,Intersection en T,Normale,Deux véhicules - côté,4,2,6,1,2,1,1,0,1,30,2,2,1,0,0,1,60.0,50.0,utilitaire_camion,deux_roues,1,2,3,1,3
202200023365,2022-09-02 23:20:00,2022,9,2,23,20,33,33063,Quai du Maréchal Lyautey,44.8426,-0.5699,Nuit avec éclairage allumé,En agglomération,Hors intersection,Normale,Deux véhicules - arrière,4,3,4,0,1,1,1,0,1,50,2,2,1,0,1,0,23.0,52.0,deux_roues,voiture,5,2,1,1,2
202200023366,2022-09-02 07:45:00,2022,9,2,7,45,33,33281,Avenue Président J.f. Kennedy,44.8355078398,-0.6801357865,Plein jour,En agglomération,Giratoire,Normale,Deux véhicules - arrière,4,2,2,0,1,1,1,5,1,50,2,2,1,0,0,1,27.0,51.0,voiture,voiture,1,2,6,1,2
202200023367,2022-09-02 02:30:00,2022,9,2,2,30,33,33009,MAURICE MARTIN (AVE),44.6497065864,-1.1821547896,Nuit avec éclairage allumé,En agglomération,Hors intersection,Normale,Autre collision,4,2,2,0,1,1,1,0,1,50,1,2,0,0,0,2,29.0,,voiture,,5,2,1,1,6
202200023368,2022-09-02 15:09:00,2022,9,2,15,9,32,32013,CORPS FRANC POMMIES (AVENUE DU),43.6308,0.5809,Plein jour,En agglomération,Hors intersection,Normale,Deux véhicules - arrière,2,2, -1,0,1,1,1,0,1,50,2,3,2,0,0,1,43.0,45.0,utilitaire_camion,voiture,1,2,1,1,2
202200023369,2022-09-02 18:30:00,2022,9,2,18,30,31,31555,BD LASCROSSES,43.610697,1.436059,Plein jour,En agglomération,Intersection en Y,Normale,Deux véhicules - côté,4,3,6,3,1,1,1,5,1,50,2,2,1,0,0,1,23.0,33.0,voiture,deux_roues,1,2,4,1,3
202200023370,2022-08-30 16:20:00,2022,8,30,16,20,30,30007,Avenue Monge,44.1418,4.1049,Plein jour,En agglomération,Intersection en T,Normale,Autre collision,3,2,2,0,2,4,1,2,8,50,1,1,0,0,1,0,59.0,,voiture,,1,2,3,1,6
202200023371,2022-09-02 08:00:00,2022,9,2,8,0,27,27701,FALAISES (ROUTE DES) MAILLOUX A NATION,49.2563,1.19485,Plein jour,En agglomération,Hors intersection,Temps couvert,Deux véhicules - arrière,4,2,3,3,1,1,1,5,1,50,1,1,0,0,0,1,47.0,,voiture,,1,2,1,8,2
202200023372,2022-09-02 12:50:00,2022,9,2,12,50,27,27229,COCHEREL (RUE DE),49.0168,1.18608,Plein jour,En agglomération,Hors intersection,Normale,Deux véhicules - côté,4,2,2,0,1,1,2,0,1,50,2,3,1,0,0,2,26.0,27.0,utilitaire_camion,voiture,1,2,1,1,3
202200023373,2022-09-02 10:55:00,2022,9,2,10,55,26,26198,ROCHEMAURE (Avenue de) n°1 à 75 - 18 à 9,44.571902,4.76103,Plein jour,En agglomération,Hors intersection,Normale,Autre collision,4,2,2,0,1,1,1,0,1,50,1,2,1,0,1,0,49.0,,utilitaire_camion,,1,2,1,1,6
202200023374,2022-09-02 14:45:00,2022,9,2,14,45,25,25462,ARMEE DE L'EST (AVENUE DE L'),46.892282,6.364938,Plein jour,En agglomération,Hors intersection,Normale,Deux véhicules - arrière,2,2,2,0,1,1,1,9,1,50,2,3,0,0,0,3,63.0,27.0,voiture,voiture,1,2,1,1,2
202200023375,2022-08-29 19:20:00,2022,8,29,19,20,18,18033,Rue du General Challe,47.09393,2.40126,Plein jour,En agglomération,Intersection en X,Normale,Deux véhicules - côté,3,2,4,0,3,1,1,0,1,50,2,4,3,0,1,0,45.0,62.0,deux_roues,voiture,1,2,2,1,3
202200023376,2022-09-02 10:02:00,2022,9,2,10,2,17,17306,LAVOISIER (ANTOINE DE),45.63156,-0.98806,Plein jour,En agglomération,Hors intersection,Pluie légère,Trois véhicules et plus - collisions multiples,4,2,2,0,2,1,2,0,1,50,3,3,2,0,1,0,19.0,32.0,voiture,voiture,1,2,1,2,5
202200023377,2022-08-17 20:07:00,2022,8,17,20,7,14,14366,Rue Augustin Fresnel,49.14433,0.27526,Plein jour,En agglomération,Hors intersection,Normale,Sans collision,4,2,2,0,1,1,1,0,3,30,1,2,0,0,2,0,43.0,,utilitaire_camion,,1,2,1,1,7
202200023378,2022-09-02 17:25:00,2022,9,2,17,25,13,13213,MERLAUD PON (RUE),43.33615,5.42654,Plein jour,En agglomération,Hors intersection,Pluie forte,Deux véhicules - frontale,4,2,2,0,2,1,2,0,1,50,1,2,1,0,1,0,23.0,,voiture,,1,2,1,3,1
202200023379,2022-09-02 09:00:00,2022,9,2,9,0,13,13216,ALBIN BANDINI (BOULEVARD),43.36045,5.31587,Plein jour,En agglomération,Intersection en T,Normale,Deux véhicules - frontale,3,1,1,0,4,1,1,0,1,50,1,2,1,0,0,1,70.0,,voiture,,1,2,3,1,1
202200023380,2022-09-02 06:45:00,2022,9,2,6,45,13,13205,BRIFFAUT (RUE),43.29434,5.39764,Crépuscule ou aube,En agglomération,Hors intersection,Normale,Autre collision,4,2,2,0,1,1,1,6,1,50,1,2,1,0,0,1,,,autre,,2,2,1,1,6
202200023381,2022-09-02 13:22:00,2022,9,2,13,22,10,10387,LOMBARDS (AVENUE),48.27687,4.07189,Plein jour,En agglomération,Hors intersection,Normale,Deux véhicules - arrière,9,2,1,3,1,1,1,9,1,30,2,3,2,0,0,1,28.0,32.0,utilitaire_camion,voiture,1,2,1,1,2
202200023382,2022-09-02 00:10:00,2022,9,2,0,10,05,05061,EMBRUN ( AVENUE D'),44.56752,6.09727,Nuit avec éclairage allumé,En agglomération,Giratoire,Normale,Deux véhicules - côté,2,2,2,0,1,1,1,5,1,50,2,5,4,0,1,0,23.0,25.0,voiture,voiture,5,2,6,1,3
202200023383,2022-09-02 09:10:00,2022,9,2,9,10,75,75119,BD PERIPHERIQUE INTERIEUR,48.900368,2.375187,Plein jour,En agglomération,Hors intersection,Normale,Deux véhicules - arrière,4,1,4,0,1,1,2,0,1,70,2,2,1,0,0,1,,56.0,voiture,deux_roues,1,2,1,1,2
202200023384,2022-09-02 07:45:00,2022,9,2,7,45,75,75112,BD PERIPHERIQUE EXTERIEUR,48.83513,2.411619,Plein jour,En agglomération,Hors intersection,Normale,Deux véhicules - côté,4,1,4,0,1,1,1,0,1,70,2,2,1,0,0,1,37.0,23.0,deux_roues,voiture,1,2,1,1,3
202200023385,2022-09-01 19:45:00,2022,9,1,19,45,75,75113,BD PERIPHERIQUE INTERIEUR,48.820798,2.376664,Crépuscule ou aube,En agglomération,Hors intersection,Normale,Trois véhicules et plus - collisions multiples,4,1,4,0,1,1,1,0,1,70,3,3,2,0,0,1,47.0,28.0,deux_roues,voiture,2,2,1,1,5
202200023386,2022-08-31 20:00:00,2022,8,31,20,0,75,75119,PORTE D AUBERVILLIERS,48.900355,2.382103,Crépuscule ou aube,En agglomération,Hors intersection,Normale,Deux véhicules - arrière,4,1,4,0,1,1,1,0,1,70,2,2,1,0,0,1,41.0,40.0,voiture,deux_roues,2,2,1,1,2
202200023387,2022-08-31 21:00:00,2022,8,31,21,0,75,75116,PORTE DE SAINT CLOUD,48.835112,2.25999,Nuit avec éclairage non allumé,En agglomération,Intersection en Y,Normale,Trois véhicules et plus - collisions multiples,4,1,4,0,1,1,1,0,1,70,4,5,4,0,0,1,50.0,77.0,utilitaire_camion,voiture,4,2,4,1,5