accident_id,datetime,annee,mois,jour,heure,minute,departement,commune_insee,adresse,latitude,longitude,luminosite,agglomeration,intersection,meteo,collision,catr,circ,nbv,vosp,prof,plan,surf,infra,situ,vma,nb_vehicules,nb_usagers,nb_indemnes,nb_tues,nb_blesses_hosp,nb_blesses_legers,age_cond_1,age_cond_2,veh_type_cond_1,veh_type_cond_2,lum_code,agg_code,int_code,atm_code,col_code
202200023480,2022-06-18 14:40:00,2022,6,18,14,40,92,92026,JOFFRE ( DE 52 A FIN ET DE 61 A FIN ),48.90203,2.28098,Plein jour,En agglomération,Hors intersection,Normale,Deux véhicules - arrière,3,3,2,0,1,1,1,0,1,70,2,2,1,0,0,1,21.0,47.0,deux_roues,utilitaire_camion,1,2,1,1,2
202200023481,2022-04-17 17:40:00,2022,4,17,17,40,93,93070,Quai de Seine,48.91632,2.32499,Plein jour,En agglomération,Hors intersection,Normale,Deux véhicules - côté,3,2,3,0,1,1,1,0,1,50,2,3,1,0,0,2,41.0,42.0,voiture,deux_roues,1,2,1,1,3
202200023482,2022-06-23 10:17:00,2022,6,23,10,17,92,92025,CHARLES DE GAULLE (BD),48.9090135783,2.2369623184,Plein jour,En agglomération,Intersection en X,Normale,Trois véhicules et plus - en chaîne,3,2,6,0,1,1,1,0,1,30,3,4,3,0,0,1,51.0,57.0,voiture,voiture,1,2,2,1,4
202200023483,2022-06-22 20:40:00,2022,6,22,20,40,92,92025,JULES FERRY > 79   54 (RUE),48.9215542431,2.2343283891,Plein jour,En agglomération,Hors intersection,Normale,Autre collision,4,1,1,0,1,1,1,0,4,30,1,2,1,0,1,0,,,deux_roues,,1,2,1,1,6
202200023484,2022-04-17 10:30:00,2022,4,17,10,30,93,93066,Avenue Jean Moulin,48.941449,2.364712,Plein jour,En agglomération,Hors intersection,Normale,Deux véhicules - frontale,4,2,2,0,1,1,1,0,1,50,2,2,1,0,0,1,22.0,65.0,voiture,voiture,1,2,1,1,1
202200023485,2022-06-22 19:05:00,2022,6,22,19,5,92,92025,BOURNARD (RUE DU),48.9229403965,2.2552201152,Plein jour,En agglomération,Autre intersection,Normale,Autre collision,3,3,3,0,1,3,1,0,1,30,1,2,0,0,0,2,77.0,,voiture,,1,2,9,1,6
202200023486,2022-04-17 15:30:00,2022,4,17,15,30,93,93074,Rue Henri IV / Rue Henri Barbusse,48.9343,2.57504,Plein jour,En agglomération,Giratoire,Normale,Deux véhicules - côté,4,2,2,0,1,1,1,0,1,30,2,2,1,0,0,1,17.0,58.0,deux_roues,voiture,1,2,6,1,3
202200023487,2022-06-21 18:30:00,2022,6,21,18,30,92,92025,CHARLES DE GAULLE (BD),48.9146201666,2.2290457785,Plein jour,En agglomération,Intersection en X,Normale,Deux véhicules - côté,3,1,4,0,1,1,1,0,1,50,2,4,2,0,0,2,45.0,22.0,voiture,voiture,1,2,2,1,3
202200023488,2022-04-17 12:15:00,2022,4,17,12,15,93,93077,Rue de Neuilly,48.87736,2.52337,Plein jour,En agglomération,Hors intersection,Normale,Deux véhicules - arrière,3,2,2,0,1,1,1,9,1,30,2,3,0,0,0,3,60.0,60.0,voiture,voiture,1,2,1,1,2
202200023489,2022-06-23 16:29:00,2022,6,23,16,29,92,92071,AVENUE JEAN PERRIN,48.7852394776,2.3020793795,Plein jour,En agglomération,Hors intersection,Normale,Sans collision,3,-1,0,3,1,1,1,0,8,30,1,1,0,0,1,0,34.0,,deux_roues,,1,2,1,1,7
202200023490,2022-06-23 16:53:00,2022,6,23,16,53,80,80016,Rue Jean Guyon,50.001005,2.64933,Plein jour,En agglomération,Hors intersection,Normale,Autre collision,4,2,2,0,1,1,1,0,1,-1,1,2,1,0,0,1,56.0,,voiture,,1,2,1,1,6
202200023491,2022-04-17 20:50:00,2022,4,17,20,50,93,93048,Rue de Rosny / Boulevard de la Boissière,48.8711,2.4708,Crépuscule ou aube,En agglomération,Intersection en X,Normale,Deux véhicules - côté,3,2,2,0,1,1,1,0,1,30,2,6,3,0,0,3,32.0,41.0,voiture,voiture,2,2,2,1,3
202200023492,2022-04-17 19:32:00,2022,4,17,19,32,93,93048,Rue de Vincennes / Rue du Sergent Godefroy,48.853388,2.435228,Plein jour,En agglomération,Intersection en X,Normale,Deux véhicules - côté,3,1,2,0,1,1,1,0,1,50,2,2,1,0,0,1,28.0,23.0,voiture,deux_roues,1,2,2,1,3
202200023493,2022-05-27 15:15:00,2022,5,27,15,15,33,33332,,45.034764,-0.02627,Plein jour,Hors agglomération,Hors intersection,Normale,Autre collision,3,2,2,0,1,1,1,2,3,80,1,4,0,0,4,0,82.0,,voiture,,1,1,1,1,6
202200023494,2022-04-17 12:30:00,2022,4,17,12,30,93,93048,Avenue Pasteur,48.8638807818,2.4396445156,Plein jour,En agglomération,Hors intersection,Normale,Deux véhicules - côté,4,2,2,0,1,1,1,0,1,50,2,2,1,0,0,1,21.0,23.0,deux_roues,autre,1,2,1,1,3
202200023495,2022-06-24 17:00:00,2022,6,24,17,0,06,06161,2411 Route Départementale 6007,43.628247,7.133096,Plein jour,En agglomération,Autre intersection,Temps éblouissant,Deux véhicules - côté,3,2,2,0,1,1,1,0,1,50,2,3,1,0,0,2,22.0,58.0,utilitaire_camion,deux_roues,1,2,9,7,3
202200023496,2022-04-17 20:10:00,2022,4,17,20,10,93,93063,Boulevard Edouard Branly / A3,48.876122,2.440974,Plein jour,En agglomération,Intersection en T,Normale,Deux véhicules - côté,1,1,1,-1,1,1,1,3,1,-1,2,2,1,0,0,1,55.0,45.0,deux_roues,utilitaire_camion,1,2,3,1,3
202200023497,2022-06-21 13:30:00,2022,6,21,13,30,42,42120,Rue buissonnière,45.995791,3.978263,Plein jour,En agglomération,Giratoire,Normale,Autre collision,4,4,1,0,1,1,1,0,1,50,1,2,1,0,0,1,41.0,,voiture,,1,2,6,1,6
202200023498,2022-04-16 03:30:00,2022,4,16,3,30,93,93032,Rue du Gènéral Leclerc,48.887342943,2.5363561804,Nuit avec éclairage allumé,En agglomération,Hors intersection,Normale,Autre collision,3,1,1,0,1,1,1,0,4,50,1,2,1,0,0,1,40.0,,voiture,,5,2,1,1,6
202200023499,2022-04-17 09:30:00,2022,4,17,9,30,93,93005,Boulevard Charles Floquet,48.933696,2.504098,Plein jour,En agglomération,Hors intersection,Normale,Deux véhicules - côté,4,2,2,0,1,1,1,0,1,50,2,2,1,0,0,1,84.0,49.0,voiture,deux_roues,1,2,1,1,3
202200023500,2022-06-18 20:12:00,2022,6,18,20,12,41,41123,D917,47.818212,1.403203,Plein jour,Hors agglomération,Intersection en Y,Normale,Deux véhicules - côté,3,2,2,0,1,1,1,0,1,80,2,6,3,0,3,0,50.0,19.0,voiture,voiture,1,1,4,1,3
202200023501,2022-04-17 00:39:00,2022,4,17,0,39,92,92051,MADRID (AVENUE DE),48.8819045521,2.2591715455,Nuit avec éclairage allumé,En agglomération,Hors intersection,Normale,Autre collision,4,2,2,0,1,1,1,0,8,50,1,2,1,0,1,0,53.0,,autre,,5,2,1,1,6
202200023502,2022-06-23 17:25:00,2022,6,23,17,25,62,62340,Rue Amand Montois,50.493392,2.423896,Plein jour,En agglomération,Hors intersection,Normale,Deux véhicules - côté,3,2,2,0,3,1,1,0,1,50,2,2,1,0,0,1,33.0,18.0,voiture,deux_roues,1,2,1,1,3
202200023503,2022-06-21 18:45:00,2022,6,21,18,45,57,57610,Route départementale 60,49.355664,6.459811,Plein jour,Hors agglomération,Intersection en X,Normale,Deux véhicules - côté,3,2,2,0,1,1,1,0,1,80,2,2,0,0,1,1,37.0,67.0,voiture,voiture,1,1,2,1,3
202200023504,2022-04-17 11:00:00,2022,4,17,11,0,92,92026,RÉPUBLIQUE ( DE 82 A FIN ),48.903091118,2.2560765445,Plein jour,En agglomération,Intersection en X,Normale,Deux véhicules - côté,3,2,2,0,1,1,1,0,1,50,2,2,1,0,0,1,75.0,53.0,voiture,deux_roues,1,2,2,1,3
202200023505,2022-04-17 18:22:00,2022,4,17,18,22,92,92025,PRESIDENT SALVADOR ALLENDE (RUE DU),48.922191103,2.235714823,Plein jour,En agglomération,Hors intersection,Normale,Deux véhicules - côté,4,2,3,0,1,1,1,0,1,30,2,2,1,0,0,1,24.0,59.0,deux_roues,voiture,1,2,1,1,3
202200023506,2022-06-22 16:35:00,2022,6,22,16,35,56,56164,N165 sens Vannes/Lorient,47.661623,-2.796573,Plein jour,Hors agglomération,Autre intersection,Normale,Sans collision,2,1,2,0,2,2,1,3,1,70,1,1,0,0,0,1,62.0,,deux_roues,,1,1,9,1,7
202200023507,2022-04-16 17:00:00,2022,4,16,17,0,92,92025,STALINGRAD (AV DE),48.9356453482,2.2609215528,Plein jour,En agglomération,Intersection en X,Normale,Deux véhicules - côté,3,2,4,0,1,1,1,0,1,30,2,4,2,0,0,2,46.0,25.0,voiture,voiture,1,2,2,1,3
202200023508,2022-06-08 13:57:00,2022,6,8,13,57,76,76693,D940,49.678022,0.198746,Plein jour,Hors agglomération,Intersection en X,Normale,Deux véhicules - côté,3,2,2,0,1,1,1,0,1,70,2,2,1,0,1,0,49.0,17.0,deux_roues,deux_roues,1,1,2,1,3
202200023509,2022-06-24 16:51:00,2022,6,24,16,51,79,79235,,46.84828,-0.7824,Plein jour,Hors agglomération,Hors intersection,Pluie légère,Deux véhicules - frontale,3,2,2,0,1,1,2,0,3,80,2,2,0,0,1,1,54.0,38.0,voiture,voiture,1,1,1,2,1
202200023510,2022-04-19 10:00:00,2022,4,19,10,0,54,54311,Route de Cerville,48.676744,6.314049,Plein jour,Hors agglomération,Hors intersection,Temps éblouissant,Deux véhicules - frontale,4,-1,2,0,2,2,1,0,1,80,2,3,2,0,1,0,91.0,24.0,voiture,deux_roues,1,1,1,7,1
202200023511,2022-06-24 08:40:00,2022,6,24,8,40,80,80353,D1017,49.844652,2.872925,Plein jour,Hors agglomération,Hors intersection,Temps couvert,Deux véhicules - côté,3,2,2,0,2,4,2,2,1,30,2,2,1,1,0,0,19.0,53.0,voiture,utilitaire_camion,1,1,1,8,3
202200023512,2022-04-19 12:30:00,2022,4,19,12,30,81,81101,RD 988,44.001737,2.165101,Plein jour,Hors agglomération,Hors intersection,Normale,Deux véhicules - frontale,3,2,3,0,2,3,1,0,1,90,2,3,0,1,2,0,38.0,59.0,utilitaire_camion,utilitaire_camion,1,1,1,1,1
202200023513,2022-06-24 10:20:00,2022,6,24,10,20,65,65330,RD935,43.429533,0.0474,Plein jour,Hors agglomération,Hors intersection,Normale,Autre collision,3,2,2,0,1,1,1,0,3,90,1,1,0,1,0,0,66.0,,voiture,,1,1,1,1,6
202200023514,2022-04-18 03:10:00,2022,4,18,3,10,01,01378,D84,45.820321,5.175569,Nuit sans éclairage public,Hors agglomération,Hors intersection,Normale,Autre collision,3,2,2,0,1,3,1,0,3,80,1,3,2,0,0,1,18.0,,voiture,,3,1,1,1,6
202200023515,2022-04-19 09:45:00,2022,4,19,9,45,22,22375,La Lande,48.614676,-2.965525,Plein jour,Hors agglomération,Hors intersection,Normale,Deux véhicules - frontale,3,2,2,0,1,1,1,0,1,80,2,2,1,0,1,0,31.0,59.0,utilitaire_camion,voiture,1,1,1,1,1
202200023516,2022-06-22 08:30:00,2022,6,22,8,30,33,33420,D245,44.8760185693,-0.1127895713,Plein jour,Hors agglomération,Intersection en X,Pluie forte,Deux véhicules - côté,3,2,2,0,1,3,3,0,1,80,2,4,3,0,0,1,21.0,51.0,voiture,voiture,1,1,2,3,3
202200023517,2022-04-19 12:00:00,2022,4,19,12,0,28,28196,autoroute A11 PK087+000,48.283321,1.237636,Plein jour,Hors agglomération,Hors intersection,Normale,Deux véhicules - frontale,1,1,3,0,1,1,1,0,3,130,1,1,0,0,0,1,68.0,,voiture,,1,1,1,1,1
202200023518,2022-06-23 07:40:00,2022,6,23,7,40,33,33252,17 Route du Pout,44.811184,-0.386462,Plein jour,En agglomération,Hors intersection,Normale,Autre collision,3,2,2,0,1,1,1,0,1,50,1,2,1,0,1,0,38.0,,voiture,,1,2,1,1,6
202200023519,2022-04-18 18:55:00,2022,4,18,18,55,972,97216,Habitation Lagrange,14.810813,-61.048214,Nuit sans éclairage public,Hors agglomération,Hors intersection,Normale,Sans collision,4,2,1,0,1,1,1,0,3,80,1,1,0,1,0,0,21.0,,deux_roues,,3,1,1,1,7
202200023520,2022-06-24 17:30:00,2022,6,24,17,30,63,63236,D996,45.59266,2.829258,Plein jour,Hors agglomération,Hors intersection,Normale,Deux véhicules - frontale,3,2,2,0,2,3,1,0,1,80,2,2,1,0,1,0,45.0,46.0,voiture,deux_roues,1,1,1,1,1
202200023521,2022-04-16 17:45:00,2022,4,16,17,45,83,83049,D43,43.263577,6.066867,Plein jour,Hors agglomération,Hors intersection,Normale,Deux véhicules - frontale,3,2,3,0,2,1,1,0,1,80,2,4,2,0,0,2,20.0,73.0,voiture,voiture,1,1,1,1,1
202200023522,2022-06-24 11:00:00,2022,6,24,11,0,63,63146,D997,45.705984,3.411212,Plein jour,Hors agglomération,Hors intersection,Pluie légère,Deux véhicules - frontale,3,2,2,0,1,3,2,0,1,80,2,2,1,1,0,0,34.0,52.0,deux_roues,utilitaire_camion,1,1,1,2,1
202200023523,2022-04-19 19:50:00,2022,4,19,19,50,60,60231,D50,49.259781,2.93085,Crépuscule ou aube,En agglomération,Hors intersection,Normale,Autre collision,3,2,2,0,2,2,1,0,3,30,1,2,0,0,2,0,54.0,,deux_roues,,2,2,1,1,6
202200023524,2022-06-23 07:30:00,2022,6,23,7,30,61,61230,D37,48.55508,0.917702,Crépuscule ou aube,Hors agglomération,Hors intersection,Normale,Autre collision,3,2,2,0,1,1,1,0,3,80,1,3,2,0,1,0,38.0,,voiture,,2,1,1,1,6
202200023525,2022-04-19 06:30:00,2022,4,19,6,30,12,12022,A75,44.031356,3.067245,Crépuscule ou aube,Hors agglomération,Hors intersection,Brouillard / fumée,Trois véhicules et plus - collisions multiples,1,3,4,0,1,1,1,3,1,110,4,5,4,0,1,0,27.0,43.0,voiture,utilitaire_camion,2,1,1,5,5
202200023526,2022-06-22 12:45:00,2022,6,22,12,45,61,61237,Bruyere de la Picotiere,48.712472,-0.216873,Plein jour,Hors agglomération,Intersection en T,Temps éblouissant,Trois véhicules et plus - collisions multiples,3,2,2,0,3,1,1,0,1,90,3,4,0,0,0,4,51.0,43.0,voiture,voiture,1,1,3,7,5
202200023527,2022-04-19 08:35:00,2022,4,19,8,35,83,83031,,43.39445,6.33203,Plein jour,En agglomération,Hors intersection,Normale,Autre collision,3,3,2,0,1,1,1,0,1,50,1,2,1,1,0,0,28.0,,utilitaire_camion,,1,2,1,1,6
202200023528,2022-06-23 17:00:00,2022,6,23,17,0,61,61150,Le Parc Goulet,48.716316,0.336971,Plein jour,Hors agglomération,Hors intersection,Normale,Deux véhicules - côté,3,2,2,0,2,4,1,0,1,90,2,2,1,0,1,0,30.0,49.0,voiture,deux_roues,1,1,1,1,3
202200023529,2022-04-17 02:55:00,2022,4,17,2,55,91,91225,D448,48.636383,2.462499,Nuit avec éclairage allumé,En agglomération,Hors intersection,Normale,Autre collision,3,2,2,0,1,3,1,0,1,50,1,1,0,0,1,0,31.0,,deux_roues,,5,2,1,1,6
202200023530,2022-06-23 15:45:00,2022,6,23,15,45,42,42013,Route de Lyon,45.647038,4.306675,Plein jour,Hors agglomération,Hors intersection,Pluie légère,Deux véhicules - frontale,3,2,2,0,1,3,2,0,1,80,2,3,2,0,1,0,37.0,26.0,utilitaire_camion,voiture,1,1,1,2,1
202200023531,2022-04-15 17:00:00,2022,4,15,17,0,59,59089,Route de Watten,50.868703,2.319725,Plein jour,En agglomération,Hors intersection,Normale,Autre collision,4,2,1,0,1,1,1,0,3,-1,1,2,0,0,0,2,21.0,,deux_roues,,1,2,1,1,6
202200023532,2022-06-24 08:10:00,2022,6,24,8,10,42,42192,Route des Côtes d'Aurec,45.380555,4.114251,Plein jour,En agglomération,Hors intersection,Pluie forte,Autre collision,7,2,2,0,1,3,2,0,8,80,1,1,0,0,0,1,51.0,,deux_roues,,1,2,1,3,6
202200023533,2022-04-17 22:45:00,2022,4,17,22,45,76,76312,Route de Formerie,49.492744,1.719124,Nuit sans éclairage public,Hors agglomération,Hors intersection,Normale,Autre collision,3,2,2,0,1,1,1,0,1,80,1,2,1,0,1,0,24.0,,voiture,,3,1,1,1,6
202200023534,2022-06-21 18:45:00,2022,6,21,18,45,47,47093,D8 de la Tour d Avance,44.2070106325,0.1476192877,Plein jour,Hors agglomération,Hors intersection,Normale,Sans collision,3,2,2,0,1,1,1,0,3,80,1,4,0,0,0,4,38.0,,utilitaire_camion,,1,1,1,1,7
202200023535,2022-04-19 08:00:00,2022,4,19,8,0,24,24550,"A-89, en direction de BRIVE",45.1553044182,1.0686206818,Plein jour,Hors agglomération,Hors intersection,Brouillard / fumée,Deux véhicules - arrière,1,1,2,0,1,1,1,0,2,130,2,2,1,0,1,0,65.0,21.0,utilitaire_camion,voiture,1,1,1,5,2
202200023536,2022-06-23 14:45:00,2022,6,23,14,45,41,41164,37 Avenue de la Gare,47.283076,1.382601,Plein jour,En agglomération,Hors intersection,Normale,Deux véhicules - frontale,3,2,2,0,1,1,1,0,1,-1,2,3,0,0,1,2,42.0,21.0,utilitaire_camion,voiture,1,2,1,1,1
202200023537,2022-06-24 17:00:00,2022,6,24,17,0,02,02308,14 Route Departementale 1043,50.047541,3.68565,Plein jour,Hors agglomération,Hors intersection,Normale,Autre collision,3,2,1,0,1,1,1,0,3,80,1,2,1,0,1,0,79.0,,utilitaire_camion,,1,1,1,1,6
202200023538,2022-04-18 18:15:00,2022,4,18,18,15,11,11152,pk 34+500 rd 611,43.063401,2.815719,Plein jour,Hors agglomération,Hors intersection,Normale,Deux véhicules - frontale,3,2,2,0,1,1,1,0,1,80,2,7,6,0,1,0,73.0,44.0,voiture,voiture,1,1,1,1,1
202200023539,2022-06-21 09:11:00,2022,6,21,9,11,01,01034,992,45.75944,5.713105,Plein jour,Hors agglomération,Hors intersection,Normale,Autre collision,3,2,2,0,2,4,1,0,8,80,1,1,0,0,1,0,72.0,,voiture,,1,1,1,1,6
202200023540,2022-06-20 21:35:00,2022,6,20,21,35,58,58300,Route du Greux,47.056974,3.206527,Crépuscule ou aube,Hors agglomération,Hors intersection,Normale,Autre collision,3,2,2,0,1,1,1,0,3,80,1,1,0,0,1,0,45.0,,voiture,,2,1,1,1,6
202200023541,2022-04-18 17:15:00,2022,4,18,17,15,63,63180,D1093,45.852762,3.286468,Plein jour,Hors agglomération,Intersection en X,Normale,Deux véhicules - côté,3,2,2,0,1,1,1,0,1,-1,2,3,0,0,0,3,20.0,20.0,voiture,deux_roues,1,1,2,1,3
202200023542,2022-06-24 00:00:00,2022,6,24,0,0,40,40046,920 Route des Lacs,44.421467,-1.157518,Nuit sans éclairage public,En agglomération,Hors intersection,Pluie légère,Autre collision,3,2,2,0,1,2,2,0,8,50,1,1,0,0,1,0,39.0,,voiture,,3,2,1,2,6
202200023543,2022-04-18 15:53:00,2022,4,18,15,53,61,61061,Lieu Dit Courvoisier,48.443131,0.924922,Plein jour,Hors agglomération,Hors intersection,Normale,Sans collision,3,2,2,0,2,2,1,0,3,90,1,1,0,0,0,1,29.0,,deux_roues,,1,1,1,1,7
202200023544,2022-06-23 13:57:00,2022,6,23,13,57,40,40248,D817,43.544427,-1.348304,Plein jour,Hors agglomération,Hors intersection,Normale,Deux véhicules - frontale,3,2,2,0,3,1,1,0,1,80,2,2,1,0,1,0,38.0,61.0,voiture,voiture,1,1,1,1,1
202200023545,2022-06-23 19:40:00,2022,6,23,19,40,24,24518,La Grasserie,45.018715,0.73794,Plein jour,Hors agglomération,Hors intersection,Normale,Autre collision,3,2,2,0,1,1,1,0,1,80,1,1,0,0,1,0,16.0,,deux_roues,,1,1,1,1,6
202200023546,2022-04-19 05:55:00,2022,4,19,5,55,61,61375,MARCEI,48.654544,0.037851,Crépuscule ou aube,Hors agglomération,Intersection en X,Temps couvert,Deux véhicules - côté,3,2,2,0,2,1,1,0,1,90,2,2,0,0,0,2,31.0,21.0,voiture,voiture,2,1,2,8,3
202200023547,2022-05-16 08:20:00,2022,5,16,8,20,87,87185,Route d Oradour-sur-Glane,45.879999,1.021687,Plein jour,Hors agglomération,Hors intersection,Normale,Deux véhicules - frontale,3,2,2,0,3,3,2,0,1,80,2,2,1,0,1,0,51.0,19.0,voiture,voiture,1,1,1,1,1
202200023548,2022-04-18 14:00:00,2022,4,18,14,0,42,42336,Route d Estaing,45.702804,4.356937,Plein jour,Hors agglomération,Hors intersection,Normale,Deux véhicules - arrière,4,2,1,0,2,3,1,0,1,80,2,2,0,0,0,2,69.0,69.0,voiture,voiture,1,1,1,1,2
202200023549,2022-06-23 23:20:00,2022,6,23,23,20,87,87097,Chenaumorte,46.115044,0.864315,Nuit sans éclairage public,Hors agglomération,Hors intersection,Normale,Sans collision,3,2,2,0,1,3,9,0,1,80,1,1,0,0,1,0,26.0,,deux_roues,,3,1,1,1,7
202200023550,2022-04-17 21:20:00,2022,4,17,21,20,86,86020,D749,46.64578,0.587817,Nuit sans éclairage public,Hors agglomération,Intersection en T,Normale,Deux véhicules - côté,3,2,2,0,1,1,1,5,1,70,2,2,1,0,1,0,20.0,52.0,voiture,deux_roues,3,1,3,1,3
202200023551,2022-04-18 17:50:00,2022,4,18,17,50,68,68060,Route de Schweighouse,47.740922,7.143973,Plein jour,Hors agglomération,Hors intersection,Normale,Sans collision,3,2,2,3,1,1,1,0,1,50,1,1,0,0,0,1,17.0,,deux_roues,,1,1,1,1,7
202200023552,2022-06-23 17:00:00,2022,6,23,17,0,67,67152,2 route de lyon,48.523153,7.677407,Plein jour,En agglomération,Hors intersection,Temps éblouissant,Deux véhicules - frontale,4,2,2,1,1,1,1,0,5,50,2,2,1,0,0,1,30.0,23.0,deux_roues,voiture,1,2,1,7,1
202200023553,2022-06-22 16:20:00,2022,6,22,16,20,42,42020,A72,45.621868,4.202694,Plein jour,Hors agglomération,Hors intersection,Pluie forte,Autre collision,1,3,4,0,1,1,2,0,2,130,1,1,0,0,0,1,21.0,,voiture,,1,1,1,3,6
202200023554,2022-04-07 14:30:00,2022,4,7,14,30,35,35220,Lieu Dit la Pecherie,47.9943038783,-1.4587703347,Plein jour,Hors agglomération,Hors intersection,Normale,Trois véhicules et plus - en chaîne,3,2,2,0,2,2,1,0,1,80,3,4,1,0,1,2,19.0,38.0,voiture,voiture,1,1,1,1,4
202200023555,2022-06-24 15:00:00,2022,6,24,15,0,06,06152,Route de Biot,43.642407,7.035359,Plein jour,Hors agglomération,Giratoire,Normale,Deux véhicules - côté,3,1,1,0,1,1,1,0,1,50,2,2,1,0,1,0,48.0,21.0,voiture,deux_roues,1,1,6,1,3
202200023556,2022-04-19 09:00:00,2022,4,19,9,0,03,03043,D218,46.199995,3.288753,Plein jour,Hors agglomération,Intersection en X,Normale,Deux véhicules - côté,3,2,2,0,1,1,1,0,1,90,2,3,0,1,0,2,65.0,20.0,voiture,voiture,1,1,2,1,3
202200023557,2022-06-24 09:00:00,2022,6,24,9,0,69,69010,5 Rue Charles de Gaulle,45.835223,4.617479,Plein jour,En agglomération,Hors intersection,Pluie légère,Autre collision,3,2,2,0,1,1,2,0,1,50,1,2,1,0,1,0,20.0,,utilitaire_camion,,1,2,1,2,6
202200023558,2022-04-19 10:25:00,2022,4,19,10,25,01,01039,23 Route des Savoie,45.852687,5.754497,Plein jour,En agglomération,Intersection en X,Normale,Deux véhicules - frontale,3,2,2,0,1,1,1,5,1,50,2,2,0,0,2,0,62.0,76.0,voiture,voiture,1,2,2,1,1
202200023559,2022-06-22 19:00:00,2022,6,22,19,0,29,29230,Lieu Dit Kernone,47.976299,-3.542651,Plein jour,Hors agglomération,Hors intersection,Pluie forte,Deux véhicules - frontale,3,2,2,0,2,3,2,0,1,80,2,3,2,0,0,1,74.0,26.0,voiture,utilitaire_camion,1,1,1,3,1
202200023560,2022-04-17 17:45:00,2022,4,17,17,45,70,70407,RD 31,47.357755,6.046611,Plein jour,Hors agglomération,Hors intersection,Normale,Sans collision,3,2,2,0,1,2,1,0,8,80,1,2,1,0,0,1,36.0,,voiture,,1,1,1,1,7
202200023561,2022-06-24 05:00:00,2022,6,24,5,0,2A,2A288,D 859 PK12,41.543116,9.184924,Nuit sans éclairage public,Hors agglomération,Hors intersection,Normale,Autre collision,3,2,2,0,2,3,1,0,3,80,1,1,0,0,1,0,34.0,,deux_roues,,3,1,1,1,6
202200023562,2022-06-17 17:15:00,2022,6,17,17,15,66,66026,D2,42.561331,2.903373,Plein jour,Hors agglomération,Hors intersection,Normale,Trois véhicules et plus - collisions multiples,3,2,2,0,1,1,1,2,1,80,3,3,2,0,0,1,18.0,46.0,deux_roues,voiture,1,1,1,1,5
202200023563,2022-04-18 17:20:00,2022,4,18,17,20,66,66027,Route nationale 116,42.502573,2.099547,Plein jour,Hors agglomération,Hors intersection,Normale,Sans collision,2,2,2,0,1,3,1,0,3,80,2,3,1,0,0,2,23.0,32.0,voiture,deux_roues,1,1,1,1,7
202200023564,2022-04-18 18:40:00,2022,4,18,18,40,72,72219,10 Route de Saint Julien,48.074609,-0.014334,Plein jour,Hors agglomération,Hors intersection,Normale,Sans collision,3,-1,2,0,1,3,1,0,1,90,1,2,0,0,1,1,49.0,,deux_roues,,1,1,1,1,7
202200023565,2022-06-20 20:00:00,2022,6,20,20,0,83,83138,D19,43.617416,6.700951,Plein jour,Hors agglomération,Intersection en T,Normale,Deux véhicules - côté,3,2,2,0,4,2,1,0,1,80,2,3,2,0,1,0,76.0,,voiture,voiture,1,1,3,1,3
202200023566,2022-06-04 19:30:00,2022,6,4,19,30,26,26332,A7 - PK 040+000 - sens N/S,45.194589,4.875526,Plein jour,Hors agglomération,Hors intersection,Normale,Deux véhicules - côté,1,1,5,0,2,4,1,0,1,130,2,2,1,0,0,1,26.0,40.0,voiture,voiture,1,1,1,1,3
202200023567,2022-04-19 12:45:00,2022,4,19,12,45,50,50484,83 Rue de Paris,48.577356,-1.089792,Plein jour,En agglomération,Hors intersection,Normale,Deux véhicules - côté,3,2,2,0,1,1,1,0,1,50,2,2,0,0,1,1,66.0,19.0,voiture,deux_roues,1,2,1,1,3
202200023568,2022-04-18 00:25:00,2022,4,18,0,25,43,43224,Les Roches,45.253614,4.233009,Nuit avec éclairage allumé,Hors agglomération,Hors intersection,Normale,Autre collision,3,-1,2,0,1,1,1,0,1,90,1,1,0,0,1,0,25.0,,voiture,,5,1,1,1,6
202200023569,2022-06-24 13:30:00,2022,6,24,13,30,25,25465,Lieu dit Chatel,47.329592,6.365542,Plein jour,Hors agglomération,Hors intersection,Pluie forte,Trois véhicules et plus - collisions multiples,3,2,2,0,1,2,2,0,1,50,3,3,1,0,0,2,50.0,41.0,voiture,utilitaire_camion,1,1,1,3,5
202200023570,2022-04-18 15:40:00,2022,4,18,15,40,10,10225,chemin du clos,48.509852,3.552259,Plein jour,Hors agglomération,Hors intersection,Normale,Sans collision,4,-1,2,0,1,2,9,0,8,80,1,1,0,0,0,1,19.0,,deux_roues,,1,1,1,1,7
202200023571,2022-06-24 03:45:00,2022,6,24,3,45,89,89255,A5,48.304308,3.250796,Nuit sans éclairage public,Hors agglomération,Hors intersection,Pluie légère,Deux véhicules - arrière,1,3,4,0,1,1,2,0,1,130,2,2,1,0,0,1,37.0,55.0,voiture,utilitaire_camion,3,1,1,2,2
202200023572,2022-06-10 15:55:00,2022,6,10,15,55,67,67151,D502,48.697656,7.899964,Plein jour,Hors agglomération,Hors intersection,Normale,Trois véhicules et plus - en chaîne,3,2,2,0,1,1,1,0,1,80,3,3,2,0,1,0,61.0,21.0,voiture,utilitaire_camion,1,1,1,1,4