accident_id,datetime,annee,mois,jour,heure,minute,departement,commune_insee,adresse,latitude,longitude,luminosite,agglomeration,intersection,meteo,collision,catr,circ,nbv,vosp,prof,plan,surf,infra,situ,vma,nb_vehicules,nb_usagers,nb_indemnes,nb_tues,nb_blesses_hosp,nb_blesses_legers,age_cond_1,age_cond_2,veh_type_cond_1,veh_type_cond_2,lum_code,agg_code,int_code,atm_code,col_code
202200023573,2022-04-18 18:00:00,2022,4,18,18,0,85,85234,RD753,46.794998,-2.050296,Plein jour,En agglomération,Hors intersection,Temps éblouissant,Autre collision,3,2,2,0,1,1,1,0,1,50,1,3,1,0,2,0,67.0,,voiture,,1,2,1,7,6
202200023574,2022-04-17 12:15:00,2022,4,17,12,15,85,85047,RD 205,46.85061,-1.908661,Plein jour,Hors agglomération,Hors intersection,Normale,Deux véhicules - côté,3,2,2,0,1,1,1,0,1,80,2,2,1,0,1,0,40.0,28.0,deux_roues,voiture,1,1,1,1,3
202200023575,2022-06-24 12:14:00,2022,6,24,12,14,54,54596,D50,48.575862,6.105432,Plein jour,Hors agglomération,Intersection en T,Normale,Autre collision,3,2,2,0,1,1,1,0,1,80,3,3,1,0,2,0,22.0,20.0,voiture,voiture,1,1,3,1,6
202200023576,2022-06-22 08:25:00,2022,6,22,8,25,69,69296,Route Départementale 307,45.6473402331,4.8562400043,Plein jour,Hors agglomération,Intersection en T,Normale,Deux véhicules - côté,7,2,2,2,2,1,2,0,1,80,2,2,1,0,1,0,29.0,34.0,voiture,deux_roues,1,1,3,1,3
202200023577,2022-04-18 18:50:00,2022,4,18,18,50,28,28199,impasse des quatre vents,48.201212,1.872624,Crépuscule ou aube,En agglomération,Hors intersection,Normale,Deux véhicules - côté,4,2,2,0,1,2,1,0,1,50,2,3,2,0,1,0,39.0,17.0,voiture,deux_roues,2,2,1,1,3
202200023578,2022-06-24 12:20:00,2022,6,24,12,20,86,86121,Rue du Château d Eau,46.627764,0.075848,Plein jour,En agglomération,Intersection en X,Normale,Deux véhicules - côté,4,2,2,0,1,1,1,0,1,50,2,2,1,0,1,0,39.0,73.0,utilitaire_camion,deux_roues,1,2,2,1,3
202200023579,2022-04-19 14:45:00,2022,4,19,14,45,30,30339,D 986,44.088194,3.59769,Plein jour,Hors agglomération,Hors intersection,Normale,Autre collision,3,2,2,0,1,3,1,0,3,80,1,2,1,0,0,1,33.0,,utilitaire_camion,,1,1,1,1,6
202200023580,2022-04-15 18:30:00,2022,4,15,18,30,33,33412,Route de Lesparre,45.273149,-0.886643,Plein jour,En agglomération,Passage à niveau,Normale,Deux véhicules - côté,3,2,2,0,1,3,1,4,1,50,2,2,1,0,0,1,22.0,27.0,deux_roues,transport_commun,1,2,8,1,3
202200023581,2022-06-23 16:40:00,2022,6,23,16,40,60,60309,Rue Bamberger,49.2058375381,2.0514897108,Plein jour,En agglomération,Intersection en T,Normale,Deux véhicules - côté,3,2,2,0,2,1,1,0,1,50,2,2,1,0,0,1,35.0,26.0,voiture,deux_roues,1,2,3,1,3
202200023582,2022-04-19 18:39:00,2022,4,19,18,39,18,18140,,47.166285,1.992667,Plein jour,Hors agglomération,Hors intersection,Normale,Deux véhicules - arrière,1,3,4,0,1,1,1,0,1,130,2,2,1,0,1,0,,24.0,utilitaire_camion,voiture,1,1,1,1,2
202200023583,2022-04-16 21:20:00,2022,4,16,21,20,34,34255,D986,43.708679,3.818307,Nuit sans éclairage public,En agglomération,Giratoire,Normale,Sans collision,3,-1,2,0,1,1,1,0,1,-1,1,1,0,0,1,0,44.0,,deux_roues,,3,2,6,1,7
202200023584,2022-06-22 03:18:00,2022,6,22,3,18,13,13211,A50-Sens Marseille vers Aubagne,43.2860709044,5.4297548532,Nuit sans éclairage public,Hors agglomération,Hors intersection,Pluie légère,Deux véhicules - arrière,1,1,3,0,1,1,2,0,1,90,2,3,1,0,0,2,32.0,21.0,voiture,voiture,3,1,1,2,2
202200023585,2022-06-23 18:00:00,2022,6,23,18,0,91,91174,,48.613765,2.450746,Plein jour,Hors agglomération,Hors intersection,Normale,Deux véhicules - côté,2,3,6,0,1,1,1,0,1,90,2,2,1,0,0,1,38.0,,deux_roues,voiture,1,1,1,1,3
202200023586,2022-04-16 11:00:00,2022,4,16,11,0,78,78010,D45,48.915079,1.934602,Plein jour,Hors agglomération,Intersection en T,Temps éblouissant,Deux véhicules - frontale,3,2,2,0,1,1,1,0,1,80,2,3,1,0,0,2,62.0,91.0,deux_roues,voiture,1,1,3,7,1
202200023587,2022-06-23 11:30:00,2022,6,23,11,30,91,91174,RN 104,48.62079,2.4615,Plein jour,Hors agglomération,Hors intersection,Normale,Deux véhicules - arrière,2,3,3,0,1,1,1,0,1,90,2,2,1,0,0,1,27.0,31.0,utilitaire_camion,voiture,1,1,1,1,2
202200023588,2022-04-17 19:00:00,2022,4,17,19,0,37,37072,17 Rue de la Roche Faucon,47.1680929,0.2572399378,Plein jour,En agglomération,Hors intersection,Normale,Autre collision,4,2,2,0,2,1,1,0,4,50,1,1,0,0,1,0,17.0,,deux_roues,,1,2,1,1,6
202200023589,2022-04-18 18:11:00,2022,4,18,18,11,18,18207,3 Avenue Gabriel Dordain,46.992402,2.245159,Plein jour,En agglomération,Hors intersection,Normale,Deux véhicules - arrière,2,2,2,0,1,1,1,0,1,50,2,2,1,0,1,0,59.0,16.0,voiture,deux_roues,1,2,1,1,2
202200023590,2022-06-23 11:20:00,2022,6,23,11,20,91,91553,RN 104,48.6299,2.4848,Plein jour,Hors agglomération,Hors intersection,Normale,Trois véhicules et plus - collisions multiples,2,1,4,0,1,1,1,0,1,110,3,4,3,0,0,1,64.0,30.0,voiture,voiture,1,1,1,1,5
202200023591,2022-04-18 18:50:00,2022,4,18,18,50,78,78206,34 Avenue de la Porte du May,48.95499,1.921974,Plein jour,En agglomération,Hors intersection,Normale,Autre collision,4,2,2,0,2,2,1,0,4,30,1,1,0,0,1,0,20.0,,voiture,,1,2,1,1,6
202200023592,2022-06-23 11:15:00,2022,6,23,11,15,91,91235,RN 104,48.625898,2.357637,Plein jour,Hors agglomération,Hors intersection,Normale,Autre collision,2,3,2,0,1,1,1,0,1,110,1,1,0,0,0,1,27.0,,voiture,,1,1,1,1,6
202200023593,2022-06-23 05:00:00,2022,6,23,5,0,91,91161,AUTOROUTE A6,48.697,2.3155,Nuit sans éclairage public,Hors agglomération,Hors intersection,Normale,Deux véhicules - arrière,1,1,3,0,1,1,1,0,1,110,2,2,1,0,0,1,32.0,61.0,voiture,utilitaire_camion,3,1,1,1,2
202200023594,2022-04-19 17:40:00,2022,4,19,17,40,83,83112,1074 Route de la Cadiere,43.193303,5.716163,Plein jour,Hors agglomération,Hors intersection,Normale,Deux véhicules - frontale,3,2,2,0,1,3,1,0,1,70,2,2,1,0,1,0,57.0,43.0,deux_roues,utilitaire_camion,1,1,1,1,1
202200023595,2022-06-22 21:15:00,2022,6,22,21,15,78,78291,A13,48.965468,1.751898,Crépuscule ou aube,Hors agglomération,Hors intersection,Normale,Deux véhicules - arrière,1,1,2,0,1,1,1,0,1,110,2,2,1,0,0,1,41.0,36.0,voiture,voiture,2,1,1,1,2
202200023596,2022-04-17 17:15:00,2022,4,17,17,15,13,13086,Avenue du Repos,43.343938,5.604138,Plein jour,En agglomération,Hors intersection,Normale,Deux véhicules - arrière,7,2,2,0,1,1,1,0,1,50,2,2,1,0,0,1,36.0,65.0,utilitaire_camion,voiture,1,2,1,1,2
202200023597,2022-06-22 09:50:00,2022,6,22,9,50,92,92076,A13,48.8316505947,2.1499007678,Plein jour,Hors agglomération,Hors intersection,Normale,Deux véhicules - arrière,1,1,3,0,1,1,1,0,1,110,2,2,1,0,1,0,67.0,53.0,utilitaire_camion,deux_roues,1,1,1,1,2
202200023598,2022-04-19 02:00:00,2022,4,19,2,0,13,13027,Route de Tarascon,43.872433,4.821206,Nuit sans éclairage public,Hors agglomération,Hors intersection,Normale,Deux véhicules - frontale,3,2,2,0,1,1,1,0,3,80,1,1,0,1,0,0,26.0,,voiture,,3,1,1,1,1
202200023599,2022-06-22 09:35:00,2022,6,22,9,35,92,92050,A14,48.8926794647,2.2348099552,Plein jour,Hors agglomération,Hors intersection,Normale,Deux véhicules - côté,1,1,2,0,1,1,1,0,1,70,2,5,4,0,0,1,25.0,70.0,utilitaire_camion,voiture,1,1,1,1,3
202200023600,2022-04-13 13:25:00,2022,4,13,13,25,67,67416,D77,49.012687,7.894028,Plein jour,Hors agglomération,Intersection en T,Normale,Deux véhicules - côté,3,2,2,0,2,1,1,5,1,70,2,3,1,1,0,1,79.0,54.0,voiture,voiture,1,1,3,1,3
202200023601,2022-06-23 16:30:00,2022,6,23,16,30,94,94015,A4,48.8294535608,2.5282723079,Plein jour,Hors agglomération,Hors intersection,Normale,Deux véhicules - arrière,1,3,5,0,1,1,1,0,1,110,2,2,1,0,0,1,45.0,31.0,voiture,voiture,1,1,1,1,2
202200023602,2022-04-18 19:50:00,2022,4,18,19,50,73,73034,D925,45.7195954728,6.562910997,Plein jour,Hors agglomération,Hors intersection,Normale,Autre collision,3,2,2,0,1,2,1,0,3,70,1,1,0,1,0,0,25.0,,voiture,,1,1,1,1,6
202200023603,2022-06-23 16:00:00,2022,6,23,16,0,94,94015,A4,48.8294535608,2.5282723079,Plein jour,Hors agglomération,Hors intersection,Normale,Deux véhicules - arrière,1,3,4,0,1,1,1,0,1,110,2,2,1,0,0,1,60.0,20.0,voiture,voiture,1,1,1,1,2
202200023604,2022-04-19 12:00:00,2022,4,19,12,0,69,69157,83 Rue Edmond Michelet,45.875333,4.503096,Plein jour,En agglomération,Hors intersection,Normale,Deux véhicules - côté,3,2,2,1,1,1,1,0,1,50,2,3,2,0,1,0,56.0,84.0,voiture,voiture,1,2,1,1,3
202200023605,2022-06-23 02:00:00,2022,6,23,2,0,94,94028,A86 EXT,48.7826936624,2.4408608817,Nuit sans éclairage public,Hors agglomération,Hors intersection,Normale,Autre collision,1,1,3,0,1,1,1,0,1,90,1,1,0,0,0,1,29.0,,utilitaire_camion,,3,1,1,1,6
202200023606,2022-04-16 14:25:00,2022,4,16,14,25,86,86078,Route de Niort,46.161518,0.300802,Plein jour,En agglomération,Hors intersection,Normale,Deux véhicules - arrière,3,2,2,0,1,1,1,0,1,50,2,2,1,0,1,0,15.0,15.0,deux_roues,deux_roues,1,2,1,1,2
202200023607,2022-06-22 21:30:00,2022,6,22,21,30,77,77373,RN104,48.79267,2.61908,Crépuscule ou aube,Hors agglomération,Hors intersection,Normale,Deux véhicules - arrière,2,1,3,0,1,1,1,0,1,90,2,3,1,0,1,1,24.0,80.0,voiture,voiture,2,1,1,1,2
202200023608,2022-06-19 17:08:00,2022,6,19,17,8,57,57508,PEUPLIERS (RUE DES),49.3471,6.0572,Plein jour,En agglomération,Intersection en X,Normale,Autre collision,3,2,2,0,2,1,1,0,8,50,1,1,0,1,0,0,51.0,,deux_roues,,1,2,2,1,6
202200023609,2022-04-19 10:25:00,2022,4,19,10,25,76,76610,D131e,49.623743,0.78976,Plein jour,Hors agglomération,Intersection en X,Normale,Deux véhicules - côté,3,2,2,0,1,1,1,0,1,80,2,2,1,0,1,0,25.0,28.0,voiture,deux_roues,1,1,2,1,3
202200023610,2022-04-19 16:35:00,2022,4,19,16,35,60,60542,Route de Mouy,49.4050166193,2.1822903156,Plein jour,En agglomération,Intersection en X,Normale,Deux véhicules - côté,3,2,2,0,2,1,1,5,1,50,2,2,1,0,0,1,76.0,21.0,voiture,voiture,1,2,2,1,3
202200023611,2022-04-23 19:00:00,2022,4,23,19,0,63,63113,CHARME (RUE DE LA),45.81166,3.13187,Plein jour,En agglomération,Hors intersection,Normale,Deux véhicules - frontale,7,2,2,0,1,1,1,0,1,50,2,2,1,0,0,1,23.0,34.0,voiture,voiture,1,2,1,1,1
202200023612,2022-04-19 10:15:00,2022,4,19,10,15,59,59222,2541Route Nationale,50.443322,3.135052,Plein jour,En agglomération,Hors intersection,Normale,Autre collision,3,2,2,1,1,1,1,0,5,50,1,2,1,0,0,1,46.0,,deux_roues,,1,2,1,1,6
202200023613,2022-06-22 09:40:00,2022,6,22,9,40,976,97611,passamanty-M'hogoni (rue),-12.78527,45.22058,Plein jour,En agglomération,Hors intersection,Normale,Autre collision,4,1,1,0,1,1,1,0,1,30,1,2,1,0,0,1,60.0,,utilitaire_camion,,1,2,1,1,6
202200023614,2022-04-17 16:45:00,2022,4,17,16,45,59,59449,Cd 938,50.464122,3.216097,Plein jour,Hors agglomération,Hors intersection,Normale,Autre collision,3,2,2,0,1,2,1,0,3,90,1,2,1,0,0,1,93.0,,voiture,,1,1,1,1,6
202200023615,2022-06-23 00:05:00,2022,6,23,0,5,974,97416,RN03,-21.31473,55.49328,Nuit sans éclairage public,Hors agglomération,Hors intersection,Normale,Sans collision,2,1,2,0,2,3,1,0,2,110,1,1,0,0,0,1,39.0,,voiture,,3,1,1,1,7
202200023616,2022-06-22 11:40:00,2022,6,22,11,40,974,97411,LANCASTEL (BOULEVARD),-20.87755,55.45639,Plein jour,En agglomération,Hors intersection,Normale,Autre collision,4,1,4,0,2,1,1,0,6,25,1,2,1,0,1,0,64.0,,voiture,,1,2,1,1,6
202200023617,2022-04-17 01:45:00,2022,4,17,1,45,13,13005,A52-Sens Toulon vers Pont de l'Etoile,43.32429,5.59848,Nuit avec éclairage allumé,Hors agglomération,Hors intersection,Normale,Deux véhicules - frontale,1,1,8,3,1,1,1,7,6,30,1,2,0,0,0,2,41.0,,utilitaire_camion,,5,1,1,1,1
202200023618,2022-06-22 02:05:00,2022,6,22,2,5,973,97302,ZEPHIR (ROCADE),4.9380440541,-52.3063722253,Nuit avec éclairage allumé,En agglomération,Intersection en T,Normale,Sans collision,3,2,2,1,1,1,1,9,1,50,1,1,0,0,0,1,39.0,,deux_roues,,5,2,3,1,7
202200023619,2022-04-16 06:50:00,2022,4,16,6,50,69,69204,Autoroute 450   ,45.6899135145,4.8159062862,Plein jour,Hors agglomération,Hors intersection,Normale,Deux véhicules - arrière,1,3,4,0,1,1,1,0,1,90,2,2,1,0,0,1,57.0,27.0,voiture,voiture,1,1,1,1,2
202200023620,2022-06-22 16:40:00,2022,6,22,16,40,69,69388,Rue Pierre Verger,45.73193,4.87537,Plein jour,En agglomération,Hors intersection,Normale,Deux véhicules - arrière,4,2,2,2,1,1,1,0,1,50,2,2,1,0,0,1,49.0,19.0,voiture,utilitaire_camion,1,2,1,1,2
202200023621,2022-04-17 21:16:00,2022,4,17,21,16,33,33281,ROCADE A 630,44.8546,-0.66452,Nuit avec éclairage allumé,Hors agglomération,Hors intersection,Normale,Deux véhicules - arrière,1,3,8,0,1,1,1,0,1,90,2,2,1,0,0,1,37.0,23.0,voiture,voiture,5,1,1,1,2
202200023622,2022-06-22 18:45:00,2022,6,22,18,45,972,97209,PAUL NARDAL (AVENUE),14.61597,-61.07169,Nuit avec éclairage allumé,En agglomération,Hors intersection,Normale,Deux véhicules - côté,2,1,2,0,1,1,1,0,1,50,2,2,1,0,0,1,37.0,58.0,deux_roues,utilitaire_camion,5,2,1,1,3
202200023623,2022-04-17 18:20:00,2022,4,17,18,20,94,94038,AUTOROUTE A6B,48.7743114491,2.3455356334,Plein jour,Hors agglomération,Hors intersection,Normale,Autre collision,1,1,3,0,1,1,1,0,1,90,1,1,0,0,0,1,34.0,,deux_roues,,1,1,1,1,6
202200023624,2022-04-17 16:50:00,2022,4,17,16,50,77,77251,AUTOROUTE A5A,48.6261468381,2.539380579,Plein jour,Hors agglomération,Hors intersection,Normale,Sans collision,1,1,2,0,1,3,1,0,1,70,1,1,0,0,0,1,21.0,,deux_roues,,1,1,1,1,7
202200023625,2022-06-22 05:55:00,2022,6,22,5,55,69,69382,Pont Galliéni,45.74888,4.83039,Crépuscule ou aube,En agglomération,Hors intersection,Pluie forte,Autre collision,4,2,4,3,1,1,2,2,1,50,1,6,5,0,0,1,53.0,,voiture,,2,2,1,3,6
202200023626,2022-04-17 16:10:00,2022,4,17,16,10,91,91521,RN 104,48.63491,2.40544,Plein jour,Hors agglomération,Hors intersection,Normale,Sans collision,2,-1,2,0,1,2,1,0,1,50,1,1,0,0,0,1,26.0,,voiture,,1,1,1,1,7
202200023627,2022-06-21 18:50:00,2022,6,21,18,50,69,69202,Rue de Cuzieu,45.73346,4.7797,Plein jour,En agglomération,Intersection en T,Normale,Deux véhicules - côté,4,2,2,0,4,2,1,0,1,50,2,2,1,0,0,1,17.0,43.0,utilitaire_camion,voiture,1,2,3,1,3
202200023628,2022-04-16 23:50:00,2022,4,16,23,50,91,91432,AUTOROUTE A6,48.69358,2.3202,Nuit avec éclairage non allumé,Hors agglomération,Hors intersection,Normale,Deux véhicules - arrière,1,1,3,0,2,1,1,0,1,110,2,2,1,0,0,1,21.0,30.0,voiture,voiture,4,1,1,1,2
202200023629,2022-04-17 15:50:00,2022,4,17,15,50,92,92050,A86,48.9014119491,2.2024923116,Plein jour,Hors agglomération,Hors intersection,Normale,Autre collision,1,1,2,0,1,3,1,1,1,50,1,1,0,0,0,1,92.0,,voiture,,1,1,1,1,6
202200023630,2022-06-22 17:05:00,2022,6,22,17,5,971,97120,CHANZY (BOULEVARD),16.24125,-61.53504,Plein jour,En agglomération,Intersection en X,Normale,Autre collision,3,1,2,3,1,1,1,6,6,50,1,3,2,0,0,1,38.0,,voiture,,1,2,2,1,6
202200023631,2022-06-22 21:00:00,2022,6,22,21,0,95,95277,RD 170,48.9779612929,2.4551385641,Crépuscule ou aube,Hors agglomération,Hors intersection,Normale,Autre collision,3,2,1,0,1,2,1,0,1,70,1,1,0,0,0,1,49.0,,voiture,,2,1,1,1,6
202200023632,2022-04-15 20:40:00,2022,4,15,20,40,78,78291,A13,48.965361,1.760392,Crépuscule ou aube,Hors agglomération,Hors intersection,Normale,Trois véhicules et plus - en chaîne,1,1,3,0,2,1,1,2,1,110,4,4,2,0,0,2,51.0,26.0,voiture,voiture,2,1,1,1,4
202200023633,2022-06-21 23:30:00,2022,6,21,23,30,88,88160,POISSOMPRE (FG DE),48.18482,6.47781,Nuit avec éclairage allumé,En agglomération,Intersection en X,Normale,Deux véhicules - côté,3,2,2,0,1,1,1,0,1,50,2,2,1,0,0,1,26.0,23.0,voiture,deux_roues,5,2,2,1,3
202200023634,2022-06-22 05:41:00,2022,6,22,5,41,87,87085,pont de la Révolution,45.83627,1.25055,Nuit avec éclairage allumé,En agglomération,Intersection en X,Normale,Sans collision,4,2,2,0,1,1,1,5,1,50,1,1,0,0,0,1,38.0,,deux_roues,,5,2,2,1,7
202200023635,2022-04-17 20:00:00,2022,4,17,20,0,93,93010,AUTOROUTE A3,48.90382,2.47127,Plein jour,Hors agglomération,Hors intersection,Normale,Trois véhicules et plus - en chaîne,1,3,6,0,1,1,1,0,1,90,3,4,2,0,0,2,43.0,20.0,voiture,voiture,1,1,1,1,4
202200023636,2022-06-19 04:53:00,2022,6,19,4,53,87,87085,ALLENDE (QUAI SALVADOR),45.81762,1.25356,Nuit avec éclairage allumé,En agglomération,Hors intersection,Normale,Autre collision,2,3,5,0,1,1,1,3,1,50,1,1,0,0,0,1,22.0,,voiture,,5,2,1,1,6
202200023637,2022-04-17 12:45:00,2022,4,17,12,45,93,93007,AUTOROUTE A3,48.94202,2.47847,Plein jour,Hors agglomération,Hors intersection,Normale,Trois véhicules et plus - collisions multiples,1,3,6,0,1,1,1,0,1,110,3,3,2,0,0,1,31.0,47.0,voiture,voiture,1,1,1,1,5
202200023638,2022-06-22 08:00:00,2022,6,22,8,0,81,81065,LAVAUR RD 112 (RTE DE),43.61542,2.18683,Plein jour,Hors agglomération,Hors intersection,Normale,Trois véhicules et plus - en chaîne,3,2,2,0,2,1,1,0,1,80,3,3,1,0,0,2,25.0,28.0,voiture,utilitaire_camion,1,1,1,1,4
202200023639,2022-04-17 21:50:00,2022,4,17,21,50,95,95306, A15,49.0012151429,2.1726107597,Nuit sans éclairage public,Hors agglomération,Hors intersection,Normale,Deux véhicules - arrière,1,3,4,0,1,1,1,0,1,110,2,2,1,0,0,1,44.0,26.0,deux_roues,voiture,3,1,1,1,2
202200023640,2022-06-22 16:30:00,2022,6,22,16,30,78,78418,GABRIEL PERI (AVENUE),48.911872,2.121252,Plein jour,En agglomération,Giratoire,Normale,Trois véhicules et plus - en chaîne,3,1,2,0,1,1,1,0,1,50,3,4,3,0,0,1,45.0,48.0,voiture,voiture,1,2,6,1,4
202200023641,2022-04-17 11:50:00,2022,4,17,11,50,93,93051,A4,48.8347032519,2.5840883395,Plein jour,Hors agglomération,Hors intersection,Normale,Deux véhicules - arrière,1,3,6,0,1,1,1,1,1,110,2,2,1,0,0,1,57.0,25.0,voiture,voiture,1,1,1,1,2
202200023642,2022-04-15 17:00:00,2022,4,15,17,0,77,77121,A4,48.8321066155,2.670474688,Plein jour,Hors agglomération,Hors intersection,Normale,Autre collision,1,1,3,0,1,1,1,0,1,110,3,4,3,0,0,1,65.0,23.0,voiture,voiture,1,1,1,1,6
202200023643,2022-06-21 16:40:00,2022,6,21,16,40,77,77514,ROUTE NATIONALE 3,48.94132,2.633453,Plein jour,Hors agglomération,Autre intersection,Normale,Deux véhicules - frontale,2,3,4,0,1,1,1,0,3,90,2,3,2,1,0,0,20.0,48.0,voiture,utilitaire_camion,1,1,9,1,1
202200023644,2022-04-11 18:00:00,2022,4,11,18,0,77,77146,A4.Y,48.8323589795,2.6600490129,Plein jour,Hors agglomération,Hors intersection,Normale,Deux véhicules - côté,1,1,2,0,1,2,1,3,1,70,2,2,1,0,0,1,50.0,50.0,deux_roues,voiture,1,1,1,1,3
202200023645,2022-04-17 18:35:00,2022,4,17,18,35,77,77186,D606,48.382366,2.772292,Plein jour,Hors agglomération,Hors intersection,Normale,Deux véhicules - côté,3,2,4,0,1,1,1,0,1,90,2,5,4,0,0,1,53.0,81.0,voiture,voiture,1,1,1,1,3
202200023646,2022-04-15 20:40:00,2022,4,15,20,40,974,97416,RN1(BRETELLE ACCES),-21.3308,55.46845,Nuit sans éclairage public,Hors agglomération,Autre intersection,Normale,Autre collision,2,1,1,0,1,3,1,9,3,50,1,4,0,0,0,4,38.0,,voiture,,3,1,9,1,6
202200023647,2022-06-22 17:50:00,2022,6,22,17,50,76,76322,Rue Antoine Laurent de Lavoisier,49.4183,1.04477,Plein jour,En agglomération,Intersection en T,Normale,Autre collision,4,2,4,0,1,1,1,0,8,50,1,2,1,0,0,1,71.0,,voiture,,1,2,3,1,6
202200023648,2022-04-16 06:05:00,2022,4,16,6,5,974,97416,RN1 (ROUTE NATIONALE),-21.3322,55.458,Crépuscule ou aube,Hors agglomération,Hors intersection,Normale,Deux véhicules - arrière,2,3,4,0,2,1,1,0,1,110,2,2,1,0,0,1,57.0,39.0,voiture,voiture,2,1,1,1,2
202200023649,2022-05-05 09:50:00,2022,5,5,9,50,76,76351,Rue Georges Braque,49.49529,0.10185,Plein jour,En agglomération,Intersection en T,Normale,Deux véhicules - arrière,4,2,2,0,1,1,1,0,1,50,2,2,1,0,0,1,28.0,36.0,voiture,deux_roues,1,2,3,1,2
202200023650,2022-06-22 09:30:00,2022,6,22,9,30,71,71270,Route des Allemands,46.283883,4.776047,Plein jour,Hors agglomération,Hors intersection,Normale,Deux véhicules - côté,3,1,2,0,1,1,1,5,1,70,2,2,0,1,1,0,56.0,74.0,deux_roues,voiture,1,1,1,1,3
202200023651,2022-04-16 23:30:00,2022,4,16,23,30,69,69386,Boulevard des Belges,45.77236,4.85379,Nuit avec éclairage allumé,En agglomération,Intersection en X,Normale,Deux véhicules - frontale,4,1,2,3,1,1,1,0,1,30,2,4,3,0,0,1,31.0,37.0,voiture,voiture,5,2,2,1,1
202200023652,2022-06-21 08:00:00,2022,6,21,8,0,71,71270,Route des Allemands,46.27804,4.77667,Plein jour,Hors agglomération,Intersection en X,Normale,Trois véhicules et plus - collisions multiples,3,2,2,0,1,1,1,5,1,70,3,3,2,0,0,1,37.0,76.0,voiture,voiture,1,1,2,1,5
202200023653,2022-06-16 14:20:00,2022,6,16,14,20,68,68066,LECLERC (BOULEVARD DU GENERAL),48.073044,7.354425,Plein jour,En agglomération,Autre intersection,Normale,Deux véhicules - côté,4,1,1,0,1,1,1,0,1,50,2,2,1,0,1,0,50.0,66.0,utilitaire_camion,deux_roues,1,2,9,1,3
202200023654,2022-04-16 15:30:00,2022,4,16,15,30,69,69383,Rue Antoine Charial,45.75827,4.86591,Plein jour,En agglomération,Intersection en X,Temps éblouissant,Deux véhicules - côté,4,1,1,2,1,1,1,0,1,30,2,4,3,0,0,1,23.0,27.0,voiture,voiture,1,2,2,7,3
202200023655,2022-06-22 18:20:00,2022,6,22,18,20,64,64445,avenue de l'église Saint-Joseph,43.30622,-0.37489,Plein jour,En agglomération,Intersection en X,Normale,Deux véhicules - côté,4,2,2,0,1,1,1,0,1,50,2,3,2,0,0,1,54.0,15.0,voiture,deux_roues,1,2,2,1,3
202200023656,2022-04-16 04:00:00,2022,4,16,4,0,69,69388,Rue Saint Romain,45.7417,4.8621,Nuit avec éclairage allumé,En agglomération,Intersection en X,Normale,Deux véhicules - côté,4,2,2,0,1,1,1,0,1,50,2,3,2,0,0,1,44.0,23.0,voiture,voiture,5,2,2,1,3
202200023657,2022-06-22 12:55:00,2022,6,22,12,55,64,64335,EUROPE DE L',43.32478,-0.43777,Plein jour,En agglomération,Hors intersection,Normale,Deux véhicules - côté,4,2,3,0,1,1,1,0,1,50,2,2,1,0,0,1,17.0,81.0,deux_roues,voiture,1,2,1,1,3
202200023658,2022-04-16 17:00:00,2022,4,16,17,0,972,97213,ROUTE DEPARTEMENTALE 14,14.6189,-61.02174,Plein jour,En agglomération,Hors intersection,Temps éblouissant,Deux véhicules - arrière,3,1,2,0,2,3,1,0,1,30,2,3,2,0,0,1,29.0,42.0,voiture,voiture,1,2,1,7,2
202200023659,2022-06-12 18:00:00,2022,6,12,18,0,59,59193,D.952,50.5909,3.00906,Plein jour,Hors agglomération,Hors intersection,Normale,Deux véhicules - côté,7,2,2,0,1,1,1,0,1,80,2,3,2,0,0,1,26.0,33.0,deux_roues,voiture,1,1,1,1,3
202200023660,2022-06-21 21:14:00,2022,6,21,21,14,56,56121,152 Rue de Larmor,47.74015,-3.37909,Plein jour,En agglomération,Hors intersection,Normale,Autre collision,4,2,2,0,1,1,1,0,1,30,1,1,0,0,0,1,67.0,,voiture,,1,2,1,1,6
202200023661,2022-04-16 12:30:00,2022,4,16,12,30,69,69381,156 Boulevard de la Croix-Rousse,45.7743511831,4.8318087682,Plein jour,En agglomération,Intersection en T,Normale,Deux véhicules - frontale,4,2,3,0,1,1,1,0,1,30,2,2,1,0,1,0,59.0,52.0,deux_roues,voiture,1,2,3,1,1
202200023662,2022-04-16 02:55:00,2022,4,16,2,55,2B,2B353,CAP - ROUTE DU CAP,42.71634,9.45558,Nuit avec éclairage allumé,Hors agglomération,Autre intersection,Normale,Sans collision,3,2,2,0,1,1,1,0,1,30,1,1,0,0,1,0,39.0,,voiture,,5,1,9,1,7
202200023663,2022-06-21 13:58:00,2022,6,21,13,58,56,56121,MENDES FRANCE ( BD PIERRE ),47.76659,-3.39324,Plein jour,En agglomération,Hors intersection,Normale,Autre collision,4,2,2,0,2,1,1,0,4,30,1,2,0,0,0,2,20.0,,voiture,,1,2,1,1,6
202200023664,2022-06-21 12:20:00,2022,6,21,12,20,56,56121,BERLIOZ (RUE  HECTOR ),47.76293,-3.37716,Plein jour,En agglomération,Hors intersection,Normale,Autre collision,4,2,2,0,1,1,1,0,1,30,1,2,0,0,0,2,39.0,,voiture,,1,2,1,1,6