accident_id,datetime,annee,mois,jour,heure,minute,departement,commune_insee,adresse,latitude,longitude,luminosite,agglomeration,intersection,meteo,collision,catr,circ,nbv,vosp,prof,plan,surf,infra,situ,vma,nb_vehicules,nb_usagers,nb_indemnes,nb_tues,nb_blesses_hosp,nb_blesses_legers,age_cond_1,age_cond_2,veh_type_cond_1,veh_type_cond_2,lum_code,agg_code,int_code,atm_code,col_code
202200023941,2022-01-27 01:20:00,2022,1,27,1,20,66,66136,CORAIL (DU),42.69632,2.92042,Nuit avec éclairage allumé,En agglomération,Intersection en T,Normale,Autre collision,4,2,2,0,4,1,1,0,4,30,1,2,0,0,0,2,23.0,,voiture,,5,2,3,1,6
202200023942,2022-11-12 10:00:00,2022,11,12,10,0,59,59152,APOTHICAIRE (RUE DE L'),50.75654,3.009453,Plein jour,En agglomération,Intersection en X,Brouillard / fumée,Deux véhicules - côté,4,2,2,0,1,1,1,9,1,50,2,2,1,0,0,1,44.0,42.0,deux_roues,voiture,1,2,2,5,3
202200023943,2022-09-30 15:30:00,2022,9,30,15,30,76,76540,Rue Robert Schuman,49.438134,1.105049,Plein jour,En agglomération,Autre intersection,Normale,Deux véhicules - côté,4,2,2,3,1,2,1,-1,1,50,2,2,1,0,0,1,57.0,41.0,deux_roues,voiture,1,2,9,1,3
202200023944,2022-01-26 18:15:00,2022,1,26,18,15,66,66136,R D 900,42.6784,2.88058,Plein jour,Hors agglomération,Hors intersection,Normale,Deux véhicules - côté,3,3,4,0,1,1,1,0,1,90,2,2,1,0,1,0,24.0,60.0,voiture,deux_roues,1,1,1,1,3
202200023945,2022-11-12 19:59:00,2022,11,12,19,59,59,59350,CAMBRAI RUE DE N°PAIRS,50.6241995813,3.0726259947,Nuit avec éclairage allumé,En agglomération,Hors intersection,Normale,Autre collision,4,3,3,1,1,1,1,6,1,30,1,2,1,0,0,1,29.0,,voiture,,5,2,1,1,6
202200023946,2022-01-27 13:00:00,2022,1,27,13,0,64,64335,LACAUSSADE,43.3329196677,-0.4277908802,Plein jour,En agglomération,Hors intersection,Normale,Sans collision,4,2,1,0,1,1,9,0,1,30,1,1,0,0,0,1,24.0,,deux_roues,,1,2,1,1,7
202200023947,2022-10-07 09:00:00,2022,10,7,9,0,60,60209,D6,49.294596,1.916771,Plein jour,Hors agglomération,Hors intersection,Normale,Deux véhicules - arrière,3,2,2,0,1,1,1,0,3,80,2,2,1,0,1,0,36.0,37.0,utilitaire_camion,deux_roues,1,1,1,1,2
202200023948,2022-11-12 15:17:00,2022,11,12,15,17,56,56121,DEMAINE ( BD YVES ),47.75207,-3.37989,Plein jour,En agglomération,Hors intersection,Normale,Deux véhicules - frontale,4,2,2,0,1,3,1,0,1,50,2,3,0,0,1,2,34.0,81.0,voiture,voiture,1,2,1,1,1
202200023949,2022-01-28 17:00:00,2022,1,28,17,0,64,64024,Rue du Moulin Barbot,43.49971,-1.53658,Plein jour,En agglomération,Intersection en T,Normale,Deux véhicules - côté,4,2,2,0,4,3,1,0,1,50,2,2,1,0,0,1,62.0,13.0,voiture,deux_roues,1,2,3,1,3
202200023950,2022-10-06 09:00:00,2022,10,6,9,0,60,60628,"RN 31, Pk",49.423118,2.149082,Plein jour,Hors agglomération,Hors intersection,Normale,Deux véhicules - arrière,2,3,4,0,1,1,1,0,1,110,2,3,1,0,0,2,34.0,62.0,utilitaire_camion,voiture,1,1,1,1,2
202200023951,2022-11-12 11:05:00,2022,11,12,11,5,54,54547,ARC (AVENUE JEANNE D'),48.65957,6.18262,Plein jour,En agglomération,Hors intersection,Normale,Autre collision,4,2, -1,0,1,1,1,0,1,50,1,2,1,0,0,1,56.0,,voiture,,1,2,1,1,6
202200023952,2022-01-25 20:25:00,2022,1,25,20,25,60,60159,Chemin de Mercières,49.387596026,2.7963166236,Nuit avec éclairage allumé,Hors agglomération,Hors intersection,Brouillard / fumée,Sans collision,4,2,2,0,1,3,2,0,1,50,1,3,0,0,0,3,19.0,,voiture,,5,1,1,5,7
202200023953,2022-01-27 11:00:00,2022,1,27,11,0,59,59636,FERRY JULES ECOLE,50.686072,3.050788,Plein jour,En agglomération,Intersection en T,Normale,Deux véhicules - arrière,4,1,1,0,1,1,1,0,1,30,2,2,1,0,1,0,16.0,55.0,deux_roues,utilitaire_camion,1,2,3,1,2
202200023954,2022-11-12 15:15:00,2022,11,12,15,15,51,51454,avenue Paul Marchandeau,49.24521,4.02949,Plein jour,En agglomération,Intersection en T,Normale,Deux véhicules - côté,1,2,4,-1,1,2,1,3,1,-1,2,4,3,0,0,1,32.0,38.0,voiture,voiture,1,2,3,1,3
202200023955,2022-10-06 18:15:00,2022,10,6,18,15,02,02134,Route départementale 963,49.90555,4.068745,Plein jour,Hors agglomération,Hors intersection,Normale,Trois véhicules et plus - en chaîne,3,2,2,0,1,1,1,2,1,80,3,4,3,0,0,1,56.0,28.0,voiture,voiture,1,1,1,1,4
202200023956,2022-11-12 15:20:00,2022,11,12,15,20,49,49007,CHALOUERE,47.480946,-0.537184,Plein jour,En agglomération,Hors intersection,Temps éblouissant,Autre collision,4,2,2,0,1,1,1,0,1,30,1,2,1,0,1,0,65.0,,voiture,,1,2,1,7,6
202200023957,2022-01-28 18:10:00,2022,1,28,18,10,57,57480,MARTYRS DE LA RESISTANCE (RUE DES ),49.09982,6.15576,Nuit avec éclairage allumé,En agglomération,Intersection en T,Normale,Deux véhicules - frontale,4,2,2,0,1,1,1,0,1,50,2,2,1,0,0,1,86.0,56.0,voiture,deux_roues,5,2,3,1,1
202200023958,2022-10-07 11:55:00,2022,10,7,11,55,59,59592,Rue Pasteur,50.4746751002,3.0509725213,Plein jour,En agglomération,Hors intersection,Normale,Deux véhicules - frontale,3,2,2,0,1,1,1,0,1,50,2,2,1,0,0,1,58.0,64.0,voiture,deux_roues,1,2,1,1,1
202200023959,2022-11-12 09:16:00,2022,11,12,9,16,49,49007,Avenue Jean XXIII,47.45,-0.56732,Plein jour,En agglomération,Hors intersection,Normale,Trois véhicules et plus - collisions multiples,4,2,4,2,1,1,1,0,1,30,3,4,2,0,0,2,21.0,41.0,voiture,voiture,1,2,1,1,5
202200023960,2022-01-27 17:35:00,2022,1,27,17,35,56,56121,LENINE ( AVENUE ),47.76224,-3.37981,Plein jour,En agglomération,Hors intersection,Normale,Deux véhicules - frontale,4,2,2,0,1,1,1,0,1,50,2,2,1,0,0,1,36.0,36.0,voiture,voiture,1,2,1,1,1
202200023961,2022-11-12 20:56:00,2022,11,12,20,56,44,44109,9 Rue de la Patouillerie,47.24038,-1.58457,Nuit sans éclairage public,En agglomération,Hors intersection,Normale,Autre collision,4,2,2,2,2,1,1,0,1,50,1,2,1,0,1,0,,,autre,,3,2,1,1,6
202200023962,2022-10-06 11:00:00,2022,10,6,11,0,13,13117,A7-Sens Marseille vers Lyon,43.4184995617,5.2728036045,Nuit avec éclairage allumé,Hors agglomération,Hors intersection,Normale,Deux véhicules - arrière,1,-1,3,0,1,1,1,1,1,110,3,4,2,0,0,2,35.0,56.0,utilitaire_camion,voiture,5,1,1,1,2
202200023963,2022-01-27 17:45:00,2022,1,27,17,45,54,54578,MULLER (AVENUE PAUL),48.65941,6.14031,Nuit avec éclairage allumé,En agglomération,Hors intersection,Pluie légère,Autre collision,4,2,2,0,1,1,2,0,1,70,1,2,1,1,0,0,26.0,,voiture,,5,2,1,2,6
202200023964,2022-01-28 22:55:00,2022,1,28,22,55,51,51172,Boulevard d’Alsace Lorraine,49.2163,4.05017,Nuit avec éclairage allumé,En agglomération,Giratoire,Pluie légère,Sans collision,3,3,4,0,2,3,2,0,4,50,1,2,0,0,0,2,23.0,,voiture,,5,2,6,2,7
202200023965,2022-11-12 04:45:00,2022,11,12,4,45,44,44109,106 Rue Gambetta,47.22028,-1.54675,Nuit avec éclairage allumé,En agglomération,Hors intersection,Normale,Deux véhicules - côté,4,1,1,2,1,1,1,0,1,30,2,3,0,0,0,3,22.0,26.0,utilitaire_camion,voiture,5,2,1,1,3
202200023966,2022-10-06 09:30:00,2022,10,6,9,30,13,13117,A7-Sens Marseille vers Lyon,43.4465657492,5.2420172095,Plein jour,Hors agglomération,Hors intersection,Normale,Deux véhicules - arrière,1,-1,3,0,1,1,1,0,1,110,2,2,1,0,0,1,60.0,45.0,voiture,deux_roues,1,1,1,1,2
202200023967,2022-11-08 21:45:00,2022,11,8,21,45,43,43157,Boulevard Carnot,45.04684,3.87946,Nuit sans éclairage public,En agglomération,Hors intersection,Normale,Sans collision,4,2,3,0,2,1,2,0,1,50,1,1,0,0,0,1,18.0,,deux_roues,,3,2,1,1,7
202200023968,2022-01-27 07:55:00,2022,1,27,7,55,51,51454,Rue du Général Koenig,49.2256,4.01918,Crépuscule ou aube,En agglomération,Hors intersection,Temps couvert,Sans collision,6,-1, -1,0,1,1,1,0,8,10,1,2,1,0,1,0,41.0,,voiture,,2,2,1,8,7
202200023969,2022-01-28 19:30:00,2022,1,28,19,30,50,50218,SAINT GAUD (RUE),48.83197,-1.58408,Nuit avec éclairage allumé,En agglomération,Hors intersection,Normale,Autre collision,3,2,2,0,2,2,1,0,4,50,1,1,0,1,0,0,51.0,,deux_roues,,5,2,1,1,6
202200023970,2022-10-05 09:05:00,2022,10,5,9,5,13,13211,A50-Sens Aubagne vers Marseille,43.2880637089,5.4416066408,Plein jour,Hors agglomération,Hors intersection,Normale,Deux véhicules - arrière,1,1,3,0,1,1,1,0,1,90,2,2,1,0,0,1,52.0,23.0,voiture,voiture,1,1,1,1,2
202200023971,2022-11-11 10:46:00,2022,11,11,10,46,42,42127,Route du Bois Courtin,46.08652,4.04561,Plein jour,Hors agglomération,Intersection en X,Normale,Deux véhicules - côté,3,2,1,0,4,1,1,0,1,80,2,2,1,0,1,0,38.0,75.0,utilitaire_camion,deux_roues,1,1,2,1,3
202200023972,2022-01-28 18:30:00,2022,1,28,18,30,50,50147,DIVISION LECLERC,49.06509,-1.4321,Crépuscule ou aube,En agglomération,Hors intersection,Normale,Autre collision,3,2,2,0,2,1,1,0,1,50,1,3,1,0,1,1,66.0,,voiture,,2,2,1,1,6
202200023973,2022-11-12 20:11:00,2022,11,12,20,11,34,34003,Route du Grau,43.29306,3.44861,Nuit avec éclairage allumé,En agglomération,Hors intersection,Normale,Deux véhicules - arrière,4,-1,0,0,1,1,1,0,1,50,2,2,1,0,0,1,69.0,67.0,deux_roues,voiture,5,2,1,1,2
202200023974,2022-01-28 11:35:00,2022,1,28,11,35,50,50147,VERDUN (AVENUE DE),49.03914,-1.44655,Plein jour,En agglomération,Autre intersection,Normale,Deux véhicules - arrière,3,2,2,0,2,1,1,0,1,50,2,2,1,0,1,0,53.0,65.0,voiture,deux_roues,1,2,9,1,2
202200023975,2022-10-05 10:20:00,2022,10,5,10,20,67,67506,Autoroute A.4,48.6735,7.73616,Plein jour,Hors agglomération,Hors intersection,Normale,Trois véhicules et plus - collisions multiples,1,3,3,0,1,1,1,0,1,90,3,6,1,0,0,5,41.0,53.0,utilitaire_camion,voiture,1,1,1,1,5
202200023976,2022-10-06 14:15:00,2022,10,6,14,15,33,33448,AUTOROUTE A 62,44.7025,-0.504109,Plein jour,Hors agglomération,Hors intersection,Normale,Autre collision,1,3,4,0,1,1,1,0,1,130,1,1,0,0,0,1,18.0,,voiture,,1,1,1,1,6
202200023977,2022-11-13 00:10:00,2022,11,13,0,10,33,33039,Boulevard Jean-Jacques Bosc,44.8133510934,-0.5555123091,Nuit avec éclairage allumé,En agglomération,Intersection en X,Normale,Deux véhicules - côté,4,3,4,3,1,1,1,5,1,50,2,3,0,0,0,3,23.0,25.0,deux_roues,deux_roues,5,2,2,1,3
202200023978,2022-01-27 17:15:00,2022,1,27,17,15,50,50129,THIVET (AVENUE),49.63567,-1.65298,Crépuscule ou aube,En agglomération,Giratoire,Pluie légère,Deux véhicules - côté,3,2,2,1,1,1,2,5,1,50,2,2,1,0,0,1,37.0,34.0,deux_roues,voiture,2,2,6,2,3
202200023979,2022-11-12 12:00:00,2022,11,12,12,0,33,33063,Boulevard Alienor d'Aquitaine,44.87925,-0.56318,Plein jour,En agglomération,Hors intersection,Normale,Deux véhicules - arrière,4,3,4,0,1,1,1,0,1,70,2,2,1,0,1,0,26.0,40.0,deux_roues,utilitaire_camion,1,2,1,1,2
202200023980,2022-01-28 19:17:00,2022,1,28,19,17,49,49007,GEOFFRAY,47.45899,-0.54714,Nuit avec éclairage allumé,En agglomération,Intersection en X,Normale,Deux véhicules - côté,4,2,2,0,1,1,1,0,1,30,2,2,1,0,0,1,45.0,20.0,voiture,deux_roues,5,2,2,1,3
202200023981,2022-01-28 11:03:00,2022,1,28,11,3,49,49007,MILLOT BOULEVARD JACQUES,47.45752,-0.53311,Plein jour,En agglomération,Intersection en X,Normale,Deux véhicules - arrière,4,2,2,0,1,1,2,0,1,50,2,2,1,0,0,1,67.0,52.0,voiture,voiture,1,2,2,1,2
202200023982,2022-10-05 16:45:00,2022,10,5,16,45,33,33162,ROCADE A 630,44.87667,-0.63263,Plein jour,Hors agglomération,Hors intersection,Normale,Trois véhicules et plus - en chaîne,1,3,6,0,1,1,1,0,1,70,4,7,6,0,0,1,32.0,73.0,utilitaire_camion,voiture,1,1,1,1,4
202200023983,2022-11-11 18:10:00,2022,11,11,18,10,31,31555,BILLIERES (AV ETIENNE) DU 1AU 78,43.59765,1.42932,Nuit avec éclairage allumé,En agglomération,Hors intersection,Normale,Deux véhicules - arrière,4,2,4,1,1,1,1,0,5,50,2,4,3,0,1,0,35.0,30.0,voiture,deux_roues,5,2,1,1,2
202200023984,2022-01-28 07:30:00,2022,1,28,7,30,49,49007,BOISNET RUE,47.47507,-0.5498,Nuit avec éclairage allumé,En agglomération,Intersection en X,Normale,Deux véhicules - côté,4,2,2,0,1,1,2,0,1,30,2,2,1,0,0,1,28.0,27.0,deux_roues,voiture,5,2,2,1,3
202200023985,2022-10-06 09:55:00,2022,10,6,9,55,94,94076,AUTOROUTE A6A,48.7944468363,2.345086944,Plein jour,Hors agglomération,Hors intersection,Normale,Deux véhicules - côté,1,3,3,0,2,2,1,0,1,90,2,2,1,0,0,1,30.0,58.0,deux_roues,voiture,1,1,1,1,3
202200023986,2022-11-12 05:16:00,2022,11,12,5,16,31,31555,27 LA CEPIERE  (PERIPH OUEST A620),43.59054,1.3995,Nuit avec éclairage allumé,Hors agglomération,Hors intersection,Normale,Trois véhicules et plus - en chaîne,1,1,3,0,1,1,1,0,1,90,3,5,3,0,0,2,75.0,22.0,voiture,voiture,5,1,1,1,4
202200023987,2022-01-27 10:46:00,2022,1,27,10,46,49,49007,POUSSET,47.47177,-0.5382,Plein jour,En agglomération,Intersection en T,Normale,Deux véhicules - arrière,4,3,4,0,1,1,1,0,1,30,2,2,1,0,0,1,39.0,22.0,voiture,deux_roues,1,2,3,1,2
202200023988,2022-11-13 02:35:00,2022,11,13,2,35,29,29232,Route de Guengat,48.01404,-4.14627,Nuit sans éclairage public,Hors agglomération,Hors intersection,Normale,Sans collision,4,2,2,0,1,1,1,0,1,50,1,1,0,0,0,1,34.0,,deux_roues,,3,1,1,1,7
202200023989,2022-10-06 09:05:00,2022,10,6,9,5,91,91161,AUTOROUTE A6,48.69776,2.31494,Plein jour,Hors agglomération,Hors intersection,Normale,Deux véhicules - arrière,1,3,6,0,1,1,1,0,1,110,2,2,1,0,0,1,23.0,44.0,voiture,deux_roues,1,1,1,1,2
202200023990,2022-01-27 17:06:00,2022,1,27,17,6,49,49007,CAMUS BOULEVARD,47.4873341749,-0.5737137794,Plein jour,En agglomération,Intersection en X,Normale,Deux véhicules - côté,4,2,2,0,1,1,1,0,1,50,2,2,1,0,0,1,23.0,82.0,deux_roues,voiture,1,2,2,1,3
202200023991,2022-10-06 00:44:00,2022,10,6,0,44,91,91573,RN 104,48.631451,2.510014,Nuit sans éclairage public,Hors agglomération,Hors intersection,Normale,Sans collision,2,1,2,0,1,2,1,0,1,70,1,1,0,0,0,1,31.0,,deux_roues,,3,1,1,1,7
202200023992,2022-01-28 09:20:00,2022,1,28,9,20,45,45068,56 Rue de Villemandeur,48.0075734437,2.7168792486,Plein jour,En agglomération,Hors intersection,Normale,Autre collision,4,2,2,0,1,1,1,0,1,50,1,1,0,0,0,1,37.0,,voiture,,1,2,1,1,6
202200023993,2022-11-12 16:10:00,2022,11,12,16,10,29,29232,Boulevard President Allende,48.002711,-4.081191,Plein jour,Hors agglomération,Giratoire,Normale,Trois véhicules et plus - en chaîne,3,3,4,0,2,1,1,5,1,70,3,3,2,0,0,1,24.0,24.0,voiture,voiture,1,1,6,1,4
202200023994,2022-10-05 21:40:00,2022,10,5,21,40,91,91363,RN 104,48.63475,2.21472,Nuit sans éclairage public,Hors agglomération,Hors intersection,Pluie légère,Sans collision,2,1,2,0,1,1,2,0,1,110,1,1,0,0,0,1,26.0,,voiture,,3,1,1,2,7
202200023995,2022-11-13 02:40:00,2022,11,13,2,40,29,29019,9 rue du Château,48.38376,-4.49055,Nuit avec éclairage allumé,En agglomération,Giratoire,Normale,Autre collision,4,2,2,0,3,1,1,0,1,50,1,1,0,0,0,1,25.0,,voiture,,5,2,6,1,6
202200023996,2022-01-28 17:30:00,2022,1,28,17,30,37,37261,GANCE (BOULEVARD ABEL),47.4294173135,0.706692338,Nuit avec éclairage allumé,En agglomération,Hors intersection,Normale,Trois véhicules et plus - en chaîne,7,3,4,0,1,3,1,0,1,70,3,3,1,0,0,2,63.0,43.0,voiture,voiture,5,2,1,1,4
202200023997,2022-10-04 22:23:00,2022,10,4,22,23,91,91434,AUTOROUTE A6,48.66916,2.35085,Nuit avec éclairage non allumé,Hors agglomération,Hors intersection,Normale,Deux véhicules - arrière,1,1,3,0,1,1,1,0,1,110,2,2,1,0,0,1,30.0,27.0,voiture,voiture,4,1,1,1,2
202200023998,2022-11-11 11:10:00,2022,11,11,11,10,28,28404,RN 154,48.72293,1.38567,Plein jour,Hors agglomération,Hors intersection,Normale,Deux véhicules - frontale,2,3,2,0,1,1,1,0,1,70,2,4,0,0,4,0,35.0,52.0,voiture,voiture,1,1,1,1,1
202200023999,2022-01-28 20:30:00,2022,1,28,20,30,35,35278,RD 137,48.153207,-1.699601,Nuit avec éclairage allumé,Hors agglomération,Hors intersection,Normale,Autre collision,7,1,1,0,2,3,1,3,8,50,1,1,0,0,1,0,53.0,,voiture,,5,1,1,1,6
202200024000,2022-10-06 19:30:00,2022,10,6,19,30,92,92064,A13,48.839800109,2.2058637622,Nuit avec éclairage allumé,Hors agglomération,Hors intersection,Normale,Deux véhicules - arrière,1,-1,3,0,1,1,1,1,1,70,2,2,1,0,0,1,24.0,45.0,deux_roues,utilitaire_camion,5,1,1,1,2
202200024001,2022-11-12 09:53:00,2022,11,12,9,53,27,27681,PARC (RUE DU),49.0881,1.47851,Plein jour,En agglomération,Intersection en X,Normale,Deux véhicules - côté,4,2,2,0,1,1,1,0,1,50,2,2,1,0,0,1,20.0,22.0,voiture,deux_roues,1,2,2,1,3
202200024002,2022-01-29 01:10:00,2022,1,29,1,10,33,33522,Avenue de Thouars,44.79948,-0.5934,Nuit avec éclairage allumé,En agglomération,Intersection en T,Normale,Sans collision,4,2,2,2,1,1,1,0,1,50,1,1,0,0,1,0,38.0,,deux_roues,,5,2,3,1,7
202200024003,2022-11-13 01:52:00,2022,11,13,1,52,17,17028,N137,46.14558,-1.10894,Nuit sans éclairage public,Hors agglomération,Hors intersection,Normale,Sans collision,2,3,4,0,1,1,1,0,1,90,1,2,0,0,0,2,38.0,,voiture,,3,1,1,1,7
202200024004,2022-10-06 08:05:00,2022,10,6,8,5,92,92036,A86,48.9359519994,2.2870560883,Plein jour,Hors agglomération,Hors intersection,Normale,Deux véhicules - arrière,1,3,4,0,1,1,2,0,1,90,2,2,1,0,0,1,30.0,41.0,deux_roues,utilitaire_camion,1,1,1,1,2
202200024005,2022-01-27 11:30:00,2022,1,27,11,30,31,31555,BD DE LA GARE,43.60365,1.45723,Plein jour,En agglomération,Autre intersection,Normale,Autre collision,4,1,3,3,1,1,1,0,1,50,1,2,1,0,0,1,64.0,,voiture,,1,2,9,1,6
202200024006,2022-11-12 12:30:00,2022,11,12,12,30,13,13215,GAFFAREL (RUE),43.34918,5.36158,Plein jour,En agglomération,Hors intersection,Normale,Deux véhicules - côté,3,1,2,0,1,2,1,0,1,50,2,2,1,0,0,1,32.0,,voiture,voiture,1,2,1,1,3
202200024007,2022-01-29 02:00:00,2022,1,29,2,0,30,30243,Ancien Chemin de Sommières,44.07627,4.08976,Nuit sans éclairage public,En agglomération,Hors intersection,Normale,Autre collision,4,1,1,0,1,1,1,9,1,30,1,1,0,0,0,1,22.0,,voiture,,3,2,1,1,6
202200024008,2022-10-06 05:00:00,2022,10,6,5,0,78,78140,A13,48.96466,1.925377,Nuit avec éclairage allumé,Hors agglomération,Hors intersection,Normale,Deux véhicules - arrière,1,3,3,0,1,1,1,0,1,130,2,2,1,0,0,1,42.0,25.0,voiture,voiture,5,1,1,1,2
202200024009,2022-11-12 02:30:00,2022,11,12,2,30,13,13005,ECOLE ANTIDE BOYER,43.29459,5.56487,Nuit avec éclairage allumé,En agglomération,Hors intersection,Normale,Deux véhicules - arrière,3,2,2,0,1,1,1,0,1,30,1,2,1,0,0,1,32.0,,voiture,,5,2,1,1,2
202200024010,2022-01-27 06:47:00,2022,1,27,6,47,29,29019,Rue Victor Eusen,48.380204,-4.533295,Nuit avec éclairage allumé,En agglomération,Intersection en T,Normale,Deux véhicules - côté,4,-1,2,0,1,1,1,0,1,50,2,2,1,0,0,1,23.0,26.0,voiture,deux_roues,5,2,3,1,3
202200024011,2022-11-09 05:00:00,2022,11,9,5,0,04,04112,DEPARTEMENTALE 4096,43.83653,5.80299,Nuit avec éclairage allumé,En agglomération,Autre intersection,Normale,Deux véhicules - arrière,3,2,2,2,2,1,1,0,1,50,2,2,1,0,0,1,33.0,28.0,voiture,voiture,5,2,9,1,2
202200024012,2022-10-05 10:00:00,2022,10,5,10,0,78,78640,A86 EXT,48.777386,2.222301,Plein jour,Hors agglomération,Hors intersection,Normale,Trois véhicules et plus - en chaîne,1,3,3,0,1,1,1,0,1,90,3,3,1,0,0,2,43.0,55.0,utilitaire_camion,utilitaire_camion,1,1,1,1,4
202200024013,2022-01-28 13:15:00,2022,1,28,13,15,27,27554,D 64,49.09462,1.39266,Plein jour,Hors agglomération,Hors intersection,Normale,Autre collision,3,2,2,0,1,1,1,0,1,70,1,1,0,0,1,0,22.0,,voiture,,1,1,1,1,6
202200024014,2022-01-28 11:40:00,2022,1,28,11,40,25,25462,BESANCON (DU 72TER A LA FIN),46.91551,6.34519,Plein jour,En agglomération,Hors intersection,Normale,Deux véhicules - arrière,4,1,2,0,1,1,1,0,1,50,2,2,1,0,0,1,28.0,53.0,voiture,utilitaire_camion,1,2,1,1,2
202200024015,2022-10-06 20:00:00,2022,10,6,20,0,95,95555,RD 170,48.9762090115,2.2807815671,Nuit avec éclairage non allumé,Hors agglomération,Hors intersection,Normale,Deux véhicules - côté,3,3,4,0,1,1,1,1,1,90,2,2,1,0,0,1,47.0,18.0,deux_roues,voiture,4,1,1,1,3
202200024016,2022-07-26 12:10:00,2022,7,26,12,10,14,14047,D5A,49.275533,-0.71608,Plein jour,En agglomération,Giratoire,Normale,Deux véhicules - côté,3,2,2,1,1,1,1,0,1,50,2,2,1,0,0,1,61.0,73.0,voiture,deux_roues,1,2,6,1,3
202200024017,2022-01-28 14:00:00,2022,1,28,14,0,25,25056,DOLE RUE DE (entre 82 et 185),47.22853,5.98671,Plein jour,En agglomération,Hors intersection,Temps couvert,Deux véhicules - arrière,4,2,2,0,3,1,2,0,1,50,2,2,1,0,0,1,,50.0,voiture,voiture,1,2,1,8,2
202200024018,2022-07-10 19:10:00,2022,7,10,19,10,14,14726,Route de Courtacon,48.930387255,-0.783998966,Plein jour,Hors agglomération,Intersection en T,Normale,Autre collision,4,2,2,0,4,3,1,0,1,50,1,2,0,1,1,0,23.0,,deux_roues,,1,1,3,1,6
202200024019,2022-10-05 21:10:00,2022,10,5,21,10,93,93001,AUTOROUTE A86,48.9212115236,2.3692000928,Nuit sans éclairage public,Hors agglomération,Hors intersection,Pluie légère,Autre collision,1,3,4,0,2,2,2,0,1,90,1,2,0,0,1,1,61.0,,deux_roues,,3,1,1,2,6
202200024020,2022-01-24 07:50:00,2022,1,24,7,50,19,19031,ALSACE LORRAINE (AVENUE) A PARTIR DE N°,45.1529070048,1.5396416187,Crépuscule ou aube,En agglomération,Hors intersection,Normale,Deux véhicules - côté,3,2,2,0,1,1,1,0,1,50,2,2,1,0,1,0,41.0,41.0,deux_roues,voiture,2,2,1,1,3
202200024021,2022-07-08 16:10:00,2022,7,8,16,10,14,14243,Chemin du Val des Moulineaux,49.39913,0.2192,Plein jour,En agglomération,Hors intersection,Normale,Sans collision,4,2,2,0,2,1,1,0,1,30,1,1,0,0,0,1,18.0,,deux_roues,,1,2,1,1,7
202200024022,2022-10-06 09:00:00,2022,10,6,9,0,95,95306, A15,49.0097287478,2.1562573314,Plein jour,Hors agglomération,Hors intersection,Normale,Trois véhicules et plus - en chaîne,1,3,6,0,1,1,1,0,1,110,3,3,2,0,0,1,51.0,22.0,voiture,voiture,1,1,1,1,4
202200024023,2022-01-28 13:30:00,2022,1,28,13,30,17,17300,QUEBEC   RUE DE (>11   >38),46.152386,-1.204386,Plein jour,En agglomération,Hors intersection,Pluie légère,Deux véhicules - côté,4,2,2,0,1,1,2,0,1,50,2,2,1,0,0,1,26.0,33.0,deux_roues,voiture,1,2,1,2,3
202200024024,2022-10-06 10:15:00,2022,10,6,10,15,93,93005,AUTOROUTE A1,48.9607215909,2.4678989547,Plein jour,Hors agglomération,Hors intersection,Normale,Autre collision,1,3,2,0,1,1,1,0,1,90,2,2,0,0,0,2,24.0,30.0,deux_roues,deux_roues,1,1,1,1,6
202200024025,2022-01-28 07:50:00,2022,1,28,7,50,15,15012,RD 920,44.8839,2.4505,Plein jour,Hors agglomération,Hors intersection,Normale,Deux véhicules - côté,3,2,2,0,1,1,1,0,1,90,2,3,2,0,0,1,86.0,53.0,voiture,voiture,1,1,1,1,3
202200024026,2022-07-03 18:50:00,2022,7,3,18,50,14,14119,D613,49.1453547594,-0.2528777818,Crépuscule ou aube,Hors agglomération,Intersection en X,Normale,Deux véhicules - côté,3,3,2,0,1,1,1,0,1,90,2,7,1,0,4,2,19.0,42.0,utilitaire_camion,voiture,2,1,2,1,3
202200024027,2022-10-06 08:00:00,2022,10,6,8,0,77,77495,A5b,48.57154,2.6408,Plein jour,Hors agglomération,Hors intersection,Normale,Deux véhicules - côté,1,3,2,0,1,1,1,0,1,110,2,2,1,0,0,1,35.0,19.0,voiture,voiture,1,1,1,1,3
202200024028,2022-01-28 10:10:00,2022,1,28,10,10,13,13215,LE CHATELIER,43.3463383739,5.3661883328,Plein jour,En agglomération,Intersection en X,Normale,Deux véhicules - frontale,4,2,4,0,1,1,1,0,1,50,2,2,0,0,0,2,17.0,62.0,deux_roues,deux_roues,1,2,2,1,1
202200024029,2022-06-09 14:15:00,2022,6,9,14,15,14,14623,D89,49.117215,-0.371663,Plein jour,En agglomération,Hors intersection,Normale,Deux véhicules - côté,3,2,2,0,1,1,1,0,1,30,2,2,1,0,0,1,28.0,40.0,deux_roues,voiture,1,2,1,1,3
202200024030,2022-10-05 12:45:00,2022,10,5,12,45,94,94017,A4,48.8266507839,2.5161742429,Plein jour,Hors agglomération,Hors intersection,Normale,Deux véhicules - arrière,1,3,4,0,1,1,1,1,1,90,2,2,1,0,0,1,28.0,43.0,utilitaire_camion,voiture,1,1,1,1,2