accident_id,datetime,annee,mois,jour,heure,minute,departement,commune_insee,adresse,latitude,longitude,luminosite,agglomeration,intersection,meteo,collision,catr,circ,nbv,vosp,prof,plan,surf,infra,situ,vma,nb_vehicules,nb_usagers,nb_indemnes,nb_tues,nb_blesses_hosp,nb_blesses_legers,age_cond_1,age_cond_2,veh_type_cond_1,veh_type_cond_2,lum_code,agg_code,int_code,atm_code,col_code
202200024031,2022-01-28 09:00:00,2022,1,28,9,0,13,13214,ALEX ANSALDI (RUE),43.334,5.39983,Plein jour,En agglomération,Intersection en X,Normale,Deux véhicules - frontale,4,2,4,0,1,1,1,0,1,50,2,2,1,0,0,1,58.0,60.0,voiture,voiture,1,2,2,1,1
202200024032,2022-08-31 13:50:00,2022,8,31,13,50,59,59163,GARE (RUE DE LA),50.6754591047,3.1441792846,Plein jour,En agglomération,Hors intersection,Normale,Autre collision,7,2,2,0,1,1,1,0,1,30,1,2,1,1,0,0,20.0,,voiture,,1,2,1,1,6
202200024033,2022-01-25 14:30:00,2022,1,25,14,30,13,13063,REPUBLIQUE AVENUE DE LA,43.58411,5.00469,Plein jour,En agglomération,Intersection en X,Normale,Deux véhicules - côté,4,-1,2,0,1,1,1,0,1,50,2,2,1,0,1,0,38.0,16.0,voiture,deux_roues,1,2,2,1,3
202200024034,2022-05-19 08:15:00,2022,5,19,8,15,04,04070,RD 900 / Av du Plantas,44.09492,6.23947,Plein jour,En agglomération,Intersection en T,Normale,Deux véhicules - côté,3,-1,1,0,1,1,1,0,1,50,2,2,1,0,1,0,32.0,48.0,voiture,deux_roues,1,2,3,1,3
202200024035,2022-01-28 23:36:00,2022,1,28,23,36,11,11069,BOUFFET HENRY,43.20731,2.31089,Nuit avec éclairage non allumé,En agglomération,Hors intersection,Normale,Deux véhicules - côté,6,-1, -1,0,1,1,1,0,8,10,2,2,1,0,0,1,19.0,42.0,deux_roues,voiture,4,2,1,1,3
202200024036,2022-11-11 21:05:00,2022,11,11,21,5,974,97407,COMMUNE DE PARIS (AVENUE),-20.9368,55.29208,Nuit avec éclairage allumé,En agglomération,Hors intersection,Normale,Autre collision,4,1,1,0,1,1,1,9,8,50,1,2,1,0,0,1,58.0,,voiture,,5,2,1,1,6
202200024037,2022-10-05 12:45:00,2022,10,5,12,45,988,98818,RUE FRANCOIS FREY,-22.25844,166.44398,Plein jour,En agglomération,Hors intersection,Normale,Deux véhicules - côté,4,2,2,0,1,1,1,0,1,30,2,2,1,0,0,1,18.0,56.0,deux_roues,utilitaire_camion,1,2,1,1,3
202200024038,2022-01-28 10:03:00,2022,1,28,10,3,10,10325,Rue Jules Ferry,48.26179,4.073979,Plein jour,En agglomération,Hors intersection,Pluie légère,Deux véhicules - côté,3,2,2,0,1,2,2,0,1,50,2,2,1,0,0,1,22.0,56.0,utilitaire_camion,voiture,1,2,1,2,3
202200024039,2022-11-10 22:05:00,2022,11,10,22,5,973,97302,TROUBIRAN (CHEMIN DE),4.92284,-52.30389,Nuit sans éclairage public,En agglomération,Hors intersection,Pluie légère,Autre collision,4,2,2,0,1,1,2,0,1,50,1,2,1,0,1,0,,,autre,,3,2,1,2,6
202200024040,2022-10-05 08:30:00,2022,10,5,8,30,974,97416,LEBLOND 2 (RUE MARIUS ET ARY),-21.33542,55.46617,Plein jour,En agglomération,Hors intersection,Normale,Autre collision,4,3,2,0,1,1,1,0,1,50,1,2,1,0,0,1,23.0,,voiture,,1,2,1,1,6
202200024041,2022-11-11 11:40:00,2022,11,11,11,40,69,69386,Rue Vauban,45.7652475067,4.8476368189,Plein jour,En agglomération,Autre intersection,Normale,Autre collision,4,1,1,2,1,1,1,0,1,50,1,1,0,0,0,1,33.0,,deux_roues,,1,2,9,1,6
202200024042,2022-01-27 21:10:00,2022,1,27,21,10,10,10387,QUINZE VINGT (RUE),48.29692,4.07143,Nuit avec éclairage allumé,En agglomération,Intersection en T,Pluie légère,Deux véhicules - côté,4,1,1,0,1,1,2,0,1,50,2,2,1,0,0,1,22.0,24.0,deux_roues,voiture,5,2,3,2,3
202200024043,2022-10-05 09:37:00,2022,10,5,9,37,973,97302,CABASSOU (ROUTE DE),4.91943,-52.3182,Plein jour,En agglomération,Hors intersection,Normale,Trois véhicules et plus - en chaîne,3,3,2,0,1,1,1,0,1,50,3,3,2,0,0,1,59.0,36.0,voiture,voiture,1,2,1,1,4
202200024044,2022-11-11 04:20:00,2022,11,11,4,20,69,69386,Rue Duquesne,45.77252,4.84309,Nuit avec éclairage allumé,En agglomération,Intersection en X,Normale,Deux véhicules - côté,4,2,2,3,1,1,1,0,1,50,2,5,3,0,0,2,,19.0,voiture,voiture,5,2,2,1,3
202200024045,2022-11-11 10:00:00,2022,11,11,10,0,971,97101,RN1 ROCADE DE CHAUVEL,16.2453071172,-61.5246498585,Plein jour,Hors agglomération,Hors intersection,Normale,Deux véhicules - arrière,2,1,2,0,1,1,1,0,1,90,2,2,1,0,0,1,28.0,42.0,deux_roues,voiture,1,1,1,1,2
202200024046,2022-10-04 09:30:00,2022,10,4,9,30,973,97302,14 ET 22 JUIN 1962,4.9351076862,-52.3273846507,Plein jour,En agglomération,Hors intersection,Normale,Deux véhicules - frontale,4,2,2,0,1,1,1,0,1,50,2,2,1,0,0,1,71.0,23.0,utilitaire_camion,deux_roues,1,2,1,1,1
202200024047,2022-01-27 06:45:00,2022,1,27,6,45,10,10387,JAILLANT DESCHAINETS (RUE),48.29501,4.06931,Nuit avec éclairage allumé,En agglomération,Intersection en T,Normale,Deux véhicules - côté,4,1,1,0,1,1,2,0,1,50,2,2,1,0,0,1,,39.0,voiture,deux_roues,5,2,3,1,3
202200024048,2022-11-11 07:00:00,2022,11,11,7,0,971,97113,MONTAUBAN (SECTEUR),16.21468,-61.50215,Plein jour,En agglomération,Giratoire,Normale,Sans collision,3,1,1,0,1,1,1,0,1,50,1,1,0,0,0,1,31.0,,deux_roues,,1,2,6,1,7
202200024049,2022-01-28 20:45:00,2022,1,28,20,45,06,06088,GIACOBI (AV.),43.71105,7.29169,Nuit avec éclairage allumé,En agglomération,Intersection en X,Normale,Deux véhicules - côté,4,2,2,0,1,1,1,0,1,50,2,2,1,0,0,1,29.0,18.0,voiture,deux_roues,5,2,2,1,3
202200024050,2022-10-05 17:50:00,2022,10,5,17,50,69,69383,Rue Paul Bert,45.75702,4.85276,Plein jour,En agglomération,Intersection en X,Normale,Deux véhicules - côté,4,1,3,3,1,1,1,0,1,30,2,2,1,0,0,1,43.0,26.0,deux_roues,voiture,1,2,2,1,3
202200024051,2022-11-10 23:55:00,2022,11,10,23,55,95,95598,Avenue Kellermann,48.9858053117,2.2962337732,Nuit avec éclairage allumé,En agglomération,Hors intersection,Normale,Deux véhicules - côté,3,2,4,0,1,1,1,0,1,50,2,2,1,0,0,1,25.0,25.0,deux_roues,voiture,5,2,1,1,3
202200024052,2022-01-28 16:31:00,2022,1,28,16,31,06,06088,CALIFORNIE (AV.) (A PARTIR DU N° 201-212,43.67525,7.22739,Plein jour,En agglomération,Intersection en T,Normale,Deux véhicules - côté,4,2,2,0,1,1,1,0,1,50,2,2,1,0,0,1,90.0,37.0,voiture,transport_commun,1,2,3,1,3
202200024053,2022-11-10 20:35:00,2022,11,10,20,35,95,95252,Rue du Général Leclerc,48.9869118715,2.2171595693,Nuit avec éclairage allumé,En agglomération,Hors intersection,Normale,Deux véhicules - côté,3,2,2,0,2,1,1,0,1,50,2,2,1,0,1,0,26.0,26.0,deux_roues,voiture,5,2,1,1,3
202200024054,2022-10-05 12:50:00,2022,10,5,12,50,69,69387,Rue Pré Gaudry,45.73818,4.83769,Plein jour,En agglomération,Intersection en T,Normale,Autre collision,4,2,2,0,1,1,1,0,6,30,1,2,0,0,0,2,26.0,,voiture,,1,2,3,1,6
202200024055,2022-01-28 07:40:00,2022,1,28,7,40,06,06088,CESSOLE (BD DE) (JUSQU'AU N° 93-110),43.71645,7.25333,Plein jour,En agglomération,Hors intersection,Normale,Autre collision,4,2,3,3,1,1,1,0,1,50,1,2,1,0,0,1,26.0,,voiture,,1,2,1,1,6
202200024056,2022-11-10 12:05:00,2022,11,10,12,5,91,91312,STALINGRAD (PLACE),48.73254,2.22125,Plein jour,En agglomération,Place,Normale,Autre collision,4,1,2,0,1,2,1,9,1,30,1,2,1,0,1,0,46.0,,voiture,,1,2,7,1,6
202200024057,2022-01-25 09:15:00,2022,1,25,9,15,03,03185,Rue Chantoiseau,46.33647,2.59612,Plein jour,En agglomération,Hors intersection,Temps éblouissant,Autre collision,4,2,2,0,1,1,1,0,1,50,1,1,0,0,1,0,51.0,,voiture,,1,2,1,7,6
202200024058,2022-10-05 20:10:00,2022,10,5,20,10,972,97209,MARNE (BOULEVARD DE LA),14.60477,-61.08458,Nuit avec éclairage allumé,Hors agglomération,Hors intersection,Pluie légère,Deux véhicules - côté,4,3,8,0,2,2,2,0,1,50,2,2,1,0,0,1,58.0,29.0,deux_roues,voiture,5,1,1,2,3
202200024059,2022-11-11 15:49:00,2022,11,11,15,49,91,91114,PL DE LA PYRAMIDE,48.683688,2.491088,Plein jour,Hors agglomération,Autre intersection,Normale,Deux véhicules - côté,4,2,1,3,1,1,1,0,6,30,2,2,1,0,1,0,78.0,28.0,voiture,deux_roues,1,1,9,1,3
202200024060,2022-01-28 13:42:00,2022,1,28,13,42,75,75117,PORTE DES TERNES,48.883425,2.284172,Plein jour,En agglomération,Hors intersection,Normale,Deux véhicules - côté,4,1,4,0,1,1,1,0,1,70,2,2,1,0,0,1,23.0,48.0,voiture,deux_roues,1,2,1,1,3
202200024061,2022-10-04 17:30:00,2022,10,4,17,30,972,97209,GENERAL DE GAULLE (BLD DU),14.60778,-61.06916,Crépuscule ou aube,En agglomération,Intersection en T,Normale,Deux véhicules - côté,2,3,4,0,1,1,1,0,1,50,2,2,1,0,0,1,33.0,70.0,deux_roues,voiture,2,2,3,1,3
202200024062,2022-01-27 19:30:00,2022,1,27,19,30,75,75120,PORTE DE BAGNOLET,48.865153,2.413215,Nuit avec éclairage allumé,En agglomération,Hors intersection,Pluie légère,Trois véhicules et plus - en chaîne,4,1,4,0,1,1,2,0,1,70,3,3,2,0,0,1,45.0,36.0,voiture,voiture,5,2,1,2,4
202200024063,2022-11-11 11:10:00,2022,11,11,11,10,81,81021,RN 112,43.51044,2.34759,Plein jour,Hors agglomération,Hors intersection,Normale,Deux véhicules - côté,2,1,1,0,1,1,1,0,1,70,2,2,1,0,0,1,82.0,68.0,voiture,deux_roues,1,1,1,1,3
202200024064,2022-10-05 17:45:00,2022,10,5,17,45,69,69149,Grande Rue,45.71005,4.79973,Plein jour,En agglomération,Intersection en X,Normale,Deux véhicules - côté,7,2,2,2,2,1,1,0,1,50,2,2,1,0,0,1,57.0,38.0,deux_roues,voiture,1,2,2,1,3
202200024065,2022-01-28 22:07:00,2022,1,28,22,7,75,75106,RUE DE RENNES,48.848081,2.327927,Nuit avec éclairage allumé,En agglomération,Intersection en X,Normale,Sans collision,4,2,3,0,1,1,1,0,1,30,2,2,1,0,0,1,40.0,,deux_roues,deux_roues,5,2,2,1,7
202200024066,2022-10-05 07:28:00,2022,10,5,7,28,2A,2A004,NAPOLEON III AVENUE PAIR,41.92552,8.73438,Plein jour,En agglomération,Hors intersection,Normale,Deux véhicules - côté,4,-1,2,0,2,1,1,0,1,50,2,2,1,0,0,1,19.0,48.0,voiture,voiture,1,2,1,1,3
202200024067,2022-01-28 11:56:00,2022,1,28,11,56,75,75119,RUE DE TANGER,48.884865,2.367405,Plein jour,En agglomération,Intersection en T,Normale,Autre collision,4,1,1,0,1,1,1,0,1,30,1,2,1,0,0,1,31.0,,utilitaire_camion,,1,2,3,1,6
202200024068,2022-11-11 15:00:00,2022,11,11,15,0,77,77307,D344A,48.85533,2.76888,Plein jour,En agglomération,Autre intersection,Normale,Autre collision,3,3,4,0,1,1,1,0,8,50,1,2,1,0,0,1,31.0,,voiture,,1,2,9,1,6
202200024069,2022-10-04 11:40:00,2022,10,4,11,40,95,95277,Avenue Gabriel Péri,48.9927200273,2.4274984002,Plein jour,En agglomération,Hors intersection,Normale,Autre collision,3,2,2,0,1,1,1,0,1,50,1,2,1,1,0,0,35.0,,voiture,,1,2,1,1,6
202200024070,2022-11-11 21:50:00,2022,11,11,21,50,76,76157,Boulevard Claude Monet,49.458045,1.036653,Nuit avec éclairage allumé,En agglomération,Hors intersection,Normale,Autre collision,9,-1,0,0,1,1,1,0,1,20,1,1,0,0,0,1,21.0,,autre,,5,2,1,1,6
202200024071,2022-01-28 05:50:00,2022,1,28,5,50,75,75116,PLACE CLEMENT ADER,48.851506,2.278357,Nuit avec éclairage allumé,En agglomération,Place,Normale,Deux véhicules - côté,4,3,2,0,1,1,1,0,1,50,2,2,1,0,0,1,34.0,37.0,voiture,voiture,5,2,7,1,3
202200024072,2022-01-28 11:15:00,2022,1,28,11,15,75,75115,RUE LECOURBE,48.838781,2.290167,Plein jour,En agglomération,Intersection en T,Normale,Autre collision,4,1,1,0,1,1,1,0,1,30,1,2,1,0,0,1,24.0,,deux_roues,,1,2,3,1,6
202200024073,2022-11-11 18:55:00,2022,11,11,18,55,76,76540,Rue d'Amiens,49.44037,1.10218,Nuit avec éclairage allumé,En agglomération,Intersection en X,Normale,Deux véhicules - côté,4,2,2,0,1,1,1,0,1,50,2,2,1,0,0,1,69.0,30.0,voiture,deux_roues,5,2,2,1,3
202200024074,2022-01-28 08:45:00,2022,1,28,8,45,75,75107,BOULEVARD SAINT GERMAIN,48.860724,2.321016,Plein jour,En agglomération,Hors intersection,Temps couvert,Sans collision,4,2,4,0,1,1,1,0,1,50,1,2,1,0,0,1,48.0,,transport_commun,,1,2,1,8,7
202200024075,2022-10-05 17:40:00,2022,10,5,17,40,91,91657,AV DE LA TOURELLE,48.690938,2.441119,Plein jour,En agglomération,Hors intersection,Normale,Deux véhicules - arrière,3,2,2,0,1,1,1,0,1,50,2,2,1,0,0,1,43.0,20.0,voiture,voiture,1,2,1,1,2
202200024076,2022-11-11 15:05:00,2022,11,11,15,5,71,71076,POMPIDOU (RUE GEORGES),46.778,4.845,Plein jour,En agglomération,Hors intersection,Normale,Autre collision,3,-1,2,0,1,1,1,0,1,50,1,1,0,0,0,1,92.0,,voiture,,1,2,1,1,6
202200024077,2022-11-11 08:55:00,2022,11,11,8,55,69,69266,Rue des Charmettes,45.76698,4.86721,Plein jour,En agglomération,Hors intersection,Normale,Autre collision,4,1,1,0,1,1,1,1,4,50,1,2,1,0,1,0,85.0,,voiture,,1,2,1,1,6
202200024078,2022-01-28 20:00:00,2022,1,28,20,0,75,75110,RUE DU FAUBOURG SAINT MARTIN,48.87579671,2.3602554202,Nuit avec éclairage allumé,En agglomération,Intersection en X,Normale,Deux véhicules - côté,4,2,3,0,1,2,1,0,1,30,2,3,2,0,0,1,26.0,35.0,deux_roues,deux_roues,5,2,2,1,3
202200024079,2022-08-24 17:05:00,2022,8,24,17,5,89,89387,QUATORZE JUILLET (BOULEVARD),48.19751,3.28992,Plein jour,En agglomération,Hors intersection,Normale,Autre collision,4,1,2,0,1,1,1,0,6,50,1,3,1,0,0,2,94.0,,voiture,,1,2,1,1,6
202200024080,2022-01-28 16:58:00,2022,1,28,16,58,75,75107,RUE DE BABYLONE,48.851696,2.323543,Plein jour,En agglomération,Intersection en X,Normale,Autre collision,4,1,1,2,1,1,1,0,4,30,1,1,0,0,0,1,45.0,,voiture,,1,2,2,1,6
202200024081,2022-11-11 09:00:00,2022,11,11,9,0,64,64260,Boulevard du général de gaulle,43.35154,-1.78299,Plein jour,En agglomération,Intersection en T,Normale,Deux véhicules - côté,3,2,2,0,1,1,1,0,1,50,2,2,1,0,0,1,50.0,51.0,voiture,deux_roues,1,2,3,1,3
202200024082,2022-09-23 13:50:00,2022,9,23,13,50,89,89024,,47.819774,3.558473,Plein jour,Hors agglomération,Hors intersection,Normale,Deux véhicules - côté,2,3,6,0,1,1,1,0,1,70,2,2,0,0,0,2,48.0,55.0,voiture,voiture,1,1,1,1,3
202200024083,2022-11-11 19:25:00,2022,11,11,19,25,64,64122,Avenue Edith Cavell,43.490923,-1.54474,Nuit avec éclairage allumé,En agglomération,Hors intersection,Normale,Deux véhicules - côté,4,2,2,0,1,1,1,0,1,30,2,2,1,0,0,1,16.0,79.0,deux_roues,deux_roues,5,2,1,1,3
202200024084,2022-10-04 14:24:00,2022,10,4,14,24,87,87085,BEAUBREUIL (AVENUE DE),45.8815,1.29281,Plein jour,En agglomération,Hors intersection,Normale,Deux véhicules - arrière,4,1,2,0,1,3,1,0,1,50,2,2,1,0,0,1,26.0,64.0,voiture,voiture,1,2,1,1,2
202200024085,2022-01-28 16:25:00,2022,1,28,16,25,75,75103,BOULEVARD BEAUMARCHAIS,48.859501,2.36761,Plein jour,En agglomération,Intersection en T,Normale,Deux véhicules - arrière,4,2,4,0,1,1,2,0,1,30,2,2,1,0,0,1,75.0,49.0,deux_roues,voiture,1,2,3,1,2
202200024086,2022-11-11 20:20:00,2022,11,11,20,20,62,62401,D947,50.512433,2.80692,Nuit avec éclairage allumé,En agglomération,Hors intersection,Normale,Deux véhicules - côté,3,2,2,0,1,1,1,0,1,50,2,2,0,0,1,1,20.0,16.0,voiture,deux_roues,5,2,1,1,3
202200024087,2022-09-30 00:20:00,2022,9,30,0,20,87,87114,AUTOROUTE A20,45.83379,1.28414,Nuit sans éclairage public,Hors agglomération,Hors intersection,Normale,Trois véhicules et plus - en chaîne,1,3,4,0,1,1,1,0,1,90,3,3,2,0,0,1,23.0,74.0,voiture,voiture,3,1,1,1,4
202200024088,2022-01-28 14:45:00,2022,1,28,14,45,75,75104,RUE DE RIVOLI,48.855959,2.357972,Plein jour,En agglomération,Intersection en X,Normale,Autre collision,4,2,4,1,1,1,1,-1,5,30,1,2,1,0,0,1,30.0,,deux_roues,,1,2,2,1,6
202200024089,2022-11-09 10:30:00,2022,11,9,10,30,50,50502,GERHARDT (Général),49.11721,-1.08311,Plein jour,En agglomération,Hors intersection,Normale,Autre collision,3,2,2,0,1,1,1,6,1,50,1,2,1,0,1,0,24.0,,voiture,,1,2,1,1,6
202200024090,2022-10-04 10:15:00,2022,10,4,10,15,85,85194,Boulevard du vendée globe (Château-d'Olonne),46.4899992,-1.74977123,Plein jour,Hors agglomération,Giratoire,Normale,Autre collision,4,2,2,0,1,1,1,5,1,50,1,2,1,0,1,0,73.0,,voiture,,1,1,6,1,6
202200024091,2022-01-27 09:39:00,2022,1,27,9,39,94,94081,Rue Eugene Henaff,48.79476,2.41787,Plein jour,En agglomération,Intersection en X,Temps couvert,Deux véhicules - côté,3,2,2,0,1,1,1,0,1,50,2,2,1,0,0,1,59.0,59.0,voiture,voiture,1,2,2,8,3
202200024092,2022-11-10 15:35:00,2022,11,10,15,35,50,50147,DIVISION LECLERC,49.06496,-1.4333,Plein jour,En agglomération,Hors intersection,Normale,Deux véhicules - côté,3,2,2,0,2,1,1,0,1,50,2,3,1,0,0,2,48.0,29.0,voiture,deux_roues,1,2,1,1,3
202200024093,2022-01-28 18:00:00,2022,1,28,18,0,94,94016,89 Avenue Aristide Briand,48.7961569099,2.3218947351,Nuit avec éclairage allumé,En agglomération,Intersection en X,Normale,Autre collision,3,3,0,0,1,1,1,6,1,70,1,2,1,0,0,1,48.0,,voiture,,5,2,2,1,6
202200024094,2022-09-05 07:55:00,2022,9,5,7,55,84,84007,C.De GAULLE (Rocade),43.9426,4.7935,Plein jour,En agglomération,Hors intersection,Normale,Deux véhicules - côté,4,2,3,0,1,1,1,0,1,50,4,4,2,0,0,2,50.0,40.0,voiture,voiture,1,2,1,1,3
202200024095,2022-11-12 00:36:00,2022,11,12,0,36,49,49007,MONTAIGNE AVENUE,47.46711,-0.52724,Nuit avec éclairage allumé,En agglomération,Hors intersection,Normale,Autre collision,4,3,2,0,1,1,1,0,1,50,1,1,0,0,0,1,24.0,,voiture,,5,2,1,1,6
202200024096,2022-01-28 17:00:00,2022,1,28,17,0,94,94041,147 Avenue de Verdun,48.80828,2.37418,Plein jour,En agglomération,Hors intersection,Normale,Autre collision,3,1,2,0,1,1,1,0,1,50,1,1,0,0,0,1,35.0,,deux_roues,,1,2,1,1,6
202200024097,2022-11-11 11:00:00,2022,11,11,11,0,43,43157,RN88,45.04109,3.9092,Plein jour,En agglomération,Hors intersection,Brouillard / fumée,Autre collision,2,3,4,0,2,2,2,9,2,110,1,1,0,0,0,1,40.0,,voiture,,1,2,1,5,6
202200024098,2022-10-05 13:15:00,2022,10,5,13,15,83,83137,PICOT (AVE DU COLONEL),43.1296,5.96927,Plein jour,En agglomération,Hors intersection,Normale,Deux véhicules - frontale,7,2,2,0,1,1,1,0,1,30,2,2,1,0,0,1,15.0,65.0,deux_roues,voiture,1,2,1,1,1
202200024099,2022-01-28 12:30:00,2022,1,28,12,30,93,93072,Avenue Marcel Cachin,48.9591396499,2.3822329043,Plein jour,En agglomération,Hors intersection,Normale,Autre collision,3,2,2,0,1,1,1,0,1,50,1,2,1,0,0,1,55.0,,voiture,,1,2,1,1,6
202200024100,2022-11-11 23:33:00,2022,11,11,23,33,42,42170,Route de Coutouvre,46.05247,4.13938,Nuit sans éclairage public,Hors agglomération,Intersection en Y,Pluie légère,Autre collision,3,2,2,0,1,3,2,0,3,80,1,2,0,0,0,2,28.0,,voiture,,3,1,4,2,6
202200024101,2022-01-28 08:30:00,2022,1,28,8,30,93,93066,CITE STALINGRAD,48.943721792,2.3585593846,Plein jour,En agglomération,Hors intersection,Normale,Autre collision,4,2,1,0,1,1,1,0,1,50,1,1,0,0,0,1,70.0,,voiture,,1,2,1,1,6
202200024102,2022-10-04 18:28:00,2022,10,4,18,28,80,80021,SAINT MARTIN AUX WAIDES (RUE),49.89524,2.29761,Plein jour,En agglomération,Intersection en X,Normale,Deux véhicules - côté,4,1,2,0,1,1,1,0,1,30,2,2,1,0,0,1,19.0,42.0,deux_roues,voiture,1,2,2,1,3
202200024103,2022-01-28 16:30:00,2022,1,28,16,30,93,93050,PAUL ET CAMILLE THOMOUX (RUE) COTE PAIR,48.864082947,2.5298689637,Plein jour,En agglomération,Hors intersection,Normale,Deux véhicules - côté,3,2, -1,0,1,1,1,0,1,50,2,2,1,0,0,1,43.0,28.0,deux_roues,utilitaire_camion,1,2,1,1,3
202200024104,2022-11-11 04:40:00,2022,11,11,4,40,35,35115,COLBERT (RUE),48.34218,-1.17581,Nuit avec éclairage allumé,En agglomération,Hors intersection,Normale,Deux véhicules - frontale,4,2,2,0,2,3,1,0,1,50,2,3,2,0,0,1,23.0,37.0,voiture,utilitaire_camion,5,2,1,1,1
202200024105,2022-10-05 19:00:00,2022,10,5,19,0,76,76410,Avenue du Val aux Dames,49.47678,1.03487,Crépuscule ou aube,En agglomération,Hors intersection,Normale,Autre collision,7,2,2,0,2,3,1,0,1,50,1,1,0,0,0,1,33.0,,voiture,,2,2,1,1,6
202200024106,2022-01-28 11:40:00,2022,1,28,11,40,93,93048,VICTOR HUGO (AVENUE),48.8604004657,2.4809655547,Plein jour,En agglomération,Hors intersection,Normale,Deux véhicules - arrière,3,1,2,0,1,1,1,0,1,50,2,3,1,0,0,1,20.0,,voiture,voiture,1,2,1,1,2
202200024107,2022-11-11 03:15:00,2022,11,11,3,15,33,33063,Cours de la Libération,44.8324251559,-0.5796588957,Nuit avec éclairage allumé,En agglomération,Giratoire,Normale,Deux véhicules - côté,4,-1,2,0,1,2,1,0,1,30,2,3,0,0,3,0,19.0,36.0,deux_roues,voiture,5,2,6,1,3
202200024108,2022-10-04 07:00:00,2022,10,4,7,0,72,72181,HEUZE OLIVIER (AV) N° IMP DE 1 A 239,47.999339,0.181991,Nuit avec éclairage allumé,En agglomération,Autre intersection,Normale,Deux véhicules - côté,4,2,2,0,1,1,1,0,1,50,2,2,1,0,0,1,46.0,43.0,voiture,voiture,5,2,9,1,3
202200024109,2022-01-28 13:15:00,2022,1,28,13,15,93,93046,POSTES CHEMIN DES,48.91357,2.54016,Plein jour,Hors agglomération,Hors intersection,Normale,Autre collision,4,2,1,0,2,1,1,0,3,50,1,1,0,0,1,0,61.0,,utilitaire_camion,,1,1,1,1,6
202200024110,2022-10-03 18:00:00,2022,10,3,18,0,71,71486,Rue Robespierre,46.6653524759,4.3687660408,Plein jour,En agglomération,Hors intersection,Normale,Autre collision,4,2,2,0,1,1,1,0,1,50,1,2,1,0,0,1,21.0,,voiture,,1,2,1,1,6
202200024111,2022-11-11 19:00:00,2022,11,11,19,0,30,30243,MOULIN (AVENUE J.),44.07297,4.08097,Nuit avec éclairage allumé,Hors agglomération,Hors intersection,Normale,Deux véhicules - frontale,3,2,2,0,1,1,1,0,1,50,2,2,1,0,0,1,19.0,22.0,deux_roues,voiture,5,1,1,1,1
202200024112,2022-11-11 13:40:00,2022,11,11,13,40,29,29232,Avenue de Ty Bos,47.976300038,-4.0686359963,Plein jour,En agglomération,Hors intersection,Autre,Autre collision,3,2,2,0,1,1,1,0,1,50,1,1,0,0,0,1,21.0,,voiture,,1,2,1,9,6
202200024113,2022-10-05 17:30:00,2022,10,5,17,30,69,69266,Rue de la Poudrette,45.7484825458,4.9176505208,Plein jour,En agglomération,Intersection en X,Normale,Deux véhicules - côté,7,2,2,3,1,1,1,0,1,50,2,3,1,0,2,0,19.0,12.0,voiture,deux_roues,1,2,2,1,3
202200024114,2022-01-28 08:40:00,2022,1,28,8,40,93,93046,CAMILLE DESMOULINS AVENUE,48.91058,2.52729,Plein jour,En agglomération,Hors intersection,Normale,Autre collision,3,3,4,0,1,1,1,0,1,50,1,2,1,0,0,1,43.0,,voiture,,1,2,1,1,6
202200024115,2022-11-11 23:30:00,2022,11,11,23,30,27,27229,REPUBLIQUE (PLACE DE LA),49.0264068777,1.1572337151,Nuit avec éclairage allumé,En agglomération,Place,Normale,Deux véhicules - côté,4,2,8,0,1,1,1,0,1,50,2,4,0,0,0,4,38.0,18.0,voiture,voiture,5,2,7,1,3
202200024116,2022-10-05 09:00:00,2022,10,5,9,0,69,69259,Avenue Francis de Pressensé,45.7292421989,4.8606321216,Plein jour,En agglomération,Intersection en T,Normale,Deux véhicules - côté,4,2,2,2,1,1,1,0,1,30,2,2,1,0,0,1,24.0,42.0,deux_roues,voiture,1,2,3,1,3
202200024117,2022-01-28 17:45:00,2022,1,28,17,45,93,93008,Rue Raspail / Rue Mendes des Carmes,48.91402,2.44048,Crépuscule ou aube,En agglomération,Intersection en T,Normale,Deux véhicules - côté,4,1,2,0,1,1,1,0,1,30,2,2,1,0,0,1,31.0,31.0,voiture,voiture,2,2,3,1,3
202200024118,2022-10-04 21:45:00,2022,10,4,21,45,67,67365,DOCTEUR ALBERT SCHWEITZER (RUE DU),48.54657,7.70531,Nuit avec éclairage allumé,En agglomération,Hors intersection,Normale,Autre collision,4,2,2,0,1,1,1,0,4,30,1,1,0,0,1,0,33.0,,deux_roues,,5,2,1,1,6
202200024119,2022-11-11 16:40:00,2022,11,11,16,40,22,22278,COQUELIN,48.50674,-2.78405,Plein jour,En agglomération,Hors intersection,Normale,Deux véhicules - côté,3,2,2,0,1,3,1,0,1,30,2,2,1,0,1,0,61.0,70.0,utilitaire_camion,deux_roues,1,2,1,1,3
202200024120,2022-01-28 08:35:00,2022,1,28,8,35,93,93007,"""REPUBLIQUE (AVENUE DE LA """"COTE PAIRS""""",48.9359507461,2.4671126252,Plein jour,En agglomération,Autre intersection,Temps couvert,Autre collision,4,2,2,3,1,1,2,0,6,50,1,2,1,0,0,1,62.0,,voiture,,1,2,9,8,6
202200024121,2022-11-06 04:55:00,2022,11,6,4,55,19,19275,RD1089,45.573991,2.347555,Nuit avec éclairage allumé,En agglomération,Hors intersection,Normale,Autre collision,3,2,2,0,1,3,2,0,3,70,1,1,0,0,0,1,46.0,,voiture,,5,2,1,1,6
202200024122,2022-01-28 18:40:00,2022,1,28,18,40,92,92046,PIERRE BROSSOLETTE (AVENUE),48.8169427212,2.3068276942,Nuit avec éclairage allumé,En agglomération,Hors intersection,Normale,Autre collision,3,2,4,1,1,1,1,0,1,50,1,2,1,0,0,1,34.0,,deux_roues,,5,2,1,1,6