accident_id,datetime,annee,mois,jour,heure,minute,departement,commune_insee,adresse,latitude,longitude,luminosite,agglomeration,intersection,meteo,collision,catr,circ,nbv,vosp,prof,plan,surf,infra,situ,vma,nb_vehicules,nb_usagers,nb_indemnes,nb_tues,nb_blesses_hosp,nb_blesses_legers,age_cond_1,age_cond_2,veh_type_cond_1,veh_type_cond_2,lum_code,agg_code,int_code,atm_code,col_code
202200024215,2022-01-29 11:50:00,2022,1,29,11,50,74,74143,"RN 205, sens Passy vers Chamonix",45.902493,6.778522,Plein jour,Hors agglomération,Hors intersection,Normale,Deux véhicules - arrière,2,3,4,0,1,1,1,0,1,-1,2,2,0,0,0,2,48.0,60.0,utilitaire_camion,voiture,1,1,1,1,2
202200024216,2022-11-12 13:12:00,2022,11,12,13,12,93,93051,Rue de l’Universite,48.83715,2.55997,Plein jour,En agglomération,Hors intersection,Normale,Deux véhicules - côté,4,2,2,0,1,1,1,0,1,50,2,2,1,0,0,1,,22.0,autre,deux_roues,1,2,1,1,3
202200024217,2022-09-26 06:55:00,2022,9,26,6,55,30,30189,Route d'Alès,43.852,4.3201,Crépuscule ou aube,En agglomération,Hors intersection,Normale,Deux véhicules - arrière,2,2,4,0,2,1,1,0,1,90,2,2,1,0,1,0,51.0,52.0,utilitaire_camion,voiture,2,2,1,1,2
202200024218,2022-11-12 10:05:00,2022,11,12,10,5,93,93033,Avenue du Maréchal Joffre,48.86262,2.57683,Plein jour,En agglomération,Hors intersection,Normale,Deux véhicules - côté,3,1,1,0,1,1,1,0,1,30,2,2,1,0,0,1,60.0,41.0,deux_roues,voiture,1,2,1,1,3
202200024219,2022-01-28 20:20:00,2022,1,28,20,20,64,64108,A64 Sens Toulouse / Bayonne,43.512903,-0.924059,Nuit sans éclairage public,Hors agglomération,Hors intersection,Normale,Trois véhicules et plus - collisions multiples,1,3,4,0,1,1,1,0,1,130,3,8,4,1,1,2,80.0,21.0,voiture,voiture,3,1,1,1,5
202200024220,2022-09-11 12:50:00,2022,9,11,12,50,30,30028,ROUTE DES CEVENNES,44.168,4.6056,Plein jour,Hors agglomération,Hors intersection,Normale,Deux véhicules - côté,3,2,2,0,1,1,1,0,1,70,2,2,0,0,1,1,58.0,38.0,deux_roues,voiture,1,1,1,1,3
202200024221,2022-11-12 18:30:00,2022,11,12,18,30,93,93048,Boulevard Rouget de Lisle,48.8600447657,2.4390172768,Nuit avec éclairage allumé,En agglomération,Autre intersection,Normale,Deux véhicules - frontale,3,2,2,0,1,1,1,0,1,50,2,2,1,0,0,1,38.0,25.0,voiture,deux_roues,5,2,9,1,1
202200024222,2022-10-03 10:45:00,2022,10,3,10,45,30,30007,BOISSIER DE SAUVAGE (quai),44.1270801175,4.0760890245,Plein jour,En agglomération,Autre intersection,Normale,Autre collision,4,1,1,0,1,1,1,0,1,50,1,2,1,0,1,0,76.0,,voiture,,1,2,9,1,6
202200024223,2022-01-29 05:30:00,2022,1,29,5,30,38,38565,Autoroute 48 PK87+000,45.2646905192,5.6315236486,Nuit sans éclairage public,Hors agglomération,Hors intersection,Normale,Trois véhicules et plus - en chaîne,1,1,4,0,1,1,1,0,1,130,3,4,3,0,1,0,55.0,43.0,voiture,voiture,3,1,1,1,4
202200024224,2022-11-12 01:43:00,2022,11,12,1,43,93,93048,Rue Ernest Savart / Rue des Chantereines,48.868417437,2.4447385669,Nuit avec éclairage allumé,En agglomération,Intersection en X,Normale,Deux véhicules - côté,4,2,2,0,2,1,1,0,1,50,2,3,1,0,0,2,20.0,28.0,voiture,deux_roues,5,2,2,1,3
202200024225,2022-11-12 16:30:00,2022,11,12,16,30,93,93032,Avenue Jean Jaurès / Sentier des Petits Clos,48.88368,2.53037,Plein jour,En agglomération,Intersection en T,Normale,Deux véhicules - côté,3,2,2,0,1,1,1,0,1,50,2,2,1,0,0,1,18.0,43.0,deux_roues,voiture,1,2,3,1,3
202200024226,2022-01-29 12:50:00,2022,1,29,12,50,74,74118,A 40,46.174095,6.238947,Plein jour,Hors agglomération,Hors intersection,Normale,Trois véhicules et plus - en chaîne,1,1,3,0,1,1,1,0,1,110,4,9,4,0,0,5,29.0,49.0,voiture,voiture,1,1,1,1,4
202200024227,2022-11-12 16:00:00,2022,11,12,16,0,93,93079,Rue Roger Salengro / Rue Edouard Vaillant,48.961069,2.345828,Plein jour,En agglomération,Giratoire,Normale,Deux véhicules - côté,3,2,2,0,1,2,1,0,1,50,2,2,1,0,0,1,28.0,50.0,deux_roues,voiture,1,2,6,1,3
202200024228,2022-01-29 04:00:00,2022,1,29,4,0,986,98613,Mat 'utu,-13.2799352442,-176.17400423,Nuit sans éclairage public,En agglomération,Hors intersection,Pluie légère,Deux véhicules - frontale,2,2,2,0,1,3,2,0,3,70,1,2,0,0,2,0,27.0,,voiture,,3,2,1,2,1
202200024229,2022-10-04 19:45:00,2022,10,4,19,45,22,22278,COURSES (CHEM. DES),48.52058,-2.71516,Plein jour,Hors agglomération,Hors intersection,Normale,Sans collision,9,1,1,3,1,1,1,0,1,30,1,1,0,0,0,1,16.0,,deux_roues,,1,1,1,1,7
202200024230,2022-11-12 07:50:00,2022,11,12,7,50,93,93055,Avenue Jean Lolive / Rue Charles Auray,48.89331,2.41363,Plein jour,En agglomération,Intersection en T,Normale,Autre collision,3,2,2,0,1,1,1,0,1,50,1,2,1,0,0,1,28.0,,voiture,,1,2,3,1,6
202200024231,2022-01-27 12:20:00,2022,1,27,12,20,971,97128,Route de la Souche,16.269731,-61.37362,Plein jour,Hors agglomération,Hors intersection,Normale,Deux véhicules - côté,3,2,2,0,1,1,1,0,1,80,2,2,1,0,1,0,59.0,60.0,voiture,deux_roues,1,1,1,1,3
202200024232,2022-11-12 19:35:00,2022,11,12,19,35,92,92046,PIERRE BROSSOLETTE (AVENUE),48.8134176348,2.302139461,Nuit avec éclairage allumé,En agglomération,Hors intersection,Normale,Autre collision,3,2,4,2,1,1,1,0,1,50,1,2,0,0,1,1,26.0,,deux_roues,,5,2,1,1,6
202200024233,2022-01-29 09:20:00,2022,1,29,9,20,2B,2B355,Barquetta,42.508501,9.374707,Plein jour,En agglomération,Hors intersection,Normale,Deux véhicules - côté,2,2,2,0,1,3,2,5,1,50,2,2,1,0,0,1,20.0,41.0,voiture,utilitaire_camion,1,2,1,1,3
202200024234,2022-10-05 18:30:00,2022,10,5,18,30,13,13215,BONNET (TRAVERSE),43.35946,5.35646,Plein jour,En agglomération,Autre intersection,Normale,Deux véhicules - côté,4,1,1,0,1,1,1,0,1,30,2,5,1,0,0,4,37.0,19.0,voiture,voiture,1,2,9,1,3
202200024235,2022-11-12 14:50:00,2022,11,12,14,50,92,92051,BOURDON (BOULEVARD),48.89541,2.27124,Plein jour,En agglomération,Hors intersection,Normale,Autre collision,3,3,4,0,1,1,1,0,1,50,1,1,0,0,0,1,49.0,,voiture,,1,2,1,1,6
202200024236,2022-01-28 16:15:00,2022,1,28,16,15,34,34157,9 Avenue General de Gaulle,43.42621,3.603156,Plein jour,En agglomération,Hors intersection,Normale,Deux véhicules - arrière,4,2,2,0,1,1,1,6,1,50,2,3,2,0,0,1,,41.0,voiture,voiture,1,2,1,1,2
202200024237,2022-11-12 19:00:00,2022,11,12,19,0,44,44144,D33,47.515592,-1.315634,Nuit sans éclairage public,Hors agglomération,Hors intersection,Normale,Autre collision,3,2,2,0,4,1,1,0,3,80,1,1,0,0,1,0,54.0,,voiture,,3,1,1,1,6
202200024238,2022-10-05 11:50:00,2022,10,5,11,50,13,13203,NATIONAL (BOULEVARD),43.31299,5.37543,Plein jour,En agglomération,Hors intersection,Normale,Deux véhicules - frontale,4,3,2,0,1,1,1,0,1,50,1,2,1,0,0,1,,,deux_roues,,1,2,1,1,1
202200024239,2022-11-12 16:30:00,2022,11,12,16,30,37,37010,1 L Ormeau,47.552093,0.92125,Plein jour,Hors agglomération,Hors intersection,Normale,Deux véhicules - arrière,3,2,2,0,1,1,1,0,1,80,2,2,0,0,1,1,18.0,16.0,deux_roues,deux_roues,1,1,1,1,2
202200024240,2022-01-28 16:45:00,2022,1,28,16,45,34,34145,Chemin du Jeu de Mail,43.674485,4.120528,Plein jour,En agglomération,Intersection en T,Normale,Deux véhicules - côté,4,2,2,0,1,1,1,0,1,30,2,2,1,0,0,1,32.0,67.0,voiture,voiture,1,2,3,1,3
202200024241,2022-11-13 14:15:00,2022,11,13,14,15,54,54089,D 913,48.771916964,6.2707686418,Plein jour,Hors agglomération,Hors intersection,Normale,Deux véhicules - frontale,3,2,2,0,1,1,1,0,1,80,2,2,0,1,0,1,55.0,30.0,voiture,deux_roues,1,1,1,1,1
202200024242,2022-01-28 23:00:00,2022,1,28,23,0,05,05119,D186,44.636689,6.624756,Nuit sans éclairage public,Hors agglomération,Hors intersection,Normale,Deux véhicules - frontale,3,2,2,0,2,3,1,0,1,80,2,3,2,0,0,1,29.0,57.0,voiture,voiture,3,1,1,1,1
202200024243,2022-11-13 07:00:00,2022,11,13,7,0,54,54462,rd1,48.601587,6.32952,Nuit sans éclairage public,Hors agglomération,Hors intersection,Brouillard / fumée,Autre collision,3,2,2,0,1,2,2,0,3,80,1,1,0,0,1,0,73.0,,voiture,,3,1,1,5,6
202200024244,2022-11-12 23:35:00,2022,11,12,23,35,51,51141,Avenue du Docteur Justin Jolly,48.827513,4.527826,Nuit sans éclairage public,Hors agglomération,Hors intersection,Normale,Sans collision,4,2,2,0,2,1,1,0,1,80,1,2,0,0,0,2,18.0,,voiture,,3,1,1,1,7
202200024245,2022-01-27 03:30:00,2022,1,27,3,30,89,89171,A5,48.241604,3.484568,Nuit sans éclairage public,Hors agglomération,Hors intersection,Brouillard / fumée,Sans collision,1,1,4,0,1,1,2,0,3,130,1,1,0,0,1,0,62.0,,utilitaire_camion,,3,1,1,5,7
202200024246,2022-11-08 15:34:00,2022,11,8,15,34,91,91235,39 Rue Clément Ader,48.622145,2.355724,Plein jour,En agglomération,Autre intersection,Normale,Deux véhicules - côté,4,2,2,1,1,1,1,5,5,50,2,2,1,0,1,0,55.0,46.0,voiture,deux_roues,1,2,9,1,3
202200024247,2022-11-12 15:30:00,2022,11,12,15,30,41,41194,36 avenue de paris,47.370533,1.738403,Plein jour,En agglomération,Hors intersection,Normale,Autre collision,3,2,2,0,1,1,1,0,1,50,1,2,1,0,1,0,74.0,,voiture,,1,2,1,1,6
202200024248,2022-01-29 16:45:00,2022,1,29,16,45,38,38468,Route nationale 7,45.3364,4.804995,Plein jour,En agglomération,Hors intersection,Normale,Trois véhicules et plus - en chaîne,2,2,2,0,1,1,1,0,1,50,5,5,4,0,0,1,42.0,52.0,utilitaire_camion,voiture,1,2,1,1,4
202200024249,2022-11-12 22:45:00,2022,11,12,22,45,45,45092,144 Route des Brulys,47.97646,2.630002,Nuit avec éclairage non allumé,En agglomération,Hors intersection,Brouillard / fumée,Autre collision,4,2,2,0,1,1,1,0,3,50,1,3,1,0,2,0,22.0,,voiture,,4,2,1,5,6
202200024250,2022-01-29 16:50:00,2022,1,29,16,50,07,07245,10 Chemin de la Table du Roy,45.085068,4.818806,Plein jour,En agglomération,Intersection en X,Normale,Deux véhicules - frontale,4,2,2,0,1,1,1,0,1,30,2,3,1,0,2,0,59.0,16.0,voiture,deux_roues,1,2,2,1,1
202200024251,2022-11-13 15:00:00,2022,11,13,15,0,36,36004,RD922 PR 5+950,47.187809,1.791227,Plein jour,Hors agglomération,Intersection en X,Normale,Deux véhicules - frontale,3,2,2,0,3,1,1,0,1,80,2,2,1,0,1,0,56.0,17.0,voiture,deux_roues,1,1,2,1,1
202200024252,2022-01-25 14:25:00,2022,1,25,14,25,31,31433,Route d Espagne,43.5345701351,1.4093613625,Plein jour,En agglomération,Intersection en X,Normale,Deux véhicules - côté,3,3,2,0,1,1,1,5,1,50,2,2,1,0,1,0,57.0,47.0,deux_roues,voiture,1,2,2,1,3
202200024253,2022-11-13 15:00:00,2022,11,13,15,0,01,01446,,46.057978,4.84687,Plein jour,Hors agglomération,Hors intersection,Normale,Autre collision,3,2,2,0,1,1,1,0,3,80,1,1,0,0,1,0,21.0,,voiture,,1,1,1,1,6
202200024254,2022-01-28 17:10:00,2022,1,28,17,10,31,31417,Rue Principale,43.616947,1.279923,Plein jour,En agglomération,Giratoire,Normale,Deux véhicules - arrière,7,2,2,0,1,2,1,5,1,50,2,2,1,0,1,0,72.0,47.0,voiture,deux_roues,1,2,6,1,2
202200024255,2022-11-12 17:05:00,2022,11,12,17,5,14,14475,A84,49.123124,-0.57219,Plein jour,Hors agglomération,Hors intersection,Normale,Autre collision,1,3,2,0,1,1,1,0,3,130,1,2,1,0,0,1,54.0,,voiture,,1,1,1,1,6
202200024256,2022-01-29 14:20:00,2022,1,29,14,20,86,86115,56 Avenue de Paris,46.689128,0.387107,Plein jour,En agglomération,Hors intersection,Temps couvert,Autre collision,3,2,2,0,1,1,1,9,3,50,1,1,0,0,1,0,19.0,,voiture,,1,2,1,8,6
202200024257,2022-11-13 10:35:00,2022,11,13,10,35,71,71566,7 Place de la Halle,46.894922,5.024564,Plein jour,En agglomération,Hors intersection,Normale,Autre collision,4,-1, -1,0,1,1,1,0,4,50,1,3,2,1,0,0,84.0,,voiture,,1,2,1,1,6
202200024258,2022-01-29 00:30:00,2022,1,29,0,30,33,33256,Chemin du Roy,44.981359,-0.594576,Nuit sans éclairage public,Hors agglomération,Hors intersection,Pluie légère,Autre collision,3,2,2,0,1,1,2,0,3,80,1,1,0,0,1,0,21.0,,voiture,,3,1,1,2,6
202200024259,2022-01-29 10:50:00,2022,1,29,10,50,59,59659,Rue de Verdun,50.0179061385,4.0215754509,Plein jour,En agglomération,Hors intersection,Pluie légère,Deux véhicules - frontale,3,2,2,0,1,1,2,0,1,50,2,2,0,0,2,0,60.0,66.0,voiture,voiture,1,2,1,2,1
202200024260,2022-11-13 04:10:00,2022,11,13,4,10,83,83140,,43.405258,5.935889,Nuit sans éclairage public,Hors agglomération,Hors intersection,Normale,Deux véhicules - frontale,3,2,2,0,1,2,1,0,1,80,2,3,0,0,3,0,37.0,20.0,voiture,voiture,3,1,1,1,1
202200024261,2022-01-28 15:25:00,2022,1,28,15,25,59,59252,4996 ROUTE DE QUESNOY,50.687254,2.967262,Plein jour,Hors agglomération,Intersection en X,Normale,Deux véhicules - côté,7,2,2,0,1,1,1,0,1,50,2,2,1,0,0,1,79.0,48.0,deux_roues,voiture,1,1,2,1,3
202200024262,2022-11-13 00:00:00,2022,11,13,0,0,19,19036,La cipière,45.5685131661,1.7152190035,Nuit sans éclairage public,Hors agglomération,Hors intersection,Normale,Autre collision,3,2,2,0,1,3,1,0,3,90,1,2,1,0,1,0,19.0,,voiture,,3,1,1,1,6
202200024263,2022-01-28 12:20:00,2022,1,28,12,20,33,33075,ROCADE A 630,44.882268,-0.6233987,Plein jour,Hors agglomération,Hors intersection,Normale,Trois véhicules et plus - collisions multiples,1,3,6,0,1,1,1,3,1,90,4,6,2,0,0,4,47.0,37.0,voiture,voiture,1,1,1,1,5
202200024264,2022-11-13 13:40:00,2022,11,13,13,40,59,59666,D52,50.8990226897,2.3958456516,Plein jour,Hors agglomération,Intersection en T,Normale,Deux véhicules - côté,3,2,2,0,1,1,1,5,1,80,2,4,1,0,0,3,23.0,28.0,voiture,voiture,1,1,3,1,3
202200024265,2022-01-26 18:00:00,2022,1,26,18,0,59,59160,AUTOROUTE A2,50.4338554149,3.655872345,Nuit sans éclairage public,Hors agglomération,Hors intersection,Normale,Deux véhicules - arrière,1,-1,4,0,1,1,1,0,1,110,2,2,1,0,0,1,50.0,43.0,voiture,utilitaire_camion,3,1,1,1,2
202200024266,2022-11-07 09:20:00,2022,11,7,9,20,82,82137,losque,44.2583677794,1.8507070541,Plein jour,Hors agglomération,Hors intersection,Normale,Autre collision,3,2,2,0,2,1,1,0,1,80,1,1,0,0,1,0,74.0,,utilitaire_camion,,1,1,1,1,6
202200024267,2022-01-28 05:50:00,2022,1,28,5,50,92,92036,A86,48.93634,2.28934,Nuit avec éclairage allumé,Hors agglomération,Hors intersection,Normale,Autre collision,1,3,4,0,1,1,2,0,1,90,2,2,1,1,0,0,42.0,30.0,deux_roues,utilitaire_camion,5,1,1,1,6
202200024268,2022-11-12 18:00:00,2022,11,12,18,0,82,82125,Route de Brials,43.944229,1.290765,Nuit sans éclairage public,Hors agglomération,Hors intersection,Normale,Autre collision,4,2,2,0,1,1,1,0,1,80,1,1,0,0,1,0,48.0,,deux_roues,,3,1,1,1,6
202200024269,2022-01-27 06:55:00,2022,1,27,6,55,78,78206,A13,48.951306,1.942452,Nuit sans éclairage public,Hors agglomération,Hors intersection,Normale,Deux véhicules - arrière,1,3,3,0,1,1,1,0,1,110,2,2,1,0,1,0,51.0,31.0,utilitaire_camion,voiture,3,1,1,1,2
202200024270,2022-11-12 10:45:00,2022,11,12,10,45,63,63170,D941,45.8439620376,2.7519181823,Plein jour,Hors agglomération,Hors intersection,Normale,Sans collision,3,2,2,0,1,3,2,0,1,90,1,1,0,0,1,0,31.0,,deux_roues,,1,1,1,1,7
202200024271,2022-01-28 10:15:00,2022,1,28,10,15,93,93027,AUTOROUTE A86,48.92512,2.39279,Plein jour,Hors agglomération,Hors intersection,Normale,Deux véhicules - arrière,1,3,8,0,1,1,1,0,1,90,2,2,1,0,0,1,58.0,22.0,deux_roues,voiture,1,1,1,1,2
202200024272,2022-11-13 16:30:00,2022,11,13,16,30,63,63282,58 Avenue Guyot Dessaigne,45.621203,3.148477,Plein jour,En agglomération,Hors intersection,Normale,Autre collision,3,2,2,0,1,2,1,0,1,30,1,1,0,0,0,1,43.0,,deux_roues,,1,2,1,1,6
202200024273,2022-01-28 09:30:00,2022,1,28,9,30,93,93066,AUTOROUTE A1,48.9301577079,2.3642158907,Plein jour,Hors agglomération,Hors intersection,Pluie légère,Trois véhicules et plus - en chaîne,1,1,1,0,2,1,2,0,1,70,4,4,3,0,0,1,51.0,44.0,voiture,utilitaire_camion,1,1,1,2,4
202200024274,2022-11-12 18:00:00,2022,11,12,18,0,42,42314,Lieu Dit Empure,45.938826,3.780501,Nuit sans éclairage public,Hors agglomération,Intersection en T,Normale,Deux véhicules - frontale,3,2,2,0,3,2,1,0,1,80,2,2,0,0,0,2,32.0,71.0,voiture,voiture,3,1,3,1,1
202200024275,2022-01-27 07:13:00,2022,1,27,7,13,54,54547,HUITIEME REGIMENT D'ARTILLERIE,48.6673,6.18904,Nuit avec éclairage allumé,En agglomération,Intersection en T,Brouillard / fumée,Autre collision,4,2,2,0,2,2,2,0,1,50,1,2,1,0,0,1,42.0,,voiture,,5,2,3,5,6
202200024276,2022-09-16 13:45:00,2022,9,16,13,45,29,29189,47 rue Jean Fournier,48.367739,-4.371839,Plein jour,En agglomération,Giratoire,Normale,Deux véhicules - côté,4,2,2,0,1,2,1,5,1,50,2,2,1,0,1,0,82.0,81.0,deux_roues,voiture,1,2,6,1,3
202200024277,2022-01-27 11:25:00,2022,1,27,11,25,43,43157,2 Rue de Langlade,45.02195,3.88943,Plein jour,En agglomération,Intersection en T,Normale,Autre collision,4,2,2,0,1,3,1,5,1,50,1,2,1,0,0,1,57.0,,voiture,,1,2,3,1,6
202200024278,2022-11-12 16:50:00,2022,11,12,16,50,68,68309,Rue Werben,47.649258,7.45034,Crépuscule ou aube,Hors agglomération,Intersection en T,Normale,Deux véhicules - côté,4,2,2,0,2,1,1,0,8,5,2,3,2,0,0,1,25.0,20.0,deux_roues,voiture,2,1,3,1,3
202200024279,2022-01-27 20:15:00,2022,1,27,20,15,75,75113,AVENUE D IVRY,48.823327,2.36571,Nuit avec éclairage allumé,En agglomération,Intersection en T,Pluie légère,Deux véhicules - arrière,4,1,3,0,1,1,2,0,1,30,2,3,2,0,0,1,48.0,58.0,utilitaire_camion,deux_roues,5,2,3,2,2
202200024280,2022-11-12 19:00:00,2022,11,12,19,0,39,39112,,46.861975,5.460762,Nuit sans éclairage public,Hors agglomération,Hors intersection,Brouillard / fumée,Autre collision,3,2,2,0,1,1,2,0,8,90,1,1,0,0,1,0,39.0,,voiture,,3,1,1,5,6
202200024281,2022-11-13 01:50:00,2022,11,13,1,50,44,44220,Route de Nantes,47.19883,-1.85997,Nuit sans éclairage public,Hors agglomération,Hors intersection,Normale,Sans collision,3,2,2,0,1,3,1,0,1,80,1,4,2,0,1,1,19.0,,voiture,,3,1,1,1,7
202200024282,2022-01-27 14:46:00,2022,1,27,14,46,974,97416,DE VILLIERS 5CHEMIN ADAM),-21.30331,55.42406,Plein jour,Hors agglomération,Intersection en X,Normale,Deux véhicules - côté,4,3,6,3,1,1,1,0,6,50,2,3,2,0,0,1,21.0,16.0,voiture,deux_roues,1,1,2,1,3
202200024283,2022-11-12 16:10:00,2022,11,12,16,10,35,35283,D857,48.118828,-1.323928,Plein jour,Hors agglomération,Intersection en X,Temps éblouissant,Trois véhicules et plus - collisions multiples,3,2,2,0,1,1,1,0,1,80,3,7,6,0,0,1,63.0,38.0,voiture,voiture,1,1,2,7,5
202200024284,2022-01-27 22:00:00,2022,1,27,22,0,69,69386,226 Cours Lafayette,45.7637108377,4.8610156775,Nuit avec éclairage allumé,En agglomération,Hors intersection,Normale,Sans collision,4,1,1,1,1,1,1,9,8,50,1,1,0,0,0,1,59.0,,deux_roues,,5,2,1,1,7
202200024285,2022-11-12 06:30:00,2022,11,12,6,30,29,29193,Kergrach,48.542459,-4.086002,Nuit sans éclairage public,Hors agglomération,Hors intersection,Normale,Autre collision,3,2,2,0,1,3,1,0,3,80,1,2,0,0,1,1,41.0,,voiture,,3,1,1,1,6
202200024286,2022-01-27 13:00:00,2022,1,27,13,0,69,69388,Avenue Jean Mermoz,45.7343832245,4.8758161068,Plein jour,En agglomération,Intersection en X,Normale,Deux véhicules - côté,4,2,2,2,1,1,1,0,5,50,2,2,1,0,0,1,22.0,57.0,deux_roues,voiture,1,2,2,1,3
202200024287,2022-11-11 04:58:00,2022,11,11,4,58,31,31503,D817,43.145453,0.941498,Nuit sans éclairage public,Hors agglomération,Hors intersection,Brouillard / fumée,Autre collision,3,2,2,0,1,1,2,0,3,80,1,3,0,0,3,0,21.0,,voiture,,3,1,1,5,6
202200024288,2022-01-27 07:15:00,2022,1,27,7,15,69,69199,Rue Marcel Sembat,45.71002,4.84909,Nuit avec éclairage allumé,En agglomération,Intersection en X,Normale,Autre collision,4,2,2,2,1,1,1,0,1,50,1,3,1,0,2,0,24.0,,voiture,,5,2,2,1,6
202200024289,2022-11-12 18:55:00,2022,11,12,18,55,38,38284,RD 518 - Chemin des Blaches,45.410555,5.234545,Nuit sans éclairage public,Hors agglomération,Intersection en X,Normale,Deux véhicules - côté,3,2,2,0,2,2,1,0,1,80,2,3,0,0,2,1,29.0,44.0,voiture,deux_roues,3,1,2,1,3
202200024290,2022-01-27 19:35:00,2022,1,27,19,35,69,69389,3 Quai Paul Sédallian,45.79744,4.82905,Nuit avec éclairage allumé,En agglomération,Hors intersection,Normale,Trois véhicules et plus - en chaîne,4,2,2,2,1,1,1,0,1,50,3,4,2,0,0,2,51.0,23.0,voiture,voiture,5,2,1,1,4
202200024291,2022-11-12 01:20:00,2022,11,12,1,20,02,02810,Route Nationale 2,49.268533,3.136683,Nuit sans éclairage public,Hors agglomération,Hors intersection,Brouillard / fumée,Sans collision,2,3,4,0,1,1,2,0,1,110,1,1,0,0,0,1,54.0,,utilitaire_camion,,3,1,1,5,7
202200024292,2022-01-26 18:12:00,2022,1,26,18,12,95,95555,REPUBLIQUE (BOULEVARD DE LA),48.970543311,2.2829058766,Nuit avec éclairage allumé,En agglomération,Hors intersection,Normale,Autre collision,4,2,2,0,1,1,1,0,1,30,1,2,1,0,0,1,42.0,,transport_commun,,5,2,1,1,6
202200024293,2022-01-27 08:20:00,2022,1,27,8,20,91,91216,PARC (RUE),48.675033,2.318601,Plein jour,En agglomération,Hors intersection,Normale,Sans collision,4,2,2,0,1,1,1,0,1,50,1,2,1,0,0,1,86.0,,voiture,,1,2,1,1,7
202200024294,2022-11-13 01:46:00,2022,11,13,1,46,02,02207,14 Rue du Calvaire,49.643269,3.155973,Nuit sans éclairage public,En agglomération,Hors intersection,Normale,Autre collision,4,2,1,0,1,1,1,0,3,50,1,6,3,0,0,3,47.0,,voiture,,3,2,1,1,6
202200024295,2022-01-27 19:45:00,2022,1,27,19,45,91,91657,RUE DE LA LIBERTE,48.69818,2.41648,Nuit sans éclairage public,En agglomération,Intersection en T,Pluie légère,Autre collision,3,2,2,0,1,1,2,0,1,50,1,2,1,0,1,0,42.0,,voiture,,3,2,3,2,6
202200024296,2022-11-07 18:46:00,2022,11,7,18,46,84,84089,Route de la Tour D'Aigues,43.707349,5.516955,Nuit sans éclairage public,Hors agglomération,Hors intersection,Normale,Trois véhicules et plus - collisions multiples,3,2,2,0,1,1,1,0,1,80,3,4,2,1,0,1,45.0,52.0,voiture,deux_roues,3,1,1,1,5
202200024297,2022-01-26 12:20:00,2022,1,26,12,20,86,86194,Route de Gençay,46.567136,0.357402,Plein jour,En agglomération,Hors intersection,Normale,Trois véhicules et plus - en chaîne,4,2,3,0,1,1,1,0,1,50,3,3,1,0,0,2,60.0,40.0,voiture,voiture,1,2,1,1,4
202200024298,2022-11-12 16:45:00,2022,11,12,16,45,58,58198,D957,47.476492,3.435373,Plein jour,Hors agglomération,Hors intersection,Normale,Trois véhicules et plus - collisions multiples,3,2,2,0,1,2,1,0,1,80,3,4,3,1,0,0,50.0,44.0,voiture,voiture,1,1,1,1,5
202200024299,2022-01-26 18:35:00,2022,1,26,18,35,86,86194,Rue de Chaumont,46.554763,0.301894,Nuit avec éclairage non allumé,En agglomération,Hors intersection,Brouillard / fumée,Autre collision,4,2,2,0,1,1,1,0,1,50,1,2,1,0,0,1,36.0,,voiture,,4,2,1,5,6
202200024300,2022-11-12 12:00:00,2022,11,12,12,0,72,72225,rue de verger,48.347315,0.082923,Plein jour,En agglomération,Hors intersection,Normale,Deux véhicules - côté,3,2,2,0,2,1,1,0,1,50,2,2,1,0,0,1,15.0,60.0,deux_roues,voiture,1,2,1,1,3
202200024301,2022-01-27 07:25:00,2022,1,27,7,25,83,83137,CLEMENCEAU (BD GEORGES),43.12257,5.93933,Crépuscule ou aube,En agglomération,Hors intersection,Normale,Deux véhicules - côté,4,3,0,0,1,1,1,0,1,3,2,2,1,0,0,1,21.0,37.0,deux_roues,voiture,2,2,1,1,3
202200024302,2022-11-12 23:00:00,2022,11,12,23,0,14,14345,D511,48.975719,-0.079067,Nuit sans éclairage public,En agglomération,Hors intersection,Brouillard / fumée,Autre collision,3,2,2,0,2,3,1,0,1,50,1,1,0,0,1,0,41.0,,utilitaire_camion,,3,2,1,5,6
202200024303,2022-01-27 01:55:00,2022,1,27,1,55,83,83137,GOURAUD (AVE GENERAL),43.13495,5.91643,Nuit avec éclairage allumé,En agglomération,Intersection en X,Normale,Deux véhicules - côté,7,2,2,0,1,1,1,8,1,50,2,2,1,0,1,0,24.0,19.0,voiture,deux_roues,5,2,2,1,3
202200024304,2022-11-12 22:25:00,2022,11,12,22,25,14,14196,D65,49.31157,-0.54716,Nuit avec éclairage non allumé,En agglomération,Hors intersection,Normale,Autre collision,3,2,2,0,1,2,1,0,1,50,1,3,2,0,1,0,26.0,,voiture,,4,2,1,1,6
202200024305,2022-01-26 07:25:00,2022,1,26,7,25,83,83141,ARCS(ROUTE DES),43.4891,6.48364,Plein jour,Hors agglomération,Hors intersection,Normale,Autre collision,3,2,2,0,1,1,1,9,1,70,1,2,0,0,1,1,37.0,,voiture,,1,1,1,1,6