accident_id,datetime,annee,mois,jour,heure,minute,departement,commune_insee,adresse,latitude,longitude,luminosite,agglomeration,intersection,meteo,collision,catr,circ,nbv,vosp,prof,plan,surf,infra,situ,vma,nb_vehicules,nb_usagers,nb_indemnes,nb_tues,nb_blesses_hosp,nb_blesses_legers,age_cond_1,age_cond_2,veh_type_cond_1,veh_type_cond_2,lum_code,agg_code,int_code,atm_code,col_code
202200024306,2022-01-27 21:30:00,2022,1,27,21,30,81,81004,ROCADE RN88 NORD,43.95131,2.15568,Nuit sans éclairage public,En agglomération,Hors intersection,Brouillard / fumée,Sans collision,2,1,1,0,1,3,1,0,3,90,1,1,0,0,0,1,26.0,,voiture,,3,2,1,5,7
202200024307,2022-01-27 19:00:00,2022,1,27,19,0,78,78418,ONZE NOVEMBRE 1918 (RUE DU),48.919469,2.152995,Nuit sans éclairage public,Hors agglomération,Giratoire,Pluie légère,Deux véhicules - côté,4,2,0,0,1,3,2,0,1,70,2,2,1,0,0,1,24.0,67.0,utilitaire_camion,voiture,3,1,6,2,3
202200024308,2022-11-11 13:50:00,2022,11,11,13,50,05,05124,1795 Route de La Rochette,44.585707,6.135285,Plein jour,Hors agglomération,Intersection en Y,Normale,Deux véhicules - arrière,3,2,2,0,1,4,1,0,1,80,2,2,1,0,1,0,31.0,22.0,utilitaire_camion,deux_roues,1,1,4,1,2
202200024309,2022-01-27 05:55:00,2022,1,27,5,55,78,78609,CD 28,49.02878,1.9278,Nuit sans éclairage public,Hors agglomération,Hors intersection,Normale,Deux véhicules - frontale,3,3,2,0,1,1,1,0,1,70,2,2,1,0,1,0,60.0,47.0,utilitaire_camion,utilitaire_camion,3,1,1,1,1
202200024310,2022-11-13 07:40:00,2022,11,13,7,40,83,83060,Route départementale 32,43.591962,6.077896,Crépuscule ou aube,Hors agglomération,Hors intersection,Normale,Autre collision,3,2,2,0,1,1,1,0,3,80,1,1,0,0,1,0,19.0,,voiture,,2,1,1,1,6
202200024311,2022-11-11 20:44:00,2022,11,11,20,44,09,09296,N20,42.798518,1.664182,Nuit avec éclairage allumé,En agglomération,Hors intersection,Normale,Sans collision,2,2,2,0,1,1,1,0,1,50,1,2,0,0,0,2,53.0,,voiture,,5,2,1,1,7
202200024312,2022-01-26 18:20:00,2022,1,26,18,20,77,77377,D471,48.723424,2.698875,Crépuscule ou aube,Hors agglomération,Hors intersection,Normale,Trois véhicules et plus - collisions multiples,3,3,2,0,1,1,1,0,1,80,4,4,2,0,1,1,31.0,42.0,utilitaire_camion,voiture,2,1,1,1,5
202200024313,2022-11-12 14:50:00,2022,11,12,14,50,43,43051,Route de Tence,45.059828,4.300852,Plein jour,En agglomération,Hors intersection,Normale,Autre collision,3,2,2,0,1,2,1,0,1,50,2,2,1,0,1,0,17.0,77.0,deux_roues,deux_roues,1,2,1,1,6
202200024314,2022-01-27 20:20:00,2022,1,27,20,20,77,77307,AV FRANCOIS MITTERRAND,48.86704,2.75952,Nuit avec éclairage allumé,En agglomération,Giratoire,Pluie légère,Autre collision,4,2,2,0,1,1,2,0,1,50,1,2,1,0,0,1,55.0,,voiture,,5,2,6,2,6
202200024315,2022-11-12 19:05:00,2022,11,12,19,5,10,10404,D67,48.038578,4.582093,Nuit sans éclairage public,Hors agglomération,Hors intersection,Brouillard / fumée,Sans collision,3,2,2,0,1,1,3,0,8,80,1,1,0,0,1,0,33.0,,voiture,,3,1,1,5,7
202200024316,2022-01-27 12:50:00,2022,1,27,12,50,76,76108,Route de Darnetal,49.46951,1.12561,Plein jour,En agglomération,Hors intersection,Normale,Autre collision,4,2,2,0,1,1,1,-1,1,50,1,2,1,0,1,0,48.0,,utilitaire_camion,,1,2,1,1,6
202200024317,2022-11-12 14:00:00,2022,11,12,14,0,36,36007,Route de Pellevoisin,46.952783,1.432791,Plein jour,Hors agglomération,Intersection en X,Normale,Deux véhicules - côté,3,2,2,0,1,1,1,0,1,80,2,2,1,0,0,1,20.0,71.0,voiture,deux_roues,1,1,2,1,3
202200024318,2022-01-25 07:10:00,2022,1,25,7,10,76,76351,route de l'estuaire,49.46671,0.18059,Nuit avec éclairage allumé,En agglomération,Giratoire,Normale,Deux véhicules - arrière,4,2,2,0,1,1,2,0,1,50,2,2,1,0,0,1,,20.0,voiture,voiture,5,2,6,1,2
202200024319,2022-01-27 16:35:00,2022,1,27,16,35,76,76565,D915,49.8913,1.08158,Plein jour,Hors agglomération,Hors intersection,Pluie légère,Deux véhicules - arrière,3,2,2,0,1,1,2,0,1,80,2,3,2,0,0,1,22.0,36.0,voiture,voiture,1,1,1,2,2
202200024320,2022-11-12 15:59:00,2022,11,12,15,59,85,85246,D47,46.732781,-1.207984,Plein jour,Hors agglomération,Hors intersection,Autre,Autre collision,3,2,2,0,1,1,2,0,1,80,1,1,0,0,0,1,15.0,,deux_roues,,1,1,1,9,6
202200024321,2022-01-27 15:17:00,2022,1,27,15,17,74,74305,DAVID (RUE FERNAND),46.21066,6.25864,Plein jour,Hors agglomération,Hors intersection,Normale,Deux véhicules - frontale,4,2,2,0,1,1,1,0,1,80,2,2,0,0,0,2,36.0,24.0,voiture,voiture,1,1,1,1,1
202200024322,2022-01-27 08:45:00,2022,1,27,8,45,73,73065,MIREMONT (CHEMIN DE),45.5592951838,5.9207924009,Plein jour,En agglomération,Hors intersection,Normale,Deux véhicules - frontale,4,2,2,0,2,2,1,0,1,50,2,2,1,0,0,1,24.0,,deux_roues,utilitaire_camion,1,2,1,1,1
202200024323,2022-11-12 06:19:00,2022,11,12,6,19,17,17186,d115,46.182757,-0.855389,Nuit sans éclairage public,Hors agglomération,Giratoire,Normale,Sans collision,3,2,2,0,1,3,1,0,1,80,1,4,1,0,1,2,24.0,,voiture,,3,1,6,1,7
202200024324,2022-01-27 09:25:00,2022,1,27,9,25,72,72181,MAILLETS (RUE DES) N° PAIRS 14 ET >,48.01568,0.21382,Plein jour,En agglomération,Hors intersection,Normale,Autre collision,4,3,2,2,1,1,1,0,1,50,1,2,1,0,0,1,30.0,,voiture,,1,2,1,1,6
202200024325,2022-11-10 12:10:00,2022,11,10,12,10,01,01319,CARREFOUR D27/D82,46.060844,4.946852,Plein jour,Hors agglomération,Intersection en X,Normale,Deux véhicules - côté,3,2,2,0,1,1,1,0,1,80,2,2,1,0,1,0,36.0,52.0,utilitaire_camion,voiture,1,1,2,1,3
202200024326,2022-01-27 08:00:00,2022,1,27,8,0,72,72181,DIESEL RODOLPHE (RUE),47.98508,0.22533,Nuit avec éclairage allumé,En agglomération,Hors intersection,Normale,Deux véhicules - côté,4,2,2,0,2,1,1,0,1,50,2,2,1,0,0,1,17.0,26.0,deux_roues,voiture,5,2,1,1,3
202200024327,2022-11-13 05:33:00,2022,11,13,5,33,38,38557,"Autoroute A 432, PK 019+500 sens VILLEFRANCHE / MARSEILLE",45.777042,5.082378,Nuit sans éclairage public,Hors agglomération,Hors intersection,Brouillard / fumée,Deux véhicules - arrière,1,3,4,0,1,1,1,0,1,130,2,3,1,0,1,1,34.0,57.0,voiture,voiture,3,1,1,5,2
202200024328,2022-11-12 18:30:00,2022,11,12,18,30,55,55236,AUTOROUTE A4 - PK 255.100,49.107843,5.428791,Nuit sans éclairage public,Hors agglomération,Hors intersection,Brouillard / fumée,Autre collision,1,3,4,0,4,1,1,0,1,130,1,2,1,1,0,0,54.0,,transport_commun,,3,1,1,5,6
202200024329,2022-01-26 09:40:00,2022,1,26,9,40,71,71540,Rond-Point du Vieux Saule,46.76759,4.45305,Plein jour,Hors agglomération,Giratoire,Normale,Deux véhicules - arrière,3,2,2,0,1,1,1,5,1,70,2,2,1,0,0,1,62.0,66.0,voiture,voiture,1,1,6,1,2
202200024330,2022-11-13 15:05:00,2022,11,13,15,5,78,78537,Péage - Autoroute A10 pk 024+170 en direction de PARIS,48.552449,1.927902,Plein jour,Hors agglomération,Hors intersection,Normale,Autre collision,1,3,0,0,1,1,1,7,1,90,1,4,0,0,3,1,77.0,,voiture,,1,1,1,1,6
202200024331,2022-01-27 19:45:00,2022,1,27,19,45,69,69266,Rue Louis Braille,45.75969,4.88226,Nuit avec éclairage non allumé,En agglomération,Intersection en X,Normale,Deux véhicules - côté,4,1,1,0,1,1,1,0,1,50,2,3,2,0,0,1,24.0,36.0,voiture,deux_roues,4,2,2,1,3
202200024332,2022-11-14 03:30:00,2022,11,14,3,30,988,98831,Tribu de TIETA,-20.921387,164.745269,Nuit sans éclairage public,En agglomération,Hors intersection,Normale,Autre collision,2,2,2,0,4,3,1,0,1,50,1,2,1,1,0,0,34.0,,voiture,,3,2,1,1,6
202200024333,2022-01-27 08:30:00,2022,1,27,8,30,69,69266,45 Rue Docteur Ollier,45.76615,4.88296,Plein jour,En agglomération,Hors intersection,Normale,Autre collision,4,1,1,0,1,1,1,0,1,50,1,2,1,0,0,1,35.0,,voiture,,1,2,1,1,6
202200024334,2022-11-12 04:35:00,2022,11,12,4,35,11,11266,D6139,43.026141,3.010297,Nuit sans éclairage public,Hors agglomération,Hors intersection,Normale,Deux véhicules - arrière,3,3,4,0,1,1,1,0,1,90,2,2,1,0,1,0,32.0,18.0,utilitaire_camion,deux_roues,3,1,1,1,2
202200024335,2022-11-12 16:00:00,2022,11,12,16,0,06,06003,RD5 PK36.500,43.813209,6.803219,Plein jour,Hors agglomération,Hors intersection,Normale,Sans collision,3,2,2,0,3,2,1,0,3,80,1,1,0,0,0,1,54.0,,deux_roues,,1,1,1,1,7
202200024336,2022-11-13 07:50:00,2022,11,13,7,50,13,13084,D561,43.721986,5.300517,Crépuscule ou aube,Hors agglomération,Hors intersection,Normale,Autre collision,3,2,2,3,1,1,1,2,8,80,1,2,0,0,1,1,25.0,,voiture,,2,1,1,1,6
202200024337,2022-11-12 02:30:00,2022,11,12,2,30,57,57261,D84,49.0521882235,7.2376593947,Nuit sans éclairage public,Hors agglomération,Hors intersection,Brouillard / fumée,Autre collision,3,2,2,0,1,1,2,9,3,80,1,1,0,0,1,0,20.0,,voiture,,3,1,1,5,6
202200024338,2022-11-12 19:10:00,2022,11,12,19,10,57,57030,Rue Saint Arnould,48.99566,6.058729,Nuit avec éclairage allumé,En agglomération,Hors intersection,Brouillard / fumée,Deux véhicules - frontale,4,2,1,0,1,1,2,0,1,50,1,3,2,0,1,0,66.0,,voiture,,5,2,1,5,1
202200024339,2022-11-09 10:45:00,2022,11,9,10,45,26,26064,D68,44.913216,5.019947,Plein jour,Hors agglomération,Giratoire,Pluie forte,Deux véhicules - arrière,3,2,2,0,1,2,2,0,1,80,2,2,1,0,1,0,80.0,29.0,voiture,deux_roues,1,1,6,3,2
202200024340,2022-11-13 14:05:00,2022,11,13,14,5,85,85296,rue de la laurière,46.897592,-0.839231,Plein jour,Hors agglomération,Hors intersection,Normale,Trois véhicules et plus - collisions multiples,4,2,2,0,2,3,1,0,1,80,3,3,1,0,2,0,15.0,15.0,deux_roues,deux_roues,1,1,1,1,5
202200024341,2022-11-12 19:10:00,2022,11,12,19,10,22,22198,Route du Radôme,48.78155,-3.526579,Nuit sans éclairage public,Hors agglomération,Hors intersection,Normale,Deux véhicules - frontale,3,2,2,0,1,1,1,0,1,80,1,1,0,0,0,1,18.0,,deux_roues,,3,1,1,1,1
202200024342,2022-11-12 06:30:00,2022,11,12,6,30,76,76557,Route du Havre,49.5250876286,0.7118153572,Nuit sans éclairage public,Hors agglomération,Hors intersection,Brouillard / fumée,Autre collision,3,2,2,0,1,1,1,0,1,50,1,3,1,0,0,2,21.0,,voiture,,3,1,1,5,6
202200024343,2022-11-13 15:25:00,2022,11,13,15,25,80,80721,Rue de Neuville,50.181038,1.633331,Plein jour,En agglomération,Hors intersection,Normale,Autre collision,4,2,2,0,1,1,1,0,4,30,1,2,0,1,0,1,24.0,,deux_roues,,1,2,1,1,6
202200024344,2022-11-13 15:55:00,2022,11,13,15,55,62,62865,D950,50.334244,2.954925,Plein jour,Hors agglomération,Hors intersection,Normale,Autre collision,3,3,4,0,1,1,1,0,3,110,1,2,0,0,0,2,22.0,,voiture,,1,1,1,1,6
202200024345,2022-07-11 12:45:00,2022,7,11,12,45,39,39268,,46.987615,5.883232,Plein jour,Hors agglomération,Hors intersection,Normale,Sans collision,9,-1,2,0,2,2,1,0,1,-1,1,1,0,1,0,0,66.0,,utilitaire_camion,,1,1,1,1,7
202200024346,2022-07-23 04:45:00,2022,7,23,4,45,39,39320,,46.565824,5.416389,Nuit sans éclairage public,Hors agglomération,Hors intersection,Normale,Deux véhicules - frontale,3,2,2,0,2,1,2,0,1,90,2,2,1,0,1,0,52.0,37.0,voiture,utilitaire_camion,3,1,1,1,1
202200024347,2022-05-21 21:15:00,2022,5,21,21,15,51,51231,Rue de Chivette,48.9797721925,4.4706442952,Crépuscule ou aube,En agglomération,Intersection en T,Normale,Deux véhicules - côté,4,2,2,0,2,1,1,0,1,50,2,3,1,0,0,2,31.0,18.0,utilitaire_camion,deux_roues,2,2,3,1,3
202200024348,2022-07-24 15:45:00,2022,7,24,15,45,25,25001,D105 Nevoui,47.136857,5.880277,Plein jour,Hors agglomération,Hors intersection,Normale,Deux véhicules - arrière,3,2,2,0,3,2,1,0,1,80,2,3,2,0,1,0,63.0,51.0,voiture,deux_roues,1,1,1,1,2
202200024349,2022-07-24 01:15:00,2022,7,24,1,15,29,29260,Rue Joseph le Velly,48.435124,-4.620416,Nuit avec éclairage non allumé,En agglomération,Hors intersection,Normale,Sans collision,4,3,2,0,1,1,1,0,1,50,1,1,0,0,0,1,38.0,,deux_roues,,4,2,1,1,7
202200024350,2022-05-23 14:30:00,2022,5,23,14,30,59,59325,Chaussée Brunehaut,50.2228106669,3.6865568161,Plein jour,Hors agglomération,Hors intersection,Pluie légère,Deux véhicules - arrière,3,2,2,0,1,1,8,0,1,80,2,2,0,0,1,1,55.0,29.0,utilitaire_camion,utilitaire_camion,1,1,1,2,2
202200024351,2022-11-12 17:05:00,2022,11,12,17,5,13,13005,A501-Sens Pont de l' Etoile vers Aubagne,43.3202537951,5.5929557744,Plein jour,Hors agglomération,Hors intersection,Normale,Deux véhicules - arrière,1,1,2,0,1,1,1,0,1,90,2,6,1,0,0,5,32.0,43.0,voiture,utilitaire_camion,1,1,1,1,2
202200024352,2022-05-20 07:05:00,2022,5,20,7,5,56,56067,16 Rue du Général de Gaulle,47.759035,-2.846848,Crépuscule ou aube,En agglomération,Hors intersection,Normale,Autre collision,3,2,2,0,1,1,1,0,1,50,1,1,0,1,0,0,81.0,,voiture,,2,2,1,1,6
202200024353,2022-07-25 19:00:00,2022,7,25,19,0,29,29003,Rue de Verdun,48.0151697752,-4.5486075282,Plein jour,En agglomération,Hors intersection,Normale,Deux véhicules - frontale,4,2,1,0,1,3,1,0,1,50,2,2,1,0,0,1,20.0,15.0,voiture,deux_roues,1,2,1,1,1
202200024354,2022-05-24 12:55:00,2022,5,24,12,55,74,74096,Route des Dronières,46.037113,6.131616,Plein jour,Hors agglomération,Hors intersection,Normale,Autre collision,4,2,2,0,2,2,1,9,3,50,1,2,1,0,0,1,19.0,,voiture,,1,1,1,1,6
202200024355,2022-07-24 19:50:00,2022,7,24,19,50,38,38222,Côte d'Ainan (Arrêt de bus),45.442081,5.617029,Plein jour,En agglomération,Hors intersection,Normale,Autre collision,3,2,2,0,1,1,1,0,8,30,1,2,0,0,1,1,19.0,,voiture,,1,2,1,1,6
202200024356,2022-07-24 10:35:00,2022,7,24,10,35,01,01375,Route de la Perrette,46.283584,5.117951,Plein jour,En agglomération,Hors intersection,Normale,Sans collision,4,2,2,0,4,1,1,0,1,50,1,1,0,0,1,0,65.0,,deux_roues,,1,2,1,1,7
202200024357,2022-05-22 14:40:00,2022,5,22,14,40,74,74108,Rte d Albertville,45.827719,6.202281,Plein jour,En agglomération,Hors intersection,Normale,Deux véhicules - arrière,3,2,2,0,1,1,1,0,1,50,2,4,3,0,0,1,35.0,54.0,voiture,deux_roues,1,2,1,1,2
202200024358,2022-07-24 09:50:00,2022,7,24,9,50,70,70096,RN 19,47.591462,6.797855,Plein jour,Hors agglomération,Hors intersection,Normale,Deux véhicules - frontale,2,2,2,0,1,1,1,0,1,90,2,3,2,0,1,0,44.0,20.0,utilitaire_camion,voiture,1,1,1,1,1
202200024359,2022-05-23 13:40:00,2022,5,23,13,40,79,79213,Route de Saint-Maixent,46.624788,-0.241463,Plein jour,Hors agglomération,Hors intersection,Normale,Trois véhicules et plus - en chaîne,3,2,2,0,1,3,1,0,1,90,3,3,2,0,1,0,21.0,49.0,voiture,utilitaire_camion,1,1,1,1,4
202200024360,2022-07-25 13:00:00,2022,7,25,13,0,06,06163,RD 6204 PR21 + 780,44.032256,7.581795,Plein jour,Hors agglomération,Hors intersection,Normale,Deux véhicules - frontale,3,2,2,0,1,2,1,0,1,70,2,2,1,0,0,1,38.0,24.0,voiture,deux_roues,1,1,1,1,1
202200024361,2022-11-11 19:45:00,2022,11,11,19,45,91,91216,AUTOROUTE A6,48.68058,2.33161,Nuit sans éclairage public,Hors agglomération,Hors intersection,Normale,Trois véhicules et plus - en chaîne,1,-1,3,0,1,1,1,0,1,110,4,4,3,0,0,1,49.0,52.0,utilitaire_camion,voiture,3,1,1,1,4
202200024362,2022-07-12 13:50:00,2022,7,12,13,50,64,64558,D137,43.428388,-1.453843,Plein jour,Hors agglomération,Hors intersection,Normale,Sans collision,3,2,2,0,1,1,1,0,1,80,1,2,0,0,0,2,14.0,,deux_roues,,1,1,1,1,7
202200024363,2022-05-22 08:45:00,2022,5,22,8,45,79,79008,,46.768293,-0.316801,Plein jour,Hors agglomération,Hors intersection,Normale,Deux véhicules - frontale,2,2,2,0,1,1,1,0,1,80,2,3,0,0,1,2,19.0,55.0,voiture,voiture,1,1,1,1,1
202200024364,2022-05-19 21:15:00,2022,5,19,21,15,80,80696,63 Rue de la Chaussée,49.82182,2.31846,Plein jour,En agglomération,Hors intersection,Normale,Sans collision,3,2,2,0,1,1,1,0,1,50,1,1,0,0,0,1,45.0,,deux_roues,,1,2,1,1,7
202200024365,2022-07-24 22:14:00,2022,7,24,22,14,21,21512,D974 PR 2+100,46.9417211678,4.7594874178,Nuit avec éclairage allumé,Hors agglomération,Hors intersection,Normale,Deux véhicules - arrière,3,2,2,0,1,1,1,0,1,70,2,4,3,1,0,0,33.0,52.0,deux_roues,voiture,5,1,1,1,2
202200024366,2022-05-17 17:30:00,2022,5,17,17,30,82,82079,Chemin de Seguin,43.938843,1.338843,Plein jour,Hors agglomération,Hors intersection,Normale,Autre collision,4,2,2,0,1,3,1,0,1,80,1,1,0,0,1,0,15.0,,deux_roues,,1,1,1,1,6
202200024367,2022-07-11 07:50:00,2022,7,11,7,50,04,04122,RN 85,44.033659,6.097535,Plein jour,Hors agglomération,Hors intersection,Normale,Trois véhicules et plus - collisions multiples,2,2,2,0,1,1,1,0,1,80,3,3,2,0,0,1,46.0,21.0,voiture,voiture,1,1,1,1,5
202200024368,2022-11-11 08:00:00,2022,11,11,8,0,78,78217,A13,48.965568,1.807906,Plein jour,Hors agglomération,Hors intersection,Normale,Autre collision,1,3,3,0,1,1,1,0,1,130,1,1,0,0,0,1,24.0,,voiture,,1,1,1,1,6
202200024369,2022-05-24 19:15:00,2022,5,24,19,15,63,63210,Route du Pont de Crevant Goslard,45.921005,3.34376,Plein jour,En agglomération,Hors intersection,Pluie légère,Deux véhicules - côté,3,2,2,0,1,3,2,0,1,50,2,3,0,0,1,2,31.0,23.0,voiture,voiture,1,2,1,2,3
202200024370,2022-07-22 19:15:00,2022,7,22,19,15,30,30023,D40,43.783039,4.130462,Plein jour,Hors agglomération,Hors intersection,Normale,Deux véhicules - frontale,3,2,2,0,1,1,1,0,1,80,2,3,1,0,1,1,37.0,38.0,voiture,voiture,1,1,1,1,1
202200024371,2022-07-25 16:10:00,2022,7,25,16,10,49,49301,RD 753 PK17.200,47.02778,-1.098461,Plein jour,Hors agglomération,Hors intersection,Normale,Deux véhicules - frontale,3,2,2,0,1,1,1,0,1,90,2,2,1,1,0,0,45.0,58.0,utilitaire_camion,voiture,1,1,1,1,1
202200024372,2022-05-22 17:00:00,2022,5,22,17,0,63,63010,56 route nationale / rue des usines,45.4191657515,3.7246575952,Plein jour,En agglomération,Intersection en T,Normale,Deux véhicules - côté,3,2,2,0,2,1,1,0,1,50,2,3,1,0,0,2,77.0,85.0,voiture,voiture,1,2,3,1,3
202200024373,2022-07-24 20:24:00,2022,7,24,20,24,10,10213,A5,48.1826464673,4.4131190935,Plein jour,Hors agglomération,Hors intersection,Normale,Sans collision,1,3,4,0,4,1,1,0,8,130,1,2,1,1,0,0,61.0,,voiture,,1,1,1,1,7
202200024374,2022-05-21 21:30:00,2022,5,21,21,30,61,61421,L Etre Brault,48.538361,-0.731514,Plein jour,Hors agglomération,Hors intersection,Pluie légère,Sans collision,3,3,2,0,1,1,2,0,8,90,1,1,0,1,0,0,26.0,,deux_roues,,1,1,1,2,7
202200024375,2022-11-11 12:10:00,2022,11,11,12,10,95,95252, A15,48.97855,2.23056,Plein jour,Hors agglomération,Hors intersection,Normale,Deux véhicules - arrière,1,3,8,0,2,1,1,0,1,110,2,2,1,0,0,1,32.0,54.0,utilitaire_camion,utilitaire_camion,1,1,1,1,2
202200024376,2022-07-24 20:20:00,2022,7,24,20,20,973,97309,,4.892759,-52.256502,Nuit sans éclairage public,Hors agglomération,Hors intersection,Normale,Sans collision,3,-1,2,0,1,1,1,0,3,-1,1,2,0,0,2,0,35.0,,voiture,,3,1,1,1,7
202200024377,2022-05-23 18:15:00,2022,5,23,18,15,61,61473,D916,48.699954,-0.151877,Plein jour,Hors agglomération,Intersection en Y,Pluie forte,Deux véhicules - arrière,3,2,2,0,1,1,2,0,1,90,2,2,1,0,0,1,38.0,24.0,voiture,voiture,1,1,4,3,2
202200024378,2022-07-25 19:05:00,2022,7,25,19,5,06,06018,465 Route de la Mer,43.625034,7.101096,Plein jour,En agglomération,Autre intersection,Normale,Deux véhicules - arrière,3,2,2,0,1,2,1,0,1,50,2,2,1,0,1,0,22.0,27.0,voiture,deux_roues,1,2,9,1,2
202200024379,2022-05-24 12:00:00,2022,5,24,12,0,61,61062,D245,48.835169,-0.063772,Plein jour,Hors agglomération,Hors intersection,Normale,Autre collision,3,2,2,0,1,4,1,0,3,90,1,1,0,0,1,0,38.0,,voiture,,1,1,1,1,6
202200024380,2022-04-23 17:00:00,2022,4,23,17,0,49,49261,32 Rue des Ligeriens (Chênehutte-Trèves-Cunault),47.334111,-0.20668,Plein jour,Hors agglomération,Hors intersection,Pluie forte,Sans collision,3,2,2,0,1,2,2,0,8,80,1,1,0,0,1,0,73.0,,voiture,,1,1,1,3,7
202200024381,2022-07-22 07:40:00,2022,7,22,7,40,42,42256,D8,45.513001,4.192185,Plein jour,Hors agglomération,Giratoire,Normale,Deux véhicules - côté,3,1,2,0,1,2,1,0,1,80,2,2,1,0,0,1,35.0,38.0,voiture,deux_roues,1,1,6,1,3
202200024382,2022-05-24 12:50:00,2022,5,24,12,50,42,42092,Route des Brossettes,45.500113,4.38524,Plein jour,Hors agglomération,Hors intersection,Normale,Sans collision,7,2,2,0,2,1,1,0,3,80,1,1,0,0,1,0,52.0,,deux_roues,,1,1,1,1,7
202200024383,2022-11-10 09:45:00,2022,11,10,9,45,75,75120,PORTE D ASNIERES,48.864274,2.413499,Plein jour,En agglomération,Hors intersection,Normale,Deux véhicules - côté,4,1,4,0,1,1,1,0,1,70,2,3,2,0,0,1,46.0,23.0,voiture,deux_roues,1,2,1,1,3
202200024384,2022-07-25 07:25:00,2022,7,25,7,25,33,33122,299bis Avenue Saint-Jacques de Compostelle,44.680745,-0.724965,Plein jour,Hors agglomération,Hors intersection,Normale,Autre collision,3,2,2,0,1,1,1,0,3,80,1,1,0,0,1,0,22.0,,utilitaire_camion,,1,1,1,1,6
202200024385,2022-05-22 20:45:00,2022,5,22,20,45,47,47325,D300,44.359973,0.277963,Plein jour,Hors agglomération,Hors intersection,Normale,Autre collision,3,2,2,0,1,1,1,0,8,80,1,1,0,0,1,0,40.0,,voiture,,1,1,1,1,6
202200024386,2022-05-23 22:25:00,2022,5,23,22,25,47,47216,Lafite,44.5203899951,0.2783797691,Nuit sans éclairage public,Hors agglomération,Hors intersection,Pluie forte,Autre collision,3,2,2,0,1,1,2,0,3,80,1,1,0,1,0,0,44.0,,voiture,,3,1,1,3,6
202200024387,2022-07-23 01:00:00,2022,7,23,1,0,42,42098,Route de Lyon,45.942024,4.2684,Nuit avec éclairage allumé,Hors agglomération,Intersection en X,Normale,Deux véhicules - côté,2,2,2,0,1,1,2,5,1,80,2,6,5,0,0,1,18.0,61.0,voiture,utilitaire_camion,5,1,2,1,3
202200024388,2022-07-23 04:00:00,2022,7,23,4,0,971,97103,Nationale 1,16.251825,-61.587022,Nuit avec éclairage allumé,Hors agglomération,Hors intersection,Normale,Autre collision,2,3,2,0,1,1,1,3,1,90,1,1,0,0,1,0,40.0,,deux_roues,,5,1,1,1,6
202200024389,2022-05-20 12:45:00,2022,5,20,12,45,34,34173,D122,43.732689,3.492429,Plein jour,Hors agglomération,Hors intersection,Normale,Deux véhicules - frontale,3,2,1,0,2,3,1,0,1,80,2,2,1,0,1,0,34.0,45.0,utilitaire_camion,deux_roues,1,1,1,1,1
202200024390,2022-07-24 13:00:00,2022,7,24,13,0,987,98729,PK 26.500 C/MER HAAPITI,-17.577,-150.202,Plein jour,En agglomération,Hors intersection,Normale,Deux véhicules - frontale,2,2,2,0,1,3,1,2,3,40,1,1,0,0,1,0,42.0,,deux_roues,,1,2,1,1,1
202200024391,2022-05-23 08:30:00,2022,5,23,8,30,34,34194,D609,43.5569164344,3.4691435917,Crépuscule ou aube,Hors agglomération,Hors intersection,Normale,Autre collision,3,2,2,0,1,1,1,0,3,80,1,1,0,1,0,0,47.0,,voiture,,2,1,1,1,6
202200024392,2022-07-24 11:30:00,2022,7,24,11,30,2B,2B335,T10,42.336441,9.535988,Plein jour,Hors agglomération,Intersection en X,Normale,Deux véhicules - arrière,2,2,2,0,1,1,1,0,1,80,2,3,2,0,0,1,38.0,52.0,voiture,deux_roues,1,1,2,1,2
202200024393,2022-11-10 08:50:00,2022,11,10,8,50,75,75120,PORTE DE BAGNOLET,48.869643,2.413267,Plein jour,En agglomération,Hors intersection,Normale,Deux véhicules - côté,4,1,4,0,1,1,1,0,1,70,2,2,1,0,0,1,27.0,34.0,voiture,deux_roues,1,2,1,1,3
202200024394,2022-05-22 12:15:00,2022,5,22,12,15,34,34142,Avenue du Général de Gaulle,43.7257436478,3.3225043253,Plein jour,En agglomération,Intersection en X,Normale,Deux véhicules - côté,3,2,2,0,1,1,1,5,1,30,2,2,1,0,0,1,30.0,28.0,voiture,voiture,1,2,2,1,3
202200024395,2022-07-24 11:00:00,2022,7,24,11,0,2B,2B205,Départmentale 80,42.704791,9.343872,Plein jour,Hors agglomération,Hors intersection,Temps éblouissant,Trois véhicules et plus - collisions multiples,3,2,2,0,1,1,1,0,1,80,2,3,2,0,1,0,45.0,77.0,voiture,deux_roues,1,1,1,7,5
202200024396,2022-07-24 15:40:00,2022,7,24,15,40,30,30297,,44.11826,3.486164,Plein jour,Hors agglomération,Hors intersection,Normale,Sans collision,3,2,2,0,1,3,1,0,1,80,1,1,0,0,1,0,50.0,,deux_roues,,1,1,1,1,7
202200024397,2022-05-20 23:30:00,2022,5,20,23,30,68,68325,38 Rue de Waldighoffen,47.547922,7.327376,Nuit avec éclairage allumé,En agglomération,Hors intersection,Normale,Deux véhicules - côté,3,2,2,0,1,1,1,0,1,-1,2,3,1,0,0,2,66.0,17.0,voiture,deux_roues,5,2,1,1,3