accident_id,datetime,annee,mois,jour,heure,minute,departement,commune_insee,adresse,latitude,longitude,luminosite,agglomeration,intersection,meteo,collision,catr,circ,nbv,vosp,prof,plan,surf,infra,situ,vma,nb_vehicules,nb_usagers,nb_indemnes,nb_tues,nb_blesses_hosp,nb_blesses_legers,age_cond_1,age_cond_2,veh_type_cond_1,veh_type_cond_2,lum_code,agg_code,int_code,atm_code,col_code
202200024490,2022-07-23 00:35:00,2022,7,23,0,35,71,71153,31 Boulevard Saint-antoine,46.8056192085,4.4476133561,Nuit avec éclairage allumé,En agglomération,Hors intersection,Normale,Autre collision,4,2,2,0,1,1,1,0,1,50,1,1,0,0,0,1,31.0,,voiture,,5,2,1,1,6
202200024491,2022-11-12 09:00:00,2022,11,12,9,0,83,83130,Avenue de l'Arlésienne Prolongée,43.206885,6.05027,Plein jour,En agglomération,Hors intersection,Normale,Deux véhicules - frontale,4,2,2,0,1,1,1,0,1,50,2,3,0,0,0,3,16.0,18.0,deux_roues,deux_roues,1,2,1,1,1
202200024492,2022-12-15 22:15:00,2022,12,15,22,15,93,93063,AUTOROUTE A3,48.87788,2.44562,Nuit avec éclairage non allumé,Hors agglomération,Hors intersection,Normale,Trois véhicules et plus - collisions multiples,1,3,4,0,1,1,1,0,1,90,3,3,2,0,0,1,26.0,38.0,voiture,utilitaire_camion,4,1,1,1,5
202200024493,2022-04-23 14:20:00,2022,4,23,14,20,53,53068,RD 25 - La Heurtaudière,47.799074,-0.907649,Plein jour,Hors agglomération,Intersection en X,Temps couvert,Deux véhicules - côté,3,2,2,0,1,1,1,0,1,80,2,5,3,0,1,1,25.0,31.0,voiture,voiture,1,1,2,8,3
202200024494,2022-11-12 00:00:00,2022,11,12,0,0,77,77405,D31,48.908144,3.182748,Nuit avec éclairage allumé,En agglomération,Hors intersection,Brouillard / fumée,Autre collision,3,2,2,0,2,2,1,0,4,30,1,1,0,1,0,0,28.0,,voiture,,5,2,1,5,6
202200024495,2022-07-23 23:10:00,2022,7,23,23,10,69,69266,Rue de la Poudrette,45.7599584899,4.9207189679,Nuit sans éclairage public,En agglomération,Intersection en T,Normale,Trois véhicules et plus - collisions multiples,4,2,3,2,1,1,1,0,1,50,3,3,2,0,0,1,,33.0,utilitaire_camion,voiture,3,2,3,1,5
202200024496,2022-05-07 17:55:00,2022,5,7,17,55,53,53062,L Épinette,47.804637559,-0.64477086,Plein jour,Hors agglomération,Hors intersection,Normale,Autre collision,4,-1,2,0,4,2,1,0,3,80,1,2,0,0,1,1,18.0,,voiture,,1,1,1,1,6
202200024497,2022-11-12 05:30:00,2022,11,12,5,30,81,81064,Chemin de Gabaude,43.957264,1.856555,Nuit sans éclairage public,Hors agglomération,Hors intersection,Normale,Autre collision,3,2,2,0,2,2,1,0,1,80,1,1,0,0,0,1,19.0,,voiture,,3,1,1,1,6
202200024498,2022-07-23 09:00:00,2022,7,23,9,0,64,64129,PLAINE,43.30009,-0.39754,Plein jour,En agglomération,Hors intersection,Normale,Autre collision,4,2,2,0,1,1,1,0,1,50,2,2,1,0,0,1,58.0,21.0,deux_roues,voiture,1,2,1,1,6
202200024499,2022-05-22 19:40:00,2022,5,22,19,40,40,40134,"ROUTE DÉPARTEMENTALE E10, PK 21+700",44.226003,-0.899263,Plein jour,Hors agglomération,Hors intersection,Normale,Sans collision,3,2,2,0,1,1,1,0,1,80,1,2,1,0,0,1,23.0,,deux_roues,,1,1,1,1,7
202200024500,2022-12-15 16:50:00,2022,12,15,16,50,95,95018, A15,48.960786361,2.2696964779,Crépuscule ou aube,Hors agglomération,Hors intersection,Normale,Trois véhicules et plus - collisions multiples,1,3,4,0,1,1,1,0,1,110,5,5,4,0,0,1,30.0,31.0,utilitaire_camion,utilitaire_camion,2,1,1,1,5
202200024501,2022-11-12 17:25:00,2022,11,12,17,25,71,71294,D978,46.833393,4.693866,Nuit sans éclairage public,Hors agglomération,Hors intersection,Brouillard / fumée,Autre collision,3,2,2,0,2,3,2,0,3,80,1,1,0,1,0,0,39.0,,utilitaire_camion,,3,1,1,5,6
202200024502,2022-05-20 10:17:00,2022,5,20,10,17,24,24064,Chemin du Vert Galand,45.362183,0.648601,Plein jour,En agglomération,Autre intersection,Normale,Autre collision,6,-1, -1,0,2,1,1,0,1,50,1,2,1,0,1,0,49.0,,voiture,,1,2,9,1,6
202200024503,2022-07-22 18:05:00,2022,7,22,18,5,64,64125,Avenue du Plateau,43.44502,-1.58387,Plein jour,En agglomération,Hors intersection,Normale,Autre collision,3,2,3,1,1,1,1,0,5,50,1,2,0,0,0,2,51.0,,deux_roues,,1,2,1,1,6
202200024504,2022-11-12 06:00:00,2022,11,12,6,0,63,63148,RD 224,45.8916608245,3.2452905178,Nuit sans éclairage public,Hors agglomération,Hors intersection,Brouillard / fumée,Autre collision,3,2,2,0,1,1,2,0,3,90,1,1,0,1,0,0,19.0,,voiture,,3,1,1,5,6
202200024505,2022-12-15 14:30:00,2022,12,15,14,30,93,93007,AUTOROUTE A3,48.92332,2.48045,Plein jour,Hors agglomération,Hors intersection,Normale,Deux véhicules - arrière,1,3,6,0,1,1,1,0,1,110,2,2,1,0,0,1,60.0,28.0,utilitaire_camion,voiture,1,1,1,1,2
202200024506,2022-05-09 08:05:00,2022,5,9,8,5,24,24064,Les Grands Thèves,45.349401,0.692064,Plein jour,Hors agglomération,Hors intersection,Normale,Deux véhicules - frontale,4,2,2,0,1,2,1,0,1,50,2,2,1,0,0,1,31.0,16.0,voiture,deux_roues,1,1,1,1,1
202200024507,2022-12-15 08:50:00,2022,12,15,8,50,93,93007,AUTOROUTE A3,48.9312548059,2.4809870124,Plein jour,Hors agglomération,Hors intersection,Normale,Deux véhicules - côté,1,3,8,0,1,1,1,0,2,110,2,2,1,0,0,1,60.0,29.0,deux_roues,voiture,1,1,1,1,3
202200024508,2022-11-12 13:00:00,2022,11,12,13,0,55,55063,Rue Marcel-cachin,49.288813,5.760269,Plein jour,En agglomération,Intersection en T,Normale,Deux véhicules - frontale,4,2,2,0,1,1,1,0,1,50,2,2,0,0,0,2,52.0,51.0,voiture,voiture,1,2,3,1,1
202200024509,2022-05-24 09:45:00,2022,5,24,9,45,04,04124,Route de St Laurent,43.735879,6.07928,Plein jour,Hors agglomération,Hors intersection,Normale,Sans collision,4,2,2,0,2,1,1,0,1,30,1,1,0,0,1,0,64.0,,deux_roues,,1,1,1,1,7
202200024510,2022-07-21 18:23:00,2022,7,21,18,23,57,57332,Route départementale 603,49.1245459988,6.7653754312,Plein jour,Hors agglomération,Hors intersection,Normale,Deux véhicules - frontale,3,2,2,0,2,3,1,0,1,80,2,5,3,1,0,1,48.0,68.0,utilitaire_camion,voiture,1,1,1,1,1
202200024511,2022-11-07 18:30:00,2022,11,7,18,30,41,41185,Chemin de la Gastière,47.334082,1.70330253,Nuit avec éclairage allumé,Hors agglomération,Hors intersection,Normale,Deux véhicules - frontale,3,2,2,0,1,1,1,0,1,70,2,2,1,0,1,0,44.0,27.0,utilitaire_camion,utilitaire_camion,5,1,1,1,1
202200024512,2022-05-23 11:15:00,2022,5,23,11,15,85,85051,D137,46.647124,-1.037221,Plein jour,Hors agglomération,Hors intersection,Normale,Sans collision,3,2,3,0,1,1,1,0,8,80,1,1,0,0,0,1,22.0,,voiture,,1,1,1,1,7
202200024513,2022-12-15 07:10:00,2022,12,15,7,10,93,93005,AUTOROUTE A3,48.9602419884,2.4733228737,Nuit sans éclairage public,Hors agglomération,Hors intersection,Normale,Deux véhicules - arrière,1,1,4,0,1,1,1,0,1,70,2,4,2,0,0,2,35.0,23.0,voiture,voiture,3,1,1,1,2
202200024514,2022-05-23 10:05:00,2022,5,23,10,5,27,27516,,49.0810951589,0.6072092056,Plein jour,En agglomération,Hors intersection,Pluie légère,Sans collision,3,2,2,0,2,1,2,0,1,70,1,1,0,0,0,1,28.0,,deux_roues,,1,2,1,2,7
202200024515,2022-07-23 19:06:00,2022,7,23,19,6,54,54149,D27,49.44782,5.91918,Plein jour,Hors agglomération,Hors intersection,Normale,Deux véhicules - arrière,3,2,2,0,1,1,1,0,1,80,2,4,1,0,0,3,36.0,43.0,voiture,deux_roues,1,1,1,1,2
202200024516,2022-12-14 20:00:00,2022,12,14,20,0,95,95394,A115,49.0470313508,2.1841565986,Nuit sans éclairage public,Hors agglomération,Hors intersection,Normale,Autre collision,1,3,4,0,1,2,1,0,1,70,1,1,0,0,0,1,22.0,,voiture,,3,1,1,1,6
202200024517,2022-07-23 08:35:00,2022,7,23,8,35,54,54136,RD603,49.167176,5.853892,Plein jour,En agglomération,Hors intersection,Normale,Autre collision,3,2,2,0,1,1,1,9,4,50,1,1,0,0,0,1,78.0,,voiture,,1,2,1,1,6
202200024518,2022-11-11 18:10:00,2022,11,11,18,10,29,29175,Pont Kerhoaden,48.29925856,-3.8350680376,Nuit sans éclairage public,Hors agglomération,Intersection en T,Normale,Deux véhicules - frontale,3,2,2,0,4,1,1,0,1,-1,2,3,2,0,1,0,38.0,31.0,voiture,deux_roues,3,1,3,1,1
202200024519,2022-07-23 16:00:00,2022,7,23,16,0,51,51454,boulevard Albert 1er,49.27342,4.01489,Plein jour,En agglomération,Intersection en X,Normale,Deux véhicules - côté,4,2,4,0,1,1,1,0,1,50,2,2,1,0,0,1,28.0,28.0,voiture,deux_roues,1,2,2,1,3
202200024520,2022-05-23 18:10:00,2022,5,23,18,10,87,87047,Les Trois Sapins,45.975738,1.257248,Plein jour,Hors agglomération,Hors intersection,Normale,Deux véhicules - frontale,3,2,2,0,3,3,1,0,1,80,2,2,1,1,0,0,69.0,52.0,voiture,deux_roues,1,1,1,1,1
202200024521,2022-12-15 17:30:00,2022,12,15,17,30,43,43041,137 Avenue Charles Dupuy,45.05266,3.91109,Nuit avec éclairage allumé,En agglomération,Hors intersection,Pluie forte,Autre collision,3,2,2,0,1,1,2,9,1,50,1,3,2,0,1,0,46.0,,voiture,,5,2,1,3,6
202200024522,2022-07-18 13:00:00,2022,7,18,13,0,50,50129,GLACERIE (ROUTE DE LA),49.62064,-1.58286,Plein jour,Hors agglomération,Hors intersection,Normale,Deux véhicules - frontale,4,2,2,0,2,2,1,0,1,50,2,2,0,0,1,1,48.0,25.0,deux_roues,voiture,1,1,1,1,1
202200024523,2022-05-21 23:23:00,2022,5,21,23,23,87,87103,La Lande,46.023445,1.157698,Nuit sans éclairage public,Hors agglomération,Hors intersection,Normale,Sans collision,4,2,2,0,1,3,1,0,8,80,1,1,0,0,1,0,20.0,,deux_roues,,3,1,1,1,7
202200024524,2022-07-23 13:46:00,2022,7,23,13,46,45,45068,D740 PK 4 + 600,48.021889,2.737252,Plein jour,En agglomération,Hors intersection,Normale,Autre collision,3,2,2,2,1,2,1,0,4,50,1,5,1,0,0,4,41.0,,utilitaire_camion,,1,2,1,1,6
202200024525,2022-12-15 08:30:00,2022,12,15,8,30,29,29019,rue du Duc d'Aumale,48.40112,-4.5094,Crépuscule ou aube,En agglomération,Hors intersection,Normale,Autre collision,4,-1,2,0,1,1,1,0,1,30,1,2,1,0,0,1,72.0,,voiture,,2,2,1,1,6
202200024526,2022-05-21 12:10:00,2022,5,21,12,10,37,37026,La Vernaterie,47.014352,0.984682,Plein jour,Hors agglomération,Intersection en X,Normale,Deux véhicules - côté,3,2,2,0,1,1,1,0,1,80,2,3,1,0,1,1,73.0,23.0,voiture,voiture,1,1,2,1,3
202200024527,2022-07-23 14:50:00,2022,7,23,14,50,44,44109,35 Rue d'Angleterre,47.2144,-1.52849,Plein jour,En agglomération,Hors intersection,Normale,Autre collision,4,2,2,0,1,1,1,0,1,30,1,1,0,0,1,0,19.0,,deux_roues,,1,2,1,1,6
202200024528,2022-07-23 06:00:00,2022,7,23,6,0,37,37261,JAURES (PLACE JEAN),47.38887,0.68939,Plein jour,En agglomération,Autre intersection,Normale,Deux véhicules - côté,4,2,4,3,1,1,1,9,6,50,2,2,1,0,0,1,39.0,81.0,transport_commun,voiture,1,2,9,1,3
202200024529,2022-12-15 08:27:00,2022,12,15,8,27,92,92048,REPUBLIQUE (RUE DE LA) N° 1 A 45,48.8098552063,2.2362378538,Crépuscule ou aube,En agglomération,Hors intersection,Normale,Autre collision,3,2,0,0,1,1,1,0,1,30,1,2,1,0,0,1,51.0,,voiture,,2,2,1,1,6
202200024530,2022-05-22 17:20:00,2022,5,22,17,20,37,37246,Les Poitevins,47.125892,1.108718,Plein jour,Hors agglomération,Hors intersection,Normale,Trois véhicules et plus - collisions multiples,3,2,2,0,2,1,1,0,1,80,3,4,3,0,1,0,34.0,29.0,voiture,voiture,1,1,1,1,5
202200024531,2022-07-23 06:30:00,2022,7,23,6,30,34,34108,RD 612,43.45587,3.76794,Plein jour,Hors agglomération,Hors intersection,Normale,Sans collision,3,2,0,0,1,1,1,0,1,90,1,3,0,1,0,2,48.0,,voiture,,1,1,1,1,7
202200024532,2022-05-24 17:00:00,2022,5,24,17,0,48,48017,D809,44.427173,3.171368,Plein jour,Hors agglomération,Intersection en T,Normale,Deux véhicules - côté,3,2,2,0,1,1,1,0,1,90,2,2,0,0,1,1,45.0,30.0,voiture,deux_roues,1,1,3,1,3
202200024533,2022-07-14 01:13:00,2022,7,14,1,13,34,34108,Avenue 81ème Régiment d'Infanterie,43.4412,3.7588,Nuit avec éclairage allumé,En agglomération,Intersection en T,Normale,Deux véhicules - côté,3,2,2,0,1,1,1,0,1,50,2,3,1,0,2,0,44.0,61.0,deux_roues,voiture,5,2,3,1,3
202200024534,2022-05-21 20:40:00,2022,5,21,20,40,08,08347,Rue Principale,49.631103,5.270095,Plein jour,En agglomération,Hors intersection,Normale,Autre collision,3,2,2,0,1,1,1,0,1,50,1,1,0,0,0,1,23.0,,autre,,1,2,1,1,6
202200024535,2022-07-23 19:05:00,2022,7,23,19,5,34,34003,Boulevard du Soleil,43.30625,3.48075,Plein jour,En agglomération,Intersection en T,Normale,Deux véhicules - arrière,4,2,2,0,1,1,1,0,1,50,2,3,0,0,0,3,60.0,16.0,deux_roues,deux_roues,1,2,3,1,2
202200024536,2022-07-02 20:55:00,2022,7,2,20,55,91,91228,DESSERTE ARISTIDE CANLORBE,48.63022,2.42826,Plein jour,En agglomération,Hors intersection,Normale,Autre collision,4,2,3,0,1,1,1,0,1,30,1,3,1,0,0,2,68.0,,voiture,,1,2,1,1,6
202200024537,2022-05-23 13:30:00,2022,5,23,13,30,88,88114,D165,48.190351,5.917457,Plein jour,Hors agglomération,Giratoire,Normale,Deux véhicules - arrière,3,3,2,0,2,2,1,5,1,80,2,2,1,0,1,0,55.0,43.0,voiture,deux_roues,1,1,6,1,2
202200024538,2022-07-23 10:25:00,2022,7,23,10,25,33,33281,Avenue René Cassin,44.83214,-0.67413,Plein jour,En agglomération,Intersection en T,Normale,Deux véhicules - côté,1,1,1,0,3,2,1,3,1,50,2,2,1,0,1,0,20.0,31.0,voiture,deux_roues,1,2,3,1,3
202200024539,2022-05-23 21:15:00,2022,5,23,21,15,88,88310,départementale 2,48.01364,5.96755,Plein jour,Hors agglomération,Hors intersection,Normale,Deux véhicules - frontale,3,2,2,0,2,1,1,0,1,80,2,2,0,2,0,0,19.0,24.0,voiture,voiture,1,1,1,1,1
202200024540,2022-07-02 19:40:00,2022,7,2,19,40,91,91174,RUE DE PARIS,48.60164,2.46998,Plein jour,En agglomération,Hors intersection,Normale,Autre collision,3,2,2,0,2,1,1,0,1,50,1,2,1,0,0,1,33.0,,voiture,,1,2,1,1,6
202200024541,2022-05-18 15:30:00,2022,5,18,15,30,33,33015,Aire de la Gare de Péage d'Arveyres (Embranchement d'autoroute),44.885112,-0.268446,Plein jour,Hors agglomération,Hors intersection,Normale,Autre collision,1,2,8,0,1,1,1,7,1,90,1,1,0,0,1,0,71.0,,utilitaire_camion,,1,1,1,1,6
202200024542,2022-07-23 15:55:00,2022,7,23,15,55,75,75117,PORTE DE SAINT OUEN,48.899685,2.31964,Plein jour,En agglomération,Hors intersection,Normale,Sans collision,4,1,4,0,1,1,1,0,1,70,1,1,0,0,0,1,53.0,,deux_roues,,1,2,1,1,7
202200024543,2022-05-22 22:50:00,2022,5,22,22,50,988,98805,VE1,-22.225041,166.464114,Nuit sans éclairage public,Hors agglomération,Hors intersection,Normale,Autre collision,1,3,4,0,2,2,1,0,3,70,1,3,0,0,1,2,23.0,,voiture,,3,1,1,1,6
202200024544,2022-06-30 18:30:00,2022,6,30,18,30,91,91174,AV DU 8 MAI 1945,48.61091,2.45174,Plein jour,En agglomération,Hors intersection,Normale,Autre collision,4,2,2,0,1,1,1,0,1,30,1,2,1,0,0,1,56.0,,voiture,,1,2,1,1,6
202200024545,2022-05-24 09:00:00,2022,5,24,9,0,06,06084,310 Avenue de Grasse,43.622547,6.96839,Plein jour,En agglomération,Autre intersection,Normale,Autre collision,4,2,2,0,1,1,1,0,1,30,1,2,1,0,0,1,86.0,,voiture,,1,2,9,1,6
202200024546,2022-07-22 23:33:00,2022,7,22,23,33,75,75119,RUE D AUBERVILLIERS,48.889692,2.36813,Nuit avec éclairage allumé,En agglomération,Intersection en X,Temps couvert,Deux véhicules - côté,4,-1,1,0,1,1,2,0,1,30,2,5,2,0,2,1,22.0,23.0,voiture,deux_roues,5,2,2,8,3
202200024547,2022-05-21 07:55:00,2022,5,21,7,55,17,17317,A10,45.452603,-0.614041,Plein jour,Hors agglomération,Hors intersection,Normale,Deux véhicules - arrière,1,3,4,0,1,1,1,0,1,130,2,4,1,0,3,0,70.0,48.0,voiture,utilitaire_camion,1,1,1,1,2
202200024548,2022-07-23 15:30:00,2022,7,23,15,30,75,75116,BOULEVARD EXELMANS,48.843163,2.260208,Plein jour,En agglomération,Intersection en X,Normale,Deux véhicules - arrière,4,1,2,0,1,1,1,0,1,50,2,2,1,0,0,1,,30.0,voiture,deux_roues,1,2,2,1,2
202200024549,2022-06-30 14:15:00,2022,6,30,14,15,91,91521,ROUTE DE MENNECY,48.64127,2.42011,Plein jour,En agglomération,Intersection en T,Normale,Deux véhicules - côté,3,3,2,0,1,1,1,0,1,50,2,2,1,0,0,1,35.0,48.0,voiture,voiture,1,2,3,1,3
202200024550,2022-05-23 12:37:00,2022,5,23,12,37,68,68297,A35 - PR 121+800,47.606438,7.528092,Plein jour,Hors agglomération,Hors intersection,Pluie légère,Deux véhicules - arrière,1,3,4,0,1,1,2,0,1,130,2,2,1,1,0,0,41.0,45.0,voiture,utilitaire_camion,1,1,1,2,2
202200024551,2022-07-23 02:10:00,2022,7,23,2,10,75,75115,RUE DE VAUGIRARD,48.842298,2.310568,Nuit avec éclairage allumé,En agglomération,Intersection en T,Normale,Deux véhicules - frontale,4,2,0,1,1,1,2,-1,5,30,2,2,1,0,0,1,19.0,51.0,deux_roues,deux_roues,5,2,3,1,1
202200024552,2022-05-23 07:00:00,2022,5,23,7,0,69,69112,Autoroute 89,45.835671,4.684803,Plein jour,Hors agglomération,Hors intersection,Normale,Deux véhicules - côté,1,3,4,0,1,1,1,0,1,110,2,2,1,0,0,1,33.0,31.0,voiture,utilitaire_camion,1,1,1,1,3
202200024553,2022-07-23 10:15:00,2022,7,23,10,15,75,75113,RUE DE CROULEBARBE,48.831363,2.348796,Plein jour,En agglomération,Hors intersection,Normale,Deux véhicules - côté,4,2,2,0,1,1,1,0,4,30,2,2,1,0,0,1,4.0,23.0,deux_roues,voiture,1,2,1,1,3
202200024554,2022-07-22 05:03:00,2022,7,22,5,3,75,75108,AVENUE DE FRIEDLAND,48.874608,2.30406,Nuit avec éclairage allumé,En agglomération,Hors intersection,Normale,Deux véhicules - frontale,4,1,1,0,1,1,1,0,1,30,2,2,0,0,0,2,28.0,32.0,deux_roues,deux_roues,5,2,1,1,1
202200024555,2022-04-28 10:15:00,2022,4,28,10,15,31,31384,RD 16,43.481518,1.572351,Plein jour,Hors agglomération,Hors intersection,Normale,Deux véhicules - frontale,3,2,2,0,1,2,1,0,1,80,2,2,1,1,0,0,64.0,49.0,utilitaire_camion,utilitaire_camion,1,1,1,1,1
202200024556,2022-07-23 13:40:00,2022,7,23,13,40,75,75104,RUE DE LA CERISAIE,48.851755,2.367013,Plein jour,En agglomération,Intersection en X,Normale,Deux véhicules - côté,4,2,1,1,1,1,1,-1,5,30,2,2,1,0,0,1,59.0,28.0,voiture,deux_roues,1,2,2,1,3
202200024557,2022-05-23 13:00:00,2022,5,23,13,0,38,38547,20 boulevard Jules FERRY,45.238418,5.888369,Plein jour,En agglomération,Hors intersection,Normale,Deux véhicules - côté,3,2,2,0,1,1,1,6,1,30,2,2,1,0,1,0,48.0,60.0,utilitaire_camion,deux_roues,1,2,1,1,3
202200024558,2022-06-23 18:05:00,2022,6,23,18,5,91,91228,ROND POINT D'ANGLARD,48.6446,2.42172,Plein jour,En agglomération,Giratoire,Normale,Deux véhicules - côté,3,2,2,0,1,2,1,0,1,50,2,2,1,0,0,1,30.0,38.0,deux_roues,voiture,1,2,6,1,3
202200024559,2022-07-23 02:05:00,2022,7,23,2,5,75,75101,PONT AU CHANGE,48.856626,2.346742,Nuit avec éclairage allumé,En agglomération,Hors intersection,Pluie légère,Sans collision,4,2,4,1,1,1,2,-1,5,30,1,1,0,0,0,1,18.0,,deux_roues,,5,2,1,2,7
202200024560,2022-05-23 14:10:00,2022,5,23,14,10,06,06088,A8,43.721296,7.217621,Plein jour,Hors agglomération,Hors intersection,Normale,Sans collision,1,3,4,0,1,1,1,1,1,90,1,2,0,0,0,2,32.0,,voiture,,1,1,1,1,7
202200024561,2022-07-23 20:25:00,2022,7,23,20,25,94,94073,FONTAINEBLEAU (AV DE),48.767061,2.368168,Plein jour,Hors agglomération,Hors intersection,Normale,Deux véhicules - côté,3,2,4,0,1,1,1,0,1,70,2,2,1,0,0,1,50.0,30.0,voiture,deux_roues,1,1,1,1,3
202200024562,2022-12-14 20:10:00,2022,12,14,20,10,988,98818,RUE BATAILLE/RUE NICOLAS HAGEN,-22.26976,166.44925,Nuit avec éclairage allumé,En agglomération,Intersection en T,Normale,Autre collision,4,1,1,0,1,1,1,0,1,50,1,3,2,0,1,0,51.0,,utilitaire_camion,,5,2,3,1,6
202200024563,2022-05-20 20:10:00,2022,5,20,20,10,69,69043,Route de Brignais,45.7112563741,4.7715801001,Plein jour,Hors agglomération,Hors intersection,Normale,Trois véhicules et plus - collisions multiples,3,2,2,0,1,1,1,0,1,70,4,4,2,0,0,2,22.0,20.0,voiture,voiture,1,1,1,1,5
202200024564,2022-07-23 01:10:00,2022,7,23,1,10,93,93073,Aeroport Charles de Gaulle - Echangeur Terminal 2,49.00668,2.55821,Nuit avec éclairage allumé,Hors agglomération,Intersection en Y,Pluie légère,Autre collision,9,3,6,3,1,3,2,0,1,50,1,2,0,0,0,2,57.0,,deux_roues,,5,1,4,2,6
202200024565,2022-05-17 05:15:00,2022,5,17,5,15,69,69142,Route de Métropole 7,45.7311507193,4.8157829046,Crépuscule ou aube,Hors agglomération,Hors intersection,Normale,Deux véhicules - frontale,7,3,4,3,1,1,1,0,1,70,2,2,0,0,1,1,43.0,28.0,utilitaire_camion,voiture,2,1,1,1,1
202200024566,2022-12-15 16:20:00,2022,12,15,16,20,976,97611,vahibe-Departementale 3 ( route ),-12.79273,45.1883,Plein jour,Hors agglomération,Hors intersection,Pluie légère,Sans collision,3,3,2,0,1,1,2,0,1,70,1,1,0,0,0,1,42.0,,voiture,,1,1,1,2,7
202200024567,2022-07-23 10:30:00,2022,7,23,10,30,93,93066,Avenue Roger Sémat / Rue du 19 Mars 1962,48.94782,2.35732,Plein jour,En agglomération,Intersection en X,Normale,Deux véhicules - côté,3,3,2,0,1,1,1,0,1,50,2,5,3,0,0,2,34.0,39.0,voiture,voiture,1,2,2,1,3
202200024568,2022-05-22 16:00:00,2022,5,22,16,0,13,13114,D10,43.547852,5.297459,Plein jour,En agglomération,Intersection en T,Normale,Deux véhicules - côté,7,2,2,2,1,1,1,0,1,70,2,2,1,0,1,0,55.0,17.0,deux_roues,voiture,1,2,3,1,3
202200024569,2022-05-23 07:45:00,2022,5,23,7,45,11,11144,Autoroute A9,42.877798,2.990057,Plein jour,Hors agglomération,Hors intersection,Normale,Autre collision,1,3,5,0,1,1,1,0,2,130,1,1,0,0,1,0,35.0,,utilitaire_camion,,1,1,1,1,6
202200024570,2022-07-23 01:00:00,2022,7,23,1,0,93,93066,Rue Auguste Poullain / Rue Gaston Philippe,48.9411,2.3509,Nuit avec éclairage allumé,En agglomération,Intersection en X,Normale,Deux véhicules - frontale,4,2,2,1,1,1,1,0,1,50,2,2,1,0,0,1,35.0,40.0,voiture,deux_roues,5,2,2,1,1
202200024571,2022-07-23 12:35:00,2022,7,23,12,35,93,93064,Rue Paul Cavaré,48.872995,2.485229,Plein jour,En agglomération,Hors intersection,Normale,Autre collision,4,2,2,0,1,1,1,0,1,50,1,2,1,0,0,1,89.0,,voiture,,1,2,1,1,6
202200024572,2022-05-23 22:55:00,2022,5,23,22,55,69,69013,Autoroute 6,46.016814,4.727318,Nuit sans éclairage public,Hors agglomération,Hors intersection,Normale,Trois véhicules et plus - collisions multiples,1,3,6,0,1,1,1,0,1,130,4,5,3,0,2,0,32.0,20.0,utilitaire_camion,utilitaire_camion,3,1,1,1,5
202200024573,2022-07-22 22:30:00,2022,7,22,22,30,93,93079,Avenue Jean Jaurès / Rue Edouard Vaillant,48.96421,2.34737,Nuit avec éclairage allumé,En agglomération,Intersection en T,Pluie légère,Deux véhicules - côté,3,2,2,0,1,1,2,0,1,50,2,2,1,0,0,1,31.0,32.0,voiture,voiture,5,2,3,2,3
202200024574,2022-12-15 19:15:00,2022,12,15,19,15,974,97411,LITTORAL (ROUTE 1 DU),-20.89096,55.38101,Nuit sans éclairage public,Hors agglomération,Autre intersection,Pluie légère,Deux véhicules - côté,2,1,2,0,1,4,2,2,1,70,2,4,2,0,0,2,25.0,69.0,voiture,voiture,3,1,9,2,3
202200024575,2022-07-23 17:00:00,2022,7,23,17,0,93,93010,Rue Simone de Beauvoir,48.896063,2.487618,Plein jour,En agglomération,Hors intersection,Normale,Autre collision,4,2,1,0,1,1,1,0,1,30,1,2,1,0,1,0,,,voiture,,1,2,1,1,6
202200024576,2022-05-23 22:00:00,2022,5,23,22,0,69,69013,Autoroute 6,46.016183275,4.7274257757,Nuit sans éclairage public,Hors agglomération,Hors intersection,Normale,Autre collision,1,3,6,0,1,1,1,0,1,130,1,2,0,1,0,1,64.0,,utilitaire_camion,,3,1,1,1,6
202200024577,2022-05-22 16:00:00,2022,5,22,16,0,84,84081,Autoroute A7 PK 191.700,43.942545,4.911361,Plein jour,Hors agglomération,Hors intersection,Normale,Deux véhicules - côté,1,1,5,0,1,1,1,0,3,130,1,2,0,2,0,0,58.0,,voiture,,1,1,1,1,3
202200024578,2022-07-23 10:35:00,2022,7,23,10,35,93,93007,Avenue Henri Barbusse / Rue Joseph Darriet,48.94201,2.464528,Plein jour,En agglomération,Intersection en X,Normale,Deux véhicules - côté,4,2,2,0,1,1,1,0,1,50,2,5,3,0,0,2,40.0,56.0,voiture,voiture,1,2,2,1,3
202200024579,2022-07-23 12:40:00,2022,7,23,12,40,93,93071,Avenue Léon Jouhaux,48.9419954446,2.5440419913,Plein jour,En agglomération,Hors intersection,Normale,Autre collision,4,2,2,0,1,1,1,0,3,30,1,2,1,0,0,1,60.0,,voiture,,1,2,1,1,6
202200024580,2022-12-15 18:15:00,2022,12,15,18,15,974,97411,JAURES (BLD 2 JEAN),-20.90004,55.48761,Crépuscule ou aube,En agglomération,Giratoire,Pluie forte,Deux véhicules - côté,2,2,0,1,1,1,2,5,1,50,2,2,1,0,0,1,55.0,78.0,voiture,deux_roues,2,2,6,3,3