accident_id,datetime,annee,mois,jour,heure,minute,departement,commune_insee,adresse,latitude,longitude,luminosite,agglomeration,intersection,meteo,collision,catr,circ,nbv,vosp,prof,plan,surf,infra,situ,vma,nb_vehicules,nb_usagers,nb_indemnes,nb_tues,nb_blesses_hosp,nb_blesses_legers,age_cond_1,age_cond_2,veh_type_cond_1,veh_type_cond_2,lum_code,agg_code,int_code,atm_code,col_code
202200024581,2022-05-22 18:25:00,2022,5,22,18,25,13,13103,a54 - PK 71+000,43.627773,5.108462,Plein jour,Hors agglomération,Hors intersection,Normale,Deux véhicules - arrière,1,3,4,0,1,1,1,0,1,90,3,7,5,0,0,2,36.0,42.0,voiture,utilitaire_camion,1,1,1,1,2
202200024582,2022-06-20 16:30:00,2022,6,20,16,30,92,92078,VIEUX CHEMIN DE ST DENIS (AVENUE),48.9290027135,2.3291911483,Plein jour,En agglomération,Autre intersection,Normale,Deux véhicules - côté,4,2,0,0,1,1,1,0,1,70,2,3,2,0,0,1,39.0,39.0,voiture,voiture,1,2,9,1,3
202200024583,2022-05-23 18:00:00,2022,5,23,18,0,69,69189,Route Départementale 386,45.5177847463,4.8605570197,Plein jour,Hors agglomération,Intersection en T,Temps couvert,Deux véhicules - arrière,3,2,2,1,1,1,1,0,1,-1,2,5,4,0,0,1,17.0,21.0,deux_roues,utilitaire_camion,1,1,3,8,2
202200024584,2022-07-23 12:30:00,2022,7,23,12,30,92,92077,DESVALLIERES (CHEMIN),48.8235176513,2.1964971721,Plein jour,En agglomération,Hors intersection,Normale,Deux véhicules - arrière,4,2,2,0,2,1,1,0,1,50,2,2,1,0,0,1,27.0,48.0,deux_roues,voiture,1,2,1,1,2
202200024585,2022-12-15 16:10:00,2022,12,15,16,10,974,97411,MONTAGNE (ROUTE DE LA),-20.87956,55.44381,Plein jour,En agglomération,Intersection en T,Pluie forte,Autre collision,3,2,2,0,2,1,2,0,1,50,1,3,2,0,0,1,70.0,,voiture,,1,2,3,3,6
202200024586,2022-05-21 18:30:00,2022,5,21,18,30,987,98733,PK 23+050 route territoriale 1,-17.689931,-149.548349,Crépuscule ou aube,En agglomération,Hors intersection,Normale,Autre collision,2,2,2,0,1,1,1,0,1,60,1,2,1,1,0,0,55.0,,voiture,,2,2,1,1,6
202200024587,2022-07-23 03:20:00,2022,7,23,3,20,92,92072,RENAN (RUE ERNEST),48.82038,2.21437,Nuit avec éclairage allumé,En agglomération,Hors intersection,Normale,Autre collision,4,2,1,0,1,1,1,0,4,30,1,1,0,0,0,1,34.0,,deux_roues,,5,2,1,1,6
202200024588,2022-07-23 15:55:00,2022,7,23,15,55,92,92064,PARC SAINT CLOUD,48.8339488809,2.2129262388,Plein jour,En agglomération,Hors intersection,Normale,Sans collision,4,1,1,0,1,1,1,0,1,30,1,1,0,0,0,1,26.0,,deux_roues,,1,2,1,1,7
202200024589,2022-05-23 06:45:00,2022,5,23,6,45,988,98808,Tribu de warai - RM6,-21.318899,165.572955,Plein jour,Hors agglomération,Hors intersection,Pluie légère,Autre collision,4,2,2,0,1,3,2,9,3,-1,1,2,1,0,1,0,28.0,,voiture,,1,1,1,2,6
202200024590,2022-07-23 18:00:00,2022,7,23,18,0,92,92050,SURESNES RUE DE,48.8845189594,2.2137346566,Plein jour,En agglomération,Hors intersection,Normale,Deux véhicules - frontale,4,2,2,0,2,1,1,0,1,30,2,2,1,0,0,1,41.0,39.0,voiture,deux_roues,1,2,1,1,1
202200024591,2022-05-10 11:00:00,2022,5,10,11,0,988,98804,Tribu de Nonhoué - RPN3,-21.5133,165.94449,Plein jour,En agglomération,Hors intersection,Normale,Autre collision,3,2,2,0,1,1,1,0,3,50,1,1,0,1,0,0,19.0,,voiture,,1,2,1,1,6
202200024592,2022-12-15 11:50:00,2022,12,15,11,50,974,97411,VINH-SAN (BLD 1 DU PRINCE),-20.87811,55.43777,Plein jour,En agglomération,Hors intersection,Normale,Sans collision,2,1,1,0,2,3,1,0,1,70,1,1,0,0,0,1,28.0,,deux_roues,,1,2,1,1,7
202200024593,2022-07-24 00:20:00,2022,7,24,0,20,60,60179,Grande Rue,49.574455,2.503552,Nuit sans éclairage public,En agglomération,Hors intersection,Normale,Deux véhicules - arrière,3,2,2,0,1,1,1,0,1,30,2,3,1,0,0,2,45.0,33.0,voiture,utilitaire_camion,3,2,1,1,2
202200024594,2022-05-21 12:40:00,2022,5,21,12,40,971,97128,Route de Surgy,16.256909,-61.346358,Plein jour,Hors agglomération,Intersection en X,Normale,Deux véhicules - côté,3,2,2,0,1,3,1,0,1,80,2,2,1,1,0,0,34.0,59.0,deux_roues,voiture,1,1,2,1,3
202200024595,2022-12-14 17:50:00,2022,12,14,17,50,974,97411,MONTAGNE (ROUTE DE LA),-20.88462,55.4435,Plein jour,En agglomération,Hors intersection,Normale,Autre collision,3,3,2,0,2,1,1,5,8,50,1,2,1,0,0,1,30.0,,voiture,,1,2,1,1,6
202200024596,2022-07-23 17:45:00,2022,7,23,17,45,51,51016,D13,48.5865060531,4.7003728151,Plein jour,Hors agglomération,Hors intersection,Normale,Sans collision,3,2,2,0,1,2,1,0,3,80,1,1,0,1,0,0,39.0,,deux_roues,,1,1,1,1,7
202200024597,2022-05-22 17:15:00,2022,5,22,17,15,45,45320,10 Rue d’Intville,48.278841,2.173965,Plein jour,Hors agglomération,Hors intersection,Normale,Trois véhicules et plus - en chaîne,4,-1,2,0,2,1,1,0,1,90,3,3,1,0,1,1,57.0,25.0,voiture,deux_roues,1,1,1,1,4
202200024598,2022-07-23 13:25:00,2022,7,23,13,25,25,25056,"Autoroute A36, point kilométrique 121+700, sens MULHOUSE vers DOLE",47.300188,6.031709,Plein jour,Hors agglomération,Hors intersection,Normale,Autre collision,1,3,4,0,2,1,1,0,1,130,1,2,0,0,2,0,72.0,,voiture,,1,1,1,1,6
202200024599,2022-07-22 11:35:00,2022,7,22,11,35,71,71231,Chemin de Crenin,46.521825,4.440756,Plein jour,Hors agglomération,Hors intersection,Normale,Deux véhicules - frontale,4,2,1,0,1,3,1,0,1,80,2,2,0,0,1,1,39.0,20.0,utilitaire_camion,utilitaire_camion,1,1,1,1,1
202200024600,2022-05-24 14:50:00,2022,5,24,14,50,2B,2B093,Route d Algajola,42.609225,8.880547,Plein jour,Hors agglomération,Hors intersection,Normale,Trois véhicules et plus - collisions multiples,2,2,2,0,1,1,1,0,1,70,3,5,4,0,0,1,36.0,40.0,utilitaire_camion,voiture,1,1,1,1,5
202200024601,2022-07-23 15:45:00,2022,7,23,15,45,22,22237,Le Petit Bignon,48.527818,-2.256907,Plein jour,Hors agglomération,Hors intersection,Normale,Sans collision,3,2,2,0,1,1,1,0,3,80,1,1,0,1,0,0,33.0,,voiture,,1,1,1,1,7
202200024602,2022-12-15 07:15:00,2022,12,15,7,15,974,97407,CARPAYE(AVENUE),-20.94781,55.29928,Plein jour,En agglomération,Hors intersection,Normale,Deux véhicules - côté,2,1,1,0,1,3,1,0,1,50,2,2,1,0,0,1,21.0,56.0,deux_roues,transport_commun,1,2,1,1,3
202200024603,2022-07-24 03:00:00,2022,7,24,3,0,18,18026,,47.501906,2.861643,Nuit sans éclairage public,Hors agglomération,Hors intersection,Normale,Autre collision,3,2,2,0,4,2,1,0,1,80,1,2,1,1,0,0,37.0,,voiture,,3,1,1,1,6
202200024604,2022-05-23 20:10:00,2022,5,23,20,10,34,34162,D5e11,43.478642,3.51864,Crépuscule ou aube,Hors agglomération,Hors intersection,Normale,Deux véhicules - côté,3,2,2,0,2,1,1,0,1,80,2,2,1,0,1,0,66.0,45.0,voiture,deux_roues,2,1,1,1,3
202200024605,2022-07-23 11:10:00,2022,7,23,11,10,974,97422,Rue de Paris,-21.283039,55.51148,Plein jour,En agglomération,Intersection en X,Normale,Deux véhicules - côté,4,2,2,0,1,1,1,5,1,50,2,2,1,0,1,0,21.0,34.0,voiture,deux_roues,1,2,2,1,3
202200024606,2022-12-15 10:52:00,2022,12,15,10,52,973,97302,ROUTE NATIONALE 3,4.90199,-52.31318,Plein jour,Hors agglomération,Hors intersection,Normale,Deux véhicules - arrière,3,2,2,0,1,1,1,0,1,80,2,2,1,0,0,1,35.0,47.0,voiture,voiture,1,1,1,1,2
202200024607,2022-05-23 10:21:00,2022,5,23,10,21,34,34017,d613,43.473726,3.451681,Plein jour,Hors agglomération,Hors intersection,Normale,Trois véhicules et plus - collisions multiples,3,2,2,0,2,2,1,0,1,70,3,3,1,0,1,1,31.0,38.0,voiture,voiture,1,1,1,1,5
202200024608,2022-07-24 18:50:00,2022,7,24,18,50,974,97405,route nationale 2,-21.368017,55.563086,Nuit sans éclairage public,Hors agglomération,Hors intersection,Normale,Autre collision,2,3,4,0,2,1,1,0,1,-1,1,3,2,1,0,0,46.0,,voiture,,3,1,1,1,6
202200024609,2022-07-24 18:15:00,2022,7,24,18,15,74,74053,D12,46.266113,6.451871,Plein jour,Hors agglomération,Hors intersection,Normale,Deux véhicules - frontale,3,2,2,0,2,2,1,0,1,80,2,2,0,1,0,1,39.0,29.0,deux_roues,voiture,1,1,1,1,1
202200024610,2022-05-22 22:10:00,2022,5,22,22,10,84,84054,D25,43.920408,5.079503,Nuit sans éclairage public,Hors agglomération,Hors intersection,Normale,Deux véhicules - frontale,3,2,2,0,1,1,1,0,1,80,2,2,1,0,1,0,18.0,29.0,deux_roues,voiture,3,1,1,1,1
202200024611,2022-07-23 12:10:00,2022,7,23,12,10,51,51572,Route Nationale,49.017712,4.618061,Plein jour,Hors agglomération,Intersection en X,Normale,Deux véhicules - côté,3,2,2,0,1,1,1,0,1,90,2,2,1,0,0,1,48.0,68.0,deux_roues,voiture,1,1,2,1,3
202200024612,2022-05-20 19:10:00,2022,5,20,19,10,83,83112,Avenue du Littoral,43.182219,5.683874,Plein jour,En agglomération,Hors intersection,Normale,Autre collision,3,2,2,0,1,1,1,0,1,50,1,3,1,0,0,2,55.0,,voiture,,1,2,1,1,6
202200024613,2022-12-14 17:50:00,2022,12,14,17,50,973,97302,JADFARD (RENE),4.93329,-52.33169,Plein jour,En agglomération,Intersection en X,Normale,Deux véhicules - côté,4,2,2,0,1,1,1,0,1,50,2,2,1,0,0,1,27.0,41.0,deux_roues,voiture,1,2,2,1,3
202200024614,2022-07-23 17:20:00,2022,7,23,17,20,2B,2B343,Querciolo,42.487891,9.479313,Plein jour,En agglomération,Hors intersection,Normale,Deux véhicules - arrière,2,2,2,0,1,1,1,0,1,50,2,4,1,0,0,3,34.0,58.0,voiture,voiture,1,2,1,1,2
202200024615,2022-05-22 23:15:00,2022,5,22,23,15,83,83019,Avenue Lou Mistraou,43.14199,6.339503,Nuit avec éclairage allumé,En agglomération,Hors intersection,Normale,Deux véhicules - frontale,3,3,2,0,2,2,1,0,1,50,2,3,0,1,1,1,52.0,45.0,voiture,deux_roues,5,2,1,1,1
202200024616,2022-05-23 11:30:00,2022,5,23,11,30,06,06021,M27 PK8+200,43.861623,7.166412,Plein jour,Hors agglomération,Hors intersection,Normale,Deux véhicules - frontale,7,2,2,0,1,2,1,2,1,70,2,3,1,0,0,2,39.0,30.0,voiture,voiture,1,1,1,1,1
202200024617,2022-07-24 13:50:00,2022,7,24,13,50,65,65017,D 929,42.814624,0.200899,Plein jour,Hors agglomération,Hors intersection,Normale,Sans collision,3,2,2,0,2,3,1,0,1,90,1,2,1,0,0,1,52.0,,deux_roues,,1,1,1,1,7
202200024618,2022-12-14 15:55:00,2022,12,14,15,55,973,97302,ZEPHIR (ROCADE),4.9319316912,-52.311822474,Plein jour,En agglomération,Intersection en T,Temps couvert,Deux véhicules - côté,3,2,2,2,1,1,9,5,1,50,2,2,1,0,0,1,28.0,63.0,voiture,voiture,1,2,3,8,3
202200024619,2022-05-23 14:00:00,2022,5,23,14,0,04,04148,D4085,43.79729,6.628897,Plein jour,Hors agglomération,Hors intersection,Normale,Deux véhicules - côté,3,2,2,0,1,1,1,0,1,80,2,2,1,0,1,0,22.0,54.0,utilitaire_camion,deux_roues,1,1,1,1,3
202200024620,2022-07-24 10:50:00,2022,7,24,10,50,71,71404,D981,46.747823,4.713886,Plein jour,Hors agglomération,Hors intersection,Normale,Autre collision,3,2,2,0,1,3,1,0,3,80,1,3,0,0,1,2,20.0,,voiture,,1,1,1,1,6
202200024621,2022-05-22 17:45:00,2022,5,22,17,45,04,04120,RD 900,44.435067,6.873515,Plein jour,Hors agglomération,Hors intersection,Normale,Autre collision,3,2,2,0,2,2,1,0,1,80,1,1,0,0,1,0,21.0,,deux_roues,,1,1,1,1,6
202200024622,2022-12-15 17:30:00,2022,12,15,17,30,69,69388,Rue Bataille,45.73598,4.8829,Nuit avec éclairage allumé,En agglomération,Intersection en T,Pluie forte,Autre collision,4,1,1,2,1,1,2,0,1,50,1,2,1,0,1,0,46.0,,voiture,,5,2,3,3,6
202200024623,2022-07-24 17:45:00,2022,7,24,17,45,71,71313,La Lutarne,46.971746,4.199438,Plein jour,Hors agglomération,Hors intersection,Normale,Sans collision,3,2,2,0,1,2,1,0,1,80,1,1,0,0,1,0,59.0,,deux_roues,,1,1,1,1,7
202200024624,2022-05-24 07:25:00,2022,5,24,7,25,13,13092,Chemin Départemental 21b,43.524033,5.113063,Plein jour,Hors agglomération,Hors intersection,Normale,Deux véhicules - frontale,3,2,2,0,1,2,1,0,1,80,2,2,0,1,1,0,78.0,31.0,voiture,voiture,1,1,1,1,1
202200024625,2022-12-14 21:15:00,2022,12,14,21,15,971,97120,CHEMIN NEUF,16.2310756538,-61.5314492583,Nuit avec éclairage allumé,En agglomération,Autre intersection,Normale,Deux véhicules - côté,3,1,1,0,1,1,1,0,1,50,2,3,2,0,1,0,26.0,,voiture,deux_roues,5,2,9,1,3
202200024626,2022-05-24 09:00:00,2022,5,24,9,0,52,52312,Voie communale 2,47.886701,5.228344,Plein jour,Hors agglomération,Autre intersection,Normale,Deux véhicules - côté,4,2,2,0,1,1,1,0,1,80,2,6,4,0,0,2,31.0,26.0,voiture,utilitaire_camion,1,1,9,1,3
202200024627,2022-07-22 21:10:00,2022,7,22,21,10,63,63207,Maison Blanche,45.660322,3.68947,Crépuscule ou aube,Hors agglomération,Hors intersection,Normale,Autre collision,3,2,2,0,1,2,1,0,3,80,1,1,0,0,1,0,53.0,,deux_roues,,2,1,1,1,6
202200024628,2022-05-22 07:00:00,2022,5,22,7,0,68,68298,La Forge,48.2547793187,7.2021603584,Plein jour,En agglomération,Hors intersection,Normale,Sans collision,4,2,2,0,1,1,1,0,4,50,1,1,0,0,0,1,21.0,,voiture,,1,2,1,1,7
202200024629,2022-12-14 19:00:00,2022,12,14,19,0,971,97113,RN4 - SECTION RIVIERA,16.21783,-61.49052,Nuit avec éclairage allumé,Hors agglomération,Autre intersection,Normale,Deux véhicules - côté,2,2,2,0,1,1,1,9,1,70,2,3,2,0,1,0,45.0,20.0,voiture,voiture,5,1,9,1,3
202200024630,2022-07-23 21:40:00,2022,7,23,21,40,63,63214,Rue de Talabeau,45.683428,3.194055,Plein jour,En agglomération,Hors intersection,Normale,Deux véhicules - frontale,4,2,2,0,1,1,1,0,5,50,2,2,1,0,1,0,25.0,19.0,deux_roues,voiture,1,2,1,1,1
202200024631,2022-05-23 17:45:00,2022,5,23,17,45,74,74128,Route des Marais,46.149779,6.324225,Plein jour,Hors agglomération,Intersection en T,Pluie légère,Deux véhicules - côté,3,2,2,0,2,1,2,5,1,80,2,3,2,0,1,0,50.0,80.0,utilitaire_camion,voiture,1,1,3,2,3
202200024632,2022-05-21 19:50:00,2022,5,21,19,50,38,38076,Route de Dolomieu,45.594219,5.472206,Plein jour,Hors agglomération,Intersection en T,Normale,Deux véhicules - côté,3,2,2,0,1,3,1,0,1,50,2,2,0,0,0,2,19.0,32.0,voiture,voiture,1,1,3,1,3
202200024633,2022-07-23 23:15:00,2022,7,23,23,15,39,39434,,46.851152,5.710187,Nuit sans éclairage public,Hors agglomération,Hors intersection,Normale,Deux véhicules - frontale,2,2,2,0,2,3,1,0,1,80,2,3,1,0,2,0,19.0,17.0,voiture,deux_roues,3,1,1,1,1
202200024634,2022-05-21 11:00:00,2022,5,21,11,0,38,38509,boulevard Gambetta,45.564943,5.444638,Plein jour,En agglomération,Intersection en X,Normale,Deux véhicules - côté,3,1,2,0,1,1,1,5,1,50,2,6,1,0,2,3,39.0,29.0,voiture,voiture,1,2,2,1,3
202200024635,2022-12-15 01:06:00,2022,12,15,1,6,91,91617,RTE NATIONALE 6,48.656136,2.523034,Nuit sans éclairage public,Hors agglomération,Hors intersection,Normale,Deux véhicules - arrière,2,3,4,0,1,1,1,0,1,90,2,2,1,0,0,1,32.0,32.0,utilitaire_camion,voiture,3,1,1,1,2
202200024636,2022-07-12 18:55:00,2022,7,12,18,55,29,29266,Pont Meur,48.466548,-3.971858,Plein jour,Hors agglomération,Intersection en T,Normale,Deux véhicules - frontale,3,2,2,0,1,1,1,0,1,80,2,2,1,0,0,1,39.0,22.0,voiture,deux_roues,1,1,3,1,1
202200024637,2022-12-15 09:47:00,2022,12,15,9,47,91,91223,SAINT MICHEL (BOULEVARD),48.44168,2.17013,Plein jour,En agglomération,Hors intersection,Normale,Deux véhicules - arrière,4,2,2,0,1,1,1,0,1,50,2,2,1,0,0,1,46.0,45.0,utilitaire_camion,voiture,1,2,1,1,2
202200024638,2022-05-21 20:15:00,2022,5,21,20,15,38,38223,Route du Dauphiné,45.568826,5.266378,Nuit avec éclairage allumé,En agglomération,Hors intersection,Normale,Autre collision,3,2,2,0,2,1,1,0,1,50,1,1,0,0,1,0,26.0,,deux_roues,,5,2,1,1,6
202200024639,2022-07-24 09:20:00,2022,7,24,9,20,29,29037,Le Croissant,47.89813085,-4.18558824,Plein jour,Hors agglomération,Intersection en X,Normale,Deux véhicules - côté,3,2,2,1,1,1,1,5,1,-1,2,2,1,0,0,1,72.0,51.0,deux_roues,voiture,1,1,2,1,3
202200024640,2022-05-22 16:45:00,2022,5,22,16,45,69,69192,Route Départementale 504,46.0336689756,4.5175266266,Plein jour,Hors agglomération,Hors intersection,Normale,Deux véhicules - côté,3,2,2,0,2,2,1,0,1,80,2,2,1,0,0,1,20.0,28.0,voiture,deux_roues,1,1,1,1,3
202200024641,2022-12-10 01:12:00,2022,12,10,1,12,87,87085,DUTREIX (RUE ARMAND),45.83092,1.24794,Nuit avec éclairage allumé,En agglomération,Hors intersection,Normale,Autre collision,4,2,2,0,1,1,1,0,1,50,1,2,1,0,1,0,27.0,,voiture,,5,2,1,1,6
202200024642,2022-07-23 21:12:00,2022,7,23,21,12,03,03291,D480,46.292785,3.602743,Plein jour,Hors agglomération,Hors intersection,Normale,Sans collision,3,2,2,0,2,1,1,0,1,70,1,5,4,0,1,0,25.0,,voiture,,1,1,1,1,7
202200024643,2022-05-21 18:15:00,2022,5,21,18,15,69,69219,Chemin de la Noyeraie,45.6356966642,4.685838384,Plein jour,Hors agglomération,Hors intersection,Normale,Deux véhicules - côté,4,2,2,0,2,3,1,0,1,80,2,2,1,0,1,0,15.0,27.0,deux_roues,utilitaire_camion,1,1,1,1,3
202200024644,2022-12-13 21:30:00,2022,12,13,21,30,87,87085,AUTOROUTE A20,45.86103,1.28616,Nuit avec éclairage non allumé,Hors agglomération,Hors intersection,Pluie légère,Trois véhicules et plus - collisions multiples,1,3,4,0,2,2,2,0,1,90,3,4,2,0,0,2,35.0,41.0,voiture,voiture,4,1,1,2,5
202200024645,2022-07-24 00:30:00,2022,7,24,0,30,03,03082,Rue Jean Jaurès,46.295202,2.738278,Nuit avec éclairage allumé,En agglomération,Hors intersection,Normale,Sans collision,3,2,2,0,2,1,1,0,1,50,1,1,0,0,0,1,32.0,,autre,,5,2,1,1,7
202200024646,2022-05-20 12:00:00,2022,5,20,12,0,69,69287,Avenue Charles de Gaulle,45.696493,5.018456,Plein jour,En agglomération,Intersection en T,Vent fort / tempête,Deux véhicules - côté,3,2,2,2,1,1,1,0,1,50,2,3,2,0,0,1,58.0,45.0,deux_roues,voiture,1,2,3,6,3
202200024647,2022-05-22 21:00:00,2022,5,22,21,0,69,69163,Route des Chères,45.907536,4.760218,Plein jour,Hors agglomération,Hors intersection,Normale,Autre collision,4,2,2,0,1,1,1,0,3,50,1,1,0,0,1,0,21.0,,voiture,,1,1,1,1,6
202200024648,2022-12-13 08:45:00,2022,12,13,8,45,84,84007,MARSEILLE (Route de ),43.92229,4.85724,Crépuscule ou aube,En agglomération,Intersection en X,Pluie forte,Deux véhicules - côté,4,3,4,0,1,1,2,0,1,50,2,2,1,0,1,0,29.0,58.0,voiture,utilitaire_camion,2,2,2,3,3
202200024649,2022-05-20 11:28:00,2022,5,20,11,28,81,81038,Chemin des Vacants,43.8860690515,1.9531331061,Plein jour,Hors agglomération,Intersection en T,Temps éblouissant,Deux véhicules - côté,4,2,1,0,1,1,1,0,1,80,2,2,0,0,1,1,56.0,42.0,utilitaire_camion,utilitaire_camion,1,1,3,7,3
202200024650,2022-12-16 00:05:00,2022,12,16,0,5,83,83137,DESCARTES (RUE / AVE),43.1264,5.89761,Nuit avec éclairage allumé,En agglomération,Intersection en T,Pluie légère,Deux véhicules - frontale,7,2,2,1,1,2,2,0,1,50,2,6,4,0,0,2,54.0,18.0,voiture,voiture,5,2,3,2,1
202200024651,2022-07-21 09:50:00,2022,7,21,9,50,01,01447,CARREFOUR DE LA D979 ET D 42A,46.166873,5.400939,Plein jour,Hors agglomération,Intersection en T,Normale,Deux véhicules - arrière,3,2,2,0,3,1,1,5,1,80,2,2,1,0,0,1,23.0,20.0,voiture,deux_roues,1,1,3,1,2
202200024652,2022-05-23 10:25:00,2022,5,23,10,25,32,32312,Lieu-dit Porteténi,43.616365,0.650108,Plein jour,Hors agglomération,Hors intersection,Temps couvert,Sans collision,4,2,2,0,3,2,1,0,3,50,1,1,0,1,0,0,49.0,,voiture,,1,1,1,8,7
202200024653,2022-12-14 15:25:00,2022,12,14,15,25,82,82121,GAMBETTA (AVENUE),44.01722,1.35864,Plein jour,En agglomération,Giratoire,Normale,Autre collision,4,2,2,0,1,1,1,0,1,50,1,2,1,0,1,0,49.0,,deux_roues,,1,2,6,1,6
202200024654,2022-05-20 19:30:00,2022,5,20,19,30,09,09199,D624 - D29,43.204926,1.624646,Plein jour,Hors agglomération,Intersection en X,Normale,Deux véhicules - côté,3,2,2,0,1,1,1,5,1,80,2,3,2,0,1,0,45.0,24.0,voiture,voiture,1,1,2,1,3
202200024655,2022-05-23 00:15:00,2022,5,23,0,15,17,17318,D735,46.233818,-1.543668,Nuit sans éclairage public,Hors agglomération,Hors intersection,Temps couvert,Sans collision,3,2,2,0,1,1,1,9,2,80,1,1,0,0,1,0,31.0,,deux_roues,,3,1,1,8,7
202200024656,2022-07-24 15:00:00,2022,7,24,15,0,58,58037,Route de la Grand Borne,47.283751,3.873418,Plein jour,Hors agglomération,Hors intersection,Normale,Sans collision,3,2,2,0,2,3,1,0,1,80,1,1,0,0,0,1,29.0,,deux_roues,,1,1,1,1,7
202200024657,2022-05-20 22:15:00,2022,5,20,22,15,14,14060,D515,49.246805,-0.285208,Nuit sans éclairage public,Hors agglomération,Hors intersection,Normale,Autre collision,3,3,4,0,4,3,1,3,3,110,1,1,0,0,0,1,32.0,,voiture,,3,1,1,1,6
202200024658,2022-12-08 13:05:00,2022,12,8,13,5,78,78551,PRIOLET (ALBERT),48.90154,2.07388,Plein jour,En agglomération,Intersection en X,Normale,Deux véhicules - côté,2,1,1,0,1,1,1,0,1,50,2,6,1,0,0,5,48.0,77.0,voiture,voiture,1,2,2,1,3
202200024659,2022-12-13 09:10:00,2022,12,13,9,10,78,78440,BOUAFLE (ROUTE DE),48.97367,1.91246,Plein jour,En agglomération,Intersection en T,Normale,Deux véhicules - arrière,3,2,2,0,1,1,1,0,1,50,2,2,0,0,0,2,36.0,36.0,voiture,voiture,1,2,3,1,2
202200024660,2022-07-23 20:00:00,2022,7,23,20,0,72,72156,D1,48.109373,0.714616,Crépuscule ou aube,Hors agglomération,Hors intersection,Normale,Sans collision,3,2,2,0,2,2,1,0,3,90,1,2,0,0,1,1,36.0,,deux_roues,,2,1,1,1,7
202200024661,2022-05-24 14:30:00,2022,5,24,14,30,60,60500,N2,49.102112,2.744093,Plein jour,Hors agglomération,Hors intersection,Normale,Deux véhicules - arrière,2,1,2,0,1,1,1,0,1,110,2,2,1,0,0,1,28.0,26.0,utilitaire_camion,utilitaire_camion,1,1,1,1,2
202200024662,2022-05-23 20:00:00,2022,5,23,20,0,60,60446,Rue de la Croix Verte,49.13786,2.798542,Plein jour,Hors agglomération,Hors intersection,Normale,Deux véhicules - frontale,3,2,2,0,2,2,1,0,1,80,2,2,1,0,0,1,44.0,39.0,voiture,voiture,1,1,1,1,1
202200024663,2022-07-24 16:05:00,2022,7,24,16,5,14,14514,D675,49.28501,0.182996,Plein jour,En agglomération,Hors intersection,Normale,Autre collision,3,2,2,0,1,1,1,0,1,50,1,1,0,0,1,0,45.0,,deux_roues,,1,2,1,1,6
202200024664,2022-05-24 06:45:00,2022,5,24,6,45,60,60612,Rue du Moulin Saint Etienne,49.201953,2.592258,Crépuscule ou aube,En agglomération,Hors intersection,Normale,Autre collision,4,2,2,0,2,1,1,0,3,50,1,2,1,0,0,1,,,,,2,2,1,1,6
202200024665,2022-12-15 20:00:00,2022,12,15,20,0,77,77449,D231/D406,48.83908,2.78614,Nuit avec éclairage allumé,En agglomération,Giratoire,Normale,Autre collision,3,3,3,0,1,3,2,5,3,50,1,1,0,0,0,1,20.0,,voiture,,5,2,6,1,6
202200024666,2022-05-21 21:00:00,2022,5,21,21,0,60,60612,D1017,49.2249014166,2.5884829759,Crépuscule ou aube,Hors agglomération,Hors intersection,Normale,Sans collision,3,1,1,0,1,3,1,3,3,70,1,1,0,1,0,0,53.0,,deux_roues,,2,1,1,1,7
202200024667,2022-12-15 01:15:00,2022,12,15,1,15,77,77186,D116,48.46919,2.73925,Nuit sans éclairage public,Hors agglomération,Hors intersection,Normale,Sans collision,3,-1,2,0,1,1,1,0,1,80,1,1,0,0,0,1,29.0,,voiture,,3,1,1,1,7
202200024668,2022-05-24 08:36:00,2022,5,24,8,36,60,60515,D36,49.478247,2.53325,Plein jour,Hors agglomération,Hors intersection,Pluie légère,Deux véhicules - côté,3,2,2,0,1,3,2,0,1,80,2,2,1,0,0,1,27.0,45.0,voiture,voiture,1,1,1,2,3
202200024669,2022-07-24 16:15:00,2022,7,24,16,15,14,14102,D264,49.2280366767,0.2119910717,Plein jour,Hors agglomération,Intersection en X,Normale,Deux véhicules - côté,3,2,2,0,1,1,1,0,1,90,2,5,1,0,0,4,31.0,33.0,voiture,voiture,1,1,2,1,3
202200024670,2022-12-15 07:30:00,2022,12,15,7,30,76,76231,Rue Jean Jaurès,49.2917042479,1.0099898279,Nuit avec éclairage allumé,En agglomération,Hors intersection,Normale,Deux véhicules - frontale,7,2,2,0,1,1,2,0,1,50,2,2,1,0,0,1,58.0,17.0,voiture,deux_roues,5,2,1,1,1
202200024671,2022-05-11 19:39:00,2022,5,11,19,39,60,60107,966 Route de Paris,49.3604390663,2.4227659106,Plein jour,En agglomération,Giratoire,Normale,Deux véhicules - côté,3,2,2,0,1,1,1,0,1,50,2,2,1,0,0,1,43.0,67.0,voiture,deux_roues,1,2,6,1,3
202200024672,2022-07-24 16:15:00,2022,7,24,16,15,09,09189,"PK 94+711, N20",42.610448,1.819042,Plein jour,Hors agglomération,Hors intersection,Normale,Sans collision,2,2,2,0,2,4,1,0,1,80,1,2,0,1,1,0,33.0,,deux_roues,,1,1,1,1,7
202200024673,2022-12-15 02:40:00,2022,12,15,2,40,76,76561,Rue de la Republique,49.29748,1.01101,Nuit avec éclairage allumé,En agglomération,Intersection en X,Normale,Autre collision,7,2,2,0,1,1,1,-1,1,50,1,1,0,1,0,0,24.0,,voiture,,5,2,2,1,6