accident_id,datetime,annee,mois,jour,heure,minute,departement,commune_insee,adresse,latitude,longitude,luminosite,agglomeration,intersection,meteo,collision,catr,circ,nbv,vosp,prof,plan,surf,infra,situ,vma,nb_vehicules,nb_usagers,nb_indemnes,nb_tues,nb_blesses_hosp,nb_blesses_legers,age_cond_1,age_cond_2,veh_type_cond_1,veh_type_cond_2,lum_code,agg_code,int_code,atm_code,col_code
202200024674,2022-05-22 22:30:00,2022,5,22,22,30,60,60089,Route départementale 915,49.2167271774,1.8456988333,Nuit sans éclairage public,Hors agglomération,Hors intersection,Normale,Autre collision,3,2,2,0,1,1,1,9,1,80,1,1,0,0,1,0,70.0,,voiture,,3,1,1,1,6
202200024675,2022-07-24 11:50:00,2022,7,24,11,50,18,18108,,46.958217,2.920719,Plein jour,Hors agglomération,Hors intersection,Normale,Deux véhicules - frontale,3,2,2,0,2,3,1,0,1,90,2,2,1,0,1,0,54.0,41.0,voiture,deux_roues,1,1,1,1,1
202200024676,2022-12-14 17:50:00,2022,12,14,17,50,72,72181,TOURS (RTE) LIGNE DROITE DES HUNAUDIERES,47.96149,0.22343,Nuit sans éclairage public,Hors agglomération,Hors intersection,Pluie légère,Deux véhicules - arrière,3,1,1,0,2,1,2,0,1,80,2,2,1,0,0,1,40.0,18.0,voiture,voiture,3,1,1,2,2
202200024677,2022-07-23 20:45:00,2022,7,23,20,45,07,07250,Route d'Annonay,45.143895,4.711637,Crépuscule ou aube,Hors agglomération,Hors intersection,Normale,Autre collision,4,2,1,0,2,4,1,0,8,80,1,1,0,0,1,0,38.0,,voiture,,2,1,1,1,6
202200024678,2022-05-23 16:46:00,2022,5,23,16,46,988,98818,ECHANGEUR BONAPARTE,-22.24265,166.46042,Plein jour,En agglomération,Hors intersection,Pluie légère,Trois véhicules et plus - collisions multiples,3,1,2,0,1,2,2,3,1,50,3,5,3,0,0,2,56.0,53.0,voiture,deux_roues,1,2,1,2,5
202200024679,2022-12-15 19:50:00,2022,12,15,19,50,69,69266,Rue Léon Blum,45.76036,4.90205,Nuit sans éclairage public,En agglomération,Hors intersection,Pluie légère,Autre collision,4,2,2,3,1,1,2,0,1,50,1,2,1,0,0,1,25.0,,voiture,,3,2,1,2,6
202200024680,2022-05-23 18:55:00,2022,5,23,18,55,976,97611,kaweni-Foyer des jeunes ( rue ),-12.77016,45.22087,Nuit avec éclairage allumé,En agglomération,Autre intersection,Normale,Deux véhicules - frontale,4,2,2,0,1,1,1,0,1,30,2,2,0,0,0,2,18.0,32.0,deux_roues,deux_roues,5,2,9,1,1
202200024681,2022-12-15 12:20:00,2022,12,15,12,20,69,69266,Rue Francis de Pressensé,45.77189,4.87001,Plein jour,En agglomération,Giratoire,Pluie légère,Deux véhicules - côté,4,2,2,0,1,3,2,5,1,50,2,2,1,0,1,0,17.0,49.0,deux_roues,voiture,1,2,6,2,3
202200024682,2022-07-23 16:30:00,2022,7,23,16,30,07,07028,Intersection RD104 chemin du Cros,44.387972,4.233534,Plein jour,Hors agglomération,Intersection en Y,Normale,Deux véhicules - arrière,3,2,2,0,1,1,1,0,1,80,2,2,1,0,1,0,42.0,56.0,voiture,deux_roues,1,1,4,1,2
202200024683,2022-05-22 12:00:00,2022,5,22,12,0,974,97411,JAURES (BLD 1 JEAN),-20.89035,55.4657,Plein jour,En agglomération,Intersection en T,Normale,Deux véhicules - côté,2,3,6,0,1,1,1,0,1,50,2,2,1,0,0,1,46.0,40.0,deux_roues,voiture,1,2,3,1,3
202200024684,2022-12-15 07:45:00,2022,12,15,7,45,69,69271,Avenue du Dauphiné,45.73462,4.96576,Nuit avec éclairage non allumé,En agglomération,Giratoire,Autre,Deux véhicules - côté,7,2,2,1,1,1,2,0,5,50,2,2,1,0,0,1,56.0,18.0,voiture,deux_roues,4,2,6,9,3
202200024685,2022-07-24 06:40:00,2022,7,24,6,40,21,21037,D973,46.98722,4.73299,Crépuscule ou aube,Hors agglomération,Hors intersection,Normale,Autre collision,3,2,2,0,4,1,1,0,1,90,1,2,1,0,1,0,19.0,,voiture,,2,1,1,1,6
202200024686,2022-05-22 20:33:00,2022,5,22,20,33,973,97302,THIES(RUE),4.9407189746,-52.334626615,Nuit avec éclairage allumé,En agglomération,Intersection en T,Normale,Autre collision,4,1,1,0,1,1,1,0,1,50,2,3,2,0,0,1,59.0,63.0,voiture,utilitaire_camion,5,2,3,1,6
202200024687,2022-12-14 10:25:00,2022,12,14,10,25,67,67180,D1063,48.832919,7.847209,Plein jour,Hors agglomération,Hors intersection,Neige / grêle,Deux véhicules - frontale,3,2,2,0,1,1,7,0,1,80,2,2,1,0,1,0,51.0,48.0,utilitaire_camion,voiture,1,1,1,4,1
202200024688,2022-05-23 08:40:00,2022,5,23,8,40,972,97209,SALVADOR ALLENDE (AVENUE),14.61032,-61.04962,Plein jour,Hors agglomération,Hors intersection,Normale,Deux véhicules - côté,4,2,2,0,1,1,1,0,1,30,2,2,1,0,0,1,31.0,45.0,deux_roues,voiture,1,1,1,1,3
202200024689,2022-07-23 13:25:00,2022,7,23,13,25,40,40326,3092 Route des Lacs,43.950665,-1.301542,Plein jour,En agglomération,Hors intersection,Normale,Sans collision,3,2,2,0,1,1,1,0,1,50,1,2,1,0,1,0,57.0,,utilitaire_camion,,1,2,1,1,7
202200024690,2022-12-15 14:22:00,2022,12,15,14,22,66,66136,ALDUY (Paul),42.67842,2.90627,Plein jour,En agglomération,Autre intersection,Temps couvert,Deux véhicules - côté,4,2,3,1,2,1,1,0,5,30,2,2,1,0,0,1,54.0,50.0,deux_roues,transport_commun,1,2,9,8,3
202200024691,2022-05-23 18:00:00,2022,5,23,18,0,69,69389,Pont Georges Clémenceau,45.77501,4.80867,Plein jour,En agglomération,Intersection en X,Temps couvert,Deux véhicules - côté,4,2,6,1,1,3,1,2,1,50,2,2,1,0,0,1,23.0,61.0,voiture,deux_roues,1,2,2,8,3
202200024692,2022-12-14 22:30:00,2022,12,14,22,30,66,66136,,42.6945223773,2.9014635086,Nuit avec éclairage non allumé,En agglomération,Intersection en T,Pluie légère,Deux véhicules - frontale,4,2,2,0,3,1,2,0,1,30,2,2,1,0,0,1,28.0,41.0,voiture,deux_roues,4,2,3,2,1
202200024693,2022-05-23 00:50:00,2022,5,23,0,50,69,69034,Viaduc Joseph Picot,45.79244,4.87192,Nuit avec éclairage allumé,En agglomération,Giratoire,Normale,Autre collision,4,2,4,0,2,3,1,9,4,50,1,5,0,0,0,5,21.0,,voiture,,5,2,6,1,6
202200024694,2022-05-22 07:55:00,2022,5,22,7,55,69,69382,Cours de Verdun Perrache,45.7487844343,4.827578233,Plein jour,En agglomération,Hors intersection,Autre,Deux véhicules - frontale,4,1,2,0,2,1,1,1,1,50,2,2,0,0,0,2,60.0,52.0,utilitaire_camion,voiture,1,2,1,9,1
202200024695,2022-12-14 15:17:00,2022,12,14,15,17,66,66136,PALALDA (DE),42.6841,2.90276,Plein jour,En agglomération,Intersection en T,Normale,Autre collision,4,2,2,0,1,1,2,0,1,30,1,2,1,0,1,0,19.0,,voiture,,1,2,3,1,6
202200024696,2022-07-23 17:40:00,2022,7,23,17,40,24,24082,route du quercy,44.86804,1.285706,Plein jour,Hors agglomération,Intersection en X,Normale,Deux véhicules - côté,3,2,2,0,1,1,1,0,1,80,2,5,2,0,2,1,35.0,15.0,voiture,deux_roues,1,1,2,1,3
202200024697,2022-05-23 06:25:00,2022,5,23,6,25,971,97101,RN1-  HAUTEUR DE SORTIE LAURICISQUE,16.2531576303,-61.5339919925,Plein jour,Hors agglomération,Hors intersection,Normale,Deux véhicules - arrière,2,1,2,0,1,1,1,0,1,90,2,2,1,0,1,0,70.0,69.0,voiture,voiture,1,1,1,1,2
202200024698,2022-12-15 09:45:00,2022,12,15,9,45,64,64189,Avenue Jean Jaures,43.380227,-1.668927,Plein jour,En agglomération,Intersection en T,Normale,Deux véhicules - côté,3,2,2,0,1,1,1,0,1,50,2,2,1,0,0,1,20.0,37.0,deux_roues,voiture,1,2,3,1,3
202200024699,2022-05-22 21:15:00,2022,5,22,21,15,971,97113,SECTION MARE-GAILLARD,16.2145904547,-61.4388969541,Nuit sans éclairage public,En agglomération,Hors intersection,Normale,Deux véhicules - frontale,2,2,2,0,3,1,1,0,1,50,2,2,1,0,0,1,,28.0,voiture,deux_roues,3,2,1,1,1
202200024700,2022-07-23 05:25:00,2022,7,23,5,25,24,24064,D98,45.424623,0.612949,Nuit sans éclairage public,Hors agglomération,Hors intersection,Normale,Autre collision,3,2,2,0,1,1,1,0,8,80,1,5,4,0,1,0,20.0,,voiture,,3,1,1,1,6
202200024701,2022-12-15 20:55:00,2022,12,15,20,55,64,64122,Boulevard du BAB,43.48106,-1.5412,Nuit avec éclairage allumé,En agglomération,Giratoire,Pluie légère,Deux véhicules - côté,4,2,4,0,2,2,2,5,1,30,2,3,2,0,0,1,27.0,20.0,deux_roues,voiture,5,2,6,2,3
202200024702,2022-05-23 19:20:00,2022,5,23,19,20,971,97105,CHARLES DE GAULLE (BD DU GENERAL),15.994953851,-61.7313730717,Nuit sans éclairage public,En agglomération,Hors intersection,Normale,Autre collision,4,2,2,0,1,1,1,0,1,50,1,2,1,0,1,0,60.0,,voiture,,3,2,1,1,6
202200024703,2022-07-24 18:10:00,2022,7,24,18,10,04,04055,RN 85,43.961685,6.32761,Plein jour,Hors agglomération,Hors intersection,Normale,Autre collision,2,2,2,0,1,2,1,0,3,80,1,1,0,0,1,0,35.0,,deux_roues,,1,1,1,1,6
202200024704,2022-05-21 20:00:00,2022,5,21,20,0,971,97105,BD GERTY ARCHIMEDE,15.9898159532,-61.7273578048,Nuit avec éclairage allumé,En agglomération,Hors intersection,Normale,Deux véhicules - arrière,2,1,1,0,1,1,1,6,1,50,2,4,3,0,0,1,32.0,49.0,voiture,voiture,5,2,1,1,2
202200024705,2022-12-15 14:40:00,2022,12,15,14,40,62,62225,GRAND NIEPPE (RUE DU...............),50.769,2.36957,Plein jour,En agglomération,Hors intersection,Normale,Deux véhicules - frontale,3,2,2,0,1,2,7,0,1,50,2,2,0,0,0,2,28.0,38.0,voiture,voiture,1,2,1,1,1
202200024706,2022-07-24 17:50:00,2022,7,24,17,50,85,85234,Route des Pommettes,46.83125,-2.052943,Plein jour,Hors agglomération,Hors intersection,Temps éblouissant,Sans collision,3,2,2,0,1,2,1,0,8,80,1,2,0,1,1,0,48.0,,deux_roues,,1,1,1,7,7
202200024707,2022-05-22 20:05:00,2022,5,22,20,5,2A,2A004,PRINCE IMPERIAL COURS,41.93403,8.74518,Plein jour,En agglomération,Hors intersection,Normale,Sans collision,2,1,2,0,1,1,1,0,1,50,1,1,0,0,0,1,49.0,,deux_roues,,1,2,1,1,7
202200024708,2022-12-15 16:30:00,2022,12,15,16,30,59,59599,EGALITE (BOULEVARD DE L'),50.733894,3.168352,Crépuscule ou aube,En agglomération,Intersection en X,Normale,Deux véhicules - côté,4,-1,1,0,1,1,1,0,1,50,2,2,1,0,0,1,19.0,,deux_roues,voiture,2,2,2,1,3
202200024709,2022-05-22 16:15:00,2022,5,22,16,15,95,95598,Rue de Montmorency,48.990153962,2.3067399859,Plein jour,En agglomération,Hors intersection,Pluie légère,Deux véhicules - arrière,4,2,2,0,1,1,2,0,1,50,2,4,1,0,0,3,42.0,35.0,voiture,voiture,1,2,1,2,2
202200024710,2022-12-10 16:40:00,2022,12,10,16,40,57,57019,CIMENTERIE (RUE DE LA),49.25707,6.11491,Plein jour,En agglomération,Hors intersection,Normale,Deux véhicules - frontale,3,2,2,0,1,1,1,0,1,50,2,2,1,0,0,1,48.0,33.0,voiture,voiture,1,2,1,1,1
202200024711,2022-05-23 20:10:00,2022,5,23,20,10,91,91377, AVENUE DE PARIS,48.722924,2.263161,Plein jour,En agglomération,Hors intersection,Normale,Deux véhicules - côté,4,1,2,1,1,1,1,0,4,50,2,2,1,0,0,1,19.0,19.0,deux_roues,voiture,1,2,1,1,3
202200024712,2022-07-23 10:00:00,2022,7,23,10,0,27,27565,"Route départementale 61, PK 13",48.899491,0.851923,Plein jour,Hors agglomération,Hors intersection,Normale,Deux véhicules - côté,3,2,2,0,1,1,1,0,1,80,2,2,1,0,0,1,74.0,63.0,deux_roues,voiture,1,1,1,1,3
202200024713,2022-05-23 10:00:00,2022,5,23,10,0,91,91514,CD 33,48.66455,2.52543,Plein jour,Hors agglomération,Hors intersection,Pluie légère,Deux véhicules - arrière,3,1,0,0,1,1,2,0,1,70,2,2,0,0,0,2,27.0,31.0,voiture,voiture,1,1,1,2,2
202200024714,2022-12-14 17:04:00,2022,12,14,17,4,56,56260,50 Avenue Gontran Bienvenu,47.65349775,-2.70787462,Crépuscule ou aube,En agglomération,Intersection en T,Temps couvert,Deux véhicules - côté,4,2,2,0,1,1,2,0,1,50,2,2,1,0,0,1,19.0,55.0,voiture,utilitaire_camion,2,2,3,8,3
202200024715,2022-07-23 16:52:00,2022,7,23,16,52,87,87008,Chez Ledon,46.261362,1.091643,Plein jour,Hors agglomération,Hors intersection,Normale,Autre collision,3,2,2,0,1,1,1,0,3,90,1,1,0,0,1,0,20.0,,voiture,,1,1,1,1,6
202200024716,2022-05-21 21:00:00,2022,5,21,21,0,91,91223,CHARPENTIER (AVENUE THEODORE),48.42727,2.14958,Plein jour,En agglomération,Hors intersection,Normale,Deux véhicules - frontale,3,-1,0,0,1,1,1,0,1,50,2,2,1,0,0,1,20.0,55.0,voiture,voiture,1,2,1,1,1
202200024717,2022-12-16 00:01:00,2022,12,16,0,1,51,51454,rue Paul Vaillant Couturier,49.271498,4.017154,Nuit avec éclairage allumé,En agglomération,Hors intersection,Brouillard / fumée,Autre collision,4,2,2,0,1,1,2,0,1,30,1,2,1,0,0,1,21.0,,voiture,,5,2,1,5,6
202200024718,2022-07-23 14:00:00,2022,7,23,14,0,87,87133,RN 145,46.201644,1.354473,Plein jour,Hors agglomération,Hors intersection,Normale,Deux véhicules - frontale,2,2,2,0,1,1,1,0,1,80,2,2,0,0,1,1,27.0,36.0,voiture,voiture,1,1,1,1,1
202200024719,2022-05-23 20:22:00,2022,5,23,20,22,90,90032,ANCIEN COMBATTANT (RUE DES ),47.62057,6.86215,Crépuscule ou aube,En agglomération,Hors intersection,Temps couvert,Deux véhicules - côté,3,-1,2,0,1,1,1,0,1,50,2,2,1,0,1,0,46.0,77.0,deux_roues,voiture,2,2,1,8,3
202200024720,2022-12-15 17:35:00,2022,12,15,17,35,51,51474,Place Charles de Gaulle,49.2645268883,3.9870581031,Nuit avec éclairage non allumé,En agglomération,Giratoire,Normale,Sans collision,4,1,1,0,1,3,1,0,1,50,1,2,1,0,0,1,70.0,,voiture,,4,2,6,1,7
202200024721,2022-05-22 15:51:00,2022,5,22,15,51,90,90010,BRISACH (AVENUE DE),47.64563,6.8777,Plein jour,En agglomération,Hors intersection,Normale,Autre collision,3,2,2,0,3,1,1,2,1,50,1,2,0,0,0,2,77.0,,voiture,,1,2,1,1,6
202200024722,2022-07-23 19:20:00,2022,7,23,19,20,37,37018,83 Route des Vallées,47.36329,0.628281,Plein jour,Hors agglomération,Hors intersection,Normale,Autre collision,7,2,2,0,1,2,1,0,3,70,1,1,0,0,1,0,23.0,,voiture,,1,1,1,1,6
202200024723,2022-12-15 11:15:00,2022,12,15,11,15,51,51454,boulevard Victor Lambert,49.2435360543,4.0455946326,Plein jour,En agglomération,Hors intersection,Normale,Sans collision,4,2,2,0,1,1,1,9,1,50,1,2,1,0,0,1,20.0,,voiture,,1,2,1,1,7
202200024724,2022-05-23 11:15:00,2022,5,23,11,15,87,87085,GUE DE VERTHAMONT (RUE),45.818743,1.223052,Plein jour,En agglomération,Intersection en X,Pluie légère,Sans collision,4,2,2,0,1,1,2,5,1,50,1,1,0,0,0,1,18.0,,deux_roues,,1,2,2,2,7
202200024725,2022-07-11 16:03:00,2022,7,11,16,3,01,01032,Autoroute A42 sens LYON/GENÈVE pk 024+400,45.86156,5.168483,Plein jour,Hors agglomération,Hors intersection,Normale,Autre collision,1,1,5,0,1,1,1,0,3,130,1,2,1,0,0,1,60.0,,utilitaire_camion,,1,1,1,1,6
202200024726,2022-05-21 12:44:00,2022,5,21,12,44,87,87085,BEAUBREUIL (PLACE DE),45.88119,1.29141,Plein jour,En agglomération,Hors intersection,Normale,Deux véhicules - côté,4,2,2,0,1,1,1,0,1,30,2,2,1,0,0,1,25.0,78.0,deux_roues,voiture,1,2,1,1,3
202200024727,2022-12-14 23:13:00,2022,12,14,23,13,49,49007,VOLTAIRE,47.47057,-0.55309,Nuit avec éclairage allumé,En agglomération,Hors intersection,Normale,Trois véhicules et plus - collisions multiples,4,1,2,0,1,1,1,0,1,30,3,3,2,0,1,0,18.0,19.0,deux_roues,voiture,5,2,1,1,5
202200024728,2022-05-22 11:34:00,2022,5,22,11,34,87,87075,RN 21,45.79578,1.22457,Plein jour,Hors agglomération,Hors intersection,Normale,Autre collision,2,2,2,0,1,2,1,0,1,70,1,1,0,0,1,0,56.0,,deux_roues,,1,1,1,1,6
202200024729,2022-09-13 07:45:00,2022,9,13,7,45,38,38421,RUE DES TAILLÉES,45.19547,5.76334,Plein jour,En agglomération,Hors intersection,Normale,Autre collision,9,2,1,1,1,1,1,0,1,50,2,2,1,1,0,0,,67.0,deux_roues,deux_roues,1,2,1,1,6
202200024730,2022-05-03 15:45:00,2022,5,3,15,45,85,85191,rond-point Duchesne-de-Denant,46.65056,-1.43727,Plein jour,En agglomération,Giratoire,Normale,Deux véhicules - côté,4,2,1,1,1,1,1,5,5,50,2,2,1,1,0,0,34.0,75.0,voiture,deux_roues,1,2,6,1,3
202200024731,2022-12-15 08:19:00,2022,12,15,8,19,35,35051,METAIRIES (BOULEVARD DES),48.1234677555,-1.6014531255,Plein jour,En agglomération,Giratoire,Normale,Deux véhicules - côté,4,2,2,1,1,1,1,0,5,50,2,2,1,0,0,1,46.0,30.0,voiture,deux_roues,1,2,6,1,3
202200024732,2022-05-22 00:30:00,2022,5,22,0,30,83,83062,THOUAR MONTEE,43.133709,6.009352,Nuit avec éclairage allumé,En agglomération,Hors intersection,Normale,Deux véhicules - frontale,4,2,2,0,2,3,1,0,1,50,2,3,1,0,0,2,50.0,23.0,voiture,voiture,5,2,1,1,1
202200024733,2022-12-15 08:30:00,2022,12,15,8,30,34,34108,224 Avenue du Maréchal Juin,43.42868,3.72939,Crépuscule ou aube,En agglomération,Hors intersection,Pluie forte,Autre collision,4,2,2,0,1,1,2,0,1,50,2,3,2,0,1,0,52.0,18.0,voiture,voiture,2,2,1,3,6
202200024734,2022-05-19 14:15:00,2022,5,19,14,15,83,83129,SOLVIOU (CORNICHE DE),43.1066,5.81425,Plein jour,En agglomération,Giratoire,Normale,Deux véhicules - côté,7,1,1,0,4,2,1,0,1,50,2,3,0,0,1,2,38.0,20.0,utilitaire_camion,voiture,1,2,6,1,3
202200024735,2022-12-14 22:41:00,2022,12,14,22,41,34,34172,660 Avenue de Barcelone,43.62671,3.8175,Nuit avec éclairage allumé,En agglomération,Hors intersection,Temps couvert,Autre collision,4,2,4,3,1,1,2,0,6,30,1,2,1,1,0,0,22.0,,voiture,,5,2,1,8,6
202200024736,2022-07-23 13:45:00,2022,7,23,13,45,13,13086,A52  PK 019.910,43.32748,5.600528,Plein jour,Hors agglomération,Hors intersection,Normale,Deux véhicules - arrière,1,1,5,0,2,1,1,0,1,130,2,3,1,0,0,2,30.0,17.0,utilitaire_camion,voiture,1,1,1,1,2
202200024737,2022-05-10 17:40:00,2022,5,10,17,40,83,83123,BANDOL (ROUTE)N° IMPAIRS,43.12508,5.78878,Plein jour,En agglomération,Hors intersection,Normale,Deux véhicules - arrière,3,2,2,0,1,1,1,0,1,50,2,2,1,0,1,0,71.0,21.0,deux_roues,deux_roues,1,2,1,1,2
202200024738,2022-05-18 16:10:00,2022,5,18,16,10,80,80021,JACOBINS (RUE DES),49.891452713,2.2998024523,Plein jour,En agglomération,Hors intersection,Normale,Autre collision,4,1,2,0,1,1,1,0,1,30,1,2,1,0,0,1,26.0,,voiture,,1,2,1,1,6
202200024739,2022-12-13 23:10:00,2022,12,13,23,10,34,34172,Avenue de la Liberté,43.61137,3.82873,Nuit avec éclairage allumé,En agglomération,Intersection en X,Pluie légère,Autre collision,7,2,4,0,1,1,2,0,1,50,1,2,1,0,0,1,22.0,,voiture,,5,2,2,2,6
202200024740,2022-05-21 08:00:00,2022,5,21,8,0,80,80021,JULES BARNI (RUE),49.88543,2.32004,Plein jour,En agglomération,Hors intersection,Normale,Autre collision,4,2,3,0,1,1,1,0,1,50,1,2,1,0,0,1,52.0,,voiture,,1,2,1,1,6
202200024741,2022-07-23 23:30:00,2022,7,23,23,30,53,53269,RN12,48.3040498489,-0.8402658926,Nuit sans éclairage public,Hors agglomération,Hors intersection,Normale,Deux véhicules - frontale,2,2,2,0,1,1,1,0,1,80,2,3,0,2,1,0,44.0,52.0,voiture,voiture,3,1,1,1,1
202200024742,2022-12-15 14:45:00,2022,12,15,14,45,33,33063,Boulevard Alfred Daney,44.86882,-0.56909,Plein jour,En agglomération,Hors intersection,Temps couvert,Deux véhicules - arrière,4,2,4,2,1,1,2,0,1,50,2,3,2,0,0,1,55.0,27.0,voiture,utilitaire_camion,1,2,1,8,2
202200024743,2022-05-19 20:50:00,2022,5,19,20,50,80,80021,ELBEUF (RUE D'),49.88557,2.26536,Plein jour,En agglomération,Intersection en T,Normale,Deux véhicules - côté,4,2,2,1,1,1,1,0,1,50,2,2,1,0,0,1,52.0,26.0,deux_roues,voiture,1,2,3,1,3
202200024744,2022-07-23 16:30:00,2022,7,23,16,30,988,98826,RM8 - POUM,-20.19486,164.09122,Plein jour,Hors agglomération,Hors intersection,Pluie forte,Autre collision,4,2,2,0,1,3,2,0,3,90,1,1,0,1,0,0,31.0,,utilitaire_camion,,1,1,1,3,6
202200024745,2022-05-23 17:15:00,2022,5,23,17,15,78,78133,RN.13,48.91005,2.03802,Plein jour,En agglomération,Hors intersection,Pluie légère,Trois véhicules et plus - collisions multiples,3,1,2,0,1,1,2,0,1,50,3,4,3,0,0,1,21.0,20.0,voiture,voiture,1,2,1,2,5
202200024746,2022-12-14 17:15:00,2022,12,14,17,15,33,33192,Rue du Moulineau,44.77273,-0.60121,Crépuscule ou aube,En agglomération,Hors intersection,Normale,Deux véhicules - côté,4,2,2,2,1,1,2,0,1,50,2,2,1,0,0,1,75.0,17.0,voiture,deux_roues,2,2,1,1,3
202200024747,2022-05-22 15:35:00,2022,5,22,15,35,78,78551,FOCH (AVENUE DU MARECHAL),48.89995,2.088643,Plein jour,En agglomération,Intersection en X,Pluie légère,Deux véhicules - frontale,3,3,0,0,1,1,2,0,1,50,2,3,1,0,0,2,16.0,63.0,deux_roues,voiture,1,2,2,2,1
202200024748,2022-07-24 11:50:00,2022,7,24,11,50,988,98811,Avenue LAPITA - RT1 - KONE,-21.059304,164.858501,Plein jour,En agglomération,Hors intersection,Normale,Autre collision,2,2,2,0,1,1,1,0,4,50,1,3,1,0,1,1,25.0,,voiture,,1,2,1,1,6
202200024749,2022-12-15 22:50:00,2022,12,15,22,50,32,32013,PESSAN (ROUTE DE),43.63039,0.63269,Nuit sans éclairage public,Hors agglomération,Hors intersection,Pluie légère,Autre collision,3,2,2,0,2,2,2,0,1,80,1,1,0,0,0,1,22.0,,voiture,,3,1,1,2,6
202200024750,2022-12-14 19:15:00,2022,12,14,19,15,30,30007,CARNOT (AVE),44.1213,4.0879,Nuit avec éclairage allumé,En agglomération,Hors intersection,Normale,Deux véhicules - arrière,2,-1, -1,0,1,1,1,0,1,50,2,2,1,0,0,1,51.0,36.0,voiture,voiture,5,2,1,1,2
202200024751,2022-07-23 07:15:00,2022,7,23,7,15,971,97124,Rue Robert Tamas,16.028893,-61.696998,Plein jour,En agglomération,Hors intersection,Normale,Deux véhicules - côté,2,2,2,0,3,4,1,0,3,50,2,2,0,0,1,0,56.0,,voiture,voiture,1,2,1,1,3
202200024752,2022-05-22 04:40:00,2022,5,22,4,40,77,77445,D150,48.58726,2.59482,Nuit sans éclairage public,En agglomération,Giratoire,Normale,Deux véhicules - frontale,3,2,2,0,1,1,1,0,1,50,2,2,0,0,0,2,27.0,24.0,voiture,utilitaire_camion,3,2,6,1,1
202200024753,2022-12-14 20:30:00,2022,12,14,20,30,29,29019,Rond Point de Pen Ar Chleuz,48.4151079539,-4.4798517822,Nuit avec éclairage allumé,En agglomération,Hors intersection,Normale,Deux véhicules - arrière,7,-1,4,0,1,1,1,0,1,50,2,2,1,0,0,1,72.0,19.0,voiture,voiture,5,2,1,1,2
202200024754,2022-05-06 16:27:00,2022,5,6,16,27,77,77067,BOISSENART CENTRE COMMERCIAL,48.5856919482,2.6021342729,Plein jour,Hors agglomération,Hors intersection,Normale,Deux véhicules - côté,4,2,2,0,1,1,1,6,1,30,2,2,0,0,0,2,54.0,24.0,voiture,voiture,1,1,1,1,3
202200024755,2022-12-14 14:45:00,2022,12,14,14,45,29,29019,boulevard Commandant René Mouchotte,48.38935,-4.50968,Plein jour,En agglomération,Hors intersection,Normale,Autre collision,4,-1,2,0,1,1,1,0,1,50,1,1,0,0,0,1,38.0,,voiture,,1,2,1,1,6
202200024756,2022-05-21 20:10:00,2022,5,21,20,10,76,76351,BOURDALOUE,49.4997,0.14367,Plein jour,En agglomération,Intersection en T,Normale,Autre collision,4,2,2,0,1,1,1,0,1,50,1,1,0,1,0,0,36.0,,voiture,,1,2,3,1,6
202200024757,2022-07-24 06:00:00,2022,7,24,6,0,66,66212,,42.751999,2.985932,Crépuscule ou aube,Hors agglomération,Hors intersection,Normale,Deux véhicules - frontale,3,2,2,0,1,2,1,0,1,80,2,5,0,0,1,4,30.0,31.0,voiture,voiture,2,1,1,1,1
202200024758,2022-12-15 20:35:00,2022,12,15,20,35,27,27229,CITES UNIES (BOULEVARD DES),49.01126,1.14191,Nuit avec éclairage allumé,Hors agglomération,Hors intersection,Normale,Deux véhicules - frontale,4,3,2,0,2,1,1,0,1,70,2,4,0,0,0,4,27.0,20.0,voiture,voiture,5,1,1,1,1
202200024759,2022-05-22 15:40:00,2022,5,22,15,40,76,76217,AVENUE JEAN RIBLET,49.9216451533,1.0938526325,Plein jour,En agglomération,Hors intersection,Normale,Deux véhicules - frontale,4,-1,2,0,1,3,1,0,1,50,2,3,0,0,2,1,64.0,29.0,voiture,utilitaire_camion,1,2,1,1,1
202200024760,2022-07-24 17:40:00,2022,7,24,17,40,84,84019,Avenue Jean Moulin,44.316844,4.742821,Plein jour,En agglomération,Giratoire,Normale,,3,2,1,0,1,3,1,0,3,70,1,1,0,0,1,0,37.0,,deux_roues,,1,2,6,1,-1
202200024761,2022-05-22 14:20:00,2022,5,22,14,20,76,76414,RD 485,49.91291,1.10549,Plein jour,En agglomération,Hors intersection,Normale,Autre collision,3,1,4,0,2,1,1,0,1,90,1,1,0,0,1,0,21.0,,deux_roues,,1,2,1,1,6
202200024762,2022-12-15 10:25:00,2022,12,15,10,25,27,27229,COCHEREL (RUE DE),49.02189,1.17834,Plein jour,En agglomération,Intersection en T,Normale,Deux véhicules - frontale,4,2,2,0,1,1,1,0,1,50,2,2,1,0,0,1,72.0,24.0,voiture,voiture,1,2,3,1,1
202200024763,2022-05-23 08:20:00,2022,5,23,8,20,71,71540,PERRAUDINS (LES),46.76389,4.46417,Plein jour,Hors agglomération,Hors intersection,Pluie légère,Sans collision,4,2,2,0,1,2,2,8,1,80,1,2,1,0,0,1,40.0,,voiture,,1,1,1,2,7
202200024764,2022-12-15 01:04:00,2022,12,15,1,4,24,24037,D709 (Rte de Mussidan),44.86743,0.45748,Nuit sans éclairage public,Hors agglomération,Hors intersection,Temps couvert,Deux véhicules - arrière,3,2,2,0,1,3,1,0,1,80,2,2,1,0,1,0,23.0,17.0,voiture,deux_roues,3,1,1,8,2