accident_id,datetime,annee,mois,jour,heure,minute,departement,commune_insee,adresse,latitude,longitude,luminosite,agglomeration,intersection,meteo,collision,catr,circ,nbv,vosp,prof,plan,surf,infra,situ,vma,nb_vehicules,nb_usagers,nb_indemnes,nb_tues,nb_blesses_hosp,nb_blesses_legers,age_cond_1,age_cond_2,veh_type_cond_1,veh_type_cond_2,lum_code,agg_code,int_code,atm_code,col_code
202200024856,2022-12-15 20:20:00,2022,12,15,20,20,93,93046,Boulevard Robert Schuman / Allee Jean Coulon,48.92925,2.5519,Nuit avec éclairage allumé,En agglomération,Intersection en X,Normale,Deux véhicules - côté,4,2,2,0,1,1,2,0,1,50,2,2,0,0,0,2,30.0,22.0,deux_roues,voiture,5,2,2,1,3
202200024857,2022-12-15 22:20:00,2022,12,15,22,20,93,93031,Avenue de la République,48.9473358528,2.3418973555,Nuit avec éclairage allumé,En agglomération,Autre intersection,Normale,Autre collision,3,3,2,0,1,1,1,9,1,50,1,2,1,0,1,0,71.0,,voiture,,5,2,9,1,6
202200024858,2022-12-15 00:17:00,2022,12,15,0,17,93,93031,Avenue d'Enghien / Rue d'Ormesson,48.9605722747,2.3068038823,Nuit avec éclairage non allumé,En agglomération,Intersection en X,Normale,Deux véhicules - côté,3,2,2,0,1,1,1,0,1,50,2,2,1,0,1,0,27.0,59.0,voiture,voiture,4,2,2,1,3
202200024859,2022-04-24 03:40:00,2022,4,24,3,40,92,92004,MARNE   ( AVENUE DE LA ),48.90727,2.28295,Nuit avec éclairage allumé,En agglomération,Hors intersection,Normale,Autre collision,3,-1,1,0,1,1,1,0,1,50,2,2,1,0,0,1,,56.0,autre,deux_roues,5,2,1,1,6
202200024860,2022-12-15 20:15:00,2022,12,15,20,15,93,93001,Rue Charles Tillon,48.915813,2.392613,Nuit avec éclairage allumé,En agglomération,Hors intersection,Normale,Autre collision,3,3,4,2,1,1,1,0,5,50,1,2,1,0,0,1,58.0,,voiture,,5,2,1,1,6
202200024861,2022-12-15 16:50:00,2022,12,15,16,50,93,93001,Rue des Cités / Avenue de la République,48.908,2.38781,Nuit avec éclairage allumé,En agglomération,Intersection en X,Temps couvert,Deux véhicules - côté,3,2,2,-1,1,1,1,0,2,-1,2,3,2,0,0,1,32.0,26.0,transport_commun,deux_roues,5,2,2,8,3
202200024862,2022-07-22 08:00:00,2022,7,22,8,0,974,97416,AERODROME (CHEMIN DE L'),-21.318946,55.427884,Plein jour,En agglomération,Autre intersection,Normale,Deux véhicules - côté,4,-1,2,0,1,1,1,0,1,50,2,2,1,0,0,1,48.0,56.0,voiture,deux_roues,1,2,9,1,3
202200024863,2022-12-15 17:55:00,2022,12,15,17,55,92,92073,CROIX-DU-ROY (CARREFOUR DE LA),48.861785,2.212564,Nuit avec éclairage allumé,En agglomération,Autre intersection,Normale,Sans collision,3,2,5,3,1,2,1,0,1,50,1,1,0,0,0,1,33.0,,deux_roues,,5,2,9,1,7
202200024864,2022-12-15 07:20:00,2022,12,15,7,20,92,92072,BINELLES (RUE DES),48.822810486,2.217336595,Nuit avec éclairage allumé,En agglomération,Intersection à plus de 4 branches,Normale,Deux véhicules - côté,4,2,0,0,1,1,1,0,1,30,2,2,1,0,0,1,54.0,29.0,voiture,deux_roues,5,2,5,1,3
202200024865,2022-12-15 05:33:00,2022,12,15,5,33,92,92049,DORMOY AVENUE MARX N°2 A 100,48.8099,2.31756,Nuit avec éclairage allumé,En agglomération,Hors intersection,Normale,Autre collision,3,2,2,0,2,1,1,0,1,50,1,2,1,0,1,0,42.0,,utilitaire_camion,,5,2,1,1,6
202200024866,2022-07-22 08:55:00,2022,7,22,8,55,974,97409,CAMBUSTON (rue de),-20.93234,55.64602,Plein jour,En agglomération,Giratoire,Normale,Deux véhicules - côté,3,2,2,0,1,1,1,0,1,50,2,2,1,0,0,1,61.0,23.0,deux_roues,voiture,1,2,6,1,3
202200024867,2022-12-14 14:41:00,2022,12,14,14,41,92,92049,RACINE RUE N°1 A 23 ET 2 A 22,48.811227,2.318414,Plein jour,En agglomération,Intersection en X,Temps couvert,Deux véhicules - côté,4,1,2,0,1,1,1,8,1,50,2,2,1,0,0,1,23.0,29.0,utilitaire_camion,deux_roues,1,2,2,8,3
202200024868,2022-12-15 11:00:00,2022,12,15,11,0,92,92025,PAUL BERT (RUE),48.931167,2.244384,Plein jour,En agglomération,Intersection en T,Normale,Deux véhicules - côté,3,2,2,0,1,1,1,0,1,30,2,2,1,0,0,1,70.0,34.0,deux_roues,voiture,1,2,3,1,3
202200024869,2022-12-15 19:05:00,2022,12,15,19,5,92,92012,YVES KERMEN (RUE) 51/FIN - 40/FIN,48.8257643737,2.2466174662,Nuit sans éclairage public,En agglomération,Hors intersection,Normale,Deux véhicules - côté,4,2,2,0,1,1,1,0,1,30,2,2,1,0,0,1,53.0,33.0,voiture,deux_roues,3,2,1,1,3
202200024870,2022-12-15 12:00:00,2022,12,15,12,0,92,92012,REINE (ROUTE DE LA) 39/107 BIS,48.83983,2.2379,Plein jour,En agglomération,Hors intersection,Normale,Deux véhicules - frontale,3,2,2,1,1,1,1,0,1,50,2,2,1,0,0,1,74.0,27.0,voiture,voiture,1,2,1,1,1
202200024871,2022-07-21 12:10:00,2022,7,21,12,10,974,97407,CARPAYE(AVENUE),-20.9488,55.3002,Plein jour,En agglomération,Hors intersection,Normale,Deux véhicules - arrière,4,2,2,0,1,1,1,0,1,30,2,2,1,0,1,0,44.0,28.0,voiture,utilitaire_camion,1,2,1,1,2
202200024872,2022-12-14 18:43:00,2022,12,14,18,43,92,92009,EUROPE (AVENUE),48.90608,2.25822,Nuit avec éclairage allumé,En agglomération,Intersection en T,Normale,Deux véhicules - côté,3,2,2,0,1,1,2,0,1,50,2,3,2,0,0,1,60.0,24.0,voiture,deux_roues,5,2,3,1,3
202200024873,2022-12-15 06:05:00,2022,12,15,6,5,92,92004,DOCTEUR DERVAUX  ( QUAI DU ),48.9113260086,2.2987185716,Nuit avec éclairage allumé,En agglomération,Hors intersection,Normale,Deux véhicules - frontale,3,-1,2,1,1,1,1,2,5,50,2,2,1,0,0,1,30.0,36.0,deux_roues,deux_roues,5,2,1,1,1
202200024874,2022-07-22 16:35:00,2022,7,22,16,35,973,97302,,4.92685,-52.30221,Plein jour,En agglomération,Hors intersection,Normale,Deux véhicules - frontale,4,2,2,0,1,3,9,0,1,50,2,2,0,0,0,2,28.0,37.0,deux_roues,deux_roues,1,2,1,1,1
202200024875,2022-12-15 08:05:00,2022,12,15,8,5,92,92004,DOCTEUR DERVAUX  ( QUAI DU ),48.910961,2.297367,Crépuscule ou aube,En agglomération,Intersection en T,Normale,Autre collision,3,3,2,0,1,1,1,0,1,50,1,2,1,0,0,1,77.0,,voiture,,2,2,3,1,6
202200024876,2022-12-16 15:00:00,2022,12,16,15,0,974,97415,RN1 - PK 26,-20.99574,55.286508,Plein jour,Hors agglomération,Hors intersection,Temps couvert,Deux véhicules - arrière,2,3,2,0,1,1,1,0,1,110,2,2,1,0,1,0,30.0,33.0,voiture,deux_roues,1,1,1,8,2
202200024877,2022-12-14 14:35:00,2022,12,14,14,35,83,83154,D562,43.478841,6.274846,Plein jour,Hors agglomération,Hors intersection,Temps couvert,Autre collision,3,2,2,0,1,2,2,0,3,80,1,1,0,0,1,0,73.0,,voiture,,1,1,1,8,6
202200024878,2022-07-22 18:15:00,2022,7,22,18,15,69,69386,Rue de Créqui,45.77278,4.84531,Plein jour,En agglomération,Intersection en X,Normale,Deux véhicules - côté,4,1,1,0,1,1,1,9,1,50,2,2,1,0,0,1,26.0,55.0,voiture,deux_roues,1,2,2,1,3
202200024879,2022-12-15 17:50:00,2022,12,15,17,50,35,35265,les Chesnots,48.3741620566,-1.8643699586,Nuit sans éclairage public,En agglomération,Hors intersection,Normale,Autre collision,3,2,2,0,1,1,1,0,1,50,1,2,1,1,0,0,28.0,,voiture,,3,2,1,1,6
202200024880,2022-12-16 09:30:00,2022,12,16,9,30,68,68300,D55,47.788018,7.417145,Plein jour,Hors agglomération,Hors intersection,Neige / grêle,Sans collision,3,1,2,0,1,1,2,0,3,80,1,2,0,0,0,2,20.0,,voiture,,1,1,1,4,7
202200024881,2022-12-16 10:30:00,2022,12,16,10,30,59,59478,Route du Vallon Vert,50.945487,2.48549,Plein jour,Hors agglomération,Hors intersection,Autre,Sans collision,3,2,2,0,1,1,7,0,1,80,1,1,0,0,0,1,18.0,,deux_roues,,1,1,1,9,7
202200024882,2022-12-13 13:15:00,2022,12,13,13,15,85,85109,Rue de la Guerche,46.86254,-1.0068523,Plein jour,En agglomération,Hors intersection,Normale,Autre collision,4,2,2,0,1,1,1,8,1,50,1,1,0,0,1,0,68.0,,deux_roues,,1,2,1,1,6
202200024883,2022-07-22 14:10:00,2022,7,22,14,10,69,69388,Boulevard Pinel,45.7306352236,4.8875883222,Plein jour,En agglomération,Intersection en X,Normale,Deux véhicules - côté,4,2,4,2,1,1,1,0,1,50,2,3,2,0,0,1,25.0,27.0,voiture,voiture,1,2,2,1,3
202200024884,2022-12-13 22:35:00,2022,12,13,22,35,77,77278,D111,48.776221,3.175663,Nuit avec éclairage non allumé,Hors agglomération,Hors intersection,Normale,Sans collision,3,2,2,0,1,1,1,0,8,80,1,1,0,0,0,1,33.0,,voiture,,4,1,1,1,7
202200024885,2022-12-16 07:15:00,2022,12,16,7,15,62,62102,D341,50.649484,1.902778,Crépuscule ou aube,Hors agglomération,Hors intersection,Autre,Autre collision,3,2,2,0,2,1,7,0,3,80,1,1,0,0,0,1,22.0,,voiture,,2,1,1,9,6
202200024886,2022-12-16 13:00:00,2022,12,16,13,0,2B,2B166,canorchia,42.502739,9.435126,Plein jour,Hors agglomération,Hors intersection,Pluie légère,Autre collision,3,2,2,0,2,2,2,0,3,80,1,1,0,1,0,0,79.0,,voiture,,1,1,1,2,6
202200024887,2022-07-22 12:10:00,2022,7,22,12,10,69,69383,Avenue Georges Pompidou,45.75909,4.86177,Plein jour,En agglomération,Intersection en X,Normale,Autre collision,4,2,4,0,1,1,1,0,1,30,1,2,1,0,0,1,64.0,,deux_roues,,1,2,2,1,6
202200024888,2022-12-15 07:45:00,2022,12,15,7,45,80,80380,D12,50.090266,2.065542,Nuit sans éclairage public,Hors agglomération,Intersection en X,Autre,Deux véhicules - côté,3,2,2,0,1,1,2,0,1,80,2,2,1,0,1,0,62.0,33.0,voiture,utilitaire_camion,3,1,2,9,3
202200024889,2022-07-22 08:10:00,2022,7,22,8,10,69,69387,Rue Marcel Mérieux,45.73053,4.83003,Plein jour,En agglomération,Intersection en T,Normale,Autre collision,4,2,2,0,1,1,1,0,1,30,1,2,1,0,0,1,36.0,,voiture,,1,2,3,1,6
202200024890,2022-12-15 22:00:00,2022,12,15,22,0,65,65396,D13 route de saint savin,42.9713453231,-0.0818496197,Nuit sans éclairage public,Hors agglomération,Hors intersection,Pluie légère,Sans collision,3,2,2,0,2,1,2,0,3,80,1,1,0,0,0,1,35.0,,deux_roues,,3,1,1,2,7
202200024891,2022-07-22 12:55:00,2022,7,22,12,55,972,97213,ROUTE DEPARTEMENTALE 13,14.6300933437,-61.0292699933,Plein jour,En agglomération,Hors intersection,Normale,Deux véhicules - côté,3,2,2,0,2,2,1,0,1,50,2,2,0,0,1,1,19.0,22.0,deux_roues,voiture,1,2,1,1,3
202200024892,2022-12-16 15:15:00,2022,12,16,15,15,61,61486,La Rivière Frênes,48.768968,-0.697589,Plein jour,Hors agglomération,Hors intersection,Normale,Autre collision,3,2,2,0,2,1,1,0,1,50,1,2,1,1,0,0,20.0,,voiture,,1,1,1,1,6
202200024893,2022-07-22 19:30:00,2022,7,22,19,30,69,69202,Rue du Vingtain,45.7374485413,4.8013204336,Plein jour,En agglomération,Giratoire,Normale,Autre collision,4,1,1,2,2,2,1,0,1,50,1,1,0,0,0,1,21.0,,voiture,,1,2,6,1,6
202200024894,2022-12-09 10:30:00,2022,12,9,10,30,31,31390,Avenue du Nord,43.087848,0.566586,Plein jour,En agglomération,Hors intersection,Normale,Deux véhicules - frontale,3,2,2,0,2,1,1,0,1,50,2,2,1,0,1,0,94.0,62.0,voiture,deux_roues,1,2,1,1,1
202200024895,2022-07-21 18:00:00,2022,7,21,18,0,2B,2B033,ROUTE ROYALE,42.68474,9.42114,Plein jour,En agglomération,Hors intersection,Normale,Deux véhicules - frontale,3,2,2,0,2,3,1,0,1,50,2,2,1,0,0,1,44.0,23.0,voiture,utilitaire_camion,1,2,1,1,1
202200024896,2022-12-16 12:30:00,2022,12,16,12,30,02,02721,,49.810746,3.44732,Plein jour,Hors agglomération,Hors intersection,Normale,Autre collision,3,2,2,0,1,1,1,0,3,80,1,1,0,1,0,0,30.0,,voiture,,1,1,1,1,6
202200024897,2022-12-15 16:50:00,2022,12,15,16,50,03,03276,LES BOIS FRANCS,46.143938,3.03654,Nuit sans éclairage public,Hors agglomération,Intersection en T,Brouillard / fumée,Sans collision,3,2,2,0,1,1,2,0,8,90,1,1,0,1,0,0,60.0,,utilitaire_camion,,3,1,3,5,7
202200024898,2022-12-13 14:10:00,2022,12,13,14,10,70,70467,allée de la manufacture,47.882161,6.271954,Plein jour,En agglomération,Place,Normale,Autre collision,6,-1, -1,0,1,1,1,9,8,50,1,2,1,0,1,0,30.0,,utilitaire_camion,,1,2,7,1,6
202200024899,2022-12-15 19:45:00,2022,12,15,19,45,66,66003,,42.474768,2.6645061,Nuit avec éclairage allumé,En agglomération,Intersection en X,Temps couvert,Deux véhicules - frontale,3,2,2,0,1,1,9,0,1,30,2,2,0,0,0,2,25.0,19.0,voiture,voiture,5,2,2,8,1
202200024900,2022-12-14 09:15:00,2022,12,14,9,15,14,14102,D579A,49.214985,0.225346,Plein jour,Hors agglomération,Intersection en T,Neige / grêle,Deux véhicules - arrière,3,3,2,0,2,3,5,0,1,80,2,4,2,0,0,2,50.0,25.0,voiture,voiture,1,1,3,4,2
202200024901,2022-12-16 16:58:00,2022,12,16,16,58,64,64381,D947,43.329946,-0.763732,Plein jour,Hors agglomération,Intersection en Y,Temps couvert,Deux véhicules - frontale,3,2,2,0,2,3,2,0,1,70,2,2,1,0,1,0,33.0,18.0,utilitaire_camion,voiture,1,1,4,8,1
202200024902,2022-12-15 18:30:00,2022,12,15,18,30,36,36031,53 Rue Grande,46.890294,1.424012,Nuit avec éclairage allumé,En agglomération,Hors intersection,Normale,Autre collision,3,2,2,0,1,1,1,0,1,50,1,2,1,0,1,0,40.0,,voiture,,5,2,1,1,6
202200024903,2022-12-09 02:15:00,2022,12,9,2,15,53,53195,La Touche Brou,48.190098,-0.69157,Nuit sans éclairage public,Hors agglomération,Hors intersection,Normale,Autre collision,4,2,2,0,1,2,1,0,3,80,1,2,0,0,2,0,17.0,,voiture,,3,1,1,1,6
202200024904,2022-12-16 05:15:00,2022,12,16,5,15,53,53062,RN162,47.8313495217,-0.6855431634,Nuit avec éclairage allumé,En agglomération,Hors intersection,Normale,Deux véhicules - arrière,2,2,2,0,2,1,1,0,1,70,2,2,1,0,1,0,56.0,24.0,deux_roues,utilitaire_camion,5,2,1,1,2
202200024905,2022-12-15 17:40:00,2022,12,15,17,40,21,21362,D981,47.220985,4.568424,Nuit sans éclairage public,Hors agglomération,Intersection en T,Normale,Deux véhicules - arrière,3,2,2,0,1,3,1,0,1,90,2,2,1,0,0,1,39.0,44.0,voiture,voiture,3,1,3,1,2
202200024906,2022-12-16 06:15:00,2022,12,16,6,15,40,40132,Rd 817,43.549306,-1.014395,Nuit avec éclairage allumé,Hors agglomération,Hors intersection,Pluie légère,Deux véhicules - frontale,3,2,2,0,1,1,2,0,1,80,2,2,1,1,0,0,49.0,31.0,utilitaire_camion,voiture,5,1,1,2,1
202200024907,2022-12-16 07:30:00,2022,12,16,7,30,85,85284,1 Rue de nantes,46.796749,-1.899886,Nuit avec éclairage allumé,En agglomération,Hors intersection,Normale,Deux véhicules - côté,3,2,2,0,1,1,1,0,1,50,2,2,1,0,1,0,35.0,17.0,voiture,deux_roues,5,2,1,1,3
202200024908,2022-12-16 12:00:00,2022,12,16,12,0,17,17386,D910bis,45.1444440835,-0.1645476884,Plein jour,Hors agglomération,Hors intersection,Normale,Deux véhicules - frontale,3,2,2,0,2,3,1,0,1,80,2,2,0,1,0,1,28.0,21.0,voiture,utilitaire_camion,1,1,1,1,1
202200024909,2022-12-15 15:30:00,2022,12,15,15,30,06,06149,A8 PK 202.600 chaussée sud,43.732282,7.309105,Plein jour,Hors agglomération,Hors intersection,Pluie forte,Deux véhicules - côté,1,3,5,0,2,1,2,2,1,110,2,2,1,0,1,0,47.0,81.0,utilitaire_camion,voiture,1,1,1,3,3
202200024910,2022-12-16 05:56:00,2022,12,16,5,56,69,69026,109 Route de Fontmartin,45.894539,4.59581,Nuit sans éclairage public,En agglomération,Hors intersection,Pluie légère,Deux véhicules - frontale,3,2,2,0,1,1,2,0,1,50,2,2,0,1,0,1,39.0,26.0,voiture,utilitaire_camion,3,2,1,2,1
202200024911,2022-12-16 05:54:00,2022,12,16,5,54,13,13087,point routier 39.900 sens EST-OUEST,43.470818,5.644516,Nuit sans éclairage public,Hors agglomération,Hors intersection,Brouillard / fumée,Deux véhicules - arrière,1,1,3,0,1,1,2,0,1,110,2,4,2,1,0,1,25.0,53.0,utilitaire_camion,utilitaire_camion,3,1,1,5,2
202200024912,2022-12-16 08:30:00,2022,12,16,8,30,27,27517,A13 PK 79+320,49.1286,1.321814,Plein jour,Hors agglomération,Hors intersection,Normale,Trois véhicules et plus - collisions multiples,1,3,3,0,1,1,7,0,1,130,5,5,3,1,0,1,23.0,29.0,voiture,utilitaire_camion,1,1,1,1,5
202200024913,2022-12-16 14:10:00,2022,12,16,14,10,973,97311,Avenue Christophe Colomb,5.457641,-54.040933,Plein jour,Hors agglomération,Hors intersection,Pluie légère,Sans collision,3,2,2,0,1,2,6,0,3,-1,1,2,1,0,1,0,21.0,,utilitaire_camion,,1,1,1,2,7
202200024914,2022-12-09 19:45:00,2022,12,9,19,45,37,37110,D976,47.321971,1.080603,Nuit sans éclairage public,Hors agglomération,Hors intersection,Normale,Deux véhicules - frontale,3,2,2,0,1,1,1,0,1,90,2,3,1,0,0,2,55.0,38.0,voiture,voiture,3,1,1,1,1
202200024915,2022-12-16 17:20:00,2022,12,16,17,20,60,60341,Rue du Puits d'Othis,49.08591,2.745273,Nuit avec éclairage allumé,En agglomération,Hors intersection,Normale,Deux véhicules - côté,4,2,2,0,1,1,1,0,1,30,2,3,2,0,0,1,65.0,48.0,voiture,voiture,5,2,1,1,3
202200024916,2022-12-16 07:25:00,2022,12,16,7,25,60,60395,Rue Jean Jaurés,49.2344123153,2.1337659829,Crépuscule ou aube,En agglomération,Giratoire,Autre,Autre collision,3,1,2,0,1,3,2,9,4,50,2,3,2,0,1,0,35.0,53.0,voiture,voiture,2,2,6,9,6
202200024917,2022-12-15 12:15:00,2022,12,15,12,15,13,13015,A515CD-Gardanne vers A51-Marseille,43.4297,5.39799,Plein jour,Hors agglomération,Hors intersection,Pluie forte,Deux véhicules - arrière,1,-1,2,0,1,1,2,0,1,90,2,2,1,0,0,1,50.0,63.0,voiture,utilitaire_camion,1,1,1,3,2
202200024918,2022-07-21 17:40:00,2022,7,21,17,40,2B,2B120,11 - RT,42.6453523856,9.4399206369,Plein jour,Hors agglomération,Hors intersection,Temps éblouissant,Trois véhicules et plus - en chaîne,2,3,4,0,2,1,1,0,1,70,4,13,4,0,0,9,26.0,56.0,autre,voiture,1,1,1,7,4
202200024919,2022-12-15 15:40:00,2022,12,15,15,40,13,13215,A55-Sens Martigues vers Marseille,43.338336,5.348817,Plein jour,Hors agglomération,Hors intersection,Pluie légère,Deux véhicules - arrière,1,-1,3,0,1,1,2,0,1,90,2,7,4,0,0,3,86.0,27.0,voiture,voiture,1,1,1,2,2
202200024920,2022-12-15 16:10:00,2022,12,15,16,10,13,13085,A50-Sens Toulon vers Aubagne,43.26344,5.58854,Plein jour,Hors agglomération,Hors intersection,Pluie légère,Autre collision,1,1,0,0,2,3,2,0,1,90,1,1,0,0,0,1,23.0,,voiture,,1,1,1,2,6
202200024921,2022-12-14 18:55:00,2022,12,14,18,55,13,13071,A51-Sens Aix en Provence vers Marseille,43.411638,5.364077,Nuit avec éclairage non allumé,Hors agglomération,Hors intersection,Pluie légère,Trois véhicules et plus - en chaîne,1,1,3,0,1,1,2,0,1,110,3,3,0,0,0,3,45.0,20.0,utilitaire_camion,voiture,4,1,1,2,4
202200024922,2022-12-14 18:20:00,2022,12,14,18,20,13,13001,A51-Sens Marseille vers Aix en Provence,43.52432,5.42677,Nuit sans éclairage public,Hors agglomération,Hors intersection,Pluie légère,Trois véhicules et plus - en chaîne,1,1,3,0,1,1,2,3,1,110,4,8,7,0,0,1,19.0,42.0,voiture,voiture,3,1,1,2,4
202200024923,2022-12-14 12:10:00,2022,12,14,12,10,13,13211,A50-Sens Aubagne vers Marseille,43.29453,5.46804,Plein jour,Hors agglomération,Hors intersection,Normale,Deux véhicules - arrière,1,3,3,0,1,1,1,0,1,90,3,3,2,0,0,1,38.0,47.0,voiture,voiture,1,1,1,1,2
202200024924,2022-07-22 17:40:00,2022,7,22,17,40,95,95277,RD 370,48.9725598906,2.4617260695,Plein jour,Hors agglomération,Hors intersection,Normale,Deux véhicules - côté,3,2,2,0,1,1,1,0,1,70,2,4,1,0,0,3,23.0,49.0,voiture,voiture,1,1,1,1,3
202200024925,2022-12-15 04:40:00,2022,12,15,4,40,69,69266,Boulevard Périphérique Laurent Bonnevay,45.78197,4.89296,Nuit avec éclairage allumé,Hors agglomération,Hors intersection,Normale,Autre collision,7,3,4,0,2,3,2,0,8,50,1,3,0,0,0,3,24.0,,voiture,,5,1,1,1,6
202200024926,2022-12-15 01:30:00,2022,12,15,1,30,69,69275,Rocade Est,45.76965,4.98491,Nuit sans éclairage public,Hors agglomération,Hors intersection,Normale,Autre collision,2,3,4,0,1,2,1,0,1,90,1,1,0,0,0,1,22.0,,voiture,,3,1,1,1,6
202200024927,2022-12-15 11:00:00,2022,12,15,11,0,91,91661,AUTOROUTE A10,48.69085,2.22333,Plein jour,Hors agglomération,Hors intersection,Normale,Trois véhicules et plus - collisions multiples,1,3,6,0,1,1,1,0,1,110,4,4,2,0,0,2,56.0,38.0,voiture,transport_commun,1,1,1,1,5
202200024928,2022-12-15 08:40:00,2022,12,15,8,40,91,91689,AUTOROUTE A6,48.73074,2.3151,Plein jour,Hors agglomération,Hors intersection,Normale,Trois véhicules et plus - en chaîne,1,1,3,0,1,1,1,0,1,110,3,3,2,0,0,1,21.0,53.0,utilitaire_camion,voiture,1,1,1,1,4
202200024929,2022-12-15 08:30:00,2022,12,15,8,30,91,91661,AUTOROUTE A10,48.69065,2.22305,Plein jour,Hors agglomération,Hors intersection,Normale,Deux véhicules - arrière,1,3,0,0,1,1,1,0,1,110,2,2,1,0,0,1,44.0,25.0,voiture,voiture,1,1,1,1,2
202200024930,2022-12-15 20:45:00,2022,12,15,20,45,95,95042,RN 104,49.0623217269,2.3237569601,Nuit sans éclairage public,Hors agglomération,Hors intersection,Normale,Autre collision,2,3,4,0,1,1,1,0,1,90,4,4,3,0,0,1,30.0,31.0,voiture,voiture,3,1,1,1,6
202200024931,2022-12-15 08:20:00,2022,12,15,8,20,94,94079,A4,48.834751,2.537015,Plein jour,Hors agglomération,Hors intersection,Normale,Deux véhicules - arrière,1,1,3,0,1,1,1,0,1,110,2,2,1,0,0,1,38.0,44.0,voiture,utilitaire_camion,1,1,1,1,2
202200024932,2022-07-21 13:00:00,2022,7,21,13,0,91,91097,AV DU GAL CHARLES DE GAULLE,48.68523,2.52991,Plein jour,En agglomération,Hors intersection,Normale,Trois véhicules et plus - collisions multiples,3,2,4,3,2,1,1,0,1,50,3,3,1,0,0,2,61.0,83.0,voiture,voiture,1,2,1,1,5
202200024933,2022-12-15 00:45:00,2022,12,15,0,45,77,77121,A4,48.8314797864,2.6786187998,Nuit sans éclairage public,Hors agglomération,Hors intersection,Normale,Deux véhicules - arrière,1,1,3,0,1,1,1,0,1,110,2,3,1,0,0,2,56.0,24.0,voiture,voiture,3,1,1,1,2
202200024934,2022-12-14 13:20:00,2022,12,14,13,20,77,77058,A4,48.82897,2.73768,Plein jour,Hors agglomération,Hors intersection,Normale,Deux véhicules - arrière,1,3,3,0,1,1,2,0,1,130,2,2,1,0,0,1,49.0,25.0,voiture,voiture,1,1,1,1,2
202200024935,2022-10-29 08:18:00,2022,10,29,8,18,29,29068,,48.522178,-3.989985,Nuit sans éclairage public,Hors agglomération,Hors intersection,Normale,Sans collision,3,2,2,0,3,2,2,0,1,110,1,1,0,0,1,0,67.0,,voiture,,3,1,1,1,7
202200024936,2022-12-14 20:00:00,2022,12,14,20,0,24,24324,Route de la Bachellerie,45.148556,1.183305,Crépuscule ou aube,Hors agglomération,Hors intersection,Normale,Autre collision,4,2,2,0,2,2,2,0,3,90,1,1,0,1,0,0,79.0,,voiture,,2,1,1,1,6
202200024937,2022-12-12 10:10:00,2022,12,12,10,10,95,95392,Avenue de la Gare,49.0761383349,2.2039711475,Plein jour,En agglomération,Hors intersection,Normale,Autre collision,3,1,1,0,2,1,1,0,1,50,1,2,1,0,0,1,70.0,,voiture,,1,2,1,1,6
202200024938,2022-10-11 20:04:00,2022,10,11,20,4,74,74133,LIBERATION (RUE DE LA),46.189,6.21012,Crépuscule ou aube,En agglomération,Intersection en T,Normale,Deux véhicules - côté,4,2,2,0,1,1,1,0,1,50,2,2,1,0,0,1,21.0,30.0,utilitaire_camion,deux_roues,2,2,3,1,3
202200024939,2022-10-07 20:40:00,2022,10,7,20,40,74,74012,PETIT MALBRANDE (RUE DU),46.190172,6.238516,Nuit avec éclairage allumé,En agglomération,Hors intersection,Normale,Autre collision,4,2,3,0,1,1,1,0,1,50,1,3,2,0,1,0,24.0,,voiture,,5,2,1,1,6
202200024940,2022-09-21 01:50:00,2022,9,21,1,50,74,74119,ABONDANCE (AVENUE D')  DU 1 AU 27,46.3993,6.6044,Nuit avec éclairage allumé,En agglomération,Hors intersection,Normale,Autre collision,4,2,2,0,2,2,1,0,3,50,1,1,0,1,0,0,19.0,,voiture,,5,2,1,1,6
202200024941,2022-12-14 12:45:00,2022,12,14,12,45,91,91223,REPUBLIQUE (RUE DE LA),48.43386,2.16585,Plein jour,En agglomération,Autre intersection,Normale,Autre collision,4,2,2,0,1,1,2,0,8,50,2,4,2,0,1,1,35.0,50.0,voiture,voiture,1,2,9,1,6
202200024942,2022-12-14 22:00:00,2022,12,14,22,0,54,54580,AV ALBERT LEBRUN,49.47085,5.93002,Nuit avec éclairage allumé,En agglomération,Hors intersection,Pluie légère,Autre collision,3,2,2,0,1,1,2,0,1,30,1,2,1,0,0,1,41.0,,voiture,,5,2,1,2,6
202200024943,2022-12-14 18:50:00,2022,12,14,18,50,54,54099,BRIEY (AVENUE ALBERT DE),49.2574,5.9349,Nuit avec éclairage allumé,En agglomération,Intersection en X,Normale,Autre collision,4,2,2,0,1,1,1,0,1,50,1,2,1,0,0,1,38.0,,voiture,,5,2,2,1,6
202200024944,2022-10-13 08:00:00,2022,10,13,8,0,73,73029,N201,45.56471,5.94731,Plein jour,Hors agglomération,Hors intersection,Normale,Deux véhicules - arrière,2,3,6,0,1,1,1,0,1,90,2,3,2,1,0,0,39.0,69.0,utilitaire_camion,voiture,1,1,1,1,2
202200024945,2022-12-13 14:00:00,2022,12,13,14,0,44,44109,3 Rue du Patis Rondin,47.248,-1.51644,Plein jour,En agglomération,Hors intersection,Normale,Autre collision,4,2,0,0,1,1,1,0,1,30,1,2,1,0,0,1,41.0,,voiture,,1,2,1,1,6