accident_id,datetime,annee,mois,jour,heure,minute,departement,commune_insee,adresse,latitude,longitude,luminosite,agglomeration,intersection,meteo,collision,catr,circ,nbv,vosp,prof,plan,surf,infra,situ,vma,nb_vehicules,nb_usagers,nb_indemnes,nb_tues,nb_blesses_hosp,nb_blesses_legers,age_cond_1,age_cond_2,veh_type_cond_1,veh_type_cond_2,lum_code,agg_code,int_code,atm_code,col_code
202200024946,2022-03-08 16:20:00,2022,3,8,16,20,13,13210,ADRIENNE RANC-SAKAKINI (rue),43.2768380594,5.437347285,Plein jour,En agglomération,Hors intersection,Normale,Deux véhicules - frontale,4,2,2,0,1,1,1,0,1,50,2,2,0,0,0,2,55.0,22.0,voiture,deux_roues,1,2,1,1,1
202200024947,2022-03-08 09:20:00,2022,3,8,9,20,13,13211,POMME (BOULEVARD DE LA ),43.29333,5.45475,Plein jour,En agglomération,Hors intersection,Normale,Deux véhicules - arrière,3,2,2,0,1,1,1,2,1,50,2,2,1,0,0,1,,39.0,voiture,voiture,1,2,1,1,2
202200024948,2022-03-08 08:50:00,2022,3,8,8,50,13,13208,MAZARGUES (AVENUE DE),43.260925982,5.3938031575,Plein jour,En agglomération,Intersection en T,Normale,Deux véhicules - côté,4,2,0,0,1,1,1,0,1,50,2,2,1,0,1,0,54.0,51.0,voiture,deux_roues,1,2,3,1,3
202200024949,2022-03-08 07:30:00,2022,3,8,7,30,13,13213,MAURELLE (RUE DE LA),43.32,5.43,Plein jour,En agglomération,Hors intersection,Normale,Deux véhicules - frontale,4,2,2,0,1,1,1,0,1,50,1,2,1,0,0,1,32.0,,voiture,,1,2,1,1,1
202200024950,2022-03-07 21:30:00,2022,3,7,21,30,13,13208,Corniche John Fitzgérald Kennedy,43.26859,5.36916,Nuit avec éclairage allumé,En agglomération,Hors intersection,Normale,Deux véhicules - frontale,4,2,2,0,4,1,1,0,1,50,2,2,1,0,0,1,23.0,,voiture,voiture,5,2,1,1,1
202200024951,2022-03-07 15:30:00,2022,3,7,15,30,13,13047,GEORGES GUYNEMER AVENUE,43.51817,4.96721,Plein jour,En agglomération,Autre intersection,Normale,Autre collision,4,2,2,0,1,1,1,9,1,50,1,2,1,0,1,0,45.0,,voiture,,1,2,9,1,6
202200024952,2022-03-07 10:38:00,2022,3,7,10,38,10,10387,PREMIER RAM (RUE DU),48.29173,4.071939,Plein jour,En agglomération,Hors intersection,Normale,Deux véhicules - arrière,4,2,4,0,1,2,1,0,1,50,2,2,1,0,0,1,61.0,71.0,voiture,voiture,1,2,1,1,2
202200024953,2022-03-07 08:40:00,2022,3,7,8,40,10,10387,CHALMEL (RUE),48.29512,4.06463,Plein jour,En agglomération,Intersection en T,Normale,Trois véhicules et plus - collisions multiples,4,2,3,0,1,1,1,0,1,50,4,5,3,0,0,2,48.0,30.0,voiture,voiture,1,2,3,1,5
202200024954,2022-03-08 20:00:00,2022,3,8,20,0,06,06088,FLIREY (AV. DE),43.7207,7.27542,Nuit avec éclairage allumé,En agglomération,Hors intersection,Normale,Deux véhicules - frontale,4,2,3,0,2,1,1,5,1,50,2,2,1,0,1,0,69.0,23.0,voiture,deux_roues,5,2,1,1,1
202200024955,2022-03-08 10:00:00,2022,3,8,10,0,06,06123,DONADEI EUGENE AVENUE,43.659428,7.19525,Plein jour,En agglomération,Hors intersection,Normale,Autre collision,4,1,1,1,1,1,1,6,8,50,1,2,1,0,0,1,,,autre,,1,2,1,1,6
202200024956,2022-03-08 10:00:00,2022,3,8,10,0,75,75115,BD PERIPHERIQUE INTERIEUR,48.82705,2.294491,Plein jour,En agglomération,Hors intersection,Normale,Sans collision,4,1,3,0,1,1,1,0,1,70,1,1,0,0,0,1,63.0,,deux_roues,,1,2,1,1,7
202200024957,2022-03-08 09:15:00,2022,3,8,9,15,75,75115,BD PERIPHERIQUE INTERIEUR,48.835316,2.26949,Plein jour,En agglomération,Hors intersection,Normale,Deux véhicules - arrière,4,1,4,0,1,2,1,0,1,70,2,2,1,0,0,1,34.0,52.0,voiture,deux_roues,1,2,1,1,2
202200024958,2022-03-08 07:24:00,2022,3,8,7,24,75,75120,BOULEVARD MORTIER,48.8718760094,2.4085588144,Plein jour,En agglomération,Hors intersection,Normale,Autre collision,4,3,2,3,2,1,1,-1,6,30,1,2,1,0,0,1,45.0,,transport_commun,,1,2,1,1,6
202200024959,2022-03-08 16:00:00,2022,3,8,16,0,75,75119,RUE D AUBERVILLIERS,48.894946,2.371276,Plein jour,En agglomération,Hors intersection,Normale,Deux véhicules - arrière,4,2,2,0,1,1,1,0,1,30,2,3,2,0,0,1,38.0,37.0,deux_roues,utilitaire_camion,1,2,1,1,2
202200024960,2022-03-08 15:00:00,2022,3,8,15,0,75,75119,AVENUE DE FLANDRE,48.885753,2.370733,Plein jour,En agglomération,Intersection en T,Normale,Deux véhicules - côté,4,3,3,0,1,1,1,0,1,30,2,2,1,0,0,1,26.0,29.0,voiture,deux_roues,1,2,3,1,3
202200024961,2022-03-08 16:15:00,2022,3,8,16,15,75,75117,PLACE GENERAL CATROUX,48.8818103094,2.311157922,Plein jour,En agglomération,Place,Normale,Deux véhicules - arrière,4,2,3,0,1,1,1,0,1,30,2,3,2,0,0,1,29.0,43.0,utilitaire_camion,voiture,1,2,7,1,2
202200024962,2022-03-08 15:30:00,2022,3,8,15,30,75,75116,ALLEE DE LA REINE MARGUERITE,48.867652,2.250886,Plein jour,En agglomération,Intersection en X,Normale,Deux véhicules - côté,4,2,2,1,1,1,1,-1,5,30,2,2,1,0,0,1,24.0,61.0,deux_roues,deux_roues,1,2,2,1,3
202200024963,2022-03-08 08:06:00,2022,3,8,8,6,75,75112,AVENUE DES MINIMES,48.8405302964,2.4361573603,Plein jour,En agglomération,Place,Normale,Deux véhicules - arrière,4,2,2,0,1,2,1,0,1,30,2,2,1,0,0,1,51.0,67.0,deux_roues,utilitaire_camion,1,2,7,1,2
202200024964,2022-03-08 19:15:00,2022,3,8,19,15,75,75110,BOULEVARD DE MAGENTA,48.8731815075,2.3588560691,Nuit avec éclairage allumé,En agglomération,Intersection en T,Normale,Deux véhicules - côté,4,2,4,1,1,1,1,-1,5,25,2,2,1,0,0,1,39.0,32.0,deux_roues,deux_roues,5,2,3,1,3
202200024965,2022-03-08 17:05:00,2022,3,8,17,5,75,75108,PLACE DE LA MADELEINE,48.869398806,2.3251703732,Plein jour,En agglomération,Place,Normale,Autre collision,4,1,2,0,1,1,1,0,1,30,1,2,1,0,0,1,22.0,,voiture,,1,2,7,1,6
202200024966,2022-03-07 22:50:00,2022,3,7,22,50,75,75101,RUE DE L AMIRAL DE COLIGNY,48.860383996,2.3405666649,Nuit avec éclairage allumé,En agglomération,Intersection en T,Normale,Deux véhicules - côté,4,2,3,0,1,1,1,0,1,30,2,2,1,0,0,1,23.0,20.0,deux_roues,voiture,5,2,3,1,3
202200024967,2022-03-07 22:45:00,2022,3,7,22,45,75,75102,RUE MONTMARTRE,48.8701448938,2.3427204788,Nuit avec éclairage allumé,En agglomération,Intersection en Y,Normale,Deux véhicules - côté,4,2,3,1,1,3,1,-1,5,30,2,2,1,0,0,1,31.0,21.0,deux_roues,voiture,5,2,4,1,3
202200024968,2022-03-07 08:38:00,2022,3,7,8,38,75,75101,RUE CROIX DES PETITS CHAMPS,48.8622204853,2.3391668871,Plein jour,En agglomération,Intersection en T,Normale,Autre collision,4,2,2,0,1,1,1,0,1,30,1,2,1,0,0,1,,,voiture,,1,2,3,1,6
202200024969,2022-03-08 08:15:00,2022,3,8,8,15,94,94046,49 Avenue du Général Leclerc,48.81367,2.42639,Plein jour,En agglomération,Hors intersection,Normale,Autre collision,3,-1,0,1,1,1,1,0,1,10,1,2,0,0,2,0,34.0,,deux_roues,,1,2,1,1,6
202200024970,2022-03-08 08:10:00,2022,3,8,8,10,94,94059, Avenue de la Maréchale / Avenue Jean Charcot,48.81237,2.5746,Plein jour,En agglomération,Intersection en T,Normale,Autre collision,4,2,2,0,1,1,1,0,1,50,1,2,1,0,0,1,19.0,,deux_roues,,1,2,3,1,6
202200024971,2022-03-08 19:40:00,2022,3,8,19,40,93,93073,Avenue de la Paix,48.952062,2.566777,Crépuscule ou aube,En agglomération,Autre intersection,Normale,Deux véhicules - arrière,4,2,2,0,1,2,1,0,4,50,2,2,1,0,0,1,23.0,34.0,voiture,utilitaire_camion,2,2,9,1,2
202200024972,2022-03-08 08:47:00,2022,3,8,8,47,93,93059,25 Boulevard Pasteur,48.96538,2.36408,Plein jour,En agglomération,Hors intersection,Normale,Autre collision,3,1,1,0,1,1,1,0,4,50,1,2,1,0,1,0,44.0,,voiture,,1,2,1,1,6
202200024973,2022-03-08 18:58:00,2022,3,8,18,58,93,93062,Avenue de la Résistance,48.89125,2.51236,Nuit avec éclairage allumé,En agglomération,Hors intersection,Normale,Deux véhicules - côté,3,2,3,0,2,1,1,0,1,50,2,2,1,0,0,1,18.0,35.0,deux_roues,voiture,5,2,1,1,3
202200024974,2022-03-08 02:09:00,2022,3,8,2,9,93,93050,Boulevard Aristide Briand,48.85447,2.52037,Nuit avec éclairage allumé,En agglomération,Hors intersection,Normale,Autre collision,4,2,2,0,1,1,1,0,4,50,1,1,0,0,0,1,70.0,,voiture,,5,2,1,1,6
202200024975,2022-03-08 02:10:00,2022,3,8,2,10,92,92075,DE GAULLE (AVENUE DU GENERAL),48.8226088153,2.2822535634,Nuit avec éclairage allumé,En agglomération,Hors intersection,Normale,Autre collision,3,2,2,0,2,2,1,0,1,50,1,1,0,0,0,1,33.0,,deux_roues,,5,2,1,1,6
202200024976,2022-03-08 17:41:00,2022,3,8,17,41,92,92063,JACOB (RUE FRANCOIS),48.8900314759,2.174329251,Plein jour,En agglomération,Autre intersection,Normale,Deux véhicules - côté,4,-1,0,0,1,1,1,9,4,50,2,2,1,0,0,1,52.0,11.0,voiture,deux_roues,1,2,9,1,3
202200024977,2022-03-04 16:37:00,2022,3,4,16,37,92,92063,FOUILLEUSE (AVENUE DE),48.8615131309,2.1992898881,Plein jour,En agglomération,Hors intersection,Normale,Autre collision,4,2,2,0,1,1,1,0,1,50,1,2,1,0,0,1,58.0,,deux_roues,,1,2,1,1,6
202200024978,2022-03-08 17:20:00,2022,3,8,17,20,92,92050,VENETS RUE DES,48.8893446491,2.2041379809,Plein jour,En agglomération,Intersection en X,Normale,Autre collision,3,3,6,0,1,1,1,5,1,50,4,7,6,0,0,1,38.0,41.0,voiture,voiture,1,2,2,1,6
202200024979,2022-03-08 19:50:00,2022,3,8,19,50,92,92040,rue du passeur de boulogne,48.82445,2.258274,Nuit avec éclairage allumé,En agglomération,Intersection en T,Normale,Deux véhicules - côté,4,2,2,0,1,1,1,0,1,30,2,2,1,0,0,1,56.0,16.0,voiture,deux_roues,5,2,3,1,3
202200024980,2022-03-08 23:35:00,2022,3,8,23,35,92,92026,JEAN MERMOZ (SQUARE ET PLACE),48.9025846624,2.2746189236,Nuit avec éclairage allumé,En agglomération,Giratoire,Normale,Autre collision,3,1,3,1,1,3,1,0,1,50,1,1,0,0,0,1,30.0,,deux_roues,,5,2,6,1,6
202200024981,2022-03-08 13:00:00,2022,3,8,13,0,92,92026,BAUDIN,48.8965492919,2.2526575327,Plein jour,En agglomération,Intersection en T,Normale,Deux véhicules - côté,4,3,2,1,1,1,1,0,5,50,2,2,1,0,0,1,61.0,43.0,deux_roues,voiture,1,2,3,1,3
202200024982,2022-03-08 19:30:00,2022,3,8,19,30,92,92002,ARMAND GUILLEBAUD (AVENUE),48.7488,2.30694,Nuit avec éclairage allumé,En agglomération,Intersection en T,Normale,Deux véhicules - côté,3,2,2,0,1,1,1,0,1,50,2,2,1,0,0,1,44.0,43.0,deux_roues,utilitaire_camion,5,2,3,1,3
202200024983,2022-03-08 17:10:00,2022,3,8,17,10,92,92014,ARNOUX (RUE),48.78028,2.30951,Plein jour,En agglomération,Hors intersection,Normale,Autre collision,4,1,1,0,1,1,1,0,1,50,1,1,0,0,0,1,26.0,,voiture,,1,2,1,1,6
202200024984,2022-03-06 17:00:00,2022,3,6,17,0,36,36247,,46.894247,1.632929,Plein jour,Hors agglomération,Hors intersection,Normale,Autre collision,3,2,2,0,1,2,1,0,3,80,1,1,0,0,1,0,64.0,,deux_roues,,1,1,1,1,6
202200024985,2022-03-08 14:50:00,2022,3,8,14,50,68,68162,4 Allée Stoecklin,48.13691,7.263942,Plein jour,En agglomération,Hors intersection,Normale,Sans collision,4,2,2,0,1,1,1,0,1,50,1,2,1,0,1,0,63.0,,utilitaire_camion,,1,2,1,1,7
202200024986,2022-03-02 22:15:00,2022,3,2,22,15,69,69277,Rue de la Fraternite,45.721784,5.045857,Nuit sans éclairage public,Hors agglomération,Hors intersection,Normale,Deux véhicules - frontale,3,2,2,0,1,2,1,0,1,80,2,2,0,0,1,1,23.0,53.0,voiture,voiture,3,1,1,1,1
202200024987,2022-03-09 08:30:00,2022,3,9,8,30,972,97204,ravine saint pierre,14.693078,-61.162949,Plein jour,Hors agglomération,Hors intersection,Pluie légère,Autre collision,2,2,2,0,4,3,2,0,3,90,1,3,1,0,0,2,28.0,,voiture,,1,1,1,2,6
202200024988,2022-03-05 15:30:00,2022,3,5,15,30,68,68253,Rue du Général-de-Gaulle,47.786511,7.5065,Plein jour,En agglomération,Intersection en T,Normale,Sans collision,3,2,1,0,1,1,1,0,1,50,3,3,1,0,2,0,79.0,81.0,deux_roues,deux_roues,1,2,3,1,7
202200024989,2022-03-09 17:10:00,2022,3,9,17,10,83,83036,Route depertamentale 559 - pk 71 + 600,43.155649,6.497651,Crépuscule ou aube,Hors agglomération,Hors intersection,Normale,Trois véhicules et plus - collisions multiples,3,2,2,0,2,3,1,0,1,-1,3,6,3,0,0,3,89.0,50.0,voiture,voiture,2,1,1,1,5
202200024990,2022-03-09 10:30:00,2022,3,9,10,30,974,97414,Ilet Alcide (Arrêt de bus),-21.228599,55.455793,Plein jour,Hors agglomération,Hors intersection,Normale,Deux véhicules - frontale,2,2,2,0,1,4,1,0,1,90,2,2,1,1,0,0,50.0,27.0,deux_roues,voiture,1,1,1,1,1
202200024991,2022-03-08 12:00:00,2022,3,8,12,0,2A,2A271,intersection T20  D1 / route de Srraola,41.978619,8.831404,Plein jour,Hors agglomération,Intersection en T,Normale,Deux véhicules - côté,2,2, -1,-1,1,1,1,5,1,-1,2,2,1,0,1,0,71.0,52.0,deux_roues,utilitaire_camion,1,1,3,1,3
202200024992,2022-03-09 18:45:00,2022,3,9,18,45,80,80442,Grande Rue,49.749781,3.024373,Crépuscule ou aube,En agglomération,Hors intersection,Normale,Sans collision,4,2,2,0,1,1,1,0,1,50,1,2,1,0,1,0,16.0,,deux_roues,,2,2,1,1,7
202200024993,2022-03-09 11:25:00,2022,3,9,11,25,89,89324,Lieu Dit la Crasne,47.731985,2.900696,Plein jour,Hors agglomération,Autre intersection,Temps éblouissant,Deux véhicules - côté,3,2,2,0,1,1,1,0,1,80,2,4,1,0,2,1,42.0,60.0,utilitaire_camion,voiture,1,1,9,7,3
202200024994,2022-03-08 01:45:00,2022,3,8,1,45,63,63282,Route de Champeix,45.6135251385,3.1495249271,Nuit avec éclairage non allumé,En agglomération,Hors intersection,Normale,Autre collision,3,2,2,0,1,1,1,0,4,50,1,2,0,0,2,0,28.0,,voiture,,4,2,1,1,6
202200024995,2022-03-06 16:00:00,2022,3,6,16,0,63,63269,route de clermont,45.625578,3.224648,Plein jour,Hors agglomération,Hors intersection,Normale,Autre collision,3,2,2,0,2,4,1,0,1,80,2,4,2,1,1,0,40.0,28.0,deux_roues,voiture,1,1,1,1,6
202200024996,2022-03-09 11:30:00,2022,3,9,11,30,61,61464,37 Rue de la République,48.604,0.17194,Plein jour,En agglomération,Intersection en T,Normale,Autre collision,3,1,1,0,1,1,1,0,1,30,1,2,1,0,1,0,31.0,,utilitaire_camion,,1,2,3,1,6
202200024997,2022-03-08 20:00:00,2022,3,8,20,0,46,46155,axe Départementale 662-PR 32-200,44.476714,1.81311,Nuit sans éclairage public,Hors agglomération,Hors intersection,Normale,Sans collision,3,2,2,0,1,3,2,0,3,80,1,1,0,0,1,0,46.0,,deux_roues,,3,1,1,1,7
202200024998,2022-03-09 11:20:00,2022,3,9,11,20,25,25434,Route de Besançon,47.112273,6.118269,Plein jour,Hors agglomération,Intersection en T,Normale,Deux véhicules - côté,3,2,2,0,1,3,1,5,1,80,2,2,1,0,0,1,67.0,50.0,voiture,deux_roues,1,1,3,1,3
202200024999,2022-03-09 08:00:00,2022,3,9,8,0,29,29266,Route des Monts d'Arrée,48.4623609999,-3.968854,Plein jour,En agglomération,Intersection en Y,Normale,Deux véhicules - frontale,4,2,2,0,2,2,2,5,1,30,2,2,1,0,1,0,18.0,25.0,deux_roues,voiture,1,2,4,1,1
202200025000,2022-03-09 12:45:00,2022,3,9,12,45,29,29267,Kerhuil,48.158074,-3.88643,Plein jour,Hors agglomération,Intersection en X,Pluie légère,Deux véhicules - côté,3,2,2,0,2,2,2,5,1,70,2,2,0,0,0,2,74.0,67.0,voiture,voiture,1,1,2,2,3
202200025001,2022-03-08 17:25:00,2022,3,8,17,25,29,29160,Lieu Dit Mendy Bihan,48.474081,-4.401258,Plein jour,Hors agglomération,Hors intersection,Normale,Autre collision,4,2,2,0,1,1,1,0,3,80,1,1,0,0,0,1,30.0,,voiture,,1,1,1,1,6
202200025002,2022-02-27 16:00:00,2022,2,27,16,0,31,31405,N125,42.974001,0.646906,Plein jour,Hors agglomération,Intersection en X,Normale,Deux véhicules - côté,2,2,3,3,1,1,1,5,1,80,2,2,1,0,1,0,72.0,27.0,deux_roues,voiture,1,1,2,1,3
202200025003,2022-03-08 16:00:00,2022,3,8,16,0,15,15138,La Chevade,45.131339,2.841554,Plein jour,Hors agglomération,Hors intersection,Normale,Autre collision,3,2,2,0,1,1,1,0,3,70,1,1,0,0,1,0,21.0,,voiture,,1,1,1,1,6
202200025004,2022-03-08 17:20:00,2022,3,8,17,20,01,01263,Rue de Macon,46.09432,4.758507,Plein jour,En agglomération,Hors intersection,Normale,Deux véhicules - côté,3,2,2,0,1,1,1,0,1,50,2,3,0,0,0,3,15.0,17.0,deux_roues,deux_roues,1,2,1,1,3
202200025005,2022-03-02 16:30:00,2022,3,2,16,30,18,18013,,46.799948,2.526614,Plein jour,Hors agglomération,Hors intersection,Normale,Autre collision,3,2,2,0,1,2,1,0,3,80,1,1,0,0,1,0,46.0,,voiture,,1,1,1,1,6
202200025006,2022-03-09 17:45:00,2022,3,9,17,45,24,24580,d62,45.181961,1.216457,Plein jour,Hors agglomération,Hors intersection,Normale,Deux véhicules - frontale,3,2,2,0,2,3,1,0,1,80,2,2,1,1,0,0,63.0,15.0,utilitaire_camion,deux_roues,1,1,1,1,1
202200025007,2022-03-08 23:45:00,2022,3,8,23,45,85,85046,D948,46.66658,-1.299056,Nuit sans éclairage public,Hors agglomération,Hors intersection,Brouillard / fumée,Autre collision,3,3,4,0,1,1,2,2,3,110,1,1,0,0,1,0,25.0,,voiture,,3,1,1,5,6
202200025008,2022-03-08 14:30:00,2022,3,8,14,30,49,49355,Autoroute A87 - PK : 045.200 sens LA ROCHE SUR YON vers ANGERS,47.104536,-0.826635,Plein jour,Hors agglomération,Hors intersection,Temps couvert,Autre collision,1,3,4,0,1,1,1,0,2,130,1,2,0,0,1,1,36.0,,voiture,,1,1,1,8,6
202200025009,2022-03-08 04:00:00,2022,3,8,4,0,978,97801,RN7 - Grand Case,18.099722,-63.055902,Nuit avec éclairage allumé,En agglomération,Hors intersection,Normale,Deux véhicules - frontale,2,2,2,0,1,1,1,0,1,50,2,2,1,0,0,1,45.0,30.0,deux_roues,voiture,5,2,1,1,1
202200025010,2022-03-08 09:30:00,2022,3,8,9,30,06,06085,A8,43.58601,7.004642,Plein jour,Hors agglomération,Hors intersection,Normale,Deux véhicules - côté,1,1,4,0,1,1,1,0,1,110,2,2,1,0,0,1,50.0,45.0,voiture,deux_roues,1,1,1,1,3
202200025011,2022-03-08 16:00:00,2022,3,8,16,0,17,17243,Route Nationale n° 10,45.253788,-0.260861,Plein jour,Hors agglomération,Hors intersection,Pluie forte,Trois véhicules et plus - en chaîne,2,3,4,0,2,1,2,0,1,110,3,4,2,0,2,0,45.0,56.0,utilitaire_camion,utilitaire_camion,1,1,1,3,4
202200025012,2022-03-07 19:30:00,2022,3,7,19,30,971,97129,Quai Enod,16.321844,-61.685427,Nuit avec éclairage allumé,En agglomération,Hors intersection,Normale,Autre collision,4,2,2,0,1,1,1,0,1,50,1,2,1,0,1,0,62.0,,voiture,,5,2,1,1,6
202200025013,2022-03-08 18:30:00,2022,3,8,18,30,37,37072,D8,47.1578338143,0.2619042993,Nuit sans éclairage public,Hors agglomération,Hors intersection,Pluie légère,Autre collision,3,2,2,0,1,1,2,0,3,80,1,3,2,0,1,0,21.0,,voiture,,3,1,1,2,6
202200025014,2022-03-08 12:50:00,2022,3,8,12,50,77,77231,D17,48.991257,2.988453,Plein jour,Hors agglomération,Hors intersection,Normale,Deux véhicules - côté,3,2,2,0,1,1,1,0,1,80,2,2,1,0,1,0,42.0,33.0,deux_roues,deux_roues,1,1,1,1,3
202200025015,2022-03-08 08:10:00,2022,3,8,8,10,34,34146,Avenue de Montpellier,43.677906,4.08801,Plein jour,Hors agglomération,Hors intersection,Normale,Deux véhicules - côté,2,3,2,0,1,1,1,0,1,70,2,2,1,0,0,1,34.0,19.0,deux_roues,utilitaire_camion,1,1,1,1,3
202200025016,2022-03-07 18:00:00,2022,3,7,18,0,33,33238,Chemin du Barp,44.715612,-0.627504,Plein jour,En agglomération,Hors intersection,Normale,Deux véhicules - frontale,4,-1,2,0,1,1,1,0,1,50,2,2,1,0,1,0,24.0,25.0,deux_roues,voiture,1,2,1,1,1
202200025017,2022-03-09 14:10:00,2022,3,9,14,10,85,85097,D755,46.91332,-1.04589,Plein jour,Hors agglomération,Hors intersection,Normale,Autre collision,3,2,2,0,1,1,1,0,3,80,1,1,0,0,1,0,39.0,,voiture,,1,1,1,1,6
202200025018,2022-03-06 17:45:00,2022,3,6,17,45,22,22118,ROUTE DE LA VILLE ARAIS,48.465673,-2.002205,Plein jour,Hors agglomération,Hors intersection,Normale,Sans collision,9,2,2,0,1,3,1,0,1,80,1,2,0,0,2,0,45.0,,deux_roues,,1,1,1,1,7
202200025019,2022-03-08 07:50:00,2022,3,8,7,50,60,60542,,49.405025,2.18231,Crépuscule ou aube,En agglomération,Intersection en X,Temps éblouissant,Deux véhicules - côté,3,2,2,0,1,1,1,0,1,50,2,2,1,0,0,1,60.0,51.0,deux_roues,utilitaire_camion,2,2,2,7,3
202200025020,2022-03-08 13:45:00,2022,3,8,13,45,62,62557,D341,50.330791,2.717337,Plein jour,Hors agglomération,Giratoire,Normale,Deux véhicules - côté,3,2,2,0,1,1,1,0,1,50,2,2,1,0,0,1,33.0,67.0,voiture,deux_roues,1,1,6,1,3
202200025021,2022-03-08 12:45:00,2022,3,8,12,45,59,59268,89 rue du Général-de-Gaulle,50.6409455043,2.7222380117,Plein jour,En agglomération,Intersection en Y,Normale,Deux véhicules - côté,4,2,1,0,2,1,1,0,8,50,2,2,1,0,1,0,44.0,22.0,voiture,deux_roues,1,2,4,1,3
202200025022,2022-03-07 07:45:00,2022,3,7,7,45,13,13212,A507 sens Marseille - Aubagne,43.29177,5.42432,Plein jour,Hors agglomération,Hors intersection,Normale,Trois véhicules et plus - en chaîne,1,1,3,0,1,1,1,1,1,70,6,6,4,0,0,2,62.0,39.0,voiture,voiture,1,1,1,1,4
202200025023,2022-03-07 08:08:00,2022,3,7,8,8,13,13005,A50-Sens Aubagne vers Marseille,43.28393,5.57358,Plein jour,Hors agglomération,Hors intersection,Normale,Deux véhicules - arrière,1,1,2,0,1,1,1,0,1,90,2,2,0,0,0,2,48.0,45.0,voiture,utilitaire_camion,1,1,1,1,2
202200025024,2022-03-03 18:15:00,2022,3,3,18,15,13,13212,A507 sens Marseille - Aubagne,43.29229,5.42426,Plein jour,Hors agglomération,Hors intersection,Normale,Trois véhicules et plus - en chaîne,1,1,4,0,2,1,1,1,1,70,3,3,2,0,0,1,25.0,24.0,voiture,voiture,1,1,1,1,4
202200025025,2022-03-08 07:20:00,2022,3,8,7,20,33,33487,AUTOROUTE A 10,44.93842,-0.46705,Crépuscule ou aube,Hors agglomération,Hors intersection,Normale,Deux véhicules - arrière,1,3,6,0,1,1,1,0,1,110,2,2,1,0,0,1,21.0,33.0,voiture,utilitaire_camion,2,1,1,1,2
202200025026,2022-03-04 18:30:00,2022,3,4,18,30,33,33366,AUTOROUTE A 10,44.987316,-0.427417,Plein jour,Hors agglomération,Hors intersection,Normale,Deux véhicules - côté,1,3,6,0,1,1,2,0,1,130,2,2,1,0,0,1,45.0,38.0,voiture,utilitaire_camion,1,1,1,1,3
202200025027,2022-03-08 18:20:00,2022,3,8,18,20,91,91235,RN 104,48.6249,2.36308,Crépuscule ou aube,Hors agglomération,Hors intersection,Normale,Deux véhicules - côté,2,3,4,0,1,1,1,0,1,90,2,2,1,0,0,1,22.0,25.0,voiture,deux_roues,2,1,1,1,3
202200025028,2022-03-08 14:30:00,2022,3,8,14,30,94,94034,AUTOROUTE A86,48.7558,2.3355,Plein jour,Hors agglomération,Hors intersection,Normale,Deux véhicules - côté,1,1,2,0,1,1,1,0,1,90,2,2,1,0,0,1,20.0,,deux_roues,utilitaire_camion,1,1,1,1,3
202200025029,2022-03-08 10:30:00,2022,3,8,10,30,91,91228,RN 104,48.61393,2.43097,Plein jour,Hors agglomération,Hors intersection,Normale,Trois véhicules et plus - en chaîne,2,-1,3,0,1,1,1,0,1,90,3,3,1,0,0,2,40.0,23.0,voiture,utilitaire_camion,1,1,1,1,4
202200025030,2022-03-08 09:20:00,2022,3,8,9,20,94,94021,AUTOROUTE A6A,48.75996,2.33839,Plein jour,Hors agglomération,Hors intersection,Normale,Deux véhicules - côté,1,1,3,0,1,1,1,0,1,110,2,2,1,0,0,1,26.0,56.0,voiture,deux_roues,1,1,1,1,3
202200025031,2022-03-08 08:15:00,2022,3,8,8,15,94,94038,AUTOROUTE A6A,48.7731811306,2.3458755757,Plein jour,Hors agglomération,Hors intersection,Normale,Deux véhicules - côté,1,1,3,0,1,1,1,0,1,110,2,3,2,0,0,1,35.0,22.0,deux_roues,voiture,1,1,1,1,3
202200025032,2022-03-07 08:15:00,2022,3,7,8,15,78,78090,A13,48.970265,1.90646,Plein jour,Hors agglomération,Hors intersection,Temps éblouissant,Trois véhicules et plus - en chaîne,1,1,3,0,1,1,1,0,1,130,3,3,2,0,0,1,31.0,31.0,voiture,voiture,1,1,1,7,4
202200025033,2022-03-08 09:30:00,2022,3,8,9,30,93,93053,AUTOROUTE A103,48.8886633364,2.4722843328,Plein jour,Hors agglomération,Hors intersection,Normale,Trois véhicules et plus - en chaîne,1,3,4,0,1,1,1,0,1,90,3,4,1,0,0,3,59.0,32.0,voiture,voiture,1,1,1,1,4
202200025034,2022-03-08 06:10:00,2022,3,8,6,10,93,93066,AUTOROUTE A86,48.9217196788,2.3665358126,Nuit sans éclairage public,Hors agglomération,Hors intersection,Normale,Deux véhicules - arrière,1,3,4,0,1,2,1,0,1,90,2,2,1,0,0,1,56.0,51.0,voiture,voiture,3,1,1,1,2
202200025035,2022-03-07 12:49:00,2022,3,7,12,49,95,95018, A15,48.9522495145,2.2797811031,Plein jour,Hors agglomération,Hors intersection,Normale,Autre collision,1,3,8,0,1,1,1,0,1,110,1,1,0,0,0,1,22.0,,voiture,,1,1,1,1,6
202200025036,2022-03-08 18:10:00,2022,3,8,18,10,94,94069,A4,48.8172046066,2.428517825,Plein jour,Hors agglomération,Hors intersection,Normale,Deux véhicules - arrière,1,3,9,0,1,1,1,0,1,90,2,2,1,0,0,1,22.0,40.0,deux_roues,voiture,1,1,1,1,2