accident_id,datetime,annee,mois,jour,heure,minute,departement,commune_insee,adresse,latitude,longitude,luminosite,agglomeration,intersection,meteo,collision,catr,circ,nbv,vosp,prof,plan,surf,infra,situ,vma,nb_vehicules,nb_usagers,nb_indemnes,nb_tues,nb_blesses_hosp,nb_blesses_legers,age_cond_1,age_cond_2,veh_type_cond_1,veh_type_cond_2,lum_code,agg_code,int_code,atm_code,col_code
202200025037,2022-03-07 07:50:00,2022,3,7,7,50,92,92025,VALMY 1 A 53   2 A 66 (BD DE),48.9260838834,2.2530084327,Plein jour,En agglomération,Intersection en Y,Normale,Autre collision,3,2,2,1,1,1,1,0,1,30,1,2,1,0,1,0,21.0,,deux_roues,,1,2,4,1,6
202200025038,2022-03-07 11:40:00,2022,3,7,11,40,976,97611,kaweni-Madrasse (rue),-12.77407,45.22173,Plein jour,En agglomération,Hors intersection,Normale,Autre collision,4,-1,2,0,1,1,1,0,1,50,1,2,1,0,0,1,43.0,,deux_roues,,1,2,1,1,6
202200025039,2022-03-07 10:15:00,2022,3,7,10,15,64,64445,Avenue du Général Leclerc,43.30267,-0.35201,Plein jour,En agglomération,Intersection en X,Normale,Autre collision,4,2,4,0,1,1,1,0,1,50,1,2,1,0,1,0,24.0,,voiture,,1,2,2,1,6
202200025040,2022-03-07 09:55:00,2022,3,7,9,55,93,93029,Rue des Bois de Groslay,48.91809,2.46604,Plein jour,En agglomération,Hors intersection,Normale,Autre collision,4,2,2,0,1,1,1,0,1,50,1,2,1,0,0,1,47.0,,utilitaire_camion,,1,2,1,1,6
202200025041,2022-03-04 15:52:00,2022,3,4,15,52,63,63113,GILBERT (RUE EUGENE),45.77364,3.07895,Plein jour,En agglomération,Hors intersection,Normale,Autre collision,4,1,2,0,1,1,1,0,1,50,1,2,1,0,0,1,54.0,,utilitaire_camion,,1,2,1,1,6
202200025042,2022-03-07 13:05:00,2022,3,7,13,5,988,98818,RUE MARCEL KOLLEN/RUE MARCELLIN LACABANNE,-22.29275,166.44384,Plein jour,En agglomération,Intersection en X,Normale,Deux véhicules - côté,4,2,2,0,1,1,1,0,1,50,2,4,3,0,0,1,20.0,40.0,voiture,voiture,1,2,2,1,3
202200025043,2022-03-06 22:40:00,2022,3,6,22,40,988,98818,VE1 SENS SUD/NORD,-22.23495,166.45774,Nuit avec éclairage non allumé,En agglomération,Hors intersection,Normale,Autre collision,3,3,4,0,1,1,1,0,1,70,1,3,2,1,0,0,70.0,,voiture,,4,2,1,1,6
202200025044,2022-03-07 22:29:00,2022,3,7,22,29,976,97611,kaweni-Mangrove (route de la),-12.77474,45.2288,Nuit sans éclairage public,En agglomération,Hors intersection,Normale,Deux véhicules - frontale,2,-1,2,0,1,1,1,0,1,50,2,3,0,0,3,0,25.0,34.0,deux_roues,deux_roues,3,2,1,1,1
202200025045,2022-03-06 16:20:00,2022,3,6,16,20,974,97411,AVENIR (RUE DE L'),-20.90765,55.4038,Plein jour,En agglomération,Hors intersection,Normale,Deux véhicules - frontale,4,2,2,0,1,2,1,0,1,30,2,2,1,0,0,1,34.0,25.0,voiture,deux_roues,1,2,1,1,1
202200025046,2022-03-07 14:10:00,2022,3,7,14,10,974,97409,DE BOURBON(AVENUE),-20.97452,55.64623,Plein jour,En agglomération,Hors intersection,Normale,Deux véhicules - arrière,4,2,2,0,1,1,1,0,1,50,2,2,1,0,0,1,55.0,48.0,deux_roues,voiture,1,2,1,1,2
202200025047,2022-03-03 04:23:00,2022,3,3,4,23,973,97302,ROUTE NATIONALE 1,4.92319,-52.32955,Nuit avec éclairage allumé,Hors agglomération,Hors intersection,Normale,Deux véhicules - côté,2,3,4,0,1,1,2,0,1,90,2,3,2,0,0,1,21.0,,voiture,voiture,5,1,1,1,3
202200025048,2022-03-06 20:55:00,2022,3,6,20,55,973,97302,PALMISTES(PLACE DES),4.9408570405,-52.3341813684,Crépuscule ou aube,En agglomération,Place,Normale,Autre collision,4,1,2,0,1,1,2,5,3,50,1,2,1,1,0,0,37.0,,deux_roues,,2,2,7,1,6
202200025049,2022-03-07 20:20:00,2022,3,7,20,20,69,69387,Boulevard des Tchécoslovaques,45.74509,4.85831,Nuit avec éclairage allumé,En agglomération,Intersection en Y,Normale,Deux véhicules - côté,4,1,4,3,1,1,1,0,1,50,2,2,1,0,1,0,28.0,30.0,deux_roues,voiture,5,2,4,1,3
202200025050,2022-03-07 17:30:00,2022,3,7,17,30,69,69259,Rue Yves Toudic,45.69186,4.9006,Plein jour,En agglomération,Intersection en X,Normale,Deux véhicules - côté,4,2,2,0,1,1,1,5,1,50,2,2,1,0,0,1,44.0,21.0,voiture,deux_roues,1,2,2,1,3
202200025051,2022-03-07 12:20:00,2022,3,7,12,20,69,69286,Avenue de l’Industrie,45.81663,4.8727,Plein jour,En agglomération,Intersection en T,Normale,Deux véhicules - arrière,4,2,2,0,1,1,1,0,1,50,2,2,1,0,0,1,40.0,20.0,voiture,voiture,1,2,3,1,2
202200025052,2022-03-07 07:35:00,2022,3,7,7,35,971,97101,Secteur Pont de la Gabarre,16.25311,-61.5465,Plein jour,Hors agglomération,Hors intersection,Normale,Trois véhicules et plus - en chaîne,2,-1,3,0,1,1,1,0,1,90,3,6,5,0,0,1,33.0,49.0,voiture,voiture,1,1,1,1,4
202200025053,2022-03-06 15:50:00,2022,3,6,15,50,2A,2A004,PERALDI NICOLAS AVENUE,41.93654,8.74134,Plein jour,En agglomération,Intersection en T,Normale,Deux véhicules - côté,4,2,2,0,1,1,1,0,1,50,2,3,1,0,0,2,,55.0,voiture,voiture,1,2,3,1,3
202200025054,2022-03-06 19:15:00,2022,3,6,19,15,91,91549,CORBEIL (ROUTE DE),48.630657,2.338998,Crépuscule ou aube,En agglomération,Intersection en T,Normale,Deux véhicules - côté,4,-1,2,0,1,1,1,0,1,50,2,5,4,0,0,1,31.0,62.0,voiture,voiture,2,2,3,1,3
202200025055,2022-03-06 19:15:00,2022,3,6,19,15,91,91552,RTE DE LEUVILLE,48.59652,2.25638,Nuit avec éclairage allumé,En agglomération,Hors intersection,Temps couvert,Deux véhicules - arrière,4,2,2,0,1,1,1,0,1,50,2,3,2,0,0,1,42.0,69.0,voiture,voiture,5,2,1,8,2
202200025056,2022-03-05 11:21:00,2022,3,5,11,21,87,87065,MERMOZ (RUE JEAN-),45.81145,1.30041,Plein jour,En agglomération,Hors intersection,Normale,Sans collision,3,2,2,0,2,3,1,0,1,50,1,1,0,0,0,1,19.0,,deux_roues,,1,2,1,1,7
202200025057,2022-03-04 13:08:00,2022,3,4,13,8,87,87085,GROSSEREIX (LIEU DIT),45.89468,1.28975,Plein jour,En agglomération,Hors intersection,Normale,Autre collision,4,2,2,0,2,2,1,0,1,30,1,1,0,0,0,1,45.0,,voiture,,1,2,1,1,6
202200025058,2022-03-04 19:08:00,2022,3,4,19,8,87,87113,CLEMENCEAU (RUE GEORGES),45.86149,1.31448,Nuit avec éclairage allumé,En agglomération,Hors intersection,Pluie légère,Autre collision,4,2,2,0,1,1,2,2,1,50,1,1,0,0,0,1,43.0,,voiture,,5,2,1,2,6
202200025059,2022-03-06 21:25:00,2022,3,6,21,25,86,86041,N147,46.614057,0.368618,Nuit sans éclairage public,Hors agglomération,Hors intersection,Normale,Deux véhicules - arrière,2,1,4,0,3,1,1,0,1,110,2,2,0,0,0,2,28.0,28.0,voiture,voiture,3,1,1,1,2
202200025060,2022-03-07 09:10:00,2022,3,7,9,10,84,84087,CD72,44.09568,4.83647,Plein jour,Hors agglomération,Hors intersection,Normale,Deux véhicules - frontale,3,2,2,0,1,1,1,0,1,80,2,2,0,0,2,0,19.0,41.0,voiture,utilitaire_camion,1,1,1,1,1
202200025061,2022-03-02 23:25:00,2022,3,2,23,25,80,80021,MARECHAL FOCH (PLACE),49.89399,2.28421,Nuit avec éclairage allumé,En agglomération,Hors intersection,Normale,Sans collision,4,2,6,0,1,2,1,0,1,50,1,1,0,0,0,1,44.0,,voiture,,5,2,1,1,7
202200025062,2022-03-07 20:25:00,2022,3,7,20,25,78,78551,ROOSEVELT (DU PRESIDENT),48.90202,2.06066,Nuit avec éclairage allumé,En agglomération,Intersection en X,Normale,Trois véhicules et plus - en chaîne,2,1,2,0,1,1,1,0,1,70,3,4,2,0,0,2,57.0,48.0,utilitaire_camion,voiture,5,2,2,1,4
202200025063,2022-03-07 09:00:00,2022,3,7,9,0,78,78650,ANGLETERRE (BOULEVARD D'),48.898736,2.117574,Plein jour,En agglomération,Intersection en X,Normale,Autre collision,3,2,1,0,1,1,1,0,1,50,1,2,1,0,0,1,55.0,,voiture,,1,2,2,1,6
202200025064,2022-03-06 16:08:00,2022,3,6,16,8,76,76447,FAUBOURG ASSIQUET,49.54705,0.19585,Plein jour,En agglomération,Intersection en Y,Normale,Autre collision,3,2,2,0,2,2,1,0,4,50,1,1,0,1,0,0,50.0,,deux_roues,,1,2,4,1,6
202200025065,2022-03-06 14:24:00,2022,3,6,14,24,74,74010,BROGNY (AVENUE DE) (SECTEUR 110),45.919,6.125,Plein jour,En agglomération,Intersection en Y,Normale,Deux véhicules - frontale,3,2,0,0,1,1,1,5,1,50,2,4,2,0,1,1,85.0,56.0,voiture,deux_roues,1,2,4,1,1
202200025066,2022-03-06 07:30:00,2022,3,6,7,30,71,71499,LE SOURILLOT (LIEU DIT),46.63267,4.29716,Plein jour,Hors agglomération,Hors intersection,Normale,Autre collision,3,2,2,0,1,1,1,0,1,80,1,3,0,0,0,3,20.0,,voiture,,1,1,1,1,6
202200025067,2022-03-07 14:50:00,2022,3,7,14,50,68,68224,CASTORS (RUE DES),47.73738,7.29246,Plein jour,En agglomération,Hors intersection,Normale,Sans collision,4,2,3,0,1,3,1,9,1,50,1,2,1,0,1,0,36.0,,transport_commun,,1,2,1,1,7
202200025068,2022-02-26 16:45:00,2022,2,26,16,45,68,68066,RIQUEWIHR (RUE DE),48.09162,7.33359,Plein jour,En agglomération,Hors intersection,Normale,Deux véhicules - côté,4,2,2,1,1,1,1,0,5,50,2,2,1,0,1,0,74.0,36.0,deux_roues,voiture,1,2,1,1,3
202200025069,2022-03-05 13:15:00,2022,3,5,13,15,67,67482,VIEUX MARCHE AUX POISSONS (RUE DU),48.58106,7.74897,Plein jour,En agglomération,Hors intersection,Normale,Autre collision,4,2,2,1,2,1,1,9,1,30,1,2,0,0,0,2,30.0,,deux_roues,,1,2,1,1,6
202200025070,2022-03-05 10:30:00,2022,3,5,10,30,67,67482,DUCS (RUE DES),48.58878,7.71404,Plein jour,En agglomération,Intersection en T,Normale,Deux véhicules - côté,4,2,4,1,1,2,1,0,1,50,2,2,1,0,0,1,34.0,64.0,deux_roues,utilitaire_camion,1,2,3,1,3
202200025071,2022-03-05 12:00:00,2022,3,5,12,0,67,67447,VENDENHEIM (RUE DE),48.61131,7.74451,Plein jour,En agglomération,Intersection en T,Normale,Deux véhicules - côté,4,1,1,0,1,1,1,0,1,30,2,3,1,0,0,2,23.0,50.0,utilitaire_camion,utilitaire_camion,1,2,3,1,3
202200025072,2022-03-06 04:50:00,2022,3,6,4,50,66,66136,FRANCE LIBRE (BOULEVARD DE LA),42.70328,2.89472,Nuit sans éclairage public,En agglomération,Hors intersection,Normale,Autre collision,4,2,2,0,1,1,1,0,3,50,1,1,0,0,0,1,32.0,,voiture,,3,2,1,1,6
202200025073,2022-03-04 10:20:00,2022,3,4,10,20,66,66136,KENNEDY (BD JOHN-FITZGERALD),42.68881,2.90392,Plein jour,En agglomération,Hors intersection,Normale,Deux véhicules - arrière,4,3,4,0,1,1,1,0,1,50,2,4,2,0,0,2,31.0,,voiture,voiture,1,2,1,1,2
202200025074,2022-03-03 16:24:00,2022,3,3,16,24,66,66136,BERLIN (AVENUE DE),42.68832,2.86132,Plein jour,En agglomération,Hors intersection,Normale,Deux véhicules - côté,4,2,2,0,1,1,1,0,1,50,2,2,1,0,1,0,38.0,32.0,deux_roues,utilitaire_camion,1,2,1,1,3
202200025075,2022-03-07 08:10:00,2022,3,7,8,10,65,65440,ODOS (CHEMIN D'),43.220144,0.063882,Plein jour,En agglomération,Hors intersection,Normale,Deux véhicules - côté,3,2,2,0,1,1,1,0,1,50,2,2,1,0,0,1,23.0,19.0,deux_roues,voiture,1,2,1,1,3
202200025076,2022-03-07 18:30:00,2022,3,7,18,30,64,64545,RD810,43.35982,-1.72726,Plein jour,Hors agglomération,Hors intersection,Normale,Trois véhicules et plus - en chaîne,3,2,2,0,1,1,1,0,1,50,4,5,3,0,0,2,38.0,59.0,voiture,voiture,1,1,1,1,4
202200025077,2022-03-06 11:40:00,2022,3,6,11,40,63,63069,BOLLAND (RUE ADRIENNE),45.72641,3.18516,Plein jour,En agglomération,Hors intersection,Normale,Autre collision,4,2,2,0,1,1,1,0,1,50,1,2,1,0,1,0,78.0,,voiture,,1,2,1,1,6
202200025078,2022-03-06 14:14:00,2022,3,6,14,14,63,63113,ORADOU (RUE DE L'),45.76424,3.12545,Plein jour,En agglomération,Intersection en X,Normale,Deux véhicules - côté,7,2,2,0,3,1,1,0,1,50,2,3,2,0,0,1,31.0,20.0,voiture,voiture,1,2,2,1,3
202200025079,2022-03-05 08:18:00,2022,3,5,8,18,63,63113,CHAMBRETTES (RUE DES),45.76712,3.10225,Plein jour,En agglomération,Hors intersection,Normale,Autre collision,4,2,2,0,1,1,1,0,1,50,1,1,0,0,0,1,51.0,,utilitaire_camion,,1,2,1,1,6
202200025080,2022-03-07 12:40:00,2022,3,7,12,40,59,59599,SCHUMAN (RUE ROBERT),50.73968,3.186261,Plein jour,En agglomération,Intersection en T,Temps éblouissant,Deux véhicules - côté,4,2,4,1,1,1,1,0,1,50,2,2,1,0,0,1,31.0,,voiture,voiture,1,2,3,7,3
202200025081,2022-02-26 13:00:00,2022,2,26,13,0,59,59350,BALLON RUE DU,50.64091,3.07632,Plein jour,En agglomération,Hors intersection,Normale,Autre collision,4,2,2,2,1,1,1,0,4,50,1,2,1,0,0,1,19.0,,deux_roues,,1,2,1,1,6
202200025082,2022-03-05 20:45:00,2022,3,5,20,45,59,59008,DELESTRAINT (RUE DU GENERAL),50.33607,3.25658,Nuit avec éclairage allumé,En agglomération,Hors intersection,Normale,Autre collision,3,2,2,0,1,1,1,0,1,50,1,3,2,0,1,0,24.0,,voiture,,5,2,1,1,6
202200025083,2022-03-06 11:00:00,2022,3,6,11,0,57,57306,WENDEL (RUE DE),49.3260174,6.0698789,Plein jour,En agglomération,Intersection en T,Normale,Autre collision,3,2,2,0,1,1,1,0,1,50,1,2,1,0,1,0,64.0,,voiture,,1,2,3,1,6
202200025084,2022-03-04 17:22:00,2022,3,4,17,22,55,55545,DIEU DU TRICE ( ALLEE DU ),49.15178,5.3901,Plein jour,En agglomération,Giratoire,Normale,Deux véhicules - côté,4,1, -1,0,1,2,1,9,1,30,2,2,0,0,0,2,31.0,33.0,voiture,voiture,1,2,6,1,3
202200025085,2022-03-05 23:52:00,2022,3,5,23,52,54,54149,D521,49.44084,5.92259,Nuit sans éclairage public,Hors agglomération,Hors intersection,Normale,Sans collision,3,2,2,0,1,2,1,0,3,80,1,2,0,0,1,1,16.0,,deux_roues,,3,1,1,1,7
202200025086,2022-03-05 18:30:00,2022,3,5,18,30,52,52448,RD384,48.62493,4.93068,Crépuscule ou aube,Hors agglomération,Intersection en X,Normale,Deux véhicules - côté,3,2,2,0,1,1,1,0,1,70,2,2,1,0,1,0,48.0,28.0,voiture,deux_roues,2,1,2,1,3
202200025087,2022-03-06 17:25:00,2022,3,6,17,25,51,51431,Voie de la Liberté,49.014569,3.942084,Plein jour,Hors agglomération,Intersection en X,Normale,Deux véhicules - côté,3,2,2,0,1,1,1,9,1,90,2,2,1,0,0,1,21.0,29.0,voiture,voiture,1,1,2,1,3
202200025088,2022-03-02 17:40:00,2022,3,2,17,40,50,50147,SAPINS (AVENUE DES),49.05385,-1.43477,Plein jour,En agglomération,Intersection en T,Normale,Autre collision,4,2,2,0,1,1,1,5,1,50,1,2,1,0,1,0,45.0,,voiture,,1,2,3,1,6
202200025089,2022-03-07 08:10:00,2022,3,7,8,10,45,45234,Avenue de la Recherche Scientifique,47.83974,1.94297,Plein jour,En agglomération,Giratoire,Normale,Deux véhicules - côté,4,1,2,0,1,1,1,0,1,50,2,2,1,0,0,1,19.0,53.0,voiture,voiture,1,2,6,1,3
202200025090,2022-03-07 15:40:00,2022,3,7,15,40,35,35238,Rue de Brest,48.11442,-1.69957,Plein jour,En agglomération,Hors intersection,Normale,Trois véhicules et plus - en chaîne,4,1,3,1,3,1,1,2,1,50,3,3,2,0,0,1,39.0,58.0,voiture,voiture,1,2,1,1,4
202200025091,2022-03-07 08:45:00,2022,3,7,8,45,35,35051,BRAY (RUE DE),48.10785,-1.61427,Plein jour,En agglomération,Intersection en T,Normale,Deux véhicules - côté,4,2,2,1,1,1,1,0,5,50,2,2,1,0,0,1,27.0,64.0,voiture,deux_roues,1,2,3,1,3
202200025092,2022-03-07 08:37:00,2022,3,7,8,37,33,33063,Place Ravezies,44.86563,-0.57558,Plein jour,En agglomération,Giratoire,Temps éblouissant,Deux véhicules - côté,4,1,1,3,1,3,1,5,1,50,2,2,1,0,0,1,42.0,47.0,transport_commun,deux_roues,1,2,6,7,3
202200025093,2022-03-06 07:15:00,2022,3,6,7,15,33,33063,Boulevard du Président Wilson,44.84689,-0.59813,Crépuscule ou aube,En agglomération,Hors intersection,Normale,Autre collision,4,2,5,3,1,1,1,0,1,50,1,1,0,0,0,1,25.0,,deux_roues,,2,2,1,1,6
202200025094,2022-03-07 20:04:00,2022,3,7,20,4,31,31555,27 LA CEPIERE  (PERIPH OUEST A620),43.58059,1.40576,Nuit sans éclairage public,Hors agglomération,Hors intersection,Normale,Trois véhicules et plus - collisions multiples,1,1,3,0,1,1,1,0,1,90,3,4,2,0,0,2,21.0,55.0,voiture,voiture,3,1,1,1,5
202200025095,2022-03-07 14:10:00,2022,3,7,14,10,31,31555,AV PAUL SEJOURNE,43.605962,1.428124,Plein jour,En agglomération,Hors intersection,Normale,Deux véhicules - frontale,4,2,5,3,1,1,1,0,1,50,2,2,1,0,0,1,46.0,62.0,deux_roues,transport_commun,1,2,1,1,1
202200025096,2022-03-07 15:40:00,2022,3,7,15,40,27,27229,SUFFREN (PLACE DE),49.026951,1.17389,Plein jour,En agglomération,Intersection en T,Normale,Deux véhicules - côté,4,2,2,0,1,1,1,0,1,50,2,2,1,0,0,1,36.0,23.0,voiture,voiture,1,2,3,1,3
202200025097,2022-03-07 19:00:00,2022,3,7,19,0,17,17300,DENFERT-ROCHEREAU   AVENUE (1-5),46.16425,-1.20269,Plein jour,En agglomération,Intersection en X,Normale,Deux véhicules - côté,4,2,2,0,1,1,1,0,1,30,2,2,1,0,0,1,49.0,56.0,voiture,deux_roues,1,2,2,1,3
202200025098,2022-03-05 13:55:00,2022,3,5,13,55,15,15014,JULIEN (AVENUE DE),44.904,2.42654,Plein jour,En agglomération,Giratoire,Normale,Deux véhicules - côté,4,2,2,0,1,1,1,0,1,50,2,2,1,0,0,1,56.0,73.0,voiture,deux_roues,1,2,6,1,3
202200025099,2022-03-07 11:30:00,2022,3,7,11,30,13,13215,SAINT LOUIS (AVENUE DE),43.3484033644,5.3589549229,Plein jour,En agglomération,Hors intersection,Normale,Deux véhicules - arrière,4,2,2,0,1,1,1,9,1,50,2,2,1,0,0,1,58.0,,utilitaire_camion,voiture,1,2,1,1,2
202200025100,2022-03-06 07:40:00,2022,3,6,7,40,11,11069,Avenue Saint Martin,43.22832,2.396,Plein jour,En agglomération,Intersection en X,Normale,Autre collision,4,2,2,0,1,1,1,0,1,30,1,2,1,0,0,1,21.0,,voiture,,1,2,2,1,6
202200025101,2022-03-06 14:01:00,2022,3,6,14,1,10,10325,ST POUANGE (RUE DE),48.25527,4.0570089,Plein jour,En agglomération,Intersection en T,Temps éblouissant,Deux véhicules - frontale,3,2,2,0,1,1,1,0,1,50,2,2,0,0,0,2,64.0,25.0,voiture,voiture,1,2,3,7,1
202200025102,2022-03-05 19:08:00,2022,3,5,19,8,10,10060,ROCADE OUEST (RD 610),48.26691,4.11804,Nuit sans éclairage public,Hors agglomération,Hors intersection,Normale,Deux véhicules - côté,3,2,2,0,1,1,1,0,1,90,2,3,2,0,0,1,21.0,45.0,voiture,utilitaire_camion,3,1,1,1,3
202200025103,2022-03-07 11:40:00,2022,3,7,11,40,06,06069,LIBERATION (AVENUE DE LA),43.647633,6.916186,Plein jour,En agglomération,Hors intersection,Normale,Deux véhicules - arrière,3,2,2,0,1,1,1,0,1,50,2,2,1,0,0,1,19.0,40.0,deux_roues,utilitaire_camion,1,2,1,1,2
202200025104,2022-03-05 13:57:00,2022,3,5,13,57,05,05061,LADOUCETTE ( COURS ),44.56185,6.08361,Plein jour,En agglomération,Hors intersection,Normale,Deux véhicules - arrière,2,-1,3,0,1,1,1,0,1,50,2,2,1,0,0,1,48.0,64.0,voiture,voiture,1,2,1,1,2
202200025105,2022-03-03 12:30:00,2022,3,3,12,30,03,03310,Allée des Ailes,46.14317,3.4149,Plein jour,En agglomération,Hors intersection,Normale,Deux véhicules - côté,6,-1, -1,0,1,1,1,0,1,50,2,2,1,0,0,1,30.0,19.0,deux_roues,deux_roues,1,2,1,1,3
202200025106,2022-03-07 14:30:00,2022,3,7,14,30,01,01053,MERCIER (AVENUE AMEDEE DU 45 AU FIN),46.20356,5.24248,Plein jour,En agglomération,Intersection en X,Normale,Deux véhicules - côté,3,2,3,0,1,1,1,0,1,50,2,2,0,0,0,2,72.0,56.0,voiture,voiture,1,2,2,1,3
202200025107,2022-03-07 08:00:00,2022,3,7,8,0,01,01053,,46.21097,5.23677,Plein jour,En agglomération,Hors intersection,Normale,Deux véhicules - frontale,4,2,2,0,2,2,1,0,1,50,2,2,1,0,0,1,54.0,36.0,voiture,voiture,1,2,1,1,1
202200025108,2022-03-04 19:28:00,2022,3,4,19,28,75,75106,RUE D ASSAS,48.848979,2.328748,Crépuscule ou aube,En agglomération,Intersection en X,Normale,Deux véhicules - côté,4,2,2,0,1,1,1,5,1,30,2,3,1,0,0,2,35.0,35.0,voiture,voiture,2,2,2,1,3
202200025109,2022-03-07 19:05:00,2022,3,7,19,5,75,75120,AVENUE GAMBETTA,48.8649641385,2.3955479264,Nuit avec éclairage allumé,En agglomération,Intersection en X,Normale,Deux véhicules - côté,4,2,2,1,2,1,1,-1,5,30,2,2,1,0,0,1,34.0,29.0,deux_roues,deux_roues,5,2,2,1,3
202200025110,2022-03-07 08:45:00,2022,3,7,8,45,75,75119,BOULEVARD SERURIER,48.878623,2.402228,Plein jour,En agglomération,Intersection en X,Normale,Deux véhicules - côté,4,3,2,0,2,1,1,0,1,50,2,3,2,0,0,1,50.0,49.0,voiture,deux_roues,1,2,2,1,3
202200025111,2022-03-07 11:10:00,2022,3,7,11,10,75,75116,RUE DU COMMANDANT GUILBAUD,48.840004,2.251632,Plein jour,En agglomération,Hors intersection,Temps éblouissant,Deux véhicules - côté,4,2,2,0,1,1,1,0,1,50,2,2,1,0,0,1,34.0,,voiture,voiture,1,2,1,7,3
202200025112,2022-03-07 10:15:00,2022,3,7,10,15,75,75116,AVENUE DE LA PORTE D AUTEUIL,48.848014,2.245092,Plein jour,En agglomération,Hors intersection,Normale,Deux véhicules - côté,4,1,2,0,1,1,1,0,1,50,2,2,1,0,0,1,38.0,40.0,voiture,deux_roues,1,2,1,1,3
202200025113,2022-03-07 13:30:00,2022,3,7,13,30,75,75109,BOULEVARD DES ITALIENS,48.8712769547,2.3359204084,Plein jour,En agglomération,Intersection en X,Normale,Sans collision,4,2,2,0,1,1,1,0,1,30,1,1,0,0,0,1,28.0,,deux_roues,,1,2,2,1,7
202200025114,2022-03-07 11:36:00,2022,3,7,11,36,75,75108,PLACE DU CANADA,48.8649112049,2.3103395104,Plein jour,En agglomération,Place,Normale,Deux véhicules - côté,4,2,8,0,1,1,1,0,1,30,2,2,1,0,0,1,53.0,35.0,voiture,voiture,1,2,7,1,3
202200025115,2022-03-06 12:00:00,2022,3,6,12,0,75,75104,QUAI DES CELESTINS,48.8523678851,2.3604860902,Plein jour,En agglomération,Intersection en T,Normale,Autre collision,4,2,5,1,1,1,1,-1,5,30,1,2,1,0,0,1,29.0,,deux_roues,,1,2,3,1,6
202200025116,2022-03-06 04:50:00,2022,3,6,4,50,75,75102,Boulevard des Italiens,48.871038,2.334582,Nuit avec éclairage allumé,En agglomération,Intersection en Y,Normale,Deux véhicules - côté,4,2,4,0,1,1,1,0,1,30,2,2,0,0,0,2,27.0,30.0,deux_roues,deux_roues,5,2,4,1,3
202200025117,2022-03-07 10:10:00,2022,3,7,10,10,94,94073,22 Avenue Léon Marchand,48.76611,2.38944,Plein jour,En agglomération,Hors intersection,Normale,Autre collision,3,2,2,1,1,1,1,9,5,50,1,2,1,0,0,1,13.0,,deux_roues,,1,2,1,1,6
202200025118,2022-03-07 14:20:00,2022,3,7,14,20,94,94054,Route Charles Tillon / Avenue de la Victoire,48.74508,2.386,Plein jour,En agglomération,Intersection en T,Normale,Deux véhicules - frontale,3,3,5,0,1,1,1,0,6,50,2,2,1,0,0,1,41.0,,deux_roues,voiture,1,2,3,1,1
202200025119,2022-09-02 07:50:00,2022,9,2,7,50,92,92004,JARDIN MODELE,48.9135483441,2.3067592978,Plein jour,Hors agglomération,Hors intersection,Normale,Deux véhicules - côté,4,-1,2,0,1,1,1,0,1,50,2,2,1,0,1,0,17.0,52.0,deux_roues,voiture,1,1,1,1,3
202200025120,2022-09-02 16:15:00,2022,9,2,16,15,92,92014,MARECHAL JOFFRE (BD DU) (43 A 97 - 58 A,48.7826344649,2.3149035573,Plein jour,En agglomération,Hors intersection,Normale,Deux véhicules - arrière,3,1,2,0,1,1,1,0,1,50,2,2,1,0,0,1,42.0,20.0,voiture,utilitaire_camion,1,2,1,1,2
202200025121,2022-02-26 00:25:00,2022,2,26,0,25,94,94079,11 Rue René Cassin,48.83212,2.53679,Nuit avec éclairage allumé,En agglomération,Hors intersection,Normale,Deux véhicules - arrière,4,1,1,0,2,1,1,0,1,30,2,4,1,0,0,3,20.0,28.0,voiture,voiture,5,2,1,1,2
202200025122,2022-09-03 06:06:00,2022,9,3,6,6,62,62336,D77,50.557381,2.296218,Nuit avec éclairage non allumé,En agglomération,Hors intersection,Normale,Deux véhicules - arrière,3,2,2,0,2,1,2,0,1,50,2,3,2,0,1,0,49.0,22.0,utilitaire_camion,voiture,4,2,1,1,2
202200025123,2022-03-07 14:30:00,2022,3,7,14,30,94,94044,Avenue du Général Leclerc,48.7415,2.5135,Plein jour,En agglomération,Hors intersection,Normale,Trois véhicules et plus - en chaîne,2,1,1,0,1,1,1,3,1,50,3,3,1,0,0,2,31.0,64.0,voiture,voiture,1,2,1,1,4
202200025124,2022-03-07 09:05:00,2022,3,7,9,5,94,94075,17 Allée des Tilleuls,48.7283628651,2.5238986014,Plein jour,En agglomération,Hors intersection,Normale,Autre collision,4,2,2,0,1,1,1,0,3,30,1,1,0,0,0,1,22.0,,voiture,,1,2,1,1,6
202200025125,2022-09-02 17:50:00,2022,9,2,17,50,22,22096,Rue du Pont,48.513961,-2.336311,Plein jour,En agglomération,Intersection en X,Normale,Deux véhicules - côté,3,2,2,0,1,1,1,0,1,50,2,2,1,0,0,1,41.0,66.0,voiture,deux_roues,1,2,2,1,3
202200025126,2022-03-07 09:20:00,2022,3,7,9,20,93,93073,Avenue Louis Dequet / Avenue de Navarre,48.95045,2.58359,Plein jour,En agglomération,Intersection en X,Normale,Deux véhicules - côté,4,2,2,0,1,1,1,0,1,50,2,2,1,0,0,1,,43.0,voiture,deux_roues,1,2,2,1,3
202200025127,2022-09-03 12:00:00,2022,9,3,12,0,19,19129,A20,45.546575,1.509011,Plein jour,Hors agglomération,Hors intersection,Normale,Trois véhicules et plus - collisions multiples,1,1,4,0,1,1,1,0,1,130,4,5,3,0,0,2,63.0,34.0,voiture,voiture,1,1,1,1,5
202200025128,2022-03-06 13:01:00,2022,3,6,13,1,93,93066,Rue Jules Saulnier,48.9259,2.3557,Plein jour,En agglomération,Hors intersection,Normale,Deux véhicules - côté,3,2,4,0,1,1,1,0,1,50,2,3,2,0,0,1,31.0,29.0,voiture,deux_roues,1,2,1,1,3