accident_id,datetime,annee,mois,jour,heure,minute,departement,commune_insee,adresse,latitude,longitude,luminosite,agglomeration,intersection,meteo,collision,catr,circ,nbv,vosp,prof,plan,surf,infra,situ,vma,nb_vehicules,nb_usagers,nb_indemnes,nb_tues,nb_blesses_hosp,nb_blesses_legers,age_cond_1,age_cond_2,veh_type_cond_1,veh_type_cond_2,lum_code,agg_code,int_code,atm_code,col_code
202200025592,2022-06-20 11:34:00,2022,6,20,11,34,05,05061,PROVENCE (AVENUE DE),44.53679,6.05235,Plein jour,En agglomération,Hors intersection,Normale,Autre collision,2,2,2,0,2,1,1,0,8,50,1,3,0,0,0,3,48.0,,voiture,,1,2,1,1,6
202200025593,2022-05-04 17:10:00,2022,5,4,17,10,02,02738,,49.65859,3.29807,Plein jour,En agglomération,Giratoire,Normale,Deux véhicules - arrière,3,1, -1,0,1,2,1,5,1,-1,2,2,1,0,1,0,61.0,61.0,voiture,deux_roues,1,2,6,1,2
202200025594,2022-04-15 18:00:00,2022,4,15,18,0,75,75119,BD PERIPHERIQUE INTERIEUR,48.900426,2.388878,Plein jour,En agglomération,Hors intersection,Normale,Trois véhicules et plus - en chaîne,4,1,4,0,1,1,1,0,1,70,3,3,2,0,0,1,21.0,28.0,voiture,voiture,1,2,1,1,4
202200025595,2022-06-21 15:35:00,2022,6,21,15,35,75,75118,PORTE DE SAINT OUEN,48.900675,2.333095,Plein jour,En agglomération,Hors intersection,Normale,Deux véhicules - arrière,4,1,4,0,1,1,1,0,1,70,2,3,2,0,0,1,,32.0,voiture,voiture,1,2,1,1,2
202200025596,2022-06-21 12:30:00,2022,6,21,12,30,75,75117,PORTE D ASNIERES,48.894561,2.305409,Plein jour,En agglomération,Hors intersection,Normale,Trois véhicules et plus - en chaîne,4,1,4,0,1,1,1,0,1,70,4,5,3,0,0,2,46.0,40.0,voiture,utilitaire_camion,1,2,1,1,4
202200025597,2022-04-15 16:30:00,2022,4,15,16,30,75,75120,BD PERIPHERIQUE EXTERIEUR,48.850935,2.415435,Plein jour,En agglomération,Hors intersection,Normale,Deux véhicules - arrière,4,1,4,0,1,1,1,0,1,70,2,2,1,0,1,0,46.0,48.0,deux_roues,utilitaire_camion,1,2,1,1,2
202200025598,2022-06-20 19:00:00,2022,6,20,19,0,75,75118,PORTE DE CLIGNANCOURT,48.900758,2.337189,Plein jour,En agglomération,Hors intersection,Normale,Deux véhicules - côté,4,1,4,0,1,1,1,0,1,70,2,2,1,0,0,1,20.0,34.0,voiture,deux_roues,1,2,1,1,3
202200025599,2022-06-21 06:19:00,2022,6,21,6,19,75,75113,BOULEVARD DE L HOPITAL,48.834565,2.35781,Crépuscule ou aube,En agglomération,Intersection en X,Pluie légère,Deux véhicules - côté,4,2,4,3,2,1,2,0,1,30,2,2,1,0,1,0,44.0,43.0,voiture,deux_roues,2,2,2,2,3
202200025600,2022-04-14 18:30:00,2022,4,14,18,30,75,75112,BD PERIPHERIQUE INTERIEUR,48.830927,2.402991,Plein jour,En agglomération,Hors intersection,Normale,Deux véhicules - arrière,4,1,4,0,1,1,1,0,1,70,2,2,1,0,0,1,29.0,38.0,voiture,deux_roues,1,2,1,1,2
202200025601,2022-06-20 13:30:00,2022,6,20,13,30,75,75112,ROUTE DE LA PYRAMIDE,48.828837,2.452096,Plein jour,En agglomération,Hors intersection,Normale,Deux véhicules - arrière,4,3,2,0,1,1,1,0,1,50,2,2,1,1,0,0,54.0,60.0,voiture,voiture,1,2,1,1,2
202200025602,2022-06-21 09:10:00,2022,6,21,9,10,75,75105,BOULEVARD DE L HOPITAL,48.839897,2.361765,Plein jour,En agglomération,Intersection en Y,Normale,Deux véhicules - arrière,4,2,4,0,1,1,1,0,1,30,2,2,1,0,0,1,79.0,39.0,voiture,deux_roues,1,2,4,1,2
202200025603,2022-06-20 09:20:00,2022,6,20,9,20,75,75106,AVENUE DE L OBSERVATOIRE,48.843396,2.33752,Plein jour,En agglomération,Intersection en T,Normale,Autre collision,4,1,1,0,1,1,1,0,1,30,1,2,1,0,0,1,62.0,,voiture,,1,2,3,1,6
202200025604,2022-04-12 20:45:00,2022,4,12,20,45,75,75120,BD PERIPHERIQUE INTERIEUR,48.865153,2.413215,Nuit avec éclairage non allumé,En agglomération,Hors intersection,Normale,Trois véhicules et plus - en chaîne,4,1,4,0,1,1,1,0,1,70,3,3,2,0,0,1,52.0,57.0,deux_roues,voiture,4,2,1,1,4
202200025605,2022-06-21 07:45:00,2022,6,21,7,45,75,75119,RUE D AUBERVILLIERS,48.892212,2.369293,Plein jour,En agglomération,Hors intersection,Pluie légère,Autre collision,6,-1,0,0,1,1,2,9,8,10,1,2,1,0,0,1,45.0,,voiture,,1,2,1,2,6
202200025606,2022-06-21 09:10:00,2022,6,21,9,10,75,75118,BOULEVARD ORNANO,48.893603,2.347995,Plein jour,En agglomération,Intersection en Y,Normale,Deux véhicules - côté,4,2,4,3,1,1,1,0,1,30,2,2,1,0,0,1,39.0,30.0,utilitaire_camion,deux_roues,1,2,4,1,3
202200025607,2022-04-15 00:20:00,2022,4,15,0,20,75,75110,RUE DU FAUBOURG SAINT MARTIN,48.869833,2.356012,Nuit avec éclairage allumé,En agglomération,Hors intersection,Normale,Deux véhicules - frontale,4,1,2,3,1,1,1,-1,6,30,2,3,2,0,1,0,67.0,21.0,voiture,deux_roues,5,2,1,1,1
202200025608,2022-06-21 17:00:00,2022,6,21,17,0,75,75117,BOULEVARD MALESHERBES,48.885869,2.306448,Plein jour,En agglomération,Intersection en T,Normale,Deux véhicules - arrière,4,2,2,0,1,1,1,0,1,30,2,2,1,0,0,1,20.0,59.0,utilitaire_camion,deux_roues,1,2,3,1,2
202200025609,2022-04-15 16:10:00,2022,4,15,16,10,75,75120,BOULEVARD MORTIER,48.866778,2.409027,Plein jour,En agglomération,Intersection en Y,Normale,Trois véhicules et plus - en chaîne,4,3,2,0,1,1,1,0,1,50,5,5,4,0,0,1,69.0,67.0,voiture,voiture,1,2,4,1,4
202200025610,2022-04-15 15:10:00,2022,4,15,15,10,75,75118,RUE ORDENER,48.8902280319,2.3599713298,Plein jour,En agglomération,Intersection en X,Normale,Autre collision,4,2,4,0,1,1,1,0,1,30,1,2,1,0,0,1,53.0,,voiture,,1,2,2,1,6
202200025611,2022-06-21 07:40:00,2022,6,21,7,40,75,75117,RUE LEGENDRE,48.8929217358,2.3270255327,Plein jour,En agglomération,Intersection en Y,Temps couvert,Autre collision,4,1,1,0,1,1,2,0,1,30,1,2,1,0,0,1,65.0,,voiture,,1,2,4,8,6
202200025612,2022-04-15 10:30:00,2022,4,15,10,30,75,75116,ROUTE DES TRIBUNES,48.8593801301,2.2293392525,Plein jour,En agglomération,Hors intersection,Normale,Autre collision,4,2,3,1,1,1,1,-1,5,30,1,2,0,0,0,2,52.0,,deux_roues,,1,2,1,1,6
202200025613,2022-04-14 09:30:00,2022,4,14,9,30,75,75116,PLACE DE LA PORTE DE SAINT CLOUD,48.83761,2.257583,Plein jour,En agglomération,Place,Normale,Deux véhicules - côté,4,1,3,0,1,3,1,0,1,30,2,2,1,0,0,1,,61.0,transport_commun,deux_roues,1,2,7,1,3
202200025614,2022-06-20 19:15:00,2022,6,20,19,15,75,75117,BOULEVARD DES BATIGNOLLES,48.882244,2.320355,Plein jour,En agglomération,Intersection en X,Normale,Deux véhicules - côté,4,2,2,0,1,1,1,0,1,30,2,4,3,0,0,1,35.0,58.0,voiture,deux_roues,1,2,2,1,3
202200025615,2022-04-15 13:50:00,2022,4,15,13,50,75,75115,PLACE ETIENNE PERNET,48.842722,2.292201,Plein jour,En agglomération,Place,Normale,Autre collision,4,1,1,0,1,1,1,0,1,30,1,2,1,0,0,1,50.0,,voiture,,1,2,7,1,6
202200025616,2022-06-20 07:00:00,2022,6,20,7,0,75,75117,BOULEVARD PEREIRE,48.887625,2.308221,Plein jour,En agglomération,Hors intersection,Normale,Deux véhicules - côté,4,1,1,0,1,1,1,0,1,30,2,2,1,0,0,1,61.0,21.0,voiture,deux_roues,1,2,1,1,3
202200025617,2022-04-15 08:30:00,2022,4,15,8,30,75,75115,RUE DE LA CONVENTION,48.837234,2.296444,Plein jour,En agglomération,Intersection en X,Normale,Deux véhicules - côté,4,2,2,0,1,1,1,0,1,30,2,2,1,0,0,1,42.0,47.0,voiture,deux_roues,1,2,2,1,3
202200025618,2022-06-20 19:10:00,2022,6,20,19,10,75,75116,PLACE DE LA PORTE DE SAINT CLOUD,48.838399,2.256997,Plein jour,En agglomération,Place,Normale,Deux véhicules - côté,4,1,3,1,1,2,1,-1,5,30,2,2,1,0,0,1,,52.0,deux_roues,deux_roues,1,2,7,1,3
202200025619,2022-04-14 12:20:00,2022,4,14,12,20,75,75115,RUE DE VAUGIRARD,48.842463,2.311079,Plein jour,En agglomération,Intersection en T,Normale,Deux véhicules - côté,4,1,3,1,2,2,1,0,5,30,2,2,1,0,0,1,22.0,20.0,utilitaire_camion,deux_roues,1,2,3,1,3
202200025620,2022-06-21 19:45:00,2022,6,21,19,45,75,75115,BOULEVARD PASTEUR,48.842871,2.312381,Plein jour,En agglomération,Intersection en X,Normale,Autre collision,4,-1,1,0,1,1,1,0,1,30,1,2,1,0,0,1,27.0,,deux_roues,,1,2,2,1,6
202200025621,2022-04-15 00:50:00,2022,4,15,0,50,75,75114,AVENUE RENE COTY,48.827838,2.334688,Nuit avec éclairage allumé,En agglomération,Hors intersection,Normale,Autre collision,4,3,1,0,1,1,1,0,1,30,1,1,0,0,0,1,29.0,,deux_roues,,5,2,1,1,6
202200025622,2022-06-20 21:00:00,2022,6,20,21,0,75,75115,PONT DE BIR HAKEIM,48.855667,2.287698,Plein jour,En agglomération,Hors intersection,Normale,Autre collision,4,2,2,3,1,1,1,-1,5,10,1,2,1,0,0,1,15.0,,deux_roues,,1,2,1,1,6
202200025623,2022-04-14 14:40:00,2022,4,14,14,40,75,75114,BOULEVARD BRUNE,48.825559,2.315033,Plein jour,En agglomération,Hors intersection,Normale,Autre collision,4,1,2,0,1,1,1,0,1,50,1,3,2,0,0,1,89.0,,voiture,,1,2,1,1,6
202200025624,2022-06-20 20:50:00,2022,6,20,20,50,75,75114,AVENUE DE LA PORTE DE MONTROUGE,48.821865,2.322051,Crépuscule ou aube,En agglomération,Hors intersection,Normale,Deux véhicules - côté,4,2,4,0,1,1,1,0,1,30,2,2,1,0,0,1,36.0,36.0,deux_roues,voiture,2,2,1,1,3
202200025625,2022-04-15 13:19:00,2022,4,15,13,19,75,75113,AVENUE D ITALIE,48.821864,2.358632,Plein jour,En agglomération,Hors intersection,Normale,Deux véhicules - côté,4,2,4,1,1,1,1,-1,5,30,2,2,1,0,0,1,32.0,46.0,deux_roues,voiture,1,2,1,1,3
202200025626,2022-06-20 15:40:00,2022,6,20,15,40,75,75114,RUE MECHAIN,48.835658,2.339759,Plein jour,En agglomération,Hors intersection,Normale,Autre collision,4,1,1,0,1,1,1,0,1,30,1,2,1,0,0,1,25.0,,deux_roues,,1,2,1,1,6
202200025627,2022-06-19 09:30:00,2022,6,19,9,30,75,75114,AVENUE DU MAINE,48.839455,2.322244,Plein jour,En agglomération,Intersection en T,Pluie légère,Deux véhicules - arrière,4,2,1,0,1,1,2,0,1,50,2,2,1,0,0,1,53.0,34.0,deux_roues,deux_roues,1,2,3,2,2
202200025628,2022-04-15 11:40:00,2022,4,15,11,40,75,75112,AVENUE DAUMESNIL,48.8429884892,2.3841987095,Plein jour,En agglomération,Hors intersection,Normale,Deux véhicules - côté,4,2,3,0,1,1,1,0,1,30,2,2,1,0,0,1,56.0,29.0,deux_roues,voiture,1,2,1,1,3
202200025629,2022-06-21 13:15:00,2022,6,21,13,15,75,75113,RUE DE TOLBIAC,48.825948,2.345211,Plein jour,En agglomération,Intersection en X,Normale,Deux véhicules - côté,4,2,4,3,1,1,1,0,1,30,2,2,1,0,0,1,32.0,51.0,deux_roues,voiture,1,2,2,1,3
202200025630,2022-04-15 02:40:00,2022,4,15,2,40,75,75112,RUE DE CHARENTON,48.832771,2.396217,Nuit avec éclairage allumé,En agglomération,Hors intersection,Normale,Deux véhicules - frontale,4,2,2,0,1,1,1,0,1,30,2,2,1,0,0,1,47.0,,deux_roues,voiture,5,2,1,1,1
202200025631,2022-06-21 16:30:00,2022,6,21,16,30,75,75111,BOULEVARD VOLTAIRE,48.866609,2.365001,Plein jour,En agglomération,Place,Normale,Deux véhicules - côté,4,2,4,0,1,1,1,0,1,30,2,2,1,0,0,1,22.0,50.0,deux_roues,deux_roues,1,2,7,1,3
202200025632,2022-04-15 18:09:00,2022,4,15,18,9,75,75110,BOULEVARD DE LA VILLETTE,48.8807484489,2.3700677293,Plein jour,En agglomération,Hors intersection,Normale,Deux véhicules - côté,4,3,2,1,1,1,1,-1,5,30,2,2,1,0,0,1,59.0,34.0,deux_roues,deux_roues,1,2,1,1,3
202200025633,2022-06-21 12:25:00,2022,6,21,12,25,75,75109,BOULEVARD HAUSSMANN,48.873591,2.328356,Plein jour,En agglomération,Intersection en X,Normale,Autre collision,4,1,3,3,1,1,1,0,1,30,1,2,1,0,0,1,47.0,,deux_roues,,1,2,2,1,6
202200025634,2022-04-15 11:12:00,2022,4,15,11,12,75,75110,PLACE FRANZ LISZT,48.8778906745,2.3516564553,Plein jour,En agglomération,Place,Normale,Deux véhicules - côté,4,2,3,1,1,1,1,-1,5,30,2,2,1,0,0,1,24.0,31.0,utilitaire_camion,deux_roues,1,2,7,1,3
202200025635,2022-04-14 23:00:00,2022,4,14,23,0,75,75108,BOULEVARD DE COURCELLES,48.880998,2.313891,Nuit sans éclairage public,En agglomération,Hors intersection,Normale,Autre collision,4,1,1,0,1,1,1,0,1,30,1,2,1,0,0,1,63.0,,voiture,,3,2,1,1,6
202200025636,2022-06-21 17:30:00,2022,6,21,17,30,75,75108,PLACE DE LA CONCORDE,48.865857,2.319896,Plein jour,En agglomération,Place,Normale,Deux véhicules - arrière,4,-1,2,0,1,1,1,0,1,30,2,2,1,0,0,1,45.0,52.0,deux_roues,utilitaire_camion,1,2,7,1,2
202200025637,2022-04-15 19:55:00,2022,4,15,19,55,75,75108,QUAI DES TUILERIES,48.8640701652,2.320122147,Plein jour,En agglomération,Place,Normale,Autre collision,4,3,2,0,1,1,1,0,1,30,1,1,0,0,0,1,33.0,,deux_roues,,1,2,7,1,6
202200025638,2022-06-21 10:25:00,2022,6,21,10,25,75,75107,AVENUE DE LA MOTTE PICQUET,48.855461,2.307073,Plein jour,En agglomération,Intersection en T,Normale,Autre collision,4,2,2,0,1,1,1,0,1,30,1,2,1,0,0,1,41.0,,deux_roues,,1,2,3,1,6
202200025639,2022-06-21 22:00:00,2022,6,21,22,0,75,75101,BOULEVARD DE SEBASTOPOL,48.859536,2.348809,Nuit avec éclairage allumé,En agglomération,Intersection en X,Normale,Sans collision,4,2,6,0,1,1,1,0,1,30,1,1,0,0,0,1,30.0,,deux_roues,,5,2,2,1,7
202200025640,2022-04-15 16:45:00,2022,4,15,16,45,75,75102,RUE DU LOUVRE,48.867308,2.34394,Plein jour,En agglomération,Intersection à plus de 4 branches,Normale,Deux véhicules - côté,4,2,2,0,1,1,1,0,1,30,2,3,0,0,0,3,29.0,40.0,deux_roues,deux_roues,1,2,5,1,3
202200025641,2022-06-20 19:03:00,2022,6,20,19,3,75,75101,RUE SAINT HONORE,48.862504,2.338093,Plein jour,En agglomération,Intersection en T,Normale,Deux véhicules - côté,4,1,1,0,1,1,1,0,1,30,2,2,1,0,0,1,65.0,23.0,voiture,deux_roues,1,2,3,1,3
202200025642,2022-04-15 16:11:00,2022,4,15,16,11,75,75104,QUAI DE L HOTEL DE VILLE,48.855904577,2.3511256603,Plein jour,En agglomération,Intersection en X,Normale,Deux véhicules - côté,4,1,4,0,1,1,1,0,1,30,2,2,1,0,0,1,39.0,45.0,voiture,deux_roues,1,2,2,1,3
202200025643,2022-06-21 07:45:00,2022,6,21,7,45,94,94073,ALOUETTES (R DES),48.75441,2.385411,Plein jour,En agglomération,Intersection en Y,Pluie légère,Deux véhicules - arrière,3,-1,2,0,3,3,2,5,1,50,2,2,1,0,0,1,22.0,26.0,utilitaire_camion,voiture,1,2,4,2,2
202200025644,2022-04-15 11:30:00,2022,4,15,11,30,94,94078,Rue de Paris,48.75136,2.44532,Plein jour,En agglomération,Intersection en T,Normale,Deux véhicules - côté,3,3,4,0,1,1,1,0,1,50,2,2,1,0,1,0,49.0,28.0,voiture,voiture,1,2,3,1,3
202200025645,2022-04-11 18:09:00,2022,4,11,18,9,94,94016,Rue Camille Desmoulins,48.7906561397,2.331547737,Plein jour,En agglomération,Giratoire,Normale,Deux véhicules - côté,3,2,2,0,1,2,1,5,1,50,2,2,1,0,0,1,85.0,22.0,voiture,deux_roues,1,2,6,1,3
202200025646,2022-06-21 09:30:00,2022,6,21,9,30,94,94017,Avenue Roger Salengro / Boulevard de Polangis,48.82018,2.48179,Plein jour,En agglomération,Intersection en T,Normale,Deux véhicules - côté,3,2,3,2,1,1,1,0,1,50,2,2,1,0,0,1,54.0,19.0,utilitaire_camion,deux_roues,1,2,3,1,3
202200025647,2022-04-16 01:50:00,2022,4,16,1,50,94,94041,8 rue Raspail,48.81152,2.387,Nuit avec éclairage allumé,En agglomération,Intersection en T,Normale,Deux véhicules - côté,3,2,0,0,1,1,1,0,1,30,2,2,1,0,0,1,26.0,36.0,deux_roues,voiture,5,2,3,1,3
202200025648,2022-06-21 18:30:00,2022,6,21,18,30,94,94071,3 Avenue du Piple,48.764,2.51351,Plein jour,En agglomération,Hors intersection,Normale,Deux véhicules - arrière,4,2,2,0,1,1,1,0,1,50,2,2,1,0,0,1,24.0,25.0,deux_roues,voiture,1,2,1,1,2
202200025649,2022-06-21 18:00:00,2022,6,21,18,0,93,93078,Avenue Georges Clémenceau,48.95954,2.55707,Plein jour,En agglomération,Hors intersection,Normale,Autre collision,3,3,4,0,1,1,1,0,1,50,1,2,0,0,1,1,34.0,,deux_roues,,1,2,1,1,6
202200025650,2022-04-15 16:40:00,2022,4,15,16,40,94,94033,Avenue de la République,48.8524796616,2.4626541132,Plein jour,En agglomération,Hors intersection,Normale,Deux véhicules - arrière,3,2,2,0,2,1,1,0,1,50,2,3,2,0,0,1,34.0,53.0,voiture,voiture,1,2,1,1,2
202200025651,2022-04-15 14:05:00,2022,4,15,14,5,94,94017,Avenue François Mitterrand,48.8156970723,2.5142683982,Plein jour,En agglomération,Hors intersection,Normale,Trois véhicules et plus - en chaîne,3,2,3,0,2,1,1,0,1,50,3,3,2,0,0,1,57.0,47.0,voiture,voiture,1,2,1,1,4
202200025652,2022-04-15 11:30:00,2022,4,15,11,30,94,94075,56 Avenue du Château,48.71186,2.53227,Plein jour,En agglomération,Hors intersection,Normale,Autre collision,4,2,2,0,1,1,1,9,1,50,1,1,0,0,0,1,51.0,,deux_roues,,1,2,1,1,6
202200025653,2022-06-21 08:07:00,2022,6,21,8,7,93,93078,Avenue du Général Leclerc,48.95221,2.5576,Plein jour,En agglomération,Hors intersection,Normale,Deux véhicules - frontale,4,2,2,0,1,1,1,0,1,50,2,4,2,0,0,2,51.0,35.0,voiture,voiture,1,2,1,1,1
202200025654,2022-04-14 10:45:00,2022,4,14,10,45,94,94071,7 rue Curie,48.77715,2.51599,Plein jour,En agglomération,Hors intersection,Normale,Autre collision,4,2,2,0,1,1,1,0,1,50,1,1,0,0,1,0,66.0,,voiture,,1,2,1,1,6
202200025655,2022-04-15 17:45:00,2022,4,15,17,45,93,93048,Rue Ernest Savart / Rue des Caillots,48.86835,2.44475,Plein jour,En agglomération,Intersection en X,Normale,Deux véhicules - côté,4,2,2,0,2,1,1,0,1,50,2,2,1,0,0,1,51.0,34.0,voiture,deux_roues,1,2,2,1,3
202200025656,2022-06-21 22:45:00,2022,6,21,22,45,93,93071,Avenue de Livry / Avenue Victor Hugo,48.93405,2.53568,Nuit avec éclairage allumé,En agglomération,Intersection en T,Normale,Deux véhicules - côté,4,2,2,0,1,1,1,0,1,50,2,3,2,0,0,1,34.0,50.0,deux_roues,voiture,5,2,3,1,3
202200025657,2022-04-14 13:30:00,2022,4,14,13,30,93,93006,Avenue du Général de Gaulle,48.863986,2.417026,Plein jour,En agglomération,Autre intersection,Normale,Autre collision,3,1,2,3,2,1,1,2,6,30,1,2,1,0,0,1,56.0,,utilitaire_camion,,1,2,9,1,6
202200025658,2022-06-21 22:30:00,2022,6,21,22,30,93,93066,Rue Paul Eluard,48.9415809064,2.3420405388,Nuit avec éclairage allumé,En agglomération,Intersection en Y,Normale,Autre collision,3,-1,2,0,1,1,1,0,1,50,1,1,0,1,0,0,43.0,,deux_roues,,5,2,4,1,6
202200025659,2022-04-15 17:05:00,2022,4,15,17,5,93,93013,Avenue de la Division Leclerc,48.9357039113,2.4266937375,Plein jour,En agglomération,Hors intersection,Normale,Autre collision,3,1,1,0,1,1,1,0,1,50,1,2,1,0,0,1,50.0,,utilitaire_camion,,1,2,1,1,6
202200025660,2022-06-20 16:15:00,2022,6,20,16,15,93,93048,Boulevard de la Boissière,48.8773984245,2.4615678191,Plein jour,En agglomération,Hors intersection,Normale,Autre collision,3,2,2,0,1,1,1,0,4,30,1,2,1,0,0,1,40.0,,voiture,,1,2,1,1,6
202200025661,2022-04-15 17:30:00,2022,4,15,17,30,93,93008,Avenue Jean Jaures / Rue de Paris,48.89886,2.44184,Plein jour,En agglomération,Intersection en X,Normale,Deux véhicules - côté,3,3,6,0,1,3,1,5,1,50,2,2,1,0,0,1,59.0,17.0,voiture,deux_roues,1,2,2,1,3
202200025662,2022-06-20 22:35:00,2022,6,20,22,35,93,93045,Avenue Pasteur / Rue de Noisy-le-sec,48.87601,2.41728,Nuit avec éclairage allumé,En agglomération,Intersection en X,Normale,Deux véhicules - arrière,3,-1,2,0,1,1,1,0,1,50,2,2,1,0,0,1,,26.0,voiture,deux_roues,5,2,2,1,2
202200025663,2022-04-15 08:30:00,2022,4,15,8,30,92,92046,AVAULEE (RUE),48.8164734982,2.2921784073,Plein jour,En agglomération,Hors intersection,Normale,Sans collision,4,2,2,2,2,1,9,8,5,50,1,1,0,0,1,0,46.0,,deux_roues,,1,2,1,1,7
202200025664,2022-06-21 18:50:00,2022,6,21,18,50,93,93010,Avenue Maurice Benhamou,48.91291,2.48275,Plein jour,En agglomération,Hors intersection,Normale,Autre collision,4,1,1,0,1,1,1,0,1,30,1,2,1,0,0,1,34.0,,voiture,,1,2,1,1,6
202200025665,2022-04-15 13:40:00,2022,4,15,13,40,92,92051,LONGCHAMP (RUE DE),48.8843312946,2.2578768432,Plein jour,En agglomération,Hors intersection,Normale,Deux véhicules - côté,4,1,1,0,1,1,1,0,1,30,2,3,2,0,0,1,57.0,36.0,deux_roues,voiture,1,2,1,1,3
202200025666,2022-06-21 02:30:00,2022,6,21,2,30,93,93057,Avenue Aristide Briand,48.9082588237,2.4962285709,Nuit avec éclairage allumé,En agglomération,Hors intersection,Normale,Deux véhicules - arrière,3,1,3,0,1,1,1,0,1,50,2,2,1,1,0,0,19.0,37.0,voiture,utilitaire_camion,5,2,1,1,2
202200025667,2022-04-14 23:40:00,2022,4,14,23,40,92,92051,"VICTOR HUGO (BOULEVARD, N° 9 A 49 ET 16",48.8839795755,2.281575568,Nuit avec éclairage allumé,En agglomération,Intersection en X,Normale,Sans collision,4,2,3,0,1,1,1,0,1,30,1,1,0,0,0,1,30.0,,deux_roues,,5,2,2,1,7
202200025668,2022-06-20 13:45:00,2022,6,20,13,45,93,93001,Avenue de la République,48.90957,2.38626,Plein jour,En agglomération,Hors intersection,Normale,Deux véhicules - côté,3,2,2,0,1,1,1,0,1,50,2,2,1,0,0,1,48.0,51.0,deux_roues,voiture,1,2,1,1,3
202200025669,2022-04-15 17:10:00,2022,4,15,17,10,92,92050,PREMIER MAI RUE DU,48.913521,2.218308,Plein jour,En agglomération,Hors intersection,Normale,Trois véhicules et plus - en chaîne,3,1,1,0,1,1,1,0,1,50,4,4,3,0,0,1,33.0,26.0,utilitaire_camion,voiture,1,2,1,1,4
202200025670,2022-06-21 08:15:00,2022,6,21,8,15,92,92078,GALLIENI (BD) (153 ET 225),48.9340483261,2.3327531218,Plein jour,En agglomération,Hors intersection,Normale,Deux véhicules - côté,3,2,2,0,1,1,1,0,1,50,2,2,1,0,0,1,48.0,20.0,deux_roues,voiture,1,2,1,1,3
202200025671,2022-06-21 18:30:00,2022,6,21,18,30,92,92075,FALRET (RUE),48.81921,2.28431,Plein jour,En agglomération,Hors intersection,Normale,Autre collision,4,1,1,0,2,1,1,0,1,50,1,2,1,0,0,1,35.0,,voiture,,1,2,1,1,6
202200025672,2022-04-13 18:35:00,2022,4,13,18,35,92,92002,CHEMIN DE FER (RUE DU),48.7438599577,2.3030322343,Plein jour,En agglomération,Intersection en T,Normale,Deux véhicules - côté,3,2,5,1,2,1,1,0,1,50,2,2,1,0,0,1,20.0,30.0,deux_roues,voiture,1,2,3,1,3
202200025673,2022-04-16 16:50:00,2022,4,16,16,50,47,47033,Route de Villereal,44.539544,0.689076,Plein jour,En agglomération,Hors intersection,Normale,Autre collision,3,2,2,0,1,1,1,0,1,-1,1,2,1,0,0,1,23.0,,voiture,,1,2,1,1,6
202200025674,2022-06-21 17:30:00,2022,6,21,17,30,92,92064,MARCEL DASSAULT,48.8541239566,2.2226331532,Plein jour,En agglomération,Intersection en T,Normale,Deux véhicules - côté,3,2,3,0,1,1,1,0,1,50,2,2,0,0,0,2,37.0,36.0,deux_roues,voiture,1,2,3,1,3
202200025675,2022-04-17 12:10:00,2022,4,17,12,10,17,17285,chemin rural la flow velo 92,45.820384,-0.646718,Plein jour,Hors agglomération,Hors intersection,Normale,Deux véhicules - frontale,4,2,2,3,1,3,1,0,1,-1,2,2,1,0,1,0,62.0,22.0,deux_roues,voiture,1,1,1,1,1
202200025676,2022-06-21 17:30:00,2022,6,21,17,30,92,92048,JACQUEMINOT (AVENUE) N°10 A 50,48.8109864375,2.234920755,Plein jour,En agglomération,Autre intersection,Normale,Deux véhicules - arrière,4,2,2,0,2,1,1,0,1,50,2,3,2,0,0,1,40.0,80.0,voiture,voiture,1,2,9,1,2
202200025677,2022-04-15 19:15:00,2022,4,15,19,15,17,17389,D 215,45.838861,-0.874465,Plein jour,Hors agglomération,Hors intersection,Normale,Sans collision,3,2,2,0,1,2,1,0,1,80,1,2,0,0,2,0,40.0,,deux_roues,,1,1,1,1,7
202200025678,2022-06-21 21:10:00,2022,6,21,21,10,92,92026,22 SEPTEMBRE ( RUE DU ),48.90485,2.27162,Plein jour,En agglomération,Intersection en T,Normale,Deux véhicules - côté,4,2,2,0,1,1,1,0,1,50,2,2,1,0,0,1,34.0,36.0,voiture,deux_roues,1,2,3,1,3
202200025679,2022-06-21 19:00:00,2022,6,21,19,0,92,92026,VERDUN (DE 01 A 61),48.89701,2.26429,Plein jour,En agglomération,Hors intersection,Normale,Deux véhicules - côté,3,2,4,0,1,1,1,0,1,50,2,2,1,0,0,1,65.0,43.0,utilitaire_camion,deux_roues,1,2,1,1,3
202200025680,2022-04-17 05:10:00,2022,4,17,5,10,95,95134,Rue d’Aire,49.1340643036,2.2303077579,Nuit avec éclairage allumé,En agglomération,Hors intersection,Normale,Autre collision,4,2,2,0,3,3,1,0,1,50,1,1,0,0,0,1,20.0,,voiture,,5,2,1,1,6
202200025681,2022-04-17 20:10:00,2022,4,17,20,10,76,76220,84 Rue de la Chaussee,49.869567,1.322367,Plein jour,En agglomération,Hors intersection,Normale,Autre collision,3,2,2,0,2,1,1,0,1,50,1,1,0,1,0,0,35.0,,deux_roues,,1,2,1,1,6
202200025682,2022-06-21 17:32:00,2022,6,21,17,32,92,92025,HENRI BARBUSSE (AV),48.9186524491,2.2526832819,Plein jour,En agglomération,Hors intersection,Normale,Deux véhicules - côté,3,2,2,0,2,1,1,0,1,30,2,2,1,0,0,1,21.0,64.0,deux_roues,voiture,1,2,1,1,3