accident_id,datetime,annee,mois,jour,heure,minute,departement,commune_insee,adresse,latitude,longitude,luminosite,agglomeration,intersection,meteo,collision,catr,circ,nbv,vosp,prof,plan,surf,infra,situ,vma,nb_vehicules,nb_usagers,nb_indemnes,nb_tues,nb_blesses_hosp,nb_blesses_legers,age_cond_1,age_cond_2,veh_type_cond_1,veh_type_cond_2,lum_code,agg_code,int_code,atm_code,col_code
202200025867,2022-01-25 14:46:00,2022,1,25,14,46,87,87085,GOUJAUD (QUAI LOUIS),45.82605,1.2679,Plein jour,En agglomération,Intersection en X,Normale,Deux véhicules - côté,2,3,5,0,1,1,1,5,1,50,2,2,1,0,0,1,82.0,58.0,voiture,voiture,1,2,2,1,3
202200025868,2022-01-26 18:30:00,2022,1,26,18,30,83,83062,HOUOT (AVENUE CDT),43.1066130644,5.9938117862,Nuit avec éclairage allumé,En agglomération,Hors intersection,Normale,Deux véhicules - côté,7,2,2,0,1,1,1,0,1,30,2,2,1,0,1,0,51.0,29.0,voiture,voiture,5,2,1,1,3
202200025869,2022-01-26 15:00:00,2022,1,26,15,0,83,83137,SAINT ROCH (AVE),43.1294,5.92089,Plein jour,En agglomération,Hors intersection,Normale,Autre collision,7,-1,2,0,2,1,1,0,4,30,1,2,1,0,0,1,54.0,,utilitaire_camion,,1,2,1,1,6
202200025870,2022-01-26 14:20:00,2022,1,26,14,20,83,83137,RD46,43.1625117434,5.9495615959,Plein jour,Hors agglomération,Intersection en T,Normale,Deux véhicules - côté,7,2,2,0,2,1,1,0,1,70,2,3,2,0,0,1,23.0,40.0,voiture,utilitaire_camion,1,1,3,1,3
202200025871,2022-10-04 11:00:00,2022,10,4,11,0,92,92051,MARCHE (PLACE DU),48.88058,2.27627,Plein jour,En agglomération,Place,Normale,Autre collision,4,-1,0,0,1,1,1,0,1,20,1,2,1,0,0,1,20.0,,utilitaire_camion,,1,2,7,1,6
202200025872,2022-01-26 09:35:00,2022,1,26,9,35,83,83137,,43.1203395448,5.9472758174,Plein jour,En agglomération,Intersection en X,Normale,Deux véhicules - côté,4,1,4,3,1,1,1,0,6,50,2,6,3,0,0,3,50.0,87.0,utilitaire_camion,voiture,1,2,2,1,3
202200025873,2022-01-24 11:45:00,2022,1,24,11,45,80,80256,RUE OCTAVIE DUCHELLIER,49.9157143711,2.2286224435,Plein jour,En agglomération,Hors intersection,Normale,Deux véhicules - arrière,3,2,2,0,1,1,1,0,1,50,2,3,1,0,0,2,27.0,44.0,voiture,voiture,1,2,1,1,2
202200025874,2022-10-05 12:47:00,2022,10,5,12,47,92,92040,GAMBETTA (BOULEVARD),48.827670115,2.2757529616,Plein jour,En agglomération,Intersection en T,Normale,Deux véhicules - frontale,3,2,2,0,1,1,1,0,1,30,2,2,1,0,0,1,49.0,,autre,deux_roues,1,2,3,1,1
202200025875,2022-01-26 17:20:00,2022,1,26,17,20,78,78551,RN 184,48.9616,2.09023,Crépuscule ou aube,Hors agglomération,Hors intersection,Normale,Deux véhicules - arrière,2,1,1,0,1,1,1,0,1,90,2,6,0,0,0,6,55.0,69.0,utilitaire_camion,voiture,2,1,1,1,2
202200025876,2022-01-26 18:00:00,2022,1,26,18,0,77,77294,D139,48.97778,2.62653,Nuit avec éclairage allumé,En agglomération,Hors intersection,Normale,Autre collision,3,2,2,0,1,1,1,0,4,50,1,2,0,0,1,1,21.0,,voiture,,5,2,1,1,6
202200025877,2022-01-26 07:50:00,2022,1,26,7,50,77,77083,NEWTON (BOULEVARD),48.84283,2.58752,Nuit sans éclairage public,En agglomération,Hors intersection,Normale,Autre collision,4,2,2,0,1,1,2,0,1,50,1,2,1,1,0,0,23.0,,voiture,,3,2,1,1,6
202200025878,2022-01-25 08:06:00,2022,1,25,8,6,77,77180,D216,48.71684,2.64565,Crépuscule ou aube,Hors agglomération,Hors intersection,Brouillard / fumée,Autre collision,3,2,2,1,1,1,2,0,1,80,3,3,0,0,2,1,54.0,22.0,voiture,voiture,2,1,1,5,6
202200025879,2022-01-26 15:55:00,2022,1,26,15,55,76,76681,Rue Andre Poirier,49.4035,1.1005,Plein jour,En agglomération,Intersection en Y,Normale,Deux véhicules - frontale,4,2,2,0,1,1,1,0,1,30,2,3,2,0,0,1,16.0,41.0,deux_roues,voiture,1,2,4,1,1
202200025880,2022-10-05 11:14:00,2022,10,5,11,14,92,92024,GENERAL ROGUET (RUE DU) DE (1 A 57)   (2,48.9065927937,2.3129541278,Plein jour,En agglomération,Hors intersection,Normale,Deux véhicules - côté,3,2,2,0,1,1,1,0,1,50,2,2,1,0,0,1,23.0,24.0,deux_roues,voiture,1,2,1,1,3
202200025881,2022-01-26 14:55:00,2022,1,26,14,55,74,74010,LYCEE (BOULEVARD DU)(DE CARNOT A BROGNY),45.90547,6.12559,Plein jour,En agglomération,Hors intersection,Normale,Autre collision,4,1,2,0,1,1,1,1,1,30,1,3,1,0,0,2,35.0,,voiture,,1,2,1,1,6
202200025882,2022-01-25 16:20:00,2022,1,25,16,20,67,67482,MARCEL PROUST (RUE),48.59159,7.72018,Plein jour,En agglomération,Passage à niveau,Normale,Autre collision,4,2,2,3,1,1,1,4,6,50,1,2,1,0,1,0,57.0,,transport_commun,,1,2,8,1,6
202200025883,2022-01-25 16:35:00,2022,1,25,16,35,66,66136,REICHEL (FRANTZ),42.69295,2.86636,Plein jour,En agglomération,Intersection en T,Normale,Deux véhicules - côté,4,2,2,0,1,1,1,0,1,30,2,2,1,0,0,1,48.0,,voiture,voiture,1,2,3,1,3
202200025884,2022-01-26 21:35:00,2022,1,26,21,35,64,64445,Boulevard Tourasse,43.31133,-0.35639,Nuit avec éclairage allumé,En agglomération,Intersection en X,Normale,Deux véhicules - côté,4,2,3,0,1,1,1,0,1,50,2,2,1,0,1,0,28.0,28.0,voiture,deux_roues,5,2,2,1,3
202200025885,2022-01-26 15:10:00,2022,1,26,15,10,59,59650,ANTENNE SUD DE ROUBAIX,50.6963108416,3.2295684814,Plein jour,Hors agglomération,Hors intersection,Temps couvert,Autre collision,7,3,2,0,1,3,1,0,3,90,1,1,0,0,1,0,36.0,,voiture,,1,1,1,8,6
202200025886,2022-10-05 00:05:00,2022,10,5,0,5,92,92024,JEAN JAURES (BD) DE (1 A 45)   (2 A 54),48.897864,2.308051,Nuit avec éclairage allumé,En agglomération,Intersection en X,Normale,Sans collision,3,1,3,1,1,1,1,0,1,50,1,1,0,0,0,1,45.0,,deux_roues,,5,2,2,1,7
202200025887,2022-01-26 16:25:00,2022,1,26,16,25,59,59163,LEBAS (RUE JEAN BAPTISTE),50.6746053697,3.1532742976,Plein jour,En agglomération,Hors intersection,Normale,Deux véhicules - côté,4,1,1,0,1,1,1,0,1,30,2,2,1,0,0,1,42.0,15.0,voiture,deux_roues,1,2,1,1,3
202200025888,2022-01-26 08:15:00,2022,1,26,8,15,59,59286,VANDERHAGEN ALBERT RUE,50.611389,2.977886,Plein jour,En agglomération,Hors intersection,Normale,Trois véhicules et plus - collisions multiples,7,2,2,0,1,1,1,0,1,50,3,3,1,0,1,1,61.0,34.0,voiture,voiture,1,2,1,1,5
202200025889,2022-01-24 16:15:00,2022,1,24,16,15,57,57757,ROBERT SCHUMANN (BOULEVARD),49.35,6.174,Plein jour,En agglomération,Hors intersection,Normale,Deux véhicules - frontale,4,3,4,1,2,1,1,0,5,50,2,4,3,0,1,0,21.0,59.0,voiture,deux_roues,1,2,1,1,1
202200025890,2022-01-26 18:00:00,2022,1,26,18,0,51,51172,Rue Aristide Briand,49.2166227247,4.0507568869,Nuit avec éclairage allumé,En agglomération,Giratoire,Normale,Deux véhicules - arrière,3,1,2,0,1,1,1,0,1,50,2,2,1,0,0,1,88.0,43.0,utilitaire_camion,voiture,5,2,6,1,2
202200025891,2022-01-26 05:57:00,2022,1,26,5,57,47,47001,27 Rue Denfert Rochereau,44.20277,0.62627,Nuit avec éclairage allumé,En agglomération,Intersection en T,Brouillard / fumée,Autre collision,4,2,2,0,1,1,1,0,1,30,1,2,0,0,0,1,,,deux_roues,,5,2,3,5,6
202200025892,2022-01-25 17:20:00,2022,1,25,17,20,47,47201,GAMBETTA (RUE),44.2008,0.60212,Crépuscule ou aube,En agglomération,Intersection en T,Normale,Autre collision,4,1,1,0,1,1,1,0,1,30,1,2,1,0,0,1,,,voiture,,2,2,3,1,6
202200025893,2022-01-26 13:50:00,2022,1,26,13,50,46,46191,GRANDE RUE,44.497062,1.385512,Plein jour,En agglomération,Intersection en X,Normale,Deux véhicules - côté,3,2,2,0,1,1,1,0,1,50,2,2,1,0,1,0,56.0,37.0,deux_roues,voiture,1,2,2,1,3
202200025894,2022-10-05 20:12:00,2022,10,5,20,12,10,10125,RD 60,48.329111,3.832802,Nuit sans éclairage public,Hors agglomération,Hors intersection,Normale,Deux véhicules - frontale,3,2,2,0,1,1,1,0,1,80,2,2,1,0,1,0,17.0,27.0,deux_roues,voiture,3,1,1,1,1
202200025895,2022-01-26 14:05:00,2022,1,26,14,5,45,45284,Place Charles de Gaulle,47.91272,1.97235,Plein jour,En agglomération,Hors intersection,Temps couvert,Autre collision,6,-1, -1,0,1,2,1,0,1,30,1,2,1,0,0,1,58.0,,voiture,,1,2,1,8,6
202200025896,2022-01-26 08:00:00,2022,1,26,8,0,45,45232,Avenue de Sologne,47.868343,1.912206,Crépuscule ou aube,En agglomération,Intersection en X,Pluie légère,Autre collision,4,3,6,0,1,1,2,5,1,70,1,2,0,0,2,0,20.0,,deux_roues,,2,2,2,2,6
202200025897,2022-01-26 22:40:00,2022,1,26,22,40,44,44109,17 Boulevard de Stalingrad,47.218504,-1.53932,Plein jour,En agglomération,Hors intersection,Normale,Deux véhicules - arrière,4,2,2,2,1,1,1,0,1,30,2,2,1,0,0,1,,29.0,voiture,utilitaire_camion,1,2,1,1,2
202200025898,2022-01-08 10:25:00,2022,1,8,10,25,42,42218,Avenue de Rochetaillée,45.4165269781,4.4008780992,Plein jour,Hors agglomération,Hors intersection,Pluie légère,Deux véhicules - côté,4,2,2,0,2,4,2,0,1,80,2,2,1,0,0,1,40.0,57.0,voiture,utilitaire_camion,1,1,1,2,3
202200025899,2022-10-05 19:10:00,2022,10,5,19,10,10,10003,Rue du Marechal Foch,48.221256,3.726967,Crépuscule ou aube,En agglomération,Hors intersection,Normale,Deux véhicules - frontale,4,2,2,0,2,3,1,0,1,50,2,2,0,1,1,0,30.0,27.0,deux_roues,deux_roues,2,2,1,1,1
202200025900,2022-01-09 10:00:00,2022,1,9,10,0,42,42218,Rue de la Plagne,45.43888,4.40335,Plein jour,Hors agglomération,Hors intersection,Normale,Autre collision,4,-1,0,0,1,1,1,0,1,50,1,2,0,0,1,1,78.0,,voiture,,1,1,1,1,6
202200025901,2022-01-26 15:10:00,2022,1,26,15,10,42,42187,Rue Albert Thomas,46.0475,4.0742,Plein jour,En agglomération,Intersection en X,Normale,Deux véhicules - côté,4,-1,2,0,1,1,1,0,1,50,2,2,1,0,0,1,19.0,22.0,voiture,voiture,1,2,2,1,3
202200025902,2022-01-26 13:30:00,2022,1,26,13,30,42,42095,Avenue de la Gare,45.39008,4.28701,Plein jour,En agglomération,Hors intersection,Temps éblouissant,Autre collision,4,1,1,0,1,1,1,0,1,50,1,2,1,0,1,0,49.0,,voiture,,1,2,1,7,6
202200025903,2022-09-30 15:45:00,2022,9,30,15,45,10,10363,,48.183943,4.165235,Plein jour,Hors agglomération,Hors intersection,Normale,Deux véhicules - côté,3,2,2,0,1,1,1,0,1,80,2,2,1,0,0,1,70.0,30.0,deux_roues,utilitaire_camion,1,1,1,1,3
202200025904,2022-01-27 00:25:00,2022,1,27,0,25,37,37122,,47.339681518,0.6670761108,Nuit sans éclairage public,Hors agglomération,Hors intersection,Normale,Autre collision,7,3,4,3,1,1,1,2,8,90,1,1,0,0,0,1,38.0,,voiture,,3,1,1,1,6
202200025905,2022-01-26 19:15:00,2022,1,26,19,15,35,35051,Boulevard des Alliés,48.10804,-1.6162,Nuit avec éclairage allumé,En agglomération,Giratoire,Normale,Deux véhicules - côté,7,3,4,0,1,1,1,0,1,50,2,3,2,0,0,1,35.0,38.0,deux_roues,voiture,5,2,6,1,3
202200025906,2022-01-25 18:30:00,2022,1,25,18,30,34,34172,BOLOGNE (RUE DE),43.6270581542,3.8176304019,Crépuscule ou aube,En agglomération,Intersection en X,Normale,Autre collision,4,2,2,0,1,1,1,0,1,30,1,2,1,0,0,1,,,deux_roues,,2,2,2,1,6
202200025907,2022-01-26 15:20:00,2022,1,26,15,20,33,33063,Cours Georges Clémenceau,44.843492,-0.57888,Plein jour,En agglomération,Intersection en T,Normale,Deux véhicules - arrière,4,2,4,3,1,1,1,0,1,30,2,2,1,0,0,1,24.0,27.0,voiture,voiture,1,2,3,1,2
202200025908,2022-10-05 17:45:00,2022,10,5,17,45,29,29204,N12,48.5016046347,-4.1719442513,Plein jour,Hors agglomération,Hors intersection,Normale,Trois véhicules et plus - en chaîne,2,2,2,0,4,1,2,8,1,80,3,3,2,0,0,1,28.0,32.0,voiture,voiture,1,1,1,1,4
202200025909,2022-11-12 17:45:00,2022,11,12,17,45,38,38006,D525,45.407038,6.086233,Nuit sans éclairage public,Hors agglomération,Hors intersection,Normale,Trois véhicules et plus - collisions multiples,3,2,2,0,1,3,1,0,1,90,3,4,3,0,0,1,43.0,49.0,utilitaire_camion,voiture,3,1,1,1,5
202200025910,2022-01-26 15:45:00,2022,1,26,15,45,30,30007,MONTALET (RUE),44.12147,4.08954,Plein jour,En agglomération,Intersection en T,Normale,Autre collision,2,2,2,0,1,1,1,0,1,50,1,2,1,0,0,1,20.0,,voiture,,1,2,3,1,6
202200025911,2022-11-11 16:56:00,2022,11,11,16,56,02,02224,D144,49.350209,3.576549,Plein jour,Hors agglomération,Hors intersection,Normale,Autre collision,3,2,2,0,2,2,1,0,1,80,1,1,0,0,1,0,54.0,,deux_roues,,1,1,1,1,6
202200025912,2022-10-06 07:50:00,2022,10,6,7,50,14,14061,D674,48.8938003566,-0.8910903834,Crépuscule ou aube,En agglomération,Intersection en X,Normale,Deux véhicules - côté,3,2,2,0,2,1,1,5,1,50,2,2,1,1,0,0,17.0,44.0,deux_roues,utilitaire_camion,2,2,2,1,3
202200025913,2022-11-11 16:30:00,2022,11,11,16,30,58,58221,la gare,46.836798,3.817663,Plein jour,Hors agglomération,Passage à niveau,Normale,Sans collision,9,2,2,0,1,1,1,4,1,50,1,1,0,0,1,0,34.0,,deux_roues,,1,1,8,1,7
202200025914,2022-01-26 08:55:00,2022,1,26,8,55,29,29151,Rue Pierre Corlé,48.5936,-3.81481,Nuit avec éclairage allumé,En agglomération,Intersection en T,Normale,Deux véhicules - frontale,4,2,2,0,1,1,1,5,1,50,2,2,0,0,0,2,53.0,50.0,voiture,voiture,5,2,3,1,1
202200025915,2022-10-02 12:36:00,2022,10,2,12,36,06,06130,919 route Napoleon,43.705602,6.842255,Plein jour,Hors agglomération,Hors intersection,Normale,Deux véhicules - frontale,3,2,2,0,2,1,1,0,1,80,2,2,1,0,1,0,49.0,53.0,deux_roues,voiture,1,1,1,1,1
202200025916,2022-01-26 07:10:00,2022,1,26,7,10,25,25204,R-N 57.,46.92697,6.33523,Nuit sans éclairage public,Hors agglomération,Hors intersection,Normale,Deux véhicules - arrière,3,2,2,0,1,1,1,0,1,80,2,2,1,0,0,1,30.0,54.0,voiture,utilitaire_camion,3,1,1,1,2
202200025917,2022-11-11 15:20:00,2022,11,11,15,20,14,14403,D613,49.14394444,0.3448094202,Plein jour,Hors agglomération,Hors intersection,Normale,Deux véhicules - frontale,3,2,2,0,1,1,1,0,1,90,2,3,2,0,1,0,82.0,53.0,voiture,voiture,1,1,1,1,1
202200025918,2022-01-26 02:24:00,2022,1,26,2,24,17,17333,DULIN  (AVENUE DU PRESIDENT),45.59124,-0.980793,Nuit sans éclairage public,En agglomération,Hors intersection,Temps couvert,Sans collision,3,3,4,2,1,2,7,0,3,50,1,1,0,0,0,1,47.0,,voiture,,3,2,1,8,7
202200025919,2022-10-05 16:30:00,2022,10,5,16,30,83,83019,route de bénat,43.1346609816,6.3511329889,Plein jour,En agglomération,Intersection en Y,Normale,Deux véhicules - côté,3,2,2,0,3,1,1,0,1,50,2,2,1,0,1,0,54.0,61.0,voiture,deux_roues,1,2,4,1,3
202200025920,2022-11-12 10:00:00,2022,11,12,10,0,50,50258,,49.477264,-1.370437,Plein jour,Hors agglomération,Hors intersection,Temps éblouissant,Deux véhicules - côté,3,3,2,0,2,1,1,0,1,70,2,2,1,1,0,0,30.0,76.0,voiture,deux_roues,1,1,1,7,3
202200025921,2022-01-26 17:10:00,2022,1,26,17,10,11,11069,Avenue Claude Bernard,43.22992,2.35492,Plein jour,En agglomération,Hors intersection,Normale,Deux véhicules - côté,4,2,2,0,1,2,1,0,1,50,2,3,2,0,1,0,31.0,,voiture,deux_roues,1,2,1,1,3
202200025922,2022-09-15 18:30:00,2022,9,15,18,30,87,87118,Rue de la Filature,45.984711,1.16476,Plein jour,Hors agglomération,Hors intersection,Normale,Sans collision,3,2,2,0,1,2,1,0,1,80,1,1,0,0,1,0,22.0,,deux_roues,,1,1,1,1,7
202200025923,2022-11-09 20:20:00,2022,11,9,20,20,64,64123,Route de Gramont,43.488167,-1.138748,Nuit sans éclairage public,Hors agglomération,Hors intersection,Pluie légère,Autre collision,3,2,2,0,2,1,2,0,3,80,1,1,0,0,1,0,48.0,,voiture,,3,1,1,2,6
202200025924,2022-10-05 18:50:00,2022,10,5,18,50,62,62094,D138,50.4439770338,1.7892016066,Crépuscule ou aube,Hors agglomération,Hors intersection,Pluie légère,Autre collision,3,2,2,0,1,1,2,0,3,80,1,1,0,0,0,1,54.0,,voiture,,2,1,1,2,6
202200025925,2022-01-24 09:21:00,2022,1,24,9,21,11,11069,VILLEMOUSTAUSSOU -ROUTE DE-,43.22821,2.35946,Plein jour,En agglomération,Hors intersection,Normale,Autre collision,3,2,2,0,2,1,1,0,1,50,1,2,1,0,0,1,74.0,,voiture,,1,2,1,1,6
202200025926,2022-11-11 16:39:00,2022,11,11,16,39,21,21201,D980,47.750177,4.493424,Crépuscule ou aube,En agglomération,Hors intersection,Normale,Autre collision,3,2,2,0,1,1,1,0,1,50,1,2,1,0,1,0,52.0,,voiture,,2,2,1,1,6
202200025927,2022-10-05 17:35:00,2022,10,5,17,35,83,83140,D34,43.429156,5.935179,Plein jour,Hors agglomération,Hors intersection,Normale,Deux véhicules - côté,3,2,2,0,2,2,1,0,1,80,2,2,1,0,1,0,36.0,33.0,deux_roues,voiture,1,1,1,1,3
202200025928,2022-01-26 11:35:00,2022,1,26,11,35,06,06088,BOYER (RUE),43.701805,7.281886,Plein jour,En agglomération,Hors intersection,Normale,Autre collision,4,2,2,0,1,1,1,0,1,50,1,3,1,0,0,2,24.0,,utilitaire_camion,,1,2,1,1,6
202200025929,2022-11-11 21:37:00,2022,11,11,21,37,85,85127,D21,46.4251333,-1.49253934,Nuit sans éclairage public,Hors agglomération,Hors intersection,Normale,Sans collision,3,2,2,0,1,1,1,0,3,80,1,1,0,0,1,0,36.0,,voiture,,3,1,1,1,7
202200025930,2022-10-05 16:20:00,2022,10,5,16,20,57,57708,Rue du fort,49.011943,6.204078,Plein jour,En agglomération,Hors intersection,Normale,Deux véhicules - côté,4,2,2,0,1,1,1,0,1,50,2,2,1,0,0,1,79.0,13.0,voiture,deux_roues,1,2,1,1,3
202200025931,2022-11-11 06:50:00,2022,11,11,6,50,85,85093,RD948,46.66289,-1.263846,Crépuscule ou aube,Hors agglomération,Hors intersection,Normale,Autre collision,3,1,4,0,1,1,1,0,8,110,1,2,1,0,1,0,25.0,,voiture,,2,1,1,1,6
202200025932,2022-01-21 17:20:00,2022,1,21,17,20,06,06104,PROFONDEVILLE (AVENUE),43.761825,7.48118,Crépuscule ou aube,En agglomération,Intersection en X,Normale,Deux véhicules - côté,4,1,1,0,1,1,1,0,1,30,2,2,1,0,1,0,20.0,48.0,deux_roues,voiture,2,2,2,1,3
202200025933,2022-11-11 20:10:00,2022,11,11,20,10,85,85008,RD 747 - PK 004.164,46.634638,-1.438919,Nuit sans éclairage public,Hors agglomération,Hors intersection,Normale,Autre collision,3,3,2,0,4,1,1,0,1,110,1,1,0,0,1,0,18.0,,deux_roues,,3,1,1,1,6
202200025934,2022-01-26 03:25:00,2022,1,26,3,25,03,03185,Rue Albert Einstein,46.35088,2.60807,Nuit avec éclairage allumé,En agglomération,Hors intersection,Neige / grêle,Autre collision,4,2,2,0,1,2,7,0,4,50,1,4,2,0,2,0,18.0,,voiture,,5,2,1,4,6
202200025935,2022-10-06 05:15:00,2022,10,6,5,15,80,80071,Route Nationale,50.079954,2.325132,Nuit sans éclairage public,Hors agglomération,Hors intersection,Normale,Deux véhicules - frontale,2,2,2,0,1,1,1,0,1,80,2,3,0,0,1,2,21.0,40.0,voiture,voiture,3,1,1,1,1
202200025936,2022-01-25 21:40:00,2022,1,25,21,40,75,75119,PORTE DE PANTIN,48.88343,2.399739,Nuit avec éclairage allumé,En agglomération,Hors intersection,Brouillard / fumée,Deux véhicules - arrière,4,1,4,0,2,1,1,0,1,70,2,2,1,0,0,1,26.0,22.0,deux_roues,utilitaire_camion,5,2,1,5,2
202200025937,2022-10-05 07:30:00,2022,10,5,7,30,81,81064,Place du Souvenir,43.964928,1.817315,Crépuscule ou aube,En agglomération,Hors intersection,Temps couvert,Autre collision,4,1,2,0,1,1,1,0,1,50,1,3,2,0,1,0,50.0,,voiture,,2,2,1,8,6
202200025938,2022-11-10 19:00:00,2022,11,10,19,0,28,28249,Rue de Chimay,48.56178,1.59085,Nuit sans éclairage public,Hors agglomération,Hors intersection,Normale,Deux véhicules - frontale,3,2,2,0,1,1,1,0,1,-1,2,2,1,0,1,0,24.0,77.0,deux_roues,voiture,3,1,1,1,1
202200025939,2022-10-04 10:15:00,2022,10,4,10,15,32,32001,Rue du Duc de Bouillon,43.697175,0.083103,Plein jour,En agglomération,Hors intersection,Temps éblouissant,Autre collision,3,2,2,0,1,1,1,6,8,50,1,2,1,0,1,0,38.0,,voiture,,1,2,1,7,6
202200025940,2022-01-25 20:00:00,2022,1,25,20,0,75,75118,BOULEVARD PERIPHERIQUE,48.901104,2.346646,Nuit avec éclairage allumé,En agglomération,Hors intersection,Normale,Deux véhicules - arrière,4,1,4,0,1,1,1,0,1,70,2,4,3,0,0,1,49.0,28.0,deux_roues,voiture,5,2,1,1,2
202200025941,2022-11-12 07:00:00,2022,11,12,7,0,17,17043,D120,46.065605,-0.587506,Crépuscule ou aube,Hors agglomération,Hors intersection,Normale,Sans collision,3,2,2,0,1,3,1,0,3,80,1,5,2,0,1,2,23.0,,voiture,,2,1,1,1,7
202200025942,2022-01-25 18:50:00,2022,1,25,18,50,75,75115,BOULEVARD PERIPHERIQUE,48.831897,2.28169,Nuit avec éclairage allumé,En agglomération,Hors intersection,Normale,Deux véhicules - côté,4,1,4,0,1,1,1,0,1,70,2,2,1,0,0,1,35.0,34.0,deux_roues,voiture,5,2,1,1,3
202200025943,2022-10-06 11:50:00,2022,10,6,11,50,71,71230,Rue du 8 Mai 1945,46.60345,4.055382,Plein jour,En agglomération,Intersection en X,Normale,Deux véhicules - côté,3,2,2,0,1,1,1,0,1,50,2,2,1,0,0,1,54.0,11.0,utilitaire_camion,deux_roues,1,2,2,1,3
202200025944,2022-10-22 20:22:00,2022,10,22,20,22,17,17003,Rue de l'Angle,46.111925,-0.930463,Nuit avec éclairage non allumé,En agglomération,Hors intersection,Normale,Sans collision,4,2,2,0,1,3,1,0,3,50,1,1,0,0,1,0,56.0,,voiture,,4,2,1,1,7
202200025945,2022-01-24 12:30:00,2022,1,24,12,30,75,75119,PORTE DES LILAS,48.881,2.403653,Nuit avec éclairage allumé,En agglomération,Hors intersection,Normale,Deux véhicules - arrière,4,1,4,0,1,1,1,1,1,70,2,3,2,0,0,1,35.0,22.0,voiture,utilitaire_camion,5,2,1,1,2
202200025946,2022-10-05 14:50:00,2022,10,5,14,50,49,49018,D60,47.495495,-0.130881,Plein jour,Hors agglomération,Hors intersection,Normale,Deux véhicules - frontale,3,2,2,0,1,2,1,0,1,80,2,2,1,0,1,0,72.0,31.0,voiture,utilitaire_camion,1,1,1,1,1
202200025947,2022-11-11 21:20:00,2022,11,11,21,20,37,37104,D943,47.3118058055,0.7820731401,Nuit sans éclairage public,Hors agglomération,Hors intersection,Normale,Deux véhicules - côté,3,3,2,0,1,1,1,0,3,110,2,2,1,0,1,0,59.0,53.0,voiture,deux_roues,3,1,1,1,3
202200025948,2022-01-25 07:00:00,2022,1,25,7,0,75,75106,BOULEVARD SAINT GERMAIN,48.852486,2.338761,Nuit avec éclairage allumé,En agglomération,Intersection en X,Normale,Autre collision,4,2,5,3,1,1,1,0,6,30,1,2,1,1,0,0,29.0,,utilitaire_camion,,5,2,2,1,6
202200025949,2022-10-05 20:23:00,2022,10,5,20,23,12,12206,D525,44.459768,2.257106,Nuit sans éclairage public,Hors agglomération,Hors intersection,Normale,Autre collision,3,2,2,0,1,1,1,0,3,90,1,1,0,1,0,0,20.0,,voiture,,3,1,1,1,6
202200025950,2022-11-12 17:35:00,2022,11,12,17,35,30,30122,D907,43.891638,4.232585,Nuit sans éclairage public,Hors agglomération,Hors intersection,Normale,Deux véhicules - arrière,3,2,2,0,1,1,1,0,1,80,2,2,1,0,1,0,,43.0,voiture,deux_roues,3,1,1,1,2
202200025951,2022-01-26 15:00:00,2022,1,26,15,0,75,75106,BOULEVARD SAINT GERMAIN,48.853765,2.333441,Plein jour,En agglomération,Intersection à plus de 4 branches,Normale,Deux véhicules - côté,4,1,3,0,1,1,1,0,1,30,2,2,1,0,0,1,29.0,38.0,voiture,deux_roues,1,2,5,1,3
202200025952,2022-10-06 10:25:00,2022,10,6,10,25,12,12002,32 Route des Gorges du Tarn,44.156558,3.098544,Plein jour,En agglomération,Hors intersection,Normale,Autre collision,3,2,2,0,1,1,1,0,1,30,1,2,1,0,0,1,85.0,,voiture,,1,2,1,1,6
202200025953,2022-11-12 09:20:00,2022,11,12,9,20,33,33199,"A660, PK 020.000",44.614285,-1.073828,Plein jour,Hors agglomération,Hors intersection,Normale,Autre collision,1,1,4,0,1,1,1,0,3,90,1,1,0,1,0,0,80.0,,voiture,,1,1,1,1,6
202200025954,2022-01-26 00:17:00,2022,1,26,0,17,75,75105,RUE MONGE,48.843795,2.352304,Nuit avec éclairage allumé,En agglomération,Intersection en X,Normale,Deux véhicules - côté,4,2,4,0,1,1,1,0,1,30,2,2,1,0,0,1,26.0,37.0,deux_roues,deux_roues,5,2,2,1,3
202200025955,2022-10-06 12:20:00,2022,10,6,12,20,47,47252,Av Gaston Carrere,44.399107,0.598347,Plein jour,En agglomération,Hors intersection,Temps couvert,Deux véhicules - côté,3,2,2,0,1,1,1,0,1,50,2,2,0,0,1,1,33.0,51.0,deux_roues,voiture,1,2,1,8,3
202200025956,2022-11-11 17:10:00,2022,11,11,17,10,86,86083,A10,46.507775,0.20782,Plein jour,Hors agglomération,Autre intersection,Normale,Deux véhicules - arrière,1,3,2,0,1,1,1,0,1,130,2,2,0,1,0,1,58.0,36.0,voiture,voiture,1,1,9,1,2
202200025957,2022-01-26 17:20:00,2022,1,26,17,20,75,75119,RUE DE BELLEVILLE,48.874411,2.386301,Crépuscule ou aube,En agglomération,Intersection en T,Normale,Autre collision,4,-1,2,0,2,1,1,0,1,30,1,2,1,0,0,1,58.0,,voiture,,2,2,3,1,6
202200025958,2022-01-25 14:30:00,2022,1,25,14,30,75,75112,AVENUE DE FONTENAY,48.841518,2.462184,Plein jour,En agglomération,Hors intersection,Temps couvert,Autre collision,4,2,2,0,1,3,1,0,1,30,1,1,0,0,1,0,23.0,,voiture,,1,2,1,8,6