accident_id,datetime,annee,mois,jour,heure,minute,departement,commune_insee,adresse,latitude,longitude,luminosite,agglomeration,intersection,meteo,collision,catr,circ,nbv,vosp,prof,plan,surf,infra,situ,vma,nb_vehicules,nb_usagers,nb_indemnes,nb_tues,nb_blesses_hosp,nb_blesses_legers,age_cond_1,age_cond_2,veh_type_cond_1,veh_type_cond_2,lum_code,agg_code,int_code,atm_code,col_code
202200026140,2022-05-23 07:55:00,2022,5,23,7,55,13,13207,CORSE (AVENUE DE LA),43.28898,5.36144,Plein jour,En agglomération,Hors intersection,Normale,Deux véhicules - frontale,4,3,4,0,1,1,1,0,1,50,1,2,0,0,0,2,35.0,,deux_roues,,1,2,1,1,1
202200026141,2022-11-09 22:40:00,2022,11,9,22,40,75,75120,RUE PIXERECOURT,48.874341,2.395867,Nuit avec éclairage allumé,En agglomération,Hors intersection,Normale,Deux véhicules - côté,4,1,1,0,1,1,1,0,1,30,2,2,1,0,0,1,19.0,36.0,voiture,deux_roues,5,2,1,1,3
202200026142,2022-10-03 16:50:00,2022,10,3,16,50,54,54395,BLANDAN (IMPASSE ET RUE DU SGT),48.6813215912,6.1661879718,Plein jour,En agglomération,Intersection en T,Normale,Autre collision,4,2,2,2,1,1,1,0,1,30,1,2,1,0,0,1,41.0,,voiture,,1,2,3,1,6
202200026143,2022-11-10 20:45:00,2022,11,10,20,45,75,75119,AVENUE DE FLANDRE,48.888481,2.373856,Nuit avec éclairage allumé,En agglomération,Intersection en X,Normale,Autre collision,4,3,4,0,1,1,1,0,1,30,1,2,1,0,0,1,,,utilitaire_camion,,5,2,2,1,6
202200026144,2022-05-23 07:50:00,2022,5,23,7,50,13,13203,PARIS (BOULEVARD DE),43.3107292752,5.3697343415,Plein jour,En agglomération,Hors intersection,Normale,Deux véhicules - côté,9,2,2,3,1,1,1,9,6,50,1,2,1,0,0,1,40.0,,transport_commun,,1,2,1,1,3
202200026145,2022-10-03 11:50:00,2022,10,3,11,50,54,54304,VOLTAIRE (RUE),48.6824301744,6.1599491537,Plein jour,En agglomération,Intersection en T,Normale,Deux véhicules - côté,4,2,2,0,2,1,1,0,1,30,2,2,1,0,0,1,21.0,20.0,voiture,voiture,1,2,3,1,3
202200026146,2022-11-10 18:00:00,2022,11,10,18,0,75,75119,RUE PETIT,48.884987,2.383267,Nuit avec éclairage allumé,En agglomération,Intersection en X,Normale,Deux véhicules - côté,4,1,2,1,2,1,1,0,5,30,2,2,1,0,0,1,32.0,31.0,voiture,deux_roues,5,2,2,1,3
202200026147,2022-05-21 16:25:00,2022,5,21,16,25,13,13214,MORETTI (BOULEVARD),43.32,5.38,Plein jour,En agglomération,Hors intersection,Normale,Deux véhicules - frontale,4,2,2,0,1,1,1,0,1,50,1,2,1,0,0,1,,,voiture,,1,2,1,1,1
202200026148,2022-10-03 08:15:00,2022,10,3,8,15,54,54395,BAZIN (RUE HENRI) + (SENTIER),48.69599,6.19137,Plein jour,En agglomération,Hors intersection,Normale,Autre collision,4,1,2,2,1,1,1,2,1,50,1,2,1,0,0,1,31.0,,voiture,,1,2,1,1,6
202200026149,2022-11-10 13:40:00,2022,11,10,13,40,75,75119,AVENUE JEAN JAURES,48.889372,2.394426,Plein jour,En agglomération,Hors intersection,Normale,Deux véhicules - côté,4,1,1,1,1,1,1,0,1,30,2,2,1,0,0,1,27.0,39.0,deux_roues,voiture,1,2,1,1,3
202200026150,2022-11-10 10:20:00,2022,11,10,10,20,75,75119,AVENUE JEAN JAURES,48.884735,2.377657,Plein jour,En agglomération,Intersection en T,Normale,Deux véhicules - côté,4,-1,2,1,1,1,1,0,5,30,2,2,1,0,0,1,44.0,52.0,deux_roues,voiture,1,2,3,1,3
202200026151,2022-11-10 15:55:00,2022,11,10,15,55,75,75118,RUE DE LA CHAPELLE,48.890837,2.35991,Plein jour,En agglomération,Intersection en T,Normale,Autre collision,4,2,2,3,1,1,1,0,1,30,1,2,1,0,0,1,37.0,,transport_commun,,1,2,3,1,6
202200026152,2022-05-22 09:00:00,2022,5,22,9,0,13,13075,L'ENJOLRAS (AVE DE),43.3391989855,5.4539546002,Plein jour,En agglomération,Hors intersection,Normale,Deux véhicules - côté,4,2,2,0,1,1,1,0,1,50,2,2,1,0,0,1,27.0,45.0,deux_roues,voiture,1,2,1,1,3
202200026153,2022-10-04 15:08:00,2022,10,4,15,8,51,51454,boulevard Paul Doumer,49.24607,4.03067,Plein jour,En agglomération,Intersection à plus de 4 branches,Normale,Deux véhicules - côté,4,1,2,0,1,1,1,0,1,50,2,2,1,0,0,1,20.0,53.0,voiture,utilitaire_camion,1,2,5,1,3
202200026154,2022-11-10 08:30:00,2022,11,10,8,30,75,75116,RUE DU RANELAGH,48.854289,2.275167,Plein jour,En agglomération,Hors intersection,Normale,Deux véhicules - arrière,4,1,1,0,1,1,1,0,1,30,2,2,1,0,0,1,23.0,18.0,deux_roues,deux_roues,1,2,1,1,2
202200026155,2022-05-20 16:52:00,2022,5,20,16,52,13,13209,MICHELET (BOULEVARD),43.26147,5.39801,Plein jour,En agglomération,Hors intersection,Normale,Deux véhicules - côté,3,-1,6,0,1,1,1,0,1,50,1,2,1,0,1,0,24.0,,voiture,,1,2,1,1,3
202200026156,2022-10-01 14:35:00,2022,10,1,14,35,50,50129,BROSSOLETTE (RUE PIERRE),49.63277,-1.58965,Plein jour,En agglomération,Hors intersection,Normale,Autre collision,6,-1, -1,0,1,3,1,0,8,50,1,1,0,0,1,0,55.0,,deux_roues,,1,2,1,1,6
202200026157,2022-11-10 11:16:00,2022,11,10,11,16,75,75116,AVENUE INGRES,48.857156,2.265381,Plein jour,En agglomération,Hors intersection,Normale,Deux véhicules - côté,4,2,3,0,1,1,1,0,1,30,2,2,1,0,0,1,28.0,41.0,utilitaire_camion,deux_roues,1,2,1,1,3
202200026158,2022-10-03 16:54:00,2022,10,3,16,54,49,49007,DROITS DE L'HOMME,47.47867,-0.54933,Plein jour,En agglomération,Intersection en X,Normale,Deux véhicules - côté,4,2,2,0,1,1,1,0,1,50,2,2,1,0,0,1,57.0,59.0,voiture,transport_commun,1,2,2,1,3
202200026159,2022-05-22 13:00:00,2022,5,22,13,0,13,13047,BORD DE CRAU CHEMIN DU,43.5202,4.9655,Plein jour,En agglomération,Hors intersection,Normale,Deux véhicules - frontale,4,2,1,0,1,2,1,0,1,50,2,2,1,0,0,1,23.0,37.0,voiture,voiture,1,2,1,1,1
202200026160,2022-11-09 13:30:00,2022,11,9,13,30,75,75116,AVENUE VICTOR HUGO,48.872201,2.291312,Plein jour,En agglomération,Hors intersection,Normale,Deux véhicules - côté,4,2,2,0,1,1,1,0,1,30,2,3,2,0,0,1,53.0,25.0,voiture,deux_roues,1,2,1,1,3
202200026161,2022-11-10 14:25:00,2022,11,10,14,25,75,75115,RUE OLIVIER DE SERRES,48.834235,2.295434,Plein jour,En agglomération,Hors intersection,Temps couvert,Autre collision,4,1,1,0,1,1,1,0,1,30,1,2,1,0,1,0,56.0,,utilitaire_camion,,1,2,1,8,6
202200026162,2022-05-23 14:00:00,2022,5,23,14,0,10,10362,VOIE DES CHARRIERES (CHEMIN),48.2985214748,4.0127027035,Plein jour,Hors agglomération,Autre intersection,Normale,Sans collision,3,1,2,0,1,2,1,0,1,30,1,2,1,0,0,1,72.0,,voiture,,1,1,9,1,7
202200026163,2022-10-04 12:15:00,2022,10,4,12,15,45,45232,851 Avenue du Loiret,47.87799,1.90258,Plein jour,En agglomération,Intersection en T,Normale,Deux véhicules - côté,4,2,4,1,1,1,1,0,1,50,2,2,1,0,0,1,18.0,46.0,deux_roues,voiture,1,2,3,1,3
202200026164,2022-11-10 09:00:00,2022,11,10,9,0,75,75115,RUE DU COTENTIN,48.838621,2.313459,Plein jour,En agglomération,Intersection en T,Normale,Autre collision,4,1,2,0,2,1,1,0,1,30,1,2,1,0,0,1,23.0,,deux_roues,,1,2,3,1,6
202200026165,2022-11-09 11:45:00,2022,11,9,11,45,75,75115,AVENUE DU MAINE,48.843829,2.320363,Plein jour,En agglomération,Hors intersection,Normale,Autre collision,4,2,3,0,1,1,1,0,1,30,1,1,0,0,0,1,54.0,,voiture,,1,2,1,1,6
202200026166,2022-05-23 13:55:00,2022,5,23,13,55,09,09225,MIREPOIX ROUTE DE,43.103381,1.627326,Plein jour,En agglomération,Hors intersection,Normale,Deux véhicules - côté,3,2,2,0,1,1,1,5,1,50,2,3,2,0,1,0,21.0,79.0,deux_roues,voiture,1,2,1,1,3
202200026167,2022-09-24 01:10:00,2022,9,24,1,10,42,42218,Rue de la Montat,45.44349,4.41894,Nuit avec éclairage allumé,En agglomération,Giratoire,Pluie forte,Deux véhicules - frontale,2,1,2,0,1,3,2,0,1,50,2,2,1,0,0,1,23.0,20.0,voiture,deux_roues,5,2,6,3,1
202200026168,2022-11-10 19:00:00,2022,11,10,19,0,75,75114,RUE D ALESIA,48.831551,2.31532,Nuit avec éclairage allumé,En agglomération,Intersection en T,Normale,Deux véhicules - côté,4,1,2,1,1,1,1,0,1,30,2,2,1,0,0,1,30.0,18.0,deux_roues,deux_roues,5,2,3,1,3
202200026169,2022-05-22 03:15:00,2022,5,22,3,15,06,06069,DRAGUIGNAN (ROUTE DE) - D2562-,43.645076,6.895648,Nuit avec éclairage allumé,Hors agglomération,Hors intersection,Normale,Autre collision,3,2,2,0,1,1,1,0,3,50,1,1,0,0,0,1,29.0,,utilitaire_camion,,5,1,1,1,6
202200026170,2022-11-10 11:35:00,2022,11,10,11,35,75,75114,RUE DE L OUEST,48.836335,2.319807,Plein jour,En agglomération,Hors intersection,Normale,Autre collision,4,1,1,1,1,1,1,0,5,30,1,2,1,0,0,1,22.0,,deux_roues,,1,2,1,1,6
202200026171,2022-10-04 19:38:00,2022,10,4,19,38,38,38185,RUE DES ALLIÉS,45.17244,5.72177,Nuit avec éclairage allumé,En agglomération,Intersection en T,Normale,Deux véhicules - côté,4,2,2,1,1,1,1,0,1,30,2,3,2,0,0,1,22.0,38.0,voiture,voiture,5,2,3,1,3
202200026172,2022-05-22 07:37:00,2022,5,22,7,37,06,06029,MIDI (BOULEVARD DU),43.549,6.99008,Plein jour,En agglomération,Hors intersection,Normale,Autre collision,4,2,2,0,1,1,1,0,1,50,2,2,1,1,0,0,85.0,28.0,deux_roues,voiture,1,2,1,1,6
202200026173,2022-11-10 13:20:00,2022,11,10,13,20,75,75112,BOULEVARD DE LA BASTILLE,48.851469,2.369196,Plein jour,En agglomération,Intersection en X,Normale,Deux véhicules - côté,4,1,2,1,1,1,1,0,1,30,2,2,0,0,0,2,28.0,32.0,deux_roues,deux_roues,1,2,2,1,3
202200026174,2022-11-10 08:35:00,2022,11,10,8,35,75,75104,RUE SAINT ANTOINE,48.853884,2.36514,Plein jour,En agglomération,Hors intersection,Normale,Deux véhicules - côté,4,2,4,1,1,1,2,0,5,30,2,2,1,0,0,1,16.0,56.0,deux_roues,deux_roues,1,2,1,1,3
202200026175,2022-10-04 09:50:00,2022,10,4,9,50,37,37122,VIEILLE CARTE (ROUTE DE),47.33451,0.62599,Plein jour,Hors agglomération,Autre intersection,Normale,Deux véhicules - côté,7,2,2,0,1,2,1,9,1,50,2,2,1,0,0,1,62.0,64.0,deux_roues,voiture,1,1,9,1,3
202200026176,2022-04-22 16:15:00,2022,4,22,16,15,05,05061,MESSIDOR ( RUE ),44.56975,6.07913,Plein jour,En agglomération,Intersection en T,Normale,Autre collision,4,2,2,0,1,1,1,0,1,50,1,1,0,1,0,0,77.0,,voiture,,1,2,3,1,6
202200026177,2022-11-10 01:38:00,2022,11,10,1,38,75,75104,QUAI HENRI IV,48.850815,2.361426,Nuit avec éclairage allumé,En agglomération,Intersection en X,Normale,Deux véhicules - côté,4,1,3,0,1,1,1,0,1,30,2,4,1,0,0,3,28.0,35.0,voiture,voiture,5,2,2,1,3
202200026178,2022-10-04 13:20:00,2022,10,4,13,20,34,34172,527 Avenue Saint Clément,43.61799,3.84407,Plein jour,En agglomération,Intersection en T,Normale,Deux véhicules - côté,4,2,2,0,1,1,1,5,1,30,2,2,1,0,0,1,26.0,,deux_roues,voiture,1,2,3,1,3
202200026179,2022-05-08 14:10:00,2022,5,8,14,10,05,05061,Avenue de Veynes,44.55791,6.0687,Plein jour,En agglomération,Giratoire,Normale,Deux véhicules - côté,3,-1,2,0,2,1,1,0,1,50,2,2,1,0,0,1,19.0,20.0,voiture,voiture,1,2,6,1,3
202200026180,2022-11-09 14:25:00,2022,11,9,14,25,75,75102,PLACE DE L OPERA,48.87047,2.332599,Plein jour,En agglomération,Place,Normale,Deux véhicules - côté,4,2,4,3,1,3,1,0,1,30,2,2,1,0,0,1,44.0,49.0,deux_roues,voiture,1,2,7,1,3
202200026181,2022-10-03 16:15:00,2022,10,3,16,15,34,34032,Parking Conforama,43.34496,3.23975,Plein jour,En agglomération,Hors intersection,Normale,Deux véhicules - côté,6,-1, -1,0,1,1,1,9,1,50,2,3,2,0,0,1,11.0,75.0,deux_roues,voiture,1,2,1,1,3
202200026182,2022-11-09 10:20:00,2022,11,9,10,20,75,75103,RUE DE TURENNE,48.858818,2.364512,Plein jour,En agglomération,Intersection en T,Normale,Deux véhicules - côté,4,2,2,0,1,1,1,0,1,30,2,2,1,0,0,1,38.0,65.0,utilitaire_camion,deux_roues,1,2,3,1,3
202200026183,2022-05-22 04:33:00,2022,5,22,4,33,03,03185,Quai de la Libération M. Leclerc,46.33904,2.5925,Nuit avec éclairage allumé,En agglomération,Giratoire,Normale,Autre collision,4,2,1,0,1,3,1,5,8,50,1,4,0,0,0,4,24.0,,voiture,,5,2,6,1,6
202200026184,2022-10-04 08:40:00,2022,10,4,8,40,33,33249,Rue Cantelaudette,44.8776632916,-0.5133359134,Crépuscule ou aube,En agglomération,Hors intersection,Temps éblouissant,Deux véhicules - arrière,4,2,2,0,1,1,1,0,1,50,2,2,1,0,1,0,35.0,47.0,voiture,voiture,2,2,1,7,2
202200026185,2022-11-09 09:20:00,2022,11,9,9,20,75,75102,BOULEVARD DE SEBASTOPOL,48.86703,2.35299,Plein jour,En agglomération,Intersection en X,Normale,Sans collision,4,2,1,0,1,1,1,0,5,30,1,1,0,0,1,0,24.0,,deux_roues,,1,2,2,1,7
202200026186,2022-05-23 10:35:00,2022,5,23,10,35,75,75116,BD PERIPHERIQUE INTERIEUR,48.8396351781,2.254146561,Plein jour,En agglomération,Hors intersection,Pluie légère,Deux véhicules - côté,4,1,4,0,1,1,2,0,1,70,2,2,1,0,0,1,48.0,67.0,utilitaire_camion,voiture,1,2,1,2,3
202200026187,2022-10-03 22:28:00,2022,10,3,22,28,33,33063,Rue d'Audenge,44.8282783458,-0.5841864645,Nuit sans éclairage public,En agglomération,Intersection en T,Normale,Deux véhicules - côté,4,2,2,0,1,1,1,0,1,30,2,2,1,0,0,1,40.0,17.0,voiture,deux_roues,3,2,3,1,3
202200026188,2022-11-09 08:35:00,2022,11,9,8,35,75,75104,PONT AU CHANGE,48.857232,2.347121,Plein jour,En agglomération,Intersection en X,Normale,Deux véhicules - côté,4,1,5,0,1,1,1,0,1,30,2,2,1,0,0,1,39.0,57.0,utilitaire_camion,deux_roues,1,2,2,1,3
202200026189,2022-05-22 03:50:00,2022,5,22,3,50,75,75117,BD PERIPHERIQUE INTERIEUR,48.882612,2.283497,Nuit avec éclairage allumé,En agglomération,Hors intersection,Normale,Deux véhicules - côté,4,1,4,0,1,3,1,0,1,70,2,2,1,0,0,1,33.0,40.0,voiture,voiture,5,2,1,1,3
202200026190,2022-11-02 12:38:00,2022,11,2,12,38,94,94081,Quai Jules Guesde,48.79866,2.41455,Plein jour,En agglomération,Hors intersection,Normale,Trois véhicules et plus - en chaîne,3,2,2,0,1,1,1,0,1,50,3,3,2,0,0,1,57.0,66.0,voiture,voiture,1,2,1,1,4
202200026191,2022-10-04 22:35:00,2022,10,4,22,35,31,31555,AV JEAN RIEUX,43.59831,1.45681,Nuit avec éclairage allumé,En agglomération,Intersection en X,Normale,Deux véhicules - frontale,4,2,2,0,2,1,1,0,1,50,2,2,1,0,0,1,36.0,41.0,deux_roues,voiture,5,2,2,1,1
202200026192,2022-10-29 11:15:00,2022,10,29,11,15,94,94081,ABBE ROGER DERRY (AV DE L),48.78985,2.39034,Plein jour,En agglomération,Hors intersection,Normale,Autre collision,4,2,2,0,1,1,1,0,1,50,1,2,1,0,0,1,41.0,,voiture,,1,2,1,1,6
202200026193,2022-05-21 12:40:00,2022,5,21,12,40,75,75117,BD PERIPHERIQUE EXTERIEUR,48.9006612893,2.3239792138,Plein jour,En agglomération,Intersection en Y,Normale,Deux véhicules - arrière,4,1,4,0,1,2,1,0,1,70,2,3,1,1,1,0,30.0,74.0,deux_roues,voiture,1,2,4,1,2
202200026194,2022-10-04 07:50:00,2022,10,4,7,50,31,31555,ECHANGEUR SESQUIERES (A62-A620),43.64801,1.422,Plein jour,En agglomération,Hors intersection,Normale,Deux véhicules - côté,1,2,2,0,1,1,1,3,1,50,2,2,1,0,1,0,30.0,34.0,deux_roues,voiture,1,2,1,1,3
202200026195,2022-11-10 09:10:00,2022,11,10,9,10,94,94080,LAGNY (R DE),48.849,2.42323,Plein jour,En agglomération,Intersection en X,Brouillard / fumée,Deux véhicules - côté,3,1,1,1,1,1,1,0,5,30,2,2,1,0,0,1,45.0,45.0,voiture,deux_roues,1,2,2,5,3
202200026196,2022-10-02 14:35:00,2022,10,2,14,35,31,31555,ALBI (RTE D) DU 1AU 243,43.635704,1.464012,Plein jour,En agglomération,Hors intersection,Normale,Autre collision,7,2,2,3,1,1,1,5,8,50,2,2,1,0,0,1,22.0,29.0,voiture,deux_roues,1,2,1,1,6
202200026197,2022-11-07 20:00:00,2022,11,7,20,0,94,94067,GENERAL LECLERC (CENTRE (PL DU),48.844647,2.417568,Nuit avec éclairage allumé,En agglomération,Hors intersection,Normale,Deux véhicules - arrière,9,1,1,0,1,1,1,9,1,50,2,3,2,0,0,1,32.0,23.0,voiture,voiture,5,2,1,1,2
202200026198,2022-05-23 19:55:00,2022,5,23,19,55,75,75106,BOULEVARD SAINT GERMAIN,48.852891,2.337005,Plein jour,En agglomération,Intersection en X,Normale,Deux véhicules - côté,4,1,4,3,1,1,1,-1,6,30,2,2,1,0,0,1,25.0,28.0,deux_roues,transport_commun,1,2,2,1,3
202200026199,2022-11-07 18:57:00,2022,11,7,18,57,94,94067,GALLIENI (AV),48.84696,2.41744,Nuit sans éclairage public,En agglomération,Hors intersection,Normale,Deux véhicules - frontale,4,2,2,0,1,1,1,0,1,30,1,2,1,0,0,1,,,deux_roues,,3,2,1,1,1
202200026200,2022-10-04 08:40:00,2022,10,4,8,40,29,29232,D785,47.98147,-4.12032,Plein jour,En agglomération,Hors intersection,Normale,Deux véhicules - côté,3,3,4,0,1,1,1,0,1,50,2,2,1,0,0,1,,21.0,utilitaire_camion,voiture,1,2,1,1,3
202200026201,2022-11-10 18:10:00,2022,11,10,18,10,94,94052,ALBERT 1ER (BD),48.83336,2.49295,Nuit avec éclairage allumé,En agglomération,Autre intersection,Normale,Autre collision,2,2,2,0,1,1,1,2,1,50,1,1,0,0,0,1,25.0,,deux_roues,,5,2,9,1,6
202200026202,2022-05-23 15:07:00,2022,5,23,15,7,75,75119,QUAI DE LA GIRONDE,48.893675,2.384899,Plein jour,En agglomération,Intersection en Y,Pluie légère,Deux véhicules - côté,4,2,3,0,1,1,2,0,1,30,2,2,1,0,0,1,47.0,27.0,utilitaire_camion,deux_roues,1,2,4,2,3
202200026203,2022-10-04 12:25:00,2022,10,4,12,25,29,29019,rue de Gouesnou,48.4244235566,-4.4670586287,Plein jour,En agglomération,Intersection en T,Normale,Deux véhicules - côté,4,3,4,0,1,1,1,0,1,50,2,2,1,0,0,1,27.0,42.0,voiture,voiture,1,2,3,1,3
202200026204,2022-11-10 14:00:00,2022,11,10,14,0,94,94041,GAGNEE (R),48.80252,2.38141,Plein jour,En agglomération,Hors intersection,Normale,Autre collision,4,2,2,0,1,1,1,0,1,50,1,2,1,0,0,1,55.0,,voiture,,1,2,1,1,6
202200026205,2022-11-10 19:40:00,2022,11,10,19,40,94,94073,RN 186,48.753467,2.374259,Nuit sans éclairage public,Hors agglomération,Hors intersection,Normale,Sans collision,2,1,0,0,1,1,1,0,1,70,1,1,0,0,0,1,30.0,,voiture,,3,1,1,1,7
202200026206,2022-10-04 13:35:00,2022,10,4,13,35,27,27299,BRIAND (AVENUE ARISTIDE),49.0450180519,1.1610102654,Plein jour,En agglomération,Hors intersection,Normale,Deux véhicules - frontale,3,-1,2,0,1,1,1,0,1,50,2,2,0,0,0,2,59.0,30.0,voiture,voiture,1,2,1,1,1
202200026207,2022-11-09 08:15:00,2022,11,9,8,15,94,94065,RN 186,48.75375,2.3596,Plein jour,Hors agglomération,Hors intersection,Normale,Deux véhicules - côté,2,1,2,0,1,1,1,0,1,70,2,2,1,0,1,0,23.0,22.0,voiture,deux_roues,1,1,1,1,3
202200026208,2022-05-23 08:35:00,2022,5,23,8,35,75,75119,RUE DE MOUZAIA,48.8801414293,2.3919745535,Plein jour,En agglomération,Intersection en X,Normale,Autre collision,4,2,2,0,2,1,2,0,1,30,2,2,1,0,0,1,28.0,43.0,utilitaire_camion,deux_roues,1,2,2,1,6
202200026209,2022-11-08 17:15:00,2022,11,8,17,15,94,94033,Rue Nungesser,48.85162,2.4484,Crépuscule ou aube,En agglomération,Hors intersection,Temps couvert,Deux véhicules - frontale,4,4,1,2,1,1,1,0,1,50,2,2,1,0,0,1,22.0,90.0,voiture,voiture,2,2,1,8,1
202200026210,2022-10-04 09:00:00,2022,10,4,9,0,27,27229,GAMBETTA (BOULEVARD),49.0189,1.14691,Plein jour,En agglomération,Hors intersection,Normale,Deux véhicules - côté,4,2,2,0,2,1,1,0,1,50,2,2,1,0,1,0,44.0,73.0,voiture,deux_roues,1,2,1,1,3
202200026211,2022-05-22 16:11:00,2022,5,22,16,11,75,75119,AVENUE DE FLANDRE,48.894324,2.38172,Plein jour,En agglomération,Intersection en X,Normale,Deux véhicules - côté,4,3,3,0,1,1,1,0,1,30,2,2,1,0,0,1,32.0,41.0,deux_roues,voiture,1,2,2,1,3
202200026212,2022-11-10 07:20:00,2022,11,10,7,20,94,94018,Quai des Carrieres / Rue du Pont,48.8178201643,2.4195443094,Crépuscule ou aube,En agglomération,Intersection en X,Normale,Deux véhicules - côté,3,2,4,0,1,1,1,2,1,30,2,2,1,0,0,1,48.0,27.0,deux_roues,utilitaire_camion,2,2,2,1,3
202200026213,2022-10-03 13:40:00,2022,10,3,13,40,27,27229,Route de Paris,49.01562,1.17913,Plein jour,En agglomération,Hors intersection,Temps couvert,Deux véhicules - côté,4,3,4,0,1,1,1,5,1,70,2,2,1,0,0,1,29.0,32.0,voiture,voiture,1,2,1,8,3
202200026214,2022-05-22 05:37:00,2022,5,22,5,37,75,75119,BOULEVARD DE LA VILLETTE,48.877144,2.371331,Plein jour,En agglomération,Hors intersection,Normale,Autre collision,4,3,3,0,1,1,1,0,1,30,1,2,1,0,0,1,,,voiture,,1,2,1,1,6
202200026215,2022-11-08 20:45:00,2022,11,8,20,45,94,94017,232 Avenue du Général de Gaulle,48.82665,2.50672,Nuit avec éclairage allumé,En agglomération,Hors intersection,Normale,Sans collision,3,3,4,0,2,1,2,0,1,50,1,1,0,0,0,1,28.0,,deux_roues,,5,2,1,1,7
202200026216,2022-11-09 08:55:00,2022,11,9,8,55,94,94017,279 Avenue du Général de Gaulle,48.82727,2.51537,Plein jour,En agglomération,Hors intersection,Normale,Deux véhicules - côté,3,-1,2,0,2,1,1,0,4,50,2,2,1,0,0,1,20.0,54.0,deux_roues,voiture,1,2,1,1,3
202200026217,2022-10-04 21:30:00,2022,10,4,21,30,26,26004,L.A.C.R.A. (RN532),45.00168,5.00475,Nuit sans éclairage public,Hors agglomération,Hors intersection,Normale,Deux véhicules - arrière,2,3,2,0,1,1,1,0,1,110,2,2,1,0,0,1,50.0,38.0,voiture,voiture,3,1,1,1,2
202200026218,2022-05-23 17:20:00,2022,5,23,17,20,75,75117,RUE DE ROME,48.8873506316,2.3141281307,Plein jour,En agglomération,Intersection à plus de 4 branches,Normale,Deux véhicules - côté,4,2,3,0,1,2,1,0,1,30,2,2,1,0,0,1,38.0,29.0,voiture,deux_roues,1,2,5,1,3
202200026219,2022-11-10 21:10:00,2022,11,10,21,10,94,94002,CARNOT (BD)/ Cours Beethoven,48.79631,2.42891,Nuit avec éclairage allumé,En agglomération,Intersection en T,Normale,Deux véhicules - côté,4,2,2,0,1,1,1,0,1,50,2,2,1,0,0,1,37.0,21.0,deux_roues,voiture,5,2,3,1,3
202200026220,2022-10-04 14:10:00,2022,10,4,14,10,25,25056,ORATOIRE RUE DE L',47.233019,5.987395,Plein jour,En agglomération,Hors intersection,Normale,Deux véhicules - arrière,4,2,2,0,1,1,1,0,1,50,2,2,1,0,0,1,47.0,52.0,voiture,voiture,1,2,1,1,2
202200026221,2022-11-10 19:20:00,2022,11,10,19,20,94,94046,92 REPUBLIQUE (AV DE LA),48.80516991,2.4395522475,Nuit avec éclairage allumé,En agglomération,Hors intersection,Normale,Deux véhicules - côté,3,2,2,0,1,1,1,0,1,50,2,2,1,0,0,1,32.0,18.0,deux_roues,deux_roues,5,2,1,1,3
202200026222,2022-05-22 13:30:00,2022,5,22,13,30,75,75117,RUE TRUFFAUT,48.8857474353,2.3216436803,Plein jour,En agglomération,Intersection en X,Normale,Deux véhicules - côté,4,2,2,0,2,1,1,0,1,30,2,2,1,0,0,1,57.0,31.0,voiture,deux_roues,1,2,2,1,3
202200026223,2022-11-10 10:35:00,2022,11,10,10,35,93,93062,41 Avenue Thiers,48.8990639271,2.5181812048,Plein jour,En agglomération,Hors intersection,Normale,Deux véhicules - côté,3,2,2,0,1,1,1,0,1,50,2,2,1,0,0,1,51.0,17.0,voiture,deux_roues,1,2,1,1,3
202200026224,2022-10-03 17:00:00,2022,10,3,17,0,25,25056,GRAY ROUTE DE,47.24958,5.97541,Plein jour,Hors agglomération,Hors intersection,Normale,Trois véhicules et plus - en chaîne,3,2,2,0,2,3,1,0,1,80,3,4,3,0,0,1,82.0,42.0,voiture,voiture,1,1,1,1,4
202200026225,2022-11-10 21:46:00,2022,11,10,21,46,93,93048,Boulevard Henri Barbusse / Rue des Graviers,48.87133,2.43973,Nuit avec éclairage allumé,En agglomération,Intersection en X,Normale,Deux véhicules - côté,3,2,2,1,1,3,1,0,1,30,2,2,1,0,0,1,35.0,,deux_roues,utilitaire_camion,5,2,2,1,3
202200026226,2022-11-10 21:10:00,2022,11,10,21,10,93,93048,Place du Général de Gaulle,48.86834,2.43315,Nuit avec éclairage non allumé,En agglomération,Hors intersection,Normale,Autre collision,4,1,1,1,2,1,1,6,6,30,1,2,1,0,0,1,,,deux_roues,,4,2,1,1,6
202200026227,2022-10-03 17:40:00,2022,10,3,17,40,22,22278,JERSEY (DE),48.51445,-2.79946,Plein jour,En agglomération,Hors intersection,Normale,Deux véhicules - côté,4,2,2,0,1,1,1,0,1,30,2,2,1,0,0,1,47.0,51.0,voiture,utilitaire_camion,1,2,1,1,3
202200026228,2022-05-22 04:05:00,2022,5,22,4,5,75,75108,AVENUE MONTAIGNE,48.867016,2.306316,Nuit avec éclairage allumé,En agglomération,Intersection en X,Normale,Deux véhicules - côté,4,2,3,0,1,1,1,0,1,30,2,7,6,0,0,1,24.0,35.0,deux_roues,voiture,5,2,2,1,3
202200026229,2022-11-10 16:15:00,2022,11,10,16,15,93,93048,Avenue Jean Moulin,48.8601132698,2.4512666669,Plein jour,En agglomération,Hors intersection,Normale,Autre collision,3,2,2,0,1,1,1,0,1,50,1,2,0,0,0,1,,,voiture,,1,2,1,1,6
202200026230,2022-10-04 07:45:00,2022,10,4,7,45,16,16113,CHATEAUNEUF RD 699 (ROUTE DE),45.63609,0.08762,Crépuscule ou aube,Hors agglomération,Hors intersection,Brouillard / fumée,Deux véhicules - frontale,4,2,2,0,1,1,2,0,1,80,2,2,0,2,0,0,61.0,16.0,deux_roues,deux_roues,2,1,1,5,1