accident_id,datetime,annee,mois,jour,heure,minute,departement,commune_insee,adresse,latitude,longitude,luminosite,agglomeration,intersection,meteo,collision,catr,circ,nbv,vosp,prof,plan,surf,infra,situ,vma,nb_vehicules,nb_usagers,nb_indemnes,nb_tues,nb_blesses_hosp,nb_blesses_legers,age_cond_1,age_cond_2,veh_type_cond_1,veh_type_cond_2,lum_code,agg_code,int_code,atm_code,col_code
202200026231,2022-11-10 14:00:00,2022,11,10,14,0,93,93007,Rue d’Altrincham Sandwell,48.947777,2.448614,Plein jour,En agglomération,Hors intersection,Normale,Autre collision,4,2,2,0,1,1,1,0,1,50,1,2,1,0,0,1,35.0,,transport_commun,,1,2,1,1,6
202200026232,2022-05-21 20:00:00,2022,5,21,20,0,75,75117,RUE CARDINET,48.889097,2.316127,Plein jour,En agglomération,Intersection en T,Normale,Deux véhicules - côté,4,2,2,0,1,1,1,0,1,30,2,3,2,0,0,1,42.0,38.0,deux_roues,voiture,1,2,3,1,3
202200026233,2022-10-04 19:50:00,2022,10,4,19,50,13,13213,VALLON VERT (CHEMIN DU),43.33484,5.45115,Nuit avec éclairage allumé,En agglomération,Hors intersection,Normale,Deux véhicules - frontale,3,2,2,0,1,1,1,0,1,50,1,2,1,0,1,0,20.0,,voiture,,5,2,1,1,1
202200026234,2022-11-10 08:15:00,2022,11,10,8,15,93,93071,Rue Charles Conrad,48.948166,2.523869,Plein jour,En agglomération,Hors intersection,Normale,Autre collision,4,2,2,0,1,2,1,0,1,50,1,2,1,0,0,1,25.0,,voiture,,1,2,1,1,6
202200026235,2022-10-04 10:30:00,2022,10,4,10,30,13,13212,SAINT JEAN DU DESERT (chemin),43.2988119275,5.4367004458,Plein jour,En agglomération,Giratoire,Normale,Trois véhicules et plus - collisions multiples,4,2,2,0,1,1,1,0,1,50,2,2,1,0,0,1,,55.0,voiture,deux_roues,1,2,6,1,5
202200026236,2022-11-10 08:50:00,2022,11,10,8,50,92,92044,LORRAINE (RUE DE),48.8937205508,2.2978058159,Plein jour,En agglomération,Intersection en T,Normale,Autre collision,4,1,1,0,1,1,1,0,1,30,1,3,1,0,0,2,40.0,,deux_roues,,1,2,3,1,6
202200026237,2022-05-21 01:40:00,2022,5,21,1,40,75,75117,AVENUE DE CLICHY,48.8918930359,2.3179247975,Nuit avec éclairage allumé,En agglomération,Intersection en T,Normale,Deux véhicules - côté,4,2,4,0,1,1,1,0,1,30,2,4,3,0,0,1,49.0,40.0,voiture,deux_roues,5,2,3,1,3
202200026238,2022-11-10 14:45:00,2022,11,10,14,45,71,71381,D980,46.527797,4.574352,Plein jour,Hors agglomération,Hors intersection,Normale,Deux véhicules - côté,3,2,2,0,1,1,1,0,3,80,2,3,1,0,0,2,57.0,38.0,voiture,voiture,1,1,1,1,3
202200026239,2022-10-04 07:40:00,2022,10,4,7,40,13,13005,RD 43 C,43.30562,5.5922,Plein jour,En agglomération,Intersection en T,Normale,Deux véhicules - côté,7,2,2,0,1,1,1,0,1,80,2,2,0,0,0,2,39.0,60.0,voiture,utilitaire_camion,1,2,3,1,3
202200026240,2022-05-23 12:00:00,2022,5,23,12,0,75,75116,Place de Barcelone,48.8474282815,2.2737126052,Plein jour,En agglomération,Place,Pluie légère,Deux véhicules - côté,4,2,5,0,1,1,2,0,1,30,2,2,1,0,0,1,16.0,37.0,deux_roues,voiture,1,2,7,2,3
202200026241,2022-11-10 17:15:00,2022,11,10,17,15,33,33327,Cours du Maréchal Foch,44.651925,-0.35741,Plein jour,En agglomération,Intersection en T,Normale,Deux véhicules - côté,3,2,2,0,1,1,1,0,1,50,2,2,1,0,1,0,74.0,37.0,voiture,deux_roues,1,2,3,1,3
202200026242,2022-10-03 07:40:00,2022,10,3,7,40,13,13005,SOLLANS (CHEMIN DES),43.31341,5.57236,Plein jour,En agglomération,Intersection en Y,Normale,Deux véhicules - côté,4,2,2,0,4,2,1,0,1,50,2,2,1,0,0,1,23.0,31.0,deux_roues,voiture,1,2,4,1,3
202200026243,2022-11-09 08:00:00,2022,11,9,8,0,972,97227,D18,14.468078,-60.921644,Plein jour,En agglomération,Intersection en T,Normale,Autre collision,3,1,1,0,1,1,1,0,1,30,1,2,1,0,1,0,61.0,,voiture,,1,2,3,1,6
202200026244,2022-05-21 05:30:00,2022,5,21,5,30,75,75116,QUAI LOUIS BLERIOT,48.8445105331,2.2718967497,Nuit avec éclairage allumé,En agglomération,Intersection en X,Normale,Deux véhicules - côté,4,2,3,0,1,1,1,0,1,50,2,2,1,0,0,1,46.0,22.0,utilitaire_camion,deux_roues,5,2,2,1,3
202200026245,2022-11-10 18:00:00,2022,11,10,18,0,46,46217,RD 820,44.333503,1.464905,Crépuscule ou aube,Hors agglomération,Intersection à plus de 4 branches,Normale,Deux véhicules - côté,3,3,4,0,3,2,1,5,1,110,2,2,1,1,0,0,25.0,39.0,voiture,voiture,2,1,5,1,3
202200026246,2022-05-23 07:25:00,2022,5,23,7,25,75,75107,QUAI VOLTAIRE,48.859261,2.330229,Plein jour,En agglomération,Intersection en T,Normale,Sans collision,4,2,5,0,1,1,1,0,1,30,1,1,0,0,0,1,23.0,,deux_roues,,1,2,3,1,7
202200026247,2022-11-10 20:20:00,2022,11,10,20,20,22,22135,D31,48.561968,-3.335069,Nuit sans éclairage public,Hors agglomération,Intersection en Y,Normale,Deux véhicules - côté,2,2,4,0,3,1,1,3,1,110,2,2,1,0,0,1,16.0,23.0,deux_roues,voiture,3,1,4,1,3
202200026248,2022-10-03 12:10:00,2022,10,3,12,10,12,12145,Avenue Pierre Semard,44.10295,3.07652,Plein jour,En agglomération,Hors intersection,Normale,Deux véhicules - arrière,4,1,1,0,1,1,1,0,1,30,2,2,1,0,0,1,56.0,46.0,deux_roues,voiture,1,2,1,1,2
202200026249,2022-05-21 18:45:00,2022,5,21,18,45,75,75114,RUE DIDOT,48.8333916419,2.3212185502,Plein jour,En agglomération,Hors intersection,Normale,Deux véhicules - côté,4,1,1,0,1,1,1,0,1,30,2,2,1,0,0,1,25.0,42.0,utilitaire_camion,deux_roues,1,2,1,1,3
202200026250,2022-11-11 04:15:00,2022,11,11,4,15,35,35024,D175,48.18828,-1.623706,Nuit sans éclairage public,Hors agglomération,Giratoire,Temps couvert,Sans collision,7,3,4,0,1,3,1,0,1,110,1,1,0,0,1,0,30.0,,voiture,,3,1,6,8,7
202200026251,2022-10-03 11:35:00,2022,10,3,11,35,11,11262,Place Thérèse Leon Blum,43.1877227659,3.0086169447,Plein jour,En agglomération,Hors intersection,Normale,Autre collision,4,2,2,0,1,1,1,6,1,50,1,2,1,0,0,1,55.0,,voiture,,1,2,1,1,6
202200026252,2022-11-10 17:40:00,2022,11,10,17,40,76,76503,Route d'Eslettes,49.541363,1.010914,Plein jour,Hors agglomération,Hors intersection,Normale,Deux véhicules - frontale,3,2,2,0,1,1,1,0,1,80,2,2,1,0,1,0,24.0,42.0,voiture,voiture,1,1,1,1,1
202200026253,2022-05-21 14:50:00,2022,5,21,14,50,75,75114,AVENUE REILLE,48.824249,2.336301,Plein jour,En agglomération,Intersection en X,Normale,Sans collision,4,2,2,0,2,1,1,0,1,30,1,1,0,0,0,1,55.0,,deux_roues,,1,2,2,1,7
202200026254,2022-10-03 08:40:00,2022,10,3,8,40,11,11069,,43.2379,2.3734,Plein jour,Hors agglomération,Hors intersection,Normale,Autre collision,3,2,2,0,2,2,1,2,8,80,1,1,0,0,0,1,39.0,,voiture,,1,1,1,1,6
202200026255,2022-11-10 10:20:00,2022,11,10,10,20,82,82112,11 Boulevard Lakanal,44.103061,1.082266,Plein jour,En agglomération,Intersection en X,Normale,Deux véhicules - côté,3,2,1,0,1,1,1,0,1,50,2,2,1,0,1,0,35.0,65.0,deux_roues,voiture,1,2,2,1,3
202200026256,2022-10-01 04:20:00,2022,10,1,4,20,11,11069,Route de Limoux,43.19711,2.3231,Nuit sans éclairage public,En agglomération,Autre intersection,Normale,Autre collision,3,2,2,0,2,1,1,0,1,50,1,2,1,0,1,0,49.0,,utilitaire_camion,,3,2,9,1,6
202200026257,2022-11-08 15:30:00,2022,11,8,15,30,33,33036,Rue du Palais de Justice,44.432776,-0.214094,Plein jour,En agglomération,Hors intersection,Normale,Autre collision,4,1,1,0,1,1,1,0,1,30,1,2,1,0,0,1,59.0,,voiture,,1,2,1,1,6
202200026258,2022-05-21 17:30:00,2022,5,21,17,30,75,75105,BOULEVARD SAINT MARCEL,48.837633,2.354386,Plein jour,En agglomération,Intersection en T,Normale,Deux véhicules - côté,4,2,4,0,1,1,1,0,1,30,2,3,2,0,0,1,59.0,71.0,voiture,voiture,1,2,3,1,3
202200026259,2022-11-11 09:45:00,2022,11,11,9,45,81,81128,RD 58,43.6423312053,2.3192591965,Plein jour,Hors agglomération,Hors intersection,Normale,Deux véhicules - côté,3,2,2,0,2,2,2,2,1,80,2,2,1,1,0,0,37.0,27.0,utilitaire_camion,deux_roues,1,1,1,1,3
202200026260,2022-10-03 21:05:00,2022,10,3,21,5,10,10387,QUATORZE JUILLET (RUE DU),48.29511,4.08057,Nuit avec éclairage allumé,En agglomération,Place,Normale,Deux véhicules - côté,4,3,3,0,1,3,1,0,1,50,2,2,1,0,0,1,21.0,30.0,voiture,deux_roues,5,2,7,1,3
202200026261,2022-11-11 10:50:00,2022,11,11,10,50,32,32079,D43,43.925524,0.089993,Plein jour,Hors agglomération,Hors intersection,Brouillard / fumée,Autre collision,3,2,2,0,1,1,1,0,3,80,1,1,0,0,0,1,39.0,,voiture,,1,1,1,5,6
202200026262,2022-05-23 13:25:00,2022,5,23,13,25,75,75112,BOULEVARD DIDEROT,48.8471493994,2.3850148916,Plein jour,En agglomération,Intersection en T,Pluie forte,Deux véhicules - côté,4,2,4,3,2,1,2,-1,6,30,2,2,1,0,0,1,56.0,26.0,voiture,deux_roues,1,2,3,3,3
202200026263,2022-11-11 02:50:00,2022,11,11,2,50,61,61079,Chatary,48.223851,0.725473,Nuit sans éclairage public,Hors agglomération,Hors intersection,Normale,Autre collision,4,2,2,0,1,1,1,0,3,80,1,3,1,0,2,0,23.0,,voiture,,3,1,1,1,6
202200026264,2022-10-04 07:50:00,2022,10,4,7,50,06,06069,ORME (CHEMIN DE L'),43.65041,6.94484,Plein jour,En agglomération,Hors intersection,Normale,Deux véhicules - arrière,4,1,1,0,2,1,1,0,1,50,2,2,1,0,0,1,42.0,48.0,voiture,deux_roues,1,2,1,1,2
202200026265,2022-05-23 10:58:00,2022,5,23,10,58,75,75112,RUE JEAN BOUTON,48.845816,2.376347,Plein jour,En agglomération,Hors intersection,Temps couvert,Autre collision,4,2,2,0,1,1,2,0,1,30,1,2,1,0,0,1,63.0,,voiture,,1,2,1,8,6
202200026266,2022-10-03 16:50:00,2022,10,3,16,50,06,06029,DIX HUIT JUIN (PLACE DU),43.55426,7.01943,Plein jour,En agglomération,Hors intersection,Normale,Autre collision,4,1,1,0,1,1,1,0,1,50,1,2,0,1,1,0,30.0,,deux_roues,,1,2,1,1,6
202200026267,2022-11-11 14:40:00,2022,11,11,14,40,12,12246,D963,44.628065,2.246972,Plein jour,Hors agglomération,Intersection en T,Normale,Deux véhicules - côté,3,2,2,0,2,1,1,0,1,90,2,2,1,0,0,1,51.0,44.0,utilitaire_camion,deux_roues,1,1,3,1,3
202200026268,2022-05-23 10:13:00,2022,5,23,10,13,75,75112,RUE DE WATTIGNIES,48.835178,2.398772,Plein jour,En agglomération,Intersection en X,Pluie légère,Autre collision,4,2,2,0,1,1,2,0,1,30,1,2,0,0,0,2,40.0,,deux_roues,,1,2,2,2,6
202200026269,2022-10-04 14:55:00,2022,10,4,14,55,05,05061,Cours Ladoucette,44.5619,6.08347,Plein jour,En agglomération,Hors intersection,Normale,Deux véhicules - arrière,2,2,5,0,1,1,1,0,5,50,2,2,1,0,0,1,69.0,83.0,deux_roues,voiture,1,2,1,1,2
202200026270,2022-11-01 11:30:00,2022,11,1,11,30,41,41152,Rue Edouard Payen,47.552458,1.732884,Plein jour,Hors agglomération,Hors intersection,Normale,Deux véhicules - frontale,3,2,1,0,1,1,1,0,1,70,2,3,0,0,0,3,71.0,86.0,voiture,voiture,1,1,1,1,1
202200026271,2022-05-23 23:35:00,2022,5,23,23,35,75,75111,BOULEVARD RICHARD LENOIR,48.8600728346,2.3725774884,Nuit avec éclairage allumé,En agglomération,Intersection en Y,Pluie légère,Autre collision,4,3,3,1,1,1,2,-1,5,30,1,2,1,0,0,1,34.0,,deux_roues,,5,2,4,2,6
202200026272,2022-11-09 21:30:00,2022,11,9,21,30,86,86293,D742,46.41867,0.242,Nuit sans éclairage public,En agglomération,Hors intersection,Brouillard / fumée,Autre collision,3,2,2,1,1,1,2,0,1,50,1,1,0,0,1,0,27.0,,deux_roues,,3,2,1,5,6
202200026273,2022-10-04 15:40:00,2022,10,4,15,40,04,04112,GIONO (AV. J.),43.82702,5.78699,Plein jour,En agglomération,Hors intersection,Normale,Deux véhicules - arrière,3,1,10,0,1,1,1,0,1,30,2,3,2,0,0,1,38.0,54.0,utilitaire_camion,voiture,1,2,1,1,2
202200026274,2022-11-10 15:45:00,2022,11,10,15,45,68,68090,D473,47.497503,7.321508,Plein jour,Hors agglomération,Hors intersection,Temps couvert,Autre collision,3,2,2,0,1,3,9,0,1,80,1,1,0,0,1,0,25.0,,deux_roues,,1,1,1,8,6
202200026275,2022-05-22 14:10:00,2022,5,22,14,10,75,75111,BOULEVARD DE MENILMONTANT,48.859439,2.38894,Plein jour,En agglomération,Hors intersection,Temps couvert,Autre collision,4,3,2,1,1,1,1,-1,5,30,1,2,1,0,0,1,31.0,,deux_roues,,1,2,1,8,6
202200026276,2022-10-04 09:15:00,2022,10,4,9,15,04,04112,GIONO (AV. J.),43.83158,5.78407,Plein jour,En agglomération,Hors intersection,Normale,Autre collision,3,3,2,0,2,3,1,0,1,30,1,2,1,0,1,0,64.0,,voiture,,1,2,1,1,6
202200026277,2022-10-22 08:05:00,2022,10,22,8,5,31,31182,Route de Paris,43.690343,1.403868,Plein jour,En agglomération,Hors intersection,Normale,Deux véhicules - arrière,7,3,2,3,1,1,1,0,1,70,2,2,1,0,1,0,22.0,,deux_roues,deux_roues,1,2,1,1,2
202200026278,2022-05-23 11:50:00,2022,5,23,11,50,75,75110,RUE DE LA GRANGE AUX BELLES,48.877384,2.369741,Plein jour,En agglomération,Hors intersection,Pluie légère,Autre collision,4,2,2,0,1,1,2,0,1,30,1,2,1,0,1,0,53.0,,utilitaire_camion,,1,2,1,2,6
202200026279,2022-10-03 16:45:00,2022,10,3,16,45,04,04070,NOEL (AV. DU COL.),44.08413,6.20573,Plein jour,En agglomération,Hors intersection,Normale,Sans collision,4,2,2,0,1,1,1,0,1,50,2,2,1,0,0,1,51.0,53.0,deux_roues,voiture,1,2,1,1,7
202200026280,2022-11-10 10:05:00,2022,11,10,10,5,38,38126,Avenue du Grésivaudan,45.209286,5.759978,Plein jour,En agglomération,Intersection en T,Normale,Deux véhicules - côté,7,-1,2,0,1,1,1,9,1,50,2,3,2,0,1,0,71.0,76.0,voiture,voiture,1,2,3,1,3
202200026281,2022-05-23 08:20:00,2022,5,23,8,20,75,75110,RUE RENE BOULANGER,48.868616,2.359844,Plein jour,En agglomération,Intersection en T,Temps couvert,Deux véhicules - côté,4,2,2,0,1,3,2,0,1,30,2,2,1,0,0,1,44.0,64.0,deux_roues,voiture,1,2,3,8,3
202200026282,2022-10-04 06:05:00,2022,10,4,6,5,02,02165,,49.64526,3.39484,Nuit sans éclairage public,Hors agglomération,Giratoire,Brouillard / fumée,Autre collision,3,1,2,0,1,1,1,5,3,80,1,3,2,0,0,1,29.0,,voiture,,3,1,6,5,6
202200026283,2022-11-10 14:30:00,2022,11,10,14,30,15,15141,N122,45.1256143793,2.9421633482,Plein jour,Hors agglomération,Intersection en X,Normale,Deux véhicules - frontale,2,2,2,0,1,1,1,5,1,80,2,3,1,0,1,1,51.0,72.0,utilitaire_camion,voiture,1,1,2,1,1
202200026284,2022-11-11 11:40:00,2022,11,11,11,40,15,15221,Route des Bessades,44.89033,2.375289,Plein jour,Hors agglomération,Intersection en X,Normale,Deux véhicules - côté,3,2,2,0,2,1,1,0,1,90,2,2,1,0,0,1,72.0,79.0,deux_roues,voiture,1,1,2,1,3
202200026285,2022-11-11 00:50:00,2022,11,11,0,50,60,60664,D1001,49.601365,2.282517,Nuit sans éclairage public,Hors agglomération,Hors intersection,Temps couvert,Autre collision,3,2,2,0,1,1,2,0,3,80,1,2,1,0,1,0,27.0,,voiture,,3,1,1,8,6
202200026286,2022-05-23 17:05:00,2022,5,23,17,5,75,75109,RUE SAINT LAZARE,48.8757814213,2.3285154998,Plein jour,En agglomération,Intersection en T,Normale,Autre collision,4,2,3,0,1,1,1,0,1,30,1,3,2,0,0,1,20.0,,deux_roues,,1,2,3,1,6
202200026287,2022-11-11 11:00:00,2022,11,11,11,0,64,64095,chemin castagnet,43.41011,-0.27652,Plein jour,En agglomération,Hors intersection,Normale,Trois véhicules et plus - collisions multiples,4,2,2,0,1,1,1,0,1,80,3,3,2,0,0,1,41.0,50.0,voiture,voiture,1,2,1,1,5
202200026288,2022-11-11 05:20:00,2022,11,11,5,20,21,21361,D959,47.49361,5.209247,Nuit sans éclairage public,Hors agglomération,Hors intersection,Brouillard / fumée,Autre collision,3,2,2,0,1,3,2,0,3,90,1,1,0,1,0,0,20.0,,voiture,,3,1,1,5,6
202200026289,2022-05-19 21:30:00,2022,5,19,21,30,75,75101,PLACE VENDOME,48.868318,2.330283,Crépuscule ou aube,En agglomération,Intersection en X,Normale,Deux véhicules - côté,4,2,2,0,1,1,1,0,1,30,2,2,1,0,0,1,28.0,28.0,deux_roues,voiture,2,2,2,1,3
202200026290,2022-11-09 15:09:00,2022,11,9,15,9,21,21274,D17,47.123995,4.544491,Plein jour,Hors agglomération,Intersection en X,Pluie légère,Deux véhicules - côté,3,2,2,0,1,1,2,0,1,70,2,2,0,0,1,1,79.0,69.0,voiture,voiture,1,1,2,2,3
202200026291,2022-11-11 07:40:00,2022,11,11,7,40,40,40310,D17,43.717396,-1.25639,Crépuscule ou aube,Hors agglomération,Hors intersection,Normale,Sans collision,3,2,2,0,1,1,1,0,3,80,1,1,0,0,1,0,25.0,,voiture,,2,1,1,1,7
202200026292,2022-05-23 06:30:00,2022,5,23,6,30,75,75108,BOULEVARD MALESHERBES,48.8783957078,2.3155456781,Plein jour,En agglomération,Intersection en X,Pluie légère,Deux véhicules - arrière,4,2,6,0,2,1,2,0,1,30,2,2,1,0,0,1,44.0,50.0,utilitaire_camion,deux_roues,1,2,2,2,2
202200026293,2022-11-11 02:45:00,2022,11,11,2,45,30,30019,D142,43.751094,4.16149,Nuit sans éclairage public,Hors agglomération,Hors intersection,Temps couvert,Autre collision,3,2,2,0,1,1,1,0,8,80,1,1,0,0,1,0,36.0,,voiture,,3,1,1,8,6
202200026294,2022-11-10 22:00:00,2022,11,10,22,0,48,48027,D6,44.568734,3.861222,Nuit sans éclairage public,Hors agglomération,Hors intersection,Normale,Autre collision,3,2,2,0,4,3,1,0,1,90,1,1,0,1,0,0,67.0,,voiture,,3,1,1,1,6
202200026295,2022-05-22 20:30:00,2022,5,22,20,30,75,75108,RUE SAINT LAZARE,48.875427,2.325397,Plein jour,En agglomération,Hors intersection,Normale,Autre collision,4,2,4,3,1,1,1,-1,6,30,2,3,2,0,0,1,43.0,29.0,voiture,deux_roues,1,2,1,1,6
202200026296,2022-11-10 03:45:00,2022,11,10,3,45,88,88375,Rue de la Mairie,48.25353,7.058732,Nuit sans éclairage public,Hors agglomération,Hors intersection,Pluie légère,Sans collision,3,2,2,0,1,2,2,0,3,80,1,2,1,0,1,0,44.0,,voiture,,3,1,1,2,7
202200026297,2022-05-21 22:15:00,2022,5,21,22,15,75,75107,PLACE DE LA RESISTANCE,48.86245,2.301816,Nuit avec éclairage allumé,En agglomération,Place,Normale,Deux véhicules - côté,4,2,8,0,1,1,1,0,1,50,2,2,0,0,0,2,44.0,32.0,deux_roues,deux_roues,5,2,7,1,3
202200026298,2022-11-07 18:30:00,2022,11,7,18,30,31,31424,Rue des Mésanges,43.553144,1.310527,Crépuscule ou aube,En agglomération,Hors intersection,Normale,Deux véhicules - frontale,3,2,2,0,1,1,1,0,1,50,2,2,0,0,1,1,55.0,57.0,voiture,voiture,2,2,1,1,1
202200026299,2022-05-23 09:45:00,2022,5,23,9,45,75,75104,RUE DES JARDINS SAINT PAUL,48.853615,2.360777,Plein jour,En agglomération,Hors intersection,Pluie légère,Autre collision,4,1,1,0,1,1,2,0,1,30,1,2,1,0,0,1,66.0,,utilitaire_camion,,1,2,1,2,6
202200026300,2022-11-11 03:10:00,2022,11,11,3,10,34,34159,RD 612 Ph 10+600,43.508635,3.797557,Nuit sans éclairage public,Hors agglomération,Hors intersection,Normale,Deux véhicules - côté,3,2,2,0,1,1,1,0,1,90,2,4,0,1,3,0,21.0,18.0,voiture,voiture,3,1,1,1,3
202200026301,2022-11-11 11:45:00,2022,11,11,11,45,06,06085,369 Chemin de la Grande Bastide,43.590169,6.990497,Plein jour,En agglomération,Intersection en T,Normale,Deux véhicules - frontale,4,2,1,0,2,1,1,0,1,30,2,2,1,0,0,1,20.0,16.0,voiture,deux_roues,1,2,3,1,1
202200026302,2022-05-23 07:50:00,2022,5,23,7,50,75,75104,BOULEVARD DE SEBASTOPOL,48.8600716582,2.3490746319,Plein jour,En agglomération,Intersection en T,Pluie légère,Deux véhicules - côté,4,2,5,1,1,1,2,-1,5,30,2,2,1,0,0,1,54.0,32.0,utilitaire_camion,deux_roues,1,2,3,2,3
202200026303,2022-11-06 07:30:00,2022,11,6,7,30,33,33122,A63,44.70394,-0.755219,Crépuscule ou aube,Hors agglomération,Hors intersection,Normale,Deux véhicules - arrière,1,3,4,0,1,1,1,0,1,110,2,5,3,0,0,2,47.0,20.0,voiture,voiture,2,1,1,1,2
202200026304,2022-05-22 21:35:00,2022,5,22,21,35,94,94067,Avenue Daumesnil,48.83499,2.41982,Crépuscule ou aube,En agglomération,Intersection en X,Normale,Deux véhicules - côté,3,2,2,0,1,1,1,0,1,50,2,2,1,0,0,1,22.0,38.0,voiture,deux_roues,2,2,2,1,3
202200026305,2022-11-11 01:50:00,2022,11,11,1,50,987,98715,PK 2.800 RDO,-17.548728,-149.588213,Nuit avec éclairage allumé,En agglomération,Hors intersection,Normale,Autre collision,2,1,3,0,2,1,1,0,1,90,3,4,1,1,1,1,34.0,33.0,voiture,deux_roues,5,2,1,1,6
202200026306,2022-11-10 23:30:00,2022,11,10,23,30,13,13081,A7 PK 253+000 Sens Marseille - Lyon,43.498293,5.239363,Nuit sans éclairage public,Hors agglomération,Hors intersection,Normale,Deux véhicules - arrière,1,1,2,0,1,1,1,0,1,130,2,4,2,0,1,1,27.0,24.0,voiture,voiture,3,1,1,1,2
202200026307,2022-05-23 09:08:00,2022,5,23,9,8,94,94044,Rue Georges Clémenceau,48.74435,2.47564,Plein jour,En agglomération,Intersection en X,Temps couvert,Deux véhicules - côté,4,2,2,0,2,2,2,0,1,50,2,20,0,0,0,20,42.0,56.0,transport_commun,transport_commun,1,2,2,8,3
202200026308,2022-11-10 16:20:00,2022,11,10,16,20,29,29147,Pole d’Activites Kervidanou 2,47.868477,-3.593307,Plein jour,Hors agglomération,Hors intersection,Normale,Deux véhicules - frontale,3,2,2,0,1,2,1,0,1,70,2,2,0,1,0,1,25.0,47.0,deux_roues,utilitaire_camion,1,1,1,1,1
202200026309,2022-10-04 17:00:00,2022,10,4,17,0,91,91338,Rue de Chartres,48.646894,2.069126,Plein jour,En agglomération,Hors intersection,Normale,Sans collision,3,2,2,0,4,1,1,6,8,50,1,1,0,0,0,1,49.0,,voiture,,1,2,1,1,7
202200026310,2022-05-23 23:00:00,2022,5,23,23,0,94,94076,19 Avenue de Stalingrad,48.78739,2.36735,Nuit avec éclairage allumé,En agglomération,Hors intersection,Pluie légère,Deux véhicules - arrière,3,1,1,0,1,1,2,0,1,50,2,2,1,0,0,1,,41.0,voiture,voiture,5,2,1,2,2
202200026311,2022-11-10 22:45:00,2022,11,10,22,45,30,30042,D910a,44.057411,4.002639,Nuit sans éclairage public,Hors agglomération,Hors intersection,Normale,Deux véhicules - frontale,3,2,2,0,3,3,1,0,1,70,2,3,0,1,1,1,46.0,21.0,voiture,voiture,3,1,1,1,1
202200026312,2022-11-11 07:30:00,2022,11,11,7,30,13,13007,D560,43.367587,5.645524,Crépuscule ou aube,Hors agglomération,Hors intersection,Normale,Deux véhicules - côté,3,2,2,0,1,3,1,0,1,70,2,4,0,1,3,0,27.0,69.0,voiture,voiture,2,1,1,1,3
202200026313,2022-05-22 16:05:00,2022,5,22,16,5,94,94003,VACHE NOIRE (LA),48.81032,2.32695,Plein jour,En agglomération,Giratoire,Normale,Deux véhicules - côté,3,4,3,0,1,2,1,0,1,30,2,2,1,0,0,1,31.0,30.0,deux_roues,voiture,1,2,6,1,3
202200026314,2022-09-18 09:30:00,2022,9,18,9,30,55,55252,D643,49.473534,5.387431,Plein jour,En agglomération,Intersection en X,Normale,Deux véhicules - côté,3,2,2,0,2,2,1,0,1,50,2,3,1,0,0,2,56.0,62.0,deux_roues,voiture,1,2,2,1,3
202200026315,2022-05-22 07:50:00,2022,5,22,7,50,94,94041,MOLIERE (R),48.81754,2.39125,Plein jour,En agglomération,Hors intersection,Normale,Deux véhicules - arrière,3,1,1,0,1,1,1,0,1,50,1,1,0,0,0,1,53.0,,voiture,,1,2,1,1,2
202200026316,2022-11-10 20:40:00,2022,11,10,20,40,44,44209,286 Route du télégraphe,47.28016,-1.59951,Nuit sans éclairage public,Hors agglomération,Hors intersection,Normale,Deux véhicules - côté,3,2,2,0,1,1,1,0,1,70,2,3,1,0,1,1,44.0,40.0,voiture,utilitaire_camion,3,1,1,1,3
202200026317,2022-09-12 12:00:00,2022,9,12,12,0,974,97416,BANK (BOULEVARD),-21.330795,55.47525,Plein jour,En agglomération,Hors intersection,Normale,Autre collision,4,2,4,0,1,1,1,9,1,50,1,2,1,0,1,0,43.0,,utilitaire_camion,,1,2,1,1,6
202200026318,2022-11-11 18:20:00,2022,11,11,18,20,01,01043,route de genève,45.838188,5.010517,Nuit avec éclairage allumé,En agglomération,Hors intersection,Normale,Sans collision,3,2,2,0,1,1,1,0,1,50,1,1,0,0,1,0,42.0,,deux_roues,,5,2,1,1,7
202200026319,2022-05-23 11:16:00,2022,5,23,11,16,94,94021,Avenue Charles Lindbergh,48.75754,2.34458,Plein jour,En agglomération,Hors intersection,Pluie légère,Autre collision,3,-1,1,0,1,1,2,0,1,50,1,1,0,0,0,1,48.0,,deux_roues,,1,2,1,2,6
202200026320,2022-11-10 16:28:00,2022,11,10,16,28,64,64131,avenue marcel paul,43.46647,-0.750396,Plein jour,Hors agglomération,Giratoire,Normale,Deux véhicules - arrière,3,2,1,0,1,3,1,9,1,80,2,2,1,0,1,0,79.0,64.0,deux_roues,voiture,1,1,6,1,2
202200026321,2022-10-22 01:58:00,2022,10,22,1,58,33,33138,Eygreteau Sud,45.0358300873,-0.1004618034,Nuit sans éclairage public,En agglomération,Autre intersection,Normale,Autre collision,4,2,2,0,1,2,1,0,3,50,1,1,0,0,1,0,33.0,,voiture,,3,2,9,1,6
202200026322,2022-05-22 14:20:00,2022,5,22,14,20,94,94059,Avenue Clara / Avenue Champion,48.80632,2.56095,Plein jour,En agglomération,Intersection en X,Normale,Deux véhicules - frontale,4,2,2,0,1,1,1,0,1,50,2,2,1,0,0,1,23.0,33.0,deux_roues,voiture,1,2,2,1,1