accident_id,datetime,annee,mois,jour,heure,minute,departement,commune_insee,adresse,latitude,longitude,luminosite,agglomeration,intersection,meteo,collision,catr,circ,nbv,vosp,prof,plan,surf,infra,situ,vma,nb_vehicules,nb_usagers,nb_indemnes,nb_tues,nb_blesses_hosp,nb_blesses_legers,age_cond_1,age_cond_2,veh_type_cond_1,veh_type_cond_2,lum_code,agg_code,int_code,atm_code,col_code
202200026413,2022-07-21 23:30:00,2022,7,21,23,30,06,06123,NAPOLEON III (PONT),43.66381,7.19867,Nuit avec éclairage non allumé,En agglomération,Hors intersection,Normale,Deux véhicules - arrière,7,1,3,0,1,1,1,2,1,70,2,4,0,0,1,3,31.0,46.0,voiture,voiture,4,2,1,1,2
202200026414,2022-12-10 06:15:00,2022,12,10,6,15,91,91223,PONT SAINT JEAN (RUE DU),48.43276,2.15014,Nuit avec éclairage allumé,En agglomération,Hors intersection,Temps couvert,Sans collision,4,2,2,0,1,1,1,0,1,50,1,2,1,0,0,1,21.0,,voiture,,5,2,1,8,7
202200026415,2022-07-22 13:05:00,2022,7,22,13,5,06,06030,CAMPON (RUE,43.5707,7.01536,Plein jour,En agglomération,Hors intersection,Normale,Deux véhicules - côté,3,3,4,0,2,1,1,0,1,50,2,2,1,0,0,1,37.0,39.0,voiture,voiture,1,2,1,1,3
202200026416,2022-05-17 13:06:00,2022,5,17,13,6,59,59080,AUTOROUTE A23,50.4566479217,3.2816290855,Plein jour,Hors agglomération,Hors intersection,Normale,Deux véhicules - arrière,1,-1,4,0,1,1,1,0,1,130,2,3,2,0,0,1,47.0,26.0,voiture,voiture,1,1,1,1,2
202200026417,2022-12-13 16:06:00,2022,12,13,16,6,87,87065,CHANTECAILLE (RUE DE ),45.79935,1.35826,Plein jour,En agglomération,Hors intersection,Normale,Deux véhicules - côté,4,2,2,0,1,1,1,0,1,50,2,2,1,0,0,1,82.0,28.0,voiture,voiture,1,2,1,1,3
202200026418,2022-07-19 09:20:00,2022,7,19,9,20,05,05061,PROVENCE (AVENUE DE),44.53936,6.05565,Plein jour,En agglomération,Hors intersection,Normale,Deux véhicules - arrière,2,2,2,0,1,1,1,0,1,50,2,3,1,0,0,2,42.0,32.0,voiture,voiture,1,2,1,1,2
202200026419,2022-05-23 20:00:00,2022,5,23,20,0,91,91553,RN 104,48.62674,2.47594,Crépuscule ou aube,Hors agglomération,Hors intersection,Normale,Trois véhicules et plus - en chaîne,2,3,8,0,4,1,1,0,1,90,3,3,2,0,0,1,,23.0,utilitaire_camion,voiture,2,1,1,1,4
202200026420,2022-12-12 18:23:00,2022,12,12,18,23,87,87085,MAUVENDIERE (IMPASSE ET RUE DE LA),45.83358,1.24755,Nuit avec éclairage allumé,En agglomération,Intersection en T,Normale,Autre collision,4,2,2,0,1,1,1,0,1,30,1,2,1,0,0,1,54.0,,voiture,,5,2,3,1,6
202200026421,2022-07-20 15:10:00,2022,7,20,15,10,02,02408,,49.55259,3.62547,Plein jour,Hors agglomération,Hors intersection,Pluie forte,Deux véhicules - frontale,2,2,2,0,1,1,2,0,1,90,2,2,1,0,0,1,30.0,58.0,utilitaire_camion,utilitaire_camion,1,1,1,3,1
202200026422,2022-05-23 14:00:00,2022,5,23,14,0,91,91521,AUTOROUTE A6,48.64286,2.39149,Plein jour,Hors agglomération,Hors intersection,Pluie forte,Trois véhicules et plus - en chaîne,1,2,6,0,1,1,2,0,1,110,3,3,2,0,0,1,65.0,42.0,voiture,deux_roues,1,1,1,3,4
202200026423,2022-12-12 19:11:00,2022,12,12,19,11,87,87085,CROUZILLOUX (RUE DES),45.88484,1.29731,Nuit avec éclairage allumé,En agglomération,Hors intersection,Normale,Autre collision,4,2,2,0,1,2,1,0,1,30,1,2,1,0,0,1,,,voiture,,5,2,1,1,6
202200026424,2022-07-22 12:00:00,2022,7,22,12,0,01,01053,Rue des Dîmes,46.207309,5.242281,Plein jour,En agglomération,Hors intersection,Normale,Autre collision,4,1,1,2,1,1,1,0,1,30,1,1,0,0,1,0,21.0,,voiture,,1,2,1,1,6
202200026425,2022-05-23 07:50:00,2022,5,23,7,50,91,91174,RN 104,48.62359,2.46697,Plein jour,Hors agglomération,Hors intersection,Normale,Deux véhicules - côté,2,3,6,0,1,1,1,0,1,110,2,2,1,0,0,1,45.0,55.0,utilitaire_camion,voiture,1,1,1,1,3
202200026426,2022-12-13 18:00:00,2022,12,13,18,0,85,85194,VERDUN (RUE DE),46.49715,-1.77732,Nuit avec éclairage allumé,En agglomération,Hors intersection,Normale,Autre collision,4,3,2,0,3,1,1,0,1,50,1,2,1,0,1,0,,,voiture,,5,2,1,1,6
202200026427,2022-07-22 19:25:00,2022,7,22,19,25,75,75120,PORTE DE BAGNOLET,48.869643,2.413267,Plein jour,En agglomération,Hors intersection,Temps couvert,Trois véhicules et plus - en chaîne,4,1,4,0,2,1,2,0,1,70,3,3,2,0,0,1,58.0,28.0,deux_roues,voiture,1,2,1,8,4
202200026428,2022-05-21 16:30:00,2022,5,21,16,30,93,93006,AUTOROUTE A3,48.86575,2.42128,Plein jour,Hors agglomération,Hors intersection,Normale,Deux véhicules - arrière,1,3,4,0,2,1,1,0,1,90,2,2,1,0,0,1,32.0,39.0,deux_roues,voiture,1,1,1,1,2
202200026429,2022-07-22 08:50:00,2022,7,22,8,50,75,75112,ECHANGEUR BERCY,48.827141,2.39103,Plein jour,En agglomération,Hors intersection,Normale,Sans collision,4,1,4,0,1,1,1,0,1,70,1,1,0,0,0,1,50.0,,deux_roues,,1,2,1,1,7
202200026430,2022-11-27 19:17:00,2022,11,27,19,17,84,84007,CROIX ROUGE( Avenue de la ),43.93031,4.83118,Nuit avec éclairage allumé,En agglomération,Intersection en T,Normale,Deux véhicules - frontale,4,2,2,0,1,1,1,0,1,50,2,4,3,0,1,0,15.0,25.0,deux_roues,voiture,5,2,3,1,1
202200026431,2022-05-20 17:40:00,2022,5,20,17,40,93,93027,AUTOROUTE A1,48.93403,2.39055,Plein jour,Hors agglomération,Hors intersection,Normale,Deux véhicules - côté,1,3,3,0,1,1,1,0,1,110,2,2,1,0,1,0,53.0,20.0,voiture,deux_roues,1,1,1,1,3
202200026432,2022-07-22 07:30:00,2022,7,22,7,30,75,75116,PORTE DAUPHINE,48.870597,2.272352,Plein jour,En agglomération,Hors intersection,Normale,Trois véhicules et plus - en chaîne,4,-1,4,0,1,1,1,0,1,70,3,3,2,0,0,1,39.0,31.0,utilitaire_camion,deux_roues,1,2,1,1,4
202200026433,2022-11-18 15:00:00,2022,11,18,15,0,30,30351,CEVENNES AVENUE DES,43.97548,4.78367,Plein jour,En agglomération,Hors intersection,Normale,Autre collision,4,2,2,0,1,1,1,0,1,30,1,2,1,0,1,0,75.0,,voiture,,1,2,1,1,6
202200026434,2022-05-23 11:35:00,2022,5,23,11,35,77,77384,A5b,48.602273,2.634063,Plein jour,Hors agglomération,Hors intersection,Pluie légère,Sans collision,1,1,2,0,1,3,2,0,1,90,1,1,0,0,1,0,31.0,,deux_roues,,1,1,1,2,7
202200026435,2022-07-22 03:15:00,2022,7,22,3,15,75,75105,QUAI SAINT BERNARD,48.849408,2.356766,Nuit avec éclairage allumé,En agglomération,Intersection en X,Normale,Deux véhicules - côté,4,2,0,0,1,1,1,0,1,30,2,3,2,0,0,1,23.0,20.0,deux_roues,voiture,5,2,2,1,3
202200026436,2022-05-22 23:30:00,2022,5,22,23,30,77,77018,A4,48.840004,2.819956,Nuit sans éclairage public,Hors agglomération,Hors intersection,Normale,Autre collision,1,-1,3,0,1,2,1,0,1,70,1,1,0,0,0,1,38.0,,voiture,,3,1,1,1,6
202200026437,2022-11-17 00:06:00,2022,11,17,0,6,84,84007,SIXTE ISNARD (Boulevard),43.93758,4.81184,Nuit avec éclairage allumé,En agglomération,Intersection en T,Normale,Deux véhicules - côté,4,2,2,0,1,1,1,0,1,50,2,3,2,0,1,0,14.0,19.0,deux_roues,voiture,5,2,3,1,3
202200026438,2022-05-21 11:30:00,2022,5,21,11,30,94,94017,A4,48.8302008945,2.4957669959,Plein jour,Hors agglomération,Hors intersection,Normale,Deux véhicules - arrière,1,-1,3,0,1,1,1,0,1,90,2,2,1,0,0,1,35.0,26.0,utilitaire_camion,utilitaire_camion,1,1,1,1,2
202200026439,2022-12-14 17:30:00,2022,12,14,17,30,84,84007,FRANCOIS 1ER (RUE),43.92903,4.82549,Plein jour,En agglomération,Hors intersection,Pluie forte,Autre collision,4,2,2,0,1,1,2,0,1,50,1,2,1,0,1,0,33.0,,voiture,,1,2,1,3,6
202200026440,2022-07-22 12:15:00,2022,7,22,12,15,75,75119,RUE MANIN,48.88434,2.391277,Plein jour,En agglomération,Intersection en T,Temps couvert,Deux véhicules - côté,4,2,2,0,1,1,1,0,1,30,2,2,1,0,0,1,27.0,56.0,deux_roues,utilitaire_camion,1,2,3,8,3
202200026441,2022-11-09 18:15:00,2022,11,9,18,15,84,84007,LIMBERT (Boulevard),43.94631,4.81722,Crépuscule ou aube,En agglomération,Hors intersection,Pluie forte,Autre collision,4,2,5,0,1,1,3,0,1,50,1,2,1,0,1,0,,,voiture,,2,2,1,3,6
202200026442,2022-07-22 09:30:00,2022,7,22,9,30,75,75118,RUE MARX DORMOY,48.890245,2.359912,Plein jour,En agglomération,Intersection en X,Normale,Deux véhicules - côté,4,2,2,1,1,1,1,0,1,30,2,2,0,0,0,2,31.0,60.0,deux_roues,deux_roues,1,2,2,1,3
202200026443,2022-04-21 16:55:00,2022,4,21,16,55,30,30293,D266a intersection chemin de la blaquière,44.284552,4.369163,Plein jour,Hors agglomération,Intersection en T,Temps couvert,Deux véhicules - frontale,3,2,2,0,1,1,1,0,1,80,2,2,1,0,1,0,63.0,63.0,voiture,voiture,1,1,3,8,1
202200026444,2022-11-08 20:45:00,2022,11,8,20,45,84,84007,C.De GAULLE (Rocade),43.92906,4.80428,Nuit avec éclairage allumé,En agglomération,Giratoire,Normale,Sans collision,4,3,4,0,1,2,1,5,4,50,1,1,0,0,1,0,26.0,,deux_roues,,5,2,6,1,7
202200026445,2022-07-22 22:30:00,2022,7,22,22,30,75,75117,RUE DE ROME,48.887341,2.314143,Nuit avec éclairage allumé,En agglomération,Intersection en X,Temps couvert,Autre collision,4,2,2,2,1,1,2,0,1,30,1,2,1,0,0,1,24.0,,voiture,,5,2,2,8,6
202200026446,2022-04-22 08:40:00,2022,4,22,8,40,10,10004,Rue de la Grève,48.585189,4.1085229,Plein jour,En agglomération,Intersection en T,Normale,Deux véhicules - frontale,3,2,2,0,1,1,1,0,1,50,2,2,1,0,1,0,23.0,24.0,utilitaire_camion,utilitaire_camion,1,2,3,1,1
202200026447,2022-07-21 13:15:00,2022,7,21,13,15,75,75117,AVENUE DE LA PORTE DE SAINT OUEN,48.897732,2.329021,Plein jour,En agglomération,Intersection en X,Normale,Sans collision,4,2,4,3,1,1,1,0,1,30,1,1,0,0,0,1,48.0,,deux_roues,,1,2,2,1,7
202200026448,2022-12-14 12:45:00,2022,12,14,12,45,83,83137,MALON (AVE BENOIT),43.12283,5.95535,Plein jour,En agglomération,Intersection en X,Temps couvert,Deux véhicules - côté,4,2,3,0,2,1,2,0,1,50,2,2,1,0,0,1,53.0,33.0,voiture,deux_roues,1,2,2,8,3
202200026449,2022-04-20 09:45:00,2022,4,20,9,45,26,26347,Rue Joseph Péala,45.070477,4.836355,Plein jour,En agglomération,Intersection en T,Normale,Autre collision,2,2,2,0,1,1,1,0,1,50,1,2,1,0,0,1,22.0,,utilitaire_camion,,1,2,3,1,6
202200026450,2022-07-22 05:45:00,2022,7,22,5,45,75,75116,PLACE DE LA PORTE MAILLOT,48.876999,2.283056,Crépuscule ou aube,En agglomération,Place,Normale,Deux véhicules - côté,4,2,2,0,1,2,1,5,1,30,2,2,1,0,0,1,35.0,50.0,deux_roues,voiture,2,2,7,1,3
202200026451,2022-12-14 22:15:00,2022,12,14,22,15,81,81004,THOMAS (AV ALBERT),43.94302,2.14996,Nuit avec éclairage allumé,En agglomération,Intersection en X,Normale,Autre collision,3,2,3,0,1,1,1,9,8,50,1,2,1,0,0,1,,,utilitaire_camion,,5,2,2,1,6
202200026452,2022-04-22 17:40:00,2022,4,22,17,40,95,95018,RD 909,48.94201,2.25301,Plein jour,En agglomération,Hors intersection,Normale,Autre collision,3,2,2,0,1,1,1,0,1,50,1,2,1,0,0,1,,,deux_roues,,1,2,1,1,6
202200026453,2022-07-22 14:10:00,2022,7,22,14,10,75,75116,AVENUE DES NATIONS UNIES,48.861612,2.291583,Plein jour,En agglomération,Hors intersection,Normale,Deux véhicules - arrière,4,-1,1,0,2,1,1,0,1,30,2,2,1,0,0,1,32.0,52.0,utilitaire_camion,voiture,1,2,1,1,2
202200026454,2022-07-20 18:45:00,2022,7,20,18,45,75,75116,AVENUE DE VERSAILLES,48.848578,2.274895,Plein jour,En agglomération,Hors intersection,Normale,Deux véhicules - côté,4,2,3,0,1,1,1,0,1,50,2,2,1,0,0,1,40.0,87.0,deux_roues,voiture,1,2,1,1,3
202200026455,2022-12-14 10:30:00,2022,12,14,10,30,76,76486,Route de Moulineaux,49.320834,0.991016,Plein jour,Hors agglomération,Hors intersection,Neige / grêle,Deux véhicules - frontale,4,2,2,0,2,1,7,0,1,80,2,2,0,0,0,2,34.0,37.0,voiture,voiture,1,1,1,4,1
202200026456,2022-04-20 05:25:00,2022,4,20,5,25,33,33555,,44.692291,-0.855224,Nuit avec éclairage allumé,En agglomération,Giratoire,Pluie légère,Autre collision,3,2,2,0,1,2,2,0,1,50,1,1,0,0,0,1,16.0,,deux_roues,,5,2,6,2,6
202200026457,2022-07-22 11:00:00,2022,7,22,11,0,75,75115,BOULEVARD DU MONTPARNASSE,48.845517,2.31914,Plein jour,En agglomération,Intersection en X,Normale,Autre collision,4,2,6,3,1,1,1,0,1,30,1,2,1,0,0,1,39.0,,voiture,,1,2,2,1,6
202200026458,2022-12-14 07:15:00,2022,12,14,7,15,76,76498,Avenue des Canadiens,49.413654,1.073731,Nuit avec éclairage allumé,En agglomération,Hors intersection,Neige / grêle,Autre collision,4,2,2,0,1,1,5,-1,1,50,1,1,0,0,0,1,47.0,,voiture,,5,2,1,4,6
202200026459,2022-12-13 18:15:00,2022,12,13,18,15,71,71076,NUGUE (AVENUE PIERRE),46.78861,4.86501,Nuit avec éclairage allumé,En agglomération,Hors intersection,Normale,Autre collision,3,3,4,0,1,1,1,5,1,50,1,2,1,0,1,0,48.0,,voiture,,5,2,1,1,6
202200026460,2022-07-21 14:25:00,2022,7,21,14,25,75,75115,RUE FREMICOURT,48.847344,2.297749,Plein jour,En agglomération,Intersection en X,Normale,Autre collision,4,2,2,0,1,1,1,0,1,30,1,2,1,0,0,1,45.0,,voiture,,1,2,2,1,6
202200026461,2022-12-14 18:00:00,2022,12,14,18,0,69,69290,Chemin du Lortaret,45.71259,4.95603,Nuit avec éclairage allumé,En agglomération,Hors intersection,Pluie légère,Autre collision,7,2,2,2,1,1,2,0,1,50,1,2,1,0,0,1,28.0,,voiture,,5,2,1,2,6
202200026462,2022-07-21 14:58:00,2022,7,21,14,58,75,75114,RUE VERCINGETORIX,48.829125,2.306416,Plein jour,En agglomération,Intersection en T,Normale,Deux véhicules - côté,4,1,2,0,1,1,1,0,1,30,2,2,0,0,0,2,39.0,78.0,deux_roues,deux_roues,1,2,3,1,3
202200026463,2022-12-14 07:00:00,2022,12,14,7,0,69,69276,Route Départementale 312,45.67249,4.84832,Nuit avec éclairage allumé,En agglomération,Intersection en T,Temps couvert,Deux véhicules - côté,7,2,3,2,1,1,2,5,1,50,2,2,1,0,0,1,31.0,35.0,voiture,utilitaire_camion,5,2,3,8,3
202200026464,2022-07-22 17:15:00,2022,7,22,17,15,75,75113,RUE DE TOLBIAC,48.828471,2.372947,Plein jour,En agglomération,Intersection en X,Normale,Deux véhicules - côté,4,2,4,0,2,1,1,0,1,30,2,2,1,0,0,1,31.0,21.0,deux_roues,utilitaire_camion,1,2,2,1,3
202200026465,2022-04-20 16:37:00,2022,4,20,16,37,06,06088,"A8 , tunnel ST PIERRRE DE FERIC, PK 194+800, chaussée sud",43.726251,7.231729,Plein jour,En agglomération,Hors intersection,Normale,Trois véhicules et plus - en chaîne,1,2,5,0,2,1,1,1,1,90,7,9,8,0,0,1,32.0,39.0,voiture,deux_roues,1,2,1,1,4
202200026466,2022-12-14 11:18:00,2022,12,14,11,18,69,69096,20 Place Jean Jaurès,45.6093,4.79226,Plein jour,En agglomération,Hors intersection,Temps couvert,Autre collision,4,2,2,0,2,1,2,0,1,50,1,2,1,0,0,1,23.0,,utilitaire_camion,,1,2,1,8,6
202200026467,2022-07-22 10:25:00,2022,7,22,10,25,75,75113,AVENUE D ITALIE,48.821415,2.358771,Plein jour,En agglomération,Hors intersection,Normale,Deux véhicules - côté,4,2,4,1,1,1,1,0,5,30,2,2,1,0,0,1,23.0,65.0,deux_roues,voiture,1,2,1,1,3
202200026468,2022-04-20 22:15:00,2022,4,20,22,15,34,34240,autoroute A709 PK 007+170 SENS NIMES BÉZIERS,43.627487,3.964391,Nuit sans éclairage public,Hors agglomération,Hors intersection,Pluie légère,Autre collision,1,1,5,0,1,3,2,0,8,90,1,1,0,0,1,0,50.0,,voiture,,3,1,1,2,6
202200026469,2022-12-13 20:10:00,2022,12,13,20,10,67,67482,RIBEAUVILLE (RUE DE),48.56507,7.77015,Nuit avec éclairage allumé,En agglomération,Hors intersection,Normale,Deux véhicules - arrière,4,3,4,3,1,1,1,0,1,50,2,2,1,0,0,1,30.0,39.0,deux_roues,deux_roues,5,2,1,1,2
202200026470,2022-04-21 14:15:00,2022,4,21,14,15,974,97406,rue Eugène-Rochetaing,-21.141179,55.609328,Plein jour,En agglomération,Hors intersection,Normale,Deux véhicules - frontale,4,2,2,0,2,3,1,0,1,50,2,2,1,0,0,1,60.0,34.0,deux_roues,utilitaire_camion,1,2,1,1,1
202200026471,2022-07-22 12:50:00,2022,7,22,12,50,75,75111,RUE JEAN PIERRE TIMBAUD,48.868407,2.379546,Plein jour,En agglomération,Intersection en T,Pluie légère,Deux véhicules - côté,4,1,1,2,2,1,2,0,1,30,2,2,1,0,0,1,34.0,,deux_roues,voiture,1,2,3,2,3
202200026472,2022-12-12 14:12:00,2022,12,12,14,12,66,66136,,42.7164085944,2.9019194841,Plein jour,En agglomération,Hors intersection,Normale,Deux véhicules - frontale,4,2,2,0,1,1,1,0,1,30,2,2,1,0,0,1,44.0,48.0,utilitaire_camion,voiture,1,2,1,1,1
202200026473,2022-04-21 08:50:00,2022,4,21,8,50,64,64478,Chemin des Crêtes,43.285172,-0.454184,Plein jour,Hors agglomération,Hors intersection,Pluie légère,Sans collision,3,2,2,0,2,2,2,0,1,80,1,1,0,0,0,1,16.0,,utilitaire_camion,,1,1,1,2,7
202200026474,2022-07-22 10:00:00,2022,7,22,10,0,75,75112,RUE JOSEPH KESSEL,48.833725,2.382499,Plein jour,En agglomération,Intersection en X,Normale,Deux véhicules - côté,4,2,6,2,1,1,1,0,1,30,2,2,1,0,0,1,45.0,47.0,voiture,deux_roues,1,2,2,1,3
202200026475,2022-05-22 18:33:00,2022,5,22,18,33,59,59610,Chemin de Bouchain au Quesnoy,50.262555,3.469427,Plein jour,En agglomération,Hors intersection,Temps couvert,Sans collision,4,2,1,0,1,1,9,0,3,50,1,1,0,0,1,0,39.0,,deux_roues,,1,2,1,8,7
202200026476,2022-12-14 23:30:00,2022,12,14,23,30,64,64445,boulevard de la Paix,43.32374,-0.37438,Nuit avec éclairage allumé,En agglomération,Intersection en T,Normale,Deux véhicules - arrière,4,2,3,0,1,1,1,5,1,50,2,4,3,0,0,1,,22.0,voiture,voiture,5,2,3,1,2
202200026477,2022-07-22 00:42:00,2022,7,22,0,42,75,75108,AVENUE DE WAGRAM,48.875442,2.296247,Nuit avec éclairage allumé,En agglomération,Intersection en Y,Normale,Deux véhicules - côté,4,2,3,1,2,1,1,0,5,30,2,2,1,0,0,1,40.0,23.0,deux_roues,voiture,5,2,4,1,3
202200026478,2022-05-23 15:20:00,2022,5,23,15,20,59,59452,D54,50.4670908183,3.0427891016,Plein jour,Hors agglomération,Hors intersection,Pluie légère,Deux véhicules - frontale,3,2,2,1,2,1,2,0,1,70,2,3,1,0,2,0,33.0,39.0,voiture,utilitaire_camion,1,1,1,2,1
202200026479,2022-07-22 02:50:00,2022,7,22,2,50,75,75107,QUAI ANATOLE FRANCE,48.861874,2.321558,Nuit avec éclairage allumé,En agglomération,Hors intersection,Normale,Deux véhicules - arrière,4,1,2,1,1,1,1,0,1,30,2,2,1,0,0,1,39.0,40.0,voiture,deux_roues,5,2,1,1,2
202200026480,2022-05-22 01:15:00,2022,5,22,1,15,13,13015,A51-Sens Marseille vers Aix en Provence,43.44176,5.39603,Nuit sans éclairage public,Hors agglomération,Hors intersection,Normale,Deux véhicules - côté,1,1,2,3,1,1,1,0,1,90,2,2,0,1,0,0,,23.0,utilitaire_camion,deux_roues,3,1,1,1,3
202200026481,2022-12-14 22:40:00,2022,12,14,22,40,64,64445,ORLEANS D',43.29893,-0.37423,Nuit avec éclairage allumé,En agglomération,Intersection en X,Normale,Trois véhicules et plus - collisions multiples,4,2,2,0,1,1,1,0,1,50,3,8,6,0,0,2,26.0,30.0,voiture,voiture,5,2,2,1,5
202200026482,2022-07-20 23:37:00,2022,7,20,23,37,75,75107,QUAI BRANLY,48.858965,2.293385,Nuit avec éclairage allumé,En agglomération,Intersection en T,Normale,Deux véhicules - arrière,4,1,4,1,1,1,1,-1,5,50,2,2,1,0,0,1,36.0,57.0,voiture,deux_roues,5,2,3,1,2
202200026483,2022-07-22 16:45:00,2022,7,22,16,45,75,75103,RUE DU TEMPLE,48.865184,2.360233,Plein jour,En agglomération,Intersection en T,Normale,Autre collision,4,1,2,3,1,1,1,0,1,30,1,1,0,0,0,1,21.0,,deux_roues,,1,2,3,1,6
202200026484,2022-05-22 00:50:00,2022,5,22,0,50,13,13071,A7-Sens Lyon vers Marseille,43.40583,5.29338,Nuit sans éclairage public,Hors agglomération,Hors intersection,Normale,Deux véhicules - arrière,1,-1,3,0,1,1,1,0,1,90,2,4,1,0,0,3,28.0,56.0,voiture,voiture,3,1,1,1,2
202200026485,2022-12-14 14:10:00,2022,12,14,14,10,64,64445,boulevard de la Paix,43.31366,-0.33139,Plein jour,En agglomération,Hors intersection,Normale,Deux véhicules - côté,4,2,2,1,1,1,1,0,1,50,2,4,1,0,2,1,26.0,25.0,voiture,deux_roues,1,2,1,1,3
202200026486,2022-07-22 15:45:00,2022,7,22,15,45,75,75101,RUE DES PYRAMIDES,48.86457,2.332697,Plein jour,En agglomération,Intersection en X,Normale,Deux véhicules - côté,4,1,2,0,1,1,1,0,1,30,2,2,1,0,0,1,52.0,27.0,voiture,deux_roues,1,2,2,1,3
202200026487,2022-12-07 12:20:00,2022,12,7,12,20,63,63032,LECLERC (AVENUE DU MARECHAL),45.75584,3.0845,Plein jour,En agglomération,Intersection en X,Normale,Deux véhicules - côté,4,2,2,0,2,1,1,0,1,50,2,2,1,0,0,1,58.0,24.0,voiture,deux_roues,1,2,2,1,3
202200026488,2022-05-20 20:45:00,2022,5,20,20,45,13,13211,A50-Sens Aubagne vers Marseille,43.28781,5.50209,Crépuscule ou aube,Hors agglomération,Hors intersection,Normale,Deux véhicules - arrière,1,1,2,0,2,1,1,0,1,90,2,3,1,0,0,2,20.0,40.0,voiture,voiture,2,1,1,1,2
202200026489,2022-07-21 17:45:00,2022,7,21,17,45,75,75102,BOULEVARD DE SEBASTOPOL,48.867893,2.353464,Plein jour,En agglomération,Intersection en T,Normale,Deux véhicules - côté,4,2,5,1,1,1,1,-1,5,30,2,2,0,0,0,2,22.0,20.0,deux_roues,deux_roues,1,2,3,1,3
202200026490,2022-12-14 08:05:00,2022,12,14,8,5,59,59279,OER ERKENSCHWICK (RUE),50.779724,3.109589,Crépuscule ou aube,En agglomération,Hors intersection,Normale,Autre collision,4,2,0,0,1,1,1,0,1,30,1,4,1,0,0,3,20.0,,voiture,,2,2,1,1,6
202200026491,2022-12-14 22:45:00,2022,12,14,22,45,54,54280,FRANCHEPRE (RUE DE),49.2291,6.01859,Nuit avec éclairage allumé,En agglomération,Hors intersection,Normale,Sans collision,3,2,2,0,2,1,1,0,1,50,1,1,0,0,0,1,25.0,,voiture,,5,2,1,1,7
202200026492,2022-07-22 07:10:00,2022,7,22,7,10,94,94058,ALSACE LORRAINE (BD D),48.850455,2.502436,Plein jour,Hors agglomération,Hors intersection,Normale,Deux véhicules - côté,3,-1,2,0,1,1,1,5,1,50,2,2,1,0,0,1,21.0,55.0,voiture,voiture,1,1,1,1,3
202200026493,2022-12-12 22:00:00,2022,12,12,22,0,50,50129,ENTREPOT (QUAI DE L'),49.6354,-1.61976,Nuit avec éclairage allumé,En agglomération,Hors intersection,Normale,Autre collision,4,1,1,0,1,1,2,0,1,30,1,2,1,0,0,1,48.0,,utilitaire_camion,,5,2,1,1,6
202200026494,2022-05-20 00:30:00,2022,5,20,0,30,13,13005,A50-Sens Aubagne vers Marseille,43.2852029574,5.5707725894,Nuit sans éclairage public,Hors agglomération,Hors intersection,Normale,Trois véhicules et plus - en chaîne,1,1,2,0,1,1,1,0,1,90,5,10,1,0,0,9,22.0,23.0,voiture,voiture,3,1,1,1,4
202200026495,2022-07-22 18:50:00,2022,7,22,18,50,94,94021,PETIT LEROY (R DU),48.76634,2.36027,Plein jour,En agglomération,Hors intersection,Pluie légère,Sans collision,4,2,2,1,1,1,2,0,5,50,1,1,0,0,0,1,54.0,,autre,,1,2,1,2,7
202200026496,2022-05-07 22:30:00,2022,5,7,22,30,13,13001,A51-Sens Marseille vers Aix en Provence,43.5112172002,5.4197866917,Nuit sans éclairage public,Hors agglomération,Hors intersection,Normale,Sans collision,1,3, -1,-1,1,1,-1,0,1,-1,1,1,0,0,0,1,37.0,,voiture,,3,1,1,1,7
202200026497,2022-12-11 17:00:00,2022,12,11,17,0,47,47323,MICHAUD (RUE VICTOR),44.4157,0.7295,Plein jour,En agglomération,Intersection en X,Normale,Trois véhicules et plus - collisions multiples,3,2,2,0,1,1,1,0,1,50,3,3,2,0,0,1,32.0,45.0,voiture,deux_roues,1,2,2,1,5
202200026498,2022-07-21 21:30:00,2022,7,21,21,30,94,94073,VERSAILLES (AV DE),48.758972,2.395022,Nuit avec éclairage allumé,En agglomération,Hors intersection,Normale,Deux véhicules - côté,3,1,2,0,4,4,1,0,1,50,2,2,1,0,0,1,46.0,38.0,voiture,voiture,5,2,1,1,3
202200026499,2022-12-14 07:58:00,2022,12,14,7,58,47,47031,TISSIDRE (AV. ANDRE),44.17736,0.61655,Crépuscule ou aube,Hors agglomération,Hors intersection,Pluie légère,Trois véhicules et plus - en chaîne,2,2,2,0,1,1,2,0,1,70,4,4,3,0,0,1,,58.0,voiture,voiture,2,1,1,2,4
202200026500,2022-07-21 12:15:00,2022,7,21,12,15,94,94034,DIVISION LECLERC - CAR DE LA DEPORTATION,48.76094,2.31875,Plein jour,En agglomération,Hors intersection,Normale,Deux véhicules - côté,3,3,2,0,1,2,1,5,1,50,2,2,1,0,0,1,22.0,32.0,voiture,deux_roues,1,2,1,1,3
202200026501,2022-05-21 00:40:00,2022,5,21,0,40,69,69297,Autoroute 7,45.60757,4.80266,Nuit sans éclairage public,Hors agglomération,Hors intersection,Normale,Trois véhicules et plus - collisions multiples,1,3,6,0,1,1,1,0,1,110,3,7,6,0,0,1,22.0,26.0,utilitaire_camion,voiture,3,1,1,1,5
202200026502,2022-07-22 08:00:00,2022,7,22,8,0,94,94077,Avenue de la République,48.73108,2.42258,Plein jour,En agglomération,Hors intersection,Normale,Sans collision,3,2,2,0,1,1,1,0,1,50,1,1,0,0,0,1,21.0,,voiture,,1,2,1,1,7