accident_id,datetime,annee,mois,jour,heure,minute,departement,commune_insee,adresse,latitude,longitude,luminosite,agglomeration,intersection,meteo,collision,catr,circ,nbv,vosp,prof,plan,surf,infra,situ,vma,nb_vehicules,nb_usagers,nb_indemnes,nb_tues,nb_blesses_hosp,nb_blesses_legers,age_cond_1,age_cond_2,veh_type_cond_1,veh_type_cond_2,lum_code,agg_code,int_code,atm_code,col_code
202200026503,2022-12-14 05:17:00,2022,12,14,5,17,47,47001,LIBERTE (BOULEVARD DE LA),44.1954,0.61698,Nuit avec éclairage allumé,En agglomération,Intersection en X,Temps couvert,Deux véhicules - côté,3,2,2,0,1,1,2,0,1,50,2,4,1,0,0,3,25.0,30.0,voiture,utilitaire_camion,5,2,2,8,3
202200026504,2022-05-21 16:55:00,2022,5,21,16,55,42,42186,A47,45.5220777777,4.5948272198,Plein jour,Hors agglomération,Autre intersection,Normale,Trois véhicules et plus - en chaîne,1,2,4,0,4,3,1,0,1,90,3,5,1,0,0,4,45.0,43.0,voiture,voiture,1,1,9,1,4
202200026505,2022-07-22 02:10:00,2022,7,22,2,10,94,94017,Avenue du Général de Gaulle / Rue Eugène Pottier,48.8252304927,2.5016453862,Nuit avec éclairage allumé,En agglomération,Intersection en T,Normale,Deux véhicules - arrière,3,3,4,0,1,1,1,0,1,50,2,3,1,0,0,2,,24.0,voiture,deux_roues,5,2,3,1,2
202200026506,2022-12-14 14:00:00,2022,12,14,14,0,44,44184,Boulevard Georges Charpak,47.26148,-2.26192,Plein jour,En agglomération,Hors intersection,Temps couvert,Autre collision,3,1,0,0,1,1,2,0,1,50,1,3,2,0,1,0,61.0,,utilitaire_camion,,1,2,1,8,6
202200026507,2022-05-21 17:35:00,2022,5,21,17,35,93,93029,AUTOROUTE A86,48.9260987893,2.4224459051,Plein jour,Hors agglomération,Hors intersection,Autre,Deux véhicules - arrière,1,3,8,0,1,1,1,1,1,90,2,2,1,0,0,1,38.0,42.0,voiture,voiture,1,1,1,9,2
202200026508,2022-07-22 13:40:00,2022,7,22,13,40,93,93071,Route des Petits Ponts,48.949542,2.520697,Plein jour,En agglomération,Hors intersection,Normale,Deux véhicules - arrière,3,3,4,0,1,1,1,0,1,70,2,2,1,0,0,1,74.0,45.0,utilitaire_camion,transport_commun,1,2,1,1,2
202200026509,2022-12-13 14:30:00,2022,12,13,14,30,43,43157,RN 88,45.04139,3.90919,Plein jour,En agglomération,Hors intersection,Normale,Sans collision,2,3,4,0,2,2,2,0,1,90,1,1,0,0,1,0,39.0,,utilitaire_camion,,1,2,1,1,7
202200026510,2022-05-22 07:20:00,2022,5,22,7,20,95,95277,A104,48.973367,2.485514,Plein jour,Hors agglomération,Hors intersection,Normale,Deux véhicules - arrière,1,1,2,0,1,2,1,0,1,50,2,4,0,0,0,4,30.0,59.0,voiture,voiture,1,1,1,1,2
202200026511,2022-07-21 22:30:00,2022,7,21,22,30,93,93005,Boulevard Kennedy / Chemin de Savigny,48.94619,2.51542,Nuit avec éclairage allumé,En agglomération,Intersection en T,Normale,Deux véhicules - arrière,3,2,2,0,1,1,1,0,1,50,2,2,1,0,0,1,22.0,33.0,deux_roues,voiture,5,2,3,1,2
202200026512,2022-12-14 19:20:00,2022,12,14,19,20,33,33063,Rue Général de Larminat,44.83343,-0.59484,Nuit avec éclairage allumé,En agglomération,Intersection en X,Normale,Autre collision,4,3,4,1,1,1,2,5,1,50,1,2,0,0,1,1,53.0,,deux_roues,,5,2,2,1,6
202200026513,2022-07-21 21:17:00,2022,7,21,21,17,93,93066,Boulevard de la Libération,48.9283563364,2.3412154913,Nuit avec éclairage allumé,En agglomération,Hors intersection,Normale,Autre collision,3,2,4,0,1,1,1,0,1,50,1,1,0,0,0,1,27.0,,voiture,,5,2,1,1,6
202200026514,2022-12-14 11:10:00,2022,12,14,11,10,33,33063,Rue Antoine Bourdelle,44.8255655457,-0.598577857,Plein jour,En agglomération,Hors intersection,Temps couvert,Deux véhicules - côté,4,-1,4,3,3,3,2,-1,1,50,2,2,1,0,0,1,19.0,58.0,deux_roues,transport_commun,1,2,1,8,3
202200026515,2022-05-21 15:02:00,2022,5,21,15,2,95,95018,A15,48.9597876251,2.2717130184,Plein jour,Hors agglomération,Hors intersection,Normale,Trois véhicules et plus - en chaîne,1,3,8,0,1,1,1,0,1,110,3,6,3,0,0,3,35.0,43.0,voiture,voiture,1,1,1,1,4
202200026516,2022-07-22 09:10:00,2022,7,22,9,10,93,93051,Rue du Centre / Rue de la Closerie,48.83844,2.54717,Plein jour,En agglomération,Intersection en T,Normale,Autre collision,4,1,3,0,1,1,1,0,1,50,1,1,0,0,1,0,69.0,,utilitaire_camion,,1,2,3,1,6
202200026517,2022-05-22 04:20:00,2022,5,22,4,20,77,77438,A104,48.860315,2.666607,Nuit sans éclairage public,Hors agglomération,Hors intersection,Normale,Sans collision,1,-1, -1,0,2,1,1,0,1,90,1,1,0,0,0,1,18.0,,deux_roues,,3,1,1,1,7
202200026518,2022-12-13 19:10:00,2022,12,13,19,10,29,29039,RD 783,47.874244,-3.898345,Nuit sans éclairage public,Hors agglomération,Intersection en X,Pluie légère,Autre collision,3,2,2,0,1,1,2,6,8,50,1,2,0,0,1,1,51.0,,voiture,,3,1,2,2,6
202200026519,2022-07-22 07:50:00,2022,7,22,7,50,93,93005,Avenue Suzanne Lenglen / Rue Calmette et Guerin,48.951318,2.513782,Plein jour,En agglomération,Intersection en T,Normale,Deux véhicules - côté,3,2,2,0,1,1,1,0,1,50,2,2,0,0,0,2,33.0,23.0,voiture,voiture,1,2,3,1,3
202200026520,2022-12-14 12:55:00,2022,12,14,12,55,27,27229,QUATORZE JUILLET (BOULEVARD),49.00244,1.157794,Plein jour,En agglomération,Hors intersection,Autre,Autre collision,4,2,2,0,1,1,7,0,4,50,1,2,0,0,0,2,20.0,,voiture,,1,2,1,9,6
202200026521,2022-07-22 09:35:00,2022,7,22,9,35,92,92078,MOULIN CAGE (QUAI),48.9267311931,2.3318733573,Plein jour,En agglomération,Hors intersection,Normale,Sans collision,3,1,2,0,1,3,1,0,1,50,1,1,0,0,0,1,51.0,,deux_roues,,1,2,1,1,7
202200026522,2022-05-22 01:30:00,2022,5,22,1,30,94,94028,A86 INT,48.79748,2.44388,Nuit sans éclairage public,Hors agglomération,Hors intersection,Normale,Autre collision,1,1,4,0,1,1,1,0,1,90,3,4,2,0,0,2,43.0,26.0,voiture,voiture,3,1,1,1,6
202200026523,2022-12-14 07:25:00,2022,12,14,7,25,13,13213,CROIX ROUGE (AVENUE),43.33165,5.43403,Plein jour,En agglomération,Hors intersection,Pluie légère,Deux véhicules - arrière,3,2,2,0,1,1,2,0,1,50,2,2,1,0,0,1,46.0,38.0,voiture,deux_roues,1,2,1,2,2
202200026524,2022-12-13 18:12:00,2022,12,13,18,12,10,10387,GAMBETTA (RUE),48.2912,4.0933,Nuit avec éclairage allumé,En agglomération,Hors intersection,Normale,Autre collision,4,2,4,0,1,1,1,0,1,50,1,2,1,0,0,1,19.0,,voiture,,5,2,1,1,6
202200026525,2022-07-22 18:50:00,2022,7,22,18,50,92,92026,MARECHAL JOFFRE (QUAI DU),48.89745,2.26652,Plein jour,Hors agglomération,Hors intersection,Temps couvert,Deux véhicules - arrière,3,1,2,0,1,1,1,0,1,70,2,2,1,0,0,1,33.0,38.0,deux_roues,voiture,1,1,1,8,2
202200026526,2022-05-21 22:00:00,2022,5,21,22,0,94,94018,A4,48.8179097928,2.4115495449,Nuit sans éclairage public,Hors agglomération,Hors intersection,Normale,Trois véhicules et plus - en chaîne,1,1,5,0,1,1,1,0,1,90,3,9,1,0,0,8,38.0,38.0,voiture,voiture,3,1,1,1,4
202200026527,2022-12-13 13:43:00,2022,12,13,13,43,10,10387,SENARDES (RUE DES),48.2912,4.0933,Plein jour,En agglomération,Hors intersection,Normale,Autre collision,4,2,2,0,1,1,1,0,1,50,1,2,1,0,0,1,44.0,,voiture,,1,2,1,1,6
202200026528,2022-05-21 16:00:00,2022,5,21,16,0,94,94069,A4,48.8172046066,2.428517825,Plein jour,Hors agglomération,Hors intersection,Normale,Deux véhicules - arrière,1,-1,4,0,1,1,1,0,1,90,2,3,2,0,0,1,22.0,25.0,voiture,voiture,1,1,1,1,2
202200026529,2022-07-22 18:35:00,2022,7,22,18,35,92,92025,HENRI BARBUSSE (AV),48.9179610802,2.2526926696,Plein jour,En agglomération,Autre intersection,Normale,Deux véhicules - côté,3,3,2,1,1,1,1,0,5,30,2,2,1,0,0,1,31.0,42.0,deux_roues,utilitaire_camion,1,2,9,1,3
202200026530,2022-12-13 12:20:00,2022,12,13,12,20,10,10081,JEAN MOULIN (RUE),48.30872,4.03637,Plein jour,En agglomération,Hors intersection,Temps éblouissant,Autre collision,4,3,2,0,1,1,1,0,1,30,1,2,1,0,0,1,26.0,,voiture,,1,2,1,7,6
202200026531,2022-05-06 14:40:00,2022,5,6,14,40,93,93051,A4,48.8354,2.5678,Plein jour,Hors agglomération,Hors intersection,Normale,Autre collision,1,3,1,0,2,1,1,3,1,110,2,2,1,0,0,1,70.0,44.0,deux_roues,voiture,1,1,1,1,6
202200026532,2022-12-14 17:25:00,2022,12,14,17,25,04,04070,THIERS (BD),44.09071,6.2329,Nuit avec éclairage allumé,En agglomération,Hors intersection,Normale,Autre collision,3,2,2,0,1,1,1,0,1,50,1,2,1,0,0,1,44.0,,voiture,,5,2,1,1,6
202200026533,2022-07-22 08:45:00,2022,7,22,8,45,39,39097,4 Avenue Jean Jaurès,46.739408,5.916358,Plein jour,En agglomération,Hors intersection,Normale,Autre collision,3,2,2,0,1,1,1,0,1,50,1,2,1,0,1,0,84.0,,voiture,,1,2,1,1,6
202200026534,2022-12-14 00:30:00,2022,12,14,0,30,75,75118,BOULEVARD PERIPHERIQUE EXTERIEUR NORD  ,48.900881,2.335805,Nuit avec éclairage allumé,En agglomération,Hors intersection,Normale,Deux véhicules - arrière,4,1,3,0,1,1,1,0,1,70,2,3,2,0,1,0,37.0,46.0,deux_roues,voiture,5,2,1,1,2
202200026535,2022-04-17 17:35:00,2022,4,17,17,35,44,44131,La Cossonière,47.111746,-2.013347,Plein jour,Hors agglomération,Hors intersection,Temps éblouissant,Deux véhicules - arrière,3,3,2,0,1,1,1,0,1,-1,2,4,1,0,1,2,58.0,31.0,voiture,voiture,1,1,1,7,2
202200026536,2022-12-13 16:09:00,2022,12,13,16,9,75,75116,ROUTE DE SURESNES,48.865037,2.23433,Crépuscule ou aube,En agglomération,Intersection en X,Normale,Trois véhicules et plus - collisions multiples,4,2,4,0,1,1,1,0,1,30,3,6,2,0,2,2,37.0,46.0,voiture,deux_roues,2,2,2,1,5
202200026537,2022-07-22 19:45:00,2022,7,22,19,45,47,47256,Peloubet Est,44.648834,0.823626,Plein jour,Hors agglomération,Intersection en Y,Normale,Deux véhicules - côté,3,2,2,0,2,1,1,0,1,80,2,2,0,0,1,1,83.0,25.0,voiture,voiture,1,1,4,1,3
202200026538,2022-04-19 20:16:00,2022,4,19,20,16,01,01098,Mairie de Pugieu (Hôtel de ville),45.821099,5.639988,Crépuscule ou aube,Hors agglomération,Intersection en Y,Normale,Deux véhicules - côté,3,2,2,0,1,1,1,5,1,80,2,6,0,0,0,6,23.0,70.0,voiture,voiture,2,1,4,1,3
202200026539,2022-12-14 12:10:00,2022,12,14,12,10,75,75120,RUE LE VAU,48.867875,2.4103,Plein jour,En agglomération,Intersection en T,Neige / grêle,Autre collision,4,1,1,0,1,1,2,0,1,30,1,2,1,0,0,1,48.0,,voiture,,1,2,3,4,6
202200026540,2022-04-20 15:00:00,2022,4,20,15,0,26,26105,1055 la cavalière,44.450724,5.370748,Plein jour,Hors agglomération,Hors intersection,Normale,Deux véhicules - frontale,3,2,2,0,2,3,1,0,1,-1,2,2,1,0,1,0,29.0,83.0,utilitaire_camion,utilitaire_camion,1,1,1,1,1
202200026541,2022-12-14 17:40:00,2022,12,14,17,40,75,75117,PLACE DU MARECHAL JUIN,48.885394,2.297257,Nuit avec éclairage allumé,En agglomération,Place,Normale,Deux véhicules - arrière,4,1,4,0,1,2,1,5,1,30,2,2,1,0,0,1,26.0,28.0,voiture,deux_roues,5,2,7,1,2
202200026542,2022-07-17 12:24:00,2022,7,17,12,24,01,01325,D22,45.960973,5.149675,Plein jour,Hors agglomération,Intersection en Y,Normale,Deux véhicules - côté,3,2,1,0,2,1,1,0,1,80,2,2,1,0,1,0,61.0,24.0,deux_roues,voiture,1,1,4,1,3
202200026543,2022-04-20 13:10:00,2022,4,20,13,10,06,06069,CANNES (ROUTE DE)  -RD 6085-,43.638991,6.949907,Plein jour,En agglomération,Hors intersection,Pluie légère,Autre collision,4,2,2,0,1,1,2,0,1,50,1,2,0,0,0,2,57.0,,deux_roues,,1,2,1,2,6
202200026544,2022-12-14 02:00:00,2022,12,14,2,0,75,75117,RUE GUSTAVE CHARPENTIER,48.880929,2.281294,Nuit avec éclairage allumé,En agglomération,Intersection en T,Normale,Autre collision,4,1,1,0,1,1,1,0,1,30,1,1,0,0,0,1,32.0,,deux_roues,,5,2,3,1,6
202200026545,2022-04-17 21:00:00,2022,4,17,21,0,54,54113,6 Rue Saint-Barthélémy,48.740821,6.343067,Plein jour,En agglomération,Hors intersection,Normale,Autre collision,3,2,2,0,1,1,1,6,4,50,1,2,0,0,0,2,44.0,,voiture,,1,2,1,1,6
202200026546,2022-12-13 11:05:00,2022,12,13,11,5,75,75114,AVENUE DU MAINE,48.832592,2.325009,Plein jour,En agglomération,Intersection en X,Normale,Deux véhicules - côté,4,2,5,0,1,1,1,0,1,30,2,2,1,0,0,1,32.0,16.0,deux_roues,deux_roues,1,2,2,1,3
202200026547,2022-04-17 19:40:00,2022,4,17,19,40,91,91577,Sentier des Chèvres,48.605589,2.496607,Plein jour,En agglomération,Hors intersection,Normale,Deux véhicules - côté,4,2,2,0,2,1,1,0,1,50,2,2,1,0,1,0,20.0,40.0,voiture,deux_roues,1,2,1,1,3
202200026548,2022-12-13 10:55:00,2022,12,13,10,55,75,75114,BOULEVARD EDGAR QUINET,48.837829,2.32812,Plein jour,En agglomération,Hors intersection,Normale,Autre collision,6,-1, -1,0,1,1,1,0,6,20,1,3,2,0,0,1,64.0,,utilitaire_camion,,1,2,1,1,6
202200026549,2022-04-18 12:00:00,2022,4,18,12,0,39,39526,7 Rue Léon Blum,47.039403,5.407257,Plein jour,En agglomération,Hors intersection,Normale,Autre collision,6,-1, -1,0,1,1,1,0,1,50,2,2,1,0,1,0,31.0,,voiture,,1,2,1,1,6
202200026550,2022-12-14 00:20:00,2022,12,14,0,20,75,75110,RUE LA FAYETTE,48.879314,2.357103,Nuit avec éclairage allumé,En agglomération,Intersection en X,Normale,Deux véhicules - côté,4,2,2,0,1,1,1,0,1,30,2,3,2,0,0,1,46.0,26.0,voiture,voiture,5,2,2,1,3
202200026551,2022-12-14 02:00:00,2022,12,14,2,0,75,75108,PLACE CHARLES DE GAULLE,48.873525,2.295854,Nuit avec éclairage allumé,En agglomération,Place,Normale,Deux véhicules - côté,4,1,0,0,1,3,1,5,1,30,2,2,1,0,0,1,31.0,24.0,deux_roues,voiture,5,2,7,1,3
202200026552,2022-04-18 19:30:00,2022,4,18,19,30,88,88313,Route départementale 6,48.3391,6.423719,Plein jour,Hors agglomération,Hors intersection,Normale,Autre collision,3,2,2,0,1,2,1,0,3,90,1,1,0,0,1,0,48.0,,deux_roues,,1,1,1,1,6
202200026553,2022-07-23 00:25:00,2022,7,23,0,25,66,66190,,42.835096,2.909766,Nuit sans éclairage public,Hors agglomération,Hors intersection,Normale,Trois véhicules et plus - en chaîne,1,3,3,0,1,1,1,0,1,130,6,21,14,0,0,7,49.0,48.0,voiture,voiture,3,1,1,1,4
202200026554,2022-04-18 15:25:00,2022,4,18,15,25,67,67261,départementale 3,48.970935,8.172176,Plein jour,Hors agglomération,Intersection en X,Normale,Deux véhicules - frontale,3,2,2,0,1,1,1,0,1,70,2,2,1,0,1,0,45.0,48.0,voiture,deux_roues,1,1,2,1,1
202200026555,2022-12-13 19:30:00,2022,12,13,19,30,75,75107,QUAI D ORSAY,48.862878,2.316901,Nuit avec éclairage allumé,En agglomération,Hors intersection,Normale,Deux véhicules - arrière,4,2,1,1,1,1,1,0,5,30,2,2,1,0,0,1,23.0,,deux_roues,deux_roues,5,2,1,1,2
202200026556,2022-05-21 20:00:00,2022,5,21,20,0,974,97416,EGLISE(RUE DE L'),-21.28901,55.47234,Nuit avec éclairage allumé,En agglomération,Hors intersection,Normale,Deux véhicules - côté,4,2,2,0,1,1,1,0,1,50,2,3,1,0,0,2,16.0,34.0,deux_roues,voiture,5,2,1,1,3
202200026557,2022-12-14 07:40:00,2022,12,14,7,40,94,94058,HUIT MAI 1945 (AV DU),48.85106,2.51052,Nuit avec éclairage allumé,En agglomération,Hors intersection,Neige / grêle,Deux véhicules - frontale,3,2,2,0,1,1,2,0,1,50,1,2,1,0,0,1,35.0,,voiture,,5,2,1,4,1
202200026558,2022-07-23 17:15:00,2022,7,23,17,15,45,45066,D39 PK 10 + 535,47.9427316589,2.5541579918,Plein jour,Hors agglomération,Intersection en X,Normale,Deux véhicules - frontale,3,2,2,0,1,1,1,0,1,80,2,5,1,0,3,1,53.0,25.0,voiture,voiture,1,1,2,1,1
202200026559,2022-05-21 16:00:00,2022,5,21,16,0,974,97411,NEUF (CHEMIN),-20.88505,55.42629,Plein jour,Hors agglomération,Hors intersection,Normale,Deux véhicules - frontale,4,2,2,0,1,2,1,0,1,50,2,3,2,0,0,1,66.0,20.0,utilitaire_camion,voiture,1,1,1,1,1
202200026560,2022-12-14 15:30:00,2022,12,14,15,30,94,94046,JOINVILLE (R DE),48.81046,2.45272,Plein jour,En agglomération,Intersection en X,Normale,Deux véhicules - côté,4,2,2,0,1,1,1,0,1,50,2,3,1,0,0,2,22.0,74.0,utilitaire_camion,voiture,1,2,2,1,3
202200026561,2022-07-22 16:00:00,2022,7,22,16,0,988,98810,TRINIP,-20.77023,164.45458,Plein jour,Hors agglomération,Hors intersection,Normale,Deux véhicules - frontale,2,2,2,0,1,1,1,0,1,110,2,3,2,1,0,0,25.0,21.0,utilitaire_camion,voiture,1,1,1,1,1
202200026562,2022-12-14 18:15:00,2022,12,14,18,15,94,94041,JEAN JACQUES ROUSSEAU (R),48.81676,2.39532,Crépuscule ou aube,En agglomération,Intersection en X,Normale,Deux véhicules - frontale,3,2, -1,0,1,1,1,5,1,30,1,2,1,0,0,1,23.0,,voiture,,2,2,2,1,1
202200026563,2022-05-21 18:30:00,2022,5,21,18,30,69,69199,Boulevard Yves Farge,45.7009,4.85597,Plein jour,En agglomération,Giratoire,Normale,Autre collision,7,2,3,2,2,2,1,9,1,50,1,2,1,0,1,0,19.0,,voiture,,1,2,6,1,6
202200026564,2022-12-14 17:40:00,2022,12,14,17,40,94,94041,MARAT (R),48.80774,2.38898,Nuit avec éclairage allumé,En agglomération,Hors intersection,Normale,Autre collision,4,1,1,0,1,3,1,0,1,30,1,2,1,0,0,1,29.0,,voiture,,5,2,1,1,6
202200026565,2022-07-22 17:50:00,2022,7,22,17,50,88,88181,Rue du Docteur Durand,48.177272,7.009299,Plein jour,En agglomération,Hors intersection,Normale,Deux véhicules - frontale,3,2,2,0,1,1,1,0,1,50,1,2,1,0,0,1,77.0,,voiture,,1,2,1,1,1
202200026566,2022-05-21 04:40:00,2022,5,21,4,40,972,97213,RD 29 MORNE PITAULT,14.61975,-60.96315,Nuit avec éclairage allumé,En agglomération,Intersection en Y,Normale,Autre collision,2,2,2,0,2,4,1,5,3,50,1,2,0,0,0,2,76.0,,voiture,,5,2,4,1,6
202200026567,2022-12-14 21:30:00,2022,12,14,21,30,94,94065,BOULEVARD CIRCULAIRE ( M.I.N.),48.75398,2.35566,Nuit avec éclairage allumé,Hors agglomération,Hors intersection,Normale,,2,1,2,0,1,1,2,0,1,70,1,1,0,0,0,1,27.0,,voiture,,5,1,1,1,-1
202200026568,2022-07-23 11:00:00,2022,7,23,11,0,35,35125,Faubourg de Nantes,47.9357192461,-1.2321303785,Plein jour,En agglomération,Giratoire,Temps éblouissant,Autre collision,4,2,2,1,1,1,1,0,1,50,1,2,1,0,1,0,48.0,,voiture,,1,2,6,7,6
202200026569,2022-12-13 22:15:00,2022,12,13,22,15,94,94028,COMPAGNONS DE LA LIBERATION(AVE DES),48.77781,2.46045,Nuit avec éclairage allumé,En agglomération,Hors intersection,Temps couvert,Deux véhicules - arrière,4,1,2,0,2,1,1,0,1,50,2,2,1,0,1,0,45.0,35.0,deux_roues,voiture,5,2,1,8,2
202200026570,2022-05-20 04:00:00,2022,5,20,4,0,69,69382,Quai Perrache,45.73462,4.81906,Nuit avec éclairage allumé,Hors agglomération,Hors intersection,Normale,Deux véhicules - côté,4,1,1,0,1,1,1,0,1,50,2,4,3,0,1,0,,,voiture,voiture,5,1,1,1,3
202200026571,2022-12-14 19:30:00,2022,12,14,19,30,94,94075,LIEUTENANT DAGORNO (R DU),48.72169,2.53365,Nuit avec éclairage allumé,En agglomération,Hors intersection,Normale,Autre collision,3,1,2,0,1,1,1,0,1,50,1,2,1,0,0,1,45.0,,voiture,,5,2,1,1,6
202200026572,2022-07-23 10:40:00,2022,7,23,10,40,54,54103,2 rue de l'eglise,49.131417177,5.9156012516,Plein jour,En agglomération,Intersection en T,Normale,Deux véhicules - frontale,3,2,2,0,2,4,1,0,1,50,2,2,1,0,1,0,49.0,39.0,deux_roues,utilitaire_camion,1,2,3,1,1
202200026573,2022-12-13 22:30:00,2022,12,13,22,30,94,94011,SEMARD(RUE PIERRE),48.7621,2.47666,Nuit sans éclairage public,En agglomération,Autre intersection,Normale,Deux véhicules - frontale,3,2,2,0,1,1,1,0,1,50,1,1,0,0,0,1,36.0,,voiture,,3,2,9,1,1
202200026574,2022-05-21 06:41:00,2022,5,21,6,41,971,97101,PATRICK SAINT ELOI ( AVENUE ),16.25003,-61.52925,Plein jour,En agglomération,Giratoire,Normale,Deux véhicules - côté,2,1,3,0,1,1,1,5,1,50,2,3,1,0,0,2,70.0,25.0,voiture,voiture,1,2,6,1,3
202200026575,2022-12-13 13:00:00,2022,12,13,13,0,93,93066,Rue Max Jacob / Passage Fructidor,48.94448,2.35337,Plein jour,En agglomération,Intersection en T,Normale,Deux véhicules - arrière,4,2,2,0,1,1,1,0,1,50,2,2,1,0,0,1,34.0,,voiture,voiture,1,2,3,1,2
202200026576,2022-05-20 08:55:00,2022,5,20,8,55,971,97105,Avenue des Pères Dominicains,16.00763,-61.73989,Plein jour,En agglomération,Intersection en T,Normale,Deux véhicules - côté,2,2,2,0,1,1,1,0,1,50,2,3,2,0,0,1,56.0,51.0,utilitaire_camion,voiture,1,2,3,1,3
202200026577,2022-12-13 18:15:00,2022,12,13,18,15,93,93051,Route de Villiers,48.84482,2.54911,Nuit avec éclairage allumé,En agglomération,Hors intersection,Normale,Deux véhicules - côté,4,2,2,0,1,1,1,0,1,30,2,2,0,0,0,2,17.0,45.0,deux_roues,deux_roues,5,2,1,1,3
202200026578,2022-07-22 18:30:00,2022,7,22,18,30,83,83049,Route Departementale 97,43.244226,6.095492,Plein jour,Hors agglomération,Hors intersection,Normale,Deux véhicules - arrière,3,2,2,0,2,1,1,0,1,70,2,2,1,0,1,0,57.0,37.0,deux_roues,voiture,1,1,1,1,2
202200026579,2022-12-13 23:05:00,2022,12,13,23,5,93,93048,184 Rue Pierre Curie,48.8601763104,2.479767346,Nuit avec éclairage allumé,En agglomération,Hors intersection,Normale,Autre collision,4,1,1,0,2,1,1,9,1,30,1,2,0,0,0,2,33.0,,voiture,,5,2,1,1,6
202200026580,2022-05-21 16:30:00,2022,5,21,16,30,95,95680,D 316C3,49.00157,2.38471,Plein jour,En agglomération,Intersection en X,Normale,Deux véhicules - côté,3,1,1,0,1,1,1,0,1,50,2,4,3,0,0,1,58.0,28.0,deux_roues,utilitaire_camion,1,2,2,1,3
202200026581,2022-12-14 19:40:00,2022,12,14,19,40,93,93005,Rue Paul Cézanne / Chemin de Roissy En France,48.95245,2.49057,Nuit avec éclairage allumé,En agglomération,Intersection en X,Normale,Deux véhicules - frontale,3,1,2,0,1,1,1,0,1,50,2,2,1,0,0,1,22.0,26.0,voiture,deux_roues,5,2,2,1,1
202200026582,2022-05-20 12:10:00,2022,5,20,12,10,95,95277,RD317,48.98128,2.46775,Plein jour,Hors agglomération,Hors intersection,Normale,Deux véhicules - arrière,3,3,4,0,2,1,1,0,1,90,2,2,1,0,0,1,60.0,25.0,utilitaire_camion,utilitaire_camion,1,1,1,1,2
202200026583,2022-07-23 09:15:00,2022,7,23,9,15,83,83019,Route de Bénat,43.135199,6.351299,Plein jour,En agglomération,Hors intersection,Normale,Deux véhicules - frontale,3,2,2,1,1,1,1,6,1,50,2,3,1,0,1,1,64.0,58.0,deux_roues,voiture,1,2,1,1,1
202200026584,2022-12-14 19:40:00,2022,12,14,19,40,92,92073,WORTH (RUE),48.868206,2.219996,Nuit avec éclairage allumé,En agglomération,Intersection en T,Normale,Autre collision,4,1,1,0,1,1,1,0,1,50,1,2,1,0,0,1,50.0,,voiture,,5,2,3,1,6
202200026585,2022-05-19 19:35:00,2022,5,19,19,35,91,91657,AV DE LA CONCORDE,48.70779,2.41621,Plein jour,En agglomération,Hors intersection,Normale,Autre collision,4,2,2,0,1,1,1,0,1,50,1,2,1,0,0,1,24.0,,voiture,,1,2,1,1,6
202200026586,2022-12-14 14:40:00,2022,12,14,14,40,92,92040,STALINGRAD (QUAI DE),48.822821,2.253445,Plein jour,En agglomération,Hors intersection,Temps couvert,Deux véhicules - arrière,4,2,4,0,1,1,1,0,1,50,2,2,1,0,0,1,19.0,83.0,deux_roues,voiture,1,2,1,8,2
202200026587,2022-05-21 21:00:00,2022,5,21,21,0,91,91027,RUE DE L'EPINETTE,48.703688,2.361092,Plein jour,En agglomération,Hors intersection,Normale,Deux véhicules - frontale,4,2,2,0,1,1,1,9,1,50,2,2,1,0,0,1,22.0,59.0,deux_roues,voiture,1,2,1,1,1
202200026588,2022-12-14 17:00:00,2022,12,14,17,0,54,54597,D904,48.448774216,6.1447262765,Nuit sans éclairage public,Hors agglomération,Hors intersection,Neige / grêle,Autre collision,3,2,2,0,1,1,5,0,3,80,1,1,0,0,1,0,22.0,,voiture,,3,1,1,4,6
202200026589,2022-07-23 08:35:00,2022,7,23,8,35,57,57073,Autoroute A4 pk  369+200,49.138709,6.805022,Plein jour,Hors agglomération,Hors intersection,Normale,Deux véhicules - arrière,1,3,4,0,1,2,1,0,2,130,2,5,2,0,1,2,21.0,54.0,voiture,voiture,1,1,1,1,2
202200026590,2022-12-14 14:20:00,2022,12,14,14,20,54,54527,RD570,48.53936,6.25316,Plein jour,Hors agglomération,Hors intersection,Neige / grêle,Deux véhicules - frontale,3,2,2,0,3,2,5,2,1,70,2,2,1,0,1,0,22.0,55.0,utilitaire_camion,voiture,1,1,1,4,1
202200026591,2022-05-21 14:00:00,2022,5,21,14,0,79,79191,346 Avenue de Paris,46.33103,-0.43922,Plein jour,En agglomération,Hors intersection,Normale,Trois véhicules et plus - en chaîne,4,2,3,0,1,1,1,0,1,50,4,5,4,0,0,1,18.0,24.0,deux_roues,voiture,1,2,1,1,4
202200026592,2022-12-13 18:05:00,2022,12,13,18,5,10,10191,RD677,48.34601,4.102342,Nuit sans éclairage public,Hors agglomération,Hors intersection,Normale,Deux véhicules - côté,3,2,2,0,1,1,1,0,1,90,2,2,1,0,1,0,53.0,61.0,voiture,voiture,3,1,1,1,3
202200026593,2022-07-22 16:00:00,2022,7,22,16,0,35,35173,D82,48.2087070244,-1.6984981298,Plein jour,Hors agglomération,Intersection en X,Normale,Deux véhicules - frontale,3,2,2,0,3,1,1,0,1,80,2,2,1,0,0,1,45.0,87.0,deux_roues,voiture,1,1,2,1,1