accident_id,datetime,annee,mois,jour,heure,minute,departement,commune_insee,adresse,latitude,longitude,luminosite,agglomeration,intersection,meteo,collision,catr,circ,nbv,vosp,prof,plan,surf,infra,situ,vma,nb_vehicules,nb_usagers,nb_indemnes,nb_tues,nb_blesses_hosp,nb_blesses_legers,age_cond_1,age_cond_2,veh_type_cond_1,veh_type_cond_2,lum_code,agg_code,int_code,atm_code,col_code
202200026687,2022-07-21 14:40:00,2022,7,21,14,40,21,21023,Rue de Paris,47.13633,4.484954,Plein jour,En agglomération,Intersection en T,Normale,Deux véhicules - côté,3,2,3,0,4,2,1,5,1,50,2,2,1,0,0,1,44.0,40.0,voiture,utilitaire_camion,1,2,3,1,3
202200026688,2022-05-20 17:05:00,2022,5,20,17,5,06,06104,AZUR (AVENUE DE LA COTE D'),43.763278,7.454417,Plein jour,En agglomération,Hors intersection,Normale,Autre collision,3,2,2,0,1,4,1,9,1,50,2,5,0,0,1,4,55.0,65.0,voiture,voiture,1,2,1,1,6
202200026689,2022-12-14 07:45:00,2022,12,14,7,45,33,33309,Route de Lesparre,45.306501,-0.857572,Nuit avec éclairage allumé,En agglomération,Hors intersection,Normale,Deux véhicules - côté,3,2,2,0,1,1,2,0,1,50,2,3,2,0,1,0,47.0,35.0,utilitaire_camion,voiture,5,2,1,1,3
202200026690,2022-05-20 17:00:00,2022,5,20,17,0,06,06029,LORRAINE (BOULEVARD DE),43.55234,7.02905,Plein jour,En agglomération,Hors intersection,Normale,Deux véhicules - côté,4,2,5,0,1,1,1,0,1,50,2,2,1,0,0,1,41.0,20.0,deux_roues,voiture,1,2,1,1,3
202200026691,2022-07-16 20:15:00,2022,7,16,20,15,40,40328,Avenue du Junka,43.78697,-1.404737,Plein jour,En agglomération,Intersection en T,Temps éblouissant,Deux véhicules - frontale,4,2,2,0,1,1,1,0,1,30,2,3,1,0,2,0,48.0,15.0,voiture,deux_roues,1,2,3,7,1
202200026692,2022-12-12 07:25:00,2022,12,12,7,25,49,49298,Cour du Rocher,47.45952,-0.709417,Nuit sans éclairage public,En agglomération,Intersection en T,Brouillard / fumée,Autre collision,3,2,2,0,1,1,2,9,1,50,1,2,1,0,1,0,52.0,,voiture,,3,2,3,5,6
202200026693,2022-05-21 16:47:00,2022,5,21,16,47,75,75112,BD PERIPHERIQUE INTERIEUR,48.833191,2.406946,Plein jour,En agglomération,Hors intersection,Normale,Trois véhicules et plus - en chaîne,4,1,4,0,1,1,1,0,1,70,3,3,2,0,0,1,23.0,31.0,voiture,deux_roues,1,2,1,1,4
202200026694,2022-11-12 17:55:00,2022,11,12,17,55,29,29120,Route de Botsand,48.268817,-4.424759,Crépuscule ou aube,Hors agglomération,Hors intersection,Normale,Sans collision,4,2,2,0,1,1,1,0,1,80,1,2,0,0,0,2,14.0,,deux_roues,,2,1,1,1,7
202200026695,2022-07-22 19:30:00,2022,7,22,19,30,85,85273,200 Route de Taizan,46.88597,-1.98283,Plein jour,Hors agglomération,Hors intersection,Normale,Sans collision,3,2,2,0,1,1,1,0,3,80,1,1,0,0,1,0,60.0,,voiture,,1,1,1,1,7
202200026696,2022-05-20 18:45:00,2022,5,20,18,45,75,75120,BD PERIPHERIQUE INTERIEUR,48.8564575738,2.4138714373,Plein jour,En agglomération,Intersection en Y,Normale,Deux véhicules - côté,4,1,4,0,1,1,1,0,1,70,2,2,1,0,0,1,,49.0,voiture,deux_roues,1,2,4,1,3
202200026697,2022-12-14 18:00:00,2022,12,14,18,0,29,29046,Rue Lamennais,48.089554,-4.329954,Nuit avec éclairage allumé,En agglomération,Intersection en T,Normale,Autre collision,4,2,2,0,4,1,1,0,1,50,1,2,1,0,1,0,51.0,,voiture,,5,2,3,1,6
202200026698,2022-07-23 09:45:00,2022,7,23,9,45,27,27243,Route de la Morelle,49.397401,0.306995,Plein jour,Hors agglomération,Hors intersection,Normale,Deux véhicules - frontale,3,2,2,0,1,2,1,0,1,80,2,3,1,1,0,1,53.0,59.0,deux_roues,voiture,1,1,1,1,1
202200026699,2022-12-14 16:10:00,2022,12,14,16,10,59,59363,D934,50.223703,3.64252,Crépuscule ou aube,Hors agglomération,Hors intersection,Normale,Deux véhicules - frontale,3,2,2,0,1,1,1,0,1,80,2,3,2,0,1,0,19.0,60.0,voiture,deux_roues,2,1,1,1,1
202200026700,2022-05-20 14:20:00,2022,5,20,14,20,75,75114,BD PERIPHERIQUE EXTERIEUR,48.8202582268,2.3244251311,Plein jour,En agglomération,Hors intersection,Normale,Trois véhicules et plus - en chaîne,4,1,3,0,1,1,1,0,1,70,3,3,2,0,0,1,39.0,43.0,deux_roues,voiture,1,2,1,1,4
202200026701,2022-12-15 08:25:00,2022,12,15,8,25,59,59611,Rue de Messines,50.693522,2.982083,Crépuscule ou aube,Hors agglomération,Intersection en T,Normale,Deux véhicules - côté,7,2,2,0,1,1,7,0,1,70,2,2,1,0,0,1,18.0,35.0,deux_roues,voiture,2,1,3,1,3
202200026702,2022-05-21 16:30:00,2022,5,21,16,30,75,75112,RUE JOSEPH KESSEL,48.83372,2.3824485,Plein jour,En agglomération,Intersection en X,Normale,Deux véhicules - côté,4,2,3,1,1,1,1,-1,5,30,2,2,1,0,0,1,47.0,56.0,deux_roues,utilitaire_camion,1,2,2,1,3
202200026703,2022-07-23 07:40:00,2022,7,23,7,40,17,17337,route nationale,45.975813,-1.352611,Plein jour,En agglomération,Giratoire,Temps éblouissant,Deux véhicules - arrière,3,2,1,0,1,1,1,9,1,50,2,2,1,0,1,0,88.0,78.0,voiture,deux_roues,1,2,6,7,2
202200026704,2022-12-09 20:03:00,2022,12,9,20,3,54,54328,Autoroute A 330,48.62595,6.18379,Nuit sans éclairage public,Hors agglomération,Hors intersection,Normale,Autre collision,1,1,1,0,2,3,1,3,3,50,1,2,0,0,2,0,67.0,,voiture,,3,1,1,1,6
202200026705,2022-04-02 01:10:00,2022,4,2,1,10,17,17340,D911,46.075106,-0.784171,Nuit sans éclairage public,Hors agglomération,Hors intersection,Normale,Sans collision,3,2,2,0,1,1,1,0,8,80,1,1,0,0,1,0,28.0,,utilitaire_camion,,3,1,1,1,7
202200026706,2022-05-21 22:20:00,2022,5,21,22,20,75,75119,PLACE DU COLONEL FABIEN,48.8780270346,2.3706771433,Nuit avec éclairage allumé,En agglomération,Place,Normale,Autre collision,4,1,4,3,1,2,1,-1,4,30,1,2,1,0,0,1,,,deux_roues,,5,2,7,1,6
202200026707,2022-05-21 12:30:00,2022,5,21,12,30,75,75119,AVENUE SIMON BOLIVAR,48.8764164832,2.378552109,Plein jour,En agglomération,Hors intersection,Normale,Autre collision,4,2,2,0,2,1,1,0,1,30,1,2,1,0,0,1,49.0,,deux_roues,,1,2,1,1,6
202200026708,2022-12-14 10:20:00,2022,12,14,10,20,33,33039,ROCADE A 630,44.794,-0.5396,Plein jour,Hors agglomération,Hors intersection,Pluie légère,Deux véhicules - arrière,1,3,7,0,1,1,2,3,1,90,2,2,1,0,0,1,23.0,58.0,voiture,utilitaire_camion,1,1,1,2,2
202200026709,2022-07-20 15:50:00,2022,7,20,15,50,30,30186,80 Chemin des Soulans,43.791485,4.227306,Plein jour,En agglomération,Hors intersection,Normale,Deux véhicules - frontale,4,2,2,0,2,2,1,0,1,50,2,2,1,0,0,1,41.0,,deux_roues,autre,1,2,1,1,1
202200026710,2022-12-11 01:35:00,2022,12,11,1,35,59,59284,AUTOROUTE A23,50.41637,3.41263,Nuit sans éclairage public,Hors agglomération,Hors intersection,Normale,Autre collision,1,-1,4,0,1,1,1,0,1,130,2,3,2,0,1,0,49.0,26.0,voiture,voiture,3,1,1,1,6
202200026711,2022-12-14 06:44:00,2022,12,14,6,44,92,92036,RN315 Y,48.9299019086,2.3021194538,Nuit sans éclairage public,Hors agglomération,Hors intersection,Neige / grêle,Sans collision,2,1,1,0,1,3,2,0,2,70,1,1,0,0,0,1,30.0,,deux_roues,,3,1,1,4,7
202200026712,2022-12-13 13:10:00,2022,12,13,13,10,92,92048,N118,48.8018365085,2.2151025398,Plein jour,Hors agglomération,Hors intersection,Normale,Deux véhicules - arrière,2,1,2,0,1,1,1,0,1,90,2,2,1,0,0,1,25.0,35.0,utilitaire_camion,voiture,1,1,1,1,2
202200026713,2022-07-20 12:15:00,2022,7,20,12,15,88,88328,Route des Jumeaux,48.321325,6.846982,Plein jour,En agglomération,Intersection en X,Normale,Deux véhicules - côté,3,2,2,0,1,1,1,0,1,50,2,2,1,0,1,0,30.0,46.0,voiture,deux_roues,1,2,2,1,3
202200026714,2022-12-13 08:54:00,2022,12,13,8,54,92,92036,RN315 W,48.933340327,2.3021533533,Plein jour,Hors agglomération,Hors intersection,Autre,Trois véhicules et plus - en chaîne,2,1,2,3,1,1,1,1,2,70,3,3,1,0,0,2,33.0,34.0,deux_roues,voiture,1,1,1,9,4
202200026715,2022-07-22 17:00:00,2022,7,22,17,0,24,24331,Le Rauly,44.814724,0.441298,Plein jour,Hors agglomération,Hors intersection,Normale,Deux véhicules - frontale,3,2,2,0,1,2,1,0,1,70,2,4,1,0,2,1,18.0,35.0,voiture,voiture,1,1,1,1,1
202200026716,2022-12-13 14:30:00,2022,12,13,14,30,93,93007,AUTOROUTE A1,48.946740955,2.4424188267,Plein jour,Hors agglomération,Hors intersection,Normale,Deux véhicules - côté,1,3,8,0,1,1,1,1,1,110,2,2,1,0,0,1,32.0,35.0,voiture,utilitaire_camion,1,1,1,1,3
202200026717,2022-07-22 14:20:00,2022,7,22,14,20,13,13080,D15,43.659753,5.399523,Plein jour,Hors agglomération,Hors intersection,Temps éblouissant,Autre collision,3,2,2,0,2,3,1,0,3,80,1,1,0,0,1,0,65.0,,voiture,,1,1,1,7,6
202200026718,2022-12-13 06:30:00,2022,12,13,6,30,95,95641,A1,49.06881,2.55226,Nuit sans éclairage public,Hors agglomération,Hors intersection,Normale,Deux véhicules - arrière,1,3,8,0,1,1,1,0,1,110,2,2,1,0,0,1,55.0,49.0,utilitaire_camion,utilitaire_camion,3,1,1,1,2
202200026719,2022-07-23 02:15:00,2022,7,23,2,15,74,74010,Route de Sacconges,45.885251,6.109364,Nuit avec éclairage allumé,En agglomération,Hors intersection,Normale,Sans collision,3,3,2,0,2,1,1,0,1,30,1,1,0,0,1,0,52.0,,deux_roues,,5,2,1,1,7
202200026720,2022-12-13 07:00:00,2022,12,13,7,0,95,95572, A15,49.0289927251,2.1266824015,Nuit sans éclairage public,Hors agglomération,Hors intersection,Normale,Deux véhicules - arrière,1,3,8,0,1,3,1,0,1,90,2,2,1,0,0,1,39.0,23.0,voiture,deux_roues,3,1,1,1,2
202200026721,2022-12-13 06:30:00,2022,12,13,6,30,95,95580, A1,49.0831902377,2.5511554622,Nuit sans éclairage public,Hors agglomération,Hors intersection,Normale,Deux véhicules - côté,1,3,6,0,1,1,1,0,1,110,2,2,1,0,0,1,39.0,35.0,voiture,voiture,3,1,1,1,3
202200026722,2022-07-23 05:30:00,2022,7,23,5,30,67,67429,A35,48.386197,7.477741,Plein jour,Hors agglomération,Hors intersection,Normale,Deux véhicules - côté,1,1,2,0,1,1,1,0,1,-1,2,4,3,0,0,1,41.0,55.0,voiture,utilitaire_camion,1,1,1,1,3
202200026723,2022-12-13 23:20:00,2022,12,13,23,20,77,77449,A4,48.8323747506,2.7821201275,Nuit sans éclairage public,Hors agglomération,Hors intersection,Normale,Deux véhicules - arrière,1,3,2,0,1,1,1,5,1,50,2,2,1,0,0,1,36.0,40.0,voiture,voiture,3,1,1,1,2
202200026724,2022-07-23 08:40:00,2022,7,23,8,40,69,69027,Place du 8 Mai 1945,45.672305,4.753861,Plein jour,En agglomération,Hors intersection,Normale,Autre collision,4,1,1,2,1,1,1,0,1,30,1,2,1,0,1,0,42.0,,voiture,,1,2,1,1,6
202200026725,2022-06-13 17:25:00,2022,6,13,17,25,91,91174,RUE DE LA PAPETERIE,48.58605,2.47285,Plein jour,En agglomération,Intersection en T,Normale,Deux véhicules - arrière,4,2,2,0,1,1,1,0,1,50,2,2,1,0,0,1,18.0,36.0,deux_roues,voiture,1,2,3,1,2
202200026726,2022-07-23 08:15:00,2022,7,23,8,15,988,98804,CANALA - RPN3,-21.522352,165.969172,Crépuscule ou aube,En agglomération,Hors intersection,Pluie forte,Sans collision,3,2,2,0,1,1,3,0,1,50,1,1,0,0,0,1,24.0,,utilitaire_camion,,2,2,1,3,7
202200026727,2022-06-13 16:20:00,2022,6,13,16,20,91,91174,RUE DE PARIS,48.60342,2.46849,Plein jour,En agglomération,Intersection en T,Normale,Autre collision,3,2,2,0,1,1,1,0,1,50,1,2,1,0,0,1,49.0,,utilitaire_camion,,1,2,3,1,6
202200026728,2022-06-09 16:40:00,2022,6,9,16,40,91,91174,RUE FERAY,48.60787,2.47429,Plein jour,En agglomération,Intersection en T,Normale,Deux véhicules - côté,4,2,2,0,1,1,1,0,1,50,2,2,1,0,0,1,32.0,38.0,voiture,deux_roues,1,2,3,1,3
202200026729,2022-07-23 17:50:00,2022,7,23,17,50,974,97408,Rue Sarda Garriga,-20.932668,55.335013,Crépuscule ou aube,En agglomération,Intersection en X,Normale,Deux véhicules - côté,4,2,2,0,1,1,1,0,1,50,2,3,1,1,1,0,24.0,40.0,deux_roues,voiture,2,2,2,1,3
202200026730,2022-06-09 07:40:00,2022,6,9,7,40,91,91174,BD HENRI DUNANT,48.59488,2.47847,Plein jour,En agglomération,Hors intersection,Normale,Autre collision,4,2,2,0,1,1,1,0,1,50,2,2,0,0,0,2,23.0,50.0,deux_roues,deux_roues,1,2,1,1,6
202200026731,2022-06-08 09:45:00,2022,6,8,9,45,91,91521,ROUTE DE MENNECY,48.64128,2.4201,Plein jour,Hors agglomération,Hors intersection,Pluie forte,Deux véhicules - frontale,3,2,2,0,1,1,2,0,1,50,2,2,1,0,0,1,23.0,59.0,voiture,voiture,1,1,1,3,1
202200026732,2022-06-04 09:30:00,2022,6,4,9,30,91,91174,BD JOHN KENNEDY,48.58684,2.47706,Plein jour,En agglomération,Intersection en T,Normale,Deux véhicules - côté,3,2,2,1,1,1,1,0,5,50,2,2,1,0,0,1,60.0,47.0,deux_roues,voiture,1,2,3,1,3
202200026733,2022-07-21 04:00:00,2022,7,21,4,0,971,97117,Route de la Houssaie,16.334039,-61.383796,Nuit sans éclairage public,Hors agglomération,Hors intersection,Normale,Deux véhicules - frontale,2,2,2,0,1,1,1,0,1,80,2,2,0,0,1,1,23.0,23.0,voiture,voiture,3,1,1,1,1
202200026734,2022-12-12 17:30:00,2022,12,12,17,30,974,97416,BASSIN PLAT(CHEMIN),-21.32478,55.48887,Plein jour,Hors agglomération,Hors intersection,Normale,Autre collision,4,2,2,0,1,1,1,0,1,30,1,2,1,0,0,1,40.0,,utilitaire_camion,,1,1,1,1,6
202200026735,2022-12-13 23:30:00,2022,12,13,23,30,974,97411,RN2/111,-20.88876,55.50013,Nuit avec éclairage allumé,En agglomération,Hors intersection,Pluie légère,Deux véhicules - frontale,2,3,2,0,1,3,2,0,1,90,2,3,0,0,0,3,42.0,42.0,voiture,voiture,5,2,1,2,1
202200026736,2022-07-22 22:15:00,2022,7,22,22,15,77,77318,D216,48.792539,2.934873,Crépuscule ou aube,Hors agglomération,Intersection en X,Normale,Deux véhicules - côté,3,2,2,0,1,1,1,0,1,70,2,3,0,1,1,1,45.0,21.0,voiture,voiture,2,1,2,1,3
202200026737,2022-12-13 15:50:00,2022,12,13,15,50,974,97411,ACAJOUS (CHEMIN DES),-20.90556,55.47499,Plein jour,En agglomération,Hors intersection,Normale,Autre collision,4,2,2,0,2,1,1,0,1,50,1,2,0,0,1,1,34.0,,autre,,1,2,1,1,6
202200026738,2022-12-12 19:15:00,2022,12,12,19,15,974,97407,DAYOT(RUE),-20.94613,55.29204,Nuit avec éclairage allumé,En agglomération,Hors intersection,Normale,Autre collision,4,-1,1,0,1,1,1,0,1,50,1,2,1,0,0,1,47.0,,voiture,,5,2,1,1,6
202200026739,2022-12-12 13:20:00,2022,12,12,13,20,974,97407,LENINE (AVENUE),-20.94057,55.30537,Plein jour,Hors agglomération,Hors intersection,Normale,Deux véhicules - arrière,4,2,0,0,1,1,1,0,1,50,2,2,1,0,0,1,17.0,24.0,deux_roues,voiture,1,1,1,1,2
202200026740,2022-07-23 03:00:00,2022,7,23,3,0,78,78601,N10,48.574705,1.832614,Crépuscule ou aube,Hors agglomération,Hors intersection,Normale,Autre collision,2,3,0,0,1,1,1,0,1,110,1,1,0,0,1,0,26.0,,voiture,,2,1,1,1,6
202200026741,2022-12-13 19:35:00,2022,12,13,19,35,69,69383,Rue de la Caille,45.75168,4.895,Nuit avec éclairage allumé,En agglomération,Intersection en X,Normale,Deux véhicules - côté,4,1,1,2,1,1,2,0,1,30,2,5,2,0,0,3,24.0,19.0,voiture,voiture,5,2,2,1,3
202200026742,2022-12-13 07:00:00,2022,12,13,7,0,69,69388,Boulevard Jean XXIII,45.7375375411,4.8708093168,Nuit avec éclairage allumé,En agglomération,Hors intersection,Neige / grêle,Autre collision,4,2,2,3,1,1,5,0,1,50,1,2,1,0,1,0,48.0,,voiture,,5,2,1,4,6
202200026743,2022-12-13 17:40:00,2022,12,13,17,40,972,97213,ROUTE DEPARTEMENTALE 3,14.64341,-60.99103,Nuit sans éclairage public,Hors agglomération,Hors intersection,Normale,Deux véhicules - frontale,3,2,2,0,2,1,1,9,1,50,2,3,0,0,0,3,41.0,67.0,voiture,voiture,3,1,1,1,1
202200026744,2022-12-13 08:10:00,2022,12,13,8,10,69,69385,Rue des Noyers,45.75215,4.78296,Crépuscule ou aube,En agglomération,Hors intersection,Neige / grêle,Autre collision,4,2,2,0,3,1,7,0,4,30,1,2,1,0,0,1,34.0,,voiture,,2,2,1,4,6
202200026745,2022-12-13 06:00:00,2022,12,13,6,0,69,69152,Rue Henri Moissan,45.70449,4.82913,Nuit sans éclairage public,En agglomération,Hors intersection,Neige / grêle,Deux véhicules - frontale,4,2,2,2,1,3,5,0,1,50,2,4,1,0,0,3,53.0,19.0,voiture,voiture,3,2,1,4,1
202200026746,2022-11-24 16:30:00,2022,11,24,16,30,69,69385,Montée du Chemin Neuf,45.76126,4.82514,Plein jour,En agglomération,Hors intersection,Normale,Autre collision,4,1,1,1,2,1,1,0,1,30,1,1,0,0,0,1,60.0,,voiture,,1,2,1,1,6
202200026747,2022-12-13 07:25:00,2022,12,13,7,25,971,97105,GASTON FEUILLARD(AVENUE),15.99931,-61.72158,Plein jour,En agglomération,Hors intersection,Normale,Deux véhicules - côté,4,2,2,0,1,1,1,0,1,50,2,2,1,0,1,0,27.0,48.0,deux_roues,voiture,1,2,1,1,3
202200026748,2022-07-23 13:40:00,2022,7,23,13,40,78,78320,route de caen,49.047683,1.522485,Plein jour,Hors agglomération,Hors intersection,Normale,Deux véhicules - frontale,3,2,2,0,2,3,1,0,1,70,2,6,4,0,2,0,41.0,26.0,voiture,deux_roues,1,1,1,1,1
202200026749,2022-12-13 21:20:00,2022,12,13,21,20,2A,2A004,MARECHAL JUIN AVENUE,41.935,8.751,Nuit avec éclairage allumé,En agglomération,Intersection en X,Normale,Autre collision,4,3,2,0,1,1,1,5,1,50,2,3,2,0,1,0,20.0,25.0,voiture,voiture,5,2,2,1,6
202200026750,2022-07-21 18:50:00,2022,7,21,18,50,34,34329,Avenue de la Mediterranee,43.236195,3.264973,Plein jour,En agglomération,Hors intersection,Temps éblouissant,Autre collision,3,2,2,0,1,1,1,0,1,50,1,1,0,0,1,0,46.0,,voiture,,1,2,1,7,6
202200026751,2022-12-13 22:00:00,2022,12,13,22,0,91,91326,COUR DE FRANCE (AVENUE DE LA),48.68758,2.37205,Nuit avec éclairage allumé,En agglomération,Intersection en T,Normale,Deux véhicules - arrière,3,3,4,0,2,1,1,0,1,50,2,2,1,0,0,1,37.0,20.0,voiture,voiture,5,2,3,1,2
202200026752,2022-12-13 13:00:00,2022,12,13,13,0,91,91479,RTE DE FONTAINEBLEAU,48.74292,2.36385,Plein jour,Hors agglomération,Hors intersection,Normale,Deux véhicules - arrière,3,1,2,0,1,1,1,0,1,70,2,2,1,0,0,1,65.0,31.0,utilitaire_camion,transport_commun,1,1,1,1,2
202200026753,2022-12-02 18:16:00,2022,12,2,18,16,86,86066,Av du Mal de Lattre de Tassigny,46.819119,0.522028,Nuit avec éclairage allumé,En agglomération,Hors intersection,Temps couvert,Autre collision,3,2,2,0,2,1,1,0,1,50,1,2,1,0,1,0,26.0,,voiture,,5,2,1,8,6
202200026754,2022-12-12 09:25:00,2022,12,12,9,25,84,84035,LIBERATION (AVENUE DE LA),43.84886,5.03832,Plein jour,En agglomération,Autre intersection,Normale,Autre collision,4,1,3,0,1,3,1,9,1,50,1,2,1,0,1,0,70.0,,voiture,,1,2,9,1,6
202200026755,2022-07-22 20:15:00,2022,7,22,20,15,05,05178,D1085,44.348028,5.910956,Plein jour,Hors agglomération,Hors intersection,Normale,Autre collision,3,2,2,0,1,2,1,0,1,70,2,2,1,0,1,0,34.0,69.0,voiture,voiture,1,1,1,1,6
202200026756,2022-12-13 11:45:00,2022,12,13,11,45,83,83137,FORGENTIER (CHEMIN DE),43.13473,5.90157,Plein jour,En agglomération,Hors intersection,Pluie légère,Autre collision,4,-1,2,0,1,1,2,0,1,50,1,2,1,0,0,1,22.0,,deux_roues,,1,2,1,2,6
202200026757,2022-12-13 09:15:00,2022,12,13,9,15,79,79191,193 Route d'Aiffres,46.3108,-0.44584,Plein jour,En agglomération,Hors intersection,Normale,Sans collision,3,2,2,0,1,1,1,0,1,50,1,3,1,0,2,0,54.0,,voiture,,1,2,1,1,7
202200026758,2022-07-23 19:50:00,2022,7,23,19,50,13,13086,ZAC de St Esteve (Zone commerciale),43.337368,5.599664,Crépuscule ou aube,En agglomération,Hors intersection,Normale,Sans collision,9,2,2,0,1,1,1,0,1,30,1,2,0,0,1,1,40.0,,deux_roues,,2,2,1,1,7
202200026759,2022-11-28 18:55:00,2022,11,28,18,55,79,79191,,46.3336,-0.433,Nuit avec éclairage allumé,En agglomération,Autre intersection,Pluie légère,Deux véhicules - arrière,3,1,1,0,1,2,2,5,1,50,2,2,1,0,0,1,48.0,51.0,deux_roues,deux_roues,5,2,9,2,2
202200026760,2022-12-13 18:00:00,2022,12,13,18,0,78,78440,PAUL CURIEN (RUE),48.992903,1.898303,Nuit sans éclairage public,En agglomération,Hors intersection,Normale,Deux véhicules - arrière,4,-1,2,0,1,1,1,0,1,50,2,2,1,0,0,1,28.0,38.0,voiture,voiture,3,2,1,1,2
202200026761,2022-07-21 08:35:00,2022,7,21,8,35,13,13074,rond point du pérou Rd96,43.646052,5.573266,Plein jour,En agglomération,Giratoire,Normale,Sans collision,7,-1,1,0,1,3,9,0,1,50,1,1,0,0,1,0,41.0,,deux_roues,,1,2,6,1,7
202200026762,2022-12-10 22:41:00,2022,12,10,22,41,76,76341,RD 6382,49.5034309847,0.1941972971,Nuit avec éclairage allumé,Hors agglomération,Hors intersection,Normale,Autre collision,3,3,4,0,2,4,1,2,1,90,1,3,2,0,0,1,28.0,,voiture,,5,1,1,1,6
202200026763,2022-12-12 18:30:00,2022,12,12,18,30,72,72181,RIFFAUDIERES (BD DES),47.99135,0.17508,Nuit avec éclairage allumé,Hors agglomération,Hors intersection,Normale,Trois véhicules et plus - en chaîne,4,4,6,0,1,1,1,0,1,70,3,3,2,0,0,1,42.0,22.0,voiture,voiture,5,1,1,1,4
202200026764,2022-12-12 16:40:00,2022,12,12,16,40,67,67482,FRANCOIS ARAGO (PLACE),48.60432,7.7177,Nuit avec éclairage allumé,En agglomération,Hors intersection,Normale,Autre collision,4,1,1,0,1,2,1,9,1,30,1,2,1,0,0,1,23.0,,utilitaire_camion,,5,2,1,1,6
202200026765,2022-07-22 18:50:00,2022,7,22,18,50,57,57160,N33,49.187329,6.709677,Plein jour,Hors agglomération,Giratoire,Pluie légère,Deux véhicules - côté,2,1,2,0,1,2,2,0,1,80,2,2,1,0,1,0,58.0,18.0,voiture,deux_roues,1,1,6,2,3
202200026766,2022-12-13 13:40:00,2022,12,13,13,40,64,64545,Route de Ciboure à Olhette,43.3343,-1.67779,Plein jour,Hors agglomération,Hors intersection,Normale,Deux véhicules - arrière,3,2,2,0,1,1,1,0,1,70,2,2,1,0,0,1,58.0,83.0,voiture,voiture,1,1,1,1,2
202200026767,2022-12-13 16:20:00,2022,12,13,16,20,64,64132,rue Georges Clemenceau,43.290257,-0.356398,Plein jour,En agglomération,Hors intersection,Normale,Autre collision,4,2,2,0,1,1,1,0,1,50,1,2,1,0,0,1,57.0,,voiture,,1,2,1,1,6
202200026768,2022-12-12 11:00:00,2022,12,12,11,0,62,62617,ROUTE NATIONALE (CD 937),50.47651,2.66529,Plein jour,En agglomération,Hors intersection,Normale,Autre collision,3,2,2,0,1,1,1,0,1,50,1,3,2,0,1,0,55.0,,voiture,,1,2,1,1,6
202200026769,2022-12-13 17:15:00,2022,12,13,17,15,60,60057,Rue Charles Fauqueux,49.42146,2.079997,Nuit avec éclairage allumé,En agglomération,Hors intersection,Normale,Autre collision,4,2,2,0,1,1,1,0,1,50,1,2,1,0,0,1,35.0,,voiture,,5,2,1,1,6
202200026770,2022-12-13 09:50:00,2022,12,13,9,50,59,59599,PIATS (RUE DES),50.72419,3.17268,Plein jour,En agglomération,Hors intersection,Normale,Deux véhicules - frontale,4,-1,2,0,1,1,1,0,1,50,2,2,0,1,0,1,30.0,36.0,voiture,utilitaire_camion,1,2,1,1,1
202200026771,2022-07-20 19:50:00,2022,7,20,19,50,81,81283,lieu dit chuquet,43.936129,1.953979,Crépuscule ou aube,En agglomération,Intersection en X,Normale,Deux véhicules - côté,3,-1,2,0,1,1,1,0,1,50,2,4,3,0,0,1,52.0,42.0,voiture,voiture,2,2,2,1,3
202200026772,2022-12-12 18:25:00,2022,12,12,18,25,55,55029,CYGNE ( RUE DU ),48.774,5.159,Nuit avec éclairage allumé,En agglomération,Hors intersection,Normale,Autre collision,4,2,2,0,1,1,1,0,1,30,1,2,1,0,1,0,23.0,,voiture,,5,2,1,1,6
202200026773,2022-12-13 07:35:00,2022,12,13,7,35,54,54395,KOENIG (Rue Maréchal Pierre),48.7030648359,6.146453619,Crépuscule ou aube,En agglomération,Hors intersection,Normale,Autre collision,4,2, -1,0,1,1,1,0,1,30,1,2,1,0,0,1,32.0,,voiture,,2,2,1,1,6
202200026774,2022-12-12 14:05:00,2022,12,12,14,5,54,54025,CHARTREUSE (AVENUE DE LA),48.64586,6.28472,Plein jour,Hors agglomération,Hors intersection,Normale,Deux véhicules - arrière,7,2,2,0,1,1,1,0,1,80,2,2,1,0,0,1,21.0,35.0,voiture,voiture,1,1,1,1,2
202200026775,2022-07-22 20:45:00,2022,7,22,20,45,85,85019,RD 763 sortie SALIGNY / LES LUCS SUR BOULOGNE,46.797239,-1.429274,Plein jour,Hors agglomération,Hors intersection,Normale,Sans collision,3,1,1,0,2,3,1,3,1,-1,1,1,0,0,1,0,39.0,,voiture,,1,1,1,1,7
202200026776,2022-07-22 22:08:00,2022,7,22,22,8,76,76276,106 Avenue des Sources,49.609402,1.53436,Crépuscule ou aube,En agglomération,Hors intersection,Normale,Autre collision,3,2,2,0,2,1,1,0,4,50,1,1,0,1,0,0,49.0,,voiture,,2,2,1,1,6
202200026777,2022-12-13 17:58:00,2022,12,13,17,58,51,51454,rue Mazarin,49.21677,4.02861,Nuit avec éclairage allumé,En agglomération,Hors intersection,Normale,Deux véhicules - côté,4,-1,2,0,1,1,1,0,1,50,2,3,2,0,0,1,62.0,23.0,voiture,deux_roues,5,2,1,1,3
202200026778,2022-12-13 17:50:00,2022,12,13,17,50,51,51454,avenue de Laon,49.26486,4.02661,Nuit avec éclairage allumé,En agglomération,Hors intersection,Normale,Sans collision,4,1,1,0,1,1,1,0,3,50,1,2,1,0,0,1,27.0,,deux_roues,,5,2,1,1,7