accident_id,datetime,annee,mois,jour,heure,minute,departement,commune_insee,adresse,latitude,longitude,luminosite,agglomeration,intersection,meteo,collision,catr,circ,nbv,vosp,prof,plan,surf,infra,situ,vma,nb_vehicules,nb_usagers,nb_indemnes,nb_tues,nb_blesses_hosp,nb_blesses_legers,age_cond_1,age_cond_2,veh_type_cond_1,veh_type_cond_2,lum_code,agg_code,int_code,atm_code,col_code
202200026779,2022-12-13 07:30:00,2022,12,13,7,30,51,51454,rond-point porte Farman,49.23651,4.07134,Nuit avec éclairage allumé,En agglomération,Hors intersection,Normale,Deux véhicules - côté,3,-1,2,0,1,3,1,0,1,50,2,2,1,0,0,1,18.0,42.0,deux_roues,voiture,5,2,1,1,3
202200026780,2022-07-23 16:34:00,2022,7,23,16,34,60,60473,Route de Oissery,49.093109,2.826984,Plein jour,Hors agglomération,Hors intersection,Normale,Sans collision,4,2,2,0,1,2,1,0,1,80,1,1,0,0,0,1,37.0,,deux_roues,,1,1,1,1,7
202200026781,2022-12-12 17:55:00,2022,12,12,17,55,50,50129,PARIS (AVENUE DE),49.629628,-1.617983,Nuit avec éclairage allumé,En agglomération,Hors intersection,Normale,Deux véhicules - arrière,3,2,2,0,1,1,2,0,1,50,2,2,1,0,0,1,24.0,31.0,deux_roues,voiture,5,2,1,1,2
202200026782,2022-12-13 12:30:00,2022,12,13,12,30,45,45234,10 Place Albert 1er,47.906631,1.906111,Plein jour,En agglomération,Hors intersection,Normale,Autre collision,4,1,3,3,1,1,1,-1,6,50,1,2,1,0,1,0,28.0,,transport_commun,,1,2,1,1,6
202200026783,2022-07-23 13:45:00,2022,7,23,13,45,60,60234,34 Rue Jules Ferry,49.388712,2.432898,Plein jour,En agglomération,Hors intersection,Normale,Sans collision,3,1,1,0,1,2,1,0,4,30,1,1,0,0,1,0,46.0,,deux_roues,,1,2,1,1,7
202200026784,2022-12-13 08:20:00,2022,12,13,8,20,43,43157,88 (ROUTE NATIONALE),45.01807,3.8973,Plein jour,Hors agglomération,Hors intersection,Neige / grêle,Autre collision,2,1,2,0,1,1,6,2,1,100,1,3,1,0,0,2,33.0,,voiture,,1,1,1,4,6
202200026785,2022-07-23 04:00:00,2022,7,23,4,0,60,60106,Rue Guy Boulet,49.382492,2.437275,Nuit sans éclairage public,En agglomération,Hors intersection,Normale,Autre collision,3,2,2,1,1,1,1,5,3,50,1,1,0,0,1,0,31.0,,voiture,,3,2,1,1,6
202200026786,2022-12-08 16:50:00,2022,12,8,16,50,42,42218,Rue Gabriel Péri,45.41004,4.38413,Nuit avec éclairage allumé,En agglomération,Hors intersection,Normale,Autre collision,4,2,2,0,1,1,1,0,1,50,1,2,1,0,1,0,39.0,,voiture,,5,2,1,1,6
202200026787,2022-12-12 15:30:00,2022,12,12,15,30,42,42218,Boulevard Claude Verney Carron,45.45849,4.38606,Plein jour,En agglomération,Hors intersection,Temps couvert,Autre collision,4,2,4,0,1,1,1,0,4,50,1,3,1,1,0,1,22.0,,voiture,,1,2,1,8,6
202200026788,2022-07-22 14:00:00,2022,7,22,14,0,62,62899,Rue Louise Ball Demont,50.883798,1.66091,Plein jour,En agglomération,Hors intersection,Normale,Autre collision,4,2,1,0,1,1,1,0,1,50,1,2,1,0,1,0,44.0,,voiture,,1,2,1,1,6
202200026789,2022-12-13 07:05:00,2022,12,13,7,5,35,35238,VILLEBOIS MAREUIL (BD),48.104817445,-1.6503296793,Nuit avec éclairage allumé,En agglomération,Hors intersection,Autre,Sans collision,4,2,2,2,1,1,7,0,1,50,1,1,0,0,0,1,37.0,,deux_roues,,5,2,1,9,7
202200026790,2022-12-12 18:05:00,2022,12,12,18,5,35,35238,FOSSES (DES),48.11355,-1.6751,Nuit avec éclairage allumé,En agglomération,Intersection en X,Normale,Deux véhicules - côté,4,1,1,2,2,1,1,0,1,20,2,2,1,0,0,1,26.0,17.0,voiture,deux_roues,5,2,2,1,3
202200026791,2022-06-16 12:30:00,2022,6,16,12,30,59,59219,D61,50.252947,3.303956,Plein jour,Hors agglomération,Hors intersection,Temps éblouissant,Deux véhicules - côté,3,2,2,0,1,1,1,0,1,80,2,2,1,0,1,0,74.0,76.0,deux_roues,voiture,1,1,1,7,3
202200026792,2022-12-12 07:00:00,2022,12,12,7,0,34,34172,Avenue des Apothicaires,43.64463,3.84208,Nuit avec éclairage allumé,En agglomération,Hors intersection,Normale,Autre collision,4,2,2,0,2,1,1,0,1,50,1,2,1,0,1,0,38.0,,voiture,,5,2,1,1,6
202200026793,2022-12-12 18:45:00,2022,12,12,18,45,34,34172,11 Rue des Boutons d'Or,43.59925,3.87977,Nuit avec éclairage allumé,En agglomération,Intersection en X,Pluie légère,Deux véhicules - côté,4,2,2,0,1,1,2,0,1,30,2,3,2,0,0,1,50.0,33.0,voiture,voiture,5,2,2,2,3
202200026794,2022-12-12 18:30:00,2022,12,12,18,30,34,34003,12ter Avenue General de Gaulle,43.3127584571,3.4738234431,Nuit avec éclairage allumé,En agglomération,Hors intersection,Pluie légère,Autre collision,4,2,2,0,1,1,2,0,1,30,1,2,1,0,0,1,24.0,,utilitaire_camion,,5,2,1,2,6
202200026795,2022-07-23 03:45:00,2022,7,23,3,45,59,59250,N41,50.5801550634,2.8777903318,Nuit avec éclairage allumé,Hors agglomération,Hors intersection,Normale,Autre collision,2,3,4,0,1,3,1,0,2,90,1,2,1,1,0,0,27.0,,utilitaire_camion,,5,1,1,1,6
202200026796,2022-12-14 01:05:00,2022,12,14,1,5,33,33063,Rue Fondaudege,44.8500718625,-0.5855879188,Nuit avec éclairage allumé,En agglomération,Hors intersection,Pluie légère,Sans collision,4,1,1,0,1,1,2,0,1,30,1,1,0,0,1,0,24.0,,deux_roues,,5,2,1,2,7
202200026797,2022-12-13 14:10:00,2022,12,13,14,10,33,33529,DE GAULLE ( AVE CHARLES) 01 AU 85,44.635598,-1.1335,Plein jour,En agglomération,Intersection en T,Normale,Deux véhicules - côté,3,2,2,0,1,1,1,0,1,50,2,2,1,0,0,1,83.0,55.0,voiture,deux_roues,1,2,3,1,3
202200026798,2022-12-13 17:15:00,2022,12,13,17,15,31,31555,RTE DE SAINT SIMON,43.59073,1.4177,Nuit avec éclairage allumé,En agglomération,Hors intersection,Normale,Deux véhicules - côté,4,2,5,2,1,1,1,0,1,50,2,2,1,0,1,0,81.0,25.0,voiture,deux_roues,5,2,1,1,3
202200026799,2022-07-21 09:15:00,2022,7,21,9,15,13,13202,Tunnel Joliette Marseille vers Aubagne,43.298,5.364,Plein jour,Hors agglomération,Hors intersection,Normale,Deux véhicules - arrière,4,1,2,0,1,2,1,1,1,70,2,2,0,0,0,2,31.0,39.0,voiture,deux_roues,1,1,1,1,2
202200026800,2022-07-22 10:30:00,2022,7,22,10,30,69,69286,Autoroute 46,45.8511575219,4.9103415012,Plein jour,Hors agglomération,Hors intersection,Normale,Trois véhicules et plus - collisions multiples,1,3,4,0,2,3,1,0,1,110,4,6,3,0,1,2,40.0,39.0,utilitaire_camion,voiture,1,1,1,1,5
202200026801,2022-07-22 19:15:00,2022,7,22,19,15,91,91312,RD 444,48.73944,2.22562,Plein jour,Hors agglomération,Hors intersection,Pluie légère,Sans collision,3,2,2,0,1,3,2,0,3,70,1,1,0,0,0,1,31.0,,voiture,,1,1,1,2,7
202200026802,2022-07-22 22:18:00,2022,7,22,22,18,91,91689,AUTOROUTE A6B,48.74093,2.321224,Nuit sans éclairage public,Hors agglomération,Hors intersection,Normale,Deux véhicules - côté,1,1,2,0,2,1,1,0,1,90,2,3,2,0,0,1,52.0,35.0,deux_roues,voiture,3,1,1,1,3
202200026803,2022-07-21 18:40:00,2022,7,21,18,40,92,92064,A13,48.8374721916,2.1885659846,Plein jour,Hors agglomération,Hors intersection,Normale,Trois véhicules et plus - en chaîne,1,3,3,0,1,1,1,0,1,110,5,5,3,0,0,2,45.0,48.0,voiture,voiture,1,1,1,1,4
202200026804,2022-07-21 17:30:00,2022,7,21,17,30,93,93010,AUTOROUTE A3,48.9132562331,2.4767729969,Plein jour,Hors agglomération,Hors intersection,Normale,Trois véhicules et plus - collisions multiples,1,3,6,0,1,1,1,0,1,90,3,3,2,0,0,1,47.0,33.0,voiture,voiture,1,1,1,1,5
202200026805,2022-07-21 14:20:00,2022,7,21,14,20,95,95306, A15,49.006,2.16423,Plein jour,Hors agglomération,Hors intersection,Normale,Deux véhicules - côté,1,3,6,0,1,1,1,0,1,110,2,3,2,0,0,1,22.0,34.0,utilitaire_camion,voiture,1,1,1,1,3
202200026806,2022-07-20 12:20:00,2022,7,20,12,20,93,93010,AUTOROUTE A3,48.9062533918,2.4721405579,Plein jour,Hors agglomération,Hors intersection,Pluie légère,Deux véhicules - arrière,1,3,8,0,1,1,2,0,1,90,2,2,0,0,1,1,26.0,49.0,voiture,voiture,1,1,1,2,2
202200026807,2022-07-20 20:45:00,2022,7,20,20,45,93,93063,AUTOROUTE A3,48.8740284252,2.4378279214,Plein jour,Hors agglomération,Hors intersection,Normale,Trois véhicules et plus - collisions multiples,1,3,9,0,1,1,1,0,1,90,3,3,2,0,1,0,29.0,38.0,deux_roues,voiture,1,1,1,1,5
202200026808,2022-07-22 13:25:00,2022,7,22,13,25,75,75112,A4,48.818983,2.457472,Plein jour,Hors agglomération,Hors intersection,Normale,Deux véhicules - arrière,1,3, -1,0,1,1,1,0,1,90,2,2,1,0,0,1,46.0,57.0,deux_roues,voiture,1,1,1,1,2
202200026809,2022-07-22 04:45:00,2022,7,22,4,45,94,94069,A4,48.8173294761,2.4285464286,Nuit sans éclairage public,Hors agglomération,Hors intersection,Normale,Autre collision,1,1,4,0,1,1,1,0,1,90,1,1,0,0,0,1,31.0,,voiture,,3,1,1,1,6
202200026810,2022-04-16 18:00:00,2022,4,16,18,0,14,14165,Route d Omaha Beach,49.348661,-0.84268,Plein jour,En agglomération,Intersection en T,Normale,Deux véhicules - côté,3,2,2,0,1,1,1,0,1,50,2,2,0,0,1,1,34.0,26.0,voiture,deux_roues,1,2,3,1,3
202200026811,2022-07-21 14:00:00,2022,7,21,14,0,973,97302,Chemin de Troubiran,4.922,-52.30392,Plein jour,En agglomération,Hors intersection,Normale,Deux véhicules - côté,4,2,2,0,1,1,1,0,1,50,2,2,1,0,0,1,56.0,55.0,deux_roues,voiture,1,2,1,1,3
202200026812,2022-07-21 09:06:00,2022,7,21,9,6,973,97302,MADELEINE (ROUTE DE LA),4.9149233134,-52.3209875822,Plein jour,En agglomération,Intersection en T,Normale,Deux véhicules - côté,3,2,2,0,1,1,1,0,1,50,2,2,1,0,0,1,36.0,27.0,utilitaire_camion,deux_roues,1,2,3,1,3
202200026813,2022-07-21 14:15:00,2022,7,21,14,15,972,97213,ROUTE NATIONALE 1,14.62337,-60.98892,Plein jour,Hors agglomération,Hors intersection,Normale,Deux véhicules - côté,2,3,2,0,1,1,1,0,1,70,2,2,1,0,0,1,30.0,52.0,voiture,voiture,1,1,1,1,3
202200026814,2022-07-21 19:15:00,2022,7,21,19,15,972,97209,AUTOROUTE (A1),14.61824,-61.0364,Nuit avec éclairage allumé,Hors agglomération,Hors intersection,Normale,Autre collision,1,3,6,0,2,1,1,3,1,90,1,1,0,0,0,1,77.0,,voiture,,5,1,1,1,6
202200026815,2022-07-20 19:45:00,2022,7,20,19,45,972,97209,RD 41,14.60996,-61.06528,Nuit avec éclairage allumé,En agglomération,Hors intersection,Pluie légère,Deux véhicules - arrière,3,1,3,0,2,1,2,9,1,60,2,2,1,0,0,1,32.0,25.0,voiture,voiture,5,2,1,2,2
202200026816,2022-07-21 09:21:00,2022,7,21,9,21,971,97101,RN1 ROCADE DE CHAUVEL,16.25134,-61.53035,Plein jour,Hors agglomération,Hors intersection,Normale,Trois véhicules et plus - en chaîne,2,1,2,0,1,1,1,0,1,90,3,5,3,0,0,2,36.0,18.0,voiture,voiture,1,1,1,1,4
202200026817,2022-07-21 18:25:00,2022,7,21,18,25,2A,2A004,ILES SANGUINAIRES ROUTE DES,41.9128721715,8.7245312333,Plein jour,En agglomération,Hors intersection,Normale,Deux véhicules - arrière,3,2,2,0,1,1,1,6,1,50,2,2,1,0,0,1,44.0,19.0,deux_roues,voiture,1,2,1,1,2
202200026818,2022-07-21 07:10:00,2022,7,21,7,10,2A,2A004,PAOLI DOMINIQUE  BD,41.92886,8.73751,Plein jour,En agglomération,Intersection en X,Normale,Deux véhicules - côté,4,2,2,0,1,1,1,0,1,50,2,2,1,0,0,1,55.0,55.0,voiture,deux_roues,1,2,2,1,3
202200026819,2022-07-21 07:30:00,2022,7,21,7,30,95,95018,Rue du Nord,48.9609170693,2.2555178404,Plein jour,En agglomération,Intersection en X,Normale,Autre collision,4,2,2,0,1,1,1,0,1,50,1,2,1,0,0,1,38.0,,voiture,,1,2,2,1,6
202200026820,2022-07-20 21:29:00,2022,7,20,21,29,91,91103,ROND-POINT ELISABETH BOSELLI,48.60486,2.32042,Plein jour,En agglomération,Hors intersection,Normale,Autre collision,3,-1,0,1,1,3,1,9,1,30,1,2,0,0,1,1,44.0,,voiture,,1,2,1,1,6
202200026821,2022-07-20 19:10:00,2022,7,20,19,10,91,91161,RTE DE LONGJUMEAU,48.7128,2.29788,Plein jour,En agglomération,Hors intersection,Pluie légère,Deux véhicules - arrière,3,2,2,0,1,1,2,0,1,50,2,2,1,0,0,1,48.0,23.0,voiture,deux_roues,1,2,1,2,2
202200026822,2022-07-21 19:15:00,2022,7,21,19,15,91,91201,BD HENRI BARBUSSE,48.68371,2.40833,Plein jour,En agglomération,Hors intersection,Normale,Trois véhicules et plus - collisions multiples,3,2,2,0,1,1,1,0,1,50,4,11,5,0,0,6,68.0,57.0,voiture,voiture,1,2,1,1,5
202200026823,2022-07-21 01:50:00,2022,7,21,1,50,83,83137,REPUBLIQUE (AVE DE LA),43.12119,5.93042,Nuit avec éclairage allumé,En agglomération,Hors intersection,Normale,Deux véhicules - frontale,4,2,4,0,1,1,1,0,1,50,2,3,1,0,0,2,53.0,16.0,voiture,deux_roues,5,2,1,1,1
202200026824,2022-07-21 19:00:00,2022,7,21,19,0,77,77350,D471,48.77814,2.70907,Plein jour,Hors agglomération,Hors intersection,Normale,Deux véhicules - frontale,3,2,2,0,1,1,1,0,1,80,2,2,1,1,0,0,39.0,60.0,voiture,deux_roues,1,1,1,1,1
202200026825,2022-07-20 16:15:00,2022,7,20,16,15,77,77501,D403,48.32907,2.86048,Plein jour,Hors agglomération,Hors intersection,Temps couvert,Deux véhicules - frontale,3,-1,2,0,2,3,8,0,1,50,2,3,0,0,1,2,43.0,25.0,voiture,voiture,1,1,1,8,1
202200026826,2022-07-21 18:55:00,2022,7,21,18,55,69,69264,Rue de Belleville,45.9996024637,4.7193279862,Plein jour,En agglomération,Intersection en X,Normale,Deux véhicules - arrière,3,2,2,0,1,1,1,5,1,50,2,2,1,0,1,0,49.0,23.0,deux_roues,voiture,1,2,2,1,2
202200026827,2022-07-21 16:30:00,2022,7,21,16,30,69,69290,Boulevard de la Cité Berliet,45.70808,4.91806,Plein jour,En agglomération,Intersection en X,Temps éblouissant,Deux véhicules - frontale,4,2,4,0,1,1,1,0,1,50,2,4,1,0,0,3,77.0,61.0,voiture,voiture,1,2,2,7,1
202200026828,2022-07-21 08:25:00,2022,7,21,8,25,69,69029,Avenue Général de Gaulle,45.72677,4.92897,Plein jour,En agglomération,Hors intersection,Normale,Deux véhicules - côté,7,2,3,0,1,1,1,0,8,50,2,2,1,0,0,1,55.0,43.0,voiture,voiture,1,2,1,1,3
202200026829,2022-07-20 23:47:00,2022,7,20,23,47,68,68376,FORET (RUE DE LA),47.80623,7.31697,Nuit sans éclairage public,En agglomération,Hors intersection,Temps couvert,Sans collision,4,-1,0,3,1,1,1,9,8,20,1,1,0,1,0,0,48.0,,deux_roues,,3,2,1,8,7
202200026830,2022-07-21 02:28:00,2022,7,21,2,28,66,66136,,42.71703,2.873431,Nuit sans éclairage public,Hors agglomération,Hors intersection,Normale,Deux véhicules - arrière,3,3,2,0,1,3,1,3,1,90,2,2,1,0,1,0,23.0,62.0,voiture,voiture,3,1,1,1,2
202200026831,2022-07-20 15:53:00,2022,7,20,15,53,66,66136,,42.67741,2.84861,Plein jour,Hors agglomération,Hors intersection,Normale,Deux véhicules - arrière,4,2,2,0,1,1,1,0,1,50,2,2,1,0,1,0,23.0,72.0,deux_roues,voiture,1,1,1,1,2
202200026832,2022-07-21 09:55:00,2022,7,21,9,55,64,64445,avenue Jean Mermoz,43.3210623963,-0.3789512068,Plein jour,En agglomération,Hors intersection,Normale,Deux véhicules - arrière,4,2,2,0,1,1,1,0,1,50,2,2,1,0,0,1,21.0,61.0,voiture,voiture,1,2,1,1,2
202200026833,2022-06-22 15:00:00,2022,6,22,15,0,62,62427,BORD DES EAUX (LAC DU),50.40791,2.96988,Plein jour,En agglomération,Autre intersection,Normale,Deux véhicules - côté,4,2, -1,0,1,1,1,0,1,50,2,2,1,0,1,0,55.0,20.0,deux_roues,voiture,1,2,9,1,3
202200026834,2022-07-20 20:15:00,2022,7,20,20,15,62,62193,MARTIN LUTHER KING,50.954139,1.891069,Plein jour,En agglomération,Giratoire,Normale,Deux véhicules - arrière,4,1,2,0,1,3,1,5,1,50,2,2,1,0,0,1,43.0,19.0,voiture,deux_roues,1,2,6,1,2
202200026835,2022-07-21 10:45:00,2022,7,21,10,45,62,62193,CAMILLE CLAUDEL,50.951949,1.88473,Plein jour,En agglomération,Hors intersection,Normale,Sans collision,4,2,1,0,1,1,1,0,4,50,1,2,1,0,0,1,36.0,,voiture,,1,2,1,1,7
202200026836,2022-07-21 08:10:00,2022,7,21,8,10,62,62263,RN 25,50.28331,2.70187,Plein jour,Hors agglomération,Hors intersection,Normale,Deux véhicules - frontale,2,2,2,0,1,2,1,0,1,80,2,2,0,1,0,1,27.0,28.0,voiture,utilitaire_camion,1,1,1,1,1
202200026837,2022-07-20 14:30:00,2022,7,20,14,30,61,61001,GENERAL LECLERC (AVENUE DU),48.41898,0.0895,Plein jour,En agglomération,Intersection en Y,Normale,Trois véhicules et plus - collisions multiples,3,2,2,1,1,1,1,0,1,50,3,3,2,0,0,1,22.0,47.0,utilitaire_camion,utilitaire_camion,1,2,4,1,5
202200026838,2022-07-20 15:10:00,2022,7,20,15,10,60,60057,Rue de Tillé,49.43339,2.12134,Plein jour,En agglomération,Hors intersection,Normale,Deux véhicules - arrière,2,2,2,0,1,1,1,0,1,50,2,3,2,0,0,1,54.0,38.0,voiture,voiture,1,2,1,1,2
202200026839,2022-07-21 22:00:00,2022,7,21,22,0,59,59350,JACQUARD RUE,50.6322145889,3.015078306,Nuit avec éclairage allumé,En agglomération,Autre intersection,Normale,Deux véhicules - côté,4,1,1,0,1,1,1,9,1,50,2,2,1,0,0,1,,23.0,voiture,deux_roues,5,2,9,1,3
202200026840,2022-07-20 23:35:00,2022,7,20,23,35,59,59569,MARTEL (RUE DES FRERES A . ET G.),50.3667442586,3.0976831913,Nuit avec éclairage allumé,En agglomération,Hors intersection,Pluie légère,Autre collision,3,2,2,0,1,2,2,0,4,50,1,2,0,0,1,1,38.0,,voiture,,5,2,1,2,6
202200026841,2022-07-20 09:20:00,2022,7,20,9,20,56,56121,32 Rue René Lote,47.772,-3.404,Plein jour,En agglomération,Hors intersection,Normale,Sans collision,4,2,2,0,1,1,1,0,1,50,1,1,0,0,0,1,35.0,,deux_roues,,1,2,1,1,7
202200026842,2022-07-21 17:30:00,2022,7,21,17,30,54,54321,RD 918A,49.53675,5.80017,Plein jour,Hors agglomération,Hors intersection,Normale,Deux véhicules - frontale,3,2,2,0,1,1,1,0,1,80,2,3,0,0,3,0,41.0,29.0,voiture,voiture,1,1,1,1,1
202200026843,2022-07-19 06:50:00,2022,7,19,6,50,50,50129,MENDES FRANCE (BOULEVARD),49.63397,-1.62276,Plein jour,En agglomération,Intersection en X,Normale,Deux véhicules - arrière,3,3,4,0,1,1,1,5,1,50,2,2,1,0,0,1,32.0,46.0,utilitaire_camion,deux_roues,1,2,2,1,2
202200026844,2022-07-21 13:05:00,2022,7,21,13,5,45,45004,690 avenue d'Antibes,47.9811,2.732962,Plein jour,En agglomération,Hors intersection,Normale,Deux véhicules - arrière,3,2,2,1,1,1,1,0,1,50,2,4,2,0,0,2,28.0,28.0,voiture,voiture,1,2,1,1,2
202200026845,2022-07-21 21:25:00,2022,7,21,21,25,44,44109,120 Rue Paul Bellamy,47.22735,-1.56093,Crépuscule ou aube,En agglomération,Intersection en T,Normale,Deux véhicules - côté,4,2,2,0,1,1,1,0,1,30,2,2,1,0,1,0,24.0,30.0,voiture,deux_roues,2,2,3,1,3
202200026846,2022-07-20 11:10:00,2022,7,20,11,10,43,43251,9 Avenue Charles Massot,45.0281,3.88008,Plein jour,En agglomération,Hors intersection,Normale,Deux véhicules - arrière,4,-1,2,0,1,1,1,9,1,50,2,3,2,0,0,1,39.0,48.0,voiture,utilitaire_camion,1,2,1,1,2
202200026847,2022-07-21 21:00:00,2022,7,21,21,0,42,42099,Rue Jean Padel,45.38837,4.26886,Plein jour,En agglomération,Intersection en T,Temps éblouissant,Deux véhicules - frontale,7,2,1,0,1,1,1,0,1,30,2,2,1,0,0,1,16.0,48.0,deux_roues,voiture,1,2,3,7,1
202200026848,2022-07-13 12:20:00,2022,7,13,12,20,40,40279,SAINT-VINCENT DE PAUL (BD),43.72572,-1.04693,Plein jour,En agglomération,Hors intersection,Normale,Autre collision,3,2,2,1,1,1,1,0,4,50,1,2,0,0,1,1,16.0,,deux_roues,,1,2,1,1,6
202200026849,2022-03-05 18:20:00,2022,3,5,18,20,974,97412,455 Rue Raphaël Babet,-21.379472,55.629449,Crépuscule ou aube,En agglomération,Hors intersection,Normale,Autre collision,2,2,2,0,1,2,1,0,1,50,1,2,1,1,0,0,53.0,,voiture,,2,2,1,1,6
202200026850,2022-02-24 10:34:00,2022,2,24,10,34,67,67202,Rue du General Gouraud,48.755082,7.567086,Plein jour,En agglomération,Passage à niveau,Normale,Deux véhicules - côté,3,2,2,0,3,1,1,4,1,50,2,8,2,1,1,4,36.0,46.0,utilitaire_camion,transport_commun,1,2,8,1,3
202200026851,2022-03-08 17:05:00,2022,3,8,17,5,22,22193,Trompe Souris,48.4162172862,-2.3857122663,Plein jour,Hors agglomération,Intersection en X,Pluie légère,Deux véhicules - côté,3,2,0,0,1,1,2,0,1,80,2,2,1,1,0,0,47.0,70.0,utilitaire_camion,deux_roues,1,1,2,2,3
202200026852,2022-03-07 16:00:00,2022,3,7,16,0,34,34270,Route de Laverune,43.593128,3.830178,Plein jour,En agglomération,Hors intersection,Normale,Deux véhicules - frontale,7,2,2,0,2,1,1,0,1,70,2,2,0,0,1,1,52.0,34.0,voiture,utilitaire_camion,1,2,1,1,1
202200026853,2022-03-07 07:25:00,2022,3,7,7,25,62,62117,D18,50.08919,2.977402,Crépuscule ou aube,En agglomération,Intersection en T,Autre,Deux véhicules - côté,3,2,2,0,1,1,1,0,1,50,2,2,1,0,1,0,24.0,30.0,voiture,voiture,2,2,3,9,3
202200026854,2022-03-07 21:45:00,2022,3,7,21,45,56,56022,Lieu Dit Quistenan,47.784893,-2.924809,Nuit sans éclairage public,Hors agglomération,Hors intersection,Normale,Autre collision,4,2,2,0,2,2,1,0,3,80,1,2,0,0,1,1,25.0,,voiture,,3,1,1,1,6
202200026855,2022-02-17 11:30:00,2022,2,17,11,30,33,33036,Cours du Maréchal-Foch,44.431359,-0.213498,Plein jour,En agglomération,Intersection en T,Normale,Autre collision,3,2,1,0,1,1,1,0,1,30,1,2,1,0,1,0,62.0,,voiture,,1,2,3,1,6
202200026856,2022-03-08 17:22:00,2022,3,8,17,22,81,81002,Avenue des Noisetiers,43.498628,2.341506,Plein jour,En agglomération,Hors intersection,Normale,Deux véhicules - frontale,4,2,2,0,2,4,1,0,1,50,2,2,1,0,1,0,42.0,79.0,voiture,deux_roues,1,2,1,1,1
202200026857,2022-03-08 09:40:00,2022,3,8,9,40,71,71144,RD 681,47.049657,4.346466,Plein jour,Hors agglomération,Hors intersection,Normale,Trois véhicules et plus - collisions multiples,3,2,2,0,1,1,1,0,1,80,3,3,1,0,1,1,41.0,63.0,utilitaire_camion,voiture,1,1,1,1,5
202200026858,2022-03-07 15:30:00,2022,3,7,15,30,38,38257,Route de Grenoble,45.485041,5.399512,Plein jour,Hors agglomération,Intersection en T,Normale,Deux véhicules - côté,3,2,2,0,1,2,1,0,1,70,2,3,2,0,0,1,84.0,20.0,voiture,voiture,1,1,3,1,3
202200026859,2022-03-07 17:50:00,2022,3,7,17,50,02,02810,,49.252344,3.063093,Plein jour,Hors agglomération,Hors intersection,Normale,Deux véhicules - côté,2,3,4,0,1,2,1,0,1,110,2,2,1,0,1,0,63.0,37.0,utilitaire_camion,voiture,1,1,1,1,3
202200026860,2022-03-01 08:00:00,2022,3,1,8,0,72,72373,Vibraye,48.059897,0.728531,Plein jour,En agglomération,Intersection en X,Normale,Deux véhicules - côté,3,2,2,0,1,1,2,5,1,50,2,2,1,0,0,1,31.0,51.0,utilitaire_camion,deux_roues,1,2,2,1,3
202200026861,2022-03-07 14:45:00,2022,3,7,14,45,60,60188,31 Rue Saint-Eloi,49.389081,3.006274,Plein jour,En agglomération,Hors intersection,Normale,Autre collision,3,2,2,0,1,1,1,0,1,50,1,1,0,0,1,0,74.0,,deux_roues,,1,2,1,1,6
202200026862,2022-03-07 20:20:00,2022,3,7,20,20,40,40312,D810,43.553587,-1.457389,Nuit avec éclairage allumé,En agglomération,Intersection en T,Pluie légère,Deux véhicules - côté,3,2,2,3,1,2,2,9,1,50,2,2,1,0,1,0,16.0,73.0,deux_roues,voiture,5,2,3,2,3
202200026863,2022-03-07 15:40:00,2022,3,7,15,40,08,08151,RUE DU PONT,49.528112,4.577699,Plein jour,En agglomération,Hors intersection,Normale,Autre collision,3,2,2,0,2,3,1,2,3,50,1,1,0,0,1,0,22.0,,voiture,,1,2,1,1,6
202200026864,2022-03-07 09:00:00,2022,3,7,9,0,53,53112,Le Ham,48.368909,-0.338151,Crépuscule ou aube,Hors agglomération,Hors intersection,Normale,Deux véhicules - frontale,3,2,2,0,1,1,1,0,1,80,2,2,1,0,1,0,38.0,84.0,utilitaire_camion,voiture,2,1,1,1,1
202200026865,2022-03-05 08:30:00,2022,3,5,8,30,971,97103,RN 1 La Jaille,16.254045,-61.550925,Plein jour,Hors agglomération,Hors intersection,Normale,Trois véhicules et plus - en chaîne,2,2,2,0,1,1,1,0,1,90,3,3,2,0,0,1,,53.0,voiture,voiture,1,1,1,1,4
202200026866,2022-03-02 12:00:00,2022,3,2,12,0,38,38348,A 43 PK 036.600,45.587555,5.300732,Plein jour,Hors agglomération,Hors intersection,Normale,Deux véhicules - côté,1,1,5,0,1,1,1,0,1,130,2,3,2,0,1,0,54.0,31.0,utilitaire_camion,utilitaire_camion,1,1,1,1,3
202200026867,2022-03-08 01:33:00,2022,3,8,1,33,77,77126,D121,49.01403,2.949506,Nuit sans éclairage public,Hors agglomération,Hors intersection,Normale,Autre collision,3,2,2,0,1,2,9,0,3,70,1,2,0,1,1,0,20.0,,voiture,,3,1,1,1,6
202200026868,2022-03-08 15:10:00,2022,3,8,15,10,83,83042,départementale 61,43.260511,6.568478,Plein jour,Hors agglomération,Hors intersection,Normale,Deux véhicules - frontale,3,2,2,0,1,3,1,0,1,70,2,4,2,1,0,1,27.0,27.0,deux_roues,voiture,1,1,1,1,1
202200026869,2022-03-08 05:30:00,2022,3,8,5,30,06,06147,Avenue de la Conca d Or,43.78022,7.275674,Nuit avec éclairage allumé,Hors agglomération,Hors intersection,Normale,Deux véhicules - côté,7,2,2,0,2,2,1,0,1,70,2,2,0,1,0,1,33.0,30.0,voiture,utilitaire_camion,5,1,1,1,3