accident_id,datetime,annee,mois,jour,heure,minute,departement,commune_insee,adresse,latitude,longitude,luminosite,agglomeration,intersection,meteo,collision,catr,circ,nbv,vosp,prof,plan,surf,infra,situ,vma,nb_vehicules,nb_usagers,nb_indemnes,nb_tues,nb_blesses_hosp,nb_blesses_legers,age_cond_1,age_cond_2,veh_type_cond_1,veh_type_cond_2,lum_code,agg_code,int_code,atm_code,col_code
202200026870,2022-03-07 18:56:00,2022,3,7,18,56,25,25047,L Aigle,47.362156,6.375332,Nuit sans éclairage public,Hors agglomération,Intersection en T,Normale,Trois véhicules et plus - collisions multiples,3,2,3,0,2,1,1,0,1,80,3,3,2,0,1,0,58.0,39.0,voiture,voiture,3,1,3,1,5
202200026871,2022-02-25 20:00:00,2022,2,25,20,0,49,49020,Rue Georges Morel,47.479537,-0.61944,Nuit sans éclairage public,En agglomération,Hors intersection,Vent fort / tempête,Deux véhicules - frontale,4,2,2,1,1,3,1,0,1,50,2,2,1,0,1,0,49.0,29.0,voiture,voiture,3,2,1,6,1
202200026872,2022-01-28 22:45:00,2022,1,28,22,45,35,35228,Rue de Dinard,48.605163,-2.056761,Nuit sans éclairage public,Hors agglomération,Hors intersection,Pluie légère,Autre collision,4,2,2,0,2,1,2,0,1,70,1,2,1,0,0,1,18.0,,deux_roues,,3,1,1,2,6
202200026873,2022-03-08 14:45:00,2022,3,8,14,45,27,27623,D79,49.209359,1.052783,Plein jour,En agglomération,Hors intersection,Normale,Autre collision,3,2,2,0,1,1,1,0,3,70,1,1,0,0,1,0,51.0,,voiture,,1,2,1,1,6
202200026874,2022-03-08 11:45:00,2022,3,8,11,45,60,60678,D205,49.244465,2.084826,Plein jour,Hors agglomération,Autre intersection,Normale,Deux véhicules - frontale,3,2,2,0,1,1,1,0,1,80,2,2,1,0,0,1,67.0,61.0,voiture,utilitaire_camion,1,1,9,1,1
202200026875,2022-03-06 18:43:00,2022,3,6,18,43,83,83137,A50 TUNNEL TUBE SUD,43.1261021146,5.9089611769,Crépuscule ou aube,Hors agglomération,Hors intersection,Normale,Deux véhicules - arrière,1,1,2,0,1,1,1,0,1,70,2,3,2,0,0,1,45.0,43.0,voiture,voiture,2,1,1,1,2
202200026876,2022-03-04 18:00:00,2022,3,4,18,0,54,54265,Autoroute A 33,48.64231,6.16179,Plein jour,Hors agglomération,Hors intersection,Normale,Trois véhicules et plus - collisions multiples,1,3,5,3,3,1,1,0,1,110,4,4,2,0,0,2,28.0,60.0,voiture,voiture,1,1,1,1,5
202200026877,2022-03-06 03:10:00,2022,3,6,3,10,59,59196,AUTOROUTE A25,50.634436,2.948948,Nuit avec éclairage allumé,Hors agglomération,Hors intersection,Normale,Autre collision,1,-1,4,0,1,1,1,0,1,90,1,1,0,0,0,1,33.0,,voiture,,5,1,1,1,6
202200026878,2022-03-01 16:59:00,2022,3,1,16,59,59,59603,AUTOROUTE A2,50.3380302625,3.5065011977,Plein jour,Hors agglomération,Hors intersection,Normale,Deux véhicules - arrière,1,-1,6,0,1,1,1,0,1,130,2,2,1,0,0,1,39.0,35.0,utilitaire_camion,voiture,1,1,1,1,2
202200026879,2022-03-07 08:20:00,2022,3,7,8,20,91,91377,AUTOROUTE A10,48.72429,2.29895,Plein jour,Hors agglomération,Hors intersection,Normale,Deux véhicules - côté,1,-1,3,0,1,1,1,0,1,110,2,2,1,0,0,1,39.0,55.0,deux_roues,voiture,1,1,1,1,3
202200026880,2022-03-07 11:00:00,2022,3,7,11,0,92,92036,A86,48.9348846198,2.2827304295,Plein jour,Hors agglomération,Hors intersection,Normale,Deux véhicules - côté,1,1,3,0,1,1,1,0,1,70,2,2,1,0,0,1,59.0,33.0,voiture,deux_roues,1,1,1,1,3
202200026881,2022-02-06 15:40:00,2022,2,6,15,40,92,92050,A86,48.9180852121,2.2229496253,Plein jour,Hors agglomération,Hors intersection,Normale,Autre collision,1,1,3,0,1,1,1,0,1,90,3,6,4,0,0,2,61.0,53.0,voiture,voiture,1,1,1,1,6
202200026882,2022-03-06 00:35:00,2022,3,6,0,35,78,78217,A13,48.96316,1.83695,Nuit sans éclairage public,Hors agglomération,Hors intersection,Normale,Trois véhicules et plus - collisions multiples,1,1,3,0,1,1,1,0,1,130,3,6,5,0,0,1,20.0,47.0,voiture,voiture,3,1,1,1,5
202200026883,2022-03-07 10:15:00,2022,3,7,10,15,93,93053,AUTOROUTE A86,48.9025,2.4676,Plein jour,Hors agglomération,Hors intersection,Normale,Deux véhicules - arrière,1,3,4,0,1,3,1,0,1,90,2,3,1,0,0,2,50.0,21.0,utilitaire_camion,utilitaire_camion,1,1,1,1,2
202200026884,2022-03-07 01:20:00,2022,3,7,1,20,93,93053,AUTOROUTE A3,48.89616,2.47022,Nuit avec éclairage non allumé,Hors agglomération,Hors intersection,Normale,Deux véhicules - arrière,1,1,5,0,1,1,1,3,1,70,2,2,1,0,0,1,21.0,37.0,voiture,voiture,4,1,1,1,2
202200026885,2022-03-06 04:30:00,2022,3,6,4,30,93,93066,AUTOROUTE A86,48.9227,2.3452,Nuit sans éclairage public,Hors agglomération,Hors intersection,Normale,Autre collision,1,3,6,0,1,2,1,0,1,90,1,2,0,0,0,2,23.0,,voiture,,3,1,1,1,6
202200026886,2022-03-07 16:30:00,2022,3,7,16,30,94,94046,A86 EXT,48.8129273331,2.4489557692,Plein jour,Hors agglomération,Hors intersection,Normale,Trois véhicules et plus - en chaîne,1,3,8,0,1,1,1,0,1,90,3,3,2,0,0,1,41.0,57.0,deux_roues,voiture,1,1,1,1,4
202200026887,2022-03-07 08:20:00,2022,3,7,8,20,94,94018,A4,48.8205076244,2.4018322324,Plein jour,Hors agglomération,Hors intersection,Normale,Trois véhicules et plus - en chaîne,1,3,5,0,1,1,1,0,1,90,3,3,1,0,0,2,30.0,31.0,voiture,voiture,1,1,1,1,4
202200026888,2022-03-06 00:25:00,2022,3,6,0,25,77,77514,A104,48.936507,2.627981,Nuit sans éclairage public,Hors agglomération,Hors intersection,Normale,Sans collision,1,1,1,0,1,3,1,3,3,90,1,1,0,0,0,1,27.0,,voiture,,3,1,1,1,7
202200026889,2022-03-06 12:00:00,2022,3,6,12,0,973,97302,14 ET 22 JUIN 1962,4.9365075065,-52.3277011514,Plein jour,En agglomération,Intersection en X,Pluie légère,Deux véhicules - côté,4,2,2,0,1,1,2,2,1,50,2,2,1,0,0,1,27.0,65.0,deux_roues,voiture,1,2,2,2,3
202200026890,2022-03-06 04:15:00,2022,3,6,4,15,69,69259,Rue André Sentuc,45.7073,4.87688,Nuit avec éclairage non allumé,En agglomération,Intersection en X,Normale,Deux véhicules - côté,4,2,3,2,1,1,9,8,1,50,2,4,3,0,0,1,,21.0,voiture,voiture,4,2,2,1,3
202200026891,2022-03-06 18:50:00,2022,3,6,18,50,69,69259,Boulevard Irène Joliot Curie,45.710903952,4.8827147484,Crépuscule ou aube,En agglomération,Hors intersection,Normale,Deux véhicules - arrière,7,3,4,1,1,1,1,0,1,50,2,2,1,0,0,1,39.0,19.0,utilitaire_camion,voiture,2,2,1,1,2
202200026892,2022-03-06 17:40:00,2022,3,6,17,40,69,69387,Avenue Tony Garnier,45.72784,4.82405,Plein jour,En agglomération,Intersection en T,Normale,Deux véhicules - frontale,4,2,4,3,1,1,1,0,1,50,2,5,3,0,0,2,22.0,22.0,voiture,voiture,1,2,3,1,1
202200026893,2022-03-06 15:36:00,2022,3,6,15,36,972,97209,BALATA (ROUTE DE),14.67512,-61.09162,Plein jour,Hors agglomération,Hors intersection,Normale,Autre collision,2,2,2,0,2,4,1,0,1,70,1,2,1,0,1,0,,,autre,,1,1,1,1,6
202200026894,2022-03-06 04:40:00,2022,3,6,4,40,69,69202,Route de Chaponost,45.7252521515,4.7779718041,Nuit avec éclairage allumé,En agglomération,Hors intersection,Normale,Autre collision,7,2,2,0,2,2,1,0,4,50,1,1,0,0,0,1,31.0,,voiture,,5,2,1,1,6
202200026895,2022-03-06 10:59:00,2022,3,6,10,59,971,97101,ROUTE DE BOISVINS,16.26667,-61.4739,Plein jour,Hors agglomération,Hors intersection,Normale,Autre collision,3,2,2,0,1,1,1,0,3,80,1,1,0,0,0,1,53.0,,voiture,,1,1,1,1,6
202200026896,2022-02-25 20:35:00,2022,2,25,20,35,971,97105,SIDAMBAROM(AVENUE),15.9966658812,-61.7272102833,Nuit avec éclairage allumé,Hors agglomération,Hors intersection,Normale,Sans collision,2,2,3,0,1,1,1,0,1,80,1,2,0,0,0,2,42.0,,deux_roues,,5,1,1,1,7
202200026897,2022-03-06 09:44:00,2022,3,6,9,44,2A,2A004,NAPOLEON COURS AVANT BEVERINI,41.9307,8.73971,Plein jour,En agglomération,Hors intersection,Normale,Autre collision,2,1,1,0,1,1,1,0,1,50,1,2,0,1,0,1,20.0,,deux_roues,,1,2,1,1,6
202200026898,2022-03-06 17:50:00,2022,3,6,17,50,91,91434,ESCADRILLE NORMANDIE NIEMEN (AVENUE DE L,48.64705,2.34468,Plein jour,En agglomération,Hors intersection,Temps éblouissant,Deux véhicules - arrière,4,2,2,0,1,1,1,0,1,50,2,2,1,0,0,1,23.0,50.0,deux_roues,voiture,1,2,1,7,2
202200026899,2022-03-05 15:30:00,2022,3,5,15,30,91,91432,AV DE LA REPUBLIQUE,48.703987,2.328246,Plein jour,En agglomération,Hors intersection,Normale,Autre collision,4,2,2,0,1,1,1,8,4,50,1,2,1,0,0,1,,,voiture,,1,2,1,1,6
202200026900,2022-03-04 20:45:00,2022,3,4,20,45,91,91432,RUE DU GENERAL LECLERC,48.706837,2.3319,Nuit avec éclairage allumé,En agglomération,Intersection en T,Normale,Deux véhicules - côté,3,2,2,0,1,1,1,0,1,50,2,2,1,0,0,1,16.0,48.0,deux_roues,voiture,5,2,3,1,3
202200026901,2022-03-06 10:42:00,2022,3,6,10,42,88,88209,LECLERC ( RUE GENERAL ),48.19036,6.42495,Plein jour,En agglomération,Autre intersection,Temps éblouissant,Autre collision,6,-1, -1,0,1,3,1,9,8,10,1,2,1,0,1,0,74.0,,voiture,,1,2,9,7,6
202200026902,2022-03-06 07:10:00,2022,3,6,7,10,83,83137,BRIAND (AVE ARISTIDE DE 1 A 1219,43.1264860012,5.899965316,Plein jour,En agglomération,Hors intersection,Normale,Deux véhicules - côté,7,2,4,3,1,1,1,0,1,50,2,2,1,0,0,1,32.0,63.0,deux_roues,voiture,1,2,1,1,3
202200026903,2022-03-06 16:45:00,2022,3,6,16,45,77,77186,D301 / D58,48.3695,2.7199,Plein jour,Hors agglomération,Intersection en X,Normale,Deux véhicules - côté,3,2,2,0,1,1,1,5,1,80,2,4,2,0,0,2,19.0,35.0,voiture,deux_roues,1,1,2,1,3
202200026904,2022-03-06 15:45:00,2022,3,6,15,45,76,76600,RTE D EPREVILLE,49.734321,0.355565,Plein jour,En agglomération,Hors intersection,Normale,Autre collision,3,2,2,0,1,1,1,0,1,70,1,1,0,0,1,0,30.0,,voiture,,1,2,1,1,6
202200026905,2022-03-06 13:30:00,2022,3,6,13,30,69,69266,Cours Emile Zola,45.76906,4.88184,Plein jour,En agglomération,Hors intersection,Normale,Autre collision,4,2,2,2,1,1,1,0,1,50,1,2,1,0,1,0,30.0,,voiture,,1,2,1,1,6
202200026906,2022-03-07 01:25:00,2022,3,7,1,25,64,64284,RAUSKI,43.265571,-0.389773,Nuit avec éclairage allumé,En agglomération,Hors intersection,Normale,Sans collision,2,2,2,0,1,1,1,0,3,50,1,1,0,0,0,1,22.0,,voiture,,5,2,1,1,7
202200026907,2022-03-05 19:30:00,2022,3,5,19,30,61,61169,DOMFRONT (ROUTE DE),48.7357,-0.5754,Nuit avec éclairage allumé,En agglomération,Autre intersection,Pluie légère,Deux véhicules - côté,3,1,1,0,1,2,2,9,1,50,2,2,1,0,1,0,35.0,61.0,deux_roues,voiture,5,2,9,2,3
202200026908,2022-03-06 11:35:00,2022,3,6,11,35,57,57630,FOCH (MARECHAL),48.7357,7.05649,Plein jour,En agglomération,Intersection en X,Normale,Deux véhicules - côté,4,1,1,0,1,1,1,5,1,50,2,2,1,0,1,0,24.0,39.0,voiture,deux_roues,1,2,2,1,3
202200026909,2022-03-06 06:42:00,2022,3,6,6,42,51,51454,Rue de Verdun,49.26499,4.04157,Nuit avec éclairage allumé,En agglomération,Hors intersection,Normale,Sans collision,4,1,1,0,1,1,1,0,1,50,1,1,0,0,0,1,23.0,,deux_roues,,5,2,1,1,7
202200026910,2022-03-06 10:01:00,2022,3,6,10,1,49,49007,JEAN XXIII AVENUE,47.4519,-0.571,Plein jour,En agglomération,Hors intersection,Normale,Deux véhicules - frontale,4,2,2,0,1,1,1,0,1,30,2,3,2,0,0,1,26.0,,voiture,voiture,1,2,1,1,1
202200026911,2022-03-06 20:30:00,2022,3,6,20,30,37,37261,EIFFEL (AVENUE GUSTAVE),47.4246540122,0.6972509623,Nuit avec éclairage allumé,En agglomération,Hors intersection,Normale,Deux véhicules - côté,4,2,3,0,1,1,1,0,1,50,2,2,1,0,0,1,16.0,74.0,deux_roues,voiture,5,2,1,1,3
202200026912,2022-03-04 18:10:00,2022,3,4,18,10,35,35115,ROUSSIN (BOULEVARD EDMOND),48.345325,-1.194085,Plein jour,En agglomération,Autre intersection,Normale,Autre collision,4,2,2,0,1,1,1,0,1,50,3,3,2,0,0,1,16.0,64.0,deux_roues,voiture,1,2,9,1,6
202200026913,2022-03-05 02:10:00,2022,3,5,2,10,33,33063,Boulevard Albert 1er,44.81395,-0.567747,Nuit avec éclairage allumé,En agglomération,Intersection en T,Normale,Deux véhicules - arrière,4,2,5,3,1,1,1,5,1,50,2,2,1,1,0,0,50.0,32.0,deux_roues,voiture,5,2,3,1,2
202200026914,2022-03-05 20:20:00,2022,3,5,20,20,18,18033,Av du Mal de Lattre de Tassigny,47.10009,2.41564,Nuit avec éclairage allumé,En agglomération,Intersection en X,Normale,Deux véhicules - côté,3,2,1,0,1,1,1,0,8,50,2,2,1,0,1,0,40.0,17.0,voiture,deux_roues,5,2,2,1,3
202200026915,2022-03-06 20:35:00,2022,3,6,20,35,13,13206,LIEUTAUD (COURS),43.28909,5.3841,Nuit avec éclairage allumé,En agglomération,Intersection en X,Normale,Deux véhicules - côté,4,2,3,0,1,1,1,5,1,50,2,2,1,0,0,1,24.0,41.0,deux_roues,voiture,5,2,2,1,3
202200026916,2022-03-06 14:30:00,2022,3,6,14,30,13,13213,CROIX ROUGE (AVENUE),43.33288,5.4363,Plein jour,En agglomération,Hors intersection,Pluie légère,Deux véhicules - arrière,3,2,2,0,1,1,2,0,1,50,2,3,1,0,0,2,52.0,,voiture,voiture,1,2,1,2,2
202200026917,2022-03-06 05:15:00,2022,3,6,5,15,13,13213,POILUS (AVENUE DES),43.32073,5.45821,Nuit avec éclairage allumé,En agglomération,Hors intersection,Normale,Deux véhicules - côté,3,2,2,0,1,1,1,0,1,50,2,9,0,0,0,9,25.0,20.0,voiture,voiture,5,2,1,1,3
202200026918,2022-03-05 19:00:00,2022,3,5,19,0,13,13001,GARDANNE (ROUTE DE ),43.4894,5.40794,Crépuscule ou aube,Hors agglomération,Hors intersection,Normale,Deux véhicules - frontale,3,2,1,0,1,1,1,0,1,70,2,5,4,0,1,0,46.0,42.0,deux_roues,voiture,2,1,1,1,1
202200026919,2022-03-06 18:25:00,2022,3,6,18,25,06,06083,"MENTON (PDE DU VAL DE, N° 1 A 33)",43.778755,7.504954,Plein jour,En agglomération,Hors intersection,Normale,Deux véhicules - côté,3,2,2,0,2,4,1,0,1,50,2,2,1,0,1,0,20.0,32.0,deux_roues,voiture,1,2,1,1,3
202200026920,2022-03-06 06:40:00,2022,3,6,6,40,75,75113,BD PERIPHERIQUE INTERIEUR,48.816554,2.364296,Crépuscule ou aube,En agglomération,Intersection en Y,Normale,Autre collision,4,1,3,0,4,1,1,0,1,70,1,1,0,0,0,1,44.0,,voiture,,2,2,4,1,6
202200026921,2022-03-05 20:30:00,2022,3,5,20,30,75,75113,BD PERIPHERIQUE INTERIEUR,48.8207580106,2.3764961958,Nuit sans éclairage public,En agglomération,Intersection en Y,Normale,Deux véhicules - arrière,4,1,4,0,1,1,1,0,1,70,2,2,1,0,0,1,30.0,53.0,deux_roues,voiture,3,2,4,1,2
202200026922,2022-03-03 17:45:00,2022,3,3,17,45,75,75120,BD PERIPHERIQUE INTERIEUR,48.869643,2.413267,Crépuscule ou aube,En agglomération,Hors intersection,Normale,Deux véhicules - côté,4,1,4,0,1,1,1,0,1,70,2,2,1,0,0,1,56.0,24.0,voiture,deux_roues,2,2,1,1,3
202200026923,2022-03-04 21:46:00,2022,3,4,21,46,75,75116,BD PERIPHERIQUE INTERIEUR,48.850649,2.252218,Nuit avec éclairage allumé,En agglomération,Hors intersection,Normale,Sans collision,4,1,4,0,1,1,1,0,1,70,1,1,0,0,1,0,21.0,,deux_roues,,5,2,1,1,7
202200026924,2022-03-06 11:30:00,2022,3,6,11,30,75,75119,AVENUE DE FLANDRE,48.894312,2.381724,Plein jour,En agglomération,Intersection en X,Normale,Trois véhicules et plus - en chaîne,4,3,3,0,1,1,1,0,1,30,3,8,6,0,0,2,27.0,48.0,voiture,utilitaire_camion,1,2,2,1,4
202200026925,2022-03-06 20:15:00,2022,3,6,20,15,75,75118,RUE ORDENER,48.893867,2.334739,Nuit avec éclairage allumé,En agglomération,Hors intersection,Normale,Deux véhicules - côté,4,2,3,0,1,1,1,0,1,30,2,2,1,0,0,1,19.0,30.0,deux_roues,voiture,5,2,1,1,3
202200026926,2022-03-06 16:30:00,2022,3,6,16,30,75,75118,RUE DE LA CHAPELLE,48.892704241,2.3597672582,Plein jour,En agglomération,Intersection en T,Normale,Deux véhicules - côté,4,2,5,0,1,1,1,0,1,30,2,3,2,0,0,1,,18.0,voiture,deux_roues,1,2,3,1,3
202200026927,2022-03-05 22:45:00,2022,3,5,22,45,75,75116,PLACE CHARLES DE GAULLE,48.874059,2.294213,Nuit avec éclairage allumé,En agglomération,Place,Normale,Deux véhicules - côté,4,1,4,0,1,2,1,0,1,30,2,2,1,0,0,1,36.0,,deux_roues,voiture,5,2,7,1,3
202200026928,2022-03-06 06:40:00,2022,3,6,6,40,75,75106,RUE DE RENNES,48.8515877943,2.3311105371,Nuit avec éclairage allumé,En agglomération,Intersection en X,Normale,Deux véhicules - côté,4,2,4,0,1,1,1,0,1,30,2,2,1,0,0,1,35.0,24.0,voiture,voiture,5,2,2,1,3
202200026929,2022-03-06 18:00:00,2022,3,6,18,0,75,75114,RUE DU DEPART,48.8418762352,2.3226240277,Plein jour,En agglomération,Intersection en T,Normale,Autre collision,4,2,1,0,1,1,1,0,1,30,1,3,1,0,0,2,30.0,,deux_roues,,1,2,3,1,6
202200026930,2022-03-06 12:25:00,2022,3,6,12,25,75,75114,AVENUE DU GENERAL LECLERC,48.829304,2.328158,Plein jour,En agglomération,Hors intersection,Normale,Deux véhicules - côté,4,2,4,3,1,1,1,-1,4,30,2,2,1,0,0,1,27.0,66.0,deux_roues,voiture,1,2,1,1,3
202200026931,2022-03-06 15:30:00,2022,3,6,15,30,75,75113,BD PERIPHERIQUE INTERIEUR,48.8260428158,2.3872116208,Plein jour,En agglomération,Intersection en Y,Normale,Deux véhicules - arrière,4,1,3,0,1,1,1,2,1,70,2,2,1,0,0,1,32.0,22.0,deux_roues,voiture,1,2,4,1,2
202200026932,2022-03-06 11:15:00,2022,3,6,11,15,75,75113,QUAI FRANCOIS MAURIAC,48.832236,2.379774,Plein jour,En agglomération,Intersection en X,Normale,Autre collision,4,2,4,1,1,1,1,-1,5,30,1,2,0,0,0,2,20.0,,deux_roues,,1,2,2,1,6
202200026933,2022-03-06 17:00:00,2022,3,6,17,0,75,75111,RUE SERVAN,48.861144,2.382861,Plein jour,En agglomération,Intersection en T,Normale,Deux véhicules - côté,4,2,2,0,1,1,1,0,1,30,2,2,1,0,0,1,22.0,62.0,voiture,deux_roues,1,2,3,1,3
202200026934,2022-03-05 23:45:00,2022,3,5,23,45,75,75111,RUE DE NEMOURS,48.866291,2.372093,Nuit avec éclairage allumé,En agglomération,Intersection en X,Normale,Deux véhicules - côté,4,2,2,0,1,1,1,0,1,30,2,4,3,0,0,1,41.0,41.0,utilitaire_camion,deux_roues,5,2,2,1,3
202200026935,2022-03-06 18:00:00,2022,3,6,18,0,75,75108,BOULEVARD DE COURCELLES,48.8805312538,2.3099425435,Plein jour,En agglomération,Intersection en Y,Normale,Deux véhicules - côté,4,2,2,0,1,1,1,0,1,50,2,3,2,0,1,0,42.0,22.0,voiture,deux_roues,1,2,4,1,3
202200026936,2022-03-06 03:30:00,2022,3,6,3,30,75,75103,RUE DU TEMPLE,48.865819,2.36089,Nuit avec éclairage allumé,En agglomération,Intersection en T,Normale,Deux véhicules - côté,4,1,3,3,1,1,3,-1,6,30,2,3,2,0,0,1,39.0,30.0,transport_commun,deux_roues,5,2,3,1,3
202200026937,2022-03-06 09:45:00,2022,3,6,9,45,94,94076,Rue de Verdun,48.79257,2.35374,Plein jour,En agglomération,Hors intersection,Normale,Autre collision,4,2,2,0,2,1,1,0,1,50,1,1,0,0,0,1,23.0,,voiture,,1,2,1,1,6
202200026938,2022-03-06 06:05:00,2022,3,6,6,5,94,94003,Avenue Marx Dormoy,48.8095292759,2.3256120086,Nuit avec éclairage allumé,En agglomération,Autre intersection,Normale,Deux véhicules - arrière,3,3,4,0,1,1,1,0,1,50,2,3,2,0,0,1,46.0,,voiture,voiture,5,2,9,1,2
202200026939,2022-03-06 20:15:00,2022,3,6,20,15,94,94022,Avenue de Lugo,48.774,2.40947,Nuit avec éclairage allumé,En agglomération,Hors intersection,Normale,Deux véhicules - arrière,3,3,4,0,1,1,1,0,1,50,2,2,1,0,0,1,,27.0,voiture,voiture,5,2,1,1,2
202200026940,2022-03-06 00:24:00,2022,3,6,0,24,93,93071,AULNAY (RUE D'),48.9399,2.51725,Nuit avec éclairage allumé,En agglomération,Intersection en X,Normale,Autre collision,3,-1,4,0,1,1,1,0,1,50,1,2,1,0,1,0,19.0,,voiture,,5,2,2,1,6
202200026941,2022-03-06 19:57:00,2022,3,6,19,57,93,93048,Avenue de la Résistance,48.85885,2.43631,Nuit avec éclairage allumé,En agglomération,Hors intersection,Normale,Deux véhicules - côté,3,2,2,0,1,1,1,0,5,50,2,4,3,0,0,1,36.0,27.0,deux_roues,voiture,5,2,1,1,3
202200026942,2022-03-03 15:35:00,2022,3,3,15,35,17,17373,D110 E2,46.159234,-0.980508,Plein jour,Hors agglomération,Intersection en X,Normale,Deux véhicules - côté,3,2,2,0,1,2,1,0,1,80,2,2,1,0,0,1,43.0,62.0,voiture,deux_roues,1,1,2,1,3
202200026943,2022-03-05 05:00:00,2022,3,5,5,0,33,33289,Avenue Jean-Paul Glanet,44.649738,0.088027,Nuit sans éclairage public,En agglomération,Hors intersection,Normale,Sans collision,3,2,2,0,2,3,1,0,3,50,1,1,0,0,1,0,23.0,,utilitaire_camion,,3,2,1,1,7
202200026944,2022-03-07 15:05:00,2022,3,7,15,5,44,44169,2 Les Places,47.235772,-1.436291,Plein jour,Hors agglomération,Hors intersection,Normale,Deux véhicules - frontale,3,2,2,0,1,1,1,0,1,80,2,2,1,1,0,0,74.0,47.0,voiture,utilitaire_camion,1,1,1,1,1
202200026945,2022-03-05 11:55:00,2022,3,5,11,55,71,71383,"A6, PK 375+200 sens Lyon vers PARIS",46.416211,4.863319,Plein jour,Hors agglomération,Hors intersection,Normale,Deux véhicules - côté,1,3,5,0,1,1,1,0,1,130,2,8,6,0,0,2,27.0,50.0,voiture,voiture,1,1,1,1,3
202200026946,2022-03-07 19:10:00,2022,3,7,19,10,974,97410,Rond-Point des Plaines,-21.048237,55.716927,Nuit avec éclairage non allumé,En agglomération,Giratoire,Normale,Autre collision,2,2,2,0,1,1,1,0,1,50,1,2,1,0,1,0,76.0,,voiture,,4,2,6,1,6
202200026947,2022-03-06 20:15:00,2022,3,6,20,15,63,63054,A75 pk 38+000,45.4823694245,3.2463312144,Nuit sans éclairage public,Hors agglomération,Hors intersection,Normale,Deux véhicules - arrière,1,1,4,0,1,1,1,0,1,130,2,2,1,0,0,1,49.0,26.0,voiture,deux_roues,3,1,1,1,2
202200026948,2022-03-05 05:15:00,2022,3,5,5,15,34,34295,D613,43.564036,3.802557,Nuit avec éclairage allumé,Hors agglomération,Hors intersection,Normale,Deux véhicules - côté,7,2,2,0,2,3,1,0,1,80,2,2,1,0,0,1,41.0,44.0,voiture,utilitaire_camion,5,1,1,1,3
202200026949,2022-03-06 16:45:00,2022,3,6,16,45,63,63298,D41,45.734285,3.735678,Plein jour,Hors agglomération,Hors intersection,Normale,Autre collision,3,2,2,0,2,3,1,0,3,90,1,1,0,0,1,0,43.0,,utilitaire_camion,,1,1,1,1,6
202200026950,2022-03-06 17:00:00,2022,3,6,17,0,12,12288,D840,44.430229,2.45089,Plein jour,Hors agglomération,Intersection en T,Normale,Deux véhicules - côté,3,2,2,0,2,1,1,5,1,90,2,2,0,0,1,1,60.0,62.0,voiture,deux_roues,1,1,3,1,3
202200026951,2022-03-06 17:24:00,2022,3,6,17,24,12,12171,Route de la Dausse,44.504938,2.431755,Crépuscule ou aube,Hors agglomération,Hors intersection,Temps éblouissant,Deux véhicules - frontale,3,2,2,0,2,4,1,0,1,90,2,4,3,0,1,0,32.0,66.0,deux_roues,voiture,2,1,1,7,1
202200026952,2022-03-06 18:05:00,2022,3,6,18,5,41,41296,D2020,47.62645,2.008035,Crépuscule ou aube,Hors agglomération,Hors intersection,Normale,Trois véhicules et plus - en chaîne,3,2,2,0,1,1,1,0,1,80,3,3,0,0,0,3,21.0,59.0,voiture,voiture,2,1,1,1,4
202200026953,2022-03-06 22:20:00,2022,3,6,22,20,44,44213,D28,47.414039,-1.044144,Nuit sans éclairage public,Hors agglomération,Hors intersection,Normale,Sans collision,3,2,2,0,2,2,1,0,3,80,1,1,0,0,1,0,40.0,,voiture,,3,1,1,1,7
202200026954,2022-03-06 22:15:00,2022,3,6,22,15,02,02315,,49.700944,3.185799,Nuit sans éclairage public,En agglomération,Hors intersection,Normale,Autre collision,4,2,2,0,2,1,1,0,3,50,1,4,0,0,0,4,28.0,,voiture,,3,2,1,1,6
202200026955,2022-03-04 16:40:00,2022,3,4,16,40,03,03118,Avenue Pierre Mendès-France,46.09993,3.217921,Plein jour,Hors agglomération,Hors intersection,Normale,Deux véhicules - frontale,3,2,2,0,1,1,1,0,1,90,2,3,2,0,0,1,85.0,22.0,voiture,voiture,1,1,1,1,1
202200026956,2022-03-05 17:15:00,2022,3,5,17,15,03,03221,D250,46.660878,2.673057,Plein jour,Hors agglomération,Intersection en X,Normale,Deux véhicules - côté,3,2,1,0,1,1,1,0,1,70,2,2,1,0,1,0,16.0,17.0,deux_roues,deux_roues,1,1,2,1,3
202200026957,2022-03-04 10:09:00,2022,3,4,10,9,70,70421,67 Rue Francois Mitterrand,47.688253,6.045873,Plein jour,En agglomération,Hors intersection,Normale,Autre collision,3,2,2,0,2,1,1,0,1,50,1,1,0,0,1,0,96.0,,voiture,,1,2,1,1,6
202200026958,2022-03-06 14:20:00,2022,3,6,14,20,43,43113,Route de la Gare,44.999498,3.992803,Plein jour,Hors agglomération,Intersection en T,Normale,Deux véhicules - côté,3,2,2,0,1,1,1,0,1,80,2,2,1,0,1,0,41.0,47.0,voiture,deux_roues,1,1,3,1,3
202200026959,2022-03-07 00:50:00,2022,3,7,0,50,43,43150,RN 88 Lieu-dit Jacquet,45.104486,4.069362,Nuit sans éclairage public,Hors agglomération,Hors intersection,Normale,Deux véhicules - frontale,2,2,2,0,3,3,1,0,1,80,2,2,1,1,0,0,50.0,20.0,utilitaire_camion,voiture,3,1,1,1,1
202200026960,2022-03-06 17:40:00,2022,3,6,17,40,16,16107,13 Rue du Docteur Louis Ferrand,45.810353,0.287055,Plein jour,En agglomération,Hors intersection,Normale,Deux véhicules - frontale,3,2,2,0,1,1,1,0,1,50,2,2,1,0,1,0,68.0,32.0,voiture,deux_roues,1,2,1,1,1