accident_id,datetime,annee,mois,jour,heure,minute,departement,commune_insee,adresse,latitude,longitude,luminosite,agglomeration,intersection,meteo,collision,catr,circ,nbv,vosp,prof,plan,surf,infra,situ,vma,nb_vehicules,nb_usagers,nb_indemnes,nb_tues,nb_blesses_hosp,nb_blesses_legers,age_cond_1,age_cond_2,veh_type_cond_1,veh_type_cond_2,lum_code,agg_code,int_code,atm_code,col_code
202200027422,2022-06-20 21:15:00,2022,6,20,21,15,95,95394,RN 184,49.05191,2.15553,Plein jour,Hors agglomération,Hors intersection,Normale,Autre collision,2,3,4,0,1,1,1,0,3,110,1,1,0,0,0,1,27.0,,voiture,,1,1,1,1,6
202200027423,2022-04-14 09:20:00,2022,4,14,9,20,75,75118,RUE DE LA CHAPELLE,48.895,2.359,Plein jour,En agglomération,Giratoire,Normale,Deux véhicules - côté,4,2,2,0,1,1,1,0,1,30,2,2,1,0,0,1,47.0,26.0,voiture,deux_roues,1,2,6,1,3
202200027424,2022-06-20 18:30:00,2022,6,20,18,30,93,93078,AUTOROUTE A104,48.97112,2.49854,Plein jour,Hors agglomération,Hors intersection,Normale,Deux véhicules - arrière,1,3,8,0,1,1,1,3,1,90,2,2,1,0,0,1,53.0,57.0,voiture,utilitaire_camion,1,1,1,1,2
202200027425,2022-04-14 18:20:00,2022,4,14,18,20,75,75116,AVENUE VICTOR HUGO,48.872481,2.291986,Plein jour,En agglomération,Intersection en T,Normale,Autre collision,4,2,4,0,1,1,1,0,1,30,1,3,2,0,0,1,19.0,,deux_roues,,1,2,3,1,6
202200027426,2022-06-20 17:25:00,2022,6,20,17,25,93,93010,AUTOROUTE A3,48.91364,2.47712,Plein jour,Hors agglomération,Hors intersection,Normale,Trois véhicules et plus - collisions multiples,1,3,6,0,1,1,1,0,1,110,3,3,1,0,0,2,21.0,23.0,voiture,deux_roues,1,1,1,1,5
202200027427,2022-06-20 15:20:00,2022,6,20,15,20,93,93007,AUTOROUTE A3,48.92759,2.48101,Plein jour,Hors agglomération,Hors intersection,Normale,Deux véhicules - arrière,1,1,2,0,2,1,1,0,1,70,2,2,1,0,0,1,33.0,32.0,voiture,voiture,1,1,1,1,2
202200027428,2022-04-13 14:45:00,2022,4,13,14,45,75,75113,AVENUE DE LA PORTE D ITALIE,48.8174213728,2.3599995239,Plein jour,En agglomération,Intersection en X,Normale,Autre collision,4,2,6,3,1,1,1,-1,6,30,1,2,1,0,0,1,40.0,,voiture,,1,2,2,1,6
202200027429,2022-06-20 14:20:00,2022,6,20,14,20,93,93053,AUTOROUTE A3,48.8834224607,2.4585562635,Plein jour,Hors agglomération,Hors intersection,Normale,Deux véhicules - arrière,1,1,2,0,1,1,1,3,1,70,2,2,0,0,1,1,65.0,52.0,deux_roues,utilitaire_camion,1,1,1,1,2
202200027430,2022-04-14 18:45:00,2022,4,14,18,45,75,75112,VOIE GEORGES POMPIDOU,48.845391,2.366799,Plein jour,En agglomération,Hors intersection,Normale,Deux véhicules - frontale,4,1,3,1,2,1,1,1,5,30,2,2,1,0,0,1,33.0,,deux_roues,deux_roues,1,2,1,1,1
202200027431,2022-06-20 12:30:00,2022,6,20,12,30,93,93006,AUTOROUTE A3,48.86639,2.42313,Plein jour,Hors agglomération,Hors intersection,Normale,Trois véhicules et plus - en chaîne,1,3,8,0,1,1,1,0,1,90,3,3,2,0,0,1,19.0,46.0,voiture,deux_roues,1,1,1,1,4
202200027432,2022-06-20 05:10:00,2022,6,20,5,10,95,95572,RN 184,49.0406062069,2.1278715134,Crépuscule ou aube,Hors agglomération,Hors intersection,Normale,Autre collision,2,3,4,0,2,2,1,0,1,50,1,1,0,0,0,1,37.0,,voiture,,2,1,1,1,6
202200027433,2022-04-13 16:45:00,2022,4,13,16,45,75,75112,RUE DE BERCY,48.841082,2.378087,Plein jour,En agglomération,Hors intersection,Temps couvert,Autre collision,4,2,5,0,1,1,1,0,1,30,1,2,1,0,0,1,35.0,,deux_roues,,1,2,1,8,6
202200027434,2022-06-21 09:15:00,2022,6,21,9,15,94,94046,A86 INT,48.807129338,2.4487169744,Plein jour,Hors agglomération,Hors intersection,Normale,Deux véhicules - arrière,1,1,5,0,1,1,1,0,1,90,2,2,1,0,0,1,42.0,44.0,voiture,deux_roues,1,1,1,1,2
202200027435,2022-06-21 07:20:00,2022,6,21,7,20,94,94052,A86.EXT,48.83443,2.49359,Plein jour,Hors agglomération,Hors intersection,Normale,Deux véhicules - côté,1,1,2,0,1,2,2,1,1,90,2,2,0,0,0,2,31.0,55.0,voiture,voiture,1,1,1,1,3
202200027436,2022-04-14 08:20:00,2022,4,14,8,20,75,75111,AVENUE PHILIPPE AUGUSTE,48.855745,2.391358,Plein jour,En agglomération,Intersection en X,Normale,Deux véhicules - côté,4,2,2,0,1,1,1,8,1,30,2,3,2,0,0,1,32.0,35.0,voiture,voiture,1,2,2,1,3
202200027437,2022-06-20 14:20:00,2022,6,20,14,20,92,92025,G.GRES 2 A 148   1 A 135 (RUE),48.914424,2.234958,Plein jour,En agglomération,Hors intersection,Normale,Autre collision,4,2,0,0,1,1,1,0,1,50,1,2,1,0,0,1,54.0,,voiture,,1,2,1,1,6
202200027438,2022-04-14 19:20:00,2022,4,14,19,20,75,75110,RUE DU HUIT MAI 1945,48.876302,2.357451,Plein jour,En agglomération,Intersection en T,Normale,Autre collision,4,2,3,3,1,1,1,0,6,30,1,2,1,0,0,1,38.0,,voiture,,1,2,3,1,6
202200027439,2022-06-20 01:20:00,2022,6,20,1,20,75,75115,RUE DE LA CONVENTION,48.836457,2.299154,Nuit avec éclairage allumé,En agglomération,Intersection en T,Pluie forte,Autre collision,4,2,2,0,1,1,2,0,1,30,1,1,0,0,0,1,46.0,,deux_roues,,5,2,3,3,6
202200027440,2022-04-14 09:10:00,2022,4,14,9,10,75,75110,RUE BICHAT,48.870215,2.368865,Plein jour,En agglomération,Hors intersection,Normale,Autre collision,4,1,1,0,1,1,1,0,1,30,1,2,1,0,0,1,35.0,,deux_roues,,1,2,1,1,6
202200027441,2022-06-20 18:15:00,2022,6,20,18,15,92,92050,CLEMENCEAU GEORGES AVENUE N°IMPAIR,48.8865680583,2.2076294124,Plein jour,En agglomération,Hors intersection,Normale,Autre collision,3,1,1,0,1,1,1,0,1,50,1,2,1,0,0,1,55.0,,voiture,,1,2,1,1,6
202200027442,2022-04-13 11:25:00,2022,4,13,11,25,75,75108,AVENUE MATIGNON,48.8717627284,2.3142212871,Plein jour,En agglomération,Intersection en X,Pluie légère,Deux véhicules - arrière,4,1,2,0,1,1,2,0,1,30,2,2,1,0,0,1,26.0,49.0,utilitaire_camion,voiture,1,2,2,2,2
202200027443,2022-04-21 10:49:00,2022,4,21,10,49,51,51454,rue Jacquart,49.2616,4.04185,Plein jour,En agglomération,Intersection en X,Normale,Deux véhicules - côté,4,2,2,0,1,1,1,0,1,50,2,2,1,0,0,1,28.0,44.0,utilitaire_camion,utilitaire_camion,1,2,2,1,3
202200027444,2022-04-14 14:30:00,2022,4,14,14,30,75,75107,BOULEVARD RASPAIL,48.855187,2.325659,Plein jour,En agglomération,Hors intersection,Normale,Sans collision,4,1,1,1,1,1,1,0,5,30,1,1,0,0,0,1,56.0,,deux_roues,,1,2,1,1,7
202200027445,2022-06-20 12:25:00,2022,6,20,12,25,974,97411,VAUBAN (BOULEVARD),-20.88591,55.46451,Plein jour,En agglomération,Autre intersection,Normale,Deux véhicules - arrière,4,1,2,3,1,1,1,5,1,50,2,2,1,0,0,1,56.0,39.0,deux_roues,voiture,1,2,9,1,2
202200027446,2022-04-14 16:15:00,2022,4,14,16,15,75,75103,RUE DU TEMPLE,48.861903,2.356934,Plein jour,En agglomération,Intersection en X,Normale,Deux véhicules - côté,4,1,1,0,1,1,1,0,1,30,2,2,1,0,0,1,50.0,19.0,utilitaire_camion,deux_roues,1,2,2,1,3
202200027447,2022-06-19 19:05:00,2022,6,19,19,5,974,97411,BRASSENS (AVENUE GEORGES),-20.90549,55.487,Nuit avec éclairage allumé,En agglomération,Hors intersection,Normale,Deux véhicules - arrière,4,2,2,0,2,3,1,0,1,50,2,2,1,0,0,1,41.0,30.0,voiture,voiture,5,2,1,1,2
202200027448,2022-06-13 13:55:00,2022,6,13,13,55,974,97411,MONDON (RUE MONSEIGNEUR),-20.89267,55.46077,Plein jour,En agglomération,Hors intersection,Normale,Deux véhicules - côté,4,2,2,0,2,1,1,0,1,50,2,3,2,0,0,1,20.0,46.0,deux_roues,voiture,1,2,1,1,3
202200027449,2022-04-14 09:20:00,2022,4,14,9,20,94,94037,161 Avenue Paul Vaillant-Couturier,48.81693,2.3322,Plein jour,En agglomération,Hors intersection,Normale,Deux véhicules - côté,3,2,2,0,1,1,1,0,1,50,2,2,1,0,0,1,34.0,50.0,deux_roues,transport_commun,1,2,1,1,3
202200027450,2022-06-20 14:15:00,2022,6,20,14,15,973,97302,JOSE SYLVESTRE(ALLEE),4.9395436321,-52.3340459168,Plein jour,En agglomération,Intersection en X,Normale,Deux véhicules - côté,4,1,1,0,1,1,1,0,1,50,2,2,1,0,0,1,54.0,23.0,voiture,deux_roues,1,2,2,1,3
202200027451,2022-04-14 16:00:00,2022,4,14,16,0,94,94041,Rue Maurice Gunsbourg,48.81068,2.39883,Plein jour,En agglomération,Intersection en T,Normale,Deux véhicules - côté,4,2,2,0,1,1,1,0,1,50,2,2,1,0,0,1,54.0,27.0,voiture,voiture,1,2,3,1,3
202200027452,2022-06-20 07:45:00,2022,6,20,7,45,973,97302,MONTABO (ROUTE DE) 1,4.93995,-52.30153,Plein jour,En agglomération,Hors intersection,Normale,Trois véhicules et plus - collisions multiples,3,2,2,1,1,1,1,0,5,50,3,4,3,0,0,1,19.0,50.0,voiture,deux_roues,1,2,1,1,5
202200027453,2022-04-13 12:45:00,2022,4,13,12,45,94,94041,COLONEL FABIEN - PONT D'IVRY (BD DU),48.81466,2.40558,Plein jour,En agglomération,Intersection en X,Pluie légère,Deux véhicules - côté,3,1,1,1,1,3,2,5,1,50,2,2,1,1,0,0,47.0,60.0,utilitaire_camion,deux_roues,1,2,2,2,3
202200027454,2022-06-20 15:45:00,2022,6,20,15,45,69,69388,Rue des Serpollières,45.73157,4.86467,Plein jour,En agglomération,Intersection en X,Normale,Deux véhicules - côté,4,1,1,0,1,1,1,0,1,30,2,3,2,0,0,1,31.0,36.0,voiture,voiture,1,2,2,1,3
202200027455,2022-04-13 08:28:00,2022,4,13,8,28,94,94021,Rue de Montpellier,48.76331,2.35187,Plein jour,En agglomération,Hors intersection,Pluie légère,Deux véhicules - frontale,4,1,1,0,1,1,2,0,1,50,2,2,1,0,0,1,51.0,34.0,deux_roues,utilitaire_camion,1,2,1,2,1
202200027456,2022-06-20 13:25:00,2022,6,20,13,25,69,69388,Avenue Jean Mermoz,45.73385,4.87756,Plein jour,En agglomération,Intersection en X,Normale,Deux véhicules - côté,4,2,2,3,1,1,1,0,1,50,2,2,1,0,0,1,28.0,12.0,voiture,deux_roues,1,2,2,1,3
202200027457,2022-06-20 08:00:00,2022,6,20,8,0,69,69383,Rue Paul Bert,45.75709,4.85469,Plein jour,En agglomération,Intersection en X,Normale,Deux véhicules - côté,4,2,2,2,1,1,1,0,1,30,2,2,1,0,0,1,54.0,35.0,voiture,deux_roues,1,2,2,1,3
202200027458,2022-04-14 10:30:00,2022,4,14,10,30,94,94028,Avenue du Général de Gaulle  / Rue Antoine Etex,48.7977,2.44829,Plein jour,En agglomération,Intersection en X,Normale,Deux véhicules - côté,4,2,4,0,1,1,1,5,1,50,2,2,1,0,0,1,23.0,42.0,voiture,voiture,1,2,2,1,3
202200027459,2022-06-19 23:10:00,2022,6,19,23,10,972,97209,JULES MONNEROT (RUE),14.61089,-61.07069,Nuit avec éclairage allumé,En agglomération,Intersection en T,Normale,Deux véhicules - côté,4,1,1,0,1,1,1,0,1,30,2,3,1,0,0,1,,21.0,deux_roues,voiture,5,2,3,1,3
202200027460,2022-04-13 23:00:00,2022,4,13,23,0,94,94004,Avenue du Général Leclerc / Allée des F.f.i.,48.75445,2.50603,Nuit avec éclairage allumé,En agglomération,Intersection en T,Normale,Deux véhicules - frontale,2,3,2,0,2,1,1,9,1,50,2,2,1,0,0,1,33.0,35.0,voiture,deux_roues,5,2,3,1,1
202200027461,2022-06-19 20:45:00,2022,6,19,20,45,972,97209,AUTOROUTE (A1),14.61803,-61.03933,Nuit avec éclairage allumé,Hors agglomération,Hors intersection,Normale,Trois véhicules et plus - collisions multiples,1,3,4,0,3,2,1,0,1,90,3,5,3,0,0,2,28.0,52.0,voiture,utilitaire_camion,5,1,1,1,5
202200027462,2022-04-14 19:50:00,2022,4,14,19,50,93,93078,Avenue Georges Clémenceau,48.958586,2.558143,Plein jour,En agglomération,Hors intersection,Normale,Deux véhicules - côté,3,2,2,0,1,1,1,0,1,50,2,2,1,0,0,1,44.0,39.0,utilitaire_camion,voiture,1,2,1,1,3
202200027463,2022-06-20 15:25:00,2022,6,20,15,25,69,69389,Place Abbé Pierre,45.78638,4.79552,Plein jour,En agglomération,Intersection en X,Normale,Autre collision,4,2,2,3,2,1,1,0,1,50,1,2,1,0,0,1,,,deux_roues,,1,2,2,1,6
202200027464,2022-04-14 19:40:00,2022,4,14,19,40,93,93077,Avenue du Raincy,48.8879787272,2.5099233091,Plein jour,En agglomération,Hors intersection,Normale,Deux véhicules - côté,3,1,1,0,1,1,1,0,1,50,2,2,1,0,0,1,51.0,23.0,voiture,deux_roues,1,2,1,1,3
202200027465,2022-06-20 17:00:00,2022,6,20,17,0,2B,2B120,11 - RT,42.65202,9.44091,Plein jour,Hors agglomération,Hors intersection,Normale,Deux véhicules - arrière,2,3,4,0,1,1,1,0,1,50,2,2,1,0,1,0,25.0,28.0,voiture,deux_roues,1,1,1,1,2
202200027466,2022-04-14 12:30:00,2022,4,14,12,30,93,93048,Boulevard de Chanzy,48.85862,2.43046,Plein jour,En agglomération,Hors intersection,Normale,Deux véhicules - côté,3,2,2,1,1,1,1,0,5,50,2,2,1,0,0,1,49.0,49.0,voiture,deux_roues,1,2,1,1,3
202200027467,2022-04-14 14:50:00,2022,4,14,14,50,93,93046,Avenue Montesquieu / Allée Stanislas Kubacki,48.92489,2.53393,Plein jour,En agglomération,Intersection en T,Normale,Deux véhicules - frontale,4,2,2,0,1,1,1,0,1,50,2,2,1,0,0,1,30.0,45.0,voiture,deux_roues,1,2,3,1,1
202200027468,2022-06-20 05:50:00,2022,6,20,5,50,971,97101,RN1 ROCADE DE CHAUVEL,16.2409225044,-61.5227079391,Plein jour,Hors agglomération,Hors intersection,Normale,Deux véhicules - arrière,2,1,0,0,1,1,1,0,1,90,2,2,1,0,0,1,50.0,29.0,voiture,voiture,1,1,1,1,2
202200027469,2022-06-20 21:30:00,2022,6,20,21,30,2A,2A004,CAMPI LOUIS BD,41.9422241349,8.7502847315,Nuit avec éclairage allumé,En agglomération,Giratoire,Normale,Deux véhicules - côté,4,4,3,0,1,2,1,9,8,50,2,2,1,0,0,1,51.0,68.0,deux_roues,voiture,5,2,6,1,3
202200027470,2022-04-14 17:30:00,2022,4,14,17,30,93,93031,Boulevard Foch,48.946543,2.334139,Plein jour,En agglomération,Hors intersection,Normale,Deux véhicules - arrière,3,1,2,0,2,1,1,0,1,50,2,3,2,0,0,1,45.0,23.0,transport_commun,utilitaire_camion,1,2,1,1,2
202200027471,2022-06-20 13:14:00,2022,6,20,13,14,2A,2A004,ROUTE DU STILETTO,41.9459,8.77144,Plein jour,En agglomération,Hors intersection,Normale,Deux véhicules - côté,3,2,1,0,2,2,1,0,1,50,2,2,1,0,1,0,29.0,76.0,voiture,voiture,1,2,1,1,3
202200027472,2022-04-14 20:59:00,2022,4,14,20,59,93,93030,Avenue du 8 Mai 1945,48.94812,2.43699,Nuit sans éclairage public,En agglomération,Hors intersection,Normale,Sans collision,3,3,6,0,1,1,1,9,1,30,1,2,0,0,0,2,21.0,,voiture,,3,2,1,1,7
202200027473,2022-04-14 17:40:00,2022,4,14,17,40,93,93047,Avenue Jean Jaurés / Avenue des Oeillets,48.89817,2.55637,Plein jour,En agglomération,Intersection en T,Normale,Deux véhicules - arrière,3,2,2,1,1,1,1,0,1,50,2,2,1,0,0,1,67.0,46.0,voiture,deux_roues,1,2,3,1,2
202200027474,2022-05-27 11:30:00,2022,5,27,11,30,89,89287,LIBERTE (AVENUE),48.17765,3.23973,Plein jour,En agglomération,Intersection en X,Normale,Trois véhicules et plus - collisions multiples,3,2,2,0,1,1,1,0,1,50,3,3,2,0,1,0,74.0,76.0,voiture,voiture,1,2,2,1,5
202200027475,2022-04-14 18:20:00,2022,4,14,18,20,93,93007,Square Maurice Audin,48.9491275869,2.4529214502,Plein jour,En agglomération,Autre intersection,Normale,Autre collision,4,1,1,3,1,1,1,6,6,1,1,2,1,0,0,1,18.0,,deux_roues,,1,2,9,1,6
202200027476,2022-06-18 07:22:00,2022,6,18,7,22,87,87085,FLEURUS (BOULEVARD DE),45.8301,1.26293,Plein jour,En agglomération,Intersection en T,Normale,Autre collision,4,2,2,0,1,1,1,0,1,30,1,3,2,0,1,0,19.0,,deux_roues,,1,2,3,1,6
202200027477,2022-04-13 09:30:00,2022,4,13,9,30,93,93007,Avenue Paul Vaillant Couturier,48.926581,2.471215,Plein jour,En agglomération,Hors intersection,Pluie forte,Autre collision,3,2,2,0,1,1,2,9,1,30,1,2,1,0,0,1,43.0,,voiture,,1,2,1,3,6
202200027478,2022-04-13 17:00:00,2022,4,13,17,0,93,93001,Rue Waldeck Rochet,48.910815,2.367528,Plein jour,En agglomération,Hors intersection,Normale,Autre collision,4,2,2,0,1,1,1,0,1,50,1,2,1,0,0,1,36.0,,voiture,,1,2,1,1,6
202200027479,2022-04-14 18:00:00,2022,4,14,18,0,92,92046,ADOLPHE PINARD (BOULEVARD),48.8248804772,2.3023143411,Plein jour,En agglomération,Intersection en X,Normale,Autre collision,3,1,2,0,1,1,1,0,1,30,1,1,0,0,0,1,29.0,,deux_roues,,1,2,2,1,6
202200027480,2022-06-13 10:50:00,2022,6,13,10,50,78,78440,MARECHAL FOCH (AVENUE DU),48.98636,1.89494,Plein jour,En agglomération,Hors intersection,Normale,Trois véhicules et plus - en chaîne,3,2,2,0,2,1,1,0,1,50,3,3,2,0,0,1,81.0,47.0,voiture,voiture,1,2,1,1,4
202200027481,2022-04-14 18:35:00,2022,4,14,18,35,92,92026,ABREUVOIR,48.8909325636,2.2552340627,Plein jour,En agglomération,Hors intersection,Normale,Sans collision,3,-1,2,0,1,1,1,0,1,30,1,1,0,0,0,1,27.0,,deux_roues,,1,2,1,1,7
202200027482,2022-06-12 08:35:00,2022,6,12,8,35,77,77468,D128,48.84485,2.64819,Plein jour,En agglomération,Hors intersection,Temps éblouissant,Deux véhicules - arrière,3,3,4,0,1,1,1,0,1,50,2,2,1,1,0,0,29.0,46.0,voiture,deux_roues,1,2,1,7,2
202200027483,2022-04-14 12:40:00,2022,4,14,12,40,92,92026,BELGIQUE ( PLACE DE ),48.9035734141,2.2678254247,Plein jour,En agglomération,Giratoire,Normale,Deux véhicules - côté,3,1,0,0,1,2,1,5,1,50,2,2,0,0,0,2,30.0,29.0,voiture,voiture,1,2,6,1,3
202200027484,2022-04-13 13:15:00,2022,4,13,13,15,92,92025,MARECHAL JOFFRE (RUE DU),48.921595,2.257824,Plein jour,En agglomération,Hors intersection,Pluie légère,Deux véhicules - arrière,3,1,1,0,1,1,2,0,1,30,2,2,1,0,0,1,44.0,69.0,voiture,deux_roues,1,2,1,2,2
202200027485,2022-06-18 19:00:00,2022,6,18,19,0,76,76552,CAP ( RTE DU ),49.50581,0.08129,Plein jour,En agglomération,Intersection en X,Normale,Autre collision,3,2,2,0,1,1,1,0,1,50,1,1,0,0,1,0,75.0,,voiture,,1,2,2,1,6
202200027486,2022-06-17 17:35:00,2022,6,17,17,35,76,76270,Route Départementale 31,49.5525,0.14312,Plein jour,Hors agglomération,Hors intersection,Normale,Deux véhicules - arrière,3,2,4,1,1,1,1,0,1,70,2,2,1,0,0,1,19.0,18.0,voiture,deux_roues,1,1,1,1,2
202200027487,2022-04-16 07:40:00,2022,4,16,7,40,01,01004,D1504,45.961502,5.350063,Plein jour,Hors agglomération,Intersection en T,Normale,Deux véhicules - côté,3,2,2,0,1,1,1,5,1,80,2,2,0,0,0,2,25.0,24.0,voiture,voiture,1,1,3,1,3
202200027488,2022-06-19 16:15:00,2022,6,19,16,15,73,73065,D1006 - LYON (ROUTE DE),45.56337,5.90264,Plein jour,En agglomération,Hors intersection,Normale,Trois véhicules et plus - en chaîne,3,2,2,0,1,1,1,0,1,50,3,5,3,0,1,1,22.0,67.0,voiture,voiture,1,2,1,1,4
202200027489,2022-04-15 18:30:00,2022,4,15,18,30,52,52365,D105,48.0746,4.9434,Plein jour,Hors agglomération,Hors intersection,Normale,Sans collision,3,2,2,0,1,4,1,0,3,80,1,1,0,0,0,1,69.0,,deux_roues,,1,1,1,1,7
202200027490,2022-06-16 17:00:00,2022,6,16,17,0,73,73011,ARMAND (RUE LOUIS),45.65763,6.36949,Plein jour,En agglomération,Intersection en T,Normale,Deux véhicules - frontale,4,2,2,2,1,2,1,-1,1,50,2,2,1,0,0,1,50.0,51.0,voiture,voiture,1,2,3,1,1
202200027491,2022-04-15 19:00:00,2022,4,15,19,0,16,16204,D1,45.519306,-0.158183,Plein jour,Hors agglomération,Intersection en X,Normale,Deux véhicules - côté,3,2,2,0,1,1,1,0,1,90,2,2,1,0,1,0,74.0,26.0,voiture,voiture,1,1,2,1,3
202200027492,2022-06-19 04:55:00,2022,6,19,4,55,71,71270,761 Avenue du Maréchal Juin,46.31913,4.83476,Plein jour,En agglomération,Hors intersection,Normale,Autre collision,4,3,2,0,1,1,1,6,1,50,1,2,0,0,0,2,19.0,,voiture,,1,2,1,1,6
202200027493,2022-04-16 18:30:00,2022,4,16,18,30,95,95134,RD 4,49.13105,2.227221,Plein jour,En agglomération,Hors intersection,Normale,Deux véhicules - frontale,3,2,2,1,1,1,1,0,1,-1,2,2,1,0,0,1,28.0,68.0,voiture,voiture,1,2,1,1,1
202200027494,2022-06-19 14:37:00,2022,6,19,14,37,70,70388,RD457,47.60966,6.13204,Plein jour,Hors agglomération,Hors intersection,Normale,Deux véhicules - frontale,3,2,3,0,2,1,1,0,1,70,2,2,0,0,0,2,79.0,21.0,voiture,voiture,1,1,1,1,1
202200027495,2022-03-20 22:30:00,2022,3,20,22,30,972,97227,RN5,14.4694983564,-60.9209811687,Nuit avec éclairage allumé,Hors agglomération,Hors intersection,Normale,Deux véhicules - frontale,2,2,2,0,2,3,1,2,1,50,2,2,0,0,0,2,22.0,42.0,deux_roues,voiture,5,1,1,1,1
202200027496,2022-06-10 21:00:00,2022,6,10,21,0,69,69264,Rue de la Quarantaine,45.98881,4.72699,Plein jour,En agglomération,Giratoire,Normale,Deux véhicules - côté,4,2,2,0,1,2,1,9,1,30,2,2,1,0,0,1,8.0,38.0,deux_roues,voiture,1,2,6,1,3
202200027497,2022-04-16 15:35:00,2022,4,16,15,35,01,01354,9 Rue de Lyon,46.242743,6.019853,Plein jour,En agglomération,Hors intersection,Normale,Deux véhicules - arrière,4,2,2,0,1,1,1,0,1,50,2,2,1,0,0,1,39.0,44.0,voiture,deux_roues,1,2,1,1,2
202200027498,2022-06-19 21:40:00,2022,6,19,21,40,67,67482,RHIN TORTU (RUE DU),48.55379,7.7576,Crépuscule ou aube,En agglomération,Hors intersection,Normale,Deux véhicules - côté,4,3,4,1,1,1,1,0,1,30,2,2,1,0,0,1,23.0,36.0,deux_roues,voiture,2,2,1,1,3
202200027499,2022-06-19 04:05:00,2022,6,19,4,5,67,67482,VICTOIRE (BOULEVARD DE LA),48.58257,7.76513,Plein jour,En agglomération,Intersection en T,Normale,Deux véhicules - arrière,4,3,1,3,1,1,1,5,1,50,2,2,1,0,0,1,36.0,32.0,voiture,deux_roues,1,2,3,1,2
202200027500,2022-04-16 06:45:00,2022,4,16,6,45,29,29302,N165,48.25271329,-4.114440656,Crépuscule ou aube,Hors agglomération,Hors intersection,Normale,Autre collision,2,3,4,0,2,2,1,0,2,110,1,2,1,0,0,1,21.0,,voiture,,2,1,1,1,6
202200027501,2022-06-19 01:30:00,2022,6,19,1,30,67,67482,FUSTEL DE COULANGES (QUAI),48.57507,7.75215,Nuit avec éclairage allumé,En agglomération,Intersection en T,Normale,Deux véhicules - côté,4,2,3,3,1,1,1,0,1,50,2,2,1,0,0,1,45.0,42.0,deux_roues,voiture,5,2,3,1,3
202200027502,2022-04-06 10:22:00,2022,4,6,10,22,69,69283,Route de Saint Priest,45.674894,4.955842,Plein jour,En agglomération,Intersection en X,Normale,Deux véhicules - côté,4,2,2,0,1,1,1,0,1,50,2,2,0,0,1,1,31.0,44.0,voiture,voiture,1,2,2,1,3
202200027503,2022-06-18 10:15:00,2022,6,18,10,15,67,67482,SAINT ALOISE (RUE),48.56535,7.76286,Plein jour,En agglomération,Intersection en T,Normale,Deux véhicules - côté,4,2,2,0,1,1,1,0,1,50,2,2,1,0,0,1,69.0,37.0,deux_roues,voiture,1,2,3,1,3
202200027504,2022-04-15 17:55:00,2022,4,15,17,55,47,47156,Route de Couthures,44.493865,0.070875,Plein jour,Hors agglomération,Intersection en T,Normale,Deux véhicules - côté,3,2,2,0,2,1,1,0,1,50,2,2,1,0,1,0,37.0,63.0,voiture,deux_roues,1,1,3,1,3
202200027505,2022-06-18 08:50:00,2022,6,18,8,50,67,67267,FOULONS (ALLEE DES),48.55938,7.69887,Plein jour,En agglomération,Hors intersection,Normale,Deux véhicules - frontale,4,2,2,0,1,2,1,0,1,50,2,3,2,0,0,1,34.0,60.0,voiture,voiture,1,2,1,1,1
202200027506,2022-06-17 15:20:00,2022,6,17,15,20,67,67482,CAPUCINS (RUE DES),48.57802,7.70402,Plein jour,En agglomération,Intersection en T,Normale,Deux véhicules - côté,4,2,3,1,1,1,1,0,1,50,2,2,1,0,0,1,29.0,35.0,utilitaire_camion,deux_roues,1,2,3,1,3
202200027507,2022-04-15 20:30:00,2022,4,15,20,30,62,62184,D14,50.194182,3.015962,Crépuscule ou aube,Hors agglomération,Intersection en X,Normale,Deux véhicules - côté,3,2,2,0,1,1,1,0,3,80,2,2,1,1,0,0,39.0,23.0,voiture,voiture,2,1,2,1,3
202200027508,2022-06-17 08:30:00,2022,6,17,8,30,67,67482,ROMAINS (ROUTE DES),48.57972,7.71747,Plein jour,En agglomération,Hors intersection,Normale,Autre collision,4,1,1,1,1,1,1,9,5,30,1,2,0,0,0,2,27.0,,deux_roues,,1,2,1,1,6
202200027509,2022-04-16 18:40:00,2022,4,16,18,40,69,69133,Route Départementale 315,45.6249380939,4.803096056,Plein jour,Hors agglomération,Hors intersection,Temps éblouissant,Deux véhicules - frontale,3,2,2,0,2,4,1,0,1,-1,2,2,1,0,0,1,46.0,58.0,voiture,deux_roues,1,1,1,7,1
202200027510,2022-06-16 16:40:00,2022,6,16,16,40,67,67482,MENACHEM TAFFEL (RUE),48.57407,7.74621,Plein jour,En agglomération,Hors intersection,Normale,Trois véhicules et plus - en chaîne,4,2,4,3,1,1,1,0,1,50,3,4,3,0,0,1,43.0,40.0,voiture,voiture,1,2,1,1,4
202200027511,2022-04-16 08:30:00,2022,4,16,8,30,83,83031,D17,43.414863,6.343869,Plein jour,Hors agglomération,Hors intersection,Normale,Autre collision,3,2,2,0,1,1,1,0,3,80,1,1,0,0,1,0,19.0,,voiture,,1,1,1,1,6
202200027512,2022-06-16 16:20:00,2022,6,16,16,20,67,67482,PRESIDENT WILSON (BOULEVARD),48.58857,7.73949,Plein jour,En agglomération,Intersection en T,Normale,Deux véhicules - côté,4,1,3,1,1,1,1,0,1,50,2,2,0,0,0,2,44.0,41.0,deux_roues,deux_roues,1,2,3,1,3
202200027513,2022-06-18 15:58:00,2022,6,18,15,58,66,66136,GRANDE BRETAGNE (AVENUE DE),42.69899,2.87884,Plein jour,En agglomération,Hors intersection,Normale,Autre collision,4,2,2,0,1,1,1,0,1,50,1,2,0,0,1,1,52.0,,deux_roues,,1,2,1,1,6