accident_id,datetime,annee,mois,jour,heure,minute,departement,commune_insee,adresse,latitude,longitude,luminosite,agglomeration,intersection,meteo,collision,catr,circ,nbv,vosp,prof,plan,surf,infra,situ,vma,nb_vehicules,nb_usagers,nb_indemnes,nb_tues,nb_blesses_hosp,nb_blesses_legers,age_cond_1,age_cond_2,veh_type_cond_1,veh_type_cond_2,lum_code,agg_code,int_code,atm_code,col_code
202200027607,2022-04-03 15:00:00,2022,4,3,15,0,17,17219,Route de Bourcefranc,45.830982,-1.114855,Plein jour,Hors agglomération,Intersection en X,Normale,Deux véhicules - arrière,3,3,2,0,1,1,1,5,1,80,2,4,2,0,1,1,21.0,69.0,deux_roues,voiture,1,1,2,1,2
202200027608,2022-01-25 17:45:00,2022,1,25,17,45,92,92064,A13,48.8424742453,2.2221924662,Nuit avec éclairage allumé,Hors agglomération,Hors intersection,Brouillard / fumée,Trois véhicules et plus - en chaîne,1,1,4,0,1,1,1,1,1,70,4,4,3,0,0,1,33.0,28.0,deux_roues,voiture,5,1,1,5,4
202200027609,2022-06-20 16:20:00,2022,6,20,16,20,94,94003,ARISTIDE BRIAND (AV),48.81068,2.32683,Plein jour,En agglomération,Intersection en T,Normale,Deux véhicules - côté,3,3,8,2,1,1,1,0,1,50,2,3,1,0,0,2,59.0,23.0,deux_roues,voiture,1,2,3,1,3
202200027610,2022-04-16 11:35:00,2022,4,16,11,35,86,86036,D147,47.078466,0.067463,Plein jour,Hors agglomération,Intersection en T,Normale,Deux véhicules - côté,3,2,2,0,1,1,1,5,1,90,2,3,2,0,1,0,65.0,76.0,deux_roues,voiture,1,1,3,1,3
202200027611,2022-06-20 00:10:00,2022,6,20,0,10,94,94033,Avenue du Marechal de Lattre de Tassigny,48.855,2.49276,Nuit avec éclairage allumé,En agglomération,Hors intersection,Pluie forte,Autre collision,3,3,4,0,1,1,2,0,1,50,1,1,0,0,0,1,23.0,,voiture,,5,2,1,3,6
202200027612,2022-01-26 07:25:00,2022,1,26,7,25,95,95572, A15,49.02588,2.13122,Crépuscule ou aube,Hors agglomération,Hors intersection,Normale,Trois véhicules et plus - collisions multiples,1,3,6,0,1,1,1,0,1,110,3,3,2,0,0,1,31.0,40.0,utilitaire_camion,voiture,2,1,1,1,5
202200027613,2022-04-14 05:50:00,2022,4,14,5,50,33,33535,38 Avenue de Branne,44.835985,-0.482073,Nuit avec éclairage allumé,Hors agglomération,Hors intersection,Normale,Autre collision,3,2,4,0,1,1,1,0,1,90,1,3,1,0,1,1,61.0,,utilitaire_camion,,5,1,1,1,6
202200027614,2022-06-20 19:20:00,2022,6,20,19,20,93,93070,Boulevard Jean Jaurès,48.914732,2.337212,Plein jour,En agglomération,Hors intersection,Normale,Deux véhicules - arrière,3,2,2,1,1,1,1,0,6,40,2,3,2,0,0,1,35.0,44.0,voiture,transport_commun,1,2,1,1,2
202200027615,2022-04-15 12:55:00,2022,4,15,12,55,50,50492,L Euriere,49.080194,-0.953203,Plein jour,Hors agglomération,Hors intersection,Normale,Deux véhicules - frontale,4,2,2,0,2,2,1,0,1,80,2,2,1,0,0,1,43.0,30.0,voiture,utilitaire_camion,1,1,1,1,1
202200027616,2022-01-26 09:20:00,2022,1,26,9,20,93,93005,AUTOROUTE A3,48.95299,2.47386,Plein jour,Hors agglomération,Hors intersection,Normale,Deux véhicules - arrière,1,3,6,0,1,1,1,0,1,90,2,2,0,0,0,2,30.0,25.0,voiture,voiture,1,1,1,1,2
202200027617,2022-06-20 19:58:00,2022,6,20,19,58,93,93046,Boulevard Jean Jaurès / Avenue Vauban,48.9207,2.52619,Plein jour,En agglomération,Intersection en X,Normale,Deux véhicules - côté,3,2,2,0,1,1,1,0,1,50,2,2,1,0,0,1,46.0,53.0,transport_commun,voiture,1,2,2,1,3
202200027618,2022-04-16 11:39:00,2022,4,16,11,39,22,22201,Plage du Porry,48.666832,-2.339154,Plein jour,Hors agglomération,Hors intersection,Normale,Deux véhicules - côté,3,2,2,0,1,1,1,0,1,70,2,4,3,1,0,0,61.0,33.0,deux_roues,voiture,1,1,1,1,3
202200027619,2022-01-24 23:05:00,2022,1,24,23,5,93,93064,AUTOROUTE A103,48.88573,2.48701,Nuit sans éclairage public,Hors agglomération,Hors intersection,Normale,Autre collision,1,3,6,0,1,1,1,0,1,90,2,3,1,0,0,2,56.0,67.0,voiture,voiture,3,1,1,1,6
202200027620,2022-06-20 20:45:00,2022,6,20,20,45,93,93029,Avenue Jean Jaurès,48.9203196485,2.4502971768,Plein jour,En agglomération,Hors intersection,Normale,Deux véhicules - côté,3,2,3,0,1,1,1,0,1,50,2,2,1,0,0,1,61.0,25.0,voiture,deux_roues,1,2,1,1,3
202200027621,2022-01-25 08:45:00,2022,1,25,8,45,81,81065,VILLENEUVE (RUE EMILIE DE),43.5982166577,2.2424031794,Plein jour,En agglomération,Hors intersection,Normale,Deux véhicules - arrière,4,2,2,0,1,1,1,9,1,50,2,2,1,0,0,1,21.0,43.0,voiture,deux_roues,1,2,1,1,2
202200027622,2022-04-16 18:25:00,2022,4,16,18,25,27,27275,d6015,49.155047,1.359215,Plein jour,Hors agglomération,Hors intersection,Normale,Deux véhicules - côté,3,2,2,0,1,1,1,0,1,80,2,3,1,0,0,2,51.0,57.0,deux_roues,voiture,1,1,1,1,3
202200027623,2022-06-20 14:39:00,2022,6,20,14,39,92,92040,BOURGAIN (AVENE),48.8217120597,2.2664650082,Plein jour,En agglomération,Hors intersection,Normale,Deux véhicules - arrière,3,2,2,0,2,1,1,0,1,30,2,2,1,0,0,1,44.0,44.0,deux_roues,utilitaire_camion,1,2,1,1,2
202200027624,2022-04-16 20:45:00,2022,4,16,20,45,27,27213,D9,49.208963,1.58231,Crépuscule ou aube,Hors agglomération,Hors intersection,Normale,Sans collision,3,2,2,0,1,1,1,0,3,80,1,1,0,0,1,0,31.0,,deux_roues,,2,1,1,1,7
202200027625,2022-01-25 05:45:00,2022,1,25,5,45,62,62193,A16,50.95896,1.9055,Nuit avec éclairage allumé,Hors agglomération,Hors intersection,Brouillard / fumée,Autre collision,2,1,4,0,1,1,8,2,1,90,1,2,1,1,0,0,,,autre,,5,1,1,5,6
202200027626,2022-06-20 19:48:00,2022,6,20,19,48,92,92007,VAILLANT-COUTURIER (AVENU PAUL),48.79421257,2.3163688481,Plein jour,En agglomération,Hors intersection,Normale,Deux véhicules - côté,3,-1,2,0,2,1,1,0,1,50,2,2,1,0,0,1,51.0,19.0,voiture,deux_roues,1,2,1,1,3
202200027627,2022-01-24 17:30:00,2022,1,24,17,30,81,81065,JEAN (RUE ST.),43.6089780959,2.2391543537,Plein jour,En agglomération,Hors intersection,Normale,Autre collision,4,2,2,0,1,1,1,9,1,50,1,4,0,0,0,4,48.0,,voiture,,1,2,1,1,6
202200027628,2022-06-19 22:22:00,2022,6,19,22,22,92,92007,PETIT (AVENUE ALBERT) N° 39 A FIN,48.7953288261,2.3106356263,Nuit avec éclairage allumé,En agglomération,Intersection en T,Pluie légère,Autre collision,3,2,2,0,1,1,2,0,1,50,3,3,2,0,0,1,47.0,23.0,deux_roues,deux_roues,5,2,3,2,6
202200027629,2022-06-19 19:44:00,2022,6,19,19,44,92,92002,ARMAND GUILLEBAUD (AVENUE),48.7450754069,2.3153644949,Plein jour,En agglomération,Hors intersection,Normale,Autre collision,3,2,2,0,1,1,1,0,1,50,1,2,1,0,0,1,20.0,,voiture,,1,2,1,1,6
202200027630,2022-01-24 18:05:00,2022,1,24,18,5,57,57508,Rue du Konacker,49.347,6.056,Nuit avec éclairage allumé,En agglomération,Hors intersection,Normale,Autre collision,3,2,2,0,1,1,1,0,1,30,1,2,1,0,1,0,41.0,,voiture,,5,2,1,1,6
202200027631,2022-06-21 13:55:00,2022,6,21,13,55,76,76592,La Grand Route,49.505885,0.502694,Plein jour,Hors agglomération,Hors intersection,Normale,Trois véhicules et plus - collisions multiples,3,-1,2,0,1,1,1,0,1,70,3,3,1,0,1,1,43.0,55.0,voiture,deux_roues,1,1,1,1,5
202200027632,2022-06-20 17:30:00,2022,6,20,17,30,49,49063,Rue des Mauges,47.348753,-0.775058,Plein jour,En agglomération,Hors intersection,Normale,Autre collision,4,2,2,0,1,3,1,0,1,50,1,1,0,0,0,1,17.0,,deux_roues,,1,2,1,1,6
202200027633,2022-01-24 20:15:00,2022,1,24,20,15,32,32013,ETIGNY (RUE D'),43.6454,0.58237,Nuit avec éclairage allumé,En agglomération,Autre intersection,Normale,Autre collision,4,2,2,0,2,1,1,0,1,50,1,2,1,0,0,1,20.0,,utilitaire_camion,,5,2,9,1,6
202200027634,2022-06-20 13:50:00,2022,6,20,13,50,67,67265,D181,48.918749,7.464008,Plein jour,Hors agglomération,Hors intersection,Normale,Deux véhicules - frontale,3,2,2,0,1,1,1,0,1,80,2,3,1,0,1,1,58.0,57.0,voiture,voiture,1,1,1,1,1
202200027635,2022-01-24 16:05:00,2022,1,24,16,5,30,30028,Avenue Maréchal De Lattre de Tassigny,44.16896,4.61867,Plein jour,En agglomération,Hors intersection,Normale,Autre collision,3,2,2,0,1,1,1,0,1,50,1,2,1,0,0,1,45.0,,voiture,,1,2,1,1,6
202200027636,2022-06-21 12:45:00,2022,6,21,12,45,76,76030,D915,49.846351,1.127086,Plein jour,Hors agglomération,Intersection en T,Pluie légère,Sans collision,3,2,2,0,1,1,2,0,1,80,1,2,1,0,1,0,26.0,,deux_roues,,1,1,3,2,7
202200027637,2022-06-20 17:00:00,2022,6,20,17,0,31,31484,D61,43.673987,1.477876,Plein jour,Hors agglomération,Hors intersection,Normale,Autre collision,3,2,2,0,2,2,1,0,3,70,1,1,0,0,1,0,62.0,,deux_roues,,1,1,1,1,6
202200027638,2022-06-19 18:59:00,2022,6,19,18,59,83,83086,A8,43.456042,6.535095,Plein jour,Hors agglomération,Hors intersection,Normale,Deux véhicules - arrière,1,2,3,0,1,1,1,0,1,130,2,3,2,0,0,1,53.0,30.0,voiture,voiture,1,1,1,1,2
202200027639,2022-06-20 18:20:00,2022,6,20,18,20,68,68044,43 Rue du 3e Spahis Algeriens,48.171109,7.120128,Plein jour,En agglomération,Hors intersection,Normale,Deux véhicules - frontale,3,2,2,0,2,1,1,0,1,50,2,3,2,0,1,0,58.0,37.0,utilitaire_camion,deux_roues,1,2,1,1,1
202200027640,2022-01-18 14:45:00,2022,1,18,14,45,06,06123,BORD DE MER RN 98,43.676,7.187,Plein jour,En agglomération,Hors intersection,Normale,Deux véhicules - côté,7,1,3,0,1,1,1,0,1,50,2,2,1,0,0,1,51.0,67.0,deux_roues,deux_roues,1,2,1,1,3
202200027641,2022-01-17 11:58:00,2022,1,17,11,58,63,63113,LANDAIS (AVENUE DES),45.76392,3.1157,Plein jour,En agglomération,Hors intersection,Normale,Autre collision,7,3,4,0,1,1,1,0,1,50,1,2,1,0,0,1,91.0,,voiture,,1,2,1,1,6
202200027642,2022-06-19 19:20:00,2022,6,19,19,20,972,97210,route départementale 1,14.635182,-60.918911,Nuit avec éclairage allumé,En agglomération,Hors intersection,Normale,Deux véhicules - côté,3,2,2,0,2,3,1,0,2,-1,2,5,3,0,0,2,55.0,77.0,voiture,voiture,5,2,1,1,3
202200027643,2022-06-20 07:45:00,2022,6,20,7,45,46,46070,Départementale 6,44.391108,1.483047,Plein jour,Hors agglomération,Intersection en X,Temps éblouissant,Deux véhicules - côté,3,2,1,0,2,1,1,0,1,80,2,2,1,0,1,0,35.0,31.0,deux_roues,utilitaire_camion,1,1,2,7,3
202200027644,2022-01-14 17:45:00,2022,1,14,17,45,15,15014,Rue Francois Villon,44.920313,2.42394,Nuit avec éclairage allumé,En agglomération,Hors intersection,Normale,Autre collision,4,2,2,0,2,1,1,0,1,50,1,2,0,0,0,2,76.0,,voiture,,5,2,1,1,6
202200027645,2022-06-21 20:15:00,2022,6,21,20,15,54,54283,RD 13,49.1664792577,5.9575778254,Crépuscule ou aube,Hors agglomération,Hors intersection,Normale,Sans collision,3,2,2,0,1,2,1,0,8,80,1,2,0,0,0,2,18.0,,voiture,,2,1,1,1,7
202200027646,2022-06-19 20:15:00,2022,6,19,20,15,50,50592,autoroute A84 PR 210.400,48.94741,-1.0306,Plein jour,Hors agglomération,Hors intersection,Temps couvert,Autre collision,1,3,4,0,1,1,1,2,1,130,1,2,1,0,0,1,59.0,,utilitaire_camion,,1,1,1,8,6
202200027647,2022-01-22 22:00:00,2022,1,22,22,0,988,98818,FUE DANGE/ROUTE DE L'ANSE VATA,-22.27942,166.44872,Nuit avec éclairage allumé,En agglomération,Intersection en X,Pluie légère,Deux véhicules - côté,4,2,2,0,1,1,2,0,1,50,2,2,1,0,0,1,,27.0,voiture,voiture,5,2,2,2,3
202200027648,2022-06-21 11:40:00,2022,6,21,11,40,57,57753,D999,48.850357,6.673404,Plein jour,Hors agglomération,Hors intersection,Normale,Deux véhicules - frontale,3,2,2,0,2,3,1,0,1,80,2,2,1,1,0,0,41.0,16.0,utilitaire_camion,deux_roues,1,1,1,1,1
202200027649,2022-06-20 14:40:00,2022,6,20,14,40,56,56118,Rond-Point de Kersabiec,47.725537,-3.323944,Plein jour,Hors agglomération,Giratoire,Normale,Deux véhicules - côté,3,2,2,0,1,2,1,5,1,50,2,2,1,0,1,0,37.0,52.0,voiture,deux_roues,1,1,6,1,3
202200027650,2022-01-18 12:06:00,2022,1,18,12,6,988,98818,RUE CIRCULAIRE/RUE JACQUES IEKAWE,-22.2399,166.47193,Plein jour,En agglomération,Intersection en T,Normale,Deux véhicules - côté,4,2,2,0,1,1,1,0,1,50,2,2,1,0,0,1,58.0,31.0,deux_roues,voiture,1,2,3,1,3
202200027651,2022-06-19 06:10:00,2022,6,19,6,10,56,56251,"D779 Bis, à hauteur du magasin Stockomanie",47.648019,-2.7062103,Crépuscule ou aube,En agglomération,Hors intersection,Normale,Deux véhicules - arrière,3,2,2,0,2,1,1,0,1,50,2,3,2,0,0,1,18.0,20.0,deux_roues,voiture,2,2,1,1,2
202200027652,2022-01-23 19:05:00,2022,1,23,19,5,987,98736,ARIIPAEA POMARE (AV),-17.53183,-149.54313,Nuit avec éclairage allumé,Hors agglomération,Intersection en X,Normale,Deux véhicules - côté,3,2,8,0,1,1,1,5,1,50,2,2,1,0,0,1,61.0,20.0,utilitaire_camion,deux_roues,5,1,2,1,3
202200027653,2022-01-24 13:45:00,2022,1,24,13,45,976,97611,kaweni-Massakini (rue),-12.7615,45.22614,Plein jour,En agglomération,Hors intersection,Normale,Sans collision,4,2,2,0,1,1,1,0,1,50,2,3,2,0,0,1,48.0,58.0,deux_roues,utilitaire_camion,1,2,1,1,7
202200027654,2022-01-24 20:50:00,2022,1,24,20,50,974,97416,RN2 (1),-21.33445,55.485647,Nuit sans éclairage public,En agglomération,Hors intersection,Normale,Autre collision,2,1,1,0,1,3,1,3,1,50,1,1,0,0,0,1,47.0,,deux_roues,,3,2,1,1,6
202200027655,2022-01-24 08:00:00,2022,1,24,8,0,974,97416,EVARISTE DE PARNY(RUE),-21.29863,55.49423,Plein jour,En agglomération,Hors intersection,Pluie légère,Deux véhicules - côté,4,2,2,0,2,1,2,5,4,50,2,8,0,0,0,8,45.0,34.0,voiture,voiture,1,2,1,2,3
202200027656,2022-01-24 12:20:00,2022,1,24,12,20,973,97302,FLAMBOYANTS (RUE DES),4.92387,-52.31921,Plein jour,En agglomération,Hors intersection,Pluie forte,Autre collision,4,2,2,0,1,1,2,9,1,50,1,2,1,0,0,1,75.0,,utilitaire_camion,,1,2,1,3,6
202200027657,2022-01-19 10:50:00,2022,1,19,10,50,973,97302,FELIX EBOUE(ROCADE),4.92972,-52.31502,Plein jour,En agglomération,Hors intersection,Pluie légère,Deux véhicules - côté,3,2,2,0,1,1,2,0,1,50,2,2,1,0,0,1,42.0,51.0,deux_roues,voiture,1,2,1,2,3
202200027658,2022-01-24 19:50:00,2022,1,24,19,50,69,69259,Rue de la Corsière,45.69548,4.8596,Nuit avec éclairage allumé,En agglomération,Hors intersection,Normale,Deux véhicules - côté,4,2,2,0,1,1,1,0,1,50,2,4,3,0,0,1,21.0,35.0,voiture,utilitaire_camion,5,2,1,1,3
202200027659,2022-01-24 14:50:00,2022,1,24,14,50,69,69383,Rue Turenne,45.75635,4.84291,Plein jour,En agglomération,Intersection en T,Normale,Deux véhicules - côté,4,1,1,0,1,1,1,0,1,30,2,2,1,0,0,1,16.0,22.0,deux_roues,voiture,1,2,3,1,3
202200027660,2022-01-24 12:45:00,2022,1,24,12,45,69,69383,2 Route de Genas,45.7548411829,4.8752684786,Plein jour,En agglomération,Intersection en X,Normale,Deux véhicules - côté,4,2,2,0,1,1,1,0,1,50,2,2,1,0,0,1,39.0,30.0,voiture,deux_roues,1,2,2,1,3
202200027661,2022-01-24 10:05:00,2022,1,24,10,5,69,69388,Rue de l’Epargne,45.74236,4.85822,Plein jour,En agglomération,Passage à niveau,Normale,Deux véhicules - côté,4,1,3,2,1,1,1,4,6,50,2,2,1,0,0,1,40.0,71.0,transport_commun,voiture,1,2,8,1,3
202200027662,2022-01-20 15:00:00,2022,1,20,15,0,69,69387,Grande Rue de la Guillotière,45.7499,4.85181,Plein jour,En agglomération,Intersection en Y,Normale,Sans collision,4,1,1,2,1,1,1,0,1,50,1,1,0,0,0,1,48.0,,deux_roues,,1,2,4,1,7
202200027663,2022-01-19 12:50:00,2022,1,19,12,50,69,69386,Rue Duguesclin,45.77087,4.84692,Plein jour,En agglomération,Intersection en X,Normale,Deux véhicules - côté,4,1,1,2,1,1,1,6,1,30,2,3,2,0,0,1,38.0,,voiture,voiture,1,2,2,1,3
202200027664,2022-01-19 08:50:00,2022,1,19,8,50,69,69388,Rue Antoine Lumière,45.74084,4.86797,Plein jour,En agglomération,Hors intersection,Brouillard / fumée,Deux véhicules - frontale,4,1,1,2,1,1,1,0,5,50,2,2,1,0,0,1,51.0,,deux_roues,deux_roues,1,2,1,5,1
202200027665,2022-01-19 18:00:00,2022,1,19,18,0,972,97213,AUTOROUTE A1,14.6181,-61.034,Nuit avec éclairage allumé,Hors agglomération,Hors intersection,Pluie légère,Trois véhicules et plus - en chaîne,1,1,4,0,1,1,2,0,1,90,3,4,2,0,0,2,28.0,26.0,voiture,voiture,5,1,1,2,4
202200027666,2022-01-19 07:30:00,2022,1,19,7,30,972,97209,RD 41 (ROCADE),14.61598,-61.07294,Plein jour,En agglomération,Hors intersection,Normale,Deux véhicules - arrière,3,1,1,0,2,4,1,0,1,50,2,2,1,0,1,0,25.0,59.0,voiture,voiture,1,2,1,1,2
202200027667,2022-01-24 14:58:00,2022,1,24,14,58,69,69389,Avenue de la Sauvegarde,45.7882264165,4.7904923558,Plein jour,En agglomération,Hors intersection,Normale,Autre collision,4,2,2,0,2,1,1,0,4,30,1,2,1,0,1,0,17.0,,voiture,,1,2,1,1,6
202200027668,2022-01-24 01:50:00,2022,1,24,1,50,69,69382,Route de Métropole 6,45.74995,4.82486,Nuit avec éclairage allumé,En agglomération,Hors intersection,Normale,Autre collision,7,1,5,0,1,1,1,3,1,50,1,2,0,0,0,2,31.0,,voiture,,5,2,1,1,6
202200027669,2022-01-19 07:45:00,2022,1,19,7,45,69,69382,Rue de la Charité,45.75395,4.8321,Nuit avec éclairage allumé,En agglomération,Intersection en X,Temps couvert,Deux véhicules - côté,4,1,1,2,1,1,1,0,1,30,2,3,2,0,0,1,51.0,19.0,utilitaire_camion,autre,5,2,2,8,3
202200027670,2022-01-24 11:10:00,2022,1,24,11,10,2B,2B033,AV DE LA LIBERATION,42.68262,9.444296,Plein jour,En agglomération,Intersection en T,Normale,Deux véhicules - côté,3,2,2,0,1,1,1,0,1,50,2,3,2,0,0,1,38.0,35.0,voiture,voiture,1,2,3,1,3
202200027671,2022-01-23 07:04:00,2022,1,23,7,4,971,97101,ACHILLE RENE BOISNEUF (RUE),16.26781,-61.50762,Plein jour,En agglomération,Hors intersection,Normale,Deux véhicules - frontale,3,2,2,0,1,1,1,0,1,50,2,2,1,0,0,1,30.0,50.0,voiture,voiture,1,2,1,1,1
202200027672,2022-01-24 14:00:00,2022,1,24,14,0,95,95019,JAURES JEAN (RUE),48.99607,2.42045,Plein jour,En agglomération,Autre intersection,Normale,Autre collision,4,2,2,0,2,3,1,0,1,50,1,2,1,0,0,1,37.0,,utilitaire_camion,,1,2,9,1,6
202200027673,2022-01-19 20:20:00,2022,1,19,20,20,91,91685,CHASSE (ROUTE),48.6621,2.30063,Nuit avec éclairage allumé,En agglomération,Hors intersection,Pluie légère,Deux véhicules - frontale,3,2,2,0,1,1,2,0,1,50,2,2,0,0,1,1,32.0,73.0,transport_commun,voiture,5,2,1,2,1
202200027674,2022-01-18 19:00:00,2022,1,18,19,0,91,91021,RUE SAINT DENIS,48.58645,2.25266,Nuit avec éclairage allumé,En agglomération,Intersection en T,Normale,Deux véhicules - frontale,3,2,2,0,2,1,1,0,1,50,2,2,1,0,0,1,49.0,23.0,voiture,deux_roues,5,2,3,1,1
202200027675,2022-01-24 10:40:00,2022,1,24,10,40,91,91589,AV GABRIEL PERI,48.691126,2.3503,Plein jour,En agglomération,Intersection en X,Normale,Deux véhicules - côté,4,2,2,0,1,1,1,0,1,50,2,2,1,0,0,1,26.0,48.0,voiture,voiture,1,2,2,1,3
202200027676,2022-01-18 12:20:00,2022,1,18,12,20,91,91223,RD 191,48.4397,2.15782,Plein jour,En agglomération,Hors intersection,Normale,Sans collision,3,2,2,0,2,1,1,0,1,50,1,2,1,0,0,1,60.0,,transport_commun,,1,2,1,1,7
202200027677,2022-01-18 17:27:00,2022,1,18,17,27,87,87050,RN520 (COUZEIX),45.88639,1.20885,Plein jour,Hors agglomération,Hors intersection,Normale,Trois véhicules et plus - collisions multiples,2,2,2,0,1,1,1,0,1,80,3,6,2,0,4,0,71.0,60.0,voiture,voiture,1,1,1,1,5
202200027678,2022-01-19 11:00:00,2022,1,19,11,0,83,83137,GRIGNAN (BD),43.11062,5.93234,Plein jour,En agglomération,Intersection en T,Normale,Autre collision,4,2,2,0,2,1,1,0,1,50,1,2,1,0,0,1,59.0,,voiture,,1,2,3,1,6
202200027679,2022-01-22 21:45:00,2022,1,22,21,45,80,80131,RD 934,49.85185,2.40419,Nuit sans éclairage public,Hors agglomération,Hors intersection,Normale,Sans collision,3,2,2,0,1,4,1,0,1,50,1,1,0,0,0,1,36.0,,voiture,,3,1,1,1,7
202200027680,2022-01-23 14:20:00,2022,1,23,14,20,80,80021,MARECHAL DE LATTRE DE TASSIGNY (RUE DU),49.89244,2.29244,Plein jour,En agglomération,Intersection à plus de 4 branches,Normale,Deux véhicules - côté,4,2,2,0,1,1,1,0,1,30,2,2,1,0,0,1,17.0,21.0,deux_roues,voiture,1,2,5,1,3
202200027681,2022-01-24 16:50:00,2022,1,24,16,50,78,78551,GAMBETTA (AVENUE),48.894916,2.0985,Crépuscule ou aube,En agglomération,Giratoire,Normale,Deux véhicules - côté,3,2,1,0,2,1,1,0,8,50,2,2,1,0,0,1,62.0,47.0,deux_roues,voiture,2,2,6,1,3
202200027682,2022-01-24 08:05:00,2022,1,24,8,5,78,78551,PONTOISE (DE),48.90032,2.09353,Plein jour,En agglomération,Hors intersection,Normale,Autre collision,4,2,2,0,1,1,1,0,1,45,1,2,1,0,0,1,37.0,,voiture,,1,2,1,1,6
202200027683,2022-01-19 08:20:00,2022,1,19,8,20,78,78299,ETANGS PRES (AVENUE DES),49.00977,1.90212,Nuit sans éclairage public,En agglomération,Hors intersection,Normale,Deux véhicules - arrière,3,2,3,0,1,1,1,0,1,50,2,2,1,0,0,1,25.0,31.0,voiture,deux_roues,3,2,1,1,2
202200027684,2022-01-24 10:15:00,2022,1,24,10,15,77,77243,D418,48.87467,2.6928,Plein jour,En agglomération,Intersection en T,Normale,Deux véhicules - arrière,3,2,2,0,1,1,1,8,1,50,2,2,1,0,0,1,51.0,32.0,voiture,voiture,1,2,3,1,2
202200027685,2022-01-21 14:35:00,2022,1,21,14,35,76,76447,ANTOINE DE SAINT EXUPERY,49.5493,0.17867,Plein jour,En agglomération,Intersection en T,Normale,Autre collision,3,2,2,0,1,1,1,0,1,50,1,1,0,0,0,1,61.0,,voiture,,1,2,3,1,6
202200027686,2022-01-24 08:15:00,2022,1,24,8,15,76,76217,REPUBLIQUE (DE LA),49.92178,1.07376,Crépuscule ou aube,En agglomération,Intersection en T,Normale,Autre collision,4,1,1,0,1,1,1,0,1,50,1,2,1,0,0,1,47.0,,voiture,,2,2,3,1,6
202200027687,2022-01-20 07:50:00,2022,1,20,7,50,73,73011,JEUX OLYMPIQUES (AVENUE DES),45.6621295591,6.3729816706,Crépuscule ou aube,En agglomération,Giratoire,Normale,Autre collision,4,3,2,2,1,1,7,-1,1,50,1,2,1,0,0,1,43.0,,utilitaire_camion,,2,2,6,1,6
202200027688,2022-01-24 10:20:00,2022,1,24,10,20,71,71540,R.D 28,46.77905,4.44316,Plein jour,Hors agglomération,Hors intersection,Temps couvert,Sans collision,3,2,2,0,1,1,1,0,3,80,1,1,0,1,0,0,67.0,,voiture,,1,1,1,8,7
202200027689,2022-01-24 09:00:00,2022,1,24,9,0,67,67482,COLMAR (AVENUE DE),48.55122,7.74279,Plein jour,En agglomération,Intersection en T,Normale,Deux véhicules - côté,4,3,8,1,1,1,1,5,5,50,2,2,1,0,0,1,40.0,44.0,deux_roues,voiture,1,2,3,1,3
202200027690,2022-01-23 17:00:00,2022,1,23,17,0,67,67482,WACKEN (RUE DU),48.59679,7.74976,Crépuscule ou aube,En agglomération,Hors intersection,Brouillard / fumée,Deux véhicules - arrière,7,3,5,0,1,1,1,0,1,50,2,2,0,0,0,2,43.0,43.0,voiture,voiture,2,2,1,5,2
202200027691,2022-01-22 20:00:00,2022,1,22,20,0,67,67482,HOCHFELDEN (RUE DE),48.60247,7.72246,Nuit avec éclairage allumé,En agglomération,Hors intersection,Normale,Autre collision,4,3,5,3,1,1,1,0,3,50,1,1,0,0,1,0,20.0,,voiture,,5,2,1,1,6
202200027692,2022-01-21 21:00:00,2022,1,21,21,0,67,67482,JEAN JAURES (AVENUE),48.57086,7.75861,Nuit avec éclairage allumé,En agglomération,Passage à niveau,Normale,Autre collision,4,3,8,3,1,1,1,4,6,50,1,2,1,0,1,0,39.0,,transport_commun,,5,2,8,1,6
202200027693,2022-01-21 20:10:00,2022,1,21,20,10,67,67482,SCHIRMECK (ROUTE DE),48.569183,7.710436,Nuit avec éclairage allumé,En agglomération,Hors intersection,Normale,Autre collision,7,2,4,1,1,1,1,0,1,50,2,2,1,0,0,1,34.0,32.0,utilitaire_camion,deux_roues,5,2,1,1,6
202200027694,2022-01-18 12:10:00,2022,1,18,12,10,67,67447,ZAGREB (RUE DE),48.61123,7.7057,Plein jour,En agglomération,Intersection en T,Normale,Deux véhicules - côté,7,2,2,1,1,1,1,0,1,50,2,3,2,0,0,1,65.0,71.0,voiture,deux_roues,1,2,3,1,3
202200027695,2022-01-21 18:17:00,2022,1,21,18,17,66,66136,,42.68871,2.91016,Crépuscule ou aube,En agglomération,Hors intersection,Normale,Deux véhicules - frontale,4,2,2,0,1,1,1,0,1,50,2,2,1,0,0,1,31.0,60.0,deux_roues,voiture,2,2,1,1,1
202200027696,2022-01-21 17:06:00,2022,1,21,17,6,66,66136,PALAIS-DES-EXPO (AVENUE DU),42.70449,2.89292,Plein jour,En agglomération,Hors intersection,Normale,Autre collision,4,2,2,0,1,1,1,0,1,50,1,2,1,0,1,0,79.0,,voiture,,1,2,1,1,6
202200027697,2022-01-24 12:10:00,2022,1,24,12,10,64,64260,Avenue des Allées,43.355078,-1.774573,Plein jour,En agglomération,Hors intersection,Normale,Autre collision,4,2,2,0,1,1,1,0,1,50,1,2,1,0,1,0,78.0,,voiture,,1,2,1,1,6