accident_id,datetime,annee,mois,jour,heure,minute,departement,commune_insee,adresse,latitude,longitude,luminosite,agglomeration,intersection,meteo,collision,catr,circ,nbv,vosp,prof,plan,surf,infra,situ,vma,nb_vehicules,nb_usagers,nb_indemnes,nb_tues,nb_blesses_hosp,nb_blesses_legers,age_cond_1,age_cond_2,veh_type_cond_1,veh_type_cond_2,lum_code,agg_code,int_code,atm_code,col_code
202200027698,2022-01-19 19:10:00,2022,1,19,19,10,64,64483,LAHANCHIPIA (AVENUE),43.40133,-1.63565,Crépuscule ou aube,En agglomération,Intersection en X,Pluie légère,Deux véhicules - côté,1,1,2,0,1,1,2,3,1,50,2,2,1,0,0,1,26.0,26.0,deux_roues,utilitaire_camion,2,2,2,2,3
202200027699,2022-01-24 14:35:00,2022,1,24,14,35,64,64129,5 Route de Bayonne,43.29965,-0.39183,Plein jour,En agglomération,Hors intersection,Normale,Autre collision,4,2,2,1,1,1,1,0,5,50,2,2,1,0,0,1,51.0,29.0,voiture,deux_roues,1,2,1,1,6
202200027700,2022-01-20 01:50:00,2022,1,20,1,50,64,64024,Boulevard de la Mer,43.493,-1.547,Nuit avec éclairage allumé,En agglomération,Hors intersection,Normale,Sans collision,4,2,2,0,1,1,1,0,8,50,1,1,0,0,0,1,20.0,,deux_roues,,5,2,1,1,7
202200027701,2022-01-19 12:20:00,2022,1,19,12,20,64,64102,Allées Paulmy,43.48917,-1.48226,Plein jour,En agglomération,Hors intersection,Normale,Autre collision,4,3,4,0,1,1,1,0,1,50,1,2,0,0,0,2,16.0,,deux_roues,,1,2,1,1,6
202200027702,2022-01-19 10:25:00,2022,1,19,10,25,64,64024,Avenue d’Espagne,43.4749135112,-1.530247816,Plein jour,En agglomération,Hors intersection,Normale,Deux véhicules - côté,3,2,2,1,2,1,1,0,1,50,2,2,1,0,0,1,38.0,52.0,voiture,deux_roues,1,2,1,1,3
202200027703,2022-01-24 12:40:00,2022,1,24,12,40,63,63113,Boulevard Léon Jouhaux,45.79849,3.11422,Plein jour,En agglomération,Intersection en T,Normale,Deux véhicules - côté,7,2,2,0,1,1,1,0,1,50,2,2,1,0,0,1,73.0,73.0,deux_roues,voiture,1,2,3,1,3
202200027704,2022-01-21 13:50:00,2022,1,21,13,50,63,63113,BRUGIERE (BD AMBROISE),45.7871702503,3.1189262867,Plein jour,En agglomération,Hors intersection,Normale,Deux véhicules - côté,4,2,2,0,1,1,1,0,1,30,2,2,1,0,0,1,78.0,24.0,voiture,deux_roues,1,2,1,1,3
202200027705,2022-01-18 17:20:00,2022,1,18,17,20,63,63113,BLUM / Chibret,45.7709,3.09454,Plein jour,En agglomération,Intersection en T,Normale,Deux véhicules - côté,4,2,2,0,2,1,1,0,1,50,2,2,0,0,0,2,19.0,28.0,voiture,voiture,1,2,3,1,3
202200027706,2022-01-18 15:28:00,2022,1,18,15,28,63,63113,COTE BLATIN (BD),45.76799,3.08706,Plein jour,En agglomération,Hors intersection,Normale,Deux véhicules - arrière,4,1,2,0,1,1,1,0,1,50,2,2,0,0,0,2,42.0,31.0,voiture,deux_roues,1,2,1,1,2
202200027707,2022-01-23 02:05:00,2022,1,23,2,5,59,59599,PAPIN (CHAUSSEE DENIS),50.73372,3.14456,Nuit avec éclairage allumé,En agglomération,Hors intersection,Normale,Deux véhicules - arrière,7,3,4,1,1,1,1,0,1,50,2,4,0,1,1,2,55.0,34.0,voiture,voiture,5,2,1,1,2
202200027708,2022-01-17 21:50:00,2022,1,17,21,50,59,59410,NORMANDIE RUE DE,50.6446529532,3.1179177761,Nuit avec éclairage allumé,En agglomération,Hors intersection,Normale,Autre collision,4,2,2,0,1,1,1,0,1,50,1,3,2,0,0,1,31.0,,voiture,,5,2,1,1,6
202200027709,2022-01-24 08:35:00,2022,1,24,8,35,59,59155,FURNES - ROUTE,51.032561,2.397044,Plein jour,En agglomération,Hors intersection,Normale,Deux véhicules - côté,3,-1,0,0,1,1,1,0,1,50,2,2,1,0,1,0,43.0,59.0,voiture,deux_roues,1,2,1,1,3
202200027710,2022-01-24 19:50:00,2022,1,24,19,50,57,57751,route de thionville,49.16398,6.16066,Nuit avec éclairage allumé,Hors agglomération,Autre intersection,Normale,Deux véhicules - frontale,7,2,2,0,1,1,1,0,1,70,2,3,2,0,0,1,25.0,48.0,utilitaire_camion,voiture,5,1,9,1,1
202200027711,2022-01-21 19:20:00,2022,1,21,19,20,56,56098,LE HEN (RUE  LOUIS ),47.7533658,-3.341504,Nuit avec éclairage allumé,En agglomération,Hors intersection,Normale,Sans collision,4,2,2,0,1,1,1,0,3,50,1,1,0,0,0,1,34.0,,deux_roues,,5,2,1,1,7
202200027712,2022-01-21 11:40:00,2022,1,21,11,40,56,56121,BELGIQUE (RUE  DE ),47.75989,-3.38184,Plein jour,En agglomération,Hors intersection,Normale,Autre collision,4,2,2,0,1,1,1,0,1,30,1,2,1,0,0,1,52.0,,utilitaire_camion,,1,2,1,1,6
202200027713,2022-01-18 19:50:00,2022,1,18,19,50,56,56121,KERJULAUDE ( RUE DE ),47.74386,-3.38098,Nuit avec éclairage allumé,En agglomération,Intersection en X,Normale,Deux véhicules - côté,4,2,2,0,1,1,1,5,1,30,2,2,1,0,0,1,51.0,23.0,voiture,deux_roues,5,2,2,1,3
202200027714,2022-01-18 13:40:00,2022,1,18,13,40,56,56121,BLUM ( BD LEON ),47.74676,-3.37742,Plein jour,En agglomération,Giratoire,Temps couvert,Autre collision,4,2,2,0,1,1,1,5,4,30,1,1,0,0,0,1,67.0,,voiture,,1,2,6,8,6
202200027715,2022-01-24 13:20:00,2022,1,24,13,20,54,54395,STRASBOURG (AVENUE DE),48.67877,6.19721,Plein jour,En agglomération,Intersection en X,Normale,Deux véhicules - côté,4,2,4,3,1,1,1,0,1,50,2,6,4,0,0,2,51.0,49.0,voiture,transport_commun,1,2,2,1,3
202200027716,2022-01-19 16:15:00,2022,1,19,16,15,54,54395,BOUFFLERS (AV. DE 74 A 334 - 53 A 399),48.69151,6.15079,Plein jour,En agglomération,Hors intersection,Pluie légère,Autre collision,4,2,2,0,2,1,2,0,1,50,3,4,2,0,0,2,37.0,61.0,voiture,voiture,1,2,1,2,6
202200027717,2022-01-16 09:48:00,2022,1,16,9,48,54,54323,MERCY (RUE),49.5253,5.7646,Plein jour,En agglomération,Intersection en T,Brouillard / fumée,Deux véhicules - côté,3,2,2,0,1,1,7,0,1,50,2,2,1,1,0,0,26.0,59.0,voiture,voiture,1,2,3,5,3
202200027718,2022-01-19 17:46:00,2022,1,19,17,46,52,52121,BOURGOGNE (RUE DE),48.0978,5.14101,Crépuscule ou aube,En agglomération,Hors intersection,Normale,Deux véhicules - côté,4,2,1,0,1,1,1,0,1,50,2,2,0,0,0,2,30.0,39.0,voiture,voiture,2,2,1,1,3
202200027719,2022-01-18 08:41:00,2022,1,18,8,41,49,49246,GALLIENI AVENUE,47.4343,-0.52625,Plein jour,En agglomération,Intersection en X,Pluie légère,Autre collision,3,2,3,1,1,1,2,0,1,50,1,2,1,0,0,1,58.0,,voiture,,1,2,2,2,6
202200027720,2022-01-19 10:25:00,2022,1,19,10,25,45,45232,2178 Rue de la Source,47.85249,1.92447,Plein jour,En agglomération,Hors intersection,Temps couvert,Deux véhicules - côté,4,2,2,0,1,1,1,0,1,30,2,2,1,0,0,1,,56.0,voiture,deux_roues,1,2,1,8,3
202200027721,2022-01-24 17:15:00,2022,1,24,17,15,44,44114,96 Avenue de la Morlière,47.24737,-1.60291,Plein jour,En agglomération,Hors intersection,Normale,Autre collision,4,3,2,3,1,1,1,0,1,30,1,2,1,0,1,0,34.0,,transport_commun,,1,2,1,1,6
202200027722,2022-01-19 10:00:00,2022,1,19,10,0,42,42207,Route de Langonand,45.47466,4.47721,Plein jour,En agglomération,Hors intersection,Normale,Deux véhicules - côté,7,2,2,0,2,1,1,0,1,80,2,2,0,0,1,1,21.0,19.0,voiture,voiture,1,2,1,1,3
202200027723,2022-01-24 15:40:00,2022,1,24,15,40,37,37195,PROUDHON (AVENUE),47.3895839873,0.6473427638,Plein jour,En agglomération,Hors intersection,Temps couvert,Autre collision,7,2,4,0,2,3,2,0,1,50,1,2,0,0,0,2,24.0,,voiture,,1,2,1,8,6
202200027724,2022-01-24 06:30:00,2022,1,24,6,30,37,37122,BRETONNIERES (BOULEVARD DES),47.3438200318,0.6287071109,Nuit avec éclairage allumé,En agglomération,Hors intersection,Temps couvert,Trois véhicules et plus - en chaîne,7,2,2,0,1,1,7,0,1,50,3,3,2,0,0,1,54.0,53.0,voiture,voiture,5,2,1,8,4
202200027725,2022-01-23 02:05:00,2022,1,23,2,5,37,37261,BERT (QUAI PAUL),47.40175,0.68963,Nuit avec éclairage allumé,En agglomération,Hors intersection,Normale,Autre collision,4,2,3,1,1,1,1,0,4,50,1,3,0,0,0,3,35.0,,utilitaire_camion,,5,2,1,1,6
202200027726,2022-01-19 16:15:00,2022,1,19,16,15,37,37195,RD 37,47.3879076748,0.6484897435,Plein jour,Hors agglomération,Hors intersection,Normale,Deux véhicules - arrière,7,1,2,0,2,1,1,0,1,50,2,2,1,0,0,1,52.0,21.0,voiture,voiture,1,1,1,1,2
202200027727,2022-01-19 11:40:00,2022,1,19,11,40,37,37261,FROMENTEL (RUE),47.3762734828,0.6777647138,Plein jour,En agglomération,Intersection en T,Pluie légère,Sans collision,4,1,1,0,1,1,2,0,1,50,1,1,0,0,0,1,23.0,,deux_roues,,1,2,3,2,7
202200027728,2022-01-14 17:30:00,2022,1,14,17,30,35,35093,D168,48.60367,-2.07948,Crépuscule ou aube,Hors agglomération,Hors intersection,Normale,Deux véhicules - arrière,3,3,2,0,1,1,1,0,1,80,2,2,1,0,0,1,46.0,16.0,voiture,voiture,2,1,1,1,2
202200027729,2022-01-24 17:30:00,2022,1,24,17,30,35,35238,RN136,48.12087,-1.72232,Plein jour,Hors agglomération,Hors intersection,Normale,Autre collision,2,1,1,0,1,1,1,3,1,50,1,1,0,0,0,1,67.0,,voiture,,1,1,1,1,6
202200027730,2022-01-19 08:00:00,2022,1,19,8,0,35,35238,PAVIE (RUE AUGUSTE),48.10417,-1.64987,Crépuscule ou aube,En agglomération,Giratoire,Normale,Deux véhicules - côté,4,2,2,2,4,1,1,0,5,50,2,2,1,0,0,1,61.0,70.0,deux_roues,voiture,2,2,6,1,3
202200027731,2022-01-18 16:40:00,2022,1,18,16,40,34,34172,DOMITIENNE (VOIE),43.6243,3.86283,Plein jour,En agglomération,Intersection en X,Normale,Deux véhicules - frontale,4,2,5,1,1,1,1,0,1,50,2,2,1,0,1,0,29.0,35.0,utilitaire_camion,deux_roues,1,2,2,1,1
202200027732,2022-01-19 07:50:00,2022,1,19,7,50,33,33318,Avenue Gustave Eiffel,44.78352,-0.64665,Nuit avec éclairage allumé,En agglomération,Intersection en X,Temps couvert,Autre collision,4,2,2,1,1,1,2,0,1,50,1,2,1,0,0,1,44.0,,voiture,,5,2,2,8,6
202200027733,2022-01-17 10:16:00,2022,1,17,10,16,33,33249,Avenue de la Libération,44.87299,-0.51999,Plein jour,En agglomération,Hors intersection,Normale,Deux véhicules - côté,4,3,2,3,1,1,1,0,1,30,2,2,1,0,0,1,47.0,17.0,utilitaire_camion,deux_roues,1,2,1,1,3
202200027734,2022-01-19 19:00:00,2022,1,19,19,0,33,33009,LECLERC (BD DU MAL) DU 01 ET +,44.6584,-1.16191,Nuit avec éclairage allumé,En agglomération,Hors intersection,Normale,Autre collision,4,2,3,0,1,1,1,0,1,50,1,2,1,0,0,1,43.0,,voiture,,5,2,1,1,6
202200027735,2022-01-24 10:20:00,2022,1,24,10,20,31,31555,ALL JULES GUESDE,43.5930631495,1.4450669289,Plein jour,En agglomération,Hors intersection,Normale,Deux véhicules - côté,4,2,3,0,1,1,1,6,6,50,2,2,1,0,0,1,23.0,43.0,utilitaire_camion,deux_roues,1,2,1,1,3
202200027736,2022-01-24 08:10:00,2022,1,24,8,10,31,31555,POMPIDOU (AV GEORGE) DU 2AU 21,43.61236,1.45869,Crépuscule ou aube,En agglomération,Hors intersection,Normale,Autre collision,4,1,2,1,2,1,1,0,1,50,1,2,1,1,0,0,37.0,,voiture,,2,2,1,1,6
202200027737,2022-01-24 07:20:00,2022,1,24,7,20,31,31555,33 A LALANDE (PEAGE NORD),43.65384,1.42981,Crépuscule ou aube,Hors agglomération,Hors intersection,Normale,Trois véhicules et plus - collisions multiples,1,1,2,0,2,3,1,3,1,70,3,4,3,0,1,0,29.0,55.0,voiture,voiture,2,1,1,1,5
202200027738,2022-01-18 05:00:00,2022,1,18,5,0,31,31555,Allée Serge RAVANEL,43.59128,1.45283,Nuit avec éclairage allumé,En agglomération,Place,Brouillard / fumée,Deux véhicules - côté,4,-1,2,0,1,1,2,5,1,50,2,2,1,0,1,0,24.0,25.0,deux_roues,voiture,5,2,7,5,3
202200027739,2022-01-24 15:40:00,2022,1,24,15,40,22,22278,HOCHE (BD),48.5053,-2.76967,Plein jour,En agglomération,Intersection en X,Normale,Deux véhicules - côté,4,2,2,0,1,1,1,0,1,50,2,3,1,0,0,2,84.0,20.0,voiture,voiture,1,2,2,1,3
202200027740,2022-01-18 18:40:00,2022,1,18,18,40,21,21231,GENERAL DE GAULLE (COURS),47.3124086546,5.044561252,Nuit avec éclairage allumé,En agglomération,Hors intersection,Temps couvert,Deux véhicules - côté,4,2,2,0,1,1,2,0,1,50,2,2,1,0,1,0,18.0,50.0,deux_roues,voiture,5,2,1,8,3
202200027741,2022-01-19 10:55:00,2022,1,19,10,55,15,15014,CONTHE (AVENUE DE),44.912671,2.42499,Plein jour,En agglomération,Hors intersection,Neige / grêle,Deux véhicules - côté,4,2,2,0,2,1,2,0,1,50,2,3,2,0,0,1,81.0,70.0,voiture,voiture,1,2,1,4,3
202200027742,2022-01-19 21:45:00,2022,1,19,21,45,14,14341,N158,49.13732,-0.33418,Nuit sans éclairage public,Hors agglomération,Hors intersection,Autre,Trois véhicules et plus - collisions multiples,2,1,2,0,1,1,2,0,1,90,4,4,0,0,1,3,23.0,54.0,voiture,voiture,3,1,1,9,5
202200027743,2022-01-23 11:00:00,2022,1,23,11,0,13,13019,D543,43.46051,5.35317,Plein jour,En agglomération,Hors intersection,Normale,Deux véhicules - côté,7,2,2,0,1,1,1,6,1,30,1,2,1,0,1,0,54.0,,voiture,,1,2,1,1,3
202200027744,2022-01-24 16:50:00,2022,1,24,16,50,13,13206,BRETEUIL (RUE),43.2867247937,5.3772842485,Crépuscule ou aube,En agglomération,Hors intersection,Normale,Deux véhicules - frontale,4,1,1,0,3,1,1,0,1,50,2,2,1,0,0,1,51.0,75.0,deux_roues,voiture,2,2,1,1,1
202200027745,2022-01-24 10:15:00,2022,1,24,10,15,13,13208,PRAT (TRAVERSE),43.241737425,5.3711311679,Plein jour,En agglomération,Intersection en X,Normale,Deux véhicules - côté,4,1,1,0,2,1,1,0,1,50,2,2,1,0,0,1,40.0,21.0,voiture,voiture,1,2,2,1,3
202200027746,2022-01-19 10:50:00,2022,1,19,10,50,13,13205,GEORGE (RUE),43.29732,5.39773,Plein jour,En agglomération,Intersection en T,Normale,Deux véhicules - frontale,4,2,2,0,1,1,1,0,1,50,2,2,1,0,0,1,59.0,63.0,voiture,deux_roues,1,2,3,1,1
202200027747,2022-01-21 11:08:00,2022,1,21,11,8,11,11262,VALLIERE (QUAI),43.18028,3.009686,Plein jour,En agglomération,Hors intersection,Normale,Autre collision,4,2,2,0,1,1,1,9,1,50,1,2,1,0,0,1,83.0,,voiture,,1,2,1,1,6
202200027748,2022-01-18 08:58:00,2022,1,18,8,58,10,10387,QUATORZE JUILLET (RUE DU),48.2948,4.0804,Plein jour,En agglomération,Hors intersection,Normale,Autre collision,4,1,2,0,1,1,2,0,4,50,1,2,1,0,0,1,55.0,,utilitaire_camion,,1,2,1,1,6
202200027749,2022-01-24 15:45:00,2022,1,24,15,45,09,09225,ROUTE NATIONALE 20,43.10432,1.63267,Plein jour,Hors agglomération,Autre intersection,Normale,Deux véhicules - arrière,2,-1,5,0,1,3,1,9,1,90,2,2,1,0,0,1,68.0,52.0,voiture,voiture,1,1,9,1,2
202200027750,2022-01-24 07:50:00,2022,1,24,7,50,09,09225,ROUTE NATIONALE 20 (VOIE RAPIDE),43.104712,1.632543,Plein jour,Hors agglomération,Hors intersection,Normale,Sans collision,2,2,4,0,4,3,1,3,3,110,1,1,0,0,0,1,54.0,,voiture,,1,1,1,1,7
202200027751,2022-01-19 10:45:00,2022,1,19,10,45,06,06123,POINT DU JOUR BOULEVARD DU,43.67341,7.18981,Plein jour,En agglomération,Intersection en T,Normale,Deux véhicules - côté,7,-1,2,0,1,2,1,0,1,50,2,3,2,0,0,1,37.0,52.0,utilitaire_camion,utilitaire_camion,1,2,3,1,3
202200027752,2022-01-21 14:36:00,2022,1,21,14,36,05,05061,MARECHAL FOCH ( AVENUE DU ),44.56419,6.08901,Plein jour,En agglomération,Hors intersection,Normale,Deux véhicules - côté,2,2,3,0,1,1,1,0,1,50,2,2,1,0,0,1,46.0,50.0,voiture,deux_roues,1,2,1,1,3
202200027753,2022-01-18 14:48:00,2022,1,18,14,48,05,05061,VEYNES ( AVENUE DE  ),44.55761,6.06812,Plein jour,En agglomération,Hors intersection,Temps éblouissant,Autre collision,3,2,2,0,2,2,1,0,1,50,1,3,2,0,1,0,47.0,,voiture,,1,2,1,7,6
202200027754,2022-01-24 14:25:00,2022,1,24,14,25,01,01053,Boulevard Irene Joliot Curie,46.20901,5.23408,Plein jour,En agglomération,Intersection en X,Temps éblouissant,Deux véhicules - côté,3,2,4,0,1,1,1,0,1,50,2,2,1,0,0,1,38.0,61.0,deux_roues,voiture,1,2,2,7,3
202200027755,2022-01-25 09:00:00,2022,1,25,9,0,988,98818,ROUTE DE L'ANSE-VATA/RUE BOULARI,-22.30174,166.44516,Plein jour,En agglomération,Intersection en T,Normale,Autre collision,4,3,2,0,1,1,1,0,1,50,1,2,1,0,0,1,32.0,,voiture,,1,2,3,1,6
202200027756,2022-01-20 16:41:00,2022,1,20,16,41,976,97611,kaweni-Mangrove ( rue de la ),-12.77617,45.2249,Plein jour,En agglomération,Hors intersection,Pluie légère,Deux véhicules - arrière,3,2,2,0,1,1,1,0,1,50,2,2,1,0,0,1,19.0,38.0,deux_roues,deux_roues,1,2,1,2,2
202200027757,2022-01-25 18:50:00,2022,1,25,18,50,974,97416,RN3 (2),-21.31275,55.49508,Crépuscule ou aube,Hors agglomération,Hors intersection,Normale,Trois véhicules et plus - en chaîne,2,1,2,0,2,1,1,0,1,110,3,8,5,0,0,3,23.0,28.0,autre,transport_commun,2,1,1,1,4
202200027758,2022-01-25 07:55:00,2022,1,25,7,55,974,97416,RN1 (ROUTE NATIONALE),-21.30642,55.42985,Plein jour,Hors agglomération,Hors intersection,Normale,Trois véhicules et plus - en chaîne,2,3,4,0,1,1,1,0,1,110,3,5,3,0,0,2,35.0,75.0,utilitaire_camion,voiture,1,1,1,1,4
202200027759,2022-01-25 09:55:00,2022,1,25,9,55,973,97302,CATAYEE (JUSTIN),4.92449,-52.32426,Plein jour,En agglomération,Giratoire,Normale,Deux véhicules - côté,3,-1,2,0,1,3,1,0,1,50,2,2,1,0,0,1,42.0,56.0,deux_roues,voiture,1,2,6,1,3
202200027760,2022-01-25 08:06:00,2022,1,25,8,6,973,97302,ROUTE NATIONALE 1,4.92639,-52.32895,Plein jour,Hors agglomération,Hors intersection,Normale,Deux véhicules - arrière,2,3,4,0,1,1,1,2,1,90,2,3,0,0,0,3,46.0,44.0,voiture,utilitaire_camion,1,1,1,1,2
202200027761,2022-01-25 22:15:00,2022,1,25,22,15,69,69387,Rue de l’Université,45.7516685498,4.8368830864,Nuit avec éclairage allumé,En agglomération,Intersection en X,Normale,Deux véhicules - côté,4,1,2,3,1,1,1,0,1,50,2,2,1,0,0,1,32.0,21.0,voiture,voiture,5,2,2,1,3
202200027762,2022-01-25 17:00:00,2022,1,25,17,0,972,97209,REDOUTE (ROUTE DE LA),14.61841,-61.0611,Plein jour,Hors agglomération,Hors intersection,Normale,Autre collision,2,2,2,0,2,1,1,6,1,50,1,2,1,0,0,1,78.0,,voiture,,1,1,1,1,6
202200027763,2022-01-25 07:43:00,2022,1,25,7,43,972,97209,GENERAL DE GAULLE (BLD DU),14.607129489,-61.0677543283,Plein jour,En agglomération,Hors intersection,Normale,Deux véhicules - côté,2,1,2,0,1,1,1,9,1,30,2,3,1,0,0,1,59.0,,voiture,autre,1,2,1,1,3
202200027764,2022-01-25 15:50:00,2022,1,25,15,50,91,91326,PETIT (RUE),48.69408,2.36641,Plein jour,En agglomération,Hors intersection,Normale,Autre collision,3,2,2,0,1,1,1,0,4,50,1,2,1,0,0,1,51.0,,transport_commun,,1,2,1,1,6
202200027765,2022-01-25 08:54:00,2022,1,25,8,54,87,87085,DONZELOT (RUE),45.83342,1.27,Nuit avec éclairage allumé,En agglomération,Hors intersection,Normale,Autre collision,4,1,1,0,1,1,1,0,1,50,1,2,1,0,0,1,32.0,,voiture,,5,2,1,1,6
202200027766,2022-01-24 12:10:00,2022,1,24,12,10,86,86194,Rue du Pontreau,46.567943,0.356103,Plein jour,En agglomération,Hors intersection,Normale,Deux véhicules - arrière,4,2,2,0,1,1,1,0,1,50,2,4,0,0,0,4,49.0,30.0,voiture,voiture,1,2,1,1,2
202200027767,2022-01-25 07:25:00,2022,1,25,7,25,85,85194,Rue du Docteur Laennec (Les Sables-d'Olonne),46.49955,-1.76852,Nuit avec éclairage allumé,En agglomération,Intersection en X,Normale,Deux véhicules - frontale,4,2,2,0,2,1,9,0,1,50,2,2,1,0,1,0,49.0,40.0,deux_roues,voiture,5,2,2,1,1
202200027768,2022-01-26 00:00:00,2022,1,26,0,0,83,83098,GANZIN (AVENUE DE),43.10736,6.02856,Nuit avec éclairage allumé,En agglomération,Hors intersection,Normale,Sans collision,7,3,2,0,1,1,1,0,1,50,1,1,0,0,0,1,21.0,,deux_roues,,5,2,1,1,7
202200027769,2022-01-25 19:15:00,2022,1,25,19,15,83,83090,BAUME (HLM LA),43.13251,5.84545,Nuit avec éclairage allumé,En agglomération,Giratoire,Normale,Deux véhicules - côté,7,3,1,0,1,1,1,9,1,50,2,2,1,0,0,1,36.0,18.0,voiture,deux_roues,5,2,6,1,3
202200027770,2022-01-24 09:19:00,2022,1,24,9,19,80,80021,ROUEN (RUE DE),49.8865680415,2.2781449557,Plein jour,En agglomération,Hors intersection,Normale,Deux véhicules - côté,4,2,2,0,1,1,2,0,1,5,2,3,1,0,0,2,37.0,21.0,voiture,voiture,1,2,1,1,3
202200027771,2022-01-24 11:00:00,2022,1,24,11,0,73,73011,MOULIN (AVENUE JEAN),45.669313,6.382735,Plein jour,En agglomération,Intersection en X,Temps éblouissant,Deux véhicules - côté,4,2,2,2,1,1,1,-1,5,50,2,2,1,0,1,0,72.0,80.0,voiture,voiture,1,2,2,7,3
202200027772,2022-01-25 08:35:00,2022,1,25,8,35,64,64260,Route de Behobie,43.34965,-1.77459,Crépuscule ou aube,En agglomération,Intersection en X,Normale,Deux véhicules - côté,3,2,2,3,1,1,1,5,1,50,2,2,1,0,0,1,43.0,55.0,deux_roues,voiture,2,2,2,1,3
202200027773,2022-01-25 16:40:00,2022,1,25,16,40,64,64445,Rue Maréchal Foch,43.2966479019,-0.367435813,Plein jour,En agglomération,Hors intersection,Temps éblouissant,Deux véhicules - côté,4,2,0,0,1,1,1,0,1,30,2,2,1,0,0,1,30.0,75.0,deux_roues,deux_roues,1,2,1,7,3
202200027774,2022-01-25 12:14:00,2022,1,25,12,14,63,63113,Fleury / Carnot,45.7762243605,3.095939219,Plein jour,En agglomération,Intersection en X,Normale,Autre collision,4,1,3,3,4,1,1,0,1,50,1,2,1,0,0,1,53.0,,transport_commun,,1,2,2,1,6
202200027775,2022-01-22 12:20:00,2022,1,22,12,20,55,55029,LIBERATION ( AVENUE DE LA ),48.7806216288,5.1492381468,Plein jour,En agglomération,Intersection en T,Normale,Deux véhicules - arrière,4,2,2,0,1,1,1,0,1,50,2,2,1,0,0,1,18.0,72.0,deux_roues,voiture,1,2,3,1,2
202200027776,2022-01-24 16:20:00,2022,1,24,16,20,54,54184,MOENCH (RUE CHRISTIAN),48.70024,6.22567,Plein jour,En agglomération,Hors intersection,Normale,Autre collision,4,2, -1,0,1,1,1,0,1,30,1,2,1,0,0,1,20.0,,voiture,,1,2,1,1,6
202200027777,2022-01-25 18:40:00,2022,1,25,18,40,54,54549,PERI (RUE GABRIEL),48.63401,6.32189,Nuit avec éclairage allumé,En agglomération,Hors intersection,Normale,Trois véhicules et plus - en chaîne,3,2,2,0,1,2,1,0,1,50,4,7,3,0,0,4,22.0,60.0,voiture,voiture,5,2,1,1,4
202200027778,2022-01-22 20:25:00,2022,1,22,20,25,50,50129,LOUIS PHILIPPE (RUE),49.64066,-1.61399,Nuit avec éclairage allumé,En agglomération,Intersection en X,Normale,Trois véhicules et plus - collisions multiples,4,2,2,0,1,1,1,0,1,50,3,6,4,0,1,1,39.0,17.0,voiture,deux_roues,5,2,2,1,5
202200027779,2022-01-22 15:10:00,2022,1,22,15,10,50,50129,LUCET (RUE),49.623471,-1.61444,Plein jour,En agglomération,Hors intersection,Normale,Deux véhicules - côté,4,3,4,0,4,3,1,0,1,50,2,3,1,0,2,0,59.0,58.0,voiture,voiture,1,2,1,1,3
202200027780,2022-01-24 10:00:00,2022,1,24,10,0,49,49007,PAUL BERT,47.46534,-0.55034,Plein jour,En agglomération,Hors intersection,Normale,Deux véhicules - côté,4,2,3,0,1,1,1,0,1,50,2,2,1,0,1,0,47.0,70.0,utilitaire_camion,deux_roues,1,2,1,1,3
202200027781,2022-01-24 07:34:00,2022,1,24,7,34,49,49007,MEIGNANNE,47.47748,-0.56801,Nuit avec éclairage allumé,En agglomération,Hors intersection,Normale,Sans collision,4,-1,4,3,1,1,1,0,1,30,1,1,0,0,0,1,23.0,,deux_roues,,5,2,1,1,7
202200027782,2022-01-24 07:10:00,2022,1,24,7,10,49,49007,BIRGE BOULEVARD,47.47941,-0.52143,Nuit avec éclairage allumé,En agglomération,Intersection à plus de 4 branches,Normale,Autre collision,4,3,4,0,1,1,1,0,1,50,1,1,0,0,0,1,46.0,,deux_roues,,5,2,5,1,6
202200027783,2022-01-24 15:41:00,2022,1,24,15,41,44,44184,4 Boulevard du Docteur René Laënnec,47.263151,-2.239273,Plein jour,En agglomération,Hors intersection,Normale,Deux véhicules - côté,4,2,2,0,1,1,1,0,1,50,2,2,1,0,0,1,30.0,33.0,voiture,deux_roues,1,2,1,1,3
202200027784,2022-11-09 19:15:00,2022,11,9,19,15,91,91174,RN 104,48.61922,2.45906,Nuit sans éclairage public,Hors agglomération,Hors intersection,Normale,Trois véhicules et plus - en chaîne,2,3,7,0,1,1,1,0,1,110,5,6,5,0,0,1,53.0,57.0,voiture,voiture,3,1,1,1,4
202200027785,2022-01-29 21:30:00,2022,1,29,21,30,42,42218,Rue Etienne Mimard,45.43892,4.39706,Nuit avec éclairage allumé,En agglomération,Intersection en X,Normale,Deux véhicules - côté,4,2,4,0,1,1,1,0,1,50,2,2,1,0,0,1,21.0,25.0,voiture,deux_roues,5,2,2,1,3
202200027786,2022-11-10 07:10:00,2022,11,10,7,10,92,92051,RN13,48.884219736,2.261885941,Plein jour,Hors agglomération,Hors intersection,Normale,Sans collision,2,1,3,0,1,1,1,1,1,70,1,1,0,0,0,1,30.0,,deux_roues,,1,1,1,1,7
202200027787,2022-01-26 02:10:00,2022,1,26,2,10,37,37195,,47.378203309,0.6495773792,Nuit sans éclairage public,En agglomération,Hors intersection,Brouillard / fumée,Autre collision,7,3,4,0,1,2,2,0,1,90,1,2,0,0,0,2,37.0,,voiture,,3,2,1,5,6
202200027788,2022-01-25 20:30:00,2022,1,25,20,30,37,37261,JOUHANNEAU (AVENUE LOUIS),47.4324256833,0.6824934483,Nuit avec éclairage allumé,En agglomération,Hors intersection,Brouillard / fumée,Sans collision,4,2,2,0,4,1,1,0,1,50,1,1,0,0,0,1,69.0,,deux_roues,,5,2,1,5,7