accident_id,datetime,annee,mois,jour,heure,minute,departement,commune_insee,adresse,latitude,longitude,luminosite,agglomeration,intersection,meteo,collision,catr,circ,nbv,vosp,prof,plan,surf,infra,situ,vma,nb_vehicules,nb_usagers,nb_indemnes,nb_tues,nb_blesses_hosp,nb_blesses_legers,age_cond_1,age_cond_2,veh_type_cond_1,veh_type_cond_2,lum_code,agg_code,int_code,atm_code,col_code
202200027789,2022-11-10 20:05:00,2022,11,10,20,5,93,93066,AUTOROUTE A1,48.9189934371,2.3572939965,Nuit avec éclairage allumé,Hors agglomération,Hors intersection,Normale,Deux véhicules - arrière,1,3,4,0,1,1,1,0,1,90,2,5,1,0,0,4,,27.0,autre,voiture,5,1,1,1,2
202200027790,2022-01-25 10:35:00,2022,1,25,10,35,37,37261,FRANCAIS LIBRES (CARREFOUR DES),47.39726,0.70366,Plein jour,En agglomération,Giratoire,Normale,Deux véhicules - arrière,4,3,1,0,1,3,1,0,1,50,2,2,1,0,0,1,33.0,19.0,voiture,voiture,1,2,6,1,2
202200027791,2022-11-09 21:00:00,2022,11,9,21,0,95,95582,A15,48.9644078548,2.2619996143,Nuit sans éclairage public,Hors agglomération,Hors intersection,Normale,Deux véhicules - côté,1,3,8,0,1,1,1,0,1,110,2,2,1,0,0,1,54.0,51.0,voiture,utilitaire_camion,3,1,1,1,3
202200027792,2022-01-25 08:20:00,2022,1,25,8,20,37,37208,LAC (AVENUE DU),47.3657776243,0.7164475322,Crépuscule ou aube,En agglomération,Hors intersection,Temps couvert,Deux véhicules - frontale,4,2,5,1,1,1,1,0,5,50,2,3,2,0,1,0,43.0,39.0,deux_roues,utilitaire_camion,2,2,1,8,1
202200027793,2022-11-10 08:50:00,2022,11,10,8,50,93,93053,AUTOROUTE A3,48.8990217854,2.4693435431,Plein jour,Hors agglomération,Hors intersection,Normale,Trois véhicules et plus - en chaîne,1,3,5,0,1,1,1,0,1,90,3,3,2,0,0,1,32.0,51.0,utilitaire_camion,deux_roues,1,1,1,1,4
202200027794,2022-01-25 17:50:00,2022,1,25,17,50,35,35238,LEJEAN (GUILLAUME),48.116571,-1.657179,Nuit avec éclairage allumé,En agglomération,Hors intersection,Normale,Deux véhicules - côté,4,2,2,0,1,1,1,0,1,30,2,2,1,0,0,1,13.0,31.0,deux_roues,voiture,5,2,1,1,3
202200027795,2022-01-25 09:05:00,2022,1,25,9,5,33,33318,Avenue Jean Cordier,44.81863,-0.61501,Plein jour,En agglomération,Intersection en X,Normale,Deux véhicules - côté,4,2,2,0,1,1,1,0,1,30,2,2,1,0,0,1,47.0,30.0,deux_roues,voiture,1,2,2,1,3
202200027796,2022-11-10 08:00:00,2022,11,10,8,0,93,93064,AUTOROUTE A86,48.879167503,2.4763414899,Plein jour,Hors agglomération,Hors intersection,Normale,Trois véhicules et plus - en chaîne,1,3,6,0,2,1,1,0,1,70,3,3,2,0,0,1,59.0,53.0,voiture,voiture,1,1,1,1,4
202200027797,2022-11-10 01:30:00,2022,11,10,1,30,95,95351,RN 104,49.0314026731,2.4936347473,Nuit sans éclairage public,Hors agglomération,Hors intersection,Normale,Autre collision,2,3,4,0,1,1,1,0,1,80,1,4,1,0,0,3,24.0,,voiture,,3,1,1,1,6
202200027798,2022-01-24 15:50:00,2022,1,24,15,50,33,33522,Rue Clément Thomas,44.80142,-0.58097,Plein jour,En agglomération,Intersection en X,Normale,Deux véhicules - côté,4,2,2,0,1,1,1,9,1,30,2,2,1,0,0,1,37.0,74.0,voiture,voiture,1,2,2,1,3
202200027799,2022-01-24 15:10:00,2022,1,24,15,10,33,33063,Quai de la Grave,44.83467,-0.56387,Plein jour,En agglomération,Intersection en T,Normale,Deux véhicules - côté,4,3,6,1,1,1,1,5,1,50,2,2,1,0,0,1,26.0,31.0,voiture,deux_roues,1,2,3,1,3
202200027800,2022-11-08 14:45:00,2022,11,8,14,45,59,59350,MEHL RUE,50.641065,3.08435,Plein jour,En agglomération,Hors intersection,Normale,Autre collision,4,1,1,0,1,1,1,9,8,50,1,5,4,0,0,1,56.0,,utilitaire_camion,,1,2,1,1,6
202200027801,2022-11-09 15:30:00,2022,11,9,15,30,75,75112,AVENUE DE SAINT MAURICE,48.8331974292,2.420347631,Plein jour,En agglomération,Hors intersection,Normale,Deux véhicules - arrière,4,2,2,0,1,1,1,0,1,30,2,3,2,0,0,1,48.0,31.0,deux_roues,voiture,1,2,1,1,2
202200027802,2022-01-26 01:25:00,2022,1,26,1,25,30,30007,Avenue Youri Gagarine,44.131,4.09738,Nuit avec éclairage allumé,En agglomération,Intersection en Y,Normale,Autre collision,4,2,2,0,1,2,1,0,1,30,1,1,0,0,0,1,21.0,,voiture,,5,2,4,1,6
202200027803,2022-01-25 07:30:00,2022,1,25,7,30,29,29039,Rue Yves Trichard,47.8786416421,-3.8619223237,Nuit sans éclairage public,Hors agglomération,Intersection en T,Normale,Sans collision,3,2,2,0,1,1,1,5,1,70,1,2,0,0,0,2,54.0,,voiture,,3,1,3,1,7
202200027804,2022-11-08 23:05:00,2022,11,8,23,5,94,94033,Avenue de la République / Rue de la Matène,48.8525148883,2.4656075544,Nuit avec éclairage allumé,En agglomération,Intersection en X,Normale,Deux véhicules - côté,3,2,2,0,2,1,1,0,1,50,2,2,1,0,0,1,32.0,23.0,voiture,deux_roues,5,2,2,1,3
202200027805,2022-01-25 08:50:00,2022,1,25,8,50,28,28085,LAENNEC (AVENUE DU DOCTEUR),48.45371,1.52915,Nuit avec éclairage allumé,Hors agglomération,Autre intersection,Normale,Deux véhicules - arrière,3,1,0,0,1,1,1,0,1,90,2,2,1,0,0,1,18.0,20.0,voiture,voiture,5,1,9,1,2
202200027806,2022-11-09 09:00:00,2022,11,9,9,0,93,93053,PAUL VERLAINE (RUE),48.886363,2.468613,Plein jour,En agglomération,Hors intersection,Normale,Deux véhicules - côté,4,1,1,0,1,2,1,9,2,30,1,2,1,0,0,1,48.0,,voiture,,1,2,1,1,3
202200027807,2022-01-24 13:50:00,2022,1,24,13,50,27,27229,FUSILLES (RUE DES),49.01935,1.15788,Plein jour,En agglomération,Hors intersection,Normale,Sans collision,4,1,2,0,2,3,1,0,1,50,1,1,0,0,0,1,35.0,,deux_roues,,1,2,1,1,7
202200027808,2022-01-25 07:55:00,2022,1,25,7,55,26,26198,DESMARAIS (Boulevard Marre),44.56014,4.7479,Plein jour,En agglomération,Hors intersection,Normale,Autre collision,4,3,4,0,1,1,1,0,1,30,1,2,1,0,0,1,59.0,,voiture,,1,2,1,1,6
202200027809,2022-01-25 17:00:00,2022,1,25,17,0,24,24037,GARAUD (BOULEVARD CHARLES),44.84401509,0.503049,Plein jour,En agglomération,Hors intersection,Normale,Deux véhicules - arrière,3,2,4,1,1,1,1,0,1,70,2,2,1,0,0,1,37.0,,deux_roues,voiture,1,2,1,1,2
202200027810,2022-01-25 19:00:00,2022,1,25,19,0,13,13117,ROUTE NATIONALE 113 - CADESTEAUX,43.4741748974,5.228335028,Nuit avec éclairage allumé,En agglomération,Hors intersection,Normale,Deux véhicules - frontale,3,2,2,0,1,1,1,0,1,80,1,1,0,0,1,0,33.0,,deux_roues,,5,2,1,1,1
202200027811,2022-11-08 18:20:00,2022,11,8,18,20,75,75114,PORTE DE GENTILLY,48.819417,2.328291,Nuit avec éclairage allumé,En agglomération,Hors intersection,Normale,Deux véhicules - arrière,4,1,3,0,1,1,1,0,1,70,2,3,1,0,0,2,43.0,47.0,deux_roues,voiture,5,2,1,1,2
202200027812,2022-01-25 17:45:00,2022,1,25,17,45,13,13209,REDON (BOULEVARD DU),43.25135,5.42196,Nuit avec éclairage allumé,En agglomération,Hors intersection,Normale,Deux véhicules - arrière,4,2,2,0,1,1,1,0,1,50,1,1,0,0,1,0,28.0,,deux_roues,,5,2,1,1,2
202200027813,2022-11-09 02:15:00,2022,11,9,2,15,75,75120,BOULEVARD DAVOUT,48.84911,2.41127,Nuit avec éclairage allumé,En agglomération,Intersection en X,Autre,Deux véhicules - côté,4,1,4,0,1,1,2,0,1,50,2,2,1,0,0,1,37.0,28.0,deux_roues,deux_roues,5,2,2,9,3
202200027814,2022-01-25 16:30:00,2022,1,25,16,30,13,13206,BRETEUIL (RUE),43.28984,5.37601,Plein jour,En agglomération,Intersection en T,Normale,Deux véhicules - côté,4,1,2,0,2,1,1,0,1,50,2,2,1,0,0,1,,54.0,utilitaire_camion,deux_roues,1,2,3,1,3
202200027815,2022-01-25 13:20:00,2022,1,25,13,20,13,13206,LOUIS SALVATOR (BOULEVARD),43.29095,5.38149,Plein jour,En agglomération,Hors intersection,Normale,Deux véhicules - côté,4,2,3,3,1,1,1,0,1,50,2,2,1,0,0,1,,20.0,voiture,deux_roues,1,2,1,1,3
202200027816,2022-11-09 08:45:00,2022,11,9,8,45,75,75118,RUE DE LA CHAPELLE,48.892017,2.359847,Plein jour,En agglomération,Intersection en T,Normale,Deux véhicules - côté,4,2,1,0,1,1,1,0,1,30,2,3,2,0,0,1,30.0,45.0,transport_commun,utilitaire_camion,1,2,3,1,3
202200027817,2022-01-25 14:10:00,2022,1,25,14,10,13,13201,REPUBLIQUE (RUE DE LA)     2 A 42,43.29696,5.37367,Plein jour,En agglomération,Intersection en X,Normale,Deux véhicules - côté,4,2,2,0,2,1,1,0,1,50,2,2,1,0,0,1,58.0,,deux_roues,voiture,1,2,2,1,3
202200027818,2022-11-09 00:15:00,2022,11,9,0,15,75,75118,RUE DE LA CHAPELLE,48.89552,2.359326,Nuit avec éclairage allumé,En agglomération,Giratoire,Normale,Deux véhicules - arrière,4,1,1,0,1,1,1,0,1,30,2,3,2,0,0,1,31.0,23.0,voiture,deux_roues,5,2,6,1,2
202200027819,2022-01-25 11:30:00,2022,1,25,11,30,13,13215,DE SAINT LOUIS AU ROVE (chemin),43.3485,5.35707,Plein jour,En agglomération,Intersection en Y,Normale,Deux véhicules - côté,3,3,2,0,1,2,1,0,1,50,2,2,1,0,0,1,22.0,20.0,utilitaire_camion,voiture,1,2,4,1,3
202200027820,2022-01-25 06:30:00,2022,1,25,6,30,13,13214,SAINTE MARTHE (AVENUE DE),43.32507,5.38843,Plein jour,En agglomération,Hors intersection,Normale,Sans collision,4,-1,1,0,1,1,1,0,4,50,1,1,0,1,0,0,80.0,,voiture,,1,2,1,1,7
202200027821,2022-11-07 08:25:00,2022,11,7,8,25,75,75115,RUE SAINT CHARLES,48.848107,2.286828,Plein jour,En agglomération,Intersection en X,Normale,Autre collision,4,1,1,1,1,1,1,0,1,30,1,2,1,0,0,1,21.0,,deux_roues,,1,2,2,1,6
202200027822,2022-11-09 16:45:00,2022,11,9,16,45,75,75113,BOULEVARD DU GENERAL JEAN SIMON,48.82703,2.385238,Crépuscule ou aube,En agglomération,Hors intersection,Normale,Autre collision,4,3,4,0,1,1,1,0,1,30,2,2,1,0,0,1,68.0,39.0,voiture,deux_roues,2,2,1,1,6
202200027823,2022-11-09 08:40:00,2022,11,9,8,40,75,75112,ESPLANADE SAINT LOUIS,48.840657,2.436237,Plein jour,En agglomération,Intersection en Y,Temps couvert,Deux véhicules - arrière,4,-1,1,0,1,1,2,0,1,30,2,3,2,0,0,1,74.0,39.0,utilitaire_camion,deux_roues,1,2,4,8,2
202200027824,2022-11-09 17:40:00,2022,11,9,17,40,75,75111,BOULEVARD VOLTAIRE,48.865432,2.367316,Nuit avec éclairage allumé,En agglomération,Hors intersection,Normale,Autre collision,4,1,0,1,1,1,1,0,5,30,1,2,1,0,0,1,,,deux_roues,,5,2,1,1,6
202200027825,2022-11-09 09:15:00,2022,11,9,9,15,75,75108,AVENUE HOCHE,48.875649,2.29981,Plein jour,En agglomération,Hors intersection,Normale,Deux véhicules - côté,4,2,2,0,1,1,1,0,1,30,2,2,1,0,0,1,39.0,34.0,voiture,deux_roues,1,2,1,1,3
202200027826,2022-11-09 13:15:00,2022,11,9,13,15,75,75115,BOULEVARD DE GRENELLE,48.854228,2.288921,Plein jour,En agglomération,Hors intersection,Normale,Deux véhicules - arrière,4,2,1,0,1,1,1,0,1,30,2,2,1,0,0,1,45.0,24.0,voiture,utilitaire_camion,1,2,1,1,2
202200027827,2022-11-09 15:57:00,2022,11,9,15,57,75,75104,RUE DE RIVOLI,48.857303,2.35244,Plein jour,En agglomération,Intersection en T,Normale,Autre collision,4,2,4,0,1,1,1,0,1,30,1,2,1,0,0,1,,,deux_roues,,1,2,3,1,6
202200027828,2022-11-09 12:30:00,2022,11,9,12,30,94,94046,GABRIEL PERI (R),48.811492,2.437499,Plein jour,En agglomération,Intersection en X,Normale,Deux véhicules - côté,4,2,1,0,1,1,1,0,1,50,2,2,1,0,0,1,52.0,91.0,voiture,voiture,1,2,2,1,3
202200027829,2022-11-09 09:00:00,2022,11,9,9,0,94,94076,KARL MARX (AV),48.7846,2.35463,Plein jour,En agglomération,Intersection en T,Normale,Deux véhicules - frontale,4,2,2,0,1,1,1,0,1,50,1,2,1,0,0,1,39.0,,voiture,,1,2,3,1,1
202200027830,2022-11-09 17:40:00,2022,11,9,17,40,94,94041,PAUL VAILLANT COUTURIER (BD),48.81766,2.39853,Crépuscule ou aube,En agglomération,Hors intersection,Normale,Deux véhicules - frontale,3,2,2,3,1,1,1,0,1,50,1,2,1,0,0,1,,,autre,,2,2,1,1,1
202200027831,2022-11-09 10:05:00,2022,11,9,10,5,94,94065,RN 186,48.753721,2.368759,Plein jour,Hors agglomération,Intersection en Y,Normale,Deux véhicules - arrière,2,1,3,0,1,1,1,0,1,70,2,2,1,0,0,1,26.0,27.0,voiture,deux_roues,1,1,4,1,2
202200027832,2022-11-09 20:48:00,2022,11,9,20,48,94,94054,Avenue Marcel Cachin / Voie des Saules,48.74544,2.41024,Nuit avec éclairage allumé,En agglomération,Intersection en T,Normale,Deux véhicules - côté,3,2,2,0,1,1,1,0,1,50,2,2,1,0,1,0,50.0,60.0,deux_roues,voiture,5,2,3,1,3
202200027833,2022-11-08 19:00:00,2022,11,8,19,0,94,94077,Avenue de la République,48.73096,2.4232,Nuit avec éclairage allumé,En agglomération,Hors intersection,Normale,Autre collision,3,2,2,0,1,1,1,0,1,50,1,2,0,0,2,0,35.0,,deux_roues,,5,2,1,1,6
202200027834,2022-11-08 18:48:00,2022,11,8,18,48,94,94019,Route de Chennevieres,48.80569,2.53261,Nuit avec éclairage allumé,En agglomération,Hors intersection,Normale,Deux véhicules - frontale,3,2,2,0,1,3,1,0,1,50,2,2,0,0,0,2,23.0,53.0,voiture,voiture,5,2,1,1,1
202200027835,2022-11-08 07:45:00,2022,11,8,7,45,94,94053,Avenue Pierre Mendès France / Sentier de la Saussaie Luisante,48.7695474996,2.5430180171,Crépuscule ou aube,En agglomération,Intersection en T,Temps couvert,Deux véhicules - côté,3,2,2,0,1,1,1,0,1,50,2,2,1,0,0,1,31.0,48.0,deux_roues,voiture,2,2,3,8,3
202200027836,2022-11-07 18:55:00,2022,11,7,18,55,94,94015,Boulevard Georges Méliès / Boulevard Pasteur,48.83259,2.53166,Nuit avec éclairage allumé,En agglomération,Intersection en X,Normale,Deux véhicules - côté,3,3,4,0,1,1,1,6,1,50,2,2,1,0,0,1,58.0,33.0,utilitaire_camion,deux_roues,5,2,2,1,3
202200027837,2022-11-09 09:24:00,2022,11,9,9,24,94,94004,SUCY (R DE),48.751795,2.518762,Plein jour,En agglomération,Hors intersection,Normale,Deux véhicules - côté,4,2,2,0,1,1,1,0,1,50,2,2,1,0,0,1,57.0,34.0,deux_roues,voiture,1,2,1,1,3
202200027838,2022-11-09 16:00:00,2022,11,9,16,0,93,93066,Place de la Porte de Paris / Boulevard Marcel Sembat,48.929685,2.356612,Plein jour,En agglomération,Place,Normale,Autre collision,4,3,5,3,1,1,1,0,1,50,1,2,1,0,0,1,19.0,,voiture,,1,2,7,1,6
202200027839,2022-11-09 18:20:00,2022,11,9,18,20,93,93062,Boulevard du Nord / Avenue Thiers,48.9013304465,2.5124031901,Nuit avec éclairage allumé,En agglomération,Intersection en X,Normale,Deux véhicules - côté,3,2,2,0,2,1,1,0,1,50,2,2,1,0,0,1,39.0,68.0,voiture,deux_roues,5,2,2,1,3
202200027840,2022-11-08 22:50:00,2022,11,8,22,50,93,93051,Avenue Aristide Briand,48.847474,2.552852,Nuit avec éclairage allumé,En agglomération,Hors intersection,Normale,Deux véhicules - côté,4,2,2,0,2,1,1,0,1,50,2,2,1,0,0,1,18.0,41.0,voiture,voiture,5,2,1,1,3
202200027841,2022-11-09 10:05:00,2022,11,9,10,5,93,93050,19 Rue Pierre Brossolette,48.8559752349,2.5357362629,Plein jour,En agglomération,Hors intersection,Pluie légère,Deux véhicules - côté,4,2,1,0,1,1,2,0,1,50,2,2,1,0,0,1,40.0,17.0,voiture,deux_roues,1,2,1,2,3
202200027842,2022-11-09 18:25:00,2022,11,9,18,25,93,93046,Boulevard Jean Moulin,48.9113837408,2.5131112934,Nuit avec éclairage allumé,En agglomération,Hors intersection,Normale,Deux véhicules - côté,4,2,2,0,1,1,1,0,1,50,2,2,1,0,0,1,40.0,49.0,deux_roues,voiture,5,2,1,1,3
202200027843,2022-11-09 15:50:00,2022,11,9,15,50,92,92051,"BINEAU (BOULEVARD, N°53 A 131 ET 52 A 13",48.8942475518,2.2670883536,Plein jour,En agglomération,Autre intersection,Normale,Autre collision,3,1,2,1,1,1,1,0,6,50,1,2,1,0,0,1,63.0,,utilitaire_camion,,1,2,9,1,6
202200027844,2022-11-09 15:15:00,2022,11,9,15,15,92,92051,MARECHAL JUIN (PONT DU),48.89401,2.26718,Plein jour,En agglomération,Hors intersection,Normale,Sans collision,3,4,6,1,1,1,1,2,1,50,1,1,0,0,0,1,37.0,,deux_roues,,1,2,1,1,7
202200027845,2022-11-09 18:03:00,2022,11,9,18,3,92,92050,MARTIN HENRI AVENUE,48.894367,2.191682,Plein jour,En agglomération,Autre intersection,Normale,Deux véhicules - arrière,3,-1,1,0,1,2,1,5,1,50,2,2,1,0,0,1,63.0,49.0,deux_roues,voiture,1,2,9,1,2
202200027846,2022-10-27 11:30:00,2022,10,27,11,30,92,92050,PONS NOEL RUE,48.90399,2.21882,Plein jour,En agglomération,Intersection en X,Normale,Deux véhicules - côté,3,1,3,0,1,1,1,0,1,50,2,2,1,0,0,1,44.0,24.0,voiture,voiture,1,2,2,1,3
202200027847,2022-11-08 21:10:00,2022,11,8,21,10,92,92036,VICTOR HUGO (RUE) (1),48.921292,2.294382,Nuit avec éclairage allumé,En agglomération,Hors intersection,Normale,Autre collision,4,1,1,0,1,1,1,0,4,30,1,2,1,0,0,1,43.0,,deux_roues,,5,2,1,1,6
202200027848,2022-11-09 02:25:00,2022,11,9,2,25,92,92026,PRÉSIDENT PAUL DOUMER (QUAI DU),48.8879637362,2.2535582185,Nuit avec éclairage allumé,En agglomération,Autre intersection,Pluie légère,Sans collision,3,1,2,0,3,1,2,2,1,50,1,1,0,0,0,1,28.0,,deux_roues,,5,2,9,2,7
202200027849,2022-11-09 18:45:00,2022,11,9,18,45,92,92024,MARTRE (RUE) DE (59 A 109)   (58 A 120),48.9045081966,2.3046478629,Nuit avec éclairage allumé,En agglomération,Hors intersection,Normale,Deux véhicules - arrière,3,1,3,1,1,1,1,0,1,50,2,2,1,0,0,1,73.0,32.0,voiture,voiture,5,2,1,1,2
202200027850,2022-11-09 15:35:00,2022,11,9,15,35,92,92012,ANDRE MORIZET (AVENUE) 1/47 - 2/52,48.833650944,2.2434157133,Plein jour,En agglomération,Giratoire,Normale,Deux véhicules - côté,3,4,0,0,1,1,1,0,1,50,2,2,1,0,0,1,49.0,17.0,voiture,deux_roues,1,2,6,1,3
202200027851,2022-11-01 07:00:00,2022,11,1,7,0,92,92004,HENRI POINCARE,48.9323447796,2.2786411643,Crépuscule ou aube,Hors agglomération,Hors intersection,Normale,Deux véhicules - côté,4,-1,2,0,1,1,1,0,1,50,2,2,1,0,0,1,22.0,51.0,deux_roues,voiture,2,1,1,1,3
202200027852,2022-11-09 08:50:00,2022,11,9,8,50,92,92009,BOURGUIGNONS ( RUE 33 A FIN ),48.913535,2.273189,Plein jour,En agglomération,Hors intersection,Normale,Autre collision,3,1,1,0,1,1,1,0,1,50,1,2,1,0,0,1,27.0,,deux_roues,,1,2,1,1,6
202200027853,2022-11-09 12:05:00,2022,11,9,12,5,92,92002,LAVOISIER (AVENUE),48.74932,2.31071,Plein jour,En agglomération,Hors intersection,Normale,Deux véhicules - côté,4,2,2,0,1,1,1,0,1,50,2,2,1,0,0,1,37.0,16.0,deux_roues,deux_roues,1,2,1,1,3
202200027854,2022-11-10 17:00:00,2022,11,10,17,0,976,97610,Route nationale 1 Majicavo Koropa,-12.745402,45.225177,Plein jour,En agglomération,Hors intersection,Normale,Deux véhicules - arrière,2,2,2,0,1,1,1,0,1,70,2,2,1,0,1,0,32.0,32.0,utilitaire_camion,deux_roues,1,2,1,1,2
202200027855,2022-11-10 12:15:00,2022,11,10,12,15,47,47178,route de monflanquin,44.4966499503,0.8718019201,Plein jour,Hors agglomération,Hors intersection,Normale,Sans collision,3,2,2,0,4,3,1,0,1,80,1,1,0,0,1,0,58.0,,voiture,,1,1,1,1,7
202200027856,2022-11-07 17:00:00,2022,11,7,17,0,35,35307,Lieu Dit Tredouillac,48.284567,-1.967014,Plein jour,Hors agglomération,Intersection en X,Normale,Deux véhicules - côté,3,2,2,0,2,1,1,0,1,80,2,5,4,0,0,1,47.0,67.0,voiture,voiture,1,1,2,1,3
202200027857,2022-11-06 18:25:00,2022,11,6,18,25,41,41150,727 Route des Grotteaux,47.567609,1.445378,Nuit avec éclairage allumé,En agglomération,Hors intersection,Normale,Deux véhicules - côté,4,2,2,0,4,1,1,0,1,50,2,2,1,0,0,1,17.0,57.0,deux_roues,voiture,5,2,1,1,3
202200027858,2022-11-10 11:15:00,2022,11,10,11,15,76,76624,Rue du Docteur Vitet,49.877029,1.220957,Plein jour,En agglomération,Intersection en T,Normale,Deux véhicules - côté,4,2,2,0,1,1,1,0,1,50,2,2,1,0,0,1,13.0,31.0,deux_roues,voiture,1,2,3,1,3
202200027859,2022-11-07 09:40:00,2022,11,7,9,40,10,10409,Rue Edouard Colbert,48.397893,3.987588,Plein jour,En agglomération,Autre intersection,Normale,Deux véhicules - côté,3,2,2,0,1,1,1,0,1,30,2,2,1,0,1,0,14.0,73.0,deux_roues,utilitaire_camion,1,2,9,1,3
202200027860,2022-11-10 07:50:00,2022,11,10,7,50,62,62057,avenue nortkerqe,50.8799774654,2.0621704561,Plein jour,Hors agglomération,Giratoire,Temps couvert,Deux véhicules - côté,3,2,2,0,1,2,2,0,1,50,2,2,1,0,0,1,15.0,57.0,deux_roues,voiture,1,1,6,8,3
202200027861,2022-10-29 03:15:00,2022,10,29,3,15,86,86236,D5,46.672208,0.86308,Nuit sans éclairage public,Hors agglomération,Hors intersection,Normale,Sans collision,3,2,2,0,1,1,1,0,1,70,1,4,0,0,1,3,18.0,,voiture,,3,1,1,1,7
202200027862,2022-11-10 15:57:00,2022,11,10,15,57,21,21244,"autoroute A6, PK 256.900",47.300464,4.503826,Plein jour,Hors agglomération,Hors intersection,Normale,Deux véhicules - arrière,1,1,4,0,1,1,1,0,1,130,2,5,3,0,1,1,34.0,31.0,voiture,voiture,1,1,1,1,2
202200027863,2022-10-02 16:55:00,2022,10,2,16,55,83,83048,Boulevard Saint Raphael,43.194973,6.561,Plein jour,Hors agglomération,Hors intersection,Normale,Deux véhicules - côté,3,2,2,0,2,2,1,0,1,70,2,5,0,0,1,4,59.0,33.0,voiture,voiture,1,1,1,1,3
202200027864,2022-11-03 19:46:00,2022,11,3,19,46,01,01354,Rue de la Faucille,46.250871,6.025709,Nuit avec éclairage allumé,En agglomération,Giratoire,Pluie légère,Autre collision,4,2,1,0,1,1,2,0,1,30,1,2,1,0,1,0,20.0,,voiture,,5,2,6,2,6
202200027865,2022-11-08 21:40:00,2022,11,8,21,40,14,14061,D674,48.963948,-0.935082,Nuit sans éclairage public,Hors agglomération,Hors intersection,Pluie légère,Sans collision,3,2,2,0,1,2,2,0,1,80,1,1,0,0,0,1,21.0,,voiture,,3,1,1,2,7
202200027866,2022-11-10 19:15:00,2022,11,10,19,15,74,74272,Route du Pont du Trésor,45.948211,6.038361,Nuit avec éclairage allumé,En agglomération,Intersection en T,Normale,Deux véhicules - côté,3,2,1,0,1,1,1,0,1,-1,2,2,1,0,0,1,14.0,44.0,deux_roues,voiture,5,2,3,1,3
202200027867,2022-11-10 07:00:00,2022,11,10,7,0,63,63054,Autoroute A75 pk 36+300,45.5010738505,3.2595007891,Crépuscule ou aube,Hors agglomération,Hors intersection,Temps couvert,Sans collision,1,1,4,0,2,3,2,0,1,110,1,1,0,0,1,0,53.0,,voiture,,2,1,1,8,7
202200027868,2022-11-10 10:10:00,2022,11,10,10,10,30,30290,15 Promenade Saint-Paul,44.263206,4.596526,Plein jour,En agglomération,Hors intersection,Normale,Autre collision,3,1,1,0,1,1,1,0,1,50,1,2,1,0,1,0,59.0,,voiture,,1,2,1,1,6
202200027869,2022-11-10 07:15:00,2022,11,10,7,15,91,91534,D36,48.728911,2.17716,Nuit sans éclairage public,Hors agglomération,Hors intersection,Normale,Autre collision,3,2,2,0,1,1,1,0,8,70,1,2,1,0,1,0,57.0,,utilitaire_camion,,3,1,1,1,6
202200027870,2022-11-09 16:15:00,2022,11,9,16,15,74,74282,D114,45.979954,6.132441,Plein jour,Hors agglomération,Hors intersection,Normale,Trois véhicules et plus - collisions multiples,3,2,2,0,1,2,1,0,5,80,4,4,1,0,3,0,63.0,77.0,deux_roues,deux_roues,1,1,1,1,5
202200027871,2022-11-05 15:40:00,2022,11,5,15,40,67,67019,31 Rue de Mussig,48.23137,7.536954,Plein jour,En agglomération,Hors intersection,Normale,Autre collision,3,2,2,0,1,1,1,0,1,50,1,2,1,0,0,1,38.0,,voiture,,1,2,1,1,6
202200027872,2022-11-09 11:45:00,2022,11,9,11,45,67,67377,Devant Fouday,48.430696,7.184147,Plein jour,Hors agglomération,Hors intersection,Pluie légère,Trois véhicules et plus - collisions multiples,3,2,2,0,2,3,2,0,1,80,4,4,1,1,0,2,55.0,60.0,voiture,voiture,1,1,1,2,5
202200027873,2022-11-09 13:25:00,2022,11,9,13,25,11,11040,rue de la republique,43.1655033877,2.8714334965,Plein jour,En agglomération,Hors intersection,Normale,Deux véhicules - arrière,4,2,2,0,2,1,1,0,1,50,2,2,1,0,1,0,15.0,45.0,deux_roues,voiture,1,2,1,1,2
202200027874,2022-11-10 17:50:00,2022,11,10,17,50,71,71013,Route de Fretterans,46.906975,5.296526,Nuit sans éclairage public,Hors agglomération,Intersection en X,Brouillard / fumée,Deux véhicules - côté,3,2,2,0,1,1,1,0,1,80,2,2,0,1,0,1,67.0,54.0,voiture,voiture,3,1,2,5,3
202200027875,2022-11-10 11:15:00,2022,11,10,11,15,71,71490,Route Nationale 70 - PK 10+322,46.520249,4.164119,Plein jour,Hors agglomération,Hors intersection,Normale,Trois véhicules et plus - collisions multiples,2,2,2,0,1,1,1,8,1,70,3,3,0,1,1,1,42.0,64.0,voiture,voiture,1,1,1,1,5
202200027876,2022-11-10 13:00:00,2022,11,10,13,0,49,49331,D775,47.693985,-0.890386,Plein jour,Hors agglomération,Autre intersection,Normale,Deux véhicules - côté,3,3,4,0,2,2,1,0,3,110,2,2,1,0,1,0,26.0,35.0,utilitaire_camion,voiture,1,1,9,1,3
202200027877,2022-09-30 07:25:00,2022,9,30,7,25,88,88160,ARGANT (RUE ANDRE-),48.18034,6.4542,Nuit avec éclairage allumé,En agglomération,Giratoire,Normale,Deux véhicules - côté,4,2,2,-1,1,1,1,0,1,-1,2,2,1,0,0,1,49.0,32.0,deux_roues,utilitaire_camion,5,2,6,1,3