accident_id,datetime,annee,mois,jour,heure,minute,departement,commune_insee,adresse,latitude,longitude,luminosite,agglomeration,intersection,meteo,collision,catr,circ,nbv,vosp,prof,plan,surf,infra,situ,vma,nb_vehicules,nb_usagers,nb_indemnes,nb_tues,nb_blesses_hosp,nb_blesses_legers,age_cond_1,age_cond_2,veh_type_cond_1,veh_type_cond_2,lum_code,agg_code,int_code,atm_code,col_code
202200027969,2022-05-21 18:45:00,2022,5,21,18,45,75,75114,BOULEVARD RASPAIL,48.8419397847,2.3294958472,Plein jour,En agglomération,Intersection à plus de 4 branches,Normale,Deux véhicules - côté,4,2,4,0,1,1,1,0,1,30,2,2,1,0,0,1,37.0,52.0,deux_roues,voiture,1,2,5,1,3
202200027970,2022-09-28 18:35:00,2022,9,28,18,35,30,30007,SILHOL (MONTEE),44.12582,4.09226,Plein jour,En agglomération,Intersection en T,Normale,Autre collision,4,2,2,0,2,1,1,0,1,50,1,1,0,0,0,1,54.0,,voiture,,1,2,3,1,6
202200027971,2022-11-08 02:30:00,2022,11,8,2,30,973,97309,TROUBIRAN (CHEMIN DE),4.921177243,-52.304084301,Plein jour,En agglomération,Intersection en T,Normale,Autre collision,4,2,2,0,1,1,9,9,1,50,2,2,1,0,0,1,22.0,21.0,voiture,deux_roues,1,2,3,1,6
202200027972,2022-05-21 13:40:00,2022,5,21,13,40,75,75120,BD PERIPHERIQUE INTERIEUR,48.875556,2.409953,Plein jour,En agglomération,Hors intersection,Normale,Deux véhicules - côté,4,1,4,0,1,1,1,0,1,70,2,3,2,0,0,1,32.0,48.0,voiture,deux_roues,1,2,1,1,3
202200027973,2022-11-06 23:30:00,2022,11,6,23,30,973,97302,ROUTE NATIONALE 1,4.90264,-52.32454,Nuit avec éclairage allumé,Hors agglomération,Hors intersection,Pluie forte,Sans collision,2,2,4,1,2,1,2,8,1,80,1,2,1,0,0,1,22.0,,deux_roues,,5,1,1,3,7
202200027974,2022-10-01 15:30:00,2022,10,1,15,30,29,29019,boulevard de l'Europe,48.4129992517,-4.4998075962,Plein jour,En agglomération,Hors intersection,Normale,Autre collision,4,-1,4,0,1,1,1,0,1,50,2,2,1,0,0,1,22.0,22.0,deux_roues,voiture,1,2,1,1,6
202200027975,2022-11-07 16:10:00,2022,11,7,16,10,69,69387,Rue Capitaine Robert Cluzan,45.75055,4.84135,Plein jour,En agglomération,Hors intersection,Normale,Autre collision,4,1,1,0,1,1,1,0,1,30,1,2,1,0,0,1,42.0,,deux_roues,,1,2,1,1,6
202200027976,2022-05-21 23:25:00,2022,5,21,23,25,75,75111,RUE VOLTAIRE,48.852816,2.392441,Nuit avec éclairage allumé,En agglomération,Intersection en X,Normale,Autre collision,4,2,2,0,2,1,1,0,1,30,1,3,2,0,0,1,38.0,,deux_roues,,5,2,2,1,6
202200027977,2022-09-29 17:00:00,2022,9,29,17,0,29,29019,rue de Vendée,48.40435,-4.5115,Plein jour,En agglomération,Hors intersection,Normale,Sans collision,4,2,2,0,2,1,1,0,1,30,1,3,0,0,0,3,15.0,,deux_roues,,1,2,1,1,7
202200027978,2022-11-08 12:50:00,2022,11,8,12,50,972,97209,ISAMBERT (RUE),14.6047,-61.07176,Plein jour,En agglomération,Intersection en T,Normale,Deux véhicules - côté,4,1,1,0,1,1,1,0,1,50,2,3,2,0,0,1,17.0,26.0,deux_roues,voiture,1,2,3,1,3
202200027979,2022-11-08 18:23:00,2022,11,8,18,23,2B,2B120,11 - RT,42.64951,9.44043,Nuit sans éclairage public,Hors agglomération,Hors intersection,Normale,Deux véhicules - arrière,2,2,4,0,1,3,1,3,1,70,2,2,1,0,0,1,61.0,34.0,voiture,voiture,3,1,1,1,2
202200027980,2022-05-21 14:15:00,2022,5,21,14,15,75,75109,RUE LE PELETIER,48.873219,2.338733,Plein jour,En agglomération,Intersection en X,Normale,Deux véhicules - arrière,4,1,2,0,1,1,1,0,1,30,2,2,0,0,0,2,52.0,30.0,deux_roues,deux_roues,1,2,2,1,2
202200027981,2022-11-08 11:30:00,2022,11,8,11,30,2B,2B033,11 - RT,42.69909,9.45234,Plein jour,En agglomération,Hors intersection,Normale,Deux véhicules - arrière,2,-1,2,0,1,1,1,0,1,50,2,2,0,0,0,2,19.0,55.0,voiture,deux_roues,1,2,1,1,2
202200027982,2022-09-30 08:30:00,2022,9,30,8,30,28,28229,RESISTANCE (PLACE DE LA),48.45063,1.4637,Plein jour,En agglomération,Hors intersection,Normale,Autre collision,4,2,2,3,1,1,1,6,6,50,1,3,1,0,0,2,58.0,,autre,,1,2,1,1,6
202200027983,2022-05-21 12:10:00,2022,5,21,12,10,75,75108,BOULEVARD DES BATIGNOLLES,48.8812462179,2.316609174,Plein jour,En agglomération,Intersection en Y,Normale,Deux véhicules - côté,4,3,3,0,1,1,1,0,1,30,2,2,1,0,0,1,23.0,25.0,utilitaire_camion,deux_roues,1,2,4,1,3
202200027984,2022-11-08 12:17:00,2022,11,8,12,17,2B,2B033,GAUDIN - BLD AUGUSTE,42.69467,9.44836,Plein jour,En agglomération,Hors intersection,Normale,Autre collision,4,2,2,0,1,1,1,0,1,50,1,2,1,0,0,1,58.0,,voiture,,1,2,1,1,6
202200027985,2022-05-21 02:15:00,2022,5,21,2,15,75,75107,AVENUE DE SUFFREN,48.8526255594,2.2986765951,Nuit avec éclairage allumé,En agglomération,Hors intersection,Normale,Autre collision,4,2,2,0,1,1,1,0,1,30,1,1,0,0,0,1,43.0,,voiture,,5,2,1,1,6
202200027986,2022-09-27 08:30:00,2022,9,27,8,30,27,27375,MASSACRE (RUE),49.21116,1.15959,Plein jour,En agglomération,Intersection en X,Normale,Deux véhicules - côté,4,-1,2,0,1,1,1,0,1,50,2,2,1,0,0,1,35.0,16.0,voiture,deux_roues,1,2,2,1,3
202200027987,2022-11-08 14:30:00,2022,11,8,14,30,971,97120,CHANZY (BOULEVARD),16.24102,-61.53595,Plein jour,En agglomération,Hors intersection,Normale,Autre collision,3,1,5,0,1,1,1,0,1,50,1,2,1,0,0,1,69.0,,voiture,,1,2,1,1,6
202200027988,2022-05-20 23:15:00,2022,5,20,23,15,75,75115,RUE DE LA CROIX NIVERT,48.839988,2.290363,Nuit avec éclairage allumé,En agglomération,Intersection en X,Normale,Autre collision,4,2,2,0,1,1,1,0,1,30,1,1,0,0,0,1,37.0,,voiture,,5,2,2,1,6
202200027989,2022-11-07 09:50:00,2022,11,7,9,50,971,97101,ROUTE DES ABYMES,16.25166,-61.52647,Plein jour,En agglomération,Autre intersection,Normale,Deux véhicules - côté,2,2,4,0,1,1,1,0,1,50,2,4,2,0,0,2,47.0,25.0,voiture,voiture,1,2,9,1,3
202200027990,2022-09-29 17:00:00,2022,9,29,17,0,27,27299,RN 154,49.0534,1.17744,Plein jour,Hors agglomération,Hors intersection,Normale,Sans collision,2,3,4,0,1,1,1,0,1,110,1,4,3,0,0,1,41.0,,voiture,,1,1,1,1,7
202200027991,2022-05-21 21:05:00,2022,5,21,21,5,75,75101,RUE DE RIVOLI,48.8608122074,2.3412057012,Plein jour,En agglomération,Intersection en T,Temps éblouissant,Autre collision,4,2,4,1,1,1,1,-1,5,30,1,1,0,0,0,1,23.0,,deux_roues,,1,2,3,7,6
202200027992,2022-11-07 01:15:00,2022,11,7,1,15,971,97107,DELGRES ( BOULEVARD ),16.0614097242,-61.5663474798,Nuit avec éclairage allumé,En agglomération,Intersection en Y,Normale,Deux véhicules - arrière,2,1,1,0,2,2,1,0,1,50,2,3,0,0,0,2,,32.0,voiture,voiture,5,2,4,1,2
202200027993,2022-09-29 14:10:00,2022,9,29,14,10,27,27229,QUATORZE JUILLET (BOULEVARD),49.01535,1.18001,Plein jour,En agglomération,Hors intersection,Normale,Deux véhicules - côté,6,-1, -1,0,1,1,1,9,6,30,2,3,2,0,0,1,29.0,20.0,voiture,voiture,1,2,1,1,3
202200027994,2022-11-08 07:55:00,2022,11,8,7,55,2A,2A004,T21,41.92763,8.79646,Plein jour,Hors agglomération,Giratoire,Normale,Deux véhicules - côté,2,-1,2,0,1,2,1,0,1,90,2,2,1,0,0,1,33.0,52.0,utilitaire_camion,deux_roues,1,1,6,1,3
202200027995,2022-05-21 15:45:00,2022,5,21,15,45,75,75102,BOULEVARD DE SEBASTOPOL,48.8666109346,2.3527519405,Plein jour,En agglomération,Hors intersection,Normale,Deux véhicules - frontale,4,2,5,1,1,1,1,-1,5,30,2,2,0,0,0,2,30.0,56.0,deux_roues,deux_roues,1,2,1,1,1
202200027996,2022-09-30 17:00:00,2022,9,30,17,0,25,25056,CASSOTTE  RUE DE LA,47.24629,6.03,Plein jour,En agglomération,Intersection en X,Normale,Deux véhicules - côté,4,1,3,0,1,1,1,0,1,50,2,2,1,0,0,1,16.0,21.0,deux_roues,voiture,1,2,2,1,3
202200027997,2022-09-29 17:40:00,2022,9,29,17,40,25,25056,Rue de la Grette,47.22883,6.00941,Plein jour,En agglomération,Hors intersection,Normale,Autre collision,4,2,2,0,2,2,1,6,3,50,1,2,1,0,0,1,,,voiture,,1,2,1,1,6
202200027998,2022-05-21 04:00:00,2022,5,21,4,0,75,75102,RUE SAINTE ANNE,48.868432,2.336515,Nuit avec éclairage allumé,En agglomération,Intersection en T,Normale,Deux véhicules - frontale,4,1,1,0,1,1,1,0,1,30,2,3,1,0,0,2,20.0,41.0,deux_roues,deux_roues,5,2,3,1,1
202200027999,2022-11-07 16:45:00,2022,11,7,16,45,91,91161,RUE PIERRE MENDES FRANCE,48.698687,2.315118,Plein jour,En agglomération,Hors intersection,Pluie légère,Autre collision,4,2,2,0,2,1,2,2,1,50,1,2,0,0,0,2,54.0,,utilitaire_camion,,1,2,1,2,6
202200028000,2022-11-07 20:45:00,2022,11,7,20,45,91,91161,PL DE LA LIBERATION,48.70206,2.321098,Nuit avec éclairage allumé,En agglomération,Hors intersection,Pluie légère,Autre collision,4,2,2,0,1,1,2,0,1,50,1,2,1,0,0,1,24.0,,voiture,,5,2,1,2,6
202200028001,2022-10-01 08:56:00,2022,10,1,8,56,22,22278,Boulevard de l'Atlantique,48.51917,-2.79187,Plein jour,En agglomération,Giratoire,Normale,Deux véhicules - frontale,4,2,2,0,1,3,2,5,1,30,2,2,1,0,0,1,23.0,56.0,voiture,deux_roues,1,2,6,1,1
202200028002,2022-05-21 03:30:00,2022,5,21,3,30,75,75102,RUE SAINT AUGUSTIN,48.8688834243,2.3343868554,Nuit avec éclairage allumé,En agglomération,Intersection à plus de 4 branches,Normale,Deux véhicules - côté,4,2,2,0,1,1,1,0,1,30,2,3,1,0,0,2,32.0,33.0,deux_roues,voiture,5,2,5,1,3
202200028003,2022-11-08 14:10:00,2022,11,8,14,10,91,91657,RUE FREDERIC JOLIOT CURIE,48.70577,2.42253,Plein jour,En agglomération,Hors intersection,Normale,Sans collision,4,2,2,0,1,1,1,0,1,50,1,1,0,0,0,1,55.0,,voiture,,1,2,1,1,7
202200028004,2022-09-28 16:25:00,2022,9,28,16,25,22,22278,APOLLINAIRE (GUILLAUME),48.49677,-2.74764,Plein jour,En agglomération,Hors intersection,Normale,Autre collision,3,-1,2,0,1,1,1,0,1,30,1,1,0,0,0,1,80.0,,voiture,,1,2,1,1,6
202200028005,2022-11-08 09:15:00,2022,11,8,9,15,91,91691,PASTEUR(RUE),48.695051,2.480682,Plein jour,En agglomération,Intersection en T,Normale,Deux véhicules - côté,4,2,2,0,1,1,1,0,1,30,2,4,3,0,0,1,30.0,25.0,deux_roues,voiture,1,2,3,1,3
202200028006,2022-09-26 08:00:00,2022,9,26,8,0,21,21231,EDGAR FAURE (RUE),47.31021,5.07142,Crépuscule ou aube,En agglomération,Intersection en X,Normale,Deux véhicules - côté,4,2,2,0,1,1,1,0,1,50,2,2,1,0,1,0,17.0,22.0,deux_roues,voiture,2,2,2,1,3
202200028007,2022-11-08 18:30:00,2022,11,8,18,30,91,91687,DE CHATILLON (QUAI),48.682,2.38503,Nuit avec éclairage allumé,En agglomération,Hors intersection,Normale,Trois véhicules et plus - en chaîne,3,2,2,0,1,1,1,0,1,50,3,4,3,0,0,1,25.0,45.0,voiture,voiture,5,2,1,1,4
202200028008,2022-05-21 19:10:00,2022,5,21,19,10,94,94041,PAUL ANDRIEUX (R),48.8130453626,2.370160818,Plein jour,En agglomération,Autre intersection,Normale,Deux véhicules - côté,3,2,2,0,1,1,1,0,1,30,2,3,1,0,0,2,49.0,74.0,deux_roues,voiture,1,2,9,1,3
202200028009,2022-09-09 17:56:00,2022,9,9,17,56,21,21231,FRANCE LIBRE (PLACE),47.350241,5.040648,Plein jour,En agglomération,Place,Normale,Autre collision,4,1,1,0,1,1,1,5,1,50,1,2,1,0,1,0,49.0,,voiture,,1,2,7,1,6
202200028010,2022-11-08 16:24:00,2022,11,8,16,24,91,91687,GENERAL DE GAULLE (AVENUE DU),48.68146,2.379,Plein jour,En agglomération,Giratoire,Normale,Deux véhicules - côté,3,3,4,0,1,1,1,5,1,50,2,3,1,0,2,0,37.0,40.0,voiture,voiture,1,2,6,1,3
202200028011,2022-05-21 14:10:00,2022,5,21,14,10,94,94028,Rue Daniel Costantini / Boulevard Jean-baptiste Oudry,48.76921,2.46145,Plein jour,En agglomération,Giratoire,Normale,Deux véhicules - côté,4,2,2,0,1,1,1,9,6,50,2,2,1,0,0,1,50.0,45.0,transport_commun,utilitaire_camion,1,2,6,1,3
202200028012,2022-01-13 14:20:00,2022,1,13,14,20,91,91174,RUE DE PARIS,48.604766,2.467378,Plein jour,En agglomération,Hors intersection,Normale,Autre collision,2,2,2,0,1,1,1,0,1,50,1,5,3,0,0,2,22.0,,deux_roues,,1,2,1,1,6
202200028013,2022-09-29 13:40:00,2022,9,29,13,40,17,17415,PORT D'ENVAUX RUE DE,45.76641,-0.6439,Plein jour,Hors agglomération,Hors intersection,Normale,Trois véhicules et plus - en chaîne,4,2,2,0,2,1,1,0,1,70,5,5,1,1,0,3,18.0,73.0,utilitaire_camion,deux_roues,1,1,1,1,4
202200028014,2022-11-07 17:48:00,2022,11,7,17,48,87,87050,BEL-FONT (RUE DE),45.86747,1.2382,Crépuscule ou aube,En agglomération,Intersection en T,Normale,Deux véhicules - arrière,3,2,2,0,1,1,1,0,1,50,2,2,1,0,0,1,37.0,52.0,voiture,voiture,2,2,3,1,2
202200028015,2022-05-21 22:20:00,2022,5,21,22,20,94,94018,Quai de Bercy / Rue du Nouveau Bercy,48.82321,2.39631,Nuit avec éclairage allumé,En agglomération,Intersection en T,Normale,Deux véhicules - côté,3,2,4,0,1,1,1,0,1,50,2,2,1,0,0,1,24.0,30.0,voiture,voiture,5,2,3,1,3
202200028016,2022-09-29 10:40:00,2022,9,29,10,40,17,17415,LUCERAT CHEMIN DE,45.72839,-0.64315,Plein jour,En agglomération,Intersection en X,Normale,Deux véhicules - côté,4,2,2,0,1,2,1,0,1,50,2,2,1,0,1,0,20.0,50.0,deux_roues,voiture,1,2,2,1,3
202200028017,2022-11-06 17:29:00,2022,11,6,17,29,87,87085,BAUDIN ( AVENUE) (VC),45.82693,1.2594,Plein jour,En agglomération,Hors intersection,Normale,Deux véhicules - côté,4,4,4,0,1,1,1,0,1,30,2,2,1,0,0,1,31.0,32.0,deux_roues,voiture,1,2,1,1,3
202200028018,2022-05-20 22:45:00,2022,5,20,22,45,93,93064,Rue du Rhin,48.86636,2.49766,Nuit avec éclairage allumé,En agglomération,Hors intersection,Normale,Autre collision,4,2,2,0,1,1,1,0,1,50,1,2,1,0,1,0,39.0,,deux_roues,,5,2,1,1,6
202200028019,2022-09-28 17:32:00,2022,9,28,17,32,17,17415,D137,45.71682,-0.63482,Plein jour,Hors agglomération,Hors intersection,Normale,Deux véhicules - arrière,3,2,2,0,1,1,1,0,1,80,2,2,1,0,0,1,29.0,19.0,voiture,voiture,1,1,1,1,2
202200028020,2022-05-21 16:45:00,2022,5,21,16,45,93,93051,Avenue Emile Cossonneau,48.8493646747,2.5644069315,Plein jour,En agglomération,Hors intersection,Normale,Autre collision,3,3,4,0,1,1,1,0,1,30,1,2,1,0,0,1,64.0,,voiture,,1,2,1,1,6
202200028021,2022-11-08 11:10:00,2022,11,8,11,10,85,85194,Place guynemer,46.49532,-1.77681,Plein jour,En agglomération,Intersection en T,Temps couvert,Autre collision,4,2,2,0,1,1,1,0,1,50,1,2,1,0,0,1,81.0,,voiture,,1,2,3,8,6
202200028022,2022-09-27 21:45:00,2022,9,27,21,45,17,17415,GENET 6 A ROCADE OUEST COURS,45.745123,-0.661715,Nuit avec éclairage allumé,En agglomération,Hors intersection,Normale,Sans collision,3,2,2,0,1,1,1,0,1,50,1,1,0,0,0,1,47.0,,voiture,,5,2,1,1,7
202200028023,2022-11-07 16:15:00,2022,11,7,16,15,83,83144,FRANCE (AVE / IMP ANATOLE),43.13647,5.9796,Plein jour,En agglomération,Autre intersection,Normale,Autre collision,4,2,2,0,1,1,1,0,1,50,1,3,2,0,0,1,21.0,,voiture,,1,2,9,1,6
202200028024,2022-09-27 08:30:00,2022,9,27,8,30,17,17415,N150,45.714251968,-0.6718906932,Plein jour,Hors agglomération,Hors intersection,Normale,Sans collision,2,3,4,0,1,1,1,0,3,110,1,1,0,0,0,1,19.0,,voiture,,1,1,1,1,7
202200028025,2022-05-21 21:20:00,2022,5,21,21,20,93,93005,Rue Pierre Sémard / Avenue Charles de Gaulle,48.92982,2.48059,Crépuscule ou aube,En agglomération,Giratoire,Normale,Deux véhicules - côté,3,3,4,0,1,3,1,0,1,50,2,3,2,0,0,1,37.0,31.0,voiture,deux_roues,2,2,6,1,3
202200028026,2022-11-07 17:25:00,2022,11,7,17,25,83,83126,LAGANE (AMABLE),43.10094,5.8809,Crépuscule ou aube,En agglomération,Hors intersection,Normale,Autre collision,4,1,1,0,1,1,1,9,1,30,2,2,1,0,1,0,12.0,26.0,deux_roues,voiture,2,2,1,1,6
202200028027,2022-11-07 16:45:00,2022,11,7,16,45,80,80021,LEMERCHIER (RUE),49.88198,2.29875,Crépuscule ou aube,En agglomération,Intersection en X,Normale,Deux véhicules - côté,4,1,1,0,1,1,1,0,1,50,2,3,2,0,0,1,19.0,34.0,voiture,voiture,2,2,2,1,3
202200028028,2022-05-18 18:30:00,2022,5,18,18,30,92,92064,CAMP CANADIEN,48.8579213859,2.2108652294,Plein jour,En agglomération,Intersection en Y,Normale,Deux véhicules - côté,3,2,3,1,1,1,1,0,5,50,2,2,1,0,0,1,55.0,48.0,voiture,deux_roues,1,2,4,1,3
202200028029,2022-11-06 01:52:00,2022,11,6,1,52,80,80021,HALEINE RIDOUX (RUE),49.88586,2.33024,Nuit avec éclairage allumé,En agglomération,Hors intersection,Normale,Autre collision,4,1,1,0,1,1,2,0,1,50,1,1,0,1,0,0,21.0,,deux_roues,,5,2,1,1,6
202200028030,2022-09-27 20:05:00,2022,9,27,20,5,14,14118,Boulevard Georges Pompidou,49.181692,-0.401705,Nuit avec éclairage allumé,En agglomération,Intersection en T,Pluie légère,Deux véhicules - côté,4,2,2,0,1,1,2,5,1,50,2,2,1,0,0,1,53.0,46.0,voiture,utilitaire_camion,5,2,3,2,3
202200028031,2022-05-21 22:52:00,2022,5,21,22,52,92,92050,PICASSO PABLO AVENUE,48.8886589592,2.2223340869,Nuit avec éclairage allumé,En agglomération,Hors intersection,Normale,Autre collision,4,2,2,0,2,1,1,0,1,50,1,2,0,0,0,2,42.0,,deux_roues,,5,2,1,1,6
202200028032,2022-11-08 08:30:00,2022,11,8,8,30,78,78440,VERNEUIL (ROUTE DE),48.99806,1.923883,Plein jour,En agglomération,Autre intersection,Normale,Deux véhicules - côté,3,2,1,0,1,1,1,0,1,50,2,2,1,0,0,1,20.0,17.0,voiture,deux_roues,1,2,9,1,3
202200028033,2022-09-29 15:40:00,2022,9,29,15,40,09,09121,D1,42.94818,1.61661,Plein jour,En agglomération,Autre intersection,Normale,Autre collision,3,-1,0,0,1,1,1,9,1,50,1,1,0,0,0,1,39.0,,deux_roues,,1,2,9,1,6
202200028034,2022-05-20 23:04:00,2022,5,20,23,4,92,92048,MAL DE LATTRE DE TASSIGNY (AVENUE),48.7868253941,2.2310995459,Nuit avec éclairage allumé,En agglomération,Intersection en T,Normale,Deux véhicules - arrière,4,2,2,0,1,1,1,0,1,50,2,2,1,0,1,0,24.0,,deux_roues,deux_roues,5,2,3,1,2
202200028035,2022-09-26 16:41:00,2022,9,26,16,41,08,08105,Avenue de Saint-Julien,49.7612521837,4.7134874761,Plein jour,En agglomération,Autre intersection,Pluie forte,Autre collision,3,-1,2,0,1,3,2,9,1,50,1,2,1,0,1,0,50.0,,transport_commun,,1,2,9,3,6
202200028036,2022-11-08 19:50:00,2022,11,8,19,50,77,77108,D934,48.86751,2.57171,Nuit avec éclairage allumé,En agglomération,Hors intersection,Normale,Trois véhicules et plus - collisions multiples,3,3,2,0,1,1,1,0,1,50,3,5,1,0,0,4,19.0,30.0,voiture,voiture,5,2,1,1,5
202200028037,2022-05-21 03:20:00,2022,5,21,3,20,13,13211,A50-Sens Marseille vers Aubagne,43.2895,5.44625,Nuit sans éclairage public,Hors agglomération,Hors intersection,Normale,Deux véhicules - arrière,1,-1,3,0,1,1,1,0,1,90,2,3,0,0,0,3,42.0,41.0,voiture,voiture,3,1,1,1,2
202200028038,2022-09-28 12:30:00,2022,9,28,12,30,07,07316,Avenue Olivier de Serres,44.88557,4.85147,Plein jour,En agglomération,Hors intersection,Pluie légère,Autre collision,3,-1,2,0,1,3,2,0,1,50,2,2,0,0,0,2,48.0,27.0,voiture,voiture,1,2,1,2,6
202200028039,2022-11-08 19:40:00,2022,11,8,19,40,77,77215,D32,48.73451,2.73794,Nuit sans éclairage public,En agglomération,Intersection en X,Normale,Autre collision,3,1,1,0,2,1,1,3,1,50,1,2,1,0,0,1,32.0,,voiture,,3,2,2,1,6
202200028040,2022-05-19 23:38:00,2022,5,19,23,38,13,13005,A50-Sens Aubagne vers Marseille,43.28804,5.56246,Nuit sans éclairage public,Hors agglomération,Hors intersection,Normale,Deux véhicules - arrière,1,1,2,0,2,1,1,0,1,90,2,3,1,0,0,2,42.0,48.0,voiture,voiture,3,1,1,1,2
202200028041,2022-10-01 17:37:00,2022,10,1,17,37,04,04112,,43.830709,5.794274,Plein jour,En agglomération,Hors intersection,Normale,Deux véhicules - arrière,3,2,2,1,1,1,1,0,5,50,2,2,1,0,0,1,67.0,28.0,deux_roues,voiture,1,2,1,1,2
202200028042,2022-11-07 17:45:00,2022,11,7,17,45,77,77449,D345,48.84773,2.77796,Nuit avec éclairage allumé,Hors agglomération,Hors intersection,Pluie légère,Deux véhicules - arrière,3,2,2,0,1,1,2,0,1,70,2,3,0,0,1,2,45.0,87.0,voiture,voiture,5,1,1,2,2
202200028043,2022-05-20 22:45:00,2022,5,20,22,45,91,91161,AUTOROUTE A126,48.70808,2.30695,Nuit sans éclairage public,Hors agglomération,Hors intersection,Normale,Deux véhicules - côté,1,4,0,0,1,1,1,3,1,70,2,2,1,0,0,1,21.0,41.0,voiture,voiture,3,1,1,1,3
202200028044,2022-04-27 14:30:00,2022,4,27,14,30,93,93053,Rue de Brément,48.8874933704,2.4649093149,Plein jour,En agglomération,Hors intersection,Normale,Deux véhicules - arrière,3,2,2,0,1,1,1,0,1,50,2,2,0,0,0,2,31.0,44.0,voiture,voiture,1,2,1,1,2
202200028045,2022-11-08 10:50:00,2022,11,8,10,50,76,76540,Quai Pierre Corneille,49.43761,1.09401,Plein jour,En agglomération,Hors intersection,Normale,Autre collision,7,2,5,3,1,1,1,-1,1,50,1,1,0,0,0,1,45.0,,voiture,,1,2,1,1,6
202200028046,2022-05-21 15:04:00,2022,5,21,15,4,78,78402,A13,48.964,1.78449,Plein jour,Hors agglomération,Hors intersection,Normale,Sans collision,1,-1,3,0,1,1,1,0,1,130,1,2,0,0,0,2,25.0,,voiture,,1,1,1,1,7
202200028047,2022-11-07 18:25:00,2022,11,7,18,25,71,71270,Route de Macon (Saint-Jean-le-Priche),46.36961,4.85633,Nuit sans éclairage public,En agglomération,Intersection en T,Normale,Autre collision,3,3,2,0,1,1,1,5,8,70,1,1,0,0,0,1,17.0,,deux_roues,,3,2,3,1,6
202200028048,2022-05-21 06:46:00,2022,5,21,6,46,78,78431,A13,48.93703,1.96014,Plein jour,Hors agglomération,Hors intersection,Normale,Deux véhicules - côté,1,-1,3,0,1,3,1,0,1,130,2,3,2,0,0,1,19.0,67.0,voiture,voiture,1,1,1,1,3
202200028049,2022-11-08 13:10:00,2022,11,8,13,10,69,69266,Rue Léon Blum,45.75986,4.89533,Plein jour,En agglomération,Intersection en T,Normale,Autre collision,4,1,1,3,1,1,1,0,1,50,1,2,1,0,0,1,30.0,,voiture,,1,2,3,1,6
202200028050,2022-05-21 03:30:00,2022,5,21,3,30,93,93053,AUTOROUTE A3,48.8798,2.45049,Nuit sans éclairage public,Hors agglomération,Hors intersection,Normale,Autre collision,1,3,3,0,2,1,1,0,2,90,1,2,1,0,0,1,,,utilitaire_camion,,3,1,1,1,6
202200028051,2022-11-06 14:19:00,2022,11,6,14,19,66,66136,,42.69513,2.88957,Plein jour,En agglomération,Intersection en T,Normale,Deux véhicules - côté,4,1,1,1,1,1,1,0,1,50,2,2,1,0,0,1,49.0,49.0,voiture,deux_roues,1,2,3,1,3
202200028052,2022-09-29 16:15:00,2022,9,29,16,15,92,92004,PAUL DEROULEDE,48.91135,2.2826,Plein jour,En agglomération,Intersection en X,Normale,Deux véhicules - frontale,4,1, -1,0,1,1,1,0,1,50,2,2,1,0,0,1,44.0,25.0,voiture,deux_roues,1,2,2,1,1
202200028053,2022-05-20 11:50:00,2022,5,20,11,50,95,95306,A15,49.001471,2.172304,Plein jour,Hors agglomération,Hors intersection,Pluie légère,Deux véhicules - côté,1,3,6,0,1,1,2,0,1,110,2,3,2,0,0,1,74.0,28.0,voiture,utilitaire_camion,1,1,1,2,3
202200028054,2022-11-08 17:10:00,2022,11,8,17,10,64,64335,Rue Lacaussade,43.3329977069,-0.4303336143,Crépuscule ou aube,En agglomération,Hors intersection,Pluie légère,Deux véhicules - frontale,4,1,1,2,1,2,2,0,5,30,2,2,0,0,0,2,21.0,55.0,deux_roues,deux_roues,2,2,1,2,1
202200028055,2022-09-29 07:03:00,2022,9,29,7,3,83,83137,A50,43.1223056636,5.939514488,Crépuscule ou aube,En agglomération,Hors intersection,Normale,Deux véhicules - arrière,1,1, -1,-1,1,1,1,0,1,-1,2,2,1,0,0,1,44.0,76.0,voiture,voiture,2,2,1,1,2
202200028056,2022-11-07 08:50:00,2022,11,7,8,50,64,64373,D100,43.2821,-0.35641,Plein jour,En agglomération,Hors intersection,Normale,Deux véhicules - côté,3,2,2,0,1,1,1,0,1,70,2,2,1,0,0,1,43.0,53.0,deux_roues,voiture,1,2,1,1,3
202200028057,2022-05-21 19:25:00,2022,5,21,19,25,94,94079,A4,48.8359206125,2.5399074801,Plein jour,Hors agglomération,Hors intersection,Normale,Deux véhicules - arrière,1,1,3,0,1,1,1,0,1,110,2,2,0,0,0,2,50.0,22.0,deux_roues,voiture,1,1,1,1,2
202200028058,2022-09-30 17:45:00,2022,9,30,17,45,33,33397,AUTOROUTE A 10,44.915853,-0.478321,Plein jour,Hors agglomération,Hors intersection,Normale,Deux véhicules - côté,1,3,6,0,1,1,1,0,1,130,2,2,1,0,0,1,62.0,57.0,voiture,voiture,1,1,1,1,3
202200028059,2022-05-21 11:45:00,2022,5,21,11,45,94,94073,A86 EXT,48.7542676036,2.3814083116,Plein jour,Hors agglomération,Hors intersection,Normale,Deux véhicules - côté,1,1, -1,0,1,1,1,0,1,90,2,3,1,0,0,2,47.0,60.0,utilitaire_camion,voiture,1,1,1,1,3
202200028060,2022-09-29 15:48:00,2022,9,29,15,48,33,33249,ROCADE A 630,44.8834675946,-0.5202466249,Plein jour,Hors agglomération,Hors intersection,Normale,Deux véhicules - arrière,1,3,6,0,1,1,1,0,1,90,2,4,3,0,0,1,58.0,46.0,utilitaire_camion,utilitaire_camion,1,1,1,1,2
202200028061,2022-11-07 16:20:00,2022,11,7,16,20,59,59178,ALSACE (QUAI D'),50.37741,3.08417,Plein jour,En agglomération,Intersection en T,Normale,Deux véhicules - côté,4,2,2,0,1,1,1,0,1,50,2,2,1,0,0,1,26.0,17.0,voiture,deux_roues,1,2,3,1,3