accident_id,datetime,annee,mois,jour,heure,minute,departement,commune_insee,adresse,latitude,longitude,luminosite,agglomeration,intersection,meteo,collision,catr,circ,nbv,vosp,prof,plan,surf,infra,situ,vma,nb_vehicules,nb_usagers,nb_indemnes,nb_tues,nb_blesses_hosp,nb_blesses_legers,age_cond_1,age_cond_2,veh_type_cond_1,veh_type_cond_2,lum_code,agg_code,int_code,atm_code,col_code
202200028062,2022-09-28 18:10:00,2022,9,28,18,10,33,33550,ROCADE A 630,44.78143,-0.58208,Plein jour,Hors agglomération,Hors intersection,Pluie légère,Sans collision,1,3,6,0,1,2,2,0,1,90,1,1,0,0,0,1,39.0,,deux_roues,,1,1,1,2,7
202200028063,2022-11-08 09:00:00,2022,11,8,9,0,51,51454,avenue Brébant,49.254251,4.017359,Plein jour,En agglomération,Hors intersection,Normale,Deux véhicules - côté,4,2,2,0,1,1,1,0,1,50,2,2,1,0,0,1,19.0,52.0,deux_roues,voiture,1,2,1,1,3
202200028064,2022-01-15 19:45:00,2022,1,15,19,45,74,74218,SAVOIE (AVENUE DE)  RD61,46.384918,6.527694,Nuit avec éclairage allumé,En agglomération,Intersection en T,Normale,Deux véhicules - côté,3,2,1,0,1,1,1,0,1,50,2,2,1,0,1,0,21.0,22.0,deux_roues,voiture,5,2,3,1,3
202200028065,2022-09-27 17:10:00,2022,9,27,17,10,33,33550,ROCADE A 630,44.77764,-0.56193,Plein jour,Hors agglomération,Hors intersection,Normale,Deux véhicules - arrière,1,3,6,0,1,1,1,0,1,90,2,2,1,0,0,1,22.0,33.0,voiture,voiture,1,1,1,1,2
202200028066,2022-11-07 10:50:00,2022,11,7,10,50,49,49015,DUNANT RUE HENRI ET ROND POINT,47.501,-0.58867,Plein jour,En agglomération,Intersection en X,Pluie légère,Deux véhicules - côté,4,2,4,2,1,1,2,0,1,50,2,2,1,0,0,1,61.0,70.0,voiture,voiture,1,2,2,2,3
202200028067,2022-09-30 08:00:00,2022,9,30,8,0,94,94017,A4,48.8276988218,2.5065179704,Plein jour,Hors agglomération,Hors intersection,Normale,Deux véhicules - arrière,1,3,10,0,1,1,1,1,1,90,2,2,1,0,0,1,46.0,23.0,utilitaire_camion,deux_roues,1,1,1,1,2
202200028068,2022-01-05 21:35:00,2022,1,5,21,35,74,74281,CONTOURNEMENT,46.35465,6.46689,Nuit sans éclairage public,Hors agglomération,Hors intersection,Temps couvert,Trois véhicules et plus - collisions multiples,3,3,4,0,1,2,1,0,1,90,3,3,2,0,0,1,31.0,72.0,voiture,voiture,3,1,1,8,5
202200028069,2022-11-07 21:38:00,2022,11,7,21,38,44,44184,6 Allée des Violettes,47.2625,-2.245,Nuit avec éclairage allumé,En agglomération,Intersection en X,Normale,Deux véhicules - côté,4,2,2,0,1,1,1,0,1,50,2,2,1,0,0,1,,28.0,voiture,voiture,5,2,2,1,3
202200028070,2022-09-29 09:30:00,2022,9,29,9,30,94,94065,N186,48.7537319733,2.3557683493,Plein jour,Hors agglomération,Hors intersection,Normale,Deux véhicules - arrière,2,3,2,0,1,1,1,0,1,90,2,2,1,0,0,1,48.0,29.0,utilitaire_camion,deux_roues,1,1,1,1,2
202200028071,2022-05-20 20:50:00,2022,5,20,20,50,988,98818,ROUTE DE LA BAIE DES DAMES,-22.24107,166.44691,Nuit avec éclairage allumé,En agglomération,Hors intersection,Pluie légère,Autre collision,4,2,2,0,1,1,2,0,1,50,1,2,1,0,0,1,25.0,,utilitaire_camion,,5,2,1,2,6
202200028072,2022-10-15 11:46:00,2022,10,15,11,46,42,42218,Rue Georges Teissier,45.43681,4.38342,Plein jour,En agglomération,Hors intersection,Normale,Deux véhicules - côté,4,1,1,0,1,1,1,0,1,50,2,2,1,0,0,1,57.0,25.0,deux_roues,voiture,1,2,1,1,3
202200028073,2022-09-22 08:15:00,2022,9,22,8,15,77,77294,A104,48.965666,2.607548,Plein jour,Hors agglomération,Hors intersection,Pluie légère,Deux véhicules - arrière,1,3,2,0,1,1,2,0,1,90,2,2,1,0,0,1,44.0,56.0,utilitaire_camion,deux_roues,1,1,1,2,2
202200028074,2022-05-20 11:55:00,2022,5,20,11,55,973,97302,FELIX EBOUE(ROCADE),4.92871,-52.31656,Plein jour,En agglomération,Hors intersection,Normale,Autre collision,3,2,2,0,2,1,1,0,1,50,1,2,1,0,0,1,81.0,,voiture,,1,2,1,1,6
202200028075,2022-11-08 19:30:00,2022,11,8,19,30,38,38158,RN 87,45.15105,5.73432,Nuit sans éclairage public,Hors agglomération,Hors intersection,Normale,Trois véhicules et plus - en chaîne,2,1,2,0,1,1,1,0,1,90,4,4,3,0,0,1,35.0,53.0,voiture,voiture,3,1,1,1,4
202200028076,2022-09-29 07:10:00,2022,9,29,7,10,94,94018,A4,48.8176679679,2.414811413,Nuit sans éclairage public,Hors agglomération,Hors intersection,Normale,Deux véhicules - côté,1,3,5,0,1,1,1,0,1,90,2,2,1,0,0,1,52.0,24.0,deux_roues,utilitaire_camion,3,1,1,1,3
202200028077,2022-11-09 00:45:00,2022,11,9,0,45,37,37261,TRANCHEE (AVENUE DE LA),47.4077058673,0.6818604469,Nuit avec éclairage allumé,En agglomération,Intersection en T,Pluie légère,Sans collision,4,3,4,3,2,1,2,0,1,30,1,1,0,0,1,0,34.0,,voiture,,5,2,3,2,7
202200028078,2022-05-20 19:15:00,2022,5,20,19,15,69,69383,Rue du Capitaine,45.75057,4.88534,Plein jour,En agglomération,Intersection en X,Normale,Deux véhicules - côté,4,1,1,0,1,1,1,0,1,30,2,3,1,0,0,2,38.0,32.0,voiture,deux_roues,1,2,2,1,3
202200028079,2022-09-28 18:45:00,2022,9,28,18,45,77,77294,A104,48.96777,2.60191,Plein jour,Hors agglomération,Hors intersection,Normale,Deux véhicules - arrière,1,2,4,0,1,1,1,0,1,90,2,2,1,0,0,1,26.0,27.0,voiture,deux_roues,1,1,1,1,2
202200028080,2022-11-07 16:35:00,2022,11,7,16,35,37,37261,GIRAUDEAU (RUE),47.38598,0.67672,Plein jour,En agglomération,Hors intersection,Normale,Deux véhicules - arrière,4,2,3,0,1,1,1,0,1,50,2,2,1,0,0,1,45.0,19.0,voiture,deux_roues,1,2,1,1,2
202200028081,2022-05-20 17:00:00,2022,5,20,17,0,69,69383,Rue François Gillet,45.75973,4.87411,Plein jour,En agglomération,Intersection en X,Normale,Deux véhicules - côté,4,2,2,0,1,1,1,0,1,30,2,2,1,0,0,1,58.0,47.0,voiture,deux_roues,1,2,2,1,3
202200028082,2022-11-08 13:25:00,2022,11,8,13,25,35,35238,TOUR D'AUVERGNE (BD DE LA),48.104019803,-1.6845962405,Plein jour,En agglomération,Hors intersection,Vent fort / tempête,Deux véhicules - côté,4,3,2,3,1,1,1,0,1,50,2,2,1,0,0,1,36.0,19.0,voiture,deux_roues,1,2,1,6,3
202200028083,2022-09-28 09:15:00,2022,9,28,9,15,77,77294,A104,48.958205,2.624184,Plein jour,Hors agglomération,Hors intersection,Normale,Autre collision,1,1,2,0,1,1,1,0,1,90,3,3,2,0,0,1,33.0,45.0,deux_roues,voiture,1,1,1,1,6
202200028084,2022-05-20 16:10:00,2022,5,20,16,10,69,69383,Avenue du Château,45.7493,4.8861,Plein jour,En agglomération,Intersection en X,Normale,Autre collision,4,1,1,0,1,1,1,0,1,30,1,2,1,0,0,1,55.0,,voiture,,1,2,2,1,6
202200028085,2022-11-08 08:43:00,2022,11,8,8,43,33,33167,Quai de la Souys,44.82063,-0.53179,Plein jour,En agglomération,Intersection en T,Temps couvert,Deux véhicules - côté,4,2,5,1,1,1,1,5,1,50,2,2,0,0,0,2,72.0,34.0,deux_roues,deux_roues,1,2,3,8,3
202200028086,2022-06-29 14:15:00,2022,6,29,14,15,83,83062,ROUTE DE HYERES,43.13784,6.02179,Plein jour,En agglomération,Hors intersection,Normale,Deux véhicules - arrière,7,1,3,0,1,1,1,0,1,50,2,2,1,0,1,0,35.0,20.0,utilitaire_camion,deux_roues,1,2,1,1,2
202200028087,2022-05-20 05:45:00,2022,5,20,5,45,69,69386,Rue de la Viabert,45.76633,4.8672,Nuit avec éclairage allumé,En agglomération,Intersection en X,Normale,Deux véhicules - côté,4,1,1,0,1,1,1,0,1,30,2,2,1,0,0,1,47.0,28.0,voiture,deux_roues,5,2,2,1,3
202200028088,2022-11-08 22:29:00,2022,11,8,22,29,31,31555,AV DE LARDENNE,43.592098,1.399558,Nuit avec éclairage allumé,En agglomération,Intersection en X,Normale,Deux véhicules - côté,7,2,2,2,1,1,1,0,1,50,2,2,1,0,1,0,59.0,33.0,deux_roues,utilitaire_camion,5,2,2,1,3
202200028089,2022-06-29 12:00:00,2022,6,29,12,0,83,83144,DUCHATEL (AVE FRANCOIS),43.142287,5.988367,Plein jour,En agglomération,Hors intersection,Normale,Deux véhicules - côté,4,2,1,0,1,1,1,0,1,30,2,2,1,0,0,1,70.0,17.0,voiture,deux_roues,1,2,1,1,3
202200028090,2022-05-20 07:35:00,2022,5,20,7,35,972,97213,MORNE PITAULT (ROUTE DE),14.62499,-60.977,Plein jour,En agglomération,Hors intersection,Normale,Deux véhicules - côté,2,2,2,0,1,1,1,0,1,70,2,2,1,0,1,0,28.0,40.0,deux_roues,voiture,1,2,1,1,3
202200028091,2022-11-08 11:40:00,2022,11,8,11,40,30,30007,LAFARE ALAIS (RUE),44.1240141541,4.0756967068,Plein jour,En agglomération,Intersection en X,Pluie légère,Autre collision,4,2,2,0,1,3,2,0,1,30,1,2,1,0,0,1,48.0,,voiture,,1,2,2,2,6
202200028092,2022-06-23 12:00:00,2022,6,23,12,0,83,83137,SAINTE CLAIRE DEVILLE (RUE HENRI),43.12729,5.97751,Plein jour,En agglomération,Hors intersection,Normale,Autre collision,4,3,2,1,1,1,1,0,1,30,1,2,1,0,0,1,29.0,,deux_roues,,1,2,1,1,6
202200028093,2022-05-20 11:29:00,2022,5,20,11,29,69,69385,Rue Appian,45.75708,4.81057,Plein jour,En agglomération,Intersection en Y,Normale,Autre collision,4,2,2,2,2,3,1,0,1,30,1,2,1,0,0,1,33.0,,voiture,,1,2,4,1,6
202200028094,2022-11-07 14:00:00,2022,11,7,14,0,29,29232,Route de Benodet,47.971296,-4.086672,Plein jour,En agglomération,Hors intersection,Normale,Deux véhicules - arrière,3,2,2,0,1,1,1,0,1,70,2,3,1,0,0,2,58.0,53.0,voiture,utilitaire_camion,1,2,1,1,2
202200028095,2022-06-21 19:45:00,2022,6,21,19,45,83,83137,INFANTERIE DE MARINE (AVE D'),43.11653,5.93536,Plein jour,En agglomération,Hors intersection,Normale,Sans collision,4,3,4,0,1,1,1,0,1,50,1,2,0,0,2,0,22.0,,deux_roues,,1,2,1,1,7
202200028096,2022-05-20 09:00:00,2022,5,20,9,0,69,69081,Boulevard du Valvert,45.7658,4.76851,Plein jour,En agglomération,Hors intersection,Normale,Deux véhicules - côté,7,2,4,0,1,1,1,0,1,50,2,2,1,0,0,1,30.0,50.0,utilitaire_camion,deux_roues,1,2,1,1,3
202200028097,2022-06-21 07:45:00,2022,6,21,7,45,83,83137,VERT COTEAU (AVE DU),43.1252389317,5.9427237511,Plein jour,En agglomération,Hors intersection,Normale,Autre collision,4,2,2,0,1,1,1,0,1,50,2,2,1,0,1,0,41.0,55.0,deux_roues,voiture,1,2,1,1,6
202200028098,2022-05-19 17:43:00,2022,5,19,17,43,69,69389,Quai Chauveau,45.76902,4.81257,Plein jour,En agglomération,Hors intersection,Normale,Autre collision,4,1,2,3,1,1,1,0,1,50,1,2,1,0,0,1,27.0,,voiture,,1,2,1,1,6
202200028099,2022-06-21 00:01:00,2022,6,21,0,1,83,83137,BOURGEOIS (BD LEON),43.1233,5.94807,Nuit avec éclairage allumé,En agglomération,Hors intersection,Normale,Deux véhicules - frontale,4,2,2,0,1,1,1,0,1,50,2,2,1,0,1,0,21.0,28.0,deux_roues,utilitaire_camion,5,2,1,1,1
202200028100,2022-11-08 18:12:00,2022,11,8,18,12,15,15014,POMPIDOU (AVENUE GEORGES),44.9115,2.449,Nuit avec éclairage allumé,En agglomération,Hors intersection,Normale,Deux véhicules - côté,2,2,2,0,1,1,1,0,1,50,2,2,1,0,0,1,43.0,18.0,voiture,deux_roues,5,2,1,1,3
202200028101,2022-05-20 15:15:00,2022,5,20,15,15,2B,2B033,MONTE PIANO -CHEMIN DE,42.69965,9.44395,Plein jour,En agglomération,Hors intersection,Normale,Deux véhicules - arrière,3,2,2,0,1,2,1,0,1,50,2,4,2,0,0,2,17.0,25.0,voiture,deux_roues,1,2,1,1,2
202200028102,2022-06-18 09:45:00,2022,6,18,9,45,83,83137,MALON (AVE BENOIT),43.12292,5.95528,Plein jour,En agglomération,Hors intersection,Normale,Autre collision,4,2,2,0,2,1,1,0,6,50,1,2,1,0,0,1,78.0,,voiture,,1,2,1,1,6
202200028103,2022-05-19 19:05:00,2022,5,19,19,5,95,95585,Avenue Pierre Koenig,48.9807216269,2.3866027594,Plein jour,En agglomération,Hors intersection,Normale,Autre collision,4,2,2,0,1,1,1,0,1,30,1,2,1,0,0,1,27.0,,voiture,,1,2,1,1,6
202200028104,2022-06-18 07:50:00,2022,6,18,7,50,83,83137,PASSY (AVE FREDERIC),43.121341,5.947818,Plein jour,En agglomération,Hors intersection,Normale,Autre collision,4,1,1,0,2,1,1,0,1,50,1,2,1,0,0,1,46.0,,voiture,,1,2,1,1,6
202200028105,2022-11-03 13:55:00,2022,11,3,13,55,14,14225,D45,49.283586,-0.082453,Plein jour,Hors agglomération,Hors intersection,Pluie légère,Trois véhicules et plus - collisions multiples,3,2,2,0,2,4,8,0,1,50,3,7,0,0,0,7,26.0,69.0,voiture,voiture,1,1,1,2,5
202200028106,2022-06-15 19:10:00,2022,6,15,19,10,83,83137,TIRAILLEURS SENEGALAIS (AVE DES),43.11172,5.93286,Plein jour,En agglomération,Hors intersection,Normale,Autre collision,4,2,6,1,1,1,1,0,1,50,3,4,3,0,0,1,43.0,42.0,deux_roues,voiture,1,2,1,1,6
202200028107,2022-05-20 20:05:00,2022,5,20,20,5,95,95019,marcel baudrat,48.984,2.418,Plein jour,En agglomération,Intersection en T,Normale,Deux véhicules - côté,4,2,2,0,1,1,1,0,1,30,2,4,1,0,0,3,33.0,81.0,voiture,voiture,1,2,3,1,3
202200028108,2022-11-08 12:50:00,2022,11,8,12,50,13,13117,ANGLETERRE (VOIE D'),43.42467,5.25959,Plein jour,Hors agglomération,Hors intersection,Normale,Deux véhicules - côté,4,2,2,0,1,1,1,0,1,50,3,3,2,0,0,1,34.0,41.0,voiture,voiture,1,1,1,1,3
202200028109,2022-06-10 08:10:00,2022,6,10,8,10,14,14761,D41,49.123372,-0.188738,Crépuscule ou aube,Hors agglomération,Hors intersection,Normale,Sans collision,3,2,2,0,1,3,1,0,3,90,1,1,0,0,1,0,51.0,,deux_roues,,2,1,1,1,7
202200028110,2022-11-07 16:30:00,2022,11,7,16,30,07,07102,PROVENCE (AVENUE DE),44.923659713,4.8688530922,Plein jour,En agglomération,Autre intersection,Normale,Deux véhicules - côté,4,2,2,0,1,1,1,0,1,30,2,2,1,0,0,1,80.0,22.0,deux_roues,deux_roues,1,2,9,1,3
202200028111,2022-05-20 16:40:00,2022,5,20,16,40,95,95598,RD 109,48.9818177377,2.2927629948,Plein jour,En agglomération,Hors intersection,Normale,Deux véhicules - arrière,3,2,2,0,1,1,1,0,1,50,2,3,2,0,0,1,23.0,80.0,voiture,voiture,1,2,1,1,2
202200028112,2022-10-04 19:30:00,2022,10,4,19,30,75,75116,PORTE DAUPHINE,48.8705,2.27222,Crépuscule ou aube,En agglomération,Hors intersection,Normale,Deux véhicules - côté,4,1,4,0,1,1,1,0,1,70,2,2,1,0,0,1,49.0,28.0,voiture,deux_roues,2,2,1,1,3
202200028113,2022-11-08 11:35:00,2022,11,8,11,35,07,07019,BELLANDE (AVENUE DE ),44.61071,4.39684,Plein jour,En agglomération,Hors intersection,Normale,Deux véhicules - côté,4,2,2,0,1,1,1,0,1,50,2,2,1,0,0,1,52.0,50.0,voiture,voiture,1,2,1,1,3
202200028114,2022-05-20 23:45:00,2022,5,20,23,45,91,91377,AV NATIONALE,48.72825,2.28471,Nuit avec éclairage allumé,En agglomération,Intersection en T,Normale,Deux véhicules - côté,4,2,2,0,1,1,1,0,1,50,2,2,1,0,0,1,27.0,28.0,voiture,voiture,5,2,3,1,3
202200028115,2022-11-08 18:45:00,2022,11,8,18,45,06,06088,CIMIEZ (BD) A PARTIR DU 16-17,43.71337,7.27162,Nuit avec éclairage allumé,En agglomération,Hors intersection,Normale,Autre collision,4,2,4,0,2,1,1,0,1,50,1,1,0,0,0,1,74.0,,deux_roues,,5,2,1,1,6
202200028116,2022-10-03 20:00:00,2022,10,3,20,0,75,75115,PORTE DE SEVRES,48.830488,2.285177,Nuit avec éclairage allumé,En agglomération,Hors intersection,Normale,Trois véhicules et plus - collisions multiples,4,1,3,0,1,1,1,0,1,70,3,3,2,0,0,1,41.0,31.0,voiture,voiture,5,2,1,1,5
202200028117,2022-11-08 16:40:00,2022,11,8,16,40,06,06029,BACHAGA SAID BOUALAM (AVENUE),43.554,7.0172,Crépuscule ou aube,En agglomération,Hors intersection,Temps couvert,Autre collision,4,3,4,0,1,1,1,0,1,30,2,2,1,0,0,1,14.0,63.0,deux_roues,utilitaire_camion,2,2,1,8,6
202200028118,2022-05-20 06:00:00,2022,5,20,6,0,91,91421,CORBEIL (ROUTE DE),48.713748,2.44318,Plein jour,En agglomération,Intersection en Y,Normale,Deux véhicules - côté,3,2,2,1,1,1,1,0,1,50,2,2,1,0,0,1,42.0,28.0,voiture,deux_roues,1,2,4,1,3
202200028119,2022-11-07 16:15:00,2022,11,7,16,15,04,04070,DEMONTZEY (AV.),44.09131,6.23125,Plein jour,En agglomération,Hors intersection,Normale,Autre collision,3,2,3,0,1,1,1,9,8,50,1,2,1,0,0,1,77.0,,voiture,,1,2,1,1,6
202200028120,2022-10-03 13:40:00,2022,10,3,13,40,75,75118,PORTE D AUBERVILLIERS,48.900368,2.375187,Plein jour,En agglomération,Hors intersection,Normale,Trois véhicules et plus - en chaîne,4,1,4,0,1,1,1,0,1,70,3,5,4,0,0,1,33.0,19.0,voiture,voiture,1,2,1,1,4
202200028121,2022-11-07 19:15:00,2022,11,7,19,15,04,04070,verdun ( avenue de ),44.08772,6.2185,Nuit avec éclairage allumé,En agglomération,Hors intersection,Normale,Sans collision,4,2,2,1,1,1,1,0,5,50,1,1,0,0,0,1,65.0,,deux_roues,,5,2,1,1,7
202200028122,2022-05-20 17:00:00,2022,5,20,17,0,91,91432,PL GABRIEL FONTAINE,48.7,2.3333,Plein jour,En agglomération,Intersection en X,Normale,Deux véhicules - côté,3,2,1,2,1,1,1,5,5,50,2,2,1,0,0,1,22.0,18.0,voiture,deux_roues,1,2,2,1,3
202200028123,2022-10-02 21:05:00,2022,10,2,21,5,75,75118,PORTE DE CLIGNANCOURT,48.901236,2.352112,Nuit avec éclairage allumé,En agglomération,Hors intersection,Normale,Trois véhicules et plus - en chaîne,4,1,4,0,1,1,2,0,1,70,3,4,3,0,0,1,35.0,34.0,voiture,voiture,5,2,1,1,4
202200028124,2022-11-08 14:00:00,2022,11,8,14,0,01,01053,PICASSO ( AVENUE PABLO),46.20141,5.249037,Plein jour,En agglomération,Giratoire,Normale,Deux véhicules - côté,3,-1,1,0,1,1,1,0,8,50,2,2,1,0,0,1,53.0,22.0,utilitaire_camion,voiture,1,2,6,1,3
202200028125,2022-05-20 13:21:00,2022,5,20,13,21,91,91223,RD 191,48.433591,2.181722,Plein jour,En agglomération,Hors intersection,Normale,Deux véhicules - frontale,3,2,2,0,1,1,1,0,1,50,2,2,0,0,0,2,61.0,38.0,voiture,utilitaire_camion,1,2,1,1,1
202200028126,2022-06-30 10:34:00,2022,6,30,10,34,22,22070,Place du Champ au Roy,48.562478,-3.149235,Plein jour,En agglomération,Hors intersection,Normale,Autre collision,3,2,2,0,1,1,1,0,1,50,1,2,1,0,1,0,77.0,,voiture,,1,2,1,1,6
202200028127,2022-05-19 15:10:00,2022,5,19,15,10,88,88160,CLEMENCEAU (PL. ET PT.),48.17896,6.4463,Plein jour,En agglomération,Intersection en T,Normale,Deux véhicules - frontale,4,2,3,0,1,1,1,0,1,50,2,2,1,0,1,0,69.0,27.0,deux_roues,voiture,1,2,3,1,1
202200028128,2022-10-01 20:40:00,2022,10,1,20,40,75,75120,PORTE DE BAGNOLET,48.869643,2.413267,Nuit avec éclairage allumé,En agglomération,Hors intersection,Normale,Trois véhicules et plus - en chaîne,4,1,4,0,1,1,1,0,1,70,4,6,4,0,0,2,38.0,46.0,voiture,voiture,5,2,1,1,4
202200028129,2022-07-26 16:30:00,2022,7,26,16,30,22,22070,4 Rue de l Yser,48.564464,-3.154477,Plein jour,En agglomération,Hors intersection,Normale,Deux véhicules - côté,3,2,2,0,1,3,1,0,1,50,2,2,1,0,0,1,,21.0,voiture,deux_roues,1,2,1,1,3
202200028130,2022-05-19 13:19:00,2022,5,19,13,19,87,87085,FOUGERAS (RUE DE),45.86884,1.29642,Plein jour,En agglomération,Hors intersection,Normale,Deux véhicules - arrière,3,3,4,0,1,1,1,5,1,50,2,2,1,0,0,1,42.0,33.0,voiture,voiture,1,2,1,1,2
202200028131,2022-07-08 13:41:00,2022,7,8,13,41,22,22106,CHAMPS RENAUD (RUE DES),48.4878,-2.70693,Plein jour,En agglomération,Intersection en T,Normale,Deux véhicules - frontale,4,2,2,0,1,1,1,0,1,70,2,2,1,0,1,0,47.0,39.0,utilitaire_camion,deux_roues,1,2,3,1,1
202200028132,2022-10-01 17:40:00,2022,10,1,17,40,75,75120,PORTE DES LILAS,48.874745,2.410543,Plein jour,En agglomération,Hors intersection,Normale,Trois véhicules et plus - collisions multiples,4,1,4,0,1,1,1,1,1,70,4,4,3,0,0,1,23.0,,deux_roues,deux_roues,1,2,1,1,5
202200028133,2022-05-18 10:45:00,2022,5,18,10,45,83,83009,BEAUSSET (ROUTE DU),43.1397232331,5.7704932094,Plein jour,En agglomération,Intersection en Y,Normale,Deux véhicules - arrière,3,1,1,0,2,1,1,0,1,50,2,2,1,0,0,1,42.0,48.0,utilitaire_camion,deux_roues,1,2,4,1,2
202200028134,2022-07-06 10:50:00,2022,7,6,10,50,22,22187,LEQUIER (Rue Jules),48.541756,-2.777128,Plein jour,En agglomération,Hors intersection,Normale,Sans collision,4,-1,2,0,1,1,1,0,1,50,2,2,1,0,0,1,58.0,25.0,voiture,deux_roues,1,2,1,1,7
202200028135,2022-10-03 22:45:00,2022,10,3,22,45,75,75118,RUE ORDENER,48.893902,2.334362,Nuit avec éclairage allumé,En agglomération,Intersection en T,Normale,Deux véhicules - arrière,4,2,3,0,1,1,1,0,1,30,2,2,1,0,1,0,34.0,30.0,utilitaire_camion,deux_roues,5,2,3,1,2
202200028136,2022-08-31 17:30:00,2022,8,31,17,30,22,22164,Le Loc,48.586792,-3.25411,Plein jour,Hors agglomération,Intersection en X,Temps couvert,Deux véhicules - côté,4,2,0,0,2,1,1,0,1,80,2,2,1,0,1,0,29.0,45.0,deux_roues,voiture,1,1,2,8,3
202200028137,2022-05-18 16:30:00,2022,5,18,16,30,80,80724,RD 210,49.85897,2.25299,Plein jour,En agglomération,Hors intersection,Normale,Trois véhicules et plus - en chaîne,3,1,1,0,1,1,1,0,1,50,3,4,1,0,0,3,32.0,36.0,voiture,voiture,1,2,1,1,4
202200028138,2022-10-04 14:10:00,2022,10,4,14,10,75,75119,AVENUE JEAN JAURES,48.883606,2.373375,Plein jour,En agglomération,Intersection en T,Normale,Autre collision,4,-1,2,0,1,1,1,0,1,30,1,2,1,0,0,1,55.0,,deux_roues,,1,2,3,1,6
202200028139,2022-08-29 18:30:00,2022,8,29,18,30,22,22083,Le Pont de Colan,48.149052,-2.367361,Plein jour,Hors agglomération,Hors intersection,Normale,Autre collision,4,2,2,0,1,1,1,0,3,80,1,1,0,1,0,0,59.0,,utilitaire_camion,,1,1,1,1,6
202200028140,2022-05-18 14:00:00,2022,5,18,14,0,80,80131,RD935,49.83279,2.41928,Plein jour,Hors agglomération,Hors intersection,Normale,Deux véhicules - frontale,3,2,2,0,2,1,1,4,1,80,2,3,0,1,0,2,76.0,60.0,voiture,utilitaire_camion,1,1,1,1,1
202200028141,2022-09-29 18:10:00,2022,9,29,18,10,75,75117,AVENUE DE CLICHY,48.8931063117,2.3158487678,Plein jour,En agglomération,Hors intersection,Normale,Deux véhicules - côté,4,2,4,3,1,1,1,-1,6,30,2,3,2,0,0,1,31.0,39.0,deux_roues,voiture,1,2,1,1,3
202200028142,2022-08-29 10:00:00,2022,8,29,10,0,22,22198,23 Route de Crec'H Meur,48.779436,-3.492853,Plein jour,Hors agglomération,Hors intersection,Normale,Deux véhicules - arrière,3,2,2,0,1,1,1,0,1,80,2,2,1,0,0,1,26.0,46.0,deux_roues,voiture,1,1,1,1,2
202200028143,2022-05-17 12:58:00,2022,5,17,12,58,80,80021,BAILLON (RUE),49.89862,2.29515,Plein jour,En agglomération,Intersection en Y,Normale,Deux véhicules - côté,4,2,2,0,1,2,1,0,1,50,2,2,1,0,0,1,23.0,21.0,deux_roues,deux_roues,1,2,4,1,3
202200028144,2022-10-04 16:30:00,2022,10,4,16,30,75,75116,ALLEE DE LA REINE MARGUERITE,48.869731,2.252264,Plein jour,En agglomération,Hors intersection,Normale,Autre collision,4,2,4,0,1,1,1,0,1,30,1,1,0,0,0,1,51.0,,deux_roues,,1,2,1,1,6
202200028145,2022-08-27 16:55:00,2022,8,27,16,55,22,22215,GRANDE VILLEMAIN (RUE DE LA),48.4808,-2.8234,Plein jour,Hors agglomération,Hors intersection,Normale,Autre collision,4,2,2,-1,1,1,1,0,1,70,1,2,1,0,0,1,30.0,,voiture,,1,1,1,1,6
202200028146,2022-05-17 08:00:00,2022,5,17,8,0,80,80021,SAINT QUENTIN (BOULEVARD),49.8792608487,2.2985824943,Plein jour,En agglomération,Hors intersection,Temps éblouissant,Autre collision,4,3,2,0,1,1,1,6,1,50,2,3,1,0,0,2,14.0,62.0,deux_roues,voiture,1,2,1,7,6
202200028147,2022-10-03 12:30:00,2022,10,3,12,30,75,75116,VOIE GEORGES POMPIDOU,48.845252,2.272838,Plein jour,En agglomération,Intersection en Y,Normale,Deux véhicules - arrière,4,1,3,0,1,1,1,0,1,30,2,2,1,0,0,1,22.0,76.0,deux_roues,voiture,1,2,4,1,2
202200028148,2022-08-27 11:00:00,2022,8,27,11,0,22,22179,RD 34 lieu dit la ville nieux,48.626016,-2.336102,Plein jour,Hors agglomération,Hors intersection,Normale,Deux véhicules - frontale,3,2,2,0,1,3,1,0,1,80,2,4,3,1,0,0,38.0,54.0,deux_roues,transport_commun,1,1,1,1,1
202200028149,2022-05-15 16:23:00,2022,5,15,16,23,80,80021,PAIX (AVENUE DE LA),49.91164,2.3023,Plein jour,En agglomération,Hors intersection,Normale,Deux véhicules - côté,4,-1,2,0,1,1,1,0,1,50,2,2,0,0,1,0,19.0,,deux_roues,voiture,1,2,1,1,3
202200028150,2022-10-03 18:20:00,2022,10,3,18,20,75,75114,BOULEVARD BRUNE,48.825901,2.313876,Plein jour,En agglomération,Hors intersection,Temps couvert,Autre collision,4,3,6,0,1,1,1,0,1,50,1,2,0,0,0,2,30.0,,deux_roues,,1,2,1,8,6
202200028151,2022-05-20 17:30:00,2022,5,20,17,30,78,78502,SAINT GERMAIN (AVENUE DE),48.880776,2.108429,Plein jour,En agglomération,Autre intersection,Normale,Deux véhicules - arrière,2,3,4,0,1,1,1,0,1,50,2,2,1,0,0,1,38.0,34.0,voiture,voiture,1,2,9,1,2
202200028152,2022-10-04 18:30:00,2022,10,4,18,30,75,75113,AVENUE D ITALIE,48.825142,2.35758,Plein jour,En agglomération,Intersection en T,Normale,Deux véhicules - côté,4,2,6,1,1,1,1,-1,5,30,2,2,1,0,0,1,57.0,46.0,voiture,deux_roues,1,2,3,1,3