accident_id,datetime,annee,mois,jour,heure,minute,departement,commune_insee,adresse,latitude,longitude,luminosite,agglomeration,intersection,meteo,collision,catr,circ,nbv,vosp,prof,plan,surf,infra,situ,vma,nb_vehicules,nb_usagers,nb_indemnes,nb_tues,nb_blesses_hosp,nb_blesses_legers,age_cond_1,age_cond_2,veh_type_cond_1,veh_type_cond_2,lum_code,agg_code,int_code,atm_code,col_code
202200028153,2022-05-20 12:20:00,2022,5,20,12,20,76,76305,INDUSTRIELLE (ROUTE),49.4817,0.24361,Plein jour,Hors agglomération,Hors intersection,Pluie forte,Deux véhicules - arrière,4,3,4,0,1,1,2,0,1,70,2,2,1,0,0,1,21.0,32.0,utilitaire_camion,deux_roues,1,1,1,3,2
202200028154,2022-10-04 18:15:00,2022,10,4,18,15,75,75120,RUE DU BORREGO,48.87273,2.399242,Plein jour,En agglomération,Intersection à plus de 4 branches,Normale,Autre collision,4,1,1,0,1,1,1,0,4,30,1,2,1,0,0,1,14.0,,deux_roues,,1,2,5,1,6
202200028155,2022-05-18 23:29:00,2022,5,18,23,29,76,76476,1965 Route de l’Abbaye,49.51399,0.61879,Nuit sans éclairage public,En agglomération,Autre intersection,Normale,Autre collision,3,2,1,0,1,1,1,0,3,70,1,1,0,0,1,0,48.0,,deux_roues,,3,2,9,1,6
202200028156,2022-10-04 15:32:00,2022,10,4,15,32,75,75104,QUAI DE L HOTEL DE VILLE,48.853329,2.357807,Plein jour,En agglomération,Intersection en X,Normale,Trois véhicules et plus - collisions multiples,4,2,4,0,1,1,1,0,1,30,3,3,2,0,0,1,60.0,,deux_roues,voiture,1,2,2,1,5
202200028157,2022-05-20 19:40:00,2022,5,20,19,40,74,74010,BROGNY (AVENUE DE) (SECTEUR 320),45.91944,6.12566,Plein jour,En agglomération,Intersection en Y,Normale,Trois véhicules et plus - en chaîne,4,2,3,0,1,1,1,5,1,50,3,3,2,0,0,1,46.0,54.0,voiture,deux_roues,1,2,4,1,4
202200028158,2022-05-20 06:40:00,2022,5,20,6,40,72,72181,24 HEURES (RUE DES),47.956309,0.207033,Crépuscule ou aube,Hors agglomération,Hors intersection,Pluie légère,Autre collision,4,-1,1,0,2,1,2,0,3,50,1,1,0,0,0,1,23.0,,voiture,,2,1,1,2,6
202200028159,2022-10-04 12:20:00,2022,10,4,12,20,75,75101,PLACE VENDOME,48.86709,2.32903,Plein jour,En agglomération,Place,Normale,Deux véhicules - côté,4,1,4,0,1,1,1,0,1,30,2,2,1,0,0,1,39.0,43.0,deux_roues,voiture,1,2,7,1,3
202200028160,2022-05-19 15:54:00,2022,5,19,15,54,66,66136,R D 900,42.67497,2.86505,Plein jour,Hors agglomération,Hors intersection,Normale,Deux véhicules - arrière,3,2,4,0,1,1,1,0,1,70,2,2,1,0,0,1,85.0,48.0,voiture,voiture,1,1,1,1,2
202200028161,2022-10-04 08:00:00,2022,10,4,8,0,94,94081,JEAN JAURES (AV),48.793996,2.399909,Plein jour,En agglomération,Hors intersection,Normale,Deux véhicules - côté,3,2,2,0,1,1,1,0,1,50,1,2,1,0,0,1,63.0,,voiture,,1,2,1,1,3
202200028162,2022-05-19 10:00:00,2022,5,19,10,0,66,66136,RD 914,42.67259,2.89125,Plein jour,Hors agglomération,Hors intersection,Normale,Deux véhicules - arrière,3,2,2,0,1,1,1,0,1,70,2,2,1,0,1,0,43.0,44.0,deux_roues,voiture,1,1,1,1,2
202200028163,2022-10-04 12:15:00,2022,10,4,12,15,94,94076,PARIS (AV DE),48.80565,2.36371,Plein jour,En agglomération,Intersection en X,Normale,Deux véhicules - côté,3,2,4,0,1,1,1,0,1,50,2,2,1,0,0,1,53.0,53.0,voiture,deux_roues,1,2,2,1,3
202200028164,2022-05-21 00:15:00,2022,5,21,0,15,64,64483,Avenue André Ithurralde,43.40151,-1.63685,Nuit avec éclairage allumé,En agglomération,Intersection en T,Normale,Deux véhicules - côté,3,2,2,0,1,1,1,0,1,50,2,2,1,0,0,1,58.0,19.0,voiture,voiture,5,2,3,1,3
202200028165,2022-10-04 07:40:00,2022,10,4,7,40,94,94003,Avenue Aristide Briand,48.80541,2.32561,Plein jour,En agglomération,Hors intersection,Normale,Autre collision,3,1,3,3,1,1,1,0,1,50,2,2,1,0,0,1,47.0,44.0,deux_roues,utilitaire_camion,1,2,1,1,6
202200028166,2022-05-20 16:55:00,2022,5,20,16,55,64,64545,IBARDIN (ROUTE D'),43.35303,-1.68965,Plein jour,Hors agglomération,Hors intersection,Temps couvert,Deux véhicules - frontale,3,2,2,0,1,1,1,0,1,70,2,2,0,0,0,2,24.0,63.0,voiture,voiture,1,1,1,8,1
202200028167,2022-10-04 21:13:00,2022,10,4,21,13,94,94041,SAINT JUST (R),48.811481,2.390371,Nuit avec éclairage allumé,En agglomération,Intersection en T,Normale,Deux véhicules - côté,4,2,2,0,1,1,1,0,1,50,2,2,1,0,0,1,23.0,38.0,voiture,voiture,5,2,3,1,3
202200028168,2022-05-19 15:00:00,2022,5,19,15,0,64,64445,LILAS DES,43.3091,-0.34439,Plein jour,En agglomération,Hors intersection,Normale,Deux véhicules - arrière,4,2,2,0,1,1,1,0,1,50,2,2,1,0,0,1,49.0,26.0,voiture,utilitaire_camion,1,2,1,1,2
202200028169,2022-10-04 07:30:00,2022,10,4,7,30,94,94021,Boulevard Jean Mermoz,48.76889,2.33717,Nuit avec éclairage allumé,En agglomération,Hors intersection,Brouillard / fumée,Deux véhicules - côté,3,3,4,0,1,1,1,0,1,50,2,2,1,0,0,1,34.0,68.0,voiture,voiture,5,2,1,5,3
202200028170,2022-05-19 07:55:00,2022,5,19,7,55,64,64132,D802,43.28773,-0.33558,Plein jour,Hors agglomération,Hors intersection,Pluie légère,Deux véhicules - frontale,3,2,2,0,2,1,2,0,1,70,2,2,1,0,1,0,60.0,32.0,voiture,deux_roues,1,1,1,2,1
202200028171,2022-10-04 07:15:00,2022,10,4,7,15,94,94028,Impasse des Marais,48.77715,2.43222,Nuit avec éclairage allumé,En agglomération,Hors intersection,Brouillard / fumée,Autre collision,4,2,2,0,1,1,1,9,1,50,1,2,1,0,0,1,26.0,,utilitaire_camion,,5,2,1,5,6
202200028172,2022-05-20 18:50:00,2022,5,20,18,50,64,64102,Avenue de Mounédé,43.49854,-1.45793,Plein jour,En agglomération,Hors intersection,Normale,Sans collision,4,1,1,0,1,1,1,0,1,50,1,1,0,0,0,1,67.0,,deux_roues,,1,2,1,1,7
202200028173,2022-09-26 01:32:00,2022,9,26,1,32,94,94011,Rue Pierre Sémard,48.7622338724,2.4752028286,Nuit avec éclairage allumé,En agglomération,Hors intersection,Normale,Autre collision,3,3,4,0,1,1,1,0,1,70,1,2,1,1,0,0,44.0,,utilitaire_camion,,5,2,1,1,6
202200028174,2022-05-20 15:30:00,2022,5,20,15,30,64,64024,GIROUETTE (ROUTE DES),43.472,-1.50084,Plein jour,En agglomération,Intersection en Y,Normale,Deux véhicules - côté,4,-1,2,3,1,1,1,0,1,30,2,2,1,0,0,1,54.0,52.0,voiture,deux_roues,1,2,4,1,3
202200028175,2022-10-04 09:40:00,2022,10,4,9,40,94,94069,51 Rue du Val d'Osne,48.822804,2.423125,Plein jour,En agglomération,Hors intersection,Temps couvert,Deux véhicules - arrière,4,1,1,2,1,1,1,0,8,30,2,2,1,0,0,1,34.0,86.0,voiture,voiture,1,2,1,8,2
202200028176,2022-05-20 13:45:00,2022,5,20,13,45,62,62193,GREUZE,50.94767,1.88314,Plein jour,En agglomération,Intersection en X,Pluie légère,Deux véhicules - côté,4,2,2,0,1,1,2,0,1,50,2,2,1,0,1,0,18.0,65.0,deux_roues,voiture,1,2,2,2,3
202200028177,2022-10-03 17:25:00,2022,10,3,17,25,94,94075,Rue des Mardelles / Chemin du Quartier,48.71125,2.52518,Plein jour,En agglomération,Intersection en T,Normale,Deux véhicules - frontale,4,2,2,0,1,3,1,0,1,50,2,2,1,0,1,0,21.0,69.0,deux_roues,voiture,1,2,3,1,1
202200028178,2022-04-23 14:30:00,2022,4,23,14,30,62,62119,HUGO ( RUE VICTOR ),50.53086,2.64242,Plein jour,En agglomération,Intersection en X,Normale,Autre collision,4,2,2,0,2,1,1,5,1,50,1,2,1,0,1,0,77.0,,voiture,,1,2,2,1,6
202200028179,2022-10-04 17:40:00,2022,10,4,17,40,93,93073,Avenue Henri Barbusse / Rue Hector Berlioz,48.95955,2.57212,Plein jour,En agglomération,Intersection en X,Normale,Autre collision,4,2,2,0,1,1,1,0,1,50,1,2,1,0,0,1,57.0,,transport_commun,,1,2,2,1,6
202200028180,2022-05-16 17:40:00,2022,5,16,17,40,62,62688,BERCK (ROUTE DE),50.416863,1.637793,Plein jour,En agglomération,Hors intersection,Normale,Autre collision,3,2,1,0,1,1,1,6,1,50,1,2,1,0,1,0,91.0,,voiture,,1,2,1,1,6
202200028181,2022-05-20 00:45:00,2022,5,20,0,45,60,60463,,49.27827,2.46172,Nuit avec éclairage non allumé,En agglomération,Giratoire,Normale,Autre collision,3,-1,1,0,1,2,1,9,1,50,1,3,2,0,0,1,37.0,,voiture,,4,2,6,1,6
202200028182,2022-10-04 16:02:00,2022,10,4,16,2,93,93055,Rue Maurice Borreau / Avenue Jean Lolive,48.8939549916,2.4171629645,Plein jour,En agglomération,Intersection en T,Normale,Deux véhicules - côté,3,2,2,3,1,1,1,9,1,50,2,2,1,0,1,0,37.0,21.0,deux_roues,voiture,1,2,3,1,3
202200028183,2022-05-21 00:10:00,2022,5,21,0,10,59,59350,BASSEE RUE DE LA,50.6270967573,3.0391681194,Nuit avec éclairage allumé,En agglomération,Autre intersection,Normale,Autre collision,4,2,2,0,1,1,1,0,1,50,2,2,1,0,1,0,31.0,20.0,deux_roues,voiture,5,2,9,1,6
202200028184,2022-10-04 20:05:00,2022,10,4,20,5,93,93049,Rue Paul Letombe / Avenue du Président John Kennedy,48.8641605461,2.5123753203,Nuit avec éclairage allumé,En agglomération,Intersection en T,Normale,Autre collision,4,2,2,0,1,1,1,0,1,30,1,2,1,0,0,1,66.0,,voiture,,5,2,3,1,6
202200028185,2022-05-20 13:05:00,2022,5,20,13,5,56,56121,LECLERC ( BD GENERAL ),47.74991,-3.36637,Plein jour,En agglomération,Giratoire,Temps éblouissant,Autre collision,4,2,2,0,1,1,1,0,1,30,1,2,1,0,0,1,26.0,,voiture,,1,2,6,7,6
202200028186,2022-05-20 09:45:00,2022,5,20,9,45,54,54395,COMMANDERIE (RUE/PLACE DE LA),48.68603,6.1691,Plein jour,En agglomération,Hors intersection,Normale,Autre collision,4,1,1,2,1,1,1,0,1,30,1,2,1,0,0,1,48.0,,voiture,,1,2,1,1,6
202200028187,2022-10-04 18:20:00,2022,10,4,18,20,93,93046,Boulevard Jean Jaurès / Allée Montpensier,48.9216101002,2.5252266401,Plein jour,En agglomération,Intersection en X,Normale,Deux véhicules - côté,3,2,2,1,1,1,1,0,1,50,2,2,1,0,0,1,27.0,52.0,voiture,deux_roues,1,2,2,1,3
202200028188,2022-10-04 12:15:00,2022,10,4,12,15,93,93007,Avenue Georges Guynemer / Avenue Marcel Alizard,48.9454504685,2.4456497571,Plein jour,En agglomération,Intersection en X,Normale,Deux véhicules - frontale,4,1,1,0,1,1,1,0,1,50,2,2,1,0,0,1,32.0,36.0,deux_roues,voiture,1,2,2,1,1
202200028189,2022-05-19 13:09:00,2022,5,19,13,9,54,54483,rue colonel Fabien,48.6336,6.30897,Plein jour,En agglomération,Hors intersection,Normale,Trois véhicules et plus - collisions multiples,3,2,3,0,1,1,1,2,1,50,3,3,1,1,0,1,68.0,37.0,voiture,utilitaire_camion,1,2,1,1,5
202200028190,2022-10-04 09:37:00,2022,10,4,9,37,92,92073,ROUSSEAU (RUE JEAN-JACQUES),48.864119,2.219878,Plein jour,En agglomération,Hors intersection,Normale,Autre collision,4,-1,2,1,1,1,1,0,1,50,2,2,1,0,0,1,44.0,42.0,deux_roues,voiture,1,2,1,1,6
202200028191,2022-05-20 15:37:00,2022,5,20,15,37,51,51454,rue de Louvois,49.23214,4.03348,Plein jour,En agglomération,Giratoire,Temps couvert,Sans collision,4,1,2,1,1,1,2,0,1,50,1,2,1,0,0,1,24.0,,voiture,,1,2,6,8,7
202200028192,2022-09-29 12:54:00,2022,9,29,12,54,92,92063,GIMONT (RUE PAUL),48.86611,2.19624,Plein jour,En agglomération,Hors intersection,Normale,Autre collision,4,1,1,0,2,1,1,0,1,50,1,2,1,0,0,1,29.0,,voiture,,1,2,1,1,6
202200028193,2022-05-20 13:40:00,2022,5,20,13,40,51,51454,avenue de l'Yser,49.249454,4.056256,Plein jour,En agglomération,Intersection en T,Pluie légère,Deux véhicules - frontale,4,2,3,0,2,2,2,0,1,50,2,5,4,0,0,1,33.0,27.0,voiture,voiture,1,2,3,2,1
202200028194,2022-10-04 18:27:00,2022,10,4,18,27,92,92063,NATIONAL BOULEVARD,48.88619,2.18835,Crépuscule ou aube,En agglomération,Hors intersection,Normale,Autre collision,3,2,2,0,1,1,1,0,1,50,1,2,1,0,0,1,33.0,,voiture,,2,2,1,1,6
202200028195,2022-10-04 09:55:00,2022,10,4,9,55,92,92050,boulevard Aimé Césaire,48.89291,2.22731,Plein jour,En agglomération,Hors intersection,Normale,Deux véhicules - arrière,3,1,1,0,1,2,1,0,1,50,2,2,1,0,0,1,50.0,31.0,voiture,deux_roues,1,2,1,1,2
202200028196,2022-05-21 01:17:00,2022,5,21,1,17,49,49007,FAURE QUAI,47.48276,-0.5494,Nuit avec éclairage allumé,En agglomération,Hors intersection,Normale,Autre collision,4,2,2,0,1,1,1,0,1,50,1,2,1,0,0,1,,,utilitaire_camion,,5,2,1,1,6
202200028197,2022-05-21 00:08:00,2022,5,21,0,8,49,49267,Route d'ANGERS,47.47033,-0.5157,Nuit avec éclairage allumé,En agglomération,Hors intersection,Normale,Sans collision,4,2,2,0,1,1,1,0,1,50,1,1,0,0,0,1,24.0,,deux_roues,,5,2,1,1,7
202200028198,2022-10-04 02:24:00,2022,10,4,2,24,92,92062,Avenue du Président WILSON,48.889709,2.238872,Nuit avec éclairage allumé,En agglomération,Hors intersection,Normale,Deux véhicules - arrière,3,1,2,0,1,1,1,1,1,50,2,2,1,0,0,1,47.0,26.0,voiture,voiture,5,2,1,1,2
202200028199,2022-05-20 13:30:00,2022,5,20,13,30,49,49007,DOYENNE BOULEVARD ET PASSAGE,47.48831,-0.5361,Plein jour,En agglomération,Hors intersection,Normale,Deux véhicules - côté,4,1,2,0,1,2,1,0,1,30,2,2,1,0,0,1,41.0,37.0,deux_roues,voiture,1,2,1,1,3
202200028200,2022-10-04 08:50:00,2022,10,4,8,50,92,92024,VICTOR HUGO (BD),48.9000326478,2.3146696687,Plein jour,En agglomération,Hors intersection,Normale,Deux véhicules - côté,3,2,2,0,1,1,1,0,1,50,2,2,1,0,1,0,27.0,48.0,utilitaire_camion,deux_roues,1,2,1,1,3
202200028201,2022-05-19 20:55:00,2022,5,19,20,55,49,49246,DAVID D'ANGERS,47.43914,-0.53253,Plein jour,En agglomération,Hors intersection,Normale,Deux véhicules - côté,3,2,2,0,1,1,1,0,1,50,2,2,1,0,0,1,32.0,42.0,deux_roues,deux_roues,1,2,1,1,3
202200028202,2022-05-20 06:25:00,2022,5,20,6,25,49,49007,BOURG LA CROIX PLACE ET RUE,47.45185,-0.52485,Plein jour,En agglomération,Hors intersection,Pluie forte,Autre collision,4,2,2,0,1,1,2,0,1,30,1,2,1,0,0,1,19.0,,voiture,,1,2,1,3,6
202200028203,2022-10-04 06:48:00,2022,10,4,6,48,92,92024,REPUBLIQUE (PLACE DE LA),48.903346,2.313147,Crépuscule ou aube,En agglomération,Autre intersection,Normale,Deux véhicules - frontale,4,-1,0,0,1,1,1,0,1,30,2,2,1,0,1,0,41.0,29.0,deux_roues,voiture,2,2,9,1,1
202200028204,2022-05-19 10:39:00,2022,5,19,10,39,49,49015,CHAMP DES MARTYRS CHEMIN DU,47.4906207591,-0.5823934078,Plein jour,En agglomération,Giratoire,Pluie légère,Sans collision,4,1,2,0,1,3,2,0,1,30,1,1,0,0,0,1,22.0,,deux_roues,,1,2,6,2,7
202200028205,2022-10-03 15:40:00,2022,10,3,15,40,92,92036,GRESILLONS ( AVENUE DES  ),48.919062595,2.3118973374,Plein jour,Hors agglomération,Hors intersection,Normale,Deux véhicules - côté,3,-1,2,0,1,1,1,0,1,50,2,2,1,0,0,1,38.0,40.0,deux_roues,voiture,1,1,1,1,3
202200028206,2022-05-20 08:30:00,2022,5,20,8,30,47,47201,MARNE (AV. DE LA),44.19368,0.59442,Plein jour,En agglomération,Hors intersection,Normale,Deux véhicules - arrière,3,2,4,0,2,1,1,0,1,50,2,2,1,0,0,1,19.0,25.0,deux_roues,voiture,1,2,1,1,2
202200028207,2022-10-03 13:10:00,2022,10,3,13,10,14,14251,Rue du Bas d'Esson,48.95888,-0.47945,Plein jour,En agglomération,Hors intersection,Normale,Deux véhicules - arrière,3,2,2,0,2,1,1,0,1,50,2,2,1,0,0,1,36.0,71.0,voiture,voiture,1,2,1,1,2
202200028208,2022-05-20 07:58:00,2022,5,20,7,58,47,47001,MIDI (AVENUE DU),44.184356,0.617035,Plein jour,En agglomération,Hors intersection,Normale,Deux véhicules - côté,4,2,2,0,1,1,1,0,1,30,2,2,1,0,1,0,43.0,30.0,deux_roues,voiture,1,2,1,1,3
202200028209,2022-10-05 12:10:00,2022,10,5,12,10,34,34155,D612,43.359519,3.113688,Plein jour,Hors agglomération,Hors intersection,Normale,Autre collision,3,2,2,0,1,1,1,0,1,80,1,1,0,0,1,0,40.0,,voiture,,1,1,1,1,6
202200028210,2022-05-20 09:20:00,2022,5,20,9,20,45,45234,1 Rue Fougereau,47.89431,1.90091,Plein jour,En agglomération,Intersection en X,Normale,Deux véhicules - côté,4,1,1,0,1,1,1,0,1,30,2,2,1,0,0,1,53.0,26.0,utilitaire_camion,deux_roues,1,2,2,1,3
202200028211,2022-10-05 13:44:00,2022,10,5,13,44,74,74112,Bretelle d'accès A41 Péage Annecy centre,45.8988069304,6.0948793351,Plein jour,Hors agglomération,Hors intersection,Normale,Deux véhicules - frontale,3,1,1,0,2,2,1,3,1,30,2,2,1,0,1,0,23.0,81.0,voiture,voiture,1,1,1,1,1
202200028212,2022-05-20 08:35:00,2022,5,20,8,35,45,45147,Rue André Dessaux,47.9264,1.89921,Plein jour,En agglomération,Hors intersection,Pluie légère,Sans collision,4,2,2,0,1,1,2,0,1,50,1,1,0,0,0,1,63.0,,deux_roues,,1,2,1,2,7
202200028213,2022-10-02 14:30:00,2022,10,2,14,30,84,84143,chemin de la roberte,43.998321,5.154562,Plein jour,Hors agglomération,Intersection en T,Normale,Deux véhicules - côté,4,2,1,0,1,1,1,0,1,-1,2,2,1,0,1,0,53.0,18.0,voiture,deux_roues,1,1,3,1,3
202200028214,2022-05-19 17:45:00,2022,5,19,17,45,45,45208,D2007-PR 19+685,47.9942232029,2.7404197902,Plein jour,En agglomération,Hors intersection,Normale,Trois véhicules et plus - en chaîne,3,2,2,0,1,1,1,0,1,50,3,3,2,0,0,1,56.0,54.0,utilitaire_camion,voiture,1,2,1,1,4
202200028215,2022-10-04 16:40:00,2022,10,4,16,40,06,06044,Boulevard Honoré Teisseire,43.686175,7.10382,Plein jour,En agglomération,Hors intersection,Normale,Deux véhicules - frontale,3,2,2,0,1,1,1,0,1,50,2,2,1,0,1,0,42.0,23.0,deux_roues,voiture,1,2,1,1,1
202200028216,2022-05-19 19:35:00,2022,5,19,19,35,44,44184,D492,47.28506,-2.24967,Plein jour,Hors agglomération,Hors intersection,Normale,Deux véhicules - frontale,3,2,2,0,1,3,1,3,1,50,2,2,0,0,0,2,74.0,47.0,voiture,utilitaire_camion,1,1,1,1,1
202200028217,2022-10-05 13:30:00,2022,10,5,13,30,13,13078,route plage nord - avenue de la mer,43.391783,4.840561,Plein jour,Hors agglomération,Hors intersection,Normale,Sans collision,4,2,2,0,1,3,1,0,3,80,1,1,0,0,1,0,19.0,,voiture,,1,1,1,1,7
202200028218,2022-04-15 06:40:00,2022,4,15,6,40,44,44184,Rue Gabriel Fauré,47.27,-2.239,Crépuscule ou aube,En agglomération,Hors intersection,Normale,Autre collision,4,3,2,0,1,1,1,0,1,50,1,2,1,0,1,0,58.0,,voiture,,2,2,1,1,6
202200028219,2022-04-07 05:15:00,2022,4,7,5,15,44,44184,92 Boulevard des Apprentis,47.29611,-2.184,Crépuscule ou aube,En agglomération,Hors intersection,Temps couvert,Autre collision,4,2,2,0,1,2,2,0,1,30,1,2,1,0,0,1,52.0,,voiture,,2,2,1,8,6
202200028220,2022-10-05 07:40:00,2022,10,5,7,40,84,84091,3 avenue de provence,44.178513,4.760071,Plein jour,En agglomération,Intersection en T,Brouillard / fumée,Deux véhicules - côté,2,2,2,0,1,1,1,0,1,50,2,2,1,0,1,0,17.0,52.0,deux_roues,voiture,1,2,3,5,3
202200028221,2022-04-16 15:05:00,2022,4,16,15,5,43,43157,Rue Antoine Valette,45.0183607917,3.8953572453,Plein jour,En agglomération,Hors intersection,Normale,Deux véhicules - arrière,3,2,2,0,1,1,1,0,1,50,2,2,1,0,0,1,51.0,28.0,voiture,voiture,1,2,1,1,2
202200028222,2022-05-20 20:30:00,2022,5,20,20,30,42,42187,Place des Promenades Populle,46.0366671613,4.0669680833,Plein jour,En agglomération,Hors intersection,Normale,Autre collision,4,1,1,1,1,1,1,0,5,30,1,1,0,0,1,0,21.0,,deux_roues,,1,2,1,1,6
202200028223,2022-10-04 17:20:00,2022,10,4,17,20,06,06118,Route des Grottes,43.657052,6.81191,Plein jour,Hors agglomération,Hors intersection,Normale,Deux véhicules - arrière,3,1,1,0,2,4,1,0,1,50,1,3,1,0,2,0,51.0,,voiture,,1,1,1,1,2
202200028224,2022-10-05 17:00:00,2022,10,5,17,0,42,42167,Route de la Terrasse,45.463111,4.668106,Plein jour,Hors agglomération,Hors intersection,Normale,Autre collision,7,2,2,0,2,2,1,0,3,80,1,1,0,1,0,0,28.0,,utilitaire_camion,,1,1,1,1,6
202200028225,2022-05-20 11:30:00,2022,5,20,11,30,37,37261,GANCE (BOULEVARD ABEL),47.4072556815,0.7214444876,Plein jour,En agglomération,Hors intersection,Normale,Deux véhicules - arrière,7,2,4,0,3,1,1,0,1,50,2,3,2,0,0,1,32.0,53.0,voiture,voiture,1,2,1,1,2
202200028226,2022-10-05 11:30:00,2022,10,5,11,30,50,50251,N13,49.49796,-1.437605,Plein jour,Hors agglomération,Hors intersection,Normale,Deux véhicules - arrière,2,3,4,0,2,1,1,0,8,110,2,2,1,0,0,1,49.0,30.0,utilitaire_camion,deux_roues,1,1,1,1,2
202200028227,2022-05-18 11:29:00,2022,5,18,11,29,35,35238,FOUGERES (RUE DE),48.1223740185,-1.6615094841,Plein jour,En agglomération,Intersection en X,Normale,Autre collision,4,2,2,0,2,1,1,0,1,50,2,3,2,1,0,0,56.0,40.0,utilitaire_camion,voiture,1,2,2,1,6
202200028228,2022-10-05 08:45:00,2022,10,5,8,45,85,85153,D113,46.770152,-1.018885,Plein jour,Hors agglomération,Intersection en X,Normale,Deux véhicules - côté,3,2,2,0,1,1,1,0,1,80,2,2,1,0,0,1,23.0,46.0,voiture,voiture,1,1,2,1,3
202200028229,2022-05-18 08:50:00,2022,5,18,8,50,34,34032,KLEBER JEAN BAPTISTE (RUE),43.3478938056,3.2181341682,Plein jour,En agglomération,Intersection en X,Normale,Deux véhicules - côté,4,1,1,0,1,1,1,0,1,50,2,2,1,0,1,0,16.0,67.0,deux_roues,voiture,1,2,2,1,3
202200028230,2022-10-05 16:55:00,2022,10,5,16,55,22,22020,31 Rue Typhaine de Raguenel,48.312785,-2.26234,Plein jour,En agglomération,Giratoire,Normale,Autre collision,4,2,2,0,1,1,1,5,4,-1,1,1,0,1,0,0,69.0,,voiture,,1,2,6,1,6
202200028231,2022-05-05 11:20:00,2022,5,5,11,20,33,33063,Rue Professeur Lannelongue,44.8675901742,-0.5756691098,Plein jour,En agglomération,Intersection en T,Normale,Autre collision,4,2,2,0,1,1,1,0,1,30,1,2,1,0,0,1,56.0,,voiture,,1,2,3,1,6
202200028232,2022-10-04 17:20:00,2022,10,4,17,20,83,83073,Route de Brignoles,43.395214,6.274266,Plein jour,Hors agglomération,Hors intersection,Temps éblouissant,Deux véhicules - arrière,3,2,2,0,1,1,1,0,6,80,2,2,1,0,1,0,45.0,50.0,voiture,deux_roues,1,1,1,7,2
202200028233,2022-10-05 08:18:00,2022,10,5,8,18,31,31157,24 Rue du Stade,43.540565,1.35444,Plein jour,En agglomération,Hors intersection,Temps éblouissant,Autre collision,4,2,2,0,1,1,1,0,1,50,1,2,1,1,0,0,27.0,,voiture,,1,2,1,7,6
202200028234,2022-05-19 23:30:00,2022,5,19,23,30,33,33063,Quai Louis XVIII,44.84507,-0.57059,Nuit avec éclairage allumé,En agglomération,Intersection en T,Normale,Trois véhicules et plus - collisions multiples,4,3,4,0,1,1,1,5,1,50,4,7,6,0,0,1,21.0,21.0,voiture,voiture,5,2,3,1,5
202200028235,2022-10-04 22:45:00,2022,10,4,22,45,67,67468,"D919G, route de Sarreguemines",49.047703,7.09139,Nuit sans éclairage public,Hors agglomération,Hors intersection,Brouillard / fumée,Sans collision,3,2,2,0,1,2,1,0,3,80,1,1,0,0,0,1,44.0,,voiture,,3,1,1,5,7
202200028236,2022-05-05 10:15:00,2022,5,5,10,15,33,33063,Cours du Raccordement,44.8646396493,-0.5637466908,Plein jour,En agglomération,Intersection en X,Normale,Deux véhicules - côté,4,2,3,0,1,1,1,5,1,50,2,3,2,0,0,1,65.0,32.0,voiture,deux_roues,1,2,2,1,3
202200028237,2022-05-13 22:40:00,2022,5,13,22,40,30,30189,MENDES FRANCE PIERRE (AVENUE),43.81353,4.39804,Nuit sans éclairage public,En agglomération,Hors intersection,Normale,Autre collision,3,2,2,0,1,1,1,0,1,70,1,1,0,0,1,0,21.0,,deux_roues,,3,2,1,1,6
202200028238,2022-09-18 04:30:00,2022,9,18,4,30,76,76006,Route de la Fosse au Loup,49.697083,0.821603,Nuit avec éclairage non allumé,En agglomération,Hors intersection,Normale,Deux véhicules - frontale,3,2,2,0,1,1,1,0,1,50,2,3,2,0,0,1,28.0,27.0,voiture,voiture,4,2,1,1,1
202200028239,2022-05-18 16:46:00,2022,5,18,16,46,29,29019,Avenue Victor le Gorgeu,48.404862,-4.506393,Plein jour,En agglomération,Intersection en T,Pluie légère,Deux véhicules - arrière,4,3,2,0,1,1,2,0,1,50,2,2,0,0,0,2,37.0,36.0,voiture,voiture,1,2,3,2,2
202200028240,2022-10-05 18:20:00,2022,10,5,18,20,82,82127,Route de Laujol D16,44.1663405826,1.1162824447,Plein jour,Hors agglomération,Hors intersection,Normale,Autre collision,3,2,2,0,1,1,1,0,3,80,1,4,0,0,3,1,41.0,,voiture,,1,1,1,1,6
202200028241,2022-05-20 06:50:00,2022,5,20,6,50,27,27229,RN 154,49.03403,1.18623,Plein jour,Hors agglomération,Hors intersection,Normale,Sans collision,2,1,4,0,2,1,1,0,3,110,1,1,0,0,0,1,54.0,,voiture,,1,1,1,1,7
202200028242,2022-04-13 17:15:00,2022,4,13,17,15,26,26362,PROVENCE AVENUE DE,44.92005,4.87834,Plein jour,En agglomération,Hors intersection,Normale,Deux véhicules - côté,3,2,2,0,1,1,1,0,1,50,2,2,1,0,0,1,74.0,55.0,voiture,deux_roues,1,2,1,1,3
202200028243,2022-10-05 08:50:00,2022,10,5,8,50,71,71014,14 Route de Chateau-chinon,46.957806,4.285977,Plein jour,En agglomération,Hors intersection,Brouillard / fumée,Deux véhicules - côté,3,2,2,0,1,1,1,0,3,50,2,2,1,0,0,1,17.0,29.0,deux_roues,utilitaire_camion,1,2,1,5,3