accident_id,datetime,annee,mois,jour,heure,minute,departement,commune_insee,adresse,latitude,longitude,luminosite,agglomeration,intersection,meteo,collision,catr,circ,nbv,vosp,prof,plan,surf,infra,situ,vma,nb_vehicules,nb_usagers,nb_indemnes,nb_tues,nb_blesses_hosp,nb_blesses_legers,age_cond_1,age_cond_2,veh_type_cond_1,veh_type_cond_2,lum_code,agg_code,int_code,atm_code,col_code
202200028977,2022-03-04 10:35:00,2022,3,4,10,35,92,92064,GOUNOD,48.8429915921,2.2135690302,Plein jour,En agglomération,Hors intersection,Normale,Deux véhicules - arrière,3,2,0,0,1,1,1,0,1,50,2,2,1,0,0,1,20.0,40.0,deux_roues,utilitaire_camion,1,2,1,1,2
202200028978,2022-03-04 08:35:00,2022,3,4,8,35,92,92051,"GENERAL LECLERC (BOULEVARD DU, N° 1 A 27",48.88991,2.260187,Plein jour,En agglomération,Hors intersection,Normale,Deux véhicules - côté,3,2,4,0,1,1,1,0,1,50,2,2,1,0,0,1,54.0,34.0,deux_roues,voiture,1,2,1,1,3
202200028979,2022-08-30 19:03:00,2022,8,30,19,3,45,45169,184 Route Nationale,47.9295179042,1.8382476568,Plein jour,En agglomération,Hors intersection,Normale,Deux véhicules - côté,4,2,2,0,1,1,1,0,1,50,2,2,1,0,0,1,32.0,8.0,voiture,deux_roues,1,2,1,1,3
202200028980,2022-03-03 23:35:00,2022,3,3,23,35,92,92036,MERCIERES (ROUTE DES),48.9356081708,2.2720945626,Nuit avec éclairage allumé,En agglomération,Autre intersection,Normale,Deux véhicules - côté,4,2,3,0,1,1,1,0,1,3,2,2,1,0,0,1,26.0,37.0,voiture,deux_roues,5,2,9,1,3
202200028981,2022-08-30 18:35:00,2022,8,30,18,35,44,44109,4 Rue Pierre Etienne Flandin,47.202572,-1.537915,Plein jour,En agglomération,Hors intersection,Normale,Autre collision,4,3,2,2,1,1,1,0,1,30,1,2,1,0,1,0,76.0,,voiture,,1,2,1,1,6
202200028982,2022-03-04 14:45:00,2022,3,4,14,45,92,92035,Foch ( avenue ),48.9080374952,2.2416528314,Plein jour,En agglomération,Hors intersection,Normale,Autre collision,4,1,1,0,1,1,1,0,4,50,1,3,1,0,0,2,40.0,,utilitaire_camion,,1,2,1,1,6
202200028983,2022-08-30 07:50:00,2022,8,30,7,50,44,44162,20 Boulevard Charles De Gaulle,47.21096,-1.62594,Plein jour,En agglomération,Hors intersection,Normale,Deux véhicules - côté,4,2,2,2,1,1,1,0,1,50,2,2,1,0,0,1,34.0,43.0,voiture,deux_roues,1,2,1,1,3
202200028984,2022-03-03 08:05:00,2022,3,3,8,5,92,92025,PAUL BERT (RUE),48.9278037901,2.2468872964,Plein jour,En agglomération,Hors intersection,Normale,Deux véhicules - arrière,3,1,3,0,2,1,1,0,1,30,2,2,1,0,0,1,51.0,49.0,voiture,voiture,1,2,1,1,2
202200028985,2022-03-02 22:30:00,2022,3,2,22,30,92,92025,PAUL BERT (RUE),48.9273928788,2.2470062524,Nuit avec éclairage allumé,En agglomération,Intersection en X,Normale,Deux véhicules - côté,3,3,4,0,1,1,1,0,1,30,2,2,1,0,0,1,23.0,34.0,deux_roues,voiture,5,2,2,1,3
202200028986,2022-08-29 04:40:00,2022,8,29,4,40,44,44055,Route de L'immaculée,47.28322,-2.31592,Nuit sans éclairage public,Hors agglomération,Intersection en X,Normale,Deux véhicules - côté,4,2,2,0,2,1,1,0,1,70,2,2,1,0,0,1,19.0,43.0,deux_roues,voiture,3,1,2,1,3
202200028987,2022-03-03 07:20:00,2022,3,3,7,20,92,92024,JEAN JAURES (BD) DE 47 A 109)   (56 A 14,48.9010550826,2.3053662926,Plein jour,En agglomération,Hors intersection,Normale,Deux véhicules - côté,3,1,3,1,1,1,1,0,1,50,2,2,1,0,1,0,33.0,24.0,deux_roues,transport_commun,1,2,1,1,3
202200028988,2022-08-30 21:50:00,2022,8,30,21,50,37,37261,PROUDHON (AVENUE),47.39482,0.6713,Nuit avec éclairage allumé,En agglomération,Intersection en T,Normale,Deux véhicules - côté,4,1,4,0,1,1,1,0,1,50,2,4,2,0,0,2,24.0,20.0,voiture,voiture,5,2,3,1,3
202200028989,2022-03-05 16:50:00,2022,3,5,16,50,2A,2A026,Départementale 26,41.868382,9.015041,Plein jour,Hors agglomération,Hors intersection,Neige / grêle,Sans collision,3,2,2,0,1,2,2,2,1,80,1,1,0,1,0,0,25.0,,voiture,,1,1,1,4,7
202200028990,2022-03-05 09:20:00,2022,3,5,9,20,41,41140,D922,47.490558,1.807466,Plein jour,Hors agglomération,Hors intersection,Temps couvert,Deux véhicules - frontale,3,2,2,0,1,1,2,0,1,80,2,3,1,0,0,2,71.0,30.0,voiture,voiture,1,1,1,8,1
202200028991,2022-08-30 15:06:00,2022,8,30,15,6,37,37261,RENAULT (RUE DU GAL),47.3797017136,0.6717163324,Plein jour,En agglomération,Intersection en T,Normale,Autre collision,4,2,2,0,1,1,1,5,1,50,1,2,1,0,0,1,43.0,,deux_roues,,1,2,3,1,6
202200028992,2022-03-04 19:25:00,2022,3,4,19,25,974,97422,180 Rue des Flamboyants,-21.278476,55.498462,Nuit avec éclairage non allumé,En agglomération,Hors intersection,Normale,Deux véhicules - frontale,3,2,2,0,1,1,1,0,1,50,2,2,1,0,0,1,61.0,59.0,deux_roues,voiture,4,2,1,1,1
202200028993,2022-08-30 16:15:00,2022,8,30,16,15,35,35238,RN137,48.08129,-1.67516,Plein jour,En agglomération,Giratoire,Normale,Deux véhicules - côté,2,1,3,0,1,2,1,0,1,50,2,3,2,0,0,1,52.0,76.0,voiture,voiture,1,2,6,1,3
202200028994,2022-03-04 22:20:00,2022,3,4,22,20,62,62852,Départementale 229,50.930485,2.071545,Nuit sans éclairage public,Hors agglomération,Hors intersection,Normale,Sans collision,3,2,2,0,1,4,2,0,1,80,1,1,0,1,0,0,28.0,,voiture,,3,1,1,1,7
202200028995,2022-03-04 07:15:00,2022,3,4,7,15,59,59250,N41,50.587624,2.92143,Crépuscule ou aube,Hors agglomération,Hors intersection,Normale,Deux véhicules - côté,2,3,4,0,1,1,1,0,1,110,2,2,1,0,1,0,24.0,29.0,voiture,deux_roues,2,1,1,1,3
202200028996,2022-08-30 17:45:00,2022,8,30,17,45,35,35238,ROOSEVELT (BD FRANKLIN),48.096298274,-1.660400033,Plein jour,En agglomération,Hors intersection,Normale,Deux véhicules - arrière,4,2,2,2,1,1,1,0,1,50,2,2,1,0,0,1,21.0,44.0,deux_roues,voiture,1,2,1,1,2
202200028997,2022-03-04 17:30:00,2022,3,4,17,30,60,60176,Rue des Cèdres,49.224019,2.892923,Plein jour,En agglomération,Autre intersection,Normale,Deux véhicules - côté,4,1,2,3,1,1,1,0,1,50,2,3,2,0,0,1,18.0,59.0,deux_roues,voiture,1,2,9,1,3
202200028998,2022-08-30 15:10:00,2022,8,30,15,10,33,33192,Avenue de la Grande Lande,44.77578,-0.64275,Plein jour,En agglomération,Giratoire,Normale,Deux véhicules - arrière,4,3,2,0,2,1,1,0,1,50,2,3,1,0,0,2,37.0,20.0,utilitaire_camion,deux_roues,1,2,6,1,2
202200028999,2022-03-04 16:00:00,2022,3,4,16,0,50,50535,A84 PK 177+177,48.737371,-1.29437,Plein jour,Hors agglomération,Hors intersection,Normale,Autre collision,1,3,4,0,4,1,1,0,8,130,1,3,2,0,1,0,20.0,,voiture,,1,1,1,1,6
202200029000,2022-08-29 15:30:00,2022,8,29,15,30,33,33522,Cours de la Libération,44.80446,-0.59261,Plein jour,En agglomération,Hors intersection,Normale,Deux véhicules - arrière,4,3,2,2,1,1,1,0,1,30,2,2,1,0,0,1,25.0,43.0,voiture,voiture,1,2,1,1,2
202200029001,2022-03-05 07:00:00,2022,3,5,7,0,69,69096,Rue Pierre Semard,45.6127027324,4.798091054,Plein jour,En agglomération,Intersection en T,Normale,Deux véhicules - côté,7,2,2,0,1,1,1,0,1,50,2,2,0,0,0,2,67.0,24.0,voiture,voiture,1,2,3,1,3
202200029002,2022-08-31 00:05:00,2022,8,31,0,5,29,29254,Giratoire de Traon Kerret,48.564030056,-3.838937759,Nuit avec éclairage allumé,En agglomération,Giratoire,Normale,Autre collision,4,1,1,0,1,3,1,0,3,50,1,1,0,0,0,1,22.0,,voiture,,5,2,6,1,6
202200029003,2022-08-30 17:25:00,2022,8,30,17,25,29,29039,Rue du Poteau Vert,47.89602,-3.91159,Plein jour,En agglomération,Autre intersection,Normale,Deux véhicules - arrière,4,2,2,0,1,1,1,0,1,50,2,2,0,0,0,2,26.0,46.0,voiture,utilitaire_camion,1,2,9,1,2
202200029004,2022-03-05 02:00:00,2022,3,5,2,0,89,89214,Lieu Dit Villeguillon,48.252334,3.481089,Nuit sans éclairage public,Hors agglomération,Hors intersection,Normale,Sans collision,4,2,2,0,1,2,1,0,3,80,1,1,0,0,1,0,23.0,,voiture,,3,1,1,1,7
202200029005,2022-08-29 07:10:00,2022,8,29,7,10,17,17415,PORT D'ENVAUX ROUTE DE,45.76808,-0.64562,Crépuscule ou aube,Hors agglomération,Hors intersection,Normale,Deux véhicules - frontale,3,2,2,0,1,1,1,9,1,50,2,2,0,0,2,0,54.0,40.0,voiture,voiture,2,1,1,1,1
202200029006,2022-08-30 14:40:00,2022,8,30,14,40,17,17306,BOUCHET LOUIS (AVENUE),45.62582,-0.99967,Plein jour,En agglomération,Hors intersection,Normale,Deux véhicules - arrière,3,3,2,0,1,1,1,0,1,50,2,2,1,0,0,1,61.0,65.0,voiture,voiture,1,2,1,1,2
202200029007,2022-08-29 16:35:00,2022,8,29,16,35,13,13212,PIERRE CHEVALIER (avenue),43.2952169791,5.4251614288,Plein jour,En agglomération,Hors intersection,Normale,Deux véhicules - côté,4,-1,1,0,2,1,1,0,1,50,2,2,1,0,0,1,34.0,35.0,deux_roues,voiture,1,2,1,1,3
202200029008,2022-08-30 03:30:00,2022,8,30,3,30,13,13205,boulevard Jeanne d'Arc,43.2934596381,5.4029653966,Nuit avec éclairage allumé,En agglomération,Hors intersection,Normale,Deux véhicules - arrière,4,2,4,0,1,3,1,0,1,50,3,5,2,0,0,3,19.0,41.0,voiture,voiture,5,2,1,1,2
202200029009,2022-08-30 12:25:00,2022,8,30,12,25,13,13005,RN 8,43.28628,5.58729,Plein jour,En agglomération,Autre intersection,Normale,Deux véhicules - côté,7,2,4,0,1,1,1,5,1,50,2,2,1,0,0,1,39.0,24.0,deux_roues,voiture,1,2,9,1,3
202200029010,2022-08-30 12:05:00,2022,8,30,12,5,13,13005,ROUGIER (RUE ELZEARD),43.29398,5.56918,Plein jour,En agglomération,Intersection en T,Normale,Deux véhicules - frontale,3,2,2,0,1,1,1,0,1,50,1,2,1,0,0,1,61.0,,voiture,,1,2,3,1,1
202200029011,2022-08-30 16:40:00,2022,8,30,16,40,08,08105,Route de Prix,49.7554124972,4.7085396051,Plein jour,En agglomération,Autre intersection,Normale,Deux véhicules - arrière,3,2,0,0,1,1,1,8,1,50,2,2,1,0,1,0,61.0,32.0,deux_roues,voiture,1,2,9,1,2
202200029012,2022-08-30 13:29:00,2022,8,30,13,29,06,06069,RENOIR (AVENUE AUGUSTE),43.681833,6.961048,Plein jour,En agglomération,Hors intersection,Normale,Deux véhicules - arrière,3,2,2,0,1,3,1,0,1,50,2,2,1,0,0,1,48.0,34.0,utilitaire_camion,voiture,1,2,1,1,2
202200029013,2022-08-29 13:30:00,2022,8,29,13,30,05,05061,Avenue Emile Didier,44.5646647032,6.0903847218,Plein jour,En agglomération,Hors intersection,Normale,Trois véhicules et plus - en chaîne,2,2,2,0,1,1,1,0,1,50,3,3,2,0,0,1,55.0,34.0,voiture,voiture,1,2,1,1,4
202200029014,2022-08-30 01:15:00,2022,8,30,1,15,03,03321,RD 779,46.57771,3.37622,Nuit sans éclairage public,Hors agglomération,Intersection en Y,Normale,Deux véhicules - arrière,2,1,0,0,1,2,1,9,8,50,2,2,1,0,1,0,71.0,51.0,utilitaire_camion,voiture,3,1,4,1,2
202200029015,2022-08-30 17:10:00,2022,8,30,17,10,03,03101,CD 916,46.3572,2.56635,Plein jour,Hors agglomération,Hors intersection,Normale,Deux véhicules - frontale,3,2,2,0,4,2,2,0,1,70,2,3,1,0,2,0,41.0,53.0,utilitaire_camion,voiture,1,1,1,1,1
202200029016,2022-08-30 11:47:00,2022,8,30,11,47,03,03101,Rue de la Chevêche,46.36293,2.55614,Plein jour,En agglomération,Hors intersection,Pluie légère,Deux véhicules - frontale,4,2,2,0,1,4,2,0,1,70,2,2,0,0,1,1,21.0,49.0,voiture,voiture,1,2,1,2,1
202200029017,2022-08-30 14:25:00,2022,8,30,14,25,75,75114,PORTE D ORLEANS,48.816851,2.33621,Plein jour,En agglomération,Hors intersection,Normale,Deux véhicules - côté,4,-1,2,0,1,3,1,0,1,70,2,2,1,0,0,1,46.0,30.0,voiture,deux_roues,1,2,1,1,3
202200029018,2022-08-29 09:10:00,2022,8,29,9,10,75,75113,PORTE D IVRY,48.819874,2.374335,Plein jour,En agglomération,Hors intersection,Normale,Trois véhicules et plus - en chaîne,4,1,4,0,1,1,1,0,1,70,3,3,2,0,0,1,56.0,32.0,voiture,utilitaire_camion,1,2,1,1,4
202200029019,2022-08-30 11:00:00,2022,8,30,11,0,75,75106,RUE D ASSAS,48.844387,2.332885,Plein jour,En agglomération,Intersection en T,Normale,Deux véhicules - côté,4,2,2,0,1,1,1,0,1,30,2,2,1,0,0,1,38.0,21.0,deux_roues,deux_roues,1,2,3,1,3
202200029020,2022-08-30 01:42:00,2022,8,30,1,42,75,75106,PLACE SAINT ANDRE DES ARTS,48.8532773873,2.3433977365,Nuit avec éclairage allumé,En agglomération,Place,Normale,Deux véhicules - arrière,4,1,2,1,1,1,1,0,1,30,2,2,1,0,0,1,24.0,28.0,voiture,deux_roues,5,2,7,1,2
202200029021,2022-08-30 16:45:00,2022,8,30,16,45,75,75120,PLACE GAMBETTA,48.864755,2.398618,Plein jour,En agglomération,Place,Normale,Deux véhicules - côté,4,1,2,1,1,1,1,-1,5,30,2,2,1,0,0,1,42.0,36.0,voiture,deux_roues,1,2,7,1,3
202200029022,2022-08-30 20:50:00,2022,8,30,20,50,75,75118,RUE DES CHEMINOTS,48.897207,2.356582,Nuit avec éclairage allumé,En agglomération,Hors intersection,Normale,Autre collision,4,-1,1,0,1,1,1,0,1,30,1,2,1,0,0,1,,,voiture,,5,2,1,1,6
202200029023,2022-08-29 10:00:00,2022,8,29,10,0,75,75117,BOULEVARD MALESHERBES,48.880849,2.312552,Plein jour,En agglomération,Intersection en X,Normale,Deux véhicules - côté,4,2,6,0,1,1,1,0,1,30,2,3,1,0,0,2,41.0,61.0,deux_roues,deux_roues,1,2,2,1,3
202200029024,2022-08-29 14:30:00,2022,8,29,14,30,75,75113,BOULEVARD VINCENT AURIOL,48.836223,2.371531,Plein jour,En agglomération,Intersection en X,Normale,Deux véhicules - côté,4,3,5,1,4,1,1,0,1,30,2,2,1,0,0,1,54.0,19.0,voiture,deux_roues,1,2,2,1,3
202200029025,2022-08-30 19:30:00,2022,8,30,19,30,75,75112,AVENUE DE LA PORTE DE CHARENTON,48.8317,2.397955,Plein jour,En agglomération,Intersection en X,Normale,Deux véhicules - côté,4,2,0,0,1,1,1,-1,5,30,2,2,1,0,0,1,55.0,38.0,deux_roues,deux_roues,1,2,2,1,3
202200029026,2022-08-29 19:45:00,2022,8,29,19,45,75,75111,BOULEVARD VOLTAIRE,48.864405,2.369044,Plein jour,En agglomération,Intersection en T,Normale,Deux véhicules - côté,4,-1,2,0,1,1,1,0,1,30,2,2,1,0,0,1,42.0,28.0,voiture,deux_roues,1,2,3,1,3
202200029027,2022-08-30 18:55:00,2022,8,30,18,55,75,75108,AVENUE DES CHAMPS ELYSEES,48.867088,2.316087,Plein jour,En agglomération,Intersection en T,Normale,Autre collision,4,2,6,0,1,1,1,0,1,30,1,3,2,0,0,1,37.0,,voiture,,1,2,3,1,6
202200029028,2022-08-30 15:25:00,2022,8,30,15,25,75,75107,QUAI BRANLY,48.860535,2.295646,Plein jour,En agglomération,Intersection en T,Normale,Deux véhicules - arrière,4,1,4,0,1,1,1,0,1,30,2,2,1,0,0,1,49.0,37.0,voiture,deux_roues,1,2,3,1,2
202200029029,2022-08-29 23:07:00,2022,8,29,23,7,75,75114,RUE D ALESIA,48.82675,2.339691,Nuit avec éclairage allumé,En agglomération,Hors intersection,Normale,Deux véhicules - frontale,4,-1,1,0,1,1,1,8,1,30,2,2,1,0,0,1,20.0,41.0,transport_commun,deux_roues,5,2,1,1,1
202200029030,2022-08-29 14:45:00,2022,8,29,14,45,94,94080,32 Rue de Montreuil,48.84643,2.43479,Plein jour,En agglomération,Hors intersection,Normale,Autre collision,4,1,1,0,1,1,1,6,1,30,1,2,1,0,0,1,65.0,,voiture,,1,2,1,1,6
202200029031,2022-08-29 18:00:00,2022,8,29,18,0,94,94068,GAMBETTA (AV),48.801,2.48715,Plein jour,En agglomération,Intersection en X,Normale,Autre collision,3,2,2,0,1,1,1,5,1,30,1,3,1,0,0,2,25.0,,voiture,,1,2,2,1,6
202200029032,2022-08-30 12:27:00,2022,8,30,12,27,94,94046,Rue Jean Jaurès,48.799641,2.432493,Plein jour,En agglomération,Hors intersection,Normale,Deux véhicules - côté,3,-1,2,0,1,1,1,0,1,30,2,2,1,0,0,1,30.0,70.0,deux_roues,voiture,1,2,1,1,3
202200029033,2022-08-30 10:00:00,2022,8,30,10,0,94,94041,Rue Ernest Renan,48.808,2.39954,Plein jour,En agglomération,Autre intersection,Normale,Deux véhicules - côté,4,2,2,0,1,1,1,0,1,50,2,2,1,0,0,1,21.0,45.0,deux_roues,utilitaire_camion,1,2,9,1,3
202200029034,2022-08-29 18:50:00,2022,8,29,18,50,94,94011,Rue Pierre Sémard / Avenue Jean Monnet,48.763,2.47958,Plein jour,En agglomération,Place,Normale,Deux véhicules - côté,3,3,4,0,1,1,1,0,1,50,2,2,0,0,1,1,36.0,45.0,autre,deux_roues,1,2,7,1,3
202200029035,2022-08-30 21:41:00,2022,8,30,21,41,94,94079,Boulevard de Friedberg / Avenue Montrichard,48.8326,2.54377,Nuit avec éclairage allumé,En agglomération,Intersection en X,Normale,Autre collision,3,2,2,0,1,1,1,0,1,50,1,2,1,0,0,1,,,deux_roues,,5,2,2,1,6
202200029036,2022-08-30 16:47:00,2022,8,30,16,47,94,94019,Rue de Champigny,48.7973,2.52471,Plein jour,En agglomération,Hors intersection,Normale,Autre collision,3,2,2,0,1,1,1,0,1,50,1,2,1,0,0,1,38.0,,voiture,,1,2,1,1,6
202200029037,2022-08-30 18:45:00,2022,8,30,18,45,93,93070,Avenue Gabriel Péri,48.9091865883,2.3328861983,Plein jour,En agglomération,Hors intersection,Normale,Deux véhicules - côté,3,2,3,2,1,1,1,0,5,50,2,3,1,0,0,2,51.0,39.0,voiture,deux_roues,1,2,1,1,3
202200029038,2022-08-30 08:50:00,2022,8,30,8,50,93,93070,Place du Capitaine Glarner,48.9069865737,2.3266723701,Plein jour,En agglomération,Place,Normale,Deux véhicules - côté,4,2,2,0,1,1,1,5,1,50,2,2,1,0,0,1,38.0,44.0,voiture,utilitaire_camion,1,2,7,1,3
202200029039,2022-08-29 22:00:00,2022,8,29,22,0,93,93055,Avenue Jean Lolive / Rue Courtois,48.8938143189,2.4162036884,Nuit avec éclairage allumé,En agglomération,Intersection en T,Normale,Deux véhicules - côté,3,2,4,3,1,1,1,0,8,50,2,3,2,0,0,1,33.0,23.0,deux_roues,voiture,5,2,3,1,3
202200029040,2022-08-29 15:15:00,2022,8,29,15,15,93,93051,Rue Pierre Brossolette / Route de Neuilly,48.84717,2.54158,Plein jour,En agglomération,Intersection en Y,Normale,Deux véhicules - arrière,3,1,2,0,2,1,1,0,1,50,2,2,1,0,0,1,70.0,44.0,deux_roues,voiture,1,2,4,1,2
202200029041,2022-08-30 08:45:00,2022,8,30,8,45,93,93079,Route de Saint-Leu / Rue Pierre Curie,48.9497526213,2.3414859499,Plein jour,En agglomération,Intersection en T,Normale,Trois véhicules et plus - collisions multiples,3,2,2,2,1,1,1,0,1,50,3,3,2,0,0,1,24.0,52.0,deux_roues,voiture,1,2,3,1,5
202200029042,2022-08-30 06:30:00,2022,8,30,6,30,93,93010,Rue de la Liberté,48.8945175227,2.4814617595,Crépuscule ou aube,En agglomération,Hors intersection,Pluie légère,Autre collision,4,2,1,2,1,1,2,0,1,25,1,2,1,0,0,1,26.0,,deux_roues,,2,2,1,2,6
202200029043,2022-08-30 11:00:00,2022,8,30,11,0,93,93001,Boulevard Anatole France,48.9172040558,2.3819595867,Plein jour,En agglomération,Hors intersection,Temps couvert,Autre collision,3,2,2,0,1,1,1,0,1,50,1,2,1,0,0,1,33.0,,deux_roues,,1,2,1,8,6
202200029044,2022-08-30 17:50:00,2022,8,30,17,50,92,92078,EDOUARD MANET (RUE),48.9330067873,2.3311067819,Plein jour,En agglomération,Intersection en X,Normale,Deux véhicules - côté,4,1,1,1,1,1,1,0,1,50,2,2,1,0,0,1,40.0,40.0,voiture,deux_roues,1,2,2,1,3
202200029045,2022-05-04 11:35:00,2022,5,4,11,35,92,92063,BELIN (AVENUE EDOUARD),48.88763,2.16933,Plein jour,En agglomération,Hors intersection,Normale,Deux véhicules - côté,4,1,2,0,1,1,1,0,1,50,2,2,1,0,0,1,23.0,32.0,utilitaire_camion,utilitaire_camion,1,2,1,1,3
202200029046,2022-08-29 14:20:00,2022,8,29,14,20,92,92049,RACINE RUE AUTRES N°,48.812322977,2.3143802583,Plein jour,En agglomération,Hors intersection,Normale,Autre collision,4,-1,2,0,1,1,1,0,1,30,1,2,1,0,0,1,29.0,,voiture,,1,2,1,1,6
202200029047,2022-08-30 11:50:00,2022,8,30,11,50,92,92024,JEAN JAURES (BD) DE 47 A 109)   (56 A 14,48.90001,2.3063,Plein jour,En agglomération,Intersection en X,Normale,Sans collision,3,1,3,1,1,2,1,0,1,50,1,2,1,0,0,1,38.0,,utilitaire_camion,,1,2,2,1,7
202200029048,2022-08-30 15:55:00,2022,8,30,15,55,92,92012,JEAN JAURES (BOULEVARD) 63/215 - 70/208,48.8352955335,2.2425482869,Plein jour,En agglomération,Intersection en X,Normale,Deux véhicules - côté,4,2,2,0,1,1,1,9,1,50,2,2,1,0,0,1,61.0,60.0,voiture,voiture,1,2,2,1,3
202200029049,2022-08-29 10:45:00,2022,8,29,10,45,51,51262,Rue du Général Leclerc,48.701466,4.588358,Plein jour,En agglomération,Giratoire,Normale,Sans collision,3,3,1,0,1,3,1,0,1,50,1,3,1,0,1,1,38.0,,voiture,,1,2,6,1,7
202200029050,2022-08-30 08:45:00,2022,8,30,8,45,38,38107,N7,45.451054,4.82317,Plein jour,Hors agglomération,Intersection en T,Normale,Deux véhicules - frontale,2,2,1,0,1,1,1,5,1,70,2,2,1,0,1,0,64.0,59.0,voiture,deux_roues,1,1,3,1,1
202200029051,2022-08-31 08:40:00,2022,8,31,8,40,74,74282,A41,45.987734,6.128161,Plein jour,Hors agglomération,Hors intersection,Normale,Deux véhicules - arrière,1,1,5,0,1,1,1,7,6,110,2,2,1,0,1,0,69.0,46.0,voiture,voiture,1,1,1,1,2
202200029052,2022-08-30 22:17:00,2022,8,30,22,17,69,69288,Roure Départementale 29,45.69265,5.077631,Nuit avec éclairage non allumé,Hors agglomération,Giratoire,Pluie forte,Deux véhicules - frontale,3,2,2,0,1,2,3,5,1,80,2,3,1,0,0,2,33.0,72.0,utilitaire_camion,voiture,4,1,6,3,1
202200029053,2022-08-31 16:50:00,2022,8,31,16,50,81,81295,D86,43.857508,2.329724,Plein jour,Hors agglomération,Hors intersection,Normale,Autre collision,3,2,2,0,1,2,1,0,3,80,1,1,0,0,1,0,62.0,,deux_roues,,1,1,1,1,6
202200029054,2022-08-30 14:15:00,2022,8,30,14,15,38,38336,D4,45.4777296593,4.8004945605,Plein jour,Hors agglomération,Autre intersection,Normale,Deux véhicules - côté,3,2,2,0,1,1,1,0,1,80,2,2,1,0,0,1,18.0,63.0,voiture,deux_roues,1,1,9,1,3
202200029055,2022-08-30 17:30:00,2022,8,30,17,30,68,68009,D468,48.116097,7.535664,Plein jour,Hors agglomération,Giratoire,Normale,Deux véhicules - côté,3,2,1,0,1,2,1,0,1,90,2,2,1,0,1,0,72.0,69.0,deux_roues,voiture,1,1,6,1,3
202200029056,2022-08-29 23:05:00,2022,8,29,23,5,67,67179,Route de Lutzelbourg,48.725436,7.299675,Nuit sans éclairage public,Hors agglomération,Autre intersection,Normale,Deux véhicules - frontale,3,2,2,0,1,2,1,0,1,80,2,2,1,0,0,1,22.0,47.0,voiture,utilitaire_camion,3,1,9,1,1
202200029057,2022-08-31 18:00:00,2022,8,31,18,0,51,51476,D977,49.0041900258,4.4008693099,Plein jour,Hors agglomération,Hors intersection,Pluie légère,Deux véhicules - côté,3,2,2,0,1,1,2,0,1,90,2,2,1,0,0,1,43.0,25.0,voiture,voiture,1,1,1,2,3
202200029058,2022-08-31 11:00:00,2022,8,31,11,0,41,41093,autoroute A10 PK 167+500,47.600335,1.107334,Plein jour,Hors agglomération,Hors intersection,Normale,Deux véhicules - arrière,1,3,3,3,1,1,1,0,1,130,2,5,1,0,0,4,28.0,49.0,voiture,utilitaire_camion,1,1,1,1,2
202200029059,2022-08-30 17:05:00,2022,8,30,17,5,37,37278,Autoroute A10,47.2039620805,0.6529355049,Plein jour,Hors agglomération,Hors intersection,Normale,Trois véhicules et plus - en chaîne,1,3,2,0,1,1,1,0,1,130,3,9,8,0,0,1,22.0,67.0,voiture,voiture,1,1,1,1,4
202200029060,2022-08-26 19:30:00,2022,8,26,19,30,34,34087,M5,43.5301,3.695515,Plein jour,Hors agglomération,Hors intersection,Normale,Sans collision,7,2,2,0,1,2,1,0,8,80,1,1,0,0,1,0,36.0,,utilitaire_camion,,1,1,1,1,7
202200029061,2022-08-31 17:00:00,2022,8,31,17,0,57,57097,Rue Robert Schuman,49.186416,6.489712,Plein jour,En agglomération,Hors intersection,Normale,Autre collision,4,2,2,0,2,2,1,0,4,50,1,1,0,0,1,0,66.0,,voiture,,1,2,1,1,6
202200029062,2022-08-26 05:00:00,2022,8,26,5,0,2B,2B150,Bagno,42.570161,8.829285,Nuit sans éclairage public,Hors agglomération,Hors intersection,Normale,Deux véhicules - frontale,2,2,2,0,1,3,1,0,3,70,1,1,0,0,1,0,26.0,,voiture,,3,1,1,1,1
202200029063,2022-08-16 17:00:00,2022,8,16,17,0,2B,2B050,San Francesco,42.563939,8.754237,Plein jour,En agglomération,Hors intersection,Normale,Deux véhicules - côté,4,2,2,0,2,1,1,0,1,50,2,3,1,0,2,0,56.0,50.0,deux_roues,voiture,1,2,1,1,3
202200029064,2022-08-30 12:50:00,2022,8,30,12,50,80,80613,Rue Holleville,50.038631,1.471552,Plein jour,En agglomération,Autre intersection,Normale,Deux véhicules - arrière,3,2,2,0,1,1,1,0,1,50,2,2,1,0,0,1,50.0,17.0,voiture,deux_roues,1,2,9,1,2
202200029065,2022-08-29 10:20:00,2022,8,29,10,20,42,42059,7 Avenue du 11 Novembre,45.635013,4.39231,Plein jour,En agglomération,Hors intersection,Normale,Deux véhicules - arrière,3,2,2,0,1,1,1,0,1,50,2,2,1,0,0,1,84.0,62.0,voiture,deux_roues,1,2,1,1,2
202200029066,2022-08-31 13:25:00,2022,8,31,13,25,34,34031,Route de Saint Thibery,43.37801,3.420069,Plein jour,Hors agglomération,Hors intersection,Normale,Sans collision,3,2,2,0,1,1,1,0,1,90,1,1,0,0,1,0,24.0,,deux_roues,,1,1,1,1,7
202200029067,2022-08-31 01:50:00,2022,8,31,1,50,25,25304,Rue du Quartier de la Chapotte,47.424803,6.883251,Nuit avec éclairage allumé,En agglomération,Hors intersection,Pluie légère,Autre collision,3,2,2,0,1,3,2,0,3,50,1,1,0,0,1,0,31.0,,voiture,,5,2,1,2,6