accident_id,datetime,annee,mois,jour,heure,minute,departement,commune_insee,adresse,latitude,longitude,luminosite,agglomeration,intersection,meteo,collision,catr,circ,nbv,vosp,prof,plan,surf,infra,situ,vma,nb_vehicules,nb_usagers,nb_indemnes,nb_tues,nb_blesses_hosp,nb_blesses_legers,age_cond_1,age_cond_2,veh_type_cond_1,veh_type_cond_2,lum_code,agg_code,int_code,atm_code,col_code
202200029068,2022-08-31 14:35:00,2022,8,31,14,35,01,01034,,45.718435,5.66622,Plein jour,En agglomération,Hors intersection,Normale,Sans collision,3,2,2,0,1,1,2,0,1,80,1,1,0,0,0,1,38.0,,deux_roues,,1,2,1,1,7
202200029069,2022-08-31 17:00:00,2022,8,31,17,0,50,50410,13 Ballan,48.545347,-1.425937,Plein jour,Hors agglomération,Hors intersection,Normale,Sans collision,3,2,2,0,2,2,1,0,3,80,1,1,0,1,0,0,58.0,,deux_roues,,1,1,1,1,7
202200029070,2022-08-29 17:00:00,2022,8,29,17,0,64,64034,D134,43.338649,-0.976734,Plein jour,Hors agglomération,Hors intersection,Vent fort / tempête,Autre collision,3,2,2,0,3,1,2,0,1,80,1,1,0,0,1,0,50.0,,voiture,,1,1,1,6,6
202200029071,2022-08-29 18:20:00,2022,8,29,18,20,64,64546,d936,43.463425,-1.27192,Plein jour,Hors agglomération,Hors intersection,Pluie légère,Deux véhicules - frontale,3,2,2,0,1,2,2,2,1,70,2,3,2,0,1,0,50.0,40.0,utilitaire_camion,voiture,1,1,1,2,1
202200029072,2022-08-30 18:30:00,2022,8,30,18,30,10,10317,voie creuse,48.00863,4.376786,Crépuscule ou aube,Hors agglomération,Hors intersection,Pluie légère,Deux véhicules - côté,4,2,2,0,2,3,2,0,3,-1,1,2,0,0,2,0,18.0,,voiture,,2,1,1,2,3
202200029073,2022-08-31 10:45:00,2022,8,31,10,45,16,16072,Chez Ferret,45.492485,0.147805,Plein jour,Hors agglomération,Hors intersection,Normale,Deux véhicules - côté,4,2,2,0,1,1,1,0,1,80,2,2,0,0,1,1,61.0,67.0,deux_roues,deux_roues,1,1,1,1,3
202200029074,2022-08-29 17:37:00,2022,8,29,17,37,85,85101,D949,46.45417,-1.403144,Plein jour,Hors agglomération,Intersection en X,Normale,Deux véhicules - côté,3,2,2,0,1,1,1,0,1,80,2,5,3,0,1,1,60.0,49.0,voiture,voiture,1,1,2,1,3
202200029075,2022-08-30 11:20:00,2022,8,30,11,20,85,85287,RD89,46.70274713,-0.886664098,Plein jour,Hors agglomération,Hors intersection,Normale,Deux véhicules - côté,3,2,2,0,2,2,1,0,1,80,2,3,2,0,0,1,54.0,19.0,voiture,voiture,1,1,1,1,3
202200029076,2022-08-27 15:10:00,2022,8,27,15,10,68,68375,53 Rue de Mulhouse,47.803376,7.240941,Plein jour,En agglomération,Intersection en T,Normale,Deux véhicules - frontale,3,2,2,0,1,1,1,0,1,50,2,2,1,0,0,1,12.0,71.0,deux_roues,voiture,1,2,3,1,1
202200029077,2022-08-31 04:13:00,2022,8,31,4,13,72,72386,Autoroute A11 PK 161+900,48.05264,0.320706,Nuit sans éclairage public,Hors agglomération,Hors intersection,Normale,Deux véhicules - arrière,1,1,5,0,1,1,1,0,1,130,2,2,1,0,0,1,46.0,61.0,utilitaire_camion,voiture,3,1,1,1,2
202200029078,2022-08-31 07:20:00,2022,8,31,7,20,13,13091,D18,43.599041,5.315623,Crépuscule ou aube,Hors agglomération,Hors intersection,Normale,Sans collision,3,2,2,0,1,4,1,0,1,80,1,2,0,0,0,2,17.0,,deux_roues,,2,1,1,1,7
202200029079,2022-08-26 18:50:00,2022,8,26,18,50,06,06085,avenue du golf,43.60225,7.016267,Plein jour,En agglomération,Hors intersection,Normale,Deux véhicules - frontale,3,3,2,0,1,1,1,0,1,50,1,2,1,0,1,0,49.0,,voiture,,1,2,1,1,1
202200029080,2022-08-31 07:50:00,2022,8,31,7,50,85,85172,D205,46.80697,-1.979614,Plein jour,Hors agglomération,Hors intersection,Normale,Deux véhicules - frontale,3,2,2,0,1,1,1,0,1,80,2,2,1,0,1,0,66.0,44.0,voiture,utilitaire_camion,1,1,1,1,1
202200029081,2022-08-31 11:00:00,2022,8,31,11,0,85,85273,RD 51 PK 008.300 la petite rousselière,46.86948,-2.05997,Plein jour,Hors agglomération,Hors intersection,Normale,Deux véhicules - côté,3,2,2,0,1,1,1,0,1,80,2,3,1,0,1,1,38.0,67.0,utilitaire_camion,voiture,1,1,1,1,3
202200029082,2022-08-31 08:30:00,2022,8,31,8,30,31,31506,D54,43.569346,1.517444,Plein jour,En agglomération,Intersection en T,Normale,Deux véhicules - côté,7,2,2,0,1,1,1,5,1,30,2,3,1,0,1,1,77.0,59.0,voiture,deux_roues,1,2,3,1,3
202200029083,2022-08-31 10:30:00,2022,8,31,10,30,976,97617,route de coconi,-12.802312,45.127459,Plein jour,Hors agglomération,Hors intersection,Normale,Sans collision,3,2,2,0,2,3,1,0,1,70,1,1,0,0,0,1,39.0,,utilitaire_camion,,1,1,1,1,7
202200029084,2022-08-31 07:00:00,2022,8,31,7,0,95,95580,RD 16,49.0857165526,2.5483319163,Plein jour,Hors agglomération,Hors intersection,Normale,Autre collision,3,2,2,0,1,1,1,0,1,50,1,2,0,0,0,2,45.0,,deux_roues,,1,1,1,1,6
202200029085,2022-08-29 15:15:00,2022,8,29,15,15,13,13066,autoroute A7,43.884284,4.923592,Plein jour,Hors agglomération,Hors intersection,Normale,Autre collision,1,3,3,0,1,1,1,2,1,130,1,1,0,0,1,0,24.0,,voiture,,1,1,1,1,6
202200029086,2022-08-31 14:55:00,2022,8,31,14,55,29,29233,Rue Pasteur,47.868336259,-3.5468829273,Plein jour,En agglomération,Intersection en T,Normale,Deux véhicules - arrière,4,2,2,0,2,2,1,0,1,30,2,3,1,0,1,1,57.0,26.0,utilitaire_camion,deux_roues,1,2,3,1,2
202200029087,2022-08-26 12:50:00,2022,8,26,12,50,06,06106,Route de Sigale,43.8757,7.003237,Plein jour,En agglomération,Hors intersection,Normale,Deux véhicules - côté,3,2,2,0,1,1,1,0,3,30,1,1,0,0,0,1,64.0,,voiture,,1,2,1,1,3
202200029088,2022-08-30 16:40:00,2022,8,30,16,40,71,71556,D906,46.277471,4.801782,Plein jour,En agglomération,Hors intersection,Normale,Deux véhicules - arrière,3,2,2,0,1,1,1,0,1,70,2,2,1,0,0,1,18.0,53.0,voiture,deux_roues,1,2,1,1,2
202200029089,2022-08-26 15:10:00,2022,8,26,15,10,01,01301,Route de Mâcon,46.248111,5.136293,Plein jour,En agglomération,Intersection en T,Normale,Deux véhicules - côté,3,2,2,0,1,1,1,0,1,70,2,2,1,0,0,1,53.0,51.0,voiture,deux_roues,1,2,3,1,3
202200029090,2022-08-17 18:10:00,2022,8,17,18,10,69,69287,Avenue Charles de Gaulle,45.696202,5.019266,Plein jour,En agglomération,Hors intersection,Normale,Deux véhicules - frontale,3,2,2,2,1,1,1,0,1,50,2,2,1,0,1,0,25.0,33.0,voiture,voiture,1,2,1,1,1
202200029091,2022-08-30 11:30:00,2022,8,30,11,30,17,17444,Route de Saintes,45.702088,-0.644825,Plein jour,Hors agglomération,Hors intersection,Normale,Trois véhicules et plus - en chaîne,3,2,2,0,2,2,1,0,1,90,4,6,5,0,1,0,67.0,20.0,voiture,voiture,1,1,1,1,4
202200029092,2022-08-30 08:05:00,2022,8,30,8,5,53,53011,RD553 La pagerie,47.943368,-0.864992,Plein jour,Hors agglomération,Hors intersection,Normale,Sans collision,3,2,2,0,1,1,9,0,1,80,1,1,0,0,1,0,31.0,,voiture,,1,1,1,1,7
202200029093,2022-08-29 17:30:00,2022,8,29,17,30,35,35360,Rue de Janze,48.109029,-1.21525,Plein jour,En agglomération,Hors intersection,Normale,Autre collision,4,2,2,0,1,1,1,0,1,30,1,2,1,0,1,0,19.0,,voiture,,1,2,1,1,6
202200029094,2022-08-31 14:15:00,2022,8,31,14,15,27,27070,résidence les cottages,49.281517,1.46042,Plein jour,En agglomération,Hors intersection,Normale,Autre collision,4,2,2,0,1,2,1,0,1,50,1,1,0,0,0,1,65.0,,voiture,,1,2,1,1,6
202200029095,2022-08-31 06:10:00,2022,8,31,6,10,27,27410,route nationale 13,49.013794,1.249051,Nuit sans éclairage public,Hors agglomération,Hors intersection,Normale,Autre collision,2,2,3,0,1,1,1,0,1,80,1,1,0,0,1,0,21.0,,deux_roues,,3,1,1,1,6
202200029096,2022-08-31 12:10:00,2022,8,31,12,10,02,02701,Route nationale,48.974555,3.308119,Plein jour,En agglomération,Hors intersection,Normale,Deux véhicules - côté,3,2,2,0,2,1,1,0,1,50,2,3,1,0,0,2,22.0,25.0,deux_roues,voiture,1,2,1,1,3
202200029097,2022-08-29 15:22:00,2022,8,29,15,22,83,83137,A50,43.12525,5.90767,Plein jour,Hors agglomération,Hors intersection,Normale,Deux véhicules - côté,1,3,4,0,1,1,1,0,1,90,2,2,1,0,1,0,54.0,54.0,deux_roues,utilitaire_camion,1,1,1,1,3
202200029098,2022-08-30 17:10:00,2022,8,30,17,10,69,69034,Boulevard Périphérique Nord ,45.7934743368,4.8755344748,Plein jour,Hors agglomération,Hors intersection,Pluie légère,Deux véhicules - arrière,4,3,6,0,1,3,2,2,1,70,2,2,1,0,0,1,40.0,38.0,voiture,voiture,1,1,1,2,2
202200029099,2022-08-30 05:40:00,2022,8,30,5,40,69,69290,Autoroute 43,45.7199784998,4.9360120296,Nuit sans éclairage public,Hors agglomération,Hors intersection,Normale,Deux véhicules - côté,1,3,6,0,1,1,1,0,1,90,2,2,1,0,0,1,32.0,55.0,utilitaire_camion,voiture,3,1,1,1,3
202200029100,2022-08-29 21:20:00,2022,8,29,21,20,69,69266,Boulevard Laurent Bonnevay,45.75507,4.90829,Nuit avec éclairage allumé,Hors agglomération,Hors intersection,Normale,Trois véhicules et plus - en chaîne,7,3,4,0,1,1,1,2,1,70,4,5,4,0,0,1,22.0,24.0,voiture,voiture,5,1,1,1,4
202200029101,2022-08-30 19:30:00,2022,8,30,19,30,94,94003,AUTOROUTE A6A,48.8083132183,2.3403117553,Plein jour,Hors agglomération,Hors intersection,Normale,Deux véhicules - côté,1,3,6,0,2,1,1,0,1,90,2,2,1,0,0,1,29.0,38.0,voiture,deux_roues,1,1,1,1,3
202200029102,2022-08-30 18:30:00,2022,8,30,18,30,91,91589,AUTOROUTE A6,48.677737,2.337568,Plein jour,Hors agglomération,Hors intersection,Normale,Deux véhicules - arrière,1,-1,6,0,1,1,1,0,1,110,2,2,1,0,0,1,20.0,69.0,voiture,voiture,1,1,1,1,2
202200029103,2022-08-30 15:00:00,2022,8,30,15,0,92,92050,A86,48.9153080015,2.2201101228,Plein jour,Hors agglomération,Hors intersection,Normale,Deux véhicules - côté,1,-1,2,0,1,1,1,0,1,90,2,2,1,0,0,1,22.0,32.0,deux_roues,utilitaire_camion,1,1,1,1,3
202200029104,2022-08-30 17:45:00,2022,8,30,17,45,77,77258,A4.W,48.8311081155,2.6383618217,Plein jour,Hors agglomération,Hors intersection,Normale,Deux véhicules - arrière,1,3,4,0,1,1,1,0,1,110,2,2,1,0,0,1,25.0,44.0,deux_roues,voiture,1,1,1,1,2
202200029105,2022-08-30 14:15:00,2022,8,30,14,15,94,94069,A4,48.8165048505,2.4525248344,Plein jour,Hors agglomération,Hors intersection,Normale,Deux véhicules - côté,1,1,3,0,1,2,1,0,1,90,2,2,1,0,0,1,50.0,26.0,deux_roues,voiture,1,1,1,1,3
202200029106,2022-01-09 11:15:00,2022,1,9,11,15,14,14118,Rue des Bouviers,49.162573,-0.348504,Plein jour,En agglomération,Intersection en X,Normale,Sans collision,4,2,2,-1,1,1,1,0,1,-1,1,2,0,0,1,0,,,voiture,,1,2,2,1,7
202200029107,2022-02-10 12:30:00,2022,2,10,12,30,73,73171,D201 Avenue Paul Louis Merlin,45.503553,6.054025,Plein jour,En agglomération,Giratoire,Normale,Autre collision,3,2,4,0,2,1,1,5,1,50,1,3,0,0,1,2,28.0,,utilitaire_camion,,1,2,6,1,6
202200029108,2022-02-13 19:02:00,2022,2,13,19,2,73,73270,D1006,45.551939,6.160321,Nuit sans éclairage public,Hors agglomération,Intersection en X,Normale,Deux véhicules - côté,3,2,4,0,1,1,1,5,1,70,2,4,0,0,2,2,57.0,25.0,voiture,utilitaire_camion,3,1,2,1,3
202200029109,2022-04-17 17:00:00,2022,4,17,17,0,73,73089,D1006,45.529884,6.117598,Plein jour,Hors agglomération,Intersection en X,Normale,Deux véhicules - frontale,3,2,4,0,1,1,1,0,1,80,2,2,1,1,0,0,73.0,25.0,deux_roues,transport_commun,1,1,2,1,1
202200029110,2022-08-29 21:56:00,2022,8,29,21,56,95,95019,Avenue Charles Vaillant,48.980514,2.423474,Nuit avec éclairage allumé,En agglomération,Giratoire,Normale,Deux véhicules - côté,3,2,2,0,1,1,1,0,1,50,2,2,1,0,0,1,26.0,51.0,voiture,deux_roues,5,2,6,1,3
202200029111,2022-08-29 19:55:00,2022,8,29,19,55,68,68166,ROSE (RUE DE LA ),47.79717,7.3218,Plein jour,En agglomération,Intersection en T,Normale,Deux véhicules - frontale,4,2,2,0,1,1,1,0,1,50,2,3,1,0,0,1,35.0,,utilitaire_camion,autre,1,2,3,1,1
202200029112,2022-08-27 12:45:00,2022,8,27,12,45,76,76351,Rue Guillemard,49.499,0.09458,Plein jour,En agglomération,Intersection en X,Normale,Autre collision,4,2,2,0,1,1,1,0,1,50,1,4,1,0,0,3,74.0,,voiture,,1,2,2,1,6
202200029113,2022-05-07 10:20:00,2022,5,7,10,20,72,72228,A 11 PK 213.000,47.8343135599,-0.1375150683,Plein jour,Hors agglomération,Hors intersection,Normale,Autre collision,1,3,2,0,1,1,1,0,2,130,1,1,0,0,1,0,22.0,,deux_roues,,1,1,1,1,6
202200029114,2022-08-29 14:20:00,2022,8,29,14,20,973,97302,MADELEINE (ROUTE DE LA),4.9210376143,-52.3220577836,Plein jour,En agglomération,Hors intersection,Normale,Sans collision,3,2,2,0,1,1,1,0,1,50,2,2,1,0,0,1,41.0,40.0,deux_roues,utilitaire_camion,1,2,1,1,7
202200029115,2022-08-29 07:10:00,2022,8,29,7,10,973,97302,TROUBIRAN (CHEMIN DE),4.92988,-52.30412,Plein jour,En agglomération,Intersection en T,Normale,Deux véhicules - côté,3,2,2,0,1,1,1,0,1,50,2,2,1,0,0,1,70.0,,deux_roues,deux_roues,1,2,3,1,3
202200029116,2022-08-29 13:10:00,2022,8,29,13,10,69,69387,Rue Sébastien Gryphe,45.75339,4.84527,Plein jour,En agglomération,Hors intersection,Normale,Autre collision,4,1,1,2,1,1,1,0,1,30,1,2,1,0,0,1,42.0,,voiture,,1,2,1,1,6
202200029117,2022-08-28 08:23:00,2022,8,28,8,23,2B,2B033,ST FLORENT-ANCIENNE RT DE,42.68468,9.41671,Crépuscule ou aube,Hors agglomération,Hors intersection,Normale,Deux véhicules - frontale,3,2,2,0,2,4,1,0,1,70,1,2,1,0,0,1,25.0,,voiture,,2,1,1,1,1
202200029118,2022-08-29 21:48:00,2022,8,29,21,48,2A,2A004,ROUTE DU STILETTO,41.9456684452,8.7699072365,Nuit avec éclairage allumé,En agglomération,Place,Normale,Deux véhicules - côté,3,2,2,0,2,1,1,0,1,50,2,2,1,0,0,1,41.0,21.0,deux_roues,voiture,5,2,7,1,3
202200029119,2022-08-26 13:00:00,2022,8,26,13,0,95,95277,Rue Galande,48.983273,2.448535,Plein jour,En agglomération,Hors intersection,Normale,Autre collision,4,1,1,0,1,1,1,0,1,50,1,2,1,0,0,1,53.0,,voiture,,1,2,1,1,6
202200029120,2022-08-25 17:35:00,2022,8,25,17,35,90,90010,KENNEDY (BOULEVARD),47.63375,6.83899,Plein jour,En agglomération,Autre intersection,Normale,Deux véhicules - côté,3,1,2,0,1,1,1,0,1,50,2,2,1,0,0,1,50.0,42.0,voiture,deux_roues,1,2,9,1,3
202200029121,2022-08-27 23:44:00,2022,8,27,23,44,87,87075,PERIGUEUX (ROUTE DE),45.79032,1.16937,Nuit sans éclairage public,En agglomération,Hors intersection,Normale,Autre collision,2,2,2,0,1,1,1,0,1,50,1,1,0,0,0,1,30.0,,voiture,,3,2,1,1,6
202200029122,2022-08-26 15:55:00,2022,8,26,15,55,87,87085,CLOS ROCHER (RUE DU),45.82948,1.24473,Plein jour,En agglomération,Hors intersection,Normale,Autre collision,4,2,2,0,2,1,1,0,1,30,1,2,1,0,0,1,27.0,,deux_roues,,1,2,1,1,6
202200029123,2022-08-24 12:34:00,2022,8,24,12,34,87,87085,BEL AIR (BOULEVARD DE),45.8214,1.24034,Plein jour,En agglomération,Intersection en X,Normale,Deux véhicules - côté,4,2,2,0,1,1,1,5,1,50,2,2,1,0,0,1,33.0,39.0,utilitaire_camion,voiture,1,2,2,1,3
202200029124,2022-08-22 11:30:00,2022,8,22,11,30,87,87085,BROGLIE (AVENUE LOUIS DE),45.88211,1.29014,Plein jour,En agglomération,Hors intersection,Normale,Autre collision,4,3,4,0,2,1,1,2,1,50,1,1,0,0,0,1,37.0,,utilitaire_camion,,1,2,1,1,6
202200029125,2022-08-27 19:28:00,2022,8,27,19,28,83,83129,MER (AVENUE DE LA) N°IMPAIRS,43.095124,5.833076,Crépuscule ou aube,En agglomération,Hors intersection,Normale,Deux véhicules - arrière,4,2,2,0,1,1,1,0,1,50,2,2,1,0,0,1,26.0,18.0,voiture,deux_roues,2,2,1,1,2
202200029126,2022-08-28 13:10:00,2022,8,28,13,10,76,76319,N138 - Sud 3,49.3573262763,1.0331803308,Plein jour,Hors agglomération,Hors intersection,Normale,Sans collision,2,1,2,0,1,3,1,0,1,110,1,1,0,1,0,0,20.0,,voiture,,1,1,1,1,7
202200029127,2022-08-28 02:30:00,2022,8,28,2,30,72,72181,ROUMANIE (RUE DE),47.9966971218,0.2348899839,Nuit avec éclairage allumé,En agglomération,Hors intersection,Normale,Sans collision,4,-1,2,0,1,1,1,0,1,50,1,4,3,0,0,1,,,voiture,,5,2,1,1,7
202200029128,2022-08-28 11:20:00,2022,8,28,11,20,71,71486,RD 974,46.6462037258,4.3360580206,Plein jour,Hors agglomération,Hors intersection,Normale,Sans collision,3,2,2,0,1,3,1,0,3,80,1,1,0,0,0,1,61.0,,deux_roues,,1,1,1,1,7
202200029129,2022-08-30 00:50:00,2022,8,30,0,50,69,69256,Rue Jacques Monod,45.77636,4.93992,Nuit avec éclairage allumé,En agglomération,Intersection en Y,Normale,Sans collision,4,2,2,0,1,1,1,0,1,50,1,4,3,0,1,0,18.0,,voiture,,5,2,4,1,7
202200029130,2022-08-29 08:00:00,2022,8,29,8,0,68,68066,CAVALERIE (RUE DE LA),48.08203,7.36036,Plein jour,En agglomération,Intersection en X,Normale,Deux véhicules - côté,3,1,2,1,1,1,1,0,1,50,2,2,1,0,0,1,57.0,63.0,deux_roues,voiture,1,2,2,1,3
202200029131,2022-08-27 13:30:00,2022,8,27,13,30,67,67482,PONT SCHUHANSEN (RUE DU),48.54099,7.76001,Plein jour,En agglomération,Hors intersection,Normale,Deux véhicules - arrière,4,2,4,2,1,1,1,0,1,50,2,3,2,0,0,1,24.0,63.0,voiture,voiture,1,2,1,1,2
202200029132,2022-08-26 16:35:00,2022,8,26,16,35,67,67482,OBERHAUSBERGEN (ROUTE D ),48.595,7.71035,Plein jour,En agglomération,Hors intersection,Normale,Deux véhicules - arrière,4,2,5,1,1,1,1,0,1,50,2,2,0,0,0,2,28.0,44.0,voiture,voiture,1,2,1,1,2
202200029133,2022-08-26 08:10:00,2022,8,26,8,10,67,67482,PETIT MARAIS (RUE DU),48.5624,7.69471,Plein jour,En agglomération,Hors intersection,Normale,Autre collision,4,3,3,0,1,1,1,0,1,50,2,2,1,0,0,1,59.0,37.0,deux_roues,voiture,1,2,1,1,6
202200029134,2022-08-26 16:47:00,2022,8,26,16,47,66,66136,,42.70466,2.88848,Plein jour,En agglomération,Intersection en T,Normale,Deux véhicules - côté,4,1,1,0,1,1,1,0,1,50,2,2,1,0,0,1,16.0,43.0,deux_roues,voiture,1,2,3,1,3
202200029135,2022-08-28 16:24:00,2022,8,28,16,24,63,63075,GAMBETTA (BOULEVARD),45.7685980937,3.0612748861,Plein jour,En agglomération,Hors intersection,Normale,Autre collision,7,2,2,0,1,1,1,0,4,30,1,2,1,0,0,1,,,voiture,,1,2,1,1,6
202200029136,2022-08-29 13:10:00,2022,8,29,13,10,61,61001,QUAKENBRUCK (AVENUE DE ),48.44358,0.11079,Plein jour,En agglomération,Hors intersection,Normale,Deux véhicules - côté,3,2,2,0,1,1,1,0,1,50,2,3,1,0,0,2,21.0,42.0,voiture,voiture,1,2,1,1,3
202200029137,2022-07-29 21:25:00,2022,7,29,21,25,59,59599,STRASBOURG (RUE DE),50.7152220359,3.1514078379,Crépuscule ou aube,En agglomération,Hors intersection,Normale,Autre collision,4,1,1,0,1,1,1,0,1,50,1,2,1,0,0,1,31.0,,voiture,,2,2,1,1,6
202200029138,2022-08-29 15:40:00,2022,8,29,15,40,59,59599,TONTON (RUE DU MOULIN),50.7148495388,3.1694456935,Plein jour,En agglomération,Hors intersection,Normale,Autre collision,4,1,1,0,1,2,1,0,4,30,1,2,1,0,0,1,,,voiture,,1,2,1,1,6
202200029139,2022-08-20 19:30:00,2022,8,20,19,30,59,59350,GRAND BUT RUE DU,50.6487983432,2.9752993584,Plein jour,En agglomération,Intersection en Y,Normale,Deux véhicules - côté,7,4,1,0,1,1,1,0,1,50,2,2,1,0,0,1,60.0,19.0,utilitaire_camion,deux_roues,1,2,4,1,3
202200029140,2022-08-25 23:15:00,2022,8,25,23,15,52,52448,REPUBLIQUE (AVE DE LA) N° 2 A 88,48.637458,4.943369,Nuit avec éclairage allumé,En agglomération,Intersection en T,Normale,Deux véhicules - côté,3,-1,3,0,1,1,1,5,1,50,2,2,1,0,0,1,17.0,23.0,voiture,deux_roues,5,2,3,1,3
202200029141,2022-08-29 17:40:00,2022,8,29,17,40,51,51454,rue Chanzy,49.2512086352,4.0343776345,Plein jour,En agglomération,Intersection en X,Normale,Deux véhicules - côté,4,1,3,3,2,1,1,0,6,50,2,2,1,0,0,1,50.0,40.0,deux_roues,voiture,1,2,2,1,3
202200029142,2022-08-28 03:27:00,2022,8,28,3,27,49,49353,A87N,47.45269,-0.51469,Nuit sans éclairage public,En agglomération,Hors intersection,Normale,Deux véhicules - arrière,1,3,6,0,1,1,1,0,1,130,2,2,1,0,0,1,,61.0,autre,voiture,3,2,1,1,2
202200029143,2022-08-29 07:57:00,2022,8,29,7,57,49,49015,PETIT LIMOGES LIEU DIT LE,47.519307,-0.587362,Plein jour,En agglomération,Hors intersection,Normale,Autre collision,4,4,1,0,1,1,1,0,1,50,1,1,0,0,0,1,45.0,,voiture,,1,2,1,1,6
202200029144,2022-08-26 19:08:00,2022,8,26,19,8,45,45068,40 Rue du Château,48.015665,2.732727,Plein jour,En agglomération,Hors intersection,Normale,Sans collision,4,2,2,0,1,1,1,0,1,50,1,1,0,0,0,1,15.0,,deux_roues,,1,2,1,1,7
202200029145,2022-08-29 16:55:00,2022,8,29,16,55,44,44035,N844,47.25666,-1.54209,Plein jour,Hors agglomération,Hors intersection,Normale,Deux véhicules - arrière,2,3,4,0,1,1,1,0,1,70,2,2,1,0,1,0,49.0,25.0,voiture,voiture,1,1,1,1,2
202200029146,2022-08-29 20:20:00,2022,8,29,20,20,42,42187,Rue Alsace Lorraine,46.03647,4.06839,Crépuscule ou aube,En agglomération,Hors intersection,Normale,Deux véhicules - arrière,4,1,3,0,1,1,1,0,1,30,2,4,1,0,0,3,33.0,28.0,voiture,voiture,2,2,1,1,2
202200029147,2022-08-29 13:28:00,2022,8,29,13,28,37,37233,DUCLOS (AVENUE JACQUES),47.38115,0.74803,Plein jour,Hors agglomération,Hors intersection,Normale,Deux véhicules - côté,7,2,0,0,1,1,1,0,1,70,2,2,1,0,0,1,26.0,54.0,voiture,deux_roues,1,1,1,1,3
202200029148,2022-08-29 09:00:00,2022,8,29,9,0,37,37214,MAISONS BLANCHES (QUAI DES),47.395476875,0.6563687325,Plein jour,En agglomération,Intersection en Y,Normale,Autre collision,4,2,3,0,1,1,1,5,1,50,3,3,2,0,0,1,61.0,42.0,voiture,deux_roues,1,2,4,1,6
202200029149,2022-08-29 19:00:00,2022,8,29,19,0,35,35238,GERARD (MICHEL),48.0928992873,-1.6398945451,Plein jour,En agglomération,Giratoire,Normale,Deux véhicules - côté,4,3,2,0,1,1,1,0,1,50,2,2,1,0,0,1,56.0,15.0,voiture,deux_roues,1,2,6,1,3
202200029150,2022-08-29 19:25:00,2022,8,29,19,25,33,33167,Chemin Richelieu,44.8353594801,-0.5404248834,Plein jour,En agglomération,Hors intersection,Normale,Deux véhicules - côté,4,2,1,0,1,1,1,0,5,50,2,2,1,0,0,1,31.0,35.0,deux_roues,voiture,1,2,1,1,3
202200029151,2022-08-29 14:10:00,2022,8,29,14,10,33,33063,Allée Serr,44.84284,-0.55936,Plein jour,En agglomération,Hors intersection,Normale,Autre collision,4,1,2,3,1,1,1,0,1,50,1,2,1,0,0,1,63.0,,voiture,,1,2,1,1,6
202200029152,2022-08-29 10:19:00,2022,8,29,10,19,33,33522,Cours de la Libération,44.79478,-0.60454,Plein jour,En agglomération,Hors intersection,Normale,Autre collision,4,3,4,1,1,1,1,0,1,50,1,2,1,0,0,1,61.0,,voiture,,1,2,1,1,6
202200029153,2022-08-29 06:00:00,2022,8,29,6,0,31,31555,Route d'Agde,43.627166,1.478639,Nuit avec éclairage allumé,En agglomération,Hors intersection,Normale,Deux véhicules - côté,7,3,1,0,3,1,1,2,1,50,2,2,0,1,0,1,61.0,25.0,deux_roues,voiture,5,2,1,1,3
202200029154,2022-08-29 12:10:00,2022,8,29,12,10,27,27681,IVRY (ROUTE D'),49.07944,1.47543,Plein jour,En agglomération,Intersection en T,Normale,Autre collision,4,2,0,0,1,1,1,0,4,30,1,1,0,1,0,0,38.0,,voiture,,1,2,3,1,6
202200029155,2022-08-29 10:30:00,2022,8,29,10,30,17,17274,LANGEVIN   AVENUE PAUL,46.1601,-1.1024,Plein jour,En agglomération,Giratoire,Normale,Deux véhicules - côté,3,1,2,2,1,1,1,9,8,50,2,2,1,0,0,1,28.0,72.0,voiture,deux_roues,1,2,6,1,3
202200029156,2022-04-16 05:20:00,2022,4,16,5,20,76,76533,Route de Saint Aubin,49.50955,0.272748,Nuit sans éclairage public,Hors agglomération,Hors intersection,Normale,Sans collision,4,2,2,0,1,1,1,0,3,80,1,2,1,0,0,1,,,deux_roues,,3,1,1,1,7
202200029157,2022-03-22 05:40:00,2022,3,22,5,40,60,60589,D 1016,49.2157451039,2.4654436109,Crépuscule ou aube,Hors agglomération,Hors intersection,Normale,Autre collision,3,3,2,0,1,1,1,0,3,110,1,1,0,0,1,0,62.0,,voiture,,2,1,1,1,6
202200029158,2022-04-16 14:20:00,2022,4,16,14,20,59,59029,Rue de la Froidure,50.484641,3.185885,Plein jour,Hors agglomération,Hors intersection,Normale,Sans collision,4,-1,1,0,1,3,1,0,1,-1,1,1,0,0,0,1,27.0,,deux_roues,,1,1,1,1,7
202200029159,2022-04-14 08:20:00,2022,4,14,8,20,83,83062,A57,43.1437595812,6.022524476,Plein jour,Hors agglomération,Hors intersection,Normale,Trois véhicules et plus - en chaîne,1,3,5,0,1,1,1,8,1,70,4,4,3,0,0,1,41.0,52.0,voiture,utilitaire_camion,1,1,1,1,4
202200029160,2022-04-14 06:15:00,2022,4,14,6,15,94,94076,AUTOROUTE A6B,48.7950670141,2.3452843,Crépuscule ou aube,Hors agglomération,Hors intersection,Normale,Autre collision,1,1,2,0,1,1,1,0,1,70,1,1,0,0,0,1,40.0,,voiture,,2,1,1,1,6
202200029161,2022-04-14 19:50:00,2022,4,14,19,50,78,78466,A13,48.92616,1.99694,Crépuscule ou aube,Hors agglomération,Hors intersection,Normale,Deux véhicules - arrière,1,1,1,0,2,1,1,3,1,70,2,3,1,0,0,2,32.0,36.0,voiture,voiture,2,1,1,1,2