accident_id,datetime,annee,mois,jour,heure,minute,departement,commune_insee,adresse,latitude,longitude,luminosite,agglomeration,intersection,meteo,collision,catr,circ,nbv,vosp,prof,plan,surf,infra,situ,vma,nb_vehicules,nb_usagers,nb_indemnes,nb_tues,nb_blesses_hosp,nb_blesses_legers,age_cond_1,age_cond_2,veh_type_cond_1,veh_type_cond_2,lum_code,agg_code,int_code,atm_code,col_code
202200029438,2022-01-24 08:40:00,2022,1,24,8,40,59,59196,AUTOROUTE A25,50.6471452201,2.9260271788,Plein jour,Hors agglomération,Hors intersection,Normale,Trois véhicules et plus - en chaîne,1,-1,4,0,1,1,1,0,1,90,4,4,3,0,0,1,39.0,27.0,voiture,voiture,1,1,1,1,4
202200029439,2022-06-19 17:00:00,2022,6,19,17,0,37,37261,BORDEAUX (AVENUE DE),47.3597558226,0.6975916028,Plein jour,En agglomération,Intersection en X,Normale,Deux véhicules - côté,4,2,4,0,1,1,1,0,1,50,2,5,4,0,0,1,53.0,29.0,voiture,voiture,1,2,2,1,3
202200029440,2022-01-25 19:20:00,2022,1,25,19,20,91,91521,RN 441,48.635886,2.401045,Nuit sans éclairage public,Hors agglomération,Hors intersection,Normale,Sans collision,2,1,3,0,1,1,1,0,1,70,1,1,0,0,0,1,31.0,,voiture,,3,1,1,1,7
202200029441,2022-04-14 15:45:00,2022,4,14,15,45,05,05004,Chemin de Roanne,44.622961,6.214957,Plein jour,En agglomération,Hors intersection,Normale,Autre collision,4,2,2,0,1,1,1,0,1,50,1,1,0,1,0,0,75.0,,voiture,,1,2,1,1,6
202200029442,2022-06-19 17:49:00,2022,6,19,17,49,33,33063,Cours d'Albret,44.8346443047,-0.5803200603,Plein jour,En agglomération,Intersection en T,Normale,Deux véhicules - côté,4,2,4,3,1,1,1,5,1,50,2,3,1,0,1,1,72.0,33.0,voiture,deux_roues,1,2,3,1,3
202200029443,2022-01-24 18:30:00,2022,1,24,18,30,78,78423,RN12,48.79639,2.0323,Nuit sans éclairage public,Hors agglomération,Hors intersection,Normale,Trois véhicules et plus - collisions multiples,2,1,2,0,1,1,1,0,1,110,3,3,2,0,0,1,26.0,48.0,utilitaire_camion,deux_roues,3,1,1,1,5
202200029444,2022-06-18 17:00:00,2022,6,18,17,0,31,31555,BD LAZARE CARNOT,43.60297,1.45145,Plein jour,En agglomération,Hors intersection,Normale,Deux véhicules - côté,4,3,4,3,1,1,1,0,1,50,2,3,1,0,1,1,58.0,23.0,deux_roues,voiture,1,2,1,1,3
202200029445,2022-04-07 08:15:00,2022,4,7,8,15,60,60509,Rue Voltaire,49.307294,2.604285,Plein jour,En agglomération,Intersection en T,Normale,Autre collision,3,2,2,0,1,1,1,0,1,50,1,2,1,0,0,1,78.0,,voiture,,1,2,3,1,6
202200029446,2022-01-25 19:00:00,2022,1,25,19,0,95,95042,RN 104,49.0612613803,2.3119488358,Nuit sans éclairage public,Hors agglomération,Hors intersection,Normale,Deux véhicules - côté,2,3,4,0,1,1,1,0,1,90,2,2,1,0,0,1,53.0,43.0,voiture,voiture,3,1,1,1,3
202200029447,2022-06-18 19:45:00,2022,6,18,19,45,29,29039,D783 - Keramperu,47.8894,-3.91556,Plein jour,Hors agglomération,Intersection en Y,Pluie légère,Sans collision,3,2,2,0,1,3,2,0,3,70,1,2,0,0,0,2,21.0,,voiture,,1,1,4,2,7
202200029448,2022-01-25 14:40:00,2022,1,25,14,40,93,93066,AUTOROUTE A1,48.902210143,2.3586907111,Plein jour,Hors agglomération,Hors intersection,Normale,Deux véhicules - arrière,1,-1,10,0,1,1,1,0,1,70,2,2,1,0,0,1,38.0,31.0,voiture,deux_roues,1,1,1,1,2
202200029449,2022-06-19 16:40:00,2022,6,19,16,40,27,27299,RN 154,49.05712,1.17502,Plein jour,Hors agglomération,Hors intersection,Normale,Autre collision,2,3,2,0,1,1,1,0,3,110,1,1,0,0,0,1,26.0,,voiture,,1,1,1,1,6
202200029450,2022-06-17 18:30:00,2022,6,17,18,30,25,25056,VESOUL RUE DE (sup 52),47.254226,6.015201,Plein jour,En agglomération,Hors intersection,Normale,Deux véhicules - côté,3,3,2,0,2,1,1,0,4,50,2,2,1,0,0,1,19.0,37.0,deux_roues,voiture,1,2,1,1,3
202200029451,2022-01-25 14:30:00,2022,1,25,14,30,93,93008,AUTOROUTE A86,48.9127345676,2.4368072152,Plein jour,Hors agglomération,Hors intersection,Normale,Deux véhicules - arrière,1,3,4,0,1,1,1,0,1,90,2,3,0,0,0,3,61.0,40.0,voiture,voiture,1,1,1,1,2
202200029452,2022-06-18 13:30:00,2022,6,18,13,30,13,13117,ROUTE DEPARTEMENTALE 20,43.4421,5.23279,Plein jour,Hors agglomération,Hors intersection,Normale,Deux véhicules - arrière,3,3,4,0,2,1,1,0,1,90,2,3,0,0,2,0,,39.0,voiture,deux_roues,1,1,1,1,2
202200029453,2022-01-25 01:35:00,2022,1,25,1,35,95,95277,A1,48.9733416161,2.4870246649,Nuit sans éclairage public,Hors agglomération,Hors intersection,Normale,Deux véhicules - arrière,1,3,6,0,1,1,7,0,1,110,2,2,0,0,1,1,45.0,36.0,utilitaire_camion,voiture,3,1,1,1,2
202200029454,2022-06-19 08:05:00,2022,6,19,8,5,13,13210,FLORIAN (AVENUE),43.2828560763,5.427223286,Plein jour,En agglomération,Hors intersection,Normale,Deux véhicules - côté,4,3,3,0,1,1,1,3,1,50,2,3,1,0,0,2,61.0,37.0,voiture,voiture,1,2,1,1,3
202200029455,2022-04-15 16:04:00,2022,4,15,16,4,45,45327,D11,47.9442398984,2.1209120751,Plein jour,Hors agglomération,Hors intersection,Normale,Deux véhicules - côté,3,2,2,0,1,2,1,0,1,80,2,2,1,0,1,0,28.0,25.0,voiture,deux_roues,1,1,1,1,3
202200029456,2022-01-25 10:30:00,2022,1,25,10,30,94,94017,A4,48.82896,2.49984,Plein jour,Hors agglomération,Hors intersection,Temps couvert,Deux véhicules - arrière,1,3,10,0,1,1,1,0,1,90,2,2,1,0,0,1,23.0,56.0,deux_roues,utilitaire_camion,1,1,1,8,2
202200029457,2022-04-15 02:00:00,2022,4,15,2,0,18,18141,08 Rue Gilbert Demay,47.14454,2.220995,Nuit avec éclairage allumé,En agglomération,Intersection en Y,Normale,Deux véhicules - frontale,4,1,2,0,1,2,1,0,1,50,2,2,0,0,1,1,18.0,18.0,deux_roues,deux_roues,5,2,4,1,1
202200029458,2022-06-19 16:35:00,2022,6,19,16,35,06,06069,DRAGUIGNAN (ROUTE DE) - D2562-,43.645387,6.902684,Plein jour,En agglomération,Hors intersection,Normale,Trois véhicules et plus - collisions multiples,3,2,2,0,2,3,1,0,1,50,3,8,4,0,0,4,81.0,20.0,voiture,voiture,1,2,1,1,5
202200029459,2022-06-19 20:20:00,2022,6,19,20,20,06,06029,CARNOT (BOULEVARD),43.55566,7.01695,Plein jour,En agglomération,Hors intersection,Normale,Deux véhicules - côté,4,2,4,3,2,1,1,0,1,50,2,2,1,0,0,1,37.0,28.0,voiture,deux_roues,1,2,1,1,3
202200029460,2022-01-23 06:15:00,2022,1,23,6,15,75,75119,PORTE DES LILAS,48.880877,2.404097,Nuit avec éclairage allumé,En agglomération,Intersection en Y,Normale,Autre collision,4,1,4,0,1,1,1,0,1,70,1,1,0,0,0,1,35.0,,voiture,,5,2,4,1,6
202200029461,2022-01-23 00:22:00,2022,1,23,0,22,75,75120,ECHANGEUR BAGNOLET,48.8646630043,2.4123197794,Nuit avec éclairage allumé,En agglomération,Hors intersection,Normale,Autre collision,4,1,2,0,1,2,2,0,1,50,1,1,0,0,0,1,24.0,,deux_roues,,5,2,1,1,6
202200029462,2022-04-13 16:00:00,2022,4,13,16,0,16,16174,Route des Marcasses,45.692837,-0.229544,Plein jour,Hors agglomération,Hors intersection,Normale,Autre collision,3,2,2,0,1,1,1,0,1,50,1,2,0,0,0,2,51.0,,deux_roues,,1,1,1,1,6
202200029463,2022-06-18 18:40:00,2022,6,18,18,40,75,75106,RUE DE SEINE,48.851466,2.337062,Plein jour,En agglomération,Intersection en X,Normale,Deux véhicules - côté,4,2,2,0,1,1,1,0,1,30,2,3,1,0,0,2,44.0,22.0,deux_roues,voiture,1,2,2,1,3
202200029464,2022-01-23 23:05:00,2022,1,23,23,5,75,75117,BOULEVARD BERTHIER,48.888084,2.299672,Nuit avec éclairage allumé,En agglomération,Intersection en X,Normale,Autre collision,4,1,2,0,1,1,1,8,1,30,1,1,0,0,0,1,37.0,,deux_roues,,5,2,2,1,6
202200029465,2022-06-19 18:10:00,2022,6,19,18,10,75,75120,RUE DES PYRENEES,48.871661,2.392311,Plein jour,En agglomération,Intersection en X,Normale,Sans collision,4,2,3,1,2,1,1,-1,5,30,1,1,0,0,0,1,29.0,,deux_roues,,1,2,2,1,7
202200029466,2022-01-23 19:25:00,2022,1,23,19,25,75,75117,RUE DE ROME,48.882217,2.320376,Nuit avec éclairage allumé,En agglomération,Intersection en X,Normale,Sans collision,4,2,4,1,1,1,1,0,1,50,1,1,0,0,0,1,22.0,,deux_roues,,5,2,2,1,7
202200029467,2022-06-19 06:00:00,2022,6,19,6,0,75,75119,BOULEVARD MACDONALD,48.898256,2.386106,Plein jour,En agglomération,Intersection en T,Normale,Sans collision,4,1,1,0,1,3,1,0,1,30,1,1,0,0,0,1,29.0,,deux_roues,,1,2,3,1,7
202200029468,2022-01-23 22:20:00,2022,1,23,22,20,75,75115,RUE DE LA CROIX NIVERT,48.841477,2.29239,Nuit avec éclairage allumé,En agglomération,Hors intersection,Normale,Autre collision,4,2,2,0,1,1,1,0,1,30,1,2,1,0,0,1,,,deux_roues,,5,2,1,1,6
202200029469,2022-04-14 17:45:00,2022,4,14,17,45,24,24547,rue des plantes,45.131519,1.281774,Plein jour,En agglomération,Intersection en T,Normale,Deux véhicules - côté,3,2,2,0,1,1,1,0,1,50,2,4,3,0,0,1,56.0,49.0,voiture,utilitaire_camion,1,2,3,1,3
202200029470,2022-06-19 09:45:00,2022,6,19,9,45,75,75117,AVENUE DE CLICHY,48.891559,2.318502,Plein jour,En agglomération,Intersection en X,Pluie légère,Deux véhicules - côté,4,2,3,3,2,1,2,0,1,30,2,2,1,0,0,1,42.0,30.0,deux_roues,voiture,1,2,2,2,3
202200029471,2022-01-23 13:40:00,2022,1,23,13,40,75,75115,RUE DE LA CONVENTION,48.838338,2.294008,Plein jour,En agglomération,Intersection en T,Normale,Deux véhicules - côté,4,2,2,0,1,1,1,0,1,30,2,2,1,0,0,1,53.0,34.0,voiture,deux_roues,1,2,3,1,3
202200029472,2022-04-14 06:25:00,2022,4,14,6,25,88,88054,N159,48.273414,7.052874,Crépuscule ou aube,Hors agglomération,Hors intersection,Normale,Deux véhicules - frontale,2,2,2,0,1,1,1,0,1,80,2,2,1,0,1,0,37.0,48.0,voiture,utilitaire_camion,2,1,1,1,1
202200029473,2022-06-19 11:30:00,2022,6,19,11,30,75,75116,BOULEVARD MURAT,48.84602,2.257882,Plein jour,En agglomération,Hors intersection,Normale,Deux véhicules - côté,4,2,6,0,1,1,1,0,1,30,2,2,1,0,0,1,47.0,55.0,voiture,deux_roues,1,2,1,1,3
202200029474,2022-06-19 17:30:00,2022,6,19,17,30,75,75115,RUE DE LOURMEL,48.838992,2.282265,Plein jour,En agglomération,Intersection en Y,Normale,Deux véhicules - côté,4,1,1,0,1,1,1,0,1,30,2,2,0,0,0,2,62.0,8.0,deux_roues,deux_roues,1,2,4,1,3
202200029475,2022-04-15 10:00:00,2022,4,15,10,0,67,67536,Route d Obersteinbach,48.99159,7.670998,Plein jour,Hors agglomération,Hors intersection,Temps éblouissant,Deux véhicules - frontale,3,2,2,0,1,1,1,0,1,80,2,2,0,0,1,1,55.0,24.0,voiture,voiture,1,1,1,7,1
202200029476,2022-01-24 10:30:00,2022,1,24,10,30,75,75114,RUE DIDOT,48.827778,2.31521,Plein jour,En agglomération,Intersection en T,Normale,Deux véhicules - côté,4,1,2,1,1,1,1,0,1,30,2,2,1,0,0,1,28.0,56.0,deux_roues,utilitaire_camion,1,2,3,1,3
202200029477,2022-06-19 17:25:00,2022,6,19,17,25,75,75115,QUAI D ISSY LES MOULINEAUX,48.835027,2.265902,Plein jour,En agglomération,Hors intersection,Normale,Deux véhicules - arrière,4,1,2,0,1,1,1,0,1,30,2,3,2,0,0,1,61.0,30.0,voiture,deux_roues,1,2,1,1,2
202200029478,2022-06-19 12:50:00,2022,6,19,12,50,75,75115,RUE DE LOURMEL,48.845657,2.287997,Plein jour,En agglomération,Intersection en X,Normale,Autre collision,4,1,1,0,1,1,1,0,1,30,1,2,1,0,0,1,40.0,,deux_roues,,1,2,2,1,6
202200029479,2022-06-19 17:30:00,2022,6,19,17,30,75,75107,QUAI BRANLY,48.857808,2.291715,Plein jour,En agglomération,Hors intersection,Normale,Deux véhicules - côté,4,1,4,1,1,1,1,-1,5,30,2,2,1,0,0,1,27.0,53.0,deux_roues,voiture,1,2,1,1,3
202200029480,2022-01-24 09:20:00,2022,1,24,9,20,75,75113,AVENUE DE LA PORTE DE VITRY,48.822882,2.377855,Plein jour,En agglomération,Intersection en T,Normale,Deux véhicules - côté,4,2,2,1,1,1,1,-1,5,30,2,2,1,0,0,1,33.0,65.0,deux_roues,deux_roues,1,2,3,1,3
202200029481,2022-06-19 02:45:00,2022,6,19,2,45,75,75104,PLACE DE LA BASTILLE,48.853207,2.368715,Nuit avec éclairage allumé,En agglomération,Place,Normale,Deux véhicules - côté,4,1,2,0,1,1,1,0,1,50,2,5,4,0,0,1,32.0,23.0,deux_roues,voiture,5,2,7,1,3
202200029482,2022-04-15 01:25:00,2022,4,15,1,25,60,60082,A16,49.6760135081,2.2114019391,Nuit sans éclairage public,Hors agglomération,Hors intersection,Normale,Deux véhicules - arrière,1,1,4,0,1,1,1,0,1,130,2,3,2,0,1,0,23.0,36.0,utilitaire_camion,utilitaire_camion,3,1,1,1,2
202200029483,2022-01-24 01:20:00,2022,1,24,1,20,75,75113,BOULEVARD VINCENT AURIOL,48.837354,2.37384,Nuit avec éclairage allumé,En agglomération,Intersection en X,Normale,Deux véhicules - côté,4,2,2,1,2,1,1,-1,5,30,2,2,1,0,0,1,30.0,40.0,deux_roues,voiture,5,2,2,1,3
202200029484,2022-06-19 19:50:00,2022,6,19,19,50,94,94076,MAXIME GORKI (BD),48.793417,2.3692,Plein jour,En agglomération,Hors intersection,Normale,Deux véhicules - côté,3,1,2,3,1,1,1,0,1,50,2,2,1,0,0,1,44.0,34.0,voiture,deux_roues,1,2,1,1,3
202200029485,2022-04-15 13:40:00,2022,4,15,13,40,13,13044,D 69 PK 06+400,43.60883,5.016396,Plein jour,Hors agglomération,Hors intersection,Normale,Deux véhicules - frontale,3,2,2,0,1,1,1,0,1,-1,2,2,1,0,1,0,49.0,45.0,voiture,utilitaire_camion,1,1,1,1,1
202200029486,2022-06-19 02:20:00,2022,6,19,2,20,94,94022,Rue Pompadour,48.767145,2.423814,Nuit avec éclairage allumé,En agglomération,Hors intersection,Normale,Deux véhicules - côté,4,1,2,0,1,1,1,0,1,50,2,3,2,0,1,0,23.0,22.0,deux_roues,utilitaire_camion,5,2,1,1,3
202200029487,2022-01-24 15:20:00,2022,1,24,15,20,75,75102,RUE ETIENNE MARCEL,48.864791,2.345166,Plein jour,En agglomération,Intersection en X,Normale,Deux véhicules - côté,4,2,3,3,1,1,1,0,1,30,2,2,1,0,0,1,66.0,51.0,deux_roues,deux_roues,1,2,2,1,3
202200029488,2022-01-21 00:05:00,2022,1,21,0,5,75,75104,RUE DE LOBAU,48.855346,2.352815,Nuit avec éclairage allumé,En agglomération,Intersection en T,Normale,Sans collision,4,2,3,0,1,2,1,0,1,30,1,1,0,0,0,1,38.0,,deux_roues,,5,2,3,1,7
202200029489,2022-06-19 17:10:00,2022,6,19,17,10,94,94069,15 Rue du Maréchal Leclerc,48.81819,2.42111,Plein jour,En agglomération,Hors intersection,Normale,Deux véhicules - côté,4,1,1,0,1,1,1,0,1,30,2,2,1,0,0,1,44.0,22.0,voiture,deux_roues,1,2,1,1,3
202200029490,2022-04-14 16:45:00,2022,4,14,16,45,95,95151,Chemin vicinal 2,49.063969,2.268012,Plein jour,Hors agglomération,Hors intersection,Normale,Deux véhicules - frontale,9,2,2,0,1,1,1,0,1,80,2,2,0,0,1,1,54.0,30.0,voiture,deux_roues,1,1,1,1,1
202200029491,2022-01-24 09:55:00,2022,1,24,9,55,94,94081,Quai Jules Guesde,48.783367,2.4178,Plein jour,En agglomération,Intersection en X,Normale,Deux véhicules - côté,3,3,2,0,1,1,1,0,1,50,2,3,2,0,0,1,58.0,67.0,deux_roues,utilitaire_camion,1,2,2,1,3
202200029492,2022-06-19 07:00:00,2022,6,19,7,0,94,94004,Avenue du Général Leclerc / Rue de Valenton,48.74693,2.51022,Plein jour,En agglomération,Intersection en X,Pluie légère,Autre collision,2,2,4,0,2,1,2,0,3,50,1,4,0,0,0,4,21.0,,voiture,,1,2,2,2,6
202200029493,2022-04-15 14:38:00,2022,4,15,14,38,17,17050,A10,45.458279,-0.617509,Plein jour,Hors agglomération,Hors intersection,Normale,Deux véhicules - côté,1,3,4,0,1,1,1,0,1,130,2,3,1,0,2,0,64.0,75.0,utilitaire_camion,voiture,1,1,1,1,3
202200029494,2022-06-19 18:55:00,2022,6,19,18,55,93,93064,Allee des Tilleuls,48.8750057234,2.4704663157,Plein jour,En agglomération,Hors intersection,Normale,Autre collision,4,3,2,0,4,1,1,0,8,30,1,1,0,0,0,1,64.0,,utilitaire_camion,,1,2,1,1,6
202200029495,2022-01-24 17:57:00,2022,1,24,17,57,94,94078,192 Rue de Paris,48.739041,2.44686,Nuit sans éclairage public,En agglomération,Hors intersection,Normale,Deux véhicules - arrière,2,2,2,0,1,1,1,0,1,50,2,2,1,0,0,1,25.0,32.0,voiture,voiture,3,2,1,1,2
202200029496,2022-06-17 16:40:00,2022,6,17,16,40,93,93008,Place de l’Europe,48.90941,2.47189,Plein jour,En agglomération,Place,Normale,Deux véhicules - côté,4,2,2,0,1,1,1,0,1,50,2,2,1,0,0,1,22.0,16.0,voiture,deux_roues,1,2,7,1,3
202200029497,2022-01-24 16:15:00,2022,1,24,16,15,94,94042,Avenue Jean Jaurès,48.82179,2.46456,Plein jour,En agglomération,Autre intersection,Normale,Deux véhicules - arrière,3,1,2,0,1,1,1,0,5,50,2,2,1,0,0,1,42.0,20.0,transport_commun,deux_roues,1,2,9,1,2
202200029498,2022-01-24 11:40:00,2022,1,24,11,40,94,94076,132 Avenue de Stalingrad,48.781513,2.367052,Plein jour,En agglomération,Hors intersection,Normale,Deux véhicules - côté,3,2,4,1,1,1,1,0,1,50,2,2,1,0,0,1,32.0,34.0,utilitaire_camion,deux_roues,1,2,1,1,3
202200029499,2022-06-19 22:20:00,2022,6,19,22,20,93,93001,Rue du Docteur Pesque / Rue Achille Domart,48.9137715143,2.382993638,Nuit avec éclairage non allumé,En agglomération,Intersection en X,Pluie forte,Deux véhicules - frontale,4,1,1,0,1,1,2,0,1,50,2,2,1,0,0,1,27.0,19.0,deux_roues,voiture,4,2,2,3,1
202200029500,2022-06-19 20:00:00,2022,6,19,20,0,93,93001,Rue Edouard Poisson,48.9109,2.38226,Plein jour,En agglomération,Hors intersection,Normale,Trois véhicules et plus - collisions multiples,4,2,2,0,1,1,1,0,1,50,3,3,2,0,0,1,21.0,45.0,voiture,voiture,1,2,1,1,5
202200029501,2022-01-24 18:00:00,2022,1,24,18,0,94,94077,Cours de Verdun / Rue Charles Nungesser,48.73367,2.40577,Nuit avec éclairage allumé,En agglomération,Intersection en X,Normale,Autre collision,3,2,3,2,1,1,1,0,1,50,1,2,1,0,0,1,32.0,,utilitaire_camion,,5,2,2,1,6
202200029502,2022-04-12 06:00:00,2022,4,12,6,0,971,97118,rond point de Versailles,16.218157,-61.600116,Plein jour,En agglomération,Giratoire,Normale,Deux véhicules - côté,3,2,2,0,1,2,1,9,1,70,2,2,1,0,1,0,49.0,38.0,voiture,deux_roues,1,2,6,1,3
202200029503,2022-06-19 12:35:00,2022,6,19,12,35,92,92046,STALINGRAD (BOULEVARD),48.814723598,2.2868283391,Plein jour,En agglomération,Hors intersection,Normale,Deux véhicules - côté,3,1,2,1,1,2,1,0,1,30,2,2,1,0,0,1,17.0,69.0,deux_roues,voiture,1,2,1,1,3
202200029504,2022-01-24 22:30:00,2022,1,24,22,30,94,94017,83 Avenue de la République,48.822897773,2.5104128569,Nuit avec éclairage allumé,En agglomération,Hors intersection,Normale,Deux véhicules - frontale,3,2,2,0,1,1,1,0,1,30,2,2,1,0,0,1,33.0,46.0,voiture,transport_commun,5,2,1,1,1
202200029505,2022-04-14 10:25:00,2022,4,14,10,25,34,34227,11 Rue des Plans,43.720121,4.036607,Plein jour,En agglomération,Hors intersection,Normale,Deux véhicules - frontale,4,2,2,0,2,3,1,0,1,50,2,2,1,0,1,0,65.0,41.0,deux_roues,utilitaire_camion,1,2,1,1,1
202200029506,2022-06-19 17:20:00,2022,6,19,17,20,92,92020,BLANCHARD RUE,48.7956155723,2.290453814,Plein jour,En agglomération,Hors intersection,Normale,Autre collision,4,2,2,0,1,1,1,0,1,50,1,2,1,0,0,1,41.0,,voiture,,1,2,1,1,6
202200029507,2022-01-24 17:40:00,2022,1,24,17,40,94,94017,Boulevard de Stalingrad / Boulevard des Alliés,48.829311822,2.4933318794,Nuit avec éclairage allumé,En agglomération,Intersection en T,Normale,Deux véhicules - arrière,3,3,4,0,1,1,1,5,1,50,2,2,1,0,0,1,33.0,30.0,voiture,deux_roues,5,2,3,1,2
202200029508,2022-04-11 13:00:00,2022,4,11,13,0,06,06147,1115 Route d Aspremont,43.7954,7.264372,Plein jour,En agglomération,Hors intersection,Normale,Deux véhicules - frontale,7,2,2,0,2,1,1,0,1,70,2,4,2,0,0,2,44.0,36.0,voiture,voiture,1,2,1,1,1
202200029509,2022-06-19 12:50:00,2022,6,19,12,50,92,92012,JEAN JAURES (BOULEVARD) 1/61 - COTE IMPA,48.8434979011,2.2379493713,Plein jour,En agglomération,Intersection en X,Normale,Autre collision,4,2,2,0,1,1,1,0,1,50,1,2,0,0,0,2,30.0,,deux_roues,,1,2,2,1,6
202200029510,2022-01-24 19:05:00,2022,1,24,19,5,93,93078,BALLANGER (BD ROBERT),48.95686,2.54325,Nuit avec éclairage allumé,En agglomération,Hors intersection,Normale,Autre collision,3,1,1,0,1,1,1,0,1,50,1,2,1,0,0,1,64.0,,voiture,,5,2,1,1,6
202200029511,2022-01-24 15:35:00,2022,1,24,15,35,93,93050,GENERAL DE GAULLE (AVENUE),48.8574117506,2.5322016971,Plein jour,En agglomération,Hors intersection,Normale,Deux véhicules - arrière,3,1,2,0,1,1,1,0,1,50,2,2,1,0,0,1,32.0,20.0,voiture,voiture,1,2,1,1,2
202200029512,2022-06-19 22:10:00,2022,6,19,22,10,92,92004,PONT D'ASNIERES,48.9044486051,2.288405478,Nuit avec éclairage allumé,Hors agglomération,Hors intersection,Normale,Trois véhicules et plus - en chaîne,3,-1,2,0,1,1,1,0,1,70,3,3,2,0,1,0,25.0,24.0,deux_roues,voiture,5,1,1,1,4
202200029513,2022-04-13 11:11:00,2022,4,13,11,11,13,13007,Traverse du Pas de l Ave,43.373592,5.67015,Plein jour,Hors agglomération,Intersection en T,Normale,Deux véhicules - arrière,3,2,2,0,1,1,1,0,1,80,2,2,1,0,1,0,68.0,56.0,deux_roues,voiture,1,1,3,1,2
202200029514,2022-06-20 16:30:00,2022,6,20,16,30,35,35294,Le Pont d Aval ancienne RD 177,47.709917,-1.991975,Plein jour,Hors agglomération,Hors intersection,Normale,Autre collision,4,2,2,0,1,1,1,0,3,80,1,1,0,0,1,0,30.0,,voiture,,1,1,1,1,6
202200029515,2022-01-24 14:17:00,2022,1,24,14,17,93,93064,LECLERC (RUE DU GENERAL),48.8682635512,2.4919512503,Plein jour,En agglomération,Hors intersection,Normale,Deux véhicules - côté,3,1,1,0,1,1,1,0,4,10,2,2,1,0,0,1,32.0,21.0,voiture,autre,1,2,1,1,3
202200029516,2022-04-10 17:45:00,2022,4,10,17,45,71,71448,Rue du commerce,46.382258,4.855383,Plein jour,En agglomération,Hors intersection,Normale,Deux véhicules - côté,4,2,2,0,1,2,1,0,1,50,2,2,1,0,0,1,14.0,5.0,deux_roues,deux_roues,1,2,1,1,3
202200029517,2022-01-24 08:30:00,2022,1,24,8,30,93,93008,HOTEL DE VILLE,48.90554,2.44444,Plein jour,En agglomération,Autre intersection,Normale,Autre collision,3,2,2,0,1,1,1,0,1,30,1,2,1,0,1,0,46.0,,utilitaire_camion,,1,2,9,1,6
202200029518,2022-05-29 14:15:00,2022,5,29,14,15,01,01244,Avenue du Docteur Boyer,45.907133,5.194913,Plein jour,En agglomération,Intersection en T,Normale,Deux véhicules - côté,3,2,1,0,2,1,1,0,1,50,2,3,1,0,1,1,67.0,33.0,deux_roues,voiture,1,2,3,1,3
202200029519,2022-04-14 08:00:00,2022,4,14,8,0,67,67474,Rue des Barons de Fleckenstein,48.938415,7.880706,Plein jour,En agglomération,Hors intersection,Normale,Autre collision,3,2,2,0,1,1,1,0,1,50,1,2,1,0,1,0,28.0,,voiture,,1,2,1,1,6
202200029520,2022-01-22 13:28:00,2022,1,22,13,28,93,93029,Avenue Jean Jaurès / Rue du 4 Septembre,48.91821,2.45474,Plein jour,En agglomération,Intersection en X,Temps couvert,Deux véhicules - côté,3,2,2,0,1,1,1,0,1,50,2,2,1,0,1,0,38.0,40.0,voiture,deux_roues,1,2,2,8,3
202200029521,2022-06-20 14:35:00,2022,6,20,14,35,95,95134, Avenue du Général Leclerc,49.136806,2.240441,Plein jour,En agglomération,Hors intersection,Normale,Autre collision,4,2,2,0,1,1,1,0,1,50,1,2,1,0,0,1,25.0,,voiture,,1,2,1,1,6
202200029522,2022-04-14 20:00:00,2022,4,14,20,0,54,54520,N333,48.5742184717,6.6214835653,Crépuscule ou aube,Hors agglomération,Hors intersection,Normale,Deux véhicules - arrière,2,3,4,0,1,1,1,0,1,110,2,2,1,0,1,0,40.0,49.0,voiture,utilitaire_camion,2,1,1,1,2
202200029523,2022-01-22 12:35:00,2022,1,22,12,35,93,93008,Avenue Paul Vaillant - Couturier / Rue de Léningrad,48.90577,2.46667,Plein jour,En agglomération,Intersection en T,Temps couvert,Deux véhicules - côté,3,3,6,1,1,1,1,0,1,50,2,2,0,0,0,2,79.0,27.0,voiture,voiture,1,2,3,8,3
202200029524,2022-06-19 02:10:00,2022,6,19,2,10,40,40296,"D79, route de vieux boucau",43.729668,-1.412261,Nuit sans éclairage public,Hors agglomération,Hors intersection,Normale,Deux véhicules - frontale,3,2,2,1,1,1,1,0,5,80,2,4,3,0,1,0,19.0,17.0,voiture,deux_roues,3,1,1,1,1
202200029525,2022-01-24 13:00:00,2022,1,24,13,0,93,93001,DANIELLE CASANOVA (RUE)  59 =>,48.9147951121,2.4039112679,Plein jour,En agglomération,Intersection en X,Normale,Deux véhicules - côté,3,-1,8,0,1,1,1,0,1,50,2,2,1,0,1,0,27.0,40.0,deux_roues,utilitaire_camion,1,2,2,1,3
202200029526,2022-06-20 16:50:00,2022,6,20,16,50,83,83033,Autoroute A57,43.289721,6.194374,Plein jour,Hors agglomération,Hors intersection,Normale,Deux véhicules - côté,1,3,4,0,2,3,1,8,1,90,2,3,2,1,0,0,50.0,49.0,deux_roues,voiture,1,1,1,1,3
202200029527,2022-04-15 01:00:00,2022,4,15,1,0,32,32029,rd 943,43.621955,0.490203,Nuit sans éclairage public,Hors agglomération,Hors intersection,Normale,Autre collision,3,2,2,0,1,1,1,0,3,80,1,2,0,1,1,0,29.0,,voiture,,3,1,1,1,6