accident_id,datetime,annee,mois,jour,heure,minute,departement,commune_insee,adresse,latitude,longitude,luminosite,agglomeration,intersection,meteo,collision,catr,circ,nbv,vosp,prof,plan,surf,infra,situ,vma,nb_vehicules,nb_usagers,nb_indemnes,nb_tues,nb_blesses_hosp,nb_blesses_legers,age_cond_1,age_cond_2,veh_type_cond_1,veh_type_cond_2,lum_code,agg_code,int_code,atm_code,col_code
202200029528,2022-06-17 18:10:00,2022,6,17,18,10,71,71397,Sainte-Cécile (Embranchement d'autoroute),46.391368,4.628581,Plein jour,Hors agglomération,Hors intersection,Normale,Deux véhicules - côté,2,2,2,0,1,1,1,0,1,80,2,2,0,0,0,2,30.0,29.0,deux_roues,deux_roues,1,1,1,1,3
202200029529,2022-01-24 07:50:00,2022,1,24,7,50,92,92026,COURBEVOIE (PONT DE),48.89682,2.26427,Nuit avec éclairage allumé,En agglomération,Intersection à plus de 4 branches,Temps couvert,Deux véhicules - côté,3,4,11,0,1,1,1,0,1,50,2,2,1,0,0,1,36.0,36.0,deux_roues,voiture,5,2,5,8,3
202200029530,2022-04-11 18:35:00,2022,4,11,18,35,86,86163,D18,46.604695,0.427286,Plein jour,Hors agglomération,Autre intersection,Normale,Autre collision,3,2,2,0,1,1,1,0,3,80,1,2,0,0,1,1,19.0,,voiture,,1,1,9,1,6
202200029531,2022-06-19 20:20:00,2022,6,19,20,20,68,68143,Route de Colmar,48.110676,7.41847,Plein jour,En agglomération,Intersection en X,Normale,Deux véhicules - côté,3,2,2,0,1,1,1,0,8,50,2,2,1,0,0,1,21.0,18.0,voiture,deux_roues,1,2,2,1,3
202200029532,2022-04-15 06:40:00,2022,4,15,6,40,33,33056,Avenue du Port du Roy,44.911871,-0.601834,Crépuscule ou aube,En agglomération,Hors intersection,Brouillard / fumée,Autre collision,4,2,2,1,1,1,1,8,4,70,1,1,0,1,0,0,29.0,,deux_roues,,2,2,1,5,6
202200029533,2022-01-23 22:35:00,2022,1,23,22,35,92,92025,PIERRE BROSSOLETTE (RUE),48.91048,2.241514,Nuit sans éclairage public,En agglomération,Intersection en X,Normale,Deux véhicules - côté,4,2,4,0,1,1,1,0,1,50,2,2,1,0,0,1,21.0,31.0,deux_roues,voiture,3,2,2,1,3
202200029534,2022-06-19 21:00:00,2022,6,19,21,0,972,97212,Sinai,14.72078,-61.037158,Nuit sans éclairage public,Hors agglomération,Hors intersection,Normale,Sans collision,3,2,2,0,1,4,1,0,1,80,1,1,0,0,1,0,31.0,,deux_roues,,3,1,1,1,7
202200029535,2022-01-23 20:00:00,2022,1,23,20,0,92,92024,CLICHY (QUAI DE) DE (104 A 202),48.906825364,2.2966489457,Nuit avec éclairage allumé,En agglomération,Intersection en T,Normale,Deux véhicules - arrière,3,2,2,0,1,1,1,0,1,50,2,2,1,0,0,1,32.0,25.0,voiture,deux_roues,5,2,3,1,2
202200029536,2022-04-14 16:55:00,2022,4,14,16,55,14,14025,D658,48.922394,-0.213311,Plein jour,En agglomération,Intersection en X,Normale,Deux véhicules - côté,3,3,2,0,1,1,1,0,1,50,2,3,2,0,0,1,17.0,48.0,deux_roues,voiture,1,2,2,1,3
202200029537,2022-06-19 17:25:00,2022,6,19,17,25,74,74152,Route des Gorges du Fier (Pont),45.897983,6.043382,Plein jour,Hors agglomération,Hors intersection,Normale,Deux véhicules - frontale,3,2,2,0,2,2,1,0,1,50,2,2,1,0,1,0,65.0,55.0,voiture,deux_roues,1,1,1,1,1
202200029538,2022-01-23 05:23:00,2022,1,23,5,23,35,35239,Lieu Dit la Galliere,47.892773,-1.342966,Nuit sans éclairage public,Hors agglomération,Hors intersection,Normale,Autre collision,3,2,2,0,1,1,1,0,1,80,1,5,0,0,2,3,19.0,,voiture,,3,1,1,1,6
202200029539,2022-05-09 21:45:00,2022,5,9,21,45,44,44070,6 Route de la Gourtière,47.176574,-1.411748,Nuit avec éclairage allumé,En agglomération,Intersection en X,Normale,Deux véhicules - côté,4,2,2,0,1,1,1,5,1,50,2,2,1,0,1,0,21.0,31.0,deux_roues,voiture,5,2,2,1,3
202200029540,2022-04-03 11:45:00,2022,4,3,11,45,76,76758,Rue Joseph Coddeville,49.613588,0.761715,Plein jour,En agglomération,Giratoire,Normale,Deux véhicules - côté,4,2,2,0,1,3,1,0,1,50,2,5,4,0,1,0,50.0,16.0,voiture,deux_roues,1,2,6,1,3
202200029541,2022-06-19 11:45:00,2022,6,19,11,45,57,57018,route départementale 955,48.830031,6.493896,Plein jour,Hors agglomération,Intersection en X,Normale,Deux véhicules - frontale,3,2,2,0,2,1,9,0,1,80,2,2,1,1,0,0,27.0,81.0,voiture,deux_roues,1,1,2,1,1
202200029542,2022-01-20 15:40:00,2022,1,20,15,40,40,40014,"A.65, PK 054.000 sens PAU - BORDEAUX",44.052372,-0.327015,Plein jour,Hors agglomération,Hors intersection,Normale,Deux véhicules - arrière,1,1,2,0,1,1,1,0,1,130,2,3,2,0,1,0,40.0,87.0,utilitaire_camion,voiture,1,1,1,1,2
202200029543,2022-04-15 09:50:00,2022,4,15,9,50,60,60350,Rue de Saint Crepin,49.587441,2.843702,Plein jour,En agglomération,Autre intersection,Normale,Deux véhicules - côté,3,2,2,0,1,1,1,0,1,50,2,2,1,0,1,0,56.0,39.0,utilitaire_camion,voiture,1,2,9,1,3
202200029544,2022-06-13 17:10:00,2022,6,13,17,10,74,74131,D992,46.022878,5.945492,Plein jour,Hors agglomération,Hors intersection,Normale,Deux véhicules - côté,3,2,2,0,2,3,1,0,1,80,2,2,1,0,1,0,40.0,24.0,voiture,deux_roues,1,1,1,1,3
202200029545,2022-04-15 02:08:00,2022,4,15,2,8,62,62654,Autoroute A16,50.907251,1.777941,Nuit sans éclairage public,Hors agglomération,Hors intersection,Normale,Autre collision,1,3,4,0,1,1,1,0,1,130,1,1,0,0,0,1,33.0,,voiture,,3,1,1,1,6
202200029546,2022-06-19 01:00:00,2022,6,19,1,0,78,78325,D158,48.922245,1.781802,Nuit sans éclairage public,Hors agglomération,Hors intersection,Normale,Deux véhicules - frontale,3,2,2,0,1,2,1,0,1,80,2,2,1,1,0,0,32.0,40.0,deux_roues,voiture,3,1,1,1,1
202200029547,2022-01-24 20:00:00,2022,1,24,20,0,58,58012,D220 route de saint verain,47.555655,2.964785,Nuit sans éclairage public,Hors agglomération,Hors intersection,Brouillard / fumée,Autre collision,3,2,2,0,1,2,1,0,3,80,1,2,0,1,0,1,40.0,,utilitaire_camion,,3,1,1,5,6
202200029548,2022-04-11 15:00:00,2022,4,11,15,0,83,83137,A57,43.123935,5.961248,Plein jour,Hors agglomération,Hors intersection,Normale,Trois véhicules et plus - en chaîne,1,3,5,0,1,1,1,8,1,70,3,3,2,0,0,1,46.0,52.0,utilitaire_camion,utilitaire_camion,1,1,1,1,4
202200029549,2022-04-13 16:30:00,2022,4,13,16,30,91,91345,AUTOROUTE A6,48.68804,2.32508,Plein jour,Hors agglomération,Hors intersection,Normale,Trois véhicules et plus - collisions multiples,1,3,3,0,1,1,1,0,1,110,3,3,2,0,0,1,43.0,25.0,utilitaire_camion,utilitaire_camion,1,1,1,1,5
202200029550,2022-01-24 14:00:00,2022,1,24,14,0,59,59653,Rue Jean Baptiste Lebas,50.56556,2.92259,Plein jour,En agglomération,Hors intersection,Normale,Autre collision,4,2,2,0,1,1,1,0,1,50,1,1,0,0,1,0,17.0,,deux_roues,,1,2,1,1,6
202200029551,2022-06-20 18:10:00,2022,6,20,18,10,79,79213,Route de Saint-Maixent,46.634837,-0.245116,Plein jour,En agglomération,Hors intersection,Normale,Deux véhicules - frontale,3,2,3,0,1,1,1,0,1,50,2,2,1,0,1,0,43.0,58.0,deux_roues,voiture,1,2,1,1,1
202200029552,2022-04-13 13:08:00,2022,4,13,13,8,91,91228,RN 104,48.61365,2.431238,Plein jour,Hors agglomération,Hors intersection,Pluie légère,Deux véhicules - arrière,2,1,2,0,1,1,2,0,1,70,2,2,1,0,0,1,47.0,50.0,voiture,deux_roues,1,1,1,2,2
202200029553,2022-06-19 01:16:00,2022,6,19,1,16,79,79189,,46.446381,-0.1235,Nuit sans éclairage public,Hors agglomération,Hors intersection,Normale,Sans collision,3,2,2,0,1,1,1,0,1,80,1,1,0,0,1,0,40.0,,voiture,,3,1,1,1,7
202200029554,2022-04-13 17:30:00,2022,4,13,17,30,78,78158,A86 DUPLEX,48.83504,2.145714,Plein jour,Hors agglomération,Hors intersection,Normale,Deux véhicules - arrière,1,1,2,0,1,1,1,1,2,70,2,3,2,0,0,1,34.0,32.0,voiture,utilitaire_camion,1,1,1,1,2
202200029555,2022-01-21 15:30:00,2022,1,21,15,30,72,72058,Route des Bas Chatons,47.95109,0.295215,Plein jour,Hors agglomération,Hors intersection,Normale,Deux véhicules - frontale,4,2,2,0,1,2,1,0,1,80,2,3,2,0,0,1,35.0,39.0,voiture,voiture,1,1,1,1,1
202200029556,2022-04-13 17:15:00,2022,4,13,17,15,92,92062,A14,48.8931560706,2.2343018353,Plein jour,Hors agglomération,Hors intersection,Normale,Sans collision,1,1,2,0,1,1,1,1,1,70,2,2,1,0,0,1,30.0,46.0,utilitaire_camion,deux_roues,1,1,1,1,7
202200029557,2022-06-19 22:00:00,2022,6,19,22,0,2B,2B342,D645,41.922948,9.310905,Nuit sans éclairage public,Hors agglomération,Hors intersection,Normale,Autre collision,3,2,2,0,2,3,1,0,3,50,1,4,0,0,0,4,21.0,,voiture,,3,1,1,1,6
202200029558,2022-01-24 19:30:00,2022,1,24,19,30,34,34239,A750,43.653825,3.525219,Nuit sans éclairage public,Hors agglomération,Hors intersection,Normale,Deux véhicules - arrière,1,3,4,0,2,1,1,0,1,130,2,3,1,0,0,2,54.0,23.0,voiture,voiture,3,1,1,1,2
202200029559,2022-01-23 01:15:00,2022,1,23,1,15,13,13108,CD 35 ROUTE DE BOULBON,43.82402,4.66745,Nuit sans éclairage public,Hors agglomération,Hors intersection,Normale,Deux véhicules - frontale,3,2, -1,0,1,1,1,0,1,80,2,2,0,0,1,1,33.0,26.0,voiture,voiture,3,1,1,1,1
202200029560,2022-06-19 06:15:00,2022,6,19,6,15,82,82039,51 Chemin des Prés,44.103988,1.461207,Plein jour,Hors agglomération,Hors intersection,Normale,Autre collision,4,2,2,0,2,2,1,0,3,80,1,2,1,0,1,0,18.0,,voiture,,1,1,1,1,6
202200029561,2022-01-25 19:45:00,2022,1,25,19,45,62,62415,D939,50.3319034672,2.6412937939,Nuit avec éclairage allumé,Hors agglomération,Giratoire,Brouillard / fumée,Sans collision,3,-1,2,0,4,3,1,5,1,50,1,1,0,1,0,0,40.0,,utilitaire_camion,,5,1,6,5,7
202200029562,2022-06-18 22:40:00,2022,6,18,22,40,81,81051,rd 1 pk 19+600,43.981737,1.928519,Nuit sans éclairage public,Hors agglomération,Hors intersection,Normale,Sans collision,3,2,2,0,1,2,1,0,3,80,1,1,0,0,1,0,48.0,,deux_roues,,3,1,1,1,7
202200029563,2022-02-10 22:00:00,2022,2,10,22,0,75,75116,ALLEE DU BORD DE L EAU,48.855307,2.226214,Nuit avec éclairage allumé,En agglomération,Intersection en T,Pluie légère,Autre collision,4,2,2,0,2,2,2,0,1,30,1,1,0,0,0,1,60.0,,voiture,,5,2,3,2,6
202200029564,2022-06-20 15:15:00,2022,6,20,15,15,32,32044,Route de la Gele,43.912483,0.396575,Plein jour,Hors agglomération,Hors intersection,Normale,Deux véhicules - frontale,4,2,2,0,2,3,1,0,1,80,2,2,0,0,1,1,63.0,50.0,deux_roues,voiture,1,1,1,1,1
202200029565,2022-04-12 21:00:00,2022,4,12,21,0,976,97611,kaweni-SPPM ( rue de la ),-12.77117,45.22378,Nuit avec éclairage non allumé,En agglomération,Giratoire,Normale,Deux véhicules - côté,2,2,3,0,1,2,1,9,1,30,2,3,2,0,0,1,40.0,38.0,voiture,deux_roues,4,2,6,1,3
202200029566,2022-06-20 14:00:00,2022,6,20,14,0,71,71209,rd 972 pk 7,46.554921,5.315623,Plein jour,Hors agglomération,Intersection en T,Normale,Deux véhicules - côté,3,2,2,0,1,1,1,0,1,90,2,3,2,0,0,1,38.0,41.0,voiture,voiture,1,1,3,1,3
202200029567,2022-04-12 18:05:00,2022,4,12,18,5,973,97302,LIBERTE (AVENUE DE LA),4.9353824842,-52.3316922784,Plein jour,En agglomération,Hors intersection,Normale,Deux véhicules - côté,4,1,1,0,1,1,1,0,1,50,2,2,1,0,0,1,31.0,28.0,voiture,deux_roues,1,2,1,1,3
202200029568,2022-01-22 00:00:00,2022,1,22,0,0,62,62124,route nationale,50.492078,1.720138,Nuit avec éclairage allumé,En agglomération,Hors intersection,Normale,Deux véhicules - frontale,3,2,2,0,1,1,9,8,1,50,2,2,1,0,1,0,56.0,67.0,voiture,voiture,5,2,1,1,1
202200029569,2022-04-12 20:40:00,2022,4,12,20,40,69,69387,Avenue Jean Jaurès,45.745085945,4.8417359591,Nuit avec éclairage allumé,En agglomération,Place,Normale,Deux véhicules - côté,4,1,1,0,1,1,1,0,1,50,2,2,1,0,0,1,20.0,,deux_roues,voiture,5,2,7,1,3
202200029570,2022-06-18 18:55:00,2022,6,18,18,55,71,71120,15 Chemin du Tour du Bois,46.202650016,4.3336979114,Plein jour,En agglomération,Hors intersection,Normale,Sans collision,9,2,2,0,1,1,1,0,1,50,2,2,1,0,0,1,14.0,,deux_roues,deux_roues,1,2,1,1,7
202200029571,2022-06-12 14:45:00,2022,6,12,14,45,49,49170,La Fassière,47.642268,-0.495147,Plein jour,Hors agglomération,Hors intersection,Normale,Sans collision,3,2,2,0,1,1,1,0,3,80,1,4,0,0,1,3,61.0,,voiture,,1,1,1,1,7
202200029572,2022-01-23 23:15:00,2022,1,23,23,15,74,74083,Route de Saint Gervais,45.885483,6.648853,Nuit sans éclairage public,Hors agglomération,Hors intersection,Normale,Deux véhicules - frontale,3,2,2,0,1,1,1,0,1,80,2,3,1,0,1,1,25.0,36.0,voiture,voiture,3,1,1,1,1
202200029573,2022-04-12 12:00:00,2022,4,12,12,0,69,69388,Boulevard des Etats-Unis,45.72452,4.87118,Plein jour,En agglomération,Intersection en X,Normale,Deux véhicules - frontale,4,3,4,3,1,1,1,0,1,50,2,4,3,0,0,1,80.0,51.0,voiture,voiture,1,2,2,1,1
202200029574,2022-06-19 20:00:00,2022,6,19,20,0,49,49069,Le Vau (la Varenne),47.312861,-1.308553,Plein jour,Hors agglomération,Hors intersection,Normale,Autre collision,3,2,2,0,2,4,1,0,8,80,1,2,0,0,2,0,21.0,,deux_roues,,1,1,1,1,6
202200029575,2022-04-12 19:15:00,2022,4,12,19,15,69,69385,Avenue Debrousse,45.75076,4.8151,Plein jour,En agglomération,Hors intersection,Normale,Sans collision,4,3,2,3,2,3,1,0,1,50,1,1,0,0,0,1,38.0,,deux_roues,,1,2,1,1,7
202200029576,2022-01-24 15:40:00,2022,1,24,15,40,31,31150,Route de Colomiers,43.6374100502,1.3324503601,Plein jour,Hors agglomération,Intersection en Y,Normale,Deux véhicules - arrière,7,2,2,0,1,1,1,0,1,80,2,2,1,0,1,0,27.0,70.0,utilitaire_camion,deux_roues,1,1,4,1,2
202200029577,2022-06-16 20:30:00,2022,6,16,20,30,12,12029,La Combe du Suc,44.197736,2.096066,Plein jour,Hors agglomération,Hors intersection,Normale,Deux véhicules - frontale,4,2,2,0,2,2,1,0,1,80,2,2,1,0,0,1,17.0,34.0,deux_roues,voiture,1,1,1,1,1
202200029578,2022-04-12 12:55:00,2022,4,12,12,55,69,69202,53 Route de la Libération,45.72815,4.77886,Plein jour,En agglomération,Intersection en T,Temps couvert,Deux véhicules - côté,7,2,3,3,1,1,1,5,1,50,2,2,1,0,0,1,38.0,55.0,voiture,utilitaire_camion,1,2,3,8,3
202200029579,2022-06-07 07:45:00,2022,6,7,7,45,34,34310,rue carrierasse,43.420335,3.160871,Plein jour,En agglomération,Giratoire,Normale,Deux véhicules - côté,3,1,1,0,1,2,1,0,1,80,2,2,1,0,1,0,41.0,33.0,deux_roues,utilitaire_camion,1,2,6,1,3
202200029580,2022-01-24 15:20:00,2022,1,24,15,20,89,89456,D606,48.306805,3.168251,Plein jour,Hors agglomération,Hors intersection,Temps couvert,Deux véhicules - frontale,3,2,3,0,1,1,1,0,1,90,2,3,2,0,0,1,49.0,24.0,voiture,voiture,1,1,1,8,1
202200029581,2022-04-12 15:45:00,2022,4,12,15,45,2A,2A004,STEPHANOPOLI NICEPHORE  DE COMENE BD,41.90877,8.71178,Plein jour,En agglomération,Hors intersection,Normale,Trois véhicules et plus - collisions multiples,3,2,2,0,1,1,1,8,1,30,3,3,2,0,0,1,82.0,41.0,voiture,deux_roues,1,2,1,1,5
202200029582,2022-06-19 11:20:00,2022,6,19,11,20,38,38395,Rue des 22 Martyrs,45.329175,5.903488,Plein jour,En agglomération,Intersection en Y,Normale,Deux véhicules - frontale,3,2,2,0,1,3,1,0,1,50,2,2,1,0,1,0,15.0,77.0,deux_roues,deux_roues,1,2,4,1,1
202200029583,2022-04-11 12:20:00,2022,4,11,12,20,91,91345,RUE LEONTINE SOHIER,48.692414,2.300366,Plein jour,En agglomération,Hors intersection,Normale,Autre collision,4,2,2,0,1,1,1,0,1,50,1,2,1,0,0,1,70.0,,voiture,,1,2,1,1,6
202200029584,2022-01-25 18:15:00,2022,1,25,18,15,55,55291,Chemin des Pains de Seigle,48.697479,5.34604,Nuit sans éclairage public,Hors agglomération,Hors intersection,Brouillard / fumée,Autre collision,4,2,2,0,1,2,1,0,3,80,1,1,0,0,1,0,20.0,,voiture,,3,1,1,5,6
202200029585,2022-06-20 10:00:00,2022,6,20,10,0,06,06120,ROUTE DE SAINT DALMAS M2205,44.26028,6.922165,Plein jour,Hors agglomération,Hors intersection,Normale,Deux véhicules - frontale,7,2,2,0,2,2,1,0,1,80,2,2,1,0,1,0,51.0,62.0,voiture,deux_roues,1,1,1,1,1
202200029586,2022-01-21 19:45:00,2022,1,21,19,45,42,42197,Route de Boën,45.738346,4.06823,Nuit sans éclairage public,Hors agglomération,Hors intersection,Autre,Autre collision,3,2,2,0,1,1,1,0,3,70,1,1,0,0,1,0,15.0,,deux_roues,,3,1,1,9,6
202200029587,2022-04-11 11:35:00,2022,4,11,11,35,90,90010,JAURES (AVENUE JEAN) A 150 ET 117,47.650871,6.851738,Plein jour,En agglomération,Hors intersection,Normale,Sans collision,4,2,2,0,1,1,1,0,1,50,1,6,3,0,0,3,68.0,,transport_commun,,1,2,1,1,7
202200029588,2022-01-24 17:30:00,2022,1,24,17,30,44,44069,Route de Kerrobert,47.340509,-2.345029,Plein jour,Hors agglomération,Autre intersection,Normale,Autre collision,3,2,1,0,1,1,1,0,1,50,1,2,1,0,1,0,39.0,,voiture,,1,1,9,1,6
202200029589,2022-06-20 00:30:00,2022,6,20,0,30,09,09265,Avenue des Pyrénées,43.095899,1.625172,Nuit avec éclairage allumé,En agglomération,Giratoire,Normale,Autre collision,3,2,2,0,1,1,1,9,8,50,1,1,0,0,1,0,22.0,,deux_roues,,5,2,6,1,6
202200029590,2022-04-12 08:38:00,2022,4,12,8,38,87,87113,BRIAND (AVENUE ARISTIDE),45.86851,1.32794,Plein jour,En agglomération,Hors intersection,Normale,Autre collision,3,2,2,0,2,1,1,0,1,50,1,4,2,0,0,2,39.0,,voiture,,1,2,1,1,6
202200029591,2022-06-11 12:00:00,2022,6,11,12,0,73,73130,chemin de la digue,45.6546631915,6.3707667558,Plein jour,En agglomération,Hors intersection,Normale,Autre collision,9,-1, -1,0,1,1,1,9,1,50,1,2,0,0,0,2,36.0,,deux_roues,,1,2,1,1,6
202200029592,2022-01-18 17:10:00,2022,1,18,17,10,35,35021,route de La Métairie,48.342609,-1.154509,Plein jour,Hors agglomération,Hors intersection,Normale,Autre collision,4,2,2,0,1,4,1,0,1,80,1,2,0,1,1,0,89.0,,voiture,,1,1,1,1,6
202200029593,2022-04-11 11:48:00,2022,4,11,11,48,87,87085,DUTREIX (RUE ARMAND),45.83153,1.23673,Plein jour,En agglomération,Hors intersection,Normale,Trois véhicules et plus - collisions multiples,4,2,2,0,1,1,1,0,1,50,3,3,2,0,0,1,27.0,61.0,voiture,voiture,1,2,1,1,5
202200029594,2022-06-19 16:23:00,2022,6,19,16,23,10,10106,Courceroy,48.4645130824,3.414041698,Plein jour,En agglomération,Hors intersection,Normale,Deux véhicules - frontale,3,2,2,0,2,3,1,0,1,50,2,6,4,0,0,2,38.0,36.0,voiture,voiture,1,2,1,1,1
202200029595,2022-04-12 14:35:00,2022,4,12,14,35,83,83137,GASQUET (AVE JOSEPH DE 1 A 1423,43.12233,5.97251,Plein jour,En agglomération,Hors intersection,Normale,Deux véhicules - côté,7,2,3,0,2,3,1,3,1,50,2,3,2,0,0,1,65.0,40.0,voiture,voiture,1,2,1,1,3
202200029596,2022-04-08 21:45:00,2022,4,8,21,45,80,80021,COMMANDANT DEFONTAINE,49.89655,2.28894,Nuit avec éclairage allumé,En agglomération,Intersection en X,Normale,Deux véhicules - côté,4,2,3,0,1,1,1,0,1,50,2,2,0,0,0,2,39.0,34.0,voiture,voiture,5,2,2,1,3
202200029597,2022-06-19 19:30:00,2022,6,19,19,30,10,10294,D81 - D57,48.179222,4.350779,Plein jour,Hors agglomération,Intersection en X,Normale,Deux véhicules - côté,3,2,2,0,1,1,9,0,8,80,2,6,5,0,1,0,39.0,49.0,voiture,voiture,1,1,2,1,3
202200029598,2022-01-20 09:00:00,2022,1,20,9,0,38,38543,Intersection D19 / D224B,45.644228,5.432804,Plein jour,Hors agglomération,Intersection en T,Normale,Deux véhicules - côté,3,2,2,0,1,1,1,0,1,80,2,2,1,0,1,0,39.0,22.0,utilitaire_camion,utilitaire_camion,1,1,3,1,3
202200029599,2022-06-19 16:50:00,2022,6,19,16,50,07,07215,RD 120,44.892282,4.489145,Plein jour,Hors agglomération,Hors intersection,Normale,Autre collision,3,2,2,0,1,2,1,0,3,80,1,1,0,0,1,0,19.0,,deux_roues,,1,1,1,1,6
202200029600,2022-04-12 15:10:00,2022,4,12,15,10,78,78440,PAUL RAOULT (AVENUE),48.99498,1.91358,Plein jour,En agglomération,Autre intersection,Normale,Deux véhicules - côté,3,3,4,0,1,1,1,0,1,50,2,2,1,0,0,1,30.0,33.0,voiture,deux_roues,1,2,9,1,3
202200029601,2022-06-19 02:00:00,2022,6,19,2,0,40,40206,Route de Bidache,43.52758,-1.104738,Nuit sans éclairage public,Hors agglomération,Hors intersection,Normale,Autre collision,3,2,2,0,3,3,1,0,1,80,1,2,1,1,0,0,,,autre,,3,1,1,1,6
202200029602,2022-06-20 09:50:00,2022,6,20,9,50,04,04124,RD 211,43.759293,6.089312,Plein jour,Hors agglomération,Hors intersection,Normale,Deux véhicules - frontale,3,2,2,0,2,2,1,0,1,80,2,3,1,0,0,2,20.0,65.0,voiture,voiture,1,1,1,1,1
202200029603,2022-04-11 03:55:00,2022,4,11,3,55,77,77288,D372 / D606,48.52717,2.65345,Nuit avec éclairage allumé,En agglomération,Intersection en T,Normale,Deux véhicules - côté,3,2,3,3,1,1,1,0,1,50,2,2,1,0,0,1,27.0,30.0,voiture,voiture,5,2,3,1,3
202200029604,2022-01-25 11:00:00,2022,1,25,11,0,14,14045,D675,49.210364,-0.115356,Plein jour,Hors agglomération,Hors intersection,Brouillard / fumée,Autre collision,3,2,2,0,1,1,2,0,3,90,1,1,0,1,0,0,71.0,,voiture,,1,1,1,5,6
202200029605,2022-06-19 03:20:00,2022,6,19,3,20,85,85185,Résidence des Courlis,46.376671,-1.076995,Nuit sans éclairage public,En agglomération,Autre intersection,Pluie légère,Sans collision,4,-1,2,0,1,1,2,0,1,50,1,2,0,0,1,1,32.0,,deux_roues,,3,2,9,2,7
202200029606,2022-04-12 09:15:00,2022,4,12,9,15,76,76476,HIRONDELLES (RUE DES),49.49047,0.57714,Plein jour,En agglomération,Hors intersection,Normale,Autre collision,4,-1,2,0,1,1,1,0,1,50,1,2,1,0,0,1,38.0,,voiture,,1,2,1,1,6
202200029607,2022-06-20 10:45:00,2022,6,20,10,45,28,28111,D9,48.232342,0.863355,Plein jour,Hors agglomération,Hors intersection,Normale,Deux véhicules - côté,3,2,2,0,1,1,1,0,1,80,2,3,1,0,1,1,46.0,34.0,voiture,voiture,1,1,1,1,3
202200029608,2022-04-11 13:35:00,2022,4,11,13,35,62,62239,EUROPE (BOULEVARD DE L'),50.92538,1.80645,Plein jour,Hors agglomération,Giratoire,Normale,Deux véhicules - côté,3,2,4,0,1,1,1,0,1,50,2,2,1,0,1,0,66.0,31.0,deux_roues,voiture,1,1,6,1,3
202200029609,2022-06-19 09:45:00,2022,6,19,9,45,37,37084,RD 959 - Pk 23+020,47.532574,0.369319,Plein jour,Hors agglomération,Hors intersection,Normale,Deux véhicules - frontale,3,2,2,0,2,1,1,0,1,90,2,3,0,3,0,0,28.0,63.0,voiture,voiture,1,1,1,1,1
202200029610,2022-01-24 07:48:00,2022,1,24,7,48,14,14738,D675,49.155352,-0.452002,Crépuscule ou aube,En agglomération,Hors intersection,Brouillard / fumée,Deux véhicules - frontale,3,2,2,0,1,1,1,0,1,70,2,2,1,0,0,1,52.0,53.0,utilitaire_camion,voiture,2,2,1,5,1
202200029611,2022-06-19 10:45:00,2022,6,19,10,45,08,08419,,49.701375845,4.4162882566,Plein jour,En agglomération,Hors intersection,Normale,Deux véhicules - frontale,3,2,2,0,1,1,1,0,1,50,2,2,1,0,0,1,15.0,32.0,deux_roues,voiture,1,2,1,1,1
202200029612,2022-04-11 14:55:00,2022,4,11,14,55,59,59456,THOREZ MAURICE(RUE),50.36895,3.20059,Plein jour,En agglomération,Intersection en T,Normale,Deux véhicules - frontale,3,2,2,0,1,1,1,0,1,50,2,2,1,0,1,0,60.0,25.0,voiture,deux_roues,1,2,3,1,1
202200029613,2022-06-19 18:00:00,2022,6,19,18,0,987,98752,PK 45 - RT1,-17.722,-149.399,Nuit avec éclairage allumé,En agglomération,Hors intersection,Pluie légère,Deux véhicules - frontale,2,2,2,0,1,1,2,0,1,60,2,4,3,0,1,0,23.0,29.0,deux_roues,voiture,5,2,1,2,1
202200029614,2022-04-12 10:30:00,2022,4,12,10,30,56,56121,GAILLEC (RUE  DU ),47.76146,-3.40422,Plein jour,Hors agglomération,Hors intersection,Normale,Deux véhicules - frontale,4,2,2,0,1,3,1,0,1,50,2,3,2,0,0,1,38.0,86.0,voiture,voiture,1,1,1,1,1
202200029615,2022-06-20 13:30:00,2022,6,20,13,30,67,67194,A35 PK 234+500,48.731706,7.894626,Plein jour,Hors agglomération,Autre intersection,Normale,Deux véhicules - côté,1,3,4,0,1,1,1,0,1,130,2,3,2,0,0,1,51.0,39.0,voiture,voiture,1,1,9,1,3
202200029616,2022-04-12 09:10:00,2022,4,12,9,10,56,56121,SCORFF ( BD DU ),47.76374,-3.36789,Plein jour,En agglomération,Hors intersection,Normale,Autre collision,4,1,1,0,1,3,1,0,3,30,1,1,0,0,0,1,24.0,,voiture,,1,2,1,1,6
202200029617,2022-01-25 08:25:00,2022,1,25,8,25,85,85084,RD160,46.80407,-1.145947,Crépuscule ou aube,Hors agglomération,Hors intersection,Normale,Deux véhicules - côté,3,2,2,0,1,1,1,0,1,80,2,6,5,0,1,0,53.0,40.0,voiture,voiture,2,1,1,1,3
202200029618,2022-06-20 17:57:00,2022,6,20,17,57,38,38193,boulevard d'Erizole,45.618227,5.20933,Plein jour,En agglomération,Intersection en X,Normale,Deux véhicules - côté,4,2,2,0,2,1,1,5,1,50,2,3,1,0,0,2,20.0,42.0,voiture,voiture,1,2,2,1,3
202200029619,2022-04-11 19:05:00,2022,4,11,19,5,54,54395,METZ (RUE DE),48.700177,6.172549,Plein jour,En agglomération,Intersection en X,Normale,Deux véhicules - frontale,4,2,2,3,1,1,1,0,1,50,2,2,1,0,1,0,19.0,35.0,deux_roues,voiture,1,2,2,1,1