accident_id,datetime,annee,mois,jour,heure,minute,departement,commune_insee,adresse,latitude,longitude,luminosite,agglomeration,intersection,meteo,collision,catr,circ,nbv,vosp,prof,plan,surf,infra,situ,vma,nb_vehicules,nb_usagers,nb_indemnes,nb_tues,nb_blesses_hosp,nb_blesses_legers,age_cond_1,age_cond_2,veh_type_cond_1,veh_type_cond_2,lum_code,agg_code,int_code,atm_code,col_code
202200029893,2022-11-08 18:23:00,2022,11,8,18,23,33,33075,ROCADE A 630,44.890126,-0.612186,Nuit sans éclairage public,Hors agglomération,Hors intersection,Normale,Trois véhicules et plus - en chaîne,1,3,4,0,1,1,1,0,1,70,3,3,2,0,0,1,31.0,36.0,utilitaire_camion,voiture,3,1,1,1,4
202200029894,2022-11-08 00:30:00,2022,11,8,0,30,33,33039,ROCADE A 630,44.8011872629,-0.5344301462,Nuit avec éclairage allumé,Hors agglomération,Hors intersection,Normale,Deux véhicules - arrière,1,3,6,0,1,1,1,0,1,90,2,3,2,0,0,1,36.0,36.0,voiture,voiture,5,1,1,1,2
202200029895,2022-11-07 18:45:00,2022,11,7,18,45,33,33162,ROCADE A 630,44.87934,-0.62813,Nuit avec éclairage allumé,Hors agglomération,Hors intersection,Normale,Deux véhicules - côté,1,3,4,0,1,1,1,8,1,70,2,2,1,0,0,1,20.0,39.0,voiture,deux_roues,5,1,1,1,3
202200029896,2022-11-06 16:33:00,2022,11,6,16,33,59,59560,AUTOROUTE A1,50.53406,3.04854,Plein jour,Hors agglomération,Hors intersection,Pluie légère,Deux véhicules - arrière,1,-1,4,0,1,1,2,0,1,110,2,2,1,0,0,1,45.0,25.0,voiture,voiture,1,1,1,2,2
202200029897,2022-11-03 14:50:00,2022,11,3,14,50,59,59603,AUTOROUTE A2,50.33835,3.50359,Plein jour,Hors agglomération,Hors intersection,Normale,Autre collision,1,-1,8,0,1,1,1,0,1,130,2,2,1,0,0,1,71.0,26.0,voiture,utilitaire_camion,1,1,1,1,6
202200029898,2022-10-31 15:45:00,2022,10,31,15,45,62,62274,A21,50.425632,2.987315,Plein jour,Hors agglomération,Hors intersection,Normale,Deux véhicules - côté,1,-1,3,0,1,2,1,0,1,70,2,2,1,0,0,1,29.0,20.0,utilitaire_camion,voiture,1,1,1,1,3
202200029899,2022-10-29 15:24:00,2022,10,29,15,24,59,59143,AUTOROUTE A25,50.6713281984,2.8712439389,Plein jour,Hors agglomération,Hors intersection,Normale,Autre collision,1,-1,4,0,1,1,1,0,1,110,3,3,2,0,0,1,,50.0,voiture,voiture,1,1,1,1,6
202200029900,2022-11-08 17:15:00,2022,11,8,17,15,91,91570,RN 104,48.6251,2.32315,Crépuscule ou aube,Hors agglomération,Hors intersection,Normale,Deux véhicules - côté,2,3,2,0,1,1,1,0,1,110,2,2,1,0,0,1,25.0,31.0,deux_roues,voiture,2,1,1,1,3
202200029901,2022-11-08 11:10:00,2022,11,8,11,10,91,91434,AUTOROUTE A6,48.668,2.354,Plein jour,Hors agglomération,Hors intersection,Normale,Trois véhicules et plus - en chaîne,1,1,6,0,2,1,1,0,1,90,3,3,2,0,0,1,53.0,25.0,utilitaire_camion,voiture,1,1,1,1,4
202200029902,2022-11-08 09:30:00,2022,11,8,9,30,91,91471,RN 118,48.70783,2.18785,Plein jour,Hors agglomération,Hors intersection,Normale,Deux véhicules - côté,2,2,6,0,1,1,1,0,1,90,2,2,1,0,0,1,60.0,46.0,deux_roues,voiture,1,1,1,1,3
202200029903,2022-11-08 19:00:00,2022,11,8,19,0,93,93064,AUTOROUTE A103,48.88662,2.48213,Nuit avec éclairage non allumé,Hors agglomération,Hors intersection,Normale,Trois véhicules et plus - en chaîne,1,3,4,0,1,1,1,0,1,90,4,4,3,0,0,1,43.0,29.0,voiture,voiture,4,1,1,1,4
202200029904,2022-11-08 07:25:00,2022,11,8,7,25,93,93007,AUTOROUTE A3,48.92422,2.4809,Crépuscule ou aube,Hors agglomération,Hors intersection,Normale,Deux véhicules - côté,1,3,6,0,1,1,1,0,1,90,2,2,1,0,0,1,26.0,32.0,voiture,deux_roues,2,1,1,1,3
202200029905,2022-11-07 12:10:00,2022,11,7,12,10,93,93006,AUTOROUTE A3,48.8657661263,2.4206435175,Plein jour,Hors agglomération,Hors intersection,Normale,Deux véhicules - arrière,1,3,10,0,1,1,1,0,1,90,2,2,1,0,0,1,53.0,24.0,voiture,utilitaire_camion,1,1,1,1,2
202200029906,2022-11-07 17:50:00,2022,11,7,17,50,94,94028,A86 EXT,48.79103,2.44091,Crépuscule ou aube,Hors agglomération,Hors intersection,Normale,Deux véhicules - côté,1,3,8,0,1,1,1,0,1,90,2,2,1,0,0,1,28.0,34.0,utilitaire_camion,deux_roues,2,1,1,1,3
202200029907,2022-07-16 20:02:00,2022,7,16,20,2,78,78624,,48.966791,2.011278,Plein jour,En agglomération,Hors intersection,Normale,Autre collision,6,-1, -1,-1,1,1,1,0,1,-1,1,2,1,0,1,0,20.0,,voiture,,1,2,1,1,6
202200029908,2022-08-27 11:05:00,2022,8,27,11,5,38,38298,Rue des Iles,45.369073,4.796058,Plein jour,En agglomération,Hors intersection,Normale,Autre collision,4,2,2,0,1,1,1,1,1,50,1,2,1,1,0,0,62.0,,voiture,,1,2,1,1,6
202200029909,2022-11-07 08:27:00,2022,11,7,8,27,93,93073,93 Deuxieme Avenue,48.96516,2.57097,Plein jour,En agglomération,Hors intersection,Temps couvert,Deux véhicules - côté,4,4,1,0,1,1,2,0,1,50,2,3,1,0,0,2,61.0,43.0,voiture,voiture,1,2,1,8,3
202200029910,2022-11-06 21:35:00,2022,11,6,21,35,93,93064,Rue Lavoisier / Avenue Jean Jaurès,48.861061,2.489825,Nuit avec éclairage allumé,En agglomération,Intersection en X,Pluie légère,Deux véhicules - côté,3,2,2,0,1,1,2,0,1,50,2,3,2,0,0,1,20.0,56.0,voiture,transport_commun,5,2,2,2,3
202200029911,2022-11-07 13:05:00,2022,11,7,13,5,93,93055,Rue Gabrielle Josserand,48.905269,2.396632,Plein jour,En agglomération,Hors intersection,Temps couvert,Deux véhicules - arrière,4,1,1,1,1,1,1,0,1,30,2,3,1,0,0,2,41.0,36.0,voiture,utilitaire_camion,1,2,1,8,2
202200029912,2022-09-07 05:50:00,2022,9,7,5,50,93,93053,rue de Paris,48.9035794863,2.4678687079,Nuit avec éclairage allumé,En agglomération,Hors intersection,Temps couvert,Deux véhicules - côté,3,1,3,0,1,1,1,0,1,50,2,2,1,1,0,0,34.0,56.0,deux_roues,utilitaire_camion,5,2,1,8,3
202200029913,2022-11-07 22:35:00,2022,11,7,22,35,93,93046,Avenue Aristide Briand / Boulevard Jean Moulin,48.9106,2.51229,Nuit avec éclairage allumé,En agglomération,Intersection à plus de 4 branches,Normale,Deux véhicules - côté,3,3,4,0,1,1,1,0,1,50,2,2,1,0,0,1,21.0,,deux_roues,voiture,5,2,5,1,3
202200029914,2022-11-07 14:25:00,2022,11,7,14,25,93,93027,Rue Renoir / Rue Yako,48.93122,2.37844,Plein jour,En agglomération,Intersection en T,Normale,Autre collision,4,2,2,0,1,1,1,0,1,30,1,2,1,0,0,1,,,voiture,,1,2,3,1,6
202200029915,2022-11-06 02:50:00,2022,11,6,2,50,972,97206,Taupiniere,14.484412,-60.992795,Nuit sans éclairage public,Hors agglomération,Hors intersection,Normale,Deux véhicules - frontale,3,2,2,0,2,2,2,0,1,70,2,2,1,0,0,1,62.0,38.0,voiture,voiture,3,1,1,1,1
202200029916,2022-11-08 00:18:00,2022,11,8,0,18,11,11233,RD 607,43.272206,2.890971,Crépuscule ou aube,Hors agglomération,Hors intersection,Normale,Autre collision,3,2,2,0,1,1,1,0,3,-1,1,1,0,0,1,0,27.0,,voiture,,2,1,1,1,6
202200029917,2022-11-04 14:10:00,2022,11,4,14,10,34,34239,autoroute A750 - PK 32 + 150,43.6564692878,3.5195758266,Plein jour,Hors agglomération,Hors intersection,Normale,Autre collision,1,3,4,0,1,1,1,0,3,130,1,1,0,0,1,0,78.0,,voiture,,1,1,1,1,6
202200029918,2022-06-03 21:00:00,2022,6,3,21,0,62,62005,D7,50.135563,2.76726,Plein jour,Hors agglomération,Hors intersection,Pluie légère,Deux véhicules - arrière,3,2,2,0,1,1,2,0,1,80,2,2,0,0,0,2,21.0,50.0,voiture,voiture,1,1,1,2,2
202200029919,2022-11-08 00:09:00,2022,11,8,0,9,59,59663,D916,50.905902,2.454908,Nuit sans éclairage public,Hors agglomération,Hors intersection,Temps couvert,Autre collision,3,2,2,0,1,1,2,0,3,70,1,1,0,1,0,0,48.0,,voiture,,3,1,1,8,6
202200029920,2022-11-08 17:34:00,2022,11,8,17,34,32,32256,Place d'Astarac,43.514205,0.404515,Nuit avec éclairage allumé,En agglomération,Intersection en X,Normale,Autre collision,4,1,1,0,1,1,1,0,1,50,1,3,2,0,1,0,66.0,,voiture,,5,2,2,1,6
202200029921,2022-11-08 17:50:00,2022,11,8,17,50,89,89198,,47.865173,3.579891,Nuit avec éclairage non allumé,Hors agglomération,Hors intersection,Pluie légère,Deux véhicules - arrière,3,2,2,0,1,1,2,0,1,80,2,2,1,0,1,0,35.0,22.0,voiture,deux_roues,4,1,1,2,2
202200029922,2022-10-04 14:21:00,2022,10,4,14,21,60,60342,Rue de la République,49.291129,2.444624,Plein jour,En agglomération,Hors intersection,Normale,Deux véhicules - frontale,3,2,2,0,1,1,1,0,1,50,2,2,1,0,0,1,48.0,30.0,deux_roues,voiture,1,2,1,1,1
202200029923,2022-11-07 10:06:00,2022,11,7,10,6,12,12223,D78,44.788171,2.844472,Plein jour,Hors agglomération,Hors intersection,Normale,Deux véhicules - frontale,3,2,2,0,1,2,1,0,1,90,2,2,0,0,0,2,48.0,75.0,voiture,utilitaire_camion,1,1,1,1,1
202200029924,2022-10-03 08:30:00,2022,10,3,8,30,13,13005,A50-Sens Aubagne vers Marseille,43.2847,5.5207,Plein jour,Hors agglomération,Hors intersection,Normale,Deux véhicules - côté,1,3,3,0,1,1,1,0,1,90,2,2,1,0,0,1,38.0,19.0,deux_roues,voiture,1,1,1,1,3
202200029925,2022-11-07 20:30:00,2022,11,7,20,30,46,46229,D803,44.912644,1.77835,Nuit sans éclairage public,Hors agglomération,Intersection en X,Normale,Deux véhicules - côté,3,2,2,0,1,1,1,0,1,80,2,2,1,0,0,1,21.0,52.0,voiture,voiture,3,1,2,1,3
202200029926,2022-11-07 16:15:00,2022,11,7,16,15,39,39502,,47.016808,5.668761,Plein jour,Hors agglomération,Hors intersection,Normale,Autre collision,4,2,2,0,1,2,9,0,3,80,1,1,0,0,1,0,20.0,,voiture,,1,1,1,1,6
202200029927,2022-10-03 17:05:00,2022,10,3,17,5,69,69382,Route de Métropole 7  ,45.7361,4.8199,Plein jour,En agglomération,Hors intersection,Normale,Trois véhicules et plus - en chaîne,7,3,6,0,1,1,1,0,1,70,3,5,3,0,0,2,18.0,24.0,voiture,voiture,1,2,1,1,4
202200029928,2022-11-08 07:40:00,2022,11,8,7,40,25,25425,CD 437 PK 76+750,47.106201,6.673889,Crépuscule ou aube,Hors agglomération,Hors intersection,Normale,Deux véhicules - frontale,3,2,2,0,1,1,1,0,1,-1,2,3,0,0,3,0,23.0,49.0,voiture,voiture,2,1,1,1,1
202200029929,2022-10-03 07:30:00,2022,10,3,7,30,67,67482,M351,48.58763,7.7102,Plein jour,Hors agglomération,Hors intersection,Normale,Deux véhicules - arrière,7,3,2,0,1,1,1,0,1,90,2,2,1,0,0,1,31.0,51.0,deux_roues,voiture,1,1,1,1,2
202200029930,2022-11-05 01:20:00,2022,11,5,1,20,44,44051,6 bressorbe,47.651697,-1.617292,Nuit sans éclairage public,Hors agglomération,Hors intersection,Normale,Autre collision,4,2,2,0,1,2,2,0,3,80,1,1,0,0,1,0,24.0,,voiture,,3,1,1,1,6
202200029931,2022-10-04 18:35:00,2022,10,4,18,35,92,92002,AUTOROUTE A86,48.76047013,2.291013658,Crépuscule ou aube,Hors agglomération,Hors intersection,Normale,Deux véhicules - arrière,1,3,2,0,1,1,1,0,1,90,2,3,2,0,0,1,41.0,31.0,deux_roues,voiture,2,1,1,1,2
202200029932,2022-11-06 20:30:00,2022,11,6,20,30,44,44028,Route de nantes,47.336082,-1.358625,Nuit sans éclairage public,Hors agglomération,Hors intersection,Pluie légère,Autre collision,3,2,2,0,1,1,2,0,1,80,1,2,1,1,0,0,35.0,,voiture,,3,1,1,2,6
202200029933,2022-10-04 16:00:00,2022,10,4,16,0,94,94038,AUTOROUTE A6B,48.7903422576,2.3438434323,Plein jour,Hors agglomération,Hors intersection,Normale,Deux véhicules - côté,1,1,4,0,1,1,1,0,1,90,2,3,1,0,0,2,41.0,50.0,voiture,utilitaire_camion,1,1,1,1,3
202200029934,2022-11-07 14:15:00,2022,11,7,14,15,34,34192,Place du Docteur Clement,43.529311,3.929957,Plein jour,En agglomération,Hors intersection,Normale,Autre collision,4,2,2,0,1,1,1,0,1,30,1,2,1,0,1,0,76.0,,voiture,,1,2,1,1,6
202200029935,2022-10-04 11:25:00,2022,10,4,11,25,91,91312,RD 444,48.73133,2.23924,Plein jour,Hors agglomération,Hors intersection,Normale,Deux véhicules - côté,3,3,2,0,1,1,1,2,1,70,2,2,1,0,0,1,50.0,28.0,voiture,utilitaire_camion,1,1,1,1,3
202200029936,2022-10-04 17:25:00,2022,10,4,17,25,78,78362,A13,48.974926,1.726562,Plein jour,Hors agglomération,Hors intersection,Normale,Deux véhicules - arrière,1,-1,3,0,2,1,1,0,1,110,2,3,2,0,0,1,32.0,50.0,voiture,voiture,1,1,1,1,2
202200029937,2022-10-04 10:00:00,2022,10,4,10,0,92,92025,AUTOROUTE A15,48.9346615298,2.2581093324,Plein jour,Hors agglomération,Hors intersection,Normale,Trois véhicules et plus - en chaîne,1,3,4,0,1,1,1,2,1,90,3,3,2,0,0,1,29.0,48.0,voiture,deux_roues,1,1,1,1,4
202200029938,2022-10-03 16:55:00,2022,10,3,16,55,95,95582,RD 170,48.9656083334,2.2718364,Plein jour,Hors agglomération,Hors intersection,Normale,Autre collision,3,3,4,0,1,1,1,0,1,90,1,1,0,0,0,1,45.0,,voiture,,1,1,1,1,6
202200029939,2022-10-03 12:20:00,2022,10,3,12,20,93,93053,AUTOROUTE A3,48.883752,2.459186,Plein jour,Hors agglomération,Hors intersection,Normale,Sans collision,1,3,6,0,1,1,1,0,1,110,1,1,0,0,0,1,46.0,,voiture,,1,1,1,1,7
202200029940,2022-07-26 23:50:00,2022,7,26,23,50,59,59650,MENDES FRANCE (BOULEVARD PIERRE),50.6952524701,3.2131361961,Nuit avec éclairage allumé,En agglomération,Hors intersection,Temps couvert,Autre collision,4,2,2,1,1,1,1,9,5,50,1,6,0,1,0,5,16.0,,voiture,,5,2,1,8,6
202200029941,2022-06-19 15:30:00,2022,6,19,15,30,62,62540,HOUDAIN (RUE D') ou CD 179,50.453745,2.584465,Plein jour,Hors agglomération,Hors intersection,Temps couvert,Autre collision,3,2,2,0,1,1,1,0,3,70,1,1,0,0,1,0,36.0,,deux_roues,,1,1,1,8,6
202200029942,2022-04-18 16:00:00,2022,4,18,16,0,14,14061,D109,48.920187,-0.857137,Plein jour,Hors agglomération,Hors intersection,Normale,Deux véhicules - arrière,3,2,2,0,1,1,1,0,1,80,2,4,1,0,2,1,21.0,60.0,voiture,utilitaire_camion,1,1,1,1,2
202200029943,2022-06-29 16:45:00,2022,6,29,16,45,74,74044,D1206,46.152345087,6.1556160444,Plein jour,Hors agglomération,Hors intersection,Normale,Trois véhicules et plus - collisions multiples,3,2,2,0,1,1,1,0,1,80,3,3,2,1,0,0,26.0,78.0,deux_roues,voiture,1,1,1,1,5
202200029944,2022-05-21 04:15:00,2022,5,21,4,15,42,42093,Route de Ban,45.474291,4.608915,Nuit sans éclairage public,En agglomération,Hors intersection,Normale,Sans collision,4,2,1,0,1,1,1,0,8,50,1,2,1,0,1,0,23.0,,voiture,,3,2,1,1,7
202200029945,2022-06-04 14:55:00,2022,6,4,14,55,74,74081,Avenue des Glières,46.07623,6.561252,Plein jour,En agglomération,Intersection en T,Normale,Deux véhicules - côté,3,2,1,0,1,1,1,5,1,50,2,3,2,0,1,0,16.0,29.0,deux_roues,voiture,1,2,3,1,3
202200029946,2022-05-19 15:55:00,2022,5,19,15,55,74,74087,Route de Findrol,46.147477,6.320057,Plein jour,En agglomération,Giratoire,Normale,Autre collision,3,2,2,0,1,1,1,0,8,30,1,1,0,0,0,1,17.0,,deux_roues,,1,2,6,1,6
202200029947,2022-05-20 21:00:00,2022,5,20,21,0,62,62122,RD930,50.119409,2.932615,Crépuscule ou aube,En agglomération,Hors intersection,Normale,Deux véhicules - frontale,3,2,2,0,1,1,1,0,1,80,2,2,1,1,0,0,38.0,25.0,utilitaire_camion,voiture,2,2,1,1,1
202200029948,2022-05-21 11:35:00,2022,5,21,11,35,51,51042,D343,48.863684,3.78155,Plein jour,Hors agglomération,Hors intersection,Temps éblouissant,Sans collision,3,2,2,0,1,1,1,0,1,90,1,2,1,0,1,0,33.0,,voiture,,1,1,1,7,7
202200029949,2022-05-15 12:05:00,2022,5,15,12,5,74,74067,Route des Creuses,45.88068,6.029584,Plein jour,Hors agglomération,Hors intersection,Normale,Deux véhicules - côté,3,2,2,0,2,3,1,0,1,80,2,2,1,0,1,0,48.0,59.0,voiture,deux_roues,1,1,1,1,3
202200029950,2022-05-21 09:57:00,2022,5,21,9,57,56,56033,Intersection CD 773 / CD171,47.809408,-2.124996,Plein jour,Hors agglomération,Intersection en X,Normale,Deux véhicules - côté,3,2,2,0,1,3,1,0,1,80,2,2,1,0,1,0,73.0,46.0,voiture,deux_roues,1,1,2,1,3
202200029951,2022-10-03 07:30:00,2022,10,3,7,30,976,97611,tsoundzou-Cadjifouteni ( rue ),-12.80746,45.20645,Plein jour,En agglomération,Autre intersection,Normale,Deux véhicules - côté,2,-1,2,0,1,1,1,6,1,50,2,3,1,0,0,2,45.0,42.0,deux_roues,voiture,1,2,9,1,3
202200029952,2022-05-22 12:50:00,2022,5,22,12,50,59,59130,D300,50.8822713153,2.2271279991,Plein jour,Hors agglomération,Autre intersection,Normale,Deux véhicules - côté,3,2,2,0,1,1,1,0,1,70,2,2,1,1,0,0,36.0,66.0,deux_roues,utilitaire_camion,1,1,9,1,3
202200029953,2022-10-03 12:00:00,2022,10,3,12,0,974,97416,DAMBREVILLE (AVENUE DU DR.),-21.33821,55.48948,Plein jour,En agglomération,Hors intersection,Normale,Deux véhicules - arrière,4,-1,2,0,1,1,1,0,1,50,2,2,1,0,0,1,59.0,18.0,voiture,voiture,1,2,1,1,2
202200029954,2022-05-22 09:15:00,2022,5,22,9,15,74,74089,2850 Route de Cordon,45.923779,6.61202,Plein jour,En agglomération,Hors intersection,Normale,Autre collision,3,2,2,0,2,3,1,0,8,50,1,2,0,0,0,2,31.0,,utilitaire_camion,,1,2,1,1,6
202200029955,2022-10-03 07:15:00,2022,10,3,7,15,974,97416,MITTERAND (AVENUE DU PDT),-21.34423,55.48311,Plein jour,En agglomération,Intersection en T,Normale,Deux véhicules - côté,4,2,2,0,1,1,1,0,1,50,2,2,1,0,0,1,27.0,16.0,voiture,deux_roues,1,2,3,1,3
202200029956,2022-05-21 20:00:00,2022,5,21,20,0,2B,2B152,col de sainte lucie,42.908192,9.377646,Plein jour,Hors agglomération,Hors intersection,Normale,Sans collision,3,2,2,0,4,2,1,0,1,80,1,1,0,0,1,0,25.0,,deux_roues,,1,1,1,1,7
202200029957,2022-09-30 12:45:00,2022,9,30,12,45,973,97302,MADELEINE (ROUTE DE LA),4.9140120426,-52.3208507895,Plein jour,En agglomération,Hors intersection,Normale,Deux véhicules - frontale,3,2,2,0,1,1,1,0,1,50,2,2,1,0,0,1,30.0,25.0,deux_roues,voiture,1,2,1,1,1
202200029958,2022-05-15 22:40:00,2022,5,15,22,40,82,82061,d115,44.12873,1.816531,Nuit sans éclairage public,En agglomération,Hors intersection,Normale,Autre collision,3,2,2,0,1,1,1,0,1,80,1,1,0,0,1,0,40.0,,voiture,,3,2,1,1,6
202200029959,2022-05-22 09:15:00,2022,5,22,9,15,32,32321,pk 22 D149,43.540989,0.826786,Plein jour,Hors agglomération,Hors intersection,Normale,Autre collision,3,2,2,0,1,2,1,0,3,80,1,4,0,0,1,3,20.0,,voiture,,1,1,1,1,6
202200029960,2022-10-03 08:30:00,2022,10,3,8,30,972,97209,RD 41 (ROCADE),14.61706,-61.07364,Plein jour,Hors agglomération,Hors intersection,Normale,Deux véhicules - côté,3,2,5,0,4,3,1,0,1,70,2,2,1,0,0,1,47.0,43.0,voiture,deux_roues,1,1,1,1,3
202200029961,2022-05-22 10:45:00,2022,5,22,10,45,71,71514,D970,46.75055,5.286098,Plein jour,Hors agglomération,Hors intersection,Normale,Deux véhicules - frontale,3,2,2,0,2,2,1,0,1,80,2,3,1,0,1,1,58.0,25.0,deux_roues,voiture,1,1,1,1,1
202200029962,2022-10-02 19:10:00,2022,10,2,19,10,69,69382,Quai Maréchal Joffre,45.7530929433,4.8248586059,Crépuscule ou aube,En agglomération,Intersection en T,Normale,Deux véhicules - côté,4,1,2,3,1,1,1,0,1,30,2,3,2,0,1,0,45.0,23.0,voiture,deux_roues,2,2,3,1,3
202200029963,2022-05-22 04:35:00,2022,5,22,4,35,61,61163,La Coupelliere,48.655457,-0.504019,Nuit avec éclairage allumé,En agglomération,Hors intersection,Normale,Autre collision,3,2,2,0,1,1,1,0,4,90,1,1,0,0,1,0,21.0,,voiture,,5,2,1,1,6
202200029964,2022-05-21 21:15:00,2022,5,21,21,15,61,61023,Les Marboeufs,48.803267,-0.023078,Crépuscule ou aube,Hors agglomération,Hors intersection,Normale,Deux véhicules - frontale,3,2,2,0,1,2,1,0,1,90,2,3,2,0,0,1,20.0,23.0,voiture,voiture,2,1,1,1,1
202200029965,2022-10-03 09:55:00,2022,10,3,9,55,2B,2B037,TOUTES RUES,42.61449,9.43751,Plein jour,En agglomération,Hors intersection,Normale,Deux véhicules - arrière,2,2,4,0,1,1,1,0,1,70,3,4,2,0,0,2,67.0,86.0,voiture,voiture,1,2,1,1,2
202200029966,2022-05-21 01:30:00,2022,5,21,1,30,61,61156,D326,48.536599,0.247031,Nuit sans éclairage public,Hors agglomération,Hors intersection,Normale,Autre collision,3,2,2,0,1,2,1,0,1,90,1,2,0,0,2,0,20.0,,voiture,,3,1,1,1,6
202200029967,2022-10-02 19:12:00,2022,10,2,19,12,2B,2B033,PAOLI DU NR 21 AU 45 -BLD,42.70128,9.4504,Nuit avec éclairage allumé,En agglomération,Intersection en X,Normale,Deux véhicules - frontale,4,1,1,0,1,1,1,5,1,30,2,2,1,0,0,1,16.0,20.0,deux_roues,voiture,5,2,2,1,1
202200029968,2022-05-21 11:30:00,2022,5,21,11,30,42,42246,Avenue de Colombier,45.324295,4.607883,Plein jour,Hors agglomération,Hors intersection,Normale,Autre collision,3,2,2,0,1,1,1,0,1,50,1,1,0,0,1,0,51.0,,deux_roues,,1,1,1,1,6
202200029969,2022-05-22 12:45:00,2022,5,22,12,45,41,41053,D921,47.997963,0.910492,Plein jour,Hors agglomération,Hors intersection,Normale,Autre collision,3,2,2,0,1,3,1,0,1,80,1,1,0,0,0,1,19.0,,voiture,,1,1,1,1,6
202200029970,2022-10-02 10:40:00,2022,10,2,10,40,971,97113,SECTION COCOYER,16.241403203,-61.4893788099,Plein jour,Hors agglomération,Hors intersection,Normale,Deux véhicules - arrière,3,2,2,0,1,1,1,0,1,70,2,2,1,0,0,1,48.0,68.0,deux_roues,voiture,1,1,1,1,2
202200029971,2022-05-20 16:45:00,2022,5,20,16,45,29,29045,Lieu dit Toulgoat,48.413493,-4.242954,Plein jour,Hors agglomération,Intersection en T,Normale,Deux véhicules - arrière,4,3,2,0,1,1,1,5,1,70,2,2,1,0,0,1,34.0,51.0,voiture,deux_roues,1,1,3,1,2
202200029972,2022-10-02 09:30:00,2022,10,2,9,30,971,97120,CHANZY (BOULEVARD),16.24137,-61.53712,Plein jour,En agglomération,Hors intersection,Normale,Deux véhicules - arrière,3,3,4,0,1,1,1,0,1,30,2,3,2,0,0,1,28.0,62.0,voiture,voiture,1,2,1,1,2
202200029973,2022-05-22 10:45:00,2022,5,22,10,45,22,22107,D 2164,48.214608,-3.158741,Plein jour,Hors agglomération,Hors intersection,Pluie légère,Autre collision,3,2,2,0,1,3,2,0,3,70,2,2,0,0,0,2,57.0,60.0,deux_roues,deux_roues,1,1,1,2,6
202200029974,2022-05-22 01:00:00,2022,5,22,1,0,39,39299,Rue du Grand Meix,46.971458,5.339647,Nuit sans éclairage public,Hors agglomération,Hors intersection,Normale,Autre collision,4,2,2,0,1,3,1,0,8,80,1,1,0,0,1,0,21.0,,voiture,,3,1,1,1,6
202200029975,2022-10-01 15:55:00,2022,10,1,15,55,971,97120,CHANZY (BOULEVARD),16.2429,-61.5396,Plein jour,En agglomération,Intersection en T,Normale,Deux véhicules - côté,3,4,4,0,1,1,1,0,1,50,2,2,1,0,0,1,81.0,31.0,deux_roues,voiture,1,2,3,1,3
202200029976,2022-05-21 23:45:00,2022,5,21,23,45,39,39176,,46.996353,5.790825,Nuit sans éclairage public,Hors agglomération,Hors intersection,Normale,Autre collision,3,2,2,0,1,4,1,2,1,80,1,2,0,0,0,2,25.0,,voiture,,3,1,1,1,6
202200029977,2022-10-03 13:40:00,2022,10,3,13,40,2A,2A004,CAMPO DELL ORO RTE,41.92709,8.7861,Plein jour,Hors agglomération,Hors intersection,Normale,Deux véhicules - arrière,2,3,4,0,1,1,1,0,1,70,2,2,1,0,0,1,55.0,25.0,voiture,deux_roues,1,1,1,1,2
202200029978,2022-05-22 13:13:00,2022,5,22,13,13,44,44032,les aveneaux,47.16138,-1.341307,Plein jour,Hors agglomération,Intersection en X,Normale,Deux véhicules - côté,3,2,2,0,1,1,1,0,1,80,2,2,1,0,1,0,71.0,59.0,voiture,deux_roues,1,1,2,1,3
202200029979,2022-10-03 08:45:00,2022,10,3,8,45,2A,2A004,MEZZAVIA ROUTE DE,41.94745,8.7634,Plein jour,En agglomération,Autre intersection,Normale,Deux véhicules - côté,2,2,2,0,1,1,1,0,1,50,2,2,1,0,0,1,30.0,49.0,voiture,deux_roues,1,2,9,1,3
202200029980,2022-10-01 13:29:00,2022,10,1,13,29,87,87085,ESSARTS (RUE DES),45.89564,1.30349,Plein jour,Hors agglomération,Hors intersection,Pluie légère,Autre collision,3,2,2,0,1,4,2,0,1,70,1,4,0,0,1,3,37.0,,voiture,,1,1,1,2,6
202200029981,2022-05-22 18:55:00,2022,5,22,18,55,44,44119,Rue de nantes,46.992709,-1.768327,Plein jour,Hors agglomération,Hors intersection,Normale,Deux véhicules - frontale,3,2,2,0,1,3,1,0,1,80,2,7,3,0,0,4,61.0,48.0,voiture,voiture,1,1,1,1,1
202200029982,2022-09-30 15:52:00,2022,9,30,15,52,87,87085,COUTURES (AVENUE DES),45.83595,1.27027,Plein jour,En agglomération,Hors intersection,Normale,Autre collision,4,2,2,0,2,1,1,0,1,30,1,2,1,0,0,1,56.0,,voiture,,1,2,1,1,6
202200029983,2022-05-21 20:45:00,2022,5,21,20,45,29,29241,Rue Hippolyte le Bas,47.957567,-3.825849,Plein jour,En agglomération,Intersection en Y,Normale,Autre collision,3,1,1,0,1,3,1,9,4,50,1,2,0,0,0,2,16.0,,deux_roues,,1,2,4,1,6
202200029984,2022-10-01 17:00:00,2022,10,1,17,0,87,87048,NEXON (ROUTE DE),45.76995,1.22408,Plein jour,Hors agglomération,Hors intersection,Pluie légère,Autre collision,3,2,2,0,2,3,2,0,1,70,1,3,1,0,0,2,45.0,,voiture,,1,1,1,2,6