accident_id,datetime,annee,mois,jour,heure,minute,departement,commune_insee,adresse,latitude,longitude,luminosite,agglomeration,intersection,meteo,collision,catr,circ,nbv,vosp,prof,plan,surf,infra,situ,vma,nb_vehicules,nb_usagers,nb_indemnes,nb_tues,nb_blesses_hosp,nb_blesses_legers,age_cond_1,age_cond_2,veh_type_cond_1,veh_type_cond_2,lum_code,agg_code,int_code,atm_code,col_code
202200029985,2022-10-01 16:23:00,2022,10,1,16,23,87,87085,ALLENDE (QUAI SALVADOR),45.81709,1.25244,Plein jour,En agglomération,Hors intersection,Pluie légère,Autre collision,2,1,1,0,2,2,2,3,1,50,1,1,0,0,0,1,63.0,,voiture,,1,2,1,2,6
202200029986,2022-09-28 19:59:00,2022,9,28,19,59,87,87085,GUERIN (RUE CAMILLE),45.8209,1.23037,Nuit avec éclairage allumé,En agglomération,Intersection en X,Pluie légère,Deux véhicules - côté,4,3,6,0,1,1,2,5,1,50,2,3,2,0,0,1,20.0,33.0,voiture,utilitaire_camion,5,2,2,2,3
202200029987,2022-05-21 19:53:00,2022,5,21,19,53,02,02018,1 Rue Jean Zay,49.510334,3.450978,Plein jour,En agglomération,Hors intersection,Normale,Autre collision,3,2,2,0,1,3,1,0,1,50,1,7,6,0,0,1,25.0,,voiture,,1,2,1,1,6
202200029988,2022-09-29 17:40:00,2022,9,29,17,40,83,83126,MISTRAL (AV FREDERIC),43.0955,5.88312,Plein jour,En agglomération,Hors intersection,Normale,Deux véhicules - côté,4,1,1,0,1,1,1,0,8,50,2,2,1,0,0,1,62.0,49.0,voiture,deux_roues,1,2,1,1,3
202200029989,2022-04-21 09:18:00,2022,4,21,9,18,03,03196,route de Marcigny - La montée,46.343439,3.88901,Plein jour,Hors agglomération,Hors intersection,Normale,Sans collision,3,2,2,0,2,2,1,0,8,90,1,3,2,0,0,1,21.0,,voiture,,1,1,1,1,7
202200029990,2022-05-22 07:00:00,2022,5,22,7,0,03,03172,Bois Marteau,46.423611,2.388298,Nuit sans éclairage public,Hors agglomération,Hors intersection,Normale,Autre collision,3,2,2,0,1,3,1,0,3,90,1,1,0,0,1,0,21.0,,voiture,,3,1,1,1,6
202200029991,2022-05-21 18:15:00,2022,5,21,18,15,58,58059,17 Rue Sainte Anne,47.176449,3.019276,Plein jour,En agglomération,Hors intersection,Normale,Autre collision,9,1,1,0,2,1,1,0,4,50,1,1,0,0,1,0,13.0,,deux_roues,,1,2,1,1,6
202200029992,2022-10-02 18:10:00,2022,10,2,18,10,78,78643,BRETEUIL CHEMIN DE,48.9638,1.97962,Plein jour,Hors agglomération,Hors intersection,Normale,Deux véhicules - frontale,4,2,2,0,1,1,2,0,1,50,2,2,1,0,0,1,21.0,38.0,deux_roues,voiture,1,1,1,1,1
202200029993,2022-05-22 11:15:00,2022,5,22,11,15,64,64040,Route du Plateau de Chousse,43.010673,-0.747027,Plein jour,Hors agglomération,Hors intersection,Normale,Deux véhicules - côté,3,2,2,0,2,1,1,0,1,80,2,2,1,0,1,0,24.0,25.0,deux_roues,deux_roues,1,1,1,1,3
202200029994,2022-10-03 11:30:00,2022,10,3,11,30,76,76319,Avenue des Poiriers,49.3381142294,1.0238248646,Plein jour,En agglomération,Hors intersection,Pluie légère,Sans collision,4,2,2,0,1,1,2,0,8,30,1,1,0,0,0,1,21.0,,deux_roues,,1,2,1,2,7
202200029995,2022-05-21 10:45:00,2022,5,21,10,45,64,64256,Route de l'Arberoue,43.387911,-1.298965,Plein jour,En agglomération,Intersection en X,Normale,Deux véhicules - côté,3,2,2,0,1,1,1,5,1,50,2,2,1,0,0,1,14.0,24.0,deux_roues,voiture,1,2,2,1,3
202200029996,2022-10-03 07:40:00,2022,10,3,7,40,76,76540,Quai de France,49.43731,1.05522,Crépuscule ou aube,En agglomération,Intersection en T,Brouillard / fumée,Deux véhicules - arrière,4,2,4,0,1,1,1,0,1,50,2,2,1,0,0,1,31.0,51.0,deux_roues,utilitaire_camion,2,2,3,5,2
202200029997,2022-05-21 11:35:00,2022,5,21,11,35,73,73229,D1006,45.4556366222,5.7809570432,Plein jour,Hors agglomération,Intersection en X,Normale,Deux véhicules - côté,3,2,2,2,2,1,1,0,1,80,2,2,1,0,0,1,30.0,23.0,deux_roues,voiture,1,1,2,1,3
202200029998,2022-05-21 19:15:00,2022,5,21,19,15,73,73274,D912 - Lieu dit le pont du lac,45.431685,5.870776,Plein jour,Hors agglomération,Hors intersection,Normale,Deux véhicules - frontale,3,2,2,0,2,4,1,9,1,80,2,2,1,0,1,0,46.0,66.0,voiture,deux_roues,1,1,1,1,1
202200029999,2022-09-30 12:30:00,2022,9,30,12,30,76,76305,ENTREPRISES (ROUTE DES),49.48158,0.21976,Plein jour,Hors agglomération,Intersection en X,Normale,Deux véhicules - côté,4,2,2,0,1,1,1,4,8,50,2,3,2,0,0,1,33.0,60.0,transport_commun,utilitaire_camion,1,1,2,1,3
202200030000,2022-05-21 22:47:00,2022,5,21,22,47,07,07024,,44.38433,4.17223,Nuit sans éclairage public,Hors agglomération,Hors intersection,Normale,Autre collision,3,2,2,0,2,1,1,0,3,80,1,1,0,0,1,0,28.0,,voiture,,3,1,1,1,6
202200030001,2022-05-20 14:40:00,2022,5,20,14,40,24,24519,Farat,45.463517,1.101336,Plein jour,Hors agglomération,Intersection en X,Normale,Deux véhicules - côté,3,2,2,0,3,1,1,0,1,80,2,3,2,0,1,0,61.0,62.0,voiture,voiture,1,1,2,1,3
202200030002,2022-10-02 23:40:00,2022,10,2,23,40,76,76351,ETRETAT (D'),49.49766,0.09672,Nuit avec éclairage allumé,En agglomération,Intersection en X,Normale,Autre collision,4,2,2,0,1,1,1,0,1,50,1,1,0,1,0,0,17.0,,voiture,,5,2,2,1,6
202200030003,2022-10-01 04:20:00,2022,10,1,4,20,74,74298,LIVRON (ROUTE DU),46.18292,6.25284,Nuit avec éclairage allumé,En agglomération,Hors intersection,Normale,Autre collision,4,2,2,2,2,1,1,0,1,30,1,1,0,0,0,1,21.0,,voiture,,5,2,1,1,6
202200030004,2022-05-22 11:45:00,2022,5,22,11,45,85,85108,D7,46.908309,-1.376874,Plein jour,En agglomération,Intersection en X,Normale,Deux véhicules - côté,3,2,2,2,1,1,1,0,5,50,2,2,1,0,0,1,50.0,20.0,deux_roues,deux_roues,1,2,2,1,3
202200030005,2022-10-03 03:30:00,2022,10,3,3,30,73,73065,N201 VOIE RAPIDE URBAINE,45.5851,5.90766,Nuit sans éclairage public,Hors agglomération,Hors intersection,Normale,Autre collision,2,3,6,0,1,1,1,0,1,90,1,2,1,0,1,0,39.0,,utilitaire_camion,,3,1,1,1,6
202200030006,2022-05-22 13:15:00,2022,5,22,13,15,27,27690,,49.247932,1.611224,Plein jour,Hors agglomération,Intersection en X,Normale,Deux véhicules - côté,3,2,2,0,3,1,1,0,1,80,2,3,0,0,0,3,35.0,53.0,voiture,voiture,1,1,2,1,3
202200030007,2022-10-01 15:54:00,2022,10,1,15,54,72,72181,EDISON THOMAS (RUE),48.02515,0.1805,Plein jour,En agglomération,Hors intersection,Normale,Deux véhicules - côté,4,-1,2,0,1,1,1,0,1,50,2,2,1,0,0,1,43.0,20.0,voiture,deux_roues,1,2,1,1,3
202200030008,2022-05-22 08:05:00,2022,5,22,8,5,17,17246,d739,45.96019,-0.811508,Plein jour,Hors agglomération,Hors intersection,Normale,Deux véhicules - frontale,3,2,2,0,1,1,1,0,1,80,2,2,0,0,0,2,30.0,25.0,voiture,voiture,1,1,1,1,1
202200030009,2022-09-30 23:25:00,2022,9,30,23,25,72,72181,RUAUDIN (RUE) N° IMP 1 A 67,47.959962,0.224935,Nuit avec éclairage allumé,Hors agglomération,Intersection en T,Pluie légère,Deux véhicules - côté,4,3,2,0,2,1,2,0,1,50,2,2,1,0,1,0,72.0,17.0,deux_roues,voiture,5,1,3,2,3
202200030010,2022-05-20 08:35:00,2022,5,20,8,35,95,95394,Route de Pontoise,49.0597487166,2.1671229601,Plein jour,En agglomération,Hors intersection,Temps couvert,Autre collision,3,2,2,0,1,1,1,0,1,50,1,2,1,0,0,1,21.0,,voiture,,1,2,1,8,6
202200030011,2022-05-21 16:25:00,2022,5,21,16,25,18,18267,,47.032972,2.372468,Plein jour,Hors agglomération,Hors intersection,Normale,Deux véhicules - arrière,1,3,4,3,1,1,1,0,1,130,2,2,1,1,0,0,38.0,53.0,voiture,utilitaire_camion,1,1,1,1,2
202200030012,2022-09-29 18:03:00,2022,9,29,18,3,72,72181,DURAND GEORGES (AV) N° PAIRS 166 A 310,47.97159,0.21682,Plein jour,En agglomération,Hors intersection,Normale,Deux véhicules - arrière,4,3,2,0,2,1,1,0,5,50,2,2,1,0,1,0,26.0,18.0,voiture,autre,1,2,1,1,2
202200030013,2022-05-21 16:40:00,2022,5,21,16,40,988,98817,Rue des Trois Banians,-22.218958,166.512356,Crépuscule ou aube,En agglomération,Hors intersection,Pluie légère,Deux véhicules - frontale,4,2,2,0,3,3,2,0,3,50,1,2,0,0,2,0,36.0,,voiture,,2,2,1,2,1
202200030014,2022-10-01 19:30:00,2022,10,1,19,30,71,71270,LYON (ROUTE DE),46.28991,4.81265,Nuit avec éclairage allumé,En agglomération,Hors intersection,Pluie légère,Deux véhicules - côté,3,2,4,0,1,1,2,0,1,50,2,2,0,0,0,2,31.0,20.0,voiture,voiture,5,2,1,2,3
202200030015,2022-05-22 08:50:00,2022,5,22,8,50,988,98802,"RT1 PK 92+940, carrefour avec CR 9",-21.846766,165.923193,Plein jour,Hors agglomération,Intersection en T,Normale,Deux véhicules - arrière,2,2,2,0,1,3,1,9,1,110,2,2,1,1,0,0,19.0,64.0,deux_roues,utilitaire_camion,1,1,3,1,2
202200030016,2022-10-03 18:00:00,2022,10,3,18,0,69,69259,Avenue du 11 Novembre 1918,45.688768088,4.8652911187,Plein jour,En agglomération,Autre intersection,Normale,Autre collision,6,-1, -1,0,2,1,1,9,1,30,1,2,1,0,0,1,40.0,,voiture,,1,2,9,1,6
202200030017,2022-10-03 12:30:00,2022,10,3,12,30,69,69029,Avenue Pierre Mendès France,45.7237161367,4.917563796,Plein jour,En agglomération,Hors intersection,Normale,Autre collision,7,2,4,0,2,3,1,9,1,50,1,2,1,0,0,1,21.0,,voiture,,1,2,1,1,6
202200030018,2022-05-18 15:05:00,2022,5,18,15,5,91,91494,50 Route de Corbeil,48.610106,2.3258,Plein jour,En agglomération,Hors intersection,Normale,Autre collision,3,2,2,0,1,1,1,0,1,30,1,2,1,0,1,0,59.0,,voiture,,1,2,1,1,6
202200030019,2022-05-22 15:30:00,2022,5,22,15,30,83,83053,,43.1744889,5.828376,Plein jour,En agglomération,Hors intersection,Normale,Deux véhicules - frontale,3,2,2,0,1,1,1,0,1,50,2,2,1,1,0,0,25.0,48.0,voiture,deux_roues,1,2,1,1,1
202200030020,2022-10-03 13:35:00,2022,10,3,13,35,68,68224,SCHWILGUE (RUE),47.75009,7.32749,Plein jour,En agglomération,Intersection en X,Normale,Deux véhicules - côté,4,2,2,0,1,1,1,5,1,50,2,2,1,0,1,0,34.0,50.0,voiture,deux_roues,1,2,2,1,3
202200030021,2022-05-22 06:25:00,2022,5,22,6,25,83,83016,Dn8,43.231687231,5.8064747232,Crépuscule ou aube,Hors agglomération,Hors intersection,Normale,Deux véhicules - frontale,3,2,2,0,2,3,1,0,1,70,2,2,0,0,0,2,21.0,40.0,voiture,voiture,2,1,1,1,1
202200030022,2022-10-01 21:05:00,2022,10,1,21,5,67,67482,SCHIRMECK (ROUTE DE),48.57333,7.71934,Nuit avec éclairage allumé,En agglomération,Hors intersection,Normale,Deux véhicules - arrière,7,2,3,3,1,1,1,0,1,50,2,2,1,0,0,1,22.0,19.0,voiture,voiture,5,2,1,1,2
202200030023,2022-02-04 07:50:00,2022,2,4,7,50,83,83001,RD37 - Route du Lac,43.5467709724,6.8073166608,Crépuscule ou aube,Hors agglomération,Hors intersection,Normale,Deux véhicules - arrière,3,2,2,0,1,1,1,0,1,80,2,2,0,0,1,1,27.0,44.0,voiture,voiture,2,1,1,1,2
202200030024,2022-10-01 19:10:00,2022,10,1,19,10,67,67482,BRIGADE ALSACE LORRAINE (RUE DE LA),48.57654,7.7539,Nuit avec éclairage allumé,En agglomération,Intersection en T,Normale,Trois véhicules et plus - collisions multiples,4,1,1,1,1,1,1,0,1,30,3,4,3,0,0,1,22.0,26.0,deux_roues,deux_roues,5,2,3,1,5
202200030025,2022-05-22 18:05:00,2022,5,22,18,5,06,06078,D6202,43.923445,7.15314,Plein jour,Hors agglomération,Hors intersection,Normale,Autre collision,3,2,2,0,1,1,1,9,1,80,2,3,1,0,0,2,66.0,26.0,voiture,voiture,1,1,1,1,6
202200030026,2022-05-22 10:05:00,2022,5,22,10,5,13,13030,D8n,43.267894,5.726881,Plein jour,Hors agglomération,Hors intersection,Normale,Deux véhicules - frontale,3,3,2,0,1,1,1,9,1,80,2,2,1,0,1,0,51.0,25.0,voiture,deux_roues,1,1,1,1,1
202200030027,2022-10-01 06:00:00,2022,10,1,6,0,67,67482,FUSTEL DE COULANGES (QUAI),48.5748940243,7.7511388063,Nuit avec éclairage allumé,En agglomération,Intersection en T,Pluie légère,Deux véhicules - côté,4,2,5,3,1,1,2,0,1,50,2,3,2,0,0,1,34.0,23.0,voiture,transport_commun,5,2,3,2,3
202200030028,2022-05-22 16:48:00,2022,5,22,16,48,13,13096,D38,43.469397,4.3951,Plein jour,Hors agglomération,Hors intersection,Normale,Deux véhicules - côté,3,2,2,0,1,1,1,0,1,70,2,3,1,0,1,1,28.0,30.0,deux_roues,voiture,1,1,1,1,3
202200030029,2022-09-30 11:20:00,2022,9,30,11,20,67,67204,LOIRE (RUE DE LA),48.62735,7.77247,Plein jour,En agglomération,Hors intersection,Normale,Deux véhicules - arrière,4,2,2,0,1,1,1,0,1,50,2,2,1,0,0,1,86.0,43.0,voiture,utilitaire_camion,1,2,1,1,2
202200030030,2022-05-21 21:25:00,2022,5,21,21,25,08,08190,17 Place de la République,50.135122,4.828314,Crépuscule ou aube,En agglomération,Intersection en T,Normale,Deux véhicules - côté,3,2,2,3,1,1,1,0,1,50,2,3,2,0,0,1,19.0,70.0,deux_roues,voiture,2,2,3,1,3
202200030031,2022-09-29 16:45:00,2022,9,29,16,45,67,67482,ABBE LEMIRE (RUE DE L ),48.58074,7.72365,Plein jour,En agglomération,Intersection en T,Normale,Deux véhicules - côté,4,2,3,1,1,1,1,0,1,50,2,2,1,0,0,1,22.0,61.0,deux_roues,voiture,1,2,3,1,3
202200030032,2022-05-21 17:30:00,2022,5,21,17,30,68,68247,D27,47.940295,7.01172,Plein jour,Hors agglomération,Hors intersection,Normale,Sans collision,3,2,2,0,2,3,1,0,3,80,1,1,0,0,0,1,20.0,,deux_roues,,1,1,1,1,7
202200030033,2022-09-27 16:55:00,2022,9,27,16,55,67,67482,RACINE (AVENUE),48.59583,7.69601,Plein jour,En agglomération,Intersection en T,Pluie légère,Deux véhicules - côté,4,-1,1,0,1,1,9,9,6,30,2,2,0,0,0,2,34.0,17.0,deux_roues,deux_roues,1,2,3,2,3
202200030034,2022-05-21 17:50:00,2022,5,21,17,50,67,67364,D83,48.4095386404,7.631957531,Plein jour,Hors agglomération,Hors intersection,Normale,Sans collision,3,3,4,0,1,1,1,0,8,110,1,2,0,0,0,2,42.0,,voiture,,1,1,1,1,7
202200030035,2022-10-01 18:55:00,2022,10,1,18,55,64,64445,rond point gabriel Delauney,43.3189,-0.30724,Plein jour,En agglomération,Giratoire,Temps éblouissant,Deux véhicules - côté,3,2,2,2,1,3,1,0,1,50,2,2,1,0,0,1,53.0,61.0,deux_roues,voiture,1,2,6,7,3
202200030036,2022-05-22 16:00:00,2022,5,22,16,0,74,74166,D21,46.363278,6.520354,Plein jour,Hors agglomération,Hors intersection,Normale,Deux véhicules - frontale,3,2,2,0,2,4,1,0,1,80,2,2,0,0,1,1,55.0,33.0,voiture,deux_roues,1,1,1,1,1
202200030037,2022-04-20 15:20:00,2022,4,20,15,20,38,38087,Rue de la République,45.580549,4.805408,Plein jour,En agglomération,Hors intersection,Normale,Autre collision,4,2,2,0,1,1,1,0,4,30,1,1,0,0,0,1,77.0,,voiture,,1,2,1,1,6
202200030038,2022-04-30 16:20:00,2022,4,30,16,20,69,69113,Route de la Vallée,45.9557867084,4.5239853859,Plein jour,Hors agglomération,Hors intersection,Normale,Autre collision,3,2,2,0,1,1,1,0,3,80,1,2,0,1,0,1,86.0,,voiture,,1,1,1,1,6
202200030039,2022-09-29 07:25:00,2022,9,29,7,25,64,64129,Avenue Jean Mermoz,43.3136887264,-0.3777475655,Nuit avec éclairage allumé,En agglomération,Intersection en X,Pluie forte,Deux véhicules - côté,4,2,2,0,1,1,3,5,1,50,2,5,4,0,0,1,45.0,18.0,voiture,voiture,5,2,2,3,3
202200030040,2022-05-18 16:15:00,2022,5,18,16,15,69,69009,Route Départementale 39,45.943996,4.726181,Plein jour,Hors agglomération,Intersection en T,Normale,Trois véhicules et plus - en chaîne,3,2,2,0,1,1,1,0,1,70,3,3,1,0,0,2,65.0,18.0,voiture,voiture,1,1,3,1,4
202200030041,2022-10-02 19:45:00,2022,10,2,19,45,64,64024,Rue de Hardoy,43.49388,-1.49925,Crépuscule ou aube,En agglomération,Intersection en X,Normale,Deux véhicules - frontale,4,2,2,0,2,1,1,0,1,50,2,3,1,0,1,1,34.0,17.0,voiture,deux_roues,2,2,2,1,1
202200030042,2022-05-21 18:55:00,2022,5,21,18,55,81,81281,Sémalens,43.613133,2.098078,Plein jour,Hors agglomération,Hors intersection,Normale,Deux véhicules - arrière,3,2,2,0,2,1,1,0,1,80,2,3,1,0,1,1,61.0,39.0,deux_roues,voiture,1,1,1,1,2
202200030043,2022-10-02 06:00:00,2022,10,2,6,0,64,64024,Avenue d' Espagne,43.4760578912,-1.5276110738,Nuit avec éclairage allumé,En agglomération,Hors intersection,Normale,Deux véhicules - arrière,3,2,2,0,1,1,1,0,1,50,2,3,2,0,0,1,57.0,23.0,voiture,voiture,5,2,1,1,2
202200030044,2022-05-21 18:25:00,2022,5,21,18,25,69,69069,38 Avenue Edouard Millaud,45.7473516726,4.7344900619,Plein jour,En agglomération,Hors intersection,Normale,Deux véhicules - côté,7,2,2,0,1,1,1,0,1,50,2,3,1,0,1,1,24.0,57.0,voiture,deux_roues,1,2,1,1,3
202200030045,2022-09-27 18:10:00,2022,9,27,18,10,62,62065,ROUSSEAU JEAN JACQUES,50.40483,2.82827,Plein jour,En agglomération,Intersection en X,Pluie légère,Autre collision,4,2,1,0,1,1,2,5,1,50,1,2,1,0,0,1,33.0,,voiture,,1,2,2,2,6
202200030046,2022-05-22 18:15:00,2022,5,22,18,15,65,65320,Route de Hitte,43.12924,0.128295,Plein jour,Hors agglomération,Hors intersection,Normale,Deux véhicules - frontale,3,2,2,0,2,1,1,0,1,70,2,5,3,0,1,1,33.0,44.0,deux_roues,voiture,1,1,1,1,1
202200030047,2022-10-01 09:30:00,2022,10,1,9,30,59,59170,8 MAI (RUE DU ),50.34756,3.12239,Plein jour,En agglomération,Intersection en T,Normale,Deux véhicules - côté,4,2,2,0,1,1,1,0,1,50,2,2,1,0,1,0,25.0,23.0,voiture,deux_roues,1,2,3,1,3
202200030048,2022-05-21 12:20:00,2022,5,21,12,20,33,33321,RN10 PK16+900,45.037095,-0.416231,Plein jour,Hors agglomération,Hors intersection,Temps éblouissant,Autre collision,2,3,4,0,1,1,1,0,1,110,2,3,1,2,0,0,87.0,58.0,voiture,deux_roues,1,1,1,7,6
202200030049,2022-09-27 07:10:00,2022,9,27,7,10,59,59654,TOURNAI (ROUTE DE),50.3806552873,3.0941346288,Crépuscule ou aube,En agglomération,Giratoire,Temps couvert,Deux véhicules - côté,3,1,2,0,1,2,2,0,1,50,2,2,1,0,0,1,48.0,40.0,deux_roues,voiture,2,2,6,8,3
202200030050,2022-05-22 12:00:00,2022,5,22,12,0,29,29055,Lieu-Dit Croas Kerzu,48.569204742,-4.3594023585,Plein jour,Hors agglomération,Intersection en Y,Normale,Deux véhicules - côté,3,3,2,0,1,1,1,0,1,80,2,4,2,0,1,1,64.0,54.0,voiture,deux_roues,1,1,4,1,3
202200030051,2022-10-02 14:20:00,2022,10,2,14,20,57,57019,RD8,49.26124,6.128619,Plein jour,En agglomération,Hors intersection,Pluie forte,Deux véhicules - frontale,3,2,2,0,1,2,2,0,1,50,2,3,0,0,1,2,57.0,29.0,voiture,voiture,1,2,1,3,1
202200030052,2022-10-01 11:15:00,2022,10,1,11,15,56,56107,2 Rue de Ploemeur,47.71778,-3.38425,Plein jour,En agglomération,Giratoire,Normale,Sans collision,4,3,2,0,1,3,1,5,1,50,1,1,0,0,0,1,17.0,,deux_roues,,1,2,6,1,7
202200030053,2022-05-07 16:30:00,2022,5,7,16,30,22,22162,Rue du Général Leclerc,48.778268,-3.042096,Plein jour,En agglomération,Hors intersection,Normale,Deux véhicules - arrière,3,3,1,0,4,1,1,0,1,50,2,2,1,0,0,1,,14.0,voiture,deux_roues,1,2,1,1,2
202200030054,2022-05-22 11:00:00,2022,5,22,11,0,22,22136,Kerloïc,48.180524,-2.825546,Plein jour,Hors agglomération,Hors intersection,Temps couvert,Deux véhicules - arrière,3,2,2,0,1,2,1,0,1,80,2,2,1,1,0,0,23.0,46.0,voiture,deux_roues,1,1,1,8,2
202200030055,2022-10-01 01:05:00,2022,10,1,1,5,56,56098,N165 sens Lorient/Vannes,47.783628,-3.338889,Nuit sans éclairage public,Hors agglomération,Hors intersection,Pluie légère,Trois véhicules et plus - en chaîne,2,3,4,0,1,1,2,0,1,90,4,5,1,0,1,3,23.0,56.0,voiture,voiture,3,1,1,2,4
202200030056,2022-05-22 10:30:00,2022,5,22,10,30,02,02309,,49.515214,3.751273,Plein jour,Hors agglomération,Hors intersection,Normale,Sans collision,9,-1,2,0,2,1,9,0,1,80,1,1,0,0,0,1,75.0,,deux_roues,,1,1,1,1,7
202200030057,2022-09-30 19:35:00,2022,9,30,19,35,54,54395,LECLERC (AV. DU GENE,48.682566532,6.184258014,Nuit avec éclairage allumé,En agglomération,Intersection en X,Normale,Deux véhicules - arrière,4,2,4,0,1,1,1,2,1,50,2,2,0,0,0,2,19.0,70.0,deux_roues,deux_roues,5,2,2,1,2
202200030058,2022-10-03 07:50:00,2022,10,3,7,50,51,51454,rue Adrien Sénéchal,49.2233281062,4.0164443851,Crépuscule ou aube,En agglomération,Hors intersection,Brouillard / fumée,Sans collision,4,2,2,0,1,1,2,0,1,30,1,2,1,0,0,1,19.0,,voiture,,2,2,1,5,7
202200030059,2022-05-21 18:25:00,2022,5,21,18,25,59,59541,D958,50.2037743154,3.5002666712,Plein jour,Hors agglomération,Hors intersection,Normale,Trois véhicules et plus - collisions multiples,3,2,2,0,1,1,1,0,1,80,4,4,0,0,2,2,23.0,21.0,voiture,voiture,1,1,1,1,5
202200030060,2022-10-01 13:05:00,2022,10,1,13,5,49,49267,MARMITIERE,47.4725746351,-0.493003428,Plein jour,En agglomération,Hors intersection,Pluie légère,Sans collision,4,1,2,0,1,2,2,0,1,30,1,1,0,0,1,0,50.0,,deux_roues,,1,2,1,2,7
202200030061,2022-10-03 17:30:00,2022,10,3,17,30,47,47323,VELOURS (CHEMIN DE),44.4047763846,0.71509354,Plein jour,En agglomération,Hors intersection,Normale,Autre collision,4,1,1,0,1,1,1,0,1,50,1,2,1,0,1,0,56.0,,voiture,,1,2,1,1,6
202200030062,2022-05-21 07:30:00,2022,5,21,7,30,60,60314,RD 151,49.630102,2.029542,Plein jour,Hors agglomération,Hors intersection,Temps couvert,Deux véhicules - frontale,3,2,2,0,1,2,1,0,1,80,2,4,0,0,2,2,20.0,40.0,voiture,utilitaire_camion,1,1,1,8,1
202200030063,2022-10-03 19:30:00,2022,10,3,19,30,47,47001,LIBERTE (BOULEVARD DE LA),44.19851,0.62096,Plein jour,En agglomération,Intersection en X,Normale,Autre collision,3,2,2,0,1,1,1,0,1,50,1,2,1,0,1,0,57.0,,voiture,,1,2,2,1,6
202200030064,2022-05-20 12:35:00,2022,5,20,12,35,73,73085,D991 Lieu-dit praz,45.829941091,5.8427819611,Plein jour,En agglomération,Intersection en T,Normale,Deux véhicules - frontale,3,2,2,0,1,1,1,0,1,50,2,2,1,0,0,1,50.0,41.0,voiture,voiture,1,2,3,1,1
202200030065,2022-10-03 09:05:00,2022,10,3,9,5,47,47001,MESSINES (BD DU DOCTEUR),44.20859,0.64397,Crépuscule ou aube,En agglomération,Hors intersection,Normale,Deux véhicules - arrière,4,2,2,0,1,1,1,0,1,30,2,2,1,0,1,0,51.0,40.0,deux_roues,voiture,2,2,1,1,2
202200030066,2022-05-20 23:00:00,2022,5,20,23,0,42,42070,2050 Route de Bully,45.927972,4.046112,Nuit sans éclairage public,Hors agglomération,Hors intersection,Normale,Autre collision,3,2,2,0,2,3,1,0,3,80,1,8,1,0,3,4,18.0,,voiture,,3,1,1,1,6
202200030067,2022-10-03 12:00:00,2022,10,3,12,0,37,37122,,47.3508431305,0.6460529566,Plein jour,En agglomération,Hors intersection,Normale,Autre collision,7,1,2,0,1,1,1,0,1,90,1,4,0,0,0,4,20.0,,voiture,,1,2,1,1,6
202200030068,2022-05-20 15:52:00,2022,5,20,15,52,67,67005,108 Rue Principale,48.79457,7.589018,Plein jour,En agglomération,Intersection en X,Normale,Autre collision,3,2,2,0,1,1,1,0,1,50,2,2,1,0,0,1,59.0,22.0,utilitaire_camion,voiture,1,2,2,1,6
202200030069,2022-10-03 08:40:00,2022,10,3,8,40,37,37261,GANCE (BOULEVARD ABEL),47.425,0.71163,Plein jour,En agglomération,Giratoire,Normale,Deux véhicules - côté,7,2,2,0,1,1,2,0,1,70,2,2,1,0,0,1,15.0,45.0,deux_roues,voiture,1,2,6,1,3
202200030070,2022-05-21 03:40:00,2022,5,21,3,40,22,22339,N176,48.5008730019,-2.0397455514,Nuit sans éclairage public,Hors agglomération,Hors intersection,Normale,Deux véhicules - arrière,2,3,4,0,1,1,1,0,1,110,2,2,1,0,0,1,47.0,25.0,utilitaire_camion,voiture,3,1,1,1,2
202200030071,2022-05-20 10:19:00,2022,5,20,10,19,01,01033,Avenue Mal de Lattre de Tassigny (Châtillon-en-Michaille),46.128099,5.811591,Plein jour,En agglomération,Giratoire,Normale,Deux véhicules - côté,3,2,2,0,2,1,1,0,1,50,2,3,2,0,1,0,26.0,64.0,deux_roues,voiture,1,2,6,1,3
202200030072,2022-10-03 19:00:00,2022,10,3,19,0,33,33192,Rue du Bourdillat,44.77776,-0.59516,Plein jour,En agglomération,Intersection en X,Normale,Deux véhicules - côté,4,2,2,2,1,1,1,0,1,50,2,2,1,0,0,1,20.0,68.0,deux_roues,voiture,1,2,2,1,3
202200030073,2022-05-19 11:30:00,2022,5,19,11,30,79,79148,3 Rue Gate Bourse,46.26452,-0.01195,Plein jour,En agglomération,Hors intersection,Normale,Sans collision,4,2,2,0,1,1,1,0,1,50,1,2,1,0,1,0,90.0,,voiture,,1,2,1,1,7
202200030074,2022-05-21 04:16:00,2022,5,21,4,16,68,68343,D4b,47.876926,7.307448,Nuit avec éclairage allumé,En agglomération,Hors intersection,Normale,Sans collision,3,2,2,0,1,1,1,0,4,-1,1,2,1,0,0,1,26.0,,deux_roues,,5,2,1,1,7
202200030075,2022-10-02 13:52:00,2022,10,2,13,52,32,32013,SADI-CARNOT (BOULEVARD),43.64366,0.58699,Plein jour,En agglomération,Intersection en X,Normale,Deux véhicules - frontale,2,2,2,0,1,1,1,0,1,50,2,3,2,0,1,0,92.0,35.0,voiture,deux_roues,1,2,2,1,1
202200030076,2022-05-20 11:10:00,2022,5,20,11,10,34,34014,D109 E1,43.706422,3.912474,Plein jour,Hors agglomération,Hors intersection,Normale,Deux véhicules - côté,3,2,2,0,2,3,1,0,1,-1,2,2,1,0,0,1,47.0,71.0,voiture,deux_roues,1,1,1,1,3