accident_id,datetime,annee,mois,jour,heure,minute,departement,commune_insee,adresse,latitude,longitude,luminosite,agglomeration,intersection,meteo,collision,catr,circ,nbv,vosp,prof,plan,surf,infra,situ,vma,nb_vehicules,nb_usagers,nb_indemnes,nb_tues,nb_blesses_hosp,nb_blesses_legers,age_cond_1,age_cond_2,veh_type_cond_1,veh_type_cond_2,lum_code,agg_code,int_code,atm_code,col_code
202200030077,2022-10-03 17:15:00,2022,10,3,17,15,31,31557,PETIT TRAIN (RUE DU),43.58224,1.33314,Plein jour,En agglomération,Hors intersection,Normale,Deux véhicules - frontale,4,2,0,0,1,1,1,0,1,50,2,2,1,0,1,0,40.0,65.0,voiture,deux_roues,1,2,1,1,1
202200030078,2022-05-17 10:40:00,2022,5,17,10,40,57,57106,Rue Mazelle,49.292449,6.532814,Plein jour,En agglomération,Autre intersection,Temps éblouissant,Trois véhicules et plus - en chaîne,4,2,2,0,2,1,1,0,1,50,3,4,2,0,0,2,18.0,72.0,voiture,voiture,1,2,9,7,4
202200030079,2022-10-02 00:25:00,2022,10,2,0,25,27,27681,C1,49.09819,1.50985,Nuit sans éclairage public,Hors agglomération,Hors intersection,Pluie légère,Sans collision,3,2,2,0,2,3,2,0,3,80,1,3,1,0,0,2,20.0,,voiture,,3,1,1,2,7
202200030080,2022-05-21 06:15:00,2022,5,21,6,15,04,04237,RD 900,44.279152,6.389472,Plein jour,En agglomération,Hors intersection,Normale,Autre collision,3,2,2,0,2,4,1,9,1,50,1,3,0,0,0,3,22.0,,voiture,,1,2,1,1,6
202200030081,2022-09-26 20:25:00,2022,9,26,20,25,27,27681,MARNE (RUE DE LA),49.0882,1.4918,Nuit avec éclairage allumé,En agglomération,Hors intersection,Temps couvert,Deux véhicules - frontale,4,2,2,0,1,1,1,0,1,50,2,2,1,0,0,1,45.0,47.0,voiture,deux_roues,5,2,1,8,1
202200030082,2022-05-18 20:00:00,2022,5,18,20,0,56,56174,penvern,47.833105,-2.907338,Plein jour,Hors agglomération,Autre intersection,Normale,Deux véhicules - côté,3,2,2,0,1,2,1,0,1,80,2,2,1,0,0,1,37.0,14.0,voiture,deux_roues,1,1,9,1,3
202200030083,2022-10-03 06:15:00,2022,10,3,6,15,25,25056,DOLE RUE DE (sup 200),47.226203,5.977221,Nuit sans éclairage public,En agglomération,Intersection à plus de 4 branches,Normale,Deux véhicules - côté,2,3,2,-1,2,3,1,5,1,50,2,2,0,0,0,2,43.0,42.0,voiture,voiture,3,2,5,1,3
202200030084,2022-05-21 03:00:00,2022,5,21,3,0,56,56197,Rue de l'If,47.892467,-2.467434,Nuit sans éclairage public,Hors agglomération,Hors intersection,Normale,Autre collision,3,2,2,0,2,4,1,0,3,50,1,4,1,0,3,0,21.0,,voiture,,3,1,1,1,6
202200030085,2022-09-29 11:25:00,2022,9,29,11,25,22,22113,FORLAC'H (BOULEVARD DU),48.73195,-3.45138,Plein jour,En agglomération,Autre intersection,Pluie légère,Autre collision,4,2,2,0,1,1,2,0,1,50,1,2,1,0,0,1,70.0,,voiture,,1,2,9,2,6
202200030086,2022-05-20 19:00:00,2022,5,20,19,0,74,74148,D110,45.789073,6.110201,Plein jour,Hors agglomération,Hors intersection,Normale,Sans collision,3,2,2,0,2,4,1,0,1,80,1,1,0,0,1,0,30.0,,deux_roues,,1,1,1,1,7
202200030087,2022-10-03 18:05:00,2022,10,3,18,5,17,17415,TOMBOUCTOU AVENUE DE,45.737288,-0.653474,Crépuscule ou aube,En agglomération,Hors intersection,Normale,Autre collision,4,2,2,0,1,1,1,0,1,50,1,2,1,0,0,1,52.0,,voiture,,2,2,1,1,6
202200030088,2022-05-21 14:45:00,2022,5,21,14,45,2B,2B327,RD 80,42.943528,9.461331,Plein jour,Hors agglomération,Hors intersection,Normale,Deux véhicules - côté,3,2,2,0,4,3,1,0,1,80,2,2,1,0,1,0,63.0,52.0,deux_roues,voiture,1,1,1,1,3
202200030089,2022-05-12 17:00:00,2022,5,12,17,0,2B,2B281,D80,42.819972,9.486413,Plein jour,Hors agglomération,Hors intersection,Normale,Deux véhicules - côté,3,2,2,0,1,1,1,0,1,80,2,2,1,0,0,1,16.0,37.0,deux_roues,voiture,1,1,1,1,3
202200030090,2022-10-03 20:44:00,2022,10,3,20,44,17,17300,PEUPLIERS   RUE DES,46.14657,-1.1423,Nuit avec éclairage allumé,En agglomération,Intersection en T,Normale,Deux véhicules - frontale,4,2,2,0,1,3,1,0,1,30,2,2,1,0,0,1,27.0,23.0,voiture,deux_roues,5,2,3,1,1
202200030091,2022-05-21 12:15:00,2022,5,21,12,15,65,65396,19 Rue Lamarque,42.981497,-0.094558,Plein jour,En agglomération,Hors intersection,Normale,Sans collision,3,2,2,0,2,1,1,0,1,50,1,1,0,0,1,0,72.0,,deux_roues,,1,2,1,1,7
202200030092,2022-05-21 09:20:00,2022,5,21,9,20,49,49130,départementale 74,47.615841,-0.528502,Plein jour,Hors agglomération,Autre intersection,Normale,Deux véhicules - côté,3,3,2,0,1,4,1,0,1,90,2,3,2,0,1,0,53.0,40.0,deux_roues,voiture,1,1,9,1,3
202200030093,2022-09-30 19:50:00,2022,9,30,19,50,13,13108,SOUSPIRON VOIE COMMUNALE 48 (CHEMIN),43.81372,4.66122,Nuit avec éclairage allumé,En agglomération,Intersection en X,Normale,Deux véhicules - côté,4,2,2,0,1,1,1,0,1,50,2,4,2,1,1,0,17.0,37.0,deux_roues,utilitaire_camion,5,2,2,1,3
202200030094,2022-05-21 16:00:00,2022,5,21,16,0,12,12240,départementale 42,44.6275921,2.320948,Plein jour,Hors agglomération,Hors intersection,Normale,Sans collision,3,2,2,0,2,2,9,0,1,80,1,1,0,0,1,0,46.0,,deux_roues,,1,1,1,1,7
202200030095,2022-10-03 19:40:00,2022,10,3,19,40,13,13005,SALENGRO (AVENUE ROGER),43.29602,5.56852,Nuit avec éclairage allumé,En agglomération,Hors intersection,Normale,Deux véhicules - côté,4,2,2,0,2,1,1,0,1,30,1,2,1,0,0,1,16.0,,deux_roues,,5,2,1,1,3
202200030096,2022-09-30 17:30:00,2022,9,30,17,30,11,11262,19 Boulevard de 1848,43.1925,3.012851,Plein jour,En agglomération,Hors intersection,Normale,Autre collision,4,-1,2,0,1,1,1,0,4,50,1,2,1,0,0,1,25.0,,voiture,,1,2,1,1,6
202200030097,2022-05-21 15:30:00,2022,5,21,15,30,29,29191,Croas Lescuz.,48.54294301,-3.745808,Plein jour,Hors agglomération,Intersection en X,Normale,Autre collision,3,2,2,0,1,2,1,5,3,70,1,1,0,1,0,0,69.0,,voiture,,1,1,2,1,6
202200030098,2022-09-29 16:30:00,2022,9,29,16,30,09,09207,LATERAL (CH),42.934448,1.629812,Plein jour,En agglomération,Autre intersection,Normale,Autre collision,4,-1,1,0,1,1,1,0,3,50,1,2,0,0,0,2,75.0,,voiture,,1,2,9,1,6
202200030099,2022-05-20 10:50:00,2022,5,20,10,50,31,31451,Route de Vaure,43.464963,1.995649,Plein jour,En agglomération,Intersection en X,Normale,Deux véhicules - côté,3,2,2,0,1,1,1,0,1,50,2,2,0,0,2,0,64.0,56.0,voiture,voiture,1,2,2,1,3
202200030100,2022-10-03 03:00:00,2022,10,3,3,0,06,06069,ROUQUIER (BOULEVARD EMMANUEL),43.63386,6.93931,Nuit avec éclairage allumé,En agglomération,Hors intersection,Normale,Autre collision,4,2,2,0,1,1,1,0,3,50,1,1,0,1,0,0,68.0,,voiture,,5,2,1,1,6
202200030101,2022-05-15 13:20:00,2022,5,15,13,20,31,31474,D6,43.193122,1.104773,Plein jour,Hors agglomération,Hors intersection,Temps éblouissant,Autre collision,3,2,2,0,1,1,1,9,3,80,1,3,2,0,1,0,33.0,,voiture,,1,1,1,7,6
202200030102,2022-09-29 12:10:00,2022,9,29,12,10,06,06027,FUSAINS RUE DES,43.658087,7.165926,Plein jour,En agglomération,Hors intersection,Normale,Sans collision,7,2,2,0,1,1,1,0,1,50,1,2,1,0,1,0,53.0,,utilitaire_camion,,1,2,1,1,7
202200030103,2022-05-20 21:16:00,2022,5,20,21,16,58,58249,Route des Presles,46.991557,3.930756,Nuit sans éclairage public,Hors agglomération,Hors intersection,Normale,Sans collision,4,2,2,0,1,1,1,0,3,50,1,1,0,1,0,0,65.0,,deux_roues,,3,1,1,1,7
202200030104,2022-07-21 01:04:00,2022,7,21,1,4,75,75105,BOULEVARD SAINT GERMAIN,48.851388,2.343189,Nuit avec éclairage allumé,En agglomération,Intersection en X,Normale,Deux véhicules - côté,4,1,4,0,1,1,1,-1,5,30,2,2,1,0,0,1,33.0,34.0,deux_roues,voiture,5,2,2,1,3
202200030105,2022-05-21 10:30:00,2022,5,21,10,30,05,05029,Route d Orcières,44.647113,6.182685,Plein jour,Hors agglomération,Hors intersection,Normale,Sans collision,3,2,2,0,1,1,1,0,3,90,2,2,1,0,1,0,50.0,52.0,voiture,deux_roues,1,1,1,1,7
202200030106,2022-10-03 20:30:00,2022,10,3,20,30,75,75117,PORTE DE SAINT OUEN,48.900501,2.324889,Nuit avec éclairage allumé,En agglomération,Hors intersection,Normale,Deux véhicules - côté,4,-1,4,0,1,1,1,0,1,70,2,2,1,0,0,1,47.0,44.0,voiture,deux_roues,5,2,1,1,3
202200030107,2022-05-20 19:40:00,2022,5,20,19,40,05,05054,Route des Roures,44.679319,6.062168,Plein jour,Hors agglomération,Hors intersection,Normale,Autre collision,3,2,2,0,1,1,1,0,3,80,1,2,1,0,1,0,17.0,,voiture,,1,1,1,1,6
202200030108,2022-05-20 22:00:00,2022,5,20,22,0,10,10029,Balnot-sur-Laignes,48.0288821344,4.3632888794,Crépuscule ou aube,Hors agglomération,Hors intersection,Normale,Autre collision,3,2,2,0,2,3,1,0,3,80,1,1,0,0,1,0,19.0,,deux_roues,,2,1,1,1,6
202200030109,2022-10-01 22:30:00,2022,10,1,22,30,75,75113,QUAI D IVRY,48.825791,2.386589,Nuit avec éclairage allumé,En agglomération,Intersection en Y,Normale,Autre collision,4,1,2,0,2,3,1,0,1,70,1,2,0,0,2,0,21.0,,deux_roues,,5,2,4,1,6
202200030110,2022-05-20 19:05:00,2022,5,20,19,5,40,40221,chemin du capitaine / D1,43.870395,-0.247407,Plein jour,Hors agglomération,Intersection en T,Temps éblouissant,Trois véhicules et plus - collisions multiples,3,2,2,0,3,1,1,0,1,80,3,5,4,0,1,0,24.0,61.0,voiture,voiture,1,1,3,7,5
202200030111,2022-10-03 01:45:00,2022,10,3,1,45,75,75118,PLACE ALBERT KAHN,48.895977,2.346418,Nuit avec éclairage allumé,En agglomération,Place,Normale,Deux véhicules - côté,4,1,1,0,1,2,1,0,1,30,2,2,1,0,0,1,27.0,49.0,deux_roues,voiture,5,2,7,1,3
202200030112,2022-05-21 09:50:00,2022,5,21,9,50,85,85050,La Chevrie,46.534724,-1.368624,Plein jour,Hors agglomération,Hors intersection,Normale,Deux véhicules - frontale,3,2,2,0,1,1,1,0,1,70,2,2,1,0,1,0,70.0,53.0,voiture,voiture,1,1,1,1,1
202200030113,2022-10-03 19:50:00,2022,10,3,19,50,75,75117,BOULEVARD BESSIERES,48.894308,2.313763,Nuit avec éclairage allumé,En agglomération,Intersection en X,Normale,Deux véhicules - arrière,4,3,2,0,1,1,1,0,1,30,2,2,1,0,0,1,41.0,43.0,utilitaire_camion,deux_roues,5,2,2,1,2
202200030114,2022-05-20 18:45:00,2022,5,20,18,45,37,37263,Route Nationale,47.274796,0.831522,Plein jour,En agglomération,Hors intersection,Normale,Trois véhicules et plus - en chaîne,3,2,2,0,2,3,1,0,1,50,4,4,2,0,0,2,32.0,55.0,deux_roues,voiture,1,2,1,1,4
202200030115,2022-10-03 18:30:00,2022,10,3,18,30,75,75116,BOULEVARD LANNES,48.867387,2.272259,Plein jour,En agglomération,Hors intersection,Normale,Deux véhicules - côté,4,-1,4,0,1,1,1,0,1,50,2,2,1,0,0,1,56.0,42.0,voiture,deux_roues,1,2,1,1,3
202200030116,2022-05-21 00:30:00,2022,5,21,0,30,37,37221,Rigny,47.0735160216,1.0964166373,Nuit sans éclairage public,Hors agglomération,Intersection en X,Normale,Autre collision,4,2,1,0,2,2,1,0,1,50,1,1,0,1,0,0,37.0,,voiture,,3,1,2,1,6
202200030117,2022-10-02 03:30:00,2022,10,2,3,30,75,75116,AVENUE DU PRESIDENT KENNEDY,48.852709,2.280725,Nuit avec éclairage allumé,En agglomération,Intersection en T,Pluie légère,Deux véhicules - côté,4,-1,3,0,1,1,2,0,1,30,2,4,3,0,0,1,35.0,24.0,deux_roues,voiture,5,2,3,2,3
202200030118,2022-05-20 20:20:00,2022,5,20,20,20,08,08451,D35,49.548909,4.100389,Crépuscule ou aube,Hors agglomération,Hors intersection,Normale,Sans collision,3,2,2,0,1,2,1,0,1,80,1,1,0,0,1,0,50.0,,deux_roues,,2,1,1,1,7
202200030119,2022-10-03 12:15:00,2022,10,3,12,15,75,75115,RUE DE JAVEL,48.84723,2.279165,Plein jour,En agglomération,Intersection en X,Temps couvert,Deux véhicules - arrière,4,-1,1,0,1,1,1,0,1,30,2,2,1,0,0,1,26.0,25.0,voiture,deux_roues,1,2,2,8,2
202200030120,2022-05-20 04:15:00,2022,5,20,4,15,18,18279,,47.238365,2.038854,Nuit sans éclairage public,Hors agglomération,Hors intersection,Temps couvert,Deux véhicules - côté,1,3,4,0,1,3,1,0,1,110,2,2,1,0,0,1,56.0,35.0,voiture,utilitaire_camion,3,1,1,8,3
202200030121,2022-05-21 00:15:00,2022,5,21,0,15,34,34153,route départementale 68,43.719381,3.832941,Nuit sans éclairage public,Hors agglomération,Hors intersection,Normale,Deux véhicules - frontale,3,3,2,0,1,1,1,0,1,90,2,2,0,1,1,0,29.0,37.0,voiture,voiture,3,1,1,1,1
202200030122,2022-10-03 08:00:00,2022,10,3,8,0,75,75115,AVENUE DE LA PORTE DE LA PLAINE,48.829587,2.292297,Plein jour,En agglomération,Intersection en Y,Temps couvert,Deux véhicules - côté,4,-1,4,0,1,1,1,0,1,30,2,2,1,0,0,1,37.0,37.0,voiture,deux_roues,1,2,4,8,3
202200030123,2022-05-21 16:30:00,2022,5,21,16,30,69,69244,33 Route de Paris,45.765019,4.76815,Plein jour,En agglomération,Intersection en T,Normale,Deux véhicules - côté,7,3,4,0,1,2,1,0,1,50,2,2,1,0,0,1,52.0,31.0,deux_roues,voiture,1,2,3,1,3
202200030124,2022-10-03 10:00:00,2022,10,3,10,0,75,75112,PONT DE BERCY,48.83873,2.376423,Plein jour,En agglomération,Intersection en X,Normale,Deux véhicules - côté,4,1,3,0,1,1,1,-1,5,30,2,2,1,0,0,1,28.0,55.0,deux_roues,voiture,1,2,2,1,3
202200030125,2022-10-03 08:30:00,2022,10,3,8,30,75,75112,RUE DE CHARENTON,48.839926,2.38848,Plein jour,En agglomération,Hors intersection,Pluie légère,Autre collision,4,2,2,0,1,1,2,-1,6,30,1,2,1,0,0,1,30.0,,deux_roues,,1,2,1,2,6
202200030126,2022-05-20 18:05:00,2022,5,20,18,5,49,49306,A11,47.4408259544,-0.7538073815,Plein jour,Hors agglomération,Hors intersection,Normale,Deux véhicules - arrière,1,3,4,0,1,1,1,0,1,130,2,2,0,0,0,2,28.0,27.0,voiture,utilitaire_camion,1,1,1,1,2
202200030127,2022-05-21 06:41:00,2022,5,21,6,41,64,64130,A63,43.3409103619,-1.7373579741,Crépuscule ou aube,Hors agglomération,Hors intersection,Normale,Deux véhicules - arrière,1,3,3,0,2,3,1,0,1,110,2,3,1,2,0,0,22.0,46.0,voiture,utilitaire_camion,2,1,1,1,2
202200030128,2022-10-03 17:30:00,2022,10,3,17,30,75,75110,RUE DU CHATEAU LANDON,48.882098,2.363337,Plein jour,En agglomération,Intersection en X,Normale,Deux véhicules - arrière,4,1,1,0,1,1,1,0,1,30,2,2,1,0,0,1,14.0,46.0,deux_roues,voiture,1,2,2,1,2
202200030129,2022-05-20 13:40:00,2022,5,20,13,40,38,38401,Autoroute A43 Pk 046+600,45.5602077706,5.410410476,Plein jour,Hors agglomération,Hors intersection,Normale,Deux véhicules - arrière,1,3,4,0,1,1,1,0,2,130,2,3,2,0,0,1,45.0,36.0,utilitaire_camion,utilitaire_camion,1,1,1,1,2
202200030130,2022-09-27 08:40:00,2022,9,27,8,40,94,94058,PIERRE BROSSOLETTE (AV),48.83482,2.504965,Plein jour,En agglomération,Autre intersection,Normale,Deux véhicules - côté,3,2,2,0,1,1,2,0,1,50,1,2,1,0,0,1,23.0,,utilitaire_camion,,1,2,9,1,3
202200030131,2022-05-20 20:40:00,2022,5,20,20,40,987,98748,RT4 PK 02+900 Toahotu,-17.827213,-149.242395,Nuit sans éclairage public,En agglomération,Hors intersection,Normale,Deux véhicules - frontale,2,2,2,0,2,3,1,0,1,60,2,2,1,1,0,0,27.0,50.0,deux_roues,utilitaire_camion,3,2,1,1,1
202200030132,2022-10-03 17:50:00,2022,10,3,17,50,94,94028,Rue Juliette Savar,48.7823,2.4644,Plein jour,En agglomération,Hors intersection,Normale,Autre collision,4,2,2,0,1,1,1,0,1,50,1,3,2,0,0,1,54.0,,voiture,,1,2,1,1,6
202200030133,2022-10-03 05:25:00,2022,10,3,5,25,94,94022,Passage Bertrand / Rue Demanieux,48.7724358243,2.4023992093,Nuit avec éclairage allumé,En agglomération,Intersection en T,Pluie légère,Autre collision,4,2,2,0,4,1,2,0,1,30,1,2,1,0,0,1,27.0,,voiture,,5,2,3,2,6
202200030134,2022-05-21 10:40:00,2022,5,21,10,40,973,97305,Route Nationale 1,4.915619,-52.376246,Plein jour,Hors agglomération,Hors intersection,Normale,Trois véhicules et plus - collisions multiples,2,2,2,0,1,1,1,0,1,80,4,6,1,0,3,2,,25.0,autre,voiture,1,1,1,1,5
202200030135,2022-04-18 21:10:00,2022,4,18,21,10,971,97128,Bel Étang,16.291894,-61.369023,Nuit avec éclairage allumé,Hors agglomération,Hors intersection,Pluie légère,Autre collision,3,2,2,0,1,1,2,0,3,70,1,4,0,1,0,3,22.0,,voiture,,5,1,1,2,6
202200030136,2022-10-02 22:10:00,2022,10,2,22,10,94,94073,Avenue de Fontainebleau / Esplanade Auguste Perret,48.76387,2.36829,Nuit avec éclairage allumé,En agglomération,Place,Normale,Deux véhicules - frontale,3,3,4,3,1,1,1,-1,6,50,2,5,4,0,0,1,23.0,24.0,voiture,voiture,5,2,7,1,1
202200030137,2022-01-14 19:15:00,2022,1,14,19,15,971,97129,Avenue Sainte Rose de Lima,16.331105,-61.694573,Nuit avec éclairage non allumé,En agglomération,Hors intersection,Normale,Autre collision,2,2,2,0,1,1,1,9,1,50,1,2,1,0,0,1,,,voiture,,4,2,1,1,6
202200030138,2022-10-03 16:50:00,2022,10,3,16,50,94,94075,1 Rue du Réveillon,48.72221,2.53443,Plein jour,En agglomération,Hors intersection,Normale,Deux véhicules - côté,4,2,2,0,1,1,1,9,1,50,2,2,1,0,0,1,11.0,53.0,deux_roues,voiture,1,2,1,1,3
202200030139,2022-05-20 13:20:00,2022,5,20,13,20,33,33165,21 Route de la Tuiliere,44.819028699,-0.4408974946,Plein jour,En agglomération,Hors intersection,Normale,Deux véhicules - frontale,4,2,2,0,2,3,1,0,1,50,2,2,1,0,1,0,50.0,29.0,voiture,deux_roues,1,2,1,1,1
202200030140,2022-05-21 19:00:00,2022,5,21,19,0,77,77041,D152,48.305535,2.491965,Plein jour,Hors agglomération,Hors intersection,Temps éblouissant,Deux véhicules - frontale,3,2,2,0,1,1,1,0,1,90,2,2,0,0,2,0,45.0,40.0,voiture,voiture,1,1,1,7,1
202200030141,2022-10-03 07:55:00,2022,10,3,7,55,93,93072,Boulevard Maxime Gorki / Rue de la Citoyenneté,48.94548,2.38662,Crépuscule ou aube,En agglomération,Intersection en T,Brouillard / fumée,Deux véhicules - côté,3,3,6,3,1,1,1,0,1,50,2,4,1,0,0,3,54.0,50.0,voiture,voiture,2,2,3,5,3
202200030142,2022-05-18 19:35:00,2022,5,18,19,35,77,77142,D21,48.860805,2.927341,Plein jour,En agglomération,Hors intersection,Normale,Autre collision,3,2,2,0,2,1,1,0,1,50,2,2,1,0,1,0,53.0,26.0,voiture,deux_roues,1,2,1,1,6
202200030143,2022-10-03 22:55:00,2022,10,3,22,55,93,93074,Rue de Meaux,48.9359412542,2.5767822252,Nuit avec éclairage allumé,En agglomération,Hors intersection,Normale,Deux véhicules - côté,3,2,2,2,1,1,1,0,1,50,2,2,1,0,0,1,58.0,57.0,deux_roues,voiture,5,2,1,1,3
202200030144,2022-05-20 08:20:00,2022,5,20,8,20,95,95658,45 Avenue Pierre Peineau,49.080307,1.931936,Plein jour,En agglomération,Hors intersection,Pluie forte,Autre collision,4,2,2,0,1,1,2,0,1,50,1,2,1,0,0,1,60.0,,voiture,,1,2,1,3,6
202200030145,2022-05-20 16:00:00,2022,5,20,16,0,83,83071,Route du Carrubier,43.141767,6.26195,Plein jour,Hors agglomération,Hors intersection,Normale,Sans collision,4,2,2,0,2,1,1,9,1,30,1,1,0,0,1,0,85.0,,deux_roues,,1,1,1,1,7
202200030146,2022-10-03 15:00:00,2022,10,3,15,0,93,93031,Avenue de la République,48.9515052945,2.320839086,Plein jour,En agglomération,Hors intersection,Normale,Deux véhicules - côté,3,3,4,3,1,1,1,0,1,50,2,2,0,0,0,2,28.0,19.0,voiture,voiture,1,2,1,1,3
202200030147,2022-05-20 15:45:00,2022,5,20,15,45,13,13081,rd 113,43.489486,5.219563,Plein jour,En agglomération,Hors intersection,Normale,Deux véhicules - côté,3,3,1,0,1,1,1,9,1,50,2,2,1,0,0,1,50.0,33.0,utilitaire_camion,deux_roues,1,2,1,1,3
202200030148,2022-10-03 08:40:00,2022,10,3,8,40,93,93047,Avenue Paul Cézanne / Rue Degas,48.9032362304,2.558605608,Plein jour,En agglomération,Intersection en X,Brouillard / fumée,Deux véhicules - côté,4,2,2,0,1,1,2,5,1,50,2,2,1,0,0,1,32.0,29.0,voiture,voiture,1,2,2,5,3
202200030149,2022-05-21 08:30:00,2022,5,21,8,30,13,13066,D7n,43.881091,4.915604,Plein jour,Hors agglomération,Intersection en X,Normale,Deux véhicules - côté,3,2,1,0,1,1,1,0,1,80,2,2,1,1,0,0,67.0,41.0,voiture,deux_roues,1,1,2,1,3
202200030150,2022-05-19 13:10:00,2022,5,19,13,10,89,89206,Route d Auxerre,47.969635,3.414216,Plein jour,Hors agglomération,Hors intersection,Normale,Autre collision,3,2,3,0,1,1,1,0,8,90,1,1,0,0,1,0,58.0,,voiture,,1,1,1,1,6
202200030151,2022-10-03 07:10:00,2022,10,3,7,10,93,93010,Chemin de Groslay,48.9115087354,2.4749802053,Crépuscule ou aube,En agglomération,Hors intersection,Brouillard / fumée,Deux véhicules - côté,4,2,2,0,1,1,2,0,1,30,2,2,1,0,1,0,31.0,36.0,deux_roues,voiture,2,2,1,5,3
202200030152,2022-05-20 16:30:00,2022,5,20,16,30,71,71275,Boulevard des Prairies,46.277448,4.035807,Plein jour,En agglomération,Autre intersection,Normale,Autre collision,3,2,2,0,1,2,1,0,1,50,1,2,1,0,1,0,22.0,,voiture,,1,2,9,1,6
202200030153,2022-05-21 10:45:00,2022,5,21,10,45,71,71082,RD 979,46.443675,4.209598,Plein jour,Hors agglomération,Hors intersection,Normale,Deux véhicules - arrière,3,2,2,0,2,1,1,0,1,80,2,2,0,0,1,1,59.0,61.0,deux_roues,deux_roues,1,1,1,1,2
202200030154,2022-10-03 12:27:00,2022,10,3,12,27,93,93008,Avenue Paul Vaillant - Couturier / Rue Pierre Sémard,48.91012,2.44614,Plein jour,En agglomération,Giratoire,Brouillard / fumée,Autre collision,3,1,2,0,1,1,1,0,1,50,1,2,1,0,0,1,36.0,,voiture,,1,2,6,5,6
202200030155,2022-05-20 21:30:00,2022,5,20,21,30,71,71025,RN 79,46.4259,4.412545,Crépuscule ou aube,Hors agglomération,Hors intersection,Normale,Deux véhicules - frontale,2,2,2,0,1,2,1,0,1,80,2,2,0,0,2,0,43.0,41.0,voiture,utilitaire_camion,2,1,1,1,1
202200030156,2022-10-03 08:30:00,2022,10,3,8,30,93,93001,Rue des Gardinoux / Rue de la Haie Coq,48.9064752782,2.3729671932,Plein jour,En agglomération,Intersection en X,Normale,Deux véhicules - côté,4,2,2,0,1,1,1,9,1,50,2,2,1,0,0,1,53.0,27.0,deux_roues,deux_roues,1,2,2,1,3
202200030157,2022-10-03 08:45:00,2022,10,3,8,45,92,92040,STALINGRAD (QUAI DE),48.823409489,2.2551353574,Plein jour,En agglomération,Hors intersection,Temps couvert,Sans collision,3,2,4,1,1,1,2,6,5,50,1,1,0,0,0,1,40.0,,deux_roues,,1,2,1,8,7
202200030158,2022-05-14 20:10:00,2022,5,14,20,10,69,69132,220 Chemin du Goujon,45.680809334,4.3958830833,Crépuscule ou aube,Hors agglomération,Hors intersection,Temps éblouissant,Deux véhicules - frontale,4,2,1,0,2,1,1,0,1,80,2,2,1,0,1,0,24.0,41.0,utilitaire_camion,deux_roues,2,1,1,7,1
202200030159,2022-10-03 17:40:00,2022,10,3,17,40,92,92035,Aigle ( rue de l' ),48.909837639,2.2528211474,Crépuscule ou aube,En agglomération,Hors intersection,Normale,Autre collision,4,2,2,0,1,1,1,0,4,50,1,2,1,0,0,1,69.0,,voiture,,2,2,1,1,6
202200030160,2022-05-20 14:30:00,2022,5,20,14,30,69,69171,Quai de la Brévenne,45.812608,4.600847,Plein jour,En agglomération,Hors intersection,Normale,Deux véhicules - arrière,3,2,2,2,1,1,1,0,1,50,2,2,1,0,1,0,30.0,36.0,deux_roues,voiture,1,2,1,1,2
202200030161,2022-10-03 08:10:00,2022,10,3,8,10,92,92012,ANCIENS COMBATTANT (ROND - POINT DES),48.8480920029,2.2417339682,Crépuscule ou aube,En agglomération,Giratoire,Temps couvert,Deux véhicules - côté,4,-1,2,0,1,2,2,0,1,30,2,2,1,0,0,1,,58.0,voiture,deux_roues,2,2,6,8,3
202200030162,2022-05-21 11:10:00,2022,5,21,11,10,69,69072,Chemin du Moulin Carron,45.809067,4.761297,Plein jour,En agglomération,Hors intersection,Normale,Autre collision,4,2,2,0,2,1,1,0,1,50,1,2,1,0,0,1,52.0,,voiture,,1,2,1,1,6
202200030163,2022-05-20 17:00:00,2022,5,20,17,0,16,16078,283 Route de Paris,45.680499,0.177394,Plein jour,En agglomération,Hors intersection,Normale,Deux véhicules - frontale,4,3,2,2,2,1,1,0,5,50,2,2,1,0,0,1,49.0,48.0,voiture,deux_roues,1,2,1,1,1
202200030164,2022-09-30 23:30:00,2022,9,30,23,30,92,92004,LAURENT-CELY  ( AVENUE ),48.91434,2.31082,Nuit avec éclairage allumé,En agglomération,Intersection en X,Normale,Trois véhicules et plus - collisions multiples,3,3,2,0,1,1,1,0,1,50,3,3,2,0,0,1,45.0,75.0,voiture,voiture,5,2,2,1,5
202200030165,2022-05-20 23:50:00,2022,5,20,23,50,33,33042,Route de Bazas,44.5134,-0.745354,Nuit sans éclairage public,Hors agglomération,Hors intersection,Normale,Deux véhicules - frontale,3,2,2,0,1,1,1,0,1,80,2,2,1,0,1,0,32.0,16.0,voiture,deux_roues,3,1,1,1,1
202200030166,2022-04-05 07:30:00,2022,4,5,7,30,85,85088,RD32,46.72743,-1.86984,Plein jour,Hors agglomération,Hors intersection,Pluie légère,Trois véhicules et plus - collisions multiples,3,2,2,0,1,1,2,0,1,80,3,3,2,0,1,0,29.0,60.0,voiture,voiture,1,1,1,2,5
202200030167,2022-10-01 21:40:00,2022,10,1,21,40,92,92004,EMILE ZOLA ( RUE ),48.9226968311,2.2860022187,Nuit avec éclairage allumé,En agglomération,Giratoire,Normale,Deux véhicules - côté,3,1,1,0,1,2,1,0,1,50,2,2,1,0,0,1,25.0,19.0,deux_roues,voiture,5,2,6,1,3