accident_id,datetime,annee,mois,jour,heure,minute,departement,commune_insee,adresse,latitude,longitude,luminosite,agglomeration,intersection,meteo,collision,catr,circ,nbv,vosp,prof,plan,surf,infra,situ,vma,nb_vehicules,nb_usagers,nb_indemnes,nb_tues,nb_blesses_hosp,nb_blesses_legers,age_cond_1,age_cond_2,veh_type_cond_1,veh_type_cond_2,lum_code,agg_code,int_code,atm_code,col_code
202200030260,2022-07-20 22:00:00,2022,7,20,22,0,94,94076,VERDUN (R DE),48.79136,2.35365,Crépuscule ou aube,En agglomération,Hors intersection,Temps couvert,Sans collision,4,2,2,0,1,1,2,0,1,30,1,2,0,0,0,2,20.0,,voiture,,2,2,1,8,7
202200030261,2022-05-18 00:21:00,2022,5,18,0,21,63,63063,Route M2009,45.82398,3.11092,Nuit sans éclairage public,En agglomération,Hors intersection,Normale,Autre collision,7,2,2,0,1,1,1,0,1,50,1,2,1,0,0,1,35.0,,voiture,,3,2,1,1,6
202200030262,2022-05-17 10:46:00,2022,5,17,10,46,63,63113,PLATS (RUE DES),45.76611,3.09425,Plein jour,En agglomération,Hors intersection,Normale,Deux véhicules - arrière,4,1,1,0,1,1,1,0,1,50,2,3,1,0,0,2,57.0,21.0,voiture,voiture,1,2,1,1,2
202200030263,2022-07-20 23:10:00,2022,7,20,23,10,94,94041,PAUL ANDRIEUX (R),48.81222,2.36725,Nuit avec éclairage allumé,En agglomération,Hors intersection,Normale,Autre collision,3,2,2,3,1,1,2,0,8,50,1,1,0,0,0,1,28.0,,deux_roues,,5,2,1,1,6
202200030264,2022-05-17 09:39:00,2022,5,17,9,39,63,63113,MABRUT (RUE ADRIEN),45.81168,3.11474,Plein jour,En agglomération,Hors intersection,Normale,Autre collision,4,2,2,0,1,1,1,0,1,50,1,2,1,0,0,1,26.0,,voiture,,1,2,1,1,6
202200030265,2022-10-02 20:45:00,2022,10,2,20,45,91,91666,Avenue de la Plesse,48.689137,2.230353,Nuit avec éclairage allumé,En agglomération,Hors intersection,Normale,Deux véhicules - côté,3,2,2,0,1,1,1,5,1,50,2,3,2,0,1,0,40.0,23.0,voiture,voiture,5,2,1,1,3
202200030266,2022-05-17 08:21:00,2022,5,17,8,21,63,63113,JOUHAUX (BD LEON),45.79308,3.11776,Plein jour,En agglomération,Hors intersection,Normale,Autre collision,7,3,4,0,1,1,1,0,1,50,1,2,1,0,0,1,24.0,,voiture,,1,2,1,1,6
202200030267,2022-05-19 09:20:00,2022,5,19,9,20,61,61117,D 112,48.43567,0.02242,Plein jour,Hors agglomération,Intersection en X,Normale,Deux véhicules - côté,3,2,2,0,1,1,1,0,1,70,2,2,0,0,1,1,63.0,60.0,deux_roues,utilitaire_camion,1,1,2,1,3
202200030268,2022-10-03 08:30:00,2022,10,3,8,30,34,34143,intersection VC 4 et CD 158E3,43.456914,3.610575,Plein jour,Hors agglomération,Intersection en T,Normale,Deux véhicules - côté,3,2,2,0,2,1,1,2,1,80,2,2,1,0,0,1,75.0,43.0,deux_roues,voiture,1,1,3,1,3
202200030269,2022-10-04 17:10:00,2022,10,4,17,10,05,05103,D1085,44.265643,5.903415,Plein jour,Hors agglomération,Hors intersection,Normale,Deux véhicules - frontale,3,2,2,0,1,1,1,0,1,90,2,2,0,0,2,0,51.0,31.0,voiture,voiture,1,1,1,1,1
202200030270,2022-07-19 19:10:00,2022,7,19,19,10,94,94033,Boulevard Galliéni / Rue de Rosny,48.85078,2.47514,Plein jour,En agglomération,Intersection en X,Temps éblouissant,Deux véhicules - frontale,3,2,2,0,1,1,1,0,1,30,2,2,1,0,0,1,44.0,54.0,deux_roues,voiture,1,2,2,7,1
202200030271,2022-04-15 22:10:00,2022,4,15,22,10,60,60057,Rue de Paris,49.4161851382,2.0993623137,Nuit avec éclairage allumé,En agglomération,Hors intersection,Normale,Trois véhicules et plus - en chaîne,4,3,1,0,1,1,1,0,1,50,4,5,4,0,0,1,,26.0,voiture,voiture,5,2,1,1,4
202200030272,2022-10-02 05:20:00,2022,10,2,5,20,52,52205,Rue de la Cote au Bonheur,48.037649,5.203872,Nuit sans éclairage public,Hors agglomération,Hors intersection,Normale,Sans collision,3,2,2,0,2,4,1,0,1,80,1,4,0,0,1,3,20.0,,voiture,,3,1,1,1,7
202200030273,2022-05-15 01:00:00,2022,5,15,1,0,59,59350,SOLFERINO RUE N°2 - 108,50.63447,3.04872,Nuit avec éclairage allumé,En agglomération,Intersection en X,Normale,Deux véhicules - côté,4,2,1,0,1,1,1,0,1,30,2,2,1,0,0,1,21.0,35.0,voiture,deux_roues,5,2,2,1,3
202200030274,2022-08-30 19:10:00,2022,8,30,19,10,67,67368,D214,48.436644,7.325035,Plein jour,Hors agglomération,Hors intersection,Normale,Deux véhicules - côté,3,2,2,0,2,3,9,0,3,80,2,2,1,0,0,1,29.0,,voiture,,1,1,1,1,3
202200030275,2022-05-13 13:10:00,2022,5,13,13,10,57,57227,,49.186101045,6.8691058013,Plein jour,En agglomération,Intersection en T,Normale,Autre collision,4,2,2,0,1,1,1,9,1,50,2,3,2,0,0,1,47.0,47.0,voiture,deux_roues,1,2,3,1,6
202200030276,2022-10-04 16:45:00,2022,10,4,16,45,64,64067,D215,43.255198,-0.290371,Plein jour,Hors agglomération,Hors intersection,Normale,Sans collision,3,2,2,0,2,2,9,0,1,70,1,1,0,0,1,0,79.0,,deux_roues,,1,1,1,1,7
202200030277,2022-05-19 11:10:00,2022,5,19,11,10,56,56121,WALDECK ROUSSEAU (RUE PIERRE),47.752348,-3.365331,Plein jour,En agglomération,Intersection en T,Normale,Autre collision,4,1,1,0,1,1,1,0,1,30,1,2,1,0,1,0,60.0,,voiture,,1,2,3,1,6
202200030278,2022-07-20 07:35:00,2022,7,20,7,35,94,94019,Route de la Libération / Avenue Yvonne,48.80154,2.54062,Plein jour,En agglomération,Intersection en T,Pluie forte,Trois véhicules et plus - en chaîne,3,2,4,0,1,1,2,0,1,50,3,3,2,0,0,1,43.0,21.0,voiture,voiture,1,2,3,3,4
202200030279,2022-05-19 22:05:00,2022,5,19,22,5,54,54395,MOLITOR (RUE),48.68582,6.19629,Nuit avec éclairage allumé,En agglomération,Autre intersection,Normale,Deux véhicules - côté,4,1,2,2,1,1,1,0,4,50,2,2,1,0,1,0,38.0,26.0,voiture,deux_roues,5,2,9,1,3
202200030280,2022-10-01 15:00:00,2022,10,1,15,0,33,33047,"D137, lieu-dit les meynards",45.122324,-0.575023,Plein jour,Hors agglomération,Hors intersection,Pluie légère,Deux véhicules - frontale,3,2,2,0,2,2,2,0,1,80,2,3,0,0,2,1,44.0,30.0,voiture,voiture,1,1,1,2,1
202200030281,2022-05-19 16:15:00,2022,5,19,16,15,51,51454,place de Lisieux,49.2362288934,4.0159736574,Plein jour,En agglomération,Hors intersection,Normale,Sans collision,6,-1, -1,0,2,1,1,0,8,30,1,2,1,0,0,1,26.0,,voiture,,1,2,1,1,7
202200030282,2022-10-03 18:45:00,2022,10,3,18,45,44,44159,beau site,47.140712,-1.404555,Plein jour,Hors agglomération,Hors intersection,Normale,Sans collision,3,2,2,0,1,4,2,0,3,80,1,1,0,0,1,0,28.0,,deux_roues,,1,1,1,1,7
202200030283,2022-05-18 17:40:00,2022,5,18,17,40,51,51055,Allée Frédéric Mistral,49.2901053081,4.0631751716,Plein jour,En agglomération,Hors intersection,Normale,Sans collision,4,2,2,0,1,1,1,0,4,50,1,2,0,0,0,2,21.0,,voiture,,1,2,1,1,7
202200030284,2022-07-20 08:30:00,2022,7,20,8,30,93,93078,Avenue du Général Leclerc / Avenue Infroit,48.9487,2.56066,Plein jour,En agglomération,Intersection en X,Pluie forte,Deux véhicules - côté,4,2,2,0,1,1,2,0,1,50,2,2,1,0,0,1,56.0,22.0,voiture,voiture,1,2,2,3,3
202200030285,2022-10-03 20:15:00,2022,10,3,20,15,50,50025,Rue Division Leclerc,48.678667,-1.341556,Nuit avec éclairage allumé,En agglomération,Intersection en T,Normale,Deux véhicules - côté,3,2,3,0,1,1,1,0,1,50,2,2,1,0,1,0,16.0,74.0,deux_roues,voiture,5,2,3,1,3
202200030286,2022-05-19 17:22:00,2022,5,19,17,22,47,47031,Avenue de Bigorre,44.18521,0.63203,Plein jour,En agglomération,Intersection en X,Normale,Deux véhicules - frontale,3,2,3,3,1,1,1,5,1,50,2,2,1,0,0,1,63.0,17.0,voiture,deux_roues,1,2,2,1,1
202200030287,2022-05-13 10:00:00,2022,5,13,10,0,46,46042,LURCAT (AVENUE JEAN),44.463414,1.453764,Plein jour,En agglomération,Intersection en T,Normale,Deux véhicules - côté,4,2,2,0,1,1,1,0,1,50,2,2,1,0,1,0,56.0,20.0,deux_roues,voiture,1,2,3,1,3
202200030288,2022-10-04 16:11:00,2022,10,4,16,11,59,59249,Rue Marceau Batteux,50.026449,4.032251,Plein jour,En agglomération,Hors intersection,Normale,Autre collision,6,-1, -1,0,2,1,1,0,1,-1,1,2,1,1,0,0,55.0,,voiture,,1,2,1,1,6
202200030289,2022-10-03 11:20:00,2022,10,3,11,20,13,13056,A55-Sens Marseille vers Martigues,43.3963382878,5.0484287738,Plein jour,Hors agglomération,Autre intersection,Normale,Sans collision,1,-1,2,0,2,2,1,2,1,70,1,1,0,0,0,1,22.0,,utilitaire_camion,,1,1,9,1,7
202200030290,2022-05-19 12:10:00,2022,5,19,12,10,45,45169,Rue de la Mouchetière,47.90615,1.85806,Plein jour,En agglomération,Intersection en T,Normale,Deux véhicules - côté,4,2,2,0,1,1,1,0,1,50,2,2,1,0,0,1,45.0,39.0,voiture,deux_roues,1,2,3,1,3
202200030291,2022-07-20 16:30:00,2022,7,20,16,30,93,93072,Avenue de Stalingrad / Place du 8 Mai 1945,48.94917,2.38345,Plein jour,En agglomération,Intersection en T,Pluie légère,Deux véhicules - côté,3,3,2,0,1,1,2,0,1,50,2,2,1,0,0,1,70.0,29.0,voiture,deux_roues,1,2,3,2,3
202200030292,2022-10-03 18:36:00,2022,10,3,18,36,83,83137,A57,43.124937,5.967869,Plein jour,Hors agglomération,Hors intersection,Normale,Deux véhicules - arrière,1,1,2,0,1,3,1,9,1,50,2,2,1,0,0,1,43.0,20.0,deux_roues,utilitaire_camion,1,1,1,1,2
202200030293,2022-05-18 20:00:00,2022,5,18,20,0,45,45338,Rue du Buisson,47.9859,2.71432,Plein jour,En agglomération,Intersection en X,Normale,Deux véhicules - côté,4,2,2,0,1,1,1,0,1,50,2,6,1,0,0,5,55.0,20.0,voiture,voiture,1,2,2,1,3
202200030294,2022-07-20 20:20:00,2022,7,20,20,20,93,93050,Avenue du 8 Mai 1945,48.8653742252,2.5345732571,Plein jour,En agglomération,Hors intersection,Normale,Autre collision,4,2,2,0,1,1,1,0,1,50,1,2,1,0,0,1,,,autre,,1,2,1,1,6
202200030295,2022-10-03 02:50:00,2022,10,3,2,50,69,69142,Route de Métropole 7,45.7255112119,4.817122221,Nuit sans éclairage public,Hors agglomération,Hors intersection,Normale,Deux véhicules - arrière,7,3,6,0,1,1,1,0,1,70,2,2,1,0,1,0,24.0,20.0,voiture,voiture,3,1,1,1,2
202200030296,2022-05-19 17:28:00,2022,5,19,17,28,44,44162,Boulevard Charles De Gaulle,47.21223,-1.63259,Plein jour,Hors agglomération,Hors intersection,Normale,Trois véhicules et plus - en chaîne,4,2,2,1,1,1,1,0,1,70,3,3,2,0,0,1,51.0,38.0,utilitaire_camion,deux_roues,1,1,1,1,4
202200030297,2022-04-12 12:50:00,2022,4,12,12,50,42,42207,Rue Marc Seguin,45.47457,4.51926,Plein jour,En agglomération,Hors intersection,Normale,Autre collision,4,1,1,0,2,1,1,9,4,50,1,1,0,0,0,1,29.0,,deux_roues,,1,2,1,1,6
202200030298,2022-10-03 14:30:00,2022,10,3,14,30,33,33192,ROCADE A 630,44.78929,-0.61848,Plein jour,Hors agglomération,Hors intersection,Normale,Trois véhicules et plus - en chaîne,1,3,8,0,1,1,1,0,1,90,3,4,3,0,0,1,34.0,24.0,utilitaire_camion,voiture,1,1,1,1,4
202200030299,2022-05-19 17:40:00,2022,5,19,17,40,42,42187,Rue Lucien Sampaix,46.0304597034,4.0625499487,Plein jour,En agglomération,Intersection en X,Normale,Deux véhicules - côté,4,2,1,0,1,1,1,0,1,50,2,2,1,0,0,1,70.0,30.0,voiture,voiture,1,2,2,1,3
202200030300,2022-10-01 18:26:00,2022,10,1,18,26,33,33281,ROCADE A 630,44.829294,-0.675764,Plein jour,Hors agglomération,Hors intersection,Pluie légère,Deux véhicules - côté,1,3,6,0,1,1,2,0,1,90,2,2,1,0,0,1,29.0,28.0,utilitaire_camion,voiture,1,1,1,2,3
202200030301,2022-07-19 11:22:00,2022,7,19,11,22,92,92078,VERDUN (AVENUE) (IMPAIRS JJAURES>A86),48.9348485394,2.3249427974,Plein jour,En agglomération,Intersection en T,Normale,Deux véhicules - côté,3,2,2,0,1,1,1,0,1,50,2,2,1,0,1,0,57.0,39.0,utilitaire_camion,deux_roues,1,2,3,1,3
202200030302,2022-05-18 15:15:00,2022,5,18,15,15,39,39150,,47.07008,5.45397,Plein jour,Hors agglomération,Hors intersection,Normale,Deux véhicules - frontale,3,2,2,0,1,1,1,0,1,80,2,2,0,1,1,0,24.0,42.0,utilitaire_camion,voiture,1,1,1,1,1
202200030303,2022-09-29 14:16:00,2022,9,29,14,16,33,33318,ROCADE A 630,44.7900805168,-0.6465008855,Plein jour,Hors agglomération,Hors intersection,Pluie légère,Sans collision,1,1,2,0,3,3,2,3,1,70,1,1,0,0,0,1,20.0,,voiture,,1,1,1,2,7
202200030304,2022-10-02 11:45:00,2022,10,2,11,45,62,62528,A21,50.4405,2.77822,Plein jour,Hors agglomération,Hors intersection,Pluie forte,Autre collision,1,-1,4,0,1,1,2,0,1,110,1,1,0,0,0,1,30.0,,voiture,,1,1,1,3,6
202200030305,2022-05-18 13:05:00,2022,5,18,13,5,38,38151,AVENUE VICTOR HUGO,45.15381,5.71201,Plein jour,En agglomération,Hors intersection,Normale,Deux véhicules - frontale,4,2,4,1,1,1,1,0,5,50,2,2,1,0,0,1,49.0,16.0,voiture,deux_roues,1,2,1,1,1
202200030306,2022-07-20 11:05:00,2022,7,20,11,5,92,92073,SELLIER (BOULEVARD HENRI),48.86289,2.2183,Plein jour,En agglomération,Hors intersection,Pluie légère,Sans collision,3,1,4,0,2,2,2,0,1,50,1,1,0,0,0,1,17.0,,deux_roues,,1,2,1,2,7
202200030307,2022-05-18 19:35:00,2022,5,18,19,35,37,37261,BEDEL (RUE MAURICE),47.3785,0.69831,Plein jour,En agglomération,Giratoire,Normale,Autre collision,4,2,2,0,1,2,1,0,1,50,1,2,1,1,0,0,34.0,,utilitaire_camion,,1,2,6,1,6
202200030308,2022-10-03 18:35:00,2022,10,3,18,35,94,94034,AUTOROUTE A86,48.75608,2.33295,Plein jour,Hors agglomération,Hors intersection,Normale,Deux véhicules - côté,1,1,2,0,1,1,1,0,1,90,2,2,1,0,0,1,56.0,31.0,voiture,deux_roues,1,1,1,1,3
202200030309,2022-05-19 18:30:00,2022,5,19,18,30,35,35206,RD 837,48.0706008556,-1.6969773173,Plein jour,Hors agglomération,Autre intersection,Normale,Deux véhicules - arrière,7,3,4,0,1,1,1,0,1,70,2,4,1,0,0,3,53.0,52.0,utilitaire_camion,voiture,1,1,9,1,2
202200030310,2022-10-03 08:30:00,2022,10,3,8,30,91,91573,RN6 PROVINCE / RN104 INT,48.631229,2.508526,Plein jour,Hors agglomération,Hors intersection,Brouillard / fumée,Deux véhicules - côté,2,3,2,0,1,1,2,0,2,110,2,2,1,0,0,1,,29.0,utilitaire_camion,deux_roues,1,1,1,5,3
202200030311,2022-07-20 08:40:00,2022,7,20,8,40,92,92072,BRUYERES (RUE DES),48.8187112202,2.2175275683,Plein jour,En agglomération,Hors intersection,Pluie légère,Sans collision,4,2,2,0,2,1,2,9,1,50,1,1,0,0,0,1,36.0,,deux_roues,,1,2,1,2,7
202200030312,2022-05-19 16:35:00,2022,5,19,16,35,35,35051,N136,48.1067725549,-1.5989450916,Plein jour,Hors agglomération,Hors intersection,Normale,Deux véhicules - arrière,2,3,4,0,1,1,1,0,1,90,2,3,1,0,0,2,70.0,31.0,voiture,utilitaire_camion,1,1,1,1,2
202200030313,2022-10-03 08:20:00,2022,10,3,8,20,91,91179,AUTOROUTE A6,48.57042,2.46987,Crépuscule ou aube,Hors agglomération,Hors intersection,Brouillard / fumée,Trois véhicules et plus - en chaîne,1,1,3,0,2,1,2,0,1,110,3,3,2,0,0,1,29.0,32.0,voiture,utilitaire_camion,2,1,1,5,4
202200030314,2022-05-19 17:30:00,2022,5,19,17,30,33,33063,Place Gambetta,44.84155,-0.58108,Plein jour,En agglomération,Hors intersection,Normale,Autre collision,4,2,2,0,1,2,1,0,1,50,1,2,1,0,0,1,58.0,,utilitaire_camion,,1,2,1,1,6
202200030315,2022-10-03 05:20:00,2022,10,3,5,20,91,91064,RN 118,48.74976,2.22096,Nuit sans éclairage public,Hors agglomération,Hors intersection,Normale,Sans collision,2,1,2,0,2,3,2,0,1,90,1,1,0,0,0,1,53.0,,voiture,,3,1,1,1,7
202200030316,2022-05-19 16:20:00,2022,5,19,16,20,33,33281,Avenue Aristide Briand,44.82518,-0.62076,Plein jour,En agglomération,Hors intersection,Normale,Deux véhicules - frontale,4,2,2,0,1,1,1,0,1,50,2,2,1,0,1,0,29.0,46.0,voiture,deux_roues,1,2,1,1,1
202200030317,2022-07-18 23:14:00,2022,7,18,23,14,92,92072,GRANDE RUE,48.82646,2.21935,Nuit avec éclairage allumé,En agglomération,Giratoire,Normale,Deux véhicules - côté,3,3,4,0,1,1,1,5,1,50,2,2,1,0,0,1,32.0,43.0,deux_roues,voiture,5,2,6,1,3
202200030318,2022-05-18 14:16:00,2022,5,18,14,16,33,33550,Avenue des Pyrénées,44.7630044219,-0.5597287416,Plein jour,En agglomération,Autre intersection,Normale,Deux véhicules - côté,4,2,2,0,1,1,1,0,1,50,2,2,0,0,0,2,60.0,21.0,voiture,deux_roues,1,2,9,1,3
202200030319,2022-10-02 21:40:00,2022,10,2,21,40,91,91549,RN 104,48.6254,2.33629,Nuit sans éclairage public,Hors agglomération,Hors intersection,Pluie légère,Deux véhicules - arrière,2,1,2,0,1,1,2,0,1,110,2,4,3,0,1,0,44.0,50.0,voiture,voiture,3,1,1,2,2
202200030320,2022-05-18 17:30:00,2022,5,18,17,30,31,31069,A621,43.62307,1.38994,Plein jour,Hors agglomération,Hors intersection,Normale,Trois véhicules et plus - en chaîne,1,3,3,0,2,1,1,0,1,90,3,3,1,0,0,2,36.0,32.0,voiture,voiture,1,1,1,1,4
202200030321,2022-10-03 18:18:00,2022,10,3,18,18,78,78362,A13,48.977803,1.711635,Plein jour,Hors agglomération,Hors intersection,Normale,Deux véhicules - arrière,1,3,3,0,1,1,1,1,1,110,2,2,1,0,0,1,28.0,66.0,voiture,voiture,1,1,1,1,2
202200030322,2022-05-19 18:50:00,2022,5,19,18,50,29,29254,Rue de la Mairie,48.5765882028,-3.8414615394,Plein jour,En agglomération,Hors intersection,Normale,Autre collision,4,1,1,0,2,1,1,9,1,30,1,1,0,0,0,1,25.0,,voiture,,1,2,1,1,6
202200030323,2022-05-18 17:15:00,2022,5,18,17,15,27,27701,VOIE DE L OREE,49.2682292662,1.1898708344,Plein jour,En agglomération,Hors intersection,Temps éblouissant,Sans collision,4,2,2,0,1,1,1,0,3,50,1,2,0,0,0,2,19.0,,voiture,,1,2,1,7,7
202200030324,2022-10-03 07:20:00,2022,10,3,7,20,78,78238,A13,48.96984,1.8697,Crépuscule ou aube,Hors agglomération,Hors intersection,Brouillard / fumée,Deux véhicules - arrière,1,3,3,0,1,1,2,0,2,130,2,2,1,0,0,1,42.0,26.0,deux_roues,voiture,2,1,1,5,2
202200030325,2022-07-20 14:50:00,2022,7,20,14,50,92,92064,MAGENTA PLACE,48.8422361132,2.2071318625,Plein jour,En agglomération,Giratoire,Normale,Trois véhicules et plus - collisions multiples,3,-1,1,0,1,2,1,0,1,50,3,4,1,0,0,3,88.0,35.0,voiture,voiture,1,2,6,1,5
202200030326,2022-10-03 19:00:00,2022,10,3,19,0,95,95527,A3,48.98923,2.51056,Crépuscule ou aube,Hors agglomération,Hors intersection,Normale,Deux véhicules - arrière,1,3,4,0,1,1,1,0,1,90,2,2,1,0,0,1,75.0,29.0,voiture,voiture,2,1,1,1,2
202200030327,2022-07-20 06:00:00,2022,7,20,6,0,92,92049,JAURES AVENUE JEAN N°53 A FIN,48.8157625686,2.3106568158,Nuit avec éclairage allumé,En agglomération,Hors intersection,Pluie légère,Autre collision,4,2,2,0,1,1,2,0,1,50,1,2,1,0,0,1,,,autre,,5,2,1,2,6
202200030328,2022-10-03 17:30:00,2022,10,3,17,30,93,93066,AUTOROUTE A1,48.91211,2.35814,Plein jour,Hors agglomération,Hors intersection,Normale,Trois véhicules et plus - collisions multiples,1,1,4,0,1,1,1,1,1,90,4,4,3,0,0,1,21.0,49.0,voiture,deux_roues,1,1,1,1,5
202200030329,2022-05-18 17:35:00,2022,5,18,17,35,25,25204,Route Départementale 437,46.925553,6.356687,Plein jour,Hors agglomération,Hors intersection,Normale,Deux véhicules - arrière,3,2,2,0,1,1,1,0,1,70,2,2,1,0,0,1,32.0,24.0,voiture,voiture,1,1,1,1,2
202200030330,2022-07-19 10:55:00,2022,7,19,10,55,92,92024,GENERAL LECLERC (BD DU) (9 A 59)   (4 A,48.9029944114,2.313182652,Plein jour,En agglomération,Giratoire,Normale,Autre collision,3,2,2,0,1,1,1,0,1,50,1,2,1,0,0,1,67.0,,voiture,,1,2,6,1,6
202200030331,2022-10-03 06:50:00,2022,10,3,6,50,93,93053,AUTOROUTE A3,48.8833590967,2.4579547253,Nuit sans éclairage public,Hors agglomération,Hors intersection,Brouillard / fumée,Trois véhicules et plus - en chaîne,1,3,8,0,2,1,1,9,1,110,3,3,2,0,0,1,54.0,50.0,voiture,utilitaire_camion,3,1,1,5,4
202200030332,2022-10-03 05:55:00,2022,10,3,5,55,93,93051,A4,48.835019,2.580462,Nuit sans éclairage public,Hors agglomération,Hors intersection,Brouillard / fumée,Trois véhicules et plus - collisions multiples,1,3,6,0,1,1,2,0,1,110,3,3,2,0,0,1,33.0,26.0,utilitaire_camion,deux_roues,3,1,1,5,5
202200030333,2022-07-19 22:20:00,2022,7,19,22,20,92,92023,JEAN BAPTISTE CLEMENT (AVENUE),48.79151,2.26309,Nuit avec éclairage allumé,En agglomération,Hors intersection,Normale,Deux véhicules - arrière,4,2,3,0,1,1,1,0,1,50,2,3,2,0,0,1,35.0,55.0,voiture,voiture,5,2,1,1,2
202200030334,2022-07-20 08:37:00,2022,7,20,8,37,92,92019,LONGUET JEAN (RUE),48.7732380643,2.2807442844,Plein jour,En agglomération,Intersection en X,Pluie légère,Autre collision,3,2,2,0,1,1,2,6,1,50,1,1,0,0,1,0,31.0,,deux_roues,,1,2,2,2,6
202200030335,2022-10-02 16:05:00,2022,10,2,16,5,988,98818,VE1,-22.22521,166.46378,Plein jour,En agglomération,Hors intersection,Normale,Deux véhicules - arrière,1,3,4,0,1,2,1,0,1,70,2,3,2,0,0,1,27.0,30.0,voiture,deux_roues,1,2,1,1,2
202200030336,2022-07-19 09:30:00,2022,7,19,9,30,92,92004,COLOMBES ( RUE DE 31 A ),48.9122768196,2.2853666693,Plein jour,En agglomération,Hors intersection,Normale,Deux véhicules - frontale,4,2,0,0,1,1,1,0,1,50,2,2,1,0,0,1,40.0,80.0,voiture,voiture,1,2,1,1,1
202200030337,2022-10-02 13:40:00,2022,10,2,13,40,974,97416,RN03,-21.29861,55.50685,Plein jour,Hors agglomération,Hors intersection,Normale,Autre collision,2,3,4,0,2,1,1,0,1,90,1,2,0,0,0,2,45.0,,voiture,,1,1,1,1,6
202200030338,2022-10-02 19:40:00,2022,10,2,19,40,69,69388,Route de Vienne,45.72985,4.85374,Nuit avec éclairage allumé,En agglomération,Intersection en X,Normale,Autre collision,4,2,5,2,1,1,1,0,1,50,1,2,0,0,0,2,89.0,,voiture,,5,2,2,1,6
202200030339,2022-07-21 09:45:00,2022,7,21,9,45,83,83058,D557,43.544247,6.344874,Plein jour,Hors agglomération,Hors intersection,Normale,Deux véhicules - côté,3,2,2,0,2,1,1,0,1,80,2,2,0,0,0,2,49.0,21.0,voiture,voiture,1,1,1,1,3
202200030340,2022-10-02 17:25:00,2022,10,2,17,25,69,69386,204 Avenue Thiers,45.76395,4.86194,Plein jour,En agglomération,Intersection en T,Normale,Deux véhicules - côté,4,2,5,3,1,1,1,0,1,30,2,2,1,0,0,1,62.0,39.0,deux_roues,voiture,1,2,3,1,3
202200030341,2022-07-21 14:45:00,2022,7,21,14,45,84,84142,D1,43.945971,5.013569,Plein jour,Hors agglomération,Intersection en X,Normale,Deux véhicules - côté,3,2,2,0,1,1,1,5,3,80,2,3,1,1,0,1,39.0,25.0,voiture,voiture,1,1,2,1,3
202200030342,2022-10-02 17:00:00,2022,10,2,17,0,69,69388,Rue Audibert et Lavirotte,45.74053,4.86003,Plein jour,En agglomération,Hors intersection,Normale,Autre collision,4,1,2,2,1,1,1,8,1,50,1,2,1,0,0,1,35.0,,voiture,,1,2,1,1,6
202200030343,2022-10-02 11:14:00,2022,10,2,11,14,972,97209,REDOUTE (ROUTE DE LA),14.62856,-61.05865,Plein jour,Hors agglomération,Hors intersection,Normale,Sans collision,2,2,2,0,2,2,1,0,1,50,1,1,0,0,1,0,32.0,,deux_roues,,1,1,1,1,7
202200030344,2022-09-30 12:25:00,2022,9,30,12,25,971,97105,JEAN-JAURES  (RUE),16.01008,-61.74592,Plein jour,Hors agglomération,Autre intersection,Normale,Deux véhicules - frontale,4,2,2,0,1,1,1,0,1,50,2,2,1,0,1,0,28.0,22.0,deux_roues,voiture,1,1,9,1,1
202200030345,2022-07-19 13:30:00,2022,7,19,13,30,71,71270,autoroute A6,46.361649,4.830744,Plein jour,Hors agglomération,Hors intersection,Normale,Deux véhicules - arrière,1,3,5,0,1,1,1,0,1,130,2,6,5,0,1,0,58.0,25.0,utilitaire_camion,voiture,1,1,1,1,2
202200030346,2022-10-02 19:50:00,2022,10,2,19,50,2A,2A004,T20 BIS CHEMIN DE LA STATION D EPURATION,41.93704,8.80363,Nuit sans éclairage public,Hors agglomération,Intersection en T,Normale,Deux véhicules - côté,2,2,2,0,1,4,1,8,1,90,2,3,1,0,2,0,31.0,20.0,voiture,voiture,3,1,3,1,3
202200030347,2022-07-21 11:27:00,2022,7,21,11,27,05,05133,ROND POINT des Carines,44.93054,6.593583,Plein jour,Hors agglomération,Giratoire,Normale,Deux véhicules - côté,3,1,1,0,1,2,1,0,1,70,2,2,1,0,0,1,75.0,67.0,voiture,deux_roues,1,1,6,1,3
202200030348,2022-10-02 05:40:00,2022,10,2,5,40,91,91161,AV PIERRE BROSSOLETTE,48.69975,2.31078,Nuit avec éclairage allumé,En agglomération,Intersection en T,Pluie légère,Deux véhicules - côté,1,1,2,0,3,1,2,2,1,50,2,4,1,0,0,3,,49.0,voiture,voiture,5,2,3,2,3
202200030349,2022-07-20 12:55:00,2022,7,20,12,55,972,97204,nationale 2,14.711239,-61.183966,Plein jour,En agglomération,Hors intersection,Pluie forte,Deux véhicules - arrière,2,2,2,0,1,2,2,0,4,50,2,2,1,0,1,0,71.0,27.0,voiture,deux_roues,1,2,1,3,2
202200030350,2022-07-21 07:45:00,2022,7,21,7,45,26,26138,A7 - PK134 - SENS SUD VERS NORD,44.401165,4.729185,Plein jour,Hors agglomération,Hors intersection,Normale,Trois véhicules et plus - en chaîne,1,3,5,0,1,1,1,0,1,130,3,4,3,0,1,0,24.0,33.0,voiture,utilitaire_camion,1,1,1,1,4