accident_id,datetime,annee,mois,jour,heure,minute,departement,commune_insee,adresse,latitude,longitude,luminosite,agglomeration,intersection,meteo,collision,catr,circ,nbv,vosp,prof,plan,surf,infra,situ,vma,nb_vehicules,nb_usagers,nb_indemnes,nb_tues,nb_blesses_hosp,nb_blesses_legers,age_cond_1,age_cond_2,veh_type_cond_1,veh_type_cond_2,lum_code,agg_code,int_code,atm_code,col_code
202200030534,2022-12-10 22:15:00,2022,12,10,22,15,13,13211,SAINT MARCEL (BOULEVARD DE ),43.2887969431,5.4602906705,Nuit avec éclairage allumé,En agglomération,Hors intersection,Normale,Deux véhicules - côté,4,-1,2,0,1,1,1,0,1,50,2,2,1,0,1,0,,57.0,voiture,deux_roues,5,2,1,1,3
202200030535,2022-12-10 08:20:00,2022,12,10,8,20,13,13205,SAINTE CECILE (RUE),43.28895,5.39819,Plein jour,En agglomération,Hors intersection,Normale,Deux véhicules - frontale,4,1,1,0,1,1,1,0,1,50,1,2,1,0,0,1,25.0,,voiture,,1,2,1,1,1
202200030536,2022-07-15 19:45:00,2022,7,15,19,45,67,67482,ARISTIDE BRIAND (AVENUE),48.56734,7.77417,Plein jour,En agglomération,Hors intersection,Normale,Autre collision,4,3,3,1,1,1,1,0,1,50,1,3,2,0,0,1,63.0,,voiture,,1,2,1,1,6
202200030537,2022-12-11 12:00:00,2022,12,11,12,0,13,13028,GASSION (AVENUE FERNAND ),43.1841,5.60645,Plein jour,En agglomération,Hors intersection,Normale,Deux véhicules - côté,4,2,2,0,1,1,1,0,1,50,2,2,1,0,1,0,20.0,25.0,voiture,deux_roues,1,2,1,1,3
202200030538,2022-07-19 12:50:00,2022,7,19,12,50,64,64445,JEAN MERMOZ,43.30691,-0.37634,Plein jour,En agglomération,Hors intersection,Normale,Deux véhicules - frontale,4,2,3,3,1,1,1,0,1,50,2,2,1,0,0,1,79.0,23.0,voiture,voiture,1,2,1,1,1
202200030539,2022-12-01 14:00:00,2022,12,1,14,0,13,13028,CROZET (AVENUE LOUIS ),43.1774948658,5.6018087915,Plein jour,En agglomération,Intersection en T,Normale,Deux véhicules - côté,4,1,1,0,2,1,1,0,1,30,1,2,1,0,1,0,58.0,,voiture,,1,2,3,1,3
202200030540,2022-07-19 19:20:00,2022,7,19,19,20,64,64024,Rue de l' Industrie,43.49655,-1.4946,Plein jour,En agglomération,Hors intersection,Normale,Deux véhicules - frontale,4,2,2,0,1,3,1,0,1,30,2,2,1,0,0,1,21.0,25.0,voiture,voiture,1,2,1,1,1
202200030541,2022-12-11 18:20:00,2022,12,11,18,20,13,13001,RN 296,43.540111,5.432669,Nuit avec éclairage allumé,Hors agglomération,Hors intersection,Temps couvert,Trois véhicules et plus - en chaîne,2,1,2,0,2,3,1,0,1,90,4,7,5,0,0,2,31.0,19.0,voiture,voiture,5,1,1,8,4
202200030542,2022-07-18 20:17:00,2022,7,18,20,17,63,63113,LAFAYETTE (BD),45.76677,3.10697,Plein jour,En agglomération,Intersection en X,Normale,Autre collision,7,2,4,0,1,1,1,0,1,50,2,2,1,0,1,0,24.0,,deux_roues,voiture,1,2,2,1,6
202200030543,2022-11-19 09:20:00,2022,11,19,9,20,69,69259,Avenue Charles de Gaulle,45.71745,4.89121,Plein jour,En agglomération,Hors intersection,Pluie légère,Autre collision,7,2,4,3,1,1,2,9,8,50,2,2,0,0,0,1,52.0,,deux_roues,voiture,1,2,1,2,6
202200030544,2022-07-19 11:24:00,2022,7,19,11,24,60,60057,Rue de la Tapisserie,49.4274638135,2.0833591819,Plein jour,En agglomération,Autre intersection,Normale,Autre collision,4,2,2,0,1,1,1,9,8,50,1,2,1,0,0,1,49.0,,deux_roues,,1,2,9,1,6
202200030545,2022-11-18 14:35:00,2022,11,18,14,35,61,61169,BOULE (RUE DE LA),48.74885,-0.56867,Plein jour,En agglomération,Intersection en X,Pluie légère,Autre collision,3,2,2,0,1,1,2,5,1,50,1,2,1,0,1,0,24.0,,utilitaire_camion,,1,2,2,2,6
202200030546,2022-07-19 18:40:00,2022,7,19,18,40,59,59599,EGALITE (BOULEVARD DE L'),50.73333,3.1682,Plein jour,En agglomération,Autre intersection,Normale,Deux véhicules - côté,4,2,1,0,1,1,1,0,1,50,2,3,1,0,0,2,20.0,54.0,deux_roues,voiture,1,2,9,1,3
202200030547,2022-10-11 14:10:00,2022,10,11,14,10,74,74308,RD 32,46.353696,6.613952,Plein jour,Hors agglomération,Hors intersection,Normale,Deux véhicules - côté,3,2,2,0,2,1,1,0,1,80,2,3,2,0,1,0,44.0,23.0,utilitaire_camion,deux_roues,1,1,1,1,3
202200030548,2022-10-10 21:50:00,2022,10,10,21,50,74,74010,Avenue d'aix-les-bains,45.883141,6.097916,Nuit avec éclairage allumé,En agglomération,Hors intersection,Normale,Autre collision,3,1,1,1,2,1,1,8,5,70,1,2,1,0,1,0,,,deux_roues,,5,2,1,1,6
202200030549,2022-07-19 20:40:00,2022,7,19,20,40,59,59512,MACE (RUE JEAN),50.674015,3.190297,Plein jour,En agglomération,Hors intersection,Normale,Autre collision,4,1,1,0,1,1,1,0,1,30,1,2,0,1,1,0,36.0,,deux_roues,,1,2,1,1,6
202200030550,2022-10-05 13:25:00,2022,10,5,13,25,74,74123,D12,45.754877,6.296867,Plein jour,Hors agglomération,Intersection en T,Normale,Autre collision,3,3,2,0,3,3,1,0,1,80,1,1,0,0,0,1,61.0,,utilitaire_camion,,1,1,3,1,6
202200030551,2022-12-11 01:20:00,2022,12,11,1,20,988,98818,A HAUTEUR N° 182 RUE JACQUES IEKAWE,-22.24699,166.46077,Nuit avec éclairage allumé,En agglomération,Hors intersection,Normale,Deux véhicules - frontale,4,2,2,0,2,1,1,0,1,50,2,2,0,0,0,2,23.0,50.0,voiture,voiture,5,2,1,1,1
202200030552,2022-07-19 13:45:00,2022,7,19,13,45,59,59350,GAMBETTA LEON RUE,50.6285101146,3.0523627996,Plein jour,En agglomération,Hors intersection,Normale,Autre collision,4,2,2,0,1,1,1,0,1,30,1,2,1,0,0,1,45.0,,voiture,,1,2,1,1,6
202200030553,2022-12-10 09:40:00,2022,12,10,9,40,974,97416,ZONE (ALLEE DE LA),-21.3193,55.4701,Plein jour,Hors agglomération,Hors intersection,Normale,Deux véhicules - frontale,4,2,2,0,1,3,1,0,1,50,2,2,1,0,0,1,33.0,21.0,voiture,deux_roues,1,1,1,1,1
202200030554,2022-12-09 10:00:00,2022,12,9,10,0,974,97416,RN3 (1),-21.29745,55.50817,Plein jour,Hors agglomération,Hors intersection,Normale,Deux véhicules - arrière,2,3,4,0,3,2,1,9,1,90,2,2,1,0,0,1,56.0,33.0,voiture,deux_roues,1,1,1,1,2
202200030555,2022-07-19 16:20:00,2022,7,19,16,20,54,54395,LAVERNY (PLACE ROBERT),48.70288,6.15918,Plein jour,En agglomération,Intersection en T,Normale,Deux véhicules - côté,4,2,2,0,1,1,1,0,1,20,2,2,1,0,0,1,30.0,38.0,voiture,voiture,1,2,3,1,3
202200030556,2022-12-10 16:45:00,2022,12,10,16,45,973,97302,MANGO (ROUTE),4.9328549627,-52.3188659549,Plein jour,En agglomération,Hors intersection,Normale,Sans collision,4,-1,1,0,1,1,1,0,1,30,1,1,0,0,1,0,8.0,,deux_roues,,1,2,1,1,7
202200030557,2022-12-10 15:35:00,2022,12,10,15,35,973,97302,RABAN (ROUTE DE),4.9333355265,-52.3131796718,Plein jour,En agglomération,Hors intersection,Normale,Deux véhicules - frontale,4,2,2,0,2,1,1,0,1,50,2,2,1,0,0,1,17.0,50.0,deux_roues,voiture,1,2,1,1,1
202200030558,2022-12-09 23:50:00,2022,12,9,23,50,973,97302,ROUTE NATIONALE 3,4.90371,-52.31624,Nuit avec éclairage non allumé,Hors agglomération,Hors intersection,Normale,Sans collision,3,2,2,0,1,1,2,0,1,90,1,1,0,0,1,0,56.0,,deux_roues,,4,1,1,1,7
202200030559,2022-07-18 18:00:00,2022,7,18,18,0,54,54382,LONGWY (ROUTE DE),49.53276,5.76453,Plein jour,En agglomération,Hors intersection,Normale,Autre collision,3,2,2,0,1,1,1,0,1,50,1,3,1,0,0,2,86.0,,voiture,,1,2,1,1,6
202200030560,2022-12-09 15:15:00,2022,12,9,15,15,972,97213,ROUTE NATIONALE 6,14.59515,-60.98299,Plein jour,Hors agglomération,Hors intersection,Normale,Deux véhicules - frontale,9,1,0,3,1,3,1,0,1,10,2,2,1,0,0,1,39.0,25.0,transport_commun,deux_roues,1,1,1,1,1
202200030561,2022-12-10 17:20:00,2022,12,10,17,20,971,97113,HOTELS (ROUTE DES),16.2068998088,-61.5016016364,Plein jour,En agglomération,Hors intersection,Normale,Deux véhicules - frontale,4,2,2,0,1,2,1,0,1,50,2,3,2,1,0,0,23.0,22.0,voiture,deux_roues,1,2,1,1,1
202200030562,2022-07-19 15:58:00,2022,7,19,15,58,51,51454,rue de Roubaix,49.2354804877,4.0249148011,Plein jour,En agglomération,Intersection en Y,Normale,Deux véhicules - côté,4,1,1,0,1,1,1,0,1,50,2,2,1,0,0,1,29.0,35.0,utilitaire_camion,voiture,1,2,4,1,3
202200030563,2022-12-10 07:30:00,2022,12,10,7,30,971,97101,VIEUX BOURG,16.24846,-61.53004,Plein jour,En agglomération,Hors intersection,Normale,Autre collision,4,2,0,0,1,1,1,0,1,50,1,2,1,0,0,1,45.0,,voiture,,1,2,1,1,6
202200030564,2022-12-10 14:00:00,2022,12,10,14,0,971,97101,DOTHEMARE,16.266,-61.515,Plein jour,En agglomération,Autre intersection,Normale,Autre collision,6,-1, -1,0,1,1,1,0,8,30,1,2,1,0,0,1,38.0,,voiture,,1,2,9,1,6
202200030565,2022-07-19 07:40:00,2022,7,19,7,40,50,50129,LEMONNIER (AVENUE AMIRAL),49.63358,-1.61762,Plein jour,En agglomération,Hors intersection,Normale,Deux véhicules - arrière,3,3,4,0,3,1,1,1,1,50,2,2,1,0,0,1,,47.0,voiture,voiture,1,2,1,1,2
202200030566,2022-12-09 14:20:00,2022,12,9,14,20,2A,2A004,T20,41.94183,8.80813,Plein jour,Hors agglomération,Hors intersection,Pluie légère,Deux véhicules - côté,2,2,2,0,1,1,8,0,1,70,2,5,1,0,1,3,68.0,27.0,voiture,voiture,1,1,1,2,3
202200030567,2022-07-19 08:43:00,2022,7,19,8,43,49,49246,DAVID D'ANGERS,47.4334,-0.52955,Plein jour,En agglomération,Giratoire,Normale,Deux véhicules - côté,3,2,2,0,1,1,1,0,1,30,2,2,1,0,0,1,35.0,46.0,deux_roues,transport_commun,1,2,6,1,3
202200030568,2022-12-10 15:05:00,2022,12,10,15,5,95,95019,Avenue Charles Vaillant,48.9862007659,2.4133738875,Plein jour,En agglomération,Intersection en T,Normale,Deux véhicules - côté,3,2,2,0,1,1,1,0,1,50,2,4,3,0,0,1,57.0,26.0,deux_roues,voiture,1,2,3,1,3
202200030569,2022-07-19 09:35:00,2022,7,19,9,35,49,49007,PYRAMIDE ROUTE,47.45279,-0.52457,Plein jour,En agglomération,Hors intersection,Normale,Deux véhicules - arrière,4,2,2,0,1,1,1,0,1,50,2,2,1,0,0,1,21.0,75.0,deux_roues,voiture,1,2,1,1,2
202200030570,2022-12-09 16:30:00,2022,12,9,16,30,91,91421,SOLEIL (PLACE DU),48.703332,2.442776,Plein jour,En agglomération,Hors intersection,Normale,Autre collision,4,4,2,0,2,1,1,6,1,30,1,2,1,0,0,1,49.0,,utilitaire_camion,,1,2,1,1,6
202200030571,2022-07-19 10:18:00,2022,7,19,10,18,49,49007,DE LATTRE DE TASSIGNY,47.45738,-0.54428,Plein jour,En agglomération,Hors intersection,Normale,Autre collision,4,2,2,0,1,1,1,0,1,50,1,1,0,0,0,1,52.0,,voiture,,1,2,1,1,6
202200030572,2022-12-09 23:00:00,2022,12,9,23,0,91,91687,RIS (RUE DE),48.67344,2.39296,Nuit avec éclairage allumé,En agglomération,Hors intersection,Normale,Deux véhicules - frontale,3,3,2,0,1,1,1,9,1,50,2,3,1,0,2,0,22.0,,voiture,voiture,5,2,1,1,1
202200030573,2022-12-10 18:20:00,2022,12,10,18,20,88,88160,DOGNEVILLE (Q. DE),48.18607,6.44529,Nuit avec éclairage allumé,En agglomération,Hors intersection,Pluie légère,Deux véhicules - frontale,3,2,2,0,1,1,2,0,1,50,2,2,1,0,1,0,77.0,66.0,voiture,transport_commun,5,2,1,2,1
202200030574,2022-07-19 19:33:00,2022,7,19,19,33,48,48095,CAUSSE D'AUGE (ZONE D'ACTIVITES ECONOMIQ,44.53195,3.4989,Plein jour,En agglomération,Intersection en T,Temps éblouissant,Deux véhicules - arrière,4,2,2,0,2,1,1,0,1,50,2,2,1,0,1,0,27.0,62.0,deux_roues,voiture,1,2,3,7,2
202200030575,2022-12-10 08:00:00,2022,12,10,8,0,83,83126,QUATRE SEPTEMBRE (BD DU),43.10283,5.87425,Plein jour,En agglomération,Intersection en X,Normale,Deux véhicules - frontale,4,2,2,0,1,1,1,0,1,50,2,2,1,0,1,0,70.0,68.0,deux_roues,voiture,1,2,2,1,1
202200030576,2022-07-19 14:47:00,2022,7,19,14,47,45,45234,Quai Saint-Laurent,47.89794,1.89497,Plein jour,En agglomération,Intersection en X,Normale,Deux véhicules - côté,4,3,4,0,1,1,1,0,1,50,2,5,2,0,1,2,24.0,38.0,utilitaire_camion,voiture,1,2,2,1,3
202200030577,2022-12-10 10:30:00,2022,12,10,10,30,76,76108,Chemin de la Breteque,49.48185,1.10969,Plein jour,En agglomération,Giratoire,Brouillard / fumée,Autre collision,7,2,2,0,1,1,2,0,1,90,1,2,0,0,0,2,42.0,,voiture,,1,2,6,5,6
202200030578,2022-07-19 12:56:00,2022,7,19,12,56,45,45147,Rue André Dessaux,47.9379625513,1.8946392238,Plein jour,Hors agglomération,Giratoire,Normale,Deux véhicules - côté,4,3,4,0,1,1,1,0,1,50,2,3,2,0,0,1,34.0,43.0,voiture,voiture,1,1,6,1,3
202200030579,2022-12-10 16:10:00,2022,12,10,16,10,71,71153,MONTVALTIN (Avenue),46.7959164418,4.453291744,Plein jour,En agglomération,Intersection en T,Normale,Deux véhicules - côté,3,2,3,0,1,1,1,5,1,70,2,3,1,0,0,2,54.0,24.0,voiture,voiture,1,2,3,1,3
202200030580,2022-12-09 17:20:00,2022,12,9,17,20,71,71153,POLOGNE (RUE DE),46.79302,4.44488,Nuit sans éclairage public,En agglomération,Autre intersection,Pluie légère,Autre collision,4,-1,0,0,1,1,2,0,1,50,1,2,1,0,0,1,25.0,,voiture,,3,2,9,2,6
202200030581,2022-07-19 22:50:00,2022,7,19,22,50,42,42187,Rue de Clermont,46.0308803569,4.0671719558,Nuit avec éclairage allumé,En agglomération,Intersection en T,Normale,Deux véhicules - frontale,4,2,2,0,2,1,1,0,1,50,2,2,1,0,0,1,18.0,17.0,voiture,deux_roues,5,2,3,1,1
202200030582,2022-12-10 18:00:00,2022,12,10,18,0,71,71445,DOCTEUR JEANNIN (RUE DU),46.7849523735,4.8883232474,Nuit sans éclairage public,En agglomération,Hors intersection,Normale,Deux véhicules - frontale,4,2,2,0,1,1,1,0,1,80,2,2,1,0,0,1,61.0,22.0,voiture,voiture,3,2,1,1,1
202200030583,2022-07-19 10:35:00,2022,7,19,10,35,37,37261,NERICAULT DESTOUCHES (RUE),47.39255,0.68624,Plein jour,En agglomération,Hors intersection,Normale,Autre collision,4,1,1,2,1,1,1,0,1,50,1,2,1,0,0,1,20.0,,deux_roues,,1,2,1,1,6
202200030584,2022-12-10 22:40:00,2022,12,10,22,40,69,69266,Cours Emile Zola,45.770840827,4.872211218,Nuit avec éclairage allumé,En agglomération,Hors intersection,Temps couvert,Autre collision,4,2,2,2,1,1,2,0,5,50,1,2,1,0,0,1,21.0,,deux_roues,,5,2,1,8,6
202200030585,2022-12-10 07:41:00,2022,12,10,7,41,69,69259,Avenue Charles de Gaulle,45.71302,4.89883,Crépuscule ou aube,En agglomération,Hors intersection,Temps couvert,Autre collision,7,2,4,3,1,1,2,0,4,50,1,1,0,1,0,0,54.0,,deux_roues,,2,2,1,8,6
202200030586,2022-12-09 14:24:00,2022,12,9,14,24,66,66136,,42.70036,2.89367,Plein jour,En agglomération,Hors intersection,Normale,Autre collision,4,1,2,3,1,1,1,0,1,50,1,2,1,0,0,1,65.0,,transport_commun,,1,2,1,1,6
202200030587,2022-07-19 13:10:00,2022,7,19,13,10,35,35238,LEROUX (BD OSCAR),48.09157,-1.65852,Plein jour,En agglomération,Giratoire,Normale,Deux véhicules - côté,4,3,2,2,1,2,1,0,1,50,2,2,1,0,0,1,54.0,22.0,voiture,deux_roues,1,2,6,1,3
202200030588,2022-12-10 10:35:00,2022,12,10,10,35,64,64189,Rue Pierre Bouvet de Thèze,43.3776404942,-1.6697019339,Plein jour,En agglomération,Hors intersection,Temps éblouissant,Autre collision,4,2,2,0,2,1,1,0,1,50,1,2,1,0,0,1,91.0,,voiture,,1,2,1,7,6
202200030589,2022-07-18 21:20:00,2022,7,18,21,20,34,34032,CUGNOT NICOLAS-JOSEPH (RUE),43.3704202118,3.2189029455,Plein jour,En agglomération,Hors intersection,Normale,Sans collision,4,1,1,0,1,2,1,5,1,30,1,1,0,0,1,0,23.0,,deux_roues,,1,2,1,1,7
202200030590,2022-12-10 12:45:00,2022,12,10,12,45,60,60175,Rue de Marl,49.2601795949,2.4762395024,Plein jour,En agglomération,Hors intersection,Normale,Autre collision,4,2,2,0,1,1,1,0,1,30,1,1,0,0,0,1,27.0,,deux_roues,,1,2,1,1,6
202200030591,2022-12-10 14:15:00,2022,12,10,14,15,60,60057,Avenue Descartes,49.40905,2.11559,Plein jour,En agglomération,Hors intersection,Normale,Deux véhicules - côté,4,-1,2,0,1,1,1,0,1,50,2,2,1,0,0,1,55.0,43.0,deux_roues,voiture,1,2,1,1,3
202200030592,2022-07-19 18:00:00,2022,7,19,18,0,33,33063,Quai de la Souys,44.8299,-0.54286,Plein jour,En agglomération,Intersection en T,Normale,Deux véhicules - côté,4,2,4,0,1,1,1,0,1,50,2,2,1,0,1,0,70.0,45.0,voiture,deux_roues,1,2,3,1,3
202200030593,2022-12-10 11:08:00,2022,12,10,11,8,60,60057,JOHN F. KENNEDY (AV)-RUE DU PARC NON IN,49.42786,2.0984,Plein jour,En agglomération,Hors intersection,Temps couvert,Trois véhicules et plus - en chaîne,4,2,2,0,1,1,1,0,1,50,3,3,1,0,0,2,47.0,35.0,voiture,voiture,1,2,1,8,4
202200030594,2022-07-14 05:34:00,2022,7,14,5,34,33,33063,Quai de Paludate,44.82981,-0.55586,Crépuscule ou aube,En agglomération,Intersection en T,Normale,Deux véhicules - côté,4,2,4,0,1,1,1,5,1,50,2,3,2,0,0,1,38.0,,voiture,voiture,2,2,3,1,3
202200030595,2022-12-06 14:45:00,2022,12,6,14,45,59,59043,YPRES (RUE D'),50.74,2.7375,Plein jour,En agglomération,Hors intersection,Temps éblouissant,Deux véhicules - côté,3,2,2,0,1,1,1,0,1,30,2,2,1,0,0,1,78.0,63.0,voiture,deux_roues,1,2,1,7,3
202200030596,2022-12-09 11:20:00,2022,12,9,11,20,56,56260,115 Avenue General Delestraint,47.6613,-2.72595,Plein jour,En agglomération,Hors intersection,Normale,Autre collision,4,2,2,1,1,1,1,0,1,50,1,2,1,0,0,1,65.0,,voiture,,1,2,1,1,6
202200030597,2022-07-19 12:00:00,2022,7,19,12,0,27,27562,PRES (RUE DES),49.10573,1.45763,Plein jour,En agglomération,Intersection en X,Normale,Deux véhicules - côté,3,2,3,3,1,1,1,0,1,50,2,2,1,0,0,1,32.0,26.0,voiture,utilitaire_camion,1,2,2,1,3
202200030598,2022-12-10 15:40:00,2022,12,10,15,40,54,54547,ECHTERNACH (RUE D'),48.66654,6.16849,Plein jour,En agglomération,Intersection en T,Normale,Autre collision,4,1,1,2,2,1,1,-1,1,30,1,2,1,0,0,1,35.0,,voiture,,1,2,3,1,6
202200030599,2022-07-19 14:13:00,2022,7,19,14,13,25,25056,SOUVENIR FRANCAIS PLACE DU,47.263874,6.022744,Plein jour,En agglomération,Hors intersection,Normale,Deux véhicules - côté,4,2,2,0,1,1,1,0,4,50,2,2,1,0,1,0,48.0,10.0,voiture,deux_roues,1,2,1,1,3
202200030600,2022-12-10 22:30:00,2022,12,10,22,30,51,51454,rue Libergier,49.25166,4.02834,Nuit avec éclairage allumé,En agglomération,Hors intersection,Normale,Deux véhicules - côté,4,2,3,0,1,1,1,0,1,50,2,6,5,0,0,1,44.0,26.0,utilitaire_camion,voiture,5,2,1,1,3
202200030601,2022-12-11 20:41:00,2022,12,11,20,41,49,49007,PASTEUR AVENUE,47.47666,-0.5325,Nuit avec éclairage allumé,En agglomération,Hors intersection,Normale,Autre collision,4,2,2,0,1,1,1,0,1,50,1,1,0,0,0,1,20.0,,deux_roues,,5,2,1,1,6
202200030602,2022-12-09 18:50:00,2022,12,9,18,50,47,47001,CARNOT (BD DU PRESIDENT),44.2017,0.62067,Nuit avec éclairage allumé,En agglomération,Hors intersection,Normale,Deux véhicules - côté,4,2,2,0,1,1,1,0,1,30,2,2,1,0,1,0,16.0,32.0,deux_roues,voiture,5,2,1,1,3
202200030603,2022-12-10 17:37:00,2022,12,10,17,37,45,45208,99 Rue la Liberation 23 Aout 1944,47.994277,2.724093,Nuit avec éclairage allumé,En agglomération,Intersection en X,Normale,Deux véhicules - côté,4,2,2,0,1,1,1,0,1,50,2,2,1,0,0,1,39.0,30.0,voiture,deux_roues,5,2,2,1,3
202200030604,2022-07-13 16:00:00,2022,7,13,16,0,15,15014,VERDUN (BOULEVARD DE),44.912269,2.438027,Plein jour,En agglomération,Hors intersection,Normale,Deux véhicules - arrière,2,2,2,0,1,1,1,0,1,50,2,3,1,0,0,2,62.0,21.0,voiture,voiture,1,2,1,1,2
202200030605,2022-12-10 18:30:00,2022,12,10,18,30,45,45068,63 Rue du 23 Août 1944,48.00537,2.72389,Nuit avec éclairage allumé,En agglomération,Intersection en T,Normale,Deux véhicules - arrière,3,2,2,0,1,1,1,0,1,50,2,3,2,0,0,1,,36.0,voiture,voiture,5,2,3,1,2
202200030606,2022-07-19 09:00:00,2022,7,19,9,0,13,13208,MICHELET (BOULEVARD),43.26963,5.3927,Plein jour,En agglomération,Hors intersection,Normale,Deux véhicules - arrière,3,2,6,0,1,1,1,0,1,50,2,3,2,0,0,1,66.0,68.0,voiture,deux_roues,1,2,1,1,2
202200030607,2022-12-09 19:10:00,2022,12,9,19,10,45,45068,36 Rue du 23 Août 1944,48.00814,2.7223,Nuit avec éclairage allumé,En agglomération,Hors intersection,Temps couvert,Trois véhicules et plus - en chaîne,3,2,2,0,1,1,2,0,1,50,3,3,2,0,0,1,38.0,26.0,voiture,voiture,5,2,1,8,4
202200030608,2022-12-10 10:15:00,2022,12,10,10,15,35,35238,VERN (DE),48.08608,-1.64418,Plein jour,En agglomération,Giratoire,Normale,Deux véhicules - côté,4,3,4,0,1,1,1,0,1,50,2,2,0,0,0,2,36.0,84.0,voiture,voiture,1,2,6,1,3
202200030609,2022-07-19 06:45:00,2022,7,19,6,45,13,13215,CAP JANET (CHEMIN),43.337,5.3515,Plein jour,En agglomération,Hors intersection,Normale,Deux véhicules - frontale,3,-1,2,0,2,2,1,0,1,50,2,3,1,0,0,2,32.0,26.0,voiture,voiture,1,2,1,1,1
202200030610,2022-12-10 18:45:00,2022,12,10,18,45,33,33063,Quai des Chartrons,44.85284,-0.567242,Nuit avec éclairage allumé,En agglomération,Hors intersection,Normale,Deux véhicules - côté,4,3,9,1,1,1,1,5,1,50,2,2,1,0,1,0,56.0,21.0,deux_roues,voiture,5,2,1,1,3
202200030611,2022-07-18 10:00:00,2022,7,18,10,0,13,13209,REDON (BOULEVARD DU),43.2508305417,5.4221004281,Plein jour,En agglomération,Hors intersection,Normale,Deux véhicules - arrière,4,2,2,0,1,1,1,0,1,30,2,2,1,0,1,0,61.0,69.0,deux_roues,voiture,1,2,1,1,2
202200030612,2022-12-10 18:00:00,2022,12,10,18,0,29,29019,avenue Georges Clemenceau,48.39019,-4.4861,Nuit avec éclairage allumé,En agglomération,Hors intersection,Pluie légère,Deux véhicules - arrière,4,2,4,3,1,1,2,0,1,30,2,3,0,0,0,3,18.0,21.0,voiture,voiture,5,2,1,2,2
202200030613,2022-12-10 17:40:00,2022,12,10,17,40,28,28134,CHURCHILL (AVENUE WINSTON),48.74025,1.38716,Nuit avec éclairage allumé,En agglomération,Hors intersection,Normale,Autre collision,2,2,2,0,1,1,1,0,8,50,1,2,1,0,0,1,18.0,,voiture,,5,2,1,1,6
202200030614,2022-12-10 04:30:00,2022,12,10,4,30,28,28134,POTEZ (RUE HENRY),48.75037,1.35219,Nuit avec éclairage allumé,En agglomération,Hors intersection,Brouillard / fumée,Autre collision,4,2,2,0,1,1,2,9,8,50,1,4,2,0,0,2,37.0,,voiture,,5,2,1,5,6
202200030615,2022-07-19 22:00:00,2022,7,19,22,0,13,13047,Rue des Arnavaux,43.5144838818,4.99406851,Nuit sans éclairage public,En agglomération,Hors intersection,Normale,Deux véhicules - côté,4,2,2,0,1,1,1,0,1,50,2,2,1,0,1,0,26.0,42.0,voiture,deux_roues,3,2,1,1,3
202200030616,2022-12-10 19:00:00,2022,12,10,19,0,26,26362,ROMANS AVENUE DE (301),44.938,4.913,Nuit avec éclairage allumé,En agglomération,Hors intersection,Normale,Deux véhicules - côté,4,2,3,1,2,1,1,0,1,50,2,2,1,0,0,1,40.0,19.0,voiture,deux_roues,5,2,1,1,3
202200030617,2022-12-09 18:53:00,2022,12,9,18,53,21,21054,SEURRE (ROUTE DE),47.018336,4.863579,Nuit avec éclairage allumé,En agglomération,Intersection en T,Normale,Deux véhicules - frontale,3,4,5,0,1,1,1,0,1,50,2,2,1,0,1,0,39.0,32.0,voiture,utilitaire_camion,5,2,3,1,1
202200030618,2022-12-10 19:05:00,2022,12,10,19,5,17,17291,ROCHELLE   ROUTE DE LA,46.1843,-1.11903,Nuit avec éclairage allumé,En agglomération,Hors intersection,Normale,Deux véhicules - frontale,4,2,2,1,1,1,1,0,1,30,2,2,0,0,0,2,63.0,18.0,voiture,voiture,5,2,1,1,1
202200030619,2022-12-10 04:34:00,2022,12,10,4,34,17,17291,N11,46.1794,-1.09585,Nuit sans éclairage public,Hors agglomération,Hors intersection,Normale,Deux véhicules - arrière,2,3,4,0,1,1,1,3,1,90,2,2,1,0,0,1,61.0,42.0,utilitaire_camion,voiture,3,1,1,1,2
202200030620,2022-07-18 19:15:00,2022,7,18,19,15,10,10387,WOOD ET WEST (RUE),48.2949,4.081889,Plein jour,En agglomération,Giratoire,Normale,Deux véhicules - côté,4,1,3,0,1,2,1,0,1,50,2,3,2,0,0,1,25.0,49.0,voiture,voiture,1,2,6,1,3
202200030621,2022-12-10 22:45:00,2022,12,10,22,45,14,14333,D580,49.41239,0.27033,Nuit avec éclairage allumé,Hors agglomération,Giratoire,Autre,Autre collision,3,1,2,0,1,2,7,9,3,80,1,2,0,0,0,2,20.0,,voiture,,5,1,6,9,6
202200030622,2022-12-09 16:10:00,2022,12,9,16,10,13,13117,SALYENS ( AVENUE DES ),43.443,5.25231,Plein jour,En agglomération,Intersection en T,Temps couvert,Deux véhicules - côté,4,2,2,0,1,1,1,9,1,50,1,2,1,0,0,1,73.0,,voiture,,1,2,3,8,3
202200030623,2022-07-19 18:30:00,2022,7,19,18,30,06,06069,ROUQUIER (BOULEVARD EMMANUEL),43.62616,6.93507,Plein jour,En agglomération,Hors intersection,Normale,Deux véhicules - frontale,4,2,2,0,1,3,1,0,1,50,2,2,0,0,1,1,33.0,38.0,deux_roues,voiture,1,2,1,1,1
202200030624,2022-12-11 01:50:00,2022,12,11,1,50,13,13202,MIRABEAU (BOULEVARD),43.3132925316,5.3664072912,Nuit avec éclairage allumé,En agglomération,Autre intersection,Normale,Deux véhicules - côté,4,2,2,0,1,1,1,0,1,30,2,4,3,0,0,1,,18.0,voiture,voiture,5,2,9,1,3