accident_id,datetime,annee,mois,jour,heure,minute,departement,commune_insee,adresse,latitude,longitude,luminosite,agglomeration,intersection,meteo,collision,catr,circ,nbv,vosp,prof,plan,surf,infra,situ,vma,nb_vehicules,nb_usagers,nb_indemnes,nb_tues,nb_blesses_hosp,nb_blesses_legers,age_cond_1,age_cond_2,veh_type_cond_1,veh_type_cond_2,lum_code,agg_code,int_code,atm_code,col_code
202200030625,2022-12-10 00:48:00,2022,12,10,0,48,13,13047,R.N 569,43.54709,4.9726,Nuit avec éclairage non allumé,Hors agglomération,Hors intersection,Normale,Autre collision,7,2,2,0,1,2,1,0,8,80,1,1,0,0,0,1,28.0,,voiture,,4,1,1,1,6
202200030626,2022-12-06 11:20:00,2022,12,6,11,20,13,13028,MICHELET (BOULEVARD JULES),43.17577,5.60252,Plein jour,En agglomération,Hors intersection,Normale,Deux véhicules - côté,4,2,2,0,1,1,1,0,1,50,1,2,1,0,1,0,78.0,,voiture,,1,2,1,1,3
202200030627,2022-12-09 21:24:00,2022,12,9,21,24,08,08497,109 Boulevard Lucien Pierquin,49.783456,4.684282,Nuit avec éclairage allumé,En agglomération,Hors intersection,Normale,Deux véhicules - frontale,2,2,2,0,1,1,1,0,1,50,2,3,1,0,2,0,46.0,24.0,utilitaire_camion,utilitaire_camion,5,2,1,1,1
202200030628,2022-07-19 16:55:00,2022,7,19,16,55,06,06004,ONZE NOVEMBRE AV.DU,43.58692,7.12082,Plein jour,En agglomération,Intersection à plus de 4 branches,Normale,Deux véhicules - côté,4,-1,1,0,1,1,1,0,1,50,2,2,0,0,1,1,39.0,18.0,deux_roues,deux_roues,1,2,5,1,3
202200030629,2022-12-10 21:09:00,2022,12,10,21,9,06,06088,DESAMBROIS (AV.),43.70625,7.26982,Nuit avec éclairage allumé,En agglomération,Intersection en T,Normale,Deux véhicules - côté,4,1,2,0,1,1,2,0,1,50,2,3,2,0,0,1,49.0,21.0,voiture,deux_roues,5,2,3,1,3
202200030630,2022-12-10 02:19:00,2022,12,10,2,19,06,06088,MEDECIN (AV. JEAN),43.70538,7.26497,Nuit avec éclairage allumé,En agglomération,Passage à niveau,Normale,Autre collision,4,-1,0,0,1,1,1,4,6,50,1,4,0,0,0,4,30.0,,voiture,,5,2,8,1,6
202200030631,2022-12-10 08:45:00,2022,12,10,8,45,06,06069,"SAINT JEAN (CHEMIN, VIEUX CHEMIN ET PLAC",43.669698,6.949005,Crépuscule ou aube,En agglomération,Hors intersection,Normale,Deux véhicules - côté,4,2,1,0,1,1,2,0,1,30,2,4,3,0,0,1,51.0,39.0,voiture,voiture,2,2,1,1,3
202200030632,2022-07-19 09:45:00,2022,7,19,9,45,06,06004,GRASSE RTE DE,43.599326,7.086373,Plein jour,En agglomération,Giratoire,Normale,Deux véhicules - côté,3,2,2,0,1,1,1,5,1,50,2,2,1,0,1,0,58.0,55.0,deux_roues,voiture,1,2,6,1,3
202200030633,2022-12-10 11:46:00,2022,12,10,11,46,06,06123,GARE ROUTE DE LA,43.66212,7.1942,Plein jour,En agglomération,Intersection en T,Normale,Deux véhicules - côté,7,2,0,0,1,1,1,0,1,50,2,2,1,0,0,1,50.0,36.0,deux_roues,voiture,1,2,3,1,3
202200030634,2022-07-19 09:25:00,2022,7,19,9,25,75,75112,BOULEVARD PERIPHERIQUE EXTERIEUR NORD  ,48.827765,2.393486,Plein jour,En agglomération,Hors intersection,Normale,Sans collision,4,1,4,0,1,1,1,0,1,70,1,1,0,0,0,1,53.0,,deux_roues,,1,2,1,1,7
202200030635,2022-12-10 22:38:00,2022,12,10,22,38,06,06004,VAUTRIN BD DU GENERAL,43.58778,7.11909,Nuit avec éclairage allumé,En agglomération,Intersection en Y,Normale,Autre collision,3,3,5,1,1,1,1,0,1,50,1,2,1,0,1,0,29.0,,deux_roues,,5,2,4,1,6
202200030636,2022-12-11 21:35:00,2022,12,11,21,35,75,75119,PORTE D AUBERVILLIERS,48.900606,2.373933,Nuit avec éclairage allumé,En agglomération,Hors intersection,Normale,Deux véhicules - arrière,4,1,4,0,1,1,1,0,1,70,2,2,1,0,0,1,48.0,,deux_roues,voiture,5,2,1,1,2
202200030637,2022-12-11 11:30:00,2022,12,11,11,30,75,75113,QUAI D IVRY,48.826215,2.38778,Plein jour,En agglomération,Intersection en X,Normale,Trois véhicules et plus - en chaîne,4,1,2,0,2,2,1,1,1,50,3,5,3,0,0,2,31.0,34.0,voiture,utilitaire_camion,1,2,2,1,4
202200030638,2022-12-10 19:30:00,2022,12,10,19,30,75,75118,PORTE DE LA CHAPELLE,48.900869,2.364336,Nuit avec éclairage allumé,En agglomération,Intersection en Y,Normale,Trois véhicules et plus - collisions multiples,4,1, -1,0,1,1,1,0,1,70,3,4,3,0,0,1,,23.0,deux_roues,voiture,5,2,4,1,5
202200030639,2022-07-16 22:20:00,2022,7,16,22,20,75,75112,PORTE DE CHARENTON,48.830276,2.402037,Nuit avec éclairage allumé,En agglomération,Hors intersection,Normale,Deux véhicules - arrière,4,1,4,3,1,1,1,0,1,70,2,6,2,0,0,4,46.0,26.0,voiture,voiture,5,2,1,1,2
202200030640,2022-12-09 18:30:00,2022,12,9,18,30,75,75116,PORTE DAUPHINE,48.873578,2.275295,Nuit avec éclairage allumé,En agglomération,Hors intersection,Normale,Deux véhicules - côté,4,1,4,0,1,1,1,0,1,70,2,3,1,0,0,2,35.0,28.0,deux_roues,voiture,5,2,1,1,3
202200030641,2022-12-09 18:15:00,2022,12,9,18,15,75,75113,PORTE D ITALIE,48.816783,2.355855,Nuit avec éclairage allumé,En agglomération,Intersection en Y,Normale,Deux véhicules - arrière,4,1,3,0,1,1,1,0,1,70,2,2,1,0,0,1,29.0,35.0,deux_roues,voiture,5,2,4,1,2
202200030642,2022-12-09 09:42:00,2022,12,9,9,42,75,75109,RUE DE CHATEAUDUN,48.876354,2.332473,Plein jour,En agglomération,Place,Normale,Autre collision,4,1,0,3,1,1,1,0,6,30,1,2,1,0,1,0,54.0,,transport_commun,,1,2,7,1,6
202200030643,2022-07-19 14:38:00,2022,7,19,14,38,75,75118,BOULEVARD ORNANO,48.895638,2.346288,Plein jour,En agglomération,Place,Normale,Deux véhicules - arrière,4,-1,4,3,1,1,1,0,1,30,2,3,1,0,0,2,30.0,25.0,voiture,deux_roues,1,2,7,1,2
202200030644,2022-12-11 15:30:00,2022,12,11,15,30,75,75108,RUE GALILEE,48.867851,2.291889,Plein jour,En agglomération,Intersection en X,Normale,Deux véhicules - côté,4,1,1,0,1,1,1,0,1,30,2,2,1,0,0,1,29.0,42.0,deux_roues,voiture,1,2,2,1,3
202200030645,2022-12-10 03:30:00,2022,12,10,3,30,75,75104,QUAI DE GESVRES,48.8562916132,2.3500818014,Nuit avec éclairage allumé,En agglomération,Hors intersection,Normale,Autre collision,4,-1, -1,0,1,2,1,0,6,-1,1,2,1,0,0,1,28.0,,voiture,,5,2,1,1,6
202200030646,2022-12-11 12:50:00,2022,12,11,12,50,94,94001,Avenue Gambetta,48.7273,2.42913,Plein jour,En agglomération,Hors intersection,Temps couvert,Autre collision,4,2,2,0,1,1,1,0,1,50,1,2,1,0,0,1,32.0,,voiture,,1,2,1,8,6
202200030647,2022-12-11 16:00:00,2022,12,11,16,0,94,94048,NATIONALE 19,48.72752,2.53948,Plein jour,En agglomération,Hors intersection,Normale,Trois véhicules et plus - collisions multiples,2,2,6,0,2,1,1,0,1,50,4,4,3,0,0,1,64.0,37.0,voiture,voiture,1,2,1,1,5
202200030648,2022-07-19 09:35:00,2022,7,19,9,35,75,75115,RUE DE LA CONVENTION,48.843101,2.283481,Plein jour,En agglomération,Intersection en X,Normale,Deux véhicules - arrière,4,2,2,0,1,1,1,0,1,30,2,2,1,0,0,1,32.0,27.0,voiture,deux_roues,1,2,2,1,2
202200030649,2022-12-11 19:45:00,2022,12,11,19,45,93,93014,Allée de Gagny / Allée de Villars,48.8994229043,2.5464732121,Nuit avec éclairage allumé,En agglomération,Intersection en T,Normale,Autre collision,3,2,2,0,1,1,1,0,1,50,1,3,1,0,0,2,20.0,,voiture,,5,2,3,1,6
202200030650,2022-12-10 18:20:00,2022,12,10,18,20,93,93029,Avenue Henri Barbusse / Allee des Dahlias,48.92351,2.4604,Nuit avec éclairage allumé,En agglomération,Intersection en T,Normale,Deux véhicules - côté,3,2,2,0,1,1,1,0,1,50,2,2,1,0,1,0,,21.0,voiture,deux_roues,5,2,3,1,3
202200030651,2022-12-11 18:00:00,2022,12,11,18,0,93,93001,Avenue de la République,48.9097,2.38613,Nuit avec éclairage allumé,En agglomération,Hors intersection,Normale,Deux véhicules - arrière,3,2,3,3,1,1,1,0,1,50,2,2,1,0,0,1,38.0,19.0,deux_roues,voiture,5,2,1,1,2
202200030652,2022-07-19 09:20:00,2022,7,19,9,20,75,75114,BOULEVARD PERIPHERIQUE INTERIEUR SUD,48.822091,2.3165,Plein jour,En agglomération,Intersection en Y,Normale,Trois véhicules et plus - en chaîne,4,1,3,0,1,1,1,0,1,70,3,3,2,0,0,1,,49.0,utilitaire_camion,voiture,1,2,4,1,4
202200030653,2022-12-11 20:30:00,2022,12,11,20,30,92,92048,LOUVOIS (AVENUE),48.807284814,2.2396320552,Nuit avec éclairage allumé,En agglomération,Hors intersection,Normale,Autre collision,4,2,1,0,3,1,7,0,1,30,1,1,0,0,0,1,23.0,,deux_roues,,5,2,1,1,6
202200030654,2022-12-11 13:50:00,2022,12,11,13,50,92,92040,ETIENNE DOLET,48.823131,2.274075,Plein jour,En agglomération,Hors intersection,Normale,Autre collision,4,-1,0,0,1,1,1,0,8,30,1,1,0,0,0,1,93.0,,voiture,,1,2,1,1,6
202200030655,2022-12-11 19:40:00,2022,12,11,19,40,92,92023,GENERAL DE GAULLE (AV DU) N°130 A 340 ET,48.7861107305,2.2533168197,Nuit avec éclairage allumé,En agglomération,Intersection en X,Normale,Deux véhicules - côté,3,2,3,0,1,1,1,0,1,50,2,2,1,0,0,1,21.0,26.0,deux_roues,voiture,5,2,2,1,3
202200030656,2022-07-19 06:38:00,2022,7,19,6,38,75,75113,AVENUE DE LA PORTE D ITALIE,48.816399,2.360079,Plein jour,En agglomération,Place,Normale,Deux véhicules - côté,4,1,3,3,1,1,1,0,1,30,2,2,1,0,0,1,31.0,33.0,utilitaire_camion,deux_roues,1,2,7,1,3
202200030657,2022-12-12 16:30:00,2022,12,12,16,30,51,51144,D216,48.753925,4.900589,Plein jour,Hors agglomération,Hors intersection,Normale,Sans collision,3,2,2,0,1,3,1,0,3,90,1,1,0,0,0,1,32.0,,voiture,,1,1,1,1,7
202200030658,2022-12-11 19:00:00,2022,12,11,19,0,66,66024,A9 péage de Le Perthus sens France / Espagne,42.52801,2.821453,Nuit avec éclairage allumé,Hors agglomération,Hors intersection,Normale,Deux véhicules - arrière,1,1,5,0,1,1,1,7,1,50,2,5,3,0,0,2,34.0,23.0,voiture,voiture,5,1,1,1,2
202200030659,2022-12-11 16:20:00,2022,12,11,16,20,974,97410,Route du Cratere,-21.049574,55.684075,Plein jour,En agglomération,Hors intersection,Normale,Deux véhicules - côté,3,-1,2,0,1,2,1,0,1,50,2,2,1,0,1,0,20.0,51.0,voiture,voiture,1,2,1,1,3
202200030660,2022-07-19 09:00:00,2022,7,19,9,0,75,75112,AVENUE DAUMESNIL,48.834979,2.4198,Plein jour,En agglomération,Intersection en X,Normale,Deux véhicules - côté,4,2,2,0,1,1,1,0,5,30,2,2,1,0,0,1,61.0,24.0,voiture,deux_roues,1,2,2,1,3
202200030661,2022-12-10 07:40:00,2022,12,10,7,40,26,26010,Route de Saint-Sorlin,45.277706,4.91672,Crépuscule ou aube,Hors agglomération,Intersection en T,Temps couvert,Deux véhicules - côté,3,2,1,0,1,1,2,0,1,80,2,2,1,0,1,0,28.0,30.0,voiture,voiture,2,1,3,8,3
202200030662,2022-07-19 11:55:00,2022,7,19,11,55,75,75111,BOULEVARD VOLTAIRE,48.853284,2.38772,Plein jour,En agglomération,Intersection en Y,Temps éblouissant,Autre collision,4,2,4,1,1,1,1,0,5,30,1,2,1,0,0,1,21.0,,deux_roues,,1,2,4,7,6
202200030663,2022-12-09 17:00:00,2022,12,9,17,0,62,62094,D349,50.463388,1.773412,Crépuscule ou aube,Hors agglomération,Intersection en T,Normale,Deux véhicules - frontale,3,2,2,0,1,1,2,0,1,80,2,4,3,0,0,1,84.0,37.0,voiture,voiture,2,1,3,1,1
202200030664,2022-07-19 15:40:00,2022,7,19,15,40,75,75110,RUE DU FAUBOURG POISSONNIERE,48.87402,2.347904,Plein jour,En agglomération,Intersection en X,Normale,Deux véhicules - frontale,4,1,2,1,1,1,1,0,5,30,2,2,1,0,0,1,64.0,46.0,deux_roues,deux_roues,1,2,2,1,1
202200030665,2022-12-12 08:30:00,2022,12,12,8,30,34,34088,31 Avenue Armand Daney,43.552914,3.717064,Crépuscule ou aube,En agglomération,Giratoire,Normale,Deux véhicules - côté,4,2,2,0,1,2,1,9,1,50,2,2,1,0,1,0,21.0,70.0,deux_roues,voiture,2,2,6,1,3
202200030666,2022-12-12 17:10:00,2022,12,12,17,10,63,63460,les bolles,45.9311521817,2.6531472802,Crépuscule ou aube,Hors agglomération,Hors intersection,Normale,Autre collision,3,2,2,0,1,1,1,0,1,70,1,2,1,1,0,0,24.0,,voiture,,2,1,1,1,6
202200030667,2022-07-19 16:20:00,2022,7,19,16,20,75,75109,RUE DES MATHURINS,48.872855,2.33107,Plein jour,En agglomération,Intersection en X,Normale,Autre collision,4,1,0,0,1,1,1,0,1,30,1,2,1,0,0,1,57.0,,voiture,,1,2,2,1,6
202200030668,2022-12-12 08:15:00,2022,12,12,8,15,49,49080,D768,47.647335,-0.576932,Plein jour,Hors agglomération,Hors intersection,Brouillard / fumée,Deux véhicules - frontale,3,2,2,0,1,1,1,0,1,80,2,2,0,0,1,1,25.0,50.0,voiture,voiture,1,1,1,5,1
202200030669,2022-12-09 20:45:00,2022,12,9,20,45,49,49029,D751,47.379536,-0.385112,Nuit sans éclairage public,Hors agglomération,Hors intersection,Normale,Deux véhicules - arrière,3,2,2,0,1,1,1,0,1,80,2,2,1,1,0,0,28.0,55.0,utilitaire_camion,deux_roues,3,1,1,1,2
202200030670,2022-12-08 21:30:00,2022,12,8,21,30,42,42249,Route de Neronde,45.882947,4.237601,Nuit sans éclairage public,Hors agglomération,Hors intersection,Normale,Deux véhicules - frontale,3,2,2,0,2,1,1,0,1,80,2,2,1,0,0,1,73.0,31.0,voiture,voiture,3,1,1,1,1
202200030671,2022-07-19 20:30:00,2022,7,19,20,30,75,75116,RUE DU RANELAGH,48.855561,2.270222,Plein jour,En agglomération,Intersection en X,Normale,Deux véhicules - côté,4,1,1,0,2,1,1,0,1,30,2,3,2,0,0,1,,49.0,voiture,deux_roues,1,2,2,1,3
202200030672,2022-12-10 20:16:00,2022,12,10,20,16,47,47174,Pouy,44.053246,0.31764,Nuit sans éclairage public,Hors agglomération,Hors intersection,Autre,Sans collision,4,2,2,0,1,1,2,0,8,80,1,1,0,0,1,0,37.0,,voiture,,3,1,1,9,7
202200030673,2022-12-10 19:12:00,2022,12,10,19,12,47,47095,D 813,44.428631,0.278467,Nuit sans éclairage public,Hors agglomération,Hors intersection,Normale,Trois véhicules et plus - en chaîne,3,2,2,0,1,1,1,0,1,80,3,4,2,0,0,2,25.0,61.0,voiture,voiture,3,1,1,1,4
202200030674,2022-07-19 16:00:00,2022,7,19,16,0,75,75107,BOULEVARD DE LA TOUR MAUBOURG,48.857261,2.309937,Plein jour,En agglomération,Intersection en X,Normale,Sans collision,4,1,2,3,1,1,9,0,1,30,1,1,0,0,0,1,38.0,,deux_roues,,1,2,2,1,7
202200030675,2022-12-01 05:45:00,2022,12,1,5,45,41,41115,Baigneux,47.873234,1.164685,Nuit sans éclairage public,Hors agglomération,Hors intersection,Brouillard / fumée,Sans collision,4,2,2,0,1,3,1,0,3,80,1,1,0,0,1,0,69.0,,voiture,,3,1,1,5,7
202200030676,2022-12-10 13:20:00,2022,12,10,13,20,41,41176,Les Bas Jarriers,47.566309,2.111494,Plein jour,Hors agglomération,Hors intersection,Normale,Deux véhicules - frontale,3,2,2,0,3,1,1,2,1,70,2,2,1,0,1,0,65.0,59.0,voiture,utilitaire_camion,1,1,1,1,1
202200030677,2022-12-11 14:45:00,2022,12,11,14,45,29,29111,Ty Coz,48.5668593903,-4.2121108174,Plein jour,Hors agglomération,Hors intersection,Autre,Deux véhicules - frontale,3,2,2,0,2,3,7,0,1,90,2,5,4,0,1,0,22.0,31.0,voiture,voiture,1,1,1,9,1
202200030678,2022-07-18 17:48:00,2022,7,18,17,48,75,75106,BOULEVARD SAINT GERMAIN,48.852708,2.337749,Plein jour,En agglomération,Intersection en X,Normale,Autre collision,4,1,3,3,1,1,1,-1,6,30,1,2,1,0,0,1,42.0,,transport_commun,,1,2,2,1,6
202200030679,2022-12-12 01:30:00,2022,12,12,1,30,29,29302,Rue de Quimper,48.245684,-4.084205,Nuit avec éclairage non allumé,En agglomération,Giratoire,Brouillard / fumée,Autre collision,3,1,2,0,1,1,7,5,3,50,1,1,0,0,0,1,36.0,,voiture,,4,2,6,5,6
202200030680,2022-12-10 15:20:00,2022,12,10,15,20,31,31100,D35,43.280439,1.638304,Plein jour,Hors agglomération,Hors intersection,Normale,Sans collision,3,2,2,0,1,1,1,0,3,80,1,1,0,0,1,0,24.0,,deux_roues,,1,1,1,1,7
202200030681,2022-07-19 14:10:00,2022,7,19,14,10,75,75103,RUE DE TURENNE,48.856456,2.364314,Plein jour,En agglomération,Intersection en X,Normale,Autre collision,4,1,1,0,1,1,1,0,1,30,1,2,1,0,0,1,36.0,,utilitaire_camion,,1,2,2,1,6
202200030682,2022-12-12 11:20:00,2022,12,12,11,20,02,02558,RD 26 route de guise,50.027262,3.776416,Plein jour,Hors agglomération,Hors intersection,Normale,Autre collision,3,2,2,0,1,1,1,0,1,80,1,1,0,1,0,0,56.0,,voiture,,1,1,1,1,6
202200030683,2022-12-11 02:10:00,2022,12,11,2,10,01,01165,D88,46.065285,4.815633,Nuit sans éclairage public,Hors agglomération,Intersection en X,Normale,Autre collision,3,2,1,0,1,2,1,0,8,80,1,1,0,0,0,1,22.0,,voiture,,3,1,2,1,6
202200030684,2022-07-19 08:05:00,2022,7,19,8,5,94,94028,Boulevard Jean-baptiste Oudry,48.7734799735,2.4606486306,Plein jour,En agglomération,Hors intersection,Normale,Deux véhicules - côté,4,2,2,0,1,1,1,0,8,30,2,2,1,0,0,1,22.0,43.0,deux_roues,voiture,1,2,1,1,3
202200030685,2022-12-10 14:10:00,2022,12,10,14,10,14,14107,D29,49.279287,-0.961,Plein jour,En agglomération,Intersection en T,Normale,Deux véhicules - côté,3,2,2,0,1,1,1,0,1,50,2,2,1,0,1,0,42.0,82.0,voiture,voiture,1,2,3,1,3
202200030686,2022-12-11 19:45:00,2022,12,11,19,45,64,64231,Route d'ordiarp / D918,43.202695,-0.910843,Nuit sans éclairage public,En agglomération,Hors intersection,Normale,Autre collision,3,2,2,0,1,1,1,0,3,50,1,1,0,1,0,0,85.0,,utilitaire_camion,,3,2,1,1,6
202200030687,2022-12-11 17:05:00,2022,12,11,17,5,07,07260,RD 2 PK 65 + 900,44.698662,4.706821,Crépuscule ou aube,Hors agglomération,Hors intersection,Normale,Sans collision,3,2,2,0,1,3,1,0,1,90,1,1,0,0,0,1,44.0,,deux_roues,,2,1,1,1,7
202200030688,2022-12-10 21:00:00,2022,12,10,21,0,27,27665,D90,49.404009,0.581874,Nuit sans éclairage public,Hors agglomération,Hors intersection,Normale,Deux véhicules - frontale,3,2,2,0,1,1,7,0,1,80,2,4,1,0,0,3,44.0,50.0,voiture,voiture,3,1,1,1,1
202200030689,2022-12-10 19:15:00,2022,12,10,19,15,28,28259,N10,48.219882,1.403057,Nuit sans éclairage public,Hors agglomération,Hors intersection,Normale,Sans collision,2,2,3,0,1,1,1,0,3,90,1,1,0,1,0,0,43.0,,voiture,,3,1,1,1,7
202200030690,2022-07-18 18:10:00,2022,7,18,18,10,94,94011,Avenue de Boissy / Chemin du Marais,48.7643,2.4926,Plein jour,En agglomération,Intersection en T,Normale,Trois véhicules et plus - en chaîne,3,2,4,0,1,1,1,0,1,50,3,4,2,0,0,2,43.0,34.0,utilitaire_camion,voiture,1,2,3,1,4
202200030691,2022-12-11 17:50:00,2022,12,11,17,50,68,68375,160 Rue de Reiningue,47.788623,7.226107,Nuit avec éclairage allumé,En agglomération,Hors intersection,Temps couvert,Deux véhicules - frontale,3,2,2,1,1,1,1,0,1,50,2,2,1,0,0,1,39.0,82.0,voiture,voiture,5,2,1,8,1
202200030692,2022-12-05 14:10:00,2022,12,5,14,10,33,33122,"Autoroute A63, PK 013.800, direction BORDEAUX",44.706547,-0.752392,Plein jour,Hors agglomération,Hors intersection,Normale,Trois véhicules et plus - en chaîne,1,3,4,0,1,1,1,0,1,110,3,4,1,0,0,3,61.0,57.0,voiture,voiture,1,1,1,1,4
202200030693,2022-07-19 07:00:00,2022,7,19,7,0,93,93005,Boulevard Kennedy / Chemin de Savigny,48.94615,2.51549,Plein jour,En agglomération,Intersection en T,Normale,Deux véhicules - frontale,3,2,2,0,1,1,1,0,1,50,2,2,0,0,0,2,22.0,49.0,voiture,voiture,1,2,3,1,1
202200030694,2022-07-19 08:30:00,2022,7,19,8,30,93,93066,Avenue Lénine / Avenue de Verdun,48.9421,2.36544,Plein jour,En agglomération,Intersection en X,Normale,Deux véhicules - côté,3,2,4,0,1,1,1,0,1,50,2,2,1,0,0,1,26.0,26.0,voiture,voiture,1,2,2,1,3
202200030695,2022-07-18 18:50:00,2022,7,18,18,50,93,93066,Avenue de Stalingrad,48.9467676708,2.3705685139,Plein jour,En agglomération,Autre intersection,Normale,Deux véhicules - côté,3,2,4,0,1,1,1,0,1,50,2,2,1,0,0,1,24.0,49.0,voiture,deux_roues,1,2,9,1,3
202200030696,2022-07-19 09:20:00,2022,7,19,9,20,93,93064,Boulevard Gabriel Péri / Rue de Lisbonne,48.877529,2.475643,Plein jour,En agglomération,Giratoire,Normale,Deux véhicules - côté,3,1,2,0,1,2,1,5,1,30,2,2,1,0,0,1,56.0,42.0,utilitaire_camion,deux_roues,1,2,6,1,3
202200030697,2022-07-19 08:55:00,2022,7,19,8,55,93,93062,Allée des Sapins / Allée du Château d'Eau,48.89725,2.5296,Plein jour,En agglomération,Intersection en X,Normale,Deux véhicules - côté,4,1,1,0,1,1,1,0,1,50,2,2,1,0,0,1,42.0,26.0,voiture,voiture,1,2,2,1,3
202200030698,2022-07-19 21:00:00,2022,7,19,21,0,93,93008,Avenue Jean Jaures,48.9053813438,2.4393312336,Crépuscule ou aube,En agglomération,Hors intersection,Normale,Autre collision,3,2,2,0,1,1,1,0,1,20,1,2,1,0,0,1,55.0,,voiture,,2,2,1,1,6
202200030699,2022-07-18 19:41:00,2022,7,18,19,41,93,93001,Rue Danielle Casanova,48.9187974304,2.3911692202,Plein jour,En agglomération,Hors intersection,Pluie légère,Deux véhicules - côté,3,2,2,0,1,1,2,0,1,30,2,2,1,0,0,1,,27.0,voiture,deux_roues,1,2,1,2,3
202200030700,2022-07-19 18:10:00,2022,7,19,18,10,92,92078,GALLIENI (BD) (126 ET 152),48.935446,2.332942,Plein jour,En agglomération,Intersection en X,Normale,Autre collision,3,2, -1,-1,1,1,1,5,1,-1,1,3,1,0,0,2,15.0,,deux_roues,,1,2,2,1,6
202200030701,2022-07-19 19:10:00,2022,7,19,19,10,92,92062,FRANCE (RUE  ANATOLE) N° 2 AU 20,48.8832294551,2.2397129238,Plein jour,En agglomération,Hors intersection,Normale,Autre collision,3,1,1,0,1,1,1,0,1,30,1,2,1,0,0,1,24.0,,deux_roues,,1,2,1,1,6
202200030702,2022-03-05 16:40:00,2022,3,5,16,40,51,51204,D22,49.079488,3.87929,Plein jour,Hors agglomération,Hors intersection,Normale,Autre collision,3,2,2,0,1,1,1,0,3,80,1,1,0,0,0,1,32.0,,deux_roues,,1,1,1,1,6
202200030703,2022-03-04 17:20:00,2022,3,4,17,20,56,56026,KERBRAZ,47.988292,-3.173681,Plein jour,Hors agglomération,Hors intersection,Normale,Deux véhicules - frontale,3,2,2,0,2,3,1,0,1,80,2,2,0,0,0,2,74.0,47.0,voiture,voiture,1,1,1,1,1
202200030704,2022-03-05 09:30:00,2022,3,5,9,30,74,74256,Route de Cusin,45.94977,6.626172,Plein jour,En agglomération,Hors intersection,Normale,Sans collision,4,2,2,0,1,2,1,0,3,50,1,1,0,1,0,0,72.0,,voiture,,1,2,1,1,7
202200030705,2022-02-24 16:10:00,2022,2,24,16,10,67,67002,RD9,48.904847,7.189769,Plein jour,Hors agglomération,Hors intersection,Normale,Sans collision,3,2,2,0,1,1,1,0,1,80,1,1,0,0,1,0,67.0,,voiture,,1,1,1,1,7
202200030706,2022-03-05 08:30:00,2022,3,5,8,30,79,79063,,47.037959,-0.404756,Plein jour,Hors agglomération,Hors intersection,Normale,Deux véhicules - arrière,3,2,2,0,1,1,1,0,1,80,2,2,1,0,1,0,58.0,51.0,deux_roues,voiture,1,1,1,1,2
202200030707,2022-03-05 17:13:00,2022,3,5,17,13,82,82123,Route de Montauban,43.925766,1.281574,Plein jour,Hors agglomération,Hors intersection,Pluie légère,Deux véhicules - frontale,3,2,2,0,1,3,2,0,1,70,2,2,1,0,1,0,54.0,25.0,voiture,deux_roues,1,1,1,2,1
202200030708,2022-03-02 10:45:00,2022,3,2,10,45,65,65056,D921b,43.019223,-0.096683,Plein jour,En agglomération,Intersection en X,Normale,Deux véhicules - côté,3,2,2,0,1,1,1,5,1,50,2,2,1,0,0,1,44.0,56.0,voiture,voiture,1,2,2,1,3
202200030709,2022-03-04 19:35:00,2022,3,4,19,35,32,32344,620 Route de Tarsac,43.666668,-0.088118,Nuit sans éclairage public,En agglomération,Hors intersection,Normale,Deux véhicules - frontale,4,2,2,0,1,1,1,0,1,50,2,5,4,0,1,0,47.0,34.0,voiture,deux_roues,3,2,1,1,1
202200030710,2022-03-04 17:06:00,2022,3,4,17,6,71,71292,Route de la Vallee,46.816384,4.742918,Plein jour,Hors agglomération,Hors intersection,Normale,Deux véhicules - arrière,3,2,2,0,1,1,1,0,1,80,2,2,1,0,1,0,20.0,17.0,voiture,deux_roues,1,1,1,1,2
202200030711,2022-03-04 17:30:00,2022,3,4,17,30,89,89025,Avenue du Bois Dieu,47.488615,3.919158,Plein jour,En agglomération,Intersection en X,Normale,Deux véhicules - côté,4,1,2,1,1,1,1,0,1,50,2,3,2,0,1,0,15.0,30.0,deux_roues,voiture,1,2,2,1,3
202200030712,2022-03-04 17:00:00,2022,3,4,17,0,89,89025,Rue de Lyon,47.491462,3.914632,Plein jour,En agglomération,Hors intersection,Temps éblouissant,Autre collision,3,2,2,0,1,1,1,0,1,50,1,2,1,0,1,0,85.0,,voiture,,1,2,1,7,6
202200030713,2022-03-05 09:15:00,2022,3,5,9,15,55,55398,D636,48.682737,5.741698,Plein jour,Hors agglomération,Hors intersection,Normale,Deux véhicules - frontale,3,2,2,0,2,1,1,9,1,70,2,2,1,0,1,0,57.0,50.0,voiture,voiture,1,1,1,1,1
202200030714,2022-03-04 23:30:00,2022,3,4,23,30,49,49018,Rue du Pau-Brûlé,47.544873,-0.105288,Nuit sans éclairage public,En agglomération,Hors intersection,Normale,Autre collision,4,1,2,0,1,1,1,0,4,30,1,2,1,0,1,0,39.0,,voiture,,3,2,1,1,6
202200030715,2022-03-01 20:20:00,2022,3,1,20,20,34,34293,D14,43.593198,2.731261,Nuit sans éclairage public,Hors agglomération,Hors intersection,Normale,Autre collision,3,2,2,0,1,2,2,0,1,-1,1,2,1,0,1,0,,,voiture,,3,1,1,1,6
202200030716,2022-03-03 15:35:00,2022,3,3,15,35,68,68349,22 rue de Paris,47.608376,7.560621,Plein jour,En agglomération,Intersection en T,Normale,Deux véhicules - côté,4,2,2,0,1,1,1,0,1,50,2,5,4,0,0,1,59.0,,voiture,voiture,1,2,3,1,3