accident_id,datetime,annee,mois,jour,heure,minute,departement,commune_insee,adresse,latitude,longitude,luminosite,agglomeration,intersection,meteo,collision,catr,circ,nbv,vosp,prof,plan,surf,infra,situ,vma,nb_vehicules,nb_usagers,nb_indemnes,nb_tues,nb_blesses_hosp,nb_blesses_legers,age_cond_1,age_cond_2,veh_type_cond_1,veh_type_cond_2,lum_code,agg_code,int_code,atm_code,col_code
202200030810,2022-02-27 19:45:00,2022,2,27,19,45,22,22113,PLACENN AR GUER (RUE DE),48.74426,-3.45275,Plein jour,En agglomération,Hors intersection,Normale,Trois véhicules et plus - en chaîne,4,2,2,0,3,1,1,5,1,50,3,4,2,0,0,2,25.0,19.0,voiture,voiture,1,2,1,1,4
202200030811,2022-08-29 16:10:00,2022,8,29,16,10,75,75112,PORTE DE CHARENTON,48.830807,2.403154,Plein jour,En agglomération,Hors intersection,Normale,Trois véhicules et plus - en chaîne,4,1,4,0,1,1,1,1,1,70,3,3,2,0,0,1,57.0,23.0,utilitaire_camion,deux_roues,1,2,1,1,4
202200030812,2022-03-03 20:10:00,2022,3,3,20,10,15,15014,VIALENC (CARREFOUR DU),44.922323,2.427892,Nuit avec éclairage allumé,En agglomération,Giratoire,Normale,Deux véhicules - côté,3,-1,4,0,1,3,1,0,1,50,2,2,1,0,0,1,73.0,22.0,voiture,voiture,5,2,6,1,3
202200030813,2022-08-29 14:20:00,2022,8,29,14,20,75,75120,PORTE DE VINCENNES,48.850099,2.415106,Plein jour,En agglomération,Hors intersection,Normale,Deux véhicules - arrière,4,1,0,0,1,1,1,0,1,70,2,2,1,0,0,1,28.0,46.0,voiture,utilitaire_camion,1,2,1,1,2
202200030814,2022-03-02 18:15:00,2022,3,2,18,15,14,14304,D579,49.382322,0.244753,Crépuscule ou aube,Hors agglomération,Intersection en X,Normale,Deux véhicules - côté,3,2,3,0,1,1,1,5,1,80,2,2,0,0,0,2,55.0,20.0,voiture,voiture,2,1,2,1,3
202200030815,2022-08-28 15:15:00,2022,8,28,15,15,75,75112,ECHANGEUR BERCY,48.8278921895,2.394542098,Plein jour,En agglomération,Intersection en Y,Normale,Autre collision,4,-1,4,0,1,1,1,0,1,70,1,1,0,0,0,1,30.0,,deux_roues,,1,2,4,1,6
202200030816,2022-03-03 18:00:00,2022,3,3,18,0,13,13210,CAPELETTE (AVENUE DE LA),43.27923,5.41391,Plein jour,En agglomération,Hors intersection,Normale,Deux véhicules - côté,4,2,2,0,1,1,1,0,1,50,1,2,0,0,0,1,,,deux_roues,,1,2,1,1,3
202200030817,2022-08-28 18:30:00,2022,8,28,18,30,75,75116,CHEMIN DE CEINTURE DU LAC INFERIEUR,48.86778,2.262388,Plein jour,En agglomération,Hors intersection,Normale,Deux véhicules - côté,4,-1,0,0,1,1,1,0,1,20,2,2,1,0,0,1,7.0,22.0,deux_roues,deux_roues,1,2,1,1,3
202200030818,2022-03-03 08:45:00,2022,3,3,8,45,13,13005,BOYER (AVENUE ANTIDE),43.29429524,5.5584177262,Plein jour,En agglomération,Giratoire,Normale,Deux véhicules - côté,4,2,2,0,1,1,1,5,1,50,2,2,1,0,0,1,19.0,41.0,voiture,voiture,1,2,6,1,3
202200030819,2022-08-28 10:20:00,2022,8,28,10,20,75,75114,BOULEVARD SAINT JACQUES,48.831694,2.340889,Plein jour,En agglomération,Intersection en X,Normale,Deux véhicules - côté,4,1,3,0,1,1,1,0,1,50,2,2,1,0,0,1,19.0,60.0,deux_roues,voiture,1,2,2,1,3
202200030820,2022-08-28 10:00:00,2022,8,28,10,0,75,75112,RUE JOSEPH KESSEL,48.834092,2.383157,Plein jour,En agglomération,Hors intersection,Normale,Trois véhicules et plus - en chaîne,4,2,4,0,1,1,1,0,1,30,3,3,2,0,0,1,33.0,43.0,voiture,voiture,1,2,1,1,4
202200030821,2022-08-29 13:40:00,2022,8,29,13,40,75,75110,BOULEVARD DE MAGENTA,48.87482,2.357399,Plein jour,En agglomération,Intersection en X,Normale,Deux véhicules - côté,4,2,2,1,1,1,1,-1,5,25,2,2,1,0,0,1,19.0,18.0,deux_roues,deux_roues,1,2,2,1,3
202200030822,2022-03-02 20:50:00,2022,3,2,20,50,11,11069,MICHELET JULES,43.22196,2.34157,Nuit avec éclairage allumé,En agglomération,Intersection en T,Pluie légère,Sans collision,4,2,2,0,1,1,2,0,1,30,1,1,0,0,0,1,22.0,,deux_roues,,5,2,3,2,7
202200030823,2022-08-29 15:00:00,2022,8,29,15,0,94,94081,Rue Gabriel Péri,48.79294,2.40122,Plein jour,En agglomération,Intersection en X,Normale,Deux véhicules - frontale,4,2,2,0,1,1,1,9,1,50,2,2,1,0,0,1,33.0,49.0,deux_roues,voiture,1,2,2,1,1
202200030824,2022-03-03 13:17:00,2022,3,3,13,17,10,10387,ANATOLE FRANCE (RUE),48.28525,4.07405,Plein jour,En agglomération,Hors intersection,Normale,Autre collision,4,2,2,0,1,1,1,0,1,50,1,2,1,0,0,1,22.0,,voiture,,1,2,1,1,6
202200030825,2022-08-25 21:50:00,2022,8,25,21,50,94,94081,CHOISY (R DE),48.78112,2.40307,Nuit avec éclairage allumé,En agglomération,Intersection en T,Normale,Deux véhicules - frontale,4,2,2,0,1,1,1,0,1,50,2,2,1,0,0,1,25.0,58.0,deux_roues,voiture,5,2,3,1,1
202200030826,2022-08-29 16:40:00,2022,8,29,16,40,94,94046,JEAN JAURES (R),48.79964,2.432477,Plein jour,En agglomération,Autre intersection,Normale,Autre collision,3,2,4,0,1,1,1,0,6,50,1,2,1,0,1,0,50.0,,voiture,,1,2,9,1,6
202200030827,2022-03-02 12:15:00,2022,3,2,12,15,10,10387,JACQUIN (RUE),48.3043,4.08257,Plein jour,En agglomération,Intersection en T,Temps couvert,Deux véhicules - côté,4,2,3,0,1,3,1,0,1,50,2,2,1,0,0,1,51.0,29.0,voiture,voiture,1,2,3,8,3
202200030828,2022-08-29 18:06:00,2022,8,29,18,6,94,94043,VERDUN (R DE),48.80893,2.3582,Plein jour,En agglomération,Intersection en T,Normale,Autre collision,3,2,0,0,1,1,1,0,1,50,1,2,1,0,0,1,31.0,,voiture,,1,2,3,1,6
202200030829,2022-03-03 12:10:00,2022,3,3,12,10,06,06088,CARABACEL (BD),43.70344,7.27632,Plein jour,En agglomération,Hors intersection,Normale,Autre collision,4,-1,4,0,1,1,1,0,1,50,1,2,1,0,0,1,59.0,,deux_roues,,1,2,1,1,6
202200030830,2022-08-28 23:31:00,2022,8,28,23,31,94,94022,LUGO (AV DE),48.77343,2.40854,Nuit sans éclairage public,Hors agglomération,Hors intersection,Normale,Deux véhicules - arrière,3,1,2,0,1,1,1,2,1,50,2,4,2,0,0,2,39.0,25.0,voiture,voiture,3,1,1,1,2
202200030831,2022-08-28 22:30:00,2022,8,28,22,30,93,93059,Boulevard Jean Mermoz / Rue Albert Francon,48.9684574524,2.3651790333,Nuit avec éclairage allumé,En agglomération,Intersection en X,Normale,Autre collision,3,3,4,3,1,1,1,0,1,50,1,1,0,0,1,0,21.0,,voiture,,5,2,2,1,6
202200030832,2022-03-03 10:10:00,2022,3,3,10,10,06,06088,BOTTERO (RUE),43.69665,7.25507,Plein jour,En agglomération,Intersection en X,Normale,Deux véhicules - côté,4,1,1,1,1,1,1,0,1,50,2,2,1,0,0,1,17.0,33.0,deux_roues,voiture,1,2,2,1,3
202200030833,2022-08-29 17:00:00,2022,8,29,17,0,93,93064,Boulevard Gabriel Péri,48.879018717,2.4719096077,Plein jour,En agglomération,Hors intersection,Normale,Deux véhicules - côté,3,2,2,0,2,1,1,0,1,50,2,2,1,0,0,1,42.0,24.0,voiture,deux_roues,1,2,1,1,3
202200030834,2022-03-03 15:00:00,2022,3,3,15,0,06,06069,SEMARD (AVENUE PIERRE),43.656125,6.928922,Plein jour,En agglomération,Intersection en T,Pluie légère,Deux véhicules - frontale,3,2,2,0,2,1,2,0,1,50,2,2,1,0,0,1,74.0,51.0,voiture,deux_roues,1,2,3,2,1
202200030835,2022-08-29 00:03:00,2022,8,29,0,3,93,93064,Avenue Jean Jaurès / Avenue Faidherbe,48.86104,2.48981,Nuit avec éclairage allumé,En agglomération,Intersection en X,Normale,Deux véhicules - côté,3,2,3,0,1,1,1,0,1,50,2,2,1,0,1,0,24.0,25.0,deux_roues,voiture,5,2,2,1,3
202200030836,2022-03-03 18:15:00,2022,3,3,18,15,06,06027,PROMENADE DE L HIPPODROME,43.64774,7.14875,Crépuscule ou aube,En agglomération,Hors intersection,Normale,Deux véhicules - côté,7,2,4,2,1,1,1,0,1,50,2,2,1,0,0,1,18.0,,deux_roues,voiture,2,2,1,1,3
202200030837,2022-08-29 20:36:00,2022,8,29,20,36,93,93053,Allee d’Anjou / Allee du Berry,48.88233,2.45834,Plein jour,En agglomération,Intersection en T,Normale,Deux véhicules - côté,4,1,1,0,2,1,1,0,1,30,2,2,1,0,1,0,49.0,10.0,voiture,deux_roues,1,2,3,1,3
202200030838,2022-08-29 09:45:00,2022,8,29,9,45,93,93048,Avenue Pasteur,48.86377,2.43986,Plein jour,En agglomération,Hors intersection,Normale,Deux véhicules - côté,4,2,2,0,1,1,1,0,1,50,2,3,2,0,0,1,52.0,31.0,voiture,utilitaire_camion,1,2,1,1,3
202200030839,2022-03-02 17:15:00,2022,3,2,17,15,04,04112,RD 4096 / Point P,43.80936,5.78164,Plein jour,Hors agglomération,Intersection en T,Normale,Trois véhicules et plus - en chaîne,3,2,2,0,1,1,1,0,1,70,3,3,1,0,0,2,54.0,33.0,utilitaire_camion,voiture,1,1,3,1,4
202200030840,2022-08-27 23:40:00,2022,8,27,23,40,93,93027,Rue Corneille / Avenue Jean Jaurès,48.92433,2.40163,Nuit avec éclairage allumé,En agglomération,Intersection en T,Normale,Deux véhicules - côté,3,3,4,3,1,1,1,0,1,-1,2,2,1,0,1,0,42.0,20.0,voiture,deux_roues,5,2,3,1,3
202200030841,2022-03-03 02:20:00,2022,3,3,2,20,75,75119,BD PERIPHERIQUE EXTERIEUR,48.898899,2.39348,Nuit avec éclairage allumé,En agglomération,Hors intersection,Normale,Autre collision,4,1,4,3,1,2,1,0,1,70,1,1,0,0,0,1,59.0,,deux_roues,,5,2,1,1,6
202200030842,2022-08-28 22:20:00,2022,8,28,22,20,93,93057,Avenue Jean Jaurès,48.90628,2.49953,Nuit avec éclairage allumé,En agglomération,Hors intersection,Normale,Trois véhicules et plus - en chaîne,3,2,2,0,1,1,1,0,8,50,4,4,3,0,0,1,28.0,25.0,voiture,voiture,5,2,1,1,4
202200030843,2022-03-01 12:30:00,2022,3,1,12,30,75,75113,BD PERIPHERIQUE INTERIEUR,48.8173330086,2.366091907,Plein jour,En agglomération,Intersection en Y,Normale,Deux véhicules - arrière,4,1,4,0,1,1,1,0,1,70,2,2,1,0,0,1,37.0,33.0,deux_roues,utilitaire_camion,1,2,4,1,2
202200030844,2022-08-29 20:02:00,2022,8,29,20,2,93,93005,Avenue Dumont / Rue Isidore Nérat,48.93033,2.49525,Plein jour,En agglomération,Intersection en T,Normale,Autre collision,4,1,1,0,1,1,1,0,1,30,1,2,1,0,0,1,70.0,,utilitaire_camion,,1,2,3,1,6
202200030845,2022-03-03 19:20:00,2022,3,3,19,20,75,75105,PLACE VALHUBERT,48.844293,2.364886,Nuit avec éclairage allumé,En agglomération,Place,Normale,Autre collision,4,2,4,0,1,1,1,0,1,30,1,2,0,0,0,2,26.0,,deux_roues,,5,2,7,1,6
202200030846,2022-08-29 17:30:00,2022,8,29,17,30,93,93001,Rue Charles Tillon,48.9176578444,2.3930821362,Plein jour,En agglomération,Hors intersection,Normale,Deux véhicules - frontale,3,3,2,2,1,1,1,0,1,50,2,2,1,0,0,1,43.0,82.0,deux_roues,voiture,1,2,1,1,1
202200030847,2022-08-29 19:00:00,2022,8,29,19,0,92,92026,BOULEVARD CIRCULAIRE,48.8877623278,2.2519628405,Plein jour,En agglomération,Hors intersection,Normale,Deux véhicules - frontale,2,1,1,0,1,1,1,0,1,30,2,2,0,0,0,2,50.0,32.0,deux_roues,deux_roues,1,2,1,1,1
202200030848,2022-03-03 08:55:00,2022,3,3,8,55,75,75120,BOULEVARD MORTIER,48.876968,2.406582,Plein jour,En agglomération,Intersection à plus de 4 branches,Temps couvert,Deux véhicules - arrière,4,2,3,2,1,1,1,0,1,30,2,2,1,0,0,1,23.0,37.0,voiture,transport_commun,1,2,5,8,2
202200030849,2022-08-29 20:15:00,2022,8,29,20,15,50,50066,carrefour des cinq chemins - saint michel des loups,48.746766455,-1.499977,Crépuscule ou aube,Hors agglomération,Intersection en X,Temps éblouissant,Deux véhicules - côté,3,2,2,0,1,1,1,0,1,80,2,3,1,0,2,0,53.0,45.0,deux_roues,voiture,2,1,2,7,3
202200030850,2022-03-03 00:02:00,2022,3,3,0,2,75,75119,AVENUE JEAN JAURES,48.888778,2.393075,Nuit avec éclairage allumé,En agglomération,Intersection en X,Normale,Deux véhicules - côté,4,2,5,1,1,1,1,0,5,30,2,2,1,0,0,1,,28.0,voiture,deux_roues,5,2,2,1,3
202200030851,2022-07-24 17:30:00,2022,7,24,17,30,41,41067,Rue Félix Faure,47.508172,1.451086,Plein jour,En agglomération,Hors intersection,Normale,Deux véhicules - frontale,3,2,2,0,2,1,1,0,1,50,2,2,1,0,0,1,38.0,41.0,voiture,voiture,1,2,1,1,1
202200030852,2022-03-03 10:25:00,2022,3,3,10,25,75,75116,AVENUE RAYMOND POINCARE,48.865072,2.286519,Plein jour,En agglomération,Intersection en X,Normale,Deux véhicules - côté,4,2,2,0,1,1,1,0,1,30,2,2,1,0,0,1,38.0,,deux_roues,utilitaire_camion,1,2,2,1,3
202200030853,2022-08-30 12:50:00,2022,8,30,12,50,81,81096,D999,43.894993,2.377059,Plein jour,Hors agglomération,Hors intersection,Normale,Autre collision,3,2,2,0,1,1,1,0,3,90,1,3,2,0,1,0,39.0,,voiture,,1,1,1,1,6
202200030854,2022-08-30 00:50:00,2022,8,30,0,50,76,76404,D925,49.578139,0.240256,Nuit avec éclairage non allumé,Hors agglomération,Giratoire,Normale,Autre collision,3,1,2,0,1,3,1,0,3,90,1,1,0,1,0,0,22.0,,voiture,,4,1,6,1,6
202200030855,2022-03-03 21:20:00,2022,3,3,21,20,75,75115,RUE LINOIS,48.847686,2.28414,Nuit avec éclairage allumé,En agglomération,Intersection en X,Normale,Deux véhicules - côté,4,2,2,1,1,1,1,0,1,30,2,2,1,0,0,1,60.0,39.0,deux_roues,utilitaire_camion,5,2,2,1,3
202200030856,2022-03-03 06:05:00,2022,3,3,6,5,75,75115,QUAI ANDRE CITROEN,48.839436,2.269931,Nuit avec éclairage allumé,En agglomération,Hors intersection,Normale,Sans collision,4,3,0,1,1,1,1,0,1,30,1,2,0,0,0,2,34.0,,deux_roues,,5,2,1,1,7
202200030857,2022-08-29 17:15:00,2022,8,29,17,15,37,37250,Autoroute A10,47.211486,0.656004,Plein jour,Hors agglomération,Hors intersection,Normale,Trois véhicules et plus - en chaîne,1,3,2,0,1,1,1,8,1,110,3,7,6,0,0,1,47.0,43.0,voiture,voiture,1,1,1,1,4
202200030858,2022-03-03 19:55:00,2022,3,3,19,55,75,75112,BOULEVARD DE BERCY,48.84025,2.380637,Nuit avec éclairage allumé,En agglomération,Intersection en Y,Normale,Autre collision,4,-1,2,0,1,1,1,0,4,30,1,2,1,0,0,1,44.0,,deux_roues,,5,2,4,1,6
202200030859,2022-03-03 15:40:00,2022,3,3,15,40,75,75111,RUE DU CHEMIN VERT,48.860029,2.377755,Plein jour,En agglomération,Hors intersection,Temps couvert,Autre collision,4,1,1,0,2,1,1,0,1,30,1,2,1,0,0,1,37.0,,transport_commun,,1,2,1,8,6
202200030860,2022-08-29 11:15:00,2022,8,29,11,15,34,34270,Route de Sete,43.564783,3.850204,Plein jour,Hors agglomération,Intersection en T,Normale,Deux véhicules - côté,7,2,2,0,1,1,1,0,1,-1,2,2,1,0,1,0,69.0,66.0,deux_roues,voiture,1,1,3,1,3
202200030861,2022-08-29 23:40:00,2022,8,29,23,40,34,34088,D5,43.560692,3.729034,Nuit avec éclairage allumé,En agglomération,Hors intersection,Pluie forte,Deux véhicules - frontale,7,2,2,0,1,1,2,0,1,50,2,2,1,0,0,1,38.0,48.0,deux_roues,voiture,5,2,1,3,1
202200030862,2022-03-03 13:00:00,2022,3,3,13,0,75,75108,AVENUE GEORGE V,48.866727,2.301298,Plein jour,En agglomération,Intersection en Y,Normale,Deux véhicules - arrière,4,2,4,0,2,1,1,0,1,30,2,2,1,0,0,1,37.0,25.0,deux_roues,deux_roues,1,2,4,1,2
202200030863,2022-08-29 21:25:00,2022,8,29,21,25,35,35193,D82,48.2353841032,-1.7078965902,Nuit sans éclairage public,Hors agglomération,Hors intersection,Normale,Autre collision,3,2,2,0,1,1,1,0,1,80,1,2,0,0,1,1,51.0,,deux_roues,,3,1,1,1,6
202200030864,2022-08-29 12:00:00,2022,8,29,12,0,51,51616,Route de Chalons,48.872016,4.460197,Plein jour,En agglomération,Intersection en T,Normale,Deux véhicules - côté,3,2,2,0,1,1,1,0,1,50,2,2,1,0,0,1,60.0,78.0,deux_roues,deux_roues,1,2,3,1,3
202200030865,2022-03-02 20:45:00,2022,3,2,20,45,94,94068,Avenue de Sébastopol,48.79225,2.50624,Nuit avec éclairage allumé,En agglomération,Intersection en X,Normale,Autre collision,4,2,2,0,1,1,1,0,4,30,2,2,1,0,0,1,19.0,63.0,deux_roues,voiture,5,2,2,1,6
202200030866,2022-08-29 10:45:00,2022,8,29,10,45,56,56113,Saint Gilles,48.070125,-3.197005,Plein jour,Hors agglomération,Intersection en X,Normale,Deux véhicules - côté,3,2,2,0,2,2,1,0,1,50,2,2,1,0,1,0,70.0,63.0,utilitaire_camion,transport_commun,1,1,2,1,3
202200030867,2022-03-02 16:05:00,2022,3,2,16,5,94,94046,REPUBLIQUE (AV DE LA),48.80581,2.44097,Plein jour,En agglomération,Intersection en X,Normale,Deux véhicules - côté,3,2,2,0,1,1,1,0,1,50,2,2,1,0,0,1,37.0,39.0,voiture,voiture,1,2,2,1,3
202200030868,2022-08-29 10:00:00,2022,8,29,10,0,56,56075,D773,47.865782,-2.117958,Plein jour,Hors agglomération,Hors intersection,Normale,Deux véhicules - frontale,3,2,2,0,2,2,1,0,1,80,2,2,0,0,1,1,31.0,33.0,voiture,voiture,1,1,1,1,1
202200030869,2022-03-03 15:45:00,2022,3,3,15,45,94,94073,172 Avenue de Versailles,48.75763,2.39036,Plein jour,En agglomération,Hors intersection,Normale,Autre collision,3,1,2,0,2,1,1,0,1,50,1,1,0,0,0,1,30.0,,utilitaire_camion,,1,2,1,1,6
202200030870,2022-08-29 07:30:00,2022,8,29,7,30,56,56166,62 Rue Paul Ihuel,47.911154,-3.336137,Crépuscule ou aube,En agglomération,Giratoire,Normale,Deux véhicules - côté,4,1,1,0,1,2,1,5,1,50,2,2,1,0,1,0,20.0,49.0,voiture,deux_roues,2,2,6,1,3
202200030871,2022-03-03 16:43:00,2022,3,3,16,43,94,94011,Avenue Jean Rostand,48.76759,2.48629,Plein jour,En agglomération,Hors intersection,Normale,Autre collision,3,3,6,3,1,1,1,0,1,50,1,2,1,0,0,1,61.0,,utilitaire_camion,,1,2,1,1,6
202200030872,2022-03-03 14:45:00,2022,3,3,14,45,94,94028,Route de la Pompadour / Route de Choisy,48.77415,2.4396,Plein jour,En agglomération,Giratoire,Normale,Deux véhicules - arrière,3,1,3,0,1,1,1,5,1,50,2,2,1,0,0,1,39.0,58.0,voiture,voiture,1,2,6,1,2
202200030873,2022-07-13 19:50:00,2022,7,13,19,50,56,56251,D116,47.652373,-2.631236,Plein jour,Hors agglomération,Intersection en X,Normale,Deux véhicules - côté,3,2,2,0,2,2,1,0,1,80,2,4,3,0,0,1,36.0,69.0,voiture,voiture,1,1,2,1,3
202200030874,2022-08-30 17:20:00,2022,8,30,17,20,59,59307,D3b,50.8429246065,2.2029224038,Plein jour,Hors agglomération,Hors intersection,Normale,Deux véhicules - frontale,3,2,2,0,1,3,1,0,1,80,2,4,2,1,0,1,73.0,29.0,voiture,voiture,1,1,1,1,1
202200030875,2022-03-03 11:00:00,2022,3,3,11,0,94,94011,Rue Pierre Sémard / Avenue Jean Monnet,48.76265,2.47878,Plein jour,En agglomération,Giratoire,Normale,Deux véhicules - côté,3,3,4,0,1,1,1,0,1,50,2,4,3,0,0,1,20.0,26.0,voiture,voiture,1,2,6,1,3
202200030876,2022-08-30 09:45:00,2022,8,30,9,45,76,76406,D 11,49.698956,0.34784,Plein jour,En agglomération,Intersection en X,Normale,Deux véhicules - côté,3,2,2,0,1,1,1,0,1,50,2,3,1,0,2,0,20.0,57.0,deux_roues,voiture,1,2,2,1,3
202200030877,2022-03-03 08:45:00,2022,3,3,8,45,94,94011,Rue du Fort à Faire,48.7762258496,2.4730845541,Plein jour,En agglomération,Hors intersection,Normale,Deux véhicules - arrière,4,2,2,0,1,1,1,0,1,50,2,2,1,0,0,1,74.0,41.0,voiture,voiture,1,2,1,1,2
202200030878,2022-08-28 16:45:00,2022,8,28,16,45,79,79007,,46.590168,-0.354545,Plein jour,Hors agglomération,Hors intersection,Normale,Deux véhicules - frontale,3,2,2,0,4,3,1,0,1,80,2,3,1,0,1,1,20.0,32.0,voiture,voiture,1,1,1,1,1
202200030879,2022-02-27 16:40:00,2022,2,27,16,40,94,94059,Avenue du Général de Gaulle,48.81022,2.57334,Plein jour,En agglomération,Hors intersection,Normale,Autre collision,4,1,1,2,1,1,1,0,1,30,1,2,1,0,0,1,67.0,,voiture,,1,2,1,1,6
202200030880,2022-08-29 22:50:00,2022,8,29,22,50,2A,2A362,route de Pinarello,41.692495,9.357648,Nuit avec éclairage allumé,Hors agglomération,Hors intersection,Normale,Deux véhicules - frontale,3,2,2,0,2,2,1,0,1,50,2,3,1,0,0,2,24.0,21.0,voiture,voiture,5,1,1,1,1
202200030881,2022-03-03 20:30:00,2022,3,3,20,30,93,93048,Boulevard Chanzy / Place du Marché,48.85834,2.43354,Nuit avec éclairage allumé,En agglomération,Intersection en T,Normale,Autre collision,3,2,2,0,1,1,1,0,1,50,1,2,1,0,0,1,60.0,,utilitaire_camion,,5,2,3,1,6
202200030882,2022-08-20 08:45:00,2022,8,20,8,45,2B,2B342,RT 10,41.939159,9.404769,Plein jour,Hors agglomération,Intersection en T,Normale,Deux véhicules - arrière,2,2,2,0,1,1,1,5,1,80,2,2,0,0,0,2,49.0,32.0,voiture,voiture,1,1,3,1,2
202200030883,2022-03-03 10:00:00,2022,3,3,10,0,93,93046,ARISTIDE BRIAND AVENUE,48.91521,2.52851,Plein jour,En agglomération,Hors intersection,Normale,Deux véhicules - arrière,3,2,4,0,1,1,1,0,1,50,2,2,1,0,0,1,28.0,31.0,voiture,deux_roues,1,2,1,1,2
202200030884,2022-03-03 16:30:00,2022,3,3,16,30,93,93008,Avenue Henri Barbusse,48.908158,2.426779,Plein jour,En agglomération,Autre intersection,Normale,Sans collision,3,2,2,0,1,1,1,0,1,50,2,2,1,0,0,1,71.0,63.0,voiture,deux_roues,1,2,9,1,7
202200030885,2022-08-28 14:59:00,2022,8,28,14,59,61,61091,D21,48.623832,-0.573349,Plein jour,Hors agglomération,Hors intersection,Normale,Autre collision,3,2,2,0,2,2,1,0,3,90,1,1,0,0,0,1,24.0,,deux_roues,,1,1,1,1,6
202200030886,2022-08-29 09:15:00,2022,8,29,9,15,55,55012,D12,48.839379,5.604964,Plein jour,Hors agglomération,Hors intersection,Normale,Sans collision,3,2,2,0,1,2,1,0,1,90,1,1,0,0,0,1,66.0,,voiture,,1,1,1,1,7
202200030887,2022-03-03 19:10:00,2022,3,3,19,10,93,93001,JEAN JAURES  (AVE)  157 A 213,48.91662,2.40613,Nuit avec éclairage allumé,En agglomération,Intersection en T,Normale,Deux véhicules - côté,3,2,2,0,1,1,1,0,1,50,2,3,1,0,1,1,26.0,20.0,deux_roues,voiture,5,2,3,1,3
202200030888,2022-08-30 16:10:00,2022,8,30,16,10,46,46090,D 802 - PK017+400,44.670972,1.7856,Plein jour,Hors agglomération,Hors intersection,Normale,Autre collision,3,2,2,0,1,1,1,0,3,80,1,1,0,0,0,1,67.0,,voiture,,1,1,1,1,6
202200030889,2022-08-29 15:45:00,2022,8,29,15,45,41,41235,la boudairie,47.944101,0.911576,Plein jour,Hors agglomération,Hors intersection,Normale,Sans collision,5,-1,1,0,1,1,1,0,8,-1,1,1,0,0,1,0,21.0,,deux_roues,,1,1,1,1,7
202200030890,2022-03-03 06:30:00,2022,3,3,6,30,92,92073,JAURES (AVENUE JEAN),48.8643729402,2.2079417556,Nuit avec éclairage allumé,En agglomération,Autre intersection,Normale,Deux véhicules - frontale,4,2,2,0,1,1,1,0,1,50,2,2,1,0,0,1,42.0,43.0,voiture,voiture,5,2,9,1,1
202200030891,2022-08-30 00:45:00,2022,8,30,0,45,25,25558,La Baraque des Violons,47.180204,6.110888,Nuit sans éclairage public,Hors agglomération,Hors intersection,Normale,Autre collision,3,2,2,0,1,1,1,0,8,80,1,2,0,0,0,2,25.0,,voiture,,3,1,1,1,6
202200030892,2022-03-03 16:31:00,2022,3,3,16,31,92,92063,SAINT-SAENS (RUE CAMILLE),48.8864594148,2.1823506653,Plein jour,En agglomération,Hors intersection,Normale,Autre collision,4,1,1,0,1,1,1,0,1,30,1,2,1,0,0,1,29.0,,voiture,,1,2,1,1,6
202200030893,2022-08-29 17:20:00,2022,8,29,17,20,29,29075,rue Germaine Tillion,48.405525336,-4.4232124686,Plein jour,En agglomération,Hors intersection,Normale,Deux véhicules - frontale,4,2,2,0,1,1,1,0,1,50,2,2,1,0,1,0,23.0,10.0,voiture,deux_roues,1,2,1,1,1
202200030894,2022-03-02 19:25:00,2022,3,2,19,25,92,92036,GRESILLONS (QUAI DES),48.92106,2.32533,Nuit avec éclairage allumé,En agglomération,Intersection en X,Normale,Deux véhicules - côté,3,3,4,0,1,1,1,0,1,50,2,2,1,0,0,1,49.0,23.0,voiture,voiture,5,2,2,1,3
202200030895,2022-08-27 12:15:00,2022,8,27,12,15,38,38198,Rue des Terreaux,45.334356,4.94668,Plein jour,En agglomération,Intersection en T,Normale,Deux véhicules - côté,3,2,2,0,1,1,1,0,1,50,2,2,1,0,0,1,54.0,25.0,deux_roues,utilitaire_camion,1,2,3,1,3
202200030896,2022-03-03 20:20:00,2022,3,3,20,20,92,92007,RAVERA (AVENUE HENRI) N° 111 A 217 ET 10,48.8004286566,2.3087240159,Nuit avec éclairage allumé,En agglomération,Hors intersection,Normale,Sans collision,3,3,0,0,1,1,1,0,1,50,1,2,1,0,0,1,24.0,,deux_roues,,5,2,1,1,7
202200030897,2022-03-03 16:15:00,2022,3,3,16,15,92,92007,SARRAZINE (RUE DE LA),48.7893153267,2.3117889762,Plein jour,En agglomération,Hors intersection,Normale,Autre collision,4,2,2,0,1,1,1,9,1,30,1,2,1,0,0,1,27.0,,voiture,,1,2,1,1,6
202200030898,2022-08-29 16:55:00,2022,8,29,16,55,70,70248,9 Rue des Creuses,47.660828,6.747467,Plein jour,En agglomération,Intersection en T,Normale,Deux véhicules - côté,3,2,1,0,2,1,1,0,1,50,2,2,1,0,0,1,9.0,75.0,deux_roues,voiture,1,2,3,1,3
202200030899,2022-03-03 09:35:00,2022,3,3,9,35,92,92004,PARFUMERIE ( RUE DE LA ),48.91326,2.29931,Plein jour,En agglomération,Hors intersection,Normale,Deux véhicules - frontale,4,2,2,2,1,1,1,0,1,50,2,2,1,0,0,1,29.0,54.0,autre,deux_roues,1,2,1,1,1
202200030900,2022-08-23 12:15:00,2022,8,23,12,15,66,66024,,42.524937,2.83134,Plein jour,En agglomération,Intersection en X,Normale,Deux véhicules - côté,4,2,2,0,1,1,1,0,1,50,2,2,1,0,1,0,29.0,56.0,voiture,voiture,1,2,2,1,3