accident_id,datetime,annee,mois,jour,heure,minute,departement,commune_insee,adresse,latitude,longitude,luminosite,agglomeration,intersection,meteo,collision,catr,circ,nbv,vosp,prof,plan,surf,infra,situ,vma,nb_vehicules,nb_usagers,nb_indemnes,nb_tues,nb_blesses_hosp,nb_blesses_legers,age_cond_1,age_cond_2,veh_type_cond_1,veh_type_cond_2,lum_code,agg_code,int_code,atm_code,col_code
202200030901,2022-08-29 16:50:00,2022,8,29,16,50,14,14086,D677,49.333933,0.112745,Plein jour,Hors agglomération,Intersection en Y,Normale,Deux véhicules - côté,3,2,1,0,1,1,1,0,1,80,2,2,1,0,1,0,74.0,24.0,voiture,deux_roues,1,1,4,1,3
202200030902,2022-03-03 13:50:00,2022,3,3,13,50,12,12300,Chemin de Girou,44.352956,2.018451,Plein jour,En agglomération,Giratoire,Normale,Deux véhicules - côté,4,2,2,0,3,1,1,5,1,50,2,3,1,0,0,2,55.0,15.0,utilitaire_camion,deux_roues,1,2,6,1,3
202200030903,2022-08-30 12:05:00,2022,8,30,12,5,50,50388,Pont de la Roque,49.019866,-1.504945,Plein jour,Hors agglomération,Intersection en T,Normale,Deux véhicules - côté,3,2,2,0,1,1,1,0,1,70,2,2,1,0,0,1,,37.0,voiture,deux_roues,1,1,3,1,3
202200030904,2022-03-03 15:35:00,2022,3,3,15,35,40,40065,40 Rue du Lac,43.652257,-1.441257,Plein jour,En agglomération,Intersection en X,Pluie légère,Deux véhicules - côté,4,1,1,0,1,1,2,0,1,50,2,3,1,0,1,1,36.0,75.0,deux_roues,voiture,1,2,2,2,3
202200030905,2022-08-30 13:00:00,2022,8,30,13,0,64,64506,route du Col d'Ichère,43.039058,-0.609763,Plein jour,Hors agglomération,Hors intersection,Normale,Deux véhicules - côté,3,2,2,0,2,2,1,0,1,80,2,2,1,0,0,1,43.0,56.0,utilitaire_camion,deux_roues,1,1,1,1,3
202200030906,2022-03-04 03:30:00,2022,3,4,3,30,06,06161,D241,43.635555,7.128932,Nuit avec éclairage allumé,Hors agglomération,Giratoire,Normale,Sans collision,3,2,2,0,3,1,1,0,1,50,1,1,0,0,0,1,23.0,,deux_roues,,5,1,6,1,7
202200030907,2022-03-03 21:20:00,2022,3,3,21,20,62,62520,285 Rue du 8 Mai,50.568017,2.665144,Nuit avec éclairage allumé,En agglomération,Hors intersection,Normale,Autre collision,3,2,2,0,1,2,1,0,4,50,1,1,0,1,0,0,26.0,,voiture,,5,2,1,1,6
202200030908,2022-08-30 17:05:00,2022,8,30,17,5,64,64010,Route d' Ayerguy,43.376793,-1.013306,Plein jour,Hors agglomération,Hors intersection,Normale,Deux véhicules - frontale,4,2,2,0,2,2,1,0,1,80,2,2,1,0,1,0,15.0,63.0,deux_roues,voiture,1,1,1,1,1
202200030909,2022-08-30 08:28:00,2022,8,30,8,28,07,07349,,44.800511,4.781424,Plein jour,En agglomération,Hors intersection,Normale,Autre collision,3,2,2,0,1,1,1,0,1,50,1,2,1,0,0,1,67.0,,voiture,,1,2,1,1,6
202200030910,2022-03-02 18:40:00,2022,3,2,18,40,84,84038,Chemin de la Réale,43.803225,5.069793,Nuit sans éclairage public,En agglomération,Intersection en T,Normale,Deux véhicules - côté,4,-1,2,0,1,1,1,0,1,50,2,2,1,0,1,0,73.0,62.0,voiture,utilitaire_camion,3,2,3,1,3
202200030911,2022-08-30 13:30:00,2022,8,30,13,30,40,40044,D817,43.554102,-1.30277,Plein jour,Hors agglomération,Hors intersection,Normale,Deux véhicules - arrière,3,2,3,0,1,1,1,0,1,80,2,3,1,0,1,1,36.0,37.0,voiture,utilitaire_camion,1,1,1,1,2
202200030912,2022-08-30 10:45:00,2022,8,30,10,45,04,04121,D17,44.030192,6.172793,Plein jour,Hors agglomération,Hors intersection,Normale,Sans collision,3,2,2,0,2,2,1,0,1,80,1,1,0,0,1,0,85.0,,voiture,,1,1,1,1,7
202200030913,2022-03-03 11:04:00,2022,3,3,11,4,60,60027,D1324/D98,49.230714,2.810547,Plein jour,Hors agglomération,Intersection en X,Normale,Deux véhicules - côté,3,2,2,0,1,1,1,5,1,90,2,3,1,0,0,2,71.0,45.0,voiture,utilitaire_camion,1,1,2,1,3
202200030914,2022-08-30 10:10:00,2022,8,30,10,10,85,85234,Chemin de la belle étoile,46.778874,-2.016088,Plein jour,Hors agglomération,Hors intersection,Normale,Sans collision,4,-1,2,0,1,1,1,0,1,30,1,1,0,0,1,0,18.0,,deux_roues,,1,1,1,1,7
202200030915,2022-03-03 17:50:00,2022,3,3,17,50,62,62060,Place de l'Hôtel-de-Ville,50.2315350293,2.1167202294,Plein jour,En agglomération,Intersection en T,Normale,Deux véhicules - arrière,3,2,1,0,1,3,1,0,1,50,2,3,2,0,1,0,43.0,24.0,voiture,deux_roues,1,2,3,1,2
202200030916,2022-08-28 10:45:00,2022,8,28,10,45,88,88327,68bis Rue d'Alsace,48.304759,6.387896,Plein jour,En agglomération,Intersection en T,Normale,Deux véhicules - frontale,3,2,2,0,1,1,1,0,1,50,2,2,1,0,1,0,38.0,45.0,voiture,deux_roues,1,2,3,1,1
202200030917,2022-03-03 15:20:00,2022,3,3,15,20,57,57490,D914,48.760673,6.547744,Plein jour,Hors agglomération,Hors intersection,Normale,Autre collision,3,2,2,0,1,2,1,0,3,80,1,1,0,0,1,0,21.0,,deux_roues,,1,1,1,1,6
202200030918,2022-08-29 08:00:00,2022,8,29,8,0,33,33174,A89,44.937386,-0.259333,Plein jour,Hors agglomération,Hors intersection,Normale,Deux véhicules - arrière,1,3,4,0,1,1,1,0,1,130,2,2,1,0,0,1,40.0,22.0,utilitaire_camion,utilitaire_camion,1,1,1,1,2
202200030919,2022-03-04 05:30:00,2022,3,4,5,30,51,51146,D5,48.888198,4.222956,Nuit sans éclairage public,Hors agglomération,Hors intersection,Normale,Deux véhicules - frontale,3,2,2,0,1,1,1,0,1,90,2,2,1,0,1,0,40.0,37.0,utilitaire_camion,voiture,3,1,1,1,1
202200030920,2022-08-30 02:28:00,2022,8,30,2,28,62,62480,A26 sens REIMS / CALAIS,50.485018,2.690695,Nuit sans éclairage public,Hors agglomération,Hors intersection,Normale,Autre collision,1,3,4,0,1,1,1,0,3,130,1,4,0,2,0,2,18.0,,voiture,,3,1,1,1,6
202200030921,2022-08-29 07:30:00,2022,8,29,7,30,06,06150,A8 PK 208+500,43.745853,7.382311,Crépuscule ou aube,Hors agglomération,Hors intersection,Normale,Autre collision,1,3,5,0,2,1,1,0,1,90,1,2,1,0,1,0,45.0,,voiture,,2,1,1,1,6
202200030922,2022-03-03 12:15:00,2022,3,3,12,15,63,63276,Route de Courpiere/ RD2089,45.8384251631,3.4989443421,Plein jour,En agglomération,Intersection en X,Normale,Autre collision,3,2,2,-1,1,1,1,0,1,50,1,2,1,0,1,0,29.0,,voiture,,1,2,2,1,6
202200030923,2022-08-28 04:30:00,2022,8,28,4,30,33,33130,Autoroute A65 - sens Pau vers Langon - point kilométrique 004.600,44.490115,-0.198977,Nuit sans éclairage public,Hors agglomération,Hors intersection,Normale,Autre collision,1,3,4,0,1,2,1,2,3,130,1,1,0,0,0,1,27.0,,voiture,,3,1,1,1,6
202200030924,2022-03-02 08:50:00,2022,3,2,8,50,42,42141,Route de Charlieu,46.15103,4.243534,Plein jour,Hors agglomération,Intersection en X,Normale,Autre collision,3,2,2,0,1,3,1,5,3,80,1,1,0,0,1,0,19.0,,voiture,,1,1,2,1,6
202200030925,2022-08-30 16:10:00,2022,8,30,16,10,74,74197,A40,46.152761,6.295472,Plein jour,Hors agglomération,Hors intersection,Normale,Deux véhicules - arrière,1,1,5,3,1,1,1,9,1,110,2,2,1,0,1,0,63.0,37.0,voiture,utilitaire_camion,1,1,1,1,2
202200030926,2022-03-03 12:50:00,2022,3,3,12,50,46,46001,D8,44.467632,1.241175,Plein jour,En agglomération,Hors intersection,Normale,Autre collision,3,2,2,0,2,4,1,0,1,50,1,1,0,0,1,0,34.0,,deux_roues,,1,2,1,1,6
202200030927,2022-03-03 07:15:00,2022,3,3,7,15,44,44007,9 La Ville En Pierre,47.636238,-1.95909,Nuit sans éclairage public,Hors agglomération,Hors intersection,Pluie légère,Autre collision,3,2,2,0,1,1,2,0,3,80,1,1,0,0,1,0,25.0,,voiture,,3,1,1,2,6
202200030928,2022-08-29 22:00:00,2022,8,29,22,0,13,13103,A54 PK 64+500  sens salon-arles,43.6382304811,5.0273007316,Nuit sans éclairage public,Hors agglomération,Hors intersection,Normale,Deux véhicules - arrière,1,1,2,0,1,1,1,0,1,130,3,8,5,0,1,2,22.0,63.0,voiture,voiture,3,1,1,1,2
202200030929,2022-03-03 17:25:00,2022,3,3,17,25,29,29075,D712 - Boulevard Michel Briant,48.420929,-4.425025,Plein jour,En agglomération,Intersection à plus de 4 branches,Normale,Deux véhicules - frontale,7,1,2,0,1,1,1,5,1,70,2,2,0,0,0,2,24.0,27.0,voiture,voiture,1,2,5,1,1
202200030930,2022-08-26 15:20:00,2022,8,26,15,20,987,98747,RT4 PK 05+800 TOAHOTU,-17.814071,-149.287956,Plein jour,Hors agglomération,Hors intersection,Normale,Deux véhicules - frontale,2,2,2,0,1,1,1,0,1,60,2,2,0,0,1,1,49.0,54.0,utilitaire_camion,utilitaire_camion,1,1,1,1,1
202200030931,2022-03-03 17:30:00,2022,3,3,17,30,02,02067,5 Rue du Général-de-Gaulle,50.034347,3.70379,Plein jour,En agglomération,Place,Normale,Autre collision,3,2,2,0,1,2,1,0,4,50,1,1,0,0,1,0,67.0,,deux_roues,,1,2,7,1,6
202200030932,2022-08-28 02:00:00,2022,8,28,2,0,988,98815,La Roche (Tribu),-21.474097,168.033384,Nuit avec éclairage allumé,En agglomération,Intersection en T,Temps couvert,Sans collision,4,2,2,0,1,1,1,0,3,50,1,2,0,0,0,2,39.0,,utilitaire_camion,,5,2,3,8,7
202200030933,2022-03-04 10:45:00,2022,3,4,10,45,01,01227,D107a,45.762703,5.727106,Plein jour,Hors agglomération,Intersection en T,Normale,Autre collision,3,2,2,0,4,1,1,0,8,80,1,1,0,0,1,0,62.0,,voiture,,1,1,3,1,6
202200030934,2022-08-28 01:05:00,2022,8,28,1,5,971,97121,"les plaines, Nationale 2",16.207048,-61.780007,Nuit avec éclairage non allumé,Hors agglomération,Hors intersection,Pluie légère,Autre collision,2,2,2,0,1,1,2,0,3,80,1,2,0,1,0,1,23.0,,voiture,,4,1,1,2,6
202200030935,2022-08-25 19:15:00,2022,8,25,19,15,91,91494,D19,48.615349,2.351203,Plein jour,Hors agglomération,Giratoire,Normale,Deux véhicules - côté,3,4,3,0,1,2,1,5,1,50,2,2,1,0,1,0,27.0,34.0,deux_roues,voiture,1,1,6,1,3
202200030936,2022-03-04 15:23:00,2022,3,4,15,23,01,01305,Rue Mal de Lattre de Tassigny,46.432561,4.937609,Plein jour,En agglomération,Hors intersection,Normale,Autre collision,3,2,2,0,1,1,1,0,1,30,1,2,1,0,1,0,56.0,,voiture,,1,2,1,1,6
202200030937,2022-08-30 15:00:00,2022,8,30,15,0,30,30169,,43.7497580199,4.3423313498,Plein jour,Hors agglomération,Intersection en T,Normale,Deux véhicules - côté,3,2,1,0,1,1,1,0,1,80,2,2,1,0,1,0,20.0,19.0,deux_roues,voiture,1,1,3,1,3
202200030938,2022-08-30 06:00:00,2022,8,30,6,0,13,13084,D561,43.720749,5.289402,Nuit sans éclairage public,Hors agglomération,Hors intersection,Normale,Autre collision,3,2,1,0,3,3,1,0,3,80,1,2,0,1,1,0,23.0,,voiture,,3,1,1,1,6
202200030939,2022-03-04 19:20:00,2022,3,4,19,20,05,05040,D9,44.548858,6.301303,Nuit sans éclairage public,Hors agglomération,Hors intersection,Normale,Deux véhicules - côté,3,2,2,0,2,2,1,0,1,80,2,2,1,0,1,0,30.0,37.0,deux_roues,voiture,3,1,1,1,3
202200030940,2022-08-29 21:15:00,2022,8,29,21,15,13,13049,D538,43.71519,5.0901,Nuit sans éclairage public,Hors agglomération,Hors intersection,Normale,Deux véhicules - arrière,3,2,2,0,1,1,1,0,1,80,2,2,1,0,1,0,31.0,32.0,voiture,deux_roues,3,1,1,1,2
202200030941,2022-02-23 13:35:00,2022,2,23,13,35,37,37208,Rue de la Sagerie,47.3501907459,0.7049757242,Plein jour,En agglomération,Intersection en T,Normale,Autre collision,4,2,2,0,1,1,1,0,4,50,1,1,0,0,1,0,22.0,,deux_roues,,1,2,3,1,6
202200030942,2022-08-29 14:45:00,2022,8,29,14,45,71,71360,D17,46.330076,4.749157,Plein jour,En agglomération,Intersection en X,Normale,Deux véhicules - arrière,3,2,2,0,2,1,1,0,1,70,2,2,1,0,0,1,45.0,21.0,voiture,deux_roues,1,2,2,1,2
202200030943,2022-08-29 15:35:00,2022,8,29,15,35,68,68292,Route départementale 1066,47.873375,7.027559,Plein jour,Hors agglomération,Hors intersection,Normale,Deux véhicules - frontale,3,2,2,0,1,3,1,0,1,90,2,2,1,0,0,1,37.0,20.0,voiture,voiture,1,1,1,1,1
202200030944,2022-08-28 04:52:00,2022,8,28,4,52,68,68180,D36,47.796782,7.085313,Nuit sans éclairage public,Hors agglomération,Hors intersection,Normale,Autre collision,3,2,2,0,2,2,2,0,1,80,1,3,0,0,1,2,19.0,,voiture,,3,1,1,1,6
202200030945,2022-08-30 07:50:00,2022,8,30,7,50,68,68379,D415,48.03511,7.488728,Crépuscule ou aube,Hors agglomération,Hors intersection,Normale,Deux véhicules - frontale,3,2,2,0,1,1,1,0,1,80,2,2,0,0,2,0,79.0,26.0,voiture,voiture,2,1,1,1,1
202200030946,2022-03-03 16:40:00,2022,3,3,16,40,74,74010,Avenue Henri Zanaroli,45.891446,6.114101,Plein jour,En agglomération,Hors intersection,Normale,Deux véhicules - côté,4,2,2,2,1,3,1,0,5,50,2,2,1,0,0,1,19.0,42.0,deux_roues,voiture,1,2,1,1,3
202200030947,2022-08-25 17:45:00,2022,8,25,17,45,67,67067,Avenue de Strasbourg,48.70952,7.708856,Plein jour,En agglomération,Giratoire,Normale,Deux véhicules - arrière,3,2,2,0,1,1,1,0,1,50,2,2,1,0,0,1,25.0,26.0,utilitaire_camion,deux_roues,1,2,6,1,2
202200030948,2022-08-30 11:00:00,2022,8,30,11,0,88,88531,Impasse de la Vologne,48.082602,6.927824,Plein jour,En agglomération,Giratoire,Normale,Autre collision,4,1,1,0,1,2,1,0,4,45,1,1,0,1,0,0,87.0,,voiture,,1,2,6,1,6
202200030949,2022-08-28 04:30:00,2022,8,28,4,30,74,74311,Route des Trables,46.1832301319,6.4243161677,Nuit sans éclairage public,Hors agglomération,Hors intersection,Normale,Autre collision,4,2,2,0,1,1,1,2,1,50,1,2,1,0,1,0,36.0,,voiture,,3,1,1,1,6
202200030950,2022-08-29 13:40:00,2022,8,29,13,40,74,74063,Route de vonnes,46.256885,6.844783,Plein jour,Hors agglomération,Hors intersection,Normale,Sans collision,3,2,2,0,2,4,1,0,8,80,1,1,0,1,0,0,63.0,,voiture,,1,1,1,1,7
202200030951,2022-03-04 15:41:00,2022,3,4,15,41,38,38565,A48 - 083+500,45.294815,5.620451,Plein jour,Hors agglomération,Hors intersection,Normale,Autre collision,1,1,4,0,1,1,1,2,2,130,1,1,0,0,0,1,48.0,,utilitaire_camion,,1,1,1,1,6
202200030952,2022-08-28 18:00:00,2022,8,28,18,0,73,73075,D202 - Rue amélie gex,45.4458769905,6.0779444575,Plein jour,Hors agglomération,Hors intersection,Normale,Autre collision,3,2,2,0,1,2,1,0,3,80,1,1,0,0,1,0,18.0,,voiture,,1,1,1,1,6
202200030953,2022-08-30 17:10:00,2022,8,30,17,10,42,42180,Rue des Raffards,45.586081,4.150718,Plein jour,En agglomération,Intersection en X,Pluie légère,Sans collision,3,2,1,0,1,1,2,0,1,50,1,1,0,0,1,0,16.0,,deux_roues,,1,2,2,2,7
202200030954,2022-03-04 05:10:00,2022,3,4,5,10,971,97118,CD23,16.2176,-61.60532,Nuit sans éclairage public,Hors agglomération,Hors intersection,Normale,Deux véhicules - côté,3,2,2,0,2,1,2,0,1,80,2,3,1,0,2,0,20.0,64.0,deux_roues,voiture,3,1,1,1,3
202200030955,2022-08-30 10:50:00,2022,8,30,10,50,26,26129,route départementale 532,45.051397,5.178176,Plein jour,Hors agglomération,Intersection en X,Normale,Deux véhicules - côté,3,2,2,2,1,1,1,5,1,80,2,2,0,0,1,1,52.0,52.0,deux_roues,voiture,1,1,2,1,3
202200030956,2022-08-30 10:10:00,2022,8,30,10,10,69,69039,Route Départementale 385,45.994055,4.502678,Plein jour,Hors agglomération,Hors intersection,Pluie légère,Deux véhicules - frontale,3,2,2,2,1,1,2,0,1,80,2,2,0,1,0,1,67.0,39.0,voiture,utilitaire_camion,1,1,1,2,1
202200030957,2022-03-04 21:45:00,2022,3,4,21,45,69,69136,Route Departementale 386,45.637812246,4.7561273574,Nuit sans éclairage public,Hors agglomération,Hors intersection,Normale,Deux véhicules - frontale,3,2,2,2,1,1,1,0,1,80,2,2,0,0,1,1,33.0,67.0,voiture,voiture,3,1,1,1,1
202200030958,2022-03-01 21:15:00,2022,3,1,21,15,977,97701,R DES DINZEY,17.895354,-62.848304,Nuit avec éclairage allumé,En agglomération,Intersection en X,Normale,Deux véhicules - côté,4,1,1,0,1,1,1,0,1,30,2,2,1,0,0,1,24.0,,deux_roues,voiture,5,2,2,1,3
202200030959,2022-08-28 17:15:00,2022,8,28,17,15,50,50599,D122,49.59542,-1.601971,Plein jour,Hors agglomération,Intersection en T,Normale,Deux véhicules - côté,3,2,2,0,1,1,1,0,1,80,2,3,2,0,1,0,28.0,28.0,voiture,voiture,1,1,3,1,3
202200030960,2022-08-29 13:15:00,2022,8,29,13,15,50,50025,Place Patton,48.681668,-1.355347,Plein jour,En agglomération,Giratoire,Normale,Deux véhicules - arrière,3,1,2,2,1,2,1,5,5,50,2,2,1,0,1,0,57.0,49.0,deux_roues,voiture,1,2,6,1,2
202200030961,2022-03-04 14:00:00,2022,3,4,14,0,83,83107,La Garonne,43.44097,6.654024,Plein jour,Hors agglomération,Hors intersection,Normale,Deux véhicules - côté,3,2,2,0,1,1,1,0,1,70,2,3,1,0,1,1,26.0,78.0,deux_roues,voiture,1,1,1,1,3
202200030962,2022-08-30 01:50:00,2022,8,30,1,50,27,27123,Route Nationale 13,49.01208,1.307829,Nuit avec éclairage non allumé,Hors agglomération,Hors intersection,Normale,Autre collision,2,2,2,0,1,1,1,0,3,70,1,5,0,1,0,4,35.0,,voiture,,4,1,1,1,6
202200030963,2022-08-30 10:40:00,2022,8,30,10,40,59,59139,Rue de Saint-quentin giratoire rue de la gare,50.112123,3.407854,Plein jour,En agglomération,Giratoire,Normale,Deux véhicules - côté,4,-1,1,0,2,2,1,2,1,-1,2,2,1,0,1,0,84.0,64.0,utilitaire_camion,voiture,1,2,6,1,3
202200030964,2022-08-30 11:30:00,2022,8,30,11,30,59,59168,D90,50.5816231968,3.2217366993,Plein jour,Hors agglomération,Hors intersection,Normale,Trois véhicules et plus - collisions multiples,3,2,2,1,1,1,1,0,1,80,3,3,2,0,0,1,32.0,69.0,voiture,voiture,1,1,1,1,5
202200030965,2022-03-03 17:41:00,2022,3,3,17,41,89,89257,Rue Marcellin Berthelot,47.9640897184,3.5128033161,Plein jour,En agglomération,Intersection en X,Normale,Deux véhicules - frontale,4,2,2,0,4,1,1,0,1,50,2,2,1,0,0,1,47.0,14.0,voiture,deux_roues,1,2,2,1,1
202200030966,2022-08-29 06:20:00,2022,8,29,6,20,94,94021,AUTOROUTE A6A,48.7667355672,2.3438153999,Nuit sans éclairage public,Hors agglomération,Hors intersection,Normale,Trois véhicules et plus - en chaîne,1,1,3,0,1,1,1,0,1,90,4,5,3,0,0,2,33.0,52.0,voiture,voiture,3,1,1,1,4
202200030967,2022-08-29 13:00:00,2022,8,29,13,0,92,92019,RN385,48.7764016783,2.2356829485,Plein jour,Hors agglomération,Hors intersection,Normale,Deux véhicules - arrière,2,-1,2,0,1,1,1,0,1,90,2,4,2,0,0,2,47.0,33.0,voiture,utilitaire_camion,1,1,1,1,2
202200030968,2022-03-04 11:30:00,2022,3,4,11,30,54,54459,rue de nancy,48.5995794014,6.1700356001,Plein jour,En agglomération,Giratoire,Normale,Sans collision,3,2,2,0,1,1,1,0,1,50,1,1,0,0,0,1,45.0,,deux_roues,,1,2,6,1,7
202200030969,2022-08-29 03:40:00,2022,8,29,3,40,93,93051,A4,48.8355581581,2.565277091,Nuit sans éclairage public,Hors agglomération,Hors intersection,Normale,Deux véhicules - arrière,1,1,5,0,1,1,1,0,1,110,2,2,1,0,0,1,33.0,33.0,voiture,voiture,3,1,1,1,2
202200030970,2022-03-04 09:00:00,2022,3,4,9,0,73,73211,D925,45.7071564324,6.4342333565,Plein jour,Hors agglomération,Intersection en Y,Normale,Deux véhicules - frontale,3,2,2,0,2,2,1,0,1,80,2,2,0,0,0,2,25.0,72.0,voiture,transport_commun,1,1,4,1,1
202200030971,2022-08-28 21:25:00,2022,8,28,21,25,974,97416,RN3 (1),-21.3111,55.49639,Nuit sans éclairage public,Hors agglomération,Hors intersection,Normale,Trois véhicules et plus - collisions multiples,2,2,2,0,2,1,1,0,1,110,3,4,3,0,0,1,22.0,38.0,voiture,voiture,3,1,1,1,5
202200030972,2022-03-03 19:45:00,2022,3,3,19,45,73,73329,D1201,45.632721,5.891933,Nuit sans éclairage public,Hors agglomération,Hors intersection,Normale,Deux véhicules - arrière,3,2,2,0,1,1,1,0,1,80,2,2,1,0,1,0,39.0,39.0,voiture,deux_roues,3,1,1,1,2
202200030973,2022-08-29 02:05:00,2022,8,29,2,5,69,69386,Rue Duquesne,45.77235,4.84125,Nuit avec éclairage allumé,En agglomération,Intersection en T,Normale,Autre collision,4,2,4,3,1,1,1,0,1,50,1,2,1,0,0,1,,,voiture,,5,2,3,1,6
202200030974,2022-08-28 17:00:00,2022,8,28,17,0,69,69389,Rue Mouillard,45.78485,4.80588,Plein jour,En agglomération,Autre intersection,Normale,Deux véhicules - côté,4,2,2,0,1,1,1,0,1,50,2,2,0,0,0,2,12.0,29.0,deux_roues,deux_roues,1,2,9,1,3
202200030975,2022-08-27 10:20:00,2022,8,27,10,20,91,91689,RD 118,48.71479,2.33105,Plein jour,Hors agglomération,Giratoire,Normale,Sans collision,3,-1,1,0,1,2,1,0,1,30,1,1,0,0,0,1,37.0,,utilitaire_camion,,1,1,6,1,7
202200030976,2022-03-03 16:00:00,2022,3,3,16,0,38,38071,Avenue du Pavillon,45.080188,5.734901,Plein jour,En agglomération,Intersection en X,Normale,Deux véhicules - côté,7,2,2,0,1,3,1,0,1,50,2,2,0,0,1,1,65.0,76.0,voiture,utilitaire_camion,1,2,2,1,3
202200030977,2022-08-28 22:55:00,2022,8,28,22,55,76,76231,Rue du Général de Gaulle,49.28654,1.00965,Nuit avec éclairage allumé,En agglomération,Hors intersection,Normale,Autre collision,7,1,1,0,1,1,1,0,1,50,1,2,1,0,0,1,25.0,,voiture,,5,2,1,1,6
202200030978,2022-08-28 20:10:00,2022,8,28,20,10,69,69266,Rue Damon,45.76615,4.8707,Crépuscule ou aube,En agglomération,Hors intersection,Normale,Deux véhicules - côté,4,1,1,2,1,1,1,0,1,30,2,2,1,0,0,1,,23.0,autre,autre,2,2,1,1,3
202200030979,2022-08-28 16:40:00,2022,8,28,16,40,69,69286,Avenue de l'Europe,45.81258,4.89107,Plein jour,En agglomération,Intersection en X,Normale,Deux véhicules - côté,4,2,2,0,1,1,1,0,1,50,2,2,1,0,0,1,55.0,18.0,voiture,voiture,1,2,2,1,3
202200030980,2022-03-03 08:50:00,2022,3,3,8,50,65,65059,Haut de la cote,43.080557,0.16414,Plein jour,Hors agglomération,Hors intersection,Normale,Trois véhicules et plus - collisions multiples,3,2,2,0,2,3,1,0,1,80,3,3,1,0,0,2,36.0,76.0,voiture,voiture,1,1,1,1,5
202200030981,2022-08-28 17:05:00,2022,8,28,17,5,64,64445,avenue de la Résistance,43.30249,-0.37551,Plein jour,En agglomération,Intersection en X,Normale,Deux véhicules - côté,4,2,2,0,1,1,1,0,1,50,2,2,1,0,0,1,22.0,22.0,deux_roues,deux_roues,1,2,2,1,3
202200030982,2022-08-28 01:57:00,2022,8,28,1,57,64,64122,Avenue de Lahontine,43.47892,-1.5462,Nuit avec éclairage allumé,En agglomération,Hors intersection,Normale,Autre collision,4,2,1,0,2,1,1,0,4,50,1,1,0,0,0,1,32.0,,deux_roues,,5,2,1,1,6
202200030983,2022-08-28 18:05:00,2022,8,28,18,5,59,59512,HOMMELET (RUE DE L'),50.6975783869,3.182002455,Plein jour,En agglomération,Intersection en T,Normale,Autre collision,4,2,2,0,1,1,1,0,1,50,1,2,1,0,0,1,39.0,,voiture,,1,2,3,1,6
202200030984,2022-08-28 16:30:00,2022,8,28,16,30,59,59560,EPINETTE RUE DE L,50.55493,3.0586,Plein jour,En agglomération,Hors intersection,Normale,Deux véhicules - arrière,4,2,4,0,1,1,1,0,1,50,2,2,1,0,1,0,26.0,30.0,voiture,deux_roues,1,2,1,1,2
202200030985,2022-03-02 14:45:00,2022,3,2,14,45,86,86294,N149,46.646871,0.168201,Plein jour,En agglomération,Hors intersection,Normale,Deux véhicules - frontale,2,2,2,0,2,1,1,0,1,50,2,3,1,0,1,1,31.0,49.0,utilitaire_camion,voiture,1,2,1,1,1
202200030986,2022-08-28 22:00:00,2022,8,28,22,0,51,51506,Avenue du Président Roosevelt,48.9445012161,4.3867903948,Nuit sans éclairage public,En agglomération,Giratoire,Normale,Deux véhicules - côté,3,-1,2,0,1,2,1,0,1,50,2,2,1,0,0,1,19.0,,deux_roues,voiture,3,2,6,1,3
202200030987,2022-08-28 04:45:00,2022,8,28,4,45,37,37214,MAISONS BLANCHES (QUAI DES),47.3952644401,0.6554782391,Nuit avec éclairage allumé,En agglomération,Hors intersection,Normale,Autre collision,4,2,2,1,1,1,1,0,1,50,1,2,0,0,0,2,20.0,,deux_roues,,5,2,1,1,6
202200030988,2022-08-28 15:05:00,2022,8,28,15,5,37,37261,BERT (QUAI PAUL),47.4026120091,0.7112789154,Plein jour,En agglomération,Intersection en T,Normale,Autre collision,4,2,2,0,1,1,1,0,1,50,2,3,2,0,0,1,44.0,25.0,deux_roues,voiture,1,2,3,1,6
202200030989,2022-08-28 19:00:00,2022,8,28,19,0,33,33009,COTE D'ARGENT (BD) DU 48 AU 162,44.65288,-1.18687,Plein jour,En agglomération,Intersection en Y,Normale,Deux véhicules - arrière,4,2,2,0,1,1,1,0,1,50,2,2,1,0,0,1,28.0,16.0,voiture,deux_roues,1,2,4,1,2
202200030990,2022-03-04 14:50:00,2022,3,4,14,50,61,61076,intersection D908 D26,48.579516,0.026948,Plein jour,Hors agglomération,Intersection en X,Normale,Deux véhicules - côté,3,2,2,0,1,1,1,0,1,90,2,4,3,0,0,1,51.0,24.0,utilitaire_camion,voiture,1,1,2,1,3
202200030991,2022-08-28 14:00:00,2022,8,28,14,0,30,30007,FAUBOURG DU SOLEIL (RUE DU),44.11764,4.08067,Plein jour,En agglomération,Intersection en T,Normale,Deux véhicules - côté,4,2,2,0,1,1,1,0,1,50,2,2,1,0,0,1,53.0,58.0,voiture,deux_roues,1,2,3,1,3
202200030992,2022-08-28 21:30:00,2022,8,28,21,30,29,29039,Rue de Stang Ar Lin,47.8825428529,-3.9090160131,Nuit avec éclairage allumé,Hors agglomération,Autre intersection,Normale,Autre collision,4,2,2,0,2,1,1,0,3,70,1,1,0,0,0,1,54.0,,voiture,,5,1,9,1,6
202200030993,2022-03-03 20:30:00,2022,3,3,20,30,27,27099,D155,49.07906,1.179636,Nuit sans éclairage public,Hors agglomération,Hors intersection,Normale,Autre collision,3,2,3,0,2,1,1,0,1,80,1,2,1,0,0,1,54.0,,utilitaire_camion,,3,1,1,1,6