accident_id,datetime,annee,mois,jour,heure,minute,departement,commune_insee,adresse,latitude,longitude,luminosite,agglomeration,intersection,meteo,collision,catr,circ,nbv,vosp,prof,plan,surf,infra,situ,vma,nb_vehicules,nb_usagers,nb_indemnes,nb_tues,nb_blesses_hosp,nb_blesses_legers,age_cond_1,age_cond_2,veh_type_cond_1,veh_type_cond_2,lum_code,agg_code,int_code,atm_code,col_code
202200030994,2022-08-28 07:30:00,2022,8,28,7,30,29,29019,boulevard Montaigne,48.4043404547,-4.4793156981,Crépuscule ou aube,En agglomération,Hors intersection,Normale,Autre collision,4,-1,4,0,1,1,1,-1,1,50,1,2,1,0,0,1,21.0,,utilitaire_camion,,2,2,1,1,6
202200030995,2022-08-12 14:35:00,2022,8,12,14,35,15,15014,LESCUDILLIERS (BOULEVARD DE),44.91568,2.42951,Plein jour,En agglomération,Giratoire,Normale,Deux véhicules - côté,4,-1,2,0,1,3,1,0,1,50,2,2,1,0,0,1,70.0,49.0,deux_roues,voiture,1,2,6,1,3
202200030996,2022-08-27 15:15:00,2022,8,27,15,15,13,13210,CAPELETTE (AVENUE DE LA),43.28214,5.4041,Plein jour,En agglomération,Hors intersection,Normale,Deux véhicules - côté,4,2,2,0,1,1,1,0,1,50,2,2,1,0,0,1,69.0,29.0,voiture,voiture,1,2,1,1,3
202200030997,2022-08-27 14:50:00,2022,8,27,14,50,13,13001,GALICE (RTE DE),43.53033,5.4114,Plein jour,En agglomération,Hors intersection,Normale,Deux véhicules - frontale,7,1,2,0,1,1,1,0,1,50,1,3,0,1,2,0,25.0,,deux_roues,,1,2,1,1,1
202200030998,2022-03-02 08:20:00,2022,3,2,8,20,13,13071,A7-Sens Marseille vers Lyon,43.404,5.3419,Plein jour,Hors agglomération,Hors intersection,Normale,Trois véhicules et plus - en chaîne,1,1,4,0,1,1,1,0,1,110,4,4,3,0,0,1,34.0,42.0,voiture,voiture,1,1,1,1,4
202200030999,2022-08-28 19:40:00,2022,8,28,19,40,11,11069,270 Avenue du Général Leclerc,43.20724,2.3802,Crépuscule ou aube,En agglomération,Hors intersection,Temps éblouissant,Deux véhicules - côté,4,2,3,0,1,1,1,0,1,50,2,4,3,0,1,0,24.0,25.0,deux_roues,voiture,2,2,1,7,3
202200031000,2022-08-27 06:30:00,2022,8,27,6,30,05,05061,Avenue Guillaume Farel,44.55977,6.07521,Nuit avec éclairage allumé,En agglomération,Hors intersection,Normale,Autre collision,3,2,2,0,2,1,1,0,4,50,1,2,1,0,1,0,27.0,,voiture,,5,2,1,1,6
202200031001,2022-08-25 23:50:00,2022,8,25,23,50,04,04070,chaffaut ( route du ),44.06817,6.19623,Nuit avec éclairage allumé,En agglomération,Hors intersection,Normale,Sans collision,3,2,2,0,1,1,1,0,1,70,1,1,0,0,0,1,30.0,,deux_roues,,5,2,1,1,7
202200031002,2022-08-28 08:20:00,2022,8,28,8,20,75,75118,RUE DES POISSONNIERS,48.895756,2.352944,Plein jour,En agglomération,Hors intersection,Normale,Deux véhicules - côté,4,2,2,0,1,1,1,0,1,30,2,2,1,0,0,1,18.0,52.0,deux_roues,voiture,1,2,1,1,3
202200031003,2022-03-02 07:15:00,2022,3,2,7,15,13,13071,A7-Sens Marseille vers Lyon,43.40965,5.28575,Plein jour,Hors agglomération,Hors intersection,Normale,Trois véhicules et plus - en chaîne,1,1,3,0,1,1,1,0,1,110,4,4,3,0,0,1,20.0,36.0,voiture,utilitaire_camion,1,1,1,1,4
202200031004,2022-08-28 18:40:00,2022,8,28,18,40,75,75117,AVENUE DE CLICHY,48.889363,2.322318,Plein jour,En agglomération,Intersection en T,Normale,Autre collision,4,2,0,0,2,1,1,0,1,30,1,2,1,0,0,1,24.0,,deux_roues,,1,2,3,1,6
202200031005,2022-03-02 22:10:00,2022,3,2,22,10,69,69276,Autoroute 7,45.6639414222,4.8432326316,Nuit sans éclairage public,Hors agglomération,Hors intersection,Normale,Deux véhicules - arrière,1,3,6,0,1,1,1,0,1,110,2,2,1,0,0,1,39.0,36.0,voiture,voiture,3,1,1,1,2
202200031006,2022-08-28 07:25:00,2022,8,28,7,25,75,75115,BOULEVARD LEFEBVRE,48.831191,2.291865,Crépuscule ou aube,En agglomération,Intersection en T,Normale,Sans collision,4,1,1,1,2,1,1,-1,5,30,1,1,0,0,0,1,24.0,,deux_roues,,2,2,3,1,7
202200031007,2022-02-25 22:00:00,2022,2,25,22,0,69,69296,Autoroute 7,45.64737,4.83279,Nuit sans éclairage public,Hors agglomération,Hors intersection,Normale,Deux véhicules - côté,1,3,6,0,1,1,1,0,1,110,2,2,1,0,0,1,38.0,39.0,voiture,voiture,3,1,1,1,3
202200031008,2022-08-28 20:05:00,2022,8,28,20,5,75,75114,AVENUE DE LA PORTE DE CHATILLON,48.822918,2.315332,Crépuscule ou aube,En agglomération,Hors intersection,Normale,Deux véhicules - arrière,4,2,4,3,1,1,1,-1,6,50,2,2,1,0,0,1,57.0,62.0,transport_commun,deux_roues,2,2,1,1,2
202200031009,2022-08-28 14:50:00,2022,8,28,14,50,75,75112,AVENUE DAUMESNIL,48.846629,2.37671,Plein jour,En agglomération,Intersection en X,Normale,Autre collision,4,1,4,1,1,1,1,0,1,30,1,2,1,0,0,1,32.0,,voiture,,1,2,2,1,6
202200031010,2022-03-03 13:50:00,2022,3,3,13,50,33,33065,ROUTE NATIONALE 230,44.81134,-0.52297,Plein jour,Hors agglomération,Hors intersection,Normale,Deux véhicules - arrière,2,1,1,0,1,3,1,3,1,50,2,2,1,0,0,1,39.0,53.0,utilitaire_camion,voiture,1,1,1,1,2
202200031011,2022-08-28 11:45:00,2022,8,28,11,45,75,75112,COURS DES MARECHAUX,48.840625,2.438733,Plein jour,En agglomération,Intersection en T,Normale,Deux véhicules - côté,4,1,2,1,1,1,1,0,1,30,2,2,1,0,0,1,27.0,26.0,voiture,deux_roues,1,2,3,1,3
202200031012,2022-08-28 20:30:00,2022,8,28,20,30,75,75109,PLACE PIGALLE,48.882328,2.337036,Crépuscule ou aube,En agglomération,Place,Normale,Deux véhicules - côté,4,1,2,3,1,1,1,0,1,30,2,2,1,0,0,1,,35.0,deux_roues,deux_roues,2,2,7,1,3
202200031013,2022-08-28 18:10:00,2022,8,28,18,10,75,75101,BOULEVARD DE LA MADELEINE,48.869657,2.326458,Plein jour,En agglomération,Intersection en T,Normale,Sans collision,4,2,6,0,1,1,1,0,1,30,1,1,0,0,0,1,36.0,,deux_roues,,1,2,3,1,7
202200031014,2022-03-03 15:32:00,2022,3,3,15,32,91,91477,RD 444,48.725866,2.244796,Plein jour,Hors agglomération,Hors intersection,Normale,Trois véhicules et plus - en chaîne,3,1,3,0,1,1,1,0,1,70,3,6,2,0,1,3,39.0,55.0,voiture,utilitaire_camion,1,1,1,1,4
202200031015,2022-08-28 19:20:00,2022,8,28,19,20,94,94046,Avenue de la République,48.81012,2.45612,Plein jour,En agglomération,Hors intersection,Normale,Trois véhicules et plus - en chaîne,3,2,2,0,2,1,1,0,1,50,3,6,4,0,0,2,28.0,52.0,voiture,voiture,1,2,1,1,4
202200031016,2022-03-03 10:00:00,2022,3,3,10,0,91,91136,RN20,48.70589,2.28796,Plein jour,Hors agglomération,Hors intersection,Normale,Trois véhicules et plus - collisions multiples,2,3,2,0,2,1,1,3,1,90,3,3,2,0,0,1,24.0,27.0,deux_roues,voiture,1,1,1,1,5
202200031017,2022-08-28 11:30:00,2022,8,28,11,30,94,94041,Avenue Maurice Thorez,48.81472,2.37877,Plein jour,En agglomération,Hors intersection,Normale,Sans collision,3,1,2,1,2,1,1,0,5,50,2,3,2,0,0,1,46.0,36.0,deux_roues,voiture,1,2,1,1,7
202200031018,2022-08-28 05:00:00,2022,8,28,5,0,93,93078,Avenue Georges Clémenceau,48.9571365761,2.5594610479,Nuit avec éclairage allumé,En agglomération,Hors intersection,Normale,Autre collision,3,3,4,3,1,1,1,5,1,50,1,1,0,0,0,1,57.0,,voiture,,5,2,1,1,6
202200031019,2022-08-28 13:25:00,2022,8,28,13,25,92,92078,HAUT DE LA NOUE (RUE),48.9326896168,2.3266993761,Plein jour,En agglomération,Hors intersection,Normale,Deux véhicules - frontale,4,2,2,1,1,1,1,0,5,50,2,2,1,0,0,1,41.0,51.0,deux_roues,voiture,1,2,1,1,1
202200031020,2022-03-02 19:40:00,2022,3,2,19,40,94,94038,AUTOROUTE A6A,48.77337,2.34541,Nuit sans éclairage public,Hors agglomération,Hors intersection,Normale,Deux véhicules - côté,1,1,3,0,1,1,1,0,1,90,2,2,1,0,0,1,43.0,23.0,deux_roues,voiture,3,1,1,1,3
202200031021,2022-07-28 08:30:00,2022,7,28,8,30,974,97415,Rue Joseph Hubert,-21.05288,55.267239,Plein jour,En agglomération,Hors intersection,Normale,Deux véhicules - côté,3,2,2,0,1,1,1,0,1,50,2,2,1,0,1,0,31.0,36.0,deux_roues,voiture,1,2,1,1,3
202200031022,2022-03-01 17:00:00,2022,3,1,17,0,78,78640,A86 EXT,48.777404,2.221998,Plein jour,Hors agglomération,Hors intersection,Normale,Trois véhicules et plus - collisions multiples,1,3,4,0,1,1,1,0,1,70,3,4,2,0,0,2,58.0,43.0,voiture,voiture,1,1,1,1,5
202200031023,2022-08-28 21:18:00,2022,8,28,21,18,95,95445,A16,49.0993744392,2.2853145003,Nuit sans éclairage public,Hors agglomération,Hors intersection,Normale,Deux véhicules - arrière,1,3,4,0,2,1,1,0,1,110,2,6,5,0,0,1,22.0,37.0,voiture,voiture,3,1,1,1,2
202200031024,2022-08-28 16:00:00,2022,8,28,16,0,14,14404,D6,48.961201,-0.351992,Plein jour,Hors agglomération,Hors intersection,Normale,Sans collision,3,2,2,0,1,3,1,0,3,90,1,1,0,0,1,0,61.0,,deux_roues,,1,1,1,1,7
202200031025,2022-03-03 19:30:00,2022,3,3,19,30,60,60494,,49.127761,2.558155,Nuit sans éclairage public,Hors agglomération,Hors intersection,Normale,Autre collision,1,3,6,0,1,1,1,0,1,110,2,2,1,0,1,0,36.0,33.0,voiture,deux_roues,3,1,1,1,6
202200031026,2022-08-28 21:30:00,2022,8,28,21,30,38,38157,1648 Avenue Porte des Alpes,45.509468,4.969641,Nuit sans éclairage public,Hors agglomération,Hors intersection,Normale,Deux véhicules - frontale,3,2,2,0,1,1,1,0,1,70,2,2,0,0,0,2,22.0,76.0,voiture,voiture,3,1,1,1,1
202200031027,2022-08-29 01:30:00,2022,8,29,1,30,02,02340,,49.817261,3.276951,Nuit sans éclairage public,Hors agglomération,Hors intersection,Normale,Autre collision,1,3,4,0,1,1,1,0,1,130,1,1,0,0,0,1,57.0,,voiture,,3,1,1,1,6
202200031028,2022-08-29 19:20:00,2022,8,29,19,20,95,95487,RD 4,49.1534585123,2.258092761,Plein jour,En agglomération,Giratoire,Temps couvert,Sans collision,3,2,2,0,1,1,1,0,1,50,1,1,0,0,1,0,60.0,,voiture,,1,2,6,8,7
202200031029,2022-03-03 18:00:00,2022,3,3,18,0,93,93064,AUTOROUTE A86,48.8701776556,2.482584414,Plein jour,Hors agglomération,Hors intersection,Normale,Trois véhicules et plus - collisions multiples,1,3,6,0,1,1,1,0,1,90,3,4,2,0,0,2,23.0,44.0,deux_roues,deux_roues,1,1,1,1,5
202200031030,2022-08-27 17:50:00,2022,8,27,17,50,17,17098,D145,45.506527,-0.841527,Plein jour,Hors agglomération,Hors intersection,Normale,Sans collision,3,2,2,0,1,1,1,0,3,80,1,2,0,0,1,1,52.0,,deux_roues,,1,1,1,1,7
202200031031,2022-08-28 15:03:00,2022,8,28,15,3,28,28091,départementale 30 2,48.343222,1.195858,Plein jour,Hors agglomération,Hors intersection,Temps éblouissant,Autre collision,3,2,2,0,1,3,1,0,3,80,1,1,0,0,1,0,52.0,,deux_roues,,1,1,1,7,6
202200031032,2022-03-03 13:15:00,2022,3,3,13,15,93,93053,AUTOROUTE A3,48.88823,2.47385,Plein jour,Hors agglomération,Hors intersection,Normale,Sans collision,1,3,8,0,1,3,1,0,1,90,1,1,0,0,0,1,51.0,,deux_roues,,1,1,1,1,7
202200031033,2022-08-26 11:35:00,2022,8,26,11,35,28,28142,25 Rue Marcel Proust,48.295433,1.351677,Plein jour,En agglomération,Hors intersection,Normale,Autre collision,9,2,2,0,1,1,1,0,1,50,1,2,1,1,0,0,72.0,,voiture,,1,2,1,1,6
202200031034,2022-08-28 10:05:00,2022,8,28,10,5,972,97210,Quartier Dostaly,14.601686,-60.875893,Plein jour,En agglomération,Hors intersection,Normale,Deux véhicules - côté,2,2,2,0,2,1,1,0,1,70,2,2,1,0,1,0,46.0,64.0,deux_roues,autre,1,2,1,1,3
202200031035,2022-08-29 10:35:00,2022,8,29,10,35,35,35085,1 Avenue de la Liberation,48.411962,-1.746102,Plein jour,En agglomération,Giratoire,Temps éblouissant,Deux véhicules - côté,3,-1,2,0,1,2,1,0,1,50,2,2,1,0,1,0,68.0,58.0,voiture,deux_roues,1,2,6,7,3
202200031036,2022-08-27 18:15:00,2022,8,27,18,15,11,11067,Traverse de Villedaigne,43.227522,2.847015,Plein jour,En agglomération,Intersection en T,Normale,Deux véhicules - côté,3,2,2,0,1,1,1,0,1,50,2,2,1,0,0,1,47.0,17.0,voiture,deux_roues,1,2,3,1,3
202200031037,2022-08-28 04:45:00,2022,8,28,4,45,34,34239,"A750, PK 31+114, sens ST FELIX DE LODEZ/ MONTPELLIER",43.652355,3.530576,Nuit sans éclairage public,Hors agglomération,Hors intersection,Normale,Autre collision,1,3,4,0,1,2,1,0,3,130,1,2,0,0,1,1,21.0,,voiture,,3,1,1,1,6
202200031038,2022-08-27 18:55:00,2022,8,27,18,55,21,21373,D33,47.302472,4.804882,Plein jour,Hors agglomération,Hors intersection,Normale,Deux véhicules - frontale,3,2,2,0,1,1,1,0,1,80,2,2,0,2,0,0,77.0,32.0,voiture,voiture,1,1,1,1,1
202200031039,2022-08-28 19:10:00,2022,8,28,19,10,19,19269,Avenue Edmond Michelet,45.536404,1.80069,Plein jour,Hors agglomération,Autre intersection,Normale,Deux véhicules - côté,3,2,2,0,2,2,1,0,1,50,2,2,1,0,1,0,60.0,25.0,deux_roues,utilitaire_camion,1,1,9,1,3
202200031040,2022-08-28 10:30:00,2022,8,28,10,30,56,56175,D17,47.723195,-2.91319,Plein jour,Hors agglomération,Intersection en Y,Normale,Deux véhicules - arrière,3,2,2,0,1,1,1,0,1,80,2,2,1,0,1,0,46.0,25.0,deux_roues,voiture,1,1,4,1,2
202200031041,2022-08-24 10:45:00,2022,8,24,10,45,74,74065,Route de st julien en genevois- D992,46.030628,5.964746,Plein jour,En agglomération,Intersection en T,Normale,Autre collision,3,2,2,0,1,1,1,0,1,-1,1,1,0,0,1,0,63.0,,deux_roues,,1,2,3,1,6
202200031042,2022-08-29 18:05:00,2022,8,29,18,5,76,76312,Boulevard Montmorency,49.48146,1.721474,Plein jour,En agglomération,Hors intersection,Normale,Autre collision,3,2,1,0,1,1,1,0,1,50,1,2,1,0,1,0,19.0,,voiture,,1,2,1,1,6
202200031043,2022-08-28 19:35:00,2022,8,28,19,35,82,82081,D14,43.95441,1.102597,Plein jour,En agglomération,Hors intersection,Normale,Autre collision,3,2,2,0,1,1,1,0,3,50,1,2,0,0,1,1,24.0,,deux_roues,,1,2,1,1,6
202200031044,2022-08-28 10:24:00,2022,8,28,10,24,71,71264,route du pont de cote,46.467187,4.670112,Plein jour,Hors agglomération,Hors intersection,Normale,Deux véhicules - frontale,3,2,2,0,1,1,1,0,1,80,2,2,1,0,1,0,45.0,25.0,voiture,voiture,1,1,1,1,1
202200031045,2022-08-28 20:00:00,2022,8,28,20,0,61,61476,La Mare Jaune,48.3502,0.410558,Plein jour,Hors agglomération,Intersection en X,Normale,Deux véhicules - côté,3,2,2,0,1,1,1,0,1,90,2,5,3,0,2,0,20.0,51.0,voiture,deux_roues,1,1,2,1,3
202200031046,2022-08-28 07:00:00,2022,8,28,7,0,12,12154,Cantapoule,43.880124,2.805773,Plein jour,Hors agglomération,Hors intersection,Normale,Deux véhicules - frontale,3,2,2,0,2,1,1,0,1,90,2,5,1,0,4,0,67.0,29.0,voiture,voiture,1,1,1,1,1
202200031047,2022-08-28 10:35:00,2022,8,28,10,35,42,42249,1960 Route de Neronde,45.874313,4.234532,Plein jour,Hors agglomération,Hors intersection,Normale,Deux véhicules - côté,3,2,2,0,2,3,1,0,1,80,2,2,1,0,1,0,60.0,61.0,voiture,deux_roues,1,1,1,1,3
202200031048,2022-08-29 17:15:00,2022,8,29,17,15,25,25512,Av du Mal de Lattre de Tassigny,47.163298,6.728774,Plein jour,En agglomération,Autre intersection,Normale,Deux véhicules - côté,6,-1, -1,0,1,1,9,0,3,50,2,4,3,0,0,1,14.0,29.0,deux_roues,voiture,1,2,9,1,3
202200031049,2022-08-28 01:48:00,2022,8,28,1,48,35,35264,,48.087632,-1.356164,Nuit sans éclairage public,Hors agglomération,Hors intersection,Normale,Autre collision,2,3,4,0,1,1,1,0,1,110,1,1,0,1,0,0,28.0,,deux_roues,,3,1,1,1,6
202200031050,2022-08-28 20:55:00,2022,8,28,20,55,29,29173,77 Rue Laennec,48.018736,-4.213471,Nuit avec éclairage allumé,En agglomération,Giratoire,Normale,Deux véhicules - côté,4,2,2,0,1,1,1,0,1,50,2,2,0,0,2,0,17.0,17.0,deux_roues,deux_roues,5,2,6,1,3
202200031051,2022-08-28 16:00:00,2022,8,28,16,0,03,03227,D6,46.228867,3.338749,Plein jour,Hors agglomération,Hors intersection,Normale,Sans collision,3,2,2,0,1,1,1,0,3,90,2,3,2,0,0,1,65.0,34.0,voiture,utilitaire_camion,1,1,1,1,7
202200031052,2022-08-26 22:10:00,2022,8,26,22,10,03,03110,Route de Banelle,46.1272,3.2923,Nuit sans éclairage public,Hors agglomération,Hors intersection,Normale,Sans collision,3,2,2,0,4,1,1,0,8,90,1,1,0,0,0,1,26.0,,voiture,,3,1,1,1,7
202200031053,2022-08-28 08:45:00,2022,8,28,8,45,58,58295,RUE DES LEVÉES (D 247),47.323869,2.933698,Plein jour,Hors agglomération,Hors intersection,Temps éblouissant,Deux véhicules - côté,3,2,2,0,2,1,1,2,1,80,2,2,1,1,0,0,58.0,70.0,voiture,utilitaire_camion,1,1,1,7,3
202200031054,2022-08-23 16:00:00,2022,8,23,16,0,54,54344,Piste Cyclable,48.454235704,6.2921565779,Plein jour,Hors agglomération,Hors intersection,Normale,Sans collision,9,2,1,1,1,1,1,0,5,-1,1,2,0,0,1,1,74.0,,deux_roues,,1,1,1,1,7
202200031055,2022-08-29 22:28:00,2022,8,29,22,28,54,54198,D15,49.262932,5.828714,Crépuscule ou aube,Hors agglomération,Hors intersection,Normale,Autre collision,3,2,2,0,2,2,1,0,8,80,1,1,0,0,1,0,28.0,,voiture,,2,1,1,1,6
202200031056,2022-08-27 14:20:00,2022,8,27,14,20,72,72176,Boulevard Paul Doumer,47.6415187034,0.1602745054,Plein jour,En agglomération,Hors intersection,Normale,Deux véhicules - arrière,3,2,2,0,1,1,1,0,1,50,2,2,1,0,0,1,41.0,15.0,voiture,deux_roues,1,2,1,1,2
202200031057,2022-08-28 20:00:00,2022,8,28,20,0,72,72386,D314,48.01209,0.278542,Plein jour,Hors agglomération,Hors intersection,Normale,Sans collision,3,1,1,0,2,1,1,0,1,70,1,1,0,0,1,0,44.0,,deux_roues,,1,1,1,1,7
202200031058,2022-08-23 19:45:00,2022,8,23,19,45,06,06127,Route de la Colmiane,44.08834,7.250118,Plein jour,Hors agglomération,Hors intersection,Normale,Sans collision,9,2,2,0,2,3,1,0,8,-1,1,1,0,0,1,0,33.0,,deux_roues,,1,1,1,1,7
202200031059,2022-08-28 13:00:00,2022,8,28,13,0,45,45145,D33 PR2+650,48.103761443,2.8257761986,Plein jour,Hors agglomération,Hors intersection,Normale,Sans collision,3,2,2,0,1,2,1,0,3,90,1,1,0,0,1,0,41.0,,deux_roues,,1,1,1,1,7
202200031060,2022-08-27 22:30:00,2022,8,27,22,30,18,18129,,46.977149,2.352533,Plein jour,Hors agglomération,Hors intersection,Normale,Deux véhicules - arrière,3,2,2,0,1,1,1,0,1,80,2,2,1,1,0,0,16.0,26.0,deux_roues,voiture,1,1,1,1,2
202200031061,2022-08-28 15:00:00,2022,8,28,15,0,37,37250,2 Lassy,47.2280275578,0.6763699651,Plein jour,Hors agglomération,Hors intersection,Normale,Autre collision,4,2,2,0,1,1,1,0,1,50,1,1,0,0,1,0,48.0,,voiture,,1,1,1,1,6
202200031062,2022-08-29 09:10:00,2022,8,29,9,10,30,30212,40bis Avenue Geoffroy Perret,43.938743,4.562447,Plein jour,En agglomération,Hors intersection,Normale,Autre collision,3,2,2,0,1,1,1,9,1,50,1,2,1,1,0,0,88.0,,voiture,,1,2,1,1,6
202200031063,2022-08-28 20:00:00,2022,8,28,20,0,30,30218,"D51, PK2",44.23925,4.27542,Plein jour,Hors agglomération,Hors intersection,Normale,Deux véhicules - frontale,3,2,2,0,1,1,1,0,1,-1,2,6,1,0,1,4,19.0,23.0,voiture,voiture,1,1,1,1,1
202200031064,2022-08-28 15:45:00,2022,8,28,15,45,48,48178,route nationale 106,44.282278,3.823548,Plein jour,Hors agglomération,Hors intersection,Normale,Deux véhicules - côté,2,2,3,0,2,3,1,0,1,90,2,2,1,0,1,0,30.0,50.0,deux_roues,deux_roues,1,1,1,1,3
202200031065,2022-08-28 20:30:00,2022,8,28,20,30,88,88121,Route de Moriville,48.394197,6.45385,Crépuscule ou aube,Hors agglomération,Hors intersection,Normale,Autre collision,4,-1,1,0,1,1,1,9,1,-1,1,1,0,1,0,0,18.0,,deux_roues,,2,1,1,1,6
202200031066,2022-08-26 18:35:00,2022,8,26,18,35,69,69244,Avenue du 8 Mai 1945,45.760398,4.770185,Plein jour,En agglomération,Intersection en X,Normale,Autre collision,4,2,2,0,1,2,1,0,1,30,1,2,1,0,0,1,75.0,,voiture,,1,2,2,1,6
202200031067,2022-08-27 01:45:00,2022,8,27,1,45,86,86158,A10,46.627876,0.350833,Nuit avec éclairage allumé,Hors agglomération,Hors intersection,Normale,Deux véhicules - arrière,1,3,2,0,1,1,1,0,1,130,2,4,1,0,2,1,49.0,26.0,utilitaire_camion,voiture,5,1,1,1,2
202200031068,2022-03-05 23:40:00,2022,3,5,23,40,63,63113,"a711, pk 000.500",45.776847,3.132091,Nuit sans éclairage public,Hors agglomération,Hors intersection,Normale,Deux véhicules - arrière,1,-1,4,0,1,1,1,0,1,110,2,2,1,0,0,1,32.0,23.0,voiture,voiture,3,1,1,1,2
202200031069,2022-08-27 07:55:00,2022,8,27,7,55,45,45075,A10 PK 99+553,47.89947,1.836562,Plein jour,Hors agglomération,Hors intersection,Normale,Deux véhicules - arrière,1,3,6,0,1,1,1,8,1,90,2,5,2,0,1,2,29.0,46.0,voiture,voiture,1,1,1,1,2
202200031070,2022-08-28 15:50:00,2022,8,28,15,50,988,98808,lieu-dit Pentecost,-21.28424,165.66619,Plein jour,Hors agglomération,Hors intersection,Normale,Sans collision,3,-1,2,0,1,3,1,0,3,110,1,2,1,0,1,0,28.0,,voiture,,1,1,1,1,7
202200031071,2022-08-28 19:10:00,2022,8,28,19,10,2B,2B034,Résidence les Terrasses de Lozari,42.636354,9.021202,Plein jour,Hors agglomération,Hors intersection,Normale,Sans collision,3,2,2,0,1,1,1,0,1,80,1,2,0,0,0,2,52.0,,deux_roues,,1,1,1,1,7
202200031072,2022-08-28 16:20:00,2022,8,28,16,20,84,84122,Route d'Orange,44.094713,4.948965,Plein jour,Hors agglomération,Hors intersection,Normale,Autre collision,3,2,2,0,1,3,1,0,1,80,2,4,2,0,1,1,66.0,16.0,voiture,voiture,1,1,1,1,6
202200031073,2022-08-28 23:35:00,2022,8,28,23,35,83,83037,Départemenale 5,43.365126,5.974674,Nuit sans éclairage public,Hors agglomération,Hors intersection,Normale,Autre collision,3,2,2,0,2,1,1,0,3,80,1,2,0,1,1,0,39.0,,voiture,,3,1,1,1,6
202200031074,2022-08-29 14:50:00,2022,8,29,14,50,05,05070,D1075,44.325828,5.792971,Plein jour,Hors agglomération,Hors intersection,Normale,Deux véhicules - frontale,3,2,2,0,1,3,1,0,1,90,2,4,2,0,1,1,64.0,52.0,voiture,utilitaire_camion,1,1,1,1,1
202200031075,2022-08-28 15:20:00,2022,8,28,15,20,13,13081,route départementale 20,43.478662,5.230876,Plein jour,Hors agglomération,Hors intersection,Normale,Sans collision,7,2,2,0,1,1,1,0,1,90,1,1,0,0,1,0,25.0,,deux_roues,,1,1,1,1,7
202200031076,2022-08-28 17:30:00,2022,8,28,17,30,65,65320,RD 28 - rue de la gare (carrefour avec rue du professeur Jean Cuille),43.128594,0.114439,Plein jour,En agglomération,Intersection en T,Normale,Deux véhicules - côté,3,2,2,0,1,1,1,0,1,50,2,3,2,0,0,1,19.0,,voiture,autre,1,2,3,1,3
202200031077,2022-08-24 02:30:00,2022,8,24,2,30,56,56167,26 Rue Georges Cadoudal,47.65597117,-2.918869704,Nuit avec éclairage non allumé,En agglomération,Intersection en Y,Normale,Sans collision,4,2,2,0,1,1,1,0,1,50,1,4,0,0,0,4,18.0,,voiture,,4,2,4,1,7
202200031078,2022-08-29 07:39:00,2022,8,29,7,39,60,60103,D931,49.41245,2.217487,Crépuscule ou aube,Hors agglomération,Intersection en X,Normale,Deux véhicules - côté,2,1, -1,-1,1,1,1,3,1,-1,2,2,1,0,0,1,50.0,22.0,deux_roues,voiture,2,1,2,1,3
202200031079,2022-08-26 17:20:00,2022,8,26,17,20,13,13210,A50-Sens Aubagne vers Marseille,43.28268,5.39514,Plein jour,Hors agglomération,Hors intersection,Normale,Deux véhicules - côté,1,1,2,0,1,1,1,3,1,70,2,2,1,0,0,1,42.0,20.0,voiture,voiture,1,1,1,1,3
202200031080,2022-08-27 04:26:00,2022,8,27,4,26,42,42123,A47,45.514171,4.572139,Nuit sans éclairage public,Hors agglomération,Hors intersection,Normale,Deux véhicules - frontale,1,3,4,0,1,2,1,0,1,90,2,3,0,3,0,0,66.0,18.0,voiture,voiture,3,1,1,1,1
202200031081,2022-08-27 18:50:00,2022,8,27,18,50,91,91347,RN 104,48.62294,2.28769,Plein jour,Hors agglomération,Hors intersection,Normale,Trois véhicules et plus - en chaîne,2,3,4,0,1,1,1,0,1,110,3,6,2,0,0,4,18.0,44.0,voiture,voiture,1,1,1,1,4
202200031082,2022-08-28 20:09:00,2022,8,28,20,9,93,93066,AUTOROUTE A1,48.9103383362,2.3582601057,Plein jour,Hors agglomération,Hors intersection,Normale,Deux véhicules - arrière,1,3,4,0,1,1,1,1,1,90,2,3,1,0,0,2,20.0,73.0,deux_roues,voiture,1,1,1,1,2
202200031083,2022-08-28 18:00:00,2022,8,28,18,0,93,93064,AUTOROUTE A86,48.8845803844,2.4698601413,Plein jour,Hors agglomération,Hors intersection,Normale,Deux véhicules - côté,1,1,3,0,1,1,1,0,1,70,2,2,1,0,0,1,22.0,23.0,deux_roues,voiture,1,1,1,1,3
202200031084,2022-08-28 16:15:00,2022,8,28,16,15,93,93005,AUTOROUTE A104,48.972271,2.495467,Plein jour,Hors agglomération,Hors intersection,Normale,Deux véhicules - arrière,1,1,2,0,2,2,1,0,1,70,2,2,1,0,0,1,32.0,,deux_roues,voiture,1,1,1,1,2
202200031085,2022-08-28 08:30:00,2022,8,28,8,30,95,95424, A15,48.9892140943,2.2006800771,Plein jour,Hors agglomération,Hors intersection,Normale,Deux véhicules - arrière,1,3,6,0,1,1,1,0,1,110,2,3,1,0,0,2,22.0,52.0,voiture,utilitaire_camion,1,1,1,1,2