accident_id,datetime,annee,mois,jour,heure,minute,departement,commune_insee,adresse,latitude,longitude,luminosite,agglomeration,intersection,meteo,collision,catr,circ,nbv,vosp,prof,plan,surf,infra,situ,vma,nb_vehicules,nb_usagers,nb_indemnes,nb_tues,nb_blesses_hosp,nb_blesses_legers,age_cond_1,age_cond_2,veh_type_cond_1,veh_type_cond_2,lum_code,agg_code,int_code,atm_code,col_code
202200031086,2022-08-28 18:00:00,2022,8,28,18,0,94,94042,A4,48.82808,2.47351,Plein jour,Hors agglomération,Hors intersection,Normale,Deux véhicules - arrière,1,3,4,0,1,1,1,0,1,90,2,2,1,0,0,1,38.0,76.0,voiture,voiture,1,1,1,1,2
202200031087,2022-04-12 11:51:00,2022,4,12,11,51,75,75118,RUE DE L EVANGILE,48.89449,2.366475,Plein jour,En agglomération,Intersection en T,Normale,Deux véhicules - côté,4,1,2,0,1,1,1,0,1,30,2,3,1,0,0,2,31.0,29.0,voiture,deux_roues,1,2,3,1,3
202200031088,2022-04-12 12:30:00,2022,4,12,12,30,75,75117,RUE LAUGIER,48.88046,2.29646,Plein jour,En agglomération,Intersection en X,Normale,Autre collision,4,2,2,0,1,1,1,0,1,30,1,2,1,0,0,1,58.0,,voiture,,1,2,2,1,6
202200031089,2022-04-11 21:00:00,2022,4,11,21,0,75,75116,AVENUE FOCH,48.871599,2.279303,Nuit avec éclairage allumé,En agglomération,Intersection en T,Normale,Deux véhicules - arrière,4,1,1,0,1,1,1,0,1,30,2,2,1,0,0,1,48.0,34.0,deux_roues,deux_roues,5,2,3,1,2
202200031090,2022-04-12 08:45:00,2022,4,12,8,45,75,75114,AVENUE GEORGES LAFENESTRE,48.82602,2.312553,Plein jour,En agglomération,Intersection en X,Normale,Autre collision,4,2,4,0,1,1,1,0,1,50,1,2,1,0,0,1,56.0,,deux_roues,,1,2,2,1,6
202200031091,2022-04-12 19:10:00,2022,4,12,19,10,75,75113,BOULEVARD MASSENA,48.8240473935,2.377024591,Plein jour,En agglomération,Intersection en X,Normale,Deux véhicules - arrière,4,3,3,0,2,1,1,0,1,30,2,2,1,0,0,1,21.0,20.0,deux_roues,deux_roues,1,2,2,1,2
202200031092,2022-04-11 15:00:00,2022,4,11,15,0,75,75113,QUAI D AUSTERLITZ,48.837596,2.373639,Crépuscule ou aube,En agglomération,Intersection en X,Normale,Deux véhicules - côté,4,2,6,1,1,1,1,0,5,30,2,2,1,0,0,1,34.0,26.0,voiture,deux_roues,2,2,2,1,3
202200031093,2022-04-12 09:55:00,2022,4,12,9,55,75,75111,RUE DE LA FONTAINE AU ROI,48.868475,2.369759,Plein jour,En agglomération,Intersection en Y,Normale,Deux véhicules - côté,4,2,2,0,1,1,1,0,1,30,2,2,1,0,0,1,48.0,61.0,deux_roues,voiture,1,2,4,1,3
202200031094,2022-04-12 17:20:00,2022,4,12,17,20,75,75110,BOULEVARD DE MAGENTA,48.8794099859,2.353258878,Plein jour,En agglomération,Intersection en Y,Normale,Autre collision,4,2,5,1,1,1,1,-1,5,30,1,2,1,0,0,1,25.0,,deux_roues,,1,2,4,1,6
202200031095,2022-04-12 16:00:00,2022,4,12,16,0,75,75110,BOULEVARD DE MAGENTA,48.8755497394,2.3567222804,Plein jour,En agglomération,Intersection en Y,Normale,Deux véhicules - côté,4,2,5,0,1,1,1,0,1,30,2,2,1,0,0,1,19.0,34.0,deux_roues,voiture,1,2,4,1,3
202200031096,2022-04-10 04:20:00,2022,4,10,4,20,75,75103,BOULEVARD DE SEBASTOPOL,48.869315,2.35426,Nuit avec éclairage allumé,En agglomération,Intersection en X,Normale,Deux véhicules - côté,4,2,5,0,1,1,1,0,1,30,2,2,1,0,0,1,35.0,30.0,voiture,deux_roues,5,2,2,1,3
202200031097,2022-04-12 09:35:00,2022,4,12,9,35,75,75109,RUE DE LONDRES,48.877838287,2.3270134628,Plein jour,En agglomération,Intersection à plus de 4 branches,Normale,Autre collision,4,1,2,0,1,1,1,0,1,30,1,2,1,0,0,1,34.0,,deux_roues,,1,2,5,1,6
202200031098,2022-04-12 18:10:00,2022,4,12,18,10,75,75103,PLACE DE LA REPUBLIQUE,48.8673854982,2.3633171618,Plein jour,En agglomération,Place,Normale,Deux véhicules - côté,4,2,7,1,1,1,1,-1,5,30,2,2,1,0,0,1,35.0,36.0,deux_roues,voiture,1,2,7,1,3
202200031099,2022-04-12 17:20:00,2022,4,12,17,20,75,75102,BOULEVARD DE SEBASTOPOL,48.8670602653,2.3528417945,Plein jour,En agglomération,Intersection en X,Normale,Deux véhicules - côté,4,2,5,1,1,1,1,-1,5,30,2,2,1,0,0,1,,27.0,utilitaire_camion,deux_roues,1,2,2,1,3
202200031100,2022-01-22 10:10:00,2022,1,22,10,10,25,25462,CRETIN (PLACE),46.904513,6.356587,Plein jour,En agglomération,Hors intersection,Normale,Trois véhicules et plus - en chaîne,3,2,2,0,1,1,1,0,1,30,3,4,3,0,0,1,40.0,52.0,voiture,voiture,1,2,1,1,4
202200031101,2022-04-11 19:56:00,2022,4,11,19,56,75,75104,RUE SAINT ANTOINE,48.85507,2.361663,Plein jour,En agglomération,Intersection en T,Normale,Autre collision,4,2,4,1,1,1,1,0,1,30,1,2,1,0,0,1,58.0,,deux_roues,,1,2,3,1,6
202200031102,2022-01-23 04:15:00,2022,1,23,4,15,25,25056,FRANOIS ROUTE DE,47.2211,5.9564,Nuit avec éclairage allumé,En agglomération,Giratoire,Normale,Autre collision,3,2,2,0,2,3,7,0,1,50,1,1,0,0,0,1,48.0,,voiture,,5,2,6,1,6
202200031103,2022-04-11 13:15:00,2022,4,11,13,15,94,94028,Avenue du Général de Gaulle,48.7918,2.4459,Plein jour,En agglomération,Hors intersection,Normale,Deux véhicules - arrière,3,1,2,0,1,1,1,0,1,50,2,2,1,0,0,1,22.0,55.0,voiture,voiture,1,2,1,1,2
202200031104,2022-01-23 11:40:00,2022,1,23,11,40,22,22187,BARBUSSE (Avenue Henri),48.5496,-2.77267,Plein jour,En agglomération,Hors intersection,Temps couvert,Sans collision,4,2,2,0,2,1,1,0,1,50,4,4,2,0,0,2,21.0,19.0,deux_roues,deux_roues,1,2,1,8,7
202200031105,2022-01-21 15:45:00,2022,1,21,15,45,22,22113,DE BROGLIE (RUE DE),48.757825,-3.461351,Plein jour,En agglomération,Hors intersection,Normale,Sans collision,4,2,2,0,1,1,8,0,1,30,1,1,0,0,0,1,16.0,,deux_roues,,1,2,1,1,7
202200031106,2022-01-23 18:30:00,2022,1,23,18,30,16,16341,LIBERTE (AVENUE DE LA),45.63913,0.10356,Nuit avec éclairage allumé,En agglomération,Hors intersection,Normale,Deux véhicules - côté,3,2,2,0,1,1,1,0,1,50,2,2,1,0,0,1,23.0,50.0,voiture,deux_roues,5,2,1,1,3
202200031107,2022-04-11 18:49:00,2022,4,11,18,49,94,94033,Rue Gabriel Péri / Avenue Parmentier,48.85354,2.4524,Crépuscule ou aube,En agglomération,Intersection en X,Normale,Deux véhicules - côté,4,1,1,0,1,1,1,9,1,50,2,2,1,0,0,1,19.0,37.0,voiture,deux_roues,2,2,2,1,3
202200031108,2022-01-23 20:30:00,2022,1,23,20,30,13,13212,PIERRE CHEVALIER (avenue),43.2944731731,5.4278012639,Nuit avec éclairage allumé,En agglomération,Hors intersection,Normale,Deux véhicules - frontale,4,1,2,0,2,1,1,5,1,50,1,2,1,0,0,1,44.0,,voiture,,5,2,1,1,1
202200031109,2022-04-10 23:00:00,2022,4,10,23,0,94,94059,56 Avenue de la Maréchale,48.81657,2.56819,Nuit avec éclairage allumé,En agglomération,Hors intersection,Normale,Deux véhicules - arrière,4,2,2,0,1,1,1,0,1,50,2,4,3,0,0,1,36.0,57.0,voiture,voiture,5,2,1,1,2
202200031110,2022-01-23 13:15:00,2022,1,23,13,15,13,13203,STRASBOURG (BOULEVARD),43.3071350951,5.3752069999,Plein jour,En agglomération,Intersection en T,Normale,Deux véhicules - côté,4,2,4,0,1,1,1,0,1,50,2,2,1,0,0,1,52.0,54.0,voiture,voiture,1,2,3,1,3
202200031111,2022-06-18 05:10:00,2022,6,18,5,10,69,69296,Autoroute 7,45.652662,4.8373189,Crépuscule ou aube,Hors agglomération,Hors intersection,Normale,Autre collision,1,3,6,0,1,1,1,0,1,110,1,5,4,1,0,0,22.0,,voiture,,2,1,1,1,6
202200031112,2022-04-12 11:00:00,2022,4,12,11,0,93,93071,Place de la Gare Sevran,48.935871,2.534594,Plein jour,En agglomération,Hors intersection,Normale,Autre collision,4,1,1,0,1,2,1,9,4,30,1,2,1,0,0,1,61.0,,voiture,,1,2,1,1,6
202200031113,2022-01-23 15:15:00,2022,1,23,15,15,13,13005,NATIONALE 8 DE PARIS A TOULON (ROUTE),43.2821080197,5.6042001563,Plein jour,Hors agglomération,Giratoire,Normale,Deux véhicules - arrière,3,3,4,0,1,3,1,9,1,90,2,2,1,0,0,1,22.0,33.0,voiture,deux_roues,1,1,6,1,2
202200031114,2022-01-23 23:10:00,2022,1,23,23,10,13,13004,RTE D EYGUIERES,43.664,4.7105,Nuit sans éclairage public,Hors agglomération,Hors intersection,Normale,Autre collision,3,2,2,0,1,1,1,0,1,80,1,1,0,0,0,1,19.0,,voiture,,3,1,1,1,6
202200031115,2022-04-12 12:42:00,2022,4,12,12,42,93,93062,7 Place du General de Gaulle,48.8904201652,2.5116167665,Plein jour,En agglomération,Hors intersection,Normale,Deux véhicules - côté,3,2,3,0,1,1,1,0,1,30,2,2,1,0,0,1,42.0,20.0,voiture,deux_roues,1,2,1,1,3
202200031116,2022-01-23 08:07:00,2022,1,23,8,7,06,06029,DELATTRE DE TASSIGNY (RUE),43.564317,7.007264,Plein jour,En agglomération,Hors intersection,Normale,Deux véhicules - frontale,4,2,2,0,2,2,1,0,1,50,2,3,1,0,0,2,76.0,49.0,voiture,voiture,1,2,1,1,1
202200031117,2022-06-19 19:50:00,2022,6,19,19,50,33,33013,ROUTE NATIONALE 89,44.8688,-0.50136,Plein jour,Hors agglomération,Hors intersection,Normale,Trois véhicules et plus - en chaîne,2,3,4,0,1,1,1,0,1,90,3,8,6,0,0,2,27.0,49.0,voiture,voiture,1,1,1,1,4
202200031118,2022-04-12 14:10:00,2022,4,12,14,10,93,93055,Avenue Édouard Vaillant / Rue Lapérouse,48.90112,2.39445,Plein jour,En agglomération,Intersection en T,Normale,Deux véhicules - côté,3,2,2,0,1,1,1,0,1,30,2,2,1,0,0,1,15.0,54.0,deux_roues,voiture,1,2,3,1,3
202200031119,2022-01-22 15:30:00,2022,1,22,15,30,75,75112,PORTE DE CHARENTON,48.830171,2.402188,Plein jour,En agglomération,Hors intersection,Normale,Deux véhicules - arrière,4,1,4,0,1,1,1,0,1,70,2,2,1,0,0,1,45.0,41.0,voiture,deux_roues,1,2,1,1,2
202200031120,2022-06-19 18:50:00,2022,6,19,18,50,33,33487,AUTOROUTE A 10,44.9494,-0.46601,Plein jour,Hors agglomération,Hors intersection,Normale,Sans collision,1,1,2,0,1,2,1,3,1,50,1,1,0,0,0,1,43.0,,deux_roues,,1,1,1,1,7
202200031121,2022-04-12 16:50:00,2022,4,12,16,50,93,93029,Avenue de la Jumelle,48.91561,2.46254,Plein jour,En agglomération,Hors intersection,Normale,Deux véhicules - côté,4,2,2,0,1,1,1,0,1,50,2,2,1,0,0,1,57.0,13.0,utilitaire_camion,deux_roues,1,2,1,1,3
202200031122,2022-01-23 04:50:00,2022,1,23,4,50,75,75118,AVENUE DE LA PORTE DE CLIGNANCOURT,48.900712,2.344228,Nuit avec éclairage allumé,En agglomération,Intersection en X,Normale,Deux véhicules - côté,4,1,2,0,1,1,1,0,1,30,2,2,1,0,0,1,,36.0,voiture,deux_roues,5,2,2,1,3
202200031123,2022-04-11 19:50:00,2022,4,11,19,50,93,93029,Rue Jean Pierre Timbaud,48.92475,2.44106,Crépuscule ou aube,En agglomération,Hors intersection,Normale,Autre collision,4,2,2,0,1,1,1,0,1,50,1,2,1,0,0,1,24.0,,utilitaire_camion,,2,2,1,1,6
202200031124,2022-01-23 13:45:00,2022,1,23,13,45,75,75116,AVENUE KLEBER,48.864135,2.288208,Plein jour,En agglomération,Hors intersection,Normale,Deux véhicules - côté,4,3,2,0,1,1,1,0,1,50,2,2,1,0,0,1,30.0,58.0,deux_roues,voiture,1,2,1,1,3
202200031125,2022-06-19 18:45:00,2022,6,19,18,45,91,91468,AUTOROUTE A6,48.57498,2.46616,Plein jour,Hors agglomération,Hors intersection,Normale,Trois véhicules et plus - en chaîne,1,1,3,0,1,1,1,0,1,110,4,4,3,0,0,1,23.0,65.0,voiture,voiture,1,1,1,1,4
202200031126,2022-04-12 20:00:00,2022,4,12,20,0,93,93010,Rue Edouard Vaillant,48.894628,2.491725,Plein jour,En agglomération,Hors intersection,Normale,Autre collision,4,2,2,0,1,1,1,0,1,30,1,2,1,0,0,1,27.0,,voiture,,1,2,1,1,6
202200031127,2022-06-18 06:21:00,2022,6,18,6,21,78,78402,A13,48.964963,1.801993,Crépuscule ou aube,Hors agglomération,Hors intersection,Normale,Autre collision,1,1,3,0,1,1,1,0,1,130,1,1,0,0,0,1,25.0,,voiture,,2,1,1,1,6
202200031128,2022-01-23 03:45:00,2022,1,23,3,45,75,75115,RUE CAMBRONNE,48.840425,2.304277,Nuit avec éclairage allumé,En agglomération,Intersection en X,Normale,Deux véhicules - côté,4,2,2,1,1,1,1,0,1,30,2,3,2,0,0,1,27.0,24.0,voiture,deux_roues,5,2,2,1,3
202200031129,2022-04-12 16:32:00,2022,4,12,16,32,93,93057,Avenue de Rome,48.915374,2.500102,Plein jour,En agglomération,Hors intersection,Normale,Autre collision,3,2,2,0,1,1,1,0,1,30,1,2,1,0,0,1,,,voiture,,1,2,1,1,6
202200031130,2022-01-23 20:00:00,2022,1,23,20,0,75,75112,BOULEVARD DIDEROT,48.846269,2.377515,Nuit avec éclairage allumé,En agglomération,Intersection en X,Normale,Deux véhicules - côté,4,2,3,2,1,1,1,-1,5,30,2,2,1,0,0,1,20.0,20.0,deux_roues,deux_roues,5,2,2,1,3
202200031131,2022-06-19 17:15:00,2022,6,19,17,15,93,93006,AUTOROUTE A3,48.8658,2.4208,Plein jour,Hors agglomération,Autre intersection,Normale,Trois véhicules et plus - en chaîne,1,3,4,0,1,1,1,0,1,90,3,3,2,0,0,1,28.0,28.0,utilitaire_camion,voiture,1,1,9,1,4
202200031132,2022-04-12 15:35:00,2022,4,12,15,35,92,92048,ROBERT SCHUMAN (AVENUE),48.789089,2.233224,Plein jour,En agglomération,Hors intersection,Normale,Autre collision,4,2,2,0,1,1,1,0,8,30,1,2,1,0,0,1,18.0,,deux_roues,,1,2,1,1,6
202200031133,2022-01-22 23:30:00,2022,1,22,23,30,75,75111,BOULEVARD DE MENILMONTANT,48.859827,2.388852,Nuit avec éclairage allumé,En agglomération,Intersection en T,Normale,Deux véhicules - arrière,4,1,3,1,1,1,1,0,1,30,2,2,1,0,0,1,27.0,32.0,deux_roues,voiture,5,2,3,1,2
202200031134,2022-04-12 08:32:00,2022,4,12,8,32,92,92044,GABRIEL PERI(RUE) 51+ ET 48+,48.8931860494,2.2867143452,Plein jour,En agglomération,Hors intersection,Normale,Deux véhicules - côté,4,1,1,0,1,1,1,0,1,50,2,2,1,0,0,1,44.0,50.0,deux_roues,voiture,1,2,1,1,3
202200031135,2022-06-19 02:00:00,2022,6,19,2,0,93,93048,AUTOROUTE A86,48.864,2.482,Nuit sans éclairage public,Hors agglomération,Hors intersection,Normale,Deux véhicules - arrière,1,3,4,0,1,1,1,0,1,90,2,5,2,0,0,3,25.0,31.0,voiture,voiture,3,1,1,1,2
202200031136,2022-01-23 11:55:00,2022,1,23,11,55,75,75103,RUE SAINT GILLES,48.858157,2.364486,Plein jour,En agglomération,Intersection en X,Temps couvert,Sans collision,4,1,1,0,1,1,1,0,1,30,1,1,0,0,0,1,79.0,,deux_roues,,1,2,2,8,7
202200031137,2022-04-12 14:40:00,2022,4,12,14,40,92,92023,CHEMIN VERT (RUE DU),48.81421,2.27022,Plein jour,En agglomération,Intersection en X,Normale,Deux véhicules - côté,4,2,2,0,2,1,1,0,1,30,2,3,2,0,0,1,46.0,79.0,transport_commun,voiture,1,2,2,1,3
202200031138,2022-06-19 06:17:00,2022,6,19,6,17,94,94017,A86.EXT,48.8309372764,2.4913077198,Crépuscule ou aube,Hors agglomération,Hors intersection,Pluie forte,Trois véhicules et plus - en chaîne,1,1,2,0,4,2,2,1,1,70,4,4,0,0,0,4,25.0,35.0,voiture,voiture,2,1,1,3,4
202200031139,2022-01-23 00:20:00,2022,1,23,0,20,94,94055,Rue de la Plaine / Rue Danielle Casanova,48.791246,2.54931,Nuit avec éclairage allumé,En agglomération,Intersection en T,Normale,Deux véhicules - côté,4,2,2,0,1,1,1,0,1,50,2,2,1,0,0,1,19.0,42.0,voiture,voiture,5,2,3,1,3
202200031140,2022-04-12 11:00:00,2022,4,12,11,0,92,92012,ANDRE MORIZET (AVENUE) - 49/FIN - 54/FIN,48.8360984761,2.2385501862,Plein jour,En agglomération,Hors intersection,Normale,Deux véhicules - côté,3,2,2,0,1,1,1,0,1,50,2,2,1,0,0,1,31.0,37.0,voiture,deux_roues,1,2,1,1,3
202200031141,2022-06-19 01:15:00,2022,6,19,1,15,94,94017,A4,48.830322896,2.4893496496,Nuit avec éclairage allumé,Hors agglomération,Hors intersection,Normale,Trois véhicules et plus - en chaîne,1,1,3,0,1,1,1,0,1,90,3,4,2,0,1,1,33.0,28.0,voiture,voiture,5,1,1,1,4
202200031142,2022-04-12 12:55:00,2022,4,12,12,55,92,92007,FOCH (AVENUE DU MARECHAL) AUTRES NUMEROS,48.792364884,2.2988276035,Plein jour,En agglomération,Intersection en X,Normale,Deux véhicules - côté,3,-1,2,0,4,1,1,0,1,30,2,2,1,0,0,1,44.0,21.0,deux_roues,voiture,1,2,2,1,3
202200031143,2022-01-23 16:30:00,2022,1,23,16,30,94,94075,Avenue du Mal de Lattre de Tassigny / Rue du Lieutenant Dagorno,48.727469,2.531136,Plein jour,En agglomération,Intersection en Y,Normale,Deux véhicules - côté,2,3,4,0,1,1,1,0,1,50,2,6,4,0,0,2,23.0,29.0,voiture,voiture,1,2,4,1,3
202200031144,2022-06-18 21:25:00,2022,6,18,21,25,77,77384,A5b,48.6064640091,2.6333762576,Plein jour,Hors agglomération,Autre intersection,Normale,Autre collision,1,1,1,0,1,3,1,0,1,70,1,1,0,0,0,1,22.0,,voiture,,1,1,9,1,6
202200031145,2022-04-12 09:30:00,2022,4,12,9,30,92,92002,PROSPER LEGOUTE (69 A FIN - 74 A FIN),48.74441,2.29664,Plein jour,En agglomération,Hors intersection,Normale,Autre collision,4,1,1,0,1,1,1,0,1,50,1,1,0,0,0,1,85.0,,voiture,,1,2,1,1,6
202200031146,2022-01-21 18:55:00,2022,1,21,18,55,88,88413,AVENUE DE VERDUN,48.29276,6.94175,Nuit avec éclairage allumé,En agglomération,Hors intersection,Normale,Autre collision,4,-1,2,0,1,1,1,0,1,50,1,2,1,0,1,0,59.0,,voiture,,5,2,1,1,6
202200031147,2022-01-23 16:59:00,2022,1,23,16,59,93,93066,CITE ROMAIN ROLLAND,48.9380704954,2.3764782897,Crépuscule ou aube,En agglomération,Intersection en T,Normale,Deux véhicules - côté,4,2,1,0,1,1,1,0,1,50,2,2,1,0,0,1,39.0,25.0,deux_roues,voiture,2,2,3,1,3
202200031148,2022-01-15 11:45:00,2022,1,15,11,45,88,88032,Rue la Grande Voye,48.23803,7.062364,Plein jour,Hors agglomération,Hors intersection,Normale,Autre collision,3,2,2,0,1,1,1,0,8,80,1,1,0,0,0,1,21.0,,voiture,,1,1,1,1,6
202200031149,2022-01-23 20:00:00,2022,1,23,20,0,93,93006,LEFEVRE RAYMOND,48.87219,2.42572,Nuit avec éclairage allumé,En agglomération,Hors intersection,Normale,Deux véhicules - côté,4,2,2,0,1,1,1,0,1,50,2,2,1,0,0,1,38.0,32.0,voiture,deux_roues,5,2,1,1,3
202200031150,2022-04-11 17:50:00,2022,4,11,17,50,92,92002,DIVISION LECLERC (53 A 217 - 58 A 186),48.7475430482,2.3038668036,Plein jour,En agglomération,Intersection en X,Normale,Deux véhicules - côté,3,2,4,0,1,1,1,5,1,50,2,3,1,0,0,2,42.0,21.0,voiture,deux_roues,1,2,2,1,3
202200031151,2022-01-10 04:50:00,2022,1,10,4,50,88,88462,Route de Julienrupt,48.0538,6.70349,Nuit sans éclairage public,Hors agglomération,Hors intersection,Autre,Deux véhicules - frontale,3,2,2,0,1,3,7,0,1,80,2,3,0,0,1,2,30.0,43.0,voiture,voiture,3,1,1,9,1
202200031152,2022-04-14 16:40:00,2022,4,14,16,40,24,24009,D704,45.325207,1.112194,Plein jour,Hors agglomération,Hors intersection,Normale,Autre collision,3,2,2,0,1,2,1,0,3,90,1,1,0,0,1,0,63.0,,voiture,,1,1,1,1,6
202200031153,2022-01-23 10:45:00,2022,1,23,10,45,93,93057,Avenue Victor Hugo / Avenue Aristide Briand,48.910502,2.512367,Plein jour,En agglomération,Intersection à plus de 4 branches,Temps couvert,Deux véhicules - frontale,3,3,4,0,1,1,1,9,1,50,2,2,1,0,0,1,50.0,41.0,deux_roues,voiture,1,2,5,8,1
202200031154,2022-02-18 06:05:00,2022,2,18,6,5,57,57498,Autoroute A30,49.33072,6.01218,Nuit sans éclairage public,Hors agglomération,Hors intersection,Pluie légère,Sans collision,1,3,4,0,1,1,2,0,3,110,1,1,0,1,0,0,39.0,,utilitaire_camion,,3,1,1,2,7
202200031155,2022-03-19 17:15:00,2022,3,19,17,15,62,62193,GAMBETTA (BOULEVARD),50.946873,1.846582,Plein jour,En agglomération,Hors intersection,Normale,Autre collision,4,2,2,0,1,1,1,6,4,50,1,2,1,0,0,1,16.0,,deux_roues,,1,2,1,1,6
202200031156,2022-04-14 10:20:00,2022,4,14,10,20,31,31182,"121, route de paris",43.68459,1.40622,Plein jour,En agglomération,Hors intersection,Normale,Trois véhicules et plus - collisions multiples,7,2,2,0,1,1,1,0,1,-1,3,4,1,0,1,2,51.0,68.0,voiture,utilitaire_camion,1,2,1,1,5
202200031157,2022-01-23 13:30:00,2022,1,23,13,30,93,93077,Avenue du Raincy / Rue Pasteur,48.8874405048,2.5095552206,Plein jour,En agglomération,Intersection en X,Temps couvert,Deux véhicules - côté,3,1,2,0,1,1,1,0,1,30,2,6,3,0,0,3,45.0,33.0,voiture,voiture,1,2,2,8,3
202200031158,2022-04-13 22:25:00,2022,4,13,22,25,71,71550,"A6, PK 365+500 sens P/L",46.49916,4.901083,Nuit sans éclairage public,Hors agglomération,Hors intersection,Normale,Autre collision,1,3,5,0,1,1,1,0,1,130,1,1,0,0,1,0,72.0,,voiture,,3,1,1,1,6
202200031159,2022-01-23 18:50:00,2022,1,23,18,50,92,92051,"ACHILLE PERETTI (AVENUE,  N° 98 A 166 ET",48.88412,2.27044,Nuit avec éclairage allumé,En agglomération,Hors intersection,Normale,Deux véhicules - côté,4,2,2,0,1,1,1,0,1,50,2,2,1,0,0,1,24.0,77.0,deux_roues,voiture,5,2,1,1,3
202200031160,2022-06-18 18:00:00,2022,6,18,18,0,95,95427,Rue Jean Missout,48.9688529836,2.3424831033,Plein jour,En agglomération,Hors intersection,Normale,Deux véhicules - côté,4,2,2,0,1,1,1,0,1,50,2,2,1,0,0,1,26.0,10.0,voiture,deux_roues,1,2,1,1,3
202200031161,2022-06-18 15:49:00,2022,6,18,15,49,06,06029,ANTIBES (RUE D'),43.55252,7.01874,Plein jour,En agglomération,Hors intersection,Normale,Deux véhicules - frontale,4,1,1,0,1,1,1,0,1,50,1,2,0,0,1,1,36.0,,deux_roues,,1,2,1,1,1
202200031162,2022-01-23 19:40:00,2022,1,23,19,40,92,92024,PASTEUR (RUE),48.9029281844,2.3015470281,Nuit avec éclairage allumé,En agglomération,Hors intersection,Normale,Deux véhicules - côté,4,1,1,1,1,1,1,9,1,30,2,2,1,0,0,1,30.0,22.0,voiture,deux_roues,5,2,1,1,3
202200031163,2022-04-14 09:50:00,2022,4,14,9,50,40,40234,autoroute A.65 sens PAU-BORDEAUX PK 064.000,44.004218,-0.354041,Plein jour,Hors agglomération,Hors intersection,Normale,Autre collision,1,1,2,0,1,2,1,0,1,130,1,1,0,0,1,0,27.0,,voiture,,1,1,1,1,6
202200031164,2022-06-17 19:48:00,2022,6,17,19,48,54,54395,SAINT DIZIER (RUE 82 ET 113 A FIN),48.68587,6.18612,Plein jour,En agglomération,Hors intersection,Normale,Autre collision,4,1,2,3,1,4,1,9,1,50,1,2,0,0,0,2,36.0,,deux_roues,,1,2,1,1,6
202200031165,2022-01-23 05:50:00,2022,1,23,5,50,92,92012,MARCEL SEMBAT (PLACE),48.83377,2.24349,Nuit avec éclairage allumé,En agglomération,Place,Normale,Sans collision,3,1,1,0,1,2,1,0,1,50,1,1,0,0,0,1,20.0,,deux_roues,,5,2,7,1,7
202200031166,2022-04-13 16:45:00,2022,4,13,16,45,51,51555,N4,48.7372763388,4.3380331993,Plein jour,Hors agglomération,Hors intersection,Temps éblouissant,Deux véhicules - frontale,2,2,2,0,2,1,1,0,1,80,2,4,1,3,0,0,68.0,54.0,voiture,utilitaire_camion,1,1,1,7,1
202200031167,2022-01-22 16:00:00,2022,1,22,16,0,95,95134,A16,49.1331259836,2.2533720732,Plein jour,Hors agglomération,Hors intersection,Normale,Autre collision,1,3,4,0,1,1,1,2,2,130,1,4,3,0,0,1,42.0,,voiture,,1,1,1,1,6
202200031168,2022-06-17 07:45:00,2022,6,17,7,45,93,93046,Place de la Libération / Rue Amédée Dunois,48.922545,2.543845,Plein jour,En agglomération,Intersection en T,Normale,Autre collision,3,3,4,0,1,1,1,0,1,50,1,2,1,0,0,1,27.0,,voiture,,1,2,3,1,6
202200031169,2022-04-13 14:00:00,2022,4,13,14,0,51,51030,Rue des Mureaux,49.0577567578,3.9949223399,Plein jour,Hors agglomération,Hors intersection,Normale,Sans collision,4,2,2,0,2,1,1,0,1,-1,2,2,1,1,0,0,18.0,31.0,deux_roues,utilitaire_camion,1,1,1,1,7
202200031170,2022-01-24 12:35:00,2022,1,24,12,35,28,28201,13 Rue Jean Pinault,48.510839,1.546125,Plein jour,En agglomération,Hors intersection,Normale,Deux véhicules - côté,3,2,2,0,1,1,1,0,1,50,2,2,1,0,1,0,66.0,18.0,voiture,deux_roues,1,2,1,1,3
202200031171,2022-06-16 17:44:00,2022,6,16,17,44,17,17306,HEDDE (AVENUE DANIEL),45.636,-1.0287,Plein jour,En agglomération,Giratoire,Normale,Deux véhicules - côté,4,1,1,0,1,1,1,0,1,50,2,2,1,0,0,1,56.0,21.0,voiture,deux_roues,1,2,6,1,3
202200031172,2022-04-14 11:40:00,2022,4,14,11,40,56,56165,Rue du General Giraud,47.928576,-2.396075,Plein jour,En agglomération,Hors intersection,Normale,Autre collision,4,2,2,0,1,1,1,0,1,30,1,2,1,0,1,0,65.0,,utilitaire_camion,,1,2,1,1,6
202200031173,2022-01-22 15:00:00,2022,1,22,15,0,91,91363,Route de Bel-Air,48.661376,2.205162,Plein jour,Hors agglomération,Hors intersection,Normale,Deux véhicules - côté,3,2,2,0,2,3,1,5,1,50,2,2,1,0,0,1,29.0,36.0,voiture,deux_roues,1,1,1,1,3
202200031174,2022-06-15 09:50:00,2022,6,15,9,50,49,49099,LORRAINE (RUE DE),47.05442,-0.85757,Plein jour,En agglomération,Hors intersection,Normale,Autre collision,3,1,2,1,2,1,1,6,1,50,1,2,1,1,0,0,90.0,,voiture,,1,2,1,1,6
202200031175,2022-01-22 23:00:00,2022,1,22,23,0,06,06034,237 Route d Aspremont,43.797799,7.232969,Nuit sans éclairage public,Hors agglomération,Hors intersection,Normale,Autre collision,7,2,2,0,2,1,1,0,1,50,1,1,0,0,1,0,22.0,,deux_roues,,3,1,1,1,6
202200031176,2022-04-14 18:00:00,2022,4,14,18,0,67,67436,D424,48.400823,7.107237,Plein jour,Hors agglomération,Hors intersection,Normale,Deux véhicules - frontale,3,2,2,0,2,2,1,0,1,80,2,3,2,0,1,0,27.0,34.0,voiture,voiture,1,1,1,1,1