accident_id,datetime,annee,mois,jour,heure,minute,departement,commune_insee,adresse,latitude,longitude,luminosite,agglomeration,intersection,meteo,collision,catr,circ,nbv,vosp,prof,plan,surf,infra,situ,vma,nb_vehicules,nb_usagers,nb_indemnes,nb_tues,nb_blesses_hosp,nb_blesses_legers,age_cond_1,age_cond_2,veh_type_cond_1,veh_type_cond_2,lum_code,agg_code,int_code,atm_code,col_code
202200031177,2022-06-13 12:20:00,2022,6,13,12,20,72,72181,ESTIENNE D'ORVES (BD D'),47.98417,0.1855,Plein jour,En agglomération,Intersection en X,Normale,Autre collision,4,3,5,0,1,1,1,0,1,70,1,2,1,0,1,0,22.0,,voiture,,1,2,2,1,6
202200031178,2022-01-22 15:20:00,2022,1,22,15,20,66,66141,D 900,42.769085,2.900283,Plein jour,Hors agglomération,Hors intersection,Normale,Trois véhicules et plus - en chaîne,3,3,4,0,1,1,1,0,1,110,3,4,1,0,0,3,32.0,38.0,voiture,voiture,1,1,1,1,4
202200031179,2022-06-12 18:30:00,2022,6,12,18,30,95,95680,RD 316,49.0076620625,2.3832124472,Plein jour,En agglomération,Hors intersection,Normale,Deux véhicules - côté,3,2,2,0,1,1,1,0,1,50,2,5,3,0,0,2,34.0,33.0,voiture,voiture,1,2,1,1,3
202200031180,2022-04-14 09:00:00,2022,4,14,9,0,80,80187,D1001,49.958801,2.186556,Plein jour,Hors agglomération,Hors intersection,Normale,Trois véhicules et plus - collisions multiples,3,2,2,0,2,1,1,0,1,80,3,4,2,0,2,0,49.0,33.0,voiture,utilitaire_camion,1,1,1,1,5
202200031181,2022-01-22 18:38:00,2022,1,22,18,38,57,57605,D955,48.955995,6.301247,Nuit sans éclairage public,Hors agglomération,Intersection en T,Normale,Deux véhicules - côté,3,2,2,0,1,1,1,0,1,80,2,5,0,0,2,3,56.0,47.0,voiture,voiture,3,1,3,1,3
202200031182,2022-06-13 16:10:00,2022,6,13,16,10,976,97611,kaweni-Mangrove ( rue de la ),-12.77589,45.22558,Plein jour,En agglomération,Hors intersection,Normale,Deux véhicules - frontale,2,-1,2,0,1,1,1,0,1,50,2,2,0,0,0,2,50.0,48.0,deux_roues,deux_roues,1,2,1,1,1
202200031183,2022-01-24 18:40:00,2022,1,24,18,40,79,79299,,46.875536,-0.196702,Nuit sans éclairage public,Hors agglomération,Intersection en X,Brouillard / fumée,Sans collision,3,4,3,0,1,1,1,0,1,90,1,1,0,0,0,1,32.0,,voiture,,3,1,2,5,7
202200031184,2022-06-18 18:22:00,2022,6,18,18,22,974,97416,BOISSY(CHEMIN),-21.33689,55.51206,Nuit sans éclairage public,En agglomération,Hors intersection,Normale,Deux véhicules - côté,4,2,2,0,2,1,1,0,1,50,2,3,2,0,0,1,40.0,,utilitaire_camion,utilitaire_camion,3,2,1,1,3
202200031185,2022-01-23 16:30:00,2022,1,23,16,30,33,33424,Lieu Dit Cartujac,45.134435,-0.839746,Plein jour,Hors agglomération,Hors intersection,Normale,Sans collision,3,2,2,0,1,2,1,0,3,70,1,2,1,0,1,0,62.0,,voiture,,1,1,1,1,7
202200031186,2022-04-13 18:05:00,2022,4,13,18,5,69,69214,Route d’Amplepuis,45.9907498882,4.3307590485,Plein jour,Hors agglomération,Hors intersection,Normale,Trois véhicules et plus - en chaîne,3,2,2,0,2,1,1,0,1,80,4,5,1,1,2,1,41.0,81.0,utilitaire_camion,voiture,1,1,1,1,4
202200031187,2022-06-17 09:50:00,2022,6,17,9,50,973,97302,MADELEINE (ROUTE DE LA),4.90889,-52.32181,Plein jour,En agglomération,Hors intersection,Normale,Deux véhicules - côté,3,2,2,0,1,1,1,0,1,50,2,3,1,0,0,2,45.0,80.0,deux_roues,utilitaire_camion,1,2,1,1,3
202200031188,2022-01-21 17:20:00,2022,1,21,17,20,32,32160,Avenue Corps Franc Pommies,43.615778,1.064397,Plein jour,Hors agglomération,Passage à niveau,Normale,Deux véhicules - arrière,3,2,2,0,2,3,1,4,1,-1,2,2,1,0,1,0,42.0,66.0,voiture,deux_roues,1,1,8,1,2
202200031189,2022-04-12 16:20:00,2022,4,12,16,20,63,63180,D1093,45.8738295994,3.3064379097,Plein jour,Hors agglomération,Hors intersection,Normale,Autre collision,3,2,2,1,1,2,1,0,8,80,1,1,0,0,1,0,72.0,,voiture,,1,1,1,1,6
202200031190,2022-04-13 16:00:00,2022,4,13,16,0,63,63056,D996,45.610668,3.439879,Plein jour,Hors agglomération,Hors intersection,Normale,Autre collision,3,2,2,0,2,4,1,0,3,80,1,1,0,0,1,0,49.0,,deux_roues,,1,1,1,1,6
202200031191,2022-06-18 19:50:00,2022,6,18,19,50,69,69383,Rue de Bonnel,45.76159,4.84537,Plein jour,En agglomération,Intersection en X,Normale,Deux véhicules - arrière,4,1,3,3,1,1,1,0,1,30,2,2,1,0,0,1,20.0,22.0,deux_roues,voiture,1,2,2,1,2
202200031192,2022-01-24 15:30:00,2022,1,24,15,30,11,11304,rd 117  ,42.887409,2.127863,Plein jour,Hors agglomération,Intersection en T,Normale,Autre collision,3,2,2,0,1,1,1,9,3,80,1,1,0,0,1,0,39.0,,voiture,,1,1,3,1,6
202200031193,2022-01-24 07:00:00,2022,1,24,7,0,63,63400,Route d Allier,46.059124,3.399805,Nuit avec éclairage allumé,En agglomération,Hors intersection,Brouillard / fumée,Autre collision,3,2,2,0,1,2,7,0,3,-1,1,2,1,0,1,0,35.0,,voiture,,5,2,1,5,6
202200031194,2022-04-14 12:55:00,2022,4,14,12,55,61,61491,Lieu Dit la Givardiere,48.567283,0.627036,Plein jour,Hors agglomération,Hors intersection,Normale,Deux véhicules - frontale,2,2,2,0,1,1,1,0,1,80,2,2,1,1,0,0,24.0,51.0,utilitaire_camion,deux_roues,1,1,1,1,1
202200031195,2022-06-18 06:00:00,2022,6,18,6,0,69,69387,Avenue Berthelot,45.74524,4.84186,Crépuscule ou aube,En agglomération,Intersection en X,Normale,Deux véhicules - côté,4,2,2,3,1,1,1,0,1,50,2,3,2,0,1,0,36.0,21.0,deux_roues,voiture,2,2,2,1,3
202200031196,2022-01-24 09:20:00,2022,1,24,9,20,12,12043,D888,44.280842,2.537445,Plein jour,Hors agglomération,Hors intersection,Normale,Autre collision,3,2,2,0,1,2,1,0,3,90,1,1,0,0,1,0,33.0,,voiture,,1,1,1,1,6
202200031197,2022-04-14 01:44:00,2022,4,14,1,44,25,25134,D102,47.078232,5.98006,Nuit sans éclairage public,Hors agglomération,Hors intersection,Normale,Autre collision,3,2,2,0,1,1,1,0,3,-1,1,1,0,0,1,0,33.0,,utilitaire_camion,,3,1,1,1,6
202200031198,2022-06-17 19:30:00,2022,6,17,19,30,971,97101,PETIT PEROU,16.25492,-61.49858,Nuit avec éclairage non allumé,En agglomération,Hors intersection,Normale,Deux véhicules - arrière,4,2,2,0,1,1,1,9,1,50,2,2,1,0,0,1,,57.0,voiture,deux_roues,4,2,1,1,2
202200031199,2022-01-24 14:10:00,2022,1,24,14,10,12,12102,Espessergues,44.302188,2.577488,Plein jour,En agglomération,Hors intersection,Normale,Sans collision,4,2,2,0,2,1,7,0,1,30,1,1,0,0,1,0,69.0,,deux_roues,,1,2,1,1,7
202200031200,2022-04-10 20:15:00,2022,4,10,20,15,44,44072,la maisonneuve,47.398792,-2.36043,Plein jour,Hors agglomération,Hors intersection,Normale,Autre collision,3,2,2,0,1,1,1,0,8,80,1,1,0,0,1,0,31.0,,voiture,,1,1,1,1,6
202200031201,2022-01-24 13:15:00,2022,1,24,13,15,39,39458,,46.616295,5.609459,Plein jour,Hors agglomération,Intersection en X,Temps éblouissant,Deux véhicules - côté,3,2,2,0,1,1,1,5,1,80,2,2,1,0,1,0,58.0,20.0,utilitaire_camion,voiture,1,1,2,7,3
202200031202,2022-06-18 22:00:00,2022,6,18,22,0,2A,2A004,DIAMANT III RCE COURS NAPOLEON,41.93151,8.74001,Nuit avec éclairage allumé,En agglomération,Hors intersection,Normale,Deux véhicules - côté,2,1,2,0,1,1,1,5,1,50,2,2,1,0,0,1,62.0,62.0,voiture,deux_roues,5,2,1,1,3
202200031203,2022-04-10 11:50:00,2022,4,10,11,50,29,29212,69 Rue de Brest,48.372204235,-4.5808111131,Plein jour,En agglomération,Hors intersection,Normale,Deux véhicules - côté,4,2,2,1,1,1,1,9,5,20,2,2,1,0,0,1,44.0,24.0,deux_roues,voiture,1,2,1,1,3
202200031204,2022-06-18 09:00:00,2022,6,18,9,0,95,95280,Avenue de la Gare,49.0249435725,2.4640220404,Plein jour,En agglomération,Intersection en X,Normale,Autre collision,4,2,2,0,1,2,1,6,1,50,1,2,1,0,0,1,80.0,,voiture,,1,2,2,1,6
202200031205,2022-01-23 21:20:00,2022,1,23,21,20,44,44025,La Gaubretière,47.383634,-1.940761,Nuit sans éclairage public,Hors agglomération,Hors intersection,Normale,Trois véhicules et plus - collisions multiples,3,2,2,0,1,1,1,0,1,70,3,4,3,0,1,0,20.0,52.0,voiture,voiture,3,1,1,1,5
202200031206,2022-01-23 21:00:00,2022,1,23,21,0,44,44063,7 la bidaudiere,47.067962,-1.208528,Nuit sans éclairage public,Hors agglomération,Hors intersection,Normale,Sans collision,3,2,2,0,2,1,1,0,3,80,1,1,0,0,1,0,50.0,,voiture,,3,1,1,1,7
202200031207,2022-06-18 04:00:00,2022,6,18,4,0,91,91665,RTE D ORLEANS RN 20,48.652493,2.273045,Nuit avec éclairage non allumé,Hors agglomération,Hors intersection,Normale,Sans collision,3,1,3,3,2,1,1,5,1,50,1,1,0,0,1,0,24.0,,deux_roues,,4,1,1,1,7
202200031208,2022-04-12 11:50:00,2022,4,12,11,50,31,31517,D4 Pk 000+100,43.31133,1.325998,Plein jour,Hors agglomération,Hors intersection,Normale,Deux véhicules - arrière,3,2,2,0,1,1,1,0,1,80,2,3,2,0,1,0,44.0,39.0,voiture,voiture,1,1,1,1,2
202200031209,2022-06-18 13:25:00,2022,6,18,13,25,91,91345,RUE MICHEL VINCENT,48.69723,2.29323,Plein jour,En agglomération,Hors intersection,Normale,Autre collision,3,2,3,0,1,1,1,0,1,50,1,2,1,0,0,1,65.0,,voiture,,1,2,1,1,6
202200031210,2022-01-24 13:55:00,2022,1,24,13,55,29,29146,Route de la Trinite,47.918614,-3.815775,Plein jour,Hors agglomération,Intersection en X,Normale,Deux véhicules - côté,3,2,2,0,1,1,1,0,1,80,2,2,1,0,1,0,62.0,40.0,deux_roues,voiture,1,1,2,1,3
202200031211,2022-04-12 14:00:00,2022,4,12,14,0,58,58222,RD 23,47.437458937,3.5030572182,Plein jour,Hors agglomération,Hors intersection,Normale,Autre collision,3,2,2,0,1,2,1,0,3,80,1,1,0,0,1,0,25.0,,voiture,,1,1,1,1,6
202200031212,2022-06-18 19:20:00,2022,6,18,19,20,91,91687,MARMONT (AVENUE),48.66392,2.37532,Plein jour,En agglomération,Hors intersection,Normale,Autre collision,3,1,4,0,1,1,1,0,1,50,1,2,1,0,0,1,32.0,,utilitaire_camion,,1,2,1,1,6
202200031213,2022-01-13 14:15:00,2022,1,13,14,15,72,72080,D323,48.2149771047,0.6774902342,Plein jour,Hors agglomération,Hors intersection,Temps éblouissant,Deux véhicules - arrière,3,2,3,0,1,1,1,0,1,90,2,2,1,0,1,0,50.0,58.0,utilitaire_camion,utilitaire_camion,1,1,1,7,2
202200031214,2022-04-14 09:45:00,2022,4,14,9,45,66,66167,,42.463261,2.034633,Plein jour,En agglomération,Hors intersection,Normale,Autre collision,2,2,2,0,2,2,1,0,3,50,1,2,0,1,1,0,39.0,,voiture,,1,2,1,1,6
202200031215,2022-01-24 06:30:00,2022,1,24,6,30,14,14371,Route de la Côte Fleurie (Livarot),49.037325,0.151281,Nuit sans éclairage public,Hors agglomération,Hors intersection,Normale,Deux véhicules - frontale,3,-1,2,0,4,3,1,0,1,70,2,2,1,0,0,1,50.0,46.0,voiture,voiture,3,1,1,1,1
202200031216,2022-06-18 16:15:00,2022,6,18,16,15,91,91027,AV FRANCOIS MITTERRAND,48.71608,2.37093,Plein jour,En agglomération,Intersection à plus de 4 branches,Normale,Deux véhicules - côté,3,-1,2,0,1,1,1,0,8,50,2,4,2,0,0,2,34.0,34.0,voiture,voiture,1,2,5,1,3
202200031217,2022-04-13 20:30:00,2022,4,13,20,30,06,06079,1600 Avenue de Frejus Paul Ricard,43.527252,6.926994,Crépuscule ou aube,En agglomération,Intersection en T,Normale,Deux véhicules - côté,3,2,2,0,1,1,1,0,1,50,2,2,1,0,1,0,24.0,60.0,voiture,deux_roues,2,2,3,1,3
202200031218,2022-01-23 16:15:00,2022,1,23,16,15,14,14456,D613,49.116889,-0.167134,Plein jour,En agglomération,Hors intersection,Normale,Trois véhicules et plus - en chaîne,3,2,2,0,1,1,1,0,1,50,3,4,1,0,0,3,34.0,25.0,voiture,voiture,1,2,1,1,4
202200031219,2022-06-18 13:58:00,2022,6,18,13,58,91,91432,AV FERDINAND DE LESSEPS,48.70018,2.33866,Plein jour,En agglomération,Hors intersection,Temps éblouissant,Deux véhicules - côté,3,-1,2,0,1,1,1,0,4,50,2,2,1,0,0,1,28.0,26.0,voiture,deux_roues,1,2,1,7,3
202200031220,2022-04-13 21:14:00,2022,4,13,21,14,10,10209,D619,48.257756,4.253018,Nuit sans éclairage public,Hors agglomération,Hors intersection,Normale,Sans collision,3,2,2,0,1,1,1,0,8,90,1,1,0,0,1,0,28.0,,voiture,,3,1,1,1,7
202200031221,2022-01-24 04:00:00,2022,1,24,4,0,50,50256,D185,48.599984,-1.145175,Nuit sans éclairage public,Hors agglomération,Hors intersection,Normale,Autre collision,3,2,2,0,2,3,1,2,3,80,1,1,0,0,1,0,40.0,,voiture,,3,1,1,1,6
202200031222,2022-06-17 18:35:00,2022,6,17,18,35,91,91027,RUE J B DE LA SALLE,48.70766,2.38291,Plein jour,En agglomération,Hors intersection,Normale,Autre collision,3,2,2,0,1,3,1,0,1,30,1,2,1,0,0,1,28.0,,utilitaire_camion,,1,2,1,1,6
202200031223,2022-04-14 14:15:00,2022,4,14,14,15,24,24138,Lieu Dit la Rampinsolle,45.153974,0.703297,Plein jour,Hors agglomération,Hors intersection,Normale,Autre collision,3,3,2,0,2,2,1,0,3,80,1,1,0,0,1,0,38.0,,deux_roues,,1,1,1,1,6
202200031224,2022-01-21 16:00:00,2022,1,21,16,0,50,50168,Le Bas Cerisel,48.623889,-1.266164,Plein jour,Hors agglomération,Hors intersection,Normale,Autre collision,3,2,2,0,4,1,1,0,3,80,1,1,0,1,0,0,93.0,,voiture,,1,1,1,1,6
202200031225,2022-06-18 09:50:00,2022,6,18,9,50,78,78440,EUROPE (AVENUE DE L'),48.97389,1.91731,Plein jour,En agglomération,Hors intersection,Normale,Deux véhicules - arrière,3,1,2,0,1,1,1,0,1,50,2,2,1,0,1,0,43.0,56.0,voiture,voiture,1,2,1,1,2
202200031226,2022-01-23 14:45:00,2022,1,23,14,45,16,16303,1 Route des Deux Rivières,45.468103,-0.063166,Plein jour,Hors agglomération,Hors intersection,Normale,Autre collision,3,2,2,0,1,2,1,0,8,80,1,2,0,0,1,1,39.0,,voiture,,1,1,1,1,6
202200031227,2022-04-13 06:30:00,2022,4,13,6,30,27,27398,Cote Aristide Briand,49.09762,0.60546,Crépuscule ou aube,En agglomération,Intersection en T,Temps couvert,Deux véhicules - frontale,3,2,1,0,2,1,1,0,1,50,2,2,1,0,0,1,49.0,38.0,voiture,deux_roues,2,2,3,8,1
202200031228,2022-06-17 21:01:00,2022,6,17,21,1,78,78401,PONT SAINT COME (RUE DU),49.00157,1.9074,Plein jour,En agglomération,Hors intersection,Normale,Deux véhicules - arrière,4,2,2,0,2,1,1,2,1,50,2,2,1,0,0,1,65.0,62.0,voiture,voiture,1,2,1,1,2
202200031229,2022-01-23 05:15:00,2022,1,23,5,15,07,07134,,44.484749,4.293594,Nuit sans éclairage public,Hors agglomération,Hors intersection,Normale,Autre collision,3,2,2,0,1,1,1,0,3,80,1,1,0,0,1,0,27.0,,voiture,,3,1,1,1,6
202200031230,2022-06-19 01:35:00,2022,6,19,1,35,76,76322,N338 - Sud 3,49.3939376084,1.0368957582,Nuit sans éclairage public,Hors agglomération,Hors intersection,Normale,Autre collision,2,3,4,0,1,1,1,0,1,110,1,1,0,0,0,1,19.0,,deux_roues,,3,1,1,1,6
202200031231,2022-01-24 13:20:00,2022,1,24,13,20,04,04088,RD 12,43.958395,5.797691,Plein jour,Hors agglomération,Hors intersection,Normale,Sans collision,3,2,2,0,1,2,1,0,8,80,1,1,0,1,0,0,84.0,,voiture,,1,1,1,1,7
202200031232,2022-04-11 13:45:00,2022,4,11,13,45,19,19275,A89,45.515189,2.299232,Plein jour,Hors agglomération,Hors intersection,Normale,Deux véhicules - arrière,1,1,4,0,2,1,1,0,1,130,2,4,3,0,0,1,29.0,77.0,utilitaire_camion,voiture,1,1,1,1,2
202200031233,2022-01-23 23:00:00,2022,1,23,23,0,85,85031,La Bordinière,46.802645,-0.964351,Nuit sans éclairage public,Hors agglomération,Hors intersection,Normale,Sans collision,4,2,2,0,1,2,1,0,3,80,1,1,0,0,1,0,22.0,,deux_roues,,3,1,1,1,7
202200031234,2022-06-18 15:30:00,2022,6,18,15,30,76,76540,Rue du Renard,49.44923,1.07913,Plein jour,En agglomération,Intersection en T,Normale,Deux véhicules - arrière,4,1,1,0,1,1,1,0,1,50,2,3,1,0,0,2,25.0,21.0,voiture,voiture,1,2,3,1,2
202200031235,2022-04-12 20:20:00,2022,4,12,20,20,973,97307,RN2,4.881174,-52.33648,Nuit avec éclairage allumé,En agglomération,Hors intersection,Normale,Deux véhicules - côté,2,2,2,0,1,1,1,0,1,-1,2,2,1,0,1,0,39.0,49.0,voiture,deux_roues,5,2,1,1,3
202200031236,2022-01-24 15:15:00,2022,1,24,15,15,68,68300,Bretelle de raccordement A35 A36 Direction Mulhouse,47.781681,7.401985,Plein jour,Hors agglomération,Hors intersection,Normale,Trois véhicules et plus - en chaîne,1,3,4,0,2,3,1,3,1,90,3,3,2,0,1,0,58.0,63.0,utilitaire_camion,utilitaire_camion,1,1,1,1,4
202200031237,2022-06-17 19:40:00,2022,6,17,19,40,71,71270,RN 6 (ROUTE NATIONALE),46.36474,4.85265,Plein jour,Hors agglomération,Hors intersection,Normale,Deux véhicules - arrière,3,2,2,0,1,1,1,0,1,70,2,2,1,0,0,1,19.0,51.0,voiture,deux_roues,1,1,1,1,2
202200031238,2022-04-07 17:00:00,2022,4,7,17,0,73,73296,D902 - villaret des brevieres,45.507776,6.925185,Plein jour,Hors agglomération,Hors intersection,Neige / grêle,Deux véhicules - frontale,3,2,2,0,2,1,5,0,1,80,2,6,1,0,4,1,54.0,74.0,transport_commun,voiture,1,1,1,4,1
202200031239,2022-06-18 20:15:00,2022,6,18,20,15,69,69275,Rue Elisée Reclus,45.75008,4.94008,Plein jour,En agglomération,Intersection en T,Normale,Deux véhicules - côté,4,2,2,1,1,1,1,0,1,50,2,2,1,0,0,1,40.0,50.0,deux_roues,voiture,1,2,3,1,3
202200031240,2022-01-21 16:15:00,2022,1,21,16,15,69,69007,Route de Boucharey,45.4892921488,4.8007203795,Plein jour,Hors agglomération,Hors intersection,Normale,Sans collision,4,2,2,0,3,1,1,0,3,80,1,1,0,1,0,0,77.0,,voiture,,1,1,1,1,7
202200031241,2022-01-24 07:25:00,2022,1,24,7,25,988,98803,RT1 - BOURAIL,-21.48458,165.40428,Plein jour,Hors agglomération,Hors intersection,Normale,Autre collision,2,2,2,0,1,1,1,0,3,110,1,1,0,0,1,0,61.0,,voiture,,1,1,1,1,6
202200031242,2022-04-13 22:25:00,2022,4,13,22,25,45,45169,A71 PK 98+924,47.900491,1.847441,Nuit sans éclairage public,Hors agglomération,Hors intersection,Normale,Deux véhicules - arrière,1,2,5,0,1,1,1,0,1,50,2,2,1,0,0,1,44.0,41.0,voiture,utilitaire_camion,3,1,1,1,2
202200031243,2022-06-18 19:35:00,2022,6,18,19,35,69,69256,Rue de la Poudrette,45.7612272074,4.9203756452,Plein jour,En agglomération,Hors intersection,Normale,Autre collision,4,2,3,0,1,1,1,0,1,50,1,2,1,0,0,1,29.0,,deux_roues,,1,2,1,1,6
202200031244,2022-01-24 09:50:00,2022,1,24,9,50,45,45139,D26 - PR 7 + 350,48.188292,2.348371,Plein jour,Hors agglomération,Hors intersection,Normale,Deux véhicules - frontale,3,2,2,0,2,2,2,0,1,90,2,2,1,0,1,0,64.0,51.0,voiture,utilitaire_camion,1,1,1,1,1
202200031245,2022-04-14 10:00:00,2022,4,14,10,0,976,97608,Route des Badamiers,-12.776245,45.281943,Plein jour,Hors agglomération,Hors intersection,Normale,Deux véhicules - frontale,3,2,2,0,1,1,1,0,1,70,2,2,1,0,0,1,72.0,26.0,voiture,voiture,1,1,1,1,1
202200031246,2022-06-14 14:05:00,2022,6,14,14,5,62,62193,JACQUARD (BOULEVARD),50.95039,1.854108,Plein jour,En agglomération,Hors intersection,Normale,Autre collision,4,2,1,0,1,3,1,0,1,30,2,2,1,0,0,1,62.0,17.0,utilitaire_camion,deux_roues,1,2,1,1,6
202200031247,2022-01-23 19:30:00,2022,1,23,19,30,2B,2B193,T20,42.397126,9.193153,Nuit sans éclairage public,Hors agglomération,Hors intersection,Normale,Deux véhicules - frontale,2,2,2,0,1,1,1,0,1,80,2,3,0,0,1,2,57.0,54.0,voiture,voiture,3,1,1,1,1
202200031248,2022-06-18 16:30:00,2022,6,18,16,30,59,59599,DRON (AVENUE GUSTAVE),50.71911,3.16324,Plein jour,En agglomération,Hors intersection,Normale,Autre collision,4,2,4,3,1,1,1,0,1,50,2,2,1,0,0,1,18.0,51.0,deux_roues,voiture,1,2,1,1,6
202200031249,2022-01-23 22:55:00,2022,1,23,22,55,66,66212,,42.760811,3.013757,Nuit sans éclairage public,Hors agglomération,Hors intersection,Normale,Autre collision,3,2,2,0,1,2,1,0,3,80,1,1,0,1,0,0,37.0,,voiture,,3,1,1,1,6
202200031250,2022-04-14 08:45:00,2022,4,14,8,45,971,97129,Lieu Dit Bebel,16.3261237933,-61.6903225332,Plein jour,En agglomération,Intersection en T,Normale,Deux véhicules - côté,2,2,2,0,1,1,1,0,1,50,2,2,1,0,1,0,63.0,29.0,voiture,deux_roues,1,2,3,1,3
202200031251,2022-06-14 21:00:00,2022,6,14,21,0,59,59225,R.N. 49 VALENCIENNES,50.281396,3.899328,Plein jour,Hors agglomération,Hors intersection,Normale,Deux véhicules - arrière,3,1,4,0,1,1,1,0,1,50,2,2,1,0,1,0,54.0,34.0,utilitaire_camion,voiture,1,1,1,1,2
202200031252,2022-01-22 13:50:00,2022,1,22,13,50,70,70464,Route du Saulcy,47.718669,6.532515,Plein jour,En agglomération,Intersection en Y,Normale,Deux véhicules - frontale,3,2,2,0,1,3,1,0,1,50,2,2,1,0,1,0,41.0,58.0,deux_roues,voiture,1,2,4,1,1
202200031253,2022-04-14 18:20:00,2022,4,14,18,20,95,95241,RN 104,49.052559,2.42697,Plein jour,Hors agglomération,Hors intersection,Normale,Autre collision,2,3,4,0,1,1,1,0,1,-1,1,3,2,0,0,1,19.0,,deux_roues,,1,1,1,1,6
202200031254,2022-06-18 11:55:00,2022,6,18,11,55,54,54439,SCHUMANN ( Rue Robert ),48.69949,6.25114,Plein jour,En agglomération,Hors intersection,Normale,Deux véhicules - côté,4,2,2,0,1,1,1,0,1,50,2,2,1,0,0,1,40.0,33.0,voiture,autre,1,2,1,1,3
202200031255,2022-04-13 18:30:00,2022,4,13,18,30,25,25159,4 Rue de Champagne,47.447788,6.679422,Plein jour,En agglomération,Hors intersection,Normale,Autre collision,4,2,2,0,1,2,1,0,3,50,1,1,0,0,1,0,29.0,,deux_roues,,1,2,1,1,6
202200031256,2022-01-23 12:20:00,2022,1,23,12,20,38,38320,D1075,45.852911,5.404866,Plein jour,Hors agglomération,Intersection en T,Normale,Deux véhicules - côté,3,2,2,0,1,1,1,5,1,80,2,3,1,0,1,1,84.0,52.0,voiture,voiture,1,1,3,1,3
202200031257,2022-01-12 07:00:00,2022,1,12,7,0,46,46055,D840,44.57284,2.11373,Nuit sans éclairage public,Hors agglomération,Hors intersection,Autre,Autre collision,3,2,2,0,1,1,7,0,3,80,1,1,0,0,1,0,40.0,,voiture,,3,1,1,9,6
202200031258,2022-06-18 12:10:00,2022,6,18,12,10,49,49246,GIRARDEAU,47.4347,-0.5268,Plein jour,En agglomération,Intersection en X,Normale,Deux véhicules - côté,4,2,2,0,1,1,1,0,1,30,2,2,1,0,0,1,56.0,37.0,voiture,voiture,1,2,2,1,3
202200031259,2022-04-13 17:30:00,2022,4,13,17,30,71,71150,Route du Port d Arciat,46.242982,4.795302,Plein jour,Hors agglomération,Intersection en T,Normale,Deux véhicules - côté,3,2,2,0,1,4,1,0,1,50,2,2,1,0,1,0,55.0,20.0,deux_roues,voiture,1,1,3,1,3
202200031260,2022-06-18 21:00:00,2022,6,18,21,0,43,43157,Chemin des Gardes,45.02417,3.90944,Crépuscule ou aube,Hors agglomération,Hors intersection,Normale,Sans collision,4,2,2,0,3,3,1,0,3,70,1,1,0,0,1,0,37.0,,deux_roues,,2,1,1,1,7
202200031261,2022-01-23 15:00:00,2022,1,23,15,0,09,09199,Sourrouille,43.199576,1.671767,Plein jour,Hors agglomération,Hors intersection,Normale,Autre collision,4,2,2,0,1,1,1,0,3,80,1,3,1,0,1,1,18.0,,voiture,,1,1,1,1,6
202200031262,2022-06-18 11:30:00,2022,6,18,11,30,42,42187,Rue Claude Bochard,46.0271926997,4.0681627393,Plein jour,En agglomération,Intersection en Y,Normale,Deux véhicules - côté,4,2,2,0,1,1,1,0,1,50,2,2,1,0,0,1,79.0,51.0,voiture,deux_roues,1,2,4,1,3
202200031263,2022-01-21 17:00:00,2022,1,21,17,0,72,72154,D306,47.68891,-0.03377,Plein jour,Hors agglomération,Hors intersection,Normale,Deux véhicules - côté,3,2,2,0,1,1,1,0,1,90,2,3,1,0,2,0,51.0,62.0,deux_roues,voiture,1,1,1,1,3
202200031264,2022-04-11 20:00:00,2022,4,11,20,0,69,69069,Avenue Pierre Auguste Roiret,45.752268,4.740713,Crépuscule ou aube,En agglomération,Hors intersection,Normale,Deux véhicules - côté,4,2,2,0,1,1,1,0,1,50,2,2,1,0,0,1,39.0,59.0,voiture,voiture,2,2,1,1,3
202200031265,2022-06-18 14:15:00,2022,6,18,14,15,34,34172,RAYMOND DUGRAND (AVENUE),43.59521,3.90521,Plein jour,En agglomération,Passage à niveau,Normale,Deux véhicules - côté,4,2,2,0,1,1,1,4,6,50,2,2,1,0,1,0,33.0,23.0,transport_commun,autre,1,2,8,1,3
202200031266,2022-01-23 19:30:00,2022,1,23,19,30,60,60542,N31,49.4144847256,2.1836400031,Nuit sans éclairage public,Hors agglomération,Hors intersection,Normale,Deux véhicules - arrière,2,3,4,0,1,1,1,0,1,110,2,3,0,0,0,3,27.0,66.0,voiture,voiture,3,1,1,1,2
202200031267,2022-06-18 19:35:00,2022,6,18,19,35,33,33063,Rue de la Benauge,44.84059,-0.55235,Plein jour,En agglomération,Hors intersection,Normale,Autre collision,4,2,2,0,1,1,1,0,4,30,1,2,1,0,1,0,36.0,,voiture,,1,2,1,1,6
202200031268,2022-04-13 09:30:00,2022,4,13,9,30,24,24028,Avenue de Monpazier,44.755404,0.772809,Plein jour,Hors agglomération,Intersection en T,Pluie légère,Deux véhicules - frontale,3,2,2,0,1,1,2,0,1,70,2,3,1,0,0,2,38.0,19.0,voiture,voiture,1,1,3,2,1
202200031269,2022-06-18 01:55:00,2022,6,18,1,55,33,33063,Place de la Bourse,44.84134,-0.56941,Nuit avec éclairage allumé,En agglomération,Hors intersection,Normale,Autre collision,4,2,6,3,1,1,1,0,1,50,1,2,1,0,0,1,28.0,,voiture,,5,2,1,1,6