accident_id,datetime,annee,mois,jour,heure,minute,departement,commune_insee,adresse,latitude,longitude,luminosite,agglomeration,intersection,meteo,collision,catr,circ,nbv,vosp,prof,plan,surf,infra,situ,vma,nb_vehicules,nb_usagers,nb_indemnes,nb_tues,nb_blesses_hosp,nb_blesses_legers,age_cond_1,age_cond_2,veh_type_cond_1,veh_type_cond_2,lum_code,agg_code,int_code,atm_code,col_code
202200031270,2022-04-14 08:30:00,2022,4,14,8,30,33,33222,17 Route de Lyon,44.950274,-0.194128,Plein jour,Hors agglomération,Hors intersection,Normale,Deux véhicules - frontale,3,2,2,0,1,1,1,0,1,80,2,2,1,1,0,0,19.0,48.0,voiture,utilitaire_camion,1,1,1,1,1
202200031271,2022-01-24 01:05:00,2022,1,24,1,5,59,59249,Rue Croizet-Eliet - Rue de la Paix,50.0188620683,4.0440818667,Nuit avec éclairage allumé,En agglomération,Intersection en X,Normale,Deux véhicules - côté,4,2,2,0,1,1,1,0,1,50,2,4,2,0,1,1,24.0,24.0,deux_roues,voiture,5,2,2,1,3
202200031272,2022-06-18 22:10:00,2022,6,18,22,10,31,31555,LASCROSSES (BD) DU 1AU 17,43.61031,1.4348,Nuit avec éclairage allumé,En agglomération,Intersection en T,Normale,Deux véhicules - côté,4,2,6,0,1,1,1,0,1,50,2,2,1,0,0,1,46.0,22.0,deux_roues,voiture,5,2,3,1,3
202200031273,2022-04-14 07:45:00,2022,4,14,7,45,33,33006,,45.200274,-0.649352,Plein jour,Hors agglomération,Hors intersection,Normale,Deux véhicules - frontale,3,2,2,0,1,3,1,0,1,50,2,4,0,0,1,3,42.0,28.0,voiture,voiture,1,1,1,1,1
202200031274,2022-01-22 17:50:00,2022,1,22,17,50,13,13214,A507 sens Marseille - Aubagne,43.334317,5.382911,Plein jour,Hors agglomération,Hors intersection,Normale,Deux véhicules - arrière,1,1,3,0,1,1,1,0,1,90,2,5,3,0,0,2,20.0,32.0,voiture,deux_roues,1,1,1,1,2
202200031275,2022-06-18 03:45:00,2022,6,18,3,45,31,31555,BD DE STRASBOURG,43.60929,1.44499,Nuit avec éclairage allumé,En agglomération,Hors intersection,Normale,Deux véhicules - arrière,4,2,4,3,1,1,1,0,1,50,2,5,2,0,0,3,24.0,55.0,voiture,voiture,5,2,1,1,2
202200031276,2022-04-13 05:05:00,2022,4,13,5,5,35,35047,D34,48.060557,-1.750045,Nuit sans éclairage public,Hors agglomération,Hors intersection,Brouillard / fumée,Deux véhicules - frontale,7,2,2,0,1,1,2,0,1,80,2,2,1,0,1,0,56.0,47.0,deux_roues,voiture,3,1,1,5,1
202200031277,2022-01-22 22:35:00,2022,1,22,22,35,69,69275,Route Nationale 346,45.7656568882,4.9850088358,Nuit sans éclairage public,Hors agglomération,Hors intersection,Normale,Autre collision,2,3,6,0,1,1,1,0,1,90,2,2,0,0,0,2,37.0,44.0,voiture,voiture,3,1,1,1,6
202200031278,2022-04-13 11:00:00,2022,4,13,11,0,59,59231,Rue du Lieutenant Boucly,50.2396832278,4.0183821916,Plein jour,En agglomération,Hors intersection,Pluie légère,Autre collision,3,2,2,0,1,1,2,0,1,50,1,2,1,0,0,1,53.0,,voiture,,1,2,1,2,6
202200031279,2022-06-17 21:35:00,2022,6,17,21,35,29,29039,Chemin de la Haie,47.89436,-3.88993,Plein jour,Hors agglomération,Intersection en X,Normale,Deux véhicules - côté,4,-1,2,0,1,1,1,5,1,70,2,2,0,0,0,2,64.0,45.0,voiture,voiture,1,1,2,1,3
202200031280,2022-01-23 00:35:00,2022,1,23,0,35,33,33013,,44.866308,-0.485561,Nuit avec éclairage allumé,Hors agglomération,Hors intersection,Normale,Autre collision,2,3,4,0,2,1,1,0,1,90,1,1,0,0,0,1,22.0,,voiture,,5,1,1,1,6
202200031281,2022-04-11 19:34:00,2022,4,11,19,34,13,13071,A55 - Sens Marseille vers Martigues,43.3984,5.29875,Plein jour,Hors agglomération,Hors intersection,Normale,Deux véhicules - arrière,1,-1,2,0,2,1,1,0,1,110,2,2,0,0,0,2,21.0,35.0,voiture,voiture,1,1,1,1,2
202200031282,2022-06-16 21:20:00,2022,6,16,21,20,29,29019,place Albert Premier,48.397814,-4.489696,Plein jour,En agglomération,Giratoire,Normale,Autre collision,4,-1,2,0,2,1,1,5,1,50,1,2,0,0,0,2,17.0,,deux_roues,,1,2,6,1,6
202200031283,2022-01-23 18:40:00,2022,1,23,18,40,78,78007,A13 Y,48.89659,2.006578,Nuit sans éclairage public,Hors agglomération,Hors intersection,Normale,Trois véhicules et plus - en chaîne,1,1,2,0,1,1,1,0,1,110,3,4,3,0,0,1,24.0,35.0,voiture,voiture,3,1,1,1,4
202200031284,2022-06-06 17:30:00,2022,6,6,17,30,29,29019,rue Monseigneur Graveran,48.393612,-4.481668,Plein jour,En agglomération,Intersection en T,Pluie légère,Autre collision,4,1,1,0,2,1,2,0,1,50,1,2,0,0,0,2,27.0,,voiture,,1,2,3,2,6
202200031285,2022-04-11 23:30:00,2022,4,11,23,30,75,75116,A13,48.8484037683,2.2472298145,Nuit avec éclairage allumé,Hors agglomération,Hors intersection,Normale,Deux véhicules - côté,1,3,4,0,1,1,1,0,1,90,2,2,1,0,0,1,45.0,55.0,utilitaire_camion,voiture,5,1,1,1,3
202200031286,2022-01-22 22:00:00,2022,1,22,22,0,78,78362,A13,48.975704,1.72402,Nuit avec éclairage non allumé,Hors agglomération,Hors intersection,Normale,Autre collision,1,1,3,0,1,1,1,0,1,110,1,1,0,0,0,1,35.0,,voiture,,4,1,1,1,6
202200031287,2022-06-18 19:55:00,2022,6,18,19,55,27,27562,LECLERC (RUE DU GENERAL),49.09825,1.44744,Plein jour,En agglomération,Autre intersection,Temps éblouissant,Deux véhicules - arrière,4,2,2,0,2,1,1,9,1,30,2,2,1,0,0,1,56.0,37.0,deux_roues,voiture,1,2,9,7,2
202200031288,2022-01-22 19:25:00,2022,1,22,19,25,92,92047,A13,48.8336666392,2.1639025833,Nuit sans éclairage public,Hors agglomération,Hors intersection,Normale,Trois véhicules et plus - en chaîne,1,-1,3,0,1,1,1,0,1,110,3,3,2,0,0,1,23.0,56.0,deux_roues,voiture,3,1,1,1,4
202200031289,2022-04-11 20:30:00,2022,4,11,20,30,93,93048,AUTOROUTE A86,48.8669026471,2.4816977978,Crépuscule ou aube,Hors agglomération,Hors intersection,Normale,Trois véhicules et plus - en chaîne,1,3,3,0,1,1,1,1,1,90,3,3,2,0,0,1,69.0,28.0,voiture,utilitaire_camion,2,1,1,1,4
202200031290,2022-06-18 14:25:00,2022,6,18,14,25,27,27229,FORET (RUE DE LA),49.0122674,1.1606605,Plein jour,En agglomération,Hors intersection,Normale,Autre collision,4,2,2,0,2,3,1,9,8,50,1,1,0,0,0,1,40.0,,voiture,,1,2,1,1,6
202200031291,2022-01-22 17:30:00,2022,1,22,17,30,78,78466,A13,48.933367,1.971319,Nuit sans éclairage public,Hors agglomération,Hors intersection,Normale,Autre collision,1,1,3,0,1,1,1,0,1,130,1,3,0,0,0,3,24.0,,voiture,,3,1,1,1,6
202200031292,2022-04-11 21:15:00,2022,4,11,21,15,93,93029,AUTOROUTE A86,48.9140389122,2.4332553148,Nuit avec éclairage allumé,Hors agglomération,Hors intersection,Normale,Deux véhicules - arrière,1,3,3,0,1,1,1,1,1,90,2,2,1,0,1,0,48.0,22.0,voiture,deux_roues,5,1,1,1,2
202200031293,2022-06-18 10:45:00,2022,6,18,10,45,27,27229,MONOD (RUE JACQUES),49.02176,1.18163,Plein jour,En agglomération,Intersection en T,Temps éblouissant,Deux véhicules - côté,4,2,2,0,1,1,1,0,1,50,2,3,1,0,0,2,84.0,28.0,voiture,voiture,1,2,3,7,3
202200031294,2022-01-22 04:15:00,2022,1,22,4,15,92,92048,N118,48.79501,2.21799,Nuit sans éclairage public,Hors agglomération,Hors intersection,Normale,Deux véhicules - arrière,2,1,2,0,1,1,1,0,1,90,2,2,1,0,0,1,23.0,35.0,voiture,deux_roues,3,1,1,1,2
202200031295,2022-04-11 16:40:00,2022,4,11,16,40,95,95127,A15,49.0425988519,2.0786529779,Plein jour,Hors agglomération,Hors intersection,Temps éblouissant,Deux véhicules - arrière,1,3,8,0,1,1,1,0,1,90,2,2,1,0,0,1,33.0,46.0,utilitaire_camion,voiture,1,1,1,7,2
202200031296,2022-01-23 18:50:00,2022,1,23,18,50,95,95277,RD 170 ,48.97764,2.46,Nuit sans éclairage public,Hors agglomération,Hors intersection,Normale,Trois véhicules et plus - collisions multiples,3,3,4,0,1,1,1,0,1,90,3,5,2,0,0,3,,25.0,voiture,voiture,3,1,1,1,5
202200031297,2022-04-11 11:10:00,2022,4,11,11,10,95,95127,A15,49.0400529394,2.0831698179,Plein jour,Hors agglomération,Hors intersection,Normale,Trois véhicules et plus - en chaîne,1,2,8,0,1,1,1,0,1,110,3,3,1,0,0,2,61.0,45.0,voiture,voiture,1,1,1,1,4
202200031298,2022-06-18 07:05:00,2022,6,18,7,5,26,26198,DIEULEFIT(Route de),44.55031,4.7719,Plein jour,En agglomération,Hors intersection,Normale,Deux véhicules - côté,3,2,2,0,1,1,1,0,1,50,2,2,1,0,0,1,40.0,51.0,voiture,voiture,1,2,1,1,3
202200031299,2022-04-11 10:50:00,2022,4,11,10,50,93,93078,AUTOROUTE A104,48.96112,2.54364,Plein jour,Hors agglomération,Hors intersection,Normale,Autre collision,1,3,6,0,1,1,1,0,1,90,1,1,0,0,0,1,53.0,,voiture,,1,1,1,1,6
202200031300,2022-01-22 22:45:00,2022,1,22,22,45,95,95394,RN 184,49.05223,2.18041,Nuit sans éclairage public,Hors agglomération,Hors intersection,Normale,Deux véhicules - côté,2,3,5,0,1,1,1,9,1,110,2,2,1,0,0,1,42.0,42.0,voiture,voiture,3,1,1,1,3
202200031301,2022-06-18 01:40:00,2022,6,18,1,40,13,13117,D9 (BRETELLE),43.42757,5.25673,Nuit sans éclairage public,En agglomération,Hors intersection,Normale,Deux véhicules - côté,7,1,3,0,1,1,1,0,1,90,2,3,1,0,0,2,,25.0,voiture,voiture,3,2,1,1,3
202200031302,2022-01-23 04:30:00,2022,1,23,4,30,94,94033,A86.INT,48.8568439531,2.4879040287,Nuit sans éclairage public,Hors agglomération,Hors intersection,Normale,Sans collision,1,1,2,0,1,1,1,0,1,90,2,2,1,0,0,1,24.0,47.0,voiture,voiture,3,1,1,1,7
202200031303,2022-04-11 07:35:00,2022,4,11,7,35,93,93027,AUTOROUTE A86,48.92612,2.39751,Plein jour,Hors agglomération,Hors intersection,Normale,Trois véhicules et plus - collisions multiples,1,3,10,0,1,1,1,0,1,90,3,3,2,0,0,1,31.0,35.0,utilitaire_camion,deux_roues,1,1,1,1,5
202200031304,2022-01-22 22:40:00,2022,1,22,22,40,75,75112,A4,48.8246760486,2.4633300304,Nuit sans éclairage public,Hors agglomération,Hors intersection,Normale,Sans collision,1,3,4,0,1,2,1,2,1,90,1,1,0,0,0,1,22.0,,voiture,,3,1,1,1,7
202200031305,2022-06-19 00:30:00,2022,6,19,0,30,13,13208,MAZARGUES (AVENUE DE),43.26418,5.39211,Nuit avec éclairage allumé,En agglomération,Intersection en X,Normale,Deux véhicules - côté,4,2,3,0,1,1,1,0,1,50,2,2,1,0,0,1,62.0,,deux_roues,voiture,5,2,2,1,3
202200031306,2022-01-22 12:26:00,2022,1,22,12,26,92,92050,LE CORBUSIER ALLEE,48.8946689635,2.2235964686,Plein jour,En agglomération,Intersection en T,Normale,Autre collision,4,2,2,0,1,1,1,0,1,30,1,2,1,0,0,1,69.0,,voiture,,1,2,3,1,6
202200031307,2022-04-12 10:30:00,2022,4,12,10,30,77,77373,RN104,48.79618,2.62156,Plein jour,Hors agglomération,Hors intersection,Normale,Deux véhicules - arrière,2,-1,3,0,1,1,1,0,1,110,2,4,1,0,0,3,52.0,49.0,voiture,voiture,1,1,1,1,2
202200031308,2022-06-18 09:50:00,2022,6,18,9,50,13,13205,SAKAKINI (BOULEVARD),43.29387,5.40159,Plein jour,En agglomération,Hors intersection,Normale,Deux véhicules - arrière,4,1,2,0,1,1,1,0,1,50,3,4,3,0,0,1,38.0,76.0,voiture,voiture,1,2,1,1,2
202200031309,2022-01-21 22:25:00,2022,1,21,22,25,75,75118,RUE DAMREMONT,48.89531,2.337562,Nuit avec éclairage allumé,En agglomération,Intersection en X,Normale,Autre collision,4,2,2,0,1,1,1,8,1,30,1,2,0,0,1,1,35.0,,deux_roues,,5,2,2,1,6
202200031310,2022-06-18 08:00:00,2022,6,18,8,0,13,13214,DANIEL CASANOVA (BOULEVARD),43.3282751625,5.375312246,Crépuscule ou aube,En agglomération,Autre intersection,Normale,Deux véhicules - arrière,4,1,2,0,1,1,1,0,1,50,2,2,1,0,0,1,46.0,46.0,utilitaire_camion,utilitaire_camion,2,2,9,1,2
202200031311,2022-06-17 14:00:00,2022,6,17,14,0,13,13213,NICOLAS APPERT (RUE),43.33973,5.4149,Plein jour,En agglomération,Hors intersection,Normale,Autre collision,4,2,2,0,2,1,1,0,1,50,2,3,1,0,2,0,73.0,73.0,voiture,voiture,1,2,1,1,6
202200031312,2022-04-12 08:30:00,2022,4,12,8,30,77,77058,A4,48.8293228045,2.7173574308,Plein jour,Hors agglomération,Hors intersection,Normale,Trois véhicules et plus - collisions multiples,1,3,6,0,1,1,1,0,1,130,7,7,6,0,0,1,49.0,30.0,voiture,voiture,1,1,1,1,5
202200031313,2022-01-23 06:50:00,2022,1,23,6,50,988,98818,Avenue de la VICTOIRE-HENRI LAFLEUR/Rue de Général GALLIENI,-22.27487,166.43943,Plein jour,En agglomération,Intersection en T,Pluie forte,Deux véhicules - arrière,4,3,5,0,1,1,2,0,1,50,2,5,3,0,1,1,37.0,21.0,voiture,voiture,1,2,3,3,2
202200031314,2022-06-18 19:55:00,2022,6,18,19,55,13,13005,BOYER (AVENUE ANTIDE),43.29436,5.56685,Plein jour,En agglomération,Hors intersection,Normale,Autre collision,3,1,1,0,1,1,1,0,1,30,1,2,1,0,0,1,31.0,,voiture,,1,2,1,1,6
202200031315,2022-06-18 23:55:00,2022,6,18,23,55,10,10060,JEAN MOULIN (RUE),48.2545412022,4.0958189964,Nuit avec éclairage allumé,En agglomération,Hors intersection,Normale,Autre collision,3,2,2,0,1,1,1,0,1,50,1,1,0,0,0,1,31.0,,voiture,,5,2,1,1,6
202200031316,2022-06-18 16:40:00,2022,6,18,16,40,10,10387,EDOUARD HERRIOT (RUE),48.2754727311,4.0786448121,Plein jour,En agglomération,Hors intersection,Temps éblouissant,Deux véhicules - côté,4,2,2,0,1,1,1,0,1,50,2,2,1,0,0,1,16.0,59.0,deux_roues,voiture,1,2,1,7,3
202200031317,2022-01-16 13:25:00,2022,1,16,13,25,74,74010,PARMELAN,45.9077,6.1356,Plein jour,En agglomération,Hors intersection,Normale,Autre collision,4,2,3,0,1,3,1,9,1,30,1,3,2,1,0,0,22.0,,voiture,,1,2,1,1,6
202200031318,2022-01-22 15:05:00,2022,1,22,15,5,973,97302,ROUTE NATIONALE 1,4.9215337753,-52.3297584057,Plein jour,Hors agglomération,Giratoire,Pluie légère,Autre collision,2,2,2,0,1,1,2,0,1,90,1,1,0,0,0,1,45.0,,voiture,,1,1,6,2,6
202200031319,2022-06-17 23:20:00,2022,6,17,23,20,01,01053,PRES DE BROU ( RUE DES),46.1988,5.24862,Nuit avec éclairage allumé,En agglomération,Hors intersection,Normale,Deux véhicules - côté,4,2,2,0,1,1,1,9,1,50,2,2,0,1,0,1,64.0,40.0,voiture,deux_roues,5,2,1,1,3
202200031320,2022-01-14 21:20:00,2022,1,14,21,20,30,30032,Chemin du Pont de Charanconne,43.79384,4.62374,Nuit sans éclairage public,Hors agglomération,Hors intersection,Normale,Sans collision,4,2,2,0,1,1,1,0,1,80,1,3,0,0,0,3,31.0,,voiture,,3,1,1,1,7
202200031321,2022-06-18 20:30:00,2022,6,18,20,30,75,75113,QUAI D IVRY,48.820273,2.37556,Plein jour,En agglomération,Hors intersection,Normale,Deux véhicules - arrière,4,1,4,0,1,1,1,0,1,70,2,2,1,0,0,1,52.0,23.0,voiture,voiture,1,2,1,1,2
202200031322,2022-01-22 14:00:00,2022,1,22,14,0,973,97302,ROUTE NATIONALE 3,4.90533,-52.31972,Plein jour,Hors agglomération,Hors intersection,Pluie légère,Deux véhicules - arrière,3,2,2,0,1,1,2,0,1,50,2,2,1,0,0,1,21.0,47.0,deux_roues,voiture,1,1,1,2,2
202200031323,2022-06-17 21:25:00,2022,6,17,21,25,75,75117,BOULEVARD PERIPHERIQUE,48.900471,2.323526,Nuit avec éclairage allumé,En agglomération,Hors intersection,Normale,Deux véhicules - arrière,4,1,4,0,1,1,1,0,1,70,2,3,1,0,0,2,31.0,26.0,deux_roues,voiture,5,2,1,1,2
202200031324,2022-04-11 09:50:00,2022,4,11,9,50,974,97416,RN3 (ANCIENNE ROUTE),-21.2939,55.51077,Plein jour,Hors agglomération,Intersection en T,Temps éblouissant,Deux véhicules - frontale,4,2,2,0,3,1,1,0,1,50,2,3,1,0,0,2,55.0,74.0,voiture,voiture,1,1,3,7,1
202200031325,2022-01-23 01:50:00,2022,1,23,1,50,69,69383,Boulevard Marius Vivier-Merle,45.75723,4.85868,Nuit avec éclairage allumé,En agglomération,Intersection en X,Normale,Autre collision,4,2,3,3,1,1,1,1,1,50,1,2,1,0,0,1,20.0,,voiture,,5,2,2,1,6
202200031326,2022-01-22 21:00:00,2022,1,22,21,0,69,69387,152 Rue Marcel Mérieux,45.73602,4.82949,Nuit avec éclairage allumé,En agglomération,Hors intersection,Normale,Autre collision,4,2,2,0,1,1,1,0,1,50,1,2,1,0,0,1,55.0,,voiture,,5,2,1,1,6
202200031327,2022-04-09 12:10:00,2022,4,9,12,10,974,97411,EGLANTINES (RUE DES),-20.9165,55.48659,Plein jour,En agglomération,Hors intersection,Normale,Deux véhicules - frontale,4,2,2,0,2,1,1,0,1,50,2,2,1,0,0,1,23.0,28.0,voiture,voiture,1,2,1,1,1
202200031328,2022-06-17 15:10:00,2022,6,17,15,10,75,75116,PORTE DAUPHINE,48.870597,2.272352,Plein jour,En agglomération,Hors intersection,Normale,Trois véhicules et plus - collisions multiples,4,1,4,0,1,1,1,0,1,70,4,4,3,0,0,1,24.0,27.0,voiture,voiture,1,2,1,1,5
202200031329,2022-01-22 18:00:00,2022,1,22,18,0,69,69386,49 Rue Cuvier,45.7669341686,4.8461964726,Nuit avec éclairage allumé,En agglomération,Hors intersection,Normale,Autre collision,4,1,1,0,1,1,1,0,1,50,1,2,1,0,0,1,23.0,,voiture,,5,2,1,1,6
202200031330,2022-06-17 11:50:00,2022,6,17,11,50,75,75118,PORTE DE SAINT OUEN,48.900792,2.3317,Plein jour,En agglomération,Hors intersection,Normale,Deux véhicules - arrière,4,1,4,0,1,1,1,0,1,70,2,2,1,0,0,1,46.0,57.0,deux_roues,utilitaire_camion,1,2,1,1,2
202200031331,2022-04-11 14:20:00,2022,4,11,14,20,973,97302,MATOURY (RUE),4.9311233265,-52.3239795864,Plein jour,En agglomération,Hors intersection,Normale,Deux véhicules - côté,4,-1,2,0,1,1,1,9,1,50,2,2,1,0,0,1,52.0,67.0,voiture,utilitaire_camion,1,2,1,1,3
202200031332,2022-01-22 13:10:00,2022,1,22,13,10,69,69259,Boulevard Ambroise Croizat,45.70661,4.88752,Plein jour,En agglomération,Intersection en T,Normale,Trois véhicules et plus - collisions multiples,7,2,5,2,1,1,1,0,1,50,3,5,3,0,0,2,59.0,55.0,voiture,utilitaire_camion,1,2,3,1,5
202200031333,2022-06-17 17:00:00,2022,6,17,17,0,75,75118,BOULEVARD BARBES,48.888354,2.34958,Plein jour,En agglomération,Intersection en X,Normale,Deux véhicules - côté,4,2,4,0,2,1,1,0,1,30,2,2,1,0,0,1,51.0,50.0,voiture,deux_roues,1,2,2,1,3
202200031334,2022-04-11 13:30:00,2022,4,11,13,30,973,97302,ZONE COLLERY I OU II,4.9003615381,-52.3280310631,Plein jour,Hors agglomération,Hors intersection,Normale,Sans collision,4,2,2,0,1,1,1,0,3,30,1,1,0,0,0,1,49.0,,voiture,,1,1,1,1,7
202200031335,2022-04-11 04:55:00,2022,4,11,4,55,973,97302,BADUEL (ROUTE DE),4.928,-52.29236,Nuit sans éclairage public,En agglomération,Hors intersection,Normale,Sans collision,3,3,2,0,1,1,1,0,1,50,1,1,0,0,1,0,39.0,,deux_roues,,3,2,1,1,7
202200031336,2022-01-21 20:30:00,2022,1,21,20,30,972,97209,LEONA GABRIEL (AVENUE),14.61216,-61.04677,Nuit avec éclairage allumé,Hors agglomération,Autre intersection,Normale,Deux véhicules - côté,4,2,2,0,1,1,1,0,1,30,2,2,1,0,0,1,40.0,41.0,voiture,deux_roues,5,1,9,1,3
202200031337,2022-06-17 07:45:00,2022,6,17,7,45,75,75116,AVENUE DE LA PORTE MOLITOR,48.84466,2.2522,Plein jour,En agglomération,Intersection en X,Normale,Deux véhicules - côté,4,2,2,0,1,1,1,0,1,30,2,2,1,0,0,1,59.0,58.0,voiture,deux_roues,1,2,2,1,3
202200031338,2022-06-18 09:05:00,2022,6,18,9,5,75,75114,RUE DU DEPART,48.842022,2.32282,Plein jour,En agglomération,Intersection en T,Normale,Deux véhicules - côté,4,3,4,2,1,1,1,0,1,30,2,2,1,0,0,1,33.0,44.0,deux_roues,voiture,1,2,3,1,3
202200031339,2022-01-21 16:55:00,2022,1,21,16,55,972,97213,ROUTE DEPARTEMENTALE 14,14.62349,-61.0187,Plein jour,En agglomération,Hors intersection,Normale,Trois véhicules et plus - en chaîne,3,2,2,0,2,1,1,0,1,50,3,7,5,0,0,2,56.0,33.0,voiture,voiture,1,2,1,1,4
202200031340,2022-04-11 17:10:00,2022,4,11,17,10,69,69383,Cours Docteur Long,45.750620828,4.8878587775,Plein jour,En agglomération,Intersection en X,Normale,Autre collision,4,1,1,0,1,1,1,0,1,50,1,2,0,0,0,1,,,autre,,1,2,2,1,6
202200031341,2022-06-18 15:30:00,2022,6,18,15,30,75,75113,RUE DE L AMIRAL MOUCHEZ,48.820443,2.343792,Plein jour,En agglomération,Hors intersection,Normale,Deux véhicules - côté,4,2,2,0,1,1,1,0,1,30,2,2,1,0,0,1,28.0,41.0,voiture,deux_roues,1,2,1,1,3
202200031342,2022-01-21 13:20:00,2022,1,21,13,20,972,97213,DEPARTEMENTALE 28,14.6255880102,-60.9727397561,Plein jour,Hors agglomération,Hors intersection,Normale,Deux véhicules - frontale,3,2,2,0,1,1,1,0,1,70,2,2,0,0,0,2,41.0,25.0,voiture,voiture,1,1,1,1,1
202200031343,2022-06-16 22:28:00,2022,6,16,22,28,75,75113,RUE DE TOLBIAC,48.826155,2.35863,Nuit avec éclairage allumé,En agglomération,Intersection en Y,Normale,Deux véhicules - côté,4,2,3,0,1,1,1,0,1,30,2,2,1,0,0,1,31.0,33.0,voiture,deux_roues,5,2,4,1,3
202200031344,2022-04-11 09:00:00,2022,4,11,9,0,69,69388,Avenue Jean Mermoz,45.7361555351,4.8702670808,Plein jour,En agglomération,Hors intersection,Normale,Deux véhicules - arrière,4,2,2,2,1,1,1,0,1,50,2,2,1,0,0,1,48.0,26.0,voiture,deux_roues,1,2,1,1,2
202200031345,2022-01-21 13:30:00,2022,1,21,13,30,971,97113,Section Port Blanc,16.23545,-61.45285,Plein jour,Hors agglomération,Hors intersection,Normale,Autre collision,4,-1,0,0,2,2,1,0,1,50,1,2,1,0,0,1,50.0,,voiture,,1,1,1,1,6
202200031346,2022-04-10 21:00:00,2022,4,10,21,0,69,69387,Boulevard Chambaud de la Bruyère,45.72335,4.84215,Nuit avec éclairage allumé,En agglomération,Autre intersection,Normale,Autre collision,4,3,6,0,1,3,1,0,3,50,1,2,0,0,1,1,25.0,,voiture,,5,2,9,1,6
202200031347,2022-06-17 23:05:00,2022,6,17,23,5,75,75111,AVENUE PARMENTIER,48.861157,2.377844,Nuit avec éclairage allumé,En agglomération,Intersection en T,Normale,Deux véhicules - côté,4,2,2,0,1,1,1,0,1,30,2,2,1,0,0,1,36.0,30.0,voiture,deux_roues,5,2,3,1,3
202200031348,2022-04-11 17:45:00,2022,4,11,17,45,69,69389,12 Rue Joannès Carret,45.78654,4.80988,Plein jour,En agglomération,Hors intersection,Normale,Deux véhicules - côté,4,2,2,2,1,1,1,0,4,30,2,2,1,0,0,1,23.0,27.0,deux_roues,voiture,1,2,1,1,3
202200031349,2022-06-18 20:15:00,2022,6,18,20,15,75,75108,PLACE DE LA CONCORDE,48.864437,2.320186,Plein jour,En agglomération,Place,Temps éblouissant,Trois véhicules et plus - collisions multiples,4,1,2,0,2,1,1,0,1,30,3,4,2,0,0,2,56.0,24.0,voiture,voiture,1,2,7,7,5
202200031350,2022-01-22 13:00:00,2022,1,22,13,0,91,91345,RTE DE CORBEIL,48.689902,2.300455,Plein jour,En agglomération,Intersection en X,Normale,Deux véhicules - côté,3,2,2,0,1,1,1,0,1,50,2,2,1,0,0,1,37.0,43.0,deux_roues,voiture,1,2,2,1,3
202200031351,2022-06-18 18:15:00,2022,6,18,18,15,75,75102,RUE MONTMARTRE,48.86914,2.343189,Plein jour,En agglomération,Intersection en Y,Normale,Deux véhicules - arrière,4,1,3,0,1,3,1,0,1,30,2,3,1,0,0,2,54.0,44.0,voiture,voiture,1,2,4,1,2
202200031352,2022-04-10 20:13:00,2022,4,10,20,13,69,69381,2 Quai Jean Moulin,45.7677163066,4.8379160441,Nuit avec éclairage allumé,En agglomération,Intersection en X,Normale,Deux véhicules - côté,4,2,5,3,1,1,1,0,1,30,2,3,1,0,0,2,55.0,54.0,deux_roues,utilitaire_camion,5,2,2,1,3
202200031353,2022-01-22 23:06:00,2022,1,22,23,6,91,91589,BD ARISTIDE BRIAND,48.68242,2.34375,Nuit avec éclairage allumé,En agglomération,Hors intersection,Normale,Deux véhicules - côté,3,2,2,0,1,1,1,5,1,50,2,2,1,0,0,1,,32.0,voiture,deux_roues,5,2,1,1,3
202200031354,2022-06-18 04:00:00,2022,6,18,4,0,75,75101,VOIE GEORGES POMPIDOU,48.861815,2.327131,Nuit avec éclairage allumé,En agglomération,Hors intersection,Normale,Autre collision,4,1,2,0,1,1,1,0,1,50,1,2,0,0,0,2,20.0,,deux_roues,,5,2,1,1,6
202200031355,2022-06-18 13:30:00,2022,6,18,13,30,94,94044,VERDUN (AV DE),48.749693,2.480498,Plein jour,En agglomération,Hors intersection,Normale,Deux véhicules - côté,3,2,2,0,1,1,1,0,1,50,2,2,1,0,0,1,52.0,22.0,voiture,deux_roues,1,2,1,1,3
202200031356,2022-01-21 16:30:00,2022,1,21,16,30,83,83129,LOMBARD (CHEMIN DE),43.093323,5.852675,Plein jour,En agglomération,Hors intersection,Normale,Deux véhicules - côté,4,4,1,0,1,1,1,0,1,50,2,2,1,0,1,0,49.0,21.0,deux_roues,voiture,1,2,1,1,3
202200031357,2022-04-11 15:00:00,2022,4,11,15,0,2A,2A004,MADAME MERE BD,41.91443,8.7248,Plein jour,En agglomération,Intersection en T,Normale,Deux véhicules - côté,4,2,2,0,2,1,1,0,1,50,2,2,1,0,0,1,30.0,62.0,voiture,voiture,1,2,3,1,3
202200031358,2022-06-18 11:00:00,2022,6,18,11,0,94,94078,HENRI JANIN (R),48.72975,2.44806,Plein jour,En agglomération,Hors intersection,Temps éblouissant,Autre collision,2,1,1,0,1,1,1,0,1,30,1,2,1,0,0,1,34.0,,voiture,,1,2,1,7,6
202200031359,2022-01-18 13:15:00,2022,1,18,13,15,83,83069,ASCENSION (RUE DE L'),43.1227491867,6.1324688494,Plein jour,En agglomération,Hors intersection,Normale,Deux véhicules - côté,4,1,1,0,2,1,1,0,1,30,2,2,1,0,0,1,26.0,30.0,voiture,voiture,1,2,1,1,3