accident_id,datetime,annee,mois,jour,heure,minute,departement,commune_insee,adresse,latitude,longitude,luminosite,agglomeration,intersection,meteo,collision,catr,circ,nbv,vosp,prof,plan,surf,infra,situ,vma,nb_vehicules,nb_usagers,nb_indemnes,nb_tues,nb_blesses_hosp,nb_blesses_legers,age_cond_1,age_cond_2,veh_type_cond_1,veh_type_cond_2,lum_code,agg_code,int_code,atm_code,col_code
202200031452,2022-04-11 11:00:00,2022,4,11,11,0,06,06088,DELFINO (BD GENERAL),43.705428,7.284602,Plein jour,En agglomération,Hors intersection,Normale,Autre collision,4,1,3,0,1,1,1,0,1,50,1,2,1,0,0,1,25.0,,utilitaire_camion,,1,2,1,1,6
202200031453,2022-01-22 10:25:00,2022,1,22,10,25,11,11069,MONTREAL -ROUTE DE -,43.21129,2.32651,Plein jour,En agglomération,Intersection en X,Normale,Deux véhicules - côté,3,2,2,0,1,1,1,5,1,50,2,3,2,0,0,1,40.0,63.0,voiture,voiture,1,2,2,1,3
202200031454,2022-06-15 21:00:00,2022,6,15,21,0,61,61145,route de l'abbaye (Rouellé),48.618073,-0.706934,Plein jour,Hors agglomération,Hors intersection,Normale,Deux véhicules - frontale,3,2,2,0,1,1,1,0,1,90,2,2,1,0,0,1,48.0,25.0,voiture,voiture,1,1,1,1,1
202200031455,2022-04-11 09:05:00,2022,4,11,9,5,06,06027,ALPES AVENUE DES,43.660312,7.143492,Plein jour,En agglomération,Hors intersection,Normale,Deux véhicules - arrière,7,3,4,0,1,1,1,0,1,50,2,2,1,0,0,1,49.0,59.0,voiture,voiture,1,2,1,1,2
202200031456,2022-01-22 09:55:00,2022,1,22,9,55,11,11069,Chemin de Grezes,43.22021,2.28649,Plein jour,Hors agglomération,Hors intersection,Autre,Autre collision,4,2,2,0,1,1,1,0,3,70,1,3,2,0,0,1,48.0,,voiture,,1,1,1,9,6
202200031457,2022-06-16 17:55:00,2022,6,16,17,55,61,61508,Boulevard Dentu,48.93337,0.19738,Plein jour,En agglomération,Intersection en T,Temps éblouissant,Deux véhicules - frontale,3,2,2,0,2,1,1,0,1,50,2,2,1,0,1,0,17.0,56.0,deux_roues,utilitaire_camion,1,2,3,7,1
202200031458,2022-01-22 19:09:00,2022,1,22,19,9,06,06069,PEGOMAS (ROUTE DE),43.6381,6.933577,Nuit avec éclairage allumé,En agglomération,Hors intersection,Normale,Autre collision,3,3,1,0,1,1,1,0,1,50,1,2,1,0,1,0,20.0,,voiture,,5,2,1,1,6
202200031459,2022-04-11 18:20:00,2022,4,11,18,20,75,75116,BD PERIPHERIQUE INTERIEUR,48.870483,2.272529,Plein jour,En agglomération,Hors intersection,Normale,Trois véhicules et plus - en chaîne,4,1,4,0,1,1,1,1,1,70,3,3,2,0,0,1,58.0,29.0,voiture,voiture,1,2,1,1,4
202200031460,2022-06-19 01:30:00,2022,6,19,1,30,55,55504,N135,48.729024,5.236654,Nuit avec éclairage non allumé,Hors agglomération,Giratoire,Normale,Autre collision,2,2,2,0,1,3,1,0,3,80,1,1,0,0,0,1,37.0,,voiture,,4,1,6,1,6
202200031461,2022-01-21 16:40:00,2022,1,21,16,40,06,06069,DE GAULLE (AVENUE DU GENERAL),43.65671,6.919763,Plein jour,En agglomération,Hors intersection,Temps éblouissant,Autre collision,3,2,2,0,2,1,1,0,1,50,1,2,1,0,0,1,49.0,,voiture,,1,2,1,7,6
202200031462,2022-06-18 19:45:00,2022,6,18,19,45,86,86036,Lieu Dit la Bruyère,47.078676,0.067398,Plein jour,Hors agglomération,Hors intersection,Autre,Autre collision,3,-1,1,0,1,1,6,0,3,-1,1,2,1,0,1,0,25.0,,utilitaire_camion,,1,1,1,9,6
202200031463,2022-04-11 17:55:00,2022,4,11,17,55,75,75118,BD PERIPHERIQUE EXTERIEUR,48.900967,2.339902,Plein jour,En agglomération,Hors intersection,Normale,Deux véhicules - arrière,4,1,4,0,1,1,1,0,1,70,2,3,2,0,0,1,26.0,60.0,utilitaire_camion,voiture,1,2,1,1,2
202200031464,2022-01-22 18:40:00,2022,1,22,18,40,06,06030,CAMPON (RUE,43.572478,7.013059,Nuit avec éclairage allumé,En agglomération,Hors intersection,Normale,Deux véhicules - côté,3,3,4,0,2,1,1,0,1,50,2,2,0,0,0,2,31.0,28.0,voiture,voiture,5,2,1,1,3
202200031465,2022-06-18 10:50:00,2022,6,18,10,50,39,39396,,47.144913,5.668004,Plein jour,Hors agglomération,Hors intersection,Normale,Deux véhicules - frontale,3,2,2,0,1,1,1,0,1,90,2,2,0,0,2,0,37.0,18.0,voiture,voiture,1,1,1,1,1
202200031466,2022-01-22 15:06:00,2022,1,22,15,6,75,75117,BOULEVARD BESSIERES,48.89764,2.328878,Plein jour,En agglomération,Intersection en X,Normale,Autre collision,4,3,2,0,1,1,1,0,1,50,1,2,1,0,0,1,24.0,,voiture,,1,2,2,1,6
202200031467,2022-06-18 11:05:00,2022,6,18,11,5,44,44131,D751,47.11254,-2.06034,Plein jour,Hors agglomération,Hors intersection,Temps éblouissant,Autre collision,3,1,1,0,1,1,1,0,1,30,1,2,1,0,1,0,34.0,,utilitaire_camion,,1,1,1,7,6
202200031468,2022-01-21 00:45:00,2022,1,21,0,45,75,75116,ALLEE DE LA REINE MARGUERITE,48.851717,2.241747,Nuit avec éclairage allumé,En agglomération,Hors intersection,Normale,Deux véhicules - côté,4,2,2,0,2,1,1,0,1,50,2,2,1,0,0,1,21.0,37.0,voiture,deux_roues,5,2,1,1,3
202200031469,2022-04-10 00:35:00,2022,4,10,0,35,75,75112,BD PERIPHERIQUE INTERIEUR,48.828471,2.397418,Nuit avec éclairage allumé,En agglomération,Hors intersection,Normale,Trois véhicules et plus - en chaîne,4,1,4,0,1,1,1,0,1,70,3,10,9,0,0,1,53.0,50.0,voiture,voiture,5,2,1,1,4
202200031470,2022-06-18 19:40:00,2022,6,18,19,40,29,29266,Rue de la Gare,48.5171415026,-3.9441794157,Plein jour,En agglomération,Giratoire,Pluie légère,Deux véhicules - frontale,4,4,2,0,2,1,2,0,1,30,2,2,0,0,1,1,86.0,53.0,voiture,voiture,1,2,6,2,1
202200031471,2022-06-19 02:45:00,2022,6,19,2,45,29,29204,D712 - La Fonderie,48.484084,-4.176587,Nuit sans éclairage public,Hors agglomération,Hors intersection,Pluie forte,Autre collision,3,2,2,0,1,2,2,0,3,80,1,1,0,0,0,1,22.0,,voiture,,3,1,1,3,6
202200031472,2022-01-22 16:00:00,2022,1,22,16,0,75,75115,RUE DE LA CONVENTION,48.841834,2.286301,Plein jour,En agglomération,Intersection en T,Normale,Deux véhicules - côté,4,2,2,0,1,1,1,0,1,30,2,2,1,0,0,1,20.0,59.0,deux_roues,deux_roues,1,2,3,1,3
202200031473,2022-04-11 18:17:00,2022,4,11,18,17,75,75106,RUE DE SEVRES,48.852902,2.336979,Plein jour,En agglomération,Intersection en X,Normale,Autre collision,4,2,2,0,1,1,1,0,1,30,1,2,1,0,0,1,22.0,,voiture,,1,2,2,1,6
202200031474,2022-06-18 14:30:00,2022,6,18,14,30,29,29178,Gouez Ar frout,48.5685160925,-4.6634790301,Plein jour,Hors agglomération,Intersection en T,Normale,Deux véhicules - côté,4,2,2,0,1,1,1,5,1,80,2,3,1,0,0,2,14.0,54.0,deux_roues,deux_roues,1,1,3,1,3
202200031475,2022-01-22 15:30:00,2022,1,22,15,30,75,75112,BOULEVARD DE PICPUS,48.846572,2.400294,Plein jour,En agglomération,Hors intersection,Normale,Deux véhicules - arrière,4,1,1,0,1,1,1,0,1,30,2,2,1,0,0,1,20.0,26.0,voiture,deux_roues,1,2,1,1,2
202200031476,2022-04-11 15:45:00,2022,4,11,15,45,75,75116,AVENUE DES NATIONS UNIES,48.861798,2.291677,Plein jour,En agglomération,Hors intersection,Normale,Deux véhicules - frontale,4,2,2,0,1,1,1,0,1,30,2,2,1,0,0,1,40.0,54.0,voiture,voiture,1,2,1,1,1
202200031477,2022-06-19 04:49:00,2022,6,19,4,49,31,31070,Départementale D 633,43.2663,0.643172,Crépuscule ou aube,Hors agglomération,Hors intersection,Normale,Autre collision,3,2,2,0,2,4,1,0,3,80,1,1,0,0,0,1,22.0,,voiture,,2,1,1,1,6
202200031478,2022-01-21 13:35:00,2022,1,21,13,35,75,75112,BOULEVARD DE REUILLY,48.839529,2.396162,Plein jour,En agglomération,Place,Normale,Autre collision,4,1,2,0,1,1,1,0,1,30,1,2,1,0,1,0,35.0,,deux_roues,,1,2,7,1,6
202200031479,2022-04-11 15:00:00,2022,4,11,15,0,75,75115,RUE LOUIS ARMAND,48.833347,2.277217,Plein jour,En agglomération,Hors intersection,Temps éblouissant,Deux véhicules - arrière,4,2,3,0,1,1,1,0,1,30,2,3,2,0,0,1,66.0,19.0,deux_roues,voiture,1,2,1,7,2
202200031480,2022-06-19 15:05:00,2022,6,19,15,5,38,38346,D502,45.499448,5.094422,Plein jour,Hors agglomération,Hors intersection,Normale,Sans collision,3,2,2,0,1,1,1,0,1,80,1,2,1,0,1,0,21.0,,voiture,,1,1,1,1,7
202200031481,2022-01-22 20:11:00,2022,1,22,20,11,75,75111,RUE DE LA ROQUETTE,48.853762,2.370805,Nuit avec éclairage allumé,En agglomération,Hors intersection,Normale,Autre collision,4,1,1,0,1,1,1,0,1,30,1,2,0,0,2,0,20.0,,deux_roues,,5,2,1,1,6
202200031482,2022-06-19 12:00:00,2022,6,19,12,0,02,02502,42 Rue Léo Lagrange,49.691546,4.026015,Plein jour,En agglomération,Hors intersection,Normale,Autre collision,4,1,2,0,1,1,1,0,3,50,1,1,0,1,0,0,66.0,,voiture,,1,2,1,1,6
202200031483,2022-04-11 08:00:00,2022,4,11,8,0,75,75115,RUE FREMICOURT,48.847857,2.301256,Plein jour,En agglomération,Place,Normale,Autre collision,4,2,1,0,1,1,1,0,1,30,1,2,1,0,0,1,51.0,,voiture,,1,2,7,1,6
202200031484,2022-01-22 13:05:00,2022,1,22,13,5,75,75111,RUE DE CHARONNE,48.853583,2.380452,Plein jour,En agglomération,Intersection en X,Normale,Autre collision,4,2,2,1,1,1,1,0,1,30,1,2,1,0,0,1,32.0,,deux_roues,,1,2,2,1,6
202200031485,2022-06-19 18:30:00,2022,6,19,18,30,02,02389,6 Rue de Raganne,49.089839,3.532721,Plein jour,En agglomération,Intersection en X,Normale,Deux véhicules - côté,4,1,1,0,3,1,1,0,1,50,2,2,1,0,1,0,36.0,20.0,voiture,deux_roues,1,2,2,1,3
202200031486,2022-04-11 07:03:00,2022,4,11,7,3,75,75114,RUE DE LA LEGION ETRANGERE,48.820555,2.324227,Plein jour,En agglomération,Intersection en X,Normale,Autre collision,4,1,4,1,1,1,1,0,1,30,1,2,1,0,0,1,48.0,,voiture,,1,2,2,1,6
202200031487,2022-06-19 10:40:00,2022,6,19,10,40,15,15142,Lieu Dit Petit Cordesse,44.937722,3.001242,Plein jour,Hors agglomération,Hors intersection,Vent fort / tempête,Autre collision,3,2,2,0,2,2,1,0,3,90,1,1,0,0,1,0,74.0,,voiture,,1,1,1,6,6
202200031488,2022-01-22 00:18:00,2022,1,22,0,18,75,75109,BOULEVARD HAUSSMANN,48.872362,2.337419,Nuit avec éclairage allumé,En agglomération,Intersection en X,Normale,Deux véhicules - côté,4,1,3,3,1,1,1,0,1,30,2,5,3,0,0,2,29.0,30.0,deux_roues,voiture,5,2,2,1,3
202200031489,2022-06-17 19:40:00,2022,6,17,19,40,15,15113,D17,45.10229,2.670161,Plein jour,Hors agglomération,Hors intersection,Normale,Sans collision,3,2,2,0,2,2,1,0,1,90,1,1,0,0,1,0,30.0,,deux_roues,,1,1,1,1,7
202200031490,2022-04-11 09:05:00,2022,4,11,9,5,75,75113,RUE NEUVE TOLBIAC,48.832015,2.379148,Plein jour,En agglomération,Intersection en T,Normale,Autre collision,4,2,2,0,2,1,1,0,1,30,1,2,1,0,0,1,34.0,,deux_roues,,1,2,3,1,6
202200031491,2022-06-19 06:00:00,2022,6,19,6,0,15,15122,nationale 122,44.711602,2.198006,Crépuscule ou aube,En agglomération,Hors intersection,Normale,Autre collision,2,2,2,0,1,2,1,0,3,50,1,1,0,0,0,1,28.0,,voiture,,2,2,1,1,6
202200031492,2022-01-22 19:20:00,2022,1,22,19,20,75,75107,AVENUE DE LOWENDAL,48.8509,2.305961,Nuit avec éclairage allumé,En agglomération,Place,Normale,Autre collision,4,2,2,1,1,1,1,0,1,30,1,1,0,0,0,1,83.0,,deux_roues,,5,2,7,1,6
202200031493,2022-01-22 13:30:00,2022,1,22,13,30,94,94016,DUMOTEL (AV),48.79016,2.33289,Plein jour,En agglomération,Hors intersection,Normale,Sans collision,3,2,2,0,1,1,1,2,1,50,1,1,0,0,0,1,25.0,,deux_roues,,1,2,1,1,7
202200031494,2022-06-18 14:50:00,2022,6,18,14,50,01,01199,73 Rue du Champ de Foire,46.039248,5.405785,Plein jour,En agglomération,Hors intersection,Normale,Autre collision,3,-1,2,0,1,1,1,0,4,50,1,1,0,0,1,0,31.0,,deux_roues,,1,2,1,1,6
202200031495,2022-04-11 08:05:00,2022,4,11,8,5,75,75113,RUE DU DESSOUS DES BERGES,48.826506,2.374553,Plein jour,En agglomération,Intersection en T,Normale,Deux véhicules - côté,4,1,1,2,1,1,1,0,1,30,2,2,1,0,0,1,40.0,,deux_roues,,1,2,3,1,3
202200031496,2022-06-19 15:52:00,2022,6,19,15,52,01,01245,Route de Neuville (Bohas),46.12959,5.389867,Plein jour,Hors agglomération,Hors intersection,Normale,Sans collision,3,2,2,0,2,3,1,0,3,80,1,1,0,0,1,0,23.0,,deux_roues,,1,1,1,1,7
202200031497,2022-01-22 20:30:00,2022,1,22,20,30,94,94028,Rue de Falkirk / Rue du Lac,48.772,2.45885,Nuit avec éclairage allumé,En agglomération,Intersection en X,Normale,Trois véhicules et plus - en chaîne,4,2,2,0,1,1,1,0,1,50,3,4,3,0,0,1,17.0,17.0,deux_roues,deux_roues,5,2,2,1,4
202200031498,2022-04-11 14:30:00,2022,4,11,14,30,75,75109,PLACE DE L OPERA,48.871065,2.331899,Plein jour,En agglomération,Place,Normale,Autre collision,4,2,2,0,1,1,1,0,1,30,1,2,1,0,0,1,,,voiture,,1,2,7,1,6
202200031499,2022-06-19 19:23:00,2022,6,19,19,23,54,54205,Route de trondes,48.6954213908,5.7629682784,Plein jour,Hors agglomération,Hors intersection,Normale,Autre collision,4,2,2,0,1,1,1,0,3,80,1,1,0,0,1,0,19.0,,voiture,,1,1,1,1,6
202200031500,2022-01-22 16:40:00,2022,1,22,16,40,93,93008,Chemin de Groslay,48.9067659774,2.4708874226,Plein jour,En agglomération,Hors intersection,Normale,Deux véhicules - côté,4,1,1,0,2,1,1,0,1,50,2,6,3,0,0,3,31.0,24.0,voiture,voiture,1,2,1,1,3
202200031501,2022-06-17 22:00:00,2022,6,17,22,0,14,14659,D183,49.059277,-0.225753,Plein jour,Hors agglomération,Hors intersection,Normale,Deux véhicules - frontale,3,2,2,0,3,4,1,0,1,80,2,2,0,1,0,1,41.0,23.0,voiture,deux_roues,1,1,1,1,1
202200031502,2022-04-11 16:35:00,2022,4,11,16,35,75,75107,QUAI D ORSAY,48.862844,2.313464,Plein jour,En agglomération,Intersection en X,Normale,Deux véhicules - côté,4,1,2,1,1,1,1,0,1,30,2,2,1,0,0,1,37.0,22.0,voiture,deux_roues,1,2,2,1,3
202200031503,2022-01-21 22:25:00,2022,1,21,22,25,92,92046,Charles de gaulle,48.8225994116,2.2989665419,Nuit avec éclairage allumé,En agglomération,Hors intersection,Normale,Autre collision,3,2,2,0,1,1,1,0,1,50,1,2,1,0,0,1,21.0,,deux_roues,,5,2,1,1,6
202200031504,2022-06-18 15:50:00,2022,6,18,15,50,50,50624,22 Route de Coutances,49.07407,-1.470768,Plein jour,Hors agglomération,Hors intersection,Temps éblouissant,Autre collision,3,2,2,0,1,1,1,0,1,80,1,1,0,0,1,0,29.0,,deux_roues,,1,1,1,7,6
202200031505,2022-04-11 11:48:00,2022,4,11,11,48,94,94078,Rue de Paris,48.75136,2.44531,Plein jour,En agglomération,Intersection en X,Normale,Deux véhicules - côté,2,1,2,0,1,1,1,0,1,50,2,2,1,0,0,1,21.0,25.0,voiture,voiture,1,2,2,1,3
202200031506,2022-01-22 15:36:00,2022,1,22,15,36,92,92044,DANTON(RUE) 1A73 ET 2A88,48.8880561289,2.2861916497,Plein jour,En agglomération,Intersection en X,Normale,Deux véhicules - côté,4,1,1,0,1,1,1,0,1,50,2,3,0,0,0,3,32.0,18.0,voiture,deux_roues,1,2,2,1,3
202200031507,2022-06-19 16:35:00,2022,6,19,16,35,09,09173,D919,43.034632,1.545499,Plein jour,Hors agglomération,Hors intersection,Normale,Deux véhicules - frontale,3,2,2,0,2,1,1,0,1,80,2,6,2,0,2,2,46.0,62.0,voiture,voiture,1,1,1,1,1
202200031508,2022-04-11 14:40:00,2022,4,11,14,40,94,94003,96 Rue Camille Desmoulins,48.79778,2.34436,Plein jour,En agglomération,Hors intersection,Normale,Sans collision,3,1,2,0,2,1,1,0,4,50,1,1,0,0,0,1,36.0,,utilitaire_camion,,1,2,1,1,7
202200031509,2022-06-18 21:00:00,2022,6,18,21,0,18,18054,,46.883464,2.766817,Plein jour,Hors agglomération,Hors intersection,Normale,Deux véhicules - frontale,3,2,2,0,1,1,1,0,1,90,2,2,1,0,1,0,56.0,35.0,utilitaire_camion,deux_roues,1,1,1,1,1
202200031510,2022-01-22 18:55:00,2022,1,22,18,55,92,92035,Aigle ( rue de l' ),48.9045766913,2.2459474504,Nuit sans éclairage public,En agglomération,Hors intersection,Normale,Deux véhicules - arrière,4,2,2,0,1,1,1,0,1,50,2,2,1,0,0,1,46.0,28.0,deux_roues,voiture,3,2,1,1,2
202200031511,2022-01-22 13:20:00,2022,1,22,13,20,35,35013,RD 177,47.685703,-2.063924,Plein jour,Hors agglomération,Hors intersection,Normale,Sans collision,3,3,4,0,1,1,2,0,3,110,1,1,0,0,1,0,46.0,,deux_roues,,1,1,1,1,7
202200031512,2022-04-11 14:10:00,2022,4,11,14,10,94,94003,Avenue de la Convention,48.80087,2.33338,Plein jour,En agglomération,Intersection en X,Normale,Deux véhicules - côté,3,2,3,0,1,1,1,0,1,50,2,2,1,0,0,1,42.0,56.0,voiture,voiture,1,2,2,1,3
202200031513,2022-06-18 14:39:00,2022,6,18,14,39,43,43268,Route de Retournac,45.153263,4.088545,Plein jour,Hors agglomération,Hors intersection,Normale,Deux véhicules - frontale,3,2,2,0,1,2,1,0,1,90,2,2,1,0,1,0,26.0,32.0,utilitaire_camion,voiture,1,1,1,1,1
202200031514,2022-06-19 01:30:00,2022,6,19,1,30,07,07328,,44.344539,4.364213,Nuit sans éclairage public,Hors agglomération,Hors intersection,Normale,Autre collision,3,2,2,0,1,1,1,0,3,80,1,1,0,1,0,0,18.0,,deux_roues,,3,1,1,1,6
202200031515,2022-01-22 12:20:00,2022,1,22,12,20,62,62150,RD 142,50.422929,1.815534,Plein jour,Hors agglomération,Hors intersection,Normale,Deux véhicules - frontale,3,2,2,0,2,2,1,0,1,80,2,3,1,0,1,1,26.0,42.0,voiture,voiture,1,1,1,1,1
202200031516,2022-04-11 12:45:00,2022,4,11,12,45,94,94034,Avenue de la Paix,48.76093,2.32999,Plein jour,En agglomération,Intersection en T,Normale,Deux véhicules - côté,4,2,2,0,1,1,1,0,1,50,2,2,1,0,0,1,38.0,27.0,deux_roues,voiture,1,2,3,1,3
202200031517,2022-06-19 17:45:00,2022,6,19,17,45,07,07096,D120,44.852933,4.561644,Plein jour,Hors agglomération,Hors intersection,Normale,Sans collision,3,2,2,0,4,4,1,0,1,70,1,2,1,0,0,1,35.0,,deux_roues,,1,1,1,1,7
202200031518,2022-01-23 08:15:00,2022,1,23,8,15,24,24295,Route de l Alambic,45.121552,0.575677,Plein jour,Hors agglomération,Hors intersection,Normale,Autre collision,4,2,2,0,1,1,1,0,3,80,1,1,0,1,0,0,72.0,,voiture,,1,1,1,1,6
202200031519,2022-04-09 20:47:00,2022,4,9,20,47,94,94038,Avenue Henri Barbusse,48.7808,2.327816,Crépuscule ou aube,En agglomération,Hors intersection,Normale,Autre collision,3,2,2,0,1,1,1,0,1,50,1,2,1,0,0,1,,,voiture,,2,2,1,1,6
202200031520,2022-06-19 01:45:00,2022,6,19,1,45,24,24074,D704a,44.860017,1.29644,Nuit sans éclairage public,Hors agglomération,Hors intersection,Normale,Deux véhicules - frontale,3,1,2,0,1,1,1,0,1,80,2,2,0,0,1,1,24.0,26.0,voiture,voiture,3,1,1,1,1
202200031521,2022-01-22 21:00:00,2022,1,22,21,0,31,31113,21 Avenue du Lauragais,43.514323,1.499675,Nuit avec éclairage allumé,En agglomération,Hors intersection,Normale,Autre collision,3,2,2,0,1,1,1,0,1,50,1,2,1,0,0,1,20.0,,voiture,,5,2,1,1,6
202200031522,2022-06-17 21:47:00,2022,6,17,21,47,24,24520,Avenue Simone Veil,44.874997,1.225759,Crépuscule ou aube,En agglomération,Hors intersection,Normale,Autre collision,3,2,2,0,1,1,1,0,3,50,1,2,0,0,1,1,24.0,,voiture,,2,2,1,1,6
202200031523,2022-01-22 11:25:00,2022,1,22,11,25,57,57469,D39a,48.87451,6.958809,Plein jour,Hors agglomération,Hors intersection,Normale,Autre collision,3,2,2,0,2,4,2,0,3,80,1,2,1,0,1,0,37.0,,voiture,,1,1,1,1,6
202200031524,2022-04-10 18:20:00,2022,4,10,18,20,94,94017,Pont de Nogent,48.83067,2.49301,Plein jour,En agglomération,Hors intersection,Normale,Trois véhicules et plus - en chaîne,2,3,5,0,1,1,1,2,1,50,3,3,2,0,0,1,29.0,61.0,voiture,voiture,1,2,1,1,4
202200031525,2022-06-19 16:40:00,2022,6,19,16,40,23,23048,Epinasse,46.007831,2.312724,Plein jour,Hors agglomération,Hors intersection,Normale,Deux véhicules - frontale,3,2,2,0,1,1,1,0,3,90,1,4,0,2,2,0,42.0,,voiture,,1,1,1,1,1
202200031526,2022-04-10 07:15:00,2022,4,10,7,15,94,94017,Boulevard de Stalingrad / Rue de Rosignano Marittimo,48.8177910233,2.5060050487,Plein jour,En agglomération,Intersection en T,Normale,Deux véhicules - frontale,3,2,2,1,1,3,1,0,1,50,2,2,0,0,0,2,41.0,42.0,voiture,voiture,1,2,3,1,1
202200031527,2022-06-16 09:36:00,2022,6,16,9,36,37,37223,La Croix du Chêne Pilé,47.5155304863,0.287527442,Plein jour,Hors agglomération,Intersection en T,Normale,Deux véhicules - côté,3,2,1,0,1,1,1,0,1,70,2,2,1,0,1,0,67.0,74.0,voiture,voiture,1,1,3,1,3
202200031528,2022-01-23 18:25:00,2022,1,23,18,25,71,71270,A6 PK 391+700,46.281931,4.788634,Nuit sans éclairage public,Hors agglomération,Hors intersection,Normale,Autre collision,1,3,5,0,1,1,1,0,1,130,2,6,5,0,1,0,27.0,40.0,voiture,voiture,3,1,1,1,6
202200031529,2022-06-19 01:15:00,2022,6,19,1,15,88,88372,Rue Charles Clavière,48.407529,6.844102,Nuit avec éclairage allumé,En agglomération,Hors intersection,Normale,Autre collision,4,2,2,0,1,1,1,0,1,30,1,1,0,0,1,0,67.0,,voiture,,5,2,1,1,6
202200031530,2022-01-22 14:30:00,2022,1,22,14,30,58,58044,Cadoux,47.50156519,2.9062861462,Plein jour,Hors agglomération,Hors intersection,Temps couvert,Autre collision,3,2,2,0,1,2,1,0,3,80,1,1,0,1,0,0,74.0,,voiture,,1,1,1,8,6
202200031531,2022-04-11 19:35:00,2022,4,11,19,35,93,93070,Rue Emmy Noether / Boulevard Victor Hugo,48.90487,2.32231,Plein jour,En agglomération,Intersection en X,Normale,Sans collision,3,3,4,3,1,1,1,0,1,-1,1,2,1,0,0,1,54.0,,voiture,,1,2,2,1,7
202200031532,2022-06-18 19:00:00,2022,6,18,19,0,88,88496,D18,48.219333,5.799955,Plein jour,Hors agglomération,Hors intersection,Normale,Sans collision,3,2,1,0,1,1,1,0,3,70,1,1,0,0,1,0,24.0,,voiture,,1,1,1,1,7
202200031533,2022-01-23 02:15:00,2022,1,23,2,15,85,85084,RD 48,46.747568,-1.1144605,Nuit sans éclairage public,Hors agglomération,Hors intersection,Normale,Autre collision,3,2,2,0,1,1,2,0,3,80,1,2,0,1,1,0,32.0,,voiture,,3,1,1,1,6
202200031534,2022-04-11 18:20:00,2022,4,11,18,20,93,93064,Boulevard Gabriel Péri / Rue Conrad Adenauer,48.87755,2.48343,Plein jour,En agglomération,Intersection en T,Normale,Autre collision,3,3,4,0,1,1,1,0,1,30,1,2,1,0,0,1,49.0,,voiture,,1,2,3,1,6
202200031535,2022-06-19 03:40:00,2022,6,19,3,40,53,53145,"D22, PR 20+560",47.840324,-0.792496,Nuit sans éclairage public,Hors agglomération,Hors intersection,Pluie légère,Deux véhicules - frontale,3,2,2,0,1,1,2,0,1,90,2,3,0,3,0,0,26.0,19.0,voiture,voiture,3,1,1,2,1
202200031536,2022-01-22 17:14:00,2022,1,22,17,14,22,22267,D16,48.309138,-2.341654,Plein jour,Hors agglomération,Hors intersection,Normale,Autre collision,3,2,2,0,1,2,1,0,1,80,1,2,1,0,1,0,65.0,,voiture,,1,1,1,1,6
202200031537,2022-04-11 16:15:00,2022,4,11,16,15,93,93051,Boulevard du Champy Richardets,48.8370727124,2.5730404258,Plein jour,En agglomération,Hors intersection,Normale,Autre collision,4,2,2,0,1,1,1,0,1,50,1,2,1,0,0,1,39.0,,voiture,,1,2,1,1,6
202200031538,2022-06-18 22:50:00,2022,6,18,22,50,68,68042,A35,47.623007,7.510035,Nuit sans éclairage public,Hors agglomération,Hors intersection,Normale,Deux véhicules - arrière,1,3,4,0,2,1,1,0,1,130,2,6,0,0,2,4,28.0,43.0,utilitaire_camion,voiture,3,1,1,1,2
202200031539,2022-01-23 15:30:00,2022,1,23,15,30,91,91225,D33,48.660037,2.51724,Plein jour,Hors agglomération,Hors intersection,Normale,Trois véhicules et plus - en chaîne,3,2,2,0,1,1,1,0,1,80,3,3,2,0,0,1,38.0,42.0,voiture,voiture,1,1,1,1,4
202200031540,2022-04-11 18:15:00,2022,4,11,18,15,93,93010,Avenue de Rosny,48.90117,2.47095,Plein jour,En agglomération,Hors intersection,Normale,Trois véhicules et plus - collisions multiples,3,2,2,0,1,1,1,0,1,50,3,5,2,0,0,3,24.0,42.0,voiture,voiture,1,2,1,1,5
202200031541,2022-06-18 13:45:00,2022,6,18,13,45,69,69253,12 Route de Lyon,45.4805726514,4.7836758161,Plein jour,Hors agglomération,Hors intersection,Normale,Deux véhicules - côté,3,2,2,0,1,1,1,0,1,80,2,5,3,0,0,2,34.0,55.0,voiture,voiture,1,1,1,1,3
202200031542,2022-01-21 18:30:00,2022,1,21,18,30,56,56075,D773,47.93213,-2.127743,Crépuscule ou aube,Hors agglomération,Intersection en Y,Pluie légère,Deux véhicules - côté,2,1,1,-1,3,2,2,3,1,50,2,2,1,0,0,1,19.0,17.0,voiture,deux_roues,2,1,4,2,3
202200031543,2022-04-11 18:50:00,2022,4,11,18,50,93,93005,Rue Jacques Duclos,48.9487,2.4896,Plein jour,En agglomération,Hors intersection,Normale,Deux véhicules - arrière,3,3,4,0,1,1,1,0,1,50,2,2,1,0,0,1,20.0,30.0,utilitaire_camion,deux_roues,1,2,1,1,2
202200031544,2022-06-18 07:45:00,2022,6,18,7,45,988,98822,Tribu de Tié - RT3,-20.89861,165.29864,Plein jour,Hors agglomération,Intersection en T,Pluie légère,Autre collision,3,2,2,0,1,1,2,0,3,70,1,2,1,1,0,0,24.0,,voiture,,1,1,3,2,6
202200031545,2022-01-22 18:15:00,2022,1,22,18,15,89,89235,D606,47.492892,3.974068,Nuit sans éclairage public,Hors agglomération,Intersection en T,Temps couvert,Deux véhicules - frontale,3,2,2,0,2,1,1,0,1,80,2,2,1,0,1,0,43.0,17.0,voiture,deux_roues,3,1,3,8,1