accident_id,datetime,annee,mois,jour,heure,minute,departement,commune_insee,adresse,latitude,longitude,luminosite,agglomeration,intersection,meteo,collision,catr,circ,nbv,vosp,prof,plan,surf,infra,situ,vma,nb_vehicules,nb_usagers,nb_indemnes,nb_tues,nb_blesses_hosp,nb_blesses_legers,age_cond_1,age_cond_2,veh_type_cond_1,veh_type_cond_2,lum_code,agg_code,int_code,atm_code,col_code
202200031638,2022-04-12 21:00:00,2022,4,12,21,0,68,68320,Rue de Thann (Spechbach-le-Bas),47.669144,7.227641,Nuit avec éclairage allumé,En agglomération,Hors intersection,Normale,Deux véhicules - côté,3,2,2,0,1,1,1,0,1,50,2,2,1,0,0,1,18.0,45.0,deux_roues,voiture,5,2,1,1,3
202200031639,2022-06-17 06:35:00,2022,6,17,6,35,69,69388,Boulevard des Etats-Unis,45.72934,4.86774,Crépuscule ou aube,En agglomération,Intersection à plus de 4 branches,Normale,Deux véhicules - côté,4,2,2,3,1,1,1,0,1,50,2,4,1,0,0,3,53.0,22.0,transport_commun,voiture,2,2,5,1,3
202200031640,2022-04-12 14:00:00,2022,4,12,14,0,29,29077,Lieu Dit Poul Ar March,48.626162,-4.385245,Plein jour,Hors agglomération,Intersection en X,Normale,Trois véhicules et plus - collisions multiples,3,2,2,0,1,1,1,0,1,80,3,3,1,0,1,1,21.0,67.0,voiture,voiture,1,1,2,1,5
202200031641,2022-06-17 15:50:00,2022,6,17,15,50,972,97209,AGEGILAS (CHEMIN),14.61806,-61.07184,Plein jour,En agglomération,Hors intersection,Normale,Autre collision,4,2,1,0,2,2,1,0,1,50,1,1,0,0,1,0,63.0,,voiture,,1,2,1,1,6
202200031642,2022-06-17 07:15:00,2022,6,17,7,15,972,97213,,14.6207,-61.0313,Plein jour,Hors agglomération,Hors intersection,Normale,Deux véhicules - côté,3,2,2,0,2,1,1,0,1,50,2,2,0,0,0,2,29.0,22.0,voiture,voiture,1,1,1,1,3
202200031643,2022-01-21 19:25:00,2022,1,21,19,25,13,13211,A50-Sens Aubagne vers Marseille,43.28594,5.51141,Nuit sans éclairage public,Hors agglomération,Hors intersection,Normale,Trois véhicules et plus - en chaîne,1,1,3,0,1,1,1,0,1,90,4,5,3,0,0,2,41.0,26.0,voiture,utilitaire_camion,3,1,1,1,4
202200031644,2022-04-12 18:05:00,2022,4,12,18,5,14,14012,D675,49.240818125,-0.0207796044,Plein jour,Hors agglomération,Intersection en T,Normale,Trois véhicules et plus - collisions multiples,3,2,2,0,1,1,1,0,1,90,3,3,1,0,1,1,34.0,44.0,voiture,voiture,1,1,3,1,5
202200031645,2022-06-16 20:00:00,2022,6,16,20,0,972,97209,RD 41 (ROCADE),14.61056,-61.08512,Nuit sans éclairage public,Hors agglomération,Hors intersection,Normale,Deux véhicules - arrière,3,1,2,0,2,1,1,0,1,90,2,2,1,0,1,0,27.0,60.0,deux_roues,voiture,3,1,1,1,2
202200031646,2022-04-13 15:45:00,2022,4,13,15,45,60,60509,D1017,49.322926,2.603545,Plein jour,Hors agglomération,Hors intersection,Temps couvert,Deux véhicules - frontale,3,2,2,0,1,1,2,0,1,80,2,3,0,0,0,3,43.0,66.0,voiture,voiture,1,1,1,8,1
202200031647,2022-01-22 04:15:00,2022,1,22,4,15,91,91570,RN 104,48.62528,2.319195,Nuit sans éclairage public,Hors agglomération,Hors intersection,Normale,Autre collision,2,3,4,0,1,1,1,0,1,110,1,5,1,0,4,0,26.0,,voiture,,3,1,1,1,6
202200031648,2022-06-17 16:55:00,2022,6,17,16,55,2B,2B353,FORT DE TOGA (RUE DU),42.71401,9.45202,Plein jour,En agglomération,Intersection en T,Normale,Deux véhicules - frontale,4,2,2,0,3,2,1,0,1,50,2,2,1,0,0,1,57.0,51.0,deux_roues,voiture,1,2,3,1,1
202200031649,2022-04-12 18:30:00,2022,4,12,18,30,73,73128,D1201 Route de l Albanais,45.7169988878,5.9177287437,Plein jour,Hors agglomération,Intersection en T,Normale,Deux véhicules - côté,3,2,2,0,2,1,1,0,1,70,2,2,1,0,1,0,28.0,34.0,deux_roues,voiture,1,1,3,1,3
202200031650,2022-04-09 17:32:00,2022,4,9,17,32,18,18069,La Tranchasse,46.684724,2.541952,Plein jour,Hors agglomération,Hors intersection,Normale,Sans collision,9,-1,2,0,1,4,9,9,6,-1,1,1,0,0,1,0,77.0,,deux_roues,,1,1,1,1,7
202200031651,2022-04-10 18:45:00,2022,4,10,18,45,36,36120,Le Lac Girault,46.695962,1.887884,Plein jour,Hors agglomération,Intersection en X,Normale,Deux véhicules - côté,3,2,2,0,1,1,1,0,1,90,2,2,1,0,1,0,51.0,21.0,voiture,deux_roues,1,1,2,1,3
202200031652,2022-04-09 02:00:00,2022,4,9,2,0,87,87133,La Croisiere,46.203125,1.379884,Nuit sans éclairage public,Hors agglomération,Giratoire,Normale,Autre collision,3,2,2,0,1,1,1,9,1,90,1,2,1,0,1,0,27.0,,voiture,,3,1,6,1,6
202200031653,2022-04-11 07:20:00,2022,4,11,7,20,37,37154,13 Rue du Pr Guillaume Louis,47.285864961,0.7098975778,Crépuscule ou aube,En agglomération,Hors intersection,Normale,Sans collision,4,1,2,2,3,1,1,0,1,30,1,1,0,1,0,0,60.0,,deux_roues,,2,2,1,1,7
202200031654,2022-04-12 20:30:00,2022,4,12,20,30,95,95394,RD 44,49.057779,2.168153,Nuit avec éclairage allumé,En agglomération,Hors intersection,Pluie légère,Trois véhicules et plus - collisions multiples,3,2,2,0,1,2,2,0,1,50,3,5,3,0,2,0,28.0,36.0,voiture,voiture,5,2,1,2,5
202200031655,2022-04-12 22:40:00,2022,4,12,22,40,67,67465,A35,48.786354,7.962255,Nuit sans éclairage public,Hors agglomération,Hors intersection,Normale,Deux véhicules - arrière,1,3,2,0,1,3,1,0,1,130,2,4,1,0,0,3,23.0,55.0,voiture,voiture,3,1,1,1,2
202200031656,2022-04-13 08:55:00,2022,4,13,8,55,69,69244,84 Route de Paris,45.768842,4.758959,Plein jour,En agglomération,Hors intersection,Normale,Deux véhicules - arrière,7,2,3,0,1,1,1,0,1,50,2,2,1,0,1,0,36.0,43.0,deux_roues,voiture,1,2,1,1,2
202200031657,2022-04-13 07:53:00,2022,4,13,7,53,01,01213,Autoroute A42 sens GENEVE/LYON pk 038+700,45.947151,5.2988,Plein jour,Hors agglomération,Hors intersection,Normale,Trois véhicules et plus - en chaîne,1,1,2,0,1,3,1,0,1,130,4,6,5,0,0,1,34.0,27.0,voiture,voiture,1,1,1,1,4
202200031658,2022-04-11 17:22:00,2022,4,11,17,22,01,01142,A42,45.851219,5.090463,Plein jour,Hors agglomération,Hors intersection,Normale,Autre collision,1,3,4,0,1,1,1,0,1,130,1,1,0,0,0,1,28.0,,voiture,,1,1,1,1,6
202200031659,2022-04-12 17:15:00,2022,4,12,17,15,68,68297,PFD PK 126.600 SENS SUISSE FRANCE,47.576974,7.560632,Plein jour,Hors agglomération,Autre intersection,Normale,Deux véhicules - côté,1,3,4,0,1,4,1,9,1,30,2,2,1,0,0,1,60.0,58.0,voiture,deux_roues,1,1,9,1,3
202200031660,2022-04-11 18:40:00,2022,4,11,18,40,38,38397,A41,45.239766,5.846859,Plein jour,Hors agglomération,Hors intersection,Normale,Trois véhicules et plus - collisions multiples,1,1,1,0,1,1,1,3,1,90,4,7,5,0,2,0,23.0,42.0,voiture,voiture,1,1,1,1,5
202200031661,2022-04-09 18:45:00,2022,4,9,18,45,971,97107,"RN1, Ste Marie",16.101366,-61.564357,Nuit avec éclairage allumé,En agglomération,Hors intersection,Normale,Autre collision,2,2,2,0,1,1,1,0,1,50,1,2,1,0,1,0,72.0,,voiture,,5,2,1,1,6
202200031662,2022-04-11 17:00:00,2022,4,11,17,0,29,29234,D765,47.8487022785,-3.5090466142,Plein jour,Hors agglomération,Intersection en X,Normale,Deux véhicules - côté,2,1,1,0,1,1,1,3,1,70,2,2,1,0,0,1,59.0,23.0,deux_roues,voiture,1,1,2,1,3
202200031663,2022-04-12 21:10:00,2022,4,12,21,10,2A,2A247,Route de Piccovaggia,41.572579,9.282289,Nuit sans éclairage public,Hors agglomération,Hors intersection,Normale,Autre collision,3,2,2,0,1,1,1,0,3,80,1,1,0,0,1,0,25.0,,deux_roues,,3,1,1,1,6
202200031664,2022-04-10 14:45:00,2022,4,10,14,45,68,68292,7 Rue de l Industrie,47.87397,7.024646,Plein jour,En agglomération,Hors intersection,Normale,Sans collision,4,2,2,0,1,1,1,0,1,50,1,1,0,0,0,1,17.0,,deux_roues,,1,2,1,1,7
202200031665,2022-04-11 17:20:00,2022,4,11,17,20,68,68040,47 Rue du Rhin,47.824454,7.081558,Plein jour,En agglomération,Hors intersection,Normale,Deux véhicules - côté,3,2,2,0,1,1,1,0,1,50,2,2,1,0,1,0,36.0,16.0,voiture,deux_roues,1,2,1,1,3
202200031666,2022-11-05 14:20:00,2022,11,5,14,20,29,29284,Leslae,47.821108,-4.26527,Plein jour,Hors agglomération,Intersection en T,Normale,Autre collision,3,2,2,0,1,1,1,5,3,70,1,1,0,0,0,1,64.0,,voiture,,1,1,3,1,6
202200031667,2022-11-07 17:15:00,2022,11,7,17,15,01,01363,Chemin de la Passe,46.035124,5.384545,Nuit sans éclairage public,En agglomération,Intersection en T,Normale,Deux véhicules - côté,4,2,2,0,1,1,1,0,1,50,2,3,1,0,0,2,46.0,43.0,voiture,voiture,3,2,3,1,3
202200031668,2022-11-07 05:30:00,2022,11,7,5,30,26,26360,Route de Montelimar,44.419888,4.810317,Nuit sans éclairage public,Hors agglomération,Hors intersection,Normale,Deux véhicules - côté,3,2,2,0,1,1,1,0,1,80,2,2,1,0,1,0,25.0,68.0,deux_roues,utilitaire_camion,3,1,1,1,3
202200031669,2022-11-06 10:15:00,2022,11,6,10,15,14,14726,D512,48.841743,-0.779021,Plein jour,Hors agglomération,Hors intersection,Pluie forte,Autre collision,3,2,2,0,2,1,2,0,3,90,1,1,0,0,0,1,21.0,,voiture,,1,1,1,3,6
202200031670,2022-11-07 19:00:00,2022,11,7,19,0,64,64082,D 28 ,43.458491,-1.01572,Nuit sans éclairage public,Hors agglomération,Intersection en X,Normale,Deux véhicules - côté,3,2,2,0,1,1,1,5,1,70,2,2,1,0,1,0,47.0,45.0,voiture,utilitaire_camion,3,1,2,1,3
202200031671,2022-11-07 17:15:00,2022,11,7,17,15,64,64309,RD7,43.369876,-0.050865,Plein jour,Hors agglomération,Intersection en X,Temps couvert,Deux véhicules - côté,3,2,2,0,1,1,1,0,1,80,2,4,3,0,1,0,66.0,23.0,voiture,utilitaire_camion,1,1,2,8,3
202200031672,2022-11-06 03:30:00,2022,11,6,3,30,10,10051,rn 77,48.186347,4.005514,Nuit sans éclairage public,Hors agglomération,Hors intersection,Pluie légère,Deux véhicules - frontale,2,-1,1,0,1,1,2,0,3,80,1,1,0,0,1,0,27.0,,voiture,,3,1,1,2,1
202200031673,2022-11-07 14:00:00,2022,11,7,14,0,16,16379,intersection D45 et rue du bois Jeantou,45.798442,0.415074,Plein jour,Hors agglomération,Intersection en T,Normale,Deux véhicules - côté,3,2,2,0,1,1,1,0,1,80,2,3,2,0,1,0,49.0,66.0,utilitaire_camion,utilitaire_camion,1,1,3,1,3
202200031674,2022-10-10 08:45:00,2022,10,10,8,45,87,87202,PK 50.855,45.886456,1.075957,Plein jour,Hors agglomération,Hors intersection,Normale,Deux véhicules - arrière,2,3,4,0,1,1,1,0,2,110,2,2,1,0,1,0,39.0,55.0,utilitaire_camion,voiture,1,1,1,1,2
202200031675,2022-11-08 07:10:00,2022,11,8,7,10,87,87041,le verger,46.141471,1.247807,Crépuscule ou aube,Hors agglomération,Hors intersection,Normale,Deux véhicules - arrière,3,2,2,0,1,1,1,0,1,90,2,2,1,1,0,0,81.0,46.0,deux_roues,voiture,2,1,1,1,2
202200031676,2022-11-08 11:10:00,2022,11,8,11,10,08,08448,Rue du Faucon,49.882292,4.822429,Plein jour,En agglomération,Intersection en T,Normale,Deux véhicules - côté,3,2,2,0,1,1,2,0,1,50,2,2,1,1,0,0,91.0,49.0,voiture,utilitaire_camion,1,2,3,1,3
202200031677,2022-10-29 04:35:00,2022,10,29,4,35,987,98752,PK 50.500 C/mer,-17.722,-149.399,Nuit avec éclairage allumé,Hors agglomération,Hors intersection,Normale,Deux véhicules - frontale,2,2,2,0,1,1,1,0,5,60,2,2,1,0,1,0,36.0,24.0,voiture,deux_roues,5,1,1,1,1
202200031678,2022-11-07 15:50:00,2022,11,7,15,50,19,19146,Rd 1120 - Cézarin,45.32443,1.76889,Plein jour,Hors agglomération,Hors intersection,Normale,Deux véhicules - arrière,3,2,2,0,1,1,1,0,1,70,2,2,1,0,0,1,31.0,53.0,deux_roues,voiture,1,1,1,1,2
202200031679,2022-11-07 18:00:00,2022,11,7,18,0,45,45145,D115 PR 9 + 508,48.08238,2.799261,Nuit sans éclairage public,Hors agglomération,Hors intersection,Normale,Sans collision,3,2,2,0,1,2,1,0,3,80,1,2,0,1,1,0,44.0,,utilitaire_camion,,3,1,1,1,7
202200031680,2022-11-07 15:25:00,2022,11,7,15,25,53,53267,A81,48.05842,-0.496681,Plein jour,Hors agglomération,Hors intersection,Normale,Autre collision,1,3,4,0,1,1,2,8,1,130,1,2,1,0,1,0,63.0,,voiture,,1,1,1,1,6
202200031681,2022-11-08 17:22:00,2022,11,8,17,22,95,95580,RD 16,49.0853549423,2.5450019821,Crépuscule ou aube,Hors agglomération,Hors intersection,Normale,Deux véhicules - côté,3,2,2,0,1,1,1,0,1,80,2,9,8,0,0,1,45.0,40.0,transport_commun,utilitaire_camion,2,1,1,1,3
202200031682,2022-11-07 14:00:00,2022,11,7,14,0,38,38557,D124z,45.768234,5.119865,Plein jour,Hors agglomération,Hors intersection,Normale,Deux véhicules - arrière,3,2,2,0,2,1,1,0,1,80,2,2,1,0,0,1,27.0,47.0,utilitaire_camion,utilitaire_camion,1,1,1,1,2
202200031683,2022-11-08 08:15:00,2022,11,8,8,15,38,38449,"A43, PK021+900",45.647528,5.123963,Plein jour,Hors agglomération,Hors intersection,Normale,Deux véhicules - arrière,1,3,3,0,1,1,1,0,8,130,2,3,2,0,1,0,31.0,35.0,voiture,voiture,1,1,1,1,2
202200031684,2022-11-07 03:00:00,2022,11,7,3,0,60,60424,Autoroute A1 - PK 074.600,49.468206668,2.7086046746,Nuit sans éclairage public,Hors agglomération,Hors intersection,Normale,Deux véhicules - côté,1,3,3,0,1,1,1,0,1,130,2,5,4,0,1,0,51.0,27.0,voiture,voiture,3,1,1,1,3
202200031685,2022-11-08 02:30:00,2022,11,8,2,30,975,97502,2 Rue Marceau,46.776758,-56.181073,Nuit avec éclairage allumé,En agglomération,Hors intersection,Normale,Deux véhicules - côté,4,2,2,0,2,2,1,0,1,50,1,1,0,0,0,1,28.0,,voiture,,5,2,1,1,3
202200031686,2022-11-06 15:45:00,2022,11,6,15,45,971,97134,Marigot,16.082888,-61.767207,Plein jour,En agglomération,Hors intersection,Normale,Deux véhicules - frontale,2,2,2,0,1,2,1,0,1,50,2,2,1,0,1,0,26.0,63.0,deux_roues,voiture,1,2,1,1,1
202200031687,2022-11-07 00:00:00,2022,11,7,0,0,28,28096,Départementale 21.6,48.882018,1.498132,Nuit sans éclairage public,Hors agglomération,Hors intersection,Normale,Sans collision,3,2,2,0,3,1,2,0,3,80,1,4,0,0,2,2,18.0,,voiture,,3,1,1,1,7
202200031688,2022-11-07 16:40:00,2022,11,7,16,40,77,77008,Rue de l'Abreuvoir,48.977071,3.019009,Plein jour,En agglomération,Autre intersection,Normale,Autre collision,4,1,1,0,2,1,1,0,1,50,1,2,1,0,0,1,44.0,,voiture,,1,2,9,1,6
202200031689,2022-11-04 19:35:00,2022,11,4,19,35,77,77095,D54,48.956904,2.748191,Nuit sans éclairage public,Hors agglomération,Hors intersection,Normale,Deux véhicules - frontale,3,2,2,0,1,1,2,0,1,80,2,2,0,0,2,0,36.0,43.0,voiture,voiture,3,1,1,1,1
202200031690,2022-11-08 12:20:00,2022,11,8,12,20,77,77415,D603,48.959338,3.001011,Plein jour,Hors agglomération,Hors intersection,Normale,Deux véhicules - frontale,3,3,2,0,2,2,1,0,1,90,2,2,1,0,1,0,28.0,34.0,voiture,utilitaire_camion,1,1,1,1,1
202200031691,2022-11-07 18:15:00,2022,11,7,18,15,2B,2B148,Brancale,42.529814,9.454521,Nuit sans éclairage public,Hors agglomération,Hors intersection,Normale,Deux véhicules - arrière,2,3,2,0,1,1,1,0,1,110,2,3,0,0,0,3,39.0,21.0,voiture,voiture,3,1,1,1,2
202200031692,2022-11-07 07:50:00,2022,11,7,7,50,30,30128,Route de Nimes,43.7429,4.3432,Plein jour,Hors agglomération,Autre intersection,Normale,Trois véhicules et plus - collisions multiples,3,2,2,0,1,1,1,0,1,80,3,3,2,0,1,0,37.0,44.0,voiture,voiture,1,1,9,1,5
202200031693,2022-11-07 17:10:00,2022,11,7,17,10,83,83068,1626 Route de Sainte Maxime,43.276026,6.555609,Plein jour,Hors agglomération,Hors intersection,Normale,Deux véhicules - côté,3,2,2,0,2,1,1,0,1,80,2,2,1,0,1,0,56.0,22.0,utilitaire_camion,voiture,1,1,1,1,3
202200031694,2022-11-06 16:00:00,2022,11,6,16,0,13,13030,route departementale 8,43.266378,5.661843,Plein jour,Hors agglomération,Hors intersection,Normale,Deux véhicules - frontale,3,2,2,0,1,1,1,0,1,80,2,3,2,0,1,0,64.0,21.0,voiture,deux_roues,1,1,1,1,1
202200031695,2022-11-05 20:00:00,2022,11,5,20,0,08,08190,2 Rue de Mon Bijou,50.146818,4.822295,Nuit avec éclairage allumé,En agglomération,Hors intersection,Normale,Autre collision,3,2,2,0,1,1,1,0,1,50,1,2,0,0,1,1,18.0,,deux_roues,,5,2,1,1,6
202200031696,2022-11-07 07:13:00,2022,11,7,7,13,38,38468,D 51,45.339719,4.797378,Crépuscule ou aube,Hors agglomération,Intersection en T,Normale,Deux véhicules - côté,3,3,2,0,1,1,1,0,1,50,2,2,1,0,1,0,16.0,42.0,deux_roues,voiture,2,1,3,1,3
202200031697,2022-11-05 16:00:00,2022,11,5,16,0,38,38377,Route de Faverges,45.574459,5.481008,Plein jour,Hors agglomération,Hors intersection,Normale,Deux véhicules - frontale,3,2,2,0,2,3,1,0,1,50,2,2,1,0,0,1,34.0,57.0,voiture,voiture,1,1,1,1,1
202200031698,2022-11-06 00:50:00,2022,11,6,0,50,38,38467,D522,45.668398,5.339409,Nuit sans éclairage public,Hors agglomération,Hors intersection,Brouillard / fumée,Deux véhicules - frontale,3,2,1,0,1,1,1,0,1,90,2,5,4,0,1,0,31.0,23.0,voiture,voiture,3,1,1,5,1
202200031699,2022-11-08 17:00:00,2022,11,8,17,0,69,69021,Route Départementale 389,45.7622737683,4.5603078604,Crépuscule ou aube,Hors agglomération,Hors intersection,Normale,Trois véhicules et plus - collisions multiples,3,2,2,0,1,3,1,0,1,70,4,4,2,0,0,2,40.0,46.0,utilitaire_camion,utilitaire_camion,2,1,1,1,5
202200031700,2022-11-07 10:45:00,2022,11,7,10,45,47,47157,Avenue du Docteur Neau,44.502612,0.171736,Plein jour,En agglomération,Hors intersection,Normale,Deux véhicules - côté,4,-1,2,0,1,1,1,0,1,50,2,2,1,0,1,0,18.0,57.0,deux_roues,utilitaire_camion,1,2,1,1,3
202200031701,2022-10-21 19:10:00,2022,10,21,19,10,33,33237,D8,44.512329,-0.335019,Nuit sans éclairage public,Hors agglomération,Hors intersection,Normale,Deux véhicules - arrière,3,2,2,0,1,1,1,0,1,80,2,2,1,0,0,1,23.0,35.0,voiture,voiture,3,1,1,1,2
202200031702,2022-11-05 18:30:00,2022,11,5,18,30,29,29066,D56,48.036731,-4.19652,Nuit sans éclairage public,Hors agglomération,Hors intersection,Pluie forte,Deux véhicules - frontale,3,2,2,0,1,1,2,0,1,80,2,2,1,0,0,1,35.0,31.0,voiture,voiture,3,1,1,3,1
202200031703,2022-11-08 20:30:00,2022,11,8,20,30,62,62865,D39,50.303622,2.992187,Nuit sans éclairage public,Hors agglomération,Hors intersection,Normale,Deux véhicules - arrière,3,2,2,0,1,1,1,0,1,80,2,2,1,0,1,0,59.0,40.0,deux_roues,voiture,3,1,1,1,2
202200031704,2022-11-07 16:40:00,2022,11,7,16,40,59,59400,55 Rue des Capucins,50.64296113,2.6417452097,Plein jour,En agglomération,Hors intersection,Normale,Autre collision,3,2,2,0,1,1,1,0,1,50,1,2,1,0,1,0,40.0,,voiture,,1,2,1,1,6
202200031705,2022-11-07 18:45:00,2022,11,7,18,45,13,13106,A7-Sens Lyon vers Marseille,43.390639,5.351182,Nuit sans éclairage public,Hors agglomération,Hors intersection,Normale,Deux véhicules - arrière,1,-1,3,0,1,1,1,0,1,90,3,3,2,0,0,1,26.0,26.0,voiture,voiture,3,1,1,1,2
202200031706,2022-11-07 18:00:00,2022,11,7,18,0,13,13071,A7-Sens Lyon vers Marseille,43.404798,5.339846,Crépuscule ou aube,Hors agglomération,Hors intersection,Normale,Deux véhicules - arrière,1,-1,3,0,1,1,1,0,1,110,3,3,2,0,0,1,55.0,39.0,voiture,voiture,2,1,1,1,2
202200031707,2022-11-07 15:10:00,2022,11,7,15,10,13,13106,A7-Sens Marseille vers Lyon,43.390639,5.351182,Plein jour,Hors agglomération,Hors intersection,Normale,Deux véhicules - arrière,1,-1,3,0,1,1,1,0,1,90,2,3,1,0,0,2,60.0,52.0,voiture,voiture,1,1,1,1,2
202200031708,2022-11-02 19:40:00,2022,11,2,19,40,67,67137,M83,48.50354,7.69368,Nuit avec éclairage allumé,Hors agglomération,Intersection en X,Temps couvert,Deux véhicules - côté,7,3,5,0,1,1,1,5,1,50,2,3,1,0,0,2,20.0,21.0,utilitaire_camion,voiture,5,1,2,8,3
202200031709,2022-11-07 18:50:00,2022,11,7,18,50,33,33162,ROCADE A 630,44.8677157075,-0.6482753166,Nuit sans éclairage public,Hors agglomération,Hors intersection,Normale,Trois véhicules et plus - en chaîne,1,1,1,0,2,2,1,3,1,50,3,3,1,0,0,2,25.0,66.0,voiture,voiture,3,1,1,1,4
202200031710,2022-10-28 18:30:00,2022,10,28,18,30,33,33013,ROUTE NATIONALE 230,44.8651,-0.503886,Plein jour,Hors agglomération,Hors intersection,Normale,Trois véhicules et plus - en chaîne,2,1,1,0,2,3,1,3,1,50,3,3,2,0,0,1,53.0,39.0,voiture,voiture,1,1,1,1,4
202200031711,2022-10-28 16:00:00,2022,10,28,16,0,59,59284,AUTOROUTE A23,50.4253953903,3.3975836635,Plein jour,Hors agglomération,Hors intersection,Normale,Autre collision,1,-1,4,0,1,2,1,0,2,130,1,4,1,3,0,0,53.0,,utilitaire_camion,,1,1,1,1,6
202200031712,2022-11-07 08:15:00,2022,11,7,8,15,91,91589,AUTOROUTE A6,48.686,2.327,Plein jour,Hors agglomération,Autre intersection,Normale,Trois véhicules et plus - en chaîne,1,3,3,0,1,1,1,0,1,110,4,4,3,0,0,1,36.0,30.0,voiture,voiture,1,1,9,1,4
202200031713,2022-11-07 18:15:00,2022,11,7,18,15,78,78238,A13,48.97046,1.873783,Nuit sans éclairage public,Hors agglomération,Hors intersection,Normale,Deux véhicules - arrière,1,3,3,0,1,1,1,0,1,110,2,2,1,0,0,1,32.0,28.0,voiture,voiture,3,1,1,1,2
202200031714,2022-11-07 17:20:00,2022,11,7,17,20,78,78291,A13,48.969791,1.735887,Crépuscule ou aube,Hors agglomération,Hors intersection,Normale,Deux véhicules - côté,1,3,3,0,1,1,1,0,2,110,2,2,1,0,0,1,48.0,47.0,voiture,deux_roues,2,1,1,1,3
202200031715,2022-11-07 14:45:00,2022,11,7,14,45,92,92036,A86,48.934401859,2.2803246122,Plein jour,Hors agglomération,Hors intersection,Normale,Deux véhicules - côté,1,-1,3,0,1,1,1,0,1,90,2,2,1,0,0,1,37.0,,deux_roues,utilitaire_camion,1,1,1,1,3
202200031716,2022-11-07 08:25:00,2022,11,7,8,25,78,78402,A13,48.96397,1.7742,Plein jour,Hors agglomération,Hors intersection,Normale,Trois véhicules et plus - collisions multiples,1,-1,3,0,1,1,2,0,1,130,3,3,2,0,0,1,54.0,17.0,voiture,deux_roues,1,1,1,1,5
202200031717,2022-11-07 06:25:00,2022,11,7,6,25,78,78206,A13,48.95515,1.93773,Nuit sans éclairage public,Hors agglomération,Hors intersection,Normale,Trois véhicules et plus - en chaîne,1,1,2,0,1,1,1,0,1,130,7,9,7,0,0,2,55.0,36.0,voiture,utilitaire_camion,3,1,1,1,4
202200031718,2022-11-06 22:05:00,2022,11,6,22,5,78,78423,N12W,48.796176,2.035364,Nuit sans éclairage public,Hors agglomération,Hors intersection,Pluie légère,Autre collision,2,-1,2,0,1,3,2,3,1,90,1,1,0,0,0,1,41.0,,voiture,,3,1,1,2,6
202200031719,2022-11-06 01:44:00,2022,11,6,1,44,92,92062,A14,48.8929699373,2.2339818477,Nuit avec éclairage allumé,Hors agglomération,Autre intersection,Normale,Autre collision,1,1,4,0,1,1,1,1,1,70,1,2,0,0,0,2,44.0,,voiture,,5,1,9,1,6
202200031720,2022-11-07 17:45:00,2022,11,7,17,45,93,93064,AUTOROUTE A86,48.88605,2.4734,Crépuscule ou aube,Hors agglomération,Hors intersection,Normale,Deux véhicules - côté,1,3,2,0,3,2,1,0,1,70,2,2,1,0,1,0,37.0,39.0,voiture,deux_roues,2,1,1,1,3
202200031721,2022-11-06 23:45:00,2022,11,6,23,45,95,95212,RN 104,49.028972248,2.5387537479,Nuit sans éclairage public,Hors agglomération,Hors intersection,Normale,Autre collision,2,3,4,0,1,1,1,2,2,90,1,1,0,0,0,1,40.0,,voiture,,3,1,1,1,6
202200031722,2022-05-20 19:30:00,2022,5,20,19,30,88,88286,Croisement RD14 et RD33,48.390059,6.168008,Plein jour,Hors agglomération,Intersection en T,Normale,Deux véhicules - frontale,3,2,2,0,1,1,1,0,1,80,2,3,2,0,1,0,44.0,44.0,voiture,deux_roues,1,1,3,1,1
202200031723,2022-06-26 14:30:00,2022,6,26,14,30,88,88361,Col de Saales,48.337168,7.105279,Plein jour,Hors agglomération,Hors intersection,Normale,Sans collision,3,3,2,0,4,3,1,0,8,80,1,1,0,1,0,0,27.0,,deux_roues,,1,1,1,1,7
202200031724,2022-11-06 18:10:00,2022,11,6,18,10,34,34003,Route de Guiraudette,43.29019,3.47075,Nuit sans éclairage public,En agglomération,Hors intersection,Normale,Autre collision,4,-1,2,0,1,1,1,0,5,50,1,2,1,0,0,1,41.0,,voiture,,3,2,1,1,6
202200031725,2022-04-23 18:36:00,2022,4,23,18,36,76,76114,GREGEOTTE (RUE DE LA),49.56652,0.46892,Plein jour,En agglomération,Hors intersection,Normale,Sans collision,4,2,2,0,3,2,1,0,1,50,1,1,0,0,0,1,52.0,,deux_roues,,1,2,1,1,7
202200031726,2022-11-06 07:50:00,2022,11,6,7,50,974,97411,LITTORAL (ROUTE 2 DU),-20.87431,55.4282,Plein jour,Hors agglomération,Hors intersection,Temps couvert,Sans collision,2,1,2,0,1,1,1,0,1,70,1,1,0,0,0,1,56.0,,deux_roues,,1,1,1,8,7
202200031727,2022-11-06 19:20:00,2022,11,6,19,20,69,69383,Rue Paul Bert,45.75649,4.84734,Nuit avec éclairage allumé,En agglomération,Intersection en X,Normale,Deux véhicules - frontale,4,1,1,0,1,1,1,0,1,30,2,2,1,0,0,1,32.0,53.0,deux_roues,voiture,5,2,2,1,1