accident_id,datetime,annee,mois,jour,heure,minute,departement,commune_insee,adresse,latitude,longitude,luminosite,agglomeration,intersection,meteo,collision,catr,circ,nbv,vosp,prof,plan,surf,infra,situ,vma,nb_vehicules,nb_usagers,nb_indemnes,nb_tues,nb_blesses_hosp,nb_blesses_legers,age_cond_1,age_cond_2,veh_type_cond_1,veh_type_cond_2,lum_code,agg_code,int_code,atm_code,col_code
202200031728,2022-11-06 12:20:00,2022,11,6,12,20,972,97209,BALATA (ROUTE DE),14.62083,-61.07012,Plein jour,Hors agglomération,Hors intersection,Normale,Deux véhicules - côté,2,-1,1,0,2,2,1,0,1,50,2,2,1,0,1,0,72.0,62.0,voiture,utilitaire_camion,1,1,1,1,3
202200031729,2022-11-06 05:10:00,2022,11,6,5,10,972,97209,BALATA (ROUTE DE),14.64451,-61.07829,Crépuscule ou aube,En agglomération,Hors intersection,Normale,Deux véhicules - frontale,2,2,2,0,1,4,2,0,1,50,2,2,1,0,0,1,62.0,31.0,voiture,voiture,2,2,1,1,1
202200031730,2022-11-04 16:10:00,2022,11,4,16,10,69,69202,Rue Simon Jallade,45.7454391652,4.7819888592,Crépuscule ou aube,En agglomération,Intersection en T,Pluie forte,Autre collision,4,2,2,0,2,3,2,5,1,50,1,2,1,0,0,1,27.0,,voiture,,2,2,3,3,6
202200031731,2022-11-06 20:35:00,2022,11,6,20,35,91,91161,RTE DE MASSY,48.712,2.30856,Nuit avec éclairage allumé,En agglomération,Giratoire,Normale,Deux véhicules - côté,3,2,2,0,1,1,2,0,1,50,2,3,2,0,0,1,35.0,36.0,voiture,voiture,5,2,6,1,3
202200031732,2022-11-06 02:05:00,2022,11,6,2,5,91,91687,MARMONT (AVENUE),48.66679,2.37683,Nuit avec éclairage allumé,En agglomération,Hors intersection,Normale,Autre collision,3,3,2,0,1,1,1,0,8,50,1,1,0,0,0,1,35.0,,voiture,,5,2,1,1,6
202200031733,2022-10-21 21:00:00,2022,10,21,21,0,83,83126,RENOIR (AV AUGUSTE),43.08407,5.867701,Nuit avec éclairage allumé,En agglomération,Hors intersection,Pluie légère,Deux véhicules - arrière,3,2,2,0,1,1,2,0,1,50,2,2,1,0,0,1,26.0,35.0,voiture,deux_roues,5,2,1,2,2
202200031734,2022-11-06 15:50:00,2022,11,6,15,50,78,78643,RD 154,48.96599,1.99159,Plein jour,En agglomération,Hors intersection,Temps couvert,Trois véhicules et plus - collisions multiples,3,3,4,1,1,1,2,2,1,90,3,5,0,0,0,5,46.0,72.0,voiture,voiture,1,2,1,8,5
202200031735,2022-11-05 13:10:00,2022,11,5,13,10,69,69266,Boulevard de la Bataille de Stalingrad,45.77286,4.85893,Plein jour,En agglomération,Intersection en X,Normale,Deux véhicules - côté,4,2,4,0,1,1,1,0,1,50,2,2,1,0,0,1,43.0,22.0,voiture,deux_roues,1,2,2,1,3
202200031736,2022-11-05 16:17:00,2022,11,5,16,17,64,64102,Rue Maréchal Koenig,43.4849,-1.49063,Plein jour,En agglomération,Hors intersection,Temps éblouissant,Autre collision,4,2,2,0,3,3,1,0,1,30,1,2,1,0,0,1,75.0,,voiture,,1,2,1,7,6
202200031737,2022-11-04 06:20:00,2022,11,4,6,20,62,62193,Rue Costes et Bellonte,50.955917,1.90643,Nuit avec éclairage allumé,En agglomération,Giratoire,Pluie légère,Deux véhicules - côté,4,-1,2,0,1,3,2,0,1,50,2,2,1,0,0,1,36.0,43.0,voiture,deux_roues,5,2,6,2,3
202200031738,2022-11-01 19:50:00,2022,11,1,19,50,59,59560,BOUVRY ROGER RUE,50.5443606935,3.0238634348,Crépuscule ou aube,En agglomération,Hors intersection,Pluie légère,Deux véhicules - arrière,7,2,2,0,1,1,2,0,1,50,2,2,1,0,0,1,23.0,23.0,voiture,voiture,2,2,1,2,2
202200031739,2022-11-06 15:00:00,2022,11,6,15,0,59,59350,LEPELLETIER RUE,50.638905949,3.0620540679,Plein jour,En agglomération,Intersection en T,Pluie légère,Deux véhicules - côté,4,1,1,0,1,1,2,9,1,50,2,2,1,0,0,1,27.0,47.0,deux_roues,voiture,1,2,3,2,3
202200031740,2022-11-04 16:15:00,2022,11,4,16,15,59,59122,BART (BOULEVARD JEAN),50.18156,3.22666,Plein jour,En agglomération,Hors intersection,Normale,Deux véhicules - côté,4,2,2,2,1,1,1,0,1,50,2,2,1,0,1,0,16.0,29.0,deux_roues,utilitaire_camion,1,2,1,1,3
202200031741,2022-11-06 17:55:00,2022,11,6,17,55,51,51454,rue Roger Salengro,49.27495,4.02342,Nuit avec éclairage allumé,En agglomération,Intersection en T,Pluie légère,Sans collision,4,2,2,0,1,1,2,0,1,50,1,2,1,0,0,1,36.0,,deux_roues,,5,2,3,2,7
202200031742,2022-11-06 09:27:00,2022,11,6,9,27,47,47032,CASSOU (Rte de),44.23677,0.72442,Plein jour,Hors agglomération,Hors intersection,Normale,Deux véhicules - frontale,4,2,2,0,1,1,1,0,1,80,2,4,2,0,0,2,49.0,18.0,voiture,voiture,1,1,1,1,1
202200031743,2022-11-06 11:25:00,2022,11,6,11,25,37,37261,ROUGET DE L'ISLE (RUE),47.39205,0.67686,Plein jour,En agglomération,Hors intersection,Temps couvert,Deux véhicules - côté,4,1,1,0,1,1,2,0,1,30,2,3,2,0,0,1,14.0,32.0,deux_roues,voiture,1,2,1,8,3
202200031744,2022-11-06 06:50:00,2022,11,6,6,50,35,35278,N136,48.1392,-1.69875,Nuit sans éclairage public,Hors agglomération,Hors intersection,Pluie forte,Autre collision,2,3,4,0,1,1,2,0,1,110,1,1,0,0,0,1,23.0,,voiture,,3,1,1,3,6
202200031745,2022-11-06 02:30:00,2022,11,6,2,30,31,31555,AV CAMILLE PUJOL,43.60054,1.46441,Nuit avec éclairage allumé,En agglomération,Hors intersection,Normale,Autre collision,7,2,3,0,2,1,1,0,1,50,1,1,0,0,0,1,24.0,,voiture,,5,2,1,1,6
202200031746,2022-11-06 00:10:00,2022,11,6,0,10,31,31555,VA007473 A62,43.65134,1.43083,Nuit sans éclairage public,Hors agglomération,Hors intersection,Normale,Sans collision,1,1,3,0,1,1,1,0,1,90,1,3,0,0,0,3,27.0,,voiture,,3,1,1,1,7
202200031747,2022-11-06 06:35:00,2022,11,6,6,35,31,31483,CAGIRE (AVENUE DU),43.13199,0.71642,Nuit sans éclairage public,Hors agglomération,Hors intersection,Normale,Autre collision,3,2,1,0,1,3,1,0,3,70,1,2,0,0,0,2,21.0,,voiture,,3,1,1,1,6
202200031748,2022-11-06 20:35:00,2022,11,6,20,35,13,13215,VISTE (AVENUE DE LA),43.35928,5.35741,Nuit avec éclairage allumé,En agglomération,Intersection en T,Normale,Deux véhicules - côté,4,2,2,0,3,1,1,0,1,50,2,2,1,0,0,1,18.0,,deux_roues,voiture,5,2,3,1,3
202200031749,2022-11-06 17:00:00,2022,11,6,17,0,13,13215,SEVERINE (RUE),43.340946,5.351249,Plein jour,En agglomération,Hors intersection,Normale,Deux véhicules - frontale,4,2,1,0,1,1,1,0,1,50,2,2,1,0,0,1,,66.0,voiture,voiture,1,2,1,1,1
202200031750,2022-11-06 02:00:00,2022,11,6,2,0,13,13215,LAVOISIER (BOULEVARD),43.3390223938,5.3706139576,Nuit avec éclairage allumé,En agglomération,Hors intersection,Normale,Deux véhicules - frontale,4,1,0,0,1,1,1,0,1,50,2,5,1,0,0,4,30.0,,voiture,voiture,5,2,1,1,1
202200031751,2022-11-06 09:42:00,2022,11,6,9,42,13,13005,MANOUCHIAN (AVENUE),43.28791,5.54801,Plein jour,En agglomération,Hors intersection,Normale,Deux véhicules - côté,4,2,2,0,1,1,1,2,1,50,1,2,1,0,1,0,35.0,,voiture,,1,2,1,1,3
202200031752,2022-11-04 18:00:00,2022,11,4,18,0,13,13005,GEMENOS (ROUTE DE CD2),43.29634,5.5821,Nuit avec éclairage allumé,En agglomération,Hors intersection,Normale,Deux véhicules - côté,3,3,2,0,1,1,1,0,1,50,1,2,0,0,1,1,60.0,,deux_roues,,5,2,1,1,3
202200031753,2022-11-05 19:35:00,2022,11,5,19,35,06,06088,RIQUIER (BD DE),43.70264,7.28906,Nuit avec éclairage allumé,En agglomération,Autre intersection,Normale,Autre collision,4,1,2,0,1,1,1,0,1,50,1,2,1,0,0,1,21.0,,deux_roues,,5,2,9,1,6
202200031754,2022-11-06 10:45:00,2022,11,6,10,45,06,06069,SAINT EXUPERY (AVENUE ANTOINE DE),43.66219,6.93417,Plein jour,En agglomération,Intersection en X,Normale,Deux véhicules - côté,4,2,1,0,1,1,1,0,1,50,3,3,1,0,0,2,26.0,46.0,voiture,voiture,1,2,2,1,3
202200031755,2022-11-05 11:20:00,2022,11,5,11,20,04,04112,ROBERT (CH.DE),43.817,5.78853,Plein jour,En agglomération,Autre intersection,Normale,Autre collision,5,-1,0,0,1,1,1,9,6,10,1,2,1,0,1,0,60.0,,voiture,,1,2,9,1,6
202200031756,2022-11-06 14:30:00,2022,11,6,14,30,01,01451,Route de Bourg,46.24783,5.22108,Plein jour,En agglomération,Hors intersection,Normale,Deux véhicules - côté,3,2,2,0,1,1,1,0,1,50,2,2,1,0,1,0,51.0,16.0,voiture,deux_roues,1,2,1,1,3
202200031757,2022-11-06 19:40:00,2022,11,6,19,40,75,75117,PORTE DE SAINT OUEN,48.900733,2.328879,Nuit avec éclairage allumé,En agglomération,Hors intersection,Normale,Trois véhicules et plus - en chaîne,4,1,4,0,1,1,1,0,1,70,3,5,3,0,0,2,48.0,38.0,utilitaire_camion,voiture,5,2,1,1,4
202200031758,2022-11-06 15:00:00,2022,11,6,15,0,75,75118,RUE FRANCOEUR,48.890232,2.342015,Plein jour,En agglomération,Intersection en T,Pluie légère,Autre collision,4,1,0,3,2,1,2,6,1,30,1,2,1,0,0,1,50.0,,voiture,,1,2,3,2,6
202200031759,2022-11-05 11:25:00,2022,11,5,11,25,75,75117,AVENUE MAC MAHON,48.878326,2.294204,Plein jour,En agglomération,Intersection en T,Normale,Deux véhicules - côté,4,2,2,3,2,1,1,0,1,30,2,2,1,0,0,1,,30.0,voiture,deux_roues,1,2,3,1,3
202200031760,2022-11-06 19:15:00,2022,11,6,19,15,75,75114,AVENUE REILLE,48.824572,2.339223,Nuit avec éclairage allumé,En agglomération,Hors intersection,Pluie légère,Sans collision,4,2,2,0,2,1,2,0,1,30,1,1,0,0,0,1,53.0,,deux_roues,,5,2,1,2,7
202200031761,2022-11-06 21:01:00,2022,11,6,21,1,75,75113,BOULEVARD AUGUSTE BLANQUI,48.830313,2.344124,Nuit avec éclairage allumé,En agglomération,Intersection en X,Pluie légère,Deux véhicules - côté,4,1,2,0,1,1,2,0,1,30,2,2,1,0,0,1,53.0,49.0,voiture,deux_roues,5,2,2,2,3
202200031762,2022-11-06 01:15:00,2022,11,6,1,15,75,75108,PONT DES INVALIDES,48.864929,2.310239,Nuit avec éclairage allumé,En agglomération,Intersection en X,Normale,Deux véhicules - côté,4,2,2,0,1,1,1,2,1,30,2,2,1,0,0,1,57.0,44.0,voiture,deux_roues,5,2,2,1,3
202200031763,2022-11-06 16:00:00,2022,11,6,16,0,75,75114,BOULEVARD ADOLPHE PINARD,48.823466,2.30912,Plein jour,En agglomération,Intersection en T,Pluie forte,Deux véhicules - arrière,4,1,1,0,1,1,2,5,1,30,2,4,1,0,0,3,24.0,51.0,voiture,voiture,1,2,3,3,2
202200031764,2022-11-05 16:30:00,2022,11,5,16,30,75,75107,QUAI ANATOLE FRANCE,48.859998,2.327912,Plein jour,En agglomération,Hors intersection,Temps couvert,Autre collision,4,2,4,1,1,1,1,0,5,30,1,2,1,0,0,1,16.0,,deux_roues,,1,2,1,8,6
202200031765,2022-11-06 18:15:00,2022,11,6,18,15,94,94081,ROUGET DE L ISLE (AV),48.779278,2.396023,Nuit avec éclairage allumé,En agglomération,Hors intersection,Pluie légère,Deux véhicules - arrière,3,1,0,0,1,1,2,0,1,50,2,2,1,0,0,1,,29.0,voiture,voiture,5,2,1,2,2
202200031766,2022-11-06 13:07:00,2022,11,6,13,7,94,94076,DIVISION LECLERC (PL DE LA),48.78344,2.36701,Plein jour,En agglomération,Intersection en X,Pluie légère,Deux véhicules - côté,3,-1,4,1,1,1,2,5,1,30,2,5,2,0,0,3,24.0,32.0,voiture,voiture,1,2,2,2,3
202200031767,2022-11-05 19:10:00,2022,11,5,19,10,94,94003,Avenue Paul Doumer,48.80515,2.33817,Nuit avec éclairage non allumé,En agglomération,Hors intersection,Normale,Deux véhicules - côté,3,2,2,2,1,1,1,0,5,50,2,2,1,0,0,1,32.0,61.0,deux_roues,voiture,4,2,1,1,3
202200031768,2022-10-31 18:40:00,2022,10,31,18,40,94,94076,Rue René Thibert,48.804942,2.361332,Crépuscule ou aube,En agglomération,Hors intersection,Pluie légère,Deux véhicules - côté,4,2,2,0,1,1,2,0,1,50,2,2,1,0,0,1,26.0,70.0,deux_roues,voiture,2,2,1,2,3
202200031769,2022-11-06 01:30:00,2022,11,6,1,30,93,93050,Avenue de Blancheville / Rocade de Blancheville,48.8617179756,2.5403656215,Nuit avec éclairage allumé,En agglomération,Intersection en T,Normale,Autre collision,4,2,2,0,1,1,1,0,4,50,1,2,1,0,1,0,,,voiture,,5,2,3,1,6
202200031770,2022-11-06 18:00:00,2022,11,6,18,0,93,93013,Rue Edouard Vaillant / Rue Jean Moulin,48.9359,2.4352,Nuit avec éclairage allumé,En agglomération,Intersection en X,Pluie légère,Autre collision,4,2,2,0,1,1,2,0,1,50,1,1,0,0,0,1,17.0,,deux_roues,,5,2,2,2,6
202200031771,2022-11-06 11:20:00,2022,11,6,11,20,93,93005,Avenue Paul Vaillant Couturier / Rue Waldeck Rousseau,48.92966,2.48141,Plein jour,En agglomération,Giratoire,Pluie forte,Deux véhicules - arrière,3,1,3,0,1,2,2,0,1,50,2,2,0,0,0,1,31.0,,voiture,deux_roues,1,2,6,3,2
202200031772,2022-11-06 09:27:00,2022,11,6,9,27,92,92062,DE DION BOUTON (QUAI) DU 1 AU 28,48.8857400864,2.2516774535,Plein jour,En agglomération,Hors intersection,Pluie légère,Deux véhicules - côté,3,2,4,0,1,1,2,0,1,50,2,3,0,0,0,3,20.0,47.0,utilitaire_camion,voiture,1,2,1,2,3
202200031773,2022-11-06 11:45:00,2022,11,6,11,45,92,92060,REPUBLIQUE (AVENUE DE LA) (RD 60),48.78139,2.27171,Plein jour,En agglomération,Hors intersection,Pluie forte,Deux véhicules - côté,4,2,2,0,1,1,2,0,1,50,2,2,0,0,0,2,37.0,55.0,voiture,deux_roues,1,2,1,3,3
202200031774,2022-11-07 04:19:00,2022,11,7,4,19,54,54296,Route Departementale 674,48.740144316,6.3221168519,Nuit sans éclairage public,Hors agglomération,Hors intersection,Normale,Deux véhicules - côté,3,2,2,0,2,3,2,0,1,80,2,2,1,0,1,0,50.0,38.0,utilitaire_camion,voiture,3,1,1,1,3
202200031775,2022-11-06 17:55:00,2022,11,6,17,55,38,38336,D4b,45.492525,4.828663,Crépuscule ou aube,Hors agglomération,Intersection en T,Normale,Deux véhicules - frontale,3,2,2,0,1,1,1,0,1,70,2,2,1,0,1,0,22.0,71.0,deux_roues,voiture,2,1,3,1,1
202200031776,2022-11-07 14:30:00,2022,11,7,14,30,84,84040,D76,44.212149,5.097962,Plein jour,Hors agglomération,Hors intersection,Normale,Deux véhicules - côté,3,2,2,0,2,1,1,0,1,50,2,2,1,0,0,1,70.0,85.0,deux_roues,voiture,1,1,1,1,3
202200031777,2022-11-06 20:30:00,2022,11,6,20,30,63,63143,D984,46.062538,3.294917,Nuit sans éclairage public,Hors agglomération,Intersection en X,Normale,Deux véhicules - côté,3,2,2,0,1,1,1,5,3,90,2,5,3,0,1,1,38.0,75.0,voiture,voiture,3,1,2,1,3
202200031778,2022-11-07 16:20:00,2022,11,7,16,20,40,40238,A65,43.856716,-0.348101,Plein jour,Hors agglomération,Hors intersection,Normale,Deux véhicules - côté,1,3,4,0,1,1,1,0,1,130,2,2,1,0,1,0,58.0,56.0,utilitaire_camion,voiture,1,1,1,1,3
202200031779,2022-11-05 17:20:00,2022,11,5,17,20,28,28173,D32,48.471997,1.558235,Nuit sans éclairage public,Hors agglomération,Hors intersection,Normale,Deux véhicules - arrière,3,2,2,0,1,1,1,0,1,90,2,2,1,0,0,1,57.0,,deux_roues,voiture,3,1,1,1,2
202200031780,2022-11-06 19:15:00,2022,11,6,19,15,83,83070,D559,43.148906,6.417797,Nuit avec éclairage non allumé,En agglomération,Hors intersection,Normale,Sans collision,3,2,2,1,1,1,1,0,3,50,1,1,0,0,1,0,57.0,,deux_roues,,4,2,1,1,7
202200031781,2022-11-06 22:10:00,2022,11,6,22,10,85,85064,Rue de grasla,46.830361,-1.274478,Nuit avec éclairage allumé,En agglomération,Intersection en X,Normale,Deux véhicules - côté,4,2,2,0,1,1,2,0,1,50,2,2,1,0,1,0,16.0,52.0,deux_roues,voiture,5,2,2,1,3
202200031782,2022-11-07 09:00:00,2022,11,7,9,0,44,44195,N165,47.36468,-1.90531,Plein jour,Hors agglomération,Hors intersection,Pluie légère,Autre collision,2,3,3,3,1,1,2,0,8,110,1,1,0,0,1,0,69.0,,voiture,,1,1,1,2,6
202200031783,2022-10-30 01:30:00,2022,10,30,1,30,67,67451,D244,48.997508,8.005085,Nuit sans éclairage public,Hors agglomération,Hors intersection,Normale,Sans collision,3,2,2,0,1,1,2,0,3,80,1,1,0,0,0,1,50.0,,deux_roues,,3,1,1,1,7
202200031784,2022-11-06 16:45:00,2022,11,6,16,45,76,76408,Route des Hêtres,49.607477,0.339187,Crépuscule ou aube,En agglomération,Hors intersection,Temps éblouissant,Autre collision,3,2,2,0,1,1,2,0,1,50,1,2,1,0,1,0,22.0,,voiture,,2,2,1,7,6
202200031785,2022-11-07 02:00:00,2022,11,7,2,0,33,33226,8 Route de Capian,44.703889,-0.381167,Nuit avec éclairage allumé,En agglomération,Hors intersection,Normale,Autre collision,3,2,2,0,1,1,1,0,3,50,1,1,0,1,0,0,18.0,,voiture,,5,2,1,1,6
202200031786,2022-10-21 19:40:00,2022,10,21,19,40,61,61429,route de moussonvilliers,48.645308,0.763394,Nuit sans éclairage public,Hors agglomération,Hors intersection,Normale,Deux véhicules - frontale,3,2,2,0,1,1,1,0,1,90,2,2,1,0,1,0,29.0,23.0,voiture,voiture,3,1,1,1,1
202200031787,2022-11-03 23:10:00,2022,11,3,23,10,44,44156,39 Rue gilles de retz,46.951295,-1.608751,Nuit sans éclairage public,Hors agglomération,Hors intersection,Pluie forte,Autre collision,3,2,2,0,1,3,2,0,3,80,1,1,0,0,1,0,20.0,,voiture,,3,1,1,3,6
202200031788,2022-11-06 06:05:00,2022,11,6,6,5,44,44121,D2 ,47.627462,-1.261003,Nuit sans éclairage public,Hors agglomération,Hors intersection,Pluie forte,Autre collision,3,2,2,0,4,4,2,2,3,80,1,1,0,1,0,0,18.0,,voiture,,3,1,1,3,6
202200031789,2022-11-02 14:25:00,2022,11,2,14,25,31,31078,D17,43.191285,0.54481,Plein jour,Hors agglomération,Hors intersection,Normale,Sans collision,3,2,2,0,1,2,1,0,3,80,2,2,1,0,0,1,30.0,65.0,voiture,voiture,1,1,1,1,7
202200031790,2022-11-03 13:45:00,2022,11,3,13,45,31,31517,D622,43.331609,1.349537,Plein jour,Hors agglomération,Hors intersection,Normale,Sans collision,3,2,2,0,1,1,1,0,8,80,1,1,0,0,1,0,88.0,,voiture,,1,1,1,1,7
202200031791,2022-11-06 16:25:00,2022,11,6,16,25,84,84066,D140,43.975213,5.302062,Plein jour,Hors agglomération,Hors intersection,Normale,Sans collision,3,2,2,0,2,2,9,8,3,80,1,1,0,0,1,0,19.0,,voiture,,1,1,1,1,7
202200031792,2022-11-05 19:15:00,2022,11,5,19,15,58,58205,Route départementale 12,47.17814,3.956457,Nuit sans éclairage public,Hors agglomération,Hors intersection,Normale,Deux véhicules - frontale,3,2,2,0,1,1,1,0,1,80,2,2,0,0,0,2,25.0,59.0,voiture,voiture,3,1,1,1,1
202200031793,2022-11-07 07:53:00,2022,11,7,7,53,54,54069,RD 906,49.397885,5.923162,Crépuscule ou aube,Hors agglomération,Hors intersection,Normale,Deux véhicules - frontale,3,3,2,0,1,1,1,0,1,80,2,2,0,0,2,0,55.0,28.0,voiture,voiture,2,1,1,1,1
202200031794,2022-11-06 15:00:00,2022,11,6,15,0,64,64495,D918,43.355703,-1.554544,Plein jour,Hors agglomération,Hors intersection,Normale,Autre collision,3,2,2,0,1,2,1,0,3,80,1,1,0,0,1,0,17.0,,deux_roues,,1,1,1,1,6
202200031795,2022-11-07 14:00:00,2022,11,7,14,0,24,24341,Route de l'Étang,44.924671,1.252704,Plein jour,Hors agglomération,Intersection en X,Normale,Deux véhicules - côté,3,2,2,0,4,1,1,0,1,80,2,2,1,0,1,0,19.0,87.0,deux_roues,voiture,1,1,2,1,3
202200031796,2022-11-05 09:15:00,2022,11,5,9,15,24,24220,Route des Armelles,45.040661,0.863097,Plein jour,Hors agglomération,Intersection en T,Normale,Deux véhicules - côté,3,2,2,0,1,3,1,0,1,90,2,3,2,0,1,0,39.0,63.0,voiture,voiture,1,1,3,1,3
202200031797,2022-11-04 14:10:00,2022,11,4,14,10,37,37018,ROND POINT INTERSECTION D751C D127,47.3345401851,0.6128525734,Plein jour,En agglomération,Giratoire,Normale,Deux véhicules - côté,7,2,2,0,1,3,1,5,1,50,2,2,1,0,0,1,24.0,47.0,deux_roues,utilitaire_camion,1,2,6,1,3
202200031798,2022-09-02 19:45:00,2022,9,2,19,45,88,88491,Faret,48.157832,6.138951,Plein jour,Hors agglomération,Intersection en T,Normale,Deux véhicules - frontale,3,-1,2,0,1,1,1,0,1,-1,2,2,1,0,1,0,22.0,15.0,voiture,deux_roues,1,1,3,1,1
202200031799,2022-11-06 18:45:00,2022,11,6,18,45,13,13051,Route de Coudoux,43.573333,5.213056,Nuit sans éclairage public,Hors agglomération,Hors intersection,Normale,Trois véhicules et plus - collisions multiples,3,2,2,0,1,3,1,0,1,80,4,4,1,0,0,3,20.0,68.0,voiture,voiture,3,1,1,1,5
202200031800,2022-11-07 06:50:00,2022,11,7,6,50,21,21347,PK306.800,47.000129,4.859605,Crépuscule ou aube,Hors agglomération,Hors intersection,Normale,Deux véhicules - arrière,1,1,3,0,1,1,1,2,1,130,2,3,1,0,0,2,23.0,22.0,voiture,utilitaire_camion,2,1,1,1,2
202200031801,2022-11-06 21:20:00,2022,11,6,21,20,28,28164,"A10, PK 057+800",48.26567,1.852999,Nuit sans éclairage public,Hors agglomération,Hors intersection,Pluie légère,Deux véhicules - côté,1,1,3,0,1,1,2,2,1,110,2,6,3,0,1,2,45.0,26.0,voiture,voiture,3,1,1,2,3
202200031802,2022-11-06 18:45:00,2022,11,6,18,45,30,30189,A9,43.827956,4.391769,Nuit sans éclairage public,Hors agglomération,Hors intersection,Normale,Deux véhicules - arrière,1,3,5,0,1,1,1,0,1,130,2,7,5,0,0,2,36.0,64.0,voiture,voiture,3,1,1,1,2
202200031803,2022-11-07 09:40:00,2022,11,7,9,40,69,69242,Autoroute 6,46.121068,4.763861,Plein jour,Hors agglomération,Hors intersection,Normale,Deux véhicules - arrière,1,3,6,0,1,1,1,0,1,130,2,3,2,0,1,0,22.0,50.0,voiture,utilitaire_camion,1,1,1,1,2
202200031804,2022-11-05 12:00:00,2022,11,5,12,0,988,98816,RT1,-21.708633,165.585465,Plein jour,Hors agglomération,Hors intersection,Normale,Sans collision,2,2,2,0,1,3,9,0,1,90,1,1,0,0,1,0,47.0,,deux_roues,,1,1,1,1,7
202200031805,2022-11-02 15:50:00,2022,11,2,15,50,45,45051,D952 PR 39 + 482,47.8444994794,2.3196344701,Plein jour,Hors agglomération,Hors intersection,Normale,Deux véhicules - frontale,3,2,2,0,1,1,1,0,1,90,2,2,0,1,1,0,76.0,24.0,voiture,voiture,1,1,1,1,1
202200031806,2022-10-24 11:35:00,2022,10,24,11,35,77,77415,D603,48.951784095,3.0531655115,Plein jour,Hors agglomération,Hors intersection,Normale,Sans collision,3,2,2,0,2,3,1,0,3,80,1,1,0,0,1,0,29.0,,voiture,,1,1,1,1,7
202200031807,2022-11-07 17:00:00,2022,11,7,17,0,34,34052,343 Avenue de Toulouse,43.3245189616,3.0326950015,Plein jour,Hors agglomération,Intersection en T,Normale,Deux véhicules - arrière,3,2,2,0,1,1,1,0,1,80,2,2,1,1,0,0,56.0,53.0,deux_roues,voiture,1,1,3,1,2
202200031808,2022-10-27 07:00:00,2022,10,27,7,0,83,83027,1975 route de bandol,43.158573,5.730647,Crépuscule ou aube,Hors agglomération,Hors intersection,Normale,Autre collision,3,2,1,0,1,4,1,0,1,80,1,1,0,0,1,0,25.0,,deux_roues,,2,1,1,1,6
202200031809,2022-11-04 00:40:00,2022,11,4,0,40,69,69236,Route de Rive de Gier,45.568064,4.706655,Nuit sans éclairage public,Hors agglomération,Hors intersection,Autre,Trois véhicules et plus - en chaîne,3,2,2,2,1,2,2,0,1,-1,3,4,1,0,1,2,33.0,26.0,voiture,voiture,3,1,1,9,4
202200031810,2022-11-06 23:30:00,2022,11,6,23,30,40,40334,route de Montfort,43.710657,-1.000475,Nuit sans éclairage public,Hors agglomération,Hors intersection,Normale,Deux véhicules - frontale,3,2,2,0,1,2,1,0,1,-1,2,2,0,1,1,0,43.0,66.0,voiture,voiture,3,1,1,1,1
202200031811,2022-10-27 00:20:00,2022,10,27,0,20,44,44026,15 Rue de la Grande Bretagne,47.26187,-1.502472,Nuit avec éclairage allumé,En agglomération,Hors intersection,Normale,Deux véhicules - frontale,4,2,2,0,1,3,1,0,1,50,2,2,1,0,1,0,48.0,33.0,utilitaire_camion,voiture,5,2,1,1,1
202200031812,2022-11-04 17:30:00,2022,11,4,17,30,60,60159,Allée des Nymphes,49.367807,2.873554,Crépuscule ou aube,Hors agglomération,Hors intersection,Normale,Sans collision,4,2,2,0,1,3,1,0,3,80,1,1,0,0,1,0,46.0,,voiture,,2,1,1,1,7
202200031813,2022-11-05 09:30:00,2022,11,5,9,30,62,62751,A16,50.875271,1.749594,Plein jour,Hors agglomération,Hors intersection,Normale,Deux véhicules - arrière,1,3,4,0,3,1,1,0,1,130,2,2,1,0,0,1,37.0,21.0,utilitaire_camion,voiture,1,1,1,1,2
202200031814,2022-11-06 14:30:00,2022,11,6,14,30,13,13211,A50-Sens Marseille vers Aubagne,43.288063,5.442118,Plein jour,Hors agglomération,Hors intersection,Normale,Deux véhicules - côté,1,1,3,0,1,1,1,0,1,90,2,2,1,0,0,1,24.0,27.0,utilitaire_camion,deux_roues,1,1,1,1,3
202200031815,2022-11-06 06:30:00,2022,11,6,6,30,13,13211,A50-Sens Aubagne vers Marseille,43.2928291,5.477888241,Nuit sans éclairage public,Hors agglomération,Hors intersection,Normale,Deux véhicules - arrière,1,3,3,0,1,1,1,0,1,90,2,3,2,0,0,1,40.0,42.0,voiture,voiture,3,1,1,1,2
202200031816,2022-11-06 01:41:00,2022,11,6,1,41,13,13071,A7-Sens Marseille vers Lyon,43.40399,5.34292,Nuit sans éclairage public,Hors agglomération,Hors intersection,Normale,Trois véhicules et plus - collisions multiples,1,1,2,0,2,1,1,0,2,110,1,1,0,0,0,1,42.0,,voiture,,3,1,1,1,5
202200031817,2022-11-05 07:25:00,2022,11,5,7,25,69,69152,Route de Métropole 7,45.70618,4.83188,Nuit sans éclairage public,Hors agglomération,Hors intersection,Pluie légère,Trois véhicules et plus - en chaîne,7,3,6,0,1,1,2,0,1,70,3,4,2,0,0,2,22.0,24.0,voiture,voiture,3,1,1,2,4
202200031818,2022-11-06 21:05:00,2022,11,6,21,5,91,91136,AUTOROUTE A10,48.714473,2.271592,Nuit sans éclairage public,Hors agglomération,Hors intersection,Normale,Sans collision,1,1,2,0,2,2,2,0,1,70,1,1,0,0,0,1,23.0,,voiture,,3,1,1,1,7