accident_id,datetime,annee,mois,jour,heure,minute,departement,commune_insee,adresse,latitude,longitude,luminosite,agglomeration,intersection,meteo,collision,catr,circ,nbv,vosp,prof,plan,surf,infra,situ,vma,nb_vehicules,nb_usagers,nb_indemnes,nb_tues,nb_blesses_hosp,nb_blesses_legers,age_cond_1,age_cond_2,veh_type_cond_1,veh_type_cond_2,lum_code,agg_code,int_code,atm_code,col_code
202200032092,2022-10-03 16:30:00,2022,10,3,16,30,12,12043,Route de Cassagnes,44.26272,2.557497,Plein jour,Hors agglomération,Hors intersection,Normale,Autre collision,3,2,2,0,2,2,1,0,3,90,1,1,0,1,0,0,75.0,,voiture,,1,1,1,1,6
202200032093,2022-10-01 01:30:00,2022,10,1,1,30,46,46208,Route Départementale 11 / PK 23,44.871199,1.664,Nuit sans éclairage public,Hors agglomération,Hors intersection,Pluie légère,Autre collision,3,2,2,0,1,1,2,0,3,80,1,1,0,0,1,0,25.0,,voiture,,3,1,1,2,6
202200032094,2022-09-28 19:15:00,2022,9,28,19,15,86,86281,D347,46.741205,0.205556,Crépuscule ou aube,Hors agglomération,Intersection en X,Normale,Deux véhicules - côté,3,2,2,0,2,1,1,5,1,90,2,2,1,0,1,0,53.0,46.0,utilitaire_camion,voiture,2,1,2,1,3
202200032095,2022-05-18 20:15:00,2022,5,18,20,15,72,72181,REMBRANDT (AV),47.97423,0.2118,Plein jour,En agglomération,Intersection en T,Normale,Deux véhicules - côté,4,1,1,0,1,1,1,0,1,50,2,2,1,0,0,1,41.0,14.0,voiture,deux_roues,1,2,3,1,3
202200032096,2022-10-03 19:30:00,2022,10,3,19,30,39,39531,,46.527288,5.754197,Nuit sans éclairage public,Hors agglomération,Hors intersection,Normale,Autre collision,3,2,2,0,1,1,1,0,1,90,1,1,0,0,0,1,63.0,,voiture,,3,1,1,1,6
202200032097,2022-05-18 09:00:00,2022,5,18,9,0,72,72181,DURAND GEORGES (AV) N° PAIRS 312 A 460,47.96886,0.21846,Plein jour,En agglomération,Hors intersection,Normale,Deux véhicules - côté,4,3,2,1,1,1,1,5,5,30,2,2,1,0,0,1,32.0,30.0,voiture,deux_roues,1,2,1,1,3
202200032098,2022-10-03 07:30:00,2022,10,3,7,30,25,25163,D486,47.349378,6.182299,Plein jour,Hors agglomération,Hors intersection,Autre,Deux véhicules - frontale,3,2,2,0,1,2,2,0,1,80,2,2,0,0,1,1,29.0,52.0,voiture,voiture,1,1,1,9,1
202200032099,2022-05-17 13:30:00,2022,5,17,13,30,67,67482,BON PASTEUR (RUE DU),48.5880105765,7.780617,Plein jour,En agglomération,Hors intersection,Normale,Deux véhicules - côté,4,2,2,3,1,1,1,9,1,50,2,2,1,0,0,1,69.0,23.0,deux_roues,deux_roues,1,2,1,1,3
202200032100,2022-05-16 15:53:00,2022,5,16,15,53,67,67482,HOPITAL (PLACE DE L ),48.5752,7.74229,Plein jour,En agglomération,Hors intersection,Normale,Autre collision,4,2,2,0,1,1,1,0,1,30,1,2,1,0,1,0,60.0,,voiture,,1,2,1,1,6
202200032101,2022-10-01 14:30:00,2022,10,1,14,30,31,31451,D624,43.44529,1.952031,Plein jour,Hors agglomération,Intersection en T,Normale,Deux véhicules - frontale,3,2,2,0,1,3,1,5,1,70,2,2,1,0,1,0,69.0,28.0,voiture,voiture,1,1,3,1,1
202200032102,2022-05-18 07:34:00,2022,5,18,7,34,66,66136,PORTE-D'ASSAUT,42.69786,2.89396,Plein jour,En agglomération,Hors intersection,Normale,Autre collision,4,2,2,0,1,1,1,0,1,30,1,2,1,0,0,1,71.0,,voiture,,1,2,1,1,6
202200032103,2022-10-02 18:45:00,2022,10,2,18,45,31,31278,route d'aurignac,43.179989,0.802624,Plein jour,Hors agglomération,Intersection en T,Normale,Deux véhicules - côté,3,2,2,0,1,3,1,0,1,80,2,2,1,0,0,1,59.0,59.0,voiture,voiture,1,1,3,1,3
202200032104,2022-05-17 17:47:00,2022,5,17,17,47,66,66136,DEPERET ( AV CHARLES),42.675998,2.880857,Plein jour,En agglomération,Intersection en T,Normale,Deux véhicules - frontale,4,3,3,0,2,1,1,0,1,50,2,2,1,0,0,1,22.0,33.0,voiture,voiture,1,2,3,1,1
202200032105,2022-10-02 11:30:00,2022,10,2,11,30,02,02397,,49.722624,3.238751,Plein jour,Hors agglomération,Hors intersection,Pluie légère,Deux véhicules - frontale,4,2,2,0,2,2,2,0,1,80,2,3,1,0,1,1,43.0,32.0,voiture,utilitaire_camion,1,1,1,2,1
202200032106,2022-05-16 16:59:00,2022,5,16,16,59,65,65440,Rue Massey,43.235745,0.074139,Plein jour,En agglomération,Intersection en X,Normale,Deux véhicules - côté,4,2,2,0,1,1,1,0,1,50,2,2,1,0,0,1,55.0,16.0,voiture,deux_roues,1,2,2,1,3
202200032107,2022-10-03 05:45:00,2022,10,3,5,45,70,70199,N19,47.6322651011,6.2431445718,Nuit sans éclairage public,Hors agglomération,Hors intersection,Normale,Autre collision,2,2,1,0,1,1,2,0,1,80,1,1,0,1,0,0,72.0,,voiture,,3,1,1,1,6
202200032108,2022-05-18 17:25:00,2022,5,18,17,25,64,64445,boulevard du Cami Salie,43.33252,-0.36706,Plein jour,En agglomération,Hors intersection,Normale,Deux véhicules - arrière,4,2,2,0,1,1,1,0,1,50,2,2,0,0,0,2,59.0,30.0,voiture,voiture,1,2,1,1,2
202200032109,2022-10-01 13:18:00,2022,10,1,13,18,26,26339,le bourg,44.580236,4.792673,Plein jour,Hors agglomération,Intersection en T,Normale,Deux véhicules - arrière,3,2,2,0,1,2,1,5,1,80,2,2,1,0,0,1,50.0,91.0,voiture,voiture,1,1,3,1,2
202200032110,2022-05-18 11:05:00,2022,5,18,11,5,64,64445,COURS LYAUTEY,43.31092,-0.36281,Plein jour,En agglomération,Hors intersection,Normale,Deux véhicules - côté,4,1,2,1,1,1,1,0,1,30,2,2,1,0,0,1,31.0,28.0,utilitaire_camion,deux_roues,1,2,1,1,3
202200032111,2022-10-03 14:00:00,2022,10,3,14,0,66,66167,,42.4528,2.030195,Plein jour,Hors agglomération,Hors intersection,Normale,Deux véhicules - arrière,2,2,2,0,1,1,1,0,1,80,2,2,0,0,0,2,40.0,73.0,voiture,voiture,1,1,1,1,2
202200032112,2022-05-17 20:30:00,2022,5,17,20,30,64,64445,DROITS DE L' HOMME DES,43.31273,-0.36857,Plein jour,En agglomération,Giratoire,Normale,Deux véhicules - côté,4,1,1,0,1,2,1,9,1,50,2,2,1,0,0,1,75.0,29.0,voiture,deux_roues,1,2,6,1,3
202200032113,2022-10-01 19:15:00,2022,10,1,19,15,14,14570,D161A,49.050717,0.317245,Crépuscule ou aube,Hors agglomération,Hors intersection,Normale,Deux véhicules - frontale,3,2,2,0,2,1,1,0,1,80,2,2,1,0,0,1,43.0,61.0,voiture,voiture,2,1,1,1,1
202200032114,2022-05-14 19:10:00,2022,5,14,19,10,62,62215,EVRARD (R FLORENT ),50.48622,2.95047,Plein jour,En agglomération,Intersection en Y,Normale,Deux véhicules - côté,4,2,2,0,1,1,1,0,1,50,2,2,1,0,1,0,60.0,17.0,voiture,deux_roues,1,2,4,1,3
202200032115,2022-09-02 08:16:00,2022,9,2,8,16,14,14110,D400,49.245082,-0.102761,Plein jour,Hors agglomération,Intersection en X,Temps couvert,Deux véhicules - côté,3,2,2,0,1,1,2,0,1,80,2,2,1,1,0,0,91.0,41.0,voiture,utilitaire_camion,1,1,2,8,3
202200032116,2022-05-19 00:15:00,2022,5,19,0,15,59,59512,ARCHIMEDE (RUE D'),50.698261,3.170415,Nuit avec éclairage allumé,En agglomération,Intersection en X,Normale,Autre collision,4,2,2,0,1,1,1,0,1,50,1,3,2,0,1,0,22.0,,voiture,,5,2,2,1,6
202200032117,2022-10-03 15:15:00,2022,10,3,15,15,90,90033,Rue de la Paix,47.506578,6.992891,Plein jour,En agglomération,Intersection en Y,Normale,Autre collision,4,2,2,0,2,3,1,0,1,50,1,1,0,0,1,0,26.0,,deux_roues,,1,2,4,1,6
202200032118,2022-05-18 14:25:00,2022,5,18,14,25,59,59512,GAMBETTA ( BOULEVARD),50.69225,3.18276,Plein jour,En agglomération,Hors intersection,Normale,Autre collision,7,1,0,3,1,3,1,0,6,50,1,2,1,0,0,1,59.0,,transport_commun,,1,2,1,1,6
202200032119,2022-10-03 00:50:00,2022,10,3,0,50,60,60509,13 Rue Salvador Allendé,49.293978,2.597672,Nuit avec éclairage allumé,En agglomération,Hors intersection,Autre,Autre collision,4,3,2,0,1,3,2,0,1,-1,1,1,0,0,1,0,34.0,,deux_roues,,5,2,1,9,6
202200032120,2022-05-17 13:30:00,2022,5,17,13,30,59,59512,GUESDE (RUE JULES),50.68633,3.18698,Plein jour,En agglomération,Hors intersection,Normale,Autre collision,4,2,2,0,1,1,1,0,1,50,1,2,1,0,0,1,55.0,,voiture,,1,2,1,1,6
202200032121,2022-10-03 06:45:00,2022,10,3,6,45,53,53005,1 Route de Rochefort,48.179361,-0.749168,Nuit sans éclairage public,Hors agglomération,Hors intersection,Pluie légère,Deux véhicules - frontale,3,2,2,0,3,3,2,0,1,-1,2,2,1,0,1,0,17.0,22.0,deux_roues,utilitaire_camion,3,1,1,2,1
202200032122,2022-05-18 16:35:00,2022,5,18,16,35,59,59328,LILLE RUE DE,50.65331,3.03806,Plein jour,Hors agglomération,Intersection en T,Normale,Deux véhicules - côté,4,2,2,0,1,1,1,0,1,50,2,2,1,0,0,1,28.0,40.0,deux_roues,voiture,1,1,3,1,3
202200032123,2022-05-18 14:38:00,2022,5,18,14,38,59,59350,REDUIT RUE DU,50.6298570754,3.0707524717,Plein jour,En agglomération,Hors intersection,Normale,Autre collision,4,1,1,1,1,1,1,0,1,50,1,2,1,0,0,1,28.0,,voiture,,1,2,1,1,6
202200032124,2022-09-24 02:30:00,2022,9,24,2,30,24,24064,Route de la Fontaine d'Amour,45.35838,0.685734,Nuit sans éclairage public,Hors agglomération,Intersection en Y,Normale,Autre collision,4,2,2,0,1,3,1,0,8,80,1,5,4,0,1,0,20.0,,voiture,,3,1,4,1,6
202200032125,2022-05-17 22:25:00,2022,5,17,22,25,59,59350,WERNIERS GUILLAUME  RUE,50.6333510532,3.0854335427,Nuit avec éclairage allumé,En agglomération,Intersection en X,Normale,Deux véhicules - côté,7,1,1,0,1,1,1,0,1,50,2,3,1,0,1,1,49.0,26.0,deux_roues,voiture,5,2,2,1,3
202200032126,2022-10-02 15:30:00,2022,10,2,15,30,04,04136,Route Departementale 955,43.990939,6.536146,Plein jour,Hors agglomération,Hors intersection,Normale,Sans collision,3,2,2,0,2,4,1,0,3,80,1,2,1,0,1,0,27.0,,deux_roues,,1,1,1,1,7
202200032127,2022-05-16 22:30:00,2022,5,16,22,30,54,54483,ALBA (CHEMIN D'),48.62371,6.30182,Nuit sans éclairage public,En agglomération,Hors intersection,Normale,Autre collision,4,2,2,3,1,4,9,6,6,10,1,2,0,0,1,1,17.0,,deux_roues,,3,2,1,1,6
202200032128,2022-10-02 16:15:00,2022,10,2,16,15,04,04136,Hameau d'Argens,44.038429,6.528111,Plein jour,Hors agglomération,Hors intersection,Normale,Sans collision,4,2,2,0,2,3,9,0,3,50,1,2,0,0,1,1,49.0,,deux_roues,,1,1,1,1,7
202200032129,2022-10-01 18:00:00,2022,10,1,18,0,30,30305,rue de provence,44.175233,4.162327,Plein jour,En agglomération,Hors intersection,Normale,Autre collision,4,2,2,0,1,1,1,9,3,50,1,2,1,0,1,0,30.0,,voiture,,1,2,1,1,6
202200032130,2022-10-03 08:25:00,2022,10,3,8,25,82,82192,Route de Monclar,43.92571,1.550939,Plein jour,Hors agglomération,Hors intersection,Temps éblouissant,Deux véhicules - frontale,3,2,2,0,1,1,1,0,1,80,2,2,1,1,0,0,58.0,76.0,utilitaire_camion,voiture,1,1,1,7,1
202200032131,2022-05-18 16:25:00,2022,5,18,16,25,51,51454,rond-point du Commandant François Warnier,49.24161,4.08069,Plein jour,Hors agglomération,Giratoire,Normale,Deux véhicules - arrière,4,1,2,0,1,1,1,2,1,50,2,2,1,0,0,1,49.0,55.0,voiture,deux_roues,1,1,6,1,2
202200032132,2022-05-18 17:00:00,2022,5,18,17,0,51,51454,rue Léon Faucher,49.2672,4.04488,Plein jour,En agglomération,Intersection en X,Normale,Deux véhicules - côté,4,2,2,0,1,1,1,0,1,20,2,2,1,0,0,1,24.0,27.0,deux_roues,utilitaire_camion,1,2,2,1,3
202200032133,2022-05-31 09:00:00,2022,5,31,9,0,13,13040,Chemin de Saint-françois,43.4526,5.54551,Plein jour,Hors agglomération,Intersection en X,Normale,Deux véhicules - côté,3,2,2,0,2,1,1,5,1,70,2,2,1,0,1,0,50.0,61.0,voiture,deux_roues,1,1,2,1,3
202200032134,2022-05-16 16:40:00,2022,5,16,16,40,50,50129,PICARDIE (RUE DE),49.62765,-1.62576,Plein jour,En agglomération,Hors intersection,Normale,Deux véhicules - côté,4,2,2,0,1,1,1,0,1,50,2,2,1,0,0,1,10.0,33.0,deux_roues,voiture,1,2,1,1,3
202200032135,2022-10-03 08:50:00,2022,10,3,8,50,28,28001,RD 928,48.788658,1.398911,Plein jour,Hors agglomération,Hors intersection,Brouillard / fumée,Autre collision,3,2,2,0,1,2,1,0,1,80,1,2,0,1,0,1,21.0,,voiture,,1,1,1,5,6
202200032136,2022-05-16 16:00:00,2022,5,16,16,0,45,45338,1 Rue de Gaudry,47.9954678056,2.6951742321,Plein jour,En agglomération,Intersection en X,Normale,Deux véhicules - frontale,4,2,2,0,1,1,1,0,1,50,2,2,1,0,0,1,63.0,,deux_roues,utilitaire_camion,1,2,2,1,1
202200032137,2022-10-02 20:15:00,2022,10,2,20,15,95,95280,Rue Ambroise Croizat,49.0304940548,2.4473923445,Nuit sans éclairage public,Hors agglomération,Hors intersection,Normale,Deux véhicules - frontale,3,2,2,0,1,1,1,0,1,70,2,5,1,0,0,4,22.0,51.0,voiture,voiture,3,1,1,1,1
202200032138,2022-10-01 09:25:00,2022,10,1,9,25,91,91630,D132,48.572,2.092212,Plein jour,Hors agglomération,Autre intersection,Normale,Sans collision,3,2,2,0,1,1,2,9,8,80,1,1,0,1,0,0,22.0,,voiture,,1,1,9,1,7
202200032139,2022-05-15 18:10:00,2022,5,15,18,10,42,42225,Route de Tarévieux,45.547993587,4.5513731092,Plein jour,Hors agglomération,Hors intersection,Normale,Deux véhicules - frontale,7,2,2,0,2,1,1,0,1,70,2,4,0,2,2,0,26.0,59.0,voiture,voiture,1,1,1,1,1
202200032140,2022-09-30 17:15:00,2022,9,30,17,15,66,66230,RN116,42.6442479208,2.4997973442,Plein jour,Hors agglomération,Hors intersection,Normale,Deux véhicules - arrière,2,2,3,0,1,1,1,0,1,80,2,2,1,0,1,0,49.0,25.0,voiture,deux_roues,1,1,1,1,2
202200032141,2022-05-17 11:00:00,2022,5,17,11,0,41,41269,COURTIRAS (RUE DE),47.80245,1.05005,Plein jour,En agglomération,Intersection en T,Normale,Deux véhicules - côté,4,2,2,2,1,1,1,0,1,50,2,2,1,1,0,0,23.0,91.0,utilitaire_camion,deux_roues,1,2,3,1,3
202200032142,2022-10-03 07:30:00,2022,10,3,7,30,66,66008,D914,42.557495,3.006325,Crépuscule ou aube,Hors agglomération,Hors intersection,Normale,Autre collision,3,3,4,0,1,1,1,0,8,110,1,1,0,1,0,0,72.0,,utilitaire_camion,,2,1,1,1,6
202200032143,2022-05-18 17:40:00,2022,5,18,17,40,38,38185,ALFRED DE VIGNY (RUE ),45.16659,5.72318,Plein jour,En agglomération,Hors intersection,Normale,Trois véhicules et plus - en chaîne,4,2,2,0,1,1,1,5,1,50,4,4,2,0,0,2,19.0,69.0,voiture,deux_roues,1,2,1,1,4
202200032144,2022-09-30 19:50:00,2022,9,30,19,50,84,84019,RUE JULES VERNE,44.285812,4.749269,Nuit avec éclairage non allumé,En agglomération,Intersection en T,Normale,Deux véhicules - côté,4,2,2,0,1,1,1,0,1,50,2,2,1,0,1,0,28.0,61.0,voiture,deux_roues,4,2,3,1,3
202200032145,2022-05-18 15:10:00,2022,5,18,15,10,38,38151,COMBOIRE (RUE DE),45.1487,5.69379,Plein jour,En agglomération,Hors intersection,Normale,Trois véhicules et plus - en chaîne,4,1,2,0,1,1,1,0,1,50,3,4,1,0,0,3,53.0,40.0,voiture,voiture,1,2,1,1,4
202200032146,2022-10-03 15:15:00,2022,10,3,15,15,83,83042,D98,43.247922,6.538517,Plein jour,Hors agglomération,Hors intersection,Normale,Deux véhicules - frontale,3,2,2,0,1,1,1,0,3,70,2,3,0,0,3,0,71.0,69.0,voiture,voiture,1,1,1,1,1
202200032147,2022-05-18 12:20:00,2022,5,18,12,20,37,37214,LANDE (RUE DE LA),47.4206593114,0.6649685651,Plein jour,En agglomération,Hors intersection,Normale,Deux véhicules - côté,4,2,2,1,1,1,1,0,1,50,2,2,1,0,0,1,68.0,12.0,voiture,deux_roues,1,2,1,1,3
202200032148,2022-10-03 01:20:00,2022,10,3,1,20,83,83023,,43.408376,6.081394,Nuit avec éclairage non allumé,Hors agglomération,Hors intersection,Normale,Deux véhicules - frontale,3,2,2,0,1,1,1,0,1,80,2,2,1,1,0,0,33.0,63.0,voiture,utilitaire_camion,4,1,1,1,1
202200032149,2022-05-18 08:05:00,2022,5,18,8,5,37,37261,MANS (AVENUE DU),47.4091952648,0.6807459891,Plein jour,En agglomération,Hors intersection,Pluie légère,Deux véhicules - côté,4,2,2,0,1,1,2,0,1,50,2,2,1,0,0,1,35.0,53.0,deux_roues,voiture,1,2,1,2,3
202200032150,2022-09-28 09:06:00,2022,9,28,9,6,05,05151,N94,44.8122422373,6.5751921248,Plein jour,Hors agglomération,Hors intersection,Pluie légère,Deux véhicules - frontale,2,2,2,0,1,3,2,0,1,80,2,2,0,0,1,1,34.0,33.0,voiture,utilitaire_camion,1,1,1,2,1
202200032151,2022-05-18 20:00:00,2022,5,18,20,0,35,35051,RN157,48.1154172046,-1.5679876729,Plein jour,Hors agglomération,Hors intersection,Normale,Autre collision,2,3,4,0,1,1,1,0,1,90,1,2,0,0,0,2,32.0,,voiture,,1,1,1,1,6
202200032152,2022-10-02 21:20:00,2022,10,2,21,20,13,13035,D569,43.722153,5.026189,Nuit sans éclairage public,Hors agglomération,Hors intersection,Normale,Autre collision,3,2,2,0,1,1,1,0,1,80,1,2,0,1,1,0,61.0,,deux_roues,,3,1,1,1,6
202200032153,2022-10-03 08:00:00,2022,10,3,8,0,13,13014,Boulevard Henri Wallon,43.493857,5.169808,Crépuscule ou aube,En agglomération,Hors intersection,Temps éblouissant,Deux véhicules - côté,7,2,3,0,1,1,1,0,1,50,2,2,1,0,1,0,36.0,48.0,deux_roues,voiture,2,2,1,7,3
202200032154,2022-05-18 17:35:00,2022,5,18,17,35,35,35238,N136,48.1181931221,-1.7199878215,Plein jour,Hors agglomération,Hors intersection,Normale,Trois véhicules et plus - collisions multiples,2,3,6,0,1,1,1,0,1,90,3,5,2,0,1,2,,53.0,utilitaire_camion,voiture,1,1,1,1,5
202200032155,2022-10-02 21:00:00,2022,10,2,21,0,13,13004,N568,43.6258802165,4.7483549623,Nuit sans éclairage public,Hors agglomération,Intersection à plus de 4 branches,Normale,Deux véhicules - côté,2,3,4,0,1,1,1,5,1,90,2,3,2,0,1,0,25.0,58.0,voiture,voiture,3,1,5,1,3
202200032156,2022-05-16 09:20:00,2022,5,16,9,20,34,34032,SYLVESTRE NOEL (RUE),43.35211,3.22488,Plein jour,En agglomération,Hors intersection,Normale,Autre collision,4,2,2,0,1,3,1,0,1,50,1,2,1,0,1,0,83.0,,voiture,,1,2,1,1,6
202200032157,2022-10-03 13:15:00,2022,10,3,13,15,38,38344,A.7 - PK 017.450 -,45.37369,4.805746,Plein jour,Hors agglomération,Hors intersection,Normale,Deux véhicules - côté,1,3,2,0,1,1,1,0,1,90,2,3,2,1,0,0,37.0,19.0,utilitaire_camion,utilitaire_camion,1,1,1,1,3
202200032158,2022-05-18 09:15:00,2022,5,18,9,15,33,33522,Rue Lamartine,44.81227,-0.58617,Plein jour,En agglomération,Intersection en T,Normale,Autre collision,4,3,2,2,1,1,1,0,1,30,1,2,1,0,0,1,53.0,,voiture,,1,2,3,1,6
202200032159,2022-09-26 12:42:00,2022,9,26,12,42,38,38101,autoroute A7 pk 011.700 sens sud/Nord,45.424359,4.826646,Plein jour,Hors agglomération,Hors intersection,Normale,Deux véhicules - arrière,1,3,2,0,1,1,1,8,1,70,2,2,1,0,1,0,55.0,54.0,transport_commun,utilitaire_camion,1,1,1,1,2
202200032160,2022-10-03 10:00:00,2022,10,3,10,0,52,52269,21 Avenue du Général de Gaulle,47.847208,5.330719,Plein jour,En agglomération,Hors intersection,Normale,Autre collision,4,2,2,0,2,1,1,0,4,30,1,1,0,0,1,0,19.0,,deux_roues,,1,2,1,1,6
202200032161,2022-10-03 07:30:00,2022,10,3,7,30,54,54397,115 Rue Jean Jaures,48.621686637,6.1079907398,Plein jour,En agglomération,Intersection en X,Normale,Sans collision,3,2,2,0,1,1,1,0,1,50,1,1,0,1,0,0,75.0,,deux_roues,,1,2,2,1,7
202200032162,2022-09-30 17:18:00,2022,9,30,17,18,85,85222,D38B,46.6784707,-1.90986692,Plein jour,Hors agglomération,Intersection en X,Normale,Deux véhicules - côté,3,2,2,1,1,2,1,0,1,50,2,2,1,0,1,0,56.0,48.0,voiture,deux_roues,1,1,2,1,3
202200032163,2022-10-01 23:00:00,2022,10,1,23,0,60,60259,RD 49,49.204778,2.268537,Nuit sans éclairage public,Hors agglomération,Hors intersection,Normale,Deux véhicules - frontale,3,2,2,0,2,2,2,0,1,70,2,2,1,1,0,0,27.0,53.0,voiture,deux_roues,3,1,1,1,1
202200032164,2022-10-03 10:50:00,2022,10,3,10,50,80,80685,D1017,49.684294,2.789127,Plein jour,Hors agglomération,Intersection en X,Brouillard / fumée,Deux véhicules - côté,3,2,2,0,1,1,1,5,1,80,2,3,1,1,1,0,82.0,35.0,voiture,utilitaire_camion,1,1,2,5,3
202200032165,2022-09-30 23:24:00,2022,9,30,23,24,13,13213,A507 sens Aubagne- Marseille,43.3284823235,5.4169338941,Nuit avec éclairage non allumé,Hors agglomération,Hors intersection,Normale,Deux véhicules - arrière,1,1,2,0,1,1,1,2,1,70,2,4,1,0,0,3,42.0,45.0,voiture,voiture,4,1,1,1,2
202200032166,2022-10-01 10:08:00,2022,10,1,10,8,13,13215,A7-Sens Marseille vers Lyon,43.342742,5.37622,Plein jour,Hors agglomération,Hors intersection,Normale,Sans collision,1,3,1,0,1,3,1,3,1,50,1,6,0,0,0,6,27.0,,utilitaire_camion,,1,1,1,1,7
202200032167,2022-09-30 09:05:00,2022,9,30,9,5,83,83137,A50,43.1263502749,5.8957819143,Plein jour,Hors agglomération,Hors intersection,Normale,Deux véhicules - côté,1,3,4,0,1,1,1,0,1,110,2,2,1,0,1,0,27.0,56.0,voiture,deux_roues,1,1,1,1,3
202200032168,2022-10-02 02:40:00,2022,10,2,2,40,69,69256,Route Départementale 383,45.7914,4.88368,Nuit avec éclairage allumé,Hors agglomération,Autre intersection,Pluie légère,Autre collision,7,4,6,0,2,3,2,0,1,30,1,4,0,0,0,4,23.0,,voiture,,5,1,9,2,6
202200032169,2022-10-02 17:54:00,2022,10,2,17,54,92,92002,AUTOROUTE A86,48.7628308663,2.3120726521,Plein jour,Hors agglomération,Hors intersection,Pluie légère,Deux véhicules - arrière,1,2,4,0,1,1,2,1,1,90,2,2,1,0,0,1,30.0,38.0,deux_roues,voiture,1,1,1,2,2
202200032170,2022-10-02 14:40:00,2022,10,2,14,40,94,94038,AUTOROUTE A6A,48.77292,2.34585,Plein jour,Hors agglomération,Hors intersection,Normale,Deux véhicules - arrière,1,3,3,0,1,1,1,0,1,90,2,2,1,0,0,1,73.0,24.0,voiture,deux_roues,1,1,1,1,2
202200032171,2022-10-02 08:00:00,2022,10,2,8,0,75,75112,AUTOROUTE A86,48.8190343538,2.4575257301,Plein jour,Hors agglomération,Hors intersection,Normale,Autre collision,1,1,3,0,1,2,2,0,1,90,1,1,0,0,0,1,30.0,,voiture,,1,1,1,1,6
202200032172,2022-10-01 11:25:00,2022,10,1,11,25,78,78431,A13,48.94316,1.950976,Plein jour,Hors agglomération,Hors intersection,Normale,Deux véhicules - arrière,1,1,3,0,1,1,2,0,1,110,2,5,4,0,0,1,39.0,31.0,voiture,voiture,1,1,1,1,2
202200032173,2022-10-02 17:25:00,2022,10,2,17,25,95,95306,A15,48.99555,2.18012,Plein jour,Hors agglomération,Hors intersection,Normale,Autre collision,1,1,1,0,1,3,1,3,1,30,1,1,0,0,0,1,20.0,,voiture,,1,1,1,1,6
202200032174,2022-10-02 09:45:00,2022,10,2,9,45,93,93063,AUTOROUTE A3,48.8766908331,2.4428673511,Plein jour,Hors agglomération,Hors intersection,Pluie légère,Autre collision,1,3,6,0,1,1,2,0,1,90,1,1,0,0,0,1,38.0,,deux_roues,,1,1,1,2,6
202200032175,2022-10-01 16:40:00,2022,10,1,16,40,93,93010,AUTOROUTE A3,48.8909408086,2.4731648485,Plein jour,Hors agglomération,Hors intersection,Normale,Trois véhicules et plus - en chaîne,1,3,5,0,1,2,1,0,1,90,3,3,2,0,0,1,32.0,34.0,deux_roues,voiture,1,1,1,1,4
202200032176,2022-10-02 00:30:00,2022,10,2,0,30,77,77294,A104,48.9715636402,2.573353211,Nuit sans éclairage public,Hors agglomération,Hors intersection,Normale,Autre collision,1,1,4,0,1,1,1,0,1,90,3,5,2,1,2,0,,45.0,autre,voiture,3,1,1,1,6
202200032177,2022-10-01 23:00:00,2022,10,1,23,0,94,94046,A86 INT,48.8157721475,2.4502973472,Nuit sans éclairage public,Hors agglomération,Hors intersection,Normale,Deux véhicules - arrière,1,2,4,0,1,2,1,2,1,90,2,3,2,0,0,1,19.0,44.0,voiture,voiture,3,1,1,1,2
202200032178,2022-10-01 15:05:00,2022,10,1,15,5,77,77146,A4.Y,48.8320783431,2.6525259575,Plein jour,Hors agglomération,Autre intersection,Normale,Trois véhicules et plus - en chaîne,1,1,4,0,1,1,1,9,1,110,4,7,6,0,0,1,47.0,57.0,voiture,voiture,1,1,9,1,4
202200032179,2022-10-01 12:00:00,2022,10,1,12,0,976,97611,doujani-Carrière Gouali (rue de la),-12.80031,45.21526,Plein jour,En agglomération,Hors intersection,Normale,Deux véhicules - arrière,4,1,1,0,1,1,1,0,1,50,2,3,2,0,0,1,44.0,45.0,voiture,voiture,1,2,1,1,2
202200032180,2022-10-01 18:30:00,2022,10,1,18,30,972,97209,OSMAN NADEAU (CHEMIN),14.6308,-61.06146,Nuit sans éclairage public,Hors agglomération,Hors intersection,Normale,Deux véhicules - côté,4,-1,2,0,2,1,1,0,1,30,2,2,1,0,0,1,48.0,35.0,voiture,deux_roues,3,1,1,1,3
202200032181,2022-10-01 17:40:00,2022,10,1,17,40,94,94033,Place de l'Amitié entre les Peuples / Avenue du Maréchal Joffre,48.85267,2.4815,Plein jour,En agglomération,Giratoire,Normale,Deux véhicules - côté,3,1,1,2,1,2,1,0,1,50,2,2,1,0,0,1,32.0,28.0,voiture,deux_roues,1,2,6,1,3
202200032182,2022-09-26 12:45:00,2022,9,26,12,45,42,42044,Rue Thomas,45.39751,4.32805,Plein jour,En agglomération,Hors intersection,Normale,Deux véhicules - arrière,7,1,1,0,1,1,1,0,1,50,2,2,1,0,0,1,,52.0,deux_roues,deux_roues,1,2,1,1,2
202200032183,2022-09-25 11:00:00,2022,9,25,11,0,92,92009,GENERAL LECLERC ( RUE DU ),48.9155545661,2.2692247331,Plein jour,En agglomération,Hors intersection,Normale,Autre collision,3,2, -1,0,1,1,1,0,1,50,1,2,1,0,0,1,44.0,,voiture,,1,2,1,1,6