accident_id,datetime,annee,mois,jour,heure,minute,departement,commune_insee,adresse,latitude,longitude,luminosite,agglomeration,intersection,meteo,collision,catr,circ,nbv,vosp,prof,plan,surf,infra,situ,vma,nb_vehicules,nb_usagers,nb_indemnes,nb_tues,nb_blesses_hosp,nb_blesses_legers,age_cond_1,age_cond_2,veh_type_cond_1,veh_type_cond_2,lum_code,agg_code,int_code,atm_code,col_code
202200032366,2022-12-10 21:40:00,2022,12,10,21,40,75,75120,RUE DES RIGOLES,48.873597,2.390363,Nuit avec éclairage allumé,En agglomération,Intersection en X,Normale,Autre collision,4,1,2,0,2,1,1,0,1,30,1,2,1,0,0,1,39.0,,utilitaire_camion,,5,2,2,1,6
202200032367,2022-12-10 17:10:00,2022,12,10,17,10,75,75120,RUE DE MENILMONTANT,48.870649,2.398745,Nuit avec éclairage allumé,En agglomération,Hors intersection,Normale,Deux véhicules - côté,4,2,2,0,1,1,1,0,1,30,2,3,2,0,0,1,32.0,32.0,deux_roues,utilitaire_camion,5,2,1,1,3
202200032368,2022-07-19 14:50:00,2022,7,19,14,50,05,05012,Intersection D994H et zone artisanale d'Entraigues,44.549527,6.484766,Plein jour,Hors agglomération,Intersection en T,Normale,Deux véhicules - côté,3,2,2,0,1,1,1,0,1,80,2,2,1,0,0,1,69.0,34.0,voiture,voiture,1,1,3,1,3
202200032369,2022-12-10 14:35:00,2022,12,10,14,35,75,75119,AVENUE DE FLANDRE,48.891108,2.377611,Plein jour,En agglomération,Intersection en T,Normale,Autre collision,4,1,3,1,1,1,1,0,5,30,1,2,1,0,0,1,31.0,,deux_roues,,1,2,3,1,6
202200032370,2022-12-10 11:35:00,2022,12,10,11,35,75,75119,RUE DE L OURCQ,48.893773,2.37336,Plein jour,En agglomération,Intersection à plus de 4 branches,Normale,Deux véhicules - côté,4,1,2,3,1,1,1,0,6,30,2,3,2,0,0,1,42.0,25.0,deux_roues,deux_roues,1,2,5,1,3
202200032371,2022-12-10 16:25:00,2022,12,10,16,25,75,75117,BOULEVARD BESSIERES,48.894383,2.31368,Plein jour,En agglomération,Intersection en X,Normale,Deux véhicules - arrière,4,1,2,0,2,1,1,0,1,30,2,2,1,0,0,1,,43.0,voiture,deux_roues,1,2,2,1,2
202200032372,2022-12-10 18:25:00,2022,12,10,18,25,75,75116,RUE GALILEE,48.867231,2.290352,Nuit avec éclairage allumé,En agglomération,Intersection en Y,Normale,Autre collision,4,-1,1,0,1,1,1,0,1,30,1,2,1,0,0,1,66.0,,voiture,,5,2,4,1,6
202200032373,2022-07-20 13:15:00,2022,7,20,13,15,05,05054,Intersection D17/RN85,44.6832195972,6.0667705536,Plein jour,Hors agglomération,Intersection en Y,Normale,Deux véhicules - arrière,2,2,2,0,1,1,1,0,1,80,2,10,9,0,1,0,35.0,24.0,voiture,deux_roues,1,1,4,1,2
202200032374,2022-12-10 15:15:00,2022,12,10,15,15,75,75116,ROUTE DES TRIBUNES,48.859003,2.229211,Plein jour,En agglomération,Hors intersection,Normale,Autre collision,4,2,1,1,1,1,1,0,1,30,1,2,1,0,0,1,50.0,,deux_roues,,1,2,1,1,6
202200032375,2022-07-19 21:30:00,2022,7,19,21,30,50,50421,30 Rue de l'Eglise,49.512661,-1.290411,Crépuscule ou aube,En agglomération,Hors intersection,Normale,Autre collision,3,2,2,0,2,3,1,0,1,50,1,1,0,0,1,0,18.0,,deux_roues,,2,2,1,1,6
202200032376,2022-12-10 00:30:00,2022,12,10,0,30,75,75116,ALLEE DE LONGCHAMP,48.871405,2.261346,Nuit avec éclairage allumé,En agglomération,Hors intersection,Normale,Deux véhicules - arrière,4,2,2,0,1,1,1,0,1,30,2,2,1,0,0,1,21.0,22.0,voiture,voiture,5,2,1,1,2
202200032377,2022-07-20 11:00:00,2022,7,20,11,0,04,04031,RD 953,43.911598,6.139147,Plein jour,Hors agglomération,Hors intersection,Normale,Sans collision,3,2,2,0,2,3,8,0,1,80,1,1,0,0,0,1,53.0,,deux_roues,,1,1,1,1,7
202200032378,2022-12-09 07:56:00,2022,12,9,7,56,75,75116,AVENUE FOCH,48.873594,2.292786,Plein jour,En agglomération,Intersection en X,Normale,Deux véhicules - côté,4,2,4,0,3,1,1,0,1,30,2,2,1,0,0,1,45.0,25.0,deux_roues,deux_roues,1,2,2,1,3
202200032379,2022-12-10 19:30:00,2022,12,10,19,30,75,75115,RUE LINOIS,48.847693,2.28413,Nuit avec éclairage allumé,En agglomération,Intersection en X,Normale,Deux véhicules - arrière,4,1,1,0,1,1,1,0,1,30,2,3,0,0,0,3,37.0,41.0,voiture,voiture,5,2,2,1,2
202200032380,2022-07-16 09:32:00,2022,7,16,9,32,17,17377,D 739 le treuil,45.870917,-0.183871,Plein jour,Hors agglomération,Hors intersection,Normale,Deux véhicules - frontale,3,2,2,0,1,1,1,0,1,80,2,4,1,0,3,0,48.0,19.0,voiture,voiture,1,1,1,1,1
202200032381,2022-12-10 18:25:00,2022,12,10,18,25,75,75115,RUE DE LA CROIX NIVERT,48.842877,2.295085,Nuit avec éclairage allumé,En agglomération,Intersection en X,Normale,Deux véhicules - côté,4,2,2,0,1,1,1,0,1,30,2,2,1,0,0,1,22.0,43.0,voiture,deux_roues,5,2,2,1,3
202200032382,2022-07-19 17:15:00,2022,7,19,17,15,87,87187,Avenue Marceau,45.513509,1.202128,Plein jour,En agglomération,Autre intersection,Normale,Autre collision,3,2,2,0,1,1,1,5,1,50,1,2,1,0,1,0,23.0,,voiture,,1,2,9,1,6
202200032383,2022-12-09 13:00:00,2022,12,9,13,0,75,75115,BOULEVARD DE GRENELLE,48.848698,2.298663,Plein jour,En agglomération,Intersection en T,Normale,Deux véhicules - arrière,4,1,1,0,1,1,1,0,1,30,2,2,1,0,0,1,25.0,32.0,deux_roues,utilitaire_camion,1,2,3,1,2
202200032384,2022-07-13 08:50:00,2022,7,13,8,50,76,76533,A29 - PK 24+600,49.4825191185,0.2632082999,Plein jour,Hors agglomération,Hors intersection,Normale,Deux véhicules - arrière,1,3,2,0,1,1,1,0,1,110,2,2,1,0,0,1,58.0,29.0,deux_roues,utilitaire_camion,1,1,1,1,2
202200032385,2022-12-10 03:10:00,2022,12,10,3,10,75,75107,QUAI D ORSAY,48.862426,2.303426,Nuit avec éclairage allumé,En agglomération,Hors intersection,Normale,Autre collision,4,2,4,0,1,1,1,0,1,30,1,2,1,0,0,1,21.0,,deux_roues,,5,2,1,1,6
202200032386,2022-12-10 13:50:00,2022,12,10,13,50,75,75110,RUE DE PARADIS,48.874358,2.355382,Plein jour,En agglomération,Intersection en X,Normale,Autre collision,4,1,1,0,1,1,1,0,1,30,1,2,1,0,0,1,41.0,,utilitaire_camion,,1,2,2,1,6
202200032387,2022-07-19 17:18:00,2022,7,19,17,18,53,53096,RN12,48.298269,-0.901557,Plein jour,Hors agglomération,Hors intersection,Temps éblouissant,Deux véhicules - frontale,2,2,2,0,2,1,1,0,1,80,2,2,1,0,1,0,45.0,23.0,utilitaire_camion,utilitaire_camion,1,1,1,7,1
202200032388,2022-12-10 23:00:00,2022,12,10,23,0,75,75108,RUE FRANCOIS 1ER,48.867017,2.306322,Nuit avec éclairage allumé,En agglomération,Intersection en X,Normale,Autre collision,4,1,2,3,1,1,1,0,6,30,1,2,1,0,0,1,,,voiture,,5,2,2,1,6
202200032389,2022-12-10 12:26:00,2022,12,10,12,26,75,75104,VOIE GEORGES POMPIDOU,48.849452,2.361506,Plein jour,En agglomération,Hors intersection,Normale,Autre collision,4,1,1,1,1,1,1,9,5,30,1,2,1,0,0,1,35.0,,deux_roues,,1,2,1,1,6
202200032390,2022-07-19 09:30:00,2022,7,19,9,30,90,90076,Autoroute A36 pk33+200,47.636196,6.881076,Plein jour,Hors agglomération,Hors intersection,Normale,Deux véhicules - arrière,1,1,3,0,1,1,1,3,1,110,2,3,2,0,1,0,46.0,39.0,utilitaire_camion,utilitaire_camion,1,1,1,1,2
202200032391,2022-12-10 01:28:00,2022,12,10,1,28,94,94078,PARIS (R DE),48.75451,2.44443,Nuit avec éclairage allumé,En agglomération,Hors intersection,Normale,Trois véhicules et plus - collisions multiples,2,3,4,0,1,1,1,0,1,50,4,6,4,0,0,2,46.0,25.0,voiture,voiture,5,2,1,1,5
202200032392,2022-12-10 18:00:00,2022,12,10,18,0,94,94021,GEORGES GUYNEMER (AV),48.76385,2.33934,Nuit sans éclairage public,En agglomération,Hors intersection,Normale,Deux véhicules - arrière,3,3,4,0,1,1,1,5,1,50,2,2,1,0,0,1,27.0,40.0,deux_roues,voiture,3,2,1,1,2
202200032393,2022-06-14 00:30:00,2022,6,14,0,30,90,90076,autoroute A36 - PK 31.900,47.643128,6.891861,Nuit sans éclairage public,Hors agglomération,Hors intersection,Pluie légère,Deux véhicules - arrière,1,3,4,0,1,1,1,0,1,110,2,3,2,0,0,1,69.0,48.0,voiture,utilitaire_camion,3,1,1,2,2
202200032394,2022-12-10 11:40:00,2022,12,10,11,40,93,93071,Rue Gabriel Péri,48.94273,2.532791,Plein jour,En agglomération,Hors intersection,Normale,Deux véhicules - frontale,4,2,2,0,1,1,1,0,1,50,2,2,1,0,0,1,55.0,14.0,deux_roues,deux_roues,1,2,1,1,1
202200032395,2022-07-16 00:00:00,2022,7,16,0,0,31,31254,1860 L Occitane,43.538782,1.515589,Nuit avec éclairage allumé,En agglomération,Hors intersection,Normale,Autre collision,4,2,2,3,1,3,1,0,3,50,1,1,0,0,1,0,31.0,,voiture,,5,2,1,1,6
202200032396,2022-12-10 06:20:00,2022,12,10,6,20,93,93066,Route de la Courneuve,48.932313,2.376112,Nuit avec éclairage allumé,En agglomération,Hors intersection,Temps couvert,Autre collision,3,3,2,1,1,1,1,0,4,50,1,1,0,0,0,1,56.0,,voiture,,5,2,1,8,6
202200032397,2022-12-10 13:50:00,2022,12,10,13,50,93,93027,Avenue Waldeck Rochet,48.934130608,2.4018289981,Plein jour,En agglomération,Hors intersection,Normale,Deux véhicules - frontale,3,2,2,0,1,1,1,0,1,50,2,2,1,0,0,1,45.0,33.0,voiture,deux_roues,1,2,1,1,1
202200032398,2022-12-10 08:58:00,2022,12,10,8,58,92,92020,BROSSOLETTE RUE PIERRE N°3 A 13,48.8001250435,2.2848778367,Plein jour,En agglomération,Hors intersection,Normale,Sans collision,3,2,2,0,1,1,1,0,1,50,1,1,0,0,0,1,37.0,,deux_roues,,1,2,1,1,7
202200032399,2022-07-19 15:00:00,2022,7,19,15,0,38,38189,D518z,45.638782,5.062594,Plein jour,Hors agglomération,Hors intersection,Temps éblouissant,Deux véhicules - frontale,3,2,2,0,1,1,1,0,1,80,2,2,1,0,1,0,39.0,51.0,voiture,utilitaire_camion,1,1,1,7,1
202200032400,2022-12-10 20:40:00,2022,12,10,20,40,92,92024,JEAN JAURES (BD) DE (1 A 45)   (2 A 54),48.9000171315,2.3062378764,Nuit avec éclairage allumé,En agglomération,Intersection en X,Normale,Deux véhicules - côté,3,1,3,1,1,1,1,0,1,50,2,2,1,0,0,1,55.0,23.0,voiture,deux_roues,5,2,2,1,3
202200032401,2022-07-20 02:25:00,2022,7,20,2,25,976,97608,Boulevard des Crabes,-12.787974,45.264686,Nuit avec éclairage allumé,En agglomération,Hors intersection,Normale,Sans collision,2,2,2,0,1,1,1,0,3,30,1,2,1,0,1,0,,,voiture,,5,2,1,1,7
202200032402,2022-12-10 19:50:00,2022,12,10,19,50,92,92032,LANGEVIN PAUL (AVENUE),48.78328,2.28669,Nuit avec éclairage allumé,En agglomération,Intersection en T,Normale,Deux véhicules - côté,3,2,2,2,2,2,1,0,1,30,2,2,1,0,0,1,48.0,41.0,voiture,deux_roues,5,2,3,1,3
202200032403,2022-07-20 08:25:00,2022,7,20,8,25,95,95535,RD 14,49.064342,1.980672,Plein jour,Hors agglomération,Autre intersection,Pluie légère,Sans collision,3,2,2,0,1,3,2,9,1,110,1,1,0,0,1,0,35.0,,deux_roues,,1,1,9,2,7
202200032404,2022-12-10 19:05:00,2022,12,10,19,5,92,92007,RAVERA (AVENUE HENRI) N° 92 A 106,48.802295,2.311071,Nuit avec éclairage allumé,En agglomération,Hors intersection,Normale,Autre collision,3,-1,0,0,1,2,1,0,4,50,1,1,0,0,0,1,61.0,,utilitaire_camion,,5,2,1,1,6
202200032405,2022-12-10 02:00:00,2022,12,10,2,0,86,86111,D910,46.860764,0.554804,Nuit sans éclairage public,Hors agglomération,Hors intersection,Autre,Sans collision,3,2,2,0,1,1,1,0,8,90,1,1,0,0,1,0,37.0,,voiture,,3,1,1,9,7
202200032406,2022-12-11 03:54:00,2022,12,11,3,54,06,06161,Route Départementale 6007,43.621827,7.130177,Nuit sans éclairage public,Hors agglomération,Hors intersection,Normale,Deux véhicules - arrière,3,2,2,1,1,1,1,0,1,70,2,2,1,1,0,0,26.0,19.0,voiture,deux_roues,3,1,1,1,2
202200032407,2022-12-11 00:30:00,2022,12,11,0,30,988,98810,Lieu-dit Troulala,-20.65054,164.36362,Nuit sans éclairage public,Hors agglomération,Hors intersection,Normale,Sans collision,2,2,2,0,1,1,1,0,3,110,1,3,2,1,0,0,15.0,,voiture,,3,1,1,1,7
202200032408,2022-07-19 15:50:00,2022,7,19,15,50,95,95008,RD 983,49.06993,1.77736,Plein jour,Hors agglomération,Hors intersection,Normale,Deux véhicules - côté,3,2,2,0,2,3,1,0,1,80,2,7,1,0,1,5,51.0,39.0,voiture,voiture,1,1,1,1,3
202200032409,2022-12-11 08:30:00,2022,12,11,8,30,974,97413,N1a,-21.202948,55.28522,Plein jour,Hors agglomération,Hors intersection,Normale,Sans collision,2,2,2,2,2,1,1,0,3,-1,1,1,0,0,1,0,40.0,,voiture,,1,1,1,1,7
202200032410,2022-12-11 17:25:00,2022,12,11,17,25,38,38204,D1075,44.741643,5.680876,Crépuscule ou aube,Hors agglomération,Hors intersection,Normale,Deux véhicules - frontale,3,2,2,0,2,3,1,0,1,80,2,2,1,0,0,1,20.0,29.0,voiture,voiture,2,1,1,1,1
202200032411,2022-12-11 18:33:00,2022,12,11,18,33,56,56010,N24 sens Rennes/Lorient,47.885033,-3.039842,Nuit avec éclairage non allumé,Hors agglomération,Hors intersection,Normale,Sans collision,2,3,4,0,1,1,2,0,2,110,1,1,0,1,0,0,46.0,,voiture,,4,1,1,1,7
202200032412,2022-12-10 18:40:00,2022,12,10,18,40,56,56166,Pont En Daul,47.901151,-3.336282,Nuit sans éclairage public,Hors agglomération,Hors intersection,Normale,Deux véhicules - arrière,3,2,2,0,1,1,1,0,1,80,2,2,1,0,0,1,49.0,63.0,utilitaire_camion,voiture,3,1,1,1,2
202200032413,2022-07-19 19:55:00,2022,7,19,19,55,83,83068,D559,43.292388,6.612911,Plein jour,Hors agglomération,Hors intersection,Normale,Trois véhicules et plus - collisions multiples,3,2,2,0,1,1,1,0,1,80,3,3,2,0,0,1,55.0,54.0,voiture,voiture,1,1,1,1,5
202200032414,2022-12-09 17:50:00,2022,12,9,17,50,82,82186,Allee du 4 Septembre,44.107267,0.892081,Nuit avec éclairage non allumé,En agglomération,Giratoire,Pluie légère,Autre collision,3,2,2,0,1,1,2,0,1,50,1,2,1,0,0,1,24.0,,voiture,,4,2,6,2,6
202200032415,2022-12-10 16:00:00,2022,12,10,16,0,11,11262,D6009,43.203424,3.020554,Plein jour,Hors agglomération,Hors intersection,Normale,Autre collision,3,2,3,0,1,1,1,0,1,-1,1,3,2,0,1,0,23.0,,voiture,,1,1,1,1,6
202200032416,2022-07-14 02:30:00,2022,7,14,2,30,06,06128,Route des Serres,43.699139,7.118583,Nuit avec éclairage allumé,En agglomération,Hors intersection,Normale,Sans collision,4,1,1,0,2,2,1,0,1,30,1,2,1,0,1,0,56.0,,deux_roues,,5,2,1,1,7
202200032417,2022-12-10 15:38:00,2022,12,10,15,38,12,12203,D999,43.966056,2.964141,Plein jour,Hors agglomération,Hors intersection,Temps couvert,Autre collision,3,2,2,0,2,3,2,0,3,90,1,1,0,0,1,0,83.0,,voiture,,1,1,1,8,6
202200032418,2022-07-19 15:45:00,2022,7,19,15,45,38,38565,Avenue de Juin 1940,45.295928,5.628932,Plein jour,En agglomération,Giratoire,Normale,Deux véhicules - côté,3,3,2,0,1,3,1,0,1,70,2,2,1,0,1,0,46.0,54.0,voiture,voiture,1,2,6,1,3
202200032419,2022-12-10 18:30:00,2022,12,10,18,30,42,42059,Rue Max Fléchet,45.637477,4.389666,Nuit avec éclairage allumé,En agglomération,Intersection en X,Autre,Autre collision,4,1,1,0,1,1,1,6,1,50,1,3,2,1,0,0,20.0,,voiture,,5,2,2,9,6
202200032420,2022-12-10 17:45:00,2022,12,10,17,45,34,34139,D15,43.423173,3.244248,Nuit sans éclairage public,En agglomération,Hors intersection,Normale,Sans collision,3,2,2,0,1,1,1,0,1,80,1,1,0,1,0,0,24.0,,deux_roues,,3,2,1,1,7
202200032421,2022-12-09 13:00:00,2022,12,9,13,0,25,25139,D48,47.018857,6.405609,Plein jour,Hors agglomération,Hors intersection,Autre,Deux véhicules - frontale,3,2,2,0,1,2,2,0,1,-1,2,2,1,0,0,1,40.0,24.0,voiture,voiture,1,1,1,9,1
202200032422,2022-11-12 14:58:00,2022,11,12,14,58,25,25495,18 rue de Beaupré,47.276896,6.107245,Plein jour,En agglomération,Hors intersection,Normale,Deux véhicules - côté,4,2,2,0,1,1,1,0,1,30,2,2,1,0,1,0,52.0,18.0,utilitaire_camion,deux_roues,1,2,1,1,3
202200032423,2022-07-15 00:15:00,2022,7,15,0,15,07,07272,D579,44.52543,4.408809,Nuit sans éclairage public,Hors agglomération,Hors intersection,Normale,Deux véhicules - côté,3,-1,2,0,1,1,1,0,1,80,2,2,1,0,0,1,43.0,22.0,deux_roues,voiture,3,1,1,1,3
202200032424,2022-12-10 22:59:00,2022,12,10,22,59,44,44131,D67,47.084033,-1.971467,Nuit sans éclairage public,Hors agglomération,Hors intersection,Pluie légère,Sans collision,3,2,2,0,1,1,2,0,1,80,1,2,0,0,1,1,22.0,,voiture,,3,1,1,2,7
202200032425,2022-12-10 18:00:00,2022,12,10,18,0,29,29027,Ecluse de Prad Pourrig,48.174514,-3.88695,Crépuscule ou aube,Hors agglomération,Hors intersection,Normale,Sans collision,9,2,2,0,1,1,1,0,8,-1,1,1,0,1,0,0,72.0,,voiture,,2,1,1,1,7
202200032426,2022-12-10 18:00:00,2022,12,10,18,0,31,31080,Chemin de la Merlère RD 633,43.276127,0.652345,Nuit sans éclairage public,Hors agglomération,Intersection en X,Normale,Deux véhicules - arrière,3,2,2,0,1,1,1,0,1,80,2,2,1,0,1,0,16.0,20.0,deux_roues,voiture,3,1,2,1,2
202200032427,2022-12-11 15:15:00,2022,12,11,15,15,02,02167,route départementale 141,49.376834,3.491271,Plein jour,Hors agglomération,Hors intersection,Normale,Deux véhicules - frontale,3,2,2,0,1,1,1,0,1,80,2,2,1,1,0,0,89.0,68.0,voiture,voiture,1,1,1,1,1
202200032428,2022-07-20 05:30:00,2022,7,20,5,30,46,46055,Route départementale 840,44.581542,2.066116,Nuit sans éclairage public,Hors agglomération,Hors intersection,Normale,Autre collision,3,2,2,0,2,2,1,0,3,70,1,1,0,1,0,0,50.0,,utilitaire_camion,,3,1,1,1,6
202200032429,2022-12-10 11:55:00,2022,12,10,11,55,72,72100,D8,47.797058555,0.0308489797,Plein jour,Hors agglomération,Hors intersection,Normale,Autre collision,3,2,2,0,1,2,1,0,1,90,1,1,0,0,1,0,58.0,,voiture,,1,1,1,1,6
202200032430,2022-07-19 19:23:00,2022,7,19,19,23,76,76666,Route de Gaillefontaine,49.582202,1.631175,Plein jour,Hors agglomération,Hors intersection,Normale,Sans collision,3,2,2,0,1,3,1,2,1,80,1,1,0,0,0,1,26.0,,voiture,,1,1,1,1,7
202200032431,2022-12-10 23:35:00,2022,12,10,23,35,60,60277,RD 981,49.421778,2.042105,Nuit sans éclairage public,Hors agglomération,Hors intersection,Normale,Deux véhicules - frontale,3,2,2,0,1,3,1,0,1,80,2,5,0,1,1,3,50.0,44.0,voiture,voiture,3,1,1,1,1
202200032432,2022-07-20 14:20:00,2022,7,20,14,20,60,60079,Nationale 2,49.1805499637,2.8881533145,Plein jour,Hors agglomération,Hors intersection,Pluie forte,Deux véhicules - côté,2,2,2,0,2,1,2,0,1,80,2,2,1,0,0,1,38.0,53.0,utilitaire_camion,voiture,1,1,1,3,3
202200032433,2022-11-30 15:50:00,2022,11,30,15,50,43,43039,Les Ceyssoux,44.913693,3.884179,Plein jour,Hors agglomération,Hors intersection,Normale,Sans collision,4,2,1,0,1,1,2,0,1,50,1,1,0,0,1,0,41.0,,deux_roues,,1,1,1,1,7
202200032434,2022-12-10 13:00:00,2022,12,10,13,0,28,28166,RD 923,48.425333,1.133963,Plein jour,Hors agglomération,Intersection en X,Temps couvert,Autre collision,3,2,3,0,1,1,1,5,1,90,2,2,1,0,1,0,49.0,60.0,voiture,voiture,1,1,2,8,6
202200032435,2022-07-19 06:20:00,2022,7,19,6,20,13,13117,A7-Sens Marseille vers Lyon,43.45191,5.23837,Crépuscule ou aube,Hors agglomération,Hors intersection,Normale,Deux véhicules - côté,1,1,2,0,2,1,1,0,2,110,2,4,1,0,0,3,23.0,27.0,voiture,utilitaire_camion,2,1,1,1,3
202200032436,2022-12-09 21:40:00,2022,12,9,21,40,17,17446,D 121,45.82582,-0.313545,Nuit avec éclairage allumé,En agglomération,Intersection en T,Normale,Deux véhicules - côté,3,2,2,0,1,1,1,0,1,50,2,3,2,0,1,0,19.0,17.0,voiture,deux_roues,5,2,3,1,3
202200032437,2022-07-19 19:25:00,2022,7,19,19,25,91,91161,AUTOROUTE A6,48.71057,2.3073,Plein jour,Hors agglomération,Hors intersection,Normale,Sans collision,1,1,3,0,1,1,1,0,1,110,1,1,0,0,1,0,22.0,,deux_roues,,1,1,1,1,7
202200032438,2022-12-10 06:10:00,2022,12,10,6,10,17,17221,D120,46.122243,-0.583085,Nuit sans éclairage public,Hors agglomération,Hors intersection,Autre,Sans collision,3,2,2,0,1,1,1,0,3,80,1,2,0,0,1,1,23.0,,voiture,,3,1,1,9,7
202200032439,2022-12-11 17:00:00,2022,12,11,17,0,23,23106,Route Nationale 145,46.259066,2.362425,Nuit sans éclairage public,Hors agglomération,Hors intersection,Normale,Autre collision,2,2,2,0,1,1,1,0,1,110,1,2,0,0,1,1,28.0,,utilitaire_camion,,3,1,1,1,6
202200032440,2022-07-19 10:30:00,2022,7,19,10,30,94,94034,AUTOROUTE A86,48.7555257692,2.3430114984,Plein jour,Hors agglomération,Hors intersection,Normale,Trois véhicules et plus - en chaîne,1,3,6,0,1,1,1,9,1,90,3,3,2,0,0,1,25.0,41.0,deux_roues,utilitaire_camion,1,1,1,1,4
202200032441,2022-12-11 10:25:00,2022,12,11,10,25,88,88116,18 Rue de la 3e Dia,47.963067,6.837026,Plein jour,En agglomération,Hors intersection,Normale,Autre collision,3,2,2,0,1,1,1,6,1,50,1,3,1,0,1,1,67.0,,voiture,,1,2,1,1,6
202200032442,2022-07-19 08:40:00,2022,7,19,8,40,94,94034,AUTOROUTE A86,48.7606114652,2.3193595264,Plein jour,Hors agglomération,Hors intersection,Normale,Deux véhicules - arrière,1,3,4,3,2,1,1,1,1,90,2,2,1,0,0,1,32.0,60.0,utilitaire_camion,deux_roues,1,1,1,1,2
202200032443,2022-12-10 18:40:00,2022,12,10,18,40,973,97309,Route de Rémire,4.907442,-52.272885,Nuit avec éclairage allumé,En agglomération,Hors intersection,Normale,Deux véhicules - côté,3,2,2,0,2,1,2,0,3,50,2,2,1,0,1,0,19.0,28.0,voiture,deux_roues,5,2,1,1,3
202200032444,2022-12-10 19:20:00,2022,12,10,19,20,66,66172,,42.716202,2.8314691,Nuit avec éclairage allumé,En agglomération,Intersection en T,Normale,Autre collision,4,2,2,0,1,1,1,0,4,50,1,1,0,0,0,1,24.0,,voiture,,5,2,3,1,6
202200032445,2022-12-11 09:10:00,2022,12,11,9,10,971,97103,BOULEVARD MAHATMA GANDHI,16.239213,-61.575167,Plein jour,En agglomération,Hors intersection,Temps éblouissant,Autre collision,2,3,4,0,1,1,1,0,1,70,1,1,0,0,1,0,25.0,,deux_roues,,1,2,1,7,6
202200032446,2022-07-18 02:00:00,2022,7,18,2,0,94,94034,AUTOROUTE A6A,48.7584457799,2.3369825611,Nuit sans éclairage public,Hors agglomération,Hors intersection,Normale,Deux véhicules - arrière,1,1,3,0,2,1,1,0,2,90,2,5,2,0,0,3,30.0,33.0,voiture,utilitaire_camion,3,1,1,1,2
202200032447,2022-12-11 05:10:00,2022,12,11,5,10,988,98803,RT1 - Pont de la Courrie,-21.577485,165.494624,Crépuscule ou aube,Hors agglomération,Hors intersection,Brouillard / fumée,Autre collision,2,2,2,0,1,1,2,2,8,70,1,3,1,1,1,0,27.0,,utilitaire_camion,,2,1,1,5,6
202200032448,2022-07-19 08:50:00,2022,7,19,8,50,95,95582, A15,48.969071321,2.250534296,Plein jour,Hors agglomération,Hors intersection,Temps éblouissant,Deux véhicules - côté,1,3,8,0,1,1,1,0,1,110,2,2,1,0,0,1,85.0,43.0,voiture,deux_roues,1,1,1,7,3
202200032449,2022-12-11 14:00:00,2022,12,11,14,0,971,97106,Galets,16.170422,-61.776423,Plein jour,En agglomération,Hors intersection,Normale,Trois véhicules et plus - collisions multiples,2,2,2,0,3,3,1,0,1,50,3,6,5,0,1,0,26.0,30.0,deux_roues,voiture,1,2,1,1,5
202200032450,2022-07-18 14:15:00,2022,7,18,14,15,94,94018,A4,48.8176679679,2.414811413,Plein jour,Hors agglomération,Hors intersection,Normale,Deux véhicules - arrière,1,1,5,0,1,1,1,0,1,90,2,2,1,0,0,1,38.0,27.0,voiture,deux_roues,1,1,1,1,2
202200032451,2022-12-10 16:30:00,2022,12,10,16,30,41,41220,Place du Cavereau,47.699235,1.580041,Plein jour,En agglomération,Hors intersection,Normale,Autre collision,3,2,2,0,2,1,1,0,3,50,1,1,0,0,0,1,25.0,,voiture,,1,2,1,1,6
202200032452,2022-12-10 03:00:00,2022,12,10,3,0,77,77144,D231,48.761283,2.927189,Nuit sans éclairage public,Hors agglomération,Hors intersection,Normale,Sans collision,3,2,2,0,1,1,1,0,3,80,1,1,0,0,0,1,39.0,,voiture,,3,1,1,1,7
202200032453,2022-07-18 11:30:00,2022,7,18,11,30,17,17306,LOTI PIERRE,45.6275,-1.03195,Plein jour,En agglomération,Hors intersection,Temps éblouissant,Deux véhicules - arrière,4,1,1,1,1,1,1,6,8,30,2,3,2,0,0,1,51.0,51.0,deux_roues,voiture,1,2,1,7,2
202200032454,2022-12-11 03:50:00,2022,12,11,3,50,34,34344,D62,43.563394,4.044559,Nuit sans éclairage public,Hors agglomération,Hors intersection,Normale,Trois véhicules et plus - en chaîne,3,1,4,0,1,1,1,0,1,110,4,6,3,2,0,1,42.0,65.0,voiture,voiture,3,1,1,1,4
202200032455,2022-12-10 13:09:00,2022,12,10,13,9,01,01142,262 Rue du Mollard,45.853412,5.076907,Plein jour,En agglomération,Hors intersection,Normale,Autre collision,4,2,2,0,1,3,1,0,4,30,1,2,1,0,0,1,26.0,,deux_roues,,1,2,1,1,6
202200032456,2022-07-17 03:00:00,2022,7,17,3,0,987,98735,REMPARTS (RUE),-17.537368,-149.565276,Nuit avec éclairage allumé,En agglomération,Autre intersection,Normale,Trois véhicules et plus - collisions multiples,4,3,4,0,1,1,1,0,1,50,3,3,2,0,1,0,19.0,35.0,autre,autre,5,2,9,1,5