accident_id,datetime,annee,mois,jour,heure,minute,departement,commune_insee,adresse,latitude,longitude,luminosite,agglomeration,intersection,meteo,collision,catr,circ,nbv,vosp,prof,plan,surf,infra,situ,vma,nb_vehicules,nb_usagers,nb_indemnes,nb_tues,nb_blesses_hosp,nb_blesses_legers,age_cond_1,age_cond_2,veh_type_cond_1,veh_type_cond_2,lum_code,agg_code,int_code,atm_code,col_code
202200032549,2022-07-18 07:37:00,2022,7,18,7,37,75,75112,BOULEVARD PONIATOWSKI,48.831827,2.397662,Plein jour,En agglomération,Intersection en X,Normale,Deux véhicules - côté,4,1,2,0,1,1,1,0,1,50,2,5,3,0,0,2,45.0,47.0,voiture,utilitaire_camion,1,2,2,1,3
202200032550,2022-07-18 16:20:00,2022,7,18,16,20,75,75110,RUE DES RECOLLETS,48.874942,2.36017,Plein jour,En agglomération,Hors intersection,Temps éblouissant,Autre collision,4,1,2,1,1,1,1,0,1,30,1,2,0,0,0,2,32.0,,deux_roues,,1,2,1,7,6
202200032551,2022-07-17 23:36:00,2022,7,17,23,36,75,75108,AVENUE DU PRESIDENT WILSON,48.864742,2.301002,Nuit avec éclairage allumé,En agglomération,Place,Normale,Autre collision,4,2,6,0,1,1,1,0,1,30,1,2,1,0,0,1,,,voiture,,5,2,7,1,6
202200032552,2022-07-17 18:00:00,2022,7,17,18,0,75,75108,PLACE DU CANADA,48.864919,2.310279,Plein jour,En agglomération,Place,Normale,Deux véhicules - côté,4,2,0,0,1,1,1,0,1,50,2,2,1,0,0,1,28.0,34.0,deux_roues,voiture,1,2,7,1,3
202200032553,2022-07-18 19:06:00,2022,7,18,19,6,94,94078,EMILE ZOLA (R),48.734885,2.453315,Plein jour,En agglomération,Intersection en T,Normale,Deux véhicules - frontale,4,2,2,0,1,1,1,9,1,50,2,2,1,0,1,0,2.0,22.0,autre,voiture,1,2,3,1,1
202200032554,2022-07-18 02:48:00,2022,7,18,2,48,94,94028,Route de Choisy / Avenue Bernard Halpern,48.79016,2.45282,Nuit avec éclairage allumé,En agglomération,Intersection en Y,Normale,Deux véhicules - arrière,3,3,6,3,1,1,1,0,1,50,2,2,1,0,0,1,29.0,46.0,voiture,voiture,5,2,4,1,2
202200032555,2022-07-18 20:09:00,2022,7,18,20,9,93,93066,Rue Danielle Casanova,48.9296447208,2.3593300581,Plein jour,En agglomération,Autre intersection,Normale,Deux véhicules - frontale,4,3,4,3,1,1,1,0,8,50,2,2,1,0,0,1,38.0,26.0,voiture,deux_roues,1,2,9,1,1
202200032556,2022-07-18 17:50:00,2022,7,18,17,50,93,93064,Avenue Lech Walesa / Rue de Changis,48.87632,2.48612,Plein jour,En agglomération,Intersection en T,Normale,Deux véhicules - côté,3,3,2,1,1,2,1,0,1,50,2,2,1,0,0,1,61.0,20.0,voiture,deux_roues,1,2,3,1,3
202200032557,2022-07-17 06:07:00,2022,7,17,6,7,93,93077,Avenue de Rosny,48.8832334457,2.4993440509,Crépuscule ou aube,En agglomération,Hors intersection,Normale,Autre collision,3,1,2,0,1,1,1,0,1,50,1,1,0,0,0,1,33.0,,voiture,,2,2,1,1,6
202200032558,2022-07-17 20:40:00,2022,7,17,20,40,93,93010,Avenue Pasteur,48.9033015666,2.4834600091,Plein jour,En agglomération,Hors intersection,Normale,Deux véhicules - frontale,4,2,2,0,1,3,1,0,1,50,2,3,2,0,0,1,24.0,43.0,voiture,voiture,1,2,1,1,1
202200032559,2022-07-18 20:50:00,2022,7,18,20,50,92,92051,"CHARLES DE GAULLE (AVENUE,N°118 A 192 +",48.8857623093,2.2569442391,Plein jour,En agglomération,Autre intersection,Normale,Deux véhicules - côté,2,1,3,0,1,1,1,0,8,30,2,2,1,0,0,1,28.0,27.0,deux_roues,voiture,1,2,9,1,3
202200032560,2022-03-02 12:20:00,2022,3,2,12,20,93,93005,AUTOROUTE A3,48.9559829274,2.4734293654,Plein jour,Hors agglomération,Hors intersection,Normale,Trois véhicules et plus - en chaîne,1,3,6,0,1,1,1,0,1,90,4,5,3,0,0,2,38.0,21.0,voiture,voiture,1,1,1,1,4
202200032561,2022-07-18 08:50:00,2022,7,18,8,50,92,92050,PLAIDEURS RUE DES,48.8792422051,2.212864548,Plein jour,En agglomération,Intersection en X,Normale,Deux véhicules - frontale,4,2,2,0,1,1,1,0,1,50,2,2,1,0,1,0,27.0,39.0,voiture,deux_roues,1,2,2,1,1
202200032562,2022-07-18 18:02:00,2022,7,18,18,2,92,92007,JAURES (AVENUE JEAN) N° 26 ET 11 A 17,48.8015731297,2.3022325337,Plein jour,En agglomération,Hors intersection,Temps éblouissant,Deux véhicules - côté,3,2,2,0,1,1,1,0,1,50,2,2,1,0,0,1,44.0,44.0,voiture,deux_roues,1,2,1,7,3
202200032563,2022-03-03 19:30:00,2022,3,3,19,30,94,94069,A4,48.8172046066,2.428517825,Nuit sans éclairage public,Hors agglomération,Hors intersection,Normale,Deux véhicules - arrière,1,3,5,0,1,1,1,0,1,90,2,2,1,0,0,1,34.0,23.0,voiture,deux_roues,3,1,1,1,2
202200032564,2022-07-14 07:40:00,2022,7,14,7,40,92,92002,GENERAL DE GAULLE (PLACE DU),48.76336,2.30877,Plein jour,En agglomération,Place,Normale,Deux véhicules - côté,3,2,3,1,1,1,1,0,1,50,2,2,1,0,0,1,26.0,35.0,deux_roues,voiture,1,2,7,1,3
202200032565,2022-03-03 17:40:00,2022,3,3,17,40,94,94017,A4,48.8302008945,2.4957669959,Plein jour,Hors agglomération,Hors intersection,Normale,Trois véhicules et plus - en chaîne,1,-1,5,0,1,1,1,0,1,90,3,3,2,0,0,1,,50.0,voiture,deux_roues,1,1,1,1,4
202200032566,2022-07-18 17:30:00,2022,7,18,17,30,974,97415,D100,-21.069219,55.229876,Crépuscule ou aube,Hors agglomération,Place,Normale,Deux véhicules - frontale,4,1,2,0,1,3,1,0,1,-1,2,2,1,0,0,1,60.0,56.0,deux_roues,voiture,2,1,7,1,1
202200032567,2022-07-19 13:57:00,2022,7,19,13,57,01,01299,RD 70,46.023586,5.080212,Plein jour,Hors agglomération,Hors intersection,Temps éblouissant,Autre collision,3,2,2,0,1,1,1,0,3,80,1,1,0,0,1,0,29.0,,voiture,,1,1,1,7,6
202200032568,2022-03-03 15:30:00,2022,3,3,15,30,94,94073,A86 INT,48.7592916531,2.3835324056,Plein jour,Hors agglomération,Hors intersection,Normale,Trois véhicules et plus - en chaîne,1,3,3,0,1,1,1,0,1,90,3,4,2,0,0,2,30.0,27.0,voiture,voiture,1,1,1,1,4
202200032569,2022-07-18 09:00:00,2022,7,18,9,0,42,42162,Route de Villemontais,46.005338,4.013121,Plein jour,Hors agglomération,Intersection en X,Normale,Deux véhicules - côté,3,2,2,0,1,1,1,0,1,50,2,2,1,0,1,0,50.0,69.0,voiture,voiture,1,1,2,1,3
202200032570,2022-03-02 14:35:00,2022,3,2,14,35,77,77237,A4,48.831581,2.769108,Plein jour,Hors agglomération,Hors intersection,Normale,Deux véhicules - arrière,1,1,3,0,1,1,1,0,1,130,2,2,1,0,0,1,28.0,55.0,voiture,voiture,1,1,1,1,2
202200032571,2022-07-17 17:55:00,2022,7,17,17,55,81,81278,D612,43.470222,2.57255,Plein jour,Hors agglomération,Hors intersection,Normale,Deux véhicules - frontale,3,2,2,0,1,1,1,0,1,90,2,2,1,0,0,1,20.0,40.0,voiture,voiture,1,1,1,1,1
202200032572,2022-03-02 07:35:00,2022,3,2,7,35,94,94028,A86 INT,48.77621,2.42911,Plein jour,Hors agglomération,Hors intersection,Temps couvert,Deux véhicules - côté,1,3,8,0,1,1,1,0,1,90,2,2,1,0,0,1,31.0,49.0,deux_roues,voiture,1,1,1,8,3
202200032573,2022-07-11 12:10:00,2022,7,11,12,10,972,97222,RN1,14.669627,-60.957475,Plein jour,Hors agglomération,Hors intersection,Normale,Deux véhicules - côté,2,3,3,0,2,1,1,0,1,90,2,2,1,0,1,0,66.0,39.0,deux_roues,transport_commun,1,1,1,1,3
202200032574,2022-07-18 20:22:00,2022,7,18,20,22,59,59462,Rue Jean-Baptiste Lebas,50.5189091747,3.0197113752,Plein jour,En agglomération,Hors intersection,Normale,Autre collision,3,2,2,0,1,1,1,0,1,50,1,2,1,0,1,0,46.0,,voiture,,1,2,1,1,6
202200032575,2022-03-02 20:30:00,2022,3,2,20,30,64,64483,Avenue de Chantaco,43.39125,-1.6544,Nuit avec éclairage allumé,En agglomération,Hors intersection,Pluie légère,Autre collision,3,2,4,0,1,1,2,0,1,50,1,2,1,0,1,0,78.0,,voiture,,5,2,1,2,6
202200032576,2022-03-02 18:56:00,2022,3,2,18,56,971,97101,Boulevard des Héros,16.24527,-61.52986,Nuit avec éclairage allumé,En agglomération,Hors intersection,Normale,Autre collision,3,1,2,0,1,1,1,0,1,50,1,2,1,0,0,1,,,deux_roues,,5,2,1,1,6
202200032577,2022-07-18 18:10:00,2022,7,18,18,10,44,44025,Le Clos Bernard,47.38301,-1.94069,Plein jour,Hors agglomération,Hors intersection,Normale,Trois véhicules et plus - collisions multiples,3,2,2,0,1,1,1,0,3,70,3,4,1,2,1,0,22.0,78.0,utilitaire_camion,voiture,1,1,1,1,5
202200032578,2022-03-02 19:05:00,2022,3,2,19,5,45,45234,98 Rue Moine,47.9188228667,1.9147371948,Nuit avec éclairage allumé,En agglomération,Intersection en T,Normale,Autre collision,4,1,1,0,1,1,1,0,1,50,1,2,1,0,0,1,,,autre,,5,2,3,1,6
202200032579,2022-07-19 17:45:00,2022,7,19,17,45,62,62094,D138,50.443991332,1.7890924217,Plein jour,Hors agglomération,Hors intersection,Temps éblouissant,Autre collision,3,2,2,0,1,1,1,0,3,80,1,1,0,1,0,0,22.0,,voiture,,1,1,1,7,6
202200032580,2022-03-01 09:20:00,2022,3,1,9,20,74,74012,AMOUREUX (RUE DES),46.19047,6.23454,Plein jour,En agglomération,Intersection en X,Normale,Autre collision,4,2,4,0,1,1,1,0,1,50,1,2,1,0,1,0,31.0,,voiture,,1,2,2,1,6
202200032581,2022-06-04 18:00:00,2022,6,4,18,0,74,74210,460 Chemin de la Bandière,46.305204,6.43249,Plein jour,En agglomération,Hors intersection,Normale,Autre collision,4,2,2,0,1,1,1,0,1,50,1,2,1,0,1,0,18.0,,deux_roues,,1,2,1,1,6
202200032582,2022-07-17 19:21:00,2022,7,17,19,21,59,59081,8 Rue du Préau,50.158027,3.389333,Plein jour,En agglomération,Hors intersection,Normale,Autre collision,3,2,2,0,1,1,1,0,4,50,1,2,0,0,1,1,38.0,,deux_roues,,1,2,1,1,6
202200032583,2022-03-02 17:30:00,2022,3,2,17,30,974,97411,ALBANY (AVENUE JEAN),-20.893045,55.458386,Plein jour,En agglomération,Hors intersection,Normale,Autre collision,4,2,1,0,1,1,1,0,1,30,1,2,1,0,1,0,58.0,,utilitaire_camion,,1,2,1,1,6
202200032584,2022-07-18 12:45:00,2022,7,18,12,45,32,32301,RN 124 / PK 063+650,43.674491,0.522333,Plein jour,Hors agglomération,Hors intersection,Normale,Autre collision,2,2,2,0,2,3,1,0,3,80,1,2,0,0,2,0,53.0,,utilitaire_camion,,1,1,1,1,6
202200032585,2022-03-01 11:45:00,2022,3,1,11,45,974,97411,LABOURDONNAIS,-20.87568,55.45141,Plein jour,En agglomération,Hors intersection,Normale,Deux véhicules - arrière,4,1,2,0,1,1,1,0,1,30,2,2,1,0,0,1,29.0,42.0,utilitaire_camion,voiture,1,2,1,1,2
202200032586,2022-07-19 11:55:00,2022,7,19,11,55,11,11063,Avenue du Languedoc RD 118,42.922932,2.217763,Plein jour,Hors agglomération,Intersection en X,Normale,Deux véhicules - côté,3,2,2,0,2,1,1,0,1,70,2,2,1,0,1,0,29.0,44.0,utilitaire_camion,voiture,1,1,2,1,3
202200032587,2022-03-02 17:55:00,2022,3,2,17,55,973,97302,BADUEL (ROND POINT DE),4.93332,-52.30942,Plein jour,En agglomération,Giratoire,Normale,Autre collision,3,1,2,0,1,3,1,9,3,50,1,3,0,0,0,3,55.0,,voiture,,1,2,6,1,6
202200032588,2022-07-19 07:50:00,2022,7,19,7,50,86,86005,Route départementale 52,46.94497,0.083739,Plein jour,Hors agglomération,Intersection en X,Normale,Deux véhicules - frontale,3,2,2,0,1,1,1,5,1,80,2,2,1,0,1,0,23.0,33.0,voiture,voiture,1,1,2,1,1
202200032589,2022-03-02 17:30:00,2022,3,2,17,30,69,69387,Rue Pasteur,45.748,4.8364,Plein jour,En agglomération,Intersection en X,Normale,Deux véhicules - côté,4,1,1,2,1,1,1,0,1,50,2,3,1,0,0,2,27.0,32.0,deux_roues,voiture,1,2,2,1,3
202200032590,2022-07-19 06:30:00,2022,7,19,6,30,34,34029,D32,43.559933,3.486923,Plein jour,Hors agglomération,Hors intersection,Normale,Autre collision,3,2,2,0,1,1,1,0,3,-1,1,1,0,1,0,0,67.0,,voiture,,1,1,1,1,6
202200032591,2022-07-14 21:00:00,2022,7,14,21,0,44,44064,6 bis la Thebaudiere,47.107219,-1.315861,Plein jour,Hors agglomération,Hors intersection,Normale,Autre collision,4,2,2,0,1,1,1,0,3,80,1,1,0,0,0,1,33.0,,utilitaire_camion,,1,1,1,1,6
202200032592,2022-03-02 14:30:00,2022,3,2,14,30,69,69388,Avenue Berthelot,45.73759,4.86556,Plein jour,En agglomération,Passage à niveau,Normale,Deux véhicules - côté,4,1,2,3,1,1,1,4,6,50,2,4,2,0,0,2,23.0,72.0,transport_commun,voiture,1,2,8,1,3
202200032593,2022-07-13 08:45:00,2022,7,13,8,45,29,29165,D102 - Rue de Lesconil,47.8168442839,-4.2292141913,Crépuscule ou aube,Hors agglomération,Intersection en T,Normale,Deux véhicules - frontale,3,2,2,0,1,1,1,0,1,80,2,2,1,0,0,1,49.0,64.0,deux_roues,voiture,2,1,3,1,1
202200032594,2022-03-01 23:12:00,2022,3,1,23,12,972,97209,JULES ALARIC (RUE),14.60491,-61.0583,Nuit avec éclairage allumé,En agglomération,Hors intersection,Normale,Deux véhicules - arrière,2,3,2,0,1,3,1,0,8,50,2,3,2,0,0,1,43.0,34.0,deux_roues,voiture,5,2,1,1,2
202200032595,2022-07-17 18:30:00,2022,7,17,18,30,38,38547,Rue de l Isle,45.234017,5.871032,Plein jour,En agglomération,Hors intersection,Temps éblouissant,Deux véhicules - frontale,3,2,2,0,1,1,1,0,1,50,2,4,2,0,1,1,70.0,24.0,voiture,voiture,1,2,1,7,1
202200032596,2022-02-28 15:25:00,2022,2,28,15,25,69,69389,Rue du 24 Mars 1852,45.7759,4.80085,Plein jour,En agglomération,Intersection en X,Normale,Deux véhicules - côté,4,2,2,2,1,1,1,0,1,50,2,2,1,0,0,1,21.0,31.0,voiture,utilitaire_camion,1,2,2,1,3
202200032597,2022-07-18 23:30:00,2022,7,18,23,30,02,02100,D1044,49.99265,3.240108,Nuit sans éclairage public,Hors agglomération,Hors intersection,Normale,Sans collision,3,2,2,0,1,1,1,0,1,80,1,1,0,0,1,0,23.0,,voiture,,3,1,1,1,7
202200032598,2022-07-13 18:00:00,2022,7,13,18,0,54,54369,D40,48.809474286,6.1251300581,Plein jour,Hors agglomération,Hors intersection,Normale,Sans collision,3,2,2,0,2,2,1,0,3,80,1,1,0,0,0,1,49.0,,deux_roues,,1,1,1,1,7
202200032599,2022-03-02 13:05:00,2022,3,2,13,5,971,97101,PERRIN (SECTEUR),16.28393,-61.50625,Plein jour,Hors agglomération,Hors intersection,Normale,Sans collision,2,1,2,0,1,1,1,0,3,50,1,3,0,0,0,3,26.0,,voiture,,1,1,1,1,7
202200032600,2022-07-19 14:10:00,2022,7,19,14,10,09,09257,Lieu Dit Pouteau,43.10103,1.179137,Plein jour,Hors agglomération,Hors intersection,Normale,Deux véhicules - frontale,4,2,1,0,1,2,1,0,1,50,2,3,1,0,2,0,16.0,47.0,deux_roues,voiture,1,1,1,1,1
202200032601,2022-02-26 23:50:00,2022,2,26,23,50,971,97101,Rue des Orangers,16.29187,-61.49492,Nuit avec éclairage allumé,En agglomération,Intersection en T,Normale,Deux véhicules - frontale,2,3,2,0,1,1,1,0,1,50,2,2,0,0,1,1,33.0,33.0,voiture,voiture,5,2,3,1,1
202200032602,2022-07-19 17:30:00,2022,7,19,17,30,10,10323,Avenue Georges Pompidou (Route en construction),48.504141,3.755651,Plein jour,En agglomération,Giratoire,Normale,Autre collision,4,2,2,0,1,3,1,0,1,50,1,1,0,0,0,1,32.0,,deux_roues,,1,2,6,1,6
202200032603,2022-03-01 11:55:00,2022,3,1,11,55,2A,2A004,T21,41.92949,8.80129,Plein jour,Hors agglomération,Hors intersection,Normale,Deux véhicules - arrière,2,1,2,0,1,1,1,8,1,70,2,2,1,0,1,0,59.0,30.0,voiture,deux_roues,1,1,1,1,2
202200032604,2022-07-10 16:30:00,2022,7,10,16,30,36,36211,,46.7577122043,1.8755185604,Plein jour,Hors agglomération,Hors intersection,Normale,Sans collision,3,2,2,0,1,1,1,0,3,80,1,1,0,0,1,0,24.0,,voiture,,1,1,1,1,7
202200032605,2022-07-19 12:00:00,2022,7,19,12,0,07,07250,192 Rue de Tournon,45.146517,4.706688,Plein jour,En agglomération,Hors intersection,Temps éblouissant,Sans collision,4,1,1,0,1,2,1,0,1,50,1,1,0,0,1,0,17.0,,deux_roues,,1,2,1,7,7
202200032606,2022-02-26 08:30:00,2022,2,26,8,30,95,95018,JAURES (AVENUE JEAN),48.9405808096,2.2221243382,Plein jour,En agglomération,Hors intersection,Normale,Autre collision,4,2,2,0,1,1,1,0,1,50,1,2,1,1,0,0,35.0,,voiture,,1,2,1,1,6
202200032607,2022-07-18 14:45:00,2022,7,18,14,45,07,07139,D578,44.770548,4.336703,Plein jour,Hors agglomération,Hors intersection,Normale,Sans collision,3,2,2,0,2,2,9,0,1,80,1,1,0,0,1,0,63.0,,deux_roues,,1,1,1,1,7
202200032608,2022-07-18 20:16:00,2022,7,18,20,16,53,53106,La Motte,48.365827,-0.15664,Plein jour,Hors agglomération,Hors intersection,Normale,Sans collision,3,2,2,0,1,1,1,0,8,80,1,1,0,0,1,0,19.0,,voiture,,1,1,1,1,7
202200032609,2022-02-26 17:14:00,2022,2,26,17,14,86,86066,Rue Edouard Branly,46.80217,0.545589,Plein jour,En agglomération,Giratoire,Temps éblouissant,Deux véhicules - côté,4,1,1,0,2,2,1,5,1,50,2,3,2,0,1,0,66.0,15.0,voiture,deux_roues,1,2,6,7,3
202200032610,2022-07-19 09:16:00,2022,7,19,9,16,17,17385,Avenue du Moulin Blanc,45.935766,-1.303599,Plein jour,En agglomération,Giratoire,Normale,Deux véhicules - côté,3,-1,1,0,1,1,1,5,1,50,2,2,1,0,1,0,17.0,69.0,deux_roues,voiture,1,2,6,1,3
202200032611,2022-03-01 07:35:00,2022,3,1,7,35,80,80021,QUATORZE JUILLET 1789 (AVENUE DU),49.8774,2.28264,Plein jour,En agglomération,Hors intersection,Pluie légère,Deux véhicules - côté,4,2,2,0,1,1,2,0,1,50,2,3,2,0,0,1,69.0,38.0,voiture,utilitaire_camion,1,2,1,2,3
202200032612,2022-07-18 12:25:00,2022,7,18,12,25,48,48065,lieudit fourques,44.203897,3.523414,Plein jour,Hors agglomération,Hors intersection,Normale,Autre collision,4,2,1,0,2,2,1,0,3,80,1,2,1,0,1,0,40.0,,deux_roues,,1,1,1,1,6
202200032613,2022-02-28 16:48:00,2022,2,28,16,48,80,80021,COLMAR (RUE DE ),49.86928,2.31583,Plein jour,En agglomération,Intersection en X,Normale,Autre collision,4,2,2,0,1,2,1,0,1,50,1,2,1,0,0,1,72.0,,voiture,,1,2,2,1,6
202200032614,2022-07-19 08:00:00,2022,7,19,8,0,52,52093,rue de Langres - départementale 17,47.806915,5.42362,Plein jour,Hors agglomération,Hors intersection,Normale,Trois véhicules et plus - collisions multiples,3,2,2,0,2,2,1,0,1,80,3,3,1,0,0,2,59.0,48.0,voiture,voiture,1,1,1,1,5
202200032615,2022-03-03 00:05:00,2022,3,3,0,5,78,78551,route forestière des pavillons,48.96112,2.10146,Nuit sans éclairage public,Hors agglomération,Hors intersection,Normale,Autre collision,9,-1,2,0,1,2,1,0,3,50,1,1,0,0,0,1,31.0,,voiture,,3,1,1,1,6
202200032616,2022-07-19 10:15:00,2022,7,19,10,15,73,73255,"A43, PK 157.120",45.34272,6.306496,Plein jour,Hors agglomération,Intersection en Y,Normale,Autre collision,1,1,2,0,1,3,1,3,8,50,1,1,0,0,1,0,44.0,,utilitaire_camion,,1,1,4,1,6
202200032617,2022-07-18 22:35:00,2022,7,18,22,35,53,53201,A81 Pk 253+300 Sens RENNES - PARIS,48.098253,-0.851145,Nuit sans éclairage public,Hors agglomération,Hors intersection,Normale,Autre collision,1,1,4,0,1,1,1,9,3,130,1,1,0,0,1,0,21.0,,voiture,,3,1,1,1,6
202200032618,2022-03-02 16:30:00,2022,3,2,16,30,76,76681,Rue Pierre Corneille,49.4194688837,1.0949890316,Plein jour,En agglomération,Intersection en T,Normale,Deux véhicules - côté,7,2,2,0,1,1,1,-1,1,30,2,2,1,0,0,1,80.0,23.0,voiture,voiture,1,2,3,1,3
202200032619,2022-07-18 14:00:00,2022,7,18,14,0,06,06027,A8 PK 183.300,43.660157,7.16477,Plein jour,Hors agglomération,Hors intersection,Normale,Deux véhicules - arrière,1,1,4,0,1,1,1,0,1,90,2,2,0,0,0,2,21.0,30.0,voiture,voiture,1,1,1,1,2
202200032620,2022-03-01 16:45:00,2022,3,1,16,45,72,72181,LEFAUCHEUX PIERRE (BD),47.9642429759,0.1762604711,Plein jour,En agglomération,Hors intersection,Normale,Deux véhicules - arrière,4,3,2,0,1,1,1,5,1,70,2,2,0,0,0,2,50.0,70.0,voiture,voiture,1,2,1,1,2
202200032621,2022-07-18 23:40:00,2022,7,18,23,40,77,77458,A77 PK 04+300 direction PARIS,48.186805,2.76701,Nuit sans éclairage public,Hors agglomération,Hors intersection,Normale,Deux véhicules - arrière,1,3,4,0,1,1,1,0,1,130,2,5,0,0,0,5,58.0,29.0,voiture,voiture,3,1,1,1,2
202200032622,2022-02-15 16:00:00,2022,2,15,16,0,70,70550,KENNEDY (BOULEVARD),47.630863,6.167255,Plein jour,En agglomération,Hors intersection,Normale,Autre collision,4,2,2,0,2,1,1,0,1,50,1,2,1,0,1,0,76.0,,voiture,,1,2,1,1,6
202200032623,2022-07-17 17:20:00,2022,7,17,17,20,972,97228,Route Nationale 1,14.791278,-60.999286,Plein jour,Hors agglomération,Hors intersection,Normale,Autre collision,2,-1,2,0,2,3,2,0,1,50,2,2,1,1,0,0,56.0,40.0,voiture,deux_roues,1,1,1,1,6
202200032624,2022-03-02 11:20:00,2022,3,2,11,20,69,69266,Rue Léon Blum,45.76055,4.90495,Plein jour,En agglomération,Hors intersection,Normale,Deux véhicules - côté,4,2,2,3,1,1,1,0,1,30,2,3,2,0,0,1,47.0,56.0,voiture,transport_commun,1,2,1,1,3
202200032625,2022-02-08 13:30:00,2022,2,8,13,30,68,68297,MULHOUSE ( RUE)CITE BOURGLIBRE JUSQUE RU,47.60449,7.54486,Plein jour,En agglomération,Hors intersection,Temps couvert,Autre collision,3,2,2,2,1,1,1,0,1,50,1,2,1,0,0,1,77.0,,voiture,,1,2,1,8,6
202200032626,2022-07-16 12:55:00,2022,7,16,12,55,34,34344,Avenue de MONTPELLIER,43.563608,4.085798,Plein jour,En agglomération,Intersection à plus de 4 branches,Normale,Deux véhicules - côté,3,3,4,0,1,1,1,5,1,50,2,3,1,0,0,2,29.0,73.0,voiture,voiture,1,2,5,1,3
202200032627,2022-07-18 08:40:00,2022,7,18,8,40,34,34022,rue du colombier,43.657658,4.010927,Plein jour,En agglomération,Hors intersection,Normale,Sans collision,2,2,2,0,1,1,1,0,1,-1,1,1,0,0,0,1,31.0,,deux_roues,,1,2,1,1,7
202200032628,2022-03-01 09:10:00,2022,3,1,9,10,64,64024,Avenue de Larochefoucauld,43.4878531508,-1.5343093872,Plein jour,En agglomération,Hors intersection,Normale,Deux véhicules - côté,4,2,2,0,1,1,1,0,1,50,2,2,1,0,0,1,19.0,76.0,deux_roues,voiture,1,2,1,1,3
202200032629,2022-07-18 19:30:00,2022,7,18,19,30,04,04242,RD 13 - Le Bois d Asson,43.899253,5.818688,Plein jour,Hors agglomération,Hors intersection,Pluie légère,Deux véhicules - frontale,3,2,2,0,2,3,2,0,1,80,2,2,0,0,0,2,23.0,43.0,voiture,voiture,1,1,1,2,1
202200032630,2022-02-24 12:00:00,2022,2,24,12,0,59,59350,FAUBOURG DES POSTES RUE,50.6109932775,3.0456537008,Plein jour,En agglomération,Hors intersection,Normale,Autre collision,7,2,2,0,1,1,1,0,1,50,1,2,1,0,0,1,30.0,,utilitaire_camion,,1,2,1,1,6
202200032631,2022-07-18 22:30:00,2022,7,18,22,30,13,13053,D7n,43.725351,5.163209,Nuit sans éclairage public,Hors agglomération,Hors intersection,Normale,Deux véhicules - frontale,3,2,2,0,1,1,1,0,1,80,2,3,0,0,1,2,72.0,47.0,voiture,voiture,3,1,1,1,1
202200032632,2022-02-28 15:35:00,2022,2,28,15,35,57,57672,GENERAL DE CASTELNAU (RUE DU),49.35474,6.16299,Plein jour,En agglomération,Hors intersection,Temps éblouissant,Autre collision,3,2,2,0,1,1,1,0,1,50,1,2,1,0,0,1,79.0,,voiture,,1,2,1,7,6
202200032633,2022-07-18 13:40:00,2022,7,18,13,40,54,54351,Rue Jean Jaurés,48.789796154,6.115854978,Plein jour,En agglomération,Hors intersection,Normale,Deux véhicules - frontale,3,2,2,1,2,1,1,0,1,50,2,2,1,0,1,0,34.0,59.0,voiture,voiture,1,2,1,1,1
202200032634,2022-02-27 12:35:00,2022,2,27,12,35,50,50475,CROIX PAIN,49.12734,-1.089326,Plein jour,Hors agglomération,Hors intersection,Normale,Autre collision,3,2,2,0,1,1,1,0,1,80,2,3,2,0,0,1,43.0,52.0,deux_roues,voiture,1,1,1,1,6
202200032635,2022-07-16 22:50:00,2022,7,16,22,50,74,74212,Route des Eveaux,46.02889,6.391017,Nuit sans éclairage public,Hors agglomération,Hors intersection,Normale,Deux véhicules - frontale,3,2,2,0,2,2,1,0,1,80,2,3,2,0,1,0,70.0,62.0,deux_roues,voiture,3,1,1,1,1
202200032636,2022-03-01 15:09:00,2022,3,1,15,9,49,49246,HUGO VICTOR RUE,47.42962,-0.52794,Plein jour,En agglomération,Hors intersection,Normale,Deux véhicules - côté,3,2,2,0,1,1,1,0,1,50,2,2,1,0,0,1,47.0,24.0,voiture,deux_roues,1,2,1,1,3
202200032637,2022-07-19 09:25:00,2022,7,19,9,25,42,42094,Chemin de la Barre,45.732763,4.228052,Plein jour,En agglomération,Intersection en X,Normale,Deux véhicules - côté,4,2,2,0,1,1,1,0,1,50,2,2,1,0,1,0,53.0,79.0,deux_roues,voiture,1,2,2,1,3
202200032638,2022-03-02 18:25:00,2022,3,2,18,25,43,43152,20 Route de Polignac,45.0528356531,3.872718215,Crépuscule ou aube,En agglomération,Autre intersection,Normale,Autre collision,3,2,2,0,2,2,1,0,1,50,1,5,3,0,0,2,19.0,,voiture,,2,2,9,1,6
202200032639,2022-07-19 19:10:00,2022,7,19,19,10,38,38320,D1075,45.829435,5.409699,Plein jour,Hors agglomération,Intersection en X,Normale,Deux véhicules - frontale,3,2,2,0,1,1,1,0,1,90,2,6,5,0,1,0,19.0,26.0,voiture,deux_roues,1,1,2,1,1
202200032640,2022-03-01 16:55:00,2022,3,1,16,55,41,41018,RD 956,47.594615,1.352993,Plein jour,En agglomération,Hors intersection,Normale,Deux véhicules - arrière,3,3,4,0,1,1,1,2,1,70,2,2,0,0,2,0,22.0,30.0,voiture,deux_roues,1,2,1,1,2