accident_id,datetime,annee,mois,jour,heure,minute,departement,commune_insee,adresse,latitude,longitude,luminosite,agglomeration,intersection,meteo,collision,catr,circ,nbv,vosp,prof,plan,surf,infra,situ,vma,nb_vehicules,nb_usagers,nb_indemnes,nb_tues,nb_blesses_hosp,nb_blesses_legers,age_cond_1,age_cond_2,veh_type_cond_1,veh_type_cond_2,lum_code,agg_code,int_code,atm_code,col_code
202200032732,2022-03-01 21:50:00,2022,3,1,21,50,44,44082,221 Le Prefoure,47.416433,-1.415953,Nuit sans éclairage public,Hors agglomération,Hors intersection,Normale,Deux véhicules - côté,3,2,2,0,1,1,1,0,1,80,2,2,1,0,1,0,20.0,34.0,voiture,voiture,3,1,1,1,3
202200032733,2022-08-27 16:47:00,2022,8,27,16,47,45,45338,1 Avenue Henri Barbusse,47.99084,2.71089,Plein jour,En agglomération,Intersection en X,Normale,Deux véhicules - côté,4,-1,2,0,1,1,1,0,1,50,2,5,3,0,0,2,31.0,67.0,voiture,voiture,1,2,2,1,3
202200032734,2022-03-02 20:50:00,2022,3,2,20,50,29,29233,Rue de Pont-Aven,47.872264,-3.554538,Nuit avec éclairage allumé,En agglomération,Hors intersection,Pluie légère,Deux véhicules - côté,4,2,2,0,1,1,2,0,1,30,2,3,1,0,2,0,15.0,20.0,deux_roues,voiture,5,2,1,2,3
202200032735,2022-03-30 22:10:00,2022,3,30,22,10,42,42237,Rue de la Cote Sibertiere,45.44989,4.46682,Nuit sans éclairage public,Hors agglomération,Hors intersection,Normale,Autre collision,4,2,2,0,2,4,2,0,8,50,1,4,0,0,0,4,20.0,,voiture,,3,1,1,1,6
202200032736,2022-08-27 14:30:00,2022,8,27,14,30,35,35238,PREVALAYE (CHEMIN DE LA),48.0927458141,-1.7375068367,Plein jour,Hors agglomération,Hors intersection,Normale,Autre collision,4,2,2,0,1,1,9,0,3,30,1,1,0,0,0,1,61.0,,voiture,,1,1,1,1,6
202200032737,2022-03-03 16:30:00,2022,3,3,16,30,29,29171,Kervered,47.837235,-4.328485,Plein jour,Hors agglomération,Hors intersection,Normale,Autre collision,4,2,2,0,1,1,1,9,3,50,1,5,0,0,1,4,85.0,,voiture,,1,1,1,1,6
202200032738,2022-08-27 09:10:00,2022,8,27,9,10,35,35281,MERMOZ (BOULEVARD JEAN),48.095564991,-1.6950085759,Plein jour,En agglomération,Hors intersection,Normale,Deux véhicules - côté,4,2,2,0,1,1,1,0,1,50,2,3,2,0,0,1,29.0,20.0,voiture,deux_roues,1,2,1,1,3
202200032739,2022-03-03 14:50:00,2022,3,3,14,50,01,01243,D933,46.038923,4.756222,Plein jour,Hors agglomération,Hors intersection,Temps éblouissant,Autre collision,3,2,2,0,1,4,1,0,3,80,1,1,0,0,1,0,82.0,,voiture,,1,1,1,7,6
202200032740,2022-08-28 01:30:00,2022,8,28,1,30,33,33063,Rue Notre Dame,44.8543,-0.56918,Nuit avec éclairage allumé,En agglomération,Intersection en X,Normale,Deux véhicules - côté,4,1,1,0,1,1,1,0,1,20,2,2,1,0,0,1,31.0,29.0,voiture,deux_roues,5,2,2,1,3
202200032741,2022-03-03 10:00:00,2022,3,3,10,0,01,01314,Carrefour D90/D109,46.028063,5.291719,Plein jour,Hors agglomération,Intersection en X,Normale,Deux véhicules - côté,3,2,2,0,1,1,1,0,1,80,2,2,0,0,0,2,26.0,47.0,utilitaire_camion,voiture,1,1,2,1,3
202200032742,2022-08-28 23:20:00,2022,8,28,23,20,33,33063,Boulevard Alfred Daney,44.86783,-0.57134,Nuit avec éclairage allumé,En agglomération,Hors intersection,Normale,Autre collision,4,2,4,1,1,1,1,0,1,50,1,2,1,0,0,1,,,voiture,,5,2,1,1,6
202200032743,2022-03-02 17:00:00,2022,3,2,17,0,58,58197,Hameau de Bonnesson,47.378345,3.726361,Plein jour,Hors agglomération,Hors intersection,Normale,Autre collision,4,2,2,0,1,1,1,0,3,80,1,1,0,0,0,1,56.0,,voiture,,1,1,1,1,6
202200032744,2022-08-27 05:00:00,2022,8,27,5,0,33,33063,Rue Lucien Faure,44.86417,-0.55861,Nuit avec éclairage allumé,En agglomération,Intersection en T,Normale,Deux véhicules - côté,4,1,2,0,1,1,1,5,1,50,2,3,0,0,0,3,21.0,28.0,voiture,voiture,5,2,3,1,3
202200032745,2022-08-27 18:00:00,2022,8,27,18,0,33,33529,ERMITAGE (AVE DE L'),44.63387,-1.1967,Plein jour,En agglomération,Hors intersection,Normale,Deux véhicules - frontale,4,2,1,0,1,1,1,0,1,50,2,2,0,0,0,2,47.0,69.0,deux_roues,deux_roues,1,2,1,1,1
202200032746,2022-03-02 17:20:00,2022,3,2,17,20,72,72090,Carrefour Market (Supermarché),48.06294,0.507531,Plein jour,Hors agglomération,Autre intersection,Normale,Sans collision,5,-1,2,0,1,1,1,0,8,-1,1,2,1,0,0,1,62.0,,voiture,,1,1,9,1,7
202200032747,2022-03-03 06:00:00,2022,3,3,6,0,83,83095,D60,43.556273,6.030985,Nuit sans éclairage public,Hors agglomération,Hors intersection,Normale,Autre collision,3,2,2,0,2,1,1,0,3,80,1,1,0,1,0,0,75.0,,voiture,,3,1,1,1,6
202200032748,2022-08-27 14:50:00,2022,8,27,14,50,27,27375,POSTEL (BOULEVARD DU DOCTEUR),49.2104,1.17276,Plein jour,En agglomération,Hors intersection,Normale,Deux véhicules - arrière,3,2,0,0,1,1,1,0,1,50,2,4,2,0,1,1,30.0,19.0,deux_roues,voiture,1,2,1,1,2
202200032749,2022-03-03 06:50:00,2022,3,3,6,50,60,60315,intersection D1/D22,49.480561,1.900206,Crépuscule ou aube,Hors agglomération,Intersection en X,Normale,Deux véhicules - côté,3,2,2,0,1,1,1,9,1,80,2,2,0,1,0,1,21.0,36.0,voiture,utilitaire_camion,2,1,2,1,3
202200032750,2022-08-26 12:34:00,2022,8,26,12,34,13,13028,SERPOLET (AVENUE DU),43.20008,5.59491,Plein jour,En agglomération,Hors intersection,Normale,Deux véhicules - frontale,7,-1,2,0,2,2,1,0,1,50,2,2,1,0,0,1,58.0,17.0,voiture,deux_roues,1,2,1,1,1
202200032751,2022-03-02 15:30:00,2022,3,2,15,30,04,04031,RD 953 / RD 8,43.896253,6.12874,Plein jour,Hors agglomération,Intersection en Y,Normale,Deux véhicules - côté,3,2,2,0,1,1,1,0,1,80,2,3,2,0,0,1,52.0,23.0,voiture,voiture,1,1,4,1,3
202200032752,2022-03-03 10:45:00,2022,3,3,10,45,57,57596,"A320, PK3+300",49.155166,6.84893,Plein jour,Hors agglomération,Hors intersection,Normale,Autre collision,1,-1,4,0,1,1,1,0,1,110,1,2,1,0,1,0,41.0,,utilitaire_camion,,1,1,1,1,6
202200032753,2022-08-27 07:30:00,2022,8,27,7,30,09,09225,BELPECH ROUTE DE,43.11564,1.62388,Plein jour,En agglomération,Intersection en T,Normale,Deux véhicules - côté,3,2,2,0,1,1,1,0,1,50,2,2,0,0,0,2,36.0,37.0,voiture,voiture,1,2,3,1,3
202200032754,2022-08-26 15:16:00,2022,8,26,15,16,09,09122,ESPAGNE (ROUTE D'),42.95201,1.62407,Plein jour,Hors agglomération,Autre intersection,Normale,Deux véhicules - côté,3,2,2,0,1,1,1,9,1,70,2,3,1,0,0,2,20.0,58.0,deux_roues,voiture,1,1,9,1,3
202200032755,2022-08-27 12:09:00,2022,8,27,12,9,07,07008,,44.7134,4.61629,Plein jour,Hors agglomération,Hors intersection,Normale,Autre collision,3,2, -1,-1,2,1,1,0,1,-1,1,1,0,0,1,0,19.0,,utilitaire_camion,,1,1,1,1,6
202200032756,2022-08-26 17:20:00,2022,8,26,17,20,75,75112,PORTE DE VINCENNES,48.844991,2.414035,Plein jour,En agglomération,Hors intersection,Normale,Trois véhicules et plus - en chaîne,4,1,4,0,1,1,1,0,1,70,3,4,3,0,0,1,30.0,54.0,voiture,voiture,1,2,1,1,4
202200032757,2022-08-27 10:30:00,2022,8,27,10,30,75,75118,RUE LEPIC,48.887671,2.334831,Plein jour,En agglomération,Hors intersection,Normale,Autre collision,4,1,2,0,2,3,1,0,1,30,1,1,0,0,0,1,49.0,,utilitaire_camion,,1,2,1,1,6
202200032758,2022-03-03 10:02:00,2022,3,3,10,2,25,25157,N57,46.876824,6.37492,Plein jour,En agglomération,Hors intersection,Normale,Deux véhicules - frontale,2,2,2,0,1,3,1,0,1,50,2,39,38,0,0,1,27.0,64.0,voiture,transport_commun,1,2,1,1,1
202200032759,2022-08-27 17:30:00,2022,8,27,17,30,75,75112,QUAI DE BERCY,48.831111,2.385416,Plein jour,En agglomération,Hors intersection,Normale,Deux véhicules - arrière,4,1,3,0,2,1,1,0,1,50,2,2,1,0,0,1,28.0,49.0,voiture,deux_roues,1,2,1,1,2
202200032760,2022-03-03 10:00:00,2022,3,3,10,0,2B,2B265,D82,42.5990473483,9.4103318424,Plein jour,Hors agglomération,Hors intersection,Normale,Deux véhicules - frontale,3,2,2,0,2,4,1,0,1,80,2,2,1,1,0,0,72.0,55.0,voiture,voiture,1,1,1,1,1
202200032761,2022-08-27 19:14:00,2022,8,27,19,14,75,75104,RUE DE RIVOLI,48.857291,2.352383,Plein jour,En agglomération,Intersection en T,Normale,Autre collision,4,2,4,1,1,1,1,-1,5,30,1,1,0,0,0,1,27.0,,deux_roues,,1,2,3,1,6
202200032762,2022-03-02 17:06:00,2022,3,2,17,6,34,34022,N113,43.654188,3.996502,Plein jour,Hors agglomération,Hors intersection,Normale,Trois véhicules et plus - en chaîne,2,3,4,0,1,1,1,0,1,70,3,3,2,0,0,1,30.0,23.0,voiture,voiture,1,1,1,1,4
202200032763,2022-08-27 16:38:00,2022,8,27,16,38,94,94043,CONVENTION (R DE LA),48.812,2.3608,Plein jour,En agglomération,Intersection en T,Normale,Autre collision,3,1,2,0,1,1,1,0,1,50,1,2,1,0,0,1,60.0,,voiture,,1,2,3,1,6
202200032764,2022-03-03 08:22:00,2022,3,3,8,22,68,68309,RUE POINCARE,47.661135,7.448301,Plein jour,En agglomération,Giratoire,Temps éblouissant,Autre collision,3,2,2,0,1,1,1,0,1,50,1,2,1,0,1,0,22.0,,voiture,,1,2,6,7,6
202200032765,2022-08-26 12:20:00,2022,8,26,12,20,94,94069,Rue du Maréchal Leclerc / Rue du Val d'Osne,48.81795,2.42444,Plein jour,En agglomération,Intersection en X,Normale,Deux véhicules - arrière,3,3,2,0,1,2,1,5,1,50,2,2,1,0,0,1,46.0,46.0,deux_roues,voiture,1,2,2,1,2
202200032766,2022-02-26 18:15:00,2022,2,26,18,15,67,67031,D35,48.446625,7.444235,Crépuscule ou aube,Hors agglomération,Hors intersection,Normale,Sans collision,3,2,2,0,2,2,1,0,8,80,1,1,0,0,0,1,39.0,,deux_roues,,2,1,1,1,7
202200032767,2022-02-28 18:50:00,2022,2,28,18,50,57,57481,Route Départementale 11,49.22801,6.024601,Nuit sans éclairage public,Hors agglomération,Hors intersection,Normale,Sans collision,3,2,2,0,2,1,1,0,1,80,1,1,0,0,0,1,18.0,,deux_roues,,3,1,1,1,7
202200032768,2022-08-27 13:00:00,2022,8,27,13,0,93,93078,Route de Tremblay / Rue Jacques Balmat,48.9671856364,2.5426899413,Plein jour,En agglomération,Intersection en T,Normale,Deux véhicules - côté,4,2,2,0,1,1,1,5,1,50,2,2,0,0,0,2,38.0,26.0,voiture,voiture,1,2,3,1,3
202200032769,2022-02-23 14:20:00,2022,2,23,14,20,69,69170,Chemin de Favarieu,45.668817,4.612992,Plein jour,Hors agglomération,Hors intersection,Normale,Sans collision,4,2,2,0,2,1,1,0,1,80,1,2,1,1,0,0,49.0,,utilitaire_camion,,1,1,1,1,7
202200032770,2022-08-26 22:08:00,2022,8,26,22,8,93,93073,Avenue de la Somme / Rue de Savoie,48.93963,2.59193,Nuit avec éclairage allumé,En agglomération,Intersection en X,Normale,Deux véhicules - côté,4,2,2,0,1,1,1,5,1,50,2,2,1,0,0,1,19.0,17.0,voiture,deux_roues,5,2,2,1,3
202200032771,2022-08-27 18:03:00,2022,8,27,18,3,93,93071,Route des Petits Ponts,48.95002,2.52258,Plein jour,En agglomération,Hors intersection,Normale,Autre collision,3,1,2,1,1,1,1,0,1,50,1,2,1,0,0,1,25.0,,voiture,,1,2,1,1,6
202200032772,2022-02-21 09:40:00,2022,2,21,9,40,09,09306,Route de Saurat,42.851551,1.59492,Plein jour,En agglomération,Hors intersection,Temps couvert,Autre collision,2,2,2,0,2,1,1,0,1,70,1,2,1,0,0,1,74.0,,voiture,,1,2,1,8,6
202200032773,2022-08-27 01:20:00,2022,8,27,1,20,93,93070,Rue des Rosiers / Avenue Michelet,48.9014156807,2.3440317025,Nuit avec éclairage allumé,En agglomération,Intersection à plus de 4 branches,Normale,Deux véhicules - côté,3,2,3,2,1,1,1,5,1,50,2,2,1,0,0,1,,25.0,deux_roues,deux_roues,5,2,5,1,3
202200032774,2022-03-02 23:40:00,2022,3,2,23,40,29,29066,D765,48.032878,-4.240379,Nuit sans éclairage public,Hors agglomération,Hors intersection,Pluie légère,Autre collision,3,2,2,0,1,3,2,0,3,70,1,5,0,0,2,3,20.0,,voiture,,3,1,1,2,6
202200032775,2022-08-27 16:15:00,2022,8,27,16,15,93,93048,Rue Jean Lolive,48.8674379476,2.4294203057,Plein jour,En agglomération,Hors intersection,Normale,Deux véhicules - côté,4,2,2,0,1,1,1,0,1,50,2,2,1,0,0,1,35.0,13.0,voiture,deux_roues,1,2,1,1,3
202200032776,2022-02-27 15:00:00,2022,2,27,15,0,22,22201,D34,48.668349,-2.335753,Plein jour,Hors agglomération,Hors intersection,Normale,Sans collision,3,2,2,0,2,3,1,0,3,70,1,1,0,0,1,0,53.0,,deux_roues,,1,1,1,1,7
202200032777,2022-08-27 13:20:00,2022,8,27,13,20,93,93029,Rue de Stalingrad,48.9185244267,2.4156410205,Plein jour,En agglomération,Hors intersection,Normale,Deux véhicules - côté,3,3,4,3,1,1,1,0,1,50,2,2,1,0,0,1,37.0,31.0,voiture,autre,1,2,1,1,3
202200032778,2022-03-02 17:00:00,2022,3,2,17,0,35,35031,Chene a la Vierge,48.161026,-1.440625,Plein jour,Hors agglomération,Intersection en T,Normale,Deux véhicules - côté,3,2,2,0,3,1,1,0,1,80,2,3,2,0,0,1,36.0,20.0,utilitaire_camion,voiture,1,1,3,1,3
202200032779,2022-08-27 17:55:00,2022,8,27,17,55,93,93010,Route d'Aulnay,48.9101038908,2.4801299993,Plein jour,En agglomération,Hors intersection,Normale,Autre collision,4,2,2,0,1,1,1,0,1,50,1,2,1,0,0,1,64.0,,utilitaire_camion,,1,2,1,1,6
202200032780,2022-02-11 04:47:00,2022,2,11,4,47,27,27611,D316,49.080968,1.25875,Nuit sans éclairage public,Hors agglomération,Hors intersection,Autre,Sans collision,3,2,2,0,3,3,7,0,8,80,1,1,0,0,1,0,47.0,,voiture,,3,1,1,9,7
202200032781,2022-08-27 18:30:00,2022,8,27,18,30,92,92076,REPUBLIQUE,48.8369253718,2.1459457129,Plein jour,En agglomération,Intersection en T,Normale,Deux véhicules - côté,3,2,4,0,1,1,1,0,1,50,2,2,1,0,0,1,21.0,42.0,deux_roues,voiture,1,2,3,1,3
202200032782,2022-03-03 18:50:00,2022,3,3,18,50,60,60695,Rue de Chantilly,49.199261,2.48158,Nuit avec éclairage allumé,En agglomération,Hors intersection,Normale,Deux véhicules - frontale,3,2,2,0,1,1,1,0,1,50,2,3,2,0,1,0,65.0,25.0,voiture,voiture,5,2,1,1,1
202200032783,2022-08-27 17:15:00,2022,8,27,17,15,92,92064,MARCEL DASSAULT,48.8592705704,2.2240871787,Plein jour,En agglomération,Intersection en T,Normale,Deux véhicules - côté,3,2,2,0,1,1,1,0,1,50,2,3,2,0,0,1,22.0,25.0,voiture,deux_roues,1,2,3,1,3
202200032784,2022-03-03 00:25:00,2022,3,3,0,25,80,80090,AUTOROUTE A1 - PK 121.4,49.870559,2.835664,Nuit sans éclairage public,Hors agglomération,Hors intersection,Normale,Trois véhicules et plus - collisions multiples,1,1,3,0,1,1,1,0,1,130,3,4,2,0,2,0,20.0,29.0,voiture,utilitaire_camion,3,1,1,1,5
202200032785,2022-08-27 16:20:00,2022,8,27,16,20,92,92040,ROUGET DE L'ISLE,48.8278622303,2.2672385573,Plein jour,En agglomération,Hors intersection,Normale,Deux véhicules - côté,3,2,4,1,1,1,1,0,1,50,2,2,1,0,0,1,53.0,59.0,voiture,deux_roues,1,2,1,1,3
202200032786,2022-03-02 19:10:00,2022,3,2,19,10,59,59389,Rue du Calvaire,50.106818,3.19935,Nuit sans éclairage public,Hors agglomération,Hors intersection,Normale,Autre collision,4,2,2,0,1,1,1,0,3,-1,1,1,0,0,1,0,16.0,,deux_roues,,3,1,1,1,6
202200032787,2022-08-26 22:40:00,2022,8,26,22,40,92,92026,GAULTIER,48.8986939958,2.2445535064,Nuit avec éclairage allumé,En agglomération,Hors intersection,Normale,Deux véhicules - côté,3,2,2,0,1,1,1,0,1,50,2,2,1,0,0,1,19.0,31.0,deux_roues,voiture,5,2,1,1,3
202200032788,2022-03-02 03:15:00,2022,3,2,3,15,69,69259,Boulevard Urbain Sud,45.6865,4.8741,Nuit sans éclairage public,Hors agglomération,Hors intersection,Normale,Autre collision,7,3,4,0,1,1,1,0,1,90,1,2,1,1,0,0,41.0,,utilitaire_camion,,3,1,1,1,6
202200032789,2022-08-27 17:15:00,2022,8,27,17,15,92,92032,DOLIVET J ET M (AVENUE),48.7921659623,2.2900030017,Plein jour,En agglomération,Autre intersection,Normale,Deux véhicules - côté,3,1,1,0,1,1,1,0,1,30,2,2,1,0,0,1,55.0,25.0,deux_roues,voiture,1,2,9,1,3
202200032790,2022-02-27 15:25:00,2022,2,27,15,25,67,67218,M35,48.5328,7.69735,Plein jour,Hors agglomération,Hors intersection,Normale,Deux véhicules - arrière,7,3,3,0,1,3,1,0,1,70,2,2,1,0,1,0,25.0,76.0,voiture,voiture,1,1,1,1,2
202200032791,2022-08-27 11:34:00,2022,8,27,11,34,92,92007,PETIT (AVENUE ALBERT) N° 39 A FIN,48.7953461418,2.311781466,Plein jour,En agglomération,Hors intersection,Normale,Autre collision,3,2,2,0,2,1,1,0,1,50,2,2,1,0,0,1,30.0,48.0,deux_roues,utilitaire_camion,1,2,1,1,6
202200032792,2022-03-01 20:10:00,2022,3,1,20,10,33,33090,AUTOROUTE A 63,44.76071,-0.67903,Nuit sans éclairage public,Hors agglomération,Hors intersection,Normale,Trois véhicules et plus - en chaîne,1,3,4,0,1,1,1,0,1,80,3,3,2,0,1,0,55.0,46.0,utilitaire_camion,utilitaire_camion,3,1,1,1,4
202200032793,2022-08-26 20:25:00,2022,8,26,20,25,24,24436,D6089,45.021673,0.284572,Crépuscule ou aube,Hors agglomération,Intersection en X,Normale,Deux véhicules - côté,3,3,2,3,1,1,1,3,1,70,2,2,0,0,1,1,76.0,24.0,voiture,voiture,2,1,2,1,3
202200032794,2022-03-02 18:30:00,2022,3,2,18,30,92,92060,RN 385 Extèrieure,48.7736751738,2.241516959,Crépuscule ou aube,Hors agglomération,Hors intersection,Normale,Deux véhicules - côté,2,1,2,0,1,1,1,0,1,90,2,2,1,0,0,1,55.0,26.0,voiture,deux_roues,2,1,1,1,3
202200032795,2022-08-27 21:30:00,2022,8,27,21,30,86,86265,32 Route de Lencloitre,46.857282,0.385092,Nuit sans éclairage public,En agglomération,Hors intersection,Normale,Autre collision,3,2,2,0,1,2,1,0,3,50,1,1,0,0,1,0,48.0,,utilitaire_camion,,3,2,1,1,6
202200032796,2022-03-02 07:10:00,2022,3,2,7,10,92,92025,A86,48.922450581,2.2269890734,Nuit sans éclairage public,Hors agglomération,Hors intersection,Normale,Deux véhicules - côté,1,1,2,0,1,1,1,0,1,90,2,2,1,0,0,1,23.0,34.0,deux_roues,voiture,3,1,1,1,3
202200032797,2022-08-26 19:00:00,2022,8,26,19,0,25,25467,Autoroute a 36 PK 129,47.26713,5.92485,Plein jour,Hors agglomération,Hors intersection,Normale,Deux véhicules - côté,1,3,4,0,1,1,1,0,1,130,2,2,1,0,1,0,,58.0,voiture,deux_roues,1,1,1,1,3
202200032798,2022-03-01 18:00:00,2022,3,1,18,0,78,78073,A12 Y,48.801439,2.046724,Plein jour,Hors agglomération,Hors intersection,Normale,Trois véhicules et plus - en chaîne,1,1,3,0,1,4,1,0,1,70,4,5,4,0,0,1,19.0,64.0,voiture,voiture,1,1,1,1,4
202200032799,2022-08-27 18:20:00,2022,8,27,18,20,17,17172,Route de Mortagne,45.56151,-0.681474,Plein jour,Hors agglomération,Intersection en T,Normale,Deux véhicules - côté,3,2,2,0,1,1,1,5,1,80,2,5,4,0,1,0,33.0,23.0,voiture,deux_roues,1,1,3,1,3
202200032800,2022-02-28 11:35:00,2022,2,28,11,35,78,78007,A13 Y,48.901236,2.00522,Plein jour,Hors agglomération,Hors intersection,Normale,Deux véhicules - côté,1,1,2,0,2,1,1,0,1,110,2,2,1,0,0,1,57.0,49.0,utilitaire_camion,utilitaire_camion,1,1,1,1,3
202200032801,2022-08-28 12:50:00,2022,8,28,12,50,28,28103,D8,47.990719,1.253868,Plein jour,Hors agglomération,Autre intersection,Temps éblouissant,Deux véhicules - côté,2,2,2,0,2,1,1,0,8,80,2,2,1,0,1,0,33.0,24.0,voiture,deux_roues,1,1,9,7,3
202200032802,2022-08-27 23:45:00,2022,8,27,23,45,67,67362,D159,48.247183,7.333406,Nuit sans éclairage public,Hors agglomération,Hors intersection,Normale,Autre collision,3,2,2,0,2,2,1,0,8,80,1,4,1,0,3,0,21.0,,voiture,,3,1,1,1,6
202200032803,2022-03-01 09:15:00,2022,3,1,9,15,77,77053,RN104,48.68623,2.59741,Plein jour,Hors agglomération,Hors intersection,Normale,Autre collision,2,3,2,0,1,1,1,0,1,110,4,4,3,0,0,1,22.0,46.0,voiture,voiture,1,1,1,1,6
202200032804,2022-08-23 07:10:00,2022,8,23,7,10,974,97413,15 Rue Adrien Lagourgue,-21.216658,55.30851,Plein jour,En agglomération,Hors intersection,Normale,Autre collision,3,2,2,0,2,1,1,0,1,50,1,2,1,0,1,0,59.0,,utilitaire_camion,,1,2,1,1,6
202200032805,2022-03-01 18:00:00,2022,3,1,18,0,06,06104,SCHUMANN (PROMENADE ROBERT),43.761024,7.483971,Plein jour,En agglomération,Hors intersection,Normale,Autre collision,3,2,2,0,1,1,1,0,1,50,1,2,1,0,0,1,35.0,,deux_roues,,1,2,1,1,6
202200032806,2022-02-21 08:27:00,2022,2,21,8,27,57,57480,SAINT LADRE (RUE ),49.0936198,6.1494973,Plein jour,En agglomération,Hors intersection,Normale,Autre collision,4,-1,1,0,1,1,1,0,1,50,1,2,1,0,0,1,57.0,,voiture,,1,2,1,1,6
202200032807,2022-08-27 11:00:00,2022,8,27,11,0,35,35251,La Bourlais,48.2547543163,-1.6007611156,Plein jour,Hors agglomération,Intersection en X,Normale,Deux véhicules - côté,3,2,2,0,1,1,1,0,1,80,2,4,3,0,0,1,31.0,58.0,voiture,voiture,1,1,2,1,3
202200032808,2022-08-27 17:40:00,2022,8,27,17,40,51,51338,D308,49.1599570322,4.110852778,Plein jour,Hors agglomération,Hors intersection,Normale,Sans collision,3,2,2,0,1,2,1,0,3,80,1,1,0,0,1,0,70.0,,deux_roues,,1,1,1,1,7
202200032809,2022-08-27 23:00:00,2022,8,27,23,0,51,51612,D36,48.9197756571,3.9766806364,Nuit sans éclairage public,Hors agglomération,Hors intersection,Normale,Sans collision,3,2,2,0,2,1,1,0,1,80,1,1,0,0,1,0,22.0,,deux_roues,,3,1,1,1,7
202200032810,2022-02-28 11:45:00,2022,2,28,11,45,974,97411,RAMBAUD (LEOPOLD),-20.88625,55.48084,Plein jour,En agglomération,Autre intersection,Normale,Autre collision,2,1,3,0,1,1,1,0,4,70,1,2,1,0,0,1,53.0,,voiture,,1,2,9,1,6
202200032811,2022-02-27 17:50:00,2022,2,27,17,50,974,97411,MACE (ROUTE GABRIEL),-20.92761,55.49327,Plein jour,En agglomération,Hors intersection,Normale,Sans collision,4,2,1,0,2,1,1,9,1,50,3,3,2,1,0,0,25.0,35.0,deux_roues,voiture,1,2,1,1,7
202200032812,2022-03-01 13:45:00,2022,3,1,13,45,69,69259,Avenue Francis de Pressensé,45.7128619528,4.8740221735,Plein jour,En agglomération,Hors intersection,Normale,Deux véhicules - arrière,4,2,2,2,1,1,1,0,1,50,2,2,1,0,0,1,22.0,52.0,voiture,voiture,1,2,1,1,2
202200032813,2022-08-28 10:02:00,2022,8,28,10,2,59,59663,Anc Voie Romaine Steen Str,50.898215,2.491214,Plein jour,Hors agglomération,Hors intersection,Normale,Deux véhicules - côté,4,2,2,0,1,1,1,0,1,50,2,2,0,0,2,0,72.0,70.0,deux_roues,deux_roues,1,1,1,1,3
202200032814,2022-08-28 01:41:00,2022,8,28,1,41,74,74104,200 Route de Marceau Dessus,45.770197,6.207909,Nuit avec éclairage allumé,En agglomération,Hors intersection,Normale,Autre collision,4,2,2,0,1,1,1,0,3,50,1,2,0,1,1,0,32.0,,voiture,,5,2,1,1,6
202200032815,2022-03-01 12:02:00,2022,3,1,12,2,69,69387,Rue du Repos,45.7457223481,4.8506838083,Plein jour,En agglomération,Hors intersection,Normale,Deux véhicules - frontale,4,1,1,0,1,1,1,0,5,50,2,2,1,0,0,1,35.0,44.0,voiture,deux_roues,1,2,1,1,1
202200032816,2022-08-27 19:15:00,2022,8,27,19,15,33,33506,lieu dit lafon de medouc,44.697861,-0.121456,Crépuscule ou aube,Hors agglomération,Hors intersection,Normale,Autre collision,3,2,2,0,4,2,1,0,1,80,1,3,0,0,1,2,21.0,,voiture,,2,1,1,1,6
202200032817,2022-03-01 11:05:00,2022,3,1,11,5,69,69388,Cours Albert Thomas,45.74841,4.86292,Plein jour,En agglomération,Hors intersection,Normale,Trois véhicules et plus - collisions multiples,4,1,2,3,1,1,1,0,1,50,3,3,2,0,0,1,20.0,25.0,voiture,deux_roues,1,2,1,1,5
202200032818,2022-02-28 17:00:00,2022,2,28,17,0,69,69386,Rue Fénelon,45.76424,4.8433,Plein jour,Hors agglomération,Hors intersection,Normale,Deux véhicules - côté,4,1,1,2,1,1,1,0,1,50,2,2,1,0,0,1,25.0,55.0,deux_roues,voiture,1,1,1,1,3
202200032819,2022-02-28 13:50:00,2022,2,28,13,50,972,97209,RD 41 (ROCADE),14.60938,-61.08532,Plein jour,Hors agglomération,Hors intersection,Normale,Deux véhicules - côté,3,2,4,0,4,2,1,0,1,60,2,3,1,0,0,2,32.0,52.0,voiture,voiture,1,1,1,1,3
202200032820,2022-08-27 15:30:00,2022,8,27,15,30,61,61317,D 932,48.746116,0.366991,Plein jour,Hors agglomération,Hors intersection,Normale,Deux véhicules - côté,3,2,2,0,1,1,1,0,1,90,2,2,1,0,0,1,57.0,20.0,voiture,voiture,1,1,1,1,3
202200032821,2022-03-01 21:15:00,2022,3,1,21,15,69,69385,Rue de la Favorite,45.75637,4.80601,Nuit avec éclairage allumé,En agglomération,Hors intersection,Normale,Sans collision,4,2,2,0,2,2,1,0,1,50,1,1,0,0,0,1,37.0,,deux_roues,,5,2,1,1,7
202200032822,2022-08-27 10:20:00,2022,8,27,10,20,35,35009,D795,48.499712,-1.738855,Plein jour,Hors agglomération,Intersection en X,Temps éblouissant,Deux véhicules - frontale,3,2,2,0,1,3,1,5,1,80,2,6,5,0,0,1,29.0,31.0,voiture,voiture,1,1,2,7,1
202200032823,2022-03-01 18:00:00,2022,3,1,18,0,69,69149,Rue Pierre Sémard,45.71735,4.81211,Plein jour,En agglomération,Hors intersection,Normale,Autre collision,7,2,2,0,1,1,1,0,1,30,1,2,1,0,0,1,45.0,,utilitaire_camion,,1,2,1,1,6