accident_id,datetime,annee,mois,jour,heure,minute,departement,commune_insee,adresse,latitude,longitude,luminosite,agglomeration,intersection,meteo,collision,catr,circ,nbv,vosp,prof,plan,surf,infra,situ,vma,nb_vehicules,nb_usagers,nb_indemnes,nb_tues,nb_blesses_hosp,nb_blesses_legers,age_cond_1,age_cond_2,veh_type_cond_1,veh_type_cond_2,lum_code,agg_code,int_code,atm_code,col_code
202200032824,2022-08-26 18:50:00,2022,8,26,18,50,31,31075,route départementale 12,43.544022,1.159208,Plein jour,Hors agglomération,Hors intersection,Normale,Autre collision,3,2,2,0,2,2,1,0,3,80,1,1,0,0,0,1,36.0,,voiture,,1,1,1,1,6
202200032825,2022-02-28 11:50:00,2022,2,28,11,50,971,97105,AMEDE FENGAROL (RUE),15.99147,-61.72787,Plein jour,En agglomération,Hors intersection,Normale,Deux véhicules - côté,4,1,1,0,1,1,1,9,1,50,2,2,1,0,1,0,36.0,37.0,voiture,deux_roues,1,2,1,1,3
202200032826,2022-08-27 14:50:00,2022,8,27,14,50,72,72090,1407 Route des Thuaudières,48.0294585207,0.4453933237,Plein jour,Hors agglomération,Hors intersection,Normale,Deux véhicules - côté,3,-1,2,0,2,1,1,0,1,80,2,2,0,0,1,1,21.0,49.0,deux_roues,deux_roues,1,1,1,1,3
202200032827,2022-03-01 16:45:00,2022,3,1,16,45,2A,2A004,T20,41.937678386,8.8037400842,Plein jour,Hors agglomération,Hors intersection,Normale,Trois véhicules et plus - en chaîne,2,2,2,0,1,1,1,8,1,50,3,3,2,0,0,1,36.0,69.0,voiture,voiture,1,1,1,1,4
202200032828,2022-08-28 16:30:00,2022,8,28,16,30,14,14578,D74,49.347036,0.1919,Plein jour,En agglomération,Intersection en T,Normale,Autre collision,3,2,2,0,1,1,1,0,1,50,1,2,1,1,0,0,62.0,,voiture,,1,2,3,1,6
202200032829,2022-03-01 03:20:00,2022,3,1,3,20,91,91174,BARBUSSE(PLACE),48.61379,2.47408,Nuit sans éclairage public,En agglomération,Place,Normale,Autre collision,4,1,1,3,1,3,1,9,1,30,1,2,1,0,0,1,35.0,,transport_commun,,3,2,7,1,6
202200032830,2022-08-28 15:50:00,2022,8,28,15,50,14,14593,D101,49.238874,0.160238,Plein jour,Hors agglomération,Hors intersection,Normale,Sans collision,3,2,2,0,1,1,1,0,1,80,1,2,0,0,0,2,24.0,,deux_roues,,1,1,1,1,7
202200032831,2022-02-26 11:10:00,2022,2,26,11,10,87,87085,BASTIAT (RUE FREDERIC),45.88442,1.28985,Plein jour,En agglomération,Hors intersection,Normale,Deux véhicules - arrière,4,2,2,0,1,1,1,0,1,50,2,2,1,0,0,1,74.0,60.0,voiture,voiture,1,2,1,1,2
202200032832,2022-02-26 23:09:00,2022,2,26,23,9,87,87085,DUMAS (AVENUE GEORGES),45.82605,1.26791,Nuit avec éclairage allumé,En agglomération,Intersection en X,Normale,Deux véhicules - côté,2,3,5,0,1,1,1,5,1,50,2,5,4,0,0,1,25.0,20.0,voiture,voiture,5,2,2,1,3
202200032833,2022-08-28 18:00:00,2022,8,28,18,0,90,90045,Rue de DELLE - D 463,47.508052,6.955783,Plein jour,Hors agglomération,Hors intersection,Normale,Deux véhicules - frontale,3,2,2,0,2,2,1,0,1,80,5,9,3,0,2,4,73.0,31.0,utilitaire_camion,voiture,1,1,1,1,1
202200032834,2022-02-25 16:15:00,2022,2,25,16,15,80,80021,BECQUERELLES (PASSAGE DES),49.90099,2.30129,Plein jour,En agglomération,Intersection en X,Normale,Deux véhicules - côté,4,1,4,0,1,1,1,0,1,30,2,2,1,0,0,1,18.0,31.0,deux_roues,voiture,1,2,2,1,3
202200032835,2022-08-27 15:00:00,2022,8,27,15,0,83,83060,Rd71,43.6037024996,6.0663414001,Plein jour,Hors agglomération,Hors intersection,Normale,Autre collision,3,2,2,0,1,2,1,0,3,80,1,1,0,0,1,0,40.0,,deux_roues,,1,1,1,1,6
202200032836,2022-02-25 09:45:00,2022,2,25,9,45,80,80021,STRASBOURG (BOULEVARD DE),49.88896,2.27803,Plein jour,En agglomération,Hors intersection,Normale,Deux véhicules - côté,4,2,2,0,1,1,1,0,1,50,2,2,0,0,0,2,27.0,44.0,voiture,voiture,1,2,1,1,3
202200032837,2022-08-28 00:00:00,2022,8,28,0,0,18,18223,La Rose,47.19373,2.377092,Nuit avec éclairage allumé,En agglomération,Intersection en Y,Normale,Deux véhicules - côté,3,2,2,0,2,2,1,0,1,50,2,2,0,1,1,0,27.0,19.0,voiture,deux_roues,5,2,4,1,3
202200032838,2022-02-26 06:05:00,2022,2,26,6,5,80,80021,JEAN RACINE (RUE),49.86477,2.33799,Nuit avec éclairage allumé,En agglomération,Hors intersection,Brouillard / fumée,Autre collision,4,2,2,0,2,1,2,0,3,50,1,2,1,0,0,1,23.0,,voiture,,5,2,1,5,6
202200032839,2022-02-26 14:20:00,2022,2,26,14,20,80,80021,LUCIEN LECOINTE (RUE),49.90873,2.31287,Plein jour,En agglomération,Hors intersection,Normale,Deux véhicules - côté,4,2,2,0,2,1,1,0,1,50,2,2,1,0,0,1,27.0,81.0,deux_roues,voiture,1,2,1,1,3
202200032840,2022-08-28 01:10:00,2022,8,28,1,10,07,07129,5bis Avenue du Docteur Elisee Charra,44.988569,4.57921,Plein jour,En agglomération,Hors intersection,Normale,Autre collision,4,2,2,0,2,4,1,0,8,50,1,1,0,0,0,1,51.0,,voiture,,1,2,1,1,6
202200032841,2022-03-01 17:15:00,2022,3,1,17,15,78,78551,RN 13,48.899164,2.074137,Plein jour,En agglomération,Hors intersection,Pluie légère,Deux véhicules - côté,2,1,2,0,1,1,2,0,1,70,2,2,1,0,0,1,23.0,22.0,voiture,deux_roues,1,2,1,2,3
202200032842,2022-08-28 10:40:00,2022,8,28,10,40,40,40042,D12,43.54662,-1.273556,Plein jour,Hors agglomération,Hors intersection,Normale,Sans collision,3,2,2,0,2,3,1,0,1,50,1,2,1,0,1,0,23.0,,deux_roues,,1,1,1,1,7
202200032843,2022-02-26 17:28:00,2022,2,26,17,28,78,78688,RTE DE GUYANCOURT,48.76634,2.05342,Plein jour,En agglomération,Hors intersection,Normale,Sans collision,4,3,4,0,1,2,1,0,1,50,2,2,1,1,0,0,27.0,26.0,voiture,deux_roues,1,2,1,1,7
202200032844,2022-02-28 16:30:00,2022,2,28,16,30,77,77487,MARECHAL JUIN  (DU),48.53771,2.68435,Plein jour,En agglomération,Intersection en T,Normale,Deux véhicules - frontale,4,2,2,0,1,1,1,0,1,50,2,2,1,0,0,1,75.0,39.0,voiture,deux_roues,1,2,3,1,1
202200032845,2022-03-01 21:40:00,2022,3,1,21,40,76,76575,Avenue du Val l'Abbé,49.38034,1.100809,Nuit avec éclairage allumé,En agglomération,Giratoire,Pluie légère,Sans collision,7,1,2,0,2,2,2,0,1,50,2,2,1,0,1,0,54.0,45.0,voiture,deux_roues,5,2,6,2,7
202200032846,2022-08-27 02:00:00,2022,8,27,2,0,40,40291,1830 Rte de Saint Vincent de Tyrosse,43.666503,-1.327376,Nuit sans éclairage public,Hors agglomération,Hors intersection,Normale,Autre collision,3,2,2,0,1,1,1,0,3,50,1,4,3,0,1,0,19.0,,voiture,,3,1,1,1,6
202200032847,2022-02-23 04:35:00,2022,2,23,4,35,76,76108,Chemin de la Breteque,49.4823888898,1.1089076847,Nuit sans éclairage public,En agglomération,Hors intersection,Pluie légère,Sans collision,7,2,2,0,1,2,2,0,1,30,1,1,0,0,1,0,39.0,,voiture,,3,2,1,2,7
202200032848,2022-02-28 18:10:00,2022,2,28,18,10,72,72181,LOUIS BLANC (QUAI),48.0066,0.19265,Plein jour,En agglomération,Hors intersection,Normale,Autre collision,4,3,2,1,1,1,1,2,1,50,1,2,1,0,0,1,23.0,,voiture,,1,2,1,1,6
202200032849,2022-08-28 14:50:00,2022,8,28,14,50,28,28383,24 Rue des Marais,48.317198,1.571764,Plein jour,En agglomération,Intersection en Y,Normale,Deux véhicules - côté,3,2,2,0,1,1,1,0,1,50,2,2,1,0,0,1,13.0,41.0,deux_roues,voiture,1,2,4,1,3
202200032850,2022-03-01 18:08:00,2022,3,1,18,8,69,69266,Pont de Cusset,45.7683773936,4.9052528143,Plein jour,En agglomération,Hors intersection,Normale,Trois véhicules et plus - en chaîne,4,2,4,0,3,1,1,0,1,50,3,4,3,0,0,1,23.0,34.0,voiture,voiture,1,2,1,1,4
202200032851,2022-08-28 16:55:00,2022,8,28,16,55,46,46118,Péage A20,44.990706,1.526885,Plein jour,Hors agglomération,Hors intersection,Normale,Autre collision,1,3,4,0,1,1,1,7,1,70,1,1,0,0,1,0,76.0,,voiture,,1,1,1,1,6
202200032852,2022-03-01 08:25:00,2022,3,1,8,25,69,69275,Rue Elisée Reclus,45.74949,4.93938,Plein jour,En agglomération,Hors intersection,Normale,Deux véhicules - arrière,4,2,2,0,1,1,1,0,1,50,2,2,1,0,0,1,43.0,60.0,voiture,voiture,1,2,1,1,2
202200032853,2022-08-27 17:35:00,2022,8,27,17,35,49,49307,A85,47.534443,-0.322723,Plein jour,Hors agglomération,Hors intersection,Normale,Autre collision,1,3,2,0,1,1,1,0,3,130,1,2,0,0,1,1,49.0,,voiture,,1,1,1,1,6
202200032854,2022-08-27 19:35:00,2022,8,27,19,35,03,03158,A71,46.502676,2.643564,Plein jour,Hors agglomération,Hors intersection,Normale,Sans collision,1,1,2,0,1,1,1,0,8,130,1,2,0,0,0,2,53.0,,voiture,,1,1,1,1,7
202200032855,2022-02-28 15:45:00,2022,2,28,15,45,69,69282,Rue du Rambion,45.76061,4.99791,Plein jour,En agglomération,Intersection en T,Normale,Deux véhicules - frontale,4,1,1,2,2,1,1,0,1,50,2,2,1,0,0,1,43.0,43.0,voiture,deux_roues,1,2,3,1,1
202200032856,2022-08-28 00:57:00,2022,8,28,0,57,01,01089,A42 pk 043+800 sens Genève / Lyon,45.991942,5.313161,Nuit sans éclairage public,Hors agglomération,Hors intersection,Normale,Autre collision,1,3,4,0,1,1,1,0,2,130,1,2,0,0,0,2,28.0,,voiture,,3,1,1,1,6
202200032857,2022-03-01 10:45:00,2022,3,1,10,45,69,69264,Rue Berthelot,45.9992305775,4.7343327245,Plein jour,En agglomération,Hors intersection,Normale,Autre collision,4,2,2,0,1,1,1,0,1,50,1,2,1,0,0,1,77.0,,voiture,,1,2,1,1,6
202200032858,2022-08-28 07:15:00,2022,8,28,7,15,95,95371,Rue Jean Jaurés,49.0964731552,2.5195491314,Plein jour,En agglomération,Hors intersection,Normale,Deux véhicules - frontale,4,2,2,0,1,1,1,0,1,30,2,4,1,0,1,2,31.0,24.0,voiture,voiture,1,2,1,1,1
202200032859,2022-03-01 06:50:00,2022,3,1,6,50,69,69013,Route Départementale 306,46.0223937089,4.7205864787,Nuit avec éclairage allumé,En agglomération,Hors intersection,Normale,Deux véhicules - côté,3,2,2,0,1,1,1,9,1,50,2,2,0,0,0,2,31.0,48.0,utilitaire_camion,voiture,5,2,1,1,3
202200032860,2022-08-26 18:00:00,2022,8,26,18,0,988,98815,Tribu de Mebuet,-21.5133,167.8485,Nuit sans éclairage public,Hors agglomération,Hors intersection,Normale,Deux véhicules - frontale,4,3,2,0,1,3,1,0,1,50,2,2,1,0,0,1,37.0,40.0,deux_roues,voiture,3,1,1,1,1
202200032861,2022-08-28 13:45:00,2022,8,28,13,45,988,98825,Route de Forêt Plate,-21.113508,165.014402,Plein jour,Hors agglomération,Hors intersection,Normale,Sans collision,4,-1,2,0,4,3,1,0,1,90,1,2,1,1,0,0,31.0,,voiture,,1,1,1,1,7
202200032862,2022-02-28 14:10:00,2022,2,28,14,10,67,67218,STRASBOURG (AVENUE DE),48.5430821496,7.7363705635,Plein jour,En agglomération,Intersection en T,Normale,Deux véhicules - côté,7,2,5,0,2,3,1,5,1,50,2,3,1,0,0,2,64.0,23.0,voiture,voiture,1,2,3,1,3
202200032863,2022-08-27 03:30:00,2022,8,27,3,30,13,13025,D7N,43.488801,5.595013,Nuit sans éclairage public,Hors agglomération,Hors intersection,Normale,Deux véhicules - arrière,3,2,2,2,1,1,1,0,1,80,2,2,0,0,2,0,24.0,17.0,voiture,deux_roues,3,1,1,1,2
202200032864,2022-03-01 10:55:00,2022,3,1,10,55,66,66136,RD 914,42.665,2.91744,Plein jour,Hors agglomération,Hors intersection,Normale,Deux véhicules - arrière,3,1,1,0,4,1,1,0,1,90,2,2,1,0,0,1,39.0,68.0,voiture,voiture,1,1,1,1,2
202200032865,2022-08-27 19:15:00,2022,8,27,19,15,37,37075,D58,47.2651136785,0.9463799,Plein jour,Hors agglomération,Hors intersection,Normale,Deux véhicules - frontale,3,2,2,0,1,3,1,0,1,80,2,3,1,0,2,0,27.0,34.0,voiture,voiture,1,1,1,1,1
202200032866,2022-03-01 08:15:00,2022,3,1,8,15,64,64189,Avenue Jean Jaures,43.380042,-1.668896,Plein jour,En agglomération,Intersection en T,Normale,Deux véhicules - côté,3,2,2,0,1,1,1,0,1,50,2,2,1,0,0,1,46.0,67.0,utilitaire_camion,deux_roues,1,2,3,1,3
202200032867,2022-02-28 17:15:00,2022,2,28,17,15,64,64102,Avenue Louis de Foix,43.504959,-1.467159,Plein jour,En agglomération,Hors intersection,Temps éblouissant,Sans collision,3,2,0,0,1,1,1,0,1,50,1,1,0,0,0,1,18.0,,deux_roues,,1,2,1,7,7
202200032868,2022-08-27 19:40:00,2022,8,27,19,40,77,77478,Borne d'appel d'urgence,48.976217,3.070217,Crépuscule ou aube,Hors agglomération,Hors intersection,Normale,Deux véhicules - frontale,9,2,2,0,1,1,1,0,1,80,2,2,0,0,2,0,17.0,24.0,deux_roues,deux_roues,2,1,1,1,1
202200032869,2022-08-27 22:40:00,2022,8,27,22,40,91,91041,Route d Arpajon,48.575206,2.237416,Nuit avec éclairage allumé,En agglomération,Giratoire,Normale,Deux véhicules - arrière,3,4,2,0,1,2,1,0,1,50,2,2,1,0,0,1,24.0,19.0,voiture,voiture,5,2,6,1,2
202200032870,2022-01-22 01:56:00,2022,1,22,1,56,91,91064,RN 118,48.7502,2.20514,Nuit sans éclairage public,Hors agglomération,Hors intersection,Normale,Deux véhicules - arrière,2,1,2,0,3,1,1,0,1,90,2,2,1,0,0,1,44.0,23.0,voiture,voiture,3,1,1,1,2
202200032871,2022-02-24 17:20:00,2022,2,24,17,20,62,62427,BROSSOLETTE (R PIERRE),50.406577,2.940418,Plein jour,En agglomération,Hors intersection,Pluie légère,Deux véhicules - frontale,3,2,2,0,1,2,2,0,1,50,2,2,1,0,1,0,66.0,23.0,deux_roues,voiture,1,2,1,2,1
202200032872,2022-08-27 02:00:00,2022,8,27,2,0,66,66164,,42.78026,2.899564,Nuit sans éclairage public,Hors agglomération,Giratoire,Normale,Autre collision,3,1,1,0,1,1,1,5,8,50,1,2,0,0,2,0,50.0,,voiture,,3,1,6,1,6
202200032873,2022-01-21 18:30:00,2022,1,21,18,30,91,91689,AUTOROUTE A6,48.739238,2.320007,Nuit sans éclairage public,Hors agglomération,Hors intersection,Normale,Trois véhicules et plus - collisions multiples,1,3,6,0,1,1,1,0,1,110,3,4,2,0,0,2,50.0,40.0,voiture,voiture,3,1,1,1,5
202200032874,2022-08-28 07:38:00,2022,8,28,7,38,84,84019,212 Montée des Frigoules,44.313101,4.747692,Plein jour,En agglomération,Hors intersection,Normale,Deux véhicules - frontale,4,2,2,0,2,2,1,0,4,50,1,1,0,0,0,1,18.0,,voiture,,1,2,1,1,1
202200032875,2022-02-27 14:30:00,2022,2,27,14,30,60,60159,D 130,49.4189852172,2.8753581046,Plein jour,Hors agglomération,Hors intersection,Normale,Deux véhicules - côté,3,2,2,0,1,1,1,0,1,80,2,3,1,0,1,1,48.0,23.0,voiture,deux_roues,1,1,1,1,3
202200032876,2022-01-22 04:20:00,2022,1,22,4,20,93,93064,AUTOROUTE A3,48.8861836603,2.4732273817,Nuit sans éclairage public,Hors agglomération,Hors intersection,Normale,Deux véhicules - arrière,1,3,6,0,1,2,1,0,1,90,2,2,1,0,0,1,37.0,27.0,voiture,voiture,3,1,1,1,2
202200032877,2022-08-28 13:00:00,2022,8,28,13,0,05,05166,Route de Grenoble,44.4425025584,5.7150363922,Plein jour,Hors agglomération,Hors intersection,Normale,Deux véhicules - arrière,3,2,2,0,1,1,1,0,1,90,2,2,1,0,1,0,27.0,60.0,voiture,deux_roues,1,1,1,1,2
202200032878,2022-01-22 01:50:00,2022,1,22,1,50,95,95491, A115,48.99785,2.2466,Nuit sans éclairage public,Hors agglomération,Hors intersection,Normale,Autre collision,1,3,4,0,1,1,1,0,1,90,1,2,0,0,0,2,26.0,,voiture,,3,1,1,1,6
202200032879,2022-02-28 07:50:00,2022,2,28,7,50,57,57672,D953 A,49.3534,6.17954,Plein jour,En agglomération,Hors intersection,Normale,Autre collision,3,1,1,0,1,2,1,0,1,50,1,1,0,0,1,0,60.0,,deux_roues,,1,2,1,1,6
202200032880,2022-08-27 13:40:00,2022,8,27,13,40,69,69288,Chemin de la vie des oies,45.689274,5.057691,Plein jour,Hors agglomération,Hors intersection,Normale,Autre collision,4,2,1,0,1,1,9,0,3,50,1,3,0,2,1,0,19.0,,voiture,,1,1,1,1,6
202200032881,2022-01-21 02:35:00,2022,1,21,2,35,93,93053,AUTOROUTE A3,48.8817188518,2.4542189102,Nuit sans éclairage public,Hors agglomération,Hors intersection,Pluie légère,Autre collision,1,3,4,0,2,1,2,0,1,90,1,2,1,0,0,1,20.0,,voiture,,3,1,1,2,6
202200032882,2022-02-28 18:40:00,2022,2,28,18,40,56,56098,MUSSET (RUE ALFRED),47.75386,-3.34189,Crépuscule ou aube,En agglomération,Intersection en X,Pluie légère,Deux véhicules - côté,4,2,2,0,1,1,2,0,1,50,2,2,0,0,0,2,39.0,28.0,voiture,voiture,2,2,2,2,3
202200032883,2022-08-27 02:30:00,2022,8,27,2,30,69,69055,Route Départementale 306,45.9104,4.73418,Nuit sans éclairage public,Hors agglomération,Giratoire,Normale,Autre collision,3,2,2,2,1,1,1,0,4,90,1,1,0,0,1,0,38.0,,voiture,,3,1,6,1,6
202200032884,2022-08-26 20:15:00,2022,8,26,20,15,69,69076,Route Départementale 306,45.847919,4.733037,Plein jour,Hors agglomération,Hors intersection,Normale,Autre collision,3,2,2,0,2,1,1,0,8,70,1,1,0,0,1,0,34.0,,deux_roues,,1,1,1,1,6
202200032885,2022-01-22 16:30:00,2022,1,22,16,30,94,94073,A86 EXT,48.76031,2.3825,Crépuscule ou aube,Hors agglomération,Hors intersection,Normale,Trois véhicules et plus - en chaîne,1,3,3,0,1,1,1,1,1,90,3,4,3,0,0,1,29.0,35.0,voiture,voiture,2,1,1,1,4
202200032886,2022-02-28 17:10:00,2022,2,28,17,10,51,51454,Avenue de Champagne,49.22783,4.03015,Plein jour,En agglomération,Hors intersection,Normale,Deux véhicules - arrière,3,1,2,1,1,1,1,0,1,70,2,4,1,0,0,3,41.0,27.0,voiture,voiture,1,2,1,1,2
202200032887,2022-08-28 09:35:00,2022,8,28,9,35,17,17086,83 Route des Passereaux,45.744847,-0.577149,Plein jour,Hors agglomération,Hors intersection,Normale,Deux véhicules - frontale,2,2,2,0,1,2,1,0,1,70,2,3,0,0,2,1,75.0,19.0,voiture,voiture,1,1,1,1,1
202200032888,2022-01-22 13:50:00,2022,1,22,13,50,77,77294,A104,48.9678,2.603,Plein jour,Hors agglomération,Hors intersection,Normale,Deux véhicules - arrière,1,1,2,0,1,1,1,0,1,110,2,3,1,0,0,2,29.0,59.0,deux_roues,voiture,1,1,1,1,2
202200032889,2022-02-28 08:30:00,2022,2,28,8,30,51,51454,Place Alfred Brouette,49.2607009255,4.0461739248,Plein jour,En agglomération,Intersection en X,Normale,Deux véhicules - côté,4,1,2,2,1,1,1,0,1,50,2,4,2,0,0,2,25.0,54.0,voiture,voiture,1,2,2,1,3
202200032890,2022-01-21 14:45:00,2022,1,21,14,45,86,86214,Rue d’Artimon,46.562812,0.359346,Plein jour,En agglomération,Hors intersection,Normale,Autre collision,4,2,2,0,1,1,1,0,1,50,1,2,1,0,0,1,40.0,,voiture,,1,2,1,1,6
202200032891,2022-08-28 07:54:00,2022,8,28,7,54,17,17058,D728,45.833823,-1.128255,Plein jour,Hors agglomération,Hors intersection,Normale,Deux véhicules - frontale,3,2,2,0,1,1,1,0,1,70,2,3,0,0,2,1,72.0,22.0,utilitaire_camion,voiture,1,1,1,1,1
202200032892,2022-01-21 10:00:00,2022,1,21,10,0,72,72181,RUAUDIN (RUE) N° PAIRS 264 ET >,47.97144,0.23112,Plein jour,En agglomération,Hors intersection,Normale,Autre collision,4,2,2,0,1,1,1,0,1,50,1,2,1,0,0,1,67.0,,voiture,,1,2,1,1,6
202200032893,2022-02-28 17:11:00,2022,2,28,17,11,49,49007,VOIE DES BERGES,47.47951,-0.55197,Plein jour,En agglomération,Hors intersection,Normale,Sans collision,3,3,4,0,1,1,1,0,1,50,1,3,0,1,2,0,36.0,,voiture,,1,2,1,1,7
202200032894,2022-08-28 10:00:00,2022,8,28,10,0,17,17351,D18,45.803802,-1.001298,Plein jour,Hors agglomération,Hors intersection,Normale,Trois véhicules et plus - en chaîne,3,2,2,0,1,1,1,2,1,80,3,3,1,1,1,0,72.0,62.0,voiture,deux_roues,1,1,1,1,4
202200032895,2022-01-18 18:00:00,2022,1,18,18,0,62,62907,RD 954,50.479481,3.007054,Plein jour,Hors agglomération,Hors intersection,Normale,Sans collision,3,2,2,0,1,1,1,6,1,50,1,2,1,0,1,0,18.0,,voiture,,1,1,1,1,7
202200032896,2022-03-02 22:13:00,2022,3,2,22,13,47,47031, (nouvelle rocade),44.17567,0.62482,Nuit sans éclairage public,Hors agglomération,Hors intersection,Normale,Deux véhicules - frontale,4,2,2,0,1,1,1,0,1,70,2,2,0,0,0,2,22.0,23.0,voiture,voiture,3,1,1,1,1
202200032897,2022-08-28 04:45:00,2022,8,28,4,45,85,85152,RD160,46.604034,-1.651125,Nuit sans éclairage public,Hors agglomération,Hors intersection,Normale,Deux véhicules - arrière,3,3,4,0,1,1,1,0,1,110,2,3,1,1,1,0,17.0,29.0,deux_roues,voiture,3,1,1,1,2
202200032898,2022-01-21 16:25:00,2022,1,21,16,25,974,97416,POUDRIERE (RUE DE LA),-21.33527,55.45628,Plein jour,En agglomération,Hors intersection,Normale,Deux véhicules - côté,4,2,2,0,1,1,1,0,1,50,2,3,2,0,0,1,28.0,25.0,deux_roues,voiture,1,2,1,1,3
202200032899,2022-01-21 12:50:00,2022,1,21,12,50,974,97416,ROLLAND GARROS (CHEMIN) CD29 (1),-21.34824,55.51047,Plein jour,En agglomération,Hors intersection,Normale,Deux véhicules - arrière,4,2,2,0,2,1,1,0,1,50,2,2,1,0,1,0,43.0,36.0,deux_roues,utilitaire_camion,1,2,1,1,2
202200032900,2022-03-02 01:05:00,2022,3,2,1,5,45,45285,117 Rue Charles Beauhaire,47.91484,1.86866,Nuit avec éclairage allumé,En agglomération,Intersection en X,Normale,Deux véhicules - côté,4,2,4,0,1,1,1,5,1,50,2,3,1,0,0,2,,23.0,voiture,voiture,5,2,2,1,3
202200032901,2022-08-28 16:35:00,2022,8,28,16,35,14,14066,D514,49.329602,-0.43363,Plein jour,En agglomération,Intersection en T,Normale,Deux véhicules - côté,3,2,2,0,1,2,1,0,1,50,2,2,1,0,0,1,22.0,43.0,deux_roues,voiture,1,2,3,1,3
202200032902,2022-01-21 21:35:00,2022,1,21,21,35,974,97411,JAURES (BOULEVARD JEAN),-20.89924,55.47843,Nuit avec éclairage allumé,En agglomération,Hors intersection,Normale,Autre collision,2,3,4,0,1,1,1,0,1,70,1,2,1,0,0,1,72.0,,voiture,,5,2,1,1,6
202200032903,2022-03-01 17:40:00,2022,3,1,17,40,45,45147,Avenue d’Oradour-sur-Glane,47.933516,1.921421,Plein jour,En agglomération,Intersection en T,Normale,Deux véhicules - côté,4,2,4,0,1,1,1,0,1,50,2,4,2,0,0,2,30.0,40.0,voiture,voiture,1,2,3,1,3
202200032904,2022-08-27 16:30:00,2022,8,27,16,30,56,56072,Guernogas,48.093069,-2.804807,Plein jour,Hors agglomération,Intersection en T,Normale,Deux véhicules - côté,4,2,2,0,1,1,1,0,1,80,2,2,1,0,0,1,57.0,21.0,voiture,deux_roues,1,1,3,1,3
202200032905,2022-01-21 09:15:00,2022,1,21,9,15,974,97411,HOARAU (RUE MARCEL),-20.90854,55.48779,Plein jour,En agglomération,Intersection en T,Pluie légère,Sans collision,4,2,2,1,1,1,2,0,1,50,1,1,0,0,1,0,62.0,,deux_roues,,1,2,3,2,7
202200032906,2022-03-01 13:35:00,2022,3,1,13,35,45,45234,Avenue de la Mouillère,47.88429,1.90882,Plein jour,En agglomération,Hors intersection,Normale,Autre collision,4,2,2,3,1,1,1,-1,6,40,1,2,1,0,0,1,50.0,,transport_commun,,1,2,1,1,6
202200032907,2022-01-21 18:00:00,2022,1,21,18,0,69,69259,364 Route de Vienne,45.7190658793,4.8545582592,Nuit avec éclairage allumé,En agglomération,Hors intersection,Normale,Autre collision,4,2,5,3,1,1,1,0,1,50,1,2,1,0,0,1,56.0,,deux_roues,,5,2,1,1,6
202200032908,2022-08-28 10:15:00,2022,8,28,10,15,29,29057,20 Rue Charles de Gaulle,47.908153,-3.979349,Plein jour,En agglomération,Hors intersection,Normale,Deux véhicules - arrière,3,2,2,0,2,3,1,0,1,30,2,2,1,0,0,1,50.0,24.0,voiture,deux_roues,1,2,1,1,2
202200032909,2022-01-20 08:50:00,2022,1,20,8,50,972,97209,AUTOROUTE (A1),14.61811,-61.03701,Plein jour,En agglomération,Hors intersection,Normale,Deux véhicules - arrière,1,3,3,0,1,1,1,0,1,90,2,2,1,0,0,1,36.0,38.0,voiture,deux_roues,1,2,1,1,2
202200032910,2022-08-27 11:40:00,2022,8,27,11,40,35,35019,La cordonnais,48.4525801194,-1.5507379174,Plein jour,Hors agglomération,Hors intersection,Normale,Deux véhicules - frontale,4,-1,2,0,1,2,1,0,1,80,2,2,1,0,0,1,19.0,38.0,voiture,voiture,1,1,1,1,1
202200032911,2022-03-01 07:25:00,2022,3,1,7,25,45,45234,14 Rue Jacques Groslot Bailli d’Orléans,47.925321,1.892357,Plein jour,En agglomération,Hors intersection,Normale,Autre collision,4,2,2,0,1,1,1,0,1,50,1,3,1,0,0,2,89.0,,voiture,,1,2,1,1,6
202200032912,2022-08-27 17:50:00,2022,8,27,17,50,27,27448,Rue Edouard Isambard,49.013718,1.37917,Plein jour,En agglomération,Hors intersection,Normale,Autre collision,3,2,2,0,1,1,1,0,1,50,1,2,1,0,0,1,25.0,,voiture,,1,2,1,1,6
202200032913,2022-01-21 18:10:00,2022,1,21,18,10,69,69034,151 Rue Pasteur,45.79718,4.85029,Nuit avec éclairage allumé,En agglomération,Intersection en T,Normale,Deux véhicules - côté,4,2,3,3,2,1,1,0,6,50,2,2,1,0,1,0,48.0,38.0,deux_roues,voiture,5,2,3,1,3
202200032914,2022-03-01 08:45:00,2022,3,1,8,45,41,41158,COULIS (RUE DES),47.7936,1.04494,Crépuscule ou aube,En agglomération,Intersection en T,Normale,Deux véhicules - arrière,3,2,2,0,1,1,1,0,1,50,2,2,1,0,0,1,32.0,80.0,deux_roues,voiture,2,2,3,1,2
202200032915,2022-08-27 10:45:00,2022,8,27,10,45,27,27165,D140,48.964089,0.905777,Plein jour,Hors agglomération,Hors intersection,Normale,Autre collision,3,2,2,0,1,1,1,0,1,80,1,2,0,0,1,1,57.0,,deux_roues,,1,1,1,1,6
202200032916,2022-02-28 20:00:00,2022,2,28,20,0,41,41295,RUE PIERRE GILLES DE GENNES,47.57229,1.37325,Nuit avec éclairage allumé,En agglomération,Hors intersection,Normale,Sans collision,4,2,2,0,1,1,1,0,1,50,1,1,0,0,0,1,26.0,,deux_roues,,5,2,1,1,7