accident_id,datetime,annee,mois,jour,heure,minute,departement,commune_insee,adresse,latitude,longitude,luminosite,agglomeration,intersection,meteo,collision,catr,circ,nbv,vosp,prof,plan,surf,infra,situ,vma,nb_vehicules,nb_usagers,nb_indemnes,nb_tues,nb_blesses_hosp,nb_blesses_legers,age_cond_1,age_cond_2,veh_type_cond_1,veh_type_cond_2,lum_code,agg_code,int_code,atm_code,col_code
202200033009,2022-08-26 20:10:00,2022,8,26,20,10,74,74118,18 AOUT (RUE DU),46.1686,6.2033,Plein jour,Hors agglomération,Hors intersection,Normale,Deux véhicules - arrière,3,-1,2,0,1,1,1,0,1,70,2,2,1,0,0,1,48.0,37.0,voiture,voiture,1,1,1,1,2
202200033010,2022-02-28 20:55:00,2022,2,28,20,55,75,75117,BOULEVARD BERTHIER,48.8891595302,2.3022714257,Nuit avec éclairage allumé,En agglomération,Hors intersection,Normale,Deux véhicules - arrière,4,3,3,0,1,1,1,0,1,50,2,2,1,0,0,1,24.0,32.0,voiture,deux_roues,5,2,1,1,2
202200033011,2022-01-19 21:27:00,2022,1,19,21,27,44,44184,35 Boulevard Paul Perrin,47.285864,-2.214963,Nuit sans éclairage public,En agglomération,Giratoire,Normale,Deux véhicules - côté,4,2,0,0,1,1,1,0,1,50,2,2,1,0,0,1,,76.0,voiture,voiture,3,2,6,1,3
202200033012,2022-08-23 16:30:00,2022,8,23,16,30,74,74305,THONON (ROUTE DE),46.1986,6.27015,Plein jour,Hors agglomération,Hors intersection,Normale,Deux véhicules - frontale,3,2,2,0,1,1,1,0,1,50,2,2,1,0,0,1,45.0,44.0,voiture,voiture,1,1,1,1,1
202200033013,2022-02-22 13:05:00,2022,2,22,13,5,75,75117,BOULEVARD DE DOUAUMONT,48.8968235492,2.3100444674,Plein jour,En agglomération,Intersection en T,Normale,Deux véhicules - côté,4,1,3,0,1,1,1,0,1,30,2,2,1,0,0,1,62.0,49.0,deux_roues,voiture,1,2,3,1,3
202200033014,2022-02-28 13:10:00,2022,2,28,13,10,75,75115,RUE DU DEPART,48.8418679973,2.3226374388,Plein jour,En agglomération,Intersection en T,Normale,Autre collision,4,2,4,0,1,1,1,0,1,30,1,2,1,0,0,1,55.0,,voiture,,1,2,3,1,6
202200033015,2022-08-03 11:45:00,2022,8,3,11,45,73,73008,D1201 - HOPITAUX CARREFOUR DES,45.6969263978,5.9076679945,Plein jour,En agglomération,Giratoire,Temps éblouissant,Deux véhicules - côté,3,2,2,0,1,2,1,0,1,50,2,2,1,0,1,0,51.0,73.0,deux_roues,voiture,1,2,6,7,3
202200033016,2022-01-21 12:09:00,2022,1,21,12,9,44,44109,8 Boulevard Gabriel Lauriol,47.235622,-1.563372,Plein jour,En agglomération,Hors intersection,Normale,Autre collision,4,2,2,2,1,1,1,0,1,50,1,1,0,0,1,0,28.0,,deux_roues,,1,2,1,1,6
202200033017,2022-08-25 19:45:00,2022,8,25,19,45,71,71306,ALOUETTES (AVENUE DES),46.6800036946,4.3600005805,Plein jour,En agglomération,Hors intersection,Normale,Autre collision,4,2,4,0,1,1,1,0,1,50,1,1,0,0,0,1,53.0,,deux_roues,,1,2,1,1,6
202200033018,2022-03-01 14:15:00,2022,3,1,14,15,75,75112,AVENUE DAUMESNIL,48.8432460638,2.3836818337,Plein jour,En agglomération,Intersection en T,Normale,Autre collision,4,2,2,0,1,1,1,0,1,30,2,3,1,0,0,2,52.0,25.0,voiture,deux_roues,1,2,3,1,6
202200033019,2022-01-21 12:30:00,2022,1,21,12,30,42,42218,Rue de Terrenoire,45.4340427583,4.4164738319,Plein jour,En agglomération,Hors intersection,Normale,Autre collision,6,-1,0,0,1,1,1,9,8,50,1,2,1,0,0,1,86.0,,voiture,,1,2,1,1,6
202200033020,2022-08-25 07:10:00,2022,8,25,7,10,71,71040,MACON (ROUTE DE),46.671028,4.386237,Plein jour,En agglomération,Intersection en Y,Normale,Deux véhicules - côté,3,2,2,0,1,2,1,5,1,50,2,2,0,0,0,2,55.0,49.0,voiture,voiture,1,2,4,1,3
202200033021,2022-01-21 14:50:00,2022,1,21,14,50,37,37122,BORDEAUX (AVENUE DE),47.3549544217,0.6989394128,Plein jour,En agglomération,Hors intersection,Normale,Deux véhicules - arrière,4,2,4,0,1,1,1,0,1,50,2,3,1,0,0,2,30.0,48.0,voiture,voiture,1,2,1,1,2
202200033022,2022-08-26 22:24:00,2022,8,26,22,24,69,69264,Rue d’Anse,45.98251,4.71789,Nuit avec éclairage allumé,En agglomération,Intersection en T,Normale,Deux véhicules - côté,3,2,2,0,1,1,1,0,1,30,2,2,1,0,0,1,20.0,17.0,voiture,deux_roues,5,2,3,1,3
202200033023,2022-01-21 08:55:00,2022,1,21,8,55,37,37214,AMPERE (RUE ANDRE),47.4237586902,0.6727104262,Plein jour,En agglomération,Intersection en X,Normale,Deux véhicules - frontale,4,2,2,0,1,1,1,0,1,50,2,2,1,0,0,1,39.0,25.0,voiture,voiture,1,2,2,1,1
202200033024,2022-08-26 16:00:00,2022,8,26,16,0,69,69271,Boulevard Charles de Gaulle,45.74481,4.9373,Plein jour,En agglomération,Intersection en T,Normale,Deux véhicules - arrière,7,2,6,1,1,1,1,0,8,50,2,3,2,0,0,1,49.0,62.0,utilitaire_camion,voiture,1,2,3,1,2
202200033025,2022-08-25 16:50:00,2022,8,25,16,50,66,66136,,42.743658,2.891255,Plein jour,Hors agglomération,Hors intersection,Normale,Trois véhicules et plus - en chaîne,3,3,4,0,1,1,1,0,1,110,4,5,1,0,0,4,37.0,25.0,voiture,voiture,1,1,1,1,4
202200033026,2022-08-26 11:20:00,2022,8,26,11,20,64,64545,D913,43.37863,-1.68893,Plein jour,En agglomération,Hors intersection,Normale,Deux véhicules - frontale,3,2,2,0,1,1,1,0,1,50,2,2,1,0,0,1,36.0,70.0,voiture,voiture,1,2,1,1,1
202200033027,2022-01-21 07:55:00,2022,1,21,7,55,37,37261,CONSTANTINE (RUE DE),47.3949584962,0.684421286,Nuit avec éclairage allumé,En agglomération,Intersection en X,Normale,Autre collision,4,2,2,0,1,1,1,5,1,30,1,2,1,0,0,1,42.0,,voiture,,5,2,2,1,6
202200033028,2022-08-26 17:15:00,2022,8,26,17,15,64,64445,boulevard d'Alsace Lorraine,43.304937,-0.372023,Plein jour,En agglomération,Hors intersection,Normale,Trois véhicules et plus - collisions multiples,4,2,2,0,1,1,1,0,1,50,3,3,2,0,0,1,59.0,23.0,voiture,voiture,1,2,1,1,5
202200033029,2022-08-25 13:30:00,2022,8,25,13,30,64,64445,rond-point des allées de Morlaàs,43.30804,-0.33938,Plein jour,En agglomération,Giratoire,Normale,Deux véhicules - côté,4,2,2,1,1,3,1,0,5,50,2,2,1,0,0,1,50.0,79.0,deux_roues,voiture,1,2,6,1,3
202200033030,2022-04-12 13:05:00,2022,4,12,13,5,67,67067,rue des acacias,48.730698,7.714328,Plein jour,En agglomération,Intersection en X,Normale,Deux véhicules - frontale,4,1,2,1,1,1,1,0,1,30,2,2,1,0,0,1,37.0,21.0,voiture,deux_roues,1,2,2,1,1
202200033031,2022-08-26 20:18:00,2022,8,26,20,18,64,64122,Rue de Madrid,43.47048,-1.5687,Plein jour,En agglomération,Hors intersection,Normale,Deux véhicules - arrière,4,1,1,0,2,1,1,0,1,30,2,2,1,0,1,0,23.0,45.0,voiture,deux_roues,1,2,1,1,2
202200033032,2022-01-21 16:50:00,2022,1,21,16,50,35,35238,N136,48.11046,-1.71796,Plein jour,Hors agglomération,Hors intersection,Normale,Deux véhicules - arrière,2,3,6,0,1,1,1,0,1,90,2,2,1,0,0,1,36.0,20.0,voiture,voiture,1,1,1,1,2
202200033033,2022-08-25 11:00:00,2022,8,25,11,0,64,64102,Allées Boufflers,43.4916,-1.46943,Plein jour,En agglomération,Hors intersection,Normale,Deux véhicules - côté,4,2,3,0,1,1,1,0,1,50,2,3,2,0,1,0,55.0,70.0,deux_roues,voiture,1,2,1,1,3
202200033034,2022-04-12 15:14:00,2022,4,12,15,14,26,26313,avenue de provence,44.965394,4.94639,Plein jour,En agglomération,Intersection en T,Normale,Deux véhicules - côté,3,2,2,0,1,1,1,0,1,50,2,2,1,0,0,1,45.0,27.0,deux_roues,voiture,1,2,3,1,3
202200033035,2022-07-09 09:05:00,2022,7,9,9,5,62,62510,GOULET (R SILAS),50.422526,2.779637,Plein jour,En agglomération,Hors intersection,Normale,Sans collision,4,1,0,0,1,1,1,6,1,50,1,2,1,0,1,0,21.0,,voiture,,1,2,1,1,7
202200033036,2022-08-26 19:35:00,2022,8,26,19,35,59,59378,NATIONALE RUE,50.6629778903,3.075042665,Plein jour,En agglomération,Hors intersection,Normale,Sans collision,7,1,1,0,1,2,1,0,1,50,1,1,0,0,0,1,31.0,,deux_roues,,1,2,1,1,7
202200033037,2022-08-25 19:00:00,2022,8,25,19,0,59,59560,CD 925,50.5348350314,3.0211758614,Plein jour,Hors agglomération,Autre intersection,Normale,Deux véhicules - côté,7,2,2,0,1,1,1,0,1,80,2,2,1,0,0,1,45.0,24.0,voiture,deux_roues,1,1,9,1,3
202200033038,2022-04-12 11:15:00,2022,4,12,11,15,32,32258,rd 151,43.746212,0.659582,Plein jour,Hors agglomération,Intersection en T,Normale,Deux véhicules - côté,3,2,2,0,1,1,1,0,1,80,2,3,1,0,1,1,83.0,28.0,voiture,voiture,1,1,3,1,3
202200033039,2022-01-21 16:55:00,2022,1,21,16,55,35,35238,Avenue des Monts d’Arrée,48.13444,-1.67288,Plein jour,En agglomération,Hors intersection,Normale,Trois véhicules et plus - en chaîne,4,2,2,0,1,1,1,0,1,50,3,3,2,0,0,1,19.0,21.0,voiture,voiture,1,2,1,1,4
202200033040,2022-08-25 20:05:00,2022,8,25,20,5,57,57012,GENERAL DE GAULLE (RUE DU),49.3699136707,6.0560001433,Plein jour,En agglomération,Hors intersection,Normale,Autre collision,3,2,2,0,1,1,1,0,1,50,2,3,1,0,1,1,35.0,24.0,deux_roues,voiture,1,2,1,1,6
202200033041,2022-04-11 09:00:00,2022,4,11,9,0,37,37199,D58,47.0639941832,0.5020585656,Plein jour,Hors agglomération,Intersection en Y,Normale,Deux véhicules - frontale,3,2,1,0,1,1,1,5,1,80,2,2,0,0,1,1,80.0,51.0,voiture,voiture,1,1,4,1,1
202200033042,2022-06-18 02:24:00,2022,6,18,2,24,2A,2A004,ILES SANGUINAIRES ROUTE DES,41.90677,8.67713,Nuit avec éclairage allumé,En agglomération,Hors intersection,Normale,Sans collision,3,2,2,0,1,1,1,0,1,50,1,2,1,0,1,0,,,voiture,,5,2,1,1,7
202200033043,2022-01-21 06:45:00,2022,1,21,6,45,35,35238,BOURGEOIS (BOULEVARD LEON),48.09949,-1.65228,Nuit avec éclairage allumé,En agglomération,Hors intersection,Normale,Deux véhicules - côté,4,2,2,2,1,1,1,0,1,50,2,2,1,0,0,1,32.0,56.0,deux_roues,voiture,5,2,1,1,3
202200033044,2022-04-11 08:20:00,2022,4,11,8,20,95,95229,RD 370,49.0341213486,2.3437464237,Plein jour,En agglomération,Hors intersection,Normale,Deux véhicules - côté,3,2,2,0,1,1,1,0,1,50,2,2,1,0,0,1,39.0,25.0,voiture,deux_roues,1,2,1,1,3
202200033045,2022-06-17 14:00:00,2022,6,17,14,0,95,95268,RUE JEAN GOUJON,48.97035,2.40029,Plein jour,En agglomération,Hors intersection,Normale,Deux véhicules - côté,4,2,2,0,2,1,1,0,1,50,2,2,1,0,1,0,66.0,20.0,voiture,deux_roues,1,2,1,1,3
202200033046,2022-01-20 12:15:00,2022,1,20,12,15,35,35238,GAYEULLES (ROND POINT),48.12747,-1.65143,Plein jour,En agglomération,Giratoire,Normale,Deux véhicules - côté,4,2,1,0,1,1,1,0,1,30,2,2,1,0,0,1,30.0,73.0,deux_roues,voiture,1,2,6,1,3
202200033047,2022-04-11 19:15:00,2022,4,11,19,15,49,49092,La Haute Lande de Melay (melay),47.200478,-0.721721,Plein jour,Hors agglomération,Autre intersection,Normale,Sans collision,3,2,2,0,3,1,1,0,3,80,1,1,0,0,1,0,37.0,,voiture,,1,1,9,1,7
202200033048,2022-08-26 13:50:00,2022,8,26,13,50,56,56121,INDES (PONT DES),47.7576,-3.3546,Plein jour,En agglomération,Hors intersection,Normale,Deux véhicules - arrière,4,2,2,0,1,1,1,2,1,50,2,4,3,0,0,1,49.0,54.0,deux_roues,voiture,1,2,1,1,2
202200033049,2022-06-17 11:30:00,2022,6,17,11,30,95,95539,Avenue du Général de Gaulle,48.99392,2.35806,Plein jour,En agglomération,Hors intersection,Normale,Deux véhicules - côté,3,2,2,0,1,1,1,0,1,50,2,3,1,0,0,2,19.0,36.0,voiture,voiture,1,2,1,1,3
202200033050,2022-08-26 15:25:00,2022,8,26,15,25,54,54304,MOSELLE (RUE DE LA),48.699069,6.135024,Plein jour,En agglomération,Hors intersection,Normale,Autre collision,4,2,2,3,1,1,1,0,1,50,1,3,1,0,0,2,53.0,,voiture,,1,2,1,1,6
202200033051,2022-01-21 12:47:00,2022,1,21,12,47,33,33063,Boulevard Aliénor d'Aquitaine,44.87105,-0.56633,Plein jour,En agglomération,Hors intersection,Normale,Trois véhicules et plus - en chaîne,4,1,3,0,1,1,1,0,1,50,5,5,4,0,0,1,42.0,47.0,utilitaire_camion,voiture,1,2,1,1,4
202200033052,2022-04-11 16:30:00,2022,4,11,16,30,28,28330,D955,48.05505,1.408471,Plein jour,Hors agglomération,Intersection en X,Normale,Deux véhicules - côté,3,2,2,0,1,1,1,5,1,90,2,4,3,0,1,0,74.0,43.0,voiture,utilitaire_camion,1,1,2,1,3
202200033053,2022-01-21 12:00:00,2022,1,21,12,0,31,31555,MINIMES (AV DES) DU 1AU 178,43.62273,1.43457,Plein jour,En agglomération,Hors intersection,Normale,Deux véhicules - côté,7,-1,2,1,1,1,1,0,1,50,2,2,1,0,0,1,33.0,42.0,deux_roues,voiture,1,2,1,1,3
202200033054,2022-08-26 19:25:00,2022,8,26,19,25,51,51172,Avenue Francois Mitterrand,49.2193221982,4.0567700565,Plein jour,En agglomération,Hors intersection,Normale,Deux véhicules - côté,4,2,2,1,1,3,1,0,5,50,2,2,1,0,0,1,,34.0,deux_roues,deux_roues,1,2,1,1,3
202200033055,2022-04-03 03:55:00,2022,4,3,3,55,26,26106,A7,44.642834,4.792019,Nuit sans éclairage public,Hors agglomération,Hors intersection,Normale,Autre collision,1,1,5,0,1,1,1,0,1,130,1,3,2,0,1,0,45.0,,utilitaire_camion,,3,1,1,1,6
202200033056,2022-06-17 18:50:00,2022,6,17,18,50,95,95280,Rue Ambroise Croizat,49.02167,2.45278,Plein jour,En agglomération,Intersection en T,Normale,Deux véhicules - côté,3,2,2,0,1,1,1,0,1,50,2,6,5,0,0,1,32.0,37.0,transport_commun,voiture,1,2,3,1,3
202200033057,2022-01-21 18:30:00,2022,1,21,18,30,30,30007,JUIN (AVE DU MARECHAL),44.11803,4.10854,Nuit avec éclairage allumé,En agglomération,Hors intersection,Normale,Deux véhicules - arrière,4,2,2,0,1,1,1,0,1,50,2,2,1,0,0,1,59.0,47.0,voiture,voiture,5,2,1,1,2
202200033058,2022-04-11 14:30:00,2022,4,11,14,30,76,76101,echangeur 5 A28,49.928889,1.640214,Plein jour,Hors agglomération,Hors intersection,Normale,Autre collision,1,1,1,0,1,3,1,3,1,30,1,1,0,0,1,0,74.0,,voiture,,1,1,1,1,6
202200033059,2022-08-26 12:25:00,2022,8,26,12,25,51,51108,Avenue du Général Sarrail,48.9754824951,4.3576294184,Plein jour,En agglomération,Intersection en X,Normale,Deux véhicules - côté,4,2,2,0,1,1,1,0,1,50,2,2,1,0,1,0,27.0,37.0,utilitaire_camion,deux_roues,1,2,2,1,3
202200033060,2022-06-17 13:25:00,2022,6,17,13,25,91,91161,AV PIERRE BROSSOLETTE,48.700014,2.306002,Plein jour,En agglomération,Intersection en T,Temps éblouissant,Deux véhicules - côté,4,3,1,0,2,1,1,0,8,50,2,2,1,0,0,1,35.0,43.0,voiture,voiture,1,2,3,7,3
202200033061,2022-01-21 14:38:00,2022,1,21,14,38,29,29019,Rue Marcellin Duval,48.414591,-4.486772,Plein jour,En agglomération,Intersection en T,Normale,Deux véhicules - frontale,4,2,4,2,1,1,1,-1,5,50,2,2,1,0,0,1,55.0,16.0,voiture,deux_roues,1,2,3,1,1
202200033062,2022-04-11 16:30:00,2022,4,11,16,30,59,59016,Rue des Champs,50.968008,2.353735,Plein jour,Hors agglomération,Hors intersection,Normale,Sans collision,4,2,2,0,1,3,1,0,1,80,1,1,0,0,1,0,41.0,,deux_roues,,1,1,1,1,7
202200033063,2022-01-21 20:00:00,2022,1,21,20,0,27,27681,DEVOS (BOULEVARD JULIEN),49.08686,1.47384,Nuit avec éclairage allumé,En agglomération,Autre intersection,Normale,Deux véhicules - côté,4,2,0,0,1,1,1,0,8,30,2,2,1,0,0,1,14.0,73.0,deux_roues,voiture,5,2,9,1,3
202200033064,2022-06-17 12:45:00,2022,6,17,12,45,91,91345,RUE MAURICE,48.69387,2.28849,Plein jour,En agglomération,Hors intersection,Normale,Autre collision,3,2,2,0,1,1,1,9,1,50,1,3,1,0,0,2,45.0,,voiture,,1,2,1,1,6
202200033065,2022-01-19 16:30:00,2022,1,19,16,30,19,19031,MASSENAT (RUE DU DOCTEUR),45.15899,1.53443,Plein jour,En agglomération,Hors intersection,Normale,Autre collision,4,1,1,0,1,1,1,6,1,30,1,2,1,0,1,0,35.0,,voiture,,1,2,1,1,6
202200033066,2022-08-25 20:30:00,2022,8,25,20,30,49,49007,DE LATTRE DE TASSIGNY,47.44866,-0.53839,Plein jour,En agglomération,Giratoire,Normale,Deux véhicules - côté,4,1,2,0,1,2,1,0,1,30,2,2,1,0,0,1,19.0,48.0,deux_roues,voiture,1,2,6,1,3
202200033067,2022-04-11 15:40:00,2022,4,11,15,40,26,26333,route de valence,45.167054,4.818256,Plein jour,En agglomération,Intersection en X,Normale,Trois véhicules et plus - en chaîne,2,2,2,0,1,1,1,5,1,80,3,5,3,0,0,2,21.0,75.0,voiture,voiture,1,2,2,1,4
202200033068,2022-06-17 15:15:00,2022,6,17,15,15,91,91691,,48.698794,2.488048,Plein jour,En agglomération,Hors intersection,Normale,Sans collision,4,2,2,0,2,1,1,0,1,30,1,1,0,0,0,1,40.0,,voiture,,1,2,1,1,7
202200033069,2022-01-21 13:35:00,2022,1,21,13,35,17,17291,DIX-HUIT JUIN   RUE DU,46.17789,-1.10503,Plein jour,En agglomération,Autre intersection,Temps éblouissant,Deux véhicules - côté,4,2,2,0,1,1,1,0,1,30,2,2,1,1,0,0,25.0,36.0,deux_roues,voiture,1,2,9,7,3
202200033070,2022-06-17 19:20:00,2022,6,17,19,20,91,91326,COUR DE FRANCE (AVENUE DE LA),48.68463,2.37528,Plein jour,En agglomération,Intersection en X,Normale,Autre collision,3,2,1,3,2,1,1,5,1,50,1,2,1,0,0,1,55.0,,deux_roues,,1,2,2,1,6
202200033071,2022-08-25 09:26:00,2022,8,25,9,26,47,47323,REPUBLIQUE (BLVD DE LA),44.40989,0.70547,Plein jour,En agglomération,Hors intersection,Normale,Autre collision,9,1,1,0,1,1,1,0,1,30,1,2,1,0,0,1,31.0,,voiture,,1,2,1,1,6
202200033072,2022-04-12 08:20:00,2022,4,12,8,20,83,83070,Avenue du Marechal Juin,43.136033,6.354502,Plein jour,En agglomération,Intersection en T,Normale,Deux véhicules - côté,4,2,2,0,1,1,1,0,1,50,2,2,1,0,1,0,54.0,20.0,deux_roues,voiture,1,2,3,1,3
202200033073,2022-01-21 08:20:00,2022,1,21,8,20,17,17300,SARTRE   AVENUE JEAN-PAUL,46.15491,-1.13585,Plein jour,En agglomération,Intersection en X,Normale,Deux véhicules - côté,4,2,2,0,1,1,1,0,1,50,2,2,1,0,0,1,58.0,66.0,voiture,deux_roues,1,2,2,1,3
202200033074,2022-06-16 19:45:00,2022,6,16,19,45,91,91109,ETAMPES (ROUTE D')    RD 207,48.45598,2.15111,Plein jour,En agglomération,Hors intersection,Normale,Deux véhicules - arrière,3,-1,2,0,1,1,1,0,1,50,2,2,1,0,0,1,36.0,23.0,transport_commun,deux_roues,1,2,1,1,2
202200033075,2022-04-12 09:30:00,2022,4,12,9,30,61,61114,A88,48.782169,-0.122293,Plein jour,Hors agglomération,Hors intersection,Normale,Deux véhicules - frontale,1,1,4,0,1,1,1,0,1,130,2,3,0,3,0,0,47.0,86.0,voiture,voiture,1,1,1,1,1
202200033076,2022-08-26 21:10:00,2022,8,26,21,10,45,45208,103 Rue Deportes Internes Resistance,47.99322,2.74507,Crépuscule ou aube,En agglomération,Hors intersection,Normale,Deux véhicules - arrière,3,2,2,0,1,1,1,5,1,50,2,2,1,0,0,1,30.0,,voiture,voiture,2,2,1,1,2
202200033077,2022-01-21 19:00:00,2022,1,21,19,0,13,13210,BENJAMIN DELESSERT (RUE),43.2834167457,5.4049086663,Nuit avec éclairage allumé,En agglomération,Hors intersection,Normale,Deux véhicules - côté,4,2,2,0,1,1,1,2,1,30,2,2,1,0,0,1,56.0,29.0,voiture,voiture,5,2,1,1,3
202200033078,2022-01-21 15:00:00,2022,1,21,15,0,13,13210,CAPELETTE (AVENUE DE LA),43.28041,5.40834,Plein jour,En agglomération,Autre intersection,Normale,Deux véhicules - côté,4,2,2,0,1,1,1,6,8,300,1,2,1,0,0,1,,,voiture,,1,2,9,1,3
202200033079,2022-06-17 09:53:00,2022,6,17,9,53,79,79191,Rue du Clou Bouchet,46.31839,-0.47371,Plein jour,En agglomération,Intersection en X,Normale,Deux véhicules - côté,4,2,2,0,2,1,1,0,1,50,2,2,0,0,0,1,,71.0,voiture,voiture,1,2,2,1,3
202200033080,2022-04-10 06:25:00,2022,4,10,6,25,51,51168,D977,48.909003,4.309406,Crépuscule ou aube,Hors agglomération,Hors intersection,Brouillard / fumée,Sans collision,3,2,2,0,1,1,1,0,8,90,1,4,3,0,0,1,22.0,,voiture,,2,1,1,5,7
202200033081,2022-08-26 18:10:00,2022,8,26,18,10,35,35238,BOUZAT (DOYEN ALBERT),48.12752,-1.6402,Plein jour,En agglomération,Intersection en X,Normale,Autre collision,4,2,2,2,1,1,1,0,1,30,1,2,1,0,0,1,20.0,,voiture,,1,2,2,1,6
202200033082,2022-04-12 17:45:00,2022,4,12,17,45,76,76739,RD49,49.838425,1.715798,Plein jour,Hors agglomération,Hors intersection,Normale,Sans collision,3,2,2,0,3,3,1,0,8,80,1,1,0,0,1,0,27.0,,voiture,,1,1,1,1,7
202200033083,2022-01-21 00:36:00,2022,1,21,0,36,13,13208,pointe rouge (ave),43.2470782324,5.3739108754,Nuit avec éclairage allumé,En agglomération,Hors intersection,Normale,Autre collision,4,2,2,0,1,3,1,0,1,50,1,3,1,0,0,2,,,voiture,,5,2,1,1,6
202200033084,2022-06-17 20:20:00,2022,6,17,20,20,78,78146,MARECHAL FOCH (AVENUE DU),48.88908,2.15894,Plein jour,En agglomération,Hors intersection,Normale,Deux véhicules - arrière,3,-1,2,0,1,4,1,0,1,50,2,2,1,0,1,0,58.0,52.0,deux_roues,voiture,1,2,1,1,2
202200033085,2022-08-26 08:10:00,2022,8,26,8,10,35,35238,ROBIQUETTE (ROND POINT DE LA),48.134,-1.69439,Plein jour,En agglomération,Giratoire,Normale,Deux véhicules - côté,4,2,2,2,1,1,1,0,1,50,2,2,1,0,0,1,49.0,52.0,deux_roues,voiture,1,2,6,1,3
202200033086,2022-01-20 15:30:00,2022,1,20,15,30,13,13205,BAILLE (BOULEVARD),43.28842,5.39243,Plein jour,En agglomération,Hors intersection,Normale,Deux véhicules - frontale,4,2,3,3,1,1,1,0,1,50,2,2,0,0,0,2,65.0,18.0,deux_roues,deux_roues,1,2,1,1,1
202200033087,2022-04-11 16:47:00,2022,4,11,16,47,65,65267,D921,42.994615,-0.09156,Plein jour,En agglomération,Intersection en Y,Normale,Deux véhicules - frontale,3,2,2,0,1,4,1,0,1,50,2,2,1,0,1,0,69.0,63.0,voiture,deux_roues,1,2,4,1,1
202200033088,2022-01-20 13:45:00,2022,1,20,13,45,13,13207,CORSE (AVENUE DE LA),43.28956,5.36461,Plein jour,En agglomération,Hors intersection,Normale,Deux véhicules - arrière,4,3,4,0,2,1,1,0,1,50,2,2,0,0,0,2,22.0,52.0,voiture,voiture,1,2,1,1,2
202200033089,2022-08-26 17:55:00,2022,8,26,17,55,34,34172,ADHEMAR (AVENUE PIERRE D'),43.62284,3.86789,Plein jour,En agglomération,Intersection en X,Normale,Deux véhicules - côté,4,2,2,0,1,1,1,0,1,30,2,2,1,0,0,1,23.0,23.0,deux_roues,voiture,1,2,2,1,3
202200033090,2022-04-11 15:00:00,2022,4,11,15,0,11,11370,Avenue de Coursan,43.23786,3.11586,Plein jour,En agglomération,Hors intersection,Normale,Autre collision,3,2,2,0,1,1,1,0,4,50,2,2,1,0,1,0,72.0,57.0,deux_roues,voiture,1,2,1,1,6
202200033091,2022-01-06 15:30:00,2022,1,6,15,30,13,13207,JOEL RECHER (RUE),43.2885210715,5.3651307437,Plein jour,En agglomération,Intersection en T,Normale,Deux véhicules - côté,4,-1,2,0,1,1,1,9,1,30,2,2,1,0,0,1,49.0,64.0,deux_roues,voiture,1,2,3,1,3
202200033092,2022-06-16 17:35:00,2022,6,16,17,35,77,77495,N 105,48.569208,2.641833,Plein jour,Hors agglomération,Hors intersection,Normale,Trois véhicules et plus - en chaîne,2,1,2,0,1,1,1,0,1,90,3,9,4,0,0,5,42.0,53.0,voiture,utilitaire_camion,1,1,1,1,4
202200033093,2022-08-26 16:45:00,2022,8,26,16,45,33,33009,MAYDIEU (PL. GABRIEL),44.6474,-1.18405,Plein jour,En agglomération,Giratoire,Normale,Deux véhicules - côté,4,1,2,0,1,2,1,0,1,50,2,2,1,0,0,1,22.0,79.0,deux_roues,voiture,1,2,6,1,3
202200033094,2022-08-26 07:55:00,2022,8,26,7,55,29,29232,Pont de Poulguinan,47.9843838495,-4.114171028,Plein jour,Hors agglomération,Intersection en Y,Normale,Deux véhicules - côté,3,3,4,0,1,3,1,2,1,70,2,2,1,0,0,1,64.0,67.0,voiture,voiture,1,1,4,1,3
202200033095,2022-04-10 18:00:00,2022,4,10,18,0,46,46290,CAMP DE MARO,44.748645,1.499634,Plein jour,En agglomération,Intersection en X,Normale,Deux véhicules - arrière,3,2,2,0,1,1,1,0,1,80,2,5,4,0,0,1,55.0,62.0,voiture,deux_roues,1,2,2,1,2
202200033096,2022-01-20 10:30:00,2022,1,20,10,30,11,11069,Route Minervoise,43.22316,2.36,Plein jour,En agglomération,Intersection en T,Normale,Deux véhicules - côté,3,2,2,0,1,1,1,0,1,50,2,2,1,0,0,1,63.0,81.0,voiture,voiture,1,2,3,1,3
202200033097,2022-08-26 14:05:00,2022,8,26,14,5,29,29039,D783,47.893,-3.9151,Plein jour,Hors agglomération,Hors intersection,Normale,Deux véhicules - arrière,3,2,2,0,1,1,1,0,1,70,2,3,2,0,0,1,47.0,23.0,voiture,voiture,1,1,1,1,2
202200033098,2022-01-20 17:02:00,2022,1,20,17,2,10,10387,PREMIER RAM (RUE DU),48.29486226,4.0809059143,Plein jour,En agglomération,Giratoire,Temps éblouissant,Autre collision,4,2,4,0,1,1,1,9,1,50,1,4,1,0,0,3,43.0,,voiture,,1,2,6,7,6
202200033099,2022-04-11 17:15:00,2022,4,11,17,15,22,22147,Rue Rene Guitton,48.195734,-2.412636,Plein jour,En agglomération,Hors intersection,Normale,Deux véhicules - frontale,3,2,2,0,2,1,1,0,1,50,2,4,2,0,0,2,43.0,59.0,voiture,voiture,1,2,1,1,1
202200033100,2022-06-17 16:20:00,2022,6,17,16,20,77,77186,D607,48.39607,2.69198,Plein jour,Hors agglomération,Hors intersection,Normale,Deux véhicules - côté,3,2,4,0,1,1,1,0,1,90,2,2,1,0,0,1,61.0,43.0,voiture,deux_roues,1,1,1,1,3