accident_id,datetime,annee,mois,jour,heure,minute,departement,commune_insee,adresse,latitude,longitude,luminosite,agglomeration,intersection,meteo,collision,catr,circ,nbv,vosp,prof,plan,surf,infra,situ,vma,nb_vehicules,nb_usagers,nb_indemnes,nb_tues,nb_blesses_hosp,nb_blesses_legers,age_cond_1,age_cond_2,veh_type_cond_1,veh_type_cond_2,lum_code,agg_code,int_code,atm_code,col_code
202200033193,2022-01-21 20:15:00,2022,1,21,20,15,93,93010,PASTEUR (AV.),48.90301216,2.483010292,Nuit avec éclairage allumé,En agglomération,Intersection en Y,Normale,Deux véhicules - côté,4,2,2,0,1,1,1,0,1,50,2,2,1,0,0,1,21.0,33.0,deux_roues,voiture,5,2,4,1,3
202200033194,2022-04-10 18:30:00,2022,4,10,18,30,974,97411,ANANAS (ROUTE DES),-20.91725,55.47791,Nuit avec éclairage allumé,En agglomération,Autre intersection,Normale,Deux véhicules - côté,4,2,2,0,2,1,1,0,1,50,2,4,2,0,0,2,36.0,81.0,voiture,voiture,5,2,9,1,3
202200033195,2022-01-21 20:15:00,2022,1,21,20,15,93,93008,Rue de Varsovie,48.909504,2.470713,Nuit avec éclairage allumé,En agglomération,Autre intersection,Normale,Deux véhicules - côté,4,2,2,0,1,1,1,0,1,50,2,2,1,0,0,1,26.0,17.0,voiture,deux_roues,5,2,9,1,3
202200033196,2022-06-17 00:40:00,2022,6,17,0,40,49,49007,PAUL BERT,47.46627,-0.55272,Nuit avec éclairage allumé,En agglomération,Hors intersection,Normale,Sans collision,4,2,5,2,1,1,1,0,1,30,1,1,0,0,0,1,25.0,,deux_roues,,5,2,1,1,7
202200033197,2022-06-17 15:20:00,2022,6,17,15,20,45,45235,D2157 PR 8 + 571,47.93974,1.79464,Plein jour,Hors agglomération,Hors intersection,Normale,Deux véhicules - frontale,3,2,2,0,1,1,1,0,1,90,2,2,1,1,0,0,69.0,52.0,voiture,utilitaire_camion,1,1,1,1,1
202200033198,2022-01-21 14:50:00,2022,1,21,14,50,93,93001,CITES (RUE DES)  93/100 A 123/132,48.9110545374,2.3882181556,Plein jour,En agglomération,Intersection en T,Normale,Deux véhicules - côté,4,1,1,0,1,1,1,0,1,50,2,4,3,0,0,1,22.0,29.0,voiture,transport_commun,1,2,3,1,3
202200033199,2022-04-10 06:40:00,2022,4,10,6,40,974,97411,JAURES (BOULEVARD JEAN),-20.8888,55.44878,Crépuscule ou aube,En agglomération,Intersection en X,Normale,Deux véhicules - côté,2,3,4,0,1,1,1,0,1,50,2,10,5,0,0,5,21.0,19.0,voiture,voiture,2,2,2,1,3
202200033200,2022-01-20 15:00:00,2022,1,20,15,0,93,93001,VICTOR HUGO (AVE)  => 120,48.9109820616,2.3792679436,Plein jour,En agglomération,Hors intersection,Normale,Deux véhicules - côté,3,2,4,0,1,1,1,0,1,50,2,2,1,0,0,1,33.0,40.0,deux_roues,voiture,1,2,1,1,3
202200033201,2022-06-17 09:00:00,2022,6,17,9,0,45,45234,Rue des Chrysanthèmes,47.88691,1.89848,Plein jour,En agglomération,Intersection en X,Temps éblouissant,Autre collision,4,2,2,0,1,1,1,0,1,50,1,2,1,0,0,1,66.0,,voiture,,1,2,2,7,6
202200033202,2022-06-17 23:25:00,2022,6,17,23,25,44,44143,2A Rue de l'Aérodrome,47.17698,-1.5627,Nuit avec éclairage allumé,En agglomération,Hors intersection,Normale,Sans collision,4,2,2,1,1,1,1,0,1,50,1,1,0,0,1,0,54.0,,deux_roues,,5,2,1,1,7
202200033203,2022-04-08 23:00:00,2022,4,8,23,0,69,69387,Rue des Girondins,45.73897,4.83057,Nuit avec éclairage allumé,En agglomération,Intersection en X,Normale,Deux véhicules - côté,4,2,2,0,1,1,1,0,1,30,2,2,1,0,0,1,34.0,42.0,deux_roues,voiture,5,2,2,1,3
202200033204,2022-01-21 22:20:00,2022,1,21,22,20,92,92050,LENINE VLADIMIR ILITCH AVENUE,48.887943,2.195713,Nuit avec éclairage allumé,En agglomération,Intersection en T,Normale,Deux véhicules - arrière,3,3,4,2,1,1,1,5,1,50,2,2,1,0,0,1,38.0,33.0,voiture,deux_roues,5,2,3,1,2
202200033205,2022-06-05 18:45:00,2022,6,5,18,45,42,42223,Route de Landuziere,45.4567756326,4.3106917273,Plein jour,Hors agglomération,Hors intersection,Normale,Autre collision,4,2,2,0,1,1,1,0,1,90,1,1,0,1,0,0,74.0,,deux_roues,,1,1,1,1,6
202200033206,2022-04-10 21:55:00,2022,4,10,21,55,69,69382,Pont Galliéni,45.7483207933,4.8320330657,Nuit avec éclairage allumé,En agglomération,Hors intersection,Normale,Deux véhicules - côté,4,2,5,0,1,1,1,2,1,50,2,2,1,0,0,1,27.0,35.0,deux_roues,voiture,5,2,1,1,3
202200033207,2022-06-10 17:45:00,2022,6,10,17,45,42,42218,Chemin de la Pouilleuse,45.41678,4.43152,Plein jour,Hors agglomération,Hors intersection,Normale,Sans collision,4,-1,1,3,2,1,9,9,8,10,1,1,0,1,0,0,11.0,,deux_roues,,1,1,1,1,7
202200033208,2022-01-20 22:45:00,2022,1,20,22,45,92,92024,MARTRE (RUE) DE (111 A 119)   (122 A 144,48.9068683035,2.3025617748,Nuit avec éclairage allumé,En agglomération,Intersection en T,Normale,Deux véhicules - côté,3,1,3,1,1,1,1,0,5,30,2,2,1,0,0,1,29.0,29.0,deux_roues,voiture,5,2,3,1,3
202200033209,2022-01-21 15:50:00,2022,1,21,15,50,92,92025,VOIES DU BOIS (RUE DES),48.916307,2.247663,Plein jour,En agglomération,Hors intersection,Normale,Autre collision,4,2,2,0,1,2,1,0,1,30,1,1,0,0,0,1,68.0,,voiture,,1,2,1,1,6
202200033210,2022-06-17 08:55:00,2022,6,17,8,55,37,37261,GANCE (BOULEVARD ABEL),47.4090205509,0.7209348679,Plein jour,En agglomération,Intersection en T,Normale,Deux véhicules - frontale,1,2,3,0,1,1,1,0,1,50,2,2,1,0,0,1,58.0,30.0,deux_roues,voiture,1,2,3,1,1
202200033211,2022-04-10 20:55:00,2022,4,10,20,55,69,69034,Montée des Soldats,45.79101,4.86064,Nuit avec éclairage allumé,En agglomération,Intersection en X,Normale,Deux véhicules - côté,4,2,5,3,1,1,1,0,1,50,2,2,1,0,0,1,62.0,53.0,voiture,deux_roues,5,2,2,1,3
202200033212,2022-01-21 12:55:00,2022,1,21,12,55,92,92024,HENRI BARBUSSE (RUE) DE (73 A 139),48.9008942362,2.3080491722,Plein jour,En agglomération,Intersection en X,Normale,Autre collision,3,1,3,0,1,1,1,0,1,50,1,2,1,0,0,1,27.0,,deux_roues,,1,2,2,1,6
202200033213,2022-06-17 07:40:00,2022,6,17,7,40,37,37122,SAVONNIERES (ROUTE DE),47.36744,0.65479,Plein jour,En agglomération,Giratoire,Normale,Deux véhicules - côté,7,1,2,0,1,2,1,5,1,50,2,2,1,0,0,1,48.0,79.0,deux_roues,voiture,1,2,6,1,3
202200033214,2022-04-10 18:30:00,2022,4,10,18,30,69,69389,Quai Paul Sédallian,45.79373,4.82232,Plein jour,En agglomération,Hors intersection,Normale,Autre collision,4,2,2,1,1,1,1,0,1,50,1,2,1,0,0,1,64.0,,voiture,,1,2,1,1,6
202200033215,2022-06-17 23:30:00,2022,6,17,23,30,35,35238,PARLEMENT DE BRETAGNE (PLACE DU),48.1120314793,-1.6773636639,Nuit avec éclairage allumé,En agglomération,Hors intersection,Normale,Autre collision,4,1,1,2,2,1,1,0,1,50,1,2,1,0,1,0,41.0,,deux_roues,,5,2,1,1,6
202200033216,2022-04-10 11:40:00,2022,4,10,11,40,69,69389,59 Rue de Saint-Cyr,45.78432,4.80823,Plein jour,En agglomération,Hors intersection,Normale,Autre collision,4,2,1,0,1,1,1,0,1,50,1,3,2,0,0,1,94.0,,voiture,,1,2,1,1,6
202200033217,2022-01-21 09:00:00,2022,1,21,9,0,92,92024,MARTRE (RUE) DE (59 A 109)   (58 A 120),48.9041905805,2.3050070107,Plein jour,En agglomération,Hors intersection,Temps couvert,Deux véhicules - côté,3,1,3,2,1,1,2,0,5,50,2,2,1,0,0,1,37.0,28.0,utilitaire_camion,deux_roues,1,2,1,8,3
202200033218,2022-06-17 18:15:00,2022,6,17,18,15,35,35238,YOUGOSLAVIE (BD DE),48.0876991459,-1.6528489441,Plein jour,En agglomération,Hors intersection,Normale,Autre collision,6,-1, -1,0,1,1,1,0,1,50,1,2,1,0,0,1,,,deux_roues,,1,2,1,1,6
202200033219,2022-01-22 14:20:00,2022,1,22,14,20,2A,2A065,Lozzi,42.1562288028,8.6059266329,Plein jour,Hors agglomération,Hors intersection,Normale,Autre collision,3,2,2,0,1,2,1,0,3,80,1,1,0,0,1,0,41.0,,deux_roues,,1,1,1,1,6
202200033220,2022-04-10 06:40:00,2022,4,10,6,40,69,69382,Quai Docteur Gailleton,45.75316,4.83368,Crépuscule ou aube,En agglomération,Place,Normale,Deux véhicules - côté,4,2,8,3,1,1,1,0,1,50,2,2,1,0,0,1,,23.0,voiture,deux_roues,2,2,7,1,3
202200033221,2022-06-17 17:00:00,2022,6,17,17,0,35,35278,ROUTE DU BOUT DU MONDE,48.1559931815,-1.6763910279,Plein jour,En agglomération,Hors intersection,Normale,Deux véhicules - côté,4,2,2,0,2,2,1,0,1,50,2,2,1,0,0,1,18.0,13.0,voiture,deux_roues,1,2,1,1,3
202200033222,2022-01-21 12:05:00,2022,1,21,12,5,01,01052,route départementale 2,46.023558,4.990835,Plein jour,En agglomération,Hors intersection,Normale,Autre collision,3,2,2,0,1,2,1,0,4,50,1,1,0,0,1,0,19.0,,deux_roues,,1,2,1,1,6
202200033223,2022-04-10 18:35:00,2022,4,10,18,35,2A,2A004,ILES SANGUINAIRES ROUTE DES,41.90942,8.6909,Plein jour,En agglomération,Hors intersection,Normale,Autre collision,3,2,2,0,1,1,1,0,1,50,1,2,0,0,0,2,87.0,,voiture,,1,2,1,1,6
202200033224,2022-06-17 12:50:00,2022,6,17,12,50,35,35238,MAGINOT (AVENUE SERGENT),48.1100573261,-1.6627690941,Plein jour,En agglomération,Hors intersection,Normale,Autre collision,4,2,2,3,1,1,1,0,6,50,1,2,1,0,0,1,31.0,,transport_commun,,1,2,1,1,6
202200033225,2022-01-22 15:35:00,2022,1,22,15,35,16,16210,Route départementale 939,45.7390760229,0.059158802,Plein jour,Hors agglomération,Hors intersection,Normale,Deux véhicules - frontale,3,2,2,0,1,2,1,0,1,90,2,2,1,1,0,0,72.0,78.0,voiture,voiture,1,1,1,1,1
202200033226,2022-04-10 02:25:00,2022,4,10,2,25,91,91114,RTE NATIONALE 6,48.686188,2.487,Nuit sans éclairage public,Hors agglomération,Hors intersection,Normale,Sans collision,3,1,2,0,1,1,1,0,1,70,1,1,0,0,0,1,36.0,,deux_roues,,3,1,1,1,7
202200033227,2022-01-21 17:00:00,2022,1,21,17,0,36,36230,37 Avenue de Paris,47.0772464061,1.816047281,Plein jour,En agglomération,Hors intersection,Temps couvert,Deux véhicules - arrière,3,2,2,0,1,1,1,0,1,50,2,2,1,1,0,0,49.0,84.0,voiture,voiture,1,2,1,8,2
202200033228,2022-06-17 08:40:00,2022,6,17,8,40,35,35055,VOIE DE LA LIBERTE,48.0778686783,-1.6320061684,Plein jour,Hors agglomération,Hors intersection,Normale,Deux véhicules - arrière,7,3,4,0,1,1,1,0,1,70,2,2,0,0,0,2,20.0,21.0,voiture,voiture,1,1,1,1,2
202200033229,2022-04-10 19:15:00,2022,4,10,19,15,91,91589,AV JEAN ALLEMANE,48.68418,2.34228,Plein jour,En agglomération,Hors intersection,Normale,Autre collision,3,2,2,0,1,1,1,9,8,50,1,1,0,0,0,1,39.0,,voiture,,1,2,1,1,6
202200033230,2022-06-17 09:15:00,2022,6,17,9,15,35,35238,FORCES FRANCAISES DE L'ONU (ROND POINT),48.0895137931,-1.6826529801,Plein jour,En agglomération,Giratoire,Normale,Deux véhicules - côté,4,1,2,2,1,2,1,0,5,50,2,2,1,0,0,1,23.0,14.0,voiture,deux_roues,1,2,6,1,3
202200033231,2022-04-10 14:15:00,2022,4,10,14,15,83,83137,BIR-HAKEIM (ROND POINT),43.12134,5.94073,Plein jour,En agglomération,Autre intersection,Normale,Deux véhicules - côté,4,-1,5,0,1,1,1,0,1,50,2,2,1,0,0,1,30.0,79.0,deux_roues,utilitaire_camion,1,2,9,1,3
202200033232,2022-01-22 07:20:00,2022,1,22,7,20,28,28141,Autotoute A 11 PK 074+800,48.326269,1.373677,Nuit sans éclairage public,Hors agglomération,Hors intersection,Normale,Trois véhicules et plus - collisions multiples,1,3,3,0,1,1,1,0,1,130,3,6,1,0,3,2,26.0,45.0,utilitaire_camion,utilitaire_camion,3,1,1,1,5
202200033233,2022-01-22 00:00:00,2022,1,22,0,0,10,10349,D619,48.345736,4.004282,Nuit sans éclairage public,Hors agglomération,Hors intersection,Normale,Sans collision,3,2,2,0,1,1,1,0,3,90,1,1,0,0,1,0,46.0,,voiture,,3,1,1,1,7
202200033234,2022-06-17 08:30:00,2022,6,17,8,30,35,35238,NANTES (DE),48.1010268881,-1.685163863,Plein jour,En agglomération,Intersection en T,Normale,Deux véhicules - côté,4,3,2,3,2,1,1,0,6,50,2,2,1,0,0,1,57.0,50.0,utilitaire_camion,deux_roues,1,2,3,1,3
202200033235,2022-06-17 07:30:00,2022,6,17,7,30,35,35281,DODIN (AVENUE ROGER),48.08219,-1.71165,Plein jour,En agglomération,Giratoire,Normale,Deux véhicules - côté,7,3,4,1,1,2,1,0,1,50,2,2,1,0,0,1,63.0,42.0,utilitaire_camion,deux_roues,1,2,6,1,3
202200033236,2022-04-10 20:00:00,2022,4,10,20,0,78,78440,BOSQUETS (RUE DES),48.988893,1.89705,Plein jour,En agglomération,Hors intersection,Normale,Autre collision,4,2,1,0,1,1,1,0,1,30,1,3,2,0,0,1,33.0,,voiture,,1,2,1,1,6
202200033237,2022-01-21 15:40:00,2022,1,21,15,40,67,67073,Route de Selestat,48.275301,7.403929,Plein jour,En agglomération,Hors intersection,Normale,Deux véhicules - arrière,3,2,2,0,1,1,1,0,1,50,2,2,1,0,1,0,19.0,28.0,deux_roues,utilitaire_camion,1,2,1,1,2
202200033238,2022-04-10 18:00:00,2022,4,10,18,0,72,72181,SABLONS (PL DES),47.989,0.222,Plein jour,En agglomération,Hors intersection,Normale,Sans collision,4,-1,1,0,1,1,1,0,1,50,1,1,0,0,0,1,46.0,,deux_roues,,1,2,1,1,7
202200033239,2022-01-21 13:40:00,2022,1,21,13,40,58,58002,route départementale D2,47.453724,3.060771,Plein jour,En agglomération,Hors intersection,Normale,Deux véhicules - côté,3,2,2,0,1,1,1,0,1,50,2,2,1,0,0,1,64.0,49.0,voiture,voiture,1,2,1,1,3
202200033240,2022-06-13 16:45:00,2022,6,13,16,45,34,34301,VERDUN (BOULEVARD DE),43.41074,3.67822,Plein jour,En agglomération,Intersection en T,Normale,Deux véhicules - côté,3,2,2,0,1,1,1,0,1,50,2,2,1,0,1,0,79.0,29.0,deux_roues,voiture,1,2,3,1,3
202200033241,2022-01-21 10:00:00,2022,1,21,10,0,83,83130,rue de la république,43.186048,6.040914,Plein jour,En agglomération,Hors intersection,Normale,Sans collision,3,2,1,0,2,2,1,0,3,50,1,1,0,0,1,0,36.0,,deux_roues,,1,2,1,1,7
202200033242,2022-04-10 09:25:00,2022,4,10,9,25,69,69115,Chemin de Chabert,45.98005,4.69816,Plein jour,En agglomération,Giratoire,Normale,Sans collision,3,2,2,0,1,3,1,0,1,50,1,1,0,0,1,0,52.0,,deux_roues,,1,2,6,1,7
202200033243,2022-01-21 18:00:00,2022,1,21,18,0,62,62572,D7,50.071894,3.046128,Nuit sans éclairage public,Hors agglomération,Hors intersection,Normale,Deux véhicules - frontale,3,2,2,0,2,1,1,0,1,80,2,2,1,0,1,0,53.0,23.0,voiture,voiture,3,1,1,1,1
202200033244,2022-04-10 16:15:00,2022,4,10,16,15,67,67180,SANDLACH (ROUTE DE),48.83539,7.7543,Plein jour,En agglomération,Autre intersection,Normale,Deux véhicules - frontale,4,2,2,0,1,1,1,9,1,70,2,2,0,0,2,0,22.0,19.0,autre,autre,1,2,9,1,1
202200033245,2022-06-17 20:00:00,2022,6,17,20,0,34,34172,TOULOUSE (AVENUE DE,43.59738,3.86428,Plein jour,En agglomération,Intersection en X,Normale,Deux véhicules - côté,4,2,2,1,1,1,1,0,1,30,2,3,1,0,0,2,29.0,40.0,autre,voiture,1,2,2,1,3
202200033246,2022-01-20 15:35:00,2022,1,20,15,35,65,65072,11 Rue du 11 novembre,43.290709,0.075692,Plein jour,En agglomération,Intersection en X,Normale,Deux véhicules - côté,3,2,2,0,1,1,1,5,1,50,2,3,1,0,0,2,72.0,70.0,voiture,voiture,1,2,2,1,3
202200033247,2022-01-22 01:35:00,2022,1,22,1,35,71,71267,Rue de la Boucherette,46.482467,4.813519,Nuit sans éclairage public,En agglomération,Intersection en Y,Normale,Sans collision,4,2,2,0,2,1,1,0,1,50,1,1,0,0,1,0,17.0,,deux_roues,,3,2,4,1,7
202200033248,2022-06-17 03:40:00,2022,6,17,3,40,34,34032,ARCAS FERNAND (ROND-POINT),43.34492,3.17293,Nuit sans éclairage public,Hors agglomération,Giratoire,Normale,Deux véhicules - côté,3,1,2,0,1,2,1,5,1,30,2,2,1,0,1,0,41.0,44.0,deux_roues,voiture,3,1,6,1,3
202200033249,2022-04-10 15:50:00,2022,4,10,15,50,64,64445,ALSACE LORRAINE D',43.30513,-0.37201,Plein jour,En agglomération,Hors intersection,Temps éblouissant,Deux véhicules - arrière,4,2,2,0,1,1,1,0,1,50,2,5,4,0,0,1,20.0,42.0,deux_roues,voiture,1,2,1,7,2
202200033250,2022-01-22 03:30:00,2022,1,22,3,30,46,46309,PK 01 - RD 804 - avenue de SARLAT,44.891661,1.440486,Nuit sans éclairage public,Hors agglomération,Hors intersection,Normale,Sans collision,3,2,2,0,4,3,1,0,8,80,1,1,0,0,1,0,25.0,,voiture,,3,1,1,1,7
202200033251,2022-01-20 17:15:00,2022,1,20,17,15,34,34173,D9,43.689194,3.513522,Plein jour,Hors agglomération,Hors intersection,Normale,Deux véhicules - frontale,3,2,2,0,3,3,1,0,1,80,2,2,1,0,1,0,45.0,62.0,deux_roues,voiture,1,1,1,1,1
202200033252,2022-06-13 09:20:00,2022,6,13,9,20,33,33063,Rue de Bègles,44.8228007362,-0.5658039451,Plein jour,En agglomération,Intersection en T,Normale,Deux véhicules - côté,4,2,2,3,1,1,1,0,1,30,2,2,0,0,0,2,51.0,43.0,deux_roues,deux_roues,1,2,3,1,3
202200033253,2022-01-22 05:30:00,2022,1,22,5,30,25,25440,RN 57,46.996412,6.329845,Nuit sans éclairage public,Hors agglomération,Hors intersection,Normale,Autre collision,2,2,2,0,1,3,1,0,8,80,1,1,0,1,0,0,37.0,,voiture,,3,1,1,1,6
202200033254,2022-04-10 12:30:00,2022,4,10,12,30,64,64335,EUROPE DE L',43.321993,-0.434757,Plein jour,En agglomération,Hors intersection,Normale,Trois véhicules et plus - en chaîne,4,2,2,2,1,1,1,0,1,70,3,4,2,0,0,2,25.0,64.0,voiture,voiture,1,2,1,1,4
202200033255,2022-06-14 10:30:00,2022,6,14,10,30,32,32013,TOULOUSE (ROUTE DE),43.65422,0.6222,Plein jour,Hors agglomération,Hors intersection,Normale,Autre collision,6,-1, -1,0,1,1,1,0,1,30,1,2,1,0,1,0,21.0,,utilitaire_camion,,1,1,1,1,6
202200033256,2022-01-21 20:30:00,2022,1,21,20,30,35,35299,Les portes rouges,48.643572,-1.888806,Nuit sans éclairage public,Hors agglomération,Intersection en Y,Normale,Deux véhicules - côté,3,2,2,0,1,1,1,5,1,80,2,3,1,0,1,1,18.0,24.0,deux_roues,voiture,3,1,4,1,3
202200033257,2022-06-17 16:10:00,2022,6,17,16,10,31,31555,ESQUIROL (PL ETIENNE ) DU 1AU 23,43.60053,1.44523,Plein jour,En agglomération,Hors intersection,Normale,Autre collision,4,2,3,3,1,1,1,0,1,30,1,2,1,0,0,1,,,voiture,,1,2,1,1,6
202200033258,2022-04-10 04:40:00,2022,4,10,4,40,60,60175,Rue Henry Bessemer,49.2415159816,2.4646174907,Nuit avec éclairage allumé,En agglomération,Hors intersection,Normale,Deux véhicules - frontale,4,2,2,0,1,1,1,0,1,50,2,2,0,0,0,2,22.0,23.0,voiture,voiture,5,2,1,1,1
202200033259,2022-01-17 15:45:00,2022,1,17,15,45,29,29031,Impasse Ar Morvran,47.767629,-3.533456,Plein jour,En agglomération,Hors intersection,Normale,Autre collision,4,2,2,0,1,1,1,0,1,50,1,2,1,0,1,0,50.0,,utilitaire_camion,,1,2,1,1,6
202200033260,2022-06-15 12:45:00,2022,6,15,12,45,31,31555,PONT DE LA CROIX DE PIERRE,43.58473,1.42979,Plein jour,En agglomération,Hors intersection,Normale,Deux véhicules - côté,4,2,4,3,1,1,1,2,1,50,2,2,1,0,1,0,30.0,23.0,deux_roues,voiture,1,2,1,1,3
202200033261,2022-04-10 17:30:00,2022,4,10,17,30,59,59599,VOLTAIRE (RUE),50.7280934458,3.1295746565,Plein jour,En agglomération,Intersection en X,Normale,Autre collision,4,2,2,0,1,1,1,0,4,50,1,3,1,0,2,0,29.0,,voiture,,1,2,2,1,6
202200033262,2022-01-21 11:40:00,2022,1,21,11,40,29,29182,Lieu Dit l’Oratoire,48.616601,-3.682378,Plein jour,Hors agglomération,Intersection en X,Normale,Deux véhicules - frontale,3,2,2,0,1,1,1,0,1,80,2,2,1,0,1,0,49.0,69.0,voiture,deux_roues,1,1,2,1,1
202200033263,2022-06-17 13:15:00,2022,6,17,13,15,31,31483,BOULOGNE (AVENUE DE),43.1128471192,0.7207846642,Plein jour,En agglomération,Intersection en X,Normale,Deux véhicules - côté,3,-1,1,0,1,2,1,5,1,50,2,2,1,0,0,1,34.0,28.0,deux_roues,voiture,1,2,2,1,3
202200033264,2022-01-21 19:35:00,2022,1,21,19,35,29,29216,D785 - Ti Lipig,47.956146,-4.17142,Nuit sans éclairage public,Hors agglomération,Hors intersection,Normale,Deux véhicules - arrière,3,3,4,0,1,1,1,0,1,110,2,2,1,0,1,0,24.0,55.0,utilitaire_camion,voiture,3,1,1,1,2
202200033265,2022-04-10 11:30:00,2022,4,10,11,30,59,59279,VYNCKE (AVENUE MARCEL),50.7784908041,3.1369393319,Plein jour,En agglomération,Intersection en X,Normale,Deux véhicules - côté,7,2,2,0,1,1,1,0,1,50,2,3,1,0,0,2,40.0,37.0,voiture,voiture,1,2,2,1,3
202200033266,2022-05-14 10:36:00,2022,5,14,10,36,30,30189,Route de Montpellier,43.8097,4.3284,Plein jour,En agglomération,Hors intersection,Normale,Deux véhicules - côté,2,1,2,0,1,1,1,0,1,50,2,2,1,0,0,1,17.0,20.0,deux_roues,voiture,1,2,1,1,3
202200033267,2022-01-22 15:00:00,2022,1,22,15,0,31,31399,Route des Clauzolles,43.362809,1.262033,Plein jour,En agglomération,Hors intersection,Temps éblouissant,Deux véhicules - côté,3,2,2,0,1,1,1,0,1,50,2,3,1,0,0,2,68.0,38.0,voiture,deux_roues,1,2,1,7,3
202200033268,2022-04-10 19:20:00,2022,4,10,19,20,59,59339,LECLERC (RUE DU MARECHAL),50.6839362322,3.2288353443,Plein jour,En agglomération,Hors intersection,Normale,Deux véhicules - frontale,7,2,2,0,2,1,1,0,1,30,2,4,0,0,0,4,39.0,60.0,voiture,voiture,1,2,1,1,1
202200033269,2022-01-21 07:40:00,2022,1,21,7,40,38,38389,D53,45.576667,5.064654,Nuit sans éclairage public,Hors agglomération,Hors intersection,Normale,Deux véhicules - frontale,3,2,2,0,2,1,1,0,1,80,2,2,1,0,1,0,36.0,17.0,voiture,deux_roues,3,1,1,1,1
202200033270,2022-06-02 20:20:00,2022,6,2,20,20,30,30189,Route de Beaucaire,43.834,4.4176,Plein jour,En agglomération,Giratoire,Normale,Autre collision,3,-1,2,0,1,2,1,0,1,50,1,1,0,0,1,0,54.0,,deux_roues,,1,2,6,1,6
202200033271,2022-04-10 17:45:00,2022,4,10,17,45,49,49007,LECOMBRE,47.4597,-0.52118,Plein jour,En agglomération,Hors intersection,Normale,Sans collision,4,2,2,0,1,1,1,0,1,30,1,1,0,0,0,1,22.0,,deux_roues,,1,2,1,1,7
202200033272,2022-01-18 08:30:00,2022,1,18,8,30,66,66161,,42.61267521,2.4104033069,Plein jour,Hors agglomération,Hors intersection,Normale,Deux véhicules - côté,2,2,2,0,2,1,1,9,1,70,2,2,1,0,1,0,16.0,30.0,deux_roues,voiture,1,1,1,1,3
202200033273,2022-06-17 09:50:00,2022,6,17,9,50,29,29232,Rue President Sadate,47.97537,-4.09776,Plein jour,En agglomération,Giratoire,Temps éblouissant,Deux véhicules - côté,4,2,2,0,1,1,1,0,1,50,2,2,1,0,0,1,64.0,69.0,voiture,deux_roues,1,2,6,7,3
202200033274,2022-04-10 23:01:00,2022,4,10,23,1,45,45068,Rue Lazare Carnot,48.0094987851,2.7320154682,Nuit avec éclairage allumé,En agglomération,Hors intersection,Normale,Autre collision,4,2,2,0,1,1,1,0,4,50,1,2,1,0,0,1,22.0,,voiture,,5,2,1,1,6
202200033275,2022-01-21 12:40:00,2022,1,21,12,40,85,85047,Rue Pauline de Lezardière,46.843359,-1.881398,Plein jour,En agglomération,Giratoire,Normale,Deux véhicules - côté,4,-1,2,0,1,2,1,5,1,50,2,2,1,0,1,0,56.0,16.0,voiture,deux_roues,1,2,6,1,3
202200033276,2022-06-18 20:50:00,2022,6,18,20,50,26,26362,VERDUN AVENUE (204),44.9389,4.90164,Plein jour,En agglomération,Hors intersection,Normale,Autre collision,4,2,2,0,1,1,1,8,1,50,1,1,0,0,1,0,42.0,,deux_roues,,1,2,1,1,6
202200033277,2022-01-21 14:20:00,2022,1,21,14,20,01,01147,Autoroute A39,46.426662,5.270777,Plein jour,Hors agglomération,Hors intersection,Normale,Deux véhicules - arrière,1,3,2,0,1,1,1,0,1,130,2,4,3,0,0,1,53.0,47.0,utilitaire_camion,voiture,1,1,1,1,2
202200033278,2022-04-10 15:40:00,2022,4,10,15,40,45,45068,Rue des Ormes,48.0122097051,2.7094783187,Plein jour,En agglomération,Hors intersection,Normale,Deux véhicules - côté,4,2,2,0,1,1,1,0,1,50,2,2,1,0,0,1,8.0,53.0,deux_roues,voiture,1,2,1,1,3
202200033279,2022-06-16 14:40:00,2022,6,16,14,40,25,25031,,47.487395,6.839563,Plein jour,En agglomération,Hors intersection,Normale,Deux véhicules - frontale,4,2,2,0,1,1,1,0,1,50,2,3,1,0,0,2,26.0,44.0,transport_commun,voiture,1,2,1,1,1
202200033280,2022-01-21 13:55:00,2022,1,21,13,55,987,98745,"TAIPITI PK 3,500 coté montagne District de PATIO",-16.630833,-151.504028,Plein jour,Hors agglomération,Hors intersection,Normale,Deux véhicules - frontale,2,2,2,0,1,1,1,0,3,60,1,1,0,1,0,0,47.0,,voiture,,1,1,1,1,1
202200033281,2022-04-10 14:45:00,2022,4,10,14,45,35,35238,BULGARIE (BD DE),48.08467,-1.65706,Plein jour,En agglomération,Hors intersection,Normale,Autre collision,4,3,2,1,1,1,1,0,1,50,1,1,0,0,1,0,68.0,,voiture,,1,2,1,1,6
202200033282,2022-06-17 08:45:00,2022,6,17,8,45,25,25056,16 Rue Thomas Edison,47.23324,5.974517,Plein jour,En agglomération,Intersection en T,Normale,Deux véhicules - côté,4,2,2,1,1,1,1,0,5,50,2,2,1,0,0,1,22.0,72.0,deux_roues,voiture,1,2,3,1,3
202200033283,2022-01-21 20:00:00,2022,1,21,20,0,974,97416,Avenue de Bourbon,-21.336015,55.485153,Nuit avec éclairage allumé,En agglomération,Hors intersection,Normale,Deux véhicules - côté,4,2,2,0,1,1,1,0,1,50,2,2,1,0,1,0,64.0,26.0,voiture,deux_roues,5,2,1,1,3