accident_id,datetime,annee,mois,jour,heure,minute,departement,commune_insee,adresse,latitude,longitude,luminosite,agglomeration,intersection,meteo,collision,catr,circ,nbv,vosp,prof,plan,surf,infra,situ,vma,nb_vehicules,nb_usagers,nb_indemnes,nb_tues,nb_blesses_hosp,nb_blesses_legers,age_cond_1,age_cond_2,veh_type_cond_1,veh_type_cond_2,lum_code,agg_code,int_code,atm_code,col_code
202200033376,2022-04-10 16:30:00,2022,4,10,16,30,93,93001,Rue Lopez et Jules Martin,48.91463,2.399315,Plein jour,En agglomération,Place,Normale,Autre collision,4,2,2,0,1,1,1,6,1,30,1,2,1,0,0,1,33.0,,voiture,,1,2,7,1,6
202200033377,2022-06-17 21:20:00,2022,6,17,21,20,75,75112,BOULEVARD PONIATOWSKI,48.831846,2.397741,Plein jour,En agglomération,Intersection en X,Normale,Deux véhicules - côté,4,2,4,0,1,1,1,0,1,50,2,3,1,0,0,2,41.0,24.0,deux_roues,voiture,1,2,2,1,3
202200033378,2022-01-20 15:50:00,2022,1,20,15,50,78,78498,EISENHOWER AV DU GENERAL,48.92627,2.05127,Plein jour,En agglomération,Intersection en X,Normale,Autre collision,3,3,2,0,2,1,1,6,1,30,1,2,1,0,0,1,63.0,,voiture,,1,2,2,1,6
202200033379,2022-04-10 13:39:00,2022,4,10,13,39,92,92049,ARNOUX AVENUE MAURICE AUTRES N°,48.814984027,2.3109121621,Plein jour,En agglomération,Hors intersection,Normale,Sans collision,4,1,2,0,2,1,1,0,1,50,1,1,0,0,0,1,38.0,,deux_roues,,1,2,1,1,7
202200033380,2022-06-17 19:00:00,2022,6,17,19,0,75,75112,QUAI DE LA RAPEE,48.841438,2.373202,Plein jour,En agglomération,Hors intersection,Normale,Autre collision,4,-1,1,0,1,1,1,0,4,30,1,2,0,0,0,2,24.0,,deux_roues,,1,2,1,1,6
202200033381,2022-01-01 02:45:00,2022,1,1,2,45,76,76540,Rue de Bapeaume,49.4527975868,1.0566276311,Nuit avec éclairage allumé,En agglomération,Intersection en X,Normale,Deux véhicules - côté,7,2,3,0,1,1,1,0,1,50,2,2,1,0,0,1,22.0,,voiture,voiture,5,2,2,1,3
202200033382,2022-01-20 20:15:00,2022,1,20,20,15,74,74010,VAUGELAS,45.901,6.1217,Nuit avec éclairage allumé,En agglomération,Hors intersection,Normale,Autre collision,4,1,1,1,1,3,1,9,6,30,1,2,1,0,1,0,47.0,,transport_commun,,5,2,1,1,6
202200033383,2022-04-10 20:46:00,2022,4,10,20,46,92,92023,PORTE DE TRIVAUX (RUE DE) N°57 A 197 ET,48.7896128645,2.2528025061,Nuit avec éclairage allumé,En agglomération,Intersection en X,Normale,Deux véhicules - côté,3,-1,2,0,1,2,1,0,1,50,2,3,2,0,0,1,42.0,30.0,voiture,voiture,5,2,2,1,3
202200033384,2022-06-17 19:50:00,2022,6,17,19,50,75,75111,RUE LOUIS BONNET,48.870248,2.376503,Plein jour,En agglomération,Intersection en T,Normale,Autre collision,4,1,1,1,1,1,1,0,5,30,1,2,1,0,0,1,21.0,,deux_roues,,1,2,3,1,6
202200033385,2022-01-19 12:50:00,2022,1,19,12,50,72,72181,CUGNOT NICOLAS (BD),47.99598,0.22336,Plein jour,En agglomération,Hors intersection,Temps couvert,Deux véhicules - côté,4,3,4,0,2,1,1,0,1,70,2,2,1,0,0,1,32.0,50.0,voiture,utilitaire_camion,1,2,1,8,3
202200033386,2022-04-10 08:25:00,2022,4,10,8,25,974,97405,N2,-21.365308,55.547178,Plein jour,En agglomération,Hors intersection,Normale,Sans collision,2,2,2,0,2,1,1,0,4,50,1,1,0,0,1,0,25.0,,deux_roues,,1,2,1,1,7
202200033387,2022-06-17 16:50:00,2022,6,17,16,50,75,75110,PLACE DE LA BATAILLE DE STALINGRAD,48.88263,2.369949,Plein jour,En agglomération,Place,Normale,Deux véhicules - arrière,4,1,3,0,1,1,1,0,1,30,2,2,1,0,0,1,47.0,51.0,deux_roues,deux_roues,1,2,7,1,2
202200033388,2022-01-20 08:00:00,2022,1,20,8,0,69,69266,Cours Emile Zola,45.77006,4.87575,Plein jour,En agglomération,Intersection en X,Pluie légère,Autre collision,4,2,2,2,1,1,2,0,1,50,1,2,1,0,0,1,,,voiture,,1,2,2,2,6
202200033389,2022-04-09 22:25:00,2022,4,9,22,25,972,97219,Pointe Lamarre,14.782839,-61.214511,Nuit avec éclairage allumé,Hors agglomération,Autre intersection,Normale,Deux véhicules - frontale,3,2,2,0,1,3,1,9,1,50,2,2,1,0,1,0,23.0,47.0,deux_roues,voiture,5,1,9,1,1
202200033390,2022-04-10 20:40:00,2022,4,10,20,40,83,83085,Route de Figanières,43.508379,6.536352,Nuit sans éclairage public,Hors agglomération,Hors intersection,Normale,Sans collision,3,2,2,0,1,2,1,0,8,80,1,1,0,1,0,0,43.0,,deux_roues,,3,1,1,1,7
202200033391,2022-06-17 03:05:00,2022,6,17,3,5,75,75109,BOULEVARD HAUSSMANN,48.872942,2.333296,Nuit avec éclairage allumé,En agglomération,Intersection à plus de 4 branches,Normale,Deux véhicules - côté,4,1,3,0,1,1,1,0,1,30,2,2,0,0,0,2,50.0,30.0,deux_roues,deux_roues,5,2,5,1,3
202200033392,2022-01-20 13:45:00,2022,1,20,13,45,69,69264,Boulevard Gambetta,45.99024,4.71502,Plein jour,En agglomération,Hors intersection,Pluie légère,Deux véhicules - arrière,4,2,2,0,2,1,2,9,1,50,2,3,2,0,0,1,17.0,70.0,deux_roues,utilitaire_camion,1,2,1,2,2
202200033393,2022-04-11 11:50:00,2022,4,11,11,50,63,63013,"Le Creux du Lac, RD 2009",45.978923965,3.1816105843,Plein jour,Hors agglomération,Hors intersection,Normale,Autre collision,3,2,2,0,1,1,1,0,3,80,1,1,0,1,0,0,76.0,,voiture,,1,1,1,1,6
202200033394,2022-01-19 16:00:00,2022,1,19,16,0,69,69264,Avenue Theodore Braun,45.98158,4.74105,Plein jour,En agglomération,Intersection en T,Normale,Deux véhicules - côté,3,2,5,0,1,1,1,0,1,50,2,2,0,0,0,2,30.0,39.0,voiture,voiture,1,2,3,1,3
202200033395,2022-06-17 09:20:00,2022,6,17,9,20,75,75107,AVENUE GUSTAVE EIFFEL,48.857767,2.295141,Plein jour,En agglomération,Hors intersection,Normale,Autre collision,4,1,1,0,1,1,1,0,1,30,1,4,2,0,0,2,38.0,,voiture,,1,2,1,1,6
202200033396,2022-01-19 13:40:00,2022,1,19,13,40,67,67482,LIVIO (RUE),48.55237,7.74003,Plein jour,En agglomération,Intersection en T,Normale,Deux véhicules - côté,4,2,2,0,1,1,1,0,1,50,2,2,1,0,0,1,65.0,79.0,deux_roues,voiture,1,2,3,1,3
202200033397,2022-06-17 19:35:00,2022,6,17,19,35,75,75103,PLACE DE LA REPUBLIQUE,48.867338,2.363343,Plein jour,En agglomération,Place,Normale,Deux véhicules - côté,4,1,6,0,1,1,1,0,1,30,2,2,1,0,0,1,32.0,46.0,voiture,deux_roues,1,2,7,1,3
202200033398,2022-01-15 11:00:00,2022,1,15,11,0,65,65440,COGNAC (CHEMIN DE),43.23714,0.04576,Plein jour,En agglomération,Hors intersection,Normale,Deux véhicules - côté,4,-1,2,0,1,1,1,0,1,50,2,2,1,0,0,1,73.0,26.0,voiture,deux_roues,1,2,1,1,3
202200033399,2022-06-17 14:20:00,2022,6,17,14,20,75,75101,RUE DE RIVOLI,48.860789,2.3412,Plein jour,En agglomération,Intersection en T,Normale,Autre collision,4,2,3,1,1,1,1,0,5,30,1,1,0,0,0,1,60.0,,deux_roues,,1,2,3,1,6
202200033400,2022-04-11 09:10:00,2022,4,11,9,10,71,71444,Autoroute A6 PK 339+000 sens PARIS/LYON,46.723712,4.837804,Plein jour,Hors agglomération,Hors intersection,Normale,Deux véhicules - arrière,1,3,5,0,1,1,1,0,1,130,2,5,2,0,1,2,51.0,27.0,utilitaire_camion,utilitaire_camion,1,1,1,1,2
202200033401,2022-01-20 18:40:00,2022,1,20,18,40,64,64102,Rue Vainsot,43.4939386251,-1.454025507,Nuit avec éclairage allumé,En agglomération,Intersection en T,Pluie légère,Deux véhicules - côté,4,2,0,0,2,1,2,0,1,50,2,2,1,0,0,1,22.0,27.0,deux_roues,utilitaire_camion,5,2,3,2,3
202200033402,2022-06-17 14:00:00,2022,6,17,14,0,75,75101,AVENUE VICTORIA,48.85772,2.347775,Plein jour,En agglomération,Intersection en X,Normale,Deux véhicules - côté,4,1,2,2,1,1,1,5,5,30,2,2,1,0,0,1,34.0,,deux_roues,voiture,1,2,2,1,3
202200033403,2022-01-20 08:20:00,2022,1,20,8,20,64,64024,Rue des Cinq Cantons,43.48866,-1.5224,Crépuscule ou aube,En agglomération,Hors intersection,Pluie légère,Deux véhicules - côté,4,2,2,0,1,1,2,0,1,50,2,2,1,0,0,1,37.0,15.0,voiture,deux_roues,2,2,1,2,3
202200033404,2022-06-17 12:10:00,2022,6,17,12,10,75,75103,BOULEVARD DE SEBASTOPOL,48.866243,2.352531,Plein jour,En agglomération,Intersection en X,Normale,Deux véhicules - côté,4,1,4,3,1,1,1,5,6,30,2,2,1,0,0,1,,21.0,voiture,deux_roues,1,2,2,1,3
202200033405,2022-01-18 16:20:00,2022,1,18,16,20,63,63103,RD 227,45.91986,3.08412,Plein jour,Hors agglomération,Intersection en X,Normale,Deux véhicules - côté,3,4,3,0,1,1,1,5,1,80,2,2,1,0,1,0,33.0,78.0,voiture,voiture,1,1,2,1,3
202200033406,2022-06-15 19:00:00,2022,6,15,19,0,75,75104,BOULEVARD HENRI IV,48.852227,2.36604,Plein jour,En agglomération,Intersection en T,Normale,Deux véhicules - côté,4,2,4,0,1,1,1,0,1,30,2,2,1,0,0,1,14.0,48.0,deux_roues,deux_roues,1,2,3,1,3
202200033407,2022-04-09 13:30:00,2022,4,9,13,30,14,14579,A84,49.050323,-0.721096,Plein jour,Hors agglomération,Hors intersection,Normale,Trois véhicules et plus - en chaîne,1,3,4,0,2,1,1,0,1,130,6,15,12,0,1,2,28.0,80.0,voiture,voiture,1,1,1,1,4
202200033408,2022-06-17 20:40:00,2022,6,17,20,40,94,94081,FRATERNITE (R DE LA),48.80122,2.38513,Plein jour,En agglomération,Hors intersection,Normale,Deux véhicules - frontale,4,1,1,0,1,1,1,0,1,50,1,2,1,0,0,1,23.0,,voiture,,1,2,1,1,1
202200033409,2022-01-19 19:43:00,2022,1,19,19,43,63,63113,BLANZAT (RUE DE),45.78317,3.08422,Nuit avec éclairage non allumé,En agglomération,Intersection en X,Normale,Deux véhicules - côté,4,2,2,0,1,1,1,0,1,30,2,2,0,0,0,2,51.0,21.0,voiture,deux_roues,4,2,2,1,3
202200033410,2022-04-10 20:37:00,2022,4,10,20,37,83,83140,Dn7,43.408758,5.954804,Nuit sans éclairage public,Hors agglomération,Hors intersection,Normale,Deux véhicules - côté,3,2,2,0,1,2,1,0,1,80,2,2,0,0,0,2,41.0,19.0,voiture,voiture,3,1,1,1,3
202200033411,2022-06-17 00:10:00,2022,6,17,0,10,94,94081,JEAN JAURES (AV),48.79375,2.39875,Nuit avec éclairage allumé,En agglomération,Intersection en T,Normale,Deux véhicules - côté,3,2,1,0,1,1,1,5,1,50,2,2,1,0,0,1,25.0,41.0,deux_roues,voiture,5,2,3,1,3
202200033412,2022-01-10 18:25:00,2022,1,10,18,25,61,61006,BEREGOVOY (RUE PIERRE) COTE IMPAIR,48.75524,-0.01009,Nuit sans éclairage public,Hors agglomération,Hors intersection,Normale,Trois véhicules et plus - collisions multiples,3,2,2,0,2,1,1,0,1,90,3,3,2,0,1,0,87.0,27.0,voiture,voiture,3,1,1,1,5
202200033413,2022-04-10 16:55:00,2022,4,10,16,55,51,51570,D43,48.849383,3.689593,Plein jour,Hors agglomération,Hors intersection,Normale,Deux véhicules - côté,3,2,2,0,2,3,1,0,1,90,2,2,1,0,0,1,35.0,85.0,deux_roues,voiture,1,1,1,1,3
202200033414,2022-06-16 14:40:00,2022,6,16,14,40,94,94068,SAINT LOUIS (AV),48.7883,2.5064,Plein jour,En agglomération,Intersection en X,Normale,Deux véhicules - côté,4,2,2,0,1,1,1,0,1,30,2,2,1,0,0,1,54.0,51.0,voiture,deux_roues,1,2,2,1,3
202200033415,2022-01-18 10:55:00,2022,1,18,10,55,59,59178,SAINT JACQUES (RUE),50.3714,3.08455,Plein jour,En agglomération,Intersection en X,Normale,Autre collision,4,1,1,0,1,1,1,0,1,30,1,2,1,0,1,0,23.0,,voiture,,1,2,2,1,6
202200033416,2022-04-11 18:35:00,2022,4,11,18,35,51,51178,D54,48.8232444932,4.3808627129,Plein jour,Hors agglomération,Hors intersection,Normale,Sans collision,3,2,2,0,1,2,1,0,3,80,1,1,0,0,0,1,19.0,,deux_roues,,1,1,1,1,7
202200033417,2022-01-19 14:15:00,2022,1,19,14,15,59,59178,RD 643,50.3559118623,3.0820512772,Plein jour,En agglomération,Hors intersection,Normale,Autre collision,3,2,2,0,3,1,1,2,1,50,1,2,1,0,0,1,73.0,,voiture,,1,2,1,1,6
202200033418,2022-06-17 10:10:00,2022,6,17,10,10,94,94068,DENIS PAPIN (AV),48.79388,2.49229,Plein jour,En agglomération,Intersection en T,Normale,Deux véhicules - frontale,4,2,2,0,1,1,1,0,1,30,1,2,1,1,0,0,58.0,,utilitaire_camion,,1,2,3,1,1
202200033419,2022-04-11 09:45:00,2022,4,11,9,45,56,56206,Départementale 767,47.69559,-2.76517,Plein jour,Hors agglomération,Hors intersection,Normale,Autre collision,3,3,4,0,1,3,1,3,1,90,1,1,0,0,0,1,72.0,,voiture,,1,1,1,1,6
202200033420,2022-01-19 16:10:00,2022,1,19,16,10,56,56107,2 Rue de Kerhoas,47.72649,-3.38415,Plein jour,En agglomération,Hors intersection,Temps couvert,Autre collision,4,3,2,0,1,1,2,0,1,50,1,2,1,0,1,0,37.0,,voiture,,1,2,1,8,6
202200033421,2022-04-11 14:55:00,2022,4,11,14,55,74,74282,Route de la Louvatière (thorens-Glieres),45.980882,6.273021,Plein jour,Hors agglomération,Hors intersection,Temps éblouissant,Autre collision,4,2,2,0,2,1,1,0,1,50,1,2,1,0,0,1,70.0,,deux_roues,,1,1,1,7,6
202200033422,2022-06-16 12:20:00,2022,6,16,12,20,94,94042,EUROPE (BD DE L),48.81494,2.46324,Plein jour,Hors agglomération,Intersection en X,Normale,Deux véhicules - côté,3,2,4,0,1,1,1,0,1,50,2,2,1,0,0,1,37.0,35.0,voiture,deux_roues,1,1,2,1,3
202200033423,2022-01-20 23:29:00,2022,1,20,23,29,54,54395,MARIN (VIADUC LOUIS),48.70211,6.19149,Nuit avec éclairage allumé,En agglomération,Hors intersection,Pluie légère,Autre collision,4,2,4,0,2,1,2,2,1,50,1,2,0,0,0,2,33.0,,voiture,,5,2,1,2,6
202200033424,2022-06-15 13:56:00,2022,6,15,13,56,94,94058,Avenue Pierre Brossolette,48.83526,2.49865,Plein jour,En agglomération,Hors intersection,Normale,Deux véhicules - côté,3,-1,2,0,1,1,1,0,1,50,2,2,1,0,0,1,15.0,42.0,deux_roues,voiture,1,2,1,1,3
202200033425,2022-04-11 07:50:00,2022,4,11,7,50,67,67196,1 Rue de bindernheim,48.290567,7.568314,Crépuscule ou aube,En agglomération,Intersection en T,Normale,Deux véhicules - côté,3,2,2,0,1,3,1,0,1,50,2,2,1,0,1,0,24.0,38.0,deux_roues,utilitaire_camion,2,2,3,1,3
202200033426,2022-01-20 12:55:00,2022,1,20,12,55,54,54395,BAZIN (RUE HENRI) + (SENTIER),48.696227,6.191752,Plein jour,En agglomération,Intersection en T,Normale,Deux véhicules - côté,4,1,2,2,1,1,1,0,1,50,2,2,1,0,0,1,39.0,,deux_roues,voiture,1,2,3,1,3
202200033427,2022-04-11 10:40:00,2022,4,11,10,40,76,76748,Route de Crosville,49.8122,0.628839,Plein jour,Hors agglomération,Hors intersection,Normale,Sans collision,3,2,2,0,2,1,1,0,3,80,1,1,0,0,0,1,28.0,,voiture,,1,1,1,1,7
202200033428,2022-06-17 03:40:00,2022,6,17,3,40,94,94046,GENERAL DE GAULLE (AV DU),48.8116301376,2.4224424362,Nuit avec éclairage allumé,En agglomération,Intersection en T,Normale,Deux véhicules - frontale,3,2,4,0,1,1,1,0,8,50,2,2,1,0,0,1,,,voiture,,5,2,3,1,1
202200033429,2022-01-14 18:45:00,2022,1,14,18,45,54,54451,Rue de Boismont,49.504349,5.753127,Crépuscule ou aube,En agglomération,Intersection en X,Temps couvert,Autre collision,4,2,2,0,4,2,2,0,1,50,1,1,0,0,0,1,61.0,,voiture,,2,2,2,8,6
202200033430,2022-06-17 10:45:00,2022,6,17,10,45,94,94076,STALINGRAD (AV DE),48.7856,2.3667,Plein jour,En agglomération,Hors intersection,Normale,Deux véhicules - côté,3,2,1,2,1,1,1,0,5,50,2,2,1,0,0,1,23.0,39.0,voiture,deux_roues,1,2,1,1,3
202200033431,2022-04-10 20:30:00,2022,4,10,20,30,79,79174,,46.214127,-0.15722,Plein jour,Hors agglomération,Hors intersection,Normale,Deux véhicules - arrière,3,2,3,0,4,2,1,0,1,90,2,2,1,1,0,0,49.0,21.0,deux_roues,voiture,1,1,1,1,2
202200033432,2022-01-12 17:10:00,2022,1,12,17,10,54,54323,PAIX (AVENUE),49.52918,5.76314,Crépuscule ou aube,En agglomération,Intersection en X,Brouillard / fumée,Autre collision,3,2,2,0,1,1,1,0,1,50,1,2,1,0,0,1,54.0,,voiture,,2,2,2,5,6
202200033433,2022-06-17 08:10:00,2022,6,17,8,10,94,94003,ARISTIDE BRIAND (AV),48.80773,2.32647,Plein jour,En agglomération,Hors intersection,Normale,Deux véhicules - côté,3,2,4,1,1,1,1,0,1,50,2,2,1,0,0,1,40.0,60.0,deux_roues,voiture,1,2,1,1,3
202200033434,2022-01-20 11:28:00,2022,1,20,11,28,51,51454,Boulevard Jamin,49.26299,4.04497,Plein jour,En agglomération,Intersection en T,Normale,Sans collision,4,2,2,0,2,1,1,0,1,50,1,2,1,0,0,1,58.0,,voiture,,1,2,3,1,7
202200033435,2022-04-09 16:30:00,2022,4,9,16,30,79,79241,,46.458762,-0.377419,Plein jour,Hors agglomération,Hors intersection,Normale,Sans collision,3,2,3,0,1,1,1,0,3,90,1,2,1,0,1,0,30.0,,voiture,,1,1,1,1,7
202200033436,2022-06-17 09:00:00,2022,6,17,9,0,94,94041,REPUBLIQUE (AV DE LA),48.80496,2.39457,Plein jour,En agglomération,Hors intersection,Normale,Deux véhicules - côté,3,2,2,0,1,1,1,0,1,30,2,2,0,0,1,1,54.0,53.0,deux_roues,deux_roues,1,2,1,1,3
202200033437,2022-04-11 03:30:00,2022,4,11,3,30,2B,2B346,route du village - lieu dit poloneto,42.499255,9.450479,Nuit avec éclairage allumé,En agglomération,Hors intersection,Normale,Autre collision,3,2,2,0,2,2,1,0,1,50,1,1,0,1,0,0,51.0,,voiture,,5,2,1,1,6
202200033438,2022-06-15 18:00:00,2022,6,15,18,0,94,94028,Avenue de Verdun,48.79865,2.46511,Plein jour,En agglomération,Hors intersection,Normale,Deux véhicules - côté,3,3,4,0,1,1,1,0,1,50,2,2,1,0,0,1,66.0,,deux_roues,utilitaire_camion,1,2,1,1,3
202200033439,2022-01-20 10:10:00,2022,1,20,10,10,51,51058,Avenue François Jacob,49.2185004901,4.004027521,Plein jour,En agglomération,Passage à niveau,Normale,Deux véhicules - côté,4,2,2,0,1,1,2,4,6,50,2,2,0,0,0,2,42.0,34.0,transport_commun,voiture,1,2,8,1,3
202200033440,2022-04-10 07:35:00,2022,4,10,7,35,80,80362,1 Hameau de Infray,49.983537,1.63015,Plein jour,En agglomération,Intersection en X,Normale,Autre collision,3,2,2,0,1,1,1,0,8,70,1,3,0,1,2,0,31.0,,voiture,,1,2,2,1,6
202200033441,2022-06-17 07:05:00,2022,6,17,7,5,93,93078,Avenue Georges Clémenceau / Avenue Charles de Gaulle,48.95845,2.55823,Plein jour,En agglomération,Intersection en X,Temps éblouissant,Deux véhicules - côté,3,3,4,0,1,1,1,5,1,50,2,2,1,0,0,1,48.0,31.0,deux_roues,voiture,1,2,2,7,3
202200033442,2022-04-11 07:35:00,2022,4,11,7,35,89,89345,RN77,47.996672,3.735158,Plein jour,Hors agglomération,Intersection en Y,Normale,Deux véhicules - frontale,2,2,3,0,1,1,1,5,1,70,2,2,1,1,0,0,57.0,29.0,voiture,deux_roues,1,1,4,1,1
202200033443,2022-06-17 20:40:00,2022,6,17,20,40,93,93066,Rue Henri Barbusse,48.9436962835,2.3723575473,Plein jour,En agglomération,Hors intersection,Normale,Autre collision,3,2,2,0,1,1,1,0,1,50,1,2,1,0,0,1,38.0,,voiture,,1,2,1,1,6
202200033444,2022-01-20 09:45:00,2022,1,20,9,45,37,37261,SAINT FRANCOIS (RUE),47.3803283065,0.6664055586,Plein jour,En agglomération,Intersection en T,Normale,Deux véhicules - côté,4,2,2,0,1,1,2,0,1,50,2,2,1,0,0,1,33.0,22.0,voiture,voiture,1,2,3,1,3
202200033445,2022-06-17 08:18:00,2022,6,17,8,18,93,93066,Rue de Strasbourg,48.93596,2.368969,Plein jour,En agglomération,Hors intersection,Normale,Autre collision,4,2,4,3,1,2,1,9,6,25,1,2,1,0,0,1,24.0,,transport_commun,,1,2,1,1,6
202200033446,2022-04-11 14:00:00,2022,4,11,14,0,55,55265,route départementale 903,49.096492,5.784645,Plein jour,Hors agglomération,Hors intersection,Normale,Deux véhicules - frontale,3,2,2,0,1,2,1,0,1,90,2,2,1,0,0,1,21.0,49.0,voiture,utilitaire_camion,1,1,1,1,1
202200033447,2022-06-17 12:54:00,2022,6,17,12,54,93,93053,Boulevard de la République,48.894157,2.46393,Plein jour,En agglomération,Hors intersection,Normale,Deux véhicules - arrière,4,2,2,0,1,1,1,0,1,50,2,3,2,0,0,1,43.0,18.0,voiture,utilitaire_camion,1,2,1,1,2
202200033448,2022-01-20 19:10:00,2022,1,20,19,10,35,35238,N136,48.11028,-1.71805,Nuit sans éclairage public,Hors agglomération,Hors intersection,Normale,Deux véhicules - arrière,2,3,6,0,1,1,1,0,1,90,2,2,0,0,0,2,30.0,57.0,voiture,utilitaire_camion,3,1,1,1,2
202200033449,2022-04-11 02:30:00,2022,4,11,2,30,12,12208,D999 - PK 59+980,43.9487319013,2.9013542533,Nuit sans éclairage public,En agglomération,Hors intersection,Normale,Autre collision,3,2,2,0,2,3,1,2,1,50,1,1,0,0,1,0,34.0,,voiture,,3,2,1,1,6
202200033450,2022-06-15 16:00:00,2022,6,15,16,0,93,93053,Rue Paul Vaillant Couturier / Rue du Parc,48.8919,2.44482,Plein jour,En agglomération,Intersection en X,Normale,Deux véhicules - côté,3,2,2,0,1,1,1,0,1,50,2,2,1,0,0,1,40.0,45.0,deux_roues,voiture,1,2,2,1,3
202200033451,2022-04-10 17:30:00,2022,4,10,17,30,41,41051,d176,47.341956,1.164347,Plein jour,En agglomération,Passage à niveau,Normale,Deux véhicules - côté,3,2,2,0,3,2,1,4,8,50,2,2,1,0,1,0,73.0,28.0,voiture,transport_commun,1,2,8,1,3
202200033452,2022-06-17 18:15:00,2022,6,17,18,15,93,93048,Rue de Stalingrad,48.8571176458,2.4446157218,Plein jour,En agglomération,Hors intersection,Normale,Deux véhicules - côté,4,2,2,0,2,1,1,0,1,50,2,2,1,0,0,1,32.0,38.0,voiture,deux_roues,1,2,1,1,3
202200033453,2022-01-20 14:45:00,2022,1,20,14,45,31,31555,BD DE LA MARQUETTE,43.61101,1.42019,Plein jour,En agglomération,Hors intersection,Normale,Deux véhicules - côté,4,1,0,0,1,1,1,5,1,50,2,4,3,0,0,1,24.0,24.0,voiture,voiture,1,2,1,1,3
202200033454,2022-04-11 08:00:00,2022,4,11,8,0,68,68091,D3b,47.919074,7.494907,Plein jour,Hors agglomération,Hors intersection,Normale,Deux véhicules - côté,3,2,2,0,1,1,1,0,1,80,2,2,1,0,0,1,21.0,57.0,voiture,deux_roues,1,1,1,1,3
202200033455,2022-06-16 18:00:00,2022,6,16,18,0,93,93063,Rue des Bas Pays,48.8885033637,2.4372340142,Plein jour,En agglomération,Hors intersection,Normale,Autre collision,4,1,1,1,1,2,1,0,3,50,1,2,1,0,0,1,,,voiture,,1,2,1,1,6
202200033456,2022-06-16 16:30:00,2022,6,16,16,30,93,93063,Rue Jean Jaurès,48.879357,2.444158,Plein jour,En agglomération,Hors intersection,Normale,Autre collision,4,2,2,0,1,1,1,0,1,50,1,2,1,0,0,1,69.0,,voiture,,1,2,1,1,6
202200033457,2022-04-11 14:15:00,2022,4,11,14,15,22,22229,Les Isles,48.267991,-3.276694,Plein jour,Hors agglomération,Intersection en T,Normale,Trois véhicules et plus - en chaîne,3,2,2,0,1,1,1,0,1,80,3,3,2,1,0,0,54.0,59.0,utilitaire_camion,voiture,1,1,3,1,4
202200033458,2022-06-17 13:30:00,2022,6,17,13,30,93,93027,Avenue Roger Salengro,48.93853,2.38792,Plein jour,Hors agglomération,Hors intersection,Normale,Trois véhicules et plus - collisions multiples,3,3,6,0,1,1,1,0,1,50,3,5,4,0,0,1,29.0,42.0,deux_roues,utilitaire_camion,1,1,1,1,5
202200033459,2022-04-09 19:06:00,2022,4,9,19,6,44,44067,10 Juzet,47.627476,-1.787488,Crépuscule ou aube,Hors agglomération,Hors intersection,Normale,Deux véhicules - arrière,3,2,2,0,1,4,1,0,1,-1,2,4,0,1,1,2,75.0,37.0,voiture,voiture,2,1,1,1,2
202200033460,2022-06-17 08:40:00,2022,6,17,8,40,93,93046,Rue du Docteur Roux,48.9335282643,2.5514861942,Plein jour,En agglomération,Hors intersection,Normale,Autre collision,3,2,2,0,1,1,1,0,1,50,1,2,1,0,0,1,33.0,,voiture,,1,2,1,1,6
202200033461,2022-04-11 11:00:00,2022,4,11,11,0,29,29020,D50 ,48.085343,-3.97108,Plein jour,Hors agglomération,Intersection en X,Normale,Deux véhicules - côté,3,2,2,0,4,2,1,5,1,50,2,2,1,0,0,1,17.0,31.0,deux_roues,voiture,1,1,2,1,3
202200033462,2022-06-17 14:40:00,2022,6,17,14,40,93,93001,Avenue du Président Roosevelt,48.9173432686,2.3794888705,Plein jour,En agglomération,Autre intersection,Normale,Deux véhicules - côté,3,2,2,0,1,1,1,0,1,50,2,2,1,0,0,1,45.0,45.0,voiture,deux_roues,1,2,9,1,3
202200033463,2022-04-10 18:10:00,2022,4,10,18,10,29,29220,Rue du Général de Gaulle,47.861574,-4.219013,Plein jour,En agglomération,Intersection en T,Normale,Deux véhicules - côté,4,2,2,0,1,1,1,0,1,50,2,2,1,0,0,1,73.0,16.0,voiture,deux_roues,1,2,3,1,3
202200033464,2022-06-17 11:40:00,2022,6,17,11,40,93,93001,Rue Paul Bert,48.909115,2.389232,Plein jour,En agglomération,Hors intersection,Normale,Autre collision,4,1,1,0,1,1,1,6,1,30,1,2,1,0,0,1,32.0,,utilitaire_camion,,1,2,1,1,6
202200033465,2022-04-10 15:50:00,2022,4,10,15,50,84,84017,Parking,44.129554,5.288029,Plein jour,Hors agglomération,Hors intersection,Temps éblouissant,Deux véhicules - côté,3,2,2,0,2,3,1,0,1,80,2,2,1,0,1,0,48.0,55.0,voiture,deux_roues,1,1,1,7,3
202200033466,2022-06-17 08:15:00,2022,6,17,8,15,92,92073,CROIX-DU-ROY (CARREFOUR DE LA),48.86175,2.21265,Plein jour,En agglomération,Autre intersection,Normale,Deux véhicules - côté,3,2,6,0,2,1,1,0,1,50,2,2,1,0,0,1,42.0,50.0,deux_roues,deux_roues,1,2,9,1,3
202200033467,2022-04-11 15:50:00,2022,4,11,15,50,01,01335,1243 Route de la Dombes,46.106878,5.074289,Plein jour,Hors agglomération,Hors intersection,Vent fort / tempête,Autre collision,3,-1,2,0,1,2,1,0,3,80,1,1,0,1,0,0,23.0,,voiture,,1,1,1,6,6
202200033468,2022-06-17 15:35:00,2022,6,17,15,35,92,92076,EGLISE,48.839435,2.158686,Plein jour,En agglomération,Hors intersection,Normale,Autre collision,4,2,2,0,1,1,1,0,4,50,1,1,0,0,0,1,80.0,,voiture,,1,2,1,1,6