accident_id,datetime,annee,mois,jour,heure,minute,departement,commune_insee,adresse,latitude,longitude,luminosite,agglomeration,intersection,meteo,collision,catr,circ,nbv,vosp,prof,plan,surf,infra,situ,vma,nb_vehicules,nb_usagers,nb_indemnes,nb_tues,nb_blesses_hosp,nb_blesses_legers,age_cond_1,age_cond_2,veh_type_cond_1,veh_type_cond_2,lum_code,agg_code,int_code,atm_code,col_code
202200033562,2022-06-17 14:50:00,2022,6,17,14,50,973,97304,RN 1 - PK 76.7,5.1222905116,-52.8132748604,Plein jour,Hors agglomération,Hors intersection,Pluie forte,Sans collision,2,2,2,0,1,2,2,0,3,80,1,5,0,0,3,2,38.0,,voiture,,1,1,1,3,7
202200033563,2022-04-09 15:15:00,2022,4,9,15,15,94,94018,A4,48.81737,2.41874,Plein jour,Hors agglomération,Hors intersection,Normale,Autre collision,1,3,5,0,1,3,1,9,1,90,3,3,1,0,0,2,34.0,41.0,voiture,voiture,1,1,1,1,6
202200033564,2022-06-18 06:00:00,2022,6,18,6,0,973,97305,PK 14.500,4.932209,-52.400408,Crépuscule ou aube,Hors agglomération,Hors intersection,Normale,Deux véhicules - frontale,2,2,2,0,1,1,1,0,3,80,2,3,0,0,0,3,34.0,58.0,voiture,utilitaire_camion,2,1,1,1,1
202200033565,2022-06-17 14:00:00,2022,6,17,14,0,972,97230,D2,14.761225,-60.915386,Plein jour,En agglomération,Hors intersection,Normale,Sans collision,3,2,2,0,1,1,1,0,4,50,1,2,1,0,1,0,44.0,,deux_roues,,1,2,1,1,7
202200033566,2022-04-09 13:30:00,2022,4,9,13,30,75,75112,A4,48.819505,2.458748,Plein jour,Hors agglomération,Hors intersection,Normale,Deux véhicules - côté,1,3,3,0,1,2,1,0,1,90,2,4,2,0,0,2,22.0,,voiture,voiture,1,1,1,1,3
202200033567,2022-04-09 14:15:00,2022,4,9,14,15,54,54184,SOIXANTE NEUVIEME R.I. (AVENUE DU),48.7086719309,6.2381315231,Plein jour,En agglomération,Hors intersection,Normale,Autre collision,4,2,2,0,1,1,1,0,1,50,1,2,1,0,0,1,89.0,,voiture,,1,2,1,1,6
202200033568,2022-06-17 09:40:00,2022,6,17,9,40,77,77508,D21,48.816006,2.849836,Plein jour,Hors agglomération,Hors intersection,Normale,Deux véhicules - côté,3,2,2,0,1,1,1,0,1,80,2,2,1,0,0,1,75.0,24.0,deux_roues,voiture,1,1,1,1,3
202200033569,2022-06-16 15:50:00,2022,6,16,15,50,91,91228,route départementale 47,48.629403,2.440398,Plein jour,Hors agglomération,Hors intersection,Normale,Sans collision,3,-1,2,0,2,3,1,0,3,70,1,1,0,0,1,0,31.0,,deux_roues,,1,1,1,1,7
202200033570,2022-04-09 10:35:00,2022,4,9,10,35,988,98818,RUE DE SEBASTOPOL/RUE EUGENE PORCHERON,-22.27537,166.44382,Plein jour,En agglomération,Intersection en X,Normale,Sans collision,4,1,1,0,1,1,1,0,1,50,1,1,0,0,1,0,18.0,,deux_roues,,1,2,2,1,7
202200033571,2022-06-16 16:45:00,2022,6,16,16,45,2B,2B134,Avenue Paul Doumer,42.632333,8.942136,Plein jour,En agglomération,Hors intersection,Normale,Deux véhicules - côté,2,2,2,0,1,1,1,0,1,50,1,2,1,0,0,1,32.0,,voiture,,1,2,1,1,3
202200033572,2022-04-08 17:08:00,2022,4,8,17,8,976,97611,tsoundzou-Mariage (place -tsoundzou 2),-12.80623,45.20604,Plein jour,En agglomération,Hors intersection,Normale,Autre collision,2,2,2,0,1,1,1,0,1,30,1,2,1,0,0,1,28.0,,voiture,,1,2,1,1,6
202200033573,2022-06-17 23:50:00,2022,6,17,23,50,2A,2A247,La Trinite,41.623014,9.288082,Nuit sans éclairage public,Hors agglomération,Hors intersection,Normale,Deux véhicules - frontale,2,2,2,0,2,3,1,0,1,80,2,4,1,0,1,2,20.0,23.0,voiture,voiture,3,1,1,1,1
202200033574,2022-04-09 21:00:00,2022,4,9,21,0,974,97416,RN3 (ANCIENNE ROUTE),-21.30816,55.49861,Nuit sans éclairage public,Hors agglomération,Hors intersection,Normale,Deux véhicules - côté,2,1,2,0,2,1,1,0,2,110,2,2,1,0,0,1,25.0,46.0,voiture,utilitaire_camion,3,1,1,1,3
202200033575,2022-04-09 20:30:00,2022,4,9,20,30,973,97302,BADUEL (ROUTE DE),4.92766,-52.29167,Nuit avec éclairage non allumé,En agglomération,Hors intersection,Normale,Deux véhicules - côté,3,2,2,0,1,1,1,0,1,50,2,3,1,0,0,2,25.0,49.0,deux_roues,voiture,4,2,1,1,3
202200033576,2022-06-15 11:55:00,2022,6,15,11,55,34,34157,D5e8,43.456494,3.594815,Plein jour,Hors agglomération,Hors intersection,Normale,Autre collision,3,2,2,0,1,1,1,0,3,70,1,1,0,1,0,0,44.0,,voiture,,1,1,1,1,6
202200033577,2022-04-09 17:30:00,2022,4,9,17,30,69,69387,Boulevard des Tchécoslovaques,45.7411206146,4.8563458009,Plein jour,En agglomération,Hors intersection,Normale,Deux véhicules - côté,4,2,2,3,1,1,1,0,1,50,2,3,1,0,0,2,37.0,31.0,voiture,voiture,1,2,1,1,3
202200033578,2022-04-09 02:00:00,2022,4,9,2,0,972,97209,BEAUSEJOUR JAMBETTE (ROUTE),14.64047,-61.04175,Nuit avec éclairage allumé,Hors agglomération,Hors intersection,Pluie légère,Sans collision,3,2,2,0,1,3,2,9,1,50,1,1,0,0,1,0,29.0,,deux_roues,,5,1,1,2,7
202200033579,2022-06-17 20:20:00,2022,6,17,20,20,84,84122,Départementale 950,44.092193,4.958289,Plein jour,Hors agglomération,Hors intersection,Temps éblouissant,Deux véhicules - frontale,3,2,2,0,1,2,1,0,1,80,2,2,0,0,1,1,57.0,25.0,voiture,voiture,1,1,1,7,1
202200033580,2022-04-08 21:42:00,2022,4,8,21,42,971,97120,VATABLE,16.236802184,-61.5321815014,Nuit avec éclairage allumé,En agglomération,Intersection en X,Normale,Deux véhicules - côté,4,1,1,0,1,1,1,0,1,50,2,2,1,0,1,0,21.0,38.0,voiture,voiture,5,2,2,1,3
202200033581,2022-04-09 22:15:00,2022,4,9,22,15,2A,2A004,BONAPARTE CHARLES  BD,41.93205,8.74068,Nuit avec éclairage allumé,En agglomération,Intersection en Y,Normale,Deux véhicules - côté,2,3,4,0,1,1,1,5,1,50,2,3,1,0,1,1,26.0,35.0,voiture,deux_roues,5,2,4,1,3
202200033582,2022-04-09 19:20:00,2022,4,9,19,20,91,91691,CORNEILLE(RUE),48.69656,2.48057,Plein jour,En agglomération,Intersection en X,Normale,Deux véhicules - côté,4,2,2,0,1,1,1,0,1,30,2,2,1,0,0,1,19.0,34.0,deux_roues,voiture,1,2,2,1,3
202200033583,2022-04-09 22:00:00,2022,4,9,22,0,83,83129,CAPITAINERIE DU PORT DE LA COUDOULIERE,43.0964348727,5.8126362562,Nuit avec éclairage allumé,En agglomération,Intersection en T,Normale,Deux véhicules - côté,7,1,4,1,2,1,1,0,1,30,2,3,1,0,0,2,21.0,22.0,voiture,deux_roues,5,2,3,1,3
202200033584,2022-04-08 18:15:00,2022,4,8,18,15,78,78299,ETANGS PRES (AVENUE DES),49.00959,1.90205,Crépuscule ou aube,En agglomération,Intersection en T,Neige / grêle,Deux véhicules - arrière,3,3,4,0,1,1,4,0,1,50,2,2,1,0,0,1,27.0,44.0,voiture,deux_roues,2,2,3,4,2
202200033585,2022-04-09 14:20:00,2022,4,9,14,20,59,59410,ROUSSEAU JEAN JACQUES RUE,50.6383727165,3.1012816429,Plein jour,En agglomération,Hors intersection,Normale,Deux véhicules - côté,4,2,2,0,1,1,1,0,1,30,2,2,1,0,0,1,60.0,28.0,voiture,deux_roues,1,2,1,1,3
202200033586,2022-04-05 15:25:00,2022,4,5,15,25,59,59009,MONS BOULEVARD DE,50.643683,3.13579,Plein jour,En agglomération,Hors intersection,Normale,Autre collision,6,-1, -1,0,1,1,1,9,6,50,1,2,1,0,1,0,38.0,,voiture,,1,2,1,1,6
202200033587,2022-04-09 16:00:00,2022,4,9,16,0,51,51573,Avenue Bonaparte,49.2454715294,3.992087245,Plein jour,En agglomération,Hors intersection,Normale,Deux véhicules - arrière,4,2,2,0,1,1,1,0,1,50,2,2,1,0,0,1,17.0,22.0,deux_roues,voiture,1,2,1,1,2
202200033588,2022-04-09 15:45:00,2022,4,9,15,45,51,51454,Rue Frédéric Jacob,49.27985,4.00817,Plein jour,En agglomération,Hors intersection,Normale,Trois véhicules et plus - en chaîne,4,3,4,0,1,1,1,0,1,70,3,3,2,0,0,1,23.0,42.0,voiture,voiture,1,2,1,1,4
202200033589,2022-04-09 10:28:00,2022,4,9,10,28,49,49007,ARBRISSEL,47.44345,-0.56237,Plein jour,En agglomération,Hors intersection,Temps éblouissant,Autre collision,4,2,4,3,1,1,1,0,1,50,1,3,2,0,1,0,85.0,,voiture,,1,2,1,7,6
202200033590,2022-04-09 01:03:00,2022,4,9,1,3,49,49267,Route d'ANGERS,47.46805,-0.50446,Nuit avec éclairage allumé,En agglomération,Hors intersection,Normale,Sans collision,4,2,2,0,1,1,1,0,1,50,1,1,0,0,0,1,32.0,,voiture,,5,2,1,1,7
202200033591,2022-04-09 21:45:00,2022,4,9,21,45,44,44109,N844,47.24611,-1.49955,Nuit sans éclairage public,En agglomération,Hors intersection,Normale,Deux véhicules - côté,2,3,4,0,1,1,1,0,1,80,2,3,0,0,0,3,33.0,48.0,voiture,voiture,3,2,1,1,3
202200033592,2022-04-09 14:20:00,2022,4,9,14,20,44,44109,RdPt de Paris,47.233854,-1.535916,Plein jour,En agglomération,Giratoire,Normale,Deux véhicules - côté,4,2,2,2,1,1,1,0,1,50,2,3,1,0,0,2,44.0,20.0,deux_roues,voiture,1,2,6,1,3
202200033593,2022-04-09 01:00:00,2022,4,9,1,0,42,42316,Rue Charles de Gaulle,45.4080119303,4.2545762211,Nuit sans éclairage public,En agglomération,Giratoire,Temps couvert,Sans collision,7,2,2,0,1,3,1,0,1,70,1,3,0,0,1,2,40.0,,voiture,,3,2,6,8,7
202200033594,2022-04-09 05:20:00,2022,4,9,5,20,35,35055,N136,48.0937167896,-1.6239742935,Nuit sans éclairage public,Hors agglomération,Hors intersection,Normale,Deux véhicules - arrière,2,3,6,0,1,1,1,0,1,90,2,2,1,0,0,1,28.0,36.0,deux_roues,voiture,3,1,1,1,2
202200033595,2022-04-09 19:40:00,2022,4,9,19,40,34,34172,GRAND MAIL (LE),43.6242789665,3.8166071089,Plein jour,En agglomération,Hors intersection,Normale,Autre collision,4,-1,2,0,1,1,1,0,1,30,1,2,1,0,1,0,34.0,,voiture,,1,2,1,1,6
202200033596,2022-04-09 00:10:00,2022,4,9,0,10,33,33529,D259,44.603677,-1.169921,Nuit sans éclairage public,Hors agglomération,Hors intersection,Normale,Autre collision,3,2,3,3,1,1,1,9,1,80,1,1,0,0,0,1,22.0,,voiture,,3,1,1,1,6
202200033597,2022-04-09 02:30:00,2022,4,9,2,30,26,26281,FIGUET ADOLPHE (AVENUE),45.043428,5.061123,Nuit avec éclairage allumé,En agglomération,Intersection en T,Normale,Deux véhicules - côté,4,2,2,0,2,1,1,0,1,50,2,3,1,0,2,0,23.0,18.0,voiture,voiture,5,2,3,1,3
202200033598,2022-04-09 21:35:00,2022,4,9,21,35,18,18279,3 Rue Gourdon,47.224283,2.067967,Nuit avec éclairage allumé,En agglomération,Intersection en X,Normale,Deux véhicules - côté,4,2,1,0,4,1,1,0,1,50,2,2,1,0,0,1,36.0,17.0,voiture,deux_roues,5,2,2,1,3
202200033599,2022-11-05 18:15:00,2022,11,5,18,15,42,42044,Rue de l’Ondaine,45.39681,4.29647,Nuit avec éclairage allumé,En agglomération,Intersection en X,Normale,Trois véhicules et plus - collisions multiples,4,2,2,0,1,1,1,0,1,50,3,8,5,0,0,3,78.0,30.0,voiture,voiture,5,2,2,1,5
202200033600,2022-11-05 18:15:00,2022,11,5,18,15,38,38151,AVENUE DES ÉTATS GÉNÉRAUX,45.15261,5.71849,Nuit avec éclairage allumé,En agglomération,Hors intersection,Normale,Deux véhicules - frontale,4,2,2,0,1,1,1,0,1,50,2,3,1,0,0,2,16.0,56.0,deux_roues,voiture,5,2,1,1,1
202200033601,2022-11-05 15:50:00,2022,11,5,15,50,38,38185,STALINGRAD (RUE DE),45.1751,5.72569,Plein jour,En agglomération,Hors intersection,Normale,Deux véhicules - côté,4,3,2,0,1,1,1,8,1,50,2,2,1,0,0,1,34.0,14.0,utilitaire_camion,deux_roues,1,2,1,1,3
202200033602,2022-11-05 16:35:00,2022,11,5,16,35,35,35238,N136,48.0827792311,-1.6978441292,Plein jour,Hors agglomération,Hors intersection,Temps couvert,Deux véhicules - arrière,2,3,4,0,4,1,1,0,1,90,2,2,1,0,0,1,24.0,23.0,voiture,voiture,1,1,1,8,2
202200033603,2022-11-05 19:39:00,2022,11,5,19,39,31,31555,AV CRAMPEL,43.58573,1.45565,Nuit avec éclairage allumé,En agglomération,Intersection en T,Normale,Deux véhicules - côté,4,2,2,1,1,1,1,0,1,50,2,5,4,0,0,1,55.0,32.0,voiture,deux_roues,5,2,3,1,3
202200033604,2022-11-05 18:50:00,2022,11,5,18,50,28,28085,COURTILLE (BOULEVARD DE LA),48.44189,1.49063,Nuit avec éclairage allumé,En agglomération,Hors intersection,Pluie légère,Deux véhicules - arrière,3,2,1,0,1,1,2,0,1,30,2,2,1,0,0,1,43.0,61.0,deux_roues,voiture,5,2,1,2,2
202200033605,2022-11-01 21:20:00,2022,11,1,21,20,27,27229,VOLTAIRE (RUE),49.0086377,1.1578497,Nuit avec éclairage allumé,En agglomération,Hors intersection,Normale,Sans collision,4,2,1,0,1,1,1,0,1,50,1,2,0,0,1,0,,,deux_roues,,5,2,1,1,7
202200033606,2022-11-05 05:15:00,2022,11,5,5,15,26,26362,L.A.C.R.A  RN 7 (101),44.90321,4.88531,Nuit sans éclairage public,Hors agglomération,Autre intersection,Normale,Autre collision,2,1,2,0,2,1,2,9,1,90,1,2,1,0,1,0,55.0,,voiture,,3,1,9,1,6
202200033607,2022-11-05 11:15:00,2022,11,5,11,15,26,26057,RD 538,45.01283,5.03865,Plein jour,En agglomération,Intersection en X,Temps couvert,Trois véhicules et plus - en chaîne,3,2,2,0,1,1,1,5,1,80,3,8,2,0,2,4,36.0,32.0,voiture,voiture,1,2,2,8,4
202200033608,2022-11-06 03:10:00,2022,11,6,3,10,17,17415,D137,45.72447,-0.64024,Nuit avec éclairage allumé,Hors agglomération,Giratoire,Normale,Autre collision,3,1,1,0,1,1,1,0,1,50,1,2,0,0,1,1,25.0,,voiture,,5,1,6,1,6
202200033609,2022-11-05 20:15:00,2022,11,5,20,15,14,14118,Avenue du 6 Juin,49.181329,-0.356781,Crépuscule ou aube,En agglomération,Hors intersection,Pluie légère,Deux véhicules - frontale,4,2,2,0,1,1,2,0,1,50,2,2,1,0,0,1,35.0,20.0,deux_roues,voiture,2,2,1,2,1
202200033610,2022-11-05 12:05:00,2022,11,5,12,5,13,13214,SAINT JOSEPH (CHEMIN DE),43.33935,5.39109,Plein jour,En agglomération,Hors intersection,Normale,Deux véhicules - côté,3,2,3,0,1,1,1,0,1,50,2,4,1,0,0,3,30.0,32.0,voiture,voiture,1,2,1,1,3
202200033611,2022-11-05 02:00:00,2022,11,5,2,0,13,13208,RABATAU (BOULEVARD),43.27466,5.39476,Nuit avec éclairage allumé,En agglomération,Hors intersection,Normale,Deux véhicules - frontale,3,2,3,0,1,1,1,0,1,50,2,2,1,0,1,0,,24.0,voiture,deux_roues,5,2,1,1,1
202200033612,2022-11-05 10:48:00,2022,11,5,10,48,11,11069,,43.207055,2.311718,Plein jour,En agglomération,Intersection en X,Normale,Deux véhicules - arrière,4,1,2,0,1,1,1,0,1,50,2,2,1,0,0,1,60.0,67.0,deux_roues,voiture,1,2,2,1,2
202200033613,2022-11-05 12:15:00,2022,11,5,12,15,11,11069,270 Avenue du Général Leclerc,43.20726,2.38067,Plein jour,En agglomération,Hors intersection,Normale,Deux véhicules - côté,4,2,2,0,1,1,1,0,1,50,2,2,1,0,0,1,82.0,17.0,voiture,deux_roues,1,2,1,1,3
202200033614,2022-11-05 14:55:00,2022,11,5,14,55,06,06088,GRACE DE MONACO (BD PR.),43.688021,7.306556,Plein jour,Hors agglomération,Hors intersection,Normale,Autre collision,7,2,2,1,1,1,1,0,5,50,1,2,0,0,1,1,65.0,,deux_roues,,1,1,1,1,6
202200033615,2022-10-23 15:55:00,2022,10,23,15,55,05,05061,COMMANDANT DUMONT ( AVENUE),44.56615,6.08363,Plein jour,En agglomération,Hors intersection,Normale,Sans collision,2,-1,2,0,1,1,1,0,3,50,1,1,0,0,0,1,33.0,,deux_roues,,1,2,1,1,7
202200033616,2022-11-05 20:10:00,2022,11,5,20,10,75,75116,PORTE MAILLOT,48.874364,2.275955,Nuit avec éclairage allumé,En agglomération,Hors intersection,Normale,Deux véhicules - côté,4,1,4,0,1,1,1,0,1,70,2,2,1,0,0,1,29.0,37.0,deux_roues,voiture,5,2,1,1,3
202200033617,2022-11-05 14:25:00,2022,11,5,14,25,75,75116,BOULEVARD PERIPHERIQUE INTERIEUR OUEST,48.862761,2.26515,Plein jour,En agglomération,Hors intersection,Normale,Trois véhicules et plus - en chaîne,4,1,4,0,1,1,1,0,1,70,3,4,3,0,0,1,,32.0,voiture,voiture,1,2,1,1,4
202200033618,2022-11-05 15:40:00,2022,11,5,15,40,75,75113,PORTE DE GENTILLY,48.817916,2.352035,Plein jour,En agglomération,Hors intersection,Normale,Deux véhicules - côté,4,1,3,0,1,1,1,0,1,70,2,2,1,0,0,1,24.0,43.0,deux_roues,voiture,1,2,1,1,3
202200033619,2022-11-05 00:15:00,2022,11,5,0,15,75,75113,PORTE D IVRY,48.818397,2.369347,Nuit avec éclairage allumé,En agglomération,Hors intersection,Normale,Deux véhicules - côté,4,1,4,0,1,1,1,0,1,70,2,2,1,0,0,1,19.0,21.0,deux_roues,voiture,5,2,1,1,3
202200033620,2022-11-04 16:00:00,2022,11,4,16,0,75,75120,PORTE DES LILAS,48.874745,2.410543,Plein jour,En agglomération,Hors intersection,Normale,Deux véhicules - côté,4,1,4,0,1,1,1,1,1,70,2,3,2,0,0,1,32.0,23.0,voiture,deux_roues,1,2,1,1,3
202200033621,2022-11-03 14:25:00,2022,11,3,14,25,75,75117,PORTE D ASNIERES,48.89261,2.302462,Plein jour,En agglomération,Hors intersection,Pluie légère,Trois véhicules et plus - collisions multiples,4,1,4,0,1,1,2,0,1,70,3,3,2,0,0,1,58.0,45.0,utilitaire_camion,utilitaire_camion,1,2,1,2,5
202200033622,2022-11-04 23:50:00,2022,11,4,23,50,75,75114,RUE EDOUARD JACQUES,48.835475,2.321852,Nuit avec éclairage allumé,En agglomération,Hors intersection,Normale,Deux véhicules - côté,4,1,1,0,1,1,1,0,1,30,2,2,1,0,0,1,28.0,44.0,voiture,deux_roues,5,2,1,1,3
202200033623,2022-11-05 14:00:00,2022,11,5,14,0,75,75120,RUE DE LAGNY,48.848948,2.406595,Plein jour,En agglomération,Intersection en X,Normale,Deux véhicules - côté,4,2,2,1,1,1,1,0,1,30,2,2,1,0,1,0,21.0,28.0,deux_roues,transport_commun,1,2,2,1,3
202200033624,2022-11-05 13:30:00,2022,11,5,13,30,75,75118,BOULEVARD DE LA CHAPELLE,48.884146,2.353606,Plein jour,En agglomération,Hors intersection,Normale,Autre collision,4,1,1,1,1,1,1,0,1,30,1,2,1,0,0,1,32.0,,deux_roues,,1,2,1,1,6
202200033625,2022-11-05 10:52:00,2022,11,5,10,52,75,75116,ROUTE DES TRIBUNES,48.861393,2.230127,Plein jour,En agglomération,Intersection en T,Normale,Deux véhicules - arrière,4,1,1,1,1,1,1,0,5,30,2,2,1,0,0,1,49.0,24.0,deux_roues,deux_roues,1,2,3,1,2
202200033626,2022-11-05 17:00:00,2022,11,5,17,0,75,75115,RUE LINOIS,48.847693,2.284135,Plein jour,En agglomération,Intersection en X,Normale,Deux véhicules - côté,4,2,4,1,1,1,1,0,5,30,2,2,1,0,0,1,,40.0,voiture,deux_roues,1,2,2,1,3
202200033627,2022-11-05 16:00:00,2022,11,5,16,0,75,75114,RUE FERMAT,48.835676,2.32495,Plein jour,En agglomération,Intersection en T,Normale,Autre collision,4,1,1,0,1,1,1,0,1,30,1,2,1,0,0,1,58.0,,voiture,,1,2,3,1,6
202200033628,2022-11-05 19:49:00,2022,11,5,19,49,75,75111,RUE DE CHARONNE,48.853276,2.378508,Nuit avec éclairage allumé,En agglomération,Intersection en T,Normale,Deux véhicules - côté,4,2,1,0,2,1,1,0,1,30,2,2,1,0,1,0,49.0,30.0,voiture,deux_roues,5,2,3,1,3
202200033629,2022-11-05 02:00:00,2022,11,5,2,0,75,75111,RUE RAMPON,48.866285,2.367421,Nuit avec éclairage allumé,En agglomération,Intersection en X,Normale,Deux véhicules - côté,4,1,1,0,1,1,1,0,1,30,2,3,1,0,0,2,31.0,29.0,deux_roues,voiture,5,2,2,1,3
202200033630,2022-11-05 17:10:00,2022,11,5,17,10,75,75109,BOULEVARD HAUSSMANN,48.872946,2.333296,Plein jour,En agglomération,Intersection à plus de 4 branches,Normale,Deux véhicules - côté,4,1,4,0,1,1,1,0,1,30,2,3,2,0,0,1,20.0,52.0,voiture,deux_roues,1,2,5,1,3
202200033631,2022-11-05 15:46:00,2022,11,5,15,46,75,75108,RUE WASHINGTON,48.871883,2.301128,Plein jour,En agglomération,Intersection en X,Normale,Autre collision,4,1,1,0,1,1,1,0,1,30,1,2,1,0,0,1,37.0,,voiture,,1,2,2,1,6
202200033632,2022-11-05 03:19:00,2022,11,5,3,19,75,75107,QUAI ANATOLE FRANCE,48.861676,2.322298,Nuit avec éclairage allumé,En agglomération,Hors intersection,Normale,Autre collision,4,1,3,1,1,1,1,0,5,30,1,2,1,0,0,1,22.0,,deux_roues,,5,2,1,1,6
202200033633,2022-11-05 13:00:00,2022,11,5,13,0,94,94081,AUDIGEOIS (R),48.791497,2.390399,Plein jour,En agglomération,Hors intersection,Normale,Autre collision,4,1,1,0,1,1,1,0,1,50,1,1,0,0,0,1,26.0,,voiture,,1,2,1,1,6
202200033634,2022-11-05 09:25:00,2022,11,5,9,25,94,94058,LIBERTE (BD DE LA),48.83695,2.49593,Plein jour,En agglomération,Intersection en T,Normale,Autre collision,4,-1,2,0,1,3,1,6,6,30,1,3,1,0,0,2,57.0,,voiture,,1,2,3,1,6
202200033635,2022-11-05 18:18:00,2022,11,5,18,18,94,94004,Avenue de Grosbois / Rue de la République,48.75169,2.53357,Nuit avec éclairage allumé,En agglomération,Intersection en X,Normale,Deux véhicules - côté,4,2,2,0,1,1,1,0,1,50,2,3,1,0,0,2,20.0,60.0,deux_roues,utilitaire_camion,5,2,2,1,3
202200033636,2022-11-04 22:15:00,2022,11,4,22,15,93,93027,Boulevard Pasteur / Rue Jollois,48.921761,2.383383,Nuit avec éclairage allumé,En agglomération,Intersection en X,Normale,Deux véhicules - côté,3,2,2,0,1,1,1,0,1,50,2,2,1,0,1,0,22.0,27.0,deux_roues,deux_roues,5,2,2,1,3
202200033637,2022-11-05 18:00:00,2022,11,5,18,0,93,93010,Rue Jean Jaurés / Rue des Droits de l'Homme,48.900459,2.476482,Nuit avec éclairage allumé,En agglomération,Intersection en T,Normale,Autre collision,4,1,2,0,1,1,1,0,1,30,1,2,1,0,0,1,57.0,,voiture,,5,2,3,1,6
202200033638,2022-11-05 18:00:00,2022,11,5,18,0,93,93008,Chemin des Vignes,48.90085,2.42674,Nuit avec éclairage allumé,En agglomération,Hors intersection,Normale,Deux véhicules - côté,4,2,2,0,1,3,1,0,1,50,2,2,0,0,0,2,38.0,76.0,voiture,voiture,5,2,1,1,3
202200033639,2022-11-05 17:43:00,2022,11,5,17,43,92,92012,ANDRE MORIZET (AVENUE) 1/47 - 2/52,48.8345874309,2.2420156002,Nuit avec éclairage allumé,En agglomération,Intersection en X,Normale,Deux véhicules - arrière,3,2,2,0,1,1,1,0,1,50,2,2,1,0,0,1,50.0,31.0,voiture,deux_roues,5,2,2,1,2
202200033640,2022-11-06 06:00:00,2022,11,6,6,0,12,12140,avenue du rouergue,44.326362,1.908526,Nuit sans éclairage public,Hors agglomération,Hors intersection,Normale,Autre collision,3,2,2,0,3,1,7,0,3,90,1,2,0,2,0,0,18.0,,voiture,,3,1,1,1,6
202200033641,2022-11-05 14:00:00,2022,11,5,14,0,38,38238,Route de l Oasis,45.505478,5.013113,Plein jour,Hors agglomération,Hors intersection,Normale,Deux véhicules - arrière,3,2,2,0,1,1,1,0,1,80,2,2,0,0,0,2,14.0,18.0,deux_roues,deux_roues,1,1,1,1,2
202200033642,2022-11-04 14:30:00,2022,11,4,14,30,84,84088,310 avenue saint martin,43.99431,5.054457,Plein jour,En agglomération,Hors intersection,Normale,Sans collision,3,2,2,0,2,1,1,0,1,30,1,1,0,0,0,1,25.0,,deux_roues,,1,2,1,1,7
202200033643,2022-11-05 19:15:00,2022,11,5,19,15,22,22234,D7,48.481669,-2.948091,Nuit sans éclairage public,Hors agglomération,Hors intersection,Pluie légère,Deux véhicules - arrière,3,2,2,0,2,4,2,0,1,80,2,2,1,1,0,0,36.0,49.0,voiture,utilitaire_camion,3,1,1,2,2
202200033644,2022-11-06 12:15:00,2022,11,6,12,15,95,95487,Rue Jean Catelas,49.153636,2.272743,Plein jour,En agglomération,Hors intersection,Pluie forte,Deux véhicules - côté,3,2,2,0,1,1,2,0,1,50,2,2,1,0,0,1,,59.0,utilitaire_camion,deux_roues,1,2,1,3,3
202200033645,2022-11-05 21:45:00,2022,11,5,21,45,06,06161,327 Avenue des Plans,43.655448,7.124245,Nuit avec éclairage allumé,En agglomération,Hors intersection,Normale,Deux véhicules - frontale,3,2,2,1,1,1,1,0,3,50,1,1,0,0,1,0,44.0,,deux_roues,,5,2,1,1,1
202200033646,2022-10-28 08:40:00,2022,10,28,8,40,36,36247,grand chottin,46.8962187097,1.631263862,Plein jour,Hors agglomération,Hors intersection,Normale,Deux véhicules - côté,3,2,2,0,1,2,1,0,1,80,2,3,2,0,1,0,52.0,36.0,voiture,voiture,1,1,1,1,3
202200033647,2022-11-05 00:00:00,2022,11,5,0,0,31,31266,allee de Lahage D28A,43.438493,1.091938,Nuit sans éclairage public,Hors agglomération,Hors intersection,Normale,Autre collision,3,2,2,0,1,1,1,0,3,80,1,1,0,0,1,0,37.0,,voiture,,3,1,1,1,6
202200033648,2022-11-06 05:00:00,2022,11,6,5,0,972,97227,Trou au diable,14.469225,-60.918058,Nuit sans éclairage public,Hors agglomération,Hors intersection,Temps couvert,Deux véhicules - frontale,2,2,2,0,1,1,1,2,1,80,2,2,1,1,0,0,19.0,23.0,deux_roues,voiture,3,1,1,8,1
202200033649,2022-11-05 15:45:00,2022,11,5,15,45,46,46329,route de belmont,44.310318,1.629016,Plein jour,Hors agglomération,Intersection en X,Normale,Autre collision,3,2,2,0,1,3,1,9,1,80,2,2,1,0,0,1,33.0,66.0,autre,voiture,1,1,2,1,6
202200033650,2022-11-05 03:00:00,2022,11,5,3,0,62,62361,84 Rue du Maréchal Joffre,50.269014,2.296176,Nuit sans éclairage public,En agglomération,Intersection en T,Pluie légère,Autre collision,3,1,1,0,1,2,2,0,4,50,1,1,0,0,1,0,28.0,,voiture,,3,2,3,2,6
202200033651,2022-11-04 16:36:00,2022,11,4,16,36,40,40307,D43,44.324654,-0.680128,Plein jour,Hors agglomération,Hors intersection,Normale,Autre collision,3,2,2,0,1,1,1,2,3,80,1,1,0,0,1,0,67.0,,voiture,,1,1,1,1,6
202200033652,2022-11-06 12:30:00,2022,11,6,12,30,57,57534,Rue des Fours à Chaux,49.0717971938,6.2276776135,Plein jour,En agglomération,Hors intersection,Normale,Sans collision,7,2,2,0,1,1,-1,0,3,50,1,1,0,1,0,0,53.0,,deux_roues,,1,2,1,1,7