accident_id,datetime,annee,mois,jour,heure,minute,departement,commune_insee,adresse,latitude,longitude,luminosite,agglomeration,intersection,meteo,collision,catr,circ,nbv,vosp,prof,plan,surf,infra,situ,vma,nb_vehicules,nb_usagers,nb_indemnes,nb_tues,nb_blesses_hosp,nb_blesses_legers,age_cond_1,age_cond_2,veh_type_cond_1,veh_type_cond_2,lum_code,agg_code,int_code,atm_code,col_code
202200033745,2022-11-04 16:32:00,2022,11,4,16,32,45,45004,100 Rue Albert Frappin,47.97475,2.76901,Plein jour,En agglomération,Intersection en T,Temps couvert,Deux véhicules - frontale,4,2,2,0,1,1,2,0,1,50,2,2,1,0,0,1,17.0,75.0,deux_roues,voiture,1,2,3,8,1
202200033746,2022-11-04 14:50:00,2022,11,4,14,50,37,37214,TONNELE (RUE),47.40096,0.67553,Plein jour,En agglomération,Hors intersection,Normale,Autre collision,4,1,1,0,2,1,2,0,1,50,1,1,0,0,1,0,52.0,,voiture,,1,2,1,1,6
202200033747,2022-11-04 17:20:00,2022,11,4,17,20,35,35206,N136,48.07888,-1.69388,Crépuscule ou aube,Hors agglomération,Hors intersection,Normale,Deux véhicules - arrière,2,3,4,0,3,2,1,0,1,90,2,3,1,0,0,2,27.0,28.0,voiture,voiture,2,1,1,1,2
202200033748,2022-11-03 08:20:00,2022,11,3,8,20,33,33281,Rue du Liveau,44.8510288961,-0.6428021193,Plein jour,En agglomération,Intersection en X,Temps couvert,Autre collision,4,2,4,0,1,1,1,5,1,50,1,2,1,0,0,1,72.0,,voiture,,1,2,2,8,6
202200033749,2022-11-04 20:20:00,2022,11,4,20,20,31,31555,VA007493 LES IZARDS A62 Sortie 12,43.64739,1.44099,Nuit avec éclairage allumé,En agglomération,Hors intersection,Temps couvert,Trois véhicules et plus - en chaîne,1,3,3,0,1,3,1,0,1,90,4,4,3,0,0,1,32.0,36.0,voiture,voiture,5,2,1,8,4
202200033750,2022-11-04 05:50:00,2022,11,4,5,50,31,31555,AV M BOURGES MAUNOURY,43.63713,1.4528,Nuit avec éclairage allumé,En agglomération,Intersection en X,Pluie légère,Deux véhicules - côté,4,-1,3,0,1,1,2,0,1,50,2,3,1,0,1,1,20.0,38.0,deux_roues,voiture,5,2,2,2,3
202200033751,2022-11-04 19:20:00,2022,11,4,19,20,29,29232,1 Route de Brest,47.997857787,-4.0962953567,Nuit avec éclairage allumé,En agglomération,Hors intersection,Normale,Sans collision,4,3,2,0,1,1,1,0,1,50,1,1,0,0,0,1,23.0,,deux_roues,,5,2,1,1,7
202200033752,2022-11-03 12:40:00,2022,11,3,12,40,29,29039,6 Rue du Vétéran,47.872428,-3.908156,Plein jour,En agglomération,Hors intersection,Normale,Autre collision,4,2,2,0,2,1,2,0,1,50,1,1,0,0,0,1,70.0,,voiture,,1,2,1,1,6
202200033753,2022-11-04 07:50:00,2022,11,4,7,50,27,27229,JACQUARD (RUE),49.0020084929,1.1462,Crépuscule ou aube,En agglomération,Hors intersection,Normale,Deux véhicules - arrière,4,2,2,0,1,1,1,0,1,50,2,2,1,0,0,1,58.0,47.0,voiture,deux_roues,2,2,1,1,2
202200033754,2022-11-04 08:25:00,2022,11,4,8,25,22,22215,RD 222,48.4804272386,-2.7883037925,Plein jour,En agglomération,Autre intersection,Pluie légère,Deux véhicules - arrière,3,3,4,0,1,1,2,0,1,70,2,2,1,0,0,1,73.0,20.0,voiture,voiture,1,2,9,2,2
202200033755,2022-11-02 20:45:00,2022,11,2,20,45,19,19031,CHANLAT (LIEU-DIT),45.1745406004,1.5284385681,Nuit sans éclairage public,En agglomération,Hors intersection,Normale,Sans collision,3,2,2,0,2,4,2,0,1,50,1,1,0,0,1,0,21.0,,deux_roues,,3,2,1,1,7
202200033756,2022-11-04 22:00:00,2022,11,4,22,0,17,17300,16 Rue Chaudrier,46.16119,-1.15303,Nuit avec éclairage allumé,En agglomération,Intersection en T,Normale,Deux véhicules - arrière,4,2,2,1,1,1,1,0,1,30,2,2,1,0,0,1,21.0,26.0,voiture,deux_roues,5,2,3,1,2
202200033757,2022-11-04 15:54:00,2022,11,4,15,54,17,17291,N11,46.1738,-1.11416,Plein jour,Hors agglomération,Hors intersection,Normale,Deux véhicules - arrière,2,3,4,0,1,1,1,0,1,70,2,2,1,0,1,0,41.0,60.0,voiture,voiture,1,1,1,1,2
202200033758,2022-11-04 20:45:00,2022,11,4,20,45,13,13210,CAPELETTE (AVENUE DE LA),43.28013,5.40916,Nuit avec éclairage allumé,En agglomération,Intersection en T,Normale,Deux véhicules - côté,4,2,2,0,1,1,1,0,1,50,2,2,1,0,0,1,24.0,29.0,voiture,deux_roues,5,2,3,1,3
202200033759,2022-11-04 14:50:00,2022,11,4,14,50,13,13001,GARDANNE (ROUTE DE ),43.47492,5.43273,Plein jour,Hors agglomération,Intersection en Y,Normale,Deux véhicules - frontale,3,2,2,1,1,4,1,2,1,50,2,2,0,0,0,2,22.0,52.0,voiture,voiture,1,1,4,1,1
202200033760,2022-11-04 09:25:00,2022,11,4,9,25,13,13001,GALICE (RTE),43.5288,5.42329,Plein jour,En agglomération,Intersection en X,Normale,Deux véhicules - côté,4,2,2,0,1,1,1,0,1,50,2,2,1,0,1,0,24.0,26.0,voiture,deux_roues,1,2,2,1,3
202200033761,2022-11-04 21:35:00,2022,11,4,21,35,10,10387,JULES GUESDE (RUE),48.29062,4.08228,Nuit sans éclairage public,En agglomération,Intersection en X,Normale,Deux véhicules - côté,4,-1,2,0,1,1,1,0,1,50,2,2,1,0,0,1,58.0,32.0,voiture,deux_roues,3,2,2,1,3
202200033762,2022-11-04 13:55:00,2022,11,4,13,55,10,10387,GUSTAVE MASSON (RUE),48.27437,4.08126,Plein jour,En agglomération,Hors intersection,Pluie forte,Deux véhicules - côté,4,2,2,0,1,1,2,0,1,50,2,2,1,0,1,0,59.0,44.0,deux_roues,utilitaire_camion,1,2,1,3,3
202200033763,2022-11-04 13:03:00,2022,11,4,13,3,10,10387,GEORGES POMPIDOU (RUE),48.29592,4.09405,Plein jour,En agglomération,Giratoire,Pluie forte,Deux véhicules - frontale,4,1,1,0,1,1,2,0,1,50,1,1,0,0,0,1,31.0,,voiture,,1,2,6,3,1
202200033764,2022-11-03 17:44:00,2022,11,3,17,44,10,10343,GAMBETTA (RUE),48.2737,4.0955,Nuit avec éclairage allumé,En agglomération,Hors intersection,Pluie forte,Deux véhicules - frontale,3,2,2,0,1,3,2,0,1,50,1,1,0,0,0,1,80.0,,voiture,,5,2,1,3,1
202200033765,2022-05-18 19:15:00,2022,5,18,19,15,31,31555,AV DES ETATS UNIS,43.63383,1.43117,Plein jour,En agglomération,Hors intersection,Normale,Deux véhicules - côté,7,2,3,3,1,1,1,0,6,50,2,2,1,0,0,1,27.0,55.0,voiture,deux_roues,1,2,1,1,3
202200033766,2022-05-18 17:05:00,2022,5,18,17,5,31,31555,RTE DE BAYONNE,43.6082,1.3916,Plein jour,En agglomération,Hors intersection,Normale,Autre collision,4,2,2,0,1,1,1,0,1,50,1,2,1,0,0,1,23.0,,voiture,,1,2,1,1,6
202200033767,2022-11-04 18:35:00,2022,11,4,18,35,75,75116,PORTE DAUPHINE,48.873692,2.275113,Crépuscule ou aube,En agglomération,Hors intersection,Normale,Deux véhicules - côté,4,1,4,0,1,1,1,0,1,70,2,2,1,0,0,1,55.0,23.0,deux_roues,voiture,2,2,1,1,3
202200033768,2022-05-18 20:20:00,2022,5,18,20,20,27,27229,RUE VICTORIA MXENGE,49.00874,1.15891,Plein jour,En agglomération,Place,Normale,Deux véhicules - côté,4,1,0,0,1,1,1,0,1,30,2,2,1,0,0,1,29.0,7.0,voiture,deux_roues,1,2,7,1,3
202200033769,2022-11-03 19:40:00,2022,11,3,19,40,75,75120,PORTE DE MONTREUIL,48.859908,2.414207,Nuit avec éclairage allumé,En agglomération,Hors intersection,Normale,Deux véhicules - arrière,4,1,4,0,1,1,1,0,1,70,2,2,1,0,0,1,,28.0,voiture,voiture,5,2,1,1,2
202200033770,2022-05-18 00:10:00,2022,5,18,0,10,27,27229,MENDES FRANCE (RUE PIERRE),49.032862494,1.155252099,Nuit avec éclairage allumé,En agglomération,Giratoire,Temps couvert,Trois véhicules et plus - collisions multiples,4,2,4,0,1,1,1,0,1,50,3,4,0,0,0,4,29.0,21.0,voiture,voiture,5,2,6,8,5
202200033771,2022-11-04 08:30:00,2022,11,4,8,30,75,75106,PLACE EDMOND ROSTAND,48.847468,2.340806,Plein jour,En agglomération,Place,Normale,Deux véhicules - côté,4,4,9,0,1,2,1,0,1,30,2,2,1,0,0,1,29.0,54.0,deux_roues,voiture,1,2,7,1,3
202200033772,2022-11-04 17:17:00,2022,11,4,17,17,75,75119,AVENUE DE FLANDRE,48.886716,2.372097,Nuit avec éclairage allumé,En agglomération,Hors intersection,Normale,Autre collision,4,1,3,0,1,1,2,0,1,30,1,2,1,0,0,1,72.0,,utilitaire_camion,,5,2,1,1,6
202200033773,2022-05-18 12:20:00,2022,5,18,12,20,70,70285,47ÈME RÉGIMENT D'ARTILLERIE(RUE DU),47.56964,6.764,Plein jour,En agglomération,Hors intersection,Normale,Deux véhicules - arrière,4,2,1,0,1,1,1,9,1,30,2,2,1,0,1,0,16.0,39.0,deux_roues,voiture,1,2,1,1,2
202200033774,2022-11-04 14:50:00,2022,11,4,14,50,75,75116,AVENUE RAYMOND POINCARE,48.87086,2.285044,Plein jour,En agglomération,Intersection en T,Temps couvert,Deux véhicules - côté,4,2,2,0,2,1,2,0,1,30,2,2,1,0,0,1,37.0,44.0,deux_roues,voiture,1,2,3,8,3
202200033775,2022-05-18 20:25:00,2022,5,18,20,25,25,25056,FLEMING BOULEVARD,47.22551,5.96538,Plein jour,En agglomération,Intersection en X,Temps éblouissant,Deux véhicules - côté,4,3,4,3,2,2,1,5,1,50,2,2,1,0,0,1,51.0,31.0,voiture,deux_roues,1,2,2,7,3
202200033776,2022-11-04 06:15:00,2022,11,4,6,15,75,75116,BOULEVARD EMILE AUGIER,48.862996,2.272631,Nuit avec éclairage allumé,En agglomération,Intersection en X,Normale,Deux véhicules - côté,4,1,1,0,1,1,1,0,1,30,2,2,1,0,0,1,40.0,32.0,voiture,deux_roues,5,2,2,1,3
202200033777,2022-05-17 14:20:00,2022,5,17,14,20,25,25056,DOLE RUE DE (inf 82),47.23141,5.99753,Plein jour,En agglomération,Autre intersection,Normale,Deux véhicules - côté,4,2,2,2,1,1,1,0,5,50,2,2,1,0,0,1,58.0,45.0,voiture,deux_roues,1,2,9,1,3
202200033778,2022-11-04 09:45:00,2022,11,4,9,45,75,75114,AVENUE DE LA PORTE DE CHATILLON,48.822637,2.314842,Plein jour,En agglomération,Intersection en T,Normale,Deux véhicules - côté,4,2,9,1,1,1,1,0,6,30,2,2,1,0,0,1,46.0,19.0,voiture,utilitaire_camion,1,2,3,1,3
202200033779,2022-05-18 14:40:00,2022,5,18,14,40,16,16102,PLANAT (BOULEVARD OSCAR),45.68815,-0.3348,Plein jour,En agglomération,Hors intersection,Normale,Deux véhicules - arrière,3,2,2,0,1,1,1,0,1,50,2,2,1,0,0,1,63.0,17.0,voiture,deux_roues,1,2,1,1,2
202200033780,2022-05-14 13:35:00,2022,5,14,13,35,14,14366,Rue Augustin Fresnel,49.14377,0.26572,Plein jour,En agglomération,Autre intersection,Normale,Sans collision,6,-1, -1,0,1,2,1,9,1,30,1,2,1,0,0,1,22.0,,voiture,,1,2,9,1,7
202200033781,2022-11-03 18:20:00,2022,11,3,18,20,75,75112,AVENUE DES CANADIENS,48.818985,2.462402,Nuit avec éclairage allumé,En agglomération,Intersection en T,Normale,Deux véhicules - côté,4,2,6,0,1,1,1,0,1,30,2,2,1,0,0,1,,58.0,voiture,deux_roues,5,2,3,1,3
202200033782,2022-05-18 20:00:00,2022,5,18,20,0,13,13054,MARIUS RUINAT (AV ),43.41516,5.20889,Plein jour,En agglomération,Hors intersection,Normale,Deux véhicules - frontale,4,1,1,0,1,1,1,0,1,30,1,2,1,0,0,1,,,voiture,,1,2,1,1,1
202200033783,2022-05-18 19:39:00,2022,5,18,19,39,13,13208,POMPIDOU (PROMENADE),43.2647428285,5.3734765806,Plein jour,En agglomération,Hors intersection,Normale,Deux véhicules - arrière,4,2,4,1,1,1,1,8,1,50,2,2,0,0,0,1,,21.0,voiture,deux_roues,1,2,1,1,2
202200033784,2022-11-04 14:15:00,2022,11,4,14,15,75,75108,COURS LA REINE,48.864867,2.318278,Plein jour,En agglomération,Intersection en Y,Pluie forte,Deux véhicules - côté,4,1,4,0,1,1,2,0,1,30,2,2,1,0,0,1,49.0,42.0,voiture,deux_roues,1,2,4,3,3
202200033785,2022-05-18 09:50:00,2022,5,18,9,50,13,13211,RTE D' ALLAUCH,43.31,5.499,Plein jour,En agglomération,Hors intersection,Normale,Deux véhicules - frontale,3,4,1,0,1,1,1,8,1,50,1,1,0,0,1,0,66.0,,voiture,,1,2,1,1,1
202200033786,2022-05-14 22:40:00,2022,5,14,22,40,13,13097,RTE DE LA CRAU RAPHELE,43.6349346811,4.7774755954,Nuit sans éclairage public,Hors agglomération,Hors intersection,Normale,Deux véhicules - côté,3,2,2,0,1,1,1,0,1,70,2,3,2,1,0,0,69.0,37.0,voiture,deux_roues,3,1,1,1,3
202200033787,2022-11-03 00:20:00,2022,11,3,0,20,75,75108,AVENUE DES CHAMPS ELYSEES,48.872661,2.298557,Nuit avec éclairage allumé,En agglomération,Hors intersection,Normale,Autre collision,4,2,6,0,1,1,1,0,1,30,2,2,1,0,0,1,29.0,,deux_roues,voiture,5,2,1,1,6
202200033788,2022-05-17 18:20:00,2022,5,17,18,20,11,11262,Avenue Maitre Hubert Mouly,43.17966,3.01871,Plein jour,En agglomération,Giratoire,Temps éblouissant,Autre collision,4,1,2,0,1,1,1,9,1,50,1,3,1,0,1,1,43.0,,voiture,,1,2,6,7,6
202200033789,2022-11-03 13:37:00,2022,11,3,13,37,75,75104,QUAI DE L HOTEL DE VILLE,48.855349,2.352802,Plein jour,En agglomération,Intersection en T,Pluie forte,Sans collision,4,2,4,0,1,2,8,0,1,30,1,1,0,0,0,1,38.0,,deux_roues,,1,2,3,3,7
202200033790,2022-05-17 19:35:00,2022,5,17,19,35,06,06069,SAINT EXUPERY (AVENUE ANTOINE DE),43.662218,6.934321,Plein jour,En agglomération,Hors intersection,Normale,Deux véhicules - côté,4,2,2,0,1,1,1,0,1,50,2,2,1,0,0,1,46.0,54.0,voiture,deux_roues,1,2,1,1,3
202200033791,2022-11-03 17:17:00,2022,11,3,17,17,94,94081,COMMUNE DE PARIS (AV DE LA),48.78476,2.38837,Nuit avec éclairage allumé,En agglomération,Hors intersection,Pluie légère,Deux véhicules - frontale,9,-1,2,0,1,1,2,0,1,50,2,4,1,0,0,3,35.0,35.0,voiture,voiture,5,2,1,2,1
202200033792,2022-05-18 08:40:00,2022,5,18,8,40,75,75116,BD PERIPHERIQUE INTERIEUR,48.8657844723,2.2683555124,Plein jour,En agglomération,Hors intersection,Normale,Deux véhicules - côté,4,1,4,0,1,1,1,0,1,70,2,2,1,0,0,1,53.0,46.0,deux_roues,deux_roues,1,2,1,1,3
202200033793,2022-05-17 13:20:00,2022,5,17,13,20,75,75120,RUE DE MENILMONTANT,48.868966,2.390871,Plein jour,En agglomération,Hors intersection,Normale,Autre collision,4,2,2,3,1,1,1,-1,6,30,1,2,1,0,1,0,48.0,,voiture,,1,2,1,1,6
202200033794,2022-05-16 19:00:00,2022,5,16,19,0,75,75113,AVENUE DE FRANCE,48.8362094065,2.3714885116,Plein jour,En agglomération,Intersection en X,Normale,Deux véhicules - côté,4,2,4,1,1,1,1,-1,5,30,2,2,1,0,1,0,37.0,38.0,utilitaire_camion,deux_roues,1,2,2,1,3
202200033795,2022-05-16 13:30:00,2022,5,16,13,30,75,75120,BOULEVARD DE MENILMONTANT,48.8663686238,2.3836603761,Plein jour,En agglomération,Hors intersection,Normale,Autre collision,4,3,1,0,1,1,1,0,1,30,1,2,1,0,0,1,59.0,,deux_roues,,1,2,1,1,6
202200033796,2022-11-01 13:30:00,2022,11,1,13,30,94,94046,CAPITAINE ROLAND DEPLANQUE (R DU),48.8024455166,2.4277991329,Plein jour,En agglomération,Intersection en X,Normale,Deux véhicules - côté,4,2,2,0,1,1,1,0,1,30,2,3,2,0,0,1,20.0,27.0,voiture,voiture,1,2,2,1,3
202200033797,2022-05-18 17:20:00,2022,5,18,17,20,75,75119,RUE DE LA GARE,48.901728,2.372486,Plein jour,En agglomération,Hors intersection,Normale,Deux véhicules - côté,4,2,2,0,1,1,1,0,1,30,2,2,1,0,0,1,30.0,51.0,voiture,deux_roues,1,2,1,1,3
202200033798,2022-11-03 09:25:00,2022,11,3,9,25,94,94065,RN 186,48.75377,2.35864,Plein jour,Hors agglomération,Autre intersection,Normale,Deux véhicules - côté,2,1,2,0,1,1,1,0,1,70,2,2,1,0,0,1,43.0,20.0,voiture,utilitaire_camion,1,1,9,1,3
202200033799,2022-05-17 12:15:00,2022,5,17,12,15,75,75119,QUAI DE LA LOIRE,48.885736853,2.375574857,Plein jour,En agglomération,Intersection en T,Normale,Autre collision,4,2,3,0,1,1,1,8,1,30,1,2,1,0,0,1,27.0,,deux_roues,,1,2,3,1,6
202200033800,2022-11-03 17:54:00,2022,11,3,17,54,94,94033,Rue Roger Salengro,48.85134,2.48739,Nuit avec éclairage allumé,En agglomération,Hors intersection,Pluie légère,Autre collision,4,2,2,0,1,1,2,0,1,50,1,2,1,0,0,1,29.0,,deux_roues,,5,2,1,2,6
202200033801,2022-05-18 16:35:00,2022,5,18,16,35,75,75118,RUE JOSEPH DIJON,48.8936770699,2.3479267995,Plein jour,En agglomération,Intersection en Y,Normale,Autre collision,4,2,2,1,1,1,1,-1,5,30,1,2,1,0,0,1,,,deux_roues,,1,2,4,1,6
202200033802,2022-05-18 18:55:00,2022,5,18,18,55,75,75117,PLACE DU BRESIL,48.884248,2.302655,Plein jour,En agglomération,Place,Normale,Deux véhicules - côté,4,2,4,0,1,1,1,0,1,30,2,2,1,0,0,1,36.0,42.0,deux_roues,voiture,1,2,7,1,3
202200033803,2022-11-04 13:00:00,2022,11,4,13,0,94,94028,FALKIRK(RUE),48.77198,2.45889,Plein jour,En agglomération,Hors intersection,Normale,Deux véhicules - côté,4,2,2,0,1,1,1,0,1,50,2,2,1,0,0,1,33.0,51.0,deux_roues,voiture,1,2,1,1,3
202200033804,2022-05-18 09:55:00,2022,5,18,9,55,75,75117,BOULEVARD DE LA SOMME,48.886952,2.290939,Plein jour,En agglomération,Intersection en T,Normale,Deux véhicules - côté,4,1,2,0,1,1,1,0,1,30,2,2,1,0,0,1,45.0,23.0,deux_roues,voiture,1,2,3,1,3
202200033805,2022-11-02 09:10:00,2022,11,2,9,10,94,94054,Avenue de l’Aerodrome / Allée du Lac,48.7420071599,2.3970547759,Plein jour,En agglomération,Intersection en T,Normale,Autre collision,4,2,2,2,1,1,1,0,4,50,1,2,1,0,0,1,44.0,,voiture,,1,2,3,1,6
202200033806,2022-05-18 08:15:00,2022,5,18,8,15,75,75117,RUE RAYMOND PITET,48.890095,2.296428,Plein jour,En agglomération,Hors intersection,Normale,Autre collision,4,2,2,0,1,1,1,0,1,30,1,2,1,0,1,0,44.0,,voiture,,1,2,1,1,6
202200033807,2022-11-04 15:45:00,2022,11,4,15,45,94,94019,Rue Clément Ader,48.80099,2.5528,Plein jour,En agglomération,Hors intersection,Pluie forte,Autre collision,4,2,2,0,1,1,2,0,1,50,1,2,1,0,1,0,62.0,,voiture,,1,2,1,3,6
202200033808,2022-05-17 13:00:00,2022,5,17,13,0,75,75117,AVENUE DE LA PORTE DE SAINT OUEN,48.9009519217,2.330122143,Plein jour,En agglomération,Intersection à plus de 4 branches,Normale,Deux véhicules - côté,4,3,4,0,1,1,1,0,1,30,2,2,1,0,0,1,23.0,44.0,voiture,utilitaire_camion,1,2,5,1,3
202200033809,2022-05-18 09:00:00,2022,5,18,9,0,75,75116,VOIE GEORGES POMPIDOU,48.8382704625,2.2657777683,Plein jour,En agglomération,Intersection en Y,Normale,Deux véhicules - arrière,4,2,3,1,3,1,1,-1,5,30,2,2,0,0,0,2,39.0,25.0,deux_roues,deux_roues,1,2,4,1,2
202200033810,2022-11-04 13:10:00,2022,11,4,13,10,94,94059,Avenue Maurice Berteaux / Avenue Georges Foureau,48.81209,2.56723,Plein jour,En agglomération,Intersection en T,Normale,Deux véhicules - côté,3,2,2,0,1,1,1,0,1,50,2,3,2,0,0,1,40.0,20.0,deux_roues,voiture,1,2,3,1,3
202200033811,2022-05-17 14:40:00,2022,5,17,14,40,75,75116,PLACE CHOPIN,48.856185801,2.2778536007,Plein jour,En agglomération,Place,Normale,Deux véhicules - côté,4,2,2,0,1,1,1,0,1,30,2,3,2,0,0,1,31.0,,voiture,deux_roues,1,2,7,1,3
202200033812,2022-05-18 09:25:00,2022,5,18,9,25,75,75115,BOULEVARD PASTEUR,48.841549,2.314011,Plein jour,En agglomération,Intersection en X,Normale,Deux véhicules - côté,4,3,3,0,2,1,1,0,1,30,2,2,1,0,0,1,57.0,66.0,deux_roues,voiture,1,2,2,1,3
202200033813,2022-11-04 01:20:00,2022,11,4,1,20,94,94079,Rue de Coeuilly,48.82114,2.5423,Nuit avec éclairage allumé,En agglomération,Hors intersection,Pluie légère,Deux véhicules - frontale,4,1,1,0,2,1,2,0,4,30,2,4,1,0,0,3,16.0,22.0,voiture,voiture,5,2,1,2,1
202200033814,2022-05-15 10:15:00,2022,5,15,10,15,75,75115,RUE DU THEATRE,48.850184,2.284909,Plein jour,En agglomération,Intersection en X,Normale,Deux véhicules - côté,4,2,2,0,1,1,1,0,1,30,2,4,2,0,0,2,39.0,49.0,voiture,voiture,1,2,2,1,3
202200033815,2022-11-01 03:30:00,2022,11,1,3,30,94,94060,Rue Jean Racine / Rue Louis Aragon,48.79199,2.57233,Nuit avec éclairage allumé,En agglomération,Intersection en X,Normale,Deux véhicules - côté,4,2,2,0,1,1,1,0,1,50,2,6,5,0,0,1,21.0,23.0,voiture,voiture,5,2,2,1,3
202200033816,2022-05-18 10:30:00,2022,5,18,10,30,75,75114,AVENUE PAUL APPELL,48.8217921571,2.3267345246,Plein jour,En agglomération,Intersection en T,Normale,Deux véhicules - côté,4,3,2,0,1,1,1,0,1,30,2,3,2,0,0,1,74.0,62.0,voiture,voiture,1,2,3,1,3
202200033817,2022-05-17 21:15:00,2022,5,17,21,15,75,75114,RUE D ALESIA,48.832229,2.312879,Plein jour,En agglomération,Intersection en T,Normale,Autre collision,4,2,3,0,1,1,1,0,1,30,1,2,1,0,0,1,,,voiture,,1,2,3,1,6
202200033818,2022-05-18 19:05:00,2022,5,18,19,5,75,75113,BOULEVARD DE L HOPITAL,48.83661,2.35931,Plein jour,En agglomération,Place,Normale,Deux véhicules - côté,4,2,4,0,1,1,1,0,1,30,2,2,1,0,0,1,33.0,31.0,voiture,deux_roues,1,2,7,1,3
202200033819,2022-05-18 06:00:00,2022,5,18,6,0,75,75113,PLACE D ITALIE,48.8317686083,2.3544056997,Plein jour,En agglomération,Place,Normale,Sans collision,4,2,4,0,1,2,8,0,1,30,1,1,0,0,0,1,57.0,,deux_roues,,1,2,7,1,7
202200033820,2022-05-17 12:30:00,2022,5,17,12,30,75,75113,AVENUE DE CHOISY,48.829766,2.357102,Plein jour,En agglomération,Intersection en T,Normale,Autre collision,4,2,3,0,1,1,1,0,1,30,1,2,0,0,1,1,25.0,,deux_roues,,1,2,3,1,6
202200033821,2022-05-18 15:33:00,2022,5,18,15,33,75,75110,RUE DU FAUBOURG SAINT MARTIN,48.8761043629,2.3605980932,Plein jour,En agglomération,Intersection en T,Temps éblouissant,Trois véhicules et plus - en chaîne,4,2,4,0,2,1,1,0,1,30,4,4,3,0,0,1,74.0,66.0,voiture,voiture,1,2,3,7,4
202200033822,2022-05-15 05:55:00,2022,5,15,5,55,75,75110,RUE BEAUREPAIRE,48.870672408,2.3639689386,Crépuscule ou aube,En agglomération,Hors intersection,Normale,Autre collision,4,2,2,0,1,1,1,0,1,50,1,1,0,0,0,1,26.0,,deux_roues,,2,2,1,1,6
202200033823,2022-05-18 17:20:00,2022,5,18,17,20,75,75109,RUE DE PROVENCE,48.874205,2.328398,Plein jour,En agglomération,Intersection en X,Normale,Deux véhicules - côté,4,2,2,0,1,1,1,0,1,30,2,2,1,0,0,1,33.0,60.0,utilitaire_camion,deux_roues,1,2,2,1,3
202200033824,2022-05-18 18:43:00,2022,5,18,18,43,75,75108,AVENUE DE WAGRAM,48.8778164009,2.2979642769,Plein jour,En agglomération,Place,Normale,Autre collision,4,2,6,1,1,1,1,-1,5,30,1,2,1,0,1,0,51.0,,deux_roues,,1,2,7,1,6
202200033825,2022-05-18 17:33:00,2022,5,18,17,33,75,75107,QUAI D ORSAY,48.8624420792,2.3019480499,Plein jour,En agglomération,Intersection en X,Normale,Autre collision,4,2,5,0,1,1,1,5,1,30,1,2,1,0,0,1,71.0,,voiture,,1,2,2,1,6
202200033826,2022-05-18 22:40:00,2022,5,18,22,40,75,75107,AVENUE EMILE DESCHANEL,48.856364,2.300868,Nuit avec éclairage allumé,En agglomération,Intersection en X,Normale,Sans collision,4,2,2,0,1,1,1,0,1,30,1,1,0,0,0,1,21.0,,deux_roues,,5,2,2,1,7
202200033827,2022-05-18 16:27:00,2022,5,18,16,27,75,75107,BOULEVARD SAINT GERMAIN,48.858499,2.323098,Plein jour,En agglomération,Intersection en X,Normale,Deux véhicules - côté,4,2,3,3,1,1,1,-1,6,50,2,2,1,0,0,1,55.0,32.0,deux_roues,voiture,1,2,2,1,3
202200033828,2022-05-18 17:00:00,2022,5,18,17,0,75,75104,RUE DE RIVOLI,48.8554921758,2.3600983553,Plein jour,En agglomération,Intersection en T,Temps éblouissant,Autre collision,4,2,4,1,1,1,1,-1,5,30,1,2,1,0,0,1,,,deux_roues,,1,2,3,7,6
202200033829,2022-05-17 22:50:00,2022,5,17,22,50,75,75103,RUE DE TURBIGO,48.8654546542,2.3561355472,Nuit avec éclairage allumé,En agglomération,Intersection à plus de 4 branches,Normale,Autre collision,4,2,4,0,1,1,1,0,1,30,1,2,1,0,0,1,57.0,,voiture,,5,2,5,1,6
202200033830,2022-05-17 17:15:00,2022,5,17,17,15,75,75104,RUE DE LA CITE,48.8546939659,2.3477563262,Plein jour,En agglomération,Intersection en T,Normale,Sans collision,4,1,3,0,1,1,1,0,1,30,1,1,0,0,0,1,24.0,,deux_roues,,1,2,3,1,7
202200033831,2022-05-17 18:10:00,2022,5,17,18,10,94,94068,Avenue Pierre Brossolette,48.8077,2.49634,Plein jour,En agglomération,Intersection en X,Normale,Deux véhicules - côté,4,1,1,0,1,1,1,0,1,30,2,3,1,0,0,2,16.0,50.0,deux_roues,voiture,1,2,2,1,3
202200033832,2022-05-17 14:30:00,2022,5,17,14,30,94,94068,18 Rue de la Réunion,48.800869,2.491823,Plein jour,En agglomération,Hors intersection,Normale,Deux véhicules - arrière,4,2,2,0,1,1,1,0,1,30,2,2,1,0,0,1,53.0,50.0,utilitaire_camion,deux_roues,1,2,1,1,2
202200033833,2022-05-18 16:10:00,2022,5,18,16,10,94,94052,STRASBOURG (BD DE),48.84305,2.48554,Plein jour,En agglomération,Hors intersection,Normale,Deux véhicules - frontale,3,2,2,0,1,1,1,0,1,50,1,2,1,0,0,1,,,deux_roues,,1,2,1,1,1
202200033834,2022-05-18 08:30:00,2022,5,18,8,30,94,94073,N 186,48.753616,2.375068,Plein jour,Hors agglomération,Hors intersection,Normale,Deux véhicules - côté,2,1,2,0,1,1,1,0,1,70,2,2,1,0,0,1,30.0,48.0,voiture,utilitaire_camion,1,1,1,1,3
202200033835,2022-05-18 18:55:00,2022,5,18,18,55,94,94054,Avenue des Martyrs de Châteaubriant,48.748,2.407,Plein jour,En agglomération,Hors intersection,Normale,Deux véhicules - frontale,3,2,2,0,1,1,1,0,1,50,2,2,1,0,0,1,41.0,29.0,voiture,deux_roues,1,2,1,1,1