accident_id,datetime,annee,mois,jour,heure,minute,departement,commune_insee,adresse,latitude,longitude,luminosite,agglomeration,intersection,meteo,collision,catr,circ,nbv,vosp,prof,plan,surf,infra,situ,vma,nb_vehicules,nb_usagers,nb_indemnes,nb_tues,nb_blesses_hosp,nb_blesses_legers,age_cond_1,age_cond_2,veh_type_cond_1,veh_type_cond_2,lum_code,agg_code,int_code,atm_code,col_code
202200033836,2022-05-18 08:45:00,2022,5,18,8,45,94,94069,116bis Rue du Maréchal Leclerc,48.81795,2.4413,Plein jour,En agglomération,Hors intersection,Normale,Autre collision,3,2,2,0,1,1,1,0,1,50,1,2,1,0,1,0,37.0,,voiture,,1,2,1,1,6
202200033837,2022-05-18 00:45:00,2022,5,18,0,45,93,93066,Rue Robert Desnos,48.9403764051,2.3705872893,Nuit avec éclairage allumé,En agglomération,Hors intersection,Normale,Deux véhicules - frontale,3,2,2,0,1,1,1,0,1,50,2,2,1,0,0,1,,24.0,voiture,voiture,5,2,1,1,1
202200033838,2022-05-17 14:35:00,2022,5,17,14,35,93,93055,Avenue Jean Lolive,48.8926536145,2.4105280638,Plein jour,En agglomération,Hors intersection,Temps éblouissant,Deux véhicules - côté,3,2,2,2,1,1,1,0,1,30,2,2,1,0,0,1,60.0,35.0,deux_roues,voiture,1,2,1,7,3
202200033839,2022-05-18 08:40:00,2022,5,18,8,40,93,93050,Rue Louis Vannini,48.8646817269,2.5192238086,Plein jour,En agglomération,Hors intersection,Normale,Trois véhicules et plus - en chaîne,3,2,2,0,1,1,1,0,1,50,4,4,2,0,0,2,51.0,57.0,voiture,voiture,1,2,1,1,4
202200033840,2022-05-18 19:55:00,2022,5,18,19,55,93,93008,Avenue Paul Vaillant - Couturier,48.90576,2.4661,Plein jour,En agglomération,Hors intersection,Normale,Autre collision,3,3,4,0,1,1,1,0,1,50,1,2,1,0,0,1,36.0,,transport_commun,,1,2,1,1,6
202200033841,2022-05-18 16:35:00,2022,5,18,16,35,93,93005,Rue Edgar Degas,48.9558601633,2.4965438247,Plein jour,En agglomération,Hors intersection,Normale,Autre collision,4,2,2,0,1,1,1,6,1,50,1,2,1,0,0,1,34.0,,voiture,,1,2,1,1,6
202200033842,2022-05-18 13:55:00,2022,5,18,13,55,93,93001,56 Rue Danielle Casanova,48.9185465411,2.3926618695,Plein jour,En agglomération,Hors intersection,Normale,Autre collision,3,2,2,0,1,1,1,6,1,30,1,2,0,0,1,1,24.0,,deux_roues,,1,2,1,1,6
202200033843,2022-05-18 20:00:00,2022,5,18,20,0,92,92062,PUTEAUX (PONT DE),48.8777008418,2.24332425,Plein jour,En agglomération,Hors intersection,Normale,Deux véhicules - arrière,3,3,6,0,1,1,1,2,1,50,2,2,1,0,0,1,57.0,52.0,voiture,deux_roues,1,2,1,1,2
202200033844,2022-05-17 09:25:00,2022,5,17,9,25,92,92051,SABLONS (BOULEVARD DES),48.8796182778,2.2711510956,Plein jour,En agglomération,Intersection en X,Normale,Deux véhicules - côté,4,-1,2,0,1,1,1,0,1,50,2,2,1,0,0,1,70.0,,deux_roues,voiture,1,2,2,1,3
202200033845,2022-05-18 19:40:00,2022,5,18,19,40,92,92020,DIVISION LECLERC AVENUE DE LA,48.79885,2.28412,Plein jour,En agglomération,Autre intersection,Normale,Deux véhicules - côté,4,2,2,0,2,1,1,0,1,50,2,2,1,0,0,1,36.0,32.0,voiture,deux_roues,1,2,9,1,3
202200033846,2022-05-18 19:00:00,2022,5,18,19,0,92,92046,BROSSOLETTE AVENUE PIERRE,48.8135236109,2.302236557,Plein jour,En agglomération,Hors intersection,Normale,Deux véhicules - côté,3,2,4,2,1,1,1,0,1,50,2,2,1,0,0,1,22.0,37.0,voiture,deux_roues,1,2,1,1,3
202200033847,2022-05-18 17:25:00,2022,5,18,17,25,92,92020,PRIS-PRIS ALLEE DES,48.8008666706,2.2800513357,Plein jour,En agglomération,Intersection en T,Normale,Deux véhicules - côté,3,2,2,0,1,1,1,0,1,50,2,2,1,0,0,1,31.0,59.0,voiture,deux_roues,1,2,3,1,3
202200033848,2022-05-18 13:45:00,2022,5,18,13,45,92,92014,HUIT MAI 1945 (RUE DU),48.7823973737,2.3165700138,Plein jour,En agglomération,Intersection en T,Normale,Deux véhicules - côté,3,3,2,0,1,1,1,5,1,50,2,2,1,0,0,1,33.0,61.0,voiture,utilitaire_camion,1,2,3,1,3
202200033849,2022-05-18 17:00:00,2022,5,18,17,0,62,62661,D349,50.381112,1.993799,Plein jour,En agglomération,Intersection en T,Normale,Deux véhicules - côté,3,2,2,0,1,1,1,5,1,50,2,2,1,1,0,0,34.0,36.0,deux_roues,voiture,1,2,3,1,3
202200033850,2022-05-19 06:45:00,2022,5,19,6,45,2A,2A272,RT 40 Rizzanese,41.646188,8.947957,Plein jour,Hors agglomération,Hors intersection,Normale,Deux véhicules - côté,2,2,2,0,1,3,1,0,1,80,2,2,1,0,0,1,63.0,38.0,voiture,utilitaire_camion,1,1,1,1,3
202200033851,2022-05-19 14:40:00,2022,5,19,14,40,95,95487,60 Avenue Gaston Vermeire,49.1491299805,2.2799769044,Plein jour,En agglomération,Hors intersection,Normale,Deux véhicules - côté,3,2,2,0,1,1,1,0,4,50,2,2,1,0,1,0,51.0,59.0,voiture,deux_roues,1,2,1,1,3
202200033852,2022-05-15 23:40:00,2022,5,15,23,40,08,08040,Rue de Chalandry,49.718658,4.752801,Nuit sans éclairage public,Hors agglomération,Hors intersection,Normale,Autre collision,4,2,2,0,1,2,1,0,3,80,1,5,1,1,0,3,37.0,,voiture,,3,1,1,1,6
202200033853,2022-05-18 09:10:00,2022,5,18,9,10,74,74005,Avenue des Trois Cols,46.332684,6.475765,Plein jour,Hors agglomération,Hors intersection,Normale,Trois véhicules et plus - collisions multiples,3,2,2,0,2,3,1,0,1,80,3,3,2,0,1,0,42.0,33.0,deux_roues,voiture,1,1,1,1,5
202200033854,2022-05-18 14:05:00,2022,5,18,14,5,89,89434,23 Route de la Collate,48.158736,3.434,Plein jour,En agglomération,Hors intersection,Normale,Deux véhicules - côté,4,2,2,0,1,1,1,0,1,50,2,2,1,0,0,1,16.0,35.0,deux_roues,voiture,1,2,1,1,3
202200033855,2022-05-19 13:37:00,2022,5,19,13,37,51,51299,N51,49.345788,4.188495,Plein jour,Hors agglomération,Hors intersection,Normale,Sans collision,2,3,4,0,1,1,1,0,1,110,1,1,0,0,1,0,56.0,,deux_roues,,1,1,1,1,7
202200033856,2022-05-19 05:45:00,2022,5,19,5,45,19,19237,D980,45.134007,2.074855,Crépuscule ou aube,Hors agglomération,Hors intersection,Normale,Deux véhicules - frontale,3,2,2,0,1,1,1,0,1,90,2,2,1,1,0,0,60.0,54.0,deux_roues,voiture,2,1,1,1,1
202200033857,2022-05-19 08:00:00,2022,5,19,8,0,74,74104,4017 Route d Annecy,45.813025,6.209767,Plein jour,En agglomération,Hors intersection,Normale,Trois véhicules et plus - en chaîne,3,2,2,0,1,1,1,0,1,50,3,6,5,0,0,1,44.0,44.0,voiture,utilitaire_camion,1,2,1,1,4
202200033858,2022-05-19 12:06:00,2022,5,19,12,6,79,79251,6 Route de Mont,46.183017,-0.13978,Plein jour,En agglomération,Hors intersection,Normale,Sans collision,4,2,2,0,2,2,1,9,3,50,1,1,0,0,1,0,21.0,,voiture,,1,2,1,1,7
202200033859,2022-05-18 12:20:00,2022,5,18,12,20,79,79170,,46.192658,-0.615116,Plein jour,Hors agglomération,Hors intersection,Normale,Autre collision,4,2,2,0,1,2,1,0,1,80,2,2,1,0,0,1,20.0,62.0,deux_roues,voiture,1,1,1,1,6
202200033860,2022-05-19 18:40:00,2022,5,19,18,40,82,82037,2156 Route de Saint Martin,44.145873,1.576363,Plein jour,Hors agglomération,Hors intersection,Normale,Deux véhicules - frontale,4,2,2,0,1,1,1,0,1,80,2,2,1,0,1,0,16.0,52.0,deux_roues,voiture,1,1,1,1,1
202200033861,2022-05-18 23:30:00,2022,5,18,23,30,33,33466,,44.817776,-0.271096,Nuit sans éclairage public,En agglomération,Hors intersection,Normale,Sans collision,3,2,2,0,1,1,1,0,8,70,1,1,0,0,0,1,45.0,,voiture,,3,2,1,1,7
202200033862,2022-05-18 22:00:00,2022,5,18,22,0,71,71533,RD8 / ROUTE DES PINS DE LORMAY,46.215322,4.285132,Nuit avec éclairage allumé,Hors agglomération,Intersection en X,Normale,Deux véhicules - côté,3,2,1,0,1,1,1,0,1,80,2,2,0,0,1,1,15.0,25.0,deux_roues,voiture,5,1,2,1,3
202200033863,2022-05-18 17:10:00,2022,5,18,17,10,89,89025,Rue des Isles Labaume,47.483569,3.898773,Plein jour,En agglomération,Hors intersection,Normale,Autre collision,3,2,2,0,2,2,1,0,1,50,1,1,0,0,1,0,16.0,,deux_roues,,1,2,1,1,6
202200033864,2022-05-19 09:00:00,2022,5,19,9,0,89,89364,Les Guettes,47.464308,3.789752,Plein jour,Hors agglomération,Hors intersection,Normale,Autre collision,3,2,2,0,2,3,1,0,3,80,1,1,0,0,1,0,50.0,,voiture,,1,1,1,1,6
202200033865,2022-05-19 07:30:00,2022,5,19,7,30,49,49284,la janiere,47.409423,-0.797721,Plein jour,Hors agglomération,Intersection en T,Temps couvert,Deux véhicules - côté,3,2,2,0,1,1,1,5,1,70,2,2,1,1,0,0,37.0,45.0,utilitaire_camion,voiture,1,1,3,8,3
202200033866,2022-05-19 10:10:00,2022,5,19,10,10,12,12138,14 rue du tour de ville,44.474423,2.463679,Plein jour,En agglomération,Hors intersection,Temps éblouissant,Autre collision,3,2,2,0,1,3,1,0,1,30,1,2,1,0,1,0,63.0,,voiture,,1,2,1,7,6
202200033867,2022-05-19 06:50:00,2022,5,19,6,50,34,34100,D612,43.4634035649,2.8854355886,Plein jour,Hors agglomération,Hors intersection,Normale,Deux véhicules - frontale,3,2,2,0,2,4,1,0,1,90,2,3,0,0,1,2,24.0,71.0,voiture,voiture,1,1,1,1,1
202200033868,2022-05-13 23:45:00,2022,5,13,23,45,44,44098,12 le Bon Tour,47.480012,-2.183892,Nuit sans éclairage public,Hors agglomération,Hors intersection,Normale,Sans collision,3,2,2,0,1,3,1,0,3,70,1,3,0,0,1,2,18.0,,voiture,,3,1,1,1,7
202200033869,2022-04-14 13:55:00,2022,4,14,13,55,29,29245,Pen ar Forest,48.45692012,-4.362343847,Plein jour,Hors agglomération,Intersection en T,Normale,Deux véhicules - côté,3,2,2,0,1,1,1,0,1,80,2,3,2,0,1,0,67.0,15.0,voiture,deux_roues,1,1,3,1,3
202200033870,2022-05-19 09:45:00,2022,5,19,9,45,03,03043,D218 / D578,46.2,3.288727,Plein jour,Hors agglomération,Intersection en X,Normale,Deux véhicules - côté,3,2,2,0,1,1,1,5,1,90,2,3,0,1,1,1,23.0,73.0,voiture,voiture,1,1,2,1,3
202200033871,2022-05-19 09:55:00,2022,5,19,9,55,15,15162,D3 - PR 22+680,45.280047,2.664168,Plein jour,En agglomération,Giratoire,Normale,Autre collision,3,2,2,0,1,2,1,0,3,50,1,3,2,0,0,1,72.0,,voiture,,1,2,6,1,6
202200033872,2022-05-17 11:24:00,2022,5,17,11,24,01,01036,680 Rue de la Bavoisiere,45.881214,5.67093,Plein jour,Hors agglomération,Hors intersection,Temps éblouissant,Autre collision,3,2,2,0,2,1,1,0,3,80,1,1,0,0,0,1,41.0,,utilitaire_camion,,1,1,1,7,6
202200033873,2022-05-19 15:11:00,2022,5,19,15,11,70,70352,D 138,47.911462975,6.5912657985,Plein jour,Hors agglomération,Hors intersection,Normale,Autre collision,3,2,2,0,2,1,1,0,1,80,1,2,1,0,0,1,63.0,,voiture,,1,1,1,1,6
202200033874,2022-05-17 16:40:00,2022,5,17,16,40,26,26277,D113,44.667981,4.937067,Plein jour,Hors agglomération,Hors intersection,Normale,Deux véhicules - côté,3,2,2,0,2,3,1,0,1,80,2,2,1,0,1,0,32.0,32.0,utilitaire_camion,deux_roues,1,1,1,1,3
202200033875,2022-05-16 15:15:00,2022,5,16,15,15,06,06023,2 Avenue des anciens combattants en AFN,43.940459,7.516816,Plein jour,En agglomération,Autre intersection,Normale,Autre collision,6,-1, -1,0,1,1,1,9,8,30,1,2,1,0,1,0,39.0,,voiture,,1,2,9,1,6
202200033876,2022-05-16 17:40:00,2022,5,16,17,40,05,05092,RD46,44.498197,6.022895,Plein jour,Hors agglomération,Hors intersection,Normale,Sans collision,3,2,2,0,2,3,9,0,1,80,1,1,0,0,0,1,54.0,,deux_roues,,1,1,1,1,7
202200033877,2022-05-19 18:00:00,2022,5,19,18,0,36,36214,,46.4339763073,2.0168226957,Plein jour,Hors agglomération,Hors intersection,Normale,Autre collision,3,2,2,0,1,1,1,0,3,80,1,1,0,0,1,0,46.0,,utilitaire_camion,,1,1,1,1,6
202200033878,2022-05-19 11:15:00,2022,5,19,11,15,16,16242,,46.003567,0.325144,Plein jour,Hors agglomération,Hors intersection,Temps couvert,Autre collision,4,2,2,0,2,1,1,0,1,80,1,2,1,0,1,0,50.0,,utilitaire_camion,,1,1,1,8,6
202200033879,2022-05-19 16:30:00,2022,5,19,16,30,07,07090,Chemin de Leouze,44.7482,4.65558,Plein jour,Hors agglomération,Hors intersection,Normale,Sans collision,4,2,1,0,1,1,1,0,3,80,1,1,0,0,1,0,15.0,,deux_roues,,1,1,1,1,7
202200033880,2022-05-17 17:50:00,2022,5,17,17,50,973,97307,RN1,4.900643,-52.362685,Plein jour,Hors agglomération,Hors intersection,Normale,Deux véhicules - côté,2,2,2,0,1,1,1,0,1,80,2,3,1,0,2,0,39.0,34.0,deux_roues,voiture,1,1,1,1,3
202200033881,2022-05-19 10:50:00,2022,5,19,10,50,06,06152,97 Rue Dostoievski,43.613861,7.056271,Plein jour,Hors agglomération,Hors intersection,Normale,Autre collision,4,2,2,0,1,1,1,0,1,50,1,1,0,0,1,0,55.0,,deux_roues,,1,1,1,1,6
202200033882,2022-05-19 05:00:00,2022,5,19,5,0,44,44003,A11,47.405466,-1.176133,Nuit sans éclairage public,Hors agglomération,Hors intersection,Normale,Sans collision,1,3,2,0,1,1,1,0,3,130,1,1,0,0,1,0,33.0,,utilitaire_camion,,3,1,1,1,7
202200033883,2022-05-17 07:35:00,2022,5,17,7,35,68,68300,a36 - pk 109.400,47.775134,7.387099,Plein jour,Hors agglomération,Hors intersection,Normale,Deux véhicules - côté,1,3,4,0,1,1,1,0,1,110,2,3,2,0,1,0,35.0,19.0,voiture,voiture,1,1,1,1,3
202200033884,2022-05-19 09:40:00,2022,5,19,9,40,38,38150,d11,45.201508,5.838437,Plein jour,En agglomération,Intersection en X,Normale,Autre collision,7,2,2,0,1,1,1,0,1,50,1,2,1,0,1,0,35.0,,utilitaire_camion,,1,2,2,1,6
202200033885,2022-05-19 11:50:00,2022,5,19,11,50,51,51087,A26,48.837436,4.288015,Plein jour,Hors agglomération,Hors intersection,Normale,Deux véhicules - arrière,1,1,4,0,1,1,1,0,1,130,2,3,2,0,0,1,26.0,85.0,utilitaire_camion,voiture,1,1,1,1,2
202200033886,2022-05-18 18:50:00,2022,5,18,18,50,971,97112,Lieu Dit Morne Lolo,15.907464,-61.276444,Nuit avec éclairage allumé,Hors agglomération,Intersection en T,Normale,Deux véhicules - frontale,2,2,2,0,1,1,1,0,1,70,2,2,1,1,0,0,33.0,21.0,utilitaire_camion,deux_roues,5,1,3,1,1
202200033887,2022-05-18 13:30:00,2022,5,18,13,30,41,41129,Rue de Morest,47.629566,1.47661,Plein jour,En agglomération,Intersection en X,Normale,Deux véhicules - côté,3,2,2,0,1,1,1,0,1,50,2,2,1,0,0,1,50.0,21.0,utilitaire_camion,utilitaire_camion,1,2,2,1,3
202200033888,2022-05-18 18:00:00,2022,5,18,18,0,41,41134,Rue de Marigny,47.639919,1.407441,Plein jour,En agglomération,Intersection en T,Normale,Deux véhicules - côté,3,2,2,0,1,1,1,0,1,50,2,4,3,0,1,0,19.0,34.0,voiture,deux_roues,1,2,3,1,3
202200033889,2022-05-18 17:10:00,2022,5,18,17,10,95,95298,RD 22,49.180446,2.047803,Plein jour,Hors agglomération,Hors intersection,Normale,Deux véhicules - côté,3,2,2,0,1,1,1,0,1,50,2,6,2,0,1,3,43.0,71.0,voiture,voiture,1,1,1,1,3
202200033890,2022-05-19 11:00:00,2022,5,19,11,0,2B,2B007,D84,42.309339,8.962183,Plein jour,Hors agglomération,Hors intersection,Normale,Deux véhicules - frontale,3,2,2,0,2,2,1,0,1,80,2,2,1,0,1,0,48.0,80.0,transport_commun,voiture,1,1,1,1,1
202200033891,2022-05-18 18:20:00,2022,5,18,18,20,11,11286,les tuileries,43.3044117372,2.6000876961,Plein jour,Hors agglomération,Hors intersection,Normale,Autre collision,3,2,2,0,4,2,1,0,3,80,1,1,0,0,1,0,61.0,,voiture,,1,1,1,1,6
202200033892,2022-05-19 08:00:00,2022,5,19,8,0,84,84019,Le Sactar,44.306942,4.734282,Plein jour,Hors agglomération,Hors intersection,Normale,Deux véhicules - côté,3,-1,2,0,1,2,1,0,1,70,2,2,1,0,1,0,31.0,76.0,deux_roues,voiture,1,1,1,1,3
202200033893,2022-05-19 08:35:00,2022,5,19,8,35,05,05070,Avenue du Maquis Morvan,44.3115609804,5.8228719234,Plein jour,En agglomération,Hors intersection,Normale,Sans collision,4,2,2,0,1,1,1,0,1,50,1,2,1,0,1,0,63.0,,voiture,,1,2,1,1,7
202200033894,2022-05-18 16:00:00,2022,5,18,16,0,26,26197,D143,44.935937,5.023799,Plein jour,En agglomération,Intersection en T,Normale,Autre collision,3,2,2,0,1,3,1,0,1,50,1,2,1,0,1,0,32.0,,voiture,,1,2,3,1,6
202200033895,2022-05-19 08:20:00,2022,5,19,8,20,69,69052,Rue du Clos Chapuis,45.870784,4.704958,Plein jour,En agglomération,Autre intersection,Normale,Autre collision,4,2,2,2,4,2,1,0,1,50,1,1,0,0,0,1,14.0,,deux_roues,,1,2,9,1,6
202200033896,2022-05-19 12:30:00,2022,5,19,12,30,81,81046,1068 Route de la Rivayrole,43.834612,2.037846,Plein jour,Hors agglomération,Hors intersection,Temps éblouissant,Autre collision,3,2,2,0,1,1,1,0,1,70,1,1,0,0,1,0,59.0,,voiture,,1,1,1,7,6
202200033897,2022-05-19 15:50:00,2022,5,19,15,50,17,17429,D238 E1,45.915661,-0.993855,Plein jour,Hors agglomération,Intersection en X,Normale,Deux véhicules - côté,3,2,2,0,2,1,1,0,1,80,2,3,0,0,1,2,22.0,75.0,voiture,voiture,1,1,2,1,3
202200033898,2022-05-19 08:45:00,2022,5,19,8,45,86,86017,D27,46.666172,0.06522,Plein jour,Hors agglomération,Hors intersection,Normale,Deux véhicules - frontale,3,2,2,0,2,2,1,0,1,80,2,5,1,0,1,3,53.0,22.0,transport_commun,voiture,1,1,1,1,1
202200033899,2022-05-13 17:50:00,2022,5,13,17,50,33,33123,6 La Baronnerie,45.097685,-0.414991,Plein jour,Hors agglomération,Hors intersection,Normale,Autre collision,3,2,2,0,1,2,1,0,3,80,1,2,1,0,0,1,18.0,,deux_roues,,1,1,1,1,6
202200033900,2022-05-18 14:50:00,2022,5,18,14,50,72,72025,D37,47.65118,-0.112288,Plein jour,Hors agglomération,Hors intersection,Normale,Autre collision,3,2,2,0,1,1,1,8,1,80,1,1,0,0,1,0,15.0,,deux_roues,,1,1,1,1,6
202200033901,2022-05-19 13:15:00,2022,5,19,13,15,27,27249,1 Rue de Marinette,49.175023,1.222374,Plein jour,En agglomération,Hors intersection,Normale,Deux véhicules - côté,9,2,2,0,1,2,1,0,1,50,2,2,0,0,0,2,52.0,20.0,voiture,voiture,1,2,1,1,3
202200033902,2022-05-18 16:05:00,2022,5,18,16,5,76,76684,D982,49.482412,0.442189,Plein jour,Hors agglomération,Giratoire,Normale,Deux véhicules - arrière,3,1,1,0,1,2,1,0,1,-1,2,2,1,0,0,1,58.0,57.0,deux_roues,voiture,1,1,6,1,2
202200033903,2022-05-19 16:45:00,2022,5,19,16,45,60,60620,D115,49.3102271741,2.161444187,Plein jour,Hors agglomération,Hors intersection,Normale,Deux véhicules - côté,3,2,2,0,1,3,1,0,1,70,2,2,1,1,0,0,85.0,75.0,voiture,deux_roues,1,1,1,1,3
202200033904,2022-05-18 15:06:00,2022,5,18,15,6,13,13212,A507 sens Aubagne- Marseille,43.312231,5.424283,Plein jour,Hors agglomération,Hors intersection,Normale,Deux véhicules - côté,1,3,3,0,1,1,1,1,1,70,2,3,2,0,0,1,21.0,52.0,voiture,voiture,1,1,1,1,3
202200033905,2022-05-14 15:30:00,2022,5,14,15,30,59,59234,AUTOROUTE A21,50.3987159742,3.0973935127,Plein jour,Hors agglomération,Hors intersection,Normale,Sans collision,1,-1,4,0,1,1,1,0,1,130,1,1,0,0,0,1,30.0,,deux_roues,,1,1,1,1,7
202200033906,2022-05-18 12:00:00,2022,5,18,12,0,91,91549,RN 104,48.6265,2.3463,Plein jour,Hors agglomération,Hors intersection,Normale,Sans collision,2,1,2,0,1,1,1,0,1,110,1,1,0,0,0,1,26.0,,voiture,,1,1,1,1,7
202200033907,2022-05-18 09:10:00,2022,5,18,9,10,91,91286,RD 310,48.652183,2.395279,Plein jour,Hors agglomération,Hors intersection,Normale,Deux véhicules - arrière,3,1,2,0,1,1,1,0,1,70,2,2,1,0,0,1,51.0,25.0,voiture,voiture,1,1,1,1,2
202200033908,2022-05-17 20:10:00,2022,5,17,20,10,92,92036,A86,48.9338817685,2.2721018498,Plein jour,Hors agglomération,Hors intersection,Normale,Deux véhicules - arrière,1,1,2,0,1,2,1,0,1,90,2,2,1,0,0,1,41.0,39.0,deux_roues,voiture,1,1,1,1,2
202200033909,2022-05-17 15:20:00,2022,5,17,15,20,93,93010,AUTOROUTE A3,48.90601,2.47229,Plein jour,Hors agglomération,Hors intersection,Normale,Deux véhicules - côté,1,3,6,0,1,1,1,0,1,90,2,2,1,0,0,1,39.0,19.0,voiture,voiture,1,1,1,1,3
202200033910,2022-05-17 07:45:00,2022,5,17,7,45,93,93066,AUTOROUTE A1,48.9298545664,2.3630797568,Plein jour,Hors agglomération,Hors intersection,Normale,Trois véhicules et plus - en chaîne,1,3,5,0,1,1,1,0,1,90,3,3,2,0,0,1,25.0,62.0,voiture,voiture,1,1,1,1,4
202200033911,2022-05-17 08:45:00,2022,5,17,8,45,93,93078,AUTOROUTE A104,48.9709955381,2.4997899978,Plein jour,Hors agglomération,Hors intersection,Normale,Trois véhicules et plus - en chaîne,1,3,4,0,1,1,1,0,1,110,3,3,2,0,0,1,33.0,26.0,utilitaire_camion,utilitaire_camion,1,1,1,1,4
202200033912,2022-05-18 08:30:00,2022,5,18,8,30,75,75112,A4,48.81762,2.45476,Plein jour,Hors agglomération,Hors intersection,Normale,Deux véhicules - arrière,1,1,4,0,1,1,1,0,1,90,2,2,0,0,0,2,22.0,29.0,deux_roues,voiture,1,1,1,1,2
202200033913,2022-05-16 23:30:00,2022,5,16,23,30,94,94033,A86.INT,48.850108308,2.4903935051,Nuit sans éclairage public,Hors agglomération,Hors intersection,Normale,Autre collision,1,-1,3,0,1,1,1,0,1,90,1,1,0,0,0,1,26.0,,deux_roues,,3,1,1,1,6
202200033914,2022-03-15 17:45:00,2022,3,15,17,45,80,80696,Rue-de-la-Chaussée,49.819234,2.319234,Plein jour,En agglomération,Autre intersection,Normale,Autre collision,3,2,2,0,1,1,1,0,1,50,1,2,1,0,0,1,52.0,,voiture,,1,2,9,1,6
202200033915,2022-04-17 11:30:00,2022,4,17,11,30,94,94019,Rue du Pont,48.79046,2.52438,Plein jour,En agglomération,Hors intersection,Normale,Deux véhicules - arrière,3,2,2,0,2,3,1,0,1,50,2,2,1,0,0,1,74.0,52.0,voiture,deux_roues,1,2,1,1,2
202200033916,2022-04-17 16:23:00,2022,4,17,16,23,87,87065,RD 98,45.79547,1.32636,Plein jour,Hors agglomération,Hors intersection,Normale,Sans collision,3,2,2,0,1,4,1,0,1,80,1,1,0,0,1,0,34.0,,deux_roues,,1,1,1,1,7
202200033917,2022-04-16 16:30:00,2022,4,16,16,30,22,22182,RD712 ÉCHANGEUR DE LA BRAGUETTE,48.531802,-2.936448,Plein jour,Hors agglomération,Autre intersection,Temps éblouissant,Deux véhicules - côté,3,2,2,0,3,1,1,0,1,80,2,2,1,0,1,0,55.0,18.0,voiture,deux_roues,1,1,9,7,3
202200033918,2022-04-16 12:15:00,2022,4,16,12,15,61,61007,Route de Condé,48.813664,-0.527542,Plein jour,Hors agglomération,Intersection en T,Normale,Deux véhicules - côté,3,2,2,0,1,1,1,0,1,50,2,2,1,0,1,0,82.0,21.0,voiture,deux_roues,1,1,3,1,3
202200033919,2022-04-17 02:57:00,2022,4,17,2,57,64,64438,Chemin des Chênes,43.330001,-0.238008,Nuit sans éclairage public,Hors agglomération,Hors intersection,Normale,Autre collision,3,2,2,0,1,1,1,0,3,70,1,1,0,0,1,0,27.0,,voiture,,3,1,1,1,6
202200033920,2022-04-15 14:20:00,2022,4,15,14,20,35,35131,La Bretonnière,48.13447335,-1.8252827972,Plein jour,Hors agglomération,Hors intersection,Normale,Autre collision,7,2,2,0,1,3,1,0,1,70,1,1,0,0,1,0,39.0,,deux_roues,,1,1,1,1,6
202200033921,2022-04-15 17:30:00,2022,4,15,17,30,16,16146,Route de Périgueux,45.619442,0.254716,Plein jour,Hors agglomération,Hors intersection,Normale,Trois véhicules et plus - en chaîne,3,2,2,0,1,1,1,0,1,70,3,3,2,0,1,0,38.0,64.0,voiture,voiture,1,1,1,1,4
202200033922,2022-03-11 21:00:00,2022,3,11,21,0,06,06029,PICAUD (AVENUE DU DOCTEUR),43.5506,6.9965,Nuit avec éclairage allumé,En agglomération,Hors intersection,Normale,Autre collision,4,2,2,0,1,1,1,0,4,50,1,2,1,0,1,0,19.0,,deux_roues,,5,2,1,1,6
202200033923,2022-05-17 20:20:00,2022,5,17,20,20,974,97416,LORION(RUE LUC),-21.33104,55.47246,Nuit avec éclairage allumé,En agglomération,Hors intersection,Pluie légère,Deux véhicules - côté,4,1,2,0,2,1,2,0,1,50,2,2,1,0,0,1,48.0,41.0,utilitaire_camion,deux_roues,5,2,1,2,3
202200033924,2022-05-16 12:30:00,2022,5,16,12,30,974,97416,RN3 (ANCIENNE ROUTE),-21.29177,55.51332,Plein jour,En agglomération,Hors intersection,Normale,Deux véhicules - arrière,2,2,2,0,2,1,1,0,1,110,2,2,1,0,1,0,20.0,66.0,utilitaire_camion,voiture,1,2,1,1,2
202200033925,2022-05-17 15:20:00,2022,5,17,15,20,974,97411,GARE (DE LA),-20.89438,55.49149,Plein jour,En agglomération,Intersection en Y,Normale,Deux véhicules - arrière,4,2,2,0,1,3,1,9,1,30,2,2,1,0,0,1,46.0,36.0,deux_roues,deux_roues,1,2,4,1,2
202200033926,2022-05-16 07:50:00,2022,5,16,7,50,974,97411,MONTAGNE (ROUTE DE LA),-20.87952,55.44379,Plein jour,En agglomération,Intersection en T,Normale,Deux véhicules - arrière,4,2,2,0,2,1,1,0,1,50,2,2,1,0,0,1,42.0,63.0,voiture,voiture,1,2,3,1,2
202200033927,2022-05-17 18:00:00,2022,5,17,18,0,973,97302,BADUEL (ROUTE DE),4.9290304816,-52.3005759716,Plein jour,En agglomération,Hors intersection,Normale,Deux véhicules - côté,3,2,2,1,1,1,1,0,1,50,2,3,2,0,0,1,15.0,65.0,deux_roues,voiture,1,2,1,1,3
202200033928,2022-05-17 12:10:00,2022,5,17,12,10,973,97302,PASTEUR (AVENUE LOUIS),4.9433542461,-52.3240479827,Plein jour,En agglomération,Hors intersection,Normale,Autre collision,4,1,2,0,1,1,1,0,1,50,1,2,1,0,0,1,22.0,,voiture,,1,2,1,1,6
202200033929,2022-05-18 01:15:00,2022,5,18,1,15,69,69387,Avenue Berthelot,45.74232,4.85076,Nuit avec éclairage allumé,En agglomération,Intersection en X,Normale,Deux véhicules - côté,4,1,2,3,1,1,1,0,6,50,2,2,1,0,1,0,22.0,24.0,voiture,voiture,5,2,2,1,3