accident_id,datetime,annee,mois,jour,heure,minute,departement,commune_insee,adresse,latitude,longitude,luminosite,agglomeration,intersection,meteo,collision,catr,circ,nbv,vosp,prof,plan,surf,infra,situ,vma,nb_vehicules,nb_usagers,nb_indemnes,nb_tues,nb_blesses_hosp,nb_blesses_legers,age_cond_1,age_cond_2,veh_type_cond_1,veh_type_cond_2,lum_code,agg_code,int_code,atm_code,col_code
202200033930,2022-06-26 17:15:00,2022,6,26,17,15,74,74173,603 Route Nationale,45.863952,6.625246,Plein jour,En agglomération,Hors intersection,Normale,Deux véhicules - arrière,3,2,2,0,1,1,1,0,1,50,2,3,1,1,0,1,52.0,21.0,deux_roues,voiture,1,2,1,1,2
202200033931,2022-06-26 10:15:00,2022,6,26,10,15,74,74242,Route de la Magne,45.816395,6.171613,Plein jour,Hors agglomération,Hors intersection,Normale,Sans collision,3,2,2,0,2,1,1,0,3,80,1,1,0,0,1,0,39.0,,deux_roues,,1,1,1,1,7
202200033932,2022-05-17 19:10:00,2022,5,17,19,10,69,69383,Rue Duguesclin,45.75483,4.84998,Plein jour,En agglomération,Intersection en X,Normale,Deux véhicules - frontale,4,2,2,2,1,1,1,0,1,30,2,2,1,0,0,1,43.0,64.0,deux_roues,voiture,1,2,2,1,1
202200033933,2022-06-25 03:55:00,2022,6,25,3,55,74,74158,Route du Pays de la Côte,46.255079,6.335544,Nuit sans éclairage public,Hors agglomération,Hors intersection,Normale,Deux véhicules - frontale,3,2,2,0,1,3,1,0,1,80,2,2,0,0,1,1,22.0,28.0,utilitaire_camion,voiture,3,1,1,1,1
202200033934,2022-05-17 09:45:00,2022,5,17,9,45,69,69388,Rue Professeur Beauvisage,45.729,4.86662,Plein jour,En agglomération,Intersection en T,Normale,Autre collision,4,2,2,2,1,1,1,0,1,50,1,2,1,0,0,1,79.0,,utilitaire_camion,,1,2,3,1,6
202200033935,2022-06-21 21:30:00,2022,6,21,21,30,74,74058,Lieu-dit  Ville du Nant,46.285453,6.813283,Crépuscule ou aube,Hors agglomération,Hors intersection,Normale,Sans collision,3,-1,2,0,2,3,1,0,8,80,1,3,0,0,1,2,26.0,,voiture,,2,1,1,1,7
202200033936,2022-05-17 13:35:00,2022,5,17,13,35,972,97213,AUTOROUTE (A1),14.61883,-61.02799,Plein jour,Hors agglomération,Hors intersection,Normale,Deux véhicules - arrière,1,2,8,3,2,1,1,0,1,90,2,2,1,0,0,1,,33.0,voiture,voiture,1,1,1,1,2
202200033937,2022-06-18 19:50:00,2022,6,18,19,50,74,74128,Route des Vallées,46.150271,6.329788,Plein jour,Hors agglomération,Hors intersection,Normale,Deux véhicules - frontale,3,2,2,0,2,2,1,0,1,80,2,4,3,0,0,1,33.0,30.0,utilitaire_camion,voiture,1,1,1,1,1
202200033938,2022-05-17 18:30:00,2022,5,17,18,30,69,69389,Rue Sergent Michel Berthet,45.7723013737,4.8054251075,Plein jour,En agglomération,Intersection en T,Normale,Autre collision,4,2,2,0,1,1,1,0,1,30,1,2,1,0,0,1,27.0,,deux_roues,,1,2,3,1,6
202200033939,2022-06-18 14:45:00,2022,6,18,14,45,74,74067,Route des Creuses,45.877849,6.033425,Plein jour,Hors agglomération,Hors intersection,Normale,Deux véhicules - côté,3,2,2,0,3,3,1,0,1,80,2,2,1,0,1,0,26.0,24.0,voiture,voiture,1,1,1,1,3
202200033940,2022-05-17 14:40:00,2022,5,17,14,40,69,69381,Rue du Garet,45.76613,4.83683,Plein jour,En agglomération,Intersection en X,Normale,Deux véhicules - côté,4,1,1,2,1,1,1,5,1,30,2,2,1,0,0,1,38.0,15.0,voiture,deux_roues,1,2,2,1,3
202200033941,2022-06-03 07:45:00,2022,6,3,7,45,74,74167,route  d'annecy,45.765337,6.338027,Plein jour,Hors agglomération,Hors intersection,Normale,Deux véhicules - arrière,3,2,2,0,1,1,1,0,1,80,2,2,1,0,1,0,27.0,18.0,utilitaire_camion,deux_roues,1,1,1,1,2
202200033942,2022-09-30 09:35:00,2022,9,30,9,35,974,97416,PERIASSAMY (CHEMIN),-21.301737,55.486458,Plein jour,Hors agglomération,Hors intersection,Normale,Sans collision,4,2,2,0,2,1,1,0,1,30,1,1,0,0,1,0,48.0,,deux_roues,,1,1,1,1,7
202200033943,2022-05-17 19:10:00,2022,5,17,19,10,2B,2B033,ST FLORENT-ANCIENNE RT DE,42.68703,9.42811,Plein jour,En agglomération,Intersection en T,Normale,Deux véhicules - côté,3,2,2,0,2,1,1,0,1,70,2,2,1,0,1,0,21.0,51.0,voiture,deux_roues,1,2,3,1,3
202200033944,2022-09-30 07:00:00,2022,9,30,7,0,974,97416,LORION(RUE LUC),-21.33992,55.46935,Crépuscule ou aube,En agglomération,Intersection en T,Normale,Deux véhicules - côté,4,2,2,0,2,1,1,0,1,50,2,2,1,0,1,0,42.0,15.0,voiture,deux_roues,2,2,3,1,3
202200033945,2022-05-17 17:00:00,2022,5,17,17,0,2A,2A004,ILES SANGUINAIRES ROUTE DES,41.90849,8.70209,Plein jour,En agglomération,Giratoire,Temps éblouissant,Deux véhicules - côté,3,2,2,0,1,2,1,0,1,50,2,2,1,0,0,1,50.0,57.0,deux_roues,voiture,1,2,6,7,3
202200033946,2022-05-17 17:45:00,2022,5,17,17,45,95,95277,Boulevard de l'hopital,48.9941420424,2.4513486028,Plein jour,En agglomération,Hors intersection,Temps éblouissant,Deux véhicules - côté,4,2,2,3,1,1,1,0,6,50,2,2,0,0,0,2,55.0,25.0,voiture,voiture,1,2,1,7,3
202200033947,2022-09-30 18:35:00,2022,9,30,18,35,974,97411,JAURES (BOULEVARD JEAN),-20.902279,55.502863,Nuit avec éclairage allumé,En agglomération,Giratoire,Normale,Deux véhicules - arrière,2,3,4,1,2,1,1,9,1,70,2,2,1,0,0,1,31.0,,voiture,voiture,5,2,6,1,2
202200033948,2022-05-17 09:40:00,2022,5,17,9,40,95,95427,RD 193,48.9612070576,2.3318132758,Plein jour,En agglomération,Hors intersection,Normale,Autre collision,3,2,2,0,1,1,1,0,1,50,1,2,1,0,0,1,46.0,,utilitaire_camion,,1,2,1,1,6
202200033949,2022-09-30 12:10:00,2022,9,30,12,10,974,97411,PROVIDENCE (BOULEVARD DE LA),-20.89396,55.45715,Plein jour,En agglomération,Hors intersection,Normale,Autre collision,4,2,2,0,1,1,1,0,1,50,1,2,1,0,0,1,62.0,,voiture,,1,2,1,1,6
202200033950,2022-09-30 22:45:00,2022,9,30,22,45,69,69388,Boulevard Jean XXIII,45.7414296449,4.876178205,Nuit avec éclairage allumé,En agglomération,Autre intersection,Normale,Autre collision,4,2,2,3,1,1,9,9,6,30,1,1,0,0,1,0,30.0,,deux_roues,,5,2,9,1,6
202200033951,2022-05-12 23:04:00,2022,5,12,23,4,95,95476,RN 14,49.0563951499,2.0443797112,Nuit sans éclairage public,Hors agglomération,Hors intersection,Normale,Autre collision,2,3,4,3,1,1,1,0,1,110,1,2,1,1,0,0,,,voiture,,3,1,1,1,6
202200033952,2022-09-29 18:50:00,2022,9,29,18,50,972,97209,BALATA (ROUTE DE),14.639902,-61.07443,Nuit avec éclairage allumé,Hors agglomération,Hors intersection,Pluie forte,Autre collision,2,2,2,0,2,1,2,0,4,70,1,1,0,0,1,0,73.0,,voiture,,5,1,1,3,6
202200033953,2022-05-17 16:35:00,2022,5,17,16,35,91,91326,ALBERT SARRAULT (AVENUE),48.69455,2.3615,Plein jour,En agglomération,,Normale,Deux véhicules - côté,4,2,6,0,1,1,1,0,1,50,2,2,1,0,0,1,18.0,23.0,deux_roues,voiture,1,2,-1,1,3
202200033954,2022-09-30 11:23:00,2022,9,30,11,23,2A,2A004,T40,41.93199,8.80344,Plein jour,Hors agglomération,Autre intersection,Temps couvert,Deux véhicules - côté,2,3,3,0,1,1,1,8,1,30,2,2,1,0,1,0,72.0,54.0,voiture,deux_roues,1,1,9,8,3
202200033955,2022-05-17 08:45:00,2022,5,17,8,45,91,91434,JEAN RAYNAL (RUE),48.66351,2.35098,Plein jour,En agglomération,Hors intersection,Normale,Autre collision,3,1,1,0,2,1,1,0,4,30,1,2,1,0,0,1,24.0,,voiture,,1,2,1,1,6
202200033956,2022-09-30 17:45:00,2022,9,30,17,45,91,91114,ROUTE NATIONALE 5,48.6853060209,2.4876844883,Plein jour,En agglomération,Hors intersection,Normale,Sans collision,3,3,4,0,1,1,1,0,1,50,1,1,0,0,0,1,85.0,,voiture,,1,2,1,1,7
202200033957,2022-05-16 18:45:00,2022,5,16,18,45,91,91223,MAI 1945 (AVENUE DU 8),48.43979,2.15728,Plein jour,En agglomération,Hors intersection,Normale,Deux véhicules - arrière,3,2,2,0,2,1,1,0,1,50,2,2,1,0,0,1,52.0,19.0,voiture,voiture,1,2,1,1,2
202200033958,2022-09-30 11:20:00,2022,9,30,11,20,91,91201,BD HENRI BARBUSSE,48.667757,2.41635,Plein jour,En agglomération,Intersection en T,Normale,Autre collision,4,2,3,0,1,1,1,0,1,30,1,2,1,0,0,1,73.0,,voiture,,1,2,3,1,6
202200033959,2022-09-30 08:35:00,2022,9,30,8,35,91,91421,NATIONALE 6 (GLACIERE),48.71239,2.4422,Plein jour,Hors agglomération,Hors intersection,Normale,Autre collision,3,2,2,0,1,3,1,0,1,90,1,2,1,0,0,1,30.0,,utilitaire_camion,,1,1,1,1,6
202200033960,2022-09-30 07:45:00,2022,9,30,7,45,91,91027,AV MARCEL SEMBAT,48.70713,2.3765,Plein jour,En agglomération,Hors intersection,Normale,Autre collision,3,2,0,0,1,1,1,0,1,30,1,2,1,0,0,1,65.0,,voiture,,1,2,1,1,6
202200033961,2022-05-17 01:45:00,2022,5,17,1,45,78,78586,CLEMENCEAU (G.) N°1 A 53,48.942693,2.192955,Nuit sans éclairage public,En agglomération,Hors intersection,Normale,Deux véhicules - côté,4,-1,2,0,1,1,1,0,1,50,2,3,1,0,0,2,23.0,50.0,utilitaire_camion,transport_commun,3,2,1,1,3
202200033962,2022-09-28 09:08:00,2022,9,28,9,8,87,87113,MITTERRAND (AVENUE FRANCOIS),45.87351,1.34211,Plein jour,Hors agglomération,Hors intersection,Pluie légère,Sans collision,3,2,2,0,1,1,2,0,1,70,1,1,0,0,0,1,19.0,,voiture,,1,1,1,2,7
202200033963,2022-09-27 13:20:00,2022,9,27,13,20,83,83144,LUMIERE (AVE DES FRERES),43.13483,5.99776,Plein jour,En agglomération,Hors intersection,Normale,Deux véhicules - arrière,4,2,2,0,1,1,1,0,1,50,2,4,2,0,0,2,34.0,20.0,voiture,deux_roues,1,2,1,1,2
202200033964,2022-05-18 00:50:00,2022,5,18,0,50,78,78440,PAUL DOUMER (RUE),48.99454,1.91016,Nuit avec éclairage allumé,En agglomération,Hors intersection,Normale,Sans collision,4,1,1,0,1,1,1,0,1,50,1,2,1,0,0,1,,,deux_roues,,5,2,1,1,7
202200033965,2022-09-30 18:30:00,2022,9,30,18,30,81,81060,BRIQUETTERIE ( RUE DE LA ),44.055965,2.158777,Plein jour,En agglomération,Autre intersection,Normale,Deux véhicules - côté,4,2,1,0,1,1,1,0,1,50,2,3,2,0,0,1,86.0,52.0,voiture,voiture,1,2,9,1,3
202200033966,2022-05-17 16:45:00,2022,5,17,16,45,77,77058,52 ANTOINE GIROUST (BOULEVARD ),48.836244,2.711745,Plein jour,En agglomération,Hors intersection,Normale,Autre collision,4,-1,0,0,1,1,1,0,4,50,1,2,1,0,0,1,45.0,,voiture,,1,2,1,1,6
202200033967,2022-05-16 16:55:00,2022,5,16,16,55,77,77058,71 ANDRE MALRAUX (AVENUE),48.84163,2.71855,Plein jour,En agglomération,Hors intersection,Temps éblouissant,Autre collision,4,2,2,0,1,1,1,0,1,30,1,2,1,0,0,1,27.0,,voiture,,1,2,1,7,6
202200033968,2022-09-30 08:14:00,2022,9,30,8,14,79,79191,,46.31014,-0.46571,Plein jour,En agglomération,Intersection en X,Normale,Sans collision,3,2,3,0,1,1,1,0,1,50,1,2,1,0,1,0,54.0,,utilitaire_camion,,1,2,2,1,7
202200033969,2022-05-16 20:50:00,2022,5,16,20,50,76,76351,ARISTIDE BRIAND,49.50006,0.13139,Plein jour,En agglomération,Hors intersection,Normale,Sans collision,4,2,2,0,1,1,1,0,1,50,1,1,0,0,0,1,45.0,,deux_roues,,1,2,1,1,7
202200033970,2022-09-28 18:15:00,2022,9,28,18,15,77,77251,D50,48.60935,2.55527,Plein jour,Hors agglomération,Hors intersection,Pluie légère,Sans collision,3,2,2,3,1,1,2,0,1,50,1,1,0,0,0,1,24.0,,deux_roues,,1,1,1,2,7
202200033971,2022-05-16 10:40:00,2022,5,16,10,40,73,73008,D991 GRAND PORT (RONDEAU) AVENUE DU,45.7038589318,5.8986168911,Plein jour,En agglomération,Hors intersection,Normale,Sans collision,3,2,2,0,1,1,1,0,1,50,1,1,0,0,0,1,27.0,,deux_roues,,1,2,1,1,7
202200033972,2022-05-17 18:25:00,2022,5,17,18,25,72,72181,JAURES JEAN (AV) N° PAIRS 60 ET >,47.991,0.205,Plein jour,En agglomération,Intersection en T,Temps couvert,Deux véhicules - côté,4,3,2,2,1,1,1,0,1,50,2,2,1,0,0,1,54.0,32.0,voiture,deux_roues,1,2,3,8,3
202200033973,2022-09-22 11:40:00,2022,9,22,11,40,73,73008,GENEVE RUE DE,45.692414458,5.9120392068,Plein jour,En agglomération,Hors intersection,Normale,Autre collision,4,2,2,0,1,1,1,0,1,20,1,2,1,0,0,1,65.0,,voiture,,1,2,1,1,6
202200033974,2022-05-14 22:30:00,2022,5,14,22,30,72,72181,GAY LUSSAC (RUE),47.9817,0.22242,Nuit avec éclairage allumé,En agglomération,Hors intersection,Normale,Autre collision,4,2,2,0,1,1,1,0,1,50,1,1,0,0,0,1,43.0,,deux_roues,,5,2,1,1,6
202200033975,2022-09-30 16:00:00,2022,9,30,16,0,69,69256,Avenue Paul Marcellin,45.77682,4.93125,Plein jour,En agglomération,Hors intersection,Normale,Deux véhicules - côté,4,2,2,0,1,1,1,0,1,50,2,2,1,0,0,1,19.0,21.0,deux_roues,voiture,1,2,1,1,3
202200033976,2022-05-14 10:55:00,2022,5,14,10,55,71,71076,ALLENDE (AVENUE SALVADOR),46.8053,4.85756,Plein jour,En agglomération,Hors intersection,Normale,Autre collision,4,-1,2,0,1,1,1,0,1,50,1,2,1,0,0,1,60.0,,voiture,,1,2,1,1,6
202200033977,2022-09-30 16:05:00,2022,9,30,16,5,69,69259,Avenue Francis de Pressensé,45.71376,4.87322,Plein jour,En agglomération,Hors intersection,Normale,Deux véhicules - côté,4,2,2,2,1,1,1,0,1,50,2,2,1,0,1,0,22.0,50.0,deux_roues,voiture,1,2,1,1,3
202200033978,2022-09-30 07:00:00,2022,9,30,7,0,69,69290,Boulevard Edouard Herriot,45.694180162,4.9352806807,Crépuscule ou aube,En agglomération,Giratoire,Normale,Deux véhicules - frontale,4,2,2,0,1,2,1,9,1,30,2,2,1,0,0,1,66.0,32.0,voiture,deux_roues,2,2,6,1,1
202200033979,2022-05-13 17:00:00,2022,5,13,17,0,71,71076,POTERNE (QUAI DE LA),46.78113,4.85881,Plein jour,En agglomération,Intersection en X,Normale,Autre collision,4,2,2,0,1,1,1,0,1,50,1,2,1,0,0,1,51.0,,voiture,,1,2,2,1,6
202200033980,2022-09-30 08:05:00,2022,9,30,8,5,65,65226,Route de Pau,43.24461,-0.02294,Plein jour,Hors agglomération,Hors intersection,Pluie légère,Deux véhicules - côté,3,2,3,0,3,4,2,0,1,70,2,2,0,0,0,2,23.0,34.0,voiture,voiture,1,1,1,2,3
202200033981,2022-05-16 19:15:00,2022,5,16,19,15,67,67447,CHARME (RUE DU),48.60781,7.72159,Plein jour,En agglomération,Intersection en T,Normale,Autre collision,7,2,2,2,1,1,1,0,1,50,1,3,2,0,0,1,20.0,,voiture,,1,2,3,1,6
202200033982,2022-09-24 08:20:00,2022,9,24,8,20,62,62628,D162,50.428682,2.872434,Plein jour,En agglomération,Hors intersection,Normale,Autre collision,3,2,2,3,1,1,1,6,1,50,1,2,1,0,1,0,26.0,,voiture,,1,2,1,1,6
202200033983,2022-05-16 19:20:00,2022,5,16,19,20,67,67447,MARAIS (RUE DU),48.6119281392,7.76732,Plein jour,En agglomération,Hors intersection,Normale,Deux véhicules - côté,7,3,7,1,1,1,1,0,5,50,2,2,1,0,0,1,36.0,40.0,voiture,deux_roues,1,2,1,1,3
202200033984,2022-09-30 10:30:00,2022,9,30,10,30,56,56121,2 Cours Louis de Chazelles,47.7568401,-3.36464703,Plein jour,En agglomération,Giratoire,Normale,Deux véhicules - côté,4,1,1,0,1,2,1,5,1,30,2,2,1,0,0,1,20.0,57.0,deux_roues,voiture,1,2,6,1,3
202200033985,2022-05-06 02:13:00,2022,5,6,2,13,67,67389,WANTZENAU (ROUTE DE LA),48.63895,7.78032,Nuit sans éclairage public,Hors agglomération,Hors intersection,Pluie légère,Sans collision,7,2,2,0,1,2,2,5,4,70,1,1,0,1,0,0,30.0,,deux_roues,,3,1,1,2,7
202200033986,2022-09-29 08:34:00,2022,9,29,8,34,49,49353,ANATOLE FRANCE,47.4576175054,-0.47724545,Plein jour,En agglomération,Hors intersection,Normale,Deux véhicules - frontale,4,4,1,0,1,3,2,0,1,30,2,2,1,0,0,1,29.0,39.0,deux_roues,voiture,1,2,1,1,1
202200033987,2022-05-14 11:43:00,2022,5,14,11,43,66,66136,ROUDAYRE (AVENUE EMILE),42.7102381087,2.8975944221,Plein jour,En agglomération,Intersection en T,Normale,Deux véhicules - côté,4,2,3,1,1,1,1,0,1,50,2,2,1,0,0,1,27.0,43.0,voiture,voiture,1,2,3,1,3
202200033988,2022-08-16 12:30:00,2022,8,16,12,30,42,42218,Rue des Coopérateurs,45.4476085637,4.3903570928,Plein jour,En agglomération,Intersection en X,Normale,Autre collision,4,2,2,0,1,1,1,0,1,50,1,2,1,0,1,0,40.0,,utilitaire_camion,,1,2,2,1,6
202200033989,2022-09-30 11:20:00,2022,9,30,11,20,37,37261,ARMENTIERES (RUE D'),47.42149,0.6826,Plein jour,En agglomération,Autre intersection,Normale,Autre collision,4,2,1,0,1,1,1,9,8,300,1,2,1,0,0,1,85.0,,voiture,,1,2,9,1,6
202200033990,2022-05-17 16:55:00,2022,5,17,16,55,64,64445,CATHERINE DE BOURBON,43.32494,-0.35758,Plein jour,En agglomération,Intersection en X,Normale,Deux véhicules - côté,4,-1,0,0,1,1,1,0,1,50,2,4,0,0,0,4,27.0,18.0,voiture,voiture,1,2,2,1,3
202200033991,2022-09-30 08:45:00,2022,9,30,8,45,37,37122,ROTIERE (RUE DE LA),47.345460262,0.6624519825,Plein jour,En agglomération,Hors intersection,Normale,Autre collision,4,2,2,0,1,1,1,0,1,50,1,3,1,0,0,2,21.0,,voiture,,1,2,1,1,6
202200033992,2022-05-17 07:50:00,2022,5,17,7,50,64,64445,RONSARD,43.31818,-0.35637,Plein jour,En agglomération,Hors intersection,Normale,Deux véhicules - côté,4,2,2,1,1,2,1,0,5,50,2,2,1,0,0,1,26.0,52.0,deux_roues,voiture,1,2,1,1,3
202200033993,2022-09-30 18:55:00,2022,9,30,18,55,35,35278,RD 137,48.1752643613,-1.71741575,Plein jour,Hors agglomération,Hors intersection,Pluie légère,Autre collision,7,3,4,0,1,1,2,0,3,110,1,1,0,0,0,1,26.0,,utilitaire_camion,,1,1,1,2,6
202200033994,2022-09-30 15:23:00,2022,9,30,15,23,35,35238,ROUTE DE ST MALO,48.1326,-1.69081,Plein jour,En agglomération,Giratoire,Normale,Sans collision,4,1,2,2,1,2,1,0,1,50,1,1,0,0,1,0,29.0,,deux_roues,,1,2,6,1,7
202200033995,2022-05-16 18:20:00,2022,5,16,18,20,64,64140,Rue du 11 Novembre,43.5259,-1.48414,Plein jour,En agglomération,Hors intersection,Normale,Deux véhicules - frontale,3,2,2,0,1,3,1,0,1,50,2,3,1,0,0,2,21.0,44.0,voiture,voiture,1,2,1,1,1
202200033996,2022-09-29 07:30:00,2022,9,29,7,30,34,34172,47 Avenue de Lodève,43.60969,3.86383,Crépuscule ou aube,En agglomération,Hors intersection,Normale,Sans collision,5,2,2,3,2,1,1,9,6,30,1,1,0,1,0,0,44.0,,deux_roues,,2,2,1,1,7
202200033997,2022-05-17 14:25:00,2022,5,17,14,25,61,61001,STRASBOURG (BOULEVARD DE),48.435,0.093,Plein jour,En agglomération,Autre intersection,Normale,Deux véhicules - côté,3,2,2,0,1,1,1,9,1,50,2,2,0,0,0,2,72.0,34.0,voiture,voiture,1,2,9,1,3
202200033998,2022-09-30 08:20:00,2022,9,30,8,20,33,33063,Rue de Canolle,44.82786,-0.60208,Plein jour,En agglomération,Hors intersection,Normale,Deux véhicules - arrière,4,2,2,1,2,1,1,0,1,50,2,2,1,0,0,1,22.0,38.0,deux_roues,voiture,1,2,1,1,2
202200033999,2022-09-30 06:20:00,2022,9,30,6,20,33,33522,Chemin de Leysotte,44.799254,-0.5769919,Nuit avec éclairage allumé,En agglomération,Hors intersection,Normale,Autre collision,4,2,2,0,1,4,1,0,1,30,1,1,0,1,0,0,46.0,,deux_roues,,5,2,1,1,6
202200034000,2022-05-16 13:54:00,2022,5,16,13,54,60,60463,Rue Faidherbe,49.283714,2.465034,Plein jour,En agglomération,Autre intersection,Normale,Trois véhicules et plus - en chaîne,3,4,4,0,1,1,1,5,1,50,3,4,1,0,1,2,26.0,58.0,voiture,voiture,1,2,9,1,4
202200034001,2022-05-17 20:45:00,2022,5,17,20,45,59,59378,MARNE AVENUE DE LA,50.6760574125,3.1093481183,Crépuscule ou aube,En agglomération,Hors intersection,Normale,Autre collision,7,1,2,0,1,1,1,0,1,50,1,1,0,0,0,1,51.0,,deux_roues,,2,2,1,1,6
202200034002,2022-09-27 16:05:00,2022,9,27,16,5,33,33318,Avenue de la Tuileranne,44.7862,-0.63736,Plein jour,En agglomération,Giratoire,Normale,Autre collision,4,2,2,2,1,3,1,0,1,50,1,2,1,0,0,1,26.0,,voiture,,1,2,6,1,6
202200034003,2022-09-30 13:20:00,2022,9,30,13,20,29,29232,Route de Rosporden,47.990834287,-4.07267493,Plein jour,En agglomération,Hors intersection,Pluie légère,Sans collision,3,2,2,0,4,3,2,5,1,50,1,1,0,0,0,1,17.0,,deux_roues,,1,2,1,2,7
202200034004,2022-05-16 19:00:00,2022,5,16,19,0,59,59328,BONTE AUGUSTE RUE,50.64575,3.0153,Plein jour,Hors agglomération,Hors intersection,Normale,Deux véhicules - frontale,7,2,1,0,1,1,1,0,1,30,2,2,1,0,0,1,46.0,43.0,voiture,deux_roues,1,1,1,1,1
202200034005,2022-05-15 11:50:00,2022,5,15,11,50,59,59329,JOFFRE (RUE DU MARECHAL),50.3429590216,3.0848193169,Plein jour,Hors agglomération,Hors intersection,Temps éblouissant,Deux véhicules - arrière,3,2,2,0,1,1,1,0,1,70,2,3,2,0,0,1,35.0,37.0,deux_roues,voiture,1,1,1,7,2
202200034006,2022-09-27 17:40:00,2022,9,27,17,40,29,29019,boulevard de l'Europe,48.41081201,-4.512928962,Plein jour,En agglomération,Hors intersection,Normale,Deux véhicules - arrière,4,3,4,0,2,1,2,0,1,80,2,4,3,0,0,1,28.0,26.0,voiture,utilitaire_camion,1,2,1,1,2
202200034007,2022-05-17 09:39:00,2022,5,17,9,39,57,57221,GARE (RUE DE LA),49.3273,6.12106,Plein jour,En agglomération,Hors intersection,Normale,Deux véhicules - frontale,4,2,2,0,2,1,1,0,1,50,2,2,1,0,0,1,84.0,17.0,voiture,voiture,1,2,1,1,1
202200034008,2022-09-30 12:37:00,2022,9,30,12,37,27,27681,IVRY (ROUTE D'),49.08306,1.47769,Plein jour,En agglomération,Hors intersection,Normale,Autre collision,4,2,2,0,1,1,1,0,1,30,1,3,2,0,0,1,47.0,,voiture,,1,2,1,1,6
202200034009,2022-05-13 16:10:00,2022,5,13,16,10,57,57221,116 Grand Rue,49.32803,6.12491,Plein jour,En agglomération,Hors intersection,Normale,Trois véhicules et plus - collisions multiples,3,2,2,0,1,1,1,0,1,50,3,3,1,0,0,2,73.0,46.0,utilitaire_camion,deux_roues,1,2,1,1,5
202200034010,2022-09-30 23:50:00,2022,9,30,23,50,25,25056,MONTRAPON AVENUE DE,47.24393,6.01304,Nuit avec éclairage allumé,En agglomération,Intersection en Y,Normale,Deux véhicules - côté,4,3,4,0,2,2,1,2,1,50,2,5,3,0,0,2,22.0,25.0,voiture,voiture,5,2,4,1,3
202200034011,2022-05-13 13:55:00,2022,5,13,13,55,57,57672,ASIE (CHAUSSEE D') - PAIR,49.36457,6.14994,Plein jour,En agglomération,Hors intersection,Normale,Autre collision,4,3,4,0,1,1,1,0,1,50,1,2,1,0,0,1,19.0,,voiture,,1,2,1,1,6
202200034012,2022-09-30 08:55:00,2022,9,30,8,55,13,13103,RTE DE PELISSANNE-RD 572,43.6360946846,5.1241803712,Plein jour,En agglomération,Hors intersection,Normale,Trois véhicules et plus - en chaîne,7,4,3,0,1,1,1,0,1,70,3,3,2,0,0,1,36.0,47.0,voiture,utilitaire_camion,1,2,1,1,4
202200034013,2022-05-13 18:11:00,2022,5,13,18,11,56,56121,DUGUAY-TROUIN (RUE RENE),47.74238,-3.36257,Plein jour,En agglomération,Hors intersection,Normale,Autre collision,4,2,2,0,1,1,1,0,1,30,2,2,1,0,0,1,63.0,18.0,voiture,deux_roues,1,2,1,1,6
202200034014,2022-09-30 19:30:00,2022,9,30,19,30,13,13210,ROMAIN ROLLAND (BOULEVARD),43.275446639,5.4165041317,Nuit avec éclairage allumé,En agglomération,Hors intersection,Normale,Deux véhicules - côté,4,2,2,0,1,1,1,0,1,50,2,3,1,0,0,2,15.0,31.0,deux_roues,voiture,5,2,1,1,3
202200034015,2022-09-30 11:40:00,2022,9,30,11,40,13,13203,HOCHE (RUE),43.31119,5.37807,Plein jour,En agglomération,Hors intersection,Normale,Deux véhicules - côté,4,1,1,0,1,1,1,0,1,50,1,2,1,0,0,1,37.0,,voiture,,1,2,1,1,3
202200034016,2022-05-17 15:21:00,2022,5,17,15,21,54,54357,PINCHARD (RUE RAYMOND LIMITE NCY),48.70906,6.16057,Plein jour,En agglomération,Hors intersection,Normale,Autre collision,4,2,2,0,2,2,1,0,1,50,2,3,1,0,0,2,71.0,32.0,voiture,voiture,1,2,1,1,6
202200034017,2022-04-16 19:00:00,2022,4,16,19,0,52,52125,R.D. 162,48.11004,5.16568,Plein jour,Hors agglomération,Hors intersection,Normale,Sans collision,4,2,2,0,2,1,1,0,1,90,1,1,0,1,0,0,55.0,,deux_roues,,1,1,1,1,7
202200034018,2022-09-30 03:30:00,2022,9,30,3,30,13,13204,FRANÇOISE DUPARC (BOULEVARD),43.3094154851,5.4029279628,Nuit avec éclairage allumé,En agglomération,Intersection en X,Normale,Deux véhicules - arrière,4,3,4,0,1,1,1,0,1,50,2,3,1,0,0,2,20.0,58.0,voiture,voiture,5,2,2,1,2
202200034019,2022-05-17 12:13:00,2022,5,17,12,13,51,51055,rue Léon Faucher,49.27077,4.0437,Plein jour,En agglomération,Intersection en T,Normale,Deux véhicules - frontale,4,2,2,0,1,1,1,0,1,30,2,2,1,0,0,1,45.0,29.0,voiture,voiture,1,2,3,1,1
202200034020,2022-09-30 00:14:00,2022,9,30,0,14,13,13208,MAZARGUES (AVENUE DE),43.26504,5.39115,Nuit avec éclairage allumé,En agglomération,Autre intersection,Normale,Deux véhicules - côté,4,2,6,0,1,2,1,0,1,50,1,2,0,0,0,2,28.0,,voiture,,5,2,9,1,3
202200034021,2022-09-29 20:30:00,2022,9,29,20,30,13,13205,SAINT PIERRE (RUE),43.2923853711,5.4013929794,Nuit avec éclairage allumé,En agglomération,Intersection en X,Normale,Deux véhicules - côté,4,3,4,0,1,1,1,5,1,50,2,2,1,0,0,1,34.0,25.0,deux_roues,voiture,5,2,2,1,3
202200034022,2022-05-16 17:20:00,2022,5,16,17,20,51,51454,quai du Pré aux Moines,49.2300603367,4.0608268976,Plein jour,En agglomération,Hors intersection,Normale,Sans collision,4,2,2,1,1,1,1,0,1,50,2,2,1,0,0,1,18.0,18.0,deux_roues,deux_roues,1,2,1,1,7