accident_id,datetime,annee,mois,jour,heure,minute,departement,commune_insee,adresse,latitude,longitude,luminosite,agglomeration,intersection,meteo,collision,catr,circ,nbv,vosp,prof,plan,surf,infra,situ,vma,nb_vehicules,nb_usagers,nb_indemnes,nb_tues,nb_blesses_hosp,nb_blesses_legers,age_cond_1,age_cond_2,veh_type_cond_1,veh_type_cond_2,lum_code,agg_code,int_code,atm_code,col_code
202200034023,2022-05-14 10:20:00,2022,5,14,10,20,50,50502,LECLERC (rue du Maréchal),49.11489,-1.09015,Plein jour,En agglomération,Hors intersection,Normale,Autre collision,3,2,0,0,2,1,1,0,1,50,1,2,1,0,1,0,50.0,,voiture,,1,2,1,1,6
202200034024,2022-09-30 21:29:00,2022,9,30,21,29,11,11069,,43.22966,2.32614,Nuit avec éclairage allumé,Hors agglomération,Hors intersection,Normale,Autre collision,4,-1,0,0,1,1,1,0,1,50,1,2,1,0,1,0,41.0,,utilitaire_camion,,5,1,1,1,6
202200034025,2022-09-29 12:10:00,2022,9,29,12,10,10,10387,HENRI BARBUSSE (RUE),48.30152,4.08666,Plein jour,En agglomération,Autre intersection,Normale,Autre collision,4,1,2,0,1,1,1,0,1,50,1,2,1,0,0,1,19.0,,voiture,,1,2,9,1,6
202200034026,2022-05-17 04:27:00,2022,5,17,4,27,49,49007,PASTEUR AVENUE,47.47665,-0.53266,Nuit avec éclairage allumé,En agglomération,Hors intersection,Normale,Deux véhicules - côté,4,2,4,2,1,1,1,0,1,50,2,2,1,0,0,1,23.0,19.0,voiture,deux_roues,5,2,1,1,3
202200034027,2022-05-17 14:30:00,2022,5,17,14,30,47,47001,LACOUR (BD EDOUARD),44.194519,0.62822,Plein jour,En agglomération,Hors intersection,Normale,Autre collision,3,2,2,0,1,1,1,0,4,50,1,2,0,0,0,2,35.0,,voiture,,1,2,1,1,6
202200034028,2022-09-29 19:30:00,2022,9,29,19,30,06,06088,TURIN (RTE DE),43.71044,7.28493,Crépuscule ou aube,En agglomération,Hors intersection,Normale,Trois véhicules et plus - collisions multiples,7,1,2,0,1,1,1,0,1,50,3,3,2,0,0,1,37.0,66.0,voiture,voiture,2,2,1,1,5
202200034029,2022-09-30 22:00:00,2022,9,30,22,0,06,06083,BOYER (AVENUE),43.77444,7.49711,Nuit avec éclairage allumé,En agglomération,Hors intersection,Normale,Deux véhicules - arrière,4,1,1,0,2,1,1,0,1,50,2,2,1,0,1,0,29.0,29.0,deux_roues,voiture,5,2,1,1,2
202200034030,2022-05-17 08:30:00,2022,5,17,8,30,47,47001,LAVOISIER (RUE),44.1892,0.626079,Plein jour,En agglomération,Hors intersection,Normale,Deux véhicules - côté,4,2,2,0,1,1,1,0,1,30,2,2,1,0,0,1,25.0,20.0,voiture,deux_roues,1,2,1,1,3
202200034031,2022-09-30 21:47:00,2022,9,30,21,47,75,75120,ECHANGEUR BAGNOLET,48.865056,2.412512,Nuit sans éclairage public,En agglomération,Hors intersection,Pluie forte,Deux véhicules - arrière,4,1,2,0,2,2,2,0,1,50,2,2,1,0,0,1,50.0,53.0,voiture,voiture,3,2,1,3,2
202200034032,2022-05-17 17:40:00,2022,5,17,17,40,45,45234,3 Rue du Capitaine Gustave de Boissieu,47.9237761943,1.8920854926,Plein jour,En agglomération,Hors intersection,Normale,Autre collision,4,-1,1,0,1,1,1,0,8,30,1,2,1,0,0,1,37.0,,voiture,,1,2,1,1,6
202200034033,2022-09-30 12:15:00,2022,9,30,12,15,75,75106,RUE DE RENNES,48.850101,2.329765,Plein jour,En agglomération,Intersection en Y,Normale,Deux véhicules - côté,4,2,2,0,1,1,1,0,1,30,2,3,2,0,0,1,29.0,57.0,deux_roues,deux_roues,1,2,4,1,3
202200034034,2022-10-01 14:16:00,2022,10,1,14,16,75,75119,BOULEVARD SERURIER,48.877261,2.406785,Plein jour,En agglomération,Intersection en X,Normale,Autre collision,4,3,5,1,2,2,1,0,1,50,1,2,1,0,0,1,83.0,,voiture,,1,2,2,1,6
202200034035,2022-10-01 18:15:00,2022,10,1,18,15,75,75118,RUE RIQUET,48.889905,2.363812,Plein jour,En agglomération,Intersection en X,Normale,Deux véhicules - frontale,4,1,2,1,1,1,1,0,1,30,2,2,1,0,0,1,37.0,32.0,deux_roues,deux_roues,1,2,2,1,1
202200034036,2022-10-01 18:10:00,2022,10,1,18,10,75,75118,BOULEVARD BARBES,48.887434,2.349572,Plein jour,En agglomération,Intersection en X,Normale,Autre collision,4,3,2,1,2,1,1,0,1,30,1,2,1,0,0,1,,,deux_roues,,1,2,2,1,6
202200034037,2022-10-01 11:45:00,2022,10,1,11,45,75,75112,BOULEVARD DIDEROT,48.848274,2.394955,Plein jour,En agglomération,Place,Pluie légère,Autre collision,4,2,2,0,1,1,2,0,1,30,1,2,1,0,0,1,36.0,,deux_roues,,1,2,7,2,6
202200034038,2022-10-01 06:08:00,2022,10,1,6,8,75,75112,ROUTE DE LA TOURELLE,48.820277,2.448424,Nuit avec éclairage allumé,En agglomération,Hors intersection,Pluie légère,Deux véhicules - côté,4,2,2,0,1,1,2,0,1,30,2,5,0,0,0,5,23.0,72.0,voiture,voiture,5,2,1,2,3
202200034039,2022-10-01 12:00:00,2022,10,1,12,0,75,75115,RUE LECOURBE,48.844666,2.309579,Plein jour,En agglomération,Intersection en T,Normale,Autre collision,4,1,1,0,1,1,1,0,1,30,1,2,1,0,0,1,22.0,,utilitaire_camion,,1,2,3,1,6
202200034040,2022-10-01 20:20:00,2022,10,1,20,20,75,75104,QUAI DES CELESTINS,48.853319,2.357812,Nuit avec éclairage allumé,En agglomération,Intersection en X,Normale,Deux véhicules - côté,4,2,5,1,1,1,1,0,1,30,2,2,1,0,0,1,31.0,20.0,deux_roues,voiture,5,2,2,1,3
202200034041,2022-10-01 19:25:00,2022,10,1,19,25,75,75103,RUE AUX OURS,48.863231,2.351667,Nuit avec éclairage allumé,En agglomération,Intersection en T,Normale,Deux véhicules - côté,4,2,2,0,1,1,1,0,1,30,2,2,1,0,0,1,55.0,,deux_roues,voiture,5,2,3,1,3
202200034042,2022-10-01 14:30:00,2022,10,1,14,30,75,75103,RUE DES FRANCS BOURGEOIS,48.857678,2.36077,Plein jour,En agglomération,Intersection en T,Normale,Deux véhicules - côté,4,1,1,0,1,1,1,0,1,30,2,2,1,0,0,1,34.0,40.0,utilitaire_camion,deux_roues,1,2,3,1,3
202200034043,2022-10-01 01:40:00,2022,10,1,1,40,75,75101,BOULEVARD DE SEBASTOPOL,48.866242,2.352535,Nuit avec éclairage allumé,En agglomération,Intersection en X,Pluie légère,Deux véhicules - frontale,4,1,2,1,1,1,2,-1,5,50,2,2,1,0,0,1,29.0,33.0,deux_roues,deux_roues,5,2,2,2,1
202200034044,2022-09-30 08:50:00,2022,9,30,8,50,75,75103,RUE NOTRE DAME DE NAZARETH,48.867419,2.358539,Plein jour,En agglomération,Intersection en X,Normale,Deux véhicules - arrière,4,2,2,0,1,1,1,0,1,30,2,2,0,0,0,2,62.0,64.0,deux_roues,deux_roues,1,2,2,1,2
202200034045,2022-10-01 10:27:00,2022,10,1,10,27,94,94068,Avenue du Mesnil,48.79525,2.5145,Plein jour,En agglomération,Hors intersection,Pluie légère,Deux véhicules - côté,4,3,2,3,1,1,2,5,1,30,2,2,1,0,0,1,13.0,75.0,deux_roues,voiture,1,2,1,2,3
202200034046,2022-10-01 17:00:00,2022,10,1,17,0,93,93070,Avenue Gabriel Péri / Rue Diderot,48.9114671464,2.3337210501,Plein jour,En agglomération,Intersection en T,Normale,Trois véhicules et plus - collisions multiples,3,2,3,2,1,1,1,0,1,50,3,3,2,0,0,1,66.0,35.0,voiture,voiture,1,2,3,1,5
202200034047,2022-10-01 00:00:00,2022,10,1,0,0,93,93066,Avenue Lénine / Avenue de Verdun,48.94204,2.36544,Nuit avec éclairage allumé,En agglomération,Intersection en X,Pluie légère,Deux véhicules - côté,3,2,5,0,1,1,2,5,1,50,2,2,1,0,0,1,45.0,45.0,voiture,deux_roues,5,2,2,2,3
202200034048,2022-10-01 18:05:00,2022,10,1,18,5,93,93064,Rue Leon Blum,48.8829797657,2.4799744847,Plein jour,En agglomération,Hors intersection,Normale,Autre collision,4,2,2,0,1,1,1,9,8,10,1,2,1,0,0,1,34.0,,voiture,,1,2,1,1,6
202200034049,2022-10-01 14:30:00,2022,10,1,14,30,93,93048,Rue Beaumarchais / Rue Douy Delcupe,48.85564,2.43087,Plein jour,En agglomération,Intersection en X,Normale,Deux véhicules - côté,4,1,1,2,1,1,1,0,1,50,2,2,1,0,1,0,57.0,38.0,deux_roues,deux_roues,1,2,2,1,3
202200034050,2022-10-01 14:40:00,2022,10,1,14,40,92,92046,PIERRE BROSSOLETTE (AVENUE),48.8146456191,2.3035993874,Plein jour,En agglomération,Hors intersection,Normale,Autre collision,3,1,1,0,1,1,1,0,1,50,1,2,1,0,0,1,69.0,,voiture,,1,2,1,1,6
202200034051,2022-10-01 17:50:00,2022,10,1,17,50,92,92064,LOUCHEUR (BOULEVARD LOUIS),48.859552,2.213565,Plein jour,En agglomération,Intersection à plus de 4 branches,Normale,Deux véhicules - côté,3,1,2,0,1,3,1,0,1,50,2,2,1,0,0,1,81.0,29.0,deux_roues,voiture,1,2,5,1,3
202200034052,2022-10-01 16:00:00,2022,10,1,16,0,92,92025,VALMY (BD DE),48.92906,2.25452,Plein jour,En agglomération,Hors intersection,Normale,Deux véhicules - côté,3,2,2,0,1,1,1,0,1,50,2,2,1,0,0,1,27.0,48.0,deux_roues,voiture,1,2,1,1,3
202200034053,2022-10-01 16:55:00,2022,10,1,16,55,92,92002,JEAN MOULIN (RUE),48.7529907168,2.3075435757,Plein jour,En agglomération,Hors intersection,Normale,Deux véhicules - côté,4,1,0,0,1,1,1,9,8,10,2,3,2,0,0,1,22.0,28.0,deux_roues,voiture,1,2,1,1,3
202200034054,2022-08-03 16:12:00,2022,8,3,16,12,37,37074,40 Rue de Tours,47.241608,0.140399,Plein jour,Hors agglomération,Intersection en Y,Normale,Deux véhicules - frontale,3,2,1,0,1,1,1,0,1,80,2,2,1,0,1,0,68.0,28.0,voiture,voiture,1,1,4,1,1
202200034055,2022-10-02 07:29:00,2022,10,2,7,29,74,74307,410,46.0016927013,6.1281063027,Plein jour,Hors agglomération,Hors intersection,Brouillard / fumée,Autre collision,1,1,2,0,1,2,2,0,1,110,1,1,0,0,0,1,23.0,,voiture,,1,1,1,5,6
202200034056,2022-10-01 22:45:00,2022,10,1,22,45,40,40065,Quai Bonamour,43.65095,-1.43428,Nuit avec éclairage allumé,En agglomération,Hors intersection,Normale,Autre collision,4,1,1,0,1,1,1,0,1,-1,1,2,1,0,1,0,57.0,,voiture,,5,2,1,1,6
202200034057,2022-09-28 07:45:00,2022,9,28,7,45,83,83062,A57 PK 07.500,43.1498657865,6.0357871056,Plein jour,Hors agglomération,Hors intersection,Normale,Deux véhicules - côté,1,1,2,0,1,1,1,0,1,90,2,2,1,0,0,1,53.0,26.0,deux_roues,voiture,1,1,1,1,3
202200034058,2022-10-01 21:40:00,2022,10,1,21,40,972,97220,QUARTIER CONCORDE N8,14.498295,-60.902426,Nuit sans éclairage public,Hors agglomération,Hors intersection,Normale,Deux véhicules - frontale,2,2,2,0,2,4,1,0,1,50,2,2,1,0,1,0,29.0,20.0,voiture,deux_roues,3,1,1,1,1
202200034059,2022-10-02 11:47:00,2022,10,2,11,47,74,74070,D1005,46.285612,6.263752,Plein jour,Hors agglomération,Hors intersection,Normale,Deux véhicules - côté,3,2,2,0,1,1,1,0,1,80,2,2,1,0,0,1,57.0,20.0,deux_roues,voiture,1,1,1,1,3
202200034060,2022-10-01 20:25:00,2022,10,1,20,25,57,57038,Rue Napoléon 1er,49.478724,5.960008,Nuit avec éclairage allumé,En agglomération,Hors intersection,Pluie légère,Trois véhicules et plus - en chaîne,3,2,2,0,1,1,2,0,1,50,3,6,2,0,0,4,42.0,20.0,voiture,voiture,5,2,1,2,4
202200034061,2022-09-30 07:30:00,2022,9,30,7,30,19,19125,Le Theil,45.245279,2.038923,Crépuscule ou aube,Hors agglomération,Hors intersection,Brouillard / fumée,Autre collision,4,2,2,0,1,2,2,0,3,90,1,1,0,0,1,0,19.0,,voiture,,2,1,1,5,6
202200034062,2022-10-02 11:45:00,2022,10,2,11,45,2A,2A040,D27,42.064926,9.047676,Plein jour,Hors agglomération,Hors intersection,Normale,Sans collision,3,2,2,0,1,2,6,2,1,80,1,1,0,0,1,0,52.0,,deux_roues,,1,1,1,1,7
202200034063,2022-10-02 02:10:00,2022,10,2,2,10,89,89464,,48.078021,3.299651,Nuit sans éclairage public,Hors agglomération,Hors intersection,Pluie légère,Autre collision,3,2,3,0,2,3,2,0,3,80,1,1,0,1,0,0,23.0,,voiture,,3,1,1,2,6
202200034064,2022-10-02 17:30:00,2022,10,2,17,30,63,63400,D433 - CONTOURNEMENT SUD OUEST DE VICHY,46.0513931801,3.4515738487,Plein jour,Hors agglomération,Hors intersection,Normale,Deux véhicules - frontale,3,2,2,0,1,1,1,0,1,90,2,3,0,0,0,3,59.0,65.0,voiture,voiture,1,1,1,1,1
202200034065,2022-10-01 18:30:00,2022,10,1,18,30,63,63178,26 Rue de Brioude,45.5400783655,3.2503022254,Plein jour,En agglomération,Hors intersection,Normale,Autre collision,3,1,1,0,1,1,1,0,1,50,1,1,0,0,0,1,16.0,,deux_roues,,1,2,1,1,6
202200034066,2022-09-14 14:00:00,2022,9,14,14,0,61,61167,Route de Couvains (Gauville),48.829572,0.553645,Plein jour,En agglomération,Hors intersection,Normale,Deux véhicules - côté,3,2,2,0,1,1,1,0,1,50,2,2,1,0,1,0,56.0,79.0,deux_roues,voiture,1,2,1,1,3
202200034067,2022-10-02 11:55:00,2022,10,2,11,55,55,55065,D946,49.1894428865,5.0468746878,Plein jour,Hors agglomération,Hors intersection,Pluie légère,Autre collision,3,2,2,0,1,1,2,0,3,90,1,1,0,1,0,0,65.0,,voiture,,1,1,1,2,6
202200034068,2022-09-30 19:00:00,2022,9,30,19,0,86,86151,Rue du Lavoir,46.978118,0.215889,Crépuscule ou aube,En agglomération,Hors intersection,Pluie légère,Sans collision,3,2,2,0,1,1,2,0,1,50,1,1,0,0,1,0,27.0,,deux_roues,,2,2,1,2,7
202200034069,2022-10-02 09:30:00,2022,10,2,9,30,34,34114,D32,43.656578,3.556593,Plein jour,Hors agglomération,Hors intersection,Normale,Deux véhicules - frontale,3,2,2,0,1,3,1,0,1,-1,2,2,1,0,0,1,21.0,88.0,voiture,deux_roues,1,1,1,1,1
202200034070,2022-10-02 10:30:00,2022,10,2,10,30,39,39202,,46.925126,5.979456,Plein jour,Hors agglomération,Hors intersection,Pluie légère,Deux véhicules - côté,3,2,2,0,1,1,2,0,1,80,2,2,1,0,0,1,84.0,75.0,voiture,voiture,1,1,1,2,3
202200034071,2022-10-01 17:25:00,2022,10,1,17,25,66,66015,,42.554195,2.859063,Plein jour,Hors agglomération,Intersection en Y,Normale,Deux véhicules - côté,3,2,2,0,1,2,1,5,1,80,2,5,1,0,4,0,73.0,65.0,voiture,voiture,1,1,4,1,3
202200034072,2022-10-02 04:00:00,2022,10,2,4,0,54,54589,RD657,48.966773,6.051568,Nuit sans éclairage public,Hors agglomération,Hors intersection,Pluie légère,Autre collision,3,2,2,0,1,2,2,0,3,80,1,2,0,0,1,1,32.0,,voiture,,3,1,1,2,6
202200034073,2022-10-01 14:45:00,2022,10,1,14,45,05,05025,LES MEUNIERS,44.6507238965,6.1485717389,Plein jour,En agglomération,Hors intersection,Pluie légère,Autre collision,3,2,2,0,1,1,2,0,3,50,1,1,0,0,1,0,60.0,,voiture,,1,2,1,2,6
202200034074,2022-10-01 20:45:00,2022,10,1,20,45,64,64059,RD817,43.277643,-0.228374,Nuit sans éclairage public,Hors agglomération,Hors intersection,Normale,Autre collision,3,2,3,0,1,1,1,0,1,90,1,2,0,0,1,1,34.0,,voiture,,3,1,1,1,6
202200034075,2022-10-02 18:30:00,2022,10,2,18,30,18,18023,,47.025322,2.794451,Crépuscule ou aube,Hors agglomération,Hors intersection,Pluie légère,Autre collision,3,2,2,0,1,3,2,0,3,-1,1,1,0,0,0,1,53.0,,voiture,,2,1,1,2,6
202200034076,2022-09-29 12:10:00,2022,9,29,12,10,10,10268,Avenue du General de Gaulle,48.492475,3.511634,Plein jour,En agglomération,Giratoire,Normale,Deux véhicules - côté,4,2,2,0,1,1,1,0,1,50,2,2,1,0,1,0,42.0,13.0,voiture,autre,1,2,6,1,3
202200034077,2022-10-01 21:30:00,2022,10,1,21,30,40,40209,1210 Avenue de la Plage,43.57033,-1.466132,Nuit avec éclairage allumé,En agglomération,Hors intersection,Normale,Autre collision,3,3,2,0,1,1,1,0,3,50,1,1,0,0,1,0,20.0,,voiture,,5,2,1,1,6
202200034078,2022-10-01 11:30:00,2022,10,1,11,30,04,04209,Avenue de la Libération,44.191489,5.945081,Plein jour,En agglomération,Hors intersection,Normale,Deux véhicules - arrière,3,2,2,0,1,1,1,0,1,50,2,3,2,0,1,0,55.0,28.0,voiture,voiture,1,2,1,1,2
202200034079,2022-10-02 13:00:00,2022,10,2,13,0,85,85090,La petite Bretonnière,46.813457,-0.853988,Plein jour,Hors agglomération,Hors intersection,Normale,Autre collision,3,3,2,0,1,2,2,0,3,80,1,1,0,0,1,0,47.0,,voiture,,1,1,1,1,6
202200034080,2022-10-01 19:25:00,2022,10,1,19,25,08,08302,Rue du Docteur Lemaire,49.884466,4.740175,Nuit avec éclairage allumé,En agglomération,Hors intersection,Pluie légère,Deux véhicules - côté,3,2,2,0,1,1,2,8,1,50,2,3,1,0,0,2,51.0,47.0,deux_roues,voiture,5,2,1,2,3
202200034081,2022-08-07 13:30:00,2022,8,7,13,30,68,68242,A35  PK076.700 SENS SUD NORD,47.980579,7.374921,Plein jour,Hors agglomération,Hors intersection,Normale,Trois véhicules et plus - en chaîne,1,3,4,0,1,1,1,0,1,130,3,7,6,0,1,0,18.0,39.0,voiture,voiture,1,1,1,1,4
202200034082,2022-10-01 16:50:00,2022,10,1,16,50,02,02399,Autoroute A26 PK 239+650,49.442068,3.928288,Plein jour,Hors agglomération,Hors intersection,Normale,Autre collision,1,3,4,0,1,1,2,0,3,130,1,1,0,0,1,0,40.0,,voiture,,1,1,1,1,6
202200034083,2022-10-02 10:15:00,2022,10,2,10,15,01,01067,,46.112754,5.486249,Plein jour,Hors agglomération,Hors intersection,Normale,Autre collision,1,3,4,0,2,1,1,0,1,130,1,1,0,0,1,0,86.0,,voiture,,1,1,1,1,6
202200034084,2022-10-02 00:50:00,2022,10,2,0,50,69,69102,Autoroute 89,45.871455,4.398308,Nuit sans éclairage public,Hors agglomération,Hors intersection,Pluie légère,Autre collision,1,3,4,0,2,4,2,0,1,110,1,3,0,0,1,2,37.0,,voiture,,3,1,1,2,6
202200034085,2022-10-02 02:20:00,2022,10,2,2,20,971,97103,la Jaille,16.254251,-61.569057,Nuit avec éclairage allumé,Hors agglomération,Hors intersection,Normale,Autre collision,2,3,2,0,1,1,1,3,1,90,3,9,3,1,0,5,61.0,,voiture,,5,1,1,1,6
202200034086,2022-10-01 20:56:00,2022,10,1,20,56,76,76705,A13,49.329859,1.086348,Nuit avec éclairage non allumé,Hors agglomération,Hors intersection,Normale,Sans collision,1,3,7,0,1,1,1,3,1,110,1,1,0,1,0,0,41.0,,voiture,,4,1,1,1,7
202200034087,2022-10-01 09:00:00,2022,10,1,9,0,987,98753,RT 301 devant la mairie de Mataura,-23.372,-149.463,Plein jour,En agglomération,Hors intersection,Normale,Sans collision,2,2,2,0,1,1,1,0,1,30,1,1,0,0,1,0,28.0,,deux_roues,,1,2,1,1,7
202200034088,2022-10-02 10:15:00,2022,10,2,10,15,988,98827,La Moindah - RT1/RM9,-21.416797,165.260167,Plein jour,Hors agglomération,Intersection en T,Normale,Autre collision,2,2,2,0,4,2,1,0,3,110,1,2,1,1,0,0,19.0,,voiture,,1,1,3,1,6
202200034089,2022-10-02 00:58:00,2022,10,2,0,58,988,98803,Route de NEMEARA,-21.51444,165.47471,Nuit sans éclairage public,Hors agglomération,Hors intersection,Brouillard / fumée,Autre collision,2,2,2,0,1,1,9,0,1,90,1,2,1,1,0,0,26.0,,voiture,,3,1,1,5,6
202200034090,2022-10-01 11:00:00,2022,10,1,11,0,974,97424,RN5,-21.187733,55.45171,Plein jour,Hors agglomération,Hors intersection,Normale,Sans collision,2,2,2,0,2,2,1,0,3,80,2,2,1,0,1,0,27.0,46.0,voiture,deux_roues,1,1,1,1,7
202200034091,2022-08-25 14:30:00,2022,8,25,14,30,2A,2A247,T10,41.492057,9.245768,Plein jour,Hors agglomération,Hors intersection,Normale,Trois véhicules et plus - collisions multiples,2,2,2,0,1,3,1,0,1,80,3,4,0,0,2,2,41.0,48.0,voiture,voiture,1,1,1,1,5
202200034092,2022-10-01 22:50:00,2022,10,1,22,50,66,66180,pk 7 D83,42.787128,3.010301,Nuit sans éclairage public,Hors agglomération,Hors intersection,Normale,Sans collision,3,1,1,0,1,1,1,0,1,90,1,2,1,0,1,0,66.0,,voiture,,3,1,1,1,7
202200034093,2022-10-02 00:45:00,2022,10,2,0,45,30,30142,RD 297,44.19959,4.057388,Nuit sans éclairage public,Hors agglomération,Hors intersection,Normale,Sans collision,3,2,2,0,1,3,1,0,1,50,1,1,0,1,0,0,59.0,,voiture,,3,1,1,1,7
202200034094,2022-10-01 19:20:00,2022,10,1,19,20,34,34285,la Montade,43.513047,3.484962,Crépuscule ou aube,Hors agglomération,Hors intersection,Temps éblouissant,Deux véhicules - frontale,3,2,2,0,2,2,1,0,1,80,2,6,5,0,1,0,25.0,75.0,voiture,voiture,2,1,1,7,1
202200034095,2022-10-01 19:30:00,2022,10,1,19,30,13,13110,D7N,43.4912674677,5.6596755981,Nuit sans éclairage public,Hors agglomération,Intersection en T,Normale,Deux véhicules - arrière,3,2,2,0,1,3,1,0,1,80,2,4,2,0,2,0,66.0,48.0,voiture,deux_roues,3,1,3,1,2
202200034096,2022-10-01 17:40:00,2022,10,1,17,40,71,71106,Place de l'Eglise,46.434104,4.274653,Crépuscule ou aube,En agglomération,Hors intersection,Pluie forte,Autre collision,3,2,2,0,1,1,2,0,1,30,1,2,1,0,1,0,36.0,,utilitaire_camion,,2,2,1,3,6
202200034097,2022-10-01 10:00:00,2022,10,1,10,0,67,67544,1 Rue de la Paix,49.036085,7.952557,Plein jour,En agglomération,Autre intersection,Pluie forte,Autre collision,3,2,1,0,1,1,2,5,1,40,1,2,1,0,1,0,47.0,,voiture,,1,2,9,3,6
202200034098,2022-10-01 14:00:00,2022,10,1,14,0,74,74128,Route des vallées,46.155868,6.346793,Plein jour,Hors agglomération,Hors intersection,Pluie légère,Deux véhicules - frontale,3,2,2,0,1,4,2,0,1,70,2,2,0,0,0,2,26.0,60.0,voiture,voiture,1,1,1,2,1
202200034099,2022-10-02 04:05:00,2022,10,2,4,5,38,38059,D5,45.107371,5.790889,Nuit sans éclairage public,Hors agglomération,Hors intersection,Brouillard / fumée,Sans collision,7,2,2,0,1,3,2,0,8,70,1,1,0,0,1,0,28.0,,voiture,,3,1,1,5,7
202200034100,2022-10-02 15:50:00,2022,10,2,15,50,07,07034,D290,44.330802,4.541752,Plein jour,Hors agglomération,Hors intersection,Normale,Deux véhicules - frontale,3,2,2,0,2,3,1,0,1,90,2,5,4,0,0,1,22.0,42.0,deux_roues,voiture,1,1,1,1,1
202200034101,2022-09-30 17:50:00,2022,9,30,17,50,01,01065,539 Chemin de Rosiere,46.212838,5.14619,Plein jour,En agglomération,Hors intersection,Normale,Autre collision,4,2,2,0,2,1,1,0,1,30,1,1,0,0,0,1,52.0,,deux_roues,,1,2,1,1,6
202200034102,2022-10-01 19:30:00,2022,10,1,19,30,33,33256,9 Rue du 8 Mai 1945,44.986364,-0.605149,Nuit avec éclairage allumé,En agglomération,Hors intersection,Normale,Deux véhicules - frontale,3,2,2,0,1,1,1,0,1,50,2,2,1,0,1,0,24.0,53.0,voiture,deux_roues,5,2,1,1,1
202200034103,2022-12-08 14:20:00,2022,12,8,14,20,78,78440,JEAN JAURES  (RUE),48.98736,1.89915,Plein jour,En agglomération,Hors intersection,Normale,Deux véhicules - arrière,4,-1,2,0,1,1,1,0,1,50,2,2,1,0,0,1,39.0,35.0,voiture,voiture,1,2,1,1,2
202200034104,2022-10-02 05:40:00,2022,10,2,5,40,27,27165,2 Route de Breteuil,48.950866,0.946691,Nuit avec éclairage allumé,Hors agglomération,Hors intersection,Pluie légère,Autre collision,3,2,2,0,1,2,2,0,3,70,1,1,0,0,1,0,24.0,,voiture,,5,1,1,2,6
202200034105,2022-12-08 07:45:00,2022,12,8,7,45,78,78238,BAZEMONT (RUE),48.95944,1.8714,Crépuscule ou aube,En agglomération,Hors intersection,Autre,Sans collision,4,2,2,0,2,1,7,0,8,50,1,3,0,0,0,3,32.0,,voiture,,2,2,1,9,7
202200034106,2022-12-07 20:50:00,2022,12,7,20,50,78,78643,ORGEVAL ROUTE D',48.95907,1.97993,Nuit sans éclairage public,Hors agglomération,Hors intersection,Normale,Deux véhicules - côté,3,1,2,0,1,2,1,9,1,50,2,3,2,0,0,1,,42.0,utilitaire_camion,voiture,3,1,1,1,3
202200034107,2022-09-30 21:35:00,2022,9,30,21,35,13,13056,A55-Sens Martigues vers Marseille,43.40102,5.04338,Nuit avec éclairage allumé,Hors agglomération,Hors intersection,Normale,Deux véhicules - arrière,1,2,3,0,3,1,1,2,1,90,2,2,1,0,0,1,50.0,31.0,voiture,voiture,5,1,1,1,2
202200034108,2022-12-08 12:00:00,2022,12,8,12,0,76,76540,Route du Havre,49.45041,1.05921,Plein jour,En agglomération,Intersection en X,Normale,Deux véhicules - côté,7,2,2,3,1,1,1,-1,1,50,2,3,2,0,0,1,23.0,57.0,transport_commun,utilitaire_camion,1,2,2,1,3
202200034109,2022-09-30 07:24:00,2022,9,30,7,24,13,13212,A507 sens Aubagne- Marseille,43.30297,5.42549,Plein jour,Hors agglomération,Hors intersection,Normale,Trois véhicules et plus - en chaîne,1,1,3,0,1,1,1,0,1,70,3,3,1,0,0,2,35.0,52.0,utilitaire_camion,voiture,1,1,1,1,4
202200034110,2022-12-07 13:00:00,2022,12,7,13,0,76,76351,THEOPHILE GAUTIER,49.51434,0.09085,Plein jour,En agglomération,Hors intersection,Normale,Deux véhicules - arrière,4,2,2,0,1,1,1,0,1,50,2,3,2,0,0,1,31.0,49.0,voiture,utilitaire_camion,1,2,1,1,2
202200034111,2022-10-01 13:45:00,2022,10,1,13,45,91,91086,RN 104,48.62346,2.38316,Plein jour,Hors agglomération,Hors intersection,Normale,Trois véhicules et plus - en chaîne,2,1,2,0,1,1,1,0,1,110,4,4,2,0,0,2,19.0,26.0,deux_roues,deux_roues,1,1,1,1,4
202200034112,2022-12-07 09:30:00,2022,12,7,9,30,76,76351,IRENE JOLIOT CURIE (RUE),49.5224,0.1047,Crépuscule ou aube,En agglomération,Intersection en X,Pluie légère,Deux véhicules - frontale,4,2,2,0,1,1,2,0,1,50,2,2,1,0,1,0,41.0,60.0,voiture,deux_roues,2,2,2,2,1
202200034113,2022-12-08 07:00:00,2022,12,8,7,0,74,74118,ZONE (ROUTE DE),46.17453,6.21229,Nuit avec éclairage allumé,Hors agglomération,Hors intersection,Normale,Trois véhicules et plus - collisions multiples,3,2,2,0,1,1,1,2,1,80,3,3,2,0,0,1,57.0,33.0,voiture,voiture,5,1,1,1,5
202200034114,2022-10-01 07:15:00,2022,10,1,7,15,94,94021,AUTOROUTE A6B,48.771371548,2.3450994762,Crépuscule ou aube,Hors agglomération,Hors intersection,Pluie légère,Deux véhicules - côté,1,2,4,0,1,1,2,0,1,90,2,4,2,0,0,2,65.0,29.0,voiture,voiture,2,1,1,2,3