accident_id,datetime,annee,mois,jour,heure,minute,departement,commune_insee,adresse,latitude,longitude,luminosite,agglomeration,intersection,meteo,collision,catr,circ,nbv,vosp,prof,plan,surf,infra,situ,vma,nb_vehicules,nb_usagers,nb_indemnes,nb_tues,nb_blesses_hosp,nb_blesses_legers,age_cond_1,age_cond_2,veh_type_cond_1,veh_type_cond_2,lum_code,agg_code,int_code,atm_code,col_code
202200034386,2022-12-07 00:35:00,2022,12,7,0,35,973,97302,ROUTE NATIONALE 1,4.92215,-52.32975,Nuit avec éclairage allumé,Hors agglomération,Hors intersection,Temps couvert,Sans collision,2,2,4,0,1,1,2,0,1,90,1,2,1,0,0,1,44.0,,voiture,,5,1,1,8,7
202200034387,2022-07-18 12:55:00,2022,7,18,12,55,56,56078,D306,47.805913,-3.458263,Plein jour,Hors agglomération,Intersection en T,Normale,Deux véhicules - côté,3,2,2,0,3,2,1,2,1,70,2,3,2,0,1,0,31.0,37.0,deux_roues,voiture,1,1,3,1,3
202200034388,2022-12-07 19:30:00,2022,12,7,19,30,69,69387,Rue Garibaldi,45.74363,4.84725,Nuit avec éclairage allumé,En agglomération,Intersection en X,Temps couvert,Autre collision,4,2,3,3,1,1,2,0,1,30,1,2,1,0,0,1,27.0,,voiture,,5,2,2,8,6
202200034389,2022-07-17 22:00:00,2022,7,17,22,0,67,67056,1 route du Rhin,48.193192,7.56641,Nuit avec éclairage allumé,Hors agglomération,Intersection en X,Normale,Deux véhicules - côté,3,2,2,0,1,1,1,5,1,70,2,3,2,0,0,1,62.0,36.0,deux_roues,voiture,5,1,2,1,3
202200034390,2022-12-07 19:20:00,2022,12,7,19,20,972,97213,AUTOROUTE A1,14.61845,-61.02101,Nuit avec éclairage allumé,Hors agglomération,Hors intersection,Normale,Trois véhicules et plus - en chaîne,1,2,6,0,1,1,1,2,1,90,3,3,1,0,1,1,55.0,21.0,voiture,voiture,5,1,1,1,4
202200034391,2022-07-17 11:45:00,2022,7,17,11,45,76,76125,D151,49.63627,1.17304,Plein jour,Hors agglomération,Hors intersection,Normale,Deux véhicules - frontale,3,2,2,0,4,3,1,0,1,80,2,4,0,0,2,2,35.0,66.0,voiture,voiture,1,1,1,1,1
202200034392,2022-12-07 13:05:00,2022,12,7,13,5,69,69382,Quai Docteur Gailleton,45.75623,4.83578,Plein jour,En agglomération,Hors intersection,Normale,Autre collision,4,2,7,3,1,1,1,0,1,10,1,3,2,0,1,0,72.0,,voiture,,1,2,1,1,6
202200034393,2022-07-17 23:30:00,2022,7,17,23,30,80,80020,D929,49.924127,2.380133,Nuit sans éclairage public,Hors agglomération,Hors intersection,Normale,Autre collision,3,2,2,0,1,1,1,0,1,80,2,2,1,0,1,0,,74.0,voiture,deux_roues,3,1,1,1,6
202200034394,2022-12-07 11:40:00,2022,12,7,11,40,69,69081,Avenue Franklin Roosevelt,45.7649439185,4.7723114491,Plein jour,En agglomération,Intersection en X,Temps couvert,Deux véhicules - côté,7,3,4,0,1,3,2,0,1,50,2,2,1,0,0,1,61.0,78.0,voiture,voiture,1,2,2,8,3
202200034395,2022-12-07 11:10:00,2022,12,7,11,10,2A,2A004,Route du 9 septembre 1943,41.92959,8.76152,Plein jour,En agglomération,Giratoire,Normale,Deux véhicules - côté,2,1,4,0,2,2,1,0,1,50,2,2,1,0,0,1,69.0,15.0,voiture,deux_roues,1,2,6,1,3
202200034396,2022-07-18 04:30:00,2022,7,18,4,30,89,89119,N151,47.527409,3.541492,Nuit avec éclairage allumé,En agglomération,Intersection en X,Normale,Deux véhicules - côté,2,2,2,0,2,1,1,5,1,50,2,2,1,0,0,1,43.0,47.0,deux_roues,utilitaire_camion,5,2,2,1,3
202200034397,2022-12-07 10:00:00,2022,12,7,10,0,95,95014,Route de la Croix Blanche,49.0117765817,2.3049482703,Plein jour,En agglomération,Intersection en X,Normale,Deux véhicules - côté,3,2,2,0,1,1,1,0,1,50,2,3,2,0,0,1,62.0,38.0,voiture,voiture,1,2,2,1,3
202200034398,2022-07-16 16:10:00,2022,7,16,16,10,61,61414,D931,48.496076,0.518594,Plein jour,Hors agglomération,Hors intersection,Normale,Deux véhicules - arrière,3,2,2,0,4,1,1,0,1,90,2,3,2,0,0,1,33.0,69.0,voiture,voiture,1,1,1,1,2
202200034399,2022-12-07 15:30:00,2022,12,7,15,30,89,89387,,48.1724,3.28078,Plein jour,Hors agglomération,Hors intersection,Temps couvert,Deux véhicules - frontale,3,2,2,0,1,2,2,0,1,90,2,2,1,0,1,0,56.0,61.0,utilitaire_camion,voiture,1,1,1,8,1
202200034400,2022-07-08 14:45:00,2022,7,8,14,45,49,49339,Route d' Angers,47.586773,-0.553436,Plein jour,Hors agglomération,Hors intersection,Normale,Deux véhicules - frontale,3,2,2,0,4,4,1,0,1,80,2,2,1,0,0,1,23.0,42.0,voiture,utilitaire_camion,1,1,1,1,1
202200034401,2022-12-06 14:39:00,2022,12,6,14,39,87,87085,RUBEN (AVENUE ERNEST),45.82354,1.25124,Plein jour,En agglomération,Intersection en X,Normale,Deux véhicules - côté,4,3,2,0,2,1,1,0,1,30,2,2,1,0,0,1,86.0,35.0,voiture,voiture,1,2,2,1,3
202200034402,2022-07-17 18:15:00,2022,7,17,18,15,42,42015,Route de Charlieu,46.165001,4.334986,Plein jour,Hors agglomération,Hors intersection,Normale,Deux véhicules - côté,3,2,2,0,2,2,1,0,1,80,2,4,2,0,1,1,66.0,33.0,voiture,voiture,1,1,1,1,3
202200034403,2022-12-07 07:50:00,2022,12,7,7,50,83,83144,NATIONALE 97 (ROUTE),43.14221,6.00595,Crépuscule ou aube,Hors agglomération,Intersection en X,Normale,Deux véhicules - côté,3,2,2,0,1,1,1,8,1,50,2,3,2,0,0,1,57.0,20.0,deux_roues,voiture,2,1,2,1,3
202200034404,2022-07-17 22:30:00,2022,7,17,22,30,34,34119,Avenue des 13 Vents,43.5936731037,3.1141720712,Nuit avec éclairage allumé,En agglomération,Hors intersection,Normale,Autre collision,3,2,2,0,1,1,1,5,1,50,1,2,1,0,0,1,20.0,,voiture,,5,2,1,1,6
202200034405,2022-07-17 06:05:00,2022,7,17,6,5,39,39478,Avenue de la Libération,46.381991,5.856475,Crépuscule ou aube,En agglomération,Hors intersection,Normale,Autre collision,3,-1,2,0,2,3,1,0,3,50,1,2,0,0,0,2,24.0,,voiture,,2,2,1,1,6
202200034406,2022-07-17 00:25:00,2022,7,17,0,25,25,25342,CD 132 - PK 23+800,47.160706,6.41932,Nuit sans éclairage public,Hors agglomération,Hors intersection,Normale,Autre collision,3,2,2,0,2,3,1,0,3,80,1,1,0,0,1,0,15.0,,deux_roues,,3,1,1,1,6
202200034407,2022-12-06 10:45:00,2022,12,6,10,45,73,73065,TURIN (AVENUE),45.56905,5.93097,Plein jour,En agglomération,Hors intersection,Normale,Deux véhicules - côté,4,2,2,0,1,1,1,0,6,50,2,2,1,0,0,1,25.0,45.0,deux_roues,voiture,1,2,1,1,3
202200034408,2022-07-14 08:20:00,2022,7,14,8,20,29,29218,Clos de Kervillou,48.0457262163,-4.494062662,Plein jour,Hors agglomération,Hors intersection,Normale,Trois véhicules et plus - collisions multiples,4,2,2,0,1,2,1,0,1,80,3,6,3,0,2,1,20.0,56.0,utilitaire_camion,voiture,1,1,1,1,5
202200034409,2022-12-05 12:35:00,2022,12,5,12,35,71,71270,HERITAN (RUE DE L'),46.31103,4.82697,Plein jour,En agglomération,Intersection en T,Normale,Deux véhicules - côté,3,2,2,0,4,1,1,0,1,30,2,2,1,0,0,1,16.0,18.0,deux_roues,voiture,1,2,3,1,3
202200034410,2022-07-15 16:00:00,2022,7,15,16,0,15,15192,D67,45.076907,2.726122,Plein jour,Hors agglomération,Hors intersection,Normale,Sans collision,3,2,2,0,2,2,1,0,1,90,1,1,0,0,1,0,59.0,,deux_roues,,1,1,1,1,7
202200034411,2022-12-07 10:25:00,2022,12,7,10,25,69,69266,Quai Charles de Gaulle,45.78539,4.86329,Plein jour,En agglomération,Hors intersection,Pluie légère,Autre collision,4,1,4,0,1,2,2,0,1,50,1,1,0,0,0,1,34.0,,voiture,,1,2,1,2,6
202200034412,2022-12-06 17:07:00,2022,12,6,17,7,67,67482,BOECKLIN (RUE),48.60048,7.78035,Nuit avec éclairage allumé,En agglomération,Hors intersection,Normale,Autre collision,4,2,2,0,1,1,1,9,1,50,1,2,1,0,0,1,60.0,,voiture,,5,2,1,1,6
202200034413,2022-07-14 18:55:00,2022,7,14,18,55,70,70206,14 Rue de Luze,47.60357,6.769096,Plein jour,En agglomération,Intersection en T,Temps éblouissant,Deux véhicules - frontale,4,2,2,0,1,1,1,0,1,50,2,2,1,0,1,0,8.0,71.0,deux_roues,voiture,1,2,3,7,1
202200034414,2022-12-06 06:40:00,2022,12,6,6,40,67,67482,BAN DE LA ROCHE (RUE DU),48.57709,7.72811,Nuit avec éclairage allumé,En agglomération,Intersection en X,Normale,Deux véhicules - côté,4,2,2,0,1,1,1,9,8,30,2,2,1,0,0,1,20.0,56.0,deux_roues,voiture,5,2,2,1,3
202200034415,2022-07-18 14:25:00,2022,7,18,14,25,26,26124,Route Nationale 7,44.863991,4.858103,Plein jour,Hors agglomération,Hors intersection,Normale,Trois véhicules et plus - collisions multiples,2,-1,3,0,1,1,1,0,1,90,3,4,2,0,1,1,40.0,59.0,voiture,utilitaire_camion,1,1,1,1,5
202200034416,2022-12-07 18:00:00,2022,12,7,18,0,65,65417,Rue Edouard Dallas,43.22392,0.09401,Nuit avec éclairage allumé,En agglomération,Giratoire,Normale,Deux véhicules - côté,3,1,1,0,1,3,1,0,1,50,2,2,1,0,0,1,82.0,33.0,voiture,deux_roues,5,2,6,1,3
202200034417,2022-12-07 09:30:00,2022,12,7,9,30,64,64102,CESTAC (CHEMIN DE L'ABBE DE),43.48664,-1.48424,Plein jour,En agglomération,Hors intersection,Temps couvert,Sans collision,3,2,2,0,1,1,2,0,1,50,1,2,0,0,0,2,18.0,,deux_roues,,1,2,1,8,7
202200034418,2022-07-17 20:40:00,2022,7,17,20,40,66,66146,,42.5586111,1.767147,Plein jour,Hors agglomération,Hors intersection,Normale,Deux véhicules - frontale,2,2,2,0,1,3,1,0,1,80,2,3,2,0,1,0,75.0,17.0,voiture,deux_roues,1,1,1,1,1
202200034419,2022-07-16 04:05:00,2022,7,16,4,5,06,06074,M373,43.959544,7.279866,Nuit sans éclairage public,Hors agglomération,Hors intersection,Normale,Sans collision,7,2,2,0,2,3,1,0,3,80,1,2,1,0,0,1,21.0,,deux_roues,,3,1,1,1,7
202200034420,2022-12-06 08:52:00,2022,12,6,8,52,63,63113,MOULIN (BD JEAN),45.77693,3.11783,Plein jour,En agglomération,Intersection en X,Normale,Deux véhicules - frontale,7,3,5,0,1,1,2,0,1,50,2,2,1,0,0,1,22.0,46.0,voiture,voiture,1,2,2,1,1
202200034421,2022-07-17 16:30:00,2022,7,17,16,30,05,05017,N94,44.573503,6.172428,Plein jour,Hors agglomération,Hors intersection,Normale,Deux véhicules - frontale,2,2,2,0,1,1,1,0,1,80,2,5,3,0,0,2,46.0,21.0,voiture,voiture,1,1,1,1,1
202200034422,2022-12-04 12:32:00,2022,12,4,12,32,63,63113,cours Sablon,45.77359,3.09001,Plein jour,En agglomération,Intersection en X,Pluie légère,Deux véhicules - côté,4,2,4,0,1,1,2,0,1,50,2,2,1,0,0,1,49.0,22.0,voiture,voiture,1,2,2,2,3
202200034423,2022-07-18 14:45:00,2022,7,18,14,45,50,50400,Les Landes,49.411839,-1.413395,Plein jour,Hors agglomération,Intersection en X,Normale,Deux véhicules - côté,3,2,2,0,4,3,1,0,1,80,2,3,1,0,2,0,15.0,75.0,deux_roues,voiture,1,1,2,1,3
202200034424,2022-12-04 19:10:00,2022,12,4,19,10,62,62033,D917,50.456742,2.883827,Nuit sans éclairage public,Hors agglomération,Hors intersection,Temps couvert,Deux véhicules - frontale,3,2,2,0,1,1,1,9,1,50,2,2,1,0,0,1,70.0,34.0,voiture,voiture,3,1,1,8,1
202200034425,2022-12-07 12:40:00,2022,12,7,12,40,59,59350,POSTES RUE N° RESTE,50.6222,3.05369,Plein jour,En agglomération,Hors intersection,Temps couvert,Autre collision,4,2,2,0,1,1,2,0,1,30,1,2,1,0,0,1,,,voiture,,1,2,1,8,6
202200034426,2022-07-18 11:31:00,2022,7,18,11,31,60,60509,Rue Georges Decroze,49.300218,2.604494,Plein jour,En agglomération,Intersection en X,Normale,Deux véhicules - côté,3,2,2,2,1,1,1,0,1,50,2,3,1,0,0,2,20.0,50.0,voiture,deux_roues,1,2,2,1,3
202200034427,2022-12-06 13:40:00,2022,12,6,13,40,59,59143,MARLE (RUE DE LA ),50.6644374898,2.8737367093,Plein jour,Hors agglomération,Hors intersection,Normale,Sans collision,7,2,2,0,1,1,1,0,1,90,1,1,0,1,0,0,60.0,,deux_roues,,1,1,1,1,7
202200034428,2022-07-17 18:30:00,2022,7,17,18,30,60,60537,Rue de Dreslincourt,49.515868,2.921922,Plein jour,Hors agglomération,Hors intersection,Normale,Autre collision,4,2,2,0,2,3,1,0,3,50,1,6,0,2,3,1,21.0,,voiture,,1,1,1,1,6
202200034429,2022-12-03 15:45:00,2022,12,3,15,45,56,56260,N165 sens Vannes/Lorient,47.662907,-2.78994,Plein jour,Hors agglomération,Hors intersection,Normale,Deux véhicules - arrière,2,3,4,0,1,1,1,0,1,90,2,6,3,0,0,3,49.0,48.0,voiture,voiture,1,1,1,1,2
202200034430,2022-07-12 10:25:00,2022,7,12,10,25,64,64506,RN 134,43.055358,-0.596824,Plein jour,Hors agglomération,Autre intersection,Normale,Autre collision,2,2,2,0,1,2,1,0,3,80,1,1,0,0,0,1,37.0,,utilitaire_camion,,1,1,9,1,6
202200034431,2022-12-06 12:50:00,2022,12,6,12,50,54,54547,JONQUILLES (AVENUE DES),48.6635489978,6.1846321821,Plein jour,En agglomération,Intersection en T,Normale,Autre collision,4,2,2,0,1,1,1,0,1,30,1,2,1,0,0,1,35.0,,voiture,,1,2,3,1,6
202200034432,2022-07-17 20:05:00,2022,7,17,20,5,43,43020,La France,45.314423,4.119439,Plein jour,En agglomération,Hors intersection,Normale,Autre collision,4,-1,2,0,1,1,1,9,1,30,1,1,0,1,0,0,22.0,,deux_roues,,1,2,1,1,6
202200034433,2022-07-17 11:35:00,2022,7,17,11,35,36,36171,,47.082649,2.046147,Plein jour,En agglomération,Intersection en T,Temps éblouissant,Deux véhicules - côté,3,2,2,0,1,1,1,5,1,50,2,3,1,0,0,2,59.0,78.0,deux_roues,voiture,1,2,3,7,3
202200034434,2022-12-07 21:10:00,2022,12,7,21,10,51,51454,rue Géruzez,49.26386,4.01797,Nuit avec éclairage allumé,En agglomération,Intersection en X,Normale,Deux véhicules - côté,4,2,2,0,1,1,1,0,1,50,2,2,1,0,0,1,21.0,31.0,voiture,deux_roues,5,2,2,1,3
202200034435,2022-07-17 13:35:00,2022,7,17,13,35,07,07120,D215,44.793752,4.290537,Plein jour,Hors agglomération,Hors intersection,Normale,Sans collision,3,2,2,0,2,1,9,0,1,80,1,1,0,0,1,0,59.0,,deux_roues,,1,1,1,1,7
202200034436,2022-07-13 11:30:00,2022,7,13,11,30,53,53147,Boulevard Jean Monnet,48.28794,-0.621897,Plein jour,En agglomération,Hors intersection,Normale,Autre collision,6,-1, -1,0,1,1,1,0,1,-1,1,2,1,0,1,0,54.0,,voiture,,1,2,1,1,6
202200034437,2022-12-07 15:20:00,2022,12,7,15,20,51,51454,boulevard Lundy,49.2598,4.03641,Plein jour,En agglomération,Intersection en T,Normale,Deux véhicules - côté,4,2,2,1,1,1,1,0,1,50,2,2,1,0,0,1,49.0,48.0,deux_roues,utilitaire_camion,1,2,3,1,3
202200034438,2022-07-17 15:50:00,2022,7,17,15,50,21,21066,D111,47.099022,4.596748,Plein jour,Hors agglomération,Hors intersection,Normale,Autre collision,3,2,2,0,1,1,1,0,8,80,1,1,0,0,1,0,23.0,,deux_roues,,1,1,1,1,6
202200034439,2022-07-18 00:40:00,2022,7,18,0,40,24,24340,68 Rue de la Resistance,44.849727,0.413701,Nuit avec éclairage allumé,En agglomération,Hors intersection,Normale,Autre collision,3,2,2,0,1,3,1,0,3,50,1,1,0,0,1,0,41.0,,voiture,,5,2,1,1,6
202200034440,2022-12-06 15:35:00,2022,12,6,15,35,49,49007,ATLANTIQUE  AVENUE DE L',47.46925,-0.60106,Plein jour,Hors agglomération,Hors intersection,Normale,Trois véhicules et plus - en chaîne,3,2,4,0,1,1,1,0,1,90,3,4,1,0,0,3,40.0,27.0,voiture,utilitaire_camion,1,1,1,1,4
202200034441,2022-07-17 08:48:00,2022,7,17,8,48,27,27226,D6,49.294389,1.608707,Plein jour,En agglomération,Hors intersection,Normale,Autre collision,3,2,3,0,2,2,3,0,3,70,1,5,3,0,1,1,20.0,,voiture,,1,2,1,1,6
202200034442,2022-12-07 10:15:00,2022,12,7,10,15,47,47031,LACAPELETTE,44.1770856674,0.6280245609,Plein jour,Hors agglomération,Giratoire,Normale,Deux véhicules - côté,4,2,2,0,1,1,1,0,1,50,2,2,1,0,0,1,69.0,66.0,voiture,deux_roues,1,1,6,1,3
202200034443,2022-07-17 22:45:00,2022,7,17,22,45,27,27425,RD 613,49.140951,0.767959,Nuit avec éclairage non allumé,Hors agglomération,Intersection en X,Normale,Deux véhicules - côté,3,2,2,0,1,2,1,0,1,80,2,3,2,0,1,0,17.0,71.0,deux_roues,voiture,4,1,2,1,3
202200034444,2022-12-07 18:20:00,2022,12,7,18,20,44,44109,Boulevard de la prairie de Mauves,47.22119,-1.51164,Nuit sans éclairage public,Hors agglomération,Hors intersection,Normale,Deux véhicules - arrière,4,1,1,0,2,1,1,0,1,50,2,4,3,0,0,1,37.0,36.0,utilitaire_camion,voiture,3,1,1,1,2
202200034445,2022-07-17 18:45:00,2022,7,17,18,45,17,17338,Rue de la Folie,46.162185,-0.768217,Plein jour,Hors agglomération,Hors intersection,Normale,Sans collision,4,2,1,0,1,1,1,0,3,80,1,2,0,0,2,0,35.0,,deux_roues,,1,1,1,1,7
202200034446,2022-12-07 08:00:00,2022,12,7,8,0,43,43157,Rue de la Ronzade,45.04059,3.87951,Crépuscule ou aube,En agglomération,Hors intersection,Autre,Sans collision,4,1,1,0,2,1,7,0,1,50,1,1,0,0,0,1,50.0,,deux_roues,,2,2,1,9,7
202200034447,2022-07-18 11:10:00,2022,7,18,11,10,37,37265,D31,47.073651,0.918335,Plein jour,Hors agglomération,Hors intersection,Normale,Deux véhicules - frontale,3,2,3,0,1,1,1,0,1,90,2,2,0,0,1,1,75.0,27.0,voiture,voiture,1,1,1,1,1
202200034448,2022-12-07 15:00:00,2022,12,7,15,0,42,42044,Rue de la République,45.3960066019,4.3220225724,Plein jour,En agglomération,Intersection en X,Pluie légère,Deux véhicules - côté,7,1,1,0,1,1,2,5,1,50,2,3,1,0,0,2,71.0,65.0,voiture,voiture,1,2,2,2,3
202200034449,2022-07-04 05:10:00,2022,7,4,5,10,08,08085,4 Rue du Chateau,49.478117,4.853615,Crépuscule ou aube,En agglomération,Hors intersection,Normale,Autre collision,3,2,2,0,2,2,1,0,4,50,1,2,0,0,1,1,21.0,,voiture,,2,2,1,1,6
202200034450,2022-07-17 04:15:00,2022,7,17,4,15,19,19146,Autoroute A89 PK 212.800 vers BORDEAUX,45.3164827077,1.7253058789,Nuit sans éclairage public,Hors agglomération,Hors intersection,Normale,Autre collision,1,1,4,0,1,1,1,0,1,130,1,1,0,0,1,0,21.0,,voiture,,3,1,1,1,6
202200034451,2022-12-07 05:15:00,2022,12,7,5,15,42,42095,Rue Jean Jaurès,45.38807,4.28571,Nuit avec éclairage allumé,En agglomération,Intersection en X,Normale,Deux véhicules - côté,7,2,2,0,1,1,1,0,1,50,2,5,2,0,1,2,46.0,20.0,utilitaire_camion,voiture,5,2,2,1,3
202200034452,2022-12-07 12:00:00,2022,12,7,12,0,37,37261,PIERRE (RUE DE LA),47.40478,0.68446,Plein jour,En agglomération,Hors intersection,Normale,Autre collision,4,1,1,1,1,3,1,0,1,50,2,2,1,0,0,1,66.0,66.0,voiture,voiture,1,2,1,1,6
202200034453,2022-07-16 07:15:00,2022,7,16,7,15,10,10048,A5,48.155835,4.603155,Plein jour,Hors agglomération,Hors intersection,Normale,Deux véhicules - arrière,1,3,4,0,1,1,1,0,1,130,2,6,5,0,0,1,48.0,52.0,voiture,utilitaire_camion,1,1,1,1,2
202200034454,2022-12-07 10:10:00,2022,12,7,10,10,37,37261,BERANGER (BOULEVARD),47.38838,0.6767,Plein jour,En agglomération,Hors intersection,Normale,Deux véhicules - arrière,4,1,2,2,1,1,1,0,1,50,2,3,2,0,0,1,30.0,39.0,voiture,voiture,1,2,1,1,2
202200034455,2022-07-16 01:00:00,2022,7,16,1,0,31,31181,Autoroute A.64,43.392142,1.286173,Nuit sans éclairage public,Hors agglomération,Hors intersection,Normale,Deux véhicules - arrière,1,1,4,0,1,1,1,0,1,130,2,2,1,0,0,1,55.0,22.0,voiture,voiture,3,1,1,1,2
202200034456,2022-12-06 11:45:00,2022,12,6,11,45,37,37261,CURIE (RUE PIERRE ET MARIE),47.42724,0.70173,Plein jour,En agglomération,Hors intersection,Normale,Autre collision,4,2,2,0,1,1,1,0,1,50,1,2,1,0,0,1,62.0,,voiture,,1,2,1,1,6
202200034457,2022-07-17 11:15:00,2022,7,17,11,15,69,69244,156 Rue Joliot Curie,45.7519003634,4.7704179546,Plein jour,En agglomération,Autre intersection,Normale,Deux véhicules - côté,7,2,3,1,1,1,1,0,4,50,2,2,1,0,0,1,56.0,46.0,voiture,deux_roues,1,2,9,1,3
202200034458,2022-12-06 08:15:00,2022,12,6,8,15,33,33167,Quai de la Souys,44.82066,-0.53189,Crépuscule ou aube,En agglomération,Intersection en T,Normale,Deux véhicules - côté,4,2,3,0,1,1,1,5,1,50,2,2,1,0,0,1,,55.0,voiture,deux_roues,2,2,3,1,3
202200034459,2022-12-07 09:10:00,2022,12,7,9,10,22,22187,RD786,48.5516880042,-2.8010335565,Plein jour,En agglomération,Hors intersection,Normale,Deux véhicules - arrière,3,3,4,1,2,1,2,0,1,90,2,2,1,0,0,1,61.0,26.0,voiture,voiture,1,2,1,1,2
202200034460,2022-07-17 17:10:00,2022,7,17,17,10,13,13025,A8 PEAGE DE LA BARQUE,43.482928,5.541358,Plein jour,Hors agglomération,Hors intersection,Normale,Autre collision,1,-1,5,0,1,1,1,7,1,5,2,3,2,0,0,1,75.0,46.0,deux_roues,utilitaire_camion,1,1,1,1,6
202200034461,2022-12-06 10:25:00,2022,12,6,10,25,15,15012,Avenue du General Milhaud,44.90321,2.45644,Plein jour,En agglomération,Hors intersection,Temps éblouissant,Autre collision,3,2,2,0,1,1,1,0,1,50,1,2,1,0,1,0,30.0,,utilitaire_camion,,1,2,1,7,6
202200034462,2022-07-18 15:15:00,2022,7,18,15,15,06,06088,A8 PK 185+600 SUD,43.671457,7.201635,Plein jour,Hors agglomération,Hors intersection,Normale,Trois véhicules et plus - collisions multiples,1,3,2,0,1,2,1,0,1,90,3,4,3,0,0,1,28.0,34.0,voiture,utilitaire_camion,1,1,1,1,5
202200034463,2022-12-07 21:00:00,2022,12,7,21,0,13,13208,PRADO (AVENUE DU),43.27736,5.38915,Nuit avec éclairage allumé,En agglomération,Hors intersection,Normale,Deux véhicules - côté,4,1,1,0,1,1,1,0,1,50,2,3,2,0,0,1,52.0,22.0,deux_roues,voiture,5,2,1,1,3
202200034464,2022-07-17 17:00:00,2022,7,17,17,0,51,51515,A4,49.03542,4.608979,Plein jour,Hors agglomération,Hors intersection,Normale,Sans collision,1,1,4,3,1,1,1,0,3,130,1,1,0,0,0,1,20.0,,voiture,,1,1,1,1,7
202200034465,2022-12-06 18:35:00,2022,12,6,18,35,10,10333,CHARLES BALTET (CD),48.28123,4.06172,Nuit avec éclairage allumé,En agglomération,Hors intersection,Normale,Autre collision,4,2,2,0,2,1,1,0,1,50,1,2,1,0,0,1,22.0,,voiture,,5,2,1,1,6
202200034466,2022-07-18 07:20:00,2022,7,18,7,20,91,91085,Avenue de Paris,48.539639,2.21014,Plein jour,Hors agglomération,Hors intersection,Normale,Deux véhicules - arrière,3,3,4,0,2,1,1,0,1,90,2,2,0,0,0,2,34.0,19.0,utilitaire_camion,utilitaire_camion,1,1,1,1,2
202200034467,2022-12-06 17:14:00,2022,12,6,17,14,10,10297,JULES GUESDE (BDL),48.31809,4.10409,Nuit avec éclairage allumé,En agglomération,Intersection en X,Normale,Deux véhicules - frontale,3,2,2,0,1,1,1,0,1,50,2,2,1,0,0,1,44.0,50.0,voiture,deux_roues,5,2,2,1,1
202200034468,2022-07-17 11:05:00,2022,7,17,11,5,973,97304,Route Nationale 1-PK 79+050,5.138476,-52.826729,Plein jour,Hors agglomération,Hors intersection,Normale,Deux véhicules - frontale,2,2,2,0,2,1,1,0,1,80,2,7,0,1,6,0,16.0,38.0,voiture,voiture,1,1,1,1,1
202200034469,2022-07-12 16:50:00,2022,7,12,16,50,971,97118,Arnouville,16.229416,-61.591973,Plein jour,Hors agglomération,Hors intersection,Normale,Deux véhicules - côté,2,1,3,0,1,1,1,0,2,90,2,2,1,0,1,0,27.0,22.0,voiture,deux_roues,1,1,1,1,3
202200034470,2022-12-06 15:32:00,2022,12,6,15,32,10,10357,GENERAL DE GAULLE (RUE DU),48.2971,4.12658,Plein jour,En agglomération,Intersection en T,Normale,Deux véhicules - côté,3,2,2,0,1,1,1,0,1,50,2,2,1,0,0,1,62.0,18.0,utilitaire_camion,deux_roues,1,2,3,1,3
202200034471,2022-07-15 22:50:00,2022,7,15,22,50,77,77430,D9E1,49.072889,2.793505,Nuit avec éclairage allumé,En agglomération,Hors intersection,Normale,Sans collision,3,2,2,0,1,1,1,0,1,50,1,1,0,0,0,1,22.0,,autre,,5,2,1,1,7
202200034472,2022-12-08 07:53:00,2022,12,8,7,53,75,75116,ECHANGEUR AUTEUIL,48.844089,2.254686,Crépuscule ou aube,En agglomération,Hors intersection,Normale,Deux véhicules - arrière,4,1,4,0,1,1,1,1,1,70,2,2,1,0,0,1,32.0,50.0,utilitaire_camion,voiture,2,2,1,1,2
202200034473,2022-07-17 18:30:00,2022,7,17,18,30,95,95303,Grande Rue,49.165872,1.998203,Plein jour,En agglomération,Hors intersection,Normale,Sans collision,3,2,2,0,2,1,1,0,1,50,1,2,1,0,1,0,40.0,,deux_roues,,1,2,1,1,7
202200034474,2022-07-16 08:20:00,2022,7,16,8,20,66,66093,,42.546062,2.936118,Plein jour,Hors agglomération,Hors intersection,Normale,Autre collision,4,2,2,0,1,1,1,0,3,80,1,1,0,1,0,0,39.0,,voiture,,1,1,1,1,6
202200034475,2022-07-18 11:10:00,2022,7,18,11,10,83,83104,D3,43.5928559379,5.7490682602,Plein jour,Hors agglomération,Hors intersection,Normale,Deux véhicules - frontale,3,3,2,0,2,3,1,0,1,80,2,3,0,0,1,2,20.0,75.0,voiture,voiture,1,1,1,1,1
202200034476,2022-07-18 08:30:00,2022,7,18,8,30,26,26156,A7 - PK 052.100,45.0812685117,4.874689579,Plein jour,Hors agglomération,Hors intersection,Normale,Deux véhicules - arrière,1,3,5,0,1,3,1,0,1,130,2,4,1,0,1,2,57.0,43.0,voiture,utilitaire_camion,1,1,1,1,2
202200034477,2022-07-15 18:15:00,2022,7,15,18,15,26,26252,"A7, N/S, PK 78+370",44.877647,4.865055,Plein jour,Hors agglomération,Hors intersection,Normale,Trois véhicules et plus - en chaîne,1,3,5,0,1,1,1,0,1,130,3,7,6,0,0,1,64.0,65.0,voiture,voiture,1,1,1,1,4