accident_id,datetime,annee,mois,jour,heure,minute,departement,commune_insee,adresse,latitude,longitude,luminosite,agglomeration,intersection,meteo,collision,catr,circ,nbv,vosp,prof,plan,surf,infra,situ,vma,nb_vehicules,nb_usagers,nb_indemnes,nb_tues,nb_blesses_hosp,nb_blesses_legers,age_cond_1,age_cond_2,veh_type_cond_1,veh_type_cond_2,lum_code,agg_code,int_code,atm_code,col_code
202200034755,2022-01-20 07:15:00,2022,1,20,7,15,69,69289,Route Départementale 147,45.668945,5.001225,Crépuscule ou aube,En agglomération,Hors intersection,Pluie légère,Deux véhicules - frontale,3,2,2,2,2,2,6,0,1,80,2,2,0,0,1,1,21.0,65.0,voiture,utilitaire_camion,2,2,1,2,1
202200034756,2022-08-27 08:20:00,2022,8,27,8,20,13,13025,D7N,43.489117,5.554817,Plein jour,Hors agglomération,Hors intersection,Normale,Autre collision,3,2,2,2,1,1,1,0,3,80,1,1,0,0,1,0,70.0,,voiture,,1,1,1,1,6
202200034757,2022-01-21 10:50:00,2022,1,21,10,50,31,31395,Avenue Jacques Douzans,43.467546,1.327999,Plein jour,En agglomération,Giratoire,Normale,Autre collision,3,-1,1,0,1,1,2,9,8,50,1,2,1,0,0,1,79.0,,voiture,,1,2,6,1,6
202200034758,2022-03-01 07:10:00,2022,3,1,7,10,91,91589,AUTOROUTE A6,48.67944,2.33377,Crépuscule ou aube,Hors agglomération,Hors intersection,Temps couvert,Deux véhicules - arrière,1,1,3,0,1,1,1,0,1,110,2,2,1,0,0,1,52.0,52.0,voiture,utilitaire_camion,2,1,1,8,2
202200034759,2022-08-26 17:45:00,2022,8,26,17,45,77,77453,D408,48.546671,2.728558,Plein jour,Hors agglomération,Hors intersection,Temps éblouissant,Sans collision,3,2,2,0,1,2,1,0,3,90,1,1,0,0,1,0,66.0,,voiture,,1,1,1,7,7
202200034760,2022-01-21 01:55:00,2022,1,21,1,55,33,33012,Avenue Jean-Luc Vonderheyden,45.000207,-0.652919,Nuit sans éclairage public,Hors agglomération,Hors intersection,Normale,Autre collision,4,2,2,0,1,2,1,2,3,30,1,1,0,0,1,0,27.0,,voiture,,3,1,1,1,6
202200034761,2022-01-20 09:00:00,2022,1,20,9,0,29,29103,Rue du Gaz,48.453067548,-4.2481327055,Plein jour,En agglomération,Hors intersection,Normale,Autre collision,3,2,2,0,2,2,1,0,1,50,1,2,1,0,0,1,39.0,,voiture,,1,2,1,1,6
202200034762,2022-08-27 05:10:00,2022,8,27,5,10,30,30332,,44.066,3.386407,Nuit sans éclairage public,Hors agglomération,Hors intersection,Normale,Sans collision,3,2,2,0,2,2,1,0,8,80,1,4,3,0,0,1,17.0,,voiture,,3,1,1,1,7
202200034763,2022-02-28 20:30:00,2022,2,28,20,30,95,95154, A1,49.043405265,2.544118166,Nuit sans éclairage public,Hors agglomération,Hors intersection,Normale,Deux véhicules - arrière,1,3,8,0,1,1,1,0,1,110,2,3,1,0,0,2,46.0,,voiture,voiture,3,1,1,1,2
202200034764,2022-01-20 19:10:00,2022,1,20,19,10,22,22364,Allee Madame de Sevigne,48.441978,-2.07353,Nuit avec éclairage allumé,En agglomération,Hors intersection,Normale,Autre collision,9,2,2,0,1,1,1,0,4,-1,1,2,1,0,1,0,,,autre,,5,2,1,1,6
202200034765,2022-08-25 16:45:00,2022,8,25,16,45,06,06157,Chemin des Anciens Combattants d Afrique du Nord,43.724444,7.089636,Plein jour,En agglomération,Hors intersection,Normale,Deux véhicules - côté,7,2,2,0,2,1,1,0,1,50,2,2,1,1,0,0,16.0,47.0,deux_roues,voiture,1,2,1,1,3
202200034766,2022-01-21 11:30:00,2022,1,21,11,30,60,60139,station essence D1001,49.188267,2.234902,Plein jour,Hors agglomération,Hors intersection,Temps couvert,Deux véhicules - arrière,5,-1,1,0,2,1,2,9,8,50,2,2,1,0,0,1,27.0,70.0,voiture,voiture,1,1,1,8,2
202200034767,2022-03-01 07:00:00,2022,3,1,7,0,94,94015,A4,48.83192,2.53193,Crépuscule ou aube,Hors agglomération,Hors intersection,Normale,Trois véhicules et plus - en chaîne,1,-1,4,0,1,1,1,0,1,110,3,3,2,0,0,1,37.0,24.0,utilitaire_camion,deux_roues,2,1,1,1,4
202200034768,2022-08-26 19:30:00,2022,8,26,19,30,13,13004,Peaudure (Arrêt de bus),43.470884,4.706582,Plein jour,Hors agglomération,Intersection en Y,Normale,Autre collision,3,2,2,0,1,2,1,0,1,80,2,2,0,0,1,1,25.0,24.0,voiture,voiture,1,1,4,1,6
202200034769,2022-01-20 17:10:00,2022,1,20,17,10,13,13215,A7-Sens Marseille vers Lyon,43.36013,5.36198,Plein jour,Hors agglomération,Hors intersection,Normale,Deux véhicules - arrière,1,1,3,0,1,1,1,0,1,90,2,3,2,0,0,1,46.0,26.0,utilitaire_camion,voiture,1,1,1,1,2
202200034770,2022-01-19 08:33:00,2022,1,19,8,33,83,83137,A57,43.132656,5.982469,Plein jour,Hors agglomération,Hors intersection,Normale,Deux véhicules - arrière,1,3,5,0,1,1,1,8,1,70,2,2,1,0,0,1,24.0,42.0,utilitaire_camion,deux_roues,1,1,1,1,2
202200034771,2022-02-28 17:15:00,2022,2,28,17,15,77,77146,A4.Y,48.832279134,2.6562405846,Plein jour,Hors agglomération,Hors intersection,Normale,Deux véhicules - côté,1,-1,4,0,1,1,1,0,1,110,2,5,4,0,0,1,19.0,36.0,voiture,voiture,1,1,1,1,3
202200034772,2022-08-26 16:35:00,2022,8,26,16,35,55,55122,Rue de la Louviere,48.75429,5.598816,Plein jour,En agglomération,Giratoire,Normale,Autre collision,3,1,1,0,1,3,1,0,1,50,1,2,1,0,1,0,24.0,,voiture,,1,2,6,1,6
202200034773,2022-01-14 18:00:00,2022,1,14,18,0,69,69081,Route de Métropole 6,45.77803,4.78102,Nuit sans éclairage public,Hors agglomération,Hors intersection,Normale,Trois véhicules et plus - collisions multiples,7,4,8,0,2,1,1,0,1,70,3,3,2,0,0,1,25.0,40.0,voiture,voiture,3,1,1,1,5
202200034774,2022-08-23 11:35:00,2022,8,23,11,35,74,74290,D1506,46.021708,6.918785,Plein jour,Hors agglomération,Intersection en Y,Normale,Deux véhicules - côté,3,2,2,0,1,1,1,0,1,80,2,3,1,0,1,1,61.0,38.0,voiture,deux_roues,1,1,4,1,3
202200034775,2022-08-26 18:20:00,2022,8,26,18,20,69,69057,Route du Col de la Luère,45.775261,4.588423,Plein jour,Hors agglomération,Hors intersection,Normale,Deux véhicules - frontale,3,2,2,0,2,1,2,0,1,80,2,2,0,0,1,1,50.0,54.0,voiture,voiture,1,1,1,1,1
202200034776,2022-02-28 13:20:00,2022,2,28,13,20,94,94069,A4,48.8172,2.4308,Plein jour,Hors agglomération,Hors intersection,Normale,Trois véhicules et plus - en chaîne,1,-1,4,0,1,1,1,0,1,90,3,3,2,0,0,1,57.0,39.0,voiture,voiture,1,1,1,1,4
202200034777,2022-08-27 15:30:00,2022,8,27,15,30,79,79049,,46.895202,-0.495619,Plein jour,Hors agglomération,Hors intersection,Temps éblouissant,Sans collision,3,2,2,0,1,4,1,2,6,80,1,1,0,1,0,0,72.0,,deux_roues,,1,1,1,7,7
202200034778,2022-08-27 08:30:00,2022,8,27,8,30,85,85300,RD 160 la landette,46.6495294524,-1.5121811628,Plein jour,Hors agglomération,Giratoire,Normale,Sans collision,3,1,2,0,1,2,8,0,1,80,1,1,0,0,0,1,54.0,,deux_roues,,1,1,6,1,7
202200034779,2022-02-28 13:00:00,2022,2,28,13,0,60,60057,Rue de la Tapisserie,49.42758,2.08298,Plein jour,En agglomération,Hors intersection,Normale,Sans collision,4,2,2,0,1,1,1,0,1,50,1,2,1,0,0,1,75.0,,voiture,,1,2,1,1,7
202200034780,2022-01-20 09:00:00,2022,1,20,9,0,33,33080,AUTOROUTE A 62,44.72608,-0.52721,Plein jour,Hors agglomération,Hors intersection,Pluie légère,Trois véhicules et plus - en chaîne,1,3,4,0,1,1,2,3,1,70,3,3,2,0,0,1,27.0,51.0,voiture,voiture,1,1,1,2,4
202200034781,2022-01-20 12:50:00,2022,1,20,12,50,92,92050,A86,48.9181389775,2.222764826,Plein jour,Hors agglomération,Hors intersection,Normale,Deux véhicules - arrière,1,3,2,0,1,1,1,0,1,70,2,2,1,0,0,1,24.0,30.0,voiture,voiture,1,1,1,1,2
202200034782,2022-02-18 08:05:00,2022,2,18,8,5,92,92036,EMILE ZOLA (RUE),48.924344,2.299646,Plein jour,En agglomération,Intersection en X,Normale,Autre collision,4,2,2,0,1,1,1,0,1,50,1,2,1,0,0,1,55.0,,voiture,,1,2,2,1,6
202200034783,2022-08-27 17:30:00,2022,8,27,17,30,50,50601,Le Saussey,48.983224,-0.954298,Plein jour,Hors agglomération,Intersection en T,Temps éblouissant,Deux véhicules - côté,3,2,2,0,2,1,1,9,1,80,2,6,3,1,2,0,38.0,50.0,deux_roues,voiture,1,1,3,7,3
202200034784,2022-01-19 22:30:00,2022,1,19,22,30,93,93027,AUTOROUTE A86,48.92877,2.41475,Nuit avec éclairage non allumé,Hors agglomération,Hors intersection,Pluie légère,Autre collision,1,3,3,0,3,2,2,0,2,70,1,3,2,0,0,1,20.0,,voiture,,4,1,1,2,6
202200034785,2022-08-26 23:20:00,2022,8,26,23,20,29,29042,Kernaleguen-Tréflez,48.223586,-4.537525,Nuit sans éclairage public,Hors agglomération,Hors intersection,Normale,Autre collision,4,2,2,0,1,3,1,0,3,80,1,4,0,0,4,0,28.0,,voiture,,3,1,1,1,6
202200034786,2022-01-19 23:55:00,2022,1,19,23,55,92,92036,AUTOROUTE A15,48.9492003801,2.2806682438,Nuit avec éclairage allumé,Hors agglomération,Hors intersection,Pluie légère,Autre collision,1,1,8,0,1,3,2,2,2,110,1,4,1,0,0,3,20.0,,voiture,,5,1,1,2,6
202200034787,2022-02-28 08:00:00,2022,2,28,8,0,69,69383,Avenue Lacassagne,45.74867,4.87934,Plein jour,En agglomération,Hors intersection,Normale,Deux véhicules - côté,4,1,2,2,1,1,1,-1,5,50,2,2,1,0,0,1,52.0,22.0,deux_roues,voiture,1,2,1,1,3
202200034788,2022-01-20 09:20:00,2022,1,20,9,20,94,94018,A4,48.8205076244,2.4018322324,Plein jour,Hors agglomération,Hors intersection,Normale,Deux véhicules - arrière,1,-1,5,0,1,1,1,0,1,90,2,2,1,0,0,1,53.0,28.0,voiture,voiture,1,1,1,1,2
202200034789,2022-02-28 12:50:00,2022,2,28,12,50,972,97213,AUTOROUTE A1,14.6184750526,-61.0211205485,Plein jour,Hors agglomération,Hors intersection,Normale,Deux véhicules - arrière,1,3,3,0,1,1,1,0,1,90,2,2,1,0,0,1,59.0,22.0,voiture,voiture,1,1,1,1,2
202200034790,2022-08-26 09:00:00,2022,8,26,9,0,27,27448,19 Rue Albert Camus,49.023578,1.377051,Plein jour,En agglomération,Hors intersection,Normale,Deux véhicules - arrière,3,2,2,0,1,1,1,9,1,30,2,2,1,0,0,1,20.0,40.0,voiture,voiture,1,2,1,1,2
202200034791,2022-01-20 08:00:00,2022,1,20,8,0,77,77083,A4.W,48.8332151948,2.5944228581,Plein jour,Hors agglomération,Hors intersection,Normale,Deux véhicules - arrière,1,1,3,0,1,1,2,0,1,110,2,2,1,0,0,1,47.0,25.0,voiture,deux_roues,1,1,1,1,2
202200034792,2022-08-27 04:36:00,2022,8,27,4,36,59,59602,Route Nationale,50.6112156824,3.1877812743,Nuit sans éclairage public,Hors agglomération,Hors intersection,Normale,Autre collision,7,2,2,1,1,1,1,0,3,70,1,1,0,0,0,1,21.0,,voiture,,3,1,1,1,6
202200034793,2022-01-19 00:15:00,2022,1,19,0,15,77,77121,A104,48.831918,2.662792,Nuit sans éclairage public,Hors agglomération,Hors intersection,Normale,Deux véhicules - arrière,1,1,2,0,1,2,1,0,1,70,2,2,1,0,0,1,41.0,46.0,voiture,voiture,3,1,1,1,2
202200034794,2022-08-23 17:00:00,2022,8,23,17,0,69,69276,Autoroute 7   ,45.6691196551,4.8458611965,Plein jour,Hors agglomération,Hors intersection,Normale,Deux véhicules - côté,1,3,6,0,1,1,1,0,1,90,2,2,1,0,0,1,37.0,32.0,deux_roues,voiture,1,1,1,1,3
202200034795,2022-08-21 18:00:00,2022,8,21,18,0,42,42183,RN88,45.40419,4.37548,Plein jour,Hors agglomération,Autre intersection,Normale,Deux véhicules - arrière,2,3,4,0,1,1,1,0,1,70,2,2,1,0,0,1,24.0,73.0,deux_roues,utilitaire_camion,1,1,9,1,2
202200034796,2022-01-18 17:41:00,2022,1,18,17,41,75,75110,RUE DU FAUBOURG SAINT DENIS,48.881296,2.35814,Crépuscule ou aube,En agglomération,Intersection en T,Normale,Autre collision,4,2,2,3,1,1,1,0,1,30,1,2,1,1,0,0,23.0,,transport_commun,,2,2,3,1,6
202200034797,2022-02-28 00:05:00,2022,2,28,0,5,972,97213,ROUTE NATIONALE 1,14.61341,-61.01149,Nuit avec éclairage allumé,Hors agglomération,Hors intersection,Pluie légère,Autre collision,2,1,2,3,2,2,2,0,3,70,1,5,2,0,0,3,22.0,,voiture,,5,1,1,2,6
202200034798,2022-01-19 20:35:00,2022,1,19,20,35,75,75120,RUE BELGRAND,48.864559,2.407242,Nuit avec éclairage allumé,En agglomération,Intersection en X,Pluie légère,Autre collision,4,2,2,1,1,1,2,0,1,30,1,2,1,0,0,1,52.0,,deux_roues,,5,2,2,2,6
202200034799,2022-08-26 15:00:00,2022,8,26,15,0,33,33281,ROCADE A 630,44.8501770823,-0.6675428152,Plein jour,Hors agglomération,Hors intersection,Normale,Trois véhicules et plus - en chaîne,1,3,6,0,1,1,1,0,1,90,3,4,3,0,0,1,56.0,21.0,voiture,utilitaire_camion,1,1,1,1,4
202200034800,2022-01-19 18:30:00,2022,1,19,18,30,75,75116,PLACE DE COLOMBIE,48.8618538986,2.2677487135,Nuit avec éclairage allumé,En agglomération,Intersection en Y,Pluie légère,Autre collision,4,2,2,0,1,3,2,0,1,50,1,2,1,0,0,1,56.0,,voiture,,5,2,4,2,6
202200034801,2022-02-28 06:20:00,2022,2,28,6,20,91,91097,RUE DU MOULIN NEUF,48.693207,2.542573,Nuit avec éclairage allumé,En agglomération,Hors intersection,Normale,Autre collision,4,2,2,0,2,3,1,0,3,50,1,2,1,0,0,1,26.0,,voiture,,5,2,1,1,6
202200034802,2022-08-26 00:30:00,2022,8,26,0,30,33,33039,ROCADE A 630,44.8004,-0.5353,Nuit avec éclairage allumé,Hors agglomération,Hors intersection,Normale,Deux véhicules - arrière,1,3,6,0,1,1,1,0,1,90,2,2,1,0,1,0,48.0,25.0,deux_roues,voiture,5,1,1,1,2
202200034803,2022-01-18 08:50:00,2022,1,18,8,50,75,75116,AVENUE DE VERSAILLES,48.84198,2.267471,Plein jour,En agglomération,Hors intersection,Normale,Trois véhicules et plus - en chaîne,4,2,3,0,1,1,1,0,1,30,3,4,3,0,0,1,23.0,44.0,utilitaire_camion,utilitaire_camion,1,2,1,1,4
202200034804,2022-01-19 12:00:00,2022,1,19,12,0,75,75115,BOULEVARD DE GRENELLE,48.853944,2.289563,Plein jour,En agglomération,Hors intersection,Normale,Deux véhicules - côté,4,1,1,1,1,1,1,0,1,30,2,2,1,0,0,1,34.0,37.0,utilitaire_camion,deux_roues,1,2,1,1,3
202200034805,2022-08-26 15:35:00,2022,8,26,15,35,91,91086,RN 104,48.6235,2.38324,Plein jour,Hors agglomération,Hors intersection,Normale,Deux véhicules - arrière,2,3,2,0,1,1,1,0,1,110,2,2,1,0,0,1,41.0,35.0,utilitaire_camion,utilitaire_camion,1,1,1,1,2
202200034806,2022-02-26 10:20:00,2022,2,26,10,20,91,91433,ROCHES (CHEMIN DES),48.433456,2.182047,Plein jour,En agglomération,Intersection en T,Normale,Sans collision,3,2,2,0,1,3,1,0,1,50,1,1,0,0,0,1,53.0,,deux_roues,,1,2,3,1,7
202200034807,2022-01-19 09:35:00,2022,1,19,9,35,75,75115,PONT DE GRENELLE,48.849371,2.28157,Plein jour,En agglomération,Intersection en X,Normale,Deux véhicules - côté,4,2,4,1,1,1,1,0,1,50,2,2,1,0,1,0,30.0,52.0,deux_roues,voiture,1,2,2,1,3
202200034808,2022-08-26 10:55:00,2022,8,26,10,55,91,91689,AUTOROUTE A6,48.73863,2.31829,Plein jour,Hors agglomération,Hors intersection,Normale,Trois véhicules et plus - en chaîne,1,1,3,0,1,1,1,3,1,110,3,4,1,0,0,3,51.0,56.0,voiture,voiture,1,1,1,1,4
202200034809,2022-01-19 17:45:00,2022,1,19,17,45,75,75114,PLACE DE CATALOGNE,48.837431,2.318636,Nuit avec éclairage allumé,En agglomération,Place,Pluie légère,Deux véhicules - côté,4,2,3,1,1,3,2,-1,5,50,2,2,1,0,0,1,23.0,,deux_roues,voiture,5,2,7,2,3
202200034810,2022-02-28 13:55:00,2022,2,28,13,55,85,85191,HOPITAL ROND-POINT DE L',46.66789,-1.41179,Plein jour,En agglomération,Giratoire,Normale,Autre collision,6,-1, -1,0,1,1,1,0,1,30,1,2,1,0,0,1,80.0,,voiture,,1,2,6,1,6
202200034811,2022-08-26 10:15:00,2022,8,26,10,15,91,91161,AUTOROUTE A6,48.69792,2.31431,Plein jour,Hors agglomération,Hors intersection,Normale,Trois véhicules et plus - collisions multiples,1,1,3,0,1,1,1,0,1,110,3,4,2,0,0,2,34.0,39.0,voiture,utilitaire_camion,1,1,1,1,5
202200034812,2022-01-19 08:10:00,2022,1,19,8,10,75,75114,RUE DIDOT,48.828003,2.315505,Nuit avec éclairage allumé,En agglomération,Intersection en T,Normale,Deux véhicules - côté,4,1,2,1,1,1,1,-1,5,30,2,3,2,0,0,1,28.0,24.0,utilitaire_camion,deux_roues,5,2,3,1,3
202200034813,2022-08-26 17:00:00,2022,8,26,17,0,93,93005,A1,48.965770477,2.4759173748,Plein jour,Hors agglomération,Hors intersection,Normale,Autre collision,1,3,3,0,1,1,1,2,1,90,1,1,0,1,0,0,74.0,,utilitaire_camion,,1,1,1,1,6
202200034814,2022-01-19 18:25:00,2022,1,19,18,25,75,75112,AVENUE COURTELINE,48.8439650912,2.4134892225,Nuit avec éclairage allumé,En agglomération,Intersection en X,Pluie légère,Autre collision,4,2,6,0,1,1,2,0,1,30,1,2,1,0,0,1,,,voiture,,5,2,2,2,6
202200034815,2022-02-28 09:10:00,2022,2,28,9,10,83,83137,PONT DE BOIS (CHEMIN DU),43.13137,5.90506,Plein jour,En agglomération,Hors intersection,Normale,Deux véhicules - côté,4,2,2,0,1,1,1,0,1,50,2,2,1,0,0,1,45.0,34.0,deux_roues,voiture,1,2,1,1,3
202200034816,2022-01-19 13:15:00,2022,1,19,13,15,75,75112,BOULEVARD DE REUILLY,48.839396,2.394361,Plein jour,En agglomération,Intersection en T,Normale,Deux véhicules - arrière,4,2,4,0,1,1,1,0,1,30,2,2,1,0,0,1,47.0,26.0,utilitaire_camion,deux_roues,1,2,3,1,2
202200034817,2022-08-26 17:00:00,2022,8,26,17,0,77,77249,RN104,48.7590485567,2.6156728365,Plein jour,Hors agglomération,Hors intersection,Normale,Deux véhicules - arrière,2,3,4,0,1,1,1,0,1,90,2,2,1,0,0,1,44.0,46.0,voiture,deux_roues,1,1,1,1,2
202200034818,2022-01-19 00:50:00,2022,1,19,0,50,75,75112,AVENUE DAUMESNIL,48.8344109518,2.4099487066,Nuit avec éclairage allumé,En agglomération,Intersection à plus de 4 branches,Normale,Deux véhicules - arrière,4,1,2,0,1,3,1,0,1,30,2,2,1,0,0,1,,73.0,voiture,deux_roues,5,2,5,1,2
202200034819,2022-03-01 00:13:00,2022,3,1,0,13,78,78401,GENERAL LECLERC (AVENUE DU ),49.010245,1.903842,Nuit avec éclairage allumé,En agglomération,Intersection en X,Normale,Deux véhicules - côté,3,3,2,0,1,1,1,0,1,50,2,3,2,0,0,1,33.0,,utilitaire_camion,voiture,5,2,2,1,3
202200034820,2022-08-26 09:30:00,2022,8,26,9,30,77,77373,RN104,48.7896103118,2.6181025973,Plein jour,Hors agglomération,Hors intersection,Normale,Autre collision,2,3,3,0,1,1,1,3,1,90,3,3,2,0,0,1,52.0,52.0,transport_commun,voiture,1,1,1,1,6
202200034821,2022-01-19 08:50:00,2022,1,19,8,50,75,75110,BOULEVARD DE MAGENTA,48.874818,2.357382,Plein jour,En agglomération,Intersection à plus de 4 branches,Normale,Autre collision,4,1,1,1,2,1,2,-1,5,25,1,2,0,0,0,2,32.0,,deux_roues,,1,2,5,1,6
202200034822,2022-01-19 15:23:00,2022,1,19,15,23,75,75103,RUE BEAUBOURG,48.863221,2.354562,Plein jour,En agglomération,Intersection en X,Temps couvert,Deux véhicules - arrière,4,1,1,3,1,2,1,-1,6,30,2,2,1,0,0,1,23.0,,deux_roues,utilitaire_camion,1,2,2,8,2
202200034823,2022-08-24 08:51:00,2022,8,24,8,51,988,98818,VE1/RUE PHILOGENE LALANDE DESJARDINS,-22.2525232525,166.4483910799,Plein jour,En agglomération,Intersection en T,Normale,Trois véhicules et plus - en chaîne,1,1,1,0,4,1,1,2,1,50,3,5,4,0,0,1,32.0,58.0,voiture,voiture,1,2,3,1,4
202200034824,2022-01-18 19:05:00,2022,1,18,19,5,94,94081,132 Avenue du Colonel Fabien,48.787809,2.376037,Nuit avec éclairage allumé,En agglomération,Hors intersection,Normale,Deux véhicules - côté,4,2,2,0,1,1,1,0,1,50,2,2,1,0,0,1,72.0,36.0,voiture,deux_roues,5,2,1,1,3
202200034825,2022-01-16 20:30:00,2022,1,16,20,30,94,94081,Avenue de l’Abbé Roger Derry,48.79041,2.39203,Nuit avec éclairage allumé,En agglomération,Intersection en T,Normale,Autre collision,3,2,2,0,1,1,1,0,1,50,1,2,1,0,0,1,34.0,,voiture,,5,2,3,1,6
202200034826,2022-02-28 19:45:00,2022,2,28,19,45,76,76540,N338 - Sud 3,49.4349,1.07387,Nuit avec éclairage non allumé,En agglomération,Hors intersection,Normale,Deux véhicules - arrière,2,3,3,0,1,1,1,0,1,50,2,2,1,0,0,1,39.0,32.0,deux_roues,voiture,4,2,1,1,2
202200034827,2022-01-17 15:00:00,2022,1,17,15,0,94,94028,Rue Gustave Eiffel,48.794594435,2.4496550559,Plein jour,En agglomération,Hors intersection,Normale,Autre collision,4,1,1,0,1,1,1,0,1,50,1,2,1,0,0,1,23.0,,voiture,,1,2,1,1,6
202200034828,2022-08-24 17:25:00,2022,8,24,17,25,974,97416,RN3 (3),-21.3171,55.4903,Crépuscule ou aube,Hors agglomération,Autre intersection,Normale,Trois véhicules et plus - en chaîne,2,3,4,0,2,1,1,0,1,110,3,9,8,0,0,1,28.0,23.0,voiture,voiture,2,1,9,1,4
202200034829,2022-01-19 13:50:00,2022,1,19,13,50,93,93073,Chemin du Loup,48.9636950669,2.558803445,Plein jour,Hors agglomération,Autre intersection,Temps couvert,Deux véhicules - arrière,4,-1,0,0,1,1,1,1,8,90,2,2,1,0,0,1,28.0,60.0,voiture,voiture,1,1,9,8,2
202200034830,2022-02-26 17:25:00,2022,2,26,17,25,76,76351,TOURNEVILLE (DE),49.50038,0.12261,Plein jour,En agglomération,Intersection en X,Normale,Autre collision,4,1,1,0,1,1,1,0,1,30,1,2,1,0,0,1,32.0,,voiture,,1,2,2,1,6
202200034831,2022-06-18 04:45:00,2022,6,18,4,45,83,83117,D56,43.564021,6.709299,Nuit sans éclairage public,Hors agglomération,Hors intersection,Normale,Autre collision,3,2,2,0,1,3,1,0,3,80,1,1,0,0,1,0,22.0,,voiture,,3,1,1,1,6
202200034832,2022-08-22 10:45:00,2022,8,22,10,45,974,97411,JAURES (BOULEVARD JEAN),-20.90035,55.48378,Plein jour,En agglomération,Giratoire,Normale,Deux véhicules - arrière,2,3,4,1,1,3,1,0,1,70,2,3,1,0,1,1,66.0,39.0,voiture,voiture,1,2,6,1,2
202200034833,2022-01-19 09:20:00,2022,1,19,9,20,93,93064,LECLERC (RUE DU GENERAL),48.868187525,2.4921160844,Plein jour,En agglomération,Hors intersection,Normale,Autre collision,3,1,1,1,2,1,1,0,5,50,1,3,0,0,0,3,16.0,,deux_roues,,1,2,1,1,6
202200034834,2022-02-28 16:35:00,2022,2,28,16,35,71,71306,MAURICE NIVON (RUE),46.67624,4.37347,Plein jour,En agglomération,Hors intersection,Normale,Deux véhicules - frontale,4,2,2,0,4,1,1,0,1,50,2,2,1,0,0,1,18.0,22.0,deux_roues,voiture,1,2,1,1,1
202200034835,2022-06-18 01:20:00,2022,6,18,1,20,83,83138,D562,43.600035,6.699128,Nuit sans éclairage public,Hors agglomération,Hors intersection,Normale,Autre collision,3,2,2,0,2,1,1,0,3,80,1,1,0,0,1,0,27.0,,voiture,,3,1,1,1,6
202200034836,2022-01-18 10:20:00,2022,1,18,10,20,93,93061,JAURES AVENUE JEAN,48.88628,2.4071,Plein jour,En agglomération,Intersection en X,Normale,Autre collision,3,2,2,0,1,1,1,0,1,50,1,2,1,0,0,1,91.0,,voiture,,1,2,2,1,6
202200034837,2022-08-25 16:45:00,2022,8,25,16,45,973,97302,BADUEL (ROUTE DE),4.93082,-52.30555,Plein jour,En agglomération,Hors intersection,Normale,Deux véhicules - côté,3,2,2,0,1,1,1,0,1,50,2,2,0,0,0,2,44.0,18.0,voiture,deux_roues,1,2,1,1,3
202200034838,2022-06-18 12:00:00,2022,6,18,12,0,06,06158,D6202,43.941456,7.057577,Plein jour,Hors agglomération,Hors intersection,Normale,Autre collision,3,2,2,0,2,1,1,0,1,80,1,1,0,0,0,1,74.0,,voiture,,1,1,1,1,6
202200034839,2022-02-28 18:25:00,2022,2,28,18,25,69,69266,Avenue Roger Salengro,45.7765984628,4.8747207775,Nuit avec éclairage allumé,En agglomération,Hors intersection,Normale,Autre collision,4,3,2,0,1,1,1,0,1,50,1,2,1,0,0,1,50.0,,voiture,,5,2,1,1,6
202200034840,2022-08-25 19:00:00,2022,8,25,19,0,69,69383,Rue Pierre Corneille,45.76015,4.84452,Crépuscule ou aube,En agglomération,Intersection en X,Normale,Sans collision,4,1,1,2,1,1,2,0,1,50,1,1,0,0,0,1,35.0,,deux_roues,,2,2,2,1,7
202200034841,2022-06-18 08:09:00,2022,6,18,8,9,06,06011,Boulevard Edouard VII,43.710149,7.330638,Plein jour,En agglomération,Hors intersection,Normale,Sans collision,9,2,1,0,2,1,1,0,1,30,1,1,0,0,0,1,38.0,,deux_roues,,1,2,1,1,7
202200034842,2022-01-19 07:50:00,2022,1,19,7,50,93,93031,Rue de Paris / Rue Dumas,48.9543,2.30971,Crépuscule ou aube,En agglomération,Intersection en T,Normale,Deux véhicules - côté,4,2,2,0,1,1,1,0,1,50,2,2,1,0,0,1,58.0,51.0,voiture,deux_roues,2,2,3,1,3
202200034843,2022-02-28 08:20:00,2022,2,28,8,20,69,69282,Chemin de Pommier,45.77603,4.99596,Plein jour,En agglomération,Hors intersection,Normale,Sans collision,4,2,2,0,1,1,1,0,1,30,1,2,1,0,0,1,43.0,,voiture,,1,2,1,1,7
202200034844,2022-08-25 17:00:00,2022,8,25,17,0,69,69383,Rue Paul Bert,45.75699,4.85226,Plein jour,En agglomération,Hors intersection,Normale,Deux véhicules - arrière,4,2,3,2,1,1,1,0,1,30,2,2,1,0,0,1,23.0,46.0,deux_roues,voiture,1,2,1,1,2
202200034845,2022-05-30 09:15:00,2022,5,30,9,15,67,67263,17 Rue de la Gare,48.985048,7.76032,Plein jour,En agglomération,Hors intersection,Normale,Sans collision,3,2,2,0,1,2,1,0,1,50,1,1,0,0,0,1,69.0,,voiture,,1,2,1,1,7
202200034846,2022-02-23 16:50:00,2022,2,23,16,50,68,68066,SEMM (RUE DE LA),48.0680048661,7.384643376,Plein jour,Hors agglomération,Autre intersection,Normale,Deux véhicules - côté,3,2,4,0,3,1,1,2,1,50,2,4,1,0,2,1,90.0,22.0,voiture,voiture,1,1,9,1,3