accident_id,datetime,annee,mois,jour,heure,minute,departement,commune_insee,adresse,latitude,longitude,luminosite,agglomeration,intersection,meteo,collision,catr,circ,nbv,vosp,prof,plan,surf,infra,situ,vma,nb_vehicules,nb_usagers,nb_indemnes,nb_tues,nb_blesses_hosp,nb_blesses_legers,age_cond_1,age_cond_2,veh_type_cond_1,veh_type_cond_2,lum_code,agg_code,int_code,atm_code,col_code
202200035031,2022-02-28 17:10:00,2022,2,28,17,10,25,25056,VIGNY  RUE ALFRED,47.217,5.964,Plein jour,En agglomération,Hors intersection,Normale,Deux véhicules - côté,4,2,2,0,1,1,1,0,1,50,2,2,1,0,0,1,53.0,20.0,voiture,voiture,1,2,1,1,3
202200035032,2022-07-08 00:28:00,2022,7,8,0,28,17,17299,DIERAS AVENUE DU DOCTEUR,45.94792,-0.97624,Nuit avec éclairage allumé,En agglomération,Giratoire,Normale,Deux véhicules - côté,4,2,2,0,1,1,1,0,1,50,2,2,1,0,1,0,22.0,26.0,deux_roues,voiture,5,2,6,1,3
202200035033,2022-06-16 06:50:00,2022,6,16,6,50,69,69382,Place Antonin Poncet,45.75644,4.83487,Plein jour,Hors agglomération,Hors intersection,Normale,Deux véhicules - frontale,9,1,1,0,1,1,1,6,6,10,2,2,1,0,0,1,27.0,47.0,deux_roues,utilitaire_camion,1,1,1,1,1
202200035034,2022-04-09 10:00:00,2022,4,9,10,0,93,93005,Cours Salvador Allende / Avenue de Savigny,48.9537158906,2.5064287541,Plein jour,En agglomération,Intersection en X,Temps couvert,Deux véhicules - côté,3,3,4,0,1,1,1,0,1,50,2,2,0,0,0,2,31.0,29.0,voiture,voiture,1,2,2,8,3
202200035035,2022-01-19 19:05:00,2022,1,19,19,5,22,22389,Avenue d Armorique,48.47814,-2.667762,Nuit avec éclairage allumé,En agglomération,Hors intersection,Normale,Autre collision,3,2,2,0,1,1,1,0,1,-1,1,6,0,0,2,4,35.0,,voiture,,5,2,1,1,6
202200035036,2022-02-25 17:20:00,2022,2,25,17,20,15,15014,GAULLE (AVENUE CHARLES DE),44.910987,2.42713,Plein jour,En agglomération,Hors intersection,Normale,Sans collision,2,2,2,0,1,1,1,0,1,50,1,1,0,0,0,1,47.0,,deux_roues,,1,2,1,1,7
202200035037,2022-08-24 03:40:00,2022,8,24,3,40,14,14366,Avenue Jean XXIII,49.14257,0.247745,Nuit avec éclairage allumé,En agglomération,Hors intersection,Brouillard / fumée,Autre collision,4,-1,2,1,2,1,1,0,1,50,1,1,0,0,1,0,36.0,,voiture,,5,2,1,5,6
202200035038,2022-01-20 14:45:00,2022,1,20,14,45,27,27684,16 rue du jonctier,49.005965,1.220915,Plein jour,En agglomération,Hors intersection,Normale,Sans collision,3,2,2,0,1,3,2,0,1,-1,1,1,0,0,1,0,63.0,,deux_roues,,1,2,1,1,7
202200035039,2022-06-16 07:35:00,2022,6,16,7,35,2A,2A004,T22,41.94493,8.75827,Plein jour,En agglomération,Giratoire,Normale,Deux véhicules - côté,2,-1,1,0,1,1,1,9,1,50,2,2,1,0,0,1,23.0,22.0,deux_roues,voiture,1,2,6,1,3
202200035040,2022-01-20 07:10:00,2022,1,20,7,10,60,60450,D609,49.227829,2.272345,Nuit sans éclairage public,Hors agglomération,Hors intersection,Normale,Sans collision,3,-1,1,0,1,1,7,0,1,80,1,3,2,0,0,1,24.0,,voiture,,3,1,1,1,7
202200035041,2022-04-09 05:35:00,2022,4,9,5,35,92,92051,MAURICE BARRES (BOULEVARD),48.8788918834,2.2707777321,Crépuscule ou aube,En agglomération,Intersection en X,Pluie légère,Deux véhicules - côté,4,2,2,0,1,1,2,0,1,50,2,2,1,0,0,1,56.0,40.0,voiture,transport_commun,2,2,2,2,3
202200035042,2022-08-25 08:15:00,2022,8,25,8,15,13,13071,ROUTE NATIONALE 113 - AGAVON,43.41726,5.28949,Plein jour,Hors agglomération,Hors intersection,Normale,Deux véhicules - côté,3,2,2,0,2,1,1,0,1,80,2,2,1,0,0,1,44.0,42.0,voiture,deux_roues,1,1,1,1,3
202200035043,2022-02-26 13:30:00,2022,2,26,13,30,14,14366,Avenue Jean XXIII,49.142382,0.246787,Plein jour,En agglomération,Intersection en T,Normale,Deux véhicules - côté,4,2,2,0,2,1,1,0,1,50,2,2,1,0,1,0,56.0,48.0,voiture,deux_roues,1,2,3,1,3
202200035044,2022-01-19 13:45:00,2022,1,19,13,45,13,13214,A507 sens Aubagne- Marseille,43.33036,5.39355,Plein jour,Hors agglomération,Hors intersection,Normale,Deux véhicules - côté,1,3,3,0,2,1,1,1,1,70,2,2,1,0,0,1,60.0,49.0,voiture,utilitaire_camion,1,1,1,1,3
202200035045,2022-06-16 16:05:00,2022,6,16,16,5,95,95277,Rue Berthelot,48.9808319435,2.4547040462,Plein jour,En agglomération,Hors intersection,Normale,Deux véhicules - côté,3,2,2,0,1,1,1,0,1,50,2,2,1,0,0,1,41.0,20.0,deux_roues,voiture,1,2,1,1,3
202200035046,2022-08-25 18:00:00,2022,8,25,18,0,13,13073,DES TERMES (ROUTE) RD 908,43.384912846,5.5596031307,Plein jour,Hors agglomération,Hors intersection,Normale,Deux véhicules - côté,4,2,2,0,2,4,1,0,1,90,2,2,1,0,0,1,29.0,32.0,deux_roues,transport_commun,1,1,1,1,3
202200035047,2022-02-28 19:23:00,2022,2,28,19,23,13,13211,CARTONNERIE (BOULEVARD DE LA ),43.2916617628,5.4606056352,Nuit avec éclairage allumé,En agglomération,Hors intersection,Normale,Deux véhicules - frontale,4,-1,2,0,1,1,1,0,8,50,1,2,1,0,0,1,40.0,,deux_roues,,5,2,1,1,1
202200035048,2022-04-10 11:30:00,2022,4,10,11,30,12,12136,Maleville - Barbet,44.40513,2.090365,Plein jour,Hors agglomération,Intersection en X,Normale,Deux véhicules - côté,3,2,2,0,1,1,1,0,1,80,2,3,1,0,0,2,57.0,72.0,deux_roues,voiture,1,1,2,1,3
202200035049,2022-02-28 08:40:00,2022,2,28,8,40,13,13208,PRADO JACQUES CHIRAC (ROND POINT),43.2724319972,5.3911252822,Plein jour,En agglomération,Autre intersection,Normale,Deux véhicules - côté,4,1,1,0,1,1,1,0,1,50,2,2,1,0,0,1,48.0,22.0,deux_roues,voiture,1,2,9,1,3
202200035050,2022-01-17 19:24:00,2022,1,17,19,24,54,54265,Autoroute A 33,48.64056,6.17026,Nuit sans éclairage public,Hors agglomération,Hors intersection,Normale,Trois véhicules et plus - collisions multiples,1,3,5,3,2,3,1,0,1,90,5,6,4,2,0,0,34.0,26.0,utilitaire_camion,voiture,3,1,1,1,5
202200035051,2022-04-10 07:45:00,2022,4,10,7,45,54,54062,Route Nationale 57,48.52155,6.229935,Plein jour,Hors agglomération,Autre intersection,Normale,Sans collision,2,3,4,0,1,1,1,0,2,110,1,1,0,0,1,0,20.0,,voiture,,1,1,9,1,7
202200035052,2022-01-12 09:00:00,2022,1,12,9,0,33,33192,ROCADE A 630,44.78519,-0.59309,Plein jour,Hors agglomération,Hors intersection,Normale,Deux véhicules - côté,1,3,6,0,1,1,1,0,1,90,2,2,1,0,0,1,22.0,23.0,deux_roues,voiture,1,1,1,1,3
202200035053,2022-06-15 18:35:00,2022,6,15,18,35,95,95424,Boulevard de Pontoise,48.98792,2.18186,Plein jour,En agglomération,Hors intersection,Normale,Trois véhicules et plus - en chaîne,3,2,2,0,1,1,1,0,1,50,4,8,5,0,0,3,28.0,47.0,voiture,voiture,1,2,1,1,4
202200035054,2022-02-28 06:30:00,2022,2,28,6,30,13,13211,Boulevard de la barasse rn 8,43.2838249358,5.4931971934,Nuit avec éclairage allumé,En agglomération,Hors intersection,Normale,Deux véhicules - côté,3,2,2,0,1,1,1,0,1,50,2,2,1,0,0,1,23.0,,deux_roues,deux_roues,5,2,1,1,3
202200035055,2022-04-10 14:30:00,2022,4,10,14,30,87,87002,rond point de l'europe - D914,45.955827,1.402414,Plein jour,En agglomération,Giratoire,Normale,Deux véhicules - côté,3,-1,1,0,1,1,1,0,1,-1,2,3,2,1,0,0,75.0,51.0,deux_roues,voiture,1,2,6,1,3
202200035056,2022-08-25 17:45:00,2022,8,25,17,45,13,13215,VISTE (AVENUE DE LA),43.35832,5.35761,Plein jour,En agglomération,Hors intersection,Normale,Deux véhicules - côté,4,2,2,0,2,1,1,0,1,50,2,3,1,0,0,1,,36.0,voiture,voiture,1,2,1,1,3
202200035057,2022-01-18 22:37:00,2022,1,18,22,37,91,91573,RN 104,48.63132,2.51936,Nuit sans éclairage public,Hors agglomération,Hors intersection,Normale,Deux véhicules - arrière,2,-1,2,0,1,1,1,0,1,110,2,2,0,0,0,2,62.0,38.0,voiture,voiture,3,1,1,1,2
202200035058,2022-02-28 05:45:00,2022,2,28,5,45,13,13047,FOS (ROUTE DE) - RN 569,43.4904,4.96685,Nuit sans éclairage public,Hors agglomération,Hors intersection,Normale,Deux véhicules - frontale,4,-1,0,0,1,2,1,0,1,50,1,1,0,0,0,1,21.0,,voiture,,3,1,1,1,1
202200035059,2022-06-16 18:00:00,2022,6,16,18,0,91,91097,AV DU GAL CHARLES DE GAULLE,48.687531,2.526576,Plein jour,En agglomération,Hors intersection,Normale,Trois véhicules et plus - en chaîne,3,2,4,1,1,1,1,0,1,30,3,3,2,0,0,1,48.0,52.0,voiture,voiture,1,2,1,1,4
202200035060,2022-01-19 08:50:00,2022,1,19,8,50,78,78043,A12 Y,48.836564,2.089169,Plein jour,Hors agglomération,Hors intersection,Temps couvert,Deux véhicules - côté,1,1,3,0,1,1,1,0,1,110,2,2,1,0,0,1,51.0,50.0,utilitaire_camion,voiture,1,1,1,8,3
202200035061,2022-08-25 09:05:00,2022,8,25,9,5,13,13202,PARIS (BOULEVARD DE),43.3098,5.3702,Plein jour,En agglomération,Intersection en X,Normale,Deux véhicules - côté,4,1,3,3,2,1,1,0,5,50,3,3,0,1,1,1,39.0,39.0,deux_roues,deux_roues,1,2,2,1,3
202200035062,2022-01-19 07:00:00,2022,1,19,7,0,95,95491, A115,49.008305,2.238623,Nuit sans éclairage public,Hors agglomération,Hors intersection,Normale,Deux véhicules - arrière,1,3,6,0,1,1,1,0,1,90,2,2,1,0,0,1,47.0,49.0,utilitaire_camion,utilitaire_camion,3,1,1,1,2
202200035063,2022-02-28 07:02:00,2022,2,28,7,2,13,13001,GALICE (RTE DE),43.5288293228,5.4233014222,Plein jour,En agglomération,Intersection en X,Normale,Deux véhicules - côté,4,1,2,0,1,1,1,3,1,50,2,3,1,0,0,2,37.0,34.0,voiture,voiture,1,2,2,1,3
202200035064,2022-06-14 18:14:00,2022,6,14,18,14,91,91691,MARCEAU BAILLIOTI(RUE),48.7107,2.48878,Plein jour,En agglomération,Giratoire,Normale,Autre collision,3,1,2,0,1,3,1,9,1,30,1,2,1,1,0,0,52.0,,transport_commun,,1,2,6,1,6
202200035065,2022-04-10 18:00:00,2022,4,10,18,0,38,38160,D38,45.485991,4.99932,Plein jour,Hors agglomération,Hors intersection,Normale,Trois véhicules et plus - collisions multiples,3,2,2,0,2,3,1,0,1,90,4,11,2,0,1,8,24.0,36.0,voiture,voiture,1,1,1,1,5
202200035066,2022-01-19 08:50:00,2022,1,19,8,50,95,95582, A15,48.96494,2.26066,Crépuscule ou aube,Hors agglomération,Hors intersection,Normale,Trois véhicules et plus - en chaîne,1,3,8,0,1,1,1,0,1,90,3,3,2,0,0,1,27.0,34.0,voiture,voiture,2,1,1,1,4
202200035067,2022-06-16 03:15:00,2022,6,16,3,15,87,87085,PORT DU NAVEIX (RUE DU),45.83337,1.2758,Nuit avec éclairage allumé,En agglomération,Intersection en T,Normale,Autre collision,2,4,5,0,1,1,1,0,1,50,1,1,0,0,0,1,25.0,,voiture,,5,2,3,1,6
202200035068,2022-02-27 02:30:00,2022,2,27,2,30,10,10362,,48.2948860527,4.0306413174,Nuit sans éclairage public,Hors agglomération,Hors intersection,Normale,Deux véhicules - côté,3,1,2,0,1,1,1,0,1,110,2,3,2,0,0,1,30.0,,voiture,voiture,3,1,1,1,3
202200035069,2022-08-25 16:53:00,2022,8,25,16,53,75,75118,BOULEVARD NEY,48.897796,2.337439,Plein jour,En agglomération,Intersection en X,Normale,Autre collision,4,3,4,0,1,1,1,0,1,30,1,2,1,0,0,1,,,utilitaire_camion,,1,2,2,1,6
202200035070,2022-01-19 18:15:00,2022,1,19,18,15,94,94018,A4,48.82399,2.39512,Nuit sans éclairage public,Hors agglomération,Hors intersection,Pluie légère,Deux véhicules - arrière,1,3,9,0,1,1,2,0,1,90,2,2,1,0,0,1,57.0,38.0,voiture,utilitaire_camion,3,1,1,2,2
202200035071,2022-06-15 20:42:00,2022,6,15,20,42,87,87178,BARDYS (ROUTE DES),45.89426,1.37963,Plein jour,Hors agglomération,Hors intersection,Normale,Sans collision,3,2,2,0,1,2,1,0,1,70,1,1,0,0,0,1,21.0,,deux_roues,,1,1,1,1,7
202200035072,2022-04-08 16:30:00,2022,4,8,16,30,71,71047,Rue d Autun,46.625462,3.773865,Plein jour,En agglomération,Hors intersection,Normale,Autre collision,3,2,2,0,1,1,1,0,1,50,1,3,1,0,1,1,68.0,,voiture,,1,2,1,1,6
202200035073,2022-08-24 23:15:00,2022,8,24,23,15,75,75116,ALLEE DE LONGCHAMP,48.864651,2.242587,Nuit avec éclairage allumé,En agglomération,Hors intersection,Normale,Deux véhicules - côté,4,2,2,0,1,1,1,0,1,50,2,2,1,0,0,1,38.0,57.0,deux_roues,voiture,5,2,1,1,3
202200035074,2022-02-28 19:30:00,2022,2,28,19,30,06,06027,VAL FLEURI CHEMIN DU,43.664957,7.171143,Nuit avec éclairage allumé,En agglomération,Intersection en T,Normale,Deux véhicules - côté,4,2,3,0,1,1,1,0,1,50,2,2,1,0,0,1,22.0,47.0,voiture,deux_roues,5,2,3,1,3
202200035075,2022-01-18 21:45:00,2022,1,18,21,45,77,77363,RN104,48.9237498081,2.629588307,Nuit sans éclairage public,Hors agglomération,Hors intersection,Normale,Autre collision,1,1,2,0,1,1,1,9,1,110,3,3,1,0,0,2,40.0,41.0,voiture,voiture,3,1,1,1,6
202200035076,2022-06-15 17:53:00,2022,6,15,17,53,87,87085,GAY-LUSSAC (COURS),45.83616,1.26382,Plein jour,En agglomération,Hors intersection,Normale,Autre collision,4,1,1,0,2,1,1,0,1,50,1,2,1,0,0,1,55.0,,voiture,,1,2,1,1,6
202200035077,2022-08-22 18:55:00,2022,8,22,18,55,75,75116,AVENUE DE VERSAILLES,48.85078,2.277554,Plein jour,En agglomération,Hors intersection,Normale,Deux véhicules - arrière,4,2,2,0,1,1,1,0,1,30,2,2,1,0,0,1,60.0,36.0,deux_roues,deux_roues,1,2,1,1,2
202200035078,2022-04-10 07:05:00,2022,4,10,7,5,972,97231,"D7, la poterie",14.536404,-61.031038,Plein jour,Hors agglomération,Hors intersection,Normale,Deux véhicules - frontale,3,2,2,0,1,3,1,0,1,80,2,3,0,0,0,3,23.0,71.0,voiture,voiture,1,1,1,1,1
202200035079,2022-02-27 19:40:00,2022,2,27,19,40,75,75105,RUE DE QUATREFAGES,48.8434705829,2.354248303,Nuit avec éclairage allumé,En agglomération,Hors intersection,Normale,Sans collision,4,2,2,0,1,1,1,0,1,30,1,2,1,0,0,1,24.0,,deux_roues,,5,2,1,1,7
202200035080,2022-01-18 16:00:00,2022,1,18,16,0,38,38185,ALFRED DE VIGNY (RUE ),45.1672,5.72402,Plein jour,En agglomération,Hors intersection,Normale,Autre collision,4,2,2,0,1,1,1,0,1,30,1,3,2,0,0,1,,,voiture,,1,2,1,1,6
202200035081,2022-08-25 12:15:00,2022,8,25,12,15,75,75113,RUE BAUDRICOURT,48.82778,2.364559,Plein jour,En agglomération,Intersection en T,Normale,Autre collision,4,2,2,0,1,1,1,0,1,30,1,2,1,0,0,1,52.0,,autre,,1,2,3,1,6
202200035082,2022-04-09 18:18:00,2022,4,9,18,18,46,46276,Route de Sauliac,44.466897,1.741741,Plein jour,Hors agglomération,Hors intersection,Normale,Autre collision,3,2,2,0,2,3,1,2,4,80,1,1,0,0,1,0,59.0,,deux_roues,,1,1,1,1,6
202200035083,2022-01-17 17:45:00,2022,1,17,17,45,78,78640,A86 EXT,48.781058,2.172536,Plein jour,Hors agglomération,Hors intersection,Normale,Autre collision,1,-1,1,0,1,1,1,0,1,70,1,1,0,0,0,1,23.0,,voiture,,1,1,1,1,6
202200035084,2022-02-28 19:25:00,2022,2,28,19,25,75,75119,AVENUE DU BELVEDERE,48.880463,2.407116,Nuit avec éclairage allumé,En agglomération,Intersection en Y,Normale,Deux véhicules - côté,4,2,2,1,2,1,1,-1,5,30,2,2,1,0,0,1,32.0,32.0,deux_roues,voiture,5,2,4,1,3
202200035085,2022-01-18 20:47:00,2022,1,18,20,47,976,97611,mamoudzou centre-Commandant Passot (Plac,-12.78071,45.23347,Nuit avec éclairage allumé,En agglomération,Hors intersection,Normale,Deux véhicules - frontale,2,2,2,0,1,1,1,0,1,50,2,2,1,0,0,1,32.0,25.0,voiture,deux_roues,5,2,1,1,1
202200035086,2022-04-09 16:20:00,2022,4,9,16,20,56,56128,Quilivro,48.003778,-3.06334,Plein jour,Hors agglomération,Intersection en Y,Normale,Autre collision,3,2,2,0,3,3,1,0,3,70,1,1,0,1,0,0,41.0,,deux_roues,,1,1,4,1,6
202200035087,2022-08-25 10:00:00,2022,8,25,10,0,75,75120,RUE DE LAGNY,48.848935,2.40548,Plein jour,En agglomération,Intersection en X,Temps éblouissant,Autre collision,4,1,1,0,1,1,1,0,1,30,1,2,1,0,0,1,85.0,,voiture,,1,2,2,7,6
202200035088,2022-06-15 09:20:00,2022,6,15,9,20,83,83034,ROUTE DE LA MOUTONNE,43.11448,6.05616,Plein jour,Hors agglomération,Hors intersection,Normale,Deux véhicules - côté,3,2,2,0,1,1,1,0,3,70,2,2,1,0,0,1,29.0,71.0,deux_roues,voiture,1,1,1,1,3
202200035089,2022-01-18 08:20:00,2022,1,18,8,20,973,97302,BADUEL (ROUTE DE),4.9321962467,-52.3077750206,Plein jour,En agglomération,Hors intersection,Normale,Deux véhicules - arrière,3,2,2,1,1,1,1,0,1,50,2,2,1,0,0,1,25.0,22.0,deux_roues,autre,1,2,1,1,2
202200035090,2022-02-28 14:50:00,2022,2,28,14,50,75,75119,ALLEE DARIUS MILHAUD,48.885277,2.39234,Plein jour,En agglomération,Hors intersection,Normale,Deux véhicules - côté,4,1,1,3,1,1,1,6,6,10,2,2,1,0,0,1,9.0,,deux_roues,deux_roues,1,2,1,1,3
202200035091,2022-08-25 16:10:00,2022,8,25,16,10,94,94081,CAMILLE BLANC (R),48.78416,2.39617,Plein jour,En agglomération,Hors intersection,Normale,Autre collision,9,2,2,0,1,1,1,0,1,50,1,1,0,0,1,0,19.0,,deux_roues,,1,2,1,1,6
202200035092,2022-04-09 06:10:00,2022,4,9,6,10,56,56237,Kermoukar D768a,48.028925,-2.969077,Nuit sans éclairage public,Hors agglomération,Hors intersection,Normale,Autre collision,3,2,2,0,1,3,1,0,1,80,1,2,1,0,1,0,48.0,,voiture,,3,1,1,1,6
202200035093,2022-06-16 18:05:00,2022,6,16,18,5,81,81004,BERMOND (PAUL),43.9438393255,2.1453613602,Plein jour,En agglomération,Intersection en T,Normale,Deux véhicules - frontale,4,2,2,0,1,1,1,0,1,50,2,2,1,0,0,1,41.0,61.0,voiture,deux_roues,1,2,3,1,1
202200035094,2022-08-25 11:05:00,2022,8,25,11,5,94,94081,MOULIN DE SAQUET (AV DU),48.791,2.381,Plein jour,En agglomération,Hors intersection,Normale,Autre collision,3,2,2,0,2,1,1,0,1,50,1,2,1,0,0,1,29.0,,voiture,,1,2,1,1,6
202200035095,2022-01-18 19:54:00,2022,1,18,19,54,69,69259,Rue Abbé Glasberg,45.69248,4.87277,Nuit avec éclairage allumé,En agglomération,Intersection en X,Normale,Autre collision,4,2,2,0,2,1,1,0,1,50,1,2,1,0,0,1,,,voiture,,5,2,2,1,6
202200035096,2022-02-28 11:30:00,2022,2,28,11,30,75,75116,AVENUE VICTOR HUGO,48.8682041583,2.2818879783,Plein jour,En agglomération,Hors intersection,Normale,Autre collision,4,2,2,0,1,1,1,0,1,30,1,1,0,0,0,1,84.0,,deux_roues,,1,2,1,1,6
202200035097,2022-04-07 16:40:00,2022,4,7,16,40,56,56177,kervenic,47.7591376,-3.055327,Plein jour,Hors agglomération,Intersection en Y,Normale,Trois véhicules et plus - collisions multiples,3,2,2,0,2,1,1,0,1,80,3,4,3,0,1,0,21.0,26.0,voiture,voiture,1,1,4,1,5
202200035098,2022-06-14 18:37:00,2022,6,14,18,37,80,80021,ABBEVILLE (RUE D'),49.90652,2.26858,Plein jour,En agglomération,Giratoire,Normale,Deux véhicules - côté,3,2,2,0,1,1,1,0,1,50,2,2,1,0,0,1,66.0,25.0,voiture,voiture,1,2,6,1,3
202200035099,2022-08-25 17:05:00,2022,8,25,17,5,94,94003,ARISTIDE BRIAND (AV),48.80962,2.32755,Plein jour,En agglomération,Place,Normale,Autre collision,3,1,2,0,1,1,1,0,1,60,1,2,1,0,0,1,,,deux_roues,,1,2,7,1,6
202200035100,2022-02-28 01:15:00,2022,2,28,1,15,75,75112,BOULEVARD DE PICPUS,48.8456749464,2.4015775323,Nuit avec éclairage allumé,En agglomération,Hors intersection,Normale,Autre collision,4,3,1,0,1,1,1,0,1,30,1,2,0,0,0,2,20.0,,voiture,,5,2,1,1,6
202200035101,2022-04-09 17:00:00,2022,4,9,17,0,56,56143,Le Petit Keralio,47.570742,-2.47385,Plein jour,Hors agglomération,Hors intersection,Normale,Deux véhicules - côté,3,2,2,0,1,1,1,0,1,80,2,2,1,0,1,0,23.0,48.0,deux_roues,utilitaire_camion,1,1,1,1,3
202200035102,2022-09-01 14:15:00,2022,9,1,14,15,94,94002,Quai de la Révolution,48.77861,2.41729,Plein jour,En agglomération,Hors intersection,Normale,Autre collision,3,2,2,1,1,1,1,0,5,50,1,1,0,0,0,1,79.0,,deux_roues,,1,2,1,1,6
202200035103,2022-06-14 14:15:00,2022,6,14,14,15,80,80021,JEAN CATELAS (RUE),49.89482,2.29185,Plein jour,En agglomération,Hors intersection,Normale,Autre collision,4,2,2,1,1,1,1,0,5,30,1,2,1,0,0,1,41.0,,deux_roues,,1,2,1,1,6
202200035104,2022-01-18 18:35:00,2022,1,18,18,35,69,69388,Avenue des Frères Lumière,45.7470750317,4.859803319,Nuit avec éclairage allumé,En agglomération,Intersection en X,Normale,Deux véhicules - côté,4,2,2,2,1,1,1,0,5,30,2,3,2,0,0,1,26.0,55.0,voiture,deux_roues,5,2,2,1,3
202200035105,2022-02-28 07:15:00,2022,2,28,7,15,94,94065,RN 186,48.75408,2.35161,Crépuscule ou aube,Hors agglomération,Hors intersection,Normale,Deux véhicules - côté,2,4,7,0,1,1,1,0,1,90,2,2,1,0,0,1,33.0,31.0,deux_roues,voiture,2,1,1,1,3
202200035106,2022-06-16 10:30:00,2022,6,16,10,30,80,80001,MARECHAL FOCH (du),50.105,1.833,Plein jour,En agglomération,Hors intersection,Normale,Autre collision,4,1,1,0,1,3,1,6,1,30,1,2,1,0,1,0,59.0,,voiture,,1,2,1,1,6
202200035107,2022-02-19 19:10:00,2022,2,19,19,10,94,94033,Rue Epoigny,48.8424,2.4742,Crépuscule ou aube,En agglomération,Hors intersection,Normale,Autre collision,4,2,2,0,2,1,1,0,1,50,1,1,0,0,0,1,46.0,,voiture,,2,2,1,1,6
202200035108,2022-08-25 12:35:00,2022,8,25,12,35,93,93066,Boulevard Ornano,48.9162858949,2.3443253945,Plein jour,En agglomération,Hors intersection,Temps éblouissant,Autre collision,3,2,2,3,1,3,1,0,1,50,1,4,3,0,0,1,37.0,,voiture,,1,2,1,7,6
202200035109,2022-04-10 11:50:00,2022,4,10,11,50,79,79347,Route de Thouars,46.687694,-0.245143,Plein jour,En agglomération,Intersection en X,Normale,Deux véhicules - côté,3,2,2,0,1,1,1,0,1,50,2,2,1,0,1,0,51.0,54.0,voiture,deux_roues,1,2,2,1,3
202200035110,2022-04-10 11:15:00,2022,4,10,11,15,32,32134,Chemin de Monferran-Savès,43.590511,0.963755,Plein jour,Hors agglomération,Hors intersection,Normale,Deux véhicules - côté,4,2,2,0,1,3,1,0,1,80,2,2,1,0,1,0,42.0,49.0,utilitaire_camion,deux_roues,1,1,1,1,3
202200035111,2022-06-16 17:20:00,2022,6,16,17,20,78,78238,MARECHAL FOCH (RUE DU),48.95917,1.884007,Plein jour,Hors agglomération,Intersection en T,Normale,Deux véhicules - côté,3,2,0,0,1,1,1,0,1,80,2,2,0,0,0,2,55.0,59.0,voiture,voiture,1,1,3,1,3
202200035112,2022-08-25 21:15:00,2022,8,25,21,15,93,93066,Cours du Ru de Montfort,48.9276375886,2.3676811516,Nuit avec éclairage allumé,En agglomération,Hors intersection,Normale,Deux véhicules - côté,4,2,2,0,1,1,1,0,1,50,2,2,0,0,0,2,33.0,23.0,voiture,voiture,5,2,1,1,3
202200035113,2022-04-10 04:10:00,2022,4,10,4,10,25,25127,1 Grande Rue,47.215548,6.82033,Nuit avec éclairage allumé,En agglomération,Intersection en X,Neige / grêle,Autre collision,3,2,2,0,1,2,2,0,4,50,1,2,1,1,0,0,36.0,,voiture,,5,2,2,4,6
202200035114,2022-02-28 16:00:00,2022,2,28,16,0,93,93070,JEAN-JAURES (BD),48.9141881444,2.3365414419,Plein jour,En agglomération,Hors intersection,Normale,Autre collision,3,2,1,1,1,1,1,6,1,50,1,2,1,0,0,1,39.0,,voiture,,1,2,1,1,6
202200035115,2022-08-25 17:30:00,2022,8,25,17,30,93,93008,Rue de Paris,48.89978763,2.4485374843,Plein jour,En agglomération,Hors intersection,Normale,Deux véhicules - arrière,3,3,4,0,1,1,1,0,1,50,2,2,0,0,0,2,42.0,54.0,voiture,voiture,1,2,1,1,2
202200035116,2022-04-10 18:15:00,2022,4,10,18,15,25,25429,RD 683 - PK/PR 45+700,47.282695,6.129499,Plein jour,En agglomération,Hors intersection,Normale,Autre collision,3,2,2,0,3,4,1,2,1,70,1,2,0,0,2,0,27.0,,deux_roues,,1,2,1,1,6
202200035117,2022-08-25 20:55:00,2022,8,25,20,55,93,93032,Avenue des Bégonias,48.8935479607,2.5465264579,Crépuscule ou aube,En agglomération,Hors intersection,Normale,Sans collision,4,2,2,0,1,1,1,0,1,50,1,2,0,0,0,2,23.0,,voiture,,2,2,1,1,7
202200035118,2022-02-28 10:00:00,2022,2,28,10,0,93,93001,JEAN JAURES (AVE)  => 53,48.90256,2.39074,Plein jour,En agglomération,Hors intersection,Normale,Deux véhicules - côté,3,-1,4,1,1,1,1,0,5,50,2,2,1,0,1,0,35.0,49.0,deux_roues,voiture,1,2,1,1,3
202200035119,2022-08-25 14:00:00,2022,8,25,14,0,93,93031,Rue de Paris,48.9541636201,2.3104069891,Plein jour,En agglomération,Autre intersection,Normale,Deux véhicules - frontale,4,2,2,0,1,1,1,0,4,50,2,2,1,0,0,1,39.0,31.0,voiture,deux_roues,1,2,9,1,1
202200035120,2022-04-09 00:45:00,2022,4,9,0,45,44,44213,Route d'Angers,47.393345,-1.005024,Nuit sans éclairage public,Hors agglomération,Intersection en T,Normale,Deux véhicules - côté,3,2,2,0,1,1,2,0,1,80,2,3,2,1,0,0,27.0,29.0,voiture,voiture,3,1,3,1,3
202200035121,2022-06-15 18:35:00,2022,6,15,18,35,77,77085,D231,48.8586,2.7515,Plein jour,Hors agglomération,Intersection en X,Normale,Trois véhicules et plus - en chaîne,3,3,5,0,1,1,1,5,1,70,3,3,1,0,0,2,33.0,42.0,voiture,voiture,1,1,2,1,4
202200035122,2022-02-28 18:30:00,2022,2,28,18,30,93,93048,Boulevard Aristide Briand,48.872877,2.453516,Crépuscule ou aube,En agglomération,Hors intersection,Normale,Deux véhicules - arrière,3,2,2,0,1,1,1,0,8,50,2,2,1,0,0,1,52.0,36.0,voiture,voiture,2,2,1,1,2