accident_id,datetime,annee,mois,jour,heure,minute,departement,commune_insee,adresse,latitude,longitude,luminosite,agglomeration,intersection,meteo,collision,catr,circ,nbv,vosp,prof,plan,surf,infra,situ,vma,nb_vehicules,nb_usagers,nb_indemnes,nb_tues,nb_blesses_hosp,nb_blesses_legers,age_cond_1,age_cond_2,veh_type_cond_1,veh_type_cond_2,lum_code,agg_code,int_code,atm_code,col_code
202200035123,2022-08-25 20:00:00,2022,8,25,20,0,93,93027,Rue Frederic Joliot Curie,48.92596,2.38079,Crépuscule ou aube,En agglomération,Hors intersection,Normale,Autre collision,4,1,1,0,1,1,1,0,4,50,1,2,1,0,0,1,22.0,,deux_roues,,2,2,1,1,6
202200035124,2022-04-10 14:10:00,2022,4,10,14,10,35,35263,La Ville Jacquin,48.670008,-1.905734,Plein jour,Hors agglomération,Hors intersection,Normale,Autre collision,3,2,2,0,1,2,1,0,3,70,1,1,0,0,1,0,28.0,,deux_roues,,1,1,1,1,6
202200035125,2022-04-17 22:15:00,2022,4,17,22,15,76,76216,A150,49.4551078489,1.0517169535,Nuit avec éclairage allumé,Hors agglomération,Hors intersection,Normale,Deux véhicules - arrière,1,3,4,0,1,1,1,0,1,90,2,2,1,0,0,1,26.0,24.0,voiture,deux_roues,5,1,1,1,2
202200035126,2022-08-25 17:00:00,2022,8,25,17,0,93,93027,Boulevard Pasteur / Avenue du Général Leclerc,48.9289214276,2.3855979432,Plein jour,En agglomération,Intersection en T,Normale,Deux véhicules - frontale,3,2,2,2,1,1,1,8,1,30,2,3,1,0,0,2,19.0,32.0,deux_roues,voiture,1,2,3,1,1
202200035127,2022-02-27 23:00:00,2022,2,27,23,0,93,93048,Rue de Paris / Rue Désiré Préaux,48.857287,2.431614,Nuit avec éclairage allumé,En agglomération,Intersection en X,Normale,Deux véhicules - frontale,3,2,4,0,1,1,1,0,1,50,2,3,1,0,0,2,18.0,39.0,deux_roues,voiture,5,2,2,1,1
202200035128,2022-06-16 12:15:00,2022,6,16,12,15,74,74012,LIGUE (RUE ADRIEN),46.1938,6.23295,Plein jour,En agglomération,Hors intersection,Normale,Deux véhicules - côté,4,-1,2,0,1,1,1,0,1,50,2,2,1,0,0,1,46.0,74.0,deux_roues,voiture,1,2,1,1,3
202200035129,2022-04-09 09:00:00,2022,4,9,9,0,29,29072,Rue de Kerfriant,47.8012923058,-4.2896179855,Plein jour,En agglomération,Intersection en X,Normale,Trois véhicules et plus - collisions multiples,4,2,2,0,1,1,1,0,1,50,3,3,1,0,1,1,83.0,45.0,voiture,voiture,1,2,2,1,5
202200035130,2022-08-25 07:55:00,2022,8,25,7,55,92,92046,PIERRE BROSSOLETTE (AVENUE),48.8156364626,2.3049243987,Plein jour,En agglomération,Hors intersection,Normale,Sans collision,3,2,4,1,1,1,1,0,5,50,1,1,0,0,0,1,52.0,,deux_roues,,1,2,1,1,7
202200035131,2022-06-15 17:40:00,2022,6,15,17,40,72,72181,EINSTEIN ALBERT (RUE),48.033887,0.175731,Plein jour,En agglomération,Hors intersection,Normale,Deux véhicules - côté,4,2,2,2,2,1,1,0,5,50,2,2,1,0,0,1,22.0,18.0,voiture,deux_roues,1,2,1,1,3
202200035132,2022-04-10 06:45:00,2022,4,10,6,45,31,31462,60 Route d Albi,43.671396,1.519743,Crépuscule ou aube,En agglomération,Hors intersection,Normale,Deux véhicules - frontale,3,2,2,0,1,1,1,0,1,70,2,2,1,1,0,0,22.0,33.0,deux_roues,voiture,2,2,1,1,1
202200035133,2022-02-28 08:05:00,2022,2,28,8,5,93,93047,SCIENCES   (AVENUE DES),48.90563,2.58121,Plein jour,En agglomération,Intersection en X,Normale,Deux véhicules - frontale,4,2,2,0,1,1,1,0,1,50,2,2,1,0,1,0,37.0,31.0,utilitaire_camion,deux_roues,1,2,2,1,1
202200035134,2022-08-24 12:55:00,2022,8,24,12,55,92,92012,REPUBLIQUE (BOULEVARD DE LA) 5/77BIS - 6,48.83108,2.25725,Plein jour,En agglomération,Intersection en X,Normale,Deux véhicules - côté,3,4,2,0,1,1,1,5,1,50,2,2,1,0,0,1,69.0,58.0,deux_roues,voiture,1,2,2,1,3
202200035135,2022-04-08 18:00:00,2022,4,8,18,0,54,54073,Route de Colombey,48.6441599246,5.8923947806,Crépuscule ou aube,Hors agglomération,Hors intersection,Pluie forte,Deux véhicules - frontale,3,2,2,0,3,3,2,0,1,70,2,2,1,0,1,0,49.0,27.0,voiture,voiture,2,1,1,3,1
202200035136,2022-06-16 17:30:00,2022,6,16,17,30,69,69266,Rue Château Gaillard,45.77493,4.88826,Plein jour,En agglomération,Giratoire,Normale,Deux véhicules - côté,4,2,2,0,1,1,1,0,1,50,2,2,1,0,0,1,38.0,21.0,voiture,deux_roues,1,2,6,1,3
202200035137,2022-08-26 18:50:00,2022,8,26,18,50,2B,2B121,RD 81 bis,42.437045,8.67053,Plein jour,Hors agglomération,Hors intersection,Normale,Sans collision,3,2,2,0,1,3,9,0,1,80,1,2,0,0,0,2,22.0,,deux_roues,,1,1,1,1,7
202200035138,2022-02-28 06:37:00,2022,2,28,6,37,93,93008,Rue de Stalingrad / Avenue Henri Barbusse,48.9125,2.43622,Nuit avec éclairage allumé,En agglomération,Giratoire,Normale,Deux véhicules - côté,3,3,4,0,1,2,1,0,1,50,2,2,1,0,0,1,28.0,35.0,voiture,deux_roues,5,2,6,1,3
202200035139,2022-04-09 16:45:00,2022,4,9,16,45,50,50454,RD650,49.558072,-1.745834,Plein jour,Hors agglomération,Hors intersection,Normale,Sans collision,3,2,2,0,1,1,1,0,1,80,2,2,1,0,0,1,35.0,30.0,voiture,deux_roues,1,1,1,1,7
202200035140,2022-08-26 13:45:00,2022,8,26,13,45,84,84045,D46,44.257048,5.146563,Plein jour,Hors agglomération,Hors intersection,Normale,Deux véhicules - côté,3,2,2,0,1,3,1,0,1,80,2,2,1,1,0,0,71.0,75.0,deux_roues,voiture,1,1,1,1,3
202200035141,2022-06-16 19:10:00,2022,6,16,19,10,69,69382,Rue Victor Hugo,45.75261,4.82891,Plein jour,En agglomération,Intersection en X,Normale,Autre collision,4,1,1,0,1,1,1,6,1,5,1,4,3,0,0,1,35.0,,voiture,,1,2,2,1,6
202200035142,2022-04-09 22:00:00,2022,4,9,22,0,50,50619,La Dannevillerie,49.616768,-1.340632,Nuit sans éclairage public,Hors agglomération,Hors intersection,Normale,Autre collision,3,2,2,0,2,2,1,0,8,80,1,1,0,0,1,0,22.0,,voiture,,3,1,1,1,6
202200035143,2022-08-24 12:05:00,2022,8,24,12,5,85,85209,RD148,46.522889,-0.9896585,Plein jour,Hors agglomération,Hors intersection,Normale,Deux véhicules - frontale,3,2,2,0,1,1,1,0,1,80,2,4,0,0,2,2,62.0,74.0,voiture,utilitaire_camion,1,1,1,1,1
202200035144,2022-06-16 17:25:00,2022,6,16,17,25,69,69282,Avenue du Carreau,45.77397,4.98966,Plein jour,En agglomération,Hors intersection,Normale,Deux véhicules - frontale,4,2,2,2,1,1,1,0,1,50,2,3,0,0,0,3,40.0,34.0,voiture,voiture,1,2,1,1,1
202200035145,2022-04-10 17:00:00,2022,4,10,17,0,83,83095,D560,43.55623,6.110405,Plein jour,Hors agglomération,Intersection en T,Normale,Deux véhicules - frontale,3,2,2,0,1,1,1,0,1,80,2,4,2,2,0,0,57.0,73.0,deux_roues,voiture,1,1,3,1,1
202200035146,2022-08-25 20:40:00,2022,8,25,20,40,62,62038,1006 Avenue du Lac,50.86575,1.974097,Plein jour,En agglomération,Hors intersection,Normale,Deux véhicules - arrière,4,2,2,0,1,1,1,0,1,30,2,2,1,0,1,0,17.0,16.0,deux_roues,deux_roues,1,2,1,1,2
202200035147,2022-02-28 14:10:00,2022,2,28,14,10,92,92063,BONAPARTE (AVENUE NAPOLEON) SUD,48.8764093093,2.1710625887,Plein jour,En agglomération,Hors intersection,Normale,Deux véhicules - côté,3,1,4,0,1,1,1,0,1,50,2,3,1,0,0,2,72.0,42.0,voiture,utilitaire_camion,1,2,1,1,3
202200035148,2022-06-15 08:30:00,2022,6,15,8,30,67,67482,RENE FONTAINE (RUE),48.57248,7.75277,Plein jour,En agglomération,Hors intersection,Normale,Deux véhicules - frontale,4,1,3,1,1,1,1,2,8,50,2,2,0,0,0,2,41.0,43.0,deux_roues,deux_roues,1,2,1,1,1
202200035149,2022-04-10 12:50:00,2022,4,10,12,50,60,60390,D9,49.552835,2.141454,Plein jour,Hors agglomération,Intersection en Y,Normale,Deux véhicules - frontale,3,2,2,0,1,1,1,0,1,80,2,2,1,1,0,0,69.0,55.0,voiture,deux_roues,1,1,4,1,1
202200035150,2022-08-24 16:00:00,2022,8,24,16,0,69,69100,Rue de la Mouche,45.6933745552,4.821125865,Plein jour,En agglomération,Intersection en T,Normale,Deux véhicules - côté,4,2,2,0,1,1,1,0,1,50,2,4,2,0,0,2,50.0,24.0,deux_roues,voiture,1,2,3,1,3
202200035151,2022-02-28 18:00:00,2022,2,28,18,0,92,92062,GENERAL DE GAULLE (AV) DU 44 AU 106,48.8865123697,2.2305122763,Plein jour,En agglomération,Autre intersection,Normale,Deux véhicules - côté,3,3,6,3,1,1,1,0,1,50,2,2,0,0,0,2,24.0,27.0,deux_roues,deux_roues,1,2,9,1,3
202200035152,2022-06-15 08:00:00,2022,6,15,8,0,64,64445,RP des Droits de l'Homme,43.31302,-0.369,Plein jour,En agglomération,Giratoire,Normale,Deux véhicules - côté,4,1,1,0,1,2,1,0,1,30,2,2,1,0,0,1,32.0,58.0,utilitaire_camion,deux_roues,1,2,6,1,3
202200035153,2022-07-01 16:40:00,2022,7,1,16,40,83,83116,58 allée Marcel Pagnol,43.480733,5.875196,Plein jour,Hors agglomération,Autre intersection,Normale,Deux véhicules - arrière,3,2,2,0,1,1,1,0,1,-1,2,2,1,0,1,0,40.0,40.0,voiture,voiture,1,1,9,1,2
202200035154,2022-06-16 18:30:00,2022,6,16,18,30,64,64102,Avenue Maréchal Soult,43.48402,-1.49939,Plein jour,En agglomération,Hors intersection,Normale,Autre collision,3,3,4,3,1,1,1,0,1,50,1,2,1,0,0,1,37.0,,deux_roues,,1,2,1,1,6
202200035155,2022-02-28 08:50:00,2022,2,28,8,50,92,92040,ROUGET DE L'ISLE,48.8291522788,2.2636336684,Plein jour,En agglomération,Hors intersection,Normale,Deux véhicules - côté,3,3,3,1,1,1,1,9,5,50,2,2,1,0,0,1,46.0,44.0,deux_roues,voiture,1,2,1,1,3
202200035156,2022-04-09 11:20:00,2022,4,9,11,20,07,07094,,44.876058,4.776392,Plein jour,Hors agglomération,Hors intersection,Normale,Deux véhicules - frontale,3,2,1,0,2,3,1,0,1,80,2,2,1,0,1,0,16.0,38.0,deux_roues,voiture,1,1,1,1,1
202200035157,2022-08-24 18:00:00,2022,8,24,18,0,74,74104,RD1508,45.773353,6.23884,Plein jour,Hors agglomération,Hors intersection,Temps éblouissant,Deux véhicules - côté,3,2,2,0,1,1,1,0,1,-1,2,2,1,0,1,0,42.0,36.0,voiture,deux_roues,1,1,1,7,3
202200035158,2022-06-16 16:15:00,2022,6,16,16,15,64,64024,BIARRITZ (AVENUE DE),43.48016,-1.52069,Plein jour,En agglomération,Hors intersection,Normale,Deux véhicules - côté,4,2,2,0,1,1,1,0,1,50,2,2,1,0,0,1,26.0,36.0,deux_roues,utilitaire_camion,1,2,1,1,3
202200035159,2022-02-28 17:50:00,2022,2,28,17,50,92,92026,VERDUN (DE 01 A 61),48.9004104155,2.2607741654,Plein jour,En agglomération,Intersection en X,Normale,Deux véhicules - côté,3,3,4,3,1,1,1,0,1,50,2,2,1,0,0,1,30.0,23.0,deux_roues,voiture,1,2,2,1,3
202200035160,2022-08-11 15:55:00,2022,8,11,15,55,67,67305,18 Rue du Fond,48.931927,8.1573,Plein jour,En agglomération,Intersection en Y,Autre,Deux véhicules - frontale,4,2,2,0,1,1,1,0,1,30,2,2,1,0,1,0,87.0,44.0,deux_roues,voiture,1,2,4,9,1
202200035161,2022-04-09 16:20:00,2022,4,9,16,20,21,21298,Rd 970,47.3267973397,4.4943881034,Plein jour,Hors agglomération,Intersection en T,Normale,Deux véhicules - frontale,3,2,2,0,1,1,1,0,1,90,2,3,2,0,0,1,47.0,66.0,voiture,voiture,1,1,3,1,1
202200035162,2022-02-22 20:00:00,2022,2,22,20,0,92,92024,JEAN JAURES (BD) DE (111 A 159),48.9072,2.3004,Nuit avec éclairage allumé,En agglomération,Hors intersection,Normale,Sans collision,3,2,4,0,1,1,1,0,1,50,1,1,0,0,0,1,34.0,,deux_roues,,5,2,1,1,7
202200035163,2022-06-16 08:18:00,2022,6,16,8,18,63,63113,THEURIET (RUE ANDRE),45.76492,3.07921,Plein jour,En agglomération,Intersection en X,Normale,Deux véhicules - côté,4,2,2,0,1,1,1,0,1,50,2,3,1,0,0,2,49.0,54.0,deux_roues,voiture,1,2,2,1,3
202200035164,2022-08-26 15:30:00,2022,8,26,15,30,76,76315,Route de Fauville,49.758391,0.617039,Plein jour,Hors agglomération,Intersection en X,Normale,Deux véhicules - arrière,3,2,2,0,1,1,1,0,1,80,2,2,1,0,1,0,14.0,28.0,deux_roues,voiture,1,1,2,1,2
202200035165,2022-06-16 00:18:00,2022,6,16,0,18,63,63113,HERIBAUD (RUE FRERE),45.77917,3.11214,Nuit sans éclairage public,En agglomération,Hors intersection,Normale,Deux véhicules - côté,4,2,2,0,1,1,1,0,1,50,2,2,1,0,0,1,27.0,15.0,voiture,deux_roues,3,2,1,1,3
202200035166,2022-08-25 20:00:00,2022,8,25,20,0,79,79016,,46.811398,-0.061755,Plein jour,Hors agglomération,Hors intersection,Normale,Sans collision,3,2,2,0,1,1,1,0,3,80,1,1,0,0,1,0,67.0,,voiture,,1,1,1,1,7
202200035167,2022-04-10 14:10:00,2022,4,10,14,10,40,40049,D824,43.772856,-0.348499,Plein jour,Hors agglomération,Intersection en X,Normale,Deux véhicules - frontale,3,2,2,0,1,1,1,0,1,80,2,3,0,0,1,2,63.0,21.0,utilitaire_camion,voiture,1,1,2,1,1
202200035168,2022-02-26 21:40:00,2022,2,26,21,40,92,92004,MENIL,48.9257904821,2.2745384574,Nuit avec éclairage allumé,En agglomération,Hors intersection,Normale,Deux véhicules - côté,4,-1,1,0,1,1,1,0,1,50,2,3,2,0,0,1,,23.0,deux_roues,voiture,5,2,1,1,3
202200035169,2022-02-26 12:30:00,2022,2,26,12,30,92,92004,GRESILLONS ( AVENUE DES  ),48.9138036763,2.2991023958,Plein jour,En agglomération,Hors intersection,Normale,Autre collision,3,2,2,0,1,1,1,0,1,50,2,2,1,0,0,1,56.0,57.0,deux_roues,utilitaire_camion,1,2,1,1,6
202200035170,2022-04-10 12:05:00,2022,4,10,12,5,40,40273,RD 817,43.540266,-1.367047,Plein jour,Hors agglomération,Hors intersection,Normale,Trois véhicules et plus - en chaîne,3,2,2,0,1,2,1,0,1,50,3,4,3,1,0,0,,65.0,voiture,deux_roues,1,1,1,1,4
202200035171,2022-08-22 18:00:00,2022,8,22,18,0,2A,2A130,Boulevard Marie-Jeanne Bozzi,41.881168,8.786498,Plein jour,En agglomération,Hors intersection,Normale,Deux véhicules - frontale,3,2,1,0,1,2,1,0,1,50,2,5,4,0,1,0,37.0,37.0,voiture,deux_roues,1,2,1,1,1
202200035172,2022-06-15 15:04:00,2022,6,15,15,4,63,63113,ORADOU (RUE DE L'),45.7695259909,3.1151945293,Plein jour,En agglomération,Hors intersection,Normale,Deux véhicules - frontale,7,2,3,0,1,1,1,0,1,50,2,3,1,0,2,0,49.0,34.0,utilitaire_camion,deux_roues,1,2,1,1,1
202200035173,2022-08-25 15:30:00,2022,8,25,15,30,2A,2A001,T 22,41.9528551217,8.7868868708,Plein jour,Hors agglomération,Hors intersection,Normale,Deux véhicules - frontale,2,2,2,0,2,1,1,0,1,70,2,2,1,0,1,0,28.0,57.0,voiture,deux_roues,1,1,1,1,1
202200035174,2022-02-27 21:56:00,2022,2,27,21,56,2A,2A360,RT 40,41.818792,8.964157,Nuit sans éclairage public,Hors agglomération,Hors intersection,Normale,Autre collision,2,2,2,0,1,1,1,9,1,80,1,5,0,2,0,3,20.0,,utilitaire_camion,,3,1,1,1,6
202200035175,2022-08-26 00:30:00,2022,8,26,0,30,2B,2B050,avenue Christophe Colomb,42.559952,8.756479,Nuit avec éclairage allumé,En agglomération,Hors intersection,Normale,,2,2,2,0,1,1,1,0,1,50,1,2,1,0,1,0,22.0,,voiture,,5,2,1,1,-1
202200035176,2022-04-09 21:15:00,2022,4,9,21,15,63,63113,A 71,45.789133,3.145223,Nuit sans éclairage public,Hors agglomération,Hors intersection,Normale,Trois véhicules et plus - collisions multiples,1,3,6,0,1,1,1,0,1,110,6,6,5,1,0,0,30.0,37.0,voiture,voiture,3,1,1,1,5
202200035177,2022-08-25 18:00:00,2022,8,25,18,0,71,71056,INTERSECTION D160 ET impasse du marais,46.644104,5.170001,Plein jour,En agglomération,Hors intersection,Normale,Autre collision,3,2,2,0,1,1,1,0,1,50,1,2,0,0,1,1,16.0,,deux_roues,,1,2,1,1,6
202200035178,2022-05-22 01:30:00,2022,5,22,1,30,62,62291,CD58,50.419854,2.819252,Nuit avec éclairage allumé,En agglomération,Autre intersection,Normale,Deux véhicules - côté,3,1,2,0,1,1,1,9,1,50,2,7,1,0,2,4,46.0,21.0,voiture,voiture,5,2,9,1,3
202200035179,2022-04-09 04:30:00,2022,4,9,4,30,64,64102,A 63 - PK 170.100,43.508099,-1.441988,Nuit sans éclairage public,Hors agglomération,Hors intersection,Temps couvert,Deux véhicules - arrière,1,3,5,0,1,1,2,0,1,130,2,4,1,1,2,0,24.0,48.0,voiture,utilitaire_camion,3,1,1,8,2
202200035180,2022-02-26 14:30:00,2022,2,26,14,30,66,66024,A9 - Sens France / Espagne - PK 271+400,42.528401,2.821727,Plein jour,Hors agglomération,Hors intersection,Normale,Deux véhicules - arrière,1,3,3,0,1,1,1,0,1,130,2,6,5,0,0,1,71.0,38.0,voiture,voiture,1,1,1,1,2
202200035181,2022-08-25 19:15:00,2022,8,25,19,15,63,63271,La Croix Rouge,45.924864,3.513887,Plein jour,Hors agglomération,Hors intersection,Normale,Autre collision,4,-1,2,0,1,1,1,0,8,-1,1,1,0,0,1,0,19.0,,deux_roues,,1,1,1,1,6
202200035182,2022-04-09 14:50:00,2022,4,9,14,50,971,97118,Route de la Traversee,16.2058935979,-61.6324961185,Plein jour,Hors agglomération,Autre intersection,Normale,Deux véhicules - arrière,3,2,2,0,1,1,1,0,1,80,2,2,1,1,0,0,37.0,52.0,voiture,deux_roues,1,1,9,1,2
202200035183,2022-06-15 13:05:00,2022,6,15,13,5,59,59041,MAUBEUGE (RUE DE),50.2130348309,3.8644731045,Plein jour,En agglomération,Hors intersection,Normale,Trois véhicules et plus - collisions multiples,3,2,1,0,1,1,1,0,1,50,3,3,2,1,0,0,30.0,60.0,utilitaire_camion,deux_roues,1,2,1,1,5
202200035184,2022-04-09 14:20:00,2022,4,9,14,20,33,33199,20 Allée de la Forêt,44.635799,-1.061023,Plein jour,En agglomération,Hors intersection,Normale,Deux véhicules - côté,4,1,1,0,1,1,1,0,1,30,2,2,1,0,1,0,64.0,19.0,voiture,deux_roues,1,2,1,1,3
202200035185,2022-08-25 16:00:00,2022,8,25,16,0,61,61483,D53,48.596049,-0.419964,Plein jour,Hors agglomération,Hors intersection,Temps couvert,Deux véhicules - frontale,3,2,2,0,1,2,1,0,1,90,2,5,3,0,2,0,52.0,21.0,voiture,voiture,1,1,1,8,1
202200035186,2022-02-23 07:45:00,2022,2,23,7,45,85,85137,RD 23,46.519935,-0.8534311,Crépuscule ou aube,Hors agglomération,Hors intersection,Brouillard / fumée,Sans collision,3,2,2,0,2,2,2,0,3,80,1,8,1,0,0,7,45.0,,transport_commun,,2,1,1,5,7
202200035187,2022-06-16 21:35:00,2022,6,16,21,35,59,59566,CARNOT SADI RUE,50.626561349,2.9918646812,Plein jour,En agglomération,Hors intersection,Normale,Autre collision,7,1,1,0,1,2,1,0,1,30,1,3,0,0,0,3,54.0,,utilitaire_camion,,1,2,1,1,6
202200035188,2022-04-04 13:20:00,2022,4,4,13,20,06,06157,12bis avenue de la resistance,43.722847,7.109862,Plein jour,En agglomération,Intersection en T,Normale,Deux véhicules - côté,7,2,2,0,1,1,1,6,1,30,2,2,1,0,1,0,24.0,43.0,voiture,deux_roues,1,2,3,1,3
202200035189,2022-02-28 18:15:00,2022,2,28,18,15,67,67437,Rue du 19 Novembre,48.741683,7.358533,Crépuscule ou aube,En agglomération,Intersection en Y,Normale,Autre collision,3,2,1,0,1,1,1,5,8,40,1,3,1,0,0,2,36.0,,voiture,,2,2,4,1,6
202200035190,2022-08-26 07:40:00,2022,8,26,7,40,42,42149,Avenue de la Route Bleue,45.649336,4.230954,Plein jour,En agglomération,Intersection en T,Normale,Deux véhicules - côté,3,2,2,0,1,1,1,0,1,50,2,5,4,0,1,0,23.0,21.0,deux_roues,voiture,1,2,3,1,3
202200035191,2022-06-16 20:26:00,2022,6,16,20,26,59,59350,NATIONALE RUE N°RESTE PAIRS,50.63066,3.04755,Plein jour,En agglomération,Intersection en X,Normale,Deux véhicules - côté,4,2,2,2,1,1,1,5,1,50,2,2,1,1,0,0,19.0,34.0,deux_roues,voiture,1,2,2,1,3
202200035192,2022-02-28 09:55:00,2022,2,28,9,55,74,74019,Route de la Baratte,45.940522,6.146472,Plein jour,En agglomération,Hors intersection,Temps éblouissant,Deux véhicules - frontale,3,2,2,1,1,1,1,6,1,50,2,2,1,0,1,0,30.0,28.0,voiture,deux_roues,1,2,1,7,1
202200035193,2022-06-09 16:00:00,2022,6,9,16,0,59,59122,AMBROISE (RUE D'),50.18886,3.24304,Plein jour,En agglomération,Autre intersection,Normale,Autre collision,4,2,2,0,1,1,1,9,3,50,1,1,0,0,1,0,43.0,,deux_roues,,1,2,9,1,6
202200035194,2022-04-10 11:10:00,2022,4,10,11,10,13,13066,D28d,43.869374,4.909064,Plein jour,Hors agglomération,Intersection en T,Normale,Deux véhicules - côté,3,2,2,0,1,1,1,0,1,80,2,9,8,1,0,0,55.0,22.0,deux_roues,voiture,1,1,3,1,3
202200035195,2022-08-26 04:40:00,2022,8,26,4,40,41,41106,Rue Maurice Genevoix,47.605649,2.03629,Nuit avec éclairage non allumé,En agglomération,Intersection en T,Normale,Autre collision,4,2,2,0,1,1,1,0,1,50,1,1,0,0,0,1,20.0,,voiture,,4,2,3,1,6
202200035196,2022-02-28 13:20:00,2022,2,28,13,20,41,41252,RD 2152,47.677297,1.477704,Plein jour,Hors agglomération,Autre intersection,Normale,Deux véhicules - côté,3,2,2,0,1,1,1,0,1,90,2,2,0,0,1,1,56.0,44.0,utilitaire_camion,voiture,1,1,9,1,3
202200035197,2022-06-16 15:40:00,2022,6,16,15,40,54,54482,FOCH (RUE DU MARECHAL - IMPASSE),48.70324,6.21199,Plein jour,En agglomération,Hors intersection,Normale,Deux véhicules - arrière,4,2,2,0,2,1,1,0,1,30,2,2,1,0,0,1,40.0,25.0,deux_roues,voiture,1,2,1,1,2
202200035198,2022-08-24 16:35:00,2022,8,24,16,35,34,34237,Avenue de Margon,43.503029,3.309127,Plein jour,En agglomération,Intersection en T,Normale,Deux véhicules - côté,3,2,2,0,2,3,1,0,1,50,2,2,1,0,1,0,74.0,45.0,deux_roues,voiture,1,2,3,1,3
202200035199,2022-04-10 09:40:00,2022,4,10,9,40,54,54176,intersection rd914 rd2,48.6655426106,6.489980221,Plein jour,Hors agglomération,Intersection en X,Normale,Deux véhicules - arrière,3,2,2,0,1,1,1,5,1,80,2,2,1,0,0,1,65.0,51.0,voiture,deux_roues,1,1,2,1,2
202200035200,2022-02-28 17:00:00,2022,2,28,17,0,71,71004,Rue de Gratte Loup,46.795998,4.974382,Plein jour,Hors agglomération,Hors intersection,Normale,Deux véhicules - arrière,4,2,2,0,1,1,1,0,1,80,2,3,1,0,1,1,26.0,18.0,voiture,deux_roues,1,1,1,1,2
202200035201,2022-06-16 14:40:00,2022,6,16,14,40,53,53130,BRIAND (PONT ARISTIDE ),48.07104,-0.770146,Plein jour,En agglomération,Autre intersection,Normale,Deux véhicules - côté,4,2,2,0,1,1,1,2,1,50,2,2,1,0,1,0,73.0,40.0,voiture,deux_roues,1,2,9,1,3
202200035202,2022-08-25 05:15:00,2022,8,25,5,15,21,21637,rue du moulin,47.0123,5.3078,Nuit sans éclairage public,Hors agglomération,Hors intersection,Normale,Autre collision,4,2,2,0,1,2,1,0,3,80,1,3,2,0,0,1,19.0,,voiture,,3,1,1,1,6
202200035203,2022-04-09 17:15:00,2022,4,9,17,15,57,57288,64 Rue de Creutzwald,49.189301,6.670809,Plein jour,En agglomération,Intersection en T,Normale,Deux véhicules - frontale,3,2,2,0,1,1,1,0,1,50,2,2,0,0,1,1,37.0,69.0,voiture,voiture,1,2,3,1,1
202200035204,2022-03-01 14:15:00,2022,3,1,14,15,30,30175,RD 901,44.275235,4.406151,Plein jour,Hors agglomération,Hors intersection,Normale,Autre collision,3,2,2,0,2,2,1,0,3,80,1,1,0,0,1,0,42.0,,deux_roues,,1,1,1,1,6
202200035205,2022-08-26 17:40:00,2022,8,26,17,40,25,25532,N57,47.21129,6.096232,Plein jour,Hors agglomération,Hors intersection,Pluie légère,Sans collision,2,3,4,0,1,3,2,0,3,110,1,2,1,0,0,1,31.0,,voiture,,1,1,1,2,7
202200035206,2022-06-16 14:55:00,2022,6,16,14,55,51,51454,boulevard du Docteur Roux,49.23217,4.02094,Plein jour,En agglomération,Hors intersection,Normale,Deux véhicules - arrière,4,2,2,2,1,2,1,0,1,50,2,3,2,0,0,1,25.0,39.0,voiture,voiture,1,2,1,1,2
202200035207,2022-04-09 15:45:00,2022,4,9,15,45,74,74146,Route de Verossier,46.366724,6.593814,Plein jour,En agglomération,Hors intersection,Normale,Deux véhicules - côté,3,2,2,0,2,1,1,0,1,50,2,2,1,0,1,0,18.0,52.0,deux_roues,voiture,1,2,1,1,3
202200035208,2022-03-01 08:00:00,2022,3,1,8,0,34,34270,170 Rue Henri Farman,43.560293,3.843707,Crépuscule ou aube,En agglomération,Hors intersection,Normale,Deux véhicules - frontale,4,2,2,0,1,1,1,0,1,50,2,2,1,0,1,0,35.0,34.0,deux_roues,utilitaire_camion,2,2,1,1,1
202200035209,2022-08-20 16:16:00,2022,8,20,16,16,35,35186,Lieu Dit les Rivieres,48.5901744784,-1.7767086625,Plein jour,Hors agglomération,Hors intersection,Normale,Deux véhicules - côté,3,2,2,0,1,1,1,0,1,80,2,2,1,0,1,0,23.0,84.0,utilitaire_camion,deux_roues,1,1,1,1,3
202200035210,2022-06-15 23:21:00,2022,6,15,23,21,49,49267,A87N,47.47792,-0.50115,Nuit avec éclairage allumé,En agglomération,Hors intersection,Normale,Autre collision,1,3,6,0,1,1,1,0,1,130,1,1,0,0,0,1,22.0,,voiture,,5,2,1,1,6
202200035211,2022-04-09 15:30:00,2022,4,9,15,30,07,07324,Avenue Helene de Tournon,45.05279,4.839743,Plein jour,En agglomération,Intersection en T,Normale,Sans collision,4,2,2,1,1,1,1,0,1,50,1,1,0,0,0,1,52.0,,deux_roues,,1,2,3,1,7
202200035212,2022-08-26 04:45:00,2022,8,26,4,45,29,29085,20 Avenue de Quimper,47.857653,-4.158834,Nuit sans éclairage public,En agglomération,Hors intersection,Normale,Autre collision,4,2,2,0,1,1,1,0,3,50,1,1,0,0,0,1,20.0,,voiture,,3,2,1,1,6
202200035213,2022-02-28 07:21:00,2022,2,28,7,21,37,37170,A 28,47.5832636023,0.5678021908,Crépuscule ou aube,Hors agglomération,Hors intersection,Normale,Deux véhicules - côté,1,3,4,0,1,1,1,0,1,130,2,2,1,0,0,1,37.0,66.0,utilitaire_camion,voiture,2,1,1,1,3