accident_id,datetime,annee,mois,jour,heure,minute,departement,commune_insee,adresse,latitude,longitude,luminosite,agglomeration,intersection,meteo,collision,catr,circ,nbv,vosp,prof,plan,surf,infra,situ,vma,nb_vehicules,nb_usagers,nb_indemnes,nb_tues,nb_blesses_hosp,nb_blesses_legers,age_cond_1,age_cond_2,veh_type_cond_1,veh_type_cond_2,lum_code,agg_code,int_code,atm_code,col_code
202200035214,2022-06-11 17:30:00,2022,6,11,17,30,48,48095,PERE COUDRIN (AVENUE DU),44.51767,3.50808,Plein jour,En agglomération,Hors intersection,Temps éblouissant,Autre collision,2,2,2,0,1,1,1,0,1,50,1,2,1,0,0,1,80.0,,voiture,,1,2,1,7,6
202200035215,2022-04-09 19:20:00,2022,4,9,19,20,69,69255,4 Rue de Verville,45.7387032763,4.6674589606,Plein jour,Hors agglomération,Hors intersection,Normale,Autre collision,3,2,2,0,1,2,1,0,1,80,1,1,0,0,0,1,19.0,,voiture,,1,1,1,1,6
202200035216,2022-08-25 23:00:00,2022,8,25,23,0,29,29197,29 Rue Rozavot,48.0159731012,-4.5006680488,Nuit avec éclairage allumé,En agglomération,Giratoire,Normale,Autre collision,4,2,2,0,1,1,1,0,1,50,1,5,1,0,0,4,16.0,,voiture,,5,2,6,1,6
202200035217,2022-04-09 20:00:00,2022,4,9,20,0,81,81105,40 Rue de la Mégisserie,43.760642,2.000043,Crépuscule ou aube,En agglomération,Hors intersection,Normale,Deux véhicules - frontale,4,2,2,0,1,1,1,0,1,50,2,3,1,0,0,2,22.0,56.0,voiture,voiture,2,2,1,1,1
202200035218,2022-06-16 16:47:00,2022,6,16,16,47,47,47001,JAURES (AV. JEAN),44.19564552,0.6421921489,Plein jour,En agglomération,Hors intersection,Normale,Deux véhicules - arrière,3,3,4,0,1,1,1,5,1,50,2,3,2,0,0,1,68.0,42.0,voiture,voiture,1,2,1,1,2
202200035219,2022-02-28 19:15:00,2022,2,28,19,15,59,59335,Rue de Tournai,50.4708034446,3.4276807308,Nuit sans éclairage public,En agglomération,Hors intersection,Normale,Trois véhicules et plus - collisions multiples,3,2,2,0,1,1,1,0,1,50,3,5,2,1,1,1,32.0,36.0,voiture,voiture,3,2,1,1,5
202200035220,2022-08-19 15:00:00,2022,8,19,15,0,15,15122,Route nationale 122,44.70389,2.194052,Plein jour,En agglomération,Hors intersection,Normale,Sans collision,2,2,2,0,2,1,1,0,1,80,1,1,0,0,1,0,70.0,,deux_roues,,1,2,1,1,7
202200035221,2022-04-09 14:45:00,2022,4,9,14,45,19,19207,140 Passage du Chambon,45.268472,1.634916,Plein jour,Hors agglomération,Hors intersection,Normale,Deux véhicules - frontale,4,2,2,0,1,2,1,0,1,90,2,2,1,0,1,0,17.0,40.0,deux_roues,voiture,1,1,1,1,1
202200035222,2022-06-16 02:10:00,2022,6,16,2,10,44,44184,Avenue de Chatoney,47.28515,-2.19575,Nuit avec éclairage allumé,En agglomération,Hors intersection,Normale,Autre collision,4,2,1,0,1,2,1,0,4,50,1,3,1,0,0,2,22.0,,voiture,,5,2,1,1,6
202200035223,2022-02-26 16:00:00,2022,2,26,16,0,51,51403,Chemin de Vigne,49.251294,4.147553,Plein jour,Hors agglomération,Hors intersection,Normale,Sans collision,5,-1,2,0,1,1,1,0,8,5,1,1,0,0,1,0,38.0,,deux_roues,,1,1,1,1,7
202200035224,2022-04-10 13:20:00,2022,4,10,13,20,14,14047,D572,49.270608,-0.694124,Plein jour,En agglomération,Hors intersection,Normale,Deux véhicules - côté,3,2,1,0,2,1,1,0,1,50,2,2,1,0,0,1,40.0,24.0,voiture,voiture,1,2,1,1,3
202200035225,2022-08-25 15:15:00,2022,8,25,15,15,85,85064,A83 - PK039+000,46.8427769972,-1.2466303155,Plein jour,Hors agglomération,Hors intersection,Normale,Autre collision,1,1,4,0,1,1,1,2,3,-1,1,5,0,0,4,1,55.0,,utilitaire_camion,,1,1,1,1,6
202200035226,2022-02-26 15:10:00,2022,2,26,15,10,51,51282,D27,49.253769,3.930053,Plein jour,Hors agglomération,Hors intersection,Normale,Sans collision,3,2,2,0,1,1,1,0,1,80,1,1,0,0,0,1,62.0,,deux_roues,,1,1,1,1,7
202200035227,2022-01-21 08:46:00,2022,1,21,8,46,42,42218,Boulevard Alexandre de Fraissinette,45.4171662692,4.4134361396,Plein jour,En agglomération,Hors intersection,Normale,Deux véhicules - arrière,4,2,2,0,1,1,1,0,1,50,2,3,2,0,0,1,48.0,42.0,transport_commun,transport_commun,1,2,1,1,2
202200035228,2022-02-28 01:35:00,2022,2,28,1,35,74,74296,Route de Valleiry,46.097728,6.007719,Nuit sans éclairage public,Hors agglomération,Hors intersection,Normale,Sans collision,3,2,2,0,1,1,1,0,8,80,1,1,0,0,0,1,28.0,,voiture,,3,1,1,1,7
202200035229,2022-08-26 17:45:00,2022,8,26,17,45,66,66080,,42.512664,2.184257,Plein jour,En agglomération,Intersection en Y,Temps couvert,Deux véhicules - côté,2,2,2,0,2,1,1,0,1,50,2,2,1,0,0,1,19.0,33.0,deux_roues,voiture,1,2,4,8,3
202200035230,2022-04-09 21:20:00,2022,4,9,21,20,60,60141,Avenue du Général Leclerc,49.1754939924,2.4539396837,Nuit avec éclairage allumé,En agglomération,Intersection en T,Normale,Deux véhicules - frontale,3,2,2,0,2,1,1,0,1,50,2,5,3,0,1,1,19.0,23.0,deux_roues,voiture,5,2,3,1,1
202200035231,2022-06-15 11:33:00,2022,6,15,11,33,37,37261,MIRABEAU (RUE),47.3975249207,0.6994557381,Plein jour,En agglomération,Intersection en X,Normale,Deux véhicules - côté,4,2,8,0,1,1,1,5,1,50,2,2,1,0,1,0,21.0,58.0,deux_roues,utilitaire_camion,1,2,2,1,3
202200035232,2022-02-27 17:30:00,2022,2,27,17,30,2B,2B343,I Palazzi,42.490778,9.477795,Plein jour,En agglomération,Hors intersection,Normale,Autre collision,2,2,2,0,1,2,1,0,3,50,1,1,0,0,1,0,69.0,,utilitaire_camion,,1,2,1,1,6
202200035233,2022-06-12 09:16:00,2022,6,12,9,16,36,36159,Avenue de la Forêt,46.75673,1.72176,Plein jour,En agglomération,Hors intersection,Normale,Deux véhicules - arrière,3,2,2,1,1,1,1,0,1,50,2,2,1,0,0,1,51.0,81.0,deux_roues,voiture,1,2,1,1,2
202200035234,2022-04-09 14:35:00,2022,4,9,14,35,59,59634,D642,50.729909,2.470003,Plein jour,En agglomération,Giratoire,Normale,Deux véhicules - côté,3,-1,2,0,1,1,1,5,1,50,2,2,1,0,0,1,25.0,41.0,voiture,deux_roues,1,2,6,1,3
202200035235,2022-02-28 16:55:00,2022,2,28,16,55,82,82112,Route de Détours,44.114974,1.074395,Plein jour,Hors agglomération,Intersection en T,Normale,Deux véhicules - côté,3,2,2,0,3,1,1,0,1,70,2,3,1,0,1,1,37.0,47.0,voiture,deux_roues,1,1,3,1,3
202200035236,2022-06-03 10:36:00,2022,6,3,10,36,36,36159,81 Avenue de la Forêt,46.7660490958,1.7168498039,Plein jour,En agglomération,Hors intersection,Normale,Autre collision,3,2,2,0,1,1,1,0,1,50,1,2,1,0,0,1,22.0,,voiture,,1,2,1,1,6
202200035237,2022-04-08 16:40:00,2022,4,8,16,40,13,13213,A507 sens Aubagne- Marseille,43.32993,5.40807,Plein jour,Hors agglomération,Hors intersection,Normale,Deux véhicules - arrière,1,3,2,0,4,1,1,1,1,70,2,2,0,0,0,2,53.0,33.0,voiture,deux_roues,1,1,1,1,2
202200035238,2022-03-01 12:05:00,2022,3,1,12,5,11,11261,D6113,43.191066,2.641311,Plein jour,Hors agglomération,Intersection en X,Normale,Deux véhicules - côté,3,2,2,0,1,1,1,0,1,70,2,2,1,1,0,0,50.0,74.0,voiture,deux_roues,1,1,2,1,3
202200035239,2022-06-16 16:00:00,2022,6,16,16,0,35,35238,N136,48.134501096,-1.7061042041,Plein jour,Hors agglomération,Hors intersection,Normale,Deux véhicules - côté,2,3,4,0,1,1,1,0,1,90,2,2,1,0,0,1,69.0,55.0,voiture,voiture,1,1,1,1,3
202200035240,2022-08-26 06:00:00,2022,8,26,6,0,14,14102,D48,49.234417,0.207525,Nuit sans éclairage public,Hors agglomération,Hors intersection,Normale,Autre collision,3,2,2,0,1,1,1,0,3,80,1,3,2,0,0,1,23.0,,voiture,,3,1,1,1,6
202200035241,2022-03-01 02:20:00,2022,3,1,2,20,89,89407,Départementale 965,47.850722,4.041553,Nuit sans éclairage public,Hors agglomération,Hors intersection,Normale,Sans collision,3,2,2,0,1,1,1,0,3,80,1,1,0,0,1,0,38.0,,utilitaire_camion,,3,1,1,1,7
202200035242,2022-08-26 01:15:00,2022,8,26,1,15,50,50401,Route du Moulin,49.462025,-1.776994,Nuit sans éclairage public,Hors agglomération,Hors intersection,Normale,Autre collision,3,2,2,0,2,1,1,0,3,80,1,1,0,0,1,0,20.0,,voiture,,3,1,1,1,6
202200035243,2022-06-16 12:05:00,2022,6,16,12,5,35,35238,ALBERT 1ER (BD),48.08971,-1.68543,Plein jour,En agglomération,Giratoire,Normale,Deux véhicules - côté,4,2,2,2,1,1,1,0,1,50,2,2,1,0,0,1,27.0,21.0,deux_roues,voiture,1,2,6,1,3
202200035244,2022-04-09 05:21:00,2022,4,9,5,21,33,33119,ROUTE NATIONALE 230,44.85608,-0.50534,Nuit sans éclairage public,Hors agglomération,Hors intersection,Pluie légère,Deux véhicules - arrière,2,3,6,0,1,1,2,0,1,90,2,3,2,0,0,1,56.0,30.0,utilitaire_camion,voiture,3,1,1,2,2
202200035245,2022-06-16 16:15:00,2022,6,16,16,15,33,33063,Rue David Johnston,44.85063,-0.58379,Plein jour,En agglomération,Hors intersection,Normale,Trois véhicules et plus - collisions multiples,4,1,1,2,1,1,1,-1,1,30,3,3,2,0,0,1,37.0,28.0,voiture,deux_roues,1,2,1,1,5
202200035246,2022-08-26 15:00:00,2022,8,26,15,0,53,53086,D30,48.187745,-1.017634,Plein jour,Hors agglomération,Hors intersection,Normale,Trois véhicules et plus - en chaîne,3,2,2,0,1,1,1,0,1,80,3,5,1,0,2,2,59.0,73.0,voiture,voiture,1,1,1,1,4
202200035247,2022-02-28 15:30:00,2022,2,28,15,30,25,25222,D461,47.158563,6.263355,Plein jour,Hors agglomération,Hors intersection,Normale,Deux véhicules - frontale,3,2,2,0,1,1,1,0,1,80,2,7,1,0,3,3,23.0,40.0,voiture,voiture,1,1,1,1,1
202200035248,2022-04-09 16:15:00,2022,4,9,16,15,91,91377,AUTOROUTE A10,48.717064,2.29108,Plein jour,Hors agglomération,Hors intersection,Normale,Trois véhicules et plus - en chaîne,1,1,3,0,2,1,1,0,1,110,3,3,2,0,0,1,48.0,44.0,voiture,voiture,1,1,1,1,4
202200035249,2022-02-28 16:45:00,2022,2,28,16,45,44,44072,route d'assérac,47.44091,-2.335998,Plein jour,Hors agglomération,Hors intersection,Normale,Autre collision,3,2,2,0,2,2,1,0,3,80,1,1,0,0,0,1,49.0,,voiture,,1,1,1,1,6
202200035250,2022-06-16 10:55:00,2022,6,16,10,55,33,33522,Avenue Pierre Corneille,44.78908,-0.58706,Plein jour,En agglomération,Intersection en T,Normale,Autre collision,4,2,2,0,1,1,1,9,1,50,1,2,1,0,0,1,68.0,,voiture,,1,2,3,1,6
202200035251,2022-08-25 17:50:00,2022,8,25,17,50,85,85246,RD47,46.736728,-1.232357,Plein jour,Hors agglomération,Intersection en T,Normale,Autre collision,3,2,2,0,1,1,1,0,3,80,1,1,0,0,1,0,56.0,,voiture,,1,1,3,1,6
202200035252,2022-04-09 06:35:00,2022,4,9,6,35,91,91534,RN 118,48.72969,2.16582,Plein jour,Hors agglomération,Hors intersection,Pluie légère,Deux véhicules - arrière,2,3,2,0,1,1,2,0,1,90,2,2,1,0,0,1,19.0,32.0,voiture,voiture,1,1,1,2,2
202200035253,2022-06-16 00:00:00,2022,6,16,0,0,33,33063,Pont Jacques Chaban-Delmas,44.85688,-0.55017,Nuit avec éclairage allumé,En agglomération,Hors intersection,Normale,Deux véhicules - arrière,4,3,3,2,2,1,1,2,1,50,2,3,1,0,0,2,25.0,23.0,deux_roues,voiture,5,2,1,1,2
202200035254,2022-02-26 09:55:00,2022,2,26,9,55,29,29177,Lieu Dit Kergougnan,48.446444,-4.740751,Plein jour,Hors agglomération,Intersection en X,Normale,Deux véhicules - côté,3,2,2,0,2,1,1,0,1,80,2,2,1,1,0,0,36.0,88.0,voiture,voiture,1,1,2,1,3
202200035255,2022-04-09 15:00:00,2022,4,9,15,0,92,92036,A86,48.9373756521,2.2943117859,Plein jour,Hors agglomération,Hors intersection,Normale,Deux véhicules - arrière,1,2,2,0,1,1,1,0,1,90,2,2,1,0,0,1,29.0,32.0,deux_roues,voiture,1,1,1,1,2
202200035256,2022-02-28 17:00:00,2022,2,28,17,0,31,31239,Route de Puymaurin,43.378723,0.803719,Plein jour,Hors agglomération,Hors intersection,Normale,Sans collision,3,2,2,0,2,1,1,0,3,80,1,1,0,1,0,0,68.0,,deux_roues,,1,1,1,1,7
202200035257,2022-08-19 11:35:00,2022,8,19,11,35,27,27457,La Noé Moussard,48.7690536317,0.925924301,Plein jour,Hors agglomération,Hors intersection,Normale,Deux véhicules - frontale,3,2,2,0,1,1,1,0,1,80,2,2,1,0,0,1,92.0,68.0,voiture,deux_roues,1,1,1,1,1
202200035258,2022-04-09 08:30:00,2022,4,9,8,30,92,92072,N118,48.8224757424,2.2222421137,Crépuscule ou aube,Hors agglomération,Hors intersection,Normale,Autre collision,2,1,2,0,2,2,2,0,1,70,1,1,0,0,0,1,36.0,,voiture,,2,1,1,1,6
202200035259,2022-03-01 04:30:00,2022,3,1,4,30,50,50267,Route du Soleil Couchant,49.251875,-1.555451,Nuit sans éclairage public,Hors agglomération,Hors intersection,Pluie légère,Autre collision,3,2,2,0,1,2,2,0,3,80,1,1,0,1,0,0,32.0,,utilitaire_camion,,3,1,1,2,6
202200035260,2022-04-09 08:00:00,2022,4,9,8,0,93,93027,AUTOROUTE A86,48.9255222309,2.3965842204,Plein jour,Hors agglomération,Hors intersection,Pluie légère,Autre collision,1,1,2,0,1,2,2,3,1,70,1,1,0,0,0,1,21.0,,utilitaire_camion,,1,1,1,2,6
202200035261,2022-08-24 20:02:00,2022,8,24,20,2,17,17483,D203,46.057874,-1.065325,Crépuscule ou aube,En agglomération,Intersection en T,Normale,Deux véhicules - côté,3,2,2,0,1,1,1,0,1,50,2,2,0,0,1,1,29.0,18.0,utilitaire_camion,deux_roues,2,2,3,1,3
202200035262,2022-02-28 20:30:00,2022,2,28,20,30,09,09072,Route du Col,43.030996,1.737202,Nuit sans éclairage public,Hors agglomération,Hors intersection,Normale,Sans collision,3,2,2,0,2,2,1,0,1,80,1,1,0,0,1,0,25.0,,deux_roues,,3,1,1,1,7
202200035263,2022-06-15 07:30:00,2022,6,15,7,30,33,33063,Cours Balguerie Stuttenberg,44.86135,-0.56248,Plein jour,En agglomération,Hors intersection,Normale,Deux véhicules - côté,4,1,2,3,1,1,1,0,1,50,2,2,1,0,1,0,34.0,62.0,voiture,deux_roues,1,2,1,1,3
202200035264,2022-04-09 01:30:00,2022,4,9,1,30,92,92036,AUTOROUTE A15,48.9465157059,2.2827709006,Nuit sans éclairage public,Hors agglomération,Hors intersection,Temps couvert,Autre collision,1,3,8,0,1,3,2,2,1,90,1,2,0,0,0,2,22.0,,voiture,,3,1,1,8,6
202200035265,2022-08-26 16:00:00,2022,8,26,16,0,87,87059,grande rue,46.215105,1.081005,Plein jour,En agglomération,Hors intersection,Normale,Autre collision,4,1,1,0,2,1,1,0,1,30,1,2,1,0,1,0,43.0,,voiture,,1,2,1,1,6
202200035266,2022-02-28 16:10:00,2022,2,28,16,10,43,43112,Avenue d’Auvergne,45.110241,3.491807,Plein jour,En agglomération,Hors intersection,Normale,Autre collision,4,2,2,2,1,1,1,0,1,50,1,2,1,0,1,0,49.0,,voiture,,1,2,1,1,6
202200035267,2022-06-16 14:35:00,2022,6,16,14,35,33,33529,PISTE 214,44.5777495113,-1.1483877897,Plein jour,Hors agglomération,Hors intersection,Normale,Deux véhicules - frontale,4,2,2,0,1,3,1,0,1,50,2,2,1,0,0,1,31.0,20.0,utilitaire_camion,voiture,1,1,1,1,1
202200035268,2022-04-08 23:00:00,2022,4,8,23,0,93,93064,AUTOROUTE A86,48.88548,2.47263,Nuit sans éclairage public,Hors agglomération,Hors intersection,Temps couvert,Autre collision,1,1,2,0,1,3,2,0,1,70,1,1,0,0,0,1,51.0,,voiture,,3,1,1,8,6
202200035269,2022-06-16 18:00:00,2022,6,16,18,0,32,32013,ARÇON (ROUTE),43.65943,0.63103,Plein jour,En agglomération,Hors intersection,Normale,Sans collision,3,2,2,0,2,3,9,0,1,50,1,1,0,0,0,1,16.0,,deux_roues,,1,2,1,1,7
202200035270,2022-02-28 18:35:00,2022,2,28,18,35,37,37226,,47.1256704966,0.627604723,Crépuscule ou aube,Hors agglomération,Hors intersection,Normale,Autre collision,3,2,2,0,1,1,1,0,3,80,1,1,0,0,1,0,65.0,,utilitaire_camion,,2,1,1,1,6
202200035271,2022-08-25 16:45:00,2022,8,25,16,45,24,24086,114D Le Châtelard,44.802082,1.133398,Plein jour,Hors agglomération,Hors intersection,Normale,Sans collision,4,2,2,0,2,2,1,0,3,80,1,2,1,0,1,0,65.0,,deux_roues,,1,1,1,1,7
202200035272,2022-08-26 05:30:00,2022,8,26,5,30,13,13050,D7n,43.671977,5.240704,Crépuscule ou aube,Hors agglomération,Hors intersection,Normale,Autre collision,3,2,2,0,1,3,1,2,3,80,1,1,0,1,0,0,43.0,,utilitaire_camion,,2,1,1,1,6
202200035273,2022-06-16 11:05:00,2022,6,16,11,5,32,32013,JEAN JAURES (AVENUE),43.66471,0.59432,Plein jour,En agglomération,Hors intersection,Normale,Deux véhicules - arrière,4,2,2,0,1,1,1,0,1,50,2,2,1,0,0,1,37.0,64.0,autre,voiture,1,2,1,1,2
202200035274,2022-04-09 11:15:00,2022,4,9,11,15,94,94022,A86 EXT,48.7761,2.424,Plein jour,Hors agglomération,Hors intersection,Pluie légère,Autre collision,1,3,6,0,1,1,2,0,1,90,4,5,3,0,0,2,43.0,83.0,voiture,voiture,1,1,1,2,6
202200035275,2022-02-26 21:05:00,2022,2,26,21,5,52,52063,Rue de la Grande Fontaine,48.1816017261,5.5583524704,Nuit avec éclairage allumé,En agglomération,Hors intersection,Normale,Deux véhicules - côté,3,2,1,0,4,1,1,0,1,50,2,3,2,0,0,1,,43.0,voiture,voiture,5,2,1,1,3
202200035276,2022-02-26 07:50:00,2022,2,26,7,50,76,76489,N1029,49.473534,0.269938,Crépuscule ou aube,Hors agglomération,Hors intersection,Brouillard / fumée,Autre collision,2,3,4,0,2,1,7,2,1,90,1,1,0,0,0,1,31.0,,voiture,,2,1,1,5,6
202200035277,2022-04-08 16:15:00,2022,4,8,16,15,976,97611,kaweni-Kaweni nord ( Z I ),-12.7675,45.2246,Plein jour,En agglomération,Hors intersection,Normale,Autre collision,2,2,2,0,1,1,1,0,1,50,1,2,1,0,0,1,26.0,,deux_roues,,1,2,1,1,6
202200035278,2022-05-20 15:57:00,2022,5,20,15,57,30,30189,KENNEDY (AVENUE),43.826,4.333,Plein jour,En agglomération,Intersection en X,Normale,Deux véhicules - côté,4,-1,2,0,1,1,1,0,1,50,2,2,0,0,2,0,30.0,39.0,voiture,voiture,1,2,2,1,3
202200035279,2022-08-24 17:00:00,2022,8,24,17,0,01,01254,,46.158651,5.295941,Plein jour,Hors agglomération,Hors intersection,Normale,Deux véhicules - arrière,1,3,3,0,1,1,1,0,1,130,2,5,4,0,1,0,32.0,35.0,voiture,utilitaire_camion,1,1,1,1,2
202200035280,2022-04-08 05:35:00,2022,4,8,5,35,26,26198,MONARD PELISSIER (Allée),44.53014,4.74203,Nuit sans éclairage public,En agglomération,Hors intersection,Normale,Autre collision,4,2, -1,0,1,1,1,0,1,30,1,2,1,0,0,1,37.0,,voiture,,3,2,1,1,6
202200035281,2022-03-01 14:45:00,2022,3,1,14,45,33,33284,A63 PK023+600,44.642727,-0.840132,Plein jour,Hors agglomération,Hors intersection,Normale,Deux véhicules - arrière,1,3,4,0,1,1,1,0,1,130,2,3,0,0,0,3,54.0,28.0,voiture,voiture,1,1,1,1,2
202200035282,2022-08-26 08:10:00,2022,8,26,8,10,62,62567,A26,50.785822,2.107943,Plein jour,Hors agglomération,Hors intersection,Normale,Sans collision,1,2,2,0,2,1,1,8,1,90,1,1,0,1,0,0,37.0,,deux_roues,,1,1,1,1,7
202200035283,2022-06-16 05:00:00,2022,6,16,5,0,30,30243,DE GAULLE (AVENUE),44.08553,4.07722,Nuit avec éclairage allumé,En agglomération,Intersection en X,Normale,Trois véhicules et plus - collisions multiples,3,2,2,0,1,1,1,0,1,50,3,3,0,0,0,3,35.0,49.0,voiture,voiture,5,2,2,1,5
202200035284,2022-04-08 15:05:00,2022,4,8,15,5,35,35238,SUISSE (DE),48.08619,-1.66762,Plein jour,En agglomération,Hors intersection,Pluie légère,Autre collision,6,-1,0,0,1,1,2,6,8,10,1,2,1,0,0,1,77.0,,voiture,,1,2,1,2,6
202200035285,2022-08-25 10:30:00,2022,8,25,10,30,06,06149,"A8, pk 201+000 en chaussée nord",43.732269,7.300229,Plein jour,Hors agglomération,Hors intersection,Normale,Sans collision,1,3,2,0,2,3,1,9,1,110,1,1,0,0,0,1,52.0,,deux_roues,,1,1,1,1,7
202200035286,2022-03-01 07:15:00,2022,3,1,7,15,57,57630,,48.714196,7.040616,Plein jour,Hors agglomération,Hors intersection,Normale,Deux véhicules - arrière,2,3,4,0,2,1,1,0,1,110,2,3,2,1,0,0,60.0,37.0,utilitaire_camion,utilitaire_camion,1,1,1,1,2
202200035287,2022-06-16 17:15:00,2022,6,16,17,15,27,27681,JAURES (BOULEVARD JAURES),49.094,1.46849,Plein jour,En agglomération,Giratoire,Normale,Deux véhicules - côté,4,2,2,0,1,1,1,0,1,50,2,2,1,0,0,1,12.0,64.0,deux_roues,voiture,1,2,6,1,3
202200035288,2022-04-08 16:00:00,2022,4,8,16,0,45,45208,232 Rue Emile Mengin,48.0064,2.74133,Plein jour,En agglomération,Hors intersection,Pluie légère,Deux véhicules - côté,3,2,2,0,1,1,2,0,1,50,2,2,1,0,0,1,65.0,49.0,deux_roues,voiture,1,2,1,2,3
202200035289,2022-03-01 09:35:00,2022,3,1,9,35,37,37226,d760,47.107512,0.595273,Plein jour,Hors agglomération,Hors intersection,Normale,Deux véhicules - côté,3,2,2,0,1,1,1,0,1,80,2,2,1,0,1,0,27.0,40.0,voiture,utilitaire_camion,1,1,1,1,3
202200035290,2022-08-26 04:54:00,2022,8,26,4,54,69,69206,Route Départementale 306,46.078024,4.726149,Nuit sans éclairage public,Hors agglomération,Hors intersection,Normale,Deux véhicules - côté,3,2,3,2,1,1,1,0,1,90,2,2,0,0,1,1,50.0,36.0,voiture,utilitaire_camion,3,1,1,1,3
202200035291,2022-06-16 21:25:00,2022,6,16,21,25,27,27701,Route de St-Étienne du Vauvray,49.23693,1.18945,Plein jour,Hors agglomération,Hors intersection,Normale,Autre collision,3,2,2,0,1,1,1,0,8,80,1,3,0,0,0,3,39.0,,voiture,,1,1,1,1,6
202200035292,2022-04-08 06:20:00,2022,4,8,6,20,95,95555,Rue d'ermont,48.9722124532,2.2783192992,Nuit avec éclairage allumé,En agglomération,Hors intersection,Pluie légère,Autre collision,4,2,2,0,1,1,2,0,1,50,1,2,1,0,1,0,55.0,,voiture,,5,2,1,2,6
202200035293,2022-02-28 21:15:00,2022,2,28,21,15,971,97131,Route de l Anse Rodrigue,15.863878,-61.580569,Nuit sans éclairage public,Hors agglomération,Hors intersection,Normale,Autre collision,4,2,2,0,2,3,1,0,3,30,1,1,0,0,1,0,40.0,,deux_roues,,3,1,1,1,6
202200035294,2022-06-15 20:20:00,2022,6,15,20,20,23,23096,POMMEIL (RUE DE),46.16389,1.87756,Plein jour,En agglomération,Hors intersection,Normale,Autre collision,4,2,2,0,2,1,1,0,1,50,1,1,0,1,0,0,18.0,,deux_roues,,1,2,1,1,6
202200035295,2022-02-28 22:05:00,2022,2,28,22,5,95,95351,RD 317,49.0380461247,2.5081551075,Nuit sans éclairage public,Hors agglomération,Giratoire,Normale,Autre collision,3,2,2,0,1,2,1,0,3,90,1,1,0,0,0,1,41.0,,voiture,,3,1,6,1,6
202200035296,2022-08-23 15:30:00,2022,8,23,15,30,987,98733,PK 20+550 RT1,-17.696,-149.548,Plein jour,En agglomération,Autre intersection,Pluie légère,Deux véhicules - côté,2,2,2,0,1,1,2,0,1,50,2,2,1,0,1,0,26.0,76.0,deux_roues,voiture,1,2,9,2,3
202200035297,2022-01-20 23:30:00,2022,1,20,23,30,95,95018,SAINT GRATIEN (ROUTE DE),48.9593508683,2.2794377804,Nuit avec éclairage allumé,En agglomération,Hors intersection,Normale,Sans collision,3,2,2,0,2,1,1,0,1,50,1,1,0,1,0,0,58.0,,deux_roues,,5,2,1,1,7
202200035298,2022-05-22 06:10:00,2022,5,22,6,10,21,21231,FONTAINE (DE) (RUE),47.33251,5.02689,Plein jour,En agglomération,Intersection en T,Normale,Deux véhicules - côté,4,2,2,0,2,1,1,0,1,50,2,2,1,0,1,0,24.0,20.0,deux_roues,voiture,1,2,3,1,3
202200035299,2022-02-28 16:30:00,2022,2,28,16,30,84,84119,avenue de la Gare,43.955186,4.932309,Plein jour,En agglomération,Hors intersection,Normale,Deux véhicules - frontale,4,1,2,1,1,1,1,9,1,20,1,2,1,0,1,0,39.0,,voiture,,1,2,1,1,1
202200035300,2022-04-08 20:55:00,2022,4,8,20,55,988,98818,AVENUE DE LA VICTOIRE H. LAFLEUR/RUE DE SEBASTOPOL,-22.27457,166.44375,Nuit avec éclairage allumé,En agglomération,Intersection en X,Normale,Deux véhicules - côté,4,3,5,0,1,1,1,5,1,50,2,4,3,0,1,0,37.0,25.0,deux_roues,voiture,5,2,2,1,3
202200035301,2022-02-25 16:10:00,2022,2,25,16,10,67,67336,D788,48.443849,7.700729,Plein jour,Hors agglomération,Hors intersection,Pluie légère,Autre collision,3,2,2,0,1,2,2,0,3,80,1,2,1,0,1,0,21.0,,voiture,,1,1,1,2,6
202200035302,2022-06-15 10:10:00,2022,6,15,10,10,21,21231,Fontaine,47.33251,5.02689,Plein jour,En agglomération,Intersection en X,Normale,Deux véhicules - côté,4,2,2,0,3,1,1,0,1,50,2,2,1,0,1,0,63.0,25.0,voiture,deux_roues,1,2,2,1,3
202200035303,2022-03-01 18:20:00,2022,3,1,18,20,88,88395,D32,48.354822,6.59849,Crépuscule ou aube,Hors agglomération,Hors intersection,Normale,Sans collision,3,2,2,0,3,1,1,0,3,80,1,1,0,0,0,1,29.0,,voiture,,2,1,1,1,7
202200035304,2022-04-09 00:20:00,2022,4,9,0,20,976,97611,cavani-Baobab (ront point ),-12.78594,45.22554,Nuit avec éclairage allumé,En agglomération,Hors intersection,Normale,Sans collision,3,2,2,0,1,1,1,0,4,50,1,2,0,0,0,2,27.0,,voiture,,5,2,1,1,7
202200035305,2022-05-04 16:50:00,2022,5,4,16,50,19,19272,Anne Vialle (Rue),45.26383,1.77017,Plein jour,En agglomération,Hors intersection,Normale,Autre collision,3,2,2,0,2,1,1,0,1,30,1,2,1,0,0,1,66.0,,voiture,,1,2,1,1,6
202200035306,2022-04-08 21:40:00,2022,4,8,21,40,974,97416,LORION (RUE LUC),-21.33748,55.46822,Nuit avec éclairage allumé,En agglomération,Autre intersection,Normale,Autre collision,4,3,2,0,1,1,1,5,1,50,1,1,0,0,0,1,19.0,,voiture,,5,2,9,1,6