accident_id,datetime,annee,mois,jour,heure,minute,departement,commune_insee,adresse,latitude,longitude,luminosite,agglomeration,intersection,meteo,collision,catr,circ,nbv,vosp,prof,plan,surf,infra,situ,vma,nb_vehicules,nb_usagers,nb_indemnes,nb_tues,nb_blesses_hosp,nb_blesses_legers,age_cond_1,age_cond_2,veh_type_cond_1,veh_type_cond_2,lum_code,agg_code,int_code,atm_code,col_code
202200035307,2022-06-16 01:06:00,2022,6,16,1,6,17,17300,CARNOT   AVENUE,46.16451,-1.1816,Nuit avec éclairage allumé,En agglomération,Giratoire,Normale,Sans collision,4,2,2,0,1,3,1,0,4,50,1,1,0,0,1,0,27.0,,deux_roues,,5,2,6,1,7
202200035308,2022-03-01 13:15:00,2022,3,1,13,15,03,03042,La Chalée,46.154092,3.645144,Plein jour,Hors agglomération,Hors intersection,Normale,Deux véhicules - côté,3,2,2,0,1,3,1,0,1,-1,2,2,1,0,0,1,29.0,77.0,voiture,voiture,1,1,1,1,3
202200035309,2022-06-14 11:50:00,2022,6,14,11,50,17,17449,JOLIOT CURIE RUE,45.946257,-0.891995,Plein jour,En agglomération,Intersection en T,Normale,Deux véhicules - frontale,3,2,2,0,1,1,1,0,1,50,2,2,0,0,1,0,57.0,,deux_roues,autre,1,2,3,1,1
202200035310,2022-04-08 18:40:00,2022,4,8,18,40,974,97411,MACE (ROUTE GABRIEL),-20.90517,55.50447,Nuit avec éclairage allumé,En agglomération,Giratoire,Normale,Trois véhicules et plus - collisions multiples,3,2,2,0,2,2,1,0,1,50,3,3,2,0,1,0,58.0,43.0,utilitaire_camion,voiture,5,2,6,1,5
202200035311,2022-02-28 14:40:00,2022,2,28,14,40,74,74056,1041 Route des Tines,45.947207,6.895019,Plein jour,Hors agglomération,Hors intersection,Normale,Deux véhicules - arrière,3,2,2,0,1,1,1,0,1,80,2,3,1,0,1,1,72.0,38.0,voiture,voiture,1,1,1,1,2
202200035312,2022-04-14 07:50:00,2022,4,14,7,50,17,17449,SAINTONGE AVENUE DE,45.94909,-0.90373,Crépuscule ou aube,En agglomération,Hors intersection,Normale,Deux véhicules - arrière,3,2,2,0,1,1,1,0,1,80,2,2,1,0,0,1,40.0,60.0,utilitaire_camion,deux_roues,2,2,1,1,2
202200035313,2022-04-08 11:00:00,2022,4,8,11,0,973,97302,MONTABO (ROUTE DE) 1,4.94481,-52.31412,Plein jour,En agglomération,Hors intersection,Normale,Deux véhicules - côté,3,2,2,0,1,1,1,0,1,50,2,3,2,0,0,1,41.0,42.0,voiture,deux_roues,1,2,1,1,3
202200035314,2022-03-01 16:50:00,2022,3,1,16,50,69,69297,Rue de Chassagne,45.588456,4.803933,Plein jour,En agglomération,Intersection en T,Normale,Deux véhicules - frontale,3,2,2,0,2,1,1,0,1,50,2,2,1,0,0,1,,64.0,voiture,voiture,1,2,3,1,1
202200035315,2022-06-16 18:15:00,2022,6,16,18,15,13,13117,GLACIERE (RUE DE LA ),43.42324,5.24114,Plein jour,En agglomération,Intersection en X,Normale,Deux véhicules - côté,7,2,2,0,1,1,1,0,1,50,2,3,1,0,1,1,54.0,54.0,transport_commun,voiture,1,2,2,1,3
202200035316,2022-04-08 18:00:00,2022,4,8,18,0,69,69388,Avenue Rockefeller,45.7393306125,4.8909893632,Plein jour,En agglomération,Hors intersection,Normale,Autre collision,4,2,2,3,2,1,1,0,5,50,1,1,0,0,0,1,55.0,,deux_roues,,1,2,1,1,6
202200035317,2022-03-01 07:45:00,2022,3,1,7,45,01,01049,,45.8481609641,5.047005415,Plein jour,En agglomération,Giratoire,Normale,Autre collision,3,1,2,0,1,1,1,0,1,50,1,2,1,0,0,1,48.0,,voiture,,1,2,6,1,6
202200035318,2022-06-16 21:00:00,2022,6,16,21,0,13,13208,CLOT BEY (AVENUE),43.2588765833,5.3847225331,Nuit avec éclairage allumé,En agglomération,Hors intersection,Normale,Deux véhicules - côté,4,2,2,0,1,3,1,0,1,50,2,2,1,0,0,1,,35.0,voiture,deux_roues,5,2,1,1,3
202200035319,2022-04-08 04:15:00,2022,4,8,4,15,971,97113,RN4 - SECTION RIVIERA,16.21851,-61.50157,Nuit avec éclairage non allumé,Hors agglomération,Hors intersection,Normale,Autre collision,2,2,3,0,1,1,1,0,8,70,1,2,0,0,1,1,27.0,,voiture,,4,1,1,1,6
202200035320,2022-02-28 08:56:00,2022,2,28,8,56,46,46102,D822,44.6087,2.015122,Plein jour,En agglomération,Hors intersection,Normale,Autre collision,3,2,2,0,1,1,1,0,1,50,1,2,1,0,1,0,71.0,,voiture,,1,2,1,1,6
202200035321,2022-06-16 14:40:00,2022,6,16,14,40,13,13209,MICHELET (BOULEVARD),43.25,5.4,Plein jour,En agglomération,Hors intersection,Normale,Deux véhicules - frontale,4,2,6,3,1,1,1,0,6,50,2,2,1,0,0,1,52.0,12.0,transport_commun,deux_roues,1,2,1,1,1
202200035322,2022-04-08 02:30:00,2022,4,8,2,30,971,97113,SECTEUR DAMPIERRE,16.21048,-61.47291,Nuit avec éclairage allumé,Hors agglomération,Hors intersection,Normale,Deux véhicules - frontale,2,2,2,0,1,1,1,9,1,70,2,2,0,0,1,1,44.0,32.0,voiture,voiture,5,1,1,1,1
202200035323,2022-06-16 09:30:00,2022,6,16,9,30,13,13209,Allée Emmanuel Chabrier,43.2395889488,5.3927552998,Plein jour,En agglomération,Hors intersection,Normale,Deux véhicules - côté,4,2,2,0,2,1,1,0,1,30,1,1,0,0,0,1,33.0,,deux_roues,,1,2,1,1,3
202200035324,2022-04-07 13:55:00,2022,4,7,13,55,95,95427,RD 193E,48.9768,2.35453,Plein jour,En agglomération,Intersection en X,Normale,Deux véhicules - côté,3,2,2,0,1,1,1,0,1,50,2,2,1,0,0,1,21.0,24.0,voiture,deux_roues,1,2,2,1,3
202200035325,2022-06-15 11:50:00,2022,6,15,11,50,11,11069,,43.2283,2.39614,Plein jour,En agglomération,Intersection en X,Normale,Deux véhicules - côté,4,2,2,0,1,1,1,0,1,50,2,2,1,0,0,1,39.0,26.0,voiture,voiture,1,2,2,1,3
202200035326,2022-02-26 15:50:00,2022,2,26,15,50,61,61085,D909,48.609051,-0.193934,Plein jour,Hors agglomération,Intersection en T,Normale,Deux véhicules - côté,3,3,2,0,1,1,1,0,1,90,2,6,5,0,0,1,55.0,71.0,voiture,voiture,1,1,3,1,3
202200035327,2022-04-08 18:58:00,2022,4,8,18,58,91,91421,REPUBLIQUE (AVENUE DE LA),48.70317,2.45844,Plein jour,En agglomération,Hors intersection,Pluie forte,Deux véhicules - arrière,6,-1, -1,0,2,1,2,0,1,30,2,2,1,0,0,1,42.0,64.0,deux_roues,voiture,1,2,1,3,2
202200035328,2022-06-16 08:25:00,2022,6,16,8,25,09,09122,20 (R.N.) COTE SUD DU TUNNEL,42.94658,1.622112,Plein jour,Hors agglomération,Autre intersection,Normale,Deux véhicules - côté,2,1,2,0,1,1,1,8,1,80,2,2,1,0,0,1,81.0,38.0,voiture,utilitaire_camion,1,1,9,1,3
202200035329,2022-02-28 16:55:00,2022,2,28,16,55,60,60678,D 205,49.244208,2.085305,Plein jour,Hors agglomération,Giratoire,Normale,Deux véhicules - frontale,3,2,2,0,1,1,1,0,1,80,2,2,0,0,0,2,24.0,64.0,voiture,voiture,1,1,6,1,1
202200035330,2022-06-16 05:05:00,2022,6,16,5,5,06,06069,SIDI BRAHIM (AVENUE),43.649773,6.931675,Nuit avec éclairage allumé,En agglomération,Giratoire,Normale,Deux véhicules - frontale,4,2,2,0,1,1,1,0,1,50,2,2,1,0,0,1,37.0,33.0,deux_roues,voiture,5,2,6,1,1
202200035331,2022-04-08 20:05:00,2022,4,8,20,5,91,91433,R.D.20,48.46563,2.1821,Nuit sans éclairage public,Hors agglomération,Hors intersection,Pluie forte,Sans collision,3,1,2,0,1,1,2,0,3,80,1,3,0,0,0,3,25.0,,voiture,,3,1,1,3,7
202200035332,2022-02-28 06:45:00,2022,2,28,6,45,13,13071,A55 - Sens Marseille vers Martigues,43.3722414868,5.320638098,Crépuscule ou aube,Hors agglomération,Hors intersection,Normale,Deux véhicules - côté,1,1,3,0,3,1,1,0,1,90,2,2,1,0,0,1,25.0,33.0,utilitaire_camion,voiture,2,1,1,1,3
202200035333,2022-04-08 18:15:00,2022,4,8,18,15,91,91223,R.D.20,48.42423,2.14187,Plein jour,Hors agglomération,Hors intersection,Pluie forte,Deux véhicules - côté,3,1,2,0,2,1,2,0,1,80,2,2,1,0,0,1,57.0,49.0,voiture,utilitaire_camion,1,1,1,3,3
202200035334,2022-06-16 08:25:00,2022,6,16,8,25,05,05061,COMMANDANT DUMONT ( AVENUE),44.56267,6.08403,Plein jour,En agglomération,Hors intersection,Normale,Deux véhicules - arrière,2,2,3,0,1,1,1,0,1,50,2,3,1,0,0,2,46.0,48.0,voiture,voiture,1,2,1,1,2
202200035335,2022-04-08 01:27:00,2022,4,8,1,27,87,87085,CARNOT (BOULEVARD),45.83204,1.26171,Nuit avec éclairage allumé,En agglomération,Hors intersection,Pluie forte,Autre collision,4,4,4,3,1,1,2,0,1,50,1,2,1,0,1,0,20.0,,voiture,,5,2,1,3,6
202200035336,2022-06-16 18:20:00,2022,6,16,18,20,04,04070,RD 19 - Av du 8 mai 1945,44.0898,6.23831,Plein jour,En agglomération,Hors intersection,Normale,Autre collision,3,2,2,0,1,1,1,0,1,50,1,2,1,0,1,0,25.0,,voiture,,1,2,1,1,6
202200035337,2022-06-13 15:45:00,2022,6,13,15,45,04,04070,RP 11 nov. 1918,44.09106,6.23154,Plein jour,En agglomération,Giratoire,Normale,Deux véhicules - côté,4,1,2,0,1,3,1,5,8,50,2,2,1,0,1,0,16.0,70.0,deux_roues,voiture,1,2,6,1,3
202200035338,2022-02-27 07:00:00,2022,2,27,7,0,62,62907, A1,50.49012,2.99026,Crépuscule ou aube,Hors agglomération,Hors intersection,Normale,Deux véhicules - arrière,1,-1,4,0,1,1,1,0,1,130,2,4,2,0,2,0,22.0,42.0,voiture,voiture,2,1,1,1,2
202200035339,2022-04-08 21:35:00,2022,4,8,21,35,78,78146,Boulevard de la République,48.891718,2.150475,Nuit avec éclairage allumé,En agglomération,Intersection en T,Pluie légère,Deux véhicules - arrière,4,2,2,0,1,1,2,0,1,50,2,2,1,0,0,1,64.0,22.0,voiture,deux_roues,5,2,3,2,2
202200035340,2022-06-16 17:00:00,2022,6,16,17,0,01,01053,STAND ( RUE DU ),46.191925,5.232178,Plein jour,En agglomération,Intersection en X,Normale,Deux véhicules - côté,3,2,2,2,1,1,1,0,1,50,2,2,1,0,0,1,,41.0,voiture,utilitaire_camion,1,2,2,1,3
202200035341,2022-04-07 14:10:00,2022,4,7,14,10,78,78015,SEINE (QUAI DE),48.970308,2.050183,Plein jour,En agglomération,Hors intersection,Pluie légère,Sans collision,4,1,1,0,1,1,2,0,8,30,1,1,0,1,0,0,71.0,,voiture,,1,2,1,2,7
202200035342,2022-06-16 07:35:00,2022,6,16,7,35,01,01451,Route de Marboz,46.2390614941,5.228805542,Plein jour,Hors agglomération,Giratoire,Normale,Deux véhicules - côté,3,2,2,0,1,1,1,0,1,50,2,2,1,0,0,1,54.0,53.0,deux_roues,voiture,1,1,6,1,3
202200035343,2022-04-07 08:30:00,2022,4,7,8,30,77,77058,D35,48.83827,2.70576,Plein jour,En agglomération,Hors intersection,Pluie légère,Deux véhicules - arrière,3,2,2,0,1,1,2,9,1,50,2,2,1,0,0,1,35.0,48.0,voiture,voiture,1,2,1,2,2
202200035344,2022-06-16 10:34:00,2022,6,16,10,34,75,75115,PORTE DE SEVRES,48.83478,2.266797,Plein jour,En agglomération,Hors intersection,Normale,Trois véhicules et plus - en chaîne,4,1,4,0,1,1,1,0,1,70,3,3,2,0,0,1,70.0,45.0,voiture,deux_roues,1,2,1,1,4
202200035345,2022-06-15 23:00:00,2022,6,15,23,0,75,75120,ECHANGEUR BAGNOLET,48.862608,2.413553,Nuit avec éclairage allumé,En agglomération,Hors intersection,Normale,Deux véhicules - côté,4,3,4,0,1,2,1,0,1,70,2,3,2,0,0,1,,24.0,voiture,voiture,5,2,1,1,3
202200035346,2022-04-08 14:40:00,2022,4,8,14,40,76,76410,Cote de la Valette,49.48823,1.03002,Plein jour,Hors agglomération,Hors intersection,Pluie forte,Trois véhicules et plus - collisions multiples,7,2,2,0,1,1,2,0,1,80,3,7,1,0,1,5,50.0,70.0,voiture,voiture,1,1,1,3,5
202200035347,2022-06-15 02:42:00,2022,6,15,2,42,75,75117,PORTE DE CHAMPERRET,48.888292,2.292175,Nuit avec éclairage allumé,En agglomération,Hors intersection,Normale,Deux véhicules - arrière,4,1,4,0,1,3,1,0,1,70,2,2,1,0,0,1,19.0,37.0,voiture,deux_roues,5,2,1,1,2
202200035348,2022-06-16 20:45:00,2022,6,16,20,45,75,75119,RUE MANIN,48.884017,2.390473,Plein jour,En agglomération,Intersection en T,Normale,Autre collision,4,2,2,0,1,1,1,0,1,30,1,2,1,0,0,1,50.0,,voiture,,1,2,3,1,6
202200035349,2022-04-07 23:10:00,2022,4,7,23,10,76,76351,VERDUN (RUE DE),49.50204,0.15731,Nuit avec éclairage allumé,En agglomération,Intersection en T,Normale,Autre collision,3,2,3,2,1,1,1,0,1,50,2,3,1,0,0,2,29.0,22.0,voiture,voiture,5,2,3,1,6
202200035350,2022-06-16 15:00:00,2022,6,16,15,0,75,75119,RUE DE BELLEVILLE,48.877158,2.406536,Plein jour,En agglomération,Intersection en X,Normale,Autre collision,4,2,2,0,1,1,1,0,1,30,1,2,1,0,0,1,17.0,,deux_roues,,1,2,2,1,6
202200035351,2022-04-07 14:30:00,2022,4,7,14,30,76,76341,LUCIE AUBRAC (RUE),49.50684,0.20595,Plein jour,En agglomération,Hors intersection,Normale,Deux véhicules - frontale,4,2,2,0,1,1,1,0,1,50,2,3,2,0,0,1,43.0,21.0,voiture,voiture,1,2,1,1,1
202200035352,2022-06-16 07:45:00,2022,6,16,7,45,75,75119,RUE DE CAMBRAI,48.896067,2.38025,Crépuscule ou aube,En agglomération,Hors intersection,Normale,Autre collision,4,1,1,0,1,1,1,0,1,30,1,2,1,0,0,1,33.0,,voiture,,2,2,1,1,6
202200035353,2022-04-08 08:00:00,2022,4,8,8,0,74,74012,ARVE (QUAI D'),46.18451,6.22876,Plein jour,En agglomération,Intersection en T,Pluie légère,Deux véhicules - arrière,4,2,2,0,1,1,2,0,1,50,2,2,1,0,0,1,35.0,41.0,voiture,deux_roues,1,2,3,2,2
202200035354,2022-06-15 20:57:00,2022,6,15,20,57,75,75119,QUAI DE L OISE,48.888816,2.379737,Plein jour,En agglomération,Intersection en T,Normale,Autre collision,4,1,2,0,1,1,1,0,1,30,1,2,1,0,0,1,,,deux_roues,,1,2,3,1,6
202200035355,2022-04-08 16:30:00,2022,4,8,16,30,72,72003,ANJOU (BD D'),47.96489,0.16214,Plein jour,En agglomération,Hors intersection,Pluie légère,Autre collision,4,2,2,0,1,1,2,0,1,50,1,2,1,0,0,1,45.0,,voiture,,1,2,1,2,6
202200035356,2022-06-15 16:00:00,2022,6,15,16,0,75,75116,AVENUE DU MAHATMA GANDHI,48.875853,2.262207,Plein jour,En agglomération,Intersection en X,Normale,Autre collision,4,2,2,0,1,1,1,0,1,50,1,1,0,0,0,1,78.0,,voiture,,1,2,2,1,6
202200035357,2022-04-05 08:52:00,2022,4,5,8,52,72,72181,CUGNOT NICOLAS (BD),47.99243,0.22539,Plein jour,En agglomération,Intersection en T,Normale,Deux véhicules - côté,4,3,4,0,1,1,2,0,1,70,2,2,0,0,0,2,51.0,19.0,voiture,voiture,1,2,3,1,3
202200035358,2022-06-16 18:25:00,2022,6,16,18,25,75,75115,RUE LECOURBE,48.844399,2.308755,Plein jour,En agglomération,Intersection en T,Temps éblouissant,Autre collision,4,2,3,1,1,1,1,-1,5,30,1,2,1,0,0,1,20.0,,deux_roues,,1,2,3,7,6
202200035359,2022-04-07 16:45:00,2022,4,7,16,45,71,71445,VILLENEUVE (RUE DE LA),46.7728,4.89303,Plein jour,En agglomération,Hors intersection,Pluie légère,Autre collision,4,-1,2,0,1,1,2,0,1,30,1,2,1,0,0,1,32.0,,voiture,,1,2,1,2,6
202200035360,2022-06-16 10:42:00,2022,6,16,10,42,75,75114,BOULEVARD ARAGO,48.834604,2.336993,Plein jour,En agglomération,Intersection en X,Normale,Autre collision,4,2,4,0,1,1,1,0,1,30,1,1,0,0,0,1,89.0,,voiture,,1,2,2,1,6
202200035361,2022-06-16 09:00:00,2022,6,16,9,0,75,75114,BOULEVARD DE PORT ROYAL,48.838857,2.339671,Plein jour,En agglomération,Intersection en X,Normale,Sans collision,4,2,4,3,1,1,1,-1,6,30,1,1,0,0,0,1,53.0,,deux_roues,,1,2,2,1,7
202200035362,2022-04-07 23:00:00,2022,4,7,23,0,69,69256,Avenue Garibaldi,45.76716,4.93279,Nuit avec éclairage allumé,En agglomération,Intersection en X,Normale,Deux véhicules - côté,7,3,4,0,1,1,1,5,1,50,2,3,1,0,0,2,27.0,23.0,voiture,voiture,5,2,2,1,3
202200035363,2022-06-16 15:45:00,2022,6,16,15,45,75,75113,BOULEVARD ARAGO,48.834873,2.343039,Plein jour,En agglomération,Hors intersection,Normale,Deux véhicules - côté,4,2,2,0,2,1,1,0,1,30,2,2,1,0,0,1,45.0,26.0,voiture,deux_roues,1,2,1,1,3
202200035364,2022-04-07 15:25:00,2022,4,7,15,25,69,69266,Route de Genas,45.75135,4.90624,Plein jour,En agglomération,Hors intersection,Pluie légère,Deux véhicules - côté,7,2,3,2,1,1,2,0,1,50,2,2,1,0,0,1,71.0,16.0,utilitaire_camion,deux_roues,1,2,1,2,3
202200035365,2022-06-16 17:40:00,2022,6,16,17,40,75,75112,RUE DE PICPUS,48.840584,2.399346,Plein jour,En agglomération,Intersection en T,Normale,Autre collision,4,2,2,0,1,1,1,0,1,30,1,2,1,0,0,1,50.0,,voiture,,1,2,3,1,6
202200035366,2022-04-07 22:00:00,2022,4,7,22,0,68,68224,WERNER (RUE ALFRED),47.7334606872,7.3141951568,Nuit avec éclairage allumé,En agglomération,Hors intersection,Pluie légère,Autre collision,3,2,2,0,2,3,2,9,1,30,1,3,0,1,0,2,23.0,,voiture,,5,2,1,2,6
202200035367,2022-06-16 13:45:00,2022,6,16,13,45,75,75112,RUE DE LA VEGA,48.838978,2.404861,Plein jour,En agglomération,Hors intersection,Normale,Deux véhicules - arrière,4,2,2,0,1,1,1,0,1,30,2,2,1,0,0,1,33.0,16.0,utilitaire_camion,deux_roues,1,2,1,1,2
202200035368,2022-04-08 17:48:00,2022,4,8,17,48,64,64335,D817,43.33824,-0.46267,Plein jour,Hors agglomération,Hors intersection,Temps couvert,Deux véhicules - frontale,3,2,2,0,1,1,1,0,1,70,2,2,0,0,1,1,28.0,28.0,utilitaire_camion,voiture,1,1,1,8,1
202200035369,2022-06-15 23:25:00,2022,6,15,23,25,75,75112,RUE DE BERCY,48.842114,2.376447,Nuit avec éclairage allumé,En agglomération,Intersection en X,Normale,Deux véhicules - côté,4,2,2,0,1,1,1,0,1,30,2,4,3,0,0,1,33.0,28.0,voiture,voiture,5,2,2,1,3
202200035370,2022-04-08 16:30:00,2022,4,8,16,30,64,64373,D 802,43.28446,-0.3534,Plein jour,Hors agglomération,Hors intersection,Normale,Deux véhicules - frontale,3,2,2,0,1,3,1,2,1,70,2,2,1,0,0,1,68.0,50.0,voiture,voiture,1,1,1,1,1
202200035371,2022-06-16 17:45:00,2022,6,16,17,45,75,75112,AVENUE DE GRAVELLE,48.818469,2.451517,Plein jour,En agglomération,Intersection en T,Normale,Deux véhicules - côté,4,2,2,0,1,1,1,0,1,30,2,2,1,0,0,1,61.0,21.0,deux_roues,voiture,1,2,3,1,3
202200035372,2022-03-24 13:40:00,2022,3,24,13,40,63,63113,AULTERIBE (RUE),45.81237,3.12895,Plein jour,En agglomération,Hors intersection,Normale,Trois véhicules et plus - en chaîne,4,2,2,0,1,1,1,0,1,30,3,3,2,0,0,1,43.0,,utilitaire_camion,voiture,1,2,1,1,4
202200035373,2022-06-16 10:35:00,2022,6,16,10,35,75,75111,RUE DE CHARONNE,48.853329,2.376982,Plein jour,En agglomération,Intersection en Y,Normale,Autre collision,4,2,2,0,1,1,1,0,1,30,1,2,1,0,0,1,33.0,,deux_roues,,1,2,4,1,6
202200035374,2022-04-08 05:58:00,2022,4,8,5,58,63,63113,SAINT JEAN (BD),45.78326,3.11844,Nuit avec éclairage allumé,En agglomération,Hors intersection,Normale,Deux véhicules - côté,7,3,4,0,1,1,1,0,1,50,2,2,0,0,0,2,56.0,19.0,utilitaire_camion,voiture,5,2,1,1,3
202200035375,2022-06-16 21:00:00,2022,6,16,21,0,75,75110,RUE CIVIALE,48.872531,2.376167,Crépuscule ou aube,En agglomération,Intersection en T,Normale,Deux véhicules - côté,4,2,2,1,1,1,1,-1,5,30,2,2,1,0,0,1,23.0,27.0,voiture,deux_roues,2,2,3,1,3
202200035376,2022-04-07 14:50:00,2022,4,7,14,50,63,63113,BONNABAUD (RUE),45.77584,3.07914,Plein jour,En agglomération,Intersection en T,Normale,Deux véhicules - côté,4,2,2,0,1,1,1,0,1,30,2,2,1,0,0,1,23.0,20.0,deux_roues,voiture,1,2,3,1,3
202200035377,2022-06-16 17:45:00,2022,6,16,17,45,75,75110,BOULEVARD DE MAGENTA,48.8731822877,2.3588392138,Plein jour,En agglomération,Intersection en Y,Normale,Sans collision,4,2,4,1,1,1,1,-1,5,30,1,1,0,0,0,1,29.0,,deux_roues,,1,2,4,1,7
202200035378,2022-04-08 06:00:00,2022,4,8,6,0,59,59350,BAILLEUX EDMOND RUE,50.6278488135,3.0344384908,Nuit avec éclairage allumé,En agglomération,Hors intersection,Normale,Autre collision,4,1,1,0,1,2,1,0,1,50,1,1,0,0,0,1,21.0,,voiture,,5,2,1,1,6
202200035379,2022-06-16 09:33:00,2022,6,16,9,33,75,75110,RUE DU FAUBOURG SAINT MARTIN,48.877832,2.361609,Plein jour,En agglomération,Intersection en T,Normale,Deux véhicules - côté,4,2,3,0,1,1,1,0,1,30,2,3,1,0,0,2,57.0,34.0,deux_roues,voiture,1,2,3,1,3
202200035380,2022-04-07 19:00:00,2022,4,7,19,0,59,59009,POINCARE HENRI AVENUE,50.60434,3.13825,Plein jour,En agglomération,Hors intersection,Normale,Deux véhicules - arrière,4,3,6,0,1,1,1,0,1,50,2,2,1,0,0,1,,56.0,voiture,voiture,1,2,1,1,2
202200035381,2022-06-16 16:45:00,2022,6,16,16,45,75,75108,RUE DE TURIN,48.879764,2.325308,Plein jour,En agglomération,Hors intersection,Normale,Deux véhicules - côté,4,1,1,0,2,1,1,0,1,30,2,3,2,0,0,1,24.0,52.0,voiture,deux_roues,1,2,1,1,3
202200035382,2022-04-07 14:00:00,2022,4,7,14,0,56,56098,TRUDAINE (RUE  DANIEL ),47.77592,-3.33866,Plein jour,En agglomération,Hors intersection,Normale,Trois véhicules et plus - en chaîne,3,2,2,0,1,1,1,0,1,50,3,3,2,0,0,1,40.0,33.0,voiture,voiture,1,2,1,1,4
202200035383,2022-06-16 21:05:00,2022,6,16,21,5,75,75103,RUE DE TURBIGO,48.866866,2.361938,Crépuscule ou aube,En agglomération,Intersection en T,Normale,Deux véhicules - côté,4,1,2,1,1,1,1,-1,5,30,2,2,1,0,0,1,56.0,40.0,deux_roues,deux_roues,2,2,3,1,3
202200035384,2022-04-08 15:50:00,2022,4,8,15,50,51,51454,rue des Essillards,49.23344,4.04896,Plein jour,En agglomération,Hors intersection,Pluie forte,Deux véhicules - frontale,4,2,2,0,2,1,2,0,1,50,2,2,1,0,0,1,38.0,41.0,voiture,utilitaire_camion,1,2,1,3,1
202200035385,2022-06-16 19:20:00,2022,6,16,19,20,75,75102,AVENUE DE L OPERA,48.867508,2.333711,Plein jour,En agglomération,Intersection en X,Normale,Deux véhicules - côté,4,2,4,0,1,1,1,0,1,30,2,2,1,0,0,1,65.0,46.0,voiture,deux_roues,1,2,2,1,3
202200035386,2022-04-08 14:15:00,2022,4,8,14,15,51,51454,avenue de l'Europe,49.2525170455,4.0623933077,Plein jour,En agglomération,Hors intersection,Pluie forte,Sans collision,4,3,2,0,1,1,2,0,1,50,1,2,1,0,0,1,74.0,,voiture,,1,2,1,3,7
202200035387,2022-06-16 13:55:00,2022,6,16,13,55,94,94081,STALINGRAD (BD DE),48.799335,2.381112,Plein jour,En agglomération,Hors intersection,Normale,Deux véhicules - côté,3,1,2,0,1,1,1,0,1,50,2,2,1,0,0,1,45.0,25.0,utilitaire_camion,deux_roues,1,2,1,1,3
202200035388,2022-04-07 17:20:00,2022,4,7,17,20,51,51454,Coulée verte de Reims,49.2847605545,3.9966349304,Plein jour,Hors agglomération,Hors intersection,Normale,Sans collision,4,2,1,3,1,1,1,0,8,30,1,2,1,0,0,1,64.0,,deux_roues,,1,1,1,1,7
202200035389,2022-06-16 17:44:00,2022,6,16,17,44,94,94044,VERDUN (AV DE),48.750315,2.48297,Plein jour,En agglomération,Hors intersection,Normale,Deux véhicules - arrière,3,2,1,0,1,1,1,0,1,50,2,2,1,0,0,1,22.0,62.0,deux_roues,voiture,1,2,1,1,2
202200035390,2022-04-08 03:20:00,2022,4,8,3,20,50,50502,RN 174 (2x2) rp de La Liberté-Rocreuil,49.109302,-1.120279,Nuit sans éclairage public,Hors agglomération,Hors intersection,Pluie légère,Deux véhicules - frontale,2,3,4,0,2,2,2,0,1,110,2,3,0,2,1,0,38.0,34.0,voiture,voiture,3,1,1,2,1
202200035391,2022-06-16 09:20:00,2022,6,16,9,20,94,94068,BAC - PONT DE CHENNEVIERES (AV DU),48.79,2.5208,Plein jour,En agglomération,Intersection en X,Normale,Deux véhicules - côté,3,2,2,0,1,1,1,0,1,30,2,2,1,0,0,1,26.0,28.0,deux_roues,deux_roues,1,2,2,1,3
202200035392,2022-04-06 06:00:00,2022,4,6,6,0,45,45338,61 Rue du Vieux Bourg,47.9828633951,2.7237676978,Nuit avec éclairage allumé,En agglomération,Hors intersection,Normale,Sans collision,3,2,2,0,1,1,1,0,1,50,1,1,0,0,0,1,24.0,,deux_roues,,5,2,1,1,7
202200035393,2022-06-14 23:30:00,2022,6,14,23,30,94,94042,BARRAGE (QU DU),48.816303,2.47197,Nuit sans éclairage public,En agglomération,Intersection en T,Normale,Deux véhicules - arrière,3,2,2,0,1,1,1,0,1,50,2,2,1,0,0,1,32.0,54.0,voiture,voiture,3,2,3,1,2
202200035394,2022-06-16 17:50:00,2022,6,16,17,50,94,94043,VOLTAIRE (R),48.81585,2.36356,Plein jour,En agglomération,Hors intersection,Normale,Deux véhicules - arrière,4,2,2,0,1,1,1,0,1,50,2,2,1,0,0,1,37.0,23.0,deux_roues,voiture,1,2,1,1,2
202200035395,2022-04-06 16:32:00,2022,4,6,16,32,38,38169,BOULEVARD JOLIOT-CURIE,45.20128,5.69003,Plein jour,En agglomération,Hors intersection,Normale,Autre collision,4,2,1,2,1,1,1,0,1,30,2,7,1,1,2,3,55.0,18.0,transport_commun,voiture,1,2,1,1,6
202200035396,2022-06-16 09:20:00,2022,6,16,9,20,94,94043,GABRIEL PERI (R),48.8061,2.3459,Plein jour,En agglomération,Autre intersection,Normale,Deux véhicules - frontale,3,1,2,0,1,1,1,5,1,50,2,3,0,0,0,3,22.0,22.0,deux_roues,deux_roues,1,2,9,1,1
202200035397,2022-04-08 07:37:00,2022,4,8,7,37,37,37261,CHURCHILL (BOULEVARD WINSTON),47.37359,0.68093,Crépuscule ou aube,En agglomération,Hors intersection,Pluie légère,Deux véhicules - arrière,4,2,4,0,1,1,2,0,1,50,2,2,1,0,0,1,59.0,19.0,voiture,voiture,2,2,1,2,2
202200035398,2022-06-14 20:20:00,2022,6,14,20,20,94,94041,MAURICE GRANDCOING (R),48.813,2.39325,Plein jour,En agglomération,Hors intersection,Normale,Deux véhicules - côté,4,1, -1,0,1,1,1,9,1,50,2,3,2,0,1,0,21.0,29.0,deux_roues,voiture,1,2,1,1,3
202200035399,2022-04-07 16:45:00,2022,4,7,16,45,37,37261,POMPIDOU (AVENUE GEORGES),47.3777238105,0.7143849134,Plein jour,En agglomération,Hors intersection,Normale,Sans collision,4,1,2,0,1,1,2,0,1,50,1,1,0,0,0,1,64.0,,deux_roues,,1,2,1,1,7