accident_id,datetime,annee,mois,jour,heure,minute,departement,commune_insee,adresse,latitude,longitude,luminosite,agglomeration,intersection,meteo,collision,catr,circ,nbv,vosp,prof,plan,surf,infra,situ,vma,nb_vehicules,nb_usagers,nb_indemnes,nb_tues,nb_blesses_hosp,nb_blesses_legers,age_cond_1,age_cond_2,veh_type_cond_1,veh_type_cond_2,lum_code,agg_code,int_code,atm_code,col_code
202200035400,2022-06-15 20:00:00,2022,6,15,20,0,94,94038,COSARDE (R DE LA),48.77989,2.32519,Plein jour,En agglomération,Intersection en X,Normale,Deux véhicules - frontale,4,2,2,0,1,1,1,0,1,50,1,2,1,0,0,1,38.0,,voiture,,1,2,2,1,1
202200035401,2022-04-04 19:35:00,2022,4,4,19,35,35,35093,Rue des Anciens Combattants,48.623537406,-2.0589818359,Plein jour,En agglomération,Giratoire,Temps couvert,Deux véhicules - côté,3,1,1,0,1,3,2,0,1,30,2,2,1,0,1,0,64.0,35.0,voiture,deux_roues,1,2,6,8,3
202200035402,2022-06-16 18:20:00,2022,6,16,18,20,94,94033,Boulevard de Verdun / Rue Edouard Maury,48.85479,2.46841,Plein jour,En agglomération,Intersection en T,Normale,Autre collision,3,2,2,0,1,1,1,0,1,30,2,2,1,0,0,1,,41.0,autre,deux_roues,1,2,3,1,6
202200035403,2022-04-08 20:30:00,2022,4,8,20,30,35,35238,SALLE (BLD JEAN BAPTISTE DE LA),48.11634,-1.70783,Crépuscule ou aube,En agglomération,Intersection en T,Normale,Deux véhicules - côté,4,2,2,2,1,1,1,5,1,50,2,3,2,0,0,1,25.0,,voiture,voiture,2,2,3,1,3
202200035404,2022-06-15 16:30:00,2022,6,15,16,30,94,94028,Rue Juliette Savar / Rue Henri Cardinaud,48.78186,2.46466,Plein jour,En agglomération,Intersection en T,Normale,Deux véhicules - frontale,4,2,2,0,1,1,1,5,1,50,2,2,1,0,0,1,41.0,42.0,deux_roues,voiture,1,2,3,1,1
202200035405,2022-04-08 19:10:00,2022,4,8,19,10,34,34172,JOUHAUX (AVENUE LEON),43.6073,3.82096,Plein jour,Hors agglomération,Hors intersection,Normale,Deux véhicules - côté,7,2,2,0,1,2,1,3,1,50,2,2,0,0,0,2,41.0,37.0,voiture,voiture,1,1,1,1,3
202200035406,2022-06-15 14:04:00,2022,6,15,14,4,94,94028,Rue de Falkirk / Square des Griffons,48.7714073901,2.4603715785,Plein jour,En agglomération,Intersection en T,Normale,Autre collision,4,2,2,0,1,1,1,0,1,30,1,2,1,0,0,1,32.0,,deux_roues,,1,2,3,1,6
202200035407,2022-04-08 20:30:00,2022,4,8,20,30,33,33249,Parking centre commercial,44.86581,-0.51483,Nuit sans éclairage public,En agglomération,Hors intersection,Pluie forte,Deux véhicules - frontale,6,-1, -1,0,1,2,2,8,1,30,2,2,1,0,0,1,64.0,43.0,voiture,voiture,3,2,1,3,1
202200035408,2022-04-06 19:20:00,2022,4,6,19,20,31,31555,STRASBOURG (BD DE) DU 1AU 33,43.60614,1.44801,Plein jour,En agglomération,Hors intersection,Normale,Autre collision,4,2,2,0,1,1,1,0,1,50,1,2,1,0,0,1,34.0,,deux_roues,,1,2,1,1,6
202200035409,2022-06-16 18:30:00,2022,6,16,18,30,94,94022,Avenue du 8 Mai 1945,48.76666,2.41069,Plein jour,En agglomération,Hors intersection,Normale,Deux véhicules - côté,3,2,2,0,1,1,1,0,8,30,2,2,1,0,0,1,40.0,40.0,deux_roues,voiture,1,2,1,1,3
202200035410,2022-04-05 09:10:00,2022,4,5,9,10,31,31555,VERDIER (ALL FORAIN FRANCOIS) DU 3AU 29,43.59848,1.45221,Plein jour,En agglomération,Hors intersection,Normale,Trois véhicules et plus - en chaîne,4,1,3,0,1,1,1,0,1,50,3,3,2,0,0,1,62.0,43.0,voiture,voiture,1,2,1,1,4
202200035411,2022-06-15 23:10:00,2022,6,15,23,10,94,94077,Avenue le Foll / Rue Raoul Delattre,48.7274373527,2.4372857597,Nuit avec éclairage allumé,En agglomération,Intersection en T,Normale,Deux véhicules - frontale,3,3,3,3,1,1,1,0,8,50,2,2,1,0,1,0,34.0,29.0,voiture,deux_roues,5,2,3,1,1
202200035412,2022-04-08 16:10:00,2022,4,8,16,10,31,31483,FRANCOIS MITTERAND ( AVENUE),43.110538,0.735701,Plein jour,En agglomération,Hors intersection,Normale,Deux véhicules - côté,3,2,2,1,1,1,1,0,1,50,2,2,1,0,0,1,70.0,17.0,voiture,deux_roues,1,2,1,1,3
202200035413,2022-06-16 21:27:00,2022,6,16,21,27,93,93073,Rue d'Alsace / Avenue Roger Salengro,48.94281,2.57702,Plein jour,En agglomération,Intersection en X,Normale,Deux véhicules - côté,4,2,2,0,1,1,1,0,1,50,2,2,1,0,0,1,27.0,25.0,voiture,voiture,1,2,2,1,3
202200035414,2022-04-08 16:05:00,2022,4,8,16,5,25,25056,KENNEDY  BOULEVARD J.F.,47.23476,5.98447,Plein jour,En agglomération,Intersection en T,Pluie forte,Deux véhicules - côté,4,3,4,1,4,1,2,5,1,50,2,2,1,0,0,1,39.0,23.0,voiture,voiture,1,2,3,3,3
202200035415,2022-06-16 09:00:00,2022,6,16,9,0,93,93039,Rue Berthelot / Rue Arnold Géraux,48.941491,2.336468,Plein jour,En agglomération,Intersection en T,Normale,Deux véhicules - côté,4,2,2,0,1,1,1,0,1,50,2,2,0,0,0,2,54.0,20.0,voiture,voiture,1,2,3,1,3
202200035416,2022-06-16 09:10:00,2022,6,16,9,10,93,93066,Boulevard de la Libération,48.92826,2.34127,Plein jour,En agglomération,Hors intersection,Temps éblouissant,Deux véhicules - arrière,3,2,4,0,1,1,1,0,1,50,2,2,1,0,0,1,39.0,30.0,deux_roues,voiture,1,2,1,7,2
202200035417,2022-04-07 12:38:00,2022,4,7,12,38,21,21231,MONTCHAPET (DE) (RUE),47.3288695365,5.0357996605,Plein jour,En agglomération,Intersection en T,Pluie légère,Deux véhicules - arrière,4,2,2,0,2,1,2,0,1,50,2,4,2,0,1,1,31.0,64.0,voiture,voiture,1,2,3,2,2
202200035418,2022-06-15 16:00:00,2022,6,15,16,0,93,93066,Rue Gaston Dourdin,48.94190357,2.3509642482,Plein jour,En agglomération,Hors intersection,Normale,Autre collision,4,1,1,2,1,1,1,0,1,30,1,2,1,0,0,1,19.0,,voiture,,1,2,1,1,6
202200035419,2022-04-08 21:10:00,2022,4,8,21,10,16,16113,BORDEAUX RD 910 (ROUTE DE),45.6106176677,0.0955376029,Crépuscule ou aube,En agglomération,Hors intersection,Normale,Deux véhicules - côté,3,2,2,0,1,1,1,0,1,50,2,2,1,0,1,0,22.0,16.0,voiture,deux_roues,2,2,1,1,3
202200035420,2022-06-16 15:20:00,2022,6,16,15,20,93,93077,Route de Noisy / Rue de la Fosse aux Bergers,48.88321,2.49706,Plein jour,En agglomération,Intersection en X,Normale,Trois véhicules et plus - collisions multiples,3,1,3,0,1,1,1,0,1,50,3,3,2,0,0,1,20.0,38.0,voiture,deux_roues,1,2,2,1,5
202200035421,2022-04-07 00:40:00,2022,4,7,0,40,14,14715,D513,49.36512,0.08395,Nuit avec éclairage allumé,En agglomération,Intersection en Y,Temps couvert,Autre collision,3,2,2,0,2,3,2,0,1,50,1,2,0,1,1,0,20.0,,voiture,,5,2,4,8,6
202200035422,2022-06-16 20:20:00,2022,6,16,20,20,93,93048,Rue des Ruffins / Rue Victor Hugo,48.861514,2.481517,Plein jour,En agglomération,Giratoire,Normale,Deux véhicules - frontale,3,2,2,0,1,1,1,0,1,30,2,2,1,0,0,1,29.0,36.0,utilitaire_camion,deux_roues,1,2,6,1,1
202200035423,2022-06-16 13:20:00,2022,6,16,13,20,93,93048,Rue Marceau / Rue Cuvier,48.850701,2.426343,Plein jour,En agglomération,Intersection en X,Normale,Autre collision,4,1,1,2,1,1,1,0,1,50,1,2,1,0,0,1,33.0,,voiture,,1,2,2,1,6
202200035424,2022-04-08 00:20:00,2022,4,8,0,20,13,13206,PIERRE PUGET (COURS),43.29041,5.37582,Nuit avec éclairage allumé,En agglomération,Intersection en X,Normale,Deux véhicules - côté,4,1,2,0,2,1,1,0,1,50,2,5,4,0,0,1,23.0,15.0,voiture,deux_roues,5,2,2,1,3
202200035425,2022-06-16 08:50:00,2022,6,16,8,50,93,93048,Boulevard de la Boissière,48.87704,2.46438,Plein jour,En agglomération,Hors intersection,Normale,Autre collision,3,2,2,0,1,1,1,8,1,30,1,2,0,0,0,1,,,voiture,,1,2,1,1,6
202200035426,2022-04-08 23:30:00,2022,4,8,23,30,11,11069,,43.20787,2.3369,Nuit avec éclairage allumé,En agglomération,Intersection en X,Normale,Deux véhicules - frontale,3,2,4,0,1,1,1,0,1,50,2,3,1,0,0,2,19.0,31.0,voiture,voiture,5,2,2,1,1
202200035427,2022-06-16 12:28:00,2022,6,16,12,28,93,93046,Avenue du Maréchal Leclerc / Allée Joseph Noize,48.920069,2.53932,Plein jour,En agglomération,Intersection en X,Normale,Deux véhicules - côté,3,3,4,0,1,1,1,5,1,50,2,2,1,0,0,1,24.0,25.0,deux_roues,utilitaire_camion,1,2,2,1,3
202200035428,2022-06-15 15:40:00,2022,6,15,15,40,93,93045,32 Rue des Villegranges,48.87418,2.41329,Plein jour,En agglomération,Hors intersection,Normale,Deux véhicules - côté,4,1,1,0,1,1,1,0,1,50,2,2,1,0,0,1,27.0,31.0,voiture,deux_roues,1,2,1,1,3
202200035429,2022-04-07 17:05:00,2022,4,7,17,5,10,10387,ANATOLE FRANCE (RUE),48.28308,4.071719,Plein jour,En agglomération,Hors intersection,Pluie légère,Trois véhicules et plus - en chaîne,4,2,4,2,1,1,2,0,1,50,3,3,2,0,0,1,30.0,20.0,voiture,voiture,1,2,1,2,4
202200035430,2022-06-15 23:30:00,2022,6,15,23,30,93,93027,Boulevard Pasteur / Rue Jollois,48.9217756842,2.3833977959,Nuit avec éclairage allumé,En agglomération,Intersection en X,Normale,Deux véhicules - côté,3,2,2,0,1,1,1,0,1,50,2,2,1,0,0,1,21.0,48.0,voiture,voiture,5,2,2,1,3
202200035431,2022-06-16 11:20:00,2022,6,16,11,20,93,93008,36 Avenue Louis Aragon,48.914,2.439,Plein jour,En agglomération,Hors intersection,Normale,Autre collision,3,3,4,0,1,1,1,0,1,50,1,2,1,0,1,0,20.0,,voiture,,1,2,1,1,6
202200035432,2022-03-31 17:00:00,2022,3,31,17,0,07,07019,GEORGES COUDERC (RUE),44.61469,4.38962,Plein jour,En agglomération,Hors intersection,Normale,Deux véhicules - côté,4,2,2,0,2,1,1,0,1,50,2,3,2,0,0,1,84.0,18.0,voiture,deux_roues,1,2,1,1,3
202200035433,2022-06-15 17:35:00,2022,6,15,17,35,92,92049,BROSSOLETTE AVENUE PIERRE,48.8198407505,2.3107811362,Plein jour,En agglomération,Intersection en X,Normale,Deux véhicules - côté,3,-1,4,0,1,1,1,0,1,50,2,2,1,0,0,1,23.0,23.0,deux_roues,voiture,1,2,2,1,3
202200035434,2022-04-04 10:50:00,2022,4,4,10,50,07,07116,,44.64646,4.36741,Plein jour,Hors agglomération,Hors intersection,Normale,Deux véhicules - arrière,2,2,2,0,1,1,1,1,1,70,2,2,1,0,1,0,40.0,26.0,utilitaire_camion,deux_roues,1,1,1,1,2
202200035435,2022-06-16 13:05:00,2022,6,16,13,5,92,92040,GAMBETTA (BOULEVARD),48.8277287385,2.2752165198,Plein jour,En agglomération,Hors intersection,Normale,Deux véhicules - arrière,3,2,2,0,1,1,1,0,1,30,2,3,2,0,0,1,31.0,36.0,voiture,deux_roues,1,2,1,1,2
202200035436,2022-04-08 14:55:00,2022,4,8,14,55,06,06069,CLEMENCEAU (BOULEVARD GEORGES),43.657977,6.915056,Plein jour,En agglomération,Hors intersection,Normale,Trois véhicules et plus - collisions multiples,3,2,2,0,2,1,1,0,1,50,3,3,0,0,0,3,34.0,77.0,voiture,voiture,1,2,1,1,5
202200035437,2022-06-16 19:43:00,2022,6,16,19,43,92,92025,METZ (RUE DE),48.9107645038,2.2275637239,Plein jour,En agglomération,Intersection en T,Normale,Deux véhicules - frontale,4,2,2,0,1,1,1,0,1,30,2,2,1,0,0,1,34.0,13.0,voiture,deux_roues,1,2,3,1,1
202200035438,2022-04-08 07:50:00,2022,4,8,7,50,06,06069,CROUET (BOULEVARD JACQUES),43.656701,6.923804,Plein jour,En agglomération,Hors intersection,Normale,Autre collision,4,-1,2,0,2,1,1,0,1,50,1,2,1,0,0,1,48.0,,voiture,,1,2,1,1,6
202200035439,2022-06-15 23:30:00,2022,6,15,23,30,92,92012,GALLIENI (RUE) 159/FIN,48.835635722,2.232429184,Nuit avec éclairage allumé,En agglomération,Intersection en X,Normale,Deux véhicules - côté,4,-1,0,0,1,1,1,0,1,50,2,3,2,0,0,1,35.0,50.0,deux_roues,voiture,5,2,2,1,3
202200035440,2022-04-08 15:50:00,2022,4,8,15,50,06,06027,ALPES AVENUE DES,43.662748,7.131628,Plein jour,En agglomération,Hors intersection,Normale,Autre collision,7,3,4,0,1,1,1,0,1,50,1,2,1,0,0,1,57.0,,deux_roues,,1,2,1,1,6
202200035441,2022-06-16 16:05:00,2022,6,16,16,5,92,92004,DOCTEUR DERVAUX  ( QUAI DU ),48.9079069056,2.2923837304,Plein jour,Hors agglomération,Hors intersection,Normale,Deux véhicules - côté,3,-1,3,0,1,1,1,0,1,70,2,2,1,0,0,1,26.0,37.0,utilitaire_camion,deux_roues,1,1,1,1,3
202200035442,2022-04-08 14:30:00,2022,4,8,14,30,01,01053,avenue jean jaures,46.19844,5.21733,Plein jour,En agglomération,Hors intersection,Pluie légère,Autre collision,3,2,2,2,1,1,2,0,1,50,1,2,1,0,0,1,20.0,,voiture,,1,2,1,2,6
202200035443,2022-06-16 18:45:00,2022,6,16,18,45,92,92002,JOSEPH DELON (RUE),48.747558037,2.2986996621,Plein jour,En agglomération,Intersection en X,Normale,Autre collision,3,2,4,0,1,1,1,0,1,50,1,2,1,0,0,1,19.0,,voiture,,1,2,2,1,6
202200035444,2022-06-10 13:06:00,2022,6,10,13,6,11,11294,La Jasse,43.067433,2.060072,Plein jour,Hors agglomération,Hors intersection,Normale,Autre collision,3,2,2,0,1,1,1,0,8,80,1,1,0,0,1,0,51.0,,voiture,,1,1,1,1,6
202200035445,2022-04-08 19:30:00,2022,4,8,19,30,75,75116,BD PERIPHERIQUE EXTERIEUR,48.835112,2.259999,Plein jour,En agglomération,Hors intersection,Pluie forte,Trois véhicules et plus - en chaîne,4,1,4,0,1,1,2,0,1,70,3,3,2,0,0,1,25.0,35.0,deux_roues,deux_roues,1,2,1,3,4
202200035446,2022-06-17 15:50:00,2022,6,17,15,50,37,37153,Lieu Dit le Pertuis,47.514998,0.811551,Plein jour,Hors agglomération,Hors intersection,Normale,Deux véhicules - frontale,3,2,2,0,1,1,1,0,1,90,2,2,0,1,0,1,19.0,68.0,voiture,deux_roues,1,1,1,1,1
202200035447,2022-04-07 23:00:00,2022,4,7,23,0,75,75119,BD PERIPHERIQUE EXTERIEUR,48.900309,2.377994,Nuit avec éclairage allumé,En agglomération,Hors intersection,Normale,Trois véhicules et plus - en chaîne,4,1,4,0,1,1,1,0,1,70,3,3,2,0,0,1,23.0,34.0,voiture,voiture,5,2,1,1,4
202200035448,2022-06-16 21:15:00,2022,6,16,21,15,62,62008,Rue Principale,50.734292,2.086421,Crépuscule ou aube,En agglomération,Hors intersection,Normale,Autre collision,3,2,2,0,1,2,1,0,3,50,1,1,0,0,1,0,51.0,,deux_roues,,2,2,1,1,6
202200035449,2022-06-13 11:15:00,2022,6,13,11,15,85,85290,D148,46.54671,-1.035734,Plein jour,Hors agglomération,Intersection en T,Normale,Deux véhicules - côté,3,2,2,0,1,1,1,0,1,80,2,3,2,0,0,1,22.0,42.0,voiture,voiture,1,1,3,1,3
202200035450,2022-04-06 10:40:00,2022,4,6,10,40,75,75116,BD PERIPHERIQUE INTERIEUR,48.85936,2.262851,Plein jour,En agglomération,Intersection en Y,Normale,Deux véhicules - côté,4,1,4,0,1,1,1,0,1,70,2,2,1,0,0,1,28.0,87.0,deux_roues,voiture,1,2,4,1,3
202200035451,2022-06-17 03:30:00,2022,6,17,3,30,972,97227,N5 - Quartier Desert,14.468601,-60.930541,Nuit sans éclairage public,Hors agglomération,Hors intersection,Normale,Sans collision,2,2,3,0,1,1,1,0,3,70,1,1,0,1,0,0,44.0,,deux_roues,,3,1,1,1,7
202200035452,2022-04-08 08:45:00,2022,4,8,8,45,75,75119,AVENUE DE FLANDRE,48.888463,2.373899,Plein jour,En agglomération,Intersection en X,Pluie légère,Autre collision,4,3,3,1,1,1,2,-1,5,30,1,2,1,0,0,1,22.0,,deux_roues,,1,2,2,2,6
202200035453,2022-05-11 17:55:00,2022,5,11,17,55,83,83086,687 Route d Aix,43.468708,6.553436,Plein jour,En agglomération,Hors intersection,Normale,Deux véhicules - côté,3,2,2,0,1,1,1,0,1,50,2,2,1,0,0,1,34.0,29.0,deux_roues,voiture,1,2,1,1,3
202200035454,2022-04-08 02:10:00,2022,4,8,2,10,75,75116,RUE DE CHAILLOT,48.867884,2.29813,Nuit avec éclairage allumé,En agglomération,Hors intersection,Normale,Autre collision,4,1,1,0,1,1,1,0,1,30,1,2,1,0,0,1,24.0,,deux_roues,,5,2,1,1,6
202200035455,2022-06-16 13:55:00,2022,6,16,13,55,01,01288,D89,46.19206,5.956446,Plein jour,Hors agglomération,Intersection en T,Normale,Deux véhicules - côté,3,2,2,0,1,1,1,0,1,80,2,2,1,0,1,0,50.0,37.0,deux_roues,voiture,1,1,3,1,3
202200035456,2022-06-17 18:19:00,2022,6,17,18,19,29,29265,N12,48.555776072,-3.874275624,Plein jour,Hors agglomération,Hors intersection,Normale,Autre collision,2,3,4,0,2,1,1,0,2,110,1,1,0,0,0,1,27.0,,voiture,,1,1,1,1,6
202200035457,2022-04-08 10:30:00,2022,4,8,10,30,75,75115,BOULEVARD VICTOR,48.8346410517,2.2835339922,Plein jour,En agglomération,Intersection en T,Pluie forte,Deux véhicules - côté,4,3,2,0,1,1,2,0,1,50,2,2,1,0,0,1,59.0,50.0,voiture,deux_roues,1,2,3,3,3
202200035458,2022-06-17 15:30:00,2022,6,17,15,30,42,42231,Route de Saint Forgeux,46.094807,3.939752,Plein jour,Hors agglomération,Hors intersection,Normale,Deux véhicules - frontale,3,2,2,0,1,1,1,0,1,80,2,3,1,0,1,1,35.0,31.0,voiture,deux_roues,1,1,1,1,1
202200035459,2022-04-08 14:00:00,2022,4,8,14,0,75,75113,RUE ALBERT EINSTEIN,48.826719,2.381951,Plein jour,En agglomération,Intersection en T,Pluie forte,Autre collision,4,1,2,0,1,1,2,0,1,30,1,2,1,0,0,1,37.0,,voiture,,1,2,3,3,6
202200035460,2022-04-08 10:07:00,2022,4,8,10,7,75,75113,BOULEVARD DU GENERAL JEAN SIMON,48.825694,2.382062,Plein jour,En agglomération,Intersection en X,Pluie forte,Autre collision,4,3,2,3,1,1,2,-1,6,30,1,2,1,0,0,1,61.0,,transport_commun,,1,2,2,3,6
202200035461,2022-06-16 23:30:00,2022,6,16,23,30,34,34123,RN 109 ,43.606274,3.817459,Nuit sans éclairage public,Hors agglomération,Hors intersection,Normale,Trois véhicules et plus - collisions multiples,2,1,4,0,1,1,1,0,1,90,4,9,3,3,3,0,18.0,26.0,voiture,voiture,3,1,1,1,5
202200035462,2022-04-07 08:20:00,2022,4,7,8,20,75,75113,BOULEVARD DE L HOPITAL,48.8338179341,2.3572439468,Plein jour,En agglomération,Hors intersection,Pluie légère,Autre collision,4,2,4,0,2,1,2,0,1,30,1,2,1,0,0,1,35.0,,utilitaire_camion,,1,2,1,2,6
202200035463,2022-06-15 20:50:00,2022,6,15,20,50,22,22114,Les Landes,48.225788,-2.279963,Plein jour,Hors agglomération,Hors intersection,Normale,Autre collision,3,2,2,0,1,1,1,0,1,80,3,3,2,0,1,0,48.0,36.0,deux_roues,voiture,1,1,1,1,6
202200035464,2022-06-16 17:15:00,2022,6,16,17,15,57,57151,D79,48.896105,6.666255,Plein jour,Hors agglomération,Hors intersection,Normale,Sans collision,3,2,2,0,1,3,1,0,3,80,1,1,0,0,1,0,15.0,,deux_roues,,1,1,1,1,7
202200035465,2022-04-08 21:10:00,2022,4,8,21,10,75,75111,AVENUE LEDRU ROLLIN,48.8524698339,2.3768099559,Nuit avec éclairage allumé,En agglomération,Intersection en T,Normale,Autre collision,4,2,3,0,1,1,2,0,1,30,1,2,1,0,0,1,24.0,,voiture,,5,2,3,1,6
202200035466,2022-06-12 01:00:00,2022,6,12,1,0,19,19036,Route de Meyrignac,45.592645,1.743028,Nuit sans éclairage public,Hors agglomération,Hors intersection,Normale,Autre collision,3,2,2,0,2,2,1,0,3,90,1,2,1,0,1,0,29.0,,voiture,,3,1,1,1,6
202200035467,2022-04-08 15:25:00,2022,4,8,15,25,75,75111,RUE OBERKAMPF,48.866404803,2.3804859675,Plein jour,En agglomération,Intersection en X,Pluie forte,Deux véhicules - côté,4,1,2,3,1,1,2,-1,6,30,2,2,1,0,0,1,46.0,23.0,voiture,deux_roues,1,2,2,3,3
202200035468,2022-04-08 16:40:00,2022,4,8,16,40,75,75110,BOULEVARD DE LA VILLETTE,48.8752593736,2.3731465833,Plein jour,En agglomération,Intersection en T,Pluie forte,Deux véhicules - arrière,4,3,2,0,1,1,2,0,1,30,2,2,1,0,0,1,60.0,45.0,deux_roues,utilitaire_camion,1,2,3,3,2
202200035469,2022-04-08 13:10:00,2022,4,8,13,10,75,75110,BOULEVARD DE MAGENTA,48.8694283406,2.3622130654,Plein jour,En agglomération,Hors intersection,Pluie légère,Deux véhicules - côté,4,2,4,0,1,1,2,0,1,30,2,2,1,0,0,1,,28.0,utilitaire_camion,deux_roues,1,2,1,2,3
202200035470,2022-04-08 12:50:00,2022,4,8,12,50,75,75108,RUE DE ROME,48.877209,2.323076,Plein jour,En agglomération,Intersection en T,Pluie forte,Autre collision,4,2,4,0,2,1,2,0,1,30,1,2,1,0,0,1,38.0,,utilitaire_camion,,1,2,3,3,6
202200035471,2022-05-21 17:45:00,2022,5,21,17,45,56,56128,Kerhenry,47.990367,-3.072052,Plein jour,Hors agglomération,Intersection en X,Normale,Deux véhicules - côté,4,2,2,0,1,1,1,0,1,80,2,4,2,0,1,1,24.0,62.0,voiture,voiture,1,1,2,1,3
202200035472,2022-06-16 15:20:00,2022,6,16,15,20,56,56058,Route de l'Isle D34,47.487944,-2.334933,Plein jour,Hors agglomération,Hors intersection,Normale,Autre collision,3,2,2,0,1,1,1,0,3,80,1,1,0,0,1,0,23.0,,voiture,,1,1,1,1,6
202200035473,2022-04-07 19:15:00,2022,4,7,19,15,75,75108,PLACE DE LA CONCORDE,48.8667912926,2.3220872446,Plein jour,En agglomération,Place,Normale,Deux véhicules - côté,4,1,8,0,1,1,1,0,1,30,2,3,2,0,0,1,17.0,59.0,deux_roues,voiture,1,2,7,1,3
202200035474,2022-06-11 20:20:00,2022,6,11,20,20,79,79179,,46.66884,-0.58692,Plein jour,Hors agglomération,Hors intersection,Normale,Deux véhicules - frontale,4,2,2,0,1,1,1,0,1,80,2,2,1,0,1,0,59.0,39.0,voiture,deux_roues,1,1,1,1,1
202200035475,2022-06-17 08:00:00,2022,6,17,8,0,2A,2A209,Plaine de PERI,42.011781,8.869464,Plein jour,Hors agglomération,Hors intersection,Normale,Deux véhicules - côté,2,2,2,0,1,1,1,0,1,80,2,2,1,0,1,0,44.0,26.0,voiture,utilitaire_camion,1,1,1,1,3
202200035476,2022-04-07 15:20:00,2022,4,7,15,20,75,75103,BOULEVARD DES FILLES DU CALVAIRE,48.8613565835,2.3671413213,Plein jour,En agglomération,Intersection en Y,Normale,Autre collision,4,2,4,0,1,1,1,0,1,30,1,2,1,0,0,1,23.0,,deux_roues,,1,2,4,1,6
202200035477,2022-04-07 15:00:00,2022,4,7,15,0,75,75101,RUE DU PONT NEUF,48.8610685034,2.3448986869,Plein jour,En agglomération,Intersection en X,Normale,Autre collision,4,2,2,1,1,1,1,-1,5,30,1,2,1,0,0,1,37.0,,deux_roues,,1,2,2,1,6
202200035478,2022-06-14 08:19:00,2022,6,14,8,19,82,82037,Pont,44.178118,1.538593,Plein jour,Hors agglomération,Intersection en Y,Normale,Deux véhicules - arrière,3,2,1,0,2,3,1,0,1,80,2,2,1,0,1,0,48.0,42.0,voiture,voiture,1,1,4,1,2
202200035479,2022-04-08 16:45:00,2022,4,8,16,45,94,94080,MARIGNY (COUR),48.8453,2.43969,Plein jour,En agglomération,Intersection en X,Pluie légère,Deux véhicules - côté,4,1,1,2,1,1,2,0,1,30,2,2,1,0,0,1,32.0,33.0,deux_roues,voiture,1,2,2,2,3
202200035480,2022-06-15 18:00:00,2022,6,15,18,0,33,33443,Les Bardes,44.6367066889,-0.0400051475,Plein jour,Hors agglomération,Hors intersection,Normale,Deux véhicules - frontale,3,2,2,0,1,3,1,0,1,80,2,2,1,0,1,0,38.0,28.0,deux_roues,voiture,1,1,1,1,1
202200035481,2022-04-08 18:15:00,2022,4,8,18,15,94,94042,Boulevard Maurice Berteaux,48.8118989138,2.4687180518,Plein jour,En agglomération,Intersection en Y,Pluie forte,Trois véhicules et plus - en chaîne,3,3,4,0,1,1,2,0,1,50,3,3,2,0,0,1,31.0,88.0,voiture,voiture,1,2,4,3,4
202200035482,2022-06-16 17:35:00,2022,6,16,17,35,33,33011,Avenue du Perrey,44.775634616,-1.1415079236,Plein jour,En agglomération,Giratoire,Normale,Autre collision,3,2,2,0,1,2,1,0,3,50,1,3,0,1,1,1,88.0,,voiture,,1,2,6,1,6
202200035483,2022-04-08 12:50:00,2022,4,8,12,50,94,94046,Rue de Liége,48.7914562635,2.4347462653,Plein jour,En agglomération,Intersection en T,Pluie légère,Deux véhicules - frontale,3,2,4,0,1,1,2,0,1,50,2,2,0,0,0,2,38.0,67.0,deux_roues,voiture,1,2,3,2,1
202200035484,2022-06-17 11:10:00,2022,6,17,11,10,71,71310,N80,46.749084,4.493451,Plein jour,Hors agglomération,Giratoire,Normale,Deux véhicules - arrière,2,3,4,0,1,3,1,0,1,50,2,2,1,1,0,0,67.0,89.0,voiture,voiture,1,1,6,1,2
202200035485,2022-04-08 21:00:00,2022,4,8,21,0,94,94041,74 Avenue Maurice Thorez,48.8143413269,2.3789144754,Nuit avec éclairage allumé,En agglomération,Intersection en T,Pluie légère,Deux véhicules - côté,3,1,1,1,2,1,2,0,1,30,2,2,1,0,0,1,27.0,23.0,deux_roues,voiture,5,2,3,2,3
202200035486,2022-06-13 14:30:00,2022,6,13,14,30,71,71383,RD 906,46.427852,4.87735,Plein jour,En agglomération,Intersection en X,Normale,Deux véhicules - arrière,3,2,2,0,1,1,1,0,1,50,2,2,1,0,1,0,22.0,17.0,voiture,deux_roues,1,2,2,1,2
202200035487,2022-04-08 19:15:00,2022,4,8,19,15,94,94077,Avenue Pasteur / Avenue du Docteur Calmette,48.73727,2.41775,Plein jour,En agglomération,Intersection en X,Pluie légère,Deux véhicules - côté,4,2,2,0,1,1,2,0,1,30,2,2,1,0,0,1,24.0,58.0,voiture,voiture,1,2,2,2,3
202200035488,2022-04-08 15:18:00,2022,4,8,15,18,94,94059,Avenue de la Dame Blanche / Avenue des Huguenots,48.8193310528,2.5595784186,Plein jour,En agglomération,Intersection en X,Pluie forte,Deux véhicules - côté,4,2,2,0,1,1,2,0,1,50,2,2,1,0,0,1,53.0,29.0,voiture,utilitaire_camion,1,2,2,3,3
202200035489,2022-06-17 12:05:00,2022,6,17,12,5,61,61486,La Paluette,48.74192,-0.697954,Plein jour,Hors agglomération,Intersection en X,Temps éblouissant,Deux véhicules - côté,3,2,2,0,1,1,1,0,1,80,2,2,0,0,2,0,55.0,28.0,voiture,voiture,1,1,2,7,3