accident_id,datetime,annee,mois,jour,heure,minute,departement,commune_insee,adresse,latitude,longitude,luminosite,agglomeration,intersection,meteo,collision,catr,circ,nbv,vosp,prof,plan,surf,infra,situ,vma,nb_vehicules,nb_usagers,nb_indemnes,nb_tues,nb_blesses_hosp,nb_blesses_legers,age_cond_1,age_cond_2,veh_type_cond_1,veh_type_cond_2,lum_code,agg_code,int_code,atm_code,col_code
202200035762,2022-05-16 15:15:00,2022,5,16,15,15,94,94002,REVOLUTION (QU DE LA),48.78174,2.41942,Plein jour,En agglomération,Hors intersection,Normale,Deux véhicules - arrière,3,2,2,1,1,1,1,0,1,50,3,3,2,0,0,1,61.0,60.0,utilitaire_camion,deux_roues,1,2,1,1,2
202200035763,2022-05-17 20:10:00,2022,5,17,20,10,93,93078,Avenue des Nations,48.9749401682,2.5148445368,Plein jour,En agglomération,Autre intersection,Normale,Autre collision,4,2,2,3,1,1,1,9,1,30,1,2,1,0,0,1,49.0,,transport_commun,,1,2,9,1,6
202200035764,2022-11-02 18:35:00,2022,11,2,18,35,14,14059,5 Rue des Lais de Mer,49.351883,0.053408,Nuit avec éclairage allumé,En agglomération,Intersection en T,Normale,Deux véhicules - côté,4,1,1,0,1,1,1,0,1,30,2,2,1,0,0,1,35.0,15.0,voiture,deux_roues,5,2,3,1,3
202200035765,2022-05-17 13:00:00,2022,5,17,13,0,93,93078,Avenue Georges Clémenceau / Boulevard Robert Ballanger,48.9608,2.55628,Plein jour,En agglomération,Giratoire,Normale,Trois véhicules et plus - en chaîne,3,3,4,0,1,3,1,0,1,50,3,3,2,0,0,1,55.0,21.0,voiture,voiture,1,2,6,1,4
202200035766,2022-11-02 12:30:00,2022,11,2,12,30,13,13103,AVENUE DE L' EUROPE,43.6467970834,5.1025305626,Plein jour,En agglomération,Autre intersection,Normale,Deux véhicules - côté,4,2,2,0,2,1,1,0,1,50,2,2,1,0,0,1,53.0,65.0,autre,voiture,1,2,9,1,3
202200035767,2022-05-17 18:25:00,2022,5,17,18,25,93,93072,Rue des Fleurs / Rue Jean Jaurés,48.96385,2.38052,Plein jour,En agglomération,Intersection en T,Normale,Deux véhicules - côté,4,2,2,0,2,1,1,0,1,30,2,2,1,0,1,0,20.0,41.0,deux_roues,voiture,1,2,3,1,3
202200035768,2022-05-17 00:30:00,2022,5,17,0,30,93,93078,Boulevard Robert Ballanger / Avenue Martin Luther King,48.951999,2.528394,Nuit avec éclairage allumé,En agglomération,Intersection en X,Normale,Deux véhicules - côté,3,3,4,0,1,1,1,0,1,50,2,2,1,0,0,1,26.0,25.0,deux_roues,voiture,5,2,2,1,3
202200035769,2022-05-17 20:30:00,2022,5,17,20,30,93,93066,Boulevard Anatole France / Rue du Docteur Finot,48.9182856811,2.3416998982,Plein jour,En agglomération,Intersection en X,Normale,Deux véhicules - côté,3,2,4,1,1,1,1,0,1,50,2,3,2,0,0,1,56.0,25.0,voiture,deux_roues,1,2,2,1,3
202200035770,2022-05-17 18:00:00,2022,5,17,18,0,93,93066,Rue Francis de Pressensé,48.9204805866,2.363718152,Plein jour,En agglomération,Hors intersection,Normale,Autre collision,3,1,1,0,1,1,1,0,1,50,2,3,2,0,1,0,40.0,61.0,voiture,voiture,1,2,1,1,6
202200035771,2022-05-17 13:40:00,2022,5,17,13,40,93,93077,Avenue du Raincy / Rue Rene et Pierre Charton,48.88588,2.50831,Plein jour,En agglomération,Intersection en X,Normale,Deux véhicules - arrière,3,1,1,0,1,1,1,0,1,50,2,2,1,0,0,1,21.0,26.0,utilitaire_camion,voiture,1,2,2,1,2
202200035772,2022-05-17 11:50:00,2022,5,17,11,50,93,93053,Rue de Paris / Route de Stains,48.903958,2.470456,Plein jour,En agglomération,Intersection en X,Normale,Autre collision,3,3,4,0,1,3,1,0,1,50,1,2,1,0,0,1,54.0,,utilitaire_camion,,1,2,2,1,6
202200035773,2022-05-16 21:50:00,2022,5,16,21,50,93,93008,Avenue Jean Jaures,48.8999,2.44158,Nuit avec éclairage allumé,En agglomération,Hors intersection,Normale,Deux véhicules - côté,3,3,4,0,4,1,1,0,1,50,2,2,0,0,0,2,41.0,18.0,deux_roues,deux_roues,5,2,1,1,3
202200035774,2022-05-16 12:20:00,2022,5,16,12,20,93,93007,"""REPUBLIQUE (AVENUE DE LA """"COTE IMPAIRS",48.93788,2.46196,Plein jour,En agglomération,Hors intersection,Normale,Deux véhicules - côté,4,2,2,0,1,1,1,6,1,50,1,2,1,0,0,1,46.0,,voiture,,1,2,1,1,3
202200035775,2022-05-17 15:05:00,2022,5,17,15,5,93,93005,Avenue Dumont / Rue Isidore Nérat,48.930362,2.495253,Plein jour,En agglomération,Intersection en T,Normale,Autre collision,4,1,1,0,1,1,1,0,1,50,1,2,1,0,0,1,30.0,,deux_roues,,1,2,3,1,6
202200035776,2022-05-15 18:45:00,2022,5,15,18,45,92,92047,PORTE VERTE,48.83709684,2.1846807003,Plein jour,En agglomération,Passage à niveau,Normale,Deux véhicules - côté,4,2,0,3,1,1,1,4,8,100,2,2,1,0,0,1,35.0,49.0,deux_roues,transport_commun,1,2,8,1,3
202200035777,2022-05-17 12:37:00,2022,5,17,12,37,92,92062,FUSILLES DE LA RESISTANCES (RUE DES) N°1,48.88334,2.22446,Plein jour,En agglomération,Hors intersection,Temps éblouissant,Trois véhicules et plus - en chaîne,3,2,2,3,1,1,1,0,1,50,3,4,3,0,0,1,25.0,38.0,transport_commun,voiture,1,2,1,7,4
202200035778,2022-05-17 21:05:00,2022,5,17,21,5,92,92051,"VICTOR HUGO (BOULEVARD, N° 51 A 75 ET 62",48.8855549836,2.2801799476,Crépuscule ou aube,En agglomération,Intersection en X,Normale,Deux véhicules - côté,4,4,2,0,1,1,1,0,1,50,2,2,1,0,0,1,21.0,30.0,voiture,deux_roues,2,2,2,1,3
202200035779,2022-05-17 14:20:00,2022,5,17,14,20,92,92051,"CHARLES DE GAULLE (AVENUE, N°27 A 129)",48.8811002273,2.2716931701,Plein jour,En agglomération,Hors intersection,Normale,Deux véhicules - côté,2,1,1,0,1,1,1,9,1,50,2,2,1,0,0,1,24.0,57.0,deux_roues,voiture,1,2,1,1,3
202200035780,2022-05-17 10:50:00,2022,5,17,10,50,92,92051,"VICTOR HUGO (BOULEVARD, N° 51 A 75 ET 62",48.8911118269,2.2754002511,Plein jour,En agglomération,Autre intersection,Normale,Deux véhicules - côté,4,-1,0,0,1,1,1,0,3,50,2,2,1,0,0,1,30.0,34.0,voiture,deux_roues,1,2,9,1,3
202200035781,2022-05-17 11:30:00,2022,5,17,11,30,92,92050,HOCHE AVENUE,48.902401,2.196749,Plein jour,En agglomération,Hors intersection,Normale,Deux véhicules - côté,4,2,1,3,1,1,1,0,1,50,2,2,1,0,0,1,53.0,45.0,transport_commun,deux_roues,1,2,1,1,3
202200035782,2022-05-13 15:05:00,2022,5,13,15,5,92,92050,PICASSO PABLO AVENUE,48.8892344244,2.2295304536,Plein jour,En agglomération,Hors intersection,Normale,Autre collision,4,2,2,1,2,1,1,0,5,50,1,2,0,0,0,2,57.0,,deux_roues,,1,2,1,1,6
202200035783,2022-05-17 08:00:00,2022,5,17,8,0,92,92049,BROSSOLETTE AVENUE PIERRE,48.8181359152,2.3085201681,Plein jour,En agglomération,Intersection en X,Normale,Deux véhicules - côté,3,3,4,1,1,1,1,0,1,50,2,2,1,0,1,0,49.0,45.0,voiture,deux_roues,1,2,2,1,3
202200035784,2022-05-17 15:45:00,2022,5,17,15,45,92,92048,TRIVAUX (AVENUE DE) N° 6BIS A 8,48.796628,2.232299,Plein jour,En agglomération,Hors intersection,Normale,Autre collision,3,2,2,0,2,2,1,0,4,30,1,1,0,0,0,1,24.0,,deux_roues,,1,2,1,1,6
202200035785,2022-05-17 12:56:00,2022,5,17,12,56,92,92040,PDT ROOSEVELT (QUAI DU),48.8340783836,2.2648610473,Plein jour,En agglomération,Hors intersection,Normale,Deux véhicules - arrière,3,2,4,0,1,3,1,0,1,50,2,2,1,0,0,1,43.0,35.0,deux_roues,voiture,1,2,1,1,2
202200035786,2022-05-17 10:02:00,2022,5,17,10,2,92,92040,JULES GUESDES,48.8220239305,2.2765651345,Plein jour,En agglomération,Intersection en X,Normale,Deux véhicules - côté,4,2,0,0,2,1,1,0,1,30,2,2,1,0,0,1,62.0,48.0,voiture,voiture,1,2,2,1,3
202200035787,2022-05-17 08:33:00,2022,5,17,8,33,92,92040,SAINTE LUCIE (ALLEE),48.8189846975,2.252684623,Plein jour,En agglomération,Hors intersection,Normale,Autre collision,4,4,0,0,1,1,1,0,1,30,1,2,1,0,0,1,42.0,,utilitaire_camion,,1,2,1,1,6
202200035788,2022-05-17 20:15:00,2022,5,17,20,15,92,92025,HOCHE (RUE),48.9221808808,2.2648339569,Plein jour,En agglomération,Hors intersection,Normale,Deux véhicules - frontale,4,3,2,0,1,1,1,0,1,30,2,3,1,0,2,0,71.0,52.0,voiture,deux_roues,1,2,1,1,1
202200035789,2022-05-17 14:00:00,2022,5,17,14,0,92,92024,JEAN JAURES (BD) DE (1 A 45)   (2 A 54),48.89994,2.30613,Plein jour,En agglomération,Intersection en X,Normale,Deux véhicules - côté,3,1,3,1,1,1,1,0,1,30,2,2,1,0,0,1,49.0,27.0,deux_roues,deux_roues,1,2,2,1,3
202200035790,2022-05-17 17:00:00,2022,5,17,17,0,92,92007,LATERAL (CHEMIN),48.799556,2.298374,Plein jour,En agglomération,Hors intersection,Normale,Deux véhicules - côté,4,2,2,0,1,1,1,0,1,50,2,2,1,0,0,1,35.0,53.0,autre,voiture,1,2,1,1,3
202200035791,2022-05-17 16:45:00,2022,5,17,16,45,92,92004,DOCTEUR DERVAUX  ( QUAI DU ),48.909105,2.293782,Plein jour,En agglomération,Hors intersection,Normale,Autre collision,3,1,0,0,2,1,1,0,1,50,1,1,0,0,0,1,43.0,,deux_roues,,1,2,1,1,6
202200035792,2022-05-16 19:00:00,2022,5,16,19,0,92,92002,DIVISION LECLERC (1 A 29 -2 A 34),48.752968236,2.3049204424,Plein jour,En agglomération,Hors intersection,Normale,Deux véhicules - arrière,3,1,2,0,1,1,1,0,1,50,2,2,1,0,0,1,36.0,22.0,voiture,voiture,1,2,1,1,2
202200035793,2022-05-16 19:15:00,2022,5,16,19,15,92,92002,GENERAL DE GAULLE (PLACE DU),48.7638052076,2.3088805228,Plein jour,En agglomération,Giratoire,Normale,Deux véhicules - côté,3,-1,3,0,1,1,1,5,8,50,2,2,1,0,0,1,29.0,25.0,deux_roues,voiture,1,2,6,1,3
202200035794,2022-05-17 18:15:00,2022,5,17,18,15,49,49244,Le Sud (la Pommeraye),47.348157,-0.881546,Plein jour,Hors agglomération,Hors intersection,Normale,Deux véhicules - frontale,4,2,2,0,1,1,1,0,1,80,2,2,1,1,0,0,53.0,23.0,deux_roues,voiture,1,1,1,1,1
202200035795,2022-05-17 15:45:00,2022,5,17,15,45,76,76258,A 29,49.6299855578,0.6401935592,Plein jour,Hors agglomération,Hors intersection,Normale,Autre collision,1,1,2,0,1,1,1,0,1,130,1,1,0,0,1,0,78.0,,voiture,,1,1,1,1,6
202200035796,2022-04-30 07:35:00,2022,4,30,7,35,84,84029,departementale 23,44.164022,4.896027,Plein jour,Hors agglomération,Intersection en Y,Normale,Deux véhicules - côté,3,2,2,0,1,1,1,0,1,80,2,2,0,0,1,1,59.0,47.0,voiture,voiture,1,1,4,1,3
202200035797,2022-05-18 13:40:00,2022,5,18,13,40,63,63274,Intesection D 2089 et D 552,45.668191,2.784122,Plein jour,Hors agglomération,Intersection en T,Normale,Deux véhicules - frontale,3,1,1,0,1,3,1,3,1,80,2,3,2,0,1,0,19.0,15.0,voiture,deux_roues,1,1,3,1,1
202200035798,2022-05-15 21:15:00,2022,5,15,21,15,06,06130,Route Departementale 6085,43.705779,6.832241,Crépuscule ou aube,Hors agglomération,Hors intersection,Normale,Sans collision,3,2,2,0,2,1,1,0,1,80,1,1,0,1,0,0,36.0,,deux_roues,,2,1,1,1,7
202200035799,2022-05-18 08:25:00,2022,5,18,8,25,54,54082,Croisement RD153 et RD603,49.1625856726,5.8230918654,Plein jour,Hors agglomération,Intersection en Y,Normale,Deux véhicules - côté,3,2,2,0,1,2,1,0,1,80,2,3,1,0,0,2,46.0,73.0,voiture,voiture,1,1,4,1,3
202200035800,2022-05-18 02:05:00,2022,5,18,2,5,87,87003,autoroute A20 Pr 129+300,46.277059,1.402345,Nuit sans éclairage public,Hors agglomération,Hors intersection,Normale,Deux véhicules - arrière,1,3,4,0,3,1,1,0,1,130,2,2,1,0,1,0,31.0,52.0,utilitaire_camion,autre,3,1,1,1,2
202200035801,2022-05-17 12:47:00,2022,5,17,12,47,44,44131,La Route Bleue,47.103623,-2.045023,Plein jour,Hors agglomération,Hors intersection,Temps éblouissant,Deux véhicules - frontale,3,2,2,0,2,1,1,0,1,80,2,3,0,0,1,2,34.0,56.0,utilitaire_camion,utilitaire_camion,1,1,1,7,1
202200035802,2022-05-17 12:30:00,2022,5,17,12,30,62,62361,D941,50.27619,2.282302,Plein jour,En agglomération,Intersection en X,Normale,Deux véhicules - côté,3,2,2,0,1,1,1,0,1,50,2,2,1,0,1,0,27.0,25.0,deux_roues,utilitaire_camion,1,2,2,1,3
202200035803,2022-05-17 20:30:00,2022,5,17,20,30,74,74263,Avenue de Bonnatrait,46.332932,6.385197,Plein jour,En agglomération,Hors intersection,Normale,Deux véhicules - frontale,3,2,2,0,1,1,1,0,1,50,2,2,1,0,0,1,23.0,38.0,voiture,deux_roues,1,2,1,1,1
202200035804,2022-05-15 17:45:00,2022,5,15,17,45,83,83018,D78,43.345346,6.222907,Plein jour,Hors agglomération,Hors intersection,Normale,Sans collision,3,2,2,0,2,2,1,0,1,80,1,1,0,0,1,0,40.0,,deux_roues,,1,1,1,1,7
202200035805,2022-05-17 18:45:00,2022,5,17,18,45,57,57097,D19,49.176699,6.490651,Plein jour,En agglomération,Intersection en T,Normale,Autre collision,3,2,2,0,1,3,1,0,1,50,2,2,1,0,1,0,28.0,75.0,voiture,voiture,1,2,3,1,6
202200035806,2022-05-15 18:35:00,2022,5,15,18,35,19,19230,Route de Lubersac,45.432864,1.433727,Plein jour,Hors agglomération,Hors intersection,Normale,Deux véhicules - frontale,3,2,2,0,1,2,1,0,1,90,2,3,2,0,1,0,17.0,36.0,deux_roues,voiture,1,1,1,1,1
202200035807,2022-05-17 14:08:00,2022,5,17,14,8,76,76641,Rue d Orimont,49.852511,0.904355,Plein jour,Hors agglomération,Hors intersection,Normale,Autre collision,9,2,2,0,2,2,1,0,3,80,1,1,0,0,1,0,57.0,,deux_roues,,1,1,1,1,6
202200035808,2022-05-14 08:50:00,2022,5,14,8,50,82,82152,Route de Castelferrus,44.013813,1.077164,Crépuscule ou aube,En agglomération,Hors intersection,Normale,Autre collision,3,2,2,0,1,1,1,0,3,50,1,3,0,0,2,1,20.0,,voiture,,2,2,1,1,6
202200035809,2022-05-17 21:00:00,2022,5,17,21,0,22,22325,Rond-Point de la France Libre,48.648356,-2.838576,Plein jour,En agglomération,Giratoire,Normale,Deux véhicules - côté,3,2,2,0,1,1,1,0,1,50,2,2,1,0,0,1,16.0,,deux_roues,voiture,1,2,6,1,3
202200035810,2022-05-18 08:45:00,2022,5,18,8,45,03,03157,RD907,46.209786,3.513393,Plein jour,Hors agglomération,Intersection en Y,Normale,Deux véhicules - côté,3,2,1,0,1,1,1,0,1,90,2,4,3,0,1,0,53.0,74.0,voiture,utilitaire_camion,1,1,4,1,3
202200035811,2022-05-18 08:50:00,2022,5,18,8,50,15,15138,rn 122,45.110025,2.872249,Plein jour,En agglomération,Intersection en T,Normale,Deux véhicules - frontale,2,2,2,0,1,1,1,0,1,50,2,2,1,0,1,0,31.0,44.0,deux_roues,voiture,1,2,3,1,1
202200035812,2022-05-18 17:05:00,2022,5,18,17,5,01,01118,Grande Rue (gignez) D991 et D123,45.968468,5.809944,Plein jour,En agglomération,Intersection en T,Normale,Deux véhicules - côté,3,2,2,0,2,1,1,0,1,50,2,2,1,0,0,1,30.0,12.0,voiture,deux_roues,1,2,3,1,3
202200035813,2022-05-17 09:50:00,2022,5,17,9,50,01,01305,Rue Andre,46.433872,4.938757,Plein jour,En agglomération,Hors intersection,Normale,Autre collision,3,2,2,0,1,1,1,9,1,50,1,2,1,0,0,1,73.0,,voiture,,1,2,1,1,6
202200035814,2022-05-10 15:30:00,2022,5,10,15,30,26,26108,D538,44.718373,5.011214,Plein jour,Hors agglomération,Hors intersection,Normale,Deux véhicules - côté,3,2,2,0,1,1,1,0,1,80,2,2,1,0,1,0,39.0,62.0,deux_roues,utilitaire_camion,1,1,1,1,3
202200035815,2022-05-07 15:28:00,2022,5,7,15,28,26,26144,D104,44.738682,4.908689,Plein jour,Hors agglomération,Hors intersection,Normale,Sans collision,3,2,2,0,1,2,1,0,8,80,1,1,0,0,1,0,79.0,,voiture,,1,1,1,1,7
202200035816,2022-05-17 08:40:00,2022,5,17,8,40,72,72019,Lieu Dit le Minerai,47.943911,-0.254787,Plein jour,Hors agglomération,Hors intersection,Normale,Deux véhicules - arrière,3,2,2,0,2,1,1,0,1,80,2,4,3,0,1,0,17.0,46.0,deux_roues,utilitaire_camion,1,1,1,1,2
202200035817,2022-05-17 10:00:00,2022,5,17,10,0,06,06032,Avenue prince Rainier III,43.724091,7.404673,Plein jour,En agglomération,Hors intersection,Normale,Deux véhicules - frontale,7,2,3,0,2,2,1,0,1,50,2,2,1,0,0,1,29.0,33.0,voiture,utilitaire_camion,1,2,1,1,1
202200035818,2022-05-17 07:00:00,2022,5,17,7,0,14,14752,Le Maudray,49.087963,-0.639356,Plein jour,Hors agglomération,Hors intersection,Normale,Autre collision,4,2,1,0,1,2,1,0,1,50,1,2,1,0,1,0,25.0,,utilitaire_camion,,1,1,1,1,6
202200035819,2022-05-17 21:40:00,2022,5,17,21,40,90,90070,RD 39 / Rd 50,47.461377,6.930571,Nuit sans éclairage public,Hors agglomération,Intersection en Y,Normale,Deux véhicules - côté,3,2,2,0,1,1,1,0,1,80,2,3,2,0,1,0,27.0,45.0,voiture,deux_roues,3,1,4,1,3
202200035820,2022-05-18 17:40:00,2022,5,18,17,40,60,60181,D932/D558,49.635106,3.037634,Plein jour,Hors agglomération,Intersection en X,Normale,Deux véhicules - frontale,3,2,2,0,2,1,1,5,1,80,2,2,1,0,0,1,34.0,31.0,voiture,deux_roues,1,1,2,1,1
202200035821,2022-05-16 15:10:00,2022,5,16,15,10,21,21567,D906,47.114536,4.506492,Plein jour,Hors agglomération,Intersection en X,Normale,Deux véhicules - côté,3,2,2,0,1,1,1,0,1,90,2,4,0,0,4,0,70.0,67.0,voiture,voiture,1,1,2,1,3
202200035822,2022-05-17 22:11:00,2022,5,17,22,11,67,67237,A35 au PK 240.700 dans le sens Strasbourg-Lauterbourg,48.695155,7.833662,Nuit sans éclairage public,Hors agglomération,Hors intersection,Normale,Deux véhicules - côté,1,-1,4,0,1,1,1,0,5,130,2,2,1,0,0,1,24.0,29.0,voiture,voiture,3,1,1,1,3
202200035823,2022-05-16 07:30:00,2022,5,16,7,30,13,13044,Grans,43.621639,5.04406,Plein jour,Hors agglomération,Hors intersection,Normale,Deux véhicules - côté,7,2,2,0,1,1,1,2,1,50,2,2,0,0,0,2,23.0,59.0,voiture,deux_roues,1,1,1,1,3
202200035824,2022-05-16 22:35:00,2022,5,16,22,35,17,17362,A10,45.386486,-0.603862,Nuit sans éclairage public,Hors agglomération,Hors intersection,Normale,Autre collision,1,3,4,3,1,1,1,0,1,130,1,2,1,0,0,1,44.0,,voiture,,3,1,1,1,6
202200035825,2022-05-16 01:00:00,2022,5,16,1,0,11,11202,,42.933679,3.002765,Nuit sans éclairage public,Hors agglomération,Giratoire,Normale,Sans collision,3,3,2,0,1,1,1,5,4,80,1,2,0,0,2,0,20.0,,deux_roues,,3,1,6,1,7
202200035826,2022-05-16 17:50:00,2022,5,16,17,50,987,98716,Atoll de Fakarava,-16.11641,-145.60318,Nuit sans éclairage public,Hors agglomération,Hors intersection,Normale,Deux véhicules - arrière,4,2,2,0,1,1,1,0,1,60,2,2,1,0,1,0,42.0,50.0,deux_roues,utilitaire_camion,3,1,1,1,2
202200035827,2022-04-02 15:10:00,2022,4,2,15,10,66,66226,Rte Departementale 900,42.589331,2.851982,Plein jour,Hors agglomération,Giratoire,Normale,Deux véhicules - arrière,3,1,1,0,1,1,1,0,1,80,2,6,3,0,2,1,43.0,79.0,voiture,utilitaire_camion,1,1,6,1,2
202200035828,2022-05-17 18:30:00,2022,5,17,18,30,83,83143,4820 Route de Bras,43.445473,6.010981,Plein jour,Hors agglomération,Hors intersection,Normale,Deux véhicules - côté,3,2,2,0,1,1,1,0,1,80,2,2,1,0,1,0,50.0,42.0,deux_roues,voiture,1,1,1,1,3
202200035829,2022-05-18 17:15:00,2022,5,18,17,15,38,38562,D5,45.089217,5.779924,Plein jour,Hors agglomération,Hors intersection,Normale,Deux véhicules - côté,7,2,2,0,2,3,1,0,1,80,2,2,0,0,1,1,64.0,20.0,voiture,voiture,1,1,1,1,3
202200035830,2022-05-18 17:00:00,2022,5,18,17,0,26,26206,D111b,44.832523,4.968266,Plein jour,Hors agglomération,Intersection en T,Normale,Deux véhicules - côté,3,2,2,0,1,1,1,0,1,80,2,2,0,0,1,1,48.0,23.0,voiture,voiture,1,1,3,1,3
202200035831,2022-05-18 10:55:00,2022,5,18,10,55,85,85302,La Vergnaie,46.941737,-0.956991,Plein jour,Hors agglomération,Hors intersection,Normale,Sans collision,4,2,2,0,2,1,1,0,1,80,1,2,1,0,1,0,41.0,,utilitaire_camion,,1,1,1,1,7
202200035832,2022-05-18 08:00:00,2022,5,18,8,0,44,44103,19 Rue du Docteur Schweitzer,47.326047,-2.162794,Plein jour,En agglomération,Giratoire,Normale,Deux véhicules - frontale,4,1,1,0,1,3,1,0,1,50,2,2,1,0,1,0,52.0,56.0,voiture,deux_roues,1,2,6,1,1
202200035833,2022-05-17 17:30:00,2022,5,17,17,30,59,59139,Rue Henri Dunant,50.124582,3.401996,Plein jour,En agglomération,Hors intersection,Normale,Autre collision,4,2,2,0,1,1,1,0,1,50,1,2,1,0,0,1,39.0,,voiture,,1,2,1,1,6
202200035834,2022-05-18 16:55:00,2022,5,18,16,55,59,59013,Route Nationale,50.6092639303,3.1802040339,Plein jour,Hors agglomération,Intersection en X,Normale,Deux véhicules - côté,7,2,2,1,1,1,1,0,1,50,2,2,1,0,0,1,71.0,56.0,voiture,deux_roues,1,1,2,1,3
202200035835,2022-05-17 22:20:00,2022,5,17,22,20,59,59581,8 Chemin de la Blanche,50.7030039454,2.74233073,Nuit sans éclairage public,Hors agglomération,Hors intersection,Normale,Autre collision,4,2,1,0,1,3,1,0,8,50,1,4,0,0,0,4,18.0,,voiture,,3,1,1,1,6
202200035836,2022-05-17 17:45:00,2022,5,17,17,45,13,13071,A552G-sens Martigues vers A7-Marseille,43.40189,5.29933,Plein jour,Hors agglomération,Autre intersection,Normale,Deux véhicules - côté,1,1,1,0,2,2,1,3,1,70,2,4,1,0,0,3,52.0,28.0,voiture,voiture,1,1,9,1,3
202200035837,2022-05-16 22:10:00,2022,5,16,22,10,13,13005,A50 - Sens Aubagne vers Marseille,43.2829967511,5.5777282312,Nuit sans éclairage public,Hors agglomération,Autre intersection,Normale,Autre collision,1,1,2,0,1,1,1,3,8,90,1,1,0,0,1,0,59.0,,deux_roues,,3,1,9,1,6
202200035838,2022-05-16 07:00:00,2022,5,16,7,0,69,69297,Autoroute 46,45.58955,4.80277,Plein jour,Hors agglomération,Autre intersection,Normale,Trois véhicules et plus - collisions multiples,1,3,6,0,2,1,1,3,1,70,3,3,2,0,0,1,36.0,56.0,voiture,utilitaire_camion,1,1,9,1,5
202200035839,2022-05-16 16:20:00,2022,5,16,16,20,67,67482,M351,48.58696,7.71466,Plein jour,Hors agglomération,Hors intersection,Normale,Deux véhicules - arrière,7,3,3,0,1,1,1,0,1,90,2,2,1,0,0,1,23.0,40.0,voiture,voiture,1,1,1,1,2
202200035840,2022-05-16 16:55:00,2022,5,16,16,55,67,67137,M83,48.499872,7.691403,Plein jour,Hors agglomération,Hors intersection,Normale,Trois véhicules et plus - en chaîne,7,3,3,0,1,1,1,0,1,70,3,3,2,0,0,1,29.0,36.0,voiture,voiture,1,1,1,1,4
202200035841,2022-05-17 18:35:00,2022,5,17,18,35,33,33063,ROCADE A 630,44.88004,-0.53797,Plein jour,Hors agglomération,Hors intersection,Normale,Trois véhicules et plus - en chaîne,1,3,6,0,1,1,1,2,1,70,4,4,3,0,0,1,49.0,48.0,deux_roues,voiture,1,1,1,1,4
202200035842,2022-05-16 13:15:00,2022,5,16,13,15,33,33249,ROUTE NATIONALE 230,44.87246,-0.50649,Plein jour,Hors agglomération,Hors intersection,Normale,Deux véhicules - côté,2,3,6,0,1,1,1,0,1,90,2,2,1,0,0,1,67.0,77.0,utilitaire_camion,voiture,1,1,1,1,3
202200035843,2022-05-17 06:30:00,2022,5,17,6,30,91,91340,AUTOROUTE A6,48.605971,2.435648,Crépuscule ou aube,Hors agglomération,Autre intersection,Normale,Trois véhicules et plus - collisions multiples,1,3,3,0,1,1,1,0,1,110,3,6,2,3,1,0,44.0,30.0,utilitaire_camion,voiture,2,1,9,1,5
202200035844,2022-05-17 09:50:00,2022,5,17,9,50,92,92050,A86 DUPLEX,48.9015226318,2.2026748359,Plein jour,Hors agglomération,Hors intersection,Normale,Deux véhicules - arrière,1,1,2,0,2,1,1,3,1,70,2,2,1,0,0,1,31.0,45.0,voiture,voiture,1,1,1,1,2
202200035845,2022-05-17 06:05:00,2022,5,17,6,5,78,78291,A13,48.967553,1.745714,Crépuscule ou aube,Hors agglomération,Hors intersection,Normale,Autre collision,1,3,3,0,1,3,1,0,1,110,1,1,0,0,0,1,58.0,,utilitaire_camion,,2,1,1,1,6
202200035846,2022-05-17 01:40:00,2022,5,17,1,40,78,78396,A14,48.91326,2.10926,Nuit avec éclairage allumé,Hors agglomération,Hors intersection,Normale,Autre collision,1,1,2,0,1,3,1,1,1,90,1,1,0,0,1,0,59.0,,deux_roues,,5,1,1,1,6
202200035847,2022-05-16 22:00:00,2022,5,16,22,0,78,78402,A13,48.963961,1.787551,Nuit sans éclairage public,Hors agglomération,Hors intersection,Normale,Deux véhicules - arrière,1,1,3,0,1,1,1,0,2,110,2,3,0,0,0,3,28.0,36.0,voiture,voiture,3,1,1,1,2
202200035848,2022-05-16 16:50:00,2022,5,16,16,50,95,95572,RN 184,49.0356125186,2.1175181866,Plein jour,Hors agglomération,Hors intersection,Normale,Deux véhicules - arrière,2,3,6,0,1,1,1,0,1,90,2,2,1,0,0,1,28.0,27.0,deux_roues,voiture,1,1,1,1,2
202200035849,2022-05-16 14:15:00,2022,5,16,14,15,95,95582, A15,48.96802,2.25265,Plein jour,Hors agglomération,Hors intersection,Normale,Deux véhicules - côté,1,3,8,0,3,3,1,0,1,110,2,2,1,0,0,1,60.0,34.0,utilitaire_camion,deux_roues,1,1,1,1,3
202200035850,2022-05-16 14:15:00,2022,5,16,14,15,93,93006,AUTOROUTE A3,48.8689,2.42896,Plein jour,Hors agglomération,Hors intersection,Normale,Deux véhicules - arrière,1,3,5,0,1,1,1,1,1,70,2,3,2,0,0,1,37.0,53.0,utilitaire_camion,utilitaire_camion,1,1,1,1,2
202200035851,2022-05-16 13:15:00,2022,5,16,13,15,93,93005,AUTOROUTE A3,48.94,2.47936,Plein jour,Hors agglomération,Hors intersection,Normale,Deux véhicules - arrière,1,3,6,0,1,1,1,0,1,90,2,3,2,0,0,1,63.0,48.0,voiture,voiture,1,1,1,1,2
202200035852,2022-05-16 13:00:00,2022,5,16,13,0,93,93006,AUTOROUTE A3,48.8657715811,2.4174962516,Plein jour,Hors agglomération,Hors intersection,Normale,Deux véhicules - arrière,1,3,9,0,1,3,1,0,1,70,2,2,1,0,0,1,31.0,39.0,utilitaire_camion,deux_roues,1,1,1,1,2