accident_id,datetime,annee,mois,jour,heure,minute,departement,commune_insee,adresse,latitude,longitude,luminosite,agglomeration,intersection,meteo,collision,catr,circ,nbv,vosp,prof,plan,surf,infra,situ,vma,nb_vehicules,nb_usagers,nb_indemnes,nb_tues,nb_blesses_hosp,nb_blesses_legers,age_cond_1,age_cond_2,veh_type_cond_1,veh_type_cond_2,lum_code,agg_code,int_code,atm_code,col_code
202200035853,2022-05-16 10:30:00,2022,5,16,10,30,95,95018,A15,48.9581673795,2.2747412324,Plein jour,Hors agglomération,Hors intersection,Normale,Deux véhicules - côté,1,3,8,0,1,1,1,0,1,110,2,2,1,0,0,1,,62.0,utilitaire_camion,deux_roues,1,1,1,1,3
202200035854,2022-05-16 09:50:00,2022,5,16,9,50,93,93006,AUTOROUTE A3,48.8657715811,2.4174962516,Plein jour,Hors agglomération,Hors intersection,Normale,Deux véhicules - arrière,1,3,4,0,1,1,1,0,1,90,2,2,1,0,0,1,33.0,25.0,voiture,deux_roues,1,1,1,1,2
202200035855,2022-05-16 06:45:00,2022,5,16,6,45,93,93066,AUTOROUTE A1,48.912677245,2.3577823052,Nuit avec éclairage allumé,Hors agglomération,Hors intersection,Normale,Deux véhicules - côté,1,3,4,0,1,1,1,1,1,90,2,3,1,0,0,2,45.0,36.0,deux_roues,voiture,5,1,1,1,3
202200035856,2022-05-17 20:15:00,2022,5,17,20,15,77,77121,A104,48.84037,2.664067,Plein jour,Hors agglomération,Hors intersection,Normale,Autre collision,1,3,4,0,1,1,1,0,1,90,5,5,4,0,0,1,21.0,62.0,voiture,voiture,1,1,1,1,6
202200035857,2022-05-17 19:15:00,2022,5,17,19,15,94,94065,A86 EXT,48.7535487312,2.3573043491,Plein jour,Hors agglomération,Hors intersection,Normale,Deux véhicules - arrière,1,1,4,0,1,1,1,0,1,90,2,2,1,0,0,1,21.0,45.0,voiture,deux_roues,1,1,1,1,2
202200035858,2022-05-17 08:20:00,2022,5,17,8,20,94,94015,A4,48.829062,2.528096,Plein jour,Hors agglomération,Hors intersection,Normale,Trois véhicules et plus - en chaîne,1,3,8,0,1,1,1,0,1,110,3,4,2,0,0,2,62.0,22.0,voiture,utilitaire_camion,1,1,1,1,4
202200035859,2022-05-07 16:55:00,2022,5,7,16,55,94,94044,RN19 .W,48.74124,2.51417,Plein jour,Hors agglomération,Hors intersection,Normale,Autre collision,2,3, -1,0,2,1,1,0,1,90,1,2,0,0,0,2,21.0,,voiture,,1,1,1,1,6
202200035860,2022-04-19 08:00:00,2022,4,19,8,0,77,77294,A104,48.96337,2.61328,Plein jour,Hors agglomération,Hors intersection,Normale,Deux véhicules - arrière,1,3,4,0,1,1,1,0,1,90,2,2,1,0,1,0,53.0,42.0,deux_roues,utilitaire_camion,1,1,1,1,2
202200035861,2022-04-16 08:00:00,2022,4,16,8,0,42,42069,D18,45.989057,4.053606,Plein jour,Hors agglomération,Hors intersection,Normale,Deux véhicules - arrière,3,2,2,0,2,3,1,0,1,80,2,2,1,0,0,1,18.0,18.0,deux_roues,deux_roues,1,1,1,1,2
202200035862,2022-04-15 16:50:00,2022,4,15,16,50,68,68076,Rue de la 1ère Armée Française,48.090874837,7.4963021278,Plein jour,Hors agglomération,Hors intersection,Normale,Sans collision,3,2,2,0,1,1,1,0,3,80,1,5,4,0,1,0,20.0,,voiture,,1,1,1,1,7
202200035863,2022-04-16 09:00:00,2022,4,16,9,0,61,61388,les mesnières,48.335381,0.456174,Plein jour,Hors agglomération,Intersection en T,Normale,Deux véhicules - côté,3,2,2,0,2,1,1,0,1,80,2,2,1,1,0,0,75.0,25.0,voiture,deux_roues,1,1,3,1,3
202200035864,2022-04-15 16:00:00,2022,4,15,16,0,06,06088,autoroute A8 PK 195+700 SUD,43.66902,7.200857,Plein jour,Hors agglomération,Hors intersection,Normale,Deux véhicules - arrière,1,3,4,0,1,1,1,3,1,50,2,3,2,0,0,1,43.0,22.0,deux_roues,voiture,1,1,1,1,2
202200035865,2022-04-15 18:20:00,2022,4,15,18,20,33,33199,Rue de la Barbotière,44.643273,-1.057279,Plein jour,En agglomération,Hors intersection,Normale,Autre collision,4,2,2,0,1,1,1,0,1,50,1,1,0,0,1,0,34.0,,deux_roues,,1,2,1,1,6
202200035866,2022-04-16 07:56:00,2022,4,16,7,56,42,42122,Route de St Anthème,45.580534,4.069823,Plein jour,Hors agglomération,Hors intersection,Normale,Trois véhicules et plus - collisions multiples,3,2,2,0,2,1,1,0,1,80,3,3,1,1,1,0,48.0,69.0,voiture,voiture,1,1,1,1,5
202200035867,2022-04-11 08:40:00,2022,4,11,8,40,56,56007,Avenue de l Océan,47.66396,-3.004932,Plein jour,En agglomération,Autre intersection,Normale,Deux véhicules - côté,4,2,2,0,1,1,1,9,5,50,2,2,1,0,0,1,36.0,28.0,voiture,deux_roues,1,2,9,1,3
202200035868,2022-04-15 05:00:00,2022,4,15,5,0,972,97230,Desmarinières,14.733175,-60.953307,Nuit sans éclairage public,Hors agglomération,Hors intersection,Normale,Deux véhicules - frontale,2,2,2,0,2,1,1,0,2,80,2,2,0,0,1,1,45.0,29.0,voiture,voiture,3,1,1,1,1
202200035869,2022-04-15 07:20:00,2022,4,15,7,20,64,64191,Rue des Pyrénées,43.1699794371,-0.2318062261,Plein jour,En agglomération,Intersection en T,Normale,Deux véhicules - côté,4,2,2,0,1,1,1,0,1,50,2,2,1,0,1,0,16.0,50.0,deux_roues,utilitaire_camion,1,2,3,1,3
202200035870,2022-04-05 16:00:00,2022,4,5,16,0,07,07264,,44.31778,4.58985,Plein jour,Hors agglomération,Hors intersection,Normale,Deux véhicules - frontale,4,2,1,0,2,3,1,0,1,50,2,2,1,0,0,1,43.0,36.0,voiture,utilitaire_camion,1,1,1,1,1
202200035871,2022-04-05 12:00:00,2022,4,5,12,0,38,38524,Intersection Route du Gros Chêne - Chemin de Malissol,45.083994,5.704699,Plein jour,Hors agglomération,Intersection en X,Normale,Deux véhicules - côté,4,-1,2,0,1,1,1,0,1,80,2,2,1,0,1,0,57.0,71.0,deux_roues,voiture,1,1,2,1,3
202200035872,2022-02-16 22:00:00,2022,2,16,22,0,14,14191,Avenue de la Combattante,49.334757,-0.450096,Nuit avec éclairage allumé,En agglomération,Hors intersection,Autre,Autre collision,4,3,2,1,1,1,1,-1,4,50,1,2,1,0,1,0,17.0,,deux_roues,,5,2,1,9,6
202200035873,2022-01-15 07:30:00,2022,1,15,7,30,28,28134,KENNEDY (AVENUE DU PRESIDENT),48.72979,1.38252,Nuit avec éclairage allumé,En agglomération,Intersection en T,Brouillard / fumée,Deux véhicules - côté,3,2,2,0,1,1,2,0,1,50,2,6,4,0,0,2,57.0,21.0,voiture,voiture,5,2,3,5,3
202200035874,2022-05-16 15:35:00,2022,5,16,15,35,976,97611,cavani-Rond point du Baobab,-12.783083,45.231759,Plein jour,En agglomération,Hors intersection,Normale,Deux véhicules - arrière,3,2,2,0,2,1,1,0,1,50,2,2,1,0,0,1,28.0,46.0,voiture,deux_roues,1,2,1,1,2
202200035875,2022-05-16 12:55:00,2022,5,16,12,55,974,97411,GUYON (FELIX),-20.88032,55.45258,Plein jour,En agglomération,Hors intersection,Normale,Deux véhicules - frontale,4,2,2,0,1,1,1,0,1,50,2,2,0,0,0,2,21.0,42.0,voiture,deux_roues,1,2,1,1,1
202200035876,2022-05-16 19:40:00,2022,5,16,19,40,973,97302,PASTEUR (CITE),4.9374000407,-52.3184689879,Nuit avec éclairage allumé,En agglomération,Hors intersection,Pluie légère,Sans collision,4,2,1,0,1,1,2,0,1,50,1,2,0,0,0,2,24.0,,deux_roues,,5,2,1,2,7
202200035877,2022-05-16 11:57:00,2022,5,16,11,57,973,97302,MIRZA (CITE),4.9331930053,-52.3252764344,Plein jour,En agglomération,Intersection en T,Pluie légère,Deux véhicules - côté,4,2,2,0,1,1,2,0,1,50,2,2,1,0,0,1,31.0,42.0,voiture,deux_roues,1,2,3,2,3
202200035878,2022-05-16 10:36:00,2022,5,16,10,36,973,97302,DE GAULLE (AVENUE),4.9387887217,-52.3317325115,Plein jour,En agglomération,Intersection en X,Normale,Autre collision,4,2,2,0,1,1,1,0,1,50,1,2,1,0,0,1,23.0,,voiture,,1,2,2,1,6
202200035879,2022-05-15 22:20:00,2022,5,15,22,20,972,97213,ROUTE DEPARTEMENTALE 15,14.641126,-61.0111,Nuit sans éclairage public,Hors agglomération,Hors intersection,Normale,Autre collision,3,2,2,0,3,3,1,0,3,80,1,1,0,1,0,0,28.0,,deux_roues,,3,1,1,1,6
202200035880,2022-05-16 07:50:00,2022,5,16,7,50,972,97209,RD 41 (ROCADE),14.61635,-61.05509,Plein jour,Hors agglomération,Hors intersection,Pluie légère,Deux véhicules - arrière,3,1,2,0,2,2,2,0,1,50,2,2,1,0,0,1,33.0,35.0,voiture,voiture,1,1,1,2,2
202200035881,2022-05-15 15:30:00,2022,5,15,15,30,971,97113,Route de la Riviera,16.21848,-61.50149,Plein jour,Hors agglomération,Autre intersection,Normale,Trois véhicules et plus - en chaîne,2,2,3,0,1,1,1,0,1,70,3,4,3,0,1,0,43.0,26.0,utilitaire_camion,deux_roues,1,1,9,1,4
202200035882,2022-05-16 05:20:00,2022,5,16,5,20,95,95277,Avenue François Mitterrand,48.98596,2.43613,Crépuscule ou aube,En agglomération,Hors intersection,Normale,Deux véhicules - frontale,3,2,2,0,1,1,1,0,1,50,2,2,1,0,0,1,50.0,23.0,voiture,voiture,2,2,1,1,1
202200035883,2022-05-13 12:50:00,2022,5,13,12,50,91,91421,JEAN JAURES (AVENUE),48.71375,2.44842,Plein jour,En agglomération,Autre intersection,Normale,Deux véhicules - côté,3,3,2,0,1,1,1,0,1,30,2,2,1,0,0,1,47.0,34.0,voiture,deux_roues,1,2,9,1,3
202200035884,2022-05-16 13:20:00,2022,5,16,13,20,91,91514,RTE NATIONALE 6,48.66996,2.507213,Plein jour,Hors agglomération,Hors intersection,Normale,Trois véhicules et plus - en chaîne,3,3,4,0,1,1,1,0,1,90,4,4,3,0,0,1,38.0,54.0,utilitaire_camion,utilitaire_camion,1,1,1,1,4
202200035885,2022-05-16 08:00:00,2022,5,16,8,0,91,91432,AV ARISTIDE BRIAND,48.701138,2.323539,Plein jour,En agglomération,Hors intersection,Normale,Deux véhicules - arrière,4,2,2,0,2,1,1,0,1,50,2,2,1,0,0,1,24.0,35.0,deux_roues,utilitaire_camion,1,2,1,1,2
202200035886,2022-05-14 05:30:00,2022,5,14,5,30,91,91294,R.D.20,48.38122,2.08994,Nuit sans éclairage public,Hors agglomération,Hors intersection,Normale,Sans collision,3,3,4,0,1,1,1,0,8,90,1,1,0,0,0,1,42.0,,voiture,,3,1,1,1,7
202200035887,2022-05-14 18:30:00,2022,5,14,18,30,87,87050,POITIERS (RUE DE),45.89987,1.22675,Plein jour,Hors agglomération,Hors intersection,Normale,Deux véhicules - arrière,3,2,2,0,1,3,1,0,1,90,2,2,1,0,0,1,80.0,64.0,voiture,voiture,1,1,1,1,2
202200035888,2022-05-13 13:21:00,2022,5,13,13,21,87,87085,GAMBETTA (BOULEVARD),45.82772,1.25816,Plein jour,En agglomération,Intersection en T,Normale,Deux véhicules - arrière,4,4,4,0,2,1,1,0,1,50,2,3,1,0,0,2,39.0,54.0,voiture,deux_roues,1,2,3,1,2
202200035889,2022-05-13 22:03:00,2022,5,13,22,3,87,87075,PONT DE L'AURENCE (ROUTE DU),45.81562,1.18549,Nuit sans éclairage public,Hors agglomération,Hors intersection,Normale,Sans collision,4,2,2,0,1,3,1,0,1,50,1,1,0,0,0,1,17.0,,deux_roues,,3,1,1,1,7
202200035890,2022-05-16 11:50:00,2022,5,16,11,50,83,83062,PLANQUETTE (CHEMIN DE LA),43.1354763709,6.0320446193,Plein jour,En agglomération,Giratoire,Normale,Deux véhicules - côté,7,1,1,0,1,3,1,9,1,50,2,2,1,0,0,1,27.0,66.0,voiture,deux_roues,1,2,6,1,3
202200035891,2022-05-16 12:45:00,2022,5,16,12,45,83,83069,ROTTWEIL (AVENUE DE ),43.12672,6.15238,Plein jour,En agglomération,Hors intersection,Normale,Deux véhicules - frontale,4,2,2,0,1,2,1,0,1,30,2,2,1,0,0,1,29.0,37.0,deux_roues,transport_commun,1,2,1,1,1
202200035892,2022-05-13 15:30:00,2022,5,13,15,30,77,77296,RUE DE LUGNY,48.62162,2.58569,Plein jour,En agglomération,Hors intersection,Normale,Deux véhicules - côté,4,2,2,0,1,1,1,0,1,30,2,2,1,0,1,0,14.0,25.0,deux_roues,voiture,1,2,1,1,3
202200035893,2022-05-14 19:50:00,2022,5,14,19,50,77,77237,D10,48.8177,2.75739,Plein jour,Hors agglomération,Hors intersection,Normale,Sans collision,3,2,2,0,1,3,1,0,1,80,1,1,0,0,0,1,26.0,,deux_roues,,1,1,1,1,7
202200035894,2022-05-06 06:20:00,2022,5,6,6,20,76,76497,N138 - Sud 3,49.36974,1.04201,Plein jour,Hors agglomération,Hors intersection,Normale,Autre collision,2,3,6,0,1,1,1,0,1,110,1,2,1,0,1,0,23.0,,voiture,,1,1,1,1,6
202200035895,2022-05-16 08:10:00,2022,5,16,8,10,76,76319,D13,49.35539,1.02554,Plein jour,Hors agglomération,Hors intersection,Normale,Deux véhicules - côté,7,2,2,0,1,3,1,0,1,80,2,2,1,0,0,1,24.0,55.0,voiture,deux_roues,1,1,1,1,3
202200035896,2022-05-13 18:03:00,2022,5,13,18,3,76,76351,ALBERT 1ER,49.49963,0.0898,Plein jour,En agglomération,Hors intersection,Normale,Autre collision,4,1,2,1,1,1,1,0,4,50,1,2,1,0,0,1,,,deux_roues,,1,2,1,1,6
202200035897,2022-05-16 09:00:00,2022,5,16,9,0,73,73011,MATHIAS (RUE JEAN-BAPTISTE),45.6727417349,6.3872597985,Plein jour,En agglomération,Hors intersection,Normale,Deux véhicules - côté,4,2,2,0,1,3,1,0,1,30,2,2,1,0,0,1,43.0,49.0,voiture,voiture,1,2,1,1,3
202200035898,2022-05-03 20:52:00,2022,5,3,20,52,72,72181,DURAND GEORGES (AV) N° PAIRS 166 A 310,47.97235,0.21653,Crépuscule ou aube,En agglomération,Hors intersection,Normale,Autre collision,4,3,2,2,2,1,1,0,8,30,1,2,1,0,1,0,,,deux_roues,,2,2,1,1,6
202200035899,2022-05-15 16:40:00,2022,5,15,16,40,71,71118,FRANCHET D'ESPEREY (AVENUE),46.79382,4.82358,Plein jour,Hors agglomération,Hors intersection,Normale,Deux véhicules - arrière,3,1,2,0,1,1,1,0,1,70,2,2,1,0,0,1,26.0,42.0,voiture,voiture,1,1,1,1,2
202200035900,2022-05-16 09:20:00,2022,5,16,9,20,69,69264,Boulevard Pierre Pasquier,45.98708,4.7217,Plein jour,En agglomération,Hors intersection,Normale,Deux véhicules - arrière,3,1,1,3,1,1,1,0,1,50,2,3,2,0,0,1,34.0,40.0,voiture,voiture,1,2,1,1,2
202200035901,2022-09-01 15:10:00,2022,9,1,15,10,2A,2A139,Lecci,41.677608,9.316288,Plein jour,En agglomération,Hors intersection,Normale,Deux véhicules - arrière,2,2,2,0,1,1,1,0,1,50,2,2,1,0,1,0,66.0,64.0,deux_roues,voiture,1,2,1,1,2
202200035902,2022-10-01 12:45:00,2022,10,1,12,45,2B,2B121,D81,42.431503,8.733444,Plein jour,Hors agglomération,Hors intersection,Normale,Deux véhicules - frontale,3,2,2,0,1,3,1,0,1,80,2,2,1,0,0,1,30.0,63.0,voiture,deux_roues,1,1,1,1,1
202200035903,2022-10-01 05:55:00,2022,10,1,5,55,2B,2B207,Folelli,42.455579,9.502782,Nuit sans éclairage public,Hors agglomération,Hors intersection,Autre,Deux véhicules - arrière,2,2,2,0,1,1,1,0,1,80,2,2,1,0,0,1,76.0,47.0,deux_roues,voiture,3,1,1,9,2
202200035904,2022-09-30 14:50:00,2022,9,30,14,50,33,33348,route de VENDAYS,45.340642,-1.008178,Plein jour,Hors agglomération,Hors intersection,Normale,Deux véhicules - frontale,4,2,2,0,1,1,1,0,1,50,2,5,3,0,2,0,45.0,68.0,utilitaire_camion,voiture,1,1,1,1,1
202200035905,2022-09-30 19:30:00,2022,9,30,19,30,61,61464,36 Rue Billy,48.60395,0.171248,Crépuscule ou aube,En agglomération,Hors intersection,Pluie légère,Deux véhicules - côté,4,1,1,0,1,1,2,0,1,50,2,2,1,0,0,1,15.0,55.0,deux_roues,voiture,2,2,1,2,3
202200035906,2022-10-01 11:40:00,2022,10,1,11,40,47,47069,1180 avenue de la Libération,44.219052,0.545931,Plein jour,En agglomération,Intersection en T,Normale,Sans collision,3,2,2,0,1,1,1,5,1,50,1,1,0,0,0,1,51.0,,deux_roues,,1,2,3,1,7
202200035907,2022-09-30 08:00:00,2022,9,30,8,0,44,44069,D774,47.314697,-2.428697,Crépuscule ou aube,Hors agglomération,Giratoire,Temps couvert,Deux véhicules - côté,3,2,2,0,1,2,2,0,1,80,2,2,1,0,0,1,49.0,50.0,utilitaire_camion,deux_roues,2,1,6,8,3
202200035908,2022-10-01 09:40:00,2022,10,1,9,40,44,44163,D19,47.406163,-1.13525,Plein jour,Hors agglomération,Hors intersection,Pluie légère,Sans collision,3,2,2,0,1,3,2,9,3,80,1,1,0,1,0,0,19.0,,voiture,,1,1,1,2,7
202200035909,2022-10-01 12:00:00,2022,10,1,12,0,35,35009,Le Fresche,48.5191852407,-1.7448024452,Plein jour,Hors agglomération,Hors intersection,Normale,Autre collision,3,2,2,0,1,3,1,0,3,80,1,1,0,0,1,0,23.0,,voiture,,1,1,1,1,6
202200035910,2022-09-30 16:30:00,2022,9,30,16,30,29,29209,Coat Saliou,48.5450840732,-4.4123770595,Plein jour,Hors agglomération,Hors intersection,Pluie légère,Deux véhicules - frontale,3,2,2,0,1,1,2,0,1,70,2,2,1,0,1,0,54.0,24.0,voiture,deux_roues,1,1,1,2,1
202200035911,2022-09-30 16:30:00,2022,9,30,16,30,14,14393,D36,49.0850758077,-0.4795655608,Plein jour,Hors agglomération,Intersection en X,Normale,Deux véhicules - côté,3,2,2,0,1,1,1,0,1,80,2,2,1,0,1,0,62.0,71.0,utilitaire_camion,deux_roues,1,1,2,1,3
202200035912,2022-09-30 18:40:00,2022,9,30,18,40,18,18281,,47.206742,2.1542,Crépuscule ou aube,Hors agglomération,Hors intersection,Temps couvert,Sans collision,3,2,2,0,2,1,2,0,1,90,1,1,0,0,0,1,25.0,,deux_roues,,2,1,1,8,7
202200035913,2022-09-30 20:15:00,2022,9,30,20,15,16,16135,Route de Piégut,45.649312,0.533003,Crépuscule ou aube,Hors agglomération,Hors intersection,Temps couvert,Trois véhicules et plus - collisions multiples,3,2,2,0,2,4,1,0,1,90,3,5,1,0,1,3,38.0,45.0,voiture,voiture,2,1,1,8,5
202200035914,2022-09-30 11:00:00,2022,9,30,11,0,27,27017,4 route d'Orléans,48.995614,1.15556,Plein jour,En agglomération,Hors intersection,Normale,Trois véhicules et plus - collisions multiples,3,2,2,0,1,1,1,0,1,70,3,3,2,0,1,0,24.0,72.0,deux_roues,utilitaire_camion,1,2,1,1,5
202200035915,2022-10-01 09:00:00,2022,10,1,9,0,48,48082,Col de la Pierre Plantée,44.58317,3.645594,Plein jour,Hors agglomération,Hors intersection,Normale,Autre collision,2,2,2,0,2,3,1,0,3,50,1,1,0,0,1,0,81.0,,voiture,,1,1,1,1,6
202200035916,2022-09-18 18:15:00,2022,9,18,18,15,08,08185,Rue du Stade,49.987497,4.711177,Plein jour,En agglomération,Hors intersection,Normale,Autre collision,4,-1,1,0,1,1,1,0,1,50,1,2,1,0,1,0,53.0,,deux_roues,,1,2,1,1,6
202200035917,2022-09-30 21:15:00,2022,9,30,21,15,24,24538,RD 703,44.82203,1.003221,Nuit sans éclairage public,Hors agglomération,Hors intersection,Normale,Deux véhicules - frontale,3,2,2,0,1,3,1,0,1,90,2,3,1,0,2,0,38.0,30.0,voiture,voiture,3,1,1,1,1
202200035918,2022-09-23 07:45:00,2022,9,23,7,45,31,31587,A62 PK 211.300,43.77113,1.384749,Plein jour,Hors agglomération,Hors intersection,Normale,Deux véhicules - arrière,1,3,3,0,4,1,1,0,1,130,2,2,1,0,1,0,60.0,34.0,voiture,voiture,1,1,1,1,2
202200035919,2022-10-01 18:38:00,2022,10,1,18,38,31,31162,a61,43.47547,1.559029,Plein jour,Hors agglomération,Hors intersection,Normale,Trois véhicules et plus - collisions multiples,1,3,3,0,1,1,1,0,1,130,3,4,2,0,1,1,44.0,52.0,voiture,voiture,1,1,1,1,5
202200035920,2022-09-30 07:47:00,2022,9,30,7,47,38,38547,Rue Alfred Fredet,45.258391,5.908418,Plein jour,En agglomération,Intersection en X,Normale,Autre collision,3,2,2,0,1,1,1,0,1,50,1,2,1,0,1,0,41.0,,utilitaire_camion,,1,2,2,1,6
202200035921,2022-10-01 07:00:00,2022,10,1,7,0,68,68267,Autoroute A36 PK004+700,47.740362,7.229433,Nuit sans éclairage public,Hors agglomération,Hors intersection,Temps couvert,Trois véhicules et plus - collisions multiples,1,1,4,0,1,1,2,0,1,130,6,14,11,1,1,1,27.0,20.0,voiture,voiture,3,1,1,8,5
202200035922,2022-10-01 04:45:00,2022,10,1,4,45,06,06088,A8 pk 190+300 nord,43.707985,7.191684,Nuit avec éclairage allumé,Hors agglomération,Hors intersection,Normale,Deux véhicules - côté,1,3,4,3,2,1,2,0,1,90,2,2,1,0,0,1,,37.0,utilitaire_camion,deux_roues,5,1,1,1,3
202200035923,2022-10-01 00:46:00,2022,10,1,0,46,34,34095,A9,43.540007,3.785868,Nuit sans éclairage public,Hors agglomération,Hors intersection,Normale,Autre collision,1,3,5,0,1,1,1,0,1,130,1,3,2,1,0,0,50.0,,utilitaire_camion,,3,1,1,1,6
202200035924,2022-09-18 17:25:00,2022,9,18,17,25,30,30189,AUTOROUTE A9 PK 56+800 VERS ORANGE,43.808208,4.338312,Plein jour,Hors agglomération,Hors intersection,Normale,Trois véhicules et plus - en chaîne,1,3,3,0,1,1,1,0,1,130,4,7,3,0,1,3,23.0,38.0,voiture,utilitaire_camion,1,1,1,1,4
202200035925,2022-09-30 17:45:00,2022,9,30,17,45,27,27375,Sente de la Plaquette,49.205097,1.182766,Plein jour,En agglomération,Hors intersection,Normale,Sans collision,4,2,2,0,1,1,1,0,1,50,1,2,1,0,0,1,22.0,,transport_commun,,1,2,1,1,7
202200035926,2022-09-29 12:15:00,2022,9,29,12,15,69,69189,Route Départementale 386,45.5213479981,4.864472151,Plein jour,Hors agglomération,Hors intersection,Pluie légère,Autre collision,3,2,2,0,1,1,2,0,1,70,1,2,1,0,0,1,44.0,,voiture,,1,1,1,2,6
202200035927,2022-10-01 06:45:00,2022,10,1,6,45,976,97607,Tsararano,-12.837389,45.182637,Plein jour,Hors agglomération,Autre intersection,Normale,Deux véhicules - frontale,2,2,2,0,2,2,1,0,1,70,2,4,1,2,1,0,44.0,45.0,transport_commun,voiture,1,1,9,1,1
202200035928,2022-09-30 20:30:00,2022,9,30,20,30,973,97303,RN 1 PK 156-157,5.490706,-53.298068,Nuit sans éclairage public,Hors agglomération,Hors intersection,Normale,Trois véhicules et plus - collisions multiples,2,2,2,0,1,3,1,0,1,80,3,4,0,2,1,1,21.0,50.0,voiture,voiture,3,1,1,1,5
202200035929,2022-09-29 11:50:00,2022,9,29,11,50,971,97134,boulevard arnaud nicolas,16.083888,-61.766467,Plein jour,Hors agglomération,Hors intersection,Pluie légère,Deux véhicules - frontale,2,2,1,0,2,1,2,0,1,70,2,2,0,0,1,1,20.0,67.0,voiture,voiture,1,1,1,2,1
202200035930,2022-10-01 14:10:00,2022,10,1,14,10,95,95154,RD 165E,49.0402990968,2.5566226244,Plein jour,Hors agglomération,Hors intersection,Normale,Trois véhicules et plus - en chaîne,3,2,2,0,2,1,1,0,1,70,3,3,1,0,0,2,56.0,36.0,voiture,voiture,1,1,1,1,4
202200035931,2022-09-30 20:45:00,2022,9,30,20,45,13,13076,D99,43.821911,5.031229,Nuit sans éclairage public,Hors agglomération,Hors intersection,Normale,Deux véhicules - frontale,3,3,4,0,2,3,1,0,1,80,1,1,0,0,1,0,49.0,,voiture,,3,1,1,1,1
202200035932,2022-09-30 17:00:00,2022,9,30,17,0,71,71082,Le Bourg (Arrêt de bus),46.469672,4.246307,Plein jour,En agglomération,Intersection en X,Normale,Deux véhicules - frontale,3,2,2,0,1,1,1,0,1,50,2,2,1,0,1,0,27.0,21.0,deux_roues,voiture,1,2,2,1,1
202200035933,2022-09-30 18:30:00,2022,9,30,18,30,33,33382,Lieu Dit Jard de Bourdillas,45.193859,-0.457813,Plein jour,En agglomération,Intersection en X,Normale,Deux véhicules - côté,3,2,2,0,1,1,1,0,1,50,2,2,0,0,1,1,36.0,26.0,voiture,voiture,1,2,2,1,3
202200035934,2022-09-30 20:26:00,2022,9,30,20,26,60,60225,D55,49.434177484,2.370337637,Nuit sans éclairage public,Hors agglomération,Hors intersection,Temps couvert,Deux véhicules - frontale,3,2,2,0,1,4,1,0,1,80,2,2,0,0,1,1,45.0,31.0,voiture,voiture,3,1,1,8,1
202200035935,2022-09-30 16:30:00,2022,9,30,16,30,13,13215,A7-Sens Marseille vers Lyon,43.353793618,5.3647207688,Plein jour,Hors agglomération,Hors intersection,Normale,Deux véhicules - arrière,1,1,3,0,1,1,1,0,1,90,3,3,2,0,0,1,37.0,26.0,voiture,utilitaire_camion,1,1,1,1,2
202200035936,2022-09-30 09:05:00,2022,9,30,9,5,83,83137,A57,43.12924,5.97746,Plein jour,Hors agglomération,Hors intersection,Normale,Deux véhicules - arrière,1,1,4,0,1,1,1,0,1,70,2,2,1,0,1,0,39.0,42.0,deux_roues,utilitaire_camion,1,1,1,1,2
202200035937,2022-09-29 16:20:00,2022,9,29,16,20,69,69235,Autoroute 7,45.532096252,4.8602592945,Plein jour,Hors agglomération,Hors intersection,Normale,Autre collision,1,3,6,0,2,1,1,0,1,110,1,2,1,1,0,0,38.0,,utilitaire_camion,,1,1,1,1,6
202200035938,2022-09-30 16:45:00,2022,9,30,16,45,91,91589,AUTOROUTE A6,48.67926,2.33418,Plein jour,Hors agglomération,Hors intersection,Normale,Deux véhicules - arrière,1,2,6,0,1,1,1,0,1,110,2,2,1,0,0,1,30.0,69.0,voiture,voiture,1,1,1,1,2
202200035939,2022-09-30 05:15:00,2022,9,30,5,15,988,98818,RUE JACQUES IEKAWE à hauteur PMI,-22.24851,166.45536,Crépuscule ou aube,En agglomération,Hors intersection,Pluie légère,Deux véhicules - frontale,4,2,2,0,1,1,2,0,1,30,2,7,0,0,1,6,50.0,25.0,transport_commun,voiture,2,2,1,2,1
202200035940,2022-09-29 17:15:00,2022,9,29,17,15,974,97416,RN2 (2),-21.33252,55.48033,Plein jour,En agglomération,Intersection en T,Normale,Deux véhicules - côté,2,2,2,0,1,1,1,0,1,50,2,2,1,0,1,0,39.0,17.0,voiture,deux_roues,1,2,3,1,3
202200035941,2022-09-29 06:15:00,2022,9,29,6,15,974,97416,AERODROME (CHEMIN DE L'),-21.30783,55.42986,Plein jour,En agglomération,Hors intersection,Normale,Deux véhicules - côté,4,2,2,0,1,1,1,0,1,50,2,2,1,0,1,0,33.0,27.0,utilitaire_camion,deux_roues,1,2,1,1,3
202200035942,2022-09-30 00:50:00,2022,9,30,0,50,69,69387,Boulevard Yves Farge,45.74511,4.8358,Nuit avec éclairage allumé,En agglomération,Hors intersection,Temps couvert,Sans collision,4,2,4,1,1,1,1,0,1,30,1,1,0,0,1,0,33.0,,deux_roues,,5,2,1,8,7