accident_id,datetime,annee,mois,jour,heure,minute,departement,commune_insee,adresse,latitude,longitude,luminosite,agglomeration,intersection,meteo,collision,catr,circ,nbv,vosp,prof,plan,surf,infra,situ,vma,nb_vehicules,nb_usagers,nb_indemnes,nb_tues,nb_blesses_hosp,nb_blesses_legers,age_cond_1,age_cond_2,veh_type_cond_1,veh_type_cond_2,lum_code,agg_code,int_code,atm_code,col_code
202200036034,2022-09-29 18:41:00,2022,9,29,18,41,92,92048,PARIS (RUE DE) N° 2 A 6,48.816839843,2.247921288,Plein jour,En agglomération,Hors intersection,Normale,Deux véhicules - frontale,4,2,1,2,1,1,1,0,1,30,2,4,2,0,0,2,51.0,51.0,voiture,deux_roues,1,2,1,1,1
202200036035,2022-09-28 19:30:00,2022,9,28,19,30,92,92062,JEAN MOULIN (AVENUE),48.8876259093,2.2402718961,Crépuscule ou aube,En agglomération,Hors intersection,Normale,Deux véhicules - côté,3,1,2,2,2,1,1,0,1,30,2,2,1,0,0,1,62.0,38.0,deux_roues,utilitaire_camion,2,2,1,1,3
202200036036,2022-09-27 11:35:00,2022,9,27,11,35,92,92025,STALINGRAD (AV DE),48.935663,2.260925,Plein jour,En agglomération,Intersection en T,Temps couvert,Deux véhicules - frontale,3,2,4,0,1,1,2,2,1,30,2,2,1,0,0,1,53.0,26.0,voiture,voiture,1,2,3,8,1
202200036037,2022-09-29 08:25:00,2022,9,29,8,25,92,92024,PIERRE DREYFUS (RUE),48.9037392326,2.3204779923,Plein jour,En agglomération,Intersection en X,Normale,Deux véhicules - frontale,3,2,2,0,1,1,1,0,1,50,2,2,1,0,0,1,26.0,50.0,utilitaire_camion,deux_roues,1,2,2,1,1
202200036038,2022-09-29 16:40:00,2022,9,29,16,40,92,92071,BAGNEUX (RUE DE),48.784230007,2.3027595877,Plein jour,En agglomération,Hors intersection,Normale,Autre collision,4,2,2,0,1,1,1,0,4,30,1,5,1,0,0,4,85.0,,voiture,,1,2,1,1,6
202200036039,2022-09-29 00:50:00,2022,9,29,0,50,92,92012,ANDRE MORIZET (AVENUE) - 49/FIN - 54/FIN,48.8390403706,2.2320232987,Nuit avec éclairage allumé,En agglomération,Intersection en X,Normale,Deux véhicules - côté,3,2,1,0,1,1,1,0,1,50,2,2,1,0,0,1,68.0,21.0,voiture,deux_roues,5,2,2,1,3
202200036040,2022-09-29 16:25:00,2022,9,29,16,25,976,97610,RN1,-12.73014,45.162268,Plein jour,Hors agglomération,Hors intersection,Normale,Deux véhicules - arrière,2,2,2,0,1,3,1,0,1,70,2,6,3,0,0,3,46.0,49.0,voiture,deux_roues,1,1,1,1,2
202200036041,2022-09-29 07:00:00,2022,9,29,7,0,976,97610,Route nationale collége de majicavo,-12.753157,45.227854,Plein jour,Hors agglomération,Hors intersection,Normale,Deux véhicules - arrière,4,2,2,0,1,2,1,0,1,50,2,5,3,0,0,2,63.0,25.0,deux_roues,voiture,1,1,1,1,2
202200036042,2022-09-25 11:55:00,2022,9,25,11,55,87,87183,D5,45.978016,1.347196,Plein jour,Hors agglomération,Hors intersection,Normale,Deux véhicules - frontale,3,2,2,0,2,3,2,0,1,80,2,4,0,0,0,4,58.0,70.0,voiture,voiture,1,1,1,1,1
202200036043,2022-09-30 17:15:00,2022,9,30,17,15,51,51649,Rue de la Glacière,48.726798,4.590381,Plein jour,En agglomération,Hors intersection,Normale,Sans collision,3,2,2,0,1,1,1,0,1,50,1,2,0,0,1,1,31.0,,voiture,,1,2,1,1,7
202200036044,2022-09-24 11:50:00,2022,9,24,11,50,01,01325,Departementale 22,45.959981,5.148811,Plein jour,Hors agglomération,Intersection en X,Normale,Deux véhicules - côté,3,2,2,0,1,1,2,0,1,80,2,6,4,0,0,2,52.0,25.0,voiture,voiture,1,1,2,1,3
202200036045,2022-09-30 15:45:00,2022,9,30,15,45,01,01384,D1504,45.949986,5.453296,Plein jour,Hors agglomération,Hors intersection,Normale,Deux véhicules - frontale,3,2,2,1,1,2,1,0,1,70,2,2,1,0,1,0,22.0,56.0,voiture,deux_roues,1,1,1,1,1
202200036046,2022-09-30 16:50:00,2022,9,30,16,50,06,06149,M2204b,43.736186,7.307239,Plein jour,Hors agglomération,Hors intersection,Normale,Deux véhicules - côté,9,3,2,0,1,2,1,0,1,70,2,2,1,1,0,0,31.0,47.0,deux_roues,utilitaire_camion,1,1,1,1,3
202200036047,2022-09-29 10:50:00,2022,9,29,10,50,84,84043,Allée du Moulin Vieux,44.007258,4.931027,Plein jour,En agglomération,Hors intersection,Normale,Autre collision,5,2,1,0,1,1,1,0,1,-1,1,2,1,0,1,0,67.0,,utilitaire_camion,,1,2,1,1,6
202200036048,2022-09-26 17:30:00,2022,9,26,17,30,49,49127,Route de Sablé,47.681028,-0.253882,Plein jour,Hors agglomération,Hors intersection,Temps couvert,Deux véhicules - côté,3,2,2,0,1,1,2,0,1,80,2,2,1,0,1,0,34.0,34.0,voiture,utilitaire_camion,1,1,1,8,3
202200036049,2022-09-30 05:45:00,2022,9,30,5,45,13,13078,Avenue Marx Dormoy,43.401251,4.826292,Nuit sans éclairage public,Hors agglomération,Giratoire,Normale,Deux véhicules - frontale,4,1,2,0,1,2,1,0,1,80,2,2,1,0,1,0,44.0,,voiture,voiture,3,1,6,1,1
202200036050,2022-09-29 22:40:00,2022,9,29,22,40,84,84083,754 Chemin de Bourgnanen,44.21466,4.755363,Nuit avec éclairage allumé,En agglomération,Hors intersection,Normale,Deux véhicules - frontale,4,-1,1,0,1,1,1,0,1,50,1,1,0,0,1,0,21.0,,deux_roues,,5,2,1,1,1
202200036051,2022-09-30 13:36:00,2022,9,30,13,36,52,52258,a5,48.1062897076,4.7950816154,Plein jour,Hors agglomération,Hors intersection,Temps éblouissant,Sans collision,1,1,4,0,1,2,1,0,3,130,1,4,0,0,3,1,61.0,,voiture,,1,1,1,7,7
202200036052,2022-09-29 07:40:00,2022,9,29,7,40,35,35152,A84,48.195526703,-1.5369690958,Crépuscule ou aube,Hors agglomération,Autre intersection,Pluie légère,Deux véhicules - arrière,1,3,4,0,1,1,2,0,1,130,2,2,1,0,1,0,19.0,40.0,voiture,voiture,2,1,9,2,2
202200036053,2022-09-29 21:10:00,2022,9,29,21,10,06,06046,"rond point du roguez, RM 6202",43.771632,7.21356,Nuit sans éclairage public,Hors agglomération,Giratoire,Normale,Deux véhicules - frontale,7,2,2,0,1,1,1,0,1,50,1,1,0,0,1,0,37.0,,deux_roues,,3,1,6,1,1
202200036054,2022-09-30 10:35:00,2022,9,30,10,35,69,69133,7 Rue de Flignon,45.638542,4.771285,Plein jour,Hors agglomération,Hors intersection,Temps couvert,Autre collision,4,2,2,0,2,3,1,0,3,-1,1,1,0,0,0,1,89.0,,voiture,,1,1,1,8,6
202200036055,2022-09-24 16:30:00,2022,9,24,16,30,57,57106,Rue Saint Eloi,49.297042,6.559696,Plein jour,Hors agglomération,Hors intersection,Normale,Autre collision,4,-1,2,0,1,1,1,0,3,-1,1,1,0,0,0,1,16.0,,deux_roues,,1,1,1,1,6
202200036056,2022-09-30 06:20:00,2022,9,30,6,20,79,79013,,46.988386,-0.4407,Nuit avec éclairage allumé,En agglomération,Intersection en T,Normale,Deux véhicules - côté,3,2,2,0,1,1,1,0,1,50,2,3,2,0,1,0,17.0,43.0,voiture,utilitaire_camion,5,2,3,1,3
202200036057,2022-09-30 08:00:00,2022,9,30,8,0,2B,2B238,T50,42.268168,9.218364,Plein jour,Hors agglomération,Hors intersection,Pluie légère,Deux véhicules - frontale,2,2,2,0,1,3,2,0,1,80,2,2,1,0,1,0,38.0,19.0,voiture,voiture,1,1,1,2,1
202200036058,2022-09-29 07:15:00,2022,9,29,7,15,55,55291,RN4,48.693255,5.34987,Crépuscule ou aube,Hors agglomération,Hors intersection,Normale,Deux véhicules - arrière,2,3,4,0,2,1,1,0,1,110,2,5,3,1,1,0,59.0,40.0,utilitaire_camion,voiture,2,1,1,1,2
202200036059,2022-09-29 08:45:00,2022,9,29,8,45,46,46088,Rue des Mariniers,44.469537,1.362389,Crépuscule ou aube,Hors agglomération,Hors intersection,Pluie forte,Autre collision,3,2,2,0,2,1,3,0,3,80,1,2,1,0,1,0,55.0,,voiture,,2,1,1,3,6
202200036060,2022-09-29 17:30:00,2022,9,29,17,30,47,47228,grand Bal,44.32265017,0.7227991405,Plein jour,Hors agglomération,Hors intersection,Pluie forte,Trois véhicules et plus - collisions multiples,2,2,2,0,1,2,2,0,1,80,3,11,1,1,0,9,61.0,56.0,voiture,transport_commun,1,1,1,3,5
202200036061,2022-09-29 12:25:00,2022,9,29,12,25,41,41185,d 724,47.32677,1.691921,Plein jour,Hors agglomération,Hors intersection,Normale,Deux véhicules - côté,3,2,2,0,1,1,1,0,1,70,2,2,1,0,1,0,18.0,61.0,voiture,deux_roues,1,1,1,1,3
202200036062,2022-09-25 14:15:00,2022,9,25,14,15,68,68119,11 Rue de Cernay,47.651273,7.158045,Plein jour,En agglomération,Hors intersection,Normale,Deux véhicules - côté,3,2,2,0,1,2,1,0,1,50,2,2,1,0,0,1,60.0,20.0,deux_roues,utilitaire_camion,1,2,1,1,3
202200036063,2022-09-20 21:00:00,2022,9,20,21,0,44,44131,rond-point Gilbert Pollono,47.11262,-2.065537,Nuit avec éclairage allumé,En agglomération,Giratoire,Normale,Sans collision,3,3,2,0,1,1,1,0,1,50,1,2,0,0,1,1,41.0,,deux_roues,,5,2,6,1,7
202200036064,2022-12-08 14:44:00,2022,12,8,14,44,75,75103,RUE PERREE,48.864912,2.360797,Plein jour,En agglomération,Intersection en T,Temps couvert,Deux véhicules - côté,4,1,2,0,1,1,1,0,1,30,2,4,3,0,0,1,20.0,39.0,voiture,deux_roues,1,2,3,8,3
202200036065,2022-09-29 18:20:00,2022,9,29,18,20,44,44128,2 Bel Air du Dresny,47.590449,-1.935847,Plein jour,Hors agglomération,Hors intersection,Temps couvert,Deux véhicules - frontale,3,2,2,0,1,1,1,0,1,80,2,3,0,1,2,0,71.0,44.0,voiture,voiture,1,1,1,8,1
202200036066,2022-12-08 17:30:00,2022,12,8,17,30,75,75119,RUE ARMAND CARREL,48.882753,2.37668,Nuit avec éclairage allumé,En agglomération,Hors intersection,Normale,Deux véhicules - arrière,4,2,2,0,1,1,1,0,1,30,2,2,1,0,0,1,,40.0,deux_roues,deux_roues,5,2,1,1,2
202200036067,2022-09-29 16:07:00,2022,9,29,16,7,35,35306,lieu dit la mare,48.572121,-1.90468,Plein jour,Hors agglomération,Hors intersection,Normale,Deux véhicules - frontale,3,2,2,0,1,3,1,0,1,50,2,3,0,0,0,3,39.0,31.0,voiture,voiture,1,1,1,1,1
202200036068,2022-12-08 18:21:00,2022,12,8,18,21,75,75118,RUE DAMREMONT,48.89364,2.336379,Nuit avec éclairage allumé,En agglomération,Intersection en X,Normale,Deux véhicules - côté,4,2,0,0,1,1,1,0,1,30,2,2,1,0,0,1,61.0,33.0,voiture,deux_roues,5,2,2,1,3
202200036069,2022-09-29 11:30:00,2022,9,29,11,30,29,29214,Penfrajou,47.9361965824,-4.3552762269,Plein jour,Hors agglomération,Intersection en X,Normale,Deux véhicules - côté,3,2,1,0,1,1,1,0,1,80,2,2,1,0,0,1,56.0,66.0,voiture,voiture,1,1,2,1,3
202200036070,2022-12-08 22:20:00,2022,12,8,22,20,75,75117,BOULEVARD DE DOUAUMONT,48.895072,2.306932,Nuit avec éclairage allumé,En agglomération,Hors intersection,Normale,Autre collision,4,1,1,0,1,1,1,0,1,30,1,2,0,0,0,2,15.0,,voiture,,5,2,1,1,6
202200036071,2022-09-27 09:15:00,2022,9,27,9,15,31,31516,Chemin de la Palanquette,43.743261,1.399201,Plein jour,En agglomération,Giratoire,Pluie légère,Deux véhicules - frontale,4,2,2,0,3,1,2,0,1,50,2,2,1,0,1,0,35.0,42.0,deux_roues,voiture,1,2,6,2,1
202200036072,2022-09-30 13:45:00,2022,9,30,13,45,03,03314,D1089,46.295624,2.62305,Plein jour,Hors agglomération,Hors intersection,Normale,Sans collision,3,2,2,0,2,1,1,0,3,90,1,1,0,0,1,0,19.0,,voiture,,1,1,1,1,7
202200036073,2022-12-08 09:45:00,2022,12,8,9,45,75,75116,AVENUE KLEBER,48.867138,2.290034,Plein jour,En agglomération,Intersection en X,Normale,Deux véhicules - frontale,4,1,1,0,1,1,1,0,1,30,2,3,1,0,0,2,23.0,39.0,deux_roues,voiture,1,2,2,1,1
202200036074,2022-09-30 03:00:00,2022,9,30,3,0,17,17434,Rue du Beurre,46.114502,-0.75104,Nuit sans éclairage public,En agglomération,Hors intersection,Normale,Sans collision,3,2,2,0,1,2,1,0,8,50,1,1,0,1,0,0,33.0,,voiture,,3,2,1,1,7
202200036075,2022-12-07 12:30:00,2022,12,7,12,30,75,75116,RUE HENRI HEINE,48.851807,2.26624,Plein jour,En agglomération,Intersection en X,Normale,Autre collision,4,1,1,0,1,1,1,0,1,30,1,2,1,0,0,1,93.0,,voiture,,1,2,2,1,6
202200036076,2022-07-24 01:10:00,2022,7,24,1,10,37,37167,route departementale 766,47.556835,0.593948,Nuit sans éclairage public,Hors agglomération,Giratoire,Normale,Autre collision,3,2,2,0,1,1,1,0,8,80,1,1,0,0,1,0,19.0,,voiture,,3,1,6,1,6
202200036077,2022-10-10 20:30:00,2022,10,10,20,30,75,75116,ROUTE DE L ETOILE,48.86956,2.285103,Nuit avec éclairage allumé,En agglomération,Giratoire,Normale,Deux véhicules - côté,4,-1,4,0,1,1,1,0,1,30,2,2,1,0,0,1,21.0,,deux_roues,voiture,5,2,6,1,3
202200036078,2022-12-08 08:20:00,2022,12,8,8,20,75,75115,RUE CASTAGNARY,48.831137,2.30673,Plein jour,En agglomération,Intersection en T,Normale,Autre collision,4,-1,0,3,1,1,1,0,4,30,1,2,1,0,0,1,22.0,,deux_roues,,1,2,3,1,6
202200036079,2022-09-29 21:40:00,2022,9,29,21,40,68,68103,autoroute A35 pk 112.200,47.679229,7.462292,Nuit sans éclairage public,Hors agglomération,Hors intersection,Normale,Deux véhicules - arrière,1,3,4,0,1,1,1,0,1,130,2,3,1,0,1,1,29.0,57.0,voiture,utilitaire_camion,3,1,1,1,2
202200036080,2022-12-08 07:10:00,2022,12,8,7,10,75,75113,BOULEVARD DE L HOPITAL,48.841585,2.363151,Nuit avec éclairage allumé,En agglomération,Intersection en T,Normale,Deux véhicules - côté,4,2,6,3,2,1,1,0,6,30,2,2,1,0,0,1,37.0,44.0,deux_roues,voiture,5,2,3,1,3
202200036081,2022-09-30 01:40:00,2022,9,30,1,40,34,34240,A 709 PK 8+500 SENS SUD,43.621988,3.956759,Nuit sans éclairage public,Hors agglomération,Hors intersection,Normale,Autre collision,1,3,3,0,2,3,1,0,1,90,1,4,0,0,0,4,20.0,,voiture,,3,1,1,1,6
202200036082,2022-12-08 09:00:00,2022,12,8,9,0,75,75108,AVENUE DES CHAMPS ELYSEES,48.871373,2.302591,Plein jour,En agglomération,Intersection en T,Normale,Deux véhicules - côté,4,2,6,1,2,1,2,0,5,30,2,3,2,0,0,1,29.0,53.0,deux_roues,voiture,1,2,3,1,3
202200036083,2022-09-28 19:00:00,2022,9,28,19,0,28,28121,autoroute A10 point kilométrique 073+000,48.129662,1.853219,Plein jour,Hors agglomération,Hors intersection,Normale,Autre collision,1,3,3,0,2,1,2,0,1,130,1,1,0,0,1,0,50.0,,voiture,,1,1,1,1,6
202200036084,2022-12-08 20:20:00,2022,12,8,20,20,75,75102,BOULEVARD DE SEBASTOPOL,48.866224,2.352543,Nuit avec éclairage allumé,En agglomération,Intersection en X,Normale,Deux véhicules - côté,4,1,4,1,1,1,1,0,5,30,2,2,1,0,0,1,33.0,30.0,deux_roues,deux_roues,5,2,2,1,3
202200036085,2022-09-28 09:30:00,2022,9,28,9,30,972,97228,Route Departementale 24 Perou,14.755745,-61.030295,Plein jour,En agglomération,Hors intersection,Normale,Sans collision,3,2,2,0,1,1,1,0,3,50,1,2,1,0,1,0,71.0,,voiture,,1,2,1,1,7
202200036086,2022-12-08 01:06:00,2022,12,8,1,6,75,75103,BOULEVARD DE SEBASTOPOL,48.869119,2.354151,Nuit avec éclairage allumé,En agglomération,Intersection en X,Normale,Deux véhicules - côté,4,1,4,3,1,1,1,0,6,30,2,2,1,0,0,1,,36.0,deux_roues,deux_roues,5,2,2,1,3
202200036087,2022-09-28 17:50:00,2022,9,28,17,50,2B,2B313,Boulevard du Prato,42.372745,9.529422,Crépuscule ou aube,En agglomération,Hors intersection,Normale,Deux véhicules - frontale,4,2,2,0,1,1,1,0,1,50,1,2,1,0,1,0,30.0,,voiture,,2,2,1,1,1
202200036088,2022-12-07 11:20:00,2022,12,7,11,20,75,75104,QUAI DES CELESTINS,48.852597,2.359819,Plein jour,En agglomération,Intersection en T,Normale,Deux véhicules - côté,4,2,4,0,1,1,2,0,1,30,2,2,1,0,0,1,33.0,43.0,utilitaire_camion,deux_roues,1,2,3,1,3
202200036089,2022-09-29 13:35:00,2022,9,29,13,35,84,84141,Route de Morieres,43.956207,4.90107,Plein jour,Hors agglomération,Hors intersection,Temps éblouissant,Deux véhicules - frontale,3,2,2,0,1,1,1,0,1,70,2,2,1,0,1,0,20.0,31.0,utilitaire_camion,voiture,1,1,1,7,1
202200036090,2022-12-07 17:15:00,2022,12,7,17,15,94,94052,JOINVILLE (AV DE),48.83316,2.47151,Nuit avec éclairage allumé,En agglomération,Intersection en X,Normale,Deux véhicules - frontale,3,2,4,0,1,1,1,0,1,50,2,2,1,0,1,0,52.0,43.0,utilitaire_camion,deux_roues,5,2,2,1,1
202200036091,2022-09-30 07:26:00,2022,9,30,7,26,71,71571,RN79 PK 42+500,46.408206,4.443197,Crépuscule ou aube,Hors agglomération,Intersection en X,Brouillard / fumée,Deux véhicules - côté,2,2,2,0,1,1,2,5,1,80,2,2,1,0,1,0,25.0,43.0,voiture,utilitaire_camion,2,1,2,5,3
202200036092,2022-12-08 08:50:00,2022,12,8,8,50,94,94046,GENERAL DE GAULLE (AV DU),48.80381,2.43744,Plein jour,En agglomération,Hors intersection,Normale,Deux véhicules - côté,3,2,4,0,1,1,1,0,1,50,2,2,1,0,0,1,37.0,44.0,deux_roues,voiture,1,2,1,1,3
202200036093,2022-09-25 09:42:00,2022,9,25,9,42,67,67101,Rue Leimenweg,48.527064,7.463107,Plein jour,Hors agglomération,Intersection en X,Normale,Deux véhicules - côté,4,2,1,0,2,1,1,0,5,50,2,2,1,0,0,1,42.0,63.0,voiture,deux_roues,1,1,2,1,3
202200036094,2022-12-08 18:25:00,2022,12,8,18,25,94,94037,EMILE BOUGARD (R),48.81015,2.3406724,Crépuscule ou aube,En agglomération,Intersection en X,Normale,Deux véhicules - frontale,4,-1,0,0,1,1,1,0,1,50,2,2,1,0,0,1,34.0,51.0,deux_roues,voiture,2,2,2,1,1
202200036095,2022-09-28 22:20:00,2022,9,28,22,20,57,57665,D31c,49.1362473324,6.9319520435,Nuit sans éclairage public,Hors agglomération,Hors intersection,Temps couvert,Deux véhicules - frontale,3,2,2,0,1,1,1,0,1,80,2,2,0,0,0,2,53.0,55.0,voiture,voiture,3,1,1,8,1
202200036096,2022-12-08 17:48:00,2022,12,8,17,48,94,94077,Route d’Orly,48.73998,2.4059,Nuit avec éclairage allumé,En agglomération,Hors intersection,Normale,Autre collision,4,2,2,0,1,1,1,6,1,50,1,2,1,0,0,1,54.0,,voiture,,5,2,1,1,6
202200036097,2022-12-08 17:00:00,2022,12,8,17,0,94,94017,2bis Square Lulli,48.80445,2.54936,Nuit sans éclairage public,En agglomération,Hors intersection,Normale,Autre collision,4,2,2,0,1,1,1,0,1,10,1,2,1,0,0,1,23.0,,utilitaire_camion,,3,2,1,1,6
202200036098,2022-09-28 17:00:00,2022,9,28,17,0,38,38557,D124z (PK5),45.771744,5.126925,Plein jour,Hors agglomération,Hors intersection,Pluie légère,Deux véhicules - arrière,3,2,2,0,2,1,2,0,1,80,2,2,1,0,0,1,44.0,45.0,voiture,voiture,1,1,1,2,2
202200036099,2022-12-08 16:00:00,2022,12,8,16,0,94,94017,Avenue Maurice Thorez / Rue de la Fraternité,48.81618,2.53853,Plein jour,En agglomération,Intersection en T,Normale,Deux véhicules - côté,3,2,2,0,1,1,1,0,1,30,2,2,1,0,0,1,66.0,23.0,voiture,deux_roues,1,2,3,1,3
202200036100,2022-12-07 10:30:00,2022,12,7,10,30,94,94017,Avenue Boileau,48.8056668632,2.5451427698,Plein jour,En agglomération,Hors intersection,Normale,Deux véhicules - arrière,4,2,2,0,1,3,1,9,1,30,2,2,1,0,0,1,45.0,,voiture,voiture,1,2,1,1,2
202200036101,2022-09-19 12:50:00,2022,9,19,12,50,31,31287,Route du Gers,43.401056,1.251132,Plein jour,Hors agglomération,Intersection en X,Normale,Deux véhicules - côté,3,2,2,0,2,1,1,0,1,70,2,3,1,0,1,1,15.0,22.0,deux_roues,voiture,1,1,2,1,3
202200036102,2022-12-08 07:20:00,2022,12,8,7,20,94,94004,GENERAL LECLERC (AV),48.757541,2.503481,Nuit sans éclairage public,Hors agglomération,Hors intersection,Normale,Deux véhicules - côté,2,1,2,0,1,1,1,0,1,90,2,2,1,0,0,1,49.0,47.0,deux_roues,voiture,3,1,1,1,3
202200036103,2022-09-29 17:40:00,2022,9,29,17,40,33,33055,D3,45.318129,-0.910733,Plein jour,Hors agglomération,Intersection en T,Normale,Deux véhicules - côté,3,2,2,0,1,1,1,0,1,80,2,2,1,0,1,0,27.0,63.0,deux_roues,voiture,1,1,3,1,3
202200036104,2022-12-08 13:24:00,2022,12,8,13,24,93,93062,Boulevard de l'Est / Allée de l'Eglise,48.90269,2.522841,Plein jour,En agglomération,Intersection en X,Normale,Deux véhicules - côté,4,2,2,0,2,1,1,0,1,50,2,2,1,0,0,1,43.0,16.0,voiture,deux_roues,1,2,2,1,3
202200036105,2022-09-06 10:50:00,2022,9,6,10,50,85,85092,5 Avenue du président françois mitterrand,46.457571,-0.800655,Plein jour,En agglomération,Intersection en Y,Normale,Trois véhicules et plus - collisions multiples,4,2,2,0,2,1,1,0,1,50,3,3,2,0,0,1,73.0,53.0,voiture,voiture,1,2,4,1,5
202200036106,2022-12-08 16:35:00,2022,12,8,16,35,93,93027,Avenue Waldeck Rochet,48.93313,2.40044,Plein jour,En agglomération,Hors intersection,Autre,Deux véhicules - côté,3,3,2,1,1,1,1,0,1,30,2,3,1,0,0,2,40.0,25.0,deux_roues,voiture,1,2,1,9,3
202200036107,2022-09-29 17:10:00,2022,9,29,17,10,44,44026,2 Rue du Tertre,47.263149,-1.505553,Plein jour,En agglomération,Hors intersection,Normale,Sans collision,4,2,2,0,1,1,1,0,1,50,1,2,0,1,1,0,38.0,,deux_roues,,1,2,1,1,7
202200036108,2022-12-08 15:00:00,2022,12,8,15,0,93,93027,Avenue Jean Jaurès,48.92524,2.4,Plein jour,En agglomération,Giratoire,Normale,Deux véhicules - arrière,3,1,4,0,1,3,1,5,1,30,2,2,1,0,0,1,28.0,36.0,voiture,voiture,1,2,6,1,2
202200036109,2022-09-30 15:30:00,2022,9,30,15,30,27,27058,RD 135,49.20592,1.308349,Plein jour,Hors agglomération,Intersection en T,Normale,Deux véhicules - côté,3,2,2,0,1,1,1,5,1,80,2,2,1,1,0,0,34.0,52.0,deux_roues,utilitaire_camion,1,1,3,1,3
202200036110,2022-12-08 13:40:00,2022,12,8,13,40,93,93010,Avenue de Verdun,48.903052,2.492757,Plein jour,En agglomération,Autre intersection,Temps couvert,Deux véhicules - frontale,4,2,2,0,1,1,1,0,1,30,2,4,3,0,0,1,32.0,22.0,voiture,voiture,1,2,9,8,1
202200036111,2022-09-30 11:45:00,2022,9,30,11,45,60,60141,10 Rue d Aumale,49.193419,2.470447,Plein jour,En agglomération,Hors intersection,Normale,Autre collision,4,2,2,0,1,1,1,0,1,50,1,2,1,0,0,1,59.0,,voiture,,1,2,1,1,6
202200036112,2022-12-08 14:00:00,2022,12,8,14,0,92,92072,AMIEUX (RUE ANNE),48.8256825493,2.219581604,Plein jour,En agglomération,Intersection en T,Normale,Autre collision,3,2, -1,-1,1,1,1,0,1,-1,1,1,0,0,0,1,21.0,,deux_roues,,1,2,3,1,6
202200036113,2022-09-30 14:00:00,2022,9,30,14,0,60,60191,D1017,49.546737,2.703409,Plein jour,Hors agglomération,Hors intersection,Normale,Deux véhicules - arrière,3,2,2,0,2,1,1,0,1,80,2,3,2,0,1,0,15.0,54.0,deux_roues,utilitaire_camion,1,1,1,1,2
202200036114,2022-12-08 20:05:00,2022,12,8,20,5,92,92064,MARECHAL JUIN,48.836768,2.221896,Nuit avec éclairage allumé,En agglomération,Hors intersection,Normale,Deux véhicules - côté,3,3,2,0,1,1,1,0,1,50,2,2,1,0,0,1,27.0,16.0,voiture,deux_roues,5,2,1,1,3
202200036115,2022-09-30 08:40:00,2022,9,30,8,40,60,60338,RD 200,49.366893,2.775936,Plein jour,Hors agglomération,Hors intersection,Normale,Deux véhicules - arrière,3,3,4,0,1,1,1,0,1,110,2,3,2,0,0,1,37.0,35.0,voiture,voiture,1,1,1,1,2
202200036116,2022-12-08 08:50:00,2022,12,8,8,50,92,92063,DUNANT (RUE HENRI),48.8642024476,2.1921348274,Plein jour,En agglomération,Hors intersection,Temps couvert,Deux véhicules - arrière,4,2,2,0,1,1,1,6,1,20,2,2,1,0,0,1,55.0,33.0,utilitaire_camion,deux_roues,1,2,1,8,2
202200036117,2022-09-30 13:30:00,2022,9,30,13,30,02,02381,RD1043,49.935174,4.06889,Plein jour,Hors agglomération,Hors intersection,Normale,Deux véhicules - frontale,3,2,2,0,1,3,1,0,1,80,2,2,0,0,1,1,28.0,20.0,voiture,voiture,1,1,1,1,1
202200036118,2022-12-08 14:15:00,2022,12,8,14,15,92,92062,PUTEAUX (PONT DE),48.8782994532,2.2427853942,Plein jour,En agglomération,Hors intersection,Normale,Deux véhicules - côté,3,3,6,0,2,1,1,2,1,50,2,2,1,0,0,1,44.0,38.0,transport_commun,autre,1,2,1,1,3
202200036119,2022-09-29 08:00:00,2022,9,29,8,0,13,13211,A50-Sens Aubagne vers Marseille,43.28697,5.50659,Plein jour,Hors agglomération,Autre intersection,Normale,Deux véhicules - côté,1,3,3,0,1,1,1,9,1,90,2,2,1,0,1,0,56.0,53.0,deux_roues,voiture,1,1,9,1,3
202200036120,2022-12-08 15:15:00,2022,12,8,15,15,92,92050,PROVINCES FRANCAISES BD DES,48.900582,2.214652,Plein jour,En agglomération,Hors intersection,Normale,Autre collision,3,2,3,1,1,1,1,0,1,50,2,3,2,0,0,1,,18.0,autre,deux_roues,1,2,1,1,6
202200036121,2022-09-27 16:45:00,2022,9,27,16,45,62,62193,A16,50.936081,1.908194,Plein jour,Hors agglomération,Hors intersection,Normale,Autre collision,1,-1,4,0,1,1,1,0,1,90,1,1,0,0,0,1,79.0,,voiture,,1,1,1,1,6
202200036122,2022-09-28 08:50:00,2022,9,28,8,50,59,59646,ROUTE DEPARTEMENTALE 652,50.6826711511,3.1166356802,Plein jour,Hors agglomération,Hors intersection,Normale,Autre collision,7,-1,4,0,1,3,9,0,1,90,3,3,2,0,1,0,43.0,47.0,voiture,deux_roues,1,1,1,1,6
202200036123,2022-09-29 18:10:00,2022,9,29,18,10,91,91534,RN 118,48.724,2.1675,Plein jour,Hors agglomération,Hors intersection,Normale,Deux véhicules - côté,2,1,3,0,1,1,1,0,1,90,2,2,1,0,0,1,71.0,58.0,voiture,deux_roues,1,1,1,1,3
202200036124,2022-12-08 12:40:00,2022,12,8,12,40,92,92050,BOULE PLACE DE LA,48.8872852584,2.1998995542,Plein jour,En agglomération,Autre intersection,Normale,Trois véhicules et plus - en chaîne,3,1,2,0,1,2,1,0,1,30,3,6,1,0,0,5,30.0,20.0,voiture,voiture,1,2,9,1,4