accident_id,datetime,annee,mois,jour,heure,minute,departement,commune_insee,adresse,latitude,longitude,luminosite,agglomeration,intersection,meteo,collision,catr,circ,nbv,vosp,prof,plan,surf,infra,situ,vma,nb_vehicules,nb_usagers,nb_indemnes,nb_tues,nb_blesses_hosp,nb_blesses_legers,age_cond_1,age_cond_2,veh_type_cond_1,veh_type_cond_2,lum_code,agg_code,int_code,atm_code,col_code
202200036492,2022-07-15 08:29:00,2022,7,15,8,29,69,69290,Rue Henri Maréchal,45.69024,4.9373,Plein jour,En agglomération,Intersection en X,Normale,Autre collision,7,2,3,0,1,1,1,0,1,50,1,2,1,0,0,1,31.0,,voiture,,1,2,2,1,6
202200036493,2022-08-25 23:15:00,2022,8,25,23,15,66,66165,,42.649458,2.556134,Nuit avec éclairage non allumé,Hors agglomération,Intersection en T,Normale,Deux véhicules - arrière,2,2,2,0,2,1,1,0,1,70,2,3,2,0,0,1,22.0,50.0,voiture,voiture,4,1,3,1,2
202200036494,2022-01-18 18:30:00,2022,1,18,18,30,60,60249,Route de Balagny,49.281153,2.328458,Nuit sans éclairage public,Hors agglomération,Hors intersection,Normale,Sans collision,4,2,2,0,1,3,2,0,1,80,1,2,1,0,0,1,19.0,,voiture,,3,1,1,1,7
202200036495,2022-02-27 05:50:00,2022,2,27,5,50,59,59580,AUTOROUTE A25,50.8217341557,2.588160038,Nuit sans éclairage public,Hors agglomération,Hors intersection,Normale,Deux véhicules - arrière,1,-1,4,0,1,1,1,0,1,130,2,4,2,1,0,1,19.0,42.0,voiture,utilitaire_camion,3,1,1,1,2
202200036496,2022-08-20 11:40:00,2022,8,20,11,40,66,66008,,42.540133,3.036798,Plein jour,Hors agglomération,Giratoire,Normale,Deux véhicules - côté,3,1,1,1,1,2,1,9,1,80,2,2,1,0,1,0,57.0,18.0,deux_roues,voiture,1,1,6,1,3
202200036497,2022-07-14 22:03:00,2022,7,14,22,3,67,67482,VIRGILE (RUE),48.58185,7.7035,Crépuscule ou aube,Hors agglomération,Intersection en T,Normale,Deux véhicules - côté,4,2,3,0,1,1,1,0,1,50,2,2,1,0,0,1,35.0,31.0,voiture,deux_roues,2,1,3,1,3
202200036498,2022-01-18 13:50:00,2022,1,18,13,50,10,10033,Avenue du Général Leclerc,48.237033,4.701639,Plein jour,En agglomération,Autre intersection,Normale,Deux véhicules - côté,3,2,2,0,1,1,1,0,1,50,2,2,1,0,0,1,40.0,18.0,voiture,deux_roues,1,2,9,1,3
202200036499,2022-05-25 18:30:00,2022,5,25,18,30,34,34240,"D112, sens Mauguio- Saint-Aunès",43.648909,3.9841,Plein jour,Hors agglomération,Hors intersection,Temps éblouissant,Deux véhicules - arrière,3,2,2,0,3,1,1,2,1,70,2,2,1,0,1,0,22.0,30.0,voiture,deux_roues,1,1,1,7,2
202200036500,2022-01-16 21:00:00,2022,1,16,21,0,36,36239,,46.512866,1.472168,Nuit sans éclairage public,Hors agglomération,Hors intersection,Normale,Autre collision,3,2,2,0,1,2,1,0,3,80,1,3,2,0,1,0,34.0,,voiture,,3,1,1,1,6
202200036501,2022-02-25 17:00:00,2022,2,25,17,0,59,59515,AUTOROUTE A2,50.32884,3.43826,Plein jour,Hors agglomération,Hors intersection,Normale,Trois véhicules et plus - en chaîne,1,-1,4,0,1,1,2,0,1,130,3,3,2,0,0,1,32.0,42.0,voiture,utilitaire_camion,1,1,1,1,4
202200036502,2022-07-13 17:30:00,2022,7,13,17,30,67,67482,HOCHFELDEN (RUE DE),48.59532,7.72775,Plein jour,En agglomération,Intersection en T,Normale,Deux véhicules - côté,4,2,4,3,1,3,1,5,1,50,2,2,1,0,0,1,21.0,56.0,deux_roues,voiture,1,2,3,1,3
202200036503,2022-08-25 13:30:00,2022,8,25,13,30,84,84063,N86,44.266047,4.683089,Plein jour,Hors agglomération,Hors intersection,Normale,Deux véhicules - frontale,2,-1,2,0,1,1,1,0,3,70,1,1,0,0,1,0,73.0,,voiture,,1,1,1,1,1
202200036504,2022-08-26 08:00:00,2022,8,26,8,0,83,83053,,43.165013,5.829513,Plein jour,En agglomération,Hors intersection,Normale,Deux véhicules - côté,3,2,2,0,1,1,1,0,1,-1,2,2,0,0,1,1,34.0,21.0,voiture,deux_roues,1,2,1,1,3
202200036505,2022-01-05 16:10:00,2022,1,5,16,10,16,16286,carrefour D939 D64,45.778381,-0.069904,Plein jour,En agglomération,Intersection en X,Normale,Trois véhicules et plus - en chaîne,3,2,2,0,1,1,1,5,1,50,3,3,2,0,1,0,57.0,34.0,utilitaire_camion,voiture,1,2,2,1,4
202200036506,2022-07-13 16:15:00,2022,7,13,16,15,67,67482,MENACHEM TAFFEL (RUE),48.57397,7.7426,Plein jour,En agglomération,Hors intersection,Normale,Autre collision,4,3,5,1,1,1,1,2,5,50,1,2,0,0,1,1,33.0,,deux_roues,,1,2,1,1,6
202200036507,2022-02-25 09:15:00,2022,2,25,9,15,59,59449,AUTOROUTE A23,50.4618662431,3.2560515404,Plein jour,Hors agglomération,Hors intersection,Normale,Trois véhicules et plus - en chaîne,1,-1,4,0,1,1,1,0,1,130,4,4,3,1,0,0,29.0,60.0,utilitaire_camion,voiture,1,1,1,1,4
202200036508,2022-08-22 12:30:00,2022,8,22,12,30,06,06048,873 Avenue Borriglione,43.809905,7.316042,Plein jour,En agglomération,Intersection en T,Normale,Autre collision,4,2,2,0,2,2,1,0,1,30,1,2,0,0,0,2,18.0,,voiture,,1,2,3,1,6
202200036509,2022-01-17 09:20:00,2022,1,17,9,20,24,24220,D710,45.042781,0.856762,Plein jour,Hors agglomération,Hors intersection,Brouillard / fumée,Sans collision,3,2,2,0,1,3,7,0,3,80,1,1,0,0,1,0,62.0,,voiture,,1,1,1,5,7
202200036510,2022-07-15 13:20:00,2022,7,15,13,20,64,64132,D802,43.2911061569,-0.3312823176,Plein jour,Hors agglomération,Giratoire,Normale,Deux véhicules - côté,3,-1,1,0,1,2,1,0,1,50,2,2,1,0,0,1,64.0,22.0,voiture,autre,1,1,6,1,3
202200036511,2022-07-31 02:30:00,2022,7,31,2,30,04,04152,RD 6,43.822065,5.752308,Nuit sans éclairage public,Hors agglomération,Hors intersection,Normale,Autre collision,3,2,2,0,2,3,1,0,1,70,1,2,1,0,0,1,19.0,,voiture,,3,1,1,1,6
202200036512,2022-02-28 21:39:00,2022,2,28,21,39,94,94076,AUTOROUTE A6B,48.78575,2.34568,Nuit avec éclairage allumé,Hors agglomération,Hors intersection,Normale,Deux véhicules - arrière,1,1,12,0,1,1,1,0,1,90,2,2,1,0,0,1,33.0,44.0,voiture,voiture,5,1,1,1,2
202200036513,2022-08-26 13:30:00,2022,8,26,13,30,26,26072,"Autoroute A7, sens nord/sud, PK 046.700",45.117115,4.893165,Plein jour,Hors agglomération,Hors intersection,Normale,Autre collision,1,1,3,0,2,1,1,0,1,130,1,1,0,0,1,0,75.0,,voiture,,1,1,1,1,6
202200036514,2022-01-19 19:40:00,2022,1,19,19,40,85,85084,65 Rue Georges Clémenceau,46.774672,-1.231078,Nuit avec éclairage allumé,En agglomération,Intersection en T,Pluie légère,Autre collision,3,2,2,0,1,1,2,0,1,50,2,2,1,0,1,0,18.0,62.0,deux_roues,voiture,5,2,3,2,6
202200036515,2022-07-15 11:40:00,2022,7,15,11,40,64,64122,Rue du Lycée,43.4865428313,-1.5481522679,Plein jour,En agglomération,Hors intersection,Temps éblouissant,Deux véhicules - arrière,4,1,1,0,2,1,1,0,1,30,2,2,1,0,0,1,62.0,38.0,deux_roues,voiture,1,2,1,7,2
202200036516,2022-08-26 07:45:00,2022,8,26,7,45,85,85222,RD38B,46.701293,-1.934119,Plein jour,En agglomération,Giratoire,Normale,Deux véhicules - côté,3,1,1,0,1,2,1,5,1,80,2,2,1,0,1,0,60.0,81.0,voiture,deux_roues,1,2,6,1,3
202200036517,2022-01-18 09:30:00,2022,1,18,9,30,37,37143,1 Rue des Charpes,47.13672,0.794341,Plein jour,En agglomération,Intersection en X,Temps couvert,Deux véhicules - côté,4,2,2,0,1,1,2,5,1,50,2,3,2,0,1,0,21.0,71.0,voiture,utilitaire_camion,1,2,2,8,3
202200036518,2022-07-14 05:25:00,2022,7,14,5,25,64,64122,Boulevard de Cascais,43.47917,-1.54233,Nuit avec éclairage non allumé,En agglomération,Hors intersection,Normale,Autre collision,4,3,4,0,2,3,1,9,1,50,1,2,0,0,2,0,23.0,,deux_roues,,4,2,1,1,6
202200036519,2022-02-27 23:44:00,2022,2,27,23,44,92,92064,A13,48.8466526187,2.2236981409,Nuit avec éclairage allumé,Hors agglomération,Hors intersection,Normale,Autre collision,1,1,2,0,1,1,1,2,1,70,3,6,5,0,0,1,40.0,39.0,voiture,voiture,5,1,1,1,6
202200036520,2022-01-16 17:45:00,2022,1,16,17,45,06,06152,Route du Parc,43.613638,7.04573,Nuit sans éclairage public,Hors agglomération,Autre intersection,Normale,Autre collision,3,1,1,0,2,2,1,0,1,70,1,1,0,0,0,1,40.0,,deux_roues,,3,1,9,1,6
202200036521,2022-08-26 15:00:00,2022,8,26,15,0,29,29046,1 Route de Poullan,48.080728,-4.359539,Plein jour,Hors agglomération,Hors intersection,Normale,Deux véhicules - côté,3,2,2,0,1,1,1,0,1,80,2,4,2,0,0,2,17.0,31.0,deux_roues,utilitaire_camion,1,1,1,1,3
202200036522,2022-07-15 19:40:00,2022,7,15,19,40,64,64024,BIARRITZ (AVENUE DE),43.48024,-1.52222,Plein jour,En agglomération,Intersection en T,Normale,Deux véhicules - côté,4,2,2,0,2,1,1,0,1,50,2,2,1,0,0,1,17.0,57.0,deux_roues,voiture,1,2,3,1,3
202200036523,2022-02-28 15:30:00,2022,2,28,15,30,93,93066,AUTOROUTE A1,48.92029,2.35752,Plein jour,Hors agglomération,Hors intersection,Normale,Deux véhicules - arrière,1,3,4,0,1,1,1,0,1,90,2,2,1,0,0,1,37.0,52.0,voiture,voiture,1,1,1,1,2
202200036524,2022-08-26 09:55:00,2022,8,26,9,55,02,02163,17 Route de Pavant,48.972245,3.28179,Plein jour,En agglomération,Autre intersection,Normale,Autre collision,6,-1, -1,0,1,2,1,9,8,50,1,2,1,0,1,0,90.0,,voiture,,1,2,9,1,6
202200036525,2022-08-26 08:30:00,2022,8,26,8,30,02,02676,,49.548818,3.874623,Plein jour,Hors agglomération,Hors intersection,Normale,Sans collision,3,2,2,0,1,1,1,0,3,80,1,1,0,0,1,0,49.0,,deux_roues,,1,1,1,1,7
202200036526,2022-01-14 23:00:00,2022,1,14,23,0,987,98733,PK 19.100 - RT1 - Sens PAPARA/PAPEETE,-17.689931,-149.548349,Nuit avec éclairage allumé,En agglomération,Intersection en T,Pluie légère,Deux véhicules - arrière,2,2,2,1,1,4,2,0,1,50,2,2,1,0,1,0,53.0,61.0,voiture,voiture,5,2,3,2,2
202200036527,2022-02-28 08:15:00,2022,2,28,8,15,93,93005,AUTOROUTE A3,48.9543,2.47366,Plein jour,Hors agglomération,Hors intersection,Normale,Deux véhicules - côté,1,3,4,0,1,1,1,0,1,90,2,2,1,0,0,1,56.0,40.0,voiture,deux_roues,1,1,1,1,3
202200036528,2022-01-19 05:30:00,2022,1,19,5,30,45,45229,D135-PR3+600,47.8205490368,2.7077128887,Nuit sans éclairage public,Hors agglomération,Hors intersection,Normale,Autre collision,3,2,2,0,1,4,1,0,3,80,1,1,0,1,0,0,56.0,,voiture,,3,1,1,1,6
202200036529,2022-02-28 05:55:00,2022,2,28,5,55,95,95252,A15,48.9771092205,2.2344088554,Nuit sans éclairage public,Hors agglomération,Hors intersection,Normale,Autre collision,1,3,6,0,2,2,1,0,1,70,1,1,0,0,0,1,48.0,,voiture,,3,1,1,1,6
202200036530,2022-08-25 18:30:00,2022,8,25,18,30,13,13210,A50-Sens Marseille vers Aubagne,43.2848621721,5.4182638867,Plein jour,Hors agglomération,Hors intersection,Normale,Deux véhicules - arrière,1,-1,2,0,1,1,1,0,1,90,3,3,2,0,0,1,28.0,49.0,voiture,voiture,1,1,1,1,2
202200036531,2022-07-15 15:15:00,2022,7,15,15,15,59,59599,YSER (RUE DE L'),50.744626,3.173761,Plein jour,En agglomération,Hors intersection,Normale,Deux véhicules - côté,4,2,2,1,1,2,1,0,5,50,2,2,1,0,0,1,47.0,21.0,voiture,deux_roues,1,2,1,1,3
202200036532,2022-01-19 09:45:00,2022,1,19,9,45,2A,2A247,Quai Pascal Paoli,41.589842,9.283018,Plein jour,En agglomération,Hors intersection,Normale,Autre collision,4,2,2,0,1,1,1,0,1,30,1,2,1,0,1,0,70.0,,voiture,,1,2,1,1,6
202200036533,2022-08-25 17:36:00,2022,8,25,17,36,13,13215,A7-Sens Marseille vers Lyon,43.3415557501,5.3766105874,Plein jour,Hors agglomération,Hors intersection,Normale,Deux véhicules - arrière,1,-1,2,0,1,1,1,0,1,90,2,2,1,0,0,1,41.0,30.0,voiture,deux_roues,1,1,1,1,2
202200036534,2022-07-15 19:50:00,2022,7,15,19,50,59,59512,MILN (RUE),50.689408569,3.1653526425,Plein jour,En agglomération,Hors intersection,Normale,Autre collision,4,2,1,0,1,1,1,0,1,50,1,2,1,0,0,1,,,deux_roues,,1,2,1,1,6
202200036535,2022-02-27 00:50:00,2022,2,27,0,50,94,94046,A86 INT,48.80711,2.44885,Nuit sans éclairage public,Hors agglomération,Hors intersection,Normale,Deux véhicules - arrière,1,3,8,0,1,1,1,0,1,90,2,3,1,0,0,2,,47.0,autre,voiture,3,1,1,1,2
202200036536,2022-01-18 17:05:00,2022,1,18,17,5,34,34090,Place du Pont Trinquat,43.642799,3.936195,Plein jour,En agglomération,Place,Normale,Deux véhicules - côté,4,2,1,0,1,1,1,0,1,50,2,2,1,0,0,1,55.0,19.0,deux_roues,voiture,1,2,7,1,3
202200036537,2022-08-24 18:52:00,2022,8,24,18,52,13,13106,A7-Sens Lyon vers Marseille,43.3908023876,5.3509949147,Plein jour,Hors agglomération,Hors intersection,Normale,Autre collision,1,1,3,3,1,1,1,0,1,90,1,1,0,0,1,0,66.0,,deux_roues,,1,1,1,1,6
202200036538,2022-01-14 18:30:00,2022,1,14,18,30,42,42056,Rue du Chirat,45.412566,4.733396,Nuit avec éclairage allumé,En agglomération,Hors intersection,Normale,Autre collision,4,2,2,0,1,3,1,0,4,50,1,2,1,0,1,0,76.0,,voiture,,5,2,1,1,6
202200036539,2022-07-09 11:40:00,2022,7,9,11,40,59,59350,MONTEBELLO BOULEVARD N° RESTE,50.62388,3.04325,Plein jour,En agglomération,Intersection à plus de 4 branches,Normale,Deux véhicules - côté,4,3,2,3,1,1,1,0,1,50,2,2,1,0,0,1,54.0,44.0,voiture,deux_roues,1,2,5,1,3
202200036540,2022-08-24 20:02:00,2022,8,24,20,2,13,13005,A50-Sens Aubagne vers Marseille,43.288468,5.548308,Plein jour,Hors agglomération,Hors intersection,Normale,Deux véhicules - arrière,1,1,3,0,1,1,1,0,1,90,2,4,2,0,0,2,23.0,45.0,voiture,voiture,1,1,1,1,2
202200036541,2022-02-25 14:30:00,2022,2,25,14,30,974,97416,RN1 (ROUTE NATIONALE),-21.330961,55.455558,Plein jour,En agglomération,Hors intersection,Normale,Trois véhicules et plus - collisions multiples,2,2,3,3,1,1,1,0,1,50,3,3,1,0,0,2,26.0,42.0,voiture,deux_roues,1,2,1,1,5
202200036542,2022-01-18 07:05:00,2022,1,18,7,5,38,38001,D1075,45.500944,5.592948,Crépuscule ou aube,Hors agglomération,Intersection en Y,Brouillard / fumée,Deux véhicules - frontale,3,2,2,0,1,1,1,0,1,80,2,2,1,0,0,1,25.0,44.0,transport_commun,utilitaire_camion,2,1,4,5,1
202200036543,2022-08-24 17:55:00,2022,8,24,17,55,13,13211,A50-Sens Marseille vers Aubagne,43.2920401133,5.4529633172,Plein jour,Hors agglomération,Hors intersection,Normale,Deux véhicules - arrière,1,1,3,0,1,1,1,0,1,90,2,2,1,0,1,0,54.0,23.0,deux_roues,utilitaire_camion,1,1,1,1,2
202200036544,2022-02-27 17:45:00,2022,2,27,17,45,973,97302,RABAN (ROUTE DE),4.92251,-52.31261,Plein jour,En agglomération,Hors intersection,Pluie légère,Deux véhicules - côté,4,2,2,0,1,1,2,0,1,50,2,2,1,0,0,1,24.0,36.0,deux_roues,voiture,1,2,1,2,3
202200036545,2022-07-14 19:20:00,2022,7,14,19,20,59,59286,CARNOT SADI RUE,50.61124,2.99055,Plein jour,En agglomération,Hors intersection,Temps éblouissant,Deux véhicules - côté,7,-1,2,0,1,1,1,0,1,50,2,2,1,0,0,1,60.0,44.0,voiture,deux_roues,1,2,1,7,3
202200036546,2022-01-15 13:45:00,2022,1,15,13,45,69,69242,Route Départementale 337,46.111203,4.754414,Plein jour,Hors agglomération,Hors intersection,Temps couvert,Autre collision,3,2,2,0,1,1,1,0,3,90,1,2,1,0,1,0,26.0,,voiture,,1,1,1,8,6
202200036547,2022-08-24 15:20:00,2022,8,24,15,20,13,13213,A507 sens Marseille - Aubagne,43.3283406473,5.4171822605,Plein jour,Hors agglomération,Hors intersection,Normale,Trois véhicules et plus - en chaîne,1,1,2,0,1,1,1,0,1,70,3,3,0,0,0,3,25.0,34.0,voiture,voiture,1,1,1,1,4
202200036548,2022-07-08 14:00:00,2022,7,8,14,0,58,58194,SAINT ETIENNE,46.99101,3.16321,Plein jour,En agglomération,Intersection en T,Normale,Deux véhicules - côté,4,1,1,0,1,1,1,0,1,30,2,2,1,0,0,1,61.0,20.0,voiture,deux_roues,1,2,3,1,3
202200036549,2022-02-27 13:10:00,2022,2,27,13,10,973,97302,MONTABO (ROUTE DE) 2,4.9434036828,-52.3068737984,Plein jour,En agglomération,Hors intersection,Normale,Autre collision,3,2,2,0,1,1,1,9,1,50,1,2,1,0,1,0,55.0,,voiture,,1,2,1,1,6
202200036550,2022-01-18 16:30:00,2022,1,18,16,30,69,69009,Route de Villefranche,45.941985,4.715822,Plein jour,En agglomération,Hors intersection,Normale,Trois véhicules et plus - en chaîne,3,2,2,0,1,1,1,0,1,50,3,3,2,0,0,1,54.0,38.0,voiture,voiture,1,2,1,1,4
202200036551,2022-01-13 20:30:00,2022,1,13,20,30,69,69227,Route Départementale 34,45.654533,4.576192,Nuit sans éclairage public,Hors agglomération,Hors intersection,Temps couvert,Sans collision,3,2,2,0,1,2,7,0,1,80,1,3,2,0,1,0,19.0,,voiture,,3,1,1,8,7
202200036552,2022-08-25 15:55:00,2022,8,25,15,55,33,33162,ROCADE A 630,44.87817,-0.62969,Plein jour,Hors agglomération,Hors intersection,Normale,Deux véhicules - arrière,1,3,6,0,1,1,1,0,1,90,2,4,3,0,0,1,33.0,,voiture,utilitaire_camion,1,1,1,1,2
202200036553,2022-07-15 12:25:00,2022,7,15,12,25,54,54395,Rue Albert Lebrun,48.68614,6.19185,Plein jour,En agglomération,Giratoire,Normale,Deux véhicules - arrière,4,-1,1,0,1,1,1,0,1,50,2,2,1,0,0,1,58.0,19.0,voiture,deux_roues,1,2,6,1,2
202200036554,2022-02-27 13:15:00,2022,2,27,13,15,69,69383,Avenue du Château,45.7486,4.88378,Plein jour,En agglomération,Intersection en X,Normale,Autre collision,4,1,1,0,1,1,1,0,1,30,1,2,1,0,0,1,51.0,,voiture,,1,2,2,1,6
202200036555,2022-08-25 06:12:00,2022,8,25,6,12,33,33249,ROUTE NATIONALE 230,44.88454,-0.51055,Nuit sans éclairage public,Hors agglomération,Hors intersection,Pluie forte,Autre collision,2,1,2,0,2,2,2,3,1,50,1,1,0,0,0,1,18.0,,utilitaire_camion,,3,1,1,3,6
202200036556,2022-01-19 09:20:00,2022,1,19,9,20,85,85240,VC rue du doue,46.9293,-0.900186,Plein jour,En agglomération,Intersection en T,Normale,Deux véhicules - côté,3,2,2,0,1,1,1,0,1,50,2,2,1,0,0,1,28.0,17.0,voiture,deux_roues,1,2,3,1,3
202200036557,2022-07-15 17:50:00,2022,7,15,17,50,51,51454,rue Maldan,49.26385,4.01793,Plein jour,En agglomération,Intersection en X,Normale,Deux véhicules - côté,4,-1,1,0,1,1,1,0,1,50,2,2,1,0,0,1,21.0,75.0,utilitaire_camion,voiture,1,2,2,1,3
202200036558,2022-01-18 17:15:00,2022,1,18,17,15,22,22070,avenue kennedy,48.5632000467,-3.1606668238,Plein jour,En agglomération,Intersection en X,Normale,Deux véhicules - côté,4,2,2,1,2,1,1,0,1,50,2,2,1,0,0,1,16.0,20.0,deux_roues,voiture,1,2,2,1,3
202200036559,2022-08-25 13:20:00,2022,8,25,13,20,91,91468,AUTOROUTE A6,48.5738,2.46707,Plein jour,Hors agglomération,Hors intersection,Normale,Trois véhicules et plus - collisions multiples,1,3,3,0,2,1,1,0,1,110,3,5,2,0,0,3,44.0,23.0,voiture,voiture,1,1,1,1,5
202200036560,2022-02-26 21:50:00,2022,2,26,21,50,972,97213,AUTOROUTE A1,14.61547,-61.01357,Nuit avec éclairage allumé,Hors agglomération,Hors intersection,Normale,Deux véhicules - côté,1,1,8,3,2,1,1,0,1,90,2,3,2,0,1,0,58.0,32.0,voiture,voiture,5,1,1,1,3
202200036561,2022-01-17 15:30:00,2022,1,17,15,30,62,62318,Boulevard Imperatrice,50.515834,1.633815,Plein jour,En agglomération,Autre intersection,Normale,Autre collision,3,-1,1,0,1,1,1,6,4,-1,1,2,1,0,0,1,74.0,,deux_roues,,1,2,9,1,6
202200036562,2022-07-12 07:45:00,2022,7,12,7,45,50,50129,BENECERE (AVENUE DE),49.64576,-1.69224,Plein jour,Hors agglomération,Intersection en T,Temps éblouissant,Deux véhicules - côté,3,2,2,0,1,1,1,0,1,80,2,2,1,0,1,0,40.0,44.0,voiture,deux_roues,1,1,3,7,3
202200036563,2022-08-25 09:00:00,2022,8,25,9,0,91,91553,RN 104,48.6297,2.484,Plein jour,Hors agglomération,Hors intersection,Normale,Deux véhicules - arrière,2,3,8,0,1,1,1,0,1,110,2,2,1,0,0,1,41.0,55.0,voiture,utilitaire_camion,1,1,1,1,2
202200036564,2022-01-18 19:15:00,2022,1,18,19,15,69,69199,Route Départementale 383,45.70313,4.84461,Nuit avec éclairage allumé,En agglomération,Hors intersection,Normale,Deux véhicules - frontale,7,3,6,0,1,1,1,0,1,70,2,2,1,0,1,0,28.0,25.0,utilitaire_camion,voiture,5,2,1,1,1
202200036565,2022-07-14 16:50:00,2022,7,14,16,50,50,50129,PENESME (ROND POINT),49.63628,-1.57614,Plein jour,En agglomération,Giratoire,Normale,Sans collision,4,2,1,1,1,3,1,5,5,25,1,1,0,0,0,1,39.0,,deux_roues,,1,2,6,1,7
202200036566,2022-02-27 13:45:00,2022,2,27,13,45,69,69381,Cours Général Giraud,45.76977,4.81696,Plein jour,En agglomération,Intersection en T,Normale,Deux véhicules - frontale,4,2,2,2,2,1,1,0,5,50,2,2,1,0,1,0,32.0,80.0,voiture,deux_roues,1,2,3,1,1
202200036567,2022-08-25 23:20:00,2022,8,25,23,20,91,91345,AUTOROUTE A6,48.68854,2.32476,Nuit sans éclairage public,Hors agglomération,Hors intersection,Normale,Deux véhicules - arrière,1,1,3,0,1,1,1,0,1,110,2,4,1,0,0,3,39.0,20.0,voiture,voiture,3,1,1,1,2
202200036568,2022-01-18 19:10:00,2022,1,18,19,10,33,33249,ROUTE NATIONALE 230,44.876911,-0.508527,Plein jour,Hors agglomération,Hors intersection,Normale,Deux véhicules - arrière,2,-1,4,0,1,1,1,0,1,70,2,2,0,0,0,2,35.0,29.0,voiture,voiture,1,1,1,1,2
202200036569,2022-02-27 09:45:00,2022,2,27,9,45,69,69286,Place Jules Massenet,45.8168262403,4.9020910263,Plein jour,En agglomération,Hors intersection,Normale,Autre collision,6,-1,0,0,1,1,1,9,1,50,1,2,1,0,0,1,66.0,,voiture,,1,2,1,1,6
202200036570,2022-01-18 17:50:00,2022,1,18,17,50,33,33366,AUTOROUTE A 10,44.987407,-0.427629,Crépuscule ou aube,Hors agglomération,Hors intersection,Normale,Autre collision,1,1,1,0,1,3,1,3,1,90,1,1,0,0,1,0,26.0,,deux_roues,,2,1,1,1,6
202200036571,2022-08-24 16:00:00,2022,8,24,16,0,78,78206,A13,48.94497,1.949478,Plein jour,Hors agglomération,Hors intersection,Normale,Deux véhicules - côté,1,-1,3,0,1,1,1,0,1,110,2,2,1,0,0,1,23.0,38.0,voiture,utilitaire_camion,1,1,1,1,3
202200036572,2022-07-13 18:55:00,2022,7,13,18,55,49,49328,CHUMEAU (RUE MICHEL),47.2519753048,-0.0941509008,Plein jour,En agglomération,Intersection en T,Normale,Deux véhicules - côté,4,2,2,2,4,1,1,0,1,50,2,2,1,0,0,1,72.0,32.0,voiture,deux_roues,1,2,3,1,3
202200036573,2022-02-27 05:49:00,2022,2,27,5,49,69,69381,Quai Jean Moulin,45.76645,4.83832,Nuit avec éclairage allumé,En agglomération,Hors intersection,Normale,Deux véhicules - frontale,4,1,2,0,1,1,1,0,1,50,2,5,3,0,2,0,29.0,24.0,voiture,deux_roues,5,2,1,1,1
202200036574,2022-01-18 05:40:00,2022,1,18,5,40,33,33318,ROCADE A 630,44.78901,-0.64471,Nuit sans éclairage public,Hors agglomération,Hors intersection,Normale,Autre collision,1,3,6,0,1,3,1,3,1,90,1,1,0,0,0,1,22.0,,voiture,,3,1,1,1,6
202200036575,2022-08-24 21:20:00,2022,8,24,21,20,95,95306, A15,49.0009875612,2.1728333831,Nuit sans éclairage public,Hors agglomération,Hors intersection,Normale,Trois véhicules et plus - collisions multiples,1,3,3,0,1,1,1,0,1,110,3,5,2,0,0,3,49.0,21.0,voiture,voiture,3,1,1,1,5
202200036576,2022-02-27 14:20:00,2022,2,27,14,20,971,97101,RN1 ROCADE DE CHAUVEL,16.24707,-61.52637,Plein jour,Hors agglomération,Hors intersection,Normale,Deux véhicules - côté,2,3,2,0,2,1,1,9,1,90,2,2,1,0,0,1,20.0,27.0,deux_roues,voiture,1,1,1,1,3
202200036577,2022-07-15 11:00:00,2022,7,15,11,0,45,45285,75 Rue du 11 Octobre,47.9167,1.88192,Plein jour,En agglomération,Intersection en T,Normale,Sans collision,4,2,2,1,1,1,1,0,1,50,1,1,0,0,0,1,16.0,,deux_roues,,1,2,3,1,7
202200036578,2022-01-17 22:25:00,2022,1,17,22,25,33,33013,ROUTE NATIONALE 230,44.85318,-0.50503,Nuit avec éclairage allumé,Hors agglomération,Hors intersection,Normale,Trois véhicules et plus - collisions multiples,2,3,6,0,1,1,1,0,1,70,3,5,1,1,0,3,19.0,31.0,voiture,voiture,5,1,1,1,5
202200036579,2022-02-27 08:00:00,2022,2,27,8,0,971,97101,RN11,16.27337,-61.51718,Plein jour,Hors agglomération,Hors intersection,Normale,Autre collision,2,1,2,0,1,1,1,0,1,110,2,2,0,0,1,1,27.0,51.0,deux_roues,deux_roues,1,1,1,1,6
202200036580,2022-08-25 14:00:00,2022,8,25,14,0,94,94052,A4,48.82669441,2.4666901824,Plein jour,Hors agglomération,Hors intersection,Normale,Trois véhicules et plus - en chaîne,1,1,3,0,1,1,1,0,1,90,3,3,2,0,0,1,45.0,20.0,voiture,voiture,1,1,1,1,4
202200036581,2022-02-27 19:02:00,2022,2,27,19,2,95,95388,RD 81,49.028367264,1.9890511036,Nuit avec éclairage allumé,En agglomération,Hors intersection,Normale,Autre collision,3,2,2,0,1,1,1,0,1,30,1,2,1,0,1,0,31.0,,utilitaire_camion,,5,2,1,1,6
202200036582,2022-07-15 02:50:00,2022,7,15,2,50,44,44184,Route Bleue,47.28446,-2.30122,Nuit sans éclairage public,En agglomération,Hors intersection,Normale,Deux véhicules - arrière,3,3,4,0,1,1,1,0,1,90,2,2,1,0,0,1,58.0,19.0,voiture,voiture,3,2,1,1,2