accident_id,datetime,annee,mois,jour,heure,minute,departement,commune_insee,adresse,latitude,longitude,luminosite,agglomeration,intersection,meteo,collision,catr,circ,nbv,vosp,prof,plan,surf,infra,situ,vma,nb_vehicules,nb_usagers,nb_indemnes,nb_tues,nb_blesses_hosp,nb_blesses_legers,age_cond_1,age_cond_2,veh_type_cond_1,veh_type_cond_2,lum_code,agg_code,int_code,atm_code,col_code
202200036583,2022-08-25 08:45:00,2022,8,25,8,45,94,94017,A4,48.8301,2.4871,Plein jour,Hors agglomération,Hors intersection,Normale,Deux véhicules - côté,1,1,3,0,1,1,1,0,1,90,2,2,1,0,0,1,42.0,58.0,deux_roues,voiture,1,1,1,1,3
202200036584,2022-01-17 08:00:00,2022,1,17,8,0,94,94038,AUTOROUTE A6B,48.77487,2.34573,Nuit sans éclairage public,Hors agglomération,Hors intersection,Normale,Deux véhicules - côté,1,3,12,0,1,1,1,0,1,90,2,2,1,0,0,1,27.0,29.0,utilitaire_camion,voiture,3,1,1,1,3
202200036585,2022-02-27 20:00:00,2022,2,27,20,0,91,91687,GENERAL DE GAULLE (AVENUE DU),48.672407,2.389387,Nuit avec éclairage allumé,En agglomération,Autre intersection,Normale,Deux véhicules - côté,3,3,2,0,1,1,1,0,1,50,2,2,1,0,0,1,28.0,29.0,voiture,voiture,5,2,9,1,3
202200036586,2022-02-27 17:50:00,2022,2,27,17,50,78,78029,QUARANTE SOUS (RUE DES),48.962579,1.857428,Plein jour,En agglomération,Hors intersection,Normale,Autre collision,4,-1,1,0,1,2,1,9,1,30,1,1,0,0,0,1,27.0,,voiture,,1,2,1,1,6
202200036587,2022-01-18 16:45:00,2022,1,18,16,45,93,93066,AUTOROUTE A1,48.90992,2.35824,Crépuscule ou aube,Hors agglomération,Hors intersection,Normale,Trois véhicules et plus - en chaîne,1,3,8,0,1,1,1,1,1,90,3,3,2,0,0,1,27.0,38.0,utilitaire_camion,voiture,2,1,1,1,4
202200036588,2022-08-24 16:40:00,2022,8,24,16,40,94,94069,A86 EXT,48.81603,2.45194,Plein jour,Hors agglomération,Hors intersection,Normale,Deux véhicules - arrière,1,3,2,0,3,1,1,0,1,90,2,3,2,0,0,1,25.0,33.0,voiture,utilitaire_camion,1,1,1,1,2
202200036589,2022-06-25 11:30:00,2022,6,25,11,30,44,44184,5 Boulevard Georges Charpak,47.2709,-2.25018,Plein jour,En agglomération,Giratoire,Normale,Autre collision,3,2,2,0,1,3,1,0,1,50,1,2,1,0,0,1,62.0,,voiture,,1,2,6,1,6
202200036590,2022-01-18 10:00:00,2022,1,18,10,0,95,95582, A15,48.97587,2.23945,Plein jour,Hors agglomération,Hors intersection,Normale,Autre collision,1,3,6,0,1,1,1,0,1,110,1,1,0,0,0,1,41.0,,voiture,,1,1,1,1,6
202200036591,2022-02-28 00:46:00,2022,2,28,0,46,78,78172,SARRAIL (RUE DU GENERAL),49.005836,2.110367,Nuit avec éclairage allumé,En agglomération,Intersection en T,Normale,Autre collision,4,2,2,0,1,1,1,0,1,50,1,1,0,0,0,1,45.0,,voiture,,5,2,3,1,6
202200036592,2022-01-18 05:45:00,2022,1,18,5,45,93,93066,AUTOROUTE A1,48.92871,2.36043,Nuit sans éclairage public,Hors agglomération,Hors intersection,Brouillard / fumée,Autre collision,1,3,4,0,4,4,9,3,3,70,1,1,0,0,0,1,34.0,,voiture,,3,1,1,5,6
202200036593,2022-01-29 13:57:00,2022,1,29,13,57,56,56260,8 Boulevard de la Résistance,47.651945,-2.783305,Plein jour,En agglomération,Intersection en Y,Normale,Sans collision,4,3,3,0,1,1,1,0,1,50,1,1,0,1,0,0,78.0,,voiture,,1,2,4,1,7
202200036594,2022-07-13 23:15:00,2022,7,13,23,15,44,44184,Boulevard Paul Leferme,47.28431,-2.20139,Nuit avec éclairage allumé,En agglomération,Intersection en T,Normale,Deux véhicules - côté,4,2,2,1,1,1,1,0,1,50,2,3,1,0,2,0,25.0,29.0,deux_roues,voiture,5,2,3,1,3
202200036595,2022-01-17 21:40:00,2022,1,17,21,40,95,95582, A15,48.9664042548,2.2561240196,Nuit sans éclairage public,Hors agglomération,Hors intersection,Normale,Autre collision,1,3,9,0,1,1,1,0,1,110,2,4,3,1,0,0,23.0,36.0,voiture,voiture,3,1,1,1,6
202200036596,2022-02-27 15:00:00,2022,2,27,15,0,76,76474,Route de Dieppe,49.49664,1.04854,Plein jour,En agglomération,Hors intersection,Normale,Autre collision,7,2,2,0,1,1,1,0,1,50,1,2,1,0,0,1,44.0,,deux_roues,,1,2,1,1,6
202200036597,2022-01-17 16:30:00,2022,1,17,16,30,95,95582, A15,48.96261,2.26291,Plein jour,Hors agglomération,Hors intersection,Normale,Autre collision,1,3,4,0,2,2,1,0,1,70,1,1,0,0,0,1,21.0,,voiture,,1,1,1,1,6
202200036598,2022-05-18 15:50:00,2022,5,18,15,50,38,38179,RUE DE LA CONDAMINE,45.18817,5.77741,Plein jour,En agglomération,Hors intersection,Normale,Deux véhicules - arrière,4,2,2,0,1,1,1,0,1,30,2,2,1,0,0,1,56.0,,deux_roues,voiture,1,2,1,1,2
202200036599,2022-07-15 04:40:00,2022,7,15,4,40,38,38185,Cours de la Libération,45.16138,5.71013,Nuit avec éclairage allumé,En agglomération,Hors intersection,Normale,Deux véhicules - côté,7,1,1,1,1,1,1,0,6,50,2,2,1,0,0,1,,28.0,deux_roues,voiture,5,2,1,1,3
202200036600,2022-02-25 20:00:00,2022,2,25,20,0,73,73137,D912 GRANDE CHARTREUSE (AVENUE DE LA),45.5545936616,5.9217220545,Crépuscule ou aube,En agglomération,Intersection en T,Pluie légère,Deux véhicules - côté,3,2,2,0,2,1,2,0,1,50,2,2,1,0,0,1,29.0,15.0,voiture,deux_roues,2,2,3,2,3
202200036601,2022-01-17 14:40:00,2022,1,17,14,40,93,93010,AUTOROUTE A3,48.90504,2.47232,Plein jour,Hors agglomération,Hors intersection,Normale,Deux véhicules - côté,1,1,2,0,1,2,1,0,1,70,2,2,1,0,0,1,27.0,27.0,deux_roues,voiture,1,1,1,1,3
202200036602,2022-02-27 16:15:00,2022,2,27,16,15,72,72181,JAURES JEAN (AV) N° IMP 35 A 179,47.98876,0.20817,Plein jour,En agglomération,Hors intersection,Normale,Autre collision,4,1,1,0,1,1,1,0,1,30,2,2,1,0,0,1,35.0,34.0,deux_roues,voiture,1,2,1,1,6
202200036603,2022-01-18 14:05:00,2022,1,18,14,5,77,77181,A4,48.83006,2.70125,Plein jour,Hors agglomération,Hors intersection,Normale,Deux véhicules - arrière,1,3,1,0,1,1,1,3,1,90,2,3,2,0,0,1,34.0,38.0,voiture,voiture,1,1,1,1,2
202200036604,2022-08-24 07:32:00,2022,8,24,7,32,988,98818,RUE GEORGES LEQUES,-22.22377,166.48544,Plein jour,En agglomération,Hors intersection,Normale,Trois véhicules et plus - en chaîne,4,2,3,3,1,1,1,0,1,50,3,3,2,0,0,1,37.0,22.0,utilitaire_camion,utilitaire_camion,1,2,1,1,4
202200036605,2022-07-15 22:30:00,2022,7,15,22,30,33,33063,Quai des Chartrons,44.85558,-0.56355,Nuit avec éclairage allumé,En agglomération,Intersection en T,Normale,Deux véhicules - côté,4,3,4,0,1,1,1,5,1,50,2,2,1,0,0,1,21.0,33.0,voiture,deux_roues,5,2,3,1,3
202200036606,2022-02-26 17:20:00,2022,2,26,17,20,67,67462,STRASBOURG (ROUTE DE),48.26241,7.44835,Plein jour,En agglomération,Hors intersection,Temps éblouissant,Autre collision,3,2,2,0,1,1,1,0,1,50,1,2,1,0,1,0,56.0,,voiture,,1,2,1,7,6
202200036607,2022-01-17 16:48:00,2022,1,17,16,48,74,74281,CHAMPAGNE (AVENUE DE),46.3756116989,6.4942005873,Plein jour,En agglomération,Autre intersection,Normale,Autre collision,4,3,1,0,1,1,1,0,1,50,1,2,1,0,0,1,77.0,,voiture,,1,2,9,1,6
202200036608,2022-08-24 14:40:00,2022,8,24,14,40,973,97302,MONTABO (ROUTE DE) 2,4.94225,-52.30496,Plein jour,En agglomération,Intersection en T,Normale,Deux véhicules - arrière,3,2,2,0,1,1,9,0,1,50,2,2,1,0,1,0,36.0,39.0,voiture,deux_roues,1,2,3,1,2
202200036609,2022-01-17 11:00:00,2022,1,17,11,0,68,68376,SOULTZ(ROUTE DE),47.80461,7.31169,Plein jour,En agglomération,Hors intersection,Normale,Autre collision,3,-1, -1,0,1,1,1,0,3,50,1,2,1,0,1,0,81.0,,voiture,,1,2,1,1,6
202200036610,2022-02-26 23:55:00,2022,2,26,23,55,61,61006,EXPANSION (BOULEVARD DE),48.72654,-0.01938,Nuit sans éclairage public,En agglomération,Hors intersection,Normale,Sans collision,3,2,2,0,1,3,1,0,3,70,1,4,0,0,1,3,31.0,,voiture,,3,2,1,1,7
202200036611,2022-07-15 02:20:00,2022,7,15,2,20,33,33529,OCEAN (BD DE L'),44.63038,-1.202631,Nuit avec éclairage allumé,En agglomération,Hors intersection,Normale,Autre collision,3,2,2,1,1,1,1,0,5,50,1,2,0,0,0,2,23.0,,deux_roues,,5,2,1,1,6
202200036612,2022-01-17 21:15:00,2022,1,17,21,15,93,93064,Rue Albert Bouchet / Rue Hussenet,48.87839,2.47966,Nuit avec éclairage allumé,En agglomération,Intersection en T,Normale,Autre collision,4,2,2,0,1,1,1,0,1,30,1,2,1,0,0,1,47.0,,voiture,,5,2,3,1,6
202200036613,2022-02-27 07:15:00,2022,2,27,7,15,59,59291,DEHAM (RUE DE),50.240751,3.912418,Crépuscule ou aube,En agglomération,Autre intersection,Normale,Autre collision,4,-1,2,0,1,1,1,0,8,50,1,1,0,0,1,0,19.0,,voiture,,2,2,9,1,6
202200036614,2022-08-24 14:10:00,2022,8,24,14,10,973,97302,EBOUE (ROCADE FELIX),4.92955,-52.31511,Plein jour,En agglomération,Intersection en X,Normale,Deux véhicules - côté,3,2,2,0,1,1,1,0,1,50,2,3,1,0,0,2,18.0,50.0,deux_roues,voiture,1,2,2,1,3
202200036615,2022-01-16 20:10:00,2022,1,16,20,10,974,97407,20 DECEMBRE 1948(AVENUE DU),-20.93594,55.29851,Nuit avec éclairage allumé,En agglomération,Hors intersection,Normale,Autre collision,4,2,2,0,1,1,1,0,1,50,1,3,1,0,0,2,81.0,,voiture,,5,2,1,1,6
202200036616,2022-02-27 03:00:00,2022,2,27,3,0,42,42095,Rue Victor Hugo,45.3731303929,4.2713244259,Nuit avec éclairage allumé,En agglomération,Hors intersection,Normale,Autre collision,4,-1,1,0,2,1,1,0,1,50,2,5,2,0,0,3,,,voiture,voiture,5,2,1,1,6
202200036617,2022-07-15 18:20:00,2022,7,15,18,20,29,29019,rue Dupuy de Lome,48.388406,-4.515761,Plein jour,En agglomération,Intersection en X,Normale,Deux véhicules - côté,4,1,2,0,1,1,1,0,1,50,2,2,1,0,0,1,25.0,34.0,deux_roues,voiture,1,2,2,1,3
202200036618,2022-01-17 21:16:00,2022,1,17,21,16,973,97309,SUZINI (CARREFOUR),4.92696,-52.28993,Plein jour,En agglomération,Giratoire,Normale,Deux véhicules - côté,3,1,2,0,1,3,1,0,1,50,2,2,1,0,0,1,38.0,80.0,deux_roues,voiture,1,2,6,1,3
202200036619,2022-08-24 20:20:00,2022,8,24,20,20,69,69387,Cours Gambetta,45.75442,4.8454,Plein jour,En agglomération,Intersection en X,Normale,Deux véhicules - côté,4,2,2,3,1,1,1,0,6,50,2,2,1,0,0,1,40.0,27.0,voiture,deux_roues,1,2,2,1,3
202200036620,2022-02-27 18:30:00,2022,2,27,18,30,37,37261,EUROPE (AVENUE DE L'),47.42278,0.68566,Plein jour,En agglomération,Hors intersection,Normale,Autre collision,4,2,4,3,1,1,1,9,6,40,1,2,1,0,0,1,29.0,,transport_commun,,1,2,1,1,6
202200036621,2022-01-17 20:00:00,2022,1,17,20,0,69,69388,Rue Audibert et Lavirotte,45.73726,4.85833,Nuit avec éclairage allumé,En agglomération,Hors intersection,Normale,Deux véhicules - côté,4,2,2,1,1,1,1,0,1,50,2,2,1,0,0,1,39.0,20.0,voiture,deux_roues,5,2,1,1,3
202200036622,2022-08-24 14:51:00,2022,8,24,14,51,69,69387,Avenue Jean Jaurès,45.72713,4.83119,Plein jour,En agglomération,Hors intersection,Normale,Autre collision,4,2,2,2,1,1,1,8,1,50,1,2,1,0,0,1,24.0,,voiture,,1,2,1,1,6
202200036623,2022-02-27 18:53:00,2022,2,27,18,53,35,35238,Boulevard de Cleunay,48.10199,-1.69881,Plein jour,En agglomération,Autre intersection,Normale,Autre collision,4,-1,2,0,1,1,1,0,1,30,1,2,1,0,0,1,23.0,,voiture,,1,2,9,1,6
202200036624,2022-07-06 12:29:00,2022,7,6,12,29,27,27229,SAINT ANDRE (ROUTE DE),49.0140940747,1.1634993553,Plein jour,En agglomération,Hors intersection,Normale,Deux véhicules - arrière,4,2,2,0,1,1,1,0,1,50,2,2,1,0,0,1,18.0,61.0,deux_roues,voiture,1,2,1,1,2
202200036625,2022-01-17 16:40:00,2022,1,17,16,40,69,69389,29 Rue de la Corderie,45.7770157716,4.8042038083,Plein jour,En agglomération,Intersection en Y,Temps couvert,Autre collision,4,2,2,2,1,1,1,0,1,30,1,2,1,0,0,1,33.0,,utilitaire_camion,,1,2,4,8,6
202200036626,2022-02-27 17:35:00,2022,2,27,17,35,35,35238,CHURCHILL (AVENUE SIR WINSTON),48.12243,-1.70885,Plein jour,En agglomération,Autre intersection,Normale,Deux véhicules - côté,4,2,2,0,1,1,1,0,1,50,2,2,1,0,0,1,34.0,28.0,voiture,deux_roues,1,2,9,1,3
202200036627,2022-08-24 10:10:00,2022,8,24,10,10,69,69387,Avenue Berthelot,45.74517,4.84193,Plein jour,En agglomération,Intersection en X,Normale,Autre collision,4,1,3,3,1,1,1,0,1,50,1,2,1,0,0,1,57.0,,deux_roues,,1,2,2,1,6
202200036628,2022-07-14 14:50:00,2022,7,14,14,50,21,21231,CHICAGO (DE) (BOULEVARD),47.3020791599,5.0673918838,Plein jour,En agglomération,Intersection en T,Normale,Deux véhicules - côté,4,3,2,0,2,1,1,0,1,50,2,3,2,0,0,1,23.0,42.0,voiture,voiture,1,2,3,1,3
202200036629,2022-01-17 13:22:00,2022,1,17,13,22,69,69389,316 Avenue Andrei Sakharov,45.7871527155,4.7995662689,Plein jour,En agglomération,Hors intersection,Normale,Deux véhicules - frontale,4,2,2,1,1,2,7,9,1,50,2,4,1,0,0,3,56.0,19.0,transport_commun,voiture,1,2,1,1,1
202200036630,2022-08-24 03:45:00,2022,8,24,3,45,69,69386,Rue Duguesclin,45.77168,4.84679,Nuit avec éclairage allumé,En agglomération,Intersection en X,Normale,Deux véhicules - côté,4,1,1,2,1,1,1,0,1,30,2,2,0,0,0,2,22.0,24.0,voiture,voiture,5,2,2,1,3
202200036631,2022-02-27 14:25:00,2022,2,27,14,25,35,35238,VEZIN (ROUTE DE),48.11632,-1.71407,Plein jour,En agglomération,Intersection en X,Normale,Deux véhicules - frontale,4,-1,0,3,1,1,1,0,6,30,2,2,1,0,0,1,36.0,23.0,deux_roues,voiture,1,2,2,1,1
202200036632,2022-08-24 10:29:00,2022,8,24,10,29,972,97213,ROUTE DEPARTEMENTALE 15,14.63228,-61.00856,Plein jour,Hors agglomération,Hors intersection,Normale,Deux véhicules - arrière,3,2,2,0,1,1,1,0,1,50,2,2,1,0,1,0,58.0,81.0,voiture,voiture,1,1,1,1,2
202200036633,2022-01-15 09:09:00,2022,1,15,9,9,2B,2B033,AGLIANI - CHEMIN D',42.666073,9.439283,Plein jour,En agglomération,Giratoire,Normale,Deux véhicules - côté,3,-1,0,0,1,1,1,9,1,50,2,3,2,0,0,1,60.0,,voiture,voiture,1,2,6,1,3
202200036634,2022-02-27 14:00:00,2022,2,27,14,0,35,35238,STRASBOURG (BOULEVARD DE),48.1105854739,-1.6557165384,Plein jour,En agglomération,Hors intersection,Normale,Autre collision,4,-1,4,1,2,1,1,0,1,50,1,2,1,0,0,1,20.0,,voiture,,1,2,1,1,6
202200036635,2022-07-15 18:45:00,2022,7,15,18,45,13,13212,CAILLOLS (AVENUE DES),43.30382,5.42692,Plein jour,En agglomération,Hors intersection,Normale,Deux véhicules - arrière,4,2,2,0,2,1,1,0,1,50,2,2,1,0,0,1,28.0,22.0,voiture,deux_roues,1,2,1,1,2
202200036636,2022-01-14 23:00:00,2022,1,14,23,0,971,97101,CHAUVEL,16.23665,-61.51305,Nuit avec éclairage allumé,En agglomération,Hors intersection,Normale,Sans collision,3,2,2,0,2,2,1,0,4,50,1,1,0,0,0,1,38.0,,voiture,,5,2,1,1,7
202200036637,2022-08-24 21:30:00,2022,8,24,21,30,69,69142,Quai Jean-Jacques Rousseau,45.7435823358,4.8128172755,Nuit sans éclairage public,En agglomération,Hors intersection,Normale,Deux véhicules - frontale,4,2,2,0,1,1,1,0,1,50,2,3,2,0,0,1,45.0,36.0,voiture,voiture,3,2,1,1,1
202200036638,2022-07-14 10:25:00,2022,7,14,10,25,13,13206,LIEUTAUD (COURS),43.28904,5.38428,Plein jour,En agglomération,Hors intersection,Normale,Deux véhicules - frontale,4,2,2,0,1,1,1,0,1,50,1,2,1,0,0,1,17.0,,deux_roues,,1,2,1,1,1
202200036639,2022-02-27 04:45:00,2022,2,27,4,45,33,33318,Avenue de Madran,44.8057,-0.66101,Nuit avec éclairage non allumé,En agglomération,Intersection en Y,Normale,Autre collision,4,2,3,2,1,1,1,0,3,50,1,3,1,0,2,0,16.0,,voiture,,4,2,4,1,6
202200036640,2022-01-16 04:30:00,2022,1,16,4,30,95,95680,AVENUE PIERRE SEMARD,49.0012010653,2.4077492952,Nuit avec éclairage allumé,En agglomération,Hors intersection,Brouillard / fumée,Autre collision,3,2,2,0,1,1,1,0,1,50,1,2,1,0,0,1,43.0,,voiture,,5,2,1,5,6
202200036641,2022-08-24 14:00:00,2022,8,24,14,0,2A,2A004,NAPOLEON COURS AVANT BEVERINI,41.92768,8.73857,Plein jour,En agglomération,Autre intersection,Normale,Autre collision,2,2,2,0,1,1,1,6,1,50,1,2,1,0,0,1,72.0,,voiture,,1,2,9,1,6
202200036642,2022-02-28 02:30:00,2022,2,28,2,30,33,33529,RD 1250 (OUSTALET - BONNEVAL),44.61689,-1.13825,Nuit sans éclairage public,Hors agglomération,Giratoire,Brouillard / fumée,Autre collision,2,2,2,0,1,1,1,0,1,80,1,1,0,0,0,1,28.0,,voiture,,3,1,6,5,6
202200036643,2022-07-13 00:15:00,2022,7,13,0,15,13,13202,PARIS (BOULEVARD DE),43.3110601908,5.3695468604,Nuit avec éclairage allumé,En agglomération,Intersection en X,Normale,Deux véhicules - côté,4,1,3,3,1,1,1,9,1,50,2,2,0,0,0,2,19.0,19.0,voiture,voiture,5,2,2,1,3
202200036644,2022-01-17 09:00:00,2022,1,17,9,0,95,95280,Avenue de la Gare,49.02278,2.46533,Plein jour,Hors agglomération,Hors intersection,Temps couvert,Deux véhicules - arrière,4,2,2,0,2,1,1,9,1,50,2,2,1,0,0,1,36.0,20.0,voiture,voiture,1,1,1,8,2
202200036645,2022-08-24 09:45:00,2022,8,24,9,45,95,95019,Rue Boishue,48.979272,2.42519,Plein jour,En agglomération,Hors intersection,Temps éblouissant,Autre collision,4,2,2,0,1,1,1,0,1,50,1,1,0,0,1,0,28.0,,deux_roues,,1,2,1,7,6
202200036646,2022-02-27 18:05:00,2022,2,27,18,5,33,33529,CAONE (CH. DE LA),44.53987,-1.17408,Plein jour,En agglomération,Hors intersection,Normale,Sans collision,4,2,2,0,1,1,1,0,8,50,1,1,0,0,1,0,29.0,,deux_roues,,1,2,1,1,7
202200036647,2022-01-17 17:45:00,2022,1,17,17,45,91,91201,RUE WALDECK ROUSSEAU,48.68828,2.4349,Nuit avec éclairage non allumé,En agglomération,Hors intersection,Normale,Deux véhicules - côté,3,-1,2,0,1,1,1,0,1,50,2,2,1,0,0,1,39.0,33.0,voiture,deux_roues,4,2,1,1,3
202200036648,2022-04-19 11:15:00,2022,4,19,11,15,13,13047,RD 569,43.54291,4.97319,Plein jour,Hors agglomération,Hors intersection,Normale,Deux véhicules - arrière,7,2,2,0,1,1,1,0,1,80,2,2,1,0,0,1,44.0,35.0,voiture,voiture,1,1,1,1,2
202200036649,2022-08-24 19:35:00,2022,8,24,19,35,95,95555,Boulevard Pasteur,48.9656059857,2.2823774815,Plein jour,En agglomération,Hors intersection,Normale,Deux véhicules - côté,3,3,4,0,1,1,1,0,1,50,2,2,1,0,0,1,41.0,27.0,voiture,deux_roues,1,2,1,1,3
202200036650,2022-02-26 18:10:00,2022,2,26,18,10,29,29232,Rue de Juniville,47.9952692886,-4.099984467,Plein jour,En agglomération,Intersection en X,Normale,Deux véhicules - côté,4,1,3,0,1,1,1,0,1,50,2,2,1,0,0,1,65.0,21.0,voiture,voiture,1,2,2,1,3
202200036651,2022-01-15 08:20:00,2022,1,15,8,20,85,85194,46 Avenue alcide gabaret,46.49605,-1.77292,Plein jour,En agglomération,Intersection en T,Normale,Deux véhicules - côté,4,2,2,0,1,1,1,5,1,50,2,2,1,0,1,0,22.0,80.0,deux_roues,voiture,1,2,3,1,3
202200036652,2022-07-15 18:05:00,2022,7,15,18,5,10,10387,CHOMEDEY DE MAISONNEUVE (AVE),48.3087744435,4.0687608719,Plein jour,En agglomération,Hors intersection,Normale,Deux véhicules - côté,6,-1, -1,1,1,1,1,0,5,50,2,2,1,0,0,1,48.0,22.0,voiture,deux_roues,1,2,1,1,3
202200036653,2022-02-26 17:56:00,2022,2,26,17,56,29,29232,D34 - Route de Benodet,47.97096,-4.0864,Plein jour,Hors agglomération,Hors intersection,Normale,Deux véhicules - arrière,3,3,4,0,1,1,1,0,1,70,2,3,1,0,0,2,23.0,33.0,voiture,voiture,1,1,1,1,2
202200036654,2022-08-24 17:50:00,2022,8,24,17,50,95,95555,SANNOIS (RUE DE),48.9713285895,2.2753527761,Plein jour,En agglomération,Intersection en X,Normale,Deux véhicules - côté,4,2,2,0,1,1,1,0,1,30,2,7,5,0,0,2,22.0,48.0,voiture,utilitaire_camion,1,2,2,1,3
202200036655,2022-02-27 15:10:00,2022,2,27,15,10,29,29039,Beg Menez,47.90002,-3.94358,Plein jour,Hors agglomération,Hors intersection,Normale,Autre collision,4,2,2,1,1,1,1,8,1,80,1,1,0,0,0,1,62.0,,deux_roues,,1,1,1,1,6
202200036656,2022-02-27 04:06:00,2022,2,27,4,6,17,17300,DUPATY   RUE,46.15995,-1.15178,Nuit avec éclairage allumé,En agglomération,Hors intersection,Normale,Sans collision,4,1,1,0,1,1,1,0,4,30,1,1,0,0,0,1,22.0,,voiture,,5,2,1,1,7
202200036657,2022-08-24 19:25:00,2022,8,24,19,25,91,91691,ABBAYE(RUE),48.71059,2.49811,Plein jour,En agglomération,Hors intersection,Normale,Deux véhicules - frontale,4,2,2,0,1,1,1,9,1,50,2,2,1,0,0,1,24.0,25.0,voiture,deux_roues,1,2,1,1,1
202200036658,2022-07-13 16:45:00,2022,7,13,16,45,09,09122,20 (R.N.) COTE SUD DU TUNNEL,42.951768,1.622456,Plein jour,Hors agglomération,Hors intersection,Normale,Trois véhicules et plus - collisions multiples,2,2,2,0,1,1,1,0,1,80,3,5,0,1,2,2,81.0,18.0,voiture,voiture,1,1,1,1,5
202200036659,2022-01-13 15:45:00,2022,1,13,15,45,80,80001,AMIENS (d'),50.10243,1.854108,Plein jour,En agglomération,Hors intersection,Normale,Deux véhicules - arrière,3,-1,0,0,2,1,1,0,1,50,2,4,3,0,1,0,42.0,73.0,voiture,voiture,1,2,1,1,2
202200036660,2022-08-24 09:35:00,2022,8,24,9,35,83,83098,DE LATTRE (BD DE TASSIGNY),43.0973696872,6.0251722634,Plein jour,En agglomération,Autre intersection,Normale,Deux véhicules - côté,7,3,2,0,4,3,1,0,1,50,2,2,1,0,0,1,30.0,89.0,deux_roues,autre,1,2,9,1,3
202200036661,2022-07-15 18:45:00,2022,7,15,18,45,06,06088,MALAUSSENA (AV.),43.70811,7.26313,Plein jour,En agglomération,Hors intersection,Normale,,4,2,2,3,1,1,1,9,6,20,1,2,1,0,0,1,37.0,,deux_roues,,1,2,1,1,-1
202200036662,2022-02-27 15:29:00,2022,2,27,15,29,13,13117,CD 9 ESTROUBLANS,43.4276204903,5.2557821581,Plein jour,Hors agglomération,Intersection en Y,Normale,Deux véhicules - arrière,7,3,2,0,2,1,1,0,1,90,2,4,2,0,0,2,58.0,29.0,voiture,voiture,1,1,4,1,2
202200036663,2022-01-17 08:30:00,2022,1,17,8,30,78,78440,JEAN MERMOZ (RUE),48.990578,1.897367,Crépuscule ou aube,En agglomération,Intersection en X,Normale,Deux véhicules - côté,4,2,2,0,1,1,1,0,1,50,2,2,1,0,0,1,82.0,62.0,deux_roues,voiture,2,2,2,1,3
202200036664,2022-07-15 04:10:00,2022,7,15,4,10,06,06069,ORMEAUX (PLACE DES),43.64173,6.95976,Nuit avec éclairage allumé,En agglomération,Hors intersection,Normale,Sans collision,4,2,2,0,1,1,1,0,1,50,1,1,0,0,0,1,17.0,,deux_roues,,5,2,1,1,7
202200036665,2022-08-24 17:40:00,2022,8,24,17,40,81,81004,LANNES (BD DU MARECHAL),43.943,2.15481,Plein jour,En agglomération,Autre intersection,Normale,Autre collision,4,2,2,0,1,1,1,0,1,50,1,3,2,0,0,1,73.0,,voiture,,1,2,9,1,6
202200036666,2022-02-27 22:40:00,2022,2,27,22,40,13,13209,HUVEAUNE (BOULEVARD DE),43.27391,5.40791,Nuit avec éclairage allumé,En agglomération,Intersection en T,Normale,Sans collision,4,2,2,0,1,1,1,5,1,50,1,2,1,0,0,1,,,voiture,,5,2,3,1,7
202200036667,2022-01-17 09:00:00,2022,1,17,9,0,77,77085,D231,48.862978,2.743115,Crépuscule ou aube,En agglomération,Giratoire,Brouillard / fumée,Trois véhicules et plus - collisions multiples,3,1,2,0,1,1,2,5,1,70,3,3,2,0,0,1,44.0,72.0,utilitaire_camion,voiture,2,2,6,5,5
202200036668,2022-02-27 04:15:00,2022,2,27,4,15,13,13206,LIEUTAUD (COURS),43.29111,5.38317,Nuit avec éclairage allumé,En agglomération,Hors intersection,Normale,Deux véhicules - côté,4,2,1,0,1,1,1,0,1,50,2,2,1,0,0,1,47.0,21.0,voiture,deux_roues,5,2,1,1,3
202200036669,2022-07-14 02:00:00,2022,7,14,2,0,75,75115,PORTE BRANCION,48.82705,2.294491,Nuit avec éclairage allumé,En agglomération,Hors intersection,Normale,Trois véhicules et plus - en chaîne,4,1,3,0,1,1,1,0,1,70,3,5,1,0,0,4,,20.0,voiture,voiture,5,2,1,1,4
202200036670,2022-01-17 17:25:00,2022,1,17,17,25,77,77333,D607,48.26722,2.6958,Nuit avec éclairage allumé,En agglomération,Intersection en T,Normale,Deux véhicules - frontale,3,2,3,0,1,1,1,5,1,50,2,2,1,0,0,1,45.0,48.0,voiture,deux_roues,5,2,3,1,1
202200036671,2022-08-23 14:50:00,2022,8,23,14,50,77,77384,CHEMIN DES PLAINES,48.609,2.60675,Plein jour,Hors agglomération,Intersection en T,Normale,Deux véhicules - côté,4,2,3,1,1,1,1,0,1,50,2,2,0,1,0,1,75.0,55.0,voiture,voiture,1,1,3,1,3
202200036672,2022-01-17 15:39:00,2022,1,17,15,39,76,76216,Rue du Petit Aulnay,49.46176,1.04382,Plein jour,En agglomération,Hors intersection,Normale,Autre collision,7,2,2,0,2,2,1,9,1,30,2,2,1,1,0,0,22.0,35.0,deux_roues,transport_commun,1,2,1,1,6
202200036673,2022-02-26 13:50:00,2022,2,26,13,50,13,13207,CORSE (AVENUE DE LA),43.28948,5.36447,Plein jour,En agglomération,Intersection en T,Normale,Trois véhicules et plus - collisions multiples,4,2,4,0,2,1,1,0,1,50,3,9,8,0,0,1,29.0,62.0,voiture,voiture,1,2,3,1,5
202200036674,2022-07-14 04:57:00,2022,7,14,4,57,75,75101,QUAI DE L HORLOGE,48.856196,2.346472,Crépuscule ou aube,En agglomération,Intersection en X,Normale,Deux véhicules - côté,4,1,1,0,1,1,1,2,1,30,2,3,2,0,1,0,38.0,,deux_roues,utilitaire_camion,2,2,2,1,3