accident_id,datetime,annee,mois,jour,heure,minute,departement,commune_insee,adresse,latitude,longitude,luminosite,agglomeration,intersection,meteo,collision,catr,circ,nbv,vosp,prof,plan,surf,infra,situ,vma,nb_vehicules,nb_usagers,nb_indemnes,nb_tues,nb_blesses_hosp,nb_blesses_legers,age_cond_1,age_cond_2,veh_type_cond_1,veh_type_cond_2,lum_code,agg_code,int_code,atm_code,col_code
202200036675,2022-01-14 13:30:00,2022,1,14,13,30,76,76351,BENOIT MALON,49.51759,0.17573,Plein jour,En agglomération,Hors intersection,Normale,Deux véhicules - frontale,4,2,1,0,1,1,1,0,1,50,2,2,1,0,1,0,,27.0,voiture,deux_roues,1,2,1,1,1
202200036676,2022-02-26 23:20:00,2022,2,26,23,20,13,13047,CRAU AVENUE DE LA,43.59,4.94,Nuit avec éclairage allumé,En agglomération,Hors intersection,Normale,Autre collision,4,-1,2,0,1,1,1,0,1,50,1,3,0,0,0,3,21.0,,voiture,,5,2,1,1,6
202200036677,2022-08-23 18:40:00,2022,8,23,18,40,77,77186,D409 / D301,48.41361,2.64416,Plein jour,Hors agglomération,Intersection en X,Normale,Autre collision,3,2,2,0,1,1,1,5,1,90,3,3,2,0,0,1,22.0,22.0,voiture,voiture,1,1,2,1,6
202200036678,2022-02-27 22:50:00,2022,2,27,22,50,13,13001,RN 296,43.54319,5.4312,Nuit avec éclairage allumé,Hors agglomération,Hors intersection,Normale,Sans collision,2,2,4,0,2,4,1,0,1,50,1,1,0,0,0,1,50.0,,voiture,,5,1,1,1,7
202200036679,2022-07-15 08:20:00,2022,7,15,8,20,75,75113,RUE DU DESSOUS DES BERGES,48.828469,2.372948,Plein jour,En agglomération,Intersection en X,Normale,Deux véhicules - côté,4,1,1,0,1,1,1,0,1,30,2,2,1,0,0,1,25.0,22.0,voiture,deux_roues,1,2,2,1,3
202200036680,2022-07-26 21:40:00,2022,7,26,21,40,77,77458,Ham de Grand Ceriseaux,48.19042,2.779547,Crépuscule ou aube,Hors agglomération,Hors intersection,Normale,Sans collision,3,2,2,0,1,3,1,0,1,90,1,1,0,1,0,0,49.0,,deux_roues,,2,1,1,1,7
202200036681,2022-02-27 04:00:00,2022,2,27,4,0,13,13001,BROSSOLETTE PIERRE (AV),43.52254,5.44243,Nuit avec éclairage allumé,En agglomération,Hors intersection,Normale,Autre collision,4,2,2,0,1,1,1,0,1,50,1,2,0,0,0,2,20.0,,deux_roues,,5,2,1,1,6
202200036682,2022-01-17 14:50:00,2022,1,17,14,50,74,74012,VERDUN (AVENUE DE),46.18536,6.2422,Plein jour,En agglomération,Autre intersection,Normale,Deux véhicules - côté,4,2,2,0,1,1,1,0,1,50,2,2,1,0,0,1,46.0,19.0,transport_commun,deux_roues,1,2,9,1,3
202200036683,2022-02-27 16:30:00,2022,2,27,16,30,10,10387,PREMIER BCP (RUE DU),48.29212,4.07021,Plein jour,En agglomération,Autre intersection,Normale,Autre collision,4,2,2,0,1,1,1,0,1,50,1,3,2,0,0,1,43.0,,voiture,,1,2,9,1,6
202200036684,2022-07-15 12:30:00,2022,7,15,12,30,75,75119,PLACE SKANDERBEG,48.901218,2.370805,Plein jour,En agglomération,Place,Normale,Deux véhicules - côté,4,1,4,0,1,2,1,0,1,50,2,2,1,0,0,1,20.0,54.0,voiture,deux_roues,1,2,7,1,3
202200036685,2022-08-24 10:35:00,2022,8,24,10,35,76,76540,Rue du Mont Gargan,49.43657,1.11047,Plein jour,En agglomération,Intersection en T,Normale,Deux véhicules - frontale,7,2,2,0,1,1,1,0,1,30,2,2,1,0,0,1,25.0,28.0,utilitaire_camion,deux_roues,1,2,3,1,1
202200036686,2022-01-17 18:45:00,2022,1,17,18,45,73,73065,D1 Avenue général cartier,45.5746300081,5.9024826362,Crépuscule ou aube,En agglomération,Hors intersection,Normale,Deux véhicules - arrière,3,3,2,2,1,1,1,-1,1,50,2,6,3,0,0,3,29.0,28.0,voiture,voiture,2,2,1,1,2
202200036687,2022-08-24 09:40:00,2022,8,24,9,40,76,76540,Rue Francis Yard,49.44692,1.1097,Plein jour,En agglomération,Hors intersection,Normale,Autre collision,4,1,1,0,2,1,1,-1,4,50,1,1,0,0,1,0,31.0,,deux_roues,,1,2,1,1,6
202200036688,2022-01-12 12:20:00,2022,1,12,12,20,69,69282,Rue de la République,45.76292,5.01818,Plein jour,En agglomération,Intersection en T,Normale,Deux véhicules - arrière,4,2,2,1,1,1,1,0,1,50,2,2,1,0,0,1,39.0,18.0,voiture,deux_roues,1,2,3,1,2
202200036689,2022-02-27 19:50:00,2022,2,27,19,50,75,75115,BD PERIPHERIQUE EXTERIEUR,48.827241,2.2937135,Nuit avec éclairage allumé,En agglomération,Hors intersection,Normale,Trois véhicules et plus - en chaîne,4,1,3,0,1,1,1,0,1,70,3,5,3,0,0,2,27.0,61.0,deux_roues,voiture,5,2,1,1,4
202200036690,2022-07-15 21:30:00,2022,7,15,21,30,75,75117,RUE DE ROME,48.883292,2.319257,Crépuscule ou aube,En agglomération,Intersection en X,Normale,Deux véhicules - côté,4,2,2,1,1,1,1,-1,5,30,2,2,1,0,0,1,64.0,30.0,voiture,deux_roues,2,2,2,1,3
202200036691,2022-01-17 16:50:00,2022,1,17,16,50,64,64102,Cours Comte de Cabarrus,43.48192,-1.48726,Plein jour,En agglomération,Hors intersection,Normale,Trois véhicules et plus - en chaîne,4,3,2,0,1,1,1,0,1,50,3,4,3,0,0,1,51.0,66.0,voiture,voiture,1,2,1,1,4
202200036692,2022-08-24 21:30:00,2022,8,24,21,30,69,69266,Cours Emile Zola,45.77104,4.86987,Nuit avec éclairage allumé,En agglomération,Intersection en X,Normale,Deux véhicules - côté,4,2,2,2,1,1,1,5,1,30,2,3,2,0,0,1,19.0,19.0,deux_roues,voiture,5,2,2,1,3
202200036693,2022-02-27 16:10:00,2022,2,27,16,10,75,75112,BD PERIPHERIQUE INTERIEUR,48.827258,2.390884,Plein jour,En agglomération,Hors intersection,Normale,Trois véhicules et plus - en chaîne,4,1,4,0,1,1,1,0,1,70,3,4,3,0,0,1,37.0,25.0,voiture,deux_roues,1,2,1,1,4
202200036694,2022-07-15 01:45:00,2022,7,15,1,45,75,75116,ALLEE DU BORD DE L EAU,48.855343,2.226214,Nuit avec éclairage allumé,En agglomération,Hors intersection,Normale,Deux véhicules - côté,4,2,2,1,1,1,1,0,1,50,2,2,1,0,0,1,34.0,25.0,voiture,deux_roues,5,2,1,1,3
202200036695,2022-01-16 09:23:00,2022,1,16,9,23,63,63014,RAMACLES (PLACE DES),45.74961,3.11159,Plein jour,En agglomération,Hors intersection,Normale,Autre collision,4,2,2,0,1,1,1,0,1,50,1,2,1,0,0,1,22.0,,voiture,,1,2,1,1,6
202200036696,2022-02-27 10:52:00,2022,2,27,10,52,75,75119,RUE EVETTE,48.888776,2.380811,Plein jour,En agglomération,Intersection en T,Temps éblouissant,Autre collision,4,2,2,0,2,1,1,0,1,30,1,2,1,0,0,1,60.0,,voiture,,1,2,3,7,6
202200036697,2022-08-24 23:35:00,2022,8,24,23,35,69,69199,Boulevard Pierre Sémard,45.69454,4.8442,Nuit sans éclairage public,En agglomération,Intersection en T,Normale,Deux véhicules - côté,7,1,2,0,2,3,1,9,1,50,2,2,1,0,0,1,29.0,,voiture,voiture,3,2,3,1,3
202200036698,2022-07-14 15:00:00,2022,7,14,15,0,75,75116,AVENUE KLEBER,48.865549,2.288898,Plein jour,En agglomération,Hors intersection,Normale,Deux véhicules - côté,4,2,3,0,1,1,1,0,1,30,2,2,1,0,0,1,18.0,25.0,deux_roues,deux_roues,1,2,1,1,3
202200036699,2022-01-15 16:30:00,2022,1,15,16,30,63,63113,JOUHAUX (BD LEON),45.79318,3.11757,Plein jour,En agglomération,Passage à niveau,Normale,Deux véhicules - côté,7,3,4,0,1,1,1,4,1,50,2,2,1,0,0,1,20.0,23.0,autre,voiture,1,2,8,1,3
202200036700,2022-02-27 00:10:00,2022,2,27,0,10,75,75119,RUE DES BOIS,48.878837,2.401501,Nuit avec éclairage allumé,En agglomération,Intersection à plus de 4 branches,Normale,Deux véhicules - côté,4,1,1,1,2,1,1,-1,5,30,2,2,1,0,0,1,20.0,,deux_roues,voiture,5,2,5,1,3
202200036701,2022-08-24 08:55:00,2022,8,24,8,55,67,67482,HEYRITZ (PONT DU),48.57411,7.73792,Plein jour,En agglomération,Intersection en T,Normale,Deux véhicules - côté,4,2,4,1,3,1,1,2,1,50,2,2,1,0,0,1,66.0,44.0,voiture,deux_roues,1,2,3,1,3
202200036702,2022-01-15 13:41:00,2022,1,15,13,41,57,57591,MOULIN (RUE DU PETIT),49.24551,6.09246,Plein jour,En agglomération,Hors intersection,Normale,Autre collision,4,2,2,0,2,1,1,0,8,50,1,2,1,0,0,1,,,voiture,,1,2,1,1,6
202200036703,2022-02-26 21:45:00,2022,2,26,21,45,75,75109,BOULEVARD DE CLICHY,48.882127,2.33816,Nuit avec éclairage allumé,En agglomération,Hors intersection,Normale,Deux véhicules - côté,4,3,2,0,1,1,1,0,1,30,2,3,2,0,0,1,,37.0,deux_roues,voiture,5,2,1,1,3
202200036704,2022-07-15 10:50:00,2022,7,15,10,50,75,75115,AVENUE DE LA PORTE DE SEVRES,48.836016,2.27822,Plein jour,En agglomération,Intersection en X,Normale,Deux véhicules - côté,4,3,1,0,1,1,1,0,1,30,2,2,1,0,0,1,63.0,39.0,voiture,deux_roues,1,2,2,1,3
202200036705,2022-01-15 19:45:00,2022,1,15,19,45,56,56098,COMBES (RUE  EMILE ),47.77193,-3.33878,Nuit avec éclairage allumé,En agglomération,Intersection en X,Normale,Deux véhicules - côté,4,2,2,0,1,1,1,0,1,30,2,2,1,0,0,1,31.0,43.0,voiture,deux_roues,5,2,2,1,3
202200036706,2022-08-23 23:58:00,2022,8,23,23,58,67,67043,SEBASTIEN BRANT (RUE),48.61304,7.73681,Nuit avec éclairage allumé,En agglomération,Intersection en T,Normale,Autre collision,4,2,2,1,1,2,1,0,1,50,2,2,1,0,0,1,,19.0,voiture,deux_roues,5,2,3,1,6
202200036707,2022-02-26 23:40:00,2022,2,26,23,40,75,75108,AVENUE GEORGE V,48.867598,2.301245,Nuit avec éclairage allumé,En agglomération,Intersection en Y,Normale,Deux véhicules - côté,4,2,2,0,1,1,1,0,1,30,2,2,1,0,0,1,32.0,37.0,deux_roues,voiture,5,2,4,1,3
202200036708,2022-01-17 06:08:00,2022,1,17,6,8,45,45169,162 Rue du Val d'Orleans,47.9253856914,1.8460501944,Nuit avec éclairage allumé,En agglomération,Hors intersection,Brouillard / fumée,Deux véhicules - côté,4,2,2,0,1,1,1,0,1,50,2,2,1,0,0,1,,20.0,voiture,deux_roues,5,2,1,5,3
202200036709,2022-08-24 13:55:00,2022,8,24,13,55,64,64483,SAINT PEE (VIEILLE ROUTE DE),43.38923,-1.62674,Plein jour,Hors agglomération,Hors intersection,Normale,Autre collision,3,2,2,0,2,4,1,0,1,70,1,2,1,0,1,0,39.0,,voiture,,1,1,1,1,6
202200036710,2022-07-14 14:00:00,2022,7,14,14,0,75,75115,RUE LINOIS,48.848596,2.282802,Plein jour,En agglomération,Hors intersection,Normale,Deux véhicules - côté,4,1,1,1,1,1,1,0,1,30,2,2,1,0,0,1,,29.0,voiture,deux_roues,1,2,1,1,3
202200036711,2022-02-27 10:40:00,2022,2,27,10,40,75,75101,BOULEVARD DE SEBASTOPOL,48.859531,2.348786,Plein jour,En agglomération,Intersection en X,Normale,Deux véhicules - frontale,4,2,5,1,1,1,1,-1,5,30,2,2,1,0,0,1,32.0,,deux_roues,deux_roues,1,2,2,1,1
202200036712,2022-01-17 18:30:00,2022,1,17,18,30,35,35238,BEAUMARCHAIS,48.11474,-1.65577,Nuit avec éclairage allumé,En agglomération,Autre intersection,Normale,Deux véhicules - côté,4,1,1,0,1,1,1,0,5,50,2,2,1,0,0,1,74.0,26.0,voiture,deux_roues,5,2,9,1,3
202200036713,2022-08-23 16:40:00,2022,8,23,16,40,64,64024,Route de Saint Pée,43.45531,-1.51034,Plein jour,En agglomération,Hors intersection,Normale,Deux véhicules - arrière,3,2,2,0,1,1,1,9,1,50,2,2,1,0,0,1,70.0,36.0,voiture,voiture,1,2,1,1,2
202200036714,2022-07-15 16:05:00,2022,7,15,16,5,75,75102,BOULEVARD MONTMARTRE,48.871718,2.34162,Plein jour,En agglomération,Intersection en T,Normale,Autre collision,4,2,4,1,1,1,1,0,1,30,1,2,0,0,0,2,30.0,,deux_roues,,1,2,3,1,6
202200036715,2022-01-17 13:30:00,2022,1,17,13,30,33,33063,Rue de Ségur,44.8248350297,-0.5829244852,Plein jour,En agglomération,Intersection en Y,Normale,Autre collision,4,1,1,0,1,3,1,0,1,30,1,2,0,0,1,1,18.0,,deux_roues,,1,2,4,1,6
202200036716,2022-08-23 21:00:00,2022,8,23,21,0,62,62570,RUE SIKORSKI ,50.41693,2.88689,Crépuscule ou aube,En agglomération,Hors intersection,Normale,Autre collision,4,2,1,0,1,1,1,0,3,50,1,3,1,0,2,0,31.0,,voiture,,2,2,1,1,6
202200036717,2022-02-26 19:25:00,2022,2,26,19,25,75,75101,RUE DE RIVOLI,48.860105,2.343427,Crépuscule ou aube,En agglomération,Intersection en X,Normale,Autre collision,4,2,4,1,1,1,1,-1,5,30,2,7,3,0,0,4,23.0,19.0,transport_commun,deux_roues,2,2,2,1,6
202200036718,2022-07-15 14:35:00,2022,7,15,14,35,75,75104,RUE SAINT ANTOINE,48.855095,2.361672,Plein jour,En agglomération,Intersection en T,Normale,Autre collision,4,1,1,3,1,1,1,0,1,30,1,2,1,0,0,1,,,voiture,,1,2,3,1,6
202200036719,2022-01-17 09:50:00,2022,1,17,9,50,33,33281,Avenue François Mitterrand,44.81577,-0.68137,Plein jour,En agglomération,Giratoire,Normale,Deux véhicules - côté,4,2,5,1,1,1,1,9,1,50,2,2,1,0,1,0,19.0,56.0,deux_roues,utilitaire_camion,1,2,6,1,3
202200036720,2022-08-24 02:00:00,2022,8,24,2,0,59,59350,CHATEAU D'ISENGHEIN RUE DU,50.6504083248,2.9821899533,Nuit avec éclairage allumé,En agglomération,Hors intersection,Normale,Autre collision,4,1,2,0,1,1,1,0,1,50,2,2,1,0,0,1,28.0,,deux_roues,voiture,5,2,1,1,6
202200036721,2022-02-27 17:40:00,2022,2,27,17,40,94,94081,39 rue Clément Perrot,48.78905,2.39045,Plein jour,En agglomération,Hors intersection,Normale,Autre collision,4,1, -1,0,1,1,1,0,1,50,1,2,1,0,0,1,19.0,,voiture,,1,2,1,1,6
202200036722,2022-01-17 09:05:00,2022,1,17,9,5,33,33550,Rue Raoul Stonestreet,44.7751382993,-0.5849093199,Plein jour,En agglomération,Hors intersection,Temps couvert,Autre collision,4,1,1,0,1,1,1,0,1,50,1,2,1,0,1,0,35.0,,voiture,,1,2,1,8,6
202200036723,2022-08-23 07:10:00,2022,8,23,7,10,59,59350,4ème avenue Port Fluvial,50.637628,2.975989,Plein jour,En agglomération,Hors intersection,Normale,Deux véhicules - arrière,4,3,2,0,1,1,1,0,1,50,2,2,1,0,0,1,25.0,59.0,voiture,deux_roues,1,2,1,1,2
202200036724,2022-07-15 11:20:00,2022,7,15,11,20,75,75104,RUE DE RIVOLI,48.857304,2.35241,Plein jour,En agglomération,Intersection en T,Normale,Autre collision,4,2,3,1,1,1,1,-1,5,30,1,2,1,0,1,0,79.0,,deux_roues,,1,2,3,1,6
202200036725,2022-02-27 17:40:00,2022,2,27,17,40,93,93070,GABRIEL-PERI (AV),48.9055524454,2.331689,Plein jour,En agglomération,Hors intersection,Normale,Deux véhicules - côté,3,2,2,2,1,1,1,0,8,50,2,2,1,0,0,1,38.0,20.0,deux_roues,utilitaire_camion,1,2,1,1,3
202200036726,2022-02-27 14:10:00,2022,2,27,14,10,93,93050,ROBERT SCHUMANN (AVENUE),48.8721320113,2.5331747532,Plein jour,En agglomération,Hors intersection,Normale,Autre collision,4,2,2,0,1,1,1,0,1,50,1,2,1,0,0,1,40.0,,voiture,,1,2,1,1,6
202200036727,2022-07-14 19:40:00,2022,7,14,19,40,94,94068,CRETEIL (BD DE),48.797,2.498,Plein jour,En agglomération,Intersection en X,Normale,Deux véhicules - côté,3,2,2,0,1,1,1,5,1,30,2,2,1,0,0,1,58.0,19.0,voiture,deux_roues,1,2,2,1,3
202200036728,2022-01-17 12:15:00,2022,1,17,12,15,32,32307,R N 21,43.62214,0.57739,Plein jour,Hors agglomération,Hors intersection,Normale,Trois véhicules et plus - en chaîne,2,2,2,0,1,1,1,0,1,70,3,3,0,0,0,3,58.0,23.0,voiture,voiture,1,1,1,1,4
202200036729,2022-07-15 07:00:00,2022,7,15,7,0,94,94076,MARCEL GROSMESNIL (R),48.79627,2.35447,Plein jour,En agglomération,Hors intersection,Normale,Deux véhicules - côté,4,2,2,0,1,1,1,0,1,50,2,2,1,0,0,1,34.0,47.0,voiture,deux_roues,1,2,1,1,3
202200036730,2022-02-27 16:55:00,2022,2,27,16,55,93,93007,Avenue Paul Vaillant Couturier,48.92732,2.47321,Plein jour,En agglomération,Hors intersection,Temps éblouissant,Deux véhicules - côté,3,3,4,0,1,1,1,0,1,50,2,7,5,0,0,2,27.0,28.0,voiture,voiture,1,2,1,7,3
202200036731,2022-08-19 12:55:00,2022,8,19,12,55,59,59155,GHESQUIERE HENRI,51.0187942889,2.3828691244,Plein jour,En agglomération,Intersection en X,Normale,Deux véhicules - côté,4,2,2,0,1,1,1,0,1,50,2,2,1,0,0,1,16.0,25.0,deux_roues,voiture,1,2,2,1,3
202200036732,2022-01-17 23:30:00,2022,1,17,23,30,31,31555,14 CROIX DAURADE (PERIPH EST A62),43.63832,1.47678,Nuit avec éclairage allumé,Hors agglomération,Hors intersection,Brouillard / fumée,Sans collision,1,3,6,0,1,1,2,0,2,70,1,3,1,0,0,2,26.0,,voiture,,5,1,1,5,7
202200036733,2022-08-23 21:44:00,2022,8,23,21,44,56,56098,159 Rue Jean Jaurès,47.76796,-3.35408,Nuit avec éclairage allumé,En agglomération,Hors intersection,Normale,Autre collision,3,2,2,0,1,1,1,0,1,50,1,1,0,0,0,1,35.0,,voiture,,5,2,1,1,6
202200036734,2022-07-15 03:50:00,2022,7,15,3,50,94,94022,Boulevard de Stalingrad,48.77332,2.3998,Nuit avec éclairage allumé,En agglomération,Autre intersection,Normale,Autre collision,3,3,5,0,1,1,1,5,1,50,2,2,1,0,1,0,66.0,48.0,voiture,deux_roues,5,2,9,1,6
202200036735,2022-02-27 21:20:00,2022,2,27,21,20,93,93005,JEAN CHARCOT [CD115] (RUE),48.9357880523,2.4938959415,Nuit avec éclairage allumé,En agglomération,Intersection à plus de 4 branches,Normale,Deux véhicules - frontale,3,4,2,0,1,1,1,0,1,50,2,2,1,0,0,1,26.0,42.0,deux_roues,voiture,5,2,5,1,1
202200036736,2022-01-17 20:20:00,2022,1,17,20,20,29,29019,Avenue Victor le Gorgeu,48.400606,-4.499405,Nuit avec éclairage non allumé,En agglomération,Giratoire,Normale,Autre collision,4,-1,2,0,1,1,1,5,1,50,1,2,1,0,0,1,20.0,,deux_roues,,4,2,6,1,6
202200036737,2022-07-14 00:10:00,2022,7,14,0,10,94,94022,Avenue Gambetta,48.76349,2.40311,Nuit avec éclairage allumé,En agglomération,Hors intersection,Normale,Autre collision,3,3,4,1,2,2,2,0,2,50,1,1,0,1,0,0,29.0,,deux_roues,,5,2,1,1,6
202200036738,2022-08-24 18:55:00,2022,8,24,18,55,54,54357,Accès A31 (Bretelle),48.718276,6.16496,Plein jour,Hors agglomération,Hors intersection,Normale,Sans collision,1,2,1,0,1,1,1,3,1,90,1,2,0,0,1,1,47.0,,deux_roues,,1,1,1,1,7
202200036739,2022-02-27 17:05:00,2022,2,27,17,5,92,92050,BOUVETS BOULEVARD DES,48.8968705273,2.2240226716,Plein jour,En agglomération,Intersection en X,Normale,Deux véhicules - côté,3,1,0,0,2,1,1,0,1,50,2,5,3,0,0,2,31.0,80.0,voiture,voiture,1,2,2,1,3
202200036740,2022-08-24 12:15:00,2022,8,24,12,15,54,54547,RM 674,48.66585,6.19019,Plein jour,En agglomération,Hors intersection,Normale,Autre collision,7,3,2,0,1,1,1,0,1,70,1,2,1,0,0,1,24.0,,voiture,,1,2,1,1,6
202200036741,2022-07-15 17:50:00,2022,7,15,17,50,94,94004,Avenue du Parc  / Avenue Louis Wallé,48.75353,2.5264,Plein jour,En agglomération,Intersection en X,Normale,Autre collision,4,2,2,0,1,1,1,0,3,30,1,1,0,0,0,1,39.0,,utilitaire_camion,,1,2,2,1,6
202200036742,2022-01-17 18:45:00,2022,1,17,18,45,29,29019,Avenue Victor le Gorgeu,48.40418815,-4.505339652,Nuit avec éclairage allumé,En agglomération,Hors intersection,Normale,Trois véhicules et plus - collisions multiples,4,3,2,0,1,2,1,0,1,50,4,4,2,0,0,2,26.0,54.0,voiture,voiture,5,2,1,1,5
202200036743,2022-02-23 23:55:00,2022,2,23,23,55,39,39543,,46.767073,5.905066,Nuit sans éclairage public,Hors agglomération,Hors intersection,Normale,Deux véhicules - arrière,2,2,2,0,3,1,1,0,3,80,2,2,1,0,1,0,19.0,25.0,deux_roues,voiture,3,1,1,1,2
202200036744,2022-08-24 19:30:00,2022,8,24,19,30,51,51454,Place des Combattants d'A.F.N,49.22044,4.02098,Plein jour,En agglomération,Giratoire,Temps éblouissant,Deux véhicules - côté,3,1,2,1,1,3,1,0,1,50,2,3,2,0,0,1,34.0,32.0,voiture,deux_roues,1,2,6,7,3
202200036745,2022-04-26 13:40:00,2022,4,26,13,40,93,93070,ALBERT-DHALENNE (RUE),48.9131874969,2.3338669991,Plein jour,En agglomération,Hors intersection,Normale,Deux véhicules - arrière,3,1,1,3,1,2,1,0,6,50,2,2,1,1,0,0,44.0,48.0,deux_roues,utilitaire_camion,1,2,1,1,2
202200036746,2022-01-17 21:40:00,2022,1,17,21,40,27,27701,FRINGALE (RUE DE LA),49.23527,1.17069,Nuit avec éclairage allumé,En agglomération,Hors intersection,Normale,Deux véhicules - côté,4,2,2,0,1,1,1,0,4,30,2,2,1,0,0,1,27.0,56.0,voiture,deux_roues,5,2,1,1,3
202200036747,2022-02-28 15:05:00,2022,2,28,15,5,54,54345,D112,48.5984618923,6.2598560731,Plein jour,Hors agglomération,Intersection en X,Normale,Deux véhicules - côté,3,2,2,0,1,1,1,0,1,80,2,2,1,1,0,0,42.0,31.0,deux_roues,voiture,1,1,2,1,3
202200036748,2022-08-23 19:45:00,2022,8,23,19,45,51,51454,rue Henri Jadart,49.25315,4.02973,Plein jour,En agglomération,Hors intersection,Normale,Sans collision,4,1,1,0,1,1,1,6,1,30,1,3,2,0,0,1,,,voiture,,1,2,1,1,7
202200036749,2022-01-17 10:36:00,2022,1,17,10,36,17,17300,DULIN   AVENUE ANDRE,46.13808,-1.15067,Plein jour,En agglomération,Hors intersection,Temps couvert,Deux véhicules - arrière,4,-1,2,0,1,3,1,0,1,50,2,2,1,0,0,1,56.0,60.0,voiture,voiture,1,2,1,8,2
202200036750,2022-02-28 13:30:00,2022,2,28,13,30,54,54330,Grande Rue,48.6110403493,6.239145399,Plein jour,En agglomération,Hors intersection,Normale,Sans collision,3,2,2,0,1,1,1,0,1,50,1,1,0,0,1,0,69.0,,deux_roues,,1,2,1,1,7
202200036751,2022-01-16 18:50:00,2022,1,16,18,50,14,14118,D7,49.20332,-0.36055,Nuit avec éclairage allumé,En agglomération,Autre intersection,Pluie légère,Deux véhicules - côté,3,-1,2,0,1,4,2,5,1,50,2,2,1,0,1,0,60.0,20.0,voiture,voiture,5,2,9,2,3
202200036752,2022-07-15 03:50:00,2022,7,15,3,50,93,93064,Boulevard d'Alsace-lorraine / A86 ,48.885984,2.47651,Nuit avec éclairage allumé,En agglomération,Intersection en X,Normale,Deux véhicules - côté,1,1,2,0,1,3,1,0,1,90,2,8,6,0,0,2,22.0,35.0,voiture,voiture,5,2,2,1,3
202200036753,2022-01-17 16:30:00,2022,1,17,16,30,13,13214,MERIMEE,43.3275455369,5.3966181308,Plein jour,En agglomération,Hors intersection,Normale,Deux véhicules - arrière,4,2,3,0,1,1,1,0,1,50,2,3,2,0,0,1,25.0,42.0,voiture,voiture,1,2,1,1,2
202200036754,2022-08-24 06:10:00,2022,8,24,6,10,51,51108,METZ (AVE DE),48.95167,4.36866,Crépuscule ou aube,En agglomération,Intersection en X,Normale,Deux véhicules - côté,3,2,3,0,1,1,1,5,1,50,2,2,0,0,0,2,20.0,20.0,voiture,deux_roues,2,2,2,1,3
202200036755,2022-07-15 22:20:00,2022,7,15,22,20,93,93048,Rue Etienne Marcel / Avenue du Professeur André Lemiere,48.8551667384,2.4154008603,Nuit sans éclairage public,En agglomération,Intersection en T,Normale,Sans collision,4,1,1,2,1,1,1,0,1,50,2,2,1,0,0,1,47.0,42.0,voiture,deux_roues,3,2,3,1,7
202200036756,2022-08-25 00:40:00,2022,8,25,0,40,45,45147,61 Rue André Dessaux,47.9290419439,1.8973192871,Nuit avec éclairage allumé,En agglomération,Hors intersection,Normale,Deux véhicules - arrière,4,3,2,0,2,1,1,0,4,50,2,2,1,0,0,1,,,utilitaire_camion,,5,2,1,1,2
202200036757,2022-02-28 14:14:00,2022,2,28,14,14,73,73245,D1504,45.693486,5.830087,Plein jour,Hors agglomération,Hors intersection,Normale,Deux véhicules - frontale,3,2,2,0,2,3,8,0,1,70,2,2,1,0,1,0,28.0,28.0,deux_roues,voiture,1,1,1,1,1
202200036758,2022-07-15 16:20:00,2022,7,15,16,20,93,93046,Avenue Benoit Malon,48.9157502661,2.5356002748,Plein jour,En agglomération,Hors intersection,Normale,Deux véhicules - côté,3,3,2,0,1,1,1,0,1,30,2,2,1,0,0,1,51.0,42.0,voiture,voiture,1,2,1,1,3
202200036759,2022-08-24 18:00:00,2022,8,24,18,0,44,44109,1 Boulevard du Tertre,47.2203,-1.60321,Plein jour,En agglomération,Hors intersection,Normale,Deux véhicules - côté,4,2,3,3,1,1,1,0,1,50,2,2,1,0,0,1,,58.0,deux_roues,deux_roues,1,2,1,1,3
202200036760,2022-01-17 07:45:00,2022,1,17,7,45,13,13211,RTE D' ALLAUCH,43.306,5.502,Plein jour,En agglomération,Hors intersection,Normale,Deux véhicules - arrière,3,-1,2,0,1,1,1,0,1,50,2,2,1,0,0,1,,42.0,voiture,voiture,1,2,1,1,2
202200036761,2022-02-27 13:35:00,2022,2,27,13,35,31,31022,Route de Fronton,43.677184,1.423652,Plein jour,En agglomération,Hors intersection,Normale,Deux véhicules - frontale,7,2,2,0,1,1,1,0,1,50,2,2,1,0,1,0,18.0,60.0,deux_roues,voiture,1,2,1,1,1
202200036762,2022-07-15 20:30:00,2022,7,15,20,30,93,93045,Boulevard Eugène Decros / Rue Marcelle,48.883514,2.416469,Plein jour,En agglomération,Intersection en X,Normale,Deux véhicules - côté,3,2,2,0,2,1,1,0,1,30,2,3,2,0,0,1,16.0,29.0,deux_roues,voiture,1,2,2,1,3
202200036763,2022-02-27 15:20:00,2022,2,27,15,20,57,57443,,49.206481,6.123762,Plein jour,Hors agglomération,Hors intersection,Normale,Autre collision,1,3,4,0,2,3,1,0,3,130,1,2,0,0,1,1,19.0,,voiture,,1,1,1,1,6
202200036764,2022-08-24 08:30:00,2022,8,24,8,30,44,44109,39 Route de Clisson,47.19258,-1.52711,Plein jour,En agglomération,Hors intersection,Normale,Deux véhicules - côté,4,2,2,2,1,3,1,0,1,30,2,2,1,0,1,0,24.0,47.0,deux_roues,voiture,1,2,1,1,3
202200036765,2022-01-16 13:05:00,2022,1,16,13,5,13,13205,EUGENE PIERRE (BOULEVARD),43.2987975331,5.3904900172,Plein jour,En agglomération,Intersection en T,Normale,Deux véhicules - côté,4,2,2,0,2,1,1,0,1,50,2,2,0,0,0,2,29.0,37.0,deux_roues,deux_roues,1,2,3,1,3
202200036766,2022-07-15 11:00:00,2022,7,15,11,0,93,93029,Avenue Henri Barbusse,48.91522,2.44207,Plein jour,En agglomération,Hors intersection,Normale,Autre collision,3,2,2,3,1,1,1,0,1,50,1,2,1,0,0,1,,,autre,,1,2,1,1,6