accident_id,datetime,annee,mois,jour,heure,minute,departement,commune_insee,adresse,latitude,longitude,luminosite,agglomeration,intersection,meteo,collision,catr,circ,nbv,vosp,prof,plan,surf,infra,situ,vma,nb_vehicules,nb_usagers,nb_indemnes,nb_tues,nb_blesses_hosp,nb_blesses_legers,age_cond_1,age_cond_2,veh_type_cond_1,veh_type_cond_2,lum_code,agg_code,int_code,atm_code,col_code
202200036767,2022-02-28 07:50:00,2022,2,28,7,50,46,46263,D653,44.357764,1.237679,Plein jour,Hors agglomération,Hors intersection,Temps éblouissant,Deux véhicules - frontale,3,2,2,0,1,1,1,0,1,80,2,2,1,0,0,1,19.0,49.0,voiture,voiture,1,1,1,7,1
202200036768,2022-08-24 10:00:00,2022,8,24,10,0,35,35278,DUCHESSE ANNE (RUE DE LA),48.15196,-1.68497,Plein jour,En agglomération,Hors intersection,Normale,Autre collision,4,3,4,0,1,1,1,5,1,50,1,2,1,0,0,1,67.0,,voiture,,1,2,1,1,6
202200036769,2022-07-15 01:40:00,2022,7,15,1,40,93,93029,Rue des Travailleurs,48.91606,2.46535,Nuit avec éclairage non allumé,En agglomération,Hors intersection,Normale,Autre collision,4,2,2,0,1,1,1,0,1,50,1,1,0,0,0,1,47.0,,voiture,,4,2,1,1,6
202200036770,2022-01-13 17:30:00,2022,1,13,17,30,03,03310,Rue de la Cote Saint Amand,46.11436,3.44344,Crépuscule ou aube,Hors agglomération,Hors intersection,Normale,Deux véhicules - côté,3,3,2,0,2,1,1,0,1,50,2,3,2,0,1,0,66.0,19.0,utilitaire_camion,deux_roues,2,1,1,1,3
202200036771,2022-08-24 14:10:00,2022,8,24,14,10,33,33529,rue Lagrua,44.6463,-1.15761,Plein jour,En agglomération,Hors intersection,Normale,Deux véhicules - côté,4,2,2,1,1,1,1,0,5,50,2,2,1,0,0,1,24.0,18.0,deux_roues,voiture,1,2,1,1,3
202200036772,2022-01-17 18:15:00,2022,1,17,18,15,75,75120,PORTE DE BAGNOLET,48.865173,2.413429,Nuit avec éclairage allumé,En agglomération,Hors intersection,Normale,Autre collision,4,3,4,0,1,1,1,0,1,70,1,2,1,0,1,0,39.0,,utilitaire_camion,,5,2,1,1,6
202200036773,2022-02-26 18:45:00,2022,2,26,18,45,51,51391,N31,49.273543,3.882398,Crépuscule ou aube,Hors agglomération,Intersection en X,Normale,Deux véhicules - frontale,2,3,2,0,2,1,1,5,1,70,2,4,3,0,1,0,30.0,36.0,voiture,voiture,2,1,2,1,1
202200036774,2022-08-24 17:10:00,2022,8,24,17,10,31,31555,BD PIERRE ET MARIE CURIE,43.62681,1.4341,Plein jour,En agglomération,Hors intersection,Normale,Sans collision,4,1,1,0,1,1,1,0,1,50,1,1,0,0,1,0,30.0,,deux_roues,,1,2,1,1,7
202200036775,2022-07-14 04:15:00,2022,7,14,4,15,93,93029,Avenue Henri Barbusse / Avenue Jean Jaurès,48.91983,2.45139,Nuit avec éclairage allumé,En agglomération,Intersection en X,Normale,Deux véhicules - côté,3,2,2,0,1,1,1,0,1,50,2,2,1,0,1,0,22.0,35.0,voiture,transport_commun,5,2,2,1,3
202200036776,2022-02-26 16:00:00,2022,2,26,16,0,56,56027,N24 sens Rennes/Lorient,47.923617,-2.685418,Plein jour,Hors agglomération,Hors intersection,Normale,Sans collision,2,3,4,0,1,1,1,0,2,110,1,1,0,0,1,0,51.0,,voiture,,1,1,1,1,7
202200036777,2022-01-14 18:20:00,2022,1,14,18,20,75,75118,PORTE DE CLIGNANCOURT,48.901041,2.350764,Nuit avec éclairage allumé,En agglomération,Hors intersection,Normale,Deux véhicules - arrière,4,1,4,0,1,1,1,0,1,70,2,2,1,0,0,1,50.0,49.0,deux_roues,utilitaire_camion,5,2,1,1,2
202200036778,2022-02-26 11:20:00,2022,2,26,11,20,56,56158,20 rue du stade,47.6989,-2.80013,Plein jour,En agglomération,Autre intersection,Temps éblouissant,Autre collision,6,-1, -1,0,1,1,1,0,1,-1,1,2,1,0,0,1,70.0,,voiture,,1,2,9,7,6
202200036779,2022-08-20 13:50:00,2022,8,20,13,50,30,30189,Chemin du Mas de Cheylon,43.79339,4.34657,Plein jour,Hors agglomération,Hors intersection,Normale,Deux véhicules - frontale,3,2,2,0,1,1,1,0,1,50,2,2,0,0,1,1,54.0,42.0,deux_roues,voiture,1,1,1,1,1
202200036780,2022-01-17 18:00:00,2022,1,17,18,0,75,75116,AVENUE PAUL DOUMER,48.861019,2.283436,Nuit avec éclairage allumé,En agglomération,Intersection en X,Normale,Autre collision,4,2,4,0,1,1,1,0,1,30,1,2,1,0,0,1,,,utilitaire_camion,,5,2,2,1,6
202200036781,2022-07-15 13:28:00,2022,7,15,13,28,93,93007,Rue de l'Abbé Niort / Impasse de l'Abbé Niort,48.940723,2.4336,Plein jour,En agglomération,Intersection en T,Normale,Deux véhicules - côté,3,2,2,0,1,1,1,0,1,50,2,2,1,0,0,1,33.0,21.0,deux_roues,utilitaire_camion,1,2,3,1,3
202200036782,2022-02-26 15:50:00,2022,2,26,15,50,77,77509,D213,48.485723,3.050101,Plein jour,Hors agglomération,Giratoire,Normale,Autre collision,3,2,2,0,1,1,1,0,3,80,1,1,0,0,1,0,86.0,,voiture,,1,1,6,1,6
202200036783,2022-08-24 19:25:00,2022,8,24,19,25,30,30007,Avenue du General de Gaulle,44.1275,4.08371,Plein jour,En agglomération,Hors intersection,Normale,Autre collision,4,2,2,0,1,1,1,9,8,30,1,2,1,0,0,1,58.0,,utilitaire_camion,,1,2,1,1,6
202200036784,2022-07-15 11:20:00,2022,7,15,11,20,92,92075,RAYMOND MARCHERON (RUE),48.819183,2.287663,Plein jour,En agglomération,Hors intersection,Normale,Deux véhicules - arrière,3,2,2,0,1,1,1,0,1,50,2,2,1,0,0,1,65.0,37.0,deux_roues,voiture,1,2,1,1,2
202200036785,2022-02-28 17:40:00,2022,2,28,17,40,80,80440,route d'abbeville,50.195937,2.076837,Plein jour,En agglomération,Intersection en X,Normale,Deux véhicules - côté,3,-1,2,0,1,1,1,0,1,50,2,2,1,0,1,0,73.0,88.0,voiture,deux_roues,1,2,2,1,3
202200036786,2022-01-16 00:28:00,2022,1,16,0,28,75,75114,BOULEVARD DU MONTPARNASSE,48.842717,2.32719,Nuit avec éclairage allumé,En agglomération,Hors intersection,Normale,Deux véhicules - côté,4,2,6,0,1,1,1,0,1,30,2,4,3,0,0,1,22.0,24.0,deux_roues,voiture,5,2,1,1,3
202200036787,2022-02-23 16:50:00,2022,2,23,16,50,46,46028,Verdie Bas,44.929724,1.740013,Plein jour,Hors agglomération,Hors intersection,Normale,Autre collision,3,2,2,0,1,1,1,0,1,80,1,1,0,0,1,0,70.0,,deux_roues,,1,1,1,1,6
202200036788,2022-07-15 15:38:00,2022,7,15,15,38,92,92063,COTEAUX (BOULEVARD DES),48.883417,2.167679,Plein jour,En agglomération,Hors intersection,Temps éblouissant,Deux véhicules - côté,4,2,2,0,1,1,1,0,1,50,2,2,0,0,0,2,22.0,89.0,voiture,voiture,1,2,1,7,3
202200036789,2022-08-23 18:16:00,2022,8,23,18,16,29,29039,D783 - Pont du Moros,47.8804526895,-3.9079145193,Plein jour,Hors agglomération,Hors intersection,Normale,Trois véhicules et plus - en chaîne,3,2,2,0,1,1,1,0,1,70,3,6,5,0,0,1,37.0,19.0,voiture,voiture,1,1,1,1,4
202200036790,2022-01-17 12:15:00,2022,1,17,12,15,75,75112,RUE CHALIGNY,48.850159,2.384357,Plein jour,En agglomération,Intersection à plus de 4 branches,Normale,Autre collision,4,2,2,0,1,1,1,0,1,30,2,2,1,0,0,1,,40.0,voiture,deux_roues,1,2,5,1,6
202200036791,2022-07-14 10:50:00,2022,7,14,10,50,92,92063,MAUREPAS (RUE DE),48.87887,2.18138,Plein jour,En agglomération,Hors intersection,Normale,Autre collision,4,1,1,0,1,1,1,0,1,30,1,2,1,0,0,1,60.0,,voiture,,1,2,1,1,6
202200036792,2022-02-27 11:50:00,2022,2,27,11,50,38,38069,D1085,45.436741,5.298373,Plein jour,Hors agglomération,Intersection en X,Normale,Deux véhicules - frontale,3,2,2,0,1,1,1,5,1,80,2,3,0,0,1,2,19.0,56.0,voiture,voiture,1,1,2,1,1
202200036793,2022-08-23 14:10:00,2022,8,23,14,10,28,28134,RN 12 (CARREFOUR DELISLE),48.746,1.36407,Plein jour,En agglomération,Hors intersection,Normale,Deux véhicules - arrière,2,2,2,0,1,1,1,0,1,50,2,2,1,0,0,1,52.0,33.0,voiture,voiture,1,2,1,1,2
202200036794,2022-01-17 19:00:00,2022,1,17,19,0,75,75108,PLACE DE LA CONCORDE,48.865836,2.319921,Nuit avec éclairage allumé,En agglomération,Place,Normale,Deux véhicules - côté,4,1,3,0,1,1,1,0,1,30,2,2,1,0,0,1,52.0,59.0,voiture,deux_roues,5,2,7,1,3
202200036795,2022-07-15 08:30:00,2022,7,15,8,30,92,92051,"CHARLES DE GAULLE (AVENUE,N°118 A 192 +",48.8849016066,2.2606993317,Plein jour,En agglomération,Giratoire,Normale,Autre collision,2,1,2,0,1,1,1,0,6,30,1,2,1,0,0,1,59.0,,voiture,,1,2,6,1,6
202200036796,2022-08-24 19:02:00,2022,8,24,19,2,25,25462,SALINS DE (DU 16 AU 63),46.90651,6.34716,Plein jour,En agglomération,Giratoire,Normale,Deux véhicules - côté,4,-1,2,0,1,1,1,0,1,50,2,2,1,0,0,1,58.0,58.0,voiture,deux_roues,1,2,6,1,3
202200036797,2022-02-28 14:30:00,2022,2,28,14,30,13,13036,Route Départementale 571,43.847806,4.841082,Plein jour,Hors agglomération,Intersection en T,Normale,Deux véhicules - côté,3,2,2,0,1,1,1,0,1,80,2,4,2,0,1,1,73.0,42.0,voiture,utilitaire_camion,1,1,3,1,3
202200036798,2022-01-17 10:15:00,2022,1,17,10,15,75,75108,PLACE CHARLES DE GAULLE,48.873273,2.295535,Plein jour,En agglomération,Place,Temps couvert,Deux véhicules - arrière,4,1,5,0,1,2,1,0,1,30,2,2,1,0,0,1,47.0,39.0,utilitaire_camion,deux_roues,1,2,7,8,2
202200036799,2022-07-15 13:15:00,2022,7,15,13,15,75,75116,FERDINAND BUISSON (AVENUE) 1/23,48.835098,2.255169,Plein jour,En agglomération,Intersection en X,Normale,Deux véhicules - côté,4,1,1,1,1,1,1,0,1,50,2,2,1,0,0,1,24.0,75.0,deux_roues,voiture,1,2,2,1,3
202200036800,2022-02-28 14:15:00,2022,2,28,14,15,03,03157,D907 PK 8+335,46.212113,3.536707,Plein jour,Hors agglomération,Hors intersection,Normale,Trois véhicules et plus - collisions multiples,3,3,2,0,1,1,1,0,1,80,3,3,2,1,0,0,54.0,41.0,voiture,utilitaire_camion,1,1,1,1,5
202200036801,2022-01-17 16:13:00,2022,1,17,16,13,75,75103,RUE DE BRETAGNE,48.861939,2.364584,Plein jour,En agglomération,Intersection à plus de 4 branches,Normale,Deux véhicules - côté,4,2,2,0,1,1,1,0,1,30,2,2,1,0,0,1,30.0,22.0,deux_roues,deux_roues,1,2,5,1,3
202200036802,2022-08-24 18:10:00,2022,8,24,18,10,25,25056,BELFORT RUE DE BELFORT (sup 144)4,47.25889,6.04519,Plein jour,En agglomération,Intersection en X,Normale,Deux véhicules - côté,3,2,2,1,1,1,1,0,1,50,2,2,1,0,1,0,68.0,28.0,voiture,deux_roues,1,2,2,1,3
202200036803,2022-07-15 16:30:00,2022,7,15,16,30,92,92004,AULAGNIER ( QUAI ),48.912792123,2.3040137887,Plein jour,Hors agglomération,Hors intersection,Normale,Deux véhicules - arrière,3,1,2,0,1,1,1,0,1,70,2,2,1,0,0,1,41.0,30.0,deux_roues,voiture,1,1,1,1,2
202200036804,2022-02-25 17:45:00,2022,2,25,17,45,26,26357,D94,44.276652,4.916781,Crépuscule ou aube,Hors agglomération,Intersection en Y,Temps éblouissant,Deux véhicules - côté,3,2,2,0,1,2,1,0,5,80,2,2,1,0,1,0,64.0,16.0,voiture,deux_roues,2,1,4,7,3
202200036805,2022-01-17 14:46:00,2022,1,17,14,46,75,75102,BOULEVARD MONTMARTRE,48.871975,2.340089,Plein jour,En agglomération,Intersection à plus de 4 branches,Normale,Deux véhicules - côté,4,1,5,1,1,1,1,0,1,30,2,2,1,0,0,1,34.0,30.0,deux_roues,deux_roues,1,2,5,1,3
202200036806,2022-07-14 14:10:00,2022,7,14,14,10,92,92009,VICTOR HUGO ( RUE ),48.9168711304,2.2731213123,Plein jour,En agglomération,Hors intersection,Normale,Deux véhicules - côté,3,2,0,0,1,1,1,0,1,50,2,2,1,0,0,1,61.0,61.0,voiture,deux_roues,1,2,1,1,3
202200036807,2022-01-17 16:30:00,2022,1,17,16,30,94,94074,Rue Salvador Allende,48.7486218175,2.4649500846,Plein jour,En agglomération,Hors intersection,Normale,Autre collision,4,2,2,0,2,1,1,0,1,50,1,2,1,0,1,0,51.0,,utilitaire_camion,,1,2,1,1,6
202200036808,2022-08-24 13:35:00,2022,8,24,13,35,11,11069,,43.220432,2.37982,Plein jour,En agglomération,Intersection en X,Normale,Deux véhicules - côté,3,2,1,0,2,2,1,0,1,50,2,5,3,0,0,2,68.0,49.0,voiture,voiture,1,2,2,1,3
202200036809,2022-02-28 09:50:00,2022,2,28,9,50,50,50272,Rue du 30 Juillet 1944,48.949816,-1.533349,Plein jour,Hors agglomération,Giratoire,Temps éblouissant,Autre collision,3,2,2,0,1,3,1,6,1,80,1,3,2,0,0,1,41.0,,voiture,,1,1,6,7,6
202200036810,2022-01-16 03:21:00,2022,1,16,3,21,94,94068,44 Avenue de l’Alma,48.78558,2.49518,Nuit avec éclairage allumé,En agglomération,Hors intersection,Normale,Autre collision,3,2,1,0,1,1,1,0,1,30,1,1,0,0,0,1,54.0,,voiture,,5,2,1,1,6
202200036811,2022-07-16 02:30:00,2022,7,16,2,30,2A,2A249,route de la corniche - T402,41.676971,8.909842,Nuit avec éclairage allumé,En agglomération,Hors intersection,Normale,Autre collision,2,2,2,0,1,2,1,0,4,50,1,1,0,1,0,0,32.0,,deux_roues,,5,2,1,1,6
202200036812,2022-02-27 10:50:00,2022,2,27,10,50,50,50484,Rue de Paris,48.57737,-1.089,Plein jour,En agglomération,Hors intersection,Normale,Autre collision,3,2,2,0,1,1,1,0,1,50,1,2,1,0,0,1,22.0,,voiture,,1,2,1,1,6
202200036813,2022-08-24 19:25:00,2022,8,24,19,25,07,07072,,44.7374,4.625116,Plein jour,En agglomération,Hors intersection,Normale,Autre collision,4,2,2,0,2,2,1,0,1,50,1,2,1,0,1,0,59.0,,voiture,,1,2,1,1,6
202200036814,2022-01-16 16:18:00,2022,1,16,16,18,94,94038,Rue Jules Ferry,48.77801,2.34853,Plein jour,En agglomération,Intersection en T,Temps couvert,Deux véhicules - côté,4,2,0,0,1,1,1,0,1,50,2,2,1,0,0,1,58.0,21.0,voiture,deux_roues,1,2,3,8,3
202200036815,2022-06-17 08:35:00,2022,6,17,8,35,55,55165,4 Place de la Gare,49.384049,5.177175,Plein jour,En agglomération,Hors intersection,Normale,Autre collision,3,2,2,0,1,1,1,0,1,50,1,2,1,0,0,1,49.0,,utilitaire_camion,,1,2,1,1,6
202200036816,2022-02-23 23:10:00,2022,2,23,23,10,90,90101,2 Rue de Normanvillars,47.572393,7.014062,Nuit avec éclairage allumé,En agglomération,Giratoire,Normale,Deux véhicules - côté,3,2,2,0,1,1,1,0,1,50,2,2,1,0,0,1,22.0,22.0,voiture,voiture,5,2,6,1,3
202200036817,2022-07-15 08:00:00,2022,7,15,8,0,81,81139,D92,43.668592,2.111452,Plein jour,Hors agglomération,Intersection en X,Normale,Deux véhicules - côté,3,2,2,0,1,1,1,0,1,80,2,2,1,0,1,0,20.0,59.0,voiture,voiture,1,1,2,1,3
202200036818,2022-08-22 21:00:00,2022,8,22,21,0,06,06029,BLANC (RUE LOUIS),43.55113,7.01335,Nuit avec éclairage allumé,En agglomération,Hors intersection,Normale,Deux véhicules - côté,4,2,2,0,1,1,1,0,1,30,2,3,1,0,0,2,52.0,18.0,voiture,deux_roues,5,2,1,1,3
202200036819,2022-02-27 01:30:00,2022,2,27,1,30,36,36205,,47.106124,1.991586,Nuit sans éclairage public,Hors agglomération,Hors intersection,Normale,Autre collision,3,2,2,0,1,1,1,0,3,80,1,1,0,0,1,0,26.0,,voiture,,3,1,1,1,6
202200036820,2022-06-16 12:20:00,2022,6,16,12,20,49,49008,D923,47.574365,-1.018655,Plein jour,Hors agglomération,Autre intersection,Normale,Sans collision,3,2,2,0,4,1,1,0,3,90,1,1,0,0,1,0,23.0,,voiture,,1,1,9,1,7
202200036821,2022-01-17 08:00:00,2022,1,17,8,0,93,93070,LANDY(RUE):N° 1 AU 43,48.9168885084,2.3335278561,Plein jour,En agglomération,Autre intersection,Pluie légère,Deux véhicules - arrière,4,1,1,0,1,1,2,0,1,50,2,5,4,0,1,0,72.0,52.0,voiture,voiture,1,2,9,2,2
202200036822,2022-07-16 09:25:00,2022,7,16,9,25,68,68022,Route Départementale 20b,47.815181,7.423786,Plein jour,Hors agglomération,Hors intersection,Normale,Sans collision,3,2,2,0,1,1,1,0,1,80,1,1,0,0,0,1,28.0,,deux_roues,,1,1,1,1,7
202200036823,2022-08-22 22:10:00,2022,8,22,22,10,06,06029,VAUTRIN (BOULEVARD DU GENERAL),43.5496,7.0314,Nuit avec éclairage allumé,En agglomération,Hors intersection,Normale,Deux véhicules - arrière,4,2,2,0,1,1,1,0,1,50,2,2,1,0,0,1,42.0,32.0,voiture,deux_roues,5,2,1,1,2
202200036824,2022-02-24 11:25:00,2022,2,24,11,25,53,53123,La Meule,48.227557,-0.95809,Plein jour,Hors agglomération,Intersection en X,Normale,Deux véhicules - côté,3,2,2,0,1,3,2,5,1,80,2,3,2,0,1,0,35.0,33.0,voiture,voiture,1,1,2,1,3
202200036825,2022-01-17 20:30:00,2022,1,17,20,30,93,93050,MARECHAL FOCH (AVENUE) COTE IMPAIR,48.8550758976,2.5242652867,Nuit avec éclairage allumé,En agglomération,Hors intersection,Normale,Deux véhicules - côté,3,2, -1,3,1,1,1,0,8,50,2,4,2,0,0,2,,26.0,voiture,transport_commun,5,2,1,1,3
202200036826,2022-06-15 15:50:00,2022,6,15,15,50,49,49218,Moulin des Landes (st Rémy-En-Mauges),47.246122,-1.082507,Plein jour,Hors agglomération,Intersection en X,Normale,Deux véhicules - côté,3,2,1,0,1,1,1,5,1,80,2,4,1,1,1,1,33.0,29.0,voiture,voiture,1,1,2,1,3
202200036827,2022-08-23 14:20:00,2022,8,23,14,20,04,04070,,44.075738,6.269419,Plein jour,Hors agglomération,Hors intersection,Normale,Sans collision,3,2,2,0,1,3,1,0,1,70,1,1,0,0,1,0,66.0,,deux_roues,,1,1,1,1,7
202200036828,2022-02-27 22:45:00,2022,2,27,22,45,24,24521,D69,45.221695,0.876364,Nuit sans éclairage public,Hors agglomération,Hors intersection,Normale,Sans collision,3,2,2,0,4,2,1,0,1,80,1,3,0,1,0,2,54.0,,voiture,,3,1,1,1,7
202200036829,2022-07-16 12:40:00,2022,7,16,12,40,67,67283,D218,48.701172,7.359767,Plein jour,Hors agglomération,Intersection en X,Normale,Deux véhicules - côté,3,2,2,0,1,1,1,0,1,80,2,4,2,0,2,0,24.0,78.0,deux_roues,voiture,1,1,2,1,3
202200036830,2022-01-17 08:18:00,2022,1,17,8,18,93,93050,SUFFREN (RUE),48.8656,2.5375,Crépuscule ou aube,En agglomération,Hors intersection,Normale,Autre collision,4,2,1,0,1,1,1,0,1,30,1,2,1,0,0,1,54.0,,voiture,,2,2,1,1,6
202200036831,2022-06-17 15:00:00,2022,6,17,15,0,34,34130,D909,43.529442,3.185366,Plein jour,Hors agglomération,Hors intersection,Normale,Autre collision,3,2,2,0,1,1,1,2,3,90,1,2,0,0,2,0,82.0,,voiture,,1,1,1,1,6
202200036832,2022-08-23 20:30:00,2022,8,23,20,30,75,75118,PORTE DE CLIGNANCOURT,48.901089,2.352132,Crépuscule ou aube,En agglomération,Hors intersection,Normale,Deux véhicules - arrière,4,1,4,0,1,1,1,0,1,70,2,2,1,0,0,1,68.0,40.0,voiture,deux_roues,2,2,1,1,2
202200036833,2022-07-16 09:30:00,2022,7,16,9,30,29,29199,N12,48.5752565433,-3.7209645228,Plein jour,Hors agglomération,Hors intersection,Normale,Autre collision,2,3,4,0,1,1,1,0,1,110,1,2,0,1,1,0,61.0,,deux_roues,,1,1,1,1,6
202200036834,2022-05-08 15:00:00,2022,5,8,15,0,68,68005,Rue d Ammerschwihr,48.112668,7.287433,Plein jour,En agglomération,Hors intersection,Normale,Deux véhicules - frontale,4,2,2,0,1,2,1,0,1,50,2,2,1,0,1,0,15.0,59.0,deux_roues,deux_roues,1,2,1,1,1
202200036835,2022-01-17 10:50:00,2022,1,17,10,50,93,93057,MONTYON (AL.) 1 A 74,48.912856983,2.5068489573,Plein jour,En agglomération,Intersection à plus de 4 branches,Normale,Deux véhicules - arrière,3,2,0,0,1,1,1,0,1,50,2,2,1,0,0,1,32.0,36.0,voiture,utilitaire_camion,1,2,5,1,2
202200036836,2022-02-28 12:30:00,2022,2,28,12,30,28,28172,Route départementale 28,48.552891,1.669314,Plein jour,Hors agglomération,Hors intersection,Normale,Deux véhicules - frontale,3,2,2,0,1,1,1,0,1,80,2,2,1,0,0,1,56.0,55.0,voiture,voiture,1,1,1,1,1
202200036837,2022-07-15 11:30:00,2022,7,15,11,30,22,22067,RN12,48.5528734814,-3.1717452775,Plein jour,Hors agglomération,Hors intersection,Temps éblouissant,Autre collision,2,3,2,0,2,3,1,0,3,110,1,1,0,0,1,0,28.0,,voiture,,1,1,1,7,6
202200036838,2022-01-17 06:50:00,2022,1,17,6,50,93,93010,GALLIENI (AV.) DE 1 A 109,48.905461528,2.4755739835,Nuit avec éclairage allumé,En agglomération,Hors intersection,Pluie légère,Autre collision,3,3,3,0,1,1,2,2,1,50,1,2,1,0,0,1,43.0,,autre,,5,2,1,2,6
202200036839,2022-04-30 12:35:00,2022,4,30,12,35,68,68155,Route d Eguisheim,48.09309,7.306643,Plein jour,En agglomération,Hors intersection,Normale,Deux véhicules - côté,3,2,2,0,1,1,1,0,1,50,2,2,1,0,1,0,53.0,28.0,deux_roues,voiture,1,2,1,1,3
202200036840,2022-02-26 22:00:00,2022,2,26,22,0,31,31446,Route de Narbonne,43.540834,1.481631,Nuit avec éclairage allumé,En agglomération,Hors intersection,Normale,Autre collision,3,2,2,3,1,1,1,0,1,50,1,2,1,0,0,1,56.0,,transport_commun,,5,2,1,1,6
202200036841,2022-08-22 20:50:00,2022,8,22,20,50,75,75112,PORTE DE VINCENNES,48.844361,2.413897,Crépuscule ou aube,En agglomération,Intersection en Y,Normale,Trois véhicules et plus - en chaîne,4,1,4,0,1,1,1,0,1,70,3,3,2,0,0,1,23.0,41.0,voiture,voiture,2,2,4,1,4
202200036842,2022-05-01 05:30:00,2022,5,1,5,30,68,68244,Route départementale 1,48.0257273299,7.2815460416,Crépuscule ou aube,Hors agglomération,Hors intersection,Normale,Sans collision,3,2,2,0,1,2,1,0,1,80,1,2,1,0,1,0,19.0,,voiture,,2,1,1,1,7
202200036843,2022-01-15 22:30:00,2022,1,15,22,30,92,92063,POMPIDOU (AVENUE DU PRESIDENT),48.8722262194,2.1926404237,Nuit avec éclairage allumé,En agglomération,Hors intersection,Normale,Deux véhicules - côté,4,2,2,0,1,1,1,0,1,50,2,2,1,0,0,1,21.0,28.0,deux_roues,voiture,5,2,1,1,3
202200036844,2022-02-28 08:45:00,2022,2,28,8,45,38,38229,Autoroute A41 sud point kilométrique 003.950 direction Chambéry,45.210683,5.807042,Plein jour,Hors agglomération,Hors intersection,Normale,Deux véhicules - côté,1,3,5,0,1,1,1,0,1,110,2,2,1,0,0,1,26.0,25.0,deux_roues,voiture,1,1,1,1,3
202200036845,2022-07-16 13:43:00,2022,7,16,13,43,74,74112,D3508,45.928453,6.089834,Plein jour,Hors agglomération,Hors intersection,Normale,Deux véhicules - arrière,3,3,2,0,1,1,1,8,1,50,2,3,2,0,1,0,26.0,50.0,voiture,deux_roues,1,1,1,1,2
202200036846,2022-08-23 07:10:00,2022,8,23,7,10,75,75105,RUE GAY LUSSAC,48.843159,2.342613,Plein jour,En agglomération,Intersection en Y,Normale,Deux véhicules - côté,4,2,2,0,1,1,1,0,1,30,2,2,1,0,0,1,21.0,26.0,deux_roues,deux_roues,1,2,4,1,3
202200036847,2022-01-17 20:21:00,2022,1,17,20,21,92,92040,RODIN (BOULEVARD),48.8206450446,2.263453424,Nuit avec éclairage allumé,En agglomération,Hors intersection,Normale,Autre collision,3,2,2,0,1,1,1,0,1,30,1,2,1,0,0,1,,,deux_roues,,5,2,1,1,6
202200036848,2022-06-16 23:15:00,2022,6,16,23,15,39,39434,,46.846239,5.703466,Nuit sans éclairage public,Hors agglomération,Hors intersection,Normale,Autre collision,2,2,2,0,1,1,1,0,1,80,1,4,3,1,0,0,35.0,,voiture,,3,1,1,1,6
202200036849,2022-02-28 07:50:00,2022,2,28,7,50,06,06088,A8 PK 193.300 chaussée nord,43.720976,7.216599,Plein jour,Hors agglomération,Hors intersection,Normale,Deux véhicules - côté,1,3,5,0,2,1,1,1,1,90,3,3,2,0,1,0,29.0,37.0,voiture,deux_roues,1,1,1,1,3
202200036850,2022-07-14 15:15:00,2022,7,14,15,15,38,38400,Avenue Gaston Bonnardel,45.341894,5.565873,Plein jour,En agglomération,Intersection en T,Normale,Deux véhicules - côté,3,2,2,0,1,3,1,0,1,50,2,3,1,0,1,1,21.0,40.0,deux_roues,utilitaire_camion,1,2,3,1,3
202200036851,2022-02-26 02:00:00,2022,2,26,2,0,987,98722,Papenoo RT2 PK 19.600,-17.596218,-149.39357,Nuit sans éclairage public,Hors agglomération,Hors intersection,Normale,Autre collision,2,2,2,0,2,2,1,0,3,60,1,1,0,1,0,0,33.0,,voiture,,3,1,1,1,6
202200036852,2022-08-24 16:00:00,2022,8,24,16,0,75,75118,RUE MONTCALM,48.89289,2.337408,Plein jour,En agglomération,Intersection en Y,Normale,Autre collision,4,1,1,0,1,1,1,0,1,30,1,2,1,0,0,1,35.0,,deux_roues,,1,2,4,1,6
202200036853,2022-06-16 11:15:00,2022,6,16,11,15,44,44127,1 rethoret machet,47.006209,-1.454927,Plein jour,Hors agglomération,Intersection à plus de 4 branches,Normale,Deux véhicules - côté,3,2,2,0,1,1,1,0,1,80,2,3,0,0,1,2,51.0,51.0,voiture,utilitaire_camion,1,1,5,1,3
202200036854,2022-01-15 22:00:00,2022,1,15,22,0,92,92025,CHARLES DE GAULLE (BD),48.9152436083,2.2281813696,Nuit avec éclairage allumé,En agglomération,Hors intersection,Normale,Autre collision,3,1,1,0,1,1,1,0,1,30,1,2,1,0,0,1,23.0,,voiture,,5,2,1,1,6
202200036855,2022-02-26 15:45:00,2022,2,26,15,45,37,37185,Route de la Loire,47.441956,0.996231,Plein jour,En agglomération,Hors intersection,Normale,Deux véhicules - côté,4,2,2,0,1,1,1,9,1,50,2,2,1,0,0,1,52.0,15.0,voiture,deux_roues,1,2,1,1,3
202200036856,2022-07-16 09:11:00,2022,7,16,9,11,48,48128,AUTOROUTE A75 - PK 130+220 - SENS SUD / NORD,44.763525,3.283609,Plein jour,Hors agglomération,Hors intersection,Normale,Autre collision,1,1,4,0,2,1,1,0,2,130,1,3,2,0,1,0,73.0,,voiture,,1,1,1,1,6
202200036857,2022-06-17 09:00:00,2022,6,17,9,0,29,29174,Hameau Saint Julien,47.874382,-4.241388,Plein jour,Hors agglomération,Hors intersection,Normale,Deux véhicules - arrière,3,-1,1,0,1,1,1,0,1,70,2,2,1,0,0,1,16.0,33.0,deux_roues,voiture,1,1,1,1,2