accident_id,datetime,annee,mois,jour,heure,minute,departement,commune_insee,adresse,latitude,longitude,luminosite,agglomeration,intersection,meteo,collision,catr,circ,nbv,vosp,prof,plan,surf,infra,situ,vma,nb_vehicules,nb_usagers,nb_indemnes,nb_tues,nb_blesses_hosp,nb_blesses_legers,age_cond_1,age_cond_2,veh_type_cond_1,veh_type_cond_2,lum_code,agg_code,int_code,atm_code,col_code
202200036952,2022-02-26 09:45:00,2022,2,26,9,45,69,69388,Rue Challemel Lacour,45.72926,4.85189,Plein jour,En agglomération,Hors intersection,Normale,Deux véhicules - arrière,4,2,2,2,1,1,1,0,1,50,2,2,1,0,0,1,37.0,51.0,utilitaire_camion,deux_roues,1,2,1,1,2
202200036953,2022-06-17 08:45:00,2022,6,17,8,45,38,38051,D519e,45.334816,4.909816,Plein jour,Hors agglomération,Giratoire,Normale,Deux véhicules - côté,9,4,2,0,1,2,1,0,1,30,2,2,1,0,1,0,52.0,58.0,utilitaire_camion,deux_roues,1,1,6,1,3
202200036954,2022-08-23 17:40:00,2022,8,23,17,40,92,92050,SEINE BOULEVARD DE,48.9016859005,2.1943712532,Plein jour,En agglomération,Intersection en T,Normale,Deux véhicules - côté,4,2,0,0,1,1,1,0,1,50,2,2,1,0,0,1,17.0,47.0,deux_roues,transport_commun,1,2,3,1,3
202200036955,2022-02-26 03:49:00,2022,2,26,3,49,69,69387,Rue Montesquieu,45.75372,4.8404,Nuit avec éclairage allumé,En agglomération,Intersection en X,Normale,Deux véhicules - frontale,4,1,1,2,1,1,1,0,1,50,2,4,3,0,0,1,24.0,53.0,voiture,voiture,5,2,2,1,1
202200036956,2022-08-24 19:00:00,2022,8,24,19,0,92,92012,PIERRE GRENIER (AVENUE),48.8297363741,2.2514478564,Plein jour,En agglomération,Hors intersection,Normale,Deux véhicules - côté,4,2,2,0,1,1,1,0,1,50,2,2,1,0,0,1,38.0,27.0,voiture,deux_roues,1,2,1,1,3
202200036957,2022-06-16 16:15:00,2022,6,16,16,15,38,38064,114bis Route de Lyon,45.568086,5.361317,Plein jour,Hors agglomération,Hors intersection,Normale,Deux véhicules - côté,3,2,2,0,1,1,1,8,1,90,2,2,1,0,1,0,62.0,18.0,utilitaire_camion,deux_roues,1,1,1,1,3
202200036958,2022-02-26 02:25:00,2022,2,26,2,25,972,97213,AUTOROUTE A1,14.6093226874,-61.0058677197,Nuit avec éclairage allumé,Hors agglomération,Autre intersection,Normale,Autre collision,1,3,6,0,2,1,1,3,1,90,1,2,0,2,0,0,25.0,,deux_roues,,5,1,9,1,6
202200036959,2022-06-12 04:55:00,2022,6,12,4,55,69,69040,30 Avenue de Lanessan,45.794138,4.793553,Nuit avec éclairage allumé,En agglomération,Hors intersection,Normale,Autre collision,7,2,2,0,1,1,1,0,1,50,1,1,0,0,1,0,52.0,,deux_roues,,5,2,1,1,6
202200036960,2022-08-24 09:30:00,2022,8,24,9,30,95,95353,A16,49.086347,2.316871,Plein jour,Hors agglomération,Hors intersection,Normale,Autre collision,1,3,4,0,2,1,1,0,2,110,1,2,1,0,0,1,59.0,,utilitaire_camion,,1,1,1,1,6
202200036961,2022-02-26 00:30:00,2022,2,26,0,30,972,97213,ROUTE DEPARTEMENTALE 3,14.60283,-60.99756,Nuit sans éclairage public,Hors agglomération,Hors intersection,Pluie légère,Autre collision,3,2,2,0,1,1,2,9,3,50,1,1,0,0,0,1,51.0,,voiture,,3,1,1,2,6
202200036962,2022-06-16 18:35:00,2022,6,16,18,35,33,33023,Avenue du Général de Gaulle,44.709658,-0.482122,Plein jour,En agglomération,Intersection en T,Normale,Deux véhicules - côté,3,2,2,0,2,1,1,0,1,50,2,2,1,0,0,1,21.0,32.0,deux_roues,voiture,1,2,3,1,3
202200036963,2022-08-24 17:15:00,2022,8,24,17,15,85,85265,a 83 pk 109+500,46.4096560554,-0.7026189942,Plein jour,Hors agglomération,Hors intersection,Normale,Deux véhicules - arrière,1,3,4,0,1,1,1,0,2,130,2,2,1,1,0,0,55.0,27.0,utilitaire_camion,voiture,1,1,1,1,2
202200036964,2022-02-26 14:15:00,2022,2,26,14,15,972,97209,CLUNY (ROUTE DE),14.61546,-61.08293,Plein jour,En agglomération,Hors intersection,Normale,Deux véhicules - côté,3,2,2,0,1,1,1,9,1,30,2,2,0,0,0,2,53.0,54.0,voiture,voiture,1,2,1,1,3
202200036965,2022-06-16 21:30:00,2022,6,16,21,30,50,50575,RD650,49.588389,-1.684492,Plein jour,Hors agglomération,Hors intersection,Normale,Deux véhicules - frontale,3,2,2,0,1,1,1,0,1,80,2,3,1,1,1,0,22.0,22.0,voiture,voiture,1,1,1,1,1
202200036966,2022-02-26 09:35:00,2022,2,26,9,35,972,97209,RD 41,14.61165,-61.07915,Plein jour,Hors agglomération,Hors intersection,Normale,Autre collision,3,-1,2,0,3,3,1,0,1,70,1,1,0,0,0,1,35.0,,voiture,,1,1,1,1,6
202200036967,2022-08-24 17:00:00,2022,8,24,17,0,41,41045,Rue de la Jacquière,47.476719,1.19294,Plein jour,En agglomération,Hors intersection,Normale,Deux véhicules - frontale,4,2,2,0,1,2,1,0,1,50,2,2,1,0,1,0,16.0,29.0,deux_roues,voiture,1,2,1,1,1
202200036968,2022-02-26 06:50:00,2022,2,26,6,50,972,97209,CLAIRIERE (RUE DE LA),14.60958,-61.0796,Plein jour,En agglomération,Hors intersection,Normale,Sans collision,4,-1,2,0,1,1,1,0,1,50,1,1,0,0,0,1,54.0,,voiture,,1,2,1,1,7
202200036969,2022-06-17 12:45:00,2022,6,17,12,45,29,29289,D60 - Keravel,48.242292,-4.211825,Plein jour,Hors agglomération,Hors intersection,Normale,Sans collision,3,2,2,0,3,1,1,0,1,-1,1,1,0,1,0,0,62.0,,deux_roues,,1,1,1,1,7
202200036970,2022-08-24 20:45:00,2022,8,24,20,45,28,28088,D910,48.08959,1.333487,Crépuscule ou aube,Hors agglomération,Hors intersection,Normale,Sans collision,3,3,1,0,1,1,1,0,1,70,1,1,0,0,1,0,27.0,,deux_roues,,2,1,1,1,7
202200036971,2022-02-26 01:50:00,2022,2,26,1,50,972,97209,MOI LAMINAIRE (RUE),14.60172,-61.04263,Nuit avec éclairage allumé,En agglomération,Intersection en T,Normale,Sans collision,4,2,2,0,2,1,1,5,4,50,1,1,0,0,0,1,39.0,,voiture,,5,2,3,1,7
202200036972,2022-06-16 07:30:00,2022,6,16,7,30,29,29179,D788 - Lesgall ar Piquet,48.54253,-4.358933,Plein jour,Hors agglomération,Intersection en T,Normale,Deux véhicules - arrière,3,3,4,0,3,1,1,5,1,90,2,2,1,0,0,1,41.0,57.0,utilitaire_camion,voiture,1,1,3,1,2
202200036973,2022-08-25 07:24:00,2022,8,25,7,24,974,97404,Avenue Raymond Barre,-21.26638,55.368503,Plein jour,En agglomération,Intersection en T,Normale,Deux véhicules - côté,3,2,2,0,1,1,1,0,1,50,2,2,1,0,1,0,58.0,52.0,deux_roues,voiture,1,2,3,1,3
202200036974,2022-06-15 13:45:00,2022,6,15,13,45,27,27058,cd 135,49.206047,1.308339,Plein jour,Hors agglomération,Intersection en X,Normale,Deux véhicules - côté,3,-1,2,0,1,1,1,5,1,80,2,2,1,0,0,1,21.0,37.0,voiture,voiture,1,1,2,1,3
202200036975,2022-08-24 21:50:00,2022,8,24,21,50,01,01173,Avenue des Alpes,46.334521,6.064652,Nuit avec éclairage allumé,En agglomération,Autre intersection,Normale,Deux véhicules - arrière,3,2,2,3,1,1,1,9,1,50,2,4,2,0,0,2,21.0,29.0,voiture,voiture,5,2,9,1,2
202200036976,2022-02-26 18:45:00,2022,2,26,18,45,69,69152,Rue Henri Barbusse,45.69766,4.82128,Nuit avec éclairage allumé,En agglomération,Intersection en X,Normale,Autre collision,4,2,2,0,1,1,1,0,1,50,2,9,5,0,0,4,,47.0,voiture,voiture,5,2,2,1,6
202200036977,2022-06-17 02:45:00,2022,6,17,2,45,76,76647,1541 Route de la Cerlangue,49.515792,0.382977,Nuit sans éclairage public,Hors agglomération,Hors intersection,Normale,Sans collision,3,2,2,0,1,1,1,0,8,80,1,1,0,0,1,0,32.0,,voiture,,3,1,1,1,7
202200036978,2022-08-24 07:30:00,2022,8,24,7,30,86,86126,Lieu Dit les Chaumes,46.512472,0.763282,Plein jour,Hors agglomération,Hors intersection,Normale,Deux véhicules - arrière,3,2,2,0,1,1,1,0,1,70,2,2,0,0,1,1,53.0,31.0,transport_commun,utilitaire_camion,1,1,1,1,2
202200036979,2022-02-26 10:05:00,2022,2,26,10,5,69,69202,Avenue Valioud,45.74219,4.80671,Plein jour,En agglomération,Hors intersection,Normale,Deux véhicules - côté,4,2,2,0,2,3,1,0,1,50,2,2,1,0,0,1,23.0,90.0,deux_roues,voiture,1,2,1,1,3
202200036980,2022-06-17 16:10:00,2022,6,17,16,10,62,62014,Rue de Constantinople,50.637125,2.41773,Plein jour,En agglomération,Intersection en T,Temps éblouissant,Deux véhicules - côté,3,2,2,0,1,3,1,0,1,50,2,2,1,0,0,1,58.0,45.0,voiture,deux_roues,1,2,3,7,3
202200036981,2022-06-16 17:50:00,2022,6,16,17,50,59,59070,D942,50.288955,3.745222,Plein jour,Hors agglomération,Hors intersection,Temps éblouissant,Sans collision,3,2,2,0,1,2,1,0,1,70,2,2,0,0,1,1,30.0,33.0,deux_roues,deux_roues,1,1,1,7,7
202200036982,2022-02-25 14:50:00,2022,2,25,14,50,69,69034,Route de Strasbourg,45.7914208616,4.8627108335,Plein jour,En agglomération,Intersection en T,Normale,Deux véhicules - côté,4,2,4,2,1,1,1,0,1,50,2,2,1,0,1,0,54.0,29.0,deux_roues,voiture,1,2,3,1,3
202200036983,2022-08-25 13:40:00,2022,8,25,13,40,35,35200,La Gruere,47.95977,-1.212509,Plein jour,Hors agglomération,Hors intersection,Normale,Deux véhicules - arrière,3,2,2,0,1,1,1,0,1,80,2,4,3,0,1,0,16.0,48.0,deux_roues,voiture,1,1,1,1,2
202200036984,2022-02-25 13:40:00,2022,2,25,13,40,69,69286,Avenue de l’Europe,45.81703,4.89989,Plein jour,En agglomération,Hors intersection,Normale,Autre collision,4,2,2,0,1,2,1,0,1,50,1,1,0,0,0,1,16.0,,deux_roues,,1,2,1,1,6
202200036985,2022-02-16 17:30:00,2022,2,16,17,30,13,13071,A7-Sens Lyon vers Marseille,43.37194,5.32041,Plein jour,Hors agglomération,Hors intersection,Normale,Deux véhicules - arrière,1,1,3,0,1,1,1,0,1,90,2,2,1,0,0,1,29.0,29.0,utilitaire_camion,utilitaire_camion,1,1,1,1,2
202200036986,2022-02-26 14:00:00,2022,2,26,14,0,2A,2A004,ROUTE DU STILETTO,41.94979,8.77522,Plein jour,En agglomération,Autre intersection,Normale,Sans collision,9,-1,0,0,1,1,1,9,8,30,1,2,1,0,1,0,42.0,,voiture,,1,2,9,1,7
202200036987,2022-08-24 14:30:00,2022,8,24,14,30,35,35109,,48.072439,-1.212417,Plein jour,Hors agglomération,Hors intersection,Normale,Trois véhicules et plus - en chaîne,2,3,4,0,1,1,1,0,1,110,3,7,5,0,1,1,39.0,57.0,utilitaire_camion,utilitaire_camion,1,1,1,1,4
202200036988,2022-02-26 02:00:00,2022,2,26,2,0,95,95585,REFUZNICKS (ROUTE DES),48.9842539745,2.3872089386,Nuit avec éclairage allumé,En agglomération,Intersection en T,Normale,Sans collision,3,2,4,0,1,1,1,0,1,50,1,1,0,0,0,1,26.0,,deux_roues,,5,2,3,1,7
202200036989,2022-06-16 14:00:00,2022,6,16,14,0,13,13026,A55-Sens Martigues vers Marseille,43.3739,5.18023,Plein jour,Hors agglomération,Hors intersection,Normale,Deux véhicules - côté,1,1,2,0,1,1,1,0,1,90,2,2,0,0,0,2,26.0,42.0,voiture,voiture,1,1,1,1,3
202200036990,2022-08-25 19:15:00,2022,8,25,19,15,06,06034,2421 Route de Castagniers,43.788089,7.222068,Plein jour,Hors agglomération,Hors intersection,Normale,Deux véhicules - frontale,7,2,2,0,2,3,1,0,1,70,2,3,2,0,0,1,47.0,30.0,deux_roues,voiture,1,1,1,1,1
202200036991,2022-02-26 00:30:00,2022,2,26,0,30,95,95563,RD 928,49.0135006378,2.2515293956,Nuit avec éclairage allumé,En agglomération,Hors intersection,Normale,Trois véhicules et plus - collisions multiples,3,2,2,0,1,1,1,0,1,50,3,6,0,0,0,6,34.0,35.0,voiture,voiture,5,2,1,1,5
202200036992,2022-06-15 17:35:00,2022,6,15,17,35,13,13214,A507 sens Marseille - Aubagne,43.3325,5.3855,Plein jour,Hors agglomération,Hors intersection,Normale,Trois véhicules et plus - en chaîne,1,1,2,0,1,1,1,1,1,70,4,4,3,0,0,1,31.0,69.0,utilitaire_camion,voiture,1,1,1,1,4
202200036993,2022-08-25 14:55:00,2022,8,25,14,55,62,62585,Route de montreuil,50.51073,1.803118,Plein jour,Hors agglomération,Hors intersection,Normale,Autre collision,3,2,2,0,1,1,1,0,1,80,3,3,1,1,1,0,53.0,59.0,voiture,deux_roues,1,1,1,1,6
202200036994,2022-02-26 16:20:00,2022,2,26,16,20,95,95018,PERI (AVENUE GABRIEL),48.9442205262,2.2509929538,Plein jour,En agglomération,Intersection en X,Normale,Deux véhicules - côté,3,2,2,0,1,1,1,0,1,50,2,2,1,0,1,0,21.0,27.0,deux_roues,voiture,1,2,2,1,3
202200036995,2022-06-15 14:30:00,2022,6,15,14,30,13,13071,A552 Sens Martigues vers A7-Lyon,43.402125,5.299298,Plein jour,Hors agglomération,Hors intersection,Normale,Deux véhicules - arrière,1,1,1,0,1,2,1,0,1,70,2,3,1,0,0,2,61.0,20.0,voiture,voiture,1,1,1,1,2
202200036996,2022-08-24 11:15:00,2022,8,24,11,15,57,57191,Rue de la Forêt,49.360387,6.280237,Plein jour,Hors agglomération,Hors intersection,Normale,Deux véhicules - frontale,3,2,2,0,2,3,1,0,1,50,2,2,1,0,1,0,66.0,19.0,deux_roues,voiture,1,1,1,1,1
202200036997,2022-02-26 14:45:00,2022,2,26,14,45,86,86194,D162,46.567284,0.365734,Plein jour,En agglomération,Hors intersection,Normale,Deux véhicules - côté,3,2,0,0,1,1,1,0,1,50,2,2,1,0,0,1,42.0,25.0,voiture,deux_roues,1,2,1,1,3
202200036998,2022-06-15 09:00:00,2022,6,15,9,0,13,13071,A7-Sens Marseille vers Lyon,43.4128968425,5.2813696861,Plein jour,Hors agglomération,Hors intersection,Normale,Deux véhicules - arrière,1,1,3,0,1,1,1,0,1,110,2,2,1,0,0,1,32.0,21.0,voiture,voiture,1,1,1,1,2
202200036999,2022-08-24 20:30:00,2022,8,24,20,30,95,95149,RD 316,49.12853,2.431085,Plein jour,En agglomération,Hors intersection,Normale,Deux véhicules - arrière,3,3,2,0,1,1,1,0,1,50,2,2,1,0,0,1,47.0,44.0,voiture,voiture,1,2,1,1,2
202200037000,2022-02-26 19:07:00,2022,2,26,19,7,85,85194,36 Boulevard pasteur,46.490885,-1.768589,Crépuscule ou aube,En agglomération,Intersection en T,Normale,Deux véhicules - côté,4,2,2,0,1,1,1,0,1,50,2,2,1,0,1,0,24.0,53.0,deux_roues,voiture,2,2,3,1,3
202200037001,2022-06-10 10:00:00,2022,6,10,10,0,69,69290,Autoroute 43,45.7017,4.96948,Plein jour,Hors agglomération,Hors intersection,Normale,Deux véhicules - côté,1,3,8,0,2,1,1,0,1,90,2,2,1,0,1,0,48.0,37.0,voiture,deux_roues,1,1,1,1,3
202200037002,2022-02-25 17:50:00,2022,2,25,17,50,83,83034,PROFESSEUR RICHET (BOULEVARD),43.102796,6.067371,Crépuscule ou aube,Hors agglomération,Hors intersection,Normale,Autre collision,4,2,2,0,2,3,1,0,1,30,1,1,0,0,0,1,38.0,,deux_roues,,2,1,1,1,6
202200037003,2022-06-15 00:40:00,2022,6,15,0,40,42,42207,N88,45.466948,4.498105,Nuit sans éclairage public,Hors agglomération,Hors intersection,Normale,Autre collision,2,3,5,0,1,2,1,0,1,90,1,1,0,1,0,0,33.0,,utilitaire_camion,,3,1,1,1,6
202200037004,2022-02-26 14:15:00,2022,2,26,14,15,77,77243,NICOLAS II  (RUE   ),48.87317,2.70449,Plein jour,En agglomération,Intersection en T,Normale,Deux véhicules - côté,4,1,1,0,1,1,1,0,1,50,2,2,1,0,0,1,27.0,61.0,voiture,deux_roues,1,2,3,1,3
202200037005,2022-08-25 14:23:00,2022,8,25,14,23,42,42154,Route de Balbigny,45.837381,4.223664,Plein jour,Hors agglomération,Hors intersection,Normale,Deux véhicules - frontale,3,2,2,0,1,1,1,0,1,80,2,2,0,0,0,2,52.0,51.0,deux_roues,voiture,1,1,1,1,1
202200037006,2022-06-16 04:20:00,2022,6,16,4,20,33,33065,ROUTE NATIONALE 230,44.814591,-0.520556,Nuit avec éclairage allumé,Hors agglomération,Hors intersection,Normale,Autre collision,2,3,6,0,2,2,1,3,1,90,2,2,1,0,0,1,24.0,54.0,voiture,utilitaire_camion,5,1,1,1,6
202200037007,2022-02-26 16:10:00,2022,2,26,16,10,74,74012,ROMAGNY (RUE DE),46.19441,6.2412,Plein jour,En agglomération,Hors intersection,Normale,Deux véhicules - arrière,4,2,2,0,1,1,1,0,1,50,2,2,1,0,0,1,87.0,48.0,voiture,voiture,1,2,1,1,2
202200037008,2022-06-15 10:00:00,2022,6,15,10,0,33,33039,ROCADE A 630,44.794739,-0.539368,Plein jour,Hors agglomération,Hors intersection,Normale,Autre collision,1,3,8,0,1,1,1,0,1,90,1,1,0,0,0,1,45.0,,utilitaire_camion,,1,1,1,1,6
202200037009,2022-08-24 18:15:00,2022,8,24,18,15,02,02626,Rue d’Amifontaine,49.467057,3.973746,Plein jour,Hors agglomération,Hors intersection,Normale,Autre collision,3,2,2,0,1,1,1,0,5,80,1,1,0,0,1,0,55.0,,voiture,,1,1,1,1,6
202200037010,2022-02-26 22:20:00,2022,2,26,22,20,69,69266,Rue Paul Verlaine,45.76827,4.88019,Nuit avec éclairage allumé,En agglomération,Intersection en X,Normale,Deux véhicules - frontale,4,2,2,0,1,1,1,0,1,50,2,5,0,0,1,4,20.0,21.0,voiture,voiture,5,2,2,1,1
202200037011,2022-06-16 09:12:00,2022,6,16,9,12,92,92019,RN 385 INT,48.7606545,2.286786143,Plein jour,Hors agglomération,Hors intersection,Normale,Sans collision,2,1,1,0,1,1,1,0,1,90,3,3,2,0,0,1,56.0,60.0,deux_roues,utilitaire_camion,1,1,1,1,7
202200037012,2022-08-21 12:25:00,2022,8,21,12,25,84,84102,D2 - PR 22+800,43.92673,5.293157,Plein jour,Hors agglomération,Hors intersection,Normale,Deux véhicules - côté,3,2,2,0,2,3,1,0,1,80,2,2,1,0,1,0,51.0,21.0,voiture,deux_roues,1,1,1,1,3
202200037013,2022-02-26 18:50:00,2022,2,26,18,50,69,69256,Avenue du 8 Mai 1945,45.78857,4.90031,Nuit sans éclairage public,Hors agglomération,Hors intersection,Normale,Deux véhicules - arrière,4,1,1,0,1,1,1,0,1,70,2,3,1,0,0,2,37.0,,voiture,voiture,3,1,1,1,2
202200037014,2022-06-16 07:55:00,2022,6,16,7,55,91,91477,AUTOROUTE A126,48.71883,2.26077,Plein jour,Hors agglomération,Hors intersection,Normale,Deux véhicules - côté,1,-1,2,0,1,1,1,0,1,90,2,2,1,0,0,1,60.0,57.0,voiture,deux_roues,1,1,1,1,3
202200037015,2022-08-24 19:45:00,2022,8,24,19,45,03,03028,Bois Labot,46.211644,3.545531,Plein jour,Hors agglomération,Intersection en T,Normale,Deux véhicules - arrière,3,2,2,0,2,1,1,0,1,90,2,2,1,0,0,1,48.0,58.0,deux_roues,deux_roues,1,1,3,1,2
202200037016,2022-06-16 06:45:00,2022,6,16,6,45,94,94021,AUTOROUTE A6B,48.7646847471,2.3434122189,Plein jour,Hors agglomération,Hors intersection,Normale,Deux véhicules - côté,1,3,3,0,1,1,1,0,1,90,2,2,1,0,0,1,44.0,21.0,voiture,deux_roues,1,1,1,1,3
202200037017,2022-02-25 12:45:00,2022,2,25,12,45,69,69092,Boulevard Roger Salengro,46.00228,4.71929,Plein jour,En agglomération,Intersection en X,Normale,Deux véhicules - côté,3,2,2,0,1,1,1,5,1,50,2,3,2,0,0,1,,44.0,voiture,voiture,1,2,2,1,3
202200037018,2022-08-25 11:00:00,2022,8,25,11,0,03,03107,Place de la Mairie,46.11531,3.087024,Plein jour,En agglomération,Hors intersection,Normale,Autre collision,6,-1, -1,0,1,1,1,0,1,50,1,2,1,0,1,0,64.0,,voiture,,1,2,1,1,6
202200037019,2022-06-15 11:00:00,2022,6,15,11,0,91,91573,RN 104,48.63147,2.5082,Plein jour,Hors agglomération,Hors intersection,Normale,Sans collision,2,3,4,0,1,1,1,0,3,90,1,1,0,0,0,1,23.0,,utilitaire_camion,,1,1,1,1,7
202200037020,2022-02-26 17:10:00,2022,2,26,17,10,68,68376,MINES (RUE DES),47.79959,7.31651,Plein jour,En agglomération,Intersection en T,Temps éblouissant,Deux véhicules - côté,3,2,2,0,1,1,1,0,1,50,2,2,1,0,0,1,53.0,15.0,voiture,deux_roues,1,2,3,7,3
202200037021,2022-06-15 13:20:00,2022,6,15,13,20,91,91521,,48.632874,2.405547,Plein jour,Hors agglomération,Hors intersection,Normale,Deux véhicules - arrière,2,1,3,0,1,1,1,0,1,90,2,2,1,1,0,0,54.0,50.0,utilitaire_camion,utilitaire_camion,1,1,1,1,2
202200037022,2022-08-24 20:00:00,2022,8,24,20,0,01,01179,D51,46.272776,4.835389,Plein jour,Hors agglomération,Intersection en Y,Normale,Deux véhicules - frontale,3,2,1,0,1,2,1,0,1,80,2,4,0,0,2,2,48.0,42.0,voiture,voiture,1,1,4,1,1
202200037023,2022-02-25 16:10:00,2022,2,25,16,10,65,65440,SAINTE-CATHERINE (RUE),43.232405,0.064853,Plein jour,En agglomération,Hors intersection,Normale,Autre collision,4,1,1,0,1,1,1,0,1,50,1,4,3,0,0,1,58.0,,voiture,,1,2,1,1,6
202200037024,2022-06-16 07:20:00,2022,6,16,7,20,94,94017,A4,48.8270879231,2.5109661788,Plein jour,Hors agglomération,Hors intersection,Normale,Deux véhicules - côté,1,3,4,0,1,1,1,1,1,90,2,2,1,0,0,1,48.0,49.0,utilitaire_camion,deux_roues,1,1,1,1,3
202200037025,2022-08-23 11:00:00,2022,8,23,11,0,58,58131,8 Avenue Charles Dariaux,47.083687,3.192551,Plein jour,En agglomération,Hors intersection,Normale,Deux véhicules - côté,3,2,2,0,1,1,1,0,1,50,2,2,1,0,1,0,63.0,43.0,voiture,voiture,1,2,1,1,3
202200037026,2022-02-27 00:15:00,2022,2,27,0,15,64,64249,Avenue Getaria,43.4192493795,-1.6074905046,Nuit avec éclairage allumé,En agglomération,Hors intersection,Normale,Sans collision,3,2,2,0,1,1,1,0,1,50,1,2,0,0,1,1,30.0,,voiture,,5,2,1,1,7
202200037027,2022-06-15 08:30:00,2022,6,15,8,30,77,77373,N104,48.8010034873,2.6254683966,Plein jour,Hors agglomération,Hors intersection,Normale,Autre collision,2,-1,3,0,1,1,1,0,1,90,3,3,1,0,0,2,44.0,33.0,voiture,voiture,1,1,1,1,6
202200037028,2022-08-25 10:43:00,2022,8,25,10,43,72,72313,Le Coudray,48.2911575732,0.4176843164,Plein jour,Hors agglomération,Hors intersection,Normale,Deux véhicules - frontale,3,2,2,0,1,1,1,0,1,90,2,2,1,0,1,0,53.0,50.0,utilitaire_camion,voiture,1,1,1,1,1
202200037029,2022-02-26 04:00:00,2022,2,26,4,0,64,64024,Rue du Pastissé,43.48956,-1.509,Nuit avec éclairage allumé,En agglomération,Hors intersection,Normale,Deux véhicules - arrière,4,2,2,0,1,1,1,0,1,50,2,3,1,0,0,2,19.0,21.0,voiture,deux_roues,5,2,1,1,2
202200037030,2022-06-15 08:30:00,2022,6,15,8,30,94,94079,A4,48.8354458972,2.5387118132,Plein jour,Hors agglomération,Hors intersection,Normale,Trois véhicules et plus - collisions multiples,1,3,8,0,1,2,1,0,1,110,4,4,2,0,1,1,38.0,49.0,voiture,deux_roues,1,1,1,1,5
202200037031,2022-08-25 10:55:00,2022,8,25,10,55,05,05056,Intersection D944/D114,44.638304,6.142634,Plein jour,Hors agglomération,Intersection en T,Normale,Deux véhicules - frontale,3,2,2,0,1,1,1,0,1,90,2,4,2,0,2,0,53.0,86.0,deux_roues,voiture,1,1,3,1,1
202200037032,2022-02-26 15:10:00,2022,2,26,15,10,60,60057,Avenue Corot,49.4352,2.109,Plein jour,En agglomération,Intersection en X,Normale,Trois véhicules et plus - en chaîne,4,2,2,0,2,1,1,0,1,50,3,4,2,0,0,2,53.0,43.0,voiture,voiture,1,2,2,1,4
202200037033,2022-08-25 10:15:00,2022,8,25,10,15,05,05170,Avenue Napoleon,44.4509890995,6.0388058424,Plein jour,Hors agglomération,Hors intersection,Normale,Sans collision,3,2,2,0,1,1,1,0,3,80,1,1,0,0,1,0,43.0,,voiture,,1,1,1,1,7
202200037034,2022-02-26 19:25:00,2022,2,26,19,25,54,54025,M2-Avenue de la chartreuse,48.6617915955,6.2440162897,Nuit sans éclairage public,Hors agglomération,Hors intersection,Normale,Deux véhicules - frontale,7,2,2,0,3,4,1,0,1,70,2,3,0,0,0,3,43.0,28.0,voiture,voiture,3,1,1,1,1
202200037035,2022-03-27 19:50:00,2022,3,27,19,50,69,69256,Rue Marcellin Berthelot,45.7893954043,4.9220321774,Plein jour,En agglomération,Intersection en X,Normale,Deux véhicules - côté,4,1,1,0,1,1,1,0,1,50,2,6,3,0,0,3,33.0,16.0,voiture,voiture,1,2,2,1,3
202200037036,2022-08-25 16:46:00,2022,8,25,16,46,60,60136,Départementale 72,49.646736,1.951532,Plein jour,Hors agglomération,Hors intersection,Normale,Deux véhicules - côté,3,2,2,0,1,2,1,0,1,80,2,2,1,0,1,0,39.0,29.0,utilitaire_camion,deux_roues,1,1,1,1,3
202200037037,2022-06-15 22:15:00,2022,6,15,22,15,69,69202,66 Rue de Grange Bruyère,45.75007,4.80712,Nuit avec éclairage allumé,En agglomération,Hors intersection,Normale,Autre collision,4,2,2,0,2,1,1,0,1,30,1,1,0,0,0,1,78.0,,voiture,,5,2,1,1,6
202200037038,2022-08-25 17:10:00,2022,8,25,17,10,64,64124,D918,43.280804,-1.353372,Plein jour,Hors agglomération,Hors intersection,Normale,Sans collision,3,2,2,0,1,1,1,0,1,80,1,1,0,0,0,1,63.0,,deux_roues,,1,1,1,1,7
202200037039,2022-02-26 12:05:00,2022,2,26,12,5,54,54395,PINCHARD (AVENUE - OMBELLES),48.701288,6.148266,Plein jour,En agglomération,Intersection en X,Normale,Deux véhicules - côté,4,2,4,3,4,1,1,0,6,50,2,4,3,0,1,0,19.0,63.0,voiture,voiture,1,2,2,1,3
202200037040,2022-08-24 23:45:00,2022,8,24,23,45,64,64400,Rue Annette,43.123882,-0.196798,Nuit avec éclairage allumé,En agglomération,Hors intersection,Normale,Autre collision,3,2,2,0,1,1,1,0,4,50,1,1,0,1,0,0,16.0,,deux_roues,,5,2,1,1,6
202200037041,2022-06-15 16:35:00,2022,6,15,16,35,43,43157,11 Avenue Charles Dupuy,45.0424742605,3.8897502422,Plein jour,En agglomération,Hors intersection,Normale,Autre collision,4,2,2,0,1,2,1,5,1,50,1,3,1,0,0,2,24.0,,voiture,,1,2,1,1,6
202200037042,2022-02-26 04:30:00,2022,2,26,4,30,54,54578,MULLER (AVENUE PAUL),48.6682752556,6.1475533247,Nuit avec éclairage allumé,En agglomération,Intersection en X,Autre,Autre collision,4,2,2,0,3,1,1,0,1,50,1,1,0,0,0,1,30.0,,voiture,,5,2,2,9,6
202200037043,2022-06-15 18:10:00,2022,6,15,18,10,32,32013,BOUBEE,43.63758,0.59571,Plein jour,En agglomération,Intersection en T,Normale,Deux véhicules - côté,4,2,2,0,2,1,1,0,1,50,2,2,1,0,0,1,12.0,27.0,deux_roues,utilitaire_camion,1,2,3,1,3