accident_id,datetime,annee,mois,jour,heure,minute,departement,commune_insee,adresse,latitude,longitude,luminosite,agglomeration,intersection,meteo,collision,catr,circ,nbv,vosp,prof,plan,surf,infra,situ,vma,nb_vehicules,nb_usagers,nb_indemnes,nb_tues,nb_blesses_hosp,nb_blesses_legers,age_cond_1,age_cond_2,veh_type_cond_1,veh_type_cond_2,lum_code,agg_code,int_code,atm_code,col_code
202200037044,2022-08-25 15:52:00,2022,8,25,15,52,73,73059,D991 Route de Paris,45.7406889032,5.8906266211,Plein jour,Hors agglomération,Hors intersection,Normale,Deux véhicules - arrière,3,2,2,0,1,1,1,1,1,70,2,2,1,0,1,0,76.0,52.0,voiture,deux_roues,1,1,1,1,2
202200037045,2022-02-26 13:35:00,2022,2,26,13,35,51,51454,Avenue Nationale - la Neuvillette,49.29448,4.00005,Plein jour,En agglomération,Hors intersection,Normale,Deux véhicules - arrière,4,-1,2,0,1,1,1,0,1,50,2,4,3,0,0,1,21.0,34.0,voiture,voiture,1,2,1,1,2
202200037046,2022-06-15 16:30:00,2022,6,15,16,30,26,26198,KENNEDY(Avenue John F.),44.554292,4.739202,Plein jour,En agglomération,Hors intersection,Normale,Autre collision,4,2,2,0,1,1,1,0,1,50,1,2,1,0,1,0,58.0,,voiture,,1,2,1,1,6
202200037047,2022-08-21 17:15:00,2022,8,21,17,15,16,16143,RD974,45.55547,0.17458,Plein jour,Hors agglomération,Hors intersection,Normale,Autre collision,3,2,2,0,1,1,1,0,3,90,1,1,0,0,1,0,79.0,,voiture,,1,1,1,1,6
202200037048,2022-02-25 15:41:00,2022,2,25,15,41,45,45338,RD 2060,47.97051,2.720812,Plein jour,Hors agglomération,Hors intersection,Normale,Deux véhicules - côté,3,3,4,0,1,1,1,0,1,110,2,2,1,0,0,1,46.0,75.0,voiture,voiture,1,1,1,1,3
202200037049,2022-08-25 07:30:00,2022,8,25,7,30,53,53140,RN162,48.1164425253,-0.7273148847,Crépuscule ou aube,Hors agglomération,Hors intersection,Normale,Deux véhicules - côté,2,3,4,0,1,1,1,0,1,110,2,2,1,0,1,0,52.0,24.0,deux_roues,voiture,2,1,1,1,3
202200037050,2022-02-26 04:55:00,2022,2,26,4,55,44,44109,14 Route de Saint Joseph,47.23535,-1.541158,Nuit avec éclairage allumé,En agglomération,Hors intersection,Normale,Autre collision,4,2,2,0,1,1,1,0,1,50,1,1,0,0,1,0,26.0,,voiture,,5,2,1,1,6
202200037051,2022-06-14 19:25:00,2022,6,14,19,25,76,76259,LEBORGNE ( RUE CHARLES),49.752588,0.371183,Plein jour,En agglomération,Intersection en X,Normale,Deux véhicules - côté,4,2,5,0,2,1,1,0,1,50,2,2,1,0,1,0,42.0,28.0,deux_roues,voiture,1,2,2,1,3
202200037052,2022-02-22 15:50:00,2022,2,22,15,50,42,42207,Rue Alsace Lorraine,45.47486,4.50677,Plein jour,En agglomération,Intersection en Y,Normale,Autre collision,4,2,2,0,1,1,1,0,1,50,1,2,1,0,1,0,52.0,,voiture,,1,2,4,1,6
202200037053,2022-04-13 08:00:00,2022,4,13,8,0,63,63113,CLEMENTEL (BD ETIENNE),45.80592,3.10932,Plein jour,En agglomération,Hors intersection,Normale,Deux véhicules - arrière,7,3,4,0,1,1,1,0,1,50,2,2,1,0,0,1,76.0,43.0,voiture,voiture,1,2,1,1,2
202200037054,2022-06-17 18:00:00,2022,6,17,18,0,24,24319,Puy des Vignes,45.344403,0.53818,Plein jour,En agglomération,Hors intersection,Normale,Deux véhicules - frontale,3,2,2,0,1,1,1,0,5,50,2,2,1,0,1,0,10.0,25.0,deux_roues,voiture,1,2,1,1,1
202200037055,2022-02-26 05:15:00,2022,2,26,5,15,37,37261,NIESSEL (AVENUE DU GENERAL),47.36695,0.7003,Nuit avec éclairage allumé,En agglomération,Hors intersection,Normale,Deux véhicules - frontale,4,2,2,0,2,2,1,0,1,50,2,2,1,0,0,1,29.0,38.0,voiture,voiture,5,2,1,1,1
202200037056,2022-06-15 14:15:00,2022,6,15,14,15,976,97611,m'tsapere-Nationale 2 (route),-12.79253,45.22075,Plein jour,En agglomération,Hors intersection,Pluie légère,Sans collision,4,2,2,0,1,1,1,0,1,50,1,1,0,0,0,1,23.0,,deux_roues,,1,2,1,2,7
202200037057,2022-08-25 18:55:00,2022,8,25,18,55,04,04160,D4100,43.863018,5.669893,Plein jour,Hors agglomération,Intersection en T,Normale,Deux véhicules - côté,3,2,2,0,1,1,1,0,1,80,2,2,1,0,1,0,56.0,16.0,voiture,deux_roues,1,1,3,1,3
202200037058,2022-02-26 12:10:00,2022,2,26,12,10,35,35238,N136,48.1341305608,-1.7064025998,Plein jour,Hors agglomération,Hors intersection,Normale,Trois véhicules et plus - en chaîne,2,3,4,0,1,1,1,0,1,90,3,3,2,0,0,1,66.0,60.0,voiture,utilitaire_camion,1,1,1,1,4
202200037059,2022-06-15 12:30:00,2022,6,15,12,30,974,97411,LATTRE DE TASSIGNY (AVENUE MARECHAL DE),-20.88824,55.473992,Plein jour,En agglomération,Hors intersection,Normale,Autre collision,4,2,2,3,1,1,1,0,1,50,1,2,1,0,0,1,54.0,,transport_commun,,1,2,1,1,6
202200037060,2022-08-24 19:15:00,2022,8,24,19,15,17,17480,D116,46.134423,-0.883992,Plein jour,Hors agglomération,Hors intersection,Normale,Sans collision,3,2,2,0,1,1,1,0,8,80,1,1,0,1,0,0,52.0,,voiture,,1,1,1,1,7
202200037061,2022-06-15 08:30:00,2022,6,15,8,30,973,97302,BOUDINOT (AUGUSTE) CITE THEMIRE,4.93503,-52.31897,Plein jour,En agglomération,Hors intersection,Normale,Deux véhicules - côté,4,2,2,0,1,1,1,0,1,50,2,2,1,0,0,1,29.0,48.0,deux_roues,voiture,1,2,1,1,3
202200037062,2022-02-26 01:30:00,2022,2,26,1,30,34,34172,BRASSENS (RUE GEORGES),43.59497,3.8629,Nuit avec éclairage allumé,En agglomération,Hors intersection,Normale,Deux véhicules - arrière,4,2,2,0,1,2,1,0,1,30,2,3,2,0,0,1,70.0,27.0,voiture,voiture,5,2,1,1,2
202200037063,2022-08-19 19:15:00,2022,8,19,19,15,17,17267,La Maisonnette,46.22199,-0.91399,Crépuscule ou aube,Hors agglomération,Hors intersection,Normale,Autre collision,4,2,2,0,1,1,9,0,3,80,1,2,0,0,1,1,41.0,,deux_roues,,2,1,1,1,6
202200037064,2022-06-16 23:35:00,2022,6,16,23,35,69,69259,Avenue Jean Cagne,45.6960673238,4.8717655416,Nuit avec éclairage allumé,En agglomération,Hors intersection,Normale,Deux véhicules - côté,4,2,2,1,1,1,1,0,1,50,2,2,1,0,0,1,36.0,19.0,deux_roues,voiture,5,2,1,1,3
202200037065,2022-05-27 10:20:00,2022,5,27,10,20,37,37068,Huche Pie,47.669217,0.638387,Plein jour,Hors agglomération,Hors intersection,Normale,Autre collision,3,2,2,0,1,1,1,0,3,90,1,2,0,0,1,1,21.0,,voiture,,1,1,1,1,6
202200037066,2022-02-26 15:57:00,2022,2,26,15,57,33,33529,AERODROME (AVE DE L'),44.60427,-1.1248,Plein jour,Hors agglomération,Hors intersection,Normale,Autre collision,4,2,2,0,1,1,1,0,3,50,1,1,0,1,0,0,48.0,,deux_roues,,1,1,1,1,6
202200037067,2022-06-15 18:50:00,2022,6,15,18,50,69,69386,Rue de la Viabert,45.76632,4.86342,Crépuscule ou aube,En agglomération,Intersection en X,Normale,Deux véhicules - côté,4,2,2,2,1,1,1,0,1,30,2,4,2,0,0,2,59.0,25.0,voiture,voiture,2,2,2,1,3
202200037068,2022-02-26 09:40:00,2022,2,26,9,40,32,32013,PRIEURE (PONT DU),43.64721,0.58903,Plein jour,En agglomération,Hors intersection,Normale,Deux véhicules - côté,4,1, -1,0,1,1,1,2,1,50,2,2,1,0,0,1,44.0,42.0,voiture,deux_roues,1,2,1,1,3
202200037069,2022-08-25 01:40:00,2022,8,25,1,40,02,02697,A26 PK 219,49.563504,3.748969,Nuit sans éclairage public,Hors agglomération,Hors intersection,Normale,Autre collision,1,3,4,0,1,1,1,0,1,130,1,5,3,0,1,1,20.0,,voiture,,3,1,1,1,6
202200037070,2022-06-15 11:04:00,2022,6,15,11,4,972,97213,Z I LA LEZARDE,14.60906,-61.0059,Plein jour,En agglomération,Hors intersection,Normale,Autre collision,4,2,3,0,2,3,1,0,1,50,1,2,1,0,1,0,28.0,,utilitaire_camion,,1,2,1,1,6
202200037071,2022-08-24 17:20:00,2022,8,24,17,20,68,68072,A35,47.699971,7.441526,Plein jour,Hors agglomération,Hors intersection,Normale,Autre collision,1,3,4,0,1,1,1,2,3,130,1,1,0,0,1,0,21.0,,voiture,,1,1,1,1,6
202200037072,2022-02-26 09:00:00,2022,2,26,9,0,17,17306,AMPERE,45.6287,-1.0103,Plein jour,En agglomération,Giratoire,Normale,Deux véhicules - côté,4,-1, -1,0,1,1,1,0,1,50,2,2,1,0,0,1,45.0,51.0,voiture,deux_roues,1,2,6,1,3
202200037073,2022-06-13 11:35:00,2022,6,13,11,35,972,97209,RD 41 (ROCADE),14.61441,-61.06318,Plein jour,En agglomération,Hors intersection,Normale,Autre collision,3,1,1,0,3,1,1,9,1,50,1,1,0,0,0,1,77.0,,voiture,,1,2,1,1,6
202200037074,2022-06-15 07:50:00,2022,6,15,7,50,69,69149,Avenue Jean Jaurès,45.7185577821,4.8184150458,Plein jour,En agglomération,Hors intersection,Normale,Sans collision,7,2,2,1,1,1,1,0,4,50,1,1,0,0,0,1,27.0,,deux_roues,,1,2,1,1,7
202200037075,2022-02-26 21:16:00,2022,2,26,21,16,17,17274,117 PK RN137 ROCHEFORT JUSTICE,46.14934,-1.11118,Nuit sans éclairage public,Hors agglomération,Hors intersection,Normale,Deux véhicules - arrière,2,3,4,0,1,1,1,0,2,90,2,2,1,0,0,1,44.0,32.0,utilitaire_camion,voiture,3,1,1,1,2
202200037076,2022-08-24 13:25:00,2022,8,24,13,25,06,06027,"A8, PK 184.500 chaussée sud",43.662905,7.172441,Plein jour,Hors agglomération,Hors intersection,Normale,Deux véhicules - arrière,1,1,5,0,1,1,1,0,1,-1,2,2,1,0,1,0,68.0,23.0,voiture,utilitaire_camion,1,1,1,1,2
202200037077,2022-06-15 15:30:00,2022,6,15,15,30,2B,2B033,TOUTES RUES,42.67389,9.44312,Plein jour,En agglomération,Intersection en X,Normale,Deux véhicules - côté,6,2,2,0,2,1,1,0,1,50,2,2,1,0,1,0,33.0,40.0,voiture,deux_roues,1,2,2,1,3
202200037078,2022-02-25 15:30:00,2022,2,25,15,30,13,13071,D 543,43.41574,5.36847,Plein jour,En agglomération,Hors intersection,Normale,Autre collision,6,2,2,0,1,2,1,9,1,50,1,2,1,0,1,0,28.0,,voiture,,1,2,1,1,6
202200037079,2022-06-15 09:00:00,2022,6,15,9,0,2A,2A004,NAPOLEON COURS APRES BEVERINI,41.93097,8.7398,Plein jour,En agglomération,Hors intersection,Normale,Deux véhicules - arrière,2,3,5,0,1,1,1,0,1,50,2,2,0,0,0,1,,42.0,voiture,deux_roues,1,2,1,1,2
202200037080,2022-08-24 22:00:00,2022,8,24,22,0,38,38343,"autoroute A43, PK063+500",45.578559,5.629549,Nuit sans éclairage public,Hors agglomération,Hors intersection,Normale,Deux véhicules - arrière,1,3,4,0,2,1,1,0,1,130,2,4,1,0,0,3,58.0,20.0,voiture,voiture,3,1,1,1,2
202200037081,2022-02-26 21:40:00,2022,2,26,21,40,13,13210,CORPS EXPEDITIONNAIRE FRANCAIS (AV DU),43.27905,5.44099,Nuit avec éclairage allumé,En agglomération,Hors intersection,Normale,Deux véhicules - frontale,4,2,2,0,1,1,1,0,1,50,2,2,1,0,0,1,,17.0,autre,deux_roues,5,2,1,1,1
202200037082,2022-08-24 10:55:00,2022,8,24,10,55,45,45316,D2060 PK 60 + 704,47.932273,2.341886,Plein jour,Hors agglomération,Hors intersection,Normale,Deux véhicules - côté,3,2,2,0,1,1,1,0,1,90,2,2,0,1,0,1,24.0,56.0,voiture,utilitaire_camion,1,1,1,1,3
202200037083,2022-06-14 13:55:00,2022,6,14,13,55,91,91377,AV CARNOT,48.724492,2.260308,Plein jour,En agglomération,Hors intersection,Normale,Trois véhicules et plus - collisions multiples,4,2,2,0,1,1,1,0,1,50,3,4,1,0,0,3,26.0,27.0,deux_roues,deux_roues,1,2,1,1,5
202200037084,2022-02-25 14:30:00,2022,2,25,14,30,13,13210,TIMONE (AVENUE DE LA),43.2860643534,5.405068943,Plein jour,En agglomération,Hors intersection,Normale,Deux véhicules - côté,4,2,2,0,1,1,1,0,1,50,2,4,2,0,0,2,26.0,43.0,utilitaire_camion,voiture,1,2,1,1,3
202200037085,2022-06-13 17:20:00,2022,6,13,17,20,91,91114,AV DU CHATEAU,48.68624,2.498279,Plein jour,En agglomération,Hors intersection,Temps éblouissant,Sans collision,4,2,2,0,1,1,1,0,4,50,1,1,0,0,0,1,42.0,,voiture,,1,2,1,7,7
202200037086,2022-08-24 10:05:00,2022,8,24,10,5,66,66023,,42.6491012225,2.5695776939,Plein jour,Hors agglomération,Hors intersection,Normale,Deux véhicules - frontale,2,2,2,0,1,2,1,0,1,80,2,2,0,0,2,0,67.0,27.0,voiture,voiture,1,1,1,1,1
202200037087,2022-02-21 16:35:00,2022,2,21,16,35,12,12013,CABROL JULES (AVENUE),44.5271,2.2442,Plein jour,En agglomération,Intersection en T,Pluie forte,Deux véhicules - côté,3,-1,2,0,1,1,2,0,1,50,2,2,1,0,0,1,15.0,41.0,deux_roues,voiture,1,2,3,3,3
202200037088,2022-06-14 10:00:00,2022,6,14,10,0,88,88413,Rue Dieudonné DUBOIS,48.29253,6.92826,Plein jour,En agglomération,Hors intersection,Normale,Deux véhicules - côté,4,1,1,0,1,2,1,0,1,50,2,2,1,0,0,1,70.0,39.0,deux_roues,utilitaire_camion,1,2,1,1,3
202200037089,2022-08-25 16:25:00,2022,8,25,16,25,30,30130,,44.360924,3.944242,Plein jour,Hors agglomération,Hors intersection,Pluie forte,Deux véhicules - frontale,3,2,2,0,1,3,4,0,1,80,2,2,1,0,1,0,56.0,80.0,deux_roues,voiture,1,1,1,3,1
202200037090,2022-02-26 01:30:00,2022,2,26,1,30,11,11069,HUGO VICTOR,43.21342,2.34868,Nuit avec éclairage allumé,En agglomération,Hors intersection,Normale,Autre collision,4,1,1,0,1,1,1,0,1,50,1,2,0,0,0,2,50.0,,voiture,,5,2,1,1,6
202200037091,2022-06-14 10:18:00,2022,6,14,10,18,83,83137,DE LATTRE DE TASSIGNY (AVE MARECHAL),43.1155380548,5.9381130338,Plein jour,En agglomération,Hors intersection,Normale,Deux véhicules - arrière,4,3,4,0,1,1,1,0,1,50,2,2,1,0,0,1,28.0,17.0,utilitaire_camion,deux_roues,1,2,1,1,2
202200037092,2022-08-20 18:04:00,2022,8,20,18,4,11,11076,34 Rue du Planoulet,43.320456,1.955711,Plein jour,En agglomération,Hors intersection,Normale,Deux véhicules - arrière,4,1,2,0,2,1,1,9,5,50,2,2,1,0,1,0,63.0,,deux_roues,voiture,1,2,1,1,2
202200037093,2022-06-15 07:15:00,2022,6,15,7,15,83,83069,LOUBES (ROUTE DES),43.11349,6.11035,Plein jour,En agglomération,Giratoire,Normale,Deux véhicules - arrière,7,2,2,0,1,3,1,0,1,30,2,2,1,0,0,1,33.0,63.0,voiture,deux_roues,1,2,6,1,2
202200037094,2022-02-26 18:50:00,2022,2,26,18,50,10,10357,LIEUTENANT MICHEL TAITTING (RUE),48.3025574888,4.1015562415,Nuit avec éclairage allumé,En agglomération,Intersection en T,Normale,Deux véhicules - côté,3,2,2,0,1,1,1,0,1,50,2,2,1,0,0,1,39.0,52.0,deux_roues,voiture,5,2,3,1,3
202200037095,2022-06-10 09:00:00,2022,6,10,9,0,83,83118,QUAI ALBERT 1ER,43.4232140947,6.7661726475,Plein jour,En agglomération,Autre intersection,Normale,Autre collision,3,1,2,0,1,1,1,0,1,50,1,2,1,0,1,0,42.0,,voiture,,1,2,9,1,6
202200037096,2022-08-23 08:05:00,2022,8,23,8,5,34,34057,Avenue Aristide Briand,43.630507,3.897271,Plein jour,En agglomération,Hors intersection,Normale,Deux véhicules - côté,7,2,2,0,1,1,1,8,1,-1,2,2,1,0,1,0,20.0,53.0,voiture,deux_roues,1,2,1,1,3
202200037097,2022-02-26 14:35:00,2022,2,26,14,35,09,09122,CARANE (AVENUE DE LA),42.972094,1.604724,Plein jour,Hors agglomération,Hors intersection,Normale,Autre collision,3,2,2,0,2,2,1,0,3,80,1,1,0,0,0,1,28.0,,voiture,,1,1,1,1,6
202200037098,2022-06-14 18:30:00,2022,6,14,18,30,78,78551,RD 157,48.91429,2.10013,Plein jour,Hors agglomération,Hors intersection,Normale,Deux véhicules - côté,3,2,0,0,2,1,1,0,1,70,2,3,0,0,2,1,39.0,57.0,deux_roues,deux_roues,1,1,1,1,3
202200037099,2022-08-23 22:50:00,2022,8,23,22,50,83,83023,Quartier Saint Jean,43.407433,6.048746,Nuit sans éclairage public,En agglomération,Hors intersection,Normale,Autre collision,6,-1, -1,0,1,1,1,9,8,30,1,1,0,0,1,0,15.0,,deux_roues,,3,2,1,1,6
202200037100,2022-02-26 19:15:00,2022,2,26,19,15,01,01053,MERCIER (AVENUE AMEDEE DU 45 AU FIN),46.2034996915,5.2425840497,Nuit avec éclairage allumé,En agglomération,Intersection en X,Normale,Trois véhicules et plus - collisions multiples,3,2,3,0,1,1,1,0,1,50,3,6,4,0,0,2,50.0,39.0,utilitaire_camion,voiture,5,2,2,1,5
202200037101,2022-06-13 08:45:00,2022,6,13,8,45,78,78123,PELLETIER BD,48.951499,2.044508,Plein jour,En agglomération,Hors intersection,Normale,Autre collision,3,2,2,1,1,2,1,9,6,50,1,2,1,0,0,1,40.0,,transport_commun,,1,2,1,1,6
202200037102,2022-08-24 14:15:00,2022,8,24,14,15,13,13097,Route Départementale 5,43.647628,4.911189,Plein jour,Hors agglomération,Autre intersection,Normale,Autre collision,3,2,2,0,1,1,1,0,1,80,2,4,2,0,1,1,56.0,31.0,voiture,utilitaire_camion,1,1,9,1,6
202200037103,2022-02-25 14:30:00,2022,2,25,14,30,75,75112,BD PERIPHERIQUE EXTERIEUR,48.830807,2.403154,Plein jour,En agglomération,Hors intersection,Normale,Deux véhicules - côté,4,1,4,0,1,1,1,0,1,70,2,2,1,0,0,1,27.0,36.0,deux_roues,voiture,1,2,1,1,3
202200037104,2022-06-14 18:25:00,2022,6,14,18,25,77,77442,D210,48.4203,2.78589,Plein jour,Hors agglomération,Hors intersection,Temps éblouissant,Deux véhicules - côté,3,2,2,0,1,1,1,0,1,80,2,3,2,0,1,0,79.0,49.0,voiture,deux_roues,1,1,1,7,3
202200037105,2022-08-24 20:05:00,2022,8,24,20,5,89,89056,D233,47.992901,3.484672,Plein jour,Hors agglomération,Intersection en T,Normale,Deux véhicules - frontale,3,2,2,0,1,1,1,0,1,80,2,3,2,0,0,1,25.0,10.0,voiture,deux_roues,1,1,3,1,1
202200037106,2022-02-25 02:41:00,2022,2,25,2,41,75,75112,QUAI DE LA RAPEE,48.843827,2.369679,Nuit avec éclairage non allumé,En agglomération,Hors intersection,Normale,Autre collision,4,2,6,0,2,3,1,0,1,50,1,1,0,1,0,0,31.0,,deux_roues,,4,2,1,1,6
202200037107,2022-06-14 19:19:00,2022,6,14,19,19,76,76351,CIRCULAIRE (AVENUE),49.52144,0.13538,Plein jour,En agglomération,Hors intersection,Normale,Autre collision,4,-1,2,1,1,1,1,0,1,50,1,2,1,0,1,0,53.0,,deux_roues,,1,2,1,1,6
202200037108,2022-02-26 02:50:00,2022,2,26,2,50,75,75119,RUE DE MEAUX,48.8807445556,2.37284026,Nuit avec éclairage allumé,En agglomération,Intersection en T,Normale,Deux véhicules - arrière,4,1,1,0,1,1,1,0,1,30,2,2,1,0,0,1,,31.0,voiture,deux_roues,5,2,3,1,2
202200037109,2022-08-25 14:25:00,2022,8,25,14,25,71,71453,402 Route d’Iguerande,46.23063,4.043295,Plein jour,Hors agglomération,Hors intersection,Normale,Deux véhicules - frontale,3,2,2,0,1,2,1,0,1,80,2,4,0,3,1,0,71.0,49.0,voiture,voiture,1,1,1,1,1
202200037110,2022-06-14 20:30:00,2022,6,14,20,30,74,74008,JEAN-JAURES (RUE),46.19506,6.22409,Crépuscule ou aube,En agglomération,Hors intersection,Normale,Deux véhicules - côté,4,2,2,0,1,1,1,5,1,50,2,2,1,0,0,1,48.0,64.0,deux_roues,voiture,2,2,1,1,3
202200037111,2022-02-26 07:30:00,2022,2,26,7,30,75,75117,AVENUE DE CLICHY,48.891569,2.318488,Crépuscule ou aube,En agglomération,Intersection en X,Normale,Deux véhicules - côté,4,2,2,3,1,1,1,-1,6,30,2,2,1,0,0,1,37.0,27.0,deux_roues,voiture,2,2,2,1,3
202200037112,2022-06-15 18:20:00,2022,6,15,18,20,73,73008,PRES DE LA TOUR CHEMIN DES,45.7078206489,5.9184969665,Plein jour,En agglomération,Intersection en Y,Normale,Autre collision,4,2,2,0,1,1,1,0,4,50,1,2,1,0,0,1,25.0,,utilitaire_camion,,1,2,4,1,6
202200037113,2022-08-25 17:45:00,2022,8,25,17,45,07,07245,RD 86,45.089827,4.817945,Plein jour,Hors agglomération,Hors intersection,Normale,Autre collision,3,2,2,0,1,1,1,0,1,80,1,1,0,0,1,0,53.0,,deux_roues,,1,1,1,1,6
202200037114,2022-02-25 23:45:00,2022,2,25,23,45,75,75117,RUE DE SAUSSURE,48.88992,2.305448,Nuit avec éclairage allumé,En agglomération,Hors intersection,Normale,Deux véhicules - frontale,4,2,2,1,1,1,1,-1,5,30,2,2,0,0,0,2,36.0,33.0,deux_roues,deux_roues,5,2,1,1,1
202200037115,2022-06-14 14:00:00,2022,6,14,14,0,72,72181,FALCONET ETIENNE (RUE),47.96905,0.21494,Plein jour,En agglomération,Giratoire,Normale,Deux véhicules - côté,4,2,4,1,2,1,1,5,1,50,2,2,1,0,0,1,78.0,59.0,voiture,deux_roues,1,2,6,1,3
202200037116,2022-08-24 21:45:00,2022,8,24,21,45,50,50505,Les Brousses,48.676071,-1.31233,Nuit sans éclairage public,Hors agglomération,Hors intersection,Normale,Deux véhicules - côté,3,2,2,0,1,1,1,0,1,80,2,2,0,0,0,1,47.0,,deux_roues,autre,3,1,1,1,3
202200037117,2022-02-26 21:30:00,2022,2,26,21,30,75,75116,AVENUE DE VERSAILLES,48.84151,2.266569,Nuit avec éclairage allumé,En agglomération,Intersection en T,Normale,Autre collision,4,2,3,0,1,1,1,0,1,30,1,2,0,0,0,2,34.0,,deux_roues,,5,2,3,1,6
202200037118,2022-08-23 20:45:00,2022,8,23,20,45,22,22050,Avenue Saint Jean de Dieu,48.447735,-2.053639,Plein jour,En agglomération,Giratoire,Normale,Sans collision,9,1,2,0,2,2,1,0,1,50,1,1,0,0,1,0,44.0,,autre,,1,2,6,1,7
202200037119,2022-06-15 15:45:00,2022,6,15,15,45,69,69266,Rue du 8 Mai 1945,45.77627,4.89275,Plein jour,En agglomération,Intersection en X,Normale,Autre collision,4,2,2,2,1,1,1,0,1,50,1,2,1,0,0,1,33.0,,voiture,,1,2,2,1,6
202200037120,2022-02-26 14:43:00,2022,2,26,14,43,75,75115,RUE LINOIS,48.847698,2.284126,Plein jour,En agglomération,Intersection en X,Normale,Autre collision,4,2,4,0,1,1,1,0,1,30,1,2,1,0,1,0,,,deux_roues,,1,2,2,1,6
202200037121,2022-06-15 08:20:00,2022,6,15,8,20,67,67482,COLMAR (AVENUE DE),48.55802,7.74851,Plein jour,En agglomération,Intersection en T,Normale,Deux véhicules - côté,4,3,6,1,1,1,1,5,1,50,2,2,1,0,0,1,78.0,19.0,voiture,deux_roues,1,2,3,1,3
202200037122,2022-08-24 17:45:00,2022,8,24,17,45,22,22118,La Rue Anne,48.440262,-2.037286,Plein jour,Hors agglomération,Hors intersection,Normale,Autre collision,4,2,2,0,1,1,1,0,1,90,1,2,1,1,0,0,40.0,,voiture,,1,1,1,1,6
202200037123,2022-06-14 21:45:00,2022,6,14,21,45,67,67482,COLMAR (AVENUE DE),48.5638118264,7.7525858581,Crépuscule ou aube,En agglomération,Hors intersection,Normale,Deux véhicules - côté,4,1,2,0,1,2,1,2,1,50,2,2,1,0,0,1,24.0,11.0,voiture,deux_roues,2,2,1,1,3
202200037124,2022-02-26 01:15:00,2022,2,26,1,15,75,75108,AVENUE DES CHAMPS ELYSEES,48.872056,2.300458,Nuit avec éclairage allumé,En agglomération,Intersection en T,Normale,Deux véhicules - arrière,4,2,8,0,2,1,1,0,1,50,2,4,3,0,0,1,41.0,,voiture,voiture,5,2,3,1,2
202200037125,2022-08-24 10:05:00,2022,8,24,10,5,59,59401,39 Rue Nationale,50.7404181569,2.693554759,Plein jour,En agglomération,Hors intersection,Temps éblouissant,Autre collision,3,2,2,0,1,1,1,0,1,50,1,2,1,0,1,0,72.0,,voiture,,1,2,1,7,6
202200037126,2022-06-15 14:06:00,2022,6,15,14,6,64,64260,SANTIAGO (RUE),43.3525,-1.7764,Plein jour,En agglomération,Hors intersection,Normale,Deux véhicules - frontale,4,2,2,0,1,1,1,0,1,50,2,2,1,0,0,1,18.0,45.0,voiture,utilitaire_camion,1,2,1,1,1
202200037127,2022-02-26 17:15:00,2022,2,26,17,15,75,75101,RUE DE RIVOLI,48.860815,2.341207,Plein jour,En agglomération,Intersection en T,Normale,Autre collision,4,2,4,1,1,1,1,-1,5,30,1,1,0,0,0,1,64.0,,deux_roues,,1,2,3,1,6
202200037128,2022-08-24 05:10:00,2022,8,24,5,10,13,13206,Tunnel Prado Carénage,43.28316,5.38482,Nuit avec éclairage allumé,Hors agglomération,Hors intersection,Normale,Autre collision,4,-1,2,0,1,2,1,1,1,60,1,4,1,0,0,3,25.0,,voiture,,5,1,1,1,6
202200037129,2022-06-15 20:20:00,2022,6,15,20,20,64,64348,Avenue Du Moulin,43.32208,-0.40158,Plein jour,En agglomération,Hors intersection,Normale,Deux véhicules - côté,4,2,2,0,1,1,1,0,1,50,2,2,1,0,0,1,51.0,32.0,voiture,voiture,1,2,1,1,3
202200037130,2022-06-15 17:25:00,2022,6,15,17,25,64,64445,cours Léon Bérard,43.31736,-0.37719,Plein jour,En agglomération,Intersection en X,Normale,Deux véhicules - côté,4,2,2,0,1,1,1,0,1,50,2,2,1,0,0,1,47.0,29.0,deux_roues,voiture,1,2,2,1,3
202200037131,2022-08-21 08:30:00,2022,8,21,8,30,13,13117,A7-Sens Marseille vers Lyon,43.4182251853,5.2735675871,Plein jour,Hors agglomération,Hors intersection,Normale,Deux véhicules - côté,1,1,3,0,1,1,1,0,1,90,2,5,1,0,0,4,40.0,21.0,voiture,voiture,1,1,1,1,3
202200037132,2022-02-25 22:45:00,2022,2,25,22,45,75,75101,AVENUE DE L OPERA,48.8640016231,2.3351481909,Nuit avec éclairage allumé,En agglomération,Place,Normale,Autre collision,4,2,4,0,1,1,1,0,1,30,1,2,1,0,0,1,77.0,,voiture,,5,2,7,1,6
202200037133,2022-06-14 06:45:00,2022,6,14,6,45,64,64445,avenue de l'Europe,43.33008,-0.3552,Plein jour,En agglomération,Hors intersection,Normale,Deux véhicules - arrière,3,1,2,0,1,1,1,0,1,50,2,2,1,0,0,1,32.0,47.0,deux_roues,voiture,1,2,1,1,2
202200037134,2022-02-26 09:45:00,2022,2,26,9,45,94,94068,Avenue Gambetta,48.79889,2.49027,Plein jour,En agglomération,Hors intersection,Normale,Autre collision,3,2,1,0,1,4,1,0,1,30,1,2,1,0,0,1,45.0,,voiture,,1,2,1,1,6
202200037135,2022-06-14 20:55:00,2022,6,14,20,55,64,64102,QUATORZE AVRIL (AVENUE DU),43.50357,-1.46673,Plein jour,En agglomération,Hors intersection,Normale,Trois véhicules et plus - collisions multiples,3,2,2,0,1,1,1,0,1,30,3,3,2,0,0,1,,33.0,voiture,deux_roues,1,2,1,1,5