accident_id,datetime,annee,mois,jour,heure,minute,departement,commune_insee,adresse,latitude,longitude,luminosite,agglomeration,intersection,meteo,collision,catr,circ,nbv,vosp,prof,plan,surf,infra,situ,vma,nb_vehicules,nb_usagers,nb_indemnes,nb_tues,nb_blesses_hosp,nb_blesses_legers,age_cond_1,age_cond_2,veh_type_cond_1,veh_type_cond_2,lum_code,agg_code,int_code,atm_code,col_code
202200037229,2022-04-09 11:35:00,2022,4,9,11,35,85,85146,D86,46.93078,-1.30902,Plein jour,Hors agglomération,Intersection en T,Normale,Deux véhicules - côté,3,2,2,0,1,1,1,0,1,80,2,2,1,0,1,0,42.0,57.0,voiture,voiture,1,1,3,1,3
202200037230,2022-06-14 16:50:00,2022,6,14,16,50,75,75117,AVENUE NIEL,48.879645,2.294712,Plein jour,En agglomération,Intersection en X,Normale,Trois véhicules et plus - en chaîne,4,2,3,0,1,1,1,0,1,30,3,3,2,0,0,1,52.0,34.0,deux_roues,voiture,1,2,2,1,4
202200037231,2022-06-14 14:00:00,2022,6,14,14,0,75,75117,RUE DE COURCELLES,48.889001,2.293295,Plein jour,En agglomération,Hors intersection,Normale,Deux véhicules - côté,4,2,4,0,2,1,1,0,1,30,2,2,1,0,0,1,42.0,33.0,voiture,deux_roues,1,2,1,1,3
202200037232,2022-04-02 03:10:00,2022,4,2,3,10,63,63311,A71,46.042825,3.112478,Nuit sans éclairage public,Hors agglomération,Hors intersection,Neige / grêle,Deux véhicules - arrière,1,3,4,0,2,1,5,0,1,130,2,3,2,0,0,1,26.0,27.0,voiture,utilitaire_camion,3,1,1,4,2
202200037233,2022-06-15 13:50:00,2022,6,15,13,50,75,75116,AVENUE DE LA PORTE D AUTEUIL,48.848004,2.257314,Plein jour,En agglomération,Place,Normale,Deux véhicules - côté,4,2,4,0,1,1,1,0,1,30,2,2,1,0,0,1,21.0,42.0,deux_roues,voiture,1,2,7,1,3
202200037234,2022-06-15 10:45:00,2022,6,15,10,45,75,75115,RUE DESNOUETTES,48.835943,2.288539,Plein jour,En agglomération,Intersection en T,Normale,Deux véhicules - côté,4,1,1,0,1,1,1,0,1,30,2,2,1,0,0,1,39.0,61.0,utilitaire_camion,deux_roues,1,2,3,1,3
202200037235,2022-03-31 08:57:00,2022,3,31,8,57,13,13001,A8,43.51835,5.429204,Plein jour,Hors agglomération,Hors intersection,Normale,Trois véhicules et plus - en chaîne,1,1,1,0,1,1,1,3,1,90,4,6,5,0,0,1,52.0,43.0,utilitaire_camion,voiture,1,1,1,1,4
202200037236,2022-06-14 15:30:00,2022,6,14,15,30,75,75115,RUE DE LA CONVENTION,48.836588,2.298688,Plein jour,En agglomération,Hors intersection,Normale,Autre collision,4,2,3,3,1,1,1,0,6,30,1,1,0,0,0,1,53.0,,deux_roues,,1,2,1,1,6
202200037237,2022-04-08 23:40:00,2022,4,8,23,40,49,49068,"A11, PK 288.800, sens PARIS-NANTES",47.43668,-0.849981,Nuit sans éclairage public,Hors agglomération,Hors intersection,Normale,Autre collision,1,3,2,0,1,1,2,0,2,130,1,1,0,0,1,0,20.0,,voiture,,3,1,1,1,6
202200037238,2022-04-09 11:30:00,2022,4,9,11,30,51,51599,A4,49.10051,4.255228,Plein jour,Hors agglomération,Hors intersection,Neige / grêle,Deux véhicules - côté,1,3,4,0,2,2,4,0,1,130,2,4,2,0,1,1,23.0,59.0,voiture,voiture,1,1,1,4,3
202200037239,2022-06-15 18:15:00,2022,6,15,18,15,75,75120,AVENUE GAMBETTA,48.862981,2.387471,Plein jour,En agglomération,Intersection à plus de 4 branches,Normale,Deux véhicules - côté,4,1,1,0,2,1,1,0,1,30,2,3,2,0,0,1,19.0,26.0,voiture,deux_roues,1,2,5,1,3
202200037240,2022-04-09 00:30:00,2022,4,9,0,30,14,14563,A29,49.3311,0.268511,Nuit sans éclairage public,Hors agglomération,Hors intersection,Neige / grêle,Autre collision,1,3,4,3,1,1,7,0,3,130,1,4,2,0,0,2,58.0,,voiture,,3,1,1,4,6
202200037241,2022-06-15 12:45:00,2022,6,15,12,45,75,75109,BOULEVARD DE ROCHECHOUART,48.882332,2.341984,Plein jour,En agglomération,Intersection en X,Normale,Autre collision,4,1,2,0,1,1,1,0,1,30,1,2,1,0,0,1,18.0,,deux_roues,,1,2,2,1,6
202200037242,2022-04-08 13:20:00,2022,4,8,13,20,38,38348,A43,45.572336,5.317307,Plein jour,En agglomération,Hors intersection,Normale,Trois véhicules et plus - en chaîne,1,3,3,0,1,1,1,0,1,110,4,5,4,0,0,1,34.0,23.0,utilitaire_camion,voiture,1,2,1,1,4
202200037243,2022-06-14 14:00:00,2022,6,14,14,0,75,75107,AVENUE DE LOWENDAL,48.849978,2.304585,Plein jour,En agglomération,Hors intersection,Normale,Deux véhicules - côté,4,2,5,0,1,1,1,0,1,30,2,2,1,0,0,1,65.0,57.0,voiture,deux_roues,1,2,1,1,3
202200037244,2022-04-20 01:15:00,2022,4,20,1,15,75,75102,RUE MONTORGUEIL,48.8658606211,2.3470543492,Nuit avec éclairage allumé,En agglomération,Intersection en T,Normale,Autre collision,4,1,2,3,1,1,1,-1,6,30,1,2,0,0,0,2,32.0,,deux_roues,,5,2,3,1,6
202200037245,2022-04-09 11:25:00,2022,4,9,11,25,2B,2B205,RD81,42.697293,9.367229,Plein jour,Hors agglomération,Hors intersection,Normale,Sans collision,3,2,2,0,2,3,1,0,1,80,1,1,0,0,1,0,38.0,,deux_roues,,1,1,1,1,7
202200037246,2022-06-15 10:45:00,2022,6,15,10,45,94,94078,EMILE ZOLA (R),48.735569,2.447237,Plein jour,En agglomération,Hors intersection,Normale,Deux véhicules - côté,4,2,2,0,1,1,1,0,1,50,1,2,1,0,0,1,35.0,,voiture,,1,2,1,1,3
202200037247,2022-04-09 10:45:00,2022,4,9,10,45,84,84026,D943,43.748762,5.363463,Plein jour,Hors agglomération,Hors intersection,Normale,Deux véhicules - frontale,3,2,2,0,1,3,1,0,1,80,2,2,0,0,1,1,40.0,68.0,deux_roues,utilitaire_camion,1,1,1,1,1
202200037248,2022-06-13 11:05:00,2022,6,13,11,5,94,94068,MAURICE BERTEAUX (BD),48.81116,2.46931,Plein jour,En agglomération,Intersection en X,Normale,Autre collision,3,2,2,0,1,1,1,0,1,30,1,2,1,0,0,1,70.0,,voiture,,1,2,2,1,6
202200037249,2022-04-08 23:20:00,2022,4,8,23,20,83,83099,Chemin des Vernèdes,43.455633,6.696548,Nuit avec éclairage allumé,En agglomération,Giratoire,Normale,Autre collision,4,1,2,0,1,2,1,5,1,50,1,1,0,0,0,1,58.0,,voiture,,5,2,6,1,6
202200037250,2022-04-09 16:10:00,2022,4,9,16,10,38,38316,19 Rue Grammont,45.75068,5.17032,Plein jour,En agglomération,Hors intersection,Pluie légère,Autre collision,3,2,2,0,1,1,2,0,1,50,1,2,1,0,0,1,39.0,,voiture,,1,2,1,2,6
202200037251,2022-06-14 09:00:00,2022,6,14,9,0,94,94043,FONTAINEBLEAU (AV DE),48.80738,2.36319,Plein jour,En agglomération,Hors intersection,Normale,Autre collision,3,2,4,0,1,1,1,0,1,50,2,2,1,0,0,1,64.0,45.0,voiture,deux_roues,1,2,1,1,6
202200037252,2022-04-09 09:00:00,2022,4,9,9,0,69,69106,Route de la Colline,45.928737,4.693674,Plein jour,En agglomération,Hors intersection,Normale,Trois véhicules et plus - en chaîne,3,2,2,0,3,1,2,0,1,70,3,3,1,0,0,2,25.0,43.0,utilitaire_camion,utilitaire_camion,1,2,1,1,4
202200037253,2022-06-13 15:50:00,2022,6,13,15,50,94,94028,Rue de Paris / Rue des Mèches,48.79365,2.46094,Plein jour,En agglomération,Place,Normale,Deux véhicules - arrière,3,3,4,0,1,1,1,0,1,50,2,2,1,0,0,1,31.0,49.0,voiture,voiture,1,2,7,1,2
202200037254,2022-04-08 17:00:00,2022,4,8,17,0,33,33159,67 Route des Mazerats,45.206042,-0.595665,Plein jour,Hors agglomération,Hors intersection,Pluie légère,Deux véhicules - frontale,3,2,2,0,1,2,2,0,1,80,2,2,0,1,0,1,44.0,59.0,utilitaire_camion,voiture,1,1,1,2,1
202200037255,2022-06-15 06:30:00,2022,6,15,6,30,94,94060,D4,48.78824,2.5617,Crépuscule ou aube,Hors agglomération,Hors intersection,Normale,Deux véhicules - arrière,3,3,4,0,2,1,1,8,1,50,2,2,1,0,0,1,50.0,32.0,utilitaire_camion,deux_roues,2,1,1,1,2
202200037256,2022-04-08 22:25:00,2022,4,8,22,25,49,49020,D523,47.469436,-0.619724,Nuit sans éclairage public,Hors agglomération,Autre intersection,Normale,Autre collision,3,3,4,0,1,1,2,3,1,90,1,3,2,1,0,0,43.0,,voiture,,3,1,9,1,6
202200037257,2022-04-09 16:30:00,2022,4,9,16,30,60,60313,41 Rue de Marguerie,49.360139,2.243662,Plein jour,En agglomération,Hors intersection,Normale,Autre collision,3,2,2,0,1,1,1,0,1,50,1,1,0,0,0,1,17.0,,deux_roues,,1,2,1,1,6
202200037258,2022-06-14 09:20:00,2022,6,14,9,20,94,94019,Rue Aristide Briand,48.803,2.5323,Plein jour,En agglomération,Hors intersection,Normale,Deux véhicules - arrière,3,2,2,2,1,1,1,0,1,50,2,2,1,0,0,1,61.0,51.0,voiture,voiture,1,2,1,1,2
202200037259,2022-04-08 17:25:00,2022,4,8,17,25,91,91179,AUTOROUTE A6,48.55163,2.49398,Plein jour,Hors agglomération,Hors intersection,Pluie forte,Sans collision,1,1,3,0,1,1,4,0,3,110,1,3,2,0,0,1,56.0,,utilitaire_camion,,1,1,1,3,7
202200037260,2022-06-15 20:20:00,2022,6,15,20,20,94,94018,110 Rue de Paris,48.824963,2.408344,Plein jour,En agglomération,Hors intersection,Normale,Deux véhicules - arrière,3,2,2,2,1,1,1,0,1,30,2,2,1,0,0,1,21.0,55.0,voiture,deux_roues,1,2,1,1,2
202200037261,2022-04-08 18:55:00,2022,4,8,18,55,78,78423,RN12 EXT,48.797992,2.008262,Plein jour,Hors agglomération,Hors intersection,Neige / grêle,Autre collision,2,1,3,0,1,1,3,0,3,90,1,1,0,0,0,1,33.0,,utilitaire_camion,,1,1,1,4,6
202200037262,2022-06-15 09:20:00,2022,6,15,9,20,94,94071,Place de la Gare / Avenue de la Gare,48.77094,2.50872,Plein jour,En agglomération,Place,Normale,Autre collision,3,2,2,0,1,1,1,0,1,30,1,2,1,0,0,1,68.0,,voiture,,1,2,7,1,6
202200037263,2022-04-08 16:30:00,2022,4,8,16,30,93,93027,AUTOROUTE A86,48.92859,2.41491,Plein jour,Hors agglomération,Hors intersection,Pluie forte,Sans collision,1,2,6,0,1,2,2,0,1,70,1,1,0,0,0,1,20.0,,voiture,,1,1,1,3,7
202200037264,2022-06-12 21:00:00,2022,6,12,21,0,93,93066,Rue de la Poterie,48.9438335619,2.3466762006,Plein jour,En agglomération,Hors intersection,Normale,Deux véhicules - côté,4,2,2,0,1,1,1,0,3,50,2,3,0,0,0,3,26.0,,voiture,,1,2,1,1,3
202200037265,2022-04-08 10:20:00,2022,4,8,10,20,95,95582, A15,48.9660027739,2.2576206923,Plein jour,Hors agglomération,Hors intersection,Pluie forte,Deux véhicules - côté,1,3,5,0,1,1,2,0,1,110,2,2,1,0,0,1,43.0,30.0,voiture,voiture,1,1,1,3,3
202200037266,2022-06-15 11:25:00,2022,6,15,11,25,93,93064,Boulevard Gabriel Péri,48.87749,2.48263,Plein jour,En agglomération,Hors intersection,Normale,Autre collision,3,3,4,0,1,1,1,0,1,50,1,2,1,0,0,1,52.0,,utilitaire_camion,,1,2,1,1,6
202200037267,2022-04-08 07:55:00,2022,4,8,7,55,93,93008,AUTOROUTE A86,48.90928,2.44773,Plein jour,Hors agglomération,Hors intersection,Pluie légère,Trois véhicules et plus - collisions multiples,1,3,4,0,1,1,2,1,1,90,3,3,2,0,0,1,21.0,22.0,voiture,deux_roues,1,1,1,2,5
202200037268,2022-04-08 19:15:00,2022,4,8,19,15,94,94069,A4,48.81718,2.42935,Plein jour,Hors agglomération,Hors intersection,Pluie forte,Deux véhicules - arrière,1,-1,6,0,1,1,2,0,1,90,2,2,1,0,0,1,27.0,54.0,deux_roues,voiture,1,1,1,3,2
202200037269,2022-06-15 13:30:00,2022,6,15,13,30,93,93074,Rue de Meaux,48.938,2.59727,Plein jour,En agglomération,Hors intersection,Normale,Trois véhicules et plus - en chaîne,3,2,2,0,1,1,1,0,1,50,3,3,2,0,0,1,63.0,43.0,voiture,voiture,1,2,1,1,4
202200037270,2022-04-08 10:55:00,2022,4,8,10,55,77,77145,A5b,48.5819450208,2.7361857376,Plein jour,Hors agglomération,Hors intersection,Pluie légère,Sans collision,1,3,2,0,1,1,2,0,1,110,1,1,0,0,0,1,21.0,,voiture,,1,1,1,2,7
202200037271,2022-04-07 03:30:00,2022,4,7,3,30,94,94069,A4,48.8173109429,2.4424371778,Nuit sans éclairage public,Hors agglomération,Autre intersection,Normale,Autre collision,1,1,2,0,1,2,1,0,1,70,1,1,0,0,0,1,40.0,,deux_roues,,3,1,9,1,6
202200037272,2022-06-14 20:10:00,2022,6,14,20,10,93,93077,Route de Noisy / Allee de l’Esperance,48.88285,2.49545,Plein jour,En agglomération,Intersection en T,Normale,Deux véhicules - côté,3,1,4,0,1,1,1,0,1,50,2,3,2,0,0,1,47.0,29.0,voiture,voiture,1,2,3,1,3
202200037273,2022-04-07 14:00:00,2022,4,7,14,0,34,34172,BARCELONE (AVENUE DE),43.62154,3.81756,Plein jour,En agglomération,Hors intersection,Normale,Autre collision,4,1,1,0,1,3,1,0,1,50,1,2,1,0,0,1,66.0,,voiture,,1,2,1,1,6
202200037274,2022-06-14 15:30:00,2022,6,14,15,30,93,93045,Rue de Paris,48.8805,2.4183,Plein jour,En agglomération,Hors intersection,Normale,Autre collision,3,2,2,0,2,1,1,0,1,30,3,3,2,0,0,1,31.0,28.0,deux_roues,deux_roues,1,2,1,1,6
202200037275,2022-04-06 16:00:00,2022,4,6,16,0,29,29019,Giratoire de Pen Ar Chleuz ,48.4160921908,-4.4793233871,Plein jour,En agglomération,Giratoire,Normale,Trois véhicules et plus - en chaîne,4,-1,4,0,1,1,1,5,1,70,3,3,2,0,0,1,41.0,33.0,voiture,voiture,1,2,6,1,4
202200037276,2022-06-15 19:00:00,2022,6,15,19,0,93,93027,Rue Chabrol,48.9285012785,2.400067985,Plein jour,En agglomération,Hors intersection,Normale,Autre collision,4,2,2,0,1,1,1,0,1,50,1,1,0,0,0,1,29.0,,utilitaire_camion,,1,2,1,1,6
202200037277,2022-04-07 21:45:00,2022,4,7,21,45,988,98818,PROMENADE ROGER LAROQUE,-22.30254,166.4399,Nuit avec éclairage allumé,En agglomération,Hors intersection,Pluie légère,Deux véhicules - frontale,4,2,2,0,1,1,2,8,1,50,2,3,2,0,1,0,21.0,27.0,utilitaire_camion,voiture,5,2,1,2,1
202200037278,2022-06-14 19:25:00,2022,6,14,19,25,93,93007,Avenue Henri Barbusse / Rue Lecocq,48.939544,2.461815,Plein jour,En agglomération,Intersection en X,Normale,Deux véhicules - frontale,4,2,2,0,1,1,1,0,1,50,2,2,1,0,0,1,60.0,47.0,voiture,voiture,1,2,2,1,1
202200037279,2022-04-07 17:45:00,2022,4,7,17,45,988,98818,ROUTE PROVINCIALE ROUTE DU SUD/RUE GEORGES LEQUES,-22.22333,166.48483,Nuit avec éclairage allumé,En agglomération,Giratoire,Pluie forte,Autre collision,3,3,2,0,1,1,2,0,1,50,1,2,1,0,0,1,61.0,,voiture,,5,2,6,3,6
202200037280,2022-06-15 20:20:00,2022,6,15,20,20,93,93062,Rond - Point Thiers,48.899294,2.517652,Plein jour,En agglomération,Giratoire,Normale,Deux véhicules - frontale,3,3,2,0,1,1,1,0,4,30,2,2,1,0,0,1,21.0,15.0,voiture,deux_roues,1,2,6,1,1
202200037281,2022-04-06 18:40:00,2022,4,6,18,40,974,97416,MAHATMA GANDHI(RUE),-21.33965,55.46367,Crépuscule ou aube,En agglomération,Autre intersection,Normale,Deux véhicules - côté,9,2,2,0,1,1,1,0,1,50,2,2,1,0,1,0,64.0,25.0,voiture,deux_roues,2,2,9,1,3
202200037282,2022-06-15 13:45:00,2022,6,15,13,45,93,93005,Rue de la Ville Neuve / Rue Francisco Ferrer,48.943214,2.499928,Plein jour,En agglomération,Intersection en X,Normale,Deux véhicules - côté,4,2,2,0,1,1,1,0,1,50,2,6,5,0,0,1,50.0,20.0,voiture,utilitaire_camion,1,2,2,1,3
202200037283,2022-04-07 17:35:00,2022,4,7,17,35,69,69383,Avenue Maréchal de Saxe,45.75608,4.84642,Plein jour,En agglomération,Intersection en T,Pluie légère,Deux véhicules - côté,4,1,1,2,1,1,2,0,1,30,2,2,1,0,0,1,31.0,37.0,voiture,autre,1,2,3,2,3
202200037284,2022-06-15 19:20:00,2022,6,15,19,20,93,93001,Rue Charles Tillon,48.916383,2.392803,Plein jour,En agglomération,Hors intersection,Normale,Deux véhicules - côté,3,3,2,0,1,1,1,0,1,50,2,2,1,0,0,1,33.0,,deux_roues,voiture,1,2,1,1,3
202200037285,2022-04-07 16:30:00,2022,4,7,16,30,69,69388,Rue de l’Eternité,45.74029,4.85815,Plein jour,En agglomération,Hors intersection,Pluie légère,Autre collision,4,1,1,2,1,1,2,0,1,30,1,2,1,0,0,1,26.0,,voiture,,1,2,1,2,6
202200037286,2022-04-07 17:00:00,2022,4,7,17,0,972,97209,BISHOP (Avenue Maurice),14.60982,-61.05534,Plein jour,Hors agglomération,Hors intersection,Normale,Sans collision,2,2,6,0,1,1,1,0,1,50,1,1,0,0,0,1,20.0,,deux_roues,,1,1,1,1,7
202200037287,2022-06-14 20:40:00,2022,6,14,20,40,93,93001,Rue Danielle Casanova,48.9187633139,2.3912118674,Plein jour,En agglomération,Hors intersection,Normale,Autre collision,3,2,2,0,1,1,1,0,1,50,1,2,1,0,0,1,47.0,,voiture,,1,2,1,1,6
202200037288,2022-04-07 18:30:00,2022,4,7,18,30,69,69152,Rue de la République,45.70242,4.83208,Plein jour,En agglomération,Intersection en T,Normale,Deux véhicules - côté,4,2,2,0,3,2,2,2,1,50,2,2,1,0,0,1,62.0,26.0,deux_roues,voiture,1,2,3,1,3
202200037289,2022-06-14 13:02:00,2022,6,14,13,2,93,93001,106 Avenue de la République,48.9063903586,2.3893533647,Plein jour,En agglomération,Hors intersection,Normale,Autre collision,3,2,3,3,1,1,1,0,1,50,1,2,1,0,0,1,67.0,,voiture,,1,2,1,1,6
202200037290,2022-03-06 16:49:00,2022,3,6,16,49,971,97113,ROUTE DE CHAMPAGNE,16.24156,-61.4795,Plein jour,Hors agglomération,Autre intersection,Normale,Autre collision,4,2,0,0,1,1,1,0,8,80,1,2,1,0,1,0,79.0,,voiture,,1,1,9,1,6
202200037291,2022-06-15 14:20:00,2022,6,15,14,20,92,92073,CARNOT (RUE),48.87527,2.22824,Plein jour,En agglomération,Intersection en T,Normale,Autre collision,4,1,1,2,1,1,1,0,4,50,1,1,0,0,0,1,87.0,,voiture,,1,2,3,1,6
202200037292,2022-06-15 18:45:00,2022,6,15,18,45,92,92064,REPUBLIQUE,48.852616,2.212793,Plein jour,En agglomération,Hors intersection,Normale,Sans collision,3,2,2,0,1,1,1,0,1,50,1,1,0,0,0,1,55.0,,deux_roues,,1,2,1,1,7
202200037293,2022-04-06 13:02:00,2022,4,6,13,2,87,87085,BUXEROLLES (RUE DE),45.86822,1.264203,Plein jour,En agglomération,Intersection en X,Pluie légère,Sans collision,4,1,2,0,1,2,2,5,1,50,1,1,0,0,0,1,20.0,,deux_roues,,1,2,2,2,7
202200037294,2022-04-07 10:48:00,2022,4,7,10,48,86,86194,Boulevard Chasseigne,46.588098,0.348295,Plein jour,En agglomération,Autre intersection,Normale,Autre collision,4,3,5,0,1,1,1,0,1,50,1,2,1,0,0,1,28.0,,voiture,,1,2,9,1,6
202200037295,2022-06-15 07:30:00,2022,6,15,7,30,92,92049,BROSSOLETTE AVENUE PIERRE,48.812835248,2.3015846461,Plein jour,En agglomération,Intersection en T,Normale,Deux véhicules - côté,3,3,4,1,1,1,1,9,5,50,2,3,1,0,0,2,54.0,18.0,voiture,deux_roues,1,2,3,1,3
202200037296,2022-06-15 14:35:00,2022,6,15,14,35,92,92048,ORANGERIE (RUE DE L'),48.80902,2.23778,Plein jour,En agglomération,Hors intersection,Normale,Sans collision,4,1,1,0,2,1,1,0,1,50,1,1,0,0,0,1,17.0,,deux_roues,,1,2,1,1,7
202200037297,2022-06-08 09:22:00,2022,6,8,9,22,92,92026,LEVALLOIS (PONT DE),48.9004444013,2.2771671563,Plein jour,En agglomération,Hors intersection,Pluie légère,Deux véhicules - arrière,3,2,3,0,1,1,2,2,1,30,2,2,1,0,0,1,69.0,30.0,voiture,deux_roues,1,2,1,2,2
202200037298,2022-06-11 22:40:00,2022,6,11,22,40,92,92026,MARECHAL JOFFRE (QUAI DU),48.900616,2.275223,Crépuscule ou aube,En agglomération,Intersection en T,Normale,Deux véhicules - côté,3,-1,4,0,1,1,9,0,1,50,2,2,1,0,0,1,19.0,29.0,voiture,deux_roues,2,2,3,1,3
202200037299,2022-02-06 19:58:00,2022,2,6,19,58,84,84080,SARRIANS ROUTE DE,44.06012,4.97675,Crépuscule ou aube,Hors agglomération,Hors intersection,Normale,Trois véhicules et plus - collisions multiples,3,2,2,0,1,1,1,0,1,80,3,6,3,0,0,3,35.0,46.0,voiture,voiture,2,1,1,1,5
202200037300,2022-04-07 16:40:00,2022,4,7,16,40,83,83137,WEYGAND (AVE GENERAL),43.12027,5.94894,Plein jour,En agglomération,Intersection en X,Normale,Deux véhicules - côté,4,1,4,3,1,1,1,0,1,50,2,2,1,0,1,0,49.0,46.0,voiture,deux_roues,1,2,2,1,3
202200037301,2022-06-15 17:50:00,2022,6,15,17,50,92,92024,VICTOR HUGO (BD),48.9026954748,2.3189244568,Plein jour,En agglomération,Intersection en T,Normale,Deux véhicules - frontale,3,-1,2,0,1,3,1,0,1,30,2,2,1,0,0,1,57.0,27.0,voiture,deux_roues,1,2,3,1,1
202200037302,2022-04-07 11:10:00,2022,4,7,11,10,83,83090,,43.150218084,5.8480780721,Plein jour,Hors agglomération,Hors intersection,Normale,Deux véhicules - frontale,3,-1,2,0,2,3,1,0,1,70,2,2,1,0,1,0,42.0,32.0,utilitaire_camion,deux_roues,1,1,1,1,1
202200037303,2022-06-15 11:25:00,2022,6,15,11,25,92,92012,THIERS (RUE) 67/FIN - 84/FIN,48.8323778728,2.2517431676,Plein jour,En agglomération,Intersection en X,Normale,Deux véhicules - côté,4,2,2,0,1,1,1,0,1,50,2,2,1,0,0,1,43.0,22.0,voiture,deux_roues,1,2,2,1,3
202200037304,2022-04-07 08:30:00,2022,4,7,8,30,83,83137,DE LATTRE DE TASSIGNY (AVE MARECHAL),43.11709,5.93674,Plein jour,En agglomération,Hors intersection,Normale,Deux véhicules - côté,4,1,3,2,1,1,1,0,1,50,2,2,1,0,1,0,33.0,36.0,voiture,deux_roues,1,2,1,1,3
202200037305,2022-04-06 17:00:00,2022,4,6,17,0,83,83062,DE LATTRE DE TASSIGNY (AVENUE),43.1132217552,5.9912572503,Plein jour,Hors agglomération,Autre intersection,Normale,Deux véhicules - côté,3,2,3,0,1,4,1,0,1,50,2,2,1,0,0,1,37.0,51.0,voiture,deux_roues,1,1,9,1,3
202200037306,2022-04-07 16:40:00,2022,4,7,16,40,78,78481,FELICIEN DAVID (PLACE),48.896271,2.102446,Plein jour,En agglomération,Autre intersection,Normale,Autre collision,4,-1,1,0,1,1,1,0,4,50,1,2,1,0,0,1,54.0,,deux_roues,,1,2,9,1,6
202200037307,2022-04-07 07:20:00,2022,4,7,7,20,77,77067,GARE ROUTIERE,48.56485,2.5942,Nuit avec éclairage allumé,En agglomération,Hors intersection,Vent fort / tempête,Autre collision,4,1,1,3,1,1,2,0,1,30,1,2,1,0,1,0,42.0,,transport_commun,,5,2,1,6,6
202200037308,2022-02-28 17:30:00,2022,2,28,17,30,76,76540,Quai Jean Moulin,49.4353337152,1.0920882225,Plein jour,En agglomération,Hors intersection,Normale,Trois véhicules et plus - en chaîne,4,2,4,0,1,1,1,-1,1,50,3,4,2,0,0,2,44.0,44.0,voiture,voiture,1,2,1,1,4
202200037309,2022-04-07 10:00:00,2022,4,7,10,0,76,76351,BELLOT,49.48529,0.12736,Plein jour,En agglomération,Intersection en T,Normale,Autre collision,4,2,2,0,1,1,1,0,1,50,1,2,0,0,1,1,78.0,,voiture,,1,2,3,1,6
202200037310,2022-04-06 19:00:00,2022,4,6,19,0,76,76351,SOCRATE,49.51646,0.15609,Plein jour,En agglomération,Intersection en T,Pluie légère,Deux véhicules - côté,4,2,3,0,4,1,2,0,1,50,2,2,1,0,0,1,52.0,25.0,voiture,voiture,1,2,3,2,3
202200037311,2022-04-06 12:18:00,2022,4,6,12,18,67,67482,VIRGILE (RUE),48.58131,7.69909,Plein jour,En agglomération,Hors intersection,Temps couvert,Autre collision,4,2,2,0,1,1,1,0,1,50,2,2,1,0,0,1,45.0,35.0,voiture,deux_roues,1,2,1,8,6
202200037312,2022-04-05 16:35:00,2022,4,5,16,35,64,64348,Boulevard Charles de Gaulle,43.31095,-0.41242,Plein jour,En agglomération,Hors intersection,Normale,Deux véhicules - arrière,4,2,2,0,1,1,1,0,1,50,2,2,1,0,0,1,47.0,48.0,utilitaire_camion,deux_roues,1,2,1,1,2
202200037313,2022-04-07 08:04:00,2022,4,7,8,4,63,63113,GAILLARD (PLACE GILBERT),45.78023,3.08225,Plein jour,En agglomération,Hors intersection,Normale,Autre collision,4,2,2,0,1,1,1,0,1,30,1,2,1,0,0,1,45.0,,voiture,,1,2,1,1,6
202200037314,2022-03-22 11:07:00,2022,3,22,11,7,63,63113,Chateaudun / République,45.78317,3.09761,Plein jour,En agglomération,Intersection en T,Normale,Deux véhicules - arrière,4,2,2,0,1,1,1,0,1,30,2,2,1,0,0,1,35.0,,voiture,voiture,1,2,3,1,2
202200037315,2022-04-06 17:15:00,2022,4,6,17,15,58,58194,TREIZIEME DE LIGNE,46.99309,3.13654,Plein jour,En agglomération,Hors intersection,Normale,Deux véhicules - côté,4,2,2,0,1,1,1,0,1,50,3,3,2,0,0,1,51.0,24.0,voiture,deux_roues,1,2,1,1,3
202200037316,2022-04-04 11:30:00,2022,4,4,11,30,58,58194,SAINT EXUPERY (BOULEVARD),47.00354,3.16243,Plein jour,En agglomération,Intersection en T,Normale,Deux véhicules - côté,4,2,2,0,1,1,1,0,1,30,2,2,1,0,0,1,76.0,16.0,voiture,deux_roues,1,2,3,1,3
202200037317,2022-04-06 20:08:00,2022,4,6,20,8,57,57221,ETOILE (RUE DE L'),49.33766,6.11334,Crépuscule ou aube,Hors agglomération,Hors intersection,Pluie légère,Deux véhicules - frontale,3,2,2,0,1,3,2,0,1,80,2,3,0,0,1,2,25.0,27.0,voiture,voiture,2,1,1,2,1
202200037318,2022-04-06 08:38:00,2022,4,6,8,38,56,56098,NERUDA (AVENUE  PABLO ),47.76592,-3.32946,Plein jour,En agglomération,Giratoire,Pluie légère,Sans collision,3,1,2,0,1,3,2,0,1,50,1,1,0,0,0,1,19.0,,deux_roues,,1,2,6,2,7
202200037319,2022-04-07 07:55:00,2022,4,7,7,55,54,54547,EUROPE (BOULEVARD DE L'),48.6648242719,6.1691021919,Plein jour,En agglomération,Hors intersection,Normale,Deux véhicules - arrière,4,2,4,0,1,3,1,0,1,50,2,4,3,0,0,1,40.0,44.0,utilitaire_camion,voiture,1,2,1,1,2
202200037320,2022-04-06 11:30:00,2022,4,6,11,30,54,54395,LOBAU (BOULEVARD),48.6850201862,6.1960637569,Plein jour,En agglomération,Hors intersection,Normale,Autre collision,4,2,4,0,1,1,1,0,1,50,1,2,1,0,0,1,22.0,,voiture,,1,2,1,1,6
202200037321,2022-04-07 13:30:00,2022,4,7,13,30,51,51454,rue de Louvois,49.2261729213,4.0421828628,Plein jour,En agglomération,Intersection en T,Temps couvert,Sans collision,3,3,4,0,1,1,2,0,1,50,1,2,1,0,1,0,38.0,,utilitaire_camion,,1,2,3,8,7