accident_id,datetime,annee,mois,jour,heure,minute,departement,commune_insee,adresse,latitude,longitude,luminosite,agglomeration,intersection,meteo,collision,catr,circ,nbv,vosp,prof,plan,surf,infra,situ,vma,nb_vehicules,nb_usagers,nb_indemnes,nb_tues,nb_blesses_hosp,nb_blesses_legers,age_cond_1,age_cond_2,veh_type_cond_1,veh_type_cond_2,lum_code,agg_code,int_code,atm_code,col_code
202200037504,2022-04-08 07:50:00,2022,4,8,7,50,14,14555,D140,49.311859,0.274985,Plein jour,En agglomération,Hors intersection,Pluie forte,Deux véhicules - frontale,3,2,2,0,2,3,2,0,1,50,2,20,16,0,1,3,44.0,20.0,transport_commun,utilitaire_camion,1,2,1,3,1
202200037505,2022-11-02 19:25:00,2022,11,2,19,25,92,92002,AUTOROUTE A10,48.731556,2.309644,Nuit sans éclairage public,Hors agglomération,Hors intersection,Normale,Deux véhicules - côté,1,1,3,0,1,1,1,0,1,90,2,2,1,0,0,1,,31.0,utilitaire_camion,deux_roues,3,1,1,1,3
202200037506,2022-04-08 07:30:00,2022,4,8,7,30,91,91441,"A6, PK 41+200, direction Paris",48.505978,2.511447,Crépuscule ou aube,Hors agglomération,Hors intersection,Pluie forte,Sans collision,1,3,5,0,1,2,2,0,1,110,1,1,0,0,0,1,39.0,,voiture,,2,1,1,3,7
202200037507,2022-11-03 16:45:00,2022,11,3,16,45,95,95365,RN 104,49.0668930914,2.4020959235,Plein jour,Hors agglomération,Hors intersection,Normale,Deux véhicules - arrière,2,3,5,0,1,1,1,0,1,110,2,3,1,0,0,2,43.0,28.0,utilitaire_camion,voiture,1,1,1,1,2
202200037508,2022-11-02 16:00:00,2022,11,2,16,0,93,93005,AUTOROUTE A1,48.96532,2.47492,Plein jour,Hors agglomération,Hors intersection,Normale,Trois véhicules et plus - collisions multiples,1,3,3,0,1,1,1,0,1,110,3,3,1,0,0,2,53.0,47.0,voiture,utilitaire_camion,1,1,1,1,5
202200037509,2022-03-29 16:20:00,2022,3,29,16,20,974,97420,Rue Madrier,-20.971353,55.590833,Plein jour,Hors agglomération,Hors intersection,Normale,Sans collision,4,2,2,0,2,2,1,0,1,-1,1,2,1,0,1,0,32.0,,voiture,,1,1,1,1,7
202200037510,2022-11-02 15:35:00,2022,11,2,15,35,93,93078,AUTOROUTE A104,48.96247,2.5476,Plein jour,Hors agglomération,Hors intersection,Normale,Deux véhicules - côté,1,-1,3,0,1,1,1,0,1,90,2,2,1,0,0,1,21.0,41.0,deux_roues,utilitaire_camion,1,1,1,1,3
202200037511,2022-11-02 08:45:00,2022,11,2,8,45,95,95500,A15,49.0373599359,2.0904624379,Plein jour,Hors agglomération,Hors intersection,Normale,Deux véhicules - arrière,1,3,8,0,1,1,1,0,1,90,2,2,1,0,0,1,20.0,52.0,voiture,voiture,1,1,1,1,2
202200037512,2022-04-08 06:40:00,2022,4,8,6,40,973,97304,97310 KOUROU - RN 1 - PK53.700,5.137343,-52.669026,Plein jour,Hors agglomération,Hors intersection,Pluie légère,Trois véhicules et plus - collisions multiples,2,2,2,0,1,1,2,0,1,80,3,4,1,0,2,1,24.0,,voiture,voiture,1,1,1,2,5
202200037513,2022-11-03 09:00:00,2022,11,3,9,0,77,77146,RN104.EXT,48.8096582981,2.6302781794,Plein jour,Hors agglomération,Hors intersection,Normale,Deux véhicules - arrière,2,3,3,0,1,2,1,0,1,90,2,2,1,0,0,1,58.0,62.0,voiture,utilitaire_camion,1,1,1,1,2
202200037514,2022-04-08 03:35:00,2022,4,8,3,35,34,34327,RD 613,43.645105,3.951951,Nuit avec éclairage allumé,En agglomération,Hors intersection,Normale,Autre collision,7,2,2,0,1,1,1,0,3,50,1,1,0,0,0,1,20.0,,voiture,,5,2,1,1,6
202200037515,2022-11-03 07:44:00,2022,11,3,7,44,77,77083,A4.W,48.83336,2.59584,Crépuscule ou aube,Hors agglomération,Hors intersection,Normale,Deux véhicules - arrière,1,3,6,0,1,1,1,0,1,110,2,3,1,0,1,1,61.0,30.0,voiture,deux_roues,2,1,1,1,2
202200037516,2022-04-04 13:40:00,2022,4,4,13,40,25,25520,D464,47.276842,6.359657,Plein jour,Hors agglomération,Intersection en Y,Normale,Autre collision,3,2,2,0,2,3,1,0,3,80,1,1,0,0,1,0,45.0,,voiture,,1,1,4,1,6
202200037517,2022-11-02 17:50:00,2022,11,2,17,50,94,94018,A4,48.8180452094,2.4118106839,Nuit sans éclairage public,Hors agglomération,Hors intersection,Normale,Deux véhicules - côté,1,3,4,0,1,1,1,0,1,90,2,2,1,0,0,1,32.0,53.0,deux_roues,voiture,3,1,1,1,3
202200037518,2022-04-07 15:25:00,2022,4,7,15,25,67,67313,1 Rue Chassepot,48.539167,7.451112,Plein jour,En agglomération,Intersection en X,Vent fort / tempête,Autre collision,3,2,1,0,1,2,2,0,1,30,1,2,1,0,1,0,78.0,,voiture,,1,2,2,6,6
202200037519,2022-11-02 07:45:00,2022,11,2,7,45,94,94046,A86 EXT,48.8085628803,2.4490578633,Crépuscule ou aube,Hors agglomération,Hors intersection,Normale,Deux véhicules - côté,1,3,8,0,1,1,1,0,1,90,2,2,1,0,0,1,61.0,40.0,deux_roues,utilitaire_camion,2,1,1,1,3
202200037520,2022-11-02 02:10:00,2022,11,2,2,10,75,75112,A4,48.8238378406,2.4631047249,Nuit sans éclairage public,Hors agglomération,Hors intersection,Normale,Autre collision,1,3,4,0,1,3,2,0,1,90,1,1,0,0,0,1,39.0,,voiture,,3,1,1,1,6
202200037521,2022-04-08 17:40:00,2022,4,8,17,40,42,42121,Route de Baracuchet,45.596162,3.948008,Plein jour,Hors agglomération,Hors intersection,Normale,Deux véhicules - arrière,3,2,1,0,2,1,1,0,3,50,2,2,1,0,0,1,43.0,23.0,voiture,voiture,1,1,1,1,2
202200037522,2022-11-01 00:01:00,2022,11,1,0,1,94,94044,RN406.W,48.7577735064,2.4788305343,Nuit sans éclairage public,Hors agglomération,Hors intersection,Normale,Deux véhicules - côté,2,-1,2,0,1,3,2,0,1,90,2,2,1,0,0,1,30.0,24.0,deux_roues,voiture,3,1,1,1,3
202200037523,2022-04-07 19:10:00,2022,4,7,19,10,69,69206,Route de Montmerle,46.072144,4.74059,Plein jour,Hors agglomération,Hors intersection,Normale,Sans collision,3,2,2,0,1,1,2,0,3,-1,1,1,0,0,0,1,55.0,,voiture,,1,1,1,1,7
202200037524,2022-10-31 22:45:00,2022,10,31,22,45,94,94017,A4,48.8264762717,2.5200291693,Nuit sans éclairage public,Hors agglomération,Hors intersection,Normale,Sans collision,1,-1,3,0,1,1,2,0,1,90,1,3,0,0,0,3,27.0,,voiture,,3,1,1,1,7
202200037525,2022-04-07 12:52:00,2022,4,7,12,52,69,69019,20 Rue du 14 Juillet,46.104923,4.73758,Plein jour,En agglomération,Intersection en T,Temps couvert,Deux véhicules - côté,3,2,2,0,1,1,2,0,5,-1,2,2,1,0,1,0,14.0,39.0,deux_roues,voiture,1,2,3,8,3
202200037526,2022-11-02 17:55:00,2022,11,2,17,55,75,75114,PORTE DE CHATILLON,48.822561,2.314169,Nuit avec éclairage allumé,En agglomération,Hors intersection,Normale,Trois véhicules et plus - collisions multiples,4,1,3,0,1,1,1,0,1,70,3,3,2,0,0,1,36.0,37.0,voiture,deux_roues,5,2,1,1,5
202200037527,2022-11-01 05:30:00,2022,11,1,5,30,75,75112,ECHANGEUR BERCY,48.827765,2.393486,Nuit avec éclairage allumé,En agglomération,Hors intersection,Normale,Sans collision,4,-1,2,0,1,1,1,0,1,70,1,1,0,0,0,1,23.0,,deux_roues,,5,2,1,1,7
202200037528,2022-04-07 19:45:00,2022,4,7,19,45,69,69009,831 Route de Villefranche,45.944392,4.714764,Plein jour,En agglomération,Hors intersection,Normale,Deux véhicules - côté,3,2,2,0,1,1,2,0,1,50,2,2,1,0,0,1,25.0,21.0,voiture,deux_roues,1,2,1,1,3
202200037529,2022-11-02 09:05:00,2022,11,2,9,5,75,75105,QUAI SAINT BERNARD,48.846847,2.360971,Plein jour,En agglomération,Intersection en T,Normale,Deux véhicules - frontale,4,2,4,1,2,1,1,0,5,30,2,2,0,0,1,1,19.0,33.0,deux_roues,deux_roues,1,2,3,1,1
202200037530,2022-04-08 13:20:00,2022,4,8,13,20,81,81142,D622,43.5245547703,2.0898290704,Plein jour,Hors agglomération,Intersection en T,Normale,Deux véhicules - côté,3,2,2,0,1,1,1,0,1,90,2,2,1,0,0,1,51.0,35.0,utilitaire_camion,utilitaire_camion,1,1,3,1,3
202200037531,2022-11-02 13:50:00,2022,11,2,13,50,75,75119,AVENUE DE FLANDRE,48.891574,2.378161,Plein jour,En agglomération,Hors intersection,Normale,Trois véhicules et plus - en chaîne,4,1,2,0,1,1,1,0,1,30,3,3,2,0,0,1,51.0,58.0,utilitaire_camion,utilitaire_camion,1,2,1,1,4
202200037532,2022-04-07 08:10:00,2022,4,7,8,10,35,35152,9 Rue de la Tannerie,48.209328,-1.512621,Plein jour,En agglomération,Hors intersection,Pluie légère,Deux véhicules - côté,4,2,2,0,1,3,2,0,8,30,2,2,1,0,0,1,11.0,39.0,deux_roues,voiture,1,2,1,2,3
202200037533,2022-11-02 09:10:00,2022,11,2,9,10,75,75118,BOULEVARD DE LA CHAPELLE,48.884102,2.352966,Plein jour,En agglomération,Hors intersection,Normale,Deux véhicules - côté,4,1,4,1,1,1,1,0,5,30,2,2,1,0,0,1,33.0,35.0,deux_roues,voiture,1,2,1,1,3
202200037534,2022-04-07 07:20:00,2022,4,7,7,20,35,35031,,48.1796200423,-1.4376157522,Crépuscule ou aube,En agglomération,Intersection en T,Pluie légère,Deux véhicules - côté,3,2,2,0,1,1,2,0,1,50,2,2,1,0,0,1,40.0,57.0,deux_roues,voiture,2,2,3,2,3
202200037535,2022-11-02 09:15:00,2022,11,2,9,15,75,75115,RUE DE VAUGIRARD,48.83815,2.298155,Plein jour,En agglomération,Hors intersection,Normale,Deux véhicules - côté,4,2,4,3,1,1,1,0,6,30,2,2,1,0,0,1,,26.0,transport_commun,deux_roues,1,2,1,1,3
202200037536,2022-11-02 10:30:00,2022,11,2,10,30,75,75112,RUE CHALIGNY,48.847009,2.383775,Plein jour,En agglomération,Intersection en X,Normale,Deux véhicules - côté,4,2,2,0,1,1,1,0,1,30,2,2,1,0,0,1,63.0,96.0,voiture,deux_roues,1,2,2,1,3
202200037537,2022-04-08 10:30:00,2022,4,8,10,30,62,62320,D939,50.312727,2.690456,Plein jour,Hors agglomération,Intersection en T,Pluie forte,Deux véhicules - côté,3,2,2,0,2,1,2,5,1,50,2,2,0,0,0,2,74.0,28.0,voiture,voiture,1,1,3,3,3
202200037538,2022-11-02 10:10:00,2022,11,2,10,10,75,75107,RUE DU BAC,48.858228,2.328341,Plein jour,En agglomération,Intersection en X,Normale,Deux véhicules - côté,4,1,2,0,1,1,1,0,1,30,2,2,1,0,0,1,49.0,53.0,deux_roues,utilitaire_camion,1,2,2,1,3
202200037539,2022-04-07 10:30:00,2022,4,7,10,30,13,13106,A7-Sens Marseille vers Lyon,43.38923,5.3512,Plein jour,Hors agglomération,Hors intersection,Normale,Deux véhicules - côté,1,1,3,0,2,1,1,0,1,90,2,2,1,0,0,1,28.0,47.0,voiture,deux_roues,1,1,1,1,3
202200037540,2022-11-02 09:54:00,2022,11,2,9,54,75,75107,PLACE VAUBAN,48.853819,2.312184,Plein jour,En agglomération,Hors intersection,Normale,Sans collision,4,-1,1,3,1,1,1,9,4,30,2,2,1,0,0,1,46.0,35.0,deux_roues,deux_roues,1,2,1,1,7
202200037541,2022-04-07 08:30:00,2022,4,7,8,30,13,13081,A7-Sens Lyon vers Marseille,43.48024,5.24004,Plein jour,Hors agglomération,Hors intersection,Normale,Deux véhicules - arrière,1,1,2,0,1,1,1,0,1,90,2,3,2,0,0,1,39.0,38.0,voiture,voiture,1,1,1,1,2
202200037542,2022-11-01 15:20:00,2022,11,1,15,20,94,94081,ROUGET DE L ISLE (AV),48.77817,2.36649,Plein jour,En agglomération,Intersection en X,Normale,Deux véhicules - côté,3,1,2,0,1,1,1,0,1,50,2,3,2,0,0,1,44.0,39.0,voiture,voiture,1,2,2,1,3
202200037543,2022-04-06 06:10:00,2022,4,6,6,10,13,13106,A7-Sens Marseille vers Lyon,43.39088,5.35101,Crépuscule ou aube,Hors agglomération,Hors intersection,Normale,Trois véhicules et plus - collisions multiples,1,1,3,0,2,1,1,3,1,90,3,4,0,0,0,4,46.0,30.0,utilitaire_camion,voiture,2,1,1,1,5
202200037544,2022-10-31 15:50:00,2022,10,31,15,50,94,94068,GUYNEMER (AV),48.78752,2.4844,Plein jour,En agglomération,Hors intersection,Normale,Autre collision,4,2,2,0,1,1,1,0,4,30,1,1,0,0,0,1,75.0,,voiture,,1,2,1,1,6
202200037545,2022-04-07 14:30:00,2022,4,7,14,30,69,69271,Rocade Est ,45.7502680911,4.9866744876,Plein jour,Hors agglomération,Hors intersection,Pluie légère,Deux véhicules - côté,2,3,4,0,2,1,2,0,1,90,2,2,1,0,0,1,41.0,48.0,voiture,utilitaire_camion,1,1,1,2,3
202200037546,2022-11-02 17:20:00,2022,11,2,17,20,94,94073,Rue du Bas Marin / Rue du Kefir,48.7522,2.387684,Plein jour,En agglomération,Intersection en T,Normale,Deux véhicules - arrière,3,2,2,0,1,1,1,0,1,50,2,2,1,0,0,1,52.0,23.0,utilitaire_camion,deux_roues,1,2,3,1,2
202200037547,2022-11-02 19:15:00,2022,11,2,19,15,77,77291,Aeroport Charles de Gaulle,49.00511,2.59365,Nuit avec éclairage allumé,En agglomération,Hors intersection,Normale,Autre collision,9,-1,1,0,1,2,1,0,1,50,1,1,0,0,0,1,26.0,,deux_roues,,5,2,1,1,6
202200037548,2022-04-07 09:50:00,2022,4,7,9,50,69,69027,Autoroute 450,45.66746,4.763,Plein jour,Hors agglomération,Hors intersection,Normale,Deux véhicules - frontale,1,2,2,0,1,2,1,0,1,80,2,2,0,1,0,1,34.0,38.0,utilitaire_camion,deux_roues,1,1,1,1,1
202200037549,2022-11-01 23:37:00,2022,11,1,23,37,93,93062,Avenue Thiers,48.8962550778,2.5254837871,Nuit avec éclairage allumé,En agglomération,Hors intersection,Normale,Deux véhicules - frontale,3,2,2,0,2,1,1,9,1,50,2,2,1,0,0,1,26.0,19.0,voiture,deux_roues,5,2,1,1,1
202200037550,2022-04-07 15:40:00,2022,4,7,15,40,33,33318,ROCADE A 630,44.78885,-0.64426,Plein jour,Hors agglomération,Hors intersection,Normale,Autre collision,1,1,1,0,4,2,2,3,1,50,1,2,1,0,0,1,50.0,,voiture,,1,1,1,1,6
202200037551,2022-11-02 12:15:00,2022,11,2,12,15,93,93055,Avenue du Général Leclerc,48.89678,2.40297,Plein jour,En agglomération,Hors intersection,Normale,Autre collision,3,3,2,0,1,1,1,0,1,50,1,2,1,0,0,1,37.0,,voiture,,1,2,1,1,6
202200037552,2022-04-06 20:55:00,2022,4,6,20,55,33,33075,ROCADE A 630,44.8895,-0.6034,Nuit sans éclairage public,Hors agglomération,Hors intersection,Pluie légère,Deux véhicules - arrière,1,3,6,0,1,1,2,0,1,70,2,2,1,0,0,1,41.0,29.0,deux_roues,voiture,3,1,1,2,2
202200037553,2022-07-13 21:00:00,2022,7,13,21,0,93,93055,DIVISION LECLERC (AVE DE LA),48.9110257868,2.4131919259,Nuit avec éclairage allumé,En agglomération,Hors intersection,Normale,Autre collision,3,2,2,-1,1,1,1,0,1,50,1,2,1,1,0,0,,,voiture,,5,2,1,1,6
202200037554,2022-04-06 13:00:00,2022,4,6,13,0,59,59507,Autoroute A1,50.60883,3.09403,Plein jour,Hors agglomération,Hors intersection,Normale,Deux véhicules - côté,1,-1,10,0,1,1,1,0,1,90,2,2,1,0,1,0,24.0,53.0,utilitaire_camion,voiture,1,1,1,1,3
202200037555,2022-11-02 21:20:00,2022,11,2,21,20,93,93006,Avenue Pasteur,48.876032992,2.4179328382,Nuit avec éclairage allumé,En agglomération,Hors intersection,Normale,Deux véhicules - frontale,3,2,2,0,1,1,1,0,1,50,2,2,0,0,1,1,52.0,32.0,deux_roues,deux_roues,5,2,1,1,1
202200037556,2022-11-02 22:07:00,2022,11,2,22,7,93,93031,Avenue de la République,48.949459,2.331289,Nuit avec éclairage allumé,En agglomération,Hors intersection,Normale,Autre collision,3,3,4,0,1,1,1,0,1,50,1,2,1,0,1,0,23.0,,voiture,,5,2,1,1,6
202200037557,2022-04-07 17:57:00,2022,4,7,17,57,91,91161,AUTOROUTE A6,48.70631,2.30593,Plein jour,Hors agglomération,Hors intersection,Normale,Deux véhicules - côté,1,1,3,0,1,2,1,0,1,110,2,2,1,0,0,1,25.0,50.0,voiture,deux_roues,1,1,1,1,3
202200037558,2022-11-02 15:10:00,2022,11,2,15,10,93,93031,Rue de Paris,48.954979,2.307411,Plein jour,En agglomération,Passage à niveau,Normale,Autre collision,3,3,4,0,1,1,1,0,1,50,1,2,1,0,0,1,80.0,,voiture,,1,2,8,1,6
202200037559,2022-11-02 18:45:00,2022,11,2,18,45,93,93029,Avenue Henri Barbusse / Avenue Jean Jaurès,48.9198367209,2.4513807893,Nuit avec éclairage allumé,En agglomération,Intersection en X,Normale,Deux véhicules - côté,3,2,2,0,1,1,1,0,1,50,2,2,1,0,0,1,23.0,15.0,voiture,deux_roues,5,2,2,1,3
202200037560,2022-04-06 15:30:00,2022,4,6,15,30,94,94003,AUTOROUTE A6B,48.8066524632,2.3412548567,Plein jour,Hors agglomération,Hors intersection,Normale,Deux véhicules - arrière,1,3,4,0,1,1,1,1,1,70,2,3,1,0,0,2,66.0,27.0,utilitaire_camion,utilitaire_camion,1,1,1,1,2
202200037561,2022-11-02 12:10:00,2022,11,2,12,10,93,93013,Avenue de la Division Leclerc / Rue Camille Dramart,48.93527,2.42631,Plein jour,En agglomération,Intersection en T,Normale,Autre collision,3,2,2,0,1,3,1,8,1,30,1,2,1,0,0,1,37.0,,utilitaire_camion,,1,2,3,1,6
202200037562,2022-11-01 19:50:00,2022,11,1,19,50,93,93027,Avenue Paul Vaillant Couturier,48.928,2.41846,Nuit avec éclairage allumé,En agglomération,Hors intersection,Normale,Deux véhicules - côté,3,3,4,0,1,1,1,0,1,50,2,3,0,0,0,3,32.0,21.0,voiture,voiture,5,2,1,1,3
202200037563,2022-11-02 06:25:00,2022,11,2,6,25,93,93005,Rue Paul Cézanne,48.95274,2.492935,Nuit sans éclairage public,En agglomération,Hors intersection,Normale,Autre collision,3,1,2,0,1,1,1,0,1,50,1,2,1,0,1,0,24.0,,utilitaire_camion,,3,2,1,1,6
202200037564,2022-11-02 16:00:00,2022,11,2,16,0,41,41194,rond point de la halle,47.360993,1.742918,Plein jour,En agglomération,Giratoire,Normale,Deux véhicules - côté,4,1,2,0,1,3,1,0,1,50,2,2,1,0,0,1,23.0,31.0,deux_roues,voiture,1,2,6,1,3
202200037565,2022-04-06 09:56:00,2022,4,6,9,56,92,92047,A13,48.8335133603,2.1626128206,Plein jour,Hors agglomération,Hors intersection,Normale,Deux véhicules - arrière,1,-1,3,0,1,1,1,0,1,110,2,2,1,0,0,1,34.0,56.0,deux_roues,voiture,1,1,1,1,2
202200037566,2022-10-20 23:00:00,2022,10,20,23,0,33,33332,lieu dit larret,45.034313,-0.006888,Nuit sans éclairage public,Hors agglomération,Hors intersection,Normale,Sans collision,3,2,2,0,1,1,1,0,3,80,1,1,0,1,0,0,73.0,,utilitaire_camion,,3,1,1,1,7
202200037567,2022-11-02 16:47:00,2022,11,2,16,47,40,40296,Avenue Charles de Gaulle,43.690015,-1.371089,Plein jour,En agglomération,Intersection en T,Normale,Deux véhicules - côté,3,2,2,0,1,1,1,0,1,50,2,2,1,0,0,1,19.0,29.0,deux_roues,deux_roues,1,2,3,1,3
202200037568,2022-10-30 16:25:00,2022,10,30,16,25,33,33066,D1113,44.573904,-0.00913,Plein jour,Hors agglomération,Hors intersection,Normale,Deux véhicules - frontale,3,2,2,0,1,2,1,0,1,50,2,5,2,0,2,1,76.0,36.0,voiture,voiture,1,1,1,1,1
202200037569,2022-11-01 16:40:00,2022,11,1,16,40,84,84021,D40,44.191117,5.332725,Plein jour,Hors agglomération,Hors intersection,Normale,Sans collision,3,2,2,0,2,3,1,0,8,80,1,1,0,0,1,0,24.0,,deux_roues,,1,1,1,1,7
202200037570,2022-11-03 09:55:00,2022,11,3,9,55,48,48032,"A75, PK147+400",44.628665,3.244042,Plein jour,Hors agglomération,Hors intersection,Normale,Autre collision,1,3,4,0,2,3,1,0,2,130,1,2,0,0,2,0,30.0,,voiture,,1,1,1,1,6
202200037571,2022-11-03 12:10:00,2022,11,3,12,10,34,34270,2200 Route de Sete,43.564052,3.850257,Plein jour,Hors agglomération,Hors intersection,Temps couvert,Deux véhicules - frontale,7,2,2,0,1,1,2,0,1,70,2,2,0,0,2,0,30.0,36.0,utilitaire_camion,voiture,1,1,1,8,1
202200037572,2022-10-26 16:59:00,2022,10,26,16,59,57,57526,Rue de la Chapelle,49.130777,7.320188,Plein jour,Hors agglomération,Hors intersection,Normale,Sans collision,4,-1,1,0,2,1,1,0,3,50,1,2,0,0,2,0,35.0,,deux_roues,,1,1,1,1,7
202200037573,2022-11-02 12:45:00,2022,11,2,12,45,59,59601,D83,50.025222,4.097514,Plein jour,Hors agglomération,Hors intersection,Normale,Deux véhicules - frontale,3,2,2,0,1,3,1,0,1,80,2,2,0,0,1,1,33.0,22.0,voiture,voiture,1,1,1,1,1
202200037574,2022-10-30 15:58:00,2022,10,30,15,58,19,19262,Chassagne,45.56839,1.739295,Plein jour,Hors agglomération,Hors intersection,Normale,Sans collision,3,2,2,0,2,2,1,0,8,90,1,1,0,0,1,0,71.0,,voiture,,1,1,1,1,7
202200037575,2022-11-02 20:50:00,2022,11,2,20,50,76,76242,Route de Paris,49.458229,1.724306,Nuit sans éclairage public,Hors agglomération,Hors intersection,Pluie légère,Deux véhicules - arrière,3,2,2,0,1,1,2,0,1,80,2,2,1,0,1,0,76.0,47.0,deux_roues,voiture,3,1,1,2,2
202200037576,2022-11-03 15:25:00,2022,11,3,15,25,79,79135,,46.731585,-0.207877,Plein jour,Hors agglomération,Hors intersection,Pluie légère,Deux véhicules - frontale,3,2,2,0,1,2,2,0,1,80,2,3,2,1,0,0,39.0,20.0,voiture,utilitaire_camion,1,1,1,2,1
202200037577,2022-11-02 19:15:00,2022,11,2,19,15,65,65048,Rue du Montaigu,43.305006414,0.0957548618,Nuit sans éclairage public,Hors agglomération,Hors intersection,Normale,Deux véhicules - frontale,3,2,2,0,1,1,1,0,1,80,2,2,1,0,0,1,35.0,50.0,voiture,voiture,3,1,1,1,1
202200037578,2022-11-03 18:30:00,2022,11,3,18,30,61,61211,Lieu Dit la Tournerie,48.554438,-0.497287,Nuit sans éclairage public,Hors agglomération,Hors intersection,Normale,Autre collision,3,2,2,0,2,1,1,0,1,70,1,1,0,0,1,0,84.0,,voiture,,3,1,1,1,6
202200037579,2022-11-02 18:00:00,2022,11,2,18,0,61,61181,D438,48.801415,0.309141,Nuit sans éclairage public,Hors agglomération,Intersection en Y,Normale,Deux véhicules - côté,3,2,2,0,2,2,1,0,1,90,2,2,0,0,1,1,47.0,85.0,voiture,voiture,3,1,4,1,3
202200037580,2022-11-02 18:25:00,2022,11,2,18,25,47,47325,Saint Blancard,44.368429,0.29183,Nuit sans éclairage public,Hors agglomération,Hors intersection,Normale,Sans collision,4,2,2,0,1,1,1,0,3,80,1,1,0,0,1,0,62.0,,deux_roues,,3,1,1,1,7
202200037581,2022-11-02 06:30:00,2022,11,2,6,30,68,68082,D20,47.865487,7.345777,Crépuscule ou aube,Hors agglomération,Hors intersection,Normale,Sans collision,3,2,2,0,1,2,1,0,3,80,1,1,0,0,1,0,30.0,,voiture,,2,1,1,1,7
202200037582,2022-11-03 17:50:00,2022,11,3,17,50,22,22258,,48.434493,-2.63534,Crépuscule ou aube,Hors agglomération,Hors intersection,Temps couvert,Deux véhicules - frontale,3,2,2,0,1,1,2,0,1,80,2,2,0,1,1,0,28.0,61.0,voiture,utilitaire_camion,2,1,1,8,1
202200037583,2022-10-18 14:50:00,2022,10,18,14,50,25,25424,Chemin du Petit Paris,47.074755,6.34999,Plein jour,Hors agglomération,Hors intersection,Normale,Deux véhicules - frontale,2,2,2,0,1,1,1,0,1,80,2,2,1,0,1,0,83.0,42.0,voiture,voiture,1,1,1,1,1
202200037584,2022-11-02 06:30:00,2022,11,2,6,30,29,29035,D26,48.493971,-4.534602,Nuit sans éclairage public,Hors agglomération,Hors intersection,Normale,Deux véhicules - côté,3,2,2,0,1,2,1,0,1,80,2,4,1,0,0,3,61.0,24.0,voiture,voiture,3,1,1,1,3
202200037585,2022-11-03 16:35:00,2022,11,3,16,35,02,02820,,49.634375,3.228849,Plein jour,Hors agglomération,Hors intersection,Pluie légère,Deux véhicules - frontale,3,2,2,0,1,1,2,0,1,80,2,4,0,0,0,4,29.0,20.0,voiture,voiture,1,1,1,2,1
202200037586,2022-11-02 11:37:00,2022,11,2,11,37,03,03016,D36,46.217291,3.246632,Plein jour,Hors agglomération,Intersection en T,Normale,Deux véhicules - frontale,3,2,2,0,1,1,1,0,1,90,2,5,3,0,1,1,22.0,79.0,voiture,voiture,1,1,3,1,1
202200037587,2022-11-02 14:45:00,2022,11,2,14,45,58,58196,1 rue chez moyau,47.096652,3.336673,Plein jour,Hors agglomération,Hors intersection,Normale,Sans collision,3,2,2,0,2,1,1,0,3,80,2,2,0,0,1,1,75.0,75.0,deux_roues,deux_roues,1,1,1,1,7
202200037588,2022-11-03 08:45:00,2022,11,3,8,45,50,50391,46 Route de Brécey (Martigny),48.627037,-1.120573,Plein jour,Hors agglomération,Hors intersection,Normale,Deux véhicules - arrière,3,2,2,0,1,1,1,0,1,80,2,4,3,0,0,1,42.0,53.0,voiture,voiture,1,1,1,1,2
202200037589,2022-11-03 13:45:00,2022,11,3,13,45,50,50290,D106,48.652467,-1.228672,Plein jour,Hors agglomération,Hors intersection,Pluie légère,Sans collision,3,2,2,0,2,2,2,0,1,80,1,1,0,0,1,0,45.0,,deux_roues,,1,1,1,2,7
202200037590,2022-11-02 21:55:00,2022,11,2,21,55,10,10239,RD 960,48.339906,4.180405,Nuit sans éclairage public,Hors agglomération,Hors intersection,Normale,Deux véhicules - arrière,3,2,2,0,1,1,1,0,1,90,2,2,0,2,0,0,53.0,28.0,voiture,deux_roues,3,1,1,1,2
202200037591,2022-11-02 10:30:00,2022,11,2,10,30,07,07181,Avenue du Soleil,44.744528,4.744799,Plein jour,En agglomération,Intersection en T,Normale,Deux véhicules - frontale,3,2,2,0,1,1,1,0,1,50,4,7,5,0,0,2,83.0,77.0,voiture,autre,1,2,3,1,1
202200037592,2022-11-03 15:10:00,2022,11,3,15,10,24,24268,Le Calpre,44.901656,1.068095,Plein jour,Hors agglomération,Hors intersection,Normale,Deux véhicules - frontale,9,2,2,0,1,3,1,0,1,80,2,2,1,0,1,0,15.0,66.0,deux_roues,voiture,1,1,1,1,1
202200037593,2022-11-02 14:40:00,2022,11,2,14,40,04,04049,Avenue Jean Moulin,44.0811,6.001496,Plein jour,En agglomération,Hors intersection,Normale,Deux véhicules - côté,3,2,3,0,1,1,1,0,1,50,2,8,3,0,0,5,37.0,27.0,voiture,voiture,1,2,1,1,3
202200037594,2022-11-02 16:15:00,2022,11,2,16,15,17,17140,Route Départementale N°734,45.91309,-1.269087,Plein jour,En agglomération,Intersection en T,Normale,Deux véhicules - frontale,3,2,2,0,1,1,1,0,1,50,2,2,1,0,1,0,15.0,49.0,deux_roues,voiture,1,2,3,1,1