accident_id,datetime,annee,mois,jour,heure,minute,departement,commune_insee,adresse,latitude,longitude,luminosite,agglomeration,intersection,meteo,collision,catr,circ,nbv,vosp,prof,plan,surf,infra,situ,vma,nb_vehicules,nb_usagers,nb_indemnes,nb_tues,nb_blesses_hosp,nb_blesses_legers,age_cond_1,age_cond_2,veh_type_cond_1,veh_type_cond_2,lum_code,agg_code,int_code,atm_code,col_code
202200037686,2022-05-16 09:00:00,2022,5,16,9,0,94,94022,Avenue d'Alfortville,48.770508,2.413539,Plein jour,En agglomération,Hors intersection,Normale,Trois véhicules et plus - en chaîne,3,2,2,0,1,1,1,0,1,50,3,3,2,0,0,1,42.0,38.0,utilitaire_camion,voiture,1,2,1,1,4
202200037687,2022-05-13 19:43:00,2022,5,13,19,43,94,94004,Rue de Paris / Rue de la Fontaine,48.7511845013,2.5101099012,Plein jour,En agglomération,Intersection en T,Normale,Sans collision,4,2,2,0,1,1,1,0,1,50,1,1,0,0,0,1,32.0,,deux_roues,,1,2,3,1,7
202200037688,2022-05-16 09:20:00,2022,5,16,9,20,93,93050,Rue du Docteur Schapira,48.85548,2.5267,Plein jour,En agglomération,Hors intersection,Normale,Deux véhicules - côté,4,1,1,0,1,1,1,0,1,50,2,2,1,0,0,1,51.0,27.0,voiture,deux_roues,1,2,1,1,3
202200037689,2022-05-16 00:00:00,2022,5,16,0,0,93,93050,Avenue Robert Schumann,48.87353,2.53202,Nuit avec éclairage allumé,En agglomération,Hors intersection,Pluie légère,Deux véhicules - côté,4,2,2,0,1,1,2,0,1,50,2,2,0,0,0,2,41.0,45.0,voiture,voiture,5,2,1,2,3
202200037690,2022-05-15 23:30:00,2022,5,15,23,30,93,93048,165 Boulevard Théophile Sueur,48.86183,2.46617,Nuit avec éclairage allumé,En agglomération,Hors intersection,Pluie forte,Sans collision,3,2,2,0,1,1,2,0,1,50,1,1,0,0,0,1,36.0,,deux_roues,,5,2,1,3,7
202200037691,2022-05-16 07:45:00,2022,5,16,7,45,93,93010,Chemin du Pont,48.9079594633,2.4895378947,Plein jour,En agglomération,Hors intersection,Normale,Deux véhicules - côté,4,2,2,0,1,1,1,0,1,50,2,2,1,0,0,1,19.0,49.0,voiture,voiture,1,2,1,1,3
202200037692,2022-05-16 07:00:00,2022,5,16,7,0,93,93005,Rue Jules Princet,48.9374558724,2.4992381036,Plein jour,En agglomération,Autre intersection,Normale,Deux véhicules - côté,3,4,3,0,1,2,1,0,1,50,2,2,1,0,0,1,35.0,37.0,transport_commun,deux_roues,1,2,9,1,3
202200037693,2022-05-13 09:10:00,2022,5,13,9,10,92,92046,FABIEN (BOULEVARD DU COLONEL),48.812533,2.279983,Plein jour,En agglomération,Autre intersection,Normale,Deux véhicules - arrière,3,-1,2,0,1,1,1,0,8,50,2,2,1,0,0,1,35.0,53.0,deux_roues,voiture,1,2,9,1,2
202200037694,2022-05-16 18:30:00,2022,5,16,18,30,92,92012,JEAN JAURES (BOULEVARD) 63/215 - 70/208,48.8347670727,2.242868945,Plein jour,En agglomération,Intersection en T,Normale,Autre collision,4,2,2,0,1,1,1,0,1,50,1,2,0,0,0,2,31.0,,deux_roues,,1,2,3,1,6
202200037695,2022-05-17 08:15:00,2022,5,17,8,15,74,74002,A41,45.822923,6.023705,Plein jour,Hors agglomération,Hors intersection,Normale,Deux véhicules - arrière,1,1,2,0,1,1,1,0,1,110,2,2,1,0,1,0,42.0,39.0,utilitaire_camion,voiture,1,1,1,1,2
202200037696,2022-05-17 09:40:00,2022,5,17,9,40,07,07295,,44.8200611,4.573649,Plein jour,En agglomération,Hors intersection,Normale,Autre collision,3,2,1,0,1,2,1,0,1,50,1,2,1,0,0,1,51.0,,utilitaire_camion,,1,2,1,1,6
202200037697,2022-05-15 13:30:00,2022,5,15,13,30,84,84096,D975,44.229357,4.994928,Plein jour,Hors agglomération,Hors intersection,Normale,Sans collision,3,2,2,0,1,2,1,0,1,80,1,1,0,0,1,0,47.0,,deux_roues,,1,1,1,1,7
202200037698,2022-05-17 18:05:00,2022,5,17,18,5,28,28161,AUTOROUTE A11 - PK 096+900,48.244997,1.109619,Plein jour,Hors agglomération,Hors intersection,Normale,Deux véhicules - arrière,1,3,3,0,1,3,1,0,1,130,2,2,1,0,1,0,55.0,42.0,voiture,voiture,1,1,1,1,2
202200037699,2022-05-15 09:00:00,2022,5,15,9,0,974,97422,Rue des Poinsetias,-21.245849,55.524532,Plein jour,En agglomération,Hors intersection,Normale,Deux véhicules - côté,2,-1,1,0,2,1,1,0,1,50,2,2,1,0,1,0,78.0,19.0,voiture,deux_roues,1,2,1,1,3
202200037700,2022-05-16 17:30:00,2022,5,16,17,30,974,97401,Chemin Piton Rouge,-21.238152,55.342952,Crépuscule ou aube,Hors agglomération,Hors intersection,Normale,Deux véhicules - frontale,4,2,2,0,2,2,1,0,1,80,2,2,1,0,1,0,14.0,64.0,deux_roues,voiture,2,1,1,1,1
202200037701,2022-05-16 05:47:00,2022,5,16,5,47,86,86165,Rue du Chemin des Dames,46.422973,0.866771,Crépuscule ou aube,En agglomération,Place,Normale,Autre collision,4,2,2,0,1,3,1,0,4,50,1,1,0,0,1,0,55.0,,voiture,,2,2,7,1,6
202200037702,2022-05-16 20:56:00,2022,5,16,20,56,21,21247,A6,47.4817,4.1788,Plein jour,Hors agglomération,Hors intersection,Normale,Deux véhicules - arrière,1,3,4,0,1,1,1,0,1,130,2,2,1,0,1,0,25.0,42.0,deux_roues,utilitaire_camion,1,1,1,1,2
202200037703,2022-05-16 18:15:00,2022,5,16,18,15,47,47233,D813,44.537433,0.089757,Plein jour,Hors agglomération,Hors intersection,Normale,Sans collision,3,2,2,0,1,2,1,0,3,50,1,1,0,0,1,0,77.0,,voiture,,1,1,1,1,7
202200037704,2022-05-16 18:05:00,2022,5,16,18,5,62,62630,D75,50.291997,2.540714,Plein jour,Hors agglomération,Intersection en X,Normale,Deux véhicules - côté,3,2,2,0,1,1,1,0,1,80,2,3,0,0,1,2,32.0,25.0,voiture,voiture,1,1,2,1,3
202200037705,2022-05-14 15:45:00,2022,5,14,15,45,57,57498,Rue Emile Zola,49.317772,6.021087,Plein jour,En agglomération,Intersection en T,Normale,Sans collision,4,2,2,0,4,1,1,5,1,50,1,1,0,0,1,0,71.0,,deux_roues,,1,2,3,1,7
202200037706,2022-05-16 06:45:00,2022,5,16,6,45,57,57241,D95 pk=1.500,48.7613848956,6.8743179739,Crépuscule ou aube,Hors agglomération,Hors intersection,Normale,Deux véhicules - frontale,3,2,2,0,2,2,1,0,1,80,2,3,1,0,1,1,51.0,37.0,voiture,voiture,2,1,1,1,1
202200037707,2022-05-17 12:15:00,2022,5,17,12,15,2A,2A092,Figa,41.7292077513,9.4015688147,Plein jour,Hors agglomération,Hors intersection,Normale,Deux véhicules - côté,2,2,2,0,1,1,1,0,1,70,2,3,2,0,0,1,41.0,,deux_roues,utilitaire_camion,1,1,1,1,3
202200037708,2022-05-16 08:50:00,2022,5,16,8,50,2A,2A271,chemin d'ajaccio Caldanaccia D72,41.953012,8.802495,Plein jour,En agglomération,Hors intersection,Normale,Deux véhicules - côté,3,2,3,3,1,1,1,0,1,50,2,2,0,0,1,1,25.0,23.0,utilitaire_camion,deux_roues,1,2,1,1,3
202200037709,2022-05-16 20:45:00,2022,5,16,20,45,82,82115,Route des Stades,43.972476,1.578528,Plein jour,Hors agglomération,Hors intersection,Normale,Deux véhicules - frontale,4,2,2,0,1,2,1,0,1,80,2,2,1,0,1,0,16.0,79.0,deux_roues,voiture,1,1,1,1,1
202200037710,2022-05-17 10:45:00,2022,5,17,10,45,89,89134,D606,47.475158,4.016898,Plein jour,Hors agglomération,Hors intersection,Normale,Autre collision,3,2,2,0,1,1,1,0,1,80,1,2,0,0,0,2,32.0,,voiture,,1,1,1,1,6
202200037711,2022-05-17 07:30:00,2022,5,17,7,30,63,63149,5 Route de Chappes,45.884392,3.26103,Crépuscule ou aube,Hors agglomération,Hors intersection,Normale,Deux véhicules - arrière,3,2,2,0,1,1,1,0,1,80,2,2,1,0,1,0,64.0,24.0,deux_roues,utilitaire_camion,2,1,1,1,2
202200037712,2022-05-16 09:15:00,2022,5,16,9,15,47,47306,Chantilly,44.385449,0.54702,Plein jour,Hors agglomération,Hors intersection,Normale,Autre collision,3,2,2,0,1,1,1,0,1,80,1,1,0,0,1,0,74.0,,voiture,,1,1,1,1,6
202200037713,2022-05-16 18:20:00,2022,5,16,18,20,34,34221,D32 - PR  16+250,43.7131532556,3.6111961722,Plein jour,Hors agglomération,Hors intersection,Normale,Sans collision,3,2,2,0,2,4,1,0,8,70,1,1,0,1,0,0,64.0,,deux_roues,,1,1,1,1,7
202200037714,2022-05-17 08:55:00,2022,5,17,8,55,84,84072,167 Avenue de l Europe,44.057658,5.128357,Plein jour,En agglomération,Hors intersection,Temps éblouissant,Deux véhicules - frontale,3,2,2,0,1,1,1,0,1,50,1,2,1,0,1,0,89.0,,voiture,,1,2,1,7,1
202200037715,2022-05-17 16:00:00,2022,5,17,16,0,01,01025,1193 Route de Pont de Vaux,46.324951,4.934902,Plein jour,Hors agglomération,Intersection en T,Normale,Deux véhicules - côté,3,2,1,0,1,1,1,0,1,70,2,2,1,1,0,0,75.0,78.0,deux_roues,voiture,1,1,3,1,3
202200037716,2022-05-17 15:00:00,2022,5,17,15,0,54,54548,rue Paquis de la Grande Fin,48.547478,5.790374,Plein jour,En agglomération,Hors intersection,Normale,Autre collision,3,2,2,0,1,2,1,0,3,50,1,2,0,0,1,1,77.0,,voiture,,1,2,1,1,6
202200037717,2022-05-16 10:10:00,2022,5,16,10,10,05,05046,RN 94,44.56031,6.506181,Plein jour,Hors agglomération,Hors intersection,Normale,Deux véhicules - frontale,2,2,2,0,1,1,1,0,1,80,2,3,0,0,0,3,32.0,60.0,utilitaire_camion,voiture,1,1,1,1,1
202200037718,2022-05-17 11:15:00,2022,5,17,11,15,60,60509,D200,49.324213,2.618963,Plein jour,Hors agglomération,Hors intersection,Normale,Deux véhicules - arrière,3,3,4,0,2,3,1,2,1,110,2,2,1,0,0,1,22.0,53.0,utilitaire_camion,utilitaire_camion,1,1,1,1,2
202200037719,2022-05-17 09:41:00,2022,5,17,9,41,53,53151,D227,47.941924,-1.022768,Plein jour,Hors agglomération,Intersection en X,Normale,Deux véhicules - côté,3,2,2,0,1,1,1,0,1,80,2,2,1,0,1,0,32.0,25.0,voiture,utilitaire_camion,1,1,2,1,3
202200037720,2022-05-16 19:55:00,2022,5,16,19,55,24,24026,Route de Born,45.156175,0.905728,Plein jour,Hors agglomération,Intersection en X,Temps éblouissant,Deux véhicules - côté,3,2,2,0,1,1,1,0,1,80,2,2,1,0,1,0,42.0,32.0,voiture,deux_roues,1,1,2,7,3
202200037721,2022-05-17 10:15:00,2022,5,17,10,15,85,85012,Route du Pont Angelier,46.882037,-2.101184,Plein jour,Hors agglomération,Hors intersection,Normale,Deux véhicules - frontale,4,2,1,0,1,3,1,0,1,50,2,2,1,0,1,0,28.0,65.0,deux_roues,voiture,1,1,1,1,1
202200037722,2022-05-16 18:25:00,2022,5,16,18,25,28,28124,D11.1,48.736316,1.177651,Plein jour,Hors agglomération,Intersection en Y,Normale,Deux véhicules - frontale,3,2,2,0,2,1,1,0,1,80,2,2,0,0,1,1,22.0,37.0,voiture,voiture,1,1,4,1,1
202200037723,2022-05-17 15:45:00,2022,5,17,15,45,30,30276,Rue Henri Mery,43.63375,4.196,Plein jour,En agglomération,Intersection en X,Normale,Deux véhicules - côté,4,1,1,0,1,1,1,0,1,50,2,4,3,0,1,0,20.0,17.0,voiture,deux_roues,1,2,2,1,3
202200037724,2022-05-16 16:30:00,2022,5,16,16,30,42,42295,A89,45.8525058968,3.7869542688,Plein jour,Hors agglomération,Hors intersection,Normale,Deux véhicules - arrière,1,3,4,0,2,1,1,0,1,110,2,2,1,0,0,1,46.0,72.0,voiture,voiture,1,1,1,1,2
202200037725,2022-05-17 07:45:00,2022,5,17,7,45,37,37003,Boulevard Saint-Denis-Hors,47.393127,1.008468,Plein jour,Hors agglomération,Hors intersection,Normale,Deux véhicules - frontale,3,2,2,0,2,3,1,0,1,90,2,3,1,0,0,2,56.0,45.0,voiture,utilitaire_camion,1,1,1,1,1
202200037726,2022-05-17 07:43:00,2022,5,17,7,43,42,42233,Route des Essarts,46.077704,3.926164,Plein jour,Hors agglomération,Hors intersection,Normale,Deux véhicules - frontale,3,2,2,0,1,4,1,0,1,80,2,2,1,0,1,0,54.0,18.0,utilitaire_camion,voiture,1,1,1,1,1
202200037727,2022-05-16 18:22:00,2022,5,16,18,22,69,69102,Route Nationale 7,45.8968232301,4.3654357028,Plein jour,Hors agglomération,Hors intersection,Normale,Deux véhicules - frontale,2,2,3,0,2,3,1,0,1,90,2,2,1,0,1,0,38.0,44.0,voiture,utilitaire_camion,1,1,1,1,1
202200037728,2022-04-26 06:00:00,2022,4,26,6,0,11,11106,D 6009,43.244207688,3.0638384037,Crépuscule ou aube,Hors agglomération,Hors intersection,Normale,Deux véhicules - frontale,3,2,2,0,1,1,1,0,1,80,2,3,1,1,0,1,58.0,44.0,voiture,utilitaire_camion,2,1,1,1,1
202200037729,2022-05-17 00:15:00,2022,5,17,0,15,60,60533,A1,49.5281490162,2.7224593161,Nuit sans éclairage public,Hors agglomération,Hors intersection,Normale,Deux véhicules - arrière,1,1,3,3,1,1,1,0,1,130,2,2,1,0,0,1,43.0,19.0,utilitaire_camion,voiture,3,1,1,1,2
202200037730,2022-05-17 15:30:00,2022,5,17,15,30,34,34202,M5,43.5846716338,3.7785012905,Plein jour,Hors agglomération,Intersection en X,Normale,Deux véhicules - côté,7,2,2,0,1,1,1,0,1,90,2,2,0,0,0,2,37.0,17.0,deux_roues,deux_roues,1,1,2,1,3
202200037731,2022-05-16 14:00:00,2022,5,16,14,0,11,11202,Rond-point AMMAC (piste cyclable),42.905877,3.036486,Plein jour,En agglomération,Giratoire,Normale,Autre collision,4,3,1,1,1,3,1,6,5,30,2,2,1,0,1,0,70.0,,deux_roues,voiture,1,2,6,1,6
202200037732,2022-05-16 01:30:00,2022,5,16,1,30,988,98817,Route de la Corniche - RPS2,-22.2884911,166.593708,Nuit sans éclairage public,En agglomération,Hors intersection,Normale,Autre collision,3,2,2,0,1,2,1,0,3,-1,1,3,0,0,2,1,27.0,,voiture,,3,2,1,1,6
202200037733,2022-05-16 18:30:00,2022,5,16,18,30,971,97116,RN5 Bosredon,16.309637,-61.488333,Nuit avec éclairage allumé,En agglomération,Intersection en Y,Normale,Deux véhicules - arrière,2,2,2,0,1,1,1,0,1,50,2,2,1,0,0,1,28.0,49.0,deux_roues,voiture,5,2,4,1,2
202200037734,2022-05-15 21:26:00,2022,5,15,21,26,971,97116,Nationale 5,16.329056,-61.452563,Nuit avec éclairage allumé,En agglomération,Autre intersection,Normale,Autre collision,2,2,2,0,1,1,1,0,1,50,2,3,1,0,1,1,57.0,15.0,voiture,deux_roues,5,2,9,1,6
202200037735,2022-05-15 14:00:00,2022,5,15,14,0,971,97115,N2,16.270233,-61.652986,Plein jour,En agglomération,Hors intersection,Normale,Trois véhicules et plus - en chaîne,2,2,2,0,2,1,1,0,1,80,3,3,0,0,1,2,34.0,30.0,voiture,voiture,1,2,1,1,4
202200037736,2022-05-03 07:55:00,2022,5,3,7,55,45,45310,D24 PR 14 + 345,48.296041,2.195498,Plein jour,En agglomération,Intersection en T,Normale,Deux véhicules - côté,3,2,2,0,1,1,1,0,1,50,2,2,1,0,0,1,21.0,34.0,voiture,voiture,1,2,3,1,3
202200037737,2022-05-06 08:50:00,2022,5,6,8,50,77,77415,D603,48.951366,3.036979,Plein jour,Hors agglomération,Intersection en X,Normale,Deux véhicules - côté,1,2,2,-1,1,3,1,9,1,-1,2,4,3,0,1,0,55.0,18.0,voiture,deux_roues,1,1,2,1,3
202200037738,2022-05-17 01:00:00,2022,5,17,1,0,2B,2B096,T20,42.278499,9.167833,Nuit sans éclairage public,Hors agglomération,Hors intersection,Normale,Sans collision,2,2,2,0,2,2,1,0,1,80,1,3,0,0,2,1,19.0,,voiture,,3,1,1,1,7
202200037739,2022-05-16 11:35:00,2022,5,16,11,35,2B,2B314,RD 81,42.655243,9.190326,Plein jour,Hors agglomération,Hors intersection,Normale,Sans collision,3,2,2,0,1,2,1,0,1,80,1,2,1,0,1,0,28.0,,deux_roues,,1,1,1,1,7
202200037740,2022-05-17 09:15:00,2022,5,17,9,15,2B,2B042,avenue de BORGO T205,42.561592,9.441193,Plein jour,En agglomération,Hors intersection,Normale,Deux véhicules - arrière,2,2,2,0,1,1,1,0,1,50,2,2,1,0,0,1,29.0,64.0,voiture,voiture,1,2,1,1,2
202200037741,2022-05-17 06:25:00,2022,5,17,6,25,2B,2B042,AVENUE DE VALROSE,42.592253,9.438951,Plein jour,Hors agglomération,Hors intersection,Normale,Deux véhicules - arrière,2,1,2,0,1,1,1,0,1,110,2,2,1,0,0,1,58.0,26.0,voiture,voiture,1,1,1,1,2
202200037742,2022-05-17 02:30:00,2022,5,17,2,30,2A,2A247,Avenue de Bastia,41.616036,9.280309,Nuit sans éclairage public,En agglomération,Hors intersection,Normale,Sans collision,2,2,2,0,1,3,1,0,3,50,1,1,0,1,0,0,37.0,,deux_roues,,3,2,1,1,7
202200037743,2022-05-15 11:30:00,2022,5,15,11,30,04,04039,RD 952,43.829032,6.466452,Plein jour,Hors agglomération,Hors intersection,Normale,Sans collision,3,2,2,0,1,2,1,0,1,80,1,1,0,0,0,1,38.0,,deux_roues,,1,1,1,1,7
202200037744,2022-05-15 18:50:00,2022,5,15,18,50,52,52432,pk 10 D121,47.948021,5.295464,Crépuscule ou aube,Hors agglomération,Hors intersection,Normale,Sans collision,3,2,2,0,2,1,1,0,1,80,1,1,0,0,1,0,38.0,,deux_roues,,2,1,1,1,7
202200037745,2022-05-13 18:00:00,2022,5,13,18,0,54,54201,Rue de la Fontaine Salovin,48.4422837188,6.6519588241,Plein jour,Hors agglomération,Hors intersection,Normale,Deux véhicules - frontale,4,2,2,0,1,2,1,0,1,80,2,3,1,0,1,1,34.0,24.0,voiture,voiture,1,1,1,1,1
202200037746,2022-05-16 21:20:00,2022,5,16,21,20,74,74087,D503,46.143693,6.324692,Nuit sans éclairage public,Hors agglomération,Hors intersection,Normale,Autre collision,4,2,2,0,1,1,1,0,1,70,1,2,1,0,0,1,29.0,,voiture,,3,1,1,1,6
202200037747,2022-05-17 13:41:00,2022,5,17,13,41,42,42304,Route des Monts,45.550797,4.210639,Plein jour,Hors agglomération,Hors intersection,Normale,Deux véhicules - frontale,3,2,2,0,1,1,1,0,1,80,2,2,1,1,0,0,18.0,30.0,deux_roues,voiture,1,1,1,1,1
202200037748,2022-04-13 05:10:00,2022,4,13,5,10,67,67028,Rue Eugène Dischert,48.366407,7.590571,Nuit avec éclairage allumé,En agglomération,Hors intersection,Normale,Autre collision,4,2,2,0,1,1,1,0,4,50,1,2,1,0,1,0,19.0,,voiture,,5,2,1,1,6
202200037749,2022-04-12 22:00:00,2022,4,12,22,0,24,24577,Route des Castanahés,44.853899,1.17131,Nuit sans éclairage public,Hors agglomération,Hors intersection,Pluie légère,Deux véhicules - côté,3,2,2,0,1,2,2,0,1,80,2,4,1,0,1,2,45.0,19.0,voiture,voiture,3,1,1,2,3
202200037750,2022-05-14 08:00:00,2022,5,14,8,0,56,56125,Saint Nicolas,48.080516,-3.092394,Plein jour,En agglomération,Hors intersection,Normale,Deux véhicules - frontale,4,2,2,0,2,1,1,0,8,80,2,2,1,0,0,1,21.0,64.0,voiture,voiture,1,2,1,1,1
202200037751,2022-05-06 11:20:00,2022,5,6,11,20,69,69163,Autoroute 46,45.91754,4.78536,Plein jour,Hors agglomération,Hors intersection,Normale,Deux véhicules - arrière,1,3,6,0,1,1,1,0,1,130,2,2,0,0,0,2,38.0,28.0,utilitaire_camion,voiture,1,1,1,1,2
202200037752,2022-05-06 12:20:00,2022,5,6,12,20,33,33281,ROCADE A 630,44.852487,-0.665957,Plein jour,Hors agglomération,Hors intersection,Temps éblouissant,Trois véhicules et plus - en chaîne,1,3,6,0,1,1,1,0,1,90,3,4,3,0,0,1,29.0,53.0,voiture,voiture,1,1,1,7,4
202200037753,2022-05-15 01:15:00,2022,5,15,1,15,59,59646,ROUTE DEPARTEMENTALE 652,50.6804617657,3.1291079521,Nuit sans éclairage public,Hors agglomération,Hors intersection,Normale,Deux véhicules - côté,7,-1,4,0,1,1,1,0,1,90,2,3,2,0,0,1,28.0,37.0,voiture,voiture,3,1,1,1,3
202200037754,2022-05-13 06:05:00,2022,5,13,6,5,59,59646,AUTOROUTE A22,50.65782,3.1191,Plein jour,Hors agglomération,Hors intersection,Normale,Autre collision,1,-1,1,0,1,3,1,0,1,50,1,2,1,0,0,1,55.0,,voiture,,1,1,1,1,6
202200037755,2022-05-16 19:05:00,2022,5,16,19,5,91,91468,AUTOROUTE A6,48.57513,2.46592,Plein jour,Hors agglomération,Hors intersection,Normale,Sans collision,1,1,3,0,2,1,1,0,1,90,1,1,0,0,0,1,55.0,,utilitaire_camion,,1,1,1,1,7
202200037756,2022-05-16 17:36:00,2022,5,16,17,36,92,92019,RN 385 INT,48.761218568,2.251757481,Plein jour,Hors agglomération,Hors intersection,Normale,Autre collision,2,3,3,0,1,1,1,0,2,110,1,2,1,0,0,1,41.0,,utilitaire_camion,,1,1,1,1,6
202200037757,2022-05-15 23:30:00,2022,5,15,23,30,94,94038,AUTOROUTE A6A,48.78913,2.34353,Nuit avec éclairage allumé,Hors agglomération,Hors intersection,Normale,Autre collision,1,1,3,0,3,2,3,0,1,90,1,1,0,0,1,0,26.0,,voiture,,5,1,1,1,6
202200037758,2022-05-16 08:00:00,2022,5,16,8,0,78,78490,RN12 EXT,48.800658,1.940262,Plein jour,Hors agglomération,Hors intersection,Normale,Trois véhicules et plus - en chaîne,2,1,2,0,1,1,1,0,1,110,3,3,2,0,0,1,32.0,57.0,voiture,voiture,1,1,1,1,4
202200037759,2022-05-15 20:55:00,2022,5,15,20,55,78,78291,A13,48.965246,1.754915,Crépuscule ou aube,Hors agglomération,Hors intersection,Pluie forte,Deux véhicules - arrière,1,1,3,0,2,3,2,2,1,110,2,3,2,0,0,1,69.0,38.0,voiture,voiture,2,1,1,3,2
202200037760,2022-05-15 18:00:00,2022,5,15,18,0,92,92047,A13,48.8357068931,2.1809239983,Plein jour,Hors agglomération,Hors intersection,Normale,Deux véhicules - côté,1,1,3,0,1,1,1,0,1,110,2,2,1,0,0,1,49.0,53.0,voiture,deux_roues,1,1,1,1,3
202200037761,2022-05-14 07:50:00,2022,5,14,7,50,93,93005,AUTOROUTE A3,48.96213,2.47408,Plein jour,Hors agglomération,Hors intersection,Normale,Deux véhicules - arrière,1,3,6,0,1,1,1,0,1,90,2,2,1,0,0,1,35.0,23.0,utilitaire_camion,voiture,1,1,1,1,2
202200037762,2022-05-16 16:00:00,2022,5,16,16,0,94,94017,A4,48.8279120785,2.5052363163,Plein jour,Hors agglomération,Hors intersection,Normale,Deux véhicules - côté,1,-1,5,0,1,1,1,1,1,90,2,2,1,0,0,1,25.0,,deux_roues,utilitaire_camion,1,1,1,1,3
202200037763,2022-05-16 08:15:00,2022,5,16,8,15,94,94052,A86.EXT,48.8412724993,2.4930730317,Plein jour,Hors agglomération,Hors intersection,Normale,Deux véhicules - arrière,1,1,3,0,1,1,1,1,1,90,2,2,1,0,0,1,51.0,56.0,voiture,utilitaire_camion,1,1,1,1,2
202200037764,2022-05-06 21:15:00,2022,5,6,21,15,94,94033,A86.INT,48.8495,2.49063,Plein jour,Hors agglomération,Hors intersection,Normale,Trois véhicules et plus - en chaîne,1,3,5,0,1,1,1,0,1,90,3,3,2,0,0,1,25.0,28.0,voiture,voiture,1,1,1,1,4
202200037765,2022-05-02 20:20:00,2022,5,2,20,20,94,94042,A4,48.827286427,2.4692556276,Plein jour,Hors agglomération,Hors intersection,Normale,Autre collision,1,3,8,0,1,1,1,2,1,90,3,3,2,0,0,1,31.0,30.0,voiture,deux_roues,1,1,1,1,6
202200037766,2022-04-13 15:30:00,2022,4,13,15,30,85,85109,RD160,46.863777,-1.030855,Plein jour,En agglomération,Intersection en T,Normale,Deux véhicules - côté,3,1, -1,-1,-1,3,1,-1,1,-1,2,3,2,0,1,0,85.0,40.0,deux_roues,voiture,1,2,3,1,3
202200037767,2022-04-14 20:00:00,2022,4,14,20,0,35,35238,N136,48.1078132687,-1.7174747586,Plein jour,Hors agglomération,Hors intersection,Normale,Autre collision,2,3,7,0,1,1,1,0,1,90,1,1,0,0,0,1,28.0,,voiture,,1,1,1,1,6
202200037768,2022-04-14 13:40:00,2022,4,14,13,40,91,91174,RUE FERAY,48.609944,2.477747,Plein jour,En agglomération,Hors intersection,Normale,Autre collision,4,-1,1,0,1,1,1,0,1,30,1,2,0,0,1,1,18.0,,deux_roues,,1,2,1,1,6
202200037769,2022-04-14 07:35:00,2022,4,14,7,35,976,97611,mamoudzou centre-Adrian SOULI (avenue),-12.78521,45.22806,Plein jour,En agglomération,Giratoire,Normale,Autre collision,2,4,3,0,2,3,1,0,4,30,1,2,1,0,0,1,47.0,,deux_roues,,1,2,6,1,6
202200037770,2022-01-18 07:55:00,2022,1,18,7,55,69,69091,Route Neuve,45.56854,4.78313,Crépuscule ou aube,Hors agglomération,Hors intersection,Autre,Sans collision,7,2,2,0,2,2,7,0,1,50,1,1,0,0,0,1,39.0,,voiture,,2,1,1,9,7
202200037771,2022-04-12 08:01:00,2022,4,12,8,1,95,95018,EPINAY (RUE D' ),48.950854,2.27521,Plein jour,En agglomération,Hors intersection,Normale,Autre collision,4,2,2,0,2,1,1,0,1,50,1,2,1,0,0,1,,,voiture,,1,2,1,1,6
202200037772,2022-04-08 20:10:00,2022,4,8,20,10,974,97416,RN2 (2),-21.32981,55.47211,Nuit sans éclairage public,En agglomération,Autre intersection,Normale,Deux véhicules - arrière,4,2,2,0,1,1,1,0,1,50,2,3,2,0,0,1,31.0,47.0,utilitaire_camion,voiture,3,2,9,1,2
202200037773,2022-04-04 12:35:00,2022,4,4,12,35,55,55073,CD 964,49.1863240346,5.3720833986,Plein jour,Hors agglomération,Hors intersection,Normale,Deux véhicules - côté,3,3,2,0,1,1,1,9,1,90,2,5,2,1,0,2,41.0,59.0,voiture,utilitaire_camion,1,1,1,1,3
202200037774,2022-05-14 14:50:00,2022,5,14,14,50,988,98818,RUE JEAN CHALIER,-22.24656,166.46275,Plein jour,En agglomération,Hors intersection,Normale,Deux véhicules - côté,4,2,2,0,1,1,1,0,1,50,2,2,1,0,0,1,52.0,47.0,deux_roues,voiture,1,2,1,1,3
202200037775,2022-05-15 05:55:00,2022,5,15,5,55,974,97416,LIGNE PARADIS(ROUTE DE LA),-21.2996,55.45553,Crépuscule ou aube,En agglomération,Hors intersection,Normale,Sans collision,4,2,2,0,1,2,1,0,1,50,1,2,1,0,0,1,29.0,,deux_roues,,2,2,1,1,7
202200037776,2022-05-15 17:35:00,2022,5,15,17,35,972,97209,Bretelle sortie A1,14.61841,-61.03689,Plein jour,Hors agglomération,Hors intersection,Normale,Deux véhicules - arrière,1,1,2,0,2,1,1,2,1,50,2,2,1,0,0,1,46.0,51.0,deux_roues,voiture,1,1,1,1,2
202200037777,2022-05-15 20:30:00,2022,5,15,20,30,69,69149,Rue Pierre Sémard,45.7178598753,4.8148991168,Plein jour,En agglomération,Intersection en T,Normale,Deux véhicules - arrière,4,2,2,2,1,1,1,0,1,30,2,2,1,0,0,1,59.0,,deux_roues,voiture,1,2,3,1,2
202200037778,2022-03-05 05:00:00,2022,3,5,5,0,69,69382,Pont Pasteur,45.733869,4.818964,Nuit avec éclairage allumé,En agglomération,Intersection à plus de 4 branches,Normale,Deux véhicules - côté,7,1,2,3,1,1,1,2,1,50,2,3,1,0,0,2,21.0,31.0,voiture,voiture,5,2,5,1,3