accident_id,datetime,annee,mois,jour,heure,minute,departement,commune_insee,adresse,latitude,longitude,luminosite,agglomeration,intersection,meteo,collision,catr,circ,nbv,vosp,prof,plan,surf,infra,situ,vma,nb_vehicules,nb_usagers,nb_indemnes,nb_tues,nb_blesses_hosp,nb_blesses_legers,age_cond_1,age_cond_2,veh_type_cond_1,veh_type_cond_2,lum_code,agg_code,int_code,atm_code,col_code
202200038053,2022-09-27 15:25:00,2022,9,27,15,25,87,87061,Le Peux Roulier,46.161355,1.132994,Plein jour,Hors agglomération,Intersection en X,Pluie légère,Deux véhicules - côté,2,2,2,0,1,2,2,0,1,80,2,2,1,0,1,0,85.0,87.0,voiture,voiture,1,1,2,2,3
202200038054,2022-12-05 14:24:00,2022,12,5,14,24,66,66136,,42.66869,2.88333,Plein jour,En agglomération,Hors intersection,Normale,Autre collision,6,-1, -1,0,1,1,1,0,1,30,1,2,1,0,0,1,39.0,,voiture,,1,2,1,1,6
202200038055,2022-09-28 12:20:00,2022,9,28,12,20,48,48140,Boulevard Guérin d'Apcher face BAZARLAND,44.807457,3.272252,Plein jour,En agglomération,Hors intersection,Pluie forte,Autre collision,3,2,2,0,2,1,2,0,4,50,1,3,2,0,0,1,42.0,,utilitaire_camion,,1,2,1,3,6
202200038056,2022-09-18 21:30:00,2022,9,18,21,30,48,48140,Place du Foirail,44.80366,3.276168,Nuit sans éclairage public,En agglomération,Place,Normale,Deux véhicules - côté,4,1,1,0,1,1,1,0,1,50,2,2,1,0,0,1,,19.0,voiture,voiture,3,2,7,1,3
202200038057,2022-12-05 09:03:00,2022,12,5,9,3,66,66136,,42.73318,2.88323,Plein jour,Hors agglomération,Hors intersection,Normale,Trois véhicules et plus - en chaîne,3,3,4,0,1,1,1,3,1,90,3,3,2,0,0,1,45.0,35.0,voiture,voiture,1,1,1,1,4
202200038058,2022-09-27 12:28:00,2022,9,27,12,28,08,08214,D989,50.0269981924,4.7940677404,Plein jour,Hors agglomération,Hors intersection,Pluie forte,Sans collision,3,2,2,0,1,3,2,0,3,80,1,1,0,0,0,1,40.0,,deux_roues,,1,1,1,3,7
202200038059,2022-09-27 07:55:00,2022,9,27,7,55,35,35352,Rue de Châteaubriant,48.035325,-1.600088,Plein jour,Hors agglomération,Giratoire,Normale,Autre collision,7,1,1,0,3,3,1,3,1,50,1,2,1,0,0,1,21.0,,voiture,,1,1,6,1,6
202200038060,2022-09-28 09:10:00,2022,9,28,9,10,988,98805,VE2,-22.22384,166.467977,Plein jour,En agglomération,Autre intersection,Normale,Autre collision,1,1,1,0,2,3,1,3,3,-1,1,1,0,0,1,0,29.0,,utilitaire_camion,,1,2,9,1,6
202200038061,2022-12-03 04:50:00,2022,12,3,4,50,63,63300,ROCADE RD 446,45.9031247524,3.101400733,Nuit avec éclairage non allumé,En agglomération,Giratoire,Pluie légère,Sans collision,3,-1,1,0,1,1,2,0,4,30,1,1,0,0,1,0,18.0,,voiture,,4,2,6,2,7
202200038062,2022-09-29 16:25:00,2022,9,29,16,25,06,06018,2919 Route de Valbonne,43.634416,7.073867,Plein jour,Hors agglomération,Hors intersection,Normale,Deux véhicules - côté,3,2,2,0,1,1,1,0,1,50,1,2,1,0,0,1,72.0,,voiture,,1,1,1,1,3
202200038063,2022-09-29 01:00:00,2022,9,29,1,0,44,44163,A11,47.413732,-1.141961,Nuit sans éclairage public,Hors agglomération,Hors intersection,Normale,Autre collision,1,3,2,0,1,1,1,0,1,130,1,2,1,1,0,0,22.0,,voiture,,3,1,1,1,6
202200038064,2022-09-29 04:30:00,2022,9,29,4,30,58,58278,N7,46.928242,3.160211,Nuit sans éclairage public,Hors agglomération,Hors intersection,Normale,Deux véhicules - frontale,2,1,2,0,1,3,1,0,2,110,1,1,0,0,0,1,42.0,,utilitaire_camion,,3,1,1,1,1
202200038065,2022-12-06 17:05:00,2022,12,6,17,5,60,60057,Boulevard de Normandie,49.42567,2.07678,Nuit avec éclairage allumé,En agglomération,Hors intersection,Temps couvert,Deux véhicules - arrière,3,-1,2,0,1,1,1,0,1,50,2,2,1,0,0,1,19.0,40.0,deux_roues,voiture,5,2,1,8,2
202200038066,2022-09-28 09:10:00,2022,9,28,9,10,974,97415,Rue du Gen de Gaulle (st G),-21.050936,55.224066,Plein jour,En agglomération,Intersection en T,Normale,Deux véhicules - côté,4,2,2,0,1,1,1,0,1,50,2,2,1,0,0,1,36.0,24.0,voiture,deux_roues,1,2,3,1,3
202200038067,2022-12-06 13:38:00,2022,12,6,13,38,60,60057,Avenue Montaigne,49.414124,2.106044,Plein jour,En agglomération,Hors intersection,Normale,Deux véhicules - côté,4,4,2,0,1,1,1,5,1,50,2,2,1,0,0,1,31.0,40.0,deux_roues,voiture,1,2,1,1,3
202200038068,2022-09-28 09:15:00,2022,9,28,9,15,973,97313,route nationale 2,4.787441,-52.408154,Plein jour,Hors agglomération,Hors intersection,Normale,Sans collision,2,-1,2,0,1,2,1,0,1,80,1,1,0,0,1,0,46.0,,utilitaire_camion,,1,1,1,1,7
202200038069,2022-12-06 18:00:00,2022,12,6,18,0,59,59360,POTIE GEORGES RUE,50.61289,3.00343,Nuit avec éclairage allumé,En agglomération,Hors intersection,Normale,Deux véhicules - côté,7,2,3,0,1,1,1,0,1,50,2,2,1,0,0,1,39.0,46.0,deux_roues,voiture,5,2,1,1,3
202200038070,2022-09-26 18:33:00,2022,9,26,18,33,95,95409,Route nationale 1,49.04161,2.340989,Plein jour,En agglomération,Hors intersection,Normale,Autre collision,6,-1, -1,0,1,1,1,0,1,50,1,2,0,0,1,1,87.0,,voiture,,1,2,1,1,6
202200038071,2022-01-17 07:20:00,2022,1,17,7,20,79,79307,,46.128696,0.087807,Nuit sans éclairage public,Hors agglomération,Intersection en X,Brouillard / fumée,Deux véhicules - côté,3,2,2,0,1,4,1,0,1,80,2,5,1,0,3,1,46.0,54.0,voiture,voiture,3,1,2,5,3
202200038072,2022-12-01 20:50:00,2022,12,1,20,50,59,59350,CHURCHILL WINSTON RUE,50.63264,3.01744,Nuit avec éclairage allumé,En agglomération,Intersection en X,Normale,Deux véhicules - côté,4,1,1,2,1,1,2,0,1,30,2,2,1,0,1,0,23.0,53.0,deux_roues,voiture,5,2,2,1,3
202200038073,2022-01-17 07:50:00,2022,1,17,7,50,44,44214,18 La Tonnerie,47.556193,-1.694796,Crépuscule ou aube,Hors agglomération,Hors intersection,Brouillard / fumée,Autre collision,4,2,2,0,1,1,2,0,3,80,1,1,0,0,1,0,20.0,,voiture,,2,1,1,5,6
202200038074,2022-09-25 15:10:00,2022,9,25,15,10,34,34017,D613,43.476996,3.456509,Plein jour,Hors agglomération,Intersection en T,Normale,Deux véhicules - arrière,3,2,2,0,1,1,1,0,1,70,2,3,1,0,2,0,68.0,24.0,voiture,utilitaire_camion,1,1,3,1,2
202200038075,2022-01-17 21:15:00,2022,1,17,21,15,51,51612,D933,48.883379,4.029107,Nuit sans éclairage public,Hors agglomération,Hors intersection,Normale,Sans collision,3,2,2,0,1,1,1,0,3,90,1,1,0,0,1,0,36.0,,voiture,,3,1,1,1,7
202200038076,2022-12-06 07:48:00,2022,12,6,7,48,57,57019,CD8,49.26296,6.11806,Crépuscule ou aube,Hors agglomération,Hors intersection,Temps couvert,Deux véhicules - frontale,3,2,2,0,1,1,2,0,1,70,2,2,0,0,2,0,42.0,38.0,voiture,voiture,2,1,1,8,1
202200038077,2022-01-18 13:25:00,2022,1,18,13,25,59,59094,10 Chemin de l Aa,50.9294577442,2.1513676643,Plein jour,Hors agglomération,Hors intersection,Normale,Sans collision,4,2,2,0,1,3,6,0,8,45,1,3,0,2,0,1,21.0,,voiture,,1,1,1,1,7
202200038078,2022-01-16 17:30:00,2022,1,16,17,30,76,76467,rue de la gare,49.821613,0.702173,Plein jour,En agglomération,Giratoire,Pluie forte,Autre collision,3,2,2,0,1,3,2,5,3,30,1,1,0,1,0,0,86.0,,voiture,,1,2,6,3,6
202200038079,2022-09-19 17:15:00,2022,9,19,17,15,89,89206,Rue des Entrepreneurs,47.979225,3.379685,Plein jour,En agglomération,Autre intersection,Normale,Deux véhicules - côté,4,2,2,0,1,1,1,0,1,50,2,2,1,0,0,1,21.0,24.0,voiture,deux_roues,1,2,9,1,3
202200038080,2022-12-05 16:20:00,2022,12,5,16,20,54,54578,LYAUTEY (BOULEVARD DU MARECHAL),48.672455534,6.1564475298,Plein jour,En agglomération,Hors intersection,Normale,Deux véhicules - côté,4,2,2,0,1,1,1,0,3,30,2,2,1,0,0,1,50.0,20.0,voiture,voiture,1,2,1,1,3
202200038081,2022-01-13 14:00:00,2022,1,13,14,0,76,76146,Parc d Activite des Cateliers,49.589735,1.347321,Plein jour,En agglomération,Hors intersection,Normale,Autre collision,6,-1, -1,0,1,1,1,9,8,-1,1,2,1,0,0,1,19.0,,voiture,,1,2,1,1,6
202200038082,2022-12-05 10:30:00,2022,12,5,10,30,54,54339,DRIANT (RUE DU COLONEL),48.70568,6.19068,Plein jour,En agglomération,Hors intersection,Normale,Autre collision,7,2,2,0,1,1,1,0,1,30,1,2,1,0,0,1,47.0,,voiture,,1,2,1,1,6
202200038083,2022-01-11 17:00:00,2022,1,11,17,0,61,61168,Rue Saint-Denis,48.590977,-0.359251,Plein jour,En agglomération,Hors intersection,Normale,Autre collision,4,2,2,0,1,1,1,0,1,50,1,2,1,0,0,1,37.0,,voiture,,1,2,1,1,6
202200038084,2022-09-28 18:45:00,2022,9,28,18,45,67,67313,Rue de la Trinité,48.541057,7.455393,Crépuscule ou aube,En agglomération,Hors intersection,Normale,Deux véhicules - frontale,4,2,2,0,4,1,1,0,1,30,2,2,0,0,0,2,56.0,56.0,voiture,voiture,2,2,1,1,1
202200038085,2022-01-07 21:30:00,2022,1,7,21,30,29,29049,Lieu Dit Stang Penker,47.9685962769,-3.9062190056,Nuit sans éclairage public,Hors agglomération,Hors intersection,Pluie légère,Autre collision,3,2,2,0,1,1,2,0,3,80,1,1,0,0,0,1,21.0,,voiture,,3,1,1,2,6
202200038086,2022-12-03 18:10:00,2022,12,3,18,10,49,49328,JAGUENEAU (QUAI DU),47.25017,-0.05339,Crépuscule ou aube,En agglomération,Hors intersection,Normale,Deux véhicules - frontale,4,2,2,0,1,1,1,0,1,50,2,2,1,0,0,1,42.0,42.0,voiture,voiture,2,2,1,1,1
202200038087,2022-01-17 19:30:00,2022,1,17,19,30,03,03291,Avenue de la Gare,46.332084,3.591548,Nuit sans éclairage public,Hors agglomération,Hors intersection,Brouillard / fumée,Autre collision,3,2,2,0,1,3,1,0,3,90,1,1,0,0,1,0,30.0,,voiture,,3,1,1,5,6
202200038088,2022-12-05 13:50:00,2022,12,5,13,50,47,47001,COLMAR (AV. DE),44.19387,0.63766,Plein jour,En agglomération,Hors intersection,Normale,Deux véhicules - arrière,4,2,2,2,1,1,1,0,1,50,2,2,0,0,0,2,70.0,90.0,voiture,voiture,1,2,1,1,2
202200038089,2022-12-06 09:50:00,2022,12,6,9,50,46,46042,SEMARD (AVE PIERRE),44.44846,1.43233,Plein jour,En agglomération,Autre intersection,Normale,Autre collision,3,2,2,0,1,1,1,0,1,50,1,2,1,0,0,1,78.0,,voiture,,1,2,9,1,6
202200038090,2022-01-17 12:15:00,2022,1,17,12,15,72,72023,Route de Mamers,48.177695,0.234374,Plein jour,En agglomération,Hors intersection,Temps couvert,Deux véhicules - frontale,3,2,2,0,2,2,1,0,1,70,2,2,0,0,0,2,19.0,31.0,utilitaire_camion,voiture,1,2,1,8,1
202200038091,2022-01-15 15:05:00,2022,1,15,15,5,18,18103,Ruelle des Grands Moulins,47.143818,1.847834,Plein jour,En agglomération,Autre intersection,Normale,Autre collision,6,-1, -1,0,1,1,1,0,1,50,1,1,0,0,1,0,82.0,,voiture,,1,2,9,1,6
202200038092,2022-12-05 16:57:00,2022,12,5,16,57,43,43157,RN88,45.01384,3.88881,Plein jour,Hors agglomération,Hors intersection,Temps éblouissant,Deux véhicules - arrière,2,3,2,0,2,1,1,0,1,110,2,3,1,0,1,1,51.0,66.0,voiture,voiture,1,1,1,7,2
202200038093,2022-01-17 20:00:00,2022,1,17,20,0,07,07295,,44.814922,4.55925,Nuit sans éclairage public,Hors agglomération,Intersection en Y,Autre,Sans collision,3,2,2,0,2,3,7,1,8,80,1,1,0,1,0,0,63.0,,voiture,,3,1,4,9,7
202200038094,2022-12-05 18:10:00,2022,12,5,18,10,37,37122,CHINON (BOULEVARD DE),47.35533,0.69787,Nuit avec éclairage allumé,En agglomération,Hors intersection,Normale,Deux véhicules - côté,4,2,4,0,1,1,1,0,1,50,2,2,1,0,0,1,15.0,,deux_roues,voiture,5,2,1,1,3
202200038095,2022-01-17 18:00:00,2022,1,17,18,0,85,85047,RD1753,46.836095,-1.87277,Nuit avec éclairage allumé,En agglomération,Hors intersection,Brouillard / fumée,Autre collision,3,2,2,0,1,1,1,0,1,50,1,2,1,0,0,1,80.0,,voiture,,5,2,1,5,6
202200038096,2022-12-02 07:45:00,2022,12,2,7,45,34,34032,157 Avenue Jean Moulin,43.35105,3.22984,Plein jour,En agglomération,Hors intersection,Normale,Sans collision,4,2,2,0,1,1,1,0,1,50,1,2,1,0,0,1,37.0,,voiture,,1,2,1,1,7
202200038097,2022-01-17 04:35:00,2022,1,17,4,35,85,85076,,47.057288,-1.234835,Nuit sans éclairage public,Hors agglomération,Intersection en T,Brouillard / fumée,Deux véhicules - côté,3,2,3,0,1,1,2,5,1,70,2,2,1,0,0,1,57.0,41.0,deux_roues,voiture,3,1,3,5,3
202200038098,2022-01-17 20:05:00,2022,1,17,20,5,28,28303,D954,48.095401,1.865155,Nuit sans éclairage public,Hors agglomération,Giratoire,Brouillard / fumée,Deux véhicules - frontale,3,2,2,0,1,1,1,0,1,80,2,2,0,0,2,0,49.0,72.0,utilitaire_camion,utilitaire_camion,3,1,6,5,1
202200038099,2022-12-05 07:15:00,2022,12,5,7,15,33,33063,Quai de Brazza,44.85372,-0.55398,Nuit avec éclairage allumé,En agglomération,Intersection en T,Normale,Autre collision,4,2,4,2,1,1,1,0,1,50,1,2,1,0,1,0,56.0,,voiture,,5,2,3,1,6
202200038100,2022-01-13 18:00:00,2022,1,13,18,0,17,17003,Place de la Renaissance,46.116569,-0.935597,Nuit avec éclairage allumé,En agglomération,Hors intersection,Normale,Deux véhicules - côté,6,-1, -1,0,1,1,1,0,8,30,2,2,1,0,1,0,54.0,55.0,voiture,deux_roues,5,2,1,1,3
202200038101,2022-01-17 09:10:00,2022,1,17,9,10,87,87158,RD 34 PK 9+075,45.767927,0.967902,Plein jour,Hors agglomération,Hors intersection,Brouillard / fumée,Deux véhicules - frontale,3,2,2,0,2,3,7,0,1,80,2,2,0,0,2,0,54.0,57.0,voiture,utilitaire_camion,1,1,1,5,1
202200038102,2022-12-06 14:30:00,2022,12,6,14,30,31,31555,PL DU DR JOSEPH BAYLAC,43.60786,1.39746,Plein jour,En agglomération,Giratoire,Normale,Trois véhicules et plus - en chaîne,7,1,1,0,1,1,1,0,1,50,3,6,3,0,0,3,31.0,,voiture,autre,1,2,6,1,4
202200038103,2022-01-15 17:00:00,2022,1,15,17,0,87,87027,Arsac,45.617497,1.021836,Nuit sans éclairage public,Hors agglomération,Hors intersection,Normale,Deux véhicules - frontale,3,2,2,0,2,1,1,0,1,80,2,2,1,0,0,1,52.0,17.0,voiture,deux_roues,3,1,1,1,1
202200038104,2022-12-06 20:30:00,2022,12,6,20,30,29,29019,rue Auguste Kervern,48.3993591164,-4.48911345,Nuit avec éclairage allumé,En agglomération,Intersection en T,Normale,Deux véhicules - côté,4,2,2,0,2,1,1,5,1,50,2,2,1,0,0,1,21.0,24.0,voiture,deux_roues,5,2,3,1,3
202200038105,2022-01-17 06:30:00,2022,1,17,6,30,42,42249,A89,45.863148,4.23583,Nuit sans éclairage public,Hors agglomération,Hors intersection,Autre,Deux véhicules - arrière,1,-1,4,0,1,1,7,0,1,130,2,2,1,0,1,0,40.0,25.0,utilitaire_camion,voiture,3,1,1,9,2
202200038106,2022-01-14 18:45:00,2022,1,14,18,45,69,69280,Autoroute 432,45.793562,5.077411,Nuit sans éclairage public,Hors agglomération,Hors intersection,Brouillard / fumée,Deux véhicules - arrière,1,3,4,0,1,1,9,0,1,130,2,2,1,0,0,1,53.0,23.0,utilitaire_camion,utilitaire_camion,3,1,1,5,2
202200038107,2022-12-06 13:15:00,2022,12,6,13,15,29,29019,rue Pierre Maximin Audemar,48.39995,-4.53051,Plein jour,En agglomération,Hors intersection,Normale,Autre collision,4,-1,2,0,1,1,1,0,1,50,1,2,1,0,0,1,38.0,,voiture,,1,2,1,1,6
202200038108,2022-01-17 08:00:00,2022,1,17,8,0,38,38052,D1091 - Lieu dit Les sables,45.097274,6.009712,Plein jour,Hors agglomération,Hors intersection,Normale,Autre collision,3,3,2,0,1,4,1,9,1,70,1,2,1,0,1,0,25.0,,voiture,,1,1,1,1,6
202200038109,2022-01-18 04:30:00,2022,1,18,4,30,31,31192,D31,43.499404,1.61226,Nuit sans éclairage public,Hors agglomération,Hors intersection,Brouillard / fumée,Autre collision,3,2,2,0,2,4,1,0,8,80,1,1,0,0,1,0,20.0,,voiture,,3,1,1,5,6
202200038110,2022-12-05 18:30:00,2022,12,5,18,30,29,29019,boulevard de l'Europe,48.41562,-4.47469,Crépuscule ou aube,En agglomération,Hors intersection,Normale,Deux véhicules - arrière,4,2,2,0,1,1,1,0,1,50,2,2,1,0,0,1,38.0,59.0,voiture,voiture,2,2,1,1,2
202200038111,2022-01-17 16:30:00,2022,1,17,16,30,22,22206,RN12,48.5327111953,-3.0068945516,Plein jour,Hors agglomération,Hors intersection,Normale,Trois véhicules et plus - en chaîne,2,3,4,0,1,1,1,3,1,110,3,3,2,0,1,0,55.0,62.0,voiture,voiture,1,1,1,1,4
202200038112,2022-01-17 12:40:00,2022,1,17,12,40,22,22081,RN12,48.479459,-2.625952,Plein jour,Hors agglomération,Hors intersection,Normale,Deux véhicules - arrière,2,3,4,0,1,1,1,0,1,110,2,2,1,0,0,1,56.0,33.0,utilitaire_camion,voiture,1,1,1,1,2
202200038113,2022-12-06 08:30:00,2022,12,6,8,30,17,17415,Rue du Docteur Jean,45.74044,-0.62106,Plein jour,En agglomération,Hors intersection,Normale,Trois véhicules et plus - en chaîne,3,2,2,0,1,1,1,0,1,50,3,3,2,0,0,1,19.0,28.0,voiture,voiture,1,2,1,1,4
202200038114,2022-01-17 15:15:00,2022,1,17,15,15,30,30189,,43.8132,4.35813,Plein jour,Hors agglomération,Hors intersection,Normale,Deux véhicules - arrière,1,3,3,0,1,1,1,0,1,130,2,2,1,0,0,1,57.0,21.0,voiture,voiture,1,1,1,1,2
202200038115,2022-12-05 19:00:00,2022,12,5,19,0,17,17415,D137,45.73996,-0.65938,Nuit avec éclairage allumé,En agglomération,Giratoire,Normale,Deux véhicules - arrière,3,1,1,0,1,1,1,3,1,50,2,2,1,0,0,1,46.0,45.0,voiture,voiture,5,2,6,1,2
202200038116,2022-01-16 05:55:00,2022,1,16,5,55,987,98725,hitimahana,-17.562591,-149.476051,Plein jour,En agglomération,Intersection en T,Normale,Deux véhicules - frontale,2,1,1,0,1,1,2,0,1,50,2,2,0,0,1,1,27.0,23.0,deux_roues,deux_roues,1,2,3,1,1
202200038117,2022-12-05 17:00:00,2022,12,5,17,0,14,14333,D579,49.3904,0.25125,Crépuscule ou aube,Hors agglomération,Hors intersection,Normale,Deux véhicules - frontale,3,2,2,0,1,3,1,0,1,80,2,3,0,0,2,1,19.0,66.0,voiture,voiture,2,1,1,1,1
202200038118,2022-01-17 23:30:00,2022,1,17,23,30,971,97117,Route de la Houssaie,16.335959,-61.375127,Nuit avec éclairage allumé,Hors agglomération,Hors intersection,Normale,Autre collision,2,2,2,0,3,1,1,0,3,80,1,1,0,1,0,0,31.0,,voiture,,5,1,1,1,6
202200038119,2022-01-17 20:30:00,2022,1,17,20,30,41,41252,Rue de Gastines,47.668624,1.467501,Nuit sans éclairage public,Hors agglomération,Hors intersection,Temps couvert,Autre collision,4,2,2,0,1,3,1,0,3,90,1,1,0,1,0,0,41.0,,voiture,,3,1,1,8,6
202200038120,2022-12-06 17:30:00,2022,12,6,17,30,13,13019,APT (ROUTE D'),43.4284405457,5.3688760629,Nuit avec éclairage allumé,En agglomération,Hors intersection,Normale,Deux véhicules - côté,7,1,1,0,2,1,1,0,1,50,2,2,1,0,1,0,39.0,17.0,voiture,deux_roues,5,2,1,1,3
202200038121,2022-11-20 15:05:00,2022,11,20,15,5,13,13026,MIRABEAU (avenue),43.39806,5.1096,Plein jour,En agglomération,Hors intersection,Normale,Deux véhicules - côté,4,2,0,0,1,1,1,0,8,50,2,3,0,0,1,2,31.0,23.0,deux_roues,voiture,1,2,1,1,3
202200038122,2022-01-18 14:00:00,2022,1,18,14,0,77,77381,D201 / D215,48.621704,2.97273,Plein jour,Hors agglomération,Intersection en X,Normale,Deux véhicules - côté,3,2,1,0,1,1,1,0,1,90,2,7,0,0,4,3,29.0,49.0,voiture,utilitaire_camion,1,1,2,1,3
202200038123,2022-01-01 06:30:00,2022,1,1,6,30,78,78484,Route de Breval,48.958007,1.617157,Nuit sans éclairage public,Hors agglomération,Hors intersection,Normale,Deux véhicules - frontale,3,-1,2,0,1,2,2,0,1,70,2,2,1,0,0,1,33.0,29.0,voiture,deux_roues,3,1,1,1,1
202200038124,2022-12-06 10:05:00,2022,12,6,10,5,13,13213,BARA (BOULEVARD),43.34731,5.44936,Plein jour,En agglomération,Giratoire,Normale,Deux véhicules - arrière,7,2,0,0,1,1,1,0,1,50,2,3,1,0,0,2,76.0,28.0,voiture,voiture,1,2,6,1,2
202200038125,2022-01-16 20:00:00,2022,1,16,20,0,84,84078,avenue de la libération,44.234655,4.712775,Nuit avec éclairage allumé,En agglomération,Hors intersection,Normale,Deux véhicules - frontale,3,2,1,0,1,1,1,0,1,50,2,2,1,0,0,1,46.0,27.0,utilitaire_camion,voiture,5,2,1,1,1
202200038126,2022-12-05 15:40:00,2022,12,5,15,40,13,13202,BASSINS DE RADOUB (BOULEVARD DES),43.32507,5.35987,Plein jour,En agglomération,Hors intersection,Normale,Deux véhicules - côté,4,2,3,0,1,1,1,0,3,50,2,2,0,0,1,1,28.0,40.0,utilitaire_camion,voiture,1,2,1,1,3
202200038127,2022-01-17 06:50:00,2022,1,17,6,50,83,83106,"pr14+250, route déprtementale 43",43.312255,6.075257,Nuit sans éclairage public,Hors agglomération,Hors intersection,Normale,Autre collision,3,3,3,0,2,1,1,0,1,70,2,5,2,0,1,2,30.0,56.0,voiture,voiture,3,1,1,1,6
202200038128,2022-12-05 18:00:00,2022,12,5,18,0,12,12145,Rond Point des Stades,44.1074,3.08127,Nuit avec éclairage allumé,En agglomération,Giratoire,Normale,Deux véhicules - arrière,3,2,2,0,1,1,1,5,1,50,2,2,1,0,1,0,67.0,54.0,voiture,deux_roues,5,2,6,1,2
202200038129,2022-01-18 06:15:00,2022,1,18,6,15,06,06101,666 route de Lieuche,43.989643,7.003452,Nuit sans éclairage public,En agglomération,Hors intersection,Normale,Sans collision,3,2,2,0,2,2,1,0,1,50,1,1,0,1,0,0,63.0,,utilitaire_camion,,3,2,1,1,7
202200038130,2022-12-05 17:47:00,2022,12,5,17,47,11,11069,76 Rue de la Liberte,43.21573,2.34935,Nuit avec éclairage allumé,En agglomération,Intersection en T,Normale,Deux véhicules - côté,4,1,2,0,2,1,1,0,1,50,2,2,1,0,0,1,49.0,26.0,voiture,deux_roues,5,2,3,1,3
202200038131,2022-01-18 07:00:00,2022,1,18,7,0,06,06048,Avenue Charles Alunni,43.808731,7.315324,Crépuscule ou aube,En agglomération,Autre intersection,Normale,Deux véhicules - côté,3,2,2,0,1,1,1,0,1,50,2,2,1,0,1,0,52.0,17.0,voiture,deux_roues,2,2,9,1,3
202200038132,2022-12-06 17:55:00,2022,12,6,17,55,08,08497,35 Boulevard Lucien Pierquin,49.779069,4.693841,Nuit avec éclairage allumé,En agglomération,Hors intersection,Temps couvert,Autre collision,2,3,2,0,1,1,1,0,1,50,1,2,1,0,1,0,,,voiture,,5,2,1,8,6
202200038133,2022-01-15 09:30:00,2022,1,15,9,30,67,67018,D54,48.574065,7.417293,Plein jour,Hors agglomération,Hors intersection,Brouillard / fumée,Deux véhicules - côté,3,2,2,0,2,2,7,0,1,80,2,2,1,0,0,1,32.0,44.0,voiture,voiture,1,1,1,5,3
202200038134,2022-12-05 07:40:00,2022,12,5,7,40,971,97120,GERTY ARCHIMEDE (RESIDENCE),16.2483,-61.538,Plein jour,En agglomération,Hors intersection,Normale,Autre collision,3,2,2,0,1,1,1,6,8,50,1,2,1,0,0,1,48.0,,voiture,,1,2,1,1,6
202200038135,2022-01-18 17:15:00,2022,1,18,17,15,07,07324,Rue des Poulenards,45.056823,4.843828,Crépuscule ou aube,En agglomération,Hors intersection,Normale,Deux véhicules - frontale,4,2,1,0,1,3,1,0,1,30,2,2,1,0,0,1,66.0,57.0,voiture,deux_roues,2,2,1,1,1
202200038136,2022-12-05 10:00:00,2022,12,5,10,0,64,64483,Rue Axular,43.38615,-1.65549,Plein jour,En agglomération,Intersection en T,Temps éblouissant,Autre collision,4,1, -1,0,1,1,1,0,1,50,1,2,1,0,1,0,93.0,,voiture,,1,2,3,7,6
202200038137,2022-12-06 20:20:00,2022,12,6,20,20,92,92026,ARCHE (AVENUE),48.9020229271,2.2387030721,Nuit avec éclairage allumé,En agglomération,Intersection en T,Normale,Autre collision,4,2,2,0,1,1,1,0,1,50,1,2,1,0,0,1,51.0,,voiture,,5,2,3,1,6
202200038138,2022-01-06 07:10:00,2022,1,6,7,10,44,44215,Rond-Point des Echalonnières,47.177581,-1.463288,Crépuscule ou aube,En agglomération,Giratoire,Normale,Deux véhicules - côté,7,1,2,0,1,1,1,5,1,50,2,2,1,0,1,0,63.0,44.0,deux_roues,utilitaire_camion,2,2,6,1,3
202200038139,2022-01-17 16:30:00,2022,1,17,16,30,14,14258,D39,48.896126,-0.189471,Plein jour,En agglomération,Intersection en X,Normale,Deux véhicules - côté,3,2,2,0,1,1,1,0,1,50,2,2,1,0,1,0,24.0,76.0,voiture,deux_roues,1,2,2,1,3
202200038140,2022-12-06 18:00:00,2022,12,6,18,0,92,92063,A86,48.8865317821,2.1655023008,Nuit avec éclairage allumé,Hors agglomération,Hors intersection,Normale,Deux véhicules - arrière,1,-1,1,0,3,1,1,0,1,50,2,2,1,0,0,1,60.0,51.0,voiture,voiture,5,1,1,1,2
202200038141,2022-01-17 18:57:00,2022,1,17,18,57,13,13210,A50-Sens Marseille vers Aubagne,43.2850795866,5.420879755,Nuit avec éclairage non allumé,Hors agglomération,Hors intersection,Normale,Sans collision,1,3,3,0,1,1,1,0,1,90,1,1,0,0,0,1,23.0,,deux_roues,,4,1,1,1,7
202200038142,2022-09-29 21:45:00,2022,9,29,21,45,74,74116,A410,46.078044,6.290173,Nuit sans éclairage public,Hors agglomération,Hors intersection,Normale,Autre collision,1,3,4,0,2,1,2,0,1,130,1,2,1,1,0,0,25.0,,voiture,,3,1,1,1,6
202200038143,2022-01-17 14:26:00,2022,1,17,14,26,13,13211,A50-Sens Marseille vers Aubagne,43.289,5.446,Plein jour,Hors agglomération,Hors intersection,Normale,Deux véhicules - arrière,1,1,3,0,1,1,1,0,1,90,4,4,2,0,0,2,51.0,47.0,voiture,utilitaire_camion,1,1,1,1,2
202200038144,2022-09-12 10:40:00,2022,9,12,10,40,74,74058,Route des frasses,46.28549,6.811255,Plein jour,En agglomération,Hors intersection,Normale,Deux véhicules - côté,3,2,2,0,2,3,1,0,1,-1,2,3,2,0,0,1,56.0,59.0,deux_roues,utilitaire_camion,1,2,1,1,3