accident_id,datetime,annee,mois,jour,heure,minute,departement,commune_insee,adresse,latitude,longitude,luminosite,agglomeration,intersection,meteo,collision,catr,circ,nbv,vosp,prof,plan,surf,infra,situ,vma,nb_vehicules,nb_usagers,nb_indemnes,nb_tues,nb_blesses_hosp,nb_blesses_legers,age_cond_1,age_cond_2,veh_type_cond_1,veh_type_cond_2,lum_code,agg_code,int_code,atm_code,col_code
202200038237,2022-01-16 09:30:00,2022,1,16,9,30,71,71348,Route de la Bourse,46.534262,3.840866,Plein jour,Hors agglomération,Hors intersection,Temps couvert,Autre collision,3,2,2,0,1,1,2,0,8,80,1,1,0,1,0,0,85.0,,voiture,,1,1,1,8,6
202200038238,2022-12-05 19:45:00,2022,12,5,19,45,93,93029,Avenue Henri Barbusse,48.9191176084,2.4499163032,Nuit avec éclairage allumé,En agglomération,Hors intersection,Normale,Deux véhicules - frontale,3,2,2,0,1,1,1,0,1,50,2,2,1,0,0,1,35.0,34.0,voiture,deux_roues,5,2,1,1,1
202200038239,2022-01-16 23:24:00,2022,1,16,23,24,95,95116,RD 922,49.144283,2.330081,Nuit sans éclairage public,Hors agglomération,Hors intersection,Pluie légère,Autre collision,3,2,2,0,1,1,2,0,1,80,1,1,0,0,0,1,37.0,,deux_roues,,3,1,1,2,6
202200038240,2022-12-05 20:22:00,2022,12,5,20,22,93,93047,Avenue des Hirondelles / Avenue des Perdrix,48.8936,2.56461,Nuit avec éclairage allumé,En agglomération,Intersection en T,Normale,Deux véhicules - côté,4,2,2,0,1,1,2,0,1,50,2,2,1,0,0,1,34.0,21.0,deux_roues,voiture,5,2,3,1,3
202200038241,2022-01-16 19:45:00,2022,1,16,19,45,74,74238,1 Route des Grandes Alpes,46.245819,6.641608,Nuit avec éclairage allumé,Hors agglomération,Hors intersection,Normale,Deux véhicules - frontale,3,2,2,0,2,2,1,0,1,80,2,4,1,0,1,2,24.0,48.0,voiture,voiture,5,1,1,1,1
202200038242,2022-12-05 12:00:00,2022,12,5,12,0,92,92075,MARCEL YOL (RUE),48.8258226463,2.2894947231,Plein jour,En agglomération,Hors intersection,Pluie légère,Sans collision,4,2,2,0,1,1,2,0,1,30,1,1,0,0,0,1,23.0,,deux_roues,,1,2,1,2,7
202200038243,2022-01-17 09:20:00,2022,1,17,9,20,42,42239,Route de Saint Polgues,45.948554,3.98057,Plein jour,Hors agglomération,Hors intersection,Brouillard / fumée,Sans collision,3,2,2,0,2,2,2,0,3,80,1,2,0,0,2,0,20.0,,voiture,,1,1,1,5,7
202200038244,2022-01-16 12:30:00,2022,1,16,12,30,972,97225,Petit Reduit,14.762553,-61.160234,Plein jour,Hors agglomération,Hors intersection,Normale,Autre collision,2,2,2,0,2,2,1,0,1,80,1,1,0,1,0,0,16.0,,deux_roues,,1,1,1,1,6
202200038245,2022-12-06 15:00:00,2022,12,6,15,0,92,92022,SALENGRO (AVENUE ROGER),48.80534,2.18345,Plein jour,En agglomération,Hors intersection,Normale,Deux véhicules - côté,3,2,1,0,1,1,2,0,1,50,2,2,1,0,0,1,47.0,48.0,utilitaire_camion,deux_roues,1,2,1,1,3
202200038246,2022-01-13 15:50:00,2022,1,13,15,50,12,12033,Départementale 988,44.45093,2.72315,Plein jour,Hors agglomération,Intersection en T,Temps éblouissant,Deux véhicules - côté,3,2,3,0,2,1,1,5,1,90,2,2,1,0,0,1,38.0,80.0,voiture,deux_roues,1,1,3,7,3
202200038247,2022-12-06 19:00:00,2022,12,6,19,0,92,92033,PORTE JAUNE,48.849045,2.201054,Nuit avec éclairage allumé,En agglomération,Intersection à plus de 4 branches,Normale,Deux véhicules - côté,3,2,2,0,1,1,1,0,1,50,2,3,1,0,0,2,58.0,54.0,voiture,utilitaire_camion,5,2,5,1,3
202200038248,2022-07-15 11:30:00,2022,7,15,11,30,12,12254,D904,44.443892,2.579899,Plein jour,Hors agglomération,Hors intersection,Normale,Deux véhicules - arrière,3,2,2,0,1,1,1,0,1,90,2,2,1,0,1,0,17.0,17.0,deux_roues,deux_roues,1,1,1,1,2
202200038249,2022-01-16 16:15:00,2022,1,16,16,15,35,35272,D178,48.005637,-1.20112,Plein jour,Hors agglomération,Intersection en T,Brouillard / fumée,Deux véhicules - frontale,3,2,2,0,1,1,1,5,1,80,2,4,2,0,0,2,19.0,18.0,voiture,voiture,1,1,3,5,1
202200038250,2022-12-06 09:55:00,2022,12,6,9,55,92,92044,JEAN JAURES(RUE) 1A55 ET 2A54,48.891649,2.292849,Plein jour,En agglomération,Intersection en T,Temps couvert,Autre collision,4,1,1,0,1,1,1,0,1,50,1,2,0,0,0,2,81.0,,voiture,,1,2,3,8,6
202200038251,2022-07-15 10:45:00,2022,7,15,10,45,22,22195,Boudillo,48.839417,-3.120782,Plein jour,Hors agglomération,Hors intersection,Normale,Sans collision,4,2,2,0,1,1,1,0,3,80,1,2,1,0,1,0,16.0,,utilitaire_camion,,1,1,1,1,7
202200038252,2022-12-05 08:30:00,2022,12,5,8,30,92,92036,BASSIN N°6 (ROUTE DU),48.9447109103,2.2952279448,Plein jour,Hors agglomération,Intersection en X,Normale,Sans collision,4,2,3,0,1,1,1,0,1,50,1,2,1,0,0,1,24.0,,voiture,,1,1,2,1,7
202200038253,2022-01-15 03:45:00,2022,1,15,3,45,41,41276,autoroute A10 PK 149+200,47.622112,1.341751,Nuit sans éclairage public,Hors agglomération,Hors intersection,Brouillard / fumée,Trois véhicules et plus - collisions multiples,1,3,3,3,1,1,2,0,1,130,3,4,3,0,1,0,23.0,53.0,voiture,voiture,3,1,1,5,5
202200038254,2022-01-12 07:05:00,2022,1,12,7,5,06,06046,route de grenoble,43.763873,7.204971,Nuit avec éclairage allumé,En agglomération,Giratoire,Normale,Autre collision,7,1,2,0,1,1,1,0,1,50,1,2,1,0,0,1,58.0,,voiture,,5,2,6,1,6
202200038255,2022-07-16 13:30:00,2022,7,16,13,30,39,39441,Jacobeys (Téléski),46.451205,6.047512,Plein jour,Hors agglomération,Intersection en X,Normale,Deux véhicules - côté,3,2,2,3,1,1,1,5,1,70,2,2,1,0,1,0,57.0,28.0,voiture,deux_roues,1,1,2,1,3
202200038256,2022-12-06 18:05:00,2022,12,6,18,5,92,92025,COTES D'AUTY (RUE DES),48.916965,2.2278,Nuit avec éclairage allumé,En agglomération,Intersection en T,Normale,Deux véhicules - côté,4,1,1,0,1,1,1,0,1,30,2,2,1,0,0,1,58.0,,autre,utilitaire_camion,5,2,3,1,3
202200038257,2022-12-06 19:30:00,2022,12,6,19,30,92,92012,POINT DU JOUR (QUAI DU),48.83001,2.25637,Nuit avec éclairage allumé,En agglomération,Hors intersection,Normale,Deux véhicules - côté,3,1,1,0,1,1,1,0,1,50,2,2,0,0,0,2,47.0,29.0,deux_roues,deux_roues,5,2,1,1,3
202200038258,2022-07-12 21:27:00,2022,7,12,21,27,35,35331,Les 3 Routes,48.074541,-1.896161,Plein jour,Hors agglomération,Intersection en T,Normale,Deux véhicules - frontale,3,2,2,0,1,1,1,0,1,80,2,3,1,0,2,0,23.0,34.0,voiture,voiture,1,1,3,1,1
202200038259,2022-12-06 12:44:00,2022,12,6,12,44,92,92012,JEAN JAURES (BOULEVARD) 217/FIN - 210/FI,48.82773,2.24685,Plein jour,En agglomération,Hors intersection,Pluie légère,Sans collision,4,2,0,0,1,1,2,0,1,30,1,1,0,0,0,1,56.0,,deux_roues,,1,2,1,2,7
202200038260,2022-01-12 16:20:00,2022,1,12,16,20,71,71023,35 Route de Cuisery,46.657451,4.979094,Plein jour,Hors agglomération,Hors intersection,Normale,Trois véhicules et plus - collisions multiples,3,2,2,0,2,1,1,0,1,80,4,12,7,0,2,3,77.0,51.0,voiture,voiture,1,1,1,1,5
202200038261,2022-07-15 13:30:00,2022,7,15,13,30,29,29212,Kerjourden,48.361731,-4.6105241,Plein jour,Hors agglomération,Hors intersection,Normale,Deux véhicules - frontale,3,2,2,0,1,1,1,0,1,80,2,2,1,0,1,0,55.0,73.0,voiture,voiture,1,1,1,1,1
202200038262,2022-12-06 10:10:00,2022,12,6,10,10,92,92002,PARC DE SCEAUX,48.764693,2.306786,Plein jour,En agglomération,Hors intersection,Normale,Autre collision,4,-1,1,0,1,1,1,0,1,30,1,2,1,0,0,1,36.0,,utilitaire_camion,,1,2,1,1,6
202200038263,2022-07-13 15:15:00,2022,7,13,15,15,29,29158,38 Rue de Gouesnach Nevez,47.818155,-4.30913,Plein jour,Hors agglomération,Intersection en T,Normale,Deux véhicules - côté,3,2,2,0,1,1,1,0,1,80,2,2,1,0,0,1,28.0,43.0,autre,deux_roues,1,1,3,1,3
202200038264,2022-01-16 19:00:00,2022,1,16,19,0,47,47034,D933,44.4138989303,0.1251900194,Nuit sans éclairage public,Hors agglomération,Hors intersection,Brouillard / fumée,Trois véhicules et plus - collisions multiples,3,2,2,0,1,1,2,0,1,80,3,7,1,0,0,6,40.0,41.0,voiture,voiture,3,1,1,5,5
202200038265,2022-07-15 17:30:00,2022,7,15,17,30,29,29158,Route de Pors-Carn,47.8210779229,-4.3600616454,Plein jour,En agglomération,Hors intersection,Normale,Autre collision,4,2,2,0,1,2,1,0,3,-1,1,1,0,0,0,1,30.0,,deux_roues,,1,2,1,1,6
202200038266,2022-01-16 19:30:00,2022,1,16,19,30,61,61385,A 28 PK 206+300,48.809128,0.309572,Nuit sans éclairage public,Hors agglomération,Hors intersection,Pluie légère,Autre collision,1,3,4,0,1,1,2,0,1,130,1,1,0,0,0,1,23.0,,voiture,,3,1,1,2,6
202200038267,2022-12-07 12:45:00,2022,12,7,12,45,81,81209,D65,43.517148,2.382317,Plein jour,Hors agglomération,Hors intersection,Normale,Sans collision,3,2,2,0,2,2,1,0,3,90,1,5,3,1,1,0,18.0,,voiture,,1,1,1,1,7
202200038268,2022-07-16 09:00:00,2022,7,16,9,0,38,38181,Route des Thermes,45.350879,5.988493,Plein jour,Hors agglomération,Hors intersection,Normale,Autre collision,3,2,2,0,2,1,1,0,3,80,1,1,0,1,0,0,49.0,,voiture,,1,1,1,1,6
202200038269,2022-01-14 07:35:00,2022,1,14,7,35,62,62908,Rue Marcel Caudevelle,50.73141,1.707632,Nuit avec éclairage allumé,En agglomération,Intersection en T,Brouillard / fumée,Autre collision,3,2,2,0,1,1,2,0,1,30,1,2,1,0,0,1,53.0,,voiture,,5,2,3,5,6
202200038270,2022-12-06 17:00:00,2022,12,6,17,0,972,97221,Dede,14.520066,-60.939247,Plein jour,Hors agglomération,Intersection en T,Normale,Autre collision,3,2,2,0,2,2,1,0,3,70,1,2,0,0,2,0,17.0,,deux_roues,,1,1,3,1,6
202200038271,2022-07-16 19:10:00,2022,7,16,19,10,84,84052,D956,43.76235,5.581465,Plein jour,Hors agglomération,Autre intersection,Normale,Deux véhicules - frontale,3,2,2,0,1,2,1,0,3,80,1,1,0,1,0,0,49.0,,deux_roues,,1,1,9,1,1
202200038272,2022-01-15 15:25:00,2022,1,15,15,25,51,51291,Avenue de Champagne,49.3422487707,3.9146250486,Plein jour,Hors agglomération,Intersection en Y,Brouillard / fumée,Sans collision,3,2,2,0,1,3,7,0,1,-1,1,1,0,0,0,1,15.0,,deux_roues,,1,1,4,5,7
202200038273,2022-01-16 11:45:00,2022,1,16,11,45,51,51264,D373,48.794086,3.62669,Plein jour,Hors agglomération,Hors intersection,Brouillard / fumée,Sans collision,3,2,2,0,1,2,2,0,3,80,1,1,0,0,1,0,24.0,,voiture,,1,1,1,5,7
202200038274,2022-12-06 18:09:00,2022,12,6,18,9,08,08402,,49.5901,4.49388,Nuit sans éclairage public,Hors agglomération,Hors intersection,Pluie légère,Deux véhicules - arrière,1,1,4,0,1,1,2,0,1,130,2,3,2,0,1,0,56.0,31.0,voiture,utilitaire_camion,3,1,1,2,2
202200038275,2022-01-04 18:45:00,2022,1,4,18,45,56,56240,Rue Pere Marie Joseph Coudrin,47.524826,-2.76974,Nuit avec éclairage allumé,En agglomération,Hors intersection,Normale,Autre collision,4,2,2,0,1,1,1,0,1,50,1,2,1,0,1,0,23.0,,voiture,,5,2,1,1,6
202200038276,2022-12-06 18:45:00,2022,12,6,18,45,83,83116,,43.456556,5.845166,Nuit sans éclairage public,Hors agglomération,Hors intersection,Normale,Deux véhicules - arrière,3,2,2,0,1,1,1,0,1,80,2,2,1,0,1,0,38.0,16.0,voiture,deux_roues,3,1,1,1,2
202200038277,2022-01-13 04:50:00,2022,1,13,4,50,56,56004,Bellevue,47.521055,-2.374763,Nuit sans éclairage public,Hors agglomération,Hors intersection,Normale,Autre collision,3,2,2,0,1,1,1,0,3,80,1,1,0,0,1,0,52.0,,voiture,,3,1,1,1,6
202200038278,2022-07-16 16:50:00,2022,7,16,16,50,01,01323,Impasse Champ d Ete,46.427288,4.936481,Plein jour,En agglomération,Intersection en T,Normale,Deux véhicules - frontale,3,2,2,0,1,1,1,0,1,50,2,2,1,0,0,1,27.0,40.0,deux_roues,voiture,1,2,3,1,1
202200038279,2022-12-07 05:45:00,2022,12,7,5,45,51,51449,D931,49.208318,4.179182,Nuit sans éclairage public,Hors agglomération,Hors intersection,Normale,Deux véhicules - frontale,3,2,2,0,1,1,2,0,1,90,2,2,0,0,1,1,35.0,32.0,utilitaire_camion,voiture,3,1,1,1,1
202200038280,2022-07-16 13:00:00,2022,7,16,13,0,26,26328,Route de Saillans,44.694563,5.158489,Plein jour,Hors agglomération,Hors intersection,Normale,Sans collision,3,2,2,0,1,1,1,2,8,80,1,1,0,0,1,0,20.0,,deux_roues,,1,1,1,1,7
202200038281,2022-01-17 19:00:00,2022,1,17,19,0,79,79079,,46.933649,-0.768721,Nuit sans éclairage public,Hors agglomération,Intersection en T,Normale,Autre collision,3,2,2,0,1,1,1,0,3,80,1,1,0,0,1,0,52.0,,voiture,,3,1,3,1,6
202200038282,2022-12-02 20:35:00,2022,12,2,20,35,76,76548,D93,49.463383,1.339903,Nuit sans éclairage public,Hors agglomération,Hors intersection,Normale,Deux véhicules - frontale,3,2,2,0,1,3,1,0,3,80,2,2,1,0,0,1,35.0,,voiture,,3,1,1,1,1
202200038283,2022-07-15 16:45:00,2022,7,15,16,45,58,58151,D34,46.872118,3.460157,Plein jour,Hors agglomération,Hors intersection,Normale,Autre collision,3,2,2,0,1,1,1,0,3,80,1,2,1,0,1,0,75.0,,voiture,,1,1,1,1,6
202200038284,2022-01-17 12:58:00,2022,1,17,12,58,79,79185,,46.333773,-0.217431,Plein jour,Hors agglomération,Hors intersection,Temps couvert,Autre collision,3,2,2,0,1,1,2,0,3,80,1,2,0,0,2,0,38.0,,voiture,,1,1,1,8,6
202200038285,2022-07-16 16:15:00,2022,7,16,16,15,05,05179,21 route de Serres,44.52798,5.810502,Plein jour,Hors agglomération,Hors intersection,Normale,Deux véhicules - côté,3,2,2,0,1,1,1,0,1,90,2,3,1,0,2,0,47.0,52.0,voiture,voiture,1,1,1,1,3
202200038286,2022-01-15 11:30:00,2022,1,15,11,30,79,79066,Place du Champ de Foire,46.485272,-0.404606,Plein jour,En agglomération,Giratoire,Normale,Trois véhicules et plus - en chaîne,3,2,2,0,3,1,1,0,1,50,3,3,2,0,1,0,70.0,81.0,voiture,voiture,1,2,6,1,4
202200038287,2022-01-15 12:00:00,2022,1,15,12,0,2A,2A271,parking du décathlon,41.954137,8.795639,Plein jour,Hors agglomération,Hors intersection,Normale,Sans collision,6,-1, -1,0,1,1,1,0,1,30,1,1,0,0,0,1,38.0,,deux_roues,,1,1,1,1,7
202200038288,2022-12-07 07:45:00,2022,12,7,7,45,65,65271,D937 Route de Bagneres,43.094708,-0.006625,Crépuscule ou aube,Hors agglomération,Intersection en X,Normale,Deux véhicules - frontale,3,2,2,0,1,1,2,0,1,70,2,2,1,0,1,0,51.0,45.0,deux_roues,voiture,2,1,2,1,1
202200038289,2022-07-16 12:50:00,2022,7,16,12,50,53,53145,RD126 - PK 14+950,47.85815,-0.769427,Plein jour,Hors agglomération,Hors intersection,Normale,Deux véhicules - frontale,3,2,2,0,1,1,1,0,1,80,2,2,0,0,2,0,29.0,67.0,voiture,voiture,1,1,1,1,1
202200038290,2022-01-17 08:00:00,2022,1,17,8,0,80,80681,Route Departementale 920,49.764136,2.409697,Plein jour,Hors agglomération,Intersection en X,Brouillard / fumée,Deux véhicules - frontale,3,2,1,0,1,1,2,0,1,80,2,2,1,0,1,0,28.0,24.0,voiture,utilitaire_camion,1,1,2,5,1
202200038291,2022-12-06 11:57:00,2022,12,6,11,57,32,32319,Rue des pyrénées/Route de la fontaine,43.605008,0.048451,Plein jour,En agglomération,Intersection en T,Normale,Autre collision,3,2,2,0,1,1,1,0,8,50,1,1,0,1,0,0,74.0,,voiture,,1,2,3,1,6
202200038292,2022-01-17 14:00:00,2022,1,17,14,0,49,49125,Route départementale D174,47.190514,-0.210221,Plein jour,Hors agglomération,Hors intersection,Normale,Sans collision,3,2,2,0,1,1,1,0,3,80,1,1,0,0,0,1,39.0,,voiture,,1,1,1,1,7
202200038293,2022-07-15 19:25:00,2022,7,15,19,25,53,53062,Avenue Ambroise Paré,47.823063,-0.710663,Plein jour,En agglomération,Intersection en T,Normale,Deux véhicules - côté,3,3,2,0,2,1,1,5,1,70,2,2,1,0,1,0,20.0,53.0,deux_roues,voiture,1,2,3,1,3
202200038294,2022-01-12 15:15:00,2022,1,12,15,15,12,12133,D911,44.292305,2.561054,Plein jour,En agglomération,Hors intersection,Normale,Autre collision,3,2,2,0,1,1,1,0,1,50,1,2,1,0,0,1,67.0,,voiture,,1,2,1,1,6
202200038295,2022-12-05 09:50:00,2022,12,5,9,50,32,32210,D121,43.571499,1.128716,Plein jour,Hors agglomération,Autre intersection,Normale,Autre collision,3,2,2,0,2,1,1,0,3,80,1,1,0,0,1,0,52.0,,voiture,,1,1,9,1,6
202200038296,2022-07-16 11:25:00,2022,7,16,11,25,21,21086,Rue de la Créa,46.988611,4.828593,Plein jour,En agglomération,Hors intersection,Normale,Deux véhicules - frontale,4,2,2,0,1,1,1,0,1,50,2,2,1,0,1,0,76.0,59.0,voiture,deux_roues,1,2,1,1,1
202200038297,2022-01-17 14:30:00,2022,1,17,14,30,41,41059,Carrefour Carroir aux Moines / Le Plonnier - THENAY,47.382515,1.315033,Plein jour,Hors agglomération,Intersection en X,Normale,Deux véhicules - côté,4,2,2,0,1,1,2,5,1,80,2,7,6,0,1,0,40.0,35.0,voiture,voiture,1,1,2,1,3
202200038298,2022-12-07 17:40:00,2022,12,7,17,40,61,61233,cd 20,48.641207,-0.353582,Crépuscule ou aube,En agglomération,Hors intersection,Brouillard / fumée,Autre collision,3,2,2,0,1,1,6,2,3,50,1,1,0,1,0,0,37.0,,voiture,,2,2,1,5,6
202200038299,2022-07-16 11:10:00,2022,7,16,11,10,24,24026,bois de peyroux,45.15812,0.940254,Plein jour,Hors agglomération,Hors intersection,Normale,Sans collision,9,2,1,0,1,1,9,0,1,90,1,1,0,0,1,0,35.0,,deux_roues,,1,1,1,1,7
202200038300,2022-01-14 07:30:00,2022,1,14,7,30,41,41043,Les Chemineaux,47.302008,1.510706,Crépuscule ou aube,Hors agglomération,Intersection en X,Brouillard / fumée,Deux véhicules - côté,3,2,2,0,3,2,1,0,1,-1,2,2,1,0,1,0,25.0,21.0,utilitaire_camion,voiture,2,1,2,5,3
202200038301,2022-01-16 16:55:00,2022,1,16,16,55,34,34094,D15,43.432837,3.256094,Plein jour,Hors agglomération,Hors intersection,Normale,Autre collision,3,2,2,0,2,2,1,0,3,80,1,1,0,0,1,0,38.0,,voiture,,1,1,1,1,6
202200038302,2022-12-06 16:08:00,2022,12,6,16,8,39,39013,,46.898788,5.745392,Plein jour,Hors agglomération,Hors intersection,Normale,Deux véhicules - frontale,2,2,2,0,1,1,1,0,1,80,2,2,1,0,0,1,55.0,58.0,utilitaire_camion,voiture,1,1,1,1,1
202200038303,2022-07-13 11:20:00,2022,7,13,11,20,85,85284,05 rue de Nantes,46.797089,-1.89956,Plein jour,En agglomération,Hors intersection,Normale,Autre collision,3,2,2,0,1,1,1,0,1,50,1,2,1,0,1,0,86.0,,voiture,,1,2,1,1,6
202200038304,2022-01-17 13:15:00,2022,1,17,13,15,68,68258,10 Rue du Lieutenant Emile Guene,47.837512,7.302818,Plein jour,En agglomération,Hors intersection,Normale,Autre collision,4,2,2,0,1,1,1,0,1,50,1,2,1,1,0,0,40.0,,utilitaire_camion,,1,2,1,1,6
202200038305,2022-01-12 16:10:00,2022,1,12,16,10,44,44131,Boulevard de Baiona,47.123304,-2.123521,Plein jour,En agglomération,Giratoire,Normale,Deux véhicules - côté,3,-1,1,0,1,2,1,5,1,50,2,2,1,0,1,0,59.0,56.0,deux_roues,voiture,1,2,6,1,3
202200038306,2022-07-15 17:15:00,2022,7,15,17,15,27,27049,D34,49.023377,0.620373,Plein jour,Hors agglomération,Intersection en T,Temps éblouissant,Deux véhicules - côté,3,2,2,0,1,1,1,0,1,80,2,2,1,0,1,0,38.0,63.0,voiture,deux_roues,1,1,3,7,3
202200038307,2022-01-17 12:30:00,2022,1,17,12,30,29,29146,D70 - Lieu Dit Penhoat Cadol,47.93089,-3.888082,Plein jour,Hors agglomération,Intersection en X,Normale,Autre collision,3,2,2,0,1,2,1,0,1,80,1,1,0,0,1,0,54.0,,utilitaire_camion,,1,1,2,1,6
202200038308,2022-12-07 05:20:00,2022,12,7,5,20,02,02664,,48.929083,3.470242,Nuit avec éclairage non allumé,Hors agglomération,Hors intersection,Brouillard / fumée,Trois véhicules et plus - collisions multiples,3,2,2,0,1,1,1,0,1,80,4,5,1,1,1,2,28.0,33.0,voiture,voiture,4,1,1,5,5
202200038309,2022-01-16 17:10:00,2022,1,16,17,10,29,29004,D765 - Passage Lucien Picard,47.932518,-3.698745,Plein jour,En agglomération,Intersection en T,Normale,Autre collision,4,1,1,0,1,1,1,0,1,50,1,2,1,0,1,0,35.0,,voiture,,1,2,3,1,6
202200038310,2022-12-06 15:00:00,2022,12,6,15,0,84,84089,Avenue du 8 Mai 1945,43.68644,5.502171,Plein jour,En agglomération,Hors intersection,Normale,Deux véhicules - côté,7,2,2,0,2,1,1,0,1,50,1,2,1,0,1,0,62.0,,utilitaire_camion,,1,2,1,1,3
202200038311,2022-07-15 21:15:00,2022,7,15,21,15,30,30327,D.979,44.228857,4.316576,Crépuscule ou aube,Hors agglomération,Hors intersection,Normale,Deux véhicules - frontale,3,2,2,0,2,1,1,0,1,80,2,3,0,1,0,2,58.0,54.0,voiture,voiture,2,1,1,1,1
202200038312,2022-01-17 06:40:00,2022,1,17,6,40,29,29020,D785 - Les Trois Croix,48.123236071,-4.0204639435,Nuit sans éclairage public,Hors agglomération,Intersection en T,Brouillard / fumée,Deux véhicules - côté,3,2,2,0,2,1,1,5,1,80,2,2,0,0,0,2,59.0,43.0,voiture,utilitaire_camion,3,1,3,5,3
202200038313,2022-07-16 04:37:00,2022,7,16,4,37,72,72139,"rd338, pk 85+300",48.318275,0.094306,Nuit sans éclairage public,Hors agglomération,Hors intersection,Normale,Autre collision,3,2,2,0,1,1,1,0,1,90,1,2,1,1,0,0,26.0,,utilitaire_camion,,3,1,1,1,6
202200038314,2022-12-07 12:36:00,2022,12,7,12,36,85,85146,RD 23 rue meslay des landes,46.966374,-1.285956,Plein jour,Hors agglomération,Hors intersection,Normale,Deux véhicules - arrière,3,2,2,0,1,1,1,0,1,80,2,6,1,0,0,5,53.0,61.0,transport_commun,transport_commun,1,1,1,1,2
202200038315,2022-01-17 06:50:00,2022,1,17,6,50,31,31037,D43,43.391639,1.799269,Nuit sans éclairage public,Hors agglomération,Hors intersection,Brouillard / fumée,Autre collision,3,2,2,0,1,1,7,0,3,90,1,1,0,1,0,0,25.0,,voiture,,3,1,1,5,6
202200038316,2022-07-16 08:30:00,2022,7,16,8,30,42,42041,A72,45.690683,4.156469,Plein jour,Hors agglomération,Hors intersection,Normale,Autre collision,1,3,4,0,1,1,1,0,2,130,1,1,0,0,0,1,19.0,,utilitaire_camion,,1,1,1,1,6
202200038317,2022-12-07 18:20:00,2022,12,7,18,20,58,58149,route de saint honoré,46.802263,3.96703,Nuit avec éclairage allumé,En agglomération,Hors intersection,Normale,Deux véhicules - frontale,3,2,2,0,2,1,1,0,1,70,2,2,1,0,0,1,32.0,69.0,voiture,voiture,5,2,1,1,1
202200038318,2022-01-17 07:24:00,2022,1,17,7,24,31,31582,Le Rec,43.415429,1.741247,Nuit sans éclairage public,Hors agglomération,Hors intersection,Brouillard / fumée,Deux véhicules - arrière,3,2,2,0,2,2,7,0,1,80,2,2,0,1,0,1,44.0,45.0,voiture,voiture,3,1,1,5,2
202200038319,2022-01-17 08:30:00,2022,1,17,8,30,43,43265,RD 47,45.257504,4.163969,Plein jour,Hors agglomération,Hors intersection,Brouillard / fumée,Sans collision,3,2,2,0,1,1,7,0,1,80,1,2,1,0,0,1,35.0,,transport_commun,,1,1,1,5,7
202200038320,2022-12-07 10:40:00,2022,12,7,10,40,58,58095,D137,46.802777,3.470874,Plein jour,Hors agglomération,Autre intersection,Normale,Deux véhicules - côté,3,2,2,0,1,1,1,0,1,80,2,2,1,0,0,1,36.0,21.0,utilitaire_camion,voiture,1,1,9,1,3
202200038321,2022-07-16 05:00:00,2022,7,16,5,0,69,69244,Avenue Charles de Gaulle,45.758261,4.774788,Plein jour,En agglomération,Intersection à plus de 4 branches,Normale,Deux véhicules - côté,7,2,3,3,1,1,1,0,1,50,2,2,1,0,0,1,32.0,59.0,voiture,voiture,1,2,5,1,3
202200038322,2022-01-16 12:55:00,2022,1,16,12,55,21,21663,D954,47.543348,4.480603,Plein jour,Hors agglomération,Hors intersection,Normale,Autre collision,3,2,2,0,1,2,1,9,3,80,1,1,0,0,1,0,35.0,,voiture,,1,1,1,1,6
202200038323,2022-12-05 16:10:00,2022,12,5,16,10,14,14570,D519,49.059976,0.344825,Plein jour,Hors agglomération,Hors intersection,Normale,Sans collision,3,2,2,0,2,1,1,0,1,80,1,1,0,0,0,1,34.0,,deux_roues,,1,1,1,1,7
202200038324,2022-12-07 12:20:00,2022,12,7,12,20,14,14194,D75,49.079393,0.376256,Plein jour,Hors agglomération,Hors intersection,Temps couvert,Autre collision,3,2,2,0,2,3,2,2,1,50,1,1,0,0,0,1,22.0,,voiture,,1,1,1,8,6
202200038325,2022-01-15 21:10:00,2022,1,15,21,10,21,21534,D20,47.0408419504,4.8992497288,Nuit sans éclairage public,Hors agglomération,Hors intersection,Brouillard / fumée,Deux véhicules - frontale,3,2,2,0,1,1,1,0,1,80,2,4,0,1,2,1,45.0,31.0,utilitaire_camion,voiture,3,1,1,5,1
202200038326,2022-12-06 22:40:00,2022,12,6,22,40,85,85146,la moctière,47.005487,-1.28377094,Nuit sans éclairage public,Hors agglomération,Hors intersection,Normale,Autre collision,3,-1,2,0,1,3,1,0,8,50,1,1,0,0,1,0,27.0,,utilitaire_camion,,3,1,1,1,6
202200038327,2022-01-14 13:15:00,2022,1,14,13,15,40,40250,Allee des Mesanges,43.914604,-0.446094,Plein jour,Hors agglomération,Intersection en T,Normale,Deux véhicules - côté,4,2,2,0,1,1,1,0,1,50,2,4,3,0,1,0,19.0,20.0,voiture,voiture,1,1,3,1,3
202200038328,2022-07-15 18:25:00,2022,7,15,18,25,69,69115,Autoroute 6,45.973214,4.731433,Plein jour,Hors agglomération,Hors intersection,Normale,Trois véhicules et plus - en chaîne,1,-1,0,0,1,1,1,7,8,90,3,8,5,0,1,2,32.0,19.0,voiture,voiture,1,1,1,1,4