accident_id,datetime,annee,mois,jour,heure,minute,departement,commune_insee,adresse,latitude,longitude,luminosite,agglomeration,intersection,meteo,collision,catr,circ,nbv,vosp,prof,plan,surf,infra,situ,vma,nb_vehicules,nb_usagers,nb_indemnes,nb_tues,nb_blesses_hosp,nb_blesses_legers,age_cond_1,age_cond_2,veh_type_cond_1,veh_type_cond_2,lum_code,agg_code,int_code,atm_code,col_code
202200038511,2022-07-14 18:25:00,2022,7,14,18,25,75,75111,AVENUE DE LA REPUBLIQUE,48.86647,2.368208,Plein jour,En agglomération,Intersection en Y,Normale,Deux véhicules - côté,4,2,4,1,1,1,1,0,5,30,2,2,1,0,0,1,34.0,21.0,deux_roues,voiture,1,2,4,1,3
202200038512,2022-02-25 23:10:00,2022,2,25,23,10,974,97414,Avenue Principale,-21.2841909861,55.4045516328,Nuit sans éclairage public,En agglomération,Hors intersection,Normale,Deux véhicules - arrière,2,2,2,0,1,1,1,0,1,50,2,2,1,1,0,0,64.0,,deux_roues,voiture,3,2,1,1,2
202200038513,2022-07-14 08:40:00,2022,7,14,8,40,75,75109,RUE DE MAUBEUGE,48.878311,2.344962,Plein jour,En agglomération,Intersection à plus de 4 branches,Normale,Deux véhicules - côté,4,1,2,0,2,1,1,0,1,30,2,2,1,0,0,1,37.0,36.0,voiture,deux_roues,1,2,5,1,3
202200038514,2022-02-26 22:13:00,2022,2,26,22,13,34,34163,A750 - Pk 14.314 sens Sud vers Nord,43.6302097719,3.7159755325,Nuit sans éclairage public,Hors agglomération,Hors intersection,Normale,Autre collision,1,1,2,0,1,1,1,0,1,130,2,5,4,0,0,1,35.0,35.0,voiture,voiture,3,1,1,1,6
202200038515,2022-07-14 17:25:00,2022,7,14,17,25,75,75114,RUE D ALESIA,48.826481,2.341599,Plein jour,En agglomération,Intersection en X,Normale,Deux véhicules - côté,4,2,4,3,1,1,1,0,1,30,2,2,1,0,0,1,40.0,30.0,utilitaire_camion,deux_roues,1,2,2,1,3
202200038516,2022-02-27 05:30:00,2022,2,27,5,30,62,62437,22 Rue de Verchocq,50.546565,1.999571,Nuit sans éclairage public,En agglomération,Hors intersection,Normale,Autre collision,3,2,2,0,2,1,1,0,8,50,1,1,0,0,1,0,19.0,,voiture,,3,2,1,1,6
202200038517,2022-07-14 03:25:00,2022,7,14,3,25,75,75107,RUE DE GRENELLE,48.857498,2.305353,Nuit avec éclairage allumé,En agglomération,Intersection en T,Normale,Autre collision,4,1,1,1,1,1,1,0,1,30,1,1,0,0,0,1,19.0,,deux_roues,,5,2,3,1,6
202200038518,2022-02-27 00:10:00,2022,2,27,0,10,83,83140,Route départementale 205 PK 3 + 221,43.40299,5.946039,Nuit sans éclairage public,Hors agglomération,Hors intersection,Normale,Autre collision,3,2,2,0,1,2,1,0,1,80,1,2,0,0,1,1,33.0,,voiture,,3,1,1,1,6
202200038519,2022-08-24 08:35:00,2022,8,24,8,35,988,98818,RUE MAURICE MEUNIER/RUE ARNOLD DALY,-22.26837,166.47266,Plein jour,En agglomération,Intersection en T,Normale,Deux véhicules - côté,4,3,2,1,4,3,1,0,1,50,2,2,1,0,0,1,54.0,66.0,deux_roues,voiture,1,2,3,1,3
202200038520,2022-07-14 02:45:00,2022,7,14,2,45,75,75107,BOULEVARD SAINT GERMAIN,48.859051,2.322637,Nuit avec éclairage allumé,En agglomération,Intersection en Y,Normale,Sans collision,4,2,4,0,1,2,1,0,1,30,1,1,0,0,0,1,41.0,,deux_roues,,5,2,4,1,7
202200038521,2022-02-27 10:00:00,2022,2,27,10,0,57,57016,D23,49.281874,6.547616,Plein jour,Hors agglomération,Hors intersection,Normale,Autre collision,3,2,2,0,3,1,1,0,1,80,1,2,1,0,0,1,82.0,,voiture,,1,1,1,1,6
202200038522,2022-08-22 11:20:00,2022,8,22,11,20,976,97611,tsoundzou-KOUALE ( rue de ),-12.81124,45.20282,Plein jour,En agglomération,Hors intersection,Normale,Deux véhicules - frontale,4,2,2,0,1,1,1,0,1,50,2,2,1,0,0,1,24.0,27.0,deux_roues,voiture,1,2,1,1,1
202200038523,2022-07-14 18:30:00,2022,7,14,18,30,75,75104,RUE DE RIVOLI,48.856284,2.356603,Plein jour,En agglomération,Intersection en X,Normale,Sans collision,4,3,3,1,1,1,1,0,1,30,1,1,0,0,0,1,47.0,,deux_roues,,1,2,2,1,7
202200038524,2022-02-26 17:40:00,2022,2,26,17,40,51,51620,D63,49.161958,4.866772,Plein jour,Hors agglomération,Hors intersection,Normale,Deux véhicules - frontale,3,2,2,0,3,2,1,0,1,80,2,3,1,0,1,1,61.0,34.0,voiture,voiture,1,1,1,1,1
202200038525,2022-08-22 16:25:00,2022,8,22,16,25,974,97416,RN1 (ROUTE NATIONALE),-21.287429,55.509633,Plein jour,Hors agglomération,Hors intersection,Normale,Deux véhicules - arrière,2,3,4,0,1,1,1,0,1,90,2,2,0,0,1,1,48.0,47.0,voiture,deux_roues,1,1,1,1,2
202200038526,2022-07-14 13:15:00,2022,7,14,13,15,75,75103,RUE DE TURBIGO,48.866465,2.360439,Plein jour,En agglomération,Intersection en Y,Normale,Autre collision,4,1,2,0,1,1,1,0,1,30,1,2,1,0,0,1,46.0,,deux_roues,,1,2,4,1,6
202200038527,2022-02-27 06:50:00,2022,2,27,6,50,81,81272,rd999 PK63+700,43.921038,1.617367,Nuit sans éclairage public,Hors agglomération,Hors intersection,Normale,Autre collision,3,2,2,0,1,1,1,0,3,90,1,1,0,1,0,0,49.0,,utilitaire_camion,,3,1,1,1,6
202200038528,2022-08-22 14:45:00,2022,8,22,14,45,974,97411,EST (DE L'),-20.87716,55.45517,Plein jour,En agglomération,Hors intersection,Normale,Sans collision,4,1,1,0,1,1,1,0,1,30,1,1,0,0,0,1,39.0,,deux_roues,,1,2,1,1,7
202200038529,2022-07-14 14:55:00,2022,7,14,14,55,94,94046,GENERAL LECLERC (AV DU),48.81009,2.43293,Plein jour,En agglomération,Intersection en T,Temps éblouissant,Deux véhicules - côté,3,-1,4,0,1,1,1,0,1,50,2,2,1,0,0,1,30.0,31.0,voiture,deux_roues,1,2,3,7,3
202200038530,2022-02-26 19:00:00,2022,2,26,19,0,11,11269,RD 13 - Route d'Ouveillan,43.29397,2.968369,Nuit sans éclairage public,En agglomération,Hors intersection,Normale,Deux véhicules - arrière,3,2,2,0,1,1,1,9,1,80,2,3,1,1,1,0,51.0,65.0,voiture,voiture,3,2,1,1,2
202200038531,2022-08-23 21:35:00,2022,8,23,21,35,973,97302,VOLTAIRE(AVENUE),4.9418123664,-52.3247493804,Nuit avec éclairage allumé,En agglomération,Hors intersection,Normale,Sans collision,4,1,2,0,1,1,1,0,1,50,1,1,0,0,0,1,30.0,,deux_roues,,5,2,1,1,7
202200038532,2022-08-23 20:00:00,2022,8,23,20,0,973,97302,MONTABO (ROUTE DE) 4,4.9281112131,-52.2900778055,Nuit avec éclairage non allumé,En agglomération,Hors intersection,Normale,Sans collision,3,2,2,0,1,2,1,0,4,50,1,1,0,0,0,1,42.0,,voiture,,4,2,1,1,7
202200038533,2022-02-27 16:00:00,2022,2,27,16,0,34,34175,D908,43.605816,3.369284,Plein jour,Hors agglomération,Hors intersection,Normale,Trois véhicules et plus - collisions multiples,3,-1,2,0,2,2,1,0,1,80,3,3,2,0,1,0,70.0,20.0,voiture,voiture,1,1,1,1,5
202200038534,2022-07-14 03:35:00,2022,7,14,3,35,94,94079,Rue de Coeuilly / Chemin des Lyonnes,48.8195582489,2.5435307622,Nuit avec éclairage allumé,En agglomération,Intersection en X,Normale,Deux véhicules - côté,4,1,1,0,2,1,1,0,1,30,2,5,2,0,0,3,19.0,32.0,voiture,voiture,5,2,2,1,3
202200038535,2022-08-22 11:45:00,2022,8,22,11,45,973,97302,MANDELA  (BOULEVARD),4.9390212079,-52.3263680935,Plein jour,En agglomération,Hors intersection,Normale,Deux véhicules - côté,3,2,2,0,1,1,1,9,1,50,2,3,2,0,0,1,44.0,20.0,deux_roues,voiture,1,2,1,1,3
202200038536,2022-02-26 17:40:00,2022,2,26,17,40,35,35132,D155/ chemin de la Ville Es Brune,48.609292,-1.819804,Plein jour,En agglomération,Hors intersection,Temps éblouissant,Deux véhicules - frontale,3,2,2,0,1,1,1,0,1,70,2,3,2,1,0,0,59.0,51.0,utilitaire_camion,deux_roues,1,2,1,7,1
202200038537,2022-07-14 20:50:00,2022,7,14,20,50,93,93066,Rue du Fort de la Briche,48.9453852176,2.3427451551,Plein jour,En agglomération,Hors intersection,Normale,Deux véhicules - côté,3,2,2,0,2,1,1,5,1,50,2,2,1,0,0,1,28.0,29.0,voiture,deux_roues,1,2,1,1,3
202200038538,2022-02-26 19:30:00,2022,2,26,19,30,35,35060,L Aubriais,48.199929,-1.995483,Nuit sans éclairage public,Hors agglomération,Hors intersection,Normale,Autre collision,3,2,2,0,1,1,1,0,8,-1,1,1,0,0,1,0,33.0,,voiture,,3,1,1,1,6
202200038539,2022-07-14 19:01:00,2022,7,14,19,1,93,93053,Rue du Père Guihaire / Avenue Hoche,48.8899,2.45105,Plein jour,En agglomération,Intersection en T,Normale,Deux véhicules - frontale,4,2,2,0,1,3,1,0,1,30,2,2,1,0,1,0,18.0,48.0,deux_roues,voiture,1,2,3,1,1
202200038540,2022-08-23 10:55:00,2022,8,23,10,55,973,97302,RABAN (ROUTE DE),4.9335306024,-52.3133245111,Plein jour,En agglomération,Intersection en X,Normale,Deux véhicules - côté,4,2,2,0,1,1,1,0,1,50,2,3,2,0,0,1,77.0,45.0,voiture,deux_roues,1,2,2,1,3
202200038541,2022-02-27 17:15:00,2022,2,27,17,15,02,02071,D139,49.409888,3.128486,Plein jour,Hors agglomération,Hors intersection,Normale,Autre collision,3,2,2,0,1,3,1,0,3,80,1,1,0,0,1,0,36.0,,deux_roues,,1,1,1,1,6
202200038542,2022-08-23 07:25:00,2022,8,23,7,25,973,97302,BADUEL (ROND POINT DE),4.93316,-52.30962,Plein jour,En agglomération,Giratoire,Temps couvert,Sans collision,3,1,2,0,1,1,1,0,1,50,1,1,0,0,0,1,44.0,,deux_roues,,1,2,6,8,7
202200038543,2022-07-14 00:30:00,2022,7,14,0,30,93,93029,Avenue Henri Barbusse,48.91629,2.44381,Nuit avec éclairage allumé,En agglomération,Hors intersection,Normale,Autre collision,3,2,2,0,1,1,1,0,1,50,2,3,2,0,1,0,20.0,35.0,voiture,deux_roues,5,2,1,1,6
202200038544,2022-02-26 19:05:00,2022,2,26,19,5,03,03003,Lieu-Dit la Bête,46.71026,2.716008,Nuit sans éclairage public,Hors agglomération,Hors intersection,Normale,Autre collision,3,2,2,0,4,2,1,2,3,45,1,1,0,0,1,0,15.0,,deux_roues,,3,1,1,1,6
202200038545,2022-02-26 10:40:00,2022,2,26,10,40,01,01108,285 Grande Rue,46.383261,5.345517,Plein jour,En agglomération,Hors intersection,Normale,Autre collision,3,2,2,0,1,1,1,0,1,50,1,2,1,0,1,0,51.0,,voiture,,1,2,1,1,6
202200038546,2022-08-23 21:45:00,2022,8,23,21,45,69,69382,Quai Docteur Gailleton,45.75304,4.83393,Nuit avec éclairage allumé,En agglomération,Intersection en T,Normale,Deux véhicules - côté,4,2,6,3,1,1,1,0,1,50,2,2,1,0,0,1,53.0,30.0,voiture,deux_roues,5,2,3,1,3
202200038547,2022-07-14 18:13:00,2022,7,14,18,13,92,92044,LOUIS ROUQUIER (RUE)113+ ET 106+,48.8930932915,2.2927031815,Plein jour,En agglomération,Intersection en X,Normale,Deux véhicules - côté,4,1,1,0,1,1,1,0,1,50,2,2,1,0,0,1,18.0,33.0,deux_roues,voiture,1,2,2,1,3
202200038548,2022-02-27 17:50:00,2022,2,27,17,50,14,14706,D579,49.320178,0.192035,Plein jour,En agglomération,Hors intersection,Normale,Deux véhicules - frontale,3,2,2,0,2,1,1,0,1,50,2,2,1,0,1,0,19.0,54.0,deux_roues,voiture,1,2,1,1,1
202200038549,2022-07-14 18:45:00,2022,7,14,18,45,92,92026,Europe ( rond point de l' ),48.9054119323,2.256272614,Plein jour,En agglomération,Hors intersection,Normale,Deux véhicules - côté,3,1,2,1,1,2,1,0,1,50,2,2,1,0,0,1,28.0,34.0,deux_roues,deux_roues,1,2,1,1,3
202200038550,2022-08-23 15:30:00,2022,8,23,15,30,69,69381,Quai Jean Moulin,45.76814,4.83787,Plein jour,En agglomération,Intersection en T,Normale,Sans collision,4,2,6,3,1,1,1,0,1,50,2,2,1,0,1,0,24.0,16.0,utilitaire_camion,deux_roues,1,2,3,1,7
202200038551,2022-02-27 14:20:00,2022,2,27,14,20,50,50108,D43,48.625979,-1.383089,Plein jour,Hors agglomération,Intersection en T,Normale,Deux véhicules - côté,3,2,2,0,1,1,1,0,1,80,2,2,1,0,1,0,35.0,26.0,voiture,deux_roues,1,1,3,1,3
202200038552,2022-08-23 12:00:00,2022,8,23,12,0,69,69389,Quai Arloing,45.77346,4.80932,Plein jour,En agglomération,Hors intersection,Normale,Deux véhicules - côté,4,1,2,2,1,1,1,0,1,50,2,2,1,0,0,1,65.0,63.0,voiture,deux_roues,1,2,1,1,3
202200038553,2022-07-14 19:30:00,2022,7,14,19,30,54,54168,Rue Louis Pasteur,48.744238574,6.2545767319,Plein jour,Hors agglomération,Hors intersection,Normale,Sans collision,4,2,2,0,2,1,1,0,1,80,1,2,1,0,1,0,24.0,,deux_roues,,1,1,1,1,7
202200038554,2022-08-24 00:20:00,2022,8,24,0,20,2A,2A004,BIANCARELLO CHEMIN,41.9336048132,8.7335434557,Nuit avec éclairage allumé,En agglomération,Hors intersection,Normale,Sans collision,4,2,2,0,3,2,1,0,1,50,1,2,1,0,0,1,21.0,,voiture,,5,2,1,1,7
202200038555,2022-07-13 16:30:00,2022,7,13,16,30,67,67061,D133,48.820329,7.448366,Plein jour,Hors agglomération,Hors intersection,Normale,Deux véhicules - arrière,3,2,2,0,1,1,1,0,1,80,2,2,1,1,0,0,36.0,57.0,voiture,deux_roues,1,1,1,1,2
202200038556,2022-08-22 19:40:00,2022,8,22,19,40,2A,2A004,CAPO DI FENO RTE,41.91591,8.64353,Plein jour,Hors agglomération,Hors intersection,Normale,Sans collision,3,2,2,0,2,3,1,0,3,50,1,2,0,0,0,2,26.0,,deux_roues,,1,1,1,1,7
202200038557,2022-07-12 20:30:00,2022,7,12,20,30,68,68300,Route Départementale 55,47.784788,7.433474,Crépuscule ou aube,Hors agglomération,Hors intersection,Normale,Deux véhicules - côté,3,3,4,0,1,1,1,0,1,90,2,2,1,0,1,0,54.0,43.0,voiture,deux_roues,2,1,1,1,3
202200038558,2022-02-26 16:40:00,2022,2,26,16,40,45,45146,12 Rue Charles Pierre,47.715612,1.939151,Plein jour,En agglomération,Intersection en X,Temps éblouissant,Deux véhicules - côté,4,2,2,0,1,1,1,0,1,50,2,3,2,0,0,1,25.0,50.0,deux_roues,voiture,1,2,2,7,3
202200038559,2022-07-14 19:20:00,2022,7,14,19,20,41,41252,A10,47.688186,1.426549,Plein jour,Hors agglomération,Autre intersection,Normale,Autre collision,1,3,3,0,1,1,1,0,3,130,1,1,0,0,0,1,31.0,,utilitaire_camion,,1,1,9,1,6
202200038560,2022-08-20 23:00:00,2022,8,20,23,0,95,95210,Rue du Général de Gaulle,48.966092579,2.3008807003,Nuit avec éclairage allumé,En agglomération,Intersection en T,Normale,Deux véhicules - côté,3,2,2,0,1,1,1,5,1,50,2,2,1,0,0,1,,28.0,voiture,deux_roues,5,2,3,1,3
202200038561,2022-02-26 15:35:00,2022,2,26,15,35,18,18197,Avenue du Général-de-Gaulle,46.735383,2.489777,Plein jour,En agglomération,Hors intersection,Normale,Autre collision,6,-1, -1,0,1,1,1,0,8,50,1,2,1,0,1,0,57.0,,voiture,,1,2,1,1,6
202200038562,2022-02-25 21:10:00,2022,2,25,21,10,10,10043,D8,48.545762,4.029048,Nuit sans éclairage public,Hors agglomération,Hors intersection,Normale,Sans collision,3,2,2,0,1,1,1,0,3,-1,1,1,0,0,1,0,35.0,,voiture,,3,1,1,1,7
202200038563,2022-08-23 20:50:00,2022,8,23,20,50,91,91589,BD ARISTIDE BRIAND,48.675441,2.339505,Crépuscule ou aube,En agglomération,Hors intersection,Normale,Deux véhicules - côté,4,2,2,0,1,1,1,0,1,50,2,2,1,0,0,1,33.0,34.0,voiture,deux_roues,2,2,1,1,3
202200038564,2022-07-14 19:50:00,2022,7,14,19,50,50,50601,a84 pk 220+800,48.997705,-0.913711,Plein jour,Hors agglomération,Hors intersection,Normale,Deux véhicules - arrière,1,1,4,0,2,1,1,0,1,130,2,3,2,0,1,0,40.0,78.0,voiture,voiture,1,1,1,1,2
202200038565,2022-07-14 22:00:00,2022,7,14,22,0,14,14579,A84 ,49.0504904983,-0.715227127,Plein jour,Hors agglomération,Hors intersection,Normale,Autre collision,1,3,4,0,1,2,1,0,1,130,1,1,0,0,0,1,22.0,,voiture,,1,1,1,1,6
202200038566,2022-02-27 08:20:00,2022,2,27,8,20,53,53045,Le Pré-du-Bois,48.075986,-0.987965,Plein jour,Hors agglomération,Hors intersection,Normale,Sans collision,3,2,2,0,2,3,1,0,3,-1,1,1,0,0,1,0,33.0,,voiture,,1,1,1,1,7
202200038567,2022-07-20 15:30:00,2022,7,20,15,30,84,84031,KENNEDY AVENUE JOHN .F.,44.04251,5.03746,Plein jour,En agglomération,Intersection en T,Normale,Deux véhicules - côté,4,2,2,0,1,1,1,0,1,50,2,2,1,0,1,0,51.0,49.0,utilitaire_camion,deux_roues,1,2,3,1,3
202200038568,2022-07-15 04:40:00,2022,7,15,4,40,87,87122,"A20, PR 156.250, sens CHATEAUROUX - LIMOGES",46.042631,1.352067,Nuit sans éclairage public,Hors agglomération,Autre intersection,Normale,Autre collision,1,3,4,0,2,1,1,0,2,130,1,1,0,0,0,1,38.0,,deux_roues,,3,1,9,1,6
202200038569,2022-02-18 05:00:00,2022,2,18,5,0,21,21317,D959 Route de chatillon,47.53821,5.128942,Nuit sans éclairage public,Hors agglomération,Hors intersection,Normale,Deux véhicules - arrière,3,2,2,0,1,1,1,0,1,90,2,2,1,0,0,1,39.0,20.0,deux_roues,voiture,3,1,1,1,2
202200038570,2022-08-19 12:15:00,2022,8,19,12,15,80,80021,JULES BARNI (RUE),49.88694,2.31619,Plein jour,En agglomération,Hors intersection,Normale,Autre collision,4,2,3,0,1,1,1,0,1,50,1,2,1,0,0,1,49.0,,utilitaire_camion,,1,2,1,1,6
202200038571,2022-07-14 18:45:00,2022,7,14,18,45,62,62611,D34,50.2442729359,2.8125288212,Plein jour,Hors agglomération,Hors intersection,Normale,Autre collision,3,2,2,0,1,1,1,0,1,80,1,1,0,0,0,1,36.0,,voiture,,1,1,1,1,6
202200038572,2022-02-26 12:45:00,2022,2,26,12,45,85,85018,Rue du 11 Novembre,46.916399,-2.042301,Plein jour,En agglomération,Intersection en T,Temps éblouissant,Autre collision,4,2,2,0,1,2,1,0,1,50,1,2,1,0,1,0,86.0,,voiture,,1,2,3,7,6
202200038573,2022-07-14 16:10:00,2022,7,14,16,10,57,57623,D44,48.547364542,7.1780795407,Plein jour,Hors agglomération,Hors intersection,Normale,Deux véhicules - frontale,3,2,2,0,2,3,1,0,1,80,2,2,0,0,2,0,57.0,20.0,deux_roues,deux_roues,1,1,1,1,1
202200038574,2022-08-23 14:20:00,2022,8,23,14,20,77,77186,D606,48.48294,2.66664,Plein jour,Hors agglomération,Hors intersection,Normale,Deux véhicules - arrière,3,3,4,0,1,1,1,0,1,70,2,2,1,0,0,1,30.0,35.0,voiture,voiture,1,1,1,1,2
202200038575,2022-02-27 13:40:00,2022,2,27,13,40,27,27210,RD 613,49.125736,0.834961,Plein jour,Hors agglomération,Hors intersection,Normale,Trois véhicules et plus - collisions multiples,3,2,3,0,1,1,1,0,1,90,3,9,3,1,2,3,62.0,33.0,voiture,voiture,1,1,1,1,5
202200038576,2022-07-14 13:45:00,2022,7,14,13,45,56,56054,30 Rue des Menhirs,47.637501,-3.152009,Plein jour,En agglomération,Intersection en X,Temps éblouissant,Deux véhicules - côté,3,2,2,0,1,1,1,0,1,50,2,2,1,0,0,1,32.0,79.0,deux_roues,voiture,1,2,2,7,3
202200038577,2022-08-23 08:25:00,2022,8,23,8,25,76,76540,Quai Pierre Corneille,49.43811,1.09193,Plein jour,En agglomération,Intersection en X,Normale,Deux véhicules - côté,4,2,2,3,1,1,1,-1,1,50,2,2,1,0,0,1,62.0,27.0,voiture,deux_roues,1,2,2,1,3
202200038578,2022-07-14 13:50:00,2022,7,14,13,50,56,56101,Lieu-Dit Poulgouc,47.864716,-3.186035,Plein jour,Hors agglomération,Hors intersection,Normale,Sans collision,3,2,2,0,2,2,1,0,3,80,1,1,0,0,0,1,43.0,,deux_roues,,1,1,1,1,7
202200038579,2022-02-27 05:35:00,2022,2,27,5,35,23,23008,Le Pre Cantrez,45.959123,2.192191,Nuit sans éclairage public,En agglomération,Autre intersection,Normale,Sans collision,3,2,2,0,1,3,1,0,8,50,1,6,5,0,0,1,21.0,,voiture,,3,2,9,1,7
202200038580,2022-07-15 06:22:00,2022,7,15,6,22,56,56002,N165 sens Vannes/Nantes,47.589032,-2.550067,Crépuscule ou aube,Hors agglomération,Hors intersection,Normale,Autre collision,2,3,4,0,1,1,1,0,3,110,1,1,0,0,0,1,24.0,,utilitaire_camion,,2,1,1,1,6
202200038581,2022-08-23 19:55:00,2022,8,23,19,55,74,74012,GENEVE (RUE DE),46.1928,6.2296,Plein jour,En agglomération,Hors intersection,Normale,Deux véhicules - côté,4,-1,2,0,1,1,1,0,1,50,2,2,1,0,0,1,28.0,52.0,deux_roues,voiture,1,2,1,1,3
202200038582,2022-02-26 17:45:00,2022,2,26,17,45,87,87051,32 Rue du Chataignol,45.628866,1.57247,Plein jour,En agglomération,Hors intersection,Normale,Sans collision,3,2,2,0,1,1,1,0,1,30,1,3,2,0,1,0,38.0,,deux_roues,,1,2,1,1,7
202200038583,2022-07-13 13:05:00,2022,7,13,13,5,56,56158,4 Rue Isabelle Autissier,47.683451,-2.797554,Plein jour,En agglomération,Hors intersection,Normale,Deux véhicules - frontale,4,2,2,0,1,1,1,0,1,50,2,2,1,0,1,0,59.0,19.0,utilitaire_camion,deux_roues,1,2,1,1,1
202200038584,2022-08-22 11:10:00,2022,8,22,11,10,72,72181,GENESLAY FELIX (AV) N° IMP 171 A 263,47.9751351165,0.2067410944,Plein jour,En agglomération,Hors intersection,Normale,Autre collision,3,3,4,3,2,1,1,0,1,50,1,2,1,0,0,1,88.0,,voiture,,1,2,1,1,6
202200038585,2022-08-22 19:55:00,2022,8,22,19,55,71,71076,PARIS (AVENUE DE),46.8033,4.84539,Plein jour,En agglomération,Hors intersection,Normale,Deux véhicules - arrière,4,3,2,0,1,1,1,0,1,50,2,3,2,0,0,1,44.0,33.0,voiture,voiture,1,2,1,1,2
202200038586,2022-07-15 16:57:00,2022,7,15,16,57,77,77347,D412,48.471812,3.228092,Plein jour,Hors agglomération,Hors intersection,Normale,Autre collision,3,2,2,0,2,1,1,0,1,80,3,3,1,0,2,0,84.0,57.0,voiture,deux_roues,1,1,1,1,6
202200038587,2022-07-15 13:30:00,2022,7,15,13,30,67,67436,Route du Hantz,48.400356,7.122527,Plein jour,Hors agglomération,Autre intersection,Normale,Sans collision,3,2,2,0,2,3,1,0,1,80,1,1,0,0,1,0,42.0,,deux_roues,,1,1,9,1,7
202200038588,2022-08-23 15:20:00,2022,8,23,15,20,69,69266,Rue Pierre Baratin,45.76547,4.90108,Plein jour,En agglomération,Intersection en X,Normale,Autre collision,4,1,2,2,1,1,1,0,1,50,1,2,1,0,0,1,,,voiture,,1,2,2,1,6
202200038589,2022-02-27 00:20:00,2022,2,27,0,20,13,13051,Route des Fourches,43.573924,5.131474,Nuit sans éclairage public,Hors agglomération,Hors intersection,Normale,Trois véhicules et plus - collisions multiples,7,2,2,0,2,1,1,0,1,80,3,4,3,0,1,0,21.0,23.0,voiture,voiture,3,1,1,1,5
202200038590,2022-07-15 00:10:00,2022,7,15,0,10,76,76615,Route de la Garenne,49.597061,0.202678,Nuit sans éclairage public,Hors agglomération,Hors intersection,Normale,Autre collision,3,2,2,0,2,3,1,0,3,80,1,1,0,1,0,0,52.0,,deux_roues,,3,1,1,1,6
202200038591,2022-08-23 01:20:00,2022,8,23,1,20,69,69266,Avenue Roger Salengro,45.77532,4.87,Nuit avec éclairage allumé,En agglomération,Intersection en T,Normale,Autre collision,4,2,2,2,1,1,1,0,1,50,1,1,0,0,1,0,31.0,,deux_roues,,5,2,3,1,6
202200038592,2022-02-26 18:47:00,2022,2,26,18,47,01,01067,"A40 PK 130 +800, SENS LYON/GENEVE",46.113706,5.4884,Nuit sans éclairage public,Hors agglomération,Hors intersection,Normale,Trois véhicules et plus - en chaîne,1,2,2,0,1,2,1,0,1,130,3,7,5,0,0,2,81.0,32.0,voiture,voiture,3,1,1,1,4
202200038593,2022-08-23 20:05:00,2022,8,23,20,5,69,69264,Rue Jean-Michel Savigny,45.982,4.715,Crépuscule ou aube,En agglomération,Intersection en Y,Normale,Deux véhicules - frontale,4,2,2,2,1,1,1,5,1,50,2,2,1,0,0,1,49.0,47.0,deux_roues,voiture,2,2,4,1,1
202200038594,2022-07-15 08:40:00,2022,7,15,8,40,65,65127,181 Route des Baronnies,43.087813,0.337873,Plein jour,Hors agglomération,Intersection en T,Normale,Deux véhicules - côté,3,2,2,0,1,1,1,9,1,80,2,2,1,0,0,1,68.0,60.0,deux_roues,voiture,1,1,3,1,3
202200038595,2022-07-14 18:00:00,2022,7,14,18,0,32,32032,D35,43.602738,0.256095,Plein jour,Hors agglomération,Hors intersection,Normale,Autre collision,3,2,2,0,1,1,1,0,3,80,1,1,0,0,1,0,58.0,,deux_roues,,1,1,1,1,6
202200038596,2022-08-22 20:12:00,2022,8,22,20,12,64,64348,Avenue Des Martyrs Du Pont Long,43.34898,-0.37998,Plein jour,Hors agglomération,Hors intersection,Normale,Deux véhicules - côté,3,2,2,0,1,1,1,0,1,70,2,2,1,0,0,1,30.0,26.0,voiture,voiture,1,1,1,1,3
202200038597,2022-02-26 13:37:00,2022,2,26,13,37,01,01033,"A40 PK 105+800, SENS GENEVE/LYON",46.163624,5.759461,Plein jour,Hors agglomération,Hors intersection,Normale,Trois véhicules et plus - en chaîne,1,2,2,0,1,3,1,0,1,110,3,9,8,0,0,1,21.0,29.0,utilitaire_camion,voiture,1,1,1,1,4
202200038598,2022-07-15 09:35:00,2022,7,15,9,35,71,71490,D25,46.536093,4.131471,Plein jour,En agglomération,Intersection en X,Normale,Deux véhicules - côté,3,2,2,0,1,1,1,0,1,50,2,2,1,0,0,1,50.0,73.0,deux_roues,voiture,1,2,2,1,3
202200038599,2022-08-23 05:38:00,2022,8,23,5,38,64,64125,Avenue Chabadenia,43.44159,-1.58646,Nuit avec éclairage allumé,Hors agglomération,Hors intersection,Pluie légère,Deux véhicules - frontale,3,2,3,3,2,3,2,0,1,50,2,2,0,0,0,2,20.0,27.0,deux_roues,deux_roues,5,1,1,2,1
202200038600,2022-07-14 23:30:00,2022,7,14,23,30,89,89333,Le Gibeau,47.503642,4.046091,Nuit sans éclairage public,Hors agglomération,Hors intersection,Normale,Autre collision,4,2,2,0,1,1,1,0,3,80,1,1,0,0,0,1,19.0,,voiture,,3,1,1,1,6
202200038601,2022-02-27 02:30:00,2022,2,27,2,30,06,06004,A8 Sud,43.6083169162,7.0967993553,Nuit sans éclairage public,Hors agglomération,Hors intersection,Normale,Deux véhicules - arrière,1,2,2,0,1,1,1,0,1,110,2,3,1,1,0,1,56.0,54.0,utilitaire_camion,voiture,3,1,1,1,2