accident_id,datetime,annee,mois,jour,heure,minute,departement,commune_insee,adresse,latitude,longitude,luminosite,agglomeration,intersection,meteo,collision,catr,circ,nbv,vosp,prof,plan,surf,infra,situ,vma,nb_vehicules,nb_usagers,nb_indemnes,nb_tues,nb_blesses_hosp,nb_blesses_legers,age_cond_1,age_cond_2,veh_type_cond_1,veh_type_cond_2,lum_code,agg_code,int_code,atm_code,col_code
202200038696,2022-02-26 10:30:00,2022,2,26,10,30,93,93064,A86,48.8783840167,2.4766059319,Plein jour,Hors agglomération,Hors intersection,Normale,Deux véhicules - arrière,1,3,4,0,1,1,1,0,1,90,2,4,2,0,0,2,25.0,53.0,voiture,voiture,1,1,1,1,2
202200038697,2022-02-25 20:00:00,2022,2,25,20,0,93,93078,AUTOROUTE A104,48.96485,2.51825,Nuit sans éclairage public,Hors agglomération,Hors intersection,Normale,Deux véhicules - arrière,1,3,3,0,1,1,1,0,1,110,2,2,1,0,0,1,60.0,,voiture,voiture,3,1,1,1,2
202200038698,2022-08-23 13:50:00,2022,8,23,13,50,75,75112,PORTE DE VINCENNES,48.841357,2.413552,Plein jour,En agglomération,Hors intersection,Normale,Deux véhicules - arrière,4,1,4,0,1,1,1,0,1,70,2,5,4,0,0,1,35.0,65.0,voiture,voiture,1,2,1,1,2
202200038699,2022-07-15 18:00:00,2022,7,15,18,0,01,01249,1083,45.876414,4.910996,Plein jour,Hors agglomération,Hors intersection,Normale,Autre collision,3,2,2,0,1,1,1,0,3,80,1,1,0,0,0,1,30.0,,voiture,,1,1,1,1,6
202200038700,2022-02-25 18:20:00,2022,2,25,18,20,93,93008,AUTOROUTE A86,48.90562,2.46184,Plein jour,Hors agglomération,Hors intersection,Normale,Deux véhicules - côté,1,1,2,0,1,1,1,0,1,50,2,3,2,0,0,1,,42.0,voiture,deux_roues,1,1,1,1,3
202200038701,2022-08-23 20:50:00,2022,8,23,20,50,75,75120,RUE DES RIGOLES,48.871567,2.395066,Crépuscule ou aube,En agglomération,Hors intersection,Normale,Autre collision,4,2,2,0,2,1,1,0,1,30,1,1,0,0,1,0,36.0,,deux_roues,,2,2,1,1,6
202200038702,2022-08-23 14:10:00,2022,8,23,14,10,75,75118,RUE DE L EVANGILE,48.893972,2.36519,Plein jour,En agglomération,Hors intersection,Normale,Autre collision,4,1,2,0,1,1,1,0,1,30,1,2,0,0,0,2,29.0,,deux_roues,,1,2,1,1,6
202200038703,2022-02-26 19:20:00,2022,2,26,19,20,94,94017,A4,48.8296742954,2.4982710871,Nuit sans éclairage public,Hors agglomération,Hors intersection,Normale,Trois véhicules et plus - en chaîne,1,3,5,0,1,1,1,0,1,90,3,3,2,0,0,1,36.0,56.0,voiture,voiture,3,1,1,1,4
202200038704,2022-08-23 10:10:00,2022,8,23,10,10,75,75115,BOULEVARD GARIBALDI,48.846478,2.306098,Plein jour,En agglomération,Intersection en X,Normale,Autre collision,4,3,2,0,1,1,1,0,1,30,1,2,1,0,0,1,,,deux_roues,,1,2,2,1,6
202200038705,2022-02-25 11:40:00,2022,2,25,11,40,77,77055,A104.INT,48.9014872986,2.6507608105,Plein jour,Hors agglomération,Hors intersection,Normale,Deux véhicules - arrière,1,3,2,0,1,1,1,0,1,90,2,2,1,0,0,1,49.0,37.0,utilitaire_camion,voiture,1,1,1,1,2
202200038706,2022-08-22 12:25:00,2022,8,22,12,25,75,75114,AVENUE RENE COTY,48.826719,2.335361,Plein jour,En agglomération,Hors intersection,Normale,Deux véhicules - côté,4,1,2,0,1,1,1,0,1,30,2,2,1,0,0,1,51.0,31.0,deux_roues,voiture,1,2,1,1,3
202200038707,2022-02-25 13:55:00,2022,2,25,13,55,72,72181,SAUGES (RUE DES),47.979096,0.228988,Plein jour,En agglomération,Hors intersection,Normale,Autre collision,4,2,2,0,1,1,1,0,8,30,1,3,1,0,0,2,48.0,,voiture,,1,2,1,1,6
202200038708,2022-02-15 08:05:00,2022,2,15,8,5,95,95427,RD 193,48.9640569359,2.3357333243,Crépuscule ou aube,En agglomération,Hors intersection,Normale,Autre collision,3,2,2,0,1,1,1,0,1,50,1,2,1,0,0,1,,,voiture,,2,2,1,1,6
202200038709,2022-08-21 15:31:00,2022,8,21,15,31,75,75113,BOULEVARD DE L HOPITAL,48.837817,2.360212,Plein jour,En agglomération,Hors intersection,Normale,Deux véhicules - côté,4,2,3,2,2,1,1,0,1,30,2,3,1,0,0,2,25.0,22.0,deux_roues,voiture,1,2,1,1,3
202200038710,2022-07-15 06:30:00,2022,7,15,6,30,17,17421,N150,45.677019,-0.935786,Crépuscule ou aube,Hors agglomération,Hors intersection,Normale,Sans collision,2,3,4,0,1,3,1,0,1,110,1,2,1,0,1,0,28.0,,voiture,,2,1,1,1,7
202200038711,2022-02-25 08:30:00,2022,2,25,8,30,974,97411,REPUBLIQUE (RUE DE LA),-20.88102,55.44613,Plein jour,En agglomération,Hors intersection,Normale,Autre collision,4,2,2,0,1,1,1,0,8,30,1,3,1,0,0,2,31.0,,voiture,,1,2,1,1,6
202200038712,2022-08-23 17:50:00,2022,8,23,17,50,75,75107,QUAI VOLTAIRE,48.858555,2.332468,Plein jour,En agglomération,Intersection en T,Normale,Deux véhicules - côté,4,2,5,1,1,1,1,-1,5,30,2,2,1,0,0,1,76.0,25.0,voiture,deux_roues,1,2,3,1,3
202200038713,2022-07-11 12:45:00,2022,7,11,12,45,14,14409,D514,49.273692,-0.214995,Plein jour,Hors agglomération,Hors intersection,Temps éblouissant,Deux véhicules - côté,3,2,2,0,1,2,1,0,1,70,2,2,1,0,1,0,39.0,48.0,deux_roues,voiture,1,1,1,7,3
202200038714,2022-02-22 12:00:00,2022,2,22,12,0,974,97411,JAURES (BLD 1 JEAN),-20.88835,55.446,Plein jour,En agglomération,Hors intersection,Normale,Deux véhicules - côté,2,1,3,0,2,1,1,0,1,50,2,2,1,0,0,1,58.0,22.0,voiture,voiture,1,2,1,1,3
202200038715,2022-07-14 23:00:00,2022,7,14,23,0,27,27076,D141,48.960497,1.319175,Nuit sans éclairage public,Hors agglomération,Hors intersection,Normale,Sans collision,3,2,2,0,1,1,1,0,8,80,1,1,0,1,0,0,39.0,,voiture,,3,1,1,1,7
202200038716,2022-08-22 10:40:00,2022,8,22,10,40,75,75101,QUAI DES TUILERIES,48.863756,2.321538,Plein jour,En agglomération,Place,Normale,Sans collision,4,1,2,1,1,1,9,0,4,50,1,1,0,0,0,1,15.0,,deux_roues,,1,2,7,1,7
202200038717,2022-02-25 18:15:00,2022,2,25,18,15,69,69383,Avenue Félix Faure,45.75501,4.87051,Plein jour,En agglomération,Hors intersection,Normale,Deux véhicules - côté,4,2,2,3,1,1,1,-1,1,50,2,2,0,0,0,2,20.0,64.0,voiture,deux_roues,1,2,1,1,3
202200038718,2022-07-14 18:55:00,2022,7,14,18,55,60,60139,Rue de l'Ancien Moulin,49.162691,2.252964,Plein jour,En agglomération,Intersection en T,Temps éblouissant,Deux véhicules - côté,3,2,2,1,1,1,1,0,1,30,2,2,1,0,0,1,18.0,28.0,deux_roues,voiture,1,2,3,7,3
202200038719,2022-08-22 23:40:00,2022,8,22,23,40,94,94081,SEMARD (PL),48.80112,2.40187,Nuit avec éclairage allumé,En agglomération,Autre intersection,Normale,Deux véhicules - frontale,3,2,2,0,2,2,1,0,1,50,2,3,2,0,1,0,36.0,19.0,deux_roues,voiture,5,2,9,1,1
202200038720,2022-02-25 16:20:00,2022,2,25,16,20,69,69387,Rue Marc Bloch,45.74694,4.84583,Plein jour,En agglomération,Intersection en X,Normale,Deux véhicules - côté,4,1,3,3,1,1,1,0,1,50,2,2,1,0,0,1,57.0,58.0,deux_roues,voiture,1,2,2,1,3
202200038721,2022-07-14 22:30:00,2022,7,14,22,30,60,60551,Rue de Mello,49.2915,2.38214,Nuit avec éclairage allumé,En agglomération,Intersection en Y,Normale,Deux véhicules - frontale,3,2,2,0,1,3,1,0,1,50,2,2,1,0,0,1,53.0,28.0,voiture,voiture,5,2,4,1,1
202200038722,2022-08-23 10:40:00,2022,8,23,10,40,94,94068,3 Avenue du Mesnil,48.79438,2.51387,Plein jour,En agglomération,Hors intersection,Normale,Autre collision,4,2,1,0,1,1,1,6,1,30,2,3,2,0,0,1,41.0,49.0,autre,transport_commun,1,2,1,1,6
202200038723,2022-07-15 03:30:00,2022,7,15,3,30,60,60480,D9,49.5050850014,2.2012867926,Nuit sans éclairage public,Hors agglomération,Hors intersection,Normale,Autre collision,3,2,2,0,1,1,1,0,3,80,1,1,0,0,0,1,25.0,,voiture,,3,1,1,1,6
202200038724,2022-02-24 11:50:00,2022,2,24,11,50,972,97213,ROUTE DEPARTEMENTALE 15 A,14.61242,-60.99772,Plein jour,En agglomération,Hors intersection,Normale,Deux véhicules - côté,3,2,2,0,1,1,1,9,1,30,2,2,1,0,0,1,33.0,50.0,deux_roues,voiture,1,2,1,1,3
202200038725,2022-08-23 13:50:00,2022,8,23,13,50,94,94069,92 Rue du Maréchal Leclerc,48.8182301956,2.4388756603,Plein jour,En agglomération,Hors intersection,Normale,Deux véhicules - frontale,3,2,2,0,1,1,1,0,1,50,2,2,1,0,0,1,28.0,31.0,voiture,voiture,1,2,1,1,1
202200038726,2022-02-24 19:35:00,2022,2,24,19,35,972,97209,ROND POINT CHEVALIER SAINT GEORGES,14.60506,-61.08762,Nuit avec éclairage non allumé,Hors agglomération,Autre intersection,Normale,Deux véhicules - côté,2,2,9,0,1,1,1,0,1,50,2,2,1,0,0,1,57.0,51.0,deux_roues,voiture,4,1,9,1,3
202200038727,2022-07-14 23:30:00,2022,7,14,23,30,60,60103,D931,49.4118201586,2.2675867078,Nuit sans éclairage public,En agglomération,Hors intersection,Normale,Deux véhicules - côté,3,2,2,0,1,1,1,0,1,80,2,5,4,0,0,1,24.0,33.0,voiture,voiture,3,2,1,1,3
202200038728,2022-08-23 11:10:00,2022,8,23,11,10,94,94069,13 Quai de la République,48.81787,2.4239,Plein jour,En agglomération,Hors intersection,Normale,Deux véhicules - frontale,3,2,2,0,1,3,1,0,1,50,2,2,1,0,0,1,45.0,28.0,utilitaire_camion,deux_roues,1,2,1,1,1
202200038729,2022-02-25 15:30:00,2022,2,25,15,30,69,69382,Place Carnot,45.74961,4.82816,Plein jour,En agglomération,Passage à niveau,Normale,Deux véhicules - côté,4,1,2,2,2,3,2,4,2,30,2,2,1,0,0,1,49.0,50.0,voiture,transport_commun,1,2,8,1,3
202200038730,2022-07-14 16:00:00,2022,7,14,16,0,59,59055,2 rue du cateau,50.0919435135,3.5892891884,Plein jour,En agglomération,Hors intersection,Normale,Sans collision,3,2,2,0,2,2,8,0,1,50,1,2,0,0,0,2,67.0,,deux_roues,,1,2,1,1,7
202200038731,2022-08-23 14:05:00,2022,8,23,14,5,94,94017,Avenue Roger Salengro  / Avenue du Général de Gaulle,48.81998,2.48258,Plein jour,En agglomération,Intersection à plus de 4 branches,Normale,Deux véhicules - côté,3,3,4,0,1,1,1,5,1,50,2,2,1,0,0,1,84.0,27.0,voiture,voiture,1,2,5,1,3
202200038732,2022-02-25 09:00:00,2022,2,25,9,0,69,69034,Cours Aristide Briand,45.78366132,4.8449867964,Plein jour,En agglomération,Hors intersection,Normale,Deux véhicules - frontale,4,2,2,0,1,1,1,8,1,50,2,2,1,0,0,1,59.0,20.0,utilitaire_camion,voiture,1,2,1,1,1
202200038733,2022-07-14 06:30:00,2022,7,14,6,30,13,13215,A7-Sens Marseille vers Lyon,43.381956,5.351921,Plein jour,Hors agglomération,Hors intersection,Normale,Deux véhicules - arrière,1,1,3,0,1,1,1,0,1,90,2,3,1,0,0,2,33.0,36.0,voiture,voiture,1,1,1,1,2
202200038734,2022-08-23 10:40:00,2022,8,23,10,40,93,93007,Avenue Paul Vaillant Couturier / Rue Pierre Sémard,48.9294059731,2.4800383372,Plein jour,En agglomération,Intersection en X,Normale,Deux véhicules - côté,3,2,2,0,1,1,1,0,1,50,2,2,0,0,0,2,30.0,32.0,voiture,voiture,1,2,2,1,3
202200038735,2022-02-23 23:00:00,2022,2,23,23,0,971,97120,CHANZY (BOULEVARD),16.24125,-61.53642,Nuit avec éclairage allumé,En agglomération,Hors intersection,Normale,Deux véhicules - côté,3,3,4,0,1,1,1,0,8,50,2,4,3,0,1,0,51.0,21.0,utilitaire_camion,autre,5,2,1,1,3
202200038736,2022-02-25 18:25:00,2022,2,25,18,25,95,95680,CHAMPS BACON (AVENUE DU),49.0001921921,2.407990694,Crépuscule ou aube,En agglomération,Hors intersection,Normale,Autre collision,4,2,2,0,1,1,1,0,1,50,1,2,1,0,1,0,29.0,,voiture,,2,2,1,1,6
202200038737,2022-07-10 02:40:00,2022,7,10,2,40,13,13055,A507 sens Aubagne- Marseille,43.3071508432,5.4252505302,Nuit avec éclairage allumé,Hors agglomération,Hors intersection,Normale,Deux véhicules - côté,1,1,3,0,1,1,1,1,1,70,2,6,4,0,2,0,33.0,22.0,voiture,voiture,5,1,1,1,3
202200038738,2022-08-22 17:24:00,2022,8,22,17,24,92,92064,MARECHAL JUIN,48.8342813322,2.2224354744,Plein jour,En agglomération,Hors intersection,Normale,Deux véhicules - côté,3,3,2,0,1,1,1,5,1,50,2,2,1,0,0,1,29.0,24.0,deux_roues,transport_commun,1,2,1,1,3
202200038739,2022-06-15 02:50:00,2022,6,15,2,50,92,92012,MARCEL SEMBAT (PLACE),48.8337951456,2.2435676604,Nuit avec éclairage allumé,En agglomération,Place,Normale,Sans collision,3,1,1,0,1,2,1,0,1,50,1,1,0,0,0,1,58.0,,deux_roues,,5,2,7,1,7
202200038740,2022-02-18 17:05:00,2022,2,18,17,5,95,95219,MARRONNIERS (ALLEE DES),48.9804587445,2.2532781959,Plein jour,En agglomération,Giratoire,Normale,Deux véhicules - côté,3,2,2,0,1,2,1,0,1,50,2,2,1,0,0,1,23.0,35.0,voiture,voiture,1,2,6,1,3
202200038741,2022-08-23 10:40:00,2022,8,23,10,40,92,92063,GODARDES (RUE DES),48.8718672482,2.1948579401,Plein jour,En agglomération,Hors intersection,Normale,Autre collision,4,1,1,0,1,1,1,0,1,30,1,2,1,0,0,1,52.0,,utilitaire_camion,,1,2,1,1,6
202200038742,2022-06-15 13:30:00,2022,6,15,13,30,92,92002,FRANCOIS MOLE (AVENUE),48.7501053157,2.2879462838,Plein jour,En agglomération,Hors intersection,Normale,Autre collision,4,2,2,0,1,1,1,0,3,50,1,2,1,0,0,1,21.0,,voiture,,1,2,1,1,6
202200038743,2022-07-14 14:15:00,2022,7,14,14,15,33,33249,AUTOROUTE A 10,44.886876,-0.506772,Plein jour,Hors agglomération,Hors intersection,Normale,Deux véhicules - arrière,1,3,6,0,1,1,1,0,1,90,2,8,6,0,0,2,34.0,59.0,voiture,voiture,1,1,1,1,2
202200038744,2022-02-25 06:50:00,2022,2,25,6,50,91,91103,RUE CAMILLE HEBERT,48.60131,2.30247,Crépuscule ou aube,En agglomération,Hors intersection,Normale,Sans collision,4,4,1,0,1,1,1,0,1,50,1,2,0,0,0,2,58.0,,voiture,,2,2,1,1,7
202200038745,2022-06-15 15:00:00,2022,6,15,15,0,24,24164,25 Avenue Gambetta,45.336017,1.050001,Plein jour,En agglomération,Hors intersection,Normale,Deux véhicules - frontale,4,2,2,0,1,1,1,0,1,50,2,2,1,0,0,1,23.0,44.0,deux_roues,voiture,1,2,1,1,1
202200038746,2022-08-23 12:55:00,2022,8,23,12,55,92,92004,AULAGNIER ( QUAI ),48.91286,2.30556,Plein jour,Hors agglomération,Hors intersection,Normale,Deux véhicules - côté,3,-1,3,0,1,1,1,0,1,50,2,2,1,0,0,1,37.0,30.0,voiture,deux_roues,1,1,1,1,3
202200038747,2022-02-24 17:42:00,2022,2,24,17,42,91,91549,CORBEIL (ROUTE DE),48.639387,2.333042,Plein jour,En agglomération,Hors intersection,Temps couvert,Autre collision,3,3,2,0,1,3,2,0,1,50,1,2,1,0,0,1,38.0,,voiture,,1,2,1,8,6
202200038748,2022-07-14 06:00:00,2022,7,14,6,0,33,33039,ROCADE A 631,44.8057166484,-0.531668812,Crépuscule ou aube,Hors agglomération,Hors intersection,Normale,Autre collision,1,1,2,0,1,3,1,3,1,90,1,5,4,0,0,1,25.0,,voiture,,2,1,1,1,6
202200038749,2022-06-11 19:21:00,2022,6,11,19,21,63,63302,Route des Fours à Chaux,45.71391,3.13347,Plein jour,Hors agglomération,Autre intersection,Normale,Autre collision,3,2,2,0,2,3,9,0,3,80,1,1,0,0,1,0,63.0,,deux_roues,,1,1,9,1,6
202200038750,2022-08-23 15:30:00,2022,8,23,15,30,09,09111,Village,42.946811,1.058684,Plein jour,En agglomération,Hors intersection,Normale,Deux véhicules - côté,4,2,2,0,2,1,1,0,3,50,2,2,1,1,0,0,58.0,20.0,voiture,deux_roues,1,2,1,1,3
202200038751,2022-02-25 12:00:00,2022,2,25,12,0,91,91201,BD HENRI BARBUSSE,48.68588,2.4086,Plein jour,En agglomération,Hors intersection,Normale,Autre collision,3,2,2,0,1,1,1,0,1,50,1,2,1,0,0,1,,,utilitaire_camion,,1,2,1,1,6
202200038752,2022-05-31 19:30:00,2022,5,31,19,30,37,37262,D760,47.113802,0.503612,Plein jour,Hors agglomération,Intersection en Y,Temps éblouissant,Deux véhicules - côté,3,2,2,0,1,1,1,0,1,80,2,2,1,0,0,1,46.0,19.0,voiture,deux_roues,1,1,4,7,3
202200038753,2022-07-14 00:15:00,2022,7,14,0,15,91,91286,AUTOROUTE A6,48.65588,2.37829,Nuit avec éclairage allumé,Hors agglomération,Hors intersection,Normale,Trois véhicules et plus - en chaîne,1,1,3,0,1,1,1,0,1,110,3,3,2,0,0,1,29.0,34.0,voiture,voiture,5,1,1,1,4
202200038754,2022-08-23 09:20:00,2022,8,23,9,20,81,81299,D112,43.668523,1.916271,Plein jour,Hors agglomération,Hors intersection,Normale,Deux véhicules - frontale,3,2,2,0,1,1,1,0,1,90,2,3,0,0,2,1,70.0,30.0,voiture,voiture,1,1,1,1,1
202200038755,2022-02-24 21:40:00,2022,2,24,21,40,91,91657,RUE DU MARECHAL LECLERC,48.70971,2.42801,Nuit avec éclairage allumé,En agglomération,Hors intersection,Normale,Deux véhicules - frontale,4,2,2,0,1,1,1,0,1,50,2,2,1,0,0,1,60.0,48.0,deux_roues,voiture,5,2,1,1,1
202200038756,2022-08-24 12:15:00,2022,8,24,12,15,10,10263,D31,48.249397,3.762168,Plein jour,Hors agglomération,Hors intersection,Temps éblouissant,Deux véhicules - frontale,3,2,2,0,2,1,1,0,8,80,1,1,0,0,1,0,77.0,,voiture,,1,1,1,7,1
202200038757,2022-07-14 01:30:00,2022,7,14,1,30,95,95277, A104,48.9733064035,2.489798069,Nuit sans éclairage public,Hors agglomération,Hors intersection,Normale,Autre collision,1,1,1,0,1,3,1,0,1,90,1,3,2,0,0,1,36.0,,voiture,,3,1,1,1,6
202200038758,2022-02-25 17:10:00,2022,2,25,17,10,91,91027,AV FRANCOIS MITTERRAND,48.70497,2.37163,Plein jour,En agglomération,Autre intersection,Normale,Autre collision,3,3,4,0,2,1,1,1,1,50,1,2,1,0,0,1,52.0,,voiture,,1,2,9,1,6
202200038759,2022-06-16 10:01:00,2022,6,16,10,1,2A,2A272,Lieu Dit Quarciolo,41.650278,8.938714,Plein jour,Hors agglomération,Hors intersection,Normale,Trois véhicules et plus - collisions multiples,2,2,2,0,1,4,1,0,1,80,5,5,3,0,2,0,59.0,58.0,deux_roues,deux_roues,1,1,1,1,5
202200038760,2022-07-12 15:30:00,2022,7,12,15,30,974,97416,RN2 (1),-21.349553,55.50392,Plein jour,Hors agglomération,Autre intersection,Normale,Autre collision,2,2,2,0,1,1,1,0,1,70,1,2,1,0,1,0,26.0,,voiture,,1,1,9,1,6
202200038761,2022-08-23 14:45:00,2022,8,23,14,45,84,84038,ROUTE DÉPARTEMENTALE 973,43.773505,5.112982,Plein jour,Hors agglomération,Hors intersection,Normale,Autre collision,3,2,2,0,1,1,1,9,1,80,1,5,0,0,4,1,43.0,,voiture,,1,1,1,1,6
202200038762,2022-07-12 18:15:00,2022,7,12,18,15,69,69290,Rue du Maconnais,45.6946672675,4.9184310436,Plein jour,En agglomération,Hors intersection,Temps éblouissant,Autre collision,4,2,3,0,1,1,1,0,1,50,1,2,1,0,0,1,,,autre,,1,2,1,7,6
202200038763,2022-06-16 11:50:00,2022,6,16,11,50,68,68112,7 Chemin du Kitterlé,47.908209,7.217594,Plein jour,En agglomération,Intersection en Y,Normale,Deux véhicules - frontale,3,2,2,0,2,2,1,0,8,30,2,2,1,0,0,1,72.0,83.0,deux_roues,voiture,1,2,4,1,1
202200038764,2022-02-18 09:10:00,2022,2,18,9,10,89,89387,PIERRE DE COUBERTIN (AVENUE),48.19382,3.30056,Plein jour,En agglomération,Intersection en Y,Normale,Deux véhicules - arrière,4,3,4,0,1,1,9,5,1,50,2,4,3,0,0,1,18.0,46.0,voiture,utilitaire_camion,1,2,4,1,2
202200038765,2022-07-12 17:30:00,2022,7,12,17,30,29,29232,D783 - Avenue de Ty Bos,47.9824,-4.0742,Plein jour,En agglomération,Hors intersection,Normale,Autre collision,4,3,5,0,1,1,1,5,1,50,1,2,1,0,0,1,70.0,,voiture,,1,2,1,1,6
202200038766,2022-06-15 13:15:00,2022,6,15,13,15,95,95313,Avenue Paul Thoureau,49.120663,2.219721,Plein jour,En agglomération,Hors intersection,Normale,Autre collision,4,2,2,1,1,3,1,0,1,50,1,2,1,0,1,0,42.0,,voiture,,1,2,1,1,6
202200038767,2022-02-24 12:20:00,2022,2,24,12,20,86,86027,Rue Nungesser,46.579009,0.310197,Plein jour,En agglomération,Hors intersection,Normale,Deux véhicules - côté,4,2,2,0,1,1,1,0,1,50,2,2,1,0,1,0,18.0,56.0,deux_roues,voiture,1,2,1,1,3
202200038768,2022-06-12 08:30:00,2022,6,12,8,30,49,49092,D65,47.155091,-0.700518,Plein jour,Hors agglomération,Hors intersection,Normale,Sans collision,3,2,2,0,2,3,9,8,1,-1,1,2,1,0,1,0,44.0,,deux_roues,,1,1,1,1,7
202200038769,2022-02-23 18:15:00,2022,2,23,18,15,83,83144,BLANC (BD DR EUGENE),43.1376926937,5.9941166639,Nuit avec éclairage allumé,En agglomération,Hors intersection,Normale,Deux véhicules - côté,7,2,3,0,3,1,1,2,1,50,2,2,0,0,0,2,38.0,26.0,voiture,deux_roues,5,2,1,1,3
202200038770,2022-08-22 23:40:00,2022,8,22,23,40,34,34309,D21,43.684485,3.924402,Nuit avec éclairage non allumé,En agglomération,Intersection en X,Normale,Autre collision,3,2,2,0,1,2,1,0,1,50,2,3,1,0,0,2,19.0,19.0,voiture,voiture,4,2,2,1,6
202200038771,2022-07-12 17:00:00,2022,7,12,17,0,75,75109,PLACE DE L OPERA,48.870627,2.332082,Plein jour,En agglomération,Place,Normale,Deux véhicules - côté,4,1,7,0,1,1,1,0,1,30,2,2,1,0,0,1,54.0,35.0,transport_commun,deux_roues,1,2,7,1,3
202200038772,2022-06-11 21:00:00,2022,6,11,21,0,972,97229,Ancienne Route de Schoelcher,14.611263,-61.093732,Nuit sans éclairage public,En agglomération,Hors intersection,Normale,Deux véhicules - frontale,3,2,2,0,2,1,1,0,1,50,2,2,1,0,1,0,30.0,40.0,voiture,deux_roues,3,2,1,1,1
202200038773,2022-02-25 11:50:00,2022,2,25,11,50,83,83069,AVENUE RITONDALE LEOPOLD,43.11341,6.12903,Plein jour,En agglomération,Hors intersection,Normale,Deux véhicules - côté,7,1,3,0,1,1,1,0,1,50,2,2,0,0,0,2,24.0,32.0,voiture,voiture,1,2,1,1,3
202200038774,2022-08-24 12:04:00,2022,8,24,12,4,51,51507,Rue Chanzy,49.0908779283,4.8935414851,Plein jour,En agglomération,Hors intersection,Normale,Sans collision,3,2,2,3,1,1,1,0,1,30,1,2,1,0,0,1,70.0,,voiture,,1,2,1,1,7
202200038775,2022-02-24 11:45:00,2022,2,24,11,45,80,80021,DURY (BOULEVARD DE),49.8798,2.29098,Plein jour,En agglomération,Hors intersection,Normale,Deux véhicules - côté,4,2,5,0,1,1,1,0,1,50,2,2,1,0,0,1,40.0,56.0,utilitaire_camion,deux_roues,1,2,1,1,3
202200038776,2022-07-12 16:05:00,2022,7,12,16,5,92,92064,A13,48.8429820546,2.2224709619,Plein jour,Hors agglomération,Hors intersection,Normale,Trois véhicules et plus - en chaîne,1,1,2,0,1,1,1,2,1,70,3,7,5,0,0,2,54.0,32.0,voiture,voiture,1,1,1,1,4
202200038777,2022-08-23 21:40:00,2022,8,23,21,40,59,59118,D98c,50.046468,3.453806,Nuit sans éclairage public,Hors agglomération,Hors intersection,Normale,Autre collision,3,2,2,0,1,2,2,0,8,80,1,3,1,0,1,1,21.0,,voiture,,3,1,1,1,6
202200038778,2022-06-15 09:50:00,2022,6,15,9,50,63,63257,Lieu Dit le Bouchet,45.745549,2.838163,Plein jour,Hors agglomération,Hors intersection,Pluie forte,Deux véhicules - frontale,3,2,2,0,1,3,2,0,1,80,2,3,2,0,1,0,68.0,30.0,voiture,utilitaire_camion,1,1,1,3,1
202200038779,2022-06-10 15:00:00,2022,6,10,15,0,59,59350,FONTENOY RUE,50.6222428089,3.0677973032,Plein jour,En agglomération,Hors intersection,Normale,Autre collision,4,-1,0,0,1,1,1,6,4,30,1,2,1,0,0,1,18.0,,deux_roues,,1,2,1,1,6
202200038780,2022-02-22 19:10:00,2022,2,22,19,10,80,80021,BONNARDS (RUE DES),49.90307,2.30702,Nuit avec éclairage non allumé,En agglomération,Hors intersection,Pluie légère,Deux véhicules - côté,4,2,2,0,1,1,2,0,1,50,2,2,1,0,0,1,44.0,30.0,deux_roues,voiture,4,2,1,2,3
202200038781,2022-06-15 18:15:00,2022,6,15,18,15,63,63071,D68,45.761775,2.951674,Plein jour,Hors agglomération,Hors intersection,Normale,Autre collision,3,2,2,0,2,2,1,0,3,80,1,1,0,0,1,0,19.0,,deux_roues,,1,1,1,1,6
202200038782,2022-02-25 09:00:00,2022,2,25,9,0,78,78007,RD 30,48.90201,2.00604,Plein jour,Hors agglomération,Autre intersection,Temps couvert,Sans collision,3,2,2,0,3,3,8,2,1,70,1,1,0,0,1,0,49.0,,deux_roues,,1,1,9,8,7
202200038783,2022-05-12 01:30:00,2022,5,12,1,30,976,97611,kaweni-Kaweni nord ( Z I ),-12.76529,45.2252,Nuit sans éclairage public,En agglomération,Autre intersection,Normale,Autre collision,2,4,3,0,1,1,1,9,1,50,1,2,0,2,0,0,31.0,,deux_roues,,3,2,9,1,6
202200038784,2022-08-24 14:20:00,2022,8,24,14,20,19,19261,rd 21 PR 24+850,45.664191,2.199283,Plein jour,Hors agglomération,Hors intersection,Normale,Sans collision,3,2,2,0,1,2,1,0,1,90,1,3,0,0,1,2,20.0,,voiture,,1,1,1,1,7
202200038785,2022-02-25 15:45:00,2022,2,25,15,45,77,77296,AV PHILIPPE BUR,48.627338,2.591034,Plein jour,En agglomération,Hors intersection,Normale,Autre collision,4,-1,0,0,1,1,1,0,4,1,1,2,1,0,0,1,,,deux_roues,,1,2,1,1,6
202200038786,2022-07-13 08:00:00,2022,7,13,8,0,974,97411,MONTAGNE (ROUTE DE LA),-20.91143,55.41385,Plein jour,Hors agglomération,Hors intersection,Normale,Sans collision,3,2,2,0,1,4,1,0,1,70,1,1,0,0,0,1,33.0,,deux_roues,,1,1,1,1,7
202200038787,2022-06-15 16:23:00,2022,6,15,16,23,46,46103,Route des Justices,44.299883,1.469443,Plein jour,Hors agglomération,Intersection en X,Temps éblouissant,Deux véhicules - côté,3,2,2,0,1,1,1,5,1,80,2,3,1,0,0,2,67.0,39.0,voiture,voiture,1,1,2,7,3