accident_id,datetime,annee,mois,jour,heure,minute,departement,commune_insee,adresse,latitude,longitude,luminosite,agglomeration,intersection,meteo,collision,catr,circ,nbv,vosp,prof,plan,surf,infra,situ,vma,nb_vehicules,nb_usagers,nb_indemnes,nb_tues,nb_blesses_hosp,nb_blesses_legers,age_cond_1,age_cond_2,veh_type_cond_1,veh_type_cond_2,lum_code,agg_code,int_code,atm_code,col_code
202200039158,2022-04-06 10:15:00,2022,4,6,10,15,91,91339,RTE NATIONALE 20,48.62,2.26,Plein jour,En agglomération,Hors intersection,Normale,Deux véhicules - arrière,3,-1,4,0,1,1,1,0,1,70,2,2,1,0,0,1,61.0,33.0,voiture,voiture,1,2,1,1,2
202200039159,2022-06-14 21:50:00,2022,6,14,21,50,13,13208,MENDES FRANCE (AVENUE),43.26178,5.37484,Crépuscule ou aube,En agglomération,Hors intersection,Normale,Deux véhicules - côté,4,1,2,0,1,1,1,0,1,50,2,3,1,0,0,2,22.0,29.0,voiture,voiture,2,2,1,1,3
202200039160,2022-04-07 01:03:00,2022,4,7,1,3,91,91687,GENERAL DE GAULLE (AVENUE DU),48.672435,2.389408,Nuit avec éclairage allumé,En agglomération,Hors intersection,Normale,Trois véhicules et plus - en chaîne,3,3,0,0,1,1,1,0,1,50,3,5,1,0,0,4,28.0,27.0,voiture,voiture,5,2,1,1,4
202200039161,2022-06-14 19:00:00,2022,6,14,19,0,13,13214,MORETTI (BOULEVARD),43.32602,5.37743,Plein jour,En agglomération,Hors intersection,Normale,Deux véhicules - arrière,4,-1,2,0,2,1,1,0,1,50,2,2,1,0,0,1,,58.0,voiture,voiture,1,2,1,1,2
202200039162,2022-06-14 17:50:00,2022,6,14,17,50,13,13204,LIBERATION (BOULEVARD),43.30137,5.39258,Plein jour,En agglomération,Hors intersection,Normale,Deux véhicules - frontale,4,1,2,0,1,1,1,0,1,50,2,2,1,0,0,1,25.0,63.0,deux_roues,voiture,1,2,1,1,1
202200039163,2022-04-05 16:49:00,2022,4,5,16,49,87,87085,FULTON (RUE),45.87426,1.26573,Plein jour,En agglomération,Autre intersection,Normale,Autre collision,6,-1, -1,0,1,1,1,9,8,10,1,2,1,0,1,0,29.0,,utilitaire_camion,,1,2,9,1,6
202200039164,2022-06-14 15:15:00,2022,6,14,15,15,13,13206,PIERRE PUGET (COURS),43.29041,5.37713,Plein jour,En agglomération,Hors intersection,Normale,Autre collision,4,1,2,0,1,1,1,0,1,50,1,2,1,0,0,1,,,autre,,1,2,1,1,6
202200039165,2022-04-04 12:40:00,2022,4,4,12,40,86,86194,Avenue du Plateau des Glières,46.598849,0.326027,Plein jour,En agglomération,Hors intersection,Normale,Trois véhicules et plus - en chaîne,4,2,0,0,1,1,1,0,1,50,3,3,1,0,0,2,41.0,48.0,voiture,voiture,1,2,1,1,4
202200039166,2022-06-14 10:00:00,2022,6,14,10,0,13,13215,SAINT ANTOINE A SAINT JOSEPH (CHEMIN DE),43.35479,5.37042,Plein jour,En agglomération,Hors intersection,Normale,Deux véhicules - côté,4,2,2,0,1,3,1,0,1,50,2,3,1,0,0,2,32.0,42.0,voiture,voiture,1,2,1,1,3
202200039167,2022-04-04 16:30:00,2022,4,4,16,30,84,84087,VIOLETTE (RUE DE LA),44.15283,4.80312,Plein jour,Hors agglomération,Hors intersection,Normale,Autre collision,6,2,2,0,1,3,1,9,6,30,1,2,1,0,1,0,89.0,,voiture,,1,1,1,1,6
202200039168,2022-06-14 07:20:00,2022,6,14,7,20,13,13209,Avenue jean monnie,43.2452038658,5.4212634561,Plein jour,En agglomération,Hors intersection,Normale,Deux véhicules - côté,4,2,3,0,1,1,1,0,1,50,2,2,1,0,0,1,65.0,50.0,deux_roues,utilitaire_camion,1,2,1,1,3
202200039169,2022-03-08 18:55:00,2022,3,8,18,55,84,84031,D942,44.04667,5.02439,Crépuscule ou aube,Hors agglomération,Hors intersection,Normale,Deux véhicules - arrière,3,3,4,0,1,1,1,0,1,90,2,2,1,0,0,1,24.0,46.0,voiture,voiture,2,1,1,1,2
202200039170,2022-06-13 18:10:00,2022,6,13,18,10,13,13215,MIMET (CHEMIN DE),43.3767584835,5.3568691546,Plein jour,En agglomération,Hors intersection,Normale,Deux véhicules - frontale,4,1,0,0,1,1,1,0,1,30,1,2,1,0,0,1,29.0,,voiture,,1,2,1,1,1
202200039171,2022-04-06 13:50:00,2022,4,6,13,50,83,83144,BLANC (BD DR EUGENE),43.13728,5.99722,Plein jour,Hors agglomération,Hors intersection,Normale,Deux véhicules - côté,3,2,4,0,1,1,1,2,1,50,2,2,1,0,0,1,71.0,35.0,voiture,deux_roues,1,1,1,1,3
202200039172,2022-04-05 23:10:00,2022,4,5,23,10,83,83129,MER (AVENUE DE LA) N° PAIRS,43.09757,5.82904,Nuit avec éclairage allumé,En agglomération,Hors intersection,Normale,Deux véhicules - arrière,7,2,2,0,1,1,1,8,1,50,2,2,1,0,0,1,41.0,32.0,voiture,voiture,5,2,1,1,2
202200039173,2022-06-13 09:10:00,2022,6,13,9,10,09,09122,DE GAULLE (AVENUE DU GENERAL),42.963394,1.608778,Plein jour,En agglomération,Hors intersection,Autre,Deux véhicules - arrière,3,1,1,0,1,1,2,0,1,50,2,2,1,0,0,1,58.0,65.0,voiture,voiture,1,2,1,9,2
202200039174,2022-06-05 11:50:00,2022,6,5,11,50,07,07008,LEMPS  ( QUARTIER ),44.70163,4.64972,Plein jour,Hors agglomération,Hors intersection,Normale,Deux véhicules - côté,4,-1,1,0,1,1,1,0,1,50,2,2,1,0,1,0,,65.0,autre,deux_roues,1,1,1,1,3
202200039175,2022-04-06 19:30:00,2022,4,6,19,30,83,83069,DENIS (AVENUE ALPHONSE),43.12104,6.13514,Plein jour,En agglomération,Hors intersection,Normale,Trois véhicules et plus - en chaîne,4,2,2,0,1,1,1,0,1,50,3,3,2,0,0,1,43.0,24.0,voiture,voiture,1,2,1,1,4
202200039176,2022-06-14 23:59:00,2022,6,14,23,59,06,06069,ROUQUIER (BOULEVARD EMMANUEL),43.637525,6.940866,Nuit avec éclairage allumé,En agglomération,Giratoire,Normale,Autre collision,4,2,2,0,1,1,1,0,1,50,1,1,0,0,0,1,26.0,,voiture,,5,2,6,1,6
202200039177,2022-04-05 10:20:00,2022,4,5,10,20,80,80021,ABBEVILLE (RUE D'),49.90735,2.27148,Plein jour,En agglomération,Hors intersection,Pluie légère,Autre collision,4,1,1,0,1,1,2,0,1,30,1,2,1,0,0,1,25.0,,voiture,,1,2,1,2,6
202200039178,2022-06-14 16:40:00,2022,6,14,16,40,06,06069,CLEMENCEAU (BOULEVARD GEORGES),43.66355,6.91611,Plein jour,En agglomération,Hors intersection,Normale,Sans collision,3,2,2,0,2,3,1,0,1,50,1,1,0,0,0,1,15.0,,deux_roues,,1,2,1,1,7
202200039179,2022-03-20 03:20:00,2022,3,20,3,20,78,78397,DEPARTEMENTALE 58 (ROUTE),48.75338,1.9685,Nuit sans éclairage public,Hors agglomération,Hors intersection,Normale,Sans collision,3,2,2,0,1,1,1,0,1,70,1,1,0,1,0,0,36.0,,deux_roues,,3,1,1,1,7
202200039180,2022-06-14 14:00:00,2022,6,14,14,0,06,06069,CROISSET (AVENUE FR. DE),43.667131,6.937017,Plein jour,En agglomération,Intersection en T,Normale,Deux véhicules - côté,3,2,2,0,1,1,1,0,1,50,2,2,1,0,0,1,46.0,61.0,deux_roues,voiture,1,2,3,1,3
202200039181,2022-03-30 16:30:00,2022,3,30,16,30,78,78624,DOUMER RUE PAUL,48.989,1.99351,Plein jour,En agglomération,Hors intersection,Normale,Deux véhicules - arrière,3,2,2,0,1,1,1,0,1,50,2,2,1,0,0,1,29.0,29.0,voiture,voiture,1,2,1,1,2
202200039182,2022-06-13 17:00:00,2022,6,13,17,0,06,06029,BIVOUAC NAPOLEON (RUE),43.551943,7.017025,Plein jour,En agglomération,Hors intersection,Normale,Autre collision,4,1,1,0,1,1,1,8,1,30,1,2,1,1,0,0,55.0,,voiture,,1,2,1,1,6
202200039183,2022-04-06 14:40:00,2022,4,6,14,40,77,77284,D603,48.9574,2.89629,Plein jour,En agglomération,Hors intersection,Normale,Autre collision,3,3,4,0,1,1,1,0,1,50,1,2,1,0,0,1,51.0,,voiture,,1,2,1,1,6
202200039184,2022-06-14 19:30:00,2022,6,14,19,30,75,75119,PORTE D AUBERVILLIERS,48.900479,2.37528,Plein jour,En agglomération,Hors intersection,Normale,Trois véhicules et plus - en chaîne,4,1,4,0,1,1,1,0,1,70,3,3,2,0,0,1,27.0,59.0,voiture,voiture,1,2,1,1,4
202200039185,2022-04-05 17:25:00,2022,4,5,17,25,76,76351,VERDUN (RUE DE),49.50226,0.18485,Plein jour,En agglomération,Hors intersection,Normale,Autre collision,3,1,2,0,1,1,1,0,1,50,2,2,1,0,1,0,55.0,56.0,deux_roues,voiture,1,2,1,1,6
202200039186,2022-04-06 16:05:00,2022,4,6,16,5,69,69290,Parc de stationnement,45.72059,4.92775,Plein jour,En agglomération,Hors intersection,Normale,Deux véhicules - côté,6,-1, -1,0,1,1,1,0,1,20,2,3,1,0,0,2,61.0,48.0,voiture,voiture,1,2,1,1,3
202200039187,2022-06-13 19:20:00,2022,6,13,19,20,75,75119,BOULEVARD PERIPHERIQUE INTERIEUR NORD  ,48.900368,2.375187,Plein jour,En agglomération,Hors intersection,Normale,Trois véhicules et plus - en chaîne,4,1,4,0,1,1,1,0,1,70,7,10,6,0,4,0,33.0,22.0,deux_roues,voiture,1,2,1,1,4
202200039188,2022-04-06 21:20:00,2022,4,6,21,20,68,68224,HOFER (RUE JOSUE),47.76011,7.32224,Nuit avec éclairage allumé,En agglomération,Hors intersection,Normale,Trois véhicules et plus - en chaîne,4,4,3,0,1,1,1,0,1,50,3,3,2,0,1,0,34.0,46.0,deux_roues,voiture,5,2,1,1,4
202200039189,2022-06-14 19:45:00,2022,6,14,19,45,75,75106,RUE DU FOUR,48.85241,2.33169,Plein jour,En agglomération,Intersection à plus de 4 branches,Normale,Deux véhicules - arrière,4,2,2,0,1,1,1,0,1,30,2,2,1,0,0,1,27.0,63.0,deux_roues,voiture,1,2,5,1,2
202200039190,2022-04-04 09:35:00,2022,4,4,9,35,67,67482,VOSGES (AVENUE DES),48.588,7.75717,Plein jour,En agglomération,Hors intersection,Normale,Deux véhicules - arrière,4,2,5,1,1,1,1,0,1,50,2,2,1,0,0,1,75.0,52.0,voiture,utilitaire_camion,1,2,1,1,2
202200039191,2022-06-14 18:25:00,2022,6,14,18,25,75,75105,RUE MONGE,48.848086,2.35048,Plein jour,En agglomération,Intersection en X,Normale,Sans collision,4,2,3,0,2,1,1,0,1,30,1,1,0,0,0,1,23.0,,deux_roues,,1,2,2,1,7
202200039192,2022-04-06 11:30:00,2022,4,6,11,30,64,64189,Avenue de Sopitenia,43.3810839412,-1.6891050339,Plein jour,En agglomération,Intersection en T,Normale,Deux véhicules - côté,3,-1,1,1,1,1,1,0,1,20,2,2,1,0,0,1,70.0,82.0,voiture,deux_roues,1,2,3,1,3
202200039193,2022-06-14 08:00:00,2022,6,14,8,0,75,75120,RUE LOUIS LUMIERE,48.862578,2.410921,Plein jour,En agglomération,Intersection en Y,Normale,Deux véhicules - côté,4,2,4,0,2,1,1,0,1,30,2,2,1,0,1,0,,53.0,voiture,deux_roues,1,2,4,1,3
202200039194,2022-04-05 11:50:00,2022,4,5,11,50,64,64024,BOULEVARD DU BAB ,43.49653,-1.51108,Plein jour,En agglomération,Hors intersection,Normale,Deux véhicules - arrière,4,2,4,0,1,1,1,0,1,50,2,3,2,0,0,1,54.0,41.0,utilitaire_camion,voiture,1,2,1,1,2
202200039195,2022-06-14 15:50:00,2022,6,14,15,50,75,75118,RUE ORDENER,48.891559,2.349625,Plein jour,En agglomération,Intersection en X,Normale,Deux véhicules - côté,4,2,2,0,1,1,1,0,1,30,2,2,1,0,0,1,25.0,32.0,deux_roues,deux_roues,1,2,2,1,3
202200039196,2022-04-05 09:00:00,2022,4,5,9,0,64,64140,Rue René Duvert,43.522719,-1.489365,Plein jour,En agglomération,Intersection en X,Normale,Deux véhicules - côté,4,2,2,0,1,1,1,0,1,50,2,2,1,0,0,1,37.0,27.0,voiture,voiture,1,2,2,1,3
202200039197,2022-06-14 15:15:00,2022,6,14,15,15,75,75115,RUE CARRIER BELLEUSE,48.847371,2.303022,Plein jour,En agglomération,Intersection en T,Normale,Deux véhicules - arrière,4,1,1,0,1,1,1,0,1,30,2,2,1,0,0,1,44.0,29.0,deux_roues,utilitaire_camion,1,2,3,1,2
202200039198,2022-06-14 14:45:00,2022,6,14,14,45,75,75115,RUE LECOURBE,48.840038,2.294464,Plein jour,En agglomération,Hors intersection,Normale,Sans collision,4,2,3,1,1,1,1,0,5,30,1,1,0,0,0,1,66.0,,deux_roues,,1,2,1,1,7
202200039199,2022-04-06 19:40:00,2022,4,6,19,40,59,59090,GAULLE (AVENUE DU GENERAL DE),50.6972165097,3.0920344591,Plein jour,En agglomération,Intersection en T,Normale,Deux véhicules - côté,7,2,2,0,1,1,1,0,1,50,2,3,1,0,0,2,22.0,52.0,voiture,voiture,1,2,3,1,3
202200039200,2022-06-14 08:40:00,2022,6,14,8,40,75,75114,RUE DIDOT,48.829676,2.317981,Plein jour,En agglomération,Intersection en T,Normale,Deux véhicules - côté,4,2,2,1,1,1,1,0,5,30,2,2,0,0,0,2,36.0,36.0,deux_roues,deux_roues,1,2,3,1,3
202200039201,2022-04-06 08:50:00,2022,4,6,8,50,59,59508,DRONCKAERT (RUE DU),50.74028,3.1318,Plein jour,En agglomération,Intersection en T,Normale,Deux véhicules - côté,7,2,2,0,1,3,1,0,1,50,2,2,1,0,0,1,73.0,48.0,voiture,voiture,1,2,3,1,3
202200039202,2022-06-13 19:00:00,2022,6,13,19,0,75,75114,PLACE DE CATALOGNE,48.837219,2.317897,Plein jour,En agglomération,Place,Temps éblouissant,Deux véhicules - arrière,4,1,3,0,1,2,1,0,1,30,2,4,3,0,0,1,44.0,50.0,voiture,deux_roues,1,2,7,7,2
202200039203,2022-06-14 16:36:00,2022,6,14,16,36,75,75113,BOULEVARD DU GENERAL JEAN SIMON,48.824164,2.37678,Plein jour,En agglomération,Intersection en X,Normale,Autre collision,4,3,2,1,2,1,1,0,5,30,1,2,1,0,0,1,35.0,,deux_roues,,1,2,2,1,6
202200039204,2022-03-26 22:30:00,2022,3,26,22,30,57,57227,ST REMY(AV.)R.DE LA CHAPLLE NC. AU CARR.,49.18658,6.8973,Nuit avec éclairage allumé,En agglomération,Intersection en X,Normale,Deux véhicules - côté,3,3,5,0,1,1,1,5,1,50,2,2,1,0,0,1,52.0,47.0,deux_roues,voiture,5,2,2,1,3
202200039205,2022-06-14 14:40:00,2022,6,14,14,40,75,75112,AVENUE DE NOGENT,48.842103,2.449039,Plein jour,En agglomération,Intersection en T,Normale,Deux véhicules - côté,4,2,4,0,1,1,1,0,1,30,2,2,1,0,0,1,42.0,45.0,deux_roues,voiture,1,2,3,1,3
202200039206,2022-04-05 17:40:00,2022,4,5,17,40,56,56121,D465 Desserte Portuaire,47.7497,-3.38723,Plein jour,En agglomération,Hors intersection,Normale,Deux véhicules - arrière,3,1,1,0,2,3,1,3,1,50,2,2,0,0,0,2,32.0,80.0,voiture,voiture,1,2,1,1,2
202200039207,2022-04-05 17:59:00,2022,4,5,17,59,49,49007,TALET AVENUE,47.47653,-0.54731,Plein jour,En agglomération,Hors intersection,Normale,Autre collision,4,1,2,0,1,1,1,0,1,30,1,2,1,0,0,1,19.0,,voiture,,1,2,1,1,6
202200039208,2022-06-14 11:30:00,2022,6,14,11,30,75,75112,RUE TAINE,48.839403,2.394511,Plein jour,En agglomération,Intersection en Y,Normale,Autre collision,4,2,3,0,2,1,1,0,1,30,1,2,1,0,0,1,,,utilitaire_camion,,1,2,4,1,6
202200039209,2022-04-05 18:13:00,2022,4,5,18,13,49,49007,COTE DE BELLEVUE,47.46136,-0.60324,Plein jour,En agglomération,Hors intersection,Normale,Sans collision,4,2,2,0,1,1,1,0,1,30,1,1,0,0,0,1,34.0,,deux_roues,,1,2,1,1,7
202200039210,2022-06-14 08:00:00,2022,6,14,8,0,75,75112,RUE DU FAUBOURG SAINT ANTOINE,48.852693,2.371305,Plein jour,En agglomération,Hors intersection,Normale,Autre collision,4,2,2,0,1,1,1,0,1,30,1,2,1,0,0,1,63.0,,deux_roues,,1,2,1,1,6
202200039211,2022-04-05 12:35:00,2022,4,5,12,35,49,49007,LARDIN DE MUSSET,47.47438,-0.53867,Plein jour,En agglomération,Hors intersection,Normale,Autre collision,5,2,2,0,1,1,1,0,8,10,1,2,1,0,0,1,45.0,,voiture,,1,2,1,1,6
202200039212,2022-04-05 09:29:00,2022,4,5,9,29,49,49267,BIRGE BOULEVARD,47.47074,-0.51896,Plein jour,En agglomération,Intersection en X,Normale,Deux véhicules - côté,4,2,2,0,1,1,1,0,1,50,2,3,2,0,0,1,60.0,53.0,voiture,deux_roues,1,2,2,1,3
202200039213,2022-06-14 18:20:00,2022,6,14,18,20,75,75111,RUE DE CHARONNE,48.853585,2.380425,Plein jour,En agglomération,Intersection en X,Normale,Deux véhicules - frontale,4,2,2,0,1,1,1,0,1,30,2,2,1,0,0,1,51.0,49.0,deux_roues,voiture,1,2,2,1,1
202200039214,2022-04-04 22:52:00,2022,4,4,22,52,45,45004,Rue de la Nivelle,47.98453,2.74978,Nuit avec éclairage allumé,En agglomération,Autre intersection,Normale,Autre collision,3,2,2,0,1,1,1,2,4,50,1,1,0,0,0,1,31.0,,voiture,,5,2,9,1,6
202200039215,2022-04-02 14:20:00,2022,4,2,14,20,44,44184,QUATRE Z'HORLOGES (PLACE DES),47.27351,-2.20622,Plein jour,En agglomération,Giratoire,Normale,Autre collision,4,1,1,0,1,2,1,5,1,50,2,3,2,0,0,1,31.0,56.0,utilitaire_camion,transport_commun,1,2,6,1,6
202200039216,2022-04-06 06:50:00,2022,4,6,6,50,41,41269,ROCHAMBELLES (CARREFOUR DES),47.79461,1.06775,Crépuscule ou aube,En agglomération,Hors intersection,Normale,Autre collision,4,-1,2,0,1,1,1,9,1,50,1,2,1,0,0,1,44.0,,voiture,,2,2,1,1,6
202200039217,2022-04-05 23:45:00,2022,4,5,23,45,41,41295,RD 956,47.5734,1.36928,Plein jour,En agglomération,Hors intersection,Normale,Autre collision,4,2,2,0,1,1,1,9,1,50,1,1,0,0,0,1,37.0,,deux_roues,,1,2,1,1,6
202200039218,2022-04-05 17:25:00,2022,4,5,17,25,41,41212,PERRIERES (RUE DES),47.56647,1.36856,Plein jour,En agglomération,Hors intersection,Normale,Deux véhicules - arrière,4,-1,1,0,1,1,1,9,1,50,2,3,2,0,0,1,21.0,57.0,voiture,voiture,1,2,1,1,2
202200039219,2022-04-06 20:25:00,2022,4,6,20,25,37,37261,CONSTANTINE (RUE DE),47.3962444475,0.6838412583,Plein jour,En agglomération,Giratoire,Normale,Deux véhicules - côté,4,2,1,2,1,1,1,0,6,50,2,3,2,0,0,1,20.0,28.0,deux_roues,voiture,1,2,6,1,3
202200039220,2022-04-06 18:45:00,2022,4,6,18,45,37,37122,JEAN JAURES,47.3489413796,0.6642182171,Plein jour,En agglomération,Hors intersection,Normale,Autre collision,4,1,4,1,1,1,1,0,5,50,1,2,1,0,0,1,31.0,,deux_roues,,1,2,1,1,6
202200039221,2022-04-06 16:00:00,2022,4,6,16,0,37,37261,FOURNIER (RUE DU DOCTEUR),47.3855714169,0.7025161386,Plein jour,En agglomération,Hors intersection,Normale,Autre collision,4,2,2,0,1,1,1,0,1,50,1,2,1,0,0,1,33.0,,deux_roues,,1,2,1,1,6
202200039222,2022-04-05 18:20:00,2022,4,5,18,20,37,37261,GRAMMONT (AVENUE DE),47.3699931123,0.6970712543,Plein jour,En agglomération,Hors intersection,Normale,Deux véhicules - arrière,6,-1, -1,1,1,1,1,2,1,50,2,2,1,0,1,0,56.0,31.0,voiture,deux_roues,1,2,1,1,2
202200039223,2022-04-05 08:45:00,2022,4,5,8,45,37,37261,GRAMMONT (AVENUE DE),47.36617,0.69876,Plein jour,En agglomération,Hors intersection,Temps couvert,Autre collision,4,2,3,3,1,1,1,5,1,50,1,2,1,0,1,0,30.0,,voiture,,1,2,1,8,6
202200039224,2022-04-02 05:00:00,2022,4,2,5,0,35,35238,PREVALAYE (QUAI DE LA),48.10856,-1.68812,Nuit avec éclairage allumé,En agglomération,Hors intersection,Normale,Autre collision,4,1,1,1,1,1,1,0,1,50,1,2,1,0,0,1,,,autre,,5,2,1,1,6
202200039225,2022-04-06 13:50:00,2022,4,6,13,50,35,35238,Rue de Saint-Malo,48.12525,-1.68534,Plein jour,En agglomération,Hors intersection,Normale,Autre collision,4,2,3,0,1,1,1,0,1,30,1,1,0,0,1,0,38.0,,voiture,,1,2,1,1,6
202200039226,2022-04-06 17:04:00,2022,4,6,17,4,33,33063,Boulevard des Frères Moga,44.83165,-0.55703,Plein jour,En agglomération,Autre intersection,Temps couvert,Deux véhicules - arrière,4,1,3,0,1,1,1,0,1,50,2,3,2,0,0,1,40.0,54.0,voiture,voiture,1,2,9,8,2
202200039227,2022-04-06 14:15:00,2022,4,6,14,15,33,33063,Rue Achard,44.86695,-0.54849,Plein jour,En agglomération,Intersection en T,Normale,Trois véhicules et plus - collisions multiples,4,1,1,0,1,1,1,5,1,30,3,3,2,0,0,1,63.0,22.0,voiture,deux_roues,1,2,3,1,5
202200039228,2022-04-05 20:00:00,2022,4,5,20,0,29,29019,Boulevard Montaigne,48.402542,-4.481957,Plein jour,En agglomération,Intersection en X,Normale,Sans collision,4,2,2,0,4,1,1,0,1,30,1,1,0,0,0,1,25.0,,deux_roues,,1,2,2,1,7
202200039229,2022-04-06 07:45:00,2022,4,6,7,45,26,26198,SAINT GERVAIS (Route),44.565626,4.797674,Plein jour,Hors agglomération,Hors intersection,Normale,Deux véhicules - côté,3,2,2,0,1,1,1,0,1,50,2,2,1,0,1,0,16.0,56.0,deux_roues,transport_commun,1,1,1,1,3
202200039230,2022-11-01 16:35:00,2022,11,1,16,35,62,62456,Route de Lens,50.478773,2.615106,Plein jour,Hors agglomération,Hors intersection,Pluie forte,Autre collision,4,-1,2,-1,1,1,2,0,1,50,1,1,0,0,0,1,20.0,,voiture,,1,1,1,3,6
202200039231,2022-04-06 17:53:00,2022,4,6,17,53,13,13004,AV STALINGRAD,43.68661,4.63492,Plein jour,En agglomération,Hors intersection,Normale,Deux véhicules - côté,4,2,2,0,1,1,1,0,1,50,1,2,1,0,0,1,22.0,,voiture,,1,2,1,1,3
202200039232,2022-11-01 19:08:00,2022,11,1,19,8,60,60057,Avenue Paul Henri Spaak,49.44985,2.09995,Nuit avec éclairage allumé,En agglomération,Hors intersection,Pluie légère,Autre collision,4,2,2,0,1,1,2,0,1,30,1,5,0,0,0,5,19.0,,voiture,,5,2,1,2,6
202200039233,2022-04-06 10:25:00,2022,4,6,10,25,06,06029,JAURES (RUE JEAN),43.553641,7.019638,Plein jour,En agglomération,Autre intersection,Normale,Deux véhicules - frontale,4,1,1,3,1,1,1,9,1,30,2,2,1,0,1,0,34.0,36.0,transport_commun,deux_roues,1,2,9,1,1
202200039234,2022-11-01 17:50:00,2022,11,1,17,50,59,59599,GUERRE (RUE FIN DE LA),50.7273599723,3.1492727995,Nuit sans éclairage public,En agglomération,Hors intersection,Pluie forte,Autre collision,4,2,2,0,1,1,2,9,1,50,1,2,1,0,0,1,20.0,,voiture,,3,2,1,3,6
202200039235,2022-11-01 14:50:00,2022,11,1,14,50,59,59098,LINSELLES (RUE DE),50.765602,3.077425,Plein jour,Hors agglomération,Hors intersection,Normale,Deux véhicules - côté,7,-1,2,0,1,1,1,0,1,70,2,2,0,0,0,2,59.0,39.0,voiture,voiture,1,1,1,1,3
202200039236,2022-04-05 19:00:00,2022,4,5,19,0,06,06123,FAHNESTOCK G. CORNICHE,43.680654,7.180849,Plein jour,En agglomération,Hors intersection,Normale,Deux véhicules - frontale,7,2,2,0,2,2,1,0,1,50,2,4,1,0,0,3,25.0,25.0,voiture,voiture,1,2,1,1,1
202200039237,2022-11-01 10:00:00,2022,11,1,10,0,59,59426,RACCORDEMENT (VOIE DE),50.74763,3.14537,Plein jour,En agglomération,Autre intersection,Temps éblouissant,Deux véhicules - côté,7,3,2,0,2,1,1,2,8,50,2,2,1,0,1,0,34.0,46.0,voiture,utilitaire_camion,1,2,9,7,3
202200039238,2022-04-05 08:55:00,2022,4,5,8,55,06,06123,PONANT AVENUE DU,43.658373,7.187823,Plein jour,En agglomération,Hors intersection,Normale,Deux véhicules - frontale,4,2,2,0,1,1,1,0,1,50,2,2,1,0,0,1,29.0,62.0,voiture,deux_roues,1,2,1,1,1
202200039239,2022-11-01 20:00:00,2022,11,1,20,0,59,59650,EUROPE (ROND POINT DE L'),50.70203,3.24207,Nuit avec éclairage allumé,Hors agglomération,Hors intersection,Pluie légère,Deux véhicules - frontale,7,2,0,0,1,1,2,0,1,80,2,2,0,0,1,1,24.0,66.0,voiture,voiture,5,1,1,2,1
202200039240,2022-04-05 17:30:00,2022,4,5,17,30,75,75119,BD PERIPHERIQUE EXTERIEUR,48.889194,2.396526,Plein jour,En agglomération,Hors intersection,Normale,Deux véhicules - côté,4,1,4,0,1,1,1,0,1,70,2,2,1,0,0,1,29.0,34.0,deux_roues,voiture,1,2,1,1,3
202200039241,2022-10-31 18:15:00,2022,10,31,18,15,59,59033,DOCTEUR ALBERT SCHWEITZER (RUE DU),50.206899,3.848915,Nuit avec éclairage allumé,En agglomération,Hors intersection,Normale,Autre collision,4,1,1,0,1,1,1,0,1,30,1,2,1,0,0,1,40.0,,voiture,,5,2,1,1,6
202200039242,2022-11-01 19:50:00,2022,11,1,19,50,59,59350,GAND PLACE,50.63688,3.06386,Nuit sans éclairage public,En agglomération,Place,Pluie forte,Autre collision,4,2,2,0,1,1,2,0,1,30,1,2,1,0,1,0,77.0,,voiture,,3,2,7,3,6
202200039243,2022-03-05 12:00:00,2022,3,5,12,0,75,75112,RUE DU FAUBOURG SAINT ANTOINE,48.8500769956,2.3847386241,Plein jour,En agglomération,Intersection à plus de 4 branches,Normale,Autre collision,4,2,4,3,1,1,1,-1,4,30,1,2,1,1,0,0,5.0,,deux_roues,,1,2,5,1,6
202200039244,2022-10-23 13:55:00,2022,10,23,13,55,59,59350,AVENTURE HALLES NOUVELLE,50.627059,3.050176,Plein jour,En agglomération,Hors intersection,Normale,Autre collision,4,1,0,0,1,1,1,0,1,30,1,2,1,0,0,1,66.0,,utilitaire_camion,,1,2,1,1,6
202200039245,2022-10-18 16:15:00,2022,10,18,16,15,59,59009,SAINT GHISLAIN ROND POINT,50.65107,3.12661,Plein jour,En agglomération,Giratoire,Normale,Deux véhicules - côté,7,1,1,0,1,3,1,0,1,50,2,2,0,0,0,2,47.0,67.0,utilitaire_camion,utilitaire_camion,1,2,6,1,3
202200039246,2022-04-06 17:30:00,2022,4,6,17,30,75,75105,RUE CUJAS,48.8475239911,2.3431778513,Plein jour,En agglomération,Intersection en T,Normale,Deux véhicules - côté,4,2,2,0,2,1,1,0,1,30,2,2,1,0,0,1,51.0,32.0,deux_roues,utilitaire_camion,1,2,3,1,3
202200039247,2022-10-21 17:05:00,2022,10,21,17,5,59,59350,HUGO VICTOR RUE,50.63075,3.00875,Plein jour,En agglomération,Intersection en T,Normale,Deux véhicules - côté,7,2,2,0,1,1,1,0,1,50,2,3,2,0,0,1,46.0,,voiture,voiture,1,2,3,1,3
202200039248,2022-04-06 14:30:00,2022,4,6,14,30,75,75119,RUE DU MAROC,48.8870201016,2.3679106687,Plein jour,En agglomération,Hors intersection,Normale,Deux véhicules - arrière,4,2,2,0,1,1,1,0,1,30,2,2,1,0,0,1,,50.0,voiture,deux_roues,1,2,1,1,2
202200039249,2022-11-01 14:50:00,2022,11,1,14,50,59,59488,ROUTE D'ARRAS,50.18187,3.20069,Plein jour,En agglomération,Intersection en T,Normale,Deux véhicules - côté,3,-1,2,0,2,1,1,0,1,50,2,2,1,0,0,1,80.0,42.0,voiture,deux_roues,1,2,3,1,3