accident_id,datetime,annee,mois,jour,heure,minute,departement,commune_insee,adresse,latitude,longitude,luminosite,agglomeration,intersection,meteo,collision,catr,circ,nbv,vosp,prof,plan,surf,infra,situ,vma,nb_vehicules,nb_usagers,nb_indemnes,nb_tues,nb_blesses_hosp,nb_blesses_legers,age_cond_1,age_cond_2,veh_type_cond_1,veh_type_cond_2,lum_code,agg_code,int_code,atm_code,col_code
202200039342,2022-11-01 18:40:00,2022,11,1,18,40,64,64106,route départementale 933,43.312938,-1.010399,Nuit sans éclairage public,Hors agglomération,Hors intersection,Normale,Autre collision,3,2,2,0,1,1,1,0,1,80,1,1,0,0,0,1,81.0,,voiture,,3,1,1,1,6
202200039343,2022-04-06 17:30:00,2022,4,6,17,30,29,29049,D765 - Penalen,47.965457052,-3.8587582113,Plein jour,Hors agglomération,Hors intersection,Temps couvert,Deux véhicules - frontale,3,2,2,0,1,2,2,0,1,80,2,2,1,0,0,1,57.0,19.0,voiture,deux_roues,1,1,1,8,1
202200039344,2022-11-02 07:25:00,2022,11,2,7,25,73,73159,D923,45.4670919772,6.043778391,Plein jour,Hors agglomération,Hors intersection,Pluie légère,Deux véhicules - frontale,3,2,2,0,1,3,2,0,1,80,2,3,0,0,1,2,19.0,49.0,voiture,utilitaire_camion,1,1,1,2,1
202200039345,2022-04-06 20:10:00,2022,4,6,20,10,29,29217,N165,47.88694911,-3.765520141,Plein jour,Hors agglomération,Hors intersection,Normale,Deux véhicules - arrière,2,3,4,0,1,1,1,0,1,110,2,2,1,0,1,0,36.0,26.0,voiture,utilitaire_camion,1,1,1,1,2
202200039346,2022-11-01 16:00:00,2022,11,1,16,0,43,43268,La Combe,45.143676,4.100132,Plein jour,Hors agglomération,Hors intersection,Normale,Sans collision,3,2,2,0,2,2,1,0,3,80,1,5,4,0,1,0,18.0,,voiture,,1,1,1,1,7
202200039347,2022-11-02 16:15:00,2022,11,2,16,15,40,40214,Route de Tilh,43.571548,-0.876213,Plein jour,Hors agglomération,Hors intersection,Normale,Sans collision,3,2,2,0,1,4,1,0,1,80,1,1,0,0,1,0,14.0,,deux_roues,,1,1,1,1,7
202200039348,2022-10-30 21:45:00,2022,10,30,21,45,24,24364,D704,45.0436,1.227937,Nuit sans éclairage public,Hors agglomération,Hors intersection,Normale,Sans collision,3,2,3,0,2,3,1,0,3,90,1,1,0,0,1,0,48.0,,voiture,,3,1,1,1,7
202200039349,2022-10-14 07:55:00,2022,10,14,7,55,04,04208,D51 pk 13 + 400,43.943951,5.565391,Plein jour,Hors agglomération,Hors intersection,Normale,Autre collision,3,2,2,0,1,1,1,0,3,80,1,1,0,0,0,1,35.0,,voiture,,1,1,1,1,6
202200039350,2022-04-07 16:44:00,2022,4,7,16,44,58,58079,Lieu Dit la Galette,47.456205,3.506205,Plein jour,En agglomération,Hors intersection,Pluie légère,Deux véhicules - arrière,3,2,2,0,1,1,2,0,1,50,2,5,3,2,0,0,31.0,,voiture,,1,2,1,2,2
202200039351,2022-11-01 05:40:00,2022,11,1,5,40,85,85187,CARREFOUR D114 / D113,46.722835,-0.852841,Nuit sans éclairage public,Hors agglomération,Intersection en X,Normale,Autre collision,3,2,2,0,1,1,1,0,3,-1,1,4,2,0,1,1,22.0,,voiture,,3,1,2,1,6
202200039352,2022-10-29 16:20:00,2022,10,29,16,20,85,85090,la bonnelière,46.8250664,-0.93116439,Plein jour,Hors agglomération,Hors intersection,Normale,Autre collision,3,2,2,0,2,2,1,0,3,80,1,1,0,0,1,0,19.0,,voiture,,1,1,1,1,6
202200039353,2022-03-12 11:37:00,2022,3,12,11,37,06,06059,avenue Georges Clémenceau,43.728716,7.371708,Plein jour,Hors agglomération,Hors intersection,Normale,Deux véhicules - côté,7,2,2,0,1,3,1,0,1,70,2,2,1,0,0,1,54.0,39.0,voiture,deux_roues,1,1,1,1,3
202200039354,2022-11-01 17:50:00,2022,11,1,17,50,28,28339,D23,48.432667,1.234664,Crépuscule ou aube,Hors agglomération,Hors intersection,Normale,Sans collision,3,2,2,0,2,3,1,0,3,80,1,2,0,0,2,0,77.0,,voiture,,2,1,1,1,7
202200039355,2022-11-01 09:30:00,2022,11,1,9,30,37,37251,D959,47.5119833749,0.4273509979,Plein jour,Hors agglomération,Hors intersection,Normale,Deux véhicules - frontale,3,2,2,0,1,1,1,0,1,90,2,2,0,0,2,0,54.0,19.0,voiture,voiture,1,1,1,1,1
202200039356,2022-04-07 07:00:00,2022,4,7,7,0,06,06136,Av des Martyrs de la Resistance,43.876692,7.452074,Crépuscule ou aube,En agglomération,Intersection en X,Normale,Deux véhicules - côté,3,2,2,0,2,1,1,0,1,50,2,2,1,0,1,0,17.0,40.0,deux_roues,voiture,2,2,2,1,3
202200039357,2022-10-06 20:20:00,2022,10,6,20,20,67,67296,Rue de Strasbourg,48.609391,7.699914,Nuit sans éclairage public,Hors agglomération,Hors intersection,Normale,Autre collision,7,2,2,2,1,1,1,0,1,40,1,2,1,1,0,0,38.0,,voiture,,3,1,1,1,6
202200039358,2022-03-28 16:50:00,2022,3,28,16,50,73,73121,D69,45.624078,6.322643,Plein jour,Hors agglomération,Giratoire,Normale,Deux véhicules - côté,3,2,2,0,1,2,1,5,1,50,2,2,1,0,1,0,53.0,55.0,utilitaire_camion,deux_roues,1,1,6,1,3
202200039359,2022-11-02 11:30:00,2022,11,2,11,30,78,78233,"RD30, PK12",48.891076,1.990628,Plein jour,Hors agglomération,Intersection en T,Normale,Deux véhicules - côté,3,2,2,0,1,1,1,0,1,80,2,2,1,0,1,0,38.0,58.0,voiture,deux_roues,1,1,3,1,3
202200039360,2022-04-07 16:45:00,2022,4,7,16,45,27,27199,d 13,49.27421,1.680822,Plein jour,Hors agglomération,Hors intersection,Normale,Autre collision,3,2,2,0,4,2,1,0,3,80,1,1,0,0,1,0,26.0,,voiture,,1,1,1,1,6
202200039361,2022-10-31 11:20:00,2022,10,31,11,20,83,83001,Autoroute A8 PK 143.800,43.5467397769,6.7914498584,Plein jour,Hors agglomération,Hors intersection,Normale,Autre collision,1,2,3,0,1,3,1,0,1,110,1,3,1,0,1,1,63.0,,voiture,,1,1,1,1,6
202200039362,2022-04-07 14:30:00,2022,4,7,14,30,27,27284,Rue Cappeville,49.281202,1.780965,Plein jour,En agglomération,Hors intersection,Normale,Sans collision,4,1,1,0,1,1,1,0,1,30,1,1,0,0,0,1,17.0,,deux_roues,,1,2,1,1,7
202200039363,2022-11-02 18:10:00,2022,11,2,18,10,77,77325,D412,48.420885,3.237174,Nuit avec éclairage allumé,En agglomération,Giratoire,Normale,Deux véhicules - côté,3,2,2,0,1,1,1,5,1,50,2,2,1,0,0,1,41.0,21.0,voiture,deux_roues,5,2,6,1,3
202200039364,2022-04-06 15:23:00,2022,4,6,15,23,27,27679,INTERSECTION D840 / D51,48.744066,0.928892,Plein jour,En agglomération,Intersection en T,Temps couvert,Deux véhicules - frontale,3,2,2,0,1,2,1,0,1,50,2,2,1,0,1,0,36.0,35.0,voiture,deux_roues,1,2,3,8,1
202200039365,2022-10-31 19:00:00,2022,10,31,19,0,60,60494,Autoroute A1 - PK 033.000,49.1317230739,2.5602881294,Nuit sans éclairage public,Hors agglomération,Hors intersection,Pluie légère,Trois véhicules et plus - collisions multiples,1,3,3,0,1,1,2,0,1,130,4,6,4,0,0,2,46.0,50.0,voiture,voiture,3,1,1,2,5
202200039366,2022-04-06 19:58:00,2022,4,6,19,58,49,49092,Autoroute A 87 PK 23+400 CHEMILLE,47.243857,-0.673943,Crépuscule ou aube,Hors agglomération,Autre intersection,Temps couvert,Sans collision,1,2,2,0,1,2,1,8,1,90,1,1,0,0,0,1,41.0,,voiture,,2,1,9,8,7
202200039367,2022-11-02 11:50:00,2022,11,2,11,50,77,77185,Autoroute A6 au point kilométrique 048.000 dans le sens PARIS vers LYON,48.445013,2.530576,Plein jour,Hors agglomération,Hors intersection,Normale,Deux véhicules - arrière,1,3,5,0,1,1,1,0,1,130,2,3,2,0,0,1,30.0,53.0,utilitaire_camion,voiture,1,1,1,1,2
202200039368,2022-03-23 13:30:00,2022,3,23,13,30,18,18279,,47.260068,2.045259,Plein jour,Hors agglomération,Hors intersection,Normale,Deux véhicules - arrière,1,3,5,0,1,3,1,0,1,130,2,2,1,0,0,1,51.0,90.0,utilitaire_camion,voiture,1,1,1,1,2
202200039369,2022-11-01 15:25:00,2022,11,1,15,25,987,98714,RT 101 - Ligne droite magasin Hitiatia - Faanui,-16.388,-151.765,Plein jour,Hors agglomération,Hors intersection,Normale,Deux véhicules - arrière,2,2,2,0,1,1,1,0,1,60,2,4,1,0,1,2,20.0,25.0,voiture,voiture,1,1,1,1,2
202200039370,2022-04-06 18:10:00,2022,4,6,18,10,2B,2B274,Route de SCOLCA,42.526701,9.369578,Plein jour,Hors agglomération,Hors intersection,Pluie légère,Deux véhicules - côté,3,2,2,0,2,2,2,0,1,80,2,4,1,0,3,0,42.0,19.0,utilitaire_camion,voiture,1,1,1,2,3
202200039371,2022-09-09 23:30:00,2022,9,9,23,30,988,98817,Route du Vallon Dore - Col Barau,-22.247207,166.570405,Nuit avec éclairage allumé,En agglomération,Hors intersection,Normale,Autre collision,3,2,2,0,1,1,2,0,1,-1,1,2,1,1,0,0,,,voiture,,5,2,1,1,6
202200039372,2022-04-06 22:00:00,2022,4,6,22,0,34,34162,D5,43.487505,3.519552,Nuit sans éclairage public,Hors agglomération,Hors intersection,Normale,Autre collision,3,2,2,0,2,3,1,0,3,80,1,1,0,0,1,0,21.0,,voiture,,3,1,1,1,6
202200039373,2022-10-27 08:00:00,2022,10,27,8,0,84,84003,Avenue de Saignon,43.874235,5.402398,Plein jour,En agglomération,Intersection en T,Normale,Deux véhicules - côté,3,2,2,0,2,1,1,0,1,50,2,2,1,0,1,0,38.0,17.0,voiture,deux_roues,1,2,3,1,3
202200039374,2022-04-07 01:10:00,2022,4,7,1,10,83,83127,D2,43.27419,5.793826,Nuit sans éclairage public,Hors agglomération,Hors intersection,Normale,Sans collision,3,2,2,0,1,2,1,0,1,80,1,1,0,1,0,0,44.0,,voiture,,3,1,1,1,7
202200039375,2022-11-02 09:30:00,2022,11,2,9,30,21,21194,D2,47.082605,4.928463,Plein jour,Hors agglomération,Intersection en T,Normale,Deux véhicules - côté,3,2,2,0,1,1,1,0,1,80,2,2,1,0,1,0,78.0,67.0,voiture,voiture,1,1,3,1,3
202200039376,2022-04-06 16:00:00,2022,4,6,16,0,67,67131,Rue des Fusiliers Marins,48.489461,7.730104,Plein jour,En agglomération,Autre intersection,Normale,Autre collision,6,-1, -1,0,1,1,1,0,8,-1,1,2,1,0,1,0,42.0,,voiture,,1,2,9,1,6
202200039377,2022-04-06 23:40:00,2022,4,6,23,40,88,88136,,48.219011,6.453009,Nuit sans éclairage public,Hors agglomération,Hors intersection,Temps couvert,Deux véhicules - arrière,2,3,4,0,1,1,2,0,1,110,2,3,2,0,1,0,73.0,25.0,voiture,voiture,3,1,1,8,2
202200039378,2022-11-01 19:00:00,2022,11,1,19,0,01,01202,D1075,45.896072,5.338068,Nuit sans éclairage public,Hors agglomération,Hors intersection,Normale,Deux véhicules - côté,3,2,3,0,1,1,1,0,1,80,2,2,1,1,0,0,51.0,51.0,voiture,deux_roues,3,1,1,1,3
202200039379,2022-04-06 08:47:00,2022,4,6,8,47,31,31263,Route de Saverdun,43.408295,1.392012,Plein jour,En agglomération,Hors intersection,Normale,Autre collision,3,2,2,0,1,2,1,5,3,-1,1,1,0,1,0,0,22.0,,voiture,,1,2,1,1,6
202200039380,2022-10-28 14:30:00,2022,10,28,14,30,65,65320,RD 8 - PR 014.150,43.128821,0.115437,Plein jour,Hors agglomération,Intersection en X,Normale,Deux véhicules - côté,3,2,3,3,1,1,1,5,1,90,2,2,1,0,0,1,35.0,75.0,voiture,deux_roues,1,1,2,1,3
202200039381,2022-04-07 07:30:00,2022,4,7,7,30,29,29055,D28 - Route de Lannilis,48.5638520793,-4.3399143221,Crépuscule ou aube,En agglomération,Intersection en T,Pluie légère,Deux véhicules - côté,3,2,2,1,1,1,2,0,1,50,2,2,1,0,1,0,81.0,57.0,voiture,utilitaire_camion,2,2,3,2,3
202200039382,2022-11-01 17:00:00,2022,11,1,17,0,17,17097,bel air,45.658836,-0.912279,Plein jour,Hors agglomération,Intersection en T,Normale,Deux véhicules - côté,3,2,2,0,1,1,1,5,1,80,2,2,1,0,1,0,45.0,55.0,voiture,deux_roues,1,1,3,1,3
202200039383,2022-10-30 23:30:00,2022,10,30,23,30,72,72154,Rue du Boir,47.719308,-0.106253,Nuit avec éclairage allumé,En agglomération,Autre intersection,Normale,Autre collision,3,2,2,0,1,1,1,5,1,50,1,1,0,0,1,0,36.0,,voiture,,5,2,9,1,6
202200039384,2022-04-07 00:01:00,2022,4,7,0,1,76,76464,Rue de la Vente Pouchet,49.379928,1.262215,Nuit sans éclairage public,Hors agglomération,Hors intersection,Pluie légère,Sans collision,4,2,2,0,3,2,2,0,8,80,1,1,0,0,1,0,22.0,,voiture,,3,1,1,2,7
202200039385,2022-11-01 18:15:00,2022,11,1,18,15,60,60559,N31,49.4137393878,2.2819444083,Nuit sans éclairage public,Hors agglomération,Hors intersection,Normale,Autre collision,2,1,2,0,1,1,1,0,1,110,1,1,0,0,1,0,29.0,,voiture,,3,1,1,1,6
202200039386,2022-04-01 20:00:00,2022,4,1,20,0,76,76448,Rue de la Mairie,49.407652,1.240595,Plein jour,En agglomération,Hors intersection,Normale,Deux véhicules - arrière,4,2,2,0,1,1,1,0,1,30,2,2,1,0,1,0,35.0,30.0,deux_roues,voiture,1,2,1,1,2
202200039387,2022-11-01 18:15:00,2022,11,1,18,15,59,59092,235 Rue Léon Piérard,50.284928,3.316133,Nuit avec éclairage allumé,En agglomération,Hors intersection,Normale,Autre collision,3,2,2,0,1,1,1,0,1,50,1,2,1,0,1,0,59.0,,voiture,,5,2,1,1,6
202200039388,2022-04-06 18:20:00,2022,4,6,18,20,13,13001,A51-Sens Marseille vers Aix en Provence,43.48454,5.40836,Plein jour,Hors agglomération,Hors intersection,Normale,Deux véhicules - côté,1,1,2,0,2,1,1,0,1,90,2,2,1,0,0,1,29.0,21.0,voiture,deux_roues,1,1,1,1,3
202200039389,2022-11-01 12:40:00,2022,11,1,12,40,13,13212,A507 sens Marseille - Aubagne,43.31471,5.42305,Plein jour,Hors agglomération,Hors intersection,Normale,Deux véhicules - côté,1,1,3,0,1,1,1,0,1,70,2,3,1,0,0,2,26.0,55.0,voiture,voiture,1,1,1,1,3
202200039390,2022-10-31 17:20:00,2022,10,31,17,20,69,69259,Boulevard Laurent  Bonnevay,45.71801,4.86766,Crépuscule ou aube,En agglomération,Autre intersection,Normale,Sans collision,7,3,9,0,1,1,1,0,1,70,1,1,0,0,0,1,26.0,,deux_roues,,2,2,9,1,7
202200039391,2022-11-01 01:05:00,2022,11,1,1,5,33,33249,ROUTE NATIONALE 230,44.8764,-0.508362,Nuit sans éclairage public,Hors agglomération,Hors intersection,Pluie légère,Deux véhicules - arrière,2,1,1,0,1,1,2,3,1,90,2,3,1,0,0,2,,36.0,voiture,voiture,3,1,1,2,2
202200039392,2022-04-06 18:00:00,2022,4,6,18,0,13,13071,A7-Sens Marseille vers Lyon,43.412698,5.281669,Plein jour,Hors agglomération,Hors intersection,Normale,Deux véhicules - arrière,1,1,3,0,1,1,1,0,1,110,4,5,3,0,0,2,31.0,61.0,utilitaire_camion,utilitaire_camion,1,1,1,1,2
202200039393,2022-11-01 16:35:00,2022,11,1,16,35,91,91064,RN 118,48.74909,2.21181,Plein jour,Hors agglomération,Hors intersection,Normale,Trois véhicules et plus - en chaîne,2,1,3,0,1,1,1,0,1,90,3,3,2,0,0,1,30.0,71.0,voiture,voiture,1,1,1,1,4
202200039394,2022-11-01 13:03:00,2022,11,1,13,3,94,94038,AUTOROUTE A6A,48.7748770719,2.3460855714,Plein jour,Hors agglomération,Hors intersection,Normale,Trois véhicules et plus - en chaîne,1,-1,3,0,1,1,1,0,1,90,3,8,3,0,0,5,21.0,41.0,voiture,voiture,1,1,1,1,4
202200039395,2022-04-06 16:30:00,2022,4,6,16,30,91,91553,RN 104,48.63139,2.49491,Plein jour,Hors agglomération,Hors intersection,Normale,Deux véhicules - arrière,2,3,7,0,1,1,1,0,1,70,2,2,1,0,0,1,27.0,32.0,utilitaire_camion,deux_roues,1,1,1,1,2
202200039396,2022-11-01 18:15:00,2022,11,1,18,15,78,78646,RN12,48.791886,2.097386,Nuit sans éclairage public,Hors agglomération,Hors intersection,Normale,Trois véhicules et plus - en chaîne,2,3,3,0,1,1,1,0,1,110,3,4,3,0,0,1,56.0,44.0,utilitaire_camion,voiture,3,1,1,1,4
202200039397,2022-04-06 17:00:00,2022,4,6,17,0,91,91086,RN 104,48.62385,2.37783,Plein jour,Hors agglomération,Hors intersection,Normale,Deux véhicules - côté,2,1,2,0,1,1,1,0,1,110,2,2,1,0,0,1,26.0,26.0,utilitaire_camion,deux_roues,1,1,1,1,3
202200039398,2022-10-31 21:00:00,2022,10,31,21,0,92,92078,AUTOROUTE A86,48.9311292993,2.3235279586,Nuit sans éclairage public,Hors agglomération,Hors intersection,Pluie légère,Sans collision,1,3,6,0,1,2,2,0,3,90,1,2,0,0,0,2,39.0,,voiture,,3,1,1,2,7
202200039399,2022-04-06 08:25:00,2022,4,6,8,25,94,94034,AUTOROUTE A86,48.75838,2.33766,Plein jour,Hors agglomération,Hors intersection,Normale,Sans collision,1,1,2,0,2,2,1,0,1,70,1,1,0,0,0,1,56.0,,deux_roues,,1,1,1,1,7
202200039400,2022-10-31 19:30:00,2022,10,31,19,30,93,93001,AUTOROUTE A86,48.9212115236,2.3692000928,Nuit avec éclairage non allumé,Hors agglomération,Hors intersection,Normale,Autre collision,1,3,4,0,2,3,2,0,1,90,1,1,0,0,1,0,28.0,,utilitaire_camion,,4,1,1,1,6
202200039401,2022-10-31 19:20:00,2022,10,31,19,20,95,95580,A1,49.0804359949,2.5513927497,Nuit sans éclairage public,Hors agglomération,Hors intersection,Pluie forte,Deux véhicules - arrière,1,3,6,0,1,1,2,0,1,130,2,2,1,0,0,1,53.0,20.0,voiture,voiture,3,1,1,3,2
202200039402,2022-04-06 18:50:00,2022,4,6,18,50,78,78498,A13,48.904911,2.005305,Plein jour,Hors agglomération,Hors intersection,Normale,Deux véhicules - arrière,1,3,2,0,1,1,1,0,1,110,2,2,1,0,0,1,26.0,38.0,voiture,voiture,1,1,1,1,2
202200039403,2022-11-01 19:30:00,2022,11,1,19,30,77,77058,A4,48.8293947232,2.7161276299,Nuit avec éclairage non allumé,Hors agglomération,Hors intersection,Normale,Deux véhicules - côté,1,3,3,0,2,1,1,0,1,130,2,3,2,0,0,1,22.0,23.0,voiture,deux_roues,4,1,1,1,3
202200039404,2022-04-06 06:40:00,2022,4,6,6,40,95,95277,A3,48.97023,2.48201,Nuit sans éclairage public,Hors agglomération,Hors intersection,Normale,Trois véhicules et plus - en chaîne,1,3,4,0,1,3,1,0,1,90,3,3,2,0,0,1,,36.0,utilitaire_camion,voiture,3,1,1,1,4
202200039405,2022-11-01 16:00:00,2022,11,1,16,0,77,77146,A4.Y,48.831316,2.643014,Plein jour,Hors agglomération,Hors intersection,Normale,Deux véhicules - arrière,1,1,4,0,1,1,1,0,1,110,3,4,2,0,0,2,45.0,28.0,voiture,voiture,1,1,1,1,2
202200039406,2022-11-01 03:00:00,2022,11,1,3,0,94,94044,RN406.W,48.75799,2.47084,Nuit sans éclairage public,Hors agglomération,Hors intersection,Normale,Autre collision,2,1,2,0,1,3,1,0,1,70,1,3,2,0,0,1,22.0,,voiture,,3,1,1,1,6
202200039407,2022-04-05 22:30:00,2022,4,5,22,30,95,95563,A115,49.01037,2.2301,Nuit sans éclairage public,Hors agglomération,Hors intersection,Normale,Deux véhicules - arrière,1,3,4,0,1,1,1,0,1,90,2,2,1,0,0,1,61.0,40.0,utilitaire_camion,voiture,3,1,1,1,2
202200039408,2022-08-17 17:35:00,2022,8,17,17,35,50,50165,COUTANCES (ROUTE DE),48.846034,-1.582032,Plein jour,En agglomération,Hors intersection,Normale,Deux véhicules - arrière,3,-1,2,0,1,1,1,0,1,30,2,2,1,0,0,1,43.0,34.0,deux_roues,voiture,1,2,1,1,2
202200039409,2022-04-05 08:34:00,2022,4,5,8,34,88,88160,DUTAC (AV.),48.1837,6.44136,Plein jour,En agglomération,Hors intersection,Normale,Autre collision,4,2,2,0,2,1,1,0,1,50,1,2,1,0,0,1,,,voiture,,1,2,1,1,6
202200039410,2022-10-31 19:34:00,2022,10,31,19,34,2A,2A004,DIAMANT III RCE COURS NAPOLEON,41.918712682,8.736878266,Nuit avec éclairage allumé,En agglomération,Hors intersection,Normale,Autre collision,2,2,2,0,1,1,1,9,8,50,1,2,1,0,0,1,54.0,,voiture,,5,2,1,1,6
202200039411,2022-01-31 09:25:00,2022,1,31,9,25,75,75115,QUAI DE GRENELLE,48.852086,2.285436,Plein jour,En agglomération,Hors intersection,Normale,Autre collision,4,2,2,1,1,1,1,-1,5,30,1,1,0,0,0,1,31.0,,deux_roues,,1,2,1,1,6
202200039412,2022-10-31 18:45:00,2022,10,31,18,45,29,29019,avenue Georges Clemenceau,48.39064,-4.48697,Nuit avec éclairage allumé,En agglomération,Hors intersection,Pluie légère,Autre collision,4,2,4,0,1,1,2,0,1,50,1,2,1,0,0,1,58.0,,transport_commun,,5,2,1,2,6
202200039413,2022-10-31 11:10:00,2022,10,31,11,10,75,75119,BOULEVARD DE LA VILLETTE,48.884178,2.368619,Plein jour,En agglomération,Intersection en X,Normale,Autre collision,4,3,3,0,1,1,1,0,1,30,1,2,1,0,0,1,,,deux_roues,,1,2,2,1,6
202200039414,2022-04-05 16:03:00,2022,4,5,16,3,976,97611,m'tsapere-Said Café (rue),-12.79106,45.21983,Plein jour,En agglomération,Hors intersection,Normale,Deux véhicules - côté,4,2,2,0,1,1,1,0,1,30,2,3,1,0,0,2,26.0,41.0,deux_roues,voiture,1,2,1,1,3
202200039415,2022-10-29 21:00:00,2022,10,29,21,0,75,75108,RUE MARBEUF,48.868235,2.303148,Nuit avec éclairage allumé,En agglomération,Hors intersection,Normale,Autre collision,4,2,2,0,1,1,1,0,1,30,1,2,1,0,0,1,26.0,,voiture,,5,2,1,1,6
202200039416,2022-06-18 19:34:00,2022,6,18,19,34,78,78015,MOULIN (AVENUE JEAN),48.99162,2.05715,Plein jour,Hors agglomération,Hors intersection,Normale,Deux véhicules - frontale,3,2,3,0,2,2,1,0,1,70,2,2,0,0,0,2,63.0,50.0,voiture,voiture,1,1,1,1,1
202200039417,2022-04-05 08:35:00,2022,4,5,8,35,976,97610,Trois Vallées - Majicavo (rue des ),-12.75569,45.23288,Plein jour,Hors agglomération,Giratoire,Normale,Deux véhicules - côté,2,2,2,0,1,1,1,0,1,30,2,3,2,0,0,1,45.0,32.0,voiture,deux_roues,1,1,6,1,3
202200039418,2022-10-31 19:05:00,2022,10,31,19,5,988,98818,RUE GUY CHAPUIS,-22.26386,166.45523,Nuit avec éclairage allumé,En agglomération,Hors intersection,Normale,Autre collision,4,2,2,0,2,3,1,9,4,50,1,1,0,1,0,0,34.0,,deux_roues,,5,2,1,1,6
202200039419,2022-04-05 12:40:00,2022,4,5,12,40,974,97416,BOIS NOIRS(ALLEE DES),-21.28261,55.46371,Plein jour,Hors agglomération,Hors intersection,Pluie légère,Sans collision,3,-1,2,0,1,3,2,5,1,50,1,1,0,0,0,1,16.0,,deux_roues,,1,1,1,2,7
202200039420,2022-10-31 08:15:00,2022,10,31,8,15,974,97411,MARIE (RUE SAINTE),-20.88252,55.45531,Plein jour,En agglomération,Intersection en X,Normale,Deux véhicules - côté,4,1,1,0,1,1,1,0,1,300,2,2,1,0,0,1,41.0,52.0,voiture,voiture,1,2,2,1,3
202200039421,2022-04-05 06:00:00,2022,4,5,6,0,974,97416,MAURICE THOREZ(CHEMIN),-21.27633,55.46931,Crépuscule ou aube,Hors agglomération,Hors intersection,Normale,Sans collision,3,-1,2,0,2,3,2,0,8,50,1,1,0,0,0,1,26.0,,deux_roues,,2,1,1,1,7
202200039422,2022-10-31 19:00:00,2022,10,31,19,0,973,97302,RABAN (ROUTE DE),4.9375888801,-52.3159128428,Nuit avec éclairage allumé,En agglomération,Intersection en T,Normale,Deux véhicules - côté,3,2,2,0,1,1,1,0,1,50,2,2,1,0,0,1,31.0,29.0,deux_roues,voiture,5,2,3,1,3
202200039423,2022-04-06 03:58:00,2022,4,6,3,58,973,97307,ROUTE NATIONALE 1,4.884989,-52.33579,Plein jour,En agglomération,Hors intersection,Pluie légère,Trois véhicules et plus - collisions multiples,2,3,4,0,1,1,2,0,1,90,3,3,2,0,0,1,,47.0,utilitaire_camion,voiture,1,2,1,2,5
202200039424,2022-10-31 17:00:00,2022,10,31,17,0,973,97302,SAINT ANTOINE (CHEMIN),4.9355365848,-52.2950935364,Plein jour,En agglomération,Intersection en T,Normale,Deux véhicules - côté,3,2,2,0,1,1,1,0,1,50,2,2,1,0,0,1,60.0,68.0,voiture,deux_roues,1,2,3,1,3
202200039425,2022-10-31 14:27:00,2022,10,31,14,27,973,97302,ROUTE NATIONALE 1,4.90407,-52.32386,Plein jour,Hors agglomération,Hors intersection,Normale,Deux véhicules - arrière,2,1,0,0,1,1,1,0,2,80,2,2,1,0,0,1,24.0,70.0,voiture,deux_roues,1,1,1,1,2
202200039426,2022-04-05 07:50:00,2022,4,5,7,50,973,97302,MONTABO (ROUTE DE) 3,4.93572,-52.29541,Plein jour,En agglomération,Intersection en T,Pluie légère,Deux véhicules - côté,3,2,2,2,1,3,2,0,1,50,2,2,0,0,0,2,47.0,68.0,deux_roues,voiture,1,2,3,2,3
202200039427,2022-10-31 01:10:00,2022,10,31,1,10,69,69387,Rue Garibaldi,45.7449300017,4.8485782743,Nuit avec éclairage allumé,En agglomération,Intersection en T,Pluie légère,Deux véhicules - arrière,4,1,4,2,1,1,2,0,1,30,2,2,1,0,1,0,,25.0,voiture,deux_roues,5,2,3,2,2
202200039428,2022-04-05 19:15:00,2022,4,5,19,15,69,69034,68 Rue Coste,45.78702,4.8343,Crépuscule ou aube,En agglomération,Hors intersection,Normale,Deux véhicules - arrière,4,2,2,0,1,1,1,0,1,50,2,2,1,0,0,1,21.0,53.0,deux_roues,voiture,2,2,1,1,2
202200039429,2022-11-01 01:10:00,2022,11,1,1,10,69,69386,Boulevard Jules Favre,45.763841273,4.8581850529,Nuit avec éclairage allumé,En agglomération,Intersection en X,Pluie forte,Deux véhicules - frontale,4,1,2,3,1,1,2,0,1,50,2,2,1,0,0,1,20.0,26.0,voiture,deux_roues,5,2,2,3,1
202200039430,2022-10-31 02:30:00,2022,10,31,2,30,69,69385,31 Quai Romain Rolland,45.76028,4.82813,Nuit avec éclairage allumé,En agglomération,Hors intersection,Normale,Autre collision,4,1,2,1,1,1,1,0,1,30,1,1,0,0,0,1,27.0,,voiture,,5,2,1,1,6
202200039431,2022-04-05 08:10:00,2022,4,5,8,10,69,69149,Grande Rue,45.71738,4.80969,Plein jour,En agglomération,Autre intersection,Normale,Deux véhicules - côté,7,2,2,0,1,1,1,0,1,50,2,2,1,0,0,1,20.0,40.0,deux_roues,voiture,1,2,9,1,3
202200039432,2022-10-31 10:25:00,2022,10,31,10,25,2B,2B120,11 - RT,42.65803,9.44135,Plein jour,En agglomération,Hors intersection,Normale,Deux véhicules - arrière,2,3,4,0,1,1,1,0,1,50,2,2,0,0,0,2,76.0,26.0,voiture,utilitaire_camion,1,2,1,1,2
202200039433,2022-04-05 07:50:00,2022,4,5,7,50,971,97101,CADUC,16.29983,-61.48956,Plein jour,Hors agglomération,Hors intersection,Normale,Deux véhicules - arrière,4,2,2,0,1,1,1,9,1,70,2,4,2,0,0,2,34.0,26.0,voiture,voiture,1,1,1,1,2