accident_id,datetime,annee,mois,jour,heure,minute,departement,commune_insee,adresse,latitude,longitude,luminosite,agglomeration,intersection,meteo,collision,catr,circ,nbv,vosp,prof,plan,surf,infra,situ,vma,nb_vehicules,nb_usagers,nb_indemnes,nb_tues,nb_blesses_hosp,nb_blesses_legers,age_cond_1,age_cond_2,veh_type_cond_1,veh_type_cond_2,lum_code,agg_code,int_code,atm_code,col_code
202200039525,2022-04-05 15:40:00,2022,4,5,15,40,26,26198,DIEULEFIT(Route de),44.55194,4.76626,Plein jour,En agglomération,Hors intersection,Normale,Deux véhicules - arrière,3,2,2,0,1,1,1,0,1,50,2,2,1,0,0,1,35.0,44.0,voiture,voiture,1,2,1,1,2
202200039526,2022-10-31 11:20:00,2022,10,31,11,20,93,93032,Rue Parmentier,48.8832726614,2.5332276245,Plein jour,En agglomération,Hors intersection,Normale,Deux véhicules - arrière,3,3,4,0,2,1,1,8,1,50,2,2,1,0,0,1,22.0,35.0,utilitaire_camion,voiture,1,2,1,1,2
202200039527,2022-10-31 06:25:00,2022,10,31,6,25,93,93027,Avenue Marcel Cachin / Rue Chabrol,48.9291812127,2.3966540876,Crépuscule ou aube,En agglomération,Intersection en X,Normale,Deux véhicules - côté,3,2,2,1,1,1,1,5,1,50,2,2,1,0,0,1,31.0,20.0,voiture,voiture,2,2,2,1,3
202200039528,2022-04-05 15:53:00,2022,4,5,15,53,25,25056,GRAY ROUTE DE,47.24433,5.98959,Plein jour,En agglomération,Hors intersection,Normale,Deux véhicules - arrière,3,2,2,0,1,1,1,0,1,50,2,5,4,0,0,1,41.0,23.0,voiture,voiture,1,2,1,1,2
202200039529,2022-10-31 17:20:00,2022,10,31,17,20,93,93010,Avenue Galliéni / Avenue Pasteur,48.90697,2.4883,Nuit avec éclairage allumé,En agglomération,Intersection en X,Pluie légère,Autre collision,3,3,4,0,1,1,2,6,1,50,1,2,1,0,0,1,,,autre,,5,2,2,2,6
202200039530,2022-10-30 16:00:00,2022,10,30,16,0,93,93001,Avenue Jean Jaurès,48.9128228358,2.402019095,Plein jour,En agglomération,Hors intersection,Normale,Deux véhicules - côté,3,2,2,2,1,1,1,0,1,50,2,2,1,0,1,0,32.0,,deux_roues,voiture,1,2,1,1,3
202200039531,2022-04-02 08:25:00,2022,4,2,8,25,21,21054,RESISTANCE (AVENUE DE LA),47.0155,4.8308,Plein jour,En agglomération,Intersection en T,Normale,Autre collision,4,2,2,0,1,1,1,0,8,50,1,1,0,1,0,0,67.0,,utilitaire_camion,,1,2,3,1,6
202200039532,2022-10-30 17:30:00,2022,10,30,17,30,93,93001,Rue des Noyers / Rue Schaeffer,48.91756,2.38022,Crépuscule ou aube,En agglomération,Intersection en X,Normale,Deux véhicules - côté,4,1,1,0,1,1,1,0,1,50,2,2,1,0,0,1,13.0,23.0,deux_roues,voiture,2,2,2,1,3
202200039533,2022-10-30 03:00:00,2022,10,30,3,0,92,92020,PARIS AVENUE DE N° IMPAIRS,48.80782,2.29501,Nuit avec éclairage allumé,En agglomération,Hors intersection,Normale,Deux véhicules - arrière,3,2,1,0,1,1,1,0,1,50,2,2,1,0,0,1,47.0,24.0,deux_roues,voiture,5,2,1,1,2
202200039534,2022-04-05 21:00:00,2022,4,5,21,0,18,18279,48 Rue des Ponts,47.21914,2.0666,Nuit avec éclairage allumé,En agglomération,Intersection en X,Pluie légère,Deux véhicules - côté,4,2,2,0,1,1,2,0,1,50,2,2,1,0,0,1,22.0,35.0,voiture,voiture,5,2,2,2,3
202200039535,2022-10-31 15:00:00,2022,10,31,15,0,92,92024,GENERAL LECLERC (BD DU) DE (61 A 9),48.90171,2.31482,Plein jour,En agglomération,Intersection en X,Normale,Deux véhicules - frontale,3,2,2,1,1,1,1,0,1,50,2,2,1,0,0,1,56.0,29.0,voiture,deux_roues,1,2,2,1,1
202200039536,2022-04-05 07:20:00,2022,4,5,7,20,14,14181,Place des Drakkars,49.16064,-0.33614,Crépuscule ou aube,En agglomération,Autre intersection,Pluie légère,Deux véhicules - côté,4,1,1,0,1,2,2,0,1,50,2,2,1,0,1,0,27.0,47.0,deux_roues,autre,2,2,9,2,3
202200039537,2022-10-13 19:15:00,2022,10,13,19,15,92,92002,DIVISION LECLERC (53 A 217 - 58 A 186),48.74433,2.30306,Nuit avec éclairage allumé,En agglomération,Hors intersection,Normale,Deux véhicules - arrière,3,3,2,0,2,1,2,0,1,50,2,3,2,0,0,1,30.0,56.0,voiture,voiture,5,2,1,1,2
202200039538,2022-10-30 02:55:00,2022,10,30,2,55,44,44180,2 la Taillanderie,47.508679,-1.18198,Nuit sans éclairage public,Hors agglomération,Hors intersection,Normale,Autre collision,3,2,2,0,1,1,1,0,3,80,1,2,1,0,1,0,25.0,,voiture,,3,1,1,1,6
202200039539,2022-02-08 15:45:00,2022,2,8,15,45,13,13103,CHEMIN DE LA POLOGNE,43.6470420787,5.0565533454,Plein jour,En agglomération,Hors intersection,Normale,Deux véhicules - arrière,4,2,2,0,1,1,1,0,1,50,2,3,2,0,0,1,34.0,19.0,utilitaire_camion,utilitaire_camion,1,2,1,1,2
202200039540,2022-10-31 17:50:00,2022,10,31,17,50,95,95487,RD 301,49.150741,2.247401,Nuit sans éclairage public,Hors agglomération,Hors intersection,Pluie légère,Trois véhicules et plus - en chaîne,3,3,4,0,1,1,2,0,1,90,5,5,2,0,0,3,44.0,52.0,voiture,voiture,3,1,1,2,4
202200039541,2022-04-05 22:30:00,2022,4,5,22,30,13,13215,HENRI BARNIER (BOULEVARD),43.37292,5.34996,Nuit avec éclairage allumé,En agglomération,Hors intersection,Normale,Sans collision,3,2,0,0,2,1,1,0,1,50,1,1,0,0,0,1,32.0,,deux_roues,,5,2,1,1,7
202200039542,2022-11-01 16:00:00,2022,11,1,16,0,83,83130,"A57, PK 012.000",43.18473,6.042223,Plein jour,Hors agglomération,Hors intersection,Normale,Deux véhicules - arrière,1,3,4,0,1,1,1,0,1,110,2,3,1,0,1,1,23.0,54.0,deux_roues,voiture,1,1,1,1,2
202200039543,2022-10-28 17:30:00,2022,10,28,17,30,46,46063,Route de Moissac,44.2743804349,1.3431253612,Plein jour,Hors agglomération,Intersection en T,Normale,Trois véhicules et plus - en chaîne,3,2,2,0,1,1,1,0,1,80,3,3,2,0,1,0,54.0,15.0,voiture,deux_roues,1,1,3,1,4
202200039544,2022-04-05 08:00:00,2022,4,5,8,0,13,13204,BLANCARDE (BOULEVARD),43.30325,5.40349,Plein jour,En agglomération,Intersection en T,Normale,Deux véhicules - côté,4,2,2,0,2,1,1,0,1,50,2,2,1,0,0,1,45.0,22.0,voiture,deux_roues,1,2,3,1,3
202200039545,2022-11-01 05:10:00,2022,11,1,5,10,29,29020,N165,48.050888,-4.061767,Nuit sans éclairage public,Hors agglomération,Hors intersection,Pluie légère,Autre collision,2,3,4,0,1,1,2,0,1,100,1,1,0,0,0,1,21.0,,voiture,,3,1,1,2,6
202200039546,2022-04-05 08:15:00,2022,4,5,8,15,13,13207,CDT DE SURIAN (RUE),43.2903,5.3711,Plein jour,En agglomération,Autre intersection,Normale,Autre collision,4,4,1,0,1,1,1,9,8,50,1,2,1,0,0,1,47.0,,voiture,,1,2,9,1,6
202200039547,2022-11-01 09:00:00,2022,11,1,9,0,22,22180,N176,48.424915,-2.204658,Plein jour,Hors agglomération,Hors intersection,Normale,Deux véhicules - arrière,2,3,4,0,1,1,2,0,1,110,2,6,2,0,0,4,25.0,69.0,voiture,voiture,1,1,1,1,2
202200039548,2022-04-04 12:00:00,2022,4,4,12,0,13,13204,BOISSON (BOULEVARD),43.29662,5.40408,Plein jour,En agglomération,Intersection en T,Normale,Deux véhicules - côté,4,1,1,0,1,1,1,0,1,50,2,2,1,0,0,1,,29.0,voiture,voiture,1,2,3,1,3
202200039549,2022-10-31 08:40:00,2022,10,31,8,40,72,72008,Boulevard Pierre Lefaucheux,47.942121,0.183549,Crépuscule ou aube,Hors agglomération,Giratoire,Normale,Autre collision,3,3,1,0,1,1,1,5,1,70,1,2,0,0,0,2,72.0,,voiture,,2,1,6,1,6
202200039550,2022-04-05 13:10:00,2022,4,5,13,10,13,13021,D.5,43.3318836877,5.1652166247,Plein jour,Hors agglomération,Hors intersection,Normale,Trois véhicules et plus - en chaîne,3,1,2,0,3,1,1,0,1,90,3,3,1,0,0,2,30.0,21.0,voiture,voiture,1,1,1,1,4
202200039551,2022-10-29 23:45:00,2022,10,29,23,45,56,56078,Saint-Fiacre,47.781854,-3.501989,Nuit sans éclairage public,Hors agglomération,Hors intersection,Normale,Deux véhicules - frontale,3,2,2,0,1,1,1,0,1,80,2,5,0,0,0,5,51.0,27.0,voiture,voiture,3,1,1,1,1
202200039552,2022-10-30 03:00:00,2022,10,30,3,0,33,33514,Rue de la Plage,45.513986,-1.122912,Nuit avec éclairage allumé,En agglomération,Intersection en T,Normale,Autre collision,4,2,2,0,2,3,1,6,4,50,1,2,1,0,0,1,32.0,,voiture,,5,2,3,1,6
202200039553,2022-10-31 17:30:00,2022,10,31,17,30,42,42289,310 Route Nationale 7,45.948591,4.209437,Nuit avec éclairage allumé,En agglomération,Hors intersection,Normale,Autre collision,2,2,2,0,1,1,1,0,4,50,1,2,0,0,0,2,76.0,,voiture,,5,2,1,1,6
202200039554,2022-11-01 07:45:00,2022,11,1,7,45,42,42134,Route de Montbrison,45.688847,4.036682,Plein jour,Hors agglomération,Hors intersection,Normale,Autre collision,3,2,2,0,1,1,2,0,3,80,1,1,0,0,1,0,27.0,,voiture,,1,1,1,1,6
202200039555,2022-05-15 04:50:00,2022,5,15,4,50,75,75113,AVENUE PIERRE MENDES FRANCE,48.839724,2.369367,Nuit sans éclairage public,En agglomération,Hors intersection,Normale,Sans collision,4,3,2,3,1,2,1,-1,6,30,1,1,0,0,0,1,29.0,,deux_roues,,3,2,1,1,7
202200039556,2022-05-15 05:20:00,2022,5,15,5,20,75,75112,AVENUE DE NOGENT,48.837999,2.464102,Nuit avec éclairage allumé,En agglomération,Hors intersection,Normale,Autre collision,4,2,2,0,1,1,1,0,1,50,1,1,0,0,0,1,58.0,,voiture,,5,2,1,1,6
202200039557,2022-05-15 18:40:00,2022,5,15,18,40,75,75111,BOULEVARD RICHARD LENOIR,48.8563410999,2.3709078133,Plein jour,En agglomération,Intersection en Y,Normale,Autre collision,4,3,3,1,1,1,1,-1,5,30,1,2,1,0,0,1,,,deux_roues,,1,2,4,1,6
202200039558,2022-05-15 18:25:00,2022,5,15,18,25,75,75111,RUE ALEXANDRE DUMAS,48.854146,2.395222,Plein jour,En agglomération,Hors intersection,Normale,Deux véhicules - côté,4,2,2,1,2,1,1,-1,5,30,2,2,1,0,0,1,30.0,42.0,deux_roues,voiture,1,2,1,1,3
202200039559,2022-05-15 11:57:00,2022,5,15,11,57,75,75109,BOULEVARD MONTMARTRE,48.871981,2.340046,Plein jour,En agglomération,Intersection à plus de 4 branches,Normale,Autre collision,4,2,6,1,1,1,1,-1,5,30,1,2,0,0,0,2,19.0,,deux_roues,,1,2,5,1,6
202200039560,2022-05-15 12:29:00,2022,5,15,12,29,75,75109,BOULEVARD MONTMARTRE,48.8719973438,2.340054363,Plein jour,En agglomération,Intersection à plus de 4 branches,Normale,Deux véhicules - arrière,4,2,5,0,1,1,1,0,1,30,2,2,1,0,0,1,56.0,,deux_roues,voiture,1,2,5,1,2
202200039561,2022-05-15 10:50:00,2022,5,15,10,50,75,75101,BOULEVARD DE SEBASTOPOL,48.861991,2.350158,Plein jour,En agglomération,Intersection en X,Normale,Autre collision,4,2,5,1,1,1,1,-1,5,30,1,1,0,0,0,1,49.0,,deux_roues,,1,2,2,1,6
202200039562,2022-05-15 18:48:00,2022,5,15,18,48,94,94080,Avenue de Paris,48.84598,2.42431,Plein jour,En agglomération,Intersection en Y,Normale,Deux véhicules - côté,3,2,2,2,1,1,1,0,5,50,2,2,1,0,0,1,46.0,28.0,voiture,deux_roues,1,2,4,1,3
202200039563,2022-05-15 19:50:00,2022,5,15,19,50,94,94003,Rue du Colonel Fabien,48.79974,2.33925,Crépuscule ou aube,En agglomération,Hors intersection,Normale,Deux véhicules - côté,4,2,0,0,2,1,1,0,1,50,2,2,1,0,0,1,50.0,23.0,voiture,deux_roues,2,2,1,1,3
202200039564,2022-05-15 09:30:00,2022,5,15,9,30,93,93073,43 Rue de Reims,48.9413277642,2.5838497281,Plein jour,En agglomération,Hors intersection,Normale,Autre collision,4,1,1,0,1,1,1,6,1,30,1,1,0,0,0,1,86.0,,voiture,,1,2,1,1,6
202200039565,2022-05-14 23:25:00,2022,5,14,23,25,93,93066,Rue du Landy / Rue des Cheminots,48.915324,2.352754,Nuit sans éclairage public,En agglomération,Intersection en X,Normale,Deux véhicules - côté,3,2,2,0,1,1,1,0,1,50,2,2,1,0,0,1,38.0,61.0,deux_roues,voiture,3,2,2,1,3
202200039566,2022-05-15 17:20:00,2022,5,15,17,20,93,93050,Avenue Jean Jaures,48.864513,2.552136,Plein jour,En agglomération,Hors intersection,Normale,Deux véhicules - arrière,3,3,2,0,1,1,1,0,1,50,2,3,2,0,0,1,48.0,35.0,deux_roues,utilitaire_camion,1,2,1,1,2
202200039567,2022-05-15 18:43:00,2022,5,15,18,43,93,93007,Avenue Paul Vaillant Couturier / Avenue de Verdun,48.92783,2.47417,Plein jour,En agglomération,Intersection en X,Normale,Autre collision,3,3,4,0,1,2,1,0,1,50,1,2,1,0,0,1,39.0,,voiture,,1,2,2,1,6
202200039568,2022-05-15 11:40:00,2022,5,15,11,40,92,92040,RESISTANCE (PLACE DE LA),48.8217985925,2.2502837777,Plein jour,En agglomération,Intersection en X,Normale,Deux véhicules - côté,3,3,5,0,1,1,1,0,1,50,2,2,1,0,0,1,44.0,45.0,deux_roues,voiture,1,2,2,1,3
202200039569,2022-05-15 18:20:00,2022,5,15,18,20,2A,2A065,RD81,42.136884,8.612273,Plein jour,Hors agglomération,Hors intersection,Normale,Deux véhicules - frontale,3,2,2,0,1,1,1,0,1,80,2,2,1,0,1,0,56.0,58.0,deux_roues,voiture,1,1,1,1,1
202200039570,2022-05-15 17:20:00,2022,5,15,17,20,38,38336,D4,45.4824982115,4.812676432,Plein jour,Hors agglomération,Hors intersection,Normale,Deux véhicules - frontale,3,2,2,0,1,4,1,0,1,70,2,2,0,0,1,1,19.0,49.0,voiture,voiture,1,1,1,1,1
202200039571,2022-05-15 17:45:00,2022,5,15,17,45,73,73085,D991B -  Route de la Chambotte,45.798668792,5.8622403133,Plein jour,Hors agglomération,Hors intersection,Normale,Sans collision,3,2,2,0,2,1,1,0,3,80,1,1,0,0,1,0,58.0,,deux_roues,,1,1,1,1,7
202200039572,2022-05-15 14:30:00,2022,5,15,14,30,16,16366,RD 1,45.594252,-0.213032,Plein jour,Hors agglomération,Hors intersection,Normale,Deux véhicules - côté,3,2,2,0,4,2,1,0,1,90,2,2,1,0,0,1,,49.0,voiture,deux_roues,1,1,1,1,3
202200039573,2022-05-15 02:00:00,2022,5,15,2,0,972,97231,D7,14.535006,-61.05301,Nuit sans éclairage public,Hors agglomération,Hors intersection,Normale,Deux véhicules - frontale,3,2,2,0,2,1,1,0,1,70,2,3,0,0,1,2,39.0,35.0,voiture,voiture,3,1,1,1,1
202200039574,2022-05-15 09:30:00,2022,5,15,9,30,28,28337,69 Rue Pierre et Marie Curie,48.425285,1.358056,Plein jour,En agglomération,Hors intersection,Normale,Deux véhicules - frontale,4,2,2,0,1,1,1,0,1,50,2,2,1,0,0,1,86.0,76.0,voiture,deux_roues,1,2,1,1,1
202200039575,2022-05-15 06:55:00,2022,5,15,6,55,974,97414,Route nationale 1,-21.280867,55.386693,Plein jour,Hors agglomération,Hors intersection,Normale,Deux véhicules - arrière,2,2,4,3,1,1,1,0,1,110,2,2,1,0,1,0,60.0,65.0,voiture,deux_roues,1,1,1,1,2
202200039576,2022-05-14 18:15:00,2022,5,14,18,15,68,68315,Route de Wuenheim,47.877599,7.220126,Plein jour,En agglomération,Intersection en T,Temps éblouissant,Deux véhicules - côté,3,2,2,0,1,1,1,0,1,50,2,2,1,0,0,1,59.0,50.0,voiture,deux_roues,1,2,3,7,3
202200039577,2022-05-15 20:30:00,2022,5,15,20,30,71,71420,Route de Louhans,46.706492,5.00232,Plein jour,Hors agglomération,Hors intersection,Normale,Deux véhicules - côté,3,2,2,0,1,3,1,0,1,80,2,2,1,0,0,1,60.0,56.0,voiture,voiture,1,1,1,1,3
202200039578,2022-05-15 18:00:00,2022,5,15,18,0,83,83116,Chemin du Real Vieux,43.4485299209,5.8608841896,Plein jour,En agglomération,Giratoire,Normale,Deux véhicules - côté,3,2,2,0,2,3,1,0,1,50,2,3,1,0,0,2,41.0,20.0,voiture,voiture,1,2,6,1,3
202200039579,2022-05-15 16:30:00,2022,5,15,16,30,51,51287,D386,49.090991,3.94112,Plein jour,Hors agglomération,Hors intersection,Normale,Autre collision,3,2,2,0,2,1,1,9,1,90,2,3,1,0,0,2,55.0,58.0,voiture,deux_roues,1,1,1,1,6
202200039580,2022-05-16 11:00:00,2022,5,16,11,0,59,59130,D300,50.8652825586,2.2147884965,Plein jour,Hors agglomération,Hors intersection,Normale,Deux véhicules - frontale,3,2,2,0,1,1,1,0,1,70,2,2,1,1,0,0,20.0,47.0,utilitaire_camion,voiture,1,1,1,1,1
202200039581,2022-05-14 20:30:00,2022,5,14,20,30,59,59094,56 Rue Paul Machy,50.944365,2.197614,Plein jour,En agglomération,Intersection en X,Normale,Deux véhicules - frontale,3,2,2,0,1,1,1,0,1,50,2,2,1,0,1,0,42.0,16.0,voiture,deux_roues,1,2,2,1,1
202200039582,2022-05-14 00:40:00,2022,5,14,0,40,74,74223,Route de Taninges,46.096307,6.595911,Nuit sans éclairage public,Hors agglomération,Hors intersection,Normale,Deux véhicules - frontale,3,2,2,0,2,2,1,0,1,80,2,2,0,0,1,1,58.0,22.0,voiture,voiture,3,1,1,1,1
202200039583,2022-05-09 19:00:00,2022,5,9,19,0,79,79254,,46.268757,-0.641214,Plein jour,Hors agglomération,Hors intersection,Normale,Deux véhicules - arrière,3,2,2,0,1,3,1,0,1,80,2,2,1,0,1,0,17.0,64.0,utilitaire_camion,voiture,1,1,1,1,2
202200039584,2022-05-16 18:05:00,2022,5,16,18,5,2B,2B309,route du bord de mer,42.746539,9.463284,Plein jour,En agglomération,Hors intersection,Normale,Deux véhicules - arrière,3,2,2,0,1,1,1,0,1,50,2,2,1,0,1,0,51.0,25.0,deux_roues,voiture,1,2,1,1,2
202200039585,2022-05-15 19:00:00,2022,5,15,19,0,65,65252,2 Rue Carrere Longue,43.175717,-0.116771,Plein jour,En agglomération,Hors intersection,Normale,Autre collision,4,2,2,0,1,1,1,0,1,50,1,1,0,0,0,1,56.0,,voiture,,1,2,1,1,6
202200039586,2022-05-15 12:00:00,2022,5,15,12,0,81,81277,Route de Valence d Albi,43.989557,2.249225,Plein jour,Hors agglomération,Hors intersection,Normale,Autre collision,3,2,2,0,1,1,1,0,3,90,1,2,1,0,1,0,90.0,,voiture,,1,1,1,1,6
202200039587,2022-05-14 19:05:00,2022,5,14,19,5,71,71316,lieu dit villars,46.3438145298,4.4088917971,Plein jour,Hors agglomération,Hors intersection,Normale,Deux véhicules - côté,4,2,1,0,3,2,1,0,1,80,2,2,1,0,0,1,74.0,15.0,voiture,deux_roues,1,1,1,1,3
202200039588,2022-05-02 20:20:00,2022,5,2,20,20,49,49048,Route d Angers,47.562063,-0.504529,Crépuscule ou aube,Hors agglomération,Intersection en T,Normale,Deux véhicules - arrière,3,-1,2,2,2,1,1,0,1,-1,2,2,1,0,0,1,44.0,18.0,deux_roues,voiture,2,1,3,1,2
202200039589,2022-05-15 15:50:00,2022,5,15,15,50,25,25099,D48,46.986101,6.352104,Plein jour,Hors agglomération,Intersection en T,Normale,Sans collision,3,2,2,0,2,3,1,0,8,80,1,2,0,0,1,1,52.0,,deux_roues,,1,1,3,1,7
202200039590,2022-05-16 18:35:00,2022,5,16,18,35,44,44072,Route de la villeneuve,47.487049,-2.297215,Plein jour,Hors agglomération,Hors intersection,Normale,Sans collision,3,2,2,0,1,2,1,0,1,80,1,1,0,0,1,0,66.0,,voiture,,1,1,1,1,7
202200039591,2022-05-15 01:30:00,2022,5,15,1,30,44,44150,Route du Lac,47.121512,-1.635144,Nuit sans éclairage public,En agglomération,Hors intersection,Normale,Sans collision,4,2,2,0,1,1,1,0,3,30,1,2,0,1,1,0,21.0,,voiture,,3,2,1,1,7
202200039592,2022-05-15 16:40:00,2022,5,15,16,40,31,31375,Pigail,43.17732,1.21841,Plein jour,Hors agglomération,Hors intersection,Normale,Sans collision,3,2,2,0,2,2,9,0,3,-1,1,1,0,0,1,0,56.0,,deux_roues,,1,1,1,1,7
202200039593,2022-05-14 16:30:00,2022,5,14,16,30,38,38027,rond point lagache,45.435849,6.002483,Plein jour,Hors agglomération,Giratoire,Normale,Deux véhicules - côté,3,1,1,0,1,2,1,0,1,50,2,2,1,0,1,0,74.0,62.0,voiture,deux_roues,1,1,6,1,3
202200039594,2022-05-15 20:31:00,2022,5,15,20,31,03,03226,D994,46.379778,3.874719,Crépuscule ou aube,Hors agglomération,Hors intersection,Normale,Autre collision,3,2,2,0,2,1,1,0,3,90,1,3,0,0,2,1,30.0,,voiture,,2,1,1,1,6
202200039595,2022-05-14 12:40:00,2022,5,14,12,40,03,03297,Route de Chazemais,46.52797,2.587795,Plein jour,Hors agglomération,Hors intersection,Normale,Autre collision,3,2,2,0,1,1,1,0,3,90,1,1,0,0,1,0,23.0,,voiture,,1,1,1,1,6
202200039596,2022-05-16 09:30:00,2022,5,16,9,30,54,54205,ROUTE NATIONALE  PK 3 SENS NANCY - PARIS,48.6702190838,5.7911682129,Plein jour,Hors agglomération,Hors intersection,Normale,Deux véhicules - côté,2,3,4,0,1,1,1,0,5,110,2,4,2,0,1,1,73.0,80.0,utilitaire_camion,voiture,1,1,1,1,3
202200039597,2022-05-12 08:00:00,2022,5,12,8,0,54,54054,12 Place du Château,48.476264,6.313266,Plein jour,En agglomération,Intersection en X,Normale,Autre collision,3,2,2,0,2,1,1,0,6,50,1,3,2,0,1,0,30.0,,voiture,,1,2,2,1,6
202200039598,2022-05-14 12:30:00,2022,5,14,12,30,73,73236,D916 / Chemin d Urice,45.6028830747,5.6894561648,Plein jour,Hors agglomération,Intersection en T,Normale,Deux véhicules - côté,3,2,2,0,2,1,1,0,1,80,2,2,1,0,1,0,36.0,19.0,deux_roues,voiture,1,1,3,1,3
202200039599,2022-05-15 18:30:00,2022,5,15,18,30,43,43267,Place de l'Eglise,45.18848,3.90999,Plein jour,En agglomération,Hors intersection,Normale,Sans collision,4,2,2,0,2,1,1,0,1,50,1,1,0,0,1,0,42.0,,deux_roues,,1,2,1,1,7
202200039600,2022-05-15 19:30:00,2022,5,15,19,30,36,36208,le pont rouge,46.48417,2.068536,Plein jour,Hors agglomération,Hors intersection,Normale,Deux véhicules - frontale,3,2,2,0,1,3,1,0,1,80,2,2,1,0,1,0,16.0,39.0,deux_roues,voiture,1,1,1,1,1
202200039601,2022-05-15 18:20:00,2022,5,15,18,20,53,53246,D144,48.385528,-0.063601,Plein jour,Hors agglomération,Hors intersection,Normale,Autre collision,3,2,2,0,1,3,2,0,1,80,1,1,0,0,1,0,31.0,,voiture,,1,1,1,1,6
202200039602,2022-05-15 19:00:00,2022,5,15,19,0,53,53249,Vimartin-sur-Orthe,48.214093,-0.227194,Plein jour,Hors agglomération,Hors intersection,Pluie légère,Autre collision,3,2,2,0,1,3,2,0,3,80,1,1,0,0,1,0,63.0,,voiture,,1,1,1,2,6
202200039603,2022-05-15 11:25:00,2022,5,15,11,25,21,21050,C8,46.989409,4.681689,Plein jour,Hors agglomération,Hors intersection,Normale,Deux véhicules - frontale,4,2,2,0,2,3,1,0,1,90,2,3,1,0,1,1,64.0,49.0,voiture,voiture,1,1,1,1,1
202200039604,2022-05-15 13:00:00,2022,5,15,13,0,24,24531,rd65,44.989995,1.102366,Plein jour,Hors agglomération,Hors intersection,Normale,Sans collision,3,2,2,0,1,2,1,0,8,90,1,1,0,0,0,1,22.0,,deux_roues,,1,1,1,1,7
202200039605,2022-05-15 11:45:00,2022,5,15,11,45,23,23102,Le Queroir,46.261852,2.031178,Plein jour,Hors agglomération,Hors intersection,Normale,Sans collision,3,2,2,0,1,1,1,0,3,90,1,1,0,1,0,0,76.0,,deux_roues,,1,1,1,1,7
202200039606,2022-05-16 00:30:00,2022,5,16,0,30,87,87108,D4,46.055543,0.926743,Nuit sans éclairage public,Hors agglomération,Hors intersection,Pluie légère,Autre collision,3,2,2,0,1,2,2,0,1,90,1,1,0,0,1,0,34.0,,voiture,,3,1,1,2,6
202200039607,2022-05-15 14:00:00,2022,5,15,14,0,88,88075,Route du Chajoux,48.02248,6.905784,Plein jour,Hors agglomération,Hors intersection,Normale,Deux véhicules - côté,3,2,2,0,1,1,1,0,1,80,2,2,1,0,1,0,53.0,18.0,deux_roues,voiture,1,1,1,1,3
202200039608,2022-05-15 13:20:00,2022,5,15,13,20,88,88075,Route de Gerardmer,48.019324,6.890144,Plein jour,Hors agglomération,Autre intersection,Normale,Deux véhicules - côté,3,2,2,0,2,1,1,0,1,-1,2,2,1,0,0,1,27.0,28.0,voiture,deux_roues,1,1,9,1,3
202200039609,2022-05-15 02:10:00,2022,5,15,2,10,978,97801,Route nationale 7 - Grand Case,18.099478,-63.059067,Nuit avec éclairage allumé,En agglomération,Giratoire,Normale,Autre collision,2,2,2,0,1,3,1,0,1,50,1,1,0,1,0,0,20.0,,deux_roues,,5,2,6,1,6
202200039610,2022-05-15 16:00:00,2022,5,15,16,0,40,40152,A63 PR 110+300,43.929859,-1.101036,Plein jour,Hors agglomération,Hors intersection,Normale,Autre collision,1,3,3,0,1,1,1,0,1,130,1,1,0,0,1,0,61.0,,deux_roues,,1,1,1,1,6
202200039611,2022-05-15 03:00:00,2022,5,15,3,0,67,67506,Autoroute A4 sens PARIS/STRASBOURG PK 470+300,48.686923,7.728844,Nuit sans éclairage public,Hors agglomération,Hors intersection,Normale,Deux véhicules - arrière,1,3,4,0,1,1,1,0,1,110,2,3,0,0,0,3,37.0,26.0,voiture,voiture,3,1,1,1,2
202200039612,2022-05-15 18:55:00,2022,5,15,18,55,57,57227,"A320, PK9+200, sens F/A",49.178225,6.915078,Plein jour,Hors agglomération,Hors intersection,Normale,Sans collision,1,3,4,3,1,2,1,0,1,110,1,1,0,0,0,1,50.0,,deux_roues,,1,1,1,1,7
202200039613,2022-05-16 02:45:00,2022,5,16,2,45,51,51572,A4,49.037446,4.627047,Nuit sans éclairage public,Hors agglomération,Hors intersection,Normale,Sans collision,1,3,4,0,1,1,2,1,3,130,1,2,0,0,0,2,25.0,,voiture,,3,1,1,1,7
202200039614,2022-05-15 20:45:00,2022,5,15,20,45,78,78349,A10,48.584164,2.020232,Nuit sans éclairage public,Hors agglomération,Hors intersection,Pluie forte,Trois véhicules et plus - en chaîne,1,2,4,0,1,1,2,0,1,130,4,8,5,0,0,3,38.0,37.0,voiture,voiture,3,1,1,3,4
202200039615,2022-05-15 19:30:00,2022,5,15,19,30,987,98729,PK16.9 ATIHA,-17.591258,-149.830899,Nuit sans éclairage public,En agglomération,Hors intersection,Normale,Deux véhicules - frontale,2,2,2,2,1,1,1,0,8,40,2,2,1,0,1,0,22.0,57.0,deux_roues,voiture,3,2,1,1,1
202200039616,2022-05-15 20:51:00,2022,5,15,20,51,971,97116,Boulevard Toussaint Louverture,16.339892,-61.456232,Nuit avec éclairage allumé,En agglomération,Hors intersection,Normale,Autre collision,2,2,2,0,1,1,1,0,1,50,1,1,0,0,1,0,40.0,,deux_roues,,5,2,1,1,6