accident_id,datetime,annee,mois,jour,heure,minute,departement,commune_insee,adresse,latitude,longitude,luminosite,agglomeration,intersection,meteo,collision,catr,circ,nbv,vosp,prof,plan,surf,infra,situ,vma,nb_vehicules,nb_usagers,nb_indemnes,nb_tues,nb_blesses_hosp,nb_blesses_legers,age_cond_1,age_cond_2,veh_type_cond_1,veh_type_cond_2,lum_code,agg_code,int_code,atm_code,col_code
202200039801,2022-09-27 12:05:00,2022,9,27,12,5,75,75105,BOULEVARD SAINT GERMAIN,48.8503346818,2.3475363851,Plein jour,En agglomération,Intersection en T,Pluie légère,Autre collision,4,1,3,0,1,1,2,0,1,30,1,2,1,0,0,1,43.0,,voiture,,1,2,3,2,6
202200039802,2022-01-15 10:38:00,2022,1,15,10,38,75,75119,BOULEVARD MACDONALD,48.898473,2.376547,Plein jour,En agglomération,Hors intersection,Normale,Deux véhicules - côté,4,3,6,1,1,1,1,-1,5,50,2,2,1,0,0,1,47.0,,deux_roues,deux_roues,1,2,1,1,3
202200039803,2022-09-27 07:55:00,2022,9,27,7,55,75,75116,AVENUE DU MAHATMA GANDHI,48.876966,2.268036,Crépuscule ou aube,En agglomération,Hors intersection,Pluie légère,Deux véhicules - côté,4,2,2,0,1,1,2,0,1,30,2,2,0,0,0,2,74.0,45.0,voiture,utilitaire_camion,2,2,1,2,3
202200039804,2022-01-14 16:50:00,2022,1,14,16,50,75,75118,BOULEVARD DE CLICHY,48.884423,2.330545,Crépuscule ou aube,En agglomération,Intersection en T,Normale,Autre collision,4,3,2,0,1,1,1,0,1,30,1,3,1,0,0,2,25.0,,deux_roues,,2,2,3,1,6
202200039805,2022-09-26 16:00:00,2022,9,26,16,0,75,75116,RUE MOLITOR,48.845348,2.257553,Plein jour,En agglomération,Intersection en X,Pluie forte,Deux véhicules - côté,4,2,2,0,1,1,2,0,1,30,2,2,1,0,0,1,46.0,58.0,voiture,deux_roues,1,2,2,3,3
202200039806,2022-01-15 15:15:00,2022,1,15,15,15,75,75112,COURS DE VINCENNES,48.847158,2.406251,Plein jour,En agglomération,Intersection en X,Normale,Deux véhicules - côté,4,1,2,0,1,1,1,0,1,50,2,2,0,0,1,1,50.0,70.0,deux_roues,deux_roues,1,2,2,1,3
202200039807,2022-09-27 16:45:00,2022,9,27,16,45,75,75115,RUE DU COMMERCE,48.8451654086,2.294279784,Plein jour,En agglomération,Hors intersection,Pluie légère,Autre collision,4,2,2,0,1,1,2,0,1,30,1,2,1,0,0,1,36.0,,deux_roues,,1,2,1,2,6
202200039808,2022-09-27 05:50:00,2022,9,27,5,50,75,75115,RUE DES ENTREPRENEURS,48.844668,2.290509,Nuit avec éclairage allumé,En agglomération,Intersection en T,Pluie légère,Deux véhicules - côté,4,2,2,0,1,1,2,0,1,30,2,2,1,0,0,1,57.0,57.0,deux_roues,voiture,5,2,3,2,3
202200039809,2022-01-15 13:28:00,2022,1,15,13,28,75,75109,RUE DE LA CHAUSSEE D ANTIN,48.875263,2.332272,Plein jour,En agglomération,Intersection en X,Normale,Deux véhicules - côté,4,1,2,3,1,1,1,5,1,30,2,3,0,0,0,3,30.0,41.0,deux_roues,deux_roues,1,2,2,1,3
202200039810,2022-09-26 11:44:00,2022,9,26,11,44,75,75115,RUE DE VOUILLE,48.835385,2.302784,Plein jour,En agglomération,Intersection en T,Pluie légère,Autre collision,4,2,2,0,2,1,2,0,4,30,1,2,1,0,0,1,27.0,,deux_roues,,1,2,3,2,6
202200039811,2022-01-15 13:32:00,2022,1,15,13,32,94,94028,Avenue du Maréchal Foch / Avenue des Petites Haies,48.78761,2.43588,Plein jour,En agglomération,Intersection en T,Normale,Deux véhicules - côté,3,3,5,1,1,1,1,0,1,50,2,2,1,0,1,0,23.0,44.0,deux_roues,utilitaire_camion,1,2,3,1,3
202200039812,2022-09-27 10:10:00,2022,9,27,10,10,75,75114,RUE D ALESIA,48.827828,2.330338,Plein jour,En agglomération,Intersection en X,Normale,Deux véhicules - côté,4,2,4,3,1,1,2,-1,6,30,2,2,1,0,0,1,39.0,16.0,transport_commun,deux_roues,1,2,2,1,3
202200039813,2022-01-15 14:50:00,2022,1,15,14,50,93,93064,JAURES (AVENUE JEAN),48.86893,2.48618,Plein jour,En agglomération,Hors intersection,Temps éblouissant,Autre collision,3,2,2,0,1,1,1,0,1,50,1,3,1,0,0,2,34.0,,voiture,,1,2,1,7,6
202200039814,2022-09-27 18:25:00,2022,9,27,18,25,75,75113,RUE PINEL,48.8339283711,2.3598691821,Plein jour,En agglomération,Intersection en T,Pluie légère,Deux véhicules - côté,4,1,1,0,1,1,2,0,1,30,2,2,0,0,0,2,41.0,27.0,voiture,voiture,1,2,3,2,3
202200039815,2022-09-27 16:30:00,2022,9,27,16,30,75,75112,RUE BARON LE ROY,48.8347411048,2.3878969252,Plein jour,En agglomération,Intersection en T,Pluie légère,Deux véhicules - côté,4,2,2,0,1,1,2,0,1,30,2,2,1,0,0,1,27.0,47.0,utilitaire_camion,deux_roues,1,2,3,2,3
202200039816,2022-01-15 19:56:00,2022,1,15,19,56,93,93055,Avenue Jean Lolive / Rue Delizy,48.89259,2.41003,Nuit avec éclairage allumé,En agglomération,Intersection en X,Normale,Deux véhicules - arrière,3,3,6,1,1,1,1,0,1,50,2,3,2,0,0,1,,58.0,voiture,voiture,5,2,2,1,2
202200039817,2022-01-16 05:00:00,2022,1,16,5,0,86,86001,Chez Ranger,46.259249,0.78932,Nuit sans éclairage public,En agglomération,Hors intersection,Brouillard / fumée,Autre collision,3,2,2,0,1,1,1,0,8,50,1,1,0,0,1,0,22.0,,voiture,,3,2,1,5,6
202200039818,2022-09-27 09:29:00,2022,9,27,9,29,75,75110,PLACE DE LA REPUBLIQUE,48.8685105643,2.3630288243,Plein jour,En agglomération,Place,Pluie légère,Deux véhicules - frontale,4,2,2,3,1,1,2,-1,6,30,2,2,0,0,0,2,26.0,31.0,deux_roues,deux_roues,1,2,7,2,1
202200039819,2022-01-11 12:15:00,2022,1,11,12,15,26,26323,D92n,45.07371,5.149251,Plein jour,Hors agglomération,Hors intersection,Normale,Deux véhicules - arrière,3,2,2,0,1,1,1,0,1,80,2,2,1,0,1,0,83.0,51.0,voiture,voiture,1,1,1,1,2
202200039820,2022-09-27 17:20:00,2022,9,27,17,20,75,75108,RUE DE LONDRES,48.878503,2.324939,Plein jour,En agglomération,Hors intersection,Pluie légère,Deux véhicules - côté,4,1,1,0,1,1,2,0,1,30,2,2,1,0,0,1,33.0,20.0,utilitaire_camion,deux_roues,1,2,1,2,3
202200039821,2022-01-15 19:50:00,2022,1,15,19,50,972,97207,Rue Zizine et des Etages,14.575352,-60.974531,Nuit avec éclairage allumé,En agglomération,Hors intersection,Normale,Deux véhicules - frontale,4,3,1,0,2,1,1,0,1,50,2,2,1,1,0,0,31.0,30.0,voiture,deux_roues,5,2,1,1,1
202200039822,2022-09-27 12:25:00,2022,9,27,12,25,75,75108,PLACE DE LA CONCORDE,48.8666744528,2.3220151663,Plein jour,En agglomération,Place,Temps couvert,Deux véhicules - côté,4,2,6,0,1,1,2,5,1,50,2,2,1,0,0,1,57.0,,deux_roues,deux_roues,1,2,7,8,3
202200039823,2022-09-27 19:20:00,2022,9,27,19,20,75,75107,QUAI D ORSAY,48.8628749821,2.3151996732,Nuit avec éclairage allumé,En agglomération,Intersection en T,Pluie légère,Autre collision,4,2,5,1,1,1,2,-1,5,30,1,2,1,0,0,1,51.0,,deux_roues,,5,2,3,2,6
202200039824,2022-01-16 16:50:00,2022,1,16,16,50,83,83036,Route de Toulon,43.166621,6.519715,Plein jour,En agglomération,Hors intersection,Normale,Deux véhicules - frontale,3,2,2,0,1,1,1,0,3,50,2,6,0,0,2,4,34.0,19.0,voiture,voiture,1,2,1,1,1
202200039825,2022-09-26 13:00:00,2022,9,26,13,0,94,94068,MESNIL (AV DU),48.798976,2.517513,Plein jour,En agglomération,Hors intersection,Pluie forte,Deux véhicules - côté,4,1,2,3,1,1,2,0,6,30,2,2,1,0,0,1,75.0,37.0,voiture,deux_roues,1,2,1,3,3
202200039826,2022-01-14 19:30:00,2022,1,14,19,30,42,42284,Rte de Saint Germain Lespinasse,46.088267,3.980345,Nuit sans éclairage public,Hors agglomération,Hors intersection,Normale,Autre collision,3,2,2,0,1,2,1,2,8,80,1,1,0,1,0,0,41.0,,voiture,,3,1,1,1,6
202200039827,2022-09-27 13:50:00,2022,9,27,13,50,94,94015,DAGUERRE (PL),48.8342,2.5193,Plein jour,En agglomération,Hors intersection,Pluie légère,Deux véhicules - arrière,3,3,2,0,1,1,2,0,1,50,2,2,1,0,0,1,46.0,43.0,voiture,voiture,1,2,1,2,2
202200039828,2022-01-16 09:10:00,2022,1,16,9,10,30,30334,,44.02112,4.43754,Crépuscule ou aube,Hors agglomération,Hors intersection,Normale,Autre collision,3,2,2,0,1,2,7,0,1,80,1,2,0,1,1,0,22.0,,voiture,,2,1,1,1,6
202200039829,2022-09-27 13:05:00,2022,9,27,13,5,94,94046,GENERAL DE GAULLE (AV DU),48.81381,2.42132,Plein jour,En agglomération,Hors intersection,Pluie forte,Deux véhicules - côté,3,2,2,0,1,1,2,0,1,50,2,4,3,0,1,0,,63.0,deux_roues,voiture,1,2,1,3,3
202200039830,2022-09-26 21:45:00,2022,9,26,21,45,94,94017,Avenue Marx Dormoy / Avenue Maurice Thorez,48.8059471907,2.5332471728,Nuit avec éclairage allumé,En agglomération,Giratoire,Pluie légère,Deux véhicules - arrière,3,3,4,0,1,1,2,0,1,50,2,2,1,0,0,1,22.0,67.0,voiture,voiture,5,2,6,2,2
202200039831,2022-01-16 09:05:00,2022,1,16,9,5,47,47121,D933,44.341921,0.106924,Plein jour,Hors agglomération,Hors intersection,Brouillard / fumée,Deux véhicules - frontale,3,2,2,0,1,3,7,0,1,80,2,3,0,0,2,1,57.0,62.0,voiture,voiture,1,1,1,5,1
202200039832,2022-09-27 18:15:00,2022,9,27,18,15,94,94004,Allée des F.f.i.,48.76006,2.50813,Plein jour,En agglomération,Hors intersection,Pluie légère,Deux véhicules - frontale,3,2,2,0,1,3,2,0,1,50,2,3,0,0,2,1,44.0,67.0,voiture,voiture,1,2,1,2,1
202200039833,2022-01-15 22:54:00,2022,1,15,22,54,82,82025,Chemin de Miquel,43.953576,1.291913,Nuit sans éclairage public,Hors agglomération,Hors intersection,Normale,Autre collision,4,2,2,0,1,3,1,0,3,80,1,3,1,0,2,0,23.0,,voiture,,3,1,1,1,6
202200039834,2022-09-26 18:15:00,2022,9,26,18,15,94,94004,Allée des F.f.i.,48.75665,2.50728,Plein jour,En agglomération,Giratoire,Normale,Deux véhicules - frontale,3,2,2,0,1,3,2,0,1,50,2,3,2,0,0,1,56.0,38.0,deux_roues,voiture,1,2,6,1,1
202200039835,2022-01-15 20:00:00,2022,1,15,20,0,89,89449,D 156,48.32873,3.075983,Nuit sans éclairage public,Hors agglomération,Hors intersection,Brouillard / fumée,Deux véhicules - frontale,3,2,2,0,1,1,1,0,1,80,2,4,1,0,0,3,55.0,48.0,voiture,voiture,3,1,1,5,1
202200039836,2022-09-25 18:20:00,2022,9,25,18,20,93,93073,Centre commercial Aéroville,48.9918,2.52237,Nuit avec éclairage allumé,En agglomération,Autre intersection,Autre,Deux véhicules - côté,6,-1,0,0,1,1,1,0,8,30,2,4,3,0,0,1,23.0,28.0,voiture,voiture,5,2,9,9,3
202200039837,2022-01-15 20:45:00,2022,1,15,20,45,76,76618,D113,49.957571,1.214118,Nuit sans éclairage public,Hors agglomération,Hors intersection,Normale,Sans collision,3,2,2,0,1,1,1,0,3,80,1,1,0,0,0,1,20.0,,voiture,,3,1,1,1,7
202200039838,2022-09-27 08:50:00,2022,9,27,8,50,93,93070,Quai de Seine,48.9165552955,2.3256578205,Plein jour,En agglomération,Autre intersection,Pluie légère,Deux véhicules - côté,3,2,3,0,1,1,2,5,1,50,2,2,1,0,0,1,49.0,51.0,deux_roues,voiture,1,2,9,2,3
202200039839,2022-09-26 09:05:00,2022,9,26,9,5,93,93049,Rue Faidherbe,48.8572063202,2.5055432698,Plein jour,En agglomération,Intersection en T,Temps couvert,Autre collision,4,2,2,0,1,1,1,0,1,50,1,2,1,0,0,1,46.0,,deux_roues,,1,2,3,8,6
202200039840,2022-01-15 13:30:00,2022,1,15,13,30,12,12133,4 Rue de l Aube,44.291898,2.562599,Plein jour,En agglomération,Hors intersection,Normale,Autre collision,4,2,2,0,2,4,1,0,1,50,1,3,1,0,0,2,52.0,,voiture,,1,2,1,1,6
202200039841,2022-09-27 14:00:00,2022,9,27,14,0,93,93015,Route Stratégique,48.92195,2.55995,Plein jour,Hors agglomération,Hors intersection,Pluie légère,Autre collision,3,2,2,0,1,1,2,0,3,80,1,1,0,0,0,1,48.0,,voiture,,1,1,1,2,6
202200039842,2022-09-26 20:15:00,2022,9,26,20,15,93,93031,Avenue de Lattre de Tassigny,48.9559768965,2.3112211982,Nuit avec éclairage allumé,En agglomération,Hors intersection,Pluie légère,Autre collision,3,3,4,3,1,1,2,0,1,50,1,2,1,0,0,1,20.0,,voiture,,5,2,1,2,6
202200039843,2022-01-16 01:20:00,2022,1,16,1,20,68,68126,93 Rue de Hagenthal,47.556955,7.518132,Nuit avec éclairage allumé,En agglomération,Hors intersection,Normale,Autre collision,3,2,2,0,1,3,1,0,1,50,1,2,0,0,1,1,23.0,,voiture,,5,2,1,1,6
202200039844,2022-09-27 17:15:00,2022,9,27,17,15,93,93027,Avenue Jean Mermoz / Rue Maurice Berteaux,48.9325135276,2.4122393131,Plein jour,En agglomération,Giratoire,Pluie légère,Deux véhicules - côté,3,3,4,3,1,1,2,5,1,50,2,2,1,0,0,1,40.0,41.0,utilitaire_camion,voiture,1,2,6,2,3
202200039845,2022-01-15 05:10:00,2022,1,15,5,10,22,22194,route de pont menou,48.667615,-3.615382,Nuit sans éclairage public,Hors agglomération,Hors intersection,Normale,Sans collision,4,2,2,0,1,1,1,0,3,80,1,1,0,0,0,1,24.0,,voiture,,3,1,1,1,7
202200039846,2022-01-14 16:30:00,2022,1,14,16,30,25,25463,Rue de Besancon F Mitterrand,47.382546,6.770421,Plein jour,En agglomération,Intersection en Y,Normale,Autre collision,3,2,2,0,1,1,1,0,1,50,1,2,1,1,0,0,37.0,,voiture,,1,2,4,1,6
202200039847,2022-09-26 12:45:00,2022,9,26,12,45,93,93047,Avenue des Sciences / Avenue du Général Morin,48.9046603483,2.5854349136,Plein jour,En agglomération,Intersection en T,Pluie légère,Deux véhicules - côté,4,2,2,0,1,1,2,0,1,50,2,4,2,0,0,1,26.0,,voiture,deux_roues,1,2,3,2,3
202200039848,2022-01-15 23:00:00,2022,1,15,23,0,25,25631,N83,47.150122,5.937209,Nuit sans éclairage public,Hors agglomération,Hors intersection,Brouillard / fumée,Deux véhicules - frontale,2,2,2,0,1,1,1,0,1,80,2,3,0,0,1,2,51.0,40.0,voiture,voiture,3,1,1,5,1
202200039849,2022-01-15 12:35:00,2022,1,15,12,35,44,44146,37 Rue du Moulin,47.750416,-1.39985,Plein jour,Hors agglomération,Hors intersection,Normale,Sans collision,4,2,2,0,1,2,1,0,3,80,1,2,0,0,1,1,24.0,,voiture,,1,1,1,1,7
202200039850,2022-09-27 07:00:00,2022,9,27,7,0,93,93030,Avenue du 8 Mai 1945,48.94624,2.43608,Nuit sans éclairage public,En agglomération,Autre intersection,Pluie légère,Deux véhicules - frontale,3,2,4,0,1,2,2,8,1,50,2,2,1,0,0,1,34.0,54.0,voiture,voiture,3,2,9,2,1
202200039851,2022-01-16 05:30:00,2022,1,16,5,30,34,34154,D62e2,43.548358,3.974666,Nuit avec éclairage allumé,En agglomération,Hors intersection,Autre,Autre collision,3,3,2,0,1,1,7,0,3,50,1,4,3,0,1,0,23.0,,voiture,,5,2,1,9,6
202200039852,2022-01-15 15:20:00,2022,1,15,15,20,29,29074,D11,48.4697984481,-4.0202727913,Plein jour,Hors agglomération,Hors intersection,Normale,Autre collision,3,2,2,0,1,1,1,0,3,80,1,1,0,0,0,1,22.0,,voiture,,1,1,1,1,6
202200039853,2022-09-26 08:15:00,2022,9,26,8,15,92,92051,SAINT JAMES (RUE),48.8808945579,2.2569538951,Plein jour,En agglomération,Autre intersection,Normale,Deux véhicules - arrière,4,-1,1,0,1,1,1,0,4,50,2,2,1,0,0,1,53.0,54.0,voiture,deux_roues,1,2,9,1,2
202200039854,2022-01-15 20:30:00,2022,1,15,20,30,29,29220,Rue Mstislav Rostropovitch,47.865483,-4.226465,Nuit avec éclairage allumé,En agglomération,Giratoire,Normale,Autre collision,4,2,2,0,1,2,1,0,3,50,1,1,0,0,0,1,35.0,,deux_roues,,5,2,6,1,6
202200039855,2022-09-27 09:15:00,2022,9,27,9,15,92,92026,PRÉSIDENT PAUL DOUMER (QUAI DU),48.8923655938,2.2590631842,Plein jour,En agglomération,Hors intersection,Pluie légère,Deux véhicules - côté,3,3,4,0,1,1,2,8,1,50,2,2,1,0,0,1,49.0,59.0,deux_roues,voiture,1,2,1,2,3
202200039856,2022-01-15 19:45:00,2022,1,15,19,45,38,38095,D1092,45.142754,5.305643,Nuit sans éclairage public,Hors agglomération,Giratoire,Normale,Deux véhicules - frontale,3,3,2,0,1,3,1,0,1,80,2,3,0,0,0,3,19.0,52.0,voiture,voiture,3,1,6,1,1
202200039857,2022-01-15 19:00:00,2022,1,15,19,0,03,03278,D42 - Route de Buchepot,46.217169,3.162324,Nuit sans éclairage public,Hors agglomération,Hors intersection,Normale,Autre collision,3,2,2,0,2,2,1,0,8,90,1,1,0,0,1,0,39.0,,voiture,,3,1,1,1,6
202200039858,2022-09-27 22:10:00,2022,9,27,22,10,92,92072,PONT DE SEVRES (ROND POINT DU),48.8280121873,2.225407362,Nuit avec éclairage allumé,En agglomération,Hors intersection,Pluie légère,Autre collision,3,1,4,0,1,1,2,2,1,4,1,2,1,0,0,1,32.0,,voiture,,5,2,1,2,6
202200039859,2022-01-15 02:30:00,2022,1,15,2,30,15,15004,D679,45.062306,3.084519,Nuit sans éclairage public,Hors agglomération,Hors intersection,Normale,Sans collision,3,2,2,0,2,2,1,0,3,90,1,2,1,0,1,0,30.0,,voiture,,3,1,1,1,7
202200039860,2022-09-17 03:00:00,2022,9,17,3,0,83,83054,Autoroute A57 PK 011.000,43.160854,6.048945,Nuit sans éclairage public,Hors agglomération,Hors intersection,Normale,Deux véhicules - arrière,1,1,4,0,1,1,1,0,1,110,2,3,1,0,2,0,25.0,39.0,voiture,voiture,3,1,1,1,2
202200039861,2022-01-16 15:30:00,2022,1,16,15,30,14,14326,Route de Cormeilles,49.157657,0.27277,Plein jour,Hors agglomération,Hors intersection,Pluie légère,Autre collision,3,2,2,0,2,2,2,0,3,70,1,3,0,0,0,3,20.0,,voiture,,1,1,1,2,6
202200039862,2022-01-15 17:20:00,2022,1,15,17,20,36,36215,la pouge,46.869438689,2.0824027061,Nuit sans éclairage public,Hors agglomération,Hors intersection,Brouillard / fumée,Deux véhicules - côté,3,2,2,0,1,1,1,0,1,80,2,4,2,0,0,2,23.0,,voiture,voiture,3,1,1,5,3
202200039863,2022-09-23 14:50:00,2022,9,23,14,50,68,68162,d415,48.151757,7.23851,Plein jour,Hors agglomération,Hors intersection,Normale,Deux véhicules - frontale,3,2,2,0,1,3,1,0,1,80,2,3,1,0,0,2,28.0,71.0,voiture,voiture,1,1,1,1,1
202200039864,2022-01-15 04:00:00,2022,1,15,4,0,53,53218,Route départementale 552,48.211805,-0.390197,Nuit sans éclairage public,Hors agglomération,Hors intersection,Brouillard / fumée,Autre collision,3,2,2,0,1,2,2,0,1,-1,1,4,3,0,0,1,21.0,,voiture,,3,1,1,5,6
202200039865,2022-01-15 18:30:00,2022,1,15,18,30,21,21511,Route de Bussy,47.7282333908,4.4604549407,Nuit avec éclairage allumé,En agglomération,Hors intersection,Normale,Deux véhicules - côté,3,-1,2,0,1,1,1,0,1,50,2,2,1,0,0,1,42.0,71.0,voiture,voiture,5,2,1,1,3
202200039866,2022-09-27 12:20:00,2022,9,27,12,20,972,97226,Départementale 9,14.439179,-60.866806,Plein jour,Hors agglomération,Hors intersection,Pluie légère,Deux véhicules - frontale,3,2,2,0,1,3,2,0,1,80,2,2,1,0,1,0,31.0,57.0,voiture,utilitaire_camion,1,1,1,2,1
202200039867,2022-01-14 21:30:00,2022,1,14,21,30,21,21645,D976,47.137401,5.267094,Nuit sans éclairage public,Hors agglomération,Hors intersection,Brouillard / fumée,Autre collision,3,2,2,0,1,2,2,0,8,90,1,1,0,0,1,0,25.0,,utilitaire_camion,,3,1,1,5,6
202200039868,2022-01-15 11:50:00,2022,1,15,11,50,40,40001,Place du 19 mars 1962 (Parking),43.702463,-0.262218,Plein jour,En agglomération,Intersection en T,Temps éblouissant,Autre collision,3,2,1,0,1,2,1,0,1,50,1,2,1,0,1,0,24.0,,voiture,,1,2,3,7,6
202200039869,2022-09-28 14:20:00,2022,9,28,14,20,88,88218,32 Route de Bruyeres (Granges-sur-Vologne),48.15485,6.779503,Plein jour,Hors agglomération,Hors intersection,Pluie légère,Deux véhicules - frontale,3,2,2,0,1,1,2,0,1,80,2,3,0,1,0,2,31.0,60.0,voiture,voiture,1,1,1,2,1
202200039870,2022-01-16 15:00:00,2022,1,16,15,0,04,04094,départementale 82,43.791543,5.847344,Plein jour,Hors agglomération,Hors intersection,Normale,Autre collision,3,2,2,0,3,2,7,0,3,80,1,3,1,0,2,0,33.0,,voiture,,1,1,1,1,6
202200039871,2022-09-27 11:50:00,2022,9,27,11,50,14,14061,D577,48.95286,-0.796916,Plein jour,Hors agglomération,Hors intersection,Normale,Autre collision,3,2,2,0,1,3,1,0,3,90,1,1,0,0,0,1,55.0,,utilitaire_camion,,1,1,1,1,6
202200039872,2022-01-14 10:30:00,2022,1,14,10,30,85,85047,RD948,46.826864,-1.7938867,Plein jour,Hors agglomération,Hors intersection,Normale,Deux véhicules - arrière,3,3,4,0,1,1,1,0,1,110,2,2,1,0,1,0,29.0,17.0,voiture,voiture,1,1,1,1,2
202200039873,2022-09-24 13:00:00,2022,9,24,13,0,30,30135,26 Rue Peire Fioc,43.827115,4.5594,Plein jour,En agglomération,Hors intersection,Pluie légère,Sans collision,4,-1,2,0,1,1,2,0,1,50,1,1,0,0,1,0,16.0,,deux_roues,,1,2,1,2,7
202200039874,2022-01-15 22:45:00,2022,1,15,22,45,85,85146,Les Tuilleries des Bouillères,46.952339,-1.329764,Nuit sans éclairage public,Hors agglomération,Intersection en Y,Brouillard / fumée,Autre collision,4,2,2,0,1,2,2,0,3,80,1,4,0,0,1,3,19.0,,voiture,,3,1,4,5,6
202200039875,2022-09-28 12:30:00,2022,9,28,12,30,51,51244,D79,48.792192,4.367023,Plein jour,Hors agglomération,Hors intersection,Normale,Sans collision,3,1,2,0,1,3,1,0,3,80,1,1,0,0,1,0,19.0,,voiture,,1,1,1,1,7
202200039876,2022-01-15 18:40:00,2022,1,15,18,40,85,85051,"D31 - PK 33,270",46.66063,-0.997851,Nuit sans éclairage public,Hors agglomération,Hors intersection,Brouillard / fumée,Trois véhicules et plus - collisions multiples,3,2,2,0,1,4,2,0,1,-1,3,6,3,0,1,2,28.0,25.0,voiture,voiture,3,1,1,5,5
202200039877,2022-09-25 03:30:00,2022,9,25,3,30,95,95612,RD 317,49.0016867248,2.4860483408,Nuit sans éclairage public,Hors agglomération,Hors intersection,Normale,Deux véhicules - côté,3,3,4,0,3,1,1,0,1,90,2,3,2,0,0,1,34.0,38.0,voiture,utilitaire_camion,3,1,1,1,3
202200039878,2022-09-28 08:15:00,2022,9,28,8,15,56,56002,N165 sens Vannes/Nantes,47.560209,-2.5024007,Plein jour,Hors agglomération,Hors intersection,Pluie légère,Autre collision,2,3,4,0,1,1,2,0,2,110,1,1,0,0,1,0,50.0,,voiture,,1,1,1,2,6
202200039879,2022-01-14 16:00:00,2022,1,14,16,0,27,27056,Route de Thiberville,49.095733,0.574679,Plein jour,Hors agglomération,Giratoire,Normale,Sans collision,3,2,2,0,1,4,1,5,1,50,1,1,0,0,0,1,19.0,,deux_roues,,1,1,6,1,7
202200039880,2022-01-15 18:25:00,2022,1,15,18,25,30,30241,,43.962092582,4.2744091451,Nuit sans éclairage public,Hors agglomération,Intersection en T,Normale,Deux véhicules - côté,3,2,2,0,1,1,1,0,1,80,2,3,1,0,1,1,45.0,16.0,voiture,deux_roues,3,1,3,1,3
202200039881,2022-09-28 08:27:00,2022,9,28,8,27,80,80644,12 Lieu Dit la Raperie,49.87356,2.709643,Plein jour,En agglomération,Hors intersection,Normale,Deux véhicules - arrière,3,2,2,0,1,1,2,0,1,70,2,2,1,1,0,0,45.0,33.0,deux_roues,utilitaire_camion,1,2,1,1,2
202200039882,2022-01-15 19:00:00,2022,1,15,19,0,52,52465,pk 14 D35,47.960716,5.59541,Nuit sans éclairage public,Hors agglomération,Hors intersection,Brouillard / fumée,Autre collision,3,2,2,0,1,1,1,0,1,80,1,2,1,0,1,0,22.0,,voiture,,3,1,1,5,6
202200039883,2022-09-28 13:55:00,2022,9,28,13,55,39,39478,Rue Carnot,46.386177,5.864845,Plein jour,En agglomération,Hors intersection,Pluie forte,Autre collision,3,2,2,0,1,1,2,5,1,50,1,2,1,0,1,0,25.0,,utilitaire_camion,,1,2,1,3,6
202200039884,2022-01-16 05:34:00,2022,1,16,5,34,08,08311,Avenue de l Europe,49.606977,5.085146,Nuit avec éclairage allumé,En agglomération,Hors intersection,Brouillard / fumée,Sans collision,3,2,2,0,2,2,2,5,3,50,1,2,1,0,1,0,24.0,,voiture,,5,2,1,5,7
202200039885,2022-01-14 12:35:00,2022,1,14,12,35,08,08476,D966,49.4982253696,4.0406002924,Plein jour,Hors agglomération,Intersection en X,Normale,Deux véhicules - arrière,3,2,2,0,3,1,1,0,1,-1,2,2,1,1,0,0,43.0,22.0,utilitaire_camion,voiture,1,1,2,1,2
202200039886,2022-01-16 13:20:00,2022,1,16,13,20,973,97309,D2,4.907703,-52.272804,Plein jour,En agglomération,Hors intersection,Normale,Deux véhicules - côté,3,2,2,1,2,1,1,5,1,70,2,2,1,0,1,0,23.0,28.0,deux_roues,voiture,1,2,1,1,3
202200039887,2022-01-15 04:50:00,2022,1,15,4,50,62,62426,Autoroute A1 sens Paris/Lille,50.245064,2.85563,Nuit sans éclairage public,Hors agglomération,Hors intersection,Brouillard / fumée,Deux véhicules - arrière,1,3,3,0,1,3,2,9,1,130,2,2,1,0,0,1,34.0,32.0,utilitaire_camion,utilitaire_camion,3,1,1,5,2
202200039888,2022-09-27 08:10:00,2022,9,27,8,10,29,29293,Route de Melgven ,47.857129,-3.850837,Plein jour,En agglomération,Giratoire,Normale,Deux véhicules - côté,4,2,1,0,1,2,1,0,1,30,2,2,1,0,0,1,53.0,47.0,voiture,deux_roues,1,2,6,1,3
202200039889,2022-01-14 14:10:00,2022,1,14,14,10,973,97305,pk 14 RN1,4.9285,-52.394185,Plein jour,Hors agglomération,Hors intersection,Normale,Trois véhicules et plus - collisions multiples,2,2,2,0,1,1,1,0,1,80,3,4,2,1,0,1,55.0,55.0,voiture,voiture,1,1,1,1,5
202200039890,2022-01-16 02:00:00,2022,1,16,2,0,77,77382,D85,48.897645,2.888318,Nuit avec éclairage non allumé,En agglomération,Hors intersection,Normale,Sans collision,3,2,2,0,1,1,1,0,1,50,1,1,0,0,1,0,32.0,,deux_roues,,4,2,1,1,7
202200039891,2022-09-13 11:50:00,2022,9,13,11,50,29,29047,rue des Ajoncs d'Or,48.533956218,-4.366668,Plein jour,En agglomération,Intersection en T,Normale,Autre collision,4,2,2,0,2,3,2,5,4,50,1,1,0,0,0,1,15.0,,deux_roues,,1,2,3,1,6