accident_id,datetime,annee,mois,jour,heure,minute,departement,commune_insee,adresse,latitude,longitude,luminosite,agglomeration,intersection,meteo,collision,catr,circ,nbv,vosp,prof,plan,surf,infra,situ,vma,nb_vehicules,nb_usagers,nb_indemnes,nb_tues,nb_blesses_hosp,nb_blesses_legers,age_cond_1,age_cond_2,veh_type_cond_1,veh_type_cond_2,lum_code,agg_code,int_code,atm_code,col_code
202200039892,2022-01-16 13:00:00,2022,1,16,13,0,2B,2B029,D81,42.680629,9.38271,Plein jour,Hors agglomération,Hors intersection,Normale,Deux véhicules - frontale,3,2,2,0,2,3,2,0,1,80,2,5,4,0,1,0,39.0,59.0,deux_roues,voiture,1,1,1,1,1
202200039893,2022-09-27 17:00:00,2022,9,27,17,0,38,38399,Route de Lyon,45.502516,5.128657,Plein jour,En agglomération,Intersection en X,Temps couvert,Deux véhicules - côté,3,2,2,0,1,1,1,5,1,70,2,3,1,0,2,0,29.0,55.0,utilitaire_camion,voiture,1,2,2,8,3
202200039894,2022-09-27 21:20:00,2022,9,27,21,20,02,02558,,50.013585,3.77112,Nuit sans éclairage public,Hors agglomération,Hors intersection,Pluie légère,Sans collision,3,2,2,0,1,1,2,0,1,80,1,1,0,0,1,0,59.0,,deux_roues,,3,1,1,2,7
202200039895,2022-01-15 16:10:00,2022,1,15,16,10,2A,2A247,RT10,41.5832363578,9.2656722665,Plein jour,Hors agglomération,Giratoire,Normale,Autre collision,2,2,1,0,1,1,1,0,1,30,1,5,2,0,0,3,95.0,,voiture,,1,1,6,1,6
202200039896,2022-01-15 19:35:00,2022,1,15,19,35,34,34145,RD 34,43.694642,4.13641,Nuit sans éclairage public,Hors agglomération,Hors intersection,Normale,Autre collision,3,2,2,0,1,1,1,0,1,90,1,1,0,1,0,0,33.0,,voiture,,3,1,1,1,6
202200039897,2022-01-16 02:45:00,2022,1,16,2,45,83,83065,825 Route du Bourrian,43.24431,6.574626,Nuit sans éclairage public,Hors agglomération,Hors intersection,Normale,Autre collision,4,2,2,0,1,1,7,0,3,50,1,2,0,0,2,0,25.0,,voiture,,3,1,1,1,6
202200039898,2022-09-28 08:05:00,2022,9,28,8,5,72,72346,Les hautes fontenelles,47.872669,0.017327,Plein jour,Hors agglomération,Hors intersection,Pluie légère,Deux véhicules - côté,3,2,2,0,1,2,2,0,1,80,2,3,0,1,0,2,58.0,19.0,utilitaire_camion,voiture,1,1,1,2,3
202200039899,2022-01-15 18:50:00,2022,1,15,18,50,38,38562,D5,45.087185,5.779191,Nuit sans éclairage public,Hors agglomération,Hors intersection,Normale,Deux véhicules - frontale,7,2,2,0,2,1,1,0,1,80,2,2,0,0,1,1,41.0,36.0,voiture,voiture,3,1,1,1,1
202200039900,2022-01-14 11:00:00,2022,1,14,11,0,69,69270,Place Charles de Gaulle,45.62807,4.934418,Plein jour,En agglomération,Hors intersection,Normale,Autre collision,6,-1, -1,0,1,1,1,0,1,50,1,2,1,0,1,0,59.0,,voiture,,1,2,1,1,6
202200039901,2022-08-11 12:35:00,2022,8,11,12,35,14,14726,D512,48.8538900124,-0.6649424136,Plein jour,En agglomération,Intersection en X,Normale,Deux véhicules - côté,3,2,2,3,1,1,1,5,1,50,2,2,1,0,1,0,48.0,17.0,voiture,utilitaire_camion,1,2,2,1,3
202200039902,2022-01-14 19:20:00,2022,1,14,19,20,33,33052,D18,44.958611,-0.243067,Nuit sans éclairage public,Hors agglomération,Hors intersection,Normale,Autre collision,3,2,2,0,1,1,1,0,1,80,1,1,0,0,1,0,39.0,,voiture,,3,1,1,1,6
202200039903,2022-01-15 03:45:00,2022,1,15,3,45,35,35110,La bijouterie,48.339599,-1.636872,Nuit sans éclairage public,Hors agglomération,Hors intersection,Normale,Autre collision,6,-1, -1,0,1,1,9,0,8,-1,1,2,0,0,1,1,19.0,,voiture,,3,1,1,1,6
202200039904,2022-09-27 22:20:00,2022,9,27,22,20,50,50580,RD 408,49.543096,-1.755543,Nuit sans éclairage public,Hors agglomération,Intersection en Y,Pluie forte,Autre collision,3,2,2,0,1,3,2,0,3,80,1,3,2,0,0,1,25.0,,voiture,,3,1,4,3,6
202200039905,2022-01-15 22:00:00,2022,1,15,22,0,60,60178,D151,49.610468,2.062291,Nuit sans éclairage public,Hors agglomération,Hors intersection,Brouillard / fumée,Autre collision,3,2,2,0,3,3,2,0,3,80,1,2,0,0,0,2,20.0,,voiture,,3,1,1,5,6
202200039906,2022-01-15 13:30:00,2022,1,15,13,30,02,02544,76 Rue de Verdun,49.930885,4.031282,Plein jour,En agglomération,Autre intersection,Normale,Autre collision,3,2,2,0,2,3,7,0,4,50,1,2,1,0,1,0,49.0,,voiture,,1,2,9,1,6
202200039907,2022-09-27 20:30:00,2022,9,27,20,30,90,90050,Départementale 419,47.6463395663,6.972734928,Nuit sans éclairage public,Hors agglomération,Hors intersection,Pluie forte,Deux véhicules - frontale,3,2,2,0,3,3,2,0,1,70,2,3,1,0,1,1,30.0,67.0,voiture,voiture,3,1,1,3,1
202200039908,2022-01-15 15:40:00,2022,1,15,15,40,02,02221,D1003,49.03721,3.254587,Plein jour,Hors agglomération,Hors intersection,Temps éblouissant,Deux véhicules - côté,3,2,2,0,1,1,1,0,1,70,2,3,1,0,1,1,52.0,21.0,voiture,voiture,1,1,1,7,3
202200039909,2022-09-28 14:00:00,2022,9,28,14,0,64,64453,D 940,43.196882,-0.129519,Plein jour,Hors agglomération,Autre intersection,Pluie légère,Deux véhicules - côté,3,2,2,0,1,1,2,0,1,80,2,2,1,1,0,0,83.0,21.0,voiture,utilitaire_camion,1,1,9,2,3
202200039910,2022-01-15 05:55:00,2022,1,15,5,55,69,69275,Route Nationale 346,45.77697,4.97782,Nuit sans éclairage public,Hors agglomération,Hors intersection,Brouillard / fumée,Deux véhicules - côté,2,3,4,0,1,2,9,0,1,90,2,4,2,0,0,2,25.0,34.0,voiture,utilitaire_camion,3,1,1,5,3
202200039911,2022-01-14 12:15:00,2022,1,14,12,15,42,42099,RN88,45.37571,4.27113,Plein jour,Hors agglomération,Hors intersection,Normale,Trois véhicules et plus - collisions multiples,2,3,6,0,4,3,1,0,1,90,3,3,2,1,0,0,29.0,83.0,utilitaire_camion,voiture,1,1,1,1,5
202200039912,2022-09-28 14:45:00,2022,9,28,14,45,30,30227,Route d'Ales,44.25338,4.182948,Plein jour,Hors agglomération,Hors intersection,Normale,Deux véhicules - côté,3,2,2,0,2,1,1,0,3,80,2,2,1,0,1,0,35.0,41.0,utilitaire_camion,deux_roues,1,1,1,1,3
202200039913,2022-01-15 21:38:00,2022,1,15,21,38,91,91434,AUTOROUTE A6,48.66912,2.35132,Nuit sans éclairage public,Hors agglomération,Hors intersection,Normale,Sans collision,1,3,6,0,2,3,1,0,2,110,1,3,1,0,0,2,28.0,,voiture,,3,1,1,1,7
202200039914,2022-09-28 06:00:00,2022,9,28,6,0,19,19180,a89,45.517134,2.249258,Nuit sans éclairage public,Hors agglomération,Hors intersection,Pluie légère,Autre collision,1,3,4,0,1,1,2,0,1,130,1,1,0,0,0,1,57.0,,voiture,,3,1,1,2,6
202200039915,2022-09-28 07:37:00,2022,9,28,7,37,45,45332,A 77 PK 045+900,47.839648,2.68532,Crépuscule ou aube,Hors agglomération,Hors intersection,Pluie légère,Sans collision,1,3,4,0,1,1,2,0,2,130,1,1,0,0,1,0,50.0,,utilitaire_camion,,2,1,1,2,7
202200039916,2022-01-15 19:35:00,2022,1,15,19,35,94,94034,AUTOROUTE A86,48.76,2.3212,Nuit avec éclairage allumé,Hors agglomération,Hors intersection,Normale,Deux véhicules - arrière,1,2,2,0,1,1,1,1,1,70,2,2,1,0,0,1,63.0,48.0,voiture,voiture,5,1,1,1,2
202200039917,2022-09-26 10:30:00,2022,9,26,10,30,67,67194,autoroute A35,48.737894,7.902517,Plein jour,Hors agglomération,Hors intersection,Temps couvert,Deux véhicules - arrière,1,3,4,0,1,1,2,0,1,130,2,2,1,0,0,1,27.0,66.0,utilitaire_camion,voiture,1,1,1,8,2
202200039918,2022-01-15 17:10:00,2022,1,15,17,10,94,94034,AUTOROUTE A86,48.7599957298,2.3212385676,Crépuscule ou aube,Hors agglomération,Hors intersection,Normale,Trois véhicules et plus - en chaîne,1,3,6,0,1,1,1,0,1,70,3,4,3,0,0,1,52.0,25.0,voiture,voiture,2,1,1,1,4
202200039919,2022-09-16 16:20:00,2022,9,16,16,20,33,33214,D6,45.007702,-1.115906,Plein jour,Hors agglomération,Hors intersection,Normale,Trois véhicules et plus - en chaîne,3,2,2,0,1,1,9,8,1,50,3,6,2,0,1,3,34.0,21.0,voiture,voiture,1,1,1,1,4
202200039920,2022-09-28 08:45:00,2022,9,28,8,45,77,77222,D619,48.633199,2.804829,Plein jour,En agglomération,Intersection à plus de 4 branches,Normale,Deux véhicules - côté,3,2,2,0,1,1,2,9,1,50,2,2,1,0,0,1,35.0,33.0,voiture,deux_roues,1,2,5,1,3
202200039921,2022-01-15 14:10:00,2022,1,15,14,10,92,92036,A86,48.9355410302,2.285139725,Plein jour,Hors agglomération,Hors intersection,Temps éblouissant,Trois véhicules et plus - en chaîne,1,1,4,0,1,1,1,0,1,90,6,15,13,0,0,2,39.0,28.0,utilitaire_camion,voiture,1,1,1,7,4
202200039922,2022-09-27 20:30:00,2022,9,27,20,30,66,66114,,42.618053,2.922859,Nuit sans éclairage public,Hors agglomération,Hors intersection,Normale,Autre collision,3,2,2,0,1,1,1,8,1,50,1,2,0,0,2,0,22.0,,voiture,,3,1,1,1,6
202200039923,2022-01-15 02:05:00,2022,1,15,2,5,92,92036,A86,48.9341712069,2.2714914867,Nuit sans éclairage public,Hors agglomération,Hors intersection,Normale,Autre collision,1,-1,2,0,1,2,1,0,1,90,1,2,0,0,0,2,26.0,,voiture,,3,1,1,1,6
202200039924,2022-01-14 21:45:00,2022,1,14,21,45,78,78402,A13,48.96448,1.79845,Nuit sans éclairage public,Hors agglomération,Hors intersection,Normale,Deux véhicules - frontale,1,1,3,0,1,1,1,0,1,130,2,2,1,0,0,1,31.0,56.0,voiture,utilitaire_camion,3,1,1,1,1
202200039925,2022-09-28 15:30:00,2022,9,28,15,30,42,42304,Route des Monts,45.541935,4.191692,Plein jour,En agglomération,Hors intersection,Pluie légère,Deux véhicules - frontale,3,2,2,0,1,1,2,0,1,50,2,2,1,0,1,0,18.0,69.0,deux_roues,utilitaire_camion,1,2,1,2,1
202200039926,2022-01-14 19:20:00,2022,1,14,19,20,93,93066,AUTOROUTE A1,48.9186281902,2.3576092314,Nuit avec éclairage allumé,Hors agglomération,Hors intersection,Normale,Deux véhicules - côté,1,3,6,0,1,1,1,1,1,90,2,2,1,0,0,1,25.0,49.0,deux_roues,voiture,5,1,1,1,3
202200039927,2022-01-14 09:05:00,2022,1,14,9,5,95,95241,RN 104,49.04682,2.437957,Plein jour,Hors agglomération,Autre intersection,Brouillard / fumée,Sans collision,2,3,4,0,1,1,1,0,3,110,1,1,0,0,0,1,25.0,,voiture,,1,1,9,5,7
202200039928,2022-09-28 06:45:00,2022,9,28,6,45,26,26198,RN7,44.523255,4.745214,Nuit avec éclairage allumé,En agglomération,Hors intersection,Normale,Deux véhicules - côté,2,-1,2,0,1,1,1,0,1,80,2,3,2,0,0,1,18.0,82.0,deux_roues,voiture,5,2,1,1,3
202200039929,2022-01-15 07:30:00,2022,1,15,7,30,94,94046,A86 INT,48.803796527,2.4483104174,Nuit sans éclairage public,Hors agglomération,Hors intersection,Normale,Deux véhicules - côté,1,1,5,0,1,1,1,0,1,90,2,2,1,0,0,1,24.0,27.0,utilitaire_camion,voiture,3,1,1,1,3
202200039930,2022-01-14 19:30:00,2022,1,14,19,30,94,94042,A4,48.8275727947,2.4704969547,Nuit sans éclairage public,Hors agglomération,Hors intersection,Normale,Trois véhicules et plus - en chaîne,1,-1,4,0,1,1,1,0,1,90,3,4,3,0,0,1,47.0,41.0,voiture,voiture,3,1,1,1,4
202200039931,2022-09-23 11:25:00,2022,9,23,11,25,65,65147,Rd 938,43.117901,0.230927,Plein jour,Hors agglomération,Hors intersection,Normale,Sans collision,3,2,2,0,2,2,9,0,1,80,1,2,1,0,0,1,68.0,,deux_roues,,1,1,1,1,7
202200039932,2022-01-14 12:18:00,2022,1,14,12,18,77,77249,RN104,48.74429,2.61285,Plein jour,Hors agglomération,Hors intersection,Normale,Deux véhicules - arrière,2,-1,4,0,1,1,1,2,1,110,2,2,1,0,0,1,47.0,60.0,utilitaire_camion,voiture,1,1,1,1,2
202200039933,2022-09-27 11:55:00,2022,9,27,11,55,31,31048,Avenue San Mateo,43.454987,1.618493,Plein jour,En agglomération,Hors intersection,Pluie légère,Autre collision,3,2,2,0,1,4,2,0,1,-1,1,2,0,0,1,1,25.0,,voiture,,1,2,1,2,6
202200039934,2022-01-14 12:18:00,2022,1,14,12,18,77,77249,RN104,48.74429,2.61285,Plein jour,Hors agglomération,Hors intersection,Normale,Deux véhicules - arrière,2,-1,4,0,1,1,1,2,1,110,2,2,1,0,0,1,54.0,53.0,utilitaire_camion,voiture,1,1,1,1,2
202200039935,2022-01-14 08:35:00,2022,1,14,8,35,69,69290,Rue Diderot,45.69725,4.92759,Crépuscule ou aube,En agglomération,Intersection en Y,Brouillard / fumée,Autre collision,4,2,2,0,1,1,1,0,1,50,1,3,2,0,0,1,23.0,,voiture,,2,2,4,5,6
202200039936,2022-01-13 14:30:00,2022,1,13,14,30,67,67365,MARECHAL FOCH (RUE DU),48.5377971685,7.7100259066,Plein jour,En agglomération,Hors intersection,Normale,Autre collision,7,2,2,0,1,1,1,9,1,30,1,2,1,0,0,1,19.0,,voiture,,1,2,1,1,6
202200039937,2022-01-13 17:00:00,2022,1,13,17,0,33,33281,Avenue du Truc,44.84532,-0.64715,Plein jour,En agglomération,Hors intersection,Normale,Autre collision,4,2,2,2,1,1,1,0,1,30,1,2,1,0,1,0,40.0,,voiture,,1,2,1,1,6
202200039938,2022-09-27 09:50:00,2022,9,27,9,50,17,17163,Chez Pagnolet,45.384764,-0.396296,Plein jour,Hors agglomération,Intersection en X,Normale,Deux véhicules - côté,3,2,2,0,1,1,1,0,1,80,2,4,1,0,3,0,39.0,43.0,utilitaire_camion,voiture,1,1,2,1,3
202200039939,2022-01-14 22:55:00,2022,1,14,22,55,26,26362,BOULLE ALLEE ANDRE,44.95386,4.93247,Nuit avec éclairage allumé,En agglomération,Hors intersection,Normale,Deux véhicules - arrière,4,2,2,0,1,1,1,0,1,50,2,2,1,0,0,1,20.0,26.0,voiture,voiture,5,2,1,1,2
202200039940,2022-01-06 17:10:00,2022,1,6,17,10,03,03310,Avenue Eugène Gilbert,46.119846,3.425762,Plein jour,En agglomération,Intersection en T,Normale,Autre collision,3,2,2,-1,1,1,1,0,1,-1,1,2,1,0,1,0,85.0,,voiture,,1,2,3,1,6
202200039941,2022-01-14 08:30:00,2022,1,14,8,30,92,92020,VANVES BOULEVARD N° IMPAIRS,48.8071254325,2.2853756547,Plein jour,En agglomération,Autre intersection,Normale,Deux véhicules - côté,3,-1,1,0,1,1,1,0,1,50,2,2,1,0,0,1,22.0,54.0,voiture,deux_roues,1,2,9,1,3
202200039942,2022-09-27 11:50:00,2022,9,27,11,50,33,33146,D2e7,45.116144,-0.745231,Plein jour,Hors agglomération,Hors intersection,Temps couvert,Deux véhicules - frontale,3,2,2,0,1,1,1,0,1,80,2,5,0,1,2,2,64.0,41.0,voiture,voiture,1,1,1,8,1
202200039943,2022-01-14 19:30:00,2022,1,14,19,30,976,97611,tsoundzou-Maternelle (rue de la),-12.80759,45.20487,Nuit avec éclairage allumé,En agglomération,Hors intersection,Normale,Autre collision,4,2,2,0,1,1,1,0,1,50,1,2,1,0,0,1,48.0,,voiture,,5,2,1,1,6
202200039944,2022-01-14 13:30:00,2022,1,14,13,30,976,97611,mamoudzou centre-Haladi Selemani ( rue ),-12.78041,45.22958,Plein jour,En agglomération,Hors intersection,Normale,Autre collision,4,2,1,0,2,1,1,0,1,30,1,2,1,0,0,1,22.0,,utilitaire_camion,,1,2,1,1,6
202200039945,2022-09-26 17:00:00,2022,9,26,17,0,44,44204,32 Rue de Nantes,47.26475,-1.443844,Plein jour,En agglomération,Giratoire,Pluie légère,Deux véhicules - côté,4,2,2,0,1,1,2,5,1,50,2,2,1,0,1,0,54.0,41.0,deux_roues,voiture,1,2,6,2,3
202200039946,2022-09-27 12:50:00,2022,9,27,12,50,29,29288,D32,48.559450963,-4.29182967,Plein jour,Hors agglomération,Hors intersection,Pluie forte,Autre collision,3,2,2,0,2,2,2,0,3,80,1,1,0,0,0,1,30.0,,voiture,,1,1,1,3,6
202200039947,2022-01-13 19:10:00,2022,1,13,19,10,974,97407,LAFOSSE PERE(RUE),-20.9371,55.29995,Crépuscule ou aube,En agglomération,Intersection en T,Normale,Sans collision,4,2,2,0,1,1,1,0,1,50,2,2,1,0,0,1,21.0,17.0,voiture,deux_roues,2,2,3,1,7
202200039948,2022-09-28 08:30:00,2022,9,28,8,30,60,60446,Rue de Lizy,49.137954,2.809094,Plein jour,En agglomération,Hors intersection,Normale,Autre collision,4,2,2,0,2,1,2,9,4,50,1,2,1,0,0,1,37.0,,voiture,,1,2,1,1,6
202200039949,2022-01-14 19:45:00,2022,1,14,19,45,69,69387,Grande rue de la Guillotière,45.7491151669,4.8534411192,Nuit avec éclairage allumé,En agglomération,Intersection en X,Normale,Deux véhicules - côté,4,1,2,2,1,1,1,0,1,50,2,2,1,0,0,1,25.0,,deux_roues,deux_roues,5,2,2,1,3
202200039950,2022-09-25 15:55:00,2022,9,25,15,55,60,60589,D1016,49.222983,2.467889,Plein jour,Hors agglomération,Hors intersection,Normale,Sans collision,3,3,4,0,1,1,2,0,1,110,1,1,0,0,0,1,27.0,,deux_roues,,1,1,1,1,7
202200039951,2022-01-14 17:30:00,2022,1,14,17,30,69,69383,219 Avenue Lacassagne,45.74549,4.88871,Nuit avec éclairage allumé,En agglomération,Intersection en Y,Normale,Deux véhicules - côté,4,1,1,2,1,1,1,-1,1,30,2,2,1,0,0,1,63.0,44.0,voiture,deux_roues,5,2,4,1,3
202200039952,2022-01-14 14:13:00,2022,1,14,14,13,69,69259,Rue Gabriel Bourdarias,45.6923665936,4.8714494705,Plein jour,En agglomération,Hors intersection,Normale,Autre collision,4,2,2,0,1,2,1,0,1,50,1,2,1,0,1,0,23.0,,voiture,,1,2,1,1,6
202200039953,2022-01-14 12:50:00,2022,1,14,12,50,69,69383,Rue de Créqui,45.76026,4.84768,Plein jour,En agglomération,Intersection en X,Normale,Autre collision,4,1,1,2,1,1,1,0,1,30,1,2,0,0,0,2,39.0,,deux_roues,,1,2,2,1,6
202200039954,2022-09-27 20:07:00,2022,9,27,20,7,60,60010,D205,49.218655,2.120093,Nuit sans éclairage public,Hors agglomération,Hors intersection,Pluie légère,Trois véhicules et plus - en chaîne,3,2,2,0,1,1,2,0,1,80,3,5,3,0,0,2,31.0,49.0,utilitaire_camion,voiture,3,1,1,2,4
202200039955,2022-01-14 12:20:00,2022,1,14,12,20,69,69385,Rue de Champvert,45.76197,4.7957,Plein jour,En agglomération,Hors intersection,Temps éblouissant,Autre collision,4,2,2,0,2,3,1,9,1,50,1,2,1,0,1,0,49.0,,voiture,,1,2,1,7,6
202200039956,2022-09-27 17:40:00,2022,9,27,17,40,13,13216,A55-Sens Martigues vers Marseille,43.355618,5.347213,Plein jour,En agglomération,Hors intersection,Normale,Trois véhicules et plus - collisions multiples,1,-1,3,0,2,3,1,0,1,90,1,1,0,0,0,1,44.0,,voiture,,1,2,1,1,5
202200039957,2022-01-14 04:30:00,2022,1,14,4,30,69,69202,35 Boulevard des Provinces,45.7500771865,4.8013472557,Nuit avec éclairage allumé,En agglomération,Hors intersection,Normale,Deux véhicules - frontale,4,2,2,0,1,1,1,0,1,50,2,2,1,0,1,0,35.0,24.0,voiture,deux_roues,5,2,1,1,1
202200039958,2022-09-27 09:30:00,2022,9,27,9,30,13,13212,A507 sens Marseille - Aubagne,43.3039179106,5.4255795479,Plein jour,En agglomération,Hors intersection,Normale,Autre collision,1,1,3,0,1,1,1,1,1,70,1,1,0,0,0,1,26.0,,deux_roues,,1,2,1,1,6
202200039959,2022-09-27 08:30:00,2022,9,27,8,30,13,13117,A7-Sens Marseille vers Lyon,43.4629279436,5.2348127378,Plein jour,Hors agglomération,Hors intersection,Normale,Deux véhicules - arrière,1,1,2,0,1,1,1,0,1,90,2,3,0,0,0,3,44.0,71.0,voiture,voiture,1,1,1,1,2
202200039960,2022-01-14 13:45:00,2022,1,14,13,45,2B,2B037,TOUTES RUES,42.6154,9.4373,Plein jour,Hors agglomération,Hors intersection,Normale,Trois véhicules et plus - collisions multiples,2,3,2,0,1,1,1,0,1,110,5,5,2,0,0,3,57.0,33.0,voiture,voiture,1,1,1,1,5
202200039961,2022-09-27 05:50:00,2022,9,27,5,50,13,13214,A7-Sens Marseille vers Lyon,43.3356087108,5.3772398829,Nuit sans éclairage public,Hors agglomération,Hors intersection,Normale,Autre collision,1,1,3,0,1,1,1,0,1,90,1,1,0,0,0,1,22.0,,voiture,,3,1,1,1,6
202200039962,2022-01-14 08:10:00,2022,1,14,8,10,2B,2B033,PAOLI DU NR 21 AU 45 -BLD,42.70215,9.45068,Plein jour,En agglomération,Intersection en T,Normale,Autre collision,4,2,2,0,1,1,1,0,1,30,1,2,1,0,0,1,61.0,,voiture,,1,2,3,1,6
202200039963,2022-09-26 12:30:00,2022,9,26,12,30,13,13202,A55-Sens Marseille vers Martigues,43.31267,5.368315,Nuit avec éclairage allumé,Hors agglomération,Hors intersection,Normale,Deux véhicules - arrière,1,-1,2,0,1,1,1,1,1,50,2,2,1,0,0,1,47.0,47.0,voiture,deux_roues,5,1,1,1,2
202200039964,2022-01-14 10:30:00,2022,1,14,10,30,95,95428,CARRIERES    RUE DES,48.9857501591,2.312541604,Plein jour,En agglomération,Hors intersection,Normale,Deux véhicules - frontale,4,2,2,0,2,1,1,0,1,30,2,5,4,0,0,1,70.0,36.0,voiture,voiture,1,2,1,1,1
202200039965,2022-01-14 19:00:00,2022,1,14,19,0,91,91377,RUE DU PILEU,48.729869,2.239947,Nuit avec éclairage allumé,En agglomération,Hors intersection,Normale,Autre collision,4,2,2,0,1,1,1,0,1,50,1,2,1,0,0,1,34.0,,voiture,,5,2,1,1,6
202200039966,2022-09-26 09:00:00,2022,9,26,9,0,13,13005,A50-Sens Aubagne vers Marseille,43.2850022343,5.5240952968,Plein jour,Hors agglomération,Hors intersection,Normale,Deux véhicules - arrière,1,-1,3,0,1,1,1,0,1,90,3,3,1,0,0,2,47.0,19.0,utilitaire_camion,voiture,1,1,1,1,2
202200039967,2022-01-14 15:25:00,2022,1,14,15,25,91,91657,AV HENRI BARBUSSE,48.69911,2.41697,Plein jour,En agglomération,Autre intersection,Normale,Sans collision,3,2,2,0,1,3,1,5,8,50,1,1,0,0,0,1,61.0,,voiture,,1,2,9,1,7
202200039968,2022-09-26 07:25:00,2022,9,26,7,25,13,13071,A55-Sens Martigues vers Marseille,43.3815420561,5.3148579596,Plein jour,Hors agglomération,Hors intersection,Normale,Deux véhicules - arrière,1,1,3,0,1,1,1,0,1,90,2,2,1,0,0,1,52.0,31.0,voiture,voiture,1,1,1,1,2
202200039969,2022-01-13 12:45:00,2022,1,13,12,45,91,91631,RUE DE MANDRES,48.68,2.55,Plein jour,En agglomération,Hors intersection,Normale,Deux véhicules - frontale,4,2,2,0,1,1,1,0,1,50,2,2,1,0,0,1,33.0,56.0,utilitaire_camion,voiture,1,2,1,1,1
202200039970,2022-09-26 07:15:00,2022,9,26,7,15,13,13215,A7-Sens Marseille vers Lyon,43.3420504664,5.3764294041,Plein jour,Hors agglomération,Hors intersection,Normale,Deux véhicules - côté,1,-1,2,0,1,1,1,0,1,90,2,2,1,0,0,1,43.0,26.0,voiture,deux_roues,1,1,1,1,3
202200039971,2022-01-13 18:00:00,2022,1,13,18,0,88,88087,30 Rue du General Leclerc,48.17297,6.434,Nuit avec éclairage allumé,En agglomération,Intersection en T,Normale,Deux véhicules - frontale,3,2,2,0,1,1,1,0,1,50,2,2,1,0,0,1,49.0,50.0,utilitaire_camion,deux_roues,5,2,3,1,1
202200039972,2022-01-12 23:15:00,2022,1,12,23,15,86,86194,Avenue John Kennedy,46.587179,0.364807,Nuit avec éclairage allumé,En agglomération,Hors intersection,Normale,Autre collision,3,3,4,0,1,1,1,0,3,50,1,1,0,0,1,0,35.0,,voiture,,5,2,1,1,6
202200039973,2022-09-27 08:20:00,2022,9,27,8,20,83,83062,A57,43.14547,6.03029,Plein jour,Hors agglomération,Autre intersection,Normale,Trois véhicules et plus - en chaîne,1,3,5,0,1,1,1,0,1,70,3,3,2,0,0,1,34.0,54.0,utilitaire_camion,voiture,1,1,9,1,4
202200039974,2022-01-13 18:10:00,2022,1,13,18,10,86,86194,Avenue du 8 Mai 1945,46.553642,0.305895,Nuit avec éclairage allumé,En agglomération,Hors intersection,Normale,Deux véhicules - côté,3,3,4,0,1,1,1,0,1,50,2,2,1,0,1,0,33.0,17.0,voiture,deux_roues,5,2,1,1,3
202200039975,2022-09-26 14:00:00,2022,9,26,14,0,83,83027,A50,43.2023415002,5.7284410384,Plein jour,Hors agglomération,Hors intersection,Normale,Autre collision,1,3,6,0,1,1,1,0,1,130,1,2,0,0,1,1,25.0,,voiture,,1,1,1,1,6
202200039976,2022-01-13 11:10:00,2022,1,13,11,10,85,85191,118 Boulevard des états-unis,46.6638762,-1.4269764,Plein jour,En agglomération,Intersection en X,Normale,Autre collision,3,2,2,0,1,1,1,0,1,30,1,2,1,0,1,0,64.0,,voiture,,1,2,2,1,6
202200039977,2022-09-25 04:00:00,2022,9,25,4,0,42,42218,A72,45.4409429687,4.432028532,Nuit sans éclairage public,Hors agglomération,Hors intersection,Pluie légère,Autre collision,1,2,2,0,1,2,2,8,2,70,1,1,0,0,1,0,20.0,,voiture,,3,1,1,2,6
202200039978,2022-01-14 16:15:00,2022,1,14,16,15,83,83090,CLEMENCEAU (AVE GEORGES),43.137836,5.849341,Plein jour,En agglomération,Intersection en T,Normale,Deux véhicules - côté,4,2,2,0,1,1,1,0,1,50,2,2,1,0,1,0,53.0,76.0,deux_roues,voiture,1,2,3,1,3
202200039979,2022-09-23 15:50:00,2022,9,23,15,50,59,59566,AUTOROUTE A25,50.61946,2.97538,Plein jour,Hors agglomération,Hors intersection,Normale,Trois véhicules et plus - en chaîne,1,-1,6,0,1,1,1,0,1,90,3,3,2,0,0,1,34.0,38.0,voiture,voiture,1,1,1,1,4
202200039980,2022-01-13 10:25:00,2022,1,13,10,25,83,83137,BOURGEOIS (BD LEON),43.1219077202,5.9480534345,Plein jour,Hors agglomération,Hors intersection,Normale,Deux véhicules - arrière,4,1,2,0,1,1,1,0,1,30,2,2,1,0,0,1,42.0,43.0,voiture,utilitaire_camion,1,1,1,1,2
202200039981,2022-01-12 16:00:00,2022,1,12,16,0,80,80021,SAINT MAURICE (RUE),49.90421,2.28835,Plein jour,En agglomération,Hors intersection,Pluie légère,Autre collision,4,2,2,0,1,1,2,0,1,50,1,2,1,0,0,1,25.0,,voiture,,1,2,1,2,6
202200039982,2022-01-13 23:15:00,2022,1,13,23,15,80,80001,ROUVROY (de),50.11043,1.80965,Nuit avec éclairage allumé,En agglomération,Hors intersection,Brouillard / fumée,Autre collision,3,2,2,0,1,2,2,0,4,50,1,1,0,0,1,0,41.0,,deux_roues,,5,2,1,5,6