accident_id,datetime,annee,mois,jour,heure,minute,departement,commune_insee,adresse,latitude,longitude,luminosite,agglomeration,intersection,meteo,collision,catr,circ,nbv,vosp,prof,plan,surf,infra,situ,vma,nb_vehicules,nb_usagers,nb_indemnes,nb_tues,nb_blesses_hosp,nb_blesses_legers,age_cond_1,age_cond_2,veh_type_cond_1,veh_type_cond_2,lum_code,agg_code,int_code,atm_code,col_code
202200039983,2022-01-14 08:30:00,2022,1,14,8,30,78,78551,POISSY (DE),48.9396238,2.0837663,Plein jour,Hors agglomération,Hors intersection,Normale,Trois véhicules et plus - collisions multiples,3,2,2,0,1,1,1,0,1,80,3,3,0,1,1,1,56.0,35.0,voiture,voiture,1,1,1,1,5
202200039984,2022-09-27 17:40:00,2022,9,27,17,40,91,91179,AUTOROUTE A6,48.56284,2.47986,Plein jour,Hors agglomération,Hors intersection,Normale,Autre collision,1,1,3,0,1,1,2,0,2,110,2,4,2,0,0,2,27.0,45.0,voiture,voiture,1,1,1,1,6
202200039985,2022-09-27 18:50:00,2022,9,27,18,50,92,92002,AUTOROUTE A86,48.7629853869,2.3043052888,Plein jour,Hors agglomération,Hors intersection,Normale,Deux véhicules - arrière,1,1,2,0,1,1,1,1,1,70,2,2,1,0,0,1,32.0,31.0,deux_roues,voiture,1,1,1,1,2
202200039986,2022-01-14 19:15:00,2022,1,14,19,15,77,77186,D142 / D115,48.4808,2.6698,Nuit sans éclairage public,Hors agglomération,Intersection en X,Normale,Deux véhicules - côté,3,2,2,0,2,1,1,5,1,70,2,3,2,0,0,1,57.0,44.0,voiture,voiture,3,1,2,1,3
202200039987,2022-09-27 18:15:00,2022,9,27,18,15,91,91174,RN 104,48.61084,2.4462,Plein jour,Hors agglomération,Hors intersection,Normale,Deux véhicules - côté,2,3,4,0,1,1,2,0,1,90,2,2,1,0,0,1,64.0,30.0,voiture,deux_roues,1,1,1,1,3
202200039988,2022-01-14 16:45:00,2022,1,14,16,45,77,77186,D417,48.403807301,2.6921074574,Plein jour,En agglomération,Intersection en X,Normale,Autre collision,3,2,2,0,1,1,1,0,1,30,1,2,1,0,0,1,47.0,,voiture,,1,2,2,1,6
202200039989,2022-09-27 11:00:00,2022,9,27,11,0,91,91521,RN 449,48.63569,2.40141,Plein jour,Hors agglomération,Hors intersection,Pluie légère,Sans collision,2,1,3,0,1,1,2,0,1,70,1,1,0,0,0,1,37.0,,deux_roues,,1,1,1,2,7
202200039990,2022-01-14 13:35:00,2022,1,14,13,35,77,77186,D142 / D115,48.4808,2.66696,Plein jour,Hors agglomération,Intersection en X,Normale,Deux véhicules - côté,3,2,2,0,1,1,1,0,1,90,2,2,1,0,0,1,48.0,50.0,voiture,voiture,1,1,2,1,3
202200039991,2022-09-27 09:00:00,2022,9,27,9,0,91,91363,RN 104,48.64712,2.18963,Plein jour,Hors agglomération,Hors intersection,Normale,Deux véhicules - arrière,2,1,2,0,1,1,2,0,1,110,2,2,0,0,0,2,40.0,51.0,voiture,voiture,1,1,1,1,2
202200039992,2022-01-14 07:30:00,2022,1,14,7,30,74,74305,PHILIPPE (PLACE JOSEPH),46.20292,6.24994,Crépuscule ou aube,En agglomération,Intersection en X,Normale,Autre collision,4,1,0,0,2,2,1,0,1,50,1,2,1,0,0,1,40.0,,voiture,,2,2,2,1,6
202200039993,2022-09-26 21:15:00,2022,9,26,21,15,92,92050,A86,48.8923144086,2.1852156598,Nuit avec éclairage allumé,Hors agglomération,Hors intersection,Normale,Autre collision,1,1,2,0,2,2,2,1,1,90,1,1,0,0,0,1,20.0,,voiture,,5,1,1,1,6
202200039994,2022-01-14 23:20:00,2022,1,14,23,20,69,69275,Avenue Jean Jaurès,45.76945,4.94758,Nuit avec éclairage allumé,En agglomération,Hors intersection,Brouillard / fumée,Deux véhicules - arrière,7,2,2,0,1,1,1,0,1,50,2,3,2,0,0,1,35.0,30.0,voiture,voiture,5,2,1,5,2
202200039995,2022-09-26 17:55:00,2022,9,26,17,55,92,92063,A86,48.87467,2.15896,Plein jour,Hors agglomération,Hors intersection,Pluie légère,Deux véhicules - côté,1,1,4,0,2,3,2,1,1,70,2,2,1,0,0,1,26.0,61.0,deux_roues,voiture,1,1,1,2,3
202200039996,2022-01-14 18:00:00,2022,1,14,18,0,69,69275,Rue Marceau,45.76105,4.98446,Nuit avec éclairage allumé,En agglomération,Hors intersection,Normale,Trois véhicules et plus - en chaîne,4,2,2,1,2,1,1,2,1,50,3,3,2,0,0,1,19.0,36.0,voiture,voiture,5,2,1,1,4
202200039997,2022-09-26 09:50:00,2022,9,26,9,50,92,92050,A86,48.8923800445,2.1857697681,Plein jour,Hors agglomération,Hors intersection,Normale,Sans collision,1,-1,2,0,4,2,3,1,1,70,1,2,0,0,0,2,21.0,,deux_roues,,1,1,1,1,7
202200039998,2022-01-14 10:55:00,2022,1,14,10,55,69,69029,Route de Genas,45.7484263956,4.9176746607,Plein jour,En agglomération,Intersection en X,Normale,Deux véhicules - côté,7,2,2,3,1,1,1,0,1,30,2,2,1,0,0,1,24.0,27.0,voiture,deux_roues,1,2,2,1,3
202200039999,2022-09-27 10:00:00,2022,9,27,10,0,93,93048,AUTOROUTE A3,48.8713063584,2.4326321482,Plein jour,Hors agglomération,Hors intersection,Pluie légère,Autre collision,1,2,8,0,1,1,2,0,1,90,1,1,0,0,0,1,56.0,,deux_roues,,1,1,1,2,6
202200040000,2022-01-14 19:10:00,2022,1,14,19,10,65,65226,NATIONALE 21 (ROUTE),43.22303,0.02692,Nuit sans éclairage public,Hors agglomération,Giratoire,Normale,Deux véhicules - arrière,2,1,1,0,1,1,1,0,1,50,2,3,2,0,0,1,54.0,32.0,voiture,voiture,3,1,6,1,2
202200040001,2022-09-26 16:30:00,2022,9,26,16,30,93,93027,AUTOROUTE A86,48.92394,2.38684,Plein jour,Hors agglomération,Hors intersection,Pluie légère,Deux véhicules - côté,1,3,4,0,1,1,2,1,1,90,2,2,1,0,0,1,40.0,48.0,voiture,deux_roues,1,1,1,2,3
202200040002,2022-01-14 19:00:00,2022,1,14,19,0,64,64102,Cours Comte de Cabarrus,43.48169,-1.48503,Nuit avec éclairage allumé,En agglomération,Hors intersection,Normale,Deux véhicules - côté,4,2,2,0,1,1,1,0,1,50,2,2,1,0,0,1,30.0,62.0,deux_roues,voiture,5,2,1,1,3
202200040003,2022-01-13 19:08:00,2022,1,13,19,8,64,64102,Avenue du 14 Avril 1814,43.5021485824,-1.4615979774,Nuit avec éclairage allumé,En agglomération,Hors intersection,Normale,Deux véhicules - arrière,3,2,2,0,1,1,1,0,1,50,2,2,1,0,0,1,18.0,46.0,deux_roues,utilitaire_camion,5,2,1,1,2
202200040004,2022-09-26 13:50:00,2022,9,26,13,50,92,92036,AUTOROUTE A15,48.9435578314,2.2873807879,Plein jour,Hors agglomération,Hors intersection,Pluie forte,Trois véhicules et plus - en chaîne,1,1,1,0,1,1,2,0,1,90,5,6,5,0,0,1,23.0,34.0,voiture,voiture,1,1,1,3,4
202200040005,2022-01-13 16:20:00,2022,1,13,16,20,64,64024,Rue de Chassin,43.49346,-1.52845,Plein jour,En agglomération,Hors intersection,Normale,Deux véhicules - côté,4,2,1,1,2,1,1,9,5,50,2,2,1,0,0,1,18.0,72.0,deux_roues,voiture,1,2,1,1,3
202200040006,2022-01-13 18:47:00,2022,1,13,18,47,63,63113,GIROD (RUE JOSEPH),45.76465,3.0839,Nuit avec éclairage allumé,En agglomération,Intersection en X,Normale,Deux véhicules - côté,4,2,2,0,1,1,1,0,1,50,2,2,1,0,0,1,59.0,,voiture,utilitaire_camion,5,2,2,1,3
202200040007,2022-09-24 12:30:00,2022,9,24,12,30,93,93005,AUTOROUTE A3,48.9602419884,2.4733228737,Plein jour,Hors agglomération,Hors intersection,Temps couvert,Trois véhicules et plus - en chaîne,1,3,6,0,1,1,2,0,1,90,4,4,3,0,0,1,23.0,62.0,voiture,voiture,1,1,1,8,4
202200040008,2022-09-27 10:10:00,2022,9,27,10,10,77,77083,A4,48.831076,2.60614,Plein jour,Hors agglomération,Hors intersection,Temps couvert,Sans collision,1,3,3,0,1,3,8,0,1,90,1,1,0,0,0,1,32.0,,deux_roues,,1,1,1,8,7
202200040009,2022-01-14 18:10:00,2022,1,14,18,10,59,59009,MONS BOULEVARD DE,50.6436664417,3.1414166093,Nuit avec éclairage allumé,Hors agglomération,Hors intersection,Normale,Deux véhicules - côté,4,2,4,0,1,1,1,0,1,50,2,2,1,1,0,0,27.0,58.0,voiture,deux_roues,5,1,1,1,3
202200040010,2022-09-27 09:15:00,2022,9,27,9,15,77,77373,RN104,48.7645,2.61503,Plein jour,Hors agglomération,Hors intersection,Pluie légère,Sans collision,2,1,2,0,1,1,2,0,3,90,1,2,0,0,0,2,34.0,,utilitaire_camion,,1,1,1,2,7
202200040011,2022-01-14 16:45:00,2022,1,14,16,45,59,59328,BONTE AUGUSTE RUE,50.6450543555,3.0223292112,Plein jour,En agglomération,Intersection en X,Normale,Deux véhicules - côté,7,2,2,2,1,1,1,0,1,50,2,2,1,0,1,0,28.0,24.0,voiture,deux_roues,1,2,2,1,3
202200040012,2022-01-14 00:30:00,2022,1,14,0,30,59,59507,JAURES JEAN AVENUE.,50.6067024731,3.0770037173,Nuit avec éclairage allumé,En agglomération,Hors intersection,Normale,Autre collision,7,2,4,3,2,1,1,0,4,50,1,1,0,0,0,1,24.0,,voiture,,5,2,1,1,6
202200040013,2022-09-27 07:15:00,2022,9,27,7,15,94,94028,A86 INT,48.7762272343,2.4298897133,Crépuscule ou aube,Hors agglomération,Hors intersection,Pluie légère,Trois véhicules et plus - en chaîne,1,3,4,0,1,1,2,0,1,90,3,3,2,0,0,1,,57.0,voiture,utilitaire_camion,2,1,1,2,4
202200040014,2022-01-13 09:02:00,2022,1,13,9,2,59,59009,DE MONTALEMBERT BVD DU COMTE,50.6240509743,3.161431253,Crépuscule ou aube,En agglomération,Hors intersection,Brouillard / fumée,Autre collision,4,2,0,0,1,1,9,9,1,50,1,2,1,0,0,1,17.0,,deux_roues,,2,2,1,5,6
202200040015,2022-09-26 04:00:00,2022,9,26,4,0,93,93051,A4,48.8361335993,2.5573070227,Nuit sans éclairage public,Hors agglomération,Hors intersection,Normale,Deux véhicules - arrière,1,3,4,0,1,1,1,0,1,110,2,2,1,0,0,1,24.0,45.0,deux_roues,voiture,3,1,1,1,2
202200040016,2022-01-14 08:35:00,2022,1,14,8,35,56,56121,DREYFUS (RUE  ALFRED ),47.74752,-3.39267,Crépuscule ou aube,En agglomération,Intersection en X,Normale,Autre collision,4,2,2,0,1,1,1,5,1,30,1,2,1,0,0,1,36.0,,voiture,,2,2,2,1,6
202200040017,2022-01-13 19:10:00,2022,1,13,19,10,56,56098,N165 sens Lorient/Vannes,47.78103,-3.34278,Nuit avec éclairage allumé,Hors agglomération,Hors intersection,Normale,Deux véhicules - arrière,2,3,4,0,1,1,1,0,1,90,2,2,1,0,0,1,28.0,57.0,voiture,voiture,5,1,1,1,2
202200040018,2022-06-16 20:15:00,2022,6,16,20,15,83,83137,GUILLEMARD (RUE ROBERT),43.126059,5.922369,Plein jour,En agglomération,Hors intersection,Normale,Deux véhicules - côté,4,2,1,0,1,1,1,0,1,50,2,5,1,0,0,4,42.0,23.0,voiture,voiture,1,2,1,1,3
202200040019,2022-01-13 10:18:00,2022,1,13,10,18,54,54395,LECLERC (AV. DU GENE,48.6754553343,6.176245451,Plein jour,En agglomération,Hors intersection,Normale,Deux véhicules - côté,4,1, -1,3,1,1,1,0,1,30,2,2,1,0,0,1,57.0,67.0,deux_roues,voiture,1,2,1,1,3
202200040020,2022-06-10 14:15:00,2022,6,10,14,15,83,83137,LAUGIER (BD),43.13075,5.90775,Plein jour,En agglomération,Hors intersection,Normale,Deux véhicules - frontale,4,1,1,0,1,1,1,0,1,50,2,3,2,0,0,1,39.0,18.0,voiture,deux_roues,1,2,1,1,1
202200040021,2022-01-12 16:00:00,2022,1,12,16,0,54,54578,BRABOIS (AVENUE DE),48.67168,6.16086,Plein jour,En agglomération,Hors intersection,Normale,Autre collision,4,2,3,0,1,1,1,0,1,50,1,2,1,0,0,1,21.0,,voiture,,1,2,1,1,6
202200040022,2022-05-21 18:50:00,2022,5,21,18,50,69,69266,Cours Emile Zola,45.76805,4.88738,Plein jour,En agglomération,Intersection en T,Normale,Deux véhicules - côté,4,2,2,2,1,1,1,0,1,50,2,2,1,0,0,1,36.0,35.0,voiture,deux_roues,1,2,3,1,3
202200040023,2022-01-13 15:15:00,2022,1,13,15,15,51,51454,Rue de Thillois,49.25352,4.0262,Plein jour,En agglomération,Intersection en X,Normale,Autre collision,4,1,2,0,1,1,1,0,1,30,1,3,1,0,0,2,40.0,,voiture,,1,2,2,1,6
202200040024,2022-05-19 05:00:00,2022,5,19,5,0,64,64122,Avenue de la Marne,43.4848341847,-1.5534979105,Nuit avec éclairage allumé,En agglomération,Hors intersection,Normale,Sans collision,4,1,1,0,1,3,1,0,1,50,1,1,0,0,1,0,25.0,,voiture,,5,2,1,1,7
202200040025,2022-01-13 08:25:00,2022,1,13,8,25,50,50129,BARBUSSE (RUE HENRI),49.6138,-1.65582,Crépuscule ou aube,Hors agglomération,Intersection en T,Brouillard / fumée,Deux véhicules - arrière,3,2,2,1,2,1,2,0,1,70,2,2,1,0,0,1,28.0,24.0,voiture,voiture,2,1,3,5,2
202200040026,2022-05-19 18:20:00,2022,5,19,18,20,64,64122,Avenue de la Reine Victoria,43.4852817847,-1.5523794293,Plein jour,En agglomération,Hors intersection,Normale,Deux véhicules - arrière,4,1,1,0,1,1,1,0,1,50,2,3,2,0,0,1,25.0,34.0,voiture,deux_roues,1,2,1,1,2
202200040027,2022-01-13 17:00:00,2022,1,13,17,0,49,49328,ALSACE (RUE D'),47.25784,-0.08264,Plein jour,En agglomération,Hors intersection,Normale,Autre collision,4,2,2,2,1,1,1,0,1,50,1,2,1,0,0,1,34.0,,voiture,,1,2,1,1,6
202200040028,2022-01-14 07:35:00,2022,1,14,7,35,44,44184,D492,47.283933,-2.24942,Nuit avec éclairage allumé,En agglomération,Hors intersection,Normale,Autre collision,3,1,1,0,1,1,1,0,1,50,1,2,1,0,0,1,57.0,,utilitaire_camion,,5,2,1,1,6
202200040029,2022-06-10 13:10:00,2022,6,10,13,10,54,54270,D26,49.487559,5.881662,Plein jour,Hors agglomération,Hors intersection,Normale,Deux véhicules - frontale,3,2,2,0,2,3,1,0,1,80,2,3,0,1,0,2,61.0,32.0,voiture,voiture,1,1,1,1,1
202200040030,2022-01-12 09:50:00,2022,1,12,9,50,44,44184,Place Jacques Tati,47.24085,-2.27834,Plein jour,En agglomération,Intersection en X,Normale,Deux véhicules - côté,4,2,2,0,2,1,1,0,1,30,2,2,1,0,0,1,41.0,20.0,deux_roues,voiture,1,2,2,1,3
202200040031,2022-09-12 08:50:00,2022,9,12,8,50,976,97611,m'tsapere-Nationale 2 (route),-12.79054,45.21216,Plein jour,En agglomération,Hors intersection,Normale,Deux véhicules - côté,4,2,2,0,1,1,1,2,1,50,2,2,1,0,0,1,56.0,36.0,voiture,deux_roues,1,2,1,1,3
202200040032,2022-01-13 10:50:00,2022,1,13,10,50,44,44055,Avenue Henri Bertho,47.29282,-2.35759,Crépuscule ou aube,En agglomération,Hors intersection,Temps éblouissant,Autre collision,4,3,2,0,1,1,1,0,1,50,1,2,1,0,1,0,85.0,,voiture,,2,2,1,7,6
202200040033,2022-01-14 18:00:00,2022,1,14,18,0,37,37261,COLOMBIER (RUE),47.42265,0.70685,Nuit avec éclairage allumé,En agglomération,Hors intersection,Normale,Autre collision,4,2,2,0,1,1,1,0,1,50,1,2,1,0,0,1,33.0,,voiture,,5,2,1,1,6
202200040034,2022-09-12 06:20:00,2022,9,12,6,20,976,97611,m'tsapere-Nationale 2 (route),-12.79054,45.21216,Plein jour,En agglomération,Hors intersection,Normale,Deux véhicules - arrière,4,2,2,0,1,1,1,2,1,50,2,2,1,0,0,1,52.0,49.0,deux_roues,transport_commun,1,2,1,1,2
202200040035,2022-01-14 08:00:00,2022,1,14,8,0,37,37261,ROYER (BD JEAN),47.3818084892,0.6811510026,Plein jour,En agglomération,Intersection en T,Normale,Deux véhicules - côté,4,2,2,0,1,1,1,0,1,50,2,2,1,0,0,1,44.0,18.0,utilitaire_camion,deux_roues,1,2,3,1,3
202200040036,2022-01-08 23:25:00,2022,1,8,23,25,36,36044,,46.8189795406,1.7062684894,Nuit avec éclairage allumé,En agglomération,Intersection en T,Pluie légère,Deux véhicules - côté,4,2,2,0,1,1,2,0,1,50,2,2,1,0,0,1,18.0,,autre,voiture,5,2,3,2,3
202200040037,2022-09-25 12:32:00,2022,9,25,12,32,974,97411,JAURES (BLD 1 JEAN),-20.88991,55.45296,Plein jour,Hors agglomération,Intersection en T,Normale,Deux véhicules - côté,2,1,3,0,2,1,1,9,1,90,2,5,0,0,0,5,52.0,41.0,utilitaire_camion,utilitaire_camion,1,1,3,1,3
202200040038,2022-01-10 18:12:00,2022,1,10,18,12,36,36044,236 Avenue de la Châtre,46.80479,1.71296,Crépuscule ou aube,En agglomération,Hors intersection,Normale,Autre collision,4,2, -1,-1,1,1,1,0,1,50,1,2,1,0,0,1,83.0,,voiture,,2,2,1,1,6
202200040039,2022-09-26 14:45:00,2022,9,26,14,45,974,97409,RN2 SENS ST BENOIT ST DENIS,-20.96051,55.6577,Plein jour,Hors agglomération,Hors intersection,Normale,Autre collision,2,3,2,0,1,1,1,0,1,110,1,2,1,0,1,0,34.0,,utilitaire_camion,,1,1,1,1,6
202200040040,2022-01-14 22:20:00,2022,1,14,22,20,33,33550,Route de Toulouse,44.7933,-0.56742,Nuit avec éclairage allumé,En agglomération,Intersection en T,Normale,Trois véhicules et plus - en chaîne,4,2,2,0,1,1,1,0,1,50,3,6,4,0,0,2,21.0,54.0,voiture,voiture,5,2,3,1,4
202200040041,2022-09-25 11:45:00,2022,9,25,11,45,974,97409,Lefaguyes (chemin),-20.95322,55.67202,Plein jour,Hors agglomération,Intersection en T,Normale,Deux véhicules - frontale,3,2,2,0,2,1,1,0,1,70,2,2,1,0,0,1,45.0,47.0,voiture,voiture,1,1,3,1,1
202200040042,2022-01-14 02:10:00,2022,1,14,2,10,33,33063,Boulevard Joliot-Curie,44.835,-0.551,Nuit avec éclairage allumé,En agglomération,Hors intersection,Normale,Autre collision,4,3,4,0,2,2,1,8,1,50,1,1,0,1,0,0,25.0,,deux_roues,,5,2,1,1,6
202200040043,2022-01-13 01:10:00,2022,1,13,1,10,33,33013,Route nationale 89,44.8688,-0.50173,Nuit avec éclairage allumé,Hors agglomération,Hors intersection,Normale,Deux véhicules - arrière,2,3,3,0,1,1,1,0,1,50,2,4,2,0,0,2,20.0,43.0,voiture,voiture,5,1,1,1,2
202200040044,2022-09-26 06:40:00,2022,9,26,6,40,973,97302,MARINGOUINS (ROND-POINT),4.9076304398,-52.322409153,Plein jour,Hors agglomération,Giratoire,Normale,Sans collision,2,2,2,0,1,3,1,9,1,50,1,2,0,0,2,0,43.0,,deux_roues,,1,1,6,1,7
202200040045,2022-01-13 20:09:00,2022,1,13,20,9,29,29051,D15 - Route de Coray,48.00063,-4.04872,Nuit avec éclairage allumé,Hors agglomération,Hors intersection,Normale,Deux véhicules - frontale,3,2,3,0,1,1,1,0,1,70,2,2,1,0,1,0,19.0,27.0,voiture,deux_roues,5,1,1,1,1
202200040046,2022-01-14 15:30:00,2022,1,14,15,30,28,28134,VALLEE VAUBREU (RTE DE LA),48.768,1.35158,Plein jour,Hors agglomération,Hors intersection,Normale,Deux véhicules - frontale,3,2,2,0,1,3,1,0,1,80,2,2,0,0,0,2,21.0,37.0,deux_roues,deux_roues,1,1,1,1,1
202200040047,2022-09-25 19:23:00,2022,9,25,19,23,973,97302,HEDER (place),4.9416533682,-52.3311290145,Nuit avec éclairage allumé,En agglomération,Intersection en X,Normale,Deux véhicules - arrière,4,1,1,0,1,1,1,0,1,50,2,3,2,0,0,1,41.0,33.0,voiture,deux_roues,5,2,2,1,2
202200040048,2022-01-14 20:40:00,2022,1,14,20,40,27,27681,ROUEN (ROUTE DE ),49.09748,1.47515,Nuit avec éclairage allumé,En agglomération,Hors intersection,Normale,Deux véhicules - côté,3,2,2,0,1,1,1,0,1,50,2,2,0,0,0,2,18.0,13.0,deux_roues,deux_roues,5,2,1,1,3
202200040049,2022-01-14 14:15:00,2022,1,14,14,15,27,27681,CAPUCINS (AVENUE DES),49.08906,1.46728,Plein jour,En agglomération,Hors intersection,Normale,Trois véhicules et plus - en chaîne,3,2,2,0,1,1,1,0,1,50,3,4,3,0,0,1,40.0,76.0,voiture,voiture,1,2,1,1,4
202200040050,2022-09-25 01:30:00,2022,9,25,1,30,973,97302,ESTREES (AVENUE D'),4.94044,-52.3252,Nuit avec éclairage allumé,En agglomération,Hors intersection,Normale,Deux véhicules - frontale,4,2,2,1,1,1,1,0,1,50,2,2,1,0,1,0,28.0,55.0,voiture,deux_roues,5,2,1,1,1
202200040051,2022-01-14 12:00:00,2022,1,14,12,0,27,27375,THOREL (PLACE ERNEST),49.21532,1.16873,Plein jour,En agglomération,Giratoire,Normale,Deux véhicules - côté,4,1,0,3,1,1,1,5,1,50,2,2,1,0,0,1,44.0,61.0,transport_commun,voiture,1,2,6,1,3
202200040052,2022-01-14 07:30:00,2022,1,14,7,30,27,27229,BROSSOLETTE (RUE PIERRE),49.022,1.16276,Nuit avec éclairage allumé,En agglomération,Hors intersection,Normale,Deux véhicules - arrière,4,2,2,0,2,1,1,0,1,50,2,2,1,0,0,1,,61.0,voiture,deux_roues,5,2,1,1,2
202200040053,2022-01-14 07:20:00,2022,1,14,7,20,27,27229,HUGO (RUE VICTOR),49.02205,1.14289,Nuit avec éclairage allumé,En agglomération,Hors intersection,Normale,Deux véhicules - frontale,4,2,2,0,1,1,1,0,1,50,2,2,1,0,0,1,22.0,61.0,voiture,voiture,5,2,1,1,1
202200040054,2022-09-25 20:00:00,2022,9,25,20,0,69,69386,Quai Général Sarrail,45.7656,4.8416,Nuit avec éclairage allumé,En agglomération,Hors intersection,Normale,Autre collision,4,1,2,0,1,1,2,0,1,50,2,3,2,0,0,1,60.0,50.0,voiture,voiture,5,2,1,1,6
202200040055,2022-09-24 16:10:00,2022,9,24,16,10,69,69388,Rue Villon,45.74123,4.86427,Plein jour,En agglomération,Intersection en X,Normale,Deux véhicules - côté,4,1,1,0,1,1,1,0,1,30,2,2,1,0,0,1,30.0,75.0,deux_roues,voiture,1,2,2,1,3
202200040056,2022-01-14 11:00:00,2022,1,14,11,0,22,22187,Rue de la Prunelle,48.5355674608,-2.7559547424,Plein jour,En agglomération,Hors intersection,Normale,Deux véhicules - arrière,4,2,2,0,1,1,1,0,1,30,2,3,2,0,0,1,72.0,30.0,voiture,voiture,1,2,1,1,2
202200040057,2022-01-14 22:45:00,2022,1,14,22,45,17,17300,Boulevard de la Republique,46.13836,-1.15362,Nuit avec éclairage allumé,En agglomération,Hors intersection,Normale,Deux véhicules - côté,4,2,2,0,1,1,1,0,1,30,2,4,3,0,0,1,22.0,51.0,voiture,voiture,5,2,1,1,3
202200040058,2022-01-14 16:56:00,2022,1,14,16,56,17,17028,CLAIRES   RUE DES,46.1275,-1.12867,Crépuscule ou aube,En agglomération,Hors intersection,Normale,Autre collision,4,2,2,0,2,1,1,0,1,30,1,2,1,0,0,1,23.0,,voiture,,2,2,1,1,6
202200040059,2022-09-12 17:30:00,2022,9,12,17,30,69,69388,Boulevard des Etats-Unis,45.73114,4.86601,Plein jour,En agglomération,Intersection à plus de 4 branches,Normale,Deux véhicules - côté,4,2,2,2,1,1,1,5,1,50,2,2,1,0,0,1,59.0,61.0,deux_roues,voiture,1,2,5,1,3
202200040060,2022-01-13 17:30:00,2022,1,13,17,30,14,14333,D580A,49.41716,0.239127,Crépuscule ou aube,En agglomération,Giratoire,Normale,Autre collision,3,2,2,0,1,1,1,0,1,50,1,2,1,0,0,1,78.0,,voiture,,2,2,6,1,6
202200040061,2022-01-14 04:30:00,2022,1,14,4,30,14,14118,Rue Robert Kaskoreff,49.18327,-0.40092,Nuit avec éclairage allumé,En agglomération,Hors intersection,Normale,Autre collision,4,2,2,0,1,1,1,0,4,50,1,2,0,0,1,1,20.0,,voiture,,5,2,1,1,6
202200040062,2022-01-14 17:40:00,2022,1,14,17,40,13,13208,MAZARGUES (AVENUE DE),43.25568,5.39405,Crépuscule ou aube,En agglomération,Hors intersection,Normale,Deux véhicules - frontale,4,2,2,0,1,1,1,0,1,50,2,2,0,0,0,2,32.0,16.0,deux_roues,deux_roues,2,2,1,1,1
202200040063,2022-09-12 14:15:00,2022,9,12,14,15,69,69387,Avenue Leclerc,45.74769,4.83352,Plein jour,En agglomération,Intersection en T,Normale,Deux véhicules - côté,4,1,4,1,1,1,1,2,1,50,2,2,1,0,1,0,52.0,72.0,deux_roues,voiture,1,2,3,1,3
202200040064,2022-01-13 07:59:00,2022,1,13,7,59,10,10387,ETIENNE PEDRON (RUE),48.3097,4.0745,Crépuscule ou aube,En agglomération,Hors intersection,Autre,Autre collision,4,2,2,0,1,1,7,0,4,50,1,3,1,0,1,1,18.0,,voiture,,2,2,1,9,6
202200040065,2022-01-13 06:49:00,2022,1,13,6,49,10,10387,VOULDY (CHAUSSEE DU),48.2911,4.0884,Nuit avec éclairage allumé,En agglomération,Hors intersection,Temps couvert,Sans collision,4,1,1,0,1,1,7,0,1,50,1,1,0,0,0,1,17.0,,deux_roues,,5,2,1,8,7
202200040066,2022-09-24 19:50:00,2022,9,24,19,50,972,97213,AUTOROUTE A1,14.6108,-61.00662,Nuit avec éclairage allumé,En agglomération,Hors intersection,Normale,Deux véhicules - arrière,1,2,4,0,4,1,1,0,1,90,2,3,2,0,0,1,55.0,35.0,voiture,voiture,5,2,1,1,2
202200040067,2022-01-13 08:15:00,2022,1,13,8,15,75,75116,BOULEVARD PERIPHERIQUE,48.874475,2.275778,Plein jour,En agglomération,Hors intersection,Normale,Deux véhicules - arrière,4,1,4,0,1,1,1,0,1,70,2,2,1,0,0,1,39.0,30.0,deux_roues,deux_roues,1,2,1,1,2
202200040068,2022-01-13 12:18:00,2022,1,13,12,18,75,75110,RUE DU FAUBOURG SAINT MARTIN,48.87321,2.358857,Plein jour,En agglomération,Intersection en X,Normale,Deux véhicules - côté,4,2,4,0,1,1,1,0,1,30,2,3,1,1,1,0,43.0,39.0,utilitaire_camion,deux_roues,1,2,2,1,3
202200040069,2022-09-12 14:20:00,2022,9,12,14,20,972,97213,ROUTE NATIONALE 1,14.62512,-60.98034,Plein jour,Hors agglomération,Hors intersection,Normale,Deux véhicules - arrière,2,1,2,0,1,1,1,0,1,90,2,3,0,0,0,3,24.0,67.0,voiture,voiture,1,1,1,1,2
202200040070,2022-12-05 17:00:00,2022,12,5,17,0,974,97411,MALRAUX (AVENUE ANDRE),-20.8881,55.46494,Plein jour,En agglomération,Intersection en X,Normale,Deux véhicules - côté,4,2,2,0,1,1,1,0,1,50,2,2,1,0,0,1,13.0,39.0,autre,voiture,1,2,2,1,3
202200040071,2022-01-14 13:00:00,2022,1,14,13,0,75,75105,RUE DANTE,48.851094,2.346261,Plein jour,En agglomération,Intersection en Y,Normale,Autre collision,4,1,1,1,1,1,1,-1,5,30,1,2,0,0,0,2,56.0,,deux_roues,,1,2,4,1,6
202200040072,2022-12-05 06:30:00,2022,12,5,6,30,974,97411,JAURES (BOULEVARD JEAN),-20.89049,55.46538,Plein jour,En agglomération,Hors intersection,Normale,Deux véhicules - arrière,2,1,4,0,1,1,1,6,1,50,2,2,1,0,0,1,49.0,24.0,voiture,voiture,1,2,1,1,2
202200040073,2022-09-12 07:00:00,2022,9,12,7,0,972,97213,AUTOROUTE A1,14.61784,-61.01842,Plein jour,Hors agglomération,Hors intersection,Normale,Deux véhicules - côté,1,2,6,0,1,1,1,0,1,90,2,2,1,0,0,1,,54.0,autre,deux_roues,1,1,1,1,3