accident_id,datetime,annee,mois,jour,heure,minute,departement,commune_insee,adresse,latitude,longitude,luminosite,agglomeration,intersection,meteo,collision,catr,circ,nbv,vosp,prof,plan,surf,infra,situ,vma,nb_vehicules,nb_usagers,nb_indemnes,nb_tues,nb_blesses_hosp,nb_blesses_legers,age_cond_1,age_cond_2,veh_type_cond_1,veh_type_cond_2,lum_code,agg_code,int_code,atm_code,col_code
202200040074,2022-01-14 20:20:00,2022,1,14,20,20,75,75120,RUE DE BELLEVILLE,48.874411,2.386295,Nuit avec éclairage allumé,En agglomération,Intersection en T,Normale,Deux véhicules - côté,4,2,2,0,1,1,1,0,1,30,2,2,1,0,0,1,,24.0,deux_roues,deux_roues,5,2,3,1,3
202200040075,2022-12-05 07:15:00,2022,12,5,7,15,69,69276,Route de Lyon,45.68618,4.8611,Crépuscule ou aube,Hors agglomération,Hors intersection,Brouillard / fumée,Deux véhicules - arrière,7,2,2,0,1,1,7,2,1,50,2,2,1,0,0,1,31.0,39.0,voiture,voiture,2,1,1,5,2
202200040076,2022-01-14 16:40:00,2022,1,14,16,40,75,75118,AVENUE DE SAINT OUEN,48.891604,2.326963,Plein jour,En agglomération,Intersection en T,Normale,Autre collision,4,1,3,0,1,1,1,0,1,30,1,2,1,0,0,1,34.0,,deux_roues,,1,2,3,1,6
202200040077,2022-09-25 03:50:00,2022,9,25,3,50,972,97209,RD 41 (ROCADE),14.612,-61.07874,Nuit sans éclairage public,En agglomération,Hors intersection,Pluie légère,Sans collision,3,3,4,0,3,4,2,2,1,60,1,3,2,0,0,1,31.0,,voiture,,3,2,1,2,7
202200040078,2022-01-13 20:00:00,2022,1,13,20,0,75,75118,BOULEVARD NEY,48.897511,2.328947,Nuit avec éclairage allumé,En agglomération,Intersection en X,Normale,Deux véhicules - côté,4,3,2,0,1,1,1,0,1,50,2,2,1,0,0,1,42.0,,deux_roues,deux_roues,5,2,2,1,3
202200040079,2022-12-05 08:50:00,2022,12,5,8,50,972,97213,AUTOROUTE A1,14.6181,-61.02843,Plein jour,Hors agglomération,Hors intersection,Normale,Deux véhicules - côté,1,2,6,0,1,1,1,2,1,90,2,2,1,0,0,1,72.0,53.0,utilitaire_camion,voiture,1,1,1,1,3
202200040080,2022-09-26 08:00:00,2022,9,26,8,0,69,69389,Rue Sergent Michel Berthet,45.76702,4.80541,Crépuscule ou aube,En agglomération,Intersection en T,Normale,Deux véhicules - côté,4,2,2,3,2,1,1,0,1,50,2,2,1,0,0,1,19.0,19.0,voiture,deux_roues,2,2,3,1,3
202200040081,2022-01-14 19:00:00,2022,1,14,19,0,75,75117,PLACE DE LA PORTE DE CHAMPERRET,48.885821,2.290793,Nuit avec éclairage allumé,En agglomération,Place,Normale,Autre collision,4,-1,1,1,1,1,1,-1,5,30,1,1,0,0,0,1,33.0,,deux_roues,,5,2,7,1,6
202200040082,2022-12-04 00:00:00,2022,12,4,0,0,972,97213,ROUTE DEPARTEMENTALE 13,14.630386,-61.029005,Nuit sans éclairage public,Hors agglomération,Hors intersection,Normale,Sans collision,3,-1,2,0,2,3,1,0,1,50,1,2,0,0,0,2,37.0,,deux_roues,,3,1,1,1,7
202200040083,2022-01-14 17:00:00,2022,1,14,17,0,75,75116,AVENUE DE L HIPPODROME,48.857897,2.248272,Plein jour,En agglomération,Hors intersection,Normale,Deux véhicules - côté,4,2,3,0,1,1,1,0,1,50,2,2,1,0,0,1,28.0,57.0,deux_roues,voiture,1,2,1,1,3
202200040084,2022-12-05 17:50:00,2022,12,5,17,50,69,69389,Rue Professeur Patel,45.76513,4.79134,Nuit avec éclairage allumé,En agglomération,Passage à niveau,Normale,Autre collision,4,2,2,0,1,1,1,4,1,30,1,2,1,0,0,1,51.0,,voiture,,5,2,8,1,6
202200040085,2022-01-14 18:00:00,2022,1,14,18,0,75,75115,RUE BRANCION,48.829685,2.301761,Nuit avec éclairage allumé,En agglomération,Intersection en Y,Normale,Deux véhicules - côté,4,1,1,1,1,1,1,-1,5,50,2,2,1,0,0,1,59.0,17.0,voiture,deux_roues,5,2,4,1,3
202200040086,2022-12-05 03:40:00,2022,12,5,3,40,69,69382,Quai Docteur Gailleton,45.75188,4.83276,Nuit sans éclairage public,En agglomération,Hors intersection,Brouillard / fumée,Deux véhicules - arrière,4,1,4,3,1,1,2,0,1,50,2,3,2,0,0,1,46.0,51.0,voiture,voiture,3,2,1,5,2
202200040087,2022-09-25 19:55:00,2022,9,25,19,55,69,69142,Rue Stéphane Déchant,45.72114,4.81113,Nuit avec éclairage allumé,En agglomération,Intersection en X,Temps couvert,Deux véhicules - côté,7,2,3,0,1,1,2,0,1,30,2,3,1,0,0,2,49.0,18.0,voiture,deux_roues,5,2,2,8,3
202200040088,2022-01-14 18:30:00,2022,1,14,18,30,75,75114,RUE VERCINGETORIX,48.835156,2.314941,Nuit avec éclairage allumé,En agglomération,Intersection en T,Normale,Autre collision,4,1,2,1,1,1,1,-1,5,30,1,2,1,0,0,1,,,deux_roues,,5,2,3,1,6
202200040089,2022-12-04 14:30:00,2022,12,4,14,30,87,87075,REPUBLIQUE (AVENUE DE LA),45.81164,1.22666,Plein jour,En agglomération,Hors intersection,Pluie légère,Autre collision,4,2,2,0,1,1,2,0,1,30,1,1,0,0,0,1,17.0,,deux_roues,,1,2,1,2,6
202200040090,2022-12-04 13:30:00,2022,12,4,13,30,85,85194,20 Rue félix faure,46.48985,-1.76939,Plein jour,En agglomération,Hors intersection,Normale,Autre collision,4,1,1,0,1,1,1,0,1,50,1,1,0,1,0,0,76.0,,voiture,,1,2,1,1,6
202200040091,2022-01-14 13:15:00,2022,1,14,13,15,75,75113,BOULEVARD MASSENA,48.822668,2.372838,Plein jour,En agglomération,Intersection en T,Normale,Deux véhicules - côté,4,3,8,0,2,1,1,0,1,50,2,2,1,0,0,1,78.0,50.0,voiture,voiture,1,2,3,1,3
202200040092,2022-09-25 13:20:00,2022,9,25,13,20,69,69389,Rue des Docks,45.7854096169,4.8105713725,Plein jour,En agglomération,Intersection en X,Normale,Deux véhicules - côté,4,2,2,0,1,1,1,0,1,30,2,2,1,0,0,1,22.0,40.0,deux_roues,voiture,1,2,2,1,3
202200040093,2022-01-14 11:11:00,2022,1,14,11,11,75,75105,BOULEVARD SAINT MARCEL,48.837096,2.352692,Plein jour,En agglomération,Intersection en T,Normale,Autre collision,4,2,5,0,1,1,1,0,1,30,1,2,1,0,0,1,33.0,,utilitaire_camion,,1,2,3,1,6
202200040094,2022-12-03 08:45:00,2022,12,3,8,45,84,84007,RHONE (Boulevard du ),43.95183,4.8033,Plein jour,En agglomération,Hors intersection,Pluie légère,Deux véhicules - arrière,4,1,3,3,1,1,2,9,6,50,2,7,2,0,0,5,36.0,19.0,voiture,voiture,1,2,1,2,2
202200040095,2022-01-14 09:35:00,2022,1,14,9,35,75,75112,RUE DE LA DURANCE,48.838563,2.393189,Plein jour,En agglomération,Intersection en X,Normale,Autre collision,4,1,1,0,1,1,1,0,1,30,1,2,1,0,0,1,37.0,,utilitaire_camion,,1,2,2,1,6
202200040096,2022-09-25 07:30:00,2022,9,25,7,30,69,69034,Avenue Général de Gaulle,45.80878,4.85671,Nuit avec éclairage allumé,En agglomération,Hors intersection,Pluie légère,Autre collision,4,2,2,0,1,1,2,0,4,50,1,2,1,0,0,1,28.0,,voiture,,5,2,1,2,6
202200040097,2022-01-14 12:25:00,2022,1,14,12,25,75,75111,AVENUE PARMENTIER,48.863951,2.375527,Plein jour,En agglomération,Intersection en T,Normale,Deux véhicules - côté,4,2,2,0,1,1,1,0,1,30,2,2,1,0,0,1,26.0,32.0,utilitaire_camion,deux_roues,1,2,3,1,3
202200040098,2022-12-02 08:30:00,2022,12,2,8,30,30,30351,MISTRAL BOULEVARD FREDERIC,43.99542,4.81152,Plein jour,Hors agglomération,Intersection en T,Temps couvert,Trois véhicules et plus - collisions multiples,3,2,2,0,1,1,1,5,1,80,3,3,2,0,1,0,28.0,50.0,voiture,deux_roues,1,1,3,8,5
202200040099,2022-09-25 03:40:00,2022,9,25,3,40,69,69382,Quai Docteur Gailleton,45.75748,4.83703,Nuit avec éclairage non allumé,En agglomération,Hors intersection,Pluie légère,Autre collision,4,1,1,3,3,3,2,2,1,50,1,2,1,0,0,1,20.0,,utilitaire_camion,,4,2,1,2,6
202200040100,2022-12-05 08:15:00,2022,12,5,8,15,81,81065,DE GAULLE RD 612 (AV. CHARLES),43.59635,2.26196,Crépuscule ou aube,En agglomération,Hors intersection,Temps éblouissant,Autre collision,3,2,3,0,1,1,1,6,1,30,1,2,1,0,1,0,68.0,,utilitaire_camion,,2,2,1,7,6
202200040101,2022-01-14 11:00:00,2022,1,14,11,0,75,75110,BOULEVARD DE MAGENTA,48.879486,2.353199,Plein jour,En agglomération,Intersection en Y,Normale,Deux véhicules - côté,4,2,4,0,1,1,1,0,1,30,2,2,1,0,0,1,32.0,34.0,voiture,deux_roues,1,2,4,1,3
202200040102,2022-12-02 22:55:00,2022,12,2,22,55,80,80021,VOGEL (PLACE),49.89782,2.29588,Nuit avec éclairage allumé,En agglomération,Hors intersection,Normale,Deux véhicules - frontale,4,2,3,0,1,1,1,0,1,30,2,2,1,0,0,1,23.0,18.0,voiture,deux_roues,5,2,1,1,1
202200040103,2022-01-14 00:10:00,2022,1,14,0,10,75,75109,RUE JEAN BAPTISTE PIGALLE,48.880453,2.335034,Nuit avec éclairage allumé,En agglomération,Intersection à plus de 4 branches,Normale,Deux véhicules - côté,4,1,1,1,1,1,1,0,1,30,2,4,3,0,0,1,33.0,57.0,deux_roues,voiture,5,2,5,1,3
202200040104,2022-11-24 17:40:00,2022,11,24,17,40,80,80021,PIERRE ROLLIN (RUE),49.87858,2.31207,Nuit avec éclairage allumé,En agglomération,Intersection en T,Normale,Deux véhicules - côté,4,2,3,0,1,1,1,0,1,50,2,2,1,0,0,1,54.0,45.0,voiture,deux_roues,5,2,3,1,3
202200040105,2022-01-13 20:00:00,2022,1,13,20,0,75,75104,BOULEVARD BOURDON,48.852882,2.368423,Nuit avec éclairage allumé,En agglomération,Intersection en Y,Normale,Trois véhicules et plus - en chaîne,4,2,4,0,1,2,1,0,1,30,4,4,3,0,0,1,43.0,23.0,deux_roues,voiture,5,2,4,1,4
202200040106,2022-12-05 08:30:00,2022,12,5,8,30,78,78418,GABRIEL PERI (AVENUE),48.92839,2.14228,Crépuscule ou aube,En agglomération,Autre intersection,Pluie légère,Deux véhicules - côté,3,3,2,0,1,1,2,0,4,50,2,2,1,0,0,1,23.0,38.0,voiture,deux_roues,2,2,9,2,3
202200040107,2022-09-12 11:50:00,2022,9,12,11,50,69,69389,Rue Marietton,45.77593,4.79534,Plein jour,En agglomération,Intersection en T,Normale,Deux véhicules - côté,4,2,3,0,1,1,1,0,1,30,2,2,1,0,0,1,18.0,29.0,voiture,deux_roues,1,2,3,1,3
202200040108,2022-01-13 20:00:00,2022,1,13,20,0,94,94080,Rue Jules Massenet,48.84768,2.4527,Nuit avec éclairage allumé,En agglomération,Intersection en X,Normale,Autre collision,4,2,0,0,1,1,1,0,1,50,1,2,1,0,1,0,75.0,,voiture,,5,2,2,1,6
202200040109,2022-12-05 09:10:00,2022,12,5,9,10,77,77083,GENERAL DE  GAULLE (AVENUE DU),48.8519,2.59829,Plein jour,En agglomération,Intersection en T,Pluie légère,Autre collision,4,2,2,0,2,1,2,5,1,50,1,2,1,0,0,1,55.0,,voiture,,1,2,3,2,6
202200040110,2022-01-14 16:50:00,2022,1,14,16,50,94,94081,Rue Louise Aglaë Cretté,48.800932,2.395993,Plein jour,En agglomération,Hors intersection,Normale,Autre collision,4,2,2,0,1,1,1,0,1,30,1,2,1,0,1,0,54.0,,voiture,,1,2,1,1,6
202200040111,2022-12-05 08:30:00,2022,12,5,8,30,77,77243,Boulevard du General de Gaulle,48.87401,2.70241,Crépuscule ou aube,En agglomération,Hors intersection,Neige / grêle,Autre collision,4,2,2,0,1,1,2,0,1,50,1,2,1,0,0,1,66.0,,voiture,,2,2,1,4,6
202200040112,2022-01-14 13:10:00,2022,1,14,13,10,94,94041,Rue Maurice Gunsbourg,48.81261,2.40542,Plein jour,En agglomération,Intersection en T,Normale,Deux véhicules - côté,3,2,1,-1,1,1,1,0,1,50,2,2,1,0,0,1,33.0,35.0,deux_roues,voiture,1,2,3,1,3
202200040113,2022-09-26 07:55:00,2022,9,26,7,55,971,97113,RN4 - SECTION RIVIERA,16.20913,-61.47104,Plein jour,En agglomération,Intersection en T,Pluie légère,Deux véhicules - frontale,2,2,2,0,1,1,2,0,1,50,2,3,1,0,0,2,36.0,65.0,deux_roues,voiture,1,2,3,2,1
202200040114,2022-12-05 18:00:00,2022,12,5,18,0,76,76322,N338 - Sud 3,49.4125,1.0419,Nuit avec éclairage allumé,Hors agglomération,Hors intersection,Normale,Deux véhicules - arrière,2,3,5,0,1,1,1,3,1,90,2,2,1,0,0,1,32.0,47.0,voiture,utilitaire_camion,5,1,1,1,2
202200040115,2022-01-14 12:00:00,2022,1,14,12,0,94,94071,82 Rue de Noiseau,48.775785,2.533479,Plein jour,En agglomération,Hors intersection,Normale,Deux véhicules - arrière,3,2,2,0,2,1,1,0,1,50,2,2,1,0,0,1,26.0,59.0,voiture,voiture,1,2,1,1,2
202200040116,2022-12-02 14:50:00,2022,12,2,14,50,71,71105,COUPEE (GRANDE-RUE DE LA),46.30902,4.81585,Plein jour,En agglomération,Hors intersection,Normale,Autre collision,4,-1,2,0,1,1,1,0,1,50,1,2,1,0,1,0,79.0,,voiture,,1,2,1,1,6
202200040117,2022-01-13 11:30:00,2022,1,13,11,30,93,93066,CROISAT AMBROISE RD 29 BIS,48.9324691517,2.3488059302,Plein jour,En agglomération,Hors intersection,Temps couvert,Deux véhicules - arrière,3,2,2,0,1,1,1,1,1,50,2,3,2,0,0,1,57.0,50.0,deux_roues,voiture,1,2,1,8,2
202200040118,2022-12-05 17:45:00,2022,12,5,17,45,69,69266,52 Avenue Antoine de Saint-Exupéry,45.75801,4.88157,Nuit sans éclairage public,En agglomération,Hors intersection,Normale,Autre collision,4,2,2,2,1,1,1,0,1,50,1,2,1,0,0,1,25.0,,voiture,,3,2,1,1,6
202200040119,2022-01-14 07:08:00,2022,1,14,7,8,93,93064,JAURES (AVENUE JEAN),48.8667954932,2.4868655909,Nuit avec éclairage allumé,En agglomération,Hors intersection,Normale,Autre collision,3,2,2,0,1,1,1,0,1,50,1,2,1,0,0,1,54.0,,utilitaire_camion,,5,2,1,1,6
202200040120,2022-09-25 08:00:00,2022,9,25,8,0,971,97101,Frédéric JALTON,16.27625,-61.50159,Plein jour,En agglomération,Intersection en X,Normale,Deux véhicules - côté,2,2,2,0,1,1,1,5,1,50,2,4,2,0,0,2,33.0,24.0,voiture,deux_roues,1,2,2,1,3
202200040121,2022-12-05 15:50:00,2022,12,5,15,50,69,69264,Rue Gantillon,45.99312,4.72144,Plein jour,En agglomération,Intersection en Y,Normale,Deux véhicules - frontale,4,2,2,0,1,1,1,9,1,50,2,3,2,0,0,1,16.0,47.0,deux_roues,voiture,1,2,4,1,1
202200040122,2022-01-14 20:40:00,2022,1,14,20,40,93,93047,JEAN JAURES (AVENUE),48.89837,2.55324,Nuit avec éclairage allumé,En agglomération,Hors intersection,Normale,Autre collision,3,2,2,1,1,1,1,0,1,50,1,2,1,0,0,1,60.0,,voiture,,5,2,1,1,6
202200040123,2022-12-05 06:10:00,2022,12,5,6,10,69,69259,Boulevard Laurent Bonnevay ,45.71912,4.87698,Nuit avec éclairage allumé,En agglomération,Hors intersection,Brouillard / fumée,Autre collision,7,3,11,0,1,1,7,0,1,70,1,2,0,0,0,2,44.0,,voiture,,5,2,1,5,6
202200040124,2022-09-26 09:05:00,2022,9,26,9,5,2A,2A004,MEZZAVIA ROUTE DE,41.94756,8.76341,Plein jour,En agglomération,Intersection en T,Normale,Autre collision,2,2,2,0,2,1,1,0,1,50,1,2,1,0,0,1,73.0,,voiture,,1,2,3,1,6
202200040125,2022-01-14 16:00:00,2022,1,14,16,0,93,93071,SAVIGNY (CHEMIN DE),48.9420518788,2.5206211209,Plein jour,En agglomération,Intersection en X,Normale,Autre collision,4,2,4,0,1,1,1,0,1,50,2,2,1,0,0,1,22.0,,voiture,voiture,1,2,2,1,6
202200040126,2022-01-14 15:45:00,2022,1,14,15,45,92,92078,VIEUX CHEMIN DE ST DENIS (AVENUE),48.9287278104,2.3299303651,Plein jour,Hors agglomération,Hors intersection,Normale,Deux véhicules - arrière,4,-1,2,0,1,1,1,0,1,50,2,3,2,0,0,1,58.0,25.0,voiture,voiture,1,1,1,1,2
202200040127,2022-09-25 12:30:00,2022,9,25,12,30,95,95277,rue michelet,49.004472,2.420352,Plein jour,En agglomération,Hors intersection,Normale,Deux véhicules - frontale,4,2,2,0,1,1,1,0,1,30,2,3,0,0,2,1,26.0,18.0,voiture,deux_roues,1,2,1,1,1
202200040128,2022-01-14 15:55:00,2022,1,14,15,55,92,92064,MARCEL DASSAULT,48.8594399328,2.2241726071,Plein jour,En agglomération,Hors intersection,Normale,Deux véhicules - côté,3,2,2,0,1,1,1,0,1,50,2,2,1,0,0,1,29.0,36.0,deux_roues,voiture,1,2,1,1,3
202200040129,2022-12-05 05:45:00,2022,12,5,5,45,69,69259,Boulevard Laurent Bonnevay,45.71905,4.87527,Nuit avec éclairage allumé,En agglomération,Hors intersection,Brouillard / fumée,Trois véhicules et plus - collisions multiples,7,3,11,0,1,1,7,0,1,70,6,6,4,0,0,2,55.0,43.0,voiture,voiture,5,2,1,5,5
202200040130,2022-12-05 08:30:00,2022,12,5,8,30,69,69259,Boulevard de Jodino,45.69259,4.88738,Plein jour,En agglomération,Hors intersection,Brouillard / fumée,Sans collision,4,3,2,0,1,1,7,0,1,50,1,1,0,0,0,1,50.0,,deux_roues,,1,2,1,5,7
202200040131,2022-01-14 04:08:00,2022,1,14,4,8,92,92064,CARNOT,48.846081,2.223916,Nuit avec éclairage allumé,En agglomération,Hors intersection,Temps couvert,Sans collision,3,1,4,0,1,1,2,2,1,50,1,1,0,0,1,0,40.0,,deux_roues,,5,2,1,8,7
202200040132,2022-12-05 12:00:00,2022,12,5,12,0,67,67482,LOUIS PASTEUR (QUAI),48.57426,7.73994,Plein jour,En agglomération,Hors intersection,Normale,Deux véhicules - arrière,4,2,4,3,1,1,1,9,1,50,2,2,1,0,0,1,91.0,74.0,deux_roues,voiture,1,2,1,1,2
202200040133,2022-09-25 14:00:00,2022,9,25,14,0,91,91552,RUE DE CHANTELOUP,48.595852,2.254858,Plein jour,En agglomération,Hors intersection,Normale,Autre collision,4,-1,2,0,2,2,1,0,4,50,1,3,1,0,0,2,53.0,,voiture,,1,2,1,1,6
202200040134,2022-01-14 13:10:00,2022,1,14,13,10,92,92050,PROVINCES FRANCAISES BD DES,48.8989324105,2.2137236595,Plein jour,En agglomération,Intersection en X,Normale,Deux véhicules - arrière,4,2,0,1,1,1,1,0,1,50,2,2,1,0,0,1,29.0,53.0,deux_roues,voiture,1,2,2,1,2
202200040135,2022-12-04 04:50:00,2022,12,4,4,50,67,67043,GUIRBADEN (RUE DU),48.617,7.76449,Nuit avec éclairage allumé,En agglomération,Hors intersection,Normale,Autre collision,4,3,4,3,1,1,1,0,6,50,1,2,0,0,0,2,32.0,,voiture,,5,2,1,1,6
202200040136,2022-01-12 11:20:00,2022,1,12,11,20,92,92036,PIERRE DE COUBERTIN PROLONGE,48.9343270323,2.2808940858,Plein jour,En agglomération,Hors intersection,Normale,Deux véhicules - arrière,3,2,5,0,1,1,1,0,1,50,2,3,1,0,0,2,32.0,39.0,utilitaire_camion,utilitaire_camion,1,2,1,1,2
202200040137,2022-09-25 00:10:00,2022,9,25,0,10,91,91631,RUE BOIELDIEU,48.68349,2.54524,Nuit avec éclairage allumé,En agglomération,Hors intersection,Normale,Deux véhicules - arrière,4,2,2,0,2,1,1,0,1,50,2,3,2,0,0,1,26.0,24.0,voiture,voiture,5,2,1,1,2
202200040138,2022-12-03 19:56:00,2022,12,3,19,56,66,66136,,42.72563,2.88092,Nuit avec éclairage allumé,En agglomération,Intersection en T,Normale,Deux véhicules - côté,4,2,2,0,1,1,1,0,1,50,2,4,1,0,0,3,22.0,36.0,voiture,voiture,5,2,3,1,3
202200040139,2022-01-14 00:00:00,2022,1,14,0,0,92,92023,GENERAL DE GAULLE (AVENUE DU),48.7900618848,2.26296781,Nuit avec éclairage allumé,En agglomération,Intersection en T,Normale,Deux véhicules - côté,3,2,2,0,1,1,1,0,1,50,2,2,1,0,0,1,36.0,38.0,voiture,voiture,5,2,3,1,3
202200040140,2022-12-05 17:15:00,2022,12,5,17,15,64,64024,parking BAB 2,43.48498,-1.50328,Nuit avec éclairage allumé,En agglomération,Hors intersection,Normale,Autre collision,6,-1,0,0,1,1,1,0,1,50,1,2,1,0,0,1,83.0,,voiture,,5,2,1,1,6
202200040141,2022-01-07 15:15:00,2022,1,7,15,15,92,92004,CONCORDE ( RUE DE LA ),48.9125014419,2.2906655073,Plein jour,En agglomération,Hors intersection,Normale,Autre collision,4,2,0,0,1,1,1,0,1,50,1,2,1,0,0,1,16.0,,deux_roues,,1,2,1,1,6
202200040142,2022-12-05 08:45:00,2022,12,5,8,45,64,64102,Avenue Raymond de Martres,43.484564,-1.482651,Plein jour,En agglomération,Hors intersection,Normale,Deux véhicules - côté,4,2,2,0,1,1,1,0,1,50,2,2,1,0,0,1,17.0,37.0,deux_roues,voiture,1,2,1,1,3
202200040143,2022-09-25 06:00:00,2022,9,25,6,0,91,91667,CORBEIL (ROUTE DE),48.65858,2.33977,Nuit avec éclairage allumé,En agglomération,Intersection en X,Normale,Deux véhicules - côté,4,2,2,0,1,1,2,0,1,50,2,3,2,0,0,1,25.0,49.0,voiture,voiture,5,2,2,1,3
202200040144,2022-12-05 00:25:00,2022,12,5,0,25,64,64024,BAYONNE (AVENUE DE),43.48072,-1.514,Nuit avec éclairage allumé,En agglomération,Hors intersection,Normale,Sans collision,3,3,4,0,1,1,1,0,1,50,1,1,0,0,0,1,46.0,,deux_roues,,5,2,1,1,7
202200040145,2022-09-24 19:55:00,2022,9,24,19,55,91,91223,GUINETTE (PROMENADE DE),48.434973,2.15487,Nuit avec éclairage allumé,En agglomération,Hors intersection,Pluie légère,Sans collision,4,2,2,3,1,1,2,0,8,50,1,1,0,0,1,0,58.0,,voiture,,5,2,1,2,7
202200040146,2022-01-15 13:55:00,2022,1,15,13,55,26,26355,D112,45.088634,5.115713,Plein jour,Hors agglomération,Intersection en X,Normale,Deux véhicules - côté,3,2,2,0,1,1,1,0,1,80,2,2,1,0,1,0,60.0,31.0,voiture,voiture,1,1,2,1,3
202200040147,2022-12-04 05:00:00,2022,12,4,5,0,63,63113,Eminée / Ernest Cristal,45.75903,3.14442,Nuit sans éclairage public,En agglomération,Intersection en X,Normale,Deux véhicules - côté,7,3,4,0,1,1,2,0,1,50,2,2,1,0,0,1,65.0,,voiture,voiture,3,2,2,1,3
202200040148,2022-01-14 18:20:00,2022,1,14,18,20,22,22094,Rue Charles de Gaulle,48.608941,-2.147784,Nuit avec éclairage allumé,En agglomération,Intersection en X,Normale,Deux véhicules - côté,3,2,2,0,1,1,1,0,1,50,2,2,1,0,1,0,51.0,40.0,voiture,deux_roues,5,2,2,1,3
202200040149,2022-11-29 11:51:00,2022,11,29,11,51,63,63113,SABLON (COURS) /Alboise,45.77443,3.09004,Plein jour,En agglomération,Intersection en T,Normale,Deux véhicules - côté,4,2,4,0,1,1,1,0,1,50,2,2,1,0,0,1,33.0,61.0,voiture,voiture,1,2,3,1,3
202200040150,2022-01-14 18:30:00,2022,1,14,18,30,28,28380,D939,48.413814,1.585507,Nuit sans éclairage public,Hors agglomération,Intersection en Y,Brouillard / fumée,Deux véhicules - frontale,3,2,2,0,1,1,1,0,1,80,2,2,1,0,1,0,38.0,84.0,voiture,voiture,3,1,4,5,1
202200040151,2022-09-24 15:41:00,2022,9,24,15,41,87,87085,MAS-GIGOU (RUE DU),45.86485,1.26036,Plein jour,En agglomération,Hors intersection,Pluie forte,Trois véhicules et plus - en chaîne,4,2,2,0,1,1,2,0,1,50,4,4,3,0,0,1,49.0,60.0,voiture,voiture,1,2,1,3,4
202200040152,2022-10-30 20:00:00,2022,10,30,20,0,62,62004,Route de Bapaume,50.2746053274,2.7832918167,Nuit avec éclairage allumé,En agglomération,Hors intersection,Normale,Deux véhicules - côté,4,2,2,1,1,1,1,0,1,50,2,2,1,0,1,0,21.0,16.0,voiture,deux_roues,5,2,1,1,3
202200040153,2022-01-15 05:35:00,2022,1,15,5,35,67,67423,Rue Principale,48.707028,7.512342,Nuit avec éclairage allumé,En agglomération,Intersection en X,Brouillard / fumée,Autre collision,3,2,2,0,2,3,7,0,4,50,1,1,0,0,0,1,40.0,,transport_commun,,5,2,2,5,6
202200040154,2022-01-13 15:35:00,2022,1,13,15,35,22,22193,RN12,48.4240116652,-2.4541872047,Plein jour,Hors agglomération,Hors intersection,Normale,Autre collision,2,3,4,0,1,1,1,8,1,110,1,1,0,0,0,1,72.0,,utilitaire_camion,,1,1,1,1,6
202200040155,2022-12-05 12:55:00,2022,12,5,12,55,61,61001,GUILLAUME LE CONQUERANT (RUE),48.4165,0.09257,Plein jour,En agglomération,Hors intersection,Normale,Deux véhicules - arrière,4,2,2,0,1,1,1,0,1,30,2,4,3,0,0,1,39.0,31.0,voiture,voiture,1,2,1,1,2
202200040156,2022-09-09 19:19:00,2022,9,9,19,19,87,87085,DUMAS (AVENUE GEORGES),45.82668,1.26404,Plein jour,En agglomération,Hors intersection,Normale,Trois véhicules et plus - en chaîne,4,2,2,0,2,1,1,0,1,50,3,3,1,0,0,2,57.0,39.0,voiture,voiture,1,2,1,1,4
202200040157,2022-12-02 16:55:00,2022,12,2,16,55,57,57283,CROIZAT (RUE AMBROISE),49.24657,6.16696,Nuit avec éclairage allumé,En agglomération,Hors intersection,Pluie légère,Deux véhicules - côté,4,2,2,0,1,1,2,0,1,30,1,2,1,0,0,1,23.0,,utilitaire_camion,,5,2,1,2,3
202200040158,2022-12-05 22:00:00,2022,12,5,22,0,57,57660,NATIONALE(RUE)R.SCHOENECK A LIMITE CIRCO,49.20172,6.94498,Nuit avec éclairage allumé,En agglomération,Hors intersection,Normale,Autre collision,3,2,2,0,3,1,2,0,1,50,1,2,1,1,0,0,30.0,,voiture,,5,2,1,1,6
202200040159,2022-01-15 12:00:00,2022,1,15,12,0,22,22034,"RD 767, PR 43+863, sens LANNION-GUINGAMP, lieu-dit rumilio",48.6751360003,-3.3534264565,Plein jour,Hors agglomération,Hors intersection,Normale,Sans collision,3,3,4,0,1,1,1,0,1,110,2,2,1,1,0,0,21.0,24.0,deux_roues,deux_roues,1,1,1,1,7
202200040160,2022-09-09 02:30:00,2022,9,9,2,30,87,87085,BANCS (PLACE DES),45.82951,1.25806,Nuit avec éclairage allumé,En agglomération,Hors intersection,Normale,Sans collision,4,2,1,0,1,1,2,0,1,30,1,1,0,0,0,1,24.0,,deux_roues,,5,2,1,1,7
202200040161,2022-12-02 23:36:00,2022,12,2,23,36,56,56121,11 Quai des Indes,47.7459,-3.36037,Nuit avec éclairage allumé,En agglomération,Intersection en X,Normale,Autre collision,4,2,2,0,1,1,1,0,1,30,1,2,1,0,0,1,19.0,,voiture,,5,2,2,1,6
202200040162,2022-09-26 15:30:00,2022,9,26,15,30,83,83144,SAINTE CECILE (AVE DE),43.14119,5.98307,Plein jour,En agglomération,Hors intersection,Normale,Deux véhicules - côté,4,-1,2,0,2,1,1,0,1,50,2,2,1,0,1,0,17.0,32.0,deux_roues,voiture,1,2,1,1,3
202200040163,2022-12-05 16:27:00,2022,12,5,16,27,54,54323,520 (ROUTE DEPARTEMENTALE),49.51175,5.77733,Crépuscule ou aube,Hors agglomération,Hors intersection,Pluie légère,Autre collision,3,2,3,0,2,2,2,0,1,80,3,3,0,0,0,3,25.0,20.0,voiture,voiture,2,1,1,2,6