accident_id,datetime,annee,mois,jour,heure,minute,departement,commune_insee,adresse,latitude,longitude,luminosite,agglomeration,intersection,meteo,collision,catr,circ,nbv,vosp,prof,plan,surf,infra,situ,vma,nb_vehicules,nb_usagers,nb_indemnes,nb_tues,nb_blesses_hosp,nb_blesses_legers,age_cond_1,age_cond_2,veh_type_cond_1,veh_type_cond_2,lum_code,agg_code,int_code,atm_code,col_code
202200040256,2022-12-04 04:00:00,2022,12,4,4,0,33,33063,Rue Léo Saignat,44.8268787868,-0.5963671803,Nuit avec éclairage allumé,En agglomération,Giratoire,Normale,Autre collision,4,2,2,0,2,1,1,0,1,50,1,1,0,0,1,0,31.0,,deux_roues,,5,2,6,1,6
202200040257,2022-07-13 18:00:00,2022,7,13,18,0,77,77307,RUE DE ROME,48.85745,2.75544,Plein jour,En agglomération,Hors intersection,Normale,Deux véhicules - côté,4,2,2,0,1,1,1,0,1,50,2,2,1,0,1,0,,34.0,voiture,deux_roues,1,2,1,1,3
202200040258,2022-12-04 09:35:00,2022,12,4,9,35,30,30007,SILHOL (MONTEE),44.1258,4.0922,Plein jour,En agglomération,Intersection en X,Normale,Deux véhicules - côté,4,2,2,0,2,1,1,0,1,50,2,2,1,0,0,1,68.0,18.0,voiture,deux_roues,1,2,2,1,3
202200040259,2022-12-04 19:15:00,2022,12,4,19,15,25,25056,DOLE RUE DE (inf 82),47.231541,5.998114,Nuit avec éclairage allumé,En agglomération,Hors intersection,Normale,Autre collision,4,1,0,3,1,1,1,0,8,10,1,2,1,0,0,1,33.0,,voiture,,5,2,1,1,6
202200040260,2022-07-12 19:10:00,2022,7,12,19,10,76,76447,E0489A4,49.53163,0.18588,Plein jour,Hors agglomération,Hors intersection,Normale,Sans collision,3,3,4,0,1,1,1,0,1,70,1,1,0,0,0,1,61.0,,deux_roues,,1,1,1,1,7
202200040261,2022-12-04 14:20:00,2022,12,4,14,20,14,14715,Boulevard Fernand Moureaux,49.36314,0.08413,Plein jour,En agglomération,Hors intersection,Temps couvert,Sans collision,4,-1,0,0,1,1,1,6,4,10,1,2,1,0,1,0,43.0,,utilitaire_camion,,1,2,1,8,7
202200040262,2022-12-03 14:20:00,2022,12,3,14,20,13,13203,BUREL (BOULEVARD ET PLACE),43.31467,5.38788,Plein jour,En agglomération,Hors intersection,Pluie légère,Sans collision,3,1,2,0,1,1,2,0,4,50,1,1,0,0,0,1,59.0,,voiture,,1,2,1,2,7
202200040263,2022-07-12 02:10:00,2022,7,12,2,10,76,76351,PONT ROUGE,49.48783,0.1849,Nuit avec éclairage allumé,En agglomération,Hors intersection,Normale,Autre collision,4,2,2,0,1,1,1,2,3,50,1,1,0,0,0,1,27.0,,voiture,,5,2,1,1,6
202200040264,2022-12-05 00:15:00,2022,12,5,0,15,06,06088,REINE-JEANNE (R.),43.70577,7.26222,Nuit avec éclairage allumé,En agglomération,Intersection en X,Pluie légère,Deux véhicules - côté,4,1,2,0,2,1,2,0,8,50,2,2,1,0,0,1,45.0,18.0,voiture,voiture,5,2,2,2,3
202200040265,2022-12-04 23:20:00,2022,12,4,23,20,06,06069,DE LATTRE DE TASSIGNY (AVENUE DU MARECHA,43.648,6.928,Nuit avec éclairage allumé,En agglomération,Hors intersection,Pluie forte,Autre collision,4,2,2,0,2,2,2,0,1,50,1,2,1,0,0,1,17.0,,voiture,,5,2,1,3,6
202200040266,2022-12-04 12:45:00,2022,12,4,12,45,06,06069,DRAGUIGNAN (ROUTE DE) - D2562-,43.64448,6.89968,Plein jour,En agglomération,Hors intersection,Pluie légère,Autre collision,3,3,2,0,1,1,2,0,1,50,1,4,3,0,0,1,41.0,,utilitaire_camion,,1,2,1,2,6
202200040267,2022-07-13 19:10:00,2022,7,13,19,10,74,74012,SALEVE (RUE DU),46.1904,6.2328,Plein jour,En agglomération,Giratoire,Normale,Autre collision,4,2,2,0,1,4,1,0,1,50,1,2,1,0,0,1,38.0,,voiture,,1,2,6,1,6
202200040268,2022-12-04 06:15:00,2022,12,4,6,15,75,75117,PORTE DE CLICHY,48.896912,2.311243,Nuit avec éclairage allumé,En agglomération,Intersection en Y,Normale,Deux véhicules - arrière,4,1,4,0,1,1,1,0,1,70,2,2,1,0,0,1,,63.0,voiture,voiture,5,2,4,1,2
202200040269,2022-12-05 16:10:00,2022,12,5,16,10,75,75106,RUE D ASSAS,48.847817,2.329573,Plein jour,En agglomération,Intersection en X,Temps couvert,Autre collision,4,2,2,2,1,1,1,0,1,30,1,2,1,0,0,1,54.0,,voiture,,1,2,2,8,6
202200040270,2022-12-04 22:00:00,2022,12,4,22,0,75,75120,AVENUE CARTELLIER,48.8640748093,2.4137493968,Nuit avec éclairage allumé,En agglomération,Intersection en Y,Pluie légère,Autre collision,4,1,1,0,1,1,2,0,1,30,1,2,1,0,0,1,18.0,,voiture,,5,2,4,2,6
202200040271,2022-07-13 13:50:00,2022,7,13,13,50,71,71270,LILAS (RUE DES),46.30977,4.82686,Plein jour,En agglomération,Intersection en X,Normale,Deux véhicules - côté,4,-1,1,0,1,1,1,0,1,50,2,3,0,0,0,3,19.0,47.0,voiture,voiture,1,2,2,1,3
202200040272,2022-12-05 07:45:00,2022,12,5,7,45,75,75119,AVENUE DE FLANDRE,48.887893,2.373517,Nuit avec éclairage allumé,En agglomération,Intersection en T,Pluie légère,Deux véhicules - côté,4,2,6,1,1,1,2,0,1,30,2,2,1,0,0,1,29.0,25.0,deux_roues,voiture,5,2,3,2,3
202200040273,2022-12-05 07:45:00,2022,12,5,7,45,75,75117,AVENUE DE LA PORTE D ASNIERES,48.892327,2.301089,Crépuscule ou aube,En agglomération,Intersection en X,Pluie légère,Deux véhicules - arrière,4,2,2,3,1,1,2,0,1,30,2,2,1,0,0,1,37.0,43.0,voiture,deux_roues,2,2,2,2,2
202200040274,2022-07-13 22:40:00,2022,7,13,22,40,69,69266,Avenue Roger Salengro,45.77922,4.88108,Nuit avec éclairage allumé,En agglomération,Intersection en T,Normale,Deux véhicules - côté,4,2,2,0,1,1,1,0,4,50,2,3,1,0,0,2,24.0,56.0,deux_roues,voiture,5,2,3,1,3
202200040275,2022-12-05 17:30:00,2022,12,5,17,30,75,75116,AVENUE D IENA,48.870579,2.295746,Nuit avec éclairage allumé,En agglomération,Intersection en X,Normale,Autre collision,4,2,2,0,1,1,1,0,1,30,1,2,1,0,0,1,33.0,,deux_roues,,5,2,2,1,6
202200040276,2022-12-04 21:00:00,2022,12,4,21,0,75,75116,ROUTE DES LACS A PASSY,48.858192,2.261946,Nuit avec éclairage allumé,En agglomération,Intersection en Y,Pluie légère,Deux véhicules - côté,4,2,3,0,1,1,2,0,1,30,2,2,1,0,0,1,,27.0,voiture,deux_roues,5,2,4,2,3
202200040277,2022-07-13 12:50:00,2022,7,13,12,50,69,69266,Route de Genas,45.7543262589,4.8839686811,Plein jour,En agglomération,Intersection en T,Temps éblouissant,Deux véhicules - côté,4,2,2,0,1,1,1,0,1,50,2,2,1,0,0,1,62.0,27.0,voiture,autre,1,2,3,7,3
202200040278,2022-12-04 03:40:00,2022,12,4,3,40,75,75115,QUAI DE GRENELLE,48.854431,2.288681,Nuit avec éclairage allumé,En agglomération,Intersection en X,Normale,Deux véhicules - côté,4,2,2,0,1,1,1,0,1,30,2,3,1,0,0,2,25.0,27.0,voiture,voiture,5,2,2,1,3
202200040279,2022-07-12 04:20:00,2022,7,12,4,20,69,69264,Avenue Theodore Braun,45.98081,4.74022,Nuit avec éclairage allumé,En agglomération,Hors intersection,Normale,Autre collision,3,2,3,0,1,1,1,0,1,70,1,2,1,1,0,0,61.0,,voiture,,5,2,1,1,6
202200040280,2022-12-05 09:20:00,2022,12,5,9,20,75,75114,BOULEVARD JOURDAN,48.819682,2.341618,Plein jour,En agglomération,Intersection en T,Temps couvert,Deux véhicules - côté,4,3, -1,3,1,1,2,0,6,50,2,2,1,0,0,1,29.0,53.0,deux_roues,transport_commun,1,2,3,8,3
202200040281,2022-12-05 07:40:00,2022,12,5,7,40,75,75113,RUE NATIONALE,48.821703,2.369378,Nuit avec éclairage allumé,En agglomération,Intersection à plus de 4 branches,Normale,Autre collision,4,1,1,0,1,1,2,6,1,30,1,2,1,0,0,1,49.0,,voiture,,5,2,5,1,6
202200040282,2022-07-12 22:37:00,2022,7,12,22,37,66,66136,ZOLA (EMILE),42.69809,2.89855,Nuit avec éclairage allumé,En agglomération,Hors intersection,Normale,Autre collision,4,1,1,0,1,1,1,0,1,30,1,2,1,0,0,1,36.0,,deux_roues,,5,2,1,1,6
202200040283,2022-12-05 07:00:00,2022,12,5,7,0,75,75112,QUAI DE LA RAPEE,48.84343,2.370781,Crépuscule ou aube,En agglomération,Intersection en X,Pluie légère,Autre collision,4,1,3,0,1,1,2,0,1,30,1,2,1,0,0,1,33.0,,voiture,,2,2,2,2,6
202200040284,2022-07-08 20:30:00,2022,7,8,20,30,64,64483,Avenue André Ithurralde,43.3961,-1.6464,Plein jour,En agglomération,Hors intersection,Normale,Deux véhicules - côté,3,2,2,0,1,1,1,0,1,50,2,2,1,0,0,1,35.0,26.0,voiture,deux_roues,1,2,1,1,3
202200040285,2022-12-05 15:50:00,2022,12,5,15,50,75,75111,RUE DU CHEMIN VERT,48.85916,2.374968,Plein jour,En agglomération,Intersection en T,Normale,Deux véhicules - frontale,4,1,2,0,2,1,1,0,5,30,2,2,1,0,0,1,,32.0,deux_roues,deux_roues,1,2,3,1,1
202200040286,2022-12-05 07:30:00,2022,12,5,7,30,75,75112,RUE DE REUILLY,48.842567,2.392283,Nuit avec éclairage allumé,En agglomération,Hors intersection,Pluie légère,Deux véhicules - côté,4,3,2,0,1,1,2,0,1,30,2,2,1,0,0,1,48.0,48.0,voiture,deux_roues,5,2,1,2,3
202200040287,2022-07-13 18:15:00,2022,7,13,18,15,64,64445,ALSACE LORRAINE D',43.30515,-0.37265,Plein jour,En agglomération,Intersection en X,Normale,Deux véhicules - côté,4,2,2,0,1,1,1,0,1,50,2,2,1,0,0,1,20.0,66.0,deux_roues,voiture,1,2,2,1,3
202200040288,2022-12-05 13:45:00,2022,12,5,13,45,75,75109,PLACE DE L OPERA,48.871149,2.332342,Plein jour,En agglomération,Intersection en T,Temps couvert,Deux véhicules - côté,4,1,2,0,1,1,2,0,1,30,2,3,1,0,0,2,50.0,35.0,voiture,deux_roues,1,2,3,8,3
202200040289,2022-12-05 14:00:00,2022,12,5,14,0,75,75108,BOULEVARD DES BATIGNOLLES,48.882237,2.320288,Plein jour,En agglomération,Intersection en X,Temps couvert,Deux véhicules - côté,4,1,2,0,1,1,2,0,1,30,2,2,1,0,0,1,28.0,31.0,utilitaire_camion,deux_roues,1,2,2,8,3
202200040290,2022-07-12 17:02:00,2022,7,12,17,2,63,63113,PRE LA REINE (RUE DU),45.78417,3.11473,Plein jour,En agglomération,Hors intersection,Normale,Deux véhicules - frontale,4,2,2,0,1,1,1,0,1,50,2,2,1,0,0,1,49.0,27.0,deux_roues,voiture,1,2,1,1,1
202200040291,2022-07-13 21:00:00,2022,7,13,21,0,61,61001,MASSON (PLACE),48.43,0.08482,Plein jour,En agglomération,Hors intersection,Normale,Autre collision,4,2,2,0,1,1,1,0,1,30,1,2,0,0,0,2,18.0,,deux_roues,,1,2,1,1,6
202200040292,2022-12-05 10:30:00,2022,12,5,10,30,75,75108,RUE DE COURCELLES,48.876388,2.307886,Plein jour,En agglomération,Intersection à plus de 4 branches,Normale,Deux véhicules - côté,4,1,1,0,2,1,2,0,1,30,2,2,1,0,0,1,54.0,25.0,utilitaire_camion,deux_roues,1,2,5,1,3
202200040293,2022-07-12 19:55:00,2022,7,12,19,55,60,60414,Rue Voltaire,49.25843,2.42774,Plein jour,En agglomération,Autre intersection,Normale,Autre collision,4,2,2,0,1,1,1,0,1,50,1,2,1,0,1,0,60.0,,voiture,,1,2,9,1,6
202200040294,2022-12-04 15:37:00,2022,12,4,15,37,75,75107,PONT ROYAL,48.860126,2.329929,Plein jour,En agglomération,Hors intersection,Normale,Autre collision,4,2,2,0,1,1,1,2,1,30,1,2,1,0,0,1,49.0,,deux_roues,,1,2,1,1,6
202200040295,2022-12-05 07:05:00,2022,12,5,7,5,94,94074,Rue du Colonel Fabien,48.74154,2.4746,Crépuscule ou aube,En agglomération,Intersection en Y,Pluie légère,Autre collision,3,2,2,0,1,1,2,0,1,50,1,2,1,0,0,1,71.0,,voiture,,2,2,4,2,6
202200040296,2022-07-13 16:58:00,2022,7,13,16,58,59,59350,DUNKERQUE AVENUE DE,50.63036,3.03496,Plein jour,En agglomération,Intersection en X,Normale,Deux véhicules - côté,7,-1, -1,1,1,1,1,0,1,50,2,2,1,0,0,1,,59.0,utilitaire_camion,deux_roues,1,2,2,1,3
202200040297,2022-11-30 09:40:00,2022,11,30,9,40,94,94058,LEDRU ROLLIN (AV),48.84241,2.502145,Plein jour,En agglomération,Hors intersection,Normale,Deux véhicules - côté,3,2,2,0,1,1,1,0,1,50,2,2,1,0,0,1,83.0,24.0,voiture,deux_roues,1,2,1,1,3
202200040298,2022-11-27 05:35:00,2022,11,27,5,35,94,94052,PONT DE NOGENT,48.8324763639,2.4930703639,Nuit avec éclairage allumé,En agglomération,Hors intersection,Pluie légère,Sans collision,2,1,2,0,2,1,2,2,4,50,1,2,0,0,0,2,32.0,,voiture,,5,2,1,2,7
202200040299,2022-12-05 08:00:00,2022,12,5,8,0,94,94041,GARE (R DE LA),48.8147,2.39174,Nuit avec éclairage allumé,En agglomération,Hors intersection,Pluie légère,Autre collision,3,1,1,0,1,2,2,0,1,50,1,2,1,0,0,1,20.0,,voiture,,5,2,1,2,6
202200040300,2022-07-12 22:35:00,2022,7,12,22,35,59,59183,SAINTE BARBE - BOULEVARD,51.0346655488,2.3860059679,Nuit avec éclairage allumé,En agglomération,Intersection en X,Normale,Autre collision,3,2,2,0,1,1,1,9,1,50,1,3,2,1,0,0,22.0,,voiture,,5,2,2,1,6
202200040301,2022-12-04 23:42:00,2022,12,4,23,42,94,94041,Avenue de la République,48.8051,2.3942,Nuit avec éclairage allumé,En agglomération,Hors intersection,Pluie légère,Trois véhicules et plus - en chaîne,4,3,2,0,1,1,2,0,1,50,3,3,1,0,0,2,21.0,31.0,deux_roues,deux_roues,5,2,1,2,4
202200040302,2022-07-09 13:00:00,2022,7,9,13,0,59,59569,RD 500,50.3761259264,3.1265196204,Plein jour,Hors agglomération,Hors intersection,Normale,Deux véhicules - frontale,3,2,2,0,1,1,1,0,1,80,2,3,0,0,2,1,39.0,25.0,voiture,voiture,1,1,1,1,1
202200040303,2022-07-11 19:15:00,2022,7,11,19,15,51,51108,Avenue de Metz,48.9592029337,4.383687079,Plein jour,En agglomération,Intersection en X,Normale,Deux véhicules - côté,3,2,4,0,1,1,1,0,1,50,2,2,1,0,1,0,83.0,93.0,voiture,voiture,1,2,2,1,3
202200040304,2022-12-05 08:35:00,2022,12,5,8,35,94,94022,Avenue Anatole France / Rue Robert Peary,48.754843565,2.4150866727,Crépuscule ou aube,En agglomération,Intersection en X,Pluie forte,Autre collision,4,2,2,0,1,3,2,5,1,50,1,2,1,0,0,1,38.0,,voiture,,2,2,2,3,6
202200040305,2022-07-13 18:48:00,2022,7,13,18,48,50,50218,FOURNEAU (RUE DU),48.81677,-1.5719,Plein jour,En agglomération,Hors intersection,Normale,Deux véhicules - arrière,3,2,2,0,1,1,1,0,1,50,2,2,1,0,0,1,16.0,25.0,deux_roues,voiture,1,2,1,1,2
202200040306,2022-12-05 05:30:00,2022,12,5,5,30,94,94017,Avenue de la République / Chemin Lateral du Nord,48.82529,2.50987,Nuit avec éclairage allumé,En agglomération,Intersection en X,Pluie légère,Deux véhicules - côté,3,2,2,0,1,1,2,0,1,50,2,2,1,0,0,1,37.0,29.0,voiture,utilitaire_camion,5,2,2,2,3
202200040307,2022-07-12 23:40:00,2022,7,12,23,40,50,50129,LECLERC (RUE DU MARECHAL)),49.6364,-1.63384,Nuit avec éclairage allumé,En agglomération,Hors intersection,Normale,Sans collision,4,2,2,0,2,4,1,0,1,50,1,1,0,0,1,0,38.0,,deux_roues,,5,2,1,1,7
202200040308,2022-12-05 19:00:00,2022,12,5,19,0,94,94004,GENERAL LECLERC (AV DU),48.75079,2.50737,Nuit avec éclairage allumé,En agglomération,Hors intersection,Pluie légère,Autre collision,2,2,4,0,2,1,2,0,1,50,1,2,0,0,1,1,31.0,,deux_roues,,5,2,1,2,6
202200040309,2022-12-05 16:10:00,2022,12,5,16,10,94,94002,LYON (R DE),48.78494,2.42757,Plein jour,En agglomération,Intersection en T,Temps couvert,Autre collision,4,1, -1,0,1,1,1,0,1,30,1,2,1,0,0,1,25.0,,voiture,,1,2,3,8,6
202200040310,2022-07-12 23:05:00,2022,7,12,23,5,49,49007,RECOUVREUR,47.45205,-0.55923,Nuit avec éclairage allumé,En agglomération,Hors intersection,Normale,Sans collision,4,2,2,0,1,1,1,0,1,30,1,2,0,0,0,2,22.0,,deux_roues,,5,2,1,1,7
202200040311,2022-12-05 15:20:00,2022,12,5,15,20,93,93045,Voie de la Résistance / Voie de la Déportation,48.886773,2.420235,Plein jour,En agglomération,Intersection en X,Temps couvert,Deux véhicules - côté,3,2,2,1,2,1,2,0,1,50,2,2,1,0,0,1,23.0,44.0,voiture,utilitaire_camion,1,2,2,8,3
202200040312,2022-07-12 17:57:00,2022,7,12,17,57,49,49015,DE GAULLE ROND POINT DU GENERAL,47.50063,-0.59008,Plein jour,En agglomération,Giratoire,Normale,Deux véhicules - côté,4,1,3,2,1,2,1,0,1,30,2,2,1,0,0,1,82.0,43.0,voiture,deux_roues,1,2,6,1,3
202200040313,2022-12-03 17:50:00,2022,12,3,17,50,93,93051,Rue du Centre,48.83844,2.54573,Crépuscule ou aube,En agglomération,Hors intersection,Normale,Deux véhicules - côté,4,1,2,0,1,1,1,9,1,50,2,4,3,0,0,1,39.0,23.0,voiture,deux_roues,2,2,1,1,3
202200040314,2022-12-05 14:30:00,2022,12,5,14,30,93,93027,Rue Edgar Quinet / Rue de la Convention,48.92726,2.393234,Plein jour,En agglomération,Intersection en X,Normale,Deux véhicules - côté,3,3,2,0,1,1,1,0,1,50,2,2,1,0,0,1,49.0,31.0,voiture,deux_roues,1,2,2,1,3
202200040315,2022-07-12 08:25:00,2022,7,12,8,25,49,49007,AYRAULT,47.47654,-0.55133,Plein jour,En agglomération,Passage à niveau,Normale,Deux véhicules - côté,4,2,6,2,1,1,1,4,1,30,2,2,1,0,1,0,47.0,22.0,deux_roues,deux_roues,1,2,8,1,3
202200040316,2022-12-05 07:50:00,2022,12,5,7,50,93,93005,Route de Mitry / Rue du Préfet Chaleil,48.940335,2.502445,Nuit avec éclairage allumé,En agglomération,Intersection à plus de 4 branches,Neige / grêle,Autre collision,3,2,2,0,1,3,2,0,8,50,1,2,1,0,0,1,35.0,,voiture,,5,2,5,4,6
202200040317,2022-12-05 07:10:00,2022,12,5,7,10,93,93005, Place du Général de Gaulle,48.931724,2.494193,Nuit avec éclairage allumé,En agglomération,Hors intersection,Neige / grêle,Autre collision,4,2,2,3,1,2,2,6,1,30,1,2,1,0,0,1,22.0,,transport_commun,,5,2,1,4,6
202200040318,2022-07-11 10:45:00,2022,7,11,10,45,49,49015,DE GAULLE AVENUE DU GENERAL,47.50224,-0.59251,Plein jour,En agglomération,Hors intersection,Normale,Autre collision,4,2,4,2,1,1,1,0,1,50,1,1,0,0,1,0,76.0,,voiture,,1,2,1,1,6
202200040319,2022-12-05 15:45:00,2022,12,5,15,45,92,92073,DIEDRICH (RUE VICTOR),48.8631558351,2.2140342593,Plein jour,En agglomération,Hors intersection,Temps couvert,Autre collision,4,1,1,0,1,1,1,0,1,50,1,2,1,0,0,1,41.0,,utilitaire_camion,,1,2,1,8,6
202200040320,2022-12-05 09:00:00,2022,12,5,9,0,92,92073,GALLIENI (QUAI),48.8737,2.2363,Plein jour,En agglomération,Intersection en T,Pluie légère,Deux véhicules - côté,3,3,4,0,1,1,2,0,1,50,2,3,2,0,0,1,60.0,59.0,deux_roues,voiture,1,2,3,2,3
202200040321,2022-12-05 08:40:00,2022,12,5,8,40,92,92062,FUSILLES DE LA RESISTANCES (RUE DES) N°1,48.88277,2.22363,Plein jour,En agglomération,Intersection en X,Pluie légère,Deux véhicules - frontale,3,2,2,0,1,1,2,0,1,50,2,2,1,0,0,1,23.0,38.0,deux_roues,voiture,1,2,2,2,1
202200040322,2022-07-13 19:50:00,2022,7,13,19,50,43,43041,54 Avenue Charles Dupuy,45.0492978431,3.9192920923,Plein jour,En agglomération,Intersection en T,Normale,Deux véhicules - frontale,3,2,2,0,1,1,1,5,1,50,2,2,1,0,0,1,48.0,51.0,voiture,deux_roues,1,2,3,1,1
202200040323,2022-12-05 07:25:00,2022,12,5,7,25,92,92062,REPUBLIQUE (RUE DE LA) DU 102 AU 200,48.8841195535,2.2314246297,Nuit avec éclairage allumé,En agglomération,Intersection en Y,Pluie légère,Autre collision,3,2,2,0,2,1,2,0,1,30,1,2,1,0,0,1,51.0,,autre,,5,2,4,2,6
202200040324,2022-12-05 19:00:00,2022,12,5,19,0,92,92051,COMMANDANT CHARCOT (BOULEVARD DU),48.8754078483,2.255848825,Nuit avec éclairage allumé,En agglomération,Hors intersection,Normale,Deux véhicules - frontale,4,2,2,0,1,1,1,0,1,50,2,2,1,0,0,1,38.0,29.0,voiture,deux_roues,5,2,1,1,1
202200040325,2022-12-05 03:15:00,2022,12,5,3,15,92,92049,PERI RUE GABRIEL N°38 A 82,48.8186645956,2.3187326789,Nuit avec éclairage allumé,En agglomération,Hors intersection,Pluie légère,Sans collision,3,2,0,0,2,1,2,0,1,50,1,1,0,0,0,1,50.0,,deux_roues,,5,2,1,2,7
202200040326,2022-07-13 13:10:00,2022,7,13,13,10,37,37261,CHEVALLIER (RUE AUGUSTE),47.37806,0.67964,Plein jour,En agglomération,Hors intersection,Normale,Deux véhicules - arrière,4,2,2,0,1,1,1,0,1,50,2,3,2,0,0,1,16.0,73.0,voiture,voiture,1,2,1,1,2
202200040327,2022-12-05 08:49:00,2022,12,5,8,49,92,92040,ARISTIDE BRIAND,48.82136,2.25383,Plein jour,En agglomération,Hors intersection,Pluie légère,Deux véhicules - côté,3,2,0,0,1,1,2,0,1,30,2,2,1,0,0,1,45.0,49.0,deux_roues,voiture,1,2,1,2,3
202200040328,2022-12-05 21:30:00,2022,12,5,21,30,92,92035,République ( boulevard de la ),48.90634,2.2487,Nuit avec éclairage allumé,En agglomération,Intersection en X,Normale,Deux véhicules - côté,3,2,2,0,1,1,1,0,1,50,2,2,1,0,0,1,22.0,70.0,deux_roues,utilitaire_camion,5,2,2,1,3
202200040329,2022-07-13 09:25:00,2022,7,13,9,25,37,37261,FOURNIER (RUE DU DOCTEUR),47.3857947869,0.7035595179,Plein jour,En agglomération,Intersection en X,Normale,Deux véhicules - côté,4,2,2,0,1,1,1,0,1,50,2,3,2,0,0,1,47.0,59.0,utilitaire_camion,transport_commun,1,2,2,1,3
202200040330,2022-12-05 08:30:00,2022,12,5,8,30,92,92026,MARECHAL JOFFRE (QUAI DU),48.9024,2.28197,Plein jour,En agglomération,Hors intersection,Pluie légère,Sans collision,3,3,4,0,1,1,2,0,1,50,2,2,1,0,0,1,42.0,37.0,voiture,deux_roues,1,2,1,2,7
202200040331,2022-12-05 16:00:00,2022,12,5,16,0,92,92025,KLEBER (AV),48.931171,2.244364,Plein jour,En agglomération,Intersection en T,Normale,Deux véhicules - côté,3,2,2,0,1,1,1,0,1,30,2,2,1,0,0,1,22.0,32.0,voiture,voiture,1,2,3,1,3
202200040332,2022-07-12 00:21:00,2022,7,12,0,21,37,37261,CONSTANTINE (RUE DE),47.39495,0.68442,Nuit avec éclairage allumé,En agglomération,Intersection en X,Normale,Deux véhicules - côté,4,2,2,0,1,1,1,0,1,30,2,2,1,0,0,1,22.0,32.0,deux_roues,voiture,5,2,2,1,3
202200040333,2022-12-05 17:45:00,2022,12,5,17,45,92,92023,HENRI BARBUSSE (AVENUE),48.80545,2.25924,Nuit avec éclairage allumé,En agglomération,Place,Normale,Autre collision,3,2,0,0,2,1,1,0,1,50,1,2,1,0,0,1,43.0,,voiture,,5,2,7,1,6
202200040334,2022-12-06 06:34:00,2022,12,6,6,34,71,71383,"Autoroute A6, PK 374.300, direction paris",46.424066,4.867469,Nuit sans éclairage public,Hors agglomération,Hors intersection,Normale,Trois véhicules et plus - en chaîne,1,3,5,0,1,1,2,0,1,130,4,5,2,0,2,1,79.0,67.0,voiture,voiture,3,1,1,1,4
202200040335,2022-07-13 08:30:00,2022,7,13,8,30,35,35281,TEMPLE-DE-BLOSNE (RUE DU),48.0867349157,-1.7010931671,Plein jour,En agglomération,Hors intersection,Normale,Autre collision,4,3,2,0,1,3,1,0,1,30,1,2,1,0,1,0,27.0,,voiture,,1,2,1,1,6
202200040336,2022-12-01 21:00:00,2022,12,1,21,0,83,83086,RD25 PK49,43.423744,6.568365,Nuit sans éclairage public,Hors agglomération,Hors intersection,Normale,Autre collision,3,2,2,0,2,3,1,0,3,90,1,1,0,1,0,0,27.0,,voiture,,3,1,1,1,6
202200040337,2022-12-05 19:20:00,2022,12,5,19,20,64,64057,D31,43.489086,-0.611243,Nuit sans éclairage public,Hors agglomération,Intersection en Y,Normale,Deux véhicules - frontale,3,2,2,0,1,1,1,0,1,80,2,2,1,0,1,0,16.0,58.0,deux_roues,voiture,3,1,4,1,1
202200040338,2022-07-13 22:35:00,2022,7,13,22,35,33,33063,Quai de Bacalan,44.861,-0.553,Nuit avec éclairage allumé,En agglomération,Intersection en T,Normale,Deux véhicules - arrière,4,2,4,3,1,1,1,0,1,50,2,2,1,0,0,1,34.0,24.0,voiture,deux_roues,5,2,3,1,2
202200040339,2022-12-06 13:10:00,2022,12,6,13,10,971,97132,Route de Cardonnet,15.982252,-61.660064,Plein jour,Hors agglomération,Hors intersection,Normale,Autre collision,3,3,1,0,2,3,1,0,3,80,1,1,0,1,0,0,76.0,,voiture,,1,1,1,1,6
202200040340,2022-12-05 17:30:00,2022,12,5,17,30,84,84039,18 boulevard de la république,44.085219,4.883981,Nuit avec éclairage allumé,En agglomération,Hors intersection,Normale,Deux véhicules - frontale,4,2,2,0,1,1,1,9,1,50,1,2,1,0,1,0,73.0,,voiture,,5,2,1,1,1
202200040341,2022-07-11 17:10:00,2022,7,11,17,10,33,33318,Avenue de la Tuileranne,44.78579,-0.63608,Plein jour,En agglomération,Intersection en T,Normale,Deux véhicules - côté,4,2,2,2,1,1,1,0,1,50,2,2,1,0,0,1,41.0,25.0,voiture,deux_roues,1,2,3,1,3
202200040342,2022-12-02 18:15:00,2022,12,2,18,15,77,77182,D204,48.786406,3.302309,Nuit avec éclairage allumé,En agglomération,Hors intersection,Pluie légère,Deux véhicules - frontale,3,2,2,0,3,1,2,0,1,50,2,2,1,0,1,0,44.0,46.0,voiture,voiture,5,2,1,2,1
202200040343,2022-07-13 11:25:00,2022,7,13,11,25,33,33009,MESTREZAT (BD),44.65468,-1.14648,Plein jour,En agglomération,Intersection en X,Normale,Deux véhicules - côté,3,2,2,0,1,1,1,0,1,50,2,4,2,0,0,2,24.0,81.0,deux_roues,voiture,1,2,2,1,3
202200040344,2022-12-06 06:40:00,2022,12,6,6,40,95,95566,Allee de la Fontaine au Roy,49.103748,2.334793,Nuit avec éclairage non allumé,En agglomération,Hors intersection,Brouillard / fumée,Autre collision,4,2,2,0,1,1,1,0,1,50,1,2,1,0,1,0,31.0,,voiture,,4,2,1,5,6
202200040345,2022-07-13 02:00:00,2022,7,13,2,0,32,32013,TOULOUSE (ROUTE DE),43.6516597993,0.6190216541,Nuit sans éclairage public,En agglomération,Hors intersection,Normale,Sans collision,3,2,2,0,1,1,1,0,8,50,1,1,0,0,1,0,24.0,,autre,,3,2,1,1,7