accident_id,datetime,annee,mois,jour,heure,minute,departement,commune_insee,adresse,latitude,longitude,luminosite,agglomeration,intersection,meteo,collision,catr,circ,nbv,vosp,prof,plan,surf,infra,situ,vma,nb_vehicules,nb_usagers,nb_indemnes,nb_tues,nb_blesses_hosp,nb_blesses_legers,age_cond_1,age_cond_2,veh_type_cond_1,veh_type_cond_2,lum_code,agg_code,int_code,atm_code,col_code
202200040437,2022-07-08 02:40:00,2022,7,8,2,40,92,92073,SELLIER (BOULEVARD HENRI),48.8675344694,2.2216978669,Nuit avec éclairage allumé,En agglomération,Intersection en X,Normale,Autre collision,3,3,4,0,2,2,1,1,4,50,1,1,0,0,0,1,20.0,,voiture,,5,2,2,1,6
202200040438,2022-08-22 04:30:00,2022,8,22,4,30,92,92049,REPUBLIQUE (AV DE LA),48.817282085,2.3189654946,Nuit avec éclairage allumé,En agglomération,Place,Normale,Sans collision,4,1,1,0,1,2,1,5,1,50,1,1,0,0,0,1,19.0,,deux_roues,,5,2,7,1,7
202200040439,2022-07-12 16:20:00,2022,7,12,16,20,92,92072,PONT DE SEVRES,48.82796,2.22511,Plein jour,En agglomération,Hors intersection,Normale,Sans collision,3,3,7,0,1,2,9,2,1,50,1,2,0,0,0,2,31.0,,deux_roues,,1,2,1,1,7
202200040440,2022-07-22 15:25:00,2022,7,22,15,25,92,92036,LOUIS ROCHE (AVENUE) (1/45),48.9296504919,2.3093170523,Plein jour,En agglomération,Intersection en T,Normale,Autre collision,3,2,2,0,1,1,1,0,1,50,2,2,1,0,0,1,23.0,43.0,deux_roues,voiture,1,2,3,1,6
202200040441,2022-02-25 17:00:00,2022,2,25,17,0,85,85114,6 rue des pirons,46.4205489312,-1.5857380629,Plein jour,En agglomération,Hors intersection,Normale,Autre collision,4,2,2,0,1,1,1,0,4,50,1,1,0,0,1,0,44.0,,deux_roues,,1,2,1,1,6
202200040442,2022-07-11 14:30:00,2022,7,11,14,30,92,92063,DOUMER (AVENUE PAUL) NORD,48.87877,2.17733,Plein jour,En agglomération,Intersection en T,Normale,Deux véhicules - côté,3,2,4,0,1,1,1,0,1,50,2,2,1,0,0,1,58.0,23.0,voiture,deux_roues,1,2,3,1,3
202200040443,2022-07-21 22:00:00,2022,7,21,22,0,92,92036,MAURICE GUY,48.9242445617,2.3040137887,Nuit avec éclairage allumé,En agglomération,Hors intersection,Normale,Sans collision,4,1,1,0,1,2,1,0,1,50,1,1,0,0,0,1,19.0,,deux_roues,,5,2,1,1,7
202200040444,2022-07-13 20:47:00,2022,7,13,20,47,92,92046,PARIS AVENUE DE N°84 A FIN,48.81152,2.30025,Plein jour,En agglomération,Intersection en Y,Normale,Deux véhicules - frontale,3,-1,4,0,1,1,1,0,1,30,2,2,1,0,0,1,60.0,28.0,voiture,deux_roues,1,2,4,1,1
202200040445,2022-08-22 19:56:00,2022,8,22,19,56,92,92007,PASTEUR (AVENUE LOUIS) N° 1 A 39 ET 2 A,48.795872,2.317042,Plein jour,En agglomération,Autre intersection,Normale,Deux véhicules - côté,4,1,2,0,1,1,1,0,1,50,2,2,1,0,0,1,74.0,22.0,voiture,deux_roues,1,2,9,1,3
202200040446,2022-07-13 09:30:00,2022,7,13,9,30,92,92049,JAURES AVENUE JEAN N°53 A FIN,48.811752456,2.3036283553,Plein jour,En agglomération,Hors intersection,Normale,Deux véhicules - côté,4,1,1,0,1,1,1,0,1,50,2,2,1,0,0,1,26.0,44.0,deux_roues,voiture,1,2,1,1,3
202200040447,2022-08-29 11:00:00,2022,8,29,11,0,92,92002,LE NOTRE (AVENUE),48.7669152748,2.3072045445,Plein jour,En agglomération,Intersection en T,Normale,Deux véhicules - arrière,3,2,1,0,3,1,1,0,1,50,2,2,1,0,0,1,56.0,59.0,voiture,utilitaire_camion,1,2,3,1,2
202200040448,2022-02-25 19:30:00,2022,2,25,19,30,27,27062,Route de Montfort,49.300029,0.841742,Nuit avec éclairage allumé,Hors agglomération,Hors intersection,Normale,Trois véhicules et plus - collisions multiples,3,2,2,0,1,3,1,0,1,70,3,3,1,1,0,1,43.0,35.0,voiture,voiture,5,1,1,1,5
202200040449,2022-07-12 20:00:00,2022,7,12,20,0,92,92049,DORMOY AVENUE MARX N°2 A 100,48.8096745037,2.324780792,Plein jour,En agglomération,Hors intersection,Normale,Autre collision,3,2,2,1,1,1,1,0,1,50,1,2,1,0,0,1,27.0,,voiture,,1,2,1,1,6
202200040450,2022-02-25 10:05:00,2022,2,25,10,5,28,28111,pk 13 D9,48.226264,0.872893,Plein jour,Hors agglomération,Hors intersection,Normale,Sans collision,3,2,2,0,2,3,1,0,1,90,1,1,0,0,1,0,50.0,,deux_roues,,1,1,1,1,7
202200040451,2022-07-12 20:15:00,2022,7,12,20,15,92,92040,VOLTAIRE (BOULEVARD),48.8258972527,2.2805036902,Plein jour,En agglomération,Intersection en T,Normale,Deux véhicules - côté,3,3,0,1,1,1,1,5,1,50,2,3,1,0,1,1,21.0,24.0,deux_roues,utilitaire_camion,1,2,3,1,3
202200040452,2022-07-13 09:30:00,2022,7,13,9,30,92,92026,GEORGES CLEMENCEAU,48.9029850668,2.2712849378,Plein jour,En agglomération,Hors intersection,Normale,Deux véhicules - côté,3,2,2,1,1,1,1,0,5,50,2,2,1,0,0,1,55.0,35.0,deux_roues,voiture,1,2,1,1,3
202200040453,2022-08-22 15:30:00,2022,8,22,15,30,972,97210,Dostaly,14.601961,-60.87621,Plein jour,Hors agglomération,Hors intersection,Pluie légère,Deux véhicules - frontale,2,2,2,0,1,1,2,0,1,70,2,2,0,0,1,1,61.0,22.0,voiture,utilitaire_camion,1,1,1,2,1
202200040454,2022-02-26 07:00:00,2022,2,26,7,0,03,03220,AUTOTOUTE A71,46.141069,3.112907,Crépuscule ou aube,Hors agglomération,Hors intersection,Normale,Autre collision,1,3,4,0,1,2,1,0,2,110,1,4,3,1,0,0,30.0,,voiture,,2,1,1,1,6
202200040455,2022-07-13 15:15:00,2022,7,13,15,15,92,92025,CHARLES DE GAULLE (BD),48.9133280893,2.2302742302,Plein jour,En agglomération,Hors intersection,Normale,Deux véhicules - côté,3,2,6,0,1,1,1,0,1,30,2,2,1,0,0,1,63.0,36.0,voiture,deux_roues,1,2,1,1,3
202200040456,2022-07-13 10:20:00,2022,7,13,10,20,92,92012,GENERAL LECLERC (AVENUE DU) 1/33 - 2/58,48.8323817571,2.2392714322,Plein jour,En agglomération,Hors intersection,Normale,Autre collision,3,3,6,0,1,1,1,0,1,50,1,2,1,0,0,1,56.0,,utilitaire_camion,,1,2,1,1,6
202200040457,2022-08-22 14:00:00,2022,8,22,14,0,04,04033,D900b,44.447262,6.359067,Plein jour,Hors agglomération,Hors intersection,Normale,Autre collision,3,2,2,0,2,1,1,0,3,80,1,3,2,0,1,0,40.0,,voiture,,1,1,1,1,6
202200040458,2022-07-12 17:30:00,2022,7,12,17,30,92,92004,NORMANDIE  ( RUE DE ),48.905736813,2.2853763252,Crépuscule ou aube,En agglomération,Hors intersection,Normale,Deux véhicules - frontale,4,1,0,2,1,1,1,0,1,50,2,2,1,0,0,1,19.0,,deux_roues,voiture,2,2,1,1,1
202200040459,2022-08-01 13:45:00,2022,8,1,13,45,56,56186,16 Rue d Armorique,47.487448,-3.126915,Plein jour,En agglomération,Hors intersection,Normale,Deux véhicules - frontale,4,2,2,1,1,1,1,0,1,30,2,2,1,0,0,1,22.0,44.0,deux_roues,voiture,1,2,1,1,1
202200040460,2022-02-26 05:38:00,2022,2,26,5,38,67,67128,A355,48.5545310477,7.5753521919,Crépuscule ou aube,Hors agglomération,Hors intersection,Normale,Deux véhicules - arrière,1,3,4,0,1,1,2,0,1,110,2,3,2,0,1,0,24.0,40.0,voiture,utilitaire_camion,2,1,1,1,2
202200040461,2022-08-22 20:50:00,2022,8,22,20,50,76,76224,257 Route de Criquetot,49.649898,0.322423,Crépuscule ou aube,En agglomération,Hors intersection,Normale,Autre collision,3,2,2,0,2,3,1,0,1,50,1,1,0,0,1,0,37.0,,voiture,,2,2,1,1,6
202200040462,2022-07-12 19:03:00,2022,7,12,19,3,92,92014,GENERAL LECLERC (AV.) (57 A 135 - 50 A 1,48.7770288106,2.314288795,Plein jour,En agglomération,Hors intersection,Normale,Trois véhicules et plus - en chaîne,3,1,2,0,1,1,1,0,1,50,3,3,2,0,0,1,51.0,31.0,voiture,voiture,1,2,1,1,4
202200040463,2022-07-13 22:00:00,2022,7,13,22,0,2A,2A272,Natalino,41.622124,8.960778,Nuit sans éclairage public,En agglomération,Hors intersection,Normale,Autre collision,2,2,2,0,2,1,1,0,3,50,1,1,0,0,1,0,33.0,,deux_roues,,3,2,1,1,6
202200040464,2022-08-23 13:40:00,2022,8,23,13,40,2B,2B123,Aristone,42.043212,9.407046,Plein jour,Hors agglomération,Hors intersection,Normale,Deux véhicules - arrière,2,2,2,0,2,1,1,0,1,80,2,2,1,0,0,1,20.0,51.0,voiture,deux_roues,1,1,1,1,2
202200040465,2022-07-13 23:15:00,2022,7,13,23,15,17,17262,D 728,45.740761,-0.736181,Nuit avec éclairage non allumé,Hors agglomération,Hors intersection,Normale,Sans collision,3,2,2,0,2,4,1,0,3,80,1,1,0,1,0,0,53.0,,deux_roues,,4,1,1,1,7
202200040466,2022-02-25 05:00:00,2022,2,25,5,0,987,98753,face Tien Hing,-23.346432,-149.488853,Nuit sans éclairage public,En agglomération,Hors intersection,Normale,Deux véhicules - côté,2,2,2,0,1,1,1,0,1,60,1,2,1,0,1,0,20.0,,deux_roues,,3,2,1,1,3
202200040467,2022-08-22 11:50:00,2022,8,22,11,50,65,65468,D228,43.252247,0.453128,Plein jour,Hors agglomération,Hors intersection,Normale,Sans collision,3,2,2,0,4,1,1,0,1,80,1,1,0,0,1,0,13.0,,deux_roues,,1,1,1,1,7
202200040468,2022-07-13 20:05:00,2022,7,13,20,5,22,22048,La Ville Es Moines,48.494327,-2.135451,Plein jour,Hors agglomération,Intersection en X,Normale,Deux véhicules - frontale,4,2,1,0,1,1,1,0,1,80,2,3,2,0,0,1,45.0,19.0,voiture,deux_roues,1,1,2,1,1
202200040469,2022-08-20 05:30:00,2022,8,20,5,30,11,11262,,43.2164980791,3.0361653999,Nuit sans éclairage public,Hors agglomération,Hors intersection,Normale,Deux véhicules - arrière,3,2,2,0,1,1,1,0,1,80,2,5,3,0,0,2,22.0,36.0,voiture,utilitaire_camion,3,1,1,1,2
202200040470,2022-07-14 20:01:00,2022,7,14,20,1,06,06161,Route du Bord de Mer,43.628222,7.133903,Crépuscule ou aube,Hors agglomération,Hors intersection,Normale,Deux véhicules - frontale,3,2,2,1,1,1,1,0,1,70,2,2,1,0,1,0,29.0,24.0,voiture,deux_roues,2,1,1,1,1
202200040471,2022-02-26 00:25:00,2022,2,26,0,25,971,97128,Boulevard Hegesipe Ibene,16.224354,-61.381874,Nuit avec éclairage allumé,En agglomération,Hors intersection,Pluie légère,Sans collision,2,3,1,0,1,1,3,0,1,50,1,3,2,0,1,0,33.0,,voiture,,5,2,1,2,7
202200040472,2022-08-19 04:45:00,2022,8,19,4,45,11,11106,Chemin le Mouchairas Sud,43.260386,3.030016,Nuit sans éclairage public,Hors agglomération,Hors intersection,Normale,Sans collision,4,2,2,0,1,1,1,0,8,80,1,2,0,0,1,1,41.0,,voiture,,3,1,1,1,7
202200040473,2022-07-13 17:15:00,2022,7,13,17,15,05,05027,"Route départementale 902, PR 27.950",44.82273,6.733289,Plein jour,Hors agglomération,Hors intersection,Temps couvert,Sans collision,3,2,2,0,2,2,1,0,1,80,1,1,0,0,1,0,66.0,,deux_roues,,1,1,1,8,7
202200040474,2022-08-23 12:49:00,2022,8,23,12,49,63,63182,Rue d Auzat / rue d'Allier,45.4317620206,3.3391959965,Plein jour,En agglomération,Intersection en X,Normale,Deux véhicules - côté,3,2,2,0,1,1,1,0,1,30,2,2,1,0,1,0,15.0,41.0,deux_roues,voiture,1,2,2,1,3
202200040475,2022-02-25 19:15:00,2022,2,25,19,15,34,34151,D61,43.591345,4.104928,Nuit sans éclairage public,Hors agglomération,Hors intersection,Normale,Deux véhicules - arrière,3,3,4,0,1,1,1,0,1,90,2,2,1,0,1,0,26.0,47.0,utilitaire_camion,voiture,3,1,1,1,2
202200040476,2022-07-13 17:30:00,2022,7,13,17,30,51,51217,Avenue de Paris,49.065396,3.628782,Plein jour,Hors agglomération,Intersection en Y,Normale,Deux véhicules - arrière,3,2,2,0,1,3,1,0,1,80,2,3,2,0,1,0,72.0,49.0,utilitaire_camion,deux_roues,1,1,4,1,2
202200040477,2022-08-22 08:15:00,2022,8,22,8,15,41,41180,La Thibauderie,47.413108,1.205025,Plein jour,Hors agglomération,Hors intersection,Normale,Autre collision,3,2,2,0,1,3,1,0,8,90,1,1,0,0,1,0,30.0,,voiture,,1,1,1,1,6
202200040478,2022-08-21 22:30:00,2022,8,21,22,30,34,34289,D18,43.388051,3.436355,Nuit sans éclairage public,Hors agglomération,Hors intersection,Normale,Autre collision,3,2,2,0,1,1,1,0,3,80,1,2,1,0,1,0,36.0,,voiture,,3,1,1,1,6
202200040479,2022-07-11 00:45:00,2022,7,11,0,45,21,21247,A6 - PK223+400,47.485135,4.163024,Nuit sans éclairage public,Hors agglomération,Hors intersection,Normale,Deux véhicules - arrière,1,3,4,0,1,1,1,0,1,130,2,2,0,0,0,2,40.0,42.0,utilitaire_camion,utilitaire_camion,3,1,1,1,2
202200040480,2022-02-26 15:35:00,2022,2,26,15,35,13,13041,D6,43.448386,5.44615,Plein jour,Hors agglomération,Hors intersection,Normale,Autre collision,3,3,4,0,1,1,1,0,1,110,1,1,0,0,1,0,43.0,,deux_roues,,1,1,1,1,6
202200040481,2022-08-23 07:30:00,2022,8,23,7,30,39,39394,,46.436984,5.651923,Plein jour,Hors agglomération,Hors intersection,Normale,Autre collision,3,2,2,0,1,3,1,0,1,80,1,1,0,1,0,0,51.0,,deux_roues,,1,1,1,1,6
202200040482,2022-08-22 09:15:00,2022,8,22,9,15,44,44130,1 Rue de nantes,47.123392,-1.584351,Plein jour,En agglomération,Autre intersection,Temps couvert,Autre collision,3,2,2,0,1,1,2,0,1,-1,1,2,1,0,1,0,28.0,,voiture,,1,2,9,8,6
202200040483,2022-07-13 15:20:00,2022,7,13,15,20,19,19250,Autoroute A20,45.523195,1.515856,Plein jour,Hors agglomération,Autre intersection,Normale,Autre collision,1,3,4,0,1,2,1,0,1,130,2,3,2,0,0,1,60.0,23.0,voiture,voiture,1,1,9,1,6
202200040484,2022-08-22 13:45:00,2022,8,22,13,45,29,29020,Route de Landrevarzec,48.099941,-4.017209,Plein jour,Hors agglomération,Giratoire,Pluie légère,Sans collision,3,2,1,0,1,2,2,5,1,50,1,1,0,0,0,1,17.0,,deux_roues,,1,1,6,2,7
202200040485,2022-02-25 16:40:00,2022,2,25,16,40,61,61076,Carrefour D908 et D26,48.579475,0.026951,Plein jour,Hors agglomération,Intersection en X,Normale,Deux véhicules - côté,3,2,2,0,1,1,1,0,1,90,2,3,1,0,2,0,70.0,59.0,voiture,utilitaire_camion,1,1,2,1,3
202200040486,2022-07-13 14:52:00,2022,7,13,14,52,83,83116,,43.458635,5.835553,Plein jour,Hors agglomération,Hors intersection,Normale,Deux véhicules - côté,3,2,2,0,3,1,1,0,1,80,2,5,2,0,0,3,49.0,34.0,voiture,voiture,1,1,1,1,3
202200040487,2022-08-21 06:00:00,2022,8,21,6,0,29,29216,D784,47.9929816217,-4.20768857,Crépuscule ou aube,Hors agglomération,Intersection en X,Normale,Autre collision,3,2,1,0,1,1,1,5,3,80,1,1,0,0,1,0,35.0,,voiture,,2,1,2,1,6
202200040488,2022-08-22 12:30:00,2022,8,22,12,30,31,31128,Route de Cintegabelle,43.299396,1.479442,Plein jour,Hors agglomération,Hors intersection,Temps couvert,Sans collision,3,2,2,0,1,3,1,0,3,80,1,1,0,0,1,0,20.0,,voiture,,1,1,1,8,7
202200040489,2022-07-13 08:30:00,2022,7,13,8,30,76,76517,Route de Neufchâtel,49.518787131,1.1793792844,Plein jour,En agglomération,Intersection en X,Normale,Deux véhicules - côté,3,-1,2,0,1,1,1,0,1,80,2,2,1,0,1,0,73.0,18.0,voiture,deux_roues,1,2,2,1,3
202200040490,2022-08-23 19:20:00,2022,8,23,19,20,38,38015,Chemin de Tarnezieux,45.542987,5.203502,Crépuscule ou aube,Hors agglomération,Hors intersection,Normale,Sans collision,5,2,2,0,2,2,1,0,8,30,1,2,0,0,1,1,40.0,,deux_roues,,2,1,1,1,7
202200040491,2022-02-26 09:25:00,2022,2,26,9,25,29,29042,D8 - Route de Camaret,48.250089,-4.511492,Plein jour,Hors agglomération,Hors intersection,Temps éblouissant,Autre collision,3,2,2,0,2,1,1,8,1,50,1,4,2,0,1,1,84.0,,voiture,,1,1,1,7,6
202200040492,2022-06-30 11:45:00,2022,6,30,11,45,2A,2A017,D81,41.998671,8.757133,Plein jour,Hors agglomération,Hors intersection,Normale,Autre collision,3,2,2,0,2,3,1,0,1,80,1,1,0,0,1,0,34.0,,deux_roues,,1,1,1,1,6
202200040493,2022-07-14 15:00:00,2022,7,14,15,0,2B,2B096,Faubourg Saint Antoine,42.300913,9.150732,Plein jour,En agglomération,Hors intersection,Normale,Sans collision,2,2,2,0,1,2,1,0,1,50,1,2,0,0,1,1,51.0,,deux_roues,,1,2,1,1,7
202200040494,2022-08-23 09:05:00,2022,8,23,9,5,66,66024,,42.525315,2.832944,Plein jour,En agglomération,Hors intersection,Normale,Autre collision,4,2,2,0,1,1,1,9,1,20,1,5,2,0,0,3,48.0,,utilitaire_camion,,1,2,1,1,6
202200040495,2022-02-25 18:30:00,2022,2,25,18,30,29,29179,Lieu Dit Kerno,48.552552,-4.321167,Plein jour,Hors agglomération,Hors intersection,Normale,Autre collision,4,2,2,0,1,2,1,0,3,80,1,2,0,0,2,0,35.0,,utilitaire_camion,,1,1,1,1,6
202200040496,2022-07-12 23:50:00,2022,7,12,23,50,33,33506,d671 - lafon de medouc,44.698193,-0.118006,Nuit sans éclairage public,Hors agglomération,Hors intersection,Normale,Autre collision,3,2,2,0,2,2,1,0,3,80,1,1,0,0,1,0,31.0,,voiture,,3,1,1,1,6
202200040497,2022-08-23 08:20:00,2022,8,23,8,20,54,54080,departementale 960,48.60137445,5.8468079568,Plein jour,Hors agglomération,Hors intersection,Normale,Autre collision,3,2,2,0,1,1,1,0,3,80,1,1,0,0,1,0,40.0,,voiture,,1,1,1,1,6
202200040498,2022-07-14 09:15:00,2022,7,14,9,15,32,32107,6 Boulevard Saint - Michel,43.954151,0.371164,Crépuscule ou aube,En agglomération,Hors intersection,Normale,Autre collision,4,2,2,0,1,1,1,0,1,50,1,2,1,0,1,0,54.0,,voiture,,2,2,1,1,6
202200040499,2022-08-22 12:35:00,2022,8,22,12,35,40,40310,Rue de Tenic,43.760254,-1.330193,Plein jour,En agglomération,Hors intersection,Normale,Deux véhicules - frontale,4,2,2,0,1,2,1,0,1,50,2,2,1,0,1,0,40.0,87.0,voiture,voiture,1,2,1,1,1
202200040500,2022-07-13 18:30:00,2022,7,13,18,30,89,89352,D90,47.659982,3.037414,Plein jour,Hors agglomération,Intersection en T,Normale,Deux véhicules - arrière,3,2,2,0,1,1,1,0,1,80,2,3,1,0,2,0,30.0,45.0,deux_roues,voiture,1,1,3,1,2
202200040501,2022-02-26 18:00:00,2022,2,26,18,0,27,27004,N13,49.009197,1.415209,Plein jour,Hors agglomération,Intersection en T,Normale,Deux véhicules - arrière,2,2,3,0,1,1,1,0,1,80,2,4,2,0,0,2,54.0,19.0,voiture,voiture,1,1,3,1,2
202200040502,2022-07-13 14:15:00,2022,7,13,14,15,42,42097,M1082,45.484398,4.343859,Plein jour,En agglomération,Intersection en T,Normale,Deux véhicules - côté,7,2,2,0,1,3,1,0,1,70,2,2,1,0,0,1,52.0,71.0,deux_roues,voiture,1,2,3,1,3
202200040503,2022-02-26 16:20:00,2022,2,26,16,20,27,27281,D55,48.945701,1.048808,Plein jour,Hors agglomération,Hors intersection,Temps éblouissant,Sans collision,3,2,2,0,2,4,1,0,8,80,1,1,0,0,1,0,70.0,,deux_roues,,1,1,1,7,7
202200040504,2022-08-20 10:30:00,2022,8,20,10,30,40,40150,D16,43.82301,-1.258106,Plein jour,Hors agglomération,Intersection en X,Normale,Deux véhicules - frontale,3,2,2,0,1,1,1,0,1,80,2,5,2,0,1,2,20.0,52.0,voiture,voiture,1,1,2,1,1
202200040505,2022-07-13 14:00:00,2022,7,13,14,0,86,86178,Lieu Dit la Bouldiere,46.503559,0.469756,Plein jour,En agglomération,Hors intersection,Temps éblouissant,Deux véhicules - frontale,3,2,2,0,1,1,1,0,1,70,2,2,0,0,0,2,23.0,67.0,voiture,voiture,1,2,1,7,1
202200040506,2022-08-23 08:55:00,2022,8,23,8,55,27,27679,D839,48.730599,0.928055,Plein jour,En agglomération,Intersection en T,Pluie légère,Deux véhicules - frontale,3,2,2,0,1,3,2,0,1,50,2,2,1,0,0,1,62.0,61.0,utilitaire_camion,voiture,1,2,3,2,1
202200040507,2022-07-13 18:50:00,2022,7,13,18,50,34,34101,D18,43.383437,3.448527,Plein jour,Hors agglomération,Intersection en X,Normale,Deux véhicules - côté,3,2,2,0,2,2,1,0,1,80,2,2,1,0,1,0,38.0,51.0,voiture,deux_roues,1,1,2,1,3
202200040508,2022-02-25 21:20:00,2022,2,25,21,20,76,76714,route Départementale 6015,49.551972,0.413189,Nuit sans éclairage public,Hors agglomération,Hors intersection,Normale,Deux véhicules - frontale,3,2,2,0,1,1,1,0,1,80,2,2,0,0,2,0,23.0,48.0,voiture,voiture,3,1,1,1,1
202200040509,2022-08-23 08:45:00,2022,8,23,8,45,30,30259,Route d Uzès,44.0989,4.139,Plein jour,Hors agglomération,Hors intersection,Normale,Autre collision,3,2,2,0,1,1,1,0,3,80,1,1,0,0,1,0,22.0,,voiture,,1,1,1,1,6
202200040510,2022-07-13 16:30:00,2022,7,13,16,30,39,39468,4 Rue de la Malatière,46.525885,5.529685,Plein jour,En agglomération,Hors intersection,Normale,Autre collision,4,2,2,0,1,1,1,0,1,50,1,2,1,1,0,0,26.0,,utilitaire_camion,,1,2,1,1,6
202200040511,2022-02-26 13:47:00,2022,2,26,13,47,60,60701,Rue Mathias,49.5433282351,2.3562819957,Plein jour,En agglomération,Hors intersection,Normale,Sans collision,4,2,2,0,1,1,1,0,1,50,1,1,0,0,0,1,29.0,,deux_roues,,1,2,1,1,7
202200040512,2022-07-14 00:20:00,2022,7,14,0,20,39,39531,,46.51305,5.749079,Nuit sans éclairage public,Hors agglomération,Hors intersection,Normale,Autre collision,3,2,2,0,1,4,1,0,3,80,1,3,0,1,2,0,18.0,,voiture,,3,1,1,1,6
202200040513,2022-08-22 16:30:00,2022,8,22,16,30,88,88516,Rue du Lieutenant Gauffre,48.195956,5.941409,Plein jour,En agglomération,Giratoire,Normale,Autre collision,4,2,2,0,1,1,1,6,1,30,1,4,2,0,1,1,46.0,,voiture,,1,2,6,1,6
202200040514,2022-02-26 01:15:00,2022,2,26,1,15,80,80101,Rue du Cessier,49.629188,2.761313,Nuit sans éclairage public,En agglomération,Hors intersection,Normale,Autre collision,4,2,2,0,2,3,1,0,8,80,1,3,0,3,0,0,38.0,,voiture,,3,2,1,1,6
202200040515,2022-07-14 15:00:00,2022,7,14,15,0,25,25180,D103,46.963649,6.015165,Plein jour,Hors agglomération,Hors intersection,Normale,Autre collision,3,2,2,0,2,2,1,0,1,80,1,1,0,0,1,0,58.0,,deux_roues,,1,1,1,1,6
202200040516,2022-08-23 09:00:00,2022,8,23,9,0,24,24016,puybégout,45.561671,0.691811,Plein jour,Hors agglomération,Hors intersection,Normale,Deux véhicules - frontale,3,2,2,0,2,3,1,0,1,80,2,2,1,1,0,0,78.0,61.0,voiture,utilitaire_camion,1,1,1,1,1
202200040517,2022-07-13 10:15:00,2022,7,13,10,15,25,25532,Intersection RD67 et RN57 (Bretelle d'accès),47.205149,6.102996,Plein jour,Hors agglomération,Intersection à plus de 4 branches,Temps éblouissant,Deux véhicules - côté,3,1,1,0,1,1,1,0,1,80,2,2,1,0,1,0,61.0,55.0,utilitaire_camion,deux_roues,1,1,5,7,3
202200040518,2022-08-23 09:10:00,2022,8,23,9,10,38,38565,A48,45.266917,5.629004,Plein jour,Hors agglomération,Hors intersection,Normale,Deux véhicules - côté,1,1,2,0,3,1,1,0,1,110,2,4,2,0,2,0,51.0,68.0,deux_roues,voiture,1,1,1,1,3
202200040519,2022-02-25 18:05:00,2022,2,25,18,5,13,13212,A507 sens Marseille - Aubagne,43.30843,5.4254,Plein jour,Hors agglomération,Hors intersection,Normale,Trois véhicules et plus - en chaîne,1,3,3,0,2,1,1,1,1,70,3,6,1,0,0,5,34.0,20.0,voiture,voiture,1,1,1,1,4
202200040520,2022-07-08 16:45:00,2022,7,8,16,45,44,44213,D723,47.396577,-1.065567,Plein jour,Hors agglomération,Hors intersection,Normale,Deux véhicules - frontale,3,2,3,0,1,3,1,0,8,80,2,2,0,1,0,1,52.0,48.0,voiture,voiture,1,1,1,1,1
202200040521,2022-08-23 09:55:00,2022,8,23,9,55,27,27517,autoroute A.13,49.126073,1.324368,Plein jour,Hors agglomération,Hors intersection,Normale,Deux véhicules - arrière,1,3,3,0,1,1,1,0,2,130,2,4,2,0,0,2,85.0,24.0,voiture,voiture,1,1,1,1,2
202200040522,2022-07-14 05:10:00,2022,7,14,5,10,35,35351,D 40 hauteur lieu dit bignon,48.055867,-1.952326,Nuit sans éclairage public,Hors agglomération,Hors intersection,Normale,Autre collision,7,2,2,0,1,3,1,0,3,70,1,1,0,0,1,0,26.0,,voiture,,3,1,1,1,6
202200040523,2022-02-24 19:23:00,2022,2,24,19,23,13,13211,A50-Sens Marseille vers Aubagne,43.2920178854,5.4529586434,Nuit sans éclairage public,Hors agglomération,Hors intersection,Normale,Deux véhicules - arrière,1,3,3,0,1,1,1,0,1,90,2,3,2,0,0,1,49.0,24.0,voiture,voiture,3,1,1,1,2
202200040524,2022-07-26 22:00:00,2022,7,26,22,0,33,33229,CD106 PR 36+310,44.778378,-1.018671,Crépuscule ou aube,Hors agglomération,Giratoire,Normale,Deux véhicules - côté,3,1,2,0,1,2,1,5,1,50,2,3,2,0,1,0,62.0,34.0,deux_roues,voiture,2,1,6,1,3
202200040525,2022-07-13 13:35:00,2022,7,13,13,35,38,38338,D1532,45.236316,5.501058,Plein jour,En agglomération,Hors intersection,Normale,Deux véhicules - côté,3,2,2,0,1,2,1,0,1,90,2,2,1,0,0,1,,38.0,voiture,deux_roues,1,2,1,1,3
202200040526,2022-02-23 00:50:00,2022,2,23,0,50,13,13214,A7-Sens Marseille vers Lyon,43.3249298731,5.3785219788,Nuit avec éclairage allumé,Hors agglomération,Hors intersection,Normale,Deux véhicules - arrière,1,1,3,0,2,1,1,0,1,90,2,2,1,0,1,0,43.0,43.0,voiture,utilitaire_camion,5,1,1,1,2
202200040527,2022-07-13 19:00:00,2022,7,13,19,0,02,02744,,49.09521,3.278056,Plein jour,Hors agglomération,Hors intersection,Normale,Autre collision,3,2,2,0,2,2,1,0,3,80,1,2,0,0,2,0,52.0,,voiture,,1,1,1,1,6
202200040528,2022-08-12 12:56:00,2022,8,12,12,56,78,78537,A 10,48.552421,1.927795,Plein jour,Hors agglomération,Hors intersection,Normale,Deux véhicules - côté,1,3,0,0,1,1,1,7,1,70,2,4,3,0,0,1,26.0,45.0,voiture,voiture,1,1,1,1,3
202200040529,2022-07-13 18:37:00,2022,7,13,18,37,02,02235,D18,49.429726,3.760833,Plein jour,Hors agglomération,Hors intersection,Normale,Sans collision,3,2,2,0,2,3,1,0,1,80,1,1,0,0,1,0,22.0,,deux_roues,,1,1,1,1,7