accident_id,datetime,annee,mois,jour,heure,minute,departement,commune_insee,adresse,latitude,longitude,luminosite,agglomeration,intersection,meteo,collision,catr,circ,nbv,vosp,prof,plan,surf,infra,situ,vma,nb_vehicules,nb_usagers,nb_indemnes,nb_tues,nb_blesses_hosp,nb_blesses_legers,age_cond_1,age_cond_2,veh_type_cond_1,veh_type_cond_2,lum_code,agg_code,int_code,atm_code,col_code
202200040530,2022-02-25 14:55:00,2022,2,25,14,55,69,69297,Autoroute 46,45.5896,4.8055,Plein jour,Hors agglomération,Hors intersection,Normale,Autre collision,1,3,6,0,2,1,1,0,1,110,1,2,1,1,0,0,60.0,,voiture,,1,1,1,1,6
202200040531,2022-08-23 17:50:00,2022,8,23,17,50,77,77183,D70,48.943052,3.142605,Plein jour,En agglomération,Hors intersection,Normale,Deux véhicules - frontale,3,2,2,0,2,1,1,0,1,50,1,2,1,0,1,0,24.0,,voiture,,1,2,1,1,1
202200040532,2022-06-14 18:53:00,2022,6,14,18,53,75,75110,BOULEVARD DE MAGENTA,48.881759,2.351164,Plein jour,En agglomération,Hors intersection,Normale,Deux véhicules - côté,4,2,4,1,1,1,1,0,5,30,2,2,1,0,0,1,36.0,,deux_roues,voiture,1,2,1,1,3
202200040533,2022-07-10 12:15:00,2022,7,10,12,15,03,03110,D2209,46.125486,3.361736,Plein jour,Hors agglomération,Hors intersection,Normale,Deux véhicules - côté,3,2,2,0,1,1,1,0,1,70,2,4,2,0,0,2,23.0,69.0,voiture,deux_roues,1,1,1,1,3
202200040534,2022-08-20 14:25:00,2022,8,20,14,25,84,84034,Chemin des Terres de Mague,43.906264,4.95418,Plein jour,En agglomération,Autre intersection,Normale,Deux véhicules - frontale,4,2,1,0,2,1,9,0,3,50,1,5,1,0,1,3,18.0,,voiture,,1,2,9,1,1
202200040535,2022-02-24 21:35:00,2022,2,24,21,35,78,78431,A13,48.93951,1.95534,Nuit sans éclairage public,Hors agglomération,Hors intersection,Normale,Trois véhicules et plus - collisions multiples,1,1,3,0,1,1,2,0,1,130,3,4,2,0,0,2,28.0,36.0,voiture,utilitaire_camion,3,1,1,1,5
202200040536,2022-05-30 18:30:00,2022,5,30,18,30,58,58112,Route de Thiernay,46.962155,3.334689,Plein jour,Hors agglomération,Hors intersection,Normale,Deux véhicules - arrière,9,2,2,0,1,1,1,2,1,80,2,2,0,0,0,2,15.0,15.0,deux_roues,deux_roues,1,1,1,1,2
202200040537,2022-08-23 16:25:00,2022,8,23,16,25,83,83112,Route de Bandol,43.168139,5.717584,Plein jour,Hors agglomération,Hors intersection,Normale,Autre collision,3,2,2,0,2,1,1,0,3,-1,1,3,0,1,2,0,69.0,,voiture,,1,1,1,1,6
202200040538,2022-06-14 14:10:00,2022,6,14,14,10,75,75108,COURS LA REINE,48.864092,2.320126,Plein jour,En agglomération,Intersection en X,Normale,Deux véhicules - côté,4,3,2,0,1,1,1,0,1,30,2,3,2,0,0,1,59.0,24.0,transport_commun,deux_roues,1,2,2,1,3
202200040539,2022-08-14 22:40:00,2022,8,14,22,40,83,83119,Route des Plages,43.258866,6.632422,Nuit sans éclairage public,En agglomération,Hors intersection,Normale,Autre collision,3,2,2,1,2,1,1,5,8,50,1,1,0,0,0,1,27.0,,deux_roues,,3,2,1,1,6
202200040540,2022-07-14 01:46:00,2022,7,14,1,46,54,54393,1 Rue du General Leclerc,48.484139,6.562811,Nuit avec éclairage allumé,En agglomération,Hors intersection,Normale,Autre collision,3,2,2,0,1,2,1,0,3,50,1,2,1,0,0,1,38.0,,voiture,,5,2,1,1,6
202200040541,2022-02-23 07:08:00,2022,2,23,7,8,92,92025,A86,48.9324073982,2.2485267811,Nuit avec éclairage non allumé,Hors agglomération,Hors intersection,Normale,Trois véhicules et plus - en chaîne,1,3,5,0,1,1,1,0,1,90,3,3,2,1,0,0,27.0,45.0,deux_roues,transport_commun,4,1,1,1,4
202200040542,2022-07-14 01:10:00,2022,7,14,1,10,14,14743,D16,49.173666,0.010042,Nuit sans éclairage public,Hors agglomération,Hors intersection,Normale,Autre collision,3,2,2,0,1,1,1,0,3,90,1,1,0,0,0,1,27.0,,voiture,,3,1,1,1,6
202200040543,2022-06-13 11:35:00,2022,6,13,11,35,75,75104,QUAI DE L HOTEL DE VILLE,48.854402,2.354945,Plein jour,En agglomération,Intersection en X,Normale,Deux véhicules - côté,4,2,4,0,1,1,1,0,1,30,2,2,1,0,0,1,31.0,49.0,voiture,deux_roues,1,2,2,1,3
202200040544,2022-08-22 14:00:00,2022,8,22,14,0,83,83138,D562,43.610456,6.728548,Plein jour,Hors agglomération,Hors intersection,Normale,Deux véhicules - côté,3,2,2,0,1,1,1,1,1,80,2,2,1,0,1,0,54.0,46.0,voiture,deux_roues,1,1,1,1,3
202200040545,2022-02-25 15:30:00,2022,2,25,15,30,92,92036,AUTOROUTE A86,48.9339953804,2.3205880188,Plein jour,Hors agglomération,Hors intersection,Temps éblouissant,Deux véhicules - côté,1,3,6,0,1,2,1,0,1,90,2,2,1,0,1,0,33.0,43.0,deux_roues,voiture,1,1,1,7,3
202200040546,2022-08-19 15:50:00,2022,8,19,15,50,04,04245,D4096,43.878949,5.845832,Plein jour,En agglomération,Intersection en T,Normale,Deux véhicules - côté,3,2,2,0,1,1,1,0,1,50,2,2,1,0,1,0,16.0,80.0,deux_roues,voiture,1,2,3,1,3
202200040547,2022-07-13 09:00:00,2022,7,13,9,0,14,14692,D13,49.177411,-0.619054,Plein jour,En agglomération,Intersection en T,Normale,Deux véhicules - frontale,3,2,2,0,2,2,1,0,1,50,2,2,1,0,1,0,76.0,67.0,voiture,deux_roues,1,2,3,1,1
202200040548,2022-02-25 13:00:00,2022,2,25,13,0,93,93063,AUTOROUTE A3,48.87924,2.44886,Plein jour,Hors agglomération,Hors intersection,Normale,Deux véhicules - côté,1,3,4,0,1,1,1,1,1,90,2,2,1,0,1,0,22.0,35.0,deux_roues,voiture,1,1,1,1,3
202200040549,2022-06-13 17:50:00,2022,6,13,17,50,94,94068,CHAMPIGNY (BD DE),48.80445,2.50863,Plein jour,En agglomération,Hors intersection,Normale,Deux véhicules - côté,3,2,2,0,1,1,1,0,1,30,2,3,2,0,0,1,21.0,31.0,voiture,deux_roues,1,2,1,1,3
202200040550,2022-08-21 11:15:00,2022,8,21,11,15,54,54065,Chemin de Thiaville,48.42388946,6.805756689,Plein jour,Hors agglomération,Hors intersection,Normale,Sans collision,4,2,2,0,1,1,1,0,1,50,1,1,0,1,0,0,81.0,,deux_roues,,1,1,1,1,7
202200040551,2022-07-14 13:15:00,2022,7,14,13,15,60,60535,Rue de Froissy,49.524316,2.219061,Plein jour,Hors agglomération,Hors intersection,Normale,Sans collision,3,2,2,0,1,1,1,0,1,80,1,1,0,0,0,1,36.0,,voiture,,1,1,1,1,7
202200040552,2022-02-25 19:15:00,2022,2,25,19,15,77,77169,RN104,48.8035728679,2.6271817781,Nuit sans éclairage public,Hors agglomération,Hors intersection,Normale,Autre collision,2,1,2,0,1,1,1,0,1,70,1,1,0,0,0,1,33.0,,deux_roues,,3,1,1,1,6
202200040553,2022-07-13 20:15:00,2022,7,13,20,15,18,18028,L’Ermitage,47.104266,2.313877,Crépuscule ou aube,Hors agglomération,Hors intersection,Temps éblouissant,Deux véhicules - frontale,3,2,2,0,3,1,1,0,1,80,2,2,0,0,1,1,45.0,53.0,deux_roues,voiture,2,1,1,7,1
202200040554,2022-08-23 11:15:00,2022,8,23,11,15,69,69131,27 Route des Monts du Lyonnais,45.695758,4.684887,Plein jour,En agglomération,Hors intersection,Normale,Deux véhicules - côté,3,2,2,0,1,2,1,0,8,50,2,3,2,0,0,1,16.0,23.0,deux_roues,voiture,1,2,1,1,3
202200040555,2022-06-14 18:30:00,2022,6,14,18,30,94,94021,Av du Pdt Franklin Roosevelt,48.7713,2.3614,Plein jour,En agglomération,Intersection en T,Normale,Deux véhicules - frontale,4,2,2,1,1,1,1,0,5,50,2,2,1,0,0,1,19.0,33.0,deux_roues,voiture,1,2,3,1,1
202200040556,2022-02-24 13:50:00,2022,2,24,13,50,76,76540,Boulevard de l'Europe,49.42782,1.08235,Plein jour,En agglomération,Hors intersection,Pluie légère,Autre collision,4,2,5,3,1,1,2,0,1,50,1,2,1,0,0,1,29.0,,utilitaire_camion,,1,2,1,2,6
202200040557,2022-08-22 10:00:00,2022,8,22,10,0,61,61382,rue des acacias,48.45896,-0.042626,Plein jour,En agglomération,Hors intersection,Normale,Autre collision,3,2,2,0,1,1,1,9,1,50,1,2,1,0,0,1,23.0,,utilitaire_camion,,1,2,1,1,6
202200040558,2022-07-13 19:40:00,2022,7,13,19,40,40,40086,Route de Pau,43.6771713605,-0.4977343749,Plein jour,Hors agglomération,Intersection en X,Normale,Deux véhicules - côté,3,2,2,0,1,1,1,0,1,80,2,4,2,1,0,1,19.0,49.0,voiture,deux_roues,1,1,2,1,3
202200040559,2022-02-23 11:45:00,2022,2,23,11,45,72,72181,NATIONALE (RUE),48.000237,0.207317,Plein jour,En agglomération,Hors intersection,Normale,Deux véhicules - arrière,4,1,1,0,1,1,1,0,1,50,2,2,1,0,0,1,57.0,44.0,deux_roues,utilitaire_camion,1,2,1,1,2
202200040560,2022-06-12 16:35:00,2022,6,12,16,35,94,94028,Carrefour de Pompadour / Avenue du Maréchal Foch / Avenue de la Pompadour,48.7741293806,2.4390236722,Plein jour,En agglomération,Giratoire,Normale,Deux véhicules - arrière,3,3,4,0,1,1,1,0,1,50,2,2,1,0,0,1,33.0,42.0,voiture,voiture,1,2,6,1,2
202200040561,2022-08-21 13:30:00,2022,8,21,13,30,22,22093,Le Vau Jaune Maroué,48.4172,-2.499712,Plein jour,Hors agglomération,Hors intersection,Pluie légère,Deux véhicules - frontale,3,3,2,0,1,1,2,0,1,80,2,3,0,0,2,1,30.0,57.0,voiture,voiture,1,1,1,2,1
202200040562,2022-02-23 09:00:00,2022,2,23,9,0,07,07019,DOCTEUR PARGOIRE (RUE),44.61849,4.38301,Plein jour,En agglomération,Hors intersection,Normale,Autre collision,4,2,2,0,2,1,1,0,1,30,1,2,1,0,1,0,71.0,,voiture,,1,2,1,1,6
202200040563,2022-07-14 06:10:00,2022,7,14,6,10,24,24016,Route des Charentaises,45.573208,0.701612,Crépuscule ou aube,Hors agglomération,Hors intersection,Normale,Deux véhicules - frontale,3,2,2,0,1,2,1,0,1,80,2,3,0,0,1,2,29.0,48.0,utilitaire_camion,utilitaire_camion,2,1,1,1,1
202200040564,2022-08-23 17:32:00,2022,8,23,17,32,27,27003,D82,49.168204,1.164594,Plein jour,Hors agglomération,Autre intersection,Normale,Deux véhicules - frontale,3,2,2,0,2,3,1,0,1,80,2,2,1,0,1,0,56.0,56.0,voiture,deux_roues,1,1,9,1,1
202200040565,2022-06-14 14:55:00,2022,6,14,14,55,94,94022,Avenue du 25 Aout 1944,48.762277,2.402352,Plein jour,En agglomération,Hors intersection,Normale,Deux véhicules - arrière,3,3,2,2,1,1,1,0,1,50,2,3,2,0,0,1,22.0,49.0,voiture,voiture,1,2,1,1,2
202200040566,2022-08-23 12:05:00,2022,8,23,12,5,60,60682,D120,49.261251,2.630196,Plein jour,Hors agglomération,Hors intersection,Normale,Sans collision,3,2,2,0,1,2,1,0,3,80,1,1,0,0,1,0,41.0,,utilitaire_camion,,1,1,1,1,7
202200040567,2022-07-14 07:53:00,2022,7,14,7,53,85,85179,RD108,46.51414,-1.54211,Crépuscule ou aube,Hors agglomération,Intersection en X,Normale,Deux véhicules - côté,3,2,2,0,1,1,1,5,1,80,2,2,0,0,1,1,48.0,27.0,utilitaire_camion,utilitaire_camion,2,1,2,1,3
202200040568,2022-02-24 00:50:00,2022,2,24,0,50,972,97213,ROUTE NATIONALE 1,14.62497379,-60.9827899933,Nuit avec éclairage non allumé,Hors agglomération,Hors intersection,Pluie légère,Deux véhicules - arrière,2,3,4,0,1,1,2,0,1,80,2,2,1,0,1,0,32.0,56.0,voiture,deux_roues,4,1,1,2,2
202200040569,2022-06-14 04:00:00,2022,6,14,4,0,93,93070,Boulevard Jean Jaurès,48.91499,2.33749,Nuit avec éclairage allumé,En agglomération,Hors intersection,Normale,Autre collision,3,3,4,1,1,1,1,0,5,50,1,1,0,0,0,1,37.0,,deux_roues,,5,2,1,1,6
202200040570,2022-08-22 15:50:00,2022,8,22,15,50,60,60524,D1016,49.342863,2.432973,Plein jour,Hors agglomération,Hors intersection,Normale,Sans collision,3,3,2,0,1,1,1,0,3,110,1,1,0,0,0,1,41.0,,voiture,,1,1,1,1,7
202200040571,2022-02-24 08:10:00,2022,2,24,8,10,972,97209,GENERAL DE GAULLE (BLD DU),14.60747,-61.06837,Plein jour,En agglomération,Autre intersection,Normale,Autre collision,2,-1,2,3,1,1,1,0,1,50,1,2,1,0,0,1,76.0,,utilitaire_camion,,1,2,9,1,6
202200040572,2022-07-13 09:50:00,2022,7,13,9,50,38,38191,D 211,45.081529,6.060129,Plein jour,En agglomération,Hors intersection,Normale,Deux véhicules - côté,3,2,2,0,2,1,1,9,1,50,2,2,1,0,1,0,36.0,26.0,utilitaire_camion,deux_roues,1,2,1,1,3
202200040573,2022-08-21 20:45:00,2022,8,21,20,45,83,83027,A50,43.1647157066,5.7670283318,Nuit sans éclairage public,Hors agglomération,Hors intersection,Normale,Sans collision,1,3,2,0,1,1,1,0,1,130,1,4,0,0,0,4,23.0,,voiture,,3,1,1,1,7
202200040574,2022-02-24 12:45:00,2022,2,24,12,45,69,69389,22 Quai Arloing,45.7723,4.81101,Plein jour,En agglomération,Hors intersection,Temps couvert,Autre collision,4,2,5,1,1,1,1,0,1,50,1,2,1,0,0,1,20.0,,voiture,,1,2,1,8,6
202200040575,2022-07-14 07:00:00,2022,7,14,7,0,34,34333,D612 - Route de Montpellier,43.481395,3.77287,Plein jour,Hors agglomération,Hors intersection,Normale,Deux véhicules - frontale,3,2,2,0,1,2,1,0,1,80,2,2,0,0,1,1,19.0,44.0,voiture,autre,1,1,1,1,1
202200040576,2022-06-13 13:20:00,2022,6,13,13,20,93,93070,CHARLES SCHMIDT(RUE) : DU 1 AU 47,48.903088,2.333995,Plein jour,En agglomération,Intersection en T,Normale,Trois véhicules et plus - collisions multiples,4,2,2,0,1,1,1,0,1,50,4,5,3,0,1,1,56.0,38.0,voiture,deux_roues,1,2,3,1,5
202200040577,2022-08-21 16:45:00,2022,8,21,16,45,59,59260,AUTOROUTE A16,51.0569786868,2.5615096092,Plein jour,Hors agglomération,Hors intersection,Normale,Deux véhicules - arrière,1,-1,4,0,1,1,1,0,1,130,2,2,1,0,0,1,43.0,59.0,utilitaire_camion,voiture,1,1,1,1,2
202200040578,2022-02-24 10:10:00,2022,2,24,10,10,2A,2A004,SCAMARONI FRED BD,41.9155428977,8.7278582535,Plein jour,En agglomération,Hors intersection,Normale,Autre collision,4,2,2,0,1,1,1,0,1,50,2,2,1,0,0,1,,49.0,utilitaire_camion,deux_roues,1,2,1,1,6
202200040579,2022-07-14 11:50:00,2022,7,14,11,50,06,06030,Autoroute A8 PK 162.500 NORD,43.583127,7.021122,Plein jour,Hors agglomération,Hors intersection,Normale,Trois véhicules et plus - collisions multiples,1,3,5,0,1,1,1,0,1,110,3,4,0,0,1,3,36.0,53.0,voiture,voiture,1,1,1,1,5
202200040580,2022-08-22 19:05:00,2022,8,22,19,5,91,91136,AUTOROUTE A10,48.71275,2.2817,Plein jour,Hors agglomération,Hors intersection,Normale,Deux véhicules - arrière,1,3,3,0,1,1,1,0,1,90,2,2,1,0,0,1,43.0,31.0,utilitaire_camion,deux_roues,1,1,1,1,2
202200040581,2022-06-14 16:05:00,2022,6,14,16,5,93,93064,Avenue Jean Jaurès / Rue Marcellin Berthelot,48.864167,2.488204,Plein jour,En agglomération,Intersection en X,Normale,Deux véhicules - côté,3,2,2,0,1,1,1,0,1,50,2,2,1,0,0,1,68.0,29.0,voiture,deux_roues,1,2,2,1,3
202200040582,2022-02-23 19:40:00,2022,2,23,19,40,87,87085,CHABEAUDIE  (CHEMIN DE LA),45.85023,1.2156,Nuit sans éclairage public,Hors agglomération,Hors intersection,Normale,Autre collision,4,2,2,0,1,1,1,0,1,50,1,1,0,0,0,1,37.0,,voiture,,3,1,1,1,6
202200040583,2022-08-22 12:00:00,2022,8,22,12,0,91,91689,AUTOROUTE A6B,48.74856,2.32665,Plein jour,Hors agglomération,Hors intersection,Pluie légère,Sans collision,1,1,3,0,2,1,2,0,1,90,1,1,0,0,0,1,21.0,,voiture,,1,1,1,2,7
202200040584,2022-07-13 04:45:00,2022,7,13,4,45,28,28392,A10,48.23652,1.85007,Nuit sans éclairage public,Hors agglomération,Hors intersection,Normale,Autre collision,1,3,3,0,1,1,1,0,3,130,1,2,1,0,1,0,71.0,,voiture,,3,1,1,1,6
202200040585,2022-08-21 23:00:00,2022,8,21,23,0,92,92036,AUTOROUTE A15,48.9406783537,2.2926308104,Nuit sans éclairage public,Hors agglomération,Hors intersection,Normale,Autre collision,1,1,2,0,2,3,1,0,1,70,1,1,0,0,0,1,21.0,,voiture,,3,1,1,1,6
202200040586,2022-06-14 18:50:00,2022,6,14,18,50,93,93077,Avenue de Rosny,48.88523,2.50351,Plein jour,En agglomération,Hors intersection,Normale,Deux véhicules - côté,3,2,4,0,1,1,1,0,1,50,2,4,0,0,0,4,43.0,24.0,voiture,voiture,1,2,1,1,3
202200040587,2022-02-23 15:44:00,2022,2,23,15,44,87,87085,FEYTIAT (RUE DE),45.81797,1.289,Plein jour,En agglomération,Intersection en T,Normale,Deux véhicules - côté,3,4,3,0,1,1,1,0,1,50,2,2,1,0,0,1,62.0,31.0,voiture,deux_roues,1,2,3,1,3
202200040588,2022-08-22 08:30:00,2022,8,22,8,30,94,94046,A86 EXT,48.8118278382,2.4491292177,Plein jour,Hors agglomération,Hors intersection,Normale,Autre collision,1,-1,4,0,1,1,1,0,1,90,2,2,1,0,0,1,59.0,20.0,voiture,deux_roues,1,1,1,1,6
202200040589,2022-07-13 08:10:00,2022,7,13,8,10,69,69206,Autoroute 6,46.083233,4.742746,Plein jour,Hors agglomération,Hors intersection,Normale,Deux véhicules - arrière,1,3,6,0,1,1,1,0,1,130,2,6,4,0,0,2,33.0,74.0,voiture,voiture,1,1,1,1,2
202200040590,2022-02-18 22:30:00,2022,2,18,22,30,85,85194,RUE DE LA MARCELLIERE,46.48601,-1.75409,Nuit sans éclairage public,En agglomération,Hors intersection,Normale,Autre collision,4,-1,2,0,1,1,1,0,3,50,1,1,0,0,1,0,41.0,,deux_roues,,3,2,1,1,6
202200040591,2022-08-22 02:00:00,2022,8,22,2,0,94,94073,A86 EXT,48.7701146919,2.3822327243,Nuit sans éclairage public,Hors agglomération,Hors intersection,Normale,Autre collision,1,3,2,0,1,3,1,0,1,90,1,1,0,0,0,1,32.0,,deux_roues,,3,1,1,1,6
202200040592,2022-07-13 19:25:00,2022,7,13,19,25,27,27469,,49.2808686962,1.1279118061,Plein jour,Hors agglomération,Hors intersection,Normale,Autre collision,1,3,4,0,2,1,1,0,2,130,1,1,0,0,0,1,54.0,,voiture,,1,1,1,1,6
202200040593,2022-06-14 17:45:00,2022,6,14,17,45,93,93055,Avenue Jean Lolive / Rue Ernest Renan,48.894248,2.418641,Plein jour,En agglomération,Intersection en X,Normale,Deux véhicules - côté,3,2,4,0,1,1,1,0,1,50,2,2,1,0,1,0,34.0,25.0,voiture,deux_roues,1,2,2,1,3
202200040594,2022-03-22 19:00:00,2022,3,22,19,0,91,91386,JEAN JAURES ( RUE),48.574913,2.443855,Crépuscule ou aube,En agglomération,Passage à niveau,Normale,Autre collision,4,2, -1,-1,1,1,1,4,8,-1,1,2,1,1,0,0,38.0,,transport_commun,,2,2,8,1,6
202200040595,2022-02-12 09:35:00,2022,2,12,9,35,78,78138,ARCADES (PLACE DES),48.97292,2.03726,Plein jour,En agglomération,Place,Brouillard / fumée,Autre collision,4,3,2,0,1,1,1,9,1,50,1,2,1,0,0,1,27.0,,voiture,,1,2,7,5,6
202200040596,2022-06-14 12:35:00,2022,6,14,12,35,93,93055,Rue Delizy,48.89732,2.40801,Plein jour,En agglomération,Hors intersection,Normale,Autre collision,3,3,2,1,2,1,1,0,1,50,1,2,1,0,0,1,37.0,,deux_roues,,1,2,1,1,6
202200040597,2022-05-05 13:00:00,2022,5,5,13,0,14,14258,D509,48.883729,-0.205269,Plein jour,En agglomération,Hors intersection,Normale,Deux véhicules - côté,3,2,2,0,1,3,1,0,1,50,2,2,1,0,1,0,67.0,57.0,deux_roues,utilitaire_camion,1,2,1,1,3
202200040598,2022-02-24 16:15:00,2022,2,24,16,15,77,77048,D104,48.32768,2.70186,Plein jour,Hors agglomération,Hors intersection,Pluie légère,Autre collision,3,2,2,0,1,1,2,0,3,80,1,1,0,0,0,1,22.0,,voiture,,1,1,1,2,6
202200040599,2022-07-14 21:15:00,2022,7,14,21,15,988,98821,Col de La Pirogue - RT1,-22.0785,166.30164,Nuit sans éclairage public,Hors agglomération,Hors intersection,Normale,Autre collision,2,2,2,0,1,1,2,0,3,90,1,1,0,1,0,0,32.0,,voiture,,3,1,1,1,6
202200040600,2022-05-04 16:00:00,2022,5,4,16,0,14,14514,A13,49.292497289,0.2030003071,Plein jour,Hors agglomération,Hors intersection,Normale,Deux véhicules - côté,1,2,2,0,1,3,1,0,2,50,2,3,2,0,1,0,41.0,62.0,deux_roues,voiture,1,1,1,1,3
202200040601,2022-02-23 17:25:00,2022,2,23,17,25,74,74012,ANNEXION (RUE DE L'),46.18628,6.23655,Plein jour,En agglomération,Hors intersection,Normale,Autre collision,4,2,2,0,1,1,1,9,8,50,1,2,1,0,0,1,,,voiture,,1,2,1,1,6
202200040602,2022-03-29 19:15:00,2022,3,29,19,15,971,97118,Route de la Traversee,16.197511,-61.645392,Nuit sans éclairage public,Hors agglomération,Hors intersection,Normale,Deux véhicules - frontale,3,2,2,0,1,2,1,0,1,70,2,3,2,0,1,0,41.0,50.0,voiture,voiture,3,1,1,1,1
202200040603,2022-06-14 08:01:00,2022,6,14,8,1,93,93053,Rue Paul Vaillant Couturier,48.89214,2.4439,Plein jour,En agglomération,Autre intersection,Normale,Deux véhicules - côté,3,2,2,0,1,1,1,0,4,50,2,2,1,0,0,1,48.0,47.0,voiture,deux_roues,1,2,9,1,3
202200040604,2022-08-21 18:45:00,2022,8,21,18,45,988,98818,VE1/RUE BERTHELOT,-22.26044,166.4444,Nuit avec éclairage non allumé,En agglomération,Giratoire,Pluie légère,Autre collision,1,3,4,0,1,1,2,0,1,50,1,2,1,0,0,1,59.0,,voiture,,4,2,6,2,6
202200040605,2022-02-24 16:30:00,2022,2,24,16,30,64,64445,CAMI SALIE DU,43.3313170465,-0.3581863147,Plein jour,En agglomération,Intersection en T,Normale,Deux véhicules - arrière,3,2,2,0,1,1,1,0,1,50,2,2,1,0,0,1,21.0,80.0,voiture,deux_roues,1,2,3,1,2
202200040606,2022-07-13 10:30:00,2022,7,13,10,30,83,83099,,43.459015,6.668755,Plein jour,En agglomération,Intersection en Y,Normale,Deux véhicules - frontale,3,2,2,0,1,1,1,0,1,70,2,4,2,0,1,1,54.0,39.0,deux_roues,voiture,1,2,4,1,1
202200040607,2022-08-21 14:40:00,2022,8,21,14,40,973,97302,MADELEINE (ROUTE DE LA),4.91708,-52.32145,Plein jour,En agglomération,Hors intersection,Normale,Deux véhicules - arrière,3,2,2,0,1,1,1,0,1,50,2,2,1,0,0,1,18.0,47.0,deux_roues,voiture,1,2,1,1,2
202200040608,2022-06-02 13:00:00,2022,6,2,13,0,93,93051,Rue des Ormes / Rue Pierre Brossolette,48.8436796292,2.5288311839,Plein jour,En agglomération,Intersection en T,Normale,Deux véhicules - côté,3,2,2,0,1,1,1,0,1,50,2,2,1,0,0,1,54.0,65.0,voiture,voiture,1,2,3,1,3
202200040609,2022-02-23 20:35:00,2022,2,23,20,35,64,64024,AVENUE DE L'ADOUR ,43.507246,-1.497364,Nuit avec éclairage allumé,En agglomération,Hors intersection,Normale,Deux véhicules - côté,4,3,2,0,1,1,1,5,1,50,2,2,1,0,1,0,32.0,17.0,voiture,deux_roues,5,2,1,1,3
202200040610,2022-07-13 18:30:00,2022,7,13,18,30,13,13084,D561,43.722327,5.304707,Plein jour,En agglomération,Hors intersection,Normale,Deux véhicules - frontale,7,2,2,0,1,2,1,0,1,80,2,2,1,0,1,0,45.0,56.0,voiture,deux_roues,1,2,1,1,1
202200040611,2022-08-21 11:50:00,2022,8,21,11,50,973,97302,BRUTUS (CITE),4.93724,-52.31923,Plein jour,En agglomération,Intersection en T,Normale,Deux véhicules - côté,4,2,1,0,1,1,1,0,1,30,2,2,1,0,1,0,18.0,40.0,deux_roues,voiture,1,2,3,1,3
202200040612,2022-02-23 10:10:00,2022,2,23,10,10,64,64102,Avenue Henri de Navarre,43.4988526709,-1.4473807987,Plein jour,En agglomération,Hors intersection,Normale,Deux véhicules - arrière,3,2,3,0,1,1,1,0,1,50,2,2,1,0,0,1,27.0,51.0,voiture,voiture,1,2,1,1,2
202200040613,2022-07-14 01:40:00,2022,7,14,1,40,71,71342,N79,46.468983,4.117212,Nuit sans éclairage public,Hors agglomération,Hors intersection,Normale,Deux véhicules - arrière,2,3,4,0,1,1,1,3,1,110,2,2,1,1,0,0,59.0,31.0,deux_roues,utilitaire_camion,3,1,1,1,2
202200040614,2022-08-20 21:25:00,2022,8,20,21,25,972,97209,RD 41 (ROCADE),14.61227,-61.07773,Nuit sans éclairage public,Hors agglomération,Autre intersection,Pluie forte,Autre collision,3,1,2,0,2,3,2,9,1,60,1,2,0,0,2,0,69.0,,voiture,,3,1,9,3,6
202200040615,2022-06-14 22:45:00,2022,6,14,22,45,93,93057,Avenue Aristide Briand,48.911255,2.51729,Nuit avec éclairage allumé,En agglomération,Hors intersection,Normale,Autre collision,3,3,4,1,1,1,1,0,1,50,2,3,2,0,0,1,55.0,51.0,voiture,voiture,5,2,1,1,6
202200040616,2022-02-20 06:03:00,2022,2,20,6,3,63,63113,FLAUBERT (BD GUSTAVE),45.76992,3.12323,Crépuscule ou aube,Hors agglomération,Hors intersection,Normale,Sans collision,7,3,4,0,1,1,1,0,1,50,1,1,0,0,1,0,25.0,,voiture,,2,1,1,1,7
202200040617,2022-06-29 07:15:00,2022,6,29,7,15,67,67348,51 Rue du General Leclerc,48.4731394027,7.4960017204,Plein jour,En agglomération,Hors intersection,Temps couvert,Deux véhicules - côté,3,2,2,0,1,1,1,0,1,50,2,2,1,0,1,0,57.0,48.0,voiture,deux_roues,1,2,1,8,3
202200040618,2022-08-21 19:45:00,2022,8,21,19,45,69,69034,Quai Clémenceau,45.79248,4.8249,Plein jour,En agglomération,Intersection en T,Normale,Deux véhicules - côté,4,2,2,0,1,1,1,0,1,50,2,2,1,0,0,1,48.0,26.0,voiture,deux_roues,1,2,3,1,3
202200040619,2022-08-21 15:10:00,2022,8,21,15,10,91,91114,RTE NATIONALE 6,48.6877,2.4854,Plein jour,En agglomération,Hors intersection,Normale,Sans collision,3,2,2,0,1,1,1,0,1,90,1,2,0,0,0,2,74.0,,voiture,,1,2,1,1,7
202200040620,2022-06-14 18:30:00,2022,6,14,18,30,93,93047,Avenue Gabriel Péri / Avenue des Pervenches,48.88721,2.55159,Plein jour,En agglomération,Intersection en X,Normale,Deux véhicules - côté,4,2,2,0,1,1,1,0,1,50,2,2,1,0,0,1,28.0,23.0,voiture,voiture,1,2,2,1,3
202200040621,2022-02-23 12:55:00,2022,2,23,12,55,62,62826,GENERAL DE GAULLE (AVENUE DU),50.509267,1.598624,Plein jour,En agglomération,Hors intersection,Normale,Deux véhicules - arrière,3,2,2,0,1,1,1,0,1,50,2,2,1,0,1,0,67.0,57.0,voiture,deux_roues,1,2,1,1,2