accident_id,datetime,annee,mois,jour,heure,minute,departement,commune_insee,adresse,latitude,longitude,luminosite,agglomeration,intersection,meteo,collision,catr,circ,nbv,vosp,prof,plan,surf,infra,situ,vma,nb_vehicules,nb_usagers,nb_indemnes,nb_tues,nb_blesses_hosp,nb_blesses_legers,age_cond_1,age_cond_2,veh_type_cond_1,veh_type_cond_2,lum_code,agg_code,int_code,atm_code,col_code
202200040622,2022-07-13 18:15:00,2022,7,13,18,15,33,33012,Avenue de l Esclause,44.986451,-0.681431,Plein jour,Hors agglomération,Hors intersection,Normale,Autre collision,4,-1,2,0,1,3,1,0,3,80,1,3,1,0,1,1,57.0,,voiture,,1,1,1,1,6
202200040623,2022-02-23 23:00:00,2022,2,23,23,0,59,59426,TOURCOING (RUE DE),50.75006,3.15442,Nuit avec éclairage allumé,En agglomération,Hors intersection,Normale,Autre collision,4,2,2,0,1,1,1,0,1,50,1,2,1,0,1,0,19.0,,voiture,,5,2,1,1,6
202200040624,2022-06-14 09:40:00,2022,6,14,9,40,93,93005,Rue Clément Ader,48.9436624593,2.4814655186,Plein jour,En agglomération,Autre intersection,Normale,Autre collision,4,2,2,0,1,1,1,0,1,50,1,2,1,0,0,1,27.0,,voiture,,1,2,9,1,6
202200040625,2022-07-13 15:24:00,2022,7,13,15,24,33,33322,Route de Soulac,44.951624,-0.700036,Plein jour,En agglomération,Hors intersection,Normale,Deux véhicules - frontale,3,2,2,0,1,1,1,0,1,80,2,3,0,1,1,1,68.0,56.0,voiture,utilitaire_camion,1,2,1,1,1
202200040626,2022-08-21 16:45:00,2022,8,21,16,45,91,91114,RTE NATIONALE 6,48.67801,2.49667,Plein jour,En agglomération,Hors intersection,Normale,Trois véhicules et plus - collisions multiples,3,3,4,0,1,1,1,0,1,90,5,7,5,0,0,2,,33.0,voiture,voiture,1,2,1,1,5
202200040627,2022-06-14 11:58:00,2022,6,14,11,58,92,92075,LARMEROUX (RUE),48.815804648,2.2792085856,Plein jour,En agglomération,Hors intersection,Normale,Deux véhicules - côté,3,2,4,2,1,1,1,0,1,50,2,2,1,0,0,1,49.0,45.0,voiture,deux_roues,1,2,1,1,3
202200040628,2022-02-22 18:30:00,2022,2,22,18,30,58,58194,GRAND PRE DES BORDES,46.99198,3.12328,Plein jour,En agglomération,Hors intersection,Normale,Deux véhicules - arrière,4,2,2,0,1,1,1,0,1,30,2,2,1,0,1,0,40.0,40.0,voiture,deux_roues,1,2,1,1,2
202200040629,2022-07-11 20:45:00,2022,7,11,20,45,33,33474,4 Route de la Paloumeyre,44.673353,-0.491048,Crépuscule ou aube,Hors agglomération,Hors intersection,Normale,Autre collision,3,2,2,0,1,1,1,0,1,80,1,2,1,0,0,1,21.0,,voiture,,2,1,1,1,6
202200040630,2022-06-13 23:50:00,2022,6,13,23,50,92,92046,PIERRE BROSSOLETTE,48.8158073414,2.3052014708,Nuit avec éclairage allumé,En agglomération,Hors intersection,Normale,Autre collision,3,2,2,0,1,1,1,0,1,50,1,1,0,0,0,1,51.0,,deux_roues,,5,2,1,1,6
202200040631,2022-08-19 13:55:00,2022,8,19,13,55,83,83050,GRASSE(AVENUE DE),43.540977,6.467789,Plein jour,Hors agglomération,Hors intersection,Normale,Sans collision,3,2,2,0,2,1,1,0,3,70,1,3,0,0,3,0,59.0,,deux_roues,,1,1,1,1,7
202200040632,2022-08-21 10:00:00,2022,8,21,10,0,76,76451,72 Avenue du Mont aux Malades,49.468853,1.066711,Plein jour,En agglomération,Hors intersection,Normale,Autre collision,4,2,2,0,2,2,1,-1,8,50,1,1,0,0,1,0,33.0,,voiture,,1,2,1,1,6
202200040633,2022-06-14 13:10:00,2022,6,14,13,10,92,92072,JOURNAULT (AVENUE LEON),48.82438,2.21654,Plein jour,En agglomération,Hors intersection,Normale,Deux véhicules - frontale,4,2,2,0,1,1,1,0,1,50,2,2,1,0,0,1,17.0,42.0,deux_roues,deux_roues,1,2,1,1,1
202200040634,2022-07-13 18:45:00,2022,7,13,18,45,85,85003,D948,46.731213,-1.583426,Plein jour,Hors agglomération,Hors intersection,Normale,Trois véhicules et plus - en chaîne,3,3,4,0,1,1,1,0,1,110,3,6,4,0,2,0,26.0,33.0,utilitaire_camion,voiture,1,1,1,1,4
202200040635,2022-02-25 23:47:00,2022,2,25,23,47,51,51454,Rue du Commerce,49.27027,4.03948,Nuit avec éclairage allumé,En agglomération,Autre intersection,Normale,Deux véhicules - frontale,4,2,2,0,1,2,1,0,1,50,2,9,6,0,0,3,21.0,21.0,voiture,voiture,5,2,9,1,1
202200040636,2022-06-14 04:15:00,2022,6,14,4,15,92,92051,"CHARLES DE GAULLE (AVENUE,N°118 A 192 +",48.8831636649,2.26565364,Nuit avec éclairage allumé,En agglomération,Hors intersection,Normale,Deux véhicules - arrière,2,1,3,0,1,1,1,0,1,50,2,2,1,0,0,1,50.0,28.0,utilitaire_camion,deux_roues,5,2,1,1,2
202200040637,2022-08-21 21:10:00,2022,8,21,21,10,69,69266,Rue Antonin Perrin,45.75851,4.88512,Nuit avec éclairage allumé,En agglomération,Intersection en T,Normale,Deux véhicules - côté,4,2,2,2,1,1,1,9,5,50,2,3,1,0,0,2,23.0,,deux_roues,voiture,5,2,3,1,3
202200040638,2022-07-14 11:28:00,2022,7,14,11,28,62,62354,24 Rue de Boulogne,50.554006,1.696836,Plein jour,En agglomération,Hors intersection,Normale,Deux véhicules - côté,3,2,2,0,1,1,1,0,1,50,2,3,2,0,1,0,26.0,18.0,voiture,deux_roues,1,2,1,1,3
202200040639,2022-02-24 09:50:00,2022,2,24,9,50,49,49007,CHURCHILL AVENUE ET SQUARE,47.452,-0.5559,Plein jour,En agglomération,Hors intersection,Normale,Autre collision,4,3,2,0,1,1,1,0,1,30,1,2,1,0,0,1,80.0,,voiture,,1,2,1,1,6
202200040640,2022-08-21 21:43:00,2022,8,21,21,43,64,64445,SAINT-LOUIS DE GONZAGUE,43.29583,-0.36605,Nuit avec éclairage allumé,En agglomération,Intersection en X,Normale,Deux véhicules - côté,4,2,2,0,1,2,1,0,1,30,2,2,1,0,0,1,32.0,43.0,deux_roues,voiture,5,2,2,1,3
202200040641,2022-06-13 21:30:00,2022,6,13,21,30,92,92050,JONQUILLES RESIDENCE DES,48.9074472613,2.2171690911,Plein jour,En agglomération,Autre intersection,Normale,Deux véhicules - côté,9,2,0,0,1,1,1,6,8,30,2,2,1,0,0,1,40.0,15.0,voiture,deux_roues,1,2,9,1,3
202200040642,2022-07-13 14:00:00,2022,7,13,14,0,33,33090,AUTOROUTE A 63,44.7676359065,-0.6675106287,Plein jour,Hors agglomération,Hors intersection,Normale,Autre collision,1,3,4,0,1,1,1,0,1,130,1,1,0,0,0,1,52.0,,voiture,,1,1,1,1,6
202200040643,2022-02-23 13:28:00,2022,2,23,13,28,49,49007,PASTEUR,47.47337,-0.53901,Plein jour,En agglomération,Hors intersection,Normale,Sans collision,4,2,2,0,1,1,1,0,1,30,2,2,1,0,1,0,24.0,39.0,utilitaire_camion,deux_roues,1,2,1,1,7
202200040644,2022-08-20 16:35:00,2022,8,20,16,35,64,64132,boulevard de l'aviation,43.3077907077,-0.3269988298,Plein jour,En agglomération,Hors intersection,Normale,Autre collision,6,-1,0,0,1,1,1,0,8,10,1,2,1,0,0,1,79.0,,voiture,,1,2,1,1,6
202200040645,2022-07-13 16:37:00,2022,7,13,16,37,91,91161,AUTOROUTE A126,48.70937,2.30781,Plein jour,Hors agglomération,Hors intersection,Normale,Sans collision,1,2,2,0,1,2,1,0,1,50,1,1,0,0,0,1,27.0,,deux_roues,,1,1,1,1,7
202200040646,2022-06-13 18:30:00,2022,6,13,18,30,92,92050,HANRIOT FRANCOIS RUE,48.9027092272,2.2226792872,Plein jour,En agglomération,Hors intersection,Normale,Deux véhicules - arrière,4,2,2,0,1,1,1,0,1,50,2,3,2,0,0,1,34.0,23.0,voiture,deux_roues,1,2,1,1,2
202200040647,2022-08-20 20:00:00,2022,8,20,20,0,54,54395,DEGLIN (RUE HENRI),48.7003,6.17643,Plein jour,En agglomération,Intersection en T,Normale,Deux véhicules - arrière,4,2,2,0,1,1,1,0,1,30,2,2,0,0,0,2,29.0,43.0,voiture,voiture,1,2,3,1,2
202200040648,2022-02-23 21:18:00,2022,2,23,21,18,47,47032,DOCTEUR NOGUES (AV DU),44.18242,0.67097,Nuit avec éclairage allumé,En agglomération,Hors intersection,Normale,Autre collision,3,2,2,0,1,1,1,0,3,50,1,4,1,0,1,2,20.0,,voiture,,5,2,1,1,6
202200040649,2022-06-14 17:20:00,2022,6,14,17,20,92,92048,GENERAL GALLIENI (AVENUE DU) N° 35 A 39,48.8184367701,2.2295814156,Plein jour,En agglomération,Hors intersection,Normale,Autre collision,3,3,2,0,1,1,1,0,1,50,1,2,1,0,0,1,31.0,,deux_roues,,1,2,1,1,6
202200040650,2022-07-13 11:00:00,2022,7,13,11,0,92,92036,A86,48.9348887042,2.2678495223,Plein jour,Hors agglomération,Hors intersection,Normale,Deux véhicules - arrière,1,3,3,0,1,1,1,0,1,90,2,5,1,0,0,4,59.0,59.0,utilitaire_camion,voiture,1,1,1,1,2
202200040651,2022-07-12 07:00:00,2022,7,12,7,0,78,78423,RN12 EXT,48.79835,2.00208,Plein jour,Hors agglomération,Hors intersection,Normale,Sans collision,2,1,3,0,1,1,1,0,1,90,1,1,0,0,0,1,22.0,,deux_roues,,1,1,1,1,7
202200040652,2022-02-24 22:45:00,2022,2,24,22,45,45,45068,Rue Ferdinand Buisson,48.02749,2.73553,Nuit avec éclairage allumé,En agglomération,Hors intersection,Normale,Autre collision,4,2,2,0,1,1,1,0,1,50,1,3,1,0,0,2,19.0,,voiture,,5,2,1,1,6
202200040653,2022-08-21 08:40:00,2022,8,21,8,40,54,54395,SAINT DIZIER (RUE 2 A 80-1 A 109 BIS),48.6868,6.1854,Plein jour,En agglomération,Intersection en X,Normale,Deux véhicules - côté,4,1,2,3,1,1,1,0,1,50,2,2,0,0,0,2,31.0,52.0,voiture,voiture,1,2,2,1,3
202200040654,2022-06-14 17:00:00,2022,6,14,17,0,92,92044,ANA.FRANCE(RUE)77A139 ET 74A124,48.89301,2.28417,Plein jour,En agglomération,Hors intersection,Normale,Deux véhicules - arrière,3,1,2,0,1,1,1,0,1,30,2,2,1,0,0,1,37.0,50.0,utilitaire_camion,deux_roues,1,2,1,1,2
202200040655,2022-07-10 19:45:00,2022,7,10,19,45,93,93006,AUTOROUTE A3,48.8666,2.42426,Crépuscule ou aube,Hors agglomération,Hors intersection,Normale,Deux véhicules - arrière,1,1,8,0,2,1,1,0,1,70,2,3,2,0,1,0,24.0,33.0,voiture,voiture,2,1,1,1,2
202200040656,2022-02-24 18:00:00,2022,2,24,18,0,44,44109,270bis Boulevard Robert Schuman,47.24698,-1.57744,Plein jour,En agglomération,Hors intersection,Normale,Deux véhicules - côté,4,2,4,2,1,1,1,0,1,30,2,2,0,0,2,0,38.0,49.0,deux_roues,voiture,1,2,1,1,3
202200040657,2022-07-13 12:10:00,2022,7,13,12,10,93,93064,AUTOROUTE A86,48.88179,2.47429,Plein jour,Hors agglomération,Hors intersection,Normale,Deux véhicules - côté,1,3,3,0,1,1,1,3,1,90,2,2,1,0,1,0,60.0,26.0,deux_roues,utilitaire_camion,1,1,1,1,3
202200040658,2022-06-14 16:50:00,2022,6,14,16,50,92,92026,SAINT DENIS BD (120 A 174 / 199 A 315),48.902583,2.274597,Plein jour,En agglomération,Giratoire,Normale,Deux véhicules - arrière,3,2,2,1,1,3,1,5,5,50,2,2,1,0,0,1,53.0,72.0,deux_roues,voiture,1,2,6,1,2
202200040659,2022-08-21 20:10:00,2022,8,21,20,10,45,45234,83 Route d'Olivet,47.878616,1.902768,Plein jour,En agglomération,Hors intersection,Normale,Deux véhicules - frontale,4,2,2,0,1,1,1,0,1,30,2,4,1,0,0,3,63.0,55.0,voiture,voiture,1,2,1,1,1
202200040660,2022-02-23 15:10:00,2022,2,23,15,10,37,37214,VOISIN (BOULEVARD ANDRE-GEORGES),47.4308571066,0.6676501036,Plein jour,En agglomération,Giratoire,Normale,Deux véhicules - côté,7,1,2,0,1,2,1,5,1,50,2,2,1,0,0,1,19.0,49.0,voiture,deux_roues,1,2,6,1,3
202200040661,2022-07-13 20:30:00,2022,7,13,20,30,94,94069,A4,48.8172046066,2.428517825,Plein jour,Hors agglomération,Hors intersection,Normale,Deux véhicules - arrière,1,3,5,0,1,1,1,0,1,90,2,2,1,0,0,1,23.0,52.0,deux_roues,utilitaire_camion,1,1,1,1,2
202200040662,2022-06-14 13:30:00,2022,6,14,13,30,92,92025,PRESIDENT KENNEDY (RUE DU),48.9319604252,2.2578592747,Plein jour,En agglomération,Hors intersection,Normale,Autre collision,4,1,1,0,1,1,1,0,1,30,1,2,1,0,0,1,72.0,,voiture,,1,2,1,1,6
202200040663,2022-08-04 14:05:00,2022,8,4,14,5,45,45208,184 Rue Paul Doumer,48.003616,2.741948,Plein jour,En agglomération,Intersection en X,Normale,Deux véhicules - côté,3,2,3,0,1,1,1,5,1,50,2,2,1,0,0,1,40.0,56.0,voiture,voiture,1,2,2,1,3
202200040664,2022-02-24 23:20:00,2022,2,24,23,20,35,35278,RD 137,48.17735,-1.71864,Nuit sans éclairage public,Hors agglomération,Hors intersection,Normale,Deux véhicules - arrière,7,3,4,0,1,1,1,0,1,110,2,2,1,0,0,1,46.0,24.0,voiture,voiture,3,1,1,1,2
202200040665,2022-07-13 16:00:00,2022,7,13,16,0,94,94017,A4,48.8273238388,2.5090636814,Plein jour,Hors agglomération,Hors intersection,Normale,Deux véhicules - arrière,1,-1,4,0,1,1,1,1,1,90,2,3,1,0,0,2,24.0,44.0,voiture,utilitaire_camion,1,1,1,1,2
202200040666,2022-06-14 11:50:00,2022,6,14,11,50,92,92002,CHARDONNERETS (RUE DES ),48.7377887712,2.3056282103,Plein jour,En agglomération,Giratoire,Normale,Deux véhicules - frontale,4,1,1,0,1,1,1,0,1,20,2,2,1,0,0,1,16.0,66.0,deux_roues,voiture,1,2,6,1,1
202200040667,2022-08-19 19:15:00,2022,8,19,19,15,44,44055,12 Avenue du Maréchal de Lattre de tassigny,47.27926,-2.422567,Plein jour,En agglomération,Hors intersection,Normale,Deux véhicules - côté,4,2,2,0,1,1,1,0,1,50,2,2,1,0,1,0,38.0,23.0,deux_roues,voiture,1,2,1,1,3
202200040668,2022-07-13 04:27:00,2022,7,13,4,27,77,77237,A4,48.83082,2.76167,Nuit sans éclairage public,Hors agglomération,Hors intersection,Normale,Autre collision,1,1,3,0,1,1,1,0,1,130,5,6,4,1,0,1,29.0,22.0,voiture,utilitaire_camion,3,1,1,1,6
202200040669,2022-06-14 23:35:00,2022,6,14,23,35,24,24004,D6089,45.136378,1.028281,Nuit sans éclairage public,Hors agglomération,Hors intersection,Normale,Sans collision,3,2,2,0,1,1,1,0,1,-1,1,4,3,0,0,1,,,voiture,,3,1,1,1,7
202200040670,2022-08-20 15:40:00,2022,8,20,15,40,42,42127,Route de Briennon,46.08983,4.07578,Plein jour,Hors agglomération,Intersection en T,Normale,Deux véhicules - frontale,3,2,2,0,1,1,1,0,1,70,2,5,3,0,2,0,60.0,17.0,voiture,deux_roues,1,1,3,1,1
202200040671,2022-02-24 12:10:00,2022,2,24,12,10,35,35055,HALLOUVRY (RUE D'),48.090442,-1.615732,Plein jour,En agglomération,Giratoire,Temps couvert,Trois véhicules et plus - en chaîne,4,-1,0,0,1,2,2,0,1,30,3,5,3,0,0,2,37.0,21.0,voiture,voiture,1,2,6,8,4
202200040672,2022-06-14 15:00:00,2022,6,14,15,0,09,09110,D3,42.962826,1.173837,Plein jour,Hors agglomération,Hors intersection,Normale,Sans collision,3,2,2,0,1,1,1,0,1,80,1,1,0,0,1,0,89.0,,voiture,,1,1,1,1,7
202200040673,2022-02-24 10:20:00,2022,2,24,10,20,35,35238,GINGUENE,48.09989,-1.67213,Plein jour,En agglomération,Giratoire,Normale,Deux véhicules - côté,4,2,2,0,1,1,1,0,1,30,2,2,1,0,0,1,67.0,62.0,deux_roues,voiture,1,2,6,1,3
202200040674,2022-06-14 23:00:00,2022,6,14,23,0,57,57607,D67,49.15071,6.309607,Nuit sans éclairage public,Hors agglomération,Hors intersection,Normale,Autre collision,3,2,2,0,1,1,1,0,1,80,1,1,0,0,1,0,49.0,,deux_roues,,3,1,1,1,6
202200040675,2022-08-21 20:10:00,2022,8,21,20,10,35,35281,RN136,48.0935525885,-1.7089748383,Plein jour,Hors agglomération,Hors intersection,Pluie légère,Trois véhicules et plus - en chaîne,2,3,8,0,1,1,2,3,1,90,3,6,2,0,0,4,32.0,18.0,voiture,voiture,1,1,1,2,4
202200040676,2022-06-12 17:55:00,2022,6,12,17,55,71,71105,A6 pk 389.300,46.300858,4.792753,Plein jour,Hors agglomération,Hors intersection,Normale,Autre collision,1,3,5,0,1,1,1,0,1,130,1,1,0,0,1,0,71.0,,voiture,,1,1,1,1,6
202200040677,2022-08-21 14:10:00,2022,8,21,14,10,35,35238,N136,48.09553,-1.71103,Plein jour,Hors agglomération,Hors intersection,Pluie légère,Autre collision,2,3,6,0,1,1,2,0,3,90,1,1,0,0,0,1,21.0,,voiture,,1,1,1,2,6
202200040678,2022-04-14 16:35:00,2022,4,14,16,35,32,32013,SADI-CARNOT (BOULEVARD),43.64552,0.58784,Plein jour,En agglomération,Hors intersection,Normale,Sans collision,2,-1,2,0,1,1,1,0,1,50,1,2,1,0,1,0,33.0,,utilitaire_camion,,1,2,1,1,7
202200040679,2022-02-23 17:05:00,2022,2,23,17,5,33,33318,Avenue du Docteur Albert Schweitzer,44.80003,-0.61777,Plein jour,En agglomération,Intersection en T,Normale,Deux véhicules - côté,4,3,2,2,1,1,1,0,1,50,2,3,1,0,0,2,19.0,26.0,deux_roues,voiture,1,2,3,1,3
202200040680,2022-06-14 15:45:00,2022,6,14,15,45,67,67073,Rue du Rhin,48.273779,7.400365,Plein jour,En agglomération,Hors intersection,Normale,Autre collision,4,2,2,0,1,2,1,9,4,30,1,2,1,0,0,1,15.0,,deux_roues,,1,2,1,1,6
202200040681,2022-08-21 10:35:00,2022,8,21,10,35,35,35238,LEGRAVEREND,48.1174,-1.68372,Plein jour,En agglomération,Hors intersection,Normale,Autre collision,4,2,2,3,1,1,1,0,1,30,2,2,1,0,0,1,61.0,53.0,voiture,deux_roues,1,2,1,1,6
202200040682,2022-05-10 00:50:00,2022,5,10,0,50,30,30189,,43.8308,4.32299,Nuit avec éclairage allumé,En agglomération,Hors intersection,Normale,Deux véhicules - côté,2,2,6,0,3,2,2,0,2,50,2,4,0,0,1,3,21.0,20.0,voiture,voiture,5,2,1,1,3
202200040683,2022-06-14 15:35:00,2022,6,14,15,35,05,05079,route de Grenoble,44.967181,6.531737,Plein jour,Hors agglomération,Hors intersection,Normale,Deux véhicules - côté,3,2,2,0,1,1,1,0,1,70,2,2,1,0,1,0,64.0,77.0,deux_roues,voiture,1,1,1,1,3
202200040684,2022-02-24 09:34:00,2022,2,24,9,34,31,31149,FONTAINE LUMINEUSE (Rd Point),43.60928,1.35271,Plein jour,En agglomération,Giratoire,Normale,Deux véhicules - côté,7,1,2,0,1,1,1,0,1,50,2,3,1,0,0,2,20.0,30.0,voiture,utilitaire_camion,1,2,6,1,3
202200040685,2022-08-21 05:10:00,2022,8,21,5,10,35,35238,METZ (BD DE),48.12179,-1.66271,Nuit avec éclairage allumé,En agglomération,Intersection en X,Normale,Deux véhicules - côté,4,2,3,2,1,1,1,5,1,50,2,2,1,0,1,0,,38.0,voiture,deux_roues,5,2,2,1,3
202200040686,2022-07-12 07:40:00,2022,7,12,7,40,976,97611,m'tsapere-Nationale 2 (route),-12.78725,45.22255,Plein jour,En agglomération,Hors intersection,Normale,Autre collision,4,2,2,0,1,1,1,0,1,50,1,2,1,0,0,1,53.0,,deux_roues,,1,2,1,1,6
202200040687,2022-08-21 17:10:00,2022,8,21,17,10,34,34129,Avenue de Figuiere,43.5847,3.9271,Plein jour,En agglomération,Hors intersection,Normale,Deux véhicules - côté,7,2,2,0,1,1,1,0,1,50,2,2,0,0,2,0,23.0,43.0,deux_roues,deux_roues,1,2,1,1,3
202200040688,2022-02-24 11:30:00,2022,2,24,11,30,29,29019,Boulevard Montaigne,48.405285,-4.478032,Plein jour,En agglomération,Giratoire,Normale,Deux véhicules - côté,4,1,2,0,1,2,2,5,1,50,2,2,1,0,0,1,28.0,36.0,voiture,deux_roues,1,2,6,1,3
202200040689,2022-07-12 14:45:00,2022,7,12,14,45,974,97416,ECHANGEUR (MONT CAPRICE),-21.30711,55.50014,Plein jour,Hors agglomération,Autre intersection,Normale,Deux véhicules - frontale,2,2,2,0,1,1,1,3,1,70,2,2,1,0,0,1,68.0,51.0,deux_roues,voiture,1,1,9,1,1
202200040690,2022-06-11 18:00:00,2022,6,11,18,0,11,11041,,43.29737,2.870151,Plein jour,En agglomération,Hors intersection,Normale,Trois véhicules et plus - en chaîne,3,2,2,0,1,1,1,2,1,-1,3,5,2,0,0,3,85.0,39.0,voiture,deux_roues,1,2,1,1,4
202200040691,2022-08-20 17:28:00,2022,8,20,17,28,33,33063,Quai Louis XVIII,44.8464,-0.57103,Plein jour,En agglomération,Hors intersection,Normale,Autre collision,4,2,4,3,1,1,1,4,6,50,1,2,1,1,0,0,34.0,,transport_commun,,1,2,1,1,6
202200040692,2022-02-24 08:00:00,2022,2,24,8,0,29,29019,Avenue Victor le Gorgeu,48.401386,-4.501485,Crépuscule ou aube,En agglomération,Hors intersection,Pluie légère,Autre collision,4,3,4,3,1,1,2,0,1,30,1,2,1,0,0,1,28.0,,utilitaire_camion,,2,2,1,2,6
202200040693,2022-07-12 14:35:00,2022,7,12,14,35,974,97416,RICHARD (CHEMIN TERRAIN) (2),-21.29576,55.48299,Plein jour,Hors agglomération,Hors intersection,Normale,Sans collision,4,2,1,0,2,1,9,9,8,30,1,1,0,0,0,1,25.0,,deux_roues,,1,1,1,1,7
202200040694,2022-06-15 08:30:00,2022,6,15,8,30,29,29268,N12,48.4726168699,-4.3243660811,Plein jour,Hors agglomération,Hors intersection,Normale,Trois véhicules et plus - en chaîne,2,3,4,0,1,1,1,0,1,110,3,3,2,0,0,1,20.0,33.0,utilitaire_camion,utilitaire_camion,1,1,1,1,4
202200040695,2022-08-21 18:05:00,2022,8,21,18,5,30,30243,Vieille Route d’Anduze,44.0869,4.06143,Plein jour,En agglomération,Hors intersection,Normale,Deux véhicules - côté,3,2,2,0,1,1,1,0,1,50,2,2,1,0,0,1,48.0,52.0,deux_roues,voiture,1,2,1,1,3
202200040696,2022-07-11 08:45:00,2022,7,11,8,45,974,97416,PASTEUR (RUE),-21.2851,55.4705,Plein jour,En agglomération,Hors intersection,Normale,Autre collision,3,1,2,0,1,1,1,0,1,30,1,2,1,0,0,1,66.0,,voiture,,1,2,1,1,6
202200040697,2022-02-24 17:40:00,2022,2,24,17,40,22,22278,CHAPTAL,48.5102,-2.73539,Plein jour,En agglomération,Hors intersection,Normale,Deux véhicules - arrière,4,2,2,0,1,1,1,0,1,50,2,3,1,0,0,2,26.0,50.0,voiture,voiture,1,2,1,1,2
202200040698,2022-07-12 20:05:00,2022,7,12,20,5,69,69387,Rue Paul Duvivier,45.73984478,4.8491871357,Plein jour,En agglomération,Hors intersection,Normale,Autre collision,4,1,1,1,1,2,1,0,1,30,1,1,0,0,0,1,42.0,,deux_roues,,1,2,1,1,6
202200040699,2022-08-20 19:10:00,2022,8,20,19,10,25,25462,ETRACHES LES,46.93558,6.41211,Plein jour,Hors agglomération,Hors intersection,Normale,Sans collision,4,2,1,0,3,1,1,0,1,50,1,2,0,0,0,2,26.0,,deux_roues,,1,1,1,1,7
202200040700,2022-06-09 18:00:00,2022,6,9,18,0,58,58303,38 Boulevard Camille Dagonneau,47.011235,3.151193,Plein jour,En agglomération,Hors intersection,Normale,Deux véhicules - côté,3,1,2,0,1,1,1,9,1,50,2,2,1,0,1,0,77.0,20.0,voiture,deux_roues,1,2,1,1,3
202200040701,2022-08-21 19:01:00,2022,8,21,19,1,15,15014,D120 côte de lascanaux,44.9346,2.4168,Plein jour,Hors agglomération,Hors intersection,Normale,Sans collision,3,3,4,0,1,2,1,0,1,90,1,1,0,1,0,0,67.0,,deux_roues,,1,1,1,1,7
202200040702,2022-02-23 15:10:00,2022,2,23,15,10,13,13102,JACQUES PREVERT (AV ),43.41858,5.23383,Plein jour,En agglomération,Autre intersection,Normale,Deux véhicules - côté,6,2,2,0,1,1,1,9,8,30,2,3,1,0,0,2,55.0,16.0,voiture,deux_roues,1,2,9,1,3
202200040703,2022-06-14 20:12:00,2022,6,14,20,12,62,62297,Route d Audruicq,50.82326,2.140894,Plein jour,Hors agglomération,Hors intersection,Normale,Autre collision,3,2,2,0,2,2,1,0,8,80,1,1,0,0,1,0,49.0,,deux_roues,,1,1,1,1,6
202200040704,2022-07-12 14:15:00,2022,7,12,14,15,69,69383,Rue Paul Bert,45.75707,4.8547,Plein jour,En agglomération,Intersection en X,Normale,Deux véhicules - frontale,4,2,3,2,1,1,1,0,1,50,2,2,1,0,0,1,38.0,26.0,utilitaire_camion,deux_roues,1,2,2,1,1
202200040705,2022-08-21 18:30:00,2022,8,21,18,30,13,13212,TROIS LUCS (AVENUE DES),43.3102345343,5.4601518939,Plein jour,En agglomération,Autre intersection,Normale,Deux véhicules - côté,4,2,2,0,2,2,1,5,1,50,2,2,1,0,0,1,,37.0,voiture,deux_roues,1,2,9,1,3
202200040706,2022-06-15 16:35:00,2022,6,15,16,35,2B,2B054,D515,42.502454,9.366285,Plein jour,Hors agglomération,Hors intersection,Normale,Autre collision,3,2,2,0,2,2,1,0,1,80,1,1,0,0,1,0,56.0,,deux_roues,,1,1,1,1,6
202200040707,2022-02-25 00:35:00,2022,2,25,0,35,13,13206,LIEUTAUD (COURS),43.28782,5.38497,Nuit avec éclairage allumé,En agglomération,Hors intersection,Normale,Deux véhicules - frontale,4,2,2,0,2,1,1,0,1,50,2,2,1,0,0,1,45.0,29.0,transport_commun,voiture,5,2,1,1,1
202200040708,2022-07-12 11:00:00,2022,7,12,11,0,972,97213,ROUTE NATIONALE 1,14.65518,-60.97308,Plein jour,En agglomération,Hors intersection,Normale,Deux véhicules - arrière,2,2,4,0,2,1,1,0,1,70,2,4,3,0,0,1,58.0,30.0,utilitaire_camion,voiture,1,2,1,1,2
202200040709,2022-08-20 18:19:00,2022,8,20,18,19,13,13047,RD 569,43.53451,4.97469,Plein jour,Hors agglomération,Hors intersection,Normale,Deux véhicules - côté,7,2,2,0,1,1,1,0,1,80,2,2,1,0,1,0,,29.0,voiture,deux_roues,1,1,1,1,3
202200040710,2022-02-24 12:00:00,2022,2,24,12,0,13,13209,CATHERINE BLUM (BOULEVARD),43.2614,5.41642,Plein jour,En agglomération,Hors intersection,Normale,Deux véhicules - côté,4,3,4,0,2,1,1,0,1,50,1,1,0,0,0,1,23.0,,deux_roues,,1,2,1,1,3
202200040711,2022-06-14 16:20:00,2022,6,14,16,20,2B,2B207,Folelli,42.444526,9.50798,Plein jour,En agglomération,Hors intersection,Normale,Autre collision,2,2,2,0,2,1,1,0,1,50,1,2,1,0,0,1,,,deux_roues,,1,2,1,1,6
202200040712,2022-07-12 13:45:00,2022,7,12,13,45,69,69382,Quai Docteur Gailleton,45.75314,4.83363,Plein jour,En agglomération,Intersection en T,Normale,Autre collision,4,2,6,0,1,1,1,0,1,30,1,2,1,0,0,1,52.0,,voiture,,1,2,3,1,6
202200040713,2022-08-20 20:00:00,2022,8,20,20,0,13,13005,QUARTIER VAUX (CHEMIN DU),43.283204044,5.5730102721,Plein jour,En agglomération,Place,Normale,Deux véhicules - côté,4,-1,0,0,1,1,1,9,8,50,2,2,1,0,0,1,31.0,27.0,voiture,deux_roues,1,2,7,1,3
202200040714,2022-02-24 19:00:00,2022,2,24,19,0,13,13001,BELLEC MAURICE (RTE DU COLONEL),43.57358,5.39502,Nuit sans éclairage public,Hors agglomération,Hors intersection,Normale,Deux véhicules - frontale,3,-1,2,0,1,2,1,0,1,80,2,3,0,0,0,3,69.0,83.0,voiture,voiture,3,1,1,1,1