accident_id,datetime,annee,mois,jour,heure,minute,departement,commune_insee,adresse,latitude,longitude,luminosite,agglomeration,intersection,meteo,collision,catr,circ,nbv,vosp,prof,plan,surf,infra,situ,vma,nb_vehicules,nb_usagers,nb_indemnes,nb_tues,nb_blesses_hosp,nb_blesses_legers,age_cond_1,age_cond_2,veh_type_cond_1,veh_type_cond_2,lum_code,agg_code,int_code,atm_code,col_code
202200040715,2022-07-12 11:07:00,2022,7,12,11,7,2A,2A004,T40,41.93167,8.80246,Plein jour,Hors agglomération,Hors intersection,Normale,Autre collision,2,1,2,0,1,2,1,0,1,50,1,1,0,0,0,1,24.0,,deux_roues,,1,1,1,1,6
202200040716,2022-06-11 16:00:00,2022,6,11,16,0,80,80620,Faubourg de Paris,49.923573,2.931241,Plein jour,En agglomération,Intersection en Y,Normale,Deux véhicules - côté,3,2,2,0,1,1,1,5,1,50,2,3,2,0,0,1,65.0,42.0,voiture,deux_roues,1,2,4,1,3
202200040717,2022-08-20 17:20:00,2022,8,20,17,20,12,12145,CAVALERIE (COTE DE LA ),44.08679,3.09872,Plein jour,Hors agglomération,Hors intersection,Normale,Deux véhicules - arrière,3,2,2,0,2,2,1,9,1,90,2,2,1,0,0,1,48.0,50.0,voiture,deux_roues,1,1,1,1,2
202200040718,2022-02-24 20:40:00,2022,2,24,20,40,12,12028,RD 42A,44.58046,2.20217,Nuit avec éclairage allumé,En agglomération,Hors intersection,Normale,Autre collision,3,1,1,0,1,3,1,0,1,50,1,1,0,0,1,0,28.0,,voiture,,5,2,1,1,6
202200040719,2022-06-15 13:50:00,2022,6,15,13,50,71,71310,41 Rue des Morands,46.742885,4.455424,Plein jour,En agglomération,Hors intersection,Normale,Autre collision,4,2,2,0,1,2,1,0,1,50,1,1,0,0,1,0,16.0,,deux_roues,,1,2,1,1,6
202200040720,2022-07-12 08:08:00,2022,7,12,8,8,2A,2A004,T21,41.92742,8.77841,Plein jour,Hors agglomération,Hors intersection,Normale,Deux véhicules - côté,2,3,2,0,1,2,1,0,1,50,2,3,1,0,0,2,49.0,66.0,voiture,deux_roues,1,1,1,1,3
202200040721,2022-08-20 17:45:00,2022,8,20,17,45,09,09265,VERNIOLLE ROUTE DE,43.095488,1.631274,Plein jour,Hors agglomération,Hors intersection,Normale,Sans collision,3,2,2,0,1,1,1,0,1,70,1,1,0,0,1,0,17.0,,deux_roues,,1,1,1,1,7
202200040722,2022-02-24 19:00:00,2022,2,24,19,0,06,06069,VICTOR HUGO  (BD),43.653772,6.918959,Nuit avec éclairage allumé,En agglomération,Hors intersection,Normale,Autre collision,3,2,2,0,2,1,1,0,1,50,1,1,0,0,0,1,63.0,,voiture,,5,2,1,1,6
202200040723,2022-06-15 01:30:00,2022,6,15,1,30,71,71482,D61,46.853948,4.320341,Nuit sans éclairage public,Hors agglomération,Hors intersection,Normale,Autre collision,3,2,2,0,1,3,1,0,3,80,1,1,0,0,1,0,32.0,,voiture,,3,1,1,1,6
202200040724,2022-07-12 00:24:00,2022,7,12,0,24,95,95612,RD 317,48.996653935,2.4811881781,Nuit sans éclairage public,Hors agglomération,Hors intersection,Normale,Deux véhicules - arrière,3,3,4,0,1,1,1,0,1,90,2,2,0,0,0,2,49.0,68.0,voiture,voiture,3,1,1,1,2
202200040725,2022-08-11 12:55:00,2022,8,11,12,55,04,04112,D907,43.80882,5.81475,Plein jour,Hors agglomération,Autre intersection,Normale,Deux véhicules - côté,3,2,2,0,1,1,1,0,1,70,2,2,1,0,0,1,53.0,43.0,deux_roues,voiture,1,1,9,1,3
202200040726,2022-02-24 08:00:00,2022,2,24,8,0,06,06069,POMPIDOU (AVENUE GEORGES) -RD 6085,43.647749,6.937589,Plein jour,En agglomération,Hors intersection,Normale,Deux véhicules - côté,4,2,2,0,2,3,1,0,1,50,2,2,1,0,0,1,31.0,41.0,deux_roues,voiture,1,2,1,1,3
202200040727,2022-06-07 09:40:00,2022,6,7,9,40,49,49050,rd 761,47.330399,-0.421745,Plein jour,Hors agglomération,Hors intersection,Temps couvert,Autre collision,3,2,2,0,1,2,1,0,3,90,1,1,0,0,0,1,20.0,,voiture,,1,1,1,8,6
202200040728,2022-07-12 11:20:00,2022,7,12,11,20,95,95427,Rue de Pierrefitte,48.9737054781,2.3498913646,Plein jour,En agglomération,Hors intersection,Normale,Deux véhicules - côté,4,2,2,0,2,1,1,0,1,50,2,2,1,0,1,0,54.0,33.0,voiture,deux_roues,1,2,1,1,3
202200040729,2022-06-15 10:30:00,2022,6,15,10,30,12,12068,Rue des Parras,44.373061,2.290199,Plein jour,Hors agglomération,Hors intersection,Normale,Sans collision,4,2,2,0,2,1,1,0,1,80,1,1,0,0,1,0,90.0,,deux_roues,,1,1,1,1,7
202200040730,2022-08-21 07:15:00,2022,8,21,7,15,75,75112,BOULEVARD PERIPHERIQUE,48.826752,2.389977,Plein jour,En agglomération,Intersection en Y,Normale,Deux véhicules - côté,4,1,4,0,1,1,1,0,1,70,2,2,1,0,0,1,38.0,,deux_roues,voiture,1,2,4,1,3
202200040731,2022-02-23 11:25:00,2022,2,23,11,25,06,06029,MIDI (BOULEVARD DU),43.54796,6.98379,Plein jour,Hors agglomération,Hors intersection,Normale,Autre collision,4,2,2,0,1,1,1,0,1,50,2,2,1,0,1,0,56.0,68.0,utilitaire_camion,deux_roues,1,1,1,1,6
202200040732,2022-07-12 16:31:00,2022,7,12,16,31,91,91312,R.N 444,48.743878,2.223032,Plein jour,Hors agglomération,Hors intersection,Temps éblouissant,Trois véhicules et plus - en chaîne,3,-1,0,0,2,1,1,0,1,90,4,4,3,0,0,1,26.0,40.0,voiture,voiture,1,1,1,7,4
202200040733,2022-08-21 09:45:00,2022,8,21,9,45,75,75105,QUAI DE MONTEBELLO,48.851761,2.349555,Plein jour,En agglomération,Intersection en T,Normale,Autre collision,4,1,2,2,1,1,1,-1,5,30,1,1,0,0,0,1,26.0,,deux_roues,,1,2,3,1,6
202200040734,2022-02-24 20:50:00,2022,2,24,20,50,04,04112,Ch de la source,43.8332085289,5.766980052,Nuit sans éclairage public,En agglomération,Hors intersection,Normale,Autre collision,4,2,2,0,2,3,1,0,3,50,1,1,0,0,0,1,68.0,,voiture,,3,2,1,1,6
202200040735,2022-06-14 08:40:00,2022,6,14,8,40,34,34079,Avenue Hippolyte Guiraudou,43.623955,3.435813,Plein jour,En agglomération,Hors intersection,Temps éblouissant,Autre collision,4,2,2,0,2,1,1,0,1,50,1,2,1,0,1,0,82.0,,voiture,,1,2,1,7,6
202200040736,2022-07-11 18:00:00,2022,7,11,18,0,91,91514,RUE DE LA GARE,48.6793,2.53506,Plein jour,En agglomération,Hors intersection,Normale,Autre collision,6,-1, -1,0,1,1,1,0,1,15,1,2,1,0,0,1,23.0,,autre,,1,2,1,1,6
202200040737,2022-08-21 17:10:00,2022,8,21,17,10,75,75120,RUE DES MARAICHERS,48.850984,2.407257,Plein jour,En agglomération,Hors intersection,Normale,Autre collision,4,1,1,0,1,1,1,0,1,30,1,1,0,0,0,1,43.0,,voiture,,1,2,1,1,6
202200040738,2022-06-14 13:30:00,2022,6,14,13,30,34,34284,D907,43.520112,2.742805,Plein jour,Hors agglomération,Hors intersection,Normale,Sans collision,3,2,2,0,2,2,1,0,3,80,1,1,0,0,1,0,63.0,,deux_roues,,1,1,1,1,7
202200040739,2022-08-21 04:50:00,2022,8,21,4,50,75,75117,PLACE DE CLICHY,48.883532,2.326863,Nuit avec éclairage allumé,En agglomération,Place,Normale,Sans collision,4,1,2,1,1,1,3,0,1,30,1,1,0,0,0,1,27.0,,deux_roues,,5,2,7,1,7
202200040740,2022-07-12 08:50:00,2022,7,12,8,50,91,91326,ALOUETTES (AVENUE DES),48.69545,2.35978,Plein jour,En agglomération,Intersection en X,Normale,Deux véhicules - côté,4,2,2,0,1,1,1,0,1,50,2,3,1,0,0,2,58.0,32.0,voiture,voiture,1,2,2,1,3
202200040741,2022-08-21 21:27:00,2022,8,21,21,27,75,75113,BOULEVARD DU GENERAL JEAN SIMON,48.824048,2.377016,Nuit avec éclairage allumé,En agglomération,Intersection en X,Normale,Autre collision,4,2,4,1,2,1,1,0,1,30,1,2,1,0,0,1,32.0,,voiture,,5,2,2,1,6
202200040742,2022-07-12 09:00:00,2022,7,12,9,0,83,83098,GANZIN (AVENUE DE),43.107003,6.027116,Plein jour,En agglomération,Hors intersection,Normale,Deux véhicules - frontale,7,2,2,0,1,1,1,0,1,50,2,3,0,0,1,2,37.0,57.0,utilitaire_camion,voiture,1,2,1,1,1
202200040743,2022-02-23 06:45:00,2022,2,23,6,45,75,75118,BD PERIPHERIQUE EXTERIEUR,48.901118,2.354841,Crépuscule ou aube,En agglomération,Hors intersection,Normale,Trois véhicules et plus - en chaîne,4,1,4,0,1,1,1,0,1,70,6,6,5,0,0,1,37.0,34.0,voiture,voiture,2,2,1,1,4
202200040744,2022-06-14 17:10:00,2022,6,14,17,10,68,68264,D21,47.571251,7.410402,Plein jour,Hors agglomération,Intersection en Y,Normale,Deux véhicules - côté,3,2,2,0,2,2,1,0,1,80,2,2,1,0,1,0,44.0,40.0,utilitaire_camion,voiture,1,1,4,1,3
202200040745,2022-07-06 09:35:00,2022,7,6,9,35,83,83123,ROBERT SCHUMANN (RUE),43.11858,5.79924,Plein jour,En agglomération,Hors intersection,Normale,Autre collision,4,1,1,0,1,1,1,0,1,30,1,2,1,0,1,0,26.0,,voiture,,1,2,1,1,6
202200040746,2022-08-21 12:00:00,2022,8,21,12,0,75,75110,BOULEVARD DE MAGENTA,48.872965,2.359028,Plein jour,En agglomération,Hors intersection,Normale,Deux véhicules - côté,4,2,6,0,1,1,1,0,1,50,2,2,1,0,0,1,33.0,,deux_roues,voiture,1,2,1,1,3
202200040747,2022-06-15 19:15:00,2022,6,15,19,15,25,25553,3 Rue d Uzelle,47.442542,6.493534,Plein jour,En agglomération,Intersection en Y,Normale,Autre collision,3,2,2,0,3,3,1,0,3,50,1,1,0,1,0,0,53.0,,voiture,,1,2,4,1,6
202200040748,2022-07-08 20:20:00,2022,7,8,20,20,80,80725,FACULTES (AVENUE DES),49.87345,2.26433,Plein jour,En agglomération,Hors intersection,Normale,Deux véhicules - arrière,4,2,2,0,1,1,1,0,1,50,2,2,1,0,0,1,20.0,26.0,utilitaire_camion,voiture,1,2,1,1,2
202200040749,2022-02-22 18:20:00,2022,2,22,18,20,75,75116,BD PERIPHERIQUE INTERIEUR,48.835959,2.257468,Crépuscule ou aube,En agglomération,Hors intersection,Normale,Deux véhicules - arrière,4,1,4,0,1,3,1,1,1,70,2,4,3,0,1,0,40.0,56.0,utilitaire_camion,deux_roues,2,2,1,1,2
202200040750,2022-08-20 18:05:00,2022,8,20,18,5,75,75107,QUAI BRANLY,48.860524,2.295659,Plein jour,En agglomération,Intersection en X,Normale,Deux véhicules - côté,4,2,1,1,1,1,1,-1,5,30,2,2,1,0,1,0,41.0,52.0,voiture,deux_roues,1,2,2,1,3
202200040751,2022-06-14 13:01:00,2022,6,14,13,1,44,44127,5 Hameau La Roberte,47.029762,-1.439424,Plein jour,Hors agglomération,Intersection en T,Normale,Deux véhicules - côté,4,2,2,0,1,1,1,0,1,-1,2,2,0,0,1,1,21.0,65.0,voiture,voiture,1,1,3,1,3
202200040752,2022-08-21 00:20:00,2022,8,21,0,20,75,75110,BOULEVARD SAINT DENIS,48.869413,2.353841,Nuit avec éclairage allumé,En agglomération,Hors intersection,Normale,Autre collision,4,3,5,1,1,1,1,0,1,30,1,2,1,0,0,1,45.0,,voiture,,5,2,1,1,6
202200040753,2022-02-24 13:40:00,2022,2,24,13,40,75,75106,BOULEVARD SAINT MICHEL,48.8513936521,2.3431643844,Plein jour,En agglomération,Intersection en X,Normale,Autre collision,4,2,4,3,4,1,1,-1,6,30,1,2,1,0,0,1,26.0,,transport_commun,,1,2,2,1,6
202200040754,2022-07-11 09:20:00,2022,7,11,9,20,77,77258,FAISANDERIE (GRANDE ALLEE DE LA),48.8377,2.63287,Plein jour,En agglomération,Intersection en X,Normale,Autre collision,4,1,2,0,1,1,1,0,1,50,1,2,1,0,1,0,40.0,,voiture,,1,2,2,1,6
202200040755,2022-06-14 21:47:00,2022,6,14,21,47,38,38006,Place Pierre Rambaud,45.393425,6.075938,Crépuscule ou aube,En agglomération,Intersection en X,Normale,Autre collision,3,2,2,0,1,2,1,0,4,50,1,5,4,0,1,0,51.0,,autre,,2,2,2,1,6
202200040756,2022-02-24 15:00:00,2022,2,24,15,0,75,75120,RUE DES PYRENEES,48.853538,2.405869,Plein jour,En agglomération,Intersection en T,Pluie légère,Autre collision,4,2,2,3,2,1,2,-1,6,30,1,2,1,0,0,1,20.0,,deux_roues,,1,2,3,2,6
202200040757,2022-08-20 23:55:00,2022,8,20,23,55,93,93032,Rue Jules Guesde / Chemin de Montguichet,48.8792350723,2.5466098491,Nuit avec éclairage allumé,En agglomération,Intersection en T,Normale,Deux véhicules - côté,3,3,5,0,3,1,1,5,1,50,2,3,1,0,0,2,48.0,37.0,voiture,voiture,5,2,3,1,3
202200040758,2022-08-21 07:15:00,2022,8,21,7,15,93,93066,Avenue de Présov,48.9282194569,2.3753749118,Plein jour,En agglomération,Hors intersection,Normale,Autre collision,4,2,2,0,1,1,1,0,4,50,1,1,0,0,0,1,24.0,,voiture,,1,2,1,1,6
202200040759,2022-06-15 14:45:00,2022,6,15,14,45,54,54368,D935,48.5329758007,6.8055152895,Plein jour,Hors agglomération,Intersection en X,Normale,Deux véhicules - frontale,3,2,2,0,4,1,1,0,1,80,2,2,0,0,0,2,59.0,63.0,utilitaire_camion,deux_roues,1,1,2,1,1
202200040760,2022-02-24 14:30:00,2022,2,24,14,30,75,75119,AVENUE SIMON BOLIVAR,48.8778465191,2.3740848899,Plein jour,En agglomération,Intersection en X,Pluie légère,Deux véhicules - côté,4,2,2,0,2,1,2,0,1,30,2,2,1,0,0,1,,67.0,deux_roues,deux_roues,1,2,2,2,3
202200040761,2022-07-11 11:05:00,2022,7,11,11,5,76,76351,PIERRE GUILLAUME PETIT,49.51844,0.09675,Plein jour,En agglomération,Intersection en X,Normale,Deux véhicules - côté,4,2,1,0,1,1,1,0,1,30,2,2,1,0,0,1,66.0,64.0,voiture,deux_roues,1,2,2,1,3
202200040762,2022-06-14 07:30:00,2022,6,14,7,30,72,72314,"Lieu-dit ""les fontaines""",47.81567,0.4943,Crépuscule ou aube,Hors agglomération,Hors intersection,Temps éblouissant,Autre collision,3,2,2,0,1,1,1,0,1,90,1,1,0,0,0,1,21.0,,voiture,,2,1,1,7,6
202200040763,2022-08-21 18:15:00,2022,8,21,18,15,92,92051,BLAISE PASCAL (RUE),48.8860217519,2.2574898004,Plein jour,En agglomération,Intersection en T,Normale,Deux véhicules - côté,4,1,2,1,1,1,1,0,1,50,2,2,1,0,0,1,38.0,56.0,deux_roues,deux_roues,1,2,3,1,3
202200040764,2022-08-21 12:00:00,2022,8,21,12,0,92,92025,CHARLES DE GAULLE (BD),48.91454,2.22917,Plein jour,En agglomération,Hors intersection,Normale,Autre collision,3,1,4,0,1,1,1,0,6,50,1,1,0,0,0,1,52.0,,voiture,,1,2,1,1,6
202200040765,2022-02-24 09:05:00,2022,2,24,9,5,75,75119,AVENUE DE FLANDRE,48.8858085776,2.3706462979,Plein jour,En agglomération,Intersection en T,Normale,Deux véhicules - côté,4,3,3,1,1,1,1,-1,5,30,2,2,1,0,0,1,24.0,28.0,voiture,deux_roues,1,2,3,1,3
202200040766,2022-06-15 14:20:00,2022,6,15,14,20,05,05046,Entraigues (Zone tertiaire),44.550708,6.4863,Plein jour,En agglomération,Giratoire,Normale,Deux véhicules - arrière,4,2,2,0,1,1,1,0,1,50,2,2,1,0,0,1,78.0,14.0,voiture,deux_roues,1,2,6,1,2
202200040767,2022-08-21 22:52:00,2022,8,21,22,52,95,95353,A16,49.0838860822,2.3221895099,Nuit sans éclairage public,Hors agglomération,Hors intersection,Normale,Deux véhicules - frontale,1,3,4,0,1,1,1,0,1,110,2,3,0,2,1,0,39.0,27.0,voiture,voiture,3,1,1,1,1
202200040768,2022-02-24 20:50:00,2022,2,24,20,50,75,75118,BOULEVARD DE LA CHAPELLE,48.8845351567,2.3593971133,Nuit avec éclairage allumé,En agglomération,Intersection en X,Temps couvert,Deux véhicules - côté,4,3,2,0,1,1,1,0,1,30,2,2,1,0,1,0,32.0,32.0,deux_roues,deux_roues,5,2,2,8,3
202200040769,2022-07-11 16:37:00,2022,7,11,16,37,76,76414,D1,49.89627,1.14015,Plein jour,Hors agglomération,Hors intersection,Normale,Deux véhicules - arrière,3,2,2,0,1,1,1,0,1,80,2,2,1,0,0,1,33.0,66.0,utilitaire_camion,deux_roues,1,1,1,1,2
202200040770,2022-08-22 12:45:00,2022,8,22,12,45,47,47037,Route de Castillones,44.627923,0.708113,Plein jour,Hors agglomération,Intersection en Y,Normale,Deux véhicules - frontale,3,2,2,0,1,3,1,0,1,80,2,4,0,0,1,3,42.0,25.0,voiture,voiture,1,1,4,1,1
202200040771,2022-06-15 06:45:00,2022,6,15,6,45,07,07349,10 Quartier les Cabanes,44.785668,4.769793,Plein jour,Hors agglomération,Hors intersection,Normale,Deux véhicules - côté,3,2,2,0,1,1,1,0,1,70,2,2,0,0,1,1,28.0,56.0,voiture,deux_roues,1,1,1,1,3
202200040772,2022-02-24 18:40:00,2022,2,24,18,40,75,75118,RUE CAULAINCOURT,48.889704,2.340486,Nuit avec éclairage non allumé,En agglomération,Intersection en T,Pluie légère,Deux véhicules - côté,4,2,2,0,2,1,2,0,1,30,2,2,1,0,0,1,37.0,31.0,voiture,deux_roues,4,2,3,2,3
202200040773,2022-08-22 01:00:00,2022,8,22,1,0,09,09167,3 AVENUE DES PYRÉNÉES,43.273874,1.347531,Nuit sans éclairage public,En agglomération,Hors intersection,Normale,Autre collision,3,2,1,0,2,2,1,0,4,50,1,1,0,0,1,0,18.0,,voiture,,3,2,1,1,6
202200040774,2022-08-21 06:30:00,2022,8,21,6,30,33,33478,22 Rue Eugène Leroy,45.01052,0.003174,Crépuscule ou aube,En agglomération,Hors intersection,Normale,Autre collision,4,2,2,0,1,3,1,0,3,50,1,1,0,0,1,0,25.0,,voiture,,2,2,1,1,6
202200040775,2022-06-14 18:30:00,2022,6,14,18,30,40,40178,Avenue de la Grande Lande,43.883472,-0.42807,Plein jour,Hors agglomération,Intersection en X,Normale,Deux véhicules - côté,4,2,2,0,1,1,1,9,1,80,2,3,2,0,1,0,20.0,18.0,voiture,deux_roues,1,1,2,1,3
202200040776,2022-02-24 05:00:00,2022,2,24,5,0,75,75116,AVENUE DE NEUILLY,48.8784450992,2.2798521817,Nuit avec éclairage allumé,En agglomération,Intersection en X,Pluie légère,Deux véhicules - côté,4,2,6,0,1,1,2,0,1,50,2,2,1,0,0,1,54.0,44.0,voiture,voiture,5,2,2,2,3
202200040777,2022-08-22 06:15:00,2022,8,22,6,15,41,41167,Route de Chambon,47.508016,1.193295,Nuit sans éclairage public,Hors agglomération,Hors intersection,Normale,Autre collision,3,2,2,0,1,1,1,0,1,80,1,1,0,0,1,0,43.0,,deux_roues,,3,1,1,1,6
202200040778,2022-06-14 15:40:00,2022,6,14,15,40,85,85201,Le Perdrion,46.435402,-1.32338,Plein jour,En agglomération,Hors intersection,Normale,Deux véhicules - frontale,3,2,2,0,2,2,1,0,1,50,2,2,1,0,1,0,20.0,21.0,voiture,utilitaire_camion,1,2,1,1,1
202200040779,2022-02-23 20:30:00,2022,2,23,20,30,75,75116,RUE COPERNIC,48.869249,2.288804,Nuit avec éclairage allumé,En agglomération,Hors intersection,Normale,Deux véhicules - côté,4,1,1,0,1,1,1,0,1,30,2,2,1,0,0,1,34.0,24.0,deux_roues,voiture,5,2,1,1,3
202200040780,2022-08-17 17:00:00,2022,8,17,17,0,21,21138,A39 pk 023+400,47.190529,5.322189,Plein jour,Hors agglomération,Hors intersection,Normale,Trois véhicules et plus - collisions multiples,1,3,4,0,1,1,1,0,1,130,3,5,2,0,1,2,21.0,75.0,utilitaire_camion,voiture,1,1,1,1,5
202200040781,2022-06-15 12:10:00,2022,6,15,12,10,85,85046,52 Rue des Frères Payraudeau,46.672053,-1.291768,Plein jour,En agglomération,Autre intersection,Autre,Autre collision,4,2,2,0,1,1,1,0,1,50,1,2,1,0,1,0,79.0,,voiture,,1,2,9,9,6
202200040782,2022-08-21 13:45:00,2022,8,21,13,45,28,28173,autoroute A11 - PK 053+225,48.462621,1.555091,Plein jour,Hors agglomération,Hors intersection,Normale,Autre collision,1,3,3,0,1,1,1,0,1,130,1,1,0,0,1,0,64.0,,voiture,,1,1,1,1,6
202200040783,2022-02-23 18:35:00,2022,2,23,18,35,75,75116,PLACE DE LA PORTE MAILLOT,48.8781752098,2.281024307,Nuit avec éclairage allumé,En agglomération,Place,Normale,Deux véhicules - côté,4,1,3,0,1,1,1,0,1,30,2,2,1,0,0,1,44.0,46.0,deux_roues,voiture,5,2,7,1,3
202200040784,2022-06-08 10:50:00,2022,6,8,10,50,27,27438,Route de Damville,48.784828882,1.1837419868,Plein jour,Hors agglomération,Hors intersection,Normale,Deux véhicules - frontale,3,2,2,0,1,2,1,0,1,80,2,2,1,0,1,0,24.0,62.0,voiture,voiture,1,1,1,1,1
202200040785,2022-08-20 02:25:00,2022,8,20,2,25,972,97217,Pointe Borgnèse (Informations),14.450332,-60.898021,Nuit sans éclairage public,Hors agglomération,Hors intersection,Temps couvert,Deux véhicules - frontale,2,2,2,0,2,2,2,0,1,50,2,7,2,0,2,3,47.0,23.0,voiture,voiture,3,1,1,8,1
202200040786,2022-06-14 17:50:00,2022,6,14,17,50,17,17434,Rue du 19 Mars 1962,46.107555,-0.760728,Plein jour,En agglomération,Intersection en T,Normale,Deux véhicules - frontale,4,2,2,0,1,2,1,0,1,50,2,2,1,0,1,0,18.0,37.0,deux_roues,voiture,1,2,3,1,1
202200040787,2022-02-24 19:55:00,2022,2,24,19,55,75,75115,RUE DE VAUGIRARD,48.840751,2.305465,Nuit avec éclairage allumé,En agglomération,Intersection en T,Normale,Deux véhicules - côté,4,2,4,1,1,1,1,-1,5,30,2,2,1,0,0,1,35.0,54.0,voiture,deux_roues,5,2,3,1,3
202200040788,2022-08-20 11:35:00,2022,8,20,11,35,11,11405,RD124,43.24726,2.844987,Plein jour,Hors agglomération,Hors intersection,Normale,Sans collision,3,2,2,0,1,2,1,0,1,80,1,1,0,0,1,0,22.0,,deux_roues,,1,1,1,1,7
202200040789,2022-08-22 13:10:00,2022,8,22,13,10,51,51078,D21,49.0696815408,4.3415361643,Plein jour,Hors agglomération,Hors intersection,Normale,Autre collision,3,2,2,0,1,1,1,0,3,80,1,1,0,0,1,0,29.0,,voiture,,1,1,1,1,6
202200040790,2022-06-14 09:30:00,2022,6,14,9,30,30,30227,route d'alès,44.258901,4.193451,Plein jour,En agglomération,Hors intersection,Temps éblouissant,Autre collision,3,2,2,0,1,1,1,0,1,50,1,3,2,0,1,0,78.0,,voiture,,1,2,1,7,6
202200040791,2022-02-24 09:15:00,2022,2,24,9,15,75,75113,BOULEVARD AUGUSTE BLANQUI,48.8306266887,2.3459324241,Plein jour,En agglomération,Intersection en X,Normale,Deux véhicules - côté,4,3,2,0,2,1,1,5,1,30,2,2,1,0,0,1,29.0,43.0,deux_roues,deux_roues,1,2,2,1,3
202200040792,2022-06-14 12:15:00,2022,6,14,12,15,52,52260,N67,48.212899,5.123615,Plein jour,Hors agglomération,Hors intersection,Normale,Deux véhicules - arrière,2,3,4,0,1,1,1,0,1,80,2,2,1,1,0,0,,68.0,utilitaire_camion,deux_roues,1,1,1,1,2
202200040793,2022-08-22 15:10:00,2022,8,22,15,10,44,44012,63 Route de Bourgneuf,47.092259,-2.03423,Plein jour,Hors agglomération,Hors intersection,Normale,Deux véhicules - frontale,3,2,2,0,2,3,1,0,1,80,2,2,1,1,0,0,44.0,20.0,utilitaire_camion,voiture,1,1,1,1,1
202200040794,2022-02-24 11:00:00,2022,2,24,11,0,75,75110,BOULEVARD DE MAGENTA,48.878536,2.354036,Plein jour,En agglomération,Intersection à plus de 4 branches,Normale,Deux véhicules - côté,4,2,4,0,1,1,1,0,1,30,2,2,1,0,0,1,35.0,26.0,deux_roues,deux_roues,1,2,5,1,3
202200040795,2022-06-14 21:19:00,2022,6,14,21,19,24,24584,Route des Etangs,44.944475,0.065379,Plein jour,En agglomération,Hors intersection,Normale,Autre collision,4,2,2,0,2,1,9,0,1,80,1,3,0,0,0,3,44.0,,voiture,,1,2,1,1,6
202200040796,2022-08-14 04:15:00,2022,8,14,4,15,34,34087,M5e7,43.546223,3.711737,Nuit sans éclairage public,Hors agglomération,Hors intersection,Normale,Sans collision,7,2,2,0,1,1,1,0,8,90,1,2,1,0,1,0,20.0,,voiture,,3,1,1,1,7
202200040797,2022-02-24 10:15:00,2022,2,24,10,15,75,75109,RUE SAINT LAZARE,48.876138,2.331113,Plein jour,En agglomération,Intersection en X,Normale,Deux véhicules - arrière,4,2,4,0,1,1,1,0,1,30,2,3,2,0,0,1,37.0,70.0,deux_roues,voiture,1,2,2,1,2
202200040798,2022-08-22 16:15:00,2022,8,22,16,15,76,76291,RD 104,49.715823,0.352957,Plein jour,Hors agglomération,Hors intersection,Normale,Deux véhicules - frontale,3,2,2,0,1,1,1,0,1,80,2,3,0,1,2,0,52.0,35.0,voiture,voiture,1,1,1,1,1
202200040799,2022-06-14 20:25:00,2022,6,14,20,25,35,35353,La Vallée,48.121353,-1.77382,Plein jour,Hors agglomération,Giratoire,Normale,Deux véhicules - côté,7,2,2,0,1,1,1,0,1,80,2,2,0,0,1,1,58.0,26.0,deux_roues,deux_roues,1,1,6,1,3
202200040800,2022-02-24 16:26:00,2022,2,24,16,26,94,94078,Pont de Villeneuve-le-Roi,48.72772,2.44524,Plein jour,En agglomération,Autre intersection,Temps couvert,Autre collision,3,2,3,0,1,1,2,2,1,50,1,2,1,0,0,1,29.0,,utilitaire_camion,,1,2,9,8,6
202200040801,2022-06-14 15:01:00,2022,6,14,15,1,82,82142,A62,43.827561,1.343679,Plein jour,Hors agglomération,Hors intersection,Temps éblouissant,Deux véhicules - arrière,1,3,4,0,1,1,1,0,1,130,2,4,3,0,0,1,25.0,39.0,utilitaire_camion,voiture,1,1,1,7,2
202200040802,2022-02-24 15:50:00,2022,2,24,15,50,94,94046,Rue de Normandie,48.81157,2.43448,Plein jour,En agglomération,Hors intersection,Normale,Autre collision,4,2,1,0,1,1,1,0,8,50,1,2,1,0,0,1,21.0,,voiture,,1,2,1,1,6
202200040803,2022-08-21 22:45:00,2022,8,21,22,45,79,79047,,46.832879,-0.260539,Nuit sans éclairage public,Hors agglomération,Intersection en X,Normale,Deux véhicules - côté,3,2,2,0,2,1,1,0,1,80,2,7,2,1,4,0,70.0,59.0,voiture,voiture,3,1,2,1,3
202200040804,2022-06-15 17:30:00,2022,6,15,17,30,976,97603,Rue Paweni,-12.907775,45.19336,Plein jour,En agglomération,Hors intersection,Normale,Autre collision,4,2,2,0,1,1,1,0,1,50,1,2,1,1,0,0,62.0,,utilitaire_camion,,1,2,1,1,6
202200040805,2022-08-20 12:00:00,2022,8,20,12,0,2B,2B105,D14,42.264122,9.28326,Plein jour,Hors agglomération,Hors intersection,Normale,Deux véhicules - frontale,3,2,2,0,2,3,1,0,1,80,1,1,0,0,1,0,62.0,,deux_roues,,1,1,1,1,1
202200040806,2022-02-23 19:40:00,2022,2,23,19,40,94,94046,GENERAL DE GAULLE (AV DU),48.81179,2.42251,Nuit avec éclairage allumé,En agglomération,Intersection en Y,Normale,Deux véhicules - côté,3,1,2,0,1,1,1,0,1,50,2,2,1,0,0,1,54.0,34.0,voiture,deux_roues,5,2,4,1,3
202200040807,2022-08-20 10:15:00,2022,8,20,10,15,65,65083,D16 - Rue de l'Adour,43.171257,0.100572,Plein jour,En agglomération,Hors intersection,Normale,Autre collision,3,2,2,0,1,1,1,0,3,50,1,1,0,1,0,0,87.0,,voiture,,1,2,1,1,6