accident_id,datetime,annee,mois,jour,heure,minute,departement,commune_insee,adresse,latitude,longitude,luminosite,agglomeration,intersection,meteo,collision,catr,circ,nbv,vosp,prof,plan,surf,infra,situ,vma,nb_vehicules,nb_usagers,nb_indemnes,nb_tues,nb_blesses_hosp,nb_blesses_legers,age_cond_1,age_cond_2,veh_type_cond_1,veh_type_cond_2,lum_code,agg_code,int_code,atm_code,col_code
202200041359,2022-04-04 09:04:00,2022,4,4,9,4,94,94065,Avenue Charles Lindbergh,48.7525266279,2.3519883155,Plein jour,En agglomération,Hors intersection,Normale,Trois véhicules et plus - collisions multiples,3,2,3,0,1,1,1,5,1,50,5,5,4,0,0,1,42.0,43.0,voiture,voiture,1,2,1,1,5
202200041360,2022-10-30 22:25:00,2022,10,30,22,25,30,30226,,44.2152,4.633189,Nuit avec éclairage non allumé,Hors agglomération,Hors intersection,Normale,Deux véhicules - frontale,2,2,2,0,2,2,1,0,1,80,2,5,0,1,4,0,20.0,42.0,voiture,voiture,4,1,1,1,1
202200041361,2022-03-22 00:35:00,2022,3,22,0,35,94,94034,85 Avenue de la Liberté,48.76562,2.31855,Nuit avec éclairage allumé,En agglomération,Intersection en T,Normale,Deux véhicules - côté,3,-1,2,0,1,1,1,0,1,50,2,2,1,0,0,1,33.0,25.0,voiture,deux_roues,5,2,3,1,3
202200041362,2022-10-30 16:50:00,2022,10,30,16,50,34,34088,15 Avenue de la Republique,43.566186,3.732122,Plein jour,En agglomération,Hors intersection,Normale,Deux véhicules - frontale,4,2,1,0,1,1,1,5,1,50,2,2,1,0,1,0,80.0,31.0,deux_roues,transport_commun,1,2,1,1,1
202200041363,2022-04-03 17:10:00,2022,4,3,17,10,94,94019,Rue du Pont / Rue de Sucy,48.79021,2.52257,Plein jour,En agglomération,Intersection en X,Normale,Deux véhicules - côté,3,2,2,0,1,1,1,5,1,50,2,3,1,0,0,2,32.0,23.0,deux_roues,voiture,1,2,2,1,3
202200041364,2022-10-31 10:15:00,2022,10,31,10,15,30,30034,,43.742382,4.491006,Plein jour,Hors agglomération,Intersection en X,Normale,Deux véhicules - côté,3,2,1,0,1,3,1,5,1,80,2,3,1,1,1,0,20.0,65.0,voiture,deux_roues,1,1,2,1,3
202200041365,2022-04-03 19:30:00,2022,4,3,19,30,94,94018,Avenue de la Liberte / Rue de Verdun,48.82514,2.4062,Plein jour,En agglomération,Intersection en X,Normale,Deux véhicules - frontale,3,2,2,1,1,1,1,0,1,30,2,2,1,0,0,1,48.0,44.0,voiture,deux_roues,1,2,2,1,1
202200041366,2022-10-30 11:00:00,2022,10,30,11,0,51,51030,D1,49.0538,4.042363,Plein jour,Hors agglomération,Giratoire,Normale,Deux véhicules - côté,3,1,2,0,1,2,1,5,1,90,2,3,2,0,0,1,52.0,66.0,deux_roues,voiture,1,1,6,1,3
202200041367,2022-04-04 08:00:00,2022,4,4,8,0,93,93005,Rue du Capricorne / Rue de la Balance,48.955833,2.504014,Plein jour,En agglomération,Intersection en X,Normale,Deux véhicules - côté,4,2,2,0,1,1,1,0,1,30,2,2,1,0,0,1,51.0,51.0,deux_roues,voiture,1,2,2,1,3
202200041368,2022-10-30 21:35:00,2022,10,30,21,35,65,65452,Route de Tarbes,43.317696,0.367393,Nuit avec éclairage allumé,En agglomération,Hors intersection,Normale,Autre collision,3,2,2,0,1,1,1,0,1,50,1,1,0,0,1,0,39.0,,voiture,,5,2,1,1,6
202200041369,2022-04-04 07:20:00,2022,4,4,7,20,93,93053,Rue du Parc / Rue Paul Vaillant Couturier,48.89201,2.444874,Plein jour,En agglomération,Intersection en X,Normale,Deux véhicules - côté,3,3,2,3,1,1,1,0,1,50,2,2,1,0,0,1,22.0,36.0,voiture,deux_roues,1,2,2,1,3
202200041370,2022-10-27 15:10:00,2022,10,27,15,10,65,65344,Route Départementale 936,43.192811,-0.012618,Plein jour,Hors agglomération,Hors intersection,Normale,Deux véhicules - frontale,3,2,2,0,1,1,1,0,1,70,2,2,1,0,1,0,46.0,13.0,voiture,deux_roues,1,1,1,1,1
202200041371,2022-04-04 08:20:00,2022,4,4,8,20,93,93001,Avenue Paul Vaillant Couturier / Rue Edouard Renard,48.91802,2.40766,Plein jour,En agglomération,Intersection en X,Normale,Deux véhicules - côté,3,3,4,0,1,1,1,0,1,50,2,2,1,0,1,0,20.0,20.0,deux_roues,voiture,1,2,2,1,3
202200041372,2022-10-30 11:10:00,2022,10,30,11,10,49,49050,Grande rue,47.318261,-0.408023,Plein jour,En agglomération,Intersection en X,Pluie légère,Deux véhicules - côté,3,2,2,0,1,1,2,0,1,50,2,6,0,0,1,5,75.0,19.0,voiture,voiture,1,2,2,2,3
202200041373,2022-04-04 12:50:00,2022,4,4,12,50,93,93057,128 Avenue Aristide Briand,48.909113182,2.5028234125,Plein jour,En agglomération,Hors intersection,Normale,Deux véhicules - arrière,3,3,4,0,1,1,1,0,1,50,2,2,1,0,0,1,56.0,23.0,voiture,voiture,1,2,1,1,2
202200041374,2022-10-31 06:10:00,2022,10,31,6,10,42,42116,Rue de Saint Just,45.885016,3.886548,Crépuscule ou aube,Hors agglomération,Hors intersection,Normale,Sans collision,3,2,2,0,2,3,1,0,1,80,1,2,0,0,2,0,83.0,,voiture,,2,1,1,1,7
202200041375,2022-04-04 13:25:00,2022,4,4,13,25,93,93057,Avenue Aristide Briand / Avenue Jean Jaurès,48.90805,2.49516,Plein jour,En agglomération,Intersection en X,Normale,Deux véhicules - côté,3,3,4,0,1,1,1,0,1,30,2,2,1,0,0,1,31.0,64.0,voiture,voiture,1,2,2,1,3
202200041376,2022-04-04 09:45:00,2022,4,4,9,45,93,93008,Avenue Henri Barbusse,48.90444,2.4194,Plein jour,En agglomération,Hors intersection,Normale,Deux véhicules - côté,3,2,2,0,1,1,1,0,1,50,2,2,0,0,0,2,39.0,40.0,deux_roues,voiture,1,2,1,1,3
202200041377,2022-10-29 23:10:00,2022,10,29,23,10,86,86089,Route de Richelieu,46.771119,0.079265,Nuit sans éclairage public,Hors agglomération,Hors intersection,Normale,Autre collision,3,2,2,0,1,2,1,0,3,80,1,2,0,0,1,1,18.0,,voiture,,3,1,1,1,6
202200041378,2022-04-04 11:10:00,2022,4,4,11,10,92,92064,DAILLY,48.8450331691,2.2202765644,Plein jour,En agglomération,Hors intersection,Normale,Deux véhicules - arrière,3,-1,2,1,2,1,1,0,1,50,2,2,1,0,0,1,47.0,24.0,voiture,deux_roues,1,2,1,1,2
202200041379,2022-10-30 22:40:00,2022,10,30,22,40,68,68098,89 rue principale,47.568629,7.145019,Nuit avec éclairage allumé,En agglomération,Hors intersection,Normale,Deux véhicules - frontale,3,2,2,0,1,1,1,0,1,50,2,5,3,0,0,2,55.0,39.0,voiture,voiture,5,2,1,1,1
202200041380,2022-04-03 02:20:00,2022,4,3,2,20,92,92012,REINE (ROUTE DE LA) 1/37- 6/80,48.8389002885,2.2489247024,Nuit avec éclairage allumé,En agglomération,Hors intersection,Normale,Autre collision,3,2,4,2,1,1,1,0,1,50,1,2,1,0,0,1,27.0,,deux_roues,,5,2,1,1,6
202200041381,2022-10-30 06:45:00,2022,10,30,6,45,25,25493,D47,46.866395,6.229337,Crépuscule ou aube,Hors agglomération,Hors intersection,Normale,Sans collision,3,2,2,0,1,1,1,0,8,80,1,1,0,0,1,0,21.0,,voiture,,2,1,1,1,7
202200041382,2022-10-30 21:45:00,2022,10,30,21,45,03,03297,D2144 route de paris / rue du 08 mai 1945,46.536931,2.619655,Nuit avec éclairage allumé,En agglomération,Intersection en T,Normale,Deux véhicules - côté,3,2,2,0,1,1,1,0,1,50,2,2,0,0,1,1,33.0,51.0,voiture,deux_roues,5,2,3,1,3
202200041383,2022-04-04 14:25:00,2022,4,4,14,25,92,92009,CHARLES-DE-GAULLE ( AVENUE ),48.918347,2.275063,Plein jour,En agglomération,Intersection en X,Normale,Deux véhicules - côté,3,2,2,0,1,1,1,0,1,50,2,3,1,0,0,2,30.0,34.0,utilitaire_camion,voiture,1,2,2,1,3
202200041384,2022-04-02 16:53:00,2022,4,2,16,53,92,92004,DOCTEUR DERVAUX  ( QUAI DU ),48.909875717,2.2949339747,Plein jour,En agglomération,Hors intersection,Normale,Deux véhicules - côté,3,1,0,0,1,1,1,0,1,50,2,2,1,0,0,1,33.0,34.0,voiture,deux_roues,1,2,1,1,3
202200041385,2022-10-22 07:30:00,2022,10,22,7,30,01,01102,Route de Bagé,46.392211,4.94565,Plein jour,Hors agglomération,Hors intersection,Normale,Deux véhicules - côté,3,2,2,0,1,1,1,0,1,80,2,3,0,0,0,3,19.0,19.0,voiture,voiture,1,1,1,1,3
202200041386,2022-04-04 13:25:00,2022,4,4,13,25,95,95229,Rue du Chemin de Fer,49.028882,2.354706,Plein jour,En agglomération,Hors intersection,Normale,Deux véhicules - arrière,4,2,2,0,1,1,1,0,1,50,2,2,1,0,0,1,55.0,,deux_roues,autre,1,2,1,1,2
202200041387,2022-10-29 13:30:00,2022,10,29,13,30,72,72298,D90,47.933669,0.540454,Plein jour,Hors agglomération,Autre intersection,Normale,Deux véhicules - côté,3,2,2,0,1,1,1,0,1,90,2,4,3,0,1,0,20.0,18.0,voiture,deux_roues,1,1,9,1,3
202200041388,2022-04-05 16:20:00,2022,4,5,16,20,02,02776,A 26 - sens REIMS/CALAIS,49.994443,3.184769,Plein jour,Hors agglomération,Hors intersection,Normale,Autre collision,1,3,4,0,1,2,1,0,1,130,1,2,1,0,0,1,40.0,,voiture,,1,1,1,1,6
202200041389,2022-04-05 04:35:00,2022,4,5,4,35,57,57098,D28,48.880268,6.773608,Nuit sans éclairage public,Hors agglomération,Hors intersection,Normale,Autre collision,3,2,2,0,1,2,1,0,3,80,1,2,0,0,0,2,24.0,,voiture,,3,1,1,1,6
202200041390,2022-10-31 04:20:00,2022,10,31,4,20,45,45234,D2020 PK 38 + 930,47.815547,1.927446,Nuit avec éclairage non allumé,Hors agglomération,Hors intersection,Normale,Deux véhicules - arrière,3,2,2,0,1,1,1,0,8,80,2,4,1,0,0,3,32.0,34.0,voiture,utilitaire_camion,4,1,1,1,2
202200041391,2022-10-22 14:50:00,2022,10,22,14,50,64,64185,N134,42.938967,-0.59946,Plein jour,Hors agglomération,Hors intersection,Temps couvert,Sans collision,2,2,2,0,1,2,1,0,1,30,1,1,0,0,1,0,35.0,,deux_roues,,1,1,1,8,7
202200041392,2022-04-05 15:00:00,2022,4,5,15,0,83,83061,"Autoroute A8, PK 132.500",43.467855,6.725274,Plein jour,Hors agglomération,Hors intersection,Normale,Deux véhicules - arrière,1,3,5,0,2,1,1,8,1,130,2,3,2,0,1,0,52.0,32.0,utilitaire_camion,utilitaire_camion,1,1,1,1,2
202200041393,2022-10-31 12:30:00,2022,10,31,12,30,73,73191,D921,45.594903,5.771258,Plein jour,En agglomération,Hors intersection,Normale,Autre collision,3,2,2,0,1,1,1,0,1,30,1,2,1,0,0,1,73.0,,deux_roues,,1,2,1,1,6
202200041394,2022-04-05 07:00:00,2022,4,5,7,0,83,83049,A57,43.2141341196,6.062458992,Plein jour,Hors agglomération,Hors intersection,Normale,Deux véhicules - arrière,1,3,4,0,1,1,1,0,1,110,2,2,1,0,0,1,23.0,50.0,voiture,deux_roues,1,1,1,1,2
202200041395,2022-10-31 15:30:00,2022,10,31,15,30,18,18289,Route d'Osmery,46.972134,2.588443,Plein jour,En agglomération,Hors intersection,Normale,,3,2,2,0,1,2,1,0,3,50,1,1,0,0,1,0,17.0,,deux_roues,,1,2,1,1,-1
202200041396,2022-10-30 17:00:00,2022,10,30,17,0,18,18216,,46.749742,2.156625,Crépuscule ou aube,Hors agglomération,Hors intersection,Normale,Sans collision,3,2,2,0,1,2,1,0,8,80,1,1,0,0,0,1,56.0,,voiture,,2,1,1,1,7
202200041397,2022-04-04 14:30:00,2022,4,4,14,30,59,59260,Route de Furnes,51.061003,2.514668,Plein jour,Hors agglomération,Autre intersection,Pluie légère,Deux véhicules - côté,3,2,2,0,1,1,2,3,1,70,2,2,1,0,1,0,67.0,73.0,utilitaire_camion,voiture,1,1,9,2,3
202200041398,2022-10-30 17:15:00,2022,10,30,17,15,07,07258,D121,45.152665,4.470218,Plein jour,Hors agglomération,Hors intersection,Normale,Sans collision,3,3,2,0,1,3,8,0,1,90,1,1,0,0,1,0,21.0,,deux_roues,,1,1,1,1,7
202200041399,2022-04-04 17:15:00,2022,4,4,17,15,58,58164,A77,47.222789,3.003334,Plein jour,Hors agglomération,Hors intersection,Normale,Deux véhicules - côté,1,1,1,0,1,1,1,0,1,110,2,2,1,0,0,1,34.0,28.0,voiture,utilitaire_camion,1,1,1,1,3
202200041400,2022-04-05 10:00:00,2022,4,5,10,0,62,62112,D30,50.198504,2.638067,Plein jour,Hors agglomération,Hors intersection,Pluie légère,Sans collision,3,2,2,0,1,4,2,0,3,80,1,1,0,0,0,1,19.0,,voiture,,1,1,1,2,7
202200041401,2022-10-29 18:30:00,2022,10,29,18,30,21,21461,D973,46.950089,4.600786,Crépuscule ou aube,Hors agglomération,Intersection en X,Normale,Deux véhicules - frontale,3,2,2,0,2,1,1,5,1,90,2,2,1,0,1,0,58.0,28.0,deux_roues,voiture,2,1,2,1,1
202200041402,2022-10-30 15:05:00,2022,10,30,15,5,24,24114,Route de l'océan,45.272648,0.242595,Plein jour,Hors agglomération,Hors intersection,Normale,Sans collision,3,2,2,0,2,2,1,0,1,80,1,1,0,0,1,0,58.0,,deux_roues,,1,1,1,1,7
202200041403,2022-04-04 17:50:00,2022,4,4,17,50,95,95612,RD 317 F5,48.995002,2.47643,Plein jour,En agglomération,Hors intersection,Normale,Deux véhicules - frontale,3,2,2,0,4,3,1,0,1,50,2,2,0,0,2,0,33.0,32.0,deux_roues,deux_roues,1,2,1,1,1
202200041404,2022-10-30 19:30:00,2022,10,30,19,30,85,85047,Route de Beauvoir,46.855437,-1.896783,Nuit avec éclairage allumé,En agglomération,Giratoire,Temps couvert,Autre collision,3,-1,2,0,1,1,1,2,4,50,1,1,0,0,1,0,18.0,,deux_roues,,5,2,6,8,6
202200041405,2022-04-04 16:30:00,2022,4,4,16,30,82,82037,parking Super U,44.155634,1.526212,Plein jour,En agglomération,Hors intersection,Normale,Deux véhicules - côté,6,-1, -1,0,1,1,1,0,1,-1,2,2,1,0,0,1,80.0,68.0,voiture,deux_roues,1,2,1,1,3
202200041406,2022-10-31 15:00:00,2022,10,31,15,0,85,85182,47 Rue joachim rouault,46.777978,-0.841688,Plein jour,En agglomération,Hors intersection,Pluie légère,Sans collision,4,2,2,0,3,2,2,0,1,50,1,1,0,0,1,0,16.0,,deux_roues,,1,2,1,2,7
202200041407,2022-04-05 11:10:00,2022,4,5,11,10,65,65408,31 Route des Nestes,42.969448,0.376067,Plein jour,En agglomération,Hors intersection,Normale,Autre collision,3,2,2,0,1,1,1,0,1,30,1,2,1,1,0,0,56.0,,utilitaire_camion,,1,2,1,1,6
202200041408,2022-10-26 19:15:00,2022,10,26,19,15,85,85187,D752,46.707838,-0.800221,Nuit sans éclairage public,Hors agglomération,Giratoire,Normale,Autre collision,3,2,2,0,1,1,1,5,3,80,1,1,0,0,1,0,15.0,,deux_roues,,3,1,6,1,6
202200041409,2022-10-29 12:25:00,2022,10,29,12,25,17,17057,D115,46.175403,-0.844831,Plein jour,Hors agglomération,Intersection en X,Normale,Deux véhicules - côté,3,2,2,0,1,1,1,5,1,80,2,2,1,0,1,0,35.0,44.0,voiture,deux_roues,1,1,2,1,3
202200041410,2022-10-30 17:25:00,2022,10,30,17,25,87,87033,Taillac,45.9851187,1.157223,Crépuscule ou aube,Hors agglomération,Hors intersection,Normale,Deux véhicules - frontale,2,2,2,0,1,3,1,0,1,70,2,3,0,0,0,3,34.0,54.0,utilitaire_camion,voiture,2,1,1,1,1
202200041411,2022-10-30 08:30:00,2022,10,30,8,30,48,48072,D808,44.506698,3.326186,Plein jour,Hors agglomération,Hors intersection,Normale,Sans collision,3,2,2,0,2,3,1,0,1,90,1,1,0,0,0,1,31.0,,deux_roues,,1,1,1,1,7
202200041412,2022-10-29 23:00:00,2022,10,29,23,0,08,08248,Rue Cécilia Gazanière,49.65388,4.53465,Nuit avec éclairage non allumé,En agglomération,Hors intersection,Normale,Autre collision,3,2,2,0,2,1,1,8,1,30,1,1,0,0,0,1,16.0,,deux_roues,,4,2,1,1,6
202200041413,2022-10-31 16:05:00,2022,10,31,16,5,13,13112,D20,43.529447,5.237539,Plein jour,Hors agglomération,Hors intersection,Normale,Autre collision,3,2,2,1,1,1,1,0,1,80,1,1,0,0,1,0,72.0,,deux_roues,,1,1,1,1,6
202200041414,2022-10-30 15:45:00,2022,10,30,15,45,33,33199,A660 PK 022.000 vers ARCACHON,44.615668,-1.100768,Plein jour,Hors agglomération,Hors intersection,Normale,Deux véhicules - arrière,1,3,4,0,1,1,1,0,1,90,2,3,2,0,0,1,54.0,21.0,voiture,deux_roues,1,1,1,1,2
202200041415,2022-04-05 12:15:00,2022,4,5,12,15,63,63210,CD 1093 - PK 17 + 700,45.9217865403,3.33885777,Plein jour,Hors agglomération,Hors intersection,Normale,Autre collision,3,2,2,0,1,1,1,0,3,80,1,36,35,0,0,1,47.0,,transport_commun,,1,1,1,1,6
202200041416,2022-04-03 16:20:00,2022,4,3,16,20,42,42215,Rue des Ecoles,46.169349,4.204876,Plein jour,Hors agglomération,Hors intersection,Normale,Autre collision,3,2,2,0,1,2,1,0,3,80,1,2,0,0,2,0,79.0,,voiture,,1,1,1,1,6
202200041417,2022-10-30 17:22:00,2022,10,30,17,22,66,66164,D83,42.777469402,2.9040974379,Crépuscule ou aube,Hors agglomération,Hors intersection,Normale,Sans collision,3,1,1,0,1,3,1,3,3,50,1,1,0,0,1,0,45.0,,deux_roues,,2,1,1,1,7
202200041418,2022-04-01 16:44:00,2022,4,1,16,44,29,29160,Super U (Supermarché),48.503427,-4.427576,Plein jour,En agglomération,Autre intersection,Normale,Autre collision,6,-1, -1,0,1,1,1,9,8,-1,1,2,1,0,1,0,37.0,,utilitaire_camion,,1,2,9,1,6
202200041419,2022-10-27 14:00:00,2022,10,27,14,0,34,34145,294 Avenue d’Occitanie,43.668815,4.130639,Plein jour,En agglomération,Autre intersection,Normale,Autre collision,4,2,2,1,1,1,1,0,5,50,1,2,1,0,1,0,37.0,,voiture,,1,2,9,1,6
202200041420,2022-10-31 07:40:00,2022,10,31,7,40,83,83068,Carrefour du Réveil (Jonction),43.269409,6.541044,Plein jour,Hors agglomération,Hors intersection,Normale,Autre collision,3,2,2,0,1,2,1,0,3,70,1,2,0,0,1,1,27.0,,deux_roues,,1,1,1,1,6
202200041421,2022-04-05 12:19:00,2022,4,5,12,19,26,26327,Les Rosées,44.690738,5.42576,Plein jour,Hors agglomération,Hors intersection,Normale,Autre collision,4,2,1,0,2,1,1,0,8,-1,1,1,0,0,1,0,63.0,,utilitaire_camion,,1,1,1,1,6
202200041422,2022-04-02 11:40:00,2022,4,2,11,40,04,04049,Av de la Gare / Parking tabac,44.101728,6.009243,Plein jour,En agglomération,Autre intersection,Normale,Deux véhicules - côté,4,2,2,0,1,3,1,0,6,50,2,2,1,1,0,0,71.0,30.0,voiture,voiture,1,2,9,1,3
202200041423,2022-10-30 19:25:00,2022,10,30,19,25,13,13085,Avenue Fernand Balducci,43.247375,5.590582,Nuit avec éclairage non allumé,En agglomération,Hors intersection,Normale,Deux véhicules - arrière,7,2,2,0,1,1,1,0,1,30,2,6,5,0,1,0,45.0,18.0,voiture,deux_roues,4,2,1,1,2
202200041424,2022-04-02 19:58:00,2022,4,2,19,58,85,85284,D32,46.801572,-1.881081,Plein jour,Hors agglomération,Hors intersection,Normale,Trois véhicules et plus - collisions multiples,3,2,2,0,1,1,1,0,1,80,3,7,3,0,2,2,78.0,33.0,voiture,voiture,1,1,1,1,5
202200041425,2022-10-31 16:00:00,2022,10,31,16,0,13,13066,D29 route d'eyragues,43.843209,4.895868,Plein jour,Hors agglomération,Hors intersection,Normale,Deux véhicules - frontale,3,2,2,0,2,1,1,2,3,80,1,2,0,2,0,0,19.0,,utilitaire_camion,,1,1,1,1,1
202200041426,2022-03-27 21:25:00,2022,3,27,21,25,28,28098,Chemin de la Vallée Verte,48.755184,1.453629,Nuit sans éclairage public,Hors agglomération,Hors intersection,Normale,Sans collision,3,-1,2,0,1,1,1,0,3,80,1,1,0,0,1,0,50.0,,deux_roues,,3,1,1,1,7
202200041427,2022-10-28 14:00:00,2022,10,28,14,0,67,67203,D139,48.784063,7.679315,Plein jour,Hors agglomération,Hors intersection,Normale,Deux véhicules - frontale,3,2,2,0,1,3,1,0,1,80,2,3,1,0,2,0,33.0,35.0,voiture,voiture,1,1,1,1,1
202200041428,2022-10-30 19:50:00,2022,10,30,19,50,60,60002,D1001,49.3679303289,2.1586396694,Nuit avec éclairage allumé,Hors agglomération,Hors intersection,Normale,Deux véhicules - arrière,3,2,0,0,1,1,1,0,1,-1,2,2,1,0,0,1,46.0,48.0,utilitaire_camion,voiture,5,1,1,1,2
202200041429,2022-04-04 17:00:00,2022,4,4,17,0,30,30212,R Rd 6086,43.937477,4.55703,Plein jour,En agglomération,Hors intersection,Normale,Trois véhicules et plus - collisions multiples,3,2,2,0,1,1,1,2,1,50,3,5,1,0,1,3,50.0,41.0,voiture,voiture,1,2,1,1,5
202200041430,2022-10-28 20:30:00,2022,10,28,20,30,13,13071,A7-Sens Lyon vers Marseille,43.415234,5.277792,Nuit avec éclairage allumé,Hors agglomération,Hors intersection,Normale,Deux véhicules - arrière,1,1,3,0,1,1,1,0,1,90,2,2,1,0,0,1,40.0,35.0,voiture,voiture,5,1,1,1,2
202200041431,2022-04-05 07:20:00,2022,4,5,7,20,973,97309,Avenue Cyprien Gildon,4.910734,-52.28121,Plein jour,En agglomération,Hors intersection,Normale,Deux véhicules - côté,4,2,2,1,1,1,1,0,1,50,2,2,1,0,1,0,57.0,15.0,voiture,deux_roues,1,2,1,1,3
202200041432,2022-04-04 15:30:00,2022,4,4,15,30,37,37276,D910,47.5767871759,0.8965390921,Plein jour,Hors agglomération,Hors intersection,Normale,Deux véhicules - frontale,3,2,2,0,1,1,1,0,1,90,2,2,0,2,0,0,49.0,60.0,utilitaire_camion,voiture,1,1,1,1,1
202200041433,2022-10-30 02:45:00,2022,10,30,2,45,69,69290,Autoroute 43 ,45.7101625007,4.9509125948,Nuit sans éclairage public,Hors agglomération,Hors intersection,Normale,Deux véhicules - arrière,1,3,6,0,1,1,1,0,1,90,2,3,1,0,0,2,28.0,23.0,voiture,voiture,3,1,1,1,2
202200041434,2022-10-30 00:57:00,2022,10,30,0,57,69,69296,Autoroute 7 ,45.6455981978,4.8308891058,Nuit sans éclairage public,Hors agglomération,Hors intersection,Normale,Deux véhicules - arrière,1,3,6,0,1,1,1,0,1,110,2,3,2,0,0,1,,38.0,voiture,voiture,3,1,1,1,2
202200041435,2022-10-30 00:55:00,2022,10,30,0,55,69,69029,Route Départementale 383,45.7428547331,4.9057549238,Nuit avec éclairage allumé,En agglomération,Hors intersection,Normale,Autre collision,7,3,6,0,1,1,1,0,1,70,1,2,1,0,0,1,43.0,,utilitaire_camion,,5,2,1,1,6
202200041436,2022-04-01 14:58:00,2022,4,1,14,58,84,84087,"A9, PK 0+200",44.133974,4.786606,Plein jour,Hors agglomération,Hors intersection,Normale,Deux véhicules - arrière,1,1,1,0,1,1,1,0,1,110,2,3,2,0,1,0,60.0,65.0,voiture,voiture,1,1,1,1,2
202200041437,2022-04-04 15:10:00,2022,4,4,15,10,971,97117,Rue Joseph Sorel,16.327666,-61.35095,Plein jour,En agglomération,Hors intersection,Normale,Autre collision,4,2,2,0,2,1,1,0,4,50,1,1,0,1,0,0,76.0,,voiture,,1,2,1,1,6
202200041438,2022-04-04 21:45:00,2022,4,4,21,45,972,97224,Chemin Fond Perez,14.6828031,-61.021612,Nuit sans éclairage public,Hors agglomération,Hors intersection,Normale,Sans collision,4,2,2,0,2,1,1,0,1,-1,1,1,0,0,1,0,27.0,,deux_roues,,3,1,1,1,7
202200041439,2022-10-29 20:10:00,2022,10,29,20,10,91,91689,AUTOROUTE A6,48.73196,2.31541,Nuit sans éclairage public,Hors agglomération,Hors intersection,Normale,Trois véhicules et plus - en chaîne,1,1,3,0,1,1,1,0,1,110,4,11,1,0,1,9,37.0,24.0,voiture,utilitaire_camion,3,1,1,1,4
202200041440,2022-04-05 16:55:00,2022,4,5,16,55,84,84036,Route Departementale 901,43.931903,4.928216,Plein jour,Hors agglomération,Hors intersection,Normale,Deux véhicules - frontale,3,2,2,0,1,1,1,0,1,80,2,5,0,3,2,0,20.0,47.0,voiture,voiture,1,1,1,1,1
202200041441,2022-04-03 19:50:00,2022,4,3,19,50,67,67336,D468,48.440148,7.707263,Crépuscule ou aube,Hors agglomération,Hors intersection,Normale,Sans collision,5,-1,2,0,1,1,1,0,8,80,1,1,0,0,0,1,25.0,,deux_roues,,2,1,1,1,7
202200041442,2022-10-29 21:36:00,2022,10,29,21,36,94,94043,AUTOROUTE A6B,48.8152816831,2.3561803913,Nuit sans éclairage public,Hors agglomération,Hors intersection,Normale,Trois véhicules et plus - en chaîne,1,1,6,0,1,1,1,0,1,70,3,6,4,0,0,2,32.0,22.0,voiture,voiture,3,1,1,1,4
202200041443,2022-04-05 11:00:00,2022,4,5,11,0,57,57521,Rue de Sarreguemines,49.176513,6.918493,Plein jour,En agglomération,Autre intersection,Pluie légère,Autre collision,3,2,2,0,2,1,2,0,4,50,1,2,1,0,0,1,62.0,,utilitaire_camion,,1,2,9,2,6
202200041444,2022-10-30 21:15:00,2022,10,30,21,15,78,78402,A13,48.96502,1.765213,Nuit sans éclairage public,Hors agglomération,Hors intersection,Normale,Autre collision,1,3,3,0,2,1,1,0,1,90,1,1,0,0,0,1,31.0,,voiture,,3,1,1,1,6
202200041445,2022-04-04 23:15:00,2022,4,4,23,15,69,69206,Route de Charentay,46.073707,4.713907,Nuit sans éclairage public,Hors agglomération,Hors intersection,Normale,Autre collision,3,2,2,0,1,1,1,0,3,80,1,2,0,0,1,1,19.0,,voiture,,3,1,1,1,6
202200041446,2022-10-30 18:20:00,2022,10,30,18,20,78,78362,A13,48.97831,1.70857,Nuit avec éclairage allumé,Hors agglomération,Hors intersection,Pluie légère,Trois véhicules et plus - en chaîne,1,1,3,0,2,1,2,0,1,110,3,8,7,0,0,1,25.0,45.0,voiture,voiture,5,1,1,2,4
202200041447,2022-04-02 19:40:00,2022,4,2,19,40,49,49035,D111,47.430061,-0.613925,Plein jour,Hors agglomération,Hors intersection,Vent fort / tempête,Deux véhicules - arrière,3,2,3,0,2,1,1,0,1,80,2,2,1,0,1,0,39.0,43.0,voiture,deux_roues,1,1,1,6,2
202200041448,2022-10-29 17:40:00,2022,10,29,17,40,78,78402,A13,48.964975,1.765932,Plein jour,Hors agglomération,Hors intersection,Normale,Deux véhicules - côté,1,3,3,0,1,1,1,0,1,90,2,4,1,0,0,3,32.0,57.0,utilitaire_camion,voiture,1,1,1,1,3
202200041449,2022-04-04 19:00:00,2022,4,4,19,0,59,59212,Rue de l Egalite,50.647369,2.728364,Crépuscule ou aube,En agglomération,Intersection en T,Temps couvert,Deux véhicules - côté,3,2,2,0,1,1,2,0,1,50,2,2,1,0,1,0,22.0,84.0,utilitaire_camion,voiture,2,2,3,8,3
202200041450,2022-10-30 20:15:00,2022,10,30,20,15,93,93063,AUTOROUTE A3,48.8766908331,2.4428673511,Nuit sans éclairage public,Hors agglomération,Hors intersection,Normale,Trois véhicules et plus - collisions multiples,1,3,6,0,1,1,1,0,1,90,3,4,2,0,0,2,22.0,24.0,voiture,voiture,3,1,1,1,5