accident_id,datetime,annee,mois,jour,heure,minute,departement,commune_insee,adresse,latitude,longitude,luminosite,agglomeration,intersection,meteo,collision,catr,circ,nbv,vosp,prof,plan,surf,infra,situ,vma,nb_vehicules,nb_usagers,nb_indemnes,nb_tues,nb_blesses_hosp,nb_blesses_legers,age_cond_1,age_cond_2,veh_type_cond_1,veh_type_cond_2,lum_code,agg_code,int_code,atm_code,col_code
202200041544,2022-05-15 00:01:00,2022,5,15,0,1,73,73150,D220,45.550048,6.665062,Nuit avec éclairage allumé,Hors agglomération,Hors intersection,Normale,Autre collision,3,2,2,0,2,4,1,0,1,70,1,2,0,0,0,2,20.0,,voiture,,5,1,1,1,6
202200041545,2022-05-15 01:10:00,2022,5,15,1,10,38,38225,Thorenas,45.148363,5.525742,Nuit sans éclairage public,Hors agglomération,Hors intersection,Normale,Autre collision,3,2,2,0,1,1,1,0,8,80,1,4,0,1,3,0,20.0,,voiture,,3,1,1,1,6
202200041546,2022-05-14 22:50:00,2022,5,14,22,50,26,26313,D432,44.963154,4.94282,Nuit avec éclairage allumé,En agglomération,Hors intersection,Normale,Deux véhicules - frontale,3,2,2,0,2,1,1,0,1,50,2,5,4,0,0,1,22.0,31.0,voiture,voiture,5,2,1,1,1
202200041547,2022-05-15 18:00:00,2022,5,15,18,0,26,26235,Chemin de la Berre,44.403338,4.700078,Plein jour,Hors agglomération,Intersection en X,Normale,Deux véhicules - côté,3,2,1,0,1,1,1,0,1,80,2,7,0,0,1,6,25.0,36.0,voiture,voiture,1,1,2,1,3
202200041548,2022-05-15 10:45:00,2022,5,15,10,45,69,69122,114 Route d Anse,45.9132563564,4.7026446462,Plein jour,En agglomération,Hors intersection,Normale,Deux véhicules - arrière,3,2,2,0,1,1,1,0,1,30,2,2,1,0,0,1,88.0,59.0,voiture,deux_roues,1,2,1,1,2
202200041549,2022-05-14 11:15:00,2022,5,14,11,15,69,69116,Route du Puy d’Or,45.825318,4.773352,Plein jour,Hors agglomération,Hors intersection,Normale,Deux véhicules - frontale,7,2,2,2,4,1,1,0,1,70,2,2,1,0,1,0,64.0,54.0,deux_roues,voiture,1,1,1,1,1
202200041550,2022-05-14 18:12:00,2022,5,14,18,12,64,64135,PK 4 + 200 - D. 56,43.536611,-0.755975,Plein jour,Hors agglomération,Hors intersection,Normale,Deux véhicules - côté,3,2,2,0,2,3,1,0,1,80,2,3,1,0,2,0,71.0,23.0,utilitaire_camion,deux_roues,1,1,1,1,3
202200041551,2022-05-13 13:57:00,2022,5,13,13,57,64,64496,AVENUE DU PORTOU,43.4817917139,-1.4437901974,Plein jour,En agglomération,Giratoire,Normale,Deux véhicules - frontale,3,2,2,1,2,3,1,0,1,70,2,2,1,0,0,1,21.0,59.0,deux_roues,voiture,1,2,6,1,1
202200041552,2022-05-13 18:00:00,2022,5,13,18,0,33,33174,loiseau,44.918671,-0.250886,Plein jour,Hors agglomération,Intersection en Y,Normale,Deux véhicules - frontale,3,2,2,0,2,3,1,5,1,80,2,2,1,0,1,0,17.0,61.0,deux_roues,voiture,1,1,4,1,1
202200041553,2022-05-14 17:50:00,2022,5,14,17,50,33,33242,D672,44.803139,0.184021,Plein jour,Hors agglomération,Hors intersection,Normale,Autre collision,3,2,2,0,1,2,1,0,3,80,1,1,0,0,1,0,67.0,,deux_roues,,1,1,1,1,6
202200041554,2022-05-14 18:00:00,2022,5,14,18,0,29,29161,Le Bourg Route de Quimper,47.906842,-4.045565,Plein jour,En agglomération,Giratoire,Normale,Autre collision,3,2,2,0,1,3,1,5,1,50,1,2,1,0,1,0,68.0,,voiture,,1,2,6,1,6
202200041555,2022-05-14 18:10:00,2022,5,14,18,10,02,02163,,48.949316,3.263298,Plein jour,Hors agglomération,Autre intersection,Normale,Sans collision,4,-1,2,0,1,1,1,0,8,-1,1,1,0,0,0,1,29.0,,deux_roues,,1,1,9,1,7
202200041556,2022-05-13 08:45:00,2022,5,13,8,45,13,13214,A507 sens Marseille - Aubagne,43.3343945016,5.382911,Plein jour,Hors agglomération,Hors intersection,Normale,Trois véhicules et plus - collisions multiples,1,1,3,0,1,1,1,1,1,70,3,4,3,0,0,1,32.0,43.0,voiture,voiture,1,1,1,1,5
202200041557,2022-05-14 16:05:00,2022,5,14,16,5,92,92036,RN315 Y,48.9198744356,2.3066798923,Plein jour,Hors agglomération,Hors intersection,Normale,Trois véhicules et plus - en chaîne,2,-1,1,0,1,1,1,0,1,70,3,3,2,0,0,1,47.0,26.0,utilitaire_camion,voiture,1,1,1,1,4
202200041558,2022-05-14 08:25:00,2022,5,14,8,25,78,78545,A12 Y,48.813984,2.059712,Plein jour,Hors agglomération,Hors intersection,Normale,Deux véhicules - arrière,1,-1,4,0,1,1,1,0,1,110,2,2,1,0,0,1,28.0,26.0,voiture,utilitaire_camion,1,1,1,1,2
202200041559,2022-05-13 17:20:00,2022,5,13,17,20,95,95572,RN 184,49.0473949414,2.1319699287,Plein jour,Hors agglomération,Hors intersection,Normale,Deux véhicules - arrière,2,3,4,0,1,1,1,0,1,90,2,2,1,0,0,1,47.0,52.0,voiture,utilitaire_camion,1,1,1,1,2
202200041560,2022-05-14 11:20:00,2022,5,14,11,20,95,95395,RN 104,49.0679664605,2.3948210478,Plein jour,Hors agglomération,Hors intersection,Normale,Autre collision,2,3,4,0,1,1,1,0,1,110,1,2,0,0,0,2,52.0,,voiture,,1,1,1,1,6
202200041561,2022-05-14 10:30:00,2022,5,14,10,30,95,95582,A15,48.9666578201,2.2557377815,Plein jour,Hors agglomération,Hors intersection,Normale,Deux véhicules - arrière,1,3,8,0,1,1,1,0,1,110,2,2,1,0,0,1,46.0,57.0,voiture,deux_roues,1,1,1,1,2
202200041562,2022-05-14 00:30:00,2022,5,14,0,30,95,95582, A115,48.97763,2.241,Nuit avec éclairage non allumé,Hors agglomération,Hors intersection,Normale,Autre collision,1,3,4,0,1,3,1,0,1,90,1,1,0,0,0,1,20.0,,voiture,,4,1,1,1,6
202200041563,2022-05-14 02:05:00,2022,5,14,2,5,93,93064,AUTOROUTE A3,48.88474,2.4713,Nuit sans éclairage public,Hors agglomération,Hors intersection,Normale,Deux véhicules - côté,1,3,2,0,1,2,1,0,1,90,2,3,1,0,0,2,23.0,27.0,voiture,voiture,3,1,1,1,3
202200041564,2022-05-13 19:15:00,2022,5,13,19,15,93,93005,AUTOROUTE A3,48.959,2.47309,Plein jour,Hors agglomération,Hors intersection,Normale,Trois véhicules et plus - collisions multiples,1,3,7,0,1,1,1,0,1,110,3,3,2,0,0,1,37.0,31.0,deux_roues,voiture,1,1,1,1,5
202200041565,2022-05-14 19:40:00,2022,5,14,19,40,77,77237,A4,48.830829,2.760907,Plein jour,Hors agglomération,Hors intersection,Normale,Deux véhicules - côté,1,1,2,0,1,3,1,0,1,90,2,2,1,0,0,1,30.0,,deux_roues,autre,1,1,1,1,3
202200041566,2022-01-10 07:45:00,2022,1,10,7,45,14,14666,11 Rue de La Libération,49.1793921,-0.222164,Nuit avec éclairage allumé,En agglomération,Hors intersection,Pluie légère,Autre collision,3,2,2,0,1,1,2,0,4,50,1,2,1,0,1,0,34.0,,utilitaire_camion,,5,2,1,2,6
202200041567,2022-05-13 14:10:00,2022,5,13,14,10,974,97411,TOPAZES(ALLEE DES),-20.889461,55.445148,Plein jour,Hors agglomération,Hors intersection,Normale,Autre collision,3,2,2,3,2,1,1,0,1,50,1,1,0,0,0,1,19.0,,deux_roues,,1,1,1,1,6
202200041568,2022-05-13 09:15:00,2022,5,13,9,15,69,69383,Rue Garibaldi,45.7609364278,4.8520161382,Plein jour,En agglomération,Hors intersection,Normale,Deux véhicules - côté,4,1,3,3,1,1,1,-1,1,50,2,2,1,0,0,1,19.0,31.0,deux_roues,voiture,1,2,1,1,3
202200041569,2022-05-13 21:05:00,2022,5,13,21,5,69,69034,124 Quai Clémenceau,45.81476,4.85141,Nuit sans éclairage public,En agglomération,Hors intersection,Normale,Deux véhicules - côté,7,2,2,0,1,1,1,0,1,50,2,2,1,0,0,1,,24.0,voiture,deux_roues,3,2,1,1,3
202200041570,2022-04-01 18:00:00,2022,4,1,18,0,69,69389,Avenue du Plateau,45.78416,4.79474,Plein jour,En agglomération,Hors intersection,Normale,Autre collision,4,2,2,2,1,1,1,0,1,50,1,2,1,0,0,1,72.0,,voiture,,1,2,1,1,6
202200041571,2022-05-13 08:25:00,2022,5,13,8,25,69,69385,2 Avenue Debrousse,45.7515,4.81619,Plein jour,En agglomération,Hors intersection,Normale,Deux véhicules - côté,4,2,4,3,2,1,1,0,1,30,2,3,1,0,0,2,43.0,31.0,voiture,deux_roues,1,2,1,1,3
202200041572,2022-05-13 21:05:00,2022,5,13,21,5,2A,2A004,ROSSINI PASCAL BD,41.91398,8.72888,Nuit avec éclairage allumé,En agglomération,Hors intersection,Normale,Deux véhicules - côté,3,2,2,0,1,1,1,0,1,50,2,4,3,0,0,1,62.0,58.0,voiture,deux_roues,5,2,1,1,3
202200041573,2022-05-13 08:50:00,2022,5,13,8,50,2A,2A004,NAPOLEON COURS AVANT BEVERINI,41.92953,8.73912,Plein jour,En agglomération,Hors intersection,Normale,Autre collision,2,2,3,0,1,1,1,0,1,50,1,2,1,0,0,1,30.0,,deux_roues,,1,2,1,1,6
202200041574,2022-05-13 17:10:00,2022,5,13,17,10,95,95210,DEPART (RUE DU),48.97379,2.30583,Plein jour,En agglomération,Hors intersection,Normale,Autre collision,4,2,3,3,1,1,1,0,1,50,1,2,1,1,0,0,50.0,,transport_commun,,1,2,1,1,6
202200041575,2022-05-13 10:04:00,2022,5,13,10,4,91,91223,BELLES CROIX (RUE DES),48.42087,2.13216,Plein jour,Hors agglomération,Hors intersection,Normale,Sans collision,9,3,2,0,1,1,1,0,1,50,1,1,0,0,0,1,61.0,,deux_roues,,1,1,1,1,7
202200041576,2022-05-12 13:26:00,2022,5,12,13,26,87,87050,MOULIN (ALLEE JEAN),45.8774,1.23947,Plein jour,En agglomération,Hors intersection,Normale,Autre collision,4,2,2,0,1,1,1,0,1,30,1,2,1,0,0,1,60.0,,voiture,,1,2,1,1,6
202200041577,2022-05-13 15:00:00,2022,5,13,15,0,86,86194,Avenue John Kennedy,46.582177,0.367891,Plein jour,En agglomération,Intersection en X,Normale,Deux véhicules - côté,3,3,2,0,1,1,1,5,1,50,2,2,1,0,0,1,67.0,78.0,voiture,voiture,1,2,2,1,3
202200041578,2022-05-13 23:27:00,2022,5,13,23,27,82,82033,ZI L'ARTEL,44.05669,1.09929,Nuit avec éclairage allumé,En agglomération,Autre intersection,Normale,Autre collision,3,1,1,0,1,3,1,9,8,50,1,4,0,0,1,3,31.0,,voiture,,5,2,9,1,6
202200041579,2022-05-11 12:20:00,2022,5,11,12,20,80,80021,CHATEAU MILAN (RUE DU),49.90155,2.28418,Plein jour,En agglomération,Hors intersection,Normale,Deux véhicules - côté,4,2,4,0,1,1,1,0,1,50,2,2,1,0,0,1,26.0,23.0,voiture,deux_roues,1,2,1,1,3
202200041580,2022-05-11 14:40:00,2022,5,11,14,40,80,80021,JULES FERRY (CHAUSSEE),49.8766,2.34416,Plein jour,En agglomération,Hors intersection,Normale,Trois véhicules et plus - en chaîne,4,2,2,0,1,1,1,0,1,50,3,3,2,0,0,1,20.0,20.0,voiture,voiture,1,2,1,1,4
202200041581,2022-05-14 00:50:00,2022,5,14,0,50,77,77373,D604,48.77707,2.59553,Nuit avec éclairage allumé,En agglomération,Giratoire,Normale,Autre collision,3,3,4,0,1,1,1,5,4,50,1,1,0,0,1,0,35.0,,voiture,,5,2,6,1,6
202200041582,2022-05-13 17:56:00,2022,5,13,17,56,77,77337,D10P,48.84139,2.6186,Plein jour,En agglomération,Hors intersection,Normale,Autre collision,3,2,2,0,1,1,1,0,1,50,1,2,1,0,1,0,37.0,,voiture,,1,2,1,1,6
202200041583,2022-05-14 12:30:00,2022,5,14,12,30,77,77296,D402,48.6209,2.58186,Plein jour,En agglomération,Intersection en T,Temps éblouissant,Deux véhicules - côté,3,3,6,0,1,1,1,5,1,70,2,3,1,0,0,2,39.0,25.0,voiture,voiture,1,2,3,7,3
202200041584,2022-05-11 11:15:00,2022,5,11,11,15,77,77320,D934,48.82639,3.03535,Plein jour,En agglomération,Intersection en X,Normale,Deux véhicules - côté,3,2,2,0,2,1,1,0,1,50,2,2,1,0,0,1,45.0,33.0,deux_roues,utilitaire_camion,1,2,2,1,3
202200041585,2022-05-13 19:50:00,2022,5,13,19,50,76,76231,Place du Champ de Foire,49.29024,1.01284,Plein jour,En agglomération,Hors intersection,Normale,Autre collision,4,2,2,0,1,1,1,6,1,30,1,3,1,0,0,2,73.0,,voiture,,1,2,1,1,6
202200041586,2022-05-13 14:25:00,2022,5,13,14,25,76,76216,Rue Jules Ferry,49.46901,1.04421,Plein jour,En agglomération,Intersection en X,Normale,Deux véhicules - côté,7,2,2,0,1,1,1,0,1,50,2,2,1,0,1,0,19.0,48.0,voiture,voiture,1,2,2,1,3
202200041587,2022-05-13 16:00:00,2022,5,13,16,0,76,76165,Rue de la République,49.2808850271,1.0262399912,Plein jour,En agglomération,Hors intersection,Normale,Autre collision,6,-1, -1,0,1,1,1,0,8,50,1,2,1,0,0,1,58.0,,voiture,,1,2,1,1,6
202200041588,2022-05-13 14:00:00,2022,5,13,14,0,76,76322,N338 - Sud 3,49.41892,1.04916,Plein jour,Hors agglomération,Hors intersection,Normale,Deux véhicules - arrière,2,3,5,0,1,1,1,0,1,90,2,2,0,0,0,2,36.0,55.0,voiture,voiture,1,1,1,1,2
202200041589,2022-05-13 13:00:00,2022,5,13,13,0,76,76681,Rue Gaston Contremoulins,49.4206513924,1.0966844559,Plein jour,En agglomération,Intersection en T,Normale,Autre collision,4,2,2,0,1,1,1,0,1,50,1,2,1,0,0,1,25.0,,voiture,,1,2,3,1,6
202200041590,2022-05-07 04:05:00,2022,5,7,4,5,76,76575,Avenue des Canadiens,49.40697,1.06924,Nuit avec éclairage allumé,En agglomération,Hors intersection,Normale,Autre collision,7,2,2,3,1,1,1,-1,3,50,1,3,0,1,1,1,21.0,,voiture,,5,2,1,1,6
202200041591,2022-05-13 00:00:00,2022,5,13,0,0,76,76351,PASTEUR,49.50318,0.12765,Nuit avec éclairage allumé,En agglomération,Hors intersection,Normale,Sans collision,4,2,2,0,2,4,1,0,1,50,1,1,0,0,0,1,40.0,,deux_roues,,5,2,1,1,7
202200041592,2022-05-11 19:30:00,2022,5,11,19,30,74,74012,EUROPE (AVENUE DE L'),46.18357,6.23134,Plein jour,En agglomération,Intersection en Y,Temps éblouissant,Trois véhicules et plus - collisions multiples,3,2,2,0,1,3,1,5,1,50,3,3,2,0,0,1,47.0,46.0,voiture,deux_roues,1,2,4,7,5
202200041593,2022-05-13 19:35:00,2022,5,13,19,35,72,72181,PATTON GENERAL RTE ST-AUBIN A AV RUBILLA,48.02808,0.17561,Plein jour,Hors agglomération,Hors intersection,Normale,Trois véhicules et plus - collisions multiples,3,1,2,0,1,1,1,3,1,50,3,7,2,0,1,4,29.0,45.0,voiture,voiture,1,1,1,1,5
202200041594,2022-05-13 12:36:00,2022,5,13,12,36,72,72181,TIRONNEAU ADRIEN (PL),47.98305,0.21075,Plein jour,En agglomération,Autre intersection,Normale,Deux véhicules - côté,4,1,2,3,1,2,1,9,8,30,2,3,2,0,0,1,52.0,34.0,transport_commun,voiture,1,2,9,1,3
202200041595,2022-05-13 11:10:00,2022,5,13,11,10,72,72181,BOLLEE (AV) N° PAIRS 154 A 222,47.99758,0.21562,Plein jour,En agglomération,Autre intersection,Normale,Deux véhicules - côté,4,3,4,1,1,1,1,0,1,50,2,2,0,0,0,2,25.0,90.0,deux_roues,voiture,1,2,9,1,3
202200041596,2022-05-13 01:30:00,2022,5,13,1,30,72,72181,DURAND GEORGES (AV) N° IMP 199 AU N° 311,47.97284,0.21631,Nuit avec éclairage allumé,En agglomération,Hors intersection,Normale,Autre collision,4,3,2,1,2,1,1,0,1,50,1,1,0,0,0,1,22.0,,deux_roues,,5,2,1,1,6
202200041597,2022-05-09 17:20:00,2022,5,9,17,20,71,71270,CHARLES DE GAULLE (AV),46.32119,4.83905,Plein jour,En agglomération,Hors intersection,Normale,Autre collision,3,1,2,0,1,1,1,0,1,70,1,2,1,0,0,1,31.0,,voiture,,1,2,1,1,6
202200041598,2022-05-12 11:40:00,2022,5,12,11,40,71,71153,MARECHAL JOFFRE,46.79236,4.41612,Plein jour,En agglomération,Intersection en X,Normale,Deux véhicules - côté,4,2,3,0,1,1,1,5,1,50,2,2,1,0,0,1,27.0,54.0,voiture,voiture,1,2,2,1,3
202200041599,2022-05-07 08:20:00,2022,5,7,8,20,71,71118,GENERAL DE GAULLE (AVENUE),46.79421,4.82046,Crépuscule ou aube,En agglomération,Hors intersection,Temps éblouissant,Autre collision,3,2,2,0,1,1,1,0,1,50,1,2,1,0,1,0,59.0,,voiture,,2,2,1,7,6
202200041600,2022-05-13 19:50:00,2022,5,13,19,50,69,69256,Avenue Paul Marcellin,45.77278,4.93389,Plein jour,En agglomération,Hors intersection,Normale,Autre collision,4,2,3,2,1,3,1,0,1,50,1,2,1,0,0,1,60.0,,voiture,,1,2,1,1,6
202200041601,2022-05-13 00:55:00,2022,5,13,0,55,66,66136,LANGUEDOC (AVENUE DU CD 88),42.7332017152,2.8897556663,Nuit avec éclairage allumé,En agglomération,Autre intersection,Normale,Deux véhicules - frontale,4,2,3,0,1,1,1,9,8,30,2,3,2,0,0,1,21.0,22.0,deux_roues,voiture,5,2,9,1,1
202200041602,2022-05-13 17:00:00,2022,5,13,17,0,64,64483,PELLOT ETIENNE (AVENUE),43.3951,-1.6591,Plein jour,En agglomération,Intersection en X,Normale,Deux véhicules - côté,4,2,2,0,1,1,1,0,1,50,2,2,1,0,0,1,58.0,46.0,deux_roues,voiture,1,2,2,1,3
202200041603,2022-05-13 13:05:00,2022,5,13,13,5,64,64269,Route de Tarbes,43.29978,-0.30903,Plein jour,Hors agglomération,Hors intersection,Normale,Trois véhicules et plus - en chaîne,4,2,2,1,1,1,1,0,1,50,3,3,1,0,0,2,42.0,72.0,voiture,voiture,1,1,1,1,4
202200041604,2022-05-12 17:50:00,2022,5,12,17,50,64,64445,TRESPOEY,43.29815,-0.33885,Plein jour,En agglomération,Hors intersection,Normale,Deux véhicules - côté,4,2,2,0,1,1,1,0,1,50,2,2,1,0,0,1,40.0,23.0,voiture,deux_roues,1,2,1,1,3
202200041605,2022-05-12 07:50:00,2022,5,12,7,50,64,64445,avenue de l'université,43.31127,-0.36334,Plein jour,En agglomération,Hors intersection,Normale,Deux véhicules - côté,4,2,3,1,1,1,1,5,1,50,2,2,1,0,0,1,23.0,52.0,voiture,deux_roues,1,2,1,1,3
202200041606,2022-05-13 18:00:00,2022,5,13,18,0,59,59378,HAUTE LOGE RUE DE LA,50.6724119234,3.0856347084,Plein jour,En agglomération,Hors intersection,Normale,Deux véhicules - frontale,4,2,2,0,1,3,1,0,1,50,2,4,1,0,0,3,20.0,56.0,voiture,voiture,1,2,1,1,1
202200041607,2022-05-13 01:45:00,2022,5,13,1,45,59,59350,MARYTRS DE LA RESISTANCE RUE DES,50.63415,3.01151,Nuit avec éclairage allumé,En agglomération,Intersection en X,Normale,Deux véhicules - côté,4,1,1,0,1,1,1,0,1,30,2,2,1,0,0,1,27.0,,voiture,voiture,5,2,2,1,3
202200041608,2022-05-12 09:00:00,2022,5,12,9,0,59,59560,TEMPLEMARS ROUTE DE,50.5626497523,3.0495429039,Plein jour,Hors agglomération,Hors intersection,Normale,Deux véhicules - frontale,7,2,2,0,1,1,1,0,3,80,2,2,0,0,0,2,41.0,29.0,voiture,voiture,1,1,1,1,1
202200041609,2022-05-12 08:10:00,2022,5,12,8,10,59,59360,FOCH RUE DU MARECHAL,50.61514,3.01712,Plein jour,En agglomération,Intersection en X,Normale,Deux véhicules - frontale,7,2,2,1,1,1,1,0,1,50,2,2,1,0,0,1,31.0,28.0,voiture,deux_roues,1,2,2,1,1
202200041610,2022-05-13 07:15:00,2022,5,13,7,15,59,59317,,50.697132,2.925901,Plein jour,Hors agglomération,Hors intersection,Normale,Trois véhicules et plus - collisions multiples,7,2,2,0,1,1,1,0,1,70,3,4,0,0,1,3,72.0,37.0,voiture,voiture,1,1,1,1,5
202200041611,2022-05-11 19:00:00,2022,5,11,19,0,58,58194,PIERRE DE COUBERTIN,46.98623,3.16018,Plein jour,En agglomération,Hors intersection,Normale,Deux véhicules - arrière,3,2,2,0,1,1,1,0,1,30,2,4,1,0,0,3,20.0,43.0,voiture,voiture,1,2,1,1,2
202200041612,2022-05-13 16:05:00,2022,5,13,16,5,57,57463,ANTOINE LOUIS (RUE),49.10949,6.16999,Plein jour,En agglomération,Autre intersection,Normale,Autre collision,4,1,2,3,1,1,1,5,1,50,1,2,1,0,0,1,,,transport_commun,,1,2,9,1,6
202200041613,2022-05-12 16:55:00,2022,5,12,16,55,57,57491,LORRAINE (RUE DE),49.24631,6.03972,Plein jour,En agglomération,Hors intersection,Normale,Deux véhicules - côté,4,2,2,0,1,1,1,0,1,30,2,2,1,0,1,0,22.0,9.0,voiture,deux_roues,1,2,1,1,3
202200041614,2022-05-13 11:50:00,2022,5,13,11,50,54,54431,DUROC (PLACE),48.90306,6.05501,Plein jour,En agglomération,Hors intersection,Normale,Autre collision,3,2,1,0,1,1,1,9,3,50,1,2,1,0,0,1,65.0,,voiture,,1,2,1,1,6
202200041615,2022-05-13 14:55:00,2022,5,13,14,55,51,51454,rue de la Maison Blanche,49.23712,4.0278,Plein jour,En agglomération,Hors intersection,Normale,Deux véhicules - arrière,4,1,1,2,2,1,1,0,1,50,2,2,1,0,0,1,21.0,55.0,autre,deux_roues,1,2,1,1,2
202200041616,2022-05-13 08:26:00,2022,5,13,8,26,51,51454,rond-point de champagne,49.21359,4.01549,Plein jour,En agglomération,Giratoire,Normale,Deux véhicules - arrière,3,1,4,0,1,2,1,5,1,50,2,2,1,0,0,1,41.0,50.0,voiture,voiture,1,2,6,1,2
202200041617,2022-05-12 04:44:00,2022,5,12,4,44,49,49267,BEAUFORT ROUTE,47.4739005408,-0.4835915565,Nuit sans éclairage public,En agglomération,Hors intersection,Normale,Autre collision,3,2,2,0,1,1,1,0,1,80,1,2,0,0,0,2,30.0,,voiture,,3,2,1,1,6
202200041618,2022-05-13 12:15:00,2022,5,13,12,15,44,44143,16 Rue du Lieutenant de Monti,47.18627,-1.5558,Plein jour,En agglomération,Hors intersection,Normale,Autre collision,4,2,2,2,1,1,1,0,4,30,1,2,1,0,1,0,93.0,,voiture,,1,2,1,1,6
202200041619,2022-05-10 10:00:00,2022,5,10,10,0,42,42218,Rue Bergson,45.45566,4.38253,Plein jour,En agglomération,Intersection en T,Normale,Autre collision,4,-1,2,0,1,1,1,0,1,50,1,2,1,0,0,1,27.0,,voiture,,1,2,3,1,6
202200041620,2022-05-09 10:34:00,2022,5,9,10,34,42,42218,Rue de l'Epreuve,45.4335502865,4.3945888281,Plein jour,En agglomération,Intersection en X,Normale,Autre collision,4,-1,1,0,1,1,1,0,1,50,1,2,1,0,1,0,88.0,,voiture,,1,2,2,1,6
202200041621,2022-05-13 15:50:00,2022,5,13,15,50,37,37261,Avenue Gustave Eiffel,47.4320863884,0.6977283955,Plein jour,En agglomération,Giratoire,Normale,Deux véhicules - côté,7,3,4,0,1,1,1,0,1,50,2,2,1,0,0,1,40.0,42.0,voiture,deux_roues,1,2,6,1,3
202200041622,2022-05-13 12:37:00,2022,5,13,12,37,37,37261,WAGNER (BOULEVARD RICHARD),47.3742200701,0.7034656405,Plein jour,En agglomération,Hors intersection,Normale,Deux véhicules - arrière,4,2,4,0,2,1,1,0,1,50,2,2,1,0,0,1,63.0,,voiture,voiture,1,2,1,1,2
202200041623,2022-05-13 11:10:00,2022,5,13,11,10,37,37261,RABELAIS (PLACE),47.38532,0.67669,Plein jour,En agglomération,Intersection en X,Normale,Deux véhicules - côté,4,2,2,2,1,1,1,0,1,30,2,3,2,0,0,1,21.0,22.0,deux_roues,voiture,1,2,2,1,3
202200041624,2022-05-13 13:50:00,2022,5,13,13,50,35,35238,N136,48.0810703523,-1.667419374,Plein jour,Hors agglomération,Hors intersection,Normale,Deux véhicules - côté,2,3,6,0,1,1,1,0,1,90,2,3,2,0,0,1,25.0,28.0,voiture,utilitaire_camion,1,1,1,1,3
202200041625,2022-05-13 12:55:00,2022,5,13,12,55,35,35238,ROBERT (FERNAND),48.132,-1.70704,Plein jour,En agglomération,Intersection en T,Normale,Deux véhicules - côté,4,2,2,0,1,1,1,0,1,30,2,2,1,0,0,1,77.0,50.0,voiture,deux_roues,1,2,3,1,3
202200041626,2022-05-13 10:35:00,2022,5,13,10,35,35,35238,LORIENT (DE),48.1093346864,-1.7083398253,Plein jour,En agglomération,Hors intersection,Normale,Autre collision,4,3,4,0,1,1,1,0,1,50,1,2,1,0,0,1,33.0,,voiture,,1,2,1,1,6
202200041627,2022-05-13 10:20:00,2022,5,13,10,20,33,33281,Avenue François Mitterrand,44.82708,-0.61421,Plein jour,En agglomération,Hors intersection,Normale,Autre collision,4,2,4,3,1,1,1,0,1,50,1,2,1,1,0,0,61.0,,utilitaire_camion,,1,2,1,1,6
202200041628,2022-05-13 10:15:00,2022,5,13,10,15,33,33063,Cours Xavier Arnozan,44.8489828901,-0.573284626,Plein jour,En agglomération,Hors intersection,Normale,Autre collision,4,3,2,0,1,1,1,0,4,30,1,2,1,0,0,1,60.0,,utilitaire_camion,,1,2,1,1,6
202200041629,2022-05-13 06:30:00,2022,5,13,6,30,33,33075,Route du Médoc,44.8762986068,-0.6213068962,Crépuscule ou aube,En agglomération,Hors intersection,Normale,Deux véhicules - côté,4,3,4,0,2,1,1,0,1,50,2,2,1,0,1,0,35.0,52.0,deux_roues,voiture,2,2,1,1,3
202200041630,2022-05-12 08:25:00,2022,5,12,8,25,33,33063,Boulevard du Président Wilson,44.84191,-0.59949,Plein jour,En agglomération,Intersection en T,Normale,Deux véhicules - côté,4,3,4,0,1,1,1,5,5,50,2,2,1,0,1,0,51.0,50.0,deux_roues,utilitaire_camion,1,2,3,1,3
202200041631,2022-04-20 23:30:00,2022,4,20,23,30,32,32013,rond point des justes,43.66383,0.59819,Nuit avec éclairage allumé,En agglomération,Giratoire,Normale,Deux véhicules - côté,2,3,1,0,4,3,1,3,1,50,2,3,1,0,0,2,43.0,36.0,voiture,voiture,5,2,6,1,3
202200041632,2022-05-13 20:40:00,2022,5,13,20,40,31,31555,BD FLORENCE ARTHAUD,43.64819,1.45543,Plein jour,En agglomération,Intersection en X,Normale,Deux véhicules - côté,4,3,3,0,1,1,1,5,1,50,2,4,3,1,0,0,46.0,23.0,voiture,voiture,1,2,2,1,3
202200041633,2022-05-13 03:50:00,2022,5,13,3,50,31,31555,A624 (PURPAN),43.6070482751,1.3909935951,Nuit sans éclairage public,Hors agglomération,Hors intersection,Normale,Autre collision,1,1,3,0,1,1,1,0,2,90,1,1,0,0,0,1,18.0,,voiture,,3,1,1,1,6
202200041634,2022-05-09 04:30:00,2022,5,9,4,30,31,31555,20 LESPINET  (PERIPH OUEST A620),43.5691255072,1.4790558815,Nuit sans éclairage public,En agglomération,Hors intersection,Normale,Deux véhicules - arrière,1,1,4,0,1,1,1,9,6,90,2,2,1,0,0,1,19.0,19.0,voiture,deux_roues,3,2,1,1,2
202200041635,2022-05-13 08:00:00,2022,5,13,8,0,31,31344,VERDUN (RUE DE),43.09583,0.75006,Plein jour,En agglomération,Hors intersection,Normale,Sans collision,4,2,2,0,1,1,1,0,1,30,1,2,1,0,0,1,16.0,,deux_roues,,1,2,1,1,7
202200041636,2022-05-13 09:00:00,2022,5,13,9,0,29,29232,Avenue des Oiseaux,47.991913,-4.119595,Plein jour,En agglomération,Giratoire,Normale,Deux véhicules - côté,4,3,2,1,4,1,1,0,5,30,2,2,1,0,0,1,44.0,53.0,voiture,deux_roues,1,2,6,1,3