accident_id,datetime,annee,mois,jour,heure,minute,departement,commune_insee,adresse,latitude,longitude,luminosite,agglomeration,intersection,meteo,collision,catr,circ,nbv,vosp,prof,plan,surf,infra,situ,vma,nb_vehicules,nb_usagers,nb_indemnes,nb_tues,nb_blesses_hosp,nb_blesses_legers,age_cond_1,age_cond_2,veh_type_cond_1,veh_type_cond_2,lum_code,agg_code,int_code,atm_code,col_code
202200041637,2022-05-13 12:30:00,2022,5,13,12,30,28,28220,GUTEMBERG (RUE),48.42733,1.4632,Plein jour,En agglomération,Giratoire,Normale,Autre collision,3,1,1,0,1,2,1,0,1,50,2,2,1,0,1,0,53.0,29.0,deux_roues,utilitaire_camion,1,2,6,1,6
202200041638,2022-05-13 09:20:00,2022,5,13,9,20,27,27229,SAINT ANDRE (ROUTE DE),49.0096044208,1.1666160822,Plein jour,En agglomération,Giratoire,Normale,Deux véhicules - arrière,4,2,3,0,1,1,1,0,1,50,2,3,2,0,0,1,47.0,54.0,voiture,voiture,1,2,6,1,2
202200041639,2022-05-12 22:15:00,2022,5,12,22,15,22,22278,BRIAND (ARISTIDE),48.50312,-2.76615,Crépuscule ou aube,En agglomération,Hors intersection,Normale,Deux véhicules - frontale,4,2,2,0,1,1,1,0,1,30,2,3,1,0,0,2,19.0,22.0,voiture,voiture,2,2,1,1,1
202200041640,2022-05-11 09:15:00,2022,5,11,9,15,22,22278,71° RI (DU),48.51101,-2.76018,Plein jour,En agglomération,Hors intersection,Temps éblouissant,Autre collision,4,2,2,0,1,1,1,0,1,30,1,2,1,0,1,0,32.0,,voiture,,1,2,1,7,6
202200041641,2022-05-13 18:50:00,2022,5,13,18,50,17,17300,KENNEDY   AVENUE DU PRESIDENT J,46.167271,-1.177901,Plein jour,En agglomération,Autre intersection,Normale,Sans collision,4,2,2,0,1,3,1,0,1,30,2,2,1,0,0,1,30.0,48.0,deux_roues,voiture,1,2,9,1,7
202200041642,2022-05-13 19:50:00,2022,5,13,19,50,13,13054,8 MAI 1945 (AV DU ),43.4133056819,5.2211680261,Plein jour,En agglomération,Hors intersection,Normale,Deux véhicules - arrière,4,1,2,0,1,1,1,0,1,50,2,2,0,0,0,2,26.0,59.0,voiture,voiture,1,2,1,1,2
202200041643,2022-05-13 14:15:00,2022,5,13,14,15,13,13215,BOURRELY (CHEMIN DES),43.3754224761,5.3579645981,Plein jour,En agglomération,Hors intersection,Normale,Deux véhicules - côté,4,2,2,0,2,1,1,0,1,50,2,2,0,0,0,1,21.0,,voiture,voiture,1,2,1,1,3
202200041644,2022-05-12 13:35:00,2022,5,12,13,35,13,13210,FIFI TURIN (RUE),43.28084,5.41248,Plein jour,En agglomération,Hors intersection,Normale,Deux véhicules - côté,4,1,1,0,1,1,1,0,4,50,2,2,1,0,0,1,33.0,33.0,autre,voiture,1,2,1,1,3
202200041645,2022-05-13 08:45:00,2022,5,13,8,45,13,13047,EQUERRE RUE DE L',43.50646,4.98689,Plein jour,En agglomération,Hors intersection,Normale,Deux véhicules - côté,4,2,2,0,1,1,1,0,1,50,2,2,1,0,0,1,19.0,54.0,voiture,deux_roues,1,2,1,1,3
202200041646,2022-05-13 20:50:00,2022,5,13,20,50,12,12146,MILLAU (AVENUE DE),44.33586,2.58844,Plein jour,Hors agglomération,Hors intersection,Normale,Autre collision,3,2,2,0,1,3,1,0,1,80,1,1,0,0,0,1,24.0,,deux_roues,,1,1,1,1,6
202200041647,2022-05-13 14:40:00,2022,5,13,14,40,10,10387,CASIMIR PERIER (RUE),48.2976,4.066529,Plein jour,En agglomération,Intersection en X,Temps éblouissant,Deux véhicules - frontale,4,3,7,0,1,1,1,5,1,50,2,3,1,0,0,2,44.0,27.0,voiture,voiture,1,2,2,7,1
202200041648,2022-05-13 10:40:00,2022,5,13,10,40,06,06069,PROVENCE (AVENUE DE),43.650367,6.922526,Plein jour,En agglomération,Hors intersection,Normale,Autre collision,4,2,2,0,3,3,1,0,1,50,1,2,1,0,0,1,68.0,,voiture,,1,2,1,1,6
202200041649,2022-05-13 09:30:00,2022,5,13,9,30,06,06004,GRASSE RTE DE,43.599379,7.086378,Plein jour,En agglomération,Giratoire,Normale,Trois véhicules et plus - en chaîne,3,1,2,0,1,1,1,5,1,50,3,4,2,0,2,0,89.0,58.0,voiture,utilitaire_camion,1,2,6,1,4
202200041650,2022-05-12 08:15:00,2022,5,12,8,15,03,03310,Boulevard des Graves,46.13276,3.43185,Plein jour,En agglomération,Intersection en X,Normale,Deux véhicules - côté,4,2, -1,0,1,1,1,0,1,50,2,2,1,0,1,0,35.0,29.0,voiture,voiture,1,2,2,1,3
202200041651,2022-05-13 19:25:00,2022,5,13,19,25,75,75114,BD PERIPHERIQUE INTERIEUR,48.824830562,2.3044983298,Plein jour,En agglomération,Intersection en Y,Normale,Deux véhicules - arrière,4,1,3,0,3,1,1,1,1,50,2,2,1,0,0,1,42.0,43.0,deux_roues,voiture,1,2,4,1,2
202200041652,2022-05-13 17:30:00,2022,5,13,17,30,75,75112,BD PERIPHERIQUE EXTERIEUR,48.830171,2.402188,Plein jour,En agglomération,Hors intersection,Normale,Deux véhicules - arrière,4,1,4,0,1,1,1,0,1,70,2,2,1,0,0,1,47.0,39.0,deux_roues,voiture,1,2,1,1,2
202200041653,2022-05-13 16:35:00,2022,5,13,16,35,75,75120,BD PERIPHERIQUE INTERIEUR,48.85993,2.413982,Plein jour,En agglomération,Hors intersection,Normale,Deux véhicules - arrière,4,1,4,0,1,1,1,0,1,70,2,3,1,0,0,2,29.0,35.0,deux_roues,voiture,1,2,1,1,2
202200041654,2022-05-13 00:02:00,2022,5,13,0,2,75,75117,BD PERIPHERIQUE INTERIEUR,48.883981,2.285279,Nuit avec éclairage allumé,En agglomération,Hors intersection,Normale,Deux véhicules - arrière,4,1,4,0,1,1,1,0,1,70,2,2,0,0,0,2,24.0,48.0,voiture,voiture,5,2,1,1,2
202200041655,2022-05-12 09:20:00,2022,5,12,9,20,75,75112,BD PERIPHERIQUE INTERIEUR,48.828768,2.398716,Plein jour,En agglomération,Hors intersection,Normale,Trois véhicules et plus - en chaîne,4,1,4,0,1,1,1,0,1,70,4,4,3,0,0,1,37.0,65.0,voiture,voiture,1,2,1,1,4
202200041656,2022-05-13 18:00:00,2022,5,13,18,0,75,75120,RUE DE LA JUSTICE,48.8688087349,2.4083011597,Plein jour,En agglomération,Intersection en T,Normale,Autre collision,4,1,1,0,2,1,1,0,1,30,1,2,1,0,0,1,43.0,,voiture,,1,2,3,1,6
202200041657,2022-05-13 19:00:00,2022,5,13,19,0,75,75120,BOULEVARD DE MENILMONTANT,48.8629514449,2.3874865472,Plein jour,En agglomération,Intersection à plus de 4 branches,Normale,Autre collision,4,3,2,1,1,1,1,-1,5,30,1,2,1,0,0,1,30.0,,deux_roues,,1,2,5,1,6
202200041658,2022-05-13 19:15:00,2022,5,13,19,15,75,75120,RUE PIXERECOURT,48.872596582,2.3961199075,Plein jour,En agglomération,Intersection à plus de 4 branches,Normale,Autre collision,4,2,2,1,1,1,1,-1,5,30,1,2,1,0,1,0,44.0,,deux_roues,,1,2,5,1,6
202200041659,2022-05-13 00:15:00,2022,5,13,0,15,75,75120,RUE DE BAGNOLET,48.862353,2.406306,Nuit avec éclairage allumé,En agglomération,Intersection en T,Normale,Autre collision,4,2,2,0,1,1,1,0,1,30,1,2,1,0,0,1,,,voiture,,5,2,3,1,6
202200041660,2022-05-13 12:20:00,2022,5,13,12,20,75,75119,AVENUE DE FLANDRE,48.8878826674,2.3731514812,Plein jour,En agglomération,Hors intersection,Normale,Autre collision,4,3,3,1,1,1,1,-1,5,30,1,2,0,0,0,2,24.0,,deux_roues,,1,2,1,1,6
202200041661,2022-05-13 02:20:00,2022,5,13,2,20,75,75119,SOUTERRAIN PANTIN,48.8891371913,2.396812588,Nuit avec éclairage allumé,En agglomération,Intersection en Y,Normale,Deux véhicules - côté,4,1,1,0,1,2,1,1,1,30,2,2,1,0,0,1,32.0,31.0,deux_roues,voiture,5,2,4,1,3
202200041662,2022-05-13 15:20:00,2022,5,13,15,20,75,75116,AVENUE DU PRESIDENT KENNEDY,48.8558469654,2.2852407396,Plein jour,En agglomération,Intersection en T,Normale,Deux véhicules - arrière,4,2,3,0,1,1,1,0,1,30,2,2,1,0,0,1,37.0,57.0,voiture,deux_roues,1,2,3,1,2
202200041663,2022-05-12 09:35:00,2022,5,12,9,35,75,75116,AVENUE DE VERSAILLES,48.843262,2.269515,Plein jour,En agglomération,Hors intersection,Normale,Deux véhicules - côté,4,2,3,0,1,1,1,0,1,30,2,3,1,0,0,2,21.0,21.0,deux_roues,deux_roues,1,2,1,1,3
202200041664,2022-05-13 10:15:00,2022,5,13,10,15,75,75115,BD PERIPHERIQUE INTERIEUR,48.831534,2.282962,Plein jour,En agglomération,Hors intersection,Normale,Deux véhicules - arrière,4,3,5,0,1,1,1,0,1,70,2,2,1,0,0,1,27.0,,deux_roues,utilitaire_camion,1,2,1,1,2
202200041665,2022-05-13 12:41:00,2022,5,13,12,41,75,75114,AVENUE DE L OBSERVATOIRE,48.8396242918,2.3367391527,Plein jour,En agglomération,Intersection en X,Normale,Deux véhicules - côté,4,2,6,0,1,1,1,0,1,30,2,2,1,0,0,1,26.0,54.0,deux_roues,voiture,1,2,2,1,3
202200041666,2022-05-12 11:50:00,2022,5,12,11,50,75,75114,VILLA VIRGINIE,48.8242289634,2.3268756671,Plein jour,En agglomération,Hors intersection,Normale,Autre collision,4,2,2,0,1,1,1,0,1,30,1,2,1,0,0,1,40.0,,utilitaire_camion,,1,2,1,1,6
202200041667,2022-05-12 01:24:00,2022,5,12,1,24,75,75114,AVENUE DU DOCTEUR LANNELONGUE,48.8182301956,2.3325911164,Nuit avec éclairage allumé,En agglomération,Hors intersection,Normale,Autre collision,4,1,2,0,1,1,1,0,1,30,1,1,0,0,0,1,19.0,,deux_roues,,5,2,1,1,6
202200041668,2022-05-13 19:20:00,2022,5,13,19,20,75,75113,AVENUE DE CHOISY,48.822609,2.362698,Plein jour,En agglomération,Intersection en T,Normale,Autre collision,4,2,2,0,1,1,1,0,1,30,1,2,1,0,0,1,18.0,,deux_roues,,1,2,3,1,6
202200041669,2022-05-13 15:50:00,2022,5,13,15,50,75,75113,RUE BRILLAT SAVARIN,48.822582,2.344047,Plein jour,En agglomération,Intersection en X,Normale,Deux véhicules - côté,4,1,1,0,1,1,1,5,1,30,2,4,3,0,0,1,45.0,69.0,voiture,voiture,1,2,2,1,3
202200041670,2022-05-12 10:20:00,2022,5,12,10,20,75,75113,RUE CORVISART,48.8327372009,2.3469610512,Plein jour,En agglomération,Intersection à plus de 4 branches,Normale,Deux véhicules - côté,4,1,2,0,1,1,1,0,1,30,2,2,1,0,0,1,23.0,58.0,deux_roues,voiture,1,2,5,1,3
202200041671,2022-05-13 15:45:00,2022,5,13,15,45,75,75112,AVENUE DAUMESNIL,48.837535,2.425349,Plein jour,En agglomération,Hors intersection,Normale,Trois véhicules et plus - en chaîne,4,2,2,0,1,1,1,0,1,30,3,3,2,0,0,1,44.0,23.0,voiture,utilitaire_camion,1,2,1,1,4
202200041672,2022-05-13 10:15:00,2022,5,13,10,15,75,75112,BOULEVARD DIDEROT,48.845922,2.374405,Plein jour,En agglomération,Intersection en Y,Normale,Deux véhicules - côté,4,1,3,1,1,1,1,-1,5,30,2,3,2,0,0,1,22.0,26.0,voiture,deux_roues,1,2,4,1,3
202200041673,2022-05-13 02:00:00,2022,5,13,2,0,75,75116,ROUTE DE LA PTE DES SABLONS A LA PTE MAI,48.8773490688,2.27927953,Nuit sans éclairage public,En agglomération,Intersection à plus de 4 branches,Normale,Deux véhicules - arrière,4,2,3,0,1,1,1,0,1,50,2,3,2,0,0,1,39.0,38.0,transport_commun,voiture,3,2,5,1,2
202200041674,2022-05-13 15:15:00,2022,5,13,15,15,75,75101,RUE SAINT HONORE,48.8629126253,2.3365111649,Plein jour,En agglomération,Place,Normale,Deux véhicules - côté,4,2,2,0,1,1,1,0,1,30,2,2,1,0,0,1,62.0,53.0,deux_roues,voiture,1,2,7,1,3
202200041675,2022-05-13 00:40:00,2022,5,13,0,40,75,75101,RUE DE RIVOLI,48.8612930585,2.3398672789,Nuit avec éclairage allumé,En agglomération,Intersection en T,Normale,Deux véhicules - arrière,4,2,4,0,1,1,1,0,1,30,2,2,1,0,0,1,88.0,63.0,voiture,voiture,5,2,3,1,2
202200041676,2022-05-12 09:25:00,2022,5,12,9,25,75,75101,BOULEVARD DE SEBASTOPOL,48.8612233574,2.3497250676,Plein jour,En agglomération,Intersection en T,Normale,Deux véhicules - côté,4,2,5,1,1,1,1,-1,5,30,2,2,1,0,0,1,43.0,,deux_roues,deux_roues,1,2,3,1,3
202200041677,2022-05-13 11:45:00,2022,5,13,11,45,94,94078,CHOISY (AV DE),48.73947,2.44373,Plein jour,En agglomération,Autre intersection,Normale,Deux véhicules - côté,3,-1,2,0,1,1,1,0,1,50,2,2,1,0,0,1,45.0,36.0,voiture,voiture,1,2,9,1,3
202200041678,2022-05-13 18:45:00,2022,5,13,18,45,94,94068,MARNE (BD DE LA),48.78864,2.51418,Plein jour,En agglomération,Intersection en X,Normale,Deux véhicules - arrière,4,2,2,0,1,1,1,0,1,30,2,3,2,0,0,1,29.0,42.0,deux_roues,voiture,1,2,2,1,2
202200041679,2022-05-13 08:33:00,2022,5,13,8,33,94,94003,PAUL VAILLANT COUTURIER (AV),48.79954,2.34399,Plein jour,En agglomération,Intersection en X,Normale,Deux véhicules - côté,3,3,3,0,1,1,1,2,1,50,2,2,1,0,0,1,68.0,40.0,voiture,deux_roues,1,2,2,1,3
202200041680,2022-05-13 19:50:00,2022,5,13,19,50,94,94028,Avenue du Marechal de Lattre de Tassigny,48.7984617495,2.4545645712,Plein jour,En agglomération,Hors intersection,Normale,Deux véhicules - arrière,3,2,4,0,1,1,1,0,1,50,2,2,1,0,0,1,30.0,43.0,deux_roues,voiture,1,2,1,1,2
202200041681,2022-05-12 06:55:00,2022,5,12,6,55,94,94060,Rue de la Libération / Rue du Général de Gaulle,48.78196,2.56999,Plein jour,En agglomération,Intersection en X,Normale,Trois véhicules et plus - collisions multiples,3,3,4,0,1,1,1,5,8,50,3,3,2,0,0,1,51.0,50.0,deux_roues,deux_roues,1,2,2,1,5
202200041682,2022-05-13 17:35:00,2022,5,13,17,35,94,94018,Rue de Paris / Rue Camille Mouquet,48.82465,2.40885,Plein jour,En agglomération,Intersection en X,Normale,Autre collision,3,2,2,2,1,1,1,0,5,50,2,2,1,0,0,1,50.0,37.0,voiture,deux_roues,1,2,2,1,6
202200041683,2022-05-12 18:55:00,2022,5,12,18,55,94,94017,Rue de Bernau / Rue Etienne Dolet,48.8176685633,2.5377620012,Plein jour,En agglomération,Intersection en T,Normale,Deux véhicules - côté,4,2,2,2,1,1,1,0,1,50,2,3,2,0,0,1,24.0,59.0,voiture,deux_roues,1,2,3,1,3
202200041684,2022-05-13 10:35:00,2022,5,13,10,35,93,93078,Boulevard Robert Ballanger / Avenue Diderot,48.9555149578,2.5390675664,Plein jour,En agglomération,Intersection en T,Normale,Deux véhicules - côté,3,2,2,0,1,1,1,0,1,50,2,2,1,0,0,1,66.0,33.0,voiture,deux_roues,1,2,3,1,3
202200041685,2022-05-13 10:20:00,2022,5,13,10,20,93,93071,Avenue de Livry,48.9317035743,2.538442924,Plein jour,En agglomération,Intersection en T,Normale,Deux véhicules - côté,4,2,2,0,1,1,1,0,1,50,2,2,0,1,0,1,59.0,60.0,deux_roues,voiture,1,2,3,1,3
202200041686,2022-05-13 10:00:00,2022,5,13,10,0,93,93074,Route de Courtry / D933,48.935119,2.601664,Plein jour,En agglomération,Giratoire,Normale,Deux véhicules - côté,3,3,4,0,1,1,1,3,1,90,2,2,1,0,0,1,74.0,30.0,voiture,deux_roues,1,2,6,1,3
202200041687,2022-05-13 00:00:00,2022,5,13,0,0,93,93046,Avenue Aristide Briand / Avenue Camille Desmoulins,48.9124,2.52233,Nuit avec éclairage allumé,En agglomération,Intersection en T,Normale,Deux véhicules - côté,3,3,4,1,1,1,1,5,1,50,2,2,1,0,0,1,28.0,21.0,deux_roues,voiture,5,2,3,1,3
202200041688,2022-05-13 04:50:00,2022,5,13,4,50,93,93007,Avenue Aristide Briand,48.94336,2.44329,Nuit avec éclairage allumé,En agglomération,Hors intersection,Normale,Autre collision,3,2,2,0,1,1,1,0,4,50,1,1,0,0,0,1,35.0,,voiture,,5,2,1,1,6
202200041689,2022-05-13 20:30:00,2022,5,13,20,30,93,93001,Avenue de la République,48.9088,2.387022,Plein jour,En agglomération,Hors intersection,Normale,Autre collision,3,2,2,0,1,1,1,0,1,50,1,2,1,0,0,1,53.0,,voiture,,1,2,1,1,6
202200041690,2022-01-15 20:35:00,2022,1,15,20,35,974,97410,Rue Hubert Delisle,-21.034464,55.707507,Nuit avec éclairage allumé,En agglomération,Giratoire,Pluie légère,Deux véhicules - arrière,9,3,2,0,1,1,2,0,1,50,2,2,1,0,1,0,15.0,19.0,deux_roues,voiture,5,2,6,2,2
202200041691,2022-01-14 07:52:00,2022,1,14,7,52,26,26002,Rn7 Creux de la Thine,45.259363,4.823234,Crépuscule ou aube,En agglomération,Hors intersection,Brouillard / fumée,Autre collision,2,2,2,0,1,1,1,0,1,50,1,2,1,0,1,0,41.0,,utilitaire_camion,,2,2,1,5,6
202200041692,2022-01-15 12:00:00,2022,1,15,12,0,74,74313,Chez Quetand,46.048825,6.140366,Plein jour,En agglomération,Hors intersection,Normale,Deux véhicules - frontale,3,2,2,0,2,3,1,0,1,50,2,3,1,0,0,2,39.0,34.0,voiture,voiture,1,2,1,1,1
202200041693,2022-01-15 15:30:00,2022,1,15,15,30,79,79005,8 Route de Poitiers,46.824874,-0.126481,Plein jour,En agglomération,Hors intersection,Brouillard / fumée,Deux véhicules - côté,3,2,3,0,1,1,2,5,3,50,2,2,0,0,0,2,52.0,40.0,voiture,voiture,1,2,1,5,3
202200041694,2022-01-14 13:30:00,2022,1,14,13,30,79,79322,Belle Vue,46.639036,-0.299034,Plein jour,Hors agglomération,Hors intersection,Brouillard / fumée,Sans collision,4,2,2,0,1,3,2,0,3,80,1,1,0,0,1,0,40.0,,deux_roues,,1,1,1,5,7
202200041695,2022-01-14 15:50:00,2022,1,14,15,50,80,80494,departementale 26,49.727912,2.394928,Plein jour,Hors agglomération,Hors intersection,Normale,Autre collision,3,2,2,0,1,1,1,0,1,80,1,1,0,0,1,0,40.0,,voiture,,1,1,1,1,6
202200041696,2022-01-15 13:33:00,2022,1,15,13,33,71,71585,DÉPARTEMENTALE 5,46.840013,4.882114,Plein jour,Hors agglomération,Hors intersection,Brouillard / fumée,Deux véhicules - frontale,3,2,2,0,1,1,2,0,1,80,2,8,0,0,5,3,30.0,35.0,voiture,voiture,1,1,1,5,1
202200041697,2022-01-14 10:15:00,2022,1,14,10,15,71,71202,Route de Givry,46.865201,4.752456,Plein jour,Hors agglomération,Intersection en X,Brouillard / fumée,Deux véhicules - côté,3,2,2,0,1,1,1,0,1,80,2,2,1,0,1,0,82.0,78.0,voiture,voiture,1,1,2,5,3
202200041698,2022-01-15 12:00:00,2022,1,15,12,0,63,63453,Départementale 340,45.776084,3.284204,Plein jour,Hors agglomération,Hors intersection,Normale,Sans collision,3,2,2,0,2,3,7,0,3,-1,1,3,0,0,0,3,29.0,,voiture,,1,1,1,1,7
202200041699,2022-01-14 14:05:00,2022,1,14,14,5,39,39434,6 Rue Travot,46.83383,5.70867,Plein jour,En agglomération,Hors intersection,Temps éblouissant,Autre collision,2,2,2,0,1,3,1,0,1,50,1,2,1,0,0,1,28.0,,voiture,,1,2,1,7,6
202200041700,2022-01-14 02:50:00,2022,1,14,2,50,40,40221,RD 934,43.874865,-0.30839,Nuit sans éclairage public,Hors agglomération,Hors intersection,Brouillard / fumée,Autre collision,3,2,2,0,1,3,1,0,1,80,1,1,0,1,0,0,21.0,,voiture,,3,1,1,5,6
202200041701,2022-01-15 19:00:00,2022,1,15,19,0,88,88486,RD43 ,48.018384,6.706874,Crépuscule ou aube,Hors agglomération,Hors intersection,Normale,Deux véhicules - frontale,3,2,2,0,1,1,1,0,1,90,2,4,0,1,3,0,46.0,19.0,voiture,voiture,2,1,1,1,1
202200041702,2022-01-15 07:52:00,2022,1,15,7,52,60,60057,A16,49.4255179194,2.127431631,Nuit sans éclairage public,Hors agglomération,Hors intersection,Brouillard / fumée,Autre collision,1,3,4,0,1,1,1,0,1,130,2,4,0,0,1,3,54.0,58.0,voiture,voiture,3,1,1,5,6
202200041703,2022-01-14 13:55:00,2022,1,14,13,55,987,98738,PK 12.500 Route de ceinture,-17.620175,-149.613933,Plein jour,En agglomération,Hors intersection,Pluie forte,Deux véhicules - frontale,2,2,2,0,1,1,2,0,1,50,2,2,1,0,1,0,20.0,27.0,deux_roues,deux_roues,1,2,1,3,1
202200041704,2022-01-12 17:20:00,2022,1,12,17,20,13,13069,RD 572,43.629321,5.134626,Crépuscule ou aube,Hors agglomération,Hors intersection,Normale,Deux véhicules - côté,3,2,2,0,1,1,1,0,1,50,2,2,1,0,0,1,39.0,50.0,voiture,deux_roues,2,1,1,1,3
202200041705,2022-01-14 22:20:00,2022,1,14,22,20,987,98715,rt01 face aéroport pk 05+800,-17.561331,-149.610357,Nuit avec éclairage allumé,Hors agglomération,Hors intersection,Pluie forte,,2,2,2,1,1,1,3,0,4,40,1,1,0,0,1,0,34.0,,deux_roues,,5,1,1,3,-1
202200041706,2022-01-14 17:35:00,2022,1,14,17,35,06,06079,autoroute A8,43.535864,6.904145,Crépuscule ou aube,Hors agglomération,Hors intersection,Normale,Deux véhicules - arrière,1,1,3,0,1,1,1,0,1,110,2,2,1,1,0,0,50.0,75.0,utilitaire_camion,voiture,2,1,1,1,2
202200041707,2022-01-13 22:40:00,2022,1,13,22,40,976,97603,RN3 Hamouro,-12.879435,45.214,Nuit sans éclairage public,En agglomération,Hors intersection,Normale,Sans collision,2,2,2,0,2,3,1,0,3,50,1,1,0,0,1,0,19.0,,voiture,,3,2,1,1,7
202200041708,2022-01-15 03:30:00,2022,1,15,3,30,49,49007,A11 - PK 261+400,47.492632,-0.529447,Nuit sans éclairage public,Hors agglomération,Hors intersection,Brouillard / fumée,Deux véhicules - frontale,1,3,4,0,1,1,2,0,1,90,2,2,1,1,0,0,35.0,46.0,voiture,utilitaire_camion,3,1,1,5,1
202200041709,2022-01-15 19:30:00,2022,1,15,19,30,13,13114,Route de Berre,43.54648,5.327023,Nuit avec éclairage allumé,Hors agglomération,Hors intersection,Normale,Deux véhicules - côté,3,2,2,1,1,1,1,0,1,80,2,2,1,0,1,0,43.0,59.0,deux_roues,voiture,5,1,1,1,3
202200041710,2022-01-14 15:10:00,2022,1,14,15,10,972,97224,Cite du Stade,14.675497,-61.037062,Plein jour,En agglomération,Intersection en X,Normale,Deux véhicules - côté,3,2,2,0,2,1,1,0,1,50,2,2,1,0,0,1,41.0,68.0,voiture,voiture,1,2,2,1,3
202200041711,2022-01-14 20:33:00,2022,1,14,20,33,91,91661,Chemin de Briis,48.691982,2.21018,Nuit avec éclairage allumé,En agglomération,Hors intersection,Normale,Autre collision,6,-1, -1,0,1,1,1,0,1,30,1,2,1,0,1,0,44.0,,voiture,,5,2,1,1,6
202200041712,2022-01-14 17:30:00,2022,1,14,17,30,11,11315,,43.282415,2.584772,Plein jour,En agglomération,Hors intersection,Normale,Autre collision,3,2,2,0,1,1,1,0,1,50,1,2,1,0,1,0,45.0,,voiture,,1,2,1,1,6
202200041713,2022-01-14 17:10:00,2022,1,14,17,10,83,83107,rue pol fabre,43.4639574197,6.6344014406,Plein jour,En agglomération,Hors intersection,Normale,Autre collision,4,2,1,0,1,1,1,0,1,50,1,2,1,0,1,0,53.0,,voiture,,1,2,1,1,6
202200041714,2022-01-14 17:50:00,2022,1,14,17,50,05,05070,Avenue de provence,44.313069,5.827772,Crépuscule ou aube,En agglomération,Hors intersection,Normale,Autre collision,3,2,2,0,1,1,1,0,1,50,1,2,1,0,1,0,82.0,,voiture,,2,2,1,1,6
202200041715,2022-01-14 23:00:00,2022,1,14,23,0,08,08081,route de l'écluse,49.857865,4.746212,Nuit avec éclairage allumé,En agglomération,Hors intersection,Autre,Autre collision,4,2,2,0,1,3,7,0,1,70,1,1,0,0,1,0,26.0,,voiture,,5,2,1,9,6
202200041716,2022-01-15 00:00:00,2022,1,15,0,0,54,54269,Route Nationale N333,48.6030310897,6.3821822414,Nuit sans éclairage public,Hors agglomération,Hors intersection,Brouillard / fumée,Deux véhicules - arrière,2,3,4,0,1,1,1,0,1,110,2,3,2,1,0,0,42.0,19.0,utilitaire_camion,voiture,3,1,1,5,2
202200041717,2022-01-15 14:20:00,2022,1,15,14,20,03,03243,le breux,46.32728,3.029287,Plein jour,En agglomération,Hors intersection,Temps éblouissant,Deux véhicules - frontale,4,2,1,0,1,3,1,0,1,70,2,3,2,0,1,0,34.0,33.0,utilitaire_camion,voiture,1,2,1,7,1
202200041718,2022-01-14 16:00:00,2022,1,14,16,0,69,69021,Route de Lyon,45.777657,4.557363,Plein jour,En agglomération,Intersection en X,Normale,Deux véhicules - côté,3,2,2,0,2,1,1,0,1,50,2,2,1,0,1,0,22.0,25.0,deux_roues,voiture,1,2,2,1,3
202200041719,2022-01-14 09:45:00,2022,1,14,9,45,50,50612,D911,48.682801,-1.416357,Plein jour,Hors agglomération,Hors intersection,Temps éblouissant,Deux véhicules - arrière,3,2,2,0,2,2,1,0,1,80,2,2,1,0,0,1,74.0,52.0,deux_roues,autre,1,1,1,7,2
202200041720,2022-01-14 14:45:00,2022,1,14,14,45,27,27016,13 Rue Jacques Ibert,49.247897,1.413468,Plein jour,En agglomération,Hors intersection,Temps éblouissant,Autre collision,3,2,2,0,1,1,1,0,1,50,1,2,1,0,1,0,31.0,,voiture,,1,2,1,7,6
202200041721,2022-01-11 12:35:00,2022,1,11,12,35,13,13212,A507 sens Marseille - Aubagne,43.294377,5.424315,Plein jour,En agglomération,Hors intersection,Normale,Trois véhicules et plus - en chaîne,1,1,4,0,1,1,1,1,1,70,3,4,1,0,0,3,32.0,49.0,voiture,voiture,1,2,1,1,4
202200041722,2022-01-06 13:46:00,2022,1,6,13,46,13,13071,A7-Sens Marseille vers Lyon,43.412764,5.281747,Plein jour,Hors agglomération,Hors intersection,Normale,Deux véhicules - arrière,1,1,3,0,1,1,1,1,8,110,2,3,1,0,0,2,29.0,51.0,voiture,voiture,1,1,1,1,2
202200041723,2022-01-14 06:45:00,2022,1,14,6,45,13,13071,A7-Sens Marseille vers Lyon,43.41092,5.28398,Nuit avec éclairage allumé,Hors agglomération,Hors intersection,Normale,Deux véhicules - arrière,1,1,3,0,1,1,1,1,1,110,2,2,1,0,0,1,28.0,30.0,voiture,voiture,5,1,1,1,2
202200041724,2022-01-14 13:30:00,2022,1,14,13,30,69,69081,Route de Métropole 6,45.77655,4.78238,Plein jour,Hors agglomération,Hors intersection,Normale,Trois véhicules et plus - collisions multiples,7,3,8,0,2,2,1,0,1,70,4,4,3,0,0,1,73.0,35.0,voiture,voiture,1,1,1,1,5
202200041725,2022-01-06 01:20:00,2022,1,6,1,20,69,69259,Boulevard Laurent Bonnevay,45.71799,4.86509,Nuit avec éclairage allumé,Hors agglomération,Hors intersection,Normale,Deux véhicules - arrière,7,3,8,0,1,1,1,0,1,70,2,2,0,0,1,1,41.0,22.0,utilitaire_camion,voiture,5,1,1,1,2
202200041726,2022-01-14 13:40:00,2022,1,14,13,40,94,94034,AUTOROUTE A86,48.7595,2.3223,Plein jour,Hors agglomération,Hors intersection,Normale,Deux véhicules - arrière,1,1,3,0,2,1,1,0,1,90,2,3,1,0,0,2,59.0,32.0,utilitaire_camion,deux_roues,1,1,1,1,2