accident_id,datetime,annee,mois,jour,heure,minute,departement,commune_insee,adresse,latitude,longitude,luminosite,agglomeration,intersection,meteo,collision,catr,circ,nbv,vosp,prof,plan,surf,infra,situ,vma,nb_vehicules,nb_usagers,nb_indemnes,nb_tues,nb_blesses_hosp,nb_blesses_legers,age_cond_1,age_cond_2,veh_type_cond_1,veh_type_cond_2,lum_code,agg_code,int_code,atm_code,col_code
202200041911,2022-09-12 08:30:00,2022,9,12,8,30,37,37122,BORDEAUX (AVENUE DE),47.3556294605,0.6986993551,Plein jour,En agglomération,Intersection en X,Normale,Autre collision,4,2,5,0,1,1,1,5,1,50,1,2,1,0,1,0,23.0,,voiture,,1,2,2,1,6
202200041912,2022-09-10 17:35:00,2022,9,10,17,35,37,37261,MARCEAU (RUE),47.39181,0.68588,Plein jour,En agglomération,Intersection en X,Normale,Autre collision,4,1,2,1,1,1,1,0,1,50,1,3,2,0,1,0,25.0,,voiture,,1,2,2,1,6
202200041913,2022-09-26 13:35:00,2022,9,26,13,35,35,35278,GRAVELLE  (LIEU DIT),48.17295,-1.6796,Plein jour,Hors agglomération,Hors intersection,Pluie forte,Autre collision,7,2,2,0,1,2,2,0,3,70,1,1,0,0,0,1,31.0,,voiture,,1,1,1,3,6
202200041914,2022-09-26 07:05:00,2022,9,26,7,5,35,35238,SAUVAIE (DE LA),48.09466,-1.63412,Plein jour,En agglomération,Intersection en T,Normale,Deux véhicules - côté,4,2,2,0,1,1,1,0,1,50,2,2,1,0,1,0,65.0,46.0,voiture,deux_roues,1,2,3,1,3
202200041915,2022-09-26 22:30:00,2022,9,26,22,30,33,33063,Place Ravezies,44.86595,-0.57569,Nuit avec éclairage allumé,En agglomération,Giratoire,Pluie légère,Autre collision,4,2,6,3,1,1,2,4,6,50,1,2,1,0,0,1,58.0,,transport_commun,,5,2,6,2,6
202200041916,2022-01-13 01:20:00,2022,1,13,1,20,59,59092,164 Rue des Frères Régnier,50.286678,3.31703,Nuit avec éclairage allumé,En agglomération,Hors intersection,Normale,Autre collision,4,2,2,0,1,1,2,0,4,50,1,2,1,0,1,0,26.0,,voiture,,5,2,1,1,6
202200041917,2022-09-26 17:52:00,2022,9,26,17,52,33,33069,Avenue de la Libération Charles de Gaulle,44.8661,-0.60574,Plein jour,En agglomération,Intersection en T,Normale,Deux véhicules - côté,4,3,4,3,1,1,1,4,6,30,2,2,1,0,1,0,45.0,30.0,transport_commun,deux_roues,1,2,3,1,3
202200041918,2022-09-26 07:20:00,2022,9,26,7,20,33,33162,A630,44.8795423737,-0.6269529462,Crépuscule ou aube,En agglomération,Intersection en X,Normale,Deux véhicules - côté,1,1,1,0,1,1,1,3,1,50,2,2,0,0,0,2,31.0,35.0,deux_roues,deux_roues,2,2,2,1,3
202200041919,2022-09-26 07:10:00,2022,9,26,7,10,33,33162,D1215,44.88461,-0.66421,Nuit avec éclairage allumé,Hors agglomération,Giratoire,Normale,Deux véhicules - côté,4,3,4,0,1,2,1,9,1,50,2,2,1,0,0,1,58.0,62.0,deux_roues,voiture,5,1,6,1,3
202200041920,2022-09-12 14:30:00,2022,9,12,14,30,33,33063,Cours Edouard Vaillant,44.86458,-0.56386,Plein jour,En agglomération,Intersection en X,Normale,Deux véhicules - côté,4,2,2,0,1,1,1,5,1,50,2,2,1,0,0,1,52.0,42.0,deux_roues,utilitaire_camion,1,2,2,1,3
202200041921,2022-09-25 08:25:00,2022,9,25,8,25,31,31555,SEYSSES (RTE DE) DU 263 AU 311,43.57329,1.41913,Plein jour,En agglomération,Hors intersection,Normale,Deux véhicules - frontale,4,2,2,1,1,1,1,0,1,50,2,2,1,0,0,1,,28.0,voiture,voiture,1,2,1,1,1
202200041922,2022-09-26 07:40:00,2022,9,26,7,40,29,29232,Rond-Point de Kerustum,47.97941,-4.09522,Crépuscule ou aube,Hors agglomération,Giratoire,Pluie légère,Autre collision,3,1,1,0,1,1,2,5,1,50,1,2,1,0,0,1,24.0,,voiture,,2,1,6,2,6
202200041923,2022-09-25 11:35:00,2022,9,25,11,35,29,29151,12 Cours Beaumont,48.587911,-3.837084,Plein jour,En agglomération,Intersection en Y,Normale,Deux véhicules - frontale,4,2,2,0,4,1,1,5,1,30,2,2,1,0,0,1,82.0,75.0,voiture,deux_roues,1,2,4,1,1
202200041924,2022-09-26 06:40:00,2022,9,26,6,40,27,27681,FOCH (AVENUE DU MARECHAL),49.0967635255,1.4753222466,Nuit avec éclairage allumé,En agglomération,Hors intersection,Normale,Autre collision,3,2,1,0,1,1,1,0,8,50,1,2,1,0,0,1,36.0,,voiture,,5,2,1,1,6
202200041925,2022-09-24 21:30:00,2022,9,24,21,30,27,27229,NORMANDIE (BOULEVARD DE),49.021754169,1.137471199,Nuit avec éclairage allumé,En agglomération,Intersection en X,Temps couvert,Trois véhicules et plus - en chaîne,3,2,2,0,1,1,2,0,1,50,3,4,3,0,0,1,51.0,51.0,voiture,voiture,5,2,2,8,4
202200041926,2022-09-26 19:55:00,2022,9,26,19,55,26,26281,DIDIER (COURS PIERRE),45.04557,5.047963,Nuit avec éclairage allumé,En agglomération,Hors intersection,Normale,Autre collision,4,1,1,2,1,1,1,0,1,50,1,2,1,0,1,0,19.0,,deux_roues,,5,2,1,1,6
202200041927,2022-09-26 03:25:00,2022,9,26,3,25,25,25056,MORRE ROUTE DE,47.22566,6.04894,Nuit sans éclairage public,Hors agglomération,Hors intersection,Temps couvert,Autre collision,3,2,2,0,2,1,2,0,1,70,1,1,0,0,0,1,31.0,,voiture,,3,1,1,8,6
202200041928,2022-09-12 16:50:00,2022,9,12,16,50,25,25056,BELFORT RUE DE BELFORT (sup 144)4,47.25258,6.03651,Plein jour,En agglomération,Place,Temps éblouissant,Deux véhicules - arrière,3,2,2,0,1,1,1,0,1,50,2,3,1,0,0,2,20.0,20.0,deux_roues,voiture,1,2,7,7,2
202200041929,2022-09-20 18:05:00,2022,9,20,18,5,22,22113,PARK NEVEZ (AVENUE DE),48.72967,-3.447103,Plein jour,En agglomération,Hors intersection,Normale,Deux véhicules - arrière,4,2,1,1,1,1,1,0,1,50,2,2,1,0,0,1,51.0,14.0,voiture,deux_roues,1,2,1,1,2
202200041930,2022-09-26 14:10:00,2022,9,26,14,10,21,21054,FERRY (BOULEVARD JULES),47.02165,4.84073,Plein jour,En agglomération,Hors intersection,Normale,Autre collision,4,1,3,0,1,1,1,0,1,50,1,2,1,0,1,0,21.0,,voiture,,1,2,1,1,6
202200041931,2022-09-22 15:50:00,2022,9,22,15,50,15,15014,D35 route des crêtes,44.942394,2.447744,Plein jour,Hors agglomération,Hors intersection,Normale,Sans collision,3,2,2,0,2,1,1,0,1,90,1,1,0,0,0,1,50.0,,voiture,,1,1,1,1,7
202200041932,2022-09-25 13:21:00,2022,9,25,13,21,14,14327,D515,49.21059,-0.32183,Plein jour,Hors agglomération,Hors intersection,Pluie forte,Autre collision,3,1,2,0,1,1,2,0,3,90,1,4,1,1,1,1,19.0,,voiture,,1,1,1,3,6
202200041933,2022-09-25 20:50:00,2022,9,25,20,50,13,13117,EUROCOPTER CD 20,43.43019,5.23453,Nuit sans éclairage public,Hors agglomération,Hors intersection,Normale,Autre collision,3,3,6,0,3,1,1,0,1,90,1,2,1,1,0,0,49.0,,voiture,,3,1,1,1,6
202200041934,2022-09-24 05:00:00,2022,9,24,5,0,13,13117,CD 9 ESTROUBLANS,43.42754,5.25525,Nuit sans éclairage public,Hors agglomération,Hors intersection,Pluie légère,Trois véhicules et plus - collisions multiples,3,3,4,0,1,1,3,0,1,90,2,3,1,0,0,2,22.0,27.0,voiture,voiture,3,1,1,2,5
202200041935,2022-09-12 19:30:00,2022,9,12,19,30,13,13071,D 543,43.41828,5.36695,Plein jour,Hors agglomération,Hors intersection,Normale,Deux véhicules - côté,3,2,2,0,1,1,1,0,1,50,2,3,1,0,0,2,59.0,28.0,deux_roues,voiture,1,1,1,1,3
202200041936,2022-09-12 18:30:00,2022,9,12,18,30,13,13117,ROUTE NATIONALE 113-L'ANJOLY,43.42011,5.27012,Plein jour,Hors agglomération,Hors intersection,Normale,Deux véhicules - côté,3,1,3,0,1,1,1,0,1,90,2,2,1,0,0,1,37.0,26.0,voiture,deux_roues,1,1,1,1,3
202200041937,2022-05-14 21:40:00,2022,5,14,21,40,13,13056,TURCAN FRANCIS,43.41165,5.04367,Nuit avec éclairage allumé,En agglomération,Hors intersection,Normale,Deux véhicules - arrière,3,3,2,0,1,1,1,0,1,50,2,4,2,0,0,2,22.0,37.0,voiture,voiture,5,2,1,1,2
202200041938,2022-09-26 08:30:00,2022,9,26,8,30,13,13203,CAMILLE PELLETAN (AVENUE),43.3059309179,5.3733182527,Plein jour,En agglomération,Hors intersection,Normale,Deux véhicules - côté,4,1,3,0,1,1,1,0,1,50,1,2,1,0,0,1,23.0,,voiture,,1,2,1,1,3
202200041939,2022-09-25 04:15:00,2022,9,25,4,15,13,13203,NATIONAL (BOULEVARD),43.31508,5.37228,Nuit avec éclairage allumé,En agglomération,Hors intersection,Pluie légère,Deux véhicules - frontale,4,2,2,0,1,3,2,0,1,50,1,2,0,0,0,2,23.0,,voiture,,5,2,1,2,1
202200041940,2022-09-12 20:45:00,2022,9,12,20,45,13,13209,MARÉCHAL DE LATTRE (AVENUE),43.2461267082,5.4178280816,Nuit avec éclairage allumé,En agglomération,Autre intersection,Normale,Deux véhicules - côté,4,2,3,3,2,1,1,5,1,50,3,3,2,0,0,1,49.0,28.0,voiture,deux_roues,5,2,9,1,3
202200041941,2022-09-26 15:30:00,2022,9,26,15,30,13,13005,BARTHELEMY (RUE DU DR),43.2956547355,5.5659359749,Plein jour,En agglomération,Autre intersection,Normale,Deux véhicules - arrière,4,2,2,0,1,1,1,0,1,30,2,3,2,0,0,1,28.0,64.0,voiture,voiture,1,2,9,1,2
202200041942,2022-09-26 09:17:00,2022,9,26,9,17,13,13001,ST DONAT  (CH),43.54533,5.45243,Plein jour,En agglomération,Hors intersection,Normale,Deux véhicules - frontale,4,2,2,0,2,2,1,0,1,50,2,2,1,0,1,0,56.0,34.0,voiture,deux_roues,1,2,1,1,1
202200041943,2022-09-25 19:51:00,2022,9,25,19,51,10,10343,DIJON (RUE DE),48.269019028,4.0880405903,Crépuscule ou aube,En agglomération,Intersection en X,Normale,Deux véhicules - frontale,4,2,2,0,1,1,1,0,1,50,2,3,2,0,0,1,35.0,23.0,voiture,deux_roues,2,2,2,1,1
202200041944,2022-09-08 07:35:00,2022,9,8,7,35,10,10321,VICTOR HUGO (RUE),48.2820362839,4.0235602856,Plein jour,En agglomération,Autre intersection,Normale,Deux véhicules - côté,3,3,0,2,1,1,1,0,1,50,2,2,1,0,0,1,65.0,49.0,deux_roues,voiture,1,2,9,1,3
202200041945,2022-09-24 15:30:00,2022,9,24,15,30,07,07281,,44.92853,4.80665,Plein jour,Hors agglomération,Hors intersection,Normale,Deux véhicules - arrière,3,2,1,0,2,4,1,9,1,90,2,2,0,0,0,2,47.0,57.0,deux_roues,deux_roues,1,1,1,1,2
202200041946,2022-09-26 20:39:00,2022,9,26,20,39,06,06088,ARIANE (BD DE L'),43.73624,7.29596,Nuit avec éclairage allumé,En agglomération,Intersection en T,Normale,Deux véhicules - côté,4,3,4,0,1,1,1,0,1,50,2,2,0,0,1,1,19.0,39.0,voiture,voiture,5,2,3,1,3
202200041947,2022-09-25 12:00:00,2022,9,25,12,0,06,06069,SAINT LAURENT (AVENUE),43.68029,6.96664,Plein jour,En agglomération,Hors intersection,Normale,Deux véhicules - frontale,4,2,2,0,2,1,1,0,1,30,2,2,1,0,1,0,43.0,70.0,voiture,deux_roues,1,2,1,1,1
202200041948,2022-09-24 10:15:00,2022,9,24,10,15,05,05061,CAPITAINE DE BRESSON ( RUE DU ),44.559563,6.083274,Plein jour,En agglomération,Hors intersection,Pluie légère,Deux véhicules - côté,4,2,2,0,1,1,2,9,1,50,2,2,1,0,1,0,92.0,,voiture,,1,2,1,2,3
202200041949,2022-09-25 05:51:00,2022,9,25,5,51,75,75113,AVENUE D ITALIE,48.824439,2.357822,Nuit avec éclairage allumé,En agglomération,Intersection en Y,Normale,Deux véhicules - côté,4,2,6,1,1,1,1,0,1,30,2,2,1,1,0,0,26.0,61.0,deux_roues,voiture,5,2,4,1,3
202200041950,2022-09-25 13:40:00,2022,9,25,13,40,75,75105,AVENUE DES GOBELINS,48.838462,2.350699,Plein jour,En agglomération,Intersection en X,Normale,Deux véhicules - côté,4,-1,4,0,1,1,1,0,1,30,2,2,1,0,0,1,63.0,57.0,voiture,deux_roues,1,2,2,1,3
202200041951,2022-09-25 12:25:00,2022,9,25,12,25,75,75119,RUE MANIN,48.883011,2.385546,Plein jour,En agglomération,Intersection en T,Normale,Autre collision,4,2,2,0,2,1,1,0,1,30,1,2,1,0,0,1,53.0,,deux_roues,,1,2,3,1,6
202200041952,2022-09-25 08:55:00,2022,9,25,8,55,75,75119,RUE RIQUET,48.888671,2.373329,Plein jour,En agglomération,Intersection en T,Normale,Deux véhicules - côté,4,2,3,1,1,1,1,0,5,30,2,3,2,0,0,1,60.0,39.0,deux_roues,voiture,1,2,3,1,3
202200041953,2022-09-24 06:10:00,2022,9,24,6,10,75,75119,PLACE AUGUSTE BARON,48.900156,2.38302,Nuit avec éclairage allumé,En agglomération,Place,Normale,Deux véhicules - côté,4,1,3,0,1,2,2,0,1,30,2,3,2,0,0,1,26.0,,voiture,voiture,5,2,7,1,3
202200041954,2022-09-26 18:20:00,2022,9,26,18,20,75,75118,BOULEVARD NEY,48.89774,2.337511,Plein jour,En agglomération,Hors intersection,Temps couvert,Deux véhicules - côté,4,1,2,1,1,1,1,0,5,30,2,3,1,0,0,2,28.0,15.0,voiture,deux_roues,1,2,1,8,3
202200041955,2022-09-25 14:15:00,2022,9,25,14,15,75,75118,RUE DE LA CHAPELLE,48.895093,2.359482,Plein jour,En agglomération,Giratoire,Normale,Deux véhicules - côté,4,2,2,0,1,1,1,5,1,30,2,3,1,0,0,2,31.0,31.0,voiture,deux_roues,1,2,6,1,3
202200041956,2022-09-25 20:35:00,2022,9,25,20,35,75,75117,AVENUE DE CLICHY,48.89241,2.317094,Nuit avec éclairage allumé,En agglomération,Intersection en T,Normale,Deux véhicules - côté,4,2,2,0,2,1,1,0,1,30,2,2,1,0,0,1,21.0,33.0,voiture,deux_roues,5,2,3,1,3
202200041957,2022-08-14 19:40:00,2022,8,14,19,40,75,75117,RUE DE COURCELLES,48.880083,2.302195,Crépuscule ou aube,En agglomération,Intersection en Y,Pluie légère,Deux véhicules - côté,4,2,2,1,2,2,2,0,1,30,2,2,1,0,0,1,41.0,41.0,utilitaire_camion,voiture,2,2,4,2,3
202200041958,2022-09-26 20:10:00,2022,9,26,20,10,75,75116,ALLEE DE LONGCHAMP,48.872518,2.264424,Nuit avec éclairage allumé,En agglomération,Intersection en X,Pluie légère,Deux véhicules - arrière,4,2,4,0,1,1,2,0,1,30,2,2,1,0,0,1,32.0,37.0,voiture,deux_roues,5,2,2,2,2
202200041959,2022-09-26 13:55:00,2022,9,26,13,55,75,75116,AVENUE D IENA,48.867122,2.295496,Plein jour,En agglomération,Intersection en X,Pluie forte,Deux véhicules - arrière,4,2,2,0,2,1,2,0,1,30,2,3,2,0,0,1,31.0,29.0,voiture,voiture,1,2,2,3,2
202200041960,2022-09-25 19:00:00,2022,9,25,19,0,75,75116,AVENUE RAPHAEL,48.860863,2.267962,Plein jour,En agglomération,Hors intersection,Temps couvert,Autre collision,4,2,2,0,1,1,1,0,1,30,1,1,0,0,0,1,40.0,,deux_roues,,1,2,1,8,6
202200041961,2022-09-25 16:00:00,2022,9,25,16,0,75,75116,ROUTE D AUTEUIL AUX LACS,48.852266,2.254056,Plein jour,En agglomération,Intersection en Y,Normale,Sans collision,4,2,1,0,2,1,1,1,1,30,1,1,0,0,1,0,9.0,,deux_roues,,1,2,4,1,7
202200041962,2022-09-26 14:35:00,2022,9,26,14,35,75,75115,BOULEVARD DE VAUGIRARD,48.840458,2.315095,Plein jour,En agglomération,Intersection en X,Pluie forte,Deux véhicules - côté,4,1,3,0,2,2,2,0,1,30,2,3,2,0,0,1,55.0,42.0,deux_roues,voiture,1,2,2,3,3
202200041963,2022-09-25 00:30:00,2022,9,25,0,30,75,75107,AVENUE DE SUFFREN,48.848092,2.305838,Nuit avec éclairage allumé,En agglomération,Intersection en T,Normale,Autre collision,4,2,1,0,1,1,1,0,1,30,1,5,4,0,0,1,30.0,,voiture,,5,2,3,1,6
202200041964,2022-09-25 16:05:00,2022,9,25,16,5,75,75113,BOULEVARD ARAGO,48.836774,2.351774,Plein jour,En agglomération,Intersection en Y,Normale,Autre collision,4,2,5,0,1,1,1,0,1,30,1,2,1,0,0,1,22.0,,deux_roues,,1,2,4,1,6
202200041965,2022-09-25 14:15:00,2022,9,25,14,15,75,75113,BOULEVARD ARAGO,48.83495,2.344992,Plein jour,En agglomération,Intersection en X,Normale,Deux véhicules - côté,4,3,4,1,1,1,1,5,5,30,2,2,1,0,0,1,35.0,21.0,deux_roues,deux_roues,1,2,2,1,3
202200041966,2022-09-25 10:00:00,2022,9,25,10,0,75,75112,COURS DE VINCENNES,48.848092,2.399179,Plein jour,En agglomération,Intersection en T,Normale,Deux véhicules - côté,4,3,6,0,1,1,1,0,1,30,2,3,2,0,0,1,28.0,48.0,deux_roues,voiture,1,2,3,1,3
202200041967,2022-09-25 13:30:00,2022,9,25,13,30,75,75110,BOULEVARD DE STRASBOURG,48.875488,2.357849,Plein jour,En agglomération,Intersection en X,Normale,Deux véhicules - côté,4,2,2,1,2,1,1,0,1,30,2,3,2,0,0,1,30.0,20.0,deux_roues,voiture,1,2,2,1,3
202200041968,2022-09-25 05:20:00,2022,9,25,5,20,75,75108,AVENUE MATIGNON,48.871764,2.314176,Nuit avec éclairage allumé,En agglomération,Intersection en X,Normale,Deux véhicules - côté,4,1,2,0,1,1,1,0,1,30,2,3,2,0,0,1,32.0,32.0,deux_roues,voiture,5,2,2,1,3
202200041969,2022-09-25 04:54:00,2022,9,25,4,54,75,75103,RUE DE BRETAGNE,48.862877,2.362568,Nuit avec éclairage allumé,En agglomération,Intersection en X,Normale,Deux véhicules - arrière,4,1,2,0,1,1,1,0,1,30,2,2,1,0,0,1,31.0,25.0,deux_roues,voiture,5,2,2,1,2
202200041970,2022-09-26 09:20:00,2022,9,26,9,20,94,94041,JEAN LE GALLEU (R),48.81073,2.37992,Plein jour,En agglomération,Intersection en X,Normale,Autre collision,3,1,1,0,1,1,1,5,1,50,1,2,1,0,0,1,25.0,,deux_roues,,1,2,2,1,6
202200041971,2022-09-26 09:10:00,2022,9,26,9,10,94,94033,Avenue Parmentier / Rue d'Estienne d'Orves,48.85385601,2.4532092874,Plein jour,En agglomération,Intersection en T,Normale,Deux véhicules - côté,4,2,2,0,2,1,1,0,1,50,2,3,1,0,0,2,19.0,45.0,deux_roues,voiture,1,2,3,1,3
202200041972,2022-09-25 12:20:00,2022,9,25,12,20,94,94022,Rue Louise Michel / Rue Auguste Blanqui,48.7658,2.4055,Plein jour,En agglomération,Intersection en X,Normale,Autre collision,4,1,1,0,1,1,1,0,1,30,1,2,1,0,0,1,,,autre,,1,2,2,1,6
202200041973,2022-09-26 10:05:00,2022,9,26,10,5,93,93078,Avenue de la Plaine de France / Rue des Vanesses,48.97552,2.50656,Plein jour,En agglomération,Intersection en X,Normale,Deux véhicules - côté,4,3,6,0,1,1,1,0,1,50,2,2,1,0,0,1,40.0,28.0,deux_roues,voiture,1,2,2,1,3
202200041974,2022-09-25 09:05:00,2022,9,25,9,5,93,93073,Avenue de la Resistance,48.9482491453,2.5659174944,Plein jour,En agglomération,Hors intersection,Normale,Deux véhicules - côté,3,3,4,0,1,1,1,0,1,50,2,2,1,0,0,1,26.0,49.0,deux_roues,voiture,1,2,1,1,3
202200041975,2022-09-26 17:30:00,2022,9,26,17,30,93,93059,Avenue Elisée Reclus / Rue Nungesser et Coli,48.95189,2.35801,Plein jour,En agglomération,Intersection en X,Normale,Deux véhicules - côté,3,3,4,3,1,1,1,4,6,50,2,2,1,0,0,1,17.0,44.0,deux_roues,voiture,1,2,2,1,3
202200041976,2022-09-26 16:43:00,2022,9,26,16,43,93,93051,Rue du Docteur Jean Vaquier,48.84784,2.55441,Plein jour,En agglomération,Hors intersection,Pluie légère,Autre collision,4,1,1,0,1,1,2,0,3,50,1,1,0,0,0,1,84.0,,voiture,,1,2,1,2,6
202200041977,2022-09-26 15:55:00,2022,9,26,15,55,93,93051,VERDU,48.84765,2.53235,Plein jour,En agglomération,Hors intersection,Pluie légère,Autre collision,4,2,2,0,2,1,2,0,1,50,1,1,0,0,0,1,45.0,,voiture,,1,2,1,2,6
202200041978,2022-09-26 00:30:00,2022,9,26,0,30,93,93008,Avenue du President Salvador Allende / Boulevard Maurice Thorez,48.9067266207,2.4456284098,Nuit avec éclairage allumé,En agglomération,Intersection en X,Normale,Deux véhicules - côté,3,1,2,0,1,1,1,0,1,50,2,4,1,0,0,3,42.0,25.0,transport_commun,voiture,5,2,2,1,3
202200041979,2022-09-25 12:15:00,2022,9,25,12,15,93,93007,"""DESCARTES (AVENUE """"DU 43AU 180"""")Z2""",48.95,2.46,Plein jour,Hors agglomération,Giratoire,Normale,Deux véhicules - côté,3,4,3,0,1,2,1,0,1,50,2,2,1,0,0,1,75.0,30.0,utilitaire_camion,utilitaire_camion,1,1,6,1,3
202200041980,2022-09-26 07:55:00,2022,9,26,7,55,92,92077,MARNES (RUE DE),48.82765,2.18445,Plein jour,En agglomération,Intersection en T,Normale,Deux véhicules - côté,3,2,2,0,1,1,1,0,1,50,2,2,1,0,0,1,39.0,35.0,voiture,deux_roues,1,2,3,1,3
202200041981,2022-09-25 01:27:00,2022,9,25,1,27,92,92064,ROUTE DE PARIS A VERSAILLES,48.8444028575,2.2096896172,Nuit avec éclairage allumé,En agglomération,Hors intersection,Temps couvert,Sans collision,3,2,2,0,1,1,2,0,1,50,1,1,0,0,0,1,18.0,,deux_roues,,5,2,1,8,7
202200041982,2022-09-25 15:00:00,2022,9,25,15,0,92,92063,COLMAR (AVENUE DE),48.8871009549,2.1795646548,Plein jour,En agglomération,Intersection en X,Normale,Deux véhicules - côté,3,3,2,1,1,1,1,0,1,50,2,3,1,0,1,1,24.0,60.0,deux_roues,voiture,1,2,2,1,3
202200041983,2022-09-25 16:10:00,2022,9,25,16,10,92,92051,GENERAL KOENIG (BOULEVARD DU),48.8859259822,2.2557962537,Plein jour,En agglomération,Hors intersection,Normale,Sans collision,3,2,2,0,1,1,1,1,1,50,1,2,0,0,0,2,19.0,,deux_roues,,1,2,1,1,7
202200041984,2022-09-26 18:50:00,2022,9,26,18,50,92,92020,VERDUN AVENUE DE N°2 A 28,48.80378,2.28827,Plein jour,En agglomération,Hors intersection,Pluie légère,Autre collision,3,2,3,0,4,1,2,0,1,50,1,3,1,0,0,2,36.0,,deux_roues,,1,2,1,2,6
202200041985,2022-09-26 20:45:00,2022,9,26,20,45,92,92051,VILLIERS(RUE DE)  2A52,48.888361,2.281559,Nuit avec éclairage allumé,En agglomération,Intersection en X,Pluie légère,Deux véhicules - arrière,4,2,2,0,1,1,2,0,1,50,2,2,0,0,0,1,24.0,,deux_roues,voiture,5,2,2,2,2
202200041986,2022-09-26 17:31:00,2022,9,26,17,31,92,92024,JEAN JAURES (BD) DE (111 A 159),48.9053731457,2.3018926978,Plein jour,En agglomération,Hors intersection,Normale,Autre collision,3,1,2,0,1,1,2,0,1,50,1,2,1,0,0,1,39.0,,utilitaire_camion,,1,2,1,1,6
202200041987,2022-09-25 21:45:00,2022,9,25,21,45,92,92024,HENRI BARBUSSE (RUE) DE (73 A 139),48.90001,2.30623,Nuit avec éclairage allumé,En agglomération,Intersection en X,Normale,Deux véhicules - côté,3,2,2,0,1,1,1,0,1,50,2,4,1,0,0,3,56.0,21.0,voiture,voiture,5,2,2,1,3
202200041988,2022-09-25 17:20:00,2022,9,25,17,20,92,92012,ANATOLE FRANCE (BOULEVARD) 1/4BIS,48.8506656418,2.2360447347,Plein jour,En agglomération,Hors intersection,Pluie légère,Autre collision,4,2,2,0,1,1,2,0,1,50,1,2,1,0,0,1,,,voiture,,1,2,1,2,6
202200041989,2022-09-25 18:53:00,2022,9,25,18,53,92,92007,FROIDE (RUE),48.799,2.30016,Plein jour,En agglomération,Intersection en T,Pluie légère,Deux véhicules - côté,4,2,2,0,1,2,2,0,1,50,2,2,1,0,0,1,43.0,35.0,voiture,transport_commun,1,2,3,2,3
202200041990,2022-09-25 14:10:00,2022,9,25,14,10,92,92007,SARRAZINE (RUE DE LA ),48.78939,2.31287,Plein jour,En agglomération,Hors intersection,Normale,Deux véhicules - frontale,4,2,2,0,2,2,1,0,1,50,2,3,2,0,0,1,38.0,47.0,voiture,voiture,1,2,1,1,1
202200041991,2022-09-25 16:17:00,2022,9,25,16,17,57,57142,D2,49.159236,6.218691,Plein jour,Hors agglomération,Intersection en T,Normale,Deux véhicules - arrière,7,2,2,0,1,1,1,0,1,80,2,3,1,0,1,1,55.0,65.0,deux_roues,voiture,1,1,3,1,2
202200041992,2022-09-26 08:00:00,2022,9,26,8,0,974,97415,Route Nationale 1,-20.996962,55.285907,Plein jour,Hors agglomération,Hors intersection,Normale,Deux véhicules - arrière,2,3,2,0,1,1,1,0,1,110,2,2,1,0,1,0,45.0,31.0,deux_roues,voiture,1,1,1,1,2
202200041993,2022-09-25 17:28:00,2022,9,25,17,28,14,14458,D171,49.030919,-0.430704,Plein jour,Hors agglomération,Hors intersection,Normale,Autre collision,3,2,2,0,2,2,1,0,3,80,1,2,0,0,2,0,18.0,,voiture,,1,1,1,1,6
202200041994,2022-09-25 12:00:00,2022,9,25,12,0,18,18035,,47.14603,2.673704,Plein jour,Hors agglomération,Autre intersection,Normale,Deux véhicules - côté,3,2,2,0,1,1,9,0,8,80,2,3,2,0,1,0,60.0,30.0,voiture,voiture,1,1,9,1,3
202200041995,2022-09-22 17:12:00,2022,9,22,17,12,31,31022,161 Route de Fronton,43.673048,1.426114,Plein jour,En agglomération,Hors intersection,Normale,Deux véhicules - côté,7,2,3,3,1,1,1,0,6,50,2,3,1,0,1,1,21.0,51.0,deux_roues,voiture,1,2,1,1,3
202200041996,2022-09-27 07:03:00,2022,9,27,7,3,71,71384,aire de service de La Ferté autoroute A6 sens PARIS/LYON au PK 341+000,46.692335,4.843351,Nuit avec éclairage non allumé,Hors agglomération,Hors intersection,Temps couvert,Autre collision,1,1,1,0,1,3,2,8,4,50,1,1,0,0,0,1,53.0,,deux_roues,,4,1,1,8,6
202200041997,2022-09-12 07:45:00,2022,9,12,7,45,46,46262,lieu dit lacoste,44.325299,1.28687,Plein jour,Hors agglomération,Hors intersection,Normale,Deux véhicules - frontale,3,2,2,0,2,3,1,0,1,80,2,2,0,0,0,2,55.0,32.0,utilitaire_camion,voiture,1,1,1,1,1
202200041998,2022-09-26 08:45:00,2022,9,26,8,45,86,86031,Route de la Puye,46.609959,0.621288,Plein jour,Hors agglomération,Hors intersection,Normale,Sans collision,3,2,2,0,4,2,1,0,1,80,1,1,0,0,1,0,65.0,,voiture,,1,1,1,1,7
202200041999,2022-09-26 16:15:00,2022,9,26,16,15,67,67214,D341,48.6202386669,7.6068735123,Plein jour,Hors agglomération,Hors intersection,Normale,Deux véhicules - frontale,3,2,2,0,1,3,1,0,1,80,2,2,1,1,0,0,35.0,59.0,voiture,deux_roues,1,1,1,1,1
202200042000,2022-09-25 18:45:00,2022,9,25,18,45,35,35012,RN137,47.815864,-1.689363,Crépuscule ou aube,Hors agglomération,Hors intersection,Normale,Trois véhicules et plus - en chaîne,2,3,2,0,1,1,1,0,1,110,3,7,3,0,1,3,20.0,61.0,voiture,voiture,2,1,1,1,4
202200042001,2022-09-25 10:15:00,2022,9,25,10,15,14,14412,D8,49.0472896873,-0.5969008883,Plein jour,Hors agglomération,Hors intersection,Pluie légère,Deux véhicules - côté,3,2,2,0,1,1,2,0,1,50,2,4,1,0,0,3,20.0,42.0,voiture,voiture,1,1,1,2,3