accident_id,datetime,annee,mois,jour,heure,minute,departement,commune_insee,adresse,latitude,longitude,luminosite,agglomeration,intersection,meteo,collision,catr,circ,nbv,vosp,prof,plan,surf,infra,situ,vma,nb_vehicules,nb_usagers,nb_indemnes,nb_tues,nb_blesses_hosp,nb_blesses_legers,age_cond_1,age_cond_2,veh_type_cond_1,veh_type_cond_2,lum_code,agg_code,int_code,atm_code,col_code
202200042002,2022-09-26 19:20:00,2022,9,26,19,20,14,14650,D107,49.0359765704,-0.7643206716,Crépuscule ou aube,Hors agglomération,Hors intersection,Pluie légère,Autre collision,3,2,2,0,2,1,2,0,3,80,1,1,0,0,0,1,23.0,,voiture,,2,1,1,2,6
202200042003,2022-09-26 19:15:00,2022,9,26,19,15,60,60448,Rue de Beauval,49.10457,3.04361,Nuit avec éclairage non allumé,En agglomération,Hors intersection,Pluie légère,Autre collision,4,2,1,0,1,3,2,0,1,50,1,1,0,0,0,1,19.0,,voiture,,4,2,1,2,6
202200042004,2022-12-02 18:00:00,2022,12,2,18,0,59,59360,AUTOROUTE A25,50.6182,2.99966,Nuit sans éclairage public,Hors agglomération,Hors intersection,Normale,Deux véhicules - arrière,1,-1,6,0,1,1,1,0,1,90,2,2,1,0,1,0,21.0,35.0,voiture,deux_roues,3,1,1,1,2
202200042005,2022-09-26 09:35:00,2022,9,26,9,35,72,72124,lieu dit le soleil,47.840739,0.262213,Plein jour,Hors agglomération,Hors intersection,Temps couvert,Deux véhicules - côté,3,2,2,0,2,1,1,0,1,-1,2,2,1,0,1,0,58.0,57.0,deux_roues,transport_commun,1,1,1,8,3
202200042006,2022-12-05 17:40:00,2022,12,5,17,40,91,91549,RN 104,48.62662,2.34615,Nuit sans éclairage public,Hors agglomération,Hors intersection,Normale,Deux véhicules - arrière,2,1,2,0,1,1,2,0,1,110,2,2,1,0,0,1,37.0,56.0,deux_roues,voiture,3,1,1,1,2
202200042007,2022-09-27 16:15:00,2022,9,27,16,15,44,44051,36 Rue de Châteaubriant,47.667694,-1.66452,Plein jour,En agglomération,Hors intersection,Normale,Deux véhicules - frontale,3,2,2,0,1,1,1,0,1,50,2,2,1,0,1,0,42.0,20.0,deux_roues,voiture,1,2,1,1,1
202200042008,2022-12-05 07:45:00,2022,12,5,7,45,91,91434,AUTOROUTE A6,48.666,2.361,Nuit avec éclairage allumé,Hors agglomération,Hors intersection,Pluie légère,Deux véhicules - arrière,1,-1,6,0,1,1,2,0,1,110,2,2,1,0,0,1,51.0,39.0,utilitaire_camion,voiture,5,1,1,2,2
202200042009,2022-09-27 04:55:00,2022,9,27,4,55,63,63054,A75,45.496896,3.254563,Nuit sans éclairage public,Hors agglomération,Hors intersection,Normale,Deux véhicules - côté,1,1,4,0,1,3,2,0,1,110,2,3,2,0,1,0,51.0,22.0,voiture,voiture,3,1,1,1,3
202200042010,2022-12-05 18:06:00,2022,12,5,18,6,92,92048,N118,48.7877617862,2.2219915291,Nuit sans éclairage public,Hors agglomération,Hors intersection,Normale,Trois véhicules et plus - en chaîne,2,-1,3,0,1,1,1,0,1,90,3,4,3,0,0,1,56.0,25.0,utilitaire_camion,voiture,3,1,1,1,4
202200042011,2022-09-23 15:00:00,2022,9,23,15,0,15,15259,A75,45.109165,3.134392,Plein jour,Hors agglomération,Hors intersection,Normale,Autre collision,1,3,4,0,2,1,1,8,1,110,1,1,0,0,1,0,59.0,,utilitaire_camion,,1,1,1,1,6
202200042012,2022-12-05 17:15:00,2022,12,5,17,15,95,95277,A3,48.9799824543,2.4966357228,Nuit sans éclairage public,Hors agglomération,Hors intersection,Normale,Sans collision,1,3,7,0,1,1,1,0,1,70,1,1,0,0,0,1,76.0,,voiture,,3,1,1,1,7
202200042013,2022-09-24 09:15:00,2022,9,24,9,15,62,62473,Rue Emile Basly,50.617468,2.468839,Plein jour,En agglomération,Intersection en X,Normale,Autre collision,3,2,2,0,1,1,1,0,1,-1,1,2,1,0,0,1,71.0,,voiture,,1,2,2,1,6
202200042014,2022-12-05 13:35:00,2022,12,5,13,35,93,93078,AUTOROUTE A104,48.9647743991,2.5191569122,Plein jour,Hors agglomération,Hors intersection,Normale,Sans collision,1,3,6,0,1,1,2,0,1,90,1,1,0,0,0,1,47.0,,voiture,,1,1,1,1,7
202200042015,2022-09-27 15:00:00,2022,9,27,15,0,51,51237,N4,48.723047,3.559098,Plein jour,Hors agglomération,Hors intersection,Normale,Trois véhicules et plus - collisions multiples,2,2,2,0,2,1,2,0,1,80,3,3,2,0,1,0,59.0,50.0,utilitaire_camion,utilitaire_camion,1,1,1,1,5
202200042016,2022-12-05 00:15:00,2022,12,5,0,15,94,94069,A4,48.8172046066,2.428517825,Nuit sans éclairage public,Hors agglomération,Hors intersection,Pluie légère,Trois véhicules et plus - en chaîne,1,3,4,0,1,1,2,0,1,90,3,3,2,0,0,1,33.0,31.0,utilitaire_camion,utilitaire_camion,3,1,1,2,4
202200042017,2022-11-17 20:40:00,2022,11,17,20,40,59,59447,JAURES (RUE JEAN),50.385579,3.596891,Nuit avec éclairage allumé,En agglomération,Hors intersection,Pluie légère,Autre collision,3,2,2,0,1,1,2,0,3,50,1,2,1,0,0,1,,,autre,,5,2,1,2,6
202200042018,2022-08-28 12:25:00,2022,8,28,12,25,19,19066,48 Rue Marc Chadourne,45.139676,1.311697,Plein jour,Hors agglomération,Intersection en X,Normale,Deux véhicules - côté,3,2,2,0,1,1,1,0,1,50,2,2,1,0,1,0,62.0,61.0,utilitaire_camion,deux_roues,1,1,2,1,3
202200042019,2022-09-26 21:00:00,2022,9,26,21,0,76,76196,Place du Général Leclerc,49.643495,0.265973,Nuit avec éclairage allumé,En agglomération,Intersection en Y,Normale,Deux véhicules - côté,3,2,2,0,1,1,1,0,1,30,2,2,1,0,0,1,16.0,51.0,deux_roues,voiture,5,2,4,1,3
202200042020,2022-12-04 06:21:00,2022,12,4,6,21,75,75101,RUE DE RIVOLI,48.86275,2.335268,Nuit avec éclairage allumé,En agglomération,Intersection en X,Normale,Deux véhicules - côté,4,1,3,3,1,1,2,0,6,30,2,5,3,0,1,1,38.0,27.0,voiture,deux_roues,5,2,2,1,3
202200042021,2022-09-26 10:25:00,2022,9,26,10,25,80,80509,D45,49.839954,2.88287,Plein jour,Hors agglomération,Hors intersection,Pluie légère,Autre collision,3,2,1,0,1,1,2,2,1,30,1,2,1,0,1,0,62.0,,utilitaire_camion,,1,1,1,2,6
202200042022,2022-09-25 19:25:00,2022,9,25,19,25,80,80308,rue Emile Zola - rue Jean Jacques Rousseau,50.056385,1.598827,Crépuscule ou aube,En agglomération,Hors intersection,Normale,Deux véhicules - côté,3,2,2,0,1,1,1,0,1,50,2,2,1,0,1,0,28.0,23.0,voiture,deux_roues,2,2,1,1,3
202200042023,2022-09-23 03:20:00,2022,9,23,3,20,65,65258,RD 717,43.0895668557,0.379653275,Nuit sans éclairage public,Hors agglomération,Hors intersection,Normale,Autre collision,3,2,2,0,1,1,1,0,1,90,1,1,0,0,1,0,43.0,,voiture,,3,1,1,1,6
202200042024,2022-12-03 06:35:00,2022,12,3,6,35,75,75119,BOULEVARD PERIPHERIQUE EXTERIEUR NORD  ,48.879032,2.408116,Nuit avec éclairage allumé,En agglomération,Hors intersection,Pluie légère,Autre collision,4,1,4,0,1,1,2,1,1,70,1,1,0,1,0,0,31.0,,deux_roues,,5,2,1,2,6
202200042025,2022-09-25 20:35:00,2022,9,25,20,35,33,33362,route départementale  674,45.024873,-0.153991,Crépuscule ou aube,Hors agglomération,Hors intersection,Normale,Deux véhicules - arrière,3,2,2,0,1,1,1,0,1,80,2,2,1,0,1,0,20.0,28.0,deux_roues,utilitaire_camion,2,1,1,1,2
202200042026,2022-12-03 18:00:00,2022,12,3,18,0,75,75106,RUE DE VAUGIRARD,48.846105,2.323652,Nuit avec éclairage allumé,En agglomération,Intersection en T,Normale,Deux véhicules - arrière,4,1,1,1,1,1,1,0,1,30,2,3,2,0,0,1,37.0,28.0,voiture,voiture,5,2,3,1,2
202200042027,2022-09-27 17:15:00,2022,9,27,17,15,11,11341,D509,42.894619,2.228824,Plein jour,Hors agglomération,Hors intersection,Pluie légère,Deux véhicules - frontale,3,2,2,0,1,3,2,0,1,80,2,2,1,0,1,0,43.0,67.0,voiture,voiture,1,1,1,2,1
202200042028,2022-09-27 14:30:00,2022,9,27,14,30,89,89351,,47.456951,4.060529,Plein jour,Hors agglomération,Hors intersection,Pluie légère,Sans collision,3,2,3,0,4,1,2,0,3,90,1,2,0,0,0,2,77.0,,voiture,,1,1,1,2,7
202200042029,2022-12-04 13:10:00,2022,12,4,13,10,75,75116,PLACE VICTOR HUGO,48.869881,2.285402,Plein jour,En agglomération,Place,Normale,Deux véhicules - arrière,4,1,1,0,1,2,1,0,1,30,2,3,2,0,0,1,,19.0,deux_roues,deux_roues,1,2,7,1,2
202200042030,2022-09-26 17:10:00,2022,9,26,17,10,89,89134,,47.474679,4.018164,Plein jour,Hors agglomération,Intersection en Y,Pluie forte,Deux véhicules - côté,3,2,3,0,1,2,2,5,1,80,2,2,1,0,1,0,46.0,40.0,deux_roues,voiture,1,1,4,3,3
202200042031,2022-12-04 06:00:00,2022,12,4,6,0,75,75116,PLACE DE LA PORTE MAILLOT,48.878128,2.280875,Nuit avec éclairage allumé,En agglomération,Place,Normale,Deux véhicules - côté,4,2,2,0,1,1,1,0,1,30,2,2,1,0,0,1,,30.0,utilitaire_camion,deux_roues,5,2,7,1,3
202200042032,2022-09-25 10:45:00,2022,9,25,10,45,63,63426,D922,45.585801,2.646804,Plein jour,Hors agglomération,Intersection en X,Pluie légère,Deux véhicules - frontale,3,2,2,0,2,1,2,0,1,90,2,3,0,1,1,1,84.0,48.0,voiture,voiture,1,1,2,2,1
202200042033,2022-12-04 08:55:00,2022,12,4,8,55,75,75114,BOULEVARD JOURDAN,48.820548,2.337419,Plein jour,En agglomération,Intersection en T,Temps couvert,Autre collision,4,3,8,0,2,1,1,0,1,50,2,4,3,0,0,1,51.0,55.0,voiture,voiture,1,2,3,8,6
202200042034,2022-09-27 08:45:00,2022,9,27,8,45,63,63106,RD 4 - K 9+400 décroissant,45.74425,3.27281,Plein jour,Hors agglomération,Hors intersection,Normale,Deux véhicules - côté,3,2,2,0,1,1,1,0,1,90,2,2,1,0,1,0,42.0,45.0,deux_roues,voiture,1,1,1,1,3
202200042035,2022-12-04 19:55:00,2022,12,4,19,55,75,75111,BOULEVARD VOLTAIRE,48.852817,2.388498,Nuit avec éclairage allumé,En agglomération,Intersection en Y,Normale,Deux véhicules - côté,4,2,4,0,1,1,1,0,1,30,2,2,1,0,0,1,44.0,27.0,voiture,deux_roues,5,2,4,1,3
202200042036,2022-12-04 14:15:00,2022,12,4,14,15,75,75111,RUE OBERKAMPF,48.865593,2.3777023,Plein jour,En agglomération,Intersection en X,Temps couvert,Autre collision,4,1,1,0,1,1,1,0,1,30,1,2,1,0,0,1,24.0,,deux_roues,,1,2,2,8,6
202200042037,2022-09-25 15:30:00,2022,9,25,15,30,61,61084,D909,48.790157,-0.245291,Plein jour,Hors agglomération,Intersection en X,Normale,Trois véhicules et plus - collisions multiples,3,2,2,0,2,1,1,5,1,90,3,5,4,0,1,0,56.0,97.0,voiture,voiture,1,1,2,1,5
202200042038,2022-12-04 04:06:00,2022,12,4,4,6,75,75108,RUE SAINT LAZARE,48.875541,2.326668,Nuit avec éclairage allumé,En agglomération,Intersection en X,Normale,Autre collision,4,2,9,3,1,1,1,0,6,30,1,2,1,0,0,1,,,transport_commun,,5,2,2,1,6
202200042039,2022-09-26 07:40:00,2022,9,26,7,40,49,49155,Route d'Angers,47.614242,-0.70861,Crépuscule ou aube,En agglomération,Hors intersection,Normale,Deux véhicules - côté,4,2,1,0,1,1,1,0,1,50,2,2,1,0,0,1,17.0,45.0,deux_roues,voiture,2,2,1,1,3
202200042040,2022-09-24 17:45:00,2022,9,24,17,45,49,49125,,47.128401993,-0.2713065071,Plein jour,Hors agglomération,Hors intersection,Temps couvert,Autre collision,3,2,2,0,1,1,2,0,3,80,1,3,1,1,1,0,42.0,,voiture,,1,1,1,8,6
202200042041,2022-12-04 20:25:00,2022,12,4,20,25,75,75104,RUE DE RIVOLI,48.858082,2.349685,Nuit avec éclairage allumé,En agglomération,Intersection en T,Pluie légère,Autre collision,4,2,3,1,1,1,2,0,5,30,1,2,1,0,0,1,,,deux_roues,,5,2,3,2,6
202200042042,2022-09-26 17:45:00,2022,9,26,17,45,12,12162,RD 57,44.319419,2.435102,Plein jour,Hors agglomération,Hors intersection,Normale,Deux véhicules - frontale,3,2,2,0,1,4,1,0,1,90,2,2,1,0,0,1,19.0,34.0,voiture,voiture,1,1,1,1,1
202200042043,2022-12-04 03:10:00,2022,12,4,3,10,94,94081,CARRIERES (R DES),48.7993,2.39082,Nuit avec éclairage allumé,En agglomération,Hors intersection,Normale,Deux véhicules - frontale,4,2,2,0,2,1,1,0,4,50,1,1,0,0,0,1,53.0,,voiture,,5,2,1,1,1
202200042044,2022-12-04 15:45:00,2022,12,4,15,45,94,94076,MAXIME GORKI (BD),48.78737,2.36774,Crépuscule ou aube,En agglomération,Hors intersection,Normale,Deux véhicules - arrière,3,2,4,3,1,1,1,0,1,50,2,2,1,0,0,1,58.0,30.0,deux_roues,utilitaire_camion,2,2,1,1,2
202200042045,2022-09-26 14:00:00,2022,9,26,14,0,46,46208,D840,44.883132,1.618826,Plein jour,Hors agglomération,Hors intersection,Normale,Deux véhicules - frontale,3,2,2,0,2,2,1,0,1,80,2,7,2,0,1,4,67.0,54.0,voiture,utilitaire_camion,1,1,1,1,1
202200042046,2022-12-03 18:25:00,2022,12,3,18,25,94,94018,Avenue de la Liberte / Avenue Winston Churchill,48.824546,2.405472,Nuit avec éclairage allumé,En agglomération,Intersection en X,Temps couvert,Deux véhicules - côté,3,2,2,1,1,1,1,2,1,30,2,3,2,0,1,0,43.0,38.0,voiture,deux_roues,5,2,2,8,3
202200042047,2022-09-25 17:55:00,2022,9,25,17,55,47,47206,Route de Monbahus,44.49913,0.566649,Plein jour,Hors agglomération,Intersection en X,Normale,Deux véhicules - côté,3,2,2,0,1,1,1,0,1,80,2,5,4,0,1,0,57.0,78.0,voiture,voiture,1,1,2,1,3
202200042048,2022-12-04 20:40:00,2022,12,4,20,40,94,94071,BOISSY (R DE),48.76407,2.52548,Nuit avec éclairage allumé,En agglomération,Intersection en T,Pluie légère,Deux véhicules - côté,3,2,2,0,1,1,2,9,1,30,2,2,1,0,0,1,17.0,49.0,deux_roues,voiture,5,2,3,2,3
202200042049,2022-12-04 00:30:00,2022,12,4,0,30,94,94081,PAUL ARMANGOT (R),48.78071,2.38273,Nuit avec éclairage allumé,En agglomération,Intersection en X,Normale,Deux véhicules - côté,4,2,2,0,1,1,1,5,1,50,2,4,3,0,0,1,31.0,35.0,voiture,voiture,5,2,2,1,3
202200042050,2022-09-26 08:29:00,2022,9,26,8,29,47,47100,Avenue de la Candélie,44.2372,0.646852,Crépuscule ou aube,En agglomération,Autre intersection,Temps éblouissant,Autre collision,4,2,2,0,1,1,1,9,1,50,1,2,1,0,1,0,38.0,,voiture,,2,2,9,7,6
202200042051,2022-09-26 17:10:00,2022,9,26,17,10,86,86245,La Poterie,46.824609,0.624369,Plein jour,Hors agglomération,Hors intersection,Pluie légère,Sans collision,3,2,2,0,1,1,2,0,8,80,1,1,0,0,1,0,65.0,,voiture,,1,1,1,2,7
202200042052,2022-12-04 22:30:00,2022,12,4,22,30,93,93010,Route de Stains / Avenue Galliéni,48.90431,2.4706,Nuit sans éclairage public,En agglomération,Intersection en X,Pluie légère,Sans collision,3,2,4,0,2,1,2,0,1,50,1,2,1,0,1,0,,,autre,,3,2,2,2,7
202200042053,2022-12-04 19:45:00,2022,12,4,19,45,93,93008,Rue Pierre Sémard,48.908172,2.44554,Nuit avec éclairage allumé,Hors agglomération,Autre intersection,Pluie légère,Deux véhicules - côté,3,1,2,0,1,2,2,9,8,50,2,3,1,0,0,2,27.0,21.0,deux_roues,voiture,5,1,9,2,3
202200042054,2022-09-25 17:30:00,2022,9,25,17,30,86,86097,D1,46.315247,0.388592,Plein jour,Hors agglomération,Hors intersection,Normale,Deux véhicules - frontale,3,2,2,0,1,1,1,0,1,90,2,4,1,0,0,3,88.0,32.0,voiture,voiture,1,1,1,1,1
202200042055,2022-12-04 03:14:00,2022,12,4,3,14,93,93005,Carrefour de l’Europe,48.951,2.485,Nuit avec éclairage allumé,En agglomération,Giratoire,Normale,Deux véhicules - arrière,3,1,2,0,1,3,1,5,1,50,2,3,2,0,0,1,,61.0,voiture,voiture,5,2,6,1,2
202200042056,2022-09-25 14:50:00,2022,9,25,14,50,39,39017,,46.772151,5.523666,Plein jour,Hors agglomération,Hors intersection,Normale,Sans collision,3,2,2,0,2,2,1,0,3,80,1,2,1,0,1,0,20.0,,voiture,,1,1,1,1,7
202200042057,2022-12-01 21:00:00,2022,12,1,21,0,93,93001,47 Rue de la Motte,48.9103,2.39672,Nuit avec éclairage allumé,En agglomération,Hors intersection,Pluie légère,Autre collision,4,2,2,0,1,1,2,0,1,50,1,2,1,0,0,1,58.0,,deux_roues,,5,2,1,2,6
202200042058,2022-09-25 18:30:00,2022,9,25,18,30,29,29193,Rue d'Armor,48.55558111,-4.08634203,Plein jour,En agglomération,Hors intersection,Normale,Autre collision,4,2,2,0,2,2,1,0,3,80,1,2,0,0,2,0,41.0,,deux_roues,,1,2,1,1,6
202200042059,2022-12-04 14:03:00,2022,12,4,14,3,92,92050,PONS NOEL RUE,48.90408,2.21913,Plein jour,En agglomération,Intersection en X,Temps couvert,Sans collision,3,1,3,0,2,1,1,2,4,50,2,4,2,0,0,2,30.0,45.0,voiture,voiture,1,2,2,8,7
202200042060,2022-09-26 13:55:00,2022,9,26,13,55,38,38175,966 Boulevard de la Republique,45.267194,5.917779,Plein jour,En agglomération,Hors intersection,Normale,Trois véhicules et plus - collisions multiples,3,2,2,0,1,1,1,0,1,50,3,3,2,0,1,0,39.0,24.0,utilitaire_camion,deux_roues,1,2,1,1,5
202200042061,2022-12-04 13:20:00,2022,12,4,13,20,92,92048,TRIVAUX (AVENUE DE) N° 6BIS A 8,48.8038279905,2.2343224883,Plein jour,En agglomération,Hors intersection,Normale,Sans collision,3,2,2,0,2,1,1,0,1,50,1,1,0,0,0,1,22.0,,deux_roues,,1,2,1,1,7
202200042062,2022-09-12 06:30:00,2022,9,12,6,30,38,38501,D523,45.308488,5.958015,Crépuscule ou aube,En agglomération,Intersection en X,Normale,Deux véhicules - côté,3,2,2,0,1,1,1,5,1,30,2,2,1,0,1,0,58.0,15.0,voiture,deux_roues,2,2,2,1,3
202200042063,2022-12-05 17:15:00,2022,12,5,17,15,95,95487,Avenue Gaston Vermeire,49.152384,2.273574,Nuit avec éclairage allumé,En agglomération,Hors intersection,Pluie légère,Deux véhicules - frontale,3,2,2,0,1,1,2,0,1,50,2,2,1,0,0,1,15.0,,deux_roues,voiture,5,2,1,2,1
202200042064,2022-09-27 05:20:00,2022,9,27,5,20,02,02321,D960,49.833564,3.873668,Nuit sans éclairage public,Hors agglomération,Intersection en X,Normale,Deux véhicules - côté,3,2,2,0,1,1,2,0,1,80,2,2,1,0,1,0,42.0,32.0,utilitaire_camion,voiture,3,1,2,1,3
202200042065,2022-12-05 17:50:00,2022,12,5,17,50,95,95487,Avenue Gaston Vermeire,49.1494492826,2.2793921828,Nuit sans éclairage public,En agglomération,Hors intersection,Pluie légère,Autre collision,4,2,2,0,2,1,2,0,1,50,1,1,0,0,0,1,31.0,,transport_commun,,3,2,1,2,6
202200042066,2022-09-26 06:50:00,2022,9,26,6,50,03,03254,Boulevard Ledru Rollin,46.309852,3.288608,Crépuscule ou aube,En agglomération,Hors intersection,Normale,Autre collision,3,2,3,0,1,1,1,0,1,50,1,2,1,0,1,0,18.0,,voiture,,2,2,1,1,6
202200042067,2022-12-03 15:55:00,2022,12,3,15,55,972,97217,La Duprey,14.457496,-60.891552,Plein jour,Hors agglomération,Autre intersection,Normale,Deux véhicules - côté,2,2,2,0,1,1,1,0,1,80,2,2,1,0,1,0,45.0,48.0,deux_roues,voiture,1,1,9,1,3
202200042068,2022-12-05 11:00:00,2022,12,5,11,0,35,35085,Rue des Champs,48.408334,-1.750131,Plein jour,En agglomération,Autre intersection,Normale,Autre collision,6,-1, -1,0,1,1,1,0,1,50,1,2,1,1,0,0,82.0,,voiture,,1,2,9,1,6
202200042069,2022-09-26 09:30:00,2022,9,26,9,30,26,26162,1466 Route de Manthes,45.300028,5.030185,Plein jour,Hors agglomération,Intersection à plus de 4 branches,Normale,Deux véhicules - côté,3,-1,2,0,1,1,1,0,1,80,2,3,0,0,0,3,33.0,35.0,voiture,voiture,1,1,5,1,3
202200042070,2022-09-01 18:00:00,2022,9,1,18,0,26,26112,RD501,44.387822,5.234567,Plein jour,Hors agglomération,Hors intersection,Normale,Deux véhicules - frontale,3,2,2,0,2,4,1,0,1,80,2,4,1,0,0,3,34.0,53.0,voiture,voiture,1,1,1,1,1
202200042071,2022-12-03 13:10:00,2022,12,3,13,10,29,29086,N165,48.3503948773,-4.235795391,Plein jour,Hors agglomération,Hors intersection,Normale,Deux véhicules - côté,2,3,4,0,2,1,2,0,1,110,2,8,7,0,0,1,18.0,48.0,voiture,voiture,1,1,1,1,3
202200042072,2022-09-24 16:00:00,2022,9,24,16,0,58,58281,Fontenoy,47.353518,3.039863,Plein jour,Hors agglomération,Autre intersection,Normale,Sans collision,3,2,2,0,2,2,9,0,1,80,1,1,0,0,1,0,78.0,,deux_roues,,1,1,9,1,7
202200042073,2022-12-03 20:15:00,2022,12,3,20,15,84,84039,D907,44.079015,4.880939,Nuit avec éclairage allumé,Hors agglomération,Hors intersection,Pluie légère,Deux véhicules - côté,3,2,2,0,1,1,2,0,1,80,2,2,1,0,0,1,32.0,19.0,voiture,voiture,5,1,1,2,3
202200042074,2022-09-26 17:35:00,2022,9,26,17,35,58,58149,Rue de Pont,46.797882,3.965823,Plein jour,En agglomération,Hors intersection,Temps couvert,Sans collision,3,2,2,0,1,1,1,0,1,50,1,1,0,0,0,1,19.0,,deux_roues,,1,2,1,8,7
202200042075,2022-12-05 09:10:00,2022,12,5,9,10,83,83049,D43 - PK 18+400,43.282134,6.073707,Plein jour,Hors agglomération,Hors intersection,Normale,Deux véhicules - frontale,3,2,3,0,2,2,2,0,1,90,2,2,0,1,1,0,57.0,61.0,voiture,voiture,1,1,1,1,1
202200042076,2022-09-25 20:35:00,2022,9,25,20,35,60,60647,N31,49.4026028622,2.9677593193,Nuit sans éclairage public,Hors agglomération,Hors intersection,Normale,Deux véhicules - frontale,2,2,2,0,1,1,1,0,1,80,2,2,1,1,0,0,56.0,33.0,voiture,deux_roues,3,1,1,1,1
202200042077,2022-09-27 12:15:00,2022,9,27,12,15,60,60104,rue de Paris,49.631317,2.298543,Plein jour,En agglomération,Hors intersection,Normale,Autre collision,3,2,2,0,1,1,1,0,1,30,1,2,1,0,0,1,32.0,,voiture,,1,2,1,1,6
202200042078,2022-12-01 12:20:00,2022,12,1,12,20,77,77116,D111,48.755346,3.235151,Plein jour,Hors agglomération,Hors intersection,Normale,Deux véhicules - frontale,3,2,2,0,1,3,1,0,3,70,3,3,1,0,2,0,59.0,51.0,voiture,voiture,1,1,1,1,1
202200042079,2022-12-05 08:30:00,2022,12,5,8,30,34,34270,767 Route de Sete,43.577103,3.848466,Crépuscule ou aube,En agglomération,Hors intersection,Temps éblouissant,Deux véhicules - côté,7,2,2,0,4,1,1,0,1,50,2,2,1,0,1,0,49.0,32.0,deux_roues,voiture,2,2,1,7,3
202200042080,2022-09-26 17:00:00,2022,9,26,17,0,24,24535,Route Fénelon,44.92142,1.34398,Plein jour,Hors agglomération,Hors intersection,Normale,Deux véhicules - frontale,3,-1,2,0,4,1,1,0,1,80,2,2,1,0,1,0,58.0,36.0,voiture,deux_roues,1,1,1,1,1
202200042081,2022-12-03 14:40:00,2022,12,3,14,40,56,56101,17 Rue Jean Moulin,47.83057,-3.155417,Plein jour,En agglomération,Giratoire,Temps couvert,Sans collision,4,2,2,0,1,2,1,5,1,20,1,1,0,0,1,0,45.0,,deux_roues,,1,2,6,8,7
202200042082,2022-09-25 17:20:00,2022,9,25,17,20,28,28302,D30,48.487975,1.159318,Plein jour,Hors agglomération,Hors intersection,Normale,Autre collision,3,2,2,0,1,3,1,0,3,80,1,2,0,0,2,0,52.0,,deux_roues,,1,1,1,1,6
202200042083,2022-12-04 11:40:00,2022,12,4,11,40,2B,2B238,D39,42.286346,9.211864,Plein jour,Hors agglomération,Hors intersection,Normale,Autre collision,3,2,2,0,2,2,1,0,3,80,1,2,1,0,1,0,20.0,,voiture,,1,1,1,1,6
202200042084,2022-09-26 19:00:00,2022,9,26,19,0,30,30214,RD6110,44.047661,4.097407,Plein jour,Hors agglomération,Hors intersection,Normale,Deux véhicules - frontale,3,2,2,0,1,1,1,0,1,80,2,5,4,0,0,1,41.0,63.0,voiture,transport_commun,1,1,1,1,1
202200042085,2022-12-05 01:55:00,2022,12,5,1,55,80,80519,6 Rue Nationale,49.799294,3.009458,Nuit avec éclairage non allumé,En agglomération,Hors intersection,Neige / grêle,Autre collision,3,2,2,0,1,2,2,0,4,50,1,1,0,0,0,1,51.0,,voiture,,4,2,1,4,6
202200042086,2022-09-27 05:45:00,2022,9,27,5,45,30,30104,Chemin du Mas Floutier,43.970117,4.162703,Nuit sans éclairage public,Hors agglomération,Hors intersection,Normale,Autre collision,3,2,2,0,1,1,1,0,3,80,1,1,0,0,1,0,21.0,,deux_roues,,3,1,1,1,6
202200042087,2022-12-03 14:15:00,2022,12,3,14,15,82,82119,Route de Lapenche,44.198786,1.553364,Plein jour,Hors agglomération,Hors intersection,Normale,Autre collision,4,2,2,0,1,1,1,0,3,80,1,1,0,0,1,0,15.0,,deux_roues,,1,1,1,1,6
202200042088,2022-09-27 11:40:00,2022,9,27,11,40,52,52347,Bayard sur Marne,48.5687320361,5.0790524483,Plein jour,Hors agglomération,Hors intersection,Pluie forte,Sans collision,3,2,2,0,1,4,2,0,1,80,1,1,0,0,1,0,19.0,,voiture,,1,1,1,3,7
202200042089,2022-09-23 08:00:00,2022,9,23,8,0,49,49092,Route Départementale 54 - PK : 017+900,47.234002,-0.59456,Crépuscule ou aube,Hors agglomération,Intersection en X,Normale,Deux véhicules - côté,3,2,2,0,1,1,1,0,1,80,2,2,0,0,1,1,58.0,45.0,voiture,transport_commun,2,1,2,1,3
202200042090,2022-12-05 08:45:00,2022,12,5,8,45,65,65460,RD935,43.397268,0.058193,Plein jour,Hors agglomération,Hors intersection,Temps éblouissant,Trois véhicules et plus - en chaîne,3,2,2,0,3,1,1,0,1,90,3,3,2,0,1,0,39.0,19.0,voiture,voiture,1,1,1,7,4
202200042091,2022-12-05 15:00:00,2022,12,5,15,0,81,81146,38 Route d Albi,44.058999,1.966515,Plein jour,En agglomération,Hors intersection,Normale,Autre collision,3,2,2,0,1,1,1,0,1,50,1,2,1,0,0,1,85.0,,voiture,,1,2,1,1,6
202200042092,2022-12-05 15:45:00,2022,12,5,15,45,71,71428,Grand Route du Botoret - RD83,46.194493,4.295139,Plein jour,Hors agglomération,Intersection en T,Temps éblouissant,Deux véhicules - arrière,3,2,2,0,2,1,1,0,1,70,2,2,1,0,1,0,61.0,62.0,voiture,deux_roues,1,1,3,7,2
202200042093,2022-09-24 09:55:00,2022,9,24,9,55,78,78620,D361,48.739883,2.125522,Plein jour,Hors agglomération,Hors intersection,Pluie légère,Deux véhicules - côté,3,2,2,0,1,3,2,0,1,70,2,2,1,0,1,0,22.0,74.0,voiture,voiture,1,1,1,2,3