accident_id,datetime,annee,mois,jour,heure,minute,departement,commune_insee,adresse,latitude,longitude,luminosite,agglomeration,intersection,meteo,collision,catr,circ,nbv,vosp,prof,plan,surf,infra,situ,vma,nb_vehicules,nb_usagers,nb_indemnes,nb_tues,nb_blesses_hosp,nb_blesses_legers,age_cond_1,age_cond_2,veh_type_cond_1,veh_type_cond_2,lum_code,agg_code,int_code,atm_code,col_code
202200042185,2022-09-12 21:10:00,2022,9,12,21,10,34,34019,D8 PR 35+520,43.734069,3.12031,Nuit sans éclairage public,Hors agglomération,Intersection en T,Temps couvert,Sans collision,3,2,2,0,2,3,1,0,3,80,1,1,0,0,1,0,48.0,,voiture,,3,1,3,8,7
202200042186,2022-12-03 10:00:00,2022,12,3,10,0,976,97611,m'tsapere-Nationale 2 (route),-12.79329,45.21958,Plein jour,En agglomération,Hors intersection,Normale,Deux véhicules - côté,4,-1,1,0,1,3,1,0,1,50,2,3,1,0,1,1,17.0,46.0,deux_roues,voiture,1,2,1,1,3
202200042187,2022-07-10 14:05:00,2022,7,10,14,5,67,67482,KLEBSAU (RUE DE LA),48.54288,7.77153,Plein jour,En agglomération,Autre intersection,Normale,Autre collision,4,2,2,0,1,2,1,0,1,50,3,4,3,0,0,1,58.0,47.0,utilitaire_camion,voiture,1,2,9,1,6
202200042188,2022-12-03 11:25:00,2022,12,3,11,25,974,97416,RN3 (3),-21.33094,55.4677,Plein jour,Hors agglomération,Autre intersection,Normale,Trois véhicules et plus - en chaîne,2,1,5,0,2,1,1,9,1,90,3,5,4,0,0,1,64.0,29.0,voiture,voiture,1,1,9,1,4
202200042189,2022-07-12 07:35:00,2022,7,12,7,35,64,64348,FRERES WRIGHT DES,43.34955,-0.38545,Plein jour,Hors agglomération,Hors intersection,Normale,Deux véhicules - côté,3,2,2,0,1,1,1,0,1,80,2,2,1,0,0,1,29.0,45.0,deux_roues,voiture,1,1,1,1,3
202200042190,2022-12-03 15:30:00,2022,12,3,15,30,974,97409,DU CENTRE(CHEMIN),-20.94666,55.65505,Plein jour,En agglomération,Intersection en X,Normale,Deux véhicules - côté,4,2,2,0,1,1,1,0,1,50,2,2,1,0,0,1,19.0,,voiture,voiture,1,2,2,1,3
202200042191,2022-07-11 07:40:00,2022,7,11,7,40,64,64445,PAIX,43.31957,-0.34862,Plein jour,En agglomération,Intersection en X,Normale,Deux véhicules - arrière,4,-1,3,0,1,1,1,5,1,50,2,2,1,0,0,1,45.0,25.0,voiture,deux_roues,1,2,2,1,2
202200042192,2022-12-03 15:50:00,2022,12,3,15,50,973,97302,TIGRE (ROUTE DU),4.9202470519,-52.3203679919,Plein jour,En agglomération,Hors intersection,Pluie forte,Deux véhicules - côté,3,2,2,0,1,1,2,0,1,50,2,2,1,0,0,1,52.0,36.0,transport_commun,deux_roues,1,2,1,3,3
202200042193,2022-07-12 10:45:00,2022,7,12,10,45,64,64024,BAYONNE (AVENUE DE),43.48109,-1.51175,Plein jour,En agglomération,Hors intersection,Normale,Sans collision,3,2,4,3,1,1,1,0,1,50,1,2,1,0,0,1,57.0,,deux_roues,,1,2,1,1,7
202200042194,2022-12-03 00:15:00,2022,12,3,0,15,973,97302,LEBLOND (ROND POINT),4.9215266492,-52.3295331001,Nuit avec éclairage allumé,En agglomération,Giratoire,Pluie légère,Sans collision,2,3,4,0,1,1,2,0,3,90,1,2,1,0,0,1,22.0,,voiture,,5,2,6,2,7
202200042195,2022-12-02 23:30:00,2022,12,2,23,30,972,97209,BISHOP (Avenue Maurice),14.60939,-61.05615,Nuit avec éclairage allumé,En agglomération,Hors intersection,Normale,Autre collision,4,1,0,0,1,1,1,9,4,50,1,1,0,0,1,0,29.0,,deux_roues,,5,2,1,1,6
202200042196,2022-07-11 07:46:00,2022,7,11,7,46,63,63113,CLOS FOUR (RUE DU),45.7907612508,3.109023571,Plein jour,En agglomération,Hors intersection,Normale,Deux véhicules - côté,4,2,2,0,1,1,1,0,1,50,2,2,1,0,1,0,39.0,50.0,voiture,deux_roues,1,2,1,1,3
202200042197,2022-12-03 15:30:00,2022,12,3,15,30,69,69381,10 Quai Jean Moulin,45.7662167324,4.8380649089,Plein jour,En agglomération,Intersection en T,Normale,Autre collision,4,1,2,3,1,1,2,0,1,50,1,3,2,0,1,0,84.0,,voiture,,1,2,3,1,6
202200042198,2022-12-03 15:55:00,2022,12,3,15,55,69,69152,Rue Jules Guesde,45.6976,4.82297,Plein jour,En agglomération,Hors intersection,Pluie légère,Trois véhicules et plus - collisions multiples,4,2,2,0,1,1,2,0,1,50,3,3,2,0,0,1,32.0,30.0,voiture,voiture,1,2,1,2,5
202200042199,2022-07-07 12:41:00,2022,7,7,12,41,63,63113,CLEMENTEL (BD ETIENNE)/Solayer,45.80966,3.10945,Plein jour,En agglomération,Intersection en X,Normale,Deux véhicules - côté,7,3,4,0,1,1,1,0,1,50,2,2,1,0,0,1,31.0,48.0,utilitaire_camion,voiture,1,2,2,1,3
202200042200,2022-12-03 09:10:00,2022,12,3,9,10,91,91657,RUE JULES VERNE,48.70325,2.43454,Plein jour,En agglomération,Intersection en X,Pluie légère,Deux véhicules - côté,3,2,2,0,1,1,2,0,1,50,2,2,1,0,0,1,25.0,26.0,voiture,voiture,1,2,2,2,3
202200042201,2022-07-07 07:36:00,2022,7,7,7,36,63,63113,JOUHAUX (BD LEON)/Forest,45.7997,3.1122,Plein jour,En agglomération,Intersection à plus de 4 branches,Normale,Autre collision,7,3,5,1,1,1,1,0,1,50,2,2,1,0,0,1,70.0,45.0,deux_roues,voiture,1,2,5,1,6
202200042202,2022-12-03 20:28:00,2022,12,3,20,28,88,88160,BARRES (AV.MAURICE-),48.17545,6.43386,Nuit avec éclairage allumé,En agglomération,Hors intersection,Normale,Deux véhicules - côté,4,2,2,0,1,1,1,0,1,50,1,2,1,0,0,1,19.0,,voiture,,5,2,1,1,3
202200042203,2022-12-03 09:45:00,2022,12,3,9,45,81,81284,BOURDES (DE),43.91856,2.11696,Plein jour,En agglomération,Giratoire,Normale,Deux véhicules - côté,4,-1,1,0,1,2,1,0,1,50,2,2,1,0,0,1,23.0,70.0,deux_roues,voiture,1,2,6,1,3
202200042204,2022-07-12 23:00:00,2022,7,12,23,0,61,61001,GENERAL DE GAULLE (PLACE DU),48.43421,0.09407,Nuit avec éclairage allumé,En agglomération,Giratoire,Normale,Deux véhicules - côté,3,-1,0,0,1,1,1,5,1,50,2,2,1,0,0,1,29.0,27.0,utilitaire_camion,voiture,5,2,6,1,3
202200042205,2022-12-03 08:50:00,2022,12,3,8,50,77,77210,D605,48.42768,2.90548,Plein jour,Hors agglomération,Hors intersection,Normale,Deux véhicules - frontale,3,2,2,0,1,1,2,0,1,90,2,3,1,0,0,2,56.0,56.0,voiture,voiture,1,1,1,1,1
202200042206,2022-07-12 08:26:00,2022,7,12,8,26,60,60057,Av du Pdt J Fitzgerald Kennedy,49.42373,2.10531,Plein jour,En agglomération,Hors intersection,Normale,Deux véhicules - arrière,4,2,1,0,1,1,1,0,1,50,2,3,2,0,0,1,39.0,28.0,voiture,utilitaire_camion,1,2,1,1,2
202200042207,2022-12-03 10:25:00,2022,12,3,10,25,77,77014,D210,48.4188659013,2.7318359981,Plein jour,En agglomération,Hors intersection,Autre,Autre collision,3,2,4,1,1,1,2,6,8,50,1,3,2,0,0,1,14.0,,deux_roues,,1,2,1,9,6
202200042208,2022-12-04 00:50:00,2022,12,4,0,50,69,69266,Boulevard Laurent Bonnevay,45.7849,4.86413,Nuit sans éclairage public,En agglomération,Hors intersection,Pluie forte,Trois véhicules et plus - collisions multiples,4,2,5,0,1,3,3,0,1,50,3,3,1,0,0,2,27.0,28.0,voiture,voiture,3,2,1,3,5
202200042209,2022-12-03 13:20:00,2022,12,3,13,20,69,69256,Avenue Roger Salengro,45.7469,4.92687,Plein jour,Hors agglomération,Hors intersection,Normale,Autre collision,4,2,2,0,1,1,1,0,1,50,1,2,1,0,0,1,51.0,,voiture,,1,1,1,1,6
202200042210,2022-12-03 20:50:00,2022,12,3,20,50,69,69259,Allée des Savoies,45.7167,4.85621,Nuit avec éclairage allumé,Hors agglomération,Hors intersection,Pluie légère,Autre collision,6,-1,0,0,1,1,2,6,1,30,1,2,1,0,0,1,22.0,,voiture,,5,1,1,2,6
202200042211,2022-12-03 03:20:00,2022,12,3,3,20,64,64260,Boulevard de l'empereur,43.35607,-1.76641,Nuit avec éclairage allumé,En agglomération,Hors intersection,Pluie légère,Autre collision,3,2,2,0,2,1,2,0,1,50,1,4,0,0,0,4,20.0,,utilitaire_camion,,5,2,1,2,6
202200042212,2022-12-02 15:44:00,2022,12,2,15,44,64,64024,Avenue de Bayonne,43.4812908917,-1.5108239651,Plein jour,En agglomération,Intersection en T,Normale,Deux véhicules - côté,3,2,2,3,1,1,1,0,6,50,2,2,1,0,0,1,30.0,82.0,deux_roues,voiture,1,2,3,1,3
202200042213,2022-12-02 10:26:00,2022,12,2,10,26,64,64102,Avenue de Marhum,43.49065,-1.48656,Plein jour,En agglomération,Hors intersection,Normale,Autre collision,4,1,1,0,3,2,1,0,1,50,1,2,1,1,0,0,35.0,,voiture,,1,2,1,1,6
202200042214,2022-07-03 02:55:00,2022,7,3,2,55,59,59350,BART JEAN RUE,50.62778,3.06465,Nuit avec éclairage allumé,En agglomération,Intersection en X,Normale,Deux véhicules - côté,4,1,1,1,1,1,1,0,1,50,2,5,1,0,0,4,,28.0,voiture,voiture,5,2,2,1,3
202200042215,2022-12-02 12:55:00,2022,12,2,12,55,62,62427,CD40E,50.39649,2.96447,Plein jour,Hors agglomération,Hors intersection,Pluie légère,Autre collision,3,2,2,0,2,1,2,2,1,80,1,2,0,0,1,1,48.0,,voiture,,1,1,1,2,6
202200042216,2022-12-03 13:30:00,2022,12,3,13,30,59,59350,SEINE RUE DE LA,50.61268,3.05782,Plein jour,En agglomération,Intersection en X,Normale,Deux véhicules - côté,4,2,2,0,1,1,1,9,6,50,2,2,1,0,0,1,46.0,57.0,deux_roues,voiture,1,2,2,1,3
202200042217,2022-12-03 09:29:00,2022,12,3,9,29,56,56121,14 Cours Louis de Chazelles,47.75542,-3.36343,Plein jour,En agglomération,Hors intersection,Normale,Autre collision,4,3,6,3,1,1,1,9,6,30,1,2,1,0,0,1,48.0,,transport_commun,,1,2,1,1,6
202200042218,2022-12-02 16:05:00,2022,12,2,16,5,56,56121,117bis Boulevard Léon Blum,47.7445,-3.3812,Plein jour,En agglomération,Hors intersection,Normale,Autre collision,4,3,2,0,2,1,1,0,1,30,1,2,1,0,1,0,16.0,,deux_roues,,1,2,1,1,6
202200042219,2022-06-29 12:00:00,2022,6,29,12,0,59,59009,BIZET GEORGES BOULEVARD,50.61904,3.14774,Plein jour,En agglomération,Hors intersection,Normale,Autre collision,4,-1,2,0,1,1,1,0,1,50,1,2,1,0,0,1,22.0,,voiture,,1,2,1,1,6
202200042220,2022-12-02 17:05:00,2022,12,2,17,5,56,56098,61 Avenue Ambroise Croizat,47.774434,-3.346728,Plein jour,En agglomération,Intersection en X,Normale,Deux véhicules - côté,3,2,3,1,1,1,1,0,5,50,2,2,1,0,0,1,21.0,50.0,voiture,deux_roues,1,2,2,1,3
202200042221,2022-07-11 00:30:00,2022,7,11,0,30,59,59178,FAIDHERBE (BOULEVARD),50.3679030964,3.0885529518,Nuit avec éclairage allumé,En agglomération,Hors intersection,Normale,Autre collision,3,1,4,0,1,1,1,0,1,50,1,2,1,0,1,0,28.0,,voiture,,5,2,1,1,6
202200042222,2022-12-04 00:15:00,2022,12,4,0,15,54,54395,MALZEVILLE (Rue de),48.7033310775,6.181819886,Nuit avec éclairage allumé,En agglomération,Intersection en X,Temps couvert,Deux véhicules - côté,4,2,3,0,1,1,1,0,1,50,2,3,2,0,0,1,23.0,50.0,voiture,voiture,5,2,2,8,3
202200042223,2022-12-03 05:25:00,2022,12,3,5,25,54,54395,POINCARE (RUE RAYMOND 1-29-2-30),48.6900372462,6.1718004942,Nuit avec éclairage allumé,En agglomération,Intersection en X,Normale,Deux véhicules - côté,4,1, -1,0,1,1,1,0,1,50,2,2,0,0,0,2,25.0,22.0,voiture,voiture,5,2,2,1,3
202200042224,2022-12-03 22:02:00,2022,12,3,22,2,49,49007,CARNOT,47.47535,-0.54854,Nuit avec éclairage allumé,En agglomération,Intersection en X,Normale,Deux véhicules - côté,4,2,6,3,1,1,1,0,1,30,2,2,1,0,0,1,16.0,44.0,deux_roues,voiture,5,2,2,1,3
202200042225,2022-07-12 08:10:00,2022,7,12,8,10,55,55545,D603,49.1397447385,5.3274357319,Plein jour,Hors agglomération,Hors intersection,Normale,Deux véhicules - arrière,3,3,4,0,1,1,1,0,1,90,2,2,1,1,0,0,59.0,75.0,utilitaire_camion,deux_roues,1,1,1,1,2
202200042226,2022-12-02 15:30:00,2022,12,2,15,30,45,45234,Avenue Roger Secrétain,47.885997332,1.8967829347,Crépuscule ou aube,En agglomération,Hors intersection,Pluie légère,Trois véhicules et plus - en chaîne,4,3,4,0,1,1,2,0,1,50,3,3,2,0,0,1,32.0,35.0,utilitaire_camion,voiture,2,2,1,2,4
202200042227,2022-12-03 04:45:00,2022,12,3,4,45,45,45338,D2060 PR 29 + 535,47.9721423414,2.7158842385,Nuit sans éclairage public,Hors agglomération,Hors intersection,Pluie légère,Sans collision,3,3,4,0,1,2,2,0,3,110,1,3,0,0,0,3,26.0,,voiture,,3,1,1,2,7
202200042228,2022-07-12 10:50:00,2022,7,12,10,50,54,54395,TOMBLAINE (RUE DE),48.68764,6.20549,Plein jour,En agglomération,Intersection en X,Normale,Deux véhicules - frontale,4,2,2,0,1,1,1,0,1,50,2,2,1,0,0,1,40.0,66.0,voiture,voiture,1,2,2,1,1
202200042229,2022-12-03 17:50:00,2022,12,3,17,50,37,37261,Avenue André Malraux,47.3974777149,0.7021594048,Nuit avec éclairage allumé,En agglomération,Hors intersection,Temps couvert,Deux véhicules - arrière,4,2,2,0,1,1,1,0,1,50,2,3,2,0,0,1,51.0,44.0,voiture,voiture,5,2,1,8,2
202200042230,2022-12-04 23:00:00,2022,12,4,23,0,34,34172,2040 Avenue du Père Soulas,43.62805,3.84611,Nuit avec éclairage allumé,En agglomération,Hors intersection,Temps couvert,Deux véhicules - frontale,4,2,2,0,1,1,2,0,1,30,2,4,2,0,0,2,,43.0,voiture,voiture,5,2,1,8,1
202200042231,2022-07-12 20:45:00,2022,7,12,20,45,51,51454,boulevard Lundy,49.261294,4.033143,Plein jour,En agglomération,Intersection en X,Normale,Deux véhicules - côté,4,2,2,0,1,1,1,0,1,50,2,2,1,0,0,1,57.0,39.0,voiture,deux_roues,1,2,2,1,3
202200042232,2022-12-03 18:15:00,2022,12,3,18,15,34,34129,27 Avenue de Septimanie,43.5645,3.87904,Nuit avec éclairage allumé,En agglomération,Hors intersection,Normale,Autre collision,4,2,2,0,1,1,2,0,3,30,1,4,1,0,0,3,18.0,,utilitaire_camion,,5,2,1,1,6
202200042233,2022-12-02 15:10:00,2022,12,2,15,10,27,27681,CAMERE (QUAI),49.08845,1.49586,Plein jour,En agglomération,Hors intersection,Normale,Autre collision,4,2,2,1,1,1,1,0,8,30,1,1,0,0,1,0,37.0,,deux_roues,,1,2,1,1,6
202200042234,2022-12-02 21:30:00,2022,12,2,21,30,22,22113,KERAMPONT (RUE DE),48.72842,-3.46464,Nuit avec éclairage allumé,En agglomération,Hors intersection,Pluie légère,Sans collision,4,1,1,0,2,1,2,0,1,50,1,1,0,0,0,1,14.0,,deux_roues,,5,2,1,2,7
202200042235,2022-07-12 20:30:00,2022,7,12,20,30,51,51454,rue de Bétheny,49.2662246722,4.045240581,Plein jour,En agglomération,Giratoire,Normale,Sans collision,4,2,2,3,1,1,1,0,1,50,1,2,1,0,0,1,76.0,,voiture,,1,2,6,1,7
202200042236,2022-12-02 18:25:00,2022,12,2,18,25,18,18033,36 Chaussée de Chappe,47.09304,2.42234,Nuit avec éclairage allumé,En agglomération,Hors intersection,Autre,Deux véhicules - arrière,4,-1,2,0,1,1,2,0,1,50,2,4,2,0,0,2,17.0,33.0,deux_roues,voiture,5,2,1,9,2
202200042237,2022-07-08 13:50:00,2022,7,8,13,50,50,50129,BOIS (RUE DU),49.63892,-1.60518,Plein jour,En agglomération,Hors intersection,Normale,Autre collision,4,1,1,0,1,1,1,0,3,50,1,2,1,0,1,0,21.0,,voiture,,1,2,1,1,6
202200042238,2022-12-03 21:20:00,2022,12,3,21,20,14,14327,avenue de la valeuse,49.20402,-0.3376,Nuit avec éclairage allumé,En agglomération,Hors intersection,Normale,Autre collision,4,2,1,0,1,1,1,0,1,50,1,2,1,0,0,1,32.0,,utilitaire_camion,,5,2,1,1,6
202200042239,2022-12-03 14:35:00,2022,12,3,14,35,14,14118,Rue de Norrey,49.189,-0.3871,Plein jour,En agglomération,Hors intersection,Normale,Deux véhicules - côté,4,2,2,0,4,1,1,0,1,50,2,7,2,0,0,5,19.0,22.0,voiture,transport_commun,1,2,1,1,3
202200042240,2022-07-12 22:08:00,2022,7,12,22,8,38,38185,STALINGRAD (RUE DE)(ALLIES/AIME PUPIN),45.1669,5.7235,Nuit avec éclairage allumé,En agglomération,Intersection en X,Normale,Deux véhicules - frontale,4,2,4,1,1,1,1,5,1,50,2,2,1,1,0,0,20.0,25.0,deux_roues,voiture,5,2,2,1,1
202200042241,2022-12-04 01:00:00,2022,12,4,1,0,13,13117,CD 9 ESTROUBLANS,43.4262837372,5.2512100742,Nuit avec éclairage non allumé,Hors agglomération,Hors intersection,Pluie forte,Deux véhicules - arrière,7,3,4,0,1,1,4,0,1,90,2,2,0,0,0,2,18.0,18.0,voiture,voiture,4,1,1,3,2
202200042242,2022-08-20 11:20:00,2022,8,20,11,20,64,64445,avenue Trespoey,43.29879,-0.35221,Plein jour,En agglomération,Hors intersection,Normale,Deux véhicules - côté,4,2,4,1,1,1,1,0,6,50,2,2,1,0,0,1,86.0,53.0,voiture,deux_roues,1,2,1,1,3
202200042243,2022-12-03 19:50:00,2022,12,3,19,50,13,13002,CANTON VERT (AVENUE DU),43.34144,5.472351,Nuit avec éclairage allumé,En agglomération,Hors intersection,Pluie légère,Deux véhicules - arrière,4,2,2,0,1,1,2,0,1,50,2,3,1,0,0,2,63.0,20.0,utilitaire_camion,voiture,5,2,1,2,2
202200042244,2022-12-02 12:30:00,2022,12,2,12,30,11,11262,8 Avenue Pompidor,43.18393,2.97923,Plein jour,En agglomération,Hors intersection,Normale,Autre collision,4,2,2,0,1,1,1,0,1,50,1,2,1,0,0,1,75.0,,voiture,,1,2,1,1,6
202200042245,2022-08-20 17:30:00,2022,8,20,17,30,51,51454,rue Clovis Chézel,49.2400337955,4.0321353078,Plein jour,En agglomération,Intersection en T,Normale,Deux véhicules - côté,4,2,2,0,1,1,1,0,1,50,2,2,1,0,0,1,30.0,83.0,deux_roues,voiture,1,2,3,1,3
202200042246,2022-12-03 08:35:00,2022,12,3,8,35,11,11069,Avenue du Président Franklin Roosevelt ,43.2224,2.33744,Crépuscule ou aube,En agglomération,Intersection en X,Normale,Deux véhicules - côté,4,2,2,0,1,1,1,0,1,50,2,2,1,0,0,1,41.0,21.0,utilitaire_camion,deux_roues,2,2,2,1,3
202200042247,2022-07-11 17:50:00,2022,7,11,17,50,35,35288,MARTIN LOUIS (AVENUE),48.64742,-2.00889,Plein jour,En agglomération,Intersection en T,Normale,Deux véhicules - arrière,4,3,2,2,1,1,1,0,5,50,2,2,1,0,0,1,43.0,74.0,deux_roues,voiture,1,2,3,1,2
202200042248,2022-08-20 15:50:00,2022,8,20,15,50,47,47201,MARNE (AV. DE LA),44.194245,0.601689,Plein jour,En agglomération,Hors intersection,Normale,Deux véhicules - arrière,3,2,2,0,1,1,1,0,1,50,2,3,0,0,0,3,27.0,50.0,voiture,voiture,1,2,1,1,2
202200042249,2022-12-03 17:11:00,2022,12,3,17,11,10,10357,ROCADE EST (RD 610),48.2944,4.1382,Nuit sans éclairage public,Hors agglomération,Hors intersection,Normale,Deux véhicules - arrière,3,2,2,0,1,1,1,0,1,90,2,2,1,0,0,1,24.0,45.0,voiture,voiture,3,1,1,1,2
202200042250,2022-12-02 09:10:00,2022,12,2,9,10,10,10387,GEORGES POMPIDOU (RUE),48.28654,4.0775,Plein jour,En agglomération,Intersection en X,Temps couvert,Deux véhicules - côté,4,2,4,0,1,1,1,0,1,50,2,2,1,0,0,1,22.0,55.0,voiture,voiture,1,2,2,8,3
202200042251,2022-08-20 19:20:00,2022,8,20,19,20,43,43157,Place Michelet,45.0418159901,3.8853889704,Plein jour,En agglomération,Intersection en T,Normale,Deux véhicules - arrière,4,1,2,3,1,1,1,5,1,50,2,3,2,0,0,1,51.0,57.0,transport_commun,voiture,1,2,3,1,2
202200042252,2022-12-02 23:40:00,2022,12,2,23,40,09,09225,ROUTE DE VERNIOLLE À CALMONT,43.1223,1.6526,Nuit sans éclairage public,En agglomération,Hors intersection,Normale,Autre collision,3,2,2,0,1,2,1,0,8,80,1,1,0,0,0,1,24.0,,voiture,,3,2,1,1,6
202200042253,2022-08-19 11:09:00,2022,8,19,11,9,38,38563,TEZIER (AVENUE R.),45.36756,5.59056,Plein jour,En agglomération,Place,Temps couvert,Trois véhicules et plus - en chaîne,3,2,5,0,2,2,2,5,8,50,1,2,1,0,0,1,19.0,,voiture,,1,2,7,8,4
202200042254,2022-08-20 21:22:00,2022,8,20,21,22,37,37122,MANSART (RUE),47.3422869838,0.6603491306,Nuit avec éclairage allumé,En agglomération,Autre intersection,Normale,Autre collision,4,-1,1,0,1,1,1,-1,6,50,1,2,1,0,1,0,,,autre,,5,2,9,1,6
202200042255,2022-12-03 14:16:00,2022,12,3,14,16,06,06088,LYAUTEY (AV. DU MAL),43.71063,7.28276,Plein jour,En agglomération,Hors intersection,Pluie légère,Autre collision,7,1,2,0,1,1,2,0,1,50,2,2,1,0,1,0,67.0,22.0,voiture,deux_roues,1,2,1,2,6
202200042256,2022-07-12 07:30:00,2022,7,12,7,30,35,35115,COMBATTANTS D'AFRIQUE DU NORD (RUE DES),48.3481863645,-1.1811442673,Plein jour,En agglomération,Hors intersection,Temps éblouissant,Autre collision,4,2,2,0,2,1,1,0,1,50,1,2,1,0,1,0,33.0,,voiture,,1,2,1,7,6
202200042257,2022-12-02 23:10:00,2022,12,2,23,10,06,06104,PEGLION (RUE ANTOINE),43.767517,7.479319,Nuit avec éclairage allumé,En agglomération,Hors intersection,Normale,Deux véhicules - côté,3,2,1,0,1,2,1,0,1,50,1,1,0,0,1,0,24.0,,deux_roues,,5,2,1,1,3
202200042258,2022-08-20 11:15:00,2022,8,20,11,15,35,35051,RN157,48.11461979,-1.5595060587,Plein jour,Hors agglomération,Hors intersection,Normale,Deux véhicules - arrière,2,3,4,0,1,1,1,0,1,90,2,3,1,0,0,2,56.0,29.0,voiture,voiture,1,1,1,1,2
202200042259,2022-12-02 21:07:00,2022,12,2,21,7,03,03098,Rue Ambroise Croizat,46.34529,2.61938,Nuit avec éclairage allumé,En agglomération,Hors intersection,Pluie légère,Deux véhicules - côté,3,2,2,0,2,1,2,0,1,50,2,3,2,0,1,0,60.0,54.0,voiture,voiture,5,2,1,2,3
202200042260,2022-08-20 05:45:00,2022,8,20,5,45,35,35238,RN24,48.1069559724,-1.7256635427,Nuit avec éclairage allumé,En agglomération,Hors intersection,Normale,Trois véhicules et plus - en chaîne,2,3,4,3,1,1,1,0,1,50,3,4,3,0,0,1,24.0,38.0,voiture,voiture,5,2,1,1,4
202200042261,2022-06-25 17:10:00,2022,6,25,17,10,34,34003,LOUBATIERE (BD JEAN MONNET,43.30185,3.4837,Plein jour,En agglomération,Hors intersection,Normale,Deux véhicules - arrière,4,2,2,0,1,1,1,0,1,50,2,2,1,0,0,1,64.0,29.0,voiture,voiture,1,2,1,1,2
202200042262,2022-08-20 05:50:00,2022,8,20,5,50,34,34172,124bis Avenue de Toulouse,43.59409,3.86055,Crépuscule ou aube,En agglomération,Hors intersection,Normale,Deux véhicules - arrière,4,2,4,1,2,1,1,0,1,50,2,3,2,0,1,0,25.0,45.0,voiture,utilitaire_camion,2,2,1,1,2
202200042263,2022-12-03 14:20:00,2022,12,3,14,20,01,01451,BOURG  ( ROUTE DE ),46.24042,5.226462,Plein jour,Hors agglomération,Intersection en T,Temps couvert,Deux véhicules - frontale,3,2,2,0,1,3,1,0,1,50,2,3,0,0,0,3,45.0,67.0,voiture,voiture,1,1,3,8,1
202200042264,2022-08-20 12:00:00,2022,8,20,12,0,33,33063,Rue du Manège,44.84133,-0.58505,Plein jour,En agglomération,Intersection en T,Normale,Deux véhicules - côté,4,1,2,0,1,1,1,5,1,50,2,2,1,0,0,1,30.0,52.0,utilitaire_camion,transport_commun,1,2,3,1,3
202200042265,2022-08-22 11:45:00,2022,8,22,11,45,07,07229,,44.6066,4.41603,Plein jour,En agglomération,Intersection en T,Normale,Deux véhicules - côté,2,2,2,0,2,1,1,0,1,50,2,2,1,0,0,1,28.0,15.0,voiture,deux_roues,1,2,3,1,3
202200042266,2022-07-12 14:10:00,2022,7,12,14,10,33,33192,Rue de Lahouneau,44.77988,-0.61284,Plein jour,En agglomération,Hors intersection,Normale,Deux véhicules - côté,4,2,2,2,1,1,1,0,5,50,2,2,1,0,0,1,61.0,46.0,utilitaire_camion,deux_roues,1,2,1,1,3
202200042267,2022-12-02 10:45:00,2022,12,2,10,45,988,98818,ROUTE DE L'ANSE VATA/RUE DU PASTEUR LEENDHARDT,-22.30038,166.44498,Plein jour,En agglomération,Intersection en T,Normale,Deux véhicules - arrière,4,2,2,0,1,1,1,0,1,50,2,2,1,0,0,1,40.0,47.0,deux_roues,voiture,1,2,3,1,2
202200042268,2022-08-19 17:22:00,2022,8,19,17,22,17,17142,D 9,46.19175,-1.09444,Plein jour,Hors agglomération,Hors intersection,Normale,Trois véhicules et plus - en chaîne,3,2,2,0,1,1,1,0,1,80,3,7,3,2,1,1,41.0,37.0,voiture,voiture,1,1,1,1,4
202200042269,2022-12-02 05:40:00,2022,12,2,5,40,976,97611,passamanty-Bangali  (rue ),-12.79703,45.20077,Plein jour,Hors agglomération,Hors intersection,Normale,Deux véhicules - frontale,4,2,2,0,2,3,1,0,1,50,2,3,2,0,0,1,33.0,40.0,voiture,deux_roues,1,1,1,1,1
202200042270,2022-12-01 07:25:00,2022,12,1,7,25,974,97416,VERGES (AVENUE LAURENT),-21.29651,55.46048,Plein jour,En agglomération,Hors intersection,Normale,Deux véhicules - côté,4,2,2,0,1,1,1,0,1,50,2,2,1,0,0,1,53.0,16.0,voiture,deux_roues,1,2,1,1,3
202200042271,2022-07-12 15:15:00,2022,7,12,15,15,31,31555,AV DE GRANDE BRETAGNE,43.5966218951,1.4226168394,Plein jour,En agglomération,Hors intersection,Normale,Autre collision,4,2,2,0,1,1,1,0,1,50,1,2,1,0,0,1,,,deux_roues,,1,2,1,1,6
202200042272,2022-08-20 05:00:00,2022,8,20,5,0,13,13103,AVENUE DE LATTRE DE TASSIGNY-RD 17-,43.64,5.09,Nuit avec éclairage allumé,En agglomération,Intersection en T,Normale,Deux véhicules - frontale,4,2,2,0,1,2,1,0,4,50,1,2,1,0,0,1,,,voiture,,5,2,3,1,1
202200042273,2022-11-30 15:00:00,2022,11,30,15,0,974,97416,RN1 (ROUTE NATIONALE),-21.30916,55.43304,Plein jour,Hors agglomération,Hors intersection,Normale,Trois véhicules et plus - en chaîne,2,3,4,0,1,1,1,0,1,110,3,6,2,0,1,3,26.0,44.0,voiture,utilitaire_camion,1,1,1,1,4
202200042274,2022-07-12 16:55:00,2022,7,12,16,55,28,28218,REPUBLIQUE (AVENUE DE LA),48.43702,1.44592,Plein jour,En agglomération,Hors intersection,Normale,Autre collision,3,2,2,0,1,1,1,9,6,50,1,2,1,0,1,0,60.0,,voiture,,1,2,1,1,6
202200042275,2022-08-20 16:40:00,2022,8,20,16,40,13,13215,VISTE (AVENUE DE LA),43.35719,5.35742,Plein jour,En agglomération,Autre intersection,Normale,Trois véhicules et plus - collisions multiples,4,2,1,0,1,1,1,0,1,50,3,4,3,0,0,1,22.0,21.0,voiture,voiture,1,2,9,1,5