accident_id,datetime,annee,mois,jour,heure,minute,departement,commune_insee,adresse,latitude,longitude,luminosite,agglomeration,intersection,meteo,collision,catr,circ,nbv,vosp,prof,plan,surf,infra,situ,vma,nb_vehicules,nb_usagers,nb_indemnes,nb_tues,nb_blesses_hosp,nb_blesses_legers,age_cond_1,age_cond_2,veh_type_cond_1,veh_type_cond_2,lum_code,agg_code,int_code,atm_code,col_code
202200042457,2022-08-19 19:00:00,2022,8,19,19,0,987,98750,PK 3.2 coté est,-16.821,-151.404,Nuit avec éclairage allumé,En agglomération,Hors intersection,Pluie légère,Deux véhicules - frontale,2,2,2,0,1,2,2,0,1,60,2,3,1,0,1,1,22.0,48.0,voiture,voiture,5,2,1,2,1
202200042458,2022-07-12 17:25:00,2022,7,12,17,25,30,30117,Route de Beaucaire Rd 15,43.71275,4.606396,Plein jour,Hors agglomération,Hors intersection,Normale,Trois véhicules et plus - en chaîne,3,2,2,0,1,1,1,0,1,80,3,3,1,0,0,2,26.0,38.0,voiture,voiture,1,1,1,1,4
202200042459,2022-07-12 19:15:00,2022,7,12,19,15,44,44009,288 Route du Loroux Bottereau,47.193449,-1.463595,Plein jour,En agglomération,Hors intersection,Normale,Deux véhicules - frontale,7,2,2,1,1,1,1,0,1,50,2,3,1,0,1,1,24.0,71.0,voiture,voiture,1,2,1,1,1
202200042460,2022-02-21 07:40:00,2022,2,21,7,40,49,49331,la robinaie,47.703516,-0.867609,Crépuscule ou aube,Hors agglomération,Intersection en X,Pluie légère,Autre collision,3,3,2,0,2,1,2,5,1,70,1,2,1,0,1,0,47.0,,utilitaire_camion,,2,1,2,2,6
202200042461,2022-07-12 20:40:00,2022,7,12,20,40,44,44009,554 Route de Clisson,47.185928,-1.461054,Plein jour,En agglomération,Hors intersection,Normale,Deux véhicules - frontale,7,2,2,0,1,1,1,0,1,50,2,4,0,0,1,3,41.0,19.0,voiture,voiture,1,2,1,1,1
202200042462,2022-02-23 16:35:00,2022,2,23,16,35,12,12090,D994,44.3698440403,2.4791191667,Plein jour,Hors agglomération,Hors intersection,Normale,Deux véhicules - frontale,3,2,2,0,1,1,1,0,1,90,2,2,0,0,2,0,67.0,85.0,voiture,voiture,1,1,1,1,1
202200042463,2022-02-23 17:56:00,2022,2,23,17,56,35,35169,D 63,47.98995,-2.033093,Plein jour,Hors agglomération,Hors intersection,Normale,Sans collision,3,2,2,0,1,2,1,0,1,-1,1,1,0,0,1,0,48.0,,deux_roues,,1,1,1,1,7
202200042464,2022-07-13 15:17:00,2022,7,13,15,17,62,62268,Chaussée Brunehaut,50.668761,1.822594,Plein jour,En agglomération,Intersection en Y,Normale,Deux véhicules - côté,3,2,2,0,1,2,1,0,1,50,2,2,1,0,0,1,29.0,38.0,utilitaire_camion,deux_roues,1,2,4,1,3
202200042465,2022-08-20 14:30:00,2022,8,20,14,30,2B,2B083,Tripiole,42.382596,9.140392,Plein jour,Hors agglomération,Hors intersection,Normale,Deux véhicules - frontale,3,2,2,0,1,3,1,0,1,80,2,4,3,0,1,0,76.0,63.0,voiture,voiture,1,1,1,1,1
202200042466,2022-07-12 22:35:00,2022,7,12,22,35,51,51099,D977,48.780727,4.221518,Nuit avec éclairage allumé,Hors agglomération,Giratoire,Normale,Sans collision,3,2,2,0,1,1,1,2,1,90,1,1,0,0,0,1,53.0,,voiture,,5,1,6,1,7
202200042467,2022-02-23 15:50:00,2022,2,23,15,50,29,29290,D13 - Tariec,48.546664,-4.505328,Plein jour,Hors agglomération,Hors intersection,Normale,Autre collision,3,3,2,0,2,2,1,0,8,80,1,1,0,0,1,0,54.0,,voiture,,1,1,1,1,6
202200042468,2022-07-12 20:19:00,2022,7,12,20,19,56,56236,La Belle Etoile,47.916335,-2.524361,Plein jour,Hors agglomération,Intersection en X,Normale,Deux véhicules - côté,3,2,2,0,1,1,1,0,1,80,2,5,0,0,2,3,29.0,48.0,voiture,voiture,1,1,2,1,3
202200042469,2022-02-23 15:30:00,2022,2,23,15,30,31,31079,Route de Fronton,43.796422,1.406626,Plein jour,En agglomération,Autre intersection,Normale,Deux véhicules - arrière,3,2,1,0,1,1,1,0,1,80,2,2,1,0,1,0,41.0,22.0,utilitaire_camion,deux_roues,1,2,9,1,2
202200042470,2022-07-01 20:25:00,2022,7,1,20,25,56,56124,Place du Docteur Jean Queinnec,47.810921,-2.383851,Crépuscule ou aube,En agglomération,Intersection en X,Temps éblouissant,Deux véhicules - côté,3,2,2,0,1,2,1,0,1,50,2,2,1,0,1,0,30.0,58.0,voiture,deux_roues,2,2,2,7,3
202200042471,2022-02-23 16:45:00,2022,2,23,16,45,26,26338,Le Moulin,44.6013971107,4.8300147057,Plein jour,Hors agglomération,Intersection en X,Normale,Deux véhicules - côté,3,2,2,0,1,1,1,0,1,80,2,2,1,1,0,0,48.0,45.0,utilitaire_camion,deux_roues,1,1,2,1,3
202200042472,2022-08-21 06:50:00,2022,8,21,6,50,05,05081,Route de Rosans,44.417322,5.652809,Crépuscule ou aube,Hors agglomération,Hors intersection,Normale,Deux véhicules - frontale,3,2,2,0,1,3,1,0,1,90,2,2,0,0,1,1,36.0,59.0,voiture,voiture,2,1,1,1,1
202200042473,2022-07-12 19:00:00,2022,7,12,19,0,76,76541,1582 Route de Duclair,49.499822,0.962238,Plein jour,En agglomération,Autre intersection,Temps éblouissant,Deux véhicules - côté,3,2,2,0,1,1,1,0,1,50,2,2,1,0,1,0,46.0,27.0,voiture,deux_roues,1,2,9,7,3
202200042474,2022-08-21 05:45:00,2022,8,21,5,45,13,13093,Route Départementale 561,43.693624,5.387903,Crépuscule ou aube,Hors agglomération,Hors intersection,Normale,Deux véhicules - frontale,7,2,2,0,1,1,1,0,3,80,1,1,0,0,0,1,20.0,,voiture,,2,1,1,1,1
202200042475,2022-02-24 16:45:00,2022,2,24,16,45,72,72257,Route de la Croix Georgette,47.997008,0.139856,Plein jour,Hors agglomération,Hors intersection,Normale,Deux véhicules - frontale,4,2,2,0,1,3,1,0,1,80,2,3,2,0,0,1,36.0,17.0,voiture,deux_roues,1,1,1,1,1
202200042476,2022-07-12 15:30:00,2022,7,12,15,30,79,79079,Avenue des Mauges (La Chapelle-Largeau),46.967491,-0.892926,Plein jour,En agglomération,Intersection en X,Temps éblouissant,Deux véhicules - côté,3,2,2,0,1,1,1,0,1,50,2,2,1,0,1,0,58.0,21.0,utilitaire_camion,deux_roues,1,2,2,7,3
202200042477,2022-08-21 00:30:00,2022,8,21,0,30,26,26252,A7,44.883561,4.868059,Nuit sans éclairage public,Hors agglomération,Hors intersection,Normale,Autre collision,1,3,5,0,1,1,1,0,1,130,1,1,0,1,0,0,27.0,,voiture,,3,1,1,1,6
202200042478,2022-07-13 10:30:00,2022,7,13,10,30,2B,2B077,Corso,42.465156,9.494371,Plein jour,Hors agglomération,Hors intersection,Normale,Deux véhicules - arrière,2,2,2,0,1,1,1,0,1,80,2,2,1,0,0,1,57.0,28.0,voiture,utilitaire_camion,1,1,1,1,2
202200042479,2022-08-21 11:00:00,2022,8,21,11,0,89,89171,A5 pk79.600,48.242213,3.487132,Plein jour,Hors agglomération,Hors intersection,Normale,Autre collision,1,3,4,3,2,1,1,0,2,130,1,2,0,0,0,2,25.0,,autre,,1,1,1,1,6
202200042480,2022-07-13 01:45:00,2022,7,13,1,45,80,80318,2 Rue Victor Hugo,50.011492,2.083623,Nuit avec éclairage allumé,En agglomération,Hors intersection,Normale,Deux véhicules - frontale,3,2,2,0,2,2,1,0,1,50,1,2,1,0,1,0,22.0,,voiture,,5,2,1,1,1
202200042481,2022-02-24 11:30:00,2022,2,24,11,30,60,60221,23 Rue de l’Usine,49.649777,2.270472,Plein jour,En agglomération,Hors intersection,Normale,Deux véhicules - arrière,3,2,2,0,1,1,1,0,1,50,2,2,1,0,1,0,31.0,52.0,deux_roues,voiture,1,2,1,1,2
202200042482,2022-08-20 17:00:00,2022,8,20,17,0,74,74042,135 Rue Décret,46.079054,6.406628,Plein jour,En agglomération,Giratoire,Normale,Autre collision,3,2,2,0,1,1,1,9,6,30,1,3,2,0,1,0,37.0,,voiture,,1,2,6,1,6
202200042483,2022-07-12 17:10:00,2022,7,12,17,10,80,80512,18 Grande Rue Guy Dovergne,50.066609,1.831756,Plein jour,En agglomération,Hors intersection,Temps éblouissant,Autre collision,3,2,2,0,1,1,1,0,1,50,1,1,0,0,1,0,17.0,,deux_roues,,1,2,1,7,6
202200042484,2022-04-28 20:50:00,2022,4,28,20,50,82,82091,Guiroche,43.882046,0.913609,Nuit sans éclairage public,Hors agglomération,Hors intersection,Normale,Autre collision,4,2,2,0,1,1,1,0,1,80,1,2,1,0,0,1,64.0,,utilitaire_camion,,3,1,1,1,6
202200042485,2022-02-23 23:35:00,2022,2,23,23,35,987,98714,RT 101 en face du magasin Antoine - Tiipoto Nunue,-16.513742,-151.745138,Nuit avec éclairage allumé,Hors agglomération,Hors intersection,Normale,Deux véhicules - côté,2,2,2,0,1,1,1,0,1,40,2,4,2,0,1,1,35.0,32.0,voiture,deux_roues,5,1,1,1,3
202200042486,2022-08-19 20:00:00,2022,8,19,20,0,73,73015,D90,45.40461,6.563219,Crépuscule ou aube,En agglomération,Hors intersection,Normale,Autre collision,3,2,2,0,2,2,1,0,8,50,1,1,0,0,1,0,58.0,,voiture,,2,2,1,1,6
202200042487,2022-07-13 10:00:00,2022,7,13,10,0,65,65283,Route du Col de Peyresourde,42.810302,0.421997,Plein jour,Hors agglomération,Hors intersection,Autre,Sans collision,3,2,2,0,2,1,1,0,1,90,1,1,0,1,0,0,71.0,,deux_roues,,1,1,1,9,7
202200042488,2022-07-13 18:11:00,2022,7,13,18,11,81,81171,chemin des issarts,43.865444,1.897073,Plein jour,Hors agglomération,Hors intersection,Normale,Autre collision,4,-1,2,0,1,3,1,0,1,80,1,1,0,0,1,0,40.0,,voiture,,1,1,1,1,6
202200042489,2022-02-17 07:30:00,2022,2,17,7,30,988,98817,ROUTE EXPRESS DU MONT DORE,-22.230911,166.512313,Plein jour,Hors agglomération,Hors intersection,Normale,Deux véhicules - côté,1,2,2,0,1,2,1,0,1,90,2,2,1,0,1,0,22.0,33.0,voiture,deux_roues,1,1,1,1,3
202200042490,2022-08-20 17:40:00,2022,8,20,17,40,73,73285,D1090,45.627064,6.830313,Plein jour,Hors agglomération,Intersection en Y,Normale,Deux véhicules - arrière,3,2,2,0,2,3,1,0,1,80,2,2,0,0,1,1,45.0,32.0,deux_roues,deux_roues,1,1,4,1,2
202200042491,2022-07-12 16:15:00,2022,7,12,16,15,32,32344,D136 PK2+871,43.6192400258,-0.0508678981,Plein jour,Hors agglomération,Hors intersection,Normale,Deux véhicules - frontale,3,2,2,0,2,2,1,0,1,80,2,3,1,0,1,1,19.0,29.0,utilitaire_camion,voiture,1,1,1,1,1
202200042492,2022-08-20 20:57:00,2022,8,20,20,57,42,42094,Boulevard de l'Hippodrome,45.741128,4.218428,Nuit avec éclairage allumé,En agglomération,Hors intersection,Normale,Autre collision,3,2,2,0,1,2,1,0,3,50,1,3,0,0,2,1,43.0,,voiture,,5,2,1,1,6
202200042493,2022-02-22 19:15:00,2022,2,22,19,15,973,97306,D9 PK 16,5.614534,-53.882103,Nuit sans éclairage public,Hors agglomération,Hors intersection,Normale,Deux véhicules - arrière,3,2,2,0,1,1,1,0,1,80,2,3,0,0,1,2,23.0,63.0,voiture,voiture,3,1,1,1,2
202200042494,2022-02-23 08:55:00,2022,2,23,8,55,91,91579,D17,48.540328,2.35337,Plein jour,Hors agglomération,Giratoire,Pluie légère,Sans collision,3,3,2,0,2,1,2,0,1,50,1,1,0,0,1,0,34.0,,deux_roues,,1,1,6,2,7
202200042495,2022-08-21 11:00:00,2022,8,21,11,0,07,07324,48 Quai Farconnet,45.069128,4.829175,Plein jour,En agglomération,Hors intersection,Normale,Autre collision,3,-1,2,0,1,1,1,6,1,30,1,2,1,0,0,1,49.0,,deux_roues,,1,2,1,1,6
202200042496,2022-07-11 08:25:00,2022,7,11,8,25,49,49214,Avenue du Président Kennedy,47.538945,-0.616323,Plein jour,En agglomération,Hors intersection,Normale,Autre collision,3,2,2,0,1,1,1,0,4,50,1,1,0,0,0,1,72.0,,deux_roues,,1,2,1,1,6
202200042497,2022-08-21 06:45:00,2022,8,21,6,45,07,07259,D86,44.282358,4.616634,Crépuscule ou aube,En agglomération,Hors intersection,Normale,Autre collision,3,2,2,0,1,2,1,0,8,80,1,1,0,1,0,0,42.0,,voiture,,2,2,1,1,6
202200042498,2022-02-22 17:00:00,2022,2,22,17,0,84,84019,avenue jean moulin,44.296283,4.751984,Plein jour,En agglomération,Hors intersection,Normale,Trois véhicules et plus - en chaîne,3,3,2,0,1,1,1,0,1,50,3,3,2,0,0,1,35.0,65.0,utilitaire_camion,voiture,1,2,1,1,4
202200042499,2022-07-11 17:15:00,2022,7,11,17,15,49,49330,Lieu Dit le Beau Soleil,47.6315,-0.626323,Plein jour,Hors agglomération,Intersection en X,Autre,Deux véhicules - frontale,3,2,2,0,1,1,9,5,1,90,2,4,1,0,0,3,37.0,41.0,voiture,voiture,1,1,2,9,1
202200042500,2022-08-21 01:20:00,2022,8,21,1,20,01,01457,86 Rue des Chataigniers,46.230793,4.991803,Nuit sans éclairage public,En agglomération,Hors intersection,Normale,Autre collision,4,2,2,0,2,1,1,0,1,30,1,1,0,1,0,0,43.0,,deux_roues,,3,2,1,1,6
202200042501,2022-02-23 08:30:00,2022,2,23,8,30,06,06048,459 Route de Berre,43.815589,7.310502,Plein jour,En agglomération,Hors intersection,Normale,Deux véhicules - frontale,3,2,2,0,1,1,1,0,1,50,2,2,1,0,0,1,52.0,33.0,voiture,voiture,1,2,1,1,1
202200042502,2022-07-12 08:45:00,2022,7,12,8,45,49,49109,Pierre Pointue,47.146007,-0.640018,Plein jour,Hors agglomération,Hors intersection,Normale,Trois véhicules et plus - collisions multiples,3,2,2,0,2,2,1,0,1,80,3,3,2,0,1,0,47.0,20.0,deux_roues,voiture,1,1,1,1,5
202200042503,2022-07-13 11:00:00,2022,7,13,11,0,12,12259,Lieu Dit Albret,44.269273,2.048564,Plein jour,Hors agglomération,Hors intersection,Normale,Autre collision,3,2,2,0,1,1,1,0,1,90,1,1,0,0,1,0,70.0,,deux_roues,,1,1,1,1,6
202200042504,2022-02-23 11:00:00,2022,2,23,11,0,13,13059,Route Departementale 96,43.617002,5.505266,Plein jour,Hors agglomération,Hors intersection,Normale,Deux véhicules - frontale,3,2,2,0,2,3,1,0,1,80,2,2,1,0,1,0,39.0,41.0,utilitaire_camion,voiture,1,1,1,1,1
202200042505,2022-08-21 11:20:00,2022,8,21,11,20,65,65424,D918,42.911334,0.139361,Plein jour,Hors agglomération,Hors intersection,Normale,Deux véhicules - frontale,3,-1,2,0,2,3,1,0,1,80,2,3,2,0,0,1,64.0,39.0,voiture,deux_roues,1,1,1,1,1
202200042506,2022-02-22 12:20:00,2022,2,22,12,20,07,07121,,44.820028,4.019076,Plein jour,Hors agglomération,Hors intersection,Normale,Deux véhicules - frontale,3,2,2,0,1,2,1,0,1,80,2,2,1,0,0,1,21.0,44.0,utilitaire_camion,utilitaire_camion,1,1,1,1,1
202200042507,2022-07-13 07:35:00,2022,7,13,7,35,12,12145,D809,44.026859,3.147647,Plein jour,Hors agglomération,Hors intersection,Normale,Autre collision,3,2,2,0,1,1,1,0,3,90,1,3,2,0,1,0,32.0,,voiture,,1,1,1,1,6
202200042508,2022-06-13 13:57:00,2022,6,13,13,57,54,54077,N4,48.6010365245,6.8437213986,Plein jour,Hors agglomération,Hors intersection,Normale,Deux véhicules - arrière,2,3,4,0,2,1,1,3,1,90,2,2,1,1,0,0,37.0,42.0,utilitaire_camion,utilitaire_camion,1,1,1,1,2
202200042509,2022-08-10 18:30:00,2022,8,10,18,30,79,79302,8 Route du Chambon,46.428231,-0.236319,Plein jour,En agglomération,Hors intersection,Temps éblouissant,Deux véhicules - frontale,4,2,2,0,1,2,1,0,1,50,2,2,1,0,1,0,53.0,52.0,voiture,voiture,1,2,1,7,1
202200042510,2022-07-10 19:46:00,2022,7,10,19,46,46,46050,RD67,44.422333,1.298307,Plein jour,Hors agglomération,Hors intersection,Normale,Sans collision,4,2,2,0,2,4,1,0,8,70,1,2,0,0,1,1,91.0,,voiture,,1,1,1,1,7
202200042511,2022-02-24 09:45:00,2022,2,24,9,45,64,64422,11 rue alfred de vigny,43.190929,-0.610927,Plein jour,En agglomération,Hors intersection,Normale,Autre collision,6,-1,0,0,1,1,1,0,1,30,1,2,1,0,0,1,81.0,,voiture,,1,2,1,1,6
202200042512,2022-06-09 13:55:00,2022,6,9,13,55,72,72054,D323,48.012707,0.317788,Plein jour,Hors agglomération,Intersection en X,Normale,Deux véhicules - arrière,3,3,4,0,1,1,1,0,1,70,2,3,2,0,1,0,63.0,27.0,deux_roues,voiture,1,1,2,1,2
202200042513,2022-08-21 18:25:00,2022,8,21,18,25,50,50099,D 971,49.288173,-1.262344,Plein jour,Hors agglomération,Hors intersection,Normale,Deux véhicules - côté,3,2,2,0,1,1,1,0,1,80,2,3,2,0,0,1,32.0,24.0,voiture,deux_roues,1,1,1,1,3
202200042514,2022-07-11 15:05:00,2022,7,11,15,5,86,86193,Avenue de la Belle-Indienne,46.7335106441,0.7630951703,Plein jour,En agglomération,Intersection en T,Normale,Deux véhicules - frontale,3,-1,2,0,1,2,1,0,1,50,2,2,1,0,1,0,34.0,74.0,voiture,deux_roues,1,2,3,1,1
202200042515,2022-02-19 10:55:00,2022,2,19,10,55,60,60450,D929,49.209891,2.282286,Plein jour,Hors agglomération,Hors intersection,Normale,Trois véhicules et plus - en chaîne,3,2,2,0,1,1,1,0,1,80,3,3,1,0,0,2,77.0,68.0,voiture,voiture,1,1,1,1,4
202200042516,2022-08-20 13:25:00,2022,8,20,13,25,83,83069,A570,43.1158337046,6.1121320724,Plein jour,Hors agglomération,Hors intersection,Normale,Sans collision,1,3,4,0,1,3,1,3,1,90,1,1,0,0,0,1,39.0,,deux_roues,,1,1,1,1,7
202200042517,2022-07-06 14:58:00,2022,7,6,14,58,25,25473,D9,47.172094,5.979137,Plein jour,Hors agglomération,Hors intersection,Normale,Deux véhicules - arrière,3,2,2,0,4,2,1,0,1,80,2,2,1,0,0,1,57.0,19.0,utilitaire_camion,deux_roues,1,1,1,1,2
202200042518,2022-06-05 18:00:00,2022,6,5,18,0,05,05036,N94,44.621174,6.535106,Plein jour,Hors agglomération,Hors intersection,Normale,Trois véhicules et plus - collisions multiples,2,2,2,0,2,1,1,0,1,80,3,6,0,0,4,2,74.0,38.0,voiture,voiture,1,1,1,1,5
202200042519,2022-08-20 05:30:00,2022,8,20,5,30,94,94034,AUTOROUTE A86,48.7610139168,2.3181271677,Nuit avec éclairage allumé,Hors agglomération,Hors intersection,Normale,Autre collision,1,1,2,0,1,1,1,1,1,70,1,1,0,0,0,1,28.0,,voiture,,5,1,1,1,6
202200042520,2022-07-10 10:00:00,2022,7,10,10,0,29,29135,rue du général de gaulle,47.8324378803,-4.1797403097,Plein jour,En agglomération,Giratoire,Normale,Deux véhicules - côté,3,1,2,0,2,3,1,5,1,50,2,2,1,0,0,1,77.0,25.0,voiture,deux_roues,1,2,6,1,3
202200042521,2022-06-10 14:45:00,2022,6,10,14,45,50,50509,Rue 101e Airborn,49.376282,-1.227068,Plein jour,Hors agglomération,Hors intersection,Normale,Autre collision,3,2,2,0,1,2,1,0,3,80,1,1,0,0,1,0,37.0,,deux_roues,,1,1,1,1,6
202200042522,2022-02-23 09:00:00,2022,2,23,9,0,13,13081,A7-Sens Lyon vers Marseille,43.488833,5.240356,Plein jour,Hors agglomération,Hors intersection,Normale,Deux véhicules - arrière,1,1,3,0,1,1,1,0,1,110,3,3,1,0,0,2,34.0,22.0,voiture,voiture,1,1,1,1,2
202200042523,2022-07-12 13:50:00,2022,7,12,13,50,03,03281,Les Genevriers,46.366387,3.132219,Plein jour,Hors agglomération,Intersection en X,Normale,Deux véhicules - côté,3,2,2,0,1,1,1,0,8,90,2,3,1,0,0,2,79.0,19.0,voiture,voiture,1,1,2,1,3
202200042524,2022-06-14 11:20:00,2022,6,14,11,20,18,18197,Avenue du 1er Régiment d Infanterie,46.7274,2.512071,Plein jour,En agglomération,Intersection en X,Normale,Deux véhicules - côté,3,2,2,0,1,1,1,0,1,50,2,2,1,0,1,0,21.0,66.0,deux_roues,utilitaire_camion,1,2,2,1,3
202200042525,2022-07-12 15:45:00,2022,7,12,15,45,15,15263,N 122,45.115223,2.913383,Plein jour,Hors agglomération,Hors intersection,Normale,Sans collision,2,2,2,0,2,1,1,0,8,80,1,1,0,0,1,0,84.0,,voiture,,1,1,1,1,7
202200042526,2022-02-22 23:35:00,2022,2,22,23,35,01,01275,,45.808132,4.929999,Nuit sans éclairage public,Hors agglomération,Hors intersection,Normale,Autre collision,1,3,3,0,1,3,1,3,3,70,1,3,0,0,0,3,24.0,,voiture,,3,1,1,1,6
202200042527,2022-08-19 16:35:00,2022,8,19,16,35,91,91534,RN 118,48.73814,2.17982,Plein jour,Hors agglomération,Hors intersection,Normale,Trois véhicules et plus - en chaîne,2,1,2,0,1,1,1,0,1,110,3,6,3,0,0,3,37.0,33.0,voiture,voiture,1,1,1,1,4
202200042528,2022-07-13 07:20:00,2022,7,13,7,20,01,01058,RD992 - PR 001+700,45.627019,5.637526,Plein jour,Hors agglomération,Hors intersection,Temps éblouissant,Deux véhicules - arrière,3,2,2,0,1,1,1,0,1,80,2,2,1,1,0,0,69.0,42.0,deux_roues,utilitaire_camion,1,1,1,7,2
202200042529,2022-08-19 21:55:00,2022,8,19,21,55,95,95277, A104,48.97476,2.49119,Nuit sans éclairage public,Hors agglomération,Hors intersection,Normale,Autre collision,1,1,1,0,2,3,1,3,1,70,1,1,0,0,0,1,43.0,,voiture,,3,1,1,1,6
202200042530,2022-06-13 16:45:00,2022,6,13,16,45,21,21332,Route de Beaune,47.005184,5.047783,Plein jour,Hors agglomération,Hors intersection,Normale,Trois véhicules et plus - collisions multiples,3,2,2,0,1,1,1,0,1,90,3,5,0,1,4,0,45.0,53.0,utilitaire_camion,voiture,1,1,1,1,5
202200042531,2022-02-23 12:20:00,2022,2,23,12,20,33,33550,,44.778442,-0.554483,Plein jour,Hors agglomération,Hors intersection,Normale,Trois véhicules et plus - en chaîne,1,3,6,0,1,1,1,0,1,90,3,5,4,0,0,1,51.0,40.0,voiture,voiture,1,1,1,1,4
202200042532,2022-07-08 14:50:00,2022,7,8,14,50,70,70058,Rue des Ecoles,47.5027642328,5.6716074049,Plein jour,En agglomération,Intersection en T,Normale,Deux véhicules - côté,3,2,2,0,1,1,1,0,1,50,2,2,1,1,0,0,19.0,16.0,utilitaire_camion,deux_roues,1,2,3,1,3
202200042533,2022-08-19 22:10:00,2022,8,19,22,10,06,06029,PASTEUR (RUE),43.5506,7.02927,Nuit avec éclairage allumé,En agglomération,Hors intersection,Normale,Autre collision,9,2,2,0,1,1,1,0,1,30,1,2,0,0,0,2,50.0,,voiture,,5,2,1,1,6
202200042534,2022-06-12 19:50:00,2022,6,12,19,50,17,17443,CD110-CD205E,46.060541,-1.012722,Plein jour,Hors agglomération,Intersection en T,Normale,Deux véhicules - côté,3,2,2,0,1,1,1,0,1,80,2,2,1,0,1,0,38.0,24.0,deux_roues,voiture,1,1,3,1,3
202200042535,2022-02-23 18:00:00,2022,2,23,18,0,93,93053,AUTOROUTE A3,48.89783,2.46942,Plein jour,Hors agglomération,Hors intersection,Normale,Deux véhicules - arrière,1,3,4,0,1,1,1,0,1,90,2,2,1,0,0,1,34.0,22.0,deux_roues,utilitaire_camion,1,1,1,1,2
202200042536,2022-07-04 08:50:00,2022,7,4,8,50,72,72269,Avenue du Docteur Leroy,47.913546,0.745464,Plein jour,En agglomération,Autre intersection,Normale,Deux véhicules - frontale,3,2,2,0,1,1,1,0,1,50,2,2,1,0,1,0,16.0,85.0,deux_roues,voiture,1,2,9,1,1
202200042537,2022-02-23 10:00:00,2022,2,23,10,0,93,93066,AUTOROUTE A1,48.90278,2.35864,Plein jour,Hors agglomération,Hors intersection,Normale,Deux véhicules - arrière,1,3,5,0,1,1,1,0,1,90,2,2,1,0,0,1,36.0,27.0,voiture,deux_roues,1,1,1,1,2
202200042538,2022-07-11 14:30:00,2022,7,11,14,30,14,14437,D613,49.1572272196,-0.2854835988,Plein jour,Hors agglomération,Giratoire,Normale,Sans collision,3,2,2,0,1,2,1,0,1,50,2,2,1,0,0,1,59.0,50.0,voiture,deux_roues,1,1,6,1,7
202200042539,2022-06-13 18:10:00,2022,6,13,18,10,37,37067,"lieu dit beauregard, D17",47.2690669312,0.3935337067,Plein jour,Hors agglomération,Hors intersection,Normale,Deux véhicules - frontale,3,2,2,0,1,1,1,0,1,80,2,4,1,1,0,2,27.0,36.0,voiture,deux_roues,1,1,1,1,1
202200042540,2022-08-19 15:00:00,2022,8,19,15,0,976,97611,kaweni-Kaweni nord ( Z I ),-12.76254,45.22598,Plein jour,En agglomération,Hors intersection,Normale,Autre collision,2,2,2,0,1,1,1,0,1,50,1,2,0,0,0,2,31.0,,deux_roues,,1,2,1,1,6
202200042541,2022-02-23 08:35:00,2022,2,23,8,35,93,93013,AUTOROUTE A86,48.94041,2.42372,Plein jour,Hors agglomération,Hors intersection,Normale,Deux véhicules - arrière,1,3,6,0,1,1,1,1,1,90,2,2,1,0,0,1,36.0,23.0,voiture,voiture,1,1,1,1,2
202200042542,2022-07-12 22:50:00,2022,7,12,22,50,60,60508,106 Rue Saint Paterne,49.300584,2.620624,Nuit avec éclairage allumé,En agglomération,Hors intersection,Normale,Deux véhicules - côté,3,2,1,0,1,1,1,0,1,50,2,2,1,0,0,1,43.0,18.0,voiture,voiture,5,2,1,1,3
202200042543,2022-06-12 11:30:00,2022,6,12,11,30,37,37015,Route de Chambray,47.338443,0.826617,Plein jour,Hors agglomération,Hors intersection,Normale,Sans collision,4,2,2,0,1,1,9,0,1,80,1,1,0,0,1,0,48.0,,deux_roues,,1,1,1,1,7
202200042544,2022-08-19 07:10:00,2022,8,19,7,10,972,97209,RD 41,14.61328,-61.06468,Plein jour,En agglomération,Hors intersection,Normale,Deux véhicules - arrière,3,1,2,0,2,1,1,0,1,60,2,2,1,0,0,1,47.0,19.0,voiture,voiture,1,2,1,1,2
202200042545,2022-06-13 16:30:00,2022,6,13,16,30,973,97309,1406 A route de Montjoly,4.9216,-52.280594,Plein jour,En agglomération,Hors intersection,Normale,Deux véhicules - côté,3,2,2,0,1,1,1,0,1,-1,2,3,1,0,0,2,51.0,23.0,voiture,deux_roues,1,2,1,1,3
202200042546,2022-02-23 09:30:00,2022,2,23,9,30,95,95028,RN 104,49.0632285949,2.3654723167,Plein jour,Hors agglomération,Hors intersection,Brouillard / fumée,Trois véhicules et plus - en chaîne,2,3,4,0,1,1,1,0,1,110,4,4,3,0,0,1,42.0,34.0,voiture,voiture,1,1,1,5,4
202200042547,2022-07-12 10:05:00,2022,7,12,10,5,64,64216,route de lourdes,43.247493,-0.166093,Plein jour,Hors agglomération,Intersection en X,Normale,Deux véhicules - arrière,3,2,2,0,1,2,1,5,1,80,2,4,3,0,1,0,51.0,49.0,voiture,utilitaire_camion,1,1,2,1,2
202200042548,2022-07-13 11:15:00,2022,7,13,11,15,10,10258,Rue du Haut Dormont,48.38992,4.632738,Plein jour,Hors agglomération,Hors intersection,Normale,Sans collision,3,2,2,0,1,2,9,0,3,80,1,1,0,0,1,0,14.0,,deux_roues,,1,1,1,1,7