accident_id,datetime,annee,mois,jour,heure,minute,departement,commune_insee,adresse,latitude,longitude,luminosite,agglomeration,intersection,meteo,collision,catr,circ,nbv,vosp,prof,plan,surf,infra,situ,vma,nb_vehicules,nb_usagers,nb_indemnes,nb_tues,nb_blesses_hosp,nb_blesses_legers,age_cond_1,age_cond_2,veh_type_cond_1,veh_type_cond_2,lum_code,agg_code,int_code,atm_code,col_code
202200042734,2022-08-19 22:55:00,2022,8,19,22,55,37,37261,ALOUETTE (AVENUE),47.3623593892,0.6958803535,Nuit avec éclairage allumé,En agglomération,Hors intersection,Temps couvert,Autre collision,4,2,4,0,4,3,2,0,1,50,1,5,1,0,0,4,,,voiture,,5,2,1,8,6
202200042735,2022-06-12 01:55:00,2022,6,12,1,55,54,54149,D521,49.43652,5.92575,Nuit sans éclairage public,Hors agglomération,Hors intersection,Normale,Sans collision,3,2,2,0,1,1,1,0,1,80,1,1,0,0,0,1,30.0,,voiture,,3,1,1,1,7
202200042736,2022-07-12 07:00:00,2022,7,12,7,0,93,93005,AUTOROUTE A3,48.9602419884,2.4733228737,Plein jour,Hors agglomération,Hors intersection,Normale,Deux véhicules - côté,1,3,4,0,1,1,1,0,1,90,2,2,1,0,0,1,56.0,23.0,utilitaire_camion,deux_roues,1,1,1,1,3
202200042737,2022-02-22 17:05:00,2022,2,22,17,5,26,26362,MELIES RUE GEORGES (102),44.92593,4.92054,Plein jour,Hors agglomération,Intersection en T,Normale,Autre collision,4,2,3,0,1,1,1,0,1,50,1,3,1,0,1,1,53.0,,voiture,,1,1,3,1,6
202200042738,2022-06-12 12:35:00,2022,6,12,12,35,51,51454,boulevard Saint Marceaux,49.25144,4.04196,Plein jour,En agglomération,Intersection en X,Normale,Sans collision,4,4,4,0,1,1,1,0,1,50,1,4,3,0,0,1,39.0,,voiture,,1,2,2,1,7
202200042739,2022-08-09 16:15:00,2022,8,9,16,15,35,35093,FEART (BOULEVARD),48.6329,-2.05499,Plein jour,En agglomération,Intersection en X,Normale,Autre collision,4,1,1,0,1,1,1,0,1,30,1,3,2,0,1,0,64.0,,voiture,,1,2,2,1,6
202200042740,2022-07-12 00:40:00,2022,7,12,0,40,93,93066,AUTOROUTE A86,48.9227978068,2.3512841912,Nuit sans éclairage public,Hors agglomération,Hors intersection,Normale,Deux véhicules - arrière,1,1,3,0,1,1,1,0,1,70,2,3,0,1,0,2,30.0,21.0,voiture,voiture,3,1,1,1,2
202200042741,2022-07-11 15:00:00,2022,7,11,15,0,95,95241,RN 104,49.05035,2.43132,Plein jour,Hors agglomération,Hors intersection,Normale,Deux véhicules - arrière,2,3,4,0,1,1,1,0,1,110,2,2,1,0,0,1,35.0,47.0,voiture,utilitaire_camion,1,1,1,1,2
202200042742,2022-08-19 16:10:00,2022,8,19,16,10,35,35278,RD 29,48.16082,-1.6931,Plein jour,Hors agglomération,Hors intersection,Pluie légère,Deux véhicules - frontale,7,2,2,0,1,3,2,0,1,80,2,2,0,0,2,0,24.0,64.0,voiture,voiture,1,1,1,2,1
202200042743,2022-06-11 19:38:00,2022,6,11,19,38,51,51454,avenue d'Epernay,49.24084,4.01349,Plein jour,En agglomération,Intersection en X,Normale,Deux véhicules - côté,4,2,4,0,1,1,1,5,1,50,2,3,1,0,0,2,30.0,42.0,voiture,voiture,1,2,2,1,3
202200042744,2022-02-22 21:48:00,2022,2,22,21,48,14,14118,Boulevard Dunois,49.18332,-0.3871,Nuit avec éclairage allumé,En agglomération,Intersection en X,Temps couvert,Deux véhicules - frontale,4,3,4,0,1,1,2,9,1,50,2,2,1,0,0,1,34.0,23.0,voiture,deux_roues,5,2,2,8,1
202200042745,2022-07-11 11:30:00,2022,7,11,11,30,93,93078,AUTOROUTE A104,48.97126,2.49805,Plein jour,Hors agglomération,Hors intersection,Normale,Deux véhicules - côté,1,3,8,0,1,1,1,0,1,90,2,2,1,0,0,1,29.0,61.0,utilitaire_camion,utilitaire_camion,1,1,1,1,3
202200042746,2022-04-16 11:50:00,2022,4,16,11,50,50,50165,COUTANCES (ROUTE DE),48.85385,-1.56505,Plein jour,En agglomération,Giratoire,Normale,Deux véhicules - côté,3,2,2,0,2,2,1,5,1,30,2,2,1,0,0,1,91.0,28.0,voiture,deux_roues,1,2,6,1,3
202200042747,2022-02-22 21:45:00,2022,2,22,21,45,13,13203,NATIONAL (BOULEVARD),43.30783,5.38168,Nuit avec éclairage allumé,En agglomération,Intersection en X,Normale,Deux véhicules - côté,4,1,2,0,2,1,1,0,1,50,2,3,0,0,0,3,20.0,32.0,voiture,voiture,5,2,2,1,3
202200042748,2022-08-18 15:10:00,2022,8,18,15,10,35,35238,STATION DE METRO HENRI FREVILLE (AUX ABO,48.087422,-1.674359,Plein jour,En agglomération,Hors intersection,Normale,Autre collision,4,1,2,2,1,1,1,0,1,50,1,2,1,0,0,1,46.0,,voiture,,1,2,1,1,6
202200042749,2022-07-11 23:00:00,2022,7,11,23,0,95,95680,Boulevard Carnot,49.0051706661,2.3870547116,Nuit avec éclairage non allumé,En agglomération,Intersection en X,Normale,Deux véhicules - frontale,4,2,2,0,1,1,1,5,1,50,2,2,1,0,0,1,43.0,28.0,voiture,deux_roues,4,2,2,1,1
202200042750,2022-02-22 14:40:00,2022,2,22,14,40,13,13206,BERLIOZ (RUE),43.2888,5.383,Plein jour,En agglomération,Intersection en X,Normale,Deux véhicules - côté,4,1,1,0,2,1,1,0,1,50,2,2,0,0,0,2,55.0,33.0,deux_roues,deux_roues,1,2,2,1,3
202200042751,2022-07-09 20:35:00,2022,7,9,20,35,92,92025,PDT S.ALLENDE 2   88 (RUE DU),48.922076809,2.2424055934,Plein jour,En agglomération,Hors intersection,Normale,Deux véhicules - côté,4,2,2,0,2,1,1,0,1,30,2,2,1,0,0,1,25.0,63.0,voiture,deux_roues,1,2,1,1,3
202200042752,2022-06-12 23:00:00,2022,6,12,23,0,37,37261,FRANCE (PLACE ANATOLE),47.3965771648,0.6856021285,Nuit avec éclairage non allumé,En agglomération,Hors intersection,Normale,Deux véhicules - arrière,4,2,4,0,1,1,1,0,1,30,2,2,1,0,0,1,57.0,74.0,transport_commun,voiture,4,2,1,1,2
202200042753,2022-08-18 08:20:00,2022,8,18,8,20,31,31555,RUE DU PONT SAINT PIERRE,43.598863,1.432418,Plein jour,En agglomération,Intersection en X,Normale,Deux véhicules - côté,4,2,2,0,1,1,1,0,1,20,2,2,1,0,1,0,43.0,24.0,voiture,deux_roues,1,2,2,1,3
202200042754,2022-02-21 08:45:00,2022,2,21,8,45,13,13209,CATHERINE BLUM (BOULEVARD),43.2677050842,5.4204565816,Plein jour,En agglomération,Intersection en X,Normale,Deux véhicules - côté,4,3,8,3,1,1,1,5,1,50,2,2,0,0,0,2,61.0,19.0,voiture,voiture,1,2,2,1,3
202200042755,2022-07-10 23:55:00,2022,7,10,23,55,92,92078,VERDUN (AVENUE) (PAIRS 92 ET PLUS),48.935152041,2.3276837468,Nuit avec éclairage allumé,En agglomération,Hors intersection,Normale,Deux véhicules - côté,3,1,1,1,1,1,1,9,5,50,2,3,2,0,0,1,21.0,29.0,voiture,deux_roues,5,2,1,1,3
202200042756,2022-06-12 18:30:00,2022,6,12,18,30,37,37261,INDY (RUE VINCENT D'),47.3676251777,0.7053505629,Plein jour,En agglomération,Hors intersection,Normale,Autre collision,4,2,1,0,1,1,1,9,1,30,1,2,1,0,0,1,,,voiture,,1,2,1,1,6
202200042757,2022-07-09 19:20:00,2022,7,9,19,20,69,69387,Avenue Berthelot,45.7424677875,4.8507560678,Plein jour,En agglomération,Intersection en X,Normale,Deux véhicules - côté,4,1,2,3,1,1,1,0,1,50,2,2,1,0,0,1,42.0,57.0,voiture,deux_roues,1,2,2,1,3
202200042758,2022-06-12 03:50:00,2022,6,12,3,50,35,35055,N136,48.0975964223,-1.6170796752,Nuit sans éclairage public,Hors agglomération,Hors intersection,Normale,Deux véhicules - arrière,2,3,4,0,1,1,1,0,1,90,2,3,1,0,0,2,41.0,23.0,voiture,voiture,3,1,1,1,2
202200042759,2022-08-17 18:00:00,2022,8,17,18,0,25,25462,BERLIOZ (DU 0 AU 24),46.910918,6.352285,Plein jour,En agglomération,Intersection en X,Pluie légère,Deux véhicules - côté,4,2,2,0,2,1,2,0,1,50,2,2,1,0,1,0,21.0,46.0,voiture,deux_roues,1,2,2,2,3
202200042760,2022-02-22 12:50:00,2022,2,22,12,50,06,06029,PERIER (LE CANNET),43.56636,6.992,Plein jour,En agglomération,Hors intersection,Normale,Deux véhicules - arrière,4,3,4,2,2,1,1,0,1,50,2,2,1,0,0,1,30.0,61.0,voiture,utilitaire_camion,1,2,1,1,2
202200042761,2022-07-09 20:00:00,2022,7,9,20,0,93,93001,95 Rue Henri Barbusse / Rue de Presles,48.9087287039,2.3905496299,Plein jour,En agglomération,Intersection en X,Normale,Autre collision,3,1,1,0,1,1,1,0,1,50,1,2,1,0,0,1,33.0,,voiture,,1,2,2,1,6
202200042762,2022-06-12 15:15:00,2022,6,12,15,15,31,31555,18 MONTAUDRAN (PERIPH EST A61),43.57279,1.49453,Plein jour,En agglomération,Hors intersection,Normale,Deux véhicules - arrière,1,1,4,0,2,1,1,0,1,50,2,2,1,0,0,1,24.0,76.0,deux_roues,voiture,1,2,1,1,2
202200042763,2022-02-22 09:00:00,2022,2,22,9,0,06,06027,NICE AVENUE DE (RN7),43.65958,7.16961,Plein jour,En agglomération,Intersection en X,Normale,Deux véhicules - côté,7,4,3,0,1,1,1,5,1,50,2,2,1,0,0,1,59.0,20.0,voiture,deux_roues,1,2,2,1,3
202200042764,2022-07-09 04:15:00,2022,7,9,4,15,77,77372,A104,48.8816268717,2.667785053,Nuit sans éclairage public,Hors agglomération,Hors intersection,Normale,Autre collision,1,1,4,0,1,1,1,3,1,90,2,3,1,0,0,2,23.0,35.0,voiture,utilitaire_camion,3,1,1,1,6
202200042765,2022-06-12 03:45:00,2022,6,12,3,45,31,31555,BD DE STRASBOURG,43.6086,1.44574,Nuit avec éclairage allumé,En agglomération,Intersection en T,Normale,Deux véhicules - côté,4,2,2,0,1,1,1,0,1,50,2,2,1,0,0,1,29.0,27.0,deux_roues,voiture,5,2,3,1,3
202200042766,2022-07-08 10:00:00,2022,7,8,10,0,57,57227,,49.1896251464,6.8818670511,Plein jour,En agglomération,Hors intersection,Temps éblouissant,Autre collision,3,2,1,0,1,1,1,0,1,50,1,2,1,0,0,1,58.0,,voiture,,1,2,1,7,6
202200042767,2022-08-17 04:35:00,2022,8,17,4,35,13,13214,SAINTE MARTHE (chemin),43.31806,5.39025,Nuit avec éclairage allumé,En agglomération,Autre intersection,Pluie forte,Trois véhicules et plus - collisions multiples,4,2,2,0,1,1,4,9,1,50,3,3,2,0,1,0,36.0,26.0,utilitaire_camion,voiture,5,2,9,3,5
202200042768,2022-02-21 15:23:00,2022,2,21,15,23,05,05061,PROVENCE (AVENUE DE),44.53892,6.05512,Plein jour,En agglomération,Hors intersection,Neige / grêle,Trois véhicules et plus - en chaîne,2,2,2,0,2,1,2,0,1,50,3,3,1,0,0,2,45.0,38.0,utilitaire_camion,voiture,1,2,1,4,4
202200042769,2022-07-07 11:30:00,2022,7,7,11,30,75,75120,RUE DE BELLEVILLE,48.874513,2.386577,Plein jour,En agglomération,Hors intersection,Normale,Autre collision,4,2,1,3,2,1,1,0,1,30,1,2,1,0,0,1,,,voiture,,1,2,1,1,6
202200042770,2022-02-17 17:42:00,2022,2,17,17,42,03,03310,Rue Jean Jaurès,46.13148,3.42348,Plein jour,En agglomération,Hors intersection,Normale,Autre collision,4,2,2,0,1,1,1,0,1,50,1,2,1,0,1,0,24.0,,voiture,,1,2,1,1,6
202200042771,2022-06-12 05:20:00,2022,6,12,5,20,31,31483,D 9  ROUTE DE LA SERRE DE NEROUS,43.13653,0.69861,Nuit sans éclairage public,Hors agglomération,Hors intersection,Normale,Sans collision,3,-1,0,0,4,4,1,0,3,80,1,4,0,0,0,4,20.0,,voiture,,3,1,1,1,7
202200042772,2022-08-19 07:10:00,2022,8,19,7,10,13,13206,DRAGON (RUE),43.28798,5.37907,Crépuscule ou aube,En agglomération,Intersection en X,Normale,Deux véhicules - côté,4,1,1,0,1,1,1,0,1,50,2,2,1,0,0,1,46.0,,deux_roues,voiture,2,2,2,1,3
202200042773,2022-07-07 13:18:00,2022,7,7,13,18,2B,2B033,AV DE LA LIBERATION,42.6821995451,9.4441701835,Plein jour,En agglomération,Autre intersection,Normale,Deux véhicules - côté,4,2,2,0,1,1,1,0,1,50,2,2,1,0,0,1,21.0,19.0,voiture,deux_roues,1,2,9,1,3
202200042774,2022-02-22 16:55:00,2022,2,22,16,55,75,75116,BD PERIPHERIQUE INTERIEUR,48.846575,2.254875,Plein jour,En agglomération,Hors intersection,Normale,Deux véhicules - côté,4,1,4,0,1,1,1,1,1,70,2,2,1,0,0,1,83.0,24.0,deux_roues,voiture,1,2,1,1,3
202200042775,2022-06-12 10:30:00,2022,6,12,10,30,25,25056,DOLE RUE DE (sup 200),47.22062,5.95689,Plein jour,En agglomération,Hors intersection,Normale,Deux véhicules - frontale,3,1,2,2,1,2,1,2,1,50,2,2,0,0,1,1,23.0,83.0,voiture,voiture,1,2,1,1,1
202200042776,2022-06-12 07:00:00,2022,6,12,7,0,22,22360,RN12,48.485994,-2.715641,Plein jour,Hors agglomération,Hors intersection,Normale,Sans collision,2,3,4,0,1,1,1,0,1,90,1,1,0,0,0,1,20.0,,voiture,,1,1,1,1,7
202200042777,2022-07-07 18:43:00,2022,7,7,18,43,81,81004,SAVARY (HIPPOLYTE),43.92542,2.14737,Plein jour,En agglomération,Place,Normale,Deux véhicules - arrière,4,2,2,0,1,1,1,5,8,50,2,2,1,0,0,1,46.0,62.0,utilitaire_camion,deux_roues,1,2,7,1,2
202200042778,2022-08-19 12:50:00,2022,8,19,12,50,10,10357,ROCADE EST (RD 610),48.2908,4.1396,Plein jour,Hors agglomération,Hors intersection,Normale,Deux véhicules - arrière,3,2,2,0,1,1,1,0,1,90,2,4,1,0,0,3,31.0,36.0,voiture,voiture,1,1,1,1,2
202200042779,2022-02-22 07:30:00,2022,2,22,7,30,75,75112,BD PERIPHERIQUE INTERIEUR,48.842254,2.413632,Plein jour,En agglomération,Hors intersection,Normale,Deux véhicules - arrière,4,1,4,0,1,1,1,0,1,70,2,2,1,0,0,1,57.0,21.0,voiture,deux_roues,1,2,1,1,2
202200042780,2022-07-07 17:13:00,2022,7,7,17,13,77,77296,AV RENE CASSIN,48.628758,2.567668,Plein jour,Hors agglomération,Autre intersection,Normale,Autre collision,9,2,2,3,1,1,1,9,1,30,1,2,1,0,1,0,42.0,,transport_commun,,1,1,9,1,6
202200042781,2022-06-12 18:50:00,2022,6,12,18,50,13,13117,GLACIERE (RUE DE LA ),43.4232270819,5.2410753071,Plein jour,En agglomération,Intersection en X,Normale,Deux véhicules - côté,7,1,1,0,1,1,1,0,1,80,2,2,1,0,1,0,45.0,22.0,voiture,deux_roues,1,2,2,1,3
202200042782,2022-08-19 10:35:00,2022,8,19,10,35,07,07281,,44.936118,4.82693,Plein jour,Hors agglomération,Hors intersection,Pluie légère,Sans collision,3,2,1,0,2,2,2,0,1,80,1,2,1,0,0,1,60.0,,voiture,,1,1,1,2,7
202200042783,2022-02-21 20:15:00,2022,2,21,20,15,75,75113,PORTE D IVRY,48.821086,2.377998,Nuit avec éclairage allumé,En agglomération,Hors intersection,Pluie légère,Deux véhicules - arrière,4,1,4,0,1,1,2,0,1,70,2,2,1,0,0,1,31.0,31.0,deux_roues,voiture,5,2,1,2,2
202200042784,2022-07-07 13:40:00,2022,7,7,13,40,69,69264,Boulevard Burdeau,45.99605,4.72526,Plein jour,En agglomération,Giratoire,Normale,Autre collision,3,2,2,0,1,1,1,0,1,50,1,2,1,0,0,1,20.0,,voiture,,1,2,6,1,6
202200042785,2022-06-12 15:45:00,2022,6,12,15,45,13,13209,COL DE LA GINESTE D559,43.2496877683,5.4453619259,Plein jour,Hors agglomération,Hors intersection,Normale,Deux véhicules - frontale,7,2,2,0,2,4,1,0,1,70,2,2,0,0,1,1,54.0,47.0,deux_roues,voiture,1,1,1,1,1
202200042786,2022-08-19 18:32:00,2022,8,19,18,32,06,06088,ANGLAIS (A PARTIR DU N° 351),43.66624,7.21109,Plein jour,En agglomération,Hors intersection,Normale,Deux véhicules - côté,4,1,3,0,1,1,1,0,1,50,2,2,0,0,1,1,27.0,23.0,voiture,deux_roues,1,2,1,1,3
202200042787,2022-02-21 19:55:00,2022,2,21,19,55,75,75116,PORTE DAUPHINE,48.870483,2.272529,Nuit sans éclairage public,En agglomération,Hors intersection,Pluie légère,Deux véhicules - arrière,4,1,4,0,1,1,2,0,1,70,2,2,1,0,0,1,41.0,37.0,voiture,deux_roues,3,2,1,2,2
202200042788,2022-07-07 08:15:00,2022,7,7,8,15,42,42044,Rue du Colonel Marey,45.39512,4.3236,Plein jour,En agglomération,Autre intersection,Temps éblouissant,Autre collision,7,1,1,0,1,1,1,0,1,50,1,3,1,0,0,2,35.0,,utilitaire_camion,,1,2,9,7,6
202200042789,2022-08-16 14:18:00,2022,8,16,14,18,06,06088,DIGUE DES FRANCAIS (TRAV. DE LA),43.6765,7.20031,Plein jour,En agglomération,Hors intersection,Normale,Autre collision,7,1,3,0,1,1,1,0,1,50,1,2,1,0,1,0,43.0,,voiture,,1,2,1,1,6
202200042790,2022-06-11 11:40:00,2022,6,11,11,40,13,13203,PEYSSONNEL (RUE),43.3091298639,5.3717649355,Plein jour,En agglomération,Intersection en X,Normale,Deux véhicules - côté,4,1,1,0,1,1,1,0,1,50,2,2,1,0,0,1,47.0,42.0,deux_roues,voiture,1,2,2,1,3
202200042791,2022-02-22 10:30:00,2022,2,22,10,30,75,75120,BD PERIPHERIQUE EXTERIEUR,48.8769068867,2.4093908072,Plein jour,En agglomération,Hors intersection,Normale,Deux véhicules - côté,4,1,4,0,1,1,1,1,1,70,2,2,1,0,1,0,58.0,23.0,voiture,deux_roues,1,2,1,1,3
202200042792,2022-06-07 09:45:00,2022,6,7,9,45,13,13005,PASSONS (CHEMIN DES ),43.29457,5.58201,Plein jour,En agglomération,Hors intersection,Normale,Sans collision,5,2,2,0,1,1,1,0,1,30,1,1,0,0,1,0,40.0,,utilitaire_camion,,1,2,1,1,7
202200042793,2022-02-22 14:00:00,2022,2,22,14,0,75,75118,RUE DES MARTYRS,48.884669,2.339768,Plein jour,En agglomération,Intersection en T,Pluie légère,Autre collision,4,2,2,0,2,1,2,0,1,30,1,2,1,0,0,1,56.0,,voiture,,1,2,3,2,6
202200042794,2022-07-07 11:30:00,2022,7,7,11,30,75,75109,RUE DE LA CHAUSSEE D ANTIN,48.872949,2.333244,Plein jour,En agglomération,Intersection à plus de 4 branches,Normale,Autre collision,4,1,2,3,1,1,1,0,1,50,1,2,1,0,0,1,29.0,,utilitaire_camion,,1,2,5,1,6
202200042795,2022-08-18 00:55:00,2022,8,18,0,55,75,75117,PORTE DE CHAMPERRET,48.885809,2.288302,Nuit avec éclairage allumé,En agglomération,Hors intersection,Normale,Trois véhicules et plus - en chaîne,4,1,4,3,1,1,1,0,1,70,3,4,2,0,0,2,20.0,36.0,voiture,utilitaire_camion,5,2,1,1,4
202200042796,2022-06-11 23:45:00,2022,6,11,23,45,09,09013,20 (R.N.) COTE NORD DU TUNNEL,42.97754,1.62241,Nuit sans éclairage public,Hors agglomération,Hors intersection,Normale,Deux véhicules - frontale,2,2,2,0,1,4,1,8,1,70,2,5,0,0,1,4,52.0,25.0,voiture,voiture,3,1,1,1,1
202200042797,2022-02-22 10:30:00,2022,2,22,10,30,75,75118,BOULEVARD BARBES,48.8888038696,2.3495815694,Plein jour,En agglomération,Hors intersection,Pluie légère,Deux véhicules - côté,4,2,4,1,1,1,2,-1,5,30,2,2,1,0,0,1,35.0,29.0,deux_roues,utilitaire_camion,1,2,1,2,3
202200042798,2022-08-19 19:15:00,2022,8,19,19,15,75,75112,AVENUE DAUMESNIL,48.846813,2.376358,Crépuscule ou aube,En agglomération,Hors intersection,Pluie légère,Deux véhicules - côté,4,1,3,3,1,1,2,-1,6,30,2,2,1,0,0,1,29.0,38.0,deux_roues,utilitaire_camion,2,2,1,2,3
202200042799,2022-02-22 15:20:00,2022,2,22,15,20,75,75116,BOULEVARD EXELMANS,48.8448829836,2.2585433722,Plein jour,En agglomération,Hors intersection,Normale,Deux véhicules - côté,4,3,3,1,1,1,1,-1,5,30,2,2,1,0,0,1,51.0,,deux_roues,deux_roues,1,2,1,1,3
202200042800,2022-07-06 15:15:00,2022,7,6,15,15,81,81065,DE GAULLE RD 612 (AV. CHARLES),43.601437,2.252088,Plein jour,En agglomération,Intersection en T,Normale,Deux véhicules - côté,3,2,1,0,1,1,1,0,1,50,2,4,0,0,0,4,25.0,20.0,voiture,voiture,1,2,3,1,3
202200042801,2022-06-12 01:05:00,2022,6,12,1,5,08,08409,GOULDEN (PLACE),49.701886,4.944233,Nuit avec éclairage allumé,En agglomération,Giratoire,Normale,Autre collision,4,1,1,0,1,3,1,9,1,30,1,2,1,0,0,1,,,voiture,,5,2,6,1,6
202200042802,2022-02-22 05:00:00,2022,2,22,5,0,75,75113,AVENUE DE LA PORTE D IVRY,48.8194370166,2.373470664,Nuit avec éclairage allumé,En agglomération,Intersection en Y,Normale,Autre collision,4,2,4,0,1,1,1,0,1,30,1,2,1,0,0,1,,,deux_roues,,5,2,4,1,6
202200042803,2022-08-19 10:02:00,2022,8,19,10,2,75,75108,PLACE DE LA CONCORDE,48.865856,2.319882,Plein jour,En agglomération,Intersection en X,Normale,Deux véhicules - côté,4,2,2,0,1,1,1,8,1,50,2,2,1,0,0,1,32.0,47.0,deux_roues,voiture,1,2,2,1,3
202200042804,2022-07-06 08:50:00,2022,7,6,8,50,33,33009,STE MARIE (AVE),44.66181,-1.18534,Plein jour,En agglomération,Intersection en X,Normale,Autre collision,4,2,2,0,1,1,1,0,1,50,1,2,1,0,0,1,38.0,,voiture,,1,2,2,1,6
202200042805,2022-06-12 19:15:00,2022,6,12,19,15,07,07116,RN 102,44.643467,4.36903,Plein jour,En agglomération,Intersection en T,Temps couvert,Deux véhicules - côté,2,2,2,0,1,1,1,5,1,50,2,2,1,0,0,1,22.0,17.0,utilitaire_camion,deux_roues,1,2,3,8,3
202200042806,2022-02-21 06:10:00,2022,2,21,6,10,75,75113,RUE DE TOLBIAC,48.82587,2.35259,Nuit avec éclairage allumé,En agglomération,Intersection en T,Pluie légère,Deux véhicules - côté,4,2,2,0,1,1,2,0,1,30,2,3,2,0,0,1,33.0,59.0,voiture,voiture,5,2,3,2,3
202200042807,2022-07-06 09:30:00,2022,7,6,9,30,92,92023,PRESIDENT ROOSEVELT (RUE DU) N°1 A 45,48.804165014,2.2579778284,Plein jour,En agglomération,Hors intersection,Normale,Deux véhicules - côté,3,2,3,3,1,2,1,0,1,30,2,2,1,0,0,1,38.0,25.0,deux_roues,utilitaire_camion,1,2,1,1,3
202200042808,2022-08-19 22:32:00,2022,8,19,22,32,75,75107,PLACE DE LA RESISTANCE,48.862457,2.301944,Nuit avec éclairage allumé,En agglomération,Intersection à plus de 4 branches,Normale,Deux véhicules - côté,4,-1,2,0,1,1,1,0,1,30,2,3,2,0,0,1,37.0,24.0,voiture,deux_roues,5,2,5,1,3
202200042809,2022-06-11 11:27:00,2022,6,11,11,27,04,04112,Place du Terreau,43.8325042447,5.7814411819,Plein jour,En agglomération,Hors intersection,Normale,Sans collision,4,1,1,0,2,2,1,9,8,30,1,1,0,0,0,1,78.0,,voiture,,1,2,1,1,7
202200042810,2022-02-22 17:10:00,2022,2,22,17,10,75,75110,BOULEVARD DE MAGENTA,48.880496,2.352313,Plein jour,En agglomération,Intersection à plus de 4 branches,Normale,Deux véhicules - frontale,4,2,4,0,1,1,1,0,1,30,2,3,2,0,0,1,38.0,24.0,voiture,voiture,1,2,5,1,1
202200042811,2022-08-18 18:50:00,2022,8,18,18,50,75,75107,PORT DES INVALIDES,48.863128,2.314121,Plein jour,En agglomération,Hors intersection,Normale,Autre collision,4,2,1,1,1,1,1,6,5,20,1,2,1,0,0,1,30.0,,deux_roues,,1,2,1,1,6
202200042812,2022-06-03 16:20:00,2022,6,3,16,20,04,04070,RN 85,44.0680489599,6.2085333467,Plein jour,Hors agglomération,Hors intersection,Normale,Deux véhicules - frontale,2,2,2,0,1,1,1,0,1,80,2,2,0,0,0,2,25.0,65.0,voiture,voiture,1,1,1,1,1
202200042813,2022-02-22 09:55:00,2022,2,22,9,55,75,75110,RUE DU FAUBOURG SAINT MARTIN,48.8800979193,2.363923341,Plein jour,En agglomération,Hors intersection,Pluie légère,Deux véhicules - arrière,4,2,2,0,1,1,2,0,1,30,2,2,1,0,0,1,37.0,34.0,deux_roues,deux_roues,1,2,1,2,2
202200042814,2022-08-18 16:00:00,2022,8,18,16,0,75,75107,ESPLANADE HABIB BOURGUIBA,48.862656,2.303449,Plein jour,En agglomération,Hors intersection,Normale,Sans collision,4,2,1,0,2,1,1,6,1,25,1,1,0,0,0,1,13.0,,deux_roues,,1,2,1,1,7
202200042815,2022-08-19 18:15:00,2022,8,19,18,15,75,75103,RUE BERANGER,48.866624,2.363356,Plein jour,En agglomération,Hors intersection,Normale,Sans collision,4,1,2,2,2,1,1,0,1,30,1,1,0,0,0,1,23.0,,deux_roues,,1,2,1,1,7
202200042816,2022-06-12 08:10:00,2022,6,12,8,10,01,01451,POLLIAT (ROUTE DE ) IMPAIR,46.235736,5.183497,Plein jour,Hors agglomération,Intersection en X,Normale,Deux véhicules - arrière,3,2,2,0,1,1,1,0,1,80,2,2,1,0,0,1,23.0,24.0,voiture,voiture,1,1,2,1,2
202200042817,2022-02-21 13:00:00,2022,2,21,13,0,75,75108,BOULEVARD MALESHERBES,48.869759,2.323456,Plein jour,En agglomération,Place,Normale,Deux véhicules - côté,4,2,6,3,1,1,2,0,1,30,2,2,1,0,0,1,45.0,38.0,voiture,deux_roues,1,2,7,1,3
202200042818,2022-08-19 11:00:00,2022,8,19,11,0,75,75104,RUE SAINT ANTOINE,48.853537,2.366541,Plein jour,En agglomération,Intersection en T,Normale,Deux véhicules - côté,4,2,4,1,1,1,1,-1,5,30,2,2,1,0,0,1,30.0,47.0,deux_roues,voiture,1,2,3,1,3
202200042819,2022-02-22 21:05:00,2022,2,22,21,5,94,94081,Avenue Guy Môquet,48.79014,2.39719,Nuit avec éclairage allumé,En agglomération,Intersection en X,Pluie légère,Deux véhicules - côté,4,1,2,0,1,1,2,0,1,50,2,2,1,0,0,1,27.0,22.0,deux_roues,voiture,5,2,2,2,3
202200042820,2022-06-12 15:10:00,2022,6,12,15,10,75,75116,ECHANGEUR MUETTE,48.863558,2.265761,Plein jour,En agglomération,Hors intersection,Normale,Deux véhicules - côté,4,1,4,0,1,1,1,1,1,70,2,2,1,0,0,1,54.0,,deux_roues,voiture,1,2,1,1,3
202200042821,2022-02-22 17:25:00,2022,2,22,17,25,94,94081,Avenue Rouget de Lisle,48.78265,2.39389,Plein jour,En agglomération,Intersection en T,Normale,Deux véhicules - côté,3,2,8,1,1,1,1,0,1,50,2,2,1,0,0,1,35.0,46.0,voiture,deux_roues,1,2,3,1,3
202200042822,2022-08-19 01:55:00,2022,8,19,1,55,75,75104,QUAI HENRI IV,48.850819,2.361431,Nuit avec éclairage allumé,En agglomération,Intersection en X,Normale,Deux véhicules - côté,4,1,3,0,1,1,1,0,1,50,2,2,1,0,0,1,32.0,32.0,voiture,deux_roues,5,2,2,1,3
202200042823,2022-06-11 05:45:00,2022,6,11,5,45,75,75113,PORTE D ITALIE,48.816224,2.363941,Crépuscule ou aube,En agglomération,Hors intersection,Normale,Deux véhicules - côté,4,1,3,0,1,1,1,0,1,70,2,3,0,0,0,3,35.0,56.0,utilitaire_camion,utilitaire_camion,2,2,1,1,3
202200042824,2022-02-22 21:00:00,2022,2,22,21,0,94,94003,37 Av du President Salvador Allende,48.810371,2.329075,Nuit avec éclairage allumé,En agglomération,Hors intersection,Pluie légère,Deux véhicules - frontale,3,1,2,0,1,1,2,0,1,50,2,2,1,0,0,1,20.0,26.0,deux_roues,deux_roues,5,2,1,2,1