accident_id,datetime,annee,mois,jour,heure,minute,departement,commune_insee,adresse,latitude,longitude,luminosite,agglomeration,intersection,meteo,collision,catr,circ,nbv,vosp,prof,plan,surf,infra,situ,vma,nb_vehicules,nb_usagers,nb_indemnes,nb_tues,nb_blesses_hosp,nb_blesses_legers,age_cond_1,age_cond_2,veh_type_cond_1,veh_type_cond_2,lum_code,agg_code,int_code,atm_code,col_code
202200042825,2022-07-23 20:15:00,2022,7,23,20,15,94,94028,Rue Amédéo Modigliani / Avenue des Compagnons de la Libération,48.77786,2.46033,Plein jour,En agglomération,Intersection en X,Normale,Deux véhicules - côté,4,1,2,0,1,1,1,0,1,50,2,2,1,0,0,1,21.0,,deux_roues,voiture,1,2,2,1,3
202200042826,2022-02-17 18:30:00,2022,2,17,18,30,94,94076,Avenue de Paris,48.8071,2.36292,Nuit avec éclairage allumé,En agglomération,Autre intersection,Pluie légère,Deux véhicules - côté,3,2,4,1,1,1,2,0,5,50,2,2,1,0,0,1,25.0,27.0,voiture,deux_roues,5,2,9,2,3
202200042827,2022-06-11 04:25:00,2022,6,11,4,25,75,75118,PORTE DE CLIGNANCOURT,48.900818,2.34029,Nuit avec éclairage allumé,En agglomération,Intersection en Y,Normale,Trois véhicules et plus - en chaîne,4,1,4,0,1,1,1,0,1,70,3,3,2,0,0,1,25.0,29.0,voiture,voiture,5,2,4,1,4
202200042828,2022-08-19 17:20:00,2022,8,19,17,20,94,94017,Avenue Maurice Thorez,48.8159347826,2.5384654105,Plein jour,En agglomération,Autre intersection,Normale,Autre collision,3,2,2,0,1,1,2,0,1,50,1,2,1,0,0,1,44.0,,deux_roues,,1,2,9,1,6
202200042829,2022-02-22 07:30:00,2022,2,22,7,30,94,94022,Boulevard de Stalingrad / A86,48.77283,2.40008,Crépuscule ou aube,En agglomération,Intersection en X,Temps couvert,Deux véhicules - côté,1,1,2,0,2,1,1,3,1,50,2,3,2,0,0,1,32.0,26.0,voiture,utilitaire_camion,2,2,2,8,3
202200042830,2022-06-10 08:00:00,2022,6,10,8,0,75,75119,PORTE DES LILAS,48.880749,2.405164,Plein jour,En agglomération,Hors intersection,Normale,Sans collision,4,1,4,0,1,1,1,0,1,70,1,1,0,0,0,1,23.0,,deux_roues,,1,2,1,1,7
202200042831,2022-08-19 20:35:00,2022,8,19,20,35,93,93078,Boulevard Robert Ballanger,48.95257,2.53003,Nuit avec éclairage allumé,En agglomération,Hors intersection,Pluie légère,Deux véhicules - côté,3,2,2,0,1,1,2,0,1,50,2,2,1,0,0,1,48.0,,deux_roues,voiture,5,2,1,2,3
202200042832,2022-06-12 21:35:00,2022,6,12,21,35,75,75119,AVENUE SECRETAN,48.88058,2.374774,Plein jour,En agglomération,Hors intersection,Normale,Autre collision,4,1,1,0,4,1,1,0,1,30,1,2,1,0,0,1,26.0,,deux_roues,,1,2,1,1,6
202200042833,2022-02-22 08:05:00,2022,2,22,8,5,94,94071,Rue de Villeneuve / Avenue Albert Perrault,48.76796,2.50839,Plein jour,En agglomération,Intersection en X,Normale,Deux véhicules - arrière,3,2,2,0,1,1,1,0,1,50,2,2,1,0,0,1,53.0,29.0,voiture,deux_roues,1,2,2,1,2
202200042834,2022-06-12 20:30:00,2022,6,12,20,30,75,75119,RUE GASTON TESSIER,48.896194,2.375062,Plein jour,En agglomération,Hors intersection,Normale,Deux véhicules - côté,4,2,2,0,1,1,1,0,1,30,2,2,1,0,0,1,,23.0,voiture,deux_roues,1,2,1,1,3
202200042835,2022-02-22 17:45:00,2022,2,22,17,45,93,93070,DOCTEUR BAUER(RUE DU) :N°  75 AU 129,48.908830838,2.3395227608,Plein jour,En agglomération,Autre intersection,Temps couvert,Deux véhicules - côté,3,2,1,0,1,1,1,0,1,50,2,2,1,0,0,1,59.0,24.0,deux_roues,voiture,1,2,9,8,3
202200042836,2022-08-19 12:20:00,2022,8,19,12,20,93,93077,Grande Rue / Rue de Neuilly,48.88285,2.51429,Plein jour,En agglomération,Intersection en X,Normale,Deux véhicules - côté,3,2,2,0,1,1,1,0,1,50,2,2,1,0,1,0,58.0,24.0,voiture,deux_roues,1,2,2,1,3
202200042837,2022-06-12 17:00:00,2022,6,12,17,0,75,75113,AVENUE D IVRY,48.823741,2.364899,Plein jour,En agglomération,Hors intersection,Normale,Deux véhicules - arrière,4,1,3,0,1,1,1,0,1,30,2,2,1,0,0,1,29.0,,voiture,utilitaire_camion,1,2,1,1,2
202200042838,2022-02-23 00:05:00,2022,2,23,0,5,93,93066,"""PERI GABRIEL, NR 2  A 114 ET 1 A 133""",48.9394393769,2.3565034002,Nuit sans éclairage public,En agglomération,Hors intersection,Pluie légère,Autre collision,4,1,1,0,1,1,2,0,1,50,1,2,0,0,0,2,35.0,,deux_roues,,3,2,1,2,6
202200042839,2022-02-11 18:45:00,2022,2,11,18,45,93,93039,THOREZ MAURICE,48.9421559352,2.335935249,Nuit avec éclairage allumé,En agglomération,Hors intersection,Normale,Autre collision,4,2,1,0,1,1,1,0,1,50,1,1,0,0,0,1,66.0,,voiture,,5,2,1,1,6
202200042840,2022-06-12 10:40:00,2022,6,12,10,40,75,75109,PLACE DIAGHILEV,48.8730411545,2.3310783505,Plein jour,En agglomération,Place,Normale,Deux véhicules - côté,4,-1,3,0,1,2,1,0,1,30,2,2,1,0,0,1,23.0,32.0,deux_roues,utilitaire_camion,1,2,7,1,3
202200042841,2022-08-19 14:35:00,2022,8,19,14,35,93,93055,Avenue de la Division Leclerc / Rue Racine,48.9109,2.41367,Plein jour,En agglomération,Intersection en T,Temps couvert,Autre collision,3,2,2,0,1,1,1,0,1,30,1,2,1,0,0,1,40.0,,deux_roues,,1,2,3,8,6
202200042842,2022-02-22 10:00:00,2022,2,22,10,0,93,93055,Avenue Jean Lolive,48.8943929456,2.4194614292,Plein jour,En agglomération,Hors intersection,Normale,Deux véhicules - côté,3,2,3,0,1,1,1,0,1,50,2,2,1,0,0,1,35.0,32.0,deux_roues,voiture,1,2,1,1,3
202200042843,2022-02-22 12:50:00,2022,2,22,12,50,93,93055,JEAN LOLIVE (AVENUE)(1/55 2/60),48.8903957135,2.3994354305,Plein jour,En agglomération,Hors intersection,Pluie légère,Autre collision,3,2,2,3,1,1,2,9,1,50,1,2,1,0,1,0,39.0,,deux_roues,,1,2,1,2,6
202200042844,2022-06-12 00:01:00,2022,6,12,0,1,75,75109,BOULEVARD HAUSSMANN,48.872242,2.338313,Nuit avec éclairage allumé,En agglomération,Intersection en X,Normale,Deux véhicules - côté,4,1,3,0,1,1,1,0,1,30,2,3,2,0,0,1,49.0,21.0,voiture,deux_roues,5,2,2,1,3
202200042845,2022-08-19 17:20:00,2022,8,19,17,20,93,93033,Avenue du Maréchal Joffre,48.86405,2.57552,Plein jour,En agglomération,Hors intersection,Normale,Autre collision,3,3,3,0,1,1,1,0,1,30,1,2,1,0,1,0,50.0,,voiture,,1,2,1,1,6
202200042846,2022-02-14 06:20:00,2022,2,14,6,20,92,92078,VERDUN (AVENUE) (IMPAIRS 1 A 25),48.935197,2.329311,Nuit avec éclairage allumé,En agglomération,Hors intersection,Temps couvert,Deux véhicules - côté,3,2,0,0,1,1,1,0,1,30,2,2,1,0,0,1,39.0,22.0,deux_roues,voiture,5,2,1,8,3
202200042847,2022-06-12 18:10:00,2022,6,12,18,10,75,75108,AVENUE PERCIER,48.873685,2.314532,Plein jour,En agglomération,Intersection en X,Normale,Autre collision,4,1,2,0,1,1,1,0,1,30,1,2,1,0,0,1,50.0,,voiture,,1,2,2,1,6
202200042848,2022-08-19 16:25:00,2022,8,19,16,25,93,93027,JAURES (AVENUE JEA,48.9231803542,2.4059256072,Plein jour,En agglomération,Hors intersection,Pluie légère,Deux véhicules - côté,3,3,3,3,1,1,2,0,1,50,2,2,1,0,0,1,67.0,64.0,utilitaire_camion,utilitaire_camion,1,2,1,2,3
202200042849,2022-02-21 23:45:00,2022,2,21,23,45,92,92046,GABRIEL PERI,48.8196263964,2.3065887093,Nuit avec éclairage allumé,En agglomération,Hors intersection,Normale,Autre collision,3,2,2,0,1,1,1,0,1,50,1,3,2,0,0,1,21.0,,voiture,,5,2,1,1,6
202200042850,2022-06-12 01:45:00,2022,6,12,1,45,94,94081,ROUGET DE L ISLE (AV),48.779318,2.396373,Nuit avec éclairage allumé,En agglomération,Intersection en T,Normale,Deux véhicules - côté,3,1,2,0,1,1,1,0,1,50,2,2,0,0,1,1,25.0,55.0,utilitaire_camion,voiture,5,2,3,1,3
202200042851,2022-02-22 07:14:00,2022,2,22,7,14,92,92073,GAMBETTA (RUE),48.87568,2.22719,Crépuscule ou aube,En agglomération,Intersection en X,Normale,Autre collision,4,1,0,0,1,1,1,0,1,50,1,2,1,0,0,1,27.0,,utilitaire_camion,,2,2,2,1,6
202200042852,2022-08-18 22:03:00,2022,8,18,22,3,93,93057,Avenue du Quatorze Juillet / Boulevard de Paris,48.9140475465,2.4917678533,Nuit avec éclairage allumé,En agglomération,Intersection en X,Normale,Deux véhicules - côté,3,2,3,0,1,1,1,5,1,50,2,2,1,0,0,1,,35.0,voiture,deux_roues,5,2,2,1,3
202200042853,2022-02-22 08:45:00,2022,2,22,8,45,92,92049,BASCH RUE VICTOR,48.8136136463,2.3212594539,Plein jour,En agglomération,Hors intersection,Temps couvert,Deux véhicules - côté,4,2,1,0,1,1,2,0,1,50,2,2,1,0,0,1,30.0,49.0,voiture,deux_roues,1,2,1,8,3
202200042854,2022-06-12 19:45:00,2022,6,12,19,45,94,94033,Avenue Victor Hugo,48.85553,2.47101,Plein jour,En agglomération,Hors intersection,Normale,Deux véhicules - côté,3,2,2,0,2,1,1,0,1,50,2,2,1,0,0,1,37.0,28.0,deux_roues,voiture,1,2,1,1,3
202200042855,2022-08-19 01:00:00,2022,8,19,1,0,93,93005,Rue Blaise Pascal / Rue Henri Becquerel,48.948894544,2.4782139904,Nuit avec éclairage allumé,En agglomération,Intersection en T,Temps couvert,Autre collision,4,2,2,0,1,1,1,0,1,50,1,4,3,0,0,1,56.0,,voiture,,5,2,3,8,6
202200042856,2022-02-22 12:45:00,2022,2,22,12,45,92,92040,STALINGRAD (QUAI DE),48.82504,2.25783,Plein jour,En agglomération,Hors intersection,Normale,Deux véhicules - côté,3,1,2,0,1,1,1,0,1,50,2,3,2,0,0,1,23.0,31.0,deux_roues,voiture,1,2,1,1,3
202200042857,2022-06-12 21:21:00,2022,6,12,21,21,94,94060,Rue du Général de Gaulle / Route de Villiers,48.78,2.57806,Plein jour,En agglomération,Intersection en X,Normale,Deux véhicules - arrière,3,2,4,0,1,1,1,0,1,50,2,2,1,0,0,1,20.0,39.0,voiture,voiture,1,2,2,1,2
202200042858,2022-08-19 20:05:00,2022,8,19,20,5,92,92075,MARCEL MARTINIE (AVENUE),48.82291,2.29233,Plein jour,En agglomération,Intersection en X,Pluie légère,Deux véhicules - côté,3,2,4,2,1,1,2,0,1,50,2,2,1,0,1,0,13.0,29.0,deux_roues,voiture,1,2,2,2,3
202200042859,2022-02-22 13:45:00,2022,2,22,13,45,92,92024,HENRI BARBUSSE (RUE) DE (1 A 73)   (2 A,48.899432,2.304899,Plein jour,En agglomération,Hors intersection,Temps couvert,Deux véhicules - côté,4,2,2,0,1,1,2,0,1,50,2,2,1,0,0,1,61.0,29.0,utilitaire_camion,deux_roues,1,2,1,8,3
202200042860,2022-06-12 06:35:00,2022,6,12,6,35,94,94070,Route Nationale 19,48.71789,2.56994,Plein jour,En agglomération,Intersection en T,Normale,Autre collision,2,2,2,0,1,1,1,0,1,50,1,1,0,0,0,1,22.0,,voiture,,1,2,3,1,6
202200042861,2022-02-22 08:30:00,2022,2,22,8,30,92,92023,FLEURY (RUE DE),48.807832,2.250316,Plein jour,En agglomération,Giratoire,Normale,Deux véhicules - arrière,4,2,2,0,1,1,1,0,1,30,2,2,1,0,0,1,50.0,33.0,deux_roues,voiture,1,2,6,1,2
202200042862,2022-06-12 06:28:00,2022,6,12,6,28,94,94071,Rue du Pont de Chennevières,48.78165,2.51259,Plein jour,En agglomération,Hors intersection,Normale,Autre collision,3,2,2,0,1,3,1,0,1,50,1,1,0,0,0,1,23.0,,voiture,,1,2,1,1,6
202200042863,2022-08-19 09:30:00,2022,8,19,9,30,92,92024,GENNEVILLIERS (PONT DE),48.9130502795,2.3109835088,Plein jour,Hors agglomération,Hors intersection,Normale,Deux véhicules - arrière,3,2,3,0,1,1,1,2,1,70,2,3,2,0,0,1,37.0,48.0,voiture,voiture,1,1,1,1,2
202200042864,2022-02-22 14:55:00,2022,2,22,14,55,92,92012,THIERS (RUE) 1/65,48.8390644457,2.246827282,Plein jour,En agglomération,Intersection en X,Normale,Deux véhicules - côté,4,1,1,1,1,1,1,5,5,50,2,2,1,0,0,1,52.0,26.0,utilitaire_camion,deux_roues,1,2,2,1,3
202200042865,2022-06-12 17:50:00,2022,6,12,17,50,94,94002,VOLTA (R)/ Rue Simone de Beauvoir,48.80764,2.41138,Plein jour,En agglomération,Intersection en T,Normale,Deux véhicules - côté,4,2,2,0,1,3,1,0,1,50,2,2,0,0,0,2,49.0,56.0,deux_roues,deux_roues,1,2,3,1,3
202200042866,2022-08-19 12:40:00,2022,8,19,12,40,92,92012,REINE (ROUTE DE LA) 1/37- 6/80,48.8387000066,2.2514489293,Plein jour,En agglomération,Hors intersection,Normale,Deux véhicules - côté,3,2,4,2,1,1,1,0,1,50,2,2,1,0,0,1,56.0,40.0,voiture,deux_roues,1,2,1,1,3
202200042867,2022-02-19 14:45:00,2022,2,19,14,45,33,33187,6 Lieu Dit Larroque,44.600173,-0.086955,Plein jour,Hors agglomération,Hors intersection,Normale,Deux véhicules - frontale,4,2,2,0,1,1,1,0,1,80,2,4,0,0,1,3,45.0,72.0,voiture,voiture,1,1,1,1,1
202200042868,2022-06-12 19:30:00,2022,6,12,19,30,93,93071,Avenue du General Leclerc,48.93949,2.52509,Plein jour,En agglomération,Hors intersection,Temps éblouissant,Autre collision,3,2,2,0,1,1,1,0,1,50,1,2,1,0,0,1,,,autre,,1,2,1,7,6
202200042869,2022-02-23 10:33:00,2022,2,23,10,33,31,31435,lieu-dit Les Gariats - D7C,43.431029,1.1532,Plein jour,Hors agglomération,Hors intersection,Normale,Autre collision,3,2,2,0,1,3,1,0,3,80,1,1,0,1,0,0,78.0,,voiture,,1,1,1,1,6
202200042870,2022-06-12 01:36:00,2022,6,12,1,36,93,93001,Avenue Victor Hugo,48.9080260802,2.3774188758,Nuit avec éclairage allumé,En agglomération,Autre intersection,Normale,Deux véhicules - arrière,4,3,2,1,1,1,1,0,1,50,2,2,1,0,1,0,38.0,48.0,voiture,transport_commun,5,2,9,1,2
202200042871,2022-02-09 04:00:00,2022,2,9,4,0,76,76225,A29 pk063.500 direction le havre,49.634855,0.670123,Nuit sans éclairage public,Hors agglomération,Hors intersection,Normale,Deux véhicules - arrière,1,3,4,0,1,1,2,0,1,130,2,2,1,0,1,0,44.0,25.0,utilitaire_camion,voiture,3,1,1,1,2
202200042872,2022-08-19 16:44:00,2022,8,19,16,44,92,92007,PASCAL (RUE BLAISE),48.7905713793,2.3114435077,Plein jour,En agglomération,Intersection en T,Temps couvert,Autre collision,4,2,0,0,1,1,1,0,1,50,1,1,0,0,0,1,23.0,,voiture,,1,2,3,8,6
202200042873,2022-02-23 14:00:00,2022,2,23,14,0,62,62361,D916,50.288366,2.291282,Plein jour,Hors agglomération,Hors intersection,Normale,Autre collision,3,2,2,0,1,2,1,0,3,70,1,1,0,1,0,0,37.0,,voiture,,1,1,1,1,6
202200042874,2022-06-12 19:40:00,2022,6,12,19,40,93,93064,BOIS PERRIER (GARE SNCF),48.882914,2.481587,Plein jour,En agglomération,Hors intersection,Normale,Deux véhicules - côté,4,2,2,3,1,1,1,0,1,50,2,4,1,0,0,3,22.0,37.0,deux_roues,transport_commun,1,2,1,1,3
202200042875,2022-08-16 19:38:00,2022,8,16,19,38,92,92002,DIVISION LECLERC (53 A 217 - 58 A 186),48.7411628094,2.3025380373,Plein jour,En agglomération,Hors intersection,Temps couvert,Deux véhicules - arrière,3,2,2,0,1,1,2,0,1,50,2,2,1,0,0,1,27.0,28.0,voiture,voiture,1,2,1,8,2
202200042876,2022-02-22 10:00:00,2022,2,22,10,0,56,56124,Faubourg Saint Julien,47.805953,-2.379774,Plein jour,En agglomération,Hors intersection,Normale,Autre collision,3,2,2,0,1,2,1,0,4,50,1,1,0,1,0,0,94.0,,voiture,,1,2,1,1,6
202200042877,2022-06-12 05:57:00,2022,6,12,5,57,93,93032,Rue Hippolyte Pina,48.87,2.54018,Plein jour,En agglomération,Hors intersection,Normale,Autre collision,3,2,2,0,1,1,1,0,1,50,1,2,0,0,0,2,23.0,,voiture,,1,2,1,1,6
202200042878,2022-02-19 11:00:00,2022,2,19,11,0,59,59135,Route Nationale,50.8009957441,2.5014393925,Plein jour,En agglomération,Giratoire,Normale,Deux véhicules - côté,3,2,2,0,3,1,1,0,1,50,2,2,1,0,1,0,42.0,19.0,voiture,deux_roues,1,2,6,1,3
202200042879,2022-08-09 16:12:00,2022,8,9,16,12,41,41032,Rue Nationale,47.542802,1.309948,Plein jour,En agglomération,Hors intersection,Normale,Deux véhicules - frontale,3,2,2,0,4,3,1,0,1,50,2,2,0,0,1,1,37.0,71.0,voiture,voiture,1,2,1,1,1
202200042880,2022-02-23 01:15:00,2022,2,23,1,15,79,79195,Les Roches Neulons,46.932682,-0.57783,Nuit sans éclairage public,Hors agglomération,Hors intersection,Normale,Sans collision,4,2,2,0,1,2,1,0,1,80,1,3,2,0,1,0,27.0,,voiture,,3,1,1,1,7
202200042881,2022-06-11 22:15:00,2022,6,11,22,15,93,93014,10 Boulevard Emile Zola,48.9061894432,2.553165257,Nuit avec éclairage allumé,En agglomération,Hors intersection,Normale,Autre collision,4,2,2,0,1,1,1,0,1,30,1,2,1,0,0,1,,,voiture,,5,2,1,1,6
202200042882,2022-08-19 14:05:00,2022,8,19,14,5,43,43088,D586,45.295034,3.244765,Plein jour,Hors agglomération,Hors intersection,Temps couvert,Trois véhicules et plus - collisions multiples,3,2,2,0,1,1,1,0,1,80,3,4,0,0,1,3,53.0,73.0,voiture,voiture,1,1,1,8,5
202200042883,2022-02-22 15:00:00,2022,2,22,15,0,79,79281,,46.390965,-0.45185,Plein jour,Hors agglomération,Intersection en T,Normale,Deux véhicules - côté,3,2,2,0,4,1,1,0,1,50,2,2,1,0,1,0,63.0,36.0,deux_roues,autre,1,1,3,1,3
202200042884,2022-06-12 14:20:00,2022,6,12,14,20,93,93010,Pont de Bondy / Avenue Galliéni,48.904086,2.470883,Plein jour,En agglomération,Intersection en X,Normale,Autre collision,3,3,4,0,1,1,1,2,1,50,1,2,1,0,0,1,59.0,,voiture,,1,2,2,1,6
202200042885,2022-08-20 14:55:00,2022,8,20,14,55,41,41256,A71 - PK 167.000 - Sens ORLÉANS/VIERZON,47.340422,2.047663,Plein jour,Hors agglomération,Hors intersection,Normale,Sans collision,1,3,4,0,1,2,1,0,1,130,1,4,0,0,0,4,57.0,,voiture,,1,1,1,1,7
202200042886,2022-02-23 07:45:00,2022,2,23,7,45,80,80308,D29,50.061829,1.621867,Crépuscule ou aube,Hors agglomération,Intersection en X,Normale,Deux véhicules - arrière,3,2,1,0,1,1,1,0,1,80,2,2,1,0,1,0,29.0,50.0,voiture,voiture,2,1,2,1,2
202200042887,2022-06-12 21:50:00,2022,6,12,21,50,93,93008,Rue de la République,48.90681,2.430728,Crépuscule ou aube,En agglomération,Hors intersection,Normale,Deux véhicules - arrière,3,3,2,1,1,1,1,0,1,50,2,3,1,0,0,2,25.0,45.0,voiture,voiture,2,2,1,1,2
202200042888,2022-08-20 14:25:00,2022,8,20,14,25,67,67185,D116,48.775997,7.444906,Plein jour,Hors agglomération,Hors intersection,Normale,Deux véhicules - arrière,3,2,2,0,2,1,1,0,1,80,2,2,1,0,1,0,53.0,58.0,deux_roues,deux_roues,1,1,1,1,2
202200042889,2022-02-22 17:15:00,2022,2,22,17,15,33,33424,CD 1215,45.145333,-0.813653,Plein jour,Hors agglomération,Autre intersection,Normale,Deux véhicules - frontale,3,2,2,0,1,1,1,0,1,80,2,4,0,0,4,0,60.0,24.0,utilitaire_camion,voiture,1,1,9,1,1
202200042890,2022-06-11 22:50:00,2022,6,11,22,50,93,93010,Avenue Galliéni / Chemin du Pont,48.907,2.48864,Nuit avec éclairage allumé,En agglomération,Intersection à plus de 4 branches,Normale,Deux véhicules - côté,3,3,4,0,1,1,1,0,1,50,2,2,1,0,0,1,24.0,20.0,voiture,voiture,5,2,5,1,3
202200042891,2022-02-22 16:25:00,2022,2,22,16,25,71,71148,Route d'Arcinges,46.158573,4.269868,Plein jour,Hors agglomération,Hors intersection,Normale,Sans collision,3,2,2,0,3,1,1,0,1,80,1,1,0,1,0,0,68.0,,deux_roues,,1,1,1,1,7
202200042892,2022-06-12 09:50:00,2022,6,12,9,50,93,93074,Avenue du Maréchal de Lattre de Tassigny,48.926905,2.569592,Plein jour,Hors agglomération,Hors intersection,Normale,Deux véhicules - côté,4,2,2,0,2,1,1,0,1,50,2,2,1,0,0,1,,40.0,voiture,deux_roues,1,1,1,1,3
202200042893,2022-08-19 13:25:00,2022,8,19,13,25,71,71444,A6,46.71572,4.839767,Plein jour,Hors agglomération,Hors intersection,Temps couvert,Deux véhicules - arrière,1,3,5,0,1,1,1,0,1,130,2,4,3,0,0,1,30.0,19.0,utilitaire_camion,voiture,1,1,1,8,2
202200042894,2022-02-16 18:00:00,2022,2,16,18,0,63,63366,D214,45.531275,3.358748,Plein jour,Hors agglomération,Hors intersection,Normale,Deux véhicules - arrière,3,2,2,0,1,1,1,0,1,80,2,2,1,0,1,0,63.0,23.0,voiture,voiture,1,1,1,1,2
202200042895,2022-06-12 09:00:00,2022,6,12,9,0,92,92073,ROOSVELT (AVENUE FRANKLIN),48.8733702884,2.2214618325,Plein jour,En agglomération,Autre intersection,Normale,Deux véhicules - côté,3,-1,0,0,1,1,1,0,1,50,2,2,1,0,0,1,26.0,48.0,voiture,voiture,1,2,9,1,3
202200042896,2022-08-20 20:30:00,2022,8,20,20,30,72,72191,D30 - Route d'Ecommoy,47.762012,0.275093,Plein jour,En agglomération,Hors intersection,Normale,Autre collision,3,2,2,0,1,1,1,0,3,80,1,1,0,0,1,0,33.0,,voiture,,1,2,1,1,6
202200042897,2022-02-23 11:40:00,2022,2,23,11,40,55,55166,Rue de Saint Mihiel,49.089459,5.394807,Plein jour,Hors agglomération,Hors intersection,Normale,Sans collision,3,2,2,0,1,1,1,0,3,90,1,1,0,1,0,0,82.0,,voiture,,1,1,1,1,7
202200042898,2022-08-20 16:00:00,2022,8,20,16,0,56,56204,N24 sens Rennes/Lorient,47.9202018,-2.7183916,Plein jour,Hors agglomération,Hors intersection,Normale,Autre collision,2,3,4,0,1,3,1,0,1,110,1,1,0,0,1,0,70.0,,deux_roues,,1,1,1,1,6
202200042899,2022-06-11 23:25:00,2022,6,11,23,25,92,92033,MARCHE,48.8385914798,2.171806097,Nuit avec éclairage allumé,En agglomération,Intersection en T,Normale,Deux véhicules - arrière,3,2, -1,-1,1,1,1,0,1,-1,2,3,2,0,0,1,43.0,52.0,voiture,voiture,5,2,3,1,2
202200042900,2022-02-23 08:45:00,2022,2,23,8,45,45,45204,rue des Villeneuves,47.802324,1.791447,Plein jour,Hors agglomération,Hors intersection,Normale,Deux véhicules - côté,4,2,2,0,1,1,1,0,1,70,2,4,1,0,3,0,58.0,19.0,voiture,voiture,1,1,1,1,3
202200042901,2022-08-19 19:30:00,2022,8,19,19,30,74,74288,164 Route de Saint-Julien-En-Genevois,46.108477,5.969374,Crépuscule ou aube,En agglomération,Autre intersection,Normale,Deux véhicules - arrière,3,2,2,0,1,1,1,0,1,50,2,2,1,0,0,1,,28.0,voiture,voiture,2,2,9,1,2
202200042902,2022-06-12 13:25:00,2022,6,12,13,25,92,92062,GENERAL DE GAULLE (AV) DU 63 AU 107,48.8874730444,2.2335230559,Plein jour,En agglomération,Hors intersection,Normale,Deux véhicules - arrière,3,1,3,3,1,1,1,0,8,50,2,3,2,0,0,1,41.0,51.0,transport_commun,voiture,1,2,1,1,2
202200042903,2022-02-22 12:30:00,2022,2,22,12,30,73,73191,D916 - 9 Route du Col de l Épine,45.5951239453,5.7707820833,Plein jour,En agglomération,Hors intersection,Normale,Autre collision,3,1,1,0,2,1,1,0,1,30,1,2,1,0,1,0,22.0,,utilitaire_camion,,1,2,1,1,6
202200042904,2022-08-19 18:30:00,2022,8,19,18,30,79,79286,La Favrie,46.634921,-0.60675,Plein jour,Hors agglomération,Hors intersection,Normale,Sans collision,4,2,2,0,2,4,1,0,1,80,1,1,0,1,0,0,68.0,,utilitaire_camion,,1,1,1,1,7
202200042905,2022-02-22 22:50:00,2022,2,22,22,50,16,16062,D58,45.428252,-0.035502,Nuit sans éclairage public,Hors agglomération,Hors intersection,Normale,Autre collision,3,2,2,0,1,1,1,0,3,80,1,1,0,0,1,0,22.0,,voiture,,3,1,1,1,6
202200042906,2022-06-12 02:05:00,2022,6,12,2,5,92,92026,VERDUN (DE 62 A FIN),48.90041068,2.2608152032,Nuit avec éclairage allumé,En agglomération,Intersection en X,Normale,Deux véhicules - arrière,3,3,6,1,1,1,1,5,1,50,2,2,1,0,0,1,16.0,42.0,deux_roues,voiture,5,2,2,1,2
202200042907,2022-08-20 04:15:00,2022,8,20,4,15,80,80595,D935,49.749442,2.517071,Nuit sans éclairage public,Hors agglomération,Hors intersection,Pluie légère,Deux véhicules - frontale,3,2,2,0,1,1,2,0,1,80,1,4,0,0,0,4,21.0,,voiture,,3,1,1,2,1
202200042908,2022-02-22 11:25:00,2022,2,22,11,25,07,07310,,45.314623,4.635898,Plein jour,Hors agglomération,Hors intersection,Normale,Autre collision,3,2,2,0,1,1,1,0,3,80,1,2,0,0,2,0,29.0,,voiture,,1,1,1,1,6
202200042909,2022-08-20 03:00:00,2022,8,20,3,0,80,80024,N1,49.93612,2.243695,Nuit sans éclairage public,Hors agglomération,Giratoire,Normale,Deux véhicules - frontale,2,3,1,0,1,1,2,5,4,50,1,2,0,0,1,1,29.0,,voiture,,3,1,6,1,1
202200042910,2022-06-12 18:20:00,2022,6,12,18,20,92,92023,PAVE BLANC (ROUTE DU) N°1 A 135,48.7803719351,2.2390852868,Plein jour,En agglomération,Intersection en X,Normale,Deux véhicules - côté,3,2,2,0,1,1,1,0,1,50,2,2,1,0,0,1,26.0,41.0,deux_roues,voiture,1,2,2,1,3
202200042911,2022-08-19 22:05:00,2022,8,19,22,5,63,63130,Lieu Dit Michelat,46.1892465909,2.7926744521,Nuit sans éclairage public,Hors agglomération,Hors intersection,Normale,Autre collision,3,2,2,0,1,1,1,0,3,90,1,1,0,0,1,0,47.0,,voiture,,3,1,1,1,6
202200042912,2022-02-23 07:40:00,2022,2,23,7,40,40,40273,4488 Avenue du Quartier-Neuf,43.540375,-1.366886,Plein jour,Hors agglomération,Intersection en T,Brouillard / fumée,Deux véhicules - côté,3,2,2,0,1,1,1,5,1,80,2,2,1,0,1,0,57.0,46.0,voiture,deux_roues,1,1,3,5,3
202200042913,2022-08-19 20:35:00,2022,8,19,20,35,63,63262,Camping Le Clos Auroy,45.701155,3.170607,Crépuscule ou aube,Hors agglomération,Autre intersection,Temps couvert,Deux véhicules - côté,5,2,2,0,2,2,2,0,1,10,2,2,1,0,1,0,5.0,53.0,deux_roues,voiture,2,1,9,8,3