accident_id,datetime,annee,mois,jour,heure,minute,departement,commune_insee,adresse,latitude,longitude,luminosite,agglomeration,intersection,meteo,collision,catr,circ,nbv,vosp,prof,plan,surf,infra,situ,vma,nb_vehicules,nb_usagers,nb_indemnes,nb_tues,nb_blesses_hosp,nb_blesses_legers,age_cond_1,age_cond_2,veh_type_cond_1,veh_type_cond_2,lum_code,agg_code,int_code,atm_code,col_code
202200042914,2022-02-23 18:40:00,2022,2,23,18,40,30,30046,,43.9869,4.1955,Nuit sans éclairage public,Hors agglomération,Hors intersection,Normale,Deux véhicules - côté,2,3,4,0,1,1,1,0,1,110,2,2,1,0,1,0,72.0,40.0,voiture,voiture,3,1,1,1,3
202200042915,2022-08-20 15:20:00,2022,8,20,15,20,29,29160,Lieu Dit Lanorven,48.491056,-4.421369,Plein jour,Hors agglomération,Intersection en X,Normale,Deux véhicules - frontale,3,2,2,0,1,1,1,0,1,70,2,3,1,0,2,0,23.0,43.0,voiture,deux_roues,1,1,2,1,1
202200042916,2022-06-08 20:00:00,2022,6,8,20,0,60,60646,Rue de Calais,49.47771,2.047845,Plein jour,En agglomération,Intersection en T,Normale,Trois véhicules et plus - en chaîne,3,2,2,0,1,1,1,0,1,50,3,12,5,0,0,7,36.0,46.0,voiture,voiture,1,2,3,1,4
202200042917,2022-02-22 16:45:00,2022,2,22,16,45,973,97309,D23,4.892417,-52.289557,Crépuscule ou aube,Hors agglomération,Hors intersection,Normale,Deux véhicules - arrière,3,2,2,0,1,1,1,0,1,80,2,2,1,0,0,1,31.0,34.0,utilitaire_camion,deux_roues,2,1,1,1,2
202200042918,2022-08-20 14:40:00,2022,8,20,14,40,38,38189,D518,45.640778,5.038755,Plein jour,Hors agglomération,Hors intersection,Normale,Deux véhicules - côté,3,2,2,0,1,1,1,0,1,80,2,2,1,0,0,1,18.0,41.0,voiture,voiture,1,1,1,1,3
202200042919,2022-02-23 12:45:00,2022,2,23,12,45,68,68300,A35 ,47.783739,7.402425,Plein jour,Hors agglomération,Hors intersection,Normale,Autre collision,1,3,4,0,2,2,1,3,3,90,1,1,0,0,0,1,55.0,,utilitaire_camion,,1,1,1,1,6
202200042920,2022-06-01 16:20:00,2022,6,1,16,20,37,37174,8 Rue Saint Jean du Bois,47.051316,0.551795,Plein jour,En agglomération,Hors intersection,Normale,Deux véhicules - côté,3,2,2,0,1,1,1,0,1,50,2,4,3,0,1,0,48.0,17.0,voiture,deux_roues,1,2,1,1,3
202200042921,2022-08-19 18:45:00,2022,8,19,18,45,02,02419,7 Rue des Charbons,49.954218,3.794904,Plein jour,Hors agglomération,Hors intersection,Pluie légère,Deux véhicules - frontale,3,2,2,0,1,1,2,0,1,80,2,4,0,0,0,4,33.0,24.0,voiture,voiture,1,1,1,2,1
202200042922,2022-02-23 07:00:00,2022,2,23,7,0,976,97608,47 c Route des Badamiers,-12.778897,45.281047,Plein jour,Hors agglomération,Hors intersection,Normale,Autre collision,3,1,1,0,1,1,1,0,1,-1,1,2,1,0,1,0,32.0,,voiture,,1,1,1,1,6
202200042923,2022-06-12 21:00:00,2022,6,12,21,0,62,62768,D137e1,50.361383,1.864114,Plein jour,Hors agglomération,Hors intersection,Normale,Deux véhicules - frontale,3,2,2,0,1,3,1,0,1,80,2,6,0,4,2,0,40.0,38.0,voiture,voiture,1,1,1,1,1
202200042924,2022-08-20 10:40:00,2022,8,20,10,40,15,15187,6 Avenue Léon Bélard,45.03846,3.08895,Plein jour,En agglomération,Hors intersection,Normale,,6,-1, -1,0,1,1,1,9,1,50,1,2,1,0,1,0,55.0,,voiture,,1,2,1,1,-1
202200042925,2022-02-22 12:30:00,2022,2,22,12,30,971,97128,Fonds Thezan,16.218177,-61.408403,Plein jour,Hors agglomération,Hors intersection,Normale,Deux véhicules - côté,2,2,2,0,2,1,1,0,1,80,2,2,1,0,1,0,33.0,23.0,deux_roues,voiture,1,1,1,1,3
202200042926,2022-02-23 11:15:00,2022,2,23,11,15,28,28377,Route de Marcilly,48.824001,1.383887,Plein jour,Hors agglomération,Hors intersection,Normale,Sans collision,3,2,2,0,2,3,6,0,1,80,1,1,0,0,1,0,22.0,,voiture,,1,1,1,1,7
202200042927,2022-06-12 20:00:00,2022,6,12,20,0,24,24299,Rue Emile Bazillou,45.035901,0.3664,Plein jour,En agglomération,Intersection en X,Normale,Deux véhicules - côté,3,2,2,0,1,1,1,0,1,50,2,2,1,0,1,0,37.0,57.0,deux_roues,voiture,1,2,2,1,3
202200042928,2022-02-23 09:30:00,2022,2,23,9,30,95,95298,RD 22,49.175514,2.047915,Plein jour,Hors agglomération,Hors intersection,Brouillard / fumée,Autre collision,3,2,2,0,1,1,1,0,3,70,1,1,0,0,1,0,33.0,,utilitaire_camion,,1,1,1,5,6
202200042929,2022-08-19 19:40:00,2022,8,19,19,40,50,50487,route départementale 30- LA CROIX AVRANCHIN,48.550928,-1.407416,Plein jour,Hors agglomération,Intersection en T,Temps éblouissant,Deux véhicules - frontale,3,2,2,0,1,1,1,0,1,80,2,4,0,0,4,0,19.0,20.0,voiture,voiture,1,1,3,7,1
202200042930,2022-02-23 14:10:00,2022,2,23,14,10,84,84129,Avenue d Avignon,43.991772,4.863778,Plein jour,Hors agglomération,Hors intersection,Temps éblouissant,Deux véhicules - arrière,3,1,2,0,1,1,1,0,1,70,2,2,1,0,1,0,25.0,47.0,deux_roues,voiture,1,1,1,7,2
202200042931,2022-06-12 12:05:00,2022,6,12,12,5,91,91340,Lisses,48.588985,2.430274,Plein jour,Hors agglomération,Giratoire,Normale,Sans collision,3,2,2,0,1,1,1,5,1,80,2,3,2,0,0,1,,53.0,voiture,deux_roues,1,1,6,1,7
202200042932,2022-06-11 12:35:00,2022,6,11,12,35,49,49092,Le Moulin du Bois Oger (melay),47.153963,-0.702229,Plein jour,Hors agglomération,Hors intersection,Normale,Sans collision,3,2,2,0,2,3,1,0,1,90,1,1,0,0,1,0,55.0,,deux_roues,,1,1,1,1,7
202200042933,2022-02-22 19:25:00,2022,2,22,19,25,89,89077,4 Avenue du Docteur Schweitzer,47.734843,3.603312,Nuit avec éclairage allumé,En agglomération,Hors intersection,Normale,Deux véhicules - côté,4,2,2,0,1,1,1,0,1,50,2,2,1,0,1,0,38.0,18.0,voiture,deux_roues,5,2,1,1,3
202200042934,2022-08-19 15:40:00,2022,8,19,15,40,09,09283,RN 20,42.724664,1.826928,Plein jour,Hors agglomération,Hors intersection,Normale,Deux véhicules - frontale,2,2,2,0,1,3,1,0,1,80,2,10,0,6,4,0,34.0,51.0,voiture,voiture,1,1,1,1,1
202200042935,2022-06-13 10:28:00,2022,6,13,10,28,69,69287,Chemin de Manissieux,45.6931866987,5.0091792855,Plein jour,En agglomération,Hors intersection,Normale,Autre collision,4,2,2,0,1,1,1,0,3,70,1,1,0,1,0,0,58.0,,deux_roues,,1,2,1,1,6
202200042936,2022-02-23 17:50:00,2022,2,23,17,50,71,71090,D 95,46.223864,4.745514,Plein jour,Hors agglomération,Intersection en X,Normale,Deux véhicules - côté,3,2,2,0,3,1,1,0,1,70,2,3,0,0,3,0,21.0,29.0,utilitaire_camion,voiture,1,1,2,1,3
202200042937,2022-06-12 19:00:00,2022,6,12,19,0,46,46023,D10 Saint genies,44.293507,1.528044,Plein jour,Hors agglomération,Hors intersection,Normale,Sans collision,3,2,2,0,4,1,1,0,1,80,1,1,0,0,1,0,22.0,,deux_roues,,1,1,1,1,7
202200042938,2022-08-20 03:15:00,2022,8,20,3,15,45,45037,5 Rue d Armonville le Guénard,48.244396,1.973001,Nuit avec éclairage allumé,En agglomération,Hors intersection,Temps couvert,Autre collision,4,2,2,0,1,1,2,0,4,50,1,1,0,0,1,0,19.0,,voiture,,5,2,1,8,6
202200042939,2022-08-19 11:00:00,2022,8,19,11,0,45,45145,4 Rue de la Croix Poirier,48.09613,2.800519,Plein jour,En agglomération,Hors intersection,Normale,Autre collision,4,2,2,0,1,1,1,0,1,30,1,2,1,0,1,0,85.0,,voiture,,1,2,1,1,6
202200042940,2022-06-13 08:25:00,2022,6,13,8,25,52,52307,Autoroute A5 - Pk 224.150,47.9377048354,5.2009040481,Plein jour,Hors agglomération,Hors intersection,Normale,Deux véhicules - arrière,1,3,4,0,1,1,1,0,1,130,2,2,1,0,0,1,21.0,77.0,voiture,voiture,1,1,1,1,2
202200042941,2022-02-22 09:25:00,2022,2,22,9,25,57,57032,D11,49.086993,6.038575,Plein jour,Hors agglomération,Hors intersection,Normale,Trois véhicules et plus - en chaîne,7,2,2,0,2,1,1,0,1,70,3,3,2,0,1,0,35.0,21.0,voiture,voiture,1,1,1,1,4
202200042942,2022-08-20 16:25:00,2022,8,20,16,25,21,21116,D959 - PK 9 + 830,47.720084,4.930544,Plein jour,Hors agglomération,Hors intersection,Normale,Deux véhicules - frontale,3,2,2,0,2,3,1,0,1,90,2,6,5,1,0,0,43.0,65.0,voiture,deux_roues,1,1,1,1,1
202200042943,2022-06-13 08:25:00,2022,6,13,8,25,52,52307,A5 PK 224+100,47.9378984158,5.2002418935,Plein jour,Hors agglomération,Hors intersection,Normale,Deux véhicules - arrière,1,3,4,0,1,1,1,0,1,130,2,4,3,0,1,0,25.0,26.0,utilitaire_camion,utilitaire_camion,1,1,1,1,2
202200042944,2022-02-11 09:30:00,2022,2,11,9,30,57,57620,Rue de Rombas,49.193274,6.000708,Plein jour,En agglomération,Giratoire,Normale,Autre collision,3,2,2,0,1,1,1,0,1,50,1,2,1,0,0,1,41.0,,voiture,,1,2,6,1,6
202200042945,2022-06-11 15:55:00,2022,6,11,15,55,01,01354,Rue de Pouilly,46.250079,6.03004,Plein jour,En agglomération,Giratoire,Normale,Deux véhicules - côté,3,1,1,0,1,2,1,0,1,30,2,2,1,0,0,1,26.0,50.0,deux_roues,voiture,1,2,6,1,3
202200042946,2022-08-20 10:50:00,2022,8,20,10,50,40,40001,D824,43.737771,-0.268178,Plein jour,Hors agglomération,Hors intersection,Normale,Autre collision,3,3,2,0,1,1,1,9,3,80,1,5,4,0,0,1,36.0,,voiture,,1,1,1,1,6
202200042947,2022-02-22 10:15:00,2022,2,22,10,15,73,73303,D71,45.747297,6.450235,Plein jour,Hors agglomération,Hors intersection,Normale,Sans collision,3,2,2,0,2,1,7,0,8,80,1,2,0,0,1,1,82.0,,voiture,,1,1,1,1,7
202200042948,2022-06-13 19:15:00,2022,6,13,19,15,62,62307,D940,50.922772,1.715584,Plein jour,Hors agglomération,Hors intersection,Normale,Deux véhicules - côté,3,2,2,0,2,4,1,0,1,80,2,3,2,0,1,0,64.0,27.0,voiture,deux_roues,1,1,1,1,3
202200042949,2022-02-11 18:35:00,2022,2,11,18,35,42,42285,Route de Montbrison,45.576438,4.116215,Nuit sans éclairage public,Hors agglomération,Hors intersection,Normale,Trois véhicules et plus - en chaîne,3,2,2,0,2,1,1,0,1,80,3,3,2,0,0,1,58.0,21.0,voiture,voiture,3,1,1,1,4
202200042950,2022-08-19 16:30:00,2022,8,19,16,30,24,24002,D3E7 PK 6+000,45.285455,0.742285,Plein jour,Hors agglomération,Hors intersection,Normale,Deux véhicules - frontale,3,2,2,0,1,1,1,0,1,-1,2,3,0,0,1,2,45.0,20.0,voiture,voiture,1,1,1,1,1
202200042951,2022-06-13 09:20:00,2022,6,13,9,20,91,91225,Avenue de la Fontaine au Soulier,48.629925,2.469442,Plein jour,En agglomération,Hors intersection,Normale,Autre collision,3,2,2,0,1,1,1,0,1,50,1,2,1,0,0,1,56.0,,voiture,,1,2,1,1,6
202200042952,2022-08-20 10:00:00,2022,8,20,10,0,30,30133,Rue du Commandant Marceau,43.537684,4.13727,Plein jour,En agglomération,Hors intersection,Normale,Autre collision,4,2,2,0,1,1,1,2,1,50,1,4,3,0,1,0,44.0,,voiture,,1,2,1,1,6
202200042953,2022-02-21 19:00:00,2022,2,21,19,0,14,14488,D514,49.271749,-0.265287,Nuit avec éclairage allumé,En agglomération,Giratoire,Pluie légère,Sans collision,3,2,2,0,1,2,2,0,1,50,1,1,0,0,1,0,41.0,,deux_roues,,5,2,6,2,7
202200042954,2022-06-12 19:30:00,2022,6,12,19,30,62,62268,3 Rue Jean Jaurès,50.669235,1.830828,Plein jour,En agglomération,Hors intersection,Normale,Autre collision,4,2,2,0,2,1,1,0,8,50,1,1,0,0,1,0,72.0,,voiture,,1,2,1,1,6
202200042955,2022-08-19 22:05:00,2022,8,19,22,5,24,24335,Route des Vergers,44.842326,0.189734,Nuit avec éclairage allumé,En agglomération,Intersection en X,Normale,Deux véhicules - côté,4,2,2,0,1,1,1,5,1,30,2,2,1,0,1,0,28.0,29.0,deux_roues,voiture,5,2,2,1,3
202200042956,2022-06-11 15:45:00,2022,6,11,15,45,51,51364,D227,49.23489,3.879418,Plein jour,Hors agglomération,Hors intersection,Normale,Sans collision,3,2,2,0,2,2,1,0,3,90,1,1,0,0,1,0,28.0,,deux_roues,,1,1,1,1,7
202200042957,2022-05-15 18:40:00,2022,5,15,18,40,56,56172,Kerboyen,47.81573,-2.650255,Plein jour,Hors agglomération,Hors intersection,Normale,Autre collision,3,2,2,0,2,2,1,0,3,80,1,1,0,0,1,0,24.0,,deux_roues,,1,1,1,1,6
202200042958,2022-08-19 10:45:00,2022,8,19,10,45,67,67101,A352 PK 009.800 direction STRASBOURG,48.520129,7.507997,Plein jour,Hors agglomération,Hors intersection,Normale,Autre collision,1,3,4,0,1,3,1,3,3,130,1,2,0,0,1,1,90.0,,voiture,,1,1,1,1,6
202200042959,2022-06-12 20:00:00,2022,6,12,20,0,59,59663,Place du général de gaulle,50.8823999261,2.468367219,Plein jour,En agglomération,Place,Normale,Autre collision,3,2,2,0,1,1,1,0,4,50,1,2,1,0,0,1,33.0,,voiture,,1,2,7,1,6
202200042960,2022-08-18 08:05:00,2022,8,18,8,5,06,06149,A8 PK 205+000 NORD,43.743065,7.342622,Plein jour,Hors agglomération,Hors intersection,Temps couvert,Autre collision,1,3,5,0,2,3,2,0,1,110,1,1,0,0,0,1,24.0,,voiture,,1,1,1,8,6
202200042961,2022-06-13 14:25:00,2022,6,13,14,25,80,80579,Rue de Paris,49.736151,3.068227,Plein jour,En agglomération,Hors intersection,Normale,Deux véhicules - côté,3,2,2,0,1,1,1,0,1,50,2,3,2,0,1,0,22.0,27.0,voiture,voiture,1,2,1,1,3
202200042962,2022-04-02 17:25:00,2022,4,2,17,25,77,77058,D35,48.83825,2.70576,Plein jour,En agglomération,Hors intersection,Normale,Trois véhicules et plus - en chaîne,3,2,2,0,1,1,1,0,1,50,3,5,4,0,0,1,31.0,56.0,voiture,voiture,1,2,1,1,4
202200042963,2022-04-03 02:15:00,2022,4,3,2,15,76,76540,Avenue du Mont Riboudet,49.4493279208,1.0642649978,Nuit avec éclairage allumé,En agglomération,Autre intersection,Normale,Autre collision,7,1,4,3,1,1,1,0,8,50,1,1,0,0,0,1,34.0,,voiture,,5,2,9,1,6
202200042964,2022-08-20 10:00:00,2022,8,20,10,0,30,30169,A9 pk 58+600,43.796135,4.308382,Plein jour,Hors agglomération,Hors intersection,Normale,Trois véhicules et plus - en chaîne,1,2,3,0,1,1,1,0,1,130,3,6,5,0,1,0,35.0,74.0,voiture,voiture,1,1,1,1,4
202200042965,2022-06-13 11:10:00,2022,6,13,11,10,80,80765,D29,50.032783,1.67254,Plein jour,Hors agglomération,Hors intersection,Normale,Deux véhicules - côté,3,2,2,0,1,1,1,0,1,80,2,2,1,0,1,0,65.0,18.0,voiture,deux_roues,1,1,1,1,3
202200042966,2022-08-19 20:45:00,2022,8,19,20,45,973,97305,RN1 / Rue de l Ecole de 7eme,4.945805,-52.419537,Nuit sans éclairage public,Hors agglomération,Hors intersection,Normale,Deux véhicules - arrière,2,2,2,2,1,1,1,0,1,80,2,2,1,1,0,0,31.0,21.0,deux_roues,voiture,3,1,1,1,2
202200042967,2022-06-13 10:05:00,2022,6,13,10,5,80,80388,Rue Machu,50.027504,1.719114,Plein jour,Hors agglomération,Autre intersection,Normale,Sans collision,4,-1,1,0,1,1,9,0,8,50,1,1,0,0,0,1,47.0,,deux_roues,,1,1,9,1,7
202200042968,2022-04-03 18:15:00,2022,4,3,18,15,74,74012,ILE DE FRANCE (RUE DE L'),46.19,6.248,Plein jour,En agglomération,Autre intersection,Normale,Trois véhicules et plus - collisions multiples,4,2,1,3,1,1,1,0,1,30,3,3,2,0,0,1,51.0,52.0,voiture,voiture,1,2,9,1,5
202200042969,2022-06-11 20:40:00,2022,6,11,20,40,82,82112,Boulevard du Lycée,44.103643,1.092544,Plein jour,En agglomération,Hors intersection,Normale,Autre collision,4,2,2,0,1,1,1,0,3,50,1,1,0,0,1,0,39.0,,voiture,,1,2,1,1,6
202200042970,2022-08-19 11:35:00,2022,8,19,11,35,45,45226,1150 Rue du Val,47.803518,2.238043,Plein jour,Hors agglomération,Intersection en X,Normale,Deux véhicules - côté,4,2,2,0,1,1,1,0,1,70,2,3,2,0,1,0,77.0,62.0,voiture,voiture,1,1,2,1,3
202200042971,2022-04-03 17:30:00,2022,4,3,17,30,59,59650,BEAULIEU (RUE DE),50.70153,3.23896,Plein jour,En agglomération,Intersection en T,Normale,Deux véhicules - côté,4,2,2,0,1,1,1,0,1,50,2,2,1,0,0,1,27.0,20.0,deux_roues,voiture,1,2,3,1,3
202200042972,2022-08-20 14:55:00,2022,8,20,14,55,77,77177,D21,48.802341,2.74478,Plein jour,Hors agglomération,Hors intersection,Normale,Deux véhicules - arrière,3,2,2,0,1,1,1,0,1,80,2,3,1,0,2,0,36.0,24.0,voiture,deux_roues,1,1,1,1,2
202200042973,2022-06-12 17:01:00,2022,6,12,17,1,82,82172,d 19,44.308737,1.796619,Plein jour,Hors agglomération,Hors intersection,Normale,Trois véhicules et plus - collisions multiples,3,2,2,0,2,3,1,0,1,80,3,3,2,0,1,0,15.0,15.0,deux_roues,deux_roues,1,1,1,1,5
202200042974,2022-04-03 11:40:00,2022,4,3,11,40,59,59017,RESISTANTS (RUE DES ),50.6914741234,2.8731236457,Plein jour,En agglomération,Hors intersection,Normale,Autre collision,7,2,2,2,1,1,1,0,1,50,2,2,1,0,1,0,,25.0,voiture,deux_roues,1,2,1,1,6
202200042975,2022-06-13 12:50:00,2022,6,13,12,50,82,82018,Route de Caussade,44.0947136207,1.5337458543,Plein jour,Hors agglomération,Hors intersection,Normale,Deux véhicules - frontale,3,2,2,0,1,2,1,0,1,80,2,2,0,0,1,1,36.0,33.0,voiture,voiture,1,1,1,1,1
202200042976,2022-08-20 19:15:00,2022,8,20,19,15,34,34067,D25,43.939146,3.688992,Crépuscule ou aube,Hors agglomération,Hors intersection,Normale,Deux véhicules - frontale,3,2,2,0,1,3,1,0,1,80,2,7,0,0,2,5,46.0,57.0,voiture,voiture,2,1,1,1,1
202200042977,2022-04-03 20:55:00,2022,4,3,20,55,37,37261,COLLON (RUE GEORGES),47.3815560438,0.7078671455,Nuit avec éclairage allumé,En agglomération,Hors intersection,Normale,Autre collision,4,2,3,1,1,1,1,0,4,50,1,2,1,0,0,1,,,deux_roues,,5,2,1,1,6
202200042978,2022-08-19 18:15:00,2022,8,19,18,15,21,21038,2 Place d'Armes,47.193753,5.389363,Plein jour,En agglomération,Hors intersection,Normale,Deux véhicules - arrière,4,1,1,0,1,1,1,0,1,30,2,2,1,0,0,1,15.0,17.0,deux_roues,deux_roues,1,2,1,1,2
202200042979,2022-04-03 02:45:00,2022,4,3,2,45,33,33063,Boulevard du Président Wilson,44.84485,-0.59889,Nuit avec éclairage allumé,En agglomération,Hors intersection,Normale,Autre collision,4,3,4,3,1,1,1,0,1,50,1,2,0,0,1,1,22.0,,deux_roues,,5,2,1,1,6
202200042980,2022-04-03 06:50:00,2022,4,3,6,50,27,27681,IVRY (ROUTE D'),49.07432,1.47476,Crépuscule ou aube,Hors agglomération,Hors intersection,Temps couvert,Autre collision,4,2,1,0,2,2,1,0,3,80,1,1,0,0,0,1,31.0,,voiture,,2,1,1,8,6
202200042981,2022-08-19 02:00:00,2022,8,19,2,0,88,88076,Rue de la Gare,48.235532,6.731374,Nuit avec éclairage allumé,En agglomération,Hors intersection,Normale,Deux véhicules - frontale,3,2,2,0,2,2,2,0,4,50,1,2,0,0,0,2,21.0,,voiture,,5,2,1,1,1
202200042982,2022-04-03 22:18:00,2022,4,3,22,18,17,17299,LOTI RUE PIERRE,45.937201,-0.962105,Nuit avec éclairage allumé,En agglomération,Intersection en X,Normale,Deux véhicules - côté,4,-1,2,0,1,1,1,0,1,30,2,2,1,0,1,0,36.0,17.0,voiture,deux_roues,5,2,2,1,3
202200042983,2022-08-19 20:40:00,2022,8,19,20,40,57,57683,Avenue des Tilleuls,49.299382,6.1496432,Crépuscule ou aube,En agglomération,Intersection en T,Normale,Deux véhicules - frontale,4,2,2,0,1,1,1,0,1,50,2,2,1,0,1,0,24.0,27.0,deux_roues,voiture,2,2,3,1,1
202200042984,2022-06-08 15:45:00,2022,6,8,15,45,33,33424,D 1215,45.174398,-0.83863,Plein jour,Hors agglomération,Hors intersection,Normale,Deux véhicules - frontale,3,2,2,0,1,1,1,0,1,80,2,3,0,1,2,0,76.0,23.0,voiture,utilitaire_camion,1,1,1,1,1
202200042985,2022-04-02 20:10:00,2022,4,2,20,10,15,15014,CÔTE DE LASCANAUX (RN120),44.933019,2.423829,Crépuscule ou aube,Hors agglomération,Hors intersection,Neige / grêle,Sans collision,3,3,4,0,2,3,2,0,8,90,1,1,0,0,1,0,19.0,,voiture,,2,1,1,4,7
202200042986,2022-04-02 16:30:00,2022,4,2,16,30,13,13213,ROSE (AVENUE DE LA),43.3267681326,5.4227472901,Plein jour,En agglomération,Hors intersection,Normale,Deux véhicules - côté,4,2,4,0,1,1,1,0,1,50,2,2,1,0,0,1,59.0,41.0,deux_roues,voiture,1,2,1,1,3
202200042987,2022-06-12 12:15:00,2022,6,12,12,15,71,71302,D 977,46.70569,4.683276,Plein jour,Hors agglomération,Hors intersection,Normale,Trois véhicules et plus - collisions multiples,3,2,2,0,2,3,1,0,1,80,3,4,1,0,1,2,45.0,86.0,voiture,voiture,1,1,1,1,5
202200042988,2022-04-03 19:20:00,2022,4,3,19,20,06,06029,PICAUD (AVENUE DU DOCTEUR),43.55065,6.99572,Crépuscule ou aube,En agglomération,Hors intersection,Normale,Deux véhicules - arrière,4,2,2,0,2,1,1,0,1,50,2,2,0,0,0,2,52.0,21.0,voiture,deux_roues,2,2,1,1,2
202200042989,2022-04-01 08:19:00,2022,4,1,8,19,75,75116,RUE BOISSIERE,48.867737,2.288403,Plein jour,En agglomération,Intersection en X,Neige / grêle,Autre collision,4,1,1,0,1,2,2,6,1,30,1,2,1,0,1,0,39.0,,voiture,,1,2,2,4,6
202200042990,2022-06-11 19:50:00,2022,6,11,19,50,63,63368,D118,45.693823,3.315039,Plein jour,En agglomération,Hors intersection,Normale,Sans collision,3,2,2,0,2,3,9,0,1,50,1,1,0,0,0,1,20.0,,deux_roues,,1,2,1,1,7
202200042991,2022-06-13 09:15:00,2022,6,13,9,15,61,61429,La Roberdiere,48.649767,0.771425,Plein jour,Hors agglomération,Hors intersection,Normale,Sans collision,4,2,2,0,2,1,1,0,3,90,1,1,0,0,1,0,51.0,,deux_roues,,1,1,1,1,7
202200042992,2022-04-03 03:30:00,2022,4,3,3,30,75,75105,BOULEVARD DE L HOPITAL,48.8437532676,2.3644798994,Nuit avec éclairage allumé,En agglomération,Place,Normale,Autre collision,4,2,2,0,1,1,1,0,1,30,1,1,0,0,0,1,27.0,,deux_roues,,5,2,7,1,6
202200042993,2022-06-09 14:15:00,2022,6,9,14,15,49,49369,CD 207,47.431861,0.078149,Plein jour,Hors agglomération,Hors intersection,Normale,Autre collision,3,2,2,0,1,1,9,0,3,80,1,1,0,0,1,0,73.0,,voiture,,1,1,1,1,6
202200042994,2022-04-03 17:05:00,2022,4,3,17,5,75,75117,BOULEVARD DES BATIGNOLLES,48.882786,2.323241,Plein jour,En agglomération,Intersection en T,Normale,Deux véhicules - côté,4,1,1,0,1,1,1,0,1,30,2,2,1,0,0,1,19.0,68.0,deux_roues,voiture,1,2,3,1,3
202200042995,2022-06-13 11:45:00,2022,6,13,11,45,12,12199,06 avenue de la promenade,44.410238,2.288504,Plein jour,En agglomération,Hors intersection,Normale,Autre collision,3,2,2,0,2,1,1,0,1,50,1,2,1,0,0,1,55.0,,voiture,,1,2,1,1,6
202200042996,2022-04-03 02:20:00,2022,4,3,2,20,75,75117,AVENUE DE WAGRAM,48.878407,2.298395,Nuit avec éclairage allumé,En agglomération,Place,Normale,Deux véhicules - côté,4,2,2,1,1,1,1,0,5,30,2,3,1,0,0,2,24.0,24.0,deux_roues,voiture,5,2,7,1,3
202200042997,2022-06-12 16:50:00,2022,6,12,16,50,42,42027,Route de Vitré,45.9183754419,3.9722950906,Plein jour,Hors agglomération,Hors intersection,Normale,Sans collision,4,2,2,0,2,3,9,0,1,80,1,2,1,0,1,0,62.0,,deux_roues,,1,1,1,1,7
202200042998,2022-04-03 13:30:00,2022,4,3,13,30,75,75115,PLACE DE LA PORTE DE VERSAILLES,48.8329420089,2.2872215509,Plein jour,En agglomération,Place,Normale,Autre collision,4,1,2,1,1,1,1,0,1,30,1,2,1,0,0,1,32.0,,deux_roues,,1,2,7,1,6
202200042999,2022-06-07 14:16:00,2022,6,7,14,16,46,46317,Chemin de Boulayrac,44.831852,1.770824,Plein jour,Hors agglomération,Intersection en T,Normale,Deux véhicules - côté,3,2,2,0,1,1,1,5,1,80,2,2,1,0,1,0,63.0,51.0,voiture,voiture,1,1,3,1,3
202200043000,2022-04-03 22:30:00,2022,4,3,22,30,75,75113,BOULEVARD VINCENT AURIOL,48.833373,2.362913,Nuit avec éclairage allumé,En agglomération,Hors intersection,Normale,Sans collision,4,-1,4,1,2,1,1,0,5,30,1,1,0,0,0,1,25.0,,deux_roues,,5,2,1,1,7
202200043001,2022-04-03 03:50:00,2022,4,3,3,50,75,75112,QUAI DE LA RAPEE,48.846324,2.368004,Nuit avec éclairage allumé,En agglomération,Hors intersection,Normale,Deux véhicules - arrière,4,-1,3,0,2,1,1,0,1,30,2,3,1,0,0,2,23.0,62.0,deux_roues,voiture,5,2,1,1,2
202200043002,2022-06-12 18:30:00,2022,6,12,18,30,47,47271,456 Route de Marmande,44.65835,0.190065,Plein jour,Hors agglomération,Hors intersection,Normale,Deux véhicules - frontale,3,2,2,0,1,1,1,0,1,80,2,2,1,0,1,0,35.0,78.0,voiture,voiture,1,1,1,1,1
202200043003,2022-04-03 02:55:00,2022,4,3,2,55,75,75104,BOULEVARD HENRI IV,48.851522,2.363717,Nuit avec éclairage allumé,En agglomération,Intersection en T,Normale,Deux véhicules - arrière,4,2,3,3,1,1,1,0,1,30,2,2,1,0,0,1,28.0,33.0,deux_roues,voiture,5,2,3,1,2
202200043004,2022-06-12 15:00:00,2022,6,12,15,0,25,25036,Rue des Cerisiers,47.212904,5.962824,Plein jour,En agglomération,Intersection en T,Normale,Deux véhicules - côté,3,2,2,0,1,1,1,0,1,50,2,3,1,0,2,0,16.0,32.0,deux_roues,voiture,1,2,3,1,3
202200043005,2022-04-02 23:50:00,2022,4,2,23,50,94,94074,Avenue Henri Barbusse,48.77048,2.44041,Nuit avec éclairage allumé,En agglomération,Hors intersection,Normale,Deux véhicules - côté,2,3,4,0,1,1,1,0,1,50,2,3,2,0,0,1,29.0,21.0,deux_roues,voiture,5,2,1,1,3
202200043006,2022-06-12 15:00:00,2022,6,12,15,0,29,29184,Tail Ar Brezil,48.605613,-3.990682,Plein jour,Hors agglomération,Hors intersection,Normale,Sans collision,3,2,2,0,1,1,1,0,1,80,1,1,0,0,1,0,62.0,,voiture,,1,1,1,1,7
202200043007,2022-04-03 16:00:00,2022,4,3,16,0,94,94028,Avenue de Verdun,48.79945,2.46689,Plein jour,En agglomération,Hors intersection,Normale,Autre collision,3,3,6,3,1,1,1,0,1,30,1,2,1,0,0,1,22.0,,voiture,,1,2,1,1,6