accident_id,datetime,annee,mois,jour,heure,minute,departement,commune_insee,adresse,latitude,longitude,luminosite,agglomeration,intersection,meteo,collision,catr,circ,nbv,vosp,prof,plan,surf,infra,situ,vma,nb_vehicules,nb_usagers,nb_indemnes,nb_tues,nb_blesses_hosp,nb_blesses_legers,age_cond_1,age_cond_2,veh_type_cond_1,veh_type_cond_2,lum_code,agg_code,int_code,atm_code,col_code
202200043191,2022-01-27 14:25:00,2022,1,27,14,25,64,64125,Avenue de Bayonne,43.450366,-1.56364,Plein jour,En agglomération,Hors intersection,Normale,Trois véhicules et plus - collisions multiples,3,2,2,0,1,1,1,0,1,50,3,3,2,0,0,1,33.0,35.0,voiture,deux_roues,1,2,1,1,5
202200043192,2022-10-27 19:10:00,2022,10,27,19,10,31,31113,17 Avenue de Toulouse,43.516432,1.498341,Crépuscule ou aube,En agglomération,Intersection en T,Normale,Deux véhicules - côté,3,2,2,0,1,1,1,0,1,50,2,2,1,0,1,0,41.0,16.0,voiture,deux_roues,2,2,3,1,3
202200043193,2022-04-02 13:20:00,2022,4,2,13,20,91,91434,CHENES (AVENUE DES),48.650803,2.355599,Plein jour,En agglomération,Intersection en T,Normale,Deux véhicules - côté,4,2,4,0,1,1,1,0,1,50,2,2,1,0,0,1,18.0,62.0,deux_roues,utilitaire_camion,1,2,3,1,3
202200043194,2022-04-02 09:30:00,2022,4,2,9,30,91,91433,R.D.20,48.44672,2.17565,Plein jour,Hors agglomération,Hors intersection,Normale,Deux véhicules - arrière,3,3,2,0,1,1,1,0,1,90,2,3,1,0,0,2,21.0,58.0,voiture,voiture,1,1,1,1,2
202200043195,2022-10-29 01:45:00,2022,10,29,1,45,972,97214,Lotissement Seguineau,14.8311044104,-61.0455054045,Nuit sans éclairage public,En agglomération,Hors intersection,Normale,Deux véhicules - frontale,9,2,2,0,2,2,1,0,1,50,2,3,1,0,2,0,28.0,24.0,voiture,deux_roues,3,2,1,1,1
202200043196,2022-10-30 12:08:00,2022,10,30,12,8,83,83134,D10,43.457685,6.42108,Plein jour,Hors agglomération,Hors intersection,Normale,Sans collision,3,2,2,0,2,4,1,0,8,80,1,1,0,0,1,0,41.0,,deux_roues,,1,1,1,1,7
202200043197,2022-06-11 00:35:00,2022,6,11,0,35,83,83069,MOULIN PREMIER (CHEMIN DU),43.12453,6.15469,Nuit avec éclairage allumé,En agglomération,Intersection en X,Normale,Deux véhicules - frontale,7,2,2,0,1,3,1,5,1,50,2,4,2,0,1,1,48.0,37.0,deux_roues,voiture,5,2,2,1,1
202200043198,2022-04-01 16:43:00,2022,4,1,16,43,88,88424,Alsace ( Rue d ' ),48.26834,6.98109,Plein jour,En agglomération,Hors intersection,Pluie légère,Autre collision,3,2,2,0,1,1,2,0,1,50,1,2,1,0,0,1,61.0,,voiture,,1,2,1,2,6
202200043199,2022-10-28 16:00:00,2022,10,28,16,0,63,63001,D2009,46.0246673319,3.2176342607,Plein jour,Hors agglomération,Hors intersection,Normale,Deux véhicules - frontale,3,2,2,0,2,1,1,0,1,90,2,5,0,0,5,0,39.0,17.0,voiture,voiture,1,1,1,1,1
202200043200,2022-04-02 18:35:00,2022,4,2,18,35,83,83137,FORGENTIER (CHEMIN DE),43.1321320802,5.904119119,Plein jour,En agglomération,Giratoire,Normale,Trois véhicules et plus - collisions multiples,4,2,2,0,1,1,1,0,1,50,3,5,2,0,0,3,33.0,28.0,voiture,voiture,1,2,6,1,5
202200043201,2022-04-02 16:00:00,2022,4,2,16,0,83,83137,ARMARIS (BD DES),43.1283815164,5.9817016125,Plein jour,En agglomération,Hors intersection,Normale,Autre collision,6,-1, -1,0,1,1,1,9,1,10,1,2,1,0,1,0,77.0,,utilitaire_camion,,1,2,1,1,6
202200043202,2022-10-30 15:40:00,2022,10,30,15,40,01,01173,Rue de Mourex,46.325076,6.084934,Plein jour,En agglomération,Hors intersection,Temps éblouissant,Deux véhicules - frontale,4,2,2,0,2,4,1,0,1,50,2,2,1,0,1,0,14.0,37.0,deux_roues,voiture,1,2,1,7,1
202200043203,2022-04-02 14:30:00,2022,4,2,14,30,77,77186,D417,48.40276,2.6955,Plein jour,En agglomération,Hors intersection,Normale,Autre collision,3,2,2,0,1,1,1,0,1,50,1,2,1,0,0,1,36.0,,voiture,,1,2,1,1,6
202200043204,2022-10-30 02:30:00,2022,10,30,2,30,30,30282,,44.135514,4.495254,Nuit sans éclairage public,Hors agglomération,Hors intersection,Brouillard / fumée,Autre collision,3,2,2,0,2,2,1,9,3,80,1,2,0,0,2,0,25.0,,deux_roues,,3,1,1,5,6
202200043205,2022-04-02 11:15:00,2022,4,2,11,15,76,76575,D418,49.37375,1.08402,Plein jour,Hors agglomération,Hors intersection,Normale,Autre collision,7,3,5,0,1,2,1,0,1,110,1,2,1,0,1,0,23.0,,voiture,,1,1,1,1,6
202200043206,2022-04-02 21:15:00,2022,4,2,21,15,71,71486,RD 974,46.6459,4.335933,Crépuscule ou aube,En agglomération,Hors intersection,Normale,Sans collision,3,2,2,0,1,1,1,0,1,50,1,1,0,0,0,1,40.0,,deux_roues,,2,2,1,1,7
202200043207,2022-10-29 16:50:00,2022,10,29,16,50,87,87152,D7,45.957766,1.234503,Plein jour,Hors agglomération,Intersection en X,Normale,Trois véhicules et plus - collisions multiples,3,2,2,0,1,1,1,0,1,-1,3,4,3,0,1,0,58.0,24.0,voiture,deux_roues,1,1,2,1,5
202200043208,2022-04-02 21:15:00,2022,4,2,21,15,69,69266,Rue des Alliés,45.77755,4.8815,Nuit avec éclairage allumé,En agglomération,Intersection en X,Pluie légère,Deux véhicules - côté,4,2,2,0,1,1,2,0,1,30,2,2,1,0,1,0,37.0,,deux_roues,autre,5,2,2,2,3
202200043209,2022-10-30 02:10:00,2022,10,30,2,10,41,41010,Rue de Vendôme,47.83623,0.993876,Nuit sans éclairage public,Hors agglomération,Hors intersection,Normale,Autre collision,3,2,3,0,2,3,1,0,3,70,1,1,0,1,0,0,46.0,,deux_roues,,3,1,1,1,6
202200043210,2022-04-01 16:05:00,2022,4,1,16,5,64,64125,Avenue de la Source Royale,43.4410285969,-1.5774822235,Plein jour,En agglomération,Hors intersection,Pluie légère,Sans collision,3,2,2,0,2,2,2,0,1,50,1,1,0,0,0,1,62.0,,deux_roues,,1,2,1,2,7
202200043211,2022-10-30 13:25:00,2022,10,30,13,25,59,59114,355 Route de Saint-amand,50.458423,3.50606,Plein jour,En agglomération,Hors intersection,Normale,Deux véhicules - côté,3,2,2,0,1,1,1,0,1,50,2,2,1,0,1,0,22.0,27.0,voiture,deux_roues,1,2,1,1,3
202200043212,2022-10-29 12:00:00,2022,10,29,12,0,34,34309,D21,43.706833,3.940326,Plein jour,Hors agglomération,Giratoire,Normale,Deux véhicules - côté,3,2,2,0,1,2,1,0,5,80,2,2,1,0,0,1,30.0,82.0,voiture,deux_roues,1,1,6,1,3
202200043213,2022-04-01 16:55:00,2022,4,1,16,55,61,61001,LOUIS ROUSIER (RUE),48.43071,0.10194,Plein jour,En agglomération,Intersection en T,Neige / grêle,Deux véhicules - côté,4,1,1,0,1,1,2,0,1,30,2,2,1,0,0,1,54.0,59.0,deux_roues,voiture,1,2,3,4,3
202200043214,2022-10-29 14:30:00,2022,10,29,14,30,59,59037,D74,50.208522,3.384991,Plein jour,Hors agglomération,Hors intersection,Normale,Sans collision,3,2,2,0,1,1,1,0,3,80,1,1,0,0,1,0,38.0,,deux_roues,,1,1,1,1,7
202200043215,2022-04-02 12:00:00,2022,4,2,12,0,54,54395,KELLER (RUE CHARLES),48.7038367281,6.1757513881,Plein jour,En agglomération,Hors intersection,Normale,Deux véhicules - frontale,4,2,1,0,1,1,1,0,1,50,2,6,0,0,0,6,34.0,45.0,voiture,voiture,1,2,1,1,1
202200043216,2022-10-30 00:50:00,2022,10,30,0,50,2B,2B145,D6,42.478226,9.42893,Nuit sans éclairage public,Hors agglomération,Hors intersection,Normale,Sans collision,3,2,2,0,2,1,1,0,8,80,1,5,0,0,5,0,52.0,,voiture,,3,1,1,1,7
202200043217,2022-04-02 17:00:00,2022,4,2,17,0,51,51454,rue de la Pompelle,49.252248,4.049397,Plein jour,En agglomération,Intersection en X,Normale,Deux véhicules - côté,4,2,2,0,1,1,1,0,1,50,2,2,1,0,0,1,65.0,19.0,voiture,voiture,1,2,2,1,3
202200043218,2022-10-29 21:40:00,2022,10,29,21,40,69,69108,436 Route de Corcelles,46.168137,4.720227,Nuit sans éclairage public,Hors agglomération,Hors intersection,Normale,Autre collision,3,2,2,0,1,2,1,0,3,80,1,3,0,0,1,2,24.0,,voiture,,3,1,1,1,6
202200043219,2022-04-02 18:45:00,2022,4,2,18,45,37,37261,WAGNER (BOULEVARD RICHARD),47.3752644961,0.7075104117,Plein jour,En agglomération,Hors intersection,Normale,Deux véhicules - côté,4,3,4,0,1,1,1,0,1,50,2,2,1,0,0,1,,30.0,voiture,voiture,1,2,1,1,3
202200043220,2022-10-29 05:00:00,2022,10,29,5,0,11,11040,D613,43.132184,2.865608,Nuit sans éclairage public,Hors agglomération,Hors intersection,Normale,Autre collision,3,2,2,0,1,1,1,0,3,80,1,1,0,0,1,0,22.0,,voiture,,3,1,1,1,6
202200043221,2022-10-30 18:48:00,2022,10,30,18,48,63,63234,D996 PK45.5,45.582329,3.085485,Nuit sans éclairage public,Hors agglomération,Hors intersection,Normale,Autre collision,3,-1,2,0,1,2,1,0,1,90,1,3,2,0,0,1,24.0,,voiture,,3,1,1,1,6
202200043222,2022-04-02 20:20:00,2022,4,2,20,20,35,35238,QUINELEU (DE),48.1015306693,-1.6707510129,Plein jour,En agglomération,Hors intersection,Normale,Deux véhicules - côté,4,1,1,2,1,1,1,-1,1,30,2,2,1,0,0,1,30.0,9.0,voiture,deux_roues,1,2,1,1,3
202200043223,2022-04-02 07:20:00,2022,4,2,7,20,35,35238,PATTON (AVENUE DU GENERAL SIR GEORGES),48.1385041105,-1.6586579382,Crépuscule ou aube,En agglomération,Intersection à plus de 4 branches,Normale,Autre collision,4,2,3,2,1,1,1,5,1,50,1,2,1,0,0,1,43.0,,voiture,,2,2,5,1,6
202200043224,2022-10-29 20:30:00,2022,10,29,20,30,49,49228,D767,47.5880129126,0.1398153385,Nuit sans éclairage public,Hors agglomération,Hors intersection,Normale,Deux véhicules - frontale,3,2,2,0,1,3,1,0,1,80,2,4,0,1,3,0,67.0,42.0,voiture,voiture,3,1,1,1,1
202200043225,2022-10-26 05:45:00,2022,10,26,5,45,42,42304,Route de Montbrison,45.54677,4.170921,Nuit sans éclairage public,Hors agglomération,Hors intersection,Normale,Autre collision,3,2,2,0,1,1,1,0,1,80,1,1,0,0,1,0,44.0,,voiture,,3,1,1,1,6
202200043226,2022-04-02 05:35:00,2022,4,2,5,35,35,35238,CONNECTE (THOMAS),48.1038323126,-1.6959701478,Nuit avec éclairage allumé,En agglomération,Hors intersection,Normale,Autre collision,4,1,1,0,1,1,1,0,1,30,1,3,2,0,0,1,20.0,,voiture,,5,2,1,1,6
202200043227,2022-10-30 14:30:00,2022,10,30,14,30,34,34070,D36,43.408559,3.000866,Plein jour,Hors agglomération,Hors intersection,Normale,Sans collision,3,2,2,0,1,3,1,0,1,80,1,2,0,0,2,0,28.0,,deux_roues,,1,1,1,1,7
202200043228,2022-10-29 23:30:00,2022,10,29,23,30,39,39039,,47.150027,5.700966,Nuit sans éclairage public,Hors agglomération,Hors intersection,Normale,Autre collision,3,2,2,0,1,1,1,0,3,70,1,1,0,0,1,0,33.0,,voiture,,3,1,1,1,6
202200043229,2022-04-01 15:10:00,2022,4,1,15,10,34,34172,MONTELS-EGLISE (RUE DE),43.5781,3.87597,Plein jour,En agglomération,Intersection en T,Normale,Deux véhicules - côté,4,2,2,0,1,1,1,0,1,50,2,2,1,0,1,0,56.0,75.0,utilitaire_camion,voiture,1,2,3,1,3
202200043230,2022-04-02 18:55:00,2022,4,2,18,55,33,33039,Centre commercial Rives d'Arcins,44.7936010144,-0.5321120471,Plein jour,Hors agglomération,Hors intersection,Normale,Autre collision,6,-1, -1,0,1,1,1,0,1,10,1,2,1,0,0,1,26.0,,voiture,,1,1,1,1,6
202200043231,2022-10-29 19:10:00,2022,10,29,19,10,25,25218,D50,47.204511,6.39473,Nuit sans éclairage public,Hors agglomération,Hors intersection,Normale,Deux véhicules - côté,3,2,2,0,1,2,1,0,1,80,2,5,4,0,1,0,69.0,69.0,voiture,utilitaire_camion,3,1,1,1,3
202200043232,2022-04-02 12:00:00,2022,4,2,12,0,33,33318,Avenue Jean Jaurès,44.81192,-0.61697,Plein jour,En agglomération,Hors intersection,Normale,Trois véhicules et plus - en chaîne,4,2,2,2,1,1,1,0,1,50,3,4,3,0,0,1,38.0,36.0,voiture,voiture,1,2,1,1,4
202200043233,2022-10-30 05:30:00,2022,10,30,5,30,25,25154,Route Nationale,47.111437,5.90631,Crépuscule ou aube,Hors agglomération,Hors intersection,Normale,Deux véhicules - frontale,2,2,3,0,1,3,1,0,1,90,2,2,0,0,1,1,39.0,24.0,voiture,voiture,2,1,1,1,1
202200043234,2022-10-30 14:45:00,2022,10,30,14,45,29,29175,10 Rue Neuve,48.25293,-3.827507,Plein jour,En agglomération,Intersection en T,Normale,Deux véhicules - côté,4,2,2,0,1,1,1,5,1,50,2,2,1,0,1,0,20.0,11.0,voiture,deux_roues,1,2,3,1,3
202200043235,2022-04-02 08:55:00,2022,4,2,8,55,33,33529,BISCAROSSE (AVE) DUNE VERS BISCA,44.58737,-1.20401,Plein jour,Hors agglomération,Intersection en T,Normale,Deux véhicules - côté,3,2,2,0,1,1,1,0,1,70,2,2,0,0,0,2,75.0,63.0,voiture,voiture,1,1,3,1,3
202200043236,2022-10-29 17:45:00,2022,10,29,17,45,29,29061,E. Leclerc (Supermarché),48.43066,-4.471242,Crépuscule ou aube,En agglomération,Hors intersection,Normale,Autre collision,6,-1, -1,0,1,1,1,9,8,20,1,2,1,0,0,1,38.0,,voiture,,2,2,1,1,6
202200043237,2022-04-02 09:15:00,2022,4,2,9,15,27,27701,JEUNES (PLACE AUX),49.27449,1.20653,Plein jour,En agglomération,Place,Normale,Deux véhicules - côté,4,2,2,0,2,1,1,0,1,50,2,2,1,0,0,1,22.0,36.0,voiture,voiture,1,2,7,1,3
202200043238,2022-10-30 15:30:00,2022,10,30,15,30,31,31550,route d'encausse,43.047557,0.771554,Plein jour,En agglomération,Hors intersection,Normale,Sans collision,3,2,2,0,2,3,1,0,3,-1,1,1,0,0,1,0,67.0,,deux_roues,,1,2,1,1,7
202200043239,2022-10-29 22:50:00,2022,10,29,22,50,31,31098,Route de Garac,43.721932,1.045504,Nuit sans éclairage public,Hors agglomération,Hors intersection,Vent fort / tempête,Autre collision,3,2,2,0,4,3,1,0,8,80,1,1,0,1,0,0,16.0,,deux_roues,,3,1,1,6,6
202200043240,2022-10-29 15:35:00,2022,10,29,15,35,31,31462,35 Route d'Albi,43.671567,1.520449,Plein jour,Hors agglomération,Hors intersection,Normale,Autre collision,3,2,2,0,2,1,1,0,3,70,1,1,0,0,1,0,41.0,,voiture,,1,1,1,1,6
202200043241,2022-04-02 13:00:00,2022,4,2,13,0,13,13215,SAINT ANTOINE (AVENUE DE),43.3750457351,5.3557687583,Plein jour,En agglomération,Hors intersection,Normale,Deux véhicules - côté,4,2,3,0,1,1,1,0,1,50,2,3,2,0,0,1,,,voiture,deux_roues,1,2,1,1,3
202200043242,2022-04-01 21:30:00,2022,4,1,21,30,13,13208,RABATAU (BOULEVARD),43.27544,5.39596,Nuit avec éclairage allumé,En agglomération,Intersection en X,Normale,Deux véhicules - frontale,3,2,4,0,1,1,1,5,1,50,2,2,0,0,0,2,34.0,27.0,deux_roues,deux_roues,5,2,2,1,1
202200043243,2022-10-30 05:40:00,2022,10,30,5,40,02,02833,9 Rue de Quiquengrogne,49.962427,3.995338,Nuit sans éclairage public,Hors agglomération,Hors intersection,Normale,Deux véhicules - frontale,3,2,2,0,1,1,1,0,1,80,2,2,1,0,0,1,37.0,20.0,voiture,voiture,3,1,1,1,1
202200043244,2022-04-02 21:00:00,2022,4,2,21,0,13,13004,RTE DE CRAU,43.65489,4.66777,Nuit sans éclairage public,Hors agglomération,Hors intersection,Normale,Deux véhicules - arrière,3,2,0,0,1,1,2,0,1,80,2,2,0,0,0,2,36.0,27.0,voiture,voiture,3,1,1,1,2
202200043245,2022-10-30 13:30:00,2022,10,30,13,30,84,84072,cd 942 mazan,44.051593,5.164588,Plein jour,Hors agglomération,Hors intersection,Normale,Deux véhicules - frontale,3,2,2,0,1,3,1,0,1,70,2,4,1,1,0,2,72.0,18.0,voiture,voiture,1,1,1,1,1
202200043246,2022-04-02 11:28:00,2022,4,2,11,28,10,10333,AUXERRE (ROUTE),48.2737107636,4.0576887131,Plein jour,En agglomération,Hors intersection,Normale,Autre collision,3,2,2,0,1,1,1,0,1,50,1,2,1,0,0,1,37.0,,voiture,,1,2,1,1,6
202200043247,2022-10-30 12:10:00,2022,10,30,12,10,84,84005,route de sault,44.135668,5.415171,Plein jour,Hors agglomération,Hors intersection,Normale,Deux véhicules - arrière,3,2,2,0,1,1,1,0,1,80,3,3,1,0,0,2,58.0,61.0,deux_roues,deux_roues,1,1,1,1,2
202200043248,2022-04-02 18:35:00,2022,4,2,18,35,06,06069,Rd point des Quatre Chemins,43.64504,6.940697,Plein jour,En agglomération,Giratoire,Pluie légère,Deux véhicules - côté,4,2,2,0,2,3,2,0,1,50,2,2,1,0,0,1,25.0,18.0,voiture,deux_roues,1,2,6,2,3
202200043249,2022-10-30 12:40:00,2022,10,30,12,40,01,01454,RD 1504,45.709238,5.726205,Plein jour,Hors agglomération,Hors intersection,Normale,Autre collision,3,2,2,0,1,3,1,0,3,70,1,2,0,2,0,0,37.0,,deux_roues,,1,1,1,1,6
202200043250,2022-04-01 16:00:00,2022,4,1,16,0,75,75115,RUE DESNOUETTES,48.835249,2.285471,Plein jour,En agglomération,Intersection en T,Pluie légère,Sans collision,4,1,1,0,1,1,2,0,1,30,1,1,0,0,0,1,35.0,,deux_roues,,1,2,3,2,7
202200043251,2022-10-29 17:45:00,2022,10,29,17,45,26,26289,RD 93 lieu dit La Chaux,44.6924134641,5.1850962639,Plein jour,Hors agglomération,Hors intersection,Normale,Deux véhicules - frontale,3,2,2,0,1,3,1,0,1,80,2,2,1,0,1,0,24.0,67.0,utilitaire_camion,deux_roues,1,1,1,1,1
202200043252,2022-10-29 18:30:00,2022,10,29,18,30,54,54306,2 Rue de France,48.68127,5.76073,Crépuscule ou aube,En agglomération,Intersection en T,Normale,Deux véhicules - côté,3,2,2,0,1,2,1,0,1,50,2,2,1,0,1,0,35.0,55.0,deux_roues,voiture,2,2,3,1,3
202200043253,2022-04-01 23:20:00,2022,4,1,23,20,75,75114,RUE DE L OUEST,48.834767,2.316856,Nuit avec éclairage allumé,En agglomération,Intersection en X,Normale,Deux véhicules - côté,4,1,1,0,1,1,2,0,1,30,2,2,1,0,0,1,,37.0,deux_roues,deux_roues,5,2,2,1,3
202200043254,2022-10-29 23:20:00,2022,10,29,23,20,45,45097,1 Rue de Montcorbon,47.99814,2.98298,Nuit sans éclairage public,Hors agglomération,Hors intersection,Normale,Autre collision,4,2,2,0,1,2,1,0,3,80,1,3,0,0,3,0,21.0,,voiture,,3,1,1,1,6
202200043255,2022-04-01 23:50:00,2022,4,1,23,50,75,75114,AVENUE JEAN MOULIN,48.825912,2.32239,Nuit avec éclairage allumé,En agglomération,Intersection en T,Temps couvert,Autre collision,4,1,1,0,1,1,2,0,1,30,2,2,1,0,0,1,34.0,35.0,voiture,deux_roues,5,2,3,8,6
202200043256,2022-10-30 02:00:00,2022,10,30,2,0,40,40017,D933s,43.730786,-0.572212,Nuit sans éclairage public,Hors agglomération,Hors intersection,Normale,Sans collision,3,2,2,0,4,2,1,0,1,80,1,1,0,0,1,0,27.0,,voiture,,3,1,1,1,7
202200043257,2022-04-02 10:05:00,2022,4,2,10,5,75,75112,PORT DE LA RAPEE,48.841905,2.371844,Plein jour,En agglomération,Hors intersection,Normale,Deux véhicules - frontale,4,2,2,1,2,4,1,0,5,30,2,2,1,0,0,1,28.0,60.0,deux_roues,deux_roues,1,2,1,1,1
202200043258,2022-10-26 08:00:00,2022,10,26,8,0,85,85090,D752,46.824613,-0.886256,Crépuscule ou aube,Hors agglomération,Intersection en X,Normale,Deux véhicules - côté,3,-1,2,0,2,1,1,0,1,-1,2,2,1,0,0,1,65.0,32.0,voiture,deux_roues,2,1,2,1,3
202200043259,2022-10-28 12:10:00,2022,10,28,12,10,85,85051,RD137 les 3 pigeons,46.709115,-1.064938,Plein jour,Hors agglomération,Hors intersection,Normale,Trois véhicules et plus - en chaîne,3,2,2,0,1,1,1,0,1,80,3,3,2,0,1,0,46.0,71.0,voiture,utilitaire_camion,1,1,1,1,4
202200043260,2022-04-02 02:40:00,2022,4,2,2,40,75,75112,QUAI DE BERCY,48.829054,2.387328,Nuit avec éclairage allumé,En agglomération,Hors intersection,Normale,Trois véhicules et plus - collisions multiples,4,1,3,0,1,1,1,0,1,30,3,4,3,0,0,1,47.0,,voiture,voiture,5,2,1,1,5
202200043261,2022-10-27 17:00:00,2022,10,27,17,0,17,17104,RN10,45.3144444362,-0.2304875851,Plein jour,Hors agglomération,Autre intersection,Normale,Sans collision,2,3,4,0,1,1,1,3,1,90,1,1,0,0,0,1,32.0,,deux_roues,,1,1,9,1,7
202200043262,2022-04-02 18:10:00,2022,4,2,18,10,75,75103,RUE DES ARCHIVES,48.861232,2.358209,Plein jour,En agglomération,Intersection en X,Normale,Deux véhicules - frontale,4,1,1,0,1,1,1,0,1,30,2,2,1,0,0,1,38.0,30.0,deux_roues,deux_roues,1,2,2,1,1
202200043263,2022-10-30 16:05:00,2022,10,30,16,5,88,88426,Route départementale 465,47.841102,6.832638,Plein jour,Hors agglomération,Hors intersection,Normale,Sans collision,3,3,2,0,2,2,1,0,3,80,1,1,0,1,0,0,46.0,,deux_roues,,1,1,1,1,7
202200043264,2022-10-29 15:45:00,2022,10,29,15,45,31,31391,"D117, PK 011+300",43.119123,0.931563,Plein jour,Hors agglomération,Hors intersection,Normale,Deux véhicules - frontale,3,2,2,0,2,2,1,0,1,70,2,3,1,0,1,1,32.0,50.0,voiture,utilitaire_camion,1,1,1,1,1
202200043265,2022-04-02 01:45:00,2022,4,2,1,45,75,75102,RUE DU QUATRE SEPTEMBRE,48.869542,2.336782,Nuit avec éclairage allumé,En agglomération,Intersection en X,Pluie légère,Deux véhicules - côté,4,1,3,3,1,1,2,0,1,30,2,2,1,0,0,1,28.0,32.0,deux_roues,voiture,5,2,2,2,3
202200043266,2022-04-02 16:50:00,2022,4,2,16,50,94,94078,WINSTON CHURCHILL (AV),48.75273,2.45415,Plein jour,En agglomération,Hors intersection,Normale,Autre collision,3,2,4,0,1,1,1,5,1,50,1,2,1,0,0,1,,,autre,,1,2,1,1,6
202200043267,2022-10-30 11:10:00,2022,10,30,11,10,976,97602,D2,-12.735419,45.118916,Plein jour,Hors agglomération,Hors intersection,Temps éblouissant,Trois véhicules et plus - collisions multiples,3,2,2,0,2,1,1,0,1,70,3,4,1,1,2,0,44.0,37.0,voiture,deux_roues,1,1,1,7,5
202200043268,2022-04-02 15:10:00,2022,4,2,15,10,94,94046,83 Avenue de la République,48.80501,2.43907,Plein jour,En agglomération,Hors intersection,Normale,Deux véhicules - côté,3,-1,2,0,1,1,1,0,1,50,2,2,1,0,0,1,19.0,,deux_roues,voiture,1,2,1,1,3
202200043269,2022-10-29 19:40:00,2022,10,29,19,40,30,30156,"A9, PK 45+000",43.86331,4.432232,Nuit sans éclairage public,Hors agglomération,Hors intersection,Normale,Deux véhicules - arrière,1,1,3,0,1,1,1,0,1,130,2,8,6,0,1,1,18.0,37.0,voiture,voiture,3,1,1,1,2
202200043270,2022-04-01 21:40:00,2022,4,1,21,40,94,94028,Rue des Mèches,48.791204402,2.4550487274,Nuit avec éclairage allumé,En agglomération,Hors intersection,Normale,Deux véhicules - arrière,3,2,5,3,1,1,2,0,1,50,2,3,2,0,0,1,33.0,46.0,voiture,voiture,5,2,1,1,2
202200043271,2022-10-30 06:45:00,2022,10,30,6,45,988,98815,Tuho (Tribu),-21.486217,167.917056,Plein jour,Hors agglomération,Hors intersection,Normale,Autre collision,3,2,2,0,1,1,1,0,3,90,1,1,0,0,1,0,39.0,,voiture,,1,1,1,1,6
202200043272,2022-10-30 03:45:00,2022,10,30,3,45,988,98829,St Michel (Tribu),-21.65192,166.1747,Nuit sans éclairage public,Hors agglomération,Hors intersection,Pluie légère,Sans collision,3,2,2,0,3,2,2,0,3,90,1,1,0,1,0,0,22.0,,voiture,,3,1,1,2,7
202200043273,2022-04-02 16:15:00,2022,4,2,16,15,94,94018,Rue de Paris / Rue Jeanne d'Arc,48.82523,2.40791,Plein jour,En agglomération,Intersection en T,Normale,Deux véhicules - côté,3,2,2,2,1,1,1,0,1,30,2,2,1,0,0,1,38.0,64.0,deux_roues,voiture,1,2,3,1,3
202200043274,2022-10-30 09:15:00,2022,10,30,9,15,986,98613,RT1 - Lavegahau,-13.311871,-176.188645,Plein jour,En agglomération,Hors intersection,Normale,Sans collision,2,2,2,0,1,2,1,0,1,70,1,2,1,0,1,0,23.0,,utilitaire_camion,,1,2,1,1,7
202200043275,2022-04-02 19:10:00,2022,4,2,19,10,93,93059,Avenue Laënnec / Rue Babeuf,48.96201,2.37034,Plein jour,En agglomération,Intersection en T,Normale,Deux véhicules - arrière,3,2,2,0,1,1,1,0,1,50,2,2,1,0,0,1,24.0,30.0,deux_roues,voiture,1,2,3,1,2
202200043276,2022-04-02 14:30:00,2022,4,2,14,30,93,93055,JEAN JAURES (AVENUE) (76/128),48.9049226311,2.3933503926,Plein jour,En agglomération,Hors intersection,Normale,Deux véhicules - arrière,3,1,2,1,1,1,1,0,5,50,2,2,1,0,0,1,59.0,31.0,voiture,deux_roues,1,2,1,1,2
202200043277,2022-10-17 21:35:00,2022,10,17,21,35,21,21515,Avenue de l'Université,47.313225,5.097569,Nuit avec éclairage allumé,En agglomération,Intersection à plus de 4 branches,Normale,Deux véhicules - côté,7,2,2,0,1,1,1,0,1,50,2,3,1,0,0,2,60.0,17.0,voiture,deux_roues,5,2,5,1,3
202200043278,2022-04-01 14:00:00,2022,4,1,14,0,93,93074,Rue de Montauban / Rue Romain Rolland,48.93154,2.5747,Plein jour,En agglomération,Intersection en T,Pluie légère,Deux véhicules - frontale,4,2,2,0,1,1,2,0,1,50,2,2,1,0,0,1,24.0,24.0,voiture,voiture,1,2,3,2,1
202200043279,2022-10-30 13:27:00,2022,10,30,13,27,29,29233,D16,47.851449,-3.570943,Plein jour,Hors agglomération,Hors intersection,Temps couvert,Deux véhicules - frontale,3,2,2,0,1,3,1,0,1,80,2,3,1,0,1,1,56.0,20.0,utilitaire_camion,voiture,1,1,1,8,1
202200043280,2022-04-02 15:14:00,2022,4,2,15,14,93,93027,Avenue Roger Salengro,48.93331,2.38698,Plein jour,En agglomération,Hors intersection,Normale,Deux véhicules - arrière,3,3,2,0,1,1,1,0,1,50,2,3,1,0,0,2,30.0,33.0,voiture,voiture,1,2,1,1,2
202200043281,2022-10-30 15:30:00,2022,10,30,15,30,2A,2A247,d 468 route de cala rossa,41.631474,9.319984,Plein jour,Hors agglomération,Hors intersection,Normale,Deux véhicules - frontale,3,-1,2,0,2,3,1,0,1,-1,2,2,1,0,1,0,24.0,39.0,voiture,deux_roues,1,1,1,1,1