accident_id,datetime,annee,mois,jour,heure,minute,departement,commune_insee,adresse,latitude,longitude,luminosite,agglomeration,intersection,meteo,collision,catr,circ,nbv,vosp,prof,plan,surf,infra,situ,vma,nb_vehicules,nb_usagers,nb_indemnes,nb_tues,nb_blesses_hosp,nb_blesses_legers,age_cond_1,age_cond_2,veh_type_cond_1,veh_type_cond_2,lum_code,agg_code,int_code,atm_code,col_code
202200043282,2022-04-03 10:15:00,2022,4,3,10,15,22,22048,d794,48.466982,-2.123387,Crépuscule ou aube,Hors agglomération,Intersection en T,Normale,Deux véhicules - frontale,3,2,2,0,1,3,1,5,1,80,2,2,1,0,1,0,56.0,65.0,voiture,deux_roues,2,1,3,1,1
202200043283,2022-10-29 21:15:00,2022,10,29,21,15,34,34058,M106,43.6859325368,4.0199741901,Nuit sans éclairage public,Hors agglomération,Hors intersection,Normale,Deux véhicules - frontale,7,2,2,0,1,1,1,0,1,80,2,2,1,0,0,1,65.0,43.0,voiture,voiture,3,1,1,1,1
202200043284,2022-04-02 11:30:00,2022,4,2,11,30,35,35066,RN137,48.0364786745,-1.6873374581,Plein jour,Hors agglomération,Hors intersection,Normale,Deux véhicules - côté,2,3,6,0,1,3,1,0,1,110,2,3,2,0,1,0,34.0,64.0,voiture,deux_roues,1,1,1,1,3
202200043285,2022-10-29 11:15:00,2022,10,29,11,15,83,83138,RD19,43.616341,6.715758,Plein jour,Hors agglomération,Hors intersection,Normale,Autre collision,3,2,2,0,1,1,1,9,3,80,1,1,0,0,1,0,43.0,,deux_roues,,1,1,1,1,6
202200043286,2022-04-02 09:50:00,2022,4,2,9,50,63,63404,autoroute A75,45.566896,3.249668,Plein jour,Hors agglomération,Hors intersection,Neige / grêle,Autre collision,1,3,4,0,1,3,2,0,8,90,1,2,0,0,1,1,24.0,,voiture,,1,1,1,4,6
202200043287,2022-04-02 14:00:00,2022,4,2,14,0,62,62312,D150,50.506188,1.795941,Plein jour,Hors agglomération,Hors intersection,Normale,Deux véhicules - frontale,3,-1,2,0,1,1,1,0,1,80,2,4,1,1,2,0,36.0,20.0,voiture,voiture,1,1,1,1,1
202200043288,2022-10-29 14:40:00,2022,10,29,14,40,13,13030,chemin de sainte catherine,43.273479,5.711464,Plein jour,En agglomération,Intersection en T,Normale,Deux véhicules - frontale,4,2,2,0,1,1,1,2,1,50,2,2,0,0,1,1,46.0,19.0,voiture,voiture,1,2,3,1,1
202200043289,2022-04-02 23:25:00,2022,4,2,23,25,59,59413,D115,50.103429,3.426554,Nuit sans éclairage public,Hors agglomération,Hors intersection,Normale,Deux véhicules - arrière,3,2,2,0,3,1,1,0,1,80,2,4,1,2,0,1,40.0,64.0,voiture,voiture,3,1,1,1,2
202200043290,2022-10-30 12:10:00,2022,10,30,12,10,68,68342,Rue du Ballon,47.8237038355,7.1629345413,Plein jour,Hors agglomération,Hors intersection,Normale,Sans collision,3,2,2,0,2,1,8,0,1,70,1,1,0,0,1,0,35.0,,deux_roues,,1,1,1,1,7
202200043291,2022-04-01 17:10:00,2022,4,1,17,10,19,19249,La Bilou,45.457948,1.963452,Plein jour,Hors agglomération,Hors intersection,Autre,Autre collision,3,2,2,0,2,2,2,0,8,90,1,2,1,0,1,0,55.0,,voiture,,1,1,1,9,6
202200043292,2022-10-28 16:40:00,2022,10,28,16,40,68,68154,rd201,47.768811,7.389894,Plein jour,En agglomération,Hors intersection,Normale,Deux véhicules - arrière,3,2,2,0,3,1,1,2,1,-1,2,2,1,0,0,1,35.0,19.0,deux_roues,voiture,1,2,1,1,2
202200043293,2022-04-02 12:56:00,2022,4,2,12,56,65,65129,Route des Pyrenees,43.292552,0.51583,Plein jour,Hors agglomération,Hors intersection,Normale,Sans collision,3,2,2,0,1,1,1,0,3,90,1,4,3,0,1,0,28.0,,voiture,,1,1,1,1,7
202200043294,2022-10-30 15:00:00,2022,10,30,15,0,88,88196,Route de la Bresse,48.030661,6.869985,Plein jour,Hors agglomération,Hors intersection,Normale,Autre collision,3,2,2,0,2,2,1,0,3,80,1,1,0,0,1,0,59.0,,deux_roues,,1,1,1,1,6
202200043295,2022-04-02 00:10:00,2022,4,2,0,10,33,33026,arroukats,44.452543,-0.411274,Nuit sans éclairage public,Hors agglomération,Hors intersection,Autre,Autre collision,3,2,2,0,1,1,1,0,8,80,1,2,1,1,0,0,27.0,,voiture,,3,1,1,9,6
202200043296,2022-04-03 03:30:00,2022,4,3,3,30,81,81208,D10,43.826988,1.876473,Nuit sans éclairage public,Hors agglomération,Hors intersection,Normale,Autre collision,3,2,2,0,1,1,1,0,3,80,1,1,0,0,1,0,33.0,,voiture,,3,1,1,1,6
202200043297,2022-10-30 04:00:00,2022,10,30,4,0,03,03165,D176,46.061589,3.628235,Nuit sans éclairage public,Hors agglomération,Hors intersection,Normale,Sans collision,3,2,2,0,2,2,1,0,8,90,1,2,0,0,0,2,19.0,,utilitaire_camion,,3,1,1,1,7
202200043298,2022-04-03 12:33:00,2022,4,3,12,33,11,11125,D205,42.946811,2.828035,Plein jour,Hors agglomération,Hors intersection,Normale,Autre collision,3,2,2,0,1,1,1,0,3,80,1,1,0,0,1,0,81.0,,voiture,,1,1,1,1,6
202200043299,2022-04-02 20:11:00,2022,4,2,20,11,89,89254,D965,47.697068,3.169211,Crépuscule ou aube,Hors agglomération,Hors intersection,Neige / grêle,Sans collision,3,2,2,0,2,1,2,0,8,70,1,2,1,0,1,0,45.0,,voiture,,2,1,1,4,7
202200043300,2022-10-29 14:47:00,2022,10,29,14,47,73,73050,D1504,45.675422,5.853052,Plein jour,Hors agglomération,Hors intersection,Normale,Deux véhicules - arrière,3,2,2,2,2,2,1,-1,5,70,2,2,1,0,1,0,31.0,50.0,voiture,deux_roues,1,1,1,1,2
202200043301,2022-04-01 19:45:00,2022,4,1,19,45,76,76711,1 Rue du Docteur Pépin,50.0591133422,1.3788941503,Crépuscule ou aube,En agglomération,Hors intersection,Normale,Autre collision,4,2,2,0,2,1,1,0,4,30,1,2,1,1,0,0,29.0,,voiture,,2,2,1,1,6
202200043302,2022-10-29 15:00:00,2022,10,29,15,0,42,42327,D1086,45.451007,4.753781,Plein jour,En agglomération,Hors intersection,Normale,Deux véhicules - arrière,3,2,2,0,1,1,1,0,1,70,2,2,1,0,1,0,14.0,51.0,deux_roues,voiture,1,2,1,1,2
202200043303,2022-04-03 17:27:00,2022,4,3,17,27,61,61116,Le Grand Baugni,48.370196,0.858092,Plein jour,Hors agglomération,Hors intersection,Normale,Sans collision,3,2,2,0,1,1,1,0,3,90,1,1,0,0,1,0,57.0,,voiture,,1,1,1,1,7
202200043304,2022-04-03 01:30:00,2022,4,3,1,30,42,42081,Route de Saint Galmier,45.600768,4.285389,Nuit sans éclairage public,Hors agglomération,Hors intersection,Normale,Autre collision,3,2,2,0,2,1,2,2,8,80,1,2,0,0,2,0,23.0,,voiture,,3,1,1,1,6
202200043305,2022-04-02 14:25:00,2022,4,2,14,25,86,86298,11 Route des Chataigniers,46.740787,0.523573,Plein jour,Hors agglomération,Hors intersection,Normale,Autre collision,4,2,2,0,1,1,1,0,1,80,1,1,0,1,0,0,84.0,,deux_roues,,1,1,1,1,6
202200043306,2022-10-26 12:35:00,2022,10,26,12,35,07,07323,D279 intersection D379,44.897828,4.819221,Plein jour,En agglomération,Intersection en T,Temps éblouissant,Trois véhicules et plus - collisions multiples,3,2,2,3,2,3,1,0,6,50,3,3,2,0,0,1,65.0,30.0,voiture,deux_roues,1,2,3,7,5
202200043307,2022-04-03 14:05:00,2022,4,3,14,5,44,44111,Les Ardillières,47.367765,-1.729903,Plein jour,Hors agglomération,Intersection en X,Normale,Deux véhicules - arrière,3,2,2,0,1,1,1,5,1,70,2,2,1,1,0,0,24.0,26.0,deux_roues,voiture,1,1,2,1,2
202200043308,2022-04-01 16:50:00,2022,4,1,16,50,26,26113,ROUTE DÉPARTEMENTALE 93,44.744417,5.385532,Plein jour,Hors agglomération,Autre intersection,Neige / grêle,Deux véhicules - arrière,3,2,2,0,2,1,2,0,3,80,2,2,1,0,0,1,31.0,59.0,deux_roues,voiture,1,1,9,4,2
202200043309,2022-10-30 17:00:00,2022,10,30,17,0,69,69106,703 Route des Crêtes,45.926077,4.686291,Crépuscule ou aube,En agglomération,Intersection en X,Normale,Deux véhicules - frontale,3,2,2,0,3,1,1,0,1,50,2,3,1,0,0,2,54.0,18.0,deux_roues,voiture,2,2,2,1,1
202200043310,2022-04-03 11:45:00,2022,4,3,11,45,54,54014,D20B PK 3+280,48.5411737443,6.8419933313,Plein jour,Hors agglomération,Hors intersection,Normale,Autre collision,3,2,2,0,1,2,1,0,8,80,1,2,0,0,2,0,17.0,,voiture,,1,1,1,1,6
202200043311,2022-10-29 22:50:00,2022,10,29,22,50,60,60666,D922,49.116664,2.647233,Nuit sans éclairage public,Hors agglomération,Hors intersection,Normale,Sans collision,3,2,2,0,1,2,1,0,3,80,1,1,0,0,0,1,48.0,,deux_roues,,3,1,1,1,7
202200043312,2022-04-03 12:55:00,2022,4,3,12,55,14,14083,D16,49.207164,0.08207,Plein jour,En agglomération,Hors intersection,Normale,Autre collision,3,2,2,0,2,1,1,0,4,50,1,1,0,0,0,1,26.0,,deux_roues,,1,2,1,1,6
202200043313,2022-10-29 18:45:00,2022,10,29,18,45,59,59471,D73,50.31801554,3.5687273741,Nuit sans éclairage public,Hors agglomération,Hors intersection,Normale,Autre collision,3,3,3,0,1,1,1,0,1,70,1,1,0,1,0,0,34.0,,deux_roues,,3,1,1,1,6
202200043314,2022-04-02 23:15:00,2022,4,2,23,15,18,18148,Avenue de Chateauroux,47.207081,2.043178,Nuit avec éclairage allumé,En agglomération,Hors intersection,Normale,Autre collision,3,2,2,0,1,1,1,0,3,70,1,5,4,0,0,1,18.0,,voiture,,5,2,1,1,6
202200043315,2022-04-03 11:28:00,2022,4,3,11,28,53,53236,D205,48.293351,-0.163518,Plein jour,En agglomération,Hors intersection,Normale,Sans collision,3,2,2,0,2,1,1,0,1,50,1,1,0,0,1,0,58.0,,deux_roues,,1,2,1,1,7
202200043316,2022-10-28 03:50:00,2022,10,28,3,50,13,13106,A7-Sens Marseille vers Lyon,43.38321,5.35127,Nuit sans éclairage public,Hors agglomération,Hors intersection,Normale,Trois véhicules et plus - collisions multiples,1,1,3,0,2,1,1,0,1,90,3,4,2,0,0,2,20.0,25.0,voiture,voiture,3,1,1,1,5
202200043317,2022-04-03 08:50:00,2022,4,3,8,50,53,53216,La Rifaudiere,48.354912,-0.586245,Plein jour,Hors agglomération,Hors intersection,Normale,Sans collision,3,2,2,0,2,1,1,0,3,80,1,1,0,0,0,1,60.0,,voiture,,1,1,1,1,7
202200043318,2022-04-02 17:15:00,2022,4,2,17,15,53,53086,La Mangeottière,48.197733,-1.044087,Plein jour,En agglomération,Hors intersection,Normale,Deux véhicules - arrière,3,2,2,0,1,2,1,0,1,-1,2,2,0,0,0,2,26.0,44.0,utilitaire_camion,voiture,1,2,1,1,2
202200043319,2022-10-29 12:30:00,2022,10,29,12,30,91,91687,AUTOROUTE A6,48.66758,2.35791,Plein jour,Hors agglomération,Hors intersection,Normale,Trois véhicules et plus - en chaîne,1,2,6,0,1,1,1,0,1,110,4,4,3,0,0,1,32.0,25.0,voiture,voiture,1,1,1,1,4
202200043320,2022-04-03 17:45:00,2022,4,3,17,45,28,28199,pk 0 D356.1,48.192069,1.80135,Plein jour,Hors agglomération,Intersection en X,Normale,Deux véhicules - côté,3,-1,2,0,1,1,1,0,1,80,2,4,0,0,1,3,66.0,20.0,voiture,voiture,1,1,2,1,3
202200043321,2022-10-29 10:20:00,2022,10,29,10,20,78,78455,A13,48.852412,2.064362,Plein jour,Hors agglomération,Hors intersection,Normale,Deux véhicules - arrière,1,-1,2,0,1,1,1,0,1,110,2,3,2,0,0,1,27.0,22.0,voiture,utilitaire_camion,1,1,1,1,2
202200043322,2022-04-02 17:36:00,2022,4,2,17,36,17,17353,D937c,45.991569,-1.044228,Plein jour,Hors agglomération,Hors intersection,Normale,Sans collision,3,2,2,0,1,2,1,0,3,80,1,1,0,1,0,0,43.0,,deux_roues,,1,1,1,1,7
202200043323,2022-04-01 19:35:00,2022,4,1,19,35,17,17248,Cours Bellevue,45.484,-0.78909,Plein jour,En agglomération,Hors intersection,Normale,Sans collision,3,2,2,0,1,1,1,0,1,50,1,1,0,0,1,0,39.0,,deux_roues,,1,2,1,1,7
202200043324,2022-10-29 10:45:00,2022,10,29,10,45,78,78455,A13,48.857247,2.054132,Plein jour,Hors agglomération,Hors intersection,Normale,Trois véhicules et plus - en chaîne,1,-1,2,0,1,1,1,0,1,110,3,4,3,0,0,1,81.0,28.0,voiture,voiture,1,1,1,1,4
202200043325,2022-04-02 18:55:00,2022,4,2,18,55,30,30164,D979,44.212892,4.336125,Plein jour,Hors agglomération,Hors intersection,Normale,Deux véhicules - frontale,3,2,2,0,2,2,1,0,1,80,2,2,1,0,0,1,49.0,61.0,voiture,utilitaire_camion,1,1,1,1,1
202200043326,2022-10-25 08:15:00,2022,10,25,8,15,78,78490,RN12 INT,48.800081,1.968253,Plein jour,Hors agglomération,Hors intersection,Normale,Deux véhicules - côté,2,1,2,0,1,1,1,0,1,90,2,2,1,0,0,1,47.0,44.0,deux_roues,voiture,1,1,1,1,3
202200043327,2022-04-02 18:49:00,2022,4,2,18,49,30,30126,d982,43.992259,4.325416,Plein jour,Hors agglomération,Hors intersection,Temps éblouissant,Deux véhicules - côté,3,2,2,0,1,1,1,0,1,-1,2,2,1,1,0,0,43.0,49.0,voiture,utilitaire_camion,1,1,1,7,3
202200043328,2022-04-03 02:40:00,2022,4,3,2,40,76,76082,"A29, Pk 47.500",49.603869,0.480137,Nuit sans éclairage public,Hors agglomération,Hors intersection,Normale,Autre collision,1,3,4,0,1,1,1,0,3,130,1,2,1,0,1,0,24.0,,voiture,,3,1,1,1,6
202200043329,2022-10-28 20:05:00,2022,10,28,20,5,95,95572,A15,49.0333436049,2.1055538682,Nuit sans éclairage public,Hors agglomération,Hors intersection,Normale,Deux véhicules - côté,1,3,6,0,1,1,1,0,1,90,2,3,1,0,0,2,23.0,40.0,voiture,deux_roues,3,1,1,1,3
202200043330,2022-04-03 16:30:00,2022,4,3,16,30,18,18167,,47.125095,1.930453,Plein jour,Hors agglomération,Hors intersection,Normale,Autre collision,1,3,4,0,1,1,1,0,3,130,1,1,0,0,0,1,69.0,,voiture,,1,1,1,1,6
202200043331,2022-04-02 07:15:00,2022,4,2,7,15,01,01007,A42,46.034067,5.319335,Crépuscule ou aube,Hors agglomération,Hors intersection,Neige / grêle,Deux véhicules - arrière,1,3,4,0,1,1,5,0,1,130,2,2,1,0,0,1,28.0,61.0,voiture,utilitaire_camion,2,1,1,4,2
202200043332,2022-10-29 10:45:00,2022,10,29,10,45,93,93066,AUTOROUTE A1,48.9084519447,2.3581552505,Plein jour,Hors agglomération,Hors intersection,Normale,Trois véhicules et plus - collisions multiples,1,3,4,0,1,1,1,1,1,90,4,5,2,0,0,3,26.0,56.0,voiture,voiture,1,1,1,1,5
202200043333,2022-10-29 08:30:00,2022,10,29,8,30,95,95028,RN 104,49.0626121997,2.3369510947,Plein jour,Hors agglomération,Hors intersection,Normale,Autre collision,2,3,5,0,1,2,1,0,1,90,1,3,0,0,0,3,25.0,,voiture,,1,1,1,1,6
202200043334,2022-04-03 06:00:00,2022,4,3,6,0,988,98817,Route de la corniche (4300),-22.28066,166.57988,Plein jour,En agglomération,Hors intersection,Normale,Sans collision,3,2,2,0,1,2,1,0,3,50,1,2,0,0,1,1,26.0,,voiture,,1,2,1,1,7
202200043335,2022-10-28 20:10:00,2022,10,28,20,10,95,95582,A15,48.965656671,2.2585975521,Nuit sans éclairage public,Hors agglomération,Hors intersection,Normale,Trois véhicules et plus - collisions multiples,1,3,8,0,1,1,1,0,1,110,3,3,2,0,0,1,29.0,47.0,voiture,voiture,3,1,1,1,5
202200043336,2022-04-02 15:20:00,2022,4,2,15,20,83,83099,,43.452737,6.691487,Plein jour,En agglomération,Autre intersection,Normale,Deux véhicules - côté,3,2,2,0,1,1,1,5,1,-1,2,2,1,0,1,0,61.0,20.0,deux_roues,voiture,1,2,9,1,3
202200043337,2022-10-28 08:30:00,2022,10,28,8,30,95,95018,A15,48.9596762311,2.2718836052,Plein jour,Hors agglomération,Hors intersection,Normale,Trois véhicules et plus - collisions multiples,1,3,10,0,1,1,1,0,1,110,3,3,0,0,0,3,28.0,36.0,deux_roues,voiture,1,1,1,1,5
202200043338,2022-04-02 21:55:00,2022,4,2,21,55,57,57596,1 Rue Nationale,49.160506,6.853742,Nuit avec éclairage allumé,En agglomération,Hors intersection,Normale,Deux véhicules - arrière,3,2,2,0,1,1,1,0,1,50,2,3,0,0,0,3,55.0,41.0,voiture,voiture,5,2,1,1,2
202200043339,2022-03-19 16:05:00,2022,3,19,16,5,65,65059,"rue poncet, résidence la passerelle, devant la porte F2",43.069099,0.151843,Plein jour,En agglomération,Hors intersection,Normale,Sans collision,4,-1,2,0,1,1,1,6,3,30,1,1,0,0,0,1,48.0,,deux_roues,,1,2,1,1,7
202200043340,2022-10-28 06:30:00,2022,10,28,6,30,95,95252, A15,48.9785899184,2.2301079603,Nuit avec éclairage non allumé,Hors agglomération,Hors intersection,Normale,Deux véhicules - arrière,1,3,7,0,1,1,1,0,1,90,2,2,0,0,0,2,29.0,33.0,voiture,utilitaire_camion,4,1,1,1,2
202200043341,2022-10-29 03:40:00,2022,10,29,3,40,94,94065,N186,48.7538424491,2.3542632476,Nuit sans éclairage public,Hors agglomération,Hors intersection,Normale,Autre collision,2,-1,1,0,1,2,2,0,1,90,1,1,0,0,0,1,37.0,,deux_roues,,3,1,1,1,6
202200043342,2022-04-03 06:00:00,2022,4,3,6,0,49,49023,D756,47.205502,-0.933645,Nuit sans éclairage public,Hors agglomération,Hors intersection,Normale,Deux véhicules - frontale,3,2,2,0,2,3,1,0,1,80,2,2,0,0,1,1,22.0,58.0,voiture,voiture,3,1,1,1,1
202200043343,2022-10-27 17:57:00,2022,10,27,17,57,17,17306,EUROPE (COURS DE L'),45.624866,-1.022395,Plein jour,En agglomération,Hors intersection,Normale,Autre collision,4,2,2,0,1,1,1,0,1,30,1,2,1,0,0,1,59.0,,voiture,,1,2,1,1,6
202200043344,2022-04-03 14:30:00,2022,4,3,14,30,57,57323,Place Robert Schuman,49.4031359,6.1563451,Plein jour,En agglomération,Hors intersection,Normale,Sans collision,6,-1, -1,0,1,1,1,0,1,-1,1,2,1,0,1,0,54.0,,utilitaire_camion,,1,2,1,1,7
202200043345,2022-10-28 19:50:00,2022,10,28,19,50,988,98818,RUE JACQUES IEKAWE,-22.24404,166.46898,Nuit avec éclairage allumé,En agglomération,Hors intersection,Normale,Autre collision,4,2,2,0,1,1,1,0,1,50,1,3,2,0,1,0,37.0,,utilitaire_camion,,5,2,1,1,6
202200043346,2022-10-26 19:10:00,2022,10,26,19,10,974,97411,JAURES (BOULEVARD JEAN),-20.8906,55.4645,Nuit avec éclairage allumé,En agglomération,Hors intersection,Normale,Autre collision,2,-1,0,0,1,1,1,0,1,50,1,3,1,0,0,2,49.0,,voiture,,5,2,1,1,6
202200043347,2022-10-27 16:15:00,2022,10,27,16,15,974,97415,ROUTE NATIONALE N° 1,-20.96038,55.30744,Nuit sans éclairage public,Hors agglomération,Hors intersection,Normale,Deux véhicules - côté,2,3,1,0,1,1,1,2,1,110,2,2,1,0,0,1,39.0,55.0,deux_roues,voiture,3,1,1,1,3
202200043348,2022-04-02 15:30:00,2022,4,2,15,30,33,33039,ROCADE A 630,44.792824,-0.539866,Plein jour,Hors agglomération,Hors intersection,Normale,Trois véhicules et plus - collisions multiples,1,3,6,0,1,3,1,3,1,90,4,8,7,0,0,1,37.0,27.0,voiture,voiture,1,1,1,1,5
202200043349,2022-10-28 19:00:00,2022,10,28,19,0,2B,2B120,11 - RT,42.6498726994,9.4404391676,Nuit avec éclairage allumé,En agglomération,Hors intersection,Normale,Deux véhicules - arrière,2,1,2,0,1,1,1,0,1,70,2,5,0,0,0,5,36.0,19.0,voiture,voiture,5,2,1,1,2
202200043350,2022-04-02 05:35:00,2022,4,2,5,35,91,91064,RN 118,48.74941,2.209458,Nuit sans éclairage public,Hors agglomération,Hors intersection,Normale,Sans collision,2,3,2,0,2,3,1,0,2,70,1,1,0,0,0,1,26.0,,voiture,,3,1,1,1,7
202200043351,2022-10-28 12:05:00,2022,10,28,12,5,2A,2A004,PIETRI FRANCOIS RUE,41.93501,8.75212,Plein jour,En agglomération,Hors intersection,Normale,Deux véhicules - côté,4,1,2,0,1,1,1,0,1,50,2,2,1,0,0,1,57.0,22.0,voiture,deux_roues,1,2,1,1,3
202200043352,2022-04-02 01:29:00,2022,4,2,1,29,92,92002,AUTOROUTE A86,48.7603064863,2.2822194786,Nuit sans éclairage public,Hors agglomération,Hors intersection,Pluie légère,Autre collision,2,3,4,0,1,1,2,0,1,110,1,3,2,0,0,1,23.0,,voiture,,3,1,1,2,6
202200043353,2022-04-01 08:37:00,2022,4,1,8,37,94,94034,AUTOROUTE A86,48.75775,2.32817,Nuit avec éclairage allumé,Hors agglomération,Hors intersection,Normale,Deux véhicules - arrière,1,3,4,0,1,1,1,1,1,70,2,2,1,0,1,0,19.0,32.0,voiture,deux_roues,5,1,1,1,2
202200043354,2022-04-02 14:30:00,2022,4,2,14,30,78,78073,N12Y,48.798204,2.009585,Plein jour,Hors agglomération,Hors intersection,Normale,Sans collision,2,1,1,0,1,3,1,3,1,50,1,1,0,0,1,0,58.0,,deux_roues,,1,1,1,1,7
202200043355,2022-04-01 22:30:00,2022,4,1,22,30,92,92012,A13,48.8485446228,2.2283505179,Nuit avec éclairage allumé,Hors agglomération,Hors intersection,Pluie légère,Deux véhicules - arrière,1,-1,2,0,1,3,2,0,1,70,2,2,0,0,0,2,24.0,46.0,voiture,voiture,5,1,1,2,2
202200043356,2022-10-28 14:25:00,2022,10,28,14,25,91,91161,RUE DENIS PAPIN,48.703387,2.304276,Plein jour,En agglomération,Hors intersection,Normale,Deux véhicules - côté,4,2,2,0,1,1,1,0,1,50,2,3,2,0,0,1,59.0,23.0,utilitaire_camion,voiture,1,2,1,1,3
202200043357,2022-04-01 15:45:00,2022,4,1,15,45,92,92036,A86,48.9376888497,2.2967567326,Plein jour,Hors agglomération,Hors intersection,Neige / grêle,Deux véhicules - arrière,1,-1,2,0,1,1,2,0,1,90,2,2,1,0,1,0,51.0,20.0,voiture,deux_roues,1,1,1,4,2
202200043358,2022-04-02 16:40:00,2022,4,2,16,40,93,93039,AUTOROUTE A86,48.9266789645,2.3358397729,Plein jour,Hors agglomération,Hors intersection,Normale,Sans collision,1,3,8,0,1,1,1,0,1,90,1,1,0,0,0,1,34.0,,deux_roues,,1,1,1,1,7
202200043359,2022-10-27 17:40:00,2022,10,27,17,40,91,91161,RTE DE MASSY,48.711326,2.30487,Plein jour,Hors agglomération,Autre intersection,Normale,Trois véhicules et plus - en chaîne,4,1,2,0,1,1,1,0,8,70,3,3,1,0,0,2,50.0,53.0,utilitaire_camion,utilitaire_camion,1,1,9,1,4
202200043360,2022-04-02 17:00:00,2022,4,2,17,0,93,93078,AUTOROUTE A104,48.96903,2.506,Plein jour,Hors agglomération,Hors intersection,Normale,Trois véhicules et plus - collisions multiples,1,3,8,0,1,1,1,0,1,90,4,4,3,0,0,1,37.0,21.0,utilitaire_camion,voiture,1,1,1,1,5
202200043361,2022-10-28 16:35:00,2022,10,28,16,35,91,91657,AV HENRI BARBUSSE,48.70176,2.42554,Plein jour,En agglomération,Hors intersection,Normale,Deux véhicules - frontale,3,2,2,0,1,1,1,0,1,50,2,3,1,0,0,2,61.0,33.0,voiture,autre,1,2,1,1,1
202200043362,2022-10-28 14:20:00,2022,10,28,14,20,91,91027,RUE DES PLANTES,48.70739,2.38217,Plein jour,En agglomération,Hors intersection,Autre,Autre collision,3,1,1,0,1,1,1,0,1,30,1,2,1,1,0,0,42.0,,voiture,,1,2,1,9,6
202200043363,2022-04-02 13:20:00,2022,4,2,13,20,93,93007,AUTOROUTE A3,48.92086,2.4795,Plein jour,Hors agglomération,Hors intersection,Normale,Trois véhicules et plus - en chaîne,1,3,6,0,1,1,1,0,1,110,3,3,2,0,1,0,31.0,59.0,voiture,voiture,1,1,1,1,4
202200043364,2022-10-22 14:10:00,2022,10,22,14,10,83,83061,,43.43831,6.71396,Plein jour,En agglomération,Hors intersection,Normale,Autre collision,3,3,4,0,1,1,1,0,1,50,1,4,0,0,1,3,20.0,,voiture,,1,2,1,1,6
202200043365,2022-09-19 18:50:00,2022,9,19,18,50,77,77350,AV DU 8 MAI 1945,48.76127,2.67874,Plein jour,En agglomération,Giratoire,Normale,Deux véhicules - côté,4,1,2,3,1,3,1,5,1,50,2,2,1,0,1,0,77.0,43.0,voiture,deux_roues,1,2,6,1,3
202200043366,2022-04-01 23:15:00,2022,4,1,23,15,93,93064,AUTOROUTE A86,48.86838,2.48223,Nuit sans éclairage public,Hors agglomération,Hors intersection,Normale,Trois véhicules et plus - en chaîne,1,3,3,0,1,1,1,0,1,110,8,9,8,0,0,1,29.0,22.0,utilitaire_camion,voiture,3,1,1,1,4
202200043367,2022-04-01 23:45:00,2022,4,1,23,45,92,92036,AUTOROUTE A15,48.9378886633,2.297667219,Nuit sans éclairage public,Hors agglomération,Hors intersection,Autre,Deux véhicules - arrière,1,3,4,0,1,2,2,2,1,90,2,2,1,0,0,1,35.0,36.0,voiture,voiture,3,1,1,9,2
202200043368,2022-10-28 21:00:00,2022,10,28,21,0,77,77307,AV DE LA SOCIETE DES NATIONS,48.85828,2.76106,Nuit avec éclairage allumé,En agglomération,Intersection en X,Normale,Deux véhicules - côté,4,2,2,0,1,1,1,9,1,50,2,2,1,0,0,1,37.0,35.0,deux_roues,voiture,5,2,2,1,3
202200043369,2022-04-02 00:15:00,2022,4,2,0,15,94,94033,A86.EXT,48.8539759121,2.4889206292,Nuit sans éclairage public,Hors agglomération,Hors intersection,Temps couvert,Autre collision,1,1,2,0,1,1,1,0,1,90,1,1,0,0,0,1,28.0,,voiture,,3,1,1,8,6
202200043370,2022-10-27 15:00:00,2022,10,27,15,0,76,76231,Rue du Port,49.29218,1.02094,Plein jour,En agglomération,Hors intersection,Normale,Deux véhicules - côté,7,2,2,0,1,1,1,-1,6,50,2,2,1,0,0,1,58.0,9.0,deux_roues,deux_roues,1,2,1,1,3
202200043371,2022-04-01 17:30:00,2022,4,1,17,30,94,94018,A4,48.825,2.39323,Plein jour,Hors agglomération,Hors intersection,Pluie légère,Trois véhicules et plus - en chaîne,1,1,6,0,1,1,2,3,1,90,3,4,3,0,0,1,21.0,50.0,voiture,deux_roues,1,1,1,2,4
202200043372,2022-10-28 06:20:00,2022,10,28,6,20,76,76540,Quai du Havre (Haut),49.4408,1.08297,Nuit avec éclairage allumé,En agglomération,Intersection en T,Normale,Deux véhicules - arrière,7,1,2,3,1,1,1,-1,1,50,2,2,1,0,0,1,23.0,37.0,utilitaire_camion,voiture,5,2,3,1,2
202200043373,2022-10-28 21:15:00,2022,10,28,21,15,72,72181,DOUELLE (RUE DE LA) N° PAIRS 2 A 8,48.01044,0.19354,Nuit avec éclairage allumé,En agglomération,Autre intersection,Normale,Autre collision,4,1,1,0,1,1,1,0,8,30,1,2,1,0,0,1,63.0,,voiture,,5,2,9,1,6
202200043374,2022-03-29 17:30:00,2022,3,29,17,30,51,51454,Rue d’Estienne d’Orves,49.2388639856,4.0309926867,Plein jour,En agglomération,Hors intersection,Normale,Autre collision,4,1,1,1,1,1,1,0,1,50,2,3,2,0,0,1,54.0,46.0,deux_roues,voiture,1,2,1,1,6