accident_id,datetime,annee,mois,jour,heure,minute,departement,commune_insee,adresse,latitude,longitude,luminosite,agglomeration,intersection,meteo,collision,catr,circ,nbv,vosp,prof,plan,surf,infra,situ,vma,nb_vehicules,nb_usagers,nb_indemnes,nb_tues,nb_blesses_hosp,nb_blesses_legers,age_cond_1,age_cond_2,veh_type_cond_1,veh_type_cond_2,lum_code,agg_code,int_code,atm_code,col_code
202200043468,2022-05-06 14:25:00,2022,5,6,14,25,69,69297,Autoroute 47,45.58835,4.79116,Plein jour,Hors agglomération,Hors intersection,Normale,Deux véhicules - côté,1,3,4,0,1,1,1,2,1,70,2,2,1,0,0,1,32.0,21.0,voiture,utilitaire_camion,1,1,1,1,3
202200043469,2022-05-10 06:35:00,2022,5,10,6,35,33,33065,,44.81065,-0.52189,Plein jour,Hors agglomération,Hors intersection,Normale,Autre collision,2,1,1,0,1,3,8,3,1,50,1,1,0,0,0,1,43.0,,deux_roues,,1,1,1,1,6
202200043470,2022-05-07 04:55:00,2022,5,7,4,55,33,33249,ROCADE A 630,44.88314,-0.52068,Nuit avec éclairage allumé,Hors agglomération,Hors intersection,Normale,Deux véhicules - arrière,1,3,6,0,1,2,1,0,1,70,2,3,1,0,0,2,33.0,27.0,voiture,voiture,5,1,1,1,2
202200043471,2022-04-30 00:45:00,2022,4,30,0,45,59,59378,ROUTE NATIONALE 356,50.6531492479,3.1051254272,Nuit sans éclairage public,Hors agglomération,Hors intersection,Normale,Autre collision,2,-1,6,0,1,1,1,0,1,90,1,1,0,0,0,1,24.0,,voiture,,3,1,1,1,6
202200043472,2022-05-11 20:45:00,2022,5,11,20,45,62,62498,AUTOROUTE A21,50.44672,2.83873,Plein jour,Hors agglomération,Hors intersection,Normale,Autre collision,1,-1,6,0,1,1,1,9,1,90,1,2,1,0,1,0,27.0,,voiture,,1,1,1,1,6
202200043473,2022-05-13 16:55:00,2022,5,13,16,55,91,91570,RN 104,48.62485,2.31121,Plein jour,Hors agglomération,Hors intersection,Normale,Trois véhicules et plus - en chaîne,2,1,2,0,1,1,1,0,1,110,3,3,2,0,0,1,50.0,19.0,voiture,voiture,1,1,1,1,4
202200043474,2022-05-13 12:40:00,2022,5,13,12,40,91,91661,AUTOROUTE A10,48.697,2.2379,Plein jour,Hors agglomération,Hors intersection,Normale,Deux véhicules - côté,1,3,6,0,2,1,1,0,1,110,2,2,1,0,0,1,57.0,33.0,voiture,utilitaire_camion,1,1,1,1,3
202200043475,2022-05-13 10:05:00,2022,5,13,10,5,94,94021,AUTOROUTE A106,48.7629172813,2.3443083828,Plein jour,Hors agglomération,Hors intersection,Normale,Deux véhicules - côté,1,1,2,0,1,1,1,0,1,90,2,2,1,0,0,1,28.0,44.0,utilitaire_camion,voiture,1,1,1,1,3
202200043476,2022-05-13 08:20:00,2022,5,13,8,20,94,94038,AUTOROUTE A6B,48.7732714467,2.3461107514,Plein jour,Hors agglomération,Hors intersection,Normale,Trois véhicules et plus - en chaîne,1,1,3,0,1,1,1,0,1,90,3,3,2,0,0,1,43.0,59.0,voiture,deux_roues,1,1,1,1,4
202200043477,2022-05-13 09:20:00,2022,5,13,9,20,91,91064,RN 118,48.74099,2.18443,Plein jour,Hors agglomération,Hors intersection,Normale,Deux véhicules - côté,2,1,2,0,2,1,1,0,1,110,2,2,1,0,0,1,51.0,66.0,deux_roues,voiture,1,1,1,1,3
202200043478,2022-05-13 07:45:00,2022,5,13,7,45,92,92002,N385,48.7605324566,2.2917869389,Plein jour,Hors agglomération,Hors intersection,Normale,Trois véhicules et plus - collisions multiples,2,2,4,0,1,1,1,1,1,70,3,3,2,0,0,1,29.0,39.0,voiture,utilitaire_camion,1,1,1,1,5
202200043479,2022-05-13 06:10:00,2022,5,13,6,10,78,78466,A13,48.932218,1.976014,Plein jour,Hors agglomération,Hors intersection,Normale,Sans collision,1,-1,3,0,1,1,1,0,1,130,2,2,1,0,0,1,50.0,30.0,voiture,utilitaire_camion,1,1,1,1,7
202200043480,2022-05-12 20:50:00,2022,5,12,20,50,77,77121,A104,48.832311,2.666087,Crépuscule ou aube,Hors agglomération,Hors intersection,Normale,Sans collision,1,1,2,0,2,2,1,3,1,70,1,1,0,1,0,0,33.0,,deux_roues,,2,1,1,1,7
202200043481,2022-05-05 20:10:00,2022,5,5,20,10,94,94017,A4,48.8267619877,2.512523388,Plein jour,Hors agglomération,Hors intersection,Normale,Deux véhicules - côté,1,-1,4,0,1,1,1,1,1,90,2,2,1,0,0,1,41.0,36.0,deux_roues,voiture,1,1,1,1,3
202200043482,2022-04-12 12:15:00,2022,4,12,12,15,26,26078,"D9, route de Cléon",44.598027,4.950677,Plein jour,Hors agglomération,Hors intersection,Normale,Autre collision,3,2,2,0,1,3,1,0,3,80,1,1,0,0,1,0,21.0,,voiture,,1,1,1,1,6
202200043483,2022-04-11 16:10:00,2022,4,11,16,10,68,68224,MARTIN (RUE JEAN),47.75437,7.3082,Plein jour,Hors agglomération,Hors intersection,Normale,Sans collision,6,-1, -1,3,1,1,1,9,1,20,1,2,1,0,1,0,43.0,,voiture,,1,1,1,1,7
202200043484,2022-03-28 18:35:00,2022,3,28,18,35,06,06083,CABROLLES (ROUTE DES),43.798003,7.484169,Crépuscule ou aube,Hors agglomération,Hors intersection,Normale,Deux véhicules - côté,3,2,2,0,1,2,1,0,1,50,2,2,1,0,0,1,33.0,48.0,utilitaire_camion,voiture,2,1,1,1,3
202200043485,2022-05-12 08:30:00,2022,5,12,8,30,988,98818,RUE DUMONT D'URVILLE/Rue CALMETTE,-22.26211,166.44702,Plein jour,En agglomération,Intersection en X,Normale,Deux véhicules - côté,4,1,2,0,1,1,1,0,1,50,2,2,1,0,0,1,28.0,57.0,voiture,deux_roues,1,2,2,1,3
202200043486,2022-05-12 21:30:00,2022,5,12,21,30,976,97611,tsoundzou-SIM ( rue de la ),-12.81706,45.19823,Nuit avec éclairage allumé,En agglomération,Hors intersection,Normale,Deux véhicules - côté,2,2,2,0,1,1,1,8,1,50,2,3,1,0,1,1,54.0,,deux_roues,voiture,5,2,1,1,3
202200043487,2022-05-12 09:20:00,2022,5,12,9,20,974,97411,BOIS ROUGE (CHEMIN DE),-20.92642,55.48694,Plein jour,En agglomération,Hors intersection,Normale,Autre collision,4,2,2,0,2,1,1,0,1,30,1,2,1,0,0,1,,,voiture,,1,2,1,1,6
202200043488,2022-05-12 07:30:00,2022,5,12,7,30,974,97411,JAURES (BLD 2 JEAN),-20.90054,55.48742,Plein jour,En agglomération,Giratoire,Normale,Deux véhicules - côté,2,1,4,2,1,1,1,0,1,50,2,2,1,0,0,1,50.0,57.0,deux_roues,voiture,1,2,6,1,3
202200043489,2022-05-11 22:50:00,2022,5,11,22,50,973,97302,DE GAULLE (AVENUE),4.9393828518,-52.3293158412,Nuit avec éclairage allumé,En agglomération,Intersection en X,Normale,Deux véhicules - côté,4,2,2,0,1,1,1,0,1,50,2,3,2,0,0,1,16.0,33.0,deux_roues,voiture,5,2,2,1,3
202200043490,2022-05-12 20:50:00,2022,5,12,20,50,69,69259,Route de Vienne,45.7246586208,4.8540875316,Crépuscule ou aube,En agglomération,Intersection en T,Normale,Deux véhicules - côté,4,2,3,0,1,1,1,0,1,50,2,3,2,0,0,1,34.0,,voiture,deux_roues,2,2,3,1,3
202200043491,2022-05-11 10:25:00,2022,5,11,10,25,69,69381,Rue Bodin,45.7733,4.83542,Plein jour,En agglomération,Hors intersection,Normale,Deux véhicules - frontale,4,1,1,2,2,1,1,0,1,30,2,2,1,0,1,0,35.0,20.0,voiture,deux_roues,1,2,1,1,1
202200043492,2022-04-29 13:00:00,2022,4,29,13,0,971,97101,DOTHEMARE,16.27304,-61.52114,Plein jour,Hors agglomération,Hors intersection,Pluie légère,Deux véhicules - côté,4,1,1,0,1,3,2,0,1,50,2,2,1,0,0,1,21.0,29.0,voiture,voiture,1,1,1,2,3
202200043493,2022-05-11 13:45:00,2022,5,11,13,45,91,91570,ROSIERES (RUE),48.62552,2.31406,Plein jour,En agglomération,Intersection en X,Normale,Deux véhicules - côté,2,3,3,0,1,1,1,2,1,50,2,2,1,0,0,1,57.0,33.0,voiture,deux_roues,1,2,2,1,3
202200043494,2022-05-12 13:30:00,2022,5,12,13,30,91,91027,RUE DU PLEIN MIDI,48.70185,2.36334,Plein jour,En agglomération,Intersection en X,Normale,Deux véhicules - côté,4,2,2,0,1,1,1,0,1,50,2,2,1,0,0,1,19.0,59.0,voiture,deux_roues,1,2,2,1,3
202200043495,2022-05-11 17:55:00,2022,5,11,17,55,88,88160,CEDRES (AV. DES),48.18434,6.4613,Plein jour,En agglomération,Hors intersection,Normale,Deux véhicules - côté,4,2,2,0,1,1,1,0,1,50,1,2,1,0,1,0,,,deux_roues,,1,2,1,1,3
202200043496,2022-05-11 13:30:00,2022,5,11,13,30,84,84007,PIERRE SEMARD (avenue),43.9298,4.83834,Plein jour,Hors agglomération,Intersection en X,Normale,Deux véhicules - côté,2,3,6,0,1,1,1,0,1,50,2,2,1,0,1,0,21.0,23.0,voiture,deux_roues,1,1,2,1,3
202200043497,2022-05-10 09:50:00,2022,5,10,9,50,84,84007,MONTFAVET (Route),43.94021,4.82964,Plein jour,Hors agglomération,Intersection en T,Normale,Autre collision,4,2,2,0,1,1,1,0,1,50,1,2,1,0,1,0,75.0,,voiture,,1,1,3,1,6
202200043498,2022-05-10 07:50:00,2022,5,10,7,50,30,30351,PERI AVENUE GABRIEL,43.95737,4.79481,Plein jour,Hors agglomération,Intersection en T,Normale,Deux véhicules - arrière,3,2,2,0,1,1,1,0,1,50,2,2,1,0,1,0,48.0,16.0,voiture,deux_roues,1,1,3,1,2
202200043499,2022-05-08 03:30:00,2022,5,8,3,30,84,84007,QUAI SAINT LAZARE (Bd du),43.95288,4.81546,Nuit avec éclairage allumé,En agglomération,Hors intersection,Normale,Deux véhicules - côté,4,2,3,0,1,1,1,1,1,50,2,2,1,0,0,1,58.0,26.0,deux_roues,voiture,5,2,1,1,3
202200043500,2022-05-12 12:00:00,2022,5,12,12,0,83,83062,FABRI DE PEIRESC (AVENUE),43.1433953084,6.0320949554,Plein jour,Hors agglomération,Hors intersection,Normale,Deux véhicules - arrière,4,2,2,0,1,1,1,2,1,50,2,2,1,0,0,1,23.0,26.0,deux_roues,utilitaire_camion,1,1,1,1,2
202200043501,2022-05-11 11:47:00,2022,5,11,11,47,79,79191,22 Boulevard de l’Atlantique,46.31648,-0.47818,Plein jour,En agglomération,Hors intersection,Normale,Deux véhicules - côté,4,3,4,3,1,1,1,-1,1,50,2,2,1,0,0,1,25.0,9.0,voiture,deux_roues,1,2,1,1,3
202200043502,2022-05-05 17:30:00,2022,5,5,17,30,78,78335,RUE NATIONALE,48.995861,1.73328,Plein jour,En agglomération,Intersection en Y,Normale,Deux véhicules - côté,4,2,2,0,1,1,1,0,1,50,2,2,0,0,1,1,36.0,20.0,voiture,deux_roues,1,2,4,1,3
202200043503,2022-05-11 17:25:00,2022,5,11,17,25,77,77468,D10P,48.85662,2.63865,Plein jour,Hors agglomération,Hors intersection,Normale,Autre collision,3,2,2,0,1,1,1,0,1,70,3,4,3,0,0,1,60.0,46.0,voiture,voiture,1,1,1,1,6
202200043504,2022-05-11 13:32:00,2022,5,11,13,32,77,77067,D346,48.55712,2.60042,Plein jour,Hors agglomération,Hors intersection,Normale,Trois véhicules et plus - collisions multiples,3,2,2,0,2,1,1,0,1,90,3,6,1,0,4,1,49.0,78.0,voiture,voiture,1,1,1,1,5
202200043505,2022-05-12 17:50:00,2022,5,12,17,50,77,77533,D227,48.4293488222,2.756995898,Plein jour,En agglomération,Hors intersection,Normale,Deux véhicules - arrière,3,2,2,0,1,1,1,2,1,30,2,2,1,0,0,1,19.0,58.0,voiture,voiture,1,2,1,1,2
202200043506,2022-05-12 06:15:00,2022,5,12,6,15,77,77431,D403,48.26209,2.69266,Plein jour,En agglomération,Giratoire,Normale,Autre collision,3,2,2,0,1,3,1,0,4,30,1,1,0,0,0,1,56.0,,voiture,,1,2,6,1,6
202200043507,2022-05-11 08:40:00,2022,5,11,8,40,76,76351,IRENE JOLIOT CURIE (RUE),49.51541,0.10532,Plein jour,En agglomération,Intersection en X,Normale,Deux véhicules - côté,4,2,2,0,1,1,1,0,1,50,2,2,1,0,0,1,62.0,33.0,voiture,voiture,1,2,2,1,3
202200043508,2022-05-11 14:00:00,2022,5,11,14,0,71,71306,MARECHAL LECLERC (AVENUE DU),46.67976,4.36734,Plein jour,En agglomération,Hors intersection,Normale,Deux véhicules - côté,4,2,2,0,1,1,1,0,1,50,2,2,1,0,0,1,57.0,47.0,utilitaire_camion,deux_roues,1,2,1,1,3
202200043509,2022-05-12 19:15:00,2022,5,12,19,15,69,69029,Boulevard Pinel,45.7344906386,4.8895061016,Plein jour,En agglomération,Hors intersection,Normale,Deux véhicules - arrière,4,2,2,3,1,1,1,0,1,50,2,2,1,0,0,1,57.0,23.0,voiture,voiture,1,2,1,1,2
202200043510,2022-05-11 18:30:00,2022,5,11,18,30,69,69266,11 Rue Pierre Baratin,45.76523,4.9011,Plein jour,En agglomération,Hors intersection,Normale,Autre collision,4,1,1,2,1,1,1,0,1,50,1,2,1,0,0,1,38.0,,voiture,,1,2,1,1,6
202200043511,2022-05-12 17:30:00,2022,5,12,17,30,69,69264,Boulevard Général Leclerc,45.99842,4.70861,Plein jour,En agglomération,Intersection en X,Normale,Sans collision,3,2,2,2,1,1,1,0,1,50,1,1,0,0,0,1,59.0,,deux_roues,,1,2,2,1,7
202200043512,2022-05-11 15:50:00,2022,5,11,15,50,68,68224,BLUM (RUE LEON),47.75623,7.35478,Plein jour,En agglomération,Intersection en X,Normale,Deux véhicules - côté,4,2,1,0,1,1,1,0,1,50,2,4,1,0,3,0,10.0,18.0,deux_roues,voiture,1,2,2,1,3
202200043513,2022-05-07 19:50:00,2022,5,7,19,50,67,67043,GUIRBADEN (RUE DU),48.61802,7.76355,Plein jour,En agglomération,Hors intersection,Normale,Autre collision,4,2,2,0,1,1,1,0,1,50,1,2,1,0,0,1,,,deux_roues,,1,2,1,1,6
202200043514,2022-05-12 18:35:00,2022,5,12,18,35,64,64445,COMMANDANT RENE MOUCHOTTE DU,43.3051225543,-0.3281521797,Plein jour,En agglomération,Hors intersection,Normale,Deux véhicules - côté,4,2,2,0,1,1,1,0,1,50,2,2,1,0,0,1,47.0,86.0,deux_roues,voiture,1,2,1,1,3
202200043515,2022-05-12 14:20:00,2022,5,12,14,20,64,64122,Avenue du Maréchal Foch,43.47532,-1.5576,Plein jour,En agglomération,Hors intersection,Normale,Deux véhicules - côté,4,1,1,0,2,2,1,0,1,50,2,2,1,0,0,1,69.0,48.0,deux_roues,voiture,1,2,1,1,3
202200043516,2022-05-10 17:55:00,2022,5,10,17,55,64,64125,Avenue Atherbéa,43.438289,-1.589239,Plein jour,En agglomération,Hors intersection,Normale,Sans collision,3,2,2,0,2,3,1,0,1,50,1,1,0,1,0,0,69.0,,deux_roues,,1,2,1,1,7
202200043517,2022-05-11 17:00:00,2022,5,11,17,0,64,64024,ETCHECOPAR (ALLEE),43.4644,-1.53329,Plein jour,En agglomération,Giratoire,Normale,Autre collision,4,-1,2,1,1,2,1,0,1,50,1,1,0,0,0,1,32.0,,deux_roues,,1,2,6,1,6
202200043518,2022-05-11 19:54:00,2022,5,11,19,54,63,63113,BLUM (AVENUE LEON),45.7709,3.09455,Plein jour,En agglomération,Hors intersection,Normale,Deux véhicules - arrière,4,2,2,0,1,1,1,0,1,50,2,2,1,0,0,1,80.0,29.0,voiture,deux_roues,1,2,1,1,2
202200043519,2022-05-12 16:20:00,2022,5,12,16,20,59,59508,MALSENCE (RUE DE LA),50.749536808,3.1231293082,Plein jour,En agglomération,Hors intersection,Normale,Autre collision,4,2,1,0,1,1,1,0,1,50,2,2,1,0,0,1,17.0,28.0,deux_roues,voiture,1,2,1,1,6
202200043520,2022-05-12 10:30:00,2022,5,12,10,30,59,59512,ROCROI (RUE DE),50.6823543653,3.1835970282,Plein jour,En agglomération,Intersection en X,Normale,Deux véhicules - côté,4,1,1,0,1,1,1,0,1,50,2,3,2,0,0,1,13.0,44.0,deux_roues,voiture,1,2,2,1,3
202200043521,2022-05-12 09:35:00,2022,5,12,9,35,59,59368,DE GAULLE RUE DU GENERAL,50.65727,3.07375,Plein jour,En agglomération,Hors intersection,Normale,Deux véhicules - côté,7,2,0,0,1,1,1,0,1,50,2,2,1,0,0,1,51.0,31.0,voiture,deux_roues,1,2,1,1,3
202200043522,2022-05-12 08:05:00,2022,5,12,8,5,59,59195,BERTHA IMPASSE,50.62342,2.95982,Plein jour,En agglomération,Intersection en X,Temps éblouissant,Deux véhicules - frontale,4,2,2,0,1,1,1,0,1,50,2,3,2,0,0,1,48.0,32.0,voiture,deux_roues,1,2,2,7,1
202200043523,2022-05-12 16:25:00,2022,5,12,16,25,59,59295,DE MERVILLE,50.717926797,2.5357523561,Plein jour,En agglomération,Hors intersection,Normale,Autre collision,4,2,2,0,1,1,1,0,1,30,1,3,0,0,0,3,19.0,,voiture,,1,2,1,1,6
202200043524,2022-05-11 18:44:00,2022,5,11,18,44,57,57019,,49.25615,6.13893,Plein jour,En agglomération,Intersection en X,Normale,Deux véhicules - côté,4,2,2,0,1,1,1,0,1,50,2,4,1,0,0,3,38.0,25.0,voiture,voiture,1,2,2,1,3
202200043525,2022-05-12 08:00:00,2022,5,12,8,0,56,56121,MULLER ( DU COLONEL JEAN ),47.76601,-3.40074,Plein jour,En agglomération,Giratoire,Normale,Deux véhicules - côté,4,2,2,3,2,1,1,5,6,30,2,2,1,0,0,1,19.0,23.0,deux_roues,voiture,1,2,6,1,3
202200043526,2022-05-11 07:35:00,2022,5,11,7,35,56,56098,GUILLEMOT (RUE  RAYMOND ),47.75789,-3.35004,Crépuscule ou aube,En agglomération,Hors intersection,Temps éblouissant,Deux véhicules - côté,4,2,2,0,2,1,1,0,1,30,2,2,1,0,0,1,49.0,51.0,deux_roues,voiture,2,2,1,7,3
202200043527,2022-05-12 22:15:00,2022,5,12,22,15,54,54431,THIERS (PLACE),48.900651,6.051314,Nuit avec éclairage allumé,En agglomération,Hors intersection,Normale,Deux véhicules - arrière,4,1,1,0,1,1,1,9,1,20,2,2,1,0,1,0,52.0,30.0,deux_roues,voiture,5,2,1,1,2
202200043528,2022-05-12 10:05:00,2022,5,12,10,5,54,54395,METZ (RUE DE),48.69907,6.17328,Plein jour,En agglomération,Hors intersection,Normale,Autre collision,4,2,2,2,1,1,1,0,1,30,2,2,1,0,0,1,22.0,45.0,deux_roues,voiture,1,2,1,1,6
202200043529,2022-05-11 08:55:00,2022,5,11,8,55,50,50218,VAUFLEURY (BD),48.83514,-1.60843,Plein jour,En agglomération,Intersection en T,Normale,Deux véhicules - côté,4,2,2,0,1,1,1,0,1,50,2,2,1,0,0,1,48.0,16.0,voiture,deux_roues,1,2,3,1,3
202200043530,2022-05-12 07:39:00,2022,5,12,7,39,49,49007,DELAAGE,47.467,-0.55631,Plein jour,En agglomération,Hors intersection,Normale,Sans collision,4,1,2,2,1,1,1,0,1,30,1,1,0,0,0,1,43.0,,deux_roues,,1,2,1,1,7
202200043531,2022-05-12 02:05:00,2022,5,12,2,5,49,49015,GRANDE PLANCHE ROND POINT DE LA,47.50185,-0.5963,Nuit avec éclairage allumé,En agglomération,Hors intersection,Normale,Autre collision,4,1,2,0,1,2,1,0,1,30,1,2,0,0,0,2,24.0,,voiture,,5,2,1,1,6
202200043532,2022-05-11 17:30:00,2022,5,11,17,30,49,49007,CHARLET,47.47375,-0.57666,Plein jour,En agglomération,Hors intersection,Normale,Deux véhicules - côté,4,2,2,0,1,1,1,0,1,50,2,2,1,0,0,1,21.0,26.0,voiture,deux_roues,1,2,1,1,3
202200043533,2022-05-11 14:33:00,2022,5,11,14,33,49,49007,BESNADIERE,47.47891,-0.54506,Plein jour,En agglomération,Intersection en X,Normale,Deux véhicules - côté,4,1,2,0,1,1,1,0,1,30,2,2,1,0,0,1,52.0,36.0,voiture,voiture,1,2,2,1,3
202200043534,2022-05-11 11:00:00,2022,5,11,11,0,47,47201,MARNE (AV. DE LA),44.19391,0.59773,Plein jour,En agglomération,Giratoire,Temps éblouissant,Autre collision,3,2,2,0,2,1,1,0,1,50,2,2,1,1,0,0,76.0,84.0,deux_roues,voiture,1,2,6,7,6
202200043535,2022-05-13 01:50:00,2022,5,13,1,50,45,45234,Boulevard de Québec,47.91429,1.9052,Nuit avec éclairage allumé,En agglomération,Intersection en T,Normale,Deux véhicules - frontale,4,2,2,1,1,1,1,0,1,50,2,2,1,0,0,1,23.0,,autre,autre,5,2,3,1,1
202200043536,2022-05-12 09:48:00,2022,5,12,9,48,45,45232,Boulevard Victor Hugo,47.8561,1.90162,Plein jour,En agglomération,Hors intersection,Normale,Deux véhicules - côté,4,2,2,0,1,1,1,0,1,50,2,2,1,0,0,1,15.0,,deux_roues,voiture,1,2,1,1,3
202200043537,2022-05-05 12:00:00,2022,5,5,12,0,44,44184,17 Rue Pierre Mendès France,47.27327,-2.21569,Plein jour,En agglomération,Hors intersection,Normale,Deux véhicules - frontale,4,2,1,1,1,1,1,0,5,50,2,2,1,0,0,1,50.0,21.0,voiture,deux_roues,1,2,1,1,1
202200043538,2022-05-12 17:15:00,2022,5,12,17,15,44,44162,Boulevard Salvador Allende,47.21848,-1.61801,Plein jour,En agglomération,Hors intersection,Normale,Deux véhicules - côté,4,3,2,2,1,1,1,0,1,50,2,2,0,0,0,2,67.0,27.0,deux_roues,deux_roues,1,2,1,1,3
202200043539,2022-05-10 14:40:00,2022,5,10,14,40,44,44109,Boulevard Général de Gaulle,47.205288,-1.538346,Plein jour,En agglomération,Hors intersection,Normale,Deux véhicules - arrière,4,3,2,3,1,1,1,0,1,30,2,2,1,0,0,1,36.0,60.0,voiture,voiture,1,2,1,1,2
202200043540,2022-05-12 07:00:00,2022,5,12,7,0,44,44020,route de pornic,47.18655,-1.59862,Plein jour,Hors agglomération,Hors intersection,Normale,Deux véhicules - côté,3,3,4,0,1,1,1,0,1,70,2,2,1,0,1,0,60.0,20.0,utilitaire_camion,deux_roues,1,1,1,1,3
202200043541,2022-05-11 16:30:00,2022,5,11,16,30,42,42207,Route de la chabure,45.46138,4.49733,Plein jour,En agglomération,Hors intersection,Normale,Autre collision,7,2,2,0,1,1,1,9,1,50,1,1,0,0,1,0,52.0,,deux_roues,,1,2,1,1,6
202200043542,2022-05-08 16:55:00,2022,5,8,16,55,42,42207,Route de la chabure,45.46025,4.49467,Plein jour,En agglomération,Hors intersection,Normale,Sans collision,7,2,2,0,4,1,1,0,1,50,1,1,0,0,1,0,13.0,,deux_roues,,1,2,1,1,7
202200043543,2022-05-12 10:10:00,2022,5,12,10,10,42,42187,Avenue de Lyon,46.0337458797,4.0775629878,Plein jour,En agglomération,Giratoire,Normale,Deux véhicules - côté,3,1,1,0,1,1,1,8,1,50,2,3,1,0,0,2,66.0,19.0,voiture,deux_roues,1,2,6,1,3
202200043544,2022-05-12 17:55:00,2022,5,12,17,55,37,37261,EIFFEL (AVENUE GUSTAVE),47.42486,0.69723,Plein jour,En agglomération,Hors intersection,Normale,Trois véhicules et plus - collisions multiples,4,3,4,1,1,1,1,0,1,50,3,3,2,0,0,1,22.0,59.0,voiture,voiture,1,2,1,1,5
202200043545,2022-05-12 07:10:00,2022,5,12,7,10,37,37122,COUBERTIN (RUE PIERRE DE),47.34421,0.6584,Plein jour,En agglomération,Hors intersection,Normale,Autre collision,4,2,2,0,1,1,1,0,1,50,1,1,0,0,0,1,34.0,,voiture,,1,2,1,1,6
202200043546,2022-05-12 06:10:00,2022,5,12,6,10,37,37261,SAINT-SAUVEUR (ROND POINT),47.3735607088,0.6786954403,Crépuscule ou aube,En agglomération,Giratoire,Normale,Deux véhicules - côté,4,1,1,0,1,2,2,0,1,50,2,2,1,0,0,1,19.0,40.0,voiture,deux_roues,2,2,6,1,3
202200043547,2022-05-12 19:41:00,2022,5,12,19,41,35,35238,MERMOZ (BD JEAN),48.0970769187,-1.6904709488,Plein jour,En agglomération,Hors intersection,Normale,Autre collision,4,2,2,0,1,1,1,0,1,50,1,2,1,0,1,0,22.0,,deux_roues,,1,2,1,1,6
202200043548,2022-05-08 13:30:00,2022,5,8,13,30,34,34003,SETE ( ROUTE),43.3078427854,3.4938109893,Plein jour,En agglomération,Autre intersection,Normale,Deux véhicules - frontale,9,1,2,0,1,1,1,0,1,50,2,3,1,0,1,1,18.0,51.0,deux_roues,voiture,1,2,9,1,1
202200043549,2022-05-10 18:45:00,2022,5,10,18,45,33,33119,Avenue René Cassagne,44.86051,-0.5148,Plein jour,En agglomération,Intersection en T,Normale,Deux véhicules - côté,4,3,4,2,1,1,1,0,1,50,2,5,4,0,0,1,59.0,19.0,deux_roues,voiture,1,2,3,1,3
202200043550,2022-05-04 09:16:00,2022,5,4,9,16,33,33063,Rue Jules Ferry,44.84224,-0.6037,Plein jour,En agglomération,Intersection en T,Normale,Deux véhicules - côté,4,1,2,3,1,1,1,0,1,50,2,2,1,0,1,0,38.0,60.0,deux_roues,utilitaire_camion,1,2,3,1,3
202200043551,2022-05-11 10:00:00,2022,5,11,10,0,29,29232,Avenue des Sports,47.9955,-4.08728,Plein jour,En agglomération,Hors intersection,Normale,Autre collision,4,2,2,0,1,1,1,0,1,30,1,1,0,0,0,1,67.0,,voiture,,1,2,1,1,6
202200043552,2022-05-11 14:50:00,2022,5,11,14,50,29,29039,Rue Max Jacob,47.8761,-3.92475,Plein jour,En agglomération,Giratoire,Normale,Sans collision,4,1,1,0,1,2,1,9,1,50,1,1,0,0,0,1,52.0,,deux_roues,,1,2,6,1,7
202200043553,2022-05-12 13:50:00,2022,5,12,13,50,27,27229,MEUNIER (RUE ARSENE),49.02082,1.14504,Plein jour,En agglomération,Hors intersection,Normale,Autre collision,4,2,2,0,1,1,1,0,1,50,1,1,0,0,0,1,27.0,,deux_roues,,1,2,1,1,6
202200043554,2022-04-11 07:30:00,2022,4,11,7,30,22,22215,VILLES MOISAN (RUE DES),48.49819,-2.77243,Crépuscule ou aube,En agglomération,Giratoire,Normale,Deux véhicules - côté,3,1,1,0,1,2,1,5,1,50,2,2,1,0,0,1,50.0,32.0,deux_roues,voiture,2,2,6,1,3
202200043555,2022-05-11 08:00:00,2022,5,11,8,0,22,22113,MARECHAL FOCH (QUAI DU),48.73133,-3.46501,Plein jour,En agglomération,Giratoire,Normale,Deux véhicules - arrière,4,1,1,0,1,1,1,0,1,50,2,2,1,0,0,1,46.0,60.0,voiture,deux_roues,1,2,6,1,2
202200043556,2022-04-13 12:15:00,2022,4,13,12,15,16,16102,SAINT-FRANCOIS (RUE),45.69968,-0.3195,Plein jour,En agglomération,Intersection en X,Normale,Deux véhicules - côté,4,2,2,0,1,1,1,0,1,50,2,2,1,0,0,1,18.0,74.0,deux_roues,voiture,1,2,2,1,3
202200043557,2022-05-12 18:40:00,2022,5,12,18,40,14,14536,7 Rue du Bourg,49.40759,0.26976,Plein jour,En agglomération,Hors intersection,Normale,Autre collision,3,2,2,0,1,1,1,0,1,30,1,2,1,0,0,1,30.0,,voiture,,1,2,1,1,6
202200043558,2022-05-12 19:15:00,2022,5,12,19,15,13,13043,LOUIS PASTEUR (AV ),43.3923579906,5.2353146084,Plein jour,En agglomération,Hors intersection,Normale,Deux véhicules - côté,4,-1,2,0,1,1,1,0,8,50,2,2,1,0,0,1,52.0,58.0,utilitaire_camion,deux_roues,1,2,1,1,3
202200043559,2022-05-12 11:00:00,2022,5,12,11,0,13,13071,RD 543,43.41359,5.36657,Plein jour,Hors agglomération,Intersection en X,Normale,Deux véhicules - frontale,3,2,3,0,1,1,1,5,1,50,2,2,1,0,0,1,25.0,17.0,deux_roues,voiture,1,1,2,1,1
202200043560,2022-05-11 23:30:00,2022,5,11,23,30,13,13056,VOLTA (Allée Alessandro),43.39504,5.0278,Nuit sans éclairage public,En agglomération,Hors intersection,Normale,Deux véhicules - frontale,7,2,1,0,1,1,1,0,1,50,1,2,0,0,0,2,19.0,,voiture,,3,2,1,1,1