accident_id,datetime,annee,mois,jour,heure,minute,departement,commune_insee,adresse,latitude,longitude,luminosite,agglomeration,intersection,meteo,collision,catr,circ,nbv,vosp,prof,plan,surf,infra,situ,vma,nb_vehicules,nb_usagers,nb_indemnes,nb_tues,nb_blesses_hosp,nb_blesses_legers,age_cond_1,age_cond_2,veh_type_cond_1,veh_type_cond_2,lum_code,agg_code,int_code,atm_code,col_code
202200043652,2022-01-12 11:05:00,2022,1,12,11,5,76,76157,Cote Guy de Maupassant,49.44541,1.04156,Plein jour,Hors agglomération,Hors intersection,Pluie légère,Sans collision,7,2,2,0,2,2,2,0,1,70,1,1,0,0,1,0,80.0,,voiture,,1,1,1,2,7
202200043653,2022-01-11 21:40:00,2022,1,11,21,40,76,76351,ANATOLE FRANCE,49.49603,0.11914,Nuit avec éclairage allumé,En agglomération,Intersection en X,Normale,Deux véhicules - côté,4,2,2,0,1,1,2,0,1,50,2,2,1,0,0,1,,29.0,voiture,deux_roues,5,2,2,1,3
202200043654,2022-01-12 07:20:00,2022,1,12,7,20,69,69266,Rue Bourgchanin,45.76664,4.90252,Crépuscule ou aube,En agglomération,Intersection en T,Normale,Autre collision,4,2,2,2,1,1,1,0,1,50,1,2,1,0,0,1,,,voiture,,2,2,3,1,6
202200043655,2022-01-12 12:28:00,2022,1,12,12,28,67,67365,GENERAL LECLERC (RUE DU),48.55718,7.71303,Crépuscule ou aube,En agglomération,Intersection en T,Normale,Deux véhicules - côté,4,3,6,3,1,1,1,0,1,50,2,3,2,0,0,1,53.0,36.0,voiture,voiture,2,2,3,1,3
202200043656,2022-01-12 10:15:00,2022,1,12,10,15,67,67482,WACKEN (RUE DU),48.5950217377,7.7470725775,Plein jour,Hors agglomération,Hors intersection,Normale,Deux véhicules - arrière,7,3,4,0,1,1,1,0,1,70,2,3,2,0,0,1,75.0,26.0,voiture,voiture,1,1,1,1,2
202200043657,2022-01-11 18:25:00,2022,1,11,18,25,67,67482,ALTENHEIM (ROUTE D ),48.5442837422,7.7656522393,Nuit avec éclairage allumé,En agglomération,Intersection en T,Normale,Deux véhicules - côté,4,2,2,2,1,1,1,0,1,50,2,2,1,0,0,1,21.0,35.0,deux_roues,voiture,5,2,3,1,3
202200043658,2022-01-11 13:00:00,2022,1,11,13,0,67,67447,BISCHWILLER (ROUTE DE),48.5996988,7.7429983,Plein jour,En agglomération,Hors intersection,Normale,Deux véhicules - côté,7,2,4,1,1,1,1,0,1,50,2,2,1,0,0,1,42.0,26.0,deux_roues,deux_roues,1,2,1,1,3
202200043659,2022-01-10 18:33:00,2022,1,10,18,33,66,66136,"BROGLIE, Av de",42.70951,2.90779,Crépuscule ou aube,En agglomération,Giratoire,Normale,Deux véhicules - côté,4,1,2,0,1,3,1,0,1,50,2,2,1,0,0,1,57.0,56.0,deux_roues,voiture,2,2,6,1,3
202200043660,2022-01-06 08:48:00,2022,1,6,8,48,66,66136,PAYRA (PLACE JEAN),42.69818,2.88839,Plein jour,En agglomération,Hors intersection,Normale,Autre collision,4,1,3,0,1,1,1,0,1,30,1,2,1,0,0,1,27.0,,voiture,,1,2,1,1,6
202200043661,2022-01-01 05:28:00,2022,1,1,5,28,66,66136,GUYNEMER (AVENUE GEORGES),42.690873267,2.904535979,Nuit avec éclairage allumé,En agglomération,Hors intersection,Brouillard / fumée,Autre collision,4,2,2,0,1,1,1,0,1,50,1,2,1,0,0,1,,,voiture,,5,2,1,5,6
202200043662,2022-01-01 04:00:00,2022,1,1,4,0,66,66136,R D 900,42.7111,2.87069,Nuit sans éclairage public,Hors agglomération,Hors intersection,Brouillard / fumée,Autre collision,3,3,4,0,1,1,2,0,1,110,1,3,0,0,0,3,43.0,,voiture,,3,1,1,5,6
202200043663,2022-01-12 15:30:00,2022,1,12,15,30,64,64483,Boulevard du Commandant Passicot,43.3861,-1.6614,Plein jour,En agglomération,Hors intersection,Normale,Deux véhicules - arrière,3,2,2,0,1,1,1,0,1,50,2,2,1,0,0,1,50.0,29.0,voiture,utilitaire_camion,1,2,1,1,2
202200043664,2022-01-12 09:05:00,2022,1,12,9,5,64,64445,DUFAU,43.3061326408,-0.3668349981,Plein jour,En agglomération,Hors intersection,Temps couvert,Sans collision,4,1,2,3,1,1,1,0,6,30,2,4,2,0,0,2,49.0,58.0,transport_commun,voiture,1,2,1,8,7
202200043665,2022-01-11 20:45:00,2022,1,11,20,45,64,64024,BOULEVARD DU BAB,43.489421,-1.534712,Nuit avec éclairage allumé,En agglomération,Hors intersection,Normale,Autre collision,4,2,4,0,1,1,1,0,1,50,1,1,0,0,0,1,40.0,,voiture,,5,2,1,1,6
202200043666,2022-01-11 17:16:00,2022,1,11,17,16,63,63113,LIBERATION (AVENUE DE LA),45.76053,3.082,Crépuscule ou aube,En agglomération,Intersection en T,Normale,Autre collision,4,1,1,0,1,1,1,0,1,50,1,2,1,0,0,1,19.0,,voiture,,2,2,3,1,6
202200043667,2022-01-11 18:15:00,2022,1,11,18,15,59,59350,SAINT AMAND RUE,50.6225728194,3.0910795927,Nuit avec éclairage allumé,En agglomération,Intersection à plus de 4 branches,Pluie légère,Deux véhicules - côté,7,2,3,0,2,1,2,0,1,50,2,2,1,1,0,0,58.0,17.0,utilitaire_camion,deux_roues,5,2,5,2,3
202200043668,2022-01-02 18:15:00,2022,1,2,18,15,59,59350,REPUBLIQUE AV DE LA (N°512-832),50.6542550507,3.0855086446,Nuit avec éclairage allumé,En agglomération,Hors intersection,Pluie légère,Deux véhicules - côté,7,1,1,0,1,1,2,0,5,50,2,2,1,0,0,1,19.0,68.0,deux_roues,voiture,5,2,1,2,3
202200043669,2022-01-11 15:35:00,2022,1,11,15,35,59,59170,LOFFRE (RUE DE),50.36174,3.1517,Plein jour,Hors agglomération,Hors intersection,Normale,Deux véhicules - côté,3,2,2,0,1,1,1,0,1,80,2,2,0,0,0,2,24.0,21.0,voiture,voiture,1,1,1,1,3
202200043670,2022-01-10 07:45:00,2022,1,10,7,45,57,57672,ROMAINS (ROUTE DS),49.3530702462,6.1343447864,Nuit avec éclairage allumé,En agglomération,Intersection en T,Normale,Deux véhicules - côté,3,2,1,0,1,3,1,0,1,50,2,2,1,0,0,1,61.0,44.0,voiture,voiture,5,2,3,1,3
202200043671,2022-01-11 16:25:00,2022,1,11,16,25,56,56260,N166 Giratoire du Liziec,47.6651552,-2.726786,Plein jour,Hors agglomération,Giratoire,Temps couvert,Deux véhicules - côté,2,1,2,0,1,3,2,5,1,70,2,3,1,0,2,0,66.0,73.0,voiture,voiture,1,1,6,8,3
202200043672,2022-01-12 10:00:00,2022,1,12,10,0,56,56094,VANNES ( ROUTE DE ),47.7981575,-3.251240328,Plein jour,Hors agglomération,Giratoire,Normale,Deux véhicules - côté,3,1,1,0,1,1,1,5,1,70,2,2,1,0,0,1,16.0,61.0,deux_roues,voiture,1,1,6,1,3
202200043673,2022-01-11 08:35:00,2022,1,11,8,35,56,56121,39 Cours de La Bôve,47.74774,-3.35902,Nuit avec éclairage allumé,En agglomération,Intersection en Y,Pluie légère,Autre collision,4,2,2,0,1,2,2,0,1,30,1,2,1,0,0,1,60.0,,voiture,,5,2,4,2,6
202200043674,2022-01-01 16:10:00,2022,1,1,16,10,56,56121,KENNEDY ( ET RD-PT DU PRESIDENT ),47.76426,-3.38093,Plein jour,En agglomération,Giratoire,Pluie légère,Sans collision,4,2,2,0,1,2,2,5,1,30,1,1,0,0,0,1,19.0,,deux_roues,,1,2,6,2,7
202200043675,2022-01-03 14:50:00,2022,1,3,14,50,54,54525,Route nationale 52,49.4580278,5.86380555,Plein jour,Hors agglomération,Hors intersection,Normale,Deux véhicules - arrière,2,3,2,0,1,1,1,0,1,110,2,2,1,0,0,1,40.0,43.0,voiture,voiture,1,1,1,1,2
202200043676,2022-01-08 09:00:00,2022,1,8,9,0,54,54270,RD26,49.485765,5.881094,Crépuscule ou aube,Hors agglomération,Hors intersection,Neige / grêle,Deux véhicules - frontale,3,2,2,0,1,1,5,0,1,80,2,2,0,1,0,1,82.0,26.0,voiture,voiture,2,1,1,4,1
202200043677,2022-01-12 16:10:00,2022,1,12,16,10,51,51172,Rue du Docteur Roux,49.22322,4.04906,Plein jour,En agglomération,Hors intersection,Normale,Sans collision,3,2,2,0,1,1,1,0,1,30,1,2,1,0,0,1,19.0,,voiture,,1,2,1,1,7
202200043678,2022-01-11 12:13:00,2022,1,11,12,13,51,51454,Rue Pierre Taittinger,49.23682,4.00479,Plein jour,En agglomération,Hors intersection,Normale,Sans collision,4,2,2,0,1,1,1,0,1,50,1,2,1,0,0,1,37.0,,voiture,,1,2,1,1,7
202200043679,2022-01-03 08:30:00,2022,1,3,8,30,50,50129,JOLIOT CURIE (RUE),49.62918,-1.64106,Nuit avec éclairage allumé,En agglomération,Intersection en X,Pluie légère,Autre collision,3,2,2,0,1,1,2,0,1,50,1,2,1,0,1,0,43.0,,voiture,,5,2,2,2,6
202200043680,2022-01-11 17:28:00,2022,1,11,17,28,49,49246,LAMARTINE,47.43816,-0.4897,Plein jour,En agglomération,Hors intersection,Normale,Deux véhicules - arrière,4,-1,1,0,1,1,1,0,1,20,2,2,1,0,1,0,37.0,13.0,voiture,deux_roues,1,2,1,1,2
202200043681,2022-01-09 18:50:00,2022,1,9,18,50,49,49007,POIREL BOULEVARD,47.46218,-0.56258,Nuit avec éclairage allumé,En agglomération,Intersection en T,Pluie légère,Deux véhicules - frontale,4,2,3,0,1,1,2,0,1,30,2,2,1,0,1,0,46.0,63.0,deux_roues,voiture,5,2,3,2,1
202200043682,2022-01-02 21:45:00,2022,1,2,21,45,44,44184,88 Rue Ferdinand Buisson,47.25751,-2.24074,Nuit avec éclairage allumé,En agglomération,Hors intersection,Normale,Trois véhicules et plus - collisions multiples,4,2,2,0,1,1,1,0,1,50,4,5,3,0,0,2,42.0,56.0,transport_commun,voiture,5,2,1,1,5
202200043683,2022-01-12 19:30:00,2022,1,12,19,30,37,37261,MAGINOT (AV. ANDRE),47.4247216087,0.6993880123,Nuit avec éclairage allumé,En agglomération,Hors intersection,Normale,Trois véhicules et plus - en chaîne,4,2,4,2,1,1,1,0,1,50,4,9,7,0,0,2,29.0,58.0,voiture,voiture,5,2,1,1,4
202200043684,2022-01-12 19:30:00,2022,1,12,19,30,37,37261,DEPORTES (RUE DES),47.3936843157,0.6861338764,Nuit avec éclairage allumé,En agglomération,Intersection en X,Normale,Deux véhicules - frontale,4,1,7,2,1,1,1,0,1,30,2,2,1,0,0,1,53.0,85.0,deux_roues,voiture,5,2,2,1,1
202200043685,2022-01-11 12:35:00,2022,1,11,12,35,37,37261,GRENADIERE (PLACE DE LA),47.38468,0.6964,Plein jour,En agglomération,Hors intersection,Normale,Autre collision,4,2,1,0,1,1,1,0,1,30,1,2,1,0,0,1,,,utilitaire_camion,,1,2,1,1,6
202200043686,2022-01-11 08:05:00,2022,1,11,8,5,37,37122,RD 86 DE MONTS à TOURS,47.31023,0.65297,Plein jour,Hors agglomération,Intersection en T,Normale,Deux véhicules - arrière,7,2,2,0,1,1,1,0,1,80,2,2,1,0,0,1,29.0,22.0,voiture,voiture,1,1,3,1,2
202200043687,2022-01-03 22:00:00,2022,1,3,22,0,37,37261,SALLE (AVENUE DE LA),47.4107894453,0.6957542896,Nuit avec éclairage allumé,En agglomération,Giratoire,Pluie forte,Deux véhicules - côté,4,2,2,0,3,1,2,5,1,50,2,2,1,0,0,1,37.0,32.0,voiture,voiture,5,2,6,3,3
202200043688,2022-01-03 20:32:00,2022,1,3,20,32,37,37261,MAGINOT (AV. ANDRE),47.41857,0.69219,Nuit avec éclairage allumé,En agglomération,Giratoire,Pluie forte,Deux véhicules - côté,4,2,2,1,1,2,2,5,1,50,2,2,1,0,0,1,26.0,34.0,deux_roues,voiture,5,2,6,3,3
202200043689,2022-01-03 18:00:00,2022,1,3,18,0,37,37109,,47.4043693187,0.6428289413,Nuit avec éclairage allumé,Hors agglomération,Hors intersection,Pluie légère,Autre collision,7,3,2,0,1,1,2,0,1,90,1,1,0,0,0,1,30.0,,voiture,,5,1,1,2,6
202200043690,2022-01-03 14:50:00,2022,1,3,14,50,37,37122,HORTENSE (RUE DE LA REINE),47.3357998898,0.6458464265,Plein jour,En agglomération,Hors intersection,Pluie légère,Deux véhicules - côté,4,2,2,0,1,1,2,0,1,30,2,2,1,0,0,1,52.0,37.0,voiture,voiture,1,2,1,2,3
202200043691,2022-01-11 03:45:00,2022,1,11,3,45,35,35288,CD301,48.621078,-1.989188,Nuit sans éclairage public,En agglomération,Hors intersection,Normale,Sans collision,3,1,1,0,1,1,1,3,3,50,1,1,0,0,0,1,28.0,,voiture,,3,2,1,1,7
202200043692,2022-01-03 19:00:00,2022,1,3,19,0,35,35288,Boulevard des Talards,48.64486,-2.0086,Nuit avec éclairage allumé,En agglomération,Intersection en T,Pluie forte,Autre collision,4,2,2,0,1,1,3,0,1,50,1,2,1,0,0,1,24.0,,voiture,,5,2,3,3,6
202200043693,2022-01-12 08:50:00,2022,1,12,8,50,35,35051,Boulevard des Alliés,48.11358,-1.62078,Crépuscule ou aube,En agglomération,Giratoire,Normale,Deux véhicules - arrière,7,2,2,0,1,1,1,0,1,50,2,2,1,0,0,1,30.0,48.0,voiture,voiture,2,2,6,1,2
202200043694,2022-01-03 15:30:00,2022,1,3,15,30,35,35281,Rue du Pâtis des Couasnes,48.07503,-1.71683,Plein jour,Hors agglomération,Hors intersection,Pluie légère,Deux véhicules - côté,4,2,2,0,1,1,2,0,1,50,2,3,0,0,0,3,32.0,24.0,voiture,voiture,1,1,1,2,3
202200043695,2022-01-12 08:10:00,2022,1,12,8,10,33,33162,Avenue du Taillan-Médoc,44.88326,-0.65509,Plein jour,En agglomération,Intersection en X,Normale,Autre collision,4,2,2,2,1,1,1,9,1,50,1,2,1,0,0,1,33.0,,voiture,,1,2,2,1,6
202200043696,2022-01-03 18:40:00,2022,1,3,18,40,33,33281,Avenue du Château d’Eau,44.85413,-0.65499,Nuit avec éclairage allumé,En agglomération,Intersection en X,Normale,Deux véhicules - frontale,4,2,2,0,1,1,1,5,1,30,2,2,1,0,0,1,24.0,40.0,voiture,deux_roues,5,2,2,1,1
202200043697,2022-01-03 11:30:00,2022,1,3,11,30,33,33522,Avenue de la Vieille Tour,44.81372,-0.60068,Plein jour,En agglomération,Intersection en T,Normale,Deux véhicules - frontale,4,2,2,2,1,1,1,0,1,50,2,2,1,0,0,1,39.0,43.0,transport_commun,voiture,1,2,3,1,1
202200043698,2022-01-12 21:05:00,2022,1,12,21,5,31,31555,BD PIERRE PAUL RIQUET,43.60504,1.4566,Nuit avec éclairage allumé,En agglomération,Intersection en X,Normale,Deux véhicules - côté,4,1,2,0,1,1,1,5,1,50,2,5,2,0,0,3,43.0,42.0,deux_roues,utilitaire_camion,5,2,2,1,3
202200043699,2022-01-12 14:05:00,2022,1,12,14,5,31,31555,AV LOUIS ARISTE PASSERIEU,43.5803765866,1.3909520209,Plein jour,En agglomération,Hors intersection,Normale,Autre collision,4,3,4,0,1,1,1,0,1,50,1,2,1,0,1,0,74.0,,voiture,,1,2,1,1,6
202200043700,2022-01-12 14:30:00,2022,1,12,14,30,31,31555,SEJOURNE (AV PAUL) DU 1AU 16,43.60686,1.42817,Plein jour,En agglomération,Hors intersection,Normale,Deux véhicules - arrière,4,1,1,0,1,1,1,9,1,50,2,2,1,0,0,1,30.0,48.0,deux_roues,voiture,1,2,1,1,2
202200043701,2022-01-12 08:05:00,2022,1,12,8,5,31,31555,CHE DU SANG DE SERP,43.6183,1.42691,Plein jour,En agglomération,Hors intersection,Normale,Autre collision,4,2,2,0,1,1,1,0,1,50,1,2,1,0,0,1,,,voiture,,1,2,1,1,6
202200043702,2022-01-12 15:55:00,2022,1,12,15,55,31,31483,RD921,43.10261,0.74442,Plein jour,Hors agglomération,Hors intersection,Normale,Deux véhicules - frontale,3,2,4,1,1,3,1,0,1,80,2,3,0,0,1,2,41.0,37.0,voiture,utilitaire_camion,1,1,1,1,1
202200043703,2022-01-12 09:41:00,2022,1,12,9,41,29,29232,Route de Brest,48.01252,-4.07656,Plein jour,En agglomération,Hors intersection,Temps couvert,Autre collision,3,1,1,0,2,2,2,5,1,50,1,2,1,0,0,1,30.0,,voiture,,1,2,1,8,6
202200043704,2022-01-03 16:00:00,2022,1,3,16,0,27,27681,GISORS (ROUTE DE),49.11769,1.49527,Plein jour,Hors agglomération,Hors intersection,Pluie légère,Autre collision,3,2,2,0,2,4,2,0,1,80,1,1,0,0,0,1,51.0,,voiture,,1,1,1,2,6
202200043705,2022-01-12 07:40:00,2022,1,12,7,40,27,27375,CLEMENCEAU (BOULEVARD GEORGES),49.21,1.16709,Nuit avec éclairage non allumé,En agglomération,Hors intersection,Normale,Autre collision,3,2,2,0,1,1,1,6,1,50,1,2,1,0,0,1,51.0,,voiture,,4,2,1,1,6
202200043706,2022-01-11 13:05:00,2022,1,11,13,5,25,25204,Route Départementale 437,46.92811,6.35981,Plein jour,Hors agglomération,Hors intersection,Autre,Sans collision,3,2,2,0,1,4,7,0,3,80,1,2,0,0,0,2,21.0,,voiture,,1,1,1,9,7
202200043707,2022-01-11 14:55:00,2022,1,11,14,55,17,17306,REGAZZONI (AVENUE CHARLES),45.63287,-1.033,Plein jour,En agglomération,Hors intersection,Normale,Autre collision,3,2,2,0,1,1,1,0,1,50,1,2,1,1,0,0,73.0,,voiture,,1,2,1,1,6
202200043708,2022-01-03 19:00:00,2022,1,3,19,0,17,17291,Rue du Fief de la Mare,46.18142,-1.12448,Nuit avec éclairage allumé,En agglomération,Hors intersection,Pluie légère,Deux véhicules - arrière,4,-1,2,0,1,1,2,0,1,50,2,3,2,0,0,1,27.0,80.0,voiture,voiture,5,2,1,2,2
202200043709,2022-01-08 15:00:00,2022,1,8,15,0,16,16102,REPUBLIQUE (RUE DE LA),45.69382,-0.31775,Plein jour,En agglomération,Intersection en T,Pluie légère,Deux véhicules - côté,4,2,2,0,1,1,2,0,1,50,2,2,1,0,0,1,49.0,34.0,deux_roues,voiture,1,2,3,2,3
202200043710,2022-01-12 15:00:00,2022,1,12,15,0,15,15014,AMPERE (RUE),44.91259,2.42456,Plein jour,En agglomération,Hors intersection,Normale,Autre collision,4,2,2,0,1,1,1,0,1,50,1,2,1,0,0,1,45.0,,voiture,,1,2,1,1,6
202200043711,2022-01-10 23:51:00,2022,1,10,23,51,14,14118,N814,49.20153,-0.35084,Nuit sans éclairage public,Hors agglomération,Hors intersection,Normale,Autre collision,2,-1,2,0,1,1,1,0,8,70,3,4,3,1,0,0,24.0,33.0,voiture,voiture,3,1,1,1,6
202200043712,2022-01-12 13:50:00,2022,1,12,13,50,13,13216,ROVE (ROUTE DU),43.35689,5.28654,Plein jour,Hors agglomération,Hors intersection,Normale,Deux véhicules - côté,3,2,2,0,1,1,1,0,1,50,2,2,0,0,1,1,23.0,38.0,deux_roues,deux_roues,1,1,1,1,3
202200043713,2022-01-12 08:45:00,2022,1,12,8,45,13,13208,RABATAU (BOULEVARD),43.2761038135,5.3969859754,Plein jour,En agglomération,Autre intersection,Normale,Autre collision,7,2,2,0,1,1,1,0,1,50,1,2,0,0,1,1,32.0,,deux_roues,,1,2,9,1,6
202200043714,2022-01-11 19:00:00,2022,1,11,19,0,13,13209,SCHLOESING (BOULEVARD),43.2726936419,5.4008900705,Nuit avec éclairage allumé,En agglomération,Intersection en T,Normale,Deux véhicules - côté,4,2,4,0,1,1,1,0,1,50,2,2,1,0,0,1,39.0,21.0,voiture,deux_roues,5,2,3,1,3
202200043715,2022-01-03 17:45:00,2022,1,3,17,45,13,13213,ALBERT EINSTEIN (RUE),43.34092,5.44264,Crépuscule ou aube,En agglomération,Hors intersection,Normale,Deux véhicules - frontale,4,2,2,0,1,1,1,9,1,50,2,2,1,0,0,1,21.0,66.0,voiture,deux_roues,2,2,1,1,1
202200043716,2022-01-03 20:00:00,2022,1,3,20,0,13,13208,MAZARGUES (AVENUE DE),43.2594362695,5.3941460162,Nuit avec éclairage allumé,En agglomération,Hors intersection,Normale,Deux véhicules - côté,4,2,2,0,1,1,1,0,1,50,2,2,1,0,0,1,70.0,41.0,deux_roues,deux_roues,5,2,1,1,3
202200043717,2022-01-03 08:20:00,2022,1,3,8,20,13,13213,CROIX ROUGE (AVENUE),43.3331928854,5.4381573905,Plein jour,En agglomération,Place,Normale,Trois véhicules et plus - collisions multiples,4,1,2,0,1,1,1,0,1,50,3,3,2,0,0,1,37.0,44.0,voiture,deux_roues,1,2,7,1,5
202200043718,2022-01-12 12:55:00,2022,1,12,12,55,13,13098,PORT DE BOUC ANCIEN ROUTE DE,43.4392311589,5.0171106179,Plein jour,Hors agglomération,Intersection en Y,Normale,Deux véhicules - côté,3,2,2,0,1,2,1,0,1,80,2,2,0,0,0,2,65.0,23.0,voiture,voiture,1,1,4,1,3
202200043719,2022-01-11 14:45:00,2022,1,11,14,45,10,10387,ST DOMINIQUE (MAIL),48.29476,4.08231,Plein jour,En agglomération,Hors intersection,Normale,Deux véhicules - arrière,4,1,0,0,1,2,1,0,3,50,2,5,2,0,0,3,46.0,46.0,voiture,transport_commun,1,2,1,1,2
202200043720,2022-01-12 16:55:00,2022,1,12,16,55,09,09225,9° R.C.P. AVENUE DU,43.11457,1.62001,Plein jour,En agglomération,Passage à niveau,Normale,Autre collision,3,-1,2,0,1,1,1,4,1,50,1,3,2,0,0,1,20.0,,voiture,,1,2,8,1,6
202200043721,2022-01-03 18:15:00,2022,1,3,18,15,06,06069,CARNOT (BOULEVARD ET TRAVERSE),43.655025,6.92152,Nuit avec éclairage allumé,En agglomération,Hors intersection,Normale,Autre collision,3,2,2,0,2,1,1,0,1,50,2,2,1,0,0,1,57.0,38.0,voiture,deux_roues,5,2,1,1,6
202200043722,2022-01-11 13:10:00,2022,1,11,13,10,05,05061,rue de Fontreyne,44.5451785279,6.0580131412,Plein jour,En agglomération,Intersection en T,Normale,Autre collision,4,2,2,0,2,2,1,0,1,50,1,2,1,0,1,0,57.0,,voiture,,1,2,3,1,6
202200043723,2022-01-11 11:55:00,2022,1,11,11,55,05,05061,contre allée Albert Laty,44.54872,6.06696,Plein jour,En agglomération,Intersection en T,Normale,Deux véhicules - côté,4,2,2,1,1,1,1,0,1,50,2,3,2,0,0,1,52.0,40.0,voiture,deux_roues,1,2,3,1,3
202200043724,2022-01-12 08:35:00,2022,1,12,8,35,75,75110,RUE DU FAUBOURG DU TEMPLE,48.869998,2.37104,Plein jour,En agglomération,Intersection en X,Normale,Deux véhicules - côté,4,1,1,0,2,1,1,9,1,30,2,2,1,1,0,0,57.0,33.0,deux_roues,utilitaire_camion,1,2,2,1,3
202200043725,2022-01-10 21:40:00,2022,1,10,21,40,75,75105,RUE LAGRANGE,48.852351,2.348252,Nuit avec éclairage allumé,En agglomération,Intersection en X,Normale,Deux véhicules - arrière,4,2,3,0,1,1,1,0,1,30,2,2,1,0,0,1,68.0,25.0,voiture,deux_roues,5,2,2,1,2
202200043726,2022-01-10 19:35:00,2022,1,10,19,35,75,75106,QUAI DES GRANDS AUGUSTINS,48.853777,2.344326,Nuit avec éclairage allumé,En agglomération,Place,Normale,Autre collision,4,2,4,0,1,1,1,0,1,30,1,3,2,0,0,1,27.0,,deux_roues,,5,2,7,1,6
202200043727,2022-01-12 20:15:00,2022,1,12,20,15,75,75118,RUE DE LA CHAPELLE,48.893315,2.359643,Nuit avec éclairage allumé,En agglomération,Intersection en T,Normale,Deux véhicules - arrière,4,2,5,0,1,1,1,0,1,30,2,2,1,0,0,1,66.0,29.0,voiture,deux_roues,5,2,3,1,2
202200043728,2022-01-12 18:45:00,2022,1,12,18,45,75,75116,PLACE DE COLOMBIE,48.862747,2.267143,Nuit avec éclairage allumé,En agglomération,Place,Normale,Deux véhicules - côté,4,2,5,0,1,1,1,0,1,30,2,2,1,0,0,1,53.0,76.0,deux_roues,voiture,5,2,7,1,3
202200043729,2022-01-12 14:05:00,2022,1,12,14,5,75,75116,RUE DU RANELAGH,48.853715,2.277413,Plein jour,En agglomération,Intersection en X,Normale,Deux véhicules - côté,4,1,2,0,2,1,1,0,1,30,2,2,1,0,0,1,60.0,21.0,voiture,deux_roues,1,2,2,1,3
202200043730,2022-01-12 09:40:00,2022,1,12,9,40,75,75115,AVENUE DE LOWENDAL,48.849428,2.303788,Plein jour,En agglomération,Intersection en X,Normale,Autre collision,4,2,4,0,1,1,1,0,1,30,1,1,0,0,0,1,40.0,,deux_roues,,1,2,2,1,6
202200043731,2022-01-11 16:30:00,2022,1,11,16,30,75,75115,QUAI D ISSY LES MOULINEAUX,48.837582,2.268543,Plein jour,En agglomération,Hors intersection,Normale,Deux véhicules - arrière,4,1,2,0,1,1,1,0,1,30,2,3,1,0,0,2,44.0,54.0,voiture,voiture,1,2,1,1,2
202200043732,2022-01-12 11:50:00,2022,1,12,11,50,75,75113,RUE DE TOLBIAC,48.830489,2.376581,Plein jour,En agglomération,Intersection en X,Normale,Autre collision,4,2,4,0,1,1,1,0,1,30,1,2,0,0,0,2,25.0,,deux_roues,,1,2,2,1,6
202200043733,2022-01-12 17:00:00,2022,1,12,17,0,75,75112,QUAI DE LA RAPEE,48.845838,2.367669,Nuit avec éclairage allumé,En agglomération,Intersection en X,Normale,Autre collision,4,2,6,0,1,1,1,0,1,30,1,2,1,0,0,1,24.0,,voiture,,5,2,2,1,6
202200043734,2022-01-12 12:13:00,2022,1,12,12,13,94,94043,120 Avenue de Fontainebleau,48.80837,2.36252,Plein jour,En agglomération,Hors intersection,Normale,Sans collision,3,2,4,3,1,1,1,0,1,50,1,2,0,1,0,1,26.0,,deux_roues,,1,2,1,1,7
202200043735,2022-01-10 09:40:00,2022,1,10,9,40,94,94028,Av du Mal de Lattre de Tassigny,48.80137,2.44932,Plein jour,En agglomération,Hors intersection,Pluie légère,Deux véhicules - frontale,3,1,3,1,1,1,2,0,5,30,2,2,1,0,0,1,46.0,48.0,deux_roues,voiture,1,2,1,2,1
202200043736,2022-01-12 16:50:00,2022,1,12,16,50,94,94077,Avenue Pasteur / Rue Marcel Risser,48.73741,2.41921,Plein jour,En agglomération,Intersection en X,Normale,Deux véhicules - côté,4,2,2,0,2,1,1,0,1,50,2,2,1,0,1,0,19.0,52.0,deux_roues,voiture,1,2,2,1,3
202200043737,2022-01-12 09:30:00,2022,1,12,9,30,94,94017,Rue des Fauvettes / Place de la Chanson,48.80995,2.54978,Plein jour,En agglomération,Intersection à plus de 4 branches,Normale,Deux véhicules - côté,4,1,1,0,1,1,1,0,1,30,2,4,3,0,0,1,31.0,53.0,voiture,voiture,1,2,5,1,3
202200043738,2022-01-12 07:30:00,2022,1,12,7,30,93,93070,ALBERT-DHALENNE (RUE),48.9156770422,2.3310488462,Nuit avec éclairage allumé,En agglomération,Hors intersection,Normale,Deux véhicules - côté,3,2,4,0,1,1,1,0,1,50,2,2,1,0,0,1,47.0,31.0,voiture,deux_roues,5,2,1,1,3
202200043739,2022-01-11 13:45:00,2022,1,11,13,45,93,93066,Rue Paul Lafargue,48.9175051809,2.3610574264,Plein jour,En agglomération,Hors intersection,Normale,Autre collision,4,1,1,0,1,2,1,0,1,50,1,2,1,0,0,1,63.0,,voiture,,1,2,1,1,6
202200043740,2022-01-12 08:13:00,2022,1,12,8,13,93,93074,Rue de la Somme,48.938261,2.595468,Crépuscule ou aube,En agglomération,Hors intersection,Brouillard / fumée,Autre collision,4,1,1,0,1,1,1,0,1,50,1,2,1,0,0,1,67.0,,voiture,,2,2,1,5,6
202200043741,2022-01-11 14:30:00,2022,1,11,14,30,93,93061,DANTON RUE,48.8842945707,2.4056647397,Plein jour,En agglomération,Intersection en T,Normale,Autre collision,4,1,0,0,1,1,1,0,1,50,1,2,1,0,0,1,63.0,,voiture,,1,2,3,1,6
202200043742,2022-01-12 16:50:00,2022,1,12,16,50,93,93008,DIVISION LECLERC (AVENUE DE LA) A20,48.9090934077,2.4183554646,Plein jour,En agglomération,Hors intersection,Normale,Autre collision,3,3,2,0,1,1,1,0,1,50,1,1,0,0,1,0,43.0,,voiture,,1,2,1,1,6