accident_id,datetime,annee,mois,jour,heure,minute,departement,commune_insee,adresse,latitude,longitude,luminosite,agglomeration,intersection,meteo,collision,catr,circ,nbv,vosp,prof,plan,surf,infra,situ,vma,nb_vehicules,nb_usagers,nb_indemnes,nb_tues,nb_blesses_hosp,nb_blesses_legers,age_cond_1,age_cond_2,veh_type_cond_1,veh_type_cond_2,lum_code,agg_code,int_code,atm_code,col_code
202200043743,2022-01-12 20:51:00,2022,1,12,20,51,93,93007,Avenue du 8 Mai 1945 / Avenue Descartes,48.950587,2.440082,Nuit avec éclairage allumé,En agglomération,Intersection en T,Normale,Deux véhicules - côté,3,2,4,0,1,1,1,0,1,50,2,2,1,0,0,1,20.0,36.0,voiture,deux_roues,5,2,3,1,3
202200043744,2022-01-12 21:40:00,2022,1,12,21,40,92,92072,VILLE D'AVRAY (RUE DE ),48.8256318918,2.2068035603,Nuit avec éclairage allumé,En agglomération,Hors intersection,Normale,Deux véhicules - côté,3,2,2,0,2,2,1,0,1,30,2,3,2,0,0,1,65.0,56.0,voiture,deux_roues,5,2,1,1,3
202200043745,2022-01-12 18:45:00,2022,1,12,18,45,92,92072,GRANDE RUE,48.8261240731,2.2181420624,Nuit avec éclairage allumé,En agglomération,Hors intersection,Normale,Deux véhicules - arrière,3,1,2,0,1,1,1,0,1,50,2,4,3,0,0,1,55.0,65.0,voiture,voiture,5,2,1,1,2
202200043746,2022-01-12 11:40:00,2022,1,12,11,40,92,92033,QUATRE VENTS,48.8490501943,2.193775937,Plein jour,En agglomération,Hors intersection,Normale,Deux véhicules - côté,4,2,0,0,2,1,1,0,1,50,2,3,1,0,0,2,34.0,68.0,voiture,deux_roues,1,2,1,1,3
202200043747,2022-01-11 15:40:00,2022,1,11,15,40,92,92063,SOLFERINO (BOULEVARD),48.8736786621,2.1828508973,Plein jour,En agglomération,Hors intersection,Normale,Deux véhicules - côté,3,2,2,0,1,1,1,0,1,50,2,2,1,0,0,1,45.0,20.0,utilitaire_camion,deux_roues,1,2,1,1,3
202200043748,2022-01-12 08:00:00,2022,1,12,8,0,92,92025,AUDRA (AV),48.9279270584,2.2498803735,Plein jour,En agglomération,Hors intersection,Normale,Autre collision,4,2,2,0,1,1,1,0,1,50,1,2,1,0,0,1,,,voiture,,1,2,1,1,6
202200043749,2022-01-11 20:20:00,2022,1,11,20,20,92,92025,GABRIEL PERI (RUE),48.914629,2.229073,Nuit avec éclairage allumé,En agglomération,Intersection en X,Normale,Deux véhicules - côté,3,4,3,0,1,1,1,5,1,30,2,2,1,0,0,1,29.0,50.0,deux_roues,voiture,5,2,2,1,3
202200043750,2022-01-12 13:35:00,2022,1,12,13,35,92,92012,ANDRE MORIZET (AVENUE) - 49/FIN - 54/FIN,48.839207043,2.2316730022,Plein jour,En agglomération,Hors intersection,Temps couvert,Deux véhicules - côté,3,2,1,0,1,1,1,0,1,50,2,2,1,0,1,0,37.0,42.0,deux_roues,voiture,1,2,1,8,3
202200043751,2022-01-12 13:35:00,2022,1,12,13,35,66,66164,A9 Point Kilométrique 242+000 sens Espagne vers France,42.77433,2.893481,Plein jour,Hors agglomération,Hors intersection,Normale,Trois véhicules et plus - en chaîne,1,1,5,0,1,1,1,0,1,130,3,4,3,0,0,1,50.0,56.0,voiture,utilitaire_camion,1,1,1,1,4
202200043752,2022-01-13 00:14:00,2022,1,13,0,14,77,77505,Autoroute A4 - PK 047+200,48.915449,2.980299,Nuit sans éclairage public,Hors agglomération,Hors intersection,Brouillard / fumée,Autre collision,1,1,4,0,1,1,1,0,1,130,2,3,2,1,0,0,34.0,35.0,utilitaire_camion,utilitaire_camion,3,1,1,5,6
202200043753,2022-01-12 12:30:00,2022,1,12,12,30,79,79086,,46.420501,-0.337331,Plein jour,Hors agglomération,Hors intersection,Normale,Deux véhicules - frontale,3,2,2,0,2,2,1,0,1,80,2,3,2,0,0,1,40.0,45.0,voiture,voiture,1,1,1,1,1
202200043754,2022-01-12 17:10:00,2022,1,12,17,10,71,71483,la pouge,46.31432,4.290853,Nuit sans éclairage public,Hors agglomération,Hors intersection,Normale,Deux véhicules - frontale,3,2,2,0,2,4,1,0,1,80,2,2,0,1,1,0,61.0,49.0,voiture,voiture,3,1,1,1,1
202200043755,2022-01-08 16:00:00,2022,1,8,16,0,27,27065,Autoroute A13 - Pk 171+400,49.320542,0.317716,Plein jour,Hors agglomération,Hors intersection,Pluie forte,Deux véhicules - côté,1,3,4,0,1,1,2,0,1,130,2,2,1,0,0,1,37.0,57.0,voiture,voiture,1,1,1,3,3
202200043756,2022-01-12 08:25:00,2022,1,12,8,25,76,76424,Rue Bernard Leger,49.765861,1.488197,Crépuscule ou aube,Hors agglomération,Hors intersection,Brouillard / fumée,Deux véhicules - frontale,3,2,2,0,1,1,1,0,1,80,2,3,1,0,1,1,30.0,19.0,utilitaire_camion,voiture,2,1,1,5,1
202200043757,2022-01-12 07:30:00,2022,1,12,7,30,13,13043,A55-Sens Martigues vers Marseille,43.3913689291,5.2622759341,Crépuscule ou aube,Hors agglomération,Hors intersection,Normale,Autre collision,1,1,2,0,1,1,1,0,2,90,1,2,1,0,0,1,46.0,,utilitaire_camion,,2,1,1,1,6
202200043758,2022-01-09 17:55:00,2022,1,9,17,55,13,13215,A7-Sens Lyon vers Marseille,43.38151,5.35209,Nuit sans éclairage public,Hors agglomération,Hors intersection,Normale,Deux véhicules - arrière,1,1,3,0,1,1,1,0,1,90,2,3,1,0,0,2,32.0,29.0,voiture,voiture,3,1,1,1,2
202200043759,2022-01-01 00:35:00,2022,1,1,0,35,54,54571,Autoroute A 33,48.61836,6.21722,Nuit sans éclairage public,Hors agglomération,Hors intersection,Normale,Deux véhicules - arrière,1,3,4,0,1,1,1,0,1,110,2,2,1,0,0,1,69.0,43.0,utilitaire_camion,voiture,3,1,1,1,2
202200043760,2022-01-07 13:30:00,2022,1,7,13,30,54,54265,Autoroute A 33,48.64036,6.17042,Plein jour,Hors agglomération,Hors intersection,Temps couvert,Autre collision,1,3,4,0,2,3,2,0,1,90,8,8,7,0,1,0,61.0,57.0,voiture,voiture,1,1,1,8,6
202200043761,2022-01-11 18:30:00,2022,1,11,18,30,94,94037,AUTOROUTE A6A,48.81619,2.33671,Nuit avec éclairage allumé,Hors agglomération,Hors intersection,Normale,Sans collision,1,1,2,0,1,3,1,1,1,50,1,1,0,0,0,1,46.0,,deux_roues,,5,1,1,1,7
202200043762,2022-01-12 10:45:00,2022,1,12,10,45,91,91174,RN 104,48.6218,2.46284,Plein jour,Hors agglomération,Hors intersection,Normale,Sans collision,2,1,4,0,1,1,1,0,1,110,1,1,0,0,0,1,53.0,,voiture,,1,1,1,1,7
202200043763,2022-01-12 10:00:00,2022,1,12,10,0,91,91216,AUTOROUTE A6,48.68255,2.32968,Plein jour,Hors agglomération,Hors intersection,Normale,Deux véhicules - côté,1,1,3,0,1,1,1,0,1,110,2,2,1,0,0,1,59.0,23.0,voiture,voiture,1,1,1,1,3
202200043764,2022-01-12 02:51:00,2022,1,12,2,51,78,78402,A13,48.96399,1.79141,Nuit sans éclairage public,Hors agglomération,Hors intersection,Brouillard / fumée,Autre collision,1,1,3,0,1,1,2,0,1,130,1,3,0,0,0,3,22.0,,voiture,,3,1,1,5,6
202200043765,2022-01-12 01:15:00,2022,1,12,1,15,78,78297,RN12,48.790977,2.057035,Nuit sans éclairage public,Hors agglomération,Hors intersection,Brouillard / fumée,Autre collision,2,1,3,0,1,1,1,0,1,110,1,1,0,0,0,1,28.0,,voiture,,3,1,1,5,6
202200043766,2022-01-12 18:45:00,2022,1,12,18,45,93,93064,AUTOROUTE A86,48.8822128144,2.4736136198,Nuit avec éclairage non allumé,Hors agglomération,Hors intersection,Normale,Deux véhicules - côté,1,-1,2,0,1,1,1,0,1,70,2,2,1,0,0,1,46.0,24.0,deux_roues,voiture,4,1,1,1,3
202200043767,2022-01-11 09:45:00,2022,1,11,9,45,64,64260,Rue des Néfliers,43.37259,-1.77109,Plein jour,En agglomération,Intersection en X,Normale,Deux véhicules - côté,4,2,2,0,1,1,1,0,1,50,2,2,1,0,0,1,67.0,33.0,deux_roues,voiture,1,2,2,1,3
202200043768,2022-01-11 07:45:00,2022,1,11,7,45,43,43157,1 Boulevard de Cluny,45.0482,3.893187,Crépuscule ou aube,En agglomération,Hors intersection,Normale,Autre collision,3,2,2,0,1,1,7,9,1,50,1,2,1,0,0,1,29.0,,utilitaire_camion,,2,2,1,1,6
202200043769,2022-01-10 07:45:00,2022,1,10,7,45,24,24037,SIMOUNET (RUE DOCTEUR),44.853274642,0.4913538694,Crépuscule ou aube,En agglomération,Hors intersection,Pluie légère,Autre collision,4,-1,2,0,1,1,2,0,1,50,1,2,1,0,1,0,37.0,,voiture,,2,2,1,2,6
202200043770,2022-01-10 13:45:00,2022,1,10,13,45,94,94081,2 Av du President Salvador Allende,48.79622,2.4156,Plein jour,En agglomération,Hors intersection,Normale,Deux véhicules - côté,4,1,0,0,1,1,1,0,1,50,2,2,1,0,0,1,56.0,56.0,voiture,deux_roues,1,2,1,1,3
202200043771,2022-01-09 18:30:00,2022,1,9,18,30,59,59178,LATTRE DE TASSIGNY (AVENUE DU MARECHAL D,50.38106,3.06626,Nuit avec éclairage allumé,En agglomération,Hors intersection,Normale,Autre collision,4,2,4,3,1,1,1,0,6,50,1,4,3,0,1,0,56.0,,utilitaire_camion,,5,2,1,1,6
202200043772,2022-01-11 14:15:00,2022,1,11,14,15,974,97407,LYON(RUE),-20.937,55.295,Plein jour,En agglomération,Hors intersection,Normale,Autre collision,4,-1,1,0,1,1,1,0,4,50,1,2,1,0,0,1,31.0,,utilitaire_camion,,1,2,1,1,6
202200043773,2022-01-11 14:15:00,2022,1,11,14,15,973,97302,CATAYEE (JUSTIN),4.9395663462,-52.3306368291,Plein jour,En agglomération,Autre intersection,Normale,Deux véhicules - côté,4,2,2,0,1,1,1,9,1,50,2,2,1,0,0,1,41.0,22.0,voiture,deux_roues,1,2,9,1,3
202200043774,2022-01-11 06:45:00,2022,1,11,6,45,69,69388,Rue Stéphane Coignet,45.72473,4.87305,Nuit avec éclairage allumé,En agglomération,Intersection en X,Normale,Deux véhicules - frontale,4,1,1,2,1,1,1,0,1,50,2,2,1,0,0,1,22.0,46.0,deux_roues,voiture,5,2,2,1,1
202200043775,2022-01-10 12:45:00,2022,1,10,12,45,972,97209,BEAUSEJOUR JAMBETTE (ROUTE DE ),14.63919,-61.04091,Plein jour,En agglomération,Hors intersection,Normale,Deux véhicules - frontale,3,2,2,0,2,1,1,0,1,30,2,3,2,0,1,0,63.0,32.0,utilitaire_camion,voiture,1,2,1,1,1
202200043776,2022-01-10 11:40:00,2022,1,10,11,40,91,91021,RUE PASTEUR,48.58,2.24,Plein jour,En agglomération,Hors intersection,Normale,Autre collision,3,1,1,0,2,1,2,9,6,20,1,3,0,0,0,3,18.0,,deux_roues,,1,2,1,1,6
202200043777,2022-01-11 20:10:00,2022,1,11,20,10,91,91286,DAMIER (PLACE DU),48.65131,2.381393,Nuit avec éclairage allumé,En agglomération,Intersection en T,Normale,Deux véhicules - côté,4,2,1,3,1,1,1,0,6,30,2,4,2,0,0,2,61.0,86.0,transport_commun,voiture,5,2,3,1,3
202200043778,2022-01-11 15:47:00,2022,1,11,15,47,91,91286,MERIDIEN (QUARTIER DU),48.65452,2.37357,Plein jour,En agglomération,Intersection en T,Normale,Autre collision,4,-1,1,0,1,1,1,0,1,50,1,2,1,0,0,1,30.0,,utilitaire_camion,,1,2,3,1,6
202200043779,2022-01-10 18:27:00,2022,1,10,18,27,91,91223,FARMAN (AVENUE HENRI),48.43973,2.15201,Nuit avec éclairage allumé,En agglomération,Hors intersection,Normale,Deux véhicules - arrière,4,2,2,0,1,1,1,9,1,50,2,2,1,0,0,1,37.0,47.0,voiture,voiture,5,2,1,1,2
202200043780,2022-01-10 08:45:00,2022,1,10,8,45,87,87085,GOUJAUD (QUAI LOUIS),45.82935,1.26978,Plein jour,En agglomération,Hors intersection,Pluie légère,Deux véhicules - arrière,2,3,4,0,1,1,2,0,1,50,2,2,1,0,0,1,29.0,58.0,voiture,utilitaire_camion,1,2,1,2,2
202200043781,2022-01-11 09:00:00,2022,1,11,9,0,82,82121,GUERRET (RUE MARCEL),44.015317,1.374163,Crépuscule ou aube,En agglomération,Intersection en T,Temps éblouissant,Deux véhicules - côté,4,2,2,0,1,1,1,0,1,50,2,2,1,0,1,0,31.0,64.0,voiture,deux_roues,2,2,3,7,3
202200043782,2022-01-08 21:50:00,2022,1,8,21,50,80,80021,EDOUARD BRANLY (ESPLANADE),49.88998,2.29056,Nuit avec éclairage allumé,En agglomération,Intersection en X,Normale,Deux véhicules - côté,4,1,2,0,1,2,2,0,1,50,2,2,1,0,0,1,22.0,32.0,voiture,deux_roues,5,2,2,1,3
202200043783,2022-01-08 18:40:00,2022,1,8,18,40,80,80021,CAGNY (RUE DE),49.87597,2.32848,Nuit avec éclairage allumé,En agglomération,Hors intersection,Normale,Autre collision,4,2,2,0,1,1,1,0,1,50,1,2,1,0,0,1,34.0,,voiture,,5,2,1,1,6
202200043784,2022-01-11 07:58:00,2022,1,11,7,58,79,79191,Route de Coulonges,46.35036,-0.47812,Crépuscule ou aube,En agglomération,Intersection en X,Normale,Deux véhicules - côté,3,2,3,0,2,1,1,0,1,50,2,2,1,0,0,1,39.0,19.0,voiture,deux_roues,2,2,2,1,3
202200043785,2022-01-04 17:35:00,2022,1,4,17,35,77,77122,AV DU PALOISEL,48.66051,2.56336,Crépuscule ou aube,En agglomération,Hors intersection,Normale,Autre collision,4,2,2,0,1,1,1,0,1,30,1,2,1,0,1,0,47.0,,voiture,,2,2,1,1,6
202200043786,2022-01-11 07:40:00,2022,1,11,7,40,76,76351,Rue de la Cavée Verte,49.5072,0.12225,Nuit avec éclairage allumé,En agglomération,Hors intersection,Normale,Autre collision,4,2,2,0,1,1,1,0,1,30,1,2,1,0,0,1,76.0,,voiture,,5,2,1,1,6
202200043787,2022-01-10 19:20:00,2022,1,10,19,20,76,76351,route de l'estuaire,49.4617181021,0.1812580973,Nuit avec éclairage allumé,Hors agglomération,Hors intersection,Normale,Autre collision,5,2,4,0,1,1,1,0,1,50,1,1,0,0,1,0,33.0,,deux_roues,,5,1,1,1,6
202200043788,2022-01-07 14:00:00,2022,1,7,14,0,76,76351,Rue Louis Lumière,49.52416,0.12294,Plein jour,En agglomération,Intersection en X,Normale,Trois véhicules et plus - en chaîne,3,2,2,0,2,1,1,0,1,50,4,5,3,0,0,2,53.0,66.0,voiture,voiture,1,2,2,1,4
202200043789,2022-01-11 13:00:00,2022,1,11,13,0,76,76217,AVENUE JEAN JAURES,49.91364,1.07249,Plein jour,En agglomération,Intersection en X,Normale,Autre collision,4,2,2,0,1,1,1,0,1,50,1,4,1,0,0,3,34.0,,voiture,,1,2,2,1,6
202200043790,2022-01-10 14:24:00,2022,1,10,14,24,72,72181,LOUIS BLANC (QUAI),48.0094,0.1956,Plein jour,En agglomération,Giratoire,Normale,Autre collision,4,3,2,2,1,1,2,0,1,50,1,4,1,0,0,3,69.0,,voiture,,1,2,6,1,6
202200043791,2022-01-11 18:30:00,2022,1,11,18,30,71,71105,DAVAYE (ROUTE DE),46.30698,4.8047,Nuit avec éclairage allumé,En agglomération,Hors intersection,Autre,Autre collision,3,2,2,0,1,1,1,0,1,50,1,1,0,0,0,1,85.0,,voiture,,5,2,1,9,6
202200043792,2022-01-10 20:40:00,2022,1,10,20,40,67,67482,CLEMENCEAU (BOULEVARD),48.590962,7.745999,Nuit avec éclairage allumé,En agglomération,Hors intersection,Normale,Autre collision,4,1,3,3,1,1,1,0,1,50,1,2,1,0,0,1,46.0,,voiture,,5,2,1,1,6
202200043793,2022-01-03 17:14:00,2022,1,3,17,14,65,65100,CROIZAT (RUE A.),43.254826,0.052181,Plein jour,En agglomération,Hors intersection,Normale,Autre collision,3,2,2,0,1,4,1,0,3,50,1,1,0,0,1,0,21.0,,voiture,,1,2,1,1,6
202200043794,2022-01-10 21:45:00,2022,1,10,21,45,64,64102,Avenue Raymond de Martres,43.48543,-1.48272,Nuit avec éclairage allumé,En agglomération,Intersection en T,Temps couvert,Deux véhicules - arrière,4,2,2,0,1,1,2,0,1,50,2,2,1,0,0,1,19.0,34.0,deux_roues,voiture,5,2,3,8,2
202200043795,2022-01-07 07:39:00,2022,1,7,7,39,63,63113,POURCHON (BD MAURICE),45.79254,3.09179,Nuit avec éclairage allumé,En agglomération,Intersection en X,Normale,Autre collision,7,3,4,0,1,1,1,0,1,50,1,2,1,0,1,0,39.0,,deux_roues,,5,2,2,1,6
202200043796,2022-01-11 16:30:00,2022,1,11,16,30,62,62457,D301,50.462815,2.536385,Plein jour,Hors agglomération,Hors intersection,Temps couvert,Deux véhicules - frontale,3,2,3,0,1,1,1,0,1,80,2,3,0,1,1,1,55.0,78.0,utilitaire_camion,voiture,1,1,1,8,1
202200043797,2022-09-23 17:30:00,2022,9,23,17,30,60,60322,RD153,49.303342,1.884027,Plein jour,Hors agglomération,Intersection en X,Normale,Deux véhicules - côté,3,2,2,0,1,1,1,0,1,50,2,2,1,0,0,1,23.0,35.0,voiture,voiture,1,1,2,1,3
202200043798,2022-09-23 13:45:00,2022,9,23,13,45,80,80561,Route de Roye,49.647893,2.581353,Plein jour,En agglomération,Hors intersection,Normale,Autre collision,6,4,2,0,2,1,1,0,8,-1,1,2,1,0,0,1,83.0,,voiture,,1,2,1,1,6
202200043799,2022-09-26 07:30:00,2022,9,26,7,30,13,13117,A7-Sens Lyon vers Marseille,43.4463202577,5.2422015501,Plein jour,Hors agglomération,Hors intersection,Normale,Deux véhicules - côté,1,1,3,0,1,1,1,0,1,90,2,2,1,0,0,1,63.0,25.0,voiture,deux_roues,1,1,1,1,3
202200043800,2022-09-24 22:20:00,2022,9,24,22,20,13,13212,A507 sens Aubagne- Marseille,43.303288,5.425366,Nuit avec éclairage allumé,Hors agglomération,Hors intersection,Normale,Deux véhicules - arrière,1,1,4,0,2,1,2,1,1,70,3,4,1,1,0,2,30.0,42.0,voiture,deux_roues,5,1,1,1,2
202200043801,2022-09-26 16:25:00,2022,9,26,16,25,91,91377,RD 444,48.72724,2.24412,Plein jour,Hors agglomération,Hors intersection,Pluie légère,Trois véhicules et plus - en chaîne,3,3,2,0,1,1,2,0,1,70,4,4,2,0,0,2,,28.0,autre,voiture,1,1,1,2,4
202200043802,2022-09-26 17:45:00,2022,9,26,17,45,94,94034,AUTOROUTE A86,48.7606114652,2.3193595264,Plein jour,Hors agglomération,Hors intersection,Pluie légère,Deux véhicules - arrière,1,1,2,0,1,1,2,1,1,70,2,2,1,0,0,1,48.0,47.0,deux_roues,utilitaire_camion,1,1,1,2,2
202200043803,2022-09-26 01:40:00,2022,9,26,1,40,91,91570,RN 104,48.62546,2.31969,Nuit sans éclairage public,Hors agglomération,Hors intersection,Normale,Deux véhicules - arrière,2,3,4,0,1,1,1,0,2,110,2,2,1,0,0,1,29.0,31.0,voiture,voiture,3,1,1,1,2
202200043804,2022-09-25 18:40:00,2022,9,25,18,40,91,91377,RN20,48.71899,2.29883,Plein jour,Hors agglomération,Autre intersection,Normale,Deux véhicules - côté,3,-1,4,0,1,1,1,5,1,50,2,3,1,0,0,2,35.0,49.0,deux_roues,voiture,1,1,9,1,3
202200043805,2022-09-25 13:20:00,2022,9,25,13,20,94,94034,AUTOROUTE A86,48.7599957298,2.3212385676,Plein jour,Hors agglomération,Hors intersection,Normale,Trois véhicules et plus - en chaîne,1,3,4,0,1,1,1,0,1,70,5,6,5,0,0,1,49.0,33.0,voiture,voiture,1,1,1,1,4
202200043806,2022-09-25 17:50:00,2022,9,25,17,50,78,78640,A86 INT,48.777634,2.219013,Plein jour,Hors agglomération,Hors intersection,Pluie légère,Trois véhicules et plus - collisions multiples,1,1,3,0,2,1,2,0,1,90,3,6,4,0,0,2,33.0,35.0,voiture,voiture,1,1,1,2,5
202200043807,2022-09-25 18:30:00,2022,9,25,18,30,78,78158,A13,48.8334,2.135712,Plein jour,Hors agglomération,Hors intersection,Normale,Deux véhicules - côté,1,1,4,0,1,1,1,0,1,110,2,2,1,0,0,1,57.0,22.0,voiture,deux_roues,1,1,1,1,3
202200043808,2022-09-24 22:24:00,2022,9,24,22,24,92,92047,A13,48.8325154834,2.1556807078,Nuit avec éclairage allumé,Hors agglomération,Hors intersection,Pluie légère,Autre collision,1,1,3,0,2,1,2,0,1,110,1,3,0,0,0,3,34.0,,voiture,,5,1,1,2,6
202200043809,2022-09-26 22:20:00,2022,9,26,22,20,95,95241,RN 104,49.0534421357,2.4262672663,Nuit sans éclairage public,Hors agglomération,Hors intersection,Normale,Autre collision,2,3,1,0,1,2,1,0,3,50,1,1,0,0,0,1,21.0,,voiture,,3,1,1,1,6
202200043810,2022-09-26 17:45:00,2022,9,26,17,45,93,93066,A1,48.91045,2.35826,Plein jour,Hors agglomération,Hors intersection,Pluie légère,Trois véhicules et plus - collisions multiples,1,3,4,0,1,1,2,1,1,90,3,3,2,0,0,1,27.0,41.0,deux_roues,voiture,1,1,1,2,5
202200043811,2022-09-25 15:10:00,2022,9,25,15,10,93,93053,AUTOROUTE A3,48.89458,2.47125,Plein jour,Hors agglomération,Hors intersection,Normale,Trois véhicules et plus - en chaîne,1,1,10,0,2,1,1,0,1,70,3,5,3,0,0,2,23.0,36.0,voiture,voiture,1,1,1,1,4
202200043812,2022-09-25 05:55:00,2022,9,25,5,55,95,95212, A1,49.0275817117,2.5373321772,Nuit avec éclairage allumé,Hors agglomération,Hors intersection,Normale,Autre collision,1,3,6,0,1,1,1,0,2,110,1,1,0,0,1,0,21.0,,voiture,,5,1,1,1,6
202200043813,2022-09-25 04:45:00,2022,9,25,4,45,95,95682,RN 104,49.06831,2.38445,Nuit sans éclairage public,Hors agglomération,Hors intersection,Normale,Deux véhicules - arrière,2,3,4,0,1,3,1,0,1,110,2,4,1,0,0,3,22.0,26.0,voiture,utilitaire_camion,3,1,1,1,2
202200043814,2022-09-24 20:30:00,2022,9,24,20,30,69,69091,27 Rue Honoré Pététin,45.59197,4.77294,Nuit avec éclairage non allumé,En agglomération,Hors intersection,Pluie forte,Autre collision,7,2,2,0,1,1,2,0,1,50,1,2,1,1,0,0,20.0,,voiture,,4,2,1,3,6
202200043815,2022-09-24 21:10:00,2022,9,24,21,10,974,97416,BADAMIER (CHEMIN),-21.32786,55.4591,Nuit sans éclairage public,Hors agglomération,Hors intersection,Normale,Autre collision,4,2,0,0,2,2,1,0,8,50,1,1,0,0,0,1,24.0,,voiture,,3,1,1,1,6
202200043816,2022-09-24 09:30:00,2022,9,24,9,30,974,97411,JAURES (BOULEVARD JEAN),-20.899,55.479,Plein jour,Hors agglomération,Hors intersection,Normale,Deux véhicules - arrière,4,1,2,0,1,1,1,0,1,70,2,2,1,0,0,1,44.0,38.0,voiture,voiture,1,1,1,1,2
202200043817,2022-09-23 10:15:00,2022,9,23,10,15,974,97411,TOPAZES(ALLEE DES),-20.89402,55.444043,Plein jour,En agglomération,Hors intersection,Normale,Sans collision,4,2,2,0,2,2,1,0,1,50,1,1,0,0,1,0,54.0,,utilitaire_camion,,1,2,1,1,7
202200043818,2022-09-24 16:40:00,2022,9,24,16,40,974,97409,RN2 SENS ST BENOIT ST DENIS,-20.9422,55.64752,Plein jour,En agglomération,Intersection en T,Normale,Autre collision,2,1,2,0,2,2,1,0,1,50,2,3,1,0,1,1,43.0,30.0,voiture,deux_roues,1,2,3,1,6
202200043819,2022-09-24 13:40:00,2022,9,24,13,40,974,97409,RN2 SENS ST BENOIT ST DENIS,-20.9688,55.65608,Plein jour,Hors agglomération,Hors intersection,Normale,Autre collision,2,3,2,0,1,1,1,2,1,70,1,3,2,0,0,1,37.0,,voiture,,1,1,1,1,6
202200043820,2022-09-24 17:52:00,2022,9,24,17,52,973,97302,MIRZA (CITE),4.9348818798,-52.3250846565,Crépuscule ou aube,En agglomération,Hors intersection,Normale,Deux véhicules - côté,4,2,2,0,1,4,1,0,1,50,2,2,1,0,0,1,53.0,44.0,voiture,deux_roues,2,2,1,1,3
202200043821,2022-09-19 15:30:00,2022,9,19,15,30,973,97302,ROUTE NATIONALE 1,4.90765,-52.3226,Plein jour,En agglomération,Giratoire,Normale,Deux véhicules - côté,2,1,2,0,1,3,1,0,1,80,2,2,1,0,0,1,22.0,24.0,voiture,deux_roues,1,2,6,1,3
202200043822,2022-09-24 15:00:00,2022,9,24,15,0,69,69386,Rue Bossuet,45.76836,4.85643,Plein jour,En agglomération,Intersection en X,Normale,Deux véhicules - côté,4,1,1,0,1,1,1,0,1,30,2,2,1,0,0,1,55.0,29.0,deux_roues,voiture,1,2,2,1,3
202200043823,2022-09-24 12:20:00,2022,9,24,12,20,69,69388,Avenue Jean Mermoz,45.73413,4.8763,Plein jour,En agglomération,Intersection en X,Normale,Deux véhicules - côté,4,2,2,3,1,1,1,0,1,50,2,3,2,0,1,0,61.0,56.0,voiture,deux_roues,1,2,2,1,3
202200043824,2022-09-24 11:15:00,2022,9,24,11,15,69,69387,Avenue Félix Faure,45.75209,4.84663,Plein jour,En agglomération,Intersection en X,Normale,Deux véhicules - côté,4,1,2,1,1,1,1,0,1,30,2,2,1,0,0,1,23.0,29.0,deux_roues,utilitaire_camion,1,2,2,1,3
202200043825,2022-09-24 20:45:00,2022,9,24,20,45,69,69034,24 Avenue Pierre Terrasse,45.7981024884,4.8510135881,Nuit sans éclairage public,En agglomération,Hors intersection,Pluie légère,Deux véhicules - côté,4,2,2,0,1,1,2,0,1,50,2,4,2,0,0,2,30.0,32.0,voiture,voiture,3,2,1,2,3
202200043826,2022-09-24 03:00:00,2022,9,24,3,0,69,69382,Place Antonin Poncet,45.75584,4.83521,Nuit avec éclairage allumé,En agglomération,Intersection en Y,Pluie légère,Autre collision,4,1,1,0,1,1,2,0,4,30,1,5,3,0,0,2,24.0,,voiture,,5,2,4,2,6
202200043827,2022-09-24 06:57:00,2022,9,24,6,57,971,97113,DOCTEUR HELENE (IMPASSE),16.2078270291,-61.484271884,Plein jour,En agglomération,Autre intersection,Normale,Autre collision,4,2,2,0,2,2,1,9,1,50,1,2,1,0,0,1,68.0,,voiture,,1,2,9,1,6
202200043828,2022-09-24 12:30:00,2022,9,24,12,30,971,97101,RN05,16.264,-61.51237,Plein jour,En agglomération,Hors intersection,Normale,Deux véhicules - arrière,2,2,4,0,1,1,1,2,1,50,2,5,3,0,0,2,62.0,38.0,voiture,voiture,1,2,1,1,2
202200043829,2022-09-24 11:28:00,2022,9,24,11,28,2A,2A004,PRINCE IMPERIAL COURS,41.9342,8.74692,Plein jour,En agglomération,Hors intersection,Pluie légère,Trois véhicules et plus - en chaîne,2,1,4,0,1,1,2,0,1,50,4,6,4,0,0,2,31.0,48.0,voiture,voiture,1,2,1,2,4
202200043830,2022-09-24 14:20:00,2022,9,24,14,20,91,91514,RTE DE BOUSSY ST ANTOINE,48.68042,2.53571,Plein jour,En agglomération,Hors intersection,Normale,Deux véhicules - frontale,3,2,2,3,2,1,1,0,1,30,2,2,1,0,0,1,29.0,41.0,transport_commun,voiture,1,2,1,1,1
202200043831,2022-09-23 15:30:00,2022,9,23,15,30,83,83137,NICE (ROUTE DE),43.1321265015,5.9761954844,Plein jour,Hors agglomération,Intersection en T,Normale,Deux véhicules - côté,3,2,2,0,1,1,1,5,1,50,2,2,1,0,0,1,40.0,27.0,voiture,deux_roues,1,1,3,1,3
202200043832,2022-09-24 05:40:00,2022,9,24,5,40,83,83069,AVENUE RITONDALE LEOPOLD,43.11965,6.15208,Nuit sans éclairage public,En agglomération,Hors intersection,Pluie légère,Autre collision,7,1,2,0,1,1,2,0,1,90,1,2,0,0,0,2,20.0,,voiture,,3,2,1,2,6