accident_id,datetime,annee,mois,jour,heure,minute,departement,commune_insee,adresse,latitude,longitude,luminosite,agglomeration,intersection,meteo,collision,catr,circ,nbv,vosp,prof,plan,surf,infra,situ,vma,nb_vehicules,nb_usagers,nb_indemnes,nb_tues,nb_blesses_hosp,nb_blesses_legers,age_cond_1,age_cond_2,veh_type_cond_1,veh_type_cond_2,lum_code,agg_code,int_code,atm_code,col_code
202200043833,2022-09-24 15:00:00,2022,9,24,15,0,76,76540,Route de Darnetal,49.4410452402,1.1235746741,Plein jour,En agglomération,Hors intersection,Temps couvert,Autre collision,7,2,2,0,1,1,2,0,1,50,1,2,1,0,1,0,33.0,,transport_commun,,1,2,1,8,6
202200043834,2022-09-24 18:30:00,2022,9,24,18,30,69,69266,Rue Jean Jaurès,45.75703,4.8806,Plein jour,En agglomération,Intersection en T,Pluie forte,Deux véhicules - frontale,4,2,2,0,1,1,2,0,1,50,2,2,1,0,0,1,45.0,16.0,voiture,deux_roues,1,2,3,3,1
202200043835,2022-09-24 06:25:00,2022,9,24,6,25,69,69266,Avenue Roger Salengro,45.77665,4.87623,Nuit avec éclairage allumé,En agglomération,Intersection en X,Pluie légère,Autre collision,4,2,2,0,1,1,2,0,1,50,1,3,0,0,0,2,,,utilitaire_camion,,5,2,2,2,6
202200043836,2022-09-23 12:10:00,2022,9,23,12,10,69,69264,Place Simone Veil,45.99016,4.7238,Plein jour,En agglomération,Hors intersection,Normale,Autre collision,4,2,2,0,1,1,1,6,6,30,1,2,1,1,0,0,63.0,,utilitaire_camion,,1,2,1,1,6
202200043837,2022-09-24 15:42:00,2022,9,24,15,42,68,68224,KINGERSHEIM (RUE DE),47.77295,7.32727,Plein jour,En agglomération,Intersection en Y,Normale,Deux véhicules - côté,3,2,2,1,1,1,1,0,5,50,2,2,1,0,1,0,33.0,82.0,voiture,deux_roues,1,2,4,1,3
202200043838,2022-09-24 21:51:00,2022,9,24,21,51,65,65047,GUESDE (RUE JULES),43.245612,0.089885,Nuit avec éclairage non allumé,En agglomération,Giratoire,Temps couvert,Deux véhicules - côté,3,2,2,0,1,2,1,0,1,50,2,2,1,0,0,1,25.0,56.0,deux_roues,voiture,4,2,6,8,3
202200043839,2022-09-24 02:30:00,2022,9,24,2,30,64,64445,avenue de l'Europe,43.32884,-0.34772,Nuit avec éclairage allumé,En agglomération,Hors intersection,Normale,Deux véhicules - frontale,3,2,2,0,1,3,1,0,1,70,2,2,1,0,0,1,29.0,22.0,voiture,voiture,5,2,1,1,1
202200043840,2022-09-23 18:20:00,2022,9,23,18,20,62,62119,BERTHELOT ( RUE MARCELLIN ),50.529652,2.644461,Plein jour,En agglomération,Hors intersection,Pluie légère,Deux véhicules - côté,4,2,2,0,1,1,2,0,1,50,2,2,1,0,1,0,35.0,26.0,utilitaire_camion,deux_roues,1,2,1,2,3
202200043841,2022-09-24 00:50:00,2022,9,24,0,50,59,59365,LANDRECIES (ROUTE DE),50.2553022899,3.9479997754,Nuit avec éclairage allumé,En agglomération,Hors intersection,Normale,Autre collision,3,2,2,0,1,1,1,0,1,50,2,7,4,0,0,3,28.0,23.0,voiture,voiture,5,2,1,1,6
202200043842,2022-09-19 18:30:00,2022,9,19,18,30,59,59350,LANNOY RUE DE,50.634436,3.100961,Plein jour,En agglomération,Autre intersection,Temps couvert,Deux véhicules - frontale,7,2,2,0,1,1,1,0,1,50,2,3,1,0,0,2,30.0,46.0,voiture,voiture,1,2,9,8,1
202200043843,2022-09-23 17:00:00,2022,9,23,17,0,59,59560,LILLE ROUTE DE,50.5648783096,3.0415338278,Plein jour,En agglomération,Intersection en X,Pluie légère,Deux véhicules - côté,7,2,3,0,1,1,2,5,1,50,2,4,0,0,0,4,39.0,44.0,voiture,voiture,1,2,2,2,3
202200043844,2022-09-24 01:00:00,2022,9,24,1,0,57,57606,RN 633,49.1440451218,6.70831068,Nuit sans éclairage public,Hors agglomération,Hors intersection,Normale,Deux véhicules - arrière,2,1,3,0,1,1,1,0,1,70,2,4,2,0,1,1,29.0,,voiture,,3,1,1,1,2
202200043845,2022-09-24 16:40:00,2022,9,24,16,40,56,56098,Avenue Ambroise Croizat,47.77732,-3.34476,Plein jour,En agglomération,Hors intersection,Normale,Deux véhicules - arrière,3,3,4,0,1,1,1,0,1,50,2,3,2,0,0,1,32.0,35.0,voiture,transport_commun,1,2,1,1,2
202200043846,2022-09-24 15:05:00,2022,9,24,15,5,54,54395,ARC ( RUE JEANNE D'N,48.6815246378,6.1747804284,Plein jour,En agglomération,Hors intersection,Pluie légère,Deux véhicules - arrière,4,1,2,1,1,1,2,0,1,50,2,2,0,0,0,2,21.0,16.0,deux_roues,deux_roues,1,2,1,2,2
202200043847,2022-09-22 16:29:00,2022,9,22,16,29,54,54395,LIBERATION (AVENUE DE LA),48.69723,6.15441,Plein jour,En agglomération,Hors intersection,Normale,Trois véhicules et plus - en chaîne,4,2,2,0,2,1,1,0,1,50,3,3,2,0,0,1,65.0,46.0,voiture,voiture,1,2,1,1,4
202200043848,2022-09-24 11:57:00,2022,9,24,11,57,49,49007,GAULLE BOULEVARD CHARLES DE,47.46962,-0.56146,Plein jour,En agglomération,Hors intersection,Temps couvert,Sans collision,4,2,2,0,1,1,2,0,1,50,1,1,0,0,1,0,70.0,,deux_roues,,1,2,1,8,7
202200043849,2022-09-24 08:23:00,2022,9,24,8,23,45,45234,32 Avenue de la Mouillère,47.8850624961,1.908035595,Crépuscule ou aube,En agglomération,Hors intersection,Normale,Autre collision,4,2,2,3,1,1,2,0,1,50,1,1,0,0,0,1,84.0,,voiture,,2,2,1,1,6
202200043850,2022-09-24 03:43:00,2022,9,24,3,43,44,44109,BOULEVARD ROBERT SCHUMAN,47.23605,-1.5683,Nuit avec éclairage allumé,En agglomération,Hors intersection,Normale,Sans collision,4,2,2,2,1,1,1,0,1,50,1,3,0,1,0,2,27.0,,utilitaire_camion,,5,2,1,1,7
202200043851,2022-09-24 13:20:00,2022,9,24,13,20,43,43046,26 Avenue des Champs-elysees,45.052192,3.897174,Plein jour,En agglomération,Hors intersection,Normale,Sans collision,3,2,2,0,1,1,1,0,1,50,1,2,0,0,0,2,25.0,,deux_roues,,1,2,1,1,7
202200043852,2022-09-24 22:21:00,2022,9,24,22,21,38,38185,Boulevard Joseph Vallier,45.18014,5.71328,Nuit avec éclairage allumé,En agglomération,Hors intersection,Pluie légère,Deux véhicules - arrière,7,1,2,2,1,1,2,0,1,50,2,3,2,0,0,1,33.0,18.0,voiture,voiture,5,2,1,2,2
202200043853,2022-09-24 14:00:00,2022,9,24,14,0,37,37233,DUCLOS (AVENUE JACQUES),47.3778218901,0.7166594267,Plein jour,En agglomération,Autre intersection,Normale,Deux véhicules - arrière,4,3,2,0,1,1,1,9,1,50,2,7,2,0,1,4,22.0,62.0,voiture,voiture,1,2,9,1,2
202200043854,2022-09-24 01:20:00,2022,9,24,1,20,37,37261,ROYER (BD JEAN),47.38159,0.68231,Nuit avec éclairage allumé,En agglomération,Hors intersection,Normale,Autre collision,4,2,2,0,1,1,1,0,1,50,1,1,0,0,0,1,26.0,,voiture,,5,2,1,1,6
202200043855,2022-09-24 23:40:00,2022,9,24,23,40,33,33318,Avenue de Noès,44.81225,-0.64274,Nuit avec éclairage allumé,En agglomération,Hors intersection,Normale,Autre collision,4,2,2,2,1,1,1,0,1,50,1,1,0,0,0,1,21.0,,deux_roues,,5,2,1,1,6
202200043856,2022-09-23 17:05:00,2022,9,23,17,5,33,33063,Rue Lagrange,44.85097,-0.5829,Plein jour,En agglomération,Intersection en X,Normale,Deux véhicules - côté,4,1,1,0,1,1,1,0,1,30,2,2,1,0,0,1,20.0,14.0,voiture,deux_roues,1,2,2,1,3
202200043857,2022-09-24 02:00:00,2022,9,24,2,0,30,30007,,44.1378,4.1045,Nuit avec éclairage allumé,En agglomération,Hors intersection,Pluie forte,Autre collision,3,2,2,0,1,1,2,9,3,50,1,1,0,0,0,1,37.0,,voiture,,5,2,1,3,6
202200043858,2022-09-24 17:10:00,2022,9,24,17,10,13,13211,MENARD (PIERRE) (BOULEVARD),43.29011,5.43793,Plein jour,En agglomération,Autre intersection,Normale,Deux véhicules - côté,3,-1,1,0,1,4,1,5,1,50,2,2,1,0,0,1,61.0,19.0,voiture,deux_roues,1,2,9,1,3
202200043859,2022-09-24 12:10:00,2022,9,24,12,10,13,13203,BRIANCON (BOULEVARD),43.3184988255,5.3705299144,Plein jour,En agglomération,Hors intersection,Normale,Deux véhicules - côté,4,2,2,0,1,1,1,0,1,50,1,2,1,0,0,1,49.0,,transport_commun,,1,2,1,1,3
202200043860,2022-09-24 01:40:00,2022,9,24,1,40,13,13213,MERLAN (AVENUE DU),43.33708,5.421,Nuit avec éclairage allumé,En agglomération,Hors intersection,Pluie légère,Deux véhicules - arrière,4,2,0,0,2,2,2,0,4,50,2,2,1,0,1,0,37.0,33.0,voiture,deux_roues,5,2,1,2,2
202200043861,2022-09-23 21:00:00,2022,9,23,21,0,13,13210,TOULON (AVENUE DE),43.28386,5.39622,Nuit avec éclairage allumé,En agglomération,Hors intersection,Normale,Deux véhicules - côté,4,2,0,0,2,3,1,0,1,50,3,3,2,0,1,0,43.0,37.0,voiture,voiture,5,2,1,1,3
202200043862,2022-09-23 17:40:00,2022,9,23,17,40,11,11069,Route de Saint Hilaire,43.19281,2.33957,Plein jour,Hors agglomération,Intersection en X,Normale,Deux véhicules - côté,3,2,2,0,2,2,1,5,1,80,2,2,1,0,1,0,19.0,52.0,voiture,utilitaire_camion,1,1,2,1,3
202200043863,2022-09-20 15:18:00,2022,9,20,15,18,03,03185,7 Rue Camille Desmoulins,46.353841,2.590177,Plein jour,En agglomération,Hors intersection,Normale,Trois véhicules et plus - collisions multiples,3,2,4,1,1,1,1,0,1,50,3,4,3,0,0,1,50.0,25.0,voiture,voiture,1,2,1,1,5
202200043864,2022-09-23 10:27:00,2022,9,23,10,27,03,03185,DESMOULINS ( RUE CAMILLE ),46.3535,2.58959,Plein jour,En agglomération,Intersection en X,Normale,Sans collision,3,2,4,1,1,2,1,5,1,50,1,2,1,0,1,0,18.0,,voiture,,1,2,2,1,7
202200043865,2022-09-24 12:10:00,2022,9,24,12,10,75,75118,BD PERIPHERIQUE INTERIEUR,48.900966,2.347687,Plein jour,En agglomération,Intersection en Y,Pluie légère,Deux véhicules - arrière,4,1,4,0,1,1,2,0,1,70,2,2,1,0,0,1,71.0,33.0,voiture,deux_roues,1,2,4,2,2
202200043866,2022-09-23 13:55:00,2022,9,23,13,55,75,75119,BD PERIPHERIQUE INTERIEUR,48.889128,2.396297,Plein jour,En agglomération,Hors intersection,Normale,Deux véhicules - arrière,4,1,4,0,1,1,1,0,1,70,2,2,1,0,0,1,47.0,42.0,voiture,voiture,1,2,1,1,2
202200043867,2022-09-23 08:15:00,2022,9,23,8,15,75,75112,BD PERIPHERIQUE INTERIEUR,48.843158,2.413707,Plein jour,En agglomération,Hors intersection,Normale,Sans collision,4,1,4,0,1,1,1,0,1,70,1,1,0,0,0,1,26.0,,deux_roues,,1,2,1,1,7
202200043868,2022-09-22 19:15:00,2022,9,22,19,15,75,75115,BD PERIPHERIQUE EXTERIEUR,48.826087,2.298306,Crépuscule ou aube,En agglomération,Hors intersection,Normale,Trois véhicules et plus - en chaîne,4,1,3,0,1,1,1,0,1,70,3,8,7,0,1,0,42.0,29.0,utilitaire_camion,voiture,2,2,1,1,4
202200043869,2022-09-22 01:24:00,2022,9,22,1,24,75,75107,QUAI BRANLY,48.862274,2.300007,Nuit avec éclairage allumé,En agglomération,Hors intersection,Normale,Autre collision,4,2,5,1,1,2,1,8,5,50,1,1,0,0,1,0,28.0,,deux_roues,,5,2,1,1,6
202200043870,2022-09-24 02:50:00,2022,9,24,2,50,75,75118,AVENUE DE LA PORTE DE LA CHAPELLE,48.900023,2.358615,Nuit sans éclairage public,En agglomération,Intersection en Y,Pluie légère,Deux véhicules - arrière,4,1,2,0,1,1,2,0,1,30,2,3,0,0,0,3,28.0,20.0,voiture,deux_roues,3,2,4,2,2
202200043871,2022-11-30 18:45:00,2022,11,30,18,45,72,72181,JAURES JEAN (AV) N° PAIRS 60 ET >,47.98407,0.21008,Nuit avec éclairage allumé,En agglomération,Hors intersection,Normale,Deux véhicules - arrière,4,3,2,0,1,1,1,2,1,30,2,2,1,0,0,1,22.0,24.0,voiture,deux_roues,5,2,1,1,2
202200043872,2022-11-30 17:28:00,2022,11,30,17,28,71,71153,MARECHAL FOCH (RUE),46.8058,4.4341,Nuit sans éclairage public,En agglomération,Intersection en X,Normale,Sans collision,4,2,2,0,1,1,1,8,1,50,1,2,1,0,0,1,56.0,,voiture,,3,2,2,1,7
202200043873,2022-09-24 03:30:00,2022,9,24,3,30,75,75118,AVENUE DE LA PORTE DE SAINT OUEN,48.89922,2.329471,Nuit avec éclairage allumé,En agglomération,Intersection en X,Pluie légère,Sans collision,4,2,5,3,1,1,2,0,1,30,1,1,0,0,0,1,34.0,,deux_roues,,5,2,2,2,7
202200043874,2022-09-24 03:00:00,2022,9,24,3,0,75,75113,BOULEVARD VINCENT AURIOL,48.8317484612,2.3591637611,Nuit avec éclairage allumé,En agglomération,Hors intersection,Pluie légère,Autre collision,4,3,7,3,2,1,2,0,6,30,1,1,0,0,0,1,46.0,,deux_roues,,5,2,1,2,6
202200043875,2022-09-24 13:40:00,2022,9,24,13,40,75,75111,RUE DE CHARONNE,48.852347,2.374141,Plein jour,En agglomération,Intersection en T,Pluie légère,Autre collision,4,1,1,0,1,1,2,0,1,30,1,3,1,0,0,2,27.0,,deux_roues,,1,2,3,2,6
202200043876,2022-11-25 06:20:00,2022,11,25,6,20,71,71076,PARIS (AVENUE DE),46.809729175,4.843108356,Nuit avec éclairage allumé,En agglomération,Intersection en X,Pluie forte,Deux véhicules - frontale,3,-1,3,0,1,1,2,5,1,50,2,2,1,0,1,0,56.0,61.0,voiture,deux_roues,5,2,2,3,1
202200043877,2022-09-24 01:45:00,2022,9,24,1,45,75,75109,BOULEVARD DE CLICHY,48.883274,2.333996,Nuit avec éclairage allumé,En agglomération,Hors intersection,Normale,Autre collision,4,1,2,0,1,1,1,0,1,30,1,1,0,0,0,1,48.0,,deux_roues,,5,2,1,1,6
202200043878,2022-09-24 07:20:00,2022,9,24,7,20,75,75107,AVENUE DU MARECHAL GALLIENI,48.861053,2.313245,Crépuscule ou aube,En agglomération,Intersection en X,Pluie légère,Autre collision,4,-1,2,0,1,1,2,0,1,30,1,1,0,0,0,1,23.0,,deux_roues,,2,2,2,2,6
202200043879,2022-12-02 22:00:00,2022,12,2,22,0,69,69266,Rue du 8 Mai 1945,45.7770250471,4.8923528194,Nuit avec éclairage allumé,En agglomération,Hors intersection,Pluie forte,Deux véhicules - arrière,4,1,1,0,1,1,2,8,1,50,2,2,1,0,0,1,23.0,,deux_roues,voiture,5,2,1,3,2
202200043880,2022-09-24 19:30:00,2022,9,24,19,30,94,94043,FONTAINEBLEAU (AV DE),48.811421,2.362089,Nuit avec éclairage allumé,En agglomération,Hors intersection,Normale,Trois véhicules et plus - collisions multiples,3,-1,2,0,1,1,1,0,1,50,3,3,2,0,1,0,46.0,68.0,voiture,utilitaire_camion,5,2,1,1,5
202200043881,2022-09-24 07:37:00,2022,9,24,7,37,93,93078,Boulevard Robert Ballanger / Avenue Martin Luther King,48.95199,2.52838,Plein jour,En agglomération,Intersection en X,Normale,Deux véhicules - côté,3,3,4,0,1,1,2,5,1,50,2,2,1,0,0,1,23.0,22.0,utilitaire_camion,voiture,1,2,2,1,3
202200043882,2022-12-02 18:10:00,2022,12,2,18,10,69,69282,Rue de la République,45.76671,5.00348,Nuit avec éclairage allumé,En agglomération,Intersection en X,Pluie légère,Autre collision,4,2,2,0,1,1,2,0,1,30,1,2,1,0,0,1,34.0,,voiture,,5,2,2,2,6
202200043883,2022-09-24 07:30:00,2022,9,24,7,30,93,93070,Avenue Michelet,48.9081069457,2.3442151648,Nuit avec éclairage allumé,En agglomération,Hors intersection,Pluie légère,Autre collision,3,2,2,2,1,1,2,8,1,50,2,2,1,0,1,0,31.0,33.0,voiture,deux_roues,5,2,1,2,6
202200043884,2022-09-24 01:00:00,2022,9,24,1,0,93,93066,Rue de Toul / Rue Traverse,48.9318419483,2.3575140116,Nuit avec éclairage allumé,En agglomération,Intersection en X,Pluie légère,Autre collision,4,1,1,2,1,1,2,0,1,30,1,2,1,0,1,0,56.0,,voiture,,5,2,2,2,6
202200043885,2022-09-24 20:45:00,2022,9,24,20,45,93,93007,Avenue Paul Vaillant Couturier,48.9266931558,2.4714058541,Nuit avec éclairage allumé,En agglomération,Hors intersection,Normale,Deux véhicules - côté,3,2,4,0,1,1,1,9,1,50,2,2,1,0,0,1,26.0,20.0,deux_roues,utilitaire_camion,5,2,1,1,3
202200043886,2022-12-01 09:55:00,2022,12,1,9,55,69,69266,Cours Emile Zola,45.7704,4.87487,Plein jour,En agglomération,Hors intersection,Temps couvert,Deux véhicules - côté,4,2,2,2,1,1,1,0,1,50,2,2,1,0,1,0,,54.0,voiture,autre,1,2,1,8,3
202200043887,2022-12-02 21:25:00,2022,12,2,21,25,69,69264,Avenue Theodore Braun,45.98079,4.74019,Nuit avec éclairage allumé,En agglomération,Hors intersection,Pluie légère,Autre collision,3,2,3,0,1,1,2,9,8,70,1,2,1,0,0,1,19.0,,voiture,,5,2,1,2,6
202200043888,2022-09-24 12:21:00,2022,9,24,12,21,93,93079,Avenue de la Division Leclerc / Rue Pablo Neruda,48.95614,2.34435,Plein jour,En agglomération,Giratoire,Normale,Deux véhicules - côté,3,3,2,0,1,1,1,0,1,50,2,2,1,0,0,1,27.0,54.0,deux_roues,voiture,1,2,6,1,3
202200043889,2022-09-24 03:10:00,2022,9,24,3,10,93,93010,Avenue Galliéni / Route d'Aulnay,48.9059945291,2.4803346891,Nuit avec éclairage allumé,En agglomération,Intersection en X,Pluie légère,Deux véhicules - côté,3,3,6,0,1,1,2,5,1,50,2,2,1,0,0,1,34.0,,deux_roues,voiture,5,2,2,2,3
202200043890,2022-12-02 19:55:00,2022,12,2,19,55,69,69259,Rue Vaillant Couturier,45.72672,4.85987,Nuit avec éclairage allumé,En agglomération,Autre intersection,Pluie légère,Deux véhicules - côté,4,2,2,2,1,1,2,0,5,50,2,2,1,0,0,1,29.0,23.0,deux_roues,voiture,5,2,9,2,3
202200043891,2022-09-20 05:25:00,2022,9,20,5,25,93,93008,Avenue Paul Vaillant - Couturier / Rue Honore d'Estienne d'Orves,48.90735,2.45673,Nuit avec éclairage allumé,En agglomération,Intersection à plus de 4 branches,Normale,Trois véhicules et plus - collisions multiples,3,1,4,0,1,1,1,5,1,50,3,4,3,0,0,1,25.0,54.0,voiture,voiture,5,2,5,1,5
202200043892,2022-09-24 12:30:00,2022,9,24,12,30,93,93005,Rue Jean Charcot / Avenue Anatole France / Boulevard de l'Hôtel de Ville,48.9358309021,2.4939300716,Plein jour,En agglomération,Intersection à plus de 4 branches,Normale,Deux véhicules - frontale,3,2,4,0,1,1,1,0,1,50,2,2,1,0,0,1,21.0,34.0,autre,voiture,1,2,5,1,1
202200043893,2022-12-01 14:40:00,2022,12,1,14,40,69,69276,Avenue Albert Ramboz,45.67789,4.84704,Plein jour,Hors agglomération,Hors intersection,Normale,Deux véhicules - côté,7,2,2,0,2,4,1,0,1,50,2,2,1,0,1,0,48.0,38.0,deux_roues,voiture,1,1,1,1,3
202200043894,2022-09-24 15:00:00,2022,9,24,15,0,92,92047,JARDY,48.820028613,2.1509666741,Plein jour,En agglomération,Hors intersection,Normale,Trois véhicules et plus - en chaîne,3,2,0,0,2,1,1,0,8,50,3,3,2,0,0,1,18.0,34.0,voiture,voiture,1,2,1,1,4
202200043895,2022-09-24 09:10:00,2022,9,24,9,10,92,92002,ARISTIDE BRIAND (AVENUE),48.75889,2.30712,Plein jour,En agglomération,Hors intersection,Pluie légère,Deux véhicules - arrière,3,2,2,1,1,1,2,0,1,50,2,2,0,0,0,2,26.0,65.0,voiture,voiture,1,2,1,2,2
202200043896,2022-11-30 19:20:00,2022,11,30,19,20,67,67365,23 NOVEMBRE (RUE DU),48.53431,7.69873,Nuit avec éclairage allumé,En agglomération,Intersection en T,Normale,Deux véhicules - côté,7,2,3,1,1,2,1,9,1,70,2,3,2,0,0,1,71.0,59.0,voiture,voiture,5,2,3,1,3
202200043897,2022-09-25 19:15:00,2022,9,25,19,15,63,63345,RD 2089,45.706629,3.034801,Crépuscule ou aube,Hors agglomération,Hors intersection,Pluie légère,Deux véhicules - côté,3,2,2,0,2,2,2,0,1,-1,2,2,0,0,1,1,19.0,40.0,voiture,voiture,2,1,1,2,3
202200043898,2022-09-25 14:00:00,2022,9,25,14,0,25,25612,autoroute A36 PK 116+150 en direction de Dijon,47.313297,6.072722,Plein jour,Hors agglomération,Hors intersection,Pluie légère,Deux véhicules - arrière,1,1,2,0,1,1,2,0,1,110,2,3,2,0,0,1,29.0,71.0,voiture,voiture,1,1,1,2,2
202200043899,2022-11-30 16:30:00,2022,11,30,16,30,67,67482,LA WANTZENAU (ROUTE DE),48.61132,7.78097,Crépuscule ou aube,En agglomération,Intersection en X,Normale,Autre collision,4,2,3,0,1,1,1,0,1,50,1,2,1,0,0,1,35.0,,voiture,,2,2,2,1,6
202200043900,2022-09-23 16:20:00,2022,9,23,16,20,17,17194,Grande Rue de Grolleau,46.115485282,-1.0182832181,Plein jour,En agglomération,Hors intersection,Normale,Deux véhicules - côté,3,2,2,0,1,1,1,0,1,50,2,2,1,0,0,1,29.0,47.0,voiture,deux_roues,1,2,1,1,3
202200043901,2022-09-10 22:03:00,2022,9,10,22,3,22,22049,La Croix Janet,48.53053,-2.183087,Nuit sans éclairage public,Hors agglomération,Hors intersection,Normale,Sans collision,3,2,2,0,3,3,1,0,3,80,1,1,0,0,0,1,21.0,,voiture,,3,1,1,1,7
202200043902,2022-12-02 04:20:00,2022,12,2,4,20,66,66136,,42.6920462891,2.8908795118,Nuit avec éclairage allumé,En agglomération,Hors intersection,Normale,Autre collision,4,1,1,0,1,1,1,0,1,30,1,1,0,0,1,0,24.0,,voiture,,5,2,1,1,6
202200043903,2022-09-22 22:00:00,2022,9,22,22,0,41,41104,Rue de la Tonnelle,47.601848,1.45704,Nuit avec éclairage allumé,Hors agglomération,Hors intersection,Normale,Autre collision,3,2,2,0,1,1,1,0,3,70,1,1,0,0,1,0,41.0,,voiture,,5,1,1,1,6
202200043904,2022-09-23 13:00:00,2022,9,23,13,0,49,49070,D65,47.0691130618,-0.7243795487,Plein jour,Hors agglomération,Hors intersection,Normale,Autre collision,3,2,2,0,1,2,1,0,1,90,1,1,0,0,1,0,25.0,,voiture,,1,1,1,1,6
202200043905,2022-11-30 20:30:00,2022,11,30,20,30,66,66136,,42.719493,2.874008,Nuit sans éclairage public,Hors agglomération,Hors intersection,Normale,Deux véhicules - arrière,3,2,4,0,1,1,1,0,1,110,2,2,1,0,0,1,29.0,,voiture,voiture,3,1,1,1,2
202200043906,2022-09-25 15:30:00,2022,9,25,15,30,83,83062,A57,43.149732,6.035587,Plein jour,Hors agglomération,Hors intersection,Normale,Trois véhicules et plus - en chaîne,1,3,4,0,1,1,2,0,1,90,5,10,2,0,0,8,43.0,35.0,voiture,voiture,1,1,1,1,4
202200043907,2022-12-01 18:35:00,2022,12,1,18,35,64,64545,RD810,43.3618,-1.70454,Plein jour,En agglomération,Intersection en T,Normale,Deux véhicules - frontale,3,2,2,0,1,1,1,0,1,50,2,2,1,0,0,1,36.0,19.0,voiture,voiture,1,2,3,1,1
202200043908,2022-09-24 19:20:00,2022,9,24,19,20,28,28424,D15,48.159033,1.151456,Plein jour,Hors agglomération,Hors intersection,Temps couvert,Deux véhicules - frontale,3,2,2,0,1,1,2,0,1,80,2,3,0,1,0,2,28.0,30.0,voiture,voiture,1,1,1,8,1
202200043909,2022-12-03 01:30:00,2022,12,3,1,30,64,64335,Avenue du Vert-Galant,43.325634,-0.442487,Nuit avec éclairage allumé,Hors agglomération,Hors intersection,Normale,Autre collision,4,-1,2,0,1,1,2,2,1,70,1,3,0,0,0,3,36.0,,voiture,,5,1,1,1,6
202200043910,2022-09-24 15:00:00,2022,9,24,15,0,972,97210,Réunion Sud,14.610402,-60.926313,Plein jour,Hors agglomération,Hors intersection,Normale,Deux véhicules - côté,2,2,2,0,1,1,1,0,1,80,2,2,1,0,1,0,,36.0,voiture,deux_roues,1,1,1,1,3
202200043911,2022-09-25 09:38:00,2022,9,25,9,38,26,26339,Autoroute A7,44.597756,4.796637,Plein jour,Hors agglomération,Hors intersection,Normale,Autre collision,1,3,5,0,1,1,1,0,3,130,1,2,0,0,2,0,76.0,,voiture,,1,1,1,1,6
202200043912,2022-09-24 06:50:00,2022,9,24,6,50,57,57428,D 603,49.1090144734,6.7348867995,Nuit sans éclairage public,En agglomération,Hors intersection,Normale,Sans collision,3,2,2,0,1,1,1,0,8,80,1,1,0,0,1,0,22.0,,voiture,,3,2,1,1,7
202200043913,2022-09-24 22:55:00,2022,9,24,22,55,60,60176,Rue du Docteur Calmette,49.231828,2.88268,Nuit avec éclairage allumé,En agglomération,Hors intersection,Normale,Autre collision,4,-1,2,0,1,1,1,0,1,50,1,2,1,0,0,1,22.0,,voiture,,5,2,1,1,6
202200043914,2022-11-22 12:50:00,2022,11,22,12,50,63,63113,Aubrac/charolais,45.7815,3.11532,Plein jour,En agglomération,Intersection en X,Normale,Deux véhicules - côté,4,2,2,0,1,1,1,0,1,30,2,2,1,0,0,1,24.0,24.0,voiture,voiture,1,2,2,1,3
202200043915,2022-09-24 23:40:00,2022,9,24,23,40,65,65447,RD 817,43.192744,0.229152,Nuit sans éclairage public,Hors agglomération,Hors intersection,Normale,Deux véhicules - côté,3,2,2,0,1,1,1,0,1,90,2,4,1,1,2,0,47.0,25.0,voiture,voiture,3,1,1,1,3
202200043916,2022-09-25 15:19:00,2022,9,25,15,19,48,48009,AUTOROUTE A75 - PK 135+130 - SENS NORD / SUD - DIRECTION MILLAU (12),44.7236,3.279451,Plein jour,Hors agglomération,Hors intersection,Normale,Autre collision,1,3,2,0,2,1,1,0,2,110,1,1,0,1,0,0,68.0,,deux_roues,,1,1,1,1,6
202200043917,2022-09-23 23:25:00,2022,9,23,23,25,34,34270,Route de Sete,43.57532,3.848796,Nuit sans éclairage public,En agglomération,Hors intersection,Pluie légère,Autre collision,7,1,2,0,1,2,2,0,1,50,1,2,1,0,1,0,45.0,,voiture,,3,2,1,2,6
202200043918,2022-09-24 21:45:00,2022,9,24,21,45,59,59118,cd 98,50.0566543062,3.4481996298,Nuit sans éclairage public,Hors agglomération,Hors intersection,Pluie légère,Autre collision,3,2,2,0,1,3,2,0,3,80,1,2,0,0,2,0,26.0,,voiture,,3,1,1,2,6
202200043919,2022-09-24 21:00:00,2022,9,24,21,0,76,76709,Rue Raymond Brétéché,49.485163,0.80608,Nuit avec éclairage allumé,En agglomération,Hors intersection,Normale,Sans collision,7,2,2,0,1,1,2,0,1,50,1,1,0,0,1,0,31.0,,deux_roues,,5,2,1,1,7
202200043920,2022-09-25 01:30:00,2022,9,25,1,30,2B,2B145,PICARELLI,42.472829,9.424837,Nuit sans éclairage public,Hors agglomération,Hors intersection,Pluie légère,Sans collision,3,2,2,0,2,3,2,0,8,80,1,2,0,0,0,2,22.0,,voiture,,3,1,1,2,7
202200043921,2022-12-01 21:20:00,2022,12,1,21,20,62,62628,Rue Jean Jaures,50.428861,2.876533,Nuit avec éclairage allumé,En agglomération,Intersection en X,Normale,Deux véhicules - côté,4,2,1,0,1,1,1,0,1,50,2,2,1,0,1,0,18.0,25.0,deux_roues,utilitaire_camion,5,2,2,1,3