accident_id,datetime,annee,mois,jour,heure,minute,departement,commune_insee,adresse,latitude,longitude,luminosite,agglomeration,intersection,meteo,collision,catr,circ,nbv,vosp,prof,plan,surf,infra,situ,vma,nb_vehicules,nb_usagers,nb_indemnes,nb_tues,nb_blesses_hosp,nb_blesses_legers,age_cond_1,age_cond_2,veh_type_cond_1,veh_type_cond_2,lum_code,agg_code,int_code,atm_code,col_code
202200043922,2022-09-25 18:30:00,2022,9,25,18,30,32,32107,D114,43.957877,0.352002,Plein jour,Hors agglomération,Hors intersection,Normale,Autre collision,3,2,2,0,1,2,1,0,8,80,1,1,0,0,1,0,54.0,,deux_roues,,1,1,1,1,6
202200043923,2022-12-01 22:00:00,2022,12,1,22,0,62,62755,N416,50.69982,1.61395,Nuit avec éclairage allumé,Hors agglomération,Hors intersection,Normale,Deux véhicules - arrière,2,2,2,0,2,1,1,0,1,70,2,2,0,0,0,2,22.0,52.0,voiture,voiture,5,1,1,1,2
202200043924,2022-09-25 08:29:00,2022,9,25,8,29,71,71056,rd 460,46.648221,5.167007,Plein jour,Hors agglomération,Hors intersection,Normale,Autre collision,3,2,2,0,1,1,1,0,1,80,1,1,0,0,1,0,19.0,,deux_roues,,1,1,1,1,6
202200043925,2022-09-25 15:50:00,2022,9,25,15,50,42,42295,Route de Champoly,45.856498,3.824733,Plein jour,Hors agglomération,Hors intersection,Pluie légère,Deux véhicules - arrière,3,2,2,0,1,2,2,0,1,80,2,2,1,0,1,0,20.0,69.0,deux_roues,voiture,1,1,1,2,2
202200043926,2022-12-02 19:10:00,2022,12,2,19,10,60,60159,Boulevard Gambetta,49.4131492027,2.8136694431,Nuit avec éclairage allumé,En agglomération,Hors intersection,Normale,Autre collision,4,2,2,0,1,1,2,0,1,50,1,2,1,0,1,0,63.0,,voiture,,5,2,1,1,6
202200043927,2022-09-20 12:35:00,2022,9,20,12,35,47,47171,Chemin de Lasjouettes,44.3171716605,0.7228704067,Plein jour,Hors agglomération,Hors intersection,Temps éblouissant,Autre collision,2,2,2,0,1,1,1,0,1,80,1,3,2,0,1,0,45.0,,voiture,,1,1,1,7,6
202200043928,2022-09-25 01:40:00,2022,9,25,1,40,25,25255,D457,47.166434,6.799893,Nuit sans éclairage public,Hors agglomération,Hors intersection,Normale,Autre collision,3,2,2,0,2,4,1,0,3,80,1,1,0,1,0,0,19.0,,voiture,,3,1,1,1,6
202200043929,2022-09-25 14:30:00,2022,9,25,14,30,38,38060,Route de Saint Marcellin,45.296,5.343851,Plein jour,Hors agglomération,Hors intersection,Normale,Autre collision,3,2,2,0,2,3,9,9,3,80,1,1,0,0,0,1,69.0,,deux_roues,,1,1,1,1,6
202200043930,2022-12-01 16:15:00,2022,12,1,16,15,59,59650,NEGRIER (RUE),50.69984,3.21567,Plein jour,En agglomération,Hors intersection,Normale,Autre collision,4,1,1,0,1,1,1,0,1,30,1,2,1,0,0,1,75.0,,voiture,,1,2,1,1,6
202200043931,2022-09-25 14:05:00,2022,9,25,14,5,38,38347,Route de Saint Antoine,45.256265,5.245103,Plein jour,En agglomération,Hors intersection,Normale,Autre collision,3,2,2,0,1,1,1,0,3,50,1,2,0,0,1,1,39.0,,voiture,,1,2,1,1,6
202200043932,2022-09-25 16:05:00,2022,9,25,16,5,02,02731,2 Rue Guthin,49.872426,3.75355,Plein jour,Hors agglomération,Intersection en X,Temps éblouissant,Deux véhicules - côté,3,2,2,0,4,1,1,0,1,50,2,3,0,0,1,2,61.0,20.0,voiture,voiture,1,1,2,7,3
202200043933,2022-09-24 16:20:00,2022,9,24,16,20,02,02449,,49.157488,3.224766,Plein jour,Hors agglomération,Hors intersection,Normale,Autre collision,3,2,2,0,1,1,1,0,3,80,1,1,0,0,1,0,23.0,,voiture,,1,1,1,1,6
202200043934,2022-09-25 07:00:00,2022,9,25,7,0,72,72358,Route des Haies,48.0181233361,0.5047309396,Nuit sans éclairage public,Hors agglomération,Hors intersection,Normale,Autre collision,4,2,2,0,1,1,9,0,3,80,1,1,0,0,0,1,19.0,,voiture,,3,1,1,1,6
202200043935,2022-12-02 18:40:00,2022,12,2,18,40,59,59350,CONDE RUE DE,50.6195233401,3.0612319708,Nuit avec éclairage allumé,En agglomération,Intersection en X,Normale,Deux véhicules - côté,4,1,1,0,1,1,1,0,1,50,2,2,1,0,0,1,34.0,19.0,voiture,deux_roues,5,2,2,1,3
202200043936,2022-09-23 17:57:00,2022,9,23,17,57,43,43137,41 Rue des Moletons,45.284836,4.158379,Plein jour,En agglomération,Hors intersection,Normale,Deux véhicules - côté,6,-1, -1,3,1,1,1,0,1,-1,2,2,1,0,0,1,16.0,45.0,deux_roues,utilitaire_camion,1,2,1,1,3
202200043937,2022-09-24 16:00:00,2022,9,24,16,0,43,43042,L'escarcelle,44.933522,3.830978,Plein jour,Hors agglomération,Hors intersection,Normale,Sans collision,4,2,1,0,1,2,1,0,3,90,1,1,0,0,1,0,69.0,,deux_roues,,1,1,1,1,7
202200043938,2022-11-25 08:15:00,2022,11,25,8,15,59,59378,NATIONALE RUE,50.66438,3.07565,Plein jour,En agglomération,Autre intersection,Pluie forte,Autre collision,7,2,2,0,1,1,2,0,8,50,1,2,1,0,0,1,,,autre,,1,2,9,3,6
202200043939,2022-09-25 04:25:00,2022,9,25,4,25,24,24451,2078 Route de Mareuil,45.50254,0.630129,Nuit sans éclairage public,Hors agglomération,Hors intersection,Brouillard / fumée,Autre collision,3,2,2,0,1,1,2,0,3,80,1,2,0,0,1,1,33.0,,voiture,,3,1,1,5,6
202200043940,2022-11-16 18:45:00,2022,11,16,18,45,59,59350,FAUBOURG D'ARRAS RUE,50.61404,3.06263,Nuit avec éclairage allumé,En agglomération,Hors intersection,Normale,Autre collision,7,3,2,0,1,1,1,5,1,50,1,2,1,0,0,1,,,voiture,,5,2,1,1,6
202200043941,2022-09-24 21:50:00,2022,9,24,21,50,04,04134,départementale  951,44.346218,6.03298,Nuit sans éclairage public,Hors agglomération,Hors intersection,Normale,Sans collision,3,2,2,0,1,2,1,0,3,80,1,2,1,0,1,0,38.0,,voiture,,3,1,1,1,7
202200043942,2022-09-25 10:25:00,2022,9,25,10,25,45,45060,A77 PK 55 + 900,47.754653,2.719835,Plein jour,Hors agglomération,Hors intersection,Normale,Sans collision,1,3,4,0,1,1,1,0,3,130,1,2,0,0,1,1,83.0,,voiture,,1,1,1,1,7
202200043943,2022-09-24 21:15:00,2022,9,24,21,15,976,97613,CCD 1 M'tsagamouji,-12.75824,45.084762,Nuit sans éclairage public,Hors agglomération,Hors intersection,Normale,Sans collision,4,2,2,0,2,3,1,0,8,-1,1,2,0,0,0,2,19.0,,deux_roues,,3,1,1,1,7
202200043944,2022-12-01 20:00:00,2022,12,1,20,0,59,59122,POMPIDOU (AVENUE GEORGES),50.17594,3.20805,Nuit avec éclairage allumé,En agglomération,Intersection en X,Normale,Deux véhicules - côté,3,3,4,0,1,2,1,5,1,70,2,2,1,0,1,0,48.0,58.0,voiture,deux_roues,5,2,2,1,3
202200043945,2022-09-24 18:45:00,2022,9,24,18,45,976,97613,CCD 1 M'tsagamouji,-12.75824,45.084762,Nuit sans éclairage public,Hors agglomération,Hors intersection,Normale,Deux véhicules - frontale,4,3,2,0,2,3,1,0,1,-1,2,2,1,0,0,1,40.0,32.0,deux_roues,voiture,3,1,1,1,1
202200043946,2022-09-25 03:15:00,2022,9,25,3,15,55,55567,AUTOROUTE A4 PK 237+300,49.088925,5.192671,Nuit sans éclairage public,Hors agglomération,Hors intersection,Pluie légère,Autre collision,1,2,4,0,1,1,2,9,2,130,1,1,0,0,1,0,42.0,,voiture,,3,1,1,2,6
202200043947,2022-11-30 22:10:00,2022,11,30,22,10,59,59122,LIBERTE (BOULEVARD DE LA),50.16948,3.2331,Nuit avec éclairage allumé,En agglomération,Hors intersection,Brouillard / fumée,Sans collision,4,1,2,0,1,1,2,0,1,50,1,1,0,0,0,1,27.0,,deux_roues,,5,2,1,5,7
202200043948,2022-09-25 18:45:00,2022,9,25,18,45,988,98825,"RT1, lieu dit Belles Bosses",-21.23811,164.90578,Nuit sans éclairage public,Hors agglomération,Hors intersection,Normale,Deux véhicules - frontale,2,2,2,0,1,1,1,0,1,110,2,2,0,0,1,1,51.0,26.0,voiture,voiture,3,1,1,1,1
202200043949,2022-09-25 16:13:00,2022,9,25,16,13,974,97417,RN 2 Basse Vallée,-21.356875,55.747303,Plein jour,En agglomération,Hors intersection,Normale,Deux véhicules - côté,2,-1,2,0,1,1,1,0,1,50,2,3,2,0,0,1,19.0,22.0,voiture,voiture,1,2,1,1,3
202200043950,2022-11-30 21:50:00,2022,11,30,21,50,57,57306,VERDUN (RUE DE),49.32701,6.05544,Nuit avec éclairage allumé,En agglomération,Hors intersection,Normale,Trois véhicules et plus - collisions multiples,3,2,2,0,1,1,1,6,1,30,2,3,0,0,0,3,31.0,60.0,voiture,voiture,5,2,1,1,5
202200043951,2022-09-23 16:20:00,2022,9,23,16,20,971,97119,Dumaine,16.380838,-61.455846,Plein jour,Hors agglomération,Hors intersection,Normale,Deux véhicules - frontale,2,2,2,0,3,3,1,0,1,80,2,3,0,0,1,2,41.0,20.0,voiture,voiture,1,1,1,1,1
202200043952,2022-11-30 18:30:00,2022,11,30,18,30,57,57283,METZ (RUE DE),49.245,6.17019,Nuit avec éclairage allumé,En agglomération,Hors intersection,Normale,Deux véhicules - côté,3,2,2,0,1,1,1,0,1,50,1,2,0,0,0,2,79.0,,voiture,,5,2,1,1,3
202200043953,2022-09-23 17:20:00,2022,9,23,17,20,78,78087,PK26+250,48.603659,2.008181,Plein jour,Hors agglomération,Hors intersection,Normale,Deux véhicules - frontale,3,2,2,1,1,1,1,0,5,80,2,2,0,0,1,1,41.0,78.0,voiture,voiture,1,1,1,1,1
202200043954,2022-09-08 10:45:00,2022,9,8,10,45,2B,2B244,ROUTE DÉPARTEMENTALE 18,42.425769,9.144423,Plein jour,Hors agglomération,Hors intersection,Normale,Deux véhicules - frontale,3,2,2,0,2,2,1,0,1,80,2,2,1,0,1,0,66.0,55.0,voiture,deux_roues,1,1,1,1,1
202200043955,2022-12-01 18:01:00,2022,12,1,18,1,56,56260,34 Rue Aristide Boucicaut,47.668253,-2.79543,Crépuscule ou aube,En agglomération,Giratoire,Normale,Autre collision,4,2,2,0,1,1,1,5,1,30,1,2,1,0,0,1,51.0,,voiture,,2,2,6,1,6
202200043956,2022-09-24 18:30:00,2022,9,24,18,30,83,83112,Avenue du Littoral,43.180052,5.678805,Plein jour,En agglomération,Hors intersection,Normale,Sans collision,3,2,2,0,1,3,1,0,8,50,2,2,1,0,1,0,40.0,23.0,deux_roues,deux_roues,1,2,1,1,7
202200043957,2022-12-09 00:50:00,2022,12,9,0,50,56,56121,3 Rue de Belgique,47.75822,-3.37609,Nuit sans éclairage public,En agglomération,Hors intersection,Normale,Sans collision,4,2,2,0,1,1,1,0,1,30,1,1,0,0,0,1,18.0,,deux_roues,,3,2,1,1,7
202200043958,2022-09-25 06:00:00,2022,9,25,6,0,06,06099,42 Avenue Alexandre Bottin,43.954948,6.899053,Nuit avec éclairage allumé,En agglomération,Hors intersection,Brouillard / fumée,,3,2,2,0,1,1,2,0,1,50,1,1,0,0,0,1,23.0,,utilitaire_camion,,5,2,1,5,-1
202200043959,2022-09-25 08:40:00,2022,9,25,8,40,68,68123,Rue de l'Elsbourg,48.011211,7.305527,Plein jour,Hors agglomération,Hors intersection,Brouillard / fumée,Autre collision,3,3,4,0,1,1,1,0,3,110,1,1,0,0,1,0,20.0,,voiture,,1,1,1,5,6
202200043960,2022-12-01 18:12:00,2022,12,1,18,12,56,56098,N165 sens Lorient/Vannes,47.77797,-3.35579,Nuit avec éclairage non allumé,Hors agglomération,Hors intersection,Normale,Deux véhicules - arrière,2,3,6,0,1,1,1,0,1,90,2,2,1,0,0,1,28.0,44.0,voiture,voiture,4,1,1,1,2
202200043961,2022-09-25 20:00:00,2022,9,25,20,0,54,54397,16 rue jean jaures,48.61762,6.10518,Nuit avec éclairage allumé,En agglomération,Hors intersection,Normale,Autre collision,3,2,2,0,1,1,1,0,1,50,1,2,1,0,1,0,18.0,,deux_roues,,5,2,1,1,6
202200043962,2022-11-30 16:30:00,2022,11,30,16,30,56,56121,ORADOUR (PONT D'),47.75372,-3.37124,Plein jour,En agglomération,Hors intersection,Normale,Autre collision,4,3,4,1,1,1,1,2,5,30,1,1,0,0,0,1,70.0,,deux_roues,,1,2,1,1,6
202200043963,2022-09-23 14:30:00,2022,9,23,14,30,03,03298,81 Route de Moulins,46.339264,3.382612,Plein jour,En agglomération,Hors intersection,Normale,Deux véhicules - frontale,2,2,2,0,1,1,1,0,1,80,2,7,4,0,0,3,25.0,55.0,voiture,voiture,1,2,1,1,1
202200043964,2022-12-01 17:00:00,2022,12,1,17,0,55,55545,SAINT VICTOR,49.15411,5.39132,Nuit avec éclairage allumé,En agglomération,Intersection en T,Normale,Deux véhicules - côté,4,2,2,0,2,1,1,0,1,50,2,2,0,0,0,2,30.0,30.0,deux_roues,voiture,5,2,3,1,3
202200043965,2022-09-24 18:10:00,2022,9,24,18,10,26,26220,Route de Gap,44.371263,5.151858,Plein jour,Hors agglomération,Autre intersection,Normale,Deux véhicules - côté,3,2,2,0,1,3,1,0,1,80,2,2,1,0,1,0,58.0,20.0,deux_roues,voiture,1,1,9,1,3
202200043966,2022-09-24 16:45:00,2022,9,24,16,45,81,81038,474 Route de Lavaur,43.894201,1.893221,Plein jour,Hors agglomération,Hors intersection,Normale,Deux véhicules - arrière,3,2,2,0,1,1,1,0,1,80,2,2,1,1,0,0,26.0,80.0,voiture,deux_roues,1,1,1,1,2
202200043967,2022-11-03 18:10:00,2022,11,3,18,10,55,55545,MIRIBEL ( AVENUE ),49.16762,5.39421,Nuit sans éclairage public,En agglomération,Giratoire,Pluie forte,Sans collision,3,2,2,0,1,1,2,6,1,50,2,2,1,0,0,1,42.0,21.0,voiture,deux_roues,3,2,6,3,7
202200043968,2022-09-24 18:30:00,2022,9,24,18,30,33,33080,rue des marguerites,44.7251757193,-0.5250518024,Plein jour,Hors agglomération,Giratoire,Normale,Deux véhicules - frontale,4,2,2,0,1,1,1,9,1,50,2,6,4,0,1,1,53.0,20.0,voiture,voiture,1,1,6,1,1
202200043969,2022-12-02 17:05:00,2022,12,2,17,5,54,54431,COLOMBE (PLACE),48.90567,6.05128,Crépuscule ou aube,En agglomération,Autre intersection,Temps couvert,Autre collision,6,-1, -1,0,1,1,1,9,1,30,1,2,1,0,1,0,36.0,,voiture,,2,2,9,8,6
202200043970,2022-09-24 19:45:00,2022,9,24,19,45,85,85155,D763,46.71589,-1.429794,Crépuscule ou aube,Hors agglomération,Hors intersection,Normale,Autre collision,3,3,4,0,1,1,2,0,8,110,1,1,0,1,0,0,36.0,,utilitaire_camion,,2,1,1,1,6
202200043971,2022-12-01 17:35:00,2022,12,1,17,35,52,52125,RD 619,48.07925,5.15471,Nuit sans éclairage public,Hors agglomération,Hors intersection,Normale,Deux véhicules - frontale,3,2,2,0,1,1,1,0,1,70,2,3,1,0,0,2,77.0,26.0,voiture,voiture,3,1,1,1,1
202200043972,2022-09-24 16:15:00,2022,9,24,16,15,91,91340,RN 104,48.60824,2.4338,Plein jour,Hors agglomération,Hors intersection,Temps couvert,Deux véhicules - arrière,2,3,4,0,1,2,2,2,1,70,2,2,1,0,0,1,34.0,25.0,deux_roues,voiture,1,1,1,8,2
202200043973,2022-12-03 01:00:00,2022,12,3,1,0,51,51573,Avenue Roger Salengro,49.25233,3.99454,Nuit avec éclairage allumé,En agglomération,Hors intersection,Normale,Sans collision,3,2,2,0,1,3,2,0,1,50,1,1,0,0,0,1,74.0,,voiture,,5,2,1,1,7
202200043974,2022-09-24 13:50:00,2022,9,24,13,50,91,91689,AUTOROUTE A6,48.72351,2.31224,Plein jour,Hors agglomération,Hors intersection,Normale,Autre collision,1,3,6,0,1,1,1,0,1,110,1,1,0,0,0,1,78.0,,voiture,,1,1,1,1,6
202200043975,2022-12-02 17:28:00,2022,12,2,17,28,51,51454,rue Turenne,49.22307,4.03097,Nuit avec éclairage allumé,En agglomération,Intersection en T,Pluie légère,Deux véhicules - côté,4,2,2,0,1,2,2,5,1,50,2,2,1,0,0,1,32.0,25.0,voiture,utilitaire_camion,5,2,3,2,3
202200043976,2022-09-24 06:55:00,2022,9,24,6,55,91,91235,RN 104,48.62607,2.35485,Nuit sans éclairage public,Hors agglomération,Hors intersection,Pluie légère,Trois véhicules et plus - en chaîne,2,1,2,0,1,1,2,0,1,110,5,5,4,0,0,1,35.0,19.0,voiture,voiture,3,1,1,2,4
202200043977,2022-09-24 08:45:00,2022,9,24,8,45,91,91174,RN 104,48.61047,2.44467,Plein jour,Hors agglomération,Hors intersection,Pluie légère,Autre collision,2,3,6,0,3,3,2,0,1,110,1,2,1,0,0,1,23.0,,voiture,,1,1,1,2,6
202200043978,2022-12-02 10:50:00,2022,12,2,10,50,51,51454,rue de la Garenne,49.2442469825,4.0072819591,Plein jour,En agglomération,Intersection en X,Normale,Deux véhicules - côté,4,2,2,0,1,1,1,0,1,50,2,2,1,0,0,1,23.0,33.0,voiture,voiture,1,2,2,1,3
202200043979,2022-09-23 16:40:00,2022,9,23,16,40,91,91689,AUTOROUTE A6B,48.74436,2.3228,Plein jour,Hors agglomération,Hors intersection,Normale,Trois véhicules et plus - en chaîne,1,1,3,0,1,1,1,0,1,110,4,4,3,0,0,1,45.0,41.0,utilitaire_camion,voiture,1,1,1,1,4
202200043980,2022-09-24 12:30:00,2022,9,24,12,30,92,92072,N118,48.8270146574,2.2242258975,Plein jour,Hors agglomération,Hors intersection,Normale,Autre collision,2,1,2,0,2,3,2,0,1,70,1,1,0,0,0,1,37.0,,voiture,,1,1,1,1,6
202200043981,2022-12-01 11:55:00,2022,12,1,11,55,51,51454,rue de Courcelles,49.259313,4.02051,Plein jour,En agglomération,Intersection en X,Normale,Deux véhicules - frontale,4,2,2,0,1,1,1,0,1,50,2,2,1,0,0,1,24.0,22.0,voiture,voiture,1,2,2,1,1
202200043982,2022-12-01 07:30:00,2022,12,1,7,30,50,50129,CD 901,49.64905,-1.71846,Nuit avec éclairage non allumé,Hors agglomération,Intersection en X,Normale,Deux véhicules - côté,3,3,3,0,2,1,1,3,1,90,2,2,1,0,0,1,38.0,30.0,voiture,voiture,4,1,2,1,3
202200043983,2022-09-24 12:30:00,2022,9,24,12,30,92,92047,A13,48.8323157105,2.1543841825,Plein jour,Hors agglomération,Hors intersection,Temps couvert,Trois véhicules et plus - en chaîne,1,3,3,0,1,1,2,0,1,90,5,12,9,0,0,3,27.0,27.0,voiture,utilitaire_camion,1,1,1,8,4
202200043984,2022-09-23 18:00:00,2022,9,23,18,0,78,78423,RN12,48.796713,2.026253,Plein jour,Hors agglomération,Hors intersection,Normale,Deux véhicules - côté,2,-1,3,0,1,1,1,0,1,110,2,6,5,0,0,1,52.0,70.0,voiture,deux_roues,1,1,1,1,3
202200043985,2022-11-29 08:00:00,2022,11,29,8,0,50,50129,LEMONNIER (AVENUE AMIRAL),49.63368,-1.60645,Nuit avec éclairage non allumé,En agglomération,Hors intersection,Normale,Trois véhicules et plus - en chaîne,3,3,4,0,1,1,2,0,1,70,3,4,2,0,0,2,35.0,44.0,voiture,voiture,4,2,1,1,4
202200043986,2022-09-23 19:50:00,2022,9,23,19,50,93,93064,AUTOROUTE A86,48.8840189593,2.471601963,Crépuscule ou aube,Hors agglomération,Hors intersection,Normale,Deux véhicules - arrière,1,3,8,0,1,3,1,0,1,90,2,2,1,0,0,1,48.0,66.0,voiture,voiture,2,1,1,1,2
202200043987,2022-09-23 17:55:00,2022,9,23,17,55,92,92036,AUTOROUTE A15,48.9441185317,2.2863882231,Plein jour,Hors agglomération,Hors intersection,Normale,Deux véhicules - côté,1,3,8,0,1,1,1,2,1,90,2,2,1,0,0,1,31.0,46.0,deux_roues,voiture,1,1,1,1,3
202200043988,2022-11-30 07:55:00,2022,11,30,7,55,50,50129,MENDES FRANCE (BOULEVARD),49.63549,-1.63045,Nuit avec éclairage allumé,En agglomération,Intersection à plus de 4 branches,Pluie légère,Deux véhicules - côté,3,2,4,0,2,1,2,0,1,50,2,2,1,0,0,1,51.0,25.0,deux_roues,voiture,5,2,5,2,3
202200043989,2022-09-23 16:50:00,2022,9,23,16,50,93,93010,AUTOROUTE A3,48.8899192541,2.4734257208,Plein jour,Hors agglomération,Hors intersection,Normale,Deux véhicules - arrière,1,3,8,0,1,3,1,0,1,90,2,3,2,0,0,1,55.0,33.0,utilitaire_camion,voiture,1,1,1,1,2
202200043990,2022-12-02 18:15:00,2022,12,2,18,15,49,49007,BARANGE BOULEVARD,47.45703,-0.57225,Nuit sans éclairage public,Hors agglomération,Hors intersection,Normale,Autre collision,4,3,5,0,1,1,1,0,1,70,1,2,1,1,0,0,36.0,,voiture,,3,1,1,1,6
202200043991,2022-09-23 16:40:00,2022,9,23,16,40,95,95572,RN 184,49.0355304583,2.1172016859,Plein jour,Hors agglomération,Hors intersection,Normale,Deux véhicules - côté,2,3,5,0,1,1,1,0,1,90,2,2,1,0,0,1,29.0,22.0,voiture,utilitaire_camion,1,1,1,1,3
202200043992,2022-12-01 16:05:00,2022,12,1,16,5,49,49007,Rue du Val de Loire,47.45,-0.511,Plein jour,En agglomération,Hors intersection,Normale,Deux véhicules - côté,4,2,2,0,1,1,1,0,1,50,2,2,1,0,0,1,18.0,23.0,deux_roues,voiture,1,2,1,1,3
202200043993,2022-09-23 15:50:00,2022,9,23,15,50,93,93066,A1,48.9189934371,2.3572939965,Plein jour,Hors agglomération,Hors intersection,Normale,Deux véhicules - côté,1,3,8,0,1,1,1,0,1,90,2,2,1,0,1,0,63.0,40.0,voiture,deux_roues,1,1,1,1,3
202200043994,2022-12-01 07:35:00,2022,12,1,7,35,49,49246,PASTEUR,47.41445,-0.52312,Nuit avec éclairage allumé,En agglomération,Hors intersection,Normale,Sans collision,3,2,2,0,1,1,1,0,1,50,1,1,0,0,0,1,17.0,,deux_roues,,5,2,1,1,7
202200043995,2022-11-30 20:14:00,2022,11,30,20,14,49,49267,PAPERIE,47.4650645676,-0.5097457767,Nuit avec éclairage allumé,En agglomération,Hors intersection,Normale,Sans collision,4,2,2,0,1,1,1,0,1,50,1,1,0,0,1,0,39.0,,deux_roues,,5,2,1,1,7
202200043996,2022-09-23 08:50:00,2022,9,23,8,50,95,95678,RN 184,49.0603322284,2.2114652395,Plein jour,Hors agglomération,Hors intersection,Normale,Trois véhicules et plus - en chaîne,2,3,6,0,1,1,1,0,1,70,4,4,3,0,0,1,42.0,43.0,voiture,voiture,1,1,1,1,4
202200043997,2022-11-30 16:50:00,2022,11,30,16,50,47,47215,RN 21,44.380128,0.7131159,Plein jour,Hors agglomération,Hors intersection,Normale,Deux véhicules - arrière,2,3,4,0,2,1,1,0,1,110,2,3,1,0,1,1,24.0,68.0,utilitaire_camion,voiture,1,1,1,1,2
202200043998,2022-09-24 19:40:00,2022,9,24,19,40,94,94073,A86 INT,48.7715541339,2.3934748629,Crépuscule ou aube,Hors agglomération,Hors intersection,Normale,Trois véhicules et plus - en chaîne,1,3,6,0,1,1,1,1,1,90,4,4,3,0,1,0,32.0,35.0,voiture,voiture,2,1,1,1,4
202200043999,2022-12-01 17:15:00,2022,12,1,17,15,45,45169,30 Avenue d'Huisseau,47.9202,1.8324,Nuit avec éclairage allumé,En agglomération,Hors intersection,Normale,Deux véhicules - frontale,4,-1,1,0,1,1,1,0,1,50,2,2,1,0,0,1,12.0,44.0,deux_roues,utilitaire_camion,5,2,1,1,1
202200044000,2022-09-23 09:13:00,2022,9,23,9,13,92,92025,G.PERI 2 A 192   1 A 247 (RUE),48.921048,2.244801,Plein jour,En agglomération,Hors intersection,Normale,Deux véhicules - arrière,3,2,2,0,1,1,1,0,1,30,2,2,1,0,0,1,40.0,30.0,voiture,utilitaire_camion,1,2,1,1,2
202200044001,2022-12-01 07:45:00,2022,12,1,7,45,45,45284,16 Rue du Petit Vomimbert,47.9169,1.9717,Nuit sans éclairage public,En agglomération,Hors intersection,Temps couvert,Autre collision,4,2,2,0,1,1,1,0,1,50,1,1,0,0,0,1,25.0,,voiture,,3,2,1,8,6
202200044002,2022-09-22 11:40:00,2022,9,22,11,40,29,29019,3 rue Malakoff,48.3955634723,-4.4817173481,Plein jour,En agglomération,Intersection en T,Normale,Autre collision,4,-1,1,0,1,1,1,0,1,30,1,2,1,0,1,0,84.0,,voiture,,1,2,3,1,6
202200044003,2022-09-23 19:35:00,2022,9,23,19,35,27,27229,CHURCHILL (AVENUE WINSTON),49.0177954,1.1671897287,Plein jour,En agglomération,Intersection en X,Normale,Autre collision,4,2,4,0,1,1,1,6,1,50,1,2,1,0,0,1,25.0,,voiture,,1,2,2,1,6
202200044004,2022-12-01 18:00:00,2022,12,1,18,0,44,44109,72ter Rue de la Contrie,47.220387,-1.597624,Nuit avec éclairage allumé,En agglomération,Hors intersection,Normale,Deux véhicules - côté,4,3,2,0,1,1,1,0,1,30,2,2,1,0,0,1,19.0,28.0,voiture,deux_roues,5,2,1,1,3
202200044005,2022-09-21 10:00:00,2022,9,21,10,0,29,29019,boulevard Gambetta,48.38962,-4.47546,Plein jour,En agglomération,Intersection en T,Normale,Autre collision,4,-1,2,0,1,1,1,0,1,50,1,2,1,0,0,1,33.0,,utilitaire_camion,,1,2,3,1,6
202200044006,2022-12-01 08:55:00,2022,12,1,8,55,43,43157,23 Avenue Charles Dupuy,45.042889,3.891891,Plein jour,En agglomération,Intersection en T,Pluie légère,Autre collision,4,2,2,0,1,1,2,9,1,50,1,2,1,0,0,1,20.0,,voiture,,1,2,3,2,6
202200044007,2022-09-21 18:36:00,2022,9,21,18,36,987,98735,CLEMENCEAU (RUE MAMAO AIVI),-17.53556,-149.55779,Nuit avec éclairage allumé,En agglomération,Intersection en T,Normale,Deux véhicules - côté,4,3,4,3,1,1,1,0,1,30,2,2,1,0,0,1,17.0,68.0,deux_roues,utilitaire_camion,5,2,3,1,3
202200044008,2022-12-02 23:50:00,2022,12,2,23,50,38,38053,LYON (ROUTE DE LYON COTE NORD),45.59268,5.23826,Nuit avec éclairage allumé,En agglomération,Intersection en X,Normale,Deux véhicules - frontale,3,4,3,0,1,1,1,0,1,50,2,5,1,0,0,4,33.0,59.0,voiture,voiture,5,2,2,1,1
202200044009,2022-12-02 08:20:00,2022,12,2,8,20,37,37261,POMPIDOU (AVENUE GEORGES),47.386081716,0.7095676661,Plein jour,En agglomération,Hors intersection,Normale,Deux véhicules - arrière,4,1,2,0,4,1,1,0,1,50,2,2,1,0,0,1,41.0,20.0,voiture,voiture,1,2,1,1,2
202200044010,2022-09-17 09:13:00,2022,9,17,9,13,24,24138,ROOSVELT (AVENUE),45.18496,0.69963,Plein jour,Hors agglomération,Autre intersection,Normale,Autre collision,4,2,2,0,1,1,1,0,1,50,1,3,2,0,1,0,77.0,,voiture,,1,1,9,1,6
202200044011,2022-09-16 07:45:00,2022,9,16,7,45,976,97611,mamoudzou centre-Rassi Boina Kaïm (rue),-12.78454,45.22918,Plein jour,En agglomération,Hors intersection,Pluie légère,Autre collision,4,3,2,0,2,1,2,9,1,50,1,2,1,0,0,1,30.0,,deux_roues,,1,2,1,2,6
202200044012,2022-12-01 13:00:00,2022,12,1,13,0,37,37122,CHINON (BOULEVARD DE),47.35107,0.6791,Plein jour,En agglomération,Giratoire,Normale,Deux véhicules - arrière,4,3,1,0,1,1,1,5,1,50,2,2,1,0,0,1,59.0,33.0,voiture,voiture,1,2,6,1,2
202200044013,2022-12-02 14:30:00,2022,12,2,14,30,35,35278,ROUTE DE SAINT-MALO,48.13622,-1.692147,Plein jour,Hors agglomération,Giratoire,Temps couvert,Autre collision,4,2,2,0,1,1,1,0,1,80,1,2,1,0,0,1,52.0,,voiture,,1,1,6,8,6