accident_id,datetime,annee,mois,jour,heure,minute,departement,commune_insee,adresse,latitude,longitude,luminosite,agglomeration,intersection,meteo,collision,catr,circ,nbv,vosp,prof,plan,surf,infra,situ,vma,nb_vehicules,nb_usagers,nb_indemnes,nb_tues,nb_blesses_hosp,nb_blesses_legers,age_cond_1,age_cond_2,veh_type_cond_1,veh_type_cond_2,lum_code,agg_code,int_code,atm_code,col_code
202200044014,2022-12-02 14:40:00,2022,12,2,14,40,35,35334,N136,48.1427329499,-1.5862825513,Plein jour,Hors agglomération,Hors intersection,Normale,Deux véhicules - arrière,2,3,6,0,1,1,1,0,1,90,2,2,1,0,0,1,52.0,50.0,voiture,utilitaire_camion,1,1,1,1,2
202200044015,2022-09-22 18:00:00,2022,9,22,18,0,974,97411,MOUFIA (ROUTE DE),-20.90174,55.49213,Nuit avec éclairage allumé,En agglomération,Intersection en T,Normale,Deux véhicules - côté,3,2,2,0,2,3,1,0,1,50,2,2,0,0,1,1,27.0,30.0,voiture,deux_roues,5,2,3,1,3
202200044016,2022-12-01 14:10:00,2022,12,1,14,10,34,34172,Rond-Point Paul Fajon,43.59593,3.83682,Plein jour,En agglomération,Hors intersection,Temps couvert,Deux véhicules - côté,4,1,2,0,1,2,1,0,1,50,2,2,1,0,0,1,,56.0,voiture,deux_roues,1,2,1,8,3
202200044017,2022-12-01 18:54:00,2022,12,1,18,54,34,34032,Chemin de Feynes,43.35688,3.13767,Nuit sans éclairage public,Hors agglomération,Hors intersection,Normale,Sans collision,9,-1,1,0,1,1,6,0,1,50,1,1,0,0,1,0,39.0,,deux_roues,,3,1,1,1,7
202200044018,2022-09-22 08:15:00,2022,9,22,8,15,974,97411,CHAMP FLEURI,-20.88722,55.4656,Plein jour,En agglomération,Hors intersection,Normale,Sans collision,4,2,1,0,1,1,2,9,8,30,1,1,0,0,0,1,42.0,,deux_roues,,1,2,1,1,7
202200044019,2022-11-30 12:00:00,2022,11,30,12,0,34,34032,55 Boulevard Frédéric Mistral,43.34587,3.2194,Plein jour,En agglomération,Hors intersection,Normale,Sans collision,4,2,2,0,1,1,1,0,1,30,1,2,1,0,0,1,70.0,,utilitaire_camion,,1,2,1,1,7
202200044020,2022-11-29 16:20:00,2022,11,29,16,20,34,34003,Avenue des Lavandieres,43.28959,3.52319,Plein jour,En agglomération,Hors intersection,Normale,Autre collision,4,2,2,0,1,1,1,0,1,50,1,2,1,0,1,0,63.0,,voiture,,1,2,1,1,6
202200044021,2022-09-22 21:40:00,2022,9,22,21,40,974,97407,GUADELOUPE(RUE),-20.94695,55.2955,Nuit sans éclairage public,En agglomération,Intersection en T,Normale,Deux véhicules - frontale,4,2,2,0,1,1,1,0,1,50,2,2,1,0,0,1,21.0,39.0,deux_roues,deux_roues,3,2,3,1,1
202200044022,2022-12-02 15:00:00,2022,12,2,15,0,33,33063,Quai de Bacalan,44.86037,-0.55378,Plein jour,En agglomération,Intersection en X,Normale,Deux véhicules - côté,4,1,2,0,1,1,1,0,1,50,2,3,2,0,0,1,40.0,44.0,voiture,voiture,1,2,2,1,3
202200044023,2022-09-23 09:07:00,2022,9,23,9,7,973,97302,ZEPHIR (CITE),4.93804,-52.29529,Plein jour,En agglomération,Hors intersection,Normale,Deux véhicules - côté,4,2,2,0,1,1,1,0,1,30,2,2,1,0,0,1,45.0,21.0,utilitaire_camion,deux_roues,1,2,1,1,3
202200044024,2022-12-01 18:10:00,2022,12,1,18,10,33,33281,Avenue Marcel Dassault,44.84728,-0.7159,Nuit avec éclairage allumé,En agglomération,Hors intersection,Normale,Trois véhicules et plus - en chaîne,4,2,4,1,1,1,1,0,1,50,3,3,2,0,0,1,44.0,33.0,voiture,deux_roues,5,2,1,1,4
202200044025,2022-12-02 13:55:00,2022,12,2,13,55,31,31555,21 DEMOISELLES  (PERIPH OUEST A620),43.573325,1.4716,Plein jour,Hors agglomération,Hors intersection,Normale,Trois véhicules et plus - en chaîne,1,1,3,0,1,1,1,2,1,90,3,3,1,0,0,2,40.0,22.0,voiture,voiture,1,1,1,1,4
202200044026,2022-09-23 08:00:00,2022,9,23,8,0,973,97302,MONTABO (ROUTE DE) 4,4.92979,-52.29033,Plein jour,En agglomération,Intersection en T,Normale,Deux véhicules - côté,3,2,2,0,1,3,1,0,1,50,2,3,0,0,0,3,46.0,43.0,deux_roues,deux_roues,1,2,3,1,3
202200044027,2022-11-30 18:07:00,2022,11,30,18,7,31,31069,CATALOGNE (PL DE),43.64174,1.380041,Nuit avec éclairage allumé,En agglomération,Autre intersection,Normale,Autre collision,4,-1,0,0,2,2,1,1,8,10,1,2,1,0,0,1,42.0,,voiture,,5,2,9,1,6
202200044028,2022-11-30 18:09:00,2022,11,30,18,9,31,31555,RUE DES TRENTE-SIX PONTS,43.589664,1.449064,Nuit avec éclairage non allumé,En agglomération,Intersection en T,Temps couvert,Deux véhicules - côté,4,1,0,0,1,1,1,0,1,30,2,2,1,0,0,1,42.0,38.0,voiture,deux_roues,4,2,3,8,3
202200044029,2022-09-24 01:50:00,2022,9,24,1,50,69,69387,Avenue Jean Jaurès,45.7482,4.84363,Nuit avec éclairage allumé,En agglomération,Intersection en X,Pluie légère,Deux véhicules - frontale,4,1,2,3,1,1,2,0,1,50,2,2,1,0,0,1,25.0,60.0,deux_roues,voiture,5,2,2,2,1
202200044030,2022-09-23 13:10:00,2022,9,23,13,10,972,97209,VICTOR SEVERE (RUE),14.60668,-61.0715,Plein jour,En agglomération,Hors intersection,Normale,Deux véhicules - côté,4,1,1,0,1,1,1,0,1,50,2,2,1,0,0,1,42.0,24.0,voiture,deux_roues,1,2,1,1,3
202200044031,2022-12-01 13:05:00,2022,12,1,13,5,29,29232,77 Rue de Benodet,47.98434,-4.10524,Plein jour,En agglomération,Intersection en T,Normale,Deux véhicules - frontale,4,2,2,0,1,1,1,5,1,50,2,2,1,0,0,1,52.0,24.0,voiture,deux_roues,1,2,3,1,1
202200044032,2022-09-23 21:37:00,2022,9,23,21,37,69,69382,Quai Rambaud,45.75099,4.82331,Nuit avec éclairage allumé,En agglomération,Autre intersection,Pluie forte,Autre collision,4,1,1,0,1,3,2,0,1,50,1,2,1,0,0,1,50.0,,voiture,,5,2,9,3,6
202200044033,2022-09-23 09:57:00,2022,9,23,9,57,2B,2B033,LECLERC - ROND POINT,42.70224,9.44809,Plein jour,En agglomération,Autre intersection,Normale,Autre collision,4,-1,1,0,1,1,1,0,1,50,1,2,1,0,0,1,52.0,,voiture,,1,2,9,1,6
202200044034,2022-12-01 08:50:00,2022,12,1,8,50,29,29232,Boulevard Louis le Guennec,47.979884,-4.107145,Plein jour,Hors agglomération,Hors intersection,Normale,Deux véhicules - arrière,3,3,4,0,1,2,1,0,1,70,2,2,1,0,0,1,27.0,23.0,voiture,voiture,1,1,1,1,2
202200044035,2022-09-23 13:11:00,2022,9,23,13,11,2A,2A004,ROSSINI PASCAL BD,41.91697,8.73671,Plein jour,En agglomération,Hors intersection,Normale,Deux véhicules - côté,4,2,2,0,1,1,1,0,1,50,2,2,1,0,0,1,35.0,65.0,deux_roues,voiture,1,2,1,1,3
202200044036,2022-11-30 08:00:00,2022,11,30,8,0,29,29039,D783 - Beuzec,47.916104,-3.927052,Nuit sans éclairage public,Hors agglomération,Intersection en X,Normale,Deux véhicules - côté,3,2,2,0,1,2,1,5,1,70,2,2,1,0,1,0,30.0,17.0,utilitaire_camion,deux_roues,3,1,2,1,3
202200044037,2022-09-23 10:45:00,2022,9,23,10,45,2A,2A004,SAMPIERO BD,41.923681001,8.7391286393,Plein jour,En agglomération,Hors intersection,Normale,Deux véhicules - arrière,4,-1,4,0,1,1,1,0,1,30,2,2,1,0,0,1,74.0,56.0,voiture,deux_roues,1,2,1,1,2
202200044038,2022-09-23 13:35:00,2022,9,23,13,35,91,91339,RUE JULES FERRY,48.631485,2.266917,Plein jour,En agglomération,Hors intersection,Normale,Autre collision,4,2,2,0,1,1,1,0,1,30,1,2,1,0,0,1,54.0,,voiture,,1,2,1,1,6
202200044039,2022-12-01 15:35:00,2022,12,1,15,35,29,29019,D205,48.395478,-4.5383891,Plein jour,En agglomération,Giratoire,Normale,Trois véhicules et plus - collisions multiples,3,3,4,0,2,1,1,5,1,50,4,4,2,0,0,2,55.0,56.0,voiture,voiture,1,2,6,1,5
202200044040,2022-09-23 20:05:00,2022,9,23,20,5,91,91286,ENCLOS (RUE DES),48.65446,2.37367,Nuit avec éclairage allumé,En agglomération,Autre intersection,Normale,Deux véhicules - côté,4,2,2,3,1,1,1,0,1,50,2,2,1,0,0,1,17.0,37.0,autre,voiture,5,2,9,1,3
202200044041,2022-11-30 17:25:00,2022,11,30,17,25,29,29019,rue de Glasgow,48.397041092,-4.4833185633,Plein jour,En agglomération,Intersection en T,Normale,Deux véhicules - côté,4,-1,2,0,1,1,1,0,1,30,2,2,1,0,0,1,32.0,71.0,deux_roues,voiture,1,2,3,1,3
202200044042,2022-09-23 07:25:00,2022,9,23,7,25,91,91479,AV PASTEUR,48.706592,2.367532,Plein jour,En agglomération,Intersection en X,Normale,Deux véhicules - côté,4,-1,2,0,1,1,1,0,1,50,2,2,1,0,0,1,50.0,31.0,voiture,voiture,1,2,2,1,3
202200044043,2022-12-01 12:24:00,2022,12,1,12,24,27,27681,EVREUX (ROUTE D'),49.07673,1.46397,Plein jour,Hors agglomération,Intersection en T,Normale,Deux véhicules - côté,3,2,2,0,2,2,1,0,1,50,2,4,1,0,0,3,28.0,41.0,voiture,voiture,1,1,3,1,3
202200044044,2022-12-01 16:55:00,2022,12,1,16,55,27,27229,BRIAND (AVENUE ARISTIDE),49.0169319513,1.1234078373,Nuit avec éclairage allumé,En agglomération,Hors intersection,Normale,Autre collision,3,2,2,0,1,1,1,6,1,50,1,2,1,0,0,1,78.0,,voiture,,5,2,1,1,6
202200044045,2022-11-28 11:10:00,2022,11,28,11,10,24,24557,POMPIDOU (AVENUE GEORGES),45.1981,0.74082,Plein jour,Hors agglomération,Autre intersection,Pluie forte,Autre collision,6,-1,0,0,1,1,2,9,8,30,1,2,1,0,1,0,56.0,,voiture,,1,1,9,3,6
202200044046,2022-09-22 10:30:00,2022,9,22,10,30,87,87113,MOULIN (AVENUE JEAN),45.86149,1.32143,Plein jour,En agglomération,Hors intersection,Normale,Trois véhicules et plus - en chaîne,3,2,2,0,1,1,1,0,1,50,5,6,3,0,0,3,70.0,52.0,voiture,voiture,1,2,1,1,4
202200044047,2022-09-22 17:05:00,2022,9,22,17,5,87,87085,LATTRE-DE-TASSIGNY (AVENUE DU MARECHAL),45.82513,1.27342,Plein jour,En agglomération,Hors intersection,Normale,Autre collision,3,2,4,0,1,1,1,0,1,50,1,2,1,0,0,1,70.0,,voiture,,1,2,1,1,6
202200044048,2022-11-30 11:10:00,2022,11,30,11,10,21,21054,GAULLE (AVENUE DU GENERAL DE),47.015435,4.838006,Plein jour,En agglomération,Autre intersection,Normale,Deux véhicules - côté,4,1,0,0,1,2,1,5,1,50,2,2,1,0,0,1,18.0,59.0,deux_roues,voiture,1,2,9,1,3
202200044049,2022-12-01 07:45:00,2022,12,1,7,45,19,19031,MICHELET (AVENUE EDMOND),45.15067,1.53179,Plein jour,En agglomération,Hors intersection,Normale,Autre collision,3,2,2,0,2,1,1,0,1,50,1,2,1,0,0,1,57.0,,voiture,,1,2,1,1,6
202200044050,2022-09-23 10:05:00,2022,9,23,10,5,86,86194,Avenue John Kennedy,46.585571,0.366277,Plein jour,En agglomération,Intersection en X,Normale,Deux véhicules - arrière,3,1,4,2,1,1,1,6,1,50,2,2,1,0,0,1,68.0,52.0,voiture,voiture,1,2,2,1,2
202200044051,2022-09-22 20:35:00,2022,9,22,20,35,84,84035,LAGNES-RD24 (ROUTE DE),43.8690228666,5.0645685196,Nuit sans éclairage public,Hors agglomération,Hors intersection,Normale,Sans collision,3,2,2,0,1,1,1,0,3,80,1,2,1,0,1,0,36.0,,voiture,,3,1,1,1,7
202200044052,2022-12-02 08:15:00,2022,12,2,8,15,17,17415,D137,45.724125,-0.640169,Crépuscule ou aube,Hors agglomération,Hors intersection,Normale,Trois véhicules et plus - en chaîne,3,3,4,0,1,1,1,9,1,90,3,3,2,0,0,1,66.0,51.0,voiture,voiture,2,1,1,1,4
202200044053,2022-09-22 18:15:00,2022,9,22,18,15,83,83062,PREMIER  DFL (AVENUE DE LA),43.12407,5.99812,Crépuscule ou aube,En agglomération,Giratoire,Temps éblouissant,Deux véhicules - côté,4,1,1,0,4,3,1,5,1,30,2,2,1,0,0,1,59.0,15.0,voiture,deux_roues,2,2,6,7,3
202200044054,2022-12-01 18:15:00,2022,12,1,18,15,14,14366,Place de la République,49.14414,0.22486,Nuit avec éclairage allumé,En agglomération,Intersection en X,Normale,Deux véhicules - côté,4,1,1,0,1,1,1,0,1,30,2,2,1,0,0,1,16.0,41.0,deux_roues,voiture,5,2,2,1,3
202200044055,2022-09-23 07:50:00,2022,9,23,7,50,82,82121,VOLTAIRE (RUE),44.03744,1.36322,Plein jour,En agglomération,Hors intersection,Normale,Deux véhicules - côté,4,4,3,0,1,1,1,0,1,50,2,2,1,0,1,0,21.0,40.0,deux_roues,voiture,1,2,1,1,3
202200044056,2022-12-02 04:05:00,2022,12,2,4,5,14,14271,D562A,49.14737,-0.37298,Nuit sans éclairage public,En agglomération,Hors intersection,Normale,Deux véhicules - arrière,3,-1,0,0,1,1,1,8,1,50,2,2,1,0,0,1,25.0,21.0,voiture,voiture,3,2,1,1,2
202200044057,2022-09-22 08:25:00,2022,9,22,8,25,80,80632,ROUEN (ROUTE DE),49.87516,2.24891,Plein jour,En agglomération,Hors intersection,Normale,Deux véhicules - arrière,3,2, -1,0,1,1,1,0,1,50,2,2,0,0,0,2,41.0,44.0,voiture,voiture,1,2,1,1,2
202200044058,2022-12-01 09:15:00,2022,12,1,9,15,14,14118,Avenue Georges Clemenceau,49.188123,-0.351744,Plein jour,En agglomération,Intersection en T,Brouillard / fumée,Deux véhicules - frontale,4,2,2,0,1,1,1,0,1,50,2,2,1,0,0,1,50.0,59.0,deux_roues,voiture,1,2,3,5,1
202200044059,2022-09-22 07:50:00,2022,9,22,7,50,80,80021,PAUL CLAUDEL (AVENUE),49.8752,2.27785,Plein jour,En agglomération,Hors intersection,Normale,Deux véhicules - côté,6,2,2,1,1,1,1,0,5,50,2,2,1,0,1,0,57.0,58.0,deux_roues,utilitaire_camion,1,2,1,1,3
202200044060,2022-12-02 17:30:00,2022,12,2,17,30,13,13071,ROUTE NATIONALE 113 - VILLAGE,43.3968426942,5.3423589597,Plein jour,En agglomération,Autre intersection,Normale,Deux véhicules - côté,3,3,2,0,1,1,1,0,1,50,2,2,1,0,1,0,39.0,64.0,voiture,deux_roues,1,2,9,1,3
202200044061,2022-09-19 17:55:00,2022,9,19,17,55,80,80021,LEO LAGRANGE (RUE),49.91037,2.30925,Plein jour,En agglomération,Hors intersection,Normale,Autre collision,4,3,2,0,1,1,1,0,1,50,1,2,1,0,1,0,27.0,,voiture,,1,2,1,1,6
202200044062,2022-07-04 08:45:00,2022,7,4,8,45,57,57672,MERLIN (AVENUE) - PAIR,49.358,6.156,Plein jour,En agglomération,Intersection en X,Normale,Trois véhicules et plus - collisions multiples,4,2,2,0,1,1,1,0,1,50,3,3,2,0,1,0,91.0,67.0,voiture,voiture,1,2,2,1,5
202200044063,2022-12-01 09:50:00,2022,12,1,9,50,13,13103,AVENUE BOREL -GEORGES,43.640487038,5.0788881801,Plein jour,En agglomération,Hors intersection,Temps couvert,Deux véhicules - côté,4,2,2,0,1,1,1,0,1,50,2,2,1,0,1,0,26.0,57.0,deux_roues,utilitaire_camion,1,2,1,8,3
202200044064,2022-09-21 10:20:00,2022,9,21,10,20,78,78311,HENRI BARBUSSE (BOULEVARD) 44-174,48.928446,2.189324,Plein jour,En agglomération,Hors intersection,Normale,Trois véhicules et plus - en chaîne,3,-1,2,0,2,1,1,0,1,50,3,3,0,0,1,1,18.0,,deux_roues,voiture,1,2,1,1,4
202200044065,2022-12-01 18:50:00,2022,12,1,18,50,13,13212,MONTOLIVET (AVENUE DE),43.3154581389,5.4149762749,Nuit avec éclairage allumé,En agglomération,Hors intersection,Normale,Deux véhicules - côté,4,2,2,0,1,1,1,0,1,50,2,2,1,0,0,1,33.0,17.0,voiture,deux_roues,5,2,1,1,3
202200044066,2022-07-02 21:00:00,2022,7,2,21,0,78,78354,RUE DES TILLEULS,48.975661,1.691203,Plein jour,En agglomération,Hors intersection,Normale,Autre collision,4,-1,2,0,1,1,1,0,1,50,1,3,2,0,1,0,54.0,,voiture,,1,2,1,1,6
202200044067,2022-08-30 05:50:00,2022,8,30,5,50,78,78168,Route nationale 10,48.75083,1.92992,Nuit sans éclairage public,En agglomération,Hors intersection,Temps couvert,Autre collision,2,3,4,0,2,1,2,0,1,70,1,2,1,1,0,0,57.0,,voiture,,3,2,1,8,6
202200044068,2022-12-01 09:45:00,2022,12,1,9,45,13,13209,REDON (BOULEVARD DU),43.2456779637,5.4260754157,Plein jour,En agglomération,Intersection en T,Normale,Deux véhicules - frontale,4,2,0,0,1,1,1,0,1,50,2,2,1,0,0,1,42.0,33.0,voiture,deux_roues,1,2,3,1,1
202200044069,2022-06-25 10:20:00,2022,6,25,10,20,30,30189,CITE FOULC (RUE),43.8317,4.3609,Plein jour,En agglomération,Intersection en T,Normale,Sans collision,4,1,2,0,1,1,1,0,1,50,1,1,0,0,1,0,21.0,,deux_roues,,1,2,3,1,7
202200044070,2022-05-02 19:00:00,2022,5,2,19,0,95,95018,Avenue du Chateau,48.9341428289,2.231836617,Plein jour,En agglomération,Hors intersection,Normale,Autre collision,4,2,2,0,1,1,1,0,1,50,1,2,1,0,0,1,,,deux_roues,,1,2,1,1,6
202200044071,2022-12-01 17:25:00,2022,12,1,17,25,13,13005,SALENGRO (AVENUE ROGER),43.298415312,5.5691194773,Nuit avec éclairage allumé,En agglomération,Hors intersection,Pluie légère,Deux véhicules - frontale,4,2,2,0,1,1,2,0,1,50,1,2,1,0,0,1,,,autre,,5,2,1,2,1
202200044072,2022-03-29 15:45:00,2022,3,29,15,45,62,62108,BOUTONS D'OR,50.411195,1.573678,Plein jour,En agglomération,Autre intersection,Temps couvert,Autre collision,4,2,1,1,1,1,1,0,1,50,1,2,1,0,0,1,86.0,,voiture,,1,2,9,8,6
202200044073,2022-11-30 16:55:00,2022,11,30,16,55,12,12145,Avenue Jean Jaurès,44.10355,3.07981,Crépuscule ou aube,En agglomération,Intersection en Y,Normale,Deux véhicules - côté,4,2,2,0,1,1,1,0,1,50,2,2,1,0,1,0,44.0,14.0,voiture,deux_roues,2,2,4,1,3
202200044074,2022-01-25 16:55:00,2022,1,25,16,55,62,62108,HUIT MAI,50.41003,1.57775,Plein jour,En agglomération,Hors intersection,Normale,Deux véhicules - arrière,4,-1,2,0,1,1,1,6,8,50,2,2,1,0,1,0,66.0,62.0,voiture,voiture,1,2,1,1,2
202200044075,2022-12-02 08:30:00,2022,12,2,8,30,11,11069,PAVANETTO,43.22841,2.33131,Plein jour,En agglomération,Hors intersection,Normale,Autre collision,4,2,2,0,4,1,1,0,1,50,1,1,0,0,0,1,49.0,,voiture,,1,2,1,1,6
202200044076,2022-04-24 16:25:00,2022,4,24,16,25,71,71076,ARNAL (RUE RAYMOND),46.793,4.857,Plein jour,En agglomération,Intersection en X,Normale,Deux véhicules - côté,4,3,4,0,1,1,1,0,1,50,2,2,1,0,0,1,38.0,36.0,voiture,voiture,1,2,2,1,3
202200044077,2022-11-30 15:30:00,2022,11,30,15,30,11,11069,LIMOUX - ROUTE DE-,43.20505,2.33322,Plein jour,En agglomération,Giratoire,Temps éblouissant,Sans collision,3,1,2,0,1,1,1,0,1,30,1,2,1,0,0,1,68.0,,voiture,,1,2,6,7,7
202200044078,2022-11-30 13:30:00,2022,11,30,13,30,11,11069,31 Avenue Bunau Varilla,43.211342,2.342184,Plein jour,En agglomération,Intersection en X,Normale,Autre collision,3,2,4,0,1,1,1,0,8,50,1,3,1,0,0,2,48.0,,voiture,,1,2,2,1,6
202200044079,2022-09-23 19:45:00,2022,9,23,19,45,71,71486,ANATOLE FRANCE (RUE),46.66337,4.37627,Crépuscule ou aube,En agglomération,Hors intersection,Normale,Deux véhicules - côté,4,2,2,0,1,1,1,0,1,50,2,2,0,0,1,1,55.0,41.0,voiture,voiture,2,2,1,1,3
202200044080,2022-09-23 09:50:00,2022,9,23,9,50,71,71270,JAURES (QUAI),46.3062324901,4.8364628839,Plein jour,En agglomération,Hors intersection,Normale,Autre collision,3,3,4,0,1,1,1,0,1,50,1,2,1,0,0,1,80.0,,voiture,,1,2,1,1,6
202200044081,2022-11-29 18:45:00,2022,11,29,18,45,11,11069,25 Place Joseph Poux,43.20955,2.34962,Nuit avec éclairage non allumé,En agglomération,Intersection en T,Normale,Autre collision,4,1,1,0,1,2,1,0,1,50,1,2,1,0,0,1,32.0,,voiture,,4,2,3,1,6
202200044082,2022-04-28 15:05:00,2022,4,28,15,5,52,52448,BAR LE DUC (ROUTE DE),48.64829,4.95878,Plein jour,En agglomération,Hors intersection,Normale,Sans collision,5,-1,1,0,1,1,1,9,8,20,1,2,1,0,1,0,37.0,,voiture,,1,2,1,1,7
202200044083,2022-12-02 13:50:00,2022,12,2,13,50,10,10387,GENERAL DE GAULLE (RUE DU),48.29681,4.06787,Plein jour,En agglomération,Intersection en X,Temps couvert,Deux véhicules - côté,4,2,2,3,1,1,1,0,1,50,2,3,2,0,0,1,51.0,36.0,voiture,transport_commun,1,2,2,8,3
202200044084,2022-09-23 22:30:00,2022,9,23,22,30,69,69266,Rue Léon Blum,45.76457,4.91909,Nuit avec éclairage allumé,En agglomération,Intersection en T,Pluie forte,Deux véhicules - côté,4,2,4,0,1,1,2,0,1,70,2,3,1,0,1,1,33.0,24.0,voiture,voiture,5,2,3,3,3
202200044085,2022-04-11 16:40:00,2022,4,11,16,40,33,33529,CAZAUX (BD DE),44.61203,-1.13417,Plein jour,Hors agglomération,Hors intersection,Normale,Autre collision,4,2,2,0,1,1,1,0,1,50,1,2,1,0,0,1,75.0,,voiture,,1,1,1,1,6
202200044086,2022-11-30 13:42:00,2022,11,30,13,42,10,10325,CHENE (RUE),48.2649672692,4.0411502123,Plein jour,En agglomération,Giratoire,Temps couvert,Deux véhicules - côté,2,2,2,0,1,2,1,0,1,50,2,2,1,0,0,1,63.0,49.0,deux_roues,voiture,1,2,6,8,3
202200044087,2022-09-23 20:15:00,2022,9,23,20,15,69,69266,Boulevard Laurent Bonnevay,45.7875,4.88136,Nuit avec éclairage non allumé,En agglomération,Autre intersection,Temps couvert,Autre collision,4,2,4,0,1,3,1,0,1,50,1,2,1,0,1,0,59.0,,utilitaire_camion,,4,2,9,8,6
202200044088,2022-07-11 18:20:00,2022,7,11,18,20,974,97411,RAMBAUD (LEOPOLD),-20.885727,55.473849,Nuit avec éclairage allumé,En agglomération,Autre intersection,Normale,Autre collision,2,1,3,0,1,1,1,9,1,70,1,2,1,0,0,1,34.0,,voiture,,5,2,9,1,6
202200044089,2022-12-02 19:30:00,2022,12,2,19,30,09,09122,PERMILHAC,43.003223,1.613242,Nuit sans éclairage public,Hors agglomération,Hors intersection,Autre,Sans collision,9,2,1,0,1,1,1,0,1,50,1,1,0,0,0,1,40.0,,deux_roues,,3,1,1,9,7
202200044090,2022-09-23 18:20:00,2022,9,23,18,20,69,69275,Rue des Ruffinières,45.76634,4.97276,Plein jour,En agglomération,Hors intersection,Normale,Autre collision,4,2,2,0,2,1,1,0,1,50,1,2,1,0,0,1,48.0,,voiture,,1,2,1,1,6
202200044091,2022-11-30 09:42:00,2022,11,30,9,42,06,06088,AUBER (AV.),43.70041,7.26137,Plein jour,En agglomération,Intersection en X,Normale,Autre collision,4,1,2,0,1,1,1,0,6,50,1,2,1,0,0,1,46.0,,voiture,,1,2,2,1,6
202200044092,2022-12-01 13:20:00,2022,12,1,13,20,06,06029,MIDI (BOULEVARD DU),43.5483,7.00993,Plein jour,En agglomération,Hors intersection,Normale,Deux véhicules - côté,4,2,2,0,1,1,1,0,1,50,2,2,1,0,0,1,56.0,60.0,deux_roues,voiture,1,2,1,1,3
202200044093,2022-07-11 17:15:00,2022,7,11,17,15,973,97302,MONTABO (ROUTE DE) 2,4.9384,-52.29959,Plein jour,En agglomération,Hors intersection,Normale,Trois véhicules et plus - collisions multiples,3,2,2,0,1,1,1,9,1,70,4,6,5,0,0,1,55.0,35.0,voiture,voiture,1,2,1,1,5
202200044094,2022-11-29 17:15:00,2022,11,29,17,15,03,03101,Avenue de la Republique,46.38541,2.55368,Nuit avec éclairage allumé,En agglomération,Hors intersection,Autre,Autre collision,3,2,2,0,1,1,2,0,1,50,1,2,1,0,0,1,25.0,,voiture,,5,2,1,9,6
202200044095,2022-07-11 09:34:00,2022,7,11,9,34,973,97302,RABAN (ROUTE DE),4.9283468202,-52.3136584461,Plein jour,En agglomération,Hors intersection,Normale,Deux véhicules - côté,4,2,2,0,2,3,1,0,1,50,2,2,1,0,0,1,28.0,49.0,voiture,voiture,1,2,1,1,3
202200044096,2022-12-03 04:24:00,2022,12,3,4,24,75,75119,PORTE DE PANTIN,48.887361,2.396807,Nuit avec éclairage allumé,En agglomération,Hors intersection,Pluie légère,Deux véhicules - arrière,4,1,4,0,1,1,2,0,1,70,2,3,2,0,0,1,42.0,26.0,voiture,voiture,5,2,1,2,2
202200044097,2022-07-10 09:25:00,2022,7,10,9,25,972,97209,GENERAL DE GAULLE (BLD DU),14.60774,-61.06906,Plein jour,En agglomération,Hors intersection,Normale,Autre collision,2,3,1,0,1,1,1,6,1,50,1,3,1,0,0,2,69.0,,voiture,,1,2,1,1,6
202200044098,2022-12-01 22:30:00,2022,12,1,22,30,75,75114,BOULEVARD PERIPHERIQUE EXTERIEUR SUD,48.819417,2.328291,Nuit avec éclairage allumé,En agglomération,Hors intersection,Normale,Trois véhicules et plus - en chaîne,4,1,3,0,1,1,1,0,1,70,3,4,3,0,0,1,27.0,48.0,voiture,voiture,5,2,1,1,4
202200044099,2022-07-11 13:20:00,2022,7,11,13,20,69,69149,Rue Francisque Jomard,45.71519,4.80031,Plein jour,En agglomération,Intersection en X,Normale,Deux véhicules - côté,4,2,2,0,1,1,1,0,1,50,2,2,0,0,0,2,20.0,17.0,voiture,deux_roues,1,2,2,1,3
202200044100,2022-12-01 18:00:00,2022,12,1,18,0,75,75118,PORTE D AUBERVILLIERS,48.90073,2.372563,Nuit avec éclairage allumé,En agglomération,Hors intersection,Normale,Trois véhicules et plus - en chaîne,4,1,4,0,1,1,1,0,1,70,3,3,1,0,0,2,40.0,44.0,voiture,voiture,5,2,1,1,4
202200044101,2022-07-11 10:30:00,2022,7,11,10,30,69,69034,80 Avenue Général de Gaulle,45.80954,4.85721,Plein jour,En agglomération,Hors intersection,Normale,Deux véhicules - côté,7,2,2,0,1,1,1,9,1,50,2,2,1,0,0,1,24.0,92.0,deux_roues,voiture,1,2,1,1,3
202200044102,2022-12-02 13:30:00,2022,12,2,13,30,75,75106,BOULEVARD RASPAIL,48.847399,2.328127,Plein jour,En agglomération,Intersection en X,Pluie légère,Deux véhicules - côté,4,2,2,0,2,1,2,0,1,30,2,3,2,0,0,1,40.0,35.0,deux_roues,voiture,1,2,2,2,3
202200044103,2022-12-03 15:05:00,2022,12,3,15,5,75,75119,RUE DE BELLEVILLE,48.872296,2.377635,Plein jour,En agglomération,Intersection en T,Temps couvert,Autre collision,4,2,2,0,4,1,1,0,1,30,1,2,1,0,0,1,,,deux_roues,,1,2,3,8,6
202200044104,2022-07-10 17:35:00,2022,7,10,17,35,971,97101,TERRAIN SONIS,16.2422598732,-61.529327631,Plein jour,Hors agglomération,Hors intersection,Normale,Autre collision,4,2,2,0,1,1,1,0,1,30,1,2,1,0,0,1,36.0,,voiture,,1,1,1,1,6
202200044105,2022-12-02 08:00:00,2022,12,2,8,0,75,75120,AVENUE LEON GAUMONT,48.8509734495,2.4158871174,Plein jour,En agglomération,Intersection en T,Normale,Autre collision,4,2,2,1,1,1,1,0,5,30,1,1,0,0,0,1,59.0,,deux_roues,,1,2,3,1,6