accident_id,datetime,annee,mois,jour,heure,minute,departement,commune_insee,adresse,latitude,longitude,luminosite,agglomeration,intersection,meteo,collision,catr,circ,nbv,vosp,prof,plan,surf,infra,situ,vma,nb_vehicules,nb_usagers,nb_indemnes,nb_tues,nb_blesses_hosp,nb_blesses_legers,age_cond_1,age_cond_2,veh_type_cond_1,veh_type_cond_2,lum_code,agg_code,int_code,atm_code,col_code
202200044106,2022-07-11 13:45:00,2022,7,11,13,45,2A,2A004,T22,41.95247,8.78271,Plein jour,En agglomération,Hors intersection,Normale,Deux véhicules - arrière,2,-1,2,0,1,1,1,0,1,50,2,2,1,0,0,1,55.0,51.0,deux_roues,utilitaire_camion,1,2,1,1,2
202200044107,2022-12-02 18:50:00,2022,12,2,18,50,75,75119,RUE DE CRIMEE,48.887574,2.38036,Nuit avec éclairage allumé,En agglomération,Intersection en T,Pluie légère,Sans collision,4,1,2,0,1,1,2,0,1,30,1,1,0,0,0,1,31.0,,deux_roues,,5,2,3,2,7
202200044108,2022-12-02 15:53:00,2022,12,2,15,53,75,75119,RUE CURIAL,48.890404,2.371818,Plein jour,En agglomération,Hors intersection,Pluie légère,Sans collision,4,1,2,0,1,1,2,0,1,30,1,1,0,0,0,1,48.0,,deux_roues,,1,2,1,2,7
202200044109,2022-07-11 10:00:00,2022,7,11,10,0,2A,2A004,NAPOLEON COURS APRES BEVERINI,41.93078,8.73961,Plein jour,En agglomération,Hors intersection,Normale,Autre collision,2,3,4,0,1,1,1,0,1,50,2,2,1,0,0,1,52.0,43.0,voiture,deux_roues,1,2,1,1,6
202200044110,2022-12-02 12:55:00,2022,12,2,12,55,75,75119,BOULEVARD SERURIER,48.884755,2.394482,Plein jour,En agglomération,Intersection en X,Normale,Deux véhicules - arrière,4,2,2,0,2,1,1,8,1,30,2,2,1,0,0,1,40.0,29.0,voiture,deux_roues,1,2,2,1,2
202200044111,2022-07-10 20:50:00,2022,7,10,20,50,95,95277,Avenue Pierre Salvi,48.9912522122,2.4336111546,Plein jour,En agglomération,Hors intersection,Normale,Deux véhicules - côté,4,2,2,0,1,1,1,0,1,50,2,2,1,0,0,1,32.0,30.0,deux_roues,voiture,1,2,1,1,3
202200044112,2022-12-02 09:50:00,2022,12,2,9,50,75,75119,AVENUE SIMON BOLIVAR,48.875574,2.381874,Plein jour,En agglomération,Intersection en X,Normale,Deux véhicules - arrière,4,2,2,0,1,1,1,9,1,30,2,2,1,0,0,1,21.0,29.0,deux_roues,deux_roues,1,2,2,1,2
202200044113,2022-07-11 10:30:00,2022,7,11,10,30,95,95252,Rue de la Mare des Noues,48.988749434,2.2413691878,Plein jour,En agglomération,Intersection en T,Normale,Autre collision,4,2,2,0,1,1,1,0,1,50,1,3,1,0,0,2,75.0,,voiture,,1,2,3,1,6
202200044114,2022-12-02 04:00:00,2022,12,2,4,0,75,75119,RUE LOUISE THULIEZ,48.877565,2.394791,Nuit avec éclairage allumé,En agglomération,Intersection en Y,Normale,Autre collision,4,1,0,0,3,1,1,0,1,30,1,1,0,0,0,1,21.0,,deux_roues,,5,2,4,1,6
202200044115,2022-12-02 10:02:00,2022,12,2,10,2,75,75118,RUE LAMARCK,48.889968,2.338618,Plein jour,En agglomération,Hors intersection,Normale,Autre collision,4,1,1,0,3,1,1,0,1,30,1,2,1,0,0,1,60.0,,utilitaire_camion,,1,2,1,1,6
202200044116,2022-07-11 18:35:00,2022,7,11,18,35,95,95218,Rue du Bas Noyer,49.0318094776,2.1014839411,Plein jour,En agglomération,Hors intersection,Normale,Deux véhicules - côté,4,2,2,0,2,1,1,9,1,50,2,3,0,0,0,3,17.0,31.0,voiture,voiture,1,2,1,1,3
202200044117,2022-12-03 18:00:00,2022,12,3,18,0,75,75116,AVENUE VICTOR HUGO,48.868205,2.28188,Nuit avec éclairage allumé,En agglomération,Hors intersection,Normale,Deux véhicules - côté,4,2,2,0,1,1,1,0,1,30,2,2,1,0,0,1,56.0,17.0,voiture,deux_roues,5,2,1,1,3
202200044118,2022-07-10 22:10:00,2022,7,10,22,10,95,95018,Avenue Maurice Utrillo,48.94172,2.2345,Nuit avec éclairage allumé,En agglomération,Intersection en X,Normale,Deux véhicules - côté,4,2,2,0,2,1,1,0,1,50,2,2,1,0,0,1,43.0,26.0,voiture,voiture,5,2,2,1,3
202200044119,2022-12-03 07:55:00,2022,12,3,7,55,75,75117,AVENUE DE VILLIERS,48.884259,2.302662,Crépuscule ou aube,En agglomération,Intersection en X,Normale,Deux véhicules - arrière,4,2,4,1,1,1,1,0,1,30,2,2,1,0,0,1,22.0,52.0,voiture,voiture,2,2,2,1,2
202200044120,2022-12-03 00:30:00,2022,12,3,0,30,75,75117,AVENUE DE NEUILLY,48.878675,2.280071,Nuit avec éclairage allumé,En agglomération,Intersection en X,Normale,Deux véhicules - côté,4,1,3,0,1,1,2,0,1,30,2,3,2,0,0,1,40.0,39.0,voiture,voiture,5,2,2,1,3
202200044121,2022-07-11 13:10:00,2022,7,11,13,10,91,91421,NATIONALE 6 (PARTIE FORET),48.68351,2.48991,Plein jour,En agglomération,Hors intersection,Normale,Trois véhicules et plus - en chaîne,3,3,4,0,1,1,1,0,1,50,4,4,3,0,0,1,63.0,31.0,utilitaire_camion,voiture,1,2,1,1,4
202200044122,2022-12-02 18:05:00,2022,12,2,18,5,75,75117,PLACE CHARLES DE GAULLE,48.874038,2.294248,Nuit avec éclairage allumé,En agglomération,Place,Pluie légère,Deux véhicules - côté,4,4,5,0,1,2,2,0,1,30,2,2,1,0,0,1,62.0,60.0,deux_roues,voiture,5,2,7,2,3
202200044123,2022-07-11 20:45:00,2022,7,11,20,45,91,91589,BD ARISTIDE BRIAND,48.68623,2.35054,Plein jour,En agglomération,Hors intersection,Normale,Trois véhicules et plus - en chaîne,3,2,1,0,1,1,1,0,1,50,3,3,2,0,0,1,29.0,24.0,deux_roues,voiture,1,2,1,1,4
202200044124,2022-12-02 03:50:00,2022,12,2,3,50,75,75117,AVENUE DE VILLIERS,48.883818,2.304762,Nuit avec éclairage allumé,En agglomération,Intersection en X,Normale,Autre collision,4,2,4,0,1,1,1,0,1,30,1,3,2,0,0,1,21.0,,voiture,,5,2,2,1,6
202200044125,2022-07-11 08:30:00,2022,7,11,8,30,87,87085,SAINT MAURICE (BOULEVARD),45.83082,1.26625,Plein jour,En agglomération,Hors intersection,Normale,Autre collision,4,2,2,0,1,1,1,0,1,30,1,2,1,0,0,1,55.0,,voiture,,1,2,1,1,6
202200044126,2022-12-02 02:35:00,2022,12,2,2,35,75,75117,AVENUE DES TERNES,48.880593,2.285786,Nuit avec éclairage allumé,En agglomération,Intersection en X,Normale,Autre collision,4,1,4,0,1,1,1,8,1,30,1,1,0,0,1,0,33.0,,deux_roues,,5,2,2,1,6
202200044127,2022-07-10 16:30:00,2022,7,10,16,30,87,87085,VIGENAL (BOULEVARD DU),45.85266,1.25923,Plein jour,En agglomération,Intersection en X,Normale,Deux véhicules - côté,4,3,5,0,1,1,1,5,1,50,2,2,1,0,0,1,24.0,44.0,voiture,voiture,1,2,2,1,3
202200044128,2022-12-02 17:30:00,2022,12,2,17,30,75,75115,RUE DE LA CONVENTION,48.836304,2.299672,Nuit avec éclairage allumé,En agglomération,Intersection en T,Pluie légère,Autre collision,4,2,2,0,1,1,2,0,1,30,1,2,1,0,0,1,27.0,,deux_roues,,5,2,3,2,6
202200044129,2022-12-03 18:05:00,2022,12,3,18,5,75,75114,BOULEVARD EDGAR QUINET,48.839704,2.329577,Nuit avec éclairage allumé,En agglomération,Hors intersection,Normale,Autre collision,4,3,3,0,1,1,1,0,1,30,1,2,1,0,0,1,24.0,,deux_roues,,5,2,1,1,6
202200044130,2022-12-03 10:40:00,2022,12,3,10,40,75,75114,RUE DU CHATEAU,48.833802,2.323021,Plein jour,En agglomération,Hors intersection,Temps couvert,Deux véhicules - côté,4,1,2,2,1,1,2,0,5,30,2,2,1,0,0,1,46.0,56.0,voiture,deux_roues,1,2,1,8,3
202200044131,2022-07-11 11:30:00,2022,7,11,11,30,83,83090,LAGOUBRAN (CHEMIN DE),43.12426,5.87893,Plein jour,En agglomération,Giratoire,Normale,Autre collision,4,1,0,0,1,1,1,0,1,50,1,2,1,0,0,1,59.0,,voiture,,1,2,6,1,6
202200044132,2022-12-02 20:36:00,2022,12,2,20,36,75,75114,RUE DU DEPART,48.841666,2.322337,Nuit avec éclairage allumé,En agglomération,Intersection en T,Pluie légère,Deux véhicules - côté,4,1,4,3,1,1,2,0,6,30,2,2,1,0,0,1,30.0,,deux_roues,voiture,5,2,3,2,3
202200044133,2022-07-11 07:40:00,2022,7,11,7,40,83,83137,HUBA (CHEMIN DE 2645 A 4781,43.15311,5.91705,Plein jour,En agglomération,Intersection en T,Normale,Deux véhicules - arrière,4,2,2,0,2,1,1,0,1,50,2,2,1,0,0,1,22.0,53.0,voiture,deux_roues,1,2,3,1,2
202200044134,2022-12-01 15:00:00,2022,12,1,15,0,75,75114,RUE GEORGES DE PORTO RICHE,48.822136,2.326691,Plein jour,En agglomération,Intersection en X,Temps couvert,Deux véhicules - côté,4,2,1,0,1,1,1,0,1,30,2,2,1,0,0,1,38.0,26.0,utilitaire_camion,deux_roues,1,2,2,8,3
202200044135,2022-07-10 13:15:00,2022,7,10,13,15,81,81163,RD 118,43.45557,2.34767,Plein jour,Hors agglomération,Intersection en T,Normale,Deux véhicules - frontale,3,2,2,0,1,1,1,0,1,80,2,3,1,0,0,2,62.0,25.0,voiture,voiture,1,1,3,1,1
202200044136,2022-07-10 05:45:00,2022,7,10,5,45,81,81163,RESSE,43.48252,2.37597,Crépuscule ou aube,En agglomération,Hors intersection,Normale,Autre collision,3,2,2,0,1,3,1,0,1,50,1,1,0,0,0,1,31.0,,voiture,,2,2,1,1,6
202200044137,2022-12-02 21:00:00,2022,12,2,21,0,75,75113,AVENUE PIERRE DE COUBERTIN,48.818919,2.344451,Nuit avec éclairage allumé,En agglomération,Intersection en X,Pluie légère,Deux véhicules - côté,4,2,4,0,1,1,2,0,1,30,2,2,1,0,0,1,26.0,56.0,deux_roues,voiture,5,2,2,2,3
202200044138,2022-07-08 04:25:00,2022,7,8,4,25,80,80725,VICTOR HUGO (RUE),49.8676905934,2.2378563883,Nuit avec éclairage allumé,En agglomération,Hors intersection,Normale,Trois véhicules et plus - en chaîne,3,2,2,0,1,1,1,0,1,50,1,1,0,0,0,1,23.0,,voiture,,5,2,1,1,4
202200044139,2022-12-02 15:00:00,2022,12,2,15,0,75,75112,ROUTE DE LA PYRAMIDE,48.829041,2.451798,Plein jour,En agglomération,Hors intersection,Temps couvert,Deux véhicules - côté,4,2,2,0,1,1,1,9,1,30,2,2,1,0,0,1,64.0,,deux_roues,voiture,1,2,1,8,3
202200044140,2022-12-03 19:30:00,2022,12,3,19,30,75,75104,BOULEVARD BEAUMARCHAIS,48.855826,2.368497,Nuit avec éclairage allumé,En agglomération,Intersection en X,Normale,Deux véhicules - côté,4,2,6,0,1,1,1,0,1,30,2,3,1,0,0,2,42.0,19.0,voiture,deux_roues,5,2,2,1,3
202200044141,2022-07-11 15:50:00,2022,7,11,15,50,76,76103,Route de Paris,49.42799,1.1176,Plein jour,En agglomération,Intersection en T,Normale,Deux véhicules - côté,7,2,2,3,2,1,1,-1,1,30,2,2,1,0,0,1,20.0,21.0,voiture,deux_roues,1,2,3,1,3
202200044142,2022-12-02 14:50:00,2022,12,2,14,50,75,75111,BOULEVARD VOLTAIRE,48.864186,2.369414,Plein jour,En agglomération,Intersection en X,Normale,Autre collision,4,2,4,0,1,1,1,0,1,30,1,2,1,0,0,1,46.0,,voiture,,1,2,2,1,6
202200044143,2022-07-10 01:30:00,2022,7,10,1,30,76,76270,D6382,49.52923,0.14791,Nuit sans éclairage public,Hors agglomération,Hors intersection,Normale,Trois véhicules et plus - en chaîne,3,3,4,0,1,1,1,0,2,90,3,3,2,0,0,1,26.0,43.0,voiture,voiture,3,1,1,1,4
202200044144,2022-12-03 03:00:00,2022,12,3,3,0,75,75110,RUE DE MAUBEUGE,48.879685,2.34953,Nuit avec éclairage allumé,En agglomération,Intersection à plus de 4 branches,Normale,Deux véhicules - côté,4,1,2,0,2,1,2,0,5,30,2,2,1,0,0,1,25.0,51.0,deux_roues,voiture,5,2,5,1,3
202200044145,2022-07-08 13:50:00,2022,7,8,13,50,76,76351,CASIMIR DELAVIGNE,49.49386,0.11837,Plein jour,En agglomération,Intersection en X,Normale,Deux véhicules - côté,4,2,2,2,1,1,1,0,1,50,2,2,1,0,0,1,45.0,47.0,deux_roues,utilitaire_camion,1,2,2,1,3
202200044146,2022-12-02 23:28:00,2022,12,2,23,28,75,75109,BOULEVARD MONTMARTRE,48.87149,2.343066,Nuit avec éclairage allumé,En agglomération,Intersection en X,Pluie légère,Deux véhicules - côté,4,2,4,1,1,1,2,0,5,30,2,2,1,0,0,1,24.0,35.0,voiture,deux_roues,5,2,2,2,3
202200044147,2022-07-10 20:45:00,2022,7,10,20,45,72,72003,GAULLE CHARLES DE (AV),47.9726499282,0.0994527338,Plein jour,En agglomération,Giratoire,Normale,Deux véhicules - arrière,3,1,2,1,1,2,1,0,1,50,2,2,1,0,0,1,56.0,41.0,deux_roues,voiture,1,2,6,1,2
202200044148,2022-07-10 16:58:00,2022,7,10,16,58,72,72181,DURAND GEORGES (AV) N° IMP 1 A 141,47.97822,0.21232,Plein jour,En agglomération,Autre intersection,Normale,Deux véhicules - arrière,4,1,2,0,1,1,1,0,1,50,2,2,1,0,0,1,52.0,46.0,utilitaire_camion,deux_roues,1,2,9,1,2
202200044149,2022-12-02 17:30:00,2022,12,2,17,30,75,75109,BOULEVARD DES ITALIENS,48.871049,2.334181,Nuit avec éclairage allumé,En agglomération,Intersection en X,Pluie légère,Deux véhicules - côté,4,2,3,0,1,1,2,0,1,30,2,2,1,0,0,1,46.0,43.0,voiture,deux_roues,5,2,2,2,3
202200044150,2022-12-03 18:30:00,2022,12,3,18,30,75,75101,PLACE DE LA CONCORDE,48.866787,2.322094,Crépuscule ou aube,En agglomération,Place,Normale,Deux véhicules - côté,4,-1,3,0,1,1,1,0,1,30,2,2,1,0,0,1,55.0,32.0,deux_roues,voiture,2,2,7,1,3
202200044151,2022-07-11 18:52:00,2022,7,11,18,52,71,71475,CHAMP ROSEY (RUE DU),46.77108,4.82963,Plein jour,En agglomération,Intersection en X,Normale,Deux véhicules - côté,4,-1,2,0,1,1,1,0,1,50,2,4,1,0,0,3,48.0,16.0,voiture,deux_roues,1,2,2,1,3
202200044152,2022-07-09 18:00:00,2022,7,9,18,0,71,71076,VERDUN (AVENUE),46.7764777019,4.8668287396,Plein jour,En agglomération,Intersection en T,Normale,Deux véhicules - côté,4,2,3,2,1,1,1,0,1,50,2,2,1,0,1,0,24.0,34.0,deux_roues,voiture,1,2,3,1,3
202200044153,2022-12-02 10:55:00,2022,12,2,10,55,75,75102,BOULEVARD DES ITALIENS,48.871969,2.340023,Plein jour,En agglomération,Intersection en X,Temps couvert,Deux véhicules - côté,4,-1,5,0,1,1,1,0,1,30,2,2,1,0,0,1,51.0,60.0,deux_roues,voiture,1,2,2,8,3
202200044154,2022-04-29 15:50:00,2022,4,29,15,50,71,71076,ANDRE (RUE DU LIEUTENANT),46.7959,4.8545,Plein jour,En agglomération,Hors intersection,Normale,Deux véhicules - frontale,4,2,2,0,1,1,1,0,1,50,2,2,1,0,0,1,38.0,20.0,voiture,deux_roues,1,2,1,1,1
202200044155,2022-12-01 18:20:00,2022,12,1,18,20,94,94067,FOCH (AV),48.84518,2.42022,Nuit avec éclairage allumé,En agglomération,Intersection en X,Normale,Deux véhicules - côté,3,2,2,0,1,1,1,0,1,30,2,2,1,0,0,1,24.0,66.0,voiture,deux_roues,5,2,2,1,3
202200044156,2022-07-11 22:00:00,2022,7,11,22,0,69,69259,Rue Anatole France,45.722245941,4.8898975449,Nuit avec éclairage allumé,En agglomération,Hors intersection,Normale,Deux véhicules - côté,4,2,2,0,1,1,1,0,1,50,2,3,1,0,0,2,31.0,52.0,voiture,voiture,5,2,1,1,3
202200044157,2022-12-03 20:30:00,2022,12,3,20,30,94,94043,FONTAINEBLEAU (AV DE),48.80947,2.36236,Nuit sans éclairage public,En agglomération,Hors intersection,Normale,Autre collision,3,2,4,3,1,1,1,0,1,50,1,2,1,0,0,1,20.0,,deux_roues,,3,2,1,1,6
202200044158,2022-07-11 18:00:00,2022,7,11,18,0,69,69259,Rue Carnot,45.7037081875,4.880156069,Plein jour,En agglomération,Intersection en X,Normale,Deux véhicules - côté,4,1,1,2,1,1,1,0,1,50,2,5,2,0,0,3,34.0,36.0,voiture,voiture,1,2,2,1,3
202200044159,2022-12-03 18:50:00,2022,12,3,18,50,94,94041,PAUL VAILLANT COUTURIER (BD),48.81911,2.39619,Nuit avec éclairage allumé,En agglomération,Hors intersection,Normale,Deux véhicules - côté,9,2,2,0,1,1,9,1,6,10,2,3,2,0,0,1,,42.0,voiture,voiture,5,2,1,1,3
202200044160,2022-07-10 19:00:00,2022,7,10,19,0,67,67482,OBERHAUSBERGEN (ROUTE D ),48.59526,7.70952,Plein jour,En agglomération,Hors intersection,Normale,Deux véhicules - côté,4,2,4,1,1,1,1,0,1,50,2,2,1,0,0,1,45.0,77.0,deux_roues,deux_roues,1,2,1,1,3
202200044161,2022-12-03 15:57:00,2022,12,3,15,57,94,94041,ERNEST RENAN (R),48.80589,2.40009,Plein jour,En agglomération,Hors intersection,Temps couvert,Trois véhicules et plus - en chaîne,4,2,2,0,1,4,1,0,1,50,3,3,2,0,1,0,,63.0,voiture,voiture,1,2,1,8,4
202200044162,2022-07-10 14:30:00,2022,7,10,14,30,67,67482,STOSSWIHR (RUE DE),48.56822,7.77367,Plein jour,Hors agglomération,Hors intersection,Normale,Autre collision,4,2,2,0,1,1,1,0,1,30,1,2,1,0,0,1,22.0,,voiture,,1,1,1,1,6
202200044163,2022-11-29 12:50:00,2022,11,29,12,50,94,94033,Avenue Parmentier / Avenue Ernest Renan / Avenue Danton,48.85582,2.45748,Plein jour,En agglomération,Intersection en X,Normale,Deux véhicules - côté,4,2,2,0,1,1,1,0,1,50,2,2,1,0,0,1,23.0,32.0,utilitaire_camion,deux_roues,1,2,2,1,3
202200044164,2022-07-09 17:55:00,2022,7,9,17,55,67,67482,FUSTEL DE COULANGES (QUAI),48.575179725,7.753200084,Plein jour,En agglomération,Hors intersection,Normale,Deux véhicules - côté,4,2,4,0,1,1,1,0,1,50,2,2,1,0,0,1,24.0,69.0,deux_roues,voiture,1,2,1,1,3
202200044165,2022-12-03 17:00:00,2022,12,3,17,0,94,94019,Rue Clément Ader,48.80068,2.55287,Nuit avec éclairage allumé,En agglomération,Hors intersection,Normale,Autre collision,4,2,2,0,1,1,1,0,1,50,1,2,1,0,0,1,22.0,,deux_roues,,5,2,1,1,6
202200044166,2022-12-03 18:20:00,2022,12,3,18,20,94,94018,Rue de l'Archeveché / Rue Jean Pigeon,48.8217952372,2.4068936706,Nuit avec éclairage allumé,En agglomération,Intersection en T,Temps couvert,Sans collision,4,1,1,0,2,1,1,0,1,30,1,1,0,0,0,1,29.0,,deux_roues,,5,2,3,8,7
202200044167,2022-07-08 20:10:00,2022,7,8,20,10,67,67482,MOLIERE (AVENUE),48.59712,7.70353,Plein jour,En agglomération,Intersection en T,Normale,Deux véhicules - côté,4,2,2,1,1,1,1,0,1,50,2,5,2,0,0,3,51.0,23.0,voiture,voiture,1,2,3,1,3
202200044168,2022-07-08 11:50:00,2022,7,8,11,50,67,67482,COLMAR (AVENUE DE),48.55373,7.74407,Plein jour,En agglomération,Hors intersection,Normale,Autre collision,4,3,8,1,1,1,1,5,1,50,1,2,1,0,1,0,54.0,,voiture,,1,2,1,1,6
202200044169,2022-12-03 21:30:00,2022,12,3,21,30,93,93066,Rue du Port,48.9359,2.3418,Nuit sans éclairage public,En agglomération,Hors intersection,Normale,Deux véhicules - frontale,3,2,2,3,1,1,1,2,1,50,2,2,1,0,0,1,32.0,46.0,voiture,deux_roues,3,2,1,1,1
202200044170,2022-12-03 05:00:00,2022,12,3,5,0,93,93077,Grande Rue / Rue du Parc,48.88255,2.52481,Nuit avec éclairage allumé,En agglomération,Intersection en X,Normale,Deux véhicules - côté,3,2,2,0,1,1,1,0,1,50,2,3,2,0,0,1,35.0,48.0,utilitaire_camion,utilitaire_camion,5,2,2,1,3
202200044171,2022-07-07 20:05:00,2022,7,7,20,5,67,67365,GEISPOLSHEIM (RUE DE),48.54072,7.70381,Plein jour,En agglomération,Intersection en T,Normale,Deux véhicules - côté,7,2,4,1,1,1,1,0,1,50,2,2,1,0,0,1,22.0,61.0,voiture,deux_roues,1,2,3,1,3
202200044172,2022-12-02 22:36:00,2022,12,2,22,36,93,93031,Avenue Léon Blum / Rue de la Bruyère,48.96036,2.31631,Nuit avec éclairage allumé,En agglomération,Intersection en T,Pluie légère,Autre collision,4,2,2,0,1,1,2,0,1,50,1,2,1,0,0,1,,,utilitaire_camion,,5,2,3,2,6
202200044173,2022-12-03 21:00:00,2022,12,3,21,0,92,92051,"BINEAU (BOULEVARD, N°133 A 217 ET 134 A",48.8893576996,2.2729237676,Nuit avec éclairage allumé,En agglomération,Autre intersection,Normale,Deux véhicules - frontale,3,3,2,0,1,1,1,0,1,50,2,2,1,0,0,1,21.0,35.0,deux_roues,deux_roues,5,2,9,1,1
202200044174,2022-07-09 23:45:00,2022,7,9,23,45,66,66136,WALDECK-ROUSSEAU (RENE),42.69426,2.90226,Nuit avec éclairage allumé,En agglomération,Intersection en T,Normale,Deux véhicules - côté,4,2,1,0,1,1,1,0,1,30,2,4,2,0,1,1,41.0,22.0,voiture,voiture,5,2,3,1,3
202200044175,2022-12-03 01:22:00,2022,12,3,1,22,92,92044,VIC. HUGO(RUE)001A067 ET002A078,48.8955051195,2.2968772352,Nuit avec éclairage allumé,En agglomération,Intersection en X,Normale,Deux véhicules - arrière,3,1,2,0,1,1,2,0,1,50,2,2,1,0,0,1,39.0,36.0,voiture,voiture,5,2,2,1,2
202200044176,2022-12-04 11:00:00,2022,12,4,11,0,01,01333,D43,45.912056,4.909757,Plein jour,Hors agglomération,Hors intersection,Pluie légère,Trois véhicules et plus - collisions multiples,3,2,2,0,1,1,2,0,1,80,3,3,2,1,0,0,60.0,25.0,deux_roues,voiture,1,1,1,2,5
202200044177,2022-07-08 18:15:00,2022,7,8,18,15,66,66136,PERTHUS (DU),42.65986,2.88305,Plein jour,En agglomération,Hors intersection,Normale,Deux véhicules - arrière,3,2,2,0,1,1,1,0,1,80,2,3,2,0,0,1,39.0,40.0,voiture,voiture,1,2,1,1,2
202200044178,2022-12-03 13:00:00,2022,12,3,13,0,49,49092,D961,47.311624,-0.744474,Plein jour,Hors agglomération,Intersection en X,Temps couvert,Trois véhicules et plus - collisions multiples,3,2,2,0,1,1,2,0,1,90,3,5,4,0,0,1,18.0,25.0,voiture,voiture,1,1,2,8,5
202200044179,2022-07-11 20:50:00,2022,7,11,20,50,64,64024,Allée d' Aguiléra,43.48753,-1.5353,Plein jour,En agglomération,Intersection à plus de 4 branches,Normale,Deux véhicules - côté,4,2,2,0,1,1,1,0,1,50,2,2,1,0,0,1,16.0,33.0,voiture,voiture,1,2,5,1,3
202200044180,2022-12-04 11:40:00,2022,12,4,11,40,74,74238,D902,46.247081,6.636625,Nuit avec éclairage allumé,Hors agglomération,Hors intersection,Normale,Deux véhicules - frontale,3,2,2,0,1,2,9,1,1,80,2,2,1,0,1,0,64.0,22.0,deux_roues,utilitaire_camion,5,1,1,1,1
202200044181,2022-12-03 13:15:00,2022,12,3,13,15,10,10412,D960,48.336324,4.159269,Plein jour,Hors agglomération,Hors intersection,Normale,Autre collision,3,2,2,0,1,1,1,0,3,90,1,1,0,0,1,0,44.0,,voiture,,1,1,1,1,6
202200044182,2022-07-11 08:10:00,2022,7,11,8,10,64,64102,Rue de Baltet,43.48676,-1.48295,Plein jour,En agglomération,Giratoire,Normale,Deux véhicules - côté,4,2,2,0,1,1,1,5,1,50,2,2,1,0,0,1,81.0,62.0,deux_roues,voiture,1,2,6,1,3
202200044183,2022-12-04 15:30:00,2022,12,4,15,30,86,86233,40 Rue du Bac,46.480914,0.647665,Plein jour,En agglomération,Hors intersection,Normale,Autre collision,3,2,2,0,1,1,1,0,1,50,1,2,0,0,2,0,30.0,,voiture,,1,2,1,1,6
202200044184,2022-07-08 19:43:00,2022,7,8,19,43,63,63113,CLEMENTEL (BD ETIENNE)/ Solayer,45.80912,3.10921,Plein jour,En agglomération,Intersection en X,Normale,Deux véhicules - côté,7,3,4,0,1,1,1,0,1,50,2,2,1,0,0,1,69.0,26.0,voiture,deux_roues,1,2,2,1,3
202200044185,2022-12-04 01:55:00,2022,12,4,1,55,67,67437,D1404,48.732608,7.388939,Nuit sans éclairage public,Hors agglomération,Hors intersection,Normale,Deux véhicules - côté,3,2,2,0,1,1,1,0,1,90,2,5,1,0,0,4,36.0,41.0,voiture,voiture,3,1,1,1,3
202200044186,2022-06-29 00:00:00,2022,6,29,0,0,62,62724,Boulevard Fosse 2,50.401898,2.90656,Nuit avec éclairage allumé,En agglomération,Giratoire,Normale,Deux véhicules - côté,4,2,0,0,1,1,1,0,1,50,2,3,2,0,1,0,13.0,19.0,deux_roues,voiture,5,2,6,1,3
202200044187,2022-12-03 16:10:00,2022,12,3,16,10,35,35310,A84,48.366202908,-1.3046452403,Plein jour,Hors agglomération,Hors intersection,Normale,Autre collision,1,3,4,0,1,1,1,0,1,130,1,1,0,0,0,1,27.0,,voiture,,1,1,1,1,6
202200044188,2022-07-11 15:45:00,2022,7,11,15,45,59,59328,BONTE AUGUSTE RUE,50.6450951759,3.0220842359,Plein jour,En agglomération,Autre intersection,Normale,Deux véhicules - frontale,7,2,2,0,1,1,1,0,1,50,2,2,1,0,1,0,37.0,39.0,deux_roues,transport_commun,1,2,9,1,1
202200044189,2022-12-04 18:50:00,2022,12,4,18,50,22,22093,RN12,48.474583749,-2.5682709965,Nuit sans éclairage public,Hors agglomération,Hors intersection,Normale,Deux véhicules - arrière,2,3,4,0,2,1,1,0,1,110,2,4,0,0,0,4,22.0,64.0,voiture,voiture,3,1,1,1,2
202200044190,2022-06-27 09:20:00,2022,6,27,9,20,59,59350,CARNOT SADI BV. N°PAIRS,50.63935,3.06795,Plein jour,En agglomération,Intersection en X,Normale,Deux véhicules - côté,4,2,0,0,1,1,1,0,1,50,2,2,1,0,0,1,22.0,28.0,voiture,voiture,1,2,2,1,3
202200044191,2022-12-02 08:45:00,2022,12,2,8,45,62,62849,D142E2,50.401324,1.646836,Plein jour,En agglomération,Hors intersection,Normale,Deux véhicules - frontale,3,2,2,0,1,1,1,0,1,50,2,2,1,0,0,1,22.0,22.0,deux_roues,voiture,1,2,1,1,1
202200044192,2022-07-10 15:54:00,2022,7,10,15,54,56,56083,ALLENDE ( AV. PRES. SALVADOR ),47.8106603,-3.2523661,Plein jour,Hors agglomération,Intersection en X,Temps éblouissant,Deux véhicules - côté,3,2,2,0,2,1,1,0,1,70,2,2,1,0,0,1,69.0,28.0,voiture,deux_roues,1,1,2,7,3
202200044193,2022-12-04 15:15:00,2022,12,4,15,15,30,30308,D212,43.974845,4.418547,Plein jour,Hors agglomération,Hors intersection,Normale,Deux véhicules - côté,3,2,2,0,1,2,2,0,1,80,2,2,1,0,1,0,17.0,38.0,deux_roues,voiture,1,1,1,1,3
202200044194,2022-07-08 07:55:00,2022,7,8,7,55,56,56121,BRASSENS (RUE  GEORGES ),47.75708,-3.38808,Plein jour,En agglomération,Giratoire,Temps éblouissant,Deux véhicules - côté,4,2,2,0,1,1,1,5,1,30,2,2,1,0,0,1,59.0,51.0,voiture,deux_roues,1,2,6,7,3
202200044195,2022-12-03 16:40:00,2022,12,3,16,40,79,79334,,46.145979,-0.602365,Crépuscule ou aube,En agglomération,Intersection en T,Normale,Deux véhicules - côté,4,2,2,0,1,1,1,0,1,50,2,2,1,0,1,0,68.0,53.0,voiture,utilitaire_camion,2,2,3,1,3