accident_id,datetime,annee,mois,jour,heure,minute,departement,commune_insee,adresse,latitude,longitude,luminosite,agglomeration,intersection,meteo,collision,catr,circ,nbv,vosp,prof,plan,surf,infra,situ,vma,nb_vehicules,nb_usagers,nb_indemnes,nb_tues,nb_blesses_hosp,nb_blesses_legers,age_cond_1,age_cond_2,veh_type_cond_1,veh_type_cond_2,lum_code,agg_code,int_code,atm_code,col_code
202200044287,2022-07-11 08:30:00,2022,7,11,8,30,94,94041,Boulevard Hippolyte Marquès,48.819027,2.372521,Plein jour,En agglomération,Autre intersection,Temps éblouissant,Deux véhicules - côté,3,1,0,0,2,1,1,0,1,50,2,3,1,0,0,2,40.0,32.0,voiture,deux_roues,1,2,9,7,3
202200044288,2022-12-02 16:15:00,2022,12,2,16,15,93,93066,Boulevard Carnot / Rue Gabriel Péri,48.93853,2.35598,Plein jour,En agglomération,Intersection en T,Pluie légère,Deux véhicules - côté,4,2,2,2,1,1,2,0,1,50,2,4,3,0,0,1,44.0,56.0,voiture,deux_roues,1,2,3,2,3
202200044289,2022-07-11 05:35:00,2022,7,11,5,35,94,94041,LUCIEN NADAIRE (R),48.802481,2.393907,Crépuscule ou aube,En agglomération,Hors intersection,Normale,Sans collision,4,2,2,0,2,1,1,0,1,50,1,1,0,0,0,1,43.0,,deux_roues,,2,2,1,1,7
202200044290,2022-02-22 14:20:00,2022,2,22,14,20,91,91086,RN 104,48.62366,2.38185,Plein jour,Hors agglomération,Hors intersection,Pluie légère,Trois véhicules et plus - en chaîne,2,1,2,0,1,1,2,0,1,90,3,3,2,0,0,1,29.0,54.0,voiture,voiture,1,1,1,2,4
202200044291,2022-02-22 09:35:00,2022,2,22,9,35,94,94065,N186,48.7548,2.3455,Plein jour,Hors agglomération,Hors intersection,Normale,Deux véhicules - côté,2,3,2,0,1,1,1,0,1,90,2,2,1,0,0,1,34.0,24.0,deux_roues,voiture,1,1,1,1,3
202200044292,2022-07-11 10:55:00,2022,7,11,10,55,94,94073,ALOUETTES (R DES),48.7529,2.3722,Plein jour,En agglomération,Hors intersection,Normale,Deux véhicules - côté,3,2,2,0,1,1,1,0,1,50,2,5,3,0,0,2,20.0,52.0,voiture,voiture,1,2,1,1,3
202200044293,2022-07-11 06:25:00,2022,7,11,6,25,94,94065,RN 186,48.75337,2.35678,Plein jour,Hors agglomération,Hors intersection,Normale,Deux véhicules - côté,2,1,8,0,1,1,1,0,1,90,2,2,1,0,0,1,43.0,34.0,voiture,deux_roues,1,1,1,1,3
202200044294,2022-02-21 11:42:00,2022,2,21,11,42,92,92002,AUTOROUTE A86,48.7634,2.3062,Plein jour,Hors agglomération,Hors intersection,Normale,Trois véhicules et plus - en chaîne,1,3,4,0,1,1,1,1,1,90,5,5,4,0,0,1,44.0,46.0,voiture,voiture,1,1,1,1,4
202200044295,2022-07-11 15:30:00,2022,7,11,15,30,94,94017,Boulevard des Alliés / A4,48.82993,2.4898,Plein jour,Hors agglomération,Giratoire,Normale,Deux véhicules - côté,1,1,1,0,1,1,1,3,1,30,2,2,1,0,0,1,19.0,48.0,deux_roues,voiture,1,1,6,1,3
202200044296,2022-08-05 10:23:00,2022,8,5,10,23,38,38155,Rue de Verdun,45.433289,5.750951,Plein jour,En agglomération,Hors intersection,Normale,Sans collision,3,2,2,0,1,1,1,0,1,50,1,1,0,0,0,1,56.0,,deux_roues,,1,2,1,1,7
202200044297,2022-02-21 09:25:00,2022,2,21,9,25,94,94021,AUTOROUTE A6A,48.76587,2.34347,Plein jour,Hors agglomération,Hors intersection,Normale,Trois véhicules et plus - en chaîne,1,3,3,0,1,1,1,0,1,90,5,6,4,0,0,2,32.0,36.0,voiture,voiture,1,1,1,1,4
202200044298,2022-07-11 11:15:00,2022,7,11,11,15,94,94071,Rue du Pont de Chennevières,48.78452,2.51688,Plein jour,En agglomération,Hors intersection,Normale,Autre collision,3,2,2,0,1,1,1,0,4,50,1,1,0,0,0,1,51.0,,utilitaire_camion,,1,2,1,1,6
202200044299,2022-02-21 16:35:00,2022,2,21,16,35,92,92076,A13,48.8316944107,2.1492061257,Plein jour,Hors agglomération,Hors intersection,Normale,Deux véhicules - arrière,1,-1,3,0,1,1,1,0,1,110,2,2,1,0,0,1,48.0,81.0,utilitaire_camion,voiture,1,1,1,1,2
202200044300,2022-08-20 11:35:00,2022,8,20,11,35,38,38412,836 Av Victor Hugo,45.388576,5.724269,Plein jour,En agglomération,Intersection en T,Temps éblouissant,Deux véhicules - côté,3,2,2,0,1,1,1,0,8,50,2,3,1,0,0,2,43.0,28.0,voiture,deux_roues,1,2,3,7,3
202200044301,2022-07-11 08:55:00,2022,7,11,8,55,94,94002,JOSEPH FRANCESCHI (R)/ Rue Raymond Jaclard,48.80545,2.42142,Plein jour,En agglomération,Intersection en X,Normale,Deux véhicules - frontale,4,1,1,0,1,1,1,0,1,30,1,2,1,0,0,1,43.0,,voiture,,1,2,2,1,1
202200044302,2022-08-19 22:45:00,2022,8,19,22,45,49,49301,D224,47.119227,-1.128405,Nuit avec éclairage allumé,En agglomération,Giratoire,Normale,Sans collision,3,2,2,0,1,1,1,0,1,50,1,2,0,0,2,0,17.0,,deux_roues,,5,2,6,1,7
202200044303,2022-02-22 11:45:00,2022,2,22,11,45,95,95252, A15,48.9787570171,2.2300904989,Plein jour,Hors agglomération,Hors intersection,Temps couvert,Deux véhicules - arrière,1,3,6,0,1,1,1,0,1,50,2,2,1,0,0,1,21.0,66.0,deux_roues,voiture,1,1,1,8,2
202200044304,2022-08-20 11:50:00,2022,8,20,11,50,60,60575,91 Route Nationale,49.289783,2.200431,Plein jour,En agglomération,Hors intersection,Normale,Deux véhicules - côté,3,2,3,0,1,1,1,0,1,50,2,2,1,0,0,1,32.0,31.0,utilitaire_camion,voiture,1,2,1,1,3
202200044305,2022-07-11 13:00:00,2022,7,11,13,0,93,93078,Avenue Georges Clémenceau / Avenue Charles de Gaulle,48.95818,2.55828,Plein jour,En agglomération,Intersection en X,Normale,Deux véhicules - arrière,3,3,4,0,1,1,1,0,1,50,2,2,1,0,0,1,38.0,59.0,deux_roues,voiture,1,2,2,1,2
202200044306,2022-02-22 09:40:00,2022,2,22,9,40,93,93066,AUTOROUTE A1,48.9189934371,2.3572939965,Plein jour,Hors agglomération,Hors intersection,Temps couvert,Deux véhicules - côté,1,3,4,0,1,1,1,0,1,90,2,2,1,0,0,1,28.0,28.0,voiture,deux_roues,1,1,1,8,3
202200044307,2022-07-10 18:20:00,2022,7,10,18,20,93,93066,Rue Cristino Garcia,48.9164971886,2.3624199629,Plein jour,En agglomération,Autre intersection,Normale,Deux véhicules - côté,4,1,1,0,1,1,1,0,1,30,2,3,1,0,0,2,45.0,28.0,deux_roues,voiture,1,2,9,1,3
202200044308,2022-08-19 08:45:00,2022,8,19,8,45,13,13215,A7-Sens Marseille vers Lyon,43.3755164892,5.3601513865,Plein jour,Hors agglomération,Hors intersection,Normale,Deux véhicules - côté,1,1,1,0,2,3,1,0,1,50,2,3,2,0,0,1,25.0,19.0,voiture,voiture,1,1,1,1,3
202200044309,2022-02-22 09:30:00,2022,2,22,9,30,95,95641, A1,49.0700515816,2.5524652004,Plein jour,Hors agglomération,Hors intersection,Normale,Deux véhicules - côté,1,3,6,0,1,1,1,0,1,130,2,2,1,0,0,1,31.0,62.0,voiture,voiture,1,1,1,1,3
202200044310,2022-02-22 16:30:00,2022,2,22,16,30,94,94028,A86 EXT,48.7993064362,2.4458060166,Plein jour,Hors agglomération,Hors intersection,Normale,Deux véhicules - arrière,1,3,4,0,1,1,1,0,1,90,2,2,1,0,0,1,28.0,32.0,voiture,utilitaire_camion,1,1,1,1,2
202200044311,2022-07-10 21:39:00,2022,7,10,21,39,93,93064,PERI (BOULEVARD GABRIEL) 39 / 44 - FIN,48.87865,2.47268,Nuit avec éclairage allumé,En agglomération,Hors intersection,Normale,Deux véhicules - arrière,3,2,2,0,1,1,1,0,1,50,2,4,3,0,0,1,25.0,25.0,voiture,voiture,5,2,1,1,2
202200044312,2022-08-19 12:35:00,2022,8,19,12,35,33,33162,ROCADE A 630,44.8779711972,-0.6307911873,Plein jour,Hors agglomération,Hors intersection,Normale,Deux véhicules - arrière,1,3,6,0,1,1,1,0,1,90,2,4,2,0,0,2,32.0,21.0,voiture,voiture,1,1,1,1,2
202200044313,2022-07-11 20:25:00,2022,7,11,20,25,93,93055,Rue Davoust,48.8999057181,2.3944965005,Crépuscule ou aube,En agglomération,Hors intersection,Normale,Autre collision,4,1,1,0,1,1,1,0,1,50,1,1,0,0,1,0,26.0,,deux_roues,,2,2,1,1,6
202200044314,2022-02-20 23:00:00,2022,2,20,23,0,94,94017,A4,48.82962,2.49836,Nuit avec éclairage allumé,Hors agglomération,Hors intersection,Pluie légère,Deux véhicules - arrière,1,3,8,0,1,1,2,2,1,90,2,2,1,0,0,1,50.0,26.0,voiture,voiture,5,1,1,2,2
202200044315,2022-08-17 05:20:00,2022,8,17,5,20,33,33075,ROCADE A 630,44.8893,-0.60109,Nuit sans éclairage public,Hors agglomération,Hors intersection,Normale,Deux véhicules - arrière,1,3,6,0,1,1,1,0,1,90,2,2,1,0,0,1,38.0,36.0,voiture,voiture,3,1,1,1,2
202200044316,2022-07-11 17:45:00,2022,7,11,17,45,93,93079,Route de Saint-leu / Avenue Jean-baptiste Clément,48.952828,2.337328,Plein jour,En agglomération,Intersection en T,Normale,Deux véhicules - côté,3,2,2,2,1,1,1,0,1,50,2,2,1,0,0,1,43.0,31.0,voiture,deux_roues,1,2,3,1,3
202200044317,2022-08-19 14:30:00,2022,8,19,14,30,95,95277,A3,48.980057377,2.4968469143,Plein jour,Hors agglomération,Hors intersection,Normale,Deux véhicules - côté,1,3,4,0,1,1,1,0,1,90,2,2,1,0,0,1,50.0,26.0,deux_roues,voiture,1,1,1,1,3
202200044318,2022-02-20 01:35:00,2022,2,20,1,35,77,77175,RN104,48.667755,2.612548,Nuit sans éclairage public,Hors agglomération,Hors intersection,Pluie légère,Deux véhicules - côté,2,3,6,0,4,1,2,0,1,110,2,6,1,0,0,5,44.0,44.0,voiture,voiture,3,1,1,2,3
202200044319,2022-07-11 19:45:00,2022,7,11,19,45,93,93027,Avenue Henri Barbusse / Rue Paul Verlaine,48.9321,2.39185,Plein jour,En agglomération,Intersection en X,Normale,Deux véhicules - côté,3,3,4,1,1,2,1,0,1,50,2,2,1,0,0,1,14.0,34.0,deux_roues,voiture,1,2,2,1,3
202200044320,2022-08-18 18:15:00,2022,8,18,18,15,38,38185,RHIN ET DANUBE (AVENUE),45.17932,5.70539,Plein jour,En agglomération,Hors intersection,Normale,Autre collision,4,2,3,2,1,1,1,0,1,50,1,2,1,0,0,1,,,deux_roues,,1,2,1,1,6
202200044321,2022-07-11 17:20:00,2022,7,11,17,20,93,93008,Rue Claude Bernard,48.9096483284,2.4537679553,Plein jour,En agglomération,Hors intersection,Normale,Deux véhicules - côté,4,2,2,0,1,1,1,0,1,50,2,2,1,0,1,0,52.0,44.0,autre,autre,1,2,1,1,3
202200044322,2022-02-18 19:25:00,2022,2,18,19,25,58,58194,MARECHAL LECLERC,46.99801,3.16552,Nuit avec éclairage allumé,En agglomération,Intersection en T,Normale,Autre collision,3,2,3,0,1,1,1,0,1,50,1,2,1,0,1,0,69.0,,voiture,,5,2,3,1,6
202200044323,2022-08-18 09:30:00,2022,8,18,9,30,24,24037,MERJIER (RUE),44.85321,0.49111,Plein jour,En agglomération,Autre intersection,Normale,Autre collision,4,2,2,0,1,1,1,0,1,30,1,2,1,0,1,0,53.0,,voiture,,1,2,9,1,6
202200044324,2022-07-10 06:30:00,2022,7,10,6,30,92,92064,MARECHAL FOCH,48.8468938738,2.2142059207,Plein jour,En agglomération,Intersection en X,Normale,Deux véhicules - côté,3,2,2,0,1,1,1,0,1,50,2,2,1,0,0,1,21.0,34.0,deux_roues,voiture,1,2,2,1,3
202200044325,2022-02-17 10:45:00,2022,2,17,10,45,58,58194,RAIE,46.97974,3.12873,Plein jour,En agglomération,Intersection en T,Normale,Autre collision,3,2,2,0,1,1,1,0,1,50,1,2,1,0,0,1,92.0,,voiture,,1,2,3,1,6
202200044326,2022-07-11 20:20:00,2022,7,11,20,20,92,92063,BONS RAISINS (RUE DES),48.8720771446,2.198643744,Plein jour,En agglomération,Hors intersection,Normale,Autre collision,4,2,2,0,1,1,1,0,1,30,1,2,1,0,0,1,24.0,,voiture,,1,2,1,1,6
202200044327,2022-03-25 11:45:00,2022,3,25,11,45,91,91174,BD FONTAINEBLEAU,48.60073,2.47079,Plein jour,En agglomération,Intersection en X,Normale,Deux véhicules - côté,3,2,2,0,2,1,1,0,1,50,2,2,1,0,0,1,25.0,58.0,voiture,voiture,1,2,2,1,3
202200044328,2022-07-11 08:10:00,2022,7,11,8,10,92,92063,COLMAR (AVENUE DE),48.887178,2.179493,Plein jour,En agglomération,Giratoire,Normale,Deux véhicules - côté,3,3,1,0,1,1,1,5,1,50,2,2,1,0,0,1,24.0,35.0,voiture,deux_roues,1,2,6,1,3
202200044329,2022-07-11 07:45:00,2022,7,11,7,45,92,92062,REPUBLIQUE (RUE DE LA) DU 102 AU 200,48.8841838432,2.2359336913,Plein jour,En agglomération,Hors intersection,Normale,Autre collision,3,2,2,0,2,1,1,0,1,50,1,2,1,0,0,1,47.0,,utilitaire_camion,,1,2,1,1,6
202200044330,2022-06-11 14:10:00,2022,6,11,14,10,54,54547,BRIAND (RUE ARISTIDE),48.6730447969,6.1802360415,Plein jour,En agglomération,Hors intersection,Normale,Autre collision,4,2,2,0,1,1,1,9,1,10,1,2,1,0,0,1,32.0,,voiture,,1,2,1,1,6
202200044331,2022-04-13 12:20:00,2022,4,13,12,20,57,57227,,49.1914342272,6.8845165121,Plein jour,En agglomération,Hors intersection,Normale,Sans collision,3,2,2,0,2,2,1,0,3,80,1,2,0,0,0,2,33.0,,voiture,,1,2,1,1,7
202200044332,2022-02-22 07:40:00,2022,2,22,7,40,988,98818,AVENUE JAMES COOK/Voie privé,-22.26808,166.42932,Plein jour,En agglomération,Intersection en T,Normale,Trois véhicules et plus - en chaîne,4,2,2,0,1,1,1,0,1,50,3,5,2,0,0,3,22.0,43.0,voiture,voiture,1,2,3,1,4
202200044333,2022-06-11 10:30:00,2022,6,11,10,30,06,06069,POMPIDOU (AVENUE GEORGES) -RD 6085,43.64547,6.93966,Plein jour,En agglomération,Hors intersection,Normale,Deux véhicules - arrière,4,2,2,0,1,1,1,0,1,50,1,2,1,0,0,1,64.0,,voiture,,1,2,1,1,2
202200044334,2022-07-11 15:45:00,2022,7,11,15,45,92,92026,VERDUN (DE 01 A 61),48.9002696235,2.260890305,Plein jour,En agglomération,Hors intersection,Normale,Autre collision,3,3,0,0,1,1,1,0,6,50,1,1,0,0,0,1,83.0,,deux_roues,,1,2,1,1,6
202200044335,2022-02-21 14:35:00,2022,2,21,14,35,973,97302,ROUTE NATIONALE 1,4.90347,-52.32431,Plein jour,Hors agglomération,Hors intersection,Pluie légère,Deux véhicules - arrière,2,2,4,0,1,1,2,0,1,90,2,3,1,0,1,1,41.0,44.0,deux_roues,voiture,1,1,1,2,2
202200044336,2022-08-18 19:35:00,2022,8,18,19,35,988,98818,ROUTE DE L'ANSE VATA/RUE BICHAT,-22.27711,166.4478,Nuit avec éclairage allumé,En agglomération,Intersection en X,Normale,Deux véhicules - côté,4,1,2,0,2,1,1,0,1,50,2,2,1,1,0,0,64.0,26.0,voiture,deux_roues,5,2,2,1,3
202200044337,2022-07-11 18:40:00,2022,7,11,18,40,92,92012,ANDRE MORIZET (AVENUE) - 49/FIN - 54/FIN,48.838599755,2.2329175472,Plein jour,En agglomération,Hors intersection,Normale,Sans collision,3,2,3,0,1,1,1,0,1,50,1,1,0,0,0,1,37.0,,deux_roues,,1,2,1,1,7
202200044338,2022-06-10 10:55:00,2022,6,10,10,55,976,97611,kaweni-Mangrove (route de la),-12.77582,45.22662,Plein jour,En agglomération,Hors intersection,Normale,Deux véhicules - côté,2,2,2,0,1,1,1,0,1,50,2,2,1,0,0,1,52.0,41.0,voiture,deux_roues,1,2,1,1,3
202200044339,2022-02-21 12:15:00,2022,2,21,12,15,973,97302,CRIQUE FOUILLEE (ROND POINT),4.89713,-52.3287,Plein jour,Hors agglomération,Giratoire,Pluie forte,Sans collision,2,2,2,0,1,3,2,5,1,50,1,1,0,0,1,0,61.0,,deux_roues,,1,1,6,3,7
202200044340,2022-08-17 14:50:00,2022,8,17,14,50,974,97416,LIGNE PARADIS(ROUTE DE LA),-21.30476,55.46227,Plein jour,En agglomération,Hors intersection,Normale,Deux véhicules - côté,4,2,2,0,2,1,1,0,1,30,2,2,1,0,1,0,24.0,22.0,deux_roues,voiture,1,2,1,1,3
202200044341,2022-07-09 19:45:00,2022,7,9,19,45,92,92004,DOCTEUR DERVAUX  ( QUAI DU ),48.906940894,2.2912934124,Crépuscule ou aube,En agglomération,Hors intersection,Normale,Deux véhicules - côté,3,2,0,0,1,1,1,0,1,50,2,3,1,0,0,2,28.0,32.0,voiture,deux_roues,2,2,1,1,3
202200044342,2022-06-11 21:49:00,2022,6,11,21,49,974,97411,HOARAU (RUE MARCEL),-20.904,55.49182,Nuit avec éclairage allumé,En agglomération,Intersection en X,Normale,Deux véhicules - côté,4,1,1,0,1,1,1,0,1,50,2,3,1,0,1,1,81.0,16.0,voiture,deux_roues,5,2,2,1,3
202200044343,2022-08-18 17:55:00,2022,8,18,17,55,973,97302,ROUTE NATIONALE 1,4.90338,-52.32424,Plein jour,Hors agglomération,Hors intersection,Normale,Deux véhicules - côté,2,1,1,2,1,1,1,0,5,90,2,3,1,0,2,0,50.0,42.0,voiture,deux_roues,1,1,1,1,3
202200044344,2022-07-12 05:45:00,2022,7,12,5,45,988,98812,RT1 - KOUMAC,-20.555974,164.278404,Nuit sans éclairage public,En agglomération,Hors intersection,Normale,Autre collision,3,2,2,0,1,1,1,0,1,50,1,2,1,1,0,0,26.0,,utilitaire_camion,,3,2,1,1,6
202200044345,2022-06-11 05:00:00,2022,6,11,5,0,973,97302,BADUEL (ROUTE DE),4.93839,-52.31709,Nuit avec éclairage allumé,En agglomération,Hors intersection,Normale,Sans collision,3,2,2,0,1,1,2,0,8,50,1,1,0,0,0,1,26.0,,voiture,,5,2,1,1,7
202200044346,2022-02-21 00:10:00,2022,2,21,0,10,973,97302,BADUEL (ROUTE DE),4.92914,-52.29658,Nuit avec éclairage allumé,En agglomération,Hors intersection,Pluie légère,Sans collision,3,2,2,0,1,3,2,0,1,50,1,2,0,0,0,2,34.0,,voiture,,5,2,1,2,7
202200044347,2022-08-15 18:32:00,2022,8,15,18,32,2B,2B037,MARANA (ROUTE),42.6289,9.467,Plein jour,En agglomération,Hors intersection,Normale,Deux véhicules - côté,4,-1,2,0,1,1,1,0,1,70,2,2,0,1,0,1,35.0,22.0,deux_roues,voiture,1,2,1,1,3
202200044348,2022-07-10 18:40:00,2022,7,10,18,40,42,42331,Route du Col du Bouchet,45.969542,3.949333,Plein jour,Hors agglomération,Hors intersection,Normale,Autre collision,3,2,2,0,2,2,1,0,3,80,1,1,0,0,1,0,25.0,,deux_roues,,1,1,1,1,6
202200044349,2022-06-10 23:30:00,2022,6,10,23,30,69,69386,Avenue Thiers,45.7637,4.86185,Nuit avec éclairage allumé,En agglomération,Intersection en X,Normale,Deux véhicules - côté,4,2,4,3,1,1,1,0,1,50,2,2,1,0,0,1,27.0,20.0,deux_roues,voiture,5,2,2,1,3
202200044350,2022-08-18 11:23:00,2022,8,18,11,23,95,95428,Rue de Luxembourg,48.9845180103,2.3205855489,Plein jour,En agglomération,Intersection en T,Normale,Autre collision,4,1,1,0,3,1,1,0,1,30,1,3,2,0,0,1,64.0,,voiture,,1,2,3,1,6
202200044351,2022-02-21 16:50:00,2022,2,21,16,50,69,69388,Rue Saint Mathieu,45.7414461571,4.8686426602,Plein jour,En agglomération,Intersection en X,Pluie légère,Deux véhicules - côté,4,1,1,0,1,1,2,0,1,50,2,2,1,0,0,1,35.0,28.0,voiture,deux_roues,1,2,2,2,3
202200044352,2022-06-11 10:00:00,2022,6,11,10,0,69,69384,15 Cours d'Herbouville,45.77573,4.83929,Plein jour,En agglomération,Hors intersection,Normale,Sans collision,4,2,4,3,1,1,1,0,1,50,1,2,0,0,0,2,26.0,,deux_roues,,1,2,1,1,7
202200044353,2022-07-11 18:00:00,2022,7,11,18,0,52,52312,Autoroute A31 PK 109.400 direction DIJON,47.883114,5.221671,Plein jour,Hors agglomération,Hors intersection,Normale,Trois véhicules et plus - en chaîne,1,3,5,0,1,1,1,0,1,130,3,7,5,0,2,0,26.0,67.0,voiture,utilitaire_camion,1,1,1,1,4
202200044354,2022-06-10 22:55:00,2022,6,10,22,55,971,97101,GRAND CAMP(SECTION),16.2512915953,-61.5304327011,Nuit avec éclairage allumé,Hors agglomération,Hors intersection,Pluie légère,Autre collision,2,3,2,0,1,1,2,9,3,70,1,1,0,0,1,0,20.0,,voiture,,5,1,1,2,6
202200044355,2022-02-17 20:53:00,2022,2,17,20,53,972,97213,BELEME (VOIE COMMUNAL N°7 DE),14.64347,-61.01055,Nuit avec éclairage allumé,Hors agglomération,Intersection en X,Normale,Deux véhicules - côté,4,2,2,0,1,1,1,0,1,70,2,3,1,0,0,2,38.0,40.0,deux_roues,voiture,5,1,2,1,3
202200044356,2022-08-17 18:30:00,2022,8,17,18,30,78,78440,PIERRE LEFAUCHEUX (RUE),48.983891,1.915278,Plein jour,En agglomération,Intersection en X,Normale,Autre collision,4,2,0,0,2,1,1,0,1,50,1,2,1,0,1,0,58.0,,voiture,,1,2,2,1,6
202200044357,2022-07-12 14:00:00,2022,7,12,14,0,74,74152,Route des Gorges,45.900451,6.037856,Plein jour,Hors agglomération,Hors intersection,Normale,Sans collision,3,2,2,0,2,2,1,0,8,80,1,1,0,0,1,0,84.0,,voiture,,1,1,1,1,7
202200044358,2022-06-10 19:23:00,2022,6,10,19,23,90,90010,LUXEMBOURG (RUE DE),47.63479,6.83987,Plein jour,En agglomération,Autre intersection,Normale,Deux véhicules - côté,4,2,2,0,1,1,1,0,1,50,2,2,1,0,0,1,21.0,50.0,utilitaire_camion,voiture,1,2,9,1,3
202200044359,2022-02-20 17:51:00,2022,2,20,17,51,972,97209,AUTOROUTE (A1),14.61835,-61.0363,Plein jour,Hors agglomération,Hors intersection,Normale,Autre collision,1,3,9,0,2,1,1,3,1,90,1,2,0,0,1,1,47.0,,voiture,,1,1,1,1,6
202200044360,2022-02-20 04:30:00,2022,2,20,4,30,972,97209,ENTRAIDE (ROUTE DE L'),14.61978,-61.05624,Crépuscule ou aube,En agglomération,Hors intersection,Pluie légère,Autre collision,3,2,2,0,2,1,2,0,1,50,1,1,0,0,1,0,29.0,,voiture,,2,2,1,2,6
202200044361,2022-07-12 12:20:00,2022,7,12,12,20,42,42253,332 Route de Roanne,46.039522,4.011893,Plein jour,En agglomération,Hors intersection,Normale,Deux véhicules - arrière,3,2,2,0,1,1,1,0,5,50,2,2,1,0,1,0,42.0,74.0,utilitaire_camion,deux_roues,1,2,1,1,2
202200044362,2022-06-11 16:55:00,2022,6,11,16,55,86,86214,Avenue du Onze Novembre,46.561086,0.340773,Plein jour,Hors agglomération,Hors intersection,Normale,Sans collision,3,3,4,0,2,2,1,0,1,70,1,1,0,0,1,0,25.0,,deux_roues,,1,1,1,1,7
202200044363,2022-08-18 15:15:00,2022,8,18,15,15,77,77268,D93,48.86082,2.80945,Plein jour,En agglomération,Hors intersection,Normale,Deux véhicules - arrière,3,2,2,0,1,1,1,0,1,50,2,2,1,0,0,1,43.0,24.0,voiture,voiture,1,2,1,1,2
202200044364,2022-07-11 04:50:00,2022,7,11,4,50,34,34304,A75,43.7771068017,3.3310331548,Nuit sans éclairage public,Hors agglomération,Hors intersection,Normale,Autre collision,1,3,4,0,1,3,1,0,1,130,1,1,0,0,0,1,19.0,,voiture,,3,1,1,1,6
202200044365,2022-06-06 13:15:00,2022,6,6,13,15,83,83137,PICOT (AVE DU COLONEL),43.12744,5.96279,Plein jour,En agglomération,Hors intersection,Normale,Deux véhicules - arrière,7,2,1,0,1,1,1,0,1,50,2,2,1,0,1,0,57.0,91.0,deux_roues,voiture,1,2,1,1,2
202200044366,2022-02-21 07:50:00,2022,2,21,7,50,69,69384,Montée de la Boucle,45.7792817838,4.8411619663,Nuit avec éclairage allumé,En agglomération,Intersection en X,Pluie forte,Autre collision,4,2,5,2,4,2,2,6,1,50,2,2,1,0,0,1,26.0,31.0,voiture,deux_roues,5,2,2,3,6
202200044367,2022-08-18 11:45:00,2022,8,18,11,45,76,76540,Rampe Saint Hilaire,49.44612,1.10817,Plein jour,En agglomération,Hors intersection,Normale,Autre collision,4,2,3,0,2,3,1,0,1,50,1,3,1,0,0,2,44.0,,deux_roues,,1,2,1,1,6
202200044368,2022-07-02 20:16:00,2022,7,2,20,16,62,62060,D118,50.213959,2.147516,Plein jour,Hors agglomération,Hors intersection,Temps éblouissant,Sans collision,3,2,2,0,1,1,1,0,3,80,1,1,0,0,1,0,19.0,,voiture,,1,1,1,7,7
202200044369,2022-06-10 20:00:00,2022,6,10,20,0,83,83137,,43.12818,5.90642,Plein jour,En agglomération,Hors intersection,Normale,Autre collision,7,3,3,2,1,1,1,0,1,50,1,2,1,0,1,0,21.0,,voiture,,1,2,1,1,6
202200044370,2022-02-21 11:15:00,2022,2,21,11,15,2A,2A004,NAPOLEON COURS AVANT BEVERINI,41.9221999186,8.7373894829,Plein jour,En agglomération,Hors intersection,Normale,Autre collision,2,2,2,0,2,1,1,0,1,30,1,2,1,0,0,1,67.0,,voiture,,1,2,1,1,6
202200044371,2022-08-17 19:50:00,2022,8,17,19,50,76,76322,N338 - Sud 3,49.40469,1.03488,Plein jour,Hors agglomération,Hors intersection,Pluie légère,Deux véhicules - côté,2,3,6,0,1,1,2,0,1,90,2,2,1,0,0,1,62.0,21.0,utilitaire_camion,voiture,1,1,1,2,3
202200044372,2022-06-11 16:00:00,2022,6,11,16,0,83,83069,PIERREFEU (ROUTE DE) RD 12,43.148123,6.149373,Plein jour,Hors agglomération,Hors intersection,Normale,Sans collision,3,2,2,0,1,1,1,0,1,70,1,2,0,0,0,2,72.0,,voiture,,1,1,1,1,7
202200044373,2022-08-17 02:25:00,2022,8,17,2,25,76,76447,FAUBOURG ASSIQUET,49.54697,0.19575,Nuit avec éclairage allumé,En agglomération,Intersection en Y,Normale,Autre collision,3,2,2,0,2,3,1,0,4,50,1,1,0,0,0,1,48.0,,deux_roues,,5,2,4,1,6
202200044374,2022-07-02 09:42:00,2022,7,2,9,42,62,62113,D939,50.348993,2.541168,Plein jour,Hors agglomération,Hors intersection,Normale,Trois véhicules et plus - collisions multiples,3,2,2,0,1,1,1,0,1,80,3,10,0,0,1,9,23.0,37.0,voiture,voiture,1,1,1,1,5
202200044375,2022-02-21 21:41:00,2022,2,21,21,41,95,95277,RD 370,48.9823669577,2.4423658848,Nuit avec éclairage allumé,En agglomération,Hors intersection,Pluie légère,Deux véhicules - arrière,3,2,2,0,1,1,2,0,1,30,2,4,2,0,0,2,28.0,33.0,voiture,voiture,5,2,1,2,2
202200044376,2022-07-11 17:00:00,2022,7,11,17,0,27,27613,A28,49.099922,0.504646,Plein jour,Hors agglomération,Hors intersection,Normale,Sans collision,1,-1,4,0,1,1,1,0,1,130,1,1,0,0,1,0,38.0,,deux_roues,,1,1,1,1,7
202200044377,2022-06-11 10:15:00,2022,6,11,10,15,74,74305,JUVIGNY (ROUTE DE),46.2133,6.26825,Plein jour,Hors agglomération,Intersection en T,Normale,Deux véhicules - côté,3,2,2,0,1,1,1,0,1,70,2,3,1,0,0,2,45.0,37.0,deux_roues,deux_roues,1,1,3,1,3
202200044378,2022-02-19 11:23:00,2022,2,19,11,23,91,91377,VOIE DE LA VALLEE DE LA BIEVRE,48.73743,2.26974,Plein jour,En agglomération,Intersection en X,Normale,Deux véhicules - frontale,3,2,1,0,1,1,1,0,1,50,2,2,1,0,0,1,63.0,58.0,voiture,deux_roues,1,2,2,1,1