accident_id,datetime,annee,mois,jour,heure,minute,departement,commune_insee,adresse,latitude,longitude,luminosite,agglomeration,intersection,meteo,collision,catr,circ,nbv,vosp,prof,plan,surf,infra,situ,vma,nb_vehicules,nb_usagers,nb_indemnes,nb_tues,nb_blesses_hosp,nb_blesses_legers,age_cond_1,age_cond_2,veh_type_cond_1,veh_type_cond_2,lum_code,agg_code,int_code,atm_code,col_code
202200044472,2022-06-11 12:42:00,2022,6,11,12,42,13,13213,SAINT JEROME (AVENUE DE),43.3295,5.41899,Plein jour,En agglomération,Hors intersection,Normale,Deux véhicules - côté,4,2,2,0,1,1,1,0,1,50,2,2,1,0,0,1,54.0,62.0,voiture,deux_roues,1,2,1,1,3
202200044473,2022-02-19 17:30:00,2022,2,19,17,30,50,50129,Les Rouges Terres,49.62346,-1.61319,Plein jour,En agglomération,Hors intersection,Pluie légère,Autre collision,4,3,4,0,4,3,2,0,1,50,1,1,0,0,0,1,48.0,,voiture,,1,2,1,2,6
202200044474,2022-08-18 02:50:00,2022,8,18,2,50,33,33529,LIGNON (BD LOUIS),44.63345,-1.18031,Nuit sans éclairage public,En agglomération,Hors intersection,Pluie légère,Deux véhicules - côté,3,2,2,0,2,1,2,0,1,80,2,2,1,0,0,1,19.0,,deux_roues,autre,3,2,1,2,3
202200044475,2022-06-11 13:25:00,2022,6,11,13,25,11,11069,RD 6161 - Rocade Ouest,43.22526,2.32944,Plein jour,En agglomération,Hors intersection,Normale,Deux véhicules - côté,3,2,1,0,1,1,1,0,1,70,2,2,1,0,0,1,72.0,33.0,voiture,deux_roues,1,2,1,1,3
202200044476,2022-02-19 12:40:00,2022,2,19,12,40,50,50129,BECQUEREL (RUE),49.62887,-1.64026,Plein jour,En agglomération,Hors intersection,Normale,Deux véhicules - côté,3,2,2,0,2,1,1,0,1,50,2,2,1,0,0,1,22.0,33.0,voiture,deux_roues,1,2,1,1,3
202200044477,2022-08-17 15:50:00,2022,8,17,15,50,29,29232,Avenue de Gourvily,48.01539,-4.08477,Plein jour,En agglomération,Hors intersection,Normale,Sans collision,4,3,2,0,2,1,1,9,1,50,1,1,0,0,0,1,31.0,,deux_roues,,1,2,1,1,7
202200044478,2022-06-11 19:20:00,2022,6,11,19,20,10,10325,LIBERTE (RUE DE LA ),48.2594574803,4.0616342425,Plein jour,En agglomération,Giratoire,Normale,Deux véhicules - côté,4,2,2,0,1,1,1,0,1,50,2,3,1,0,0,2,44.0,41.0,voiture,deux_roues,1,2,6,1,3
202200044479,2022-07-12 10:20:00,2022,7,12,10,20,27,27198,Route de Chambray,48.844695,1.002057,Plein jour,En agglomération,Hors intersection,Normale,Autre collision,4,2,2,0,1,1,1,2,3,50,1,1,0,1,0,0,47.0,,deux_roues,,1,2,1,1,6
202200044480,2022-02-20 20:25:00,2022,2,20,20,25,49,49007,ANJOU,47.46569,-0.556,Nuit avec éclairage allumé,En agglomération,Hors intersection,Normale,Deux véhicules - côté,4,-1,1,0,1,1,1,0,1,30,2,2,1,0,0,1,24.0,36.0,voiture,deux_roues,5,2,1,1,3
202200044481,2022-06-11 19:20:00,2022,6,11,19,20,06,06069,CLEMENCEAU (BOULEVARD GEORGES),43.66037,6.91862,Plein jour,En agglomération,Hors intersection,Normale,Deux véhicules - côté,3,2,2,0,2,1,1,0,1,50,2,2,1,0,0,1,27.0,28.0,deux_roues,voiture,1,2,1,1,3
202200044482,2022-07-11 13:40:00,2022,7,11,13,40,87,87089,sivernon,46.213516,1.145926,Plein jour,Hors agglomération,Hors intersection,Normale,Sans collision,3,2,2,0,1,3,1,0,8,90,1,2,0,1,1,0,66.0,,voiture,,1,1,1,1,7
202200044483,2022-06-11 06:45:00,2022,6,11,6,45,06,06123,CURIE PIERRE ET MARIE AVENUE,43.688683,7.186462,Plein jour,En agglomération,Hors intersection,Normale,Autre collision,7,2,2,0,1,1,1,0,1,50,1,1,0,0,0,1,22.0,,utilitaire_camion,,1,2,1,1,6
202200044484,2022-08-18 05:30:00,2022,8,18,5,30,29,29019,rue Faraday,48.3769435,-4.5126317739,Nuit avec éclairage allumé,En agglomération,Intersection en T,Normale,Autre collision,4,2,2,0,1,1,1,0,4,50,1,3,2,0,0,1,25.0,,voiture,,5,2,3,1,6
202200044485,2022-02-20 13:09:00,2022,2,20,13,9,49,49007,CARNOT,47.47534,-0.54858,Plein jour,En agglomération,Intersection en T,Normale,Deux véhicules - côté,4,2,4,0,1,1,1,0,1,30,2,2,1,0,0,1,19.0,22.0,deux_roues,voiture,1,2,3,1,3
202200044486,2022-07-11 14:40:00,2022,7,11,14,40,08,08289,Route Dépatementale D19,49.680174,5.154981,Plein jour,Hors agglomération,Hors intersection,Normale,Sans collision,3,2,2,0,1,2,1,0,1,80,1,2,0,0,2,0,19.0,,voiture,,1,1,1,1,7
202200044487,2022-06-11 20:20:00,2022,6,11,20,20,06,06004,CHATAIGNIERS AV.DU,43.58091,7.112982,Plein jour,En agglomération,Hors intersection,Normale,Deux véhicules - côté,4,2,2,0,1,1,1,0,1,50,2,2,1,0,1,0,61.0,30.0,voiture,deux_roues,1,2,1,1,3
202200044488,2022-02-15 08:15:00,2022,2,15,8,15,47,47323,FUMEL(AVENUE DE ),44.4077817394,0.7199571415,Plein jour,En agglomération,Hors intersection,Normale,Autre collision,6,-1, -1,0,1,1,1,0,8,50,1,2,1,0,1,0,29.0,,voiture,,1,2,1,1,6
202200044489,2022-07-11 22:00:00,2022,7,11,22,0,06,06018,Route des Lucioles,43.61709,7.059566,Crépuscule ou aube,Hors agglomération,Hors intersection,Normale,Sans collision,3,2,2,1,1,2,1,0,5,70,1,1,0,0,1,0,57.0,,deux_roues,,2,1,1,1,7
202200044490,2022-06-10 17:18:00,2022,6,10,17,18,01,01053,CASSIN ( RUE RENE),46.20696,5.22638,Plein jour,En agglomération,Hors intersection,Normale,Autre collision,4,3,2,3,1,1,1,0,1,20,1,3,2,0,0,1,87.0,,voiture,,1,2,1,1,6
202200044491,2022-08-14 21:25:00,2022,8,14,21,25,18,18279,62 Rue du Bas de Grange,47.2253,2.0488,Crépuscule ou aube,En agglomération,Intersection en Y,Normale,Deux véhicules - frontale,4,3,2,0,1,1,1,5,1,50,2,2,0,1,0,1,35.0,69.0,deux_roues,voiture,2,2,4,1,1
202200044492,2022-02-21 15:12:00,2022,2,21,15,12,45,45302,D2060 PR 98 + 100,47.944545,1.904615,Plein jour,Hors agglomération,Hors intersection,Normale,Deux véhicules - arrière,3,3,4,0,1,1,1,0,1,70,2,2,0,0,0,2,51.0,41.0,deux_roues,deux_roues,1,1,1,1,2
202200044493,2022-07-12 13:30:00,2022,7,12,13,30,78,78010,D198,48.904957,1.922457,Plein jour,Hors agglomération,Hors intersection,Normale,Deux véhicules - frontale,3,2,2,0,1,1,1,0,1,80,2,2,0,0,1,1,23.0,28.0,voiture,voiture,1,1,1,1,1
202200044494,2022-06-10 16:50:00,2022,6,10,16,50,01,01053,Avenue Paul Barberot,46.20766,5.23023,Plein jour,En agglomération,Hors intersection,Normale,Deux véhicules - frontale,4,-1,1,0,1,1,1,0,1,50,2,2,1,0,0,1,28.0,28.0,voiture,deux_roues,1,2,1,1,1
202200044495,2022-02-21 20:40:00,2022,2,21,20,40,37,37261,LOUIS XI (BOULEVARD),47.3750919402,0.6682375073,Nuit avec éclairage allumé,En agglomération,Hors intersection,Normale,Deux véhicules - côté,4,3,4,1,1,1,1,0,5,50,2,2,1,0,0,1,33.0,20.0,voiture,deux_roues,5,2,1,1,3
202200044496,2022-07-10 19:40:00,2022,7,10,19,40,987,98747,Pueu RT 3 PK 6.300,-17.742637,-149.218884,Nuit sans éclairage public,Hors agglomération,Hors intersection,Pluie légère,Deux véhicules - frontale,2,2,2,0,1,3,2,0,1,60,1,1,0,0,1,0,31.0,,deux_roues,,3,1,1,2,1
202200044497,2022-06-10 19:05:00,2022,6,10,19,5,75,75115,PORT DE JAVEL BAS,48.842686,2.273094,Plein jour,En agglomération,Hors intersection,Normale,Sans collision,4,2,2,0,1,1,1,9,1,30,1,1,0,0,1,0,33.0,,deux_roues,,1,2,1,1,7
202200044498,2022-07-12 03:45:00,2022,7,12,3,45,988,98826,Golone,-20.285465,164.093943,Nuit sans éclairage public,Hors agglomération,Hors intersection,Normale,Sans collision,4,2,2,0,1,2,1,0,1,50,1,1,0,1,0,0,25.0,,utilitaire_camion,,3,1,1,1,7
202200044499,2022-08-18 14:53:00,2022,8,18,14,53,17,17306,BAILLET (BD COLONEL ROBERT),45.63205,-1.03332,Plein jour,En agglomération,Hors intersection,Normale,Deux véhicules - côté,4,2,2,0,1,1,1,0,1,50,2,2,1,0,0,1,68.0,64.0,voiture,deux_roues,1,2,1,1,3
202200044500,2022-02-21 09:46:00,2022,2,21,9,46,37,37214,DE GAULLE (BD CHARLES),47.4197196848,0.6625431776,Plein jour,En agglomération,Giratoire,Normale,Autre collision,4,1,2,1,1,1,1,0,1,50,2,3,2,0,0,1,21.0,68.0,deux_roues,voiture,1,2,6,1,6
202200044501,2022-07-11 15:00:00,2022,7,11,15,0,988,98817,ROUTE DE MOUIRANGE - RPS3,-22.225101,166.634767,Plein jour,En agglomération,Hors intersection,Pluie forte,Sans collision,3,2,2,0,4,2,3,0,1,-1,1,1,0,0,1,0,70.0,,utilitaire_camion,,1,2,1,3,7
202200044502,2022-06-11 16:55:00,2022,6,11,16,55,75,75105,RUE GEOFFROY SAINT HILAIRE,48.839704,2.356604,Plein jour,En agglomération,Intersection en X,Normale,Deux véhicules - côté,4,1,1,0,1,1,1,0,1,30,2,2,1,0,0,1,32.0,49.0,voiture,voiture,1,2,2,1,3
202200044503,2022-02-20 07:00:00,2022,2,20,7,0,34,34108,Avenue des Etangs,43.4514,3.80293,Crépuscule ou aube,En agglomération,Autre intersection,Vent fort / tempête,Sans collision,3,2,2,0,1,1,1,0,1,80,1,1,0,0,1,0,35.0,,deux_roues,,2,2,9,6,7
202200044504,2022-07-11 18:50:00,2022,7,11,18,50,77,77153,nationale 2,49.054661,2.699418,Plein jour,Hors agglomération,Hors intersection,Normale,Autre collision,2,3,4,0,1,1,1,0,1,-1,1,1,0,0,1,0,65.0,,voiture,,1,1,1,1,6
202200044505,2022-06-11 02:10:00,2022,6,11,2,10,75,75120,RUE DES PYRENEES,48.869966,2.394492,Nuit avec éclairage allumé,En agglomération,Intersection en X,Normale,Deux véhicules - côté,4,2,3,0,1,1,1,0,1,30,2,2,1,0,0,1,32.0,32.0,voiture,voiture,5,2,2,1,3
202200044506,2022-02-21 13:10:00,2022,2,21,13,10,30,30007,Avenue Vincent d’Indy,44.13467,4.0945,Plein jour,En agglomération,Hors intersection,Normale,Deux véhicules - arrière,4,1,2,0,1,3,1,0,1,50,2,2,1,0,0,1,52.0,60.0,deux_roues,utilitaire_camion,1,2,1,1,2
202200044507,2022-08-18 02:54:00,2022,8,18,2,54,15,15014,PONETIE (RUE DE LA),44.9086,2.44546,Nuit avec éclairage allumé,En agglomération,Hors intersection,Normale,Deux véhicules - côté,4,2,2,0,1,1,1,0,1,50,2,3,2,0,0,1,31.0,28.0,utilitaire_camion,deux_roues,5,2,1,1,3
202200044508,2022-07-10 07:00:00,2022,7,10,7,0,77,77486,Route nationale 4,48.684898,3.059049,Plein jour,Hors agglomération,Hors intersection,Normale,Sans collision,2,3,4,0,1,1,1,0,1,110,1,3,2,0,1,0,19.0,,voiture,,1,1,1,1,7
202200044509,2022-06-11 20:00:00,2022,6,11,20,0,75,75119,RUE DES CHAUFOURNIERS,48.877833,2.374098,Plein jour,En agglomération,Intersection en X,Normale,Deux véhicules - côté,4,1,2,0,2,1,1,0,1,30,2,2,1,0,0,1,23.0,38.0,voiture,deux_roues,1,2,2,1,3
202200044510,2022-07-10 15:45:00,2022,7,10,15,45,11,11285,D6009,43.10761,2.947168,Plein jour,Hors agglomération,Hors intersection,Normale,Autre collision,3,2,2,0,1,1,1,0,3,80,2,3,1,0,2,0,62.0,,deux_roues,utilitaire_camion,1,1,1,1,6
202200044511,2022-08-17 14:40:00,2022,8,17,14,40,15,15014,Avenue des Volontaires,44.913679,2.441107,Plein jour,En agglomération,Hors intersection,Normale,Deux véhicules - côté,4,2,2,0,1,1,1,0,1,50,2,2,1,0,0,1,49.0,26.0,voiture,deux_roues,1,2,1,1,3
202200044512,2022-02-21 08:40:00,2022,2,21,8,40,17,17300,JUSTICES  RUE DU MOULIN DES,46.17458,-1.13004,Plein jour,En agglomération,Hors intersection,Normale,Deux véhicules - frontale,4,2,2,1,1,1,1,0,1,50,2,2,1,0,0,1,57.0,46.0,deux_roues,voiture,1,2,1,1,1
202200044513,2022-06-11 09:45:00,2022,6,11,9,45,75,75119,BOULEVARD DE LA VILLETTE,48.879737,2.370444,Plein jour,En agglomération,Hors intersection,Normale,Deux véhicules - côté,4,3,2,1,2,1,1,-1,5,30,2,2,1,0,0,1,67.0,29.0,voiture,deux_roues,1,2,1,1,3
202200044514,2022-07-09 15:15:00,2022,7,9,15,15,83,83065,Route Départementale 559,43.253056,6.574105,Plein jour,Hors agglomération,Hors intersection,Normale,Deux véhicules - côté,3,2,2,0,1,1,1,0,1,70,2,2,1,0,0,1,53.0,31.0,deux_roues,voiture,1,1,1,1,3
202200044515,2022-02-17 16:20:00,2022,2,17,16,20,13,13117,BEL AIR (RUE),43.42507,5.27027,Plein jour,En agglomération,Hors intersection,Normale,Autre collision,6,2,2,0,1,1,1,9,1,50,1,2,1,0,1,0,33.0,,voiture,,1,2,1,1,6
202200044516,2022-06-10 03:35:00,2022,6,10,3,35,75,75119,BOULEVARD DE LA VILLETTE,48.878492,2.370417,Nuit avec éclairage allumé,En agglomération,Place,Normale,Deux véhicules - côté,4,3,2,0,1,1,1,0,1,30,2,3,1,0,0,2,,24.0,voiture,deux_roues,5,2,7,1,3
202200044517,2022-08-19 00:25:00,2022,8,19,0,25,14,14167,Rue de la Cité Libérée,49.205418,-0.294631,Nuit sans éclairage public,En agglomération,Intersection en X,Normale,Deux véhicules - côté,4,2,2,0,1,1,1,0,1,50,2,4,1,0,0,3,25.0,19.0,deux_roues,voiture,3,2,2,1,3
202200044518,2022-02-18 18:20:00,2022,2,18,18,20,13,13077,RN 568,43.41347,4.99843,Plein jour,Hors agglomération,Hors intersection,Normale,Deux véhicules - arrière,2,3,4,0,1,1,1,0,1,90,2,2,0,0,0,2,81.0,24.0,voiture,voiture,1,1,1,1,2
202200044519,2022-07-12 08:30:00,2022,7,12,8,30,13,13066,D30 / D30A,43.82109,4.880751,Plein jour,Hors agglomération,Intersection en Y,Normale,Deux véhicules - côté,3,2,2,0,1,1,1,0,1,80,2,2,0,0,0,2,35.0,37.0,voiture,voiture,1,1,4,1,3
202200044520,2022-06-11 19:05:00,2022,6,11,19,5,75,75118,RUE FRANCIS DE CROISSET,48.899494,2.34557,Crépuscule ou aube,En agglomération,Intersection en T,Normale,Autre collision,4,2,2,0,1,1,1,0,1,30,1,2,1,0,0,1,,,voiture,,2,2,3,1,6
202200044521,2022-08-18 16:20:00,2022,8,18,16,20,13,13117,CHEMIN DEPARTEMENTAL CD 20,43.45038,5.23088,Plein jour,En agglomération,Hors intersection,Normale,Deux véhicules - frontale,7,2,2,0,1,1,1,0,1,50,2,4,1,0,0,3,33.0,54.0,voiture,utilitaire_camion,1,2,1,1,1
202200044522,2022-02-19 20:00:00,2022,2,19,20,0,11,11262,RD 6009 NARBONNE - BEZIERS,43.18603,2.97178,Nuit avec éclairage allumé,Hors agglomération,Hors intersection,Normale,Autre collision,3,2,2,0,1,1,1,1,1,80,2,2,0,0,0,1,29.0,,voiture,autre,5,1,1,1,6
202200044523,2022-07-11 17:58:00,2022,7,11,17,58,13,13041,Route Departemental 46a,43.453429,5.492762,Plein jour,Hors agglomération,Autre intersection,Temps éblouissant,Trois véhicules et plus - collisions multiples,3,2,2,0,2,3,1,0,1,50,3,3,0,1,1,1,62.0,34.0,deux_roues,voiture,1,1,9,7,5
202200044524,2022-06-11 11:35:00,2022,6,11,11,35,75,75118,BOULEVARD NEY,48.898287,2.348441,Plein jour,En agglomération,Hors intersection,Normale,Deux véhicules - côté,4,1,3,1,1,1,1,-1,5,30,2,2,1,0,0,1,46.0,48.0,voiture,deux_roues,1,2,1,1,3
202200044525,2022-02-21 05:55:00,2022,2,21,5,55,06,06069,GRAND CHENE (CHEMIN DU),43.63685,6.92766,Nuit avec éclairage allumé,En agglomération,Hors intersection,Normale,Autre collision,4,2,2,0,2,2,1,0,1,50,1,1,0,0,0,1,19.0,,voiture,,5,2,1,1,6
202200044526,2022-08-18 19:30:00,2022,8,18,19,30,13,13214,PLOMBIERES (BOULEVARD DES),43.31646,5.38337,Crépuscule ou aube,En agglomération,Autre intersection,Normale,Deux véhicules - côté,3,2,4,0,1,1,1,0,1,50,2,2,1,0,0,1,47.0,36.0,deux_roues,voiture,2,2,9,1,3
202200044527,2022-07-11 21:00:00,2022,7,11,21,0,88,88101,21 Grande Rue,48.140039,6.60208,Plein jour,En agglomération,Hors intersection,Normale,Autre collision,3,2,2,0,2,2,1,9,3,50,1,1,0,1,0,0,33.0,,deux_roues,,1,2,1,1,6
202200044528,2022-03-31 15:56:00,2022,3,31,15,56,05,05061,COMMANDANT DUMONT ( AVENUE),44.56248,6.08395,Plein jour,En agglomération,Hors intersection,Normale,Autre collision,2,2,3,0,2,1,1,0,1,50,1,2,1,1,0,0,58.0,,utilitaire_camion,,1,2,1,1,6
202200044529,2022-08-17 16:40:00,2022,8,17,16,40,13,13214,FRÉDÉRIC SAUVAGE (BOULEVARD),43.3339255021,5.3702499965,Plein jour,En agglomération,Hors intersection,Normale,Deux véhicules - arrière,4,2,2,0,1,1,1,0,1,50,2,2,1,0,1,0,59.0,32.0,utilitaire_camion,voiture,1,2,1,1,2
202200044530,2022-06-11 17:40:00,2022,6,11,17,40,75,75116,AVENUE EDOUARD VAILLANT,48.838389,2.254142,Plein jour,En agglomération,Intersection en X,Normale,Deux véhicules - arrière,4,1,4,0,1,1,1,5,1,30,2,4,3,0,0,1,52.0,46.0,voiture,voiture,1,2,2,1,2
202200044531,2022-04-02 09:35:00,2022,4,2,9,35,988,98818,ROUTE DE L'ANSE-VATA/RUE MARCELLIN LACABANNE,-22.2936,166.44625,Plein jour,En agglomération,Intersection en T,Normale,Autre collision,4,2,2,0,1,1,1,0,1,50,1,2,1,0,1,0,44.0,,voiture,,1,2,3,1,6
202200044532,2022-02-21 21:14:00,2022,2,21,21,14,03,03185,GUESDE ( AVENUE JULES ),46.34215,2.58931,Nuit avec éclairage allumé,En agglomération,Intersection en X,Temps couvert,Deux véhicules - côté,3,2,3,0,1,1,1,0,1,50,2,4,1,0,0,3,19.0,53.0,voiture,voiture,5,2,2,8,3
202200044533,2022-07-11 22:45:00,2022,7,11,22,45,74,74032,D26,46.27291,6.545159,Nuit sans éclairage public,Hors agglomération,Intersection en T,Normale,Deux véhicules - arrière,3,2,2,0,2,2,1,0,3,80,2,4,0,0,0,4,19.0,,voiture,,3,1,3,1,2
202200044534,2022-04-01 08:25:00,2022,4,1,8,25,974,97416,CD 26,-21.2984,55.43808,Plein jour,Hors agglomération,Hors intersection,Normale,Deux véhicules - côté,3,2,2,0,1,1,1,0,1,70,2,2,1,0,0,1,20.0,48.0,utilitaire_camion,deux_roues,1,1,1,1,3
202200044535,2022-08-18 09:35:00,2022,8,18,9,35,11,11262,RD 6009 NARBONNE - BEZIERS,43.19458,3.02822,Plein jour,En agglomération,Hors intersection,Normale,Deux véhicules - frontale,3,2,2,0,1,1,1,9,1,90,2,2,0,0,0,2,59.0,25.0,voiture,voiture,1,2,1,1,1
202200044536,2022-06-11 10:58:00,2022,6,11,10,58,75,75117,PLACE DU DOCTEUR FELIX LOBLIGEOIS,48.887122,2.317683,Plein jour,En agglomération,Place,Normale,Autre collision,4,1,1,0,1,1,1,0,1,30,1,2,1,0,0,1,41.0,,utilitaire_camion,,1,2,7,1,6
202200044537,2022-02-21 11:30:00,2022,2,21,11,30,01,01289,Avenue de la Dombes,46.1799,5.1948,Plein jour,Hors agglomération,Hors intersection,Pluie légère,Sans collision,3,2,2,0,2,3,2,0,3,80,1,1,0,0,1,0,44.0,,voiture,,1,1,1,2,7
202200044538,2022-07-03 13:10:00,2022,7,3,13,10,73,73099,D925 - Route du Lac,45.450026,6.098072,Plein jour,Hors agglomération,Hors intersection,Normale,Deux véhicules - côté,3,2,2,2,1,2,1,0,1,70,2,2,1,0,1,0,32.0,51.0,voiture,voiture,1,1,1,1,3
202200044539,2022-04-01 11:15:00,2022,4,1,11,15,974,97411,LECLERC (DU MARECHAL),-20.88272,55.46217,Plein jour,En agglomération,Hors intersection,Normale,Deux véhicules - côté,4,-1,4,0,1,1,1,0,1,50,2,2,1,0,0,1,29.0,17.0,voiture,deux_roues,1,2,1,1,3
202200044540,2022-06-10 13:10:00,2022,6,10,13,10,75,75117,AVENUE DE LA PORTE D ASNIERES,48.890632,2.303129,Plein jour,En agglomération,Intersection en T,Normale,Deux véhicules - côté,4,2,6,0,1,1,1,0,1,30,2,2,1,0,0,1,52.0,41.0,utilitaire_camion,deux_roues,1,2,3,1,3
202200044541,2022-02-21 08:40:00,2022,2,21,8,40,75,75115,PORTE DE SEVRES,48.830954,2.284024,Plein jour,En agglomération,Hors intersection,Normale,Deux véhicules - côté,4,1,4,0,1,1,1,0,1,70,2,2,1,0,0,1,29.0,26.0,deux_roues,voiture,1,2,1,1,3
202200044542,2022-07-11 18:25:00,2022,7,11,18,25,31,31433,999 Route de Seysses,43.538866,1.371188,Plein jour,En agglomération,Hors intersection,Normale,Deux véhicules - côté,3,2,3,3,1,1,1,0,6,50,2,3,1,0,1,1,30.0,28.0,voiture,deux_roues,1,2,1,1,3
202200044543,2022-04-01 19:15:00,2022,4,1,19,15,974,97409,RN2 SENS STE SUZANNE ST BENOIT,-20.9459,55.65128,Nuit sans éclairage public,En agglomération,Hors intersection,Pluie forte,Deux véhicules - côté,2,2,4,0,1,1,2,0,1,90,2,3,2,0,0,1,36.0,58.0,voiture,voiture,3,2,1,3,3
202200044544,2022-02-20 04:15:00,2022,2,20,4,15,75,75115,PORTE DE SEVRES,48.833317,2.278216,Nuit avec éclairage allumé,En agglomération,Hors intersection,Normale,Deux véhicules - arrière,4,1,3,0,1,1,1,0,1,70,2,4,1,0,0,3,,24.0,voiture,voiture,5,2,1,1,2
202200044545,2022-07-10 15:02:00,2022,7,10,15,2,17,17199,Avenue de la Double Saintonge,45.284293,-0.33577,Plein jour,Hors agglomération,Intersection en X,Normale,Trois véhicules et plus - en chaîne,3,2,2,0,1,1,1,0,1,80,3,3,1,0,1,1,32.0,31.0,deux_roues,deux_roues,1,1,2,1,4
202200044546,2022-04-01 13:30:00,2022,4,1,13,30,973,97302,CESAIRE (CITE),4.9306124751,-52.3242203146,Plein jour,En agglomération,Intersection en X,Pluie légère,Deux véhicules - côté,4,-1,4,0,1,1,2,0,1,50,2,2,1,0,0,1,17.0,61.0,deux_roues,voiture,1,2,2,2,3
202200044547,2022-06-09 11:10:00,2022,6,9,11,10,75,75117,RUE FRUCTIDOR,48.900937,2.327262,Plein jour,En agglomération,Intersection en X,Normale,Trois véhicules et plus - collisions multiples,4,2,2,0,1,2,1,0,1,30,3,3,2,0,0,1,37.0,48.0,voiture,voiture,1,2,2,1,5
202200044548,2022-08-16 13:30:00,2022,8,16,13,30,75,75112,PORTE DE VINCENNES,48.844348,2.413888,Plein jour,En agglomération,Intersection en Y,Normale,Trois véhicules et plus - en chaîne,4,1,4,0,1,1,1,0,1,70,3,3,2,0,0,1,35.0,66.0,voiture,voiture,1,2,4,1,4
202200044549,2022-07-10 22:45:00,2022,7,10,22,45,33,33492,22 Route du Pas de Meric,45.152411,-0.412872,Nuit sans éclairage public,En agglomération,Hors intersection,Normale,Autre collision,4,4,1,0,3,2,1,2,1,50,1,1,0,0,1,0,55.0,,voiture,,3,2,1,1,6
202200044550,2022-02-21 19:50:00,2022,2,21,19,50,75,75106,RUE BONAPARTE,48.852647,2.333164,Nuit avec éclairage allumé,En agglomération,Intersection en X,Pluie légère,Deux véhicules - côté,4,1,0,0,1,1,2,0,1,30,2,2,1,0,0,1,21.0,42.0,deux_roues,voiture,5,2,2,2,3
202200044551,2022-04-01 09:20:00,2022,4,1,9,20,973,97302,ZEPHIR (ROCADE),4.94149,-52.30434,Plein jour,En agglomération,Hors intersection,Pluie légère,Sans collision,3,2,2,0,1,1,2,0,1,50,1,1,0,0,0,1,40.0,,deux_roues,,1,2,1,2,7
202200044552,2022-08-18 16:45:00,2022,8,18,16,45,75,75120,RUE DU CLOS,48.856292,2.405777,Plein jour,En agglomération,Intersection en T,Normale,Autre collision,4,1,1,0,1,3,1,0,1,30,1,2,1,0,0,1,52.0,,voiture,,1,2,3,1,6
202200044553,2022-07-12 08:50:00,2022,7,12,8,50,76,76558,17 Rue de l'Eglise,49.366454,1.158371,Plein jour,En agglomération,Hors intersection,Normale,Deux véhicules - frontale,7,2,2,0,1,1,1,0,1,30,2,2,1,0,0,1,21.0,22.0,deux_roues,voiture,1,2,1,1,1
202200044554,2022-06-11 01:10:00,2022,6,11,1,10,75,75116,AVENUE DU PRESIDENT WILSON,48.864952,2.299061,Nuit avec éclairage allumé,En agglomération,Intersection en X,Normale,Deux véhicules - côté,4,3,3,3,2,1,1,-1,6,50,2,4,1,0,0,3,21.0,28.0,voiture,voiture,5,2,2,1,3
202200044555,2022-04-01 07:15:00,2022,4,1,7,15,69,69387,Avenue Berthelot,45.7424803599,4.8503780365,Crépuscule ou aube,En agglomération,Hors intersection,Pluie forte,Deux véhicules - côté,4,1,2,3,1,1,2,0,1,30,2,2,1,0,0,1,33.0,53.0,voiture,voiture,2,2,1,3,3
202200044556,2022-08-18 10:00:00,2022,8,18,10,0,75,75116,RUE DE LA POMPE,48.860351,2.275015,Plein jour,En agglomération,Hors intersection,Normale,Autre collision,4,2,2,0,1,2,1,0,1,30,1,1,0,0,0,1,20.0,,deux_roues,,1,2,1,1,6
202200044557,2022-02-21 16:35:00,2022,2,21,16,35,75,75106,RUE DE RENNES,48.848091,2.327924,Plein jour,En agglomération,Intersection en X,Pluie légère,Deux véhicules - côté,4,2,4,3,1,1,2,0,6,30,2,2,1,0,0,1,,56.0,utilitaire_camion,deux_roues,1,2,2,2,3
202200044558,2022-07-11 10:45:00,2022,7,11,10,45,59,59078,RD 962,50.16047,3.995408,Plein jour,Hors agglomération,Hors intersection,Normale,Deux véhicules - arrière,3,2,2,0,1,1,1,0,1,80,2,3,2,0,1,0,77.0,,voiture,,1,1,1,1,2
202200044559,2022-06-10 13:00:00,2022,6,10,13,0,75,75116,AVENUE DU PRESIDENT WILSON,48.864998,2.296742,Plein jour,En agglomération,Hors intersection,Normale,Deux véhicules - arrière,4,-1,5,0,1,1,1,0,1,50,2,2,1,0,0,1,63.0,,deux_roues,utilitaire_camion,1,2,1,1,2
202200044560,2022-04-01 07:30:00,2022,4,1,7,30,972,97209,GODISSARD (BOULEVARD),14.6314,-61.06983,Plein jour,Hors agglomération,Hors intersection,Normale,Deux véhicules - côté,4,2,2,0,1,1,1,0,1,30,2,3,2,0,0,1,50.0,20.0,voiture,deux_roues,1,1,1,1,3
202200044561,2022-08-18 15:30:00,2022,8,18,15,30,75,75114,AVENUE DU MAINE,48.839451,2.32225,Plein jour,En agglomération,Intersection en T,Normale,Autre collision,4,1,1,0,1,1,1,0,1,30,1,2,0,0,0,2,67.0,,voiture,,1,2,3,1,6
202200044562,2022-02-20 23:10:00,2022,2,20,23,10,75,75105,BOULEVARD DE L HOPITAL,48.839975,2.3617587984,Nuit avec éclairage allumé,En agglomération,Intersection en X,Pluie légère,Deux véhicules - côté,4,2,6,0,2,1,2,0,1,30,2,2,1,0,0,1,26.0,44.0,voiture,deux_roues,5,2,2,2,3
202200044563,2022-06-09 12:19:00,2022,6,9,12,19,75,75116,AVENUE KLEBER,48.865035,2.288718,Plein jour,En agglomération,Intersection à plus de 4 branches,Normale,Deux véhicules - côté,4,2,0,0,1,1,1,0,1,50,2,2,1,0,0,1,21.0,67.0,voiture,deux_roues,1,2,5,1,3