accident_id,datetime,annee,mois,jour,heure,minute,departement,commune_insee,adresse,latitude,longitude,luminosite,agglomeration,intersection,meteo,collision,catr,circ,nbv,vosp,prof,plan,surf,infra,situ,vma,nb_vehicules,nb_usagers,nb_indemnes,nb_tues,nb_blesses_hosp,nb_blesses_legers,age_cond_1,age_cond_2,veh_type_cond_1,veh_type_cond_2,lum_code,agg_code,int_code,atm_code,col_code
202200044839,2022-08-18 06:30:00,2022,8,18,6,30,987,98715,Avenue Nelson Mendela,-17.584,-149.56,Crépuscule ou aube,En agglomération,Intersection en T,Normale,Deux véhicules - côté,2,2,2,0,1,1,1,0,1,50,2,2,1,1,0,0,24.0,54.0,voiture,deux_roues,2,2,3,1,3
202200044840,2022-10-28 18:55:00,2022,10,28,18,55,01,01338,route departementale 10,45.670804,5.61101,Nuit sans éclairage public,Hors agglomération,Hors intersection,Normale,Deux véhicules - frontale,3,2,2,0,2,3,1,0,1,80,2,3,2,0,0,1,18.0,57.0,voiture,voiture,3,1,1,1,1
202200044841,2022-08-08 16:00:00,2022,8,8,16,0,2B,2B314,piste Saleccia,42.670138,9.188749,Plein jour,Hors agglomération,Hors intersection,Normale,Sans collision,5,-1,2,0,2,2,9,0,8,-1,1,2,1,0,1,0,55.0,,deux_roues,,1,1,1,1,7
202200044842,2022-04-01 14:10:00,2022,4,1,14,10,13,13204,FRANÇOISE DUPARC (BOULEVARD),43.30401,5.40078,Plein jour,En agglomération,Hors intersection,Normale,Deux véhicules - côté,4,-1,4,0,1,1,1,0,1,50,2,2,1,0,0,1,22.0,66.0,voiture,deux_roues,1,2,1,1,3
202200044843,2022-06-03 15:30:00,2022,6,3,15,30,63,63338,Rue du Puits Saint-Joseph,46.1625016493,2.8363662958,Plein jour,En agglomération,Autre intersection,Normale,Deux véhicules - frontale,4,2,2,0,1,3,1,0,1,50,2,2,1,0,1,0,54.0,16.0,voiture,deux_roues,1,2,9,1,1
202200044844,2022-02-22 17:00:00,2022,2,22,17,0,988,98832,lieu dit TARA,-22.17206,166.95606,Plein jour,Hors agglomération,Hors intersection,Pluie légère,Autre collision,4,2,2,0,1,1,2,2,3,50,1,3,0,0,2,1,26.0,,voiture,,1,1,1,2,6
202200044845,2022-10-28 21:00:00,2022,10,28,21,0,58,58003,les valottes,47.207911,4.136416,Nuit sans éclairage public,Hors agglomération,Hors intersection,Normale,Deux véhicules - frontale,3,2,2,0,4,2,1,0,3,80,1,1,0,0,0,1,71.0,,voiture,,3,1,1,1,1
202200044846,2022-08-15 07:00:00,2022,8,15,7,0,11,11181,,43.389815,2.020948,Crépuscule ou aube,Hors agglomération,Hors intersection,Pluie légère,Autre collision,3,2,2,0,1,1,2,0,1,80,1,1,0,0,0,1,24.0,,voiture,,2,1,1,2,6
202200044847,2022-02-20 13:46:00,2022,2,20,13,46,988,98821,Radier ziza 1 PAITA - VU 67,-22.14717,166.36833,Plein jour,En agglomération,Hors intersection,Pluie forte,Sans collision,4,2,2,0,4,1,4,9,1,50,1,2,0,2,0,0,74.0,,voiture,,1,2,1,3,7
202200044848,2022-04-01 09:45:00,2022,4,1,9,45,13,13204,FRANÇOISE DUPARC (BOULEVARD),43.30779,5.40219,Plein jour,En agglomération,Intersection en Y,Vent fort / tempête,Autre collision,4,3,4,0,1,1,1,0,1,50,1,2,1,1,0,0,60.0,,utilitaire_camion,,1,2,4,6,6
202200044849,2022-06-11 10:40:00,2022,6,11,10,40,63,63178,ROUTE DÉPARTEMENTALE 9,45.5524900016,3.2691967291,Plein jour,En agglomération,Hors intersection,Normale,Autre collision,3,2,2,0,1,1,1,0,1,50,2,2,1,0,1,0,52.0,55.0,voiture,deux_roues,1,2,1,1,6
202200044850,2022-08-17 17:20:00,2022,8,17,17,20,34,34289,D13e15,43.388981,3.420455,Plein jour,En agglomération,Giratoire,Normale,Sans collision,3,2,2,3,1,3,8,5,6,50,1,2,0,0,1,1,49.0,,voiture,,1,2,6,1,7
202200044851,2022-10-29 10:35:00,2022,10,29,10,35,06,06032,118 Avenue du Trois Septembre,43.723145,7.396583,Plein jour,En agglomération,Hors intersection,Normale,Deux véhicules - côté,7,2,2,0,1,1,1,9,1,30,1,3,2,0,0,1,51.0,,voiture,,1,2,1,1,3
202200044852,2022-04-01 10:00:00,2022,4,1,10,0,13,13203,RUFFI (RUE DE),43.31219,5.37105,Plein jour,En agglomération,Hors intersection,Normale,Deux véhicules - côté,9,1,1,0,1,1,1,0,4,50,2,2,1,0,1,0,42.0,,deux_roues,deux_roues,1,2,1,1,3
202200044853,2022-06-11 22:00:00,2022,6,11,22,0,80,80533,Avenue du Maréchal Foch,50.064915,1.38137,Nuit avec éclairage allumé,En agglomération,Hors intersection,Normale,Deux véhicules - arrière,3,2,2,0,1,1,1,0,1,50,2,3,2,0,0,1,29.0,19.0,voiture,voiture,5,2,1,1,2
202200044854,2022-08-19 07:00:00,2022,8,19,7,0,83,83055,2210 Route de Frejus,43.604711,6.687584,Crépuscule ou aube,En agglomération,Hors intersection,Normale,Deux véhicules - frontale,3,2,2,1,1,1,1,0,1,50,2,2,0,1,0,1,23.0,43.0,voiture,utilitaire_camion,2,2,1,1,1
202200044855,2022-02-20 18:30:00,2022,2,20,18,30,973,97305,"RN 1 PK 13,7",4.929216,-52.395172,Plein jour,Hors agglomération,Hors intersection,Normale,Trois véhicules et plus - collisions multiples,2,2,2,0,1,1,1,0,1,80,3,3,2,0,1,0,21.0,19.0,utilitaire_camion,voiture,1,1,1,1,5
202200044856,2022-10-28 16:15:00,2022,10,28,16,15,05,05140,route du Laus,44.514915,6.158137,Plein jour,Hors agglomération,Hors intersection,Normale,Autre collision,3,2,2,0,2,1,1,0,3,80,1,4,1,0,1,2,37.0,,voiture,,1,1,1,1,6
202200044857,2022-08-16 04:00:00,2022,8,16,4,0,13,13094,Chemin du Mas d Artaud,43.7919464668,4.7113732634,Nuit avec éclairage allumé,Hors agglomération,Autre intersection,Normale,Sans collision,3,2,2,0,1,3,1,9,3,50,1,1,0,0,0,1,16.0,,deux_roues,,5,1,9,1,7
202200044858,2022-06-11 16:08:00,2022,6,11,16,8,12,12286,D999 ,43.89349,2.81613,Plein jour,Hors agglomération,Hors intersection,Normale,Autre collision,3,2,2,0,1,2,1,0,3,70,1,1,0,0,1,0,69.0,,voiture,,1,1,1,1,6
202200044859,2022-04-01 08:00:00,2022,4,1,8,0,13,13210,RABATAU (BOULEVARD),43.278211,5.399432,Plein jour,En agglomération,Autre intersection,Autre,Deux véhicules - côté,4,2,4,0,1,1,1,0,1,50,2,3,1,0,0,2,52.0,45.0,deux_roues,utilitaire_camion,1,2,9,9,3
202200044860,2022-10-28 20:05:00,2022,10,28,20,5,50,50232,les roches breton,49.132798,-1.294638,Nuit sans éclairage public,Hors agglomération,Hors intersection,Normale,Autre collision,3,2,2,0,1,4,1,0,3,80,1,1,0,1,0,0,37.0,,utilitaire_camion,,3,1,1,1,6
202200044861,2022-02-21 20:00:00,2022,2,21,20,0,978,97801,128 rue de hollande,18.066698,-63.083732,Nuit avec éclairage non allumé,En agglomération,Hors intersection,Normale,Deux véhicules - frontale,2,1,1,0,1,3,1,0,1,50,2,2,1,0,1,0,26.0,29.0,deux_roues,deux_roues,4,2,1,1,1
202200044862,2022-03-31 12:45:00,2022,3,31,12,45,13,13202,JEAN TRINQUET (RUE),43.3016357053,5.3704924387,Plein jour,En agglomération,Hors intersection,Normale,Deux véhicules - côté,4,1,1,0,1,2,1,0,1,50,1,2,1,0,0,1,27.0,,utilitaire_camion,,1,2,1,1,3
202200044863,2022-06-12 10:00:00,2022,6,12,10,0,42,42141,Route de Charlieu,46.149087,4.250259,Plein jour,Hors agglomération,Hors intersection,Normale,Deux véhicules - frontale,3,2,2,0,1,4,1,0,1,80,2,2,1,1,0,0,28.0,29.0,deux_roues,voiture,1,1,1,1,1
202200044864,2022-08-19 16:35:00,2022,8,19,16,35,71,71555,RD 906,46.70822,4.866418,Plein jour,Hors agglomération,Intersection en X,Normale,Trois véhicules et plus - collisions multiples,3,2,2,0,1,1,1,0,1,90,3,3,2,0,0,1,80.0,67.0,voiture,autre,1,1,2,1,5
202200044865,2022-08-10 08:40:00,2022,8,10,8,40,67,67313,Avenue du General de Gaulle,48.536068,7.459708,Plein jour,En agglomération,Hors intersection,Temps éblouissant,Autre collision,3,2,2,0,1,1,1,0,1,30,1,2,1,0,1,0,56.0,,utilitaire_camion,,1,2,1,7,6
202200044866,2022-02-22 12:13:00,2022,2,22,12,13,77,77234,La Base de Loisirs,48.916348,2.736213,Plein jour,Hors agglomération,Hors intersection,Temps couvert,Autre collision,5,1,1,0,1,1,1,7,1,5,1,3,1,0,0,2,22.0,,utilitaire_camion,,1,1,1,8,6
202200044867,2022-04-01 05:50:00,2022,4,1,5,50,13,13028,Rond-point DE LATTRE DE TASSIGNY,43.18964,5.60408,Nuit sans éclairage public,En agglomération,Giratoire,Normale,Deux véhicules - côté,7,1,1,0,1,2,1,0,1,50,2,2,1,0,1,0,48.0,24.0,deux_roues,voiture,3,2,6,1,3
202200044868,2022-06-12 05:15:00,2022,6,12,5,15,34,34203,Chemin de Montagnac,43.403239,3.492043,Crépuscule ou aube,Hors agglomération,Intersection en T,Normale,Deux véhicules - côté,3,2,2,0,1,1,1,0,1,80,2,2,0,0,1,1,64.0,26.0,voiture,voiture,2,1,3,1,3
202200044869,2022-08-15 19:35:00,2022,8,15,19,35,57,57433,Route de Thionville,49.219437,6.163056,Plein jour,En agglomération,Hors intersection,Normale,Deux véhicules - côté,3,2,2,0,1,1,1,0,1,50,2,2,1,0,1,0,39.0,13.0,voiture,deux_roues,1,2,1,1,3
202200044870,2022-10-25 12:04:00,2022,10,25,12,4,18,18273,,46.841411,2.291154,Plein jour,Hors agglomération,Hors intersection,Normale,Deux véhicules - côté,3,2,2,0,1,1,1,0,1,80,2,5,3,0,1,1,45.0,69.0,utilitaire_camion,voiture,1,1,1,1,3
202200044871,2022-03-29 17:10:00,2022,3,29,17,10,13,13001,BERTHELOT MARCELIN (RUE),43.4909781,5.3705275756,Plein jour,En agglomération,Intersection en T,Normale,Trois véhicules et plus - collisions multiples,4,2,3,0,1,3,1,0,1,50,2,2,0,0,0,2,18.0,30.0,voiture,voiture,1,2,3,1,5
202200044872,2022-02-18 18:55:00,2022,2,18,18,55,34,34113,Avenue de Béziers,43.4934016857,3.708017569,Nuit avec éclairage allumé,En agglomération,Intersection en X,Normale,Deux véhicules - côté,3,2,2,0,1,1,1,0,1,50,2,2,1,0,0,1,48.0,55.0,voiture,deux_roues,5,2,2,1,3
202200044873,2022-08-19 16:10:00,2022,8,19,16,10,74,74128,D903,46.155162,6.319327,Plein jour,Hors agglomération,Hors intersection,Normale,Deux véhicules - frontale,3,2,3,0,2,1,1,0,1,80,2,3,0,0,0,3,61.0,68.0,voiture,voiture,1,1,1,1,1
202200044874,2022-06-12 10:15:00,2022,6,12,10,15,39,39373,,46.320223,5.887883,Plein jour,Hors agglomération,Hors intersection,Normale,Autre collision,3,2,2,0,2,2,1,0,1,80,1,3,2,0,0,1,22.0,,voiture,,1,1,1,1,6
202200044875,2022-10-28 21:40:00,2022,10,28,21,40,07,07289,CD 104 - Chemin du Chiet,44.638842,4.426374,Nuit sans éclairage public,Hors agglomération,Hors intersection,Normale,Deux véhicules - arrière,3,2,2,0,1,3,1,0,1,90,2,4,2,0,2,0,18.0,20.0,deux_roues,voiture,3,1,1,1,2
202200044876,2022-04-01 21:45:00,2022,4,1,21,45,09,09225,FOIX AVENUE DE,43.106903,1.618382,Nuit avec éclairage allumé,En agglomération,Hors intersection,Normale,Deux véhicules - côté,3,2,2,0,1,1,1,0,1,50,2,5,0,0,0,5,25.0,23.0,voiture,voiture,5,2,1,1,3
202200044877,2022-06-12 01:10:00,2022,6,12,1,10,39,39086,,46.368809,5.64122,Nuit sans éclairage public,Hors agglomération,Hors intersection,Normale,Autre collision,3,2,2,0,2,2,1,0,3,80,1,1,0,0,1,0,45.0,,voiture,,3,1,1,1,6
202200044878,2022-02-20 08:50:00,2022,2,20,8,50,83,83068,D44,43.292919,6.557039,Plein jour,Hors agglomération,Hors intersection,Normale,Deux véhicules - frontale,3,2,2,0,2,1,1,0,1,70,2,2,1,0,0,1,19.0,66.0,deux_roues,voiture,1,1,1,1,1
202200044879,2022-04-01 15:20:00,2022,4,1,15,20,09,09225,FOIX AVENUE DE,43.105335,1.619489,Plein jour,En agglomération,Hors intersection,Normale,Deux véhicules - arrière,3,2,2,0,1,1,2,0,1,50,2,3,2,0,0,1,37.0,57.0,deux_roues,voiture,1,2,1,1,2
202200044880,2022-08-18 20:14:00,2022,8,18,20,14,73,73248,D1006,45.276376,6.359411,Crépuscule ou aube,En agglomération,Intersection en X,Normale,Deux véhicules - côté,3,3,3,0,1,1,1,5,1,50,2,3,2,0,0,1,22.0,48.0,voiture,voiture,2,2,2,1,3
202200044881,2022-10-22 21:20:00,2022,10,22,21,20,17,17384,départementale 127,46.026547,-0.448326,Nuit sans éclairage public,Hors agglomération,Intersection en Y,Normale,Sans collision,3,2,2,0,1,3,1,0,3,80,1,1,0,0,1,0,22.0,,voiture,,3,1,4,1,7
202200044882,2022-02-21 21:00:00,2022,2,21,21,0,88,88167,D11,48.137683,6.655054,Nuit avec éclairage allumé,Hors agglomération,Hors intersection,Neige / grêle,Deux véhicules - frontale,3,2,2,0,1,4,2,0,1,90,2,2,1,0,0,1,51.0,55.0,voiture,voiture,5,1,1,4,1
202200044883,2022-08-17 16:30:00,2022,8,17,16,30,38,38225,Les morets D106,45.116673,5.531729,Plein jour,Hors agglomération,Autre intersection,Pluie légère,Autre collision,3,2,2,0,1,1,2,0,3,70,1,1,0,0,1,0,34.0,,voiture,,1,1,9,2,6
202200044884,2022-04-01 07:45:00,2022,4,1,7,45,07,07102,REPUBLIQUE (AV.DE LA) [DU N° AU N°],44.93459,4.876789,Plein jour,En agglomération,Intersection en T,Pluie légère,Deux véhicules - côté,4,3,2,0,1,1,2,0,1,50,2,2,1,0,0,1,44.0,53.0,utilitaire_camion,deux_roues,1,2,3,2,3
202200044885,2022-06-11 15:53:00,2022,6,11,15,53,39,39348,,46.666854,5.571693,Plein jour,Hors agglomération,Hors intersection,Normale,Deux véhicules - côté,3,2,2,0,4,1,1,0,1,90,2,5,2,1,1,1,21.0,68.0,voiture,deux_roues,1,1,1,1,3
202200044886,2022-10-28 19:25:00,2022,10,28,19,25,87,87203,Mercerie,45.6278693596,1.4209535122,Nuit avec éclairage non allumé,Hors agglomération,Intersection en T,Normale,Deux véhicules - côté,3,2,2,0,1,1,1,0,1,80,2,2,1,0,0,1,52.0,22.0,voiture,voiture,4,1,3,1,3
202200044887,2022-02-19 16:00:00,2022,2,19,16,0,54,54397,rue louis pasteur,48.6157360648,6.0922086247,Plein jour,Hors agglomération,Hors intersection,Normale,Autre collision,4,2,2,0,1,1,1,0,8,50,1,1,0,0,1,0,66.0,,voiture,,1,1,1,1,6
202200044888,2022-08-17 02:05:00,2022,8,17,2,5,01,01142,472 Rue de Genève,45.850987,5.068195,Nuit avec éclairage allumé,En agglomération,Hors intersection,Normale,Autre collision,3,2,2,0,1,1,1,0,1,50,1,1,0,0,1,0,19.0,,deux_roues,,5,2,1,1,6
202200044889,2022-03-29 16:25:00,2022,3,29,16,25,02,02212,15 Route de Chauny,49.649784,3.2776,Plein jour,En agglomération,Hors intersection,Normale,Deux véhicules - côté,4,2,2,0,1,1,1,0,4,50,2,2,1,0,1,0,35.0,50.0,deux_roues,voiture,1,2,1,1,3
202200044890,2022-06-11 06:30:00,2022,6,11,6,30,25,25240,27 rue principale,47.080395,6.628227,Crépuscule ou aube,En agglomération,Hors intersection,Normale,Deux véhicules - frontale,3,2,2,0,1,1,1,0,1,50,2,4,3,0,1,0,22.0,21.0,voiture,voiture,2,2,1,1,1
202200044891,2022-10-28 15:35:00,2022,10,28,15,35,30,30300,D6110,43.950826,4.10003,Plein jour,Hors agglomération,Intersection en Y,Normale,Deux véhicules - arrière,3,2,2,0,1,1,1,0,1,80,2,2,1,0,1,0,37.0,74.0,utilitaire_camion,voiture,1,1,4,1,2
202200044892,2022-03-31 13:05:00,2022,3,31,13,5,75,75116,BD PERIPHERIQUE INTERIEUR,48.850649,2.252218,Plein jour,En agglomération,Hors intersection,Pluie légère,Trois véhicules et plus - en chaîne,4,1,4,0,1,1,2,1,1,70,3,3,2,0,1,0,26.0,29.0,deux_roues,utilitaire_camion,1,2,1,2,4
202200044893,2022-08-18 15:50:00,2022,8,18,15,50,01,01185,D8,45.978174,5.601862,Plein jour,En agglomération,Intersection en T,Pluie légère,Deux véhicules - côté,3,2,2,0,2,3,2,0,1,50,2,2,1,0,0,1,66.0,61.0,deux_roues,voiture,1,2,3,2,3
202200044894,2022-02-21 13:10:00,2022,2,21,13,10,01,01142,85 Boulevard Robert Schumann,45.848891,5.062884,Plein jour,En agglomération,Hors intersection,Pluie légère,Deux véhicules - côté,3,2,2,0,1,1,2,0,1,50,2,5,4,0,0,1,23.0,49.0,voiture,voiture,1,2,1,2,3
202200044895,2022-10-29 11:30:00,2022,10,29,11,30,48,48092,Rue des Teinturiers,44.553116,3.293678,Plein jour,En agglomération,Intersection en T,Normale,Autre collision,4,2,1,0,1,1,1,0,1,50,1,2,1,0,0,1,37.0,,voiture,,1,2,3,1,6
202200044896,2022-06-11 21:40:00,2022,6,11,21,40,29,29146,Coat Kerambeux,47.9297,-3.854399,Plein jour,Hors agglomération,Hors intersection,Normale,Autre collision,4,2,2,0,2,2,1,0,3,70,1,1,0,1,0,0,53.0,,deux_roues,,1,1,1,1,6
202200044897,2022-04-01 00:10:00,2022,4,1,0,10,75,75120,RUE DE FONTARABIE,48.85811,2.403371,Nuit avec éclairage allumé,En agglomération,Intersection en T,Normale,Autre collision,4,1,1,0,1,1,1,0,1,30,1,1,0,0,0,1,30.0,,voiture,,5,2,3,1,6
202200044898,2022-02-09 11:00:00,2022,2,9,11,0,60,60350,D142,49.599379,2.82778,Plein jour,Hors agglomération,Hors intersection,Normale,Autre collision,3,2,2,0,1,1,1,0,3,80,1,3,1,0,0,2,,,voiture,,1,1,1,1,6
202200044899,2022-10-29 03:30:00,2022,10,29,3,30,08,08349,,49.6822136615,5.1669350266,Nuit sans éclairage public,Hors agglomération,Hors intersection,Normale,Autre collision,3,2,2,0,2,1,1,0,3,80,1,1,0,1,0,0,24.0,,voiture,,3,1,1,1,6
202200044900,2022-08-18 18:30:00,2022,8,18,18,30,87,87070,La Croix Ferrée,45.781101,1.491646,Crépuscule ou aube,Hors agglomération,Intersection en X,Normale,Deux véhicules - côté,3,2,2,0,1,1,1,0,1,70,2,4,2,0,0,2,39.0,57.0,voiture,voiture,2,1,2,1,3
202200044901,2022-06-11 16:39:00,2022,6,11,16,39,29,29244,Lieu Dit Pen Ar Groas,48.549225,-4.198526,Plein jour,Hors agglomération,Intersection en T,Normale,Deux véhicules - côté,3,2,1,0,1,1,1,5,1,80,2,3,1,0,2,0,53.0,16.0,utilitaire_camion,deux_roues,1,1,3,1,3
202200044902,2022-10-25 16:00:00,2022,10,25,16,0,30,30145,A9 PK 36.800,43.900923,4.526281,Plein jour,Hors agglomération,Hors intersection,Normale,Deux véhicules - arrière,1,3,5,0,1,1,1,0,1,130,2,2,0,0,0,2,30.0,43.0,utilitaire_camion,utilitaire_camion,1,1,1,1,2
202200044903,2022-02-20 21:00:00,2022,2,20,21,0,59,59582,D 642,50.727936,2.614483,Nuit sans éclairage public,Hors agglomération,Hors intersection,Vent fort / tempête,Deux véhicules - arrière,3,3,4,0,1,1,2,0,1,110,2,3,2,0,1,0,58.0,23.0,voiture,voiture,3,1,1,6,2
202200044904,2022-08-19 18:40:00,2022,8,19,18,40,17,17243,D730,45.247813,-0.288938,Plein jour,Hors agglomération,Intersection en X,Normale,Sans collision,3,2,2,0,3,1,1,0,1,80,1,2,0,0,1,1,23.0,,voiture,,1,1,2,1,7
202200044905,2022-04-01 19:20:00,2022,4,1,19,20,75,75119,BOULEVARD DE LA VILLETTE,48.884298,2.367618,Plein jour,En agglomération,Intersection en X,Normale,Deux véhicules - côté,4,2,3,1,1,1,1,0,5,30,2,2,1,0,0,1,55.0,21.0,voiture,deux_roues,1,2,2,1,3
202200044906,2022-10-29 10:30:00,2022,10,29,10,30,29,29233,Rue de Kervail,47.870959,-3.576041,Plein jour,En agglomération,Hors intersection,Pluie légère,Deux véhicules - arrière,4,2,2,0,1,1,2,0,1,70,2,2,1,0,0,1,91.0,17.0,voiture,deux_roues,1,2,1,2,2
202200044907,2022-08-18 00:50:00,2022,8,18,0,50,24,24244,Le Parc,44.698773,0.849611,Nuit sans éclairage public,Hors agglomération,Hors intersection,Normale,Autre collision,3,2,2,0,1,1,1,0,3,80,1,1,0,1,0,0,25.0,,voiture,,3,1,1,1,6
202200044908,2022-06-11 14:40:00,2022,6,11,14,40,31,31037,Rd 43,43.395319,1.811349,Plein jour,Hors agglomération,Intersection en X,Normale,Deux véhicules - côté,3,2,2,0,1,1,1,0,1,80,2,3,2,0,1,0,36.0,43.0,voiture,voiture,1,1,2,1,3
202200044909,2022-02-21 16:40:00,2022,2,21,16,40,59,59051,Avenue Carnot,50.533381,2.806964,Plein jour,En agglomération,Intersection en X,Normale,Deux véhicules - frontale,4,2,2,0,1,1,1,0,1,50,2,2,1,0,1,0,53.0,81.0,voiture,deux_roues,1,2,2,1,1
202200044910,2022-10-28 19:20:00,2022,10,28,19,20,77,77126,D121,49.023212,3.007254,Nuit sans éclairage public,Hors agglomération,Hors intersection,Normale,Autre collision,3,2,2,0,1,1,1,0,1,80,1,2,0,0,1,1,47.0,,deux_roues,,3,1,1,1,6
202200044911,2022-03-31 17:30:00,2022,3,31,17,30,75,75118,BOULEVARD DE ROCHECHOUART,48.8821649661,2.339641429,Plein jour,En agglomération,Intersection en X,Pluie légère,Deux véhicules - frontale,4,3,2,0,1,1,2,0,1,30,2,4,3,0,0,1,41.0,14.0,voiture,deux_roues,1,2,2,2,1
202200044912,2022-06-30 10:10:00,2022,6,30,10,10,33,33051,Allee des Louisianes,44.641849,-0.96875,Plein jour,En agglomération,Intersection en X,Pluie légère,Deux véhicules - arrière,4,2,2,0,1,1,2,0,1,50,2,2,1,0,0,1,31.0,,voiture,voiture,1,2,2,2,2
202200044913,2022-06-11 14:50:00,2022,6,11,14,50,38,38292,Route de Saint Pierre,45.47782,5.558996,Plein jour,En agglomération,Hors intersection,Normale,Sans collision,3,2,2,0,1,1,1,5,8,50,1,2,1,0,1,0,19.0,,voiture,,1,2,1,1,7
202200044914,2022-02-21 07:40:00,2022,2,21,7,40,83,83137,A50,43.1265309606,5.8945813177,Plein jour,Hors agglomération,Hors intersection,Normale,Deux véhicules - côté,1,3,6,0,1,1,1,0,1,70,2,2,1,0,0,1,51.0,30.0,utilitaire_camion,voiture,1,1,1,1,3
202200044915,2022-04-01 13:30:00,2022,4,1,13,30,75,75117,RUE JACQUES IBERT,48.888219,2.289093,Plein jour,En agglomération,Hors intersection,Neige / grêle,Sans collision,4,1,2,0,1,1,2,0,1,30,2,2,1,0,0,1,34.0,39.0,deux_roues,voiture,1,2,1,4,7
202200044916,2022-06-12 06:20:00,2022,6,12,6,20,38,38287,D520,45.418757,5.455377,Plein jour,Hors agglomération,Hors intersection,Normale,Autre collision,3,2,1,0,1,1,1,0,3,80,1,2,0,0,1,1,22.0,,voiture,,1,1,1,1,6
202200044917,2022-08-18 14:15:00,2022,8,18,14,15,27,27439,Route de Louviers,49.058208,1.169116,Plein jour,En agglomération,Hors intersection,Normale,Trois véhicules et plus - collisions multiples,3,2,3,0,1,1,1,0,1,50,3,3,2,0,0,1,65.0,40.0,voiture,voiture,1,2,1,1,5
202200044918,2022-10-29 16:00:00,2022,10,29,16,0,77,77401,D603,49.001858,3.158441,Plein jour,Hors agglomération,Intersection en T,Normale,Autre collision,3,2,2,0,1,1,1,0,1,80,3,3,2,0,1,0,47.0,49.0,voiture,voiture,1,1,3,1,6
202200044919,2022-04-01 08:15:00,2022,4,1,8,15,75,75117,RUE CLAUDE DEBUSSY,48.885728,2.289118,Plein jour,En agglomération,Intersection en Y,Neige / grêle,Autre collision,4,1,1,0,1,1,2,0,1,30,1,2,1,0,0,1,32.0,,deux_roues,,1,2,4,4,6
202200044920,2022-02-18 18:40:00,2022,2,18,18,40,69,69297,Autoroute 47,45.58824,4.78176,Plein jour,Hors agglomération,Hors intersection,Normale,Deux véhicules - arrière,1,3,4,0,1,1,1,0,1,70,2,2,1,0,0,1,28.0,35.0,voiture,voiture,1,1,1,1,2
202200044921,2022-08-18 17:00:00,2022,8,18,17,0,60,60559,Rue de Courlieu,49.410219,2.302387,Plein jour,En agglomération,Intersection en X,Normale,Deux véhicules - côté,3,2,2,0,1,1,1,0,1,50,2,2,1,0,1,0,59.0,17.0,voiture,deux_roues,1,2,2,1,3
202200044922,2022-10-28 21:15:00,2022,10,28,21,15,95,95610,RD 81,49.0845423531,1.896331889,Nuit avec éclairage allumé,En agglomération,Hors intersection,Normale,Sans collision,3,2,2,0,1,3,1,0,1,30,1,2,1,0,0,1,16.0,,deux_roues,,5,2,1,1,7
202200044923,2022-06-11 11:30:00,2022,6,11,11,30,15,15196,L Embranchement,44.868894,2.301992,Plein jour,Hors agglomération,Intersection en X,Normale,Deux véhicules - frontale,2,2,2,0,1,1,1,5,1,80,2,5,0,0,2,3,32.0,87.0,voiture,voiture,1,1,2,1,1
202200044924,2022-04-01 07:33:00,2022,4,1,7,33,75,75117,AVENUE DES TERNES,48.878344,2.295561,Plein jour,En agglomération,Intersection en T,Neige / grêle,Deux véhicules - arrière,4,2,4,0,1,1,2,0,1,30,2,2,1,0,0,1,46.0,32.0,voiture,deux_roues,1,2,3,4,2
202200044925,2022-02-21 15:35:00,2022,2,21,15,35,91,91216,AUTOROUTE A6,48.68569,2.32704,Plein jour,Hors agglomération,Hors intersection,Pluie légère,Trois véhicules et plus - en chaîne,1,1,3,0,1,1,2,0,1,110,3,3,2,0,0,1,33.0,41.0,voiture,utilitaire_camion,1,1,1,2,4
202200044926,2022-08-18 07:00:00,2022,8,18,7,0,60,60461,D938,49.447412,2.152505,Plein jour,Hors agglomération,Hors intersection,Normale,Trois véhicules et plus - en chaîne,3,2,2,0,2,1,1,2,1,80,3,3,2,0,0,1,57.0,37.0,utilitaire_camion,utilitaire_camion,1,1,1,1,4
202200044927,2022-10-28 22:45:00,2022,10,28,22,45,66,66017,D83,42.7872860405,3.0191320181,Nuit sans éclairage public,Hors agglomération,Hors intersection,Normale,Sans collision,3,-1,2,0,1,2,1,0,1,110,1,1,0,1,0,0,36.0,,voiture,,3,1,1,1,7
202200044928,2022-06-12 12:00:00,2022,6,12,12,0,01,01246,Route des 3 Rivieres,46.237337,5.066304,Plein jour,Hors agglomération,Passage à niveau,Normale,Sans collision,3,2,2,0,1,1,1,4,1,80,1,1,0,0,1,0,26.0,,deux_roues,,1,1,8,1,7
202200044929,2022-04-01 18:35:00,2022,4,1,18,35,75,75114,RUE ANTOINE CHANTIN,48.827224,2.322473,Plein jour,En agglomération,Hors intersection,Temps couvert,Deux véhicules - côté,4,1,1,0,1,1,2,0,1,30,2,2,1,0,0,1,33.0,74.0,deux_roues,voiture,1,2,1,8,3
202200044930,2022-08-19 02:48:00,2022,8,19,2,48,59,59408,Rue du Haut,50.4516783689,3.075658232,Nuit avec éclairage allumé,En agglomération,Hors intersection,Normale,Autre collision,3,2,2,0,1,2,1,0,4,50,1,2,1,0,0,1,20.0,,voiture,,5,2,1,1,6