accident_id,datetime,annee,mois,jour,heure,minute,departement,commune_insee,adresse,latitude,longitude,luminosite,agglomeration,intersection,meteo,collision,catr,circ,nbv,vosp,prof,plan,surf,infra,situ,vma,nb_vehicules,nb_usagers,nb_indemnes,nb_tues,nb_blesses_hosp,nb_blesses_legers,age_cond_1,age_cond_2,veh_type_cond_1,veh_type_cond_2,lum_code,agg_code,int_code,atm_code,col_code
202200044931,2022-10-28 19:35:00,2022,10,28,19,35,83,83081,562 route de draguignan,43.602717,6.776319,Nuit avec éclairage allumé,En agglomération,Hors intersection,Normale,Deux véhicules - côté,3,2,2,0,1,1,1,0,1,50,2,2,1,0,1,0,41.0,31.0,utilitaire_camion,deux_roues,5,2,1,1,3
202200044932,2022-02-17 22:00:00,2022,2,17,22,0,78,78291,A13,48.96551,1.75266,Nuit sans éclairage public,Hors agglomération,Hors intersection,Normale,Deux véhicules - arrière,1,3,3,0,2,1,1,2,1,110,2,5,1,2,2,0,43.0,61.0,voiture,utilitaire_camion,3,1,1,1,2
202200044933,2022-04-01 08:44:00,2022,4,1,8,44,75,75114,RUE LAROCHELLE,48.839503,2.323439,Plein jour,En agglomération,Intersection en T,Neige / grêle,Autre collision,4,1,1,0,1,1,2,0,4,30,1,2,1,0,0,1,50.0,,voiture,,1,2,3,4,6
202200044934,2022-10-28 18:25:00,2022,10,28,18,25,89,89257,Route de Migennes,47.956723,3.505046,Crépuscule ou aube,En agglomération,Intersection en Y,Normale,Deux véhicules - côté,3,2,2,0,2,1,1,5,1,50,2,2,0,0,2,0,30.0,53.0,voiture,voiture,2,2,4,1,3
202200044935,2022-08-17 21:00:00,2022,8,17,21,0,83,83123,A50,43.1331864352,5.8117246628,Nuit sans éclairage public,Hors agglomération,Hors intersection,Pluie légère,Sans collision,1,3,4,0,2,1,2,0,1,110,1,7,0,0,0,7,43.0,,voiture,,3,1,1,2,7
202200044936,2022-06-11 18:10:00,2022,6,11,18,10,54,54128,route nationale 4,48.6578892622,5.8390617372,Plein jour,Hors agglomération,Hors intersection,Temps éblouissant,Autre collision,2,3,4,0,1,1,1,0,1,110,1,1,0,1,0,0,24.0,,deux_roues,,1,1,1,7,6
202200044937,2022-02-21 07:30:00,2022,2,21,7,30,93,93005,AUTOROUTE A3,48.9469503739,2.4759894608,Crépuscule ou aube,Hors agglomération,Hors intersection,Normale,Autre collision,1,3,3,0,1,1,1,0,1,90,3,3,2,0,0,1,23.0,29.0,voiture,deux_roues,2,1,1,1,6
202200044938,2022-04-01 10:50:00,2022,4,1,10,50,75,75113,AVENUE DES GOBELINS,48.833947,2.353841,Plein jour,En agglomération,Intersection en T,Pluie légère,Deux véhicules - côté,4,2,4,3,2,1,2,0,6,30,2,2,1,0,0,1,22.0,41.0,deux_roues,utilitaire_camion,1,2,3,2,3
202200044939,2022-03-31 23:30:00,2022,3,31,23,30,75,75113,BOULEVARD DU GENERAL JEAN SIMON,48.825148,2.379743,Nuit avec éclairage allumé,En agglomération,Hors intersection,Vent fort / tempête,Autre collision,4,2,4,0,2,2,1,0,1,50,1,1,0,0,0,1,69.0,,deux_roues,,5,2,1,6,6
202200044940,2022-08-17 15:05:00,2022,8,17,15,5,83,83090,A50,43.1228192404,5.8289337158,Plein jour,Hors agglomération,Hors intersection,Pluie légère,Deux véhicules - arrière,1,1,3,0,1,1,2,0,1,110,2,5,4,0,0,1,30.0,71.0,utilitaire_camion,voiture,1,1,1,2,2
202200044941,2022-06-11 17:25:00,2022,6,11,17,25,54,54598,D643,49.3592205225,5.7655155667,Plein jour,Hors agglomération,Intersection en T,Normale,Deux véhicules - côté,3,2,2,0,1,1,1,0,1,80,2,2,1,0,0,1,27.0,68.0,deux_roues,utilitaire_camion,1,1,3,1,3
202200044942,2022-02-20 21:30:00,2022,2,20,21,30,974,97409,CAMBUSTON (rue de),-20.93341,55.65425,Nuit avec éclairage allumé,En agglomération,Intersection en X,Vent fort / tempête,Deux véhicules - côté,3,2,2,0,1,1,2,0,1,50,2,2,1,0,1,0,44.0,27.0,voiture,deux_roues,5,2,2,6,3
202200044943,2022-04-01 20:51:00,2022,4,1,20,51,75,75108,BOULEVARD MALESHERBES,48.876639,2.31771,Plein jour,En agglomération,Intersection en X,Neige / grêle,Deux véhicules - côté,4,2,4,0,1,1,2,0,1,30,2,2,1,0,1,0,64.0,27.0,voiture,deux_roues,1,2,2,4,3
202200044944,2022-06-09 07:30:00,2022,6,9,7,30,14,14131,D677,49.313366,0.141009,Plein jour,En agglomération,Hors intersection,Normale,Deux véhicules - arrière,3,2,2,0,1,1,1,0,1,50,2,2,1,0,1,0,31.0,47.0,voiture,deux_roues,1,2,1,1,2
202200044945,2022-08-16 23:14:00,2022,8,16,23,14,38,38184,A43   15.971 A 18.875,45.6554,5.09106,Nuit sans éclairage public,Hors agglomération,Hors intersection,Normale,Deux véhicules - arrière,1,1,3,0,2,1,1,0,1,130,2,4,0,1,2,1,56.0,35.0,voiture,voiture,3,1,1,1,2
202200044946,2022-10-28 18:40:00,2022,10,28,18,40,52,52449,D122,47.831603,5.337596,Crépuscule ou aube,Hors agglomération,Intersection en T,Normale,Deux véhicules - côté,3,2,2,0,1,1,1,0,1,70,2,2,1,0,1,0,60.0,36.0,voiture,deux_roues,2,1,3,1,3
202200044947,2022-02-19 20:00:00,2022,2,19,20,0,974,97409,RN2 DIRECTION ST BENT SORTIE PETIT BAZAR,-20.942588,55.647279,Nuit sans éclairage public,Hors agglomération,Hors intersection,Pluie légère,Sans collision,2,2,4,0,1,3,2,0,1,90,1,1,0,0,0,1,26.0,,voiture,,3,1,1,2,7
202200044948,2022-04-01 00:43:00,2022,4,1,0,43,75,75108,PLACE DE LA CONCORDE,48.864089,2.320121,Nuit sans éclairage public,En agglomération,Place,Normale,Autre collision,4,2,6,0,1,1,1,0,1,30,1,1,0,0,0,1,24.0,,deux_roues,,3,2,7,1,6
202200044949,2022-08-18 13:31:00,2022,8,18,13,31,91,91179,AUTOROUTE A6,48.564972,2.475909,Plein jour,Hors agglomération,Hors intersection,Normale,Deux véhicules - arrière,1,3,6,0,1,1,1,0,1,110,2,3,1,0,0,2,68.0,33.0,voiture,voiture,1,1,1,1,2
202200044950,2022-02-20 22:45:00,2022,2,20,22,45,69,69383,150 Rue Paul Bert,45.7570753681,4.8566021025,Nuit avec éclairage allumé,En agglomération,Autre intersection,Normale,Sans collision,4,2,2,0,1,2,1,0,1,50,1,1,0,0,0,1,20.0,,deux_roues,,5,2,9,1,7
202200044951,2022-06-12 14:20:00,2022,6,12,14,20,05,05046,RN94,44.563047,6.507125,Plein jour,Hors agglomération,Autre intersection,Normale,Trois véhicules et plus - collisions multiples,2,2,2,0,2,1,1,0,1,80,3,4,0,0,0,4,47.0,42.0,voiture,voiture,1,1,9,1,5
202200044952,2022-10-29 06:00:00,2022,10,29,6,0,68,68298,Haut de Faite,48.246598,7.143342,Nuit sans éclairage public,Hors agglomération,Hors intersection,Normale,Sans collision,3,2,2,0,2,1,1,0,1,80,1,4,3,0,0,1,38.0,,voiture,,3,1,1,1,7
202200044953,2022-04-01 13:40:00,2022,4,1,13,40,75,75107,RUE DE LILLE,48.8588,2.32875,Plein jour,En agglomération,Intersection en X,Pluie légère,Deux véhicules - côté,4,1,1,0,1,1,2,0,1,30,2,2,0,0,0,2,20.0,19.0,deux_roues,deux_roues,1,2,2,2,3
202200044954,2022-08-18 16:00:00,2022,8,18,16,0,93,93048,AUTOROUTE A86,48.8645671382,2.4823039923,Plein jour,Hors agglomération,Hors intersection,Normale,Deux véhicules - côté,1,3,6,0,1,1,1,1,1,90,2,2,1,0,0,1,39.0,26.0,voiture,deux_roues,1,1,1,1,3
202200044955,2022-02-20 11:50:00,2022,2,20,11,50,69,69389,Avenue Barthélémy Buyer,45.76414,4.78938,Plein jour,En agglomération,Hors intersection,Temps couvert,Sans collision,4,2,2,0,2,1,1,0,1,50,1,2,1,0,0,1,45.0,,deux_roues,,1,2,1,8,7
202200044956,2022-06-12 00:26:00,2022,6,12,0,26,50,50003,43 Rue Général Guérin d Agon,49.046902,-1.591314,Nuit sans éclairage public,En agglomération,Hors intersection,Normale,Autre collision,3,2,1,0,1,1,1,0,3,50,1,3,2,0,1,0,38.0,,voiture,,3,2,1,1,6
202200044957,2022-10-22 20:30:00,2022,10,22,20,30,88,88261,Rue Maurice Mougeot,48.19413,6.703927,Nuit avec éclairage allumé,En agglomération,Intersection en T,Normale,Sans collision,4,2,2,0,1,1,1,9,1,30,2,2,1,0,0,1,16.0,22.0,deux_roues,voiture,5,2,3,1,7
202200044958,2022-04-01 13:45:00,2022,4,1,13,45,75,75103,RUE DE BRETAGNE,48.864069,2.360565,Plein jour,En agglomération,Hors intersection,Neige / grêle,Autre collision,4,2,2,0,1,1,2,0,1,30,1,2,1,0,0,1,43.0,,voiture,,1,2,1,4,6
202200044959,2022-08-18 05:20:00,2022,8,18,5,20,93,93048,AUTOROUTE A3,48.8730079962,2.4352838986,Nuit sans éclairage public,Hors agglomération,Hors intersection,Normale,Deux véhicules - arrière,1,1,5,0,1,1,1,0,1,70,2,2,1,0,0,1,44.0,27.0,voiture,voiture,3,1,1,1,2
202200044960,2022-06-12 17:30:00,2022,6,12,17,30,18,18170,Rue des Stuarts,47.474585,2.507962,Plein jour,En agglomération,Hors intersection,Normale,Deux véhicules - frontale,3,2,2,0,1,1,1,0,1,50,2,2,0,1,0,1,52.0,32.0,voiture,voiture,1,2,1,1,1
202200044961,2022-04-01 15:10:00,2022,4,1,15,10,94,94074,62 Avenue Julien Duranton,48.76274,2.44837,Plein jour,En agglomération,Intersection en T,Neige / grêle,Deux véhicules - côté,3,-1,2,0,1,1,2,0,1,50,2,2,1,0,0,1,36.0,47.0,voiture,voiture,1,2,3,4,3
202200044962,2022-02-20 01:59:00,2022,2,20,1,59,69,69382,Quai Tilsitt,45.75925,4.82961,Nuit avec éclairage allumé,En agglomération,Intersection en X,Normale,Deux véhicules - côté,4,1,2,3,1,1,1,0,1,50,2,5,3,0,0,2,27.0,24.0,voiture,voiture,5,2,2,1,3
202200044963,2022-10-29 10:30:00,2022,10,29,10,30,01,01249,Grande Rue,45.8197551666,4.9419862032,Plein jour,En agglomération,Intersection en T,Temps éblouissant,Deux véhicules - côté,3,2,2,1,1,1,1,0,1,50,2,3,1,0,2,0,22.0,35.0,deux_roues,voiture,1,2,3,7,3
202200044964,2022-08-17 17:25:00,2022,8,17,17,25,77,77083,A4.W,48.8320393099,2.6005324287,Plein jour,Hors agglomération,Hors intersection,Pluie forte,Trois véhicules et plus - en chaîne,1,3,3,0,1,1,2,0,1,110,3,3,1,0,0,2,24.0,25.0,voiture,voiture,1,1,1,3,4
202200044965,2022-04-01 09:10:00,2022,4,1,9,10,94,94068,REPUBLIQUE (AV DE LA),48.80248,2.48607,Plein jour,En agglomération,Intersection à plus de 4 branches,Neige / grêle,Autre collision,3,1,2,0,1,1,2,6,1,30,1,2,1,0,0,1,42.0,,utilitaire_camion,,1,2,5,4,6
202200044966,2022-06-12 17:55:00,2022,6,12,17,55,18,18102,Rue Alfred Clément,46.840327,2.816876,Plein jour,Hors agglomération,Hors intersection,Normale,Deux véhicules - côté,3,2,2,0,1,1,1,0,1,80,2,7,6,0,0,1,21.0,23.0,voiture,voiture,1,1,1,1,3
202200044967,2022-10-29 01:30:00,2022,10,29,1,30,69,69017,Route de Chessy,45.9018902965,4.6261775494,Nuit sans éclairage public,Hors agglomération,Hors intersection,Normale,Deux véhicules - côté,3,2,2,0,1,2,1,0,1,80,2,2,1,0,1,0,54.0,55.0,voiture,deux_roues,3,1,1,1,3
202200044968,2022-02-20 17:20:00,2022,2,20,17,20,95,95539,DIVISION LECLERC (AVENUE DE LA ),48.99156,2.36072,Plein jour,En agglomération,Hors intersection,Normale,Deux véhicules - arrière,3,2,2,0,1,1,1,0,1,50,2,3,2,0,0,1,30.0,53.0,voiture,voiture,1,2,1,1,2
202200044969,2022-10-29 16:25:00,2022,10,29,16,25,85,85054,la Brunière,46.682134,-1.700338,Plein jour,Hors agglomération,Hors intersection,Normale,Sans collision,3,2,2,0,1,4,1,0,3,80,1,1,0,0,0,1,24.0,,deux_roues,,1,1,1,1,7
202200044970,2022-04-01 15:35:00,2022,4,1,15,35,94,94058,Avenue du 11 Novembre,48.84546,2.49729,Plein jour,En agglomération,Hors intersection,Pluie légère,Autre collision,3,2,2,0,2,1,2,0,1,50,1,2,0,0,0,2,53.0,,deux_roues,,1,2,1,2,6
202200044971,2022-02-19 18:30:00,2022,2,19,18,30,95,95539,MARAINVAL  (ROUTE DE),49.0062449788,2.3585736752,Nuit avec éclairage non allumé,En agglomération,Hors intersection,Normale,Autre collision,4,2,2,0,2,1,1,0,1,50,1,2,1,0,0,1,32.0,,voiture,,4,2,1,1,6
202200044972,2022-06-11 22:50:00,2022,6,11,22,50,43,43132,D114,45.125185,3.552017,Nuit sans éclairage public,Hors agglomération,Hors intersection,Normale,Sans collision,3,2,2,0,2,2,1,0,3,-1,1,1,0,0,1,0,39.0,,deux_roues,,3,1,1,1,7
202200044973,2022-04-27 15:10:00,2022,4,27,15,10,67,67482,M351,48.58707,7.71463,Plein jour,Hors agglomération,Hors intersection,Normale,Trois véhicules et plus - en chaîne,7,3,6,0,1,1,1,0,1,90,3,5,3,0,0,2,31.0,21.0,voiture,voiture,1,1,1,1,4
202200044974,2022-10-28 22:40:00,2022,10,28,22,40,60,60133,D74,49.5127788588,2.4013323783,Nuit sans éclairage public,Hors agglomération,Hors intersection,Normale,Sans collision,3,2,2,0,1,3,1,0,8,80,1,1,0,0,1,0,24.0,,voiture,,3,1,1,1,7
202200044975,2022-03-30 14:15:00,2022,3,30,14,15,94,94028,Rue des Ecoles,48.7879,2.46908,Plein jour,En agglomération,Hors intersection,Normale,Autre collision,4,2,2,0,1,1,1,0,1,30,1,2,1,0,0,1,27.0,,voiture,,1,2,1,1,6
202200044976,2022-02-19 19:30:00,2022,2,19,19,30,91,91421,NATIONALE 6 (REVEIL MATIN),48.7201,2.44313,Nuit avec éclairage allumé,Hors agglomération,Hors intersection,Pluie légère,Deux véhicules - arrière,3,1,2,0,1,1,2,3,1,50,2,3,1,0,0,2,25.0,33.0,voiture,voiture,5,1,1,2,2
202200044977,2022-08-17 16:56:00,2022,8,17,16,56,2A,2A004,T20,41.935,8.80305,Plein jour,Hors agglomération,Hors intersection,Normale,Deux véhicules - arrière,2,2,2,0,1,1,1,0,1,90,2,2,1,0,0,1,25.0,39.0,voiture,voiture,1,1,1,1,2
202200044978,2022-03-31 18:20:00,2022,3,31,18,20,94,94079,Rue Claude Trottin,48.8278550899,2.5438807905,Plein jour,En agglomération,Hors intersection,Pluie légère,Deux véhicules - côté,3,2,2,0,1,1,2,0,1,50,2,2,1,0,0,1,17.0,45.0,deux_roues,voiture,1,2,1,2,3
202200044979,2022-06-11 11:40:00,2022,6,11,11,40,10,10419,Rue du Cortin au Prin,48.180599487,4.2294568642,Plein jour,En agglomération,Intersection en X,Normale,Deux véhicules - côté,3,2,2,0,1,1,1,0,8,50,2,6,4,0,0,2,56.0,25.0,voiture,voiture,1,2,2,1,3
202200044980,2022-10-29 09:50:00,2022,10,29,9,50,80,80618,Voie communale 6,50.147509,1.598908,Plein jour,En agglomération,Intersection en X,Normale,Deux véhicules - côté,4,2,2,0,1,1,1,0,1,80,2,2,0,0,0,2,23.0,84.0,utilitaire_camion,voiture,1,2,2,1,3
202200044981,2022-02-20 11:10:00,2022,2,20,11,10,83,83137,PERI  (PLACE GABRIEL),43.12634,5.92545,Plein jour,En agglomération,Hors intersection,Normale,Deux véhicules - côté,4,2,6,3,1,1,1,0,1,50,2,2,1,0,0,1,67.0,19.0,voiture,deux_roues,1,2,1,1,3
202200044982,2022-08-14 11:04:00,2022,8,14,11,4,66,66136,,42.70787,2.90282,Plein jour,En agglomération,Hors intersection,Normale,Autre collision,4,2,2,0,1,1,1,0,1,50,1,2,1,0,0,1,81.0,,voiture,,1,2,1,1,6
202200044983,2022-04-01 20:34:00,2022,4,1,20,34,94,94041,Quai Auguste Deshaies / Quai Auguste Deshaies,48.81853,2.40044,Nuit avec éclairage allumé,En agglomération,Intersection en Y,Normale,Deux véhicules - frontale,3,2,3,0,1,1,1,5,1,50,2,2,1,0,1,0,29.0,50.0,voiture,deux_roues,5,2,4,1,1
202200044984,2022-02-20 21:25:00,2022,2,20,21,25,78,78172,PASTEUR (RUE),48.99474,2.09854,Nuit avec éclairage allumé,En agglomération,Hors intersection,Pluie légère,Autre collision,3,1,2,1,1,1,2,0,1,30,1,1,0,0,0,1,41.0,,voiture,,5,2,1,2,6
202200044985,2022-10-29 09:20:00,2022,10,29,9,20,59,59535,Chemin de la Glaise,50.765854,2.728059,Plein jour,Hors agglomération,Hors intersection,Normale,Autre collision,4,-1,1,0,2,2,1,0,3,50,1,2,0,0,0,2,92.0,,voiture,,1,1,1,1,6
202200044986,2022-04-28 18:00:00,2022,4,28,18,0,75,75116,A13,48.8483567007,2.2485119104,Plein jour,Hors agglomération,Hors intersection,Normale,Deux véhicules - côté,1,1,3,0,1,1,1,0,1,110,2,2,1,0,0,1,44.0,44.0,deux_roues,voiture,1,1,1,1,3
202200044987,2022-06-12 19:30:00,2022,6,12,19,30,53,53066,D20,47.77729,-0.778334,Plein jour,Hors agglomération,Intersection en T,Normale,Deux véhicules - côté,3,2,1,0,1,1,1,5,1,90,2,6,4,0,0,2,83.0,44.0,voiture,voiture,1,1,3,1,3
202200044988,2022-03-31 15:05:00,2022,3,31,15,5,94,94002, Cours Beethoven/ Boulevard d'Erevan/ Impasse de Choisy,48.79533,2.42918,Plein jour,En agglomération,Giratoire,Pluie légère,Deux véhicules - arrière,4,2,2,1,1,2,2,0,1,50,2,2,1,0,0,1,30.0,35.0,voiture,voiture,1,2,6,2,2
202200044989,2022-08-17 19:40:00,2022,8,17,19,40,974,97416,RN3 (1),-21.33098,55.46736,Nuit sans éclairage public,En agglomération,Hors intersection,Normale,Deux véhicules - frontale,2,3,2,0,2,1,1,0,1,110,2,2,0,1,0,1,31.0,25.0,voiture,voiture,3,2,1,1,1
202200044990,2022-10-29 09:15:00,2022,10,29,9,15,59,59592,D954,50.479043,3.070593,Plein jour,Hors agglomération,Intersection en X,Normale,Deux véhicules - côté,3,2,2,0,1,1,1,0,1,70,2,2,1,0,1,0,46.0,56.0,voiture,deux_roues,1,1,2,1,3
202200044991,2022-04-01 17:00:00,2022,4,1,17,0,93,93066,Rue Gaston Philippe / Rue Paul Eluard,48.93879,2.35066,Plein jour,En agglomération,Intersection en X,Pluie légère,Autre collision,4,2,2,0,1,1,2,0,1,50,1,2,1,0,0,1,22.0,,voiture,,1,2,2,2,6
202200044992,2022-06-11 20:30:00,2022,6,11,20,30,53,53124,Ampoigné,47.812344,-0.823398,Plein jour,Hors agglomération,Hors intersection,Normale,Deux véhicules - frontale,3,2,2,0,1,1,1,0,1,80,2,3,1,0,0,2,19.0,15.0,voiture,deux_roues,1,1,1,1,1
202200044993,2022-08-16 10:15:00,2022,8,16,10,15,973,97302,MONTABO (ROUTE DE) 1,4.94502,-52.3123,Plein jour,En agglomération,Hors intersection,Normale,Deux véhicules - arrière,3,2,2,0,1,1,1,0,1,50,2,2,1,0,1,0,56.0,58.0,voiture,utilitaire_camion,1,2,1,1,2
202200044994,2022-06-11 18:00:00,2022,6,11,18,0,24,24303,D100,45.395286,0.315599,Plein jour,Hors agglomération,Hors intersection,Normale,Sans collision,3,2,2,0,1,2,1,0,1,80,1,1,0,0,0,1,15.0,,deux_roues,,1,1,1,1,7
202200044995,2022-10-28 18:20:00,2022,10,28,18,20,13,13215,A7-Sens Lyon vers Marseille,43.3757968472,5.3599177301,Plein jour,Hors agglomération,Hors intersection,Normale,Deux véhicules - arrière,1,-1,3,0,1,1,1,0,1,90,2,2,1,0,0,1,39.0,38.0,utilitaire_camion,voiture,1,1,1,1,2
202200044996,2022-04-01 15:55:00,2022,4,1,15,55,93,93077,Avenue de Rosny,48.88509,2.50509,Plein jour,En agglomération,Hors intersection,Pluie légère,Deux véhicules - frontale,3,2,4,0,1,1,2,0,1,50,2,3,0,0,0,3,35.0,50.0,voiture,voiture,1,2,1,2,1
202200044997,2022-02-20 17:50:00,2022,2,20,17,50,69,69271,Route de Lyon,45.7449958652,4.9385690689,Crépuscule ou aube,Hors agglomération,Hors intersection,Normale,Autre collision,7,1,3,0,1,2,1,0,3,50,1,2,0,0,0,2,21.0,,voiture,,2,1,1,1,6
202200044998,2022-08-17 09:00:00,2022,8,17,9,0,973,97302,BADUEL (ROUTE DE),4.9354056438,-52.3126807809,Plein jour,En agglomération,Intersection en T,Normale,Deux véhicules - côté,3,2,2,0,1,1,1,0,1,50,2,3,2,0,0,1,64.0,,voiture,deux_roues,1,2,3,1,3
202200044999,2022-06-12 11:30:00,2022,6,12,11,30,24,24064,impasse de marsalou,45.3119999057,0.7331771851,Plein jour,Hors agglomération,Hors intersection,Normale,Sans collision,3,2,2,0,2,1,2,0,1,30,1,1,0,0,1,0,65.0,,utilitaire_camion,,1,1,1,1,7
202200045000,2022-10-28 13:00:00,2022,10,28,13,0,13,13212,A507 sens Aubagne- Marseille,43.30252,5.42554,Plein jour,Hors agglomération,Hors intersection,Normale,Deux véhicules - côté,1,1,3,0,2,1,1,1,1,70,2,2,1,0,0,1,21.0,,voiture,utilitaire_camion,1,1,1,1,3
202200045001,2022-04-01 05:00:00,2022,4,1,5,0,93,93046,Avenue César Collavéri,48.922592,2.533478,Nuit avec éclairage allumé,En agglomération,Place,Pluie légère,Autre collision,4,1,2,1,1,1,2,0,4,50,1,5,2,0,0,3,20.0,,voiture,,5,2,7,2,6
202200045002,2022-06-11 18:00:00,2022,6,11,18,0,04,04135,RD 952,43.814556,6.248453,Plein jour,Hors agglomération,Hors intersection,Normale,Autre collision,3,2,2,0,2,3,1,0,1,80,1,1,0,0,0,1,56.0,,deux_roues,,1,1,1,1,6
202200045003,2022-08-17 08:20:00,2022,8,17,8,20,69,69387,Rue Croix-Barret,45.73669,4.84252,Plein jour,En agglomération,Hors intersection,Normale,Autre collision,4,2,2,2,1,1,1,0,1,30,1,2,1,0,0,1,,,deux_roues,,1,2,1,1,6
202200045004,2022-02-20 13:30:00,2022,2,20,13,30,69,69264,Boulevard Gambetta,45.9908246623,4.7150927782,Plein jour,En agglomération,Hors intersection,Normale,Deux véhicules - arrière,4,2,2,0,2,1,1,0,1,50,2,2,1,0,0,1,46.0,23.0,utilitaire_camion,voiture,1,2,1,1,2
202200045005,2022-10-22 15:50:00,2022,10,22,15,50,13,13210,A507 sens Aubagne- Marseille,43.28454,5.41467,Plein jour,Hors agglomération,Hors intersection,Normale,Autre collision,1,-1,3,0,1,1,1,0,1,90,2,2,0,0,0,2,24.0,26.0,deux_roues,deux_roues,1,1,1,1,6
202200045006,2022-04-01 20:40:00,2022,4,1,20,40,93,93006,Rue des Rigondes / Avenue Pasteur,48.8710652098,2.4308565259,Nuit avec éclairage allumé,En agglomération,Intersection en X,Pluie légère,Deux véhicules - côté,3,3,4,-1,1,1,2,0,1,-1,2,2,1,0,0,1,62.0,52.0,voiture,deux_roues,5,2,2,2,3
202200045007,2022-06-12 05:30:00,2022,6,12,5,30,28,28359,Route Nationale 12,48.751294,1.260831,Crépuscule ou aube,Hors agglomération,Hors intersection,Normale,Deux véhicules - arrière,2,3,4,0,1,1,1,0,1,110,2,3,0,0,0,3,21.0,58.0,voiture,voiture,2,1,1,1,2
202200045008,2022-02-20 07:00:00,2022,2,20,7,0,59,59527,NORD OUEST VOIE INTERCOMMUNALE,50.6662659633,3.05010885,Nuit avec éclairage allumé,En agglomération,Intersection en T,Pluie légère,Deux véhicules - côté,7,2,2,1,1,1,2,0,1,50,2,2,1,0,0,1,59.0,31.0,voiture,deux_roues,5,2,3,2,3
202200045009,2022-08-16 17:50:00,2022,8,16,17,50,972,97213,AUTOROUTE A1,14.61821,-61.03479,Plein jour,Hors agglomération,Hors intersection,Normale,Trois véhicules et plus - collisions multiples,1,3,1,0,1,1,1,0,1,90,3,7,4,0,2,1,56.0,49.0,utilitaire_camion,voiture,1,1,1,1,5
202200045010,2022-10-27 18:20:00,2022,10,27,18,20,13,13203,A7-Sens Marseille vers Lyon,43.31788,5.37732,Plein jour,Hors agglomération,Hors intersection,Normale,Deux véhicules - côté,1,1,3,3,1,1,1,0,1,90,2,3,1,0,0,2,22.0,29.0,voiture,transport_commun,1,1,1,1,3
202200045011,2022-04-01 07:55:00,2022,4,1,7,55,93,93027,Avenue Waldeck Rochet,48.9322584476,2.3993431059,Plein jour,En agglomération,Giratoire,Neige / grêle,Autre collision,3,2,2,0,1,1,2,9,1,50,1,2,1,0,0,1,25.0,,voiture,,1,2,6,4,6
202200045012,2022-08-17 09:45:00,2022,8,17,9,45,95,95555,Rue d'Argenteuil,48.9624679589,2.2804328799,Plein jour,En agglomération,Hors intersection,Pluie légère,Deux véhicules - frontale,3,2,2,0,1,1,2,0,1,50,2,2,1,0,0,1,34.0,,utilitaire_camion,utilitaire_camion,1,2,1,2,1
202200045013,2022-10-27 18:45:00,2022,10,27,18,45,69,69271,Route Départementale 302,45.74919,4.98882,Nuit sans éclairage public,Hors agglomération,Hors intersection,Normale,Autre collision,7,1,1,0,2,3,1,3,1,70,1,1,0,0,1,0,36.0,,deux_roues,,3,1,1,1,6
202200045014,2022-06-11 16:15:00,2022,6,11,16,15,23,23073,Le Mas,46.000658,2.544461,Plein jour,Hors agglomération,Hors intersection,Normale,Trois véhicules et plus - collisions multiples,3,2,2,0,1,3,1,0,1,90,3,6,2,0,3,1,23.0,55.0,voiture,voiture,1,1,1,1,5
202200045015,2022-02-20 03:15:00,2022,2,20,3,15,59,59350,LIBERTE BVD N°147 A FIN-96 A FIN,50.629931,3.064953,Nuit avec éclairage allumé,En agglomération,Intersection en Y,Temps couvert,Deux véhicules - côté,4,3,4,3,1,1,1,0,6,50,2,6,0,1,2,3,21.0,26.0,voiture,voiture,5,2,4,8,3
202200045016,2022-03-31 23:15:00,2022,3,31,23,15,93,93057,Avenue Franklin / Allée Lavoisier,48.8994259212,2.5048747659,Nuit avec éclairage allumé,En agglomération,Intersection en T,Normale,Trois véhicules et plus - collisions multiples,3,1,2,0,1,1,1,0,1,50,3,3,1,0,0,1,,21.0,voiture,voiture,5,2,3,1,5
202200045017,2022-08-17 08:17:00,2022,8,17,8,17,87,87085,PICASSO (RUE PABLO),45.91534,1.29821,Plein jour,En agglomération,Intersection en T,Normale,Deux véhicules - côté,4,2,2,0,1,1,1,0,1,50,2,2,1,0,1,0,51.0,26.0,deux_roues,voiture,1,2,3,1,3
202200045018,2022-10-22 06:45:00,2022,10,22,6,45,01,01275,A42 4.329 A 5.760   LYON/GEN,45.811858,4.941208,Nuit avec éclairage allumé,Hors agglomération,Hors intersection,Pluie légère,Deux véhicules - côté,1,1,3,0,1,1,2,0,1,90,2,2,1,0,0,1,29.0,39.0,voiture,voiture,5,1,1,2,3
202200045019,2022-06-11 10:55:00,2022,6,11,10,55,30,30165,Route de Deaux,44.095745,4.151341,Plein jour,Hors agglomération,Hors intersection,Normale,Deux véhicules - côté,3,2,2,0,1,1,1,0,1,80,2,3,2,0,0,1,46.0,32.0,autre,voiture,1,1,1,1,3
202200045020,2022-01-22 04:00:00,2022,1,22,4,0,42,42218,Rue Florent Evrard,45.42285,4.37524,Nuit sans éclairage public,En agglomération,Autre intersection,Autre,Autre collision,4,2,0,0,2,1,1,0,8,50,1,2,0,0,0,1,,,voiture,,3,2,9,9,6
202200045021,2022-04-01 15:39:00,2022,4,1,15,39,92,92078,GALLIENI (BD) (153 ET 225),48.931463,2.332298,Plein jour,En agglomération,Hors intersection,Pluie légère,Deux véhicules - côté,3,-1,2,0,1,1,2,0,1,50,2,2,1,0,0,1,37.0,22.0,voiture,deux_roues,1,2,1,2,3