accident_id,datetime,annee,mois,jour,heure,minute,departement,commune_insee,adresse,latitude,longitude,luminosite,agglomeration,intersection,meteo,collision,catr,circ,nbv,vosp,prof,plan,surf,infra,situ,vma,nb_vehicules,nb_usagers,nb_indemnes,nb_tues,nb_blesses_hosp,nb_blesses_legers,age_cond_1,age_cond_2,veh_type_cond_1,veh_type_cond_2,lum_code,agg_code,int_code,atm_code,col_code
202200045113,2022-02-19 17:00:00,2022,2,19,17,0,75,75119,BD PERIPHERIQUE EXTERIEUR,48.900441,2.376369,Plein jour,En agglomération,Intersection en Y,Normale,Autre collision,4,1,6,0,1,1,1,0,1,70,1,2,0,0,1,1,22.0,,deux_roues,,1,2,4,1,6
202200045114,2022-08-17 16:55:00,2022,8,17,16,55,49,49007,PATTON AVENUE,47.47226,-0.61008,Plein jour,En agglomération,Hors intersection,Normale,Autre collision,4,2,3,2,1,1,1,0,1,50,1,1,0,0,0,1,81.0,,voiture,,1,2,1,1,6
202200045115,2022-06-11 18:55:00,2022,6,11,18,55,83,83065,Route Departementale 98a,43.264238,6.622792,Plein jour,Hors agglomération,Hors intersection,Normale,Deux véhicules - frontale,3,2,2,1,1,1,1,0,1,70,2,2,1,0,1,0,54.0,84.0,deux_roues,voiture,1,1,1,1,1
202200045116,2022-04-01 20:00:00,2022,4,1,20,0,12,12240,D963,44.626942,2.247859,Nuit sans éclairage public,Hors agglomération,Hors intersection,Neige / grêle,Autre collision,3,2,2,0,2,3,7,0,3,90,1,1,0,1,0,0,79.0,,voiture,,3,1,1,4,6
202200045117,2022-10-27 21:25:00,2022,10,27,21,25,85,85194,87 avenue de bretagne,46.50697,-1.77736,Nuit avec éclairage allumé,En agglomération,Intersection en X,Normale,Deux véhicules - côté,4,2,2,0,1,1,1,5,1,50,2,3,1,0,0,2,32.0,23.0,voiture,voiture,5,2,2,1,3
202200045118,2022-02-20 15:30:00,2022,2,20,15,30,75,75113,AVENUE DES GOBELINS,48.834658,2.35334,Plein jour,En agglomération,Intersection en Y,Normale,Sans collision,4,2,4,3,2,1,1,0,1,30,1,1,0,0,1,0,21.0,,deux_roues,,1,2,4,1,7
202200045119,2022-08-17 16:15:00,2022,8,17,16,15,49,49015,DUNANT RUE HENRI ET ROND POINT,47.50103,-0.58875,Plein jour,En agglomération,Intersection en X,Normale,Deux véhicules - côté,4,2,4,2,1,1,1,0,1,50,2,4,2,0,0,2,20.0,68.0,voiture,voiture,1,2,2,1,3
202200045120,2022-03-31 17:30:00,2022,3,31,17,30,46,46334,D801,44.740966,1.413899,Plein jour,Hors agglomération,Hors intersection,Normale,Deux véhicules - frontale,3,2,2,0,1,1,1,0,1,80,2,3,1,0,0,2,30.0,71.0,voiture,voiture,1,1,1,1,1
202200045121,2022-02-20 10:15:00,2022,2,20,10,15,75,75119,RUE CURIAL,48.89133,2.372244,Plein jour,En agglomération,Intersection en Y,Normale,Autre collision,4,1,1,0,1,1,1,0,1,30,1,2,1,0,0,1,33.0,,autre,,1,2,4,1,6
202200045122,2022-06-12 09:00:00,2022,6,12,9,0,13,13082,RD 543 PK 2+800,43.695075,5.344098,Plein jour,Hors agglomération,Hors intersection,Normale,Deux véhicules - frontale,3,2,2,0,1,2,1,0,1,80,2,5,0,0,5,0,22.0,40.0,voiture,voiture,1,1,1,1,1
202200045123,2022-02-20 21:40:00,2022,2,20,21,40,75,75113,BOULEVARD DU GENERAL JEAN SIMON,48.824926,2.379028,Nuit avec éclairage allumé,En agglomération,Hors intersection,Pluie légère,Autre collision,4,2,4,2,2,1,2,0,1,50,1,1,0,0,0,1,32.0,,deux_roues,,5,2,1,2,6
202200045124,2022-08-16 16:07:00,2022,8,16,16,7,49,49007,BOUCHEMAINE ROUTE,47.45405,-0.5685,Plein jour,En agglomération,Intersection en Y,Normale,Deux véhicules - arrière,4,3,6,2,1,1,1,0,1,50,2,2,1,0,0,1,22.0,49.0,voiture,voiture,1,2,4,1,2
202200045125,2022-04-02 05:18:00,2022,4,2,5,18,34,34106,D609,43.746375,3.33111,Nuit sans éclairage public,Hors agglomération,Hors intersection,Normale,Autre collision,3,2,2,0,1,3,1,2,3,90,1,3,0,0,3,0,21.0,,voiture,,3,1,1,1,6
202200045126,2022-10-26 23:05:00,2022,10,26,23,5,83,83137,CUZIN (AVE FRANCOIS),43.12345,5.94809,Nuit avec éclairage allumé,En agglomération,Intersection en X,Normale,Deux véhicules - côté,7,2,2,0,1,1,1,0,1,50,2,5,1,0,0,4,37.0,26.0,voiture,utilitaire_camion,5,2,2,1,3
202200045127,2022-06-12 12:40:00,2022,6,12,12,40,13,13082,D15 - D66D,43.662451,5.34656,Plein jour,Hors agglomération,Intersection en T,Normale,Deux véhicules - côté,7,2,2,0,1,1,1,0,1,80,2,2,1,0,1,0,38.0,74.0,deux_roues,voiture,1,1,3,1,3
202200045128,2022-08-14 18:25:00,2022,8,14,18,25,49,49007,MONPLAISIR BOULEVARD,47.49003,-0.52328,Plein jour,En agglomération,Hors intersection,Normale,Sans collision,4,2,5,2,1,1,1,0,1,50,1,2,1,0,0,1,,,deux_roues,,1,2,1,1,7
202200045129,2022-10-26 18:30:00,2022,10,26,18,30,81,81021,THORE,43.5099,2.36384,Plein jour,En agglomération,Hors intersection,Normale,Autre collision,2,2,2,0,1,1,1,0,1,50,1,3,0,1,1,1,84.0,,voiture,,1,2,1,1,6
202200045130,2022-02-19 22:45:00,2022,2,19,22,45,75,75113,AVENUE CLAUDE REGAUD,48.82157,2.372498,Nuit avec éclairage allumé,En agglomération,Intersection en X,Normale,Deux véhicules - côté,4,2,2,0,2,1,1,0,1,30,2,2,1,0,0,1,46.0,55.0,deux_roues,voiture,5,2,2,1,3
202200045131,2022-08-13 05:27:00,2022,8,13,5,27,49,49015,D775,47.51094,-0.61815,Nuit sans éclairage public,Hors agglomération,Hors intersection,Normale,Deux véhicules - arrière,3,3,4,0,1,1,1,0,1,110,2,2,1,1,0,0,16.0,27.0,deux_roues,voiture,3,1,1,1,2
202200045132,2022-06-12 15:40:00,2022,6,12,15,40,38,38344,autotoute A7,45.3786335398,4.8047736664,Plein jour,Hors agglomération,Hors intersection,Normale,Autre collision,1,3,3,0,1,1,1,0,1,110,1,3,0,0,1,2,81.0,,voiture,,1,1,1,1,6
202200045133,2022-08-12 16:55:00,2022,8,12,16,55,49,49267,GANDHI,47.4696,-0.51956,Plein jour,En agglomération,Hors intersection,Normale,Sans collision,4,3,6,2,1,1,1,0,1,50,1,1,0,0,0,1,17.0,,deux_roues,,1,2,1,1,7
202200045134,2022-04-02 11:10:00,2022,4,2,11,10,50,50513,Rue de la Liberte,48.985329,-1.276219,Plein jour,Hors agglomération,Hors intersection,Normale,Deux véhicules - arrière,3,2,2,0,1,1,1,0,1,80,2,3,0,0,2,1,46.0,56.0,deux_roues,deux_roues,1,1,1,1,2
202200045135,2022-10-08 11:00:00,2022,10,8,11,0,77,77215,RUE DE PARIS,48.74112,2.73631,Plein jour,En agglomération,Autre intersection,Normale,Autre collision,3,1,1,0,1,1,1,9,8,50,1,2,1,0,0,1,83.0,,voiture,,1,2,9,1,6
202200045136,2022-02-20 17:10:00,2022,2,20,17,10,75,75111,BOULEVARD JULES FERRY,48.868794,2.367632,Plein jour,En agglomération,Intersection en X,Normale,Deux véhicules - côté,4,2,2,0,1,1,1,0,1,30,2,2,1,0,0,1,,21.0,voiture,deux_roues,1,2,2,1,3
202200045137,2022-10-26 18:25:00,2022,10,26,18,25,76,76351,VERDUN (RUE DE),49.50236,0.18668,Plein jour,En agglomération,Hors intersection,Normale,Autre collision,3,-1,3,0,2,1,1,0,1,50,1,1,0,0,0,1,62.0,,deux_roues,,1,2,1,1,6
202200045138,2022-08-16 09:16:00,2022,8,16,9,16,49,49267,PLESSIS GRAMMOIRE ROUTE,47.48076,-0.48832,Plein jour,Hors agglomération,Hors intersection,Pluie légère,Sans collision,3,3,2,0,1,1,2,0,1,50,1,2,0,0,0,2,57.0,,deux_roues,,1,1,1,2,7
202200045139,2022-04-02 19:15:00,2022,4,2,19,15,64,64160,Chemin de Macaye,43.352738,-1.367036,Plein jour,Hors agglomération,Hors intersection,Temps couvert,Sans collision,4,2,2,0,4,3,1,0,3,80,1,1,0,0,1,0,31.0,,deux_roues,,1,1,1,8,7
202200045140,2022-06-11 17:30:00,2022,6,11,17,30,89,89136,A19,48.253569,3.277381,Plein jour,Hors agglomération,Hors intersection,Normale,Sans collision,1,3,4,0,1,1,1,0,3,130,1,1,0,0,1,0,40.0,,voiture,,1,1,1,1,7
202200045141,2022-10-27 18:15:00,2022,10,27,18,15,76,76217,GAMBETTA (AVENUE),49.92173,1.07324,Plein jour,En agglomération,Hors intersection,Normale,Deux véhicules - côté,3,3,3,0,2,1,1,0,1,30,2,2,1,0,1,0,26.0,37.0,deux_roues,voiture,1,2,1,1,3
202200045142,2022-02-20 02:20:00,2022,2,20,2,20,75,75111,AVENUE PARMENTIER,48.868102,2.372434,Nuit avec éclairage allumé,En agglomération,Intersection en X,Normale,Deux véhicules - frontale,4,2,2,0,1,1,1,0,1,30,2,2,1,0,0,1,26.0,22.0,deux_roues,voiture,5,2,2,1,1
202200045143,2022-03-29 23:55:00,2022,3,29,23,55,16,16283,D19,45.445296,0.217656,Nuit sans éclairage public,Hors agglomération,Hors intersection,Normale,Sans collision,3,2,2,0,2,3,1,0,3,80,1,3,0,0,0,3,21.0,,voiture,,3,1,1,1,7
202200045144,2022-06-12 14:00:00,2022,6,12,14,0,21,21261,Zone d Activite la Boulouze,47.2639628359,5.1358551978,Plein jour,Hors agglomération,Hors intersection,Normale,Autre collision,3,2,2,0,2,2,1,0,3,90,1,1,0,0,1,0,85.0,,voiture,,1,1,1,1,6
202200045145,2022-08-17 18:40:00,2022,8,17,18,40,43,43157,Route de Montredon,45.05554,3.90261,Plein jour,En agglomération,Intersection en T,Pluie forte,Deux véhicules - côté,3,2,2,0,1,1,2,2,1,50,2,4,0,0,0,4,21.0,40.0,voiture,voiture,1,2,3,3,3
202200045146,2022-04-02 01:30:00,2022,4,2,1,30,85,85034,le Bois Roguet,46.59178,-1.12156,Nuit sans éclairage public,Hors agglomération,Hors intersection,Normale,Sans collision,3,2,2,0,2,1,2,0,3,80,1,1,0,0,1,0,29.0,,voiture,,3,1,1,1,7
202200045147,2022-10-27 15:45:00,2022,10,27,15,45,76,76217,Normandie Sussex (Avenue),49.91818,1.0872,Plein jour,En agglomération,Intersection en X,Normale,Deux véhicules - côté,4,3,4,0,1,1,1,5,1,50,2,3,2,0,0,1,33.0,18.0,utilitaire_camion,voiture,1,2,2,1,3
202200045148,2022-06-12 02:00:00,2022,6,12,2,0,68,68247,Oderen,47.940641,7.006402,Nuit sans éclairage public,Hors agglomération,Hors intersection,Normale,Autre collision,3,2,2,0,2,3,1,0,3,70,1,2,0,1,1,0,22.0,,voiture,,3,1,1,1,6
202200045149,2022-02-20 11:10:00,2022,2,20,11,10,75,75110,RUE DU CHATEAU D EAU,48.869867,2.360724,Plein jour,En agglomération,Intersection en X,Normale,Deux véhicules - côté,4,1,2,1,1,1,1,0,5,30,2,2,1,0,0,1,,25.0,voiture,deux_roues,1,2,2,1,3
202200045150,2022-08-17 14:00:00,2022,8,17,14,0,43,43041,30 Route de Coubon,45.04903,3.91465,Plein jour,En agglomération,Hors intersection,Normale,Deux véhicules - côté,3,2,3,0,1,1,1,0,1,50,2,3,2,0,0,1,66.0,40.0,voiture,deux_roues,1,2,1,1,3
202200045151,2022-10-27 08:00:00,2022,10,27,8,0,76,76217,POISSONNERIE (ARCADES DE LA ),49.92642,1.08005,Crépuscule ou aube,En agglomération,Giratoire,Pluie légère,Deux véhicules - côté,3,1,2,0,1,2,2,5,1,30,2,2,1,0,1,0,79.0,55.0,voiture,deux_roues,2,2,6,2,3
202200045152,2022-04-02 14:55:00,2022,4,2,14,55,37,37281,Route Départementale 952,47.409895,0.797464,Plein jour,En agglomération,Hors intersection,Normale,Deux véhicules - arrière,3,2,2,0,1,1,1,5,1,50,2,3,2,1,0,0,53.0,65.0,voiture,voiture,1,2,1,1,2
202200045153,2022-06-11 19:45:00,2022,6,11,19,45,57,57205,D23,49.218648,6.641107,Crépuscule ou aube,Hors agglomération,Hors intersection,Temps éblouissant,Deux véhicules - arrière,3,2,2,0,1,1,1,0,1,80,2,2,1,0,1,0,28.0,31.0,deux_roues,voiture,2,1,1,7,2
202200045154,2022-02-20 05:38:00,2022,2,20,5,38,75,75109,RUE DE BELLEFOND,48.877426,2.349092,Nuit avec éclairage allumé,En agglomération,Intersection en X,Normale,Deux véhicules - côté,4,1,1,0,1,1,1,0,1,30,2,2,0,0,0,2,25.0,30.0,deux_roues,deux_roues,5,2,2,1,3
202200045155,2022-07-20 23:30:00,2022,7,20,23,30,42,42218,Rue de la Barre,45.43514,4.38409,Nuit avec éclairage allumé,En agglomération,Intersection en X,Normale,Deux véhicules - côté,4,2,2,0,2,3,1,0,1,50,2,3,1,0,0,2,29.0,24.0,voiture,voiture,5,2,2,1,3
202200045156,2022-10-26 14:50:00,2022,10,26,14,50,71,71497,BEAUSOLEIL (RUE),46.3394032668,4.8367449045,Plein jour,En agglomération,Intersection en X,Normale,Deux véhicules - frontale,4,2,2,0,1,1,1,5,1,50,2,2,1,0,0,1,17.0,53.0,deux_roues,voiture,1,2,2,1,1
202200045157,2022-10-28 00:30:00,2022,10,28,0,30,69,69199,Boulevard Pierre Sémard,45.71526,4.84235,Nuit sans éclairage public,Hors agglomération,Hors intersection,Normale,Autre collision,7,1,2,0,1,2,1,0,1,50,1,1,0,0,0,1,21.0,,voiture,,3,1,1,1,6
202200045158,2022-06-12 07:10:00,2022,6,12,7,10,03,03187,Route de Farinvilliers,46.325164,3.429462,Plein jour,En agglomération,Hors intersection,Normale,Autre collision,4,2,1,0,1,2,1,0,3,50,1,1,0,1,0,0,20.0,,voiture,,1,2,1,1,6
202200045159,2022-02-19 20:30:00,2022,2,19,20,30,75,75109,RUE NOTRE DAME DE LORETTE,48.87938,2.336396,Nuit avec éclairage allumé,En agglomération,Hors intersection,Normale,Autre collision,4,1,1,0,2,1,1,0,1,30,1,2,1,0,0,1,,,deux_roues,,5,2,1,1,6
202200045160,2022-04-01 11:15:00,2022,4,1,11,15,978,97801,Route nationale 7 - Rambaud,18.082074,-63.067891,Plein jour,En agglomération,Autre intersection,Normale,Autre collision,2,2,2,0,2,1,1,0,1,70,2,2,1,0,1,0,28.0,52.0,deux_roues,voiture,1,2,9,1,6
202200045161,2022-06-10 19:44:00,2022,6,10,19,44,03,03006,Domaine Lalliat,46.125619,3.705128,Plein jour,Hors agglomération,Hors intersection,Normale,Sans collision,3,2,2,0,4,2,9,0,1,-1,1,1,0,0,0,1,27.0,,deux_roues,,1,1,1,1,7
202200045162,2022-08-17 09:45:00,2022,8,17,9,45,38,38185,COURS DE LA LIBÉRATION ET DU GÉNÉRAL DE,45.17605,5.71527,Plein jour,En agglomération,Hors intersection,Normale,Autre collision,7,1,0,0,1,1,1,9,1,30,1,2,1,0,1,0,53.0,,voiture,,1,2,1,1,6
202200045163,2022-10-27 18:15:00,2022,10,27,18,15,69,69259,Rue Jean Duclos,45.69733,4.89086,Plein jour,En agglomération,Giratoire,Normale,Trois véhicules et plus - collisions multiples,4,2,2,0,1,1,1,5,1,50,3,3,2,0,0,1,22.0,25.0,voiture,voiture,1,2,6,1,5
202200045164,2022-02-20 05:40:00,2022,2,20,5,40,94,94017,86 Rue Jean Jaurès,48.81392,2.50924,Nuit avec éclairage allumé,En agglomération,Hors intersection,Normale,Deux véhicules - côté,3,2,3,2,1,1,1,0,1,50,2,2,1,0,0,1,25.0,23.0,deux_roues,voiture,5,2,1,1,3
202200045165,2022-04-01 16:00:00,2022,4,1,16,0,987,98714,Nunue,-16.515377,-151.732478,Plein jour,Hors agglomération,Hors intersection,Pluie légère,Deux véhicules - côté,2,2,2,0,1,2,2,0,1,40,2,2,1,0,0,1,21.0,38.0,deux_roues,voiture,1,1,1,2,3
202200045166,2022-08-16 10:50:00,2022,8,16,10,50,38,38185,AVENUE GÉNÉRAL CHAMPON,45.18153,5.7316,Plein jour,En agglomération,Hors intersection,Normale,Autre collision,4,1,1,0,1,1,1,0,1,30,1,2,1,0,1,0,36.0,,utilitaire_camion,,1,2,1,1,6
202200045167,2022-04-02 02:00:00,2022,4,2,2,0,988,98803,RM25,-21.59627,165.5636,Nuit sans éclairage public,Hors agglomération,Hors intersection,Brouillard / fumée,Autre collision,4,2,2,0,1,1,1,0,1,90,1,1,0,0,1,0,28.0,,voiture,,3,1,1,5,6
202200045168,2022-10-27 08:20:00,2022,10,27,8,20,69,69290,Avenue du Progrès,45.71688,4.9581,Plein jour,En agglomération,Giratoire,Normale,Deux véhicules - côté,7,1,2,2,1,2,1,0,1,50,2,2,1,0,0,1,26.0,77.0,voiture,deux_roues,1,2,6,1,3
202200045169,2022-08-17 16:00:00,2022,8,17,16,0,37,37233,DUCLOS (AVENUE JACQUES),47.3811492228,0.7433983684,Plein jour,En agglomération,Hors intersection,Normale,Sans collision,7,2,2,0,1,1,1,0,1,80,1,1,0,0,0,1,74.0,,voiture,,1,2,1,1,7
202200045170,2022-04-01 17:00:00,2022,4,1,17,0,988,98832,RP3 - YATE,-22.15427,166.82308,Plein jour,Hors agglomération,Hors intersection,Pluie légère,Sans collision,3,2,2,0,1,1,2,0,3,90,1,1,0,0,1,0,41.0,,deux_roues,,1,1,1,2,7
202200045171,2022-02-19 14:15:00,2022,2,19,14,15,94,94017,Avenue du Général de Gaulle / Rue de Méautry,48.82185,2.49013,Plein jour,En agglomération,Intersection en T,Normale,Deux véhicules - côté,3,3,4,0,1,1,1,0,1,50,2,6,5,0,0,1,44.0,29.0,voiture,deux_roues,1,2,3,1,3
202200045172,2022-06-11 20:08:00,2022,6,11,20,8,26,26232,D68,44.902123,5.111845,Crépuscule ou aube,Hors agglomération,Hors intersection,Normale,Autre collision,3,2,2,0,2,2,1,0,1,70,1,1,0,1,0,0,29.0,,deux_roues,,2,1,1,1,6
202200045173,2022-10-27 07:30:00,2022,10,27,7,30,69,69259,Boulevard Ambroise Croizat,45.70312,4.88749,Crépuscule ou aube,En agglomération,Intersection en X,Normale,Deux véhicules - côté,7,2,5,1,1,1,1,5,1,50,2,2,1,0,0,1,34.0,55.0,voiture,voiture,2,2,2,1,3
202200045174,2022-04-01 00:30:00,2022,4,1,0,30,30,30214,Rue de la Poste,44.03389,4.099177,Nuit avec éclairage allumé,En agglomération,Hors intersection,Normale,Autre collision,3,2,2,0,1,1,1,0,1,50,1,1,0,0,1,0,27.0,,voiture,,5,2,1,1,6
202200045175,2022-02-20 03:30:00,2022,2,20,3,30,93,93071,VICTOR HUGO (AVENUE),48.93178,2.5305,Nuit sans éclairage public,En agglomération,Hors intersection,Normale,Autre collision,4,1,1,0,1,1,1,0,1,50,1,1,0,0,0,1,49.0,,voiture,,3,2,1,1,6
202200045176,2022-08-17 19:20:00,2022,8,17,19,20,35,35238,LORIENT (DE),48.10804,-1.7006,Plein jour,En agglomération,Intersection en T,Pluie légère,Deux véhicules - côté,4,2,2,1,1,1,2,0,1,50,2,2,1,0,0,1,43.0,58.0,deux_roues,voiture,1,2,3,2,3
202200045177,2022-06-11 16:00:00,2022,6,11,16,0,81,81219,avenue de revel,43.56596,2.00309,Plein jour,En agglomération,Hors intersection,Normale,Deux véhicules - frontale,3,2,2,0,1,1,1,0,1,-1,2,2,1,0,1,0,40.0,82.0,deux_roues,voiture,1,2,1,1,1
202200045178,2022-04-01 09:15:00,2022,4,1,9,15,83,83099,Rue Edouard Branly,43.455816,6.683303,Plein jour,En agglomération,Hors intersection,Normale,Autre collision,4,2,2,0,2,1,1,0,1,30,1,2,1,1,0,0,42.0,,utilitaire_camion,,1,2,1,1,6
202200045179,2022-08-17 16:50:00,2022,8,17,16,50,31,31069,SERVANTY (AV LUCIEN),43.62494,1.39892,Plein jour,En agglomération,Hors intersection,Normale,Deux véhicules - côté,7,1,1,0,1,3,1,0,1,25,2,2,1,0,0,1,45.0,41.0,utilitaire_camion,deux_roues,1,2,1,1,3
202200045180,2022-10-26 13:10:00,2022,10,26,13,10,69,69259,Route de Vienne,45.71773,4.85457,Plein jour,En agglomération,Hors intersection,Normale,Deux véhicules - frontale,4,2,4,3,1,1,1,0,1,50,2,4,2,0,0,2,38.0,23.0,transport_commun,voiture,1,2,1,1,1
202200045181,2022-02-20 16:36:00,2022,2,20,16,36,93,93055,Avenue Édouard Vaillant / Avenue Jean Jaurès,48.90338,2.39225,Plein jour,En agglomération,Intersection en X,Normale,Autre collision,3,2,3,0,1,1,1,0,1,30,1,2,1,0,1,0,,,voiture,,1,2,2,1,6
202200045182,2022-10-26 19:15:00,2022,10,26,19,15,67,67218,VIGNES (RUE DES),48.5213845654,7.7284580469,Nuit avec éclairage allumé,En agglomération,Hors intersection,Normale,Deux véhicules - frontale,4,2,2,1,1,1,1,9,1,50,2,2,0,0,0,1,,24.0,deux_roues,deux_roues,5,2,1,1,1
202200045183,2022-08-14 19:00:00,2022,8,14,19,0,30,30028,CHARRIER (AVENUE),44.16128,4.62444,Plein jour,En agglomération,Intersection en T,Normale,Deux véhicules - côté,4,2,4,0,1,1,1,0,1,50,2,2,1,0,0,1,26.0,16.0,voiture,deux_roues,1,2,3,1,3
202200045184,2022-03-31 18:25:00,2022,3,31,18,25,67,67339,Grand Rue,48.898329,7.919675,Plein jour,En agglomération,Intersection en T,Pluie légère,Deux véhicules - côté,3,2,2,0,1,1,2,0,1,50,2,2,1,0,1,0,36.0,18.0,voiture,deux_roues,1,2,3,2,3
202200045185,2022-06-11 12:15:00,2022,6,11,12,15,65,65123,Campan,42.987024,0.227068,Plein jour,Hors agglomération,Hors intersection,Normale,Deux véhicules - côté,3,2,2,0,2,3,1,0,1,80,2,2,1,0,0,1,27.0,40.0,deux_roues,voiture,1,1,1,1,3
202200045186,2022-02-20 16:45:00,2022,2,20,16,45,93,93008,Rue René Goscinny,48.91559,2.41669,Plein jour,En agglomération,Hors intersection,Temps couvert,Deux véhicules - côté,4,2,2,0,1,1,1,0,1,50,2,2,1,0,1,0,26.0,40.0,deux_roues,voiture,1,2,1,8,3
202200045187,2022-04-02 01:45:00,2022,4,2,1,45,69,69052,Route de Villefranche,45.883453,4.70638,Nuit avec éclairage allumé,Hors agglomération,Hors intersection,Neige / grêle,Autre collision,3,2,2,0,1,1,2,0,3,80,1,1,0,0,0,1,19.0,,voiture,,5,1,1,4,6
202200045188,2022-10-27 21:25:00,2022,10,27,21,25,67,67180,D1062,48.86272,7.701849,Nuit sans éclairage public,Hors agglomération,Hors intersection,Temps couvert,Deux véhicules - arrière,3,2,2,0,1,1,1,0,1,80,2,3,1,0,1,1,19.0,32.0,voiture,deux_roues,3,1,1,8,2
202200045189,2022-06-12 08:45:00,2022,6,12,8,45,31,31395,Boulevard de Joffrery,43.486342,1.340177,Plein jour,En agglomération,Giratoire,Normale,Deux véhicules - frontale,3,-1,2,0,1,1,1,5,1,-1,2,2,1,0,1,0,41.0,35.0,voiture,deux_roues,1,2,6,1,1
202200045190,2022-02-20 10:00:00,2022,2,20,10,0,93,93051,DEUX PONTS (QUAI),48.85323,2.53272,Plein jour,En agglomération,Hors intersection,Normale,Deux véhicules - côté,4,2,1,1,1,1,1,0,5,50,2,2,1,0,0,1,49.0,35.0,deux_roues,deux_roues,1,2,1,1,3
202200045191,2022-08-17 10:20:00,2022,8,17,10,20,13,13005,BAUMONE (AVENUE DE LA ),43.29633,5.59577,Plein jour,En agglomération,Hors intersection,Normale,Deux véhicules - côté,4,2,4,0,1,3,1,0,1,50,2,2,0,0,0,2,37.0,79.0,voiture,voiture,1,2,1,1,3
202200045192,2022-03-31 17:25:00,2022,3,31,17,25,69,69270,Rue Henri Valancin,45.631082,4.93358,Plein jour,En agglomération,Giratoire,Normale,Deux véhicules - côté,3,-1,1,0,1,1,1,0,1,50,2,2,1,0,1,0,26.0,46.0,deux_roues,voiture,1,2,6,1,3
202200045193,2022-10-27 08:03:00,2022,10,27,8,3,66,66136,,42.69027,2.88004,Crépuscule ou aube,En agglomération,Hors intersection,Normale,Deux véhicules - côté,4,2,2,1,1,1,1,0,4,50,2,2,1,0,0,1,22.0,30.0,voiture,deux_roues,2,2,1,1,3
202200045194,2022-06-11 17:25:00,2022,6,11,17,25,23,23063,Départementale 982,45.782923,2.155123,Plein jour,Hors agglomération,Hors intersection,Normale,Deux véhicules - côté,3,2,2,0,1,1,1,0,1,90,2,2,1,0,1,0,60.0,95.0,deux_roues,voiture,1,1,1,1,3
202200045195,2022-02-20 02:10:00,2022,2,20,2,10,93,93046,ARISTIDE BRIAND AVENUE,48.9119901923,2.5207708732,Nuit avec éclairage allumé,En agglomération,Intersection en T,Normale,Autre collision,3,3,2,0,1,1,1,5,1,50,1,2,1,0,0,1,24.0,,voiture,,5,2,3,1,6
202200045196,2022-04-02 20:10:00,2022,4,2,20,10,69,69278,Route de Saint André de Corcy,45.900664,4.865034,Nuit sans éclairage public,Hors agglomération,Hors intersection,Neige / grêle,Autre collision,4,2,2,0,1,2,2,0,1,70,1,1,0,0,0,1,32.0,,voiture,,3,1,1,4,6
202200045197,2022-10-27 14:56:00,2022,10,27,14,56,60,60057,Rue de Calais,49.43695,2.08459,Plein jour,En agglomération,Intersection en X,Normale,Autre collision,4,-1,2,0,1,1,1,9,4,50,1,1,0,0,1,0,52.0,,voiture,,1,2,2,1,6
202200045198,2022-06-12 16:20:00,2022,6,12,16,20,17,17161,D103,46.172342,-1.334581,Plein jour,Hors agglomération,Hors intersection,Normale,Sans collision,3,2,2,0,1,1,1,0,3,80,1,2,1,0,1,0,21.0,,voiture,,1,1,1,1,7
202200045199,2022-04-02 12:30:00,2022,4,2,12,30,81,81140,6 Avenue Pierre Fabre,43.697262,1.815475,Plein jour,En agglomération,Hors intersection,Pluie légère,Deux véhicules - arrière,3,2,2,0,1,1,2,0,1,50,2,2,1,0,0,1,50.0,38.0,utilitaire_camion,deux_roues,1,2,1,2,2
202200045200,2022-02-19 11:30:00,2022,2,19,11,30,92,92051,"BINEAU (BOULEVARD, N°53 A 131 ET 52 A 13",48.8900301092,2.2717346102,Plein jour,En agglomération,Intersection en T,Normale,Deux véhicules - arrière,3,3,4,3,1,1,1,0,1,50,2,2,1,0,1,0,32.0,45.0,deux_roues,voiture,1,2,3,1,2
202200045201,2022-10-26 08:10:00,2022,10,26,8,10,60,60057,Avenue Jean Mermoz,49.43703,2.07533,Plein jour,En agglomération,Intersection en X,Normale,Deux véhicules - côté,4,2,1,0,1,1,1,0,1,50,2,2,1,0,1,0,38.0,33.0,voiture,deux_roues,1,2,2,1,3
202200045202,2022-06-12 01:35:00,2022,6,12,1,35,85,85071,RD754,46.77632,-1.821698,Nuit sans éclairage public,Hors agglomération,Hors intersection,Normale,Autre collision,3,-1,2,0,1,1,1,0,1,80,1,2,0,0,1,1,47.0,,deux_roues,,3,1,1,1,6
202200045203,2022-04-01 17:30:00,2022,4,1,17,30,46,46102,15 Avenue Georges Pompidou,44.606479,2.024488,Plein jour,En agglomération,Hors intersection,Normale,Autre collision,6,-1, -1,0,1,1,1,6,8,-1,1,2,1,0,1,0,35.0,,voiture,,1,2,1,1,6
202200045204,2022-10-27 23:15:00,2022,10,27,23,15,59,59279,PERI (RUE GABRIEL),50.782421,3.134191,Nuit avec éclairage allumé,En agglomération,Intersection en X,Normale,Autre collision,4,2,1,0,1,1,1,5,8,50,1,1,0,0,0,1,27.0,,voiture,,5,2,2,1,6
202200045205,2022-06-12 14:45:00,2022,6,12,14,45,61,61279,La Doitee,48.403202,-0.004174,Plein jour,Hors agglomération,Hors intersection,Normale,Autre collision,3,2,2,0,1,2,1,0,1,80,1,2,1,0,1,0,24.0,,deux_roues,,1,1,1,1,6
202200045206,2022-02-19 10:27:00,2022,2,19,10,27,37,37123,17 Rue Falloux,47.3234821697,0.4077135399,Plein jour,En agglomération,Intersection en T,Normale,Deux véhicules - frontale,4,2,2,0,1,1,1,0,1,50,2,2,1,0,1,0,21.0,65.0,voiture,deux_roues,1,2,3,1,1