accident_id,datetime,annee,mois,jour,heure,minute,departement,commune_insee,adresse,latitude,longitude,luminosite,agglomeration,intersection,meteo,collision,catr,circ,nbv,vosp,prof,plan,surf,infra,situ,vma,nb_vehicules,nb_usagers,nb_indemnes,nb_tues,nb_blesses_hosp,nb_blesses_legers,age_cond_1,age_cond_2,veh_type_cond_1,veh_type_cond_2,lum_code,agg_code,int_code,atm_code,col_code
202200045207,2022-04-01 18:50:00,2022,4,1,18,50,47,47157,Rue François Mauriac,44.504356,0.182794,Plein jour,En agglomération,Hors intersection,Normale,Deux véhicules - arrière,6,-1, -1,0,1,1,1,9,1,-1,2,2,1,0,1,0,65.0,35.0,deux_roues,voiture,1,2,1,1,2
202200045208,2022-10-27 21:10:00,2022,10,27,21,10,59,59350,BERGUES RUE DE,50.63504,3.02996,Nuit avec éclairage allumé,En agglomération,Intersection en T,Normale,Deux véhicules - côté,7,1,2,1,1,1,1,0,1,50,2,2,1,0,0,1,30.0,33.0,deux_roues,voiture,5,2,3,1,3
202200045209,2022-06-11 02:20:00,2022,6,11,2,20,60,60341,Route de Meaux,49.090508,2.752238,Nuit sans éclairage public,Hors agglomération,Giratoire,Normale,Sans collision,2,2,2,0,1,3,1,0,1,50,1,2,1,0,0,1,34.0,,voiture,,3,1,6,1,7
202200045210,2022-04-02 01:55:00,2022,4,2,1,55,14,14258,N158,48.89412,-0.217988,Nuit sans éclairage public,Hors agglomération,Hors intersection,Neige / grêle,Autre collision,2,1,4,0,1,1,7,2,1,110,1,2,1,0,0,1,21.0,,voiture,,3,1,1,4,6
202200045211,2022-10-27 10:00:00,2022,10,27,10,0,59,59566,MARAIS RUE DU,50.6226590369,2.9880961776,Plein jour,En agglomération,Hors intersection,Normale,Autre collision,7,2,2,0,1,2,1,0,3,50,1,3,0,0,0,3,55.0,,utilitaire_camion,,1,2,1,1,6
202200045212,2022-03-28 18:20:00,2022,3,28,18,20,60,60558,D27 - D938,49.591372,2.774895,Plein jour,En agglomération,Intersection en X,Normale,Deux véhicules - côté,3,2,2,0,1,1,1,0,1,50,2,2,1,0,0,1,36.0,45.0,voiture,voiture,1,2,2,1,3
202200045213,2022-06-10 17:50:00,2022,6,10,17,50,13,13212,A507 sens Marseille - Aubagne,43.2949280367,5.4244083166,Plein jour,Hors agglomération,Hors intersection,Normale,Deux véhicules - arrière,1,1,3,0,1,1,1,0,1,70,2,2,1,0,0,1,48.0,28.0,voiture,utilitaire_camion,1,1,1,1,2
202200045214,2022-02-20 11:00:00,2022,2,20,11,0,83,83136,RD 84 - PK 002+500,43.464351,6.276262,Plein jour,Hors agglomération,Hors intersection,Normale,Trois véhicules et plus - en chaîne,3,2,2,0,2,1,1,0,1,70,4,6,4,0,1,1,23.0,60.0,voiture,deux_roues,1,1,1,1,4
202200045215,2022-10-26 23:05:00,2022,10,26,23,5,59,59648,VERDUN RUE DE,50.5781248079,3.0328756571,Nuit avec éclairage allumé,En agglomération,Hors intersection,Normale,Deux véhicules - arrière,7,-1,2,0,1,1,1,0,1,50,2,3,2,0,0,1,25.0,22.0,voiture,voiture,5,2,1,1,2
202200045216,2022-04-01 16:30:00,2022,4,1,16,30,33,33075,ROCADE A 630,44.88915,-0.59805,Plein jour,Hors agglomération,Hors intersection,Normale,Trois véhicules et plus - en chaîne,1,3,6,0,1,1,1,0,1,70,3,3,2,0,0,1,31.0,17.0,voiture,deux_roues,1,1,1,1,4
202200045217,2022-10-27 07:30:00,2022,10,27,7,30,59,59143,NATIONALE  ( ROUTE),50.67064,2.90273,Nuit avec éclairage allumé,En agglomération,Hors intersection,Normale,Autre collision,7,2,2,2,1,1,1,0,1,30,2,2,0,0,1,1,33.0,15.0,voiture,deux_roues,5,2,1,1,6
202200045218,2022-06-10 15:20:00,2022,6,10,15,20,42,42207,A47,45.46699,4.49814,Plein jour,Hors agglomération,Hors intersection,Normale,Autre collision,1,3,4,0,1,2,1,0,1,90,1,1,0,0,0,1,34.0,,voiture,,1,1,1,1,6
202200045219,2022-03-31 16:10:00,2022,3,31,16,10,33,33013,ROUTE NATIONALE 230,44.84339,-0.50145,Plein jour,Hors agglomération,Hors intersection,Normale,Trois véhicules et plus - en chaîne,2,3,6,0,1,2,1,0,1,90,3,4,2,0,0,2,32.0,69.0,utilitaire_camion,voiture,1,1,1,1,4
202200045220,2022-10-27 07:55:00,2022,10,27,7,55,54,54304,RESISTANCE (AV. DE LA -PAIR-),48.6945815401,6.1280858517,Crépuscule ou aube,En agglomération,Intersection en Y,Normale,Autre collision,4,2,4,0,2,1,1,0,1,50,1,2,1,0,0,1,27.0,,transport_commun,,2,2,4,1,6
202200045221,2022-06-11 17:00:00,2022,6,11,17,0,91,91086,RN 104,48.62349,2.38335,Plein jour,Hors agglomération,Hors intersection,Normale,Deux véhicules - côté,2,3,4,0,1,1,1,0,1,110,2,2,1,0,0,1,52.0,27.0,voiture,deux_roues,1,1,1,1,3
202200045222,2022-03-31 18:10:00,2022,3,31,18,10,59,59360,AUTOROUTE A25,50.61985,3.00778,Plein jour,Hors agglomération,Hors intersection,Normale,Deux véhicules - côté,1,-1,6,0,1,1,1,0,1,90,2,2,1,0,0,1,51.0,43.0,utilitaire_camion,deux_roues,1,1,1,1,3
202200045223,2022-04-01 11:03:00,2022,4,1,11,3,78,78423,RN12,48.79362,2.05154,Plein jour,Hors agglomération,Hors intersection,Temps couvert,Autre collision,2,3,2,0,1,1,2,0,1,90,1,1,0,0,0,1,37.0,,utilitaire_camion,,1,1,1,8,6
202200045224,2022-06-11 14:50:00,2022,6,11,14,50,94,94003,AUTOROUTE A6A,48.8009709861,2.3420251782,Plein jour,Hors agglomération,Hors intersection,Normale,Sans collision,1,1,2,0,1,3,1,1,1,50,1,1,0,0,0,1,24.0,,deux_roues,,1,1,1,1,7
202200045225,2022-10-26 17:05:00,2022,10,26,17,5,54,54578,AIGUILLETTES  (BD 5A A 17A),48.6702567242,6.158233881,Plein jour,En agglomération,Intersection en X,Normale,Deux véhicules - côté,4,2,5,0,1,1,1,0,1,50,2,2,1,0,0,1,21.0,53.0,deux_roues,voiture,1,2,2,1,3
202200045226,2022-03-31 18:00:00,2022,3,31,18,0,78,78640,A86 EXT,48.778517,2.206882,Plein jour,Hors agglomération,Hors intersection,Normale,Deux véhicules - arrière,1,1,3,0,1,1,1,0,1,110,2,2,1,0,0,1,47.0,26.0,utilitaire_camion,deux_roues,1,1,1,1,2
202200045227,2022-10-26 12:25:00,2022,10,26,12,25,54,54395,PASTEUR (RUE),48.6813015023,6.1661437154,Plein jour,En agglomération,Intersection en T,Normale,Deux véhicules - côté,4,1,1,0,1,1,1,0,1,30,2,2,1,0,0,1,49.0,42.0,voiture,deux_roues,1,2,3,1,3
202200045228,2022-04-01 09:00:00,2022,4,1,9,0,93,93010,AUTOROUTE A3,48.90232,2.47047,Plein jour,Hors agglomération,Hors intersection,Neige / grêle,Trois véhicules et plus - en chaîne,1,3,6,0,1,1,2,0,1,110,3,3,2,0,1,0,48.0,51.0,deux_roues,voiture,1,1,1,4,4
202200045229,2022-06-11 13:30:00,2022,6,11,13,30,94,94076,AUTOROUTE A6B,48.7915034874,2.3446894229,Plein jour,Hors agglomération,Hors intersection,Normale,Deux véhicules - côté,1,3,3,0,1,1,1,0,1,90,2,2,1,0,0,1,53.0,45.0,deux_roues,voiture,1,1,1,1,3
202200045230,2022-10-26 13:00:00,2022,10,26,13,0,52,52121,VAL BARIZIEN (RUE DU),48.10182,5.12454,Plein jour,En agglomération,Autre intersection,Normale,Deux véhicules - côté,4,2,2,0,1,1,1,0,1,50,2,2,1,0,0,1,30.0,10.0,voiture,deux_roues,1,2,9,1,3
202200045231,2022-03-14 17:45:00,2022,3,14,17,45,93,93010,AUTOROUTE A3,48.902075984,2.4704122732,Plein jour,Hors agglomération,Hors intersection,Normale,Trois véhicules et plus - en chaîne,1,3,6,0,1,1,1,0,1,90,3,3,2,0,0,1,39.0,22.0,voiture,voiture,1,1,1,1,4
202200045232,2022-10-27 08:45:00,2022,10,27,8,45,51,51454,boulevard du Val de Vesle,49.22993,4.07,Plein jour,En agglomération,Hors intersection,Normale,Deux véhicules - arrière,4,2,2,1,1,3,1,0,1,50,2,2,1,0,0,1,26.0,42.0,utilitaire_camion,utilitaire_camion,1,2,1,1,2
202200045233,2022-06-11 05:20:00,2022,6,11,5,20,93,93051,A4,48.8349002767,2.5774733817,Nuit sans éclairage public,Hors agglomération,Hors intersection,Normale,Sans collision,1,3,4,0,1,1,1,0,1,110,1,1,0,0,0,1,22.0,,voiture,,3,1,1,1,7
202200045234,2022-03-31 22:30:00,2022,3,31,22,30,95,95678,RN 104,49.07022,2.24712,Nuit sans éclairage public,Hors agglomération,Hors intersection,Normale,Deux véhicules - arrière,2,3,4,0,2,3,1,0,1,110,2,3,2,0,1,0,,50.0,utilitaire_camion,utilitaire_camion,3,1,1,1,2
202200045235,2022-10-26 16:37:00,2022,10,26,16,37,49,49007,VERNET HORACE,47.48842,-0.53469,Plein jour,En agglomération,Hors intersection,Normale,Deux véhicules - frontale,4,2,2,0,1,1,1,0,1,30,2,2,1,0,0,1,25.0,,deux_roues,voiture,1,2,1,1,1
202200045236,2022-10-27 17:10:00,2022,10,27,17,10,37,37261,277 Rue du Général Renault,47.3796454107,0.6699889898,Plein jour,En agglomération,Hors intersection,Normale,Autre collision,4,2,2,0,1,1,1,0,1,50,2,2,1,0,0,1,,47.0,deux_roues,deux_roues,1,2,1,1,6
202200045237,2022-06-10 18:00:00,2022,6,10,18,0,59,59599,MARLIERE (RUE DE LA),50.736393,3.192134,Plein jour,En agglomération,Hors intersection,Normale,Autre collision,4,-1,2,0,1,1,1,0,1,50,1,2,1,0,1,0,69.0,,utilitaire_camion,,1,2,1,1,6
202200045238,2022-04-01 13:00:00,2022,4,1,13,0,94,94081,A86 EXT,48.7740034256,2.4056004171,Plein jour,Hors agglomération,Hors intersection,Normale,Trois véhicules et plus - en chaîne,1,1,4,0,1,1,1,1,1,90,5,5,3,0,0,2,37.0,23.0,voiture,voiture,1,1,1,1,4
202200045239,2022-10-27 21:35:00,2022,10,27,21,35,34,34172,Avenue de la Recambale,43.60686,3.83797,Nuit sans éclairage public,En agglomération,Hors intersection,Normale,Autre collision,7,3,4,0,1,3,1,0,1,50,1,1,0,1,0,0,54.0,,deux_roues,,3,2,1,1,6
202200045240,2022-03-31 07:00:00,2022,3,31,7,0,976,97611,m'tsapere-Nationale 2 (route),-12.81992,45.19585,Plein jour,En agglomération,Hors intersection,Normale,Autre collision,4,2,2,0,2,1,1,0,1,50,1,2,1,0,0,1,47.0,,deux_roues,,1,2,1,1,6
202200045241,2022-03-30 18:45:00,2022,3,30,18,45,38,38151,ALLÉE DU RONDEAU,45.15696,5.70575,Plein jour,En agglomération,Hors intersection,Temps couvert,Deux véhicules - côté,4,2,0,0,1,1,1,0,5,30,2,2,1,0,1,0,14.0,,deux_roues,utilitaire_camion,1,2,1,8,3
202200045242,2022-10-26 16:45:00,2022,10,26,16,45,33,33318,Avenue Raymond Poincaré,44.7999723247,-0.6243635416,Plein jour,En agglomération,Intersection en X,Normale,Deux véhicules - côté,4,2,2,2,1,1,1,0,1,50,2,2,1,0,0,1,35.0,36.0,voiture,voiture,1,2,2,1,3
202200045243,2022-06-04 20:10:00,2022,6,4,20,10,94,94011,Avenue de Verdun,48.77008,2.48375,Plein jour,En agglomération,Hors intersection,Pluie forte,Autre collision,4,2,2,0,1,1,2,0,1,50,1,2,1,0,1,0,,,voiture,,1,2,1,3,6
202200045244,2022-03-30 16:40:00,2022,3,30,16,40,976,97611,m'tsapere-Nationale 2 (route),-12.78763,45.22535,Crépuscule ou aube,En agglomération,Hors intersection,Normale,Deux véhicules - côté,4,2,2,0,1,1,1,0,1,50,2,3,2,0,0,1,29.0,37.0,deux_roues,voiture,2,2,1,1,3
202200045245,2022-10-26 11:45:00,2022,10,26,11,45,31,31555,AV FRIZAC,43.589838,1.451756,Plein jour,En agglomération,Hors intersection,Normale,Deux véhicules - côté,4,1,4,1,1,1,1,0,1,30,2,2,1,0,0,1,80.0,37.0,voiture,transport_commun,1,2,1,1,3
202200045246,2022-03-31 07:30:00,2022,3,31,7,30,974,97416,GENERAL DE GAULLE (RN2),-21.3456,55.49852,Plein jour,Hors agglomération,Autre intersection,Normale,Deux véhicules - arrière,2,3,2,0,1,1,1,9,8,80,2,2,1,0,1,0,55.0,35.0,deux_roues,utilitaire_camion,1,1,9,1,2
202200045247,2022-09-26 15:55:00,2022,9,26,15,55,30,30189,ODELIN JEAN (RUE),43.8517,4.39926,Plein jour,En agglomération,Intersection en T,Normale,Deux véhicules - côté,4,-1,2,0,1,1,1,0,1,50,2,2,1,0,1,0,35.0,35.0,voiture,deux_roues,1,2,3,1,3
202200045248,2022-03-30 13:45:00,2022,3,30,13,45,974,97411,LECONTE DE LISLE (AVENUE),-20.88968,55.47729,Plein jour,En agglomération,Hors intersection,Normale,Autre collision,4,2,2,3,1,1,1,9,1,30,1,2,1,0,0,1,,,deux_roues,,1,2,1,1,6
202200045249,2022-10-27 04:40:00,2022,10,27,4,40,29,29232,Boulevard Flandres Dunkerque1940,47.979912,-4.0807071,Nuit avec éclairage allumé,Hors agglomération,Giratoire,Pluie légère,Autre collision,3,-1,2,0,1,3,2,5,1,70,1,1,0,0,1,0,36.0,,voiture,,5,1,6,2,6
202200045250,2022-04-11 22:20:00,2022,4,11,22,20,42,42218,Rue François Albert,45.44675,4.39829,Nuit avec éclairage allumé,En agglomération,Hors intersection,Normale,Autre collision,4,2,3,0,1,1,1,0,1,50,1,2,1,0,0,1,48.0,,voiture,,5,2,1,1,6
202200045251,2022-10-27 13:35:00,2022,10,27,13,35,29,29232,13 Rue de l'Universite,47.98158,-4.09683,Plein jour,En agglomération,Hors intersection,Pluie légère,Autre collision,4,2,1,0,2,2,2,0,1,50,1,1,0,0,0,1,29.0,,voiture,,1,2,1,2,6
202200045252,2022-03-30 11:55:00,2022,3,30,11,55,974,97411,JAURES (BLD 1 JEAN),-20.89357,55.47361,Plein jour,En agglomération,Hors intersection,Normale,Deux véhicules - côté,2,1,2,0,1,1,1,0,1,70,2,2,1,0,0,1,68.0,18.0,voiture,deux_roues,1,2,1,1,3
202200045253,2022-10-26 17:15:00,2022,10,26,17,15,29,29039,29 Rue Dupetit Thouars,47.87657,-3.91626,Plein jour,En agglomération,Hors intersection,Normale,Autre collision,4,1,1,0,2,1,1,9,1,50,1,2,1,0,0,1,73.0,,voiture,,1,2,1,1,6
202200045254,2022-03-30 06:45:00,2022,3,30,6,45,974,97407,14 JUILLET 1789(AVENUE DU),-20.93248,55.29447,Plein jour,En agglomération,Hors intersection,Normale,Deux véhicules - côté,4,1,1,0,1,1,1,0,1,50,2,2,1,0,0,1,57.0,26.0,voiture,deux_roues,1,2,1,1,3
202200045255,2022-03-14 15:58:00,2022,3,14,15,58,32,32013,ARÇON (ROUTE),43.666123,0.618865,Plein jour,En agglomération,Hors intersection,Normale,Deux véhicules - arrière,3,-1,2,0,1,1,1,0,1,50,2,2,1,0,0,1,57.0,61.0,utilitaire_camion,voiture,1,2,1,1,2
202200045256,2022-04-09 20:25:00,2022,4,9,20,25,30,30243,ANDUZE (AVE),44.0996,4.08469,Nuit avec éclairage allumé,En agglomération,Hors intersection,Normale,Autre collision,4,2,2,0,1,1,1,0,4,50,1,1,0,1,0,0,46.0,,deux_roues,,5,2,1,1,6
202200045257,2022-10-27 12:25:00,2022,10,27,12,25,28,28134,BOURGEOIS (RUE LEON),48.74343,1.35537,Plein jour,En agglomération,Intersection en T,Normale,Deux véhicules - frontale,4,2,2,0,1,1,1,0,1,50,2,2,1,0,0,1,28.0,,deux_roues,voiture,1,2,3,1,1
202200045258,2022-03-31 16:30:00,2022,3,31,16,30,973,97302,AMUSANT (PAUL),4.9333332996,-52.3317204416,Plein jour,En agglomération,Intersection en X,Normale,Deux véhicules - côté,4,1,2,0,1,1,1,0,1,50,2,3,1,0,0,2,32.0,50.0,deux_roues,voiture,1,2,2,1,3
202200045259,2022-10-27 12:30:00,2022,10,27,12,30,28,28404,CRECY (ROUTE DE),48.7325,1.34178,Plein jour,En agglomération,Giratoire,Normale,Deux véhicules - arrière,3,2,0,0,1,1,1,0,1,50,2,2,1,0,0,1,27.0,45.0,utilitaire_camion,voiture,1,2,6,1,2
202200045260,2022-06-10 12:10:00,2022,6,10,12,10,976,97611,kaweni-SPPM ( rue de la ),-12.77063,45.22369,Plein jour,En agglomération,Autre intersection,Normale,Sans collision,4,4,2,0,1,1,1,0,1,50,1,1,0,0,0,1,27.0,,deux_roues,,1,2,9,1,7
202200045261,2022-03-31 08:30:00,2022,3,31,8,30,973,97302,MADELEINE (ROUTE DE LA),4.91505,-52.32097,Plein jour,En agglomération,Hors intersection,Normale,Deux véhicules - frontale,3,2,2,0,1,1,1,0,1,50,2,3,1,0,0,2,59.0,23.0,voiture,deux_roues,1,2,1,1,1
202200045262,2022-10-27 12:30:00,2022,10,27,12,30,27,27681,VIEUX CHATEAU (RUE DU),49.09429,1.48192,Plein jour,En agglomération,Hors intersection,Normale,Autre collision,4,1,1,0,1,1,1,0,4,50,1,1,0,0,0,1,57.0,,deux_roues,,1,2,1,1,6
202200045263,2022-03-30 13:00:00,2022,3,30,13,0,973,97302,,4.9178,-52.32136,Plein jour,En agglomération,Hors intersection,Normale,Deux véhicules - frontale,3,2,2,0,1,1,1,0,1,50,2,2,1,0,0,1,68.0,42.0,voiture,deux_roues,1,2,1,1,1
202200045264,2022-06-08 12:00:00,2022,6,8,12,0,974,97411,GUADELOUPE (DE LA),-20.90429,55.49455,Plein jour,En agglomération,Hors intersection,Normale,Deux véhicules - arrière,4,-1,1,0,1,1,1,0,1,50,2,2,1,0,0,1,62.0,51.0,deux_roues,voiture,1,2,1,1,2
202200045265,2022-10-27 17:25:00,2022,10,27,17,25,26,26362,PAPIN RUE DENIS (304),44.92233,4.89081,Plein jour,En agglomération,Giratoire,Normale,Deux véhicules - côté,4,2,2,0,1,1,1,0,1,50,2,2,1,0,1,0,57.0,56.0,deux_roues,transport_commun,1,2,6,1,3
202200045266,2022-03-31 18:10:00,2022,3,31,18,10,69,69383,Rue Julien,45.75217,4.88673,Plein jour,En agglomération,Intersection en X,Normale,Deux véhicules - côté,4,1,1,2,1,1,1,0,1,30,2,2,1,0,1,0,64.0,30.0,deux_roues,utilitaire_camion,1,2,2,1,3
202200045267,2022-03-31 16:35:00,2022,3,31,16,35,69,69383,Rue de la Villette,45.75973,4.86181,Plein jour,En agglomération,Hors intersection,Normale,Autre collision,4,2,3,2,2,1,1,1,1,30,1,2,1,0,0,1,43.0,,utilitaire_camion,,1,2,1,1,6
202200045268,2022-03-31 09:40:00,2022,3,31,9,40,69,69386,Rue Cuvier,45.76707,4.84765,Plein jour,En agglomération,Intersection en X,Normale,Deux véhicules - côté,4,1,1,2,1,1,1,0,1,30,2,2,1,0,0,1,29.0,50.0,utilitaire_camion,deux_roues,1,2,2,1,3
202200045269,2022-10-26 15:40:00,2022,10,26,15,40,21,21231,RAYMOND POINCARE (AVENUE),47.328889,5.063395,Plein jour,En agglomération,Intersection en T,Normale,Autre collision,4,2,3,3,1,1,1,0,6,50,1,2,1,0,0,1,47.0,,transport_commun,,1,2,3,1,6
202200045270,2022-10-27 08:00:00,2022,10,27,8,0,17,17415,Avenue Pdt Salvador Allende,45.73799,-0.64346,Plein jour,En agglomération,Hors intersection,Normale,Sans collision,4,2,2,2,1,1,1,0,1,50,1,1,0,0,0,1,61.0,,deux_roues,,1,2,1,1,7
202200045271,2022-03-31 07:55:00,2022,3,31,7,55,972,97213,AUTOROUTE A1,14.6182,-61.01942,Plein jour,En agglomération,Hors intersection,Normale,Trois véhicules et plus - collisions multiples,1,1,3,0,1,1,1,0,1,90,4,4,2,0,1,1,22.0,31.0,voiture,deux_roues,1,2,1,1,5
202200045272,2022-10-26 09:00:00,2022,10,26,9,0,17,17306,LIBERATION (DE LA) (AVENUE),45.62305,-1.01035,Plein jour,En agglomération,Intersection en Y,Normale,Deux véhicules - frontale,3,2,2,0,1,2,2,5,1,50,2,2,1,0,0,1,50.0,67.0,voiture,voiture,1,2,4,1,1
202200045273,2022-03-31 07:04:00,2022,3,31,7,4,972,97209,RD 41 (ROCADE),14.61653,-61.07149,Plein jour,En agglomération,Autre intersection,Temps couvert,Trois véhicules et plus - en chaîne,3,3,3,0,1,3,2,2,1,60,4,4,3,0,0,1,50.0,31.0,voiture,voiture,1,2,9,8,4
202200045274,2022-10-27 13:10:00,2022,10,27,13,10,14,14118,577p Boulevard des Baladas,49.170235,-0.373065,Plein jour,En agglomération,Hors intersection,Normale,Deux véhicules - arrière,4,3,4,0,1,1,1,0,1,50,2,2,1,0,0,1,16.0,33.0,deux_roues,voiture,1,2,1,1,2
202200045275,2022-03-31 09:05:00,2022,3,31,9,5,69,69389,16 Boulevard de Balmont,45.78443,4.79979,Plein jour,En agglomération,Hors intersection,Pluie légère,Deux véhicules - arrière,4,2,3,3,3,1,2,0,1,50,2,2,1,0,0,1,27.0,22.0,voiture,voiture,1,2,1,2,2
202200045276,2022-10-27 20:30:00,2022,10,27,20,30,13,13208,RABATAU (BOULEVARD),43.2764,5.39786,Nuit avec éclairage allumé,En agglomération,Hors intersection,Normale,Deux véhicules - arrière,7,1,4,0,1,1,1,0,1,50,2,5,2,0,0,3,,34.0,voiture,voiture,5,2,1,1,2
202200045277,2022-09-27 19:00:00,2022,9,27,19,0,13,13211,JEAN LOMBARD (AVENUE),43.28875,5.43051,Crépuscule ou aube,En agglomération,Hors intersection,Normale,Deux véhicules - côté,4,2,2,0,1,1,1,0,1,50,1,1,0,0,0,1,18.0,,deux_roues,,2,2,1,1,3
202200045278,2022-03-31 16:55:00,2022,3,31,16,55,91,91286,GRANDE BORNE (RUE DE LA),48.65086,2.38253,Plein jour,En agglomération,Intersection en X,Normale,Trois véhicules et plus - en chaîne,4,2,2,0,1,1,1,0,1,50,3,5,3,0,0,2,25.0,50.0,voiture,voiture,1,2,2,1,4
202200045279,2022-10-27 16:50:00,2022,10,27,16,50,13,13213,CHEMIN DU MERLAN A LA ROSE ,43.32971,5.41386,Plein jour,En agglomération,Hors intersection,Normale,Autre collision,4,2,4,0,1,1,1,0,5,50,2,2,1,0,0,1,48.0,24.0,transport_commun,deux_roues,1,2,1,1,6
202200045280,2022-10-27 11:30:00,2022,10,27,11,30,13,13210,CAPELETTE (AVENUE DE LA),43.2812685295,5.4055509285,Plein jour,En agglomération,Hors intersection,Normale,Deux véhicules - côté,4,2,2,0,1,1,1,0,1,50,1,2,1,0,0,1,,,voiture,,1,2,1,1,3
202200045281,2022-03-31 11:49:00,2022,3,31,11,49,87,87075,REPUBLIQUE (AVENUE DE LA),45.8065,1.22667,Plein jour,En agglomération,Intersection en X,Pluie légère,Sans collision,4,2,2,0,1,2,2,0,1,50,1,1,0,0,0,1,22.0,,deux_roues,,1,2,2,2,7
202200045282,2022-03-18 07:45:00,2022,3,18,7,45,84,84087,JONQUIERES (ROUTE DE),44.12142,4.84075,Plein jour,En agglomération,Hors intersection,Normale,Deux véhicules - arrière,4,2,2,0,1,1,1,8,1,50,2,2,1,0,1,0,42.0,15.0,utilitaire_camion,deux_roues,1,2,1,1,2
202200045283,2022-03-31 17:05:00,2022,3,31,17,5,76,76540,Avenue du Mont Riboudet,49.446413,1.070794,Plein jour,En agglomération,Intersection en X,Pluie légère,Autre collision,7,1,3,3,1,1,2,-1,8,50,1,2,1,0,0,1,41.0,,transport_commun,,1,2,2,2,6
202200045284,2022-03-31 07:05:00,2022,3,31,7,5,74,74298,BONNEVILLE (ROUTE DE ),46.17498,6.2475,Crépuscule ou aube,En agglomération,Hors intersection,Pluie légère,Autre collision,3,2,2,0,1,1,2,0,1,50,1,2,0,0,0,2,38.0,,deux_roues,,2,2,1,2,6
202200045285,2022-05-11 09:25:00,2022,5,11,9,25,94,94011,Avenue Jean Rostand,48.7680353496,2.4868454932,Plein jour,En agglomération,Hors intersection,Normale,Deux véhicules - côté,3,3,6,3,1,1,1,0,5,30,2,2,1,0,0,1,38.0,39.0,deux_roues,voiture,1,2,1,1,3
202200045286,2022-03-26 15:48:00,2022,3,26,15,48,71,71270,EUROPE (RUE DE L'),46.29825,4.82868,Plein jour,En agglomération,Hors intersection,Normale,Autre collision,4,2,3,0,1,1,1,0,1,30,1,3,2,0,1,0,36.0,,voiture,,1,2,1,1,6
202200045287,2022-10-27 07:58:00,2022,10,27,7,58,11,11069,ROCADE SUD RD 6161,43.20598,2.38931,Nuit sans éclairage public,Hors agglomération,Autre intersection,Normale,Deux véhicules - côté,3,2,3,0,2,1,1,3,1,80,2,2,1,0,0,1,,18.0,voiture,deux_roues,3,1,9,1,3
202200045288,2022-05-11 07:40:00,2022,5,11,7,40,94,94028,Rue du Cap,48.80221,2.46553,Crépuscule ou aube,En agglomération,Hors intersection,Normale,Deux véhicules - côté,4,2,2,0,1,1,1,9,1,30,2,2,1,0,0,1,38.0,50.0,voiture,deux_roues,2,2,1,1,3
202200045289,2022-03-31 10:00:00,2022,3,31,10,0,69,69275,Avenue Jean Jaurès,45.77113,4.96363,Plein jour,En agglomération,Hors intersection,Temps couvert,Autre collision,7,2,2,2,2,1,2,0,5,50,2,2,1,0,0,1,56.0,30.0,voiture,deux_roues,1,2,1,8,6
202200045290,2022-10-27 15:00:00,2022,10,27,15,0,09,09122,VILLOTE (ALLEES DE),42.96354,1.607,Plein jour,En agglomération,Hors intersection,Normale,Deux véhicules - arrière,3,1,2,0,1,1,1,0,1,30,2,3,2,0,0,1,52.0,34.0,voiture,voiture,1,2,1,1,2
202200045291,2022-05-12 21:25:00,2022,5,12,21,25,94,94077,Rue du Général de Gaulle / Rue Alice,48.73501,2.42075,Crépuscule ou aube,En agglomération,Intersection en X,Normale,Deux véhicules - côté,4,1,1,0,1,1,1,0,1,30,2,2,1,0,0,1,40.0,29.0,deux_roues,voiture,2,2,2,1,3
202200045292,2022-03-30 14:00:00,2022,3,30,14,0,69,69029,Rue Lionel Terray,45.73011,4.89132,Plein jour,En agglomération,Intersection en T,Normale,Deux véhicules - côté,2,3,6,1,1,1,1,0,1,50,2,3,2,0,0,1,19.0,23.0,voiture,voiture,1,2,3,1,3
202200045293,2022-05-11 21:00:00,2022,5,11,21,0,94,94071,Rue de Paris,48.77313,2.498,Plein jour,En agglomération,Hors intersection,Normale,Autre collision,3,3,2,3,1,1,1,0,8,50,1,1,0,0,0,1,37.0,,deux_roues,,1,2,1,1,6
202200045294,2022-10-27 10:25:00,2022,10,27,10,25,06,06069,FRAGONARD (BOULEVARD ET IMPASSE),43.65751,6.92208,Plein jour,En agglomération,Hors intersection,Normale,Autre collision,3,3,2,0,2,2,1,0,1,50,1,3,1,0,0,2,63.0,,transport_commun,,1,2,1,1,6
202200045295,2022-03-30 15:20:00,2022,3,30,15,20,67,67043,TROIS MAIRES (RUE DES),48.62997,7.77663,Plein jour,Hors agglomération,Intersection en T,Pluie légère,Deux véhicules - côté,4,2,4,1,1,1,2,5,1,50,2,5,3,0,0,2,33.0,24.0,voiture,voiture,1,1,3,2,3
202200045296,2022-10-21 19:55:00,2022,10,21,19,55,04,04112,Rue Docteur Rene Mathoulin,43.82986,5.80758,Nuit avec éclairage allumé,En agglomération,Hors intersection,Normale,Deux véhicules - frontale,4,1,1,0,1,1,1,0,1,30,2,2,1,0,0,1,47.0,45.0,voiture,voiture,5,2,1,1,1
202200045297,2022-05-12 09:00:00,2022,5,12,9,0,94,94002,GENERAL CHARLES DE GAULLE (R DU)/ Quai Blanqui,48.81449,2.41169,Plein jour,En agglomération,Intersection en T,Normale,Deux véhicules - arrière,3,2,2,2,2,1,1,2,1,50,2,3,2,0,0,1,56.0,29.0,utilitaire_camion,voiture,1,2,3,1,2