accident_id,datetime,annee,mois,jour,heure,minute,departement,commune_insee,adresse,latitude,longitude,luminosite,agglomeration,intersection,meteo,collision,catr,circ,nbv,vosp,prof,plan,surf,infra,situ,vma,nb_vehicules,nb_usagers,nb_indemnes,nb_tues,nb_blesses_hosp,nb_blesses_legers,age_cond_1,age_cond_2,veh_type_cond_1,veh_type_cond_2,lum_code,agg_code,int_code,atm_code,col_code
202200045298,2022-03-01 09:10:00,2022,3,1,9,10,64,64269,D817,43.297044677,-0.2989772448,Plein jour,Hors agglomération,Hors intersection,Pluie légère,Trois véhicules et plus - en chaîne,3,-1,2,0,1,1,2,0,1,70,3,3,2,0,0,1,34.0,64.0,voiture,voiture,1,1,1,2,4
202200045299,2022-05-12 15:25:00,2022,5,12,15,25,93,93005,Route de Mitry,48.9446749949,2.5083455443,Plein jour,En agglomération,Hors intersection,Normale,Deux véhicules - côté,3,2,2,0,1,1,1,0,1,50,2,2,0,0,0,2,45.0,22.0,voiture,voiture,1,2,1,1,3
202200045300,2022-10-27 19:15:00,2022,10,27,19,15,75,75106,RUE DU FOUR,48.852703,2.333925,Nuit avec éclairage allumé,En agglomération,Intersection en T,Normale,Autre collision,4,2,3,1,1,1,1,0,5,30,1,2,0,0,0,2,39.0,,deux_roues,,5,2,3,1,6
202200045301,2022-03-30 13:35:00,2022,3,30,13,35,64,64024,MINERVA (AVENUE DE),43.4805,-1.50966,Plein jour,En agglomération,Hors intersection,Temps couvert,Autre collision,4,2,2,0,1,1,2,0,1,50,1,2,1,1,0,0,47.0,,utilitaire_camion,,1,2,1,8,6
202200045302,2022-05-12 08:00:00,2022,5,12,8,0,93,93066,Avenue de Stalingrad,48.9471224051,2.3730307817,Plein jour,En agglomération,Hors intersection,Normale,Deux véhicules - côté,3,2,2,0,2,3,1,0,1,50,2,2,1,0,0,1,90.0,70.0,voiture,deux_roues,1,2,1,1,3
202200045303,2022-10-27 20:00:00,2022,10,27,20,0,75,75120,BOULEVARD DE BELLEVILLE,48.870817,2.378438,Crépuscule ou aube,En agglomération,Intersection en X,Normale,Autre collision,4,3,1,0,1,1,1,0,1,30,1,2,1,0,0,1,30.0,,deux_roues,,2,2,2,1,6
202200045304,2022-02-16 19:35:00,2022,2,16,19,35,62,62510,CD 58,50.43724,2.75023,Nuit sans éclairage public,Hors agglomération,Autre intersection,Vent fort / tempête,Deux véhicules - côté,3,3,4,0,1,1,2,3,1,70,2,5,3,0,1,1,19.0,35.0,voiture,voiture,3,1,9,6,3
202200045305,2022-05-12 19:17:00,2022,5,12,19,17,93,93062,Boulevard de l'Est,48.9005016833,2.5266006589,Plein jour,En agglomération,Hors intersection,Normale,Deux véhicules - côté,4,2,2,0,2,1,1,0,1,50,2,2,1,0,0,1,21.0,26.0,utilitaire_camion,deux_roues,1,2,1,1,3
202200045306,2022-10-27 16:20:00,2022,10,27,16,20,75,75114,AVENUE DENFERT ROCHEREAU,48.837668,2.335589,Plein jour,En agglomération,Intersection en T,Normale,Autre collision,4,2,4,0,1,1,1,0,4,30,1,2,1,0,0,1,,,deux_roues,,1,2,3,1,6
202200045307,2022-03-31 11:45:00,2022,3,31,11,45,59,59426,PETIT MENIN (RUE DU),50.74352,3.14484,Plein jour,En agglomération,Autre intersection,Temps couvert,Deux véhicules - côté,6,-1, -1,3,1,1,1,0,4,30,2,2,1,0,0,1,49.0,26.0,voiture,deux_roues,1,2,9,8,3
202200045308,2022-05-12 09:00:00,2022,5,12,9,0,93,93062,Avenue de la Résistance / Allée de Verdun,48.8957231825,2.5143268704,Plein jour,En agglomération,Intersection en T,Normale,Autre collision,3,2,2,0,2,1,1,0,1,50,1,2,0,0,0,1,,,deux_roues,,1,2,3,1,6
202200045309,2022-03-31 18:15:00,2022,3,31,18,15,59,59646,PASTEUR (RUE),50.67275,3.12773,Plein jour,En agglomération,Autre intersection,Pluie légère,Deux véhicules - côté,4,2,2,0,1,1,2,0,1,50,2,2,1,0,0,1,17.0,90.0,deux_roues,voiture,1,2,9,2,3
202200045310,2022-05-12 09:05:00,2022,5,12,9,5,93,93006,Rue de l’Épine,48.86363,2.42531,Plein jour,En agglomération,Hors intersection,Temps éblouissant,Autre collision,4,2,2,0,2,1,1,0,1,50,1,2,1,0,0,1,24.0,,voiture,,1,2,1,7,6
202200045311,2022-03-31 15:00:00,2022,3,31,15,0,59,59646,FLANDRE (AVENUE DE),50.664015,3.130216,Plein jour,En agglomération,Intersection en X,Normale,Autre collision,7,1,1,1,1,1,1,5,1,50,1,2,0,0,0,2,49.0,,voiture,,1,2,2,1,6
202200045312,2022-10-27 17:15:00,2022,10,27,17,15,94,94028,FRANCE LIBRE(AVENUE DE LA),48.77833,2.45519,Plein jour,En agglomération,Hors intersection,Normale,Autre collision,4,2,2,0,1,1,1,0,1,50,1,3,1,0,0,2,37.0,,voiture,,1,2,1,1,6
202200045313,2022-03-31 04:20:00,2022,3,31,4,20,59,59512,INKERMANN (RUE D'),50.6875379336,3.1667546108,Nuit avec éclairage allumé,En agglomération,Intersection en X,Normale,Deux véhicules - côté,4,1,1,0,2,1,1,5,1,50,2,3,0,0,2,1,25.0,47.0,voiture,voiture,5,2,2,1,3
202200045314,2022-03-31 16:30:00,2022,3,31,16,30,59,59350,ARRAS RUE D,50.6178383271,3.0635864138,Plein jour,En agglomération,Hors intersection,Normale,Autre collision,4,2,2,0,1,1,1,0,1,50,1,2,1,0,0,1,41.0,,voiture,,1,2,1,1,6
202200045315,2022-05-11 17:41:00,2022,5,11,17,41,93,93029,Rue Auguste Blanqui / Rue Edouard Liévin,48.919573,2.459741,Plein jour,En agglomération,Intersection en T,Normale,Deux véhicules - côté,4,2,2,0,1,1,1,0,3,50,2,3,1,0,0,2,27.0,20.0,voiture,deux_roues,1,2,3,1,3
202200045316,2022-10-27 15:51:00,2022,10,27,15,51,92,92049,GINOUX AV. HENRI N°1 A 95 ET 2 A 104,48.81418,2.32032,Plein jour,En agglomération,Hors intersection,Normale,Autre collision,4,1,1,0,1,1,1,0,1,50,1,2,1,0,0,1,80.0,,voiture,,1,2,1,1,6
202200045317,2022-03-29 17:50:00,2022,3,29,17,50,59,59574,SALENGRO ROGER(RUE),50.37964,3.28374,Plein jour,Hors agglomération,Intersection en X,Normale,Deux véhicules - côté,3,2,2,0,1,1,1,0,1,80,2,2,1,0,0,1,50.0,15.0,voiture,deux_roues,1,1,2,1,3
202200045318,2022-05-12 10:40:00,2022,5,12,10,40,93,93027,Avenue Roger Salengro / Rue de la Convention,48.92957,2.38596,Plein jour,En agglomération,Intersection à plus de 4 branches,Autre,Deux véhicules - côté,3,3,6,3,1,1,1,5,1,50,2,2,1,0,0,1,61.0,40.0,utilitaire_camion,transport_commun,1,2,5,9,3
202200045319,2022-10-26 22:48:00,2022,10,26,22,48,75,75113,BOULEVARD SAINT MARCEL,48.837852,2.355311,Nuit avec éclairage allumé,En agglomération,Intersection en Y,Normale,Deux véhicules - côté,4,2,2,3,1,1,1,5,6,30,2,4,2,0,1,1,74.0,62.0,voiture,deux_roues,5,2,4,1,3
202200045320,2022-03-31 14:30:00,2022,3,31,14,30,54,54575,D26B,49.47796,5.85644,Plein jour,Hors agglomération,Hors intersection,Pluie légère,Deux véhicules - frontale,3,2,2,0,2,2,2,0,1,80,2,4,0,1,2,1,53.0,74.0,voiture,voiture,1,1,1,2,1
202200045321,2022-05-12 17:20:00,2022,5,12,17,20,93,93008,Avenue Paul Vaillant - Couturier,48.908390224,2.451671809,Plein jour,En agglomération,Hors intersection,Normale,Deux véhicules - côté,3,3,4,0,1,1,1,0,1,50,2,3,2,0,0,1,35.0,36.0,voiture,voiture,1,2,1,1,3
202200045322,2022-03-31 09:50:00,2022,3,31,9,50,51,51454,Allée des Provençeaux,49.23138,4.00723,Plein jour,En agglomération,Hors intersection,Normale,Autre collision,4,2,2,0,1,1,1,0,1,30,1,1,0,0,0,1,21.0,,deux_roues,,1,2,1,1,6
202200045323,2022-10-27 07:20:00,2022,10,27,7,20,75,75119,RUE EDOUARD PAILLERON,48.8805,2.376536,Nuit avec éclairage allumé,En agglomération,Intersection en T,Normale,Autre collision,4,2,3,0,1,1,1,0,1,30,1,1,0,0,0,1,66.0,,voiture,,5,2,3,1,6
202200045324,2022-04-14 12:50:00,2022,4,14,12,50,92,92078,VERDUN (AVENUE) (IMPAIRS 1 A 25),48.935533,2.33422,Plein jour,Hors agglomération,Hors intersection,Normale,Deux véhicules - arrière,3,1,4,0,1,1,1,0,1,90,2,2,1,0,0,1,24.0,46.0,voiture,voiture,1,1,1,1,2
202200045325,2022-03-31 16:30:00,2022,3,31,16,30,50,50218,AMERIQUES (BOULEVARD),48.8309,-1.57509,Plein jour,En agglomération,Hors intersection,Normale,Deux véhicules - côté,3,2,2,0,1,1,1,0,1,50,2,2,1,0,0,1,21.0,16.0,voiture,deux_roues,1,2,1,1,3
202200045326,2022-05-10 18:25:00,2022,5,10,18,25,92,92078,MARECHAL LECLERC (AVENUE) (PAIRS),48.939033,2.323979,Plein jour,En agglomération,Autre intersection,Normale,Deux véhicules - côté,3,2,0,0,1,1,1,0,1,50,2,2,1,0,0,1,32.0,41.0,voiture,deux_roues,1,2,9,1,3
202200045327,2022-10-27 16:45:00,2022,10,27,16,45,75,75118,RUE DE LA CHAPELLE,48.892023,2.359838,Plein jour,En agglomération,Intersection en T,Normale,Deux véhicules - côté,4,1,5,0,1,1,1,0,1,30,2,2,1,0,0,1,55.0,30.0,voiture,deux_roues,1,2,3,1,3
202200045328,2022-03-29 11:05:00,2022,3,29,11,5,50,50129,BROSSOLETTE (RUE PIERRE),49.63344,-1.59209,Plein jour,En agglomération,Hors intersection,Pluie légère,Trois véhicules et plus - en chaîne,4,3,4,0,1,1,2,0,1,50,3,3,2,0,0,1,32.0,57.0,voiture,voiture,1,2,1,2,4
202200045329,2022-05-12 13:50:00,2022,5,12,13,50,92,92022,SALENGRO (AVENUE ROGER),48.81405,2.19264,Plein jour,En agglomération,Hors intersection,Normale,Deux véhicules - côté,3,2,4,2,1,1,1,1,1,50,2,2,1,0,0,1,80.0,50.0,voiture,deux_roues,1,2,1,1,3
202200045330,2022-03-30 17:50:00,2022,3,30,17,50,49,49007,NID DE  PIE,47.47148,-0.60204,Plein jour,En agglomération,Hors intersection,Normale,Deux véhicules - arrière,4,2,3,0,1,1,1,0,1,50,2,2,1,0,0,1,61.0,24.0,deux_roues,voiture,1,2,1,1,2
202200045331,2022-05-12 09:25:00,2022,5,12,9,25,92,92062,DE DION BOUTON (QUAI) DU 29 AU 65,48.88094,2.245368,Plein jour,En agglomération,Autre intersection,Normale,Deux véhicules - côté,4,2,1,1,1,1,1,0,5,50,2,2,1,0,0,1,44.0,59.0,deux_roues,voiture,1,2,9,1,3
202200045332,2022-10-27 08:50:00,2022,10,27,8,50,75,75109,BOULEVARD DE CLICHY,48.884671,2.329411,Plein jour,En agglomération,Intersection en T,Normale,Autre collision,4,3,3,0,1,1,1,0,1,30,1,2,1,0,0,1,,,deux_roues,,1,2,3,1,6
202200045333,2022-05-12 11:40:00,2022,5,12,11,40,92,92048,TRONCHET (ROUTE DU),48.7931192599,2.2209602594,Plein jour,En agglomération,Hors intersection,Normale,Deux véhicules - frontale,4,2,2,0,1,3,1,0,1,50,2,2,1,0,0,1,72.0,78.0,voiture,voiture,1,2,1,1,1
202200045334,2022-10-26 14:30:00,2022,10,26,14,30,75,75114,PLACE DENFERT ROCHEREAU,48.83412,2.333317,Plein jour,En agglomération,Place,Normale,Deux véhicules - côté,4,1,4,0,1,2,1,0,1,30,2,4,2,0,0,2,31.0,41.0,transport_commun,voiture,1,2,7,1,3
202200045335,2022-05-12 17:45:00,2022,5,12,17,45,92,92044,LORRAINE (RUE DE),48.89265842,2.2959411442,Plein jour,En agglomération,Hors intersection,Normale,Autre collision,4,1,1,0,1,1,1,0,4,30,1,1,0,0,0,1,89.0,,voiture,,1,2,1,1,6
202200045336,2022-05-12 09:20:00,2022,5,12,9,20,92,92035,Général de Gaulle  ( avenue du ),48.90981,2.25503,Plein jour,En agglomération,Hors intersection,Normale,Deux véhicules - côté,3,2,2,0,1,1,1,0,1,50,2,2,1,0,0,1,21.0,33.0,deux_roues,voiture,1,2,1,1,3
202200045337,2022-10-25 14:05:00,2022,10,25,14,5,75,75112,BOULEVARD PONIATOWSKI,48.833344,2.402273,Plein jour,En agglomération,Intersection en X,Normale,Deux véhicules - côté,4,2,2,0,1,1,1,0,5,30,2,2,1,0,1,0,21.0,59.0,deux_roues,utilitaire_camion,1,2,2,1,3
202200045338,2022-03-31 10:00:00,2022,3,31,10,0,38,38151,AVENUE VICTOR HUGO,45.15454,5.71221,Plein jour,En agglomération,Intersection en T,Temps couvert,Deux véhicules - côté,4,2,2,1,1,1,1,9,1,50,2,2,0,0,0,2,20.0,58.0,deux_roues,voiture,1,2,3,8,3
202200045339,2022-05-12 19:40:00,2022,5,12,19,40,92,92062,CIRCULAIRE (BOULEVARD),48.8944404697,2.2397126555,Plein jour,Hors agglomération,Hors intersection,Normale,Sans collision,3,-1,3,0,1,3,1,0,1,50,1,1,0,0,0,1,41.0,,deux_roues,,1,1,1,1,7
202200045340,2022-10-26 22:13:00,2022,10,26,22,13,75,75108,RUE DE COURCELLES,48.879147,2.30313,Nuit avec éclairage allumé,En agglomération,Intersection en X,Normale,Sans collision,4,2,2,0,1,1,1,0,1,30,1,1,0,0,0,1,50.0,,deux_roues,,5,2,2,1,7
202200045341,2022-05-12 09:00:00,2022,5,12,9,0,92,92026,GEORGES CLEMENCEAU,48.9029914141,2.2709158659,Plein jour,En agglomération,Hors intersection,Normale,Deux véhicules - arrière,3,2,2,1,1,1,1,0,1,50,2,2,1,0,0,1,26.0,50.0,utilitaire_camion,deux_roues,1,2,1,1,2
202200045342,2022-05-11 19:50:00,2022,5,11,19,50,92,92025,MARCEAU (BD),48.9302689663,2.2616859823,Plein jour,En agglomération,Intersection en X,Normale,Deux véhicules - frontale,4,2,2,0,1,1,1,0,1,30,2,2,1,0,0,1,17.0,43.0,deux_roues,voiture,1,2,2,1,1
202200045343,2022-10-26 01:29:00,2022,10,26,1,29,75,75108,AVENUE DE MARIGNY,48.868582,2.314426,Nuit avec éclairage allumé,En agglomération,Hors intersection,Normale,Trois véhicules et plus - en chaîne,4,2,2,0,1,1,1,0,1,30,3,6,3,0,0,3,57.0,40.0,voiture,voiture,5,2,1,1,4
202200045344,2022-05-10 06:00:00,2022,5,10,6,0,92,92025,STALINGRAD (AV DE),48.931297,2.267004,Crépuscule ou aube,En agglomération,Hors intersection,Normale,Autre collision,3,2,2,0,1,1,1,0,1,30,1,2,1,0,1,0,73.0,,utilitaire_camion,,2,2,1,1,6
202200045345,2022-10-27 02:30:00,2022,10,27,2,30,75,75104,RUE BEAUBOURG,48.860324,2.35301,Nuit avec éclairage allumé,En agglomération,Intersection en T,Normale,Autre collision,4,1,3,0,1,3,1,0,1,30,1,2,0,0,0,2,45.0,,deux_roues,,5,2,3,1,6
202200045346,2022-05-12 12:40:00,2022,5,12,12,40,92,92024,VICTOR HUGO (BD),48.8999117791,2.3144666254,Plein jour,En agglomération,Intersection en X,Temps éblouissant,Deux véhicules - côté,3,-1,2,0,1,1,1,0,1,50,2,2,1,0,0,1,48.0,28.0,deux_roues,voiture,1,2,2,7,3
202200045347,2022-10-26 13:50:00,2022,10,26,13,50,75,75103,RUE DES FILLES DU CALVAIRE,48.863075,2.366746,Plein jour,En agglomération,Intersection en T,Normale,Autre collision,4,1,1,0,1,1,1,0,1,30,1,2,1,0,0,1,45.0,,transport_commun,,1,2,3,1,6
202200045348,2022-05-12 13:00:00,2022,5,12,13,0,92,92023,VICTOR HUGO (AVENUE),48.8023137196,2.2660034001,Plein jour,En agglomération,Hors intersection,Normale,Autre collision,4,2,2,0,2,1,1,0,1,50,2,2,1,0,0,1,72.0,17.0,voiture,deux_roues,1,2,1,1,6
202200045349,2022-10-26 08:10:00,2022,10,26,8,10,75,75104,RUE DES ARCHIVES,48.859363,2.356142,Plein jour,En agglomération,Intersection en X,Normale,Deux véhicules - côté,4,1,1,0,1,1,1,0,1,30,2,2,1,0,0,1,31.0,31.0,deux_roues,voiture,1,2,2,1,3
202200045350,2022-05-12 12:00:00,2022,5,12,12,0,92,92032,DOLIVET J ET M (AVENUE),48.7920560094,2.2897998244,Plein jour,En agglomération,Intersection en Y,Normale,Sans collision,3,2,2,0,3,1,1,0,1,30,2,2,1,0,0,1,72.0,28.0,deux_roues,voiture,1,2,4,1,7
202200045351,2022-10-27 11:27:00,2022,10,27,11,27,94,94080,PARIS (AV DE),48.84528,2.43303,Plein jour,En agglomération,Hors intersection,Normale,Deux véhicules - arrière,9,-1, -1,0,1,2,1,1,8,30,2,2,1,0,0,1,40.0,39.0,utilitaire_camion,deux_roues,1,2,1,1,2
202200045352,2022-05-12 13:05:00,2022,5,12,13,5,92,92007,BLANCHARD (RUE),48.795916474,2.2937978581,Plein jour,En agglomération,Intersection en T,Normale,Deux véhicules - frontale,3,2,2,0,1,1,1,0,1,50,2,2,0,0,0,2,54.0,19.0,voiture,voiture,1,2,3,1,1
202200045353,2022-10-27 19:15:00,2022,10,27,19,15,94,94046,GENERAL LECLERC (AV DU),48.81229,2.42879,Nuit avec éclairage allumé,En agglomération,Hors intersection,Normale,Deux véhicules - côté,3,3,2,0,1,1,1,0,1,50,2,2,1,0,0,1,31.0,39.0,voiture,deux_roues,5,2,1,1,3
202200045354,2022-05-12 14:20:00,2022,5,12,14,20,92,92002,ARMAND GUILLEBAUD (AVENUE),48.74523671,2.3151646703,Plein jour,En agglomération,Hors intersection,Normale,Deux véhicules - arrière,3,2,2,0,2,1,1,0,1,50,2,2,1,0,0,1,20.0,31.0,deux_roues,voiture,1,2,1,1,2
202200045355,2022-10-27 10:50:00,2022,10,27,10,50,94,94019,Route de la Libération / Avenue Maurice Thorez,48.8057,2.5335,Plein jour,En agglomération,Giratoire,Normale,Deux véhicules - côté,3,2,4,0,1,1,1,5,1,30,2,2,1,0,0,1,40.0,31.0,voiture,deux_roues,1,2,6,1,3
202200045356,2022-05-12 09:40:00,2022,5,12,9,40,92,92002,DIVISION LECLERC (1 A 29 -2 A 34),48.751984444,2.3045203239,Plein jour,En agglomération,Hors intersection,Normale,Deux véhicules - côté,3,2,2,2,1,1,1,0,5,50,2,2,1,0,0,1,35.0,34.0,deux_roues,voiture,1,2,1,1,3
202200045357,2022-05-13 06:20:00,2022,5,13,6,20,39,39372,,46.78099,6.01445,Crépuscule ou aube,Hors agglomération,Hors intersection,Normale,Deux véhicules - frontale,3,2,2,0,2,2,2,0,1,80,2,2,1,0,1,0,26.0,51.0,voiture,voiture,2,1,1,1,1
202200045358,2022-10-26 08:20:00,2022,10,26,8,20,94,94055,Avenue Olivier d'Ormesson / Rue du Maréchal Galliéni,48.7815,2.5305,Plein jour,En agglomération,Intersection en X,Normale,Deux véhicules - côté,3,2,2,0,1,1,1,0,1,50,2,2,1,0,0,1,17.0,40.0,deux_roues,voiture,1,2,2,1,3
202200045359,2022-05-13 10:20:00,2022,5,13,10,20,37,37074,13 Rue de la Perruche,47.2390716232,0.1277858019,Plein jour,En agglomération,Hors intersection,Normale,Autre collision,4,2,2,0,1,1,1,0,1,50,1,2,1,0,1,0,78.0,,voiture,,1,2,1,1,6
202200045360,2022-10-27 17:50:00,2022,10,27,17,50,93,93070,Avenue Gabriel Péri,48.9072516668,2.3322548335,Crépuscule ou aube,En agglomération,Hors intersection,Normale,Deux véhicules - arrière,3,2,2,2,1,1,1,0,1,50,2,3,2,0,0,1,30.0,29.0,deux_roues,voiture,2,2,1,1,2
202200045361,2022-05-12 22:50:00,2022,5,12,22,50,02,02504,avenue de la victoire,49.739458,3.251792,Nuit avec éclairage allumé,En agglomération,Hors intersection,Normale,Autre collision,3,2,2,0,1,1,1,2,1,50,1,1,0,0,0,1,54.0,,deux_roues,,5,2,1,1,6
202200045362,2022-05-11 19:45:00,2022,5,11,19,45,31,31035,Route de Mervilla,43.515362,1.47911,Plein jour,Hors agglomération,Hors intersection,Normale,Autre collision,3,2,2,0,2,2,1,0,3,80,1,1,0,0,1,0,49.0,,voiture,,1,1,1,1,6
202200045363,2022-10-26 21:00:00,2022,10,26,21,0,93,93048,Rue Francois Arago / Rue du Colonel Delorme,48.85414,2.42771,Nuit avec éclairage allumé,En agglomération,Intersection en X,Normale,Deux véhicules - côté,4,1,1,2,2,1,1,0,1,30,2,2,1,0,0,1,21.0,19.0,voiture,deux_roues,5,2,2,1,3
202200045364,2022-05-12 15:25:00,2022,5,12,15,25,28,28018,autoroute A11 - PK 110.600,48.210039,0.932239,Plein jour,Hors agglomération,Hors intersection,Normale,Deux véhicules - arrière,1,3,3,0,1,1,1,0,1,130,2,3,1,0,1,1,66.0,49.0,voiture,utilitaire_camion,1,1,1,1,2
202200045365,2022-10-26 05:58:00,2022,10,26,5,58,93,93006,Avenue Raspail,48.874501891,2.4315522078,Nuit avec éclairage allumé,En agglomération,Hors intersection,Normale,Deux véhicules - côté,3,2,2,2,1,1,1,0,1,50,2,2,1,0,0,1,37.0,37.0,deux_roues,voiture,5,2,1,1,3
202200045366,2022-04-29 23:30:00,2022,4,29,23,30,84,84062,D24,43.89952,5.106282,Nuit sans éclairage public,Hors agglomération,Hors intersection,Normale,Trois véhicules et plus - collisions multiples,3,2,2,0,1,2,1,0,1,80,3,3,1,0,1,1,30.0,62.0,utilitaire_camion,voiture,3,1,1,1,5
202200045367,2022-10-25 08:30:00,2022,10,25,8,30,93,93029,Avenue Henri Barbusse,48.9170901993,2.4456202846,Plein jour,En agglomération,Hors intersection,Normale,Deux véhicules - côté,3,2,2,0,1,1,1,0,1,50,2,2,1,0,0,1,42.0,21.0,deux_roues,voiture,1,2,1,1,3
202200045368,2022-05-12 18:50:00,2022,5,12,18,50,50,50357,Le Besnard,48.880261,-1.079385,Crépuscule ou aube,Hors agglomération,Hors intersection,Temps éblouissant,Sans collision,3,2,2,0,1,1,1,0,3,80,1,1,0,0,1,0,61.0,,deux_roues,,2,1,1,7,7
202200045369,2022-05-12 18:30:00,2022,5,12,18,30,62,62779,D1,50.109467,2.441666,Crépuscule ou aube,Hors agglomération,Intersection en X,Normale,Deux véhicules - côté,3,2,2,0,2,1,1,5,1,80,2,2,0,0,0,2,55.0,60.0,voiture,voiture,2,1,2,1,3
202200045370,2022-05-13 08:40:00,2022,5,13,8,40,83,83021,D28,43.4709231986,5.9568214417,Plein jour,Hors agglomération,Intersection en Y,Normale,Autre collision,3,2,2,0,1,1,1,0,1,80,2,2,1,1,0,0,84.0,68.0,voiture,voiture,1,1,4,1,6
202200045371,2022-05-12 15:15:00,2022,5,12,15,15,59,59601,Chemin Vert,50.0590815108,4.0925882847,Plein jour,En agglomération,Hors intersection,Normale,Deux véhicules - côté,4,-1,2,0,1,1,1,0,8,30,2,2,1,0,1,0,41.0,38.0,utilitaire_camion,deux_roues,1,2,1,1,3
202200045372,2022-05-12 17:30:00,2022,5,12,17,30,19,19135,RD 982,45.5059619222,2.3076095581,Plein jour,Hors agglomération,Hors intersection,Pluie légère,Deux véhicules - frontale,3,2,2,0,2,1,2,0,1,90,2,2,0,0,2,0,53.0,56.0,voiture,voiture,1,1,1,2,1
202200045373,2022-05-13 07:41:00,2022,5,13,7,41,65,65138,Route de Pierrefitte,42.898507,-0.11081,Plein jour,En agglomération,Hors intersection,Normale,Sans collision,3,2,2,0,1,3,1,0,1,50,1,1,0,0,0,1,15.0,,deux_roues,,1,2,1,1,7
202200045374,2022-05-13 16:00:00,2022,5,13,16,0,71,71018,La Commagne RD 971,46.60612,5.1033,Plein jour,Hors agglomération,Hors intersection,Normale,Autre collision,3,-1,2,0,1,1,1,0,3,70,1,1,0,0,1,0,50.0,,utilitaire_camion,,1,1,1,1,6
202200045375,2022-05-12 22:40:00,2022,5,12,22,40,71,71591,D906,46.443579,4.883546,Nuit sans éclairage public,En agglomération,Giratoire,Pluie forte,Autre collision,3,1,2,0,1,3,2,0,1,50,1,3,0,0,2,1,61.0,,voiture,,3,2,6,3,6
202200045376,2022-05-12 00:00:00,2022,5,12,0,0,61,61405,La Massuette,48.297709,0.75391,Nuit sans éclairage public,En agglomération,Hors intersection,Normale,Sans collision,3,2,2,0,1,4,1,0,3,90,1,2,0,0,1,1,26.0,,voiture,,3,2,1,1,7
202200045377,2022-05-13 07:35:00,2022,5,13,7,35,61,61476,le bourg,48.368941,0.395299,Plein jour,En agglomération,Intersection en T,Normale,Deux véhicules - côté,3,2,2,0,1,1,1,0,1,50,2,2,1,0,1,0,39.0,16.0,voiture,deux_roues,1,2,3,1,3
202200045378,2022-05-13 12:40:00,2022,5,13,12,40,34,34086,D612,43.479643,2.680321,Plein jour,Hors agglomération,Intersection en T,Normale,Deux véhicules - frontale,3,2,2,0,2,2,1,0,1,80,2,4,0,0,0,4,48.0,25.0,voiture,voiture,1,1,3,1,1
202200045379,2022-05-13 07:00:00,2022,5,13,7,0,29,29229,Lieu dit Moulin de Pont de Lez,48.125267,-4.128928,Plein jour,Hors agglomération,Hors intersection,Normale,Autre collision,4,2,2,0,1,1,1,0,3,70,1,3,1,0,2,0,32.0,,voiture,,1,1,1,1,6
202200045380,2022-05-10 18:35:00,2022,5,10,18,35,38,38140,Avenue de l Abbaye,45.276359,5.873913,Plein jour,En agglomération,Hors intersection,Normale,Deux véhicules - côté,3,2,2,0,1,1,1,0,1,50,2,2,1,0,1,0,54.0,94.0,deux_roues,voiture,1,2,1,1,3
202200045381,2022-04-30 22:15:00,2022,4,30,22,15,01,01096,Route de Bourg En Bresse,46.177854,5.07313,Nuit avec éclairage allumé,Hors agglomération,Intersection en X,Normale,Deux véhicules - côté,3,2,1,0,2,1,1,5,1,70,2,5,0,0,2,3,28.0,33.0,voiture,utilitaire_camion,5,1,2,1,3
202200045382,2022-05-13 04:00:00,2022,5,13,4,0,72,72221,7 Rue Pierre de Ronsard,47.668546,0.396281,Nuit sans éclairage public,En agglomération,Hors intersection,Normale,Autre collision,9,2,2,0,1,3,1,0,1,50,1,1,0,0,0,1,22.0,,deux_roues,,3,2,1,1,6
202200045383,2022-05-11 03:20:00,2022,5,11,3,20,72,72096,La Belle Etoile,48.02258,0.03656,Nuit sans éclairage public,Hors agglomération,Hors intersection,Normale,Autre collision,3,2,2,0,1,1,1,0,1,90,1,1,0,0,0,1,31.0,,deux_roues,,3,1,1,1,6
202200045384,2022-05-11 17:15:00,2022,5,11,17,15,72,72130,La Maison Neuve,48.004411,0.078143,Plein jour,Hors agglomération,Autre intersection,Normale,Deux véhicules - côté,3,2,2,0,1,1,1,0,1,90,2,2,1,0,1,0,22.0,42.0,deux_roues,utilitaire_camion,1,1,9,1,3
202200045385,2022-05-12 22:45:00,2022,5,12,22,45,60,60465,D1001,49.545846,2.203231,Nuit sans éclairage public,Hors agglomération,Hors intersection,Normale,Autre collision,3,2,2,0,1,1,1,0,1,80,1,1,0,0,0,1,34.0,,deux_roues,,3,1,1,1,6
202200045386,2022-05-13 17:45:00,2022,5,13,17,45,60,60264,RD927 pk 23+745,49.380389,2.10253,Plein jour,Hors agglomération,Intersection en T,Normale,Deux véhicules - arrière,3,2,2,0,2,1,1,0,1,80,2,2,1,0,1,0,49.0,25.0,voiture,deux_roues,1,1,3,1,2
202200045387,2022-05-13 07:15:00,2022,5,13,7,15,45,45053,D2007 PR 62 + 900,47.62052,2.760293,Plein jour,Hors agglomération,Hors intersection,Normale,Deux véhicules - frontale,3,2,2,0,1,1,1,0,1,90,2,2,0,0,2,0,28.0,76.0,voiture,voiture,1,1,1,1,1
202200045388,2022-05-13 08:30:00,2022,5,13,8,30,43,43030,D13,45.1047734866,3.846373558,Plein jour,Hors agglomération,Hors intersection,Normale,Sans collision,3,2,2,0,2,3,1,0,3,80,1,1,0,0,1,0,42.0,,deux_roues,,1,1,1,1,7