accident_id,datetime,annee,mois,jour,heure,minute,departement,commune_insee,adresse,latitude,longitude,luminosite,agglomeration,intersection,meteo,collision,catr,circ,nbv,vosp,prof,plan,surf,infra,situ,vma,nb_vehicules,nb_usagers,nb_indemnes,nb_tues,nb_blesses_hosp,nb_blesses_legers,age_cond_1,age_cond_2,veh_type_cond_1,veh_type_cond_2,lum_code,agg_code,int_code,atm_code,col_code
202200045389,2022-05-13 17:00:00,2022,5,13,17,0,04,04160,RD 14,43.875252,5.671166,Plein jour,Hors agglomération,Hors intersection,Normale,Deux véhicules - frontale,3,2,2,0,2,2,1,0,1,80,2,4,3,0,0,1,71.0,16.0,voiture,deux_roues,1,1,1,1,1
202200045390,2022-03-18 18:50:00,2022,3,18,18,50,27,27090,RD 313,49.296283,0.935619,Crépuscule ou aube,Hors agglomération,Intersection en X,Normale,Deux véhicules - côté,3,2,2,0,1,1,1,0,1,80,2,2,1,0,1,0,76.0,22.0,voiture,deux_roues,2,1,2,1,3
202200045391,2022-05-13 15:30:00,2022,5,13,15,30,87,87117,D222,45.796606,1.841573,Plein jour,Hors agglomération,Hors intersection,Normale,Sans collision,3,2,2,0,4,3,1,0,3,70,1,1,0,0,1,0,48.0,,deux_roues,,1,1,1,1,7
202200045392,2022-05-11 14:35:00,2022,5,11,14,35,987,98734,PK 30+400,-17.723379,-149.50573,Plein jour,Hors agglomération,Hors intersection,Normale,Deux véhicules - arrière,2,2,2,0,1,2,1,0,1,-1,2,2,1,0,1,0,52.0,12.0,voiture,deux_roues,1,1,1,1,2
202200045393,2022-05-12 13:40:00,2022,5,12,13,40,978,97801,R DES ECOLES,18.09958,-63.055022,Plein jour,En agglomération,Intersection en Y,Normale,Autre collision,2,2,2,0,1,2,1,0,1,50,1,2,1,0,0,1,71.0,,voiture,,1,2,4,1,6
202200045394,2022-05-12 22:20:00,2022,5,12,22,20,89,89333,A6 PK 213+600 Sens Lyon-Paris,47.504516,4.045144,Nuit sans éclairage public,Hors agglomération,Hors intersection,Normale,Deux véhicules - arrière,1,1,4,0,1,1,1,0,1,130,2,5,2,1,1,1,36.0,34.0,utilitaire_camion,utilitaire_camion,3,1,1,1,2
202200045395,2022-05-13 17:30:00,2022,5,13,17,30,25,25219,D461,47.142883,6.373379,Plein jour,Hors agglomération,Hors intersection,Normale,Trois véhicules et plus - collisions multiples,3,2,2,0,2,1,1,0,1,80,3,3,2,0,1,0,56.0,19.0,voiture,utilitaire_camion,1,1,1,1,5
202200045396,2022-05-12 17:30:00,2022,5,12,17,30,974,97418,Route de la Confiance,-20.945529,55.523298,Crépuscule ou aube,En agglomération,Hors intersection,Normale,Sans collision,3,2,2,0,2,1,1,0,1,50,1,1,0,0,1,0,19.0,,deux_roues,,2,2,1,1,7
202200045397,2022-05-12 01:30:00,2022,5,12,1,30,971,97106,Rue Felicite Leandre,16.147411,-61.770324,Nuit avec éclairage non allumé,En agglomération,Hors intersection,Pluie légère,Autre collision,2,2,2,0,2,1,2,0,3,50,1,2,1,0,1,0,19.0,,voiture,,4,2,1,2,6
202200045398,2022-05-13 10:30:00,2022,5,13,10,30,18,18207,25 Avenue Gabriel Dordain,46.993902,2.248536,Plein jour,En agglomération,Hors intersection,Normale,Sans collision,2,2,2,0,2,1,1,0,1,50,1,1,0,0,0,1,75.0,,deux_roues,,1,2,1,1,7
202200045399,2022-05-13 11:00:00,2022,5,13,11,0,83,83112,Route Departementale 559,43.180459,5.680071,Plein jour,En agglomération,Hors intersection,Normale,Autre collision,3,2,2,0,1,1,1,0,1,50,1,2,1,0,1,0,82.0,,voiture,,1,2,1,1,6
202200045400,2022-05-11 16:45:00,2022,5,11,16,45,83,83099,,43.455653,6.690282,Plein jour,En agglomération,Giratoire,Normale,Deux véhicules - côté,3,1,2,0,1,2,1,0,1,30,2,2,1,0,1,0,64.0,64.0,voiture,deux_roues,1,2,6,1,3
202200045401,2022-05-11 17:00:00,2022,5,11,17,0,83,83107,"Corniche des Issambres, RD559",43.3422186339,6.6974115372,Plein jour,En agglomération,Hors intersection,Normale,Deux véhicules - côté,3,2,2,0,1,1,1,0,1,50,2,2,1,0,0,1,31.0,39.0,deux_roues,deux_roues,1,2,1,1,3
202200045402,2022-05-12 11:57:00,2022,5,12,11,57,83,83023,D35,43.416092,6.015771,Plein jour,Hors agglomération,Hors intersection,Normale,Autre collision,3,2,2,0,1,2,1,0,3,-1,1,1,0,0,1,0,38.0,,deux_roues,,1,1,1,1,6
202200045403,2022-05-13 15:50:00,2022,5,13,15,50,06,06065,Route de Cagnes,43.720156,7.148366,Plein jour,En agglomération,Hors intersection,Normale,Sans collision,7,2,2,0,2,2,1,9,1,30,1,1,0,0,0,1,47.0,,deux_roues,,1,2,1,1,7
202200045404,2022-05-11 16:35:00,2022,5,11,16,35,13,13081,avenue de verdun,43.483378,5.230176,Plein jour,En agglomération,Hors intersection,Normale,Deux véhicules - côté,7,2,2,0,1,1,1,0,1,50,2,2,1,0,1,0,64.0,44.0,deux_roues,deux_roues,1,2,1,1,3
202200045405,2022-05-12 08:15:00,2022,5,12,8,15,13,13081,rd 21,43.49283,5.206393,Plein jour,Hors agglomération,Hors intersection,Normale,Deux véhicules - arrière,3,1,2,0,1,1,1,0,1,90,2,2,1,0,1,0,45.0,72.0,deux_roues,voiture,1,1,1,1,2
202200045406,2022-05-12 07:48:00,2022,5,12,7,48,57,57209,47 Rue de Metz,49.044349,6.59893,Plein jour,En agglomération,Hors intersection,Normale,Autre collision,3,2,2,0,2,1,1,9,1,-1,1,2,1,1,0,0,49.0,,transport_commun,,1,2,1,1,6
202200045407,2022-05-11 09:30:00,2022,5,11,9,30,38,38484,D75,45.552396,4.939902,Plein jour,Hors agglomération,Hors intersection,Normale,Deux véhicules - arrière,3,2,2,0,1,1,1,0,1,80,2,2,1,0,0,1,74.0,63.0,voiture,voiture,1,1,1,1,2
202200045408,2022-05-12 15:40:00,2022,5,12,15,40,81,81143,RD 622 PK 05+600,43.529618,2.098517,Plein jour,Hors agglomération,Hors intersection,Normale,Deux véhicules - côté,3,2,2,0,1,1,1,0,1,90,2,2,1,0,0,1,36.0,61.0,voiture,utilitaire_camion,1,1,1,1,3
202200045409,2022-05-13 10:30:00,2022,5,13,10,30,86,86115,VC5,46.693627,0.344846,Plein jour,Hors agglomération,Hors intersection,Normale,Deux véhicules - frontale,4,2,2,0,3,3,1,0,1,80,2,2,1,1,0,0,57.0,52.0,utilitaire_camion,deux_roues,1,1,1,1,1
202200045410,2022-05-01 11:30:00,2022,5,1,11,30,33,33109,Route de Nadon,44.697869,-0.43808,Plein jour,En agglomération,Hors intersection,Normale,Deux véhicules - frontale,3,2,2,0,1,1,1,9,1,50,2,2,0,0,0,2,77.0,23.0,voiture,voiture,1,2,1,1,1
202200045411,2022-04-29 16:57:00,2022,4,29,16,57,61,61213,Champ Crepin,48.476894,-0.150273,Plein jour,En agglomération,Intersection en T,Normale,Deux véhicules - côté,2,2,2,0,2,1,1,5,1,70,2,4,1,0,0,3,23.0,50.0,voiture,voiture,1,2,3,1,3
202200045412,2022-05-13 08:45:00,2022,5,13,8,45,60,60282,Rond point des Ripailles,49.205892,2.461603,Plein jour,Hors agglomération,Giratoire,Normale,Deux véhicules - arrière,3,1,1,0,1,3,1,0,1,90,2,2,1,0,0,1,64.0,40.0,utilitaire_camion,voiture,1,1,6,1,2
202200045413,2022-05-12 17:30:00,2022,5,12,17,30,13,13215,A7-Sens Lyon vers Marseille,43.36986,5.36095,Plein jour,Hors agglomération,Hors intersection,Normale,Deux véhicules - arrière,1,3,3,0,1,1,1,0,1,90,2,2,1,0,1,0,67.0,52.0,voiture,deux_roues,1,1,1,1,2
202200045414,2022-05-12 07:50:00,2022,5,12,7,50,13,13215,A7-Sens Marseille vers Lyon,43.3501120123,5.3687160532,Plein jour,Hors agglomération,Hors intersection,Normale,Deux véhicules - côté,1,1,3,0,1,1,1,0,1,90,2,2,1,0,0,1,29.0,49.0,deux_roues,voiture,1,1,1,1,3
202200045415,2022-05-11 23:45:00,2022,5,11,23,45,13,13210,A50-Sens Aubagne vers Marseille,43.28431,5.40472,Nuit sans éclairage public,Hors agglomération,Hors intersection,Normale,Deux véhicules - côté,1,1,3,0,1,1,1,0,1,90,2,2,1,0,0,1,,22.0,voiture,deux_roues,3,1,1,1,3
202200045416,2022-05-12 00:45:00,2022,5,12,0,45,83,83123,A50,43.1271417286,5.8226251602,Nuit avec éclairage non allumé,Hors agglomération,Hors intersection,Normale,Autre collision,1,3,6,0,1,1,1,0,2,90,1,1,0,0,0,1,26.0,,voiture,,4,1,1,1,6
202200045417,2022-05-11 09:53:00,2022,5,11,9,53,69,69281,Autoroute 46,45.62914,4.8934,Plein jour,Hors agglomération,Hors intersection,Normale,Deux véhicules - arrière,1,3,4,0,1,1,1,0,1,90,2,2,1,0,0,1,64.0,31.0,utilitaire_camion,deux_roues,1,1,1,1,2
202200045418,2022-05-09 07:35:00,2022,5,9,7,35,54,54265,Autoroute A 33,48.64143,6.1689,Plein jour,Hors agglomération,Hors intersection,Normale,Trois véhicules et plus - en chaîne,1,3, -1,3,2,1,1,0,1,110,3,3,1,0,0,2,,30.0,voiture,voiture,1,1,1,1,4
202200045419,2022-05-12 09:05:00,2022,5,12,9,5,94,94021,AUTOROUTE A6A,48.77044,2.34551,Plein jour,Hors agglomération,Hors intersection,Normale,Trois véhicules et plus - collisions multiples,1,1,3,0,1,1,1,0,1,90,3,3,2,0,0,1,26.0,36.0,voiture,deux_roues,1,1,1,1,5
202200045420,2022-05-12 07:55:00,2022,5,12,7,55,91,91521,AUTOROUTE A6,48.64137,2.3933,Plein jour,Hors agglomération,Hors intersection,Normale,Trois véhicules et plus - en chaîne,1,3,6,0,1,1,1,0,1,110,3,3,2,0,0,1,81.0,34.0,voiture,deux_roues,1,1,1,1,4
202200045421,2022-05-11 15:10:00,2022,5,11,15,10,91,91549,RN 104,48.62583,2.33965,Plein jour,Hors agglomération,Hors intersection,Normale,Deux véhicules - arrière,2,3,4,0,1,1,1,0,1,110,2,2,1,0,0,1,86.0,60.0,voiture,utilitaire_camion,1,1,1,1,2
202200045422,2022-05-11 09:05:00,2022,5,11,9,5,78,78158,A13,48.831601,2.143315,Plein jour,Hors agglomération,Hors intersection,Normale,Deux véhicules - côté,1,-1,4,0,1,1,1,0,1,110,2,2,1,0,0,1,39.0,68.0,deux_roues,voiture,1,1,1,1,3
202200045423,2022-05-12 17:05:00,2022,5,12,17,5,93,93027,AUTOROUTE A1,48.934279484,2.394079689,Plein jour,Hors agglomération,Hors intersection,Temps couvert,Autre collision,1,3,6,0,1,1,1,0,1,90,1,2,0,0,0,2,22.0,,voiture,,1,1,1,8,6
202200045424,2022-05-12 17:30:00,2022,5,12,17,30,93,93064,AUTOROUTE A86,48.8816854527,2.4736058678,Plein jour,Hors agglomération,Hors intersection,Normale,Deux véhicules - arrière,1,1,6,0,2,2,1,0,1,70,2,2,1,0,0,1,47.0,45.0,voiture,utilitaire_camion,1,1,1,1,2
202200045425,2022-05-12 08:25:00,2022,5,12,8,25,93,93039,AUTOROUTE A86,48.9266789645,2.3358397729,Plein jour,Hors agglomération,Autre intersection,Normale,Deux véhicules - côté,1,3,8,0,1,3,1,3,1,70,2,2,1,0,0,1,29.0,49.0,voiture,utilitaire_camion,1,1,9,1,3
202200045426,2022-05-11 09:15:00,2022,5,11,9,15,95,95018, A15,48.960112,2.271121,Plein jour,Hors agglomération,Hors intersection,Normale,Deux véhicules - arrière,1,3,5,0,1,1,1,0,1,90,2,2,1,0,0,1,34.0,30.0,deux_roues,utilitaire_camion,1,1,1,1,2
202200045427,2022-05-11 05:45:00,2022,5,11,5,45,93,93053,AUTOROUTE A3,48.8952,2.4708,Crépuscule ou aube,Hors agglomération,Hors intersection,Normale,Deux véhicules - côté,1,3,10,0,1,1,1,0,1,110,2,2,1,0,0,1,64.0,28.0,voiture,utilitaire_camion,2,1,1,1,3
202200045428,2022-05-12 19:30:00,2022,5,12,19,30,94,94044,RN406.W,48.75809,2.47998,Plein jour,Hors agglomération,Hors intersection,Normale,Deux véhicules - côté,2,3,5,0,1,1,1,0,1,70,2,2,1,0,0,1,20.0,51.0,voiture,utilitaire_camion,1,1,1,1,3
202200045429,2022-05-12 13:40:00,2022,5,12,13,40,94,94079,A4,48.8331,2.53399,Plein jour,Hors agglomération,Hors intersection,Normale,Deux véhicules - côté,1,-1,8,0,1,1,1,0,1,110,2,2,1,0,0,1,42.0,62.0,voiture,utilitaire_camion,1,1,1,1,3
202200045430,2022-05-12 12:20:00,2022,5,12,12,20,94,94065,N186,48.7538424491,2.3542632476,Plein jour,Hors agglomération,Hors intersection,Normale,Deux véhicules - côté,2,-1,4,0,1,1,1,0,1,90,2,2,1,0,0,1,31.0,27.0,voiture,deux_roues,1,1,1,1,3
202200045431,2022-05-11 22:25:00,2022,5,11,22,25,94,94017,A4,48.8302741187,2.4916889276,Nuit sans éclairage public,Hors agglomération,Hors intersection,Normale,Sans collision,1,1,2,0,2,3,1,3,1,50,1,1,0,0,0,1,52.0,,deux_roues,,3,1,1,1,7
202200045432,2022-05-07 16:10:00,2022,5,7,16,10,94,94017,A4,48.8302008945,2.4957669959,Plein jour,Hors agglomération,Hors intersection,Normale,Autre collision,1,3,8,0,1,1,1,0,1,90,1,1,0,0,0,1,26.0,,voiture,,1,1,1,1,6
202200045433,2022-02-09 12:00:00,2022,2,9,12,0,07,07042,,44.375861,4.646171,Plein jour,En agglomération,Intersection en X,Normale,Sans collision,3,2,2,0,1,1,1,0,8,30,2,2,1,0,0,1,68.0,51.0,utilitaire_camion,deux_roues,1,2,2,1,7
202200045434,2022-05-12 07:55:00,2022,5,12,7,55,988,98818,PARKING DUCOS CENTRE,-22.23631,166.44732,Plein jour,En agglomération,Hors intersection,Normale,Autre collision,6,1,1,0,1,1,1,0,1,50,1,2,1,0,0,1,62.0,,voiture,,1,2,1,1,6
202200045435,2022-05-11 13:25:00,2022,5,11,13,25,976,97611,mamoudzou centre-Cinema Alpajoe (rue du),-12.77967,45.23092,Plein jour,En agglomération,Autre intersection,Normale,Sans collision,4,2,2,0,2,1,1,0,1,50,1,1,0,0,0,1,20.0,,deux_roues,,1,2,9,1,7
202200045436,2022-05-11 07:20:00,2022,5,11,7,20,976,97611,tsoundzou-Cadjifouteni ( rue ),-12.80591,45.21019,Plein jour,En agglomération,Hors intersection,Normale,Autre collision,2,2,2,0,1,1,1,0,1,50,1,2,1,0,0,1,28.0,,deux_roues,,1,2,1,1,6
202200045437,2022-05-11 14:15:00,2022,5,11,14,15,974,97407,ROND POINT DES DANSEUSES,-20.9502,55.30175,Plein jour,Hors agglomération,Autre intersection,Pluie légère,Sans collision,2,1,2,0,1,2,2,0,1,30,1,1,0,0,0,1,19.0,,deux_roues,,1,1,9,2,7
202200045438,2022-05-11 13:50:00,2022,5,11,13,50,973,97302,N'ZILA (CITE),4.9367097074,-52.3233009875,Plein jour,En agglomération,Autre intersection,Normale,Deux véhicules - frontale,4,2,2,0,1,1,1,9,1,30,2,4,3,0,1,0,24.0,19.0,voiture,deux_roues,1,2,9,1,1
202200045439,2022-05-11 08:35:00,2022,5,11,8,35,973,97302,PACHECO (LOTISSEMENT),4.9373038394,-52.2908905149,Plein jour,En agglomération,Hors intersection,Normale,Autre collision,4,2,1,0,3,1,1,9,8,20,1,1,0,0,0,1,35.0,,voiture,,1,2,1,1,6
202200045440,2022-05-11 23:30:00,2022,5,11,23,30,69,69259,Avenue Francis de Pressensé,45.72413,4.86465,Nuit avec éclairage allumé,En agglomération,Intersection en T,Normale,Deux véhicules - côté,4,2,2,2,1,1,1,0,5,50,2,2,1,0,0,1,30.0,25.0,voiture,autre,5,2,3,1,3
202200045441,2022-05-11 16:30:00,2022,5,11,16,30,69,69259,Boulevard Ambroise Croizat,45.70501,4.8875,Plein jour,En agglomération,Hors intersection,Normale,Autre collision,7,3,4,3,1,1,1,0,1,50,1,2,1,0,0,1,,,voiture,,1,2,1,1,6
202200045442,2022-04-22 16:00:00,2022,4,22,16,0,69,69387,Avenue Debourg,45.73164,4.8249,Plein jour,En agglomération,Hors intersection,Normale,Deux véhicules - arrière,4,2,3,2,1,1,1,0,1,30,2,2,1,0,0,1,56.0,21.0,voiture,voiture,1,2,1,1,2
202200045443,2022-05-11 12:24:00,2022,5,11,12,24,972,97209,MARNE (BOULEVARD DE LA),14.60499,-61.08684,Plein jour,Hors agglomération,Hors intersection,Normale,Autre collision,2,-1,2,0,1,1,1,0,1,30,1,2,1,0,1,0,,,deux_roues,,1,1,1,1,6
202200045444,2022-05-11 08:45:00,2022,5,11,8,45,972,97209,AUTOROUTE (A1),14.6181080232,-61.0354578495,Plein jour,Hors agglomération,Hors intersection,Normale,Deux véhicules - arrière,1,1,6,0,2,1,1,0,1,90,2,4,1,0,0,3,33.0,33.0,voiture,utilitaire_camion,1,1,1,1,2
202200045445,2022-05-11 19:00:00,2022,5,11,19,0,69,69202,131 Rue Commandant Charcot,45.744248666,4.78377074,Plein jour,En agglomération,Hors intersection,Normale,Deux véhicules - arrière,4,1,1,0,1,1,1,0,3,30,2,2,1,0,0,1,47.0,72.0,voiture,voiture,1,2,1,1,2
202200045446,2022-05-11 08:30:00,2022,5,11,8,30,69,69286,Avenue du Mont Blanc,45.81113,4.89487,Plein jour,En agglomération,Hors intersection,Normale,Autre collision,4,2,2,0,1,1,1,0,1,50,1,2,1,0,0,1,47.0,,voiture,,1,2,1,1,6
202200045447,2022-05-11 09:15:00,2022,5,11,9,15,2B,2B033,11 - RT,42.69712,9.45272,Plein jour,En agglomération,Hors intersection,Normale,Trois véhicules et plus - en chaîne,2,2,2,0,1,1,1,1,1,50,4,5,2,0,0,3,46.0,61.0,voiture,voiture,1,2,1,1,4
202200045448,2022-05-11 19:45:00,2022,5,11,19,45,95,95280,Avenue Albert Sarraut,49.03783,2.45493,Plein jour,En agglomération,Intersection en T,Normale,Deux véhicules - côté,4,2,2,0,1,1,1,0,1,50,2,2,1,0,0,1,24.0,57.0,voiture,deux_roues,1,2,3,1,3
202200045449,2022-05-11 14:55:00,2022,5,11,14,55,91,91425,RUE DES BOURGUIGNONS,48.64693,2.27451,Plein jour,En agglomération,Autre intersection,Normale,Autre collision,3,2,2,0,1,1,1,0,1,50,1,2,1,1,0,0,42.0,,voiture,,1,2,9,1,6
202200045450,2022-05-11 18:36:00,2022,5,11,18,36,88,88462,CD 417,48.02173,6.67683,Plein jour,Hors agglomération,Hors intersection,Normale,Trois véhicules et plus - en chaîne,3,2,0,0,1,1,1,0,1,80,3,3,2,0,0,1,40.0,19.0,utilitaire_camion,utilitaire_camion,1,1,1,1,4
202200045451,2022-05-10 08:59:00,2022,5,10,8,59,87,87075,RD79,45.820494,1.192935,Plein jour,Hors agglomération,Hors intersection,Normale,Trois véhicules et plus - en chaîne,3,2,2,0,1,1,1,0,1,70,3,3,2,0,0,1,32.0,47.0,voiture,utilitaire_camion,1,1,1,1,4
202200045452,2022-04-29 13:00:00,2022,4,29,13,0,84,84031,SAINT GENS CHEMIN DE,44.0329888186,5.0427675247,Plein jour,En agglomération,Intersection en T,Normale,Deux véhicules - côté,3,4,3,0,1,1,1,0,1,70,2,2,1,0,1,0,17.0,41.0,deux_roues,utilitaire_camion,1,2,3,1,3
202200045453,2022-03-10 16:45:00,2022,3,10,16,45,84,84031,LEGUE CHEMIN DE LA,44.04104,5.07796,Plein jour,Hors agglomération,Hors intersection,Normale,Deux véhicules - côté,4,2,1,0,1,1,1,0,1,80,2,2,1,0,0,1,21.0,40.0,voiture,voiture,1,1,1,1,3
202200045454,2022-05-11 11:20:00,2022,5,11,11,20,83,83009,MARSEILLE (BD DE),43.1421322745,5.7477644384,Plein jour,En agglomération,Autre intersection,Normale,Autre collision,6,-1, -1,0,1,1,1,0,1,30,1,2,1,0,0,1,86.0,,voiture,,1,2,9,1,6
202200045455,2022-04-26 18:49:00,2022,4,26,18,49,83,83069,BERRE (RUE EUGENE),43.12423,6.1461,Plein jour,En agglomération,Hors intersection,Normale,Autre collision,4,1,1,0,2,1,1,0,1,50,1,1,0,1,0,0,82.0,,voiture,,1,2,1,1,6
202200045456,2022-05-11 13:55:00,2022,5,11,13,55,78,78551,PEREIRE,48.90131,2.07035,Plein jour,En agglomération,Intersection en T,Normale,Autre collision,4,3,2,0,1,1,1,0,1,50,1,4,1,0,0,3,68.0,,voiture,,1,2,3,1,6
202200045457,2022-05-11 08:50:00,2022,5,11,8,50,77,77258,D10P,48.83336,2.6339,Plein jour,En agglomération,Giratoire,Normale,Deux véhicules - côté,3,1,1,0,1,3,1,0,1,50,2,2,1,0,0,1,31.0,64.0,voiture,voiture,1,2,6,1,3
202200045458,2022-05-10 19:50:00,2022,5,10,19,50,77,77186,D148 / D301,48.37658,2.73972,Plein jour,Hors agglomération,Intersection en X,Normale,Autre collision,3,2,2,0,1,1,1,5,1,70,3,3,1,0,0,2,39.0,25.0,utilitaire_camion,voiture,1,1,2,1,6
202200045459,2022-05-08 04:00:00,2022,5,8,4,0,76,76165,Rue de la Porte Verte,49.28497,1.02769,Nuit avec éclairage allumé,En agglomération,Hors intersection,Normale,Autre collision,4,2,2,0,1,1,1,0,1,50,1,1,0,1,0,0,30.0,,voiture,,5,2,1,1,6
202200045460,2022-05-10 17:40:00,2022,5,10,17,40,76,76351,BERNARD LACHEVRE,49.51964,0.11063,Plein jour,En agglomération,Intersection en Y,Normale,Trois véhicules et plus - en chaîne,4,2,2,0,1,1,1,0,1,50,3,3,1,0,0,2,27.0,20.0,voiture,voiture,1,2,4,1,4
202200045461,2022-05-11 18:25:00,2022,5,11,18,25,69,69256,Rue Jacquard,45.7636708416,4.920694828,Plein jour,En agglomération,Hors intersection,Normale,Trois véhicules et plus - collisions multiples,4,2,2,1,1,1,1,0,1,50,3,3,2,0,0,1,41.0,24.0,voiture,voiture,1,2,1,1,5
202200045462,2022-05-10 18:25:00,2022,5,10,18,25,67,67482,RACINE (AVENUE),48.5989,7.6948,Plein jour,En agglomération,Intersection en T,Normale,Deux véhicules - côté,4,2,2,1,1,1,1,0,5,50,2,2,1,0,0,1,38.0,35.0,deux_roues,voiture,1,2,3,1,3
202200045463,2022-05-10 13:50:00,2022,5,10,13,50,67,67365,GENERAL LECLERC (RUE DU),48.55292,7.71243,Plein jour,En agglomération,Intersection en T,Normale,Deux véhicules - côté,4,3,3,3,1,1,1,5,1,50,2,2,1,0,0,1,28.0,39.0,voiture,deux_roues,1,2,3,1,3
202200045464,2022-05-08 22:04:00,2022,5,8,22,4,67,67482,MONTAGNE VERTE (RUE DE LA),48.57003,7.72784,Nuit avec éclairage allumé,En agglomération,Intersection en T,Normale,Deux véhicules - côté,4,3,5,0,1,1,1,0,1,50,2,3,2,0,0,1,41.0,46.0,deux_roues,voiture,5,2,3,1,3
202200045465,2022-05-07 17:45:00,2022,5,7,17,45,67,67482,BOSTON (RUE DE),48.57645,7.77128,Plein jour,En agglomération,Hors intersection,Normale,Deux véhicules - côté,4,2,2,1,1,1,1,9,5,50,2,2,1,0,0,1,21.0,22.0,voiture,deux_roues,1,2,1,1,3
202200045466,2022-05-10 21:58:00,2022,5,10,21,58,66,66136,FRANCE LIBRE (BOULEVARD DE LA),42.70544,2.90187,Nuit avec éclairage allumé,En agglomération,Giratoire,Normale,Deux véhicules - côté,4,2,2,0,1,1,1,0,1,50,2,2,1,0,0,1,31.0,32.0,deux_roues,voiture,5,2,6,1,3
202200045467,2022-05-10 08:55:00,2022,5,10,8,55,66,66136,JOFFRE (AVENUE DU MARECHAL CD 88),42.70439,2.89269,Plein jour,En agglomération,Intersection en X,Normale,Deux véhicules - côté,4,2,4,0,1,1,1,0,1,30,2,2,1,0,0,1,61.0,37.0,deux_roues,voiture,1,2,2,1,3
202200045468,2022-05-11 08:10:00,2022,5,11,8,10,64,64024,Avenue Eugène Bernain,43.48404,-1.5114,Plein jour,En agglomération,Intersection en X,Normale,Deux véhicules - côté,4,2,2,0,1,1,1,0,1,50,2,2,1,0,0,1,50.0,19.0,deux_roues,voiture,1,2,2,1,3
202200045469,2022-05-09 16:40:00,2022,5,9,16,40,63,63245,Rue des Batignolles,45.883458094,3.0818943679,Plein jour,Hors agglomération,Intersection en T,Normale,Deux véhicules - côté,3,2,2,0,1,1,1,0,1,90,2,2,1,0,1,0,36.0,62.0,voiture,deux_roues,1,1,3,1,3
202200045470,2022-05-11 10:24:00,2022,5,11,10,24,63,63075,FONTMAURE (AVENUE DE),45.77654,3.06244,Plein jour,En agglomération,Hors intersection,Normale,Autre collision,4,1,1,0,1,1,1,0,1,50,1,2,1,0,0,1,53.0,,voiture,,1,2,1,1,6
202200045471,2022-05-11 07:10:00,2022,5,11,7,10,63,63113,THEURIET (RUE ANDRE),45.76679,3.07817,Plein jour,En agglomération,Autre intersection,Normale,Autre collision,9,-1,2,0,1,1,1,9,8,50,1,2,1,0,0,1,40.0,,voiture,,1,2,9,1,6
202200045472,2022-05-08 02:35:00,2022,5,8,2,35,62,62400,BETHUNE ( CD 86 RUE DE ),50.4821,2.5932,Nuit sans éclairage public,Hors agglomération,Giratoire,Normale,Deux véhicules - frontale,3,2,2,0,1,1,1,5,1,50,2,3,2,0,0,1,48.0,24.0,voiture,autre,3,1,6,1,1
202200045473,2022-04-17 13:15:00,2022,4,17,13,15,62,62132,DE GAULLE ( RUE DU GENERAL ),50.52207,2.87227,Plein jour,En agglomération,Intersection en T,Normale,Deux véhicules - côté,3,2,2,0,1,1,1,0,1,50,2,3,1,0,1,1,25.0,21.0,voiture,deux_roues,1,2,3,1,3
202200045474,2022-04-30 14:25:00,2022,4,30,14,25,62,62108,GABRIEL PERI,50.4079,1.56747,Plein jour,En agglomération,Intersection en T,Normale,Autre collision,4,-1,1,0,1,1,1,0,1,50,1,2,1,0,1,0,21.0,,voiture,,1,2,3,1,6
202200045475,2022-05-11 11:10:00,2022,5,11,11,10,61,61001,COLBERT (BOULEVARD),48.43709,0.07787,Plein jour,En agglomération,Hors intersection,Normale,Deux véhicules - côté,3,-1,2,0,2,1,1,6,1,30,2,3,2,0,0,1,13.0,31.0,deux_roues,voiture,1,2,1,1,3
202200045476,2022-05-11 17:40:00,2022,5,11,17,40,59,59599,VIROLOIS (RUE DU),50.724746,3.17974,Plein jour,En agglomération,Hors intersection,Normale,Autre collision,4,2,2,0,1,1,1,0,1,50,1,2,1,0,0,1,50.0,,voiture,,1,2,1,1,6
202200045477,2022-05-09 16:40:00,2022,5,9,16,40,58,58194,MONTOTS,46.99012,3.1343,Plein jour,En agglomération,Hors intersection,Normale,Deux véhicules - arrière,4,2,2,0,1,1,1,0,1,50,2,3,2,0,0,1,54.0,39.0,voiture,voiture,1,2,1,1,2
202200045478,2022-05-11 18:48:00,2022,5,11,18,48,54,54431,CORDERIE (CHEMIN DE LA),48.90916,6.04355,Plein jour,En agglomération,Hors intersection,Normale,Deux véhicules - arrière,4,2,0,0,1,1,1,0,1,50,2,2,1,0,1,0,32.0,29.0,voiture,deux_roues,1,2,1,1,2
202200045479,2022-05-11 14:30:00,2022,5,11,14,30,54,54395,MEZIERES (RUE ALFRED),48.7011708455,6.1701563001,Plein jour,En agglomération,Hors intersection,Normale,Deux véhicules - côté,4,2,2,0,1,1,1,0,1,30,2,2,1,0,0,1,58.0,27.0,voiture,deux_roues,1,2,1,1,3
202200045480,2022-05-11 13:45:00,2022,5,11,13,45,54,54395,GUERRIER DE DUMAST (RUE),48.6925922309,6.1771260202,Plein jour,En agglomération,Intersection en X,Temps éblouissant,Deux véhicules - côté,4,1,3,0,1,1,1,0,5,30,2,2,1,0,0,1,43.0,40.0,voiture,deux_roues,1,2,2,7,3
202200045481,2022-05-11 12:30:00,2022,5,11,12,30,54,54395,JACOB (RUE DU CHANOINE),48.6997,6.1708,Plein jour,En agglomération,Hors intersection,Normale,Deux véhicules - côté,4,1,2,2,1,1,1,0,5,50,2,2,1,0,0,1,60.0,31.0,deux_roues,utilitaire_camion,1,2,1,1,3