accident_id,datetime,annee,mois,jour,heure,minute,departement,commune_insee,adresse,latitude,longitude,luminosite,agglomeration,intersection,meteo,collision,catr,circ,nbv,vosp,prof,plan,surf,infra,situ,vma,nb_vehicules,nb_usagers,nb_indemnes,nb_tues,nb_blesses_hosp,nb_blesses_legers,age_cond_1,age_cond_2,veh_type_cond_1,veh_type_cond_2,lum_code,agg_code,int_code,atm_code,col_code
202200045482,2022-05-11 09:37:00,2022,5,11,9,37,54,54526,RM674,48.68489,6.22708,Plein jour,En agglomération,Hors intersection,Normale,Deux véhicules - côté,7,2,2,0,1,1,1,0,1,70,2,3,1,0,0,2,58.0,40.0,transport_commun,voiture,1,2,1,1,3
202200045483,2022-05-11 17:26:00,2022,5,11,17,26,51,51454,avenue de Laon,49.27954,4.01393,Plein jour,En agglomération,Hors intersection,Normale,Sans collision,4,2,2,0,1,1,1,0,1,50,1,3,2,0,0,1,71.0,,voiture,,1,2,1,1,7
202200045484,2022-05-11 17:05:00,2022,5,11,17,5,51,51454,avenue de Champagne,49.22992,4.03334,Plein jour,Hors agglomération,Hors intersection,Normale,Trois véhicules et plus - en chaîne,3,3,2,2,1,1,1,0,1,70,3,4,2,0,0,2,45.0,65.0,utilitaire_camion,voiture,1,1,1,1,4
202200045485,2022-05-08 09:30:00,2022,5,8,9,30,50,50129,LEMONNIER (AVENUE AMIRAL),49.63436,-1.60237,Plein jour,En agglomération,Intersection en X,Normale,Deux véhicules - côté,3,3,4,0,1,1,1,0,1,70,2,2,0,0,0,2,42.0,75.0,voiture,voiture,1,2,2,1,3
202200045486,2022-05-11 08:48:00,2022,5,11,8,48,45,45234,Avenue Roger Secrétain,47.87963,1.90851,Plein jour,En agglomération,Intersection en X,Normale,Deux véhicules - arrière,4,3,5,0,2,1,1,5,1,70,2,3,2,0,0,1,37.0,18.0,deux_roues,voiture,1,2,2,1,2
202200045487,2022-05-03 14:05:00,2022,5,3,14,5,42,42218,Boulevard Thiers,45.45069,4.38972,Plein jour,En agglomération,Intersection en Y,Temps couvert,Autre collision,4,2,2,0,2,3,1,0,1,50,1,2,1,0,1,0,23.0,,voiture,,1,2,4,8,6
202200045488,2022-05-11 17:45:00,2022,5,11,17,45,37,37261,EUROPE (AVENUE DE L'),47.423301156,0.6893666089,Plein jour,En agglomération,Intersection en X,Normale,Deux véhicules - côté,4,2,2,0,1,1,1,5,1,50,2,2,1,0,0,1,31.0,59.0,deux_roues,voiture,1,2,2,1,3
202200045489,2022-05-11 10:00:00,2022,5,11,10,0,37,37261,POMPIDOU (AVENUE GEORGES),47.38367,0.71095,Plein jour,En agglomération,Hors intersection,Normale,Autre collision,4,2,2,0,4,1,1,0,1,50,1,1,0,0,0,1,25.0,,deux_roues,,1,2,1,1,6
202200045490,2022-05-09 14:25:00,2022,5,9,14,25,37,37233,DUCLOS (AVENUE JACQUES),47.380460889,0.7307678461,Plein jour,En agglomération,Intersection en T,Normale,Deux véhicules - côté,4,2,2,0,1,1,1,0,1,50,2,2,1,0,0,1,37.0,39.0,deux_roues,deux_roues,1,2,3,1,3
202200045491,2022-05-11 08:45:00,2022,5,11,8,45,35,35238,ARMORIQUE (BD D'),48.12961,-1.67922,Plein jour,En agglomération,Hors intersection,Normale,Trois véhicules et plus - en chaîne,4,3,3,1,1,1,1,0,1,50,3,3,2,0,0,1,41.0,78.0,voiture,voiture,1,2,1,1,4
202200045492,2022-04-28 21:52:00,2022,4,28,21,52,33,33063,Avenue Emile Counord,44.8634,-0.57545,Nuit avec éclairage allumé,En agglomération,Hors intersection,Normale,Deux véhicules - arrière,4,2,2,3,1,1,1,0,1,50,2,2,0,0,0,1,,24.0,voiture,deux_roues,5,2,1,1,2
202200045493,2022-05-11 10:25:00,2022,5,11,10,25,33,33069,Avenue de Tivoli,44.86662,-0.59589,Plein jour,En agglomération,Intersection en T,Normale,Deux véhicules - côté,4,2,2,0,1,1,1,0,1,30,2,2,1,0,0,1,25.0,47.0,voiture,deux_roues,1,2,3,1,3
202200045494,2022-05-11 08:20:00,2022,5,11,8,20,33,33063,Quai des Salinières,44.83572,-0.56401,Plein jour,En agglomération,Hors intersection,Normale,Deux véhicules - côté,4,2,2,1,1,1,1,6,5,20,2,2,0,0,0,2,44.0,40.0,deux_roues,deux_roues,1,2,1,1,3
202200045495,2022-05-10 13:15:00,2022,5,10,13,15,33,33063,Cours Victor Hugo,44.83515,-0.57001,Plein jour,En agglomération,Hors intersection,Normale,Deux véhicules - côté,4,3,4,3,1,1,1,0,1,50,2,2,1,0,0,1,46.0,60.0,deux_roues,voiture,1,2,1,1,3
202200045496,2022-05-11 14:15:00,2022,5,11,14,15,30,30007,Montée de Silhol,44.12614,4.09319,Plein jour,En agglomération,Intersection en T,Normale,Deux véhicules - côté,4,2,2,0,1,1,1,0,1,50,2,2,1,0,0,1,19.0,23.0,voiture,voiture,1,2,3,1,3
202200045497,2022-05-11 19:40:00,2022,5,11,19,40,29,29019,Rue Yves Giloux,48.415479,-4.48075,Plein jour,En agglomération,Intersection en X,Normale,Deux véhicules - arrière,4,-1,2,0,1,1,1,0,1,50,2,2,1,1,0,0,72.0,18.0,voiture,deux_roues,1,2,2,1,2
202200045498,2022-05-11 14:20:00,2022,5,11,14,20,29,29019,Rue de la Villeneuve,48.409143,-4.466462,Plein jour,En agglomération,Giratoire,Normale,Deux véhicules - arrière,4,3,4,0,3,1,2,9,1,50,2,2,1,0,0,1,51.0,60.0,voiture,voiture,1,2,6,1,2
202200045499,2022-05-04 17:45:00,2022,5,4,17,45,29,29019,Rue Dupleix,48.392885,-4.484189,Plein jour,En agglomération,Intersection en T,Normale,Deux véhicules - arrière,4,2,2,0,1,1,1,0,1,30,2,2,1,0,0,1,58.0,71.0,voiture,deux_roues,1,2,3,1,2
202200045500,2022-05-11 19:00:00,2022,5,11,19,0,27,27229,NORMANDIE (BOULEVARD DE),49.023096792,1.136199832,Plein jour,En agglomération,Giratoire,Normale,Deux véhicules - côté,4,1,0,0,1,2,1,0,1,50,2,3,1,0,0,2,21.0,17.0,voiture,deux_roues,1,2,6,1,3
202200045501,2022-05-10 12:35:00,2022,5,10,12,35,22,22187,RN12,48.5387747362,-2.7622943915,Plein jour,En agglomération,Hors intersection,Normale,Trois véhicules et plus - en chaîne,2,1,4,0,1,1,1,0,1,90,3,3,1,0,0,1,,40.0,voiture,voiture,1,2,1,1,4
202200045502,2022-05-11 21:10:00,2022,5,11,21,10,16,16102,MOUSNIER (RUE ELYSEE),45.6912493993,-0.3291714191,Crépuscule ou aube,En agglomération,Hors intersection,Normale,Sans collision,4,2,2,0,1,1,1,0,1,50,1,1,0,0,0,1,18.0,,deux_roues,,2,2,1,1,7
202200045503,2022-05-11 17:40:00,2022,5,11,17,40,16,16102,JAURES (RUE JEAN),45.6901783207,-0.3201270103,Plein jour,En agglomération,Intersection en X,Normale,Autre collision,3,2,3,0,1,1,1,0,1,50,1,2,1,0,0,1,59.0,,voiture,,1,2,2,1,6
202200045504,2022-05-11 09:20:00,2022,5,11,9,20,14,14118,D401,49.202771,-0.391179,Plein jour,En agglomération,Intersection en X,Normale,Deux véhicules - côté,3,1,2,1,1,3,9,0,5,50,2,2,1,0,0,1,67.0,28.0,deux_roues,utilitaire_camion,1,2,2,1,3
202200045505,2022-05-11 00:50:00,2022,5,11,0,50,13,13054,8 MAI 1945 (AV DU ),43.41115,5.21522,Nuit sans éclairage public,En agglomération,Giratoire,Normale,Deux véhicules - côté,7,2,2,0,1,1,1,0,1,50,2,3,1,0,0,2,41.0,23.0,voiture,voiture,3,2,6,1,3
202200045506,2022-05-11 10:15:00,2022,5,11,10,15,13,13214,SAINTE MARTHE (chemin),43.3266761273,5.3877260946,Plein jour,En agglomération,Hors intersection,Normale,Deux véhicules - côté,6,-1,0,0,1,1,1,9,8,30,1,2,0,0,0,2,54.0,,voiture,,1,2,1,1,3
202200045507,2022-05-11 08:30:00,2022,5,11,8,30,13,13204,LIBERATION (BOULEVARD),43.3009191868,5.3908179022,Plein jour,En agglomération,Autre intersection,Normale,Deux véhicules - frontale,4,2,2,0,1,1,1,0,1,50,1,2,1,0,0,1,18.0,,deux_roues,,1,2,9,1,1
202200045508,2022-05-10 11:06:00,2022,5,10,11,6,11,11262,parking Carrefour Boone Source,43.17942,3.02759,Plein jour,En agglomération,Hors intersection,Normale,Autre collision,6,-1, -1,0,1,1,1,0,1,30,1,2,1,0,0,1,63.0,,voiture,,1,2,1,1,6
202200045509,2022-05-11 13:20:00,2022,5,11,13,20,06,06104,MONLEON (AVENUE SYLVIO DE),43.756203,7.480116,Plein jour,En agglomération,Hors intersection,Normale,Autre collision,3,2,2,0,2,1,1,0,1,50,3,5,4,0,1,0,65.0,43.0,voiture,deux_roues,1,2,1,1,6
202200045510,2022-05-06 16:40:00,2022,5,6,16,40,06,06029,JOURDAN (AVENUE MICHEL),43.570002,6.954972,Plein jour,En agglomération,Hors intersection,Normale,Autre collision,3,1,1,0,3,3,1,0,1,30,1,2,1,0,0,1,54.0,,voiture,,1,2,1,1,6
202200045511,2022-05-10 14:49:00,2022,5,10,14,49,06,06123,ST JEANNET ROUTE DE,43.685267,7.177523,Plein jour,En agglomération,Hors intersection,Normale,Deux véhicules - côté,7,2,2,0,2,1,1,0,1,50,2,2,1,0,0,1,21.0,28.0,deux_roues,voiture,1,2,1,1,3
202200045512,2022-05-11 18:50:00,2022,5,11,18,50,75,75113,BD PERIPHERIQUE EXTERIEUR,48.81688,2.348326,Plein jour,En agglomération,Hors intersection,Normale,Deux véhicules - arrière,4,1,3,0,1,1,1,0,1,70,2,2,1,0,0,1,32.0,57.0,deux_roues,voiture,1,2,1,1,2
202200045513,2022-05-10 09:00:00,2022,5,10,9,0,75,75117,BD PERIPHERIQUE EXTERIEUR,48.900733,2.328879,Plein jour,En agglomération,Hors intersection,Normale,Deux véhicules - arrière,4,1,4,0,1,1,1,0,1,70,2,2,0,0,0,2,45.0,58.0,deux_roues,deux_roues,1,2,1,1,2
202200045514,2022-05-10 08:30:00,2022,5,10,8,30,75,75116,BD PERIPHERIQUE EXTERIEUR,48.8369120574,2.2554776073,Plein jour,En agglomération,Intersection en Y,Normale,Deux véhicules - côté,4,1,4,0,1,1,1,0,1,70,2,2,1,0,0,1,30.0,22.0,deux_roues,voiture,1,2,4,1,3
202200045515,2022-05-09 09:20:00,2022,5,9,9,20,75,75114,BD PERIPHERIQUE EXTERIEUR,48.822561,2.314169,Plein jour,En agglomération,Hors intersection,Normale,Deux véhicules - côté,4,1,3,0,1,1,1,0,1,70,2,2,1,0,0,1,27.0,37.0,deux_roues,voiture,1,2,1,1,3
202200045516,2022-05-09 08:20:00,2022,5,9,8,20,75,75118,BD PERIPHERIQUE INTERIEUR,48.900966,2.35486,Plein jour,En agglomération,Hors intersection,Normale,Deux véhicules - arrière,4,1,4,0,1,1,1,0,1,70,2,2,1,0,0,1,52.0,41.0,voiture,voiture,1,2,1,1,2
202200045517,2022-05-09 07:35:00,2022,5,9,7,35,75,75119,BD PERIPHERIQUE EXTERIEUR,48.900355,2.382103,Plein jour,En agglomération,Hors intersection,Normale,Deux véhicules - côté,4,1,4,0,2,1,1,0,1,70,2,2,1,0,0,1,37.0,57.0,deux_roues,utilitaire_camion,1,2,1,1,3
202200045518,2022-05-11 08:42:00,2022,5,11,8,42,75,75106,QUAI MALAQUAIS,48.857811,2.335303,Plein jour,En agglomération,Intersection en T,Normale,Deux véhicules - côté,4,2,4,0,1,1,1,0,1,30,2,2,0,0,0,2,26.0,42.0,deux_roues,deux_roues,1,2,3,1,3
202200045519,2022-05-10 16:20:00,2022,5,10,16,20,75,75105,RUE MONGE,48.84712,2.351214,Plein jour,En agglomération,Intersection en X,Normale,Deux véhicules - côté,4,2,4,0,1,1,1,0,1,30,2,2,1,0,0,1,24.0,36.0,deux_roues,utilitaire_camion,1,2,2,1,3
202200045520,2022-05-11 15:40:00,2022,5,11,15,40,75,75120,RUE DES PYRENEES,48.853266,2.405943,Plein jour,En agglomération,Hors intersection,Normale,Deux véhicules - côté,4,2,3,0,2,1,1,0,1,30,2,2,1,0,0,1,26.0,31.0,utilitaire_camion,deux_roues,1,2,1,1,3
202200045521,2022-05-11 13:30:00,2022,5,11,13,30,75,75120,AVENUE DE LA PORTE DE MONTREUIL,48.8534838761,2.4107976258,Plein jour,En agglomération,Intersection en X,Normale,Deux véhicules - côté,4,3,2,1,1,1,1,-1,5,30,2,3,2,0,0,1,55.0,34.0,voiture,deux_roues,1,2,2,1,3
202200045522,2022-05-11 10:35:00,2022,5,11,10,35,75,75118,RUE MARCADET,48.891516,2.336503,Plein jour,En agglomération,Intersection en T,Normale,Autre collision,4,2,2,0,1,1,1,0,1,30,1,2,1,0,0,1,63.0,,utilitaire_camion,,1,2,3,1,6
202200045523,2022-05-11 20:05:00,2022,5,11,20,5,75,75117,BOULEVARD DE COURCELLES,48.8795511012,2.3049764335,Plein jour,En agglomération,Intersection en X,Normale,Deux véhicules - côté,4,2,6,0,1,1,1,0,1,30,2,3,2,0,0,1,21.0,19.0,deux_roues,deux_roues,1,2,2,1,3
202200045524,2022-01-06 18:55:00,2022,1,6,18,55,59,59288,RTE NATIONALE 30,50.3133979853,3.4122204781,Nuit sans éclairage public,Hors agglomération,Autre intersection,Temps couvert,Deux véhicules - côté,3,2,2,0,1,1,1,3,1,70,2,2,1,1,0,0,23.0,46.0,deux_roues,utilitaire_camion,3,1,9,8,3
202200045525,2022-01-10 08:00:00,2022,1,10,8,0,59,59178,CAMBRAI (RUE DE),50.36185,3.07842,Nuit sans éclairage public,En agglomération,Intersection en X,Normale,Autre collision,3,2,3,0,1,1,1,0,1,50,1,2,1,0,1,0,58.0,,voiture,,3,2,2,1,6
202200045526,2022-01-06 17:25:00,2022,1,6,17,25,58,58194,REPUBLIQUE (BOULEVARD),46.98997,3.16882,Plein jour,En agglomération,Intersection en X,Normale,Deux véhicules - côté,3,2,3,0,1,1,1,0,1,50,2,2,1,0,0,1,66.0,44.0,deux_roues,voiture,1,2,2,1,3
202200045527,2022-01-04 16:00:00,2022,1,4,16,0,58,58194,RAVELIN,46.98813,3.16484,Plein jour,En agglomération,Hors intersection,Normale,Autre collision,3,1,1,0,1,1,1,0,1,30,1,2,1,0,1,0,75.0,,voiture,,1,2,1,1,6
202200045528,2022-01-04 15:30:00,2022,1,4,15,30,58,58194,COLBERT,46.99625,3.15728,Plein jour,En agglomération,Hors intersection,Normale,Autre collision,4,2,2,0,2,1,1,0,8,50,1,2,1,0,0,1,96.0,,voiture,,1,2,1,1,6
202200045529,2022-01-04 13:20:00,2022,1,4,13,20,58,58194,GENERAL DE GAULLE,46.98812,3.15384,Plein jour,En agglomération,Hors intersection,Normale,Autre collision,4,2,2,0,1,1,1,0,1,30,1,2,1,0,0,1,9.0,,voiture,,1,2,1,1,6
202200045530,2022-01-11 18:37:00,2022,1,11,18,37,54,54304,POINCARE (RUE RAYMOND),48.6809,6.1572,Nuit avec éclairage allumé,En agglomération,Intersection en X,Normale,Autre collision,4,2,2,0,1,1,1,0,1,30,1,2,1,0,0,1,26.0,,voiture,,5,2,2,1,6
202200045531,2022-01-11 17:40:00,2022,1,11,17,40,54,54357,MEURTHE (AVENUE DE LA),48.7092828281,6.1765898466,Nuit avec éclairage allumé,En agglomération,Hors intersection,Normale,Deux véhicules - arrière,4,1,2,0,1,1,1,0,1,50,2,2,1,0,0,1,25.0,56.0,voiture,voiture,5,2,1,1,2
202200045532,2022-01-11 16:17:00,2022,1,11,16,17,54,54265,ERABLES (AVENUE DES),48.64352,6.18498,Plein jour,En agglomération,Hors intersection,Normale,Deux véhicules - côté,4,2,2,0,1,1,1,0,1,50,2,2,1,0,0,1,89.0,37.0,voiture,voiture,1,2,1,1,3
202200045533,2022-01-10 17:30:00,2022,1,10,17,30,54,54304,BOIS GRONEE (AVENUE DU),48.67937,6.14263,Nuit avec éclairage allumé,En agglomération,Intersection à plus de 4 branches,Normale,Deux véhicules - côté,4,3,2,0,1,1,1,0,1,50,2,2,1,0,0,1,37.0,60.0,voiture,voiture,5,2,5,1,3
202200045534,2022-01-10 16:20:00,2022,1,10,16,20,50,50129,ATLANTIQUE (BOULEVARD DE L'),49.62948,-1.63329,Plein jour,En agglomération,Hors intersection,Normale,Trois véhicules et plus - en chaîne,3,3,4,0,2,1,2,0,1,70,3,5,1,0,0,4,78.0,34.0,voiture,voiture,1,2,1,1,4
202200045535,2022-01-10 20:45:00,2022,1,10,20,45,49,49007,GENVRIE,47.45502,-0.56833,Nuit avec éclairage allumé,En agglomération,Hors intersection,Pluie légère,Autre collision,4,2,2,0,1,1,2,0,1,30,1,1,0,0,0,1,19.0,,voiture,,5,2,1,2,6
202200045536,2022-01-10 18:01:00,2022,1,10,18,1,49,49007,MONTAIGNE AVENUE,47.46678,-0.52027,Nuit avec éclairage allumé,En agglomération,Hors intersection,Pluie légère,Deux véhicules - côté,6,-1, -1,0,1,1,2,0,1,30,2,3,2,0,0,1,30.0,20.0,voiture,voiture,5,2,1,2,3
202200045537,2022-01-08 17:50:00,2022,1,8,17,50,49,49007,BIRGE BOULEVARD,47.47936,-0.52143,Nuit avec éclairage allumé,En agglomération,Intersection à plus de 4 branches,Pluie légère,Autre collision,4,3,2,0,1,1,2,0,1,50,1,2,1,0,0,1,70.0,,voiture,,5,2,5,2,6
202200045538,2022-01-11 12:40:00,2022,1,11,12,40,46,46042,BOURTOUMIEUX (RUE PIERRE),44.44545,1.43508,Plein jour,En agglomération,Hors intersection,Normale,Deux véhicules - arrière,4,2,2,0,1,1,1,0,1,30,2,2,1,0,1,0,19.0,26.0,voiture,voiture,1,2,1,1,2
202200045539,2022-01-10 13:45:00,2022,1,10,13,45,35,35238,Avenue Gros Malhon,48.12779,-1.68357,Plein jour,En agglomération,Intersection en X,Pluie légère,Deux véhicules - côté,4,2,4,1,1,1,2,0,1,50,2,6,5,0,0,1,24.0,61.0,voiture,voiture,1,2,2,2,3
202200045540,2022-01-11 11:15:00,2022,1,11,11,15,34,34172,CAPITAINE CROIX DU,43.60401,3.85865,Plein jour,En agglomération,Intersection en T,Normale,Autre collision,4,2,2,0,1,1,1,0,1,30,1,2,1,0,1,0,,,voiture,,1,2,3,1,6
202200045541,2022-01-03 11:45:00,2022,1,3,11,45,33,33063,Cours Pasteur,44.83506,-0.57498,Plein jour,En agglomération,Intersection en X,Normale,Deux véhicules - côté,4,2,2,3,1,1,1,4,6,50,2,2,1,0,0,1,16.0,51.0,deux_roues,transport_commun,1,2,2,1,3
202200045542,2022-01-10 19:40:00,2022,1,10,19,40,33,33529,JUILLET (RUE DU 14),44.63115,-1.14781,Nuit sans éclairage public,En agglomération,Hors intersection,Pluie légère,Autre collision,4,1,1,0,1,1,2,0,1,30,1,1,0,0,1,0,17.0,,deux_roues,,3,2,1,2,6
202200045543,2022-01-11 19:05:00,2022,1,11,19,5,31,31555,AV DE L URSS,43.58241,1.44866,Nuit avec éclairage allumé,En agglomération,Hors intersection,Normale,Trois véhicules et plus - collisions multiples,4,2,2,0,1,1,1,0,1,30,3,3,2,1,0,0,23.0,21.0,voiture,deux_roues,5,2,1,1,5
202200045544,2022-01-11 20:30:00,2022,1,11,20,30,31,31555,RUE DES SPORTS,43.6125948071,1.4156109095,Nuit avec éclairage allumé,En agglomération,Hors intersection,Normale,Deux véhicules - frontale,4,1,2,0,1,2,1,0,1,50,2,2,1,0,0,1,,24.0,voiture,deux_roues,5,2,1,1,1
202200045545,2022-01-11 16:00:00,2022,1,11,16,0,31,31149,ESPLANADE FRANCOIS MITTERRAND ,43.60627,1.33505,Plein jour,En agglomération,Place,Normale,Autre collision,7,1,1,0,2,3,1,5,1,50,1,2,1,0,0,1,72.0,,voiture,,1,2,7,1,6
202200045546,2022-01-10 18:36:00,2022,1,10,18,36,31,31555,PONT SAINT MICHEL,43.59251,1.43767,Nuit avec éclairage allumé,En agglomération,Hors intersection,Normale,Deux véhicules - arrière,4,1,1,0,1,1,2,2,1,50,2,2,1,0,0,1,22.0,21.0,voiture,deux_roues,5,2,1,1,2
202200045547,2022-01-11 09:20:00,2022,1,11,9,20,30,30007,,44.133,4.0934,Plein jour,En agglomération,Intersection en X,Temps éblouissant,Autre collision,4,2,2,0,1,1,1,0,1,50,1,2,1,1,0,0,48.0,,voiture,,1,2,2,7,6
202200045548,2022-01-11 14:30:00,2022,1,11,14,30,25,25056,ARMEE FRANCAISE PL. DE LA 1ERE,47.242507,6.029531,Plein jour,En agglomération,Intersection en X,Normale,Deux véhicules - côté,4,4,3,0,1,1,1,0,1,50,2,2,1,0,1,0,24.0,22.0,voiture,deux_roues,1,2,2,1,3
202200045549,2022-01-10 21:10:00,2022,1,10,21,10,14,14118,Rue de Vaucelles,49.17493,-0.35354,Nuit avec éclairage allumé,En agglomération,Hors intersection,Temps couvert,Autre collision,4,1,1,0,1,3,2,2,3,50,1,2,0,0,1,1,59.0,,voiture,,5,2,1,8,6
202200045550,2022-01-11 13:15:00,2022,1,11,13,15,13,13208,PARADIS (RUE),43.27407,5.38513,Plein jour,En agglomération,Hors intersection,Normale,Deux véhicules - frontale,4,2,2,0,2,1,1,0,1,50,2,2,1,0,0,1,16.0,60.0,deux_roues,voiture,1,2,1,1,1
202200045551,2022-01-11 12:40:00,2022,1,11,12,40,13,13215,AYGALADES (AVENUE DES),43.3501496653,5.3656231119,Plein jour,En agglomération,Hors intersection,Normale,Deux véhicules - arrière,6,2,1,0,1,1,1,0,1,30,1,2,1,0,1,0,26.0,,voiture,,1,2,1,1,2
202200045552,2022-01-10 14:45:00,2022,1,10,14,45,13,13202,FORBIN (RUE DE),43.3061977021,5.3722921014,Plein jour,En agglomération,Intersection en X,Normale,Deux véhicules - côté,4,1,2,0,1,1,1,0,1,50,2,2,1,0,0,1,23.0,,deux_roues,voiture,1,2,2,1,3
202200045553,2022-01-10 12:10:00,2022,1,10,12,10,13,13205,SAKAKINI (BOULEVARD),43.29524,5.40096,Plein jour,En agglomération,Hors intersection,Normale,Deux véhicules - côté,4,2,4,0,1,1,1,0,1,50,2,2,1,0,0,1,38.0,28.0,deux_roues,deux_roues,1,2,1,1,3
202200045554,2022-01-09 04:45:00,2022,1,9,4,45,13,13204,FRANÇOISE DUPARC (BOULEVARD),43.30151,5.40097,Nuit avec éclairage allumé,En agglomération,Hors intersection,Normale,Deux véhicules - frontale,7,2,5,0,1,1,1,0,1,50,1,2,0,1,0,1,25.0,,voiture,,5,2,1,1,1
202200045555,2022-01-11 20:30:00,2022,1,11,20,30,11,11069,PLAINE SAINT NAZAIRE -ALLEE-,43.22106,2.36289,Nuit avec éclairage allumé,En agglomération,Hors intersection,Normale,Sans collision,4,2,2,0,4,1,6,0,1,50,1,1,0,0,0,1,53.0,,deux_roues,,5,2,1,1,7
202200045556,2022-01-10 08:20:00,2022,1,10,8,20,10,10387,VOULDY (CHAUSSEE DU),48.2868,4.0951,Plein jour,En agglomération,Hors intersection,Brouillard / fumée,Sans collision,4,2,2,0,1,2,7,0,1,50,1,1,0,0,0,1,44.0,,deux_roues,,1,2,1,5,7
202200045557,2022-01-11 19:00:00,2022,1,11,19,0,06,06029,MONFLEURY (BOULEVARD),43.554938,7.028847,Crépuscule ou aube,En agglomération,Hors intersection,Normale,Autre collision,4,2,2,0,2,1,1,0,1,2,1,2,1,0,0,1,81.0,,voiture,,2,2,1,1,6
202200045558,2022-01-11 09:50:00,2022,1,11,9,50,06,06004,POINCARE BD RAYMOND,43.57209,7.105423,Plein jour,En agglomération,Intersection en T,Normale,Autre collision,4,2,2,0,1,1,1,0,1,50,2,3,2,1,0,0,54.0,42.0,voiture,deux_roues,1,2,3,1,6
202200045559,2022-01-10 09:04:00,2022,1,10,9,4,05,05061,BELLEVUE (BOULEVARD),44.56086,6.0896,Plein jour,En agglomération,Hors intersection,Normale,Autre collision,4,2,2,0,1,1,2,0,1,30,2,2,1,0,0,1,58.0,21.0,voiture,voiture,1,2,1,1,6
202200045560,2022-01-11 19:20:00,2022,1,11,19,20,75,75116,PORTE DAUPHINE,48.874475,2.275778,Nuit avec éclairage allumé,En agglomération,Hors intersection,Normale,Deux véhicules - côté,4,1,3,0,1,1,1,0,1,70,2,2,1,0,0,1,24.0,69.0,voiture,deux_roues,5,2,1,1,3
202200045561,2022-01-11 12:50:00,2022,1,11,12,50,75,75119,BOULEVARD PERIPHERIQUE,48.899354,2.392553,Plein jour,En agglomération,Hors intersection,Normale,Deux véhicules - arrière,4,1,4,0,1,1,1,0,1,70,2,2,1,0,0,1,33.0,,deux_roues,voiture,1,2,1,1,2
202200045562,2022-01-11 19:10:00,2022,1,11,19,10,75,75106,RUE DE L ANCIENNE COMEDIE,48.852834,2.338731,Nuit avec éclairage allumé,En agglomération,Hors intersection,Normale,Autre collision,4,2,2,0,1,1,1,0,1,30,1,2,1,0,0,1,24.0,,transport_commun,,5,2,1,1,6
202200045563,2022-01-10 03:06:00,2022,1,10,3,6,75,75106,RUE DE VAUGIRARD,48.847345,2.327926,Nuit avec éclairage allumé,En agglomération,Intersection en X,Normale,Deux véhicules - côté,4,2,2,0,1,1,1,0,1,30,2,2,1,0,0,1,27.0,25.0,voiture,deux_roues,5,2,2,1,3
202200045564,2022-01-08 23:30:00,2022,1,8,23,30,75,75105,RUE MONGE,48.845065,2.352206,Nuit avec éclairage allumé,En agglomération,Hors intersection,Pluie légère,Deux véhicules - côté,4,2,3,1,1,1,2,-1,5,30,2,5,4,0,0,1,28.0,20.0,deux_roues,voiture,5,2,1,2,3
202200045565,2022-01-11 08:17:00,2022,1,11,8,17,75,75119,AVENUE DE FLANDRE,48.894426,2.381487,Crépuscule ou aube,En agglomération,Intersection en X,Normale,Deux véhicules - côté,4,3,2,0,1,1,1,0,1,30,2,2,1,0,0,1,32.0,58.0,deux_roues,voiture,2,2,2,1,3
202200045566,2022-01-11 23:20:00,2022,1,11,23,20,75,75118,RUE CAULAINCOURT,48.889613,2.338506,Nuit avec éclairage allumé,En agglomération,Place,Normale,Deux véhicules - côté,4,2,2,0,2,1,1,0,1,30,2,3,1,0,0,2,30.0,57.0,deux_roues,voiture,5,2,7,1,3
202200045567,2022-01-10 16:10:00,2022,1,10,16,10,75,75115,QUAI BRANLY,48.854622,2.288883,Plein jour,En agglomération,Intersection en X,Temps couvert,Deux véhicules - côté,4,2,1,0,1,1,1,0,1,30,2,2,1,0,1,0,89.0,15.0,voiture,deux_roues,1,2,2,8,3
202200045568,2022-01-10 19:40:00,2022,1,10,19,40,75,75114,RUE DIDOT,48.829677,2.317985,Nuit avec éclairage allumé,En agglomération,Intersection en X,Normale,Deux véhicules - arrière,4,2,2,0,1,1,1,0,1,30,2,2,1,0,0,1,32.0,28.0,voiture,deux_roues,5,2,2,1,2
202200045569,2022-01-11 12:00:00,2022,1,11,12,0,75,75112,RUE DE CHARENTON,48.838989,2.389253,Plein jour,En agglomération,Intersection en X,Normale,Deux véhicules - côté,4,2,2,0,1,1,1,0,1,30,2,3,2,0,0,1,77.0,65.0,voiture,deux_roues,1,2,2,1,3
202200045570,2022-01-11 12:10:00,2022,1,11,12,10,75,75111,RUE DE LA ROQUETTE,48.859342,2.386857,Plein jour,En agglomération,Intersection en X,Normale,Autre collision,4,2,2,0,2,3,1,0,1,30,1,2,1,0,0,1,35.0,,utilitaire_camion,,1,2,2,1,6
202200045571,2022-01-11 17:10:00,2022,1,11,17,10,75,75117,BOULEVARD DE DOUAUMONT,48.896194,2.310233,Plein jour,En agglomération,Intersection en X,Normale,Deux véhicules - arrière,4,3,2,0,1,1,1,0,1,30,2,4,3,0,0,1,33.0,49.0,voiture,deux_roues,1,2,2,1,2
202200045572,2022-01-08 19:15:00,2022,1,8,19,15,75,75108,RUE PIERRE CHARRON,48.870514,2.30529,Nuit avec éclairage non allumé,En agglomération,Intersection en X,Pluie légère,Autre collision,4,2,2,0,2,2,2,0,1,30,1,2,1,0,1,0,82.0,,utilitaire_camion,,4,2,2,2,6