accident_id,datetime,annee,mois,jour,heure,minute,departement,commune_insee,adresse,latitude,longitude,luminosite,agglomeration,intersection,meteo,collision,catr,circ,nbv,vosp,prof,plan,surf,infra,situ,vma,nb_vehicules,nb_usagers,nb_indemnes,nb_tues,nb_blesses_hosp,nb_blesses_legers,age_cond_1,age_cond_2,veh_type_cond_1,veh_type_cond_2,lum_code,agg_code,int_code,atm_code,col_code
202200045754,2022-09-22 16:10:00,2022,9,22,16,10,26,26198,GOURNIER (Avenue de),44.534383,4.731066,Plein jour,Hors agglomération,Hors intersection,Normale,Deux véhicules - côté,2,2,2,0,1,1,1,0,1,70,2,2,1,0,1,0,38.0,56.0,voiture,deux_roues,1,1,1,1,3
202200045755,2022-09-23 20:30:00,2022,9,23,20,30,25,25056,JARDINS RUE DES,47.24969,6.0368,Nuit avec éclairage allumé,En agglomération,Hors intersection,Normale,Deux véhicules - côté,4,-1,2,0,2,1,1,0,1,30,2,2,1,0,0,1,30.0,57.0,deux_roues,voiture,5,2,1,1,3
202200045756,2022-09-23 19:01:00,2022,9,23,19,1,17,17300,REPUBLIQUE   BOULEVARD DE LA,46.14098,-1.14116,Plein jour,En agglomération,Intersection en X,Normale,Deux véhicules - côté,4,2,2,1,2,1,1,0,5,30,2,4,2,0,0,2,70.0,35.0,voiture,deux_roues,1,2,2,1,3
202200045757,2022-09-22 22:42:00,2022,9,22,22,42,14,14536,D580,49.4125353502,0.2787190676,Nuit sans éclairage public,Hors agglomération,Hors intersection,Normale,Autre collision,3,2,2,0,1,1,1,0,1,90,1,1,0,0,0,1,49.0,,deux_roues,,3,1,1,1,6
202200045758,2022-09-24 00:44:00,2022,9,24,0,44,13,13215,LITTORAL (CHEMIN DU),43.33787,5.34871,Nuit avec éclairage allumé,En agglomération,Hors intersection,Pluie légère,Deux véhicules - frontale,3,1,1,0,2,1,2,0,3,50,1,2,1,0,1,0,,,voiture,,5,2,1,2,1
202200045759,2022-09-23 22:46:00,2022,9,23,22,46,13,13211,SAINT MARCEL (BOULEVARD DE ),43.28626,5.47323,Nuit avec éclairage allumé,En agglomération,Hors intersection,Normale,Trois véhicules et plus - collisions multiples,3,2,2,0,1,1,1,0,1,50,3,4,2,0,0,2,18.0,63.0,voiture,voiture,5,2,1,1,5
202200045760,2022-09-20 18:15:00,2022,9,20,18,15,13,13005,CEINTURE DE CAMPS MAJOR (CHEMIN DE),43.2959021774,5.5836461484,Plein jour,En agglomération,Hors intersection,Normale,Deux véhicules - arrière,4,2,2,0,1,3,1,0,1,50,2,4,1,0,0,3,44.0,21.0,voiture,utilitaire_camion,1,2,1,1,2
202200045761,2022-09-23 19:30:00,2022,9,23,19,30,11,11069,34 Chemin de la Reille,43.22822,2.34471,Crépuscule ou aube,En agglomération,Hors intersection,Pluie légère,Autre collision,4,2,2,0,2,1,2,0,4,50,1,2,0,0,0,2,23.0,,voiture,,2,2,1,2,6
202200045762,2022-09-23 18:15:00,2022,9,23,18,15,10,10387,PAIX (RUE DE LA),48.30662,4.06488,Plein jour,En agglomération,Intersection en X,Normale,Deux véhicules - côté,4,2,0,0,1,1,1,0,1,50,2,2,1,0,0,1,46.0,23.0,deux_roues,voiture,1,2,2,1,3
202200045763,2022-09-23 11:55:00,2022,9,23,11,55,10,10387,GREGOIRE PIERRE HERLUISON (RUE),48.31349,4.06832,Plein jour,En agglomération,Hors intersection,Normale,Autre collision,4,2,2,0,1,1,1,0,1,50,1,2,1,0,1,0,64.0,,voiture,,1,2,1,1,6
202200045764,2022-09-22 12:18:00,2022,9,22,12,18,10,10387,PASTEUR (RUE),48.3034614741,4.0623289347,Plein jour,En agglomération,Hors intersection,Normale,Autre collision,4,3,2,0,1,1,1,0,1,50,1,2,1,0,0,1,65.0,,voiture,,1,2,1,1,6
202200045765,2022-09-22 09:41:00,2022,9,22,9,41,10,10387,REPUBLIQUE (RUE DE LA ),48.2982050509,4.0739911795,Plein jour,En agglomération,Intersection en T,Normale,Deux véhicules - arrière,4,2,2,0,1,1,1,0,1,50,2,2,1,0,0,1,64.0,40.0,utilitaire_camion,voiture,1,2,3,1,2
202200045766,2022-09-23 19:45:00,2022,9,23,19,45,06,06088,MATISSE (AV. HENRI),43.674,7.213,Nuit avec éclairage allumé,En agglomération,Hors intersection,Normale,Deux véhicules - frontale,4,2,2,0,1,1,1,0,1,50,2,2,1,0,0,1,34.0,46.0,voiture,deux_roues,5,2,1,1,1
202200045767,2022-09-23 08:30:00,2022,9,23,8,30,06,06083,SOSPEL (ROUTE DE ),43.80186,7.48584,Plein jour,Hors agglomération,Hors intersection,Normale,Deux véhicules - arrière,3,2,2,0,2,3,1,0,1,80,2,2,1,0,1,0,34.0,32.0,deux_roues,utilitaire_camion,1,1,1,1,2
202200045768,2022-09-23 15:20:00,2022,9,23,15,20,06,06069,ROUQUIER (BOULEVARD EMMANUEL),43.64378,6.94187,Plein jour,En agglomération,Hors intersection,Normale,Deux véhicules - côté,4,2,2,0,1,1,1,0,1,50,2,2,1,0,0,1,30.0,27.0,voiture,deux_roues,1,2,1,1,3
202200045769,2022-09-23 07:50:00,2022,9,23,7,50,06,06069,GRAND CHENE (CHEMIN DU),43.63714,6.92924,Plein jour,En agglomération,Hors intersection,Normale,Autre collision,4,2,2,0,2,2,1,0,1,50,1,2,1,0,0,1,69.0,,voiture,,1,2,1,1,6
202200045770,2022-09-23 18:55:00,2022,9,23,18,55,75,75116,BD PERIPHERIQUE EXTERIEUR,48.85464,2.254711,Nuit avec éclairage allumé,En agglomération,Hors intersection,Normale,Deux véhicules - arrière,4,1,4,0,1,1,1,1,1,70,2,2,0,0,0,2,27.0,37.0,deux_roues,deux_roues,5,2,1,1,2
202200045771,2022-09-22 22:30:00,2022,9,22,22,30,75,75120,ECHANGEUR BAGNOLET,48.864396,2.413149,Nuit sans éclairage public,En agglomération,Hors intersection,Normale,Autre collision,4,-1,1,0,1,2,1,0,1,50,1,2,1,0,0,1,27.0,,deux_roues,,3,2,1,1,6
202200045772,2022-09-22 23:42:00,2022,9,22,23,42,75,75117,AVENUE DE LA PORTE DE CLICHY,48.895128,2.311902,Nuit avec éclairage allumé,En agglomération,Intersection en X,Normale,Deux véhicules - côté,4,1,3,0,1,1,1,8,1,30,2,3,2,0,0,1,38.0,38.0,voiture,deux_roues,5,2,2,1,3
202200045773,2022-09-22 16:27:00,2022,9,22,16,27,75,75103,RUE DE BRETAGNE,48.864151,2.360455,Plein jour,En agglomération,Hors intersection,Normale,Deux véhicules - frontale,4,2,2,0,1,1,1,8,1,30,2,3,2,0,1,0,27.0,35.0,deux_roues,voiture,1,2,1,1,1
202200045774,2022-09-21 10:17:00,2022,9,21,10,17,75,75113,QUAI PANHARD ET LEVASSOR,48.830888,2.381455,Plein jour,En agglomération,Hors intersection,Normale,Deux véhicules - côté,4,2,4,3,1,1,1,-1,6,30,2,3,2,0,1,0,18.0,65.0,deux_roues,utilitaire_camion,1,2,1,1,3
202200045775,2022-09-22 13:00:00,2022,9,22,13,0,75,75105,RUE DE L ESTRAPADE,48.844797,2.346632,Plein jour,En agglomération,Intersection en X,Normale,Deux véhicules - arrière,4,1,1,0,1,1,1,0,1,30,2,2,1,0,0,1,36.0,20.0,voiture,deux_roues,1,2,2,1,2
202200045776,2022-09-23 12:00:00,2022,9,23,12,0,75,75119,AVENUE SIMON BOLIVAR,48.876362,2.379704,Plein jour,En agglomération,Intersection en X,Normale,Deux véhicules - côté,4,2,3,0,1,1,1,0,1,30,2,2,0,0,0,2,55.0,44.0,deux_roues,deux_roues,1,2,2,1,3
202200045777,2022-09-19 13:30:00,2022,9,19,13,30,75,75116,RUE RIBERA,48.852587,2.268259,Plein jour,En agglomération,Intersection en T,Normale,Autre collision,4,1,1,0,1,1,1,0,1,30,1,2,1,0,0,1,53.0,,voiture,,1,2,3,1,6
202200045778,2022-09-23 17:00:00,2022,9,23,17,0,75,75114,BOULEVARD BRUNE,48.826159,2.312744,Plein jour,En agglomération,Intersection en X,Normale,Autre collision,4,2,2,0,1,1,1,0,1,30,1,2,1,0,0,1,39.0,,voiture,,1,2,2,1,6
202200045779,2022-09-23 17:10:00,2022,9,23,17,10,75,75111,RUE DU FAUBOURG SAINT ANTOINE,48.848811,2.392997,Plein jour,En agglomération,Intersection en T,Normale,Deux véhicules - frontale,4,2,2,1,1,1,1,0,1,30,2,2,1,0,0,1,59.0,38.0,deux_roues,voiture,1,2,3,1,1
202200045780,2022-09-23 14:35:00,2022,9,23,14,35,75,75104,RUE DU PAS DE LA MULE,48.855808,2.368491,Plein jour,En agglomération,Intersection en X,Normale,Sans collision,4,1,2,3,2,1,1,0,1,30,1,2,1,0,0,1,51.0,,deux_roues,,1,2,2,1,7
202200045781,2022-09-22 13:50:00,2022,9,22,13,50,94,94068,MARIE LOUISE (AV),48.795,2.514,Plein jour,En agglomération,Intersection en X,Normale,Deux véhicules - frontale,4,2,2,0,1,1,1,0,1,30,1,2,1,0,0,1,45.0,,voiture,,1,2,2,1,1
202200045782,2022-09-23 16:50:00,2022,9,23,16,50,94,94041,GEORGES GOSNAT (AV),48.8124,2.38632,Plein jour,En agglomération,Intersection en X,Normale,Deux véhicules - frontale,3,-1,2,0,1,1,1,0,1,50,2,2,1,0,0,1,33.0,23.0,voiture,deux_roues,1,2,2,1,1
202200045783,2022-09-23 19:00:00,2022,9,23,19,0,94,94033,Avenue de la République / Avenue Danton,48.8524,2.46215,Plein jour,En agglomération,Intersection en T,Normale,Deux véhicules - côté,3,2,2,0,2,1,1,0,1,30,2,2,1,0,0,1,,40.0,voiture,deux_roues,1,2,3,1,3
202200045784,2022-09-23 19:00:00,2022,9,23,19,0,94,94054,Rue Antoine de Saint-exupéry,48.74865,2.41338,Plein jour,En agglomération,Hors intersection,Normale,Autre collision,4,2,2,0,1,1,1,0,1,30,1,2,1,0,0,1,28.0,,voiture,,1,2,1,1,6
202200045785,2022-09-22 22:45:00,2022,9,22,22,45,94,94022,Avenue Victor Hugo,48.76862,2.420026,Nuit avec éclairage allumé,En agglomération,Hors intersection,Normale,Trois véhicules et plus - en chaîne,3,3,4,3,1,1,1,0,1,50,4,6,4,0,2,0,26.0,28.0,voiture,voiture,5,2,1,1,4
202200045786,2022-09-22 10:29:00,2022,9,22,10,29,94,94077,Avenue le Foll,48.7305,2.42668,Plein jour,En agglomération,Hors intersection,Normale,Deux véhicules - côté,3,3,2,0,1,1,1,0,1,30,2,2,1,0,0,1,,50.0,utilitaire_camion,deux_roues,1,2,1,1,3
202200045787,2022-09-23 17:55:00,2022,9,23,17,55,94,94041,44 Avenue de Verdun,48.81184,2.37101,Plein jour,En agglomération,Hors intersection,Normale,Autre collision,3,3,2,1,1,1,1,0,4,50,1,2,1,0,1,0,22.0,,deux_roues,,1,2,1,1,6
202200045788,2022-09-22 17:05:00,2022,9,22,17,5,77,77291,Rue de New York / Rue Perichet,49.0124,2.58402,Plein jour,Hors agglomération,Giratoire,Normale,Deux véhicules - côté,9,2,2,0,1,1,1,0,1,50,2,2,1,0,0,1,51.0,49.0,utilitaire_camion,deux_roues,1,1,6,1,3
202200045789,2022-09-23 14:00:00,2022,9,23,14,0,93,93066,Avenue de Stalingrad,48.9470713751,2.3726995289,Plein jour,En agglomération,Hors intersection,Normale,Deux véhicules - frontale,3,2,3,2,2,1,1,1,8,50,2,2,1,0,0,1,63.0,48.0,voiture,voiture,1,2,1,1,1
202200045790,2022-09-23 14:00:00,2022,9,23,14,0,93,93062,Allée de l'Eglise / Allée des Espaliers,48.90356,2.5235,Plein jour,En agglomération,Intersection en X,Normale,Deux véhicules - côté,4,2,2,0,1,1,1,0,1,50,2,2,1,0,0,1,13.0,22.0,deux_roues,utilitaire_camion,1,2,2,1,3
202200045791,2022-09-23 14:15:00,2022,9,23,14,15,93,93010,Avenue Galliéni,48.90637,2.48255,Plein jour,En agglomération,Autre intersection,Normale,Deux véhicules - côté,3,3,5,0,1,1,1,0,1,50,2,3,1,0,1,1,67.0,23.0,voiture,deux_roues,1,2,9,1,3
202200045792,2022-09-23 23:30:00,2022,9,23,23,30,93,93007,Avenue de la République,48.9355811807,2.4683734706,Nuit avec éclairage allumé,En agglomération,Hors intersection,Normale,Deux véhicules - côté,4,2,2,0,1,1,1,0,1,50,2,2,1,0,0,1,22.0,27.0,deux_roues,voiture,5,2,1,1,3
202200045793,2022-09-22 19:30:00,2022,9,22,19,30,93,93005,Cours Salvador Allende / Avenue de Savigny,48.9538,2.50657,Crépuscule ou aube,En agglomération,Intersection en X,Normale,Trois véhicules et plus - collisions multiples,3,3,5,0,2,2,2,0,1,50,4,4,2,0,0,2,30.0,44.0,voiture,voiture,2,2,2,1,5
202200045794,2022-09-23 19:00:00,2022,9,23,19,0,93,93001,Rue Bordier,48.90337,2.38716,Plein jour,En agglomération,Hors intersection,Normale,Autre collision,4,1,1,0,1,1,1,0,1,30,1,2,1,0,0,1,24.0,,voiture,,1,2,1,1,6
202200045795,2022-09-23 18:00:00,2022,9,23,18,0,92,92050,FOCH MARECHAL PLACE DU,48.88923,2.19456,Plein jour,En agglomération,Hors intersection,Normale,Autre collision,4,1,1,2,1,1,1,0,1,30,1,2,1,0,0,1,58.0,,voiture,,1,2,1,1,6
202200045796,2022-09-23 19:30:00,2022,9,23,19,30,92,92020,VERDUN AVENUE DE AUTRES N°,48.7944799967,2.2729967236,Plein jour,En agglomération,Hors intersection,Normale,Autre collision,3,2,0,0,3,1,1,9,1,50,1,2,1,0,0,1,32.0,,deux_roues,,1,2,1,1,6
202200045797,2022-09-23 08:05:00,2022,9,23,8,5,92,92048,JEAN JAURES (AVENUE) N° 8 A 72,48.80845364,2.2413085699,Plein jour,En agglomération,Hors intersection,Normale,Deux véhicules - arrière,4,2,2,0,1,1,1,0,1,30,2,3,2,0,0,1,46.0,30.0,voiture,deux_roues,1,2,1,1,2
202200045798,2022-09-22 17:40:00,2022,9,22,17,40,92,92023,GENERAL DE GAULLE (AVENUE DU),48.78353,2.24668,Plein jour,En agglomération,Hors intersection,Normale,Autre collision,3,2,4,0,1,1,1,0,1,50,1,2,1,0,0,1,74.0,,utilitaire_camion,,1,2,1,1,6
202200045799,2022-09-23 17:30:00,2022,9,23,17,30,92,92004,VOLTAIRE ( BD ),48.9141349805,2.2948663831,Plein jour,En agglomération,Hors intersection,Normale,Deux véhicules - côté,3,2, -1,0,1,1,1,0,1,50,2,2,1,0,0,1,32.0,51.0,deux_roues,voiture,1,2,1,1,3
202200045800,2022-09-23 14:50:00,2022,9,23,14,50,92,92036,BAS ( RUE DES ),48.9206941565,2.2882300615,Plein jour,En agglomération,Hors intersection,Normale,Autre collision,3,2,2,0,1,1,1,0,8,50,1,2,1,0,1,0,41.0,,voiture,,1,2,1,1,6
202200045801,2022-09-23 08:20:00,2022,9,23,8,20,92,92004,PAUL BERT,48.9097319548,2.2740527093,Plein jour,En agglomération,Hors intersection,Normale,Sans collision,4,-1,1,0,1,1,1,0,1,30,1,1,0,0,0,1,38.0,,deux_roues,,1,2,1,1,7
202200045802,2022-09-23 08:00:00,2022,9,23,8,0,92,92004,BAS ( RUE DES ),48.9112260567,2.2984347939,Plein jour,En agglomération,Intersection en X,Normale,Deux véhicules - côté,3,1,2,0,1,1,1,2,1,50,2,2,1,0,0,1,22.0,57.0,voiture,deux_roues,1,2,2,1,3
202200045803,2022-09-23 17:35:00,2022,9,23,17,35,39,39131,,46.595193,5.904434,Plein jour,Hors agglomération,Hors intersection,Normale,Autre collision,3,2,2,0,2,3,1,0,1,80,1,1,0,1,0,0,38.0,,deux_roues,,1,1,1,1,6
202200045804,2022-09-05 07:35:00,2022,9,5,7,35,974,97415,N1,-21.015406,55.267453,Plein jour,Hors agglomération,Hors intersection,Normale,Trois véhicules et plus - collisions multiples,2,1,3,0,2,2,1,0,1,90,3,3,2,0,1,0,19.0,38.0,voiture,deux_roues,1,1,1,1,5
202200045805,2022-09-24 10:28:00,2022,9,24,10,28,21,21021,A31,47.339157,5.165232,Plein jour,Hors agglomération,Hors intersection,Normale,Trois véhicules et plus - en chaîne,1,3,4,0,1,1,1,0,2,130,3,7,3,0,0,4,23.0,56.0,voiture,voiture,1,1,1,1,4
202200045806,2022-09-23 20:40:00,2022,9,23,20,40,42,42199,Route de Roanne,46.036718,3.954917,Nuit sans éclairage public,Hors agglomération,Intersection en X,Normale,Deux véhicules - côté,3,2,2,0,1,1,1,0,1,80,2,2,1,1,0,0,15.0,37.0,deux_roues,voiture,3,1,2,1,3
202200045807,2022-09-24 04:05:00,2022,9,24,4,5,25,25032,autoroute A36,47.37477,6.388872,Nuit sans éclairage public,Hors agglomération,Hors intersection,Pluie forte,Autre collision,1,1,4,0,1,1,2,0,1,90,2,2,1,0,0,1,50.0,55.0,voiture,utilitaire_camion,3,1,1,3,6
202200045808,2022-09-23 13:30:00,2022,9,23,13,30,83,83019,Corniche des Iles d'Or,43.127019,6.358657,Plein jour,En agglomération,Autre intersection,Normale,Deux véhicules - frontale,3,2,2,0,2,2,1,0,1,50,2,2,1,0,0,1,45.0,54.0,deux_roues,voiture,1,2,9,1,1
202200045809,2022-09-24 09:30:00,2022,9,24,9,30,56,56101,D724,47.870719,-3.065668,Crépuscule ou aube,Hors agglomération,Autre intersection,Temps éblouissant,Trois véhicules et plus - collisions multiples,3,2,2,0,2,3,1,0,1,80,3,3,1,0,2,0,44.0,67.0,voiture,deux_roues,2,1,9,7,5
202200045810,2022-09-23 10:45:00,2022,9,23,10,45,76,76686,Intersection D10 / rue des pivoines,49.753469,0.538968,Plein jour,Hors agglomération,Intersection en X,Normale,Deux véhicules - côté,3,2,1,0,1,1,1,0,1,80,2,2,1,0,1,0,50.0,73.0,utilitaire_camion,voiture,1,1,2,1,3
202200045811,2022-09-23 16:00:00,2022,9,23,16,0,32,32096,Route de Pounelle,43.9472237363,-0.0619536638,Plein jour,Hors agglomération,Hors intersection,Normale,Sans collision,4,2,2,0,1,1,1,0,1,50,1,2,1,0,1,0,66.0,,voiture,,1,1,1,1,7
202200045812,2022-09-05 16:25:00,2022,9,5,16,25,61,61163,Lieu Dit les Grandes Ventes,48.643182,-0.47841,Plein jour,Hors agglomération,Hors intersection,Normale,Deux véhicules - frontale,3,2,2,0,1,1,1,0,1,90,2,2,0,0,1,1,57.0,53.0,voiture,voiture,1,1,1,1,1
202200045813,2022-09-23 10:48:00,2022,9,23,10,48,61,61462,D924,48.725823,-0.048656,Plein jour,Hors agglomération,Giratoire,Normale,Deux véhicules - côté,3,3,4,0,1,1,1,0,1,90,2,2,1,0,1,0,66.0,63.0,voiture,deux_roues,1,1,6,1,3
202200045814,2022-09-23 21:00:00,2022,9,23,21,0,22,22251,Rue de la Ville au Bredel (Pordic),48.586767,-2.857137,Nuit sans éclairage public,Hors agglomération,Hors intersection,Pluie forte,Deux véhicules - frontale,4,2,2,0,1,1,2,0,8,80,1,1,0,0,0,1,35.0,,deux_roues,,3,1,1,3,1
202200045815,2022-09-15 12:50:00,2022,9,15,12,50,44,44069,Route de saillé,47.299576,-2.43227,Plein jour,Hors agglomération,Hors intersection,Normale,Deux véhicules - frontale,3,2,2,0,1,1,1,0,1,80,2,3,1,0,0,2,78.0,31.0,voiture,utilitaire_camion,1,1,1,1,1
202200045816,2022-12-01 16:05:00,2022,12,1,16,5,93,93066,Boulevard Ornano / Rue du Docteur Finot,48.91808,2.34422,Plein jour,En agglomération,Giratoire,Normale,Deux véhicules - côté,3,4,6,0,1,1,1,5,1,50,2,2,1,0,1,0,60.0,38.0,voiture,deux_roues,1,2,6,1,3
202200045817,2022-09-24 02:50:00,2022,9,24,2,50,44,44106,Route bleue,47.075982,-2.003916,Nuit sans éclairage public,Hors agglomération,Hors intersection,Normale,Deux véhicules - frontale,3,2,2,0,1,1,1,0,1,80,2,2,1,1,0,0,24.0,49.0,voiture,voiture,3,1,1,1,1
202200045818,2022-09-23 18:05:00,2022,9,23,18,5,29,29199,298 Croazhent Kerangoué,48.5843625947,-3.7465171516,Plein jour,Hors agglomération,Intersection en X,Normale,Deux véhicules - côté,4,2,2,0,1,1,1,0,1,80,2,2,1,0,1,0,26.0,61.0,voiture,voiture,1,1,2,1,3
202200045819,2022-12-02 19:45:00,2022,12,2,19,45,93,93062,Avenue Thiers / Rond - Point Thiers,48.89957,2.51698,Nuit avec éclairage allumé,En agglomération,Giratoire,Pluie légère,Autre collision,3,2,2,0,1,1,2,0,1,50,1,2,1,0,0,1,44.0,,voiture,,5,2,6,2,6
202200045820,2022-09-24 17:00:00,2022,9,24,17,0,31,31375,"""Monplaisir"" Route de RIEUX",43.234432,1.207273,Plein jour,Hors agglomération,Hors intersection,Pluie légère,Autre collision,3,2,2,0,1,2,2,0,3,80,1,2,0,0,2,0,36.0,,voiture,,1,1,1,2,6
202200045821,2022-09-24 15:15:00,2022,9,24,15,15,31,31345,D820 Pk 50+900,43.402899,1.428771,Plein jour,Hors agglomération,Hors intersection,Normale,Deux véhicules - frontale,3,2,2,0,1,1,1,0,1,80,2,2,0,1,0,1,51.0,65.0,voiture,voiture,1,1,1,1,1
202200045822,2022-12-02 07:27:00,2022,12,2,7,27,93,93046,Avenue Winston Churchill / Avenue Benoit Malon,48.9151,2.53445,Nuit avec éclairage allumé,En agglomération,Intersection à plus de 4 branches,Pluie légère,Deux véhicules - côté,3,2,2,0,1,1,2,0,1,50,2,2,1,0,0,1,29.0,24.0,utilitaire_camion,deux_roues,5,2,5,2,3
202200045823,2022-09-15 19:30:00,2022,9,15,19,30,31,31202,Route de toulouse,43.822019,1.397324,Plein jour,En agglomération,Giratoire,Normale,Deux véhicules - côté,3,1,1,0,1,2,1,5,1,50,2,2,1,0,1,0,35.0,64.0,voiture,deux_roues,1,2,6,1,3
202200045824,2022-09-24 08:55:00,2022,9,24,8,55,02,02323,D283,49.933979,3.363512,Plein jour,Hors agglomération,Hors intersection,Temps couvert,Autre collision,3,2,2,0,2,1,1,0,3,80,1,1,0,1,0,0,30.0,,voiture,,1,1,1,8,6
202200045825,2022-12-02 17:40:00,2022,12,2,17,40,93,93032,Rue du Gènéral Leclerc,48.8876,2.53644,Nuit avec éclairage allumé,En agglomération,Hors intersection,Pluie légère,Trois véhicules et plus - collisions multiples,3,2,2,0,1,1,2,0,1,50,3,3,2,0,0,1,47.0,15.0,voiture,deux_roues,5,2,1,2,5
202200045826,2022-09-24 10:10:00,2022,9,24,10,10,85,85038,A83 PK031+750,46.891192,-1.296355,Plein jour,Hors agglomération,Hors intersection,Normale,Deux véhicules - arrière,1,3,4,0,1,1,1,0,1,130,2,3,0,0,1,2,34.0,23.0,voiture,voiture,1,1,1,1,2
202200045827,2022-12-02 17:40:00,2022,12,2,17,40,93,93057,Allée Monthyon,48.913124,2.506065,Nuit avec éclairage allumé,En agglomération,Autre intersection,Pluie légère,Deux véhicules - frontale,3,2,2,0,1,1,2,0,1,50,2,2,1,0,1,0,48.0,24.0,deux_roues,voiture,5,2,9,2,1
202200045828,2022-09-23 07:45:00,2022,9,23,7,45,06,06032,M6007,43.727809,7.407741,Plein jour,En agglomération,Intersection en T,Normale,Deux véhicules - frontale,7,3,2,0,1,1,1,0,1,50,2,2,1,0,1,0,51.0,29.0,deux_roues,voiture,1,2,3,1,1
202200045829,2022-12-01 16:45:00,2022,12,1,16,45,93,93007,Avenue Albert Einstein,48.9460866001,2.4701052904,Crépuscule ou aube,En agglomération,Hors intersection,Normale,Deux véhicules - côté,4,2,2,0,1,1,1,0,1,50,2,4,3,0,1,0,19.0,24.0,voiture,utilitaire_camion,2,2,1,1,3
202200045830,2022-09-23 22:30:00,2022,9,23,22,30,36,36224,,46.7367601648,1.0048976541,Nuit sans éclairage public,Hors agglomération,Hors intersection,Normale,Autre collision,3,2,2,0,1,2,1,0,3,80,1,3,0,2,0,1,43.0,,voiture,,3,1,1,1,6
202200045831,2022-09-24 08:25:00,2022,9,24,8,25,53,53132,La Maison Neuve,48.419222,-0.874631,Plein jour,Hors agglomération,Hors intersection,Pluie légère,Autre collision,3,2,2,0,2,1,2,0,1,90,1,1,0,0,0,1,57.0,,deux_roues,,1,1,1,2,6
202200045832,2022-09-24 02:50:00,2022,9,24,2,50,24,24520,Avenue du Colonel Kauffmann,44.902456,1.207069,Nuit sans éclairage public,Hors agglomération,Autre intersection,Temps couvert,Autre collision,3,2,2,0,2,3,2,0,3,80,1,3,1,0,2,0,29.0,,voiture,,3,1,9,8,6
202200045833,2022-11-30 23:30:00,2022,11,30,23,30,93,93001,Avenue Victor Hugo / Quai Lucien Lefranc,48.90715,2.376372,Nuit avec éclairage allumé,En agglomération,Intersection en X,Normale,Trois véhicules et plus - en chaîne,3,2,2,0,1,1,1,2,1,50,3,3,2,0,0,1,29.0,40.0,voiture,voiture,5,2,2,1,4
202200045834,2022-09-22 13:55:00,2022,9,22,13,55,37,37204,route de nouzilly,47.5291043964,0.6744682789,Plein jour,Hors agglomération,Intersection en X,Normale,Deux véhicules - côté,4,2,2,0,1,1,1,0,1,80,2,2,1,0,1,0,53.0,30.0,deux_roues,voiture,1,1,2,1,3
202200045835,2022-09-24 05:00:00,2022,9,24,5,0,48,48140,D989,44.819298,3.269441,Nuit avec éclairage allumé,Hors agglomération,Intersection en T,Brouillard / fumée,Autre collision,3,2,2,0,2,1,2,0,8,80,1,1,0,0,1,0,19.0,,voiture,,5,1,3,5,6
202200045836,2022-12-02 08:50:00,2022,12,2,8,50,92,92078,GALLIENI (BD) (1 A 79 ET 22 A 102),48.92565,2.32705,Plein jour,En agglomération,Giratoire,Normale,Deux véhicules - arrière,3,2,2,2,1,1,1,9,5,50,2,2,1,0,0,1,67.0,23.0,voiture,deux_roues,1,2,6,1,2
202200045837,2022-09-23 21:00:00,2022,9,23,21,0,68,68241,A 35 PK  81.000,47.947712,7.36438,Nuit sans éclairage public,Hors agglomération,Hors intersection,Normale,Trois véhicules et plus - en chaîne,1,3,4,0,1,1,1,0,1,130,3,3,1,1,1,0,24.0,22.0,voiture,voiture,3,1,1,1,4
202200045838,2022-12-02 16:30:00,2022,12,2,16,30,92,92022,FRANCE (RUE ANATOLE),48.8073344522,2.1878886223,Crépuscule ou aube,En agglomération,Intersection en X,Pluie légère,Autre collision,3,2,3,0,1,1,2,0,1,50,1,2,1,0,0,1,42.0,,voiture,,2,2,2,2,6
202200045839,2022-09-23 16:15:00,2022,9,23,16,15,31,31118,A62 PK209.900 vers BORDEAUX,43.79935,1.371145,Plein jour,Hors agglomération,Hors intersection,Normale,Trois véhicules et plus - collisions multiples,1,3,3,0,2,1,1,0,1,130,3,4,2,0,1,1,40.0,33.0,voiture,voiture,1,1,1,1,5
202200045840,2022-12-02 13:50:00,2022,12,2,13,50,92,92050,BARBUSSE HENRI RUE,48.8922868099,2.1872019768,Plein jour,En agglomération,Intersection en Y,Normale,Deux véhicules - arrière,4,1,1,0,1,1,1,0,1,50,2,2,1,0,0,1,24.0,30.0,voiture,voiture,1,2,4,1,2
202200045841,2022-09-23 00:00:00,2022,9,23,0,0,51,51474,A344,49.255881,3.990215,Nuit sans éclairage public,Hors agglomération,Hors intersection,Normale,Deux véhicules - arrière,1,1,4,0,1,1,1,0,1,90,2,3,1,0,0,2,28.0,42.0,utilitaire_camion,voiture,3,1,1,1,2
202200045842,2022-09-23 21:45:00,2022,9,23,21,45,63,63455,a75,45.661912,3.150834,Nuit sans éclairage public,Hors agglomération,Hors intersection,Pluie légère,Deux véhicules - arrière,1,-1,4,0,2,1,2,0,1,130,2,2,1,0,0,1,59.0,43.0,voiture,voiture,3,1,1,2,2