accident_id,datetime,annee,mois,jour,heure,minute,departement,commune_insee,adresse,latitude,longitude,luminosite,agglomeration,intersection,meteo,collision,catr,circ,nbv,vosp,prof,plan,surf,infra,situ,vma,nb_vehicules,nb_usagers,nb_indemnes,nb_tues,nb_blesses_hosp,nb_blesses_legers,age_cond_1,age_cond_2,veh_type_cond_1,veh_type_cond_2,lum_code,agg_code,int_code,atm_code,col_code
202200045935,2022-12-01 18:08:00,2022,12,1,18,8,44,44178,la Pommeraie,47.06972,-1.773954,Nuit sans éclairage public,Hors agglomération,Hors intersection,Normale,Deux véhicules - côté,3,2,2,0,1,1,1,0,1,80,2,2,1,0,1,0,27.0,41.0,deux_roues,voiture,3,1,1,1,3
202200045936,2022-09-22 20:00:00,2022,9,22,20,0,69,69388,Rue des Tuiliers,45.74613,4.86452,Crépuscule ou aube,En agglomération,Hors intersection,Normale,Autre collision,4,1,1,0,1,1,1,9,4,30,2,2,1,0,0,1,28.0,52.0,deux_roues,deux_roues,2,2,1,1,6
202200045937,2022-12-03 02:07:00,2022,12,3,2,7,31,31212,Route d’Albi,43.697953,1.560676,Nuit sans éclairage public,En agglomération,Hors intersection,Normale,Autre collision,3,2,2,0,1,2,1,0,3,80,1,1,0,1,0,0,35.0,,voiture,,3,2,1,1,6
202200045938,2022-07-04 14:35:00,2022,7,4,14,35,974,97411,BRASSENS (AVENUE GEORGES),-20.90135,55.48002,Plein jour,En agglomération,Hors intersection,Normale,Deux véhicules - arrière,4,2,4,0,2,1,1,0,1,50,2,2,1,0,0,1,34.0,24.0,voiture,deux_roues,1,2,1,1,2
202200045939,2022-07-10 06:15:00,2022,7,10,6,15,974,97407,CARPAYE(AVENUE),-20.9442,55.29757,Crépuscule ou aube,En agglomération,Intersection en Y,Normale,Autre collision,4,2,2,0,1,1,1,0,1,50,1,2,1,0,1,0,,,voiture,,2,2,4,1,6
202200045940,2022-09-22 16:10:00,2022,9,22,16,10,69,69383,Quai Victor Augagneur,45.75995,4.84106,Plein jour,En agglomération,Intersection en T,Normale,Deux véhicules - côté,4,1,4,1,1,1,1,0,1,50,2,2,1,0,0,1,32.0,25.0,voiture,deux_roues,1,2,3,1,3
202200045941,2022-12-02 22:40:00,2022,12,2,22,40,38,38271,Rue Charles de Gaulle,45.19494,5.824986,Nuit avec éclairage allumé,Hors agglomération,Hors intersection,Normale,Deux véhicules - frontale,7,2,2,1,1,1,1,0,1,80,2,4,0,0,1,3,52.0,19.0,voiture,voiture,5,1,1,1,1
202200045942,2022-07-10 12:30:00,2022,7,10,12,30,973,97302,MONT LUCAS 1 (CITE),4.92607,-52.30001,Plein jour,En agglomération,Hors intersection,Temps couvert,Deux véhicules - frontale,4,2,2,0,1,1,1,0,1,50,2,2,1,0,0,1,13.0,73.0,deux_roues,voiture,1,2,1,8,1
202200045943,2022-12-02 12:30:00,2022,12,2,12,30,03,03281,route départementale 129,46.339106,3.09866,Plein jour,Hors agglomération,Hors intersection,Normale,Sans collision,3,2,2,0,1,3,1,0,3,90,1,1,0,0,0,1,47.0,,voiture,,1,1,1,1,7
202200045944,2022-09-22 09:30:00,2022,9,22,9,30,69,69386,Cours Vitton,45.76929,4.85041,Plein jour,En agglomération,Intersection en T,Normale,Deux véhicules - frontale,4,2,2,1,1,1,1,0,1,30,2,2,0,0,0,2,60.0,34.0,deux_roues,deux_roues,1,2,3,1,1
202200045945,2022-07-10 09:56:00,2022,7,10,9,56,973,97302,MONTABO (ROUTE DE) 3,4.93569,-52.29545,Plein jour,En agglomération,Intersection en T,Normale,Deux véhicules - côté,3,2,2,2,1,1,1,9,1,50,2,3,1,0,0,2,42.0,12.0,voiture,deux_roues,1,2,3,1,3
202200045946,2022-12-02 18:25:00,2022,12,2,18,25,06,06032,64 Avenue du Trois Septembre,43.722517,7.406682,Nuit avec éclairage allumé,En agglomération,Hors intersection,Normale,Deux véhicules - côté,7,2,2,0,2,3,1,0,1,50,2,2,1,0,0,1,21.0,41.0,deux_roues,deux_roues,5,2,1,1,3
202200045947,2022-07-09 20:15:00,2022,7,9,20,15,973,97302,EBOUE (ROCADE FELIX),4.9315397569,-52.3125520349,Nuit avec éclairage allumé,En agglomération,Hors intersection,Normale,Autre collision,3,2,2,1,1,1,1,0,5,50,1,3,2,0,0,1,18.0,,deux_roues,,5,2,1,1,6
202200045948,2022-11-29 17:40:00,2022,11,29,17,40,14,14654,D511,49.019215,-0.032514,Nuit avec éclairage allumé,En agglomération,Intersection en T,Normale,Autre collision,3,2,2,0,1,1,1,0,1,50,1,2,1,0,1,0,47.0,,voiture,,5,2,3,1,6
202200045949,2022-07-08 20:25:00,2022,7,8,20,25,973,97302,MADELEINE (ROUTE DE LA),4.92835,-52.32519,Nuit avec éclairage allumé,En agglomération,Hors intersection,Normale,Deux véhicules - côté,3,2,2,0,1,1,1,8,1,50,2,2,1,0,0,1,33.0,48.0,voiture,deux_roues,5,2,1,1,3
202200045950,2022-12-03 06:20:00,2022,12,3,6,20,60,60545,Rue du Stade,49.7097350982,1.7956019112,Crépuscule ou aube,En agglomération,Hors intersection,Normale,Sans collision,3,2,2,0,1,3,1,0,4,50,1,1,0,0,1,0,51.0,,voiture,,2,2,1,1,7
202200045951,2022-09-21 10:55:00,2022,9,21,10,55,972,97213,AUTOROUTE A1,14.61847,-61.02532,Plein jour,Hors agglomération,Hors intersection,Pluie légère,Trois véhicules et plus - collisions multiples,1,3,3,0,1,1,2,0,1,90,8,9,4,0,5,0,79.0,28.0,voiture,utilitaire_camion,1,1,1,2,5
202200045952,2022-07-08 16:00:00,2022,7,8,16,0,973,97302,CABASSOU (ROUTE DE),4.91593,-52.31171,Plein jour,En agglomération,Hors intersection,Normale,Sans collision,3,2,2,0,1,3,1,0,8,50,1,1,0,0,0,1,68.0,,voiture,,1,2,1,1,7
202200045953,2022-12-02 19:40:00,2022,12,2,19,40,45,45044,D297 PR 2 + 62,48.047555,2.018791,Nuit sans éclairage public,Hors agglomération,Hors intersection,Pluie forte,Autre collision,3,2,2,0,1,1,2,0,3,80,1,1,0,0,1,0,18.0,,deux_roues,,3,1,1,3,6
202200045954,2022-09-22 20:55:00,2022,9,22,20,55,69,69034,Cours Aristide Briand,45.78049,4.84199,Nuit avec éclairage allumé,En agglomération,Hors intersection,Normale,Deux véhicules - côté,4,2,2,0,1,1,1,0,1,30,2,2,1,0,0,1,62.0,33.0,transport_commun,deux_roues,5,2,1,1,3
202200045955,2022-07-07 13:31:00,2022,7,7,13,31,973,97302,BADUEL (ROUTE DE),4.9288166982,-52.2980949283,Plein jour,En agglomération,Intersection en T,Normale,Deux véhicules - côté,3,2,2,0,1,1,1,0,1,50,2,3,1,0,0,2,30.0,22.0,utilitaire_camion,voiture,1,2,3,1,3
202200045956,2022-09-21 11:50:00,2022,9,21,11,50,69,69382,Cours Charlemagne,45.738,4.817,Plein jour,En agglomération,Passage à niveau,Normale,Deux véhicules - côté,4,2,2,2,1,1,1,4,6,50,2,2,1,0,0,1,39.0,58.0,voiture,transport_commun,1,2,8,1,3
202200045957,2022-07-01 12:13:00,2022,7,1,12,13,973,97302,,4.94461,-52.31609,Plein jour,En agglomération,Hors intersection,Normale,Deux véhicules - côté,3,2,2,2,1,1,1,0,1,50,2,2,1,0,0,1,43.0,29.0,deux_roues,voiture,1,2,1,1,3
202200045958,2022-09-22 18:50:00,2022,9,22,18,50,2B,2B120,IMPERIALE (Route) D464 ,42.6388,9.4333,Plein jour,En agglomération,Hors intersection,Normale,Deux véhicules - côté,3,2,2,0,1,1,1,0,1,50,2,3,2,0,1,0,44.0,34.0,voiture,voiture,1,2,1,1,3
202200045959,2022-12-03 18:50:00,2022,12,3,18,50,73,73241,D925,45.604314,6.308362,Nuit sans éclairage public,Hors agglomération,Hors intersection,Normale,Deux véhicules - frontale,3,2,2,0,2,3,1,0,1,80,2,5,2,0,1,2,29.0,19.0,voiture,voiture,3,1,1,1,1
202200045960,2022-07-06 08:30:00,2022,7,6,8,30,973,97302,CABASSOU (ROUTE DE),4.91927,-52.31759,Plein jour,En agglomération,Intersection en X,Temps couvert,Deux véhicules - côté,3,2,2,0,1,1,1,8,1,50,2,3,1,0,0,2,38.0,22.0,voiture,voiture,1,2,2,8,3
202200045961,2022-09-12 12:50:00,2022,9,12,12,50,2B,2B033,SAMPIERO CORSO - AV,42.677,9.444,Plein jour,En agglomération,Hors intersection,Normale,Deux véhicules - côté,2,3,2,0,2,1,1,1,1,50,2,2,1,0,0,1,46.0,71.0,utilitaire_camion,deux_roues,1,2,1,1,3
202200045962,2022-06-13 07:40:00,2022,6,13,7,40,973,97302,MONTABO (ROUTE DE) 2,4.939625136,-52.3011928797,Plein jour,En agglomération,Hors intersection,Normale,Deux véhicules - côté,3,2,2,0,1,1,1,0,1,50,2,2,1,0,0,1,62.0,30.0,deux_roues,voiture,1,2,1,1,3
202200045963,2022-12-03 10:40:00,2022,12,3,10,40,18,18023,,47.047267,2.763134,Plein jour,En agglomération,Hors intersection,Pluie légère,,3,2,2,0,1,1,2,0,3,80,1,3,2,0,1,0,73.0,,voiture,,1,2,1,2,-1
202200045964,2022-09-22 20:25:00,2022,9,22,20,25,2A,2A004,BEVERINI VICO PAIR AVENUE,41.9266,8.7358,Nuit avec éclairage allumé,En agglomération,Hors intersection,Normale,Sans collision,4,2,2,0,2,1,1,0,1,50,1,2,0,0,0,2,23.0,,deux_roues,,5,2,1,1,7
202200045965,2022-12-02 17:32:00,2022,12,2,17,32,85,85273,Rue de la sablière,46.87674,-2.014468,Crépuscule ou aube,En agglomération,Hors intersection,Normale,Autre collision,3,2,2,0,1,1,1,0,1,50,1,2,1,0,1,0,24.0,,deux_roues,,2,2,1,1,6
202200045966,2022-09-21 14:15:00,2022,9,21,14,15,88,88160,PROVENCE (AV. DE),48.1673686856,6.4506778121,Plein jour,En agglomération,Hors intersection,Normale,Deux véhicules - côté,3,4,4,0,1,1,1,0,1,50,2,2,1,0,0,1,24.0,19.0,voiture,deux_roues,1,2,1,1,3
202200045967,2022-07-10 18:30:00,2022,7,10,18,30,69,69387,Avenue Tony Garnier,45.7299,4.8239,Plein jour,En agglomération,Autre intersection,Normale,Deux véhicules - côté,4,2,6,3,1,1,1,0,1,50,2,3,2,0,0,1,19.0,32.0,voiture,voiture,1,2,9,1,3
202200045968,2022-12-02 20:00:00,2022,12,2,20,0,85,85146,RD 202,46.9711,-1.330317,Nuit sans éclairage public,Hors agglomération,Hors intersection,Normale,Autre collision,3,2,2,0,1,1,1,0,1,80,1,2,0,1,0,1,46.0,,voiture,,3,1,1,1,6
202200045969,2022-09-21 17:40:00,2022,9,21,17,40,87,87085,21 AOUT 1944 (BD DU),45.81062,1.25735,Plein jour,En agglomération,Giratoire,Normale,Sans collision,3,2,2,0,1,1,1,0,1,50,1,2,1,0,0,1,47.0,,deux_roues,,1,2,6,1,7
202200045970,2022-12-02 17:50:00,2022,12,2,17,50,28,28348,Place de la Poste,48.766302,1.198733,Nuit avec éclairage allumé,En agglomération,Hors intersection,Normale,Autre collision,6,-1, -1,0,1,1,1,0,8,30,1,2,1,0,1,0,27.0,,voiture,,5,2,1,1,6
202200045971,2022-07-09 14:30:00,2022,7,9,14,30,69,69266,Boulevard Stalingrad,45.77306,4.85878,Plein jour,En agglomération,Intersection en X,Normale,Trois véhicules et plus - en chaîne,4,2,5,0,1,1,1,0,1,50,3,5,3,0,0,2,21.0,27.0,voiture,voiture,1,2,2,1,4
202200045972,2022-09-20 17:20:00,2022,9,20,17,20,85,85194,3 Rue mahatma gandhi,46.5116813,-1.76235884,Plein jour,En agglomération,Hors intersection,Normale,Deux véhicules - côté,4,-1,2,0,1,1,1,0,1,30,2,2,1,0,0,1,17.0,16.0,deux_roues,deux_roues,1,2,1,1,3
202200045973,2022-12-02 19:45:00,2022,12,2,19,45,17,17009,D109e2,46.225629,-0.945956,Nuit sans éclairage public,Hors agglomération,Hors intersection,Normale,Sans collision,3,1,1,0,1,4,1,3,3,70,1,1,0,1,0,0,58.0,,voiture,,3,1,1,1,7
202200045974,2022-12-03 04:00:00,2022,12,3,4,0,37,37049,1 La Champeigne,47.1792852708,0.9327676892,Nuit sans éclairage public,Hors agglomération,Hors intersection,Pluie légère,Autre collision,4,2,1,0,1,1,2,0,3,50,1,1,0,0,1,0,25.0,,voiture,,3,1,1,2,6
202200045975,2022-07-09 12:25:00,2022,7,9,12,25,69,69387,Avenue Tony Garnier,45.72649,4.83071,Plein jour,En agglomération,Intersection en X,Normale,Deux véhicules - côté,4,2,2,2,1,1,1,5,1,50,2,2,1,0,0,1,27.0,24.0,voiture,voiture,1,2,2,1,3
202200045976,2022-09-21 18:15:00,2022,9,21,18,15,78,78362,AVENUE DE LA GRANDE HALLE,48.987235,1.699804,Plein jour,En agglomération,Hors intersection,Normale,Autre collision,4,2,2,0,1,1,1,9,1,50,1,3,2,1,0,0,23.0,,utilitaire_camion,,1,2,1,1,6
202200045977,2022-07-09 10:00:00,2022,7,9,10,0,69,69388,Rue Laurent Carle,45.73296,4.87234,Plein jour,En agglomération,Intersection en T,Normale,Deux véhicules - côté,4,1,1,0,1,1,1,0,1,30,2,2,1,0,0,1,24.0,72.0,deux_roues,voiture,1,2,3,1,3
202200045978,2022-12-03 10:35:00,2022,12,3,10,35,10,10438,AUTOROUTE A5,48.169978,4.580612,Plein jour,Hors agglomération,Hors intersection,Normale,Deux véhicules - côté,1,3,4,0,1,1,1,0,2,130,2,4,3,1,0,0,26.0,35.0,voiture,voiture,1,1,1,1,3
202200045979,2022-09-22 08:45:00,2022,9,22,8,45,77,77186,D606 / D58,48.39684,2.69268,Plein jour,En agglomération,Giratoire,Normale,Deux véhicules - côté,3,1,3,0,1,2,1,5,1,50,2,2,1,0,0,1,55.0,50.0,voiture,voiture,1,2,6,1,3
202200045980,2022-07-08 11:55:00,2022,7,8,11,55,69,69387,Avenue Leclerc,45.73432,4.82373,Plein jour,En agglomération,Intersection en Y,Normale,Deux véhicules - côté,4,2,3,3,1,1,1,0,1,50,2,2,1,0,0,1,41.0,29.0,utilitaire_camion,deux_roues,1,2,4,1,3
202200045981,2022-09-22 21:15:00,2022,9,22,21,15,76,76178,Rue de la Résistance,49.32006,1.04446,Nuit avec éclairage allumé,En agglomération,Giratoire,Normale,Deux véhicules - frontale,7,1,1,0,1,1,1,0,1,30,2,3,2,0,1,0,19.0,,voiture,voiture,5,2,6,1,1
202200045982,2022-12-03 06:35:00,2022,12,3,6,35,78,78152,D30,48.855268,1.967614,Nuit sans éclairage public,Hors agglomération,Intersection en T,Normale,Deux véhicules - frontale,3,2,2,0,2,4,1,0,1,70,2,2,0,0,1,1,46.0,21.0,voiture,voiture,3,1,3,1,1
202200045983,2022-07-06 18:15:00,2022,7,6,18,15,69,69388,Rue Edouard Nieuport,45.73461,4.87636,Plein jour,En agglomération,Hors intersection,Temps éblouissant,Autre collision,4,1,1,0,1,1,1,0,1,30,1,2,1,0,0,1,36.0,,voiture,,1,2,1,7,6
202200045984,2022-09-22 10:15:00,2022,9,22,10,15,76,76351,GEORGES BRAQUE (RUE),49.49521,0.10535,Plein jour,En agglomération,Giratoire,Normale,Autre collision,4,2,2,0,1,2,1,5,1,50,1,1,0,0,0,1,17.0,,deux_roues,,1,2,6,1,6
202200045985,2022-12-03 08:00:00,2022,12,3,8,0,973,97309,Route de Rémire,4.902214,-52.273464,Plein jour,En agglomération,Hors intersection,Normale,Deux véhicules - côté,3,2,2,0,1,1,2,0,1,70,2,2,1,0,1,0,46.0,49.0,deux_roues,voiture,1,2,1,1,3
202200045986,2022-06-13 10:50:00,2022,6,13,10,50,69,69387,Rue Garibaldi,45.74656,4.8501,Plein jour,En agglomération,Intersection en T,Normale,Sans collision,4,1,4,3,1,1,1,0,1,50,2,2,1,0,0,1,20.0,33.0,utilitaire_camion,deux_roues,1,2,3,1,7
202200045987,2022-12-02 18:20:00,2022,12,2,18,20,69,69112,Autoroute 89,45.8416161462,4.6762490273,Nuit sans éclairage public,Hors agglomération,Hors intersection,Pluie légère,Deux véhicules - frontale,1,3,4,0,1,1,2,0,1,110,2,4,3,0,0,1,21.0,21.0,utilitaire_camion,voiture,3,1,1,2,1
202200045988,2022-06-13 09:10:00,2022,6,13,9,10,69,69388,Rue Maryse Bastié,45.73333,4.87389,Plein jour,En agglomération,Intersection en X,Normale,Deux véhicules - côté,4,1,1,2,1,1,1,0,1,30,2,3,2,0,0,1,70.0,31.0,voiture,voiture,1,2,2,1,3
202200045989,2022-09-22 08:50:00,2022,9,22,8,50,73,73008,D913 - GAULLE GENERAL DE AVENUE,45.6881221826,5.9104288817,Plein jour,En agglomération,Hors intersection,Temps éblouissant,Autre collision,3,2,2,2,2,1,1,0,1,30,1,2,1,0,1,0,52.0,,voiture,,1,2,1,7,6
202200045990,2022-07-10 00:00:00,2022,7,10,0,0,972,97213,ROUTE DEPARTEMENTALE 3,14.65522,-60.99111,Nuit sans éclairage public,Hors agglomération,Hors intersection,Normale,Autre collision,3,2,2,0,1,3,1,9,3,70,1,1,0,0,1,0,26.0,,voiture,,3,1,1,1,6
202200045991,2022-12-02 06:15:00,2022,12,2,6,15,987,98715,Aratia Collège Henri Hiro,-17.56195,-149.597081,Plein jour,Hors agglomération,Hors intersection,Normale,Deux véhicules - côté,2,-1,2,0,1,1,1,0,1,30,2,2,1,0,0,1,50.0,45.0,voiture,deux_roues,1,1,1,1,3
202200045992,2022-09-22 17:20:00,2022,9,22,17,20,72,72181,BELLEVUE (RUE DE),48.01256,0.20449,Plein jour,En agglomération,Hors intersection,Normale,Deux véhicules - arrière,4,1,1,0,1,1,1,0,1,30,2,2,1,0,0,1,21.0,29.0,voiture,voiture,1,2,1,1,2
202200045993,2022-07-09 11:10:00,2022,7,9,11,10,972,97213,ROUTE DEPARTEMENTALE 13,14.6332781702,-61.0347819328,Plein jour,En agglomération,Hors intersection,Normale,Deux véhicules - frontale,3,2,2,0,1,2,1,0,1,50,2,3,1,0,0,2,38.0,47.0,voiture,voiture,1,2,1,1,1
202200045994,2022-09-19 16:53:00,2022,9,19,16,53,72,72181,SABLE (RTE DE ),47.9904,0.16913,Plein jour,En agglomération,Hors intersection,Normale,Autre collision,4,-1,1,0,1,1,1,0,1,50,1,2,1,0,0,1,21.0,,utilitaire_camion,,1,2,1,1,6
202200045995,2022-12-02 16:48:00,2022,12,2,16,48,86,86100,A10,46.547779,0.291899,Plein jour,Hors agglomération,Hors intersection,Normale,Deux véhicules - côté,1,2,2,0,1,3,1,7,1,70,2,5,1,2,2,0,42.0,22.0,utilitaire_camion,voiture,1,1,1,1,3
202200045996,2022-07-08 19:30:00,2022,7,8,19,30,972,97213,AUTOROUTE A1,14.61853,-61.02618,Nuit avec éclairage non allumé,En agglomération,Hors intersection,Pluie légère,Autre collision,1,2,6,0,1,1,2,0,1,90,2,2,1,0,0,1,,49.0,voiture,deux_roues,4,2,1,2,6
202200045997,2022-09-20 08:10:00,2022,9,20,8,10,72,72181,BOLLEE (AV) N° PAIRS 64 A 146,47.99946,0.21286,Plein jour,En agglomération,Autre intersection,Normale,Deux véhicules - côté,4,2,2,1,2,1,1,0,1,50,2,2,1,0,0,1,57.0,44.0,deux_roues,deux_roues,1,2,9,1,3
202200045998,2022-07-08 08:40:00,2022,7,8,8,40,972,97213,ROUTE NATIONALE 1,14.65945,-60.97137,Plein jour,Hors agglomération,Hors intersection,Normale,Deux véhicules - côté,2,2,1,0,2,1,1,0,1,70,2,2,1,0,1,0,43.0,30.0,utilitaire_camion,deux_roues,1,1,1,1,3
202200045999,2022-09-21 16:35:00,2022,9,21,16,35,71,71076,COUBERTIN (RUE PIERRE DE),46.8099,4.853,Plein jour,En agglomération,Hors intersection,Normale,Deux véhicules - côté,3,2,3,0,1,1,1,0,1,50,2,3,2,0,1,0,58.0,16.0,voiture,deux_roues,1,2,1,1,3
202200046000,2022-12-03 20:30:00,2022,12,3,20,30,95,95250,RD 922,49.0995242992,2.5307554007,Nuit avec éclairage allumé,En agglomération,Giratoire,Temps couvert,Autre collision,3,1,2,0,1,3,1,0,1,50,1,2,1,0,0,1,25.0,,voiture,,5,2,6,8,6
202200046001,2022-07-09 17:30:00,2022,7,9,17,30,972,97209,RD 41 (ROCADE),14.61194,-61.07017,Plein jour,Hors agglomération,Hors intersection,Normale,Deux véhicules - arrière,3,3,2,0,1,1,1,0,1,60,2,4,2,0,2,0,55.0,25.0,utilitaire_camion,voiture,1,1,1,1,2
202200046002,2022-09-22 15:20:00,2022,9,22,15,20,69,69266,Boulevard du 11 Novembre 1918,45.7789025883,4.866605401,Plein jour,En agglomération,Intersection en X,Normale,Deux véhicules - côté,4,2,3,3,1,1,1,0,1,50,2,2,1,0,0,1,48.0,20.0,deux_roues,voiture,1,2,2,1,3
202200046003,2022-07-08 15:55:00,2022,7,8,15,55,972,97209,MOUTTE (ROUTE DE),14.61976,-61.05571,Plein jour,En agglomération,Hors intersection,Normale,Deux véhicules - frontale,4,2,2,0,1,4,1,0,1,50,2,2,1,0,0,1,40.0,28.0,voiture,deux_roues,1,2,1,1,1
202200046004,2022-09-18 13:10:00,2022,9,18,13,10,69,69266,Boulevard de la Bataille de Stalingrad,45.780003806,4.8596504331,Plein jour,En agglomération,Hors intersection,Normale,Autre collision,4,2,6,0,1,1,1,0,1,50,1,2,1,0,1,0,57.0,,deux_roues,,1,2,1,1,6
202200046005,2022-07-08 13:20:00,2022,7,8,13,20,972,97209,RD 41 (ROCADE),14.61718,-61.0594,Plein jour,Hors agglomération,Hors intersection,Normale,Deux véhicules - côté,3,3,4,0,1,2,1,3,1,70,2,2,1,0,0,1,37.0,32.0,deux_roues,voiture,1,1,1,1,3
202200046006,2022-12-02 21:15:00,2022,12,2,21,15,11,11202,,42.874077,3.037398,Nuit sans éclairage public,Hors agglomération,Hors intersection,Normale,Trois véhicules et plus - collisions multiples,3,1,1,0,1,1,1,0,1,80,3,13,7,0,0,6,31.0,39.0,voiture,voiture,3,1,1,1,5
202200046007,2022-09-22 11:30:00,2022,9,22,11,30,64,64545,Route de la Corniche,43.3791,-1.73308,Plein jour,En agglomération,Hors intersection,Normale,Deux véhicules - arrière,3,2,2,0,1,1,1,0,1,50,2,2,1,0,0,1,27.0,62.0,voiture,voiture,1,2,1,1,2
202200046008,2022-07-06 21:00:00,2022,7,6,21,0,972,97209,OSMAN NADEAU (CHEMIN),14.63077,-61.06087,Nuit avec éclairage allumé,Hors agglomération,Hors intersection,Normale,Deux véhicules - frontale,4,2,2,0,2,1,1,0,1,30,2,2,1,0,1,0,38.0,22.0,voiture,voiture,5,1,1,1,1
202200046009,2022-09-22 20:35:00,2022,9,22,20,35,64,64269,AVIATION DE L',43.30182,-0.31321,Nuit avec éclairage allumé,En agglomération,Hors intersection,Normale,Autre collision,4,2,2,0,1,1,1,0,1,50,1,1,0,0,0,1,20.0,,deux_roues,,5,2,1,1,6
202200046010,2022-12-02 19:50:00,2022,12,2,19,50,988,98831,RT1 école primaire publique,-20.952868,164.694784,Nuit avec éclairage allumé,En agglomération,Hors intersection,Pluie forte,Deux véhicules - frontale,2,2,2,0,1,3,2,0,1,50,2,6,0,2,3,1,46.0,19.0,voiture,voiture,5,2,1,3,1
202200046011,2022-07-06 14:35:00,2022,7,6,14,35,972,97209,BISHOP (Avenue Maurice),14.60874,-61.05604,Plein jour,En agglomération,Hors intersection,Normale,Autre collision,9,-1,1,3,1,1,1,9,6,30,1,2,1,0,1,0,,,deux_roues,,1,2,1,1,6
202200046012,2022-09-22 18:30:00,2022,9,22,18,30,64,64445,EDOUARD VII,43.29824,-0.35836,Plein jour,En agglomération,Intersection en X,Normale,Deux véhicules - côté,4,2,2,0,1,1,1,0,1,30,2,2,1,0,0,1,51.0,55.0,voiture,deux_roues,1,2,2,1,3
202200046013,2022-12-03 16:15:00,2022,12,3,16,15,976,97607,Rue Mosquee-HAJANGUA,-12.867901,45.195683,Plein jour,En agglomération,Hors intersection,Normale,Autre collision,4,1,2,0,2,2,1,0,1,30,1,2,1,0,0,1,13.0,,voiture,,1,2,1,1,6
202200046014,2022-04-27 06:35:00,2022,4,27,6,35,972,97209,BISHOP (Avenue Maurice),14.60865,-61.056,Plein jour,En agglomération,Hors intersection,Normale,Deux véhicules - arrière,2,2,6,3,1,1,1,0,1,50,2,2,1,0,0,1,58.0,44.0,voiture,voiture,1,2,1,1,2
202200046015,2022-09-22 08:55:00,2022,9,22,8,55,64,64445,BENGHOZI AUDREY,43.31904,-0.36553,Plein jour,En agglomération,Hors intersection,Normale,Autre collision,4,2,2,2,1,1,1,0,1,50,1,2,1,0,0,1,42.0,,voiture,,1,2,1,1,6
202200046016,2022-12-03 17:10:00,2022,12,3,17,10,91,91243,Rue de la Vallée Violette,48.622524,2.159479,Nuit avec éclairage allumé,En agglomération,Hors intersection,Normale,Deux véhicules - côté,4,2,2,0,1,1,1,0,1,50,2,2,1,0,0,1,14.0,22.0,deux_roues,voiture,5,2,1,1,3
202200046017,2022-07-10 20:15:00,2022,7,10,20,15,69,69384,Montée de la Boucle,45.77931,4.84122,Plein jour,En agglomération,Intersection en X,Normale,Deux véhicules - côté,4,2,5,0,1,1,1,0,1,50,2,2,1,0,0,1,27.0,19.0,voiture,deux_roues,1,2,2,1,3
202200046018,2022-09-21 10:55:00,2022,9,21,10,55,64,64125,Rue Familistere,43.44793,-1.57435,Plein jour,En agglomération,Hors intersection,Normale,Autre collision,6,-1,0,0,1,1,1,0,1,30,1,2,1,0,1,0,71.0,,deux_roues,,1,2,1,1,6
202200046019,2022-12-02 18:30:00,2022,12,2,18,30,78,78118,"Autoroute A13, PK048+900",48.985202,1.673677,Nuit sans éclairage public,Hors agglomération,Hors intersection,Pluie légère,Autre collision,1,1,5,0,1,1,2,0,1,130,2,2,1,0,0,1,29.0,,voiture,voiture,3,1,1,2,6
202200046020,2022-07-10 17:40:00,2022,7,10,17,40,69,69389,29 Quai Arloing,45.77147,4.81167,Plein jour,En agglomération,Hors intersection,Normale,Deux véhicules - côté,4,2,2,3,1,1,1,0,1,50,2,4,2,0,0,2,35.0,19.0,voiture,voiture,1,2,1,1,3
202200046021,2022-08-29 11:15:00,2022,8,29,11,15,59,59616,OSCAR LORIAU (RUE),50.4779660997,3.5702320933,Plein jour,En agglomération,Hors intersection,Normale,Autre collision,4,2,2,0,1,3,1,0,1,30,1,2,1,1,0,0,47.0,,voiture,,1,2,1,1,6
202200046022,2022-12-03 00:30:00,2022,12,3,0,30,04,04063,D4096,43.76942,5.75984,Nuit sans éclairage public,Hors agglomération,Hors intersection,Normale,Autre collision,3,2,2,0,1,3,1,0,3,80,1,1,0,0,1,0,32.0,,voiture,,3,1,1,1,6
202200046023,2022-07-09 06:00:00,2022,7,9,6,0,69,69152,Boulevard de l'Europe,45.69523,4.82636,Plein jour,En agglomération,Hors intersection,Normale,Autre collision,7,1,2,2,1,3,1,9,8,50,1,1,0,0,0,1,25.0,,voiture,,1,2,1,1,6
202200046024,2022-12-03 05:37:00,2022,12,3,5,37,71,71026,RD 906,46.672292,4.870956,Nuit sans éclairage public,Hors agglomération,Hors intersection,Brouillard / fumée,Deux véhicules - frontale,3,2,3,0,4,1,2,0,1,90,2,4,1,0,1,2,58.0,18.0,voiture,voiture,3,1,1,5,1
202200046025,2022-09-22 17:00:00,2022,9,22,17,0,59,59599,HAZE (RUE DU),50.725663,3.161375,Plein jour,En agglomération,Hors intersection,Normale,Autre collision,7,2,1,0,1,1,1,5,1,30,1,5,4,0,0,1,21.0,,voiture,,1,2,1,1,6
202200046026,2022-12-02 12:40:00,2022,12,2,12,40,68,68174,8 Rue des Seigneurs,47.682567,7.385776,Plein jour,En agglomération,Hors intersection,Normale,Sans collision,3,2,1,0,2,1,1,0,1,50,1,1,0,0,1,0,46.0,,deux_roues,,1,2,1,1,7