accident_id,datetime,annee,mois,jour,heure,minute,departement,commune_insee,adresse,latitude,longitude,luminosite,agglomeration,intersection,meteo,collision,catr,circ,nbv,vosp,prof,plan,surf,infra,situ,vma,nb_vehicules,nb_usagers,nb_indemnes,nb_tues,nb_blesses_hosp,nb_blesses_legers,age_cond_1,age_cond_2,veh_type_cond_1,veh_type_cond_2,lum_code,agg_code,int_code,atm_code,col_code
202200046027,2022-07-08 07:30:00,2022,7,8,7,30,69,69389,146 Avenue Barthélémy Buyer,45.76409,4.79215,Plein jour,En agglomération,Hors intersection,Normale,Deux véhicules - côté,4,2,2,0,1,1,1,0,1,50,2,2,1,0,0,1,29.0,37.0,voiture,deux_roues,1,2,1,1,3
202200046028,2022-09-22 08:50:00,2022,9,22,8,50,59,59350,FAIDHERBE RUE,50.6368725568,3.0674090981,Plein jour,En agglomération,Intersection en X,Normale,Deux véhicules - côté,4,1,2,2,1,1,1,0,1,30,2,2,1,0,0,1,33.0,31.0,voiture,deux_roues,1,2,2,1,3
202200046029,2022-07-07 17:10:00,2022,7,7,17,10,69,69081,Boulevard Périphérique Nord         ,45.77231,4.78994,Plein jour,Hors agglomération,Hors intersection,Normale,Deux véhicules - arrière,4,1,3,0,1,1,1,0,1,70,2,2,1,0,0,1,23.0,,voiture,voiture,1,1,1,1,2
202200046030,2022-12-02 12:30:00,2022,12,2,12,30,03,03200,D945,46.555026,3.280047,Plein jour,Hors agglomération,Intersection en T,Temps couvert,Trois véhicules et plus - collisions multiples,3,2,2,0,3,1,1,0,1,90,3,8,3,0,1,4,77.0,36.0,voiture,voiture,1,1,3,8,5
202200046031,2022-09-21 11:30:00,2022,9,21,11,30,59,59574,WILSON(RUE),50.3584353831,3.2805535197,Plein jour,En agglomération,Intersection en Y,Temps éblouissant,Autre collision,3,2,2,0,1,1,1,0,1,50,1,2,1,0,1,0,87.0,,voiture,,1,2,4,7,6
202200046032,2022-07-07 15:10:00,2022,7,7,15,10,69,69389,Rue des Docks,45.78838,4.81311,Plein jour,En agglomération,Hors intersection,Normale,Autre collision,4,1,1,0,1,1,1,0,1,50,1,2,1,0,0,1,32.0,,voiture,,1,2,1,1,6
202200046033,2022-12-02 20:43:00,2022,12,2,20,43,74,74243,D1206,46.137315,6.074463,Nuit avec éclairage allumé,Hors agglomération,Giratoire,Normale,Deux véhicules - côté,3,1,1,0,1,2,2,0,1,-1,2,2,1,0,1,0,52.0,64.0,voiture,deux_roues,5,1,6,1,3
202200046034,2022-07-07 14:00:00,2022,7,7,14,0,69,69382,Rue Sala,45.75447,4.83286,Plein jour,En agglomération,Hors intersection,Normale,Autre collision,4,1,1,2,1,1,1,0,1,30,1,2,1,0,0,1,23.0,,utilitaire_camion,,1,2,1,1,6
202200046035,2022-09-19 23:20:00,2022,9,19,23,20,57,57757,ROOSEVELT (RUE DU PRESIDENT) - PAIR,49.3508176751,6.1867350455,Nuit avec éclairage allumé,En agglomération,Intersection en X,Normale,Deux véhicules - côté,3,2,2,0,1,1,1,5,1,50,2,2,1,0,1,0,18.0,28.0,deux_roues,voiture,5,2,2,1,3
202200046036,2022-07-07 08:50:00,2022,7,7,8,50,69,69387,Boulevard Yves Farge,45.74208,4.83322,Plein jour,En agglomération,Hors intersection,Normale,Autre collision,4,2,2,3,1,1,1,0,1,50,1,3,2,0,1,0,24.0,,deux_roues,,1,2,1,1,6
202200046037,2022-12-03 07:40:00,2022,12,3,7,40,26,26367,D538,44.376279,5.105209,Crépuscule ou aube,Hors agglomération,Autre intersection,Pluie légère,Deux véhicules - côté,3,2,2,2,1,1,2,0,1,80,2,2,0,0,0,2,29.0,24.0,voiture,utilitaire_camion,2,1,9,2,3
202200046038,2022-09-21 18:20:00,2022,9,21,18,20,56,56098,N165 sens Vannes/Lorient,47.78205,-3.34189,Plein jour,Hors agglomération,Hors intersection,Normale,Sans collision,2,1,2,0,2,3,1,3,3,70,1,1,0,0,0,1,27.0,,deux_roues,,1,1,1,1,7
202200046039,2022-12-03 17:40:00,2022,12,3,17,40,64,64422,Boulevard des Pyrenees,43.188684,-0.624365,Nuit avec éclairage allumé,En agglomération,Hors intersection,Pluie légère,Sans collision,3,3,2,1,1,3,2,0,1,50,1,1,0,0,0,1,28.0,,deux_roues,,5,2,1,2,7
202200046040,2022-07-06 08:10:00,2022,7,6,8,10,69,69382,35 Quai Docteur Gailleton,45.75176,4.83267,Plein jour,En agglomération,Hors intersection,Normale,Deux véhicules - côté,4,2,6,3,1,1,1,0,1,50,2,2,1,0,0,1,38.0,54.0,utilitaire_camion,deux_roues,1,2,1,1,3
202200046041,2022-12-03 11:30:00,2022,12,3,11,30,64,64422,pk 138 D918,43.12235,-0.543391,Plein jour,Hors agglomération,Hors intersection,Pluie légère,Autre collision,3,2,2,0,2,2,2,0,1,80,1,1,0,1,0,0,54.0,,voiture,,1,1,1,2,6
202200046042,2022-09-21 17:40:00,2022,9,21,17,40,56,56121,MONISTROL (RUE),47.73379,-3.38508,Plein jour,En agglomération,Hors intersection,Normale,Deux véhicules - côté,4,3,3,0,1,1,1,0,1,30,2,2,1,0,1,0,25.0,22.0,deux_roues,voiture,1,2,1,1,3
202200046043,2022-07-06 06:45:00,2022,7,6,6,45,69,69152,Chemin des Mûriers,45.69492,4.82625,Plein jour,En agglomération,Place,Normale,Deux véhicules - côté,7,2,2,2,2,2,2,0,1,50,2,2,1,0,0,1,30.0,,autre,utilitaire_camion,1,2,7,1,3
202200046044,2022-09-21 11:15:00,2022,9,21,11,15,55,55545,FERNAND BRAUDEL,49.14871,5.4064,Plein jour,En agglomération,Hors intersection,Normale,Deux véhicules - côté,4,2,2,0,1,1,1,9,1,50,2,2,1,0,1,0,32.0,37.0,deux_roues,voiture,1,2,1,1,3
202200046045,2022-11-29 19:15:00,2022,11,29,19,15,33,33439,Lieu Dit l?Enclos,45.122581,-0.420855,Nuit sans éclairage public,Hors agglomération,Hors intersection,Brouillard / fumée,Trois véhicules et plus - collisions multiples,3,2,2,0,2,1,2,0,1,80,3,3,1,0,0,2,21.0,29.0,voiture,voiture,3,1,1,5,5
202200046046,2022-06-13 20:00:00,2022,6,13,20,0,69,69382,Rue de Brest,45.76285,4.83329,Plein jour,En agglomération,Intersection en T,Normale,Autre collision,4,1,1,3,1,1,1,0,6,30,1,2,0,0,0,2,25.0,,deux_roues,,1,2,3,1,6
202200046047,2022-12-02 07:00:00,2022,12,2,7,0,49,49023,D15,47.165092,-0.892618,Nuit sans éclairage public,Hors agglomération,Hors intersection,Normale,Sans collision,3,2,2,0,1,1,1,0,8,80,1,1,0,0,1,0,22.0,,voiture,,3,1,1,1,7
202200046048,2022-09-21 07:50:00,2022,9,21,7,50,54,54395,FUSILLES (PONT DES),48.685573,6.181382,Plein jour,En agglomération,Intersection en X,Normale,Deux véhicules - côté,4,2,3,2,1,1,1,2,1,30,2,2,1,0,0,1,33.0,38.0,deux_roues,transport_commun,1,2,2,1,3
202200046049,2022-07-08 14:10:00,2022,7,8,14,10,971,97113,BAS DU FORT,16.2160722304,-61.5179550648,Plein jour,En agglomération,Autre intersection,Normale,Deux véhicules - côté,4,2,2,0,1,1,1,0,1,50,2,2,1,0,0,1,58.0,44.0,voiture,deux_roues,1,2,9,1,3
202200046050,2022-12-02 19:50:00,2022,12,2,19,50,22,22003,2 Rue de la Mairie,48.45605,-2.130044,Nuit avec éclairage allumé,En agglomération,Intersection en T,Pluie légère,Sans collision,3,2,1,0,1,1,2,0,1,30,1,1,0,1,0,0,87.0,,voiture,,5,2,3,2,7
202200046051,2022-09-21 08:30:00,2022,9,21,8,30,54,54395,BOUDONVILLE (RUE DU MOULIN DE),48.69822,6.16588,Plein jour,En agglomération,Intersection en T,Normale,Deux véhicules - côté,4,2,2,0,1,1,1,0,1,50,2,2,1,0,0,1,64.0,49.0,deux_roues,voiture,1,2,3,1,3
202200046052,2022-07-01 19:35:00,2022,7,1,19,35,971,97113,SECTEUR DAMPIERRE,16.208864137,-61.4705979824,Nuit avec éclairage allumé,Hors agglomération,Autre intersection,Pluie forte,Deux véhicules - côté,2,2,2,0,1,2,2,0,1,70,2,2,1,0,0,1,27.0,26.0,voiture,deux_roues,5,1,9,3,3
202200046053,2022-12-03 01:30:00,2022,12,3,1,30,35,35221,le Châtelier,47.8751065532,-1.6810195148,Nuit sans éclairage public,En agglomération,Hors intersection,Normale,Autre collision,3,2,2,0,2,3,1,0,3,50,1,1,0,0,1,0,51.0,,utilitaire_camion,,3,2,1,1,6
202200046054,2022-07-07 15:44:00,2022,7,7,15,44,971,97120,CHANZY (BOULEVARD),16.2411216514,-61.5360975266,Plein jour,Hors agglomération,Hors intersection,Normale,Autre collision,3,1,2,0,1,1,1,0,1,50,1,2,1,0,0,1,29.0,,voiture,,1,1,1,1,6
202200046055,2022-09-22 17:30:00,2022,9,22,17,30,51,51058,Rue Louis Victor de Broglie,49.2178797583,3.9978083968,Plein jour,En agglomération,Giratoire,Normale,Deux véhicules - côté,4,1, -1,0,1,1,1,0,6,50,2,2,1,0,0,1,41.0,91.0,deux_roues,voiture,1,2,6,1,3
202200046056,2022-07-05 22:15:00,2022,7,5,22,15,971,97113,SECTION PLIANE,16.21763,-61.49345,Nuit avec éclairage allumé,Hors agglomération,Autre intersection,Pluie légère,Autre collision,2,3,2,0,1,1,2,9,1,70,1,2,1,0,1,0,44.0,,voiture,,5,1,9,2,6
202200046057,2022-12-03 15:40:00,2022,12,3,15,40,60,60504,RD 125,49.3431586227,2.2026181672,Plein jour,Hors agglomération,Hors intersection,Normale,Trois véhicules et plus - en chaîne,3,2,2,0,1,1,1,0,1,80,3,4,3,0,0,1,65.0,49.0,voiture,voiture,1,1,1,1,4
202200046058,2022-12-03 12:50:00,2022,12,3,12,50,60,60411,22bis Rue de Marines,49.203135,1.977204,Plein jour,Hors agglomération,Hors intersection,Temps couvert,Autre collision,3,2,2,0,1,1,1,0,8,80,1,1,0,0,1,0,74.0,,voiture,,1,1,1,8,6
202200046059,2022-07-05 19:00:00,2022,7,5,19,0,971,97101,RN1 ROCADE DE CHAUVEL,16.24715,-61.52643,Nuit avec éclairage allumé,Hors agglomération,Autre intersection,Normale,Deux véhicules - côté,2,1,2,0,1,1,1,9,1,90,2,2,0,0,0,2,31.0,25.0,voiture,voiture,5,1,9,1,3
202200046060,2022-09-22 12:40:00,2022,9,22,12,40,51,51172,Route de Louvois,49.21406,4.05139,Plein jour,En agglomération,Autre intersection,Normale,Deux véhicules - côté,6,-1, -1,0,1,1,1,9,8,30,2,2,1,0,0,1,25.0,73.0,voiture,voiture,1,2,9,1,3
202200046061,2022-11-30 17:32:00,2022,11,30,17,32,13,13210,A50-Sens Marseille vers Aubagne,43.284,5.4189,Nuit sans éclairage public,Hors agglomération,Hors intersection,Normale,Deux véhicules - arrière,1,1,3,0,1,1,1,0,1,90,2,2,1,0,0,1,57.0,57.0,deux_roues,utilitaire_camion,3,1,1,1,2
202200046062,2022-07-07 13:00:00,2022,7,7,13,0,2A,2A004,GEORGES POMPIDOU AVENUE,41.9329796933,8.7557073732,Plein jour,En agglomération,Hors intersection,Normale,Deux véhicules - arrière,2,1,1,0,1,2,1,0,1,30,2,3,1,0,0,2,25.0,23.0,voiture,voiture,1,2,1,1,2
202200046063,2022-07-06 23:50:00,2022,7,6,23,50,2A,2A004,LEVIE JEAN JEROME AVENUE,41.9258804449,8.7383282682,Nuit avec éclairage allumé,En agglomération,Autre intersection,Normale,Sans collision,4,2,2,0,2,3,1,0,1,50,1,2,1,0,0,1,46.0,,voiture,,5,2,9,1,7
202200046064,2022-11-30 16:30:00,2022,11,30,16,30,33,33162,ROCADE A 630,44.868839782,-0.6463748217,Plein jour,Hors agglomération,Hors intersection,Normale,Deux véhicules - arrière,1,3,6,0,1,1,1,0,1,90,2,3,2,0,0,1,38.0,62.0,voiture,voiture,1,1,1,1,2
202200046065,2022-07-06 14:10:00,2022,7,6,14,10,2A,2A004,T40,41.92483,8.80985,Plein jour,Hors agglomération,Hors intersection,Normale,Autre collision,2,3,4,0,1,3,1,0,1,90,1,10,0,2,8,0,23.0,,voiture,,1,1,1,1,6
202200046066,2022-12-02 18:30:00,2022,12,2,18,30,94,94021,AUTOROUTE A6A,48.7602653239,2.3384393114,Nuit sans éclairage public,Hors agglomération,Hors intersection,Normale,Deux véhicules - arrière,1,-1,3,0,1,1,2,0,1,90,2,2,1,0,0,1,38.0,31.0,utilitaire_camion,voiture,3,1,1,1,2
202200046067,2022-06-13 06:45:00,2022,6,13,6,45,2A,2A004,MEZZAVIA ROUTE DE,41.95112,8.78004,Plein jour,En agglomération,Hors intersection,Normale,Deux véhicules - côté,3,3,2,0,1,1,1,0,1,50,2,2,1,0,0,1,34.0,48.0,voiture,deux_roues,1,2,1,1,3
202200046068,2022-12-02 14:56:00,2022,12,2,14,56,78,78646,RN12,48.789982,2.122666,Crépuscule ou aube,Hors agglomération,Hors intersection,Temps couvert,Deux véhicules - côté,2,1,3,0,1,1,2,0,1,110,2,2,1,0,0,1,64.0,41.0,deux_roues,voiture,2,1,1,8,3
202200046069,2022-07-08 11:39:00,2022,7,8,11,39,95,95268,BD DE LA MUETTE,48.9729824465,2.4186390638,Plein jour,En agglomération,Hors intersection,Normale,Autre collision,3,1,1,0,2,3,1,3,1,50,1,2,1,0,0,1,41.0,,utilitaire_camion,,1,2,1,1,6
202200046070,2022-12-02 14:45:00,2022,12,2,14,45,93,93029,AUTOROUTE A86,48.91997,2.4282,Plein jour,Hors agglomération,Hors intersection,Normale,Deux véhicules - côté,1,3,3,0,1,1,1,1,1,90,2,3,0,0,0,3,21.0,56.0,voiture,voiture,1,1,1,1,3
202200046071,2022-06-13 13:45:00,2022,6,13,13,45,95,95019,RD 84,48.9766491418,2.4233543873,Plein jour,En agglomération,Autre intersection,Normale,Deux véhicules - côté,3,1,2,0,1,2,1,5,1,50,2,4,1,0,0,3,33.0,45.0,voiture,transport_commun,1,2,9,1,3
202200046072,2022-12-02 06:50:00,2022,12,2,6,50,95,95252,A15,48.9777820271,2.2320185499,Crépuscule ou aube,Hors agglomération,Hors intersection,Normale,Deux véhicules - arrière,1,3,6,0,1,1,1,0,1,110,2,2,1,0,0,1,50.0,21.0,deux_roues,utilitaire_camion,2,1,1,1,2
202200046073,2022-07-10 18:10:00,2022,7,10,18,10,95,95428,Avenue Charles de Gaulle,48.9810525751,2.3203092813,Plein jour,En agglomération,Hors intersection,Normale,Deux véhicules - arrière,3,2,2,0,2,1,1,0,1,50,2,2,0,0,0,2,22.0,56.0,deux_roues,deux_roues,1,2,1,1,2
202200046074,2022-12-02 09:50:00,2022,12,2,9,50,94,94004,RN19.Y,48.74378,2.51347,Plein jour,Hors agglomération,Hors intersection,Normale,Deux véhicules - arrière,2,3,6,0,2,1,1,0,1,90,2,2,1,0,0,1,32.0,58.0,utilitaire_camion,voiture,1,1,1,1,2
202200046075,2022-12-02 05:55:00,2022,12,2,5,55,77,77083,A4.W,48.83426,2.5889,Nuit sans éclairage public,Hors agglomération,Hors intersection,Normale,Deux véhicules - côté,1,3,6,0,1,1,1,0,1,110,2,2,1,0,0,1,46.0,37.0,voiture,deux_roues,3,1,1,1,3
202200046076,2022-07-05 22:00:00,2022,7,5,22,0,95,95427,Route de Saint-leu,48.9554656793,2.3332723975,Crépuscule ou aube,En agglomération,Intersection en T,Normale,Deux véhicules - côté,3,2,2,0,1,1,1,0,1,50,2,3,2,0,0,1,56.0,39.0,deux_roues,voiture,2,2,3,1,3
202200046077,2022-12-01 01:33:00,2022,12,1,1,33,77,77169,A4.Y,48.831055,2.604993,Nuit sans éclairage public,Hors agglomération,Hors intersection,Normale,Autre collision,1,1,4,0,1,1,1,0,1,110,1,1,0,0,0,1,21.0,,voiture,,3,1,1,1,6
202200046078,2022-11-25 14:03:00,2022,11,25,14,3,63,63113,EMINEE (RUE DE L'),45.7592922691,3.1445923448,Plein jour,En agglomération,Hors intersection,Pluie légère,Autre collision,4,2,3,0,1,1,2,0,1,30,1,2,1,0,0,1,21.0,,voiture,,1,2,1,2,6
202200046079,2022-07-06 20:00:00,2022,7,6,20,0,95,95197,Avenue de la Division Leclerc,48.9704118432,2.3127669096,Plein jour,En agglomération,Hors intersection,Normale,Autre collision,3,2,2,0,1,1,1,0,1,50,1,3,2,0,1,0,36.0,,voiture,,1,2,1,1,6
202200046080,2022-05-13 19:35:00,2022,5,13,19,35,73,73065,BELLEVUE (BOULEVARD DE),45.56056,5.91702,Plein jour,En agglomération,Hors intersection,Normale,Deux véhicules - côté,4,2,2,0,2,2,1,0,1,50,2,2,1,0,1,0,42.0,35.0,deux_roues,voiture,1,2,1,1,3
202200046081,2022-07-06 15:50:00,2022,7,6,15,50,95,95555,Rue Berthie Albrecht,48.9675,2.2845,Plein jour,En agglomération,Hors intersection,Normale,Autre collision,3,2,2,0,1,1,1,0,1,30,1,2,1,0,0,1,20.0,,voiture,,1,2,1,1,6
202200046082,2022-11-29 19:00:00,2022,11,29,19,0,972,97209,CAPITAINE MANUEL (RUE DU),14.60758,-61.06716,Crépuscule ou aube,En agglomération,Intersection en X,Pluie légère,Deux véhicules - côté,4,1,1,0,1,1,2,0,1,50,2,2,1,0,0,1,36.0,47.0,voiture,voiture,2,2,2,2,3
202200046083,2022-11-30 11:55:00,2022,11,30,11,55,2A,2A004,PAOLI DOMINIQUE  BD,41.9289852411,8.7374611994,Plein jour,En agglomération,Hors intersection,Temps éblouissant,Sans collision,4,2,2,0,4,1,1,0,1,50,1,3,2,0,0,1,42.0,,voiture,,1,2,1,7,7
202200046084,2022-11-30 18:00:00,2022,11,30,18,0,95,95268,Avenue de Stalingrad,48.9659468799,2.4086890799,Nuit avec éclairage allumé,En agglomération,Hors intersection,Normale,Deux véhicules - arrière,3,2,2,0,1,1,1,0,1,50,2,3,1,0,0,2,55.0,28.0,utilitaire_camion,utilitaire_camion,5,2,1,1,2
202200046085,2022-05-06 13:30:00,2022,5,6,13,30,95,95063,RUE DE LA BERTHIE,48.93655203,2.2048777342,Plein jour,En agglomération,Hors intersection,Normale,Deux véhicules - côté,4,2,2,0,1,1,1,0,1,50,2,2,1,0,0,1,48.0,18.0,voiture,deux_roues,1,2,1,1,3
202200046086,2022-11-30 13:30:00,2022,11,30,13,30,95,95555,Boulevard du Maréchal Foch,48.9630420458,2.2917759418,Plein jour,En agglomération,Hors intersection,Normale,Deux véhicules - arrière,3,3,4,0,1,1,1,0,1,50,2,2,1,0,0,1,49.0,20.0,voiture,deux_roues,1,2,1,1,2
202200046087,2022-07-10 16:15:00,2022,7,10,16,15,91,91552,RTE NATIONALE 20,48.60375,2.24862,Plein jour,Hors agglomération,Hors intersection,Normale,Autre collision,3,3,4,0,1,1,1,0,1,70,1,5,0,0,0,5,48.0,,voiture,,1,1,1,1,6
202200046088,2022-07-08 18:52:00,2022,7,8,18,52,91,91377,VOIE DE LA VALLEE DE LA BIEVRE,48.737487,2.260289,Plein jour,En agglomération,Intersection en T,Normale,Deux véhicules - côté,3,2,3,0,1,1,1,0,1,50,2,3,2,0,0,1,25.0,,voiture,deux_roues,1,2,3,1,3
202200046089,2022-07-06 16:50:00,2022,7,6,16,50,91,91161,AV MAZARIN,48.703804,2.318029,Plein jour,En agglomération,Hors intersection,Normale,Autre collision,4,2,1,0,1,1,1,0,1,50,1,2,1,0,0,1,,,deux_roues,,1,2,1,1,6
202200046090,2022-11-26 06:00:00,2022,11,26,6,0,89,89024,MARTINEAU DES CHESNEZ (RUE),47.79417,3.57012,Nuit avec éclairage allumé,En agglomération,Hors intersection,Normale,Deux véhicules - arrière,4,1,1,0,1,1,1,0,1,50,2,2,1,0,0,1,26.0,51.0,voiture,utilitaire_camion,5,2,1,1,2
202200046091,2022-06-13 14:20:00,2022,6,13,14,20,91,91471,CD 128,48.71433,2.1841,Plein jour,Hors agglomération,Hors intersection,Normale,Sans collision,3,2,1,0,1,1,1,0,1,70,2,2,1,0,0,1,53.0,26.0,deux_roues,voiture,1,1,1,1,7
202200046092,2022-08-16 09:50:00,2022,8,16,9,50,06,06027,FRENES RUE DES,43.65943,7.15083,Plein jour,En agglomération,Hors intersection,Normale,Deux véhicules - frontale,4,2,2,0,1,1,1,6,1,50,1,3,1,0,0,2,60.0,,voiture,,1,2,1,1,1
202200046093,2022-11-29 22:30:00,2022,11,29,22,30,87,87114,FOLLEREAU (RUE RAOUL),45.83178,1.3099,Nuit avec éclairage allumé,En agglomération,Intersection en T,Normale,Deux véhicules - frontale,4,2,2,0,1,3,1,0,1,30,2,2,1,0,0,1,42.0,50.0,voiture,voiture,5,2,3,1,1
202200046094,2022-08-16 09:10:00,2022,8,16,9,10,75,75113,PORTE D ITALIE,48.816718,2.356038,Plein jour,En agglomération,Intersection en Y,Normale,Deux véhicules - côté,4,1,4,0,1,1,1,0,1,70,2,2,1,0,0,1,64.0,52.0,deux_roues,utilitaire_camion,1,2,4,1,3
202200046095,2022-07-08 21:38:00,2022,7,8,21,38,91,91215,RTE DE QUINCY,48.684605,2.515417,Crépuscule ou aube,En agglomération,Hors intersection,Normale,Sans collision,4,2,2,0,1,3,1,0,3,50,1,5,0,0,0,5,21.0,,voiture,,2,2,1,1,7
202200046096,2022-08-17 11:30:00,2022,8,17,11,30,75,75118,AVENUE DE LA PORTE DE LA CHAPELLE,48.898689,2.359011,Plein jour,En agglomération,Intersection en X,Pluie légère,Deux véhicules - côté,4,1,0,0,1,1,2,0,1,30,2,3,1,0,0,2,32.0,73.0,deux_roues,deux_roues,1,2,2,2,3
202200046097,2022-07-08 14:55:00,2022,7,8,14,55,91,91201,AV DES ORMES,48.68609,2.39911,Plein jour,En agglomération,Intersection en X,Normale,Deux véhicules - côté,4,2,1,0,1,1,1,0,1,50,2,2,0,0,1,1,37.0,28.0,voiture,deux_roues,1,2,2,1,3
202200046098,2022-11-30 08:52:00,2022,11,30,8,52,79,79191,11 Rue Sainte Catherine,46.31759,-0.43843,Plein jour,En agglomération,Intersection en X,Temps couvert,Deux véhicules - côté,4,2,2,0,1,1,1,0,1,50,2,2,1,0,0,1,16.0,31.0,deux_roues,voiture,1,2,2,8,3
202200046099,2022-08-12 23:35:00,2022,8,12,23,35,94,94068,BAC (AV DU),48.79247,2.51729,Nuit avec éclairage allumé,En agglomération,Hors intersection,Normale,Autre collision,3,2,2,0,1,1,1,0,1,30,2,2,1,0,0,1,,32.0,voiture,deux_roues,5,2,1,1,6
202200046100,2022-07-06 11:00:00,2022,7,6,11,0,91,91201,RUE DE CHATILLON,48.6849,2.4005,Plein jour,En agglomération,Hors intersection,Normale,Deux véhicules - côté,4,2,2,0,2,1,1,0,1,50,2,2,1,0,0,1,16.0,29.0,deux_roues,voiture,1,2,1,1,3
202200046101,2022-08-16 12:10:00,2022,8,16,12,10,94,94068,FOCH (AV),48.80358,2.4884,Plein jour,En agglomération,Hors intersection,Normale,Deux véhicules - côté,3,2,2,0,1,1,1,0,1,30,2,2,1,0,0,1,33.0,83.0,deux_roues,voiture,1,2,1,1,3
202200046102,2022-06-13 07:35:00,2022,6,13,7,35,91,91201,AV DU GENERAL DE GAULLE,48.68895,2.38859,Plein jour,En agglomération,Hors intersection,Normale,Deux véhicules - côté,3,2,4,0,1,1,1,2,1,50,2,2,1,0,0,1,24.0,27.0,utilitaire_camion,deux_roues,1,2,1,1,3
202200046103,2022-11-30 19:40:00,2022,11,30,19,40,77,77243,D10,48.875859112,2.7013699732,Nuit avec éclairage allumé,En agglomération,Hors intersection,Normale,Autre collision,3,2,2,0,2,1,1,9,1,50,1,2,1,0,0,1,,,voiture,,5,2,1,1,6
202200046104,2022-07-07 08:53:00,2022,7,7,8,53,91,91589,AV ROGER SALENGRO,48.68208,2.34022,Plein jour,En agglomération,Hors intersection,Normale,Sans collision,4,2,2,0,1,1,1,0,4,50,1,1,0,1,0,0,62.0,,utilitaire_camion,,1,2,1,1,7
202200046105,2022-08-15 13:00:00,2022,8,15,13,0,94,94028,Avenue Bernard Halpern,48.790096,2.450749,Plein jour,Hors agglomération,Autre intersection,Pluie légère,Deux véhicules - arrière,3,3,2,0,1,1,2,0,1,90,2,3,2,0,0,1,44.0,30.0,voiture,voiture,1,1,9,2,2
202200046106,2022-07-08 14:36:00,2022,7,8,14,36,91,91223,R.D.20,48.41308,2.12892,Plein jour,Hors agglomération,Hors intersection,Normale,Sans collision,3,3,4,0,2,3,1,0,1,90,1,1,0,0,0,1,30.0,,voiture,,1,1,1,1,7
202200046107,2022-11-30 10:00:00,2022,11,30,10,0,69,69266,200 Rue Léon Blum,45.7628137439,4.9128995741,Plein jour,En agglomération,Intersection en T,Normale,Deux véhicules - côté,7,1,3,3,1,1,1,0,1,50,2,2,1,0,0,1,27.0,55.0,utilitaire_camion,voiture,1,2,3,1,3
202200046108,2022-08-17 19:30:00,2022,8,17,19,30,94,94078,Rue de Paris / Rue de Crosne,48.72525,2.44581,Plein jour,En agglomération,Intersection en X,Pluie légère,Deux véhicules - arrière,3,2, -1,-1,1,1,2,0,-1,-1,2,3,1,0,0,2,57.0,38.0,voiture,voiture,1,2,2,2,2
202200046109,2022-07-06 14:00:00,2022,7,6,14,0,91,91223,REVERSELEUX (RUE),48.42435,2.13742,Plein jour,En agglomération,Intersection en T,Normale,Autre collision,4,2,2,0,1,1,1,0,1,50,1,2,1,0,0,1,62.0,,voiture,,1,2,3,1,6
202200046110,2022-11-30 17:00:00,2022,11,30,17,0,69,69271,Avenue Charles de Gaulle,45.74494,4.93705,Crépuscule ou aube,En agglomération,Intersection en X,Temps couvert,Deux véhicules - arrière,7,2,4,0,1,1,1,0,1,50,2,2,1,0,0,1,61.0,52.0,voiture,deux_roues,2,2,2,8,2
202200046111,2022-08-17 18:30:00,2022,8,17,18,30,93,93048,Rue Robespierre,48.8534270319,2.4235657385,Crépuscule ou aube,En agglomération,Hors intersection,Pluie légère,Autre collision,3,2,2,0,1,1,2,0,1,50,1,2,1,0,0,1,23.0,,deux_roues,,2,2,1,2,6
202200046112,2022-05-17 18:25:00,2022,5,17,18,25,89,89387,ARISTIDE BRIAND (BOULEVARD),48.2053,3.27823,Plein jour,En agglomération,Hors intersection,Normale,Autre collision,4,2,2,0,1,1,1,6,6,50,1,2,1,0,1,0,81.0,,voiture,,1,2,1,1,6
202200046113,2022-11-30 16:30:00,2022,11,30,16,30,69,69271,Avenue des Frères Montgolfier,45.72494,4.97234,Plein jour,En agglomération,Hors intersection,Temps couvert,Deux véhicules - côté,4,2,4,0,1,1,1,0,1,50,2,2,1,0,0,1,22.0,25.0,voiture,deux_roues,1,2,1,8,3
202200046114,2022-08-17 15:50:00,2022,8,17,15,50,92,92049,GINOUX AV. HENRI N°1 A 95 ET 2 A 104,48.8131367971,2.3196499944,Plein jour,En agglomération,Intersection en X,Normale,Deux véhicules - côté,4,1,1,0,1,1,1,0,1,50,2,2,1,0,0,1,32.0,70.0,voiture,voiture,1,2,2,1,3
202200046115,2022-06-06 18:45:00,2022,6,6,18,45,89,89024,Boulevard Vauban,47.79818,3.56552,Plein jour,En agglomération,Intersection en X,Normale,Deux véhicules - côté,4,1,1,0,1,1,1,0,1,50,2,2,1,0,1,0,23.0,28.0,deux_roues,voiture,1,2,2,1,3
202200046116,2022-11-29 12:30:00,2022,11,29,12,30,67,67482,CHAMP DE MANOEUVRE (RUE DU),48.60154,7.71091,Plein jour,En agglomération,Hors intersection,Normale,Autre collision,4,2,1,0,1,1,1,9,1,50,1,2,1,0,0,1,21.0,,voiture,,1,2,1,1,6
202200046117,2022-08-17 17:15:00,2022,8,17,17,15,92,92048,FOSSES (AVENUE DES),48.8091587999,2.2454327345,Plein jour,En agglomération,Hors intersection,Pluie légère,Autre collision,4,2,2,0,1,1,2,0,1,50,1,1,0,0,0,1,22.0,,autre,,1,2,1,2,6
202200046118,2022-07-07 16:52:00,2022,7,7,16,52,87,87048,NEXON (ROUTE DE),45.79837,1.25195,Plein jour,Hors agglomération,Intersection en X,Normale,Trois véhicules et plus - collisions multiples,3,2,2,0,1,1,1,0,1,80,3,3,2,0,0,1,62.0,52.0,voiture,utilitaire_camion,1,1,2,1,5