accident_id,datetime,annee,mois,jour,heure,minute,departement,commune_insee,adresse,latitude,longitude,luminosite,agglomeration,intersection,meteo,collision,catr,circ,nbv,vosp,prof,plan,surf,infra,situ,vma,nb_vehicules,nb_usagers,nb_indemnes,nb_tues,nb_blesses_hosp,nb_blesses_legers,age_cond_1,age_cond_2,veh_type_cond_1,veh_type_cond_2,lum_code,agg_code,int_code,atm_code,col_code
202200046119,2022-08-17 12:35:00,2022,8,17,12,35,92,92012,MEUDON (RUE DE) - COTE IMPAIR,48.8255529146,2.2418970465,Plein jour,En agglomération,Intersection en X,Temps couvert,Deux véhicules - côté,4,2,2,0,1,1,1,0,1,50,2,2,1,0,0,1,44.0,23.0,deux_roues,voiture,1,2,2,8,3
202200046120,2022-11-30 13:12:00,2022,11,30,13,12,66,66136,,42.6772737943,2.8906783462,Plein jour,En agglomération,Hors intersection,Normale,Trois véhicules et plus - en chaîne,4,3,2,0,1,1,1,0,1,50,3,5,3,0,0,2,33.0,39.0,voiture,voiture,1,2,1,1,4
202200046121,2022-11-30 09:07:00,2022,11,30,9,7,66,66136,,42.672644,2.890853,Plein jour,Hors agglomération,Hors intersection,Normale,Deux véhicules - arrière,3,2,2,0,1,1,1,0,1,70,2,2,1,0,0,1,18.0,30.0,deux_roues,voiture,1,1,1,1,2
202200046122,2022-07-07 15:52:00,2022,7,7,15,52,87,87065,EYJEAUX (RUE D'),45.80605,1.33593,Plein jour,Hors agglomération,Hors intersection,Normale,Deux véhicules - frontale,3,2,2,0,1,1,1,0,1,80,2,2,0,0,0,2,73.0,51.0,voiture,voiture,1,1,1,1,1
202200046123,2022-08-18 14:20:00,2022,8,18,14,20,80,80523,D42,49.973209,2.650731,Plein jour,Hors agglomération,Hors intersection,Normale,Deux véhicules - côté,3,2,2,0,2,4,1,0,1,80,2,3,2,0,1,0,33.0,29.0,utilitaire_camion,deux_roues,1,1,1,1,3
202200046124,2022-07-05 22:29:00,2022,7,5,22,29,87,87075,RD79,45.82003,1.19085,Crépuscule ou aube,Hors agglomération,Hors intersection,Normale,Deux véhicules - arrière,3,2,2,0,1,1,1,0,1,80,2,3,0,0,1,2,62.0,57.0,voiture,utilitaire_camion,2,1,1,1,2
202200046125,2022-11-30 08:34:00,2022,11,30,8,34,65,65440,Rue de Cronstadt,43.22882,0.073336,Plein jour,En agglomération,Intersection en Y,Normale,Deux véhicules - côté,4,1,1,0,1,2,1,0,1,50,2,2,1,0,0,1,15.0,41.0,deux_roues,voiture,1,2,4,1,3
202200046126,2022-07-05 14:12:00,2022,7,5,14,12,87,87085,LEVEUF (RUE DU PROFESSEUR JEAN),45.84561,1.27552,Plein jour,En agglomération,Hors intersection,Normale,Sans collision,4,2,2,0,2,1,1,0,1,30,1,1,0,0,0,1,70.0,,deux_roues,,1,2,1,1,7
202200046127,2022-08-18 00:00:00,2022,8,18,0,0,66,66214,,42.557308,2.8472821,Nuit sans éclairage public,Hors agglomération,Hors intersection,Normale,Deux véhicules - arrière,1,1,3,0,1,1,2,0,1,130,2,5,1,0,0,4,47.0,40.0,voiture,voiture,3,1,1,1,2
202200046128,2022-07-07 08:10:00,2022,7,7,8,10,86,86194,Avenue du 8 Mai 1945,46.556008,0.308711,Plein jour,En agglomération,Intersection en X,Normale,Deux véhicules - frontale,4,-1,4,0,1,1,1,5,1,50,2,2,1,0,1,0,48.0,26.0,deux_roues,voiture,1,2,2,1,1
202200046129,2022-08-17 11:10:00,2022,8,17,11,10,95,95487,40 rue Elie et Corentin Quideau,49.145826,2.258222,Plein jour,En agglomération,Hors intersection,Normale,Deux véhicules - côté,4,2,2,0,1,1,1,0,1,50,2,2,1,0,0,1,18.0,82.0,voiture,voiture,1,2,1,1,3
202200046130,2022-11-28 08:12:00,2022,11,28,8,12,63,63113,BOURDON (RUE DE),45.79798,3.15226,Plein jour,En agglomération,Hors intersection,Normale,Trois véhicules et plus - en chaîne,7,2,2,0,1,1,1,0,1,50,4,4,2,0,0,2,42.0,43.0,utilitaire_camion,voiture,1,2,1,1,4
202200046131,2022-07-06 14:50:00,2022,7,6,14,50,86,86194,SAINT FORTUNAT (RUE),46.580681,0.350008,Plein jour,En agglomération,Intersection en Y,Normale,Deux véhicules - côté,4,1,1,0,1,1,1,0,1,30,2,2,1,0,0,1,62.0,55.0,deux_roues,voiture,1,2,4,1,3
202200046132,2022-08-17 17:00:00,2022,8,17,17,0,31,31113,Route de Labège,43.525837,1.515512,Plein jour,En agglomération,Hors intersection,Normale,Deux véhicules - arrière,3,2,2,0,1,1,1,2,1,50,2,2,1,0,1,0,25.0,63.0,deux_roues,voiture,1,2,1,1,2
202200046133,2022-11-18 22:10:00,2022,11,18,22,10,62,62277,Rue Haute,50.398373,2.937835,Nuit avec éclairage allumé,En agglomération,Hors intersection,Normale,Autre collision,4,1,1,0,1,1,1,0,1,50,1,2,1,0,1,0,22.0,,voiture,,5,2,1,1,6
202200046134,2022-07-05 09:00:00,2022,7,5,9,0,85,85194,EHPAD le logis des olonnes,46.49065,-1.740606,Plein jour,En agglomération,Hors intersection,Normale,Deux véhicules - côté,4,2,2,0,1,1,1,0,1,2,2,2,1,0,1,0,55.0,37.0,voiture,deux_roues,1,2,1,1,3
202200046135,2022-08-12 18:28:00,2022,8,12,18,28,63,63248,D2089 - Récoleine,45.704456,2.913115,Plein jour,En agglomération,Intersection en X,Normale,Deux véhicules - côté,3,2,2,0,1,1,1,0,1,70,2,3,1,0,1,1,28.0,74.0,voiture,voiture,1,2,2,1,3
202200046136,2022-11-30 00:25:00,2022,11,30,0,25,59,59512,METZ (BOULEVARD DE),50.70456,3.18053,Nuit avec éclairage allumé,En agglomération,Hors intersection,Brouillard / fumée,Autre collision,7,2,1,0,1,3,2,0,4,50,1,1,0,0,1,0,28.0,,voiture,,5,2,1,5,6
202200046137,2022-11-29 18:25:00,2022,11,29,18,25,56,56121,10 Rue président John Kennedy,47.76411,-3.38101,Nuit avec éclairage allumé,En agglomération,Giratoire,Normale,Autre collision,4,3,2,0,1,1,1,0,1,30,1,2,1,0,0,1,55.0,,utilitaire_camion,,5,2,6,1,6
202200046138,2022-08-18 08:40:00,2022,8,18,8,40,41,41018,RD 956,47.61093,1.339334,Plein jour,Hors agglomération,Giratoire,Normale,Sans collision,3,1,1,0,1,3,8,0,1,70,1,1,0,0,0,1,36.0,,deux_roues,,1,1,6,1,7
202200046139,2022-07-06 07:45:00,2022,7,6,7,45,85,85191,8 Rue d'ulm,46.6805194,-1.42836615,Plein jour,En agglomération,Intersection en T,Normale,Autre collision,4,2,2,0,1,1,1,0,1,30,1,2,1,0,1,0,27.0,,voiture,,1,2,3,1,6
202200046140,2022-08-14 13:00:00,2022,8,14,13,0,26,26333,D51,45.174005,4.82567,Plein jour,Hors agglomération,Hors intersection,Temps couvert,Autre collision,3,2,2,0,1,3,2,0,1,70,2,2,0,0,1,1,30.0,19.0,voiture,voiture,1,1,1,8,6
202200046141,2022-08-17 15:55:00,2022,8,17,15,55,34,34136,A75,43.484458,3.438736,Plein jour,Hors agglomération,Hors intersection,Pluie forte,Autre collision,1,3,2,0,1,1,4,0,3,130,1,1,0,0,1,0,34.0,,voiture,,1,1,1,3,6
202200046142,2022-06-28 09:45:00,2022,6,28,9,45,84,84007,C.De GAULLE (Rocade),43.92878,4.8049,Plein jour,En agglomération,Hors intersection,Normale,Autre collision,4,3,4,0,1,1,1,0,1,50,1,2,1,0,1,0,87.0,,voiture,,1,2,1,1,6
202200046143,2022-11-29 13:50:00,2022,11,29,13,50,56,56121,DORDELIN (RUE DE L AMIRAL ALAIN ),47.73289,-3.372447,Plein jour,En agglomération,Giratoire,Normale,Deux véhicules - côté,4,3,2,0,1,1,1,5,1,30,2,4,3,0,0,1,30.0,28.0,voiture,voiture,1,2,6,1,3
202200046144,2022-08-18 11:45:00,2022,8,18,11,45,62,62588,D 139,50.461619,1.756118,Plein jour,Hors agglomération,Hors intersection,Normale,Sans collision,3,2,2,0,2,1,1,0,1,80,1,1,0,0,1,0,20.0,,deux_roues,,1,1,1,1,7
202200046145,2022-07-07 22:35:00,2022,7,7,22,35,83,83098,FOUX (CHEMIN DE LA),43.1114790882,6.0323953629,Nuit sans éclairage public,En agglomération,Hors intersection,Normale,Autre collision,4,2,2,0,1,3,9,0,3,50,1,1,0,0,1,0,28.0,,deux_roues,,3,2,1,1,6
202200046146,2022-08-18 15:25:00,2022,8,18,15,25,59,59528,49 rue léon gambetta,50.2046716065,3.412681818,Plein jour,En agglomération,Hors intersection,Normale,Deux véhicules - frontale,3,2,2,0,1,1,1,0,1,50,2,2,1,0,1,0,10.0,22.0,deux_roues,voiture,1,2,1,1,1
202200046147,2022-07-08 00:15:00,2022,7,8,0,15,83,83137,BAZEILLES (BD / ROND POINT DE),43.113378,5.940014,Nuit avec éclairage allumé,En agglomération,Hors intersection,Normale,Deux véhicules - frontale,4,3,0,0,1,1,1,0,1,50,2,2,1,0,0,1,37.0,19.0,voiture,voiture,5,2,1,1,1
202200046148,2022-11-30 15:40:00,2022,11,30,15,40,54,54578,MULLER (AVENUE PAUL),48.6594,6.14036,Plein jour,En agglomération,Hors intersection,Normale,Deux véhicules - côté,4,2,2,0,1,1,1,0,1,70,2,2,1,1,0,0,39.0,75.0,voiture,deux_roues,1,2,1,1,3
202200046149,2022-08-17 15:11:00,2022,8,17,15,11,56,56132,D767,47.724003,-2.757418,Plein jour,Hors agglomération,Hors intersection,Normale,Sans collision,3,3,4,0,1,2,1,0,3,110,1,1,0,0,1,0,72.0,,voiture,,1,1,1,1,7
202200046150,2022-07-03 03:00:00,2022,7,3,3,0,83,83062,FABRI DE PEIRESC (AVENUE),43.1381,6.02668,Nuit avec éclairage allumé,En agglomération,Giratoire,Normale,Deux véhicules - arrière,7,1,2,0,1,2,1,5,1,50,2,2,1,0,0,1,19.0,42.0,deux_roues,voiture,5,2,6,1,2
202200046151,2022-08-18 15:30:00,2022,8,18,15,30,76,76100,Route de Saint-Arnoult,49.494354,1.287643,Plein jour,En agglomération,Intersection en T,Normale,Deux véhicules - côté,3,2,2,0,1,1,1,0,1,70,2,2,1,0,0,1,51.0,38.0,deux_roues,voiture,1,2,3,1,3
202200046152,2022-11-29 20:00:00,2022,11,29,20,0,50,50129,LEBAS (RUE JEAN),49.64037,-1.64899,Nuit avec éclairage allumé,En agglomération,Hors intersection,Normale,Autre collision,4,2,2,0,1,4,1,0,1,50,1,1,0,0,0,1,23.0,,deux_roues,,5,2,1,1,6
202200046153,2022-07-10 21:10:00,2022,7,10,21,10,83,83069,DEBUSSY (RUE CLAUDE),43.03794,6.12961,Plein jour,En agglomération,Hors intersection,Normale,Deux véhicules - frontale,4,1,1,0,3,1,1,0,1,50,2,4,3,0,1,0,22.0,16.0,voiture,deux_roues,1,2,1,1,1
202200046154,2022-06-10 16:30:00,2022,6,10,16,30,69,69383,16 Rue Lavoisier,45.75541,4.85889,Plein jour,En agglomération,Hors intersection,Normale,Deux véhicules - arrière,4,1,2,0,1,1,1,0,1,50,2,2,1,0,0,1,25.0,18.0,voiture,voiture,1,2,1,1,2
202200046155,2022-08-18 14:35:00,2022,8,18,14,35,80,80136,D329,49.959555,2.717287,Plein jour,Hors agglomération,Hors intersection,Normale,Deux véhicules - arrière,3,2,2,0,3,1,1,0,1,80,2,2,1,0,1,0,70.0,85.0,deux_roues,voiture,1,1,1,1,2
202200046156,2022-07-07 16:15:00,2022,7,7,16,15,83,83069,AEROPORT (AVENUE DE L'),43.08971,6.14381,Plein jour,En agglomération,Hors intersection,Normale,Deux véhicules - arrière,7,2,2,0,1,1,1,0,1,70,2,3,2,0,0,1,25.0,24.0,voiture,voiture,1,2,1,1,2
202200046157,2022-06-10 08:55:00,2022,6,10,8,55,69,69388,Avenue des Frères Lumière,45.74336,4.87426,Plein jour,En agglomération,Intersection en T,Normale,Deux véhicules - frontale,4,1,1,2,1,1,1,-1,1,30,2,2,1,0,0,1,45.0,19.0,deux_roues,voiture,1,2,3,1,1
202200046158,2022-11-30 14:30:00,2022,11,30,14,30,49,49099,FOUCAULD (RUE CHARLES DE),47.05636,-0.86628,Plein jour,En agglomération,Hors intersection,Normale,Autre collision,4,-1,1,3,2,1,1,9,1,50,1,2,1,0,1,0,20.0,,voiture,,1,2,1,1,6
202200046159,2022-08-17 19:15:00,2022,8,17,19,15,80,80747,D184,49.960766,3.023375,Plein jour,Hors agglomération,Hors intersection,Normale,Sans collision,3,2,2,0,2,1,1,0,3,80,1,1,0,0,0,1,22.0,,voiture,,1,1,1,1,7
202200046160,2022-06-10 17:50:00,2022,6,10,17,50,972,97209,ERNEST DEPROGE (RUE),14.60362,-61.07164,Plein jour,En agglomération,Hors intersection,Temps éblouissant,Autre collision,3,1,2,0,1,1,1,0,1,30,1,2,1,0,0,1,31.0,,voiture,,1,2,1,7,6
202200046161,2022-07-06 12:10:00,2022,7,6,12,10,83,83118,BOULEVARD JEAN MOULIN,43.42809,6.78047,Plein jour,En agglomération,Giratoire,Normale,Deux véhicules - côté,4,2,2,0,1,1,1,5,1,50,2,2,1,0,1,0,34.0,20.0,voiture,deux_roues,1,2,6,1,3
202200046162,2022-11-29 18:00:00,2022,11,29,18,0,49,49007,Rue du Château d'Orgemont,47.45411,-0.54681,Nuit avec éclairage non allumé,En agglomération,Hors intersection,Normale,Autre collision,4,2,2,0,1,1,1,0,1,30,1,2,1,0,0,1,29.0,,voiture,,4,2,1,1,6
202200046163,2022-08-18 08:00:00,2022,8,18,8,0,33,33544,D1215,45.538925,-1.098536,Plein jour,Hors agglomération,Hors intersection,Normale,Autre collision,3,2,2,0,1,1,1,0,3,80,1,4,0,0,4,0,19.0,,voiture,,1,1,1,1,6
202200046164,2022-06-10 15:00:00,2022,6,10,15,0,69,69081,Chemin de Charrière Blanche,45.78034,4.76999,Plein jour,En agglomération,Hors intersection,Normale,Deux véhicules - frontale,4,2,2,0,1,2,1,0,1,30,2,2,1,0,0,1,77.0,24.0,voiture,voiture,1,2,1,1,1
202200046165,2022-08-17 10:00:00,2022,8,17,10,0,32,32452,RD 7,43.8633508101,0.7990407944,Plein jour,Hors agglomération,Hors intersection,Normale,Autre collision,3,2,2,0,2,2,9,0,3,80,1,1,0,0,1,0,50.0,,voiture,,1,1,1,1,6
202200046166,2022-06-12 18:45:00,2022,6,12,18,45,83,83141,ARCS(ROUTE DES),43.49574,6.48953,Plein jour,Hors agglomération,Hors intersection,Normale,Trois véhicules et plus - collisions multiples,3,2,2,0,2,3,1,0,1,50,3,6,4,0,0,2,26.0,30.0,voiture,voiture,1,1,1,1,5
202200046167,2022-11-30 19:30:00,2022,11,30,19,30,44,44109,Pont Georges Clemenceau,47.20152,-1.53515,Nuit avec éclairage allumé,En agglomération,Hors intersection,Normale,Deux véhicules - arrière,4,2,2,3,1,1,1,2,1,50,2,2,1,0,1,0,24.0,26.0,voiture,deux_roues,5,2,1,1,2
202200046168,2022-06-10 17:40:00,2022,6,10,17,40,2A,2A004,NAPOLEON COURS APRES BEVERINI,41.9281529822,8.7386848231,Plein jour,En agglomération,Hors intersection,Normale,Deux véhicules - côté,2,1,2,0,1,1,1,0,1,50,2,2,1,0,0,1,38.0,53.0,voiture,voiture,1,2,1,1,3
202200046169,2022-08-18 17:20:00,2022,8,18,17,20,01,01245,Route de Neuville (D42),46.147994,5.394485,Plein jour,Hors agglomération,Hors intersection,Pluie légère,Autre collision,3,2,2,0,1,1,2,0,3,80,1,2,0,0,1,1,54.0,,voiture,,1,1,1,2,6
202200046170,2022-07-01 12:25:00,2022,7,1,12,25,82,82121,VIGNARNAUD (ROUTE DE),43.99508,1.35908,Plein jour,Hors agglomération,Intersection en T,Normale,Deux véhicules - côté,4,2,2,0,2,1,1,0,1,50,2,2,1,1,0,0,33.0,44.0,utilitaire_camion,deux_roues,1,1,3,1,3
202200046171,2022-08-17 22:21:00,2022,8,17,22,21,72,72383,voie de la liberté,48.089891,0.562363,Nuit sans éclairage public,Hors agglomération,Hors intersection,Autre,Deux véhicules - arrière,3,2,3,0,2,1,2,0,1,-1,2,2,1,0,0,1,55.0,43.0,voiture,deux_roues,3,1,1,9,2
202200046172,2022-06-12 12:10:00,2022,6,12,12,10,81,81163,RD 118,43.44257,2.33845,Plein jour,Hors agglomération,Hors intersection,Normale,Sans collision,3,2,2,0,1,3,1,0,1,50,1,1,0,0,0,1,49.0,,deux_roues,,1,1,1,1,7
202200046173,2022-11-30 19:08:00,2022,11,30,19,8,42,42186,Rue de Bourgogne,45.5207036733,4.6015915912,Nuit avec éclairage allumé,En agglomération,Intersection en T,Normale,Autre collision,4,1,1,0,2,1,1,0,1,50,1,2,1,0,0,1,18.0,,voiture,,5,2,3,1,6
202200046174,2022-07-31 18:20:00,2022,7,31,18,20,06,06010,Route de Gourdon,43.698146,6.967649,Plein jour,Hors agglomération,Hors intersection,Normale,Sans collision,3,2,2,0,1,2,1,0,3,80,1,1,0,0,1,0,27.0,,deux_roues,,1,1,1,1,7
202200046175,2022-06-10 01:40:00,2022,6,10,1,40,2A,2A004,STEPHANOPOLI NICEPHORE  DE COMENE BD,41.9186315189,8.7368848821,Nuit avec éclairage allumé,En agglomération,Intersection en T,Normale,Deux véhicules - côté,2,1,1,0,2,1,1,0,1,50,2,6,0,0,0,6,24.0,20.0,voiture,voiture,5,2,3,1,3
202200046176,2022-11-30 07:52:00,2022,11,30,7,52,37,37261,VEDRINES (RUE),47.42328,0.70546,Nuit avec éclairage allumé,En agglomération,Hors intersection,Normale,Deux véhicules - frontale,4,2,2,2,1,1,1,0,1,50,2,2,1,0,0,1,47.0,32.0,voiture,deux_roues,5,2,1,1,1
202200046177,2022-06-13 08:15:00,2022,6,13,8,15,81,81257,SAINT ANTOINE ( CH ),43.94063,2.20278,Plein jour,En agglomération,Hors intersection,Normale,Autre collision,4,2,2,0,1,1,1,0,1,30,1,2,1,0,0,1,19.0,,voiture,,1,2,1,1,6
202200046178,2022-11-30 06:20:00,2022,11,30,6,20,37,37122,BOULEVARD PERIPHERIQUE N 585,47.3560582829,0.6456130743,Nuit sans éclairage public,Hors agglomération,Autre intersection,Brouillard / fumée,Autre collision,7,-1,1,0,1,3,2,3,1,50,1,1,0,0,0,1,35.0,,voiture,,3,1,9,5,6
202200046179,2022-06-10 15:45:00,2022,6,10,15,45,95,95018,Avenue du General de Gaulle,48.9402319746,2.2451457381,Plein jour,En agglomération,Hors intersection,Normale,Autre collision,3,2,2,0,1,1,1,0,1,50,1,2,1,0,0,1,,,deux_roues,,1,2,1,1,6
202200046180,2022-07-27 12:00:00,2022,7,27,12,0,17,17053,Rue Port-Paradis,45.89444,-0.797904,Plein jour,En agglomération,Autre intersection,Normale,Deux véhicules - côté,3,2,2,0,1,1,1,0,1,-1,2,2,1,0,0,1,16.0,24.0,deux_roues,utilitaire_camion,1,2,9,1,3
202200046181,2022-11-30 20:45:00,2022,11,30,20,45,35,35238,PATTON (AVENUE DU GENERAL SIR GEORGES),48.12632,-1.6657,Nuit avec éclairage allumé,En agglomération,Hors intersection,Normale,Autre collision,4,2,2,3,1,1,1,0,4,50,1,2,0,0,1,1,21.0,,voiture,,5,2,1,1,6
202200046182,2022-07-04 19:15:00,2022,7,4,19,15,80,80021,ABBAYE (RUE DE L'),49.89571,2.28142,Plein jour,En agglomération,Intersection en X,Normale,Deux véhicules - côté,4,2,4,0,1,1,1,0,1,50,2,3,2,0,0,1,66.0,51.0,voiture,deux_roues,1,2,2,1,3
202200046183,2022-06-10 17:17:00,2022,6,10,17,17,91,91339,RUE DE LA DIVISION LECLERC,48.63181,2.26613,Plein jour,En agglomération,Intersection en T,Normale,Autre collision,4,2,2,0,1,1,1,0,1,30,1,2,1,0,0,1,39.0,,voiture,,1,2,3,1,6
202200046184,2022-11-30 12:15:00,2022,11,30,12,15,35,35238,TILLON (AVENUE CHARLES),48.12461,-1.70907,Plein jour,En agglomération,Hors intersection,Normale,Deux véhicules - côté,4,3,5,2,1,1,1,0,1,50,2,2,1,0,0,1,28.0,57.0,deux_roues,voiture,1,2,1,1,3
202200046185,2022-08-17 08:05:00,2022,8,17,8,5,37,37151,D938,47.450752,0.629855,Plein jour,Hors agglomération,Intersection en X,Normale,Deux véhicules - côté,7,2,1,0,2,1,1,0,1,90,2,3,1,0,1,1,23.0,23.0,voiture,voiture,1,1,2,1,3
202200046186,2022-06-10 18:20:00,2022,6,10,18,20,91,91312,R.N 444,48.73506,2.23055,Plein jour,Hors agglomération,Hors intersection,Normale,Deux véhicules - arrière,3,2,2,0,1,1,1,0,1,80,2,2,1,0,0,1,49.0,79.0,deux_roues,voiture,1,1,1,1,2
202200046187,2022-07-05 13:51:00,2022,7,5,13,51,80,80379,CD 4029,49.87191,2.39993,Plein jour,Hors agglomération,Hors intersection,Normale,Deux véhicules - côté,3,2,2,0,1,1,1,0,1,80,2,2,1,0,0,1,59.0,50.0,voiture,deux_roues,1,1,1,1,3
202200046188,2022-11-30 11:55:00,2022,11,30,11,55,33,33249,Rue des Cavailles,44.8650808575,-0.5219498277,Plein jour,En agglomération,Intersection en X,Normale,Deux véhicules - côté,4,2,2,0,1,1,1,0,1,30,2,2,1,0,0,1,50.0,18.0,voiture,deux_roues,1,2,2,1,3
202200046189,2022-08-15 17:45:00,2022,8,15,17,45,48,48064,D70,44.823886,3.129001,Plein jour,Hors agglomération,Hors intersection,Normale,Sans collision,3,2,2,0,2,1,1,0,8,90,1,2,1,0,1,0,19.0,,deux_roues,,1,1,1,1,7
202200046190,2022-07-09 19:00:00,2022,7,9,19,0,78,78551,PONTOISE (DE),48.89966,2.09358,Plein jour,En agglomération,Hors intersection,Normale,Autre collision,4,2,2,0,1,1,1,0,8,30,1,2,1,0,0,1,17.0,,voiture,,1,2,1,1,6
202200046191,2022-06-10 16:00:00,2022,6,10,16,0,91,91201,AV DE VILLIERS,48.6827,2.40696,Plein jour,En agglomération,Hors intersection,Normale,Deux véhicules - côté,3,2,2,0,1,1,1,0,1,30,2,2,1,0,0,1,66.0,39.0,voiture,deux_roues,1,2,1,1,3
202200046192,2022-11-29 03:15:00,2022,11,29,3,15,33,33063,Avenue de Labarde,44.8841188157,-0.5501237512,Nuit avec éclairage allumé,En agglomération,Hors intersection,Pluie légère,Deux véhicules - côté,4,2,2,0,1,1,2,5,1,50,2,4,2,0,0,2,,20.0,voiture,voiture,5,2,1,2,3
202200046193,2022-07-07 15:42:00,2022,7,7,15,42,78,78238,RENAULT (ROUTE DE),48.964796,1.86396,Plein jour,En agglomération,Autre intersection,Normale,Autre collision,6,-1,0,3,1,1,1,9,6,20,1,1,0,1,0,0,84.0,,voiture,,1,2,9,1,6
202200046194,2022-08-18 11:00:00,2022,8,18,11,0,52,52337,4 Place de la Mairie,48.458267,5.23771,Plein jour,En agglomération,Hors intersection,Temps couvert,Autre collision,3,2,2,0,1,1,1,0,4,50,1,2,1,0,0,1,77.0,,voiture,,1,2,1,8,6
202200046195,2022-06-08 11:10:00,2022,6,8,11,10,88,88424,MEURTHE (RUE DE LA ),48.26753,6.97895,Plein jour,En agglomération,Hors intersection,Normale,Sans collision,4,2,2,0,1,2,1,0,1,50,1,1,0,0,1,0,15.0,,deux_roues,,1,2,1,1,7
202200046196,2022-08-18 13:30:00,2022,8,18,13,30,34,34337,M185 Pk 14+390,43.539589,3.891306,Plein jour,Hors agglomération,Hors intersection,Pluie légère,Sans collision,7,2,2,0,1,1,2,0,3,80,1,2,0,0,1,1,40.0,,deux_roues,,1,1,1,2,7
202200046197,2022-07-07 12:25:00,2022,7,7,12,25,78,78440,SEINE (RUE DE),48.997267,1.911139,Plein jour,En agglomération,Intersection en X,Normale,Deux véhicules - arrière,3,1,2,0,1,1,1,0,1,50,2,2,1,0,0,1,34.0,46.0,voiture,deux_roues,1,2,2,1,2
202200046198,2022-11-29 18:10:00,2022,11,29,18,10,19,19031,CLEMENCEAU (BOULEVARD),45.15342,1.53231,Nuit avec éclairage allumé,En agglomération,Hors intersection,Normale,Deux véhicules - frontale,4,2,2,0,1,1,1,0,1,50,2,2,1,0,0,1,32.0,59.0,deux_roues,voiture,5,2,1,1,1
202200046199,2022-06-10 09:10:00,2022,6,10,9,10,87,87085,GARIBALDI (AVENUE),45.83226,1.26223,Plein jour,En agglomération,Hors intersection,Normale,Autre collision,4,2,3,0,1,1,1,0,1,50,2,2,1,0,0,1,48.0,53.0,voiture,deux_roues,1,2,1,1,6
202200046200,2022-11-30 21:00:00,2022,11,30,21,0,17,17300,SARTRE   AVENUE JEAN-PAUL,46.156522,-1.127826,Nuit avec éclairage allumé,En agglomération,Hors intersection,Normale,Sans collision,4,2,2,0,1,1,1,0,1,50,1,1,0,0,0,1,33.0,,voiture,,5,2,1,1,7
202200046201,2022-02-18 06:25:00,2022,2,18,6,25,33,33392,D 10,44.585271,-0.271761,Nuit sans éclairage public,Hors agglomération,Hors intersection,Normale,Autre collision,3,2,2,0,1,1,2,0,3,80,1,2,0,1,1,0,32.0,,voiture,,3,1,1,1,6
202200046202,2022-08-17 19:50:00,2022,8,17,19,50,82,82123,BARRIÈRE DE PÉAGE MONTAUBAN SUD,43.92819,1.311879,Plein jour,Hors agglomération,Hors intersection,Normale,Autre collision,1,3,4,3,1,3,1,3,2,50,1,4,3,0,0,1,20.0,,utilitaire_camion,,1,1,1,1,6
202200046203,2022-11-30 14:03:00,2022,11,30,14,3,13,13214,JEAN QUEILLAU (RUE),43.33869,5.38478,Plein jour,En agglomération,Hors intersection,Normale,Autre collision,4,2,3,0,1,1,1,0,1,50,2,2,1,0,0,1,25.0,,deux_roues,voiture,1,2,1,1,6
202200046204,2022-06-10 14:00:00,2022,6,10,14,0,83,83069,SALINS ( ROUTE DES VIEUX),43.11504,6.19507,Plein jour,En agglomération,Hors intersection,Normale,Deux véhicules - côté,7,2,2,0,1,1,1,0,1,50,2,3,2,0,0,1,67.0,31.0,voiture,voiture,1,2,1,1,3
202200046205,2022-02-21 11:15:00,2022,2,21,11,15,21,21331,A 39 PK 29.070,47.157155,5.372658,Plein jour,Hors agglomération,Hors intersection,Temps couvert,Deux véhicules - arrière,1,3,4,0,1,1,1,0,1,130,2,2,0,0,2,0,34.0,60.0,utilitaire_camion,voiture,1,1,1,8,2
202200046206,2022-11-30 08:10:00,2022,11,30,8,10,13,13208,PRADO (AVENUE DU),43.26829,5.38503,Plein jour,En agglomération,Hors intersection,Normale,Deux véhicules - côté,4,1,0,0,1,1,1,0,1,50,1,2,1,0,0,1,50.0,,voiture,,1,2,1,1,3
202200046207,2022-08-18 07:20:00,2022,8,18,7,20,02,02085,,49.080753,3.4025,Crépuscule ou aube,Hors agglomération,Hors intersection,Normale,Deux véhicules - arrière,1,3,4,0,2,1,1,2,1,130,2,6,1,0,3,2,23.0,42.0,voiture,utilitaire_camion,2,1,1,1,2
202200046208,2022-04-16 15:45:00,2022,4,16,15,45,80,80001,SOLEIL LEVANT (du),50.1089006308,1.8509387961,Plein jour,En agglomération,Hors intersection,Normale,Deux véhicules - côté,4,2,1,0,1,1,1,0,1,50,2,2,1,0,1,0,10.0,22.0,deux_roues,voiture,1,2,1,1,3
202200046209,2022-11-30 07:50:00,2022,11,30,7,50,13,13001,PETIT BARTHELEMY (AV DU),43.5192405194,5.436262186,Plein jour,En agglomération,Intersection en X,Normale,Deux véhicules - côté,4,2,2,0,4,1,1,0,1,50,1,2,1,0,0,1,62.0,,voiture,,1,2,2,1,3
202200046210,2022-08-17 23:30:00,2022,8,17,23,30,83,83116,Autoroute A8 - PK 56+500,43.46351,5.856335,Nuit sans éclairage public,Hors agglomération,Hors intersection,Pluie forte,Autre collision,1,3,4,3,1,1,4,0,1,130,1,2,0,0,0,2,49.0,,voiture,,3,1,1,3,6
202200046211,2022-02-21 15:45:00,2022,2,21,15,45,68,68162,rue de bennwihr,48.135399,7.305619,Plein jour,En agglomération,Intersection en T,Pluie légère,Deux véhicules - côté,4,2,2,0,1,1,2,0,1,30,2,2,1,0,1,0,51.0,71.0,deux_roues,utilitaire_camion,1,2,3,2,3