accident_id,datetime,annee,mois,jour,heure,minute,departement,commune_insee,adresse,latitude,longitude,luminosite,agglomeration,intersection,meteo,collision,catr,circ,nbv,vosp,prof,plan,surf,infra,situ,vma,nb_vehicules,nb_usagers,nb_indemnes,nb_tues,nb_blesses_hosp,nb_blesses_legers,age_cond_1,age_cond_2,veh_type_cond_1,veh_type_cond_2,lum_code,agg_code,int_code,atm_code,col_code
202200046212,2022-06-10 11:00:00,2022,6,10,11,0,78,78517,DUBUC (RUE),48.646898,1.827651,Plein jour,En agglomération,Hors intersection,Normale,Autre collision,4,-1,0,0,1,1,1,9,8,30,1,2,1,0,0,1,45.0,,voiture,,1,2,1,1,6
202200046213,2022-11-30 08:20:00,2022,11,30,8,20,75,75112,ECHANGEUR BERCY,48.826635,2.388995,Plein jour,En agglomération,Hors intersection,Normale,Sans collision,4,1,4,0,1,1,1,0,1,70,1,1,0,0,0,1,36.0,,deux_roues,,1,2,1,1,7
202200046214,2022-08-16 16:50:00,2022,8,16,16,50,976,97616,Route Departementale 5,-12.868811,45.116065,Plein jour,Hors agglomération,Hors intersection,Normale,Sans collision,3,2,2,0,1,3,1,0,8,-1,1,2,1,0,1,0,22.0,,voiture,,1,1,1,1,7
202200046215,2022-02-20 19:45:00,2022,2,20,19,45,35,35097,La Basse Tuillerie,48.034697,-1.201066,Nuit sans éclairage public,Hors agglomération,Intersection en X,Normale,Deux véhicules - côté,3,2,2,0,1,3,1,0,1,80,2,2,0,1,0,1,22.0,71.0,voiture,utilitaire_camion,3,1,2,1,3
202200046216,2022-06-10 13:00:00,2022,6,10,13,0,76,76484,Avenue du Général de Gaulle,49.342833,1.09036,Plein jour,En agglomération,Intersection en X,Normale,Deux véhicules - frontale,7,2,2,0,1,1,1,-1,1,50,2,2,1,0,0,1,53.0,57.0,deux_roues,voiture,1,2,2,1,1
202200046217,2022-08-18 13:15:00,2022,8,18,13,15,77,77359,"Auroute A6, PK43+200 en direction de LYON",48.484016,2.513208,Plein jour,Hors agglomération,Hors intersection,Normale,Deux véhicules - côté,1,1,5,0,1,1,1,0,1,130,2,2,1,0,0,1,,22.0,utilitaire_camion,deux_roues,1,1,1,1,3
202200046218,2022-02-21 07:10:00,2022,2,21,7,10,67,67150,D1004,48.612711,7.542715,Crépuscule ou aube,Hors agglomération,Hors intersection,Normale,Deux véhicules - arrière,3,4,5,3,3,1,1,0,1,80,2,2,1,0,0,1,26.0,51.0,utilitaire_camion,voiture,2,1,1,1,2
202200046219,2022-11-29 10:05:00,2022,11,29,10,5,75,75119,PORTE DE PANTIN,48.89361,2.395287,Plein jour,En agglomération,Hors intersection,Normale,Trois véhicules et plus - collisions multiples,4,1,4,0,1,1,1,0,1,70,4,4,3,0,0,1,38.0,27.0,voiture,voiture,1,2,1,1,5
202200046220,2022-07-06 13:45:00,2022,7,6,13,45,77,77450,N 19,48.71148,2.58131,Plein jour,Hors agglomération,Intersection en X,Normale,Deux véhicules - côté,2,2,4,0,1,1,1,0,1,50,2,2,1,1,0,0,69.0,35.0,voiture,deux_roues,1,1,2,1,3
202200046221,2022-06-10 08:00:00,2022,6,10,8,0,76,76322,Avenue Franklin Roosevelt,49.3996223985,1.0561949225,Plein jour,En agglomération,Giratoire,Normale,Deux véhicules - arrière,4,1,1,0,1,1,1,0,8,50,2,2,1,0,0,1,55.0,50.0,voiture,voiture,1,2,6,1,2
202200046222,2022-08-17 13:35:00,2022,8,17,13,35,986,98613,Alele,-13.239434,-176.18145,Plein jour,Hors agglomération,Hors intersection,Normale,Deux véhicules - frontale,2,2,2,0,1,1,1,0,1,70,2,2,1,0,1,0,25.0,19.0,voiture,deux_roues,1,1,1,1,1
202200046223,2022-11-29 09:15:00,2022,11,29,9,15,75,75115,PORTE DE LA PLAINE,48.830082,2.286417,Plein jour,En agglomération,Hors intersection,Normale,Sans collision,4,1,3,0,1,1,1,0,1,70,1,1,0,0,0,1,30.0,,deux_roues,,1,2,1,1,7
202200046224,2022-02-18 15:15:00,2022,2,18,15,15,59,59260,"route départementale 947, les moeres",51.004014,2.551628,Plein jour,Hors agglomération,Hors intersection,Vent fort / tempête,Autre collision,3,2,2,0,1,1,1,0,3,80,1,1,0,0,0,1,51.0,,utilitaire_camion,,1,1,1,6,6
202200046225,2022-08-16 08:21:00,2022,8,16,8,21,11,11322,D205,43.0054595617,2.9270919177,Plein jour,Hors agglomération,Hors intersection,Normale,Sans collision,3,2,2,0,1,1,1,0,8,-1,1,1,0,1,0,0,44.0,,utilitaire_camion,,1,1,1,1,7
202200046226,2022-07-07 02:08:00,2022,7,7,2,8,77,77449,BD DU CHAMP DU MOULIN,48.8489,2.78277,Nuit avec éclairage allumé,En agglomération,Hors intersection,Normale,Sans collision,4,3,2,0,1,2,1,0,1,30,1,1,0,0,1,0,26.0,,deux_roues,,5,2,1,1,7
202200046227,2022-12-01 06:13:00,2022,12,1,6,13,75,75106,RUE DE TOURNON,48.851465,2.337061,Nuit avec éclairage allumé,En agglomération,Intersection en X,Normale,Deux véhicules - côté,4,2,2,0,1,1,1,5,1,30,2,2,1,0,0,1,69.0,59.0,voiture,utilitaire_camion,5,2,2,1,3
202200046228,2022-08-10 22:40:00,2022,8,10,22,40,83,83115,D25,43.370492,6.596346,Nuit sans éclairage public,Hors agglomération,Hors intersection,Normale,Autre collision,3,3,1,0,2,1,1,0,3,90,1,2,1,0,0,1,65.0,,utilitaire_camion,,3,1,1,1,6
202200046229,2022-02-19 11:40:00,2022,2,19,11,40,66,66186,7 Rue Serrat de Madame,42.669661,2.986986,Plein jour,En agglomération,Intersection en T,Normale,Deux véhicules - frontale,4,2,2,0,1,1,1,0,1,50,2,5,3,0,0,2,25.0,56.0,voiture,voiture,1,2,3,1,1
202200046230,2022-12-01 17:00:00,2022,12,1,17,0,75,75119,RUE MANIN,48.883208,2.387925,Nuit avec éclairage allumé,En agglomération,Intersection en X,Normale,Autre collision,4,2,3,0,1,1,1,0,1,30,1,2,1,0,0,1,,,deux_roues,,5,2,2,1,6
202200046231,2022-06-10 14:35:00,2022,6,10,14,35,74,74298,BONNEVILLE (ROUTE DE ),46.17725,6.24383,Plein jour,En agglomération,Hors intersection,Normale,Autre collision,3,3,2,0,1,1,1,9,1,50,1,1,0,0,0,1,43.0,,voiture,,1,2,1,1,6
202200046232,2022-07-10 08:08:00,2022,7,10,8,8,76,76322,Boulevard Maurice Ravel,49.40801,1.04585,Plein jour,En agglomération,Intersection en X,Normale,Deux véhicules - arrière,7,2,2,0,1,1,1,-1,1,50,2,2,1,0,0,1,68.0,,voiture,voiture,1,2,2,1,2
202200046233,2022-08-17 10:05:00,2022,8,17,10,5,08,08081,ROUTE DÉPARTEMENTALE 1,49.844985,4.764676,Plein jour,Hors agglomération,Hors intersection,Normale,Deux véhicules - frontale,3,2,2,0,2,2,1,0,1,80,2,2,1,0,1,0,76.0,90.0,voiture,voiture,1,1,1,1,1
202200046234,2022-07-09 18:15:00,2022,7,9,18,15,76,76319,Rue des Mesliers,49.357807,1.013377,Plein jour,En agglomération,Hors intersection,Normale,Autre collision,4,2,2,0,1,1,1,0,3,50,1,1,0,1,0,0,66.0,,voiture,,1,2,1,1,6
202200046235,2022-02-21 04:15:00,2022,2,21,4,15,67,67325,D 392,48.525089,7.354252,Nuit sans éclairage public,Hors agglomération,Hors intersection,Pluie forte,Autre collision,3,2,2,0,1,1,2,0,1,70,1,2,1,0,1,0,19.0,,voiture,,3,1,1,3,6
202200046236,2022-12-01 19:45:00,2022,12,1,19,45,75,75118,BOULEVARD DE CLICHY,48.883429,2.33428,Nuit avec éclairage allumé,En agglomération,Intersection en Y,Normale,Deux véhicules - côté,4,1,2,0,1,1,1,0,1,30,2,2,1,0,0,1,28.0,31.0,utilitaire_camion,deux_roues,5,2,4,1,3
202200046237,2022-08-18 10:15:00,2022,8,18,10,15,68,68089,D13 bis 1,47.919441,6.944572,Plein jour,Hors agglomération,Hors intersection,Pluie légère,Sans collision,3,2,2,0,2,1,2,0,1,80,1,1,0,0,1,0,35.0,,deux_roues,,1,1,1,2,7
202200046238,2022-02-21 12:00:00,2022,2,21,12,0,33,33236,43 Avenue du General de Gaulle,44.741844,-1.184444,Plein jour,En agglomération,Hors intersection,Normale,Autre collision,3,2,2,1,1,1,1,0,5,50,1,1,0,1,0,0,79.0,,voiture,,1,2,1,1,6
202200046239,2022-11-30 19:30:00,2022,11,30,19,30,75,75116,AVENUE KLEBER,48.869004,2.291567,Nuit avec éclairage allumé,En agglomération,Intersection en X,Normale,Autre collision,4,2,4,0,1,1,1,0,1,30,1,2,1,0,0,1,21.0,,voiture,,5,2,2,1,6
202200046240,2022-07-09 06:15:00,2022,7,9,6,15,76,76540,Rue du Vieux Palais,49.44184,1.08622,Plein jour,En agglomération,Intersection en X,Normale,Deux véhicules - frontale,4,1,1,0,1,1,1,6,1,5,2,2,1,0,0,1,42.0,23.0,utilitaire_camion,deux_roues,1,2,2,1,1
202200046241,2022-06-09 19:10:00,2022,6,9,19,10,72,72181,BOLLEE (AV) N° PAIRS 154 A 222,47.9972858338,0.2173411844,Plein jour,En agglomération,Intersection en T,Normale,Deux véhicules - arrière,4,-1,2,0,1,1,1,0,1,50,2,2,1,0,0,1,35.0,41.0,voiture,voiture,1,2,3,1,2
202200046242,2022-08-17 18:50:00,2022,8,17,18,50,67,67300,Avenue de la Gare,48.537551,7.498738,Plein jour,En agglomération,Intersection en T,Normale,Deux véhicules - côté,3,1,1,0,1,1,1,5,1,50,2,2,0,0,1,1,18.0,40.0,deux_roues,deux_roues,1,2,3,1,3
202200046243,2022-02-21 11:23:00,2022,2,21,11,23,71,71014,Avenue du Commandant Neucheze,46.958268,4.261223,Plein jour,Hors agglomération,Hors intersection,Pluie légère,Deux véhicules - frontale,3,2,2,0,1,1,2,0,1,80,2,3,1,1,0,1,86.0,38.0,voiture,utilitaire_camion,1,1,1,2,1
202200046244,2022-12-01 20:36:00,2022,12,1,20,36,75,75110,BOULEVARD DE LA VILLETTE,48.872018,2.376803,Nuit avec éclairage allumé,En agglomération,Intersection en X,Normale,Deux véhicules - côté,4,3,4,1,1,1,1,0,1,30,2,2,1,0,0,1,29.0,,deux_roues,voiture,5,2,2,1,3
202200046245,2022-07-09 09:00:00,2022,7,9,9,0,76,76108,Route de Neufchâtel,49.48454,1.13545,Plein jour,En agglomération,Hors intersection,Temps éblouissant,Deux véhicules - arrière,7,2,2,3,1,1,1,-1,1,50,2,3,1,0,0,2,51.0,65.0,voiture,deux_roues,1,2,1,7,2
202200046246,2022-06-09 15:40:00,2022,6,9,15,40,72,72181,PATTON GENERAL RTE BAUGE A CHEMIN RONDE,48.02859,0.17826,Plein jour,Hors agglomération,Hors intersection,Normale,Autre collision,3,3,4,0,1,1,1,0,1,90,1,5,1,0,0,4,29.0,,voiture,,1,1,1,1,6
202200046247,2022-02-20 17:43:00,2022,2,20,17,43,89,89485,D606,47.565675,3.780566,Crépuscule ou aube,Hors agglomération,Hors intersection,Pluie forte,Sans collision,4,2,2,0,1,1,9,9,3,-1,1,1,0,0,1,0,22.0,,deux_roues,,2,1,1,3,7
202200046248,2022-08-16 21:00:00,2022,8,16,21,0,42,42064,Route de Pélussin,45.444152,4.697192,Crépuscule ou aube,Hors agglomération,Hors intersection,Pluie légère,Autre collision,3,2,2,0,2,3,2,0,3,80,1,1,0,0,1,0,48.0,,voiture,,2,1,1,2,6
202200046249,2022-06-09 11:35:00,2022,6,9,11,35,72,72181,PREMARTINE (RUE) N° IMP 43 A 181,48.00877,0.21822,Plein jour,En agglomération,Hors intersection,Normale,Sans collision,4,-1,2,0,2,1,1,0,1,50,1,1,0,0,0,1,62.0,,deux_roues,,1,2,1,1,7
202200046250,2022-08-13 10:25:00,2022,8,13,10,25,07,07075,Route des Vestides,44.778243,4.118303,Plein jour,Hors agglomération,Hors intersection,Normale,Autre collision,4,2,2,0,2,2,1,0,1,50,2,2,1,0,0,1,71.0,35.0,utilitaire_camion,voiture,1,1,1,1,6
202200046251,2022-12-01 19:20:00,2022,12,1,19,20,75,75110,BOULEVARD DE MAGENTA,48.882581,2.350424,Nuit avec éclairage allumé,En agglomération,Hors intersection,Normale,Autre collision,4,1,1,2,2,1,1,0,5,30,1,2,1,0,0,1,40.0,,deux_roues,,5,2,1,1,6
202200046252,2022-06-10 08:10:00,2022,6,10,8,10,71,71153,PRES (RUE DES),46.8096552548,4.4304674864,Plein jour,En agglomération,Hors intersection,Normale,Sans collision,3,2,2,0,2,1,1,0,1,50,1,1,0,0,1,0,15.0,,deux_roues,,1,2,1,1,7
202200046253,2022-02-20 08:20:00,2022,2,20,8,20,12,12119,D15,44.673536,2.910089,Crépuscule ou aube,Hors agglomération,Hors intersection,Brouillard / fumée,Autre collision,3,2,2,0,2,2,5,0,3,90,1,5,3,0,1,1,20.0,,voiture,,2,1,1,5,6
202200046254,2022-08-18 11:30:00,2022,8,18,11,30,65,65006,D113,42.905158,0.301137,Plein jour,Hors agglomération,Hors intersection,Pluie légère,Sans collision,3,2,2,0,2,1,2,0,1,80,1,1,0,1,0,0,40.0,,deux_roues,,1,1,1,2,7
202200046255,2022-07-07 18:15:00,2022,7,7,18,15,76,76540,Avenue Jean Rondeaux,49.43894,1.08002,Plein jour,En agglomération,Intersection en X,Normale,Deux véhicules - côté,7,2,4,3,1,1,1,-1,1,50,2,2,1,0,0,1,41.0,31.0,deux_roues,voiture,1,2,2,1,3
202200046256,2022-12-01 02:13:00,2022,12,1,2,13,75,75110,BOULEVARD DE MAGENTA,48.880496,2.352304,Nuit avec éclairage allumé,En agglomération,Intersection à plus de 4 branches,Normale,Deux véhicules - côté,4,3,6,1,2,1,1,0,5,30,2,2,1,0,0,1,24.0,32.0,voiture,deux_roues,5,2,5,1,3
202200046257,2022-06-10 06:30:00,2022,6,10,6,30,69,69290,Route de Mions,45.68466,4.94763,Plein jour,En agglomération,Hors intersection,Normale,Autre collision,4,3,2,2,1,3,1,0,8,50,2,2,1,0,0,1,26.0,50.0,voiture,voiture,1,2,1,1,6
202200046258,2022-02-20 14:30:00,2022,2,20,14,30,68,68074,Rue de Dannemarie,47.484961,7.241052,Plein jour,En agglomération,Intersection en X,Normale,Deux véhicules - côté,3,2,2,0,1,1,1,0,1,50,2,2,1,0,0,1,67.0,18.0,voiture,deux_roues,1,2,2,1,3
202200046259,2022-07-05 18:00:00,2022,7,5,18,0,76,76351,VERDUN (RUE DE),49.502402,0.17667,Plein jour,En agglomération,Hors intersection,Normale,Deux véhicules - côté,4,2,3,2,1,1,1,0,1,50,2,2,0,0,1,1,72.0,48.0,deux_roues,deux_roues,1,2,1,1,3
202200046260,2022-11-30 20:48:00,2022,11,30,20,48,75,75108,VOIE GEORGES POMPIDOU,48.864701,2.307963,Nuit avec éclairage allumé,En agglomération,Hors intersection,Normale,Autre collision,4,2,4,3,1,1,1,0,1,30,1,1,0,0,0,1,36.0,,deux_roues,,5,2,1,1,6
202200046261,2022-02-03 19:00:00,2022,2,3,19,0,29,29030,D35 - Lieu Dit Peren,48.63132,-4.120388,Crépuscule ou aube,Hors agglomération,Hors intersection,Pluie légère,Autre collision,3,2,2,0,2,1,2,0,3,80,1,1,0,0,0,1,37.0,,voiture,,2,1,1,2,6
202200046262,2022-08-18 01:15:00,2022,8,18,1,15,60,60086,D603,49.168446,2.344169,Nuit sans éclairage public,Hors agglomération,Hors intersection,Normale,Sans collision,3,2,2,0,1,1,1,0,3,50,1,1,0,0,0,1,46.0,,voiture,,3,1,1,1,7
202200046263,2022-06-10 12:39:00,2022,6,10,12,39,66,66136,CLEMENCEAU (BOULEVARD),42.7006747133,2.891073972,Plein jour,En agglomération,Intersection en X,Normale,Autre collision,4,2,3,0,1,1,1,0,1,30,1,2,1,0,1,0,83.0,,voiture,,1,2,2,1,6
202200046264,2022-06-12 17:20:00,2022,6,12,17,20,76,76351,VAUBAN,49.48894,0.11987,Plein jour,En agglomération,Giratoire,Normale,Deux véhicules - côté,4,2,2,0,1,1,1,5,1,50,2,2,1,0,0,1,30.0,65.0,deux_roues,voiture,1,2,6,1,3
202200046265,2022-08-16 20:20:00,2022,8,16,20,20,80,80395,6 Route d Andechy,49.704052,2.663139,Crépuscule ou aube,En agglomération,Hors intersection,Pluie forte,Autre collision,3,2,2,0,1,2,2,0,1,50,1,1,0,0,0,1,21.0,,voiture,,2,2,1,3,6
202200046266,2022-12-01 08:25:00,2022,12,1,8,25,94,94068,LOUIS BLANC (AV),48.791,2.496,Plein jour,En agglomération,Intersection en X,Normale,Deux véhicules - côté,3,2,2,0,1,1,1,0,1,30,2,3,1,0,0,2,31.0,42.0,deux_roues,voiture,1,2,2,1,3
202200046267,2022-02-21 13:15:00,2022,2,21,13,15,29,29047,Moulin de Rivoalen,48.517557,-4.359226,Plein jour,Hors agglomération,Hors intersection,Vent fort / tempête,Deux véhicules - frontale,4,2,2,0,2,1,1,0,1,80,2,3,0,0,1,2,34.0,22.0,utilitaire_camion,voiture,1,1,1,6,1
202200046268,2022-06-10 13:10:00,2022,6,10,13,10,76,76481,D6382,49.5329507937,0.1153805852,Plein jour,Hors agglomération,Hors intersection,Normale,Deux véhicules - arrière,3,3,4,0,1,1,1,0,1,90,2,2,0,0,0,2,36.0,49.0,voiture,voiture,1,1,1,1,2
202200046269,2022-06-10 07:38:00,2022,6,10,7,38,66,66136,DESNOYE (BOULEVARD DR. JOSEPH),42.71076,2.88471,Plein jour,En agglomération,Giratoire,Normale,Deux véhicules - côté,4,1,1,0,1,3,1,0,1,50,2,2,1,0,0,1,65.0,48.0,voiture,deux_roues,1,2,6,1,3
202200046270,2022-08-17 20:55:00,2022,8,17,20,55,59,59249,Route Forestière des Étangs (Pont),50.005069,4.08224,Nuit avec éclairage allumé,En agglomération,Hors intersection,Normale,Sans collision,4,2,1,0,1,3,1,0,3,30,1,1,0,0,1,0,48.0,,voiture,,5,2,1,1,7
202200046271,2022-02-18 12:00:00,2022,2,18,12,0,31,31424,route de Toulouse,43.568747,1.304184,Plein jour,En agglomération,Autre intersection,Normale,Sans collision,4,-1,2,1,1,1,1,0,5,-1,1,1,0,1,0,0,66.0,,deux_roues,,1,2,9,1,7
202200046272,2022-06-09 20:34:00,2022,6,9,20,34,66,66136,PAS-DE-LA-PAILLE (CHEMIN DU),42.68617,2.86627,Plein jour,En agglomération,Hors intersection,Normale,Deux véhicules - frontale,4,2,0,0,1,1,1,0,1,50,2,2,1,0,0,1,51.0,48.0,deux_roues,voiture,1,2,1,1,1
202200046273,2022-11-29 12:00:00,2022,11,29,12,0,94,94042,MARECHAL LECLERC (BD DU),48.81706,2.46713,Plein jour,En agglomération,Intersection en X,Temps couvert,Deux véhicules - côté,3,2,2,0,1,1,1,0,1,50,2,2,1,0,0,1,71.0,52.0,voiture,deux_roues,1,2,2,8,3
202200046274,2022-08-17 02:27:00,2022,8,17,2,27,13,13071,A7-Sens Lyon vers Marseille,43.4038035787,5.3036896884,Nuit sans éclairage public,Hors agglomération,Hors intersection,Normale,Deux véhicules - arrière,1,1,3,0,1,1,1,0,1,110,2,3,1,0,0,2,,23.0,voiture,voiture,3,1,1,1,2
202200046275,2022-02-20 11:15:00,2022,2,20,11,15,03,03170,route de Cosne d'Allier,46.524619,3.121297,Plein jour,Hors agglomération,Hors intersection,Temps couvert,Autre collision,3,2,2,0,2,3,1,0,3,90,1,1,0,0,1,0,34.0,,voiture,,1,1,1,8,6
202200046276,2022-06-08 11:10:00,2022,6,8,11,10,66,66136,D 616,42.70992,2.86951,Plein jour,Hors agglomération,Hors intersection,Normale,Deux véhicules - côté,3,2,2,0,1,1,1,0,1,50,2,2,1,0,0,1,71.0,52.0,deux_roues,voiture,1,1,1,1,3
202200046277,2022-12-01 12:00:00,2022,12,1,12,0,94,94043,GABRIEL PERI (R),48.80615,2.34584,Plein jour,En agglomération,Intersection en X,Normale,Deux véhicules - côté,3,3,4,1,1,1,1,5,1,30,2,2,1,0,0,1,55.0,31.0,deux_roues,voiture,1,2,2,1,3
202200046278,2022-08-17 13:55:00,2022,8,17,13,55,57,57498,Autoroute A30,49.32942,6.01894,Plein jour,Hors agglomération,Hors intersection,Normale,Autre collision,1,3,4,0,2,3,1,0,1,110,2,2,1,1,0,0,52.0,52.0,deux_roues,utilitaire_camion,1,1,1,1,6
202200046279,2022-07-08 18:15:00,2022,7,8,18,15,74,74119,JAURES (BOULEVARD JEAN),46.399,6.593,Plein jour,En agglomération,Hors intersection,Temps éblouissant,Autre collision,4,2,2,0,2,1,1,9,1,50,1,2,1,0,1,0,37.0,,voiture,,1,2,1,7,6
202200046280,2022-12-01 19:00:00,2022,12,1,19,0,93,93078,Robert Ballanger,48.9541846394,2.5214803219,Nuit avec éclairage allumé,En agglomération,Hors intersection,Normale,Deux véhicules - côté,6,-1, -1,0,1,1,1,0,1,30,2,2,0,0,0,2,64.0,27.0,voiture,voiture,5,2,1,1,3
202200046281,2022-07-08 19:25:00,2022,7,8,19,25,74,74218,VIRY (RUE DU CLOS),46.3928,6.53659,Plein jour,En agglomération,Hors intersection,Temps éblouissant,Autre collision,4,2,2,0,1,1,1,0,1,50,1,2,1,0,0,1,53.0,,voiture,,1,2,1,7,6
202200046282,2022-11-29 09:15:00,2022,11,29,9,15,93,93029,Avenue Henri Barbusse,48.9171105821,2.4456757307,Plein jour,En agglomération,Hors intersection,Normale,Autre collision,3,2,2,0,1,1,1,0,1,50,1,2,0,0,0,2,37.0,,deux_roues,,1,2,1,1,6
202200046283,2022-08-17 14:40:00,2022,8,17,14,40,33,33249,ROUTE NATIONALE 230,44.87515,-0.50784,Plein jour,Hors agglomération,Hors intersection,Pluie légère,Deux véhicules - arrière,2,3,6,0,1,1,2,0,1,90,2,3,1,0,0,2,67.0,76.0,voiture,voiture,1,1,1,2,2
202200046284,2022-06-10 11:20:00,2022,6,10,11,20,64,64445,MARTYRS DU PONT LONG DES,43.339401,-0.379727,Plein jour,En agglomération,Hors intersection,Normale,Trois véhicules et plus - en chaîne,3,2,2,0,1,1,1,0,1,50,3,3,2,0,0,1,61.0,73.0,deux_roues,deux_roues,1,2,1,1,4
202200046285,2022-02-21 16:15:00,2022,2,21,16,15,50,50008,Village aux Telliers,48.842767,-1.533269,Plein jour,En agglomération,Hors intersection,Normale,Sans collision,3,2,2,0,1,1,1,0,1,50,1,2,1,0,1,0,22.0,,deux_roues,,1,2,1,1,7
202200046286,2022-07-07 17:20:00,2022,7,7,17,20,74,74012,BARON DE LOE (RUE DU),46.19288,6.22887,Plein jour,En agglomération,Intersection en T,Normale,Deux véhicules - côté,4,2,2,2,1,1,1,5,1,50,2,2,1,0,0,1,39.0,27.0,voiture,deux_roues,1,2,3,1,3
202200046287,2022-08-17 10:35:00,2022,8,17,10,35,33,33143,AUTOROUTE A 10,44.9736838814,-0.4341959953,Plein jour,Hors agglomération,Hors intersection,Normale,Deux véhicules - arrière,1,3,6,0,1,1,1,0,1,130,2,2,1,0,0,1,43.0,38.0,utilitaire_camion,utilitaire_camion,1,1,1,1,2
202200046288,2022-02-20 22:45:00,2022,2,20,22,45,50,50436,D977,48.630228,-0.972762,Nuit sans éclairage public,Hors agglomération,Hors intersection,Pluie légère,Sans collision,3,2,2,0,2,1,2,0,3,80,1,1,0,0,0,1,41.0,,voiture,,3,1,1,2,7
202200046289,2022-12-01 08:05:00,2022,12,1,8,5,93,93057,Allée Cabrolier / Allée du Colonel Fabien,48.9115,2.50332,Plein jour,En agglomération,Intersection en T,Normale,Deux véhicules - côté,4,1,1,0,1,1,1,0,1,50,2,2,1,0,0,1,22.0,36.0,deux_roues,utilitaire_camion,1,2,3,1,3
202200046290,2022-06-09 07:45:00,2022,6,9,7,45,64,64125,Rue de la Chapelle,43.43316,-1.58592,Plein jour,Hors agglomération,Hors intersection,Normale,Deux véhicules - côté,4,2,2,0,4,4,1,0,1,30,2,5,0,0,1,4,42.0,42.0,voiture,voiture,1,1,1,1,3
202200046291,2022-02-16 01:20:00,2022,2,16,1,20,18,18197,2 Avenue de la République,46.725084,2.506562,Nuit avec éclairage allumé,En agglomération,Hors intersection,Normale,Autre collision,3,2,2,0,1,1,1,0,1,50,1,1,0,0,1,0,18.0,,deux_roues,,5,2,1,1,6
202200046292,2022-08-04 19:10:00,2022,8,4,19,10,33,33063,ROCADE A 630,44.883636,-0.556143,Plein jour,Hors agglomération,Hors intersection,Normale,Deux véhicules - arrière,1,3,6,0,1,1,1,0,1,90,2,2,1,0,0,1,30.0,35.0,utilitaire_camion,voiture,1,1,1,1,2
202200046293,2022-06-13 07:10:00,2022,6,13,7,10,74,74012,ROMAGNY (RUE DE),46.19722,6.24864,Plein jour,En agglomération,Intersection en Y,Normale,Deux véhicules - côté,4,2,3,0,1,3,1,0,1,50,2,2,1,0,0,1,48.0,85.0,voiture,voiture,1,2,4,1,3
202200046294,2022-12-01 15:00:00,2022,12,1,15,0,92,92064,CARNOT,48.8422209318,2.2224901914,Plein jour,En agglomération,Hors intersection,Normale,Deux véhicules - côté,3,1,3,0,1,1,1,0,1,50,2,2,1,0,0,1,58.0,49.0,deux_roues,voiture,1,2,1,1,3
202200046295,2022-06-10 16:00:00,2022,6,10,16,0,64,64024,LAROCHEFOUCAULD (AVENUE DE),43.48751,-1.53539,Plein jour,En agglomération,Hors intersection,Normale,Deux véhicules - frontale,4,2,2,0,1,1,1,0,1,30,2,2,1,0,0,1,18.0,65.0,voiture,deux_roues,1,2,1,1,1
202200046296,2022-08-17 20:00:00,2022,8,17,20,0,91,91471,RN 118,48.69792,2.19152,Plein jour,Hors agglomération,Hors intersection,Pluie légère,Sans collision,2,3,3,0,2,2,2,0,1,90,1,1,0,0,0,1,41.0,,voiture,,1,1,1,2,7
202200046297,2022-02-21 15:15:00,2022,2,21,15,15,36,36074,Route de Chatillon,47.017212,1.110654,Plein jour,En agglomération,Hors intersection,Normale,Deux véhicules - frontale,3,2,2,0,1,2,1,0,1,50,2,3,1,2,0,0,66.0,22.0,voiture,utilitaire_camion,1,2,1,1,1
202200046298,2022-06-13 11:35:00,2022,6,13,11,35,74,74010,BROGNY (AVENUE DE) (SECTEUR 110),45.9061,6.12613,Plein jour,En agglomération,Hors intersection,Normale,Deux véhicules - côté,4,2,3,0,1,1,1,0,1,30,2,2,1,0,1,0,53.0,37.0,deux_roues,voiture,1,2,1,1,3
202200046299,2022-11-30 13:50:00,2022,11,30,13,50,92,92064,PALAIS,48.8402446014,2.2198763788,Plein jour,En agglomération,Place,Normale,Deux véhicules - côté,4,1,4,0,2,1,1,0,1,50,2,2,1,0,0,1,41.0,31.0,utilitaire_camion,deux_roues,1,2,7,1,3
202200046300,2022-02-21 14:00:00,2022,2,21,14,0,40,40201,Route de Larbey,43.735383,-0.74147,Plein jour,Hors agglomération,Hors intersection,Normale,Deux véhicules - côté,4,2,2,0,1,3,1,0,1,80,2,2,1,0,1,0,68.0,56.0,deux_roues,autre,1,1,1,1,3
202200046301,2022-06-09 13:11:00,2022,6,9,13,11,63,63164,CHARME (RUE DE LA),45.813376781,3.1361567974,Plein jour,En agglomération,Giratoire,Normale,Deux véhicules - côté,7,2,2,0,1,1,1,0,1,50,2,2,1,0,0,1,18.0,21.0,deux_roues,voiture,1,2,6,1,3
202200046302,2022-08-16 21:30:00,2022,8,16,21,30,75,75116,A13Y,48.84848,2.24554,Nuit avec éclairage allumé,Hors agglomération,Hors intersection,Normale,Deux véhicules - côté,1,1,4,0,1,1,2,0,1,70,2,6,5,0,0,1,34.0,27.0,voiture,utilitaire_camion,5,1,1,1,3
202200046303,2022-07-08 13:30:00,2022,7,8,13,30,72,72181,BOLLEE (AV) N° IMP 65 A 199,48.0013,0.21056,Plein jour,En agglomération,Hors intersection,Normale,Autre collision,4,2,2,0,2,1,1,0,1,50,3,3,2,0,0,1,18.0,50.0,voiture,voiture,1,2,1,1,6