accident_id,datetime,annee,mois,jour,heure,minute,departement,commune_insee,adresse,latitude,longitude,luminosite,agglomeration,intersection,meteo,collision,catr,circ,nbv,vosp,prof,plan,surf,infra,situ,vma,nb_vehicules,nb_usagers,nb_indemnes,nb_tues,nb_blesses_hosp,nb_blesses_legers,age_cond_1,age_cond_2,veh_type_cond_1,veh_type_cond_2,lum_code,agg_code,int_code,atm_code,col_code
202200046304,2022-12-01 08:05:00,2022,12,1,8,5,92,92063,DIX-HUIT JUIN 1940 (AVENUE DU) EST,48.86866,2.1887,Plein jour,En agglomération,Intersection en T,Normale,Deux véhicules - côté,3,2,2,0,2,1,1,0,1,50,2,2,1,0,0,1,16.0,59.0,deux_roues,utilitaire_camion,1,2,3,1,3
202200046305,2022-07-06 10:52:00,2022,7,6,10,52,72,72181,BOLLEE (AV) N° PAIRS 224 ET >,47.9968710297,0.2210203468,Plein jour,En agglomération,Hors intersection,Normale,Autre collision,4,2,2,1,1,1,1,0,8,50,1,1,0,0,0,1,36.0,,voiture,,1,2,1,1,6
202200046306,2022-06-07 09:30:00,2022,6,7,9,30,62,62193,LHEUREUX (RUE L.),50.941823,1.869392,Plein jour,En agglomération,Intersection en T,Temps couvert,Autre collision,3,1,1,0,1,1,1,9,8,50,1,1,0,0,1,0,71.0,,voiture,,1,2,3,8,6
202200046307,2022-12-01 11:15:00,2022,12,1,11,15,92,92050,CASTEL MARLY RUE DU,48.8891786947,2.1954470873,Plein jour,En agglomération,Intersection en Y,Normale,Autre collision,4,1,1,0,1,1,1,0,1,30,1,2,1,0,0,1,59.0,,voiture,,1,2,4,1,6
202200046308,2022-02-20 19:35:00,2022,2,20,19,35,40,40061,Route d Aurice,43.854707,-0.626178,Nuit sans éclairage public,Hors agglomération,Hors intersection,Normale,Autre collision,3,2,2,0,1,3,2,0,1,80,1,4,0,0,1,3,19.0,,voiture,,3,1,1,1,6
202200046309,2022-08-17 08:00:00,2022,8,17,8,0,93,93005,AUTOROUTE A3,48.9668839738,2.4759693423,Plein jour,Hors agglomération,Hors intersection,Normale,Deux véhicules - arrière,1,3,3,0,1,2,1,2,1,90,2,3,1,0,0,2,44.0,48.0,voiture,utilitaire_camion,1,1,1,1,2
202200046310,2022-12-01 09:32:00,2022,12,1,9,32,92,92022,Etoile du Pavé de MEUDON,48.802399,2.203854,Plein jour,Hors agglomération,Hors intersection,Normale,Autre collision,4,-1,0,0,1,1,2,9,8,30,1,1,0,0,0,1,46.0,,deux_roues,,1,1,1,1,6
202200046311,2022-07-05 20:30:00,2022,7,5,20,30,72,72181,REMBRANDT (AV),47.9751,0.21302,Plein jour,En agglomération,Hors intersection,Normale,Deux véhicules - côté,4,2,2,0,1,1,1,0,1,50,2,2,1,0,0,1,4.0,48.0,deux_roues,voiture,1,2,1,1,3
202200046312,2022-06-09 19:30:00,2022,6,9,19,30,61,61169,JOSEPH MORIN (RUE),48.74575,-0.5525,Plein jour,En agglomération,Hors intersection,Normale,Deux véhicules - frontale,4,2,2,0,1,1,1,0,1,50,2,2,1,0,1,0,10.0,34.0,deux_roues,voiture,1,2,1,1,1
202200046313,2022-08-17 01:50:00,2022,8,17,1,50,77,77468,RN104,48.8477170259,2.6620253413,Nuit sans éclairage public,Hors agglomération,Hors intersection,Normale,Deux véhicules - arrière,1,3,3,0,1,1,1,0,1,110,2,2,1,0,0,1,20.0,33.0,voiture,voiture,3,1,1,1,2
202200046314,2022-12-01 18:15:00,2022,12,1,18,15,92,92044,ANA.FRANCE(RUE) 141+ ET 126 +,48.8929411927,2.2842716575,Nuit avec éclairage allumé,En agglomération,Hors intersection,Normale,Autre collision,3,1,2,0,1,1,1,8,8,50,1,2,1,0,0,1,52.0,,voiture,,5,2,1,1,6
202200046315,2022-02-21 17:00:00,2022,2,21,17,0,27,27407,D14b,49.30876,1.458826,Plein jour,Hors agglomération,Intersection en X,Vent fort / tempête,Deux véhicules - côté,3,2,2,0,1,1,1,0,1,80,2,3,0,0,1,2,63.0,37.0,voiture,voiture,1,1,2,6,3
202200046316,2022-12-01 18:10:00,2022,12,1,18,10,92,92012,EDOUARD VAILLANT (AVENUE) DEBUT/56 - COT,48.83475,2.24684,Nuit avec éclairage allumé,En agglomération,Hors intersection,Normale,Autre collision,3,1,1,0,1,1,1,0,1,10,1,1,0,0,0,1,26.0,,deux_roues,,5,2,1,1,6
202200046317,2022-07-08 15:10:00,2022,7,8,15,10,71,71499,JEAN ZAY (RUE),46.645386,4.294202,Plein jour,En agglomération,Intersection en X,Normale,Deux véhicules - côté,3,2,4,0,1,1,1,0,1,50,2,2,1,0,0,1,48.0,40.0,voiture,voiture,1,2,2,1,3
202200046318,2022-06-10 16:15:00,2022,6,10,16,15,61,61001,REPUBLIQUE (BOULEVARD DE LA),48.42453,0.09066,Plein jour,En agglomération,Hors intersection,Normale,Deux véhicules - arrière,3,2,2,0,1,1,1,0,1,50,2,4,2,0,0,2,29.0,76.0,deux_roues,voiture,1,2,1,1,2
202200046319,2022-04-06 14:30:00,2022,4,6,14,30,27,27602,Allée Léon Bourgeois,49.01289,1.090452,Plein jour,En agglomération,Intersection en T,Normale,Deux véhicules - frontale,4,2,2,0,1,1,1,0,1,50,2,2,1,0,0,1,15.0,59.0,deux_roues,voiture,1,2,3,1,1
202200046320,2022-12-01 13:45:00,2022,12,1,13,45,92,92009,CHARLES-DE-GAULLE ( AVENUE ),48.916927,2.273046,Plein jour,En agglomération,Intersection en T,Temps couvert,Autre collision,3,2,2,0,1,1,2,0,1,50,1,2,1,0,0,1,15.0,,deux_roues,,1,2,3,8,6
202200046321,2022-02-21 15:34:00,2022,2,21,15,34,27,27116,D438,49.187896,0.709959,Plein jour,Hors agglomération,Autre intersection,Normale,Deux véhicules - frontale,3,2,3,0,1,1,1,0,1,80,2,2,0,1,0,1,55.0,57.0,utilitaire_camion,utilitaire_camion,1,1,9,1,1
202200046322,2022-06-09 17:00:00,2022,6,9,17,0,59,59574,DEVEMY PHILIPPE(RUE),50.3660782844,3.2729639858,Plein jour,En agglomération,Intersection en T,Normale,Deux véhicules - côté,4,2,2,0,1,1,1,0,1,50,2,2,0,0,1,1,17.0,86.0,deux_roues,deux_roues,1,2,3,1,3
202200046323,2022-07-05 13:40:00,2022,7,5,13,40,71,71499,JEAN LAVILLE (RUE),46.646526,4.293983,Plein jour,En agglomération,Intersection en X,Normale,Deux véhicules - côté,3,2,2,0,1,1,1,0,1,50,2,2,0,0,0,2,22.0,39.0,voiture,deux_roues,1,2,2,1,3
202200046324,2022-08-16 21:20:00,2022,8,16,21,20,69,69388,Avenue Paul Santy,45.7279565468,4.8778398335,Nuit avec éclairage allumé,En agglomération,Hors intersection,Normale,Autre collision,4,2,2,3,1,1,1,0,1,50,1,2,1,0,0,1,,,voiture,,5,2,1,1,6
202200046325,2022-02-21 10:45:00,2022,2,21,10,45,30,30152,D904,44.231955,4.162745,Plein jour,Hors agglomération,Hors intersection,Normale,Sans collision,3,2,2,0,3,3,1,9,3,80,1,1,0,1,0,0,73.0,,voiture,,1,1,1,1,7
202200046326,2022-11-30 09:20:00,2022,11,30,9,20,92,92004,BRETAGNE ( RUE DE ),48.904662,2.283827,Plein jour,Hors agglomération,Hors intersection,Normale,Autre collision,4,-1,1,0,1,1,1,0,1,30,1,2,1,0,0,1,57.0,,voiture,,1,1,1,1,6
202200046327,2022-06-11 17:15:00,2022,6,11,17,15,71,71306,MARIGNY (RUE DE),46.67735,4.37426,Plein jour,En agglomération,Hors intersection,Normale,Autre collision,6,-1, -1,0,1,1,1,0,1,50,1,1,0,0,0,1,85.0,,voiture,,1,2,1,1,6
202200046328,2022-02-21 05:30:00,2022,2,21,5,30,52,52391,D153a,48.525388,4.799137,Nuit sans éclairage public,Hors agglomération,Hors intersection,Normale,Sans collision,3,2,2,0,1,1,1,0,1,80,1,1,0,0,0,1,28.0,,deux_roues,,3,1,1,1,7
202200046329,2022-08-16 08:15:00,2022,8,16,8,15,63,63113,CLOS FOUR (RUE DU),45.78811,3.10097,Plein jour,En agglomération,Hors intersection,Normale,Autre collision,4,2,2,0,1,1,1,0,1,50,1,2,1,0,0,1,37.0,,voiture,,1,2,1,1,6
202200046330,2022-06-09 15:06:00,2022,6,9,15,6,57,57283,MARSEILLAISE (RUE DE LA),49.24434,6.14694,Plein jour,En agglomération,Intersection en T,Normale,Deux véhicules - côté,4,-1,0,0,1,1,1,0,1,30,2,2,1,0,1,0,23.0,16.0,voiture,deux_roues,1,2,3,1,3
202200046331,2022-08-16 08:55:00,2022,8,16,8,55,974,97411,GRENADINES (SENTIER DES),-20.90069,55.40618,Plein jour,Hors agglomération,Hors intersection,Normale,Sans collision,4,2,2,0,1,3,1,0,1,50,1,2,0,0,0,2,40.0,,voiture,,1,1,1,1,7
202200046332,2022-12-02 20:30:00,2022,12,2,20,30,974,97415,319 Chaussee Royale,-20.994283,55.286406,Nuit avec éclairage allumé,En agglomération,Hors intersection,Normale,Deux véhicules - côté,2,2,2,3,1,1,2,0,1,50,2,5,4,0,1,0,25.0,19.0,voiture,deux_roues,5,2,1,1,3
202200046333,2022-07-07 08:10:00,2022,7,7,8,10,71,71153,SAINT FIRMIN (RUE DE),46.81167,4.43491,Plein jour,En agglomération,Intersection en Y,Normale,Deux véhicules - côté,4,2,2,0,1,1,1,0,1,30,2,2,1,0,1,0,21.0,32.0,deux_roues,voiture,1,2,4,1,3
202200046334,2022-06-10 08:55:00,2022,6,10,8,55,54,54578,AIGUILLETTES  (BD 5 A 73-2 A 94),48.6688562642,6.1609429121,Plein jour,En agglomération,Intersection en T,Normale,Deux véhicules - arrière,4,2,3,0,1,1,1,0,1,50,2,2,1,0,0,1,36.0,22.0,utilitaire_camion,voiture,1,2,3,1,2
202200046335,2022-02-21 01:00:00,2022,2,21,1,0,31,31580,"D19, PR 026+300",43.458012,1.381059,Nuit avec éclairage allumé,En agglomération,Hors intersection,Normale,Deux véhicules - arrière,3,2,2,3,1,1,1,5,1,50,2,2,1,0,1,0,37.0,35.0,utilitaire_camion,voiture,5,2,1,1,2
202200046336,2022-07-10 22:00:00,2022,7,10,22,0,69,69256,Chemin de la Godille,45.78279,4.91441,Nuit avec éclairage allumé,En agglomération,Hors intersection,Normale,Autre collision,4,2,1,0,1,2,1,0,1,30,1,2,1,0,0,1,25.0,,voiture,,5,2,1,1,6
202200046337,2022-08-15 09:45:00,2022,8,15,9,45,974,97411,JAURES (BOULEVARD JEAN),-20.89937,55.47965,Plein jour,Hors agglomération,Giratoire,Normale,Sans collision,2,3,0,0,1,2,8,0,1,70,1,1,0,0,0,1,39.0,,deux_roues,,1,1,6,1,7
202200046338,2022-06-10 07:00:00,2022,6,10,7,0,54,54578,HAUSSONVILLE (BD D'),48.67612,6.16277,Plein jour,En agglomération,Intersection en X,Normale,Deux véhicules - côté,4,1, -1,2,1,1,1,0,1,50,2,2,0,0,0,2,51.0,31.0,voiture,voiture,1,2,2,1,3
202200046339,2022-02-20 22:00:00,2022,2,20,22,0,974,97418,RN2- PR 17+050,-20.897626,55.575156,Nuit sans éclairage public,Hors agglomération,Hors intersection,Vent fort / tempête,Deux véhicules - arrière,2,3,4,3,1,1,1,0,1,110,2,2,1,0,1,0,24.0,41.0,voiture,utilitaire_camion,3,1,1,6,2
202200046340,2022-07-09 19:54:00,2022,7,9,19,54,69,69256,Avenue des Canuts,45.76102,4.92273,Plein jour,En agglomération,Autre intersection,Temps éblouissant,Autre collision,4,2,2,1,1,1,1,9,1,50,1,2,0,0,0,2,35.0,,voiture,,1,2,9,7,6
202200046341,2022-12-01 16:50:00,2022,12,1,16,50,24,24449,Route départementale D6089,45.022093,0.245841,Plein jour,Hors agglomération,Intersection en X,Normale,Deux véhicules - côté,3,2,2,0,1,1,1,0,1,-1,2,2,1,0,1,0,47.0,53.0,deux_roues,voiture,1,1,2,1,3
202200046342,2022-08-16 18:45:00,2022,8,16,18,45,69,69386,Rue des Charmettes,45.76519,4.86711,Plein jour,En agglomération,Intersection en X,Normale,Deux véhicules - côté,4,1,1,0,1,1,1,0,1,50,2,2,1,0,0,1,51.0,24.0,voiture,autre,1,2,2,1,3
202200046343,2022-06-10 19:15:00,2022,6,10,19,15,51,51454,avenue du Général De Gaulle,49.24625,4.01844,Plein jour,En agglomération,Intersection en X,Normale,Sans collision,4,2,2,0,1,1,1,0,1,50,1,3,2,0,0,1,27.0,,voiture,,1,2,2,1,7
202200046344,2022-07-08 19:45:00,2022,7,8,19,45,69,69256,Chemin du Gabugy,45.77152,4.91695,Plein jour,En agglomération,Intersection en X,Normale,Deux véhicules - frontale,4,2,2,2,1,1,1,0,1,50,2,3,0,0,0,3,22.0,38.0,voiture,voiture,1,2,2,1,1
202200046345,2022-02-13 11:50:00,2022,2,13,11,50,973,97305,Macouria,4.961496,-52.433345,Plein jour,Hors agglomération,Autre intersection,Normale,Autre collision,2,2,2,0,1,1,1,0,1,80,2,5,4,0,1,0,34.0,40.0,voiture,voiture,1,1,9,1,6
202200046346,2022-12-01 18:20:00,2022,12,1,18,20,01,01443,,45.995262,5.037167,Nuit sans éclairage public,Hors agglomération,Hors intersection,Normale,Autre collision,3,2,2,0,1,1,1,0,1,80,1,3,2,1,0,0,25.0,,utilitaire_camion,,3,1,1,1,6
202200046347,2022-06-10 17:50:00,2022,6,10,17,50,51,51454,avenue de Champagne,49.22818,4.03083,Plein jour,En agglomération,Hors intersection,Normale,Deux véhicules - arrière,3,1,4,0,1,1,1,0,1,70,2,3,1,0,0,2,22.0,28.0,utilitaire_camion,voiture,1,2,1,1,2
202200046348,2022-08-16 16:40:00,2022,8,16,16,40,69,69081,Route de Champagne,45.78236,4.78001,Plein jour,En agglomération,Hors intersection,Normale,Trois véhicules et plus - collisions multiples,4,2,2,0,1,2,1,0,1,50,3,4,1,0,0,3,39.0,28.0,voiture,voiture,1,2,1,1,5
202200046349,2022-11-22 17:30:00,2022,11,22,17,30,22,22048,Rue de la Baye,48.478682,-2.167456,Nuit sans éclairage public,En agglomération,Intersection en T,Normale,Deux véhicules - frontale,3,2,2,0,2,1,1,0,1,50,2,2,1,0,0,1,38.0,37.0,voiture,voiture,3,2,3,1,1
202200046350,2022-07-08 18:30:00,2022,7,8,18,30,69,69256,Route de Genas,45.7466306441,4.9251635374,Plein jour,En agglomération,Intersection en T,Normale,Deux véhicules - côté,7,2,2,2,1,1,1,0,1,50,2,4,2,0,0,2,40.0,20.0,voiture,voiture,1,2,3,1,3
202200046351,2022-02-19 09:30:00,2022,2,19,9,30,45,45335,D14 - PR 22 + 250,47.804364,2.118623,Plein jour,Hors agglomération,Hors intersection,Normale,Trois véhicules et plus - collisions multiples,3,2,2,0,1,2,1,0,1,70,3,4,2,0,1,1,69.0,52.0,voiture,voiture,1,1,1,1,5
202200046352,2022-06-10 07:26:00,2022,6,10,7,26,51,51454,rue Saint Thierry,49.2654,4.0215,Plein jour,En agglomération,Hors intersection,Normale,Sans collision,4,1,1,0,1,1,1,0,1,50,1,2,1,0,0,1,,,voiture,,1,2,1,1,7
202200046353,2022-11-27 05:54:00,2022,11,27,5,54,49,49371,D960,47.112963,-0.733273,Crépuscule ou aube,Hors agglomération,Hors intersection,Normale,Sans collision,3,3,2,0,2,1,1,9,3,90,1,1,0,0,1,0,20.0,,voiture,,2,1,1,1,7
202200046354,2022-08-15 16:40:00,2022,8,15,16,40,69,69034,Rue Pasteur,45.79171,4.84356,Plein jour,En agglomération,Hors intersection,Normale,Deux véhicules - côté,4,2,2,2,1,1,1,0,5,50,2,2,1,0,0,1,25.0,58.0,deux_roues,voiture,1,2,1,1,3
202200046355,2022-02-19 16:00:00,2022,2,19,16,0,78,78548,La Haute Beauce,48.711155,1.990365,Plein jour,Hors agglomération,Autre intersection,Normale,Deux véhicules - côté,3,2,2,0,2,2,1,0,1,50,2,2,1,0,1,0,51.0,59.0,voiture,deux_roues,1,1,9,1,3
202200046356,2022-07-06 19:40:00,2022,7,6,19,40,69,69266,Allée du Frère Benoit,45.78662,4.88755,Plein jour,En agglomération,Intersection en T,Normale,Deux véhicules - côté,4,2,2,1,1,1,1,5,1,50,2,2,1,0,0,1,20.0,26.0,voiture,deux_roues,1,2,3,1,3
202200046357,2022-06-11 02:26:00,2022,6,11,2,26,49,49007,PLANTAGENET,47.47317,-0.55524,Nuit avec éclairage allumé,En agglomération,Intersection en X,Normale,Deux véhicules - côté,4,2,2,0,1,1,1,0,1,50,2,2,1,0,0,1,,21.0,voiture,deux_roues,5,2,2,1,3
202200046358,2022-08-15 17:05:00,2022,8,15,17,5,83,83137,REPUBLIQUE (AVE DE LA),43.1186,5.93533,Plein jour,En agglomération,Hors intersection,Normale,Autre collision,4,3,6,0,1,1,1,0,1,50,2,2,1,0,0,1,28.0,60.0,voiture,deux_roues,1,2,1,1,6
202200046359,2022-11-26 11:30:00,2022,11,26,11,30,972,97207,Route de Morne Vert,14.588142,-60.955142,Plein jour,En agglomération,Hors intersection,Normale,Deux véhicules - frontale,3,2,2,0,4,3,1,0,1,50,2,2,1,0,1,0,41.0,65.0,deux_roues,voiture,1,2,1,1,1
202200046360,2022-07-06 07:00:00,2022,7,6,7,0,69,69256,Route de Genas,45.7473146088,4.9232165423,Plein jour,En agglomération,Intersection en X,Normale,Deux véhicules - côté,4,2,2,3,1,1,1,5,1,50,2,2,1,0,0,1,54.0,55.0,voiture,voiture,1,2,2,1,3
202200046361,2022-06-10 08:45:00,2022,6,10,8,45,49,49267,VILLECHIEN,47.4608,-0.51359,Plein jour,En agglomération,Hors intersection,Normale,Deux véhicules - frontale,4,2,2,0,1,3,1,0,1,50,2,3,1,0,0,2,54.0,21.0,voiture,voiture,1,2,1,1,1
202200046362,2022-02-20 00:30:00,2022,2,20,0,30,89,89298,A19,48.044583,3.116138,Nuit sans éclairage public,Hors agglomération,Hors intersection,Pluie légère,Deux véhicules - arrière,1,3,10,0,1,3,2,3,1,130,2,4,3,0,0,1,50.0,20.0,utilitaire_camion,voiture,3,1,1,2,2
202200046363,2022-12-02 02:55:00,2022,12,2,2,55,11,11203,,43.223316,2.757504,Nuit sans éclairage public,Hors agglomération,Hors intersection,Normale,Autre collision,3,2,2,0,1,3,1,0,3,80,1,1,0,0,1,0,25.0,,voiture,,3,1,1,1,6
202200046364,2022-08-15 19:00:00,2022,8,15,19,0,83,83123,JEAN JAURES (AVENUE),43.117253,5.803607,Plein jour,En agglomération,Hors intersection,Normale,Autre collision,4,-1,0,3,1,1,1,6,1,1,1,2,1,0,1,0,46.0,,autre,,1,2,1,1,6
202200046365,2022-07-06 04:40:00,2022,7,6,4,40,69,69271,Route de Lyon,45.74019,4.95204,Crépuscule ou aube,En agglomération,Intersection en X,Normale,Deux véhicules - côté,7,2,3,1,1,1,1,0,1,50,2,2,1,0,0,1,30.0,26.0,deux_roues,voiture,2,2,2,1,3
202200046366,2022-02-20 19:40:00,2022,2,20,19,40,57,57073,Route Nationale,49.139056,6.798391,Nuit avec éclairage allumé,En agglomération,Hors intersection,Pluie légère,Deux véhicules - frontale,3,2,2,0,1,1,2,0,1,50,2,3,0,0,1,2,59.0,50.0,voiture,voiture,5,2,1,2,1
202200046367,2022-12-01 18:25:00,2022,12,1,18,25,86,86226,RD 951,46.558844,0.486748,Nuit sans éclairage public,Hors agglomération,Hors intersection,Normale,Trois véhicules et plus - en chaîne,3,2,2,0,1,1,1,0,1,80,3,3,2,0,1,0,35.0,27.0,voiture,deux_roues,3,1,1,1,4
202200046368,2022-02-21 11:15:00,2022,2,21,11,15,42,42222,Route de Chazelles,45.621932,4.339557,Plein jour,Hors agglomération,Hors intersection,Pluie légère,Deux véhicules - frontale,7,2,2,0,2,3,2,0,1,80,2,2,1,0,1,0,54.0,59.0,utilitaire_camion,deux_roues,1,1,1,2,1
202200046369,2022-06-10 13:00:00,2022,6,10,13,0,47,47201,MARNE (AV. DE LA),44.19478,0.60769,Plein jour,En agglomération,Hors intersection,Normale,Trois véhicules et plus - collisions multiples,3,2,5,3,1,2,1,5,1,50,5,5,2,0,1,2,33.0,46.0,voiture,voiture,1,2,1,1,5
202200046370,2022-07-10 17:15:00,2022,7,10,17,15,69,69029,Route de Genas,45.75069,4.90927,Plein jour,En agglomération,Intersection en T,Normale,Deux véhicules - côté,7,2,4,0,1,1,1,0,1,50,2,2,1,0,0,1,24.0,52.0,voiture,deux_roues,1,2,3,1,3
202200046371,2022-12-01 17:40:00,2022,12,1,17,40,56,56052,23 Rue du Loch,47.5182912,-2.5686782,Crépuscule ou aube,En agglomération,Giratoire,Normale,Deux véhicules - côté,4,2,2,0,1,1,1,5,1,50,2,2,1,0,1,0,20.0,69.0,deux_roues,voiture,2,2,6,1,3
202200046372,2022-06-10 09:25:00,2022,6,10,9,25,44,44184,188 Rue de Pornichet,47.26461,-2.22715,Plein jour,En agglomération,Hors intersection,Pluie légère,Autre collision,4,1,1,0,1,1,1,0,1,30,2,2,1,0,1,0,87.0,90.0,voiture,deux_roues,1,2,1,2,6
202200046373,2022-08-16 00:35:00,2022,8,16,0,35,79,79191,,46.33396,-0.43129,Nuit avec éclairage allumé,En agglomération,Hors intersection,Normale,Deux véhicules - arrière,3,4,4,0,1,3,1,5,1,50,2,5,2,0,0,3,25.0,43.0,voiture,voiture,5,2,1,1,2
202200046374,2022-07-08 17:40:00,2022,7,8,17,40,69,69259,Boulevard Laurent Bonnevay,45.71983,4.8801,Plein jour,En agglomération,Hors intersection,Normale,Deux véhicules - côté,7,2,3,0,1,1,1,0,1,70,2,3,0,0,0,2,,21.0,voiture,deux_roues,1,2,1,1,3
202200046375,2022-12-01 21:30:00,2022,12,1,21,30,31,31150,Avenue Jean Mermoz,43.645773,1.31565,Nuit avec éclairage allumé,En agglomération,Intersection en T,Normale,Deux véhicules - côté,4,1,1,0,1,1,1,0,1,50,2,3,2,0,1,0,47.0,18.0,voiture,voiture,5,2,3,1,3
202200046376,2022-02-21 12:20:00,2022,2,21,12,20,79,79049,Lieu Dit Bel Air (Saint-Sauveur),46.821121,-0.44746,Plein jour,Hors agglomération,Hors intersection,Pluie légère,Sans collision,4,2,2,0,1,1,2,0,1,80,1,1,0,0,1,0,21.0,,voiture,,1,1,1,2,7
202200046377,2022-08-16 11:00:00,2022,8,16,11,0,76,76322,Avenue des Provinces,49.40834,1.05073,Plein jour,En agglomération,Hors intersection,Normale,Autre collision,4,2,3,0,1,1,1,0,1,50,1,2,1,0,0,1,83.0,,voiture,,1,2,1,1,6
202200046378,2022-06-10 16:10:00,2022,6,10,16,10,44,44162,Chemin de la Gournerie,47.24876,-1.63438,Plein jour,Hors agglomération,Hors intersection,Temps éblouissant,Deux véhicules - côté,7,2,2,1,1,2,1,0,1,70,2,2,1,0,1,0,64.0,39.0,voiture,deux_roues,1,1,1,7,3
202200046379,2022-07-08 19:15:00,2022,7,8,19,15,69,69091,Chemin de la Lône,45.57289,4.79567,Plein jour,En agglomération,Hors intersection,Normale,Sans collision,4,2,2,0,1,1,1,0,1,50,1,2,1,0,0,1,,,autre,,1,2,1,1,7
202200046380,2022-12-02 09:25:00,2022,12,2,9,25,80,80410,59 rue allendé,49.751383,3.066564,Plein jour,En agglomération,Hors intersection,Temps couvert,Autre collision,3,2,2,0,1,2,2,0,4,50,1,2,1,0,1,0,19.0,,voiture,,1,2,1,8,6
202200046381,2022-02-18 22:00:00,2022,2,18,22,0,35,35218,"""la Variais""",47.937764,-1.588798,Nuit sans éclairage public,Hors agglomération,Intersection en Y,Normale,Autre collision,4,2,2,0,4,2,1,0,3,80,1,1,0,1,0,0,57.0,,deux_roues,,3,1,4,1,6
202200046382,2022-08-13 13:50:00,2022,8,13,13,50,76,76351,CLEMENCEAU (BD),49.49041,0.09738,Plein jour,En agglomération,Hors intersection,Normale,Autre collision,4,2,2,0,1,1,1,0,1,50,1,3,2,0,1,0,30.0,,utilitaire_camion,,1,2,1,1,6
202200046383,2022-02-12 11:50:00,2022,2,12,11,50,60,60195,D915,49.226062,1.829953,Plein jour,Hors agglomération,Hors intersection,Normale,Sans collision,3,2,2,0,1,1,1,0,8,80,1,1,0,1,0,0,71.0,,voiture,,1,1,1,1,7
202200046384,2022-06-09 08:13:00,2022,6,9,8,13,41,41018,GUTEMBERG (RUE),47.604686,1.312181,Plein jour,En agglomération,Hors intersection,Normale,Trois véhicules et plus - collisions multiples,4,2,2,0,1,1,1,0,1,50,3,3,2,0,0,1,16.0,41.0,deux_roues,voiture,1,2,1,1,5
202200046385,2022-07-07 14:15:00,2022,7,7,14,15,69,69096,Avenue Marcelin Berthelot,45.59755,4.78207,Plein jour,En agglomération,Intersection en T,Temps éblouissant,Deux véhicules - côté,7,2,2,0,1,1,1,0,1,50,2,2,1,0,1,0,27.0,60.0,utilitaire_camion,deux_roues,1,2,3,7,3
202200046386,2022-02-20 17:00:00,2022,2,20,17,0,59,59571,D113,50.181243,3.48004,Plein jour,Hors agglomération,Hors intersection,Vent fort / tempête,Sans collision,3,2,2,0,1,1,2,0,1,80,1,2,1,0,1,0,52.0,,deux_roues,,1,1,1,6,7
202200046387,2022-11-30 13:40:00,2022,11,30,13,40,89,89428,Route de Courtenay,48.224905,3.030639,Plein jour,En agglomération,Intersection en X,Normale,Deux véhicules - côté,3,2,2,0,1,1,1,0,1,50,2,4,3,0,0,1,45.0,25.0,voiture,utilitaire_camion,1,2,2,1,3
202200046388,2022-08-16 18:35:00,2022,8,16,18,35,73,73065,RN201,45.5836771494,5.9107736275,Plein jour,Hors agglomération,Hors intersection,Normale,Deux véhicules - côté,2,3,8,0,1,2,1,0,1,90,2,6,5,0,0,1,35.0,44.0,voiture,deux_roues,1,1,1,1,3
202200046389,2022-07-08 11:30:00,2022,7,8,11,30,68,68376,KINGERSHEIM (RUE DE),47.80318,7.3373,Plein jour,En agglomération,Intersection en X,Normale,Deux véhicules - arrière,3,3,2,0,1,1,1,0,1,50,2,2,1,0,1,0,41.0,40.0,voiture,deux_roues,1,2,2,1,2
202200046390,2022-12-01 18:15:00,2022,12,1,18,15,89,89391,D976,48.36064,3.232555,Nuit sans éclairage public,Hors agglomération,Hors intersection,Normale,Deux véhicules - frontale,3,2,2,0,1,1,1,0,1,80,2,2,0,1,1,0,28.0,79.0,voiture,voiture,3,1,1,1,1
202200046391,2022-02-20 12:20:00,2022,2,20,12,20,13,13214,A7-Sens Lyon vers Marseille,43.34026,5.37776,Plein jour,Hors agglomération,Hors intersection,Normale,Deux véhicules - arrière,1,1,2,0,2,2,1,0,1,70,2,4,3,0,0,1,19.0,53.0,voiture,voiture,1,1,1,1,2
202200046392,2022-12-02 13:15:00,2022,12,2,13,15,89,89134,grande rue,47.469528,4.030408,Plein jour,En agglomération,Hors intersection,Temps couvert,Autre collision,3,2,2,0,1,1,1,0,4,50,1,1,0,0,1,0,61.0,,utilitaire_camion,,1,2,1,8,6
202200046393,2022-06-10 18:00:00,2022,6,10,18,0,37,37122,VOIE COMMUNALE 300 LIEUDIT BOUCHARDIERE,47.3373988656,0.6692808867,Plein jour,En agglomération,Hors intersection,Normale,Trois véhicules et plus - collisions multiples,7,2,2,0,1,1,1,2,1,50,3,3,2,0,0,1,33.0,41.0,voiture,voiture,1,2,1,1,5
202200046394,2022-08-16 22:53:00,2022,8,16,22,53,69,69266,Rue Racine,45.76657,4.87805,Nuit avec éclairage allumé,En agglomération,Hors intersection,Normale,Autre collision,4,2,2,1,1,1,1,0,1,50,1,2,1,0,0,1,78.0,,voiture,,5,2,1,1,6
202200046395,2022-07-06 19:15:00,2022,7,6,19,15,67,67482,ALPES (QUAI DES),48.57431,7.77118,Plein jour,En agglomération,Intersection en T,Normale,Deux véhicules - côté,4,2,5,1,1,1,1,0,1,50,2,2,1,0,0,1,49.0,27.0,deux_roues,voiture,1,2,3,1,3
202200046396,2022-02-19 23:33:00,2022,2,19,23,33,13,13026,A55-Sens Martigues vers Marseille,43.4029480928,5.1094794273,Nuit sans éclairage public,Hors agglomération,Hors intersection,Normale,Deux véhicules - côté,1,1,3,0,1,3,1,0,2,110,2,2,1,0,0,1,28.0,28.0,voiture,voiture,3,1,1,1,3