accident_id,datetime,annee,mois,jour,heure,minute,departement,commune_insee,adresse,latitude,longitude,luminosite,agglomeration,intersection,meteo,collision,catr,circ,nbv,vosp,prof,plan,surf,infra,situ,vma,nb_vehicules,nb_usagers,nb_indemnes,nb_tues,nb_blesses_hosp,nb_blesses_legers,age_cond_1,age_cond_2,veh_type_cond_1,veh_type_cond_2,lum_code,agg_code,int_code,atm_code,col_code
202200046397,2022-12-02 18:10:00,2022,12,2,18,10,61,61309,D955,48.362843,0.658311,Nuit sans éclairage public,Hors agglomération,Hors intersection,Normale,Deux véhicules - côté,3,2,2,0,4,1,2,0,1,90,2,2,1,0,1,0,40.0,17.0,voiture,deux_roues,3,1,1,1,3
202200046398,2022-06-10 08:45:00,2022,6,10,8,45,37,37261,CHURCHILL (BOULEVARD WINSTON),47.3733699829,0.6912079453,Plein jour,En agglomération,Intersection en T,Normale,Deux véhicules - côté,4,2,4,0,1,3,1,5,1,50,2,2,1,0,0,1,57.0,23.0,voiture,deux_roues,1,2,3,1,3
202200046399,2022-07-06 01:37:00,2022,7,6,1,37,67,67043,SOUFFEL (CHEMIN DE LA),48.63066,7.7786,Nuit sans éclairage public,Hors agglomération,Hors intersection,Normale,Autre collision,4,2,2,0,1,1,1,9,3,50,1,2,1,0,0,1,35.0,,deux_roues,,3,1,1,1,6
202200046400,2022-08-15 16:00:00,2022,8,15,16,0,67,67180,WINTERSHOUSE (ROUTE DE),48.80805,7.77007,Plein jour,En agglomération,Hors intersection,Pluie légère,Deux véhicules - côté,3,-1,1,0,1,1,2,0,1,50,2,3,1,0,1,1,45.0,24.0,voiture,deux_roues,1,2,1,2,3
202200046401,2022-02-20 17:45:00,2022,2,20,17,45,69,69382,Route de Métropole 6,45.74949,4.8273,Nuit avec éclairage allumé,Hors agglomération,Hors intersection,Normale,Deux véhicules - côté,7,1,2,0,1,1,1,1,1,70,2,2,1,0,0,1,22.0,30.0,voiture,deux_roues,5,1,1,1,3
202200046402,2022-02-20 00:50:00,2022,2,20,0,50,93,93027,AUTOROUTE A86,48.92587,2.39944,Nuit sans éclairage public,Hors agglomération,Hors intersection,Normale,Autre collision,1,3,3,0,1,1,1,0,1,90,1,2,1,0,0,1,23.0,,voiture,,3,1,1,1,6
202200046403,2022-06-10 16:40:00,2022,6,10,16,40,35,35238,NANTES (DE),48.10184,-1.68413,Plein jour,En agglomération,Intersection en X,Normale,Deux véhicules - côté,4,3,4,3,4,2,1,2,1,50,2,2,1,0,1,0,32.0,52.0,deux_roues,utilitaire_camion,1,2,2,1,3
202200046404,2022-11-30 18:09:00,2022,11,30,18,9,25,25305,N57,47.178498,6.203885,Nuit sans éclairage public,Hors agglomération,Hors intersection,Normale,Trois véhicules et plus - collisions multiples,2,3,2,0,1,3,2,0,1,110,3,3,2,0,1,0,31.0,22.0,voiture,utilitaire_camion,3,1,1,1,5
202200046405,2022-08-14 22:40:00,2022,8,14,22,40,65,65440,N21,43.2222,0.0544,Nuit sans éclairage public,En agglomération,Hors intersection,Normale,Deux véhicules - arrière,2,3,4,0,1,1,1,0,1,70,2,2,1,0,0,1,22.0,26.0,voiture,voiture,3,2,1,1,2
202200046406,2022-07-05 16:30:00,2022,7,5,16,30,67,67482,MARCEL PROUST (RUE),48.59002,7.71557,Plein jour,En agglomération,Intersection en T,Normale,Deux véhicules - côté,4,2,3,0,1,2,1,0,1,50,2,3,2,0,0,1,43.0,34.0,utilitaire_camion,deux_roues,1,2,3,1,3
202200046407,2022-06-10 01:45:00,2022,6,10,1,45,35,35281,RD 634,48.0741509434,-1.711974889,Nuit sans éclairage public,En agglomération,Giratoire,Normale,Autre collision,7,3,4,0,1,2,1,0,3,50,1,1,0,0,0,1,52.0,,voiture,,3,2,6,1,6
202200046408,2022-12-01 18:10:00,2022,12,1,18,10,44,44102,les Landes,47.059596,-1.446007,Nuit sans éclairage public,Hors agglomération,Hors intersection,Normale,Deux véhicules - frontale,3,2,2,0,1,1,1,0,1,80,2,2,1,0,1,0,37.0,14.0,voiture,deux_roues,3,1,1,1,1
202200046409,2022-07-05 14:00:00,2022,7,5,14,0,67,67482,SCHIRMECK (ROUTE DE),48.56379,7.70458,Plein jour,En agglomération,Hors intersection,Normale,Deux véhicules - côté,7,2,3,3,1,1,1,9,1,50,2,2,0,0,0,2,50.0,29.0,voiture,voiture,1,2,1,1,3
202200046410,2022-02-20 00:30:00,2022,2,20,0,30,93,93066,AUTOROUTE A1,48.9218,2.35736,Nuit avec éclairage allumé,Hors agglomération,Hors intersection,Normale,Trois véhicules et plus - collisions multiples,1,3,4,0,1,1,1,0,1,90,3,4,3,0,0,1,41.0,40.0,voiture,voiture,5,1,1,1,5
202200046411,2022-08-14 01:40:00,2022,8,14,1,40,63,63113,FLAUBERT (BD GUSTAVE),45.7645,3.12564,Nuit avec éclairage allumé,En agglomération,Intersection en X,Normale,Deux véhicules - côté,7,3,6,0,1,1,1,0,1,50,2,4,2,0,0,2,19.0,22.0,voiture,voiture,5,2,2,1,3
202200046412,2022-11-01 06:45:00,2022,11,1,6,45,31,31106,LABARTHE,43.547414,1.758959,Nuit sans éclairage public,Hors agglomération,Hors intersection,Pluie forte,Autre collision,3,2,2,0,1,3,2,0,3,80,1,2,1,0,1,0,19.0,,voiture,,3,1,1,3,6
202200046413,2022-06-10 10:00:00,2022,6,10,10,0,33,33192,Route de Pessac,44.77401,-0.62132,Plein jour,En agglomération,Intersection en T,Normale,Deux véhicules - côté,4,2,2,0,1,2,1,0,1,50,2,2,0,0,0,2,71.0,56.0,voiture,voiture,1,2,3,1,3
202200046414,2022-02-19 15:20:00,2022,2,19,15,20,95,95018,A15,48.962376,2.266993,Plein jour,Hors agglomération,Hors intersection,Normale,Autre collision,1,3,4,0,1,3,1,0,1,70,1,1,0,0,0,1,48.0,,deux_roues,,1,1,1,1,6
202200046415,2022-07-05 11:55:00,2022,7,5,11,55,67,67482,TITE LIVE (RUE),48.58184,7.70124,Plein jour,En agglomération,Hors intersection,Normale,Deux véhicules - arrière,4,1,1,0,1,1,1,0,4,50,2,2,1,0,1,0,75.0,85.0,utilitaire_camion,voiture,1,2,1,1,2
202200046416,2022-08-12 10:40:00,2022,8,12,10,40,63,63014,ROUSSILLON (AVENUE DU),45.7565775196,3.1280511618,Plein jour,En agglomération,Hors intersection,Normale,Deux véhicules - arrière,7,3,4,0,1,1,1,0,1,50,2,2,1,0,0,1,34.0,51.0,voiture,transport_commun,1,2,1,1,2
202200046417,2022-07-08 08:14:00,2022,7,8,8,14,66,66136,WILSON (BOULEVARD THOMAS),42.7021688446,2.8968138993,Plein jour,En agglomération,Hors intersection,Normale,Autre collision,4,2,4,0,1,1,1,0,1,30,1,2,1,0,0,1,24.0,,utilitaire_camion,,1,2,1,1,6
202200046418,2022-11-29 11:40:00,2022,11,29,11,40,02,02010,,49.460119,3.4446,Plein jour,Hors agglomération,Intersection en T,Brouillard / fumée,Deux véhicules - frontale,3,2,2,0,1,1,2,0,1,80,2,3,0,0,2,1,74.0,56.0,voiture,voiture,1,1,3,5,1
202200046419,2022-02-18 17:30:00,2022,2,18,17,30,93,93066,AUTOROUTE A1,48.93086,2.36775,Plein jour,Hors agglomération,Hors intersection,Normale,Deux véhicules - arrière,1,3,3,0,1,1,1,0,1,90,2,2,1,0,0,1,29.0,39.0,voiture,utilitaire_camion,1,1,1,1,2
202200046420,2022-06-09 14:50:00,2022,6,9,14,50,33,33550,Rue Raymond Poincaré,44.76741,-0.57066,Plein jour,En agglomération,Intersection en T,Normale,Deux véhicules - côté,4,2,2,0,1,1,1,0,1,30,2,2,1,0,0,1,56.0,24.0,deux_roues,utilitaire_camion,1,2,3,1,3
202200046421,2022-12-01 14:00:00,2022,12,1,14,0,03,03276,RD 37,46.152104,3.061028,Plein jour,Hors agglomération,Hors intersection,Normale,Sans collision,3,2,2,0,1,1,1,0,8,90,1,1,0,0,0,1,75.0,,voiture,,1,1,1,1,7
202200046422,2022-08-10 09:00:00,2022,8,10,9,0,63,63014,TURING (ALLEE ALAN),45.75855,3.13327,Plein jour,En agglomération,Hors intersection,Normale,Deux véhicules - frontale,4,2,2,0,1,1,1,0,1,50,2,2,1,0,0,1,49.0,26.0,voiture,deux_roues,1,2,1,1,1
202200046423,2022-07-06 17:09:00,2022,7,6,17,9,66,66136,LANGUEDOC (AVENUE DU CD 88),42.73614,2.89058,Plein jour,En agglomération,Intersection en T,Normale,Deux véhicules - côté,3,2,3,3,1,1,1,0,1,50,2,2,1,0,0,1,22.0,36.0,voiture,deux_roues,1,2,3,1,3
202200046424,2022-02-20 09:20:00,2022,2,20,9,20,94,94069,A4,48.81759,2.42024,Plein jour,Hors agglomération,Hors intersection,Normale,Deux véhicules - arrière,1,3,5,0,1,1,1,0,1,90,2,3,0,0,0,3,30.0,27.0,voiture,voiture,1,1,1,1,2
202200046425,2022-06-09 07:30:00,2022,6,9,7,30,29,29232,Avenue des Glenan,47.99573,-4.11421,Plein jour,En agglomération,Hors intersection,Normale,Autre collision,4,-1,2,0,1,1,1,0,1,50,1,1,0,0,0,1,34.0,,voiture,,1,2,1,1,6
202200046426,2022-12-01 17:55:00,2022,12,1,17,55,14,14034,D36,49.08511,-0.479833,Nuit sans éclairage public,Hors agglomération,Intersection en X,Normale,Deux véhicules - côté,3,2,2,0,2,1,1,0,1,80,2,3,0,0,1,2,19.0,17.0,voiture,voiture,3,1,2,1,3
202200046427,2022-08-10 22:30:00,2022,8,10,22,30,63,63113,DE LATTRE DE TASSIGNY (RUE MAL),45.7758097328,3.0853933096,Nuit avec éclairage non allumé,En agglomération,Intersection en X,Normale,Deux véhicules - frontale,4,2,3,0,1,1,1,0,1,30,2,2,1,0,0,1,38.0,32.0,voiture,deux_roues,4,2,2,1,1
202200046428,2022-07-05 18:25:00,2022,7,5,18,25,66,66136,place du canigou,42.68484,2.90228,Plein jour,En agglomération,Hors intersection,Normale,Autre collision,4,1,1,0,1,1,1,0,1,30,1,2,1,0,0,1,63.0,,voiture,,1,2,1,1,6
202200046429,2022-02-19 20:20:00,2022,2,19,20,20,77,77181,A4,48.829,2.7199,Nuit sans éclairage public,Hors agglomération,Hors intersection,Normale,Deux véhicules - arrière,1,1,3,0,1,1,1,8,1,130,2,2,1,0,0,1,49.0,46.0,utilitaire_camion,voiture,3,1,1,1,2
202200046430,2022-06-10 19:45:00,2022,6,10,19,45,29,29019,boulevard des Francais Libres,48.385072,-4.494104,Plein jour,En agglomération,Hors intersection,Normale,Deux véhicules - côté,4,2,2,0,1,1,1,0,1,50,2,2,1,0,0,1,24.0,27.0,voiture,deux_roues,1,2,1,1,3
202200046431,2022-12-01 18:00:00,2022,12,1,18,0,14,14257,D8,49.098401,-0.505867,Nuit avec éclairage allumé,En agglomération,Intersection en T,Normale,Sans collision,3,2,2,0,1,1,1,0,1,50,1,2,1,0,1,0,42.0,,voiture,,5,2,3,1,7
202200046432,2022-02-19 16:00:00,2022,2,19,16,0,92,92051,GENERAL KOENIG (BOULEVARD DU),48.8791134366,2.2495335638,Plein jour,En agglomération,Hors intersection,Normale,Autre collision,3,4,4,0,1,1,1,0,8,50,1,2,1,0,0,1,25.0,,voiture,,1,2,1,1,6
202200046433,2022-08-16 18:52:00,2022,8,16,18,52,62,62270,D341,50.468576,2.511352,Plein jour,En agglomération,Intersection en T,Normale,Deux véhicules - côté,3,2,2,0,1,1,1,0,1,50,2,3,1,0,2,0,25.0,39.0,voiture,deux_roues,1,2,3,1,3
202200046434,2022-06-10 13:20:00,2022,6,10,13,20,29,29019,boulevard Léon Blum,48.404968,-4.484611,Plein jour,En agglomération,Hors intersection,Normale,Autre collision,4,3,4,0,1,1,1,0,1,50,2,2,0,0,1,1,68.0,16.0,voiture,deux_roues,1,2,1,1,6
202200046435,2022-06-12 20:55:00,2022,6,12,20,55,66,66136,WALDECK-ROUSSEAU (RENE),42.6942424422,2.9019664228,Crépuscule ou aube,En agglomération,Intersection en T,Normale,Deux véhicules - côté,4,2,1,0,1,1,1,0,1,30,2,3,0,0,0,2,,41.0,voiture,voiture,2,2,3,1,3
202200046436,2022-12-01 19:15:00,2022,12,1,19,15,64,64060,RD802,43.31817,-0.463215,Nuit avec éclairage allumé,Hors agglomération,Hors intersection,Normale,Autre collision,3,2,1,0,1,1,1,9,1,70,1,2,1,1,0,0,34.0,,voiture,,5,1,1,1,6
202200046437,2022-02-19 06:00:00,2022,2,19,6,0,974,97411,RIVIERE DES PLUIES (ROUTE DE LA),-20.90229,55.5031,Crépuscule ou aube,En agglomération,Autre intersection,Normale,Autre collision,2,4,0,1,1,1,1,0,5,30,2,2,1,0,0,1,49.0,45.0,deux_roues,utilitaire_camion,2,2,9,1,6
202200046438,2022-06-08 12:30:00,2022,6,8,12,30,28,28134,PASTRE (RUE),48.73462,1.3727,Plein jour,En agglomération,Hors intersection,Normale,Deux véhicules - frontale,4,2,2,0,2,1,1,0,1,50,1,2,1,0,0,1,64.0,,voiture,,1,2,1,1,1
202200046439,2022-08-15 22:59:00,2022,8,15,22,59,62,62263,RN 25,50.290307,2.715707,Nuit sans éclairage public,Hors agglomération,Hors intersection,Normale,Autre collision,2,3,4,0,1,2,1,0,8,110,1,1,0,1,0,0,21.0,,voiture,,3,1,1,1,6
202200046440,2022-07-08 17:47:00,2022,7,8,17,47,65,65440,ALSACE LORRAINE (AVENUE),43.259444,0.071897,Plein jour,Hors agglomération,Hors intersection,Normale,Autre collision,3,2,2,0,1,1,1,0,3,70,1,2,1,0,0,1,,,voiture,,1,1,1,1,6
202200046441,2022-12-01 19:00:00,2022,12,1,19,0,10,10113,D4,48.216327,4.680685,Nuit sans éclairage public,Hors agglomération,Hors intersection,Temps couvert,Autre collision,3,2,2,0,4,2,2,0,3,80,1,1,0,0,1,0,68.0,,utilitaire_camion,,3,1,1,8,6
202200046442,2022-08-12 20:35:00,2022,8,12,20,35,57,57019,CLEMENCEAU (RUE),49.2565936492,6.1303264531,Plein jour,En agglomération,Hors intersection,Normale,Autre collision,6,-1,0,0,1,1,1,0,8,30,1,2,1,0,0,1,56.0,,voiture,,1,2,1,1,6
202200046443,2022-02-19 12:00:00,2022,2,19,12,0,973,97302,BADUEL (ROUTE DE),4.9343,-52.311,Plein jour,En agglomération,Hors intersection,Normale,Deux véhicules - côté,3,2, -1,0,1,1,1,0,1,50,2,3,1,0,0,2,18.0,47.0,deux_roues,voiture,1,2,1,1,3
202200046444,2022-11-27 18:20:00,2022,11,27,18,20,85,85234,8 Avenue de la forêt,46.783363,-2.066846,Nuit avec éclairage allumé,En agglomération,Hors intersection,Pluie légère,Sans collision,4,3,1,0,1,1,2,6,1,50,1,1,0,0,0,1,14.0,,deux_roues,,5,2,1,2,7
202200046445,2022-06-13 08:40:00,2022,6,13,8,40,65,65440,PEREIRE (RUE EMILE),43.2385,0.081092,Plein jour,En agglomération,Hors intersection,Normale,Autre collision,3,-1,2,0,1,1,1,0,1,50,1,2,1,0,1,0,40.0,,voiture,,1,2,1,1,6
202200046446,2022-06-03 17:55:00,2022,6,3,17,55,19,19031,ALVITRE (AVENUE ABBE),45.1531291973,1.5075184106,Plein jour,En agglomération,Hors intersection,Normale,Autre collision,4,2,2,0,1,1,1,0,1,50,1,2,1,0,0,1,24.0,,utilitaire_camion,,1,2,1,1,6
202200046447,2022-08-15 20:40:00,2022,8,15,20,40,56,56121,D465 Desserte Portuaire,47.74702,-3.38668,Plein jour,En agglomération,Hors intersection,Normale,Autre collision,3,1,1,0,1,3,1,3,1,50,1,1,0,0,1,0,21.0,,voiture,,1,2,1,1,6
202200046448,2022-11-30 12:25:00,2022,11,30,12,25,85,85284,79 Route de massotte,46.8045601428,-1.8896082044,Plein jour,En agglomération,Hors intersection,Normale,Autre collision,3,2,2,0,1,2,1,0,3,50,1,1,0,0,0,1,19.0,,voiture,,1,2,1,1,6
202200046449,2022-02-19 09:20:00,2022,2,19,9,20,973,97302,DE GAULLE (AVENUE),4.9385255049,-52.3327115178,Plein jour,En agglomération,Hors intersection,Normale,Autre collision,4,2,2,0,1,1,1,0,1,50,1,2,1,0,0,1,56.0,,utilitaire_camion,,1,2,1,1,6
202200046450,2022-07-09 09:58:00,2022,7,9,9,58,64,64260,Boulevard du Général Leclerc,43.37153,-1.77353,Plein jour,En agglomération,Giratoire,Normale,Autre collision,3,1,1,0,1,1,1,0,1,50,1,2,1,0,0,1,83.0,,voiture,,1,2,6,1,6
202200046451,2022-06-10 23:10:00,2022,6,10,23,10,14,14118,Boulevard Yves Guillou,49.17196,-0.386,Nuit avec éclairage allumé,En agglomération,Hors intersection,Normale,Deux véhicules - frontale,4,3,4,0,2,1,1,0,1,50,2,2,1,0,0,1,71.0,63.0,voiture,deux_roues,5,2,1,1,1
202200046452,2022-12-01 18:00:00,2022,12,1,18,0,38,38416,"A49, pk 033+500",45.136433,5.326325,Nuit sans éclairage public,Hors agglomération,Hors intersection,Normale,Deux véhicules - arrière,1,3,4,0,2,1,1,0,1,130,2,2,1,0,1,0,52.0,49.0,utilitaire_camion,voiture,3,1,1,1,2
202200046453,2022-08-13 01:16:00,2022,8,13,1,16,56,56121,D465 Desserte Portuaire,47.76016,-3.38333,Nuit sans éclairage public,En agglomération,Hors intersection,Normale,Deux véhicules - arrière,3,3,4,0,1,1,1,0,1,70,2,2,1,0,1,0,62.0,43.0,deux_roues,voiture,3,2,1,1,2
202200046454,2022-02-18 14:00:00,2022,2,18,14,0,69,69259,Boulevard Ambroise Croizat,45.70311,4.88746,Plein jour,En agglomération,Intersection en X,Normale,Deux véhicules - frontale,7,3,4,3,1,1,1,0,1,50,2,2,1,0,0,1,22.0,27.0,voiture,voiture,1,2,2,1,1
202200046455,2022-06-10 16:35:00,2022,6,10,16,35,13,13207,CORSE (AVENUE DE LA),43.28878,5.36067,Plein jour,En agglomération,Intersection en X,Normale,Deux véhicules - côté,4,2,4,0,1,1,1,0,1,50,1,3,2,0,0,1,23.0,,utilitaire_camion,,1,2,2,1,3
202200046456,2022-07-09 04:20:00,2022,7,9,4,20,64,64284,VIGNATS,43.28408,-0.39842,Nuit sans éclairage public,En agglomération,Hors intersection,Normale,Autre collision,4,2,1,0,2,2,1,0,1,50,1,4,1,0,0,3,,,voiture,,3,2,1,1,6
202200046457,2022-11-24 04:55:00,2022,11,24,4,55,67,67043,Rue des Trois Maires,48.635447,7.77913,Nuit sans éclairage public,Hors agglomération,Hors intersection,Pluie légère,Deux véhicules - arrière,4,2,2,0,1,1,2,0,1,70,2,2,1,1,0,0,46.0,,deux_roues,autre,3,1,1,2,2
202200046458,2022-02-18 23:40:00,2022,2,18,23,40,972,97209,BALATA (ROUTE DE),14.64942,-61.07784,Nuit avec éclairage allumé,En agglomération,Hors intersection,Pluie légère,Sans collision,2,2,2,0,2,4,2,0,1,50,1,1,0,0,0,1,31.0,,voiture,,5,2,1,2,7
202200046459,2022-07-06 09:05:00,2022,7,6,9,5,64,64445,CORPS FRANC POMMIES DU,43.30682,-0.33467,Plein jour,En agglomération,Hors intersection,Normale,Autre collision,4,-1,2,1,1,1,1,0,1,30,1,2,1,0,0,1,42.0,,voiture,,1,2,1,1,6
202200046460,2022-11-18 04:30:00,2022,11,18,4,30,69,69244,Boulevard des Hespérides,45.764619,4.785989,Nuit avec éclairage allumé,En agglomération,Hors intersection,Normale,Autre collision,7,3,2,0,4,1,1,9,1,50,1,1,0,0,1,0,39.0,,utilitaire_camion,,5,2,1,1,6
202200046461,2022-08-14 15:55:00,2022,8,14,15,55,55,55545,VOIE SACREE,49.1585,5.36599,Plein jour,En agglomération,Hors intersection,Normale,Deux véhicules - frontale,3,2,2,0,1,1,1,0,1,50,2,5,0,0,0,5,47.0,33.0,voiture,voiture,1,2,1,1,1
202200046462,2022-06-10 10:00:00,2022,6,10,10,0,13,13206,PIERRE PUGET (COURS),43.29047,5.37566,Plein jour,En agglomération,Intersection en T,Normale,Deux véhicules - arrière,4,1,2,0,1,1,1,0,1,50,2,2,1,0,0,1,72.0,,deux_roues,voiture,1,2,3,1,2
202200046463,2022-02-18 19:30:00,2022,2,18,19,30,69,69389,Pont Georges Clémenceau,45.7748568141,4.8093511322,Nuit avec éclairage allumé,En agglomération,Hors intersection,Vent fort / tempête,Deux véhicules - frontale,4,2,4,3,1,1,1,2,1,50,2,2,1,0,1,0,53.0,24.0,voiture,deux_roues,5,2,1,6,1
202200046464,2022-12-01 19:25:00,2022,12,1,19,25,986,98613,TEPA,-13.319362,-176.189954,Nuit sans éclairage public,En agglomération,Autre intersection,Normale,Trois véhicules et plus - collisions multiples,2,-1,2,0,1,1,1,9,3,70,2,2,1,0,1,0,28.0,26.0,deux_roues,voiture,3,2,9,1,5
202200046465,2022-07-04 16:45:00,2022,7,4,16,45,64,64122,Avenue de la Marne,43.48408,-1.54909,Plein jour,En agglomération,Intersection en T,Pluie légère,Deux véhicules - côté,4,1,1,1,2,1,2,0,1,30,2,2,1,0,0,1,54.0,71.0,deux_roues,voiture,1,2,3,2,3
202200046466,2022-08-15 16:20:00,2022,8,15,16,20,54,54395,AUSTRASIE (BOULEVARD),48.6899295928,6.2028669119,Plein jour,En agglomération,Intersection en X,Normale,Deux véhicules - côté,4,2,2,0,1,1,1,0,1,50,2,3,2,0,0,1,25.0,16.0,voiture,deux_roues,1,2,2,1,3
202200046467,2022-11-28 04:05:00,2022,11,28,4,5,977,97701,D209 - COUPE GORGE,17.902526,-62.832441,Nuit sans éclairage public,Hors agglomération,Hors intersection,Normale,Sans collision,2,3,2,0,2,1,1,0,1,50,1,1,0,0,1,0,28.0,,deux_roues,,3,1,1,1,7
202200046468,2022-06-10 13:10:00,2022,6,10,13,10,13,13047,,43.5497811605,4.9570588503,Plein jour,Hors agglomération,Hors intersection,Normale,Trois véhicules et plus - collisions multiples,2,2,2,0,1,1,1,0,1,80,3,5,0,0,5,0,43.0,64.0,voiture,voiture,1,1,1,1,5
202200046469,2022-07-09 20:10:00,2022,7,9,20,10,64,64102,Avenue Maréchal Soult,43.4842,-1.49876,Plein jour,En agglomération,Hors intersection,Normale,Autre collision,3,3,4,0,1,1,1,0,1,50,1,1,0,0,0,1,17.0,,deux_roues,,1,2,1,1,6
202200046470,2022-02-19 14:10:00,2022,2,19,14,10,2A,2A004,MARECHAL JUIN AVENUE,41.9372580631,8.7507924808,Plein jour,En agglomération,Hors intersection,Normale,Autre collision,4,3,2,0,1,1,1,0,1,50,1,2,1,0,0,1,41.0,,voiture,,1,2,1,1,6
202200046471,2022-12-02 07:00:00,2022,12,2,7,0,77,77352,Rue de Guignes,48.65324,2.772025,Nuit sans éclairage public,Hors agglomération,Hors intersection,Pluie légère,Deux véhicules - frontale,4,2,2,0,1,1,2,0,1,80,2,2,0,0,1,1,43.0,52.0,voiture,voiture,3,1,1,2,1
202200046472,2022-08-16 15:05:00,2022,8,16,15,5,51,51454,rue Cérès,49.25697,4.03811,Plein jour,En agglomération,Intersection en X,Normale,Deux véhicules - côté,4,2,3,0,1,1,1,0,1,30,2,2,1,0,0,1,66.0,,deux_roues,utilitaire_camion,1,2,2,1,3
202200046473,2022-06-10 20:35:00,2022,6,10,20,35,13,13005,VERRIERS (ALLEE DES),43.29544,5.5697,Plein jour,En agglomération,Intersection en X,Normale,Deux véhicules - côté,4,2,2,0,1,1,1,0,1,30,2,2,1,0,0,1,,24.0,voiture,deux_roues,1,2,2,1,3
202200046474,2022-02-19 19:10:00,2022,2,19,19,10,91,91027,RUE EDOUARD VAILLANT,48.70568,2.39328,Nuit avec éclairage allumé,En agglomération,Hors intersection,Normale,Deux véhicules - côté,3,2,3,0,1,1,1,0,1,50,2,3,2,0,1,0,21.0,19.0,deux_roues,voiture,5,2,1,1,3
202200046475,2022-07-09 22:58:00,2022,7,9,22,58,64,64140,Rue Paul Biremont,43.5236,-1.4923,Nuit sans éclairage public,En agglomération,Hors intersection,Normale,Deux véhicules - frontale,3,2,2,0,1,1,1,0,1,50,2,6,4,0,0,2,36.0,63.0,deux_roues,voiture,3,2,1,1,1
202200046476,2022-12-02 12:00:00,2022,12,2,12,0,78,78513,Route de Galluis D155,48.800309,1.782478,Plein jour,Hors agglomération,Autre intersection,Normale,Deux véhicules - frontale,3,2,2,0,1,1,1,2,1,80,2,3,1,0,1,1,42.0,28.0,voiture,utilitaire_camion,1,1,9,1,1
202200046477,2022-08-14 15:15:00,2022,8,14,15,15,50,50129,MEDERIC (RUE),49.64186,-1.59007,Plein jour,En agglomération,Hors intersection,Normale,Deux véhicules - côté,4,2,2,0,1,1,1,0,4,50,2,2,0,0,0,2,17.0,19.0,deux_roues,deux_roues,1,2,1,1,3
202200046478,2022-06-10 08:15:00,2022,6,10,8,15,13,13005,NATIONALE 8 DE PARIS A TOULON (ROUTE),43.28415,5.54441,Plein jour,En agglomération,Hors intersection,Normale,Deux véhicules - frontale,3,-1,2,0,1,1,1,0,1,30,1,2,1,0,0,1,61.0,,voiture,,1,2,1,1,1
202200046479,2022-08-16 09:10:00,2022,8,16,9,10,45,45004,D2060 PK 23 + 0,48.004966,2.803381,Plein jour,Hors agglomération,Hors intersection,Normale,Deux véhicules - frontale,3,2,2,0,1,1,1,0,1,90,2,2,1,0,0,1,64.0,43.0,autre,voiture,1,1,1,1,1
202200046480,2022-02-19 05:00:00,2022,2,19,5,0,83,83034,RUE JEAN JAURES,43.09312,6.076352,Nuit avec éclairage allumé,En agglomération,Hors intersection,Normale,Deux véhicules - frontale,4,2,2,0,1,1,1,0,1,50,2,7,1,0,0,6,27.0,21.0,voiture,utilitaire_camion,5,2,1,1,1
202200046481,2022-11-19 09:45:00,2022,11,19,9,45,2B,2B042,"Parking nord centre commercial ""Carrefour Market""",42.551507,9.441236,Plein jour,En agglomération,Hors intersection,Normale,Autre collision,6,4,2,0,1,1,1,0,8,-1,1,2,1,0,0,1,24.0,,voiture,,1,2,1,1,6
202200046482,2022-07-08 22:50:00,2022,7,8,22,50,64,64024,BIARRITZ (AVENUE DE),43.48019,-1.52256,Nuit avec éclairage allumé,En agglomération,Intersection en T,Normale,Deux véhicules - côté,4,2,2,0,1,1,1,0,1,50,2,2,1,0,0,1,31.0,17.0,voiture,deux_roues,5,2,3,1,3
202200046483,2022-06-09 12:45:00,2022,6,9,12,45,11,11069,MUSSET ALFRED -ET IMPASSE-,43.2213,2.3445,Plein jour,En agglomération,Hors intersection,Normale,Deux véhicules - côté,4,2,2,0,1,1,1,0,1,30,2,3,1,0,0,2,19.0,23.0,deux_roues,voiture,1,2,1,1,3
202200046484,2022-11-30 16:20:00,2022,11,30,16,20,66,66180,,42.7718910729,3.0050477386,Plein jour,En agglomération,Hors intersection,Normale,Autre collision,3,3,2,0,1,1,1,9,1,50,1,2,1,0,1,0,86.0,,voiture,,1,2,1,1,6
202200046485,2022-08-16 11:35:00,2022,8,16,11,35,38,38185,AVENUE D'INNSBRUCK,45.15721,5.73383,Plein jour,En agglomération,Intersection en T,Normale,Deux véhicules - frontale,7,3,4,1,1,1,1,0,1,50,2,2,1,0,0,1,15.0,34.0,deux_roues,voiture,1,2,3,1,1
202200046486,2022-11-17 21:15:00,2022,11,17,21,15,06,06128,Route de Cagnes,43.682685,7.131715,Nuit sans éclairage public,Hors agglomération,Hors intersection,Normale,Deux véhicules - frontale,3,2,2,1,1,3,1,0,1,70,1,1,0,0,1,0,50.0,,deux_roues,,3,1,1,1,1
202200046487,2022-02-19 19:50:00,2022,2,19,19,50,78,78551,RD 308,48.93988,2.10068,Nuit sans éclairage public,Hors agglomération,Hors intersection,Normale,Trois véhicules et plus - collisions multiples,3,2,2,0,1,1,1,0,1,70,4,4,2,0,0,2,53.0,56.0,voiture,voiture,3,1,1,1,5