accident_id,datetime,annee,mois,jour,heure,minute,departement,commune_insee,adresse,latitude,longitude,luminosite,agglomeration,intersection,meteo,collision,catr,circ,nbv,vosp,prof,plan,surf,infra,situ,vma,nb_vehicules,nb_usagers,nb_indemnes,nb_tues,nb_blesses_hosp,nb_blesses_legers,age_cond_1,age_cond_2,veh_type_cond_1,veh_type_cond_2,lum_code,agg_code,int_code,atm_code,col_code
202200046488,2022-06-10 08:30:00,2022,6,10,8,30,10,10387,MAJOR GENERAL VANIER (AVENUE),48.30847,4.068579,Plein jour,En agglomération,Giratoire,Normale,Deux véhicules - côté,4,1,2,1,1,1,1,0,1,50,2,2,1,0,0,1,49.0,35.0,deux_roues,voiture,1,2,6,1,3
202200046489,2022-12-01 22:40:00,2022,12,1,22,40,05,05181,D1091,45.045802,6.328393,Nuit sans éclairage public,Hors agglomération,Hors intersection,Normale,Autre collision,3,2,2,0,2,3,1,1,1,50,1,1,0,0,0,1,42.0,,voiture,,3,1,1,1,6
202200046490,2022-07-08 21:40:00,2022,7,8,21,40,64,64024,Avenue de l' Adour,43.51057,-1.49984,Plein jour,En agglomération,Hors intersection,Normale,Deux véhicules - arrière,4,2,2,0,1,1,1,0,1,30,2,6,5,0,0,1,26.0,22.0,voiture,voiture,1,2,1,1,2
202200046491,2022-02-19 19:05:00,2022,2,19,19,5,78,78440,PAUL RAOULT (AVENUE),48.9814,1.9125,Nuit avec éclairage allumé,En agglomération,Hors intersection,Normale,Autre collision,3,3,4,0,1,1,1,0,1,50,1,2,1,0,0,1,32.0,,voiture,,5,2,1,1,6
202200046492,2022-12-01 09:02:00,2022,12,1,9,2,38,38111,Chemin des Violettes,45.119457,5.69137,Plein jour,En agglomération,Autre intersection,Normale,Autre collision,4,-1,2,0,1,1,2,0,1,50,1,2,1,0,1,0,47.0,,voiture,,1,2,9,1,6
202200046493,2022-07-06 15:20:00,2022,7,6,15,20,64,64102,Avenue Maréchal Soult,43.485497,-1.492565,Plein jour,En agglomération,Hors intersection,Normale,Sans collision,3,3,4,0,1,1,1,0,1,30,1,1,0,0,0,1,22.0,,voiture,,1,2,1,1,7
202200046494,2022-08-16 11:00:00,2022,8,16,11,0,37,37122,RD 86 DE MONTS à TOURS,47.3231887636,0.6622481346,Plein jour,Hors agglomération,Giratoire,Normale,Deux véhicules - arrière,7,2,2,0,1,1,1,6,1,50,2,4,3,0,0,1,42.0,47.0,utilitaire_camion,voiture,1,1,6,1,2
202200046495,2022-12-02 07:45:00,2022,12,2,7,45,26,26179,Départementale 532,45.0703,4.864755,Crépuscule ou aube,En agglomération,Giratoire,Pluie légère,Deux véhicules - côté,3,1,2,0,1,2,2,5,1,50,2,2,1,0,0,1,50.0,66.0,voiture,deux_roues,2,2,6,2,3
202200046496,2022-06-10 23:25:00,2022,6,10,23,25,10,10362,GENERAL GALLIENI (RUE DU),48.292987346,4.0472468734,Nuit avec éclairage allumé,En agglomération,Intersection en X,Normale,Deux véhicules - arrière,3,2,2,1,1,1,1,0,1,50,2,3,2,0,0,1,36.0,25.0,voiture,voiture,5,2,2,1,2
202200046497,2022-08-14 20:42:00,2022,8,14,20,42,34,34032,Avenue Colonel d'Ornano,43.33883,3.20993,Plein jour,En agglomération,Hors intersection,Normale,Sans collision,4,2,2,0,1,1,1,0,1,50,1,2,1,0,1,0,22.0,,deux_roues,,1,2,1,1,7
202200046498,2022-12-01 13:45:00,2022,12,1,13,45,69,69141,Route du Logis Neuf,45.610578,4.698173,Plein jour,Hors agglomération,Hors intersection,Normale,Deux véhicules - frontale,3,2,2,2,2,1,1,0,1,80,2,2,0,1,0,1,70.0,30.0,voiture,voiture,1,1,1,1,1
202200046499,2022-06-10 05:05:00,2022,6,10,5,5,07,07102,,44.93832,4.86894,Nuit avec éclairage allumé,En agglomération,Hors intersection,Normale,Sans collision,4,2,2,1,1,1,1,0,5,50,1,1,0,0,0,1,21.0,,deux_roues,,5,2,1,1,7
202200046500,2022-08-15 02:30:00,2022,8,15,2,30,29,29039,Avenue de la Gare,47.87877,-3.92,Nuit avec éclairage allumé,En agglomération,Hors intersection,Normale,Sans collision,4,2,2,0,4,1,1,0,1,50,1,1,0,0,0,1,29.0,,deux_roues,,5,2,1,1,7
202200046501,2022-07-06 13:50:00,2022,7,6,13,50,64,64102,Avenue de l'Aquitaine,43.48748,-1.46159,Plein jour,En agglomération,Hors intersection,Normale,Trois véhicules et plus - en chaîne,3,3,4,0,1,1,1,2,1,50,4,6,4,0,0,2,34.0,66.0,voiture,voiture,1,2,1,1,4
202200046502,2022-02-19 13:30:00,2022,2,19,13,30,77,77494,Route de Valence,48.42032,2.87954,Plein jour,Hors agglomération,Hors intersection,Normale,Autre collision,4,2,2,0,1,1,1,0,1,70,1,2,0,0,1,1,32.0,,deux_roues,,1,1,1,1,6
202200046503,2022-12-01 18:00:00,2022,12,1,18,0,33,33177,43 Route de Soulac,45.335993,-0.976544,Nuit sans éclairage public,Hors agglomération,Hors intersection,Normale,Deux véhicules - arrière,3,2,2,0,1,1,1,0,1,80,2,2,1,0,1,0,76.0,62.0,voiture,deux_roues,3,1,1,1,2
202200046504,2022-06-10 18:55:00,2022,6,10,18,55,06,06083,"ALBERT 1ER (RUE, N° 13 ET +)",43.77531,7.49528,Plein jour,En agglomération,Hors intersection,Normale,Autre collision,3,1,1,0,1,3,1,0,1,50,1,2,1,0,1,0,60.0,,voiture,,1,2,1,1,6
202200046505,2022-08-16 15:00:00,2022,8,16,15,0,27,27229,CITES UNIES (BOULEVARD DES),49.0183926442,1.1427186727,Plein jour,En agglomération,Hors intersection,Normale,Deux véhicules - arrière,4,2,2,0,4,3,1,8,1,50,2,2,1,0,0,1,20.0,25.0,voiture,utilitaire_camion,1,2,1,1,2
202200046506,2022-07-06 11:00:00,2022,7,6,11,0,63,63113,78 COTE BLATIN (BD),45.7681,3.08817,Plein jour,En agglomération,Hors intersection,Normale,Autre collision,4,1,2,0,1,1,1,0,1,50,1,2,1,0,1,0,39.0,,voiture,,1,2,1,1,6
202200046507,2022-08-13 11:00:00,2022,8,13,11,0,19,19031,TILLEULS (PROMENADE DES),45.1635496429,1.5332453549,Plein jour,En agglomération,Hors intersection,Normale,Autre collision,4,2,2,0,1,1,1,0,1,30,1,2,0,0,0,2,67.0,,voiture,,1,2,1,1,6
202200046508,2022-06-08 11:20:00,2022,6,8,11,20,06,06083,"COTY (COURS RENE, SENS MER/MONT)",43.77685,7.48765,Plein jour,En agglomération,Hors intersection,Normale,Deux véhicules - côté,3,2,2,0,2,1,1,0,1,50,1,3,1,0,1,1,83.0,,voiture,,1,2,1,1,3
202200046509,2022-12-01 14:30:00,2022,12,1,14,30,33,33182,D669,45.061048,-0.609248,Plein jour,Hors agglomération,Intersection en X,Normale,Deux véhicules - côté,3,2,2,0,1,1,1,5,1,80,2,2,1,0,1,0,21.0,21.0,voiture,deux_roues,1,1,2,1,3
202200046510,2022-02-18 17:35:00,2022,2,18,17,35,77,77442,D210,48.42894,2.74928,Plein jour,Hors agglomération,Hors intersection,Normale,Trois véhicules et plus - en chaîne,3,2,2,0,1,1,1,0,1,70,3,5,2,0,0,3,46.0,24.0,voiture,voiture,1,1,1,1,4
202200046511,2022-02-19 13:25:00,2022,2,19,13,25,74,74012,ROMAGNY (RUE DE),46.19701,6.25106,Plein jour,En agglomération,Hors intersection,Normale,Autre collision,4,2,2,0,1,1,1,0,1,50,1,1,0,0,0,1,25.0,,utilitaire_camion,,1,2,1,1,6
202200046512,2022-07-06 06:04:00,2022,7,6,6,4,63,63113,FLAUBERT (BD GUSTAVE)/ Schumann,45.76459,3.12583,Nuit avec éclairage allumé,En agglomération,Intersection à plus de 4 branches,Normale,Deux véhicules - côté,7,3,6,0,1,1,1,0,1,50,2,2,1,0,1,0,20.0,16.0,voiture,deux_roues,5,2,5,1,3
202200046513,2022-06-09 18:50:00,2022,6,9,18,50,06,06104,"VERDUN (AVENUE DE, N° 131 ET +)",43.762607,7.471038,Plein jour,En agglomération,Hors intersection,Normale,Deux véhicules - côté,3,2,2,0,2,3,1,0,1,50,2,2,1,0,1,0,44.0,49.0,voiture,deux_roues,1,2,1,1,3
202200046514,2022-12-02 17:15:00,2022,12,2,17,15,50,50025,Rue de la Constitution,48.685376,-1.360513,Crépuscule ou aube,En agglomération,Intersection en X,Normale,Autre collision,4,1,2,0,2,1,1,9,8,50,1,2,1,0,1,0,75.0,,voiture,,2,2,2,1,6
202200046515,2022-08-16 21:25:00,2022,8,16,21,25,13,13211,MILLIERE (BOULEVARD DE LA ),43.2835409625,5.5016040514,Nuit avec éclairage allumé,En agglomération,Hors intersection,Normale,Sans collision,4,2,2,0,1,2,1,0,1,50,1,1,0,1,0,0,19.0,,deux_roues,,5,2,1,1,7
202200046516,2022-02-18 17:30:00,2022,2,18,17,30,72,72181,JAURES JEAN (AV) N° IMP 1 A 25,47.99294,0.20458,Plein jour,En agglomération,Hors intersection,Normale,Deux véhicules - côté,4,-1,2,1,1,1,1,0,5,50,2,2,0,0,0,2,50.0,63.0,deux_roues,deux_roues,1,2,1,1,3
202200046517,2022-06-09 16:10:00,2022,6,9,16,10,06,06069,VICTOR HUGO  (BD),43.650467,6.918379,Plein jour,En agglomération,Hors intersection,Normale,Autre collision,3,2,2,0,2,1,1,0,1,50,1,4,1,0,0,3,76.0,,voiture,,1,2,1,1,6
202200046518,2022-07-02 23:05:00,2022,7,2,23,5,62,62178,BRIQUET ( RAOUL ),50.475167,2.544171,Nuit avec éclairage allumé,En agglomération,Intersection en T,Normale,Deux véhicules - côté,4,2,2,0,1,1,1,5,1,50,2,3,2,0,0,1,19.0,46.0,deux_roues,voiture,5,2,3,1,3
202200046519,2022-02-19 17:30:00,2022,2,19,17,30,69,69266,Place Jules Grandclément,45.7592253615,4.8895038656,Plein jour,En agglomération,Hors intersection,Normale,Deux véhicules - arrière,4,2,2,2,1,1,1,0,1,50,2,2,0,0,0,1,48.0,,voiture,voiture,1,2,1,1,2
202200046520,2022-08-16 11:10:00,2022,8,16,11,10,13,13210,FLORIAN ( ROND POINT),43.2829272522,5.4271987806,Plein jour,En agglomération,Hors intersection,Normale,Deux véhicules - arrière,4,1,3,0,1,1,1,0,1,50,2,3,2,0,0,1,30.0,65.0,voiture,voiture,1,2,1,1,2
202200046521,2022-06-10 16:45:00,2022,6,10,16,45,06,06123,VESPINS ROUTE DES,43.67341,7.18981,Plein jour,En agglomération,Intersection en X,Normale,Trois véhicules et plus - collisions multiples,7,2,2,0,1,1,1,0,1,50,4,6,1,0,0,5,84.0,30.0,autre,voiture,1,2,2,1,5
202200046522,2022-02-19 09:20:00,2022,2,19,9,20,69,69092,Rue de Thizy,45.9882965067,4.7101534848,Crépuscule ou aube,En agglomération,Hors intersection,Normale,Autre collision,3,2,2,0,1,1,1,0,1,50,1,2,1,0,0,1,39.0,,voiture,,2,2,1,1,6
202200046523,2022-08-16 11:40:00,2022,8,16,11,40,13,13001,ST JEROME (AV),43.519880354,5.4561199709,Plein jour,En agglomération,Hors intersection,Normale,Deux véhicules - frontale,4,2,2,0,1,1,1,9,1,50,1,1,0,0,1,0,41.0,,deux_roues,,1,2,1,1,1
202200046524,2022-02-18 20:10:00,2022,2,18,20,10,64,64102,Avenue Henri de Navarre,43.4940122412,-1.4528607577,Nuit avec éclairage allumé,En agglomération,Hors intersection,Pluie légère,Deux véhicules - côté,3,3,4,0,2,1,2,0,1,50,2,3,1,0,0,2,30.0,60.0,voiture,voiture,5,2,1,2,3
202200046525,2022-06-09 17:35:00,2022,6,9,17,35,05,05061,D994,44.55745,6.05494,Plein jour,En agglomération,Giratoire,Normale,Deux véhicules - arrière,3,2,1,0,2,1,1,0,1,50,2,6,4,0,0,2,44.0,40.0,voiture,voiture,1,2,6,1,2
202200046526,2022-02-19 14:50:00,2022,2,19,14,50,45,45169,42 Rue du Château d’Eau,47.926603,1.831513,Plein jour,En agglomération,Hors intersection,Normale,Deux véhicules - frontale,4,2,2,2,1,1,1,0,1,50,2,3,2,0,0,1,71.0,35.0,voiture,transport_commun,1,2,1,1,1
202200046527,2022-08-15 15:55:00,2022,8,15,15,55,07,07340,ROUTE DE L'ESCRINET,44.72897,4.5632,Plein jour,Hors agglomération,Hors intersection,Normale,Deux véhicules - arrière,3,2,2,0,2,1,1,0,1,70,2,2,1,0,1,0,14.0,31.0,deux_roues,voiture,1,1,1,1,2
202200046528,2022-06-10 14:20:00,2022,6,10,14,20,75,75114,PORTE DE CHATILLON,48.821165,2.320514,Plein jour,En agglomération,Hors intersection,Normale,Trois véhicules et plus - en chaîne,4,1,3,0,1,1,1,0,1,70,3,3,2,0,0,1,52.0,44.0,utilitaire_camion,utilitaire_camion,1,2,1,1,4
202200046529,2022-02-18 15:45:00,2022,2,18,15,45,38,38053,ALSACE LORRAINE,45.58553,5.26424,Plein jour,En agglomération,Hors intersection,Normale,Deux véhicules - côté,3,3,2,0,1,1,1,9,1,50,2,2,1,0,1,0,38.0,77.0,deux_roues,voiture,1,2,1,1,3
202200046530,2022-08-16 13:35:00,2022,8,16,13,35,06,06083,"MENTON (PDE DU VAL DE, N° 1 A 33)",43.776547,7.505412,Plein jour,En agglomération,Hors intersection,Normale,,3,2,1,0,2,1,1,0,1,50,1,1,0,0,1,0,52.0,,voiture,,1,2,1,1,-1
202200046531,2022-06-09 21:20:00,2022,6,9,21,20,75,75120,PORTE DE BAGNOLET,48.868742,2.413252,Crépuscule ou aube,En agglomération,Intersection en Y,Normale,Sans collision,4,1,2,0,2,1,1,0,1,50,1,2,0,0,0,2,43.0,,deux_roues,,2,2,4,1,7
202200046532,2022-02-19 02:20:00,2022,2,19,2,20,35,35281,N136,48.0905045748,-1.7039161921,Nuit avec éclairage allumé,Hors agglomération,Hors intersection,Normale,Autre collision,2,1,1,0,1,3,1,3,3,70,1,1,0,0,1,0,29.0,,voiture,,5,1,1,1,6
202200046533,2022-06-09 13:35:00,2022,6,9,13,35,75,75117,PORTE D ASNIERES,48.889903764,2.297963798,Plein jour,En agglomération,Intersection en Y,Normale,Deux véhicules - côté,4,1,2,0,2,1,1,0,1,50,2,3,2,0,0,1,39.0,40.0,deux_roues,voiture,1,2,4,1,3
202200046534,2022-02-19 12:00:00,2022,2,19,12,0,33,33281,Parking,44.83804,-0.67036,Plein jour,En agglomération,Hors intersection,Normale,Deux véhicules - côté,6,-1, -1,0,1,1,1,9,8,20,2,2,1,0,0,1,53.0,80.0,voiture,voiture,1,2,1,1,3
202200046535,2022-08-16 12:51:00,2022,8,16,12,51,75,75108,RUE LINCOLN,48.871088,2.303495,Plein jour,En agglomération,Intersection en T,Normale,Autre collision,4,1,1,1,1,1,1,0,1,30,1,2,1,0,1,0,26.0,,deux_roues,,1,2,3,1,6
202200046536,2022-06-10 17:10:00,2022,6,10,17,10,75,75105,RUE CHAMPOLLION,48.849523,2.342755,Plein jour,En agglomération,Hors intersection,Normale,Autre collision,4,1,1,0,2,1,1,0,1,30,1,2,1,0,0,1,25.0,,voiture,,1,2,1,1,6
202200046537,2022-02-19 18:25:00,2022,2,19,18,25,33,33529,CAP OCEAN (rue),44.6349,-1.15189,Crépuscule ou aube,En agglomération,Giratoire,Pluie légère,Deux véhicules - côté,4,2,2,0,1,2,2,0,1,50,2,2,1,0,0,1,68.0,56.0,deux_roues,utilitaire_camion,2,2,6,2,3
202200046538,2022-06-10 18:50:00,2022,6,10,18,50,75,75118,BOULEVARD DE CLICHY,48.883421,2.334345,Plein jour,En agglomération,Intersection en Y,Normale,Autre collision,4,3,2,3,1,1,1,-1,6,30,1,2,1,0,0,1,31.0,,deux_roues,,1,2,4,1,6
202200046539,2022-08-14 19:30:00,2022,8,14,19,30,75,75106,RUE GIT LE COEUR,48.853693,2.342616,Plein jour,En agglomération,Intersection en T,Pluie forte,Autre collision,4,1,1,0,1,1,2,0,1,30,1,2,1,0,0,1,43.0,,voiture,,1,2,3,3,6
202200046540,2022-02-19 19:25:00,2022,2,19,19,25,31,31149,TOURNEFEUILLE (ROUTE DE),43.59161,1.34712,Nuit avec éclairage allumé,En agglomération,Intersection en X,Normale,Deux véhicules - côté,7,2,2,0,1,1,1,0,1,50,2,2,1,0,1,0,48.0,43.0,utilitaire_camion,deux_roues,5,2,2,1,3
202200046541,2022-06-10 03:24:00,2022,6,10,3,24,75,75118,BOULEVARD BARBES,48.889496,2.349652,Nuit avec éclairage allumé,En agglomération,Intersection en Y,Normale,Deux véhicules - arrière,4,2,4,1,1,1,1,0,1,30,2,2,1,0,0,1,20.0,43.0,deux_roues,voiture,5,2,4,1,2
202200046542,2022-02-18 17:10:00,2022,2,18,17,10,31,31555,Rue de la Faourette,43.57857,1.42118,Plein jour,En agglomération,Hors intersection,Normale,Autre collision,4,2,2,0,1,1,1,0,4,50,1,1,0,0,1,0,51.0,,deux_roues,,1,2,1,1,6
202200046543,2022-06-10 13:30:00,2022,6,10,13,30,75,75116,AVENUE DE VERSAILLES,48.8387,2.259889,Plein jour,En agglomération,Hors intersection,Normale,Deux véhicules - côté,4,1,3,3,1,1,1,-1,6,50,2,2,1,0,0,1,34.0,27.0,deux_roues,deux_roues,1,2,1,1,3
202200046544,2022-08-16 13:24:00,2022,8,16,13,24,75,75115,RUE DE VAUGIRARD,48.842885,2.312395,Plein jour,En agglomération,Intersection en X,Normale,Deux véhicules - côté,4,1,2,1,1,1,1,-1,5,30,2,2,1,0,0,1,29.0,29.0,deux_roues,deux_roues,1,2,2,1,3
202200046545,2022-02-18 17:30:00,2022,2,18,17,30,30,30007,Avenue Maurice Thorez,44.13803,4.08037,Plein jour,En agglomération,Giratoire,Normale,Deux véhicules - côté,4,2,1,0,1,1,1,0,1,50,2,2,1,0,0,1,53.0,77.0,voiture,deux_roues,1,2,6,1,3
202200046546,2022-06-10 08:45:00,2022,6,10,8,45,75,75116,BOULEVARD FLANDRIN,48.868601,2.27419,Plein jour,En agglomération,Intersection en X,Normale,Deux véhicules - côté,4,1,1,0,1,1,1,0,1,30,2,2,1,0,0,1,78.0,29.0,voiture,deux_roues,1,2,2,1,3
202200046547,2022-06-10 15:00:00,2022,6,10,15,0,75,75115,AVENUE FELIX FAURE,48.839118,2.283001,Plein jour,En agglomération,Hors intersection,Normale,Deux véhicules - côté,4,2,2,0,1,1,1,0,1,30,2,2,1,0,0,1,74.0,33.0,voiture,deux_roues,1,2,1,1,3
202200046548,2022-02-19 19:30:00,2022,2,19,19,30,26,26058,JARDINS RUE DES,44.94582,4.89589,Plein jour,En agglomération,Intersection en T,Normale,Deux véhicules - côté,4,2,5,0,1,1,1,0,1,50,2,3,2,0,1,0,35.0,,deux_roues,voiture,1,2,3,1,3
202200046549,2022-02-19 16:00:00,2022,2,19,16,0,17,17306,BASTIE MARYSE,45.62441,-1.01643,Plein jour,En agglomération,Hors intersection,Normale,Deux véhicules - frontale,4,2,2,0,1,1,1,0,1,30,2,2,1,0,0,1,56.0,89.0,voiture,voiture,1,2,1,1,1
202200046550,2022-06-09 06:50:00,2022,6,9,6,50,75,75115,RUE DE VAUGIRARD,48.8369,2.295837,Plein jour,En agglomération,Intersection en T,Normale,Autre collision,4,2,4,1,1,1,1,-1,5,30,1,2,0,0,0,2,32.0,,deux_roues,,1,2,3,1,6
202200046551,2022-08-16 16:50:00,2022,8,16,16,50,75,75113,PLACE D ITALIE,48.830823,2.356063,Plein jour,En agglomération,Place,Temps couvert,Deux véhicules - côté,4,1,1,0,1,2,1,0,1,30,2,2,1,0,0,1,53.0,34.0,voiture,deux_roues,1,2,7,8,3
202200046552,2022-06-10 01:00:00,2022,6,10,1,0,75,75112,QUAI DE BERCY,48.829152,2.38767,Nuit avec éclairage allumé,En agglomération,Hors intersection,Normale,Autre collision,4,-1,2,0,1,1,1,0,1,30,1,1,0,0,0,1,28.0,,deux_roues,,5,2,1,1,6
202200046553,2022-02-19 16:37:00,2022,2,19,16,37,17,17306,PARIS (DE) (AVENUE),45.62813,-1.05256,Plein jour,En agglomération,Giratoire,Normale,Deux véhicules - côté,4,-1, -1,0,1,2,1,0,1,30,2,2,1,0,1,0,69.0,79.0,deux_roues,voiture,1,2,6,1,3
202200046554,2022-06-10 01:35:00,2022,6,10,1,35,75,75112,BOULEVARD DIDEROT,48.84587,2.373408,Nuit avec éclairage allumé,En agglomération,Intersection en X,Normale,Autre collision,4,1,1,3,1,1,1,0,1,30,1,2,1,0,0,1,53.0,,transport_commun,,5,2,2,1,6
202200046555,2022-02-19 20:50:00,2022,2,19,20,50,14,14118,Rue Basse,49.1852,-0.345,Nuit avec éclairage allumé,En agglomération,Intersection en X,Pluie légère,Autre collision,4,2,2,0,1,1,2,0,4,50,1,2,1,0,1,0,65.0,,voiture,,5,2,2,2,6
202200046556,2022-08-16 15:00:00,2022,8,16,15,0,75,75113,PLACE NATIONALE,48.829175,2.365147,Plein jour,En agglomération,Place,Normale,Deux véhicules - côté,4,1,1,0,1,3,1,0,1,30,2,2,1,0,0,1,14.0,58.0,deux_roues,utilitaire_camion,1,2,7,1,3
202200046557,2022-06-10 18:15:00,2022,6,10,18,15,75,75111,AVENUE PHILIPPE AUGUSTE,48.854338,2.392227,Plein jour,En agglomération,Hors intersection,Normale,Deux véhicules - côté,4,2,2,0,1,1,1,0,1,30,2,2,1,0,0,1,65.0,27.0,voiture,deux_roues,1,2,1,1,3
202200046558,2022-06-09 12:10:00,2022,6,9,12,10,75,75111,RUE DE MONTREUIL,48.851103,2.397243,Plein jour,En agglomération,Hors intersection,Normale,Deux véhicules - côté,4,2,2,0,1,1,1,0,1,30,2,2,1,0,1,0,63.0,72.0,deux_roues,voiture,1,2,1,1,3
202200046559,2022-02-18 12:54:00,2022,2,18,12,54,14,14118,Rue de Formigny,49.1729,-0.3389,Plein jour,En agglomération,Intersection en X,Vent fort / tempête,Deux véhicules - côté,4,1,1,0,2,1,1,0,1,50,2,3,1,0,1,1,44.0,20.0,deux_roues,voiture,1,2,2,6,3
202200046560,2022-06-10 18:45:00,2022,6,10,18,45,75,75110,AVENUE CLAUDE VELLEFAUX,48.876865,2.370316,Plein jour,En agglomération,Hors intersection,Normale,Deux véhicules - côté,4,2,2,0,1,1,1,0,1,30,2,2,1,0,0,1,22.0,42.0,deux_roues,deux_roues,1,2,1,1,3
202200046561,2022-02-19 19:15:00,2022,2,19,19,15,13,13117,ALTADIS (BD DE L'EUROPE),43.43739,5.24171,Nuit avec éclairage allumé,En agglomération,Hors intersection,Normale,Deux véhicules - frontale,4,2,2,0,2,1,1,0,1,50,2,3,1,0,1,1,18.0,46.0,deux_roues,voiture,5,2,1,1,1
202200046562,2022-06-10 13:28:00,2022,6,10,13,28,75,75110,RUE DU HUIT MAI 1945,48.876136,2.358366,Plein jour,En agglomération,Intersection à plus de 4 branches,Normale,Deux véhicules - arrière,4,3,5,0,1,1,1,0,1,30,2,2,1,0,0,1,42.0,47.0,deux_roues,voiture,1,2,5,1,2
202200046563,2022-08-16 10:25:00,2022,8,16,10,25,75,75113,RUE DE TOLBIAC,48.82618,2.357267,Plein jour,En agglomération,Intersection en X,Normale,Autre collision,4,2,3,3,1,1,1,-1,6,30,1,2,1,0,0,1,24.0,,utilitaire_camion,,1,2,2,1,6
202200046564,2022-02-18 05:00:00,2022,2,18,5,0,13,13208,ROUET (RUE DU),43.280441793,5.3898581545,Nuit avec éclairage allumé,En agglomération,Hors intersection,Normale,Deux véhicules - côté,4,1,1,0,1,1,1,0,1,30,1,3,1,0,0,2,20.0,,voiture,,5,2,1,1,3
202200046565,2022-06-10 18:35:00,2022,6,10,18,35,94,94080,PARIS (AV DE),48.84474,2.43842,Plein jour,En agglomération,Hors intersection,Normale,Autre collision,3,2,4,1,1,1,1,9,5,25,1,2,1,0,0,1,46.0,,deux_roues,,1,2,1,1,6
202200046566,2022-02-19 14:30:00,2022,2,19,14,30,13,13204,LACEPEDE (RUE),43.305,5.3985,Plein jour,En agglomération,Hors intersection,Normale,Deux véhicules - arrière,4,1,1,0,2,1,1,0,1,50,1,2,1,0,0,1,,,voiture,,1,2,1,1,2
202200046567,2022-08-16 12:30:00,2022,8,16,12,30,75,75111,AVENUE PARMENTIER,48.859646,2.379117,Plein jour,En agglomération,Hors intersection,Normale,Deux véhicules - côté,4,2,2,0,1,1,1,0,1,30,2,2,1,0,0,1,31.0,36.0,deux_roues,voiture,1,2,1,1,3
202200046568,2022-06-10 07:41:00,2022,6,10,7,41,94,94074,FONTAINE SAINT-MARTIN (R DE LA),48.733426,2.472832,Plein jour,En agglomération,Hors intersection,Normale,Autre collision,4,1,2,0,1,1,1,0,1,50,1,2,1,0,0,1,31.0,,utilitaire_camion,,1,2,1,1,6
202200046569,2022-06-10 08:10:00,2022,6,10,8,10,94,94037,Avenue Raspail,48.81477,2.35186,Plein jour,En agglomération,Autre intersection,Normale,Deux véhicules - côté,3,1,1,1,1,1,1,0,1,30,2,2,1,0,0,1,,17.0,autre,deux_roues,1,2,9,1,3
202200046570,2022-02-19 10:45:00,2022,2,19,10,45,13,13212,ENCO DE BOT (ROUTE),43.3196145608,5.4705538479,Plein jour,En agglomération,Hors intersection,Normale,Deux véhicules - frontale,4,2,2,0,1,1,1,0,1,50,1,2,1,0,1,0,78.0,,voiture,,1,2,1,1,1
202200046571,2022-08-16 18:45:00,2022,8,16,18,45,75,75110,QUAI DE VALMY,48.872897,2.36374,Plein jour,En agglomération,Intersection en X,Pluie forte,Autre collision,4,1,2,2,2,1,2,0,1,30,2,2,1,0,0,1,21.0,69.0,deux_roues,voiture,1,2,2,3,6
202200046572,2022-06-10 17:20:00,2022,6,10,17,20,94,94021,BOULEVARD CIRCULAIRE,48.765866,2.355025,Plein jour,En agglomération,Intersection en X,Normale,Deux véhicules - côté,4,2,2,0,1,1,1,0,1,60,2,4,1,0,3,0,33.0,40.0,voiture,deux_roues,1,2,2,1,3
202200046573,2022-02-19 09:30:00,2022,2,19,9,30,06,06069,SIDI BRAHIM (AVENUE),43.64915,6.93417,Plein jour,En agglomération,Hors intersection,Normale,Deux véhicules - arrière,4,2,2,0,2,1,1,0,1,30,2,2,1,0,0,1,30.0,49.0,voiture,voiture,1,2,1,1,2
202200046574,2022-08-14 23:00:00,2022,8,14,23,0,94,94068,BELLECHASSE (BD DE),48.79377,2.49212,Nuit avec éclairage allumé,En agglomération,Intersection en X,Pluie légère,Deux véhicules - côté,4,2,2,0,1,1,2,5,1,30,2,4,2,0,1,1,46.0,38.0,deux_roues,voiture,5,2,2,2,3
202200046575,2022-02-19 16:05:00,2022,2,19,16,5,75,75114,PORTE D ORLEANS,48.820274,2.324397,Plein jour,En agglomération,Hors intersection,Normale,Trois véhicules et plus - en chaîne,4,1,4,0,1,1,1,0,1,70,3,3,2,0,0,1,26.0,35.0,voiture,utilitaire_camion,1,2,1,1,4
202200046576,2022-06-09 18:45:00,2022,6,9,18,45,94,94017,50 Avenue Marx Dormoy,48.8100053608,2.5216640532,Plein jour,En agglomération,Hors intersection,Normale,Deux véhicules - arrière,3,3,3,0,2,1,1,0,1,50,2,2,1,0,0,1,36.0,38.0,deux_roues,transport_commun,1,2,1,1,2
202200046577,2022-08-15 20:15:00,2022,8,15,20,15,94,94003,PAUL VAILLANT COUTURIER (AV),48.79945,2.34423,Crépuscule ou aube,En agglomération,Intersection en X,Temps couvert,Deux véhicules - frontale,3,2,2,0,1,1,2,0,4,50,1,2,0,0,0,2,25.0,,voiture,,2,2,2,8,1
202200046578,2022-02-18 19:58:00,2022,2,18,19,58,75,75112,BD PERIPHERIQUE EXTERIEUR,48.828353,2.397596,Nuit avec éclairage allumé,En agglomération,Hors intersection,Normale,Deux véhicules - côté,4,1,4,0,1,1,1,0,1,70,2,2,1,0,1,0,24.0,37.0,voiture,deux_roues,5,2,1,1,3
202200046579,2022-08-16 12:00:00,2022,8,16,12,0,94,94060,Rue du Général de Gaulle / Rue Jean Jaurès,48.7800455,2.578124553,Plein jour,En agglomération,Intersection en X,Normale,Autre collision,3,2,4,0,1,1,1,5,1,50,1,1,0,0,0,1,26.0,,deux_roues,,1,2,2,1,6