accident_id,datetime,annee,mois,jour,heure,minute,departement,commune_insee,adresse,latitude,longitude,luminosite,agglomeration,intersection,meteo,collision,catr,circ,nbv,vosp,prof,plan,surf,infra,situ,vma,nb_vehicules,nb_usagers,nb_indemnes,nb_tues,nb_blesses_hosp,nb_blesses_legers,age_cond_1,age_cond_2,veh_type_cond_1,veh_type_cond_2,lum_code,agg_code,int_code,atm_code,col_code
202200046580,2022-02-17 19:31:00,2022,2,17,19,31,75,75104,RUE DE RIVOLI,48.855211,2.361154,Nuit avec éclairage allumé,En agglomération,Intersection en T,Normale,Autre collision,4,2,4,0,1,1,1,0,1,30,1,1,0,0,1,0,66.0,,deux_roues,,5,2,3,1,6
202200046581,2022-06-10 17:30:00,2022,6,10,17,30,93,93050,Avenue Jean Jaures / Rue Francois Villon,48.865137,2.558317,Plein jour,En agglomération,Intersection en T,Normale,Deux véhicules - côté,3,3,4,0,1,1,1,0,1,50,2,2,1,0,0,1,34.0,58.0,voiture,deux_roues,1,2,3,1,3
202200046582,2022-02-19 19:00:00,2022,2,19,19,0,75,75120,AVENUE GAMBETTA,48.863282,2.389037,Plein jour,En agglomération,Hors intersection,Normale,Deux véhicules - côté,4,2,2,1,2,1,1,0,1,30,2,2,1,0,0,1,,40.0,voiture,deux_roues,1,2,1,1,3
202200046583,2022-08-16 14:10:00,2022,8,16,14,10,93,93048,Avenue Gabriel Péri / Avenue du Président Wilson,48.8574145725,2.4400732467,Plein jour,En agglomération,Intersection en X,Normale,Deux véhicules - côté,3,2,2,1,1,1,1,0,1,30,2,2,0,0,0,2,47.0,35.0,voiture,voiture,1,2,2,1,3
202200046584,2022-06-10 09:00:00,2022,6,10,9,0,93,93048,Place du Général de Gaulle / Rue Jean Lolive,48.869318,2.432694,Plein jour,En agglomération,Intersection en X,Normale,Sans collision,3,2,2,1,1,1,1,0,5,50,2,2,1,0,0,1,17.0,22.0,deux_roues,utilitaire_camion,1,2,2,1,7
202200046585,2022-02-18 22:30:00,2022,2,18,22,30,75,75118,RUE DE CLIGNANCOURT,48.89172,2.348723,Nuit avec éclairage allumé,En agglomération,Intersection à plus de 4 branches,Normale,Deux véhicules - côté,4,2,2,0,1,1,1,0,1,30,2,4,3,0,0,1,53.0,42.0,deux_roues,voiture,5,2,5,1,3
202200046586,2022-08-16 18:08:00,2022,8,16,18,8,92,92049,DORMOY AVENUE MARX N°2 A 100,48.80993,2.31675,Crépuscule ou aube,En agglomération,Hors intersection,Pluie forte,Autre collision,3,3,2,0,1,1,2,0,8,50,1,1,0,0,0,1,84.0,,voiture,,2,2,1,3,6
202200046587,2022-02-19 13:55:00,2022,2,19,13,55,75,75117,BOULEVARD DE COURCELLES,48.880528,2.309833,Plein jour,En agglomération,Place,Normale,Deux véhicules - côté,4,2,2,0,1,1,1,0,1,30,2,2,1,0,0,1,49.0,43.0,deux_roues,voiture,1,2,7,1,3
202200046588,2022-08-12 02:00:00,2022,8,12,2,0,50,50066,30 Avenue de la Libération,48.776997,-1.567569,Nuit avec éclairage non allumé,En agglomération,Intersection en T,Normale,Deux véhicules - côté,3,1,1,0,2,1,1,0,1,30,2,2,1,0,1,0,26.0,23.0,voiture,deux_roues,4,2,3,1,3
202200046589,2022-10-26 17:30:00,2022,10,26,17,30,93,93030,Avenue du Général de Gaulle,48.947804434,2.4137872712,Plein jour,En agglomération,Hors intersection,Normale,Autre collision,3,2,2,0,1,1,1,0,1,30,1,2,1,0,1,0,22.0,,voiture,,1,2,1,1,6
202200046590,2022-06-10 16:15:00,2022,6,10,16,15,93,93006,Avenue de la République,48.8609821785,2.4183990061,Plein jour,En agglomération,Hors intersection,Normale,Deux véhicules - côté,3,2,2,1,1,1,1,0,5,30,2,2,1,0,0,1,40.0,,deux_roues,utilitaire_camion,1,2,1,1,3
202200046591,2022-02-19 04:10:00,2022,2,19,4,10,75,75117,BOULEVARD BESSIERES,48.897705,2.327552,Nuit avec éclairage allumé,En agglomération,Hors intersection,Normale,Autre collision,4,2,0,1,1,1,1,0,1,50,1,1,0,0,0,1,33.0,,deux_roues,,5,2,1,1,6
202200046592,2022-08-17 09:40:00,2022,8,17,9,40,08,08088,D29,49.614686,4.913592,Plein jour,Hors agglomération,Hors intersection,Pluie légère,Deux véhicules - côté,3,2,2,0,2,1,2,0,1,80,2,2,1,0,1,0,26.0,27.0,utilitaire_camion,voiture,1,1,1,2,3
202200046593,2022-10-26 12:53:00,2022,10,26,12,53,92,92051,GENERAL KOENIG (BOULEVARD DU),48.8837,2.25428,Plein jour,En agglomération,Hors intersection,Normale,Deux véhicules - arrière,3,2,2,0,1,1,1,0,1,50,2,3,0,0,0,3,80.0,,voiture,,1,2,1,1,2
202200046594,2022-03-31 16:05:00,2022,3,31,16,5,37,37261,TRANCHEE (AVENUE DE LA),47.40178,0.68402,Plein jour,En agglomération,Hors intersection,Normale,Autre collision,4,1,1,2,2,1,1,0,1,30,1,2,1,0,0,1,31.0,,deux_roues,,1,2,1,1,6
202200046595,2022-02-19 09:45:00,2022,2,19,9,45,75,75116,ROUTE DES TRIBUNES,48.862721,2.230942,Plein jour,En agglomération,Hors intersection,Normale,Deux véhicules - arrière,4,2,3,1,1,3,1,0,5,30,2,2,1,0,0,1,60.0,30.0,deux_roues,deux_roues,1,2,1,1,2
202200046596,2022-08-16 21:20:00,2022,8,16,21,20,10,10067,Route de Maisons-Blanches,48.232815,4.122059,Nuit avec éclairage allumé,En agglomération,Intersection en T,Normale,Deux véhicules - côté,3,2,2,0,1,2,1,0,1,50,2,2,1,0,1,0,33.0,21.0,deux_roues,utilitaire_camion,5,2,3,1,3
202200046597,2022-06-09 17:20:00,2022,6,9,17,20,93,93032,Rue du Gènéral Leclerc / Avenue Léon Bry,48.88541,2.53512,Plein jour,En agglomération,Intersection en T,Normale,Deux véhicules - arrière,3,1,1,0,1,1,1,0,1,50,2,2,1,0,0,1,43.0,56.0,voiture,utilitaire_camion,1,2,3,1,2
202200046598,2022-10-27 19:20:00,2022,10,27,19,20,92,92050,FONTENELLES RUE DES,48.8866913402,2.2205319106,Nuit avec éclairage allumé,En agglomération,Intersection en X,Normale,Deux véhicules - côté,4,2,2,0,1,1,1,5,1,50,2,3,1,0,0,2,38.0,15.0,voiture,deux_roues,5,2,2,1,3
202200046599,2022-06-10 16:00:00,2022,6,10,16,0,93,93031,Rue de l'Avenir,48.9560257202,2.3294046521,Plein jour,En agglomération,Hors intersection,Normale,Autre collision,4,2,2,0,1,1,1,0,1,50,1,2,1,0,0,1,37.0,,voiture,,1,2,1,1,6
202200046600,2022-02-17 13:00:00,2022,2,17,13,0,75,75116,RUE DECAMPS,48.864753,2.281361,Plein jour,En agglomération,Intersection en X,Normale,Autre collision,4,1,1,0,1,1,1,0,4,30,1,2,1,0,0,1,77.0,,voiture,,1,2,2,1,6
202200046601,2022-03-30 08:52:00,2022,3,30,8,52,37,37261,RN 76 - Route de St Avertin,47.3647,0.70771,Plein jour,En agglomération,Autre intersection,Temps couvert,Deux véhicules - arrière,4,3,2,0,1,1,1,0,1,50,2,3,1,1,0,1,44.0,35.0,voiture,utilitaire_camion,1,2,9,8,2
202200046602,2022-08-08 01:00:00,2022,8,8,1,0,01,01075,Rte Rd 75a,46.051318,4.821882,Nuit sans éclairage public,Hors agglomération,Intersection en X,Normale,Deux véhicules - côté,3,2,2,0,1,1,1,0,1,80,2,3,1,0,1,1,41.0,31.0,voiture,voiture,3,1,2,1,3
202200046603,2022-10-26 21:47:00,2022,10,26,21,47,92,92035,Sartoris ( rue ),48.9064001872,2.2418484986,Nuit sans éclairage public,En agglomération,Hors intersection,Normale,Sans collision,4,2,1,0,1,1,1,0,1,30,2,2,1,0,0,1,30.0,66.0,deux_roues,voiture,3,2,1,1,7
202200046604,2022-10-27 19:20:00,2022,10,27,19,20,92,92026,SAINT DENIS BD (120 A 174 / 199 A 315),48.899969,2.268564,Nuit avec éclairage allumé,En agglomération,Hors intersection,Normale,Deux véhicules - frontale,3,-1,1,3,1,1,1,0,8,10,2,2,1,0,1,0,6.0,12.0,deux_roues,deux_roues,5,2,1,1,1
202200046605,2022-06-10 17:00:00,2022,6,10,17,0,93,93013,Avenue de la Division Leclerc,48.933998,2.42495,Plein jour,En agglomération,Intersection à plus de 4 branches,Normale,Deux véhicules - côté,3,2,4,0,1,1,1,0,1,50,2,2,1,0,1,0,67.0,38.0,utilitaire_camion,autre,1,2,5,1,3
202200046606,2022-03-31 22:00:00,2022,3,31,22,0,35,35238,LEROUX (BD OSCAR),48.0914517237,-1.6649195552,Nuit avec éclairage allumé,En agglomération,Intersection en T,Normale,Deux véhicules - côté,4,3,2,2,1,1,1,0,1,50,2,2,1,0,0,1,30.0,43.0,voiture,voiture,5,2,3,1,3
202200046607,2022-08-17 06:10:00,2022,8,17,6,10,54,54590,RD618 ,49.49135,5.613799,Crépuscule ou aube,Hors agglomération,Hors intersection,Pluie légère,Autre collision,3,2,2,0,3,1,2,0,1,80,3,5,1,0,1,3,46.0,41.0,utilitaire_camion,voiture,2,1,1,2,6
202200046608,2022-02-19 19:10:00,2022,2,19,19,10,75,75115,BOULEVARD GARIBALDI,48.847383,2.303028,Crépuscule ou aube,En agglomération,Intersection en T,Normale,Deux véhicules - côté,4,1,1,0,1,1,1,0,1,30,2,2,1,0,0,1,22.0,48.0,deux_roues,voiture,2,2,3,1,3
202200046609,2022-10-26 12:00:00,2022,10,26,12,0,92,92007,PASTEUR (AVENUE LOUIS) N° 1 A 39 ET 2 A,48.7971245903,2.3173961341,Plein jour,En agglomération,Intersection en T,Normale,Deux véhicules - arrière,3,2,1,0,1,1,1,0,1,50,2,2,1,0,0,1,44.0,65.0,autre,voiture,1,2,3,1,2
202200046610,2022-03-31 08:30:00,2022,3,31,8,30,35,35238,Rue Louis et René Moine,48.09288,-1.6819,Plein jour,En agglomération,Hors intersection,Normale,Autre collision,4,2,2,0,1,1,1,0,1,50,1,3,2,0,0,1,34.0,,utilitaire_camion,,1,2,1,1,6
202200046611,2022-06-10 13:20:00,2022,6,10,13,20,93,93057,Avenue de Rome / Allee de Bruxelles,48.915836,2.499114,Plein jour,En agglomération,Intersection en T,Normale,Deux véhicules - côté,3,2,2,0,1,1,1,0,1,30,2,2,1,0,0,1,17.0,38.0,deux_roues,voiture,1,2,3,1,3
202200046612,2022-08-17 14:45:00,2022,8,17,14,45,62,62181,D12,50.149155,2.720742,Plein jour,En agglomération,Hors intersection,Normale,Deux véhicules - frontale,3,2,2,0,2,1,1,0,1,50,2,2,1,1,0,0,85.0,90.0,deux_roues,voiture,1,2,1,1,1
202200046613,2022-02-18 16:25:00,2022,2,18,16,25,75,75115,BOULEVARD PASTEUR,48.83923,2.316432,Plein jour,En agglomération,Hors intersection,Vent fort / tempête,Deux véhicules - côté,4,2,5,0,2,1,1,0,1,30,2,2,1,0,0,1,41.0,26.0,voiture,deux_roues,1,2,1,6,3
202200046614,2022-03-31 01:10:00,2022,3,31,1,10,35,35238,Quai de la Prévalaye,48.10847,-1.68853,Nuit avec éclairage allumé,En agglomération,Hors intersection,Normale,Autre collision,4,1,1,1,2,1,1,0,5,30,1,2,1,0,0,1,47.0,,deux_roues,,5,2,1,1,6
202200046615,2022-10-27 15:00:00,2022,10,27,15,0,09,09085,Avenue Noel Peyrevidal,42.920446,1.03142,Plein jour,En agglomération,Hors intersection,Normale,Trois véhicules et plus - en chaîne,3,2,1,0,3,4,1,0,1,30,3,3,2,0,1,0,89.0,69.0,voiture,voiture,1,2,1,1,4
202200046616,2022-06-10 08:30:00,2022,6,10,8,30,93,93007,Avenue Georges Guynemer / avenue Bariseel,48.945,2.4474,Plein jour,En agglomération,Intersection en T,Normale,Autre collision,4,2,2,0,1,1,1,0,1,50,1,2,1,0,0,1,36.0,,voiture,,1,2,3,1,6
202200046617,2022-08-15 05:29:00,2022,8,15,5,29,57,57239,D674,48.992052,6.791267,Nuit sans éclairage public,Hors agglomération,Hors intersection,Pluie légère,Deux véhicules - frontale,3,2,2,0,2,2,1,0,1,80,2,2,0,0,0,2,24.0,21.0,voiture,voiture,3,1,1,2,1
202200046618,2022-10-27 07:33:00,2022,10,27,7,33,51,51649,Faubourg de Vitry-le-Brûlé,48.728725,4.587575,Nuit avec éclairage allumé,En agglomération,Autre intersection,Normale,Sans collision,3,3,1,0,1,1,1,0,1,50,1,2,1,0,1,0,72.0,,voiture,,5,2,9,1,7
202200046619,2022-07-29 07:51:00,2022,7,29,7,51,59,59580,Place Norbert Segard,50.8094150372,2.582269907,Plein jour,En agglomération,Place,Temps éblouissant,Autre collision,3,2,1,0,1,1,1,0,1,50,1,2,1,0,1,0,27.0,,voiture,,1,2,7,7,6
202200046620,2022-03-30 18:15:00,2022,3,30,18,15,33,33063,Rue Raymond Poincaré,44.84408,-0.54369,Plein jour,En agglomération,Hors intersection,Normale,Deux véhicules - côté,4,2,2,0,1,1,1,0,1,30,2,2,1,0,1,0,42.0,16.0,utilitaire_camion,deux_roues,1,2,1,1,3
202200046621,2022-02-18 15:25:00,2022,2,18,15,25,75,75115,RUE DE VAUGIRARD,48.837928,2.297743,Plein jour,En agglomération,Intersection en X,Normale,Trois véhicules et plus - collisions multiples,4,2,4,1,1,1,1,-1,5,30,3,3,2,0,0,1,37.0,24.0,deux_roues,deux_roues,1,2,2,1,5
202200046622,2022-06-10 14:50:00,2022,6,10,14,50,92,92063,DOUMER (AVENUE PAUL) EST,48.878771,2.177336,Plein jour,En agglomération,Intersection en X,Normale,Deux véhicules - arrière,3,1,2,0,1,1,1,0,1,50,2,2,1,0,0,1,46.0,82.0,utilitaire_camion,voiture,1,2,2,1,2
202200046623,2022-08-16 15:45:00,2022,8,16,15,45,59,59110,12 Route de la Colme,50.9395333614,2.3042830825,Plein jour,Hors agglomération,Hors intersection,Pluie légère,Sans collision,3,2,2,0,1,1,2,0,8,70,1,1,0,0,1,0,50.0,,deux_roues,,1,1,1,2,7
202200046624,2022-02-19 13:24:00,2022,2,19,13,24,75,75114,RUE DU DEPART,48.841504,2.322061,Plein jour,En agglomération,Hors intersection,Normale,Deux véhicules - arrière,4,1,2,3,1,1,1,0,6,30,2,2,1,0,0,1,40.0,75.0,deux_roues,deux_roues,1,2,1,1,2
202200046625,2022-08-16 20:25:00,2022,8,16,20,25,76,76688,Route de Valmont,49.741552,0.510821,Plein jour,En agglomération,Hors intersection,Normale,Sans collision,3,2,2,0,2,1,1,0,4,50,1,1,0,0,1,0,16.0,,deux_roues,,1,2,1,1,7
202200046626,2022-03-30 15:55:00,2022,3,30,15,55,33,33063,Boulevard Georges Pompidou,44.8326,-0.6021,Plein jour,En agglomération,Hors intersection,Normale,Deux véhicules - côté,4,3,4,2,1,1,1,0,1,50,2,2,0,1,1,0,34.0,63.0,deux_roues,voiture,1,2,1,1,3
202200046627,2022-06-10 17:00:00,2022,6,10,17,0,92,92062,CARTAULT (RUE),48.88331,2.23265,Plein jour,En agglomération,Hors intersection,Normale,Autre collision,4,1,1,0,1,1,1,0,1,50,1,2,1,0,0,1,46.0,,autre,,1,2,1,1,6
202200046628,2022-10-27 16:20:00,2022,10,27,16,20,01,01033,,46.16055,5.779865,Plein jour,Hors agglomération,Hors intersection,Normale,Deux véhicules - frontale,3,2,2,0,2,1,1,0,1,70,2,3,1,0,1,1,77.0,25.0,voiture,voiture,1,1,1,1,1
202200046629,2022-08-16 22:20:00,2022,8,16,22,20,76,76550,La Grande Voie,49.3761,0.928924,Nuit avec éclairage allumé,Hors agglomération,Hors intersection,Normale,Autre collision,7,2,2,0,1,1,1,0,3,50,1,1,0,0,1,0,20.0,,voiture,,5,1,1,1,6
202200046630,2022-02-19 13:15:00,2022,2,19,13,15,75,75113,AVENUE DE CHOISY,48.826902,2.359372,Plein jour,En agglomération,Hors intersection,Normale,Deux véhicules - arrière,4,2,3,0,1,1,1,0,1,30,2,2,1,0,0,1,24.0,55.0,deux_roues,voiture,1,2,1,1,2
202200046631,2022-08-16 01:28:00,2022,8,16,1,28,80,80620,Route de Saint-Denis,49.935122,2.940318,Nuit sans éclairage public,En agglomération,Hors intersection,Normale,Autre collision,4,2,2,0,1,2,2,0,1,-1,1,1,0,0,1,0,16.0,,deux_roues,,3,2,1,1,6
202200046632,2022-03-28 17:30:00,2022,3,28,17,30,33,33281,Avenue de Verdun,44.8394,-0.63642,Plein jour,En agglomération,Intersection en T,Normale,Autre collision,4,2,2,2,1,1,1,0,5,50,1,2,1,0,0,1,25.0,,deux_roues,,1,2,3,1,6
202200046633,2022-10-26 12:20:00,2022,10,26,12,20,59,59570,D916,50.9562601952,2.4330948293,Plein jour,En agglomération,Intersection en T,Normale,Deux véhicules - côté,3,2,2,0,1,1,1,5,1,30,2,2,1,0,1,0,33.0,16.0,utilitaire_camion,deux_roues,1,2,3,1,3
202200046634,2022-08-17 11:00:00,2022,8,17,11,0,65,65267,Camin de Catibére,42.990358,-0.09715,Plein jour,Hors agglomération,Hors intersection,Normale,Sans collision,4,2,2,0,2,3,1,0,1,80,1,1,0,0,0,1,41.0,,deux_roues,,1,1,1,1,7
202200046635,2022-06-10 08:30:00,2022,6,10,8,30,92,92062,HUGO (RUE VICTOR),48.8829033256,2.2350244224,Plein jour,En agglomération,Hors intersection,Normale,Autre collision,4,1,1,2,1,1,1,0,5,50,1,2,1,0,0,1,25.0,,autre,,1,2,1,1,6
202200046636,2022-10-28 08:55:00,2022,10,28,8,55,87,87020,A20,45.9348700146,1.3040259584,Plein jour,Hors agglomération,Hors intersection,Normale,Autre collision,1,3,4,0,2,3,1,0,1,110,1,1,0,0,1,0,37.0,,deux_roues,,1,1,1,1,6
202200046637,2022-04-01 00:05:00,2022,4,1,0,5,31,31555,26 LA FAOURETTE  (PERIPH OUEST A620),43.5740070717,1.4096617699,Nuit sans éclairage public,En agglomération,Hors intersection,Pluie forte,Deux véhicules - arrière,1,3,3,0,1,1,2,0,1,90,2,2,0,0,1,1,34.0,22.0,voiture,voiture,3,2,1,3,2
202200046638,2022-02-19 11:05:00,2022,2,19,11,5,75,75112,PLACE D ALIGRE,48.849272,2.377991,Plein jour,En agglomération,Place,Normale,Autre collision,4,1,1,2,1,1,1,0,1,30,1,2,1,0,0,1,87.0,,voiture,,1,2,7,1,6
202200046639,2022-08-16 17:25:00,2022,8,16,17,25,33,33518,960 Route des Côteaux,44.734487,-0.408216,Plein jour,Hors agglomération,Hors intersection,Normale,Deux véhicules - côté,3,2,2,0,1,3,1,0,1,70,2,2,1,0,1,0,23.0,61.0,deux_roues,voiture,1,1,1,1,3
202200046640,2022-10-27 11:10:00,2022,10,27,11,10,58,58215,A77 PK 118+500,47.262149468,2.9843932278,Plein jour,Hors agglomération,Hors intersection,Normale,Sans collision,1,1,4,0,1,3,1,0,2,110,1,1,0,0,0,1,22.0,,voiture,,1,1,1,1,7
202200046641,2022-06-10 14:08:00,2022,6,10,14,8,92,92044,VOLTAIRE(RUE)1A51 ET2A40,48.8930551125,2.2868540883,Plein jour,En agglomération,Intersection en X,Normale,Deux véhicules - côté,4,1,1,0,1,1,1,0,1,50,2,2,1,0,0,1,46.0,56.0,voiture,deux_roues,1,2,2,1,3
202200046642,2022-08-16 16:52:00,2022,8,16,16,52,61,61278,2 rue des génetés,48.718492,-0.541283,Plein jour,En agglomération,Hors intersection,Pluie légère,Autre collision,4,2,2,0,1,1,2,0,8,50,1,2,1,0,0,1,29.0,,utilitaire_camion,,1,2,1,2,6
202200046643,2022-03-26 11:30:00,2022,3,26,11,30,30,30189,Route de Saint-Gilles,43.8027,4.3739,Plein jour,Hors agglomération,Intersection en T,Normale,Deux véhicules - côté,3,2,2,0,1,1,1,0,1,50,2,2,1,0,0,1,20.0,61.0,deux_roues,voiture,1,1,3,1,3
202200046644,2022-10-27 16:00:00,2022,10,27,16,0,83,83018,Route de Garouvin,43.330017,6.179423,Plein jour,Hors agglomération,Hors intersection,Normale,Autre collision,3,2,2,0,1,1,1,0,1,90,2,2,1,0,1,0,46.0,23.0,voiture,utilitaire_camion,1,1,1,1,6
202200046645,2022-02-19 16:15:00,2022,2,19,16,15,75,75111,AVENUE LEDRU ROLLIN,48.851298,2.376136,Plein jour,En agglomération,Intersection en X,Normale,Deux véhicules - côté,4,2,2,0,1,1,1,0,1,30,2,2,1,0,0,1,22.0,31.0,deux_roues,voiture,1,2,2,1,3
202200046646,2022-03-31 17:57:00,2022,3,31,17,57,29,29039,D22 - Route de Melgven,47.8823067261,-3.8787474631,Plein jour,Hors agglomération,Hors intersection,Normale,Sans collision,3,2,2,0,2,2,1,0,1,80,1,1,0,0,0,1,18.0,,deux_roues,,1,1,1,1,7
202200046647,2022-06-09 20:23:00,2022,6,9,20,23,92,92040,PASTEUR (AVENUE),48.8209,2.262,Crépuscule ou aube,En agglomération,Hors intersection,Normale,Deux véhicules - côté,3,2,2,0,2,1,1,0,1,30,2,3,1,0,0,2,26.0,30.0,voiture,deux_roues,2,2,1,1,3
202200046648,2022-08-16 10:30:00,2022,8,16,10,30,12,12264,Avenue du Tindoul,44.406735,2.597436,Plein jour,En agglomération,Hors intersection,Normale,Deux véhicules - frontale,3,2,2,0,1,3,1,0,1,50,2,4,2,0,0,2,57.0,32.0,voiture,voiture,1,2,1,1,1
202200046649,2022-10-27 09:47:00,2022,10,27,9,47,57,57097,rue du général de gaulle,49.183777,6.493507,Plein jour,En agglomération,Intersection en X,Normale,Sans collision,4,2,2,0,1,1,1,0,1,50,1,2,1,0,0,1,90.0,,voiture,,1,2,2,1,7
202200046650,2022-02-19 10:30:00,2022,2,19,10,30,75,75111,BOULEVARD DE MENILMONTANT,48.859822,2.388765,Plein jour,En agglomération,Intersection en T,Normale,Deux véhicules - côté,4,1,2,1,1,1,1,0,1,30,2,2,1,0,0,1,33.0,36.0,voiture,deux_roues,1,2,3,1,3
202200046651,2022-08-17 14:35:00,2022,8,17,14,35,47,47269,2475 Avenue Jean Monnet,44.182223,0.742645,Plein jour,Hors agglomération,Hors intersection,Normale,Autre collision,3,2,2,0,1,1,1,0,1,80,1,1,0,0,1,0,24.0,,deux_roues,,1,1,1,1,6
202200046652,2022-10-15 21:20:00,2022,10,15,21,20,56,56140,Kerlambily,47.92355,-2.83658,Nuit sans éclairage public,Hors agglomération,Hors intersection,Normale,Deux véhicules - frontale,3,2,2,0,1,3,2,0,1,80,2,2,1,0,0,1,19.0,38.0,voiture,voiture,3,1,1,1,1
202200046653,2022-06-09 18:15:00,2022,6,9,18,15,92,92036,JEAN JAURES (RUE) (2),48.92676,2.2944,Plein jour,En agglomération,Intersection en X,Normale,Deux véhicules - côté,3,2,3,0,1,1,1,0,1,50,2,2,1,0,0,1,28.0,33.0,deux_roues,voiture,1,2,2,1,3
202200046654,2022-08-16 18:45:00,2022,8,16,18,45,44,44030,8 Rue des Hauts de Penlys,47.442652,-2.236158,Plein jour,En agglomération,Hors intersection,Normale,Deux véhicules - frontale,3,2,2,0,1,1,1,0,1,-1,2,3,1,0,0,2,57.0,19.0,voiture,voiture,1,2,1,1,1
202200046655,2022-10-28 07:30:00,2022,10,28,7,30,56,56061,13 Rue de la Liberte,47.76874,-2.14154,Nuit avec éclairage allumé,En agglomération,Hors intersection,Normale,Autre collision,3,2,2,0,2,1,1,0,1,50,1,2,1,0,1,0,47.0,,utilitaire_camion,,5,2,1,1,6
202200046656,2022-02-19 16:50:00,2022,2,19,16,50,75,75108,AVENUE DES CHAMPS ELYSEES,48.871224,2.303067,Plein jour,En agglomération,Hors intersection,Normale,Deux véhicules - côté,4,3,8,1,2,1,1,0,5,30,2,2,1,0,0,1,53.0,60.0,voiture,deux_roues,1,2,1,1,3
202200046657,2022-06-10 01:40:00,2022,6,10,1,40,92,92025,VALMY (BD DE),48.9260832666,2.2530077621,Nuit avec éclairage allumé,En agglomération,Intersection en T,Normale,Deux véhicules - côté,3,2,2,1,2,1,1,0,5,30,2,2,1,0,0,1,43.0,33.0,voiture,deux_roues,5,2,3,1,3
202200046658,2022-03-31 20:55:00,2022,3,31,20,55,14,14181,D229,49.14987,-0.32337,Nuit avec éclairage allumé,En agglomération,Autre intersection,Normale,Autre collision,3,2,2,0,1,1,1,5,4,50,1,1,0,0,0,1,47.0,,voiture,,5,2,9,1,6
202200046659,2022-10-28 07:45:00,2022,10,28,7,45,77,77109,D231,48.598579,3.214703,Crépuscule ou aube,Hors agglomération,Hors intersection,Normale,Deux véhicules - frontale,3,2,2,0,1,1,1,0,1,90,2,2,1,0,1,0,64.0,41.0,deux_roues,voiture,2,1,1,1,1
202200046660,2022-08-17 11:15:00,2022,8,17,11,15,66,66063,,42.486856776,2.8372507542,Plein jour,Hors agglomération,Intersection en T,Normale,Deux véhicules - côté,3,2,2,0,1,1,1,0,1,80,2,3,2,0,1,0,44.0,64.0,deux_roues,voiture,1,1,3,1,3
202200046661,2022-02-19 17:50:00,2022,2,19,17,50,75,75107,QUAI ANATOLE FRANCE,48.861127,2.324176,Crépuscule ou aube,En agglomération,Intersection en T,Pluie légère,Sans collision,4,1,3,1,1,1,2,0,1,30,1,2,1,0,0,1,25.0,,deux_roues,,2,2,3,2,7
202200046662,2022-05-03 15:45:00,2022,5,3,15,45,92,92004,DOCTEUR DERVAUX  ( QUAI DU ),48.9093430632,2.2937631905,Plein jour,Hors agglomération,Hors intersection,Normale,Deux véhicules - côté,3,-1,2,0,1,1,1,0,1,50,2,2,1,0,0,1,35.0,49.0,deux_roues,autre,1,1,1,1,3
202200046663,2022-08-10 13:10:00,2022,8,10,13,10,06,06079,Rue Capitaine de Corvette Marche,43.517793,6.936622,Plein jour,Hors agglomération,Hors intersection,Normale,Sans collision,3,2,2,0,2,4,1,0,3,50,1,1,0,0,1,0,55.0,,deux_roues,,1,1,1,1,7
202200046664,2022-10-28 09:50:00,2022,10,28,9,50,76,76243,Rue des Prairies,49.532172,1.361382,Plein jour,Hors agglomération,Hors intersection,Normale,Deux véhicules - côté,3,2,2,0,2,3,1,0,1,80,2,2,1,0,1,0,93.0,61.0,voiture,deux_roues,1,1,1,1,3
202200046665,2022-03-31 18:20:00,2022,3,31,18,20,13,13209,MAZARGUES (AVENUE DE),43.25015,5.39593,Plein jour,En agglomération,Intersection en T,Normale,Deux véhicules - frontale,4,2,2,0,1,1,1,0,1,50,1,2,1,0,0,1,,,utilitaire_camion,,1,2,3,1,1
202200046666,2022-02-19 15:17:00,2022,2,19,15,17,75,75104,BOULEVARD DU PALAIS,48.854807,2.345378,Plein jour,En agglomération,Hors intersection,Normale,Autre collision,4,2,3,3,1,1,1,0,6,30,1,1,0,0,0,1,18.0,,deux_roues,,1,2,1,1,6
202200046667,2022-06-08 14:15:00,2022,6,8,14,15,47,47146,D242,44.429842,0.677805,Plein jour,Hors agglomération,Hors intersection,Pluie légère,Sans collision,3,2,2,0,1,1,2,0,1,80,1,1,0,0,1,0,42.0,,deux_roues,,1,1,1,2,7
202200046668,2022-08-16 17:00:00,2022,8,16,17,0,43,43265,Lieu Dit les Rioux,45.235947,4.168,Plein jour,Hors agglomération,Autre intersection,Normale,Sans collision,4,-1,1,0,1,3,9,0,8,-1,1,2,1,0,1,0,36.0,,deux_roues,,1,1,9,1,7
202200046669,2022-10-28 16:30:00,2022,10,28,16,30,65,65031,D929,42.912608,0.359008,Plein jour,Hors agglomération,Hors intersection,Normale,Deux véhicules - frontale,3,2,2,0,1,2,1,0,1,90,2,2,1,0,0,1,46.0,20.0,voiture,voiture,1,1,1,1,1
202200046670,2022-03-31 08:43:00,2022,3,31,8,43,13,13207,TUNNEL PRADO SUD,43.28918,5.37,Plein jour,En agglomération,Hors intersection,Normale,Deux véhicules - arrière,9,1,5,0,1,1,1,1,8,50,2,2,1,0,0,1,29.0,35.0,voiture,voiture,1,2,1,1,2
202200046671,2022-10-27 20:39:00,2022,10,27,20,39,65,65316,Rue des Pyrenees,43.196698,0.450933,Nuit sans éclairage public,Hors agglomération,Hors intersection,Normale,Autre collision,3,2,2,0,1,4,1,0,3,90,1,1,0,0,1,0,56.0,,deux_roues,,3,1,1,1,6