accident_id,datetime,annee,mois,jour,heure,minute,departement,commune_insee,adresse,latitude,longitude,luminosite,agglomeration,intersection,meteo,collision,catr,circ,nbv,vosp,prof,plan,surf,infra,situ,vma,nb_vehicules,nb_usagers,nb_indemnes,nb_tues,nb_blesses_hosp,nb_blesses_legers,age_cond_1,age_cond_2,veh_type_cond_1,veh_type_cond_2,lum_code,agg_code,int_code,atm_code,col_code
202200046672,2022-02-19 13:00:00,2022,2,19,13,0,94,94003,123 Avenue Aristide Briand,48.8021,2.32439,Plein jour,En agglomération,Autre intersection,Normale,Sans collision,3,-1,2,2,1,1,1,0,1,50,2,2,1,0,0,1,28.0,22.0,utilitaire_camion,deux_roues,1,2,9,1,7
202200046673,2022-06-11 13:40:00,2022,6,11,13,40,08,08027,D951,49.563413,4.475684,Plein jour,Hors agglomération,Intersection en X,Normale,Deux véhicules - côté,3,2,2,0,1,1,1,0,1,80,2,2,1,0,1,0,28.0,57.0,voiture,deux_roues,1,1,2,1,3
202200046674,2022-08-14 16:30:00,2022,8,14,16,30,04,04135,Route de Riez,43.843478,6.219493,Plein jour,En agglomération,,Normale,Deux véhicules - arrière,3,2,2,0,1,1,1,0,1,70,2,6,5,0,1,0,44.0,88.0,voiture,voiture,1,2,-1,1,2
202200046675,2022-10-24 17:50:00,2022,10,24,17,50,33,33480,D122,44.8417715688,-0.1845520735,Plein jour,Hors agglomération,Hors intersection,Normale,Deux véhicules - arrière,3,2,2,0,1,1,1,0,1,80,2,2,1,0,1,0,16.0,54.0,deux_roues,utilitaire_camion,1,1,1,1,2
202200046676,2022-03-31 06:45:00,2022,3,31,6,45,13,13205,BAILLE (BOULEVARD),43.28887,5.39475,Nuit avec éclairage allumé,En agglomération,Autre intersection,Temps couvert,Deux véhicules - côté,4,2,4,0,1,1,2,0,1,50,2,4,1,0,0,3,69.0,28.0,voiture,voiture,5,2,9,8,3
202200046677,2022-02-19 11:52:00,2022,2,19,11,52,94,94047,25 Rue de Brie,48.7008963794,2.5472016333,Plein jour,En agglomération,Hors intersection,Normale,Autre collision,3,2,2,0,1,1,1,0,1,50,1,2,1,0,0,1,52.0,,voiture,,1,2,1,1,6
202200046678,2022-06-11 11:00:00,2022,6,11,11,0,26,26258,D6 - PK/PR 24+100,44.637349,4.982638,Plein jour,Hors agglomération,Hors intersection,Normale,Deux véhicules - frontale,3,2,2,0,2,3,1,0,1,80,2,3,2,0,0,1,29.0,21.0,deux_roues,voiture,1,1,1,1,1
202200046679,2022-10-22 19:10:00,2022,10,22,19,10,42,42222,36 Route de Chevrières,45.587566,4.323764,Crépuscule ou aube,En agglomération,Hors intersection,Autre,Autre collision,7,2,2,0,2,2,2,0,1,50,1,1,0,0,1,0,20.0,,deux_roues,,2,2,1,9,6
202200046680,2022-02-19 13:50:00,2022,2,19,13,50,93,93073,RACINE (RUE JEAN),48.95972,2.57459,Plein jour,En agglomération,Hors intersection,Normale,Autre collision,4,2,2,0,1,1,1,0,1,50,1,2,1,0,0,1,24.0,,voiture,,1,2,1,1,6
202200046681,2022-08-12 12:45:00,2022,8,12,12,45,27,27464,intersection RD51 - impasse d'abonnel,48.951941,1.119742,Plein jour,En agglomération,Intersection en T,Normale,Deux véhicules - arrière,3,2,2,0,1,1,1,0,1,50,2,2,1,0,0,1,36.0,20.0,deux_roues,utilitaire_camion,1,2,3,1,2
202200046682,2022-10-28 10:55:00,2022,10,28,10,55,03,03080,Route de Serbannes,46.104929,3.310889,Plein jour,Hors agglomération,Hors intersection,Normale,Sans collision,3,2,2,0,1,2,1,0,1,90,1,1,0,1,0,0,35.0,,utilitaire_camion,,1,1,1,1,7
202200046683,2022-06-10 12:00:00,2022,6,10,12,0,38,38157,Route d Aiguebelle,45.5072,4.951889,Plein jour,Hors agglomération,Intersection en X,Normale,Deux véhicules - côté,4,2,2,0,1,1,1,5,1,80,2,2,1,0,0,1,68.0,72.0,voiture,voiture,1,1,2,1,3
202200046684,2022-03-30 17:15:00,2022,3,30,17,15,13,13208,PRADO (AVENUE DU),43.2704725551,5.3877927048,Plein jour,En agglomération,Autre intersection,Pluie légère,Deux véhicules - côté,4,2,6,0,1,1,2,0,1,50,2,3,2,0,0,1,25.0,,utilitaire_camion,voiture,1,2,9,2,3
202200046685,2022-02-18 22:55:00,2022,2,18,22,55,93,93032,MICHEL JANIN   (RUE),48.87948,2.54887,Nuit avec éclairage allumé,En agglomération,Hors intersection,Normale,Deux véhicules - arrière,4,2,1,0,2,1,1,0,1,50,2,2,1,0,0,1,26.0,31.0,voiture,voiture,5,2,1,1,2
202200046686,2022-08-16 02:40:00,2022,8,16,2,40,28,28164,N154,48.23768,1.783648,Nuit sans éclairage public,Hors agglomération,Hors intersection,Normale,Deux véhicules - frontale,2,2,2,0,1,1,1,0,1,80,2,2,0,1,1,0,21.0,26.0,deux_roues,voiture,3,1,1,1,1
202200046687,2022-06-11 10:30:00,2022,6,11,10,30,95,95452,RD 85,49.1304443032,2.3015713692,Plein jour,Hors agglomération,Hors intersection,Normale,Sans collision,3,2,2,0,2,2,1,0,1,70,1,1,0,0,1,0,25.0,,deux_roues,,1,1,1,1,7
202200046688,2022-10-24 18:00:00,2022,10,24,18,0,14,14431,D40,49.068573,-0.130402,Plein jour,Hors agglomération,Intersection en X,Normale,Deux véhicules - côté,3,2,2,0,1,1,1,0,1,80,2,2,1,0,0,1,60.0,31.0,utilitaire_camion,voiture,1,1,2,1,3
202200046689,2022-03-29 18:18:00,2022,3,29,18,18,12,12202,MOUTIERS (GIRATOIRE DES),44.36364,2.57553,Plein jour,En agglomération,Giratoire,Normale,Deux véhicules - côté,2,3,4,0,1,1,1,5,1,50,2,2,0,1,0,1,55.0,43.0,deux_roues,voiture,1,2,6,1,3
202200046690,2022-02-19 14:36:00,2022,2,19,14,36,93,93031,Avenue de la République / Rue Gounod,48.94817,2.3386,Plein jour,En agglomération,Intersection en T,Normale,Autre collision,3,3,4,1,1,1,1,0,4,50,1,1,0,0,1,0,19.0,,voiture,,1,2,3,1,6
202200046691,2022-08-17 05:01:00,2022,8,17,5,1,17,17266,D739E,45.942213,-0.684382,Nuit sans éclairage public,Hors agglomération,Hors intersection,Normale,Sans collision,3,2,2,0,2,1,1,0,3,80,1,2,0,2,0,0,82.0,,voiture,,3,1,1,1,7
202200046692,2022-06-10 13:20:00,2022,6,10,13,20,49,49092,RD 756 PK 19,47.210240028,-0.81069231,Plein jour,Hors agglomération,Hors intersection,Normale,Deux véhicules - frontale,3,2,2,0,1,1,1,0,1,80,2,2,1,0,1,0,19.0,27.0,utilitaire_camion,voiture,1,1,1,1,1
202200046693,2022-10-28 10:45:00,2022,10,28,10,45,50,50487,21 Rue de la Libération,48.525697,-1.32492,Plein jour,En agglomération,Hors intersection,Normale,Autre collision,3,2,2,0,1,1,1,9,1,50,1,2,1,0,1,0,32.0,,utilitaire_camion,,1,2,1,1,6
202200046694,2022-02-19 03:35:00,2022,2,19,3,35,93,93007,Place Pierre Sémard,48.933407,2.477229,Nuit avec éclairage allumé,En agglomération,Hors intersection,Normale,Autre collision,3,3,2,0,1,1,1,0,1,50,1,5,1,0,0,4,19.0,,voiture,,5,2,1,1,6
202200046695,2022-10-28 07:30:00,2022,10,28,7,30,09,09271,Chemin des Coteaux,43.122389,1.506243,Nuit sans éclairage public,Hors agglomération,Hors intersection,Normale,Autre collision,4,2,1,0,2,2,1,0,1,70,1,1,0,1,0,0,29.0,,voiture,,3,1,1,1,6
202200046696,2022-08-14 10:10:00,2022,8,14,10,10,17,17203,D112,46.062229,-0.848415,Plein jour,Hors agglomération,Hors intersection,Normale,Deux véhicules - côté,3,2,2,0,2,1,1,0,1,80,2,3,2,0,1,0,63.0,20.0,deux_roues,voiture,1,1,1,1,3
202200046697,2022-03-31 13:50:00,2022,3,31,13,50,07,07070,,44.95542,4.84623,Plein jour,Hors agglomération,Hors intersection,Normale,Deux véhicules - frontale,3,2,1,0,1,1,1,0,1,70,2,3,1,0,0,2,43.0,35.0,utilitaire_camion,voiture,1,1,1,1,1
202200046698,2022-06-10 19:58:00,2022,6,10,19,58,83,83086,,43.4703556122,6.5784466155,Plein jour,En agglomération,Hors intersection,Normale,Sans collision,3,2,1,0,1,1,1,0,3,50,1,1,0,0,1,0,23.0,,deux_roues,,1,2,1,1,7
202200046699,2022-02-20 16:25:00,2022,2,20,16,25,01,01333,D4,45.925707,4.975938,Plein jour,Hors agglomération,Hors intersection,Normale,Sans collision,3,2,2,0,1,1,1,0,1,80,1,1,0,0,1,0,59.0,,voiture,,1,1,1,1,7
202200046700,2022-10-27 17:25:00,2022,10,27,17,25,21,21030,D18,47.159577,4.729271,Plein jour,Hors agglomération,Hors intersection,Normale,Sans collision,3,2,2,0,2,3,2,0,1,80,1,2,0,0,0,2,22.0,,deux_roues,,1,1,1,1,7
202200046701,2022-08-16 11:40:00,2022,8,16,11,40,37,37050,Rue des Frères Voisin,47.3378232919,0.6993417442,Plein jour,En agglomération,Hors intersection,Normale,Autre collision,6,-1, -1,0,1,1,2,6,8,30,1,2,1,0,1,0,68.0,,voiture,,1,2,1,1,6
202200046702,2022-03-30 11:11:00,2022,3,30,11,11,06,06088,VOIE RAPIDE,43.701734,7.25458,Plein jour,En agglomération,Hors intersection,Temps couvert,Autre collision,4,1,2,0,1,1,1,9,1,70,1,1,0,1,0,0,75.0,,deux_roues,,1,2,1,8,6
202200046703,2022-10-27 15:45:00,2022,10,27,15,45,24,24460,Route de Périgueux,45.248776,0.425377,Plein jour,En agglomération,Hors intersection,Normale,Autre collision,3,2,2,0,1,1,1,0,3,50,1,2,1,0,1,0,72.0,,voiture,,1,2,1,1,6
202200046704,2022-08-16 21:48:00,2022,8,16,21,48,48,48096,2 Quai de la Barrière,44.177837,3.428437,Nuit avec éclairage allumé,En agglomération,Intersection en T,Pluie légère,Autre collision,3,2,2,0,1,1,2,0,1,30,1,2,1,0,1,0,25.0,,voiture,,5,2,3,2,6
202200046705,2022-03-21 16:10:00,2022,3,21,16,10,06,06004,CANNES(RN.7) AV.DE,43.57495,7.09383,Plein jour,En agglomération,Hors intersection,Normale,Deux véhicules - côté,4,2,2,0,1,1,1,0,1,50,2,2,1,0,1,0,54.0,21.0,voiture,deux_roues,1,2,1,1,3
202200046706,2022-06-05 14:20:00,2022,6,5,14,20,974,97414,RN5,-21.235417,55.456098,Plein jour,Hors agglomération,Hors intersection,Normale,Trois véhicules et plus - collisions multiples,2,2,2,0,2,1,1,9,1,80,5,5,3,0,0,2,18.0,15.0,deux_roues,deux_roues,1,1,1,1,5
202200046707,2022-02-19 18:55:00,2022,2,19,18,55,74,74118,A40,46.168248,6.203134,Nuit sans éclairage public,Hors agglomération,Hors intersection,Normale,Trois véhicules et plus - en chaîne,1,3,4,0,2,1,1,0,1,110,3,6,5,0,0,1,48.0,24.0,voiture,voiture,3,1,1,1,4
202200046708,2022-10-28 15:15:00,2022,10,28,15,15,85,85142,RD80 le moulinard,46.77062,-1.30168,Plein jour,Hors agglomération,Intersection en Y,Normale,Deux véhicules - frontale,3,2,2,0,1,1,1,0,1,80,2,2,1,0,1,0,53.0,17.0,utilitaire_camion,deux_roues,1,1,4,1,1
202200046709,2022-08-16 10:45:00,2022,8,16,10,45,35,35206,La Touche,48.0455516823,-1.6410344839,Plein jour,Hors agglomération,Hors intersection,Normale,Deux véhicules - côté,7,2,2,0,1,1,1,0,1,80,2,2,1,0,0,1,53.0,56.0,voiture,utilitaire_camion,1,1,1,1,3
202200046710,2022-06-11 13:20:00,2022,6,11,13,20,72,72213,Avenue de Néttléham,47.9106922961,0.2509653566,Plein jour,En agglomération,Hors intersection,Normale,Deux véhicules - côté,3,2,2,0,1,1,1,0,1,50,2,2,1,0,0,1,17.0,49.0,deux_roues,voiture,1,2,1,1,3
202200046711,2022-03-31 17:15:00,2022,3,31,17,15,75,75120,RUE D AVRON,48.853339,2.409693,Plein jour,En agglomération,Intersection en T,Temps couvert,Deux véhicules - côté,4,2,2,0,1,1,2,0,1,30,2,2,1,0,0,1,38.0,39.0,deux_roues,utilitaire_camion,1,2,3,8,3
202200046712,2022-02-20 04:30:00,2022,2,20,4,30,66,66164,A9 PK 239.400 sens Sud/NOrd,42.800208033,2.8977513313,Nuit sans éclairage public,Hors agglomération,Hors intersection,Normale,Deux véhicules - arrière,1,1,3,0,1,1,1,0,1,130,2,2,1,0,1,0,53.0,29.0,utilitaire_camion,voiture,3,1,1,1,2
202200046713,2022-08-16 05:30:00,2022,8,16,5,30,67,67117,Autoroute A4,48.762315,7.346584,Crépuscule ou aube,Hors agglomération,Hors intersection,Normale,Sans collision,1,3,5,3,4,1,1,0,1,110,1,1,0,0,1,0,41.0,,deux_roues,,2,1,1,1,7
202200046714,2022-10-27 18:20:00,2022,10,27,18,20,27,27467,Rue de Gaillon,49.345786,0.530431,Crépuscule ou aube,En agglomération,Giratoire,Normale,Sans collision,4,2,1,0,1,3,1,5,1,50,1,2,1,0,0,1,15.0,,deux_roues,,2,2,6,1,7
202200046715,2022-10-24 18:20:00,2022,10,24,18,20,17,17218,Quai Marechal Joffre,46.314017,-0.984312,Crépuscule ou aube,En agglomération,Hors intersection,Normale,Autre collision,4,2,2,0,1,1,1,0,1,50,1,2,1,0,1,0,63.0,,voiture,,2,2,1,1,6
202200046716,2022-06-11 17:50:00,2022,6,11,17,50,12,12063,"A75, la plaine",43.995188,3.171825,Plein jour,Hors agglomération,Hors intersection,Normale,Autre collision,1,3,4,0,2,2,1,2,3,130,1,4,0,2,0,2,40.0,,voiture,,1,1,1,1,6
202200046717,2022-02-20 10:00:00,2022,2,20,10,0,17,17045,Intersection D238 et D215,45.873532,-0.862255,Plein jour,Hors agglomération,Intersection en X,Pluie légère,Deux véhicules - côté,3,2,2,0,1,1,2,0,1,80,2,2,1,0,1,0,55.0,32.0,voiture,deux_roues,1,1,2,2,3
202200046718,2022-03-30 22:45:00,2022,3,30,22,45,75,75120,PLACE DU MAQUIS DU VERCORS,48.8775824382,2.4082905935,Nuit avec éclairage allumé,En agglomération,Place,Pluie légère,Deux véhicules - côté,4,1,4,0,1,1,2,5,1,30,2,2,1,0,0,1,63.0,34.0,voiture,deux_roues,5,2,7,2,3
202200046719,2022-08-16 15:15:00,2022,8,16,15,15,73,73296,D902,45.497545,6.932808,Plein jour,Hors agglomération,Intersection en T,Normale,Deux véhicules - arrière,3,2,2,0,2,1,1,5,1,80,2,4,2,0,0,2,57.0,83.0,deux_roues,voiture,1,1,3,1,2
202200046720,2022-06-11 19:15:00,2022,6,11,19,15,30,30014,RD 982,44.001335,4.378695,Plein jour,Hors agglomération,Hors intersection,Normale,Autre collision,3,2,2,0,2,1,1,0,1,80,1,1,0,0,1,0,28.0,,voiture,,1,1,1,1,6
202200046721,2022-10-20 13:15:00,2022,10,20,13,15,974,97415,Rue Joseph Hubert,-21.05288,55.267239,Plein jour,En agglomération,Place,Normale,Autre collision,3,-1,2,0,1,1,1,9,8,-1,1,2,1,0,1,0,50.0,,transport_commun,,1,2,7,1,6
202200046722,2022-02-19 23:30:00,2022,2,19,23,30,972,97229,Route nationale 2,14.617513,-61.100501,Nuit avec éclairage allumé,Hors agglomération,Hors intersection,Normale,Autre collision,2,3,4,0,2,3,1,2,8,70,1,1,0,1,0,0,26.0,,voiture,,5,1,1,1,6
202200046723,2022-06-08 15:48:00,2022,6,8,15,48,83,83087,Route Departementale 560,43.390641,5.772854,Plein jour,Hors agglomération,Hors intersection,Normale,Autre collision,3,2,2,0,1,3,1,0,3,80,1,1,0,0,1,0,65.0,,voiture,,1,1,1,1,6
202200046724,2022-03-31 13:05:00,2022,3,31,13,5,75,75119,RUE DAVID D ANGERS,48.882414,2.3913,Plein jour,En agglomération,Intersection en Y,Pluie légère,Deux véhicules - frontale,4,2,2,0,2,1,2,0,1,30,2,2,1,0,0,1,35.0,61.0,deux_roues,voiture,1,2,4,2,1
202200046725,2022-08-17 12:30:00,2022,8,17,12,30,25,25100,RD.471,46.887475,6.213627,Plein jour,Hors agglomération,Hors intersection,Normale,Deux véhicules - frontale,3,2,2,0,2,1,1,0,1,80,2,2,1,1,0,0,75.0,41.0,voiture,utilitaire_camion,1,1,1,1,1
202200046726,2022-10-26 22:30:00,2022,10,26,22,30,987,98738,pk 10 à hauteur de la passerelle de TAINA,-17.585091,-149.614069,Nuit avec éclairage allumé,Hors agglomération,Hors intersection,Pluie légère,Deux véhicules - arrière,2,3,4,0,1,1,2,0,1,50,2,3,2,0,1,0,22.0,30.0,voiture,deux_roues,5,1,1,2,2
202200046727,2022-08-15 21:10:00,2022,8,15,21,10,28,28026,A10,48.324457,1.863718,Nuit sans éclairage public,Hors agglomération,Hors intersection,Normale,Sans collision,1,3,3,0,1,1,1,0,1,130,1,1,0,0,1,0,37.0,,deux_roues,,3,1,1,1,7
202200046728,2022-02-19 09:55:00,2022,2,19,9,55,51,51536,Rue du Canada,49.196618,4.134459,Plein jour,En agglomération,Hors intersection,Normale,Deux véhicules - arrière,3,2,2,0,1,1,1,0,1,30,2,2,1,0,0,1,32.0,69.0,voiture,deux_roues,1,2,1,1,2
202200046729,2022-06-09 13:00:00,2022,6,9,13,0,51,51399,D982,49.1322695462,4.834150672,Plein jour,Hors agglomération,Hors intersection,Normale,Deux véhicules - côté,3,2,2,0,1,1,1,0,1,80,2,2,1,0,1,0,29.0,68.0,voiture,deux_roues,1,1,1,1,3
202200046730,2022-03-31 11:30:00,2022,3,31,11,30,75,75119,BOULEVARD SERURIER,48.888235,2.395838,Plein jour,En agglomération,Intersection en Y,Pluie légère,Autre collision,4,2,4,0,2,3,2,0,1,30,1,2,1,0,0,1,66.0,,voiture,,1,2,4,2,6
202200046731,2022-06-20 16:10:00,2022,6,20,16,10,33,33005,Rue Antoine Elies,44.747598,-1.103724,Plein jour,En agglomération,Intersection en X,Normale,Deux véhicules - côté,4,2,2,0,1,1,1,0,1,30,2,3,0,0,0,3,22.0,84.0,voiture,voiture,1,2,2,1,3
202200046732,2022-02-18 16:15:00,2022,2,18,16,15,56,56070,N24 sens Lorient/Rennes,47.938089,-2.62261,Plein jour,Hors agglomération,Hors intersection,Normale,Autre collision,2,3,4,0,1,1,1,0,1,110,1,1,0,0,1,0,60.0,,voiture,,1,1,1,1,6
202200046733,2022-06-11 05:30:00,2022,6,11,5,30,51,51248,D5,48.796065,4.07155,Crépuscule ou aube,Hors agglomération,Hors intersection,Normale,Sans collision,3,2,2,0,1,3,1,0,8,90,1,3,0,1,1,1,23.0,,voiture,,2,1,1,1,7
202200046734,2022-08-16 12:00:00,2022,8,16,12,0,974,97402,D48.1,-20.990021,55.661067,Plein jour,Hors agglomération,Intersection en T,Normale,Deux véhicules - côté,2,2, -1,-1,1,1,1,0,1,-1,2,3,1,0,1,1,64.0,21.0,voiture,deux_roues,1,1,3,1,3
202200046735,2022-02-20 02:43:00,2022,2,20,2,43,56,56186,Route de Quiberon,47.502257,-3.126211,Nuit sans éclairage public,Hors agglomération,Hors intersection,Pluie légère,Autre collision,3,2,2,1,2,1,2,0,1,80,1,2,1,1,0,0,24.0,,voiture,,3,1,1,2,6
202200046736,2022-03-31 08:25:00,2022,3,31,8,25,75,75119,RUE MANIN,48.8843503823,2.3912543574,Plein jour,En agglomération,Intersection en T,Normale,Autre collision,4,2,2,0,1,1,1,0,1,30,1,5,1,0,0,4,56.0,,deux_roues,,1,2,3,1,6
202200046737,2022-08-14 14:19:00,2022,8,14,14,19,971,97119,les mangles,16.392325,-61.461052,Plein jour,En agglomération,Hors intersection,Normale,Deux véhicules - côté,2,2,2,0,1,1,1,0,1,90,2,2,1,0,0,1,25.0,59.0,voiture,voiture,1,2,1,1,3
202200046738,2022-06-10 13:50:00,2022,6,10,13,50,51,51105,A34,49.2772961746,4.0980492532,Plein jour,Hors agglomération,Hors intersection,Normale,Deux véhicules - arrière,1,3,2,0,1,1,1,0,1,110,2,2,1,0,0,1,39.0,38.0,deux_roues,deux_roues,1,1,1,1,2
202200046739,2022-02-20 18:40:00,2022,2,20,18,40,32,32384,RD 930 PK7+500,43.729026,0.494149,Nuit sans éclairage public,Hors agglomération,Hors intersection,Pluie légère,Autre collision,3,2,2,0,1,1,2,0,3,80,1,1,0,0,1,0,46.0,,voiture,,3,1,1,2,6
202200046740,2022-05-28 15:00:00,2022,5,28,15,0,973,97303,RN 1 PK 169,5.527507,-53.389896,Plein jour,Hors agglomération,Hors intersection,Normale,Trois véhicules et plus - collisions multiples,2,2,2,0,1,1,1,0,1,80,3,10,9,0,1,0,24.0,27.0,utilitaire_camion,voiture,1,1,1,1,5
202200046741,2022-08-16 17:35:00,2022,8,16,17,35,971,97107,Four à Chaux,16.106849,-61.566347,Plein jour,Hors agglomération,Hors intersection,Normale,Trois véhicules et plus - collisions multiples,2,2,2,0,2,2,1,0,1,80,3,3,2,0,1,0,31.0,38.0,voiture,deux_roues,1,1,1,1,5
202200046742,2022-03-31 07:40:00,2022,3,31,7,40,75,75119,AVENUE JEAN JAURES,48.8894780481,2.3958169362,Crépuscule ou aube,En agglomération,Place,Normale,Deux véhicules - côté,4,2,4,1,1,1,1,-1,5,30,2,2,1,0,0,1,24.0,52.0,deux_roues,deux_roues,2,2,7,1,3
202200046743,2022-06-10 08:05:00,2022,6,10,8,5,74,74256,Rue Saint-Éloi,45.939079,6.628398,Plein jour,En agglomération,Intersection en X,Normale,Autre collision,4,1,1,0,1,1,1,0,1,50,1,2,1,0,0,1,44.0,,voiture,,1,2,2,1,6
202200046744,2022-10-27 19:55:00,2022,10,27,19,55,973,97304,Route Nationale 1 Sud,5.126674,-52.72959,Nuit sans éclairage public,Hors agglomération,Hors intersection,Normale,Trois véhicules et plus - collisions multiples,2,2,2,0,1,1,1,0,1,80,3,3,0,1,0,1,23.0,,deux_roues,deux_roues,3,1,1,1,5
202200046745,2022-02-19 17:30:00,2022,2,19,17,30,63,63003,Route Départementale 996,45.534063,3.783664,Plein jour,Hors agglomération,Intersection en T,Normale,Sans collision,3,2,2,0,1,2,1,0,1,80,1,1,0,0,1,0,53.0,,deux_roues,,1,1,3,1,7
202200046746,2022-08-17 09:20:00,2022,8,17,9,20,2A,2A247,Route de l Ospedale,41.652072,9.208206,Plein jour,Hors agglomération,Hors intersection,Normale,Deux véhicules - frontale,3,2,2,0,2,3,1,0,1,80,2,3,2,0,1,0,55.0,27.0,voiture,deux_roues,1,1,1,1,1
202200046747,2022-03-30 13:30:00,2022,3,30,13,30,75,75119,AVENUE SIMON BOLIVAR,48.878425,2.374259,Plein jour,En agglomération,Intersection en X,Normale,Sans collision,4,2,2,0,1,1,1,0,1,30,1,1,0,0,0,1,30.0,,deux_roues,,1,2,2,1,7
202200046748,2022-06-11 16:00:00,2022,6,11,16,0,67,67277,D 468,48.1762051785,7.5513222814,Plein jour,Hors agglomération,Intersection en T,Normale,Deux véhicules - arrière,3,3,2,0,1,3,1,0,1,80,2,2,1,0,0,1,50.0,63.0,voiture,deux_roues,1,1,3,1,2
202200046749,2022-08-17 00:40:00,2022,8,17,0,40,84,84054,Route d Apt,43.898341,5.085114,Nuit sans éclairage public,Hors agglomération,Hors intersection,Temps couvert,Deux véhicules - frontale,3,2,2,0,1,1,1,0,3,80,1,1,0,0,1,0,24.0,,voiture,,3,1,1,8,1
202200046750,2022-10-27 15:15:00,2022,10,27,15,15,971,97108,Nesmond,15.929659,-61.221528,Plein jour,Hors agglomération,Hors intersection,Normale,Deux véhicules - arrière,4,2,2,0,1,1,1,0,1,70,2,3,0,0,1,2,16.0,15.0,deux_roues,deux_roues,1,1,1,1,2
202200046751,2022-02-19 20:00:00,2022,2,19,20,0,34,34300,Grand Rue,43.425217,3.306735,Nuit avec éclairage allumé,En agglomération,Intersection en T,Normale,Deux véhicules - côté,3,1,2,0,1,1,1,0,1,50,2,2,1,0,1,0,70.0,17.0,voiture,deux_roues,5,2,3,1,3
202200046752,2022-03-30 15:05:00,2022,3,30,15,5,75,75118,RUE BELLIARD,48.8975527771,2.3446912083,Plein jour,En agglomération,Intersection en X,Normale,Deux véhicules - arrière,4,1,2,0,1,1,1,0,1,30,2,2,1,0,0,1,40.0,47.0,voiture,voiture,1,2,2,1,2
202200046753,2022-06-11 16:03:00,2022,6,11,16,3,76,76594,rd6015 rk23+500,49.494654,1.011869,Plein jour,Hors agglomération,Intersection en T,Normale,Deux véhicules - côté,3,2,3,0,1,1,1,0,1,80,2,2,0,0,0,2,25.0,21.0,deux_roues,deux_roues,1,1,3,1,3
202200046754,2022-08-12 19:45:00,2022,8,12,19,45,84,84081,Chemin des Lavarines,43.943082,4.911393,Crépuscule ou aube,Hors agglomération,Hors intersection,Normale,Deux véhicules - frontale,4,2,2,0,3,1,1,0,1,50,2,2,1,0,0,1,30.0,31.0,voiture,deux_roues,2,1,1,1,1
202200046755,2022-02-20 02:15:00,2022,2,20,2,15,68,68288,RD 432,47.549957,7.251878,Nuit sans éclairage public,Hors agglomération,Hors intersection,Normale,Autre collision,3,2,2,0,1,1,1,0,3,80,1,1,0,1,0,0,43.0,,voiture,,3,1,1,1,6
202200046756,2022-10-28 17:30:00,2022,10,28,17,30,77,77145,N36 / D57,48.591846,2.72595,Crépuscule ou aube,Hors agglomération,Intersection en X,Normale,Deux véhicules - côté,2,2,2,0,1,1,1,5,1,80,2,2,0,0,0,2,39.0,51.0,voiture,voiture,2,1,2,1,3
202200046757,2022-08-17 16:05:00,2022,8,17,16,5,83,83077,D554,43.266894,5.974674,Plein jour,Hors agglomération,Hors intersection,Temps couvert,Autre collision,3,2,2,0,2,2,2,0,1,50,1,1,0,1,0,0,58.0,,deux_roues,,1,1,1,8,6
202200046758,2022-03-30 09:20:00,2022,3,30,9,20,75,75118,BOULEVARD NEY,48.8986978038,2.3683680293,Plein jour,En agglomération,Intersection en T,Pluie légère,Deux véhicules - côté,4,2,4,0,1,1,2,0,1,30,2,2,1,0,0,1,32.0,35.0,deux_roues,deux_roues,1,2,3,2,3
202200046759,2022-06-11 10:40:00,2022,6,11,10,40,80,80417,départementale 1029,49.873221,2.685803,Plein jour,Hors agglomération,Intersection en X,Normale,Deux véhicules - frontale,3,2,2,0,1,1,1,0,1,80,2,3,0,0,0,3,25.0,31.0,voiture,voiture,1,1,2,1,1
202200046760,2022-02-19 18:30:00,2022,2,19,18,30,22,22387,rue Tanguy Prigent,48.6075820583,-3.4550353289,Crépuscule ou aube,En agglomération,Hors intersection,Pluie légère,Autre collision,3,2,2,0,2,3,2,0,1,30,1,1,0,0,1,0,45.0,,deux_roues,,2,2,1,2,6
202200046761,2022-08-17 18:48:00,2022,8,17,18,48,06,06146,M2205,43.916328,7.188728,Plein jour,Hors agglomération,Hors intersection,Pluie légère,Trois véhicules et plus - en chaîne,7,2,2,0,1,3,2,2,1,80,2,2,1,0,0,1,20.0,27.0,voiture,voiture,1,1,1,2,4
202200046762,2022-10-26 10:10:00,2022,10,26,10,10,91,91411,D838,48.668469,2.065419,Plein jour,Hors agglomération,Hors intersection,Normale,Trois véhicules et plus - en chaîne,3,2,2,0,1,1,1,0,8,80,4,4,2,0,1,1,30.0,70.0,utilitaire_camion,autre,1,1,1,1,4
202200046763,2022-06-10 22:50:00,2022,6,10,22,50,80,80639,18 Rue Hector Berlioz,49.948005,2.314753,Nuit sans éclairage public,En agglomération,Hors intersection,Normale,Autre collision,4,-1,2,0,1,3,1,0,4,50,1,1,0,0,1,0,26.0,,deux_roues,,3,2,1,1,6