accident_id,datetime,annee,mois,jour,heure,minute,departement,commune_insee,adresse,latitude,longitude,luminosite,agglomeration,intersection,meteo,collision,catr,circ,nbv,vosp,prof,plan,surf,infra,situ,vma,nb_vehicules,nb_usagers,nb_indemnes,nb_tues,nb_blesses_hosp,nb_blesses_legers,age_cond_1,age_cond_2,veh_type_cond_1,veh_type_cond_2,lum_code,agg_code,int_code,atm_code,col_code
202200046764,2022-03-31 20:00:00,2022,3,31,20,0,75,75117,BOULEVARD DE COURCELLES,48.8800129972,2.3071317851,Nuit avec éclairage allumé,En agglomération,Hors intersection,Normale,Deux véhicules - côté,4,2,2,0,1,1,2,0,1,30,2,4,3,0,0,1,21.0,56.0,voiture,deux_roues,5,2,1,1,3
202200046765,2022-02-14 16:40:00,2022,2,14,16,40,25,25156,4 Rue du Quartier,47.39551,6.491009,Plein jour,En agglomération,Hors intersection,Normale,Autre collision,4,2,1,0,1,1,1,0,1,50,1,2,1,0,0,1,34.0,,voiture,,1,2,1,1,6
202200046766,2022-08-17 05:45:00,2022,8,17,5,45,25,25499,Route déparatementale 50,47.44858,6.373916,Crépuscule ou aube,Hors agglomération,Hors intersection,Normale,Deux véhicules - frontale,3,2,2,0,1,3,1,0,1,80,2,2,0,0,2,0,22.0,47.0,voiture,voiture,2,1,1,1,1
202200046767,2022-10-27 16:40:00,2022,10,27,16,40,83,83119,Place Blanqui,43.269159,6.635066,Plein jour,En agglomération,Hors intersection,Normale,Autre collision,3,1,2,0,1,2,1,0,1,30,1,2,1,0,1,0,35.0,,voiture,,1,2,1,1,6
202200046768,2022-06-11 14:15:00,2022,6,11,14,15,12,12165,D904,44.500263,2.578762,Plein jour,Hors agglomération,Hors intersection,Normale,Autre collision,3,2,2,0,2,3,1,0,3,90,1,2,1,0,0,1,20.0,,voiture,,1,1,1,1,6
202200046769,2022-02-20 00:30:00,2022,2,20,0,30,44,44069,36 Route de Kergourdin,47.343745,-2.355119,Nuit sans éclairage public,Hors agglomération,Hors intersection,Pluie légère,Sans collision,4,2,2,0,1,1,2,0,1,50,1,1,0,1,0,0,43.0,,deux_roues,,3,1,1,2,7
202200046770,2022-03-31 08:15:00,2022,3,31,8,15,75,75116,BOULEVARD SUCHET,48.8526721519,2.2616641067,Plein jour,En agglomération,Intersection en T,Normale,Deux véhicules - arrière,4,2,4,0,1,1,1,0,1,30,2,2,1,0,0,1,60.0,18.0,voiture,deux_roues,1,2,3,1,2
202200046771,2022-08-06 20:00:00,2022,8,6,20,0,83,83107,D559,43.362895,6.714685,Plein jour,En agglomération,Hors intersection,Normale,Deux véhicules - arrière,3,2,2,0,1,1,1,0,1,50,2,2,1,0,1,0,33.0,24.0,deux_roues,voiture,1,2,1,1,2
202200046772,2022-06-10 20:00:00,2022,6,10,20,0,25,25223,Route d Amancey,47.00885,6.036075,Crépuscule ou aube,Hors agglomération,Hors intersection,Normale,Sans collision,3,2,2,0,2,3,1,0,8,80,1,2,1,0,1,0,13.0,,deux_roues,,2,1,1,1,7
202200046773,2022-02-20 16:45:00,2022,2,20,16,45,44,44048,Bois de la Motte,47.374563,-1.239347,Plein jour,Hors agglomération,Hors intersection,Temps couvert,Sans collision,3,2,2,0,1,1,1,0,3,80,1,2,1,0,0,1,19.0,,voiture,,1,1,1,8,7
202200046774,2022-08-16 16:45:00,2022,8,16,16,45,68,68329,CD 417,48.067985,7.072749,Plein jour,Hors agglomération,Hors intersection,Normale,Deux véhicules - frontale,3,2,2,0,2,4,1,0,1,70,2,7,6,1,0,0,28.0,45.0,deux_roues,voiture,1,1,1,1,1
202200046775,2022-10-25 15:00:00,2022,10,25,15,0,13,13027,Route d'Avignon Cd 571,43.894328,4.822569,Plein jour,Hors agglomération,Giratoire,Normale,Deux véhicules - côté,3,2,2,0,1,1,1,5,1,80,2,2,1,0,0,1,56.0,20.0,voiture,deux_roues,1,1,6,1,3
202200046776,2022-06-11 11:45:00,2022,6,11,11,45,29,29020,Rue Michel de Cornouaille,48.101517,-4.005573,Plein jour,En agglomération,Giratoire,Normale,Deux véhicules - côté,4,2,2,0,4,1,1,5,8,50,2,2,1,0,1,0,84.0,40.0,deux_roues,voiture,1,2,6,1,3
202200046777,2022-02-20 14:45:00,2022,2,20,14,45,31,31424,ANCIENNE D82,43.5889446876,1.2808567286,Plein jour,Hors agglomération,Hors intersection,Normale,Sans collision,3,-1,1,0,1,1,1,0,8,-1,1,1,0,0,1,0,15.0,,deux_roues,,1,1,1,1,7
202200046778,2022-08-12 07:43:00,2022,8,12,7,43,57,57073,15 Route Nationale,49.1388062087,6.7980126426,Plein jour,En agglomération,Giratoire,Temps éblouissant,Autre collision,3,2,2,0,1,1,1,0,1,50,1,2,1,0,1,0,51.0,,voiture,,1,2,6,7,6
202200046779,2022-03-29 07:15:00,2022,3,29,7,15,75,75116,ALLEE DE LONGCHAMP,48.867648,2.250877,Crépuscule ou aube,En agglomération,Intersection en X,Normale,Deux véhicules - frontale,4,2,4,0,1,1,1,0,1,50,2,2,1,0,0,1,48.0,60.0,voiture,voiture,2,2,2,1,1
202200046780,2022-10-28 07:15:00,2022,10,28,7,15,13,13074,Avenue Charles de Gaulle,43.646411,5.583656,Crépuscule ou aube,En agglomération,Hors intersection,Normale,Deux véhicules - côté,7,2,2,0,1,1,1,0,1,50,2,2,1,0,1,0,64.0,26.0,voiture,deux_roues,2,2,1,1,3
202200046781,2022-08-16 23:17:00,2022,8,16,23,17,03,03019,Route de Chevagnes,46.558174,3.621207,Nuit sans éclairage public,Hors agglomération,Intersection en X,Pluie légère,Deux véhicules - côté,3,2,2,0,1,1,2,0,1,90,2,2,1,0,1,0,19.0,35.0,voiture,utilitaire_camion,3,1,2,2,3
202200046782,2022-03-30 18:15:00,2022,3,30,18,15,75,75114,RUE GUILLEMINOT,48.835825,2.318135,Plein jour,En agglomération,Hors intersection,Normale,Deux véhicules - côté,4,1,1,0,1,1,2,0,1,30,2,2,1,0,0,1,40.0,54.0,deux_roues,voiture,1,2,1,1,3
202200046783,2022-06-11 00:30:00,2022,6,11,0,30,38,38396,D114d,44.930613,5.795867,Nuit sans éclairage public,Hors agglomération,Hors intersection,Normale,Deux véhicules - frontale,3,2,2,0,1,3,1,0,5,80,2,5,3,0,1,1,16.0,22.0,deux_roues,voiture,3,1,1,1,1
202200046784,2022-02-19 14:50:00,2022,2,19,14,50,31,31182,Avenue des Sports,43.68511,1.402557,Plein jour,En agglomération,Intersection en Y,Normale,Deux véhicules - arrière,7,2,2,0,2,1,1,2,1,50,2,2,1,0,1,0,86.0,77.0,voiture,deux_roues,1,2,4,1,2
202200046785,2022-10-27 15:30:00,2022,10,27,15,30,21,21464,Route départementale 25,47.14429,4.913488,Plein jour,Hors agglomération,Hors intersection,Normale,Autre collision,3,2,2,0,1,2,1,2,8,80,1,1,0,0,1,0,42.0,,voiture,,1,1,1,1,6
202200046786,2022-03-30 09:00:00,2022,3,30,9,0,75,75114,BOULEVARD SAINT JACQUES,48.833055,2.335992,Plein jour,En agglomération,Intersection en X,Pluie légère,Sans collision,4,3,3,1,1,1,2,-1,5,30,1,1,0,0,0,1,61.0,,deux_roues,,1,2,2,2,7
202200046787,2022-06-10 16:50:00,2022,6,10,16,50,15,15187,allée Georges Pompidou,45.03414,3.088684,Plein jour,En agglomération,Hors intersection,Normale,Deux véhicules - côté,3,2,2,0,1,1,1,0,1,50,2,2,1,0,1,0,34.0,15.0,voiture,deux_roues,1,2,1,1,3
202200046788,2022-02-20 08:20:00,2022,2,20,8,20,01,01305,route de fleurville,46.442962,4.925512,Plein jour,Hors agglomération,Intersection en X,Normale,Autre collision,3,2,2,0,1,1,1,0,3,70,1,1,0,1,0,0,21.0,,voiture,,1,1,2,1,6
202200046789,2022-10-27 16:20:00,2022,10,27,16,20,55,55351,Rue Ernest Mabille,49.518825,5.367545,Plein jour,En agglomération,Hors intersection,Normale,Autre collision,3,-1,2,0,1,1,1,0,1,50,1,2,1,0,0,1,21.0,,voiture,,1,2,1,1,6
202200046790,2022-08-17 11:49:00,2022,8,17,11,49,38,38474,Rue de l Argentière - Rue de la Maladière,45.205615,5.682415,Plein jour,En agglomération,Intersection en X,Normale,Deux véhicules - frontale,7,4,0,0,4,1,1,5,1,50,2,2,1,0,1,0,60.0,20.0,deux_roues,voiture,1,2,2,1,1
202200046791,2022-03-31 17:42:00,2022,3,31,17,42,75,75110,AVENUE PARMENTIER,48.8703643373,2.3707566071,Plein jour,En agglomération,Hors intersection,Pluie légère,Autre collision,4,2,2,0,1,1,2,0,1,30,1,2,1,0,0,1,50.0,,deux_roues,,1,2,1,2,6
202200046792,2022-06-06 18:15:00,2022,6,6,18,15,58,58132,D135,47.216624,3.584976,Plein jour,Hors agglomération,Hors intersection,Pluie légère,Sans collision,3,2,1,0,1,3,2,0,1,80,1,1,0,0,1,0,30.0,,deux_roues,,1,1,1,2,7
202200046793,2022-10-23 14:55:00,2022,10,23,14,55,55,55388,D137,48.883259,4.999638,Plein jour,Hors agglomération,Hors intersection,Normale,Autre collision,3,2,2,0,1,1,1,0,1,90,1,1,0,0,1,0,52.0,,deux_roues,,1,1,1,1,6
202200046794,2022-08-16 01:30:00,2022,8,16,1,30,33,33525,D137,45.067148,-0.486703,Nuit sans éclairage public,Hors agglomération,Hors intersection,Normale,Autre collision,3,2,2,0,1,1,1,0,1,70,1,2,1,0,1,0,37.0,,voiture,,3,1,1,1,6
202200046795,2022-02-20 12:11:00,2022,2,20,12,11,83,83121,Route d Aups,43.5949001772,6.2211552858,Plein jour,Hors agglomération,Hors intersection,Normale,Deux véhicules - côté,3,2,2,0,1,2,1,0,1,-1,2,2,1,0,0,1,23.0,38.0,voiture,utilitaire_camion,1,1,1,1,3
202200046796,2022-03-31 15:30:00,2022,3,31,15,30,75,75110,BOULEVARD DE LA VILLETTE,48.872559,2.37624,Plein jour,En agglomération,Intersection en Y,Temps couvert,Sans collision,4,3,1,0,2,1,2,0,1,30,1,1,0,0,0,1,20.0,,deux_roues,,1,2,4,8,7
202200046797,2022-02-20 14:15:00,2022,2,20,14,15,45,45029,D951 - PR 7 + 250,47.56081,2.784444,Plein jour,Hors agglomération,Hors intersection,Normale,Sans collision,3,2,2,0,1,1,1,0,3,90,1,2,0,0,1,1,39.0,,voiture,,1,1,1,1,7
202200046798,2022-06-11 15:00:00,2022,6,11,15,0,50,50402,RD 650,49.517484,-1.791614,Plein jour,Hors agglomération,Intersection en T,Normale,Deux véhicules - côté,3,2,2,0,1,1,1,0,1,80,2,2,1,0,1,0,44.0,91.0,deux_roues,utilitaire_camion,1,1,3,1,3
202200046799,2022-08-16 11:07:00,2022,8,16,11,7,33,33056,avenue du général de gaulle,44.940995,-0.632599,Plein jour,En agglomération,Intersection en X,Normale,Deux véhicules - côté,4,2,2,0,1,1,1,0,1,50,2,2,1,0,1,0,66.0,80.0,voiture,voiture,1,2,2,1,3
202200046800,2022-10-27 18:45:00,2022,10,27,18,45,07,07259,,44.281726,4.617498,Plein jour,Hors agglomération,Hors intersection,Normale,Deux véhicules - frontale,3,2,2,0,1,1,1,0,1,-1,2,3,1,0,1,1,57.0,36.0,voiture,voiture,1,1,1,1,1
202200046801,2022-02-20 07:45:00,2022,2,20,7,45,16,16393,Route de Buffevent,45.7687381944,0.1897235005,Plein jour,Hors agglomération,Hors intersection,Pluie légère,Sans collision,2,3,2,0,1,1,2,0,3,110,1,1,0,0,1,0,22.0,,voiture,,1,1,1,2,7
202200046802,2022-03-31 05:15:00,2022,3,31,5,15,75,75110,RUE DU FAUBOURG SAINT MARTIN,48.88161,2.365782,Nuit avec éclairage allumé,En agglomération,Intersection en X,Normale,Deux véhicules - côté,4,2,4,0,1,1,1,8,1,30,2,2,1,0,0,1,56.0,68.0,voiture,voiture,5,2,2,1,3
202200046803,2022-02-19 23:05:00,2022,2,19,23,5,40,40037,D404,43.828807,-0.510939,Nuit sans éclairage public,Hors agglomération,Hors intersection,Normale,Autre collision,3,2,2,0,1,1,1,0,3,80,1,1,0,0,1,0,47.0,,voiture,,3,1,1,1,6
202200046804,2022-06-11 14:45:00,2022,6,11,14,45,64,64369,3 Cami de Pau,43.444942,-0.142712,Plein jour,Hors agglomération,Intersection en X,Normale,Deux véhicules - côté,3,2,2,0,4,1,1,0,1,80,2,6,3,0,0,3,31.0,70.0,voiture,voiture,1,1,2,1,3
202200046805,2022-10-28 16:10:00,2022,10,28,16,10,09,09336,La Paillasse,42.915605,1.807584,Plein jour,Hors agglomération,Intersection en X,Normale,Deux véhicules - côté,3,4,3,0,1,1,1,5,1,80,2,2,1,0,1,0,42.0,59.0,voiture,deux_roues,1,1,2,1,3
202200046806,2022-08-16 07:30:00,2022,8,16,7,30,13,13071,A55-Sens Martigues vers Marseille,43.38499,5.31107,Plein jour,Hors agglomération,Hors intersection,Normale,Trois véhicules et plus - collisions multiples,1,1,3,0,2,1,1,0,1,110,2,6,0,0,0,6,21.0,63.0,voiture,voiture,1,1,1,1,5
202200046807,2022-03-31 04:00:00,2022,3,31,4,0,75,75103,PLACE DE LA REPUBLIQUE,48.8665273823,2.3648077497,Nuit avec éclairage allumé,En agglomération,Place,Normale,Deux véhicules - frontale,4,2,5,1,1,1,1,-1,5,30,2,2,1,0,0,1,35.0,30.0,deux_roues,deux_roues,5,2,7,1,1
202200046808,2022-02-19 16:40:00,2022,2,19,16,40,24,24160,Route des Combes,45.082976,0.72587,Plein jour,Hors agglomération,Hors intersection,Normale,Deux véhicules - frontale,4,1,1,0,4,3,1,0,1,50,2,2,1,0,1,0,13.0,39.0,deux_roues,voiture,1,1,1,1,1
202200046809,2022-05-18 19:15:00,2022,5,18,19,15,43,43165,Adiac,45.12902,3.97591,Plein jour,Hors agglomération,Hors intersection,Normale,Deux véhicules - côté,3,2,2,0,1,1,1,0,1,80,2,2,1,0,1,0,28.0,41.0,deux_roues,voiture,1,1,1,1,3
202200046810,2022-10-28 09:00:00,2022,10,28,9,0,14,14166,D514,49.290797,-0.281299,Crépuscule ou aube,En agglomération,Hors intersection,Temps éblouissant,Autre collision,3,2,2,0,1,1,1,0,1,50,1,2,1,0,1,0,86.0,,voiture,,2,2,1,7,6
202200046811,2022-03-27 18:20:00,2022,3,27,18,20,94,94068,Promenade des Anglais,48.79047,2.5207,Plein jour,En agglomération,Hors intersection,Normale,Autre collision,4,3,1,1,3,1,1,0,4,30,1,1,0,0,0,1,22.0,,deux_roues,,1,2,1,1,6
202200046812,2022-08-14 22:15:00,2022,8,14,22,15,13,13211,A50-Sens Marseille vers Aubagne,43.2905217583,5.4878868162,Nuit avec éclairage non allumé,Hors agglomération,Hors intersection,Normale,Autre collision,1,1,3,0,1,1,1,0,2,90,1,1,0,0,0,1,29.0,,voiture,,4,1,1,1,6
202200046813,2022-02-19 20:10:00,2022,2,19,20,10,17,17140,D734,45.911324,-1.265995,Nuit avec éclairage allumé,En agglomération,Giratoire,Normale,Sans collision,3,3,2,0,1,2,1,0,1,50,1,1,0,0,1,0,52.0,,deux_roues,,5,2,6,1,7
202200046814,2022-06-11 07:55:00,2022,6,11,7,55,16,16028,Rue du Commandant Foucaud,45.470977,-0.158696,Plein jour,En agglomération,Hors intersection,Temps éblouissant,Autre collision,4,2,2,0,1,1,1,9,1,50,1,2,1,0,1,0,33.0,,voiture,,1,2,1,7,6
202200046815,2022-10-24 18:40:00,2022,10,24,18,40,29,29091,Route de Guissény,48.641406,-4.37471,Crépuscule ou aube,Hors agglomération,Intersection en T,Normale,Deux véhicules - frontale,3,2,2,0,1,1,1,5,1,80,2,3,2,0,0,1,55.0,32.0,deux_roues,voiture,2,1,3,1,1
202200046816,2022-03-31 19:20:00,2022,3,31,19,20,94,94076,Boulevard Maxime Gorki,48.79275,2.36929,Plein jour,En agglomération,Intersection en T,Normale,Deux véhicules - côté,3,2,4,3,1,1,1,5,1,50,2,3,1,0,1,1,22.0,54.0,voiture,deux_roues,1,2,3,1,3
202200046817,2022-02-19 17:50:00,2022,2,19,17,50,87,87059,RD 675,46.209032,1.076617,Crépuscule ou aube,Hors agglomération,Hors intersection,Normale,Trois véhicules et plus - collisions multiples,3,2,2,0,1,1,1,0,1,90,3,3,1,0,1,1,43.0,67.0,voiture,voiture,2,1,1,1,5
202200046818,2022-06-10 07:45:00,2022,6,10,7,45,40,40259,D934,43.83349,-0.300429,Plein jour,Hors agglomération,Intersection en X,Normale,Deux véhicules - côté,3,2,2,0,1,1,1,5,1,80,2,2,1,0,1,0,38.0,36.0,utilitaire_camion,deux_roues,1,1,2,1,3
202200046819,2022-03-31 15:40:00,2022,3,31,15,40,94,94076,55 Rue de Verdun,48.79204,2.35368,Plein jour,En agglomération,Hors intersection,Normale,Autre collision,4,-1,2,0,1,1,1,0,1,50,1,2,1,0,0,1,22.0,,voiture,,1,2,1,1,6
202200046820,2022-08-14 21:50:00,2022,8,14,21,50,13,13211,A50-Sens Aubagne vers Marseille,43.2859753134,5.5113551652,Nuit avec éclairage allumé,Hors agglomération,Hors intersection,Normale,Trois véhicules et plus - en chaîne,1,3,3,0,1,1,1,0,1,90,3,8,2,0,0,6,38.0,21.0,voiture,voiture,5,1,1,1,4
202200046821,2022-03-31 08:30:00,2022,3,31,8,30,94,94065,Avenue Charles Lindbergh,48.7563025223,2.3457983136,Plein jour,En agglomération,Hors intersection,Normale,Autre collision,3,2,2,0,2,1,1,0,1,50,1,1,0,0,0,1,25.0,,deux_roues,,1,2,1,1,6
202200046822,2022-06-11 15:20:00,2022,6,11,15,20,24,24291,Chemin de Claveillieras,45.052939,1.208603,Plein jour,Hors agglomération,Hors intersection,Normale,Sans collision,3,2,2,0,1,1,1,0,3,90,1,2,0,0,1,1,56.0,,utilitaire_camion,,1,1,1,1,7
202200046823,2022-02-19 18:10:00,2022,2,19,18,10,73,73252,A43 PK 143.5,45.4539246994,6.2885085152,Crépuscule ou aube,Hors agglomération,Hors intersection,Normale,Autre collision,1,3,4,0,1,1,1,0,1,110,1,3,2,0,1,0,28.0,,voiture,,2,1,1,1,6
202200046824,2022-10-28 17:00:00,2022,10,28,17,0,27,27072,D313,49.094511,1.560702,Plein jour,Hors agglomération,Hors intersection,Normale,Sans collision,3,2,2,0,1,1,1,0,1,80,3,3,2,0,0,1,24.0,51.0,voiture,voiture,1,1,1,1,7
202200046825,2022-03-30 11:40:00,2022,3,30,11,40,94,94019,Avenue de L Hippodrome,48.79515,2.56203,Plein jour,En agglomération,Hors intersection,Pluie légère,Autre collision,3,3,2,1,1,1,2,0,1,50,1,1,0,0,0,1,87.0,,voiture,,1,2,1,2,6
202200046826,2022-08-12 04:10:00,2022,8,12,4,10,59,59378,ROUTE DEPARTEMENTALE 656,50.6558,3.10939,Nuit sans éclairage public,Hors agglomération,Hors intersection,Normale,Deux véhicules - arrière,2,-1,4,0,1,1,1,0,1,90,2,2,1,0,0,1,26.0,49.0,deux_roues,voiture,3,1,1,1,2
202200046827,2022-06-11 10:30:00,2022,6,11,10,30,24,24581,Route de Sargaillou,45.034866,0.571117,Plein jour,Hors agglomération,Hors intersection,Normale,Sans collision,3,2,2,0,1,2,1,0,1,80,2,3,2,1,0,0,23.0,37.0,voiture,deux_roues,1,1,1,1,7
202200046828,2022-10-26 18:30:00,2022,10,26,18,30,60,60255,RD 39,49.667558,2.995534,Crépuscule ou aube,Hors agglomération,Hors intersection,Temps éblouissant,Deux véhicules - arrière,3,2,2,0,2,1,1,0,1,80,2,2,1,0,1,0,36.0,55.0,voiture,deux_roues,2,1,1,7,2
202200046829,2022-03-31 11:45:00,2022,3,31,11,45,93,93051,Route de Gournay,48.851024,2.570531,Plein jour,En agglomération,Hors intersection,Pluie légère,Deux véhicules - arrière,4,2,2,0,2,1,2,0,1,50,2,2,1,0,0,1,68.0,43.0,voiture,autre,1,2,1,2,2
202200046830,2022-08-11 11:18:00,2022,8,11,11,18,62,62771, A 21,50.43036,2.85084,Plein jour,Hors agglomération,Hors intersection,Normale,Autre collision,1,-1,6,0,1,3,1,0,1,90,1,2,0,1,1,0,53.0,,deux_roues,,1,1,1,1,6
202200046831,2022-02-19 15:10:00,2022,2,19,15,10,38,38553,D36,45.602719,5.155613,Plein jour,En agglomération,Intersection en T,Normale,Deux véhicules - côté,3,-1,2,0,1,1,1,5,1,80,2,4,1,0,0,3,45.0,21.0,voiture,voiture,1,2,3,1,3
202200046832,2022-06-10 15:25:00,2022,6,10,15,25,24,24390,D6089,45.125855,0.902199,Plein jour,Hors agglomération,Hors intersection,Normale,Trois véhicules et plus - collisions multiples,3,2,2,0,1,2,1,0,1,90,3,3,1,1,1,0,40.0,82.0,voiture,voiture,1,1,1,1,5
202200046833,2022-03-31 07:15:00,2022,3,31,7,15,93,93046,Rue Jacob,48.92722,2.54282,Plein jour,En agglomération,Hors intersection,Normale,Deux véhicules - côté,4,2,2,0,1,1,1,0,1,50,2,2,1,0,0,1,,39.0,utilitaire_camion,deux_roues,1,2,1,1,3
202200046834,2022-10-27 17:40:00,2022,10,27,17,40,60,60342,départementale 1016,49.298403,2.452097,Plein jour,Hors agglomération,Hors intersection,Temps couvert,Deux véhicules - côté,3,3,4,0,1,1,1,0,1,110,2,2,1,0,0,1,51.0,53.0,utilitaire_camion,voiture,1,1,1,8,3
202200046835,2022-08-16 16:05:00,2022,8,16,16,5,91,91432,AUTOROUTE A6,48.69147,2.32206,Plein jour,Hors agglomération,Hors intersection,Normale,Trois véhicules et plus - en chaîne,1,3,3,0,2,1,1,0,1,110,3,4,2,0,2,0,58.0,27.0,voiture,voiture,1,1,1,1,4
202200046836,2022-03-31 11:45:00,2022,3,31,11,45,93,93030,Avenue du Général Leclerc de Hautecloque,48.94324,2.4195,Plein jour,En agglomération,Giratoire,Pluie légère,Autre collision,3,3,4,0,1,2,2,8,4,50,1,2,1,0,0,1,50.0,,voiture,,1,2,6,2,6
202200046837,2022-06-11 10:35:00,2022,6,11,10,35,04,04160,RD 907,43.858877,5.684234,Plein jour,Hors agglomération,Hors intersection,Normale,Trois véhicules et plus - collisions multiples,3,2,2,0,2,2,1,0,1,80,3,4,2,0,1,1,58.0,46.0,deux_roues,deux_roues,1,1,1,1,5
202200046838,2022-02-19 07:20:00,2022,2,19,7,20,28,28199,"Autoroute A10, PK 065+100 sens PARIS - PROVINCE",48.202331,1.84978,Crépuscule ou aube,Hors agglomération,Hors intersection,Normale,Deux véhicules - arrière,1,3,3,0,1,1,1,0,1,130,2,6,1,1,2,2,58.0,20.0,utilitaire_camion,voiture,2,1,1,1,2
202200046839,2022-08-16 09:15:00,2022,8,16,9,15,91,91086,RN 104,48.62421,2.39043,Plein jour,Hors agglomération,Hors intersection,Normale,Sans collision,2,1,3,0,1,3,1,3,3,50,1,1,0,0,0,1,33.0,,utilitaire_camion,,1,1,1,1,7
202200046840,2022-06-02 16:20:00,2022,6,2,16,20,27,27017,D6154,48.992719,1.156024,Plein jour,Hors agglomération,Intersection en X,Normale,Deux véhicules - côté,3,2,2,0,2,1,1,0,1,80,2,2,1,0,1,0,53.0,54.0,deux_roues,voiture,1,1,2,1,3
202200046841,2022-10-27 16:00:00,2022,10,27,16,0,62,62264,D940,50.5984588959,1.6225192523,Plein jour,Hors agglomération,Hors intersection,Normale,Trois véhicules et plus - en chaîne,3,2,2,0,2,1,1,0,1,70,4,4,3,0,0,1,53.0,46.0,voiture,voiture,1,1,1,1,4
202200046842,2022-03-31 16:20:00,2022,3,31,16,20,93,93005,VERCINGETORIX (AVENUE),48.9259232778,2.5021891042,Plein jour,En agglomération,Intersection en X,Normale,Deux véhicules - côté,4,1,1,0,1,1,1,0,1,50,2,3,1,0,0,2,21.0,12.0,utilitaire_camion,deux_roues,1,2,2,1,3
202200046843,2022-06-10 18:15:00,2022,6,10,18,15,87,87168,Les Champs,45.712993,0.788618,Plein jour,Hors agglomération,Hors intersection,Temps éblouissant,Autre collision,4,2,2,0,1,3,1,0,1,50,2,2,1,0,1,0,15.0,20.0,deux_roues,utilitaire_camion,1,1,1,7,6
202200046844,2022-10-27 22:45:00,2022,10,27,22,45,59,59449,D938,50.464611,3.217272,Nuit sans éclairage public,Hors agglomération,Hors intersection,Normale,Autre collision,3,2,2,0,1,1,1,0,1,90,1,1,0,0,1,0,21.0,,voiture,,3,1,1,1,6
202200046845,2022-03-31 18:30:00,2022,3,31,18,30,92,92020,LIBERTE BOULEVARD DE LA N° IMPAIRS,48.80328,2.28967,Plein jour,En agglomération,Hors intersection,Normale,Autre collision,3,2,2,0,2,1,1,0,1,50,1,2,1,0,0,1,29.0,,deux_roues,,1,2,1,1,6
202200046846,2022-08-16 02:20:00,2022,8,16,2,20,91,91589,AUTOROUTE A6,48.676689,2.339402,Nuit sans éclairage public,Hors agglomération,Hors intersection,Normale,Deux véhicules - arrière,1,1,3,0,1,1,1,0,1,110,2,2,1,0,0,1,31.0,37.0,voiture,voiture,3,1,1,1,2
202200046847,2022-06-10 17:10:00,2022,6,10,17,10,37,37127,129 La Croix Martel,47.2337793553,1.1087554693,Plein jour,Hors agglomération,Hors intersection,Normale,Autre collision,3,2,2,0,1,1,1,0,3,80,1,1,0,0,1,0,55.0,,deux_roues,,1,1,1,1,6
202200046848,2022-10-27 15:50:00,2022,10,27,15,50,59,59026,D140a,50.267786,3.17131,Plein jour,Hors agglomération,Hors intersection,Normale,Sans collision,3,2,2,0,1,1,1,0,1,80,1,1,0,1,0,0,64.0,,deux_roues,,1,1,1,1,7
202200046849,2022-03-31 11:03:00,2022,3,31,11,3,92,92036,GRESILLONS (AVENUE DES) (141/215),48.9177319878,2.3085538298,Plein jour,En agglomération,Hors intersection,Normale,Autre collision,3,2,2,0,1,1,1,0,1,2,1,2,1,1,0,0,21.0,,deux_roues,,1,2,1,1,6
202200046850,2022-06-10 18:20:00,2022,6,10,18,20,52,52391,Route de Montier-En-Der,48.508274,4.795741,Plein jour,Hors agglomération,Hors intersection,Normale,Sans collision,3,2,2,0,1,1,1,2,3,70,1,1,0,1,0,0,38.0,,deux_roues,,1,1,1,1,7
202200046851,2022-08-16 02:20:00,2022,8,16,2,20,91,91589,AUTOROUTE A6,48.676689,2.339402,Nuit sans éclairage public,Hors agglomération,Hors intersection,Normale,Trois véhicules et plus - collisions multiples,1,1,3,0,1,1,1,0,1,110,3,5,3,0,0,2,31.0,62.0,voiture,voiture,3,1,1,1,5
202200046852,2022-10-28 12:00:00,2022,10,28,12,0,59,59400,D23c,50.6304962558,2.6576092892,Plein jour,Hors agglomération,Hors intersection,Normale,Deux véhicules - arrière,3,2,2,0,1,1,1,0,1,80,2,2,1,0,0,1,35.0,53.0,voiture,utilitaire_camion,1,1,1,1,2
202200046853,2022-03-31 14:45:00,2022,3,31,14,45,92,92025,SYCOMORES (ALLEE DES),48.913347,2.248928,Plein jour,En agglomération,Hors intersection,Temps couvert,Autre collision,4,2,1,0,1,1,2,0,1,30,1,2,1,0,0,1,57.0,,voiture,,1,2,1,8,6
202200046854,2022-06-10 19:00:00,2022,6,10,19,0,88,88304,48 Avenue Victor Hugo,48.306705,6.133847,Plein jour,En agglomération,Hors intersection,Normale,Trois véhicules et plus - collisions multiples,4,2,2,0,1,1,1,0,1,50,3,3,2,0,1,0,24.0,35.0,deux_roues,voiture,1,2,1,1,5
202200046855,2022-10-27 15:45:00,2022,10,27,15,45,59,59197,,50.5389855563,3.1272304058,Plein jour,Hors agglomération,Intersection en T,Normale,Deux véhicules - côté,4,2,2,0,1,1,1,0,1,70,2,2,1,0,1,0,25.0,62.0,deux_roues,voiture,1,1,3,1,3
202200046856,2022-02-19 20:35:00,2022,2,19,20,35,27,27554,A 13 PK 075.400,49.09064,1.368957,Nuit sans éclairage public,Hors agglomération,Hors intersection,Normale,Trois véhicules et plus - collisions multiples,1,3,5,0,1,1,1,0,1,130,8,11,4,0,1,6,58.0,38.0,voiture,voiture,3,1,1,1,5