accident_id,datetime,annee,mois,jour,heure,minute,departement,commune_insee,adresse,latitude,longitude,luminosite,agglomeration,intersection,meteo,collision,catr,circ,nbv,vosp,prof,plan,surf,infra,situ,vma,nb_vehicules,nb_usagers,nb_indemnes,nb_tues,nb_blesses_hosp,nb_blesses_legers,age_cond_1,age_cond_2,veh_type_cond_1,veh_type_cond_2,lum_code,agg_code,int_code,atm_code,col_code
202200046857,2022-03-31 12:50:00,2022,3,31,12,50,92,92025,STALINGRAD (AV DE),48.9312974785,2.2669775784,Plein jour,En agglomération,Hors intersection,Pluie légère,Deux véhicules - arrière,3,-1,2,0,1,1,2,0,1,50,2,2,1,0,0,1,35.0,41.0,deux_roues,voiture,1,2,1,2,2
202200046858,2022-08-16 00:05:00,2022,8,16,0,5,95,95678,RN 184,49.071124,2.222614,Nuit sans éclairage public,Hors agglomération,Hors intersection,Normale,Deux véhicules - frontale,2,3,4,0,4,1,1,8,1,70,2,5,4,0,0,1,27.0,40.0,voiture,voiture,3,1,1,1,1
202200046859,2022-06-11 10:15:00,2022,6,11,10,15,68,68242,A35 PK 77.400,47.976019,7.3735,Plein jour,Hors agglomération,Hors intersection,Normale,Deux véhicules - côté,1,3,4,0,1,1,1,0,1,130,2,3,1,0,2,0,67.0,68.0,utilitaire_camion,voiture,1,1,1,1,3
202200046860,2022-10-26 23:46:00,2022,10,26,23,46,13,13071,A51-Sens Marseille vers Aix en Provence,43.413164,5.364623,Nuit sans éclairage public,En agglomération,Hors intersection,Normale,Deux véhicules - arrière,1,1,3,0,1,1,1,0,1,90,2,2,1,0,1,0,55.0,36.0,deux_roues,voiture,3,2,1,1,2
202200046861,2022-02-19 18:00:00,2022,2,19,18,0,986,98613,RT1 FAKATOI,-13.3326981716,-176.1922311907,Plein jour,Hors agglomération,Hors intersection,Normale,Sans collision,2,2,2,0,1,1,1,0,1,70,1,1,0,1,0,0,24.0,,deux_roues,,1,1,1,1,7
202200046862,2022-03-31 13:30:00,2022,3,31,13,30,92,92012,PIERRE GRENIER (AVENUE),48.82981,2.2515,Plein jour,En agglomération,Hors intersection,Pluie légère,Deux véhicules - côté,3,2,2,2,1,1,2,0,1,50,2,2,1,0,0,1,56.0,46.0,deux_roues,voiture,1,2,1,2,3
202200046863,2022-10-26 19:09:00,2022,10,26,19,9,83,83062,A57,43.146682,6.032019,Nuit sans éclairage public,Hors agglomération,Hors intersection,Normale,Deux véhicules - arrière,1,3,5,0,1,1,1,2,1,90,2,2,1,0,0,1,19.0,34.0,voiture,voiture,3,1,1,1,2
202200046864,2022-02-18 21:05:00,2022,2,18,21,5,976,97615,Route Nationale 4,-12.793202,45.271509,Nuit avec éclairage allumé,En agglomération,Hors intersection,Normale,Deux véhicules - côté,2,2,2,0,1,1,1,0,1,50,2,2,1,1,0,0,23.0,56.0,voiture,deux_roues,5,2,1,1,3
202200046865,2022-03-30 15:50:00,2022,3,30,15,50,92,92014,BIEVRE (RUE DE LA),48.7803429492,2.3224676549,Plein jour,En agglomération,Hors intersection,Normale,Deux véhicules - côté,3,2,3,1,1,1,1,0,1,50,2,2,1,0,0,1,69.0,45.0,voiture,deux_roues,1,2,1,1,3
202200046866,2022-02-19 20:00:00,2022,2,19,20,0,973,97304,Avenue de France,5.16964,-52.647101,Nuit avec éclairage allumé,En agglomération,Hors intersection,Normale,Autre collision,3,2,2,0,1,1,1,0,1,50,1,2,1,0,1,0,56.0,,voiture,,5,2,1,1,6
202200046867,2022-06-10 15:20:00,2022,6,10,15,20,91,91135,D153,48.521817,2.436519,Plein jour,Hors agglomération,Hors intersection,Normale,Deux véhicules - côté,3,2,2,0,1,1,1,0,1,70,2,2,1,0,1,0,26.0,59.0,deux_roues,voiture,1,1,1,1,3
202200046868,2022-08-16 18:50:00,2022,8,16,18,50,94,94033,A86.INT,48.8520234289,2.4897042795,Plein jour,Hors agglomération,Hors intersection,Pluie forte,Deux véhicules - arrière,1,-1,2,0,1,1,2,0,1,90,2,2,1,0,0,1,51.0,56.0,utilitaire_camion,voiture,1,1,1,3,2
202200046869,2022-10-26 13:35:00,2022,10,26,13,35,67,67152,M83,48.526568,7.694845,Plein jour,Hors agglomération,Hors intersection,Normale,Trois véhicules et plus - en chaîne,7,3,3,0,1,1,1,0,1,90,4,5,0,0,0,5,48.0,33.0,voiture,utilitaire_camion,1,1,1,1,4
202200046870,2022-03-23 14:45:00,2022,3,23,14,45,39,39545,,46.670378,5.939033,Plein jour,Hors agglomération,Intersection en T,Normale,Deux véhicules - côté,2,2,2,0,2,1,1,0,1,80,2,2,1,0,1,0,16.0,36.0,deux_roues,voiture,1,1,3,1,3
202200046871,2022-02-18 08:15:00,2022,2,18,8,15,2B,2B148,Strada Di Pinetu,42.545129,9.525683,Crépuscule ou aube,Hors agglomération,Hors intersection,Normale,Deux véhicules - côté,3,2,2,0,1,3,1,0,1,80,2,2,1,0,1,0,26.0,76.0,voiture,voiture,2,1,1,1,3
202200046872,2022-10-27 07:59:00,2022,10,27,7,59,94,94003,AUTOROUTE A6A,48.80801,2.34058,Plein jour,Hors agglomération,Hors intersection,Normale,Deux véhicules - arrière,1,1,3,0,2,1,1,8,1,70,2,2,1,0,0,1,39.0,34.0,utilitaire_camion,deux_roues,1,1,1,1,2
202200046873,2022-03-30 18:47:00,2022,3,30,18,47,976,97610,route nationale 1,-12.741091,45.212538,Nuit sans éclairage public,Hors agglomération,Hors intersection,Normale,Deux véhicules - frontale,2,2,2,0,2,1,1,0,1,70,2,2,1,0,1,0,21.0,30.0,deux_roues,voiture,3,1,1,1,1
202200046874,2022-02-18 11:52:00,2022,2,18,11,52,34,34213,route départementale 2,43.512892,3.660657,Plein jour,Hors agglomération,Hors intersection,Normale,Deux véhicules - frontale,3,2,2,0,3,3,1,0,1,-1,2,2,1,0,0,1,39.0,24.0,voiture,voiture,1,1,1,1,1
202200046875,2022-10-27 14:10:00,2022,10,27,14,10,92,92036,A86,48.9365075204,2.2908439699,Plein jour,Hors agglomération,Hors intersection,Normale,Deux véhicules - côté,1,-1,4,0,1,1,1,0,1,90,2,2,1,0,0,1,39.0,65.0,voiture,utilitaire_camion,1,1,1,1,3
202200046876,2022-02-18 15:50:00,2022,2,18,15,50,83,83099,Boulevard Bazeilles,43.452397,6.693174,Plein jour,En agglomération,Hors intersection,Normale,Deux véhicules - côté,4,2,2,0,1,1,1,0,1,50,2,2,1,0,1,0,28.0,60.0,voiture,deux_roues,1,2,1,1,3
202200046877,2022-10-27 07:30:00,2022,10,27,7,30,95,95424,15,48.9924457297,2.1879224256,Nuit sans éclairage public,Hors agglomération,Hors intersection,Normale,Autre collision,1,3,4,0,1,1,1,0,2,110,1,1,0,0,0,1,22.0,,voiture,,3,1,1,1,6
202200046878,2022-04-01 19:05:00,2022,4,1,19,5,11,11438,A61 PK 302.000 sens NARBONNE / TOULOUSE,43.235026,2.101779,Plein jour,Hors agglomération,Hors intersection,Normale,Trois véhicules et plus - collisions multiples,1,3,4,0,1,1,1,2,1,130,3,4,1,0,1,2,57.0,26.0,voiture,voiture,1,1,1,1,5
202200046879,2022-06-10 16:40:00,2022,6,10,16,40,62,62141,Autoroute A26,50.613423,2.320642,Plein jour,Hors agglomération,Hors intersection,Normale,Deux véhicules - arrière,1,3,4,0,1,1,1,0,1,130,2,5,3,0,1,1,80.0,46.0,voiture,transport_commun,1,1,1,1,2
202200046880,2022-02-20 15:50:00,2022,2,20,15,50,13,13030,d8n,43.265675,5.66195,Plein jour,Hors agglomération,Hors intersection,Normale,Deux véhicules - frontale,3,2,2,0,2,3,1,0,1,80,2,2,1,0,1,0,73.0,26.0,voiture,deux_roues,1,1,1,1,1
202200046881,2022-06-07 19:00:00,2022,6,7,19,0,13,13114,Ancien Chemin d Aix Bas,43.539698,5.309084,Plein jour,En agglomération,Hors intersection,Normale,Autre collision,4,1,1,0,1,1,1,9,1,30,1,2,1,0,1,0,53.0,,utilitaire_camion,,1,2,1,1,6
202200046882,2022-10-27 07:15:00,2022,10,27,7,15,93,93066,AUTOROUTE A86,48.92451,2.34104,Nuit sans éclairage public,Hors agglomération,Hors intersection,Normale,Deux véhicules - arrière,1,3,3,0,1,1,1,0,1,90,2,2,1,0,0,1,46.0,23.0,utilitaire_camion,voiture,3,1,1,1,2
202200046883,2022-08-16 08:05:00,2022,8,16,8,5,77,77294,RN104,48.9603954661,2.6201199832,Plein jour,Hors agglomération,Hors intersection,Normale,Deux véhicules - arrière,1,3,2,0,1,4,1,0,1,90,2,2,1,0,0,1,40.0,23.0,utilitaire_camion,utilitaire_camion,1,1,1,1,2
202200046884,2022-02-19 13:00:00,2022,2,19,13,0,13,13041,42 Rue Jean-Jaurès,43.45529,5.465596,Plein jour,En agglomération,Hors intersection,Normale,Autre collision,7,1,2,0,1,1,1,0,1,50,1,2,1,0,1,0,33.0,,voiture,,1,2,1,1,6
202200046885,2022-03-30 12:00:00,2022,3,30,12,0,40,40065,Pont Lajus,43.644087,-1.432999,Plein jour,En agglomération,Intersection à plus de 4 branches,Normale,Deux véhicules - frontale,4,2,2,0,1,1,1,2,1,50,2,3,2,0,1,0,67.0,29.0,voiture,deux_roues,1,2,5,1,1
202200046886,2022-10-27 06:30:00,2022,10,27,6,30,93,93027,AUTOROUTE A1,48.93708,2.40911,Nuit avec éclairage allumé,Hors agglomération,Hors intersection,Normale,Autre collision,1,3,3,0,2,1,1,0,1,90,1,1,0,0,0,1,56.0,,utilitaire_camion,,5,1,1,1,6
202200046887,2022-06-11 06:00:00,2022,6,11,6,0,976,97617,29 rue de la mairie,-12.792321,45.123468,Plein jour,En agglomération,Hors intersection,Normale,Autre collision,4,2,2,0,1,1,1,0,4,30,1,2,1,1,0,0,31.0,,voiture,,1,2,1,1,6
202200046888,2022-02-19 19:00:00,2022,2,19,19,0,71,71337,Lieu-dit La perrière,46.311467,4.185485,Nuit sans éclairage public,Hors agglomération,Hors intersection,Normale,Deux véhicules - frontale,3,2,2,0,1,1,1,0,1,80,2,2,0,0,2,0,78.0,25.0,voiture,voiture,3,1,1,1,1
202200046889,2022-10-26 12:00:00,2022,10,26,12,0,972,97213,ROUTE DEPARTEMENTALE 15,14.62162,-61.00595,Plein jour,Hors agglomération,Hors intersection,Normale,Autre collision,3,2,2,0,1,3,1,0,1,50,1,2,1,0,0,1,22.0,,voiture,,1,1,1,1,6
202200046890,2022-03-31 16:30:00,2022,3,31,16,30,50,50338,D 455,48.882596,-1.099041,Plein jour,Hors agglomération,Hors intersection,Normale,Autre collision,3,2,2,0,2,1,1,0,1,80,2,2,1,0,0,1,32.0,22.0,utilitaire_camion,voiture,1,1,1,1,6
202200046891,2022-06-10 16:20:00,2022,6,10,16,20,971,97115,RN 2,16.263706,-61.643161,Plein jour,Hors agglomération,Autre intersection,Normale,Deux véhicules - côté,2,2,2,0,1,1,1,0,1,80,2,2,0,1,0,1,42.0,31.0,deux_roues,voiture,1,1,9,1,3
202200046892,2022-03-30 12:29:00,2022,3,30,12,29,76,76217,REPUBLIQUE (AVENUE DE LA),49.9267,1.0954,Plein jour,En agglomération,Hors intersection,Temps couvert,Autre collision,4,4,3,0,4,1,1,0,1,50,1,2,1,0,1,0,69.0,,voiture,,1,2,1,8,6
202200046893,2022-02-12 15:00:00,2022,2,12,15,0,17,17228,Route de Royan,45.641198,-0.968213,Plein jour,En agglomération,Hors intersection,Normale,Sans collision,2,2,2,0,1,1,1,0,3,50,1,1,0,0,1,0,59.0,,deux_roues,,1,2,1,1,7
202200046894,2022-10-26 17:40:00,2022,10,26,17,40,18,18279,Rue de la Société Française,47.225745,2.057806,Crépuscule ou aube,En agglomération,Autre intersection,Normale,,4,2,1,0,1,1,1,0,1,50,1,2,1,0,0,1,,,voiture,,2,2,9,1,-1
202200046895,2022-06-10 08:15:00,2022,6,10,8,15,45,45122,Rue Nationale-D952 PR 22 + 1,47.761285,2.514775,Plein jour,En agglomération,Hors intersection,Normale,Deux véhicules - côté,3,2,2,0,2,4,1,0,1,50,2,2,1,0,0,1,42.0,41.0,voiture,deux_roues,1,2,1,1,3
202200046896,2022-03-21 01:15:00,2022,3,21,1,15,76,76681,Boulevard Industriel,49.42174,1.10651,Nuit avec éclairage allumé,En agglomération,Hors intersection,Pluie légère,Deux véhicules - arrière,7,3,4,0,1,1,2,0,1,70,2,2,1,0,0,1,57.0,46.0,voiture,utilitaire_camion,5,2,1,2,2
202200046897,2022-06-10 09:30:00,2022,6,10,9,30,34,34327,135 Route de Jacou,43.658205,3.961344,Plein jour,Hors agglomération,Hors intersection,Normale,Autre collision,7,2,2,0,1,1,1,9,3,70,1,1,0,0,0,1,31.0,,voiture,,1,1,1,1,6
202200046898,2022-10-26 09:44:00,2022,10,26,9,44,75,75113,RUE BOBILLOT,48.830098,2.354344,Plein jour,En agglomération,Intersection en Y,Normale,Autre collision,4,1,2,2,1,1,1,0,5,30,1,2,1,0,0,1,24.0,,deux_roues,,1,2,4,1,6
202200046899,2022-06-09 22:35:00,2022,6,9,22,35,84,84026,Rd 973,43.733158,5.354462,Nuit sans éclairage public,Hors agglomération,Hors intersection,Normale,Deux véhicules - arrière,3,2,2,0,1,1,1,0,1,80,2,4,2,0,2,0,16.0,45.0,deux_roues,voiture,3,1,1,1,2
202200046900,2022-08-14 22:40:00,2022,8,14,22,40,973,97302,BADUEL (ROUTE DE),4.9349388881,-52.3120263219,Nuit avec éclairage allumé,En agglomération,Hors intersection,Normale,Deux véhicules - frontale,3,1,2,1,1,1,1,0,5,20,2,2,1,0,0,1,39.0,,deux_roues,deux_roues,5,2,1,1,1
202200046901,2022-10-26 01:00:00,2022,10,26,1,0,75,75110,BOULEVARD DE MAGENTA,48.878537,2.354046,Nuit avec éclairage allumé,En agglomération,Intersection à plus de 4 branches,Pluie légère,Deux véhicules - côté,4,2,2,1,1,1,2,0,1,30,2,2,1,0,0,1,18.0,35.0,deux_roues,voiture,5,2,5,2,3
202200046902,2022-06-10 19:15:00,2022,6,10,19,15,83,83042,18 Avenue Georges Clémenceau,43.251087,6.535666,Plein jour,En agglomération,Hors intersection,Temps éblouissant,Autre collision,4,1,1,0,1,1,1,0,1,30,1,2,1,0,1,0,61.0,,voiture,,1,2,1,7,6
202200046903,2022-08-15 22:30:00,2022,8,15,22,30,69,69382,Rue Président Edouard Herriot,45.76487,4.83433,Nuit avec éclairage allumé,En agglomération,Intersection en X,Normale,Deux véhicules - côté,4,1,1,3,1,1,1,0,1,30,2,2,1,0,0,1,22.0,25.0,voiture,deux_roues,5,2,2,1,3
202200046904,2022-06-10 17:03:00,2022,6,10,17,3,71,71472,départementale 197,46.983469,3.996304,Plein jour,Hors agglomération,Hors intersection,Normale,Sans collision,3,2,2,0,2,3,1,0,3,80,1,1,0,0,1,0,64.0,,deux_roues,,1,1,1,1,7
202200046905,2022-02-20 17:45:00,2022,2,20,17,45,22,22380,Rue de la Maréchale,48.38873,-2.068117,Plein jour,Hors agglomération,Intersection en T,Normale,Sans collision,4,2,2,0,2,3,1,0,1,80,1,1,0,1,0,0,56.0,,deux_roues,,1,1,3,1,7
202200046906,2022-10-26 11:30:00,2022,10,26,11,30,93,93027,Avenue Marcel Cachin / Rue Chabrol,48.9291,2.39669,Plein jour,En agglomération,Intersection en X,Normale,Autre collision,3,2,2,1,2,1,1,0,1,50,1,3,1,0,0,2,78.0,,voiture,,1,2,2,1,6
202200046907,2022-08-14 22:05:00,2022,8,14,22,5,971,97105,BD GERTY ARCHIMEDE,15.98794,-61.72534,Nuit avec éclairage allumé,En agglomération,Hors intersection,Normale,Autre collision,2,2,2,0,1,1,1,0,8,50,1,2,1,0,1,0,,,autre,,5,2,1,1,6
202200046908,2022-06-11 15:45:00,2022,6,11,15,45,68,68317,Col de la Schlucht,48.06639,7.098531,Plein jour,Hors agglomération,Hors intersection,Normale,Trois véhicules et plus - en chaîne,3,2,2,0,2,3,1,0,1,80,3,3,1,0,0,2,45.0,17.0,voiture,deux_roues,1,1,1,1,4
202200046909,2022-08-15 17:25:00,2022,8,15,17,25,95,95280,Avenue de la Gare,49.015702,2.469818,Plein jour,En agglomération,Hors intersection,Normale,Deux véhicules - arrière,3,2,2,0,2,2,1,0,1,50,2,3,1,0,0,2,25.0,22.0,voiture,voiture,1,2,1,1,2
202200046910,2022-06-06 17:20:00,2022,6,6,17,20,67,67336,D788,48.445029,7.687198,Plein jour,Hors agglomération,Hors intersection,Normale,Autre collision,3,2,2,0,1,1,1,0,1,80,1,1,0,0,0,1,51.0,,deux_roues,,1,1,1,1,6
202200046911,2022-10-25 17:00:00,2022,10,25,17,0,972,97209,ROUTOUTOU (RUE DU),14.599162,-61.053466,Plein jour,En agglomération,Intersection en T,Normale,Deux véhicules - frontale,4,-1,1,0,1,1,1,6,1,50,2,3,1,0,0,1,55.0,,voiture,deux_roues,1,2,3,1,1
202200046912,2022-06-11 17:10:00,2022,6,11,17,10,57,57474,D8,49.264367,6.183575,Plein jour,Hors agglomération,Hors intersection,Temps éblouissant,Sans collision,3,2,2,0,1,2,1,0,1,80,1,1,0,0,0,1,44.0,,deux_roues,,1,1,1,7,7
202200046913,2022-08-15 22:30:00,2022,8,15,22,30,95,95127,Boulevard de l'Oise,49.0398771119,2.0757347345,Nuit avec éclairage allumé,En agglomération,Hors intersection,Temps couvert,Deux véhicules - frontale,4,3,4,1,1,1,1,0,1,50,2,2,1,0,1,0,29.0,24.0,voiture,deux_roues,5,2,1,8,1
202200046914,2022-10-25 11:00:00,2022,10,25,11,0,83,83123,DEUXIEME SPAHIS (AVENUE DU),43.1198,5.80162,Plein jour,En agglomération,Hors intersection,Normale,Autre collision,4,2,2,0,1,1,1,0,1,50,1,2,1,0,1,0,46.0,,utilitaire_camion,,1,2,1,1,6
202200046915,2022-02-18 17:45:00,2022,2,18,17,45,22,22136,Rue du Porhoet,48.168798,-2.739947,Plein jour,Hors agglomération,Hors intersection,Normale,Deux véhicules - frontale,3,2,2,0,2,2,1,0,1,80,2,3,2,0,0,1,66.0,55.0,voiture,voiture,1,1,1,1,1
202200046916,2022-08-03 08:00:00,2022,8,3,8,0,85,85194,RD949,46.50534,-1.78997,Plein jour,En agglomération,Giratoire,Temps éblouissant,Deux véhicules - côté,3,-1,0,0,1,2,1,0,8,50,2,2,1,0,0,1,21.0,66.0,voiture,deux_roues,1,2,6,7,3
202200046917,2022-10-25 17:00:00,2022,10,25,17,0,69,69264,396 Rue du College,45.98328,4.71254,Plein jour,En agglomération,Hors intersection,Normale,Autre collision,4,1,1,2,1,1,1,0,4,30,1,2,1,0,0,1,28.0,,utilitaire_camion,,1,2,1,1,6
202200046918,2022-06-10 20:25:00,2022,6,10,20,25,57,57206,Rue de Strasbourg,49.3089,6.113709,Plein jour,En agglomération,Intersection en T,Normale,Deux véhicules - côté,4,1,2,0,1,1,1,0,8,50,2,3,1,0,1,1,27.0,23.0,deux_roues,voiture,1,2,3,1,3
202200046919,2022-06-11 17:32:00,2022,6,11,17,32,63,63077,Col de la Croix Saint-Robert (Point de vue),45.556672,2.849643,Plein jour,Hors agglomération,Hors intersection,Normale,Autre collision,3,2,2,0,2,3,1,0,1,80,2,2,0,0,1,1,22.0,35.0,deux_roues,deux_roues,1,1,1,1,6
202200046920,2022-02-20 12:00:00,2022,2,20,12,0,27,27439,Route de la Vallée,49.079773,1.143335,Plein jour,Hors agglomération,Hors intersection,Normale,Autre collision,3,2,2,0,1,1,1,0,8,80,1,1,0,0,1,0,20.0,,voiture,,1,1,1,1,6
202200046921,2022-10-17 09:55:00,2022,10,17,9,55,63,63014,NOELLET (AVENUE JEAN),45.75869,3.10165,Plein jour,En agglomération,Intersection à plus de 4 branches,Normale,Autre collision,7,2,2,0,1,1,1,0,1,50,1,2,1,0,1,0,65.0,,deux_roues,,1,2,5,1,6
202200046922,2022-06-11 12:10:00,2022,6,11,12,10,73,73054,D902,45.696049,6.723204,Plein jour,Hors agglomération,Hors intersection,Normale,Deux véhicules - frontale,3,2,2,0,2,3,1,0,1,-1,2,2,0,0,1,1,42.0,31.0,deux_roues,deux_roues,1,1,1,1,1
202200046923,2022-08-14 05:15:00,2022,8,14,5,15,83,83069,AVENUE RITONDALE LEOPOLD,43.11766,6.14527,Nuit avec éclairage allumé,En agglomération,Hors intersection,Normale,Trois véhicules et plus - en chaîne,7,1,2,0,1,1,1,0,1,50,4,7,6,0,0,1,27.0,63.0,utilitaire_camion,voiture,5,2,1,1,4
202200046924,2022-08-02 19:30:00,2022,8,2,19,30,85,85194,24 Avenue d'aquitaine,46.4929076,-1.76107,Plein jour,En agglomération,Hors intersection,Normale,Deux véhicules - arrière,4,-1,2,0,1,1,1,0,1,50,2,2,1,0,0,1,46.0,16.0,voiture,deux_roues,1,2,1,1,2
202200046925,2022-04-01 02:16:00,2022,4,1,2,16,41,41199,Le chene au loup - Route Nationale 10,47.673421,0.974232,Nuit sans éclairage public,Hors agglomération,Hors intersection,Temps couvert,Deux véhicules - frontale,2,2,2,0,1,1,1,0,1,80,2,2,0,1,0,1,20.0,26.0,utilitaire_camion,utilitaire_camion,3,1,1,8,1
202200046926,2022-06-11 06:50:00,2022,6,11,6,50,38,38001,Rue Gambetta,45.533702,5.586113,Plein jour,En agglomération,Hors intersection,Normale,Deux véhicules - frontale,3,2,2,0,1,1,1,0,1,30,2,2,1,0,0,1,59.0,22.0,utilitaire_camion,voiture,1,2,1,1,1
202200046927,2022-08-15 18:55:00,2022,8,15,18,55,74,74012,RESISTANCE (RUE DE LA),46.19643,6.2592,Plein jour,En agglomération,Hors intersection,Normale,Deux véhicules - arrière,4,2,2,0,1,1,1,0,1,50,2,2,1,0,0,1,19.0,30.0,voiture,deux_roues,1,2,1,1,2
202200046928,2022-02-19 18:55:00,2022,2,19,18,55,60,60342,537 Rue de la République,49.292173,2.444311,Nuit avec éclairage allumé,En agglomération,Hors intersection,Pluie légère,Autre collision,3,2,2,0,1,1,2,0,1,50,1,1,0,0,1,0,25.0,,deux_roues,,5,2,1,2,6
202200046929,2022-10-26 20:06:00,2022,10,26,20,6,974,97416,CHARETTE (CHEMIN),-21.31597,55.44157,Nuit avec éclairage allumé,Hors agglomération,Intersection en T,Normale,Deux véhicules - côté,4,2,2,0,1,1,1,0,1,50,2,2,1,0,0,1,,20.0,voiture,deux_roues,5,1,3,1,3
202200046930,2022-06-07 16:10:00,2022,6,7,16,10,81,81046,D4,43.8558075,1.9746577,Plein jour,Hors agglomération,Hors intersection,Normale,Autre collision,3,2,2,0,1,1,1,0,1,70,1,1,0,0,0,1,40.0,,voiture,,1,1,1,1,6
202200046931,2022-06-11 10:00:00,2022,6,11,10,0,81,81105,Boulevard Georges Ravari,43.771539,1.984169,Plein jour,En agglomération,Hors intersection,Normale,Deux véhicules - côté,3,3,2,1,1,1,1,0,8,70,2,2,1,1,0,0,26.0,85.0,voiture,deux_roues,1,2,1,1,3
202200046932,2022-02-18 16:50:00,2022,2,18,16,50,13,13216,A55-Sens Marseille vers Martigues,43.355195,5.347739,Plein jour,Hors agglomération,Hors intersection,Normale,Sans collision,1,1,3,0,1,1,1,0,1,90,1,1,0,0,0,1,25.0,,voiture,,1,1,1,1,7
202200046933,2022-03-31 15:45:00,2022,3,31,15,45,30,30047,chemin de mas de coulon,43.7981,4.4294,Plein jour,En agglomération,Hors intersection,Normale,Deux véhicules - frontale,4,1,2,0,1,3,1,0,1,50,2,2,1,0,1,0,55.0,43.0,deux_roues,voiture,1,2,1,1,1
202200046934,2022-10-26 10:34:00,2022,10,26,10,34,974,97411,LECLERC (DU MARECHAL),-20.88474,55.46603,Plein jour,En agglomération,Hors intersection,Normale,Deux véhicules - côté,4,1,3,3,1,1,1,0,6,30,2,7,2,0,0,5,38.0,45.0,transport_commun,voiture,1,2,1,1,3
202200046935,2022-08-15 23:25:00,2022,8,15,23,25,69,69029,Route de Genas,45.7509680692,4.90788728,Nuit avec éclairage allumé,En agglomération,Intersection à plus de 4 branches,Normale,Deux véhicules - côté,7,2,6,2,1,1,1,0,1,50,2,3,1,0,0,2,52.0,20.0,voiture,voiture,5,2,5,1,3
202200046936,2022-06-11 14:45:00,2022,6,11,14,45,65,65168,863 Avenue du Barège,42.884703,-0.01509,Plein jour,En agglomération,Hors intersection,Normale,Deux véhicules - arrière,3,2,2,0,1,1,1,0,1,50,2,2,0,0,1,1,63.0,49.0,deux_roues,deux_roues,1,2,1,1,2
202200046937,2022-02-18 14:10:00,2022,2,18,14,10,13,13081,A7-Sens Marseille vers Lyon,43.4889361839,5.2405790405,Plein jour,Hors agglomération,Hors intersection,Normale,Deux véhicules - arrière,1,1,3,0,1,1,1,0,1,110,2,3,2,0,0,1,44.0,41.0,utilitaire_camion,voiture,1,1,1,1,2
202200046938,2022-08-16 01:15:00,2022,8,16,1,15,61,61001,MANS (RUE DU ),48.42548,0.08929,Nuit avec éclairage allumé,En agglomération,Hors intersection,Normale,Sans collision,4,2,2,0,2,1,1,0,1,30,1,1,0,0,0,1,23.0,,deux_roues,,5,2,1,1,7
202200046939,2022-03-31 21:47:00,2022,3,31,21,47,56,56097,Pont des Bons-Voisins,47.770643,-3.078232,Crépuscule ou aube,Hors agglomération,Hors intersection,Normale,Autre collision,3,2,2,0,1,1,1,2,3,80,1,1,0,0,0,1,24.0,,voiture,,2,1,1,1,6
202200046940,2022-10-26 18:25:00,2022,10,26,18,25,973,97302,MADELEINE (ROUTE DE LA),4.91661,-52.32134,Nuit sans éclairage public,En agglomération,Hors intersection,Normale,Deux véhicules - frontale,3,2,1,0,1,1,1,0,1,50,2,3,1,0,0,2,54.0,18.0,voiture,deux_roues,3,2,1,1,1
202200046941,2022-06-11 13:50:00,2022,6,11,13,50,60,60139,D923,49.182461,2.234538,Plein jour,Hors agglomération,Intersection en X,Normale,Deux véhicules - côté,3,4,2,0,2,1,1,5,1,70,2,3,0,0,2,1,36.0,50.0,voiture,voiture,1,1,2,1,3
202200046942,2022-03-31 19:10:00,2022,3,31,19,10,56,56053,1 Lieu Dit Saint Germain,47.76404,-2.58679,Plein jour,Hors agglomération,Hors intersection,Temps couvert,Sans collision,3,2,2,0,1,3,1,0,8,-1,1,1,0,0,1,0,38.0,,deux_roues,,1,1,1,8,7
202200046943,2022-10-26 08:40:00,2022,10,26,8,40,973,97302,BADUEL (ROUTE DE),4.9325,-52.30843,Plein jour,En agglomération,Hors intersection,Normale,Deux véhicules - côté,3,2,2,2,1,1,1,0,1,50,2,2,1,0,1,0,48.0,69.0,voiture,deux_roues,1,2,1,1,3
202200046944,2022-02-19 12:00:00,2022,2,19,12,0,33,33213,AUTOROUTE A 62,44.685551,-0.491132,Plein jour,Hors agglomération,Hors intersection,Normale,Deux véhicules - arrière,1,3,4,0,1,1,1,0,1,130,2,7,6,0,0,1,35.0,37.0,voiture,voiture,1,1,1,1,2
202200046945,2022-08-14 21:40:00,2022,8,14,21,40,59,59368,DE GAULLE RUE DU GENERAL,50.6547209901,3.0736505985,Nuit avec éclairage allumé,En agglomération,Hors intersection,Normale,Deux véhicules - frontale,7,2,2,0,1,1,1,0,1,50,2,2,1,0,0,1,19.0,,deux_roues,voiture,5,2,1,1,1
202200046946,2022-06-11 19:00:00,2022,6,11,19,0,59,59015,Chemin des Biselles,50.2737946645,3.1032299995,Plein jour,En agglomération,Hors intersection,Normale,Deux véhicules - frontale,5,4,1,0,1,1,1,0,1,30,2,2,1,0,0,1,12.0,65.0,deux_roues,voiture,1,2,1,1,1