accident_id,datetime,annee,mois,jour,heure,minute,departement,commune_insee,adresse,latitude,longitude,luminosite,agglomeration,intersection,meteo,collision,catr,circ,nbv,vosp,prof,plan,surf,infra,situ,vma,nb_vehicules,nb_usagers,nb_indemnes,nb_tues,nb_blesses_hosp,nb_blesses_legers,age_cond_1,age_cond_2,veh_type_cond_1,veh_type_cond_2,lum_code,agg_code,int_code,atm_code,col_code
202200047039,2022-10-25 17:40:00,2022,10,25,17,40,64,64348,Avenue Jean Mermoz,43.3213,-0.37913,Plein jour,En agglomération,Hors intersection,Normale,Deux véhicules - côté,4,2,2,2,1,1,1,0,5,50,2,2,1,0,0,1,42.0,31.0,utilitaire_camion,deux_roues,1,2,1,1,3
202200047040,2022-02-18 07:20:00,2022,2,18,7,20,972,97209,RD 41 (ROCADE),14.6157862233,-61.053648591,Plein jour,En agglomération,Hors intersection,Pluie légère,Deux véhicules - côté,3,3,3,0,1,1,2,0,1,70,2,2,1,0,0,1,44.0,48.0,utilitaire_camion,voiture,1,2,1,2,3
202200047041,2022-04-01 11:30:00,2022,4,1,11,30,10,10156,Autoroute A5,48.2744534037,3.849978447,Plein jour,Hors agglomération,Hors intersection,Neige / grêle,Trois véhicules et plus - collisions multiples,1,3,4,0,1,1,5,0,1,130,3,3,2,0,1,0,36.0,51.0,utilitaire_camion,voiture,1,1,1,4,5
202200047042,2022-10-26 05:55:00,2022,10,26,5,55,61,61001,GENERAL DE GAULLE (PLACE DU),48.4344,0.09367,Nuit avec éclairage allumé,En agglomération,Giratoire,Normale,Deux véhicules - côté,3,1,1,0,1,2,2,5,1,30,2,2,1,0,0,1,54.0,30.0,voiture,deux_roues,5,2,6,1,3
202200047043,2022-03-15 20:30:00,2022,3,15,20,30,67,67471,Route de Bischwiller,48.63372,7.754079,Nuit avec éclairage allumé,En agglomération,Intersection en T,Normale,Deux véhicules - côté,7,2,2,0,1,1,1,0,1,30,2,2,1,0,1,0,22.0,23.0,deux_roues,voiture,5,2,3,1,3
202200047044,2022-02-19 01:20:00,2022,2,19,1,20,69,69382,Place Bellecour,45.75883,4.83093,Nuit avec éclairage allumé,En agglomération,Intersection en T,Normale,Deux véhicules - côté,4,1,1,1,1,1,1,-1,5,30,2,3,1,0,0,2,26.0,,deux_roues,voiture,5,2,3,1,3
202200047045,2022-03-31 11:45:00,2022,3,31,11,45,13,13065,Cheminement Departemental 24,43.72456,4.905396,Plein jour,Hors agglomération,Hors intersection,Normale,Sans collision,3,2,2,0,2,3,1,0,3,80,1,1,0,0,1,0,77.0,,deux_roues,,1,1,1,1,7
202200047046,2022-10-25 16:08:00,2022,10,25,16,8,59,59350,LIBERTE BVD N°147 A FIN-96 A FIN,50.63179,3.06154,Plein jour,En agglomération,Place,Normale,Deux véhicules - arrière,4,2,5,2,1,1,1,0,1,50,2,2,0,0,0,2,31.0,29.0,deux_roues,deux_roues,1,2,7,1,2
202200047047,2022-02-18 08:30:00,2022,2,18,8,30,69,69286,Route de Fontaines,45.82673,4.88279,Plein jour,Hors agglomération,Hors intersection,Normale,Deux véhicules - frontale,4,2,2,0,2,4,1,0,1,50,2,2,1,0,0,1,92.0,,voiture,utilitaire_camion,1,1,1,1,1
202200047048,2022-10-26 20:50:00,2022,10,26,20,50,59,59183,VERLEY PAUL - BOULEVARD,51.04102,2.38565,Nuit avec éclairage allumé,En agglomération,Intersection en T,Normale,Deux véhicules - frontale,4,2,0,0,1,1,1,0,1,50,2,2,1,0,0,1,60.0,21.0,deux_roues,voiture,5,2,3,1,1
202200047049,2022-02-18 02:10:00,2022,2,18,2,10,69,69385,Chemin de Choulans,45.75212,4.82089,Nuit avec éclairage allumé,En agglomération,Hors intersection,Normale,Deux véhicules - côté,4,1,2,3,2,3,1,0,1,30,2,3,2,0,1,0,20.0,24.0,deux_roues,voiture,5,2,1,1,3
202200047050,2022-10-25 16:00:00,2022,10,25,16,0,59,59178,METZ (RUE DE),50.3814454864,3.0681172013,Plein jour,En agglomération,Hors intersection,Normale,Autre collision,4,2,2,0,1,1,1,0,4,50,1,2,1,0,1,0,69.0,,voiture,,1,2,1,1,6
202200047051,2022-02-18 17:33:00,2022,2,18,17,33,2A,2A004,NAPOLEON COURS AVANT BEVERINI,41.92336,8.73767,Plein jour,En agglomération,Hors intersection,Normale,Autre collision,2,2,2,0,2,1,1,0,1,50,1,2,1,0,0,1,38.0,,deux_roues,,1,2,1,1,6
202200047052,2022-10-21 17:45:00,2022,10,21,17,45,59,59017,DUNKERQUE (RUE DE),50.68981,2.87905,Plein jour,En agglomération,Hors intersection,Normale,Autre collision,7,2,2,0,1,1,1,0,1,50,1,2,1,0,1,0,,,deux_roues,,1,2,1,1,6
202200047053,2022-04-01 14:50:00,2022,4,1,14,50,38,38530,"A43, PK : 025+900",45.627334,5.171084,Plein jour,Hors agglomération,Hors intersection,Neige / grêle,Deux véhicules - arrière,1,3,3,0,1,1,2,0,1,130,2,3,1,0,0,2,61.0,21.0,utilitaire_camion,utilitaire_camion,1,1,1,4,2
202200047054,2022-10-26 13:00:00,2022,10,26,13,0,51,51454,rue Gerbert,49.2510055424,4.0407881141,Plein jour,En agglomération,Intersection en X,Normale,Deux véhicules - côté,4,2,2,0,1,1,1,0,1,50,2,2,1,0,0,1,52.0,56.0,voiture,voiture,1,2,2,1,3
202200047055,2022-03-31 00:20:00,2022,3,31,0,20,973,97305,CARREFOUR MATITI,5.0647973124,-52.5566196442,Nuit avec éclairage allumé,Hors agglomération,Hors intersection,Pluie légère,Sans collision,2,2,2,0,1,1,2,5,1,-1,1,3,1,0,1,1,38.0,,utilitaire_camion,,5,1,1,2,7
202200047056,2022-02-18 16:50:00,2022,2,18,16,50,91,91692,R.N 446,48.678902,2.191158,Plein jour,Hors agglomération,Hors intersection,Temps couvert,Trois véhicules et plus - en chaîne,3,2,2,0,1,1,2,0,1,70,4,7,5,0,0,2,23.0,67.0,utilitaire_camion,voiture,1,1,1,8,4
202200047057,2022-10-25 22:04:00,2022,10,25,22,4,50,50502,POTERNE,49.115357,-1.098102,Nuit avec éclairage allumé,En agglomération,Hors intersection,Normale,Autre collision,3,2,4,2,1,1,1,0,1,50,1,2,0,1,1,0,56.0,,deux_roues,,5,2,1,1,6
202200047058,2022-03-26 12:44:00,2022,3,26,12,44,45,45051,1700 route de sully,47.811366,2.380688,Plein jour,Hors agglomération,Intersection en X,Normale,Deux véhicules - côté,3,2,2,0,1,1,1,0,1,90,2,4,0,0,2,2,54.0,26.0,voiture,voiture,1,1,2,1,3
202200047059,2022-02-18 13:30:00,2022,2,18,13,30,91,91692,CHAMPS LASNIERS (AVENUE),48.685197,2.169849,Plein jour,En agglomération,Hors intersection,Temps couvert,Autre collision,4,2,2,0,1,1,2,0,1,45,1,2,1,0,0,1,26.0,,voiture,,1,2,1,8,6
202200047060,2022-03-31 17:00:00,2022,3,31,17,0,77,77318,D20E1,48.78993,2.915894,Plein jour,En agglomération,Hors intersection,Temps couvert,Autre collision,3,2,2,0,1,1,1,0,1,30,1,2,1,0,1,0,59.0,,voiture,,1,2,1,8,6
202200047061,2022-02-17 19:48:00,2022,2,17,19,48,91,91345,RUE PDT FRANCOIS MITTERRAND,48.700392,2.29627,Nuit avec éclairage allumé,En agglomération,Autre intersection,Normale,Autre collision,4,2,2,0,2,1,1,0,8,50,1,2,1,0,1,0,26.0,,voiture,,5,2,9,1,6
202200047062,2022-10-24 11:30:00,2022,10,24,11,30,49,49328,PARE (RUE AMBROISE),47.2428131648,-0.077419281,Plein jour,En agglomération,Intersection en T,Normale,Sans collision,4,2,2,0,1,1,1,0,1,50,2,2,1,0,0,1,15.0,47.0,deux_roues,voiture,1,2,3,1,7
202200047063,2022-02-18 12:10:00,2022,2,18,12,10,91,91514,RUE DE BRUNOY,48.67441,2.53411,Plein jour,En agglomération,Hors intersection,Temps couvert,Autre collision,3,-1,0,0,1,3,2,0,1,30,1,2,1,0,0,1,48.0,,voiture,,1,2,1,8,6
202200047064,2022-02-27 10:45:00,2022,2,27,10,45,77,77510,D21 / D88,48.815656,2.792775,Plein jour,En agglomération,Intersection en T,Normale,Deux véhicules - côté,3,2,2,0,1,1,1,0,1,50,2,2,1,0,1,0,51.0,57.0,voiture,deux_roues,1,2,3,1,3
202200047065,2022-02-18 11:55:00,2022,2,18,11,55,91,91421,REPUBLIQUE (AVENUE DE LA),48.701124,2.465773,Plein jour,En agglomération,Hors intersection,Pluie légère,Autre collision,3,2,2,0,1,1,1,0,1,30,1,2,1,0,0,1,36.0,,utilitaire_camion,,1,2,1,2,6
202200047066,2022-10-26 11:20:00,2022,10,26,11,20,49,49099,MINEE(BOULEVARD DE LA),47.05255,-0.86935,Plein jour,En agglomération,Intersection en X,Normale,Deux véhicules - côté,3,3,5,0,1,1,1,0,1,70,2,6,0,0,0,6,46.0,42.0,voiture,voiture,1,2,2,1,3
202200047067,2022-10-23 17:57:00,2022,10,23,17,57,48,48095,RD 42,44.52842,3.43608,Plein jour,Hors agglomération,Hors intersection,Temps couvert,Sans collision,3,2,2,0,1,1,1,0,1,90,1,1,0,0,0,1,22.0,,voiture,,1,1,1,8,7
202200047068,2022-02-18 13:08:00,2022,2,18,13,8,90,90008,CHARMEUSE (RUE DE LA),47.624,6.841,Plein jour,En agglomération,Giratoire,Temps éblouissant,Deux véhicules - côté,3,1,1,0,1,3,1,5,1,50,2,2,1,0,0,1,21.0,68.0,deux_roues,utilitaire_camion,1,2,6,7,3
202200047069,2022-03-26 18:42:00,2022,3,26,18,42,78,78381,31 Avenue de la Republique,48.794115,1.607491,Plein jour,En agglomération,Hors intersection,Temps éblouissant,Autre collision,3,2,2,0,1,1,1,0,1,50,1,1,0,0,1,0,21.0,,deux_roues,,1,2,1,7,6
202200047070,2022-02-16 04:44:00,2022,2,16,4,44,88,88462,CD 417,48.02202,6.67752,Nuit sans éclairage public,Hors agglomération,Hors intersection,Pluie légère,Deux véhicules - côté,3,-1,2,0,1,1,2,0,1,90,1,2,1,0,1,0,47.0,,voiture,,3,1,1,2,3
202200047071,2022-10-26 20:30:00,2022,10,26,20,30,44,44109,38 Boulevard de l'Egalité,47.20862,-1.58717,Nuit avec éclairage allumé,En agglomération,Hors intersection,Normale,Deux véhicules - côté,4,3,2,2,1,1,1,0,1,30,2,2,1,0,0,1,28.0,61.0,voiture,deux_roues,5,2,1,1,3
202200047072,2022-03-28 14:15:00,2022,3,28,14,15,21,21292,Place de l Espoir,47.245462705,5.2284651252,Plein jour,En agglomération,Intersection en T,Temps éblouissant,Deux véhicules - frontale,3,2,2,0,1,1,1,0,1,50,2,2,1,0,1,0,29.0,26.0,deux_roues,voiture,1,2,3,7,1
202200047073,2022-02-17 14:45:00,2022,2,17,14,45,85,85194,NICOT (RUE JEAN),46.499276,-1.784167,Plein jour,En agglomération,Giratoire,Pluie légère,Deux véhicules - côté,4,2,2,0,1,1,2,5,1,50,2,2,1,0,1,0,66.0,,deux_roues,voiture,1,2,6,2,3
202200047074,2022-04-01 11:45:00,2022,4,1,11,45,64,64422,Avenue Sadi Carnot,43.192571,-0.610012,Plein jour,En agglomération,Autre intersection,Normale,Autre collision,4,3,2,0,1,1,1,0,1,50,1,2,1,0,1,0,47.0,,voiture,,1,2,9,1,6
202200047075,2022-02-11 16:15:00,2022,2,11,16,15,30,30011,,43.95978,4.74572,Plein jour,En agglomération,Hors intersection,Normale,Deux véhicules - côté,3,1,2,0,1,1,1,0,1,50,2,2,1,0,1,0,26.0,74.0,deux_roues,utilitaire_camion,1,2,1,1,3
202200047076,2022-10-26 15:17:00,2022,10,26,15,17,42,42187,Rue Jean Jaurès,46.0349168741,4.0736487847,Plein jour,En agglomération,Hors intersection,Normale,Autre collision,4,1,1,1,1,1,1,0,1,30,1,2,1,0,0,1,54.0,,utilitaire_camion,,1,2,1,1,6
202200047077,2022-03-31 17:05:00,2022,3,31,17,5,22,22098,Saint Maudez,48.42363,-2.567614,Plein jour,Hors agglomération,Hors intersection,Neige / grêle,Deux véhicules - frontale,3,2,2,0,1,2,2,0,1,80,3,3,2,0,0,1,64.0,40.0,voiture,voiture,1,1,1,4,1
202200047078,2022-02-17 16:30:00,2022,2,17,16,30,30,30011,Boulevard Victor Hugo,43.95636,4.77003,Plein jour,En agglomération,Hors intersection,Normale,Autre collision,4,2,2,0,2,1,1,0,1,50,1,3,0,1,2,0,63.0,,voiture,,1,2,1,1,6
202200047079,2022-10-25 09:30:00,2022,10,25,9,30,42,42187,Boulevard Maréchal Joffre,46.0533934364,4.0731779337,Plein jour,En agglomération,Giratoire,Normale,Deux véhicules - côté,3,2,2,2,1,1,1,5,8,50,2,2,1,0,1,0,34.0,34.0,voiture,deux_roues,1,2,6,1,3
202200047080,2022-03-31 15:45:00,2022,3,31,15,45,60,60398,D929,49.1878167408,2.2848032713,Plein jour,Hors agglomération,Intersection en X,Normale,Deux véhicules - côté,3,4,3,0,1,1,1,5,1,80,2,2,1,0,0,1,42.0,30.0,voiture,voiture,1,1,2,1,3
202200047081,2022-04-01 16:45:00,2022,4,1,16,45,60,60218,Rue des Sources,49.221991,2.168695,Plein jour,En agglomération,Hors intersection,Pluie légère,Sans collision,4,2,2,0,1,1,2,0,1,50,1,1,0,0,1,0,17.0,,deux_roues,,1,2,1,2,7
202200047082,2022-10-26 13:55:00,2022,10,26,13,55,35,35238,CHATEAUGIRON (DE),48.1004,-1.64998,Plein jour,En agglomération,Intersection en X,Pluie légère,Deux véhicules - côté,4,2,2,3,1,1,2,0,1,50,2,2,0,0,0,2,43.0,48.0,voiture,voiture,1,2,2,2,3
202200047083,2022-02-17 15:10:00,2022,2,17,15,10,83,83098,HERMINIER (BD DU COMMANDANT),43.0933829656,6.0246337652,Plein jour,En agglomération,Hors intersection,Normale,Autre collision,7,2,2,0,1,1,1,6,1,30,1,2,1,0,1,0,85.0,,voiture,,1,2,1,1,6
202200047084,2022-03-31 14:30:00,2022,3,31,14,30,13,13214,A507 sens Aubagne- Marseille,43.330007472,5.3949428873,Plein jour,Hors agglomération,Hors intersection,Normale,Deux véhicules - arrière,1,3,3,0,1,1,1,1,1,70,2,2,1,0,0,1,35.0,25.0,voiture,voiture,1,1,1,1,2
202200047085,2022-03-30 18:32:00,2022,3,30,18,32,13,13202,Tunnel Joliette Marseille vers Aubagne,43.31048,5.36705,Plein jour,Hors agglomération,Hors intersection,Temps couvert,Deux véhicules - arrière,1,1,2,0,1,1,2,0,1,50,2,2,1,0,0,1,45.0,31.0,voiture,voiture,1,1,1,8,2
202200047086,2022-10-25 23:15:00,2022,10,25,23,15,35,35137,RN12,48.3363817957,-1.1936017871,Nuit sans éclairage public,Hors agglomération,Hors intersection,Normale,Deux véhicules - frontale,2,2,2,0,1,1,1,0,1,80,2,4,2,0,0,2,45.0,33.0,voiture,voiture,3,1,1,1,1
202200047087,2022-03-31 07:15:00,2022,3,31,7,15,13,13071,A7-Sens Marseille vers Lyon,43.40364,5.3076,Plein jour,Hors agglomération,Hors intersection,Normale,Autre collision,1,-1,3,0,1,1,2,0,1,110,2,2,1,0,1,0,55.0,61.0,voiture,deux_roues,1,1,1,1,6
202200047088,2022-10-26 18:40:00,2022,10,26,18,40,33,33063,Quai de Bacalan,44.8596232633,-0.5548685789,Crépuscule ou aube,En agglomération,Intersection en T,Normale,Autre collision,4,3,2,3,1,1,1,9,1,50,1,2,0,0,0,2,15.0,,deux_roues,,2,2,3,1,6
202200047089,2022-10-26 22:30:00,2022,10,26,22,30,33,33529,LISIERE DU GOLF (ALL. DE LA),44.6365,-1.15827,Nuit avec éclairage allumé,En agglomération,Hors intersection,Normale,Autre collision,4,2,2,0,1,2,1,0,1,50,1,1,0,0,0,1,56.0,,voiture,,5,2,1,1,6
202200047090,2022-03-31 07:45:00,2022,3,31,7,45,13,13215,A7-Sens Marseille vers Lyon,43.3828,5.3513,Plein jour,Hors agglomération,Hors intersection,Normale,Deux véhicules - arrière,1,1,3,0,1,1,2,0,1,90,2,2,1,0,0,1,58.0,60.0,deux_roues,voiture,1,1,1,1,2
202200047091,2022-05-11 10:15:00,2022,5,11,10,15,75,75117,BOULEVARD PEREIRE,48.881244454,2.2907365859,Plein jour,En agglomération,Hors intersection,Normale,Deux véhicules - côté,4,3,1,0,1,1,1,0,1,30,2,2,1,0,0,1,53.0,19.0,voiture,deux_roues,1,2,1,1,3
202200047092,2022-03-30 07:15:00,2022,3,30,7,15,13,13215,A7-Sens Lyon vers Marseille,43.3517560873,5.3667940991,Crépuscule ou aube,Hors agglomération,Hors intersection,Normale,Deux véhicules - arrière,1,1,3,0,1,1,1,0,1,90,2,2,1,0,0,1,20.0,50.0,voiture,deux_roues,2,1,1,1,2
202200047093,2022-10-26 06:45:00,2022,10,26,6,45,31,31555,VIALA (AV LEON) DU 2AU 199,43.575,1.45296,Nuit avec éclairage allumé,En agglomération,Intersection en T,Brouillard / fumée,Deux véhicules - côté,4,2,2,0,1,1,1,0,1,50,2,2,1,0,1,0,19.0,20.0,deux_roues,voiture,5,2,3,5,3
202200047094,2022-03-30 22:08:00,2022,3,30,22,8,33,33090,AUTOROUTE A 63,44.770206,-0.662646,Nuit sans éclairage public,Hors agglomération,Hors intersection,Normale,Autre collision,1,3,4,0,1,1,1,0,1,110,1,2,1,1,0,0,,,autre,,3,1,1,1,6
202200047095,2022-10-26 08:35:00,2022,10,26,8,35,29,29232,338 Route de Rosporden,47.98169,-4.03488,Crépuscule ou aube,Hors agglomération,Giratoire,Pluie légère,Deux véhicules - arrière,3,1,2,0,1,2,2,5,1,50,2,2,1,0,0,1,32.0,30.0,deux_roues,voiture,2,1,6,2,2
202200047096,2022-05-11 08:10:00,2022,5,11,8,10,75,75117,AVENUE DE LA PORTE D ASNIERES,48.890633,2.303129,Plein jour,En agglomération,Intersection en T,Normale,Deux véhicules - côté,4,2,5,0,1,1,1,0,1,30,2,2,1,0,0,1,32.0,45.0,utilitaire_camion,deux_roues,1,2,3,1,3
202200047097,2022-03-31 19:45:00,2022,3,31,19,45,91,91161,AUTOROUTE A6,48.713,2.308,Plein jour,Hors agglomération,Hors intersection,Normale,Deux véhicules - côté,1,3,6,0,1,1,1,0,1,110,2,2,1,0,0,1,32.0,41.0,voiture,deux_roues,1,1,1,1,3
202200047098,2022-10-26 17:10:00,2022,10,26,17,10,29,29019,165 rue Jean Jaurès,48.397213479,-4.475306661,Plein jour,En agglomération,Hors intersection,Normale,Autre collision,4,1,1,0,1,1,1,0,1,50,1,2,1,0,1,0,50.0,,transport_commun,,1,2,1,1,6
202200047099,2022-05-10 16:40:00,2022,5,10,16,40,75,75117,BOULEVARD GOUVION SAINT CYR,48.8827184475,2.286811173,Plein jour,En agglomération,Hors intersection,Normale,Autre collision,4,3,2,0,2,1,1,0,1,10,1,1,0,0,0,1,54.0,,voiture,,1,2,1,1,6
202200047100,2022-03-31 09:14:00,2022,3,31,9,14,91,91570,RN 104,48.62502,2.321,Plein jour,Hors agglomération,Hors intersection,Normale,Deux véhicules - arrière,2,2,4,0,1,1,1,0,1,110,2,2,1,0,1,0,58.0,40.0,utilitaire_camion,utilitaire_camion,1,1,1,1,2
202200047101,2022-10-26 15:50:00,2022,10,26,15,50,26,26058,MOULIN D'ALBON RUE DU,44.95173,4.90292,Plein jour,En agglomération,Intersection en X,Normale,Deux véhicules - côté,4,2,0,0,1,1,1,0,1,50,2,2,1,0,0,1,16.0,22.0,deux_roues,voiture,1,2,2,1,3
202200047102,2022-05-11 14:25:00,2022,5,11,14,25,75,75116,AVENUE GEORGES LAFONT,48.836317,2.256331,Plein jour,En agglomération,Intersection en X,Normale,Deux véhicules - côté,4,2,4,0,1,1,1,0,1,50,2,2,1,0,0,1,26.0,28.0,utilitaire_camion,deux_roues,1,2,2,1,3
202200047103,2022-03-30 14:10:00,2022,3,30,14,10,78,78640,A86 EXT ,48.7770460771,2.2243153906,Plein jour,Hors agglomération,Hors intersection,Temps couvert,Deux véhicules - arrière,1,1,4,0,2,1,1,0,1,70,2,2,1,0,0,1,50.0,30.0,utilitaire_camion,deux_roues,1,1,1,8,2
202200047104,2022-10-26 21:00:00,2022,10,26,21,0,25,25056,FAURE AVENUE EDGAR,47.24467,6.02184,Nuit avec éclairage allumé,En agglomération,Intersection en X,Normale,Autre collision,4,2,4,0,1,3,1,0,3,50,1,1,0,0,0,1,50.0,,deux_roues,,5,2,2,1,6
202200047105,2022-03-30 07:55:00,2022,3,30,7,55,78,78090,A13,48.970229,1.908034,Crépuscule ou aube,Hors agglomération,Hors intersection,Pluie légère,Deux véhicules - arrière,1,1,3,0,1,1,2,0,1,130,2,2,1,0,0,1,48.0,30.0,utilitaire_camion,voiture,2,1,1,2,2
202200047106,2022-10-26 17:50:00,2022,10,26,17,50,18,18279,Avenue de Chaillot,47.19884,2.08629,Plein jour,En agglomération,Intersection en T,Normale,Deux véhicules - côté,3,2,2,0,1,3,1,5,1,50,2,2,1,0,1,0,51.0,14.0,voiture,deux_roues,1,2,3,1,3
202200047107,2022-05-11 20:30:00,2022,5,11,20,30,75,75115,RUE CAMBRONNE,48.840407,2.304272,Crépuscule ou aube,En agglomération,Intersection en X,Normale,Deux véhicules - côté,4,2,2,0,2,1,1,0,1,30,2,2,1,0,0,1,25.0,49.0,deux_roues,voiture,2,2,2,1,3
202200047108,2022-03-31 17:20:00,2022,3,31,17,20,95,95256,RN 184,49.05742,2.20769,Plein jour,Hors agglomération,Hors intersection,Normale,Deux véhicules - arrière,2,3,4,0,1,1,1,0,1,110,2,2,1,0,0,1,41.0,36.0,voiture,voiture,1,1,1,1,2
202200047109,2022-10-26 21:08:00,2022,10,26,21,8,17,17300,GRANDES GUIARDES   AVENUE DES,46.16953,-1.18698,Nuit avec éclairage allumé,En agglomération,Intersection en X,Normale,Deux véhicules - côté,4,2,2,0,1,1,1,5,1,30,2,4,2,0,0,2,22.0,51.0,voiture,voiture,5,2,2,1,3
202200047110,2022-05-11 07:45:00,2022,5,11,7,45,75,75113,BOULEVARD MASSENA,48.823402,2.375021,Plein jour,En agglomération,Intersection en T,Normale,Deux véhicules - côté,4,3,2,1,2,1,1,-1,5,30,2,2,1,0,0,1,38.0,20.0,voiture,deux_roues,1,2,3,1,3
202200047111,2022-03-31 10:15:00,2022,3,31,10,15,92,92078,AUTOROUTE A86,48.9294615368,2.327973188,Plein jour,Hors agglomération,Hors intersection,Pluie légère,Trois véhicules et plus - en chaîne,1,3,6,0,1,1,2,0,1,90,4,4,3,0,0,1,53.0,41.0,deux_roues,voiture,1,1,1,2,4
202200047112,2022-10-25 09:30:00,2022,10,25,9,30,13,13054,D9 (BRETELLE),43.3949,5.19602,Plein jour,En agglomération,Hors intersection,Normale,Deux véhicules - côté,7,3,0,0,1,1,1,0,1,80,2,2,1,0,0,1,59.0,57.0,voiture,deux_roues,1,2,1,1,3
202200047113,2022-03-31 01:30:00,2022,3,31,1,30,95,95527,A3,48.99542,2.51511,Nuit avec éclairage non allumé,Hors agglomération,Hors intersection,Autre,Autre collision,1,3,4,0,1,3,1,0,1,90,1,1,0,0,0,1,23.0,,voiture,,4,1,1,9,6
202200047114,2022-05-10 19:20:00,2022,5,10,19,20,75,75112,BOULEVARD DE BERCY,48.839524,2.384817,Plein jour,En agglomération,Hors intersection,Normale,Deux véhicules - côté,4,2,4,0,1,1,1,0,1,30,2,2,0,0,1,1,26.0,46.0,deux_roues,deux_roues,1,2,1,1,3
202200047115,2022-10-26 08:15:00,2022,10,26,8,15,13,13215,MADRAGUE VILLE (chemin de la),43.3333959942,5.3585129208,Plein jour,En agglomération,Hors intersection,Normale,Deux véhicules - arrière,4,-1,2,0,1,1,1,0,1,50,2,2,1,0,0,1,61.0,,deux_roues,autre,1,2,1,1,2
202200047116,2022-10-26 09:20:00,2022,10,26,9,20,13,13001,AURIENTIS FERNAND (AV DOCTEUR),43.53108,5.45649,Plein jour,En agglomération,Hors intersection,Normale,Deux véhicules - frontale,4,2,0,0,2,1,1,0,1,50,1,2,1,0,0,1,43.0,,voiture,,1,2,1,1,1
202200047117,2022-05-11 04:45:00,2022,5,11,4,45,75,75111,AVENUE PHILIPPE AUGUSTE,48.857177,2.390456,Nuit avec éclairage allumé,En agglomération,Hors intersection,Normale,Autre collision,4,2,2,0,1,1,1,0,1,30,1,1,0,0,0,1,49.0,,deux_roues,,5,2,1,1,6
202200047118,2022-03-30 13:05:00,2022,3,30,13,5,93,93005,AUTOROUTE A1,48.9684638479,2.4797080457,Plein jour,Hors agglomération,Hors intersection,Temps couvert,Deux véhicules - arrière,1,3,3,0,1,1,2,0,1,110,2,4,2,0,0,2,65.0,29.0,voiture,voiture,1,1,1,8,2
202200047119,2022-10-26 08:05:00,2022,10,26,8,5,07,07316,LONES (PONT DES),44.90969,4.8645,Plein jour,Hors agglomération,Hors intersection,Normale,Autre collision,3,2,1,1,2,1,1,2,5,80,1,2,0,0,0,2,39.0,,deux_roues,,1,1,1,1,6
202200047120,2022-03-30 13:20:00,2022,3,30,13,20,94,94022,A86 EXT,48.77578,2.41387,Plein jour,Hors agglomération,Hors intersection,Normale,Deux véhicules - arrière,1,-1,6,0,1,1,1,2,1,90,2,2,1,0,0,1,44.0,38.0,voiture,voiture,1,1,1,1,2
202200047121,2022-05-11 13:07:00,2022,5,11,13,7,75,75108,BOULEVARD MALESHERBES,48.8801061509,2.31347166,Plein jour,En agglomération,Intersection en T,Normale,Autre collision,4,2,5,0,1,1,1,0,1,30,1,2,1,0,0,1,39.0,,voiture,,1,2,3,1,6
202200047122,2022-10-20 21:10:00,2022,10,20,21,10,05,05061,BELLEVUE (BOULEVARD),44.55942,6.08571,Nuit avec éclairage allumé,En agglomération,Intersection en Y,Pluie légère,Sans collision,4,2,2,0,2,3,2,0,1,50,1,1,0,0,0,1,27.0,,deux_roues,,5,2,4,2,7
202200047123,2022-03-29 23:50:00,2022,3,29,23,50,94,94069,A4,48.8173704442,2.4286139539,Nuit sans éclairage public,Hors agglomération,Hors intersection,Pluie légère,Trois véhicules et plus - en chaîne,1,-1,4,0,1,1,2,0,1,90,3,5,2,0,0,3,30.0,29.0,voiture,voiture,3,1,1,2,4
202200047124,2022-10-25 15:10:00,2022,10,25,15,10,75,75112,PORTE DE VINCENNES,48.841353,2.413788,Plein jour,En agglomération,Hors intersection,Normale,Deux véhicules - arrière,4,1,4,0,1,1,1,0,1,70,2,2,1,0,0,1,23.0,61.0,deux_roues,voiture,1,2,1,1,2
202200047125,2022-05-11 09:10:00,2022,5,11,9,10,75,75108,RUE TRONCHET,48.8728035792,2.3264984787,Plein jour,En agglomération,Intersection en Y,Normale,Deux véhicules - côté,4,2,4,0,1,1,1,0,1,30,2,2,1,0,0,1,50.0,26.0,deux_roues,utilitaire_camion,1,2,4,1,3
202200047126,2022-10-25 12:45:00,2022,10,25,12,45,75,75115,PORTE DE SEVRES,48.831897,2.28169,Plein jour,En agglomération,Hors intersection,Normale,Deux véhicules - arrière,4,1,4,0,1,1,1,0,1,70,2,2,1,0,0,1,62.0,39.0,deux_roues,voiture,1,2,1,1,2
202200047127,2022-03-30 17:45:00,2022,3,30,17,45,06,06029,ROUBINE (AVENUE DE LA),43.54815,6.97345,Plein jour,En agglomération,Hors intersection,Pluie légère,Autre collision,4,2,2,0,1,1,2,0,1,50,1,2,1,0,1,0,41.0,,utilitaire_camion,,1,2,1,2,6
202200047128,2022-05-10 20:50:00,2022,5,10,20,50,75,75107,BOULEVARD DE LA TOUR MAUBOURG,48.859937,2.310175,Crépuscule ou aube,En agglomération,Intersection en X,Normale,Autre collision,4,2,2,1,1,1,1,-1,5,30,1,2,1,0,0,1,23.0,,deux_roues,,2,2,2,1,6
202200047129,2022-10-25 08:05:00,2022,10,25,8,5,75,75116,PORTE MAILLOT,48.877753,2.280184,Plein jour,En agglomération,Hors intersection,Normale,Deux véhicules - côté,4,1,4,0,1,1,1,0,1,70,2,2,1,0,0,1,37.0,27.0,deux_roues,voiture,1,2,1,1,3