accident_id,datetime,annee,mois,jour,heure,minute,departement,commune_insee,adresse,latitude,longitude,luminosite,agglomeration,intersection,meteo,collision,catr,circ,nbv,vosp,prof,plan,surf,infra,situ,vma,nb_vehicules,nb_usagers,nb_indemnes,nb_tues,nb_blesses_hosp,nb_blesses_legers,age_cond_1,age_cond_2,veh_type_cond_1,veh_type_cond_2,lum_code,agg_code,int_code,atm_code,col_code
202200047314,2022-05-10 08:00:00,2022,5,10,8,0,37,37161,D123,47.435418,1.118867,Plein jour,Hors agglomération,Hors intersection,Normale,Autre collision,3,2,2,0,1,1,1,0,3,80,1,1,0,0,1,0,46.0,,deux_roues,,1,1,1,1,6
202200047315,2022-03-30 15:55:00,2022,3,30,15,55,75,75113,RUE DE TOLBIAC,48.8261384866,2.3600617309,Plein jour,En agglomération,Intersection à plus de 4 branches,Normale,Deux véhicules - côté,4,2,3,0,1,1,1,0,1,30,2,2,1,0,0,1,40.0,12.0,voiture,deux_roues,1,2,5,1,3
202200047316,2022-05-11 13:00:00,2022,5,11,13,0,84,84068,Avenue du 8 Mai 1945,43.765976,5.362452,Plein jour,En agglomération,Hors intersection,Normale,Deux véhicules - côté,3,2,2,0,1,1,1,0,1,50,1,2,1,0,1,0,72.0,,utilitaire_camion,,1,2,1,1,3
202200047317,2022-03-30 20:35:00,2022,3,30,20,35,75,75111,BOULEVARD DE CHARONNE,48.858258,2.389884,Nuit avec éclairage allumé,En agglomération,Intersection en X,Normale,Autre collision,4,3,2,0,1,1,2,0,1,30,1,2,1,0,0,1,36.0,,deux_roues,,5,2,2,1,6
202200047318,2022-05-11 18:30:00,2022,5,11,18,30,84,84092,Intersection Avenue Louis Pasteur/ avenue Guillaume de Fargis,43.957217,4.858623,Plein jour,En agglomération,Intersection en X,Normale,Deux véhicules - côté,4,2, -1,-1,1,1,1,0,1,-1,2,4,2,0,0,2,13.0,66.0,deux_roues,voiture,1,2,2,1,3
202200047319,2022-03-30 10:50:00,2022,3,30,10,50,75,75110,BOULEVARD DE MAGENTA,48.8804976094,2.3523030089,Plein jour,En agglomération,Intersection à plus de 4 branches,Pluie forte,Deux véhicules - arrière,4,2,4,0,2,1,2,0,1,30,2,2,1,0,0,1,26.0,26.0,deux_roues,utilitaire_camion,1,2,5,3,2
202200047320,2022-05-12 18:45:00,2022,5,12,18,45,06,06078,D6202,43.909633,7.187103,Plein jour,Hors agglomération,Hors intersection,Normale,Autre collision,3,2,2,0,2,4,1,1,1,70,1,1,0,1,0,0,62.0,,deux_roues,,1,1,1,1,6
202200047321,2022-03-30 02:40:00,2022,3,30,2,40,75,75108,RUE DES MATHURINS,48.8731368492,2.3267415433,Nuit avec éclairage allumé,En agglomération,Intersection en X,Normale,Deux véhicules - côté,4,1,1,0,1,1,1,0,1,50,2,2,1,0,0,1,35.0,35.0,voiture,deux_roues,5,2,2,1,3
202200047322,2022-03-30 19:20:00,2022,3,30,19,20,75,75101,QUAI DE LA MEGISSERIE,48.8582414533,2.3433726644,Plein jour,En agglomération,Intersection en T,Pluie légère,Deux véhicules - arrière,4,2,3,0,1,1,2,0,1,50,2,2,0,0,0,2,33.0,30.0,voiture,deux_roues,1,2,3,2,2
202200047323,2022-05-11 14:45:00,2022,5,11,14,45,69,69269,Route des Cretes,45.7173466953,4.5915287733,Plein jour,Hors agglomération,Hors intersection,Normale,Autre collision,3,2,2,0,2,3,1,0,3,90,1,1,0,0,0,1,57.0,,voiture,,1,1,1,1,6
202200047324,2022-05-10 18:00:00,2022,5,10,18,0,69,69069,47 Avenue Edouard Millaud,45.747261,4.73044,Plein jour,En agglomération,Hors intersection,Temps éblouissant,Autre collision,7,2,2,0,2,1,1,8,8,50,1,2,1,0,1,0,38.0,,voiture,,1,2,1,7,6
202200047325,2022-03-30 14:45:00,2022,3,30,14,45,75,75103,PLACE DE LA REPUBLIQUE,48.8673818953,2.3633198561,Plein jour,En agglomération,Place,Temps couvert,Autre collision,4,2,6,0,1,1,1,0,1,30,1,2,1,0,0,1,32.0,,deux_roues,,1,2,7,8,6
202200047326,2022-05-10 22:30:00,2022,5,10,22,30,33,33539,Avenue de Libourne,44.897129,-0.317965,Nuit avec éclairage allumé,En agglomération,Hors intersection,Normale,Autre collision,3,2,2,0,1,1,1,0,1,50,1,1,0,0,1,0,39.0,,voiture,,5,2,1,1,6
202200047327,2022-03-30 08:00:00,2022,3,30,8,0,75,75101,RUE SAINT HONORE,48.8674326368,2.3261888238,Plein jour,En agglomération,Intersection en X,Pluie légère,Deux véhicules - côté,4,1,1,0,1,1,2,0,1,30,2,2,1,0,0,1,32.0,47.0,deux_roues,utilitaire_camion,1,2,2,2,3
202200047328,2022-05-11 19:15:00,2022,5,11,19,15,33,33468,Lieu dit ''fouquet,44.8150730803,0.0033272803,Plein jour,Hors agglomération,Hors intersection,Normale,Autre collision,4,2,1,0,2,1,1,0,1,80,1,1,0,0,0,1,52.0,,utilitaire_camion,,1,1,1,1,6
202200047329,2022-03-30 06:30:00,2022,3,30,6,30,94,94081,Rue Léon Geffroy,48.7863,2.40749,Nuit avec éclairage allumé,En agglomération,Hors intersection,Pluie légère,Autre collision,3,3,2,0,1,1,2,0,1,50,1,3,2,0,0,1,60.0,,voiture,,5,2,1,2,6
202200047330,2022-05-07 18:10:00,2022,5,7,18,10,14,14381,D90,48.9412288486,-0.0442671776,Plein jour,Hors agglomération,Intersection en X,Normale,Deux véhicules - côté,3,2,2,0,1,1,1,0,1,80,2,3,2,0,0,1,18.0,50.0,deux_roues,utilitaire_camion,1,1,2,1,3
202200047331,2022-03-30 08:50:00,2022,3,30,8,50,94,94058,Avenue du 11 Novembre,48.84673,2.49683,Plein jour,En agglomération,Autre intersection,Pluie légère,Autre collision,3,1,1,0,1,1,2,9,8,50,1,2,1,0,0,1,27.0,,voiture,,1,2,9,2,6
202200047332,2022-05-11 15:25:00,2022,5,11,15,25,27,27448,Rue Edouard Isambard,49.010472,1.397431,Plein jour,En agglomération,Hors intersection,Normale,Deux véhicules - côté,4,2,0,0,1,1,1,0,1,50,2,2,1,0,0,1,25.0,41.0,deux_roues,voiture,1,2,1,1,3
202200047333,2022-05-12 08:30:00,2022,5,12,8,30,60,60575,Rue de la Liberation,49.289415,2.197754,Plein jour,En agglomération,Intersection en T,Normale,Autre collision,3,2,1,0,1,4,1,0,1,50,1,2,1,0,0,1,44.0,,voiture,,1,2,3,1,6
202200047334,2022-05-12 08:35:00,2022,5,12,8,35,02,02084,Rue de l Eglise,49.014533,3.212128,Plein jour,Hors agglomération,Hors intersection,Normale,Deux véhicules - frontale,4,2,1,0,1,1,1,0,1,80,2,2,1,0,0,1,50.0,49.0,voiture,voiture,1,1,1,1,1
202200047335,2022-05-12 13:28:00,2022,5,12,13,28,59,59258,1441 Route de Cobrieux,50.541932,3.222284,Plein jour,En agglomération,Hors intersection,Normale,Deux véhicules - côté,4,2,2,0,1,3,1,0,1,50,2,2,1,0,0,1,49.0,72.0,deux_roues,voiture,1,2,1,1,3
202200047336,2022-05-08 16:29:00,2022,5,8,16,29,13,13214,A507 sens Marseille - Aubagne,43.32997,5.39235,Plein jour,Hors agglomération,Hors intersection,Normale,Trois véhicules et plus - en chaîne,1,1,3,0,1,1,1,1,1,70,5,5,4,0,0,1,44.0,24.0,transport_commun,voiture,1,1,1,1,4
202200047337,2022-05-11 05:10:00,2022,5,11,5,10,59,59527,ROUTE DEPARTEMENTALE 652,50.667009233,3.0292482374,Crépuscule ou aube,Hors agglomération,Hors intersection,Normale,Autre collision,7,-1,4,0,1,1,1,0,1,90,1,2,1,0,1,0,26.0,,voiture,,2,1,1,1,6
202200047338,2022-05-10 22:45:00,2022,5,10,22,45,59,59609,AUTOROUTE A1,50.57363,3.08089,Nuit sans éclairage public,Hors agglomération,Hors intersection,Normale,Trois véhicules et plus - collisions multiples,1,-1,6,0,1,1,1,0,1,90,3,3,2,0,1,0,28.0,37.0,deux_roues,deux_roues,3,1,1,1,5
202200047339,2022-05-11 13:45:00,2022,5,11,13,45,92,92002,AUTOROUTE A86,48.7631900662,2.3106335018,Plein jour,Hors agglomération,Hors intersection,Normale,Deux véhicules - arrière,1,3,4,0,1,3,1,1,1,70,2,2,1,0,0,1,40.0,26.0,utilitaire_camion,voiture,1,1,1,1,2
202200047340,2022-05-11 14:38:00,2022,5,11,14,38,91,91161,AUTOROUTE A6,48.695,2.318,Plein jour,Hors agglomération,Autre intersection,Normale,Trois véhicules et plus - collisions multiples,1,3,6,0,1,1,1,0,1,90,3,3,2,0,0,1,40.0,41.0,voiture,voiture,1,1,9,1,5
202200047341,2022-05-11 09:17:00,2022,5,11,9,17,94,94076,AUTOROUTE A6B,48.7862265368,2.3463836127,Plein jour,Hors agglomération,Hors intersection,Normale,Deux véhicules - arrière,1,3,12,0,1,1,1,0,2,70,2,2,1,0,0,1,29.0,28.0,deux_roues,deux_roues,1,1,1,1,2
202200047342,2022-05-08 19:40:00,2022,5,8,19,40,94,94034,AUTOROUTE A86,48.75778,2.32768,Plein jour,Hors agglomération,Hors intersection,Normale,Trois véhicules et plus - en chaîne,1,3,0,0,1,1,1,1,1,70,3,3,2,0,0,1,48.0,34.0,deux_roues,voiture,1,1,1,1,4
202200047343,2022-05-11 14:50:00,2022,5,11,14,50,92,92050,A86,48.9185377249,2.2233682794,Plein jour,Hors agglomération,Hors intersection,Normale,Deux véhicules - arrière,1,3, -1,0,2,1,1,0,1,90,2,2,1,0,0,1,25.0,32.0,voiture,voiture,1,1,1,1,2
202200047344,2022-05-10 19:05:00,2022,5,10,19,5,92,92063,A86,48.8865314176,2.1657412201,Plein jour,Hors agglomération,Hors intersection,Normale,Deux véhicules - côté,1,1,5,0,1,1,1,0,1,90,2,2,1,0,1,0,60.0,32.0,deux_roues,voiture,1,1,1,1,3
202200047345,2022-05-10 18:40:00,2022,5,10,18,40,78,78117,RN12,48.787948,2.143654,Plein jour,Hors agglomération,Hors intersection,Normale,Trois véhicules et plus - collisions multiples,2,1,3,0,1,1,1,0,1,110,4,5,4,0,1,0,37.0,61.0,deux_roues,voiture,1,1,1,1,5
202200047346,2022-05-11 18:00:00,2022,5,11,18,0,93,93006,AUTOROUTE A3,48.8669887319,2.4131193599,Plein jour,Hors agglomération,Hors intersection,Normale,Deux véhicules - côté,1,2,8,0,1,2,1,0,1,90,2,3,1,0,0,2,22.0,28.0,deux_roues,voiture,1,1,1,1,3
202200047347,2022-05-11 17:50:00,2022,5,11,17,50,77,77438,A104,48.8617215031,2.6676135287,Plein jour,Hors agglomération,Autre intersection,Normale,Deux véhicules - arrière,1,1,3,0,1,1,1,9,1,90,2,3,0,0,0,3,64.0,35.0,voiture,deux_roues,1,1,9,1,2
202200047348,2022-05-11 17:10:00,2022,5,11,17,10,93,93051,A4,48.8358,2.5613,Plein jour,Hors agglomération,Hors intersection,Normale,Deux véhicules - arrière,1,3,8,0,1,1,1,0,1,110,2,2,1,0,0,1,30.0,50.0,voiture,deux_roues,1,1,1,1,2
202200047349,2022-05-10 19:15:00,2022,5,10,19,15,974,97409,DU LYCEE(RUE),-20.96442,55.65243,Nuit avec éclairage allumé,En agglomération,Intersection en T,Normale,Autre collision,4,2,2,0,1,1,1,0,1,50,1,2,1,0,0,1,29.0,,transport_commun,,5,2,3,1,6
202200047350,2022-05-09 16:30:00,2022,5,9,16,30,974,97407,OWENS JAMES,-20.938298,55.293425,Plein jour,Hors agglomération,Hors intersection,Normale,Sans collision,4,2,0,0,1,2,1,9,1,70,1,1,0,0,0,1,27.0,,voiture,,1,1,1,1,7
202200047351,2022-05-09 11:15:00,2022,5,9,11,15,973,97302,MANGO (ROUTE),4.93212,-52.31804,Plein jour,En agglomération,Hors intersection,Normale,Deux véhicules - côté,4,2,2,0,1,1,1,0,1,50,2,2,1,0,0,1,18.0,24.0,deux_roues,voiture,1,2,1,1,3
202200047352,2022-05-10 09:10:00,2022,5,10,9,10,69,69276,Route Départementale 312,45.66347,4.84362,Plein jour,Hors agglomération,Hors intersection,Normale,Deux véhicules - côté,7,2,2,2,1,1,1,0,1,70,2,2,1,0,0,1,30.0,54.0,deux_roues,voiture,1,1,1,1,3
202200047353,2022-05-10 07:20:00,2022,5,10,7,20,69,69199,Chemin Fauré,45.68908,4.84954,Plein jour,En agglomération,Hors intersection,Normale,Deux véhicules - côté,4,2,2,1,1,1,1,9,1,50,2,3,2,0,0,1,29.0,36.0,voiture,deux_roues,1,2,1,1,3
202200047354,2022-05-10 08:10:00,2022,5,10,8,10,69,69386,Rue Montgolfier,45.77168,4.84676,Plein jour,En agglomération,Intersection en X,Normale,Autre collision,4,1,1,2,1,1,1,0,1,30,1,3,1,0,0,2,79.0,,voiture,,1,2,2,1,6
202200047355,2022-05-10 17:05:00,2022,5,10,17,5,972,97209,CONDORCET (AVENUE),14.60463,-61.07864,Plein jour,En agglomération,Intersection en T,Normale,Deux véhicules - côté,4,2,2,0,2,1,1,0,1,50,2,2,1,0,0,1,50.0,16.0,voiture,deux_roues,1,2,3,1,3
202200047356,2022-05-11 00:05:00,2022,5,11,0,5,69,69384,41 Rue de Belfort,45.77952,4.83458,Nuit avec éclairage allumé,En agglomération,Intersection en T,Normale,Sans collision,4,1,1,0,1,1,1,0,1,30,1,1,0,0,0,1,51.0,,deux_roues,,5,2,3,1,7
202200047357,2022-05-10 21:00:00,2022,5,10,21,0,69,69382,Rue Dugas Montbel,45.7479060682,4.8249694705,Nuit avec éclairage allumé,En agglomération,Hors intersection,Normale,Autre collision,4,1,1,2,1,1,1,1,5,50,1,2,1,0,0,1,29.0,,deux_roues,,5,2,1,1,6
202200047358,2022-05-10 21:25:00,2022,5,10,21,25,69,69389,38 Rue Joannès Carret,45.7891802806,4.8126474023,Nuit avec éclairage allumé,En agglomération,Intersection en T,Normale,Autre collision,4,2,3,0,1,1,1,5,4,50,1,1,0,0,0,1,21.0,,voiture,,5,2,3,1,6
202200047359,2022-05-10 14:40:00,2022,5,10,14,40,69,69384,69 Rue Jacques-Louis Hénon,45.77955,4.82485,Plein jour,En agglomération,Hors intersection,Normale,Deux véhicules - côté,4,2,2,0,1,1,1,0,1,50,2,2,1,0,0,1,54.0,58.0,voiture,voiture,1,2,1,1,3
202200047360,2022-05-10 14:30:00,2022,5,10,14,30,2A,2A001,T22,41.9525771865,8.7853375375,Plein jour,En agglomération,Hors intersection,Normale,Trois véhicules et plus - en chaîne,2,2,2,0,1,1,1,0,1,50,3,4,3,0,0,1,67.0,76.0,voiture,voiture,1,2,1,1,4
202200047361,2022-05-10 07:25:00,2022,5,10,7,25,95,95280,Bd Paul Vaillant Couturier,49.030921,2.459539,Plein jour,En agglomération,Intersection en X,Normale,Deux véhicules - frontale,4,2,2,0,1,1,1,5,1,50,2,3,1,0,0,1,38.0,,voiture,deux_roues,1,2,2,1,1
202200047362,2022-05-10 10:00:00,2022,5,10,10,0,95,95555,Rue Berthie Albrecht,48.9671085995,2.2844320536,Plein jour,En agglomération,Hors intersection,Normale,Autre collision,3,2,2,0,1,1,1,0,1,30,1,2,1,0,0,1,39.0,,voiture,,1,2,1,1,6
202200047363,2022-04-08 18:40:00,2022,4,8,18,40,91,91425,RTE D ORLEANS RN 20,48.64078,2.2684,Plein jour,En agglomération,Hors intersection,Pluie forte,Deux véhicules - côté,3,3,4,0,1,1,2,0,1,50,2,3,2,0,0,1,44.0,32.0,voiture,deux_roues,1,2,1,3,3
202200047364,2022-05-10 18:10:00,2022,5,10,18,10,91,91692,TROPIQUES (AVENUE DES),48.6846,2.1902,Plein jour,Hors agglomération,Hors intersection,Temps éblouissant,Deux véhicules - côté,3,2,4,0,1,1,1,0,1,50,2,2,1,0,1,0,31.0,73.0,deux_roues,voiture,1,1,1,7,3
202200047365,2022-05-10 15:20:00,2022,5,10,15,20,91,91027,AV FRANCOIS MITTERRAND,48.7127,2.37918,Plein jour,En agglomération,Hors intersection,Normale,Autre collision,4,2,2,0,1,1,1,0,1,30,1,2,1,0,0,1,44.0,,voiture,,1,2,1,1,6
202200047366,2022-05-09 20:30:00,2022,5,9,20,30,91,91432,AV CHARLES DE GAULLE,48.705342,2.34267,Plein jour,En agglomération,Hors intersection,Normale,Deux véhicules - côté,4,2,2,0,1,1,1,0,1,50,2,2,1,0,0,1,37.0,33.0,voiture,voiture,1,2,1,1,3
202200047367,2022-05-09 22:28:00,2022,5,9,22,28,87,87085,CHARPENTIER (RUE),45.83907,1.26115,Nuit avec éclairage allumé,En agglomération,Intersection en T,Normale,Autre collision,4,2,2,0,1,1,1,0,1,50,1,2,1,0,0,1,56.0,,deux_roues,,5,2,3,1,6
202200047368,2022-05-09 16:42:00,2022,5,9,16,42,87,87085,VANTEAUX (BOULEVARD DE),45.82036,1.23757,Plein jour,En agglomération,Hors intersection,Normale,Deux véhicules - côté,4,3,4,1,2,1,1,0,4,50,2,2,1,0,0,1,23.0,31.0,deux_roues,voiture,1,2,1,1,3
202200047369,2022-04-25 13:35:00,2022,4,25,13,35,84,84007,BOMPAS (Chemin de)-MONTFAVET,43.90984,4.90763,Plein jour,En agglomération,Hors intersection,Normale,Deux véhicules - côté,4,2,2,0,1,1,1,0,1,50,2,2,1,0,0,1,31.0,26.0,deux_roues,voiture,1,2,1,1,3
202200047370,2022-05-09 10:16:00,2022,5,9,10,16,83,83069,ANQUETIL ( CHEMIN JACQUES ),43.0953641665,6.1278389767,Plein jour,En agglomération,Hors intersection,Normale,Deux véhicules - frontale,4,2,1,0,2,3,1,0,1,50,2,3,1,0,1,1,17.0,59.0,deux_roues,utilitaire_camion,1,2,1,1,1
202200047371,2022-05-09 16:58:00,2022,5,9,16,58,82,82033,MARECHAL LECLERC (AVENUE DU) ,44.04478,1.10407,Plein jour,En agglomération,Intersection en X,Normale,Deux véhicules - côté,3,2,2,2,1,1,1,0,1,50,2,7,3,0,0,4,41.0,41.0,voiture,transport_commun,1,2,2,1,3
202200047372,2022-05-10 17:35:00,2022,5,10,17,35,78,78551,LORRAINE (DE),48.899384,2.092086,Plein jour,En agglomération,Hors intersection,Normale,Deux véhicules - côté,4,2,2,0,1,1,1,0,1,50,2,2,1,0,0,1,86.0,26.0,deux_roues,voiture,1,2,1,1,3
202200047373,2022-05-10 17:55:00,2022,5,10,17,55,78,78498,VILLIERS RUE DE,48.923852,2.028822,Plein jour,En agglomération,Hors intersection,Normale,Autre collision,4,-1,2,0,1,1,1,0,1,30,1,2,1,0,0,1,22.0,,voiture,,1,2,1,1,6
202200047374,2022-05-06 12:30:00,2022,5,6,12,30,76,76540,Rue Jean Lecanuet,49.4439,1.09625,Plein jour,En agglomération,Hors intersection,Normale,Autre collision,4,2,2,0,1,1,1,-1,8,30,1,2,1,0,0,1,41.0,,utilitaire_camion,,1,2,1,1,6
202200047375,2022-04-20 16:06:00,2022,4,20,16,6,76,76540,Avenue du Grand Cours,49.42554,1.10577,Plein jour,En agglomération,Intersection en X,Normale,Deux véhicules - arrière,7,3,4,0,1,1,1,0,1,70,2,2,1,0,1,0,55.0,52.0,deux_roues,voiture,1,2,2,1,2
202200047376,2022-05-09 17:26:00,2022,5,9,17,26,76,76217,VICTOIRE (DE LA),49.92621,1.09866,Plein jour,En agglomération,Hors intersection,Normale,Autre collision,4,1,1,0,2,1,1,9,1,30,1,2,1,0,1,0,36.0,,voiture,,1,2,1,1,6
202200047377,2022-05-04 14:50:00,2022,5,4,14,50,76,76217,VERDUN (BOULEVARD DE),49.93049,1.08213,Plein jour,En agglomération,Intersection en T,Normale,Deux véhicules - côté,4,2,2,0,1,1,1,0,1,30,2,2,1,0,0,1,46.0,15.0,voiture,deux_roues,1,2,3,1,3
202200047378,2022-05-10 07:10:00,2022,5,10,7,10,74,74298,LIVRON (ROUTE DE),46.19042,6.25105,Plein jour,En agglomération,Giratoire,Normale,Deux véhicules - côté,3,2,0,0,1,1,1,9,5,50,2,2,1,0,0,1,44.0,17.0,voiture,deux_roues,1,2,6,1,3
202200047379,2022-05-10 06:25:00,2022,5,10,6,25,73,73065,N201 VRU,45.57575,5.9263,Crépuscule ou aube,Hors agglomération,Hors intersection,Normale,Trois véhicules et plus - en chaîne,2,3,3,0,1,1,1,1,1,90,3,14,2,0,0,12,47.0,29.0,utilitaire_camion,utilitaire_camion,2,1,1,1,4
202200047380,2022-05-09 17:00:00,2022,5,9,17,0,71,71270,BIOUX (ROUTE DE),46.3022,4.80985,Plein jour,En agglomération,Autre intersection,Normale,Deux véhicules - arrière,4,2,2,0,1,1,1,9,1,50,2,2,1,0,0,1,37.0,38.0,deux_roues,voiture,1,2,9,1,2
202200047381,2022-05-10 18:50:00,2022,5,10,18,50,69,69266,Rue Emile Decorps,45.75514,4.89946,Plein jour,En agglomération,Intersection en X,Normale,Deux véhicules - frontale,4,2,2,2,1,1,1,0,1,50,2,3,1,0,1,1,31.0,24.0,deux_roues,voiture,1,2,2,1,1
202200047382,2022-05-10 11:35:00,2022,5,10,11,35,69,69256,154 Avenue Gabriel Péri,45.7719529796,4.9108482895,Plein jour,En agglomération,Intersection en T,Normale,Autre collision,4,3,2,3,1,1,1,0,6,50,1,2,1,1,0,0,19.0,,voiture,,1,2,3,1,6
202200047383,2022-05-09 14:55:00,2022,5,9,14,55,69,69029,Avenue de la République,45.735,4.91165,Plein jour,En agglomération,Intersection en X,Normale,Deux véhicules - côté,4,2,2,0,2,1,1,0,1,30,2,2,1,0,0,1,57.0,24.0,voiture,voiture,1,2,2,1,3
202200047384,2022-05-10 08:20:00,2022,5,10,8,20,67,67482,CHARLES PEGUY (RUE),48.58853,7.69809,Plein jour,En agglomération,Hors intersection,Normale,Deux véhicules - côté,4,2,2,0,1,1,1,1,3,50,2,2,1,0,0,1,34.0,26.0,voiture,deux_roues,1,2,1,1,3
202200047385,2022-05-09 18:15:00,2022,5,9,18,15,67,67482,JACQUELINE AURIOL,48.5463635999,7.7703756094,Plein jour,En agglomération,Hors intersection,Normale,Deux véhicules - côté,4,1,1,0,1,1,1,9,1,30,2,4,1,0,0,3,35.0,21.0,deux_roues,voiture,1,2,1,1,3
202200047386,2022-05-08 22:00:00,2022,5,8,22,0,67,67447,CRONENBOURG (RUE DE),48.6066291427,7.7361130714,Nuit avec éclairage allumé,En agglomération,Intersection en T,Normale,Deux véhicules - côté,7,2,2,0,1,1,1,5,1,50,2,3,2,0,0,1,41.0,40.0,voiture,utilitaire_camion,5,2,3,1,3
202200047387,2022-05-07 11:40:00,2022,5,7,11,40,67,67482,ABBE LEMIRE (RUE DE L ),48.57665,7.72647,Plein jour,En agglomération,Hors intersection,Normale,Sans collision,4,2,2,0,1,2,1,0,1,30,2,2,1,0,0,1,50.0,43.0,deux_roues,transport_commun,1,2,1,1,7
202200047388,2022-05-09 18:06:00,2022,5,9,18,6,66,66136,R D 900,42.72387,2.87657,Plein jour,Hors agglomération,Hors intersection,Normale,Trois véhicules et plus - collisions multiples,3,3,4,0,1,1,1,0,1,110,3,3,2,0,0,1,28.0,24.0,voiture,voiture,1,1,1,1,5
202200047389,2022-05-10 18:24:00,2022,5,10,18,24,64,64445,RUE MONTPENSIER,43.298849,-0.370886,Plein jour,En agglomération,Hors intersection,Normale,Sans collision,4,1,1,0,1,1,1,0,1,30,1,1,0,0,0,1,38.0,,voiture,,1,2,1,1,7
202200047390,2022-05-10 15:45:00,2022,5,10,15,45,64,64125,FAMILISTERE (RUE),43.44762,-1.57522,Plein jour,En agglomération,Hors intersection,Normale,Deux véhicules - côté,4,2,2,0,1,1,1,0,1,50,2,3,2,0,0,1,48.0,42.0,voiture,deux_roues,1,2,1,1,3
202200047391,2022-05-10 17:25:00,2022,5,10,17,25,64,64024,Avenue de Bayonne,43.48148,-1.51041,Plein jour,En agglomération,Hors intersection,Normale,Deux véhicules - arrière,3,2,4,3,1,1,1,0,1,50,2,2,1,0,0,1,70.0,51.0,voiture,voiture,1,2,1,1,2
202200047392,2022-05-07 19:45:00,2022,5,7,19,45,63,63103,RD 411,45.9389,3.0771,Plein jour,Hors agglomération,Hors intersection,Normale,Autre collision,3,2,2,0,1,1,1,0,1,80,1,2,1,0,1,0,44.0,,voiture,,1,1,1,1,6
202200047393,2022-05-07 19:15:00,2022,5,7,19,15,63,63198,RD 227,45.925,3.0395,Plein jour,Hors agglomération,Hors intersection,Normale,Deux véhicules - côté,3,2,2,0,2,2,1,0,1,80,2,2,0,0,0,1,,51.0,voiture,deux_roues,1,1,1,1,3
202200047394,2022-05-09 19:50:00,2022,5,9,19,50,63,63113,VOLONTE (RUE DE LA),45.80598,3.12023,Plein jour,En agglomération,Hors intersection,Normale,Deux véhicules - arrière,4,2,2,0,1,1,1,0,1,30,2,2,1,0,0,1,28.0,45.0,voiture,deux_roues,1,2,1,1,2
202200047395,2022-05-09 17:26:00,2022,5,9,17,26,63,63113,THEURIET (RUE ANDRE),45.76291,3.08134,Plein jour,En agglomération,Intersection en X,Normale,Deux véhicules - côté,4,2,2,0,1,1,1,0,1,50,2,2,1,0,0,1,68.0,26.0,deux_roues,voiture,1,2,2,1,3
202200047396,2022-04-16 02:45:00,2022,4,16,2,45,62,62178,D188,50.49756,2.55682,Nuit sans éclairage public,Hors agglomération,Hors intersection,Normale,Autre collision,3,2,2,0,1,1,1,0,3,80,1,2,1,0,1,0,,,autre,,3,1,1,1,6
202200047397,2022-05-09 14:45:00,2022,5,9,14,45,59,59033,MAUBEUGE (RUE DE),50.2025244892,3.848669529,Plein jour,En agglomération,Autre intersection,Normale,Autre collision,3,3,2,0,1,1,1,0,8,50,1,2,1,0,1,0,39.0,,voiture,,1,2,9,1,6
202200047398,2022-05-09 11:23:00,2022,5,9,11,23,59,59350,FLANDRES PONT,50.63554,3.07664,Plein jour,En agglomération,Intersection en X,Normale,Deux véhicules - arrière,4,2,4,1,1,1,1,2,1,50,2,2,1,0,0,1,41.0,29.0,deux_roues,voiture,1,2,2,1,2
202200047399,2022-05-06 16:30:00,2022,5,6,16,30,56,56260,MONSABERT(BOULEVARD DU GENERAL DE),47.660978,-2.781078,Plein jour,En agglomération,Hors intersection,Normale,Autre collision,4,2,2,0,1,1,1,0,1,50,1,2,1,1,0,0,37.0,,voiture,,1,2,1,1,6
202200047400,2022-05-10 08:00:00,2022,5,10,8,0,54,54526,FRATERNITE (RUE DE LA),48.6943479504,6.2147828937,Plein jour,En agglomération,Hors intersection,Normale,Trois véhicules et plus - en chaîne,4,2,2,1,1,1,1,2,1,70,3,3,1,0,0,2,18.0,40.0,voiture,voiture,1,2,1,1,4
202200047401,2022-05-09 18:10:00,2022,5,9,18,10,54,54526,ONZE NOVEMBRE (RUE DU),48.6826267418,6.2156774104,Plein jour,En agglomération,Hors intersection,Normale,Deux véhicules - arrière,7,2,2,0,1,1,1,0,1,50,2,3,2,0,0,1,72.0,21.0,voiture,voiture,1,2,1,1,2
202200047402,2022-05-09 17:22:00,2022,5,9,17,22,54,54395,SAINT LAMBERT (IMPASSE ET RUE),48.6878145247,6.1654302478,Plein jour,En agglomération,Hors intersection,Normale,Deux véhicules - côté,4,1,2,0,1,1,1,0,1,30,2,2,1,0,0,1,39.0,50.0,voiture,deux_roues,1,2,1,1,3
202200047403,2022-05-10 06:50:00,2022,5,10,6,50,51,51454,rue de Saint Brice,49.2568797188,4.0196496248,Plein jour,En agglomération,Hors intersection,Normale,Deux véhicules - côté,4,2,2,0,1,1,1,0,1,50,2,3,1,0,0,2,32.0,32.0,voiture,deux_roues,1,2,1,1,3
202200047404,2022-05-07 17:30:00,2022,5,7,17,30,50,50129,Quai Lawton COLLINS,49.63995,-1.6184,Plein jour,En agglomération,Hors intersection,Normale,Deux véhicules - côté,4,2,3,0,1,1,1,0,1,50,2,3,1,0,0,2,31.0,58.0,voiture,deux_roues,1,2,1,1,3
202200047405,2022-05-10 08:04:00,2022,5,10,8,4,49,49007,LARDIN DE MUSSET,47.47378,-0.53845,Plein jour,En agglomération,Intersection en X,Normale,Deux véhicules - côté,4,2,2,0,1,1,1,0,1,50,2,3,2,0,0,1,25.0,53.0,voiture,voiture,1,2,2,1,3