accident_id,datetime,annee,mois,jour,heure,minute,departement,commune_insee,adresse,latitude,longitude,luminosite,agglomeration,intersection,meteo,collision,catr,circ,nbv,vosp,prof,plan,surf,infra,situ,vma,nb_vehicules,nb_usagers,nb_indemnes,nb_tues,nb_blesses_hosp,nb_blesses_legers,age_cond_1,age_cond_2,veh_type_cond_1,veh_type_cond_2,lum_code,agg_code,int_code,atm_code,col_code
202200047406,2022-05-09 22:09:00,2022,5,9,22,9,49,49007,COUBERTIN BOULEVARD,47.4608,-0.53261,Nuit avec éclairage allumé,En agglomération,Hors intersection,Normale,Autre collision,4,2,2,0,1,1,1,0,1,30,1,2,1,0,0,1,,,voiture,,5,2,1,1,6
202200047407,2022-05-09 16:25:00,2022,5,9,16,25,49,49007,LANDE,47.47574,-0.59391,Plein jour,En agglomération,Intersection en X,Normale,Autre collision,4,2,2,0,1,1,1,0,1,30,1,2,1,0,0,1,68.0,,voiture,,1,2,2,1,6
202200047408,2022-05-09 09:06:00,2022,5,9,9,6,49,49007,BRISSAC,47.4617207737,-0.5481469631,Plein jour,En agglomération,Hors intersection,Normale,Deux véhicules - côté,4,2,2,1,1,1,1,0,5,30,2,2,1,0,0,1,45.0,16.0,voiture,deux_roues,1,2,1,1,3
202200047409,2022-04-27 02:00:00,2022,4,27,2,0,44,44184,Rond point de l'Isau,47.2944,-2.19744,Nuit avec éclairage allumé,En agglomération,Giratoire,Normale,Autre collision,4,2,1,0,1,2,1,0,1,50,1,2,0,0,2,0,21.0,,voiture,,5,2,6,1,6
202200047410,2022-05-09 11:40:00,2022,5,9,11,40,43,43157,19 Boulevard Carnot,45.0451666471,3.8799923658,Plein jour,En agglomération,Hors intersection,Normale,Deux véhicules - côté,4,2,3,0,2,1,1,0,1,50,2,2,1,0,1,0,26.0,54.0,voiture,deux_roues,1,2,1,1,3
202200047411,2022-05-10 22:08:00,2022,5,10,22,8,42,42187,Avenue de Paris,46.04575,4.07025,Nuit avec éclairage allumé,En agglomération,Intersection en X,Normale,Deux véhicules - côté,3,4,4,0,1,1,1,0,1,50,2,3,2,0,0,1,38.0,27.0,deux_roues,voiture,5,2,2,1,3
202200047412,2022-05-10 17:15:00,2022,5,10,17,15,38,38421,TOUR DE L'EAU (RUE DU),45.18698,5.77413,Plein jour,En agglomération,Hors intersection,Normale,Deux véhicules - côté,4,2,2,0,1,1,1,0,1,30,2,2,1,0,0,1,34.0,64.0,deux_roues,voiture,1,2,1,1,3
202200047413,2022-05-10 19:05:00,2022,5,10,19,5,37,37261,AUCHAN (PETITE ARCHE),47.42706,0.70107,Plein jour,En agglomération,Autre intersection,Temps éblouissant,Autre collision,6,-1, -1,0,1,1,1,0,3,30,1,2,1,0,0,1,23.0,,voiture,,1,2,9,7,6
202200047414,2022-05-09 17:15:00,2022,5,9,17,15,37,37261,FONTAINE POTTIER (RUE),47.41605,0.69155,Plein jour,En agglomération,Hors intersection,Normale,Autre collision,4,1,2,0,1,1,1,8,1,50,2,2,1,0,0,1,24.0,,voiture,voiture,1,2,1,1,6
202200047415,2022-05-09 09:20:00,2022,5,9,9,20,37,37261,MARECHAL JUIN (BD),47.42341,0.6986,Plein jour,En agglomération,Hors intersection,Normale,Deux véhicules - arrière,4,2,5,0,1,1,1,0,1,50,2,2,1,0,0,1,18.0,,deux_roues,voiture,1,2,1,1,2
202200047416,2022-05-10 20:00:00,2022,5,10,20,0,35,35238,DE LESSEPS (FERDINAND),48.1004536911,-1.7068595812,Plein jour,En agglomération,Intersection en X,Normale,Deux véhicules - côté,4,2,2,0,1,1,1,0,1,50,2,3,2,0,1,0,38.0,23.0,voiture,deux_roues,1,2,2,1,3
202200047417,2022-05-10 17:55:00,2022,5,10,17,55,35,35238,MOINE (LOUIS ET RENE),48.0905511375,-1.6822372377,Plein jour,En agglomération,Hors intersection,Normale,Deux véhicules - arrière,4,2,2,0,1,1,1,0,1,30,2,2,1,0,0,1,42.0,32.0,voiture,voiture,1,2,1,1,2
202200047418,2022-05-10 14:00:00,2022,5,10,14,0,35,35238,MALRAUX (AVENUE ANDRE),48.1331328815,-1.7033314705,Plein jour,En agglomération,Hors intersection,Normale,Deux véhicules - arrière,4,2,2,0,1,1,1,0,1,50,2,2,1,0,1,0,36.0,42.0,deux_roues,voiture,1,2,1,1,2
202200047419,2022-05-09 20:15:00,2022,5,9,20,15,34,34172,MAURIN (AVENUE DE,43.57887,3.87447,Plein jour,En agglomération,Intersection en X,Normale,Deux véhicules - frontale,4,2,2,0,1,1,1,0,1,50,2,2,1,0,1,0,62.0,26.0,deux_roues,voiture,1,2,2,1,1
202200047420,2022-05-02 22:15:00,2022,5,2,22,15,33,33550,ROCADE A630,44.77844,-0.57077,Nuit avec éclairage allumé,En agglomération,Giratoire,Normale,Deux véhicules - arrière,1,1,1,0,1,2,1,3,1,50,2,3,2,0,0,1,16.0,70.0,deux_roues,voiture,5,2,6,1,2
202200047421,2022-05-06 09:55:00,2022,5,6,9,55,33,33249,Voie d'accès centre commercial,44.8644943747,-0.5195405334,Plein jour,En agglomération,Hors intersection,Normale,Autre collision,4,1,2,0,1,1,1,9,1,30,1,2,1,0,0,1,26.0,,voiture,,1,2,1,1,6
202200047422,2022-04-15 12:04:00,2022,4,15,12,4,33,33063,Avenue Marcel Dassault,44.88065,-0.573,Plein jour,En agglomération,Hors intersection,Normale,Deux véhicules - arrière,4,2,2,0,1,1,1,0,1,50,2,2,1,0,0,1,60.0,44.0,deux_roues,voiture,1,2,1,1,2
202200047423,2022-04-11 06:40:00,2022,4,11,6,40,33,33063,Avenue d'Eysines,44.8606,-0.6125,Crépuscule ou aube,En agglomération,Giratoire,Normale,Deux véhicules - côté,4,-1,1,0,1,2,1,9,1,50,2,2,1,0,0,1,57.0,32.0,deux_roues,voiture,2,2,6,1,3
202200047424,2022-05-10 00:00:00,2022,5,10,0,0,33,33009,JARDINS (RUE DES),44.65192,-1.15586,Nuit sans éclairage public,En agglomération,Hors intersection,Normale,Sans collision,4,2,2,0,1,1,1,0,1,50,1,1,0,0,1,0,40.0,,deux_roues,,3,2,1,1,7
202200047425,2022-05-10 10:12:00,2022,5,10,10,12,32,32013,PIERRE DE MONTESQUIOU (AVENUE),43.63292,0.58801,Plein jour,En agglomération,Hors intersection,Normale,Sans collision,4,2,2,0,1,1,1,0,1,50,1,1,0,0,0,1,82.0,,deux_roues,,1,2,1,1,7
202200047426,2022-05-09 21:50:00,2022,5,9,21,50,31,31483,SIMONE VEIL ( AVENUE),43.11438,0.70886,Nuit avec éclairage allumé,En agglomération,Hors intersection,Normale,Deux véhicules - côté,3,2,1,0,1,1,1,0,1,30,2,2,1,0,0,1,49.0,22.0,deux_roues,voiture,5,2,1,1,3
202200047427,2022-05-10 14:30:00,2022,5,10,14,30,29,29051,Avenue de Garsalec,48.017277,-4.000537,Plein jour,Hors agglomération,Hors intersection,Normale,Autre collision,3,2,2,0,1,1,1,0,1,70,1,2,1,0,0,1,22.0,,voiture,,1,1,1,1,6
202200047428,2022-04-20 14:45:00,2022,4,20,14,45,29,29019,Rue du Carpon,48.38995318,-4.502373397,Plein jour,En agglomération,Hors intersection,Normale,Autre collision,4,2,2,3,1,1,1,0,6,30,1,2,1,0,0,1,30.0,,utilitaire_camion,,1,2,1,1,6
202200047429,2022-05-10 16:20:00,2022,5,10,16,20,28,28404,GARNAY (ROND POINT DE),48.71961,1.34833,Plein jour,En agglomération,Giratoire,Normale,Deux véhicules - côté,3,1,2,0,1,2,1,0,1,90,2,6,4,0,0,2,37.0,26.0,voiture,voiture,1,2,6,1,3
202200047430,2022-05-10 14:30:00,2022,5,10,14,30,27,27701,RD6015,49.25406,1.17732,Plein jour,Hors agglomération,Hors intersection,Normale,Deux véhicules - arrière,3,2,3,0,2,1,1,8,1,80,2,3,2,0,0,1,53.0,27.0,voiture,voiture,1,1,1,1,2
202200047431,2022-05-10 08:20:00,2022,5,10,8,20,26,26058,DE BROGLIE RUE LOUIS,44.96587,4.88398,Plein jour,En agglomération,Giratoire,Normale,Deux véhicules - côté,4,-1,2,0,1,2,1,5,1,50,2,2,0,0,0,1,,81.0,utilitaire_camion,deux_roues,1,2,6,1,3
202200047432,2022-05-10 07:50:00,2022,5,10,7,50,25,25462,BESANCON (DU 26 AU 72),46.913922,6.346162,Plein jour,En agglomération,Hors intersection,Normale,Deux véhicules - côté,4,2,2,0,1,1,1,0,4,20,2,2,1,0,0,1,17.0,51.0,deux_roues,voiture,1,2,1,1,3
202200047433,2022-04-28 13:00:00,2022,4,28,13,0,25,25204,Besançon  de,46.92041,6.343821,Plein jour,En agglomération,Hors intersection,Normale,Deux véhicules - côté,4,-1,2,0,1,1,1,0,8,30,2,2,1,0,0,1,32.0,46.0,utilitaire_camion,voiture,1,2,1,1,3
202200047434,2022-05-09 19:50:00,2022,5,9,19,50,25,25388,GRANDS JARDINS (RUE DES),47.51285,6.80358,Crépuscule ou aube,En agglomération,Intersection en T,Temps éblouissant,Deux véhicules - côté,4,2,2,0,1,3,1,0,1,50,2,2,1,0,0,1,59.0,52.0,voiture,deux_roues,2,2,3,7,3
202200047435,2022-05-10 17:15:00,2022,5,10,17,15,25,25388,AUDINCOURT (ROUTE D'),47.50493,6.79906,Plein jour,En agglomération,Hors intersection,Normale,Deux véhicules - frontale,3,2,2,0,1,2,1,0,1,50,2,4,2,0,0,2,43.0,44.0,voiture,voiture,1,2,1,1,1
202200047436,2022-05-09 17:10:00,2022,5,9,17,10,25,25056,BERNARD RUE TRISTAN,47.249499,6.041395,Plein jour,En agglomération,Passage à niveau,Normale,Deux véhicules - côté,4,2,2,3,1,1,1,4,1,50,2,2,1,0,0,1,23.0,14.0,voiture,deux_roues,1,2,8,1,3
202200047437,2022-05-07 21:48:00,2022,5,7,21,48,22,22360,RD700,48.47572,-2.76963,Plein jour,Hors agglomération,Autre intersection,Normale,Deux véhicules - arrière,3,1,2,0,1,1,1,0,1,110,2,2,0,0,0,2,72.0,20.0,voiture,voiture,1,1,9,1,2
202200047438,2022-04-29 08:25:00,2022,4,29,8,25,22,22360,CAMP DE PERAN (RUE DU),48.45608,-2.80112,Plein jour,Hors agglomération,Intersection en X,Normale,Deux véhicules - côté,3,2,2,0,1,1,1,0,1,70,2,2,1,0,0,1,51.0,35.0,deux_roues,voiture,1,1,2,1,3
202200047439,2022-01-10 14:00:00,2022,1,10,14,0,56,56075,Rue des Hauts Rogniers,47.90002,-2.115523,Plein jour,En agglomération,Intersection en X,Temps couvert,Autre collision,3,2,2,0,1,3,2,0,1,50,1,2,1,0,1,0,44.0,,voiture,,1,2,2,8,6
202200047440,2022-01-11 07:47:00,2022,1,11,7,47,79,79176,Rue de Saint-Maixent,46.489861,-0.058504,Nuit avec éclairage allumé,En agglomération,Hors intersection,Autre,Autre collision,3,2,2,0,2,3,7,0,8,50,1,1,0,0,1,0,29.0,,voiture,,5,2,1,9,6
202200047441,2022-01-10 19:00:00,2022,1,10,19,0,79,79013,Avenue du Général de Gaulle,46.984604,-0.459269,Nuit avec éclairage allumé,En agglomération,Intersection en T,Pluie légère,Deux véhicules - côté,4,2,2,0,1,1,2,0,1,50,2,2,1,0,0,1,17.0,40.0,deux_roues,voiture,5,2,3,2,3
202200047442,2022-01-10 07:50:00,2022,1,10,7,50,2B,2B096,21 Avenue Jean Nicoli,42.306125,9.155523,Crépuscule ou aube,En agglomération,Autre intersection,Autre,Deux véhicules - côté,4,2,1,0,2,2,7,0,1,50,2,3,1,0,0,2,29.0,19.0,deux_roues,voiture,2,2,9,9,3
202200047443,2022-01-10 13:47:00,2022,1,10,13,47,19,19124,A89,45.154076,1.373436,Plein jour,Hors agglomération,Hors intersection,Temps couvert,Autre collision,1,3,4,0,2,1,2,0,1,90,1,1,0,0,1,0,60.0,,utilitaire_camion,,1,1,1,8,6
202200047444,2022-01-11 18:30:00,2022,1,11,18,30,80,80186,5 Rue Lhomond,49.817309,2.799119,Crépuscule ou aube,En agglomération,Hors intersection,Autre,Deux véhicules - frontale,3,2,2,0,1,3,2,0,1,50,2,4,1,0,3,0,32.0,38.0,transport_commun,voiture,2,2,1,9,1
202200047445,2022-01-10 18:15:00,2022,1,10,18,15,61,61317,Pre de l Oeillet,48.753536,0.359496,Nuit sans éclairage public,Hors agglomération,Hors intersection,Normale,Autre collision,3,2,2,0,1,2,1,0,1,90,1,1,0,0,1,0,53.0,,utilitaire_camion,,3,1,1,1,6
202200047446,2022-01-08 16:52:00,2022,1,8,16,52,47,47310,D813 - Allée du 11 Novembre,44.391062,0.307515,Plein jour,En agglomération,Intersection en X,Pluie forte,Autre collision,3,2,3,1,1,1,2,5,1,30,1,2,1,0,1,0,74.0,,voiture,,1,2,2,3,6
202200047447,2022-01-11 15:15:00,2022,1,11,15,15,03,03010,Les Franchises des Barrier,46.444629,2.513745,Plein jour,Hors agglomération,Hors intersection,Normale,Deux véhicules - côté,3,2,2,0,1,1,1,0,1,90,2,2,1,0,0,1,73.0,61.0,voiture,deux_roues,1,1,1,1,3
202200047448,2022-01-10 20:45:00,2022,1,10,20,45,15,15235,Le Croizet,45.000977,3.02506,Nuit sans éclairage public,Hors agglomération,Hors intersection,Normale,Deux véhicules - frontale,3,2,2,0,2,3,7,0,1,90,2,2,0,0,1,1,64.0,46.0,utilitaire_camion,voiture,3,1,1,1,1
202200047449,2022-01-11 17:45:00,2022,1,11,17,45,01,01195,,46.2225852676,5.3345221281,Nuit sans éclairage public,Hors agglomération,Hors intersection,Normale,Trois véhicules et plus - collisions multiples,3,2,2,0,1,1,2,0,1,80,3,3,0,0,0,3,67.0,49.0,voiture,voiture,3,1,1,1,5
202200047450,2022-01-10 17:55:00,2022,1,10,17,55,70,70137,17 Rue de Bonnal,47.511771,6.339803,Nuit avec éclairage allumé,En agglomération,Hors intersection,Normale,Deux véhicules - côté,3,2,2,0,1,2,1,0,1,50,2,2,1,0,1,0,21.0,25.0,voiture,deux_roues,5,2,1,1,3
202200047451,2022-01-11 17:30:00,2022,1,11,17,30,50,50292,14 Rue Auguste Eudeline,49.098824,-1.244169,Nuit avec éclairage allumé,En agglomération,Intersection en T,Pluie légère,Deux véhicules - frontale,3,2,2,0,2,1,2,0,1,50,2,2,1,0,0,1,19.0,64.0,deux_roues,voiture,5,2,3,2,1
202200047452,2022-01-10 07:00:00,2022,1,10,7,0,60,60185,D92,49.210799,2.331666,Nuit sans éclairage public,Hors agglomération,Hors intersection,Brouillard / fumée,Sans collision,3,-1,1,0,1,1,7,0,1,80,1,1,0,0,0,1,29.0,,voiture,,3,1,1,5,7
202200047453,2022-01-11 09:40:00,2022,1,11,9,40,85,85175,La Juire,46.57969,-1.194962,Plein jour,Hors agglomération,Hors intersection,Autre,Autre collision,3,2,2,0,1,2,2,0,8,80,1,1,0,0,0,1,49.0,,voiture,,1,1,1,9,6
202200047454,2022-01-10 06:40:00,2022,1,10,6,40,88,88465,D12,48.241424,6.446228,Nuit sans éclairage public,Hors agglomération,Hors intersection,Temps couvert,Autre collision,3,2,2,0,1,3,7,0,3,80,1,1,0,0,1,0,20.0,,voiture,,3,1,1,8,6
202200047455,2022-01-10 15:50:00,2022,1,10,15,50,53,53177,RN12,48.3136122174,-1.0509969957,Plein jour,Hors agglomération,Hors intersection,Pluie légère,Deux véhicules - frontale,2,2,2,0,1,1,2,0,1,80,2,2,1,0,1,0,36.0,44.0,voiture,utilitaire_camion,1,1,1,2,1
202200047456,2022-01-09 12:57:00,2022,1,9,12,57,78,78003,A11,48.53431,1.86704,Plein jour,Hors agglomération,Hors intersection,Neige / grêle,Trois véhicules et plus - en chaîne,1,3,3,0,1,1,5,0,3,130,3,5,2,2,0,1,42.0,69.0,voiture,voiture,1,1,1,4,4
202200047457,2022-01-10 23:20:00,2022,1,10,23,20,77,77248,D89,48.920522,2.795157,Nuit sans éclairage public,Hors agglomération,Hors intersection,Normale,Autre collision,3,2,2,0,1,1,2,0,3,80,1,3,0,0,2,1,16.0,,voiture,,3,1,1,1,6
202200047458,2022-01-10 15:08:00,2022,1,10,15,8,13,13015,D8n,43.432728,5.396127,Plein jour,Hors agglomération,Giratoire,Normale,Deux véhicules - côté,7,1,4,0,1,3,1,0,1,50,2,2,1,0,0,1,45.0,41.0,utilitaire_camion,voiture,1,1,6,1,3
202200047459,2022-01-11 09:45:00,2022,1,11,9,45,10,10272,D10,48.5671982255,4.1216111183,Plein jour,Hors agglomération,Hors intersection,Normale,Autre collision,3,2,2,0,1,3,1,0,3,80,1,1,0,1,0,0,88.0,,voiture,,1,1,1,1,6
202200047460,2022-01-10 17:05:00,2022,1,10,17,5,73,73179,Rue de Servolex,45.6011288578,5.8764997803,Crépuscule ou aube,Hors agglomération,Giratoire,Normale,Deux véhicules - côté,3,2,2,2,1,2,1,5,1,70,2,2,1,0,0,1,46.0,23.0,deux_roues,voiture,2,1,6,1,3
202200047461,2022-01-10 19:05:00,2022,1,10,19,5,69,69255,35 Route de Bordeaux,45.733449,4.676622,Nuit avec éclairage allumé,Hors agglomération,Intersection en T,Normale,Trois véhicules et plus - collisions multiples,3,2,2,0,2,1,1,0,1,70,3,4,2,0,0,2,50.0,22.0,voiture,voiture,5,1,3,1,5
202200047462,2022-01-11 06:35:00,2022,1,11,6,35,33,33032,Rue Camille Jullian,44.902198,-0.506637,Crépuscule ou aube,En agglomération,Giratoire,Temps couvert,Autre collision,4,-1,2,0,1,2,1,9,1,50,1,2,1,0,1,0,38.0,,voiture,,2,2,6,8,6
202200047463,2022-01-10 18:00:00,2022,1,10,18,0,29,29256,D63 - Lieu Dit Gorrequer Penhoat,48.217439,-4.29529,Nuit sans éclairage public,Hors agglomération,Hors intersection,Pluie légère,Deux véhicules - frontale,3,2,2,0,1,1,2,0,1,80,2,2,1,0,1,0,19.0,54.0,voiture,voiture,3,1,1,2,1
202200047464,2022-01-09 11:59:00,2022,1,9,11,59,59,59411,Rue Saint Jean,50.479493,3.104582,Plein jour,En agglomération,Giratoire,Autre,Deux véhicules - côté,3,1,1,0,2,2,2,0,1,50,2,2,1,0,0,1,65.0,55.0,voiture,deux_roues,1,2,6,9,3
202200047465,2022-01-10 08:55:00,2022,1,10,8,55,83,83129,A50,43.1208968619,5.8388711214,Plein jour,Hors agglomération,Hors intersection,Normale,Trois véhicules et plus - en chaîne,1,3,6,0,1,1,1,0,1,90,3,6,0,0,0,6,41.0,40.0,utilitaire_camion,utilitaire_camion,1,1,1,1,4
202200047466,2022-01-10 22:00:00,2022,1,10,22,0,69,69029,Route Départementale 383,45.73863,4.90448,Nuit sans éclairage public,Hors agglomération,Hors intersection,Normale,Deux véhicules - arrière,7,3,3,0,1,1,1,0,1,70,2,2,1,0,0,1,41.0,32.0,voiture,voiture,3,1,1,1,2
202200047467,2022-01-10 16:36:00,2022,1,10,16,36,33,33249,ROUTE NATIONALE 230,44.88492,-0.51232,Plein jour,Hors agglomération,Hors intersection,Pluie légère,Autre collision,2,4,2,0,2,2,2,3,1,50,1,1,0,0,0,1,33.0,,voiture,,1,1,1,2,6
202200047468,2022-01-09 01:45:00,2022,1,9,1,45,59,59128,ROUTE DEPARTEMENTALE 652,50.6438,2.97069,Nuit avec éclairage allumé,Hors agglomération,Hors intersection,Autre,Autre collision,7,-1,4,0,1,2,2,0,1,90,1,1,0,0,0,1,23.0,,voiture,,5,1,1,9,6
202200047469,2022-01-07 13:45:00,2022,1,7,13,45,59,59143,AUTOROUTE A25,50.6568941782,2.9042395949,Plein jour,Hors agglomération,Hors intersection,Pluie légère,Sans collision,1,-1,1,0,1,3,2,0,1,90,1,2,1,0,0,1,48.0,,voiture,,1,1,1,2,7
202200047470,2022-01-09 22:50:00,2022,1,9,22,50,91,91377,RN20,48.71935,2.29883,Nuit avec éclairage allumé,En agglomération,Hors intersection,Pluie légère,Deux véhicules - côté,3,1,2,0,1,1,2,5,1,70,2,2,1,0,0,1,27.0,46.0,voiture,voiture,5,2,1,2,3
202200047471,2022-01-09 08:45:00,2022,1,9,8,45,78,78431,,48.939048,1.955815,Plein jour,Hors agglomération,Hors intersection,Pluie légère,Autre collision,1,-1,3,0,1,1,2,0,1,110,1,1,0,0,0,1,36.0,,voiture,,1,1,1,2,6
202200047472,2022-01-10 09:10:00,2022,1,10,9,10,95,95678,RN 184,49.07283,2.22733,Plein jour,Hors agglomération,Hors intersection,Brouillard / fumée,Sans collision,2,3,6,0,1,2,1,0,1,90,1,1,0,0,1,0,36.0,,deux_roues,,1,1,1,5,7
202200047473,2022-01-10 10:30:00,2022,1,10,10,30,95,95127,A15,49.0430255022,2.0781111717,Plein jour,Hors agglomération,Hors intersection,Brouillard / fumée,Autre collision,1,3,4,0,1,1,1,0,1,90,1,2,1,0,0,1,29.0,,voiture,,1,1,1,5,6
202200047474,2022-01-10 00:30:00,2022,1,10,0,30,92,92036,AUTOROUTE A15,48.9384432213,2.2966712184,Nuit sans éclairage public,Hors agglomération,Hors intersection,Autre,Deux véhicules - arrière,1,1,4,0,2,2,2,2,1,50,2,3,1,0,0,2,,53.0,voiture,voiture,3,1,1,9,2
202200047475,2022-01-10 10:15:00,2022,1,10,10,15,94,94022,A86 INT,48.7733691177,2.4005139364,Plein jour,Hors agglomération,Hors intersection,Normale,Deux véhicules - arrière,1,3,3,0,1,2,1,0,1,90,2,2,1,0,0,1,58.0,22.0,voiture,deux_roues,1,1,1,1,2
202200047476,2022-01-09 02:40:00,2022,1,9,2,40,94,94079,A4,48.8354458972,2.5387118132,Nuit sans éclairage public,Hors agglomération,Hors intersection,Pluie légère,Autre collision,1,1,4,0,1,2,2,0,1,110,1,2,1,0,0,1,41.0,,voiture,,3,1,1,2,6
202200047477,2022-01-03 14:01:00,2022,1,3,14,1,988,98818,VE1 sens Sud/Nord,-22.24929,166.45155,Plein jour,En agglomération,Hors intersection,Pluie légère,Autre collision,1,3,4,0,1,3,2,0,1,70,1,4,2,0,2,0,35.0,,voiture,,1,2,1,2,6
202200047478,2022-01-09 10:15:00,2022,1,9,10,15,69,69387,Rue de l’Université,45.75011,4.84044,Plein jour,En agglomération,Autre intersection,Normale,Deux véhicules - côté,4,1,4,3,1,1,1,0,1,50,2,2,1,0,0,1,18.0,68.0,deux_roues,voiture,1,2,9,1,3
202200047479,2022-01-07 14:30:00,2022,1,7,14,30,69,69034,Quai Bellevue,45.78452,4.84649,Plein jour,En agglomération,Hors intersection,Pluie légère,Trois véhicules et plus - collisions multiples,4,1,2,0,1,1,2,0,1,50,3,3,2,0,0,1,23.0,25.0,voiture,voiture,1,2,1,2,5
202200047480,2022-01-09 14:55:00,2022,1,9,14,55,91,91216,SARRAULT (RUE MAURICE),48.676014,2.316141,Plein jour,En agglomération,Intersection en X,Temps couvert,Deux véhicules - côté,4,2,2,0,2,1,2,0,1,50,2,4,3,0,0,1,40.0,20.0,utilitaire_camion,voiture,1,2,2,8,3
202200047481,2022-01-09 13:05:00,2022,1,9,13,5,91,91339,RTE NATIONALE 20,48.62,2.25,Plein jour,Hors agglomération,Hors intersection,Pluie forte,Trois véhicules et plus - collisions multiples,3,3,2,0,1,1,2,0,1,70,3,4,3,0,0,1,,67.0,voiture,voiture,1,1,1,3,5
202200047482,2022-01-09 19:15:00,2022,1,9,19,15,91,91421,NATIONALE 6 (REVEIL MATIN),48.71488,2.44246,Nuit sans éclairage public,Hors agglomération,Hors intersection,Temps couvert,Deux véhicules - arrière,3,1,2,0,1,1,2,0,8,90,2,3,2,0,0,1,25.0,47.0,voiture,voiture,3,1,1,8,2
202200047483,2022-01-09 04:20:00,2022,1,9,4,20,91,91657,AV HENRI BARBUSSE,48.70071,2.42165,Nuit avec éclairage allumé,En agglomération,Hors intersection,Pluie légère,Autre collision,3,2,2,0,1,1,2,0,1,50,1,3,2,0,0,1,,,voiture,,5,2,1,2,6
202200047484,2022-01-09 07:10:00,2022,1,9,7,10,91,91286,EMILE ALLIAUD (AVENUE),48.64919,2.38078,Nuit avec éclairage allumé,En agglomération,Hors intersection,Pluie forte,Sans collision,3,1,2,0,1,1,2,0,3,50,1,1,0,0,0,1,60.0,,utilitaire_camion,,5,2,1,3,7
202200047485,2022-01-09 15:50:00,2022,1,9,15,50,77,77243,D231,48.877402,2.720681,Plein jour,En agglomération,Intersection en Y,Pluie légère,Deux véhicules - côté,3,2,2,0,1,1,2,0,1,50,2,6,5,0,0,1,42.0,27.0,voiture,voiture,1,2,4,2,3
202200047486,2022-01-08 15:55:00,2022,1,8,15,55,76,76259,Rue Gustave Couturier,49.7527,0.39175,Plein jour,En agglomération,Hors intersection,Pluie forte,Deux véhicules - arrière,4,3,2,0,1,1,2,0,1,50,2,4,0,0,0,4,65.0,44.0,voiture,voiture,1,2,1,3,2
202200047487,2022-01-09 06:45:00,2022,1,9,6,45,71,71153,PRESIDENT WILSON (RUE DU),46.7963344903,4.4292846322,Nuit avec éclairage allumé,En agglomération,Intersection en X,Pluie légère,Deux véhicules - côté,4,2,2,2,1,1,2,5,1,50,2,3,1,0,0,2,19.0,22.0,voiture,voiture,5,2,2,2,3
202200047488,2022-01-09 19:25:00,2022,1,9,19,25,69,69266,Rue de la Poudrette,45.761911667,4.9200154842,Nuit avec éclairage allumé,En agglomération,Hors intersection,Pluie forte,Deux véhicules - côté,4,2,2,1,1,1,2,0,4,50,2,2,1,0,0,1,23.0,57.0,autre,voiture,5,2,1,3,3
202200047489,2022-01-05 10:40:00,2022,1,5,10,40,59,59128,POINCARE RUE,50.6468198042,2.9587313533,Plein jour,En agglomération,Intersection en X,Normale,Autre collision,7,2,3,0,1,1,1,5,1,50,1,2,1,1,0,0,78.0,,voiture,,1,2,2,1,6
202200047490,2022-01-10 00:45:00,2022,1,10,0,45,53,53130,RD 900,48.08355,-0.80171,Nuit sans éclairage public,Hors agglomération,Hors intersection,Pluie légère,Sans collision,3,-1,2,0,1,1,2,0,8,90,1,1,0,0,0,1,21.0,,voiture,,3,1,1,2,7
202200047491,2022-01-09 03:10:00,2022,1,9,3,10,45,45285,D520 PR 4 + 560,47.91132,1.86719,Nuit avec éclairage allumé,En agglomération,Intersection en X,Pluie légère,Deux véhicules - arrière,3,3,4,0,1,1,2,0,1,70,2,4,2,0,0,2,23.0,25.0,voiture,voiture,5,2,2,2,2
202200047492,2022-01-09 14:55:00,2022,1,9,14,55,35,35281,Boulevard Jean Mermoz,48.09514,-1.69655,Plein jour,En agglomération,Hors intersection,Pluie légère,Deux véhicules - côté,4,1,2,0,1,1,2,0,1,50,2,2,1,0,0,1,33.0,28.0,deux_roues,voiture,1,2,1,2,3
202200047493,2022-01-09 14:55:00,2022,1,9,14,55,35,35238,Avenue Aristide Briand,48.1102346359,-1.6623339057,Plein jour,En agglomération,Intersection en T,Temps couvert,Deux véhicules - côté,4,1,1,2,1,1,2,0,1,30,2,2,1,0,0,1,23.0,70.0,deux_roues,deux_roues,1,2,3,8,3
202200047494,2022-01-09 23:00:00,2022,1,9,23,0,28,28220,AVENUE DE LA REPUBLIQUE,48.4227607161,1.468906404,Nuit avec éclairage allumé,En agglomération,Autre intersection,Autre,Autre collision,4,2,2,0,2,1,2,0,4,50,1,2,0,0,0,2,20.0,,voiture,,5,2,9,9,6
202200047495,2022-01-09 21:40:00,2022,1,9,21,40,27,27229,LEPOUZE (RUE),49.03091,1.15622,Nuit avec éclairage allumé,En agglomération,Hors intersection,Pluie légère,Deux véhicules - arrière,4,2,2,0,1,1,2,0,1,50,2,2,1,0,0,1,20.0,,deux_roues,voiture,5,2,1,2,2
202200047496,2022-01-09 18:50:00,2022,1,9,18,50,27,27229,RESISTANCE (RUE DE LA),49.01927,1.15223,Nuit avec éclairage allumé,En agglomération,Hors intersection,Pluie légère,Deux véhicules - arrière,4,2,4,0,1,1,2,0,1,50,2,2,1,0,0,1,24.0,48.0,voiture,voiture,5,2,1,2,2