accident_id,datetime,annee,mois,jour,heure,minute,departement,commune_insee,adresse,latitude,longitude,luminosite,agglomeration,intersection,meteo,collision,catr,circ,nbv,vosp,prof,plan,surf,infra,situ,vma,nb_vehicules,nb_usagers,nb_indemnes,nb_tues,nb_blesses_hosp,nb_blesses_legers,age_cond_1,age_cond_2,veh_type_cond_1,veh_type_cond_2,lum_code,agg_code,int_code,atm_code,col_code
202200047497,2022-01-09 18:45:00,2022,1,9,18,45,13,13208,PRADO (AVENUE DU),43.25,5.39,Nuit avec éclairage allumé,En agglomération,Hors intersection,Normale,Deux véhicules - arrière,4,2,6,0,1,1,1,0,1,50,2,2,0,0,1,1,53.0,21.0,voiture,deux_roues,5,2,1,1,2
202200047498,2022-01-09 08:15:00,2022,1,9,8,15,13,13207,CHARLES LIVON (BOULEVARD),43.2922,5.36306,Crépuscule ou aube,En agglomération,Intersection en T,Normale,Deux véhicules - côté,4,2,4,0,1,1,1,0,1,50,2,2,1,0,0,1,36.0,,deux_roues,voiture,2,2,3,1,3
202200047499,2022-01-03 06:00:00,2022,1,3,6,0,13,13207,CORSE (AVENUE DE LA),43.28976,5.3661,Nuit avec éclairage allumé,En agglomération,Intersection en X,Normale,Deux véhicules - côté,4,2,4,0,1,1,1,0,1,50,2,3,1,0,1,1,61.0,65.0,voiture,deux_roues,5,2,2,1,3
202200047500,2022-01-08 04:50:00,2022,1,8,4,50,75,75120,ECHANGEUR BAGNOLET,48.865028,2.412904,Nuit avec éclairage allumé,En agglomération,Hors intersection,Normale,Sans collision,4,1,2,3,1,2,2,0,1,50,1,1,0,0,0,1,27.0,,deux_roues,,5,2,1,1,7
202200047501,2022-01-09 14:55:00,2022,1,9,14,55,75,75118,RUE DUHESME,48.89084,2.338515,Plein jour,En agglomération,Hors intersection,Normale,Autre collision,4,1,1,0,1,1,1,0,1,30,1,2,1,0,0,1,57.0,,voiture,,1,2,1,1,6
202200047502,2022-01-09 02:35:00,2022,1,9,2,35,75,75118,RUE ORDENER,48.891326,2.350874,Nuit avec éclairage allumé,En agglomération,Hors intersection,Pluie légère,Deux véhicules - frontale,4,2,2,0,1,1,2,0,1,50,2,2,1,0,0,1,44.0,29.0,voiture,deux_roues,5,2,1,2,1
202200047503,2022-01-09 16:00:00,2022,1,9,16,0,75,75115,RUE LINOIS,48.848674,2.282713,Plein jour,En agglomération,Hors intersection,Temps couvert,Autre collision,4,2,2,1,1,1,2,-1,5,30,1,2,1,0,0,1,22.0,,voiture,,1,2,1,8,6
202200047504,2022-01-08 20:35:00,2022,1,8,20,35,75,75114,RUE DE L OUEST,48.83676,2.32074,Nuit avec éclairage allumé,En agglomération,Intersection en X,Pluie légère,Deux véhicules - côté,4,-1,1,0,1,1,2,0,1,30,2,2,1,0,0,1,41.0,41.0,voiture,deux_roues,5,2,2,2,3
202200047505,2022-01-09 20:10:00,2022,1,9,20,10,75,75113,RUE JEANNE D ARC,48.832393,2.364907,Nuit avec éclairage allumé,En agglomération,Intersection en T,Normale,Deux véhicules - côté,4,2,2,0,1,1,2,0,1,30,2,3,2,0,0,1,48.0,42.0,deux_roues,voiture,5,2,3,1,3
202200047506,2022-01-09 18:45:00,2022,1,9,18,45,75,75111,RUE DU CHEMIN VERT,48.862833,2.387106,Nuit avec éclairage allumé,En agglomération,Intersection à plus de 4 branches,Normale,Autre collision,4,1,1,0,2,1,2,0,1,30,1,2,1,0,0,1,,,deux_roues,,5,2,5,1,6
202200047507,2022-01-09 22:10:00,2022,1,9,22,10,75,75108,BOULEVARD HAUSSMANN,48.875163,2.316387,Nuit avec éclairage allumé,En agglomération,Intersection en Y,Normale,Autre collision,4,1,1,0,1,1,1,0,1,50,1,2,1,0,0,1,61.0,,voiture,,5,2,4,1,6
202200047508,2022-01-09 20:25:00,2022,1,9,20,25,94,94018,Rue Arthur Croquette / A4,48.817339,2.419326,Nuit avec éclairage allumé,En agglomération,Intersection en Y,Pluie légère,Sans collision,1,1,2,0,3,1,2,3,1,50,2,2,1,0,0,1,47.0,27.0,voiture,deux_roues,5,2,4,2,7
202200047509,2022-01-08 19:15:00,2022,1,8,19,15,94,94075,Avenue du Mal de Lattre de Tassigny / Avenue Foreau,48.727494,2.536011,Nuit avec éclairage allumé,En agglomération,Intersection en T,Pluie forte,Deux véhicules - côté,2,3,5,0,3,1,2,0,1,50,2,2,1,0,0,1,75.0,22.0,voiture,voiture,5,2,3,3,3
202200047510,2022-01-09 14:10:00,2022,1,9,14,10,93,93071,JOHN F. KENNEDY (AVENUE),48.93665,2.51463,Plein jour,En agglomération,Hors intersection,Pluie légère,Deux véhicules - arrière,3,1,5,0,1,3,2,0,1,50,2,3,1,0,0,1,51.0,,voiture,voiture,1,2,1,2,2
202200047511,2022-01-09 22:15:00,2022,1,9,22,15,92,92078,VERDUN (AVENUE) (PAIRS 92 ET PLUS),48.934941,2.325686,Nuit avec éclairage allumé,En agglomération,Giratoire,Pluie forte,Autre collision,3,1,2,0,1,1,2,9,4,50,1,2,0,0,1,1,23.0,,utilitaire_camion,,5,2,6,3,6
202200047512,2022-01-09 20:30:00,2022,1,9,20,30,37,37063,RD910,47.5938169497,0.9019598365,Nuit avec éclairage allumé,Hors agglomération,Intersection en X,Pluie légère,Deux véhicules - côté,3,2,3,0,2,3,2,0,1,90,2,2,1,0,0,1,33.0,51.0,voiture,voiture,5,1,2,2,3
202200047513,2022-01-10 13:15:00,2022,1,10,13,15,76,76624,rue robert le franc,49.87594,1.238287,Plein jour,En agglomération,Autre intersection,Normale,Autre collision,3,3,2,1,1,1,1,9,1,50,1,2,1,0,0,1,41.0,,voiture,,1,2,9,1,6
202200047514,2022-01-10 06:45:00,2022,1,10,6,45,21,21599,A31 - PK 82.159,47.638473,5.180182,Nuit avec éclairage non allumé,Hors agglomération,Hors intersection,Autre,Deux véhicules - arrière,1,3,5,0,1,1,7,0,1,130,2,2,1,0,1,0,38.0,46.0,voiture,voiture,4,1,1,9,2
202200047515,2022-01-10 05:10:00,2022,1,10,5,10,57,57335,Rue de la Grotte,48.945613,6.961212,Nuit sans éclairage public,En agglomération,Hors intersection,Brouillard / fumée,Autre collision,3,2,2,0,1,1,1,0,1,50,1,2,1,1,0,0,54.0,,voiture,,3,2,1,5,6
202200047516,2022-01-10 10:38:00,2022,1,10,10,38,71,71591,Autoroute A6 PK371+600 sens LYON/PARIS,46.4477671209,4.8717237127,Plein jour,Hors agglomération,Hors intersection,Normale,Deux véhicules - arrière,1,3,5,0,1,1,1,0,1,130,2,2,1,0,0,1,81.0,40.0,voiture,utilitaire_camion,1,1,1,1,2
202200047517,2022-01-02 02:50:00,2022,1,2,2,50,972,97210,Nationale 6,14.612665,-60.905553,Nuit sans éclairage public,En agglomération,Hors intersection,Normale,Autre collision,2,2,2,0,1,1,1,0,2,50,1,1,0,0,1,0,24.0,,voiture,,3,2,1,1,6
202200047518,2022-01-09 18:55:00,2022,1,9,18,55,972,97227,Quartier Gros Raisins,14.466508,-60.928084,Nuit avec éclairage allumé,En agglomération,Hors intersection,Normale,Autre collision,3,2,2,0,1,1,1,0,1,50,1,2,0,0,1,1,25.0,,voiture,,5,2,1,1,6
202200047519,2022-01-04 17:30:00,2022,1,4,17,30,68,68300,D55,47.795003,7.381174,Nuit sans éclairage public,Hors agglomération,Intersection en Y,Pluie légère,Deux véhicules - côté,3,2,2,0,1,1,2,0,1,80,2,2,1,0,0,1,53.0,34.0,voiture,deux_roues,3,1,4,2,3
202200047520,2022-01-10 10:14:00,2022,1,10,10,14,30,30221,Route de Nimes,44.046288,4.772964,Plein jour,En agglomération,Hors intersection,Normale,Deux véhicules - côté,3,2,2,0,1,1,1,0,1,30,2,2,1,0,1,0,26.0,60.0,deux_roues,voiture,1,2,1,1,3
202200047521,2022-01-09 14:43:00,2022,1,9,14,43,62,62214,Route de la Basse Ville,50.653996,1.701562,Plein jour,En agglomération,Hors intersection,Normale,Deux véhicules - frontale,3,2,2,0,2,1,1,0,1,50,2,2,1,0,1,0,58.0,34.0,deux_roues,voiture,1,2,1,1,1
202200047522,2022-01-07 08:40:00,2022,1,7,8,40,56,56120,Fesquel Tost,47.78122,-2.773426,Plein jour,Hors agglomération,Intersection en T,Normale,Deux véhicules - côté,3,2,2,0,1,1,2,0,1,80,2,2,1,0,0,1,38.0,90.0,voiture,voiture,1,1,3,1,3
202200047523,2022-01-10 08:00:00,2022,1,10,8,0,77,77032,Fortail,48.698722,3.271517,Plein jour,Hors agglomération,Hors intersection,Normale,Deux véhicules - frontale,2,2,2,0,1,1,2,0,1,-1,2,2,0,0,1,1,65.0,25.0,voiture,utilitaire_camion,1,1,1,1,1
202200047524,2022-01-08 18:15:00,2022,1,8,18,15,76,76667,rn 27,49.849433,1.071274,Nuit sans éclairage public,Hors agglomération,Hors intersection,Pluie forte,Trois véhicules et plus - collisions multiples,2,2,2,0,2,1,3,0,1,90,3,8,7,0,1,0,35.0,52.0,voiture,voiture,3,1,1,3,5
202200047525,2022-01-09 18:10:00,2022,1,9,18,10,33,33123,Avenue Charles de Gaulle,45.087269,-0.408214,Nuit sans éclairage public,Hors agglomération,Hors intersection,Pluie légère,Deux véhicules - arrière,3,2,2,0,1,1,2,0,1,80,2,2,1,1,0,0,45.0,34.0,deux_roues,voiture,3,1,1,2,2
202200047526,2022-01-10 10:45:00,2022,1,10,10,45,63,63034,D2089,45.80155,3.311284,Plein jour,Hors agglomération,Hors intersection,Normale,Trois véhicules et plus - collisions multiples,3,2,2,0,1,1,1,0,1,80,3,3,2,0,0,1,70.0,37.0,voiture,utilitaire_camion,1,1,1,1,5
202200047527,2022-01-09 19:25:00,2022,1,9,19,25,68,68291,D47,47.852968,7.507406,Nuit sans éclairage public,Hors agglomération,Hors intersection,Normale,Autre collision,3,2,2,0,1,1,2,0,3,80,1,1,0,0,1,0,51.0,,voiture,,3,1,1,1,6
202200047528,2022-01-07 15:35:00,2022,1,7,15,35,22,22216,D33,48.497114,-3.371623,Plein jour,Hors agglomération,Intersection en T,Pluie légère,Deux véhicules - frontale,3,2,2,0,2,2,2,0,1,80,2,2,1,0,1,0,49.0,77.0,voiture,voiture,1,1,3,2,1
202200047529,2022-01-09 14:10:00,2022,1,9,14,10,39,39421,,46.701877,5.568274,Plein jour,Hors agglomération,Hors intersection,Pluie légère,Autre collision,3,2,2,0,2,1,2,0,3,80,1,1,0,0,1,0,61.0,,voiture,,1,1,1,2,6
202200047530,2022-01-09 14:30:00,2022,1,9,14,30,66,66124,Avenue Emmanuel Brousse,42.505116,2.044482,Plein jour,En agglomération,Hors intersection,Neige / grêle,Autre collision,3,2,2,0,2,3,5,0,1,50,1,2,1,0,1,0,49.0,,voiture,,1,2,1,4,6
202200047531,2022-01-10 15:30:00,2022,1,10,15,30,72,72132,Avenue Pierre Brulé,48.18676,0.6615,Plein jour,En agglomération,Autre intersection,Normale,Autre collision,6,-1, -1,0,1,1,1,9,8,50,1,2,1,0,1,0,48.0,,voiture,,1,2,9,1,6
202200047532,2022-01-09 23:00:00,2022,1,9,23,0,14,14177,D48,49.222167,0.214595,Nuit sans éclairage public,Hors agglomération,Hors intersection,Pluie légère,Sans collision,3,2,2,0,1,1,2,0,1,80,1,1,0,0,1,0,46.0,,deux_roues,,3,1,1,2,7
202200047533,2022-01-09 15:00:00,2022,1,9,15,0,45,45061,2 Rue des Vallees,48.048956,2.743006,Plein jour,En agglomération,Hors intersection,Neige / grêle,Deux véhicules - frontale,4,2,2,0,1,2,2,0,1,50,2,2,1,0,1,0,38.0,15.0,voiture,deux_roues,1,2,1,4,1
202200047534,2022-01-09 16:50:00,2022,1,9,16,50,43,43124,RN 102,45.08623,3.7528,Crépuscule ou aube,Hors agglomération,Hors intersection,Normale,Autre collision,2,2,2,0,1,1,1,0,1,80,1,1,0,1,0,0,54.0,,voiture,,2,1,1,1,6
202200047535,2022-01-09 18:31:00,2022,1,9,18,31,21,21502,D973,47.0068252343,5.1294915675,Nuit sans éclairage public,Hors agglomération,Hors intersection,Pluie légère,Deux véhicules - frontale,3,2,2,0,1,1,2,0,1,90,2,3,0,0,1,2,86.0,61.0,voiture,voiture,3,1,1,2,1
202200047536,2022-01-07 11:05:00,2022,1,7,11,5,40,40187,Avenue de l Océan,43.850835,-1.379956,Plein jour,En agglomération,Intersection en X,Pluie légère,Deux véhicules - côté,3,1,1,0,1,1,2,0,1,50,2,2,1,0,1,0,56.0,62.0,deux_roues,utilitaire_camion,1,2,2,2,3
202200047537,2022-01-09 13:15:00,2022,1,9,13,15,85,85182,La Cacaudière,46.796879,-0.823058,Plein jour,Hors agglomération,Hors intersection,Temps couvert,Sans collision,3,2,2,0,2,1,2,0,3,80,1,2,0,0,2,0,25.0,,voiture,,1,1,1,8,7
202200047538,2022-01-09 08:55:00,2022,1,9,8,55,68,68022,"Autoroute A35, PK 096+255",47.818515,7.393026,Plein jour,Hors agglomération,Hors intersection,Pluie légère,Autre collision,1,3,4,0,1,1,2,0,1,130,1,1,0,1,0,0,76.0,,voiture,,1,1,1,2,6
202200047539,2022-01-09 18:45:00,2022,1,9,18,45,978,97801,RN7,18.099437,-63.055258,Nuit avec éclairage allumé,Hors agglomération,Hors intersection,Normale,Deux véhicules - frontale,2,2,2,0,1,1,1,0,1,-1,2,2,1,0,0,1,38.0,28.0,voiture,deux_roues,5,1,1,1,1
202200047540,2022-01-09 17:45:00,2022,1,9,17,45,978,97801,228 BD MAURICE LEONEL BERTIN,18.099263,-63.062189,Plein jour,Hors agglomération,Autre intersection,Normale,Deux véhicules - côté,2,2,2,0,1,1,1,0,1,50,2,3,2,0,0,1,73.0,25.0,voiture,deux_roues,1,1,9,1,3
202200047541,2022-01-09 16:10:00,2022,1,9,16,10,976,97604,CCD6 Bambo Ouest,-12.915226,45.082183,Plein jour,Hors agglomération,Hors intersection,Normale,Trois véhicules et plus - collisions multiples,3,2,2,0,1,2,1,0,1,70,3,3,2,0,0,1,26.0,50.0,voiture,voiture,1,1,1,1,5
202200047542,2022-01-10 13:30:00,2022,1,10,13,30,45,45067,A10 PK 106+793,47.883868,1.745346,Plein jour,Hors agglomération,Hors intersection,Normale,Sans collision,1,3,6,0,1,1,1,0,8,130,1,2,0,0,1,1,55.0,,voiture,,1,1,1,1,7
202200047543,2022-01-10 15:20:00,2022,1,10,15,20,2B,2B148,T20,42.526768,9.44107,Plein jour,En agglomération,Hors intersection,Normale,Deux véhicules - frontale,2,2,2,0,1,1,1,0,3,50,1,3,0,0,1,2,34.0,,voiture,,1,2,1,1,1
202200047544,2022-01-09 19:45:00,2022,1,9,19,45,34,34081,D162,43.317482,3.13768,Nuit sans éclairage public,En agglomération,Hors intersection,Pluie légère,Deux véhicules - frontale,3,2,2,0,1,1,2,0,1,50,2,3,2,0,1,0,28.0,55.0,voiture,voiture,3,2,1,2,1
202200047545,2022-01-06 21:00:00,2022,1,6,21,0,83,83112,Route Departementale 559,43.170107,5.718824,Nuit sans éclairage public,Hors agglomération,Hors intersection,Normale,Deux véhicules - frontale,3,2,2,0,2,1,1,0,1,80,2,2,1,0,1,0,24.0,51.0,voiture,voiture,3,1,1,1,1
202200047546,2022-01-05 22:27:00,2022,1,5,22,27,21,21292,1 Av de la 1ere Armee Francaise,47.2389409922,5.2128803729,Nuit avec éclairage allumé,Hors agglomération,Hors intersection,Normale,Autre collision,3,2,2,0,1,1,1,9,1,70,1,2,1,0,1,0,26.0,,utilitaire_camion,,5,1,1,1,6
202200047547,2022-01-06 08:27:00,2022,1,6,8,27,73,73329,D 1201 - Route d'AIX LES BAINS,45.6392398992,5.892376408,Plein jour,Hors agglomération,Hors intersection,Normale,Deux véhicules - côté,3,2,2,0,1,1,1,0,1,80,2,2,0,0,1,1,27.0,43.0,deux_roues,voiture,1,1,1,1,3
202200047548,2022-01-10 06:10:00,2022,1,10,6,10,60,60035,D 934,49.6559347029,2.8747272486,Nuit sans éclairage public,Hors agglomération,Hors intersection,Brouillard / fumée,Deux véhicules - frontale,3,2,2,0,1,1,2,0,1,80,3,3,1,1,0,1,27.0,21.0,utilitaire_camion,utilitaire_camion,3,1,1,5,1
202200047549,2022-01-09 16:30:00,2022,1,9,16,30,13,13214,A507 sens Marseille - Aubagne,43.3325362971,5.3856288663,Plein jour,Hors agglomération,Hors intersection,Normale,Autre collision,1,3,3,0,1,1,1,1,1,70,1,1,0,0,0,1,30.0,,voiture,,1,1,1,1,6
202200047550,2022-01-08 07:15:00,2022,1,8,7,15,91,91689,AUTOROUTE A6A,48.742591,2.322092,Nuit sans éclairage public,Hors agglomération,Hors intersection,Normale,Deux véhicules - arrière,1,3,6,0,1,1,2,0,1,110,2,2,1,0,0,1,25.0,42.0,voiture,voiture,3,1,1,1,2
202200047551,2022-01-09 16:00:00,2022,1,9,16,0,92,92036,A86,48.9354217595,2.2605830961,Plein jour,Hors agglomération,Hors intersection,Temps couvert,Autre collision,1,3,2,0,1,1,2,0,2,90,1,1,0,0,0,1,26.0,,voiture,,1,1,1,8,6
202200047552,2022-01-09 01:45:00,2022,1,9,1,45,92,92026,RN1014 Y,48.8892486093,2.2466463337,Nuit avec éclairage allumé,Hors agglomération,Hors intersection,Pluie forte,Trois véhicules et plus - en chaîne,2,-1,3,0,1,1,2,0,1,70,3,4,3,0,0,1,29.0,38.0,voiture,voiture,5,1,1,3,4
202200047553,2022-01-09 02:04:00,2022,1,9,2,4,92,92036,A86,48.9335373784,2.2742431993,Nuit sans éclairage public,Hors agglomération,Hors intersection,Pluie légère,Autre collision,1,1,2,0,1,3,2,0,1,90,1,2,1,0,0,1,20.0,,voiture,,3,1,1,2,6
202200047554,2022-01-09 18:10:00,2022,1,9,18,10,95,95424,A15,48.9908391977,2.1935212612,Nuit sans éclairage public,Hors agglomération,Hors intersection,Pluie légère,Autre collision,1,3,8,0,1,1,2,0,1,90,1,2,1,0,0,1,35.0,,voiture,,3,1,1,2,6
202200047555,2022-01-09 14:50:00,2022,1,9,14,50,95,95218, A15,49.0350920209,2.0984745026,Plein jour,Hors agglomération,Hors intersection,Normale,Autre collision,1,3,4,0,1,3,1,0,1,70,1,1,0,0,0,1,37.0,,voiture,,1,1,1,1,6
202200047556,2022-01-09 14:20:00,2022,1,9,14,20,93,93005,AUTOROUTE A3,48.9508885757,2.4745512892,Plein jour,Hors agglomération,Hors intersection,Temps couvert,Autre collision,1,1,2,0,2,3,2,0,1,50,1,2,0,0,0,2,48.0,,voiture,,1,1,1,8,6
202200047557,2022-01-09 09:00:00,2022,1,9,9,0,92,92036,AUTOROUTE A15,48.9384432213,2.2966712184,Plein jour,Hors agglomération,Hors intersection,Pluie légère,Autre collision,1,1,2,0,2,3,2,2,1,70,1,2,0,0,0,2,26.0,,voiture,,1,1,1,2,6
202200047558,2022-01-09 06:20:00,2022,1,9,6,20,92,92036,AUTOROUTE A15,48.9378886633,2.297667219,Nuit sans éclairage public,Hors agglomération,Hors intersection,Pluie forte,Autre collision,1,3,8,0,1,1,2,2,8,90,1,2,1,0,0,1,,,voiture,,3,1,1,3,6
202200047559,2022-01-09 04:40:00,2022,1,9,4,40,93,93007,AUTOROUTE A3,48.9421443682,2.4781664745,Nuit sans éclairage public,Hors agglomération,Hors intersection,Pluie légère,Deux véhicules - arrière,1,3,2,0,1,1,2,0,1,90,2,3,1,0,0,2,18.0,40.0,voiture,voiture,3,1,1,2,2
202200047560,2022-01-08 22:45:00,2022,1,8,22,45,93,93073,AUTOROUTE A104,48.96851,2.56541,Nuit sans éclairage public,Hors agglomération,Hors intersection,Pluie légère,Autre collision,1,1,6,0,1,1,2,0,1,110,1,2,1,0,0,1,47.0,,voiture,,3,1,1,2,6
202200047561,2022-01-09 00:15:00,2022,1,9,0,15,93,93027,BDL,48.92826,2.40321,Nuit sans éclairage public,Hors agglomération,Hors intersection,Temps couvert,Autre collision,1,3,4,0,1,2,2,3,1,50,1,1,0,0,0,1,25.0,,voiture,,3,1,1,8,6
202200047562,2022-01-08 21:05:00,2022,1,8,21,5,95,95582, A15,48.9633942434,2.2643744946,Nuit sans éclairage public,Hors agglomération,Hors intersection,Pluie forte,Deux véhicules - arrière,1,3,11,0,1,1,2,0,1,110,2,2,1,0,0,1,34.0,42.0,voiture,voiture,3,1,1,3,2
202200047563,2022-01-08 13:00:00,2022,1,8,13,0,93,93053,AUTOROUTE A103,48.88875,2.47275,Plein jour,Hors agglomération,Hors intersection,Pluie légère,Autre collision,1,3,2,0,2,3,2,0,1,90,1,1,0,0,0,1,51.0,,voiture,,1,1,1,2,6
202200047564,2022-01-09 02:55:00,2022,1,9,2,55,94,94073,A86 EXT,48.76767,2.37863,Nuit avec éclairage allumé,Hors agglomération,Hors intersection,Pluie légère,Sans collision,1,1,3,0,1,3,2,1,1,70,1,3,0,0,0,3,21.0,,voiture,,5,1,1,2,7
202200047565,2022-01-08 23:50:00,2022,1,8,23,50,94,94052,A86 INT,48.8343891811,2.4932068928,Nuit sans éclairage public,Hors agglomération,Autre intersection,Pluie légère,Autre collision,1,-1,2,0,1,3,2,1,1,90,1,1,0,0,0,1,25.0,,voiture,,3,1,9,2,6
202200047566,2022-01-08 18:42:00,2022,1,8,18,42,94,94046,158 Avenue Gambetta,48.80978,2.45264,Nuit avec éclairage allumé,En agglomération,Intersection en X,Pluie légère,Autre collision,3,-1,2,0,1,2,2,0,1,50,1,2,1,0,0,1,34.0,,utilitaire_camion,,5,2,2,2,6
202200047567,2022-01-08 14:10:00,2022,1,8,14,10,974,97416,RECHERCHANT(RUE ADRIEN),-21.29435,55.48869,Plein jour,Hors agglomération,Hors intersection,Pluie légère,Sans collision,3,2,2,0,2,3,2,0,1,50,1,1,0,0,0,1,32.0,,deux_roues,,1,1,1,2,7
202200047568,2022-01-08 11:30:00,2022,1,8,11,30,974,97416,RN1(BRETELLE ACCES),-21.32972,55.4539,Plein jour,Hors agglomération,Hors intersection,Normale,Deux véhicules - arrière,2,1,2,0,1,1,1,0,1,110,2,3,2,0,0,1,20.0,21.0,voiture,voiture,1,1,1,1,2
202200047569,2022-01-08 20:00:00,2022,1,8,20,0,974,97411,SAINT-FRANCOIS (BOULEVARD),-20.90017,55.46382,Nuit sans éclairage public,En agglomération,Hors intersection,Pluie forte,Autre collision,3,2,0,0,3,3,2,0,3,30,1,3,1,0,0,2,54.0,,voiture,,3,2,1,3,6
202200047570,2022-01-07 11:45:00,2022,1,7,11,45,974,97411,MACE (BOULEVARD GABRIEL),-20.872637,55.448776,Plein jour,En agglomération,Hors intersection,Normale,Trois véhicules et plus - en chaîne,9,2,1,0,1,1,1,0,1,50,3,3,2,0,0,1,29.0,68.0,utilitaire_camion,voiture,1,2,1,1,4
202200047571,2022-01-08 13:25:00,2022,1,8,13,25,972,97213,ROUTE NATIONALE 1,14.6256,-60.97931,Plein jour,Hors agglomération,Intersection en X,Normale,Deux véhicules - côté,2,1,2,0,1,2,1,5,1,70,2,2,1,0,0,1,22.0,30.0,voiture,deux_roues,1,1,2,1,3
202200047572,2022-01-06 07:00:00,2022,1,6,7,0,971,97105,MAURICE MARIE-CLAIRE(RUE),15.9962627992,-61.7307977378,Crépuscule ou aube,En agglomération,Intersection en X,Normale,Deux véhicules - côté,3,1,2,0,1,1,1,0,1,50,2,2,0,0,0,2,42.0,32.0,voiture,deux_roues,2,2,2,1,3
202200047573,2022-01-09 01:45:00,2022,1,9,1,45,2A,2A004,ROSSINI PASCAL BD,41.9164,8.7315,Nuit avec éclairage allumé,En agglomération,Hors intersection,Pluie légère,Autre collision,3,2,2,0,1,2,2,0,1,50,1,1,0,0,0,1,29.0,,voiture,,5,2,1,2,6
202200047574,2022-01-08 12:20:00,2022,1,8,12,20,95,95210,LECLERC (AVENUE DE LA DIVISION),48.97554,2.30803,Plein jour,En agglomération,Intersection en X,Pluie forte,Deux véhicules - côté,3,2,2,0,2,1,2,5,1,25,2,5,3,0,0,2,39.0,38.0,voiture,voiture,1,2,2,3,3
202200047575,2022-01-09 01:42:00,2022,1,9,1,42,91,91514,RUE JEAN JAURES,48.67156,2.53369,Nuit avec éclairage allumé,En agglomération,Intersection en X,Pluie légère,Deux véhicules - côté,4,1,0,0,1,1,2,0,1,30,2,2,1,0,0,1,19.0,24.0,voiture,deux_roues,5,2,2,2,3
202200047576,2022-01-08 09:20:00,2022,1,8,9,20,91,91223,SAINT MARTIN (RUE),48.42915,2.14688,Plein jour,En agglomération,Autre intersection,Normale,Deux véhicules - côté,4,2,2,0,1,1,2,9,1,50,2,2,1,0,1,0,44.0,36.0,deux_roues,voiture,1,2,9,1,3
202200047577,2022-01-08 15:40:00,2022,1,8,15,40,83,83062,HOUOT (AVENUE CDT),43.107577,5.989677,Plein jour,En agglomération,Hors intersection,Normale,Deux véhicules - côté,7,2,2,0,1,1,1,0,1,50,2,2,1,0,1,0,34.0,28.0,voiture,deux_roues,1,2,1,1,3
202200047578,2022-01-07 16:30:00,2022,1,7,16,30,81,81033,ALBI (AV. D' ),44.03511,2.15726,Plein jour,En agglomération,Hors intersection,Pluie légère,Trois véhicules et plus - collisions multiples,3,2,2,0,1,1,2,0,1,50,9,10,7,0,0,3,36.0,39.0,voiture,voiture,1,2,1,2,5
202200047579,2022-01-07 18:30:00,2022,1,7,18,30,78,78440,EUROPE (AVENUE DE L'),48.978687,1.913755,Nuit avec éclairage allumé,En agglomération,Giratoire,Pluie légère,Autre collision,3,1,2,0,1,1,2,0,1,50,1,2,1,0,0,1,79.0,,voiture,,5,2,6,2,6
202200047580,2022-01-08 18:20:00,2022,1,8,18,20,77,77014,D210,48.4239,2.7394,Nuit avec éclairage allumé,En agglomération,Intersection en T,Pluie légère,Deux véhicules - frontale,3,3,3,0,1,1,2,5,1,50,2,3,1,0,0,2,39.0,42.0,voiture,utilitaire_camion,5,2,3,2,1
202200047581,2022-01-08 11:20:00,2022,1,8,11,20,76,76005,Route de Paris,49.41829,1.11789,Plein jour,En agglomération,Hors intersection,Pluie légère,Autre collision,7,2,2,0,1,1,2,0,1,30,1,1,0,1,0,0,46.0,,voiture,,1,2,1,2,6
202200047582,2022-01-07 11:30:00,2022,1,7,11,30,74,74012,18 AOUT 44 (RUE DU),46.19174,6.25061,Plein jour,En agglomération,Hors intersection,Normale,Autre collision,3,2,2,0,1,1,1,5,1,50,1,2,1,0,0,1,45.0,,voiture,,1,2,1,1,6
202200047583,2022-01-08 09:00:00,2022,1,8,9,0,71,71306,4 Quai Jules Chagot,46.6779408547,4.3641905246,Plein jour,En agglomération,Hors intersection,Autre,Autre collision,4,2,2,0,1,1,2,0,1,50,1,1,0,0,0,1,55.0,,voiture,,1,2,1,9,6
202200047584,2022-01-08 11:30:00,2022,1,8,11,30,71,71059,COUCHES (ROUTE DE),46.81297,4.48657,Plein jour,En agglomération,Hors intersection,Pluie légère,Deux véhicules - arrière,3,2,2,0,1,1,2,0,1,50,2,2,0,0,0,2,54.0,25.0,voiture,voiture,1,2,1,2,2
202200047585,2022-01-08 18:20:00,2022,1,8,18,20,69,69266,52 Rue Gabriel Péri,45.77267,4.86579,Crépuscule ou aube,En agglomération,Giratoire,Pluie légère,Autre collision,4,2,2,0,1,1,2,9,1,50,1,3,1,0,0,2,23.0,,deux_roues,,2,2,6,2,6
202200047586,2022-01-08 10:25:00,2022,1,8,10,25,69,69264,676 Boulevard Pierre Pasquier,45.98543,4.73037,Plein jour,En agglomération,Hors intersection,Pluie légère,Deux véhicules - arrière,4,2,2,2,1,1,2,0,1,50,2,2,1,0,0,1,42.0,36.0,voiture,voiture,1,2,1,2,2
202200047587,2022-01-08 21:29:00,2022,1,8,21,29,65,65440,ALSACE LORRAINE (AVENUE),43.24094,0.0737,Nuit avec éclairage allumé,En agglomération,Giratoire,Pluie légère,Deux véhicules - côté,3,1,1,0,1,1,2,0,1,50,2,3,1,0,1,1,53.0,17.0,voiture,deux_roues,5,2,6,2,3