accident_id,datetime,annee,mois,jour,heure,minute,departement,commune_insee,adresse,latitude,longitude,luminosite,agglomeration,intersection,meteo,collision,catr,circ,nbv,vosp,prof,plan,surf,infra,situ,vma,nb_vehicules,nb_usagers,nb_indemnes,nb_tues,nb_blesses_hosp,nb_blesses_legers,age_cond_1,age_cond_2,veh_type_cond_1,veh_type_cond_2,lum_code,agg_code,int_code,atm_code,col_code
202200047679,2022-09-22 17:30:00,2022,9,22,17,30,75,75107,QUAI D ORSAY,48.862827,2.31346,Plein jour,En agglomération,Intersection en X,Normale,Deux véhicules - côté,4,2,4,1,1,1,1,0,1,30,2,2,1,0,0,1,31.0,36.0,voiture,deux_roues,1,2,2,1,3
202200047680,2022-09-21 22:40:00,2022,9,21,22,40,75,75107,QUAI D ORSAY,48.8625551,2.309252,Nuit avec éclairage allumé,En agglomération,Intersection en T,Normale,Autre collision,4,2,3,1,1,1,1,-1,5,30,1,1,0,0,0,1,56.0,,deux_roues,,5,2,3,1,6
202200047681,2022-09-22 18:05:00,2022,9,22,18,5,75,75101,RUE DU LOUVRE,48.861694,2.341226,Plein jour,En agglomération,Intersection en X,Normale,Deux véhicules - côté,4,2,4,3,1,1,1,0,1,30,2,2,1,0,0,1,31.0,20.0,voiture,deux_roues,1,2,2,1,3
202200047682,2022-09-21 14:55:00,2022,9,21,14,55,94,94043,FONTAINEBLEAU (AV DE),48.80759,2.36295,Plein jour,En agglomération,Hors intersection,Normale,Deux véhicules - côté,3,2,4,0,1,1,1,0,1,50,2,2,1,0,0,1,32.0,52.0,deux_roues,voiture,1,2,1,1,3
202200047683,2022-09-22 18:35:00,2022,9,22,18,35,94,94073,ALOUETTES (R DES),48.75257,2.37631,Plein jour,En agglomération,Hors intersection,Normale,Deux véhicules - arrière,3,2,0,0,1,1,1,0,1,50,2,2,1,0,0,1,32.0,27.0,voiture,voiture,1,2,1,1,2
202200047684,2022-12-02 05:15:00,2022,12,2,5,15,62,62810,N17,50.346536,2.785003,Nuit sans éclairage public,Hors agglomération,Hors intersection,Normale,Trois véhicules et plus - collisions multiples,2,3,4,0,2,1,1,0,1,90,6,6,4,0,0,2,29.0,49.0,voiture,voiture,3,1,1,1,5
202200047685,2022-09-22 13:15:00,2022,9,22,13,15,94,94073,JEAN JAURES (R),48.7671472868,2.3929749218,Plein jour,En agglomération,Intersection en T,Normale,Autre collision,4,2,2,0,2,1,1,0,1,50,1,2,1,0,0,1,75.0,,voiture,,1,2,3,1,6
202200047686,2022-12-01 09:00:00,2022,12,1,9,0,13,13202,A5501DSens Lyon vers A55-Mlle Vieux Port,43.3130915342,5.3679352998,Plein jour,Hors agglomération,Hors intersection,Normale,Deux véhicules - côté,1,1,2,0,1,1,1,0,1,90,2,2,1,0,0,1,36.0,53.0,voiture,deux_roues,1,1,1,1,3
202200047687,2022-12-01 10:45:00,2022,12,1,10,45,13,13071,A5502D-Sens Marseille vers A55-Martigues,43.40188,5.29695,Plein jour,Hors agglomération,Hors intersection,Normale,Sans collision,1,-1,1,0,1,3,1,3,3,70,1,1,0,0,0,1,20.0,,voiture,,1,1,1,1,7
202200047688,2022-09-22 12:05:00,2022,9,22,12,5,94,94073,ALOUETTES (R DES),48.752536,2.372364,Plein jour,En agglomération,Hors intersection,Normale,Deux véhicules - côté,3,2,2,0,1,1,1,0,1,50,2,2,1,0,0,1,38.0,50.0,deux_roues,utilitaire_camion,1,2,1,1,3
202200047689,2022-12-01 09:00:00,2022,12,1,9,0,13,13028,A50-Sens Aubagne vers Toulon,43.2103891427,5.5833935738,Plein jour,Hors agglomération,Hors intersection,Normale,Trois véhicules et plus - en chaîne,1,1,4,0,2,1,1,0,1,90,2,2,0,0,0,2,23.0,21.0,voiture,voiture,1,1,1,1,4
202200047690,2022-09-22 13:10:00,2022,9,22,13,10,93,93072,Avenue Marcel Cachin / Rue des Parouzets,48.95894,2.38212,Plein jour,En agglomération,Intersection en X,Normale,Deux véhicules - côté,3,2,2,1,1,1,1,0,1,50,2,2,1,0,1,0,47.0,27.0,deux_roues,voiture,1,2,2,1,3
202200047691,2022-11-30 18:15:00,2022,11,30,18,15,69,69152,Autoroute 450 ,45.69475,4.82613,Nuit avec éclairage allumé,Hors agglomération,Hors intersection,Normale,Autre collision,1,1,1,0,3,3,1,3,1,50,1,2,1,0,1,0,76.0,,voiture,,5,1,1,1,6
202200047692,2022-11-30 18:30:00,2022,11,30,18,30,67,67482,M351,48.586987,7.714531,Nuit sans éclairage public,Hors agglomération,Hors intersection,Normale,Deux véhicules - arrière,7,1,0,0,1,1,1,0,1,90,2,2,1,0,0,1,59.0,21.0,utilitaire_camion,voiture,3,1,1,1,2
202200047693,2022-12-01 19:20:00,2022,12,1,19,20,33,33063,ROCADE A 630,44.884037,-0.558722,Nuit avec éclairage allumé,En agglomération,Hors intersection,Normale,Sans collision,1,1,5,0,2,3,1,3,1,50,1,1,0,0,0,1,47.0,,deux_roues,,5,2,1,1,7
202200047694,2022-09-22 11:30:00,2022,9,22,11,30,93,93070,Quai de Seine,48.9164774091,2.3253995235,Plein jour,En agglomération,Hors intersection,Normale,Deux véhicules - arrière,3,2,3,0,1,1,1,0,1,50,2,2,1,0,0,1,58.0,58.0,utilitaire_camion,deux_roues,1,2,1,1,2
202200047695,2022-12-01 17:40:00,2022,12,1,17,40,91,91363,RN 104,48.63329,2.22283,Nuit sans éclairage public,Hors agglomération,Hors intersection,Normale,Deux véhicules - côté,2,1,2,0,1,1,1,0,1,110,2,2,1,0,0,1,26.0,25.0,deux_roues,voiture,3,1,1,1,3
202200047696,2022-12-01 07:45:00,2022,12,1,7,45,94,94038,AUTOROUTE A6A,48.773421258,2.3459057506,Crépuscule ou aube,Hors agglomération,Hors intersection,Normale,Deux véhicules - côté,1,1,3,0,1,1,1,0,1,90,2,2,1,0,0,1,69.0,27.0,voiture,deux_roues,2,1,1,1,3
202200047697,2022-09-21 17:08:00,2022,9,21,17,8,93,93064,Avenue Lech Walesa / Rue du Docteur Seyer,48.8728500207,2.4865263871,Plein jour,En agglomération,Intersection en T,Normale,Deux véhicules - côté,3,3,2,2,1,1,1,0,8,50,2,4,0,0,0,4,43.0,40.0,voiture,voiture,1,2,3,1,3
202200047698,2022-12-01 07:45:00,2022,12,1,7,45,94,94034,AUTOROUTE A6A,48.75458,2.33295,Nuit avec éclairage non allumé,Hors agglomération,Hors intersection,Normale,Deux véhicules - arrière,1,3,6,0,1,1,1,0,1,110,2,2,1,0,0,1,26.0,22.0,voiture,deux_roues,4,1,1,1,2
202200047699,2022-12-01 17:50:00,2022,12,1,17,50,78,78423,RN12,48.7955,2.04628,Nuit sans éclairage public,Hors agglomération,Hors intersection,Normale,Deux véhicules - côté,2,-1,2,0,1,1,1,0,2,110,2,2,1,0,0,1,37.0,42.0,voiture,deux_roues,3,1,1,1,3
202200047700,2022-09-22 09:27:00,2022,9,22,9,27,93,93050,Rue Albert Camus,48.8627814176,2.5404509982,Plein jour,En agglomération,Hors intersection,Normale,Autre collision,4,2,2,0,1,1,1,0,3,50,1,2,0,0,0,1,,,voiture,,1,2,1,1,6
202200047701,2022-12-01 17:45:00,2022,12,1,17,45,92,92036,AUTOROUTE A15,48.9407403854,2.2929114253,Nuit avec éclairage non allumé,Hors agglomération,Hors intersection,Normale,Trois véhicules et plus - en chaîne,1,3,4,0,1,1,1,2,1,90,3,3,2,0,0,1,66.0,24.0,deux_roues,deux_roues,4,1,1,1,4
202200047702,2022-09-22 17:00:00,2022,9,22,17,0,93,93048,Place du Général de Gaulle,48.86825,2.43405,Plein jour,En agglomération,Hors intersection,Normale,Sans collision,4,1,1,0,1,1,1,0,1,30,2,2,1,0,0,1,23.0,20.0,deux_roues,utilitaire_camion,1,2,1,1,7
202200047703,2022-09-22 09:15:00,2022,9,22,9,15,93,93074,Rue Victor Hugo,48.936,2.58512,Plein jour,En agglomération,Hors intersection,Normale,Autre collision,4,1,1,0,1,1,1,0,1,50,1,1,0,0,1,0,82.0,,voiture,,1,2,1,1,6
202200047704,2022-12-01 13:55:00,2022,12,1,13,55,93,93064,AUTOROUTE A103,48.8833346075,2.4918794632,Plein jour,Hors agglomération,Hors intersection,Normale,Deux véhicules - côté,1,1,2,0,1,3,1,0,1,70,2,3,1,0,0,2,64.0,37.0,utilitaire_camion,voiture,1,1,1,1,3
202200047705,2022-12-01 09:30:00,2022,12,1,9,30,93,93001,AUTOROUTE A86,48.9215357961,2.3685407639,Plein jour,Hors agglomération,Hors intersection,Normale,Deux véhicules - arrière,1,3,7,0,1,1,1,0,1,90,2,2,1,0,0,1,28.0,44.0,deux_roues,voiture,1,1,1,1,2
202200047706,2022-11-30 18:40:00,2022,11,30,18,40,93,93053,AUTOROUTE A86,48.90278,2.46733,Nuit sans éclairage public,Hors agglomération,Hors intersection,Normale,Trois véhicules et plus - en chaîne,1,1,2,0,1,1,1,0,1,70,3,3,2,0,0,1,75.0,48.0,voiture,voiture,3,1,1,1,4
202200047707,2022-09-21 19:30:00,2022,9,21,19,30,93,93031,Avenue de Lattre de Tassigny,48.954006,2.313712,Plein jour,En agglomération,Hors intersection,Normale,Deux véhicules - côté,3,3,4,0,1,1,1,0,4,50,2,3,2,0,0,1,22.0,22.0,voiture,voiture,1,2,1,1,3
202200047708,2022-11-27 20:00:00,2022,11,27,20,0,95,95277,RD 170 ,48.97817,2.45565,Nuit sans éclairage public,Hors agglomération,Hors intersection,Normale,Deux véhicules - arrière,3,3,4,0,1,1,1,0,1,90,2,4,1,0,0,3,,51.0,voiture,voiture,3,1,1,1,2
202200047709,2022-09-22 07:55:00,2022,9,22,7,55,93,93027,Rue Parmentier / Rue Honoré de Balzac,48.9243765467,2.3835966788,Crépuscule ou aube,En agglomération,Intersection en X,Normale,Autre collision,4,2,2,0,1,1,1,0,1,30,1,2,1,0,0,1,65.0,,voiture,,2,2,2,1,6
202200047710,2022-11-30 10:00:00,2022,11,30,10,0,95,95306, A15,49.0071131215,2.1624451876,Plein jour,Hors agglomération,Hors intersection,Normale,Deux véhicules - arrière,1,3,6,0,1,1,1,0,1,110,2,2,1,0,0,1,44.0,30.0,voiture,voiture,1,1,1,1,2
202200047711,2022-09-22 18:12:00,2022,9,22,18,12,93,93008,Place Normandie Niemen / Avenue Henri Barbusse,48.9126674395,2.4360452506,Plein jour,En agglomération,Place,Normale,Autre collision,3,1,2,0,1,1,1,0,4,50,1,2,1,0,0,1,20.0,,autre,,1,2,7,1,6
202200047712,2022-12-01 18:25:00,2022,12,1,18,25,94,94022,A86 EXT,48.7733811508,2.4011395508,Nuit avec éclairage allumé,Hors agglomération,Hors intersection,Pluie légère,Trois véhicules et plus - en chaîne,1,-1,3,0,1,1,2,0,1,90,3,3,2,0,0,1,27.0,53.0,voiture,voiture,5,1,1,2,4
202200047713,2022-12-01 00:35:00,2022,12,1,0,35,94,94004,RN19 .W,48.751828,2.513807,Nuit sans éclairage public,Hors agglomération,Hors intersection,Normale,Autre collision,2,1,2,0,1,3,1,1,1,90,1,1,0,0,0,1,35.0,,voiture,,3,1,1,1,6
202200047714,2022-09-22 18:10:00,2022,9,22,18,10,92,92033,SUISSES,48.85361,2.19666,Plein jour,En agglomération,Hors intersection,Normale,Deux véhicules - arrière,4,2,2,0,2,2,1,0,1,50,2,3,0,0,1,2,40.0,77.0,voiture,voiture,1,2,1,1,2
202200047715,2022-11-29 12:03:00,2022,11,29,12,3,75,75112,BOULEVARD DIDEROT,48.847345,2.386785,Plein jour,En agglomération,Intersection en T,Temps couvert,Autre collision,4,2,3,0,2,1,1,0,1,30,1,2,1,0,0,1,42.0,,utilitaire_camion,,1,2,3,8,6
202200047716,2022-11-30 17:40:00,2022,11,30,17,40,75,75116,ECHANGEUR MUETTE,48.867412,2.269163,Nuit avec éclairage allumé,En agglomération,Hors intersection,Normale,Trois véhicules et plus - collisions multiples,4,1,4,0,1,1,1,0,1,70,3,3,1,0,0,2,36.0,56.0,voiture,deux_roues,5,2,1,1,5
202200047717,2022-09-22 14:10:00,2022,9,22,14,10,92,92064,REPUBLIQUE,48.851492,2.213013,Plein jour,En agglomération,Autre intersection,Normale,Autre collision,3,-1,2,0,1,1,1,0,1,50,1,2,1,0,0,1,76.0,,voiture,,1,2,9,1,6
202200047718,2022-11-30 08:10:00,2022,11,30,8,10,75,75112,PORTE DE CHARENTON,48.830807,2.403154,Plein jour,En agglomération,Hors intersection,Normale,Trois véhicules et plus - collisions multiples,4,1,4,0,1,1,1,0,1,70,5,5,3,0,0,2,51.0,47.0,deux_roues,deux_roues,1,2,1,1,5
202200047719,2022-09-22 13:25:00,2022,9,22,13,25,92,92051,PARMENTIER (RUE),48.8839862117,2.2815594077,Plein jour,En agglomération,Intersection en T,Normale,Deux véhicules - arrière,4,1,1,0,1,1,1,0,1,50,2,3,2,0,0,1,,22.0,autre,utilitaire_camion,1,2,3,1,2
202200047720,2022-09-22 17:30:00,2022,9,22,17,30,92,92050,PICASSO PABLO AVENUE,48.8911967409,2.2153517604,Plein jour,En agglomération,Hors intersection,Normale,Deux véhicules - côté,4,2,4,1,1,1,1,0,5,50,2,2,1,0,0,1,48.0,37.0,deux_roues,voiture,1,2,1,1,3
202200047721,2022-11-30 06:40:00,2022,11,30,6,40,75,75106,RUE AUGUSTE COMTE,48.844368,2.332891,Crépuscule ou aube,En agglomération,Intersection en T,Normale,Sans collision,4,2,2,0,1,1,1,0,1,30,1,2,0,0,0,2,25.0,,deux_roues,,2,2,3,1,7
202200047722,2022-11-30 16:15:00,2022,11,30,16,15,75,75116,VOIE GEORGES POMPIDOU,48.845575,2.273134,Plein jour,En agglomération,Hors intersection,Normale,Deux véhicules - côté,4,1,1,1,1,1,1,0,1,30,2,3,1,0,0,2,47.0,15.0,voiture,deux_roues,1,2,1,1,3
202200047723,2022-09-22 13:37:00,2022,9,22,13,37,92,92044,CHAPTAL(RUE) 81+ ET 66+,48.8903265202,2.2817340195,Plein jour,En agglomération,Intersection en X,Normale,Autre collision,4,1,1,0,1,1,1,0,1,50,1,3,2,0,0,1,55.0,,utilitaire_camion,,1,2,2,1,6
202200047724,2022-11-30 18:18:00,2022,11,30,18,18,75,75115,AVENUE DE SUFFREN,48.853595,2.297101,Nuit avec éclairage allumé,En agglomération,Hors intersection,Normale,Autre collision,4,2,2,0,1,1,1,0,1,30,1,2,1,0,0,1,29.0,,deux_roues,,5,2,1,1,6
202200047725,2022-09-22 12:50:00,2022,9,22,12,50,92,92024,MARTRE (RUE) DE (59 A 109)   (58 A 120),48.90206,2.30712,Plein jour,En agglomération,Hors intersection,Normale,Deux véhicules - côté,3,1,3,1,1,1,1,0,1,50,2,2,1,0,0,1,26.0,47.0,deux_roues,voiture,1,2,1,1,3
202200047726,2022-07-10 18:30:00,2022,7,10,18,30,62,62119,RABAT ( RUE DU ),50.545721,2.644558,Plein jour,En agglomération,Hors intersection,Normale,Autre collision,4,1,1,0,1,2,1,0,1,30,1,2,1,0,1,0,21.0,,deux_roues,,1,2,1,1,6
202200047727,2022-11-29 22:43:00,2022,11,29,22,43,75,75114,AVENUE DU MAINE,48.833095,2.324723,Nuit avec éclairage allumé,En agglomération,Intersection en Y,Normale,Sans collision,4,2,5,0,1,1,1,0,1,30,1,1,0,0,0,1,40.0,,deux_roues,,5,2,4,1,7
202200047728,2022-09-22 15:40:00,2022,9,22,15,40,92,92023,PORTE DE TRIVAUX (RUE DE) N°57 A 197 ET,48.7892,2.25163,Plein jour,En agglomération,Hors intersection,Normale,Deux véhicules - frontale,4,2,2,0,1,2,1,0,5,50,2,2,1,0,1,0,70.0,31.0,deux_roues,utilitaire_camion,1,2,1,1,1
202200047729,2022-07-07 20:30:00,2022,7,7,20,30,61,61001,CAZAULT (RUE),48.43115,0.08982,Plein jour,En agglomération,Giratoire,Normale,Deux véhicules - côté,4,2,1,0,1,1,1,5,1,30,2,2,1,0,0,1,31.0,29.0,deux_roues,voiture,1,2,6,1,3
202200047730,2022-11-30 17:00:00,2022,11,30,17,0,75,75113,QUAI D IVRY,48.82542,2.388359,Crépuscule ou aube,En agglomération,Hors intersection,Normale,Autre collision,4,2,2,0,1,1,1,0,1,30,1,2,1,0,0,1,46.0,,deux_roues,,2,2,1,1,6
202200047731,2022-07-02 20:50:00,2022,7,2,20,50,60,60057,Boulevard du Général de Gaulle,49.43022,2.09085,Plein jour,En agglomération,Hors intersection,Normale,Autre collision,4,2,0,0,1,3,1,0,4,30,1,2,0,0,1,1,30.0,,voiture,,1,2,1,1,6
202200047732,2022-09-22 18:55:00,2022,9,22,18,55,92,92007,BRIAND (AVENUE ARISTIDE) N° 162 A 300,48.79141,2.31979,Plein jour,En agglomération,Intersection en X,Normale,Trois véhicules et plus - collisions multiples,3,2,4,1,1,1,1,0,1,50,3,3,2,0,0,1,50.0,28.0,deux_roues,utilitaire_camion,1,2,2,1,5
202200047733,2022-11-30 06:20:00,2022,11,30,6,20,75,75113,RUE DE TOLBIAC,48.8271093629,2.367143333,Nuit avec éclairage allumé,En agglomération,Intersection en T,Normale,Autre collision,4,2,3,3,1,1,1,0,1,30,1,2,0,0,0,2,71.0,,deux_roues,,5,2,3,1,6
202200047734,2022-07-06 18:18:00,2022,7,6,18,18,60,60057,Av du Pdt J Fitzgerald Kennedy,49.4270247699,2.1006417273,Plein jour,En agglomération,Hors intersection,Normale,Deux véhicules - arrière,3,2,3,0,2,1,1,0,1,50,2,3,0,0,0,3,51.0,47.0,voiture,voiture,1,2,1,1,2
202200047735,2022-09-22 09:35:00,2022,9,22,9,35,92,92007,DE GAULLE (AVENUE CHARLES),48.797602431,2.2972031236,Plein jour,En agglomération,Hors intersection,Normale,Sans collision,3,2,2,0,1,1,1,0,1,50,1,2,1,0,0,1,28.0,,transport_commun,,1,2,1,1,7
202200047736,2022-11-30 10:30:00,2022,11,30,10,30,75,75112,AVENUE DAUMESNIL,48.837671,2.400809,Plein jour,En agglomération,Hors intersection,Normale,Autre collision,4,2,4,1,1,1,1,0,5,30,1,2,1,0,0,1,21.0,,deux_roues,,1,2,1,1,6
202200047737,2022-06-11 11:00:00,2022,6,11,11,0,60,60057,Rue du Pont Laverdure,49.4255725837,2.1074813604,Plein jour,En agglomération,Autre intersection,Normale,Autre collision,5,-1,0,0,1,1,1,0,8,20,1,2,0,1,1,0,26.0,,voiture,,1,2,9,1,6
202200047738,2022-09-23 09:00:00,2022,9,23,9,0,24,24011,Route de Limoges,45.219224,0.837983,Plein jour,Hors agglomération,Hors intersection,Normale,Deux véhicules - côté,2,2,2,0,1,1,1,0,1,80,2,3,2,0,1,0,91.0,46.0,voiture,deux_roues,1,1,1,1,3
202200047739,2022-11-30 06:00:00,2022,11,30,6,0,75,75112,QUAI DE LA RAPEE,48.843209,2.370355,Nuit avec éclairage allumé,En agglomération,Intersection en X,Normale,Deux véhicules - côté,4,1,2,0,1,1,1,0,1,30,2,2,1,0,0,1,68.0,33.0,voiture,deux_roues,5,2,2,1,3
202200047740,2022-09-22 19:50:00,2022,9,22,19,50,41,41204,D951,47.6348,1.415563,Nuit sans éclairage public,Hors agglomération,Hors intersection,Normale,Deux véhicules - frontale,3,2,2,0,1,1,1,0,1,80,2,3,0,1,2,0,47.0,67.0,utilitaire_camion,utilitaire_camion,3,1,1,1,1
202200047741,2022-11-30 07:34:00,2022,11,30,7,34,75,75107,AVENUE DU MARECHAL GALLIENI,48.861056,2.313236,Crépuscule ou aube,En agglomération,Intersection en X,Normale,Autre collision,4,2,6,0,1,1,1,0,1,30,1,2,1,0,0,1,23.0,,voiture,,2,2,2,1,6
202200047742,2022-06-12 20:20:00,2022,6,12,20,20,59,59599,DOUMER (RUE PAUL),50.7239505282,3.1622117758,Plein jour,En agglomération,Intersection en X,Normale,Trois véhicules et plus - collisions multiples,4,2,2,0,1,1,1,5,1,50,3,7,5,0,0,2,49.0,49.0,voiture,voiture,1,2,2,1,5
202200047743,2022-07-08 17:00:00,2022,7,8,17,0,59,59512,MONTGOLFIER (RUE),50.6808968525,3.1851392984,Plein jour,En agglomération,Hors intersection,Temps éblouissant,Autre collision,4,2,2,0,1,1,1,0,1,50,1,2,1,0,1,0,31.0,,voiture,,1,2,1,7,6
202200047744,2022-11-30 19:10:00,2022,11,30,19,10,75,75104,BOULEVARD HENRI IV,48.852084,2.365408,Nuit avec éclairage allumé,En agglomération,Intersection en T,Normale,Deux véhicules - côté,4,2,3,0,1,1,1,0,1,30,2,2,1,0,0,1,21.0,,deux_roues,deux_roues,5,2,3,1,3
202200047745,2022-09-19 12:21:00,2022,9,19,12,21,12,12131,Rue des Touroulis,44.3852633402,2.6376199723,Plein jour,Hors agglomération,Hors intersection,Normale,Deux véhicules - frontale,4,2,2,0,1,2,1,0,1,50,2,2,1,0,1,0,45.0,27.0,deux_roues,utilitaire_camion,1,1,1,1,1
202200047746,2022-07-09 10:30:00,2022,7,9,10,30,59,59220,ARRAS ROUTE D     N°IMPAIR,50.605584884,3.0587911604,Plein jour,En agglomération,Hors intersection,Normale,Deux véhicules - côté,7,2,4,3,1,1,1,0,1,50,2,2,1,0,0,1,63.0,40.0,voiture,deux_roues,1,2,1,1,3
202200047747,2022-11-29 18:15:00,2022,11,29,18,15,75,75101,RUE DES CAPUCINES,48.868356,2.330304,Nuit avec éclairage allumé,En agglomération,Intersection en X,Normale,Sans collision,4,1,1,0,1,1,1,0,1,30,2,2,1,0,0,1,50.0,45.0,voiture,deux_roues,5,2,2,1,7
202200047748,2022-09-19 22:50:00,2022,9,19,22,50,91,91665,Rue du Grand Noyer,48.66091,2.268993,Nuit avec éclairage allumé,En agglomération,Hors intersection,Normale,Sans collision,4,2,2,0,2,1,1,9,4,30,1,1,0,0,1,0,52.0,,deux_roues,,5,2,1,1,7
202200047749,2022-11-30 18:00:00,2022,11,30,18,0,94,94067,GENERAL DE GAULLE (AV DU),48.838491,2.417556,Nuit avec éclairage allumé,En agglomération,Hors intersection,Normale,Sans collision,3,2,2,0,1,1,1,0,1,50,1,2,1,0,0,1,60.0,,voiture,,5,2,1,1,7
202200047750,2022-06-20 13:25:00,2022,6,20,13,25,59,59636,"Abbé Pierre, rue",50.68879,3.06508,Plein jour,En agglomération,Giratoire,Normale,Deux véhicules - côté,7,3,2,0,1,3,1,5,1,50,2,2,1,0,0,1,17.0,68.0,deux_roues,voiture,1,2,6,1,3
202200047751,2022-09-22 17:45:00,2022,9,22,17,45,84,84056,D 977,44.130694,4.934106,Plein jour,Hors agglomération,Hors intersection,Normale,Sans collision,3,2,2,0,1,1,1,0,3,80,1,1,0,0,1,0,49.0,,deux_roues,,1,1,1,1,7
202200047752,2022-11-24 20:45:00,2022,11,24,20,45,94,94015,PASTEUR (BD),48.83348,2.52944,Nuit avec éclairage allumé,En agglomération,Hors intersection,Normale,Deux véhicules - frontale,3,2,2,0,1,1,1,0,1,50,2,2,1,0,0,1,40.0,21.0,voiture,deux_roues,5,2,1,1,1
202200047753,2022-09-22 12:00:00,2022,9,22,12,0,59,59107,95 Rue Auguste Coolen,51.072044,2.530573,Plein jour,En agglomération,Hors intersection,Normale,Sans collision,3,2,2,0,1,1,1,0,1,-1,1,1,0,0,0,1,56.0,,deux_roues,,1,2,1,1,7
202200047754,2022-07-09 08:15:00,2022,7,9,8,15,59,59457,AGACHE EDOUARD RUE,50.66592,2.96991,Plein jour,En agglomération,Hors intersection,Normale,Deux véhicules - côté,7,2,1,0,1,3,1,0,1,50,2,2,1,0,0,1,63.0,43.0,voiture,deux_roues,1,2,1,1,3
202200047755,2022-11-30 21:25:00,2022,11,30,21,25,94,94028,FRANCE LIBRE(AVENUE DE LA),48.77894,2.45517,Nuit avec éclairage allumé,En agglomération,Hors intersection,Normale,Deux véhicules - côté,4,2,2,0,1,1,1,0,1,30,2,2,1,0,0,1,18.0,22.0,deux_roues,deux_roues,5,2,1,1,3
202200047756,2022-09-22 20:50:00,2022,9,22,20,50,30,30282,D6,44.145184,4.489278,Nuit avec éclairage allumé,En agglomération,Intersection en X,Normale,Autre collision,3,2,2,0,1,1,1,0,1,50,1,3,2,0,1,0,23.0,,voiture,,5,2,2,1,6
202200047757,2022-07-06 20:10:00,2022,7,6,20,10,59,59350,BELFORT BOULEVARD DE,50.6183400253,3.0735728145,Plein jour,En agglomération,Intersection en X,Normale,Deux véhicules - côté,7,2,0,0,1,1,1,5,1,50,2,3,1,0,0,2,22.0,22.0,utilitaire_camion,voiture,1,2,2,1,3
202200047758,2022-11-29 16:30:00,2022,11,29,16,30,94,94017,84 Avenue Roger Salengro,48.81819,2.49224,Plein jour,En agglomération,Hors intersection,Normale,Autre collision,3,3,2,0,1,1,1,0,4,50,2,3,2,0,0,1,24.0,79.0,voiture,voiture,1,2,1,1,6
202200047759,2022-06-13 06:45:00,2022,6,13,6,45,59,59350,ESPLANADE FACADE,50.64493,3.05113,Crépuscule ou aube,En agglomération,Hors intersection,Temps éblouissant,Deux véhicules - côté,7,3,4,0,1,1,1,0,1,50,2,2,1,0,0,1,24.0,,deux_roues,voiture,2,2,1,7,3
202200047760,2022-11-30 16:25:00,2022,11,30,16,25,93,93062,Rond - Point Thiers,48.89959,2.51762,Crépuscule ou aube,En agglomération,Giratoire,Normale,Autre collision,3,1,1,0,1,2,1,0,1,30,1,2,1,0,0,1,34.0,,utilitaire_camion,,2,2,6,1,6
202200047761,2022-09-22 18:50:00,2022,9,22,18,50,30,30047,Chemin du Pont des Isles,43.81264,4.416971,Plein jour,Hors agglomération,Intersection en X,Normale,Deux véhicules - côté,3,2, -1,0,1,1,1,0,1,-1,2,3,2,0,0,1,20.0,24.0,voiture,voiture,1,1,2,1,3
202200047762,2022-09-21 10:30:00,2022,9,21,10,30,76,76709,280 Rue Raymond Brétéché,49.482946,0.807901,Plein jour,En agglomération,Hors intersection,Normale,Autre collision,7,2,2,0,1,1,1,0,4,50,1,2,1,0,1,0,70.0,,voiture,,1,2,1,1,6
202200047763,2022-11-30 06:10:00,2022,11,30,6,10,93,93014,Route Strategique,48.92064,2.55873,Nuit sans éclairage public,Hors agglomération,Hors intersection,Normale,Deux véhicules - arrière,3,2,1,0,1,2,1,0,1,50,2,2,1,0,0,1,26.0,22.0,voiture,voiture,3,1,1,1,2
202200047764,2022-07-01 16:35:00,2022,7,1,16,35,59,59272,GRAVELINES (RUE DE),50.98841,2.11074,Plein jour,En agglomération,Intersection en X,Normale,Deux véhicules - côté,3,2,2,0,1,1,1,0,1,50,2,2,1,0,1,0,72.0,26.0,voiture,deux_roues,1,2,2,1,3
202200047765,2022-09-17 17:10:00,2022,9,17,17,10,76,76312,Boulevard des Capucins,49.484569,1.717257,Plein jour,En agglomération,Hors intersection,Normale,Autre collision,2,2,2,0,1,1,1,0,1,50,1,2,1,0,1,0,51.0,,voiture,,1,2,1,1,6
202200047766,2022-11-29 15:40:00,2022,11,29,15,40,93,93045,Rue de Paris,48.8830217881,2.4265220761,Plein jour,En agglomération,Hors intersection,Temps couvert,Autre collision,3,2,2,0,1,1,1,9,8,30,1,2,1,0,0,1,39.0,,voiture,,1,2,1,8,6
202200047767,2022-07-01 17:55:00,2022,7,1,17,55,59,59273,ENROCHEMENTS (ROUTE DES),51.0052130309,2.1339440346,Plein jour,Hors agglomération,Intersection en T,Normale,Deux véhicules - frontale,4,4,3,0,1,2,1,0,1,70,2,3,1,0,0,2,24.0,50.0,voiture,voiture,1,1,3,1,1
202200047768,2022-11-29 16:00:00,2022,11,29,16,0,93,93045,77 Rue de Paris,48.878891,2.412632,Plein jour,En agglomération,Hors intersection,Normale,Autre collision,3,2,2,0,1,3,1,0,1,50,1,2,1,0,1,0,56.0,,utilitaire_camion,,1,2,1,1,6
202200047769,2022-09-21 19:15:00,2022,9,21,19,15,33,33320,Route du Camping,44.991304,-0.064185,Crépuscule ou aube,Hors agglomération,Hors intersection,Normale,Autre collision,4,1,1,0,1,1,1,0,3,80,1,8,4,0,1,3,28.0,,voiture,,2,1,1,1,6