accident_id,datetime,annee,mois,jour,heure,minute,departement,commune_insee,adresse,latitude,longitude,luminosite,agglomeration,intersection,meteo,collision,catr,circ,nbv,vosp,prof,plan,surf,infra,situ,vma,nb_vehicules,nb_usagers,nb_indemnes,nb_tues,nb_blesses_hosp,nb_blesses_legers,age_cond_1,age_cond_2,veh_type_cond_1,veh_type_cond_2,lum_code,agg_code,int_code,atm_code,col_code
202200047770,2022-07-05 16:40:00,2022,7,5,16,40,57,57221,CD 952,49.3162862285,6.125468239,Plein jour,En agglomération,Intersection en T,Normale,Deux véhicules - côté,3,2,2,0,2,1,1,0,1,50,2,2,1,0,1,0,41.0,21.0,deux_roues,voiture,1,2,3,1,3
202200047771,2022-11-30 20:00:00,2022,11,30,20,0,93,93031,Avenue Salvador Allende / Avenue de Lattre de Tassigny,48.95731,2.30981,Nuit avec éclairage allumé,En agglomération,Intersection en X,Normale,Sans collision,3,3,4,0,1,1,1,4,1,50,2,2,1,0,0,1,24.0,,deux_roues,utilitaire_camion,5,2,2,1,7
202200047772,2022-06-12 14:23:00,2022,6,12,14,23,57,57672,,49.35936,6.13806,Plein jour,En agglomération,Hors intersection,Normale,Autre collision,4,2,2,0,1,1,1,0,1,50,1,1,0,0,1,0,63.0,,voiture,,1,2,1,1,6
202200047773,2022-11-29 11:27:00,2022,11,29,11,27,93,93008,Avenue Paul Vaillant - Couturier / Rue Pierre Sémard,48.9097,2.4472,Plein jour,En agglomération,Hors intersection,Brouillard / fumée,Autre collision,3,3,4,0,1,3,1,0,6,50,1,2,1,0,0,1,34.0,,voiture,,1,2,1,5,6
202200047774,2022-09-22 20:45:00,2022,9,22,20,45,69,69284,Route de Saint Trivier,45.876371,4.883058,Nuit sans éclairage public,Hors agglomération,Hors intersection,Normale,Trois véhicules et plus - collisions multiples,7,2,2,2,3,3,1,0,1,70,3,3,2,0,1,0,43.0,25.0,voiture,voiture,3,1,1,1,5
202200047775,2022-11-30 13:20:00,2022,11,30,13,20,92,92075,JEAN BLEUZEN (RUE),48.823024,2.295786,Plein jour,En agglomération,Hors intersection,Temps couvert,Deux véhicules - côté,3,2,2,0,1,1,1,0,1,50,2,2,1,0,0,1,76.0,17.0,voiture,deux_roues,1,2,1,8,3
202200047776,2022-09-19 07:55:00,2022,9,19,7,55,49,49368,D53,47.398676,0.02746,Plein jour,Hors agglomération,Hors intersection,Temps éblouissant,Deux véhicules - arrière,3,2,2,0,1,1,1,0,1,80,2,2,1,0,1,0,44.0,54.0,deux_roues,utilitaire_camion,1,1,1,7,2
202200047777,2022-11-30 08:30:00,2022,11,30,8,30,92,92073,GALLIENI (QUAI),48.8721053718,2.2335028052,Plein jour,En agglomération,Intersection en T,Normale,Sans collision,3,1,1,1,1,1,1,0,5,50,1,1,0,0,0,1,24.0,,deux_roues,,1,2,3,1,7
202200047778,2022-07-03 15:05:00,2022,7,3,15,5,57,57631,IPPLING (RUE),49.1100694466,7.038102528,Plein jour,En agglomération,Hors intersection,Normale,Deux véhicules - frontale,4,2,2,0,1,1,1,0,1,50,2,5,2,0,1,2,47.0,59.0,voiture,voiture,1,2,1,1,1
202200047779,2022-09-22 12:20:00,2022,9,22,12,20,46,46128,route de combescure,44.781051,1.732208,Plein jour,Hors agglomération,Hors intersection,Normale,Trois véhicules et plus - collisions multiples,3,2,2,0,1,1,1,0,1,80,3,3,1,0,0,2,42.0,52.0,deux_roues,deux_roues,1,1,1,1,5
202200047780,2022-07-08 21:10:00,2022,7,8,21,10,56,56260,GIRATOIRE DU DR CADORET,47.66533,-2.75079,Plein jour,En agglomération,Giratoire,Normale,Deux véhicules - côté,4,1,1,0,1,3,1,5,1,30,2,2,1,0,0,1,24.0,25.0,voiture,deux_roues,1,2,6,1,3
202200047781,2022-09-22 10:20:00,2022,9,22,10,20,29,29078,route du Faou,48.325313,-4.162442,Plein jour,En agglomération,Hors intersection,Normale,Autre collision,3,2,2,0,1,3,1,0,4,30,1,2,1,1,0,0,86.0,,voiture,,1,2,1,1,6
202200047782,2022-11-30 21:25:00,2022,11,30,21,25,92,92049,BARBES RUE,48.817309,2.328855,Nuit avec éclairage allumé,En agglomération,Intersection en X,Normale,Deux véhicules - côté,3,2,3,0,1,1,1,0,1,50,2,4,2,0,0,2,21.0,31.0,deux_roues,voiture,5,2,2,1,3
202200047783,2022-07-09 11:00:00,2022,7,9,11,0,56,56162,Giratoire de Kerlir D152,47.70861246,-3.4217083,Plein jour,Hors agglomération,Giratoire,Normale,Sans collision,3,2,2,0,1,3,1,5,1,70,1,1,0,0,1,0,39.0,,deux_roues,,1,1,6,1,7
202200047784,2022-09-22 09:00:00,2022,9,22,9,0,44,44116,Rue des Floralies,47.281544,-2.025025,Plein jour,En agglomération,Giratoire,Normale,Deux véhicules - côté,3,2,2,0,1,1,1,9,1,50,2,2,0,0,1,1,16.0,20.0,deux_roues,voiture,1,2,6,1,3
202200047785,2022-11-30 16:30:00,2022,11,30,16,30,92,92049,JAURES AVENUE JEAN N°52 A FIN,48.81474,2.308804,Crépuscule ou aube,En agglomération,Hors intersection,Normale,Autre collision,4,2,2,0,1,1,1,0,1,50,1,1,0,0,0,1,48.0,,deux_roues,,2,2,1,1,6
202200047786,2022-07-05 15:35:00,2022,7,5,15,35,56,56121,2 Rue du Ter,47.73422,-3.38909,Plein jour,En agglomération,Hors intersection,Normale,Autre collision,4,2,2,0,1,1,1,0,3,30,1,3,2,0,0,1,72.0,,utilitaire_camion,,1,2,1,1,6
202200047787,2022-09-22 19:15:00,2022,9,22,19,15,29,29227,Lieu Dit les Chenes,48.327232,-3.625498,Plein jour,Hors agglomération,Hors intersection,Normale,Deux véhicules - côté,3,2,2,0,1,1,1,0,1,80,2,3,0,2,0,1,31.0,78.0,deux_roues,voiture,1,1,1,1,3
202200047788,2022-11-30 17:48:00,2022,11,30,17,48,92,92048,rue du PETIT CLAMART,48.7821822852,2.226280421,Nuit avec éclairage allumé,En agglomération,Hors intersection,Normale,Deux véhicules - côté,3,2,1,3,1,1,1,4,6,30,2,2,1,0,0,1,37.0,40.0,transport_commun,deux_roues,5,2,1,1,3
202200047789,2022-06-11 18:00:00,2022,6,11,18,0,55,55545,METZ ( AVENUE DE ),49.14818,5.40212,Plein jour,En agglomération,Hors intersection,Temps éblouissant,Sans collision,3,2,2,0,1,1,1,6,1,30,1,2,1,0,1,0,34.0,,utilitaire_camion,,1,2,1,7,7
202200047790,2022-09-23 00:05:00,2022,9,23,0,5,31,31006,en borie,43.551394,1.783723,Nuit avec éclairage allumé,En agglomération,Hors intersection,Normale,Autre collision,4,2,2,0,1,1,1,0,3,50,1,1,0,1,0,0,63.0,,voiture,,5,2,1,1,6
202200047791,2022-11-30 11:20:00,2022,11,30,11,20,92,92025,KLEBER (AV),48.935658,2.260891,Plein jour,En agglomération,Intersection en T,Pluie légère,Deux véhicules - côté,3,2,5,0,1,1,2,0,1,50,2,2,1,0,0,1,34.0,31.0,voiture,voiture,1,2,3,2,3
202200047792,2022-09-23 07:30:00,2022,9,23,7,30,03,03246,La tuilerie de bartillat,46.325213,2.446201,Crépuscule ou aube,Hors agglomération,Hors intersection,Normale,Autre collision,3,2,2,0,1,1,1,0,1,90,1,2,1,1,0,0,51.0,,voiture,,2,1,1,1,6
202200047793,2022-07-09 19:56:00,2022,7,9,19,56,54,54395,AUSTRASIE (BOULEVARD),48.6920344578,6.2003177404,Plein jour,En agglomération,Hors intersection,Normale,Deux véhicules - côté,4,2,2,0,1,1,1,0,1,50,2,2,1,0,1,0,48.0,28.0,deux_roues,utilitaire_camion,1,2,1,1,3
202200047794,2022-11-26 20:15:00,2022,11,26,20,15,92,92025,VALMY (BD DE),48.9338777627,2.2555559277,Nuit avec éclairage allumé,En agglomération,Intersection en X,Normale,Deux véhicules - côté,3,2,4,0,1,1,1,0,1,30,2,2,1,0,0,1,24.0,26.0,deux_roues,voiture,5,2,2,1,3
202200047795,2022-09-22 15:29:00,2022,9,22,15,29,01,01374,D64d - route de Saint-Martin,46.100143,5.322319,Plein jour,Hors agglomération,Hors intersection,Normale,Deux véhicules - côté,3,2,2,0,2,4,1,0,1,80,2,2,1,0,1,0,36.0,65.0,utilitaire_camion,deux_roues,1,1,1,1,3
202200047796,2022-11-30 19:20:00,2022,11,30,19,20,92,92019,MONNET JEAN (AVENUE DU),48.7708706361,2.2851642966,Nuit avec éclairage allumé,En agglomération,Hors intersection,Normale,Deux véhicules - côté,4,2,2,0,1,1,1,0,1,30,2,2,1,0,0,1,58.0,62.0,deux_roues,voiture,5,2,1,1,3
202200047797,2022-07-08 01:45:00,2022,7,8,1,45,54,54395,FOLLER (RUE),48.68693,6.19502,Nuit avec éclairage allumé,En agglomération,Intersection à plus de 4 branches,Normale,Deux véhicules - côté,4,2,2,2,1,1,1,5,1,50,2,2,1,0,0,1,21.0,35.0,voiture,deux_roues,5,2,5,1,3
202200047798,2022-09-22 13:50:00,2022,9,22,13,50,01,01093,,46.115238,4.936359,Plein jour,Hors agglomération,Intersection en X,Normale,Deux véhicules - côté,3,2,1,0,1,1,1,0,1,80,2,2,1,0,0,1,66.0,84.0,voiture,voiture,1,1,2,1,3
202200047799,2022-11-30 07:50:00,2022,11,30,7,50,57,57694,Route de Bouzonville,49.148671,6.247305,Crépuscule ou aube,Hors agglomération,Intersection en T,Temps couvert,Deux véhicules - côté,7,2,2,0,1,1,2,5,1,70,2,2,0,0,0,2,58.0,28.0,voiture,utilitaire_camion,2,1,3,8,3
202200047800,2022-11-30 08:45:00,2022,11,30,8,45,22,22206,RUE DE LA MAIRIE,48.54242,-2.969527,Plein jour,En agglomération,Hors intersection,Normale,Autre collision,9,2,2,0,1,2,1,9,8,50,1,2,1,0,1,0,33.0,,utilitaire_camion,,1,2,1,1,6
202200047801,2022-09-22 19:05:00,2022,9,22,19,5,72,72080,RD 323 - Lieu dit Brisson,48.168125,0.649309,Plein jour,Hors agglomération,Hors intersection,Normale,Autre collision,3,2,2,0,1,3,1,0,3,90,1,2,0,0,2,0,45.0,,deux_roues,,1,1,1,1,6
202200047802,2022-07-06 08:00:00,2022,7,6,8,0,54,54547,FORET DE HAYE (RUE DE LA),48.6510616089,6.1410838366,Plein jour,En agglomération,Hors intersection,Normale,Deux véhicules - arrière,4,2,2,0,1,1,1,0,1,50,2,2,1,0,0,1,29.0,54.0,voiture,transport_commun,1,2,1,1,2
202200047803,2022-09-21 18:45:00,2022,9,21,18,45,64,64320,D934,42.872026178,-0.3971524595,Plein jour,Hors agglomération,Hors intersection,Normale,Sans collision,3,2,2,0,1,1,1,0,1,80,1,2,1,0,1,0,40.0,,deux_roues,,1,1,1,1,7
202200047804,2022-11-24 19:15:00,2022,11,24,19,15,33,33254,Bois-majou-nord,44.52242,-0.046424,Nuit sans éclairage public,Hors agglomération,Intersection en T,Normale,Deux véhicules - côté,3,2,2,0,1,1,1,0,1,80,2,3,0,0,1,2,42.0,47.0,voiture,voiture,3,1,3,1,3
202200047805,2022-07-05 12:25:00,2022,7,5,12,25,54,54549,PERI (RUE GABRIEL),48.63637,6.31172,Plein jour,En agglomération,Intersection en Y,Normale,Trois véhicules et plus - collisions multiples,3,2,2,0,1,1,1,0,1,50,3,3,1,0,0,2,82.0,42.0,voiture,voiture,1,2,4,1,5
202200047806,2022-09-19 17:30:00,2022,9,19,17,30,16,16081,Les Sablons,45.826601,0.053966,Plein jour,Hors agglomération,Hors intersection,Normale,Autre collision,3,2,2,0,1,1,1,0,1,80,1,4,0,0,1,3,43.0,,voiture,,1,1,1,1,6
202200047807,2022-09-23 09:00:00,2022,9,23,9,0,16,16287,Berguille,45.575533,0.03606,Plein jour,Hors agglomération,Hors intersection,Normale,Autre collision,3,2,2,0,1,2,1,0,3,80,1,1,0,1,0,0,36.0,,deux_roues,,1,1,1,1,6
202200047808,2022-12-01 12:30:00,2022,12,1,12,30,21,21106,Autoroute A31 PK 034.000,47.244804,5.098686,Plein jour,Hors agglomération,Hors intersection,Temps couvert,Deux véhicules - côté,1,3,4,0,1,1,1,0,2,130,2,2,1,0,0,1,28.0,64.0,utilitaire_camion,utilitaire_camion,1,1,1,8,3
202200047809,2022-07-10 08:25:00,2022,7,10,8,25,54,54099,146D (RD),49.27385,5.9103,Plein jour,Hors agglomération,Hors intersection,Temps éblouissant,Deux véhicules - arrière,3,2,2,0,1,1,1,0,1,80,2,2,1,0,0,1,19.0,50.0,voiture,deux_roues,1,1,1,7,2
202200047810,2022-09-23 09:15:00,2022,9,23,9,15,07,07020,,44.572204,4.631767,Plein jour,Hors agglomération,Hors intersection,Pluie légère,Sans collision,2,2,2,0,2,3,8,0,1,90,1,1,0,0,1,0,45.0,,deux_roues,,1,1,1,2,7
202200047811,2022-11-30 16:30:00,2022,11,30,16,30,83,83148,2140 Route du Thoronet Rd 84,43.426531,6.398433,Crépuscule ou aube,Hors agglomération,Hors intersection,Normale,Deux véhicules - côté,3,2,2,0,1,2,2,0,1,80,2,2,1,0,0,1,41.0,54.0,voiture,voiture,2,1,1,1,3
202200047812,2022-06-09 17:50:00,2022,6,9,17,50,61,61001,JULIEN (RUE),48.43258,0.08258,Plein jour,En agglomération,Autre intersection,Normale,Sans collision,4,2,2,0,1,2,1,5,8,30,1,2,1,0,0,1,51.0,,voiture,,1,2,9,1,7
202200047813,2022-07-08 17:40:00,2022,7,8,17,40,54,54099,138 (RD),49.25542,5.99754,Plein jour,Hors agglomération,Hors intersection,Normale,Sans collision,3,2,2,0,1,1,1,0,3,80,1,1,0,1,0,0,35.0,,deux_roues,,1,1,1,1,7
202200047814,2022-11-30 16:40:00,2022,11,30,16,40,68,68254,1 Ferme Saint-martin,47.742007,7.505148,Crépuscule ou aube,Hors agglomération,Hors intersection,Normale,Autre collision,3,2,2,0,1,2,1,0,3,80,1,1,0,0,1,0,55.0,,voiture,,2,1,1,1,6
202200047815,2022-09-22 15:20:00,2022,9,22,15,20,40,40266,route de mimizan RD 642,44.097017,-1.232378,Plein jour,Hors agglomération,Hors intersection,Normale,Autre collision,3,2,2,0,1,1,1,0,3,80,1,2,0,1,1,0,68.0,,voiture,,1,1,1,1,6
202200047816,2022-06-09 20:30:00,2022,6,9,20,30,35,35238,VILLIERS DE L'ISLE ADAM,48.0971455971,-1.6647545993,Plein jour,En agglomération,Hors intersection,Normale,Autre collision,4,2,2,0,1,1,1,0,1,50,1,2,0,0,0,2,41.0,,voiture,,1,2,1,1,6
202200047817,2022-07-10 19:25:00,2022,7,10,19,25,51,51454,boulevard Pommery,49.256,4.0554,Plein jour,En agglomération,Intersection en X,Normale,Sans collision,4,2,2,0,1,1,1,0,1,50,1,2,1,0,0,1,44.0,,voiture,,1,2,2,1,7
202200047818,2022-09-22 11:11:00,2022,9,22,11,11,24,24007,D709,45.268773,0.318797,Plein jour,Hors agglomération,Intersection en T,Normale,Sans collision,3,2,2,0,1,3,1,0,1,90,1,1,0,0,1,0,72.0,,deux_roues,,1,1,3,1,7
202200047819,2022-12-01 12:40:00,2022,12,1,12,40,35,35338,rd108,48.051851,-1.243494,Plein jour,Hors agglomération,Intersection en T,Normale,Deux véhicules - côté,3,2,2,0,1,1,1,0,1,80,2,2,1,0,1,0,24.0,15.0,voiture,deux_roues,1,1,3,1,3
202200047820,2022-06-09 07:50:00,2022,6,9,7,50,31,31555,PONT DES DEMOISELLES,43.58763,1.46066,Plein jour,En agglomération,Hors intersection,Temps éblouissant,Deux véhicules - côté,4,-1,1,0,1,1,1,0,1,50,2,4,1,0,0,3,38.0,46.0,transport_commun,voiture,1,2,1,7,3
202200047821,2022-07-08 23:00:00,2022,7,8,23,0,51,51454,boulevard Saint Marceaux,49.255487,4.046472,Nuit avec éclairage allumé,En agglomération,Intersection à plus de 4 branches,Normale,Sans collision,4,2,4,2,1,1,1,0,1,50,2,2,1,0,1,0,45.0,31.0,voiture,deux_roues,5,2,5,1,7
202200047822,2022-12-01 00:45:00,2022,12,1,0,45,06,06064,Chemin des Castellas,43.771074,7.17663,Nuit sans éclairage public,Hors agglomération,Hors intersection,Normale,Sans collision,7,2,2,0,1,1,1,0,1,70,1,3,0,1,2,0,36.0,,voiture,,3,1,1,1,7
202200047823,2022-06-09 09:00:00,2022,6,9,9,0,27,27229,LOMBARDS (RUE DES),49.02781,1.14948,Plein jour,En agglomération,Intersection en X,Normale,Autre collision,4,1,1,0,1,1,1,0,1,50,1,4,1,0,0,3,51.0,,voiture,,1,2,2,1,6
202200047824,2022-09-23 16:50:00,2022,9,23,16,50,04,04141,D112,44.024624,5.716933,Plein jour,Hors agglomération,Intersection en X,Normale,Deux véhicules - frontale,3,2,2,0,1,1,1,0,1,80,2,5,4,0,0,1,36.0,37.0,voiture,voiture,1,1,2,1,1
202200047825,2022-07-07 19:45:00,2022,7,7,19,45,51,51454,rue de Cernay,49.2575,4.04947,Plein jour,En agglomération,Intersection en X,Normale,Deux véhicules - côté,4,2,2,0,1,1,1,0,1,50,2,2,1,0,0,1,32.0,26.0,deux_roues,voiture,1,2,2,1,3
202200047826,2022-02-18 15:10:00,2022,2,18,15,10,83,83034,RUE DES 3 PINS,43.09854,6.06537,Plein jour,En agglomération,Hors intersection,Normale,Trois véhicules et plus - en chaîne,7,2,2,0,1,1,1,0,1,50,3,4,3,0,1,0,81.0,67.0,voiture,voiture,1,2,1,1,4
202200047827,2022-06-08 18:30:00,2022,6,8,18,30,29,29019,avenue Georges Clemenceau,48.389758,-4.485194,Plein jour,En agglomération,Hors intersection,Normale,Autre collision,4,3,4,3,1,1,1,0,1,30,1,2,1,0,0,1,27.0,,transport_commun,,1,2,1,1,6
202200047828,2022-09-22 16:00:00,2022,9,22,16,0,17,17233,125 Avenue de l Ocean,45.445522,-0.381378,Plein jour,Hors agglomération,Hors intersection,Normale,Sans collision,3,2,2,0,2,1,1,0,3,80,1,1,0,1,0,0,39.0,,voiture,,1,1,1,1,7
202200047829,2022-02-18 21:35:00,2022,2,18,21,35,83,83118,AVENUE DES GABIANS,43.43154,6.78775,Nuit avec éclairage allumé,En agglomération,Hors intersection,Normale,Sans collision,4,2,2,0,3,1,1,0,1,30,1,1,0,1,0,0,63.0,,deux_roues,,5,2,1,1,7
202200047830,2022-02-23 17:30:00,2022,2,23,17,30,30,30028,Boulevard Théodore Lacombe,44.1628,4.6224,Plein jour,En agglomération,Autre intersection,Normale,Autre collision,4,1,1,0,1,1,1,9,8,50,1,2,1,0,1,0,51.0,,voiture,,1,2,9,1,6
202200047831,2022-11-30 07:30:00,2022,11,30,7,30,79,79079,La Roche des Gats Loubland,46.965966,-0.843099,Nuit sans éclairage public,Hors agglomération,Hors intersection,Normale,Deux véhicules - frontale,4,2,2,0,2,4,2,0,1,80,2,2,1,0,0,1,18.0,55.0,voiture,voiture,3,1,1,1,1
202200047832,2022-07-07 17:10:00,2022,7,7,17,10,51,51454,boulevard du Président Wilson,49.2401201875,4.0205830336,Plein jour,En agglomération,Hors intersection,Normale,Deux véhicules - arrière,4,2,2,0,1,1,1,0,1,50,2,2,1,0,0,1,29.0,33.0,voiture,deux_roues,1,2,1,1,2
202200047833,2022-09-23 05:50:00,2022,9,23,5,50,37,37006,La Vallee,47.2744903425,0.5853062868,Nuit sans éclairage public,Hors agglomération,Hors intersection,Normale,Deux véhicules - frontale,3,2,2,0,1,1,1,0,1,80,2,2,0,0,1,1,23.0,36.0,voiture,voiture,3,1,1,1,1
202200047834,2022-02-17 13:55:00,2022,2,17,13,55,80,80164,RD929,49.92075,2.36798,Plein jour,En agglomération,Intersection en X,Vent fort / tempête,Deux véhicules - côté,3,2,3,0,1,1,1,0,1,50,2,2,1,0,0,1,19.0,34.0,utilitaire_camion,voiture,1,2,2,6,3
202200047835,2022-09-22 14:35:00,2022,9,22,14,35,08,08311,Rue de la Tour Saint Jerome,49.604814,5.085071,Plein jour,En agglomération,Hors intersection,Normale,Autre collision,3,1,2,0,1,3,1,0,3,50,1,1,0,0,0,1,19.0,,deux_roues,,1,2,1,1,6
202200047836,2022-11-25 06:30:00,2022,11,25,6,30,82,82025,Route de Trixe,43.941734,1.324963,Nuit sans éclairage public,Hors agglomération,Hors intersection,Pluie légère,Autre collision,4,2,2,0,1,3,2,0,3,80,1,1,0,0,1,0,30.0,,voiture,,3,1,1,2,6
202200047837,2022-06-09 18:15:00,2022,6,9,18,15,974,97416,BADAMIER(CHEMIN),-21.30408,55.45954,Nuit avec éclairage allumé,Hors agglomération,Hors intersection,Normale,Deux véhicules - arrière,4,2,2,0,1,1,1,0,1,50,2,2,1,0,1,0,28.0,52.0,deux_roues,voiture,5,1,1,1,2
202200047838,2022-02-18 10:05:00,2022,2,18,10,5,79,79329,61 Avenue Emile Zola,46.98916,-0.21034,Plein jour,En agglomération,Hors intersection,Vent fort / tempête,Sans collision,4,2,2,0,1,1,1,0,1,50,1,2,1,0,0,1,42.0,,utilitaire_camion,,1,2,1,6,7
202200047839,2022-06-09 17:05:00,2022,6,9,17,5,973,97302,CABASSOU (ROUTE DE),4.91924,-52.31762,Plein jour,En agglomération,Hors intersection,Normale,Deux véhicules - côté,3,2,2,0,1,1,1,0,1,50,2,2,1,0,0,1,62.0,52.0,voiture,deux_roues,1,2,1,1,3
202200047840,2022-07-07 13:50:00,2022,7,7,13,50,51,51454,avenue de Laon,49.26336,4.02807,Plein jour,En agglomération,Intersection en X,Normale,Deux véhicules - côté,4,3,2,0,1,1,1,5,1,50,2,2,1,0,0,1,20.0,32.0,voiture,voiture,1,2,2,1,3
202200047841,2022-09-22 22:45:00,2022,9,22,22,45,987,98738,RDO Sens FAA'A - PUNAAUIA,-17.618,-149.549,Nuit avec éclairage allumé,Hors agglomération,Hors intersection,Normale,Deux véhicules - arrière,3,3,4,0,1,1,1,0,1,50,3,4,3,0,1,0,47.0,33.0,deux_roues,voiture,5,1,1,1,2
202200047842,2022-02-18 18:00:00,2022,2,18,18,0,76,76391,Rue Frété,49.302108,0.971772,Crépuscule ou aube,Hors agglomération,Hors intersection,Vent fort / tempête,Deux véhicules - frontale,4,2,2,0,3,2,1,0,1,80,2,3,2,0,0,1,24.0,29.0,utilitaire_camion,voiture,2,1,1,6,1
202200047843,2022-10-02 19:45:00,2022,10,2,19,45,49,49218,Rue du Commerce (St Pierre-Montlimart),47.270585,-1.0283,Nuit avec éclairage allumé,En agglomération,Intersection en X,Normale,Deux véhicules - côté,4,2,2,0,1,1,1,0,1,30,2,2,1,0,1,0,15.0,74.0,deux_roues,voiture,5,2,2,1,3
202200047844,2022-06-09 18:42:00,2022,6,9,18,42,973,97302,BADUEL (ROUTE DE),4.93099,-52.30553,Plein jour,En agglomération,Hors intersection,Normale,Deux véhicules - côté,3,2,2,2,1,1,1,0,1,50,2,2,1,0,0,1,50.0,23.0,deux_roues,voiture,1,2,1,1,3
202200047845,2022-09-22 17:10:00,2022,9,22,17,10,31,31254,700 La Pyreneenne,43.545601,1.505932,Plein jour,En agglomération,Giratoire,Normale,Autre collision,4,2,2,0,1,3,1,0,1,50,1,2,1,0,1,0,32.0,,voiture,,1,2,6,1,6
202200047846,2022-02-18 01:00:00,2022,2,18,1,0,76,76231,Rue Sevestre Aine,49.28991,1.00094,Nuit avec éclairage allumé,En agglomération,Autre intersection,Pluie légère,Autre collision,4,2,2,0,1,1,2,0,1,50,1,1,0,0,1,0,58.0,,voiture,,5,2,9,2,6
202200047847,2022-07-06 21:09:00,2022,7,6,21,9,51,51454,rue de Vesle,49.252873,4.027205,Plein jour,En agglomération,Intersection en X,Normale,Deux véhicules - frontale,4,2,2,3,1,1,1,-1,6,30,2,2,1,0,0,1,26.0,27.0,voiture,deux_roues,1,2,2,1,1
202200047848,2022-11-30 22:00:00,2022,11,30,22,0,39,39476,,47.00357,5.354816,Nuit sans éclairage public,Hors agglomération,Giratoire,Normale,Autre collision,3,2,2,0,1,1,1,0,3,90,1,1,0,0,1,0,44.0,,utilitaire_camion,,3,1,6,1,6
202200047849,2022-06-09 09:30:00,2022,6,9,9,30,973,97302,FELIX EBOUE(ROCADE),4.9289253714,-52.3161756992,Plein jour,En agglomération,Hors intersection,Normale,Deux véhicules - côté,3,2,2,0,1,1,1,0,1,50,2,2,1,0,0,1,25.0,25.0,voiture,deux_roues,1,2,1,1,3
202200047850,2022-09-22 15:50:00,2022,9,22,15,50,971,97107,FOUR À CHAUX,16.104772,-61.565205,Plein jour,En agglomération,Hors intersection,Normale,Autre collision,2,2,2,0,1,1,1,0,1,50,1,2,0,0,1,1,34.0,,deux_roues,,1,2,1,1,6
202200047851,2022-07-06 15:25:00,2022,7,6,15,25,51,51454,boulevard Pommery,49.25014,4.05256,Plein jour,En agglomération,Hors intersection,Normale,Deux véhicules - arrière,4,2,4,0,1,1,1,0,1,50,2,2,1,0,0,1,24.0,33.0,voiture,utilitaire_camion,1,2,1,1,2
202200047852,2022-09-22 08:25:00,2022,9,22,8,25,77,77382,D85P,48.900834,2.858513,Crépuscule ou aube,En agglomération,Hors intersection,Temps couvert,Sans collision,3,4,2,0,1,3,2,0,1,50,1,1,0,0,1,0,27.0,,deux_roues,,2,2,1,8,7
202200047853,2022-02-18 21:00:00,2022,2,18,21,0,74,74012,VALLEES (ROUTE DES),46.19181,6.24838,Nuit avec éclairage allumé,En agglomération,Intersection en T,Pluie légère,Deux véhicules - côté,4,2,5,2,2,1,2,0,1,50,2,2,1,0,0,1,41.0,35.0,voiture,deux_roues,5,2,3,2,3
202200047854,2022-06-09 13:30:00,2022,6,9,13,30,69,69388,Rue Rochambeau,45.73208,4.8677,Plein jour,En agglomération,Intersection en X,Temps couvert,Deux véhicules - côté,4,2,2,0,1,1,1,0,1,50,2,2,1,0,1,0,49.0,17.0,utilitaire_camion,deux_roues,1,2,2,8,3
202200047855,2022-11-30 13:50:00,2022,11,30,13,50,29,29030,D10,48.6622712997,-4.11547181,Plein jour,En agglomération,Hors intersection,Normale,Deux véhicules - arrière,4,2,2,0,1,2,1,0,1,50,2,2,1,0,1,0,74.0,80.0,voiture,deux_roues,1,2,1,1,2
202200047856,2022-09-21 18:35:00,2022,9,21,18,35,77,77349,Rue Saint-laurent,49.091581,2.63548,Plein jour,Hors agglomération,Hors intersection,Normale,Sans collision,4,2,2,0,1,2,1,0,8,80,1,1,0,0,1,0,19.0,,deux_roues,,1,1,1,1,7
202200047857,2022-07-06 15:05:00,2022,7,6,15,5,50,50129,,49.64826,-1.64361,Plein jour,En agglomération,Hors intersection,Normale,Deux véhicules - côté,3,3,4,2,1,1,1,1,1,50,2,2,1,0,0,1,66.0,25.0,deux_roues,utilitaire_camion,1,2,1,1,3
202200047858,2022-02-18 10:30:00,2022,2,18,10,30,74,74012,SALEVE (RUE DU),46.1917,6.2299,Plein jour,En agglomération,Hors intersection,Normale,Deux véhicules - côté,4,2,2,0,1,2,1,0,1,50,2,3,2,0,0,1,21.0,25.0,voiture,voiture,1,2,1,1,3
202200047859,2022-09-20 11:40:00,2022,9,20,11,40,2B,2B182,Carrefour D71-Pisale,42.571508,9.015082,Plein jour,Hors agglomération,Hors intersection,Normale,Deux véhicules - frontale,3,2,2,0,1,4,1,0,1,80,2,3,2,0,1,0,79.0,62.0,voiture,deux_roues,1,1,1,1,1
202200047860,2022-07-01 13:35:00,2022,7,1,13,35,50,50129,PARIS (AVENUE DE),49.62999,-1.61786,Plein jour,En agglomération,Hors intersection,Normale,Deux véhicules - côté,3,2,2,0,1,1,1,0,4,50,2,2,1,0,0,1,70.0,19.0,voiture,deux_roues,1,2,1,1,3
202200047861,2022-06-09 19:45:00,2022,6,9,19,45,972,97209,REDOUTE (ROUTE DE LA),14.61502,-61.06186,Nuit avec éclairage allumé,Hors agglomération,Intersection en T,Normale,Deux véhicules - côté,2,-1,2,0,2,1,1,5,8,50,2,4,3,0,0,1,21.0,27.0,voiture,voiture,5,1,3,1,3