accident_id,datetime,annee,mois,jour,heure,minute,departement,commune_insee,adresse,latitude,longitude,luminosite,agglomeration,intersection,meteo,collision,catr,circ,nbv,vosp,prof,plan,surf,infra,situ,vma,nb_vehicules,nb_usagers,nb_indemnes,nb_tues,nb_blesses_hosp,nb_blesses_legers,age_cond_1,age_cond_2,veh_type_cond_1,veh_type_cond_2,lum_code,agg_code,int_code,atm_code,col_code
202200047862,2022-02-18 18:45:00,2022,2,18,18,45,73,73008,D991D,45.70456,5.89091,Nuit avec éclairage allumé,En agglomération,Intersection en Y,Normale,Deux véhicules - frontale,3,2,3,2,1,2,1,5,1,50,2,2,0,0,0,2,38.0,78.0,voiture,voiture,5,2,4,1,1
202200047863,2022-11-29 08:25:00,2022,11,29,8,25,31,31478,D43,43.43346,1.895431,Crépuscule ou aube,Hors agglomération,Intersection en X,Pluie légère,Deux véhicules - côté,3,2,2,0,1,1,2,0,1,80,2,2,1,0,1,0,40.0,67.0,voiture,voiture,2,1,2,2,3
202200047864,2022-09-19 03:00:00,2022,9,19,3,0,34,34154,D62,43.560569,4.033635,Nuit sans éclairage public,Hors agglomération,Hors intersection,Normale,Trois véhicules et plus - en chaîne,3,1,4,0,1,2,1,0,1,110,3,4,2,0,1,1,29.0,30.0,voiture,voiture,3,1,1,1,4
202200047865,2022-07-07 12:58:00,2022,7,7,12,58,49,49007,SAUMUROISE IMPASSE ET RUE,47.45567,-0.53,Plein jour,En agglomération,Intersection en X,Normale,Deux véhicules - côté,4,3,2,0,1,1,1,0,1,50,2,3,2,0,0,1,56.0,24.0,voiture,voiture,1,2,2,1,3
202200047866,2022-06-10 00:45:00,2022,6,10,0,45,69,69382,Quai Jean Moulin,45.76367,4.83848,Nuit avec éclairage allumé,En agglomération,Intersection à plus de 4 branches,Normale,Deux véhicules - côté,4,2,7,3,1,1,1,0,1,50,2,2,1,0,0,1,31.0,20.0,deux_roues,voiture,5,2,5,1,3
202200047867,2022-02-16 15:40:00,2022,2,16,15,40,72,72181,MOLIERE - ENTRE ROCADE ET MONTHEARD,47.99389,0.21708,Plein jour,En agglomération,Hors intersection,Pluie légère,Deux véhicules - arrière,4,-1,2,0,1,1,2,0,1,50,2,3,1,0,0,2,18.0,40.0,voiture,utilitaire_camion,1,2,1,2,2
202200047868,2022-09-23 10:10:00,2022,9,23,10,10,83,83115,Avenue Charles de Gaulle,43.306744,6.640871,Plein jour,En agglomération,Hors intersection,Normale,Autre collision,3,2,2,0,1,1,1,0,1,50,1,2,1,0,1,0,75.0,,autre,,1,2,1,1,6
202200047869,2022-11-30 15:15:00,2022,11,30,15,15,31,31234,Route de Toulouse,43.721211,1.098568,Plein jour,Hors agglomération,Intersection en X,Temps couvert,Deux véhicules - côté,3,2,2,0,2,1,1,0,1,80,2,2,1,0,1,0,36.0,37.0,deux_roues,voiture,1,1,2,8,3
202200047870,2022-07-06 12:03:00,2022,7,6,12,3,49,49353,BELLINIERE RUE,47.4568,-0.5112,Plein jour,En agglomération,Giratoire,Normale,Deux véhicules - côté,4,2,2,0,1,1,1,0,1,50,2,2,1,0,0,1,47.0,27.0,voiture,deux_roues,1,2,6,1,3
202200047871,2022-02-18 18:10:00,2022,2,18,18,10,68,68224,ILE NAPOLEON (RUE DE L'),47.75298,7.35572,Nuit avec éclairage allumé,En agglomération,Intersection en X,Pluie légère,Deux véhicules - côté,4,2,4,-1,1,1,1,0,1,-1,2,2,0,0,0,1,,32.0,deux_roues,autre,5,2,2,2,3
202200047872,2022-06-09 14:40:00,2022,6,9,14,40,69,69149,Grande Rue,45.7179,4.8099,Plein jour,En agglomération,Intersection en T,Normale,Trois véhicules et plus - en chaîne,7,2,4,0,1,1,1,0,1,30,3,3,2,0,0,1,27.0,53.0,voiture,voiture,1,2,3,1,4
202200047873,2022-07-05 12:11:00,2022,7,5,12,11,49,49007,EPINARD CHEMIN,47.49807,-0.5565,Plein jour,En agglomération,Hors intersection,Normale,Sans collision,4,2,2,0,1,1,1,0,1,50,1,1,0,0,0,1,71.0,,deux_roues,,1,2,1,1,7
202200047874,2022-09-23 08:20:00,2022,9,23,8,20,13,13097,Route Departementale 24,43.630298,4.806358,Plein jour,En agglomération,Autre intersection,Normale,Deux véhicules - côté,3,2,2,0,2,1,1,0,1,50,2,2,1,0,1,0,67.0,29.0,utilitaire_camion,deux_roues,1,2,9,1,3
202200047875,2022-02-18 06:30:00,2022,2,18,6,30,67,67204,FONTAINE (RUE DE LA),48.62374,7.75284,Crépuscule ou aube,Hors agglomération,Hors intersection,Normale,Deux véhicules - arrière,7,2,3,1,1,1,1,0,1,70,2,2,1,0,0,1,,27.0,voiture,deux_roues,2,1,1,1,2
202200047876,2022-09-23 13:21:00,2022,9,23,13,21,71,71571,route des janots,46.40102,4.453658,Plein jour,Hors agglomération,Hors intersection,Normale,Autre collision,3,2,2,0,2,1,1,0,3,50,1,1,0,0,1,0,80.0,,voiture,,1,1,1,1,6
202200047877,2022-07-05 19:54:00,2022,7,5,19,54,49,49353,VEST FERDINANT,47.44194,-0.48435,Plein jour,En agglomération,Hors intersection,Normale,Autre collision,4,2,2,0,1,1,1,0,1,50,1,2,1,0,0,1,,,voiture,,1,2,1,1,6
202200047878,2022-11-30 16:30:00,2022,11,30,16,30,03,03158,RD 39,46.440726,2.705544,Plein jour,Hors agglomération,Autre intersection,Normale,Autre collision,3,2,2,0,2,3,1,0,3,90,1,1,0,0,1,0,47.0,,voiture,,1,1,9,1,6
202200047879,2022-07-06 08:57:00,2022,7,6,8,57,49,49007,MENDES FRANCE PLACE,47.47324,-0.54578,Plein jour,En agglomération,Hors intersection,Normale,Sans collision,4,3,4,2,1,1,1,0,1,30,1,1,0,0,0,1,19.0,,deux_roues,,1,2,1,1,7
202200047880,2022-06-09 17:45:00,2022,6,9,17,45,2B,2B033,MIOT - RUE,42.7,9.45,Plein jour,En agglomération,Hors intersection,Normale,Deux véhicules - côté,4,2,2,0,2,1,1,0,1,50,2,3,2,0,0,1,19.0,52.0,voiture,deux_roues,1,2,1,1,3
202200047881,2022-02-17 11:15:00,2022,2,17,11,15,66,66136,DALBIEZ (AVENUE VICTOR),42.68956,2.88447,Plein jour,En agglomération,Intersection en T,Normale,Autre collision,4,2,2,0,1,1,1,0,1,50,1,2,1,0,0,1,,,voiture,,1,2,3,1,6
202200047882,2022-08-15 06:15:00,2022,8,15,6,15,13,13071,PENNES AUX PINS ( CHEMIN DES ),43.41378,5.3553,Plein jour,En agglomération,Hors intersection,Normale,Deux véhicules - côté,4,2,1,0,1,1,1,0,1,50,2,2,1,0,0,1,35.0,60.0,voiture,utilitaire_camion,1,2,1,1,3
202200047883,2022-09-23 06:50:00,2022,9,23,6,50,54,54532,RD907,48.799966566,5.9470367431,Nuit sans éclairage public,Hors agglomération,Hors intersection,Normale,Deux véhicules - frontale,3,2,2,0,2,3,1,0,1,80,2,3,0,0,1,2,44.0,47.0,voiture,utilitaire_camion,3,1,1,1,1
202200047884,2022-12-01 16:45:00,2022,12,1,16,45,01,01098,D1504,45.794917,5.682495,Crépuscule ou aube,Hors agglomération,Hors intersection,Normale,Deux véhicules - frontale,3,2,2,0,1,1,1,0,1,80,2,2,0,1,0,1,70.0,70.0,voiture,voiture,2,1,1,1,1
202200047885,2022-06-09 10:26:00,2022,6,9,10,26,2B,2B033,11 - RT,42.66414,9.44259,Plein jour,En agglomération,Autre intersection,Normale,Deux véhicules - arrière,2,1,2,0,1,1,1,0,1,70,2,2,1,0,0,1,64.0,46.0,voiture,voiture,1,2,9,1,2
202200047886,2022-06-12 21:14:00,2022,6,12,21,14,49,49246,PYRAMIDE PLACE ET ROUTE,47.44849,-0.5119,Plein jour,En agglomération,Hors intersection,Normale,Deux véhicules - arrière,4,2,4,2,1,1,1,0,1,30,2,2,1,0,0,1,25.0,52.0,deux_roues,voiture,1,2,1,1,2
202200047887,2022-11-30 17:34:00,2022,11,30,17,34,01,01163,Route de Montrevel,46.353678,5.142919,Nuit sans éclairage public,Hors agglomération,Hors intersection,Normale,Deux véhicules - côté,3,2,2,0,1,1,1,0,1,80,2,2,1,0,0,1,20.0,36.0,utilitaire_camion,voiture,3,1,1,1,3
202200047888,2022-08-15 07:00:00,2022,8,15,7,0,13,13204,ALEX. FLEMING (BOULEVARD),43.3165533935,5.3970745754,Plein jour,En agglomération,Hors intersection,Normale,Deux véhicules - arrière,4,3,6,0,1,1,1,0,1,50,2,2,1,0,0,1,,43.0,voiture,deux_roues,1,2,1,1,2
202200047889,2022-02-17 00:45:00,2022,2,17,0,45,66,66136,GAUGUIN (AVENUE PAUL),42.71535,2.89375,Nuit avec éclairage allumé,En agglomération,Intersection en T,Normale,Deux véhicules - côté,4,2,2,0,1,1,1,0,1,50,2,4,1,0,2,1,34.0,,voiture,voiture,5,2,3,1,3
202200047890,2022-05-22 04:12:00,2022,5,22,4,12,971,97101,AMEDEE ABARRE - SALLE D'ASILE (RUE),16.262175119,-61.501969099,Nuit avec éclairage allumé,Hors agglomération,Hors intersection,Normale,Autre collision,3,3,0,0,1,1,1,0,8,50,1,1,0,0,1,0,43.0,,voiture,,5,1,1,1,6
202200047891,2022-09-21 18:20:00,2022,9,21,18,20,01,01262,Place de la Gare,45.848065,5.057762,Plein jour,En agglomération,Giratoire,Temps éblouissant,Deux véhicules - côté,3,2,2,0,1,1,1,0,1,50,2,2,1,0,0,1,53.0,52.0,deux_roues,voiture,1,2,6,7,3
202200047892,2022-07-06 23:55:00,2022,7,6,23,55,47,47323,PRADAL,44.44703,0.73894,Nuit sans éclairage public,Hors agglomération,Hors intersection,Normale,Sans collision,3,2,2,0,1,2,1,0,1,70,1,1,0,0,1,0,19.0,,deux_roues,,3,1,1,1,7
202200047893,2022-08-15 15:00:00,2022,8,15,15,0,13,13098,D.51A,43.45538,5.00476,Plein jour,Hors agglomération,Hors intersection,Normale,Sans collision,3,2,1,0,1,3,1,0,1,80,1,1,0,0,0,1,20.0,,voiture,,1,1,1,1,7
202200047894,2022-09-22 12:30:00,2022,9,22,12,30,01,01386,route de la chartreuse,45.889254,5.371006,Plein jour,Hors agglomération,Hors intersection,Normale,Autre collision,3,2,2,0,2,1,1,0,3,80,1,1,0,0,1,0,39.0,,deux_roues,,1,1,1,1,6
202200047895,2022-02-18 21:30:00,2022,2,18,21,30,64,64348,JEAN MERMOZ,43.32272,-0.37937,Nuit avec éclairage allumé,En agglomération,Intersection en T,Pluie légère,Sans collision,4,2,2,1,1,1,2,0,1,50,2,2,1,0,0,1,,24.0,autre,deux_roues,5,2,3,2,7
202200047896,2022-06-09 15:05:00,2022,6,9,15,5,95,95051,Chaussee Jules Cesar,49.0106740929,2.1932959557,Plein jour,En agglomération,Hors intersection,Normale,Autre collision,4,2,2,0,1,1,1,0,1,-1,1,2,1,0,0,1,76.0,,voiture,,1,2,1,1,6
202200047897,2022-07-06 16:05:00,2022,7,6,16,5,47,47323,FRATERNITE(RUE DE LA ),44.40697,0.70808,Plein jour,En agglomération,Hors intersection,Normale,Autre collision,3,2,2,0,1,1,1,0,1,50,1,2,1,0,0,1,71.0,,voiture,,1,2,1,1,6
202200047898,2022-08-15 23:20:00,2022,8,15,23,20,13,13028,FRANCE (BOULEVARD ANATOLE),43.1762017989,5.6105964108,Nuit avec éclairage allumé,En agglomération,Hors intersection,Normale,Autre collision,4,2,0,0,1,1,1,0,1,50,1,2,1,0,1,0,25.0,,voiture,,5,2,1,1,6
202200047899,2022-02-18 20:10:00,2022,2,18,20,10,64,64024,ADOUR (AVENUE DE L'),43.50248,-1.49314,Nuit avec éclairage allumé,En agglomération,Hors intersection,Pluie légère,Autre collision,4,1,1,0,1,2,2,0,1,50,1,2,1,0,0,1,31.0,,voiture,,5,2,1,2,6
202200047900,2022-09-22 18:25:00,2022,9,22,18,25,33,33447,Rue de Châteaudun,45.011866,-0.050168,Plein jour,En agglomération,Hors intersection,Normale,Autre collision,4,2,2,0,1,2,1,0,3,50,1,1,0,1,0,0,14.0,,deux_roues,,1,2,1,1,6
202200047901,2022-08-15 18:50:00,2022,8,15,18,50,06,06069,SIDI BRAHIM (AVENUE),43.65167,6.92895,Plein jour,En agglomération,Hors intersection,Normale,Sans collision,5,-1,2,0,1,1,1,0,8,10,1,1,0,0,0,1,29.0,,deux_roues,,1,2,1,1,7
202200047902,2022-12-01 17:50:00,2022,12,1,17,50,58,58035,D9,47.074807,3.417698,Nuit sans éclairage public,En agglomération,Hors intersection,Normale,Deux véhicules - frontale,3,2,2,0,1,1,1,9,1,50,1,2,1,0,1,0,64.0,,voiture,,3,2,1,1,1
202200047903,2022-07-07 15:15:00,2022,7,7,15,15,45,45234,Pont du Maréchal Joffre,47.8948426355,1.895635128,Plein jour,En agglomération,Hors intersection,Normale,Deux véhicules - côté,4,2,4,0,1,1,1,2,1,50,2,2,1,0,1,0,48.0,,deux_roues,voiture,1,2,1,1,3
202200047904,2022-06-09 14:00:00,2022,6,9,14,0,95,95488,Chemin du Parc,49.01299,2.17186,Plein jour,Hors agglomération,Hors intersection,Normale,Trois véhicules et plus - en chaîne,3,2,2,0,1,2,1,0,1,70,3,4,1,0,1,2,40.0,19.0,voiture,voiture,1,1,1,1,4
202200047905,2022-02-18 14:05:00,2022,2,18,14,5,64,64024,NUMA (RUE DE),43.48992,-1.50402,Plein jour,En agglomération,Intersection en T,Normale,Deux véhicules - côté,4,2,2,0,1,1,1,0,1,30,2,2,1,0,0,1,32.0,24.0,voiture,deux_roues,1,2,3,1,3
202200047906,2022-09-22 15:00:00,2022,9,22,15,0,33,33519,Avenue de Soulac,44.921414,-0.673648,Plein jour,Hors agglomération,Intersection en X,Normale,Deux véhicules - côté,4,2,2,0,1,1,1,0,1,50,2,2,1,0,1,0,26.0,35.0,utilitaire_camion,deux_roues,1,1,2,1,3
202200047907,2022-06-09 10:44:00,2022,6,9,10,44,95,95063,RUE EDOUARD VAILLANT,48.92444,2.20889,Plein jour,En agglomération,Hors intersection,Normale,Autre collision,3,2,2,0,1,1,1,0,1,50,1,2,1,0,0,1,43.0,,utilitaire_camion,,1,2,1,1,6
202200047908,2022-08-15 13:45:00,2022,8,15,13,45,06,06069,SAINT EXUPERY (AVENUE ANTOINE DE),43.66654,6.94054,Plein jour,En agglomération,Intersection en Y,Normale,Deux véhicules - côté,4,2,2,0,1,1,1,0,8,50,2,2,1,0,1,0,19.0,29.0,deux_roues,voiture,1,2,4,1,3
202200047909,2022-09-22 06:40:00,2022,9,22,6,40,22,22274,La Lindais,48.379062,-2.018433,Crépuscule ou aube,Hors agglomération,Hors intersection,Normale,Deux véhicules - frontale,4,2,0,0,1,3,1,2,3,80,1,1,0,0,0,1,36.0,,voiture,,2,1,1,1,1
202200047910,2022-12-01 06:55:00,2022,12,1,6,55,50,50639,75 Rue Jules Tétrel,48.841587,-1.227379,Nuit sans éclairage public,En agglomération,Hors intersection,Brouillard / fumée,Autre collision,3,2,2,0,1,1,1,0,1,30,1,2,0,1,0,1,19.0,,deux_roues,,3,2,1,5,6
202200047911,2022-02-15 21:22:00,2022,2,15,21,22,63,63113,POURCHON (BD MAURICE),45.79249,3.09164,Nuit avec éclairage allumé,En agglomération,Intersection en T,Normale,Deux véhicules - côté,7,2,2,0,1,1,1,0,1,50,2,2,1,0,0,1,23.0,26.0,voiture,deux_roues,5,2,3,1,3
202200047912,2022-09-21 21:26:00,2022,9,21,21,26,59,59357,Rue de Pont-sur-sambre,50.269422,3.854227,Nuit sans éclairage public,Hors agglomération,Hors intersection,Normale,Autre collision,3,2,2,0,1,1,1,0,3,80,1,3,2,0,0,1,24.0,,voiture,,3,1,1,1,6
202200047913,2022-06-09 19:40:00,2022,6,9,19,40,91,91027,AV HENRI DUNANT,48.72188,2.40478,Plein jour,En agglomération,Giratoire,Normale,Deux véhicules - côté,3,1,2,0,1,1,1,0,1,50,2,3,0,0,0,3,36.0,32.0,voiture,deux_roues,1,2,6,1,3
202200047914,2022-08-15 13:20:00,2022,8,15,13,20,75,75112,PORTE DE VINCENNES,48.844376,2.413904,Plein jour,En agglomération,Intersection en Y,Pluie légère,Trois véhicules et plus - en chaîne,4,1,2,0,2,1,2,0,1,50,3,3,1,0,0,2,50.0,47.0,utilitaire_camion,voiture,1,2,4,2,4
202200047915,2022-07-16 16:25:00,2022,7,16,16,25,21,21208,Rue de Moloy,47.54052,4.967387,Plein jour,En agglomération,Hors intersection,Normale,Deux véhicules - frontale,3,2,2,0,1,1,1,0,1,50,2,2,1,0,0,1,39.0,47.0,voiture,utilitaire_camion,1,2,1,1,1
202200047916,2022-07-07 08:25:00,2022,7,7,8,25,45,45284,D2060 PR 92 + 915,47.92438,1.96118,Plein jour,En agglomération,Hors intersection,Normale,Trois véhicules et plus - en chaîne,3,3,4,0,1,1,1,0,1,70,6,8,7,0,0,1,38.0,47.0,voiture,voiture,1,2,1,1,4
202200047917,2022-02-18 18:30:00,2022,2,18,18,30,59,59599,MARNE (AVENUE DE LA),50.71295,3.15611,Crépuscule ou aube,En agglomération,Intersection à plus de 4 branches,Vent fort / tempête,Deux véhicules - frontale,7,3,6,1,1,1,1,0,1,50,2,3,2,0,0,1,37.0,40.0,voiture,voiture,2,2,5,6,1
202200047918,2022-09-22 10:58:00,2022,9,22,10,58,59,59212,45 rue du general de gaulle,50.644197,2.723789,Plein jour,En agglomération,Hors intersection,Normale,Autre collision,3,2,2,0,1,1,1,5,1,50,1,2,1,0,1,0,76.0,,voiture,,1,2,1,1,6
202200047919,2022-12-01 10:37:00,2022,12,1,10,37,04,04123,D4075,44.244892,5.890646,Plein jour,Hors agglomération,Hors intersection,Normale,Autre collision,3,2,2,0,2,3,1,0,3,80,1,2,1,0,1,0,38.0,,voiture,,1,1,1,1,6
202200047920,2022-07-05 18:30:00,2022,7,5,18,30,44,44184,6 Avenue Ernest Renan,47.29852,-2.18634,Plein jour,En agglomération,Hors intersection,Normale,Autre collision,4,2,2,0,1,1,1,0,1,50,1,2,1,0,1,0,21.0,,deux_roues,,1,2,1,1,6
202200047921,2022-06-09 14:30:00,2022,6,9,14,30,91,91027,RUE ANDRE LAUNAY,48.71679,2.38854,Plein jour,En agglomération,Autre intersection,Normale,Autre collision,3,1,2,0,1,1,1,5,1,50,2,3,1,0,0,2,58.0,58.0,voiture,voiture,1,2,9,1,6
202200047922,2022-08-13 15:40:00,2022,8,13,15,40,75,75112,AVENUE DAUMESNIL,48.834198,2.410764,Plein jour,En agglomération,Intersection à plus de 4 branches,Normale,Deux véhicules - côté,4,2,2,0,1,1,1,0,1,30,2,6,5,1,0,0,29.0,56.0,utilitaire_camion,deux_roues,1,2,5,1,3
202200047923,2022-12-01 13:30:00,2022,12,1,13,30,17,17218,Place Ernest Cognacq,46.308781,-0.993447,Plein jour,En agglomération,Place,Normale,Autre collision,6,-1, -1,0,1,3,1,0,1,30,1,2,1,0,0,1,73.0,,voiture,,1,2,7,1,6
202200047924,2022-02-18 19:50:00,2022,2,18,19,50,59,59183,MAGASIN GENERAL,51.0330630928,2.3684596717,Nuit avec éclairage allumé,En agglomération,Hors intersection,Vent fort / tempête,Autre collision,3,3,2,0,1,1,1,0,1,50,1,4,1,0,3,0,,,voiture,,5,2,1,6,6
202200047925,2022-07-06 10:00:00,2022,7,6,10,0,43,43157,27 Place du Breuil,45.04203,3.88406,Plein jour,En agglomération,Hors intersection,Normale,Autre collision,4,2,4,0,2,1,1,0,1,50,1,2,1,0,1,0,47.0,,voiture,,1,2,1,1,6
202200047926,2022-06-09 14:45:00,2022,6,9,14,45,91,91687,PRESIDENT KENNEDY (AVENUE DU),48.66334,2.368688,Plein jour,En agglomération,Autre intersection,Normale,Deux véhicules - arrière,4,2,1,0,1,1,1,0,1,50,2,2,1,0,0,1,35.0,25.0,voiture,voiture,1,2,9,1,2
202200047927,2022-11-30 15:00:00,2022,11,30,15,0,30,30339,l esperou,44.094249,3.548267,Plein jour,Hors agglomération,Hors intersection,Autre,Sans collision,3,2,2,0,2,4,7,0,1,80,1,1,0,0,1,0,49.0,,deux_roues,,1,1,1,9,7
202200047928,2022-02-17 03:45:00,2022,2,17,3,45,57,57631,MONTAGNE (RUE DE LA),49.1002584,7.048986,Nuit sans éclairage public,En agglomération,Hors intersection,Pluie forte,Autre collision,4,2,2,0,1,1,2,0,4,50,1,1,0,0,1,0,23.0,,voiture,,3,2,1,3,6
202200047929,2022-08-15 10:20:00,2022,8,15,10,20,75,75113,BOULEVARD DU GENERAL JEAN SIMON,48.825665,2.382067,Plein jour,En agglomération,Intersection en X,Normale,Deux véhicules - côté,4,3,5,1,1,1,1,-1,5,30,2,2,1,0,0,1,25.0,60.0,utilitaire_camion,deux_roues,1,2,2,1,3
202200047930,2022-11-29 19:55:00,2022,11,29,19,55,30,30212,,43.94738,4.55938,Nuit sans éclairage public,Hors agglomération,Hors intersection,Normale,Autre collision,3,2,2,0,1,1,1,0,3,80,1,1,0,0,1,0,22.0,,deux_roues,,3,1,1,1,6
202200047931,2022-09-21 21:18:00,2022,9,21,21,18,83,83062,A57,43.14648,6.03198,Nuit sans éclairage public,Hors agglomération,Hors intersection,Normale,Deux véhicules - arrière,1,3,4,0,1,1,1,0,1,110,2,4,3,0,0,1,30.0,75.0,voiture,voiture,3,1,1,1,2
202200047932,2022-07-08 09:45:00,2022,7,8,9,45,42,42218,Boulevard Valbenoite,45.42401,4.39744,Plein jour,En agglomération,Intersection en X,Normale,Autre collision,4,1,2,0,1,1,1,0,1,50,1,2,1,0,0,1,27.0,,voiture,,1,2,2,1,6
202200047933,2022-08-15 17:00:00,2022,8,15,17,0,75,75112,AVENUE DE NOGENT,48.841373,2.451054,Plein jour,En agglomération,Hors intersection,Normale,Autre collision,4,2,4,1,1,1,2,0,1,50,1,2,1,0,0,1,34.0,,voiture,,1,2,1,1,6
202200047934,2022-06-05 01:10:00,2022,6,5,1,10,89,89024,BRAZZA (RUE DE),47.80106,3.58132,Nuit avec éclairage allumé,En agglomération,Intersection en X,Normale,Deux véhicules - côté,2,2,3,0,1,1,1,0,1,50,2,4,3,0,1,0,37.0,53.0,voiture,voiture,5,2,2,1,3
202200047935,2022-06-24 11:15:00,2022,6,24,11,15,42,42218,Rue Charles de Gaulle,45.44673,4.38497,Plein jour,En agglomération,Hors intersection,Pluie légère,Autre collision,4,2,2,3,1,1,2,9,6,50,1,2,1,0,0,1,36.0,,voiture,,1,2,1,2,6
202200047936,2022-09-22 16:25:00,2022,9,22,16,25,69,69266,Boulevard Périphérique Laurent Bonnevay ,45.75881,4.90929,Plein jour,Hors agglomération,Hors intersection,Normale,Deux véhicules - arrière,7,2,8,0,1,1,1,0,1,70,2,2,1,0,1,0,27.0,46.0,voiture,deux_roues,1,1,1,1,2
202200047937,2022-11-19 11:10:00,2022,11,19,11,10,35,35352,D173,48.048595,-1.608403,Plein jour,Hors agglomération,Hors intersection,Normale,Deux véhicules - arrière,7,3,4,0,1,1,1,0,1,70,2,4,3,0,0,1,31.0,29.0,voiture,voiture,1,1,1,1,2
202200047938,2022-02-05 12:50:00,2022,2,5,12,50,57,57019,FERME (RUE DE LA VIEILLE),49.25814,6.13434,Plein jour,En agglomération,Intersection en Y,Normale,Deux véhicules - frontale,4,2,2,0,1,1,1,0,1,50,2,6,2,0,0,4,52.0,38.0,voiture,voiture,1,2,4,1,1
202200047939,2022-06-08 14:36:00,2022,6,8,14,36,88,88209,EPINAL (RUE D'),48.19567,6.4377,Plein jour,En agglomération,Autre intersection,Pluie légère,Deux véhicules - côté,3,2,2,0,1,1,2,0,1,50,2,2,1,0,1,0,30.0,58.0,voiture,deux_roues,1,2,9,2,3
202200047940,2022-08-15 11:55:00,2022,8,15,11,55,75,75110,BOULEVARD DE LA VILLETTE,48.873639,2.375016,Plein jour,En agglomération,Intersection en X,Normale,Deux véhicules - arrière,4,1,2,1,1,1,1,0,1,30,2,2,1,0,0,1,36.0,65.0,deux_roues,voiture,1,2,2,1,2
202200047941,2022-09-17 03:00:00,2022,9,17,3,0,57,57221,Autoroute A31,49.3467502903,6.1122769117,Nuit sans éclairage public,Hors agglomération,Hors intersection,Normale,Deux véhicules - arrière,1,3,4,0,1,2,1,3,1,90,2,2,1,0,0,1,52.0,32.0,voiture,voiture,3,1,1,1,2
202200047942,2022-11-30 07:30:00,2022,11,30,7,30,35,35210,D288,48.136799,-1.771889,Crépuscule ou aube,Hors agglomération,Giratoire,Normale,Deux véhicules - côté,7,2,2,0,1,3,1,9,1,50,2,2,1,0,1,0,55.0,49.0,utilitaire_camion,deux_roues,2,1,6,1,3
202200047943,2022-06-13 23:05:00,2022,6,13,23,5,42,42187,Avenue Centrale,46.06708,4.07887,Nuit avec éclairage allumé,En agglomération,Intersection en X,Normale,Deux véhicules - côté,4,2,2,0,1,1,1,0,1,50,2,2,0,0,1,1,43.0,19.0,voiture,voiture,5,2,2,1,3
202200047944,2022-02-16 08:00:00,2022,2,16,8,0,56,56098,RUE DU BOIS DE ST-NUDEC,47.780691,-3.308816,Nuit sans éclairage public,Hors agglomération,Intersection en T,Pluie légère,Autre collision,4,2,2,0,1,1,2,8,1,30,1,1,0,0,0,1,21.0,,deux_roues,,3,1,3,2,6
202200047945,2022-06-08 13:50:00,2022,6,8,13,50,87,87085,BEAUBREUIL (AVENUE DE),45.88089,1.29463,Plein jour,En agglomération,Giratoire,Normale,Sans collision,4,1,3,3,1,2,1,5,1,50,1,2,1,0,0,1,35.0,,transport_commun,,1,2,6,1,7
202200047946,2022-08-14 14:30:00,2022,8,14,14,30,75,75107,PONT DE LA CONCORDE,48.864067,2.320126,Plein jour,En agglomération,Intersection en X,Pluie légère,Deux véhicules - côté,4,-1,3,0,1,1,2,0,1,30,2,3,2,0,0,1,48.0,48.0,voiture,deux_roues,1,2,2,2,3
202200047947,2022-12-01 08:12:00,2022,12,1,8,12,42,42279,Place de la Tranchardière,45.50799,4.269395,Crépuscule ou aube,En agglomération,Intersection en T,Normale,Deux véhicules - côté,4,2,2,0,2,3,1,0,1,50,2,2,1,0,1,0,47.0,10.0,voiture,deux_roues,2,2,3,1,3
202200047948,2022-02-17 16:15:00,2022,2,17,16,15,54,54498,RD 674,48.7203381376,6.2670564651,Plein jour,En agglomération,Hors intersection,Normale,Deux véhicules - arrière,4,2,2,0,1,1,1,0,1,50,2,2,0,0,1,1,51.0,28.0,voiture,deux_roues,1,2,1,1,2
202200047949,2022-06-08 12:20:00,2022,6,8,12,20,86,86194,Boulevard Chasseigne,46.590062,0.3454846,Plein jour,En agglomération,Hors intersection,Normale,Autre collision,4,3,4,0,1,1,1,0,1,50,1,2,1,0,0,1,24.0,,voiture,,1,2,1,1,6
202200047950,2022-09-22 08:55:00,2022,9,22,8,55,33,33119,ROUTE NATIONALE 230,44.853072,-0.505091,Plein jour,Hors agglomération,Hors intersection,Normale,Trois véhicules et plus - en chaîne,2,3,6,0,1,1,1,0,1,90,3,3,1,0,0,2,30.0,38.0,utilitaire_camion,voiture,1,1,1,1,4
202200047951,2022-06-09 16:55:00,2022,6,9,16,55,42,42187,Boulevard Jean-baptiste Clément,46.0483414902,4.0866325371,Plein jour,En agglomération,Autre intersection,Normale,Deux véhicules - côté,4,2,4,0,1,1,1,0,1,50,2,2,1,0,1,0,56.0,51.0,autre,deux_roues,1,2,9,1,3
202200047952,2022-08-14 23:30:00,2022,8,14,23,30,94,94077,REPUBLIQUE (VLA DE LA),48.731059,2.418415,Nuit avec éclairage allumé,En agglomération,Giratoire,Pluie légère,Deux véhicules - arrière,3,-1,1,0,2,3,2,5,1,50,2,2,1,0,1,0,31.0,41.0,voiture,deux_roues,5,2,6,2,2
202200047953,2022-11-30 17:55:00,2022,11,30,17,55,77,77001,"Autoroute A6, Pk 57+700 direction Paris",48.36423,2.5708,Nuit sans éclairage public,Hors agglomération,Autre intersection,Normale,Deux véhicules - arrière,1,3,5,0,1,1,1,9,6,130,2,2,1,0,0,1,50.0,48.0,voiture,utilitaire_camion,3,1,9,1,2