accident_id,datetime,annee,mois,jour,heure,minute,departement,commune_insee,adresse,latitude,longitude,luminosite,agglomeration,intersection,meteo,collision,catr,circ,nbv,vosp,prof,plan,surf,infra,situ,vma,nb_vehicules,nb_usagers,nb_indemnes,nb_tues,nb_blesses_hosp,nb_blesses_legers,age_cond_1,age_cond_2,veh_type_cond_1,veh_type_cond_2,lum_code,agg_code,int_code,atm_code,col_code
202200047954,2022-02-18 10:00:00,2022,2,18,10,0,45,45284,Avenue Denis Papin,47.9174475872,1.9514223933,Plein jour,En agglomération,Hors intersection,Pluie légère,Deux véhicules - côté,4,2,2,0,1,2,2,0,1,50,2,2,1,0,0,1,19.0,64.0,voiture,voiture,1,2,1,2,3
202200047955,2022-09-19 02:30:00,2022,9,19,2,30,33,33249,ROCADE A 630,44.883721,-0.519979,Nuit avec éclairage allumé,Hors agglomération,Hors intersection,Normale,Deux véhicules - côté,1,3,6,0,1,2,1,0,1,90,2,2,1,0,0,1,26.0,20.0,voiture,voiture,5,1,1,1,3
202200047956,2022-08-15 01:30:00,2022,8,15,1,30,93,93055,Avenue Jean Lolive,48.8906607029,2.4003671046,Nuit avec éclairage allumé,En agglomération,Hors intersection,Normale,Autre collision,3,2,2,0,1,1,1,0,1,50,1,2,0,0,2,0,33.0,,voiture,,5,2,1,1,6
202200047957,2022-11-29 05:55:00,2022,11,29,5,55,987,98725,PK 11.3,-17.558006,-149.475984,Crépuscule ou aube,En agglomération,Hors intersection,Normale,Deux véhicules - côté,2,2,2,0,1,1,1,0,1,-1,2,3,1,0,1,1,35.0,20.0,deux_roues,utilitaire_camion,2,2,1,1,3
202200047958,2022-06-09 15:30:00,2022,6,9,15,30,83,83069,COSTEBELLE (MONTEE DE),43.10787,6.12188,Plein jour,En agglomération,Hors intersection,Vent fort / tempête,Deux véhicules - côté,4,1,1,0,2,3,1,0,1,50,2,2,1,0,0,1,50.0,47.0,voiture,deux_roues,1,2,1,6,3
202200047959,2022-02-18 10:35:00,2022,2,18,10,35,37,37261,BELVEDERE (RUE DU),47.3864626212,0.6860118359,Plein jour,En agglomération,Intersection en X,Normale,Deux véhicules - côté,4,1,1,0,1,1,2,0,1,50,2,2,1,0,0,1,21.0,70.0,voiture,voiture,1,2,2,1,3
202200047960,2022-07-08 23:20:00,2022,7,8,23,20,41,41018,TOURVILLE (RUE DU MARECHAL DE),47.59236,1.30811,Nuit avec éclairage allumé,En agglomération,Hors intersection,Normale,Sans collision,4,2,2,0,1,1,1,0,1,30,1,1,0,0,0,1,34.0,,deux_roues,,5,2,1,1,7
202200047961,2022-09-22 16:30:00,2022,9,22,16,30,92,92019,RN 385 Extèrieure,48.7598940918,2.278336862,Plein jour,Hors agglomération,Hors intersection,Normale,Trois véhicules et plus - en chaîne,2,-1,2,0,1,1,1,0,1,90,3,3,2,0,0,1,37.0,23.0,voiture,voiture,1,1,1,1,4
202200047962,2022-09-08 12:00:00,2022,9,8,12,0,77,77382,D436,48.90398,2.879748,Plein jour,En agglomération,Hors intersection,Pluie légère,Deux véhicules - côté,3,2,2,0,2,1,2,0,1,50,2,2,1,0,1,0,24.0,44.0,voiture,deux_roues,1,2,1,2,3
202200047963,2022-02-18 13:55:00,2022,2,18,13,55,35,35238,VOLTAIRE (BD),48.1050592427,-1.6942327917,Plein jour,En agglomération,Hors intersection,Normale,Autre collision,4,2,3,0,1,1,1,0,1,50,1,2,1,0,0,1,76.0,,voiture,,1,2,1,1,6
202200047964,2022-05-06 07:35:00,2022,5,6,7,35,82,82033,PONTINAUT (ROUTE DU),44.041671,1.12914,Plein jour,Hors agglomération,Hors intersection,Normale,Deux véhicules - frontale,4,2,2,0,1,3,1,0,1,80,2,2,1,0,1,0,32.0,26.0,voiture,deux_roues,1,1,1,1,1
202200047965,2022-07-08 20:40:00,2022,7,8,20,40,38,38185,RUE DE STALINGRAD,45.17097,5.72376,Plein jour,En agglomération,Intersection en T,Normale,Deux véhicules - côté,4,2, -1,1,1,2,1,0,1,50,2,2,1,0,0,1,,23.0,voiture,deux_roues,1,2,3,1,3
202200047966,2022-08-15 12:30:00,2022,8,15,12,30,92,92051,"CHARLES DE GAULLE (AVENUE, N° 18 A 116)",48.8813097763,2.2715751529,Plein jour,En agglomération,Autre intersection,Temps couvert,Trois véhicules et plus - en chaîne,2,3,6,0,1,1,1,9,1,70,3,3,2,0,0,1,39.0,41.0,voiture,voiture,1,2,9,8,4
202200047967,2022-02-17 12:07:00,2022,2,17,12,7,34,34032,CLEMENCEAU GEORGES (AVENUE),43.3458,3.21668,Plein jour,En agglomération,Hors intersection,Normale,Sans collision,4,2,3,0,1,1,1,0,1,50,1,2,0,0,1,1,20.0,,deux_roues,,1,2,1,1,7
202200047968,2022-06-09 07:00:00,2022,6,9,7,0,78,78498,ROBESPIERRE BD,48.93521,2.05936,Plein jour,En agglomération,Hors intersection,Temps éblouissant,Autre collision,3,2,2,0,1,1,1,0,1,30,1,2,1,0,0,1,38.0,,utilitaire_camion,,1,2,1,7,6
202200047969,2022-12-01 14:10:00,2022,12,1,14,10,91,91338,D838,48.654827,2.069488,Plein jour,Hors agglomération,Autre intersection,Temps couvert,Deux véhicules - frontale,3,2,2,0,1,1,1,0,1,80,2,2,0,1,1,0,59.0,64.0,voiture,voiture,1,1,9,8,1
202200047970,2022-09-22 08:10:00,2022,9,22,8,10,91,91103,RN 104,48.62328,2.29523,Plein jour,Hors agglomération,Hors intersection,Normale,Trois véhicules et plus - collisions multiples,2,1,2,0,1,1,1,0,1,110,3,3,2,1,0,0,20.0,45.0,utilitaire_camion,transport_commun,1,1,1,1,5
202200047971,2022-07-06 17:10:00,2022,7,6,17,10,38,38185,RUE ANDRÉ MAGINOT,45.18197,5.72491,Crépuscule ou aube,En agglomération,Hors intersection,Normale,Deux véhicules - côté,4,2,2,0,1,1,1,0,1,50,2,2,1,0,0,1,57.0,37.0,voiture,deux_roues,2,2,1,1,3
202200047972,2022-08-15 14:35:00,2022,8,15,14,35,92,92020,CORDIER RUE ESTHER,48.8069670221,2.2935676575,Plein jour,En agglomération,Intersection en X,Normale,Autre collision,3,2, -1,-1,1,1,1,0,1,-1,1,1,0,0,0,1,89.0,,voiture,,1,2,2,1,6
202200047973,2022-06-09 17:20:00,2022,6,9,17,20,76,76540,Rue d'Emendreville,49.42904,1.09518,Plein jour,En agglomération,Hors intersection,Normale,Autre collision,4,1,1,0,1,1,1,0,4,30,1,2,1,0,1,0,70.0,,voiture,,1,2,1,1,6
202200047974,2022-02-16 20:53:00,2022,2,16,20,53,33,33318,Avenue du Maréchal de Lattre de Tassigny (rd),44.7823478023,-0.6889736652,Nuit avec éclairage allumé,En agglomération,Intersection en X,Normale,Deux véhicules - côté,4,2,5,1,1,1,1,5,1,50,2,2,1,0,0,1,50.0,24.0,voiture,voiture,5,2,2,1,3
202200047975,2022-12-01 17:20:00,2022,12,1,17,20,2B,2B148,Strada Di a Canonica,42.545157,9.448781,Nuit avec éclairage allumé,En agglomération,Hors intersection,Normale,Deux véhicules - frontale,3,2,2,0,1,1,1,0,1,50,2,2,1,0,1,0,39.0,58.0,deux_roues,voiture,5,2,1,1,1
202200047976,2022-07-06 11:20:00,2022,7,6,11,20,38,38179,D524,45.16543,5.80087,Plein jour,Hors agglomération,Hors intersection,Normale,Autre collision,7,4,2,0,2,1,1,0,1,70,1,2,1,0,1,0,76.0,,voiture,,1,1,1,1,6
202200047977,2022-09-22 08:15:00,2022,9,22,8,15,78,78551,A14,48.912512,2.105261,Plein jour,Hors agglomération,Hors intersection,Normale,Trois véhicules et plus - en chaîne,1,1,2,0,1,1,1,1,1,90,3,3,2,0,0,1,26.0,48.0,utilitaire_camion,voiture,1,1,1,1,4
202200047978,2022-07-05 12:30:00,2022,7,5,12,30,37,37122,VERDUN (RUE DE),47.3417451356,0.663914457,Plein jour,En agglomération,Hors intersection,Normale,Sans collision,4,2,2,0,1,1,1,0,1,50,1,1,0,1,0,0,68.0,,voiture,,1,2,1,1,7
202200047979,2022-06-09 06:55:00,2022,6,9,6,55,74,74298,BONNEVILLE (ROUTE DE ),46.17205,6.252,Plein jour,Hors agglomération,Hors intersection,Pluie légère,Deux véhicules - côté,3,2,2,0,1,1,2,0,1,50,2,2,1,0,0,1,28.0,41.0,voiture,deux_roues,1,1,1,2,3
202200047980,2022-08-14 11:45:00,2022,8,14,11,45,92,92062,BOULEVARD CIRCULAIRE,48.8941219961,2.2373051047,Plein jour,En agglomération,Intersection en Y,Autre,Deux véhicules - côté,3,1,4,0,1,1,1,0,1,50,2,4,3,0,0,1,65.0,82.0,deux_roues,voiture,1,2,4,9,3
202200047981,2022-02-17 20:25:00,2022,2,17,20,25,33,33039,Rue Ferdinand Buisson,44.80419,-0.55847,Nuit avec éclairage allumé,En agglomération,Intersection en X,Normale,Deux véhicules - côté,4,2,2,0,1,1,2,0,1,50,2,2,1,0,0,1,24.0,45.0,voiture,deux_roues,5,2,2,1,3
202200047982,2022-11-29 12:45:00,2022,11,29,12,45,66,66069,,42.803963,2.838491,Plein jour,Hors agglomération,Intersection en T,Normale,Deux véhicules - côté,3,2,2,0,2,3,1,0,1,80,2,2,1,0,0,1,86.0,35.0,voiture,deux_roues,1,1,3,1,3
202200047983,2022-09-21 19:35:00,2022,9,21,19,35,92,92004,RN315 W,48.9149443909,2.3096857048,Crépuscule ou aube,Hors agglomération,Hors intersection,Normale,Trois véhicules et plus - en chaîne,2,1,1,0,1,1,1,0,1,90,4,4,3,0,0,1,31.0,44.0,voiture,voiture,2,1,1,1,4
202200047984,2022-06-09 20:10:00,2022,6,9,20,10,73,73065,D991 AIX LES BAINS (AVENUE D'),45.585798,5.923287,Plein jour,En agglomération,Giratoire,Temps couvert,Autre collision,3,2,2,2,2,1,1,5,1,50,1,2,1,0,1,0,17.0,,deux_roues,,1,2,6,8,6
202200047985,2022-07-07 10:25:00,2022,7,7,10,25,37,37261,CHAUDRON (RUE DU),47.40672,0.70553,Plein jour,En agglomération,Hors intersection,Normale,Deux véhicules - côté,4,1,2,0,1,1,1,0,4,50,2,2,1,0,0,1,38.0,28.0,deux_roues,voiture,1,2,1,1,3
202200047986,2022-08-15 17:40:00,2022,8,15,17,40,92,92024,GENERAL LECLERC (BD DU) (9 A 59)   (4 A,48.9034539645,2.3125740588,Plein jour,En agglomération,Hors intersection,Normale,Deux véhicules - arrière,3,3,2,0,1,1,1,0,1,50,2,2,1,0,0,1,55.0,55.0,deux_roues,transport_commun,1,2,1,1,2
202200047987,2022-11-30 16:00:00,2022,11,30,16,0,66,66182,,42.7283418459,3.0152159929,Plein jour,En agglomération,Hors intersection,Normale,Sans collision,3,2,2,0,1,1,1,0,1,50,1,2,1,0,1,0,69.0,,voiture,,1,2,1,1,7
202200047988,2022-02-17 15:23:00,2022,2,17,15,23,33,33063,Avenue Thiers,44.84339,-0.55452,Plein jour,En agglomération,Hors intersection,Pluie légère,Autre collision,4,2,4,0,1,1,2,8,1,50,1,4,3,0,0,1,45.0,,utilitaire_camion,,1,2,1,2,6
202200047989,2022-06-09 09:40:00,2022,6,9,9,40,71,71040,5 Rue André Gide,46.6891,4.38744,Plein jour,En agglomération,Hors intersection,Temps couvert,Sans collision,4,2,2,0,1,1,2,0,1,50,1,1,0,0,0,1,15.0,,deux_roues,,1,2,1,8,7
202200047990,2022-09-21 18:30:00,2022,9,21,18,30,92,92036,AUTOROUTE A15,48.9465157059,2.2827709006,Plein jour,Hors agglomération,Hors intersection,Normale,Deux véhicules - arrière,1,3,8,0,1,1,1,0,1,90,2,2,1,0,0,1,48.0,26.0,deux_roues,utilitaire_camion,1,1,1,1,2
202200047991,2022-07-07 06:50:00,2022,7,7,6,50,37,37261,AEROPORT (RUE DE L'),47.42472,0.71208,Plein jour,En agglomération,Giratoire,Normale,Deux véhicules - côté,7,1,2,0,1,1,1,0,1,50,2,2,1,0,0,1,34.0,29.0,deux_roues,voiture,1,2,6,1,3
202200047992,2022-08-15 18:30:00,2022,8,15,18,30,44,44180,17 Rue de la Vigne,47.519693,-1.187623,Plein jour,En agglomération,Hors intersection,Normale,Autre collision,4,2,2,0,2,3,1,0,3,50,1,3,0,0,3,0,92.0,,voiture,,1,2,1,1,6
202200047993,2022-12-01 14:15:00,2022,12,1,14,15,34,34165,D2,43.510682,3.683392,Plein jour,Hors agglomération,Hors intersection,Normale,Deux véhicules - frontale,3,2,2,0,1,3,1,0,1,80,2,3,0,1,1,1,29.0,44.0,voiture,voiture,1,1,1,1,1
202200047994,2022-02-18 16:00:00,2022,2,18,16,0,31,31555,AV ALBERT BEDOUCE,43.5804,1.46092,Plein jour,En agglomération,Hors intersection,Normale,Autre collision,4,2,2,0,1,1,1,8,1,50,1,2,1,0,0,1,43.0,,utilitaire_camion,,1,2,1,1,6
202200047995,2022-07-05 15:00:00,2022,7,5,15,0,37,37195,HAUTES MARCHES (RUE DES),47.3858819554,0.657736659,Plein jour,En agglomération,Hors intersection,Normale,Autre collision,4,2,2,0,1,1,1,0,1,50,1,1,0,0,0,1,13.0,,deux_roues,,1,2,1,1,6
202200047996,2022-12-01 08:30:00,2022,12,1,8,30,13,13107,Route de Mimet,43.429081,5.457855,Plein jour,Hors agglomération,Hors intersection,Normale,Deux véhicules - frontale,7,2,2,0,1,4,1,0,8,70,1,1,0,0,1,0,35.0,,voiture,,1,1,1,1,1
202200047997,2022-06-08 13:40:00,2022,6,8,13,40,71,71270,CORPS EXPEDITIONNAIRE FRANCAIS EN ITALIE,46.32883,4.83944,Plein jour,En agglomération,Intersection en T,Normale,Deux véhicules - côté,4,2,2,0,1,1,1,0,1,50,2,3,2,0,0,1,15.0,72.0,deux_roues,voiture,1,2,3,1,3
202200047998,2022-09-21 18:20:00,2022,9,21,18,20,93,93030,AUTOROUTE A1,48.9393811589,2.4190314011,Plein jour,Hors agglomération,Hors intersection,Normale,Trois véhicules et plus - en chaîne,1,3,9,0,2,1,1,0,1,90,3,3,2,0,0,1,32.0,30.0,utilitaire_camion,voiture,1,1,1,1,4
202200047999,2022-08-16 08:35:00,2022,8,16,8,35,67,67535,"D919,",48.903969,7.437294,Plein jour,Hors agglomération,Hors intersection,Normale,Deux véhicules - frontale,3,2,2,0,1,1,1,0,1,80,2,4,0,0,1,3,66.0,22.0,voiture,voiture,1,1,1,1,1
202200048000,2022-02-18 11:00:00,2022,2,18,11,0,30,30007,Avenue Maurice Thorez,44.13882,4.08455,Plein jour,En agglomération,Giratoire,Normale,Deux véhicules - arrière,4,1,2,0,1,2,1,0,1,30,2,2,1,0,0,1,55.0,,deux_roues,autre,1,2,6,1,2
202200048001,2022-12-01 18:45:00,2022,12,1,18,45,89,89257,2 Avenue Marcellin Berthelot,47.96414,3.512823,Nuit avec éclairage allumé,En agglomération,Hors intersection,Normale,Sans collision,4,2,2,0,4,1,1,0,1,50,1,1,0,0,0,1,32.0,,deux_roues,,5,2,1,1,7
202200048002,2022-06-09 22:15:00,2022,6,9,22,15,69,69266,Boulevard du 11 Novembre 1918,45.779,4.8652,Nuit sans éclairage public,En agglomération,Intersection en X,Normale,Autre collision,4,2,4,3,1,1,1,9,1,50,1,1,0,0,1,0,30.0,,deux_roues,,3,2,2,1,6
202200048003,2022-06-13 10:00:00,2022,6,13,10,0,37,37214,LOIRE (QUAI DE LA),47.3992515357,0.673840642,Plein jour,En agglomération,Hors intersection,Normale,Deux véhicules - côté,4,2,3,2,1,1,1,0,1,50,2,2,1,0,0,1,27.0,22.0,voiture,deux_roues,1,2,1,1,3
202200048004,2022-09-21 09:40:00,2022,9,21,9,40,93,93005,AUTOROUTE A3,48.9538445287,2.4735206786,Plein jour,Hors agglomération,Hors intersection,Normale,Deux véhicules - arrière,1,3,6,0,1,1,1,0,1,90,2,2,1,0,0,1,24.0,40.0,voiture,voiture,1,1,1,1,2
202200048005,2022-08-14 11:00:00,2022,8,14,11,0,17,17094,Avenue d Angoulins,46.087955,-1.096498,Plein jour,En agglomération,Hors intersection,Normale,Deux véhicules - frontale,3,2,2,1,1,3,1,0,5,-1,2,2,1,0,0,1,36.0,,deux_roues,deux_roues,1,2,1,1,1
202200048006,2022-02-17 10:06:00,2022,2,17,10,6,29,29232,D34 - Moulin des Landes,47.96568,-4.08409,Plein jour,Hors agglomération,Intersection en T,Normale,Autre collision,3,2,2,0,1,1,1,8,1,70,1,2,1,0,0,1,50.0,,utilitaire_camion,,1,1,3,1,6
202200048007,2022-10-31 15:20:00,2022,10,31,15,20,88,88270,D427,48.322381,5.576581,Plein jour,En agglomération,Hors intersection,Normale,Deux véhicules - arrière,3,2,2,0,1,1,1,0,1,50,2,2,0,0,0,2,39.0,72.0,deux_roues,deux_roues,1,2,1,1,2
202200048008,2022-07-10 16:15:00,2022,7,10,16,15,35,35238,BOSPHORE (DU),48.0828120748,-1.6768527031,Plein jour,En agglomération,Hors intersection,Normale,Autre collision,4,1,2,0,1,1,1,0,1,30,1,1,0,0,0,1,46.0,,voiture,,1,2,1,1,6
202200048009,2022-06-09 23:30:00,2022,6,9,23,30,69,69290,Avenue Pierre Cot,45.70731,4.89834,Nuit avec éclairage allumé,En agglomération,Hors intersection,Normale,Autre collision,4,2,2,0,1,1,1,0,1,50,1,1,0,0,0,1,27.0,,deux_roues,,5,2,1,1,6
202200048010,2022-09-21 06:38:00,2022,9,21,6,38,63,63113,PAULINES (AVENUE DES),45.77547,3.09622,Crépuscule ou aube,En agglomération,Hors intersection,Normale,Autre collision,4,2,4,0,1,1,1,0,1,30,1,2,1,0,0,1,,,voiture,,2,2,1,1,6
202200048011,2022-08-15 07:45:00,2022,8,15,7,45,28,28273,Autoroute Oceane - A11,48.216038,0.950575,Crépuscule ou aube,Hors agglomération,Hors intersection,Pluie légère,Deux véhicules - frontale,1,2,3,0,1,1,2,0,3,110,1,2,1,0,1,0,19.0,,voiture,,2,1,1,2,1
202200048012,2022-11-27 17:50:00,2022,11,27,17,50,33,33165,Route de Maison Rouge,44.822741,-0.427721,Crépuscule ou aube,En agglomération,Hors intersection,Pluie légère,Autre collision,4,2,2,0,2,2,2,0,3,50,1,1,0,0,1,0,62.0,,voiture,,2,2,1,2,6
202200048013,2022-09-21 12:40:00,2022,9,21,12,40,27,27229,QUATORZE JUILLET (BOULEVARD),49.012,1.168,Plein jour,En agglomération,Hors intersection,Normale,Autre collision,4,1,2,0,1,1,1,0,1,50,1,2,1,0,0,1,60.0,,voiture,,1,2,1,1,6
202200048014,2022-06-09 19:05:00,2022,6,9,19,5,69,69256,Rue des Frères Bertrand,45.78548,4.91292,Plein jour,En agglomération,Hors intersection,Normale,Deux véhicules - côté,4,2,2,0,1,1,1,0,1,50,2,3,1,0,0,2,26.0,50.0,voiture,deux_roues,1,2,1,1,3
202200048015,2022-08-16 19:15:00,2022,8,16,19,15,68,68162,39 Route du Vin,48.137967,7.268672,Crépuscule ou aube,En agglomération,Hors intersection,Normale,Sans collision,3,2,2,0,1,1,1,0,1,50,1,1,0,0,0,1,74.0,,deux_roues,,2,2,1,1,7
202200048016,2022-12-01 18:50:00,2022,12,1,18,50,27,27540,Route de Gasny,49.083206,1.585432,Nuit avec éclairage allumé,En agglomération,Hors intersection,Normale,Autre collision,3,2,2,0,1,1,1,0,1,50,1,2,1,0,0,1,21.0,,voiture,,5,2,1,1,6
202200048017,2022-07-09 12:30:00,2022,7,9,12,30,35,35238,N136,48.0827792311,-1.6978441292,Plein jour,Hors agglomération,Hors intersection,Normale,Deux véhicules - arrière,2,3,4,0,1,2,1,0,1,90,2,4,3,0,0,1,79.0,19.0,voiture,voiture,1,1,1,1,2
202200048018,2022-09-21 09:00:00,2022,9,21,9,0,31,31483,CRETES (AVENUE DES),43.13257,0.70364,Plein jour,En agglomération,Hors intersection,Normale,Autre collision,3,2,2,0,1,1,1,0,1,50,1,2,1,0,0,1,,,utilitaire_camion,,1,2,1,1,6
202200048019,2022-02-18 15:15:00,2022,2,18,15,15,17,17300,GUITON   AVENUE JEAN (167-341),46.16084,-1.18843,Plein jour,En agglomération,Hors intersection,Normale,Deux véhicules - côté,4,2,2,0,1,1,1,0,1,50,2,2,1,0,0,1,83.0,72.0,voiture,voiture,1,2,1,1,3
202200048020,2022-08-13 17:10:00,2022,8,13,17,10,11,11172,RD 610,43.2654473457,2.7181726411,Plein jour,Hors agglomération,Hors intersection,Normale,Deux véhicules - arrière,3,2,2,0,1,1,1,0,1,80,2,2,1,0,1,0,26.0,40.0,deux_roues,utilitaire_camion,1,1,1,1,2
202200048021,2022-06-09 16:43:00,2022,6,9,16,43,69,69266,Place Jules Grandclément,45.7593,4.8903,Plein jour,En agglomération,Intersection en X,Temps éblouissant,Deux véhicules - côté,4,2,2,2,1,3,1,0,1,50,2,3,0,0,0,1,,,deux_roues,autre,1,2,2,7,3
202200048022,2022-11-16 12:30:00,2022,11,16,12,30,27,27016,Chemin des Bas Viviers,49.244245,1.404013,Plein jour,En agglomération,Intersection en T,Normale,Deux véhicules - côté,4,2,2,0,1,1,1,0,1,-1,2,2,1,0,0,1,47.0,49.0,deux_roues,voiture,1,2,3,1,3
202200048023,2022-09-21 07:30:00,2022,9,21,7,30,92,92012,GENERAL LECLERC (AVENUE DU) 35/FIN - 60/,48.8308207641,2.2342586517,Plein jour,En agglomération,Hors intersection,Normale,Deux véhicules - arrière,3,1,3,0,1,1,1,0,1,50,2,2,0,0,0,1,,38.0,utilitaire_camion,autre,1,2,1,1,2
202200048024,2022-08-15 22:10:00,2022,8,15,22,10,41,41256,Autoroute A71,47.350094,2.04939,Nuit avec éclairage allumé,Hors agglomération,Hors intersection,Normale,Autre collision,1,1,4,0,1,1,1,9,1,130,1,2,1,0,0,1,79.0,,voiture,,5,1,1,1,6
202200048025,2022-02-18 13:00:00,2022,2,18,13,0,13,13206,VINCENT DELPUECH (BOULEVARD),43.28288,5.39242,Plein jour,En agglomération,Autre intersection,Normale,Deux véhicules - côté,4,1,2,0,1,2,1,9,8,30,2,2,1,0,0,1,40.0,65.0,voiture,deux_roues,1,2,9,1,3
202200048026,2022-07-09 10:30:00,2022,7,9,10,30,35,35189,RD 137,48.1491996034,-1.6994516551,Plein jour,Hors agglomération,Hors intersection,Normale,Trois véhicules et plus - collisions multiples,7,3,6,0,1,1,1,0,1,110,3,3,1,0,0,2,83.0,66.0,voiture,voiture,1,1,1,1,5
202200048027,2022-06-08 16:40:00,2022,6,8,16,40,69,69264,Boulevard Louis Blanc,45.9896424331,4.721609498,Plein jour,En agglomération,Intersection en Y,Temps couvert,Deux véhicules - arrière,4,2,2,1,2,1,2,0,1,50,2,2,1,0,0,1,23.0,15.0,voiture,deux_roues,1,2,4,8,2
202200048028,2022-12-01 18:00:00,2022,12,1,18,0,60,60148,D19,49.125566,2.848803,Nuit sans éclairage public,Hors agglomération,Hors intersection,Normale,Deux véhicules - côté,3,2,2,0,1,1,1,0,1,80,2,2,1,0,0,1,35.0,42.0,voiture,voiture,3,1,1,1,3
202200048029,2022-07-08 19:10:00,2022,7,8,19,10,35,35281,VALLES (RUE JULES),48.06413,-1.725809,Plein jour,En agglomération,Hors intersection,Normale,Autre collision,4,2,2,0,1,1,1,0,3,50,1,1,0,0,0,1,21.0,,utilitaire_camion,,1,2,1,1,6
202200048030,2022-09-21 07:07:00,2022,9,21,7,7,63,63113,COTE BLATIN (BD),45.768,3.08662,Plein jour,En agglomération,Intersection en X,Normale,Autre collision,4,1,3,0,1,1,1,0,1,50,1,2,1,0,0,1,48.0,,voiture,,1,2,2,1,6
202200048031,2022-02-18 08:35:00,2022,2,18,8,35,13,13214,PLOMBIERES (BOULEVARD DES),43.3181437143,5.3802709464,Plein jour,En agglomération,Hors intersection,Normale,Deux véhicules - frontale,4,2,4,0,1,1,1,0,1,50,2,2,1,0,0,1,55.0,28.0,utilitaire_camion,deux_roues,1,2,1,1,1
202200048032,2022-08-15 17:45:00,2022,8,15,17,45,28,28006,D24,48.454417,1.404271,Plein jour,Hors agglomération,Intersection en X,Normale,Deux véhicules - côté,3,2,2,1,1,1,1,0,1,80,2,3,0,0,0,3,61.0,70.0,voiture,voiture,1,1,2,1,3
202200048033,2022-06-08 17:00:00,2022,6,8,17,0,67,67482,MARCHE GARE (RUE DU),48.59648,7.73875,Plein jour,En agglomération,Intersection en T,Normale,Deux véhicules - côté,4,3,4,0,1,3,1,0,1,50,2,2,1,0,0,1,92.0,25.0,voiture,deux_roues,1,2,3,1,3
202200048034,2022-11-28 07:40:00,2022,11,28,7,40,60,60700,"D1001, PR: 026+700",49.381905,2.14816,Crépuscule ou aube,Hors agglomération,Intersection en X,Normale,Deux véhicules - arrière,3,3,0,0,3,1,1,5,1,90,2,2,1,0,0,1,29.0,21.0,voiture,voiture,2,1,2,1,2
202200048035,2022-09-20 13:20:00,2022,9,20,13,20,29,29019,rue Anatole France,48.382747668,-4.515409648,Plein jour,En agglomération,Intersection en X,Normale,Autre collision,4,2,2,0,1,1,1,0,1,30,1,2,1,0,0,1,59.0,,voiture,,1,2,2,1,6
202200048036,2022-02-18 15:15:00,2022,2,18,15,15,10,10387,QUENNEDEY (RUE),48.29286,4.09102,Plein jour,En agglomération,Intersection en T,Pluie forte,Deux véhicules - côté,4,1,1,1,1,1,2,0,4,50,2,2,1,0,0,1,46.0,32.0,voiture,deux_roues,1,2,3,3,3
202200048037,2022-07-08 14:00:00,2022,7,8,14,0,35,35238,ISLY (RUE D'),48.105972,-1.677751,Plein jour,En agglomération,Intersection en T,Normale,Sans collision,4,3,3,3,1,1,1,0,1,50,2,4,2,0,0,2,22.0,51.0,voiture,transport_commun,1,2,3,1,7
202200048038,2022-08-15 02:25:00,2022,8,15,2,25,22,22084,RN12,48.366085,-2.32687,Nuit sans éclairage public,Hors agglomération,Hors intersection,Normale,Autre collision,2,3,4,0,2,3,1,0,1,110,1,4,0,0,2,2,24.0,,voiture,,3,1,1,1,6
202200048039,2022-06-07 17:12:00,2022,6,7,17,12,66,66136,ESPAGNE (ROUTE D'),42.68149,2.89412,Plein jour,En agglomération,Hors intersection,Normale,Autre collision,4,3,3,0,1,1,1,0,1,30,1,2,1,0,1,0,44.0,,voiture,,1,2,1,1,6
202200048040,2022-02-18 20:34:00,2022,2,18,20,34,06,06069,VICTOR HUGO  (BD),43.654413,6.91876,Nuit avec éclairage allumé,En agglomération,Hors intersection,Normale,,3,2,2,0,2,3,1,0,1,50,1,1,0,0,0,1,45.0,,voiture,,5,2,1,1,-1
202200048041,2022-12-01 17:40:00,2022,12,1,17,40,80,80672,Rue des Celtes,49.96392,2.563232,Nuit avec éclairage allumé,En agglomération,Hors intersection,Normale,Deux véhicules - frontale,3,2,2,0,1,1,1,0,1,50,1,3,2,0,1,0,43.0,,voiture,,5,2,1,1,1
202200048042,2022-07-07 18:15:00,2022,7,7,18,15,35,35238,PREVALAYE (QUAI DE LA),48.108108,-1.689757,Plein jour,En agglomération,Hors intersection,Normale,Deux véhicules - côté,4,2,1,1,1,1,1,0,5,30,2,2,1,0,0,1,25.0,25.0,deux_roues,deux_roues,1,2,1,1,3
202200048043,2022-09-20 17:25:00,2022,9,20,17,25,973,97302,JADFARD (RENE),4.9339826615,-52.3330454528,Plein jour,En agglomération,Intersection en X,Normale,Deux véhicules - côté,4,2,2,0,1,1,1,0,1,50,2,3,2,0,0,1,45.0,27.0,voiture,deux_roues,1,2,2,1,3
202200048044,2022-08-16 09:55:00,2022,8,16,9,55,34,34114,A750 PK 29+230,43.645641,3.550573,Plein jour,Hors agglomération,Hors intersection,Normale,Autre collision,1,3,4,0,1,1,1,0,1,-1,1,2,0,0,0,2,28.0,,voiture,,1,1,1,1,6
202200048045,2022-12-01 10:00:00,2022,12,1,10,0,59,59400,Rue Faidherbe,50.6428302659,2.6411043074,Plein jour,En agglomération,Giratoire,Normale,Deux véhicules - côté,3,2,2,0,1,1,1,0,1,50,2,2,1,0,0,1,15.0,36.0,deux_roues,voiture,1,2,6,1,3