accident_id,datetime,annee,mois,jour,heure,minute,departement,commune_insee,adresse,latitude,longitude,luminosite,agglomeration,intersection,meteo,collision,catr,circ,nbv,vosp,prof,plan,surf,infra,situ,vma,nb_vehicules,nb_usagers,nb_indemnes,nb_tues,nb_blesses_hosp,nb_blesses_legers,age_cond_1,age_cond_2,veh_type_cond_1,veh_type_cond_2,lum_code,agg_code,int_code,atm_code,col_code
202200048139,2022-02-17 12:30:00,2022,2,17,12,30,75,75108,RUE D AMSTERDAM,48.877845,2.326943,Plein jour,En agglomération,Intersection à plus de 4 branches,Normale,Deux véhicules - côté,4,2,2,0,1,1,1,0,1,30,2,2,1,0,0,1,,26.0,deux_roues,deux_roues,1,2,5,1,3
202200048140,2022-07-07 19:10:00,2022,7,7,19,10,32,32013,BARONNE (RUE DE LA),43.63398,0.58226,Plein jour,En agglomération,Hors intersection,Normale,Sans collision,4,2,2,0,2,1,1,0,8,50,1,1,0,0,1,0,57.0,,deux_roues,,1,2,1,1,7
202200048141,2022-06-09 22:58:00,2022,6,9,22,58,45,45298,Rue Gaston Deffie,47.89285,1.87614,Nuit avec éclairage allumé,En agglomération,Giratoire,Normale,Sans collision,4,1,2,1,1,3,1,0,8,50,1,2,0,0,1,1,20.0,,voiture,,5,2,6,1,7
202200048142,2022-09-21 18:23:00,2022,9,21,18,23,69,69389,Rue Marietton,45.77534,4.80534,Crépuscule ou aube,En agglomération,Giratoire,Normale,Deux véhicules - arrière,4,2,3,0,1,1,1,5,1,30,2,2,1,0,0,1,60.0,38.0,voiture,voiture,2,2,6,1,2
202200048143,2022-02-18 16:50:00,2022,2,18,16,50,75,75107,RUE DUROC,48.848272,2.31577,Plein jour,En agglomération,Intersection en T,Vent fort / tempête,Autre collision,4,2,2,0,1,1,2,0,1,30,1,2,1,0,0,1,,,voiture,,1,2,3,6,6
202200048144,2022-08-16 18:23:00,2022,8,16,18,23,54,54040,Badonviller,48.50102382,6.869695186,Plein jour,Hors agglomération,Hors intersection,Temps éblouissant,Deux véhicules - frontale,3,2,2,0,2,1,1,0,1,80,2,2,1,0,1,0,75.0,56.0,voiture,deux_roues,1,1,1,7,1
202200048145,2022-09-12 10:35:00,2022,9,12,10,35,59,59512,PIERRE DE ROUBAIX (RUE),50.6902955658,3.1867539883,Plein jour,En agglomération,Intersection en X,Normale,Deux véhicules - côté,4,-1,2,0,1,1,1,0,1,50,2,2,1,0,0,1,34.0,40.0,deux_roues,voiture,1,2,2,1,3
202200048146,2022-06-09 12:05:00,2022,6,9,12,5,45,45234,22 Avenue du Président John Kennedy,47.83879,1.93705,Plein jour,En agglomération,Intersection en T,Normale,Autre collision,4,1,1,0,1,2,1,5,1,30,1,2,1,0,1,0,19.0,,voiture,,1,2,3,1,6
202200048147,2022-07-10 20:50:00,2022,7,10,20,50,31,31555,AV PAUL OURLIAC,43.56191,1.39091,Plein jour,En agglomération,Intersection en T,Normale,Deux véhicules - côté,7,1,3,0,1,1,1,0,1,50,2,3,2,0,1,0,32.0,60.0,deux_roues,voiture,1,2,3,1,3
202200048148,2022-08-16 00:30:00,2022,8,16,0,30,14,14345,D511,48.970104,-0.097911,Nuit sans éclairage public,Hors agglomération,Hors intersection,Normale,Autre collision,3,2,2,0,1,1,1,0,3,90,1,2,0,0,1,1,20.0,,voiture,,3,1,1,1,6
202200048149,2022-02-18 09:30:00,2022,2,18,9,30,75,75103,RUE DE TURBIGO,48.86545,2.356094,Plein jour,En agglomération,Intersection en X,Pluie légère,Deux véhicules - côté,4,2,4,3,1,1,2,-1,6,30,2,2,1,0,1,0,58.0,42.0,deux_roues,utilitaire_camion,1,2,2,2,3
202200048150,2022-09-21 15:40:00,2022,9,21,15,40,69,69382,Rue Grenette,45.76337,4.83423,Plein jour,En agglomération,Intersection en X,Normale,Deux véhicules - côté,4,1,2,0,1,1,1,0,1,50,2,2,1,0,0,1,32.0,90.0,deux_roues,voiture,1,2,2,1,3
202200048151,2022-06-09 19:35:00,2022,6,9,19,35,45,45068,87 Rue de Villemandeur,48.00527,2.71322,Plein jour,En agglomération,Intersection en T,Normale,Autre collision,4,2,2,0,1,1,1,0,1,50,1,2,1,0,0,1,,,deux_roues,,1,2,3,1,6
202200048152,2022-07-10 05:41:00,2022,7,10,5,41,31,31555,BOULINGRIN (ROND POINT DU) DU 1AU 4,43.59666,1.45208,Nuit sans éclairage public,En agglomération,Giratoire,Normale,Autre collision,4,1,2,0,1,2,1,9,4,50,1,1,0,1,0,0,28.0,,deux_roues,,3,2,6,1,6
202200048153,2022-09-01 02:33:00,2022,9,1,2,33,06,06088,RAYNAUD (BD AUGUSTE),43.71009,7.25899,Nuit avec éclairage allumé,En agglomération,Intersection en T,Normale,Deux véhicules - côté,4,1,2,0,2,1,1,0,8,50,2,3,2,0,0,1,30.0,33.0,voiture,voiture,5,2,3,1,3
202200048154,2022-08-15 13:00:00,2022,8,15,13,0,09,09139,Route Nationale 320,42.576533,1.789162,Plein jour,Hors agglomération,Hors intersection,Normale,Deux véhicules - côté,2,2,2,0,2,2,1,0,1,80,2,2,1,0,1,0,68.0,39.0,deux_roues,voiture,1,1,1,1,3
202200048155,2022-09-14 18:17:00,2022,9,14,18,17,06,06088,CASSIN (BD RENE),43.66832,7.21084,Plein jour,En agglomération,Hors intersection,Normale,Sans collision,4,2,4,0,1,1,1,0,1,50,2,2,1,0,0,1,34.0,46.0,voiture,deux_roues,1,2,1,1,7
202200048156,2022-09-20 18:00:00,2022,9,20,18,0,95,95539,Rue de Paris,48.9958725751,2.3572701216,Plein jour,En agglomération,Intersection en T,Normale,Deux véhicules - frontale,3,2,2,0,2,1,1,0,1,50,2,2,1,0,0,1,46.0,19.0,voiture,deux_roues,1,2,3,1,1
202200048157,2022-06-08 08:10:00,2022,6,8,8,10,45,45338,Route de Lorris,47.980117,2.674547,Plein jour,Hors agglomération,Hors intersection,Pluie forte,Deux véhicules - côté,3,2,2,0,2,1,2,2,1,50,2,2,1,0,0,1,42.0,33.0,voiture,deux_roues,1,1,1,3,3
202200048158,2022-02-18 03:10:00,2022,2,18,3,10,75,75102,RUE REAUMUR,48.866344,2.352051,Nuit avec éclairage allumé,En agglomération,Intersection en X,Pluie légère,Trois véhicules et plus - collisions multiples,4,1,3,0,1,1,2,0,1,30,3,4,0,0,0,4,44.0,30.0,voiture,voiture,5,2,2,2,5
202200048159,2022-07-08 20:30:00,2022,7,8,20,30,31,31555,RUE RAYMOND LIZOP,43.56755,1.3973,Plein jour,En agglomération,Intersection en Y,Normale,Deux véhicules - côté,4,2,2,0,1,1,1,0,1,50,2,3,2,0,1,0,42.0,59.0,deux_roues,utilitaire_camion,1,2,4,1,3
202200048160,2022-08-10 07:40:00,2022,8,10,7,40,45,45093,Avenue du Château,48.024433,1.864457,Plein jour,Hors agglomération,Hors intersection,Temps éblouissant,Deux véhicules - côté,4,2,2,0,1,1,1,0,1,70,2,2,1,0,0,1,19.0,76.0,voiture,deux_roues,1,1,1,7,3
202200048161,2022-09-17 17:05:00,2022,9,17,17,5,85,85039,D62,47.000828,-1.212026,Plein jour,Hors agglomération,Hors intersection,Normale,Sans collision,3,2,2,0,1,3,1,0,3,80,1,3,0,0,1,2,56.0,,utilitaire_camion,,1,1,1,1,7
202200048162,2022-06-09 01:50:00,2022,6,9,1,50,44,44184,117bis Route de l'Océan,47.238805,-2.285919,Nuit avec éclairage allumé,En agglomération,Hors intersection,Normale,Sans collision,4,2,2,0,2,1,1,0,1,50,1,2,0,0,1,1,28.0,,deux_roues,,5,2,1,1,7
202200048163,2022-02-18 17:20:00,2022,2,18,17,20,94,94078,Rue Henri Sellier,48.75139,2.44573,Plein jour,En agglomération,Hors intersection,Normale,Autre collision,4,2,0,0,1,3,1,0,1,50,1,2,1,0,0,1,,,autre,,1,2,1,1,6
202200048164,2022-08-15 19:33:00,2022,8,15,19,33,10,10426,pont,48.111669,4.783494,Plein jour,Hors agglomération,Hors intersection,Normale,Sans collision,4,2,1,0,2,3,1,0,8,-1,1,1,0,0,0,1,47.0,,deux_roues,,1,1,1,1,7
202200048165,2022-09-21 17:15:00,2022,9,21,17,15,91,91161,PL DU 8 MAI 1945,48.70192,2.31397,Plein jour,En agglomération,Hors intersection,Normale,Deux véhicules - arrière,4,2,1,0,1,1,1,0,1,50,2,3,1,0,0,2,53.0,36.0,voiture,voiture,1,2,1,1,2
202200048166,2022-07-06 19:45:00,2022,7,6,19,45,31,31555,CHE DE BAGATELLE,43.5817069089,1.4090099931,Plein jour,En agglomération,Hors intersection,Normale,Deux véhicules - frontale,4,2,2,0,1,1,1,0,1,30,2,4,2,0,0,2,19.0,40.0,voiture,voiture,1,2,1,1,1
202200048167,2022-11-28 06:52:00,2022,11,28,6,52,971,97101,DE MARIE GALANTE - RAIZET (RUE),16.25423,-61.52887,Plein jour,En agglomération,Hors intersection,Normale,Autre collision,4,2,2,0,1,1,1,0,1,50,1,2,0,0,0,2,40.0,,utilitaire_camion,,1,2,1,1,6
202200048168,2022-04-24 09:00:00,2022,4,24,9,0,44,44109,13 Boulevard du Tertre,47.21817,-1.6038,Plein jour,En agglomération,Giratoire,Normale,Deux véhicules - arrière,4,1,1,0,1,1,1,0,1,50,2,2,1,0,0,1,45.0,,deux_roues,voiture,1,2,6,1,2
202200048169,2022-02-18 08:45:00,2022,2,18,8,45,94,94068,Avenue du Bac,48.79486,2.51058,Plein jour,En agglomération,Hors intersection,Normale,Deux véhicules - côté,3,2,2,0,1,1,1,0,1,30,2,2,1,0,0,1,31.0,36.0,voiture,deux_roues,1,2,1,1,3
202200048170,2022-09-21 08:41:00,2022,9,21,8,41,91,91027,AV BOURBONNAIS,48.7064,2.39534,Plein jour,En agglomération,Giratoire,Temps éblouissant,Autre collision,3,2,2,0,2,3,1,0,1,50,1,2,1,0,1,0,45.0,,voiture,,1,2,6,7,6
202200048171,2022-02-18 09:50:00,2022,2,18,9,50,94,94037,16 Rue Saint-Eloi,48.81315,2.34937,Plein jour,En agglomération,Hors intersection,Pluie légère,Autre collision,4,1,1,0,2,1,2,8,1,30,1,2,1,0,1,0,56.0,,utilitaire_camion,,1,2,1,2,6
202200048172,2022-08-13 12:20:00,2022,8,13,12,20,16,16280,Rue de la Maladrie,45.745643,0.384237,Plein jour,En agglomération,Hors intersection,Normale,Autre collision,4,2,2,0,1,1,1,0,4,50,1,1,0,0,1,0,47.0,,deux_roues,,1,2,1,1,6
202200048173,2022-11-29 19:10:00,2022,11,29,19,10,77,77284,JOFFRE (AV.DU ML.),48.96191,2.89717,Nuit avec éclairage allumé,En agglomération,Hors intersection,Pluie légère,Deux véhicules - côté,4,2,4,0,1,1,2,0,1,50,2,2,1,0,0,1,45.0,46.0,deux_roues,voiture,5,2,1,2,3
202200048174,2022-07-06 16:15:00,2022,7,6,16,15,31,31555,EISENHOWER (AVENUE DU GENERAL),43.56782,1.3768,Plein jour,En agglomération,Intersection en X,Normale,Deux véhicules - côté,7,3,4,0,1,1,1,5,1,50,2,2,1,0,0,1,58.0,32.0,voiture,deux_roues,1,2,2,1,3
202200048175,2022-06-07 09:25:00,2022,6,7,9,25,43,43041,Cote de Tireboeuf,45.0498183273,3.9047464728,Plein jour,En agglomération,Intersection en X,Normale,Deux véhicules - côté,3,1,2,0,2,1,1,5,1,50,2,2,1,0,0,1,40.0,29.0,deux_roues,voiture,1,2,2,1,3
202200048176,2022-09-01 16:00:00,2022,9,1,16,0,89,89387,GARIBALDI (BOULEVARD DES),48.19966,3.28155,Plein jour,En agglomération,Autre intersection,Normale,Autre collision,6,-1,0,0,1,1,1,9,8,-1,1,2,1,0,1,0,62.0,,voiture,,1,2,9,1,6
202200048177,2022-08-13 10:30:00,2022,8,13,10,30,04,04240,D 908,44.162427,6.608362,Plein jour,Hors agglomération,Hors intersection,Normale,Deux véhicules - frontale,3,2,2,0,1,1,1,0,1,80,2,3,0,0,1,2,80.0,21.0,voiture,voiture,1,1,1,1,1
202200048178,2022-02-18 09:04:00,2022,2,18,9,4,94,94059,Avenue Cintrât / Avenue Henri Barbusse,48.80571,2.56678,Plein jour,En agglomération,Intersection en X,Temps couvert,Trois véhicules et plus - collisions multiples,4,2,2,0,1,1,8,0,1,50,3,3,2,0,0,1,36.0,36.0,voiture,voiture,1,2,2,8,5
202200048179,2022-06-09 09:40:00,2022,6,9,9,40,38,38185,REY (BOULEVARD E.),45.1923458274,5.7219350338,Plein jour,En agglomération,Hors intersection,Normale,Deux véhicules - côté,7,2,4,0,1,1,1,0,1,30,2,2,1,0,1,0,55.0,58.0,deux_roues,utilitaire_camion,1,2,1,1,3
202200048180,2022-07-08 13:10:00,2022,7,8,13,10,31,31483,D 5,43.15571,0.75165,Plein jour,Hors agglomération,Hors intersection,Normale,Deux véhicules - côté,3,2,2,0,2,3,1,0,1,80,2,2,1,0,0,1,32.0,52.0,utilitaire_camion,utilitaire_camion,1,1,1,1,3
202200048181,2022-11-27 22:55:00,2022,11,27,22,55,54,54578,MALRAUX (AVENUE ANDRE),48.67174,6.15113,Nuit avec éclairage allumé,En agglomération,Intersection en X,Normale,Deux véhicules - côté,4,2,2,0,2,1,1,0,1,50,2,4,3,0,0,1,34.0,21.0,voiture,voiture,5,2,2,1,3
202200048182,2022-08-12 14:15:00,2022,8,12,14,15,85,85246,RD60,46.72737,-1.173567,Plein jour,Hors agglomération,Hors intersection,Normale,Sans collision,3,2,2,0,2,2,1,0,1,80,1,1,0,0,0,1,18.0,,voiture,,1,1,1,1,7
202200048183,2022-02-17 11:30:00,2022,2,17,11,30,94,94055,Avenue de Pince Vent,48.7914,2.55351,Plein jour,En agglomération,Hors intersection,Normale,Deux véhicules - côté,3,3,2,0,1,1,1,0,1,30,2,2,1,0,0,1,28.0,32.0,voiture,deux_roues,1,2,1,1,3
202200048184,2022-11-24 18:15:00,2022,11,24,18,15,24,24322,PORT (ALLEE DU),45.1845,0.70884,Nuit avec éclairage allumé,En agglomération,Hors intersection,Normale,Autre collision,4,1,3,0,2,1,2,0,1,50,1,2,1,0,1,0,58.0,,voiture,,5,2,1,1,6
202200048185,2022-06-18 19:15:00,2022,6,18,19,15,30,30189,Avenue Général Leclerc,43.8275,4.3746,Crépuscule ou aube,En agglomération,Hors intersection,Normale,Autre collision,3,-1,2,1,1,1,1,0,1,50,2,2,1,0,0,1,18.0,79.0,deux_roues,voiture,2,2,1,1,6
202200048186,2022-06-09 08:15:00,2022,6,9,8,15,38,38151,AVENUE DES ÉTATS GÉNÉRAUX,45.15765,5.7194,Plein jour,En agglomération,Intersection à plus de 4 branches,Pluie légère,Deux véhicules - côté,4,3,4,0,1,1,2,0,1,50,2,2,1,0,0,1,28.0,50.0,deux_roues,voiture,1,2,5,2,3
202200048187,2022-09-21 11:00:00,2022,9,21,11,0,77,77307,D344A,48.8523,2.76363,Plein jour,En agglomération,Hors intersection,Normale,Autre collision,3,1,2,0,1,1,1,0,1,50,2,4,2,0,0,2,61.0,28.0,voiture,voiture,1,2,1,1,6
202200048188,2022-02-15 18:20:00,2022,2,15,18,20,94,94019,Rue d’Amboile / Rue de la République,48.79188,2.53247,Nuit avec éclairage allumé,En agglomération,Giratoire,Pluie légère,Autre collision,4,2,2,0,1,1,2,0,1,50,1,3,1,0,1,1,28.0,,voiture,,5,2,6,2,6
202200048189,2022-06-09 15:10:00,2022,6,9,15,10,33,33063,Quai des Chartrons,44.85653,-0.56163,Plein jour,En agglomération,Hors intersection,Normale,Deux véhicules - côté,4,3,3,3,1,1,1,0,6,30,2,2,1,0,0,1,28.0,70.0,deux_roues,transport_commun,1,2,1,1,3
202200048190,2022-08-15 18:30:00,2022,8,15,18,30,37,37203,21 Quai de la Loire,47.406830906,0.7443237305,Plein jour,En agglomération,Hors intersection,Normale,Deux véhicules - arrière,7,2,2,2,1,1,1,0,1,50,2,4,1,0,0,3,20.0,43.0,voiture,voiture,1,2,1,1,2
202200048191,2022-05-25 08:00:00,2022,5,25,8,0,30,30189,Avenue Jean-Jaurès,43.8251,4.3538,Plein jour,En agglomération,Intersection en Y,Normale,Autre collision,4,1,3,1,1,1,1,0,4,50,1,3,0,1,0,2,37.0,,voiture,,1,2,4,1,6
202200048192,2022-02-18 09:30:00,2022,2,18,9,30,94,94017,Avenue du Général de Gaulle / Rue Floreal,48.82692,2.50904,Plein jour,En agglomération,Intersection en T,Normale,Deux véhicules - côté,3,1,3,0,1,1,1,0,1,50,2,2,1,0,0,1,42.0,29.0,voiture,deux_roues,1,2,3,1,3
202200048193,2022-09-21 08:25:00,2022,9,21,8,25,77,77458,D607,48.183,2.73592,Plein jour,En agglomération,Hors intersection,Normale,Deux véhicules - côté,3,-1,2,0,1,1,1,0,1,50,2,3,1,0,1,1,50.0,46.0,voiture,deux_roues,1,2,1,1,3
202200048194,2022-05-28 20:30:00,2022,5,28,20,30,30,30189,SALVADOR DALI (ALLEE),43.82891,4.37774,Plein jour,En agglomération,Hors intersection,Normale,Sans collision,4,1,1,0,1,1,1,0,1,30,1,1,0,0,0,1,63.0,,deux_roues,,1,2,1,1,7
202200048195,2022-02-18 14:40:00,2022,2,18,14,40,94,94002,17 Rue Victor Hugo,48.804833,2.417388,Plein jour,En agglomération,Hors intersection,Normale,Deux véhicules - arrière,4,1,1,0,1,1,1,0,1,50,2,2,1,0,0,1,21.0,32.0,deux_roues,voiture,1,2,1,1,2
202200048196,2022-11-28 07:34:00,2022,11,28,7,34,05,05061,VEYNES ( ROUTE DE ),44.557865,6.068766,Crépuscule ou aube,En agglomération,Giratoire,Normale,Deux véhicules - côté,9,-1,1,0,2,1,1,0,1,50,2,2,0,0,0,2,14.0,48.0,deux_roues,voiture,2,2,6,1,3
202200048197,2022-06-09 08:30:00,2022,6,9,8,30,33,33318,Avenue de Noès,44.8122,-0.64729,Plein jour,En agglomération,Intersection en T,Normale,Deux véhicules - arrière,4,3,2,2,1,1,1,0,1,30,2,2,1,0,0,1,46.0,29.0,voiture,deux_roues,1,2,3,1,2
202200048198,2022-06-09 20:04:00,2022,6,9,20,4,30,30189,TALABOT (BOULEVARD),43.83374,4.36743,Plein jour,En agglomération,Intersection en T,Normale,Deux véhicules - côté,4,-1,3,1,1,1,1,0,1,50,2,2,1,0,0,1,63.0,26.0,deux_roues,voiture,1,2,3,1,3
202200048199,2022-09-21 18:00:00,2022,9,21,18,0,72,72181,VOLOS (AVENUE DE),47.9833057062,0.2215898035,Plein jour,Hors agglomération,Intersection en X,Normale,Autre collision,4,1,2,0,1,1,1,0,1,70,3,4,3,0,0,1,41.0,43.0,voiture,voiture,1,1,2,1,6
202200048200,2022-02-18 16:40:00,2022,2,18,16,40,93,93031,Boulevard Foch,48.94794,2.33199,Plein jour,En agglomération,Hors intersection,Normale,Trois véhicules et plus - collisions multiples,3,2,2,0,1,1,1,0,1,50,3,3,2,0,0,1,34.0,51.0,voiture,voiture,1,2,1,1,5
202200048201,2022-04-28 08:10:00,2022,4,28,8,10,91,91174,RUE FERAY,48.60506,2.46956,Plein jour,En agglomération,Intersection en T,Normale,Autre collision,4,2,2,0,1,1,1,0,1,50,1,2,1,0,0,1,57.0,,voiture,,1,2,3,1,6
202200048202,2022-08-16 09:50:00,2022,8,16,9,50,82,82169,A62,44.0412181575,1.0164541408,Plein jour,Hors agglomération,Hors intersection,Normale,Deux véhicules - arrière,1,3,2,0,1,1,1,0,1,130,2,3,2,0,1,0,45.0,38.0,voiture,utilitaire_camion,1,1,1,1,2
202200048203,2022-06-07 09:15:00,2022,6,7,9,15,33,33039,Avenue du Maréchal Leclerc,44.8097433161,-0.5421870947,Plein jour,En agglomération,Hors intersection,Normale,Autre collision,4,2,2,2,1,1,1,0,1,30,1,2,1,0,0,1,69.0,,voiture,,1,2,1,1,6
202200048204,2022-07-08 19:20:00,2022,7,8,19,20,30,30027,,44.0716,4.0503,Plein jour,En agglomération,Hors intersection,Normale,Autre collision,3,2,2,0,1,1,1,0,1,30,1,2,1,0,0,1,48.0,,voiture,,1,2,1,1,6
202200048205,2022-09-19 13:34:00,2022,9,19,13,34,72,72181,RUBILLARD AV N° IMP 57 ET >,48.012058,0.187901,Plein jour,En agglomération,Autre intersection,Normale,Autre collision,4,-1,2,2,1,1,1,0,1,50,1,2,1,0,0,1,36.0,,voiture,,1,2,9,1,6
202200048206,2022-02-18 11:30:00,2022,2,18,11,30,92,92025,CHARLES DE GAULLE (BD),48.910441,2.234727,Plein jour,En agglomération,Intersection en X,Pluie légère,Autre collision,3,2,8,1,1,1,2,5,1,30,1,2,1,0,0,1,50.0,,voiture,,1,2,2,2,6
202200048207,2022-04-07 17:30:00,2022,4,7,17,30,91,91228,BD DE FRANCE,48.62667,2.44157,Plein jour,En agglomération,Hors intersection,Normale,Deux véhicules - arrière,4,2,4,0,4,1,1,0,1,50,2,2,1,0,0,1,28.0,28.0,voiture,deux_roues,1,2,1,1,2
202200048208,2022-06-07 15:05:00,2022,6,7,15,5,33,33032,Rue Toulouse-Lautrec,44.8994900559,-0.5097216368,Plein jour,En agglomération,Hors intersection,Normale,Autre collision,4,2,2,0,2,2,1,0,4,50,1,2,1,0,0,1,69.0,,voiture,,1,2,1,1,6
202200048209,2022-08-13 18:00:00,2022,8,13,18,0,06,06029,A8 SORTIE 41,43.557455,6.95739,Plein jour,Hors agglomération,Autre intersection,Normale,Deux véhicules - arrière,1,1,5,0,1,3,1,0,6,110,2,2,1,0,0,1,21.0,31.0,voiture,deux_roues,1,1,9,1,2
202200048210,2022-09-20 08:10:00,2022,9,20,8,10,71,71270,HERITAN (RUE DE L'),46.30692,4.82934,Plein jour,En agglomération,Hors intersection,Normale,Autre collision,4,2,2,1,1,1,1,0,1,30,1,2,1,0,0,1,23.0,,deux_roues,,1,2,1,1,6
202200048211,2022-07-08 16:30:00,2022,7,8,16,30,30,30007,Route d'Uzes,44.1096,4.11246,Plein jour,En agglomération,Intersection en T,Normale,Deux véhicules - côté,3,2,2,0,1,1,1,0,1,50,2,2,1,0,0,1,28.0,37.0,deux_roues,voiture,1,2,3,1,3
202200048212,2022-04-05 16:50:00,2022,4,5,16,50,91,91228,RUE AMBROISE CROIZAT,48.62579,2.42705,Plein jour,En agglomération,Intersection en T,Normale,Autre collision,4,2,2,0,1,1,1,0,1,50,1,2,1,0,0,1,37.0,,voiture,,1,2,3,1,6
202200048213,2022-02-16 03:50:00,2022,2,16,3,50,92,92024,MARTRE (RUE) DE (59 A 109)   (58 A 120),48.9027998516,2.3064296544,Nuit avec éclairage allumé,En agglomération,Hors intersection,Pluie légère,Deux véhicules - arrière,3,1,3,1,1,1,2,0,1,50,2,3,1,0,0,2,48.0,54.0,voiture,utilitaire_camion,5,2,1,2,2
202200048214,2022-08-15 17:25:00,2022,8,15,17,25,988,98808,"École élémentaire ""Houailou élém - Wani""",-21.276958,165.615935,Nuit sans éclairage public,Hors agglomération,Hors intersection,Pluie forte,Autre collision,2,2,2,0,1,3,2,0,3,90,1,1,0,0,1,0,18.0,,voiture,,3,1,1,3,6
202200048215,2022-06-08 15:10:00,2022,6,8,15,10,32,32013,ROCADE (RN 124 OUEST),43.66651,0.54307,Plein jour,Hors agglomération,Hors intersection,Normale,Deux véhicules - frontale,2,2,2,0,1,1,1,0,1,80,2,2,0,0,1,1,24.0,47.0,utilitaire_camion,voiture,1,1,1,1,1
202200048216,2022-04-05 08:20:00,2022,4,5,8,20,91,91228,PL DES FEDERES,48.62034,2.44506,Plein jour,En agglomération,Hors intersection,Pluie légère,Autre collision,4,2,2,0,1,1,2,0,1,30,1,2,1,0,0,1,,,autre,,1,2,1,2,6
202200048217,2022-09-21 09:50:00,2022,9,21,9,50,69,69264,Route de Beauregard,45.99939,4.74148,Plein jour,En agglomération,Hors intersection,Normale,Trois véhicules et plus - en chaîne,3,2,2,0,1,2,1,0,1,50,3,3,2,0,0,1,30.0,31.0,voiture,voiture,1,2,1,1,4
202200048218,2022-07-09 17:25:00,2022,7,9,17,25,29,29051,Route de Coray,47.9937946271,-4.0670188665,Plein jour,Hors agglomération,Giratoire,Normale,Deux véhicules - côté,3,1,1,0,1,1,1,0,1,50,2,2,1,0,0,1,47.0,31.0,deux_roues,voiture,1,1,6,1,3
202200048219,2022-06-09 15:30:00,2022,6,9,15,30,31,31555,RTE DE SEYSSES,43.57554,1.42084,Plein jour,En agglomération,Hors intersection,Normale,Deux véhicules - frontale,7,2,2,0,1,1,1,0,1,50,2,2,1,0,1,0,27.0,40.0,deux_roues,voiture,1,2,1,1,1
202200048220,2022-04-04 18:35:00,2022,4,4,18,35,91,91521,RTE NATIONALE 7,48.64268,2.42483,Plein jour,Hors agglomération,Hors intersection,Normale,Sans collision,3,2,4,0,1,1,1,0,1,90,1,1,0,0,0,1,25.0,,voiture,,1,1,1,1,7
202200048221,2022-09-21 18:50:00,2022,9,21,18,50,69,69259,Rue Georges Marrane,45.7229664875,4.8611833155,Plein jour,En agglomération,Hors intersection,Normale,Deux véhicules - côté,4,2,2,0,1,1,1,0,4,30,2,2,1,0,1,0,12.0,66.0,deux_roues,voiture,1,2,1,1,3
202200048222,2022-07-07 16:00:00,2022,7,7,16,0,29,29232,Boulevard Flandres Dunkerque1940,47.980147,-4.082458,Plein jour,Hors agglomération,Hors intersection,Normale,Deux véhicules - côté,3,3,4,0,2,1,1,3,1,70,2,2,1,0,0,1,69.0,29.0,voiture,deux_roues,1,1,1,1,3
202200048223,2022-08-16 05:30:00,2022,8,16,5,30,988,98817,RPS1/Rue Jean GABIN,-22.228945,166.523015,Nuit avec éclairage allumé,En agglomération,Intersection en X,Pluie forte,Deux véhicules - côté,3,3,4,0,1,1,2,0,1,50,2,5,2,0,1,2,21.0,28.0,voiture,voiture,5,2,2,3,3
202200048224,2022-02-17 19:00:00,2022,2,17,19,0,92,92002,DIVISION LECLERC (1 A 29 -2 A 34),48.75135,2.30456,Nuit avec éclairage allumé,En agglomération,Intersection en T,Normale,Deux véhicules - côté,3,2,2,0,1,1,1,5,1,50,2,2,1,0,0,1,20.0,31.0,voiture,autre,5,2,3,1,3
202200048225,2022-06-08 11:47:00,2022,6,8,11,47,31,31555,33 B SESQUIERES  (PERIPH OUEST A620),43.63632,1.42128,Plein jour,Hors agglomération,Hors intersection,Normale,Deux véhicules - arrière,1,3,3,0,1,1,1,0,1,90,2,2,1,0,0,1,29.0,38.0,utilitaire_camion,voiture,1,1,1,1,2
202200048226,2022-09-20 01:55:00,2022,9,20,1,55,69,69199,Rue Marcel Sembat,45.7111813791,4.8430341482,Nuit avec éclairage allumé,Hors agglomération,Hors intersection,Normale,Autre collision,7,1,1,0,1,1,1,3,3,50,1,1,0,0,0,1,20.0,,voiture,,5,1,1,1,6
202200048227,2022-03-25 19:20:00,2022,3,25,19,20,91,91228,RTE NATIONALE 7,48.62732,2.44287,Nuit avec éclairage allumé,Hors agglomération,Hors intersection,Normale,Deux véhicules - frontale,3,2,4,0,1,1,1,0,1,90,2,3,2,0,0,1,20.0,24.0,voiture,voiture,5,1,1,1,1
202200048228,2022-07-05 19:30:00,2022,7,5,19,30,29,29232,D365 - Avenue du Morbihan,47.97856,-4.01739,Plein jour,Hors agglomération,Hors intersection,Normale,Autre collision,3,3,4,0,1,1,1,0,1,110,1,1,0,0,0,1,24.0,,deux_roues,,1,1,1,1,6
202200048229,2022-08-15 19:50:00,2022,8,15,19,50,973,97306,Avenue Ya et Siong,5.567233,-53.882456,Nuit avec éclairage non allumé,Hors agglomération,Hors intersection,Normale,Autre collision,3,2,2,0,1,1,1,0,1,50,1,2,1,0,1,0,35.0,,utilitaire_camion,,4,1,1,1,6
202200048230,2022-02-18 10:15:00,2022,2,18,10,15,76,76258,Rue Charles de Gaulle,49.65212,0.592071,Plein jour,En agglomération,Intersection en X,Vent fort / tempête,Autre collision,3,2,2,0,1,1,2,0,1,50,1,2,1,0,1,0,60.0,,voiture,,1,2,2,6,6