accident_id,datetime,annee,mois,jour,heure,minute,departement,commune_insee,adresse,latitude,longitude,luminosite,agglomeration,intersection,meteo,collision,catr,circ,nbv,vosp,prof,plan,surf,infra,situ,vma,nb_vehicules,nb_usagers,nb_indemnes,nb_tues,nb_blesses_hosp,nb_blesses_legers,age_cond_1,age_cond_2,veh_type_cond_1,veh_type_cond_2,lum_code,agg_code,int_code,atm_code,col_code
202200048231,2022-06-09 14:15:00,2022,6,9,14,15,31,31483,LAVOISIER (RUE),43.10812,0.71644,Plein jour,En agglomération,Hors intersection,Normale,Deux véhicules - frontale,4,2,2,0,1,1,1,0,1,50,2,3,2,0,1,0,30.0,88.0,voiture,voiture,1,2,1,1,1
202200048232,2022-06-12 14:15:00,2022,6,12,14,15,29,29232,D100 - Boulevard du Finistere,48.00464,-4.13184,Plein jour,Hors agglomération,Hors intersection,Normale,Sans collision,3,3,4,0,1,1,1,0,3,90,1,1,0,0,0,1,24.0,,voiture,,1,1,1,1,7
202200048233,2022-10-27 14:30:00,2022,10,27,14,30,30,30259,N106,44.104043,4.10099,Plein jour,Hors agglomération,Hors intersection,Normale,Deux véhicules - arrière,2,3,2,0,1,1,1,0,1,110,2,2,1,0,1,0,35.0,67.0,voiture,deux_roues,1,1,1,1,2
202200048234,2022-03-24 17:20:00,2022,3,24,17,20,91,91521,MAI 1945 ( RUE DU 08),48.65622,2.41081,Plein jour,En agglomération,Hors intersection,Normale,Autre collision,4,2,2,0,1,1,1,0,1,50,1,2,1,0,0,1,67.0,,voiture,,1,2,1,1,6
202200048235,2022-08-13 05:08:00,2022,8,13,5,8,973,97304,Route nationale 1 pk 52-54,5.107145,-52.635841,Nuit sans éclairage public,Hors agglomération,Hors intersection,Normale,Autre collision,2,2,2,0,1,2,1,0,1,80,1,2,1,1,0,0,38.0,,utilitaire_camion,,3,1,1,1,6
202200048236,2022-09-17 20:10:00,2022,9,17,20,10,66,66136,,42.67813,2.8811,Crépuscule ou aube,Hors agglomération,Giratoire,Normale,Trois véhicules et plus - en chaîne,3,1,2,0,1,2,1,0,1,30,3,3,1,0,0,2,39.0,28.0,voiture,voiture,2,1,6,1,4
202200048237,2022-10-25 23:30:00,2022,10,25,23,30,17,17401,Départementale 121,46.079408,-0.430913,Nuit sans éclairage public,Hors agglomération,Hors intersection,Normale,Sans collision,3,2,2,0,1,3,1,0,3,80,1,1,0,0,1,0,38.0,,voiture,,3,1,1,1,7
202200048238,2022-06-09 22:00:00,2022,6,9,22,0,29,29051,N165,48.00453,-4.05987,Crépuscule ou aube,Hors agglomération,Hors intersection,Pluie légère,Autre collision,2,3,4,0,4,1,2,0,3,110,1,1,0,0,0,1,27.0,,voiture,,2,1,1,2,6
202200048239,2022-02-17 15:40:00,2022,2,17,15,40,67,67322,D178,48.814975,7.304921,Plein jour,Hors agglomération,Hors intersection,Normale,Sans collision,3,2,2,0,1,2,1,0,3,80,1,3,0,1,0,2,37.0,,voiture,,1,1,1,1,7
202200048240,2022-07-07 10:15:00,2022,7,7,10,15,29,29039,Rue de Quimper,47.8898272448,-3.9168881177,Plein jour,En agglomération,Giratoire,Normale,Autre collision,4,2,2,0,1,1,1,0,1,50,1,2,1,0,0,1,83.0,,voiture,,1,2,6,1,6
202200048241,2022-09-26 07:20:00,2022,9,26,7,20,50,50129,SALINE (BOULEVARD DE LA),49.65392,-1.64928,Crépuscule ou aube,En agglomération,Intersection en X,Pluie légère,Autre collision,3,3,4,0,1,1,2,0,1,70,1,2,1,0,0,1,34.0,,voiture,,2,2,2,2,6
202200048242,2022-07-10 21:55:00,2022,7,10,21,55,28,28404,CRECY (ROUTE DE),48.72631,1.33131,Plein jour,En agglomération,Hors intersection,Normale,Deux véhicules - côté,6,-1,0,3,1,1,1,0,6,30,1,1,0,0,0,1,50.0,,utilitaire_camion,,1,2,1,1,3
202200048243,2022-09-17 13:23:00,2022,9,17,13,23,66,66136,,42.6797077481,2.8981174529,Plein jour,En agglomération,Hors intersection,Normale,Trois véhicules et plus - collisions multiples,4,2,2,0,1,1,1,0,1,50,3,3,2,0,1,0,32.0,38.0,voiture,transport_commun,1,2,1,1,5
202200048244,2022-02-19 15:55:00,2022,2,19,15,55,71,71150,"Autoroute A6, PK 397+200, sens LYON/PARIS",46.232504,4.79432,Plein jour,Hors agglomération,Hors intersection,Normale,Deux véhicules - arrière,1,3,5,0,1,1,1,0,1,130,2,4,1,0,0,3,47.0,59.0,utilitaire_camion,autre,1,1,1,1,2
202200048245,2022-10-26 16:15:00,2022,10,26,16,15,63,63048,autoroute A89,45.638587,2.56947,Plein jour,Hors agglomération,Hors intersection,Normale,Deux véhicules - arrière,1,1,4,0,1,1,1,0,1,130,2,3,1,0,0,2,64.0,28.0,voiture,utilitaire_camion,1,1,1,1,2
202200048246,2022-06-09 16:25:00,2022,6,9,16,25,29,29019,boulevard Montaigne,48.401104,-4.483978,Plein jour,En agglomération,Intersection en X,Normale,Deux véhicules - côté,4,2,4,0,4,1,1,0,1,50,2,3,2,0,0,1,20.0,40.0,voiture,voiture,1,2,2,1,3
202200048247,2022-08-08 16:10:00,2022,8,8,16,10,22,22187,EUROPE (Rdp de l'),48.53473,-2.76022,Plein jour,En agglomération,Hors intersection,Normale,Autre collision,3,1,1,0,1,1,1,0,1,30,1,2,1,0,1,0,43.0,,voiture,,1,2,1,1,6
202200048248,2022-08-15 19:30:00,2022,8,15,19,30,971,97129,N2,16.346414,-61.720226,Nuit sans éclairage public,Hors agglomération,Hors intersection,Pluie légère,Trois véhicules et plus - collisions multiples,2,2,2,0,2,1,2,0,1,80,5,5,4,0,1,0,37.0,45.0,deux_roues,voiture,3,1,1,2,5
202200048249,2022-09-21 20:45:00,2022,9,21,20,45,64,64445,impasse André Mitton,43.31408,-0.35871,Nuit avec éclairage allumé,En agglomération,Hors intersection,Normale,Autre collision,4,2,2,0,2,1,1,0,8,50,1,1,0,0,0,1,41.0,,voiture,,5,2,1,1,6
202200048250,2022-02-17 18:45:00,2022,2,17,18,45,71,71448,Autroute A6,46.383412,4.849241,Nuit sans éclairage public,Hors agglomération,Hors intersection,Normale,Deux véhicules - arrière,1,3,5,0,1,1,1,0,1,130,2,3,2,0,0,1,51.0,22.0,utilitaire_camion,voiture,3,1,1,1,2
202200048251,2022-06-08 07:40:00,2022,6,8,7,40,29,29019,avenue Georges Clemenceau,48.392884,-4.491204,Plein jour,En agglomération,Intersection en T,Temps éblouissant,Autre collision,4,2,3,1,2,2,1,5,1,50,1,2,1,0,0,1,51.0,,voiture,,1,2,3,7,6
202200048252,2022-10-26 16:58:00,2022,10,26,16,58,67,67343,8 Rue Marcel Pagnol,48.603211,7.701069,Plein jour,En agglomération,Autre intersection,Normale,Sans collision,4,2,2,1,1,1,2,6,4,50,2,2,1,0,1,0,63.0,59.0,deux_roues,voiture,1,2,9,1,7
202200048253,2022-07-07 01:55:00,2022,7,7,1,55,28,28110,RN 123 (ROCADE),48.4155,1.50063,Nuit avec éclairage allumé,Hors agglomération,Autre intersection,Normale,Autre collision,2,3,4,0,1,1,1,0,2,90,1,1,0,0,0,1,33.0,,voiture,,5,1,9,1,6
202200048254,2022-11-29 17:30:00,2022,11,29,17,30,974,97411,LITTORAL (ROUTE 1 DU),-20.89104,55.38087,Plein jour,Hors agglomération,Hors intersection,Normale,Trois véhicules et plus - collisions multiples,2,1,2,0,1,1,1,0,1,70,3,3,2,0,0,1,,,autre,voiture,1,1,1,1,5
202200048255,2022-08-13 07:45:00,2022,8,13,7,45,71,71581,RD 130,46.351438,4.01413,Crépuscule ou aube,Hors agglomération,Intersection en X,Normale,Deux véhicules - côté,3,2,2,0,1,1,1,0,1,70,2,2,1,0,1,0,54.0,68.0,voiture,deux_roues,2,1,2,1,3
202200048256,2022-02-18 17:45:00,2022,2,18,17,45,68,68249,8 rue charles de gaulle,48.128106,7.166879,Plein jour,En agglomération,Hors intersection,Temps couvert,Autre collision,3,2,2,0,1,1,2,0,4,50,1,2,1,0,0,1,45.0,,voiture,,1,2,1,8,6
202200048257,2022-09-21 18:00:00,2022,9,21,18,0,64,64445,avenue Edourd VII,43.29829,-0.35837,Plein jour,En agglomération,Intersection en X,Normale,Deux véhicules - côté,4,2,3,0,1,1,1,0,1,30,2,2,1,0,0,1,59.0,25.0,deux_roues,voiture,1,2,2,1,3
202200048258,2022-06-09 16:20:00,2022,6,9,16,20,27,27681,GRANDS RENARDS (SENTE DES),49.08152,1.47839,Plein jour,En agglomération,Hors intersection,Normale,Autre collision,6,-1, -1,0,1,1,1,9,8,30,1,2,1,0,0,1,33.0,,voiture,,1,2,1,1,6
202200048259,2022-10-27 12:33:00,2022,10,27,12,33,49,49377,D313 PR 2.200,47.588742,-0.423231,Plein jour,Hors agglomération,Intersection en X,Normale,Deux véhicules - côté,3,2,2,0,1,1,1,0,1,80,2,2,1,0,1,0,22.0,33.0,utilitaire_camion,voiture,1,1,2,1,3
202200048260,2022-08-14 18:30:00,2022,8,14,18,30,52,52269,Rue des Auges,47.857576,5.335042,Plein jour,En agglomération,Hors intersection,Normale,Sans collision,2,2,1,0,2,2,1,0,1,50,1,1,0,0,0,1,60.0,,deux_roues,,1,2,1,1,7
202200048261,2022-04-02 15:15:00,2022,4,2,15,15,24,24322,JUIN ( AVENUE DU MARECHAL),45.18618,0.70403,Plein jour,En agglomération,Intersection en X,Normale,Deux véhicules - côté,3,2,3,0,1,1,1,0,1,50,2,2,1,0,1,0,72.0,20.0,deux_roues,voiture,1,2,2,1,3
202200048262,2022-11-29 14:45:00,2022,11,29,14,45,973,97302,MONTABO (ROUTE DE) 4,4.93252,-52.29036,Plein jour,En agglomération,Hors intersection,Pluie forte,Sans collision,3,2,2,0,1,1,2,0,1,50,1,1,0,0,0,1,21.0,,deux_roues,,1,2,1,3,7
202200048263,2022-02-19 15:35:00,2022,2,19,15,35,28,28061,Avenue Louis Denis,48.213514,1.17293,Plein jour,En agglomération,Hors intersection,Normale,Deux véhicules - côté,3,2,2,0,1,1,1,0,1,50,2,3,1,0,1,1,54.0,80.0,deux_roues,voiture,1,2,1,1,3
202200048264,2022-07-08 19:35:00,2022,7,8,19,35,27,27701,CHAUSSE DU VEXIN,49.25633,1.18938,Plein jour,Hors agglomération,Intersection en T,Normale,Deux véhicules - côté,3,2,2,1,2,1,1,0,1,50,2,2,1,0,0,1,21.0,25.0,voiture,deux_roues,1,1,3,1,3
202200048265,2022-09-21 15:25:00,2022,9,21,15,25,64,64445,boulevard du Cami Salie,43.331368,-0.358296,Plein jour,En agglomération,Intersection en T,Normale,Deux véhicules - arrière,3,2,2,0,1,2,1,0,1,70,2,2,1,0,0,1,54.0,35.0,deux_roues,utilitaire_camion,1,2,3,1,2
202200048266,2022-06-10 00:10:00,2022,6,10,0,10,22,22360,RD700,48.48977,-2.76333,Nuit sans éclairage public,Hors agglomération,Hors intersection,Normale,Deux véhicules - arrière,3,3,4,0,1,1,1,0,1,90,2,2,1,0,1,0,19.0,30.0,voiture,deux_roues,3,1,1,1,2
202200048267,2022-10-26 10:45:00,2022,10,26,10,45,13,13038,Route départementale 33A,43.733848,4.734147,Plein jour,Hors agglomération,Intersection en X,Normale,Deux véhicules - arrière,3,2,2,0,1,1,1,0,1,80,2,2,1,0,0,1,45.0,49.0,voiture,voiture,1,1,2,1,2
202200048268,2022-11-29 21:50:00,2022,11,29,21,50,69,69388,Avenue Rockefeller,45.742,4.883,Nuit avec éclairage allumé,En agglomération,Hors intersection,Normale,Deux véhicules - côté,4,2,2,2,2,1,1,0,3,50,2,2,1,0,1,0,36.0,27.0,deux_roues,voiture,5,2,1,1,3
202200048269,2022-02-19 15:25:00,2022,2,19,15,25,41,41106,autoroute a71 pk 136,47.590536,1.98844,Plein jour,Hors agglomération,Hors intersection,Normale,Sans collision,1,3,4,0,1,1,1,0,8,130,1,5,2,0,0,3,41.0,,voiture,,1,1,1,1,7
202200048270,2022-08-08 23:30:00,2022,8,8,23,30,88,88196,Rue de Lorraine,48.075767,6.882243,Nuit avec éclairage allumé,En agglomération,Intersection en X,Normale,Deux véhicules - côté,4,2,2,0,2,1,1,5,1,50,2,4,3,0,1,0,49.0,35.0,voiture,voiture,5,2,2,1,3
202200048271,2022-07-08 17:00:00,2022,7,8,17,0,27,27229,ROOSEVELT (RUE FRANKLIN DELANO),49.0210318348,1.1557102203,Plein jour,En agglomération,Hors intersection,Normale,Deux véhicules - arrière,4,2,3,0,2,1,1,0,1,50,2,2,1,0,0,1,37.0,49.0,voiture,deux_roues,1,2,1,1,2
202200048272,2022-10-26 04:20:00,2022,10,26,4,20,13,13051,A7 PK 236+000 Sens N-S,43.619476,5.136849,Nuit sans éclairage public,Hors agglomération,Hors intersection,Normale,Deux véhicules - arrière,1,3,5,0,1,1,1,0,1,130,2,2,1,0,0,1,38.0,75.0,voiture,voiture,3,1,1,1,2
202200048273,2022-08-15 01:50:00,2022,8,15,1,50,17,17051,17 Avenue de la Plage,46.179901,-1.394309,Nuit sans éclairage public,En agglomération,Hors intersection,Normale,Autre collision,4,1,1,1,1,1,1,0,1,30,1,1,0,0,1,0,17.0,,deux_roues,,3,2,1,1,6
202200048274,2022-09-21 12:30:00,2022,9,21,12,30,64,64445,GRAMONT,43.29668,-0.3736,Plein jour,En agglomération,Hors intersection,Normale,Deux véhicules - frontale,4,2,2,0,4,1,1,0,1,50,2,2,1,0,0,1,50.0,39.0,deux_roues,voiture,1,2,1,1,1
202200048275,2022-02-18 23:30:00,2022,2,18,23,30,35,35231,RN137,47.9044929282,-1.6854706407,Nuit sans éclairage public,Hors agglomération,Hors intersection,Normale,Autre collision,2,3,4,0,1,1,1,0,3,110,1,2,1,0,0,1,54.0,,voiture,,3,1,1,1,6
202200048276,2022-11-29 19:05:00,2022,11,29,19,5,69,69388,Route de Vienne,45.7293582824,4.8536905646,Nuit avec éclairage allumé,En agglomération,Hors intersection,Normale,Deux véhicules - côté,4,2,4,2,1,1,1,0,3,50,2,2,1,0,0,1,30.0,39.0,voiture,deux_roues,5,2,1,1,3
202200048277,2022-06-09 16:50:00,2022,6,9,16,50,22,22278,PARIS (DE),48.50479,-2.74291,Plein jour,En agglomération,Hors intersection,Temps éblouissant,Trois véhicules et plus - collisions multiples,4,2,2,0,1,1,1,0,1,50,3,4,2,0,0,2,44.0,41.0,voiture,voiture,1,2,1,7,5
202200048278,2022-10-27 05:00:00,2022,10,27,5,0,988,98827,Tribu de Montfaoué,-21.26947,165.29034,Nuit sans éclairage public,Hors agglomération,Hors intersection,Normale,Sans collision,4,2,2,0,2,4,1,0,8,-1,1,1,0,1,0,0,79.0,,voiture,,3,1,1,1,7
202200048279,2022-07-07 08:55:00,2022,7,7,8,55,27,27229,ROUX (RUE DU DOCTEUR),49.0251,1.13857,Plein jour,En agglomération,Hors intersection,Normale,Deux véhicules - arrière,4,2,2,0,1,1,1,0,1,50,2,2,1,0,0,1,59.0,25.0,deux_roues,utilitaire_camion,1,2,1,1,2
202200048280,2022-02-17 13:10:00,2022,2,17,13,10,58,58102,D2,47.387629,3.109066,Plein jour,Hors agglomération,Hors intersection,Normale,Autre collision,3,2,2,0,2,2,1,0,3,80,1,1,0,0,1,0,44.0,,voiture,,1,1,1,1,6
202200048281,2022-08-16 09:44:00,2022,8,16,9,44,33,33539,Izon (Embranchement d'autoroute),44.88331,-0.337186,Plein jour,Hors agglomération,Hors intersection,Normale,Autre collision,2,3,4,0,1,1,1,0,3,110,1,3,0,1,2,0,86.0,,voiture,,1,1,1,1,6
202200048282,2022-09-20 20:28:00,2022,9,20,20,28,63,63113,avenue de l'Union Soviétique,45.77742,3.09684,Nuit avec éclairage allumé,En agglomération,Hors intersection,Normale,Deux véhicules - frontale,4,2,2,3,1,1,1,0,1,50,2,2,1,0,0,1,44.0,24.0,deux_roues,voiture,5,2,1,1,1
202200048283,2022-07-08 17:25:00,2022,7,8,17,25,26,26313,Route d'Alixan,44.9584716719,4.963824749,Plein jour,Hors agglomération,Hors intersection,Normale,Deux véhicules - côté,3,2,2,0,1,1,1,0,1,80,2,2,1,0,1,0,39.0,25.0,deux_roues,voiture,1,1,1,1,3
202200048284,2022-02-19 17:05:00,2022,2,19,17,5,80,80570,14 Place Norbert Malterre,49.771919,2.482796,Plein jour,En agglomération,Hors intersection,Normale,Autre collision,3,2,2,0,1,1,1,0,1,30,1,2,1,0,0,1,42.0,,deux_roues,,1,2,1,1,6
202200048285,2022-10-22 07:40:00,2022,10,22,7,40,988,98811,RT1/Rue de la Caferie,-21.068112,164.866902,Plein jour,Hors agglomération,Intersection en T,Normale,Deux véhicules - côté,2,2,2,0,1,1,1,0,1,-1,2,2,1,0,0,1,34.0,44.0,utilitaire_camion,utilitaire_camion,1,1,3,1,3
202200048286,2022-06-09 19:30:00,2022,6,9,19,30,17,17300,BETHENCOURT   RUE DE (55 et 6),46.17244,-1.20039,Plein jour,En agglomération,Hors intersection,Normale,Deux véhicules - côté,4,2,2,1,1,1,1,0,5,50,2,2,1,0,0,1,21.0,46.0,voiture,deux_roues,1,2,1,1,3
202200048287,2022-11-28 16:28:00,2022,11,28,16,28,91,91433,R.D. 20,48.44311,2.175547,Plein jour,Hors agglomération,Hors intersection,Temps couvert,Deux véhicules - arrière,3,-1,2,0,1,1,1,0,1,70,2,2,1,0,0,1,23.0,60.0,utilitaire_camion,voiture,1,1,1,8,2
202200048288,2022-08-16 10:00:00,2022,8,16,10,0,50,50492,Le Haut de Rouxeville,49.102242,-0.952104,Plein jour,Hors agglomération,Hors intersection,Normale,Trois véhicules et plus - en chaîne,3,2,2,0,3,1,1,0,1,80,3,3,1,1,1,0,61.0,58.0,deux_roues,deux_roues,1,1,1,1,4
202200048289,2022-09-17 17:45:00,2022,9,17,17,45,62,62041,Rue du 8 Mai 1945,50.2978173926,2.7578652799,Plein jour,En agglomération,Hors intersection,Normale,Deux véhicules - côté,4,2,2,0,2,1,1,0,1,50,2,2,1,0,0,1,27.0,52.0,utilitaire_camion,deux_roues,1,2,1,1,3
202200048290,2022-10-21 10:20:00,2022,10,21,10,20,33,33199,route des lacs,44.623965,-1.108653,Plein jour,En agglomération,Hors intersection,Normale,Deux véhicules - côté,3,2,2,0,1,1,1,0,1,50,2,2,1,0,1,0,76.0,62.0,voiture,deux_roues,1,2,1,1,3
202200048291,2022-06-09 20:45:00,2022,6,9,20,45,14,14333,D580,49.41823,0.24026,Plein jour,En agglomération,Giratoire,Normale,Autre collision,3,1,2,0,1,2,1,5,1,50,1,1,0,0,1,0,67.0,,deux_roues,,1,2,6,1,6
202200048292,2022-02-14 13:50:00,2022,2,14,13,50,80,80806,D175,50.3050797732,1.7189311983,Plein jour,Hors agglomération,Hors intersection,Normale,Deux véhicules - frontale,3,2,2,0,1,1,1,0,1,80,2,3,0,0,1,2,39.0,38.0,utilitaire_camion,voiture,1,1,1,1,1
202200048293,2022-07-07 15:45:00,2022,7,7,15,45,26,26198,NITRIERE (Chemin de la ),44.57118,4.74643,Plein jour,En agglomération,Hors intersection,Normale,Autre collision,4,2,2,0,1,1,1,0,1,50,3,4,2,0,0,2,57.0,56.0,voiture,voiture,1,2,1,1,6
202200048294,2022-08-15 14:40:00,2022,8,15,14,40,56,56046,Lieu Dit Kerpetir,47.64233,-2.988877,Plein jour,Hors agglomération,Hors intersection,Normale,Deux véhicules - frontale,3,2,2,0,1,2,1,0,1,80,2,2,1,1,0,0,75.0,40.0,voiture,voiture,1,1,1,1,1
202200048295,2022-11-28 15:03:00,2022,11,28,15,3,87,87085,AUTOROUTE A20,45.91272,1.29289,Plein jour,Hors agglomération,Hors intersection,Pluie légère,Trois véhicules et plus - en chaîne,1,3,4,0,1,1,2,0,1,110,4,5,4,0,0,1,42.0,83.0,voiture,voiture,1,1,1,2,4
202200048296,2022-06-09 23:00:00,2022,6,9,23,0,13,13201,VOLTAIRE    PAIRS (BOULEVARD),43.30204,5.3823,Nuit sans éclairage public,En agglomération,Hors intersection,Normale,Deux véhicules - frontale,4,1,2,0,1,1,1,1,1,50,1,2,1,0,0,1,32.0,,voiture,,3,2,1,1,1
202200048297,2022-02-14 09:35:00,2022,2,14,9,35,82,82108,1418 Route de Labastide du Temple,44.094334,1.22446,Plein jour,Hors agglomération,Hors intersection,Normale,Autre collision,3,2,2,0,1,1,1,2,3,70,1,3,2,0,0,1,30.0,,utilitaire_camion,,1,1,1,1,6
202200048298,2022-09-19 19:15:00,2022,9,19,19,15,60,60159,Cours Guynemer,49.420062,2.824884,Plein jour,En agglomération,Intersection en T,Normale,Deux véhicules - côté,4,2,2,0,1,1,1,0,1,50,2,2,1,0,1,0,24.0,31.0,deux_roues,voiture,1,2,3,1,3
202200048299,2022-07-07 11:20:00,2022,7,7,11,20,25,25204,R-N 57.,46.92423,6.33699,Plein jour,En agglomération,Giratoire,Temps éblouissant,Deux véhicules - côté,2,1,2,0,1,2,1,9,1,50,2,2,0,0,0,2,43.0,16.0,voiture,voiture,1,2,6,7,3
202200048300,2022-10-26 19:35:00,2022,10,26,19,35,77,77360,D231,48.734437,2.988968,Nuit sans éclairage public,Hors agglomération,Hors intersection,Normale,Deux véhicules - frontale,3,2,2,0,1,1,1,0,1,80,3,7,1,0,5,1,58.0,58.0,voiture,voiture,3,1,1,1,1
202200048301,2022-08-16 12:10:00,2022,8,16,12,10,29,29161,ZAC de Penhoat Salaun,47.901412,-4.029397,Plein jour,En agglomération,Autre intersection,Normale,Autre collision,6,-1, -1,0,1,1,1,0,1,-1,1,3,2,0,0,1,87.0,,voiture,,1,2,9,1,6
202200048302,2022-11-28 19:34:00,2022,11,28,19,34,87,87085,PERRIN (RUE FRANCOIS),45.82504,1.23148,Nuit avec éclairage allumé,En agglomération,Intersection en T,Pluie légère,Sans collision,4,2,2,0,1,1,2,0,1,50,2,2,1,0,0,1,52.0,65.0,deux_roues,voiture,5,2,3,2,7
202200048303,2022-09-21 17:07:00,2022,9,21,17,7,60,60057,Avenue Blaise Pascal,49.4187367516,2.1141600608,Plein jour,En agglomération,Hors intersection,Normale,Deux véhicules - côté,4,2,2,0,1,1,1,0,1,50,2,2,1,0,0,1,40.0,42.0,deux_roues,voiture,1,2,1,1,3
202200048304,2022-06-09 14:30:00,2022,6,9,14,30,13,13201,LONGCHAMP (BOULEVARD)   1 A 21,43.30243,5.39018,Plein jour,En agglomération,Hors intersection,Normale,Deux véhicules - côté,4,2,2,3,2,1,1,-1,6,30,2,2,1,0,0,1,13.0,56.0,deux_roues,transport_commun,1,2,1,1,3
202200048305,2022-02-18 15:30:00,2022,2,18,15,30,11,11018,D911,43.1904050718,2.2028874682,Plein jour,Hors agglomération,Hors intersection,Normale,Trois véhicules et plus - collisions multiples,3,2,2,0,2,2,1,0,1,80,3,3,1,0,2,0,45.0,66.0,utilitaire_camion,deux_roues,1,1,1,1,5
202200048306,2022-07-09 19:50:00,2022,7,9,19,50,70,70285,MONT VAUDOIS(AVENUE DU),47.57853,6.759,Plein jour,En agglomération,Intersection en T,Normale,Autre collision,3,-1,2,0,2,3,1,8,1,30,1,2,1,0,0,1,34.0,,voiture,,1,2,3,1,6
202200048307,2022-10-26 17:15:00,2022,10,26,17,15,66,66041,,42.787857,2.786804,Plein jour,Hors agglomération,Hors intersection,Normale,Sans collision,4,2,1,0,2,2,1,0,8,-1,1,1,0,1,0,0,68.0,,deux_roues,,1,1,1,1,7
202200048308,2022-11-27 10:30:00,2022,11,27,10,30,83,83009,ONZE NOVEMBRE 1945 (AV DU),43.1362916188,5.753249824,Plein jour,En agglomération,Hors intersection,Normale,Autre collision,4,3,2,0,1,1,1,0,1,30,2,2,1,0,0,1,36.0,74.0,voiture,deux_roues,1,2,1,1,6
202200048309,2022-08-16 14:10:00,2022,8,16,14,10,76,76647,D6015,49.537854,0.371926,Plein jour,Hors agglomération,Intersection en T,Normale,Deux véhicules - arrière,3,2,2,0,1,1,1,0,1,70,2,2,1,0,1,0,62.0,27.0,deux_roues,utilitaire_camion,1,1,3,1,2
202200048310,2022-06-09 12:00:00,2022,6,9,12,0,13,13212,EUGENE BERTRAND (PLACE),43.311404582,5.4466235862,Plein jour,En agglomération,Place,Normale,Deux véhicules - arrière,4,2,2,0,1,1,1,0,1,50,2,2,1,0,1,0,28.0,55.0,voiture,deux_roues,1,2,7,1,2
202200048311,2022-07-10 21:40:00,2022,7,10,21,40,25,25056,TREY  RUE DE (inf 36),47.253716,6.020069,Crépuscule ou aube,En agglomération,Hors intersection,Normale,Autre collision,4,2,2,0,1,1,1,0,1,50,1,2,1,0,1,0,57.0,,voiture,,2,2,1,1,6
202200048312,2022-02-18 20:00:00,2022,2,18,20,0,89,89277,D91,47.683664,3.869827,Nuit sans éclairage public,Hors agglomération,Hors intersection,Normale,Deux véhicules - frontale,3,2,2,0,2,1,1,0,1,80,2,4,2,0,1,1,57.0,52.0,voiture,voiture,3,1,1,1,1
202200048313,2022-09-21 20:55:00,2022,9,21,20,55,59,59350,ESPLANADE FACADE,50.64491,3.05098,Nuit avec éclairage allumé,En agglomération,Intersection en T,Normale,Deux véhicules - côté,7,1,2,0,1,1,1,0,1,50,2,3,2,0,0,1,36.0,35.0,deux_roues,voiture,5,2,3,1,3
202200048314,2022-10-27 07:30:00,2022,10,27,7,30,34,34058,D68,43.668089,3.974433,Nuit sans éclairage public,Hors agglomération,Giratoire,Normale,Deux véhicules - côté,3,1,2,0,1,1,1,5,1,90,2,2,1,0,0,1,32.0,32.0,voiture,deux_roues,3,1,6,1,3
202200048315,2022-07-08 22:00:00,2022,7,8,22,0,25,25056,WYRSCH RUE JEAN,47.255092,6.016558,Nuit avec éclairage allumé,En agglomération,Hors intersection,Normale,Autre collision,6,-1,0,0,1,1,1,0,8,50,1,2,1,0,0,1,,,voiture,,5,2,1,1,6
202200048316,2022-11-29 09:02:00,2022,11,29,9,2,78,78502,SIMON VOUET (AVENUE),48.879902,2.109835,Plein jour,En agglomération,Intersection en X,Temps couvert,Deux véhicules - arrière,3,3,4,0,1,1,1,0,1,50,2,2,1,1,0,0,62.0,51.0,deux_roues,utilitaire_camion,1,2,2,8,2
202200048317,2022-06-09 11:35:00,2022,6,9,11,35,13,13215,SAINT ANTOINE (AVENUE DE),43.37767,5.35647,Plein jour,En agglomération,Hors intersection,Normale,Autre collision,1,2,4,0,1,1,1,0,1,50,1,2,1,0,1,0,38.0,,utilitaire_camion,,1,2,1,1,6
202200048318,2022-08-16 07:00:00,2022,8,16,7,0,60,60259,D49,49.201266,2.263321,Plein jour,Hors agglomération,Hors intersection,Normale,Deux véhicules - arrière,3,2,2,0,1,1,1,0,1,80,2,3,1,0,0,2,27.0,17.0,utilitaire_camion,voiture,1,1,1,1,2
202200048319,2022-09-20 16:00:00,2022,9,20,16,0,57,57306,FOCH (RUE ),49.32971,6.06279,Plein jour,En agglomération,Hors intersection,Normale,Autre collision,4,2,2,0,1,1,1,0,1,30,1,2,1,0,0,1,61.0,,voiture,,1,2,1,1,6
202200048320,2022-02-11 16:55:00,2022,2,11,16,55,76,76618,Rue de la Grand Mare,49.936013,1.317512,Plein jour,En agglomération,Hors intersection,Temps éblouissant,Deux véhicules - côté,3,2,2,0,1,3,1,0,1,50,2,3,1,0,0,2,37.0,37.0,voiture,utilitaire_camion,1,2,1,7,3
202200048321,2022-07-07 11:00:00,2022,7,7,11,0,25,25056,PAPIN RUE DENIS,47.244203,5.986896,Plein jour,En agglomération,Hors intersection,Normale,Autre collision,3,2,2,0,1,1,1,0,8,50,1,2,1,0,0,1,44.0,,voiture,,1,2,1,1,6
202200048322,2022-10-27 14:55:00,2022,10,27,14,55,68,68309,24 Rue Rogg-haas,47.6523,7.457276,Plein jour,En agglomération,Intersection en T,Normale,Deux véhicules - côté,3,2,2,0,1,1,1,0,1,-1,2,2,1,0,1,0,16.0,26.0,deux_roues,voiture,1,2,3,1,3