accident_id,datetime,annee,mois,jour,heure,minute,departement,commune_insee,adresse,latitude,longitude,luminosite,agglomeration,intersection,meteo,collision,catr,circ,nbv,vosp,prof,plan,surf,infra,situ,vma,nb_vehicules,nb_usagers,nb_indemnes,nb_tues,nb_blesses_hosp,nb_blesses_legers,age_cond_1,age_cond_2,veh_type_cond_1,veh_type_cond_2,lum_code,agg_code,int_code,atm_code,col_code
202200048323,2022-08-16 10:15:00,2022,8,16,10,15,60,60668,Rue de la Montagne,49.503447,2.06014,Plein jour,Hors agglomération,Intersection en Y,Normale,Deux véhicules - côté,4,2,2,0,1,3,1,0,1,80,2,2,1,0,0,1,69.0,53.0,utilitaire_camion,deux_roues,1,1,4,1,3
202200048324,2022-06-08 18:45:00,2022,6,8,18,45,13,13208,JULES CANTINI (AVENUE),43.28307,5.38908,Plein jour,En agglomération,Intersection à plus de 4 branches,Normale,Deux véhicules - côté,4,1,2,0,1,1,1,8,1,50,2,2,1,0,0,1,47.0,24.0,deux_roues,voiture,1,2,5,1,3
202200048325,2022-11-29 16:58:00,2022,11,29,16,58,78,78172,AMBASSADEUR (RUE DE L'),49.007186,2.11556,Crépuscule ou aube,En agglomération,Intersection en X,Normale,Deux véhicules - frontale,3,2,2,0,1,1,1,0,1,50,2,2,1,0,0,1,56.0,27.0,deux_roues,voiture,2,2,2,1,1
202200048326,2022-02-18 19:25:00,2022,2,18,19,25,61,61129,Lieu Dit le Tellier,48.474529,0.601759,Nuit sans éclairage public,Hors agglomération,Hors intersection,Normale,Autre collision,3,2,2,0,1,1,2,0,1,90,1,2,1,0,1,0,33.0,,voiture,,3,1,1,1,6
202200048327,2022-10-27 18:35:00,2022,10,27,18,35,67,67131,2 rue du maréchale de lattre de tassigny,48.484172,7.716795,Nuit avec éclairage non allumé,En agglomération,Intersection en T,Normale,Deux véhicules - côté,7,2,2,0,1,3,1,0,1,50,2,2,1,0,0,1,33.0,62.0,voiture,voiture,4,2,3,1,3
202200048328,2022-09-21 13:20:00,2022,9,21,13,20,54,54482,CARNOT (AVENUE),48.70191,6.2126,Plein jour,En agglomération,Intersection en X,Normale,Deux véhicules - côté,4,3,2,0,1,1,1,0,1,50,2,5,3,0,0,2,36.0,32.0,voiture,voiture,1,2,2,1,3
202200048329,2022-07-05 17:34:00,2022,7,5,17,34,24,24053,BOUVIER (AVENUE FIRMIN),45.1765,0.76945,Plein jour,En agglomération,Hors intersection,Normale,Trois véhicules et plus - collisions multiples,4,2,2,0,1,2,1,0,1,50,3,3,2,0,1,0,16.0,64.0,deux_roues,voiture,1,2,1,1,5
202200048330,2022-11-28 23:55:00,2022,11,28,23,55,72,72181,BOLLEE (AV) N° IMP 65 A 199,47.99813,0.21483,Nuit avec éclairage allumé,En agglomération,Hors intersection,Normale,Autre collision,4,2,3,0,1,2,1,0,1,50,1,1,0,0,0,1,18.0,,voiture,,5,2,1,1,6
202200048331,2022-02-18 15:40:00,2022,2,18,15,40,01,01227,D37,45.776443,5.742931,Plein jour,Hors agglomération,Hors intersection,Normale,Autre collision,3,2,2,0,1,1,1,0,3,80,1,1,0,0,0,1,27.0,,utilitaire_camion,,1,1,1,1,6
202200048332,2022-10-26 22:55:00,2022,10,26,22,55,03,03247,Les govignons,46.593666,3.146263,Nuit avec éclairage non allumé,Hors agglomération,Hors intersection,Normale,Sans collision,4,2,1,0,1,1,1,0,3,-1,1,1,0,0,1,0,21.0,,voiture,,4,1,1,1,7
202200048333,2022-06-08 11:00:00,2022,6,8,11,0,13,13215,SAINT ANTOINE (AVENUE DE),43.3771,5.35637,Plein jour,En agglomération,Autre intersection,Normale,Deux véhicules - côté,4,2,4,3,1,1,1,3,1,50,2,3,2,0,1,0,51.0,37.0,voiture,deux_roues,1,2,9,1,3
202200048334,2022-08-15 20:50:00,2022,8,15,20,50,59,59249,Rue des Champs,50.015771,4.071953,Crépuscule ou aube,En agglomération,Intersection en T,Normale,Deux véhicules - côté,4,2,2,0,1,1,1,0,1,50,2,3,1,0,1,1,27.0,44.0,voiture,deux_roues,2,2,3,1,3
202200048335,2022-07-03 20:24:00,2022,7,3,20,24,21,21054,RESISTANCE (AVENUE DE LA),47.0149,4.83083,Plein jour,En agglomération,Hors intersection,Normale,Autre collision,4,2,2,0,1,1,1,0,4,50,1,1,0,0,1,0,36.0,,deux_roues,,1,2,1,1,6
202200048336,2022-02-19 02:00:00,2022,2,19,2,0,68,68288,D432,47.552665,7.259624,Nuit sans éclairage public,Hors agglomération,Hors intersection,Pluie légère,Sans collision,3,2,2,0,1,1,2,0,3,80,1,1,0,0,0,1,20.0,,voiture,,3,1,1,2,7
202200048337,2022-11-28 17:50:00,2022,11,28,17,50,72,72181,MONTAIGU (RUE DE),47.9909,0.16555,Nuit avec éclairage allumé,En agglomération,Hors intersection,Normale,Deux véhicules - côté,4,-1,0,0,1,1,2,0,1,30,2,2,1,0,0,1,31.0,52.0,voiture,deux_roues,5,2,1,1,3
202200048338,2022-09-21 18:42:00,2022,9,21,18,42,51,51454,boulevard Henry Vasnier,49.24606,4.04681,Plein jour,En agglomération,Intersection en X,Normale,Deux véhicules - frontale,4,2,2,1,2,1,1,0,1,50,2,3,2,0,0,1,18.0,23.0,deux_roues,voiture,1,2,2,1,1
202200048339,2022-09-21 17:55:00,2022,9,21,17,55,51,51454,avenue Christophe Colomb,49.22776,4.03604,Plein jour,En agglomération,Hors intersection,Normale,Sans collision,4,3,2,0,1,1,1,0,1,50,1,1,0,0,0,1,40.0,,deux_roues,,1,2,1,1,7
202200048340,2022-08-15 22:00:00,2022,8,15,22,0,13,13202,A55-Sens Martigues vers Marseille,43.31514,5.36534,Nuit avec éclairage allumé,Hors agglomération,Hors intersection,Normale,Deux véhicules - arrière,1,-1,2,0,1,1,1,0,1,70,2,4,1,0,0,3,46.0,27.0,voiture,voiture,5,1,1,1,2
202200048341,2022-07-07 19:07:00,2022,7,7,19,7,19,19275,TURGOT (AVENUE) N° PAIRS,45.5427763894,2.3014318943,Plein jour,En agglomération,Intersection en T,Normale,Deux véhicules - côté,3,2,2,0,2,1,1,0,1,50,2,3,2,0,0,1,24.0,22.0,voiture,deux_roues,1,2,3,1,3
202200048342,2022-10-27 04:50:00,2022,10,27,4,50,76,76647,D6015,49.539239,0.375938,Nuit sans éclairage public,Hors agglomération,Hors intersection,Normale,Deux véhicules - frontale,3,2,2,0,1,1,1,0,1,-1,2,2,0,0,0,2,59.0,44.0,voiture,voiture,3,1,1,1,1
202200048343,2022-11-29 21:10:00,2022,11,29,21,10,69,69266,Boulevard de la Bataille de Stalingrad,45.78203,4.85994,Nuit sans éclairage public,En agglomération,Hors intersection,Normale,Deux véhicules - côté,4,2,6,0,1,1,1,0,1,50,2,2,1,0,1,0,34.0,37.0,deux_roues,voiture,3,2,1,1,3
202200048344,2022-02-17 18:50:00,2022,2,17,18,50,05,05046,Avenue des Acacias,44.555177,6.481148,Nuit avec éclairage allumé,En agglomération,Intersection en X,Normale,Deux véhicules - côté,4,2,2,0,1,1,1,0,1,50,2,3,2,0,0,1,20.0,34.0,voiture,voiture,5,2,2,1,3
202200048345,2022-06-08 17:05:00,2022,6,8,17,5,10,10297,JEAN JAURES (RUE),48.3216,4.09883,Plein jour,En agglomération,Hors intersection,Pluie légère,Trois véhicules et plus - collisions multiples,3,2,2,0,1,1,1,0,1,50,3,3,2,0,0,1,22.0,41.0,voiture,voiture,1,2,1,2,5
202200048346,2022-08-15 10:55:00,2022,8,15,10,55,91,91659,AUTOROUTE A6,48.58038,2.46054,Plein jour,Hors agglomération,Hors intersection,Pluie légère,Sans collision,1,3,6,0,1,1,2,0,1,110,1,1,0,0,0,1,58.0,,voiture,,1,1,1,2,7
202200048347,2022-07-10 18:25:00,2022,7,10,18,25,17,17306,REPUBLIQUE (DE LA) (BD),45.62424,-1.0284,Plein jour,En agglomération,Hors intersection,Normale,Deux véhicules - frontale,4,2,2,0,1,1,1,0,1,30,2,2,1,0,0,1,92.0,26.0,voiture,deux_roues,1,2,1,1,1
202200048348,2022-09-21 16:50:00,2022,9,21,16,50,51,51454,avenue de Champagne,49.21361,4.01562,Plein jour,En agglomération,Giratoire,Normale,Deux véhicules - côté,3,1,2,0,1,1,1,0,6,50,2,3,2,0,0,1,36.0,80.0,deux_roues,voiture,1,2,6,1,3
202200048349,2022-10-27 17:00:00,2022,10,27,17,0,80,80436,Route du Treport,49.722121,1.836042,Plein jour,En agglomération,Hors intersection,Normale,Deux véhicules - frontale,3,2,2,0,1,1,1,0,1,50,2,3,1,0,2,0,67.0,26.0,voiture,utilitaire_camion,1,2,1,1,1
202200048350,2022-06-08 07:55:00,2022,6,8,7,55,10,10387,MARNE (RUE),48.2787578483,4.0721002221,Plein jour,En agglomération,Hors intersection,Pluie légère,Sans collision,6,-1, -1,0,1,1,1,0,8,10,1,1,0,0,0,1,41.0,,voiture,,1,2,1,2,7
202200048351,2022-01-26 10:35:00,2022,1,26,10,35,09,09086,D117,43.035153,1.050653,Plein jour,Hors agglomération,Hors intersection,Normale,Deux véhicules - arrière,3,3,4,0,1,1,1,0,1,110,2,2,1,0,1,0,37.0,78.0,utilitaire_camion,voiture,1,1,1,1,2
202200048352,2022-08-14 22:15:00,2022,8,14,22,15,93,93064,AUTOROUTE A103,48.8866469305,2.4790584414,Nuit sans éclairage public,Hors agglomération,Hors intersection,Autre,Autre collision,1,1,2,0,4,2,2,0,1,50,1,2,0,0,0,2,23.0,,voiture,,3,1,1,9,6
202200048353,2022-11-29 17:00:00,2022,11,29,17,0,69,69282,Rue de la République,45.76538,5.0092,Crépuscule ou aube,En agglomération,Hors intersection,Normale,Deux véhicules - côté,4,2,3,0,3,1,1,0,3,50,2,5,1,0,0,4,45.0,25.0,voiture,voiture,2,2,1,1,3
202200048354,2022-07-08 00:20:00,2022,7,8,0,20,17,17291,33 PK RN11 NANTES ROCADE,46.17171,-1.12219,Nuit sans éclairage public,En agglomération,Autre intersection,Normale,Deux véhicules - frontale,2,1,1,0,4,3,1,3,1,30,2,2,1,0,0,1,60.0,39.0,utilitaire_camion,voiture,3,2,9,1,1
202200048355,2022-06-09 05:30:00,2022,6,9,5,30,09,09122,LECLERC (AVENUE DU GENERAL),42.978015,1.609636,Nuit sans éclairage public,En agglomération,Hors intersection,Pluie légère,Autre collision,3,2,1,0,1,1,2,9,1,50,1,1,0,0,0,1,62.0,,voiture,,3,2,1,2,6
202200048356,2022-10-26 18:11:00,2022,10,26,18,11,62,62265,D157,50.634138,2.239339,Crépuscule ou aube,Hors agglomération,Hors intersection,Temps couvert,Deux véhicules - arrière,3,2,2,0,1,1,2,0,1,80,2,3,2,0,0,1,39.0,22.0,voiture,voiture,2,1,1,8,2
202200048357,2022-09-21 16:20:00,2022,9,21,16,20,51,51573,Rue Hélène Boucher,49.2417919605,3.9931306243,Plein jour,En agglomération,Hors intersection,Normale,Deux véhicules - côté,4,2,2,0,2,3,1,0,1,50,2,3,1,0,0,2,70.0,78.0,utilitaire_camion,voiture,1,2,1,1,3
202200048358,2022-07-07 18:30:00,2022,7,7,18,30,17,17200,04 PK RN237 RE MOULIN JUSTICE,46.1773,-1.16299,Plein jour,Hors agglomération,Hors intersection,Normale,Autre collision,2,3,4,0,1,1,1,0,1,90,1,1,0,0,0,1,27.0,,voiture,,1,1,1,1,6
202200048359,2022-02-18 22:45:00,2022,2,18,22,45,73,73162,D1090,45.59302,6.274266,Nuit sans éclairage public,Hors agglomération,Hors intersection,Pluie légère,Trois véhicules et plus - collisions multiples,3,2,2,0,1,1,2,0,1,80,3,5,2,0,1,2,44.0,42.0,voiture,voiture,3,1,1,2,5
202200048360,2022-08-14 23:20:00,2022,8,14,23,20,76,76165,Rue de la République,49.28372,1.01685,Nuit avec éclairage non allumé,En agglomération,Intersection en T,Normale,Deux véhicules - côté,4,1,1,0,1,1,1,-1,5,30,2,2,0,0,0,2,23.0,20.0,deux_roues,voiture,4,2,3,1,3
202200048361,2022-11-29 17:18:00,2022,11,29,17,18,69,69029,Route de Genas,45.74496,4.9298,Plein jour,En agglomération,Intersection en T,Normale,Deux véhicules - côté,7,2,2,3,1,1,1,0,1,50,2,2,1,0,0,1,29.0,,deux_roues,transport_commun,1,2,3,1,3
202200048362,2022-09-21 12:00:00,2022,9,21,12,0,51,51058,Avenue François Jacob,49.2235278092,4.0107098222,Plein jour,En agglomération,Intersection en T,Normale,Deux véhicules - côté,4,2,2,0,1,1,1,0,1,50,2,2,0,1,0,1,26.0,23.0,voiture,deux_roues,1,2,3,1,3
202200048363,2022-06-09 19:00:00,2022,6,9,19,0,06,06069,DE LATTRE DE TASSIGNY (AVENUE DU MARECHA,43.647785,6.927958,Plein jour,En agglomération,Hors intersection,Normale,Deux véhicules - côté,4,2,2,0,2,2,1,0,1,50,2,2,1,0,0,1,22.0,22.0,deux_roues,voiture,1,2,1,1,3
202200048364,2022-02-19 10:00:00,2022,2,19,10,0,85,85280,RD 948,46.88247,-1.96271,Plein jour,Hors agglomération,Hors intersection,Normale,Deux véhicules - côté,3,2,2,0,1,1,1,0,1,80,2,2,1,0,1,0,26.0,28.0,utilitaire_camion,deux_roues,1,1,1,1,3
202200048365,2022-08-14 08:22:00,2022,8,14,8,22,973,97302,MONTABO (ROUTE DE) 1,4.94501,-52.31339,Plein jour,En agglomération,Hors intersection,Normale,Deux véhicules - arrière,3,2,2,0,1,1,1,0,1,50,2,3,1,0,0,2,31.0,81.0,voiture,voiture,1,2,1,1,2
202200048366,2022-10-25 08:00:00,2022,10,25,8,0,33,33075,ROCADE A 630,44.880168,-0.626947,Nuit sans éclairage public,Hors agglomération,Hors intersection,Normale,Deux véhicules - arrière,1,3,4,0,1,1,1,0,1,70,2,2,1,0,0,1,26.0,58.0,deux_roues,voiture,3,1,1,1,2
202200048367,2022-11-29 07:45:00,2022,11,29,7,45,69,69266,Rue du 4 Août 1789,45.7646,4.89108,Plein jour,En agglomération,Hors intersection,Pluie légère,Deux véhicules - côté,4,1,1,2,1,1,2,0,5,30,2,2,1,0,0,1,25.0,45.0,utilitaire_camion,deux_roues,1,2,1,2,3
202200048368,2022-09-18 17:45:00,2022,9,18,17,45,51,51454,rue Jules Staat,49.26545,4.06067,Plein jour,En agglomération,Autre intersection,Normale,Sans collision,6,-1, -1,0,1,1,1,0,3,10,1,2,1,0,0,1,57.0,,utilitaire_camion,,1,2,9,1,7
202200048369,2022-07-07 22:55:00,2022,7,7,22,55,15,15014,VIALENC (BOULEVARD DU),44.918082,2.428854,Nuit avec éclairage allumé,En agglomération,Hors intersection,Normale,Deux véhicules - arrière,4,3,4,0,1,1,1,0,1,50,2,2,1,0,0,1,69.0,39.0,voiture,deux_roues,5,2,1,1,2
202200048370,2022-06-09 08:30:00,2022,6,9,8,30,06,06029,ALEXANDRE III (BOULEVARD ),43.546325,7.040818,Plein jour,En agglomération,Intersection en X,Normale,Deux véhicules - frontale,4,1,1,2,1,1,1,0,1,30,2,2,1,0,1,0,52.0,56.0,deux_roues,voiture,1,2,2,1,1
202200048371,2022-02-18 10:58:00,2022,2,18,10,58,27,27001,D438,49.170678,0.696023,Plein jour,Hors agglomération,Intersection en X,Vent fort / tempête,Deux véhicules - côté,3,2,1,0,1,1,2,0,1,80,2,2,1,0,1,0,32.0,87.0,deux_roues,voiture,1,1,2,6,3
202200048372,2022-10-26 10:25:00,2022,10,26,10,25,94,94034,AUTOROUTE A86,48.760530373,2.3196085577,Plein jour,Hors agglomération,Hors intersection,Normale,Trois véhicules et plus - en chaîne,1,1,2,0,1,1,1,1,1,70,3,3,2,0,0,1,27.0,42.0,voiture,voiture,1,1,1,1,4
202200048373,2022-08-14 21:30:00,2022,8,14,21,30,69,69388,Avenue de Pressensé,45.7292759006,4.860766232,Nuit avec éclairage allumé,En agglomération,Intersection en T,Normale,Deux véhicules - côté,4,2,2,0,1,1,1,0,1,50,2,2,1,0,0,1,23.0,29.0,deux_roues,utilitaire_camion,5,2,3,1,3
202200048374,2022-09-20 17:21:00,2022,9,20,17,21,49,49007,VOLTAIRE,47.46997,-0.5532,Plein jour,En agglomération,Hors intersection,Normale,Deux véhicules - côté,4,1,2,0,2,1,1,0,1,50,2,2,1,0,0,1,40.0,20.0,deux_roues,voiture,1,2,1,1,3
202200048375,2022-11-29 06:00:00,2022,11,29,6,0,69,69266,28 Route de Genas,45.7549625092,4.8784987525,Nuit avec éclairage allumé,En agglomération,Intersection en X,Pluie légère,Deux véhicules - côté,4,2,2,0,1,1,2,0,1,30,2,2,1,0,0,1,55.0,43.0,voiture,deux_roues,5,2,2,2,3
202200048376,2022-07-07 19:30:00,2022,7,7,19,30,14,14540,D406,49.15563,0.24079,Plein jour,En agglomération,Hors intersection,Normale,Deux véhicules - arrière,3,1,2,0,1,1,1,0,1,90,2,2,0,0,0,2,35.0,38.0,voiture,utilitaire_camion,1,2,1,1,2
202200048377,2022-05-06 15:59:00,2022,5,6,15,59,05,05061,4 EME  CHASSEUR ( RUE DU ),44.5606833924,6.0804444551,Plein jour,En agglomération,Autre intersection,Normale,Sans collision,4,1,1,0,2,1,1,9,8,50,1,2,1,0,0,1,50.0,,voiture,,1,2,9,1,7
202200048378,2022-02-18 07:55:00,2022,2,18,7,55,27,27466,D31,49.070949,0.872512,Crépuscule ou aube,Hors agglomération,Intersection en X,Vent fort / tempête,Deux véhicules - côté,3,-1,2,0,1,1,2,0,1,-1,2,2,1,0,0,1,45.0,45.0,voiture,voiture,2,1,2,6,3
202200048379,2022-08-14 06:45:00,2022,8,14,6,45,972,97209,Chateauboeuf  (Pont de),14.61837,-61.03628,Plein jour,En agglomération,Hors intersection,Normale,Autre collision,1,1,4,3,1,1,1,3,1,90,1,1,0,0,0,1,27.0,,voiture,,1,2,1,1,6
202200048380,2022-10-26 19:30:00,2022,10,26,19,30,95,95582, A15,48.965656671,2.2585975521,Crépuscule ou aube,Hors agglomération,Hors intersection,Normale,Trois véhicules et plus - en chaîne,1,3,8,0,1,1,1,0,1,110,3,4,3,0,0,1,29.0,30.0,utilitaire_camion,voiture,2,1,1,1,4
202200048381,2022-07-08 13:25:00,2022,7,8,13,25,14,14327,avenue du parc saint-andré,49.20482,-0.34749,Plein jour,En agglomération,Hors intersection,Normale,Autre collision,4,3,2,0,1,1,1,0,1,50,1,1,0,0,1,0,47.0,,deux_roues,,1,2,1,1,6
202200048382,2022-11-29 20:25:00,2022,11,29,20,25,69,69259,Boulevard de Jodino,45.6912485405,4.882324934,Nuit avec éclairage allumé,En agglomération,Hors intersection,Normale,Deux véhicules - frontale,4,2,3,0,2,1,1,0,1,50,2,2,1,0,0,1,40.0,22.0,utilitaire_camion,utilitaire_camion,5,2,1,1,1
202200048383,2022-02-18 16:20:00,2022,2,18,16,20,08,08250,D977,49.36938,4.574604,Plein jour,Hors agglomération,Hors intersection,Vent fort / tempête,Sans collision,3,1,1,0,1,1,1,0,3,80,1,2,1,0,1,0,52.0,,utilitaire_camion,,1,1,1,6,7
202200048384,2022-09-20 11:47:00,2022,9,20,11,47,49,49007,RABELAIS,47.46404,-0.54839,Plein jour,En agglomération,Hors intersection,Normale,Deux véhicules - arrière,4,2,2,0,1,1,1,0,1,30,2,5,2,0,0,3,18.0,56.0,voiture,transport_commun,1,2,1,1,2
202200048385,2022-06-09 12:10:00,2022,6,9,12,10,04,04112,RD 907,43.83234658,5.762349718,Plein jour,Hors agglomération,Intersection en Y,Normale,Deux véhicules - frontale,3,2,2,0,2,1,1,5,1,80,2,2,0,0,2,0,57.0,70.0,voiture,voiture,1,1,4,1,1
202200048386,2022-08-12 19:10:00,2022,8,12,19,10,971,97113,RN4 - SECTION RIVIERA,16.2109005618,-61.4734143019,Nuit avec éclairage allumé,En agglomération,Intersection en T,Normale,Deux véhicules - côté,2,2,2,2,1,1,1,0,5,70,2,3,1,0,2,0,56.0,22.0,voiture,deux_roues,5,2,3,1,3
202200048387,2022-02-19 01:30:00,2022,2,19,1,30,42,42143,A72,45.778628,4.146953,Nuit sans éclairage public,Hors agglomération,Hors intersection,Normale,Sans collision,1,3,4,0,1,1,1,0,3,130,1,1,0,0,1,0,22.0,,voiture,,3,1,1,1,7
202200048388,2022-10-25 22:03:00,2022,10,25,22,3,93,93010,AUTOROUTE A3,48.9174,2.47841,Nuit sans éclairage public,Hors agglomération,Hors intersection,Temps couvert,Deux véhicules - arrière,1,3,8,0,1,1,2,0,1,110,2,3,1,0,0,2,29.0,25.0,voiture,voiture,3,1,1,8,2
202200048389,2022-09-20 10:40:00,2022,9,20,10,40,49,49007,HAUT CHENE,47.4677,-0.5985,Plein jour,En agglomération,Hors intersection,Normale,Autre collision,4,2,2,0,1,1,1,0,1,30,1,2,1,0,0,1,91.0,,utilitaire_camion,,1,2,1,1,6
202200048390,2022-07-07 08:30:00,2022,7,7,8,30,14,14327,D515,49.21597,-0.31989,Plein jour,Hors agglomération,Hors intersection,Temps couvert,Trois véhicules et plus - en chaîne,3,1,2,0,2,1,1,0,1,90,3,3,0,0,0,3,59.0,32.0,voiture,voiture,1,1,1,8,4
202200048391,2022-11-29 11:00:00,2022,11,29,11,0,69,69029,Boulevard de l'Université,45.72721,4.92717,Plein jour,En agglomération,Intersection à plus de 4 branches,Normale,Trois véhicules et plus - collisions multiples,7,1,3,0,1,1,1,0,1,50,3,3,2,0,0,1,19.0,57.0,voiture,transport_commun,1,2,5,1,5
202200048392,2022-06-09 00:45:00,2022,6,9,0,45,75,75117,PORTE DE SAINT OUEN,48.900558,2.32762,Nuit avec éclairage allumé,En agglomération,Hors intersection,Normale,Deux véhicules - côté,4,3,8,0,1,1,2,0,1,70,2,3,2,0,0,1,43.0,42.0,deux_roues,voiture,5,2,1,1,3
202200048393,2022-02-18 21:05:00,2022,2,18,21,5,78,78466,Route de 40 sous,48.925129,1.991841,Nuit avec éclairage allumé,En agglomération,Intersection en T,Normale,Deux véhicules - côté,3,3,4,0,1,1,1,0,1,70,2,2,1,0,0,1,40.0,35.0,deux_roues,voiture,5,2,3,1,3
202200048394,2022-08-14 00:47:00,2022,8,14,0,47,971,97113,RN4 - SECTION RIVIERA,16.2113744653,-61.4740365744,Nuit avec éclairage allumé,Hors agglomération,Intersection en T,Normale,Deux véhicules - côté,2,2,2,1,1,1,1,0,5,70,2,3,1,0,1,1,44.0,63.0,voiture,voiture,5,1,3,1,3
202200048395,2022-10-26 03:35:00,2022,10,26,3,35,77,77495,A105,48.570973,2.641001,Nuit sans éclairage public,Hors agglomération,Autre intersection,Normale,Deux véhicules - côté,1,3,2,0,1,1,1,0,1,110,2,3,2,0,0,1,55.0,,utilitaire_camion,voiture,3,1,9,1,3
202200048396,2022-09-20 17:30:00,2022,9,20,17,30,48,48095,BELLEVUE (RUE),44.5232738007,3.5081201792,Plein jour,En agglomération,Hors intersection,Normale,Deux véhicules - frontale,4,2,2,0,4,3,1,0,1,50,2,3,1,0,0,2,69.0,38.0,voiture,voiture,1,2,1,1,1
202200048397,2022-07-06 21:45:00,2022,7,6,21,45,14,14327,boulevard de la paix,49.1879943237,-0.3331995607,Plein jour,En agglomération,Intersection en T,Normale,Deux véhicules - côté,4,3,2,0,1,1,1,5,1,50,2,2,1,0,0,1,34.0,23.0,deux_roues,voiture,1,2,3,1,3
202200048398,2022-11-29 07:15:00,2022,11,29,7,15,67,67482,DUNKERQUE (RUE DE),48.57806,7.78395,Nuit avec éclairage allumé,En agglomération,Intersection en X,Normale,Deux véhicules - côté,4,1,1,0,1,1,2,9,1,50,2,2,1,0,0,1,46.0,19.0,voiture,deux_roues,5,2,2,1,3
202200048399,2022-10-26 19:00:00,2022,10,26,19,0,94,94018,A4,48.8187818956,2.4078014994,Nuit sans éclairage public,Hors agglomération,Hors intersection,Normale,Autre collision,1,2,10,0,1,1,1,0,1,90,1,1,0,0,0,1,32.0,,deux_roues,,3,1,1,1,6
202200048400,2022-08-13 13:00:00,2022,8,13,13,0,971,97101,ROUTE DE BOULIQUI,16.2580277779,-61.4567577839,Plein jour,Hors agglomération,Autre intersection,Normale,Deux véhicules - côté,3,2,2,0,1,1,1,0,1,70,2,2,1,0,0,1,52.0,32.0,voiture,deux_roues,1,1,9,1,3
202200048401,2022-06-09 16:45:00,2022,6,9,16,45,75,75106,BOULEVARD SAINT MICHEL,48.843949,2.33896,Plein jour,En agglomération,Intersection en X,Normale,Deux véhicules - côté,4,2,4,0,1,1,1,0,1,30,2,2,1,0,0,1,,17.0,deux_roues,deux_roues,1,2,2,1,3
202200048402,2022-10-26 19:00:00,2022,10,26,19,0,94,94079,A4,48.8286965958,2.5272705307,Nuit sans éclairage public,Hors agglomération,Hors intersection,Normale,Deux véhicules - côté,1,3,8,0,1,1,1,0,1,110,2,2,1,0,0,1,25.0,22.0,deux_roues,voiture,3,1,1,1,3
202200048403,2022-09-21 14:30:00,2022,9,21,14,30,45,45302,400 Rue Passe Debout,47.936937,1.889057,Plein jour,En agglomération,Intersection en T,Normale,Deux véhicules - côté,4,2,2,0,1,1,1,0,1,50,2,2,1,0,0,1,22.0,58.0,voiture,utilitaire_camion,1,2,3,1,3
202200048404,2022-11-25 13:21:00,2022,11,25,13,21,67,67218,VINCENT SCOTTO (RUE),48.52804,7.72185,Plein jour,En agglomération,Passage à niveau,Normale,Deux véhicules - côté,4,2,5,3,1,1,1,4,6,50,2,2,1,0,1,0,69.0,36.0,deux_roues,transport_commun,1,2,8,1,3
202200048405,2022-02-19 06:10:00,2022,2,19,6,10,38,38553,A43,45.630305,5.164905,Nuit sans éclairage public,Hors agglomération,Hors intersection,Normale,Trois véhicules et plus - collisions multiples,1,3,3,0,1,1,1,0,1,130,3,7,5,0,0,2,37.0,20.0,voiture,voiture,3,1,1,1,5
202200048406,2022-07-10 14:40:00,2022,7,10,14,40,13,13071,AVENUE BARREAU NORD-SUD,43.416618,5.364299,Plein jour,En agglomération,Hors intersection,Normale,Deux véhicules - frontale,6,2,2,0,1,2,1,0,1,50,2,5,3,0,0,2,20.0,27.0,voiture,voiture,1,2,1,1,1
202200048407,2022-08-13 11:30:00,2022,8,13,11,30,2A,2A004,T22,41.94844,8.76581,Plein jour,En agglomération,Hors intersection,Normale,Deux véhicules - arrière,2,2,2,0,2,1,1,0,1,50,2,4,1,0,0,3,24.0,24.0,voiture,voiture,1,2,1,1,2
202200048408,2022-10-26 12:00:00,2022,10,26,12,0,94,94017,A4,48.830322896,2.4893496496,Plein jour,Hors agglomération,Hors intersection,Normale,Deux véhicules - arrière,1,3,3,0,1,1,1,0,1,90,2,2,1,0,0,1,45.0,58.0,deux_roues,utilitaire_camion,1,1,1,1,2
202200048409,2022-06-09 07:45:00,2022,6,9,7,45,75,75120,AVENUE DE LA PORTE DE MONTREUIL,48.853781,2.410748,Plein jour,En agglomération,Intersection en X,Temps éblouissant,Deux véhicules - côté,4,2,2,1,1,1,1,-1,5,30,2,2,1,0,0,1,32.0,46.0,utilitaire_camion,deux_roues,1,2,2,7,3
202200048410,2022-02-19 13:30:00,2022,2,19,13,30,988,98822,Tiéti (Tribu),-20.922742,165.315619,Plein jour,Hors agglomération,Hors intersection,Normale,Autre collision,2,2,2,0,1,1,1,0,3,70,1,2,0,0,2,0,27.0,,voiture,,1,1,1,1,6
202200048411,2022-07-09 17:10:00,2022,7,9,17,10,13,13117,CHAVE ( CHEMIN LANGE),43.42091,5.27021,Plein jour,En agglomération,Hors intersection,Normale,Deux véhicules - arrière,4,1,1,0,2,1,1,0,1,70,2,2,1,0,0,1,33.0,31.0,voiture,voiture,1,2,1,1,2
202200048412,2022-11-29 18:40:00,2022,11,29,18,40,65,65440,121 Rue du Corps Franc Pommiès,43.2366321141,0.0542704761,Nuit avec éclairage allumé,En agglomération,Hors intersection,Pluie légère,Deux véhicules - arrière,3,2,1,0,1,1,2,0,1,50,2,2,1,0,0,1,38.0,27.0,voiture,voiture,5,2,1,2,2