accident_id,datetime,annee,mois,jour,heure,minute,departement,commune_insee,adresse,latitude,longitude,luminosite,agglomeration,intersection,meteo,collision,catr,circ,nbv,vosp,prof,plan,surf,infra,situ,vma,nb_vehicules,nb_usagers,nb_indemnes,nb_tues,nb_blesses_hosp,nb_blesses_legers,age_cond_1,age_cond_2,veh_type_cond_1,veh_type_cond_2,lum_code,agg_code,int_code,atm_code,col_code
202200048595,2022-08-14 21:15:00,2022,8,14,21,15,75,75103,RUE DES TOURNELLES,48.8569975855,2.3673444986,Nuit avec éclairage allumé,En agglomération,Intersection en T,Pluie légère,Sans collision,4,1,1,0,1,1,2,0,1,30,1,1,0,0,0,1,31.0,,deux_roues,,5,2,3,2,7
202200048596,2022-10-25 08:10:00,2022,10,25,8,10,69,69259,Route de Vienne,45.7246847964,4.8540392518,Plein jour,En agglomération,Intersection en T,Normale,Deux véhicules - côté,4,2,3,2,1,1,1,0,5,50,2,2,1,1,0,0,58.0,46.0,deux_roues,utilitaire_camion,1,2,3,1,3
202200048597,2022-07-07 00:05:00,2022,7,7,0,5,13,13001,RD9,43.50536,5.39899,Nuit sans éclairage public,Hors agglomération,Autre intersection,Normale,Deux véhicules - arrière,3,1,3,0,1,1,1,0,1,90,2,3,1,0,0,2,51.0,26.0,voiture,voiture,3,1,9,1,2
202200048598,2022-08-14 16:15:00,2022,8,14,16,15,94,94078,VILLENEUVE LE ROI (PONT DE),48.7281618767,2.4437499046,Plein jour,En agglomération,Hors intersection,Pluie légère,Autre collision,3,1,3,0,1,1,2,2,1,50,1,1,0,0,1,0,26.0,,voiture,,1,2,1,2,6
202200048599,2022-02-16 15:25:00,2022,2,16,15,25,973,97302,HAMEAU DES ENCENS (RUE DU) Cité St Marti,4.91705,-52.29869,Plein jour,En agglomération,Hors intersection,Normale,Autre collision,4,2,2,0,1,1,1,0,1,50,2,3,2,0,0,1,26.0,27.0,deux_roues,voiture,1,2,1,1,6
202200048600,2022-06-09 17:20:00,2022,6,9,17,20,94,94055,Avenue Olivier d'Ormesson / Rue des Côteaux,48.7808301845,2.5240284204,Plein jour,En agglomération,Intersection en T,Normale,Autre collision,3,2,2,0,1,1,1,0,1,50,1,2,1,0,1,0,21.0,,voiture,,1,2,3,1,6
202200048601,2022-11-29 07:25:00,2022,11,29,7,25,35,35238,PORTUGAL (BD DU),48.08374,-1.6738,Nuit avec éclairage allumé,En agglomération,Hors intersection,Pluie légère,Trois véhicules et plus - en chaîne,4,3,2,2,1,1,2,0,1,50,3,3,2,0,0,1,32.0,34.0,voiture,voiture,5,2,1,2,4
202200048602,2022-10-25 02:00:00,2022,10,25,2,0,67,67482,PAUL DOPFF (RUE) ,48.556,7.77156,Nuit avec éclairage allumé,En agglomération,Hors intersection,Pluie légère,Autre collision,4,2,2,0,1,3,2,0,3,50,1,3,0,1,0,2,20.0,,voiture,,5,2,1,2,6
202200048603,2022-06-29 18:02:00,2022,6,29,18,2,11,11262,,43.16916,2.98306,Plein jour,En agglomération,Hors intersection,Normale,Deux véhicules - arrière,4,2,2,0,1,1,1,0,1,50,2,2,1,0,0,1,49.0,36.0,voiture,voiture,1,2,1,1,2
202200048604,2022-11-29 15:40:00,2022,11,29,15,40,34,34172,Avenue de la Liberté,43.59696,3.8759,Plein jour,En agglomération,Hors intersection,Normale,Trois véhicules et plus - collisions multiples,4,2,2,0,1,1,1,2,1,500,3,3,2,0,1,0,,60.0,voiture,deux_roues,1,2,1,1,5
202200048605,2022-02-17 19:00:00,2022,2,17,19,0,69,69383,Rue Paul Bert,45.75697,4.86461,Nuit avec éclairage allumé,En agglomération,Intersection en X,Normale,Deux véhicules - côté,4,1,1,0,1,1,1,0,1,50,2,2,1,0,0,1,40.0,55.0,deux_roues,voiture,5,2,2,1,3
202200048606,2022-10-23 19:46:00,2022,10,23,19,46,66,66136,FOCH (MARECHAL),42.69408,2.88811,Nuit avec éclairage allumé,En agglomération,Hors intersection,Normale,Autre collision,4,1,2,0,1,1,1,0,1,30,1,3,2,0,0,1,73.0,,voiture,,5,2,1,1,6
202200048607,2022-07-08 07:55:00,2022,7,8,7,55,11,11069,Chemin Bernard Delicieux,43.1988,2.3502,Plein jour,En agglomération,Hors intersection,Normale,Sans collision,3,2,1,0,1,2,1,0,3,70,1,1,0,0,0,1,17.0,,deux_roues,,1,2,1,1,7
202200048608,2022-06-09 14:40:00,2022,6,9,14,40,94,94018,Rue de Paris / Rue Jeanne d'Arc,48.82537,2.40774,Plein jour,En agglomération,Intersection en T,Normale,Deux véhicules - côté,3,2,2,1,1,1,1,0,1,50,2,2,1,0,0,1,55.0,18.0,voiture,deux_roues,1,2,3,1,3
202200048609,2022-08-14 06:10:00,2022,8,14,6,10,94,94042,Avenue du President Kennedy,48.814921,2.463139,Nuit avec éclairage allumé,En agglomération,Intersection en X,Normale,Deux véhicules - côté,3,2,4,0,1,1,1,0,1,50,2,5,2,0,0,3,24.0,45.0,voiture,voiture,5,2,2,1,3
202200048610,2022-07-08 06:20:00,2022,7,8,6,20,11,11069,COLBERT,43.22524,2.32832,Crépuscule ou aube,Hors agglomération,Hors intersection,Normale,Autre collision,4,2,2,0,2,1,1,2,1,80,1,1,0,0,0,1,22.0,,voiture,,2,1,1,1,6
202200048611,2022-06-09 17:35:00,2022,6,9,17,35,94,94071,Rue des Fontaines,48.7715569012,2.5184091926,Plein jour,En agglomération,Autre intersection,Normale,Autre collision,6,-1,0,0,1,1,1,0,8,1,1,1,0,0,1,0,14.0,,deux_roues,,1,2,9,1,6
202200048612,2022-11-29 11:27:00,2022,11,29,11,27,34,34003,RD32,43.34171,3.48555,Plein jour,Hors agglomération,Hors intersection,Normale,Deux véhicules - côté,3,2,2,0,1,1,1,0,1,80,2,2,0,0,2,0,31.0,28.0,voiture,voiture,1,1,1,1,3
202200048613,2022-02-17 18:25:00,2022,2,17,18,25,69,69386,70 Rue Masséna,45.7674168979,4.8545756936,Nuit avec éclairage allumé,En agglomération,Hors intersection,Normale,Autre collision,4,1,1,0,1,1,1,0,1,50,1,2,1,0,1,0,73.0,,voiture,,5,2,1,1,6
202200048614,2022-10-22 15:27:00,2022,10,22,15,27,66,66136,,42.67126,2.89529,Plein jour,En agglomération,Hors intersection,Normale,Deux véhicules - côté,4,2,2,0,1,3,1,0,1,50,2,2,1,0,0,1,19.0,57.0,deux_roues,voiture,1,2,1,1,3
202200048615,2022-08-13 22:20:00,2022,8,13,22,20,94,94011,Rue Pierre Sémard / Rue Jean Catelas,48.7624096153,2.4795008727,Nuit avec éclairage allumé,En agglomération,Intersection en X,Normale,Deux véhicules - arrière,3,1,2,0,1,1,1,0,1,50,2,2,1,0,0,1,43.0,25.0,utilitaire_camion,voiture,5,2,2,1,2
202200048616,2022-10-22 00:16:00,2022,10,22,0,16,66,66136,,42.69827,2.88911,Nuit avec éclairage allumé,En agglomération,Hors intersection,Normale,Autre collision,4,1,3,0,1,1,1,5,4,50,1,1,0,0,0,1,53.0,,voiture,,5,2,1,1,6
202200048617,2022-06-08 23:20:00,2022,6,8,23,20,93,93071,Rue de la Bienfaisance,48.94094,2.5106,Nuit avec éclairage allumé,En agglomération,Hors intersection,Normale,Autre collision,4,2,2,0,1,1,1,0,1,50,1,2,1,0,0,1,25.0,,voiture,,5,2,1,1,6
202200048618,2022-07-05 10:45:00,2022,7,5,10,45,11,11069,,43.23561,2.3663,Plein jour,En agglomération,Hors intersection,Normale,Deux véhicules - côté,6,-1, -1,0,1,1,1,0,1,30,2,2,1,0,0,1,40.0,62.0,voiture,voiture,1,2,1,1,3
202200048619,2022-08-14 00:40:00,2022,8,14,0,40,94,94019,62bis Rue de Champigny,48.795193,2.52454,Nuit avec éclairage allumé,En agglomération,Hors intersection,Normale,Sans collision,3,2,2,0,1,1,1,0,1,30,1,1,0,0,1,0,49.0,,deux_roues,,5,2,1,1,7
202200048620,2022-11-29 18:35:00,2022,11,29,18,35,33,33192,Cours du Général de Gaulle,44.78205,-0.60767,Nuit avec éclairage allumé,En agglomération,Hors intersection,Normale,Autre collision,4,2,3,2,1,1,1,0,1,50,1,4,1,0,1,2,18.0,,voiture,,5,2,1,1,6
202200048621,2022-02-17 15:20:00,2022,2,17,15,20,69,69383,Rue Duguesclin,45.75968,4.84908,Plein jour,En agglomération,Intersection en X,Normale,Deux véhicules - côté,4,1,1,2,1,1,1,0,1,50,2,2,1,0,0,1,42.0,62.0,voiture,deux_roues,1,2,2,1,3
202200048622,2022-03-30 17:15:00,2022,3,30,17,15,94,94037,Avenue Lénine,48.8151,2.33296,Plein jour,En agglomération,Hors intersection,Pluie légère,Deux véhicules - arrière,4,2,2,0,1,1,2,0,1,50,2,2,1,0,0,1,51.0,,voiture,voiture,1,2,1,2,2
202200048623,2022-10-25 18:35:00,2022,10,25,18,35,64,64335,chemin Salié,43.3446,-0.43046,Plein jour,Hors agglomération,Hors intersection,Normale,Deux véhicules - côté,3,-1,2,0,1,2,1,0,1,70,2,2,1,0,0,1,21.0,41.0,deux_roues,voiture,1,1,1,1,3
202200048624,2022-07-10 17:45:00,2022,7,10,17,45,10,10387,JEAN BERTHELIN (RUE),48.2748247197,4.0764856339,Plein jour,En agglomération,Hors intersection,Normale,Autre collision,4,1,1,0,1,1,1,0,1,50,1,2,1,0,0,1,22.0,,voiture,,1,2,1,1,6
202200048625,2022-06-09 15:25:00,2022,6,9,15,25,93,93066,Avenue du Stade de France / Rue Francis de Pressensé,48.919657,2.361778,Plein jour,En agglomération,Intersection en X,Normale,Autre collision,3,3,2,0,1,1,1,0,1,50,2,2,0,0,0,1,,42.0,voiture,deux_roues,1,2,2,1,6
202200048626,2022-11-29 08:15:00,2022,11,29,8,15,33,33063,Boulevard Alfred Daney,44.8727174996,-0.5597394705,Crépuscule ou aube,En agglomération,Hors intersection,Pluie légère,Deux véhicules - côté,4,2,4,2,1,1,2,0,5,50,2,2,1,0,0,1,58.0,45.0,utilitaire_camion,deux_roues,2,2,1,2,3
202200048627,2022-08-14 18:10:00,2022,8,14,18,10,94,94018,Rue du Pont / Quai des Carrieres,48.8178339988,2.4195443094,Plein jour,En agglomération,Intersection en X,Normale,Deux véhicules - côté,3,3,3,1,1,1,1,0,1,50,2,3,1,0,0,2,55.0,19.0,voiture,deux_roues,1,2,2,1,3
202200048628,2022-02-17 12:00:00,2022,2,17,12,0,69,69259,Avenue Francis de Pressensé,45.72335,4.86524,Plein jour,En agglomération,Hors intersection,Normale,Deux véhicules - côté,4,2,2,2,1,1,1,0,1,50,2,2,1,0,0,1,34.0,34.0,deux_roues,voiture,1,2,1,1,3
202200048629,2022-10-25 10:10:00,2022,10,25,10,10,64,64348,PASSEE,43.32207,-0.40135,Plein jour,En agglomération,Giratoire,Normale,Deux véhicules - côté,4,2,0,1,1,1,1,0,1,50,2,2,1,0,0,1,84.0,86.0,voiture,deux_roues,1,2,6,1,3
202200048630,2022-07-06 08:32:00,2022,7,6,8,32,10,10321,GENERAL LECLERC (RUE DU),48.2915025939,4.0344285965,Plein jour,En agglomération,Hors intersection,Normale,Deux véhicules - arrière,3,2,4,0,1,1,1,0,1,50,2,3,2,0,0,1,21.0,25.0,voiture,voiture,1,2,1,1,2
202200048631,2022-03-30 12:26:00,2022,3,30,12,26,94,94043,Avenue de Fontainebleau,48.8114693424,2.3620133399,Plein jour,En agglomération,Hors intersection,Temps couvert,Trois véhicules et plus - en chaîne,3,2,5,3,1,1,2,0,1,50,3,3,2,0,0,1,20.0,59.0,voiture,voiture,1,2,1,8,4
202200048632,2022-06-09 17:45:00,2022,6,9,17,45,93,93064,Rue du Général Leclerc / Avenue Jean Jaurès,48.8713,2.48643,Plein jour,En agglomération,Intersection en X,Normale,Deux véhicules - côté,3,1,1,0,1,1,1,0,1,50,2,2,1,0,0,1,16.0,51.0,deux_roues,voiture,1,2,2,1,3
202200048633,2022-11-29 19:50:00,2022,11,29,19,50,31,31555,PERIOLE (RUE DE) DU 2AU 170,43.61943,1.46674,Nuit avec éclairage allumé,En agglomération,Hors intersection,Normale,Deux véhicules - frontale,4,2,2,1,1,1,1,0,5,50,2,2,1,0,0,1,20.0,34.0,utilitaire_camion,deux_roues,5,2,1,1,1
202200048634,2022-08-14 10:50:00,2022,8,14,10,50,93,93066,Avenue du Président Wilson / Rue Danielle Casanova,48.9296434395,2.3565376539,Plein jour,En agglomération,Intersection en X,Normale,Deux véhicules - côté,4,3,5,3,1,1,1,0,1,50,2,2,1,0,0,1,23.0,30.0,deux_roues,voiture,1,2,2,1,3
202200048635,2022-02-17 13:15:00,2022,2,17,13,15,69,69388,Avenue Berthelot,45.73789,4.86485,Plein jour,En agglomération,Intersection en T,Normale,Deux véhicules - côté,4,1,2,3,1,1,1,0,6,50,2,2,1,0,0,1,,32.0,voiture,deux_roues,1,2,3,1,3
202200048636,2022-10-21 14:05:00,2022,10,21,14,5,63,63193,ALLIER (AVENUE DE L'),45.78582,3.20403,Plein jour,Hors agglomération,Hors intersection,Normale,Trois véhicules et plus - collisions multiples,7,2,0,0,1,1,1,0,1,80,3,3,1,0,0,2,52.0,38.0,voiture,voiture,1,1,1,1,5
202200048637,2022-03-30 16:30:00,2022,3,30,16,30,93,93050,ECLUSE (CHEMIN),48.8539007672,2.5388471705,Plein jour,En agglomération,Hors intersection,Pluie légère,Autre collision,4,-1,1,0,1,1,2,0,1,30,1,2,1,0,0,1,59.0,,utilitaire_camion,,1,2,1,2,6
202200048638,2022-11-29 13:25:00,2022,11,29,13,25,31,31555,Rue Georges Candilis,43.56823,1.40385,Plein jour,En agglomération,Hors intersection,Normale,Autre collision,4,2,2,0,1,1,1,0,1,30,1,2,1,0,0,1,30.0,,utilitaire_camion,,1,2,1,1,6
202200048639,2022-06-09 11:19:00,2022,6,9,11,19,93,93064,Avenue Jean Jaurès,48.8649664176,2.4877864122,Plein jour,En agglomération,Hors intersection,Normale,Autre collision,3,2,2,0,2,1,1,0,1,50,1,2,1,0,0,1,29.0,,voiture,,1,2,1,1,6
202200048640,2022-07-05 15:18:00,2022,7,5,15,18,10,10387,DAMPIERRE (QUAI),48.2996539222,4.0765982866,Plein jour,En agglomération,Hors intersection,Normale,Deux véhicules - côté,4,2,2,0,1,1,1,6,1,50,2,5,4,0,0,1,21.0,22.0,deux_roues,voiture,1,2,1,1,3
202200048641,2022-10-21 03:33:00,2022,10,21,3,33,63,63113,BONNABAUD (RUE),45.77368,3.08011,Nuit avec éclairage allumé,En agglomération,Hors intersection,Normale,Autre collision,4,2,2,0,1,1,1,0,1,30,1,2,1,0,0,1,18.0,,voiture,,5,2,1,1,6
202200048642,2022-08-13 13:30:00,2022,8,13,13,30,93,93029,Avenue Henri Barbusse,48.9172434488,2.4459859037,Plein jour,En agglomération,Intersection en T,Normale,Deux véhicules - côté,3,2,2,0,1,1,1,0,1,50,2,2,1,0,0,1,23.0,33.0,voiture,deux_roues,1,2,3,1,3
202200048643,2022-11-29 10:40:00,2022,11,29,10,40,31,31555,Boulevard Gabriel Koenigs,43.59549,1.41933,Plein jour,En agglomération,Hors intersection,Normale,Autre collision,4,-1,0,0,1,1,1,0,4,50,1,2,1,0,1,0,,,voiture,,1,2,1,1,6
202200048644,2022-02-17 07:50:00,2022,2,17,7,50,69,69386,Rue Sully,45.77177,4.85513,Plein jour,En agglomération,Intersection en X,Temps couvert,Deux véhicules - côté,4,1,1,0,1,1,1,0,1,50,2,2,1,0,0,1,58.0,32.0,voiture,deux_roues,1,2,2,8,3
202200048645,2022-03-29 22:15:00,2022,3,29,22,15,93,93050,Rue Louis Vannini,48.86591,2.52352,Nuit avec éclairage allumé,En agglomération,Hors intersection,Normale,Deux véhicules - frontale,3,2,2,0,1,1,1,0,1,50,2,3,2,0,0,1,39.0,38.0,voiture,voiture,5,2,1,1,1
202200048646,2022-06-13 07:58:00,2022,6,13,7,58,10,10387,DANTON (RUE),48.3030368409,4.077129364,Plein jour,En agglomération,Hors intersection,Normale,Autre collision,4,3,4,0,1,1,1,0,1,50,1,2,1,0,0,1,32.0,,deux_roues,,1,2,1,1,6
202200048647,2022-06-09 18:40:00,2022,6,9,18,40,93,93053,Rue Maximilien de Robespierre,48.89459,2.44906,Plein jour,En agglomération,Hors intersection,Normale,Deux véhicules - arrière,4,2,2,1,1,1,1,0,1,50,2,3,2,0,0,1,36.0,46.0,deux_roues,voiture,1,2,1,1,2
202200048648,2022-08-14 07:09:00,2022,8,14,7,9,93,93047,Avenue Lhomond / Sente du Pin,48.89896,2.58609,Plein jour,En agglomération,Intersection en T,Normale,Autre collision,4,-1,2,0,2,2,1,0,1,50,1,1,0,0,0,1,24.0,,deux_roues,,1,2,3,1,6
202200048649,2022-10-18 10:33:00,2022,10,18,10,33,63,63113,cours Raymond Poincaré,45.77111,3.09003,Plein jour,En agglomération,Hors intersection,Normale,Deux véhicules - arrière,4,3,2,0,1,1,1,0,1,50,2,2,1,0,0,1,18.0,18.0,utilitaire_camion,deux_roues,1,2,1,1,2
202200048650,2022-02-17 21:25:00,2022,2,17,21,25,69,69384,Quai Joseph Gillet,45.77277,4.81312,Nuit avec éclairage allumé,En agglomération,Hors intersection,Normale,Deux véhicules - côté,4,2,2,2,1,1,1,0,1,50,2,2,1,0,1,0,30.0,27.0,deux_roues,voiture,5,2,1,1,3
202200048651,2022-03-30 01:20:00,2022,3,30,1,20,93,93048,Rue de Paris,48.8551780966,2.4199780449,Nuit avec éclairage allumé,En agglomération,Hors intersection,Normale,Autre collision,3,2,2,0,1,1,1,0,1,50,1,2,1,0,0,1,16.0,,deux_roues,,5,2,1,1,6
202200048652,2022-07-07 15:40:00,2022,7,7,15,40,07,07186,CHOMERAC (ROUTE DE),44.725719,4.600398,Plein jour,En agglomération,Hors intersection,Normale,Deux véhicules - frontale,3,2,2,0,2,4,1,0,1,70,2,2,1,0,1,0,78.0,50.0,voiture,voiture,1,2,1,1,1
202200048653,2022-11-29 15:15:00,2022,11,29,15,15,29,29039,Rue de Quimper,47.88852242,-3.918491,Plein jour,En agglomération,Giratoire,Normale,Deux véhicules - arrière,4,2,2,0,1,1,1,5,1,50,2,5,3,0,0,2,45.0,27.0,voiture,utilitaire_camion,1,2,6,1,2
202200048654,2022-08-14 13:17:00,2022,8,14,13,17,92,92062,FRANCE (RUE ANATOLE) N° 22 AU 38,48.8851069067,2.2392588258,Plein jour,En agglomération,Hors intersection,Temps couvert,Deux véhicules - arrière,3,-1,2,0,2,1,9,0,1,50,2,2,1,0,0,1,41.0,37.0,voiture,deux_roues,1,2,1,8,2
202200048655,2022-10-25 19:30:00,2022,10,25,19,30,59,59350,VAN HENDE RUE,50.6199726067,3.0428910255,Nuit avec éclairage allumé,En agglomération,Intersection en T,Normale,Autre collision,4,1,0,0,1,1,1,0,1,30,1,2,1,0,0,1,,,utilitaire_camion,,5,2,3,1,6
202200048656,2022-06-08 23:24:00,2022,6,8,23,24,93,93053,Rue de Paris,48.9024661801,2.4629405737,Nuit avec éclairage allumé,En agglomération,Autre intersection,Temps couvert,Deux véhicules - côté,3,3,2,3,1,2,2,0,1,50,2,3,1,0,0,2,25.0,51.0,voiture,voiture,5,2,9,8,3
202200048657,2022-11-28 04:45:00,2022,11,28,4,45,29,29019,DUVAL MARCELLIN (DE 1 A 27 ET 2 A 20),48.4179854235,-4.4871293915,Nuit avec éclairage allumé,En agglomération,Hors intersection,Pluie forte,Autre collision,4,2,3,3,1,1,2,0,4,50,1,2,1,0,0,1,23.0,,voiture,,5,2,1,3,6
202200048658,2022-02-16 20:20:00,2022,2,16,20,20,69,69389,Rue Gorge de Loup,45.77007,4.80456,Nuit avec éclairage allumé,En agglomération,Intersection en X,Temps couvert,Deux véhicules - côté,4,2,2,0,1,1,2,0,1,50,2,2,1,0,0,1,,56.0,voiture,voiture,5,2,2,8,3
202200048659,2022-03-30 20:40:00,2022,3,30,20,40,93,93046,CONSUL GENERAL NORDLING AVENUE,48.9176514318,2.5341464707,Crépuscule ou aube,En agglomération,Hors intersection,Pluie légère,Deux véhicules - arrière,3,1,2,0,1,1,2,0,1,50,2,2,1,0,0,1,50.0,38.0,utilitaire_camion,voiture,2,2,1,2,2
202200048660,2022-07-10 17:25:00,2022,7,10,17,25,06,06088,JAURES (BD JEAN),43.69743,7.27313,Plein jour,En agglomération,Hors intersection,Normale,,4,1,2,0,1,1,1,6,1,50,1,4,1,0,0,3,16.0,,deux_roues,,1,2,1,1,-1
202200048661,2022-08-14 17:10:00,2022,8,14,17,10,92,92012,BONTEMPS (rue Marcel),48.8255387877,2.2418863177,Plein jour,En agglomération,Intersection en X,Normale,Deux véhicules - côté,4,2,2,0,1,1,1,0,1,50,2,2,1,0,0,1,48.0,28.0,voiture,voiture,1,2,2,1,3
202200048662,2022-06-09 08:08:00,2022,6,9,8,8,93,93032,Rue Aristide Briand,48.87569,2.53056,Plein jour,En agglomération,Hors intersection,Normale,Deux véhicules - frontale,3,2,2,0,1,1,1,0,1,50,2,2,1,0,0,1,,55.0,voiture,voiture,1,2,1,1,1
202200048663,2022-02-17 09:00:00,2022,2,17,9,0,2B,2B033,GAUDIN - BLD AUGUSTE,42.69593,9.44686,Plein jour,En agglomération,Hors intersection,Normale,Sans collision,3,2,2,0,1,1,1,0,4,30,1,1,0,0,0,1,76.0,,utilitaire_camion,,1,2,1,1,7
202200048664,2022-03-26 01:15:00,2022,3,26,1,15,93,93032,Rue de Franceville,48.888,2.544,Nuit avec éclairage allumé,En agglomération,Hors intersection,Normale,Autre collision,4,2,2,0,2,3,1,0,4,50,1,2,0,0,0,2,19.0,,voiture,,5,2,1,1,6
202200048665,2022-08-12 20:55:00,2022,8,12,20,55,28,28272,D128,48.243235,1.158516,Crépuscule ou aube,Hors agglomération,Hors intersection,Normale,Sans collision,3,2,2,0,1,3,1,0,3,80,1,1,0,1,0,0,38.0,,voiture,,2,1,1,1,7
202200048666,2022-10-25 17:15:00,2022,10,25,17,15,56,56121,45 Rue professeur Jean Perrin,47.75715,-3.35537,Plein jour,En agglomération,Intersection en T,Normale,Sans collision,4,2,2,0,2,1,1,0,1,30,1,1,0,0,0,1,28.0,,deux_roues,,1,2,3,1,7
202200048667,2022-07-09 17:24:00,2022,7,9,17,24,06,06088,ANGLAIS (DU N° 1 AU N° 43),43.69428,7.25662,Plein jour,En agglomération,Intersection en X,Normale,Deux véhicules - côté,4,1,2,0,1,1,1,0,1,50,2,3,1,0,0,2,51.0,15.0,voiture,deux_roues,1,2,2,1,3
202200048668,2022-02-17 08:02:00,2022,2,17,8,2,91,91549,ANTOINE ROCCA (RUE),48.65342,2.31585,Plein jour,En agglomération,Hors intersection,Normale,Deux véhicules - frontale,4,2,2,0,2,1,1,0,1,30,2,2,1,0,0,1,21.0,52.0,utilitaire_camion,deux_roues,1,2,1,1,1
202200048669,2022-03-30 12:50:00,2022,3,30,12,50,93,93030,Avenue Ambroise Croizat / Rue du 19 Mars 1962,48.95792,2.41588,Plein jour,En agglomération,Intersection en T,Pluie légère,Autre collision,3,2,2,0,2,1,2,0,4,50,1,1,0,0,0,1,48.0,,utilitaire_camion,,1,2,3,2,6
202200048670,2022-06-09 10:15:00,2022,6,9,10,15,93,93048,Rue des Ruffins / Boulevard Théophile Sueur,48.863324,2.466658,Plein jour,En agglomération,Intersection en X,Normale,Autre collision,3,2,2,-1,1,3,1,0,1,15,1,2,1,0,0,1,49.0,,voiture,,1,2,2,1,6
202200048671,2022-08-15 10:20:00,2022,8,15,10,20,63,63264,D983,45.6384,2.8453,Plein jour,Hors agglomération,Hors intersection,Temps couvert,Sans collision,3,2,2,0,2,2,1,0,3,70,1,1,0,0,0,1,36.0,,deux_roues,,1,1,1,8,7
202200048672,2022-02-18 01:15:00,2022,2,18,1,15,91,91377,AV DU MARECHAL LECLERC,48.73292,2.30077,Nuit sans éclairage public,En agglomération,Hors intersection,Normale,Sans collision,3,1,0,0,1,1,1,0,1,50,1,1,0,0,0,1,32.0,,utilitaire_camion,,3,2,1,1,7
202200048673,2022-08-14 19:00:00,2022,8,14,19,0,88,88492,DÉPARTEMENTALE 23H,48.096036,7.024459,Crépuscule ou aube,Hors agglomération,Hors intersection,Temps couvert,Sans collision,3,2,2,0,2,2,1,0,3,80,1,1,0,1,0,0,62.0,,deux_roues,,2,1,1,8,7
202200048674,2022-07-07 16:35:00,2022,7,7,16,35,06,06088,TURIN (RTE DE),43.73091,7.28827,Plein jour,En agglomération,Giratoire,Normale,Deux véhicules - côté,4,1,2,0,1,1,1,0,1,50,2,3,2,0,0,1,53.0,67.0,deux_roues,voiture,1,2,6,1,3
202200048675,2022-10-25 07:40:00,2022,10,25,7,40,54,54304,LIBERATION (AVENUE DE LA),48.6945483441,6.1279892921,Plein jour,En agglomération,Intersection en T,Normale,Autre collision,4,2,3,0,1,1,1,0,1,50,3,4,2,0,0,2,42.0,21.0,utilitaire_camion,voiture,1,2,3,1,6
202200048676,2022-03-30 20:30:00,2022,3,30,20,30,93,93055,Avenue Jean Lolive,48.89461,2.42107,Nuit avec éclairage allumé,En agglomération,Hors intersection,Pluie légère,Deux véhicules - côté,3,2,2,0,1,1,2,0,1,50,2,2,1,0,1,0,43.0,39.0,deux_roues,voiture,5,2,1,2,3
202200048677,2022-11-05 10:25:00,2022,11,5,10,25,22,22278,20 Rue Docteur Eugène Rahuel,48.50676,-2.74933,Plein jour,En agglomération,Hors intersection,Normale,Deux véhicules - arrière,4,2,2,0,1,1,1,0,1,30,2,3,2,0,0,1,46.0,45.0,voiture,voiture,1,2,1,1,2
202200048678,2022-06-08 21:35:00,2022,6,8,21,35,93,93006,Avenue de Stalingrad / Rue Jeanne Hornet,48.87424,2.42805,Nuit avec éclairage allumé,En agglomération,Intersection en X,Normale,Deux véhicules - côté,3,2,2,1,1,1,1,0,1,50,2,2,1,0,0,1,46.0,,voiture,voiture,5,2,2,1,3
202200048679,2022-07-10 20:10:00,2022,7,10,20,10,06,06083,MUNET (RUE DES SOEURS),43.7743,7.49241,Plein jour,En agglomération,Hors intersection,Normale,,4,1,1,0,2,1,1,0,4,30,1,1,0,0,1,0,22.0,,deux_roues,,1,2,1,1,-1
202200048680,2022-10-25 18:45:00,2022,10,25,18,45,54,54395,AUXONNE (RUE D'),48.7000154309,6.1660712957,Nuit avec éclairage allumé,En agglomération,Autre intersection,Autre,Sans collision,4,-1,2,0,1,1,1,0,8,30,1,2,1,0,0,1,,,voiture,,5,2,9,9,7
202200048681,2022-11-29 07:00:00,2022,11,29,7,0,17,17415,Chemin des Blanchardes,45.741663,-0.650086,Nuit avec éclairage allumé,En agglomération,Hors intersection,Normale,Sans collision,4,2,2,0,2,1,2,0,1,50,1,1,0,0,0,1,21.0,,voiture,,5,2,1,1,7
202200048682,2022-08-15 10:25:00,2022,8,15,10,25,41,41256,Autoroute A71 - PK 164+650,47.352446,2.050238,Plein jour,Hors agglomération,Hors intersection,Pluie légère,Deux véhicules - arrière,1,1,4,0,1,1,2,0,1,130,2,5,4,0,0,1,22.0,45.0,voiture,voiture,1,1,1,2,2
202200048683,2022-03-30 10:55:00,2022,3,30,10,55,93,93005,JULIEN MIRA (RUE),48.9319661713,2.4908250433,Plein jour,En agglomération,Giratoire,Pluie forte,Deux véhicules - côté,4,2,2,0,3,1,2,0,1,50,2,2,1,0,0,1,88.0,35.0,voiture,deux_roues,1,2,6,3,3
202200048684,2022-06-13 05:30:00,2022,6,13,5,30,06,06104,KENNEDY (AVENUE PRESIDENT),43.754535,7.442462,Crépuscule ou aube,En agglomération,Hors intersection,Normale,Autre collision,3,2,2,0,1,1,1,0,3,50,1,1,0,0,1,0,36.0,,deux_roues,,2,2,1,1,6