accident_id,datetime,annee,mois,jour,heure,minute,departement,commune_insee,adresse,latitude,longitude,luminosite,agglomeration,intersection,meteo,collision,catr,circ,nbv,vosp,prof,plan,surf,infra,situ,vma,nb_vehicules,nb_usagers,nb_indemnes,nb_tues,nb_blesses_hosp,nb_blesses_legers,age_cond_1,age_cond_2,veh_type_cond_1,veh_type_cond_2,lum_code,agg_code,int_code,atm_code,col_code
202200048685,2022-06-09 19:20:00,2022,6,9,19,20,93,93057,Avenue Aristide Briand / Allée Robillard,48.910211,2.510093,Plein jour,En agglomération,Intersection en X,Normale,Deux véhicules - côté,3,3,6,3,1,1,1,0,1,50,2,2,1,0,0,1,20.0,19.0,voiture,voiture,1,2,2,1,3
202200048686,2022-02-11 20:00:00,2022,2,11,20,0,83,83137,NOMY (RUE AMIRAL),43.1203362166,5.948895961,Nuit avec éclairage allumé,En agglomération,Intersection en T,Normale,Deux véhicules - côté,4,1,2,0,1,1,1,0,1,50,2,5,3,0,0,2,24.0,21.0,voiture,voiture,5,2,3,1,3
202200048687,2022-10-25 11:10:00,2022,10,25,11,10,51,51454,boulevard Pommery,49.25607,4.05542,Plein jour,En agglomération,Intersection en X,Normale,Deux véhicules - côté,4,2,3,0,1,1,1,0,1,50,2,2,1,0,0,1,18.0,53.0,deux_roues,voiture,1,2,2,1,3
202200048688,2022-03-30 20:45:00,2022,3,30,20,45,92,92064,FRANCIS CHAVETON,48.859373,2.210295,Nuit avec éclairage allumé,En agglomération,Hors intersection,Normale,Sans collision,4,2,2,0,1,1,1,0,1,50,1,1,0,0,0,1,58.0,,deux_roues,,5,2,1,1,7
202200048689,2022-08-14 12:17:00,2022,8,14,12,17,25,25618,Autoroute A36 PK 063.300 en direction de MULHOUSE,47.431397,6.699257,Plein jour,Hors agglomération,Hors intersection,Normale,Autre collision,1,3,3,0,3,1,1,0,2,130,1,5,4,0,1,0,65.0,,voiture,,1,1,1,1,6
202200048690,2022-07-07 14:00:00,2022,7,7,14,0,06,06069,Route de PLASCASSIER,43.646314,6.962979,Plein jour,Hors agglomération,Hors intersection,Normale,Deux véhicules - arrière,3,2,2,0,2,1,1,0,1,50,2,2,1,0,0,1,36.0,30.0,utilitaire_camion,deux_roues,1,1,1,1,2
202200048691,2022-03-30 11:35:00,2022,3,30,11,35,92,92020,VERDUN AVENUE DE AUTRES N°,48.7980292946,2.2789415717,Plein jour,En agglomération,Hors intersection,Pluie légère,Sans collision,3,2,2,0,2,1,2,0,1,50,1,1,0,0,0,1,53.0,,deux_roues,,1,2,1,2,7
202200048692,2022-08-15 09:20:00,2022,8,15,9,20,26,26002,route nationale 7 quartier,45.26788,4.823808,Plein jour,Hors agglomération,Hors intersection,Normale,Autre collision,2,2,2,0,1,1,1,0,3,80,1,2,0,0,2,0,20.0,,voiture,,1,1,1,1,6
202200048693,2022-06-09 15:30:00,2022,6,9,15,30,93,93010,Avenue Galliéni / Chemin du Pont,48.90709,2.4892,Plein jour,En agglomération,Intersection en T,Normale,Deux véhicules - côté,3,3,8,0,1,1,1,0,1,50,2,2,1,0,0,1,38.0,56.0,voiture,deux_roues,1,2,3,1,3
202200048694,2022-02-16 15:25:00,2022,2,16,15,25,81,81004,THOMAS (AV ALBERT),43.9367987,2.1468883,Plein jour,En agglomération,Hors intersection,Pluie légère,Autre collision,3,2,2,0,1,1,2,0,1,50,2,3,1,0,0,2,58.0,84.0,deux_roues,voiture,1,2,1,2,6
202200048695,2022-10-25 07:50:00,2022,10,25,7,50,51,51055,boulevard des Tondeurs,49.2811,4.0397,Plein jour,En agglomération,Hors intersection,Normale,Trois véhicules et plus - en chaîne,4,1,2,0,1,1,1,0,1,70,3,3,2,0,0,1,30.0,47.0,voiture,voiture,1,2,1,1,4
202200048696,2022-07-07 11:15:00,2022,7,7,11,15,06,06069,LIBERATION (AVENUE DE LA),43.645578,6.914315,Plein jour,En agglomération,Hors intersection,Normale,Deux véhicules - côté,3,2,2,0,1,1,1,0,1,50,2,2,1,0,0,1,92.0,66.0,voiture,deux_roues,1,2,1,1,3
202200048697,2022-03-30 10:23:00,2022,3,30,10,23,92,92026,LOUIS BLANC,48.8901065158,2.2511989474,Plein jour,Hors agglomération,Autre intersection,Pluie forte,Autre collision,3,1,1,3,2,3,2,1,1,50,1,1,0,0,0,1,34.0,,deux_roues,,1,1,9,3,6
202200048698,2022-08-14 05:00:00,2022,8,14,5,0,41,41173,14 Route de Mézières,47.887255,1.546234,Crépuscule ou aube,En agglomération,Hors intersection,Normale,Autre collision,4,2,2,0,1,3,1,0,3,50,1,2,1,0,1,0,24.0,,voiture,,2,2,1,1,6
202200048699,2022-10-24 11:20:00,2022,10,24,11,20,51,51454,avenue du Général De Gaulle,49.2414720865,4.013748765,Plein jour,En agglomération,Hors intersection,Normale,Sans collision,4,1,1,0,1,1,1,0,1,50,1,2,1,0,0,1,,,voiture,,1,2,1,1,7
202200048700,2022-07-05 12:30:00,2022,7,5,12,30,06,06029,CROISETTE (BOULEVARD DE),43.5467,7.0322,Plein jour,En agglomération,Hors intersection,Normale,Deux véhicules - frontale,4,3,4,0,1,1,1,0,1,30,1,2,1,0,0,1,27.0,,voiture,,1,2,1,1,1
202200048701,2022-06-09 12:30:00,2022,6,9,12,30,93,93007,Avenue du 8 Mai 1945 / Avenue Descartes,48.95057,2.44007,Plein jour,En agglomération,Intersection en T,Normale,Deux véhicules - côté,3,2,0,1,1,2,1,0,1,50,2,2,1,0,0,1,48.0,38.0,transport_commun,deux_roues,1,2,3,1,3
202200048702,2022-03-30 16:00:00,2022,3,30,16,0,92,92024,CASTERES (RUE),48.9010987654,2.3011853993,Plein jour,En agglomération,Hors intersection,Temps couvert,Autre collision,4,1,1,0,1,1,1,0,1,50,1,2,1,0,0,1,35.0,,voiture,,1,2,1,8,6
202200048703,2022-08-15 10:45:00,2022,8,15,10,45,47,47131,Chemin des Rois,44.565528,0.114875,Plein jour,Hors agglomération,Hors intersection,Normale,Sans collision,4,2,2,0,2,1,1,0,1,80,1,1,0,1,0,0,67.0,,deux_roues,,1,1,1,1,7
202200048704,2022-02-16 13:25:00,2022,2,16,13,25,80,80632,Bernard RISBOURG,49.87681,2.2589,Plein jour,En agglomération,Intersection en X,Normale,Trois véhicules et plus - collisions multiples,4,2,4,1,1,1,1,0,1,50,4,4,3,0,0,1,27.0,23.0,voiture,voiture,1,2,2,1,5
202200048705,2022-06-07 09:45:00,2022,6,7,9,45,06,06029,REPUBLIQUE (BOULEVARD DE LA),43.553068,7.024938,Plein jour,En agglomération,Hors intersection,Normale,Autre collision,3,1,1,0,1,1,1,0,1,30,1,2,1,0,1,0,46.0,,voiture,,1,2,1,1,6
202200048706,2022-10-24 18:10:00,2022,10,24,18,10,50,50129,JOLIOT CURIE (RUE),49.629704,-1.642415,Plein jour,En agglomération,Intersection en X,Pluie légère,Trois véhicules et plus - en chaîne,3,2,2,0,1,1,2,0,1,30,3,3,0,0,0,3,36.0,45.0,voiture,voiture,1,2,2,2,4
202200048707,2022-06-09 17:30:00,2022,6,9,17,30,92,92050,JOFFRE MARECHAL AVENUE DU,48.8853186436,2.1957370341,Plein jour,En agglomération,Hors intersection,Normale,Autre collision,3,2,4,0,1,1,1,0,1,50,1,2,1,0,0,1,40.0,,deux_roues,,1,2,1,1,6
202200048708,2022-08-14 15:16:00,2022,8,14,15,16,19,19097,D146,45.299708,2.07649,Plein jour,Hors agglomération,Hors intersection,Normale,Deux véhicules - frontale,3,2,2,0,1,2,2,0,1,90,2,2,0,1,0,1,33.0,95.0,voiture,voiture,1,1,1,1,1
202200048709,2022-03-30 16:22:00,2022,3,30,16,22,92,92024,ALSACE (RUE D') DE (1 A 25)   (2 A 36),48.9011215544,2.3136688024,Plein jour,En agglomération,Intersection en X,Normale,Deux véhicules - côté,4,1,1,0,1,1,1,0,1,30,2,2,1,0,1,0,53.0,23.0,deux_roues,voiture,1,2,2,1,3
202200048710,2022-06-09 09:10:00,2022,6,9,9,10,92,92050,PREMIER MAI RUE DU,48.9187,2.22267,Plein jour,En agglomération,Hors intersection,Normale,Autre collision,3,1,1,0,1,1,1,0,1,50,1,2,1,0,0,1,22.0,,voiture,,1,2,1,1,6
202200048711,2022-07-05 08:40:00,2022,7,5,8,40,06,06155,LIBERTE AV.DE LA,43.568694,7.074208,Plein jour,En agglomération,Intersection en T,Normale,Autre collision,3,2,2,0,1,1,1,0,1,50,1,2,1,0,1,0,59.0,,voiture,,1,2,3,1,6
202200048712,2022-02-17 09:22:00,2022,2,17,9,22,78,78311,GAMBETTA (RUE),48.92177,2.18772,Plein jour,En agglomération,Intersection en X,Normale,Autre collision,4,1,1,0,1,1,1,0,1,30,1,3,2,1,0,0,28.0,,utilitaire_camion,,1,2,2,1,6
202200048713,2022-10-25 14:00:00,2022,10,25,14,0,47,47001,JAURES (AV. JEAN),44.20171,0.63194,Plein jour,En agglomération,Hors intersection,Normale,Deux véhicules - arrière,3,2,2,0,1,1,1,0,1,50,2,2,1,0,0,1,71.0,52.0,deux_roues,voiture,1,2,1,1,2
202200048714,2022-08-15 19:35:00,2022,8,15,19,35,76,76381,D7,49.7745483535,1.6181015968,Plein jour,Hors agglomération,Hors intersection,Normale,Deux véhicules - frontale,3,2,2,0,1,3,1,0,1,80,2,2,1,0,1,0,16.0,31.0,deux_roues,voiture,1,1,1,1,1
202200048715,2022-06-30 08:25:00,2022,6,30,8,25,05,05061,D994,44.551307,6.030381,Plein jour,Hors agglomération,Hors intersection,Normale,Sans collision,3,2,5,0,2,1,1,0,3,90,1,1,0,0,1,0,38.0,,voiture,,1,1,1,1,7
202200048716,2022-03-29 08:50:00,2022,3,29,8,50,92,92024,JEAN JAURES (BD) DE (111 A 159),48.9078,2.29991,Plein jour,En agglomération,Hors intersection,Normale,Deux véhicules - arrière,3,1,3,1,1,1,1,0,5,50,2,2,1,0,0,1,49.0,51.0,voiture,deux_roues,1,2,1,1,2
202200048717,2022-02-11 19:40:00,2022,2,11,19,40,78,78586,BERRY N° PAIR,48.94614,2.20398,Nuit avec éclairage allumé,En agglomération,Hors intersection,Normale,Deux véhicules - côté,4,2,0,0,1,1,1,0,1,50,2,2,1,0,0,1,16.0,25.0,deux_roues,voiture,5,2,1,1,3
202200048718,2022-06-09 07:45:00,2022,6,9,7,45,92,92050,LENINE VLADIMIR ILITCH AVENUE,48.8874294379,2.1990490258,Plein jour,En agglomération,Hors intersection,Normale,Autre collision,3,1,2,0,1,1,1,0,1,50,1,2,0,0,0,2,58.0,,deux_roues,,1,2,1,1,6
202200048719,2022-08-14 14:30:00,2022,8,14,14,30,76,76245,Zone d'activité du Polen,49.550405,1.047499,Plein jour,Hors agglomération,Hors intersection,Normale,Sans collision,5,2,2,0,1,1,1,0,1,50,1,1,0,0,1,0,15.0,,deux_roues,,1,1,1,1,7
202200048720,2022-03-29 21:10:00,2022,3,29,21,10,92,92004,GAMBETTA (RUE),48.9095173244,2.2931331396,Nuit avec éclairage non allumé,En agglomération,Hors intersection,Normale,Sans collision,4,1,0,0,1,1,1,0,1,50,1,1,0,0,0,1,19.0,,deux_roues,,4,2,1,1,7
202200048721,2022-10-25 17:35:00,2022,10,25,17,35,45,45169,5 Route de la Chapelle,47.91637,1.83015,Plein jour,En agglomération,Intersection en T,Normale,Deux véhicules - côté,4,2,2,1,1,1,1,9,5,50,2,2,1,0,0,1,59.0,73.0,utilitaire_camion,deux_roues,1,2,3,1,3
202200048722,2022-07-07 10:47:00,2022,7,7,10,47,05,05023,PETSCHE (AVENUE MAURICE),44.89576,6.63277,Plein jour,En agglomération,Giratoire,Normale,Deux véhicules - côté,3,-1,1,0,2,2,1,9,1,30,2,2,1,0,0,1,74.0,63.0,deux_roues,voiture,1,2,6,1,3
202200048723,2022-06-09 19:30:00,2022,6,9,19,30,92,92020,PARIS AVENUE DE N°84 A FIN,48.8067799055,2.2932323813,Crépuscule ou aube,En agglomération,Hors intersection,Temps couvert,Deux véhicules - arrière,3,1,1,1,1,1,1,9,1,30,2,2,1,0,0,1,21.0,51.0,deux_roues,voiture,2,2,1,8,2
202200048724,2022-02-17 17:00:00,2022,2,17,17,0,78,78650,GRAND VENEUR (AVENUE DU),48.89804,2.12393,Plein jour,En agglomération,Intersection en X,Normale,Deux véhicules - côté,4,1,1,0,1,1,1,0,1,30,2,5,4,0,0,1,21.0,43.0,deux_roues,voiture,1,2,2,1,3
202200048725,2022-07-06 15:45:00,2022,7,6,15,45,04,04112,Av Jean Giono,43.83122,5.78442,Plein jour,En agglomération,Hors intersection,Normale,Autre collision,4,2,2,0,1,1,1,0,1,30,1,2,1,0,0,1,81.0,,voiture,,1,2,1,1,6
202200048726,2022-03-30 16:28:00,2022,3,30,16,28,49,49244,Rue Jane Addams (la Pommeraye),47.349313,-0.866659,Plein jour,En agglomération,Intersection en T,Temps couvert,Deux véhicules - côté,4,2,2,0,1,1,1,0,1,30,2,2,1,0,1,0,7.0,37.0,deux_roues,utilitaire_camion,1,2,3,8,3
202200048727,2022-06-09 13:05:00,2022,6,9,13,5,92,92049,GINOUX AVENUE HENRI AUTRES N°,48.8151833439,2.3206611871,Plein jour,En agglomération,Hors intersection,Normale,Autre collision,4,1,1,0,1,1,1,8,1,50,1,2,1,0,0,1,43.0,,voiture,,1,2,1,1,6
202200048728,2022-10-21 17:50:00,2022,10,21,17,50,44,44184,31 Boulevard de la Libération,47.28236,-2.20642,Plein jour,En agglomération,Intersection en X,Normale,Deux véhicules - côté,4,2,2,2,1,1,1,0,1,50,2,2,1,0,1,0,33.0,58.0,utilitaire_camion,deux_roues,1,2,2,1,3
202200048729,2022-08-15 07:30:00,2022,8,15,7,30,65,65007,D935 ,43.317755,0.07036,Crépuscule ou aube,Hors agglomération,Hors intersection,Normale,Autre collision,3,2,2,0,1,1,1,0,3,90,1,6,0,0,4,2,21.0,,voiture,,2,1,1,1,6
202200048730,2022-07-07 16:10:00,2022,7,7,16,10,02,02059,15 Grande Rue,49.65291,3.34818,Plein jour,En agglomération,Hors intersection,Normale,Deux véhicules - arrière,4,2,2,0,1,1,1,0,1,50,2,2,1,0,1,0,16.0,21.0,deux_roues,utilitaire_camion,1,2,1,1,2
202200048731,2022-02-17 02:05:00,2022,2,17,2,5,77,77296,D57,48.62575,2.57616,Nuit avec éclairage allumé,Hors agglomération,Hors intersection,Vent fort / tempête,Deux véhicules - côté,3,2,3,0,1,1,2,0,1,70,2,3,0,0,0,3,61.0,19.0,voiture,voiture,5,1,1,6,3
202200048732,2022-07-06 17:10:00,2022,7,6,17,10,01,01053,CHAMP DE FOIRE ( AVENUE DU),46.20713,5.2298,Plein jour,En agglomération,Hors intersection,Normale,Autre collision,4,3,4,3,1,1,1,0,1,30,1,2,1,0,0,1,21.0,,voiture,,1,2,1,1,6
202200048733,2022-06-08 18:54:00,2022,6,8,18,54,92,92023,GENERAL DE GAULLE (AV DU) N°440 A 544 ET,48.77779,2.23273,Plein jour,En agglomération,Hors intersection,Normale,Trois véhicules et plus - en chaîne,3,1,2,0,1,1,1,0,1,50,4,4,3,0,0,1,55.0,25.0,deux_roues,utilitaire_camion,1,2,1,1,4
202200048734,2022-08-13 13:15:00,2022,8,13,13,15,38,38394,D1092,45.102929,5.250722,Plein jour,Hors agglomération,Hors intersection,Normale,Deux véhicules - frontale,3,2,2,0,1,1,1,0,1,80,2,2,0,0,2,0,50.0,48.0,voiture,voiture,1,1,1,1,1
202200048735,2022-03-30 21:10:00,2022,3,30,21,10,77,77505,Autoroute A4 pk 49+150 direction REIMS,48.914603,2.977295,Nuit sans éclairage public,Hors agglomération,Hors intersection,Normale,Deux véhicules - arrière,1,3,2,0,1,1,1,0,1,130,2,3,1,0,0,2,37.0,28.0,voiture,utilitaire_camion,3,1,1,1,2
202200048736,2022-10-25 09:20:00,2022,10,25,9,20,37,37261,THALES DE MILET (RUE),47.4312082033,0.6905400753,Plein jour,En agglomération,Hors intersection,Normale,Autre collision,4,2,2,0,1,3,1,0,1,50,1,2,1,0,0,1,71.0,,voiture,,1,2,1,1,6
202200048737,2022-02-15 19:45:00,2022,2,15,19,45,76,76351,WINSTON CHURCHILL,49.49408,0.13846,Nuit avec éclairage allumé,En agglomération,Intersection en X,Pluie légère,Autre collision,4,2,7,0,1,1,2,0,1,50,1,2,1,0,0,1,66.0,,voiture,,5,2,2,2,6
202200048738,2022-07-10 18:40:00,2022,7,10,18,40,75,75112,PORTE DE CHARENTON,48.828999,2.400134,Plein jour,En agglomération,Hors intersection,Normale,Deux véhicules - arrière,4,-1,4,0,1,1,1,0,1,70,2,2,1,0,0,1,68.0,25.0,voiture,deux_roues,1,2,1,1,2
202200048739,2022-08-15 01:30:00,2022,8,15,1,30,70,70206,D130,47.605248,6.772288,Nuit sans éclairage public,Hors agglomération,Hors intersection,Pluie légère,Autre collision,3,2,2,0,1,1,2,0,3,80,1,2,0,2,0,0,20.0,,voiture,,3,1,1,2,6
202200048740,2022-06-09 19:50:00,2022,6,9,19,50,92,92012,REINE (ROUTE DE LA) 82/FIN - 107TER/FIN,48.84008,2.23745,Plein jour,En agglomération,Intersection en X,Normale,Deux véhicules - côté,3,2,2,1,1,1,1,0,1,50,2,2,1,0,0,1,53.0,20.0,voiture,deux_roues,1,2,2,1,3
202200048741,2022-03-30 14:54:00,2022,3,30,14,54,972,97221,Départementale 7,14.524682,-60.984297,Plein jour,Hors agglomération,Hors intersection,Normale,Deux véhicules - côté,3,2,1,0,1,1,1,0,5,80,2,2,0,0,0,2,26.0,29.0,voiture,deux_roues,1,1,1,1,3
202200048742,2022-10-25 22:40:00,2022,10,25,22,40,33,33550,Rue Léon Blum,44.793309472,-0.567484349,Nuit avec éclairage allumé,En agglomération,Intersection en T,Normale,Deux véhicules - côté,4,2,2,0,1,1,2,0,1,50,2,2,1,0,0,1,39.0,28.0,voiture,voiture,5,2,3,1,3
202200048743,2022-02-17 13:15:00,2022,2,17,13,15,74,74118,DEPORTES (ROUTE DES ),46.1808,6.22978,Plein jour,En agglomération,Intersection en Y,Normale,Deux véhicules - arrière,3,2,2,0,1,1,1,3,1,50,2,2,1,0,0,1,,37.0,voiture,voiture,1,2,4,1,2
202200048744,2022-07-09 13:30:00,2022,7,9,13,30,75,75114,PORTE DE VANVES,48.825036,2.303549,Plein jour,En agglomération,Hors intersection,Normale,Trois véhicules et plus - en chaîne,4,1,3,0,1,1,1,1,1,70,3,3,2,0,0,1,41.0,39.0,voiture,voiture,1,2,1,1,4
202200048745,2022-08-15 06:00:00,2022,8,15,6,0,26,26105,RD 61,44.451053,5.370641,Crépuscule ou aube,Hors agglomération,Hors intersection,Brouillard / fumée,Sans collision,3,2,2,0,4,2,1,0,3,80,1,2,1,0,1,0,58.0,,voiture,,2,1,1,5,7
202200048746,2022-06-05 19:15:00,2022,6,5,19,15,33,33385,Lieu Dit Piece du Puits,45.079536,0.015101,Plein jour,En agglomération,Hors intersection,Normale,Deux véhicules - arrière,3,2,2,0,2,1,1,0,1,50,2,3,1,0,2,0,26.0,70.0,voiture,voiture,1,2,1,1,2
202200048747,2022-03-30 16:20:00,2022,3,30,16,20,88,88089,D60,48.188679,6.79219,Plein jour,Hors agglomération,Hors intersection,Pluie forte,Deux véhicules - côté,3,2,2,0,1,3,2,0,1,80,2,3,1,0,1,1,67.0,25.0,voiture,utilitaire_camion,1,1,1,3,3
202200048748,2022-10-25 10:00:00,2022,10,25,10,0,33,33063,Boulevard Alfred Daney,44.8662024773,-0.575234592,Plein jour,En agglomération,Giratoire,Normale,Deux véhicules - côté,4,3,6,0,1,1,1,5,1,50,2,2,1,0,0,1,41.0,30.0,deux_roues,voiture,1,2,6,1,3
202200048749,2022-08-14 22:20:00,2022,8,14,22,20,26,26065,Le Peyrou,44.709378,4.954493,Nuit sans éclairage public,Hors agglomération,Hors intersection,Normale,Sans collision,4,2,2,0,1,1,1,0,8,80,1,1,0,0,0,1,47.0,,voiture,,3,1,1,1,7
202200048750,2022-02-16 13:20:00,2022,2,16,13,20,71,71270,PILLET (RUE CHARLES),46.29789,4.81953,Plein jour,En agglomération,Hors intersection,Pluie légère,Deux véhicules - côté,3,-1,0,2,1,2,2,5,1,50,2,3,1,0,0,2,35.0,18.0,utilitaire_camion,deux_roues,1,2,1,2,3
202200048751,2022-07-09 15:20:00,2022,7,9,15,20,75,75114,PORTE DE CHATILLON,48.821922,2.316733,Plein jour,En agglomération,Hors intersection,Normale,Deux véhicules - arrière,4,1,3,0,1,1,1,0,1,70,2,2,1,0,0,1,58.0,52.0,deux_roues,voiture,1,2,1,1,2
202200048752,2022-03-30 17:40:00,2022,3,30,17,40,64,64061,D817,43.401653,-0.586057,Plein jour,En agglomération,Hors intersection,Temps couvert,Autre collision,3,2,2,0,1,1,2,0,8,50,1,3,2,0,1,0,35.0,,voiture,,1,2,1,8,6
202200048753,2022-10-25 08:55:00,2022,10,25,8,55,32,32013,RACINE,43.63603,0.58361,Plein jour,En agglomération,Intersection en T,Normale,Autre collision,2,2,0,0,1,1,1,0,8,50,1,2,1,0,1,0,46.0,,voiture,,1,2,3,1,6
202200048754,2022-08-14 15:40:00,2022,8,14,15,40,26,26108,Départementale 538,44.724349,4.996204,Plein jour,Hors agglomération,Hors intersection,Pluie légère,Deux véhicules - côté,3,2,3,0,2,2,2,0,1,90,2,2,1,0,1,0,27.0,28.0,deux_roues,voiture,1,1,1,2,3
202200048755,2022-02-17 16:15:00,2022,2,17,16,15,71,71076,DUMOREY (RUE THOMAS),46.7725749136,4.8590678219,Plein jour,En agglomération,Giratoire,Normale,Deux véhicules - côté,4,1,2,3,1,3,1,5,1,50,2,2,1,0,1,0,37.0,24.0,voiture,deux_roues,1,2,6,1,3
202200048756,2022-06-10 10:30:00,2022,6,10,10,30,33,33287,Château de Guerre Sud,44.569972,0.017064,Plein jour,Hors agglomération,Autre intersection,Normale,Deux véhicules - côté,3,4,2,0,1,1,1,0,1,80,2,2,0,0,1,1,77.0,21.0,voiture,voiture,1,1,9,1,3
202200048757,2022-07-09 01:40:00,2022,7,9,1,40,75,75116,PORTE DE PASSY,48.857246,2.258489,Nuit avec éclairage allumé,En agglomération,Hors intersection,Normale,Deux véhicules - arrière,4,1,3,0,1,1,1,1,1,70,2,3,2,0,0,1,,29.0,voiture,voiture,5,2,1,1,2
202200048758,2022-10-25 13:50:00,2022,10,25,13,50,31,31555,RUE DELPECH,43.60159,1.450359,Plein jour,En agglomération,Hors intersection,Normale,Autre collision,4,2,1,0,1,1,1,0,1,30,1,2,1,0,1,0,43.0,,utilitaire_camion,,1,2,1,1,6
202200048759,2022-03-31 14:55:00,2022,3,31,14,55,35,35006,rue du général leclerc,48.056848,-1.153404,Plein jour,En agglomération,Hors intersection,Normale,Autre collision,4,2,2,0,1,1,2,0,8,50,1,2,1,0,1,0,73.0,,voiture,,1,2,1,1,6
202200048760,2022-02-17 18:03:00,2022,2,17,18,3,69,69256,Avenue Maurice Thorez,45.78029,4.91409,Crépuscule ou aube,En agglomération,Hors intersection,Normale,Deux véhicules - côté,4,2,2,0,1,1,1,0,4,50,2,2,1,0,0,1,63.0,17.0,voiture,deux_roues,2,2,1,1,3
202200048761,2022-07-08 18:30:00,2022,7,8,18,30,75,75116,PORTE D AUTEUIL,48.844828,2.254802,Plein jour,En agglomération,Intersection en Y,Normale,Deux véhicules - côté,4,1,2,0,1,1,1,0,1,50,2,2,0,0,0,2,27.0,45.0,voiture,deux_roues,1,2,4,1,3
202200048762,2022-10-25 10:23:00,2022,10,25,10,23,31,31022,AV DE FRONTON,43.66535,1.43018,Plein jour,En agglomération,Hors intersection,Normale,Deux véhicules - frontale,7,2,2,0,1,1,1,0,1,30,2,3,2,0,0,1,29.0,57.0,voiture,voiture,1,2,1,1,1
202200048763,2022-08-15 16:50:00,2022,8,15,16,50,05,05036,RN 94,44.636124,6.56549,Plein jour,Hors agglomération,Hors intersection,Normale,Trois véhicules et plus - collisions multiples,2,2,2,0,2,1,1,0,1,80,4,9,4,1,4,0,67.0,63.0,deux_roues,deux_roues,1,1,1,1,5
202200048764,2022-07-08 17:45:00,2022,7,8,17,45,75,75117,PORTE D ASNIERES,48.888198,2.292365,Plein jour,En agglomération,Hors intersection,Normale,Autre collision,4,1,4,0,1,1,1,1,1,70,1,1,0,0,0,1,31.0,,deux_roues,,1,2,1,1,6
202200048765,2022-02-17 17:55:00,2022,2,17,17,55,69,69264,Boulevard Burdeau,45.99537,4.7208,Plein jour,En agglomération,Giratoire,Normale,Deux véhicules - arrière,3,1,1,0,1,1,1,5,1,50,2,2,1,0,0,1,69.0,28.0,voiture,voiture,1,2,6,1,2
202200048766,2022-03-31 21:30:00,2022,3,31,21,30,62,62817,Route de Cambrai,50.278931,2.819145,Nuit avec éclairage allumé,En agglomération,Hors intersection,Temps couvert,Autre collision,3,2,1,0,2,1,2,0,1,50,1,2,1,0,0,1,31.0,,voiture,,5,2,1,8,6
202200048767,2022-08-14 20:25:00,2022,8,14,20,25,73,73105,D1006 Route de LYON,45.46551,5.736588,Plein jour,Hors agglomération,Hors intersection,Normale,Autre collision,3,2,2,0,1,1,1,0,1,80,1,1,0,0,1,0,22.0,,voiture,,1,1,1,1,6
202200048768,2022-10-25 15:15:00,2022,10,25,15,15,29,29051,Avenue de Coray,48.00248,-4.04338,Plein jour,Hors agglomération,Hors intersection,Normale,Deux véhicules - côté,3,2,2,0,1,3,1,0,1,70,2,2,0,0,0,2,58.0,31.0,voiture,utilitaire_camion,1,1,1,1,3
202200048769,2022-06-09 19:00:00,2022,6,9,19,0,974,97422,Rue des Flamboyants,-21.276468,55.497284,Nuit sans éclairage public,En agglomération,Hors intersection,Normale,Deux véhicules - côté,3,2,2,0,1,2,1,0,1,70,2,2,1,0,1,0,52.0,34.0,deux_roues,voiture,3,2,1,1,3
202200048770,2022-07-08 16:20:00,2022,7,8,16,20,75,75117,PORTE DE CLICHY,48.895031,2.306589,Plein jour,En agglomération,Hors intersection,Normale,Deux véhicules - côté,4,1,4,0,1,1,1,0,1,70,2,2,1,0,0,1,31.0,36.0,voiture,deux_roues,1,2,1,1,3
202200048771,2022-02-09 16:20:00,2022,2,9,16,20,62,62133,HUIT MAI 1945 (R DU),50.422255,2.911399,Plein jour,En agglomération,Giratoire,Normale,Autre collision,3,2,2,0,1,1,1,0,1,50,1,2,0,0,0,2,81.0,,voiture,,1,2,6,1,6
202200048772,2022-03-25 14:00:00,2022,3,25,14,0,34,34270,Route de Beziers,43.574305,3.821917,Plein jour,En agglomération,Hors intersection,Temps éblouissant,Deux véhicules - arrière,7,2,2,0,1,1,1,5,1,50,2,2,1,0,0,1,65.0,21.0,voiture,voiture,1,2,1,7,2
202200048773,2022-08-14 06:50:00,2022,8,14,6,50,36,36143,,46.6574976961,1.9398808479,Plein jour,Hors agglomération,Hors intersection,Normale,Autre collision,3,2,2,0,1,1,2,0,3,90,1,1,0,0,1,0,19.0,,voiture,,1,1,1,1,6
202200048774,2022-10-24 18:30:00,2022,10,24,18,30,29,29232,3 Rue Armand Robin,48.011,-4.09125,Plein jour,En agglomération,Hors intersection,Normale,Autre collision,4,2,2,0,1,1,1,0,1,50,1,1,0,0,0,1,41.0,,voiture,,1,2,1,1,6
202200048775,2022-06-09 16:10:00,2022,6,9,16,10,83,83048,Boulevard du Littoral,43.188463,6.581081,Plein jour,En agglomération,Giratoire,Normale,Autre collision,4,2,2,0,1,3,1,9,1,50,1,2,1,0,0,1,54.0,,voiture,,1,2,6,1,6
202200048776,2022-02-12 10:45:00,2022,2,12,10,45,59,59378,NATIONALE RUE,50.6667963858,3.0776336789,Plein jour,En agglomération,Hors intersection,Temps éblouissant,Autre collision,6,-1,0,0,1,1,1,9,8,20,1,2,1,1,0,0,73.0,,voiture,,1,2,1,7,6
202200048777,2022-03-30 18:00:00,2022,3,30,18,0,35,35251,Mouazé/Les 4 Chemins (Arrêt de bus),48.23495,-1.6217,Plein jour,Hors agglomération,Autre intersection,Normale,Deux véhicules - arrière,3,2,2,0,1,1,1,0,1,80,2,2,1,0,0,1,30.0,41.0,deux_roues,voiture,1,1,9,1,2