accident_id,datetime,annee,mois,jour,heure,minute,departement,commune_insee,adresse,latitude,longitude,luminosite,agglomeration,intersection,meteo,collision,catr,circ,nbv,vosp,prof,plan,surf,infra,situ,vma,nb_vehicules,nb_usagers,nb_indemnes,nb_tues,nb_blesses_hosp,nb_blesses_legers,age_cond_1,age_cond_2,veh_type_cond_1,veh_type_cond_2,lum_code,agg_code,int_code,atm_code,col_code
202200048870,2022-08-14 05:30:00,2022,8,14,5,30,74,74212,659 Rue Michel Carquillat,46.015672,6.395982,Crépuscule ou aube,En agglomération,Hors intersection,Normale,Autre collision,3,2,2,0,1,1,1,0,3,50,1,1,0,0,1,0,22.0,,voiture,,2,2,1,1,6
202200048871,2022-05-22 20:00:00,2022,5,22,20,0,34,34221,RD 32,43.711704,3.60858,Plein jour,Hors agglomération,Hors intersection,Normale,Sans collision,3,2,2,0,2,2,1,0,8,90,2,3,1,0,1,1,44.0,39.0,deux_roues,voiture,1,1,1,1,7
202200048872,2022-03-31 08:40:00,2022,3,31,8,40,31,31192,Route de Revel,43.502048,1.616895,Plein jour,En agglomération,Intersection en T,Pluie légère,Deux véhicules - côté,3,2,2,0,1,1,2,5,1,50,2,2,1,0,1,0,45.0,22.0,voiture,deux_roues,1,2,3,2,3
202200048873,2022-08-15 16:00:00,2022,8,15,16,0,42,42193,Route de Bussières,45.803117,4.273871,Plein jour,Hors agglomération,Hors intersection,Normale,Deux véhicules - frontale,3,2,2,0,1,3,1,0,1,80,2,3,0,0,0,3,50.0,32.0,voiture,voiture,1,1,1,1,1
202200048874,2022-02-16 12:55:00,2022,2,16,12,55,12,12100,BORREDON (Giratoire),44.54251,2.30776,Plein jour,Hors agglomération,Giratoire,Pluie légère,Deux véhicules - côté,3,2,2,0,1,1,2,5,1,70,2,2,1,0,0,1,61.0,54.0,deux_roues,voiture,1,1,6,2,3
202200048875,2022-06-10 18:49:00,2022,6,10,18,49,25,25370,Rue de l Europe,47.440418,6.785377,Plein jour,En agglomération,Hors intersection,Normale,Sans collision,3,2,2,0,1,1,1,0,3,50,1,2,0,0,1,1,38.0,,voiture,,1,2,1,1,7
202200048876,2022-10-24 23:10:00,2022,10,24,23,10,75,75108,AVENUE MONTAIGNE,48.865616,2.303577,Nuit avec éclairage allumé,En agglomération,Intersection en T,Normale,Deux véhicules - frontale,4,-1,2,0,1,1,1,0,1,30,2,2,1,0,0,1,19.0,22.0,deux_roues,voiture,5,2,3,1,1
202200048877,2022-03-31 04:20:00,2022,3,31,4,20,987,98747,RT1 PK 58+800 AFAAHITI,-17.727881,-149.325796,Nuit avec éclairage allumé,Hors agglomération,Hors intersection,Normale,Deux véhicules - arrière,2,2,2,0,1,1,1,0,1,80,2,2,1,1,0,0,42.0,32.0,deux_roues,utilitaire_camion,5,1,1,1,2
202200048878,2022-02-16 09:29:00,2022,2,16,9,29,10,10362,GEORGES GUYNEMER (RUE),48.29792,4.053456,Plein jour,En agglomération,Hors intersection,Pluie légère,Autre collision,4,2,2,0,1,1,2,0,1,50,2,2,1,0,0,1,39.0,71.0,deux_roues,voiture,1,2,1,2,6
202200048879,2022-08-15 07:55:00,2022,8,15,7,55,26,26169,D133,44.478687,4.739297,Plein jour,En agglomération,Hors intersection,Normale,Deux véhicules - frontale,4,2,2,0,2,1,1,0,1,80,2,3,1,0,1,1,19.0,43.0,voiture,utilitaire_camion,1,2,1,1,1
202200048880,2022-06-09 11:50:00,2022,6,9,11,50,25,25021,chemin communal,47.033817,5.796688,Plein jour,En agglomération,Hors intersection,Normale,Deux véhicules - frontale,4,2,1,0,1,1,1,0,1,50,2,3,2,0,0,1,26.0,57.0,voiture,voiture,1,2,1,1,1
202200048881,2022-10-24 20:26:00,2022,10,24,20,26,75,75107,RUE FABERT,48.862426,2.311641,Nuit avec éclairage allumé,En agglomération,Intersection en T,Normale,Deux véhicules - côté,4,1, -1,0,1,1,1,0,1,30,2,2,1,0,0,1,72.0,39.0,voiture,deux_roues,5,2,3,1,3
202200048882,2022-08-14 15:45:00,2022,8,14,15,45,19,19038,RD1089,45.219478,1.701866,Plein jour,Hors agglomération,Hors intersection,Normale,Autre collision,3,2,3,0,2,1,1,0,3,90,1,2,0,0,2,0,76.0,,voiture,,1,1,1,1,6
202200048883,2022-02-17 17:10:00,2022,2,17,17,10,06,06088,Promenade des Anglais,43.694959,7.267442,Plein jour,En agglomération,Hors intersection,Normale,Deux véhicules - côté,4,3,5,1,1,1,1,0,1,50,2,2,1,0,0,1,16.0,42.0,deux_roues,transport_commun,1,2,1,1,3
202200048884,2022-10-24 09:10:00,2022,10,24,9,10,75,75104,RUE DE LA CITE,48.854648,2.347723,Plein jour,En agglomération,Intersection en T,Normale,Deux véhicules - côté,4,1,3,1,1,1,1,0,1,30,2,2,1,0,0,1,26.0,52.0,deux_roues,voiture,1,2,3,1,3
202200048885,2022-08-14 16:15:00,2022,8,14,16,15,33,33240,D1215,45.310835,-0.939047,Plein jour,En agglomération,Giratoire,Normale,Deux véhicules - côté,3,1,1,0,1,3,1,0,1,50,2,2,1,0,1,0,41.0,46.0,voiture,deux_roues,1,2,6,1,3
202200048886,2022-02-17 19:30:00,2022,2,17,19,30,75,75117,AVENUE DE LA GRANDE ARMEE,48.877388,2.284022,Nuit avec éclairage allumé,En agglomération,Intersection en T,Normale,Autre collision,4,2,4,3,2,1,1,0,1,30,1,2,1,0,0,1,29.0,,deux_roues,,5,2,3,1,6
202200048887,2022-03-27 15:15:00,2022,3,27,15,15,68,68298,RD 416,48.245586,7.218136,Plein jour,Hors agglomération,Hors intersection,Temps éblouissant,Deux véhicules - côté,3,2,2,0,2,3,1,0,1,80,2,3,1,0,0,2,39.0,62.0,voiture,deux_roues,1,1,1,7,3
202200048888,2022-06-09 10:30:00,2022,6,9,10,30,29,29216,D40 - Rue de Pouldreuzic,47.978978,-4.203515,Plein jour,Hors agglomération,Hors intersection,Pluie légère,Deux véhicules - frontale,3,2,2,0,2,4,2,0,1,80,2,2,0,0,1,1,63.0,33.0,voiture,voiture,1,1,1,2,1
202200048889,2022-10-24 18:27:00,2022,10,24,18,27,94,94078,PRESIDENT JOHN FITZGERALD KENNEDY (AV DU,48.73453,2.46388,Nuit avec éclairage allumé,En agglomération,Giratoire,Pluie légère,Deux véhicules - côté,4,3,2,0,1,1,2,9,8,50,2,2,1,0,0,1,52.0,45.0,deux_roues,voiture,5,2,6,2,3
202200048890,2022-08-14 10:55:00,2022,8,14,10,55,76,76147,DEPARTEMENTALE 48 PK/PR20+150,49.7343836638,1.3802486658,Plein jour,Hors agglomération,Hors intersection,Normale,Autre collision,3,2,2,0,1,3,1,0,3,80,1,2,0,0,0,2,62.0,,voiture,,1,1,1,1,6
202200048891,2022-02-17 01:00:00,2022,2,17,1,0,75,75117,AVENUE GOURGAUD,48.885401,2.297268,Nuit avec éclairage allumé,En agglomération,Place,Pluie légère,Autre collision,4,2,2,0,1,1,2,0,1,30,1,1,0,0,0,1,45.0,,voiture,,5,2,7,2,6
202200048892,2022-08-14 13:55:00,2022,8,14,13,55,13,13081,A7-Sens Marseille vers Lyon,43.49385,5.24011,Plein jour,Hors agglomération,Hors intersection,Normale,Sans collision,1,1,2,0,1,4,1,3,1,90,1,1,0,0,0,1,40.0,,voiture,,1,1,1,1,7
202200048893,2022-06-09 22:45:00,2022,6,9,22,45,38,38134,892 Route de Vienne,45.444958,4.99607,Nuit sans éclairage public,Hors agglomération,Hors intersection,Normale,Deux véhicules - côté,3,2,2,0,2,1,1,0,1,70,2,2,1,0,0,1,27.0,46.0,voiture,voiture,3,1,1,1,3
202200048894,2022-02-16 10:45:00,2022,2,16,10,45,75,75116,AVENUE DE L HIPPODROME,48.8622844502,2.2383154929,Plein jour,En agglomération,Intersection en X,Pluie légère,Autre collision,4,2,2,0,2,1,2,0,1,30,1,2,1,0,0,1,25.0,,deux_roues,,1,2,2,2,6
202200048895,2022-10-25 18:00:00,2022,10,25,18,0,94,94015,Rue Favier,48.838182,2.521325,Plein jour,En agglomération,Intersection en Y,Normale,Autre collision,4,1,1,0,1,2,1,6,1,30,1,2,1,0,0,1,28.0,,utilitaire_camion,,1,2,4,1,6
202200048896,2022-03-24 15:00:00,2022,3,24,15,0,74,74079,D12,45.851398,6.328661,Plein jour,En agglomération,Hors intersection,Normale,Sans collision,3,2,2,0,2,2,1,9,1,50,2,2,1,0,1,0,31.0,,deux_roues,utilitaire_camion,1,2,1,1,7
202200048897,2022-08-13 20:00:00,2022,8,13,20,0,13,13215,A7-Sens Marseille vers Lyon,43.37215,5.36133,Plein jour,Hors agglomération,Hors intersection,Normale,Deux véhicules - arrière,1,1,3,0,1,1,1,0,1,90,2,3,1,0,0,2,25.0,25.0,deux_roues,deux_roues,1,1,1,1,2
202200048898,2022-06-09 23:25:00,2022,6,9,23,25,01,01304,RD 984,46.049493,5.328914,Nuit sans éclairage public,En agglomération,Giratoire,Normale,Deux véhicules - côté,3,4,1,0,2,2,1,0,1,50,2,2,1,0,0,1,36.0,28.0,voiture,deux_roues,3,2,6,1,3
202200048899,2022-02-16 09:55:00,2022,2,16,9,55,75,75115,RUE DE VOUILLE,48.833574,2.309243,Plein jour,En agglomération,Place,Pluie légère,Deux véhicules - côté,4,2,4,0,1,1,2,0,1,30,2,2,1,0,0,1,87.0,29.0,voiture,deux_roues,1,2,7,2,3
202200048900,2022-10-25 07:55:00,2022,10,25,7,55,94,94076,AUGUSTE DELAUNE (R),48.78688,2.36186,Crépuscule ou aube,En agglomération,Intersection en X,Temps couvert,Deux véhicules - côté,4,2,1,0,1,1,1,0,1,50,2,2,1,0,0,1,58.0,26.0,voiture,deux_roues,2,2,2,8,3
202200048901,2022-03-30 10:35:00,2022,3,30,10,35,40,40257,Route du Lac,44.301124,-1.17543,Plein jour,Hors agglomération,Intersection en T,Normale,Sans collision,4,2,2,0,1,1,1,0,1,30,1,3,1,0,2,0,72.0,,deux_roues,,1,1,3,1,7
202200048902,2022-06-10 16:20:00,2022,6,10,16,20,01,01058,D19,45.653851,5.60645,Plein jour,Hors agglomération,Hors intersection,Normale,Deux véhicules - frontale,3,2,2,0,1,1,1,0,1,80,2,2,1,0,1,0,32.0,16.0,utilitaire_camion,voiture,1,1,1,1,1
202200048903,2022-08-14 19:40:00,2022,8,14,19,40,67,67482,M351,48.58854,7.70562,Plein jour,Hors agglomération,Hors intersection,Normale,Autre collision,7,3,3,0,1,1,1,3,1,90,1,1,0,0,1,0,59.0,,voiture,,1,1,1,1,6
202200048904,2022-02-17 10:15:00,2022,2,17,10,15,75,75113,RUE DE TOLBIAC,48.826158,2.358577,Plein jour,En agglomération,Intersection en Y,Normale,Autre collision,4,2,3,3,2,1,1,0,4,30,1,2,1,0,0,1,17.0,,deux_roues,,1,2,4,1,6
202200048905,2022-03-30 15:25:00,2022,3,30,15,25,29,29124,Boulevard des Freres Lumiere,48.575997,-4.318582,Plein jour,En agglomération,Hors intersection,Normale,Autre collision,4,2,2,0,4,1,1,0,1,-1,1,3,2,0,1,0,74.0,,voiture,,1,2,1,1,6
202200048906,2022-06-10 14:30:00,2022,6,10,14,30,14,14254,D8,49.14727318,-0.41873824,Plein jour,Hors agglomération,Hors intersection,Normale,Deux véhicules - frontale,3,2,2,0,1,3,1,0,1,90,2,2,0,0,1,1,39.0,60.0,voiture,utilitaire_camion,1,1,1,1,1
202200048907,2022-02-17 10:00:00,2022,2,17,10,0,75,75113,QUAI D AUSTERLITZ,48.840673,2.369634,Plein jour,En agglomération,Hors intersection,Normale,Autre collision,4,2,3,0,1,1,1,0,1,30,1,1,0,0,0,1,54.0,,deux_roues,,1,2,1,1,6
202200048908,2022-08-14 20:10:00,2022,8,14,20,10,91,91235,RN 104,48.62541,2.35547,Crépuscule ou aube,Hors agglomération,Hors intersection,Pluie légère,Deux véhicules - frontale,2,2,2,0,3,3,2,0,1,50,2,3,1,0,0,2,47.0,35.0,voiture,voiture,2,1,1,2,1
202200048909,2022-10-24 13:40:00,2022,10,24,13,40,94,94028,FRANCE LIBRE(AVENUE DE LA),48.78095,2.45733,Plein jour,En agglomération,Autre intersection,Pluie forte,Deux véhicules - côté,6,-1, -1,0,1,1,2,0,1,30,2,3,2,0,0,1,48.0,33.0,voiture,voiture,1,2,9,3,3
202200048910,2022-06-10 11:35:00,2022,6,10,11,35,50,50243,Rue de la Campagne,49.034956,-1.519783,Plein jour,En agglomération,Hors intersection,Normale,Autre collision,3,2,2,0,2,1,1,0,1,50,1,1,0,0,0,1,30.0,,utilitaire_camion,,1,2,1,1,6
202200048911,2022-03-26 11:57:00,2022,3,26,11,57,13,13215,A7-Sens Marseille vers Lyon,43.366478,5.360834,Plein jour,Hors agglomération,Hors intersection,Normale,Deux véhicules - arrière,1,1,3,0,2,1,1,0,1,90,2,2,1,0,0,1,25.0,21.0,voiture,voiture,1,1,1,1,2
202200048912,2022-02-16 23:37:00,2022,2,16,23,37,75,75113,RUE NEUVE TOLBIAC,48.832234,2.379792,Nuit avec éclairage allumé,En agglomération,Intersection en X,Normale,Deux véhicules - côté,4,2,2,0,1,1,1,0,1,30,2,3,2,0,0,1,53.0,30.0,utilitaire_camion,deux_roues,5,2,2,1,3
202200048913,2022-08-14 09:30:00,2022,8,14,9,30,94,94043,AUTOROUTE A6B,48.815674659,2.3565021889,Plein jour,Hors agglomération,Hors intersection,Normale,Deux véhicules - arrière,1,3,2,0,1,1,1,0,1,70,2,3,1,0,0,2,33.0,58.0,voiture,deux_roues,1,1,1,1,2
202200048914,2022-06-06 14:30:00,2022,6,6,14,30,43,43172,RD 105,45.142094,4.442725,Plein jour,Hors agglomération,Hors intersection,Normale,Sans collision,3,2,2,0,2,3,1,0,1,80,1,1,0,0,1,0,58.0,,deux_roues,,1,1,1,1,7
202200048915,2022-10-25 09:00:00,2022,10,25,9,0,93,93066,Rue du Landy,48.9154409091,2.3594467694,Plein jour,En agglomération,Hors intersection,Normale,Deux véhicules - côté,3,2,2,3,1,1,1,0,1,50,2,2,1,0,0,1,31.0,47.0,voiture,deux_roues,1,2,1,1,3
202200048916,2022-03-26 10:57:00,2022,3,26,10,57,13,13215,A7-Sens Lyon vers Marseille,43.37691,5.35851,Plein jour,Hors agglomération,Hors intersection,Normale,Deux véhicules - arrière,1,1,3,0,1,1,1,0,1,70,2,2,0,0,0,2,36.0,26.0,voiture,voiture,1,1,1,1,2
202200048917,2022-02-17 08:56:00,2022,2,17,8,56,75,75111,RUE RAMPON,48.866011,2.366295,Plein jour,En agglomération,Intersection en X,Normale,Autre collision,4,1,0,0,1,1,1,0,1,30,1,2,1,0,0,1,55.0,,voiture,,1,2,2,1,6
202200048918,2022-08-12 11:22:00,2022,8,12,11,22,91,91161,AUTOROUTE A126,48.71038,2.3021,Plein jour,Hors agglomération,Hors intersection,Normale,Trois véhicules et plus - collisions multiples,1,3,1,0,1,1,1,0,1,70,3,4,3,0,0,1,31.0,34.0,deux_roues,voiture,1,1,1,1,5
202200048919,2022-03-30 07:50:00,2022,3,30,7,50,13,13214,A7-Sens Marseille vers Lyon,43.329,5.378,Plein jour,Hors agglomération,Hors intersection,Normale,Deux véhicules - côté,1,1,4,0,1,1,1,0,1,90,2,2,1,0,0,1,33.0,32.0,voiture,deux_roues,1,1,1,1,3
202200048920,2022-02-17 21:10:00,2022,2,17,21,10,75,75108,AVENUE DES CHAMPS ELYSEES,48.868945,2.309851,Nuit avec éclairage allumé,En agglomération,Intersection à plus de 4 branches,Normale,Sans collision,4,2,6,1,1,1,1,0,5,30,1,1,0,0,0,1,29.0,,deux_roues,,5,2,5,1,7
202200048921,2022-10-25 19:00:00,2022,10,25,19,0,93,93051,Avenue Médéric / Avenue des Yvris,48.8294,2.5741,Crépuscule ou aube,En agglomération,Intersection en X,Normale,Deux véhicules - côté,3,2,2,0,1,1,1,0,8,50,2,2,0,0,0,2,38.0,62.0,deux_roues,deux_roues,2,2,2,1,3
202200048922,2022-06-06 18:10:00,2022,6,6,18,10,36,36126,La Folie,46.497867,1.761974,Plein jour,Hors agglomération,Intersection en T,Normale,Deux véhicules - côté,3,2,2,0,1,1,1,0,1,90,2,7,5,0,1,1,69.0,42.0,voiture,voiture,1,1,3,1,3
202200048923,2022-08-14 06:00:00,2022,8,14,6,0,92,92064,A13,48.8377471332,2.1898883645,Crépuscule ou aube,Hors agglomération,Hors intersection,Normale,Autre collision,1,1,3,0,2,1,1,0,1,110,1,3,0,0,0,3,26.0,,voiture,,2,1,1,1,6
202200048924,2022-02-17 18:20:00,2022,2,17,18,20,75,75108,AVENUE DES CHAMPS ELYSEES,48.867091,2.316075,Nuit avec éclairage allumé,En agglomération,Intersection en T,Normale,Sans collision,4,3,6,1,2,1,1,0,5,30,1,1,0,0,0,1,26.0,,deux_roues,,5,2,3,1,7
202200048925,2022-03-29 08:16:00,2022,3,29,8,16,33,33063,ROCADE A 630,44.88322,-0.5541,Plein jour,Hors agglomération,Hors intersection,Normale,Deux véhicules - arrière,1,3,6,0,1,1,1,3,1,70,2,2,1,0,0,1,73.0,27.0,deux_roues,voiture,1,1,1,1,2
202200048926,2022-06-10 18:30:00,2022,6,10,18,30,07,07181,D86,44.747998,4.746008,Plein jour,En agglomération,Giratoire,Normale,Sans collision,3,2,2,0,1,1,1,0,1,50,2,2,1,0,0,1,40.0,16.0,voiture,deux_roues,1,2,6,1,7
202200048927,2022-08-14 03:40:00,2022,8,14,3,40,92,92050,A86,48.8923673365,2.1822202572,Nuit sans éclairage public,Hors agglomération,Hors intersection,Normale,Autre collision,1,1,3,0,2,3,1,0,1,70,1,3,2,0,1,0,19.0,,voiture,,3,1,1,1,6
202200048928,2022-10-25 17:53:00,2022,10,25,17,53,93,93048,Avenue Gabriel Péri / Rue Condorcet,48.85683,2.44315,Plein jour,En agglomération,Intersection en X,Normale,Deux véhicules - arrière,3,2,2,1,1,1,1,0,1,50,2,2,1,0,0,1,22.0,35.0,deux_roues,deux_roues,1,2,2,1,2
202200048929,2022-03-28 20:22:00,2022,3,28,20,22,59,59646,ROUTE DEPARTEMENTALE 656,50.6866885682,3.1364893913,Nuit avec éclairage allumé,Hors agglomération,Hors intersection,Normale,Autre collision,7,-1,3,0,1,1,1,0,1,90,1,2,1,1,0,0,20.0,,utilitaire_camion,,5,1,1,1,6
202200048930,2022-02-17 02:07:00,2022,2,17,2,7,75,75108,COURS LA REINE,48.864087,2.320116,Nuit avec éclairage allumé,En agglomération,Place,Pluie légère,Deux véhicules - côté,4,2,2,0,1,1,2,0,1,30,2,3,1,0,0,2,26.0,39.0,voiture,deux_roues,5,2,7,2,3
202200048931,2022-10-24 12:55:00,2022,10,24,12,55,93,93032,Avenue Jean Jaurès,48.8835217331,2.5293941204,Plein jour,En agglomération,Hors intersection,Normale,Deux véhicules - côté,3,2,2,0,1,1,1,0,1,50,2,2,1,0,0,1,22.0,51.0,deux_roues,utilitaire_camion,1,2,1,1,3
202200048932,2022-08-13 23:40:00,2022,8,13,23,40,95,95572,RN 184,49.0346875762,2.1135941148,Nuit sans éclairage public,Hors agglomération,Hors intersection,Normale,Trois véhicules et plus - en chaîne,2,3,4,0,1,1,1,0,1,70,3,6,2,0,1,3,26.0,36.0,voiture,voiture,3,1,1,1,4
202200048933,2022-06-09 12:25:00,2022,6,9,12,25,21,21069,R.D. 970,47.345328452,4.4847770029,Plein jour,Hors agglomération,Hors intersection,Normale,Deux véhicules - frontale,3,2,2,0,1,1,1,0,1,90,2,2,1,1,0,0,56.0,70.0,voiture,voiture,1,1,1,1,1
202200048934,2022-03-28 13:34:00,2022,3,28,13,34,59,59160,AUTOROUTE A2,50.4209010642,3.6344602704,Plein jour,Hors agglomération,Hors intersection,Normale,Trois véhicules et plus - en chaîne,1,-1,4,0,1,1,1,0,1,130,3,3,2,0,1,0,43.0,54.0,utilitaire_camion,utilitaire_camion,1,1,1,1,4
202200048935,2022-08-12 22:54:00,2022,8,12,22,54,77,77058,A4,48.8298618816,2.7470483846,Nuit avec éclairage non allumé,Hors agglomération,Hors intersection,Normale,Deux véhicules - frontale,1,1,4,0,1,1,1,9,2,130,2,2,1,0,0,1,22.0,24.0,voiture,voiture,4,1,1,1,1
202200048936,2022-02-17 14:35:00,2022,2,17,14,35,75,75107,RUE DE GRENELLE,48.855663,2.323415,Plein jour,En agglomération,Intersection en T,Normale,Deux véhicules - arrière,4,1,1,0,1,1,1,0,1,30,2,2,1,0,0,1,66.0,36.0,voiture,deux_roues,1,2,3,1,2
202200048937,2022-06-10 18:25:00,2022,6,10,18,25,04,04116,RD 4 bd des Tilleuls,44.030493,5.978708,Plein jour,En agglomération,Hors intersection,Temps éblouissant,Autre collision,3,-1,2,0,1,1,1,6,1,50,1,2,1,0,1,0,36.0,,voiture,,1,2,1,7,6
202200048938,2022-10-25 16:20:00,2022,10,25,16,20,93,93027,Avenue Paul Vaillant Couturier,48.92,2.41,Plein jour,En agglomération,Hors intersection,Normale,Autre collision,3,3,2,3,1,1,1,0,1,50,1,2,0,0,0,2,40.0,,deux_roues,,1,2,1,1,6
202200048939,2022-08-13 18:00:00,2022,8,13,18,0,78,78440,EUROPE (AVENUE DE L'),48.97453,1.91658,Plein jour,En agglomération,Giratoire,Normale,Autre collision,3,3,2,3,1,3,1,0,1,50,1,2,1,0,0,1,29.0,,voiture,,1,2,6,1,6
202200048940,2022-02-17 20:45:00,2022,2,17,20,45,75,75104,BOULEVARD BEAUMARCHAIS,48.854809,2.368739,Nuit avec éclairage allumé,En agglomération,Intersection en T,Normale,Autre collision,4,1,3,3,1,1,1,0,6,30,1,2,1,0,0,1,47.0,,deux_roues,,5,2,3,1,6
202200048941,2022-03-30 07:30:00,2022,3,30,7,30,94,94034,N186,48.75603,2.34132,Plein jour,Hors agglomération,Hors intersection,Pluie légère,Deux véhicules - arrière,2,-1,2,0,1,1,2,0,1,90,2,2,1,0,0,1,25.0,29.0,utilitaire_camion,utilitaire_camion,1,1,1,2,2
202200048942,2022-10-25 13:20:00,2022,10,25,13,20,93,93027,Boulevard Pasteur / Rue de l'Union,48.92804,2.38533,Plein jour,En agglomération,Intersection en X,Normale,Deux véhicules - côté,3,2,2,0,1,1,1,0,1,50,2,2,1,0,0,1,32.0,17.0,voiture,deux_roues,1,2,2,1,3
202200048943,2022-08-12 23:55:00,2022,8,12,23,55,988,98818,AVENUE JAMES COOK,-22.2657,166.41137,Nuit avec éclairage allumé,En agglomération,Hors intersection,Normale,Deux véhicules - frontale,4,2,2,0,2,3,1,0,1,50,2,6,2,0,2,2,26.0,29.0,voiture,voiture,5,2,1,1,1
202200048944,2022-06-09 20:15:00,2022,6,9,20,15,85,85135,RD746,46.53923,-1.23364,Crépuscule ou aube,En agglomération,Intersection en X,Normale,Deux véhicules - frontale,3,2,2,0,2,1,1,0,1,50,2,3,1,0,1,1,56.0,38.0,voiture,voiture,2,2,2,1,1
202200048945,2022-02-17 10:25:00,2022,2,17,10,25,75,75104,RUE DE LA CITE,48.853548,2.346929,Plein jour,En agglomération,Intersection en X,Normale,Deux véhicules - côté,4,1,2,2,1,1,1,0,5,30,2,2,1,0,0,1,67.0,28.0,deux_roues,utilitaire_camion,1,2,2,1,3
202200048946,2022-03-30 12:50:00,2022,3,30,12,50,78,78490,RN12 EXT,48.799675,1.965108,Plein jour,Hors agglomération,Hors intersection,Normale,Deux véhicules - arrière,2,1,1,0,1,1,1,0,1,90,2,2,1,0,0,1,22.0,21.0,voiture,voiture,1,1,1,1,2
202200048947,2022-06-09 19:00:00,2022,6,9,19,0,30,30346,D112,43.9656032396,4.5039732455,Plein jour,Hors agglomération,Hors intersection,Normale,Autre collision,3,2,2,0,1,1,1,0,3,80,1,2,0,1,0,1,23.0,,voiture,,1,1,1,1,6
202200048948,2022-08-12 17:20:00,2022,8,12,17,20,974,97407,ROUTE DU SACRE COEUR,-20.9518,55.305,Plein jour,En agglomération,Hors intersection,Normale,Deux véhicules - côté,4,2,3,0,1,1,1,0,1,70,2,2,1,0,0,1,56.0,22.0,voiture,voiture,1,2,1,1,3
202200048949,2022-10-25 10:15:00,2022,10,25,10,15,93,93010,Rue Auguste Polissard,48.9053572127,2.4803306854,Plein jour,En agglomération,Hors intersection,Normale,Deux véhicules - côté,3,2,2,0,1,1,1,9,1,50,2,2,1,0,0,1,36.0,22.0,deux_roues,voiture,1,2,1,1,3
202200048950,2022-02-17 10:50:00,2022,2,17,10,50,75,75104,RUE DE RIVOLI,48.857875,2.350209,Plein jour,En agglomération,Intersection en X,Normale,Deux véhicules - côté,4,1,3,1,1,1,1,0,5,30,2,2,1,0,0,1,33.0,52.0,voiture,deux_roues,1,2,2,1,3
202200048951,2022-06-10 10:45:00,2022,6,10,10,45,08,08185,,49.9926345445,4.7010074258,Plein jour,En agglomération,Hors intersection,Normale,Autre collision,3,-1,2,0,2,3,1,0,1,50,1,1,0,0,1,0,85.0,,voiture,,1,2,1,1,6
202200048952,2022-08-13 17:47:00,2022,8,13,17,47,973,97302,MORTIN (CITE),4.9148939176,-52.3266604543,Plein jour,En agglomération,Hors intersection,Normale,Autre collision,4,2,2,0,1,1,1,0,1,50,1,2,1,0,0,1,37.0,,voiture,,1,2,1,1,6
202200048953,2022-03-30 07:50:00,2022,3,30,7,50,92,92023,RN385,48.7768085494,2.2306989883,Plein jour,Hors agglomération,Hors intersection,Normale,Deux véhicules - arrière,2,1,3,0,1,1,1,0,1,90,2,2,1,0,0,1,61.0,59.0,utilitaire_camion,voiture,1,1,1,1,2
202200048954,2022-02-17 09:10:00,2022,2,17,9,10,94,94081,Quai Jules Guesde,48.79473,2.41795,Plein jour,En agglomération,Intersection en X,Normale,Deux véhicules - côté,3,3,3,0,1,1,1,0,1,50,2,2,1,0,0,1,35.0,36.0,deux_roues,voiture,1,2,2,1,3
202200048955,2022-10-24 12:00:00,2022,10,24,12,0,93,93007,Avenue Albert Einstein,48.9467,2.46904,Plein jour,En agglomération,Hors intersection,Normale,Deux véhicules - frontale,4,2,2,0,1,1,1,9,4,50,2,3,2,0,0,1,33.0,81.0,voiture,voiture,1,2,1,1,1
202200048956,2022-08-13 15:16:00,2022,8,13,15,16,973,97302,MADELEINE (ROUTE DE LA),4.91859,-52.32171,Plein jour,En agglomération,Hors intersection,Normale,Deux véhicules - arrière,3,2,2,0,1,1,1,0,1,50,2,2,1,0,0,1,41.0,75.0,voiture,voiture,1,2,1,1,2
202200048957,2022-06-04 12:45:00,2022,6,4,12,45,38,38197,A432,45.754828,5.091648,Plein jour,Hors agglomération,Hors intersection,Normale,Trois véhicules et plus - collisions multiples,1,1,2,0,1,1,1,0,1,130,3,5,3,0,0,2,,31.0,voiture,voiture,1,1,1,1,5
202200048958,2022-02-17 14:20:00,2022,2,17,14,20,94,94067,PARIS (av. de),48.84622,2.41873,Plein jour,En agglomération,Hors intersection,Normale,Autre collision,3,2,2,1,1,1,1,0,1,50,1,2,0,0,0,1,,,utilitaire_camion,,1,2,1,1,6
202200048959,2022-10-25 11:15:00,2022,10,25,11,15,92,92073,BOMBIGER (RUE DU DOCTEUR MARC),48.8627191151,2.2123900652,Plein jour,En agglomération,Hors intersection,Normale,Autre collision,4,2,2,0,1,1,1,9,1,50,1,2,1,0,0,1,27.0,,utilitaire_camion,,1,2,1,1,6
202200048960,2022-08-13 15:55:00,2022,8,13,15,55,69,69388,Avenue de Pressensé,45.7268742544,4.8627644777,Plein jour,En agglomération,Intersection en X,Normale,Deux véhicules - côté,4,2,3,2,1,1,1,0,1,30,2,2,1,0,0,1,22.0,31.0,deux_roues,voiture,1,2,2,1,3
202200048961,2022-06-04 21:45:00,2022,6,4,21,45,976,97617,Combani,-12.789883,45.130366,Nuit sans éclairage public,En agglomération,Hors intersection,Normale,Sans collision,3,2,2,0,1,1,1,0,1,50,1,1,0,0,0,1,28.0,,voiture,,3,2,1,1,7
202200048962,2022-03-29 09:00:00,2022,3,29,9,0,78,78423,N12W,48.794438,2.049487,Plein jour,Hors agglomération,Hors intersection,Normale,Trois véhicules et plus - collisions multiples,2,-1,2,0,1,1,1,0,1,90,4,4,3,0,0,1,47.0,43.0,voiture,voiture,1,1,1,1,5