accident_id,datetime,annee,mois,jour,heure,minute,departement,commune_insee,adresse,latitude,longitude,luminosite,agglomeration,intersection,meteo,collision,catr,circ,nbv,vosp,prof,plan,surf,infra,situ,vma,nb_vehicules,nb_usagers,nb_indemnes,nb_tues,nb_blesses_hosp,nb_blesses_legers,age_cond_1,age_cond_2,veh_type_cond_1,veh_type_cond_2,lum_code,agg_code,int_code,atm_code,col_code
202200048963,2022-02-17 17:15:00,2022,2,17,17,15,94,94078,Avenue du 8 Mai 1945,48.728,2.4459,Plein jour,En agglomération,Hors intersection,Normale,Deux véhicules - côté,2,-1,4,0,1,1,1,0,1,50,2,2,1,0,0,1,33.0,24.0,deux_roues,voiture,1,2,1,1,3
202200048964,2022-08-13 06:10:00,2022,8,13,6,10,69,69387,Cours Gambetta,45.75166,4.8535,Crépuscule ou aube,En agglomération,Intersection en X,Normale,Deux véhicules - côté,4,2,2,3,1,1,1,0,1,30,2,2,1,0,0,1,26.0,52.0,deux_roues,voiture,2,2,2,1,3
202200048965,2022-10-25 08:42:00,2022,10,25,8,42,92,92076,RAYMOND POINCARE,48.8422751472,2.1670639515,Plein jour,En agglomération,Intersection en X,Normale,Deux véhicules - côté,4,2,2,0,1,1,1,0,1,50,2,2,1,0,0,1,27.0,33.0,voiture,deux_roues,1,2,2,1,3
202200048966,2022-03-30 07:45:00,2022,3,30,7,45,95,95582,A15,48.9664899506,2.256115973,Plein jour,Hors agglomération,Hors intersection,Pluie légère,Deux véhicules - côté,1,3,8,0,1,3,2,0,1,110,2,2,1,0,0,1,35.0,44.0,voiture,deux_roues,1,1,1,2,3
202200048967,2022-06-09 06:00:00,2022,6,9,6,0,84,84091,A7 PK162 SENS S/N,44.172971,4.759011,Crépuscule ou aube,Hors agglomération,Hors intersection,Normale,Deux véhicules - arrière,1,3,4,0,1,1,1,0,1,130,2,5,3,0,1,1,54.0,21.0,utilitaire_camion,voiture,2,1,1,1,2
202200048968,2022-10-25 15:20:00,2022,10,25,15,20,92,92051,"ROULE (AVENUE DU, N° 29 A 91 ET 30 A 86)",48.8826294035,2.2769682705,Plein jour,En agglomération,Hors intersection,Temps couvert,Autre collision,4,2,2,2,1,1,1,0,5,50,1,2,1,0,0,1,22.0,,deux_roues,,1,2,1,8,6
202200048969,2022-03-30 08:30:00,2022,3,30,8,30,95,95018, A15,48.96151,2.26816,Plein jour,Hors agglomération,Hors intersection,Normale,Deux véhicules - arrière,1,3,10,0,2,1,1,0,1,110,2,2,1,0,0,1,54.0,47.0,deux_roues,utilitaire_camion,1,1,1,1,2
202200048970,2022-10-25 21:39:00,2022,10,25,21,39,92,92012,POINT DU JOUR (RUE DU),48.8328760349,2.254456222,Nuit avec éclairage allumé,En agglomération,Intersection en T,Pluie légère,Autre collision,4,1,2,1,1,2,2,0,1,30,1,2,1,0,0,1,38.0,,voiture,,5,2,3,2,6
202200048971,2022-10-25 15:00:00,2022,10,25,15,0,92,92002,ADOLPHE PAJEAUD (RUE),48.7385559517,2.2760697305,Plein jour,En agglomération,Hors intersection,Normale,Sans collision,3,3,3,0,1,1,1,0,1,50,2,2,1,0,0,1,62.0,57.0,deux_roues,voiture,1,2,1,1,7
202200048972,2022-03-29 23:30:00,2022,3,29,23,30,95,95582,A15,48.9749965805,2.2427773476,Nuit sans éclairage public,Hors agglomération,Hors intersection,Temps couvert,Autre collision,1,3,4,0,2,2,1,0,1,70,1,1,0,0,0,1,37.0,,voiture,,3,1,1,8,6
202200048973,2022-05-31 20:25:00,2022,5,31,20,25,83,83112,510 Chemin du Pont des Anges,43.174793,5.709538,Plein jour,En agglomération,Hors intersection,Normale,Deux véhicules - frontale,4,-1,2,0,3,3,1,0,1,50,2,2,1,0,0,1,25.0,44.0,voiture,deux_roues,1,2,1,1,1
202200048974,2022-03-28 15:30:00,2022,3,28,15,30,93,93010,AUTOROUTE A86,48.8918257196,2.4732476664,Plein jour,Hors agglomération,Hors intersection,Normale,Sans collision,1,1,3,0,1,3,1,0,1,70,1,1,0,0,0,1,34.0,,deux_roues,,1,1,1,1,7
202200048975,2022-10-22 08:40:00,2022,10,22,8,40,37,37005,Tivoli,46.977083,0.583102,Plein jour,Hors agglomération,Hors intersection,Temps éblouissant,Autre collision,4,2,2,0,1,1,1,0,1,80,1,2,1,0,1,0,39.0,,utilitaire_camion,,1,1,1,7,6
202200048976,2022-03-28 07:50:00,2022,3,28,7,50,95,95500,A15,49.0363744984,2.0938557386,Crépuscule ou aube,Hors agglomération,Hors intersection,Normale,Deux véhicules - côté,1,3,4,0,1,1,1,0,1,90,2,2,1,0,0,1,42.0,61.0,voiture,deux_roues,2,1,1,1,3
202200048977,2022-10-25 19:15:00,2022,10,25,19,15,12,12281,Départementale 1,44.378482,2.024462,Nuit sans éclairage public,Hors agglomération,Hors intersection,Normale,Autre collision,3,2,3,0,3,3,1,0,3,90,1,1,0,0,1,0,19.0,,voiture,,3,1,1,1,6
202200048978,2022-03-28 09:00:00,2022,3,28,9,0,974,97407,LASSERVE ALEXANDRE(RUE),-20.93651,55.28972,Plein jour,En agglomération,Hors intersection,Normale,Autre collision,4,2,2,0,1,1,1,0,1,30,1,1,0,0,0,1,36.0,,voiture,,1,2,1,1,6
202200048979,2022-10-24 15:45:00,2022,10,24,15,45,16,16056,PK 98 sens cognac Angouleme RN 141,45.664731,-0.218632,Plein jour,Hors agglomération,Hors intersection,Normale,Deux véhicules - arrière,2,3,4,0,2,1,1,0,8,110,2,2,1,0,1,0,39.0,75.0,utilitaire_camion,voiture,1,1,1,1,2
202200048980,2022-03-28 20:30:00,2022,3,28,20,30,973,97302,SPATULES (RUE DES) CITE EAU LISETTE,4.9270342779,-52.3221489787,Nuit avec éclairage allumé,En agglomération,Hors intersection,Normale,Autre collision,4,1,1,0,1,1,1,0,1,50,1,2,1,0,1,0,19.0,,deux_roues,,5,2,1,1,6
202200048981,2022-10-24 11:48:00,2022,10,24,11,48,06,06161,482 Chemin de l Abreuvoir,43.649984,7.130785,Plein jour,En agglomération,Hors intersection,Normale,Autre collision,3,2,2,1,1,1,1,9,5,50,1,1,0,0,0,1,50.0,,deux_roues,,1,2,1,1,6
202200048982,2022-03-29 13:30:00,2022,3,29,13,30,69,69388,Rue de Nice,45.7321,4.86055,Plein jour,En agglomération,Autre intersection,Normale,Deux véhicules - côté,4,-1,1,2,1,1,1,0,5,30,2,2,0,0,0,2,49.0,59.0,deux_roues,voiture,1,2,9,1,3
202200048983,2022-10-21 10:35:00,2022,10,21,10,35,81,81077,D127,43.906133,2.537692,Plein jour,Hors agglomération,Hors intersection,Normale,Deux véhicules - frontale,3,2,2,0,2,1,1,0,1,80,2,2,1,0,1,0,33.0,70.0,utilitaire_camion,voiture,1,1,1,1,1
202200048984,2022-10-26 14:00:00,2022,10,26,14,0,91,91363,Route de Beauvert,48.645613,2.209432,Plein jour,Hors agglomération,Hors intersection,Normale,Sans collision,3,2,2,0,1,3,1,0,3,80,1,1,0,0,1,0,53.0,,deux_roues,,1,1,1,1,7
202200048985,2022-03-29 12:33:00,2022,3,29,12,33,69,69383,Rue Garibaldi,45.75868,4.85257,Plein jour,En agglomération,Autre intersection,Normale,Autre collision,4,2,4,0,1,1,1,0,5,10,1,2,1,0,0,1,30.0,,deux_roues,,1,2,9,1,6
202200048986,2022-10-25 22:30:00,2022,10,25,22,30,17,17407,RN 11 PK26+657,46.202851,-1.02351,Nuit sans éclairage public,Hors agglomération,Hors intersection,Normale,Autre collision,2,3,4,0,1,1,2,0,1,110,1,1,0,1,0,0,30.0,,utilitaire_camion,,3,1,1,1,6
202200048987,2022-03-29 10:05:00,2022,3,29,10,5,69,69259,Boulevard Ambroise Croizat,45.70539,4.88755,Plein jour,En agglomération,Hors intersection,Normale,Autre collision,7,3,4,3,1,1,1,0,1,50,1,2,1,0,0,1,59.0,,voiture,,1,2,1,1,6
202200048988,2022-10-26 13:30:00,2022,10,26,13,30,89,89239,Rue Victor Hugo,48.172513,3.339741,Plein jour,En agglomération,Hors intersection,Normale,Deux véhicules - côté,4,2,2,0,1,3,1,0,1,50,2,2,0,0,0,2,30.0,42.0,voiture,voiture,1,2,1,1,3
202200048989,2022-03-29 16:25:00,2022,3,29,16,25,972,97213,ROUTE DEPARTEMENTALE 3,14.61758,-60.98865,Plein jour,En agglomération,Autre intersection,Normale,Deux véhicules - côté,3,3,2,0,1,1,1,0,1,30,2,3,1,0,1,1,27.0,68.0,voiture,deux_roues,1,2,9,1,3
202200048990,2022-10-26 11:25:00,2022,10,26,11,25,59,59624,rue curie,50.036683,3.301188,Plein jour,En agglomération,Intersection en T,Normale,Deux véhicules - côté,4,2,2,0,2,1,1,0,1,50,2,2,1,0,1,0,69.0,39.0,deux_roues,voiture,1,2,3,1,3
202200048991,2022-10-26 07:30:00,2022,10,26,7,30,59,59349,Rue du Moulin,50.096841,3.377122,Crépuscule ou aube,Hors agglomération,Hors intersection,Normale,Autre collision,3,2,2,0,1,4,1,0,3,80,1,1,0,0,1,0,23.0,,voiture,,2,1,1,1,6
202200048992,2022-10-25 18:55:00,2022,10,25,18,55,76,76675,1810 Route des Huniers,49.60451,1.037307,Nuit avec éclairage allumé,En agglomération,Hors intersection,Normale,Sans collision,4,2,1,0,1,1,2,0,1,-1,1,2,1,0,0,1,14.0,,deux_roues,,5,2,1,1,7
202200048993,2022-03-28 16:35:00,2022,3,28,16,35,971,97101,BLD DES FRITES- LE RAIZET,16.25633,-61.53284,Plein jour,Hors agglomération,Hors intersection,Normale,Deux véhicules - côté,4,-1,0,0,1,1,1,0,1,30,2,2,1,0,0,1,19.0,19.0,voiture,deux_roues,1,1,1,1,3
202200048994,2022-10-24 13:45:00,2022,10,24,13,45,2B,2B096,rt50,42.301698,9.16535,Plein jour,En agglomération,Giratoire,Normale,Deux véhicules - côté,2,3,2,0,1,3,1,0,1,50,2,2,1,0,1,0,20.0,15.0,voiture,deux_roues,1,2,6,1,3
202200048995,2022-03-28 16:00:00,2022,3,28,16,0,971,97101,LES CANELLES (RESIDENCE),16.24946,-61.53484,Plein jour,En agglomération,Autre intersection,Normale,Autre collision,6,-1, -1,0,1,1,1,0,1,15,1,2,1,0,0,1,65.0,,voiture,,1,2,9,1,6
202200048996,2022-10-26 08:45:00,2022,10,26,8,45,80,80204,1 Rue du 110e Ri,50.008753,2.86844,Plein jour,En agglomération,Intersection en T,Normale,Deux véhicules - côté,3,2,2,0,1,1,2,5,1,50,2,2,1,0,1,0,51.0,17.0,utilitaire_camion,deux_roues,1,2,3,1,3
202200048997,2022-10-25 16:24:00,2022,10,25,16,24,82,82127,D7,44.164413797,0.999421276,Plein jour,Hors agglomération,Hors intersection,Normale,Deux véhicules - frontale,3,2,2,0,1,1,1,0,1,80,2,3,0,0,2,1,32.0,68.0,voiture,voiture,1,1,1,1,1
202200048998,2022-03-28 07:15:00,2022,3,28,7,15,971,97101,DE LA DOCUMENTATION - PETIT PEROU (RUE),16.25249,-61.51475,Plein jour,Hors agglomération,Hors intersection,Normale,Deux véhicules - côté,3,2,2,0,1,1,1,0,1,70,2,3,1,0,0,2,48.0,55.0,voiture,deux_roues,1,1,1,1,3
202200048999,2022-10-25 08:00:00,2022,10,25,8,0,61,61345,D11,48.447636,0.77666,Crépuscule ou aube,Hors agglomération,Hors intersection,Normale,Deux véhicules - frontale,3,2,2,0,3,4,2,0,1,90,2,2,0,0,2,0,35.0,53.0,voiture,voiture,2,1,1,1,1
202200049000,2022-03-29 15:40:00,2022,3,29,15,40,95,95680,HUIT MAI 1945 (AVENUE DU),49.0074556241,2.401446104,Plein jour,En agglomération,Hors intersection,Pluie légère,Deux véhicules - frontale,3,2,2,0,1,4,2,0,1,50,2,3,1,0,0,2,24.0,44.0,voiture,voiture,1,2,1,2,1
202200049001,2022-10-24 20:00:00,2022,10,24,20,0,49,49200,Route des Trois Communes (Le Plessis-Macé),47.550051,-0.703243,Nuit sans éclairage public,Hors agglomération,Intersection en Y,Pluie légère,Sans collision,3,2,2,0,1,3,2,0,3,80,1,1,0,0,1,0,30.0,,voiture,,3,1,4,2,7
202200049002,2022-03-29 12:50:00,2022,3,29,12,50,95,95680,RD 370,49.0011670454,2.4077948928,Plein jour,En agglomération,Hors intersection,Normale,Deux véhicules - côté,3,2,2,0,1,1,1,0,1,30,2,2,1,0,0,1,46.0,,deux_roues,deux_roues,1,2,1,1,3
202200049003,2022-10-22 17:50:00,2022,10,22,17,50,42,42019,11 Rue de Lyon,45.744606,4.005056,Plein jour,En agglomération,Intersection en X,Normale,Deux véhicules - côté,3,2,2,0,1,1,1,0,1,50,2,2,1,0,0,1,14.0,65.0,deux_roues,voiture,1,2,2,1,3
202200049004,2022-03-27 20:27:00,2022,3,27,20,27,87,87085,GAMBETTA (BOULEVARD),45.82859,1.25615,Nuit avec éclairage allumé,En agglomération,Intersection en T,Normale,Deux véhicules - côté,4,4,3,0,2,1,1,0,1,50,2,2,1,0,1,0,40.0,76.0,deux_roues,voiture,5,2,3,1,3
202200049005,2022-10-20 23:30:00,2022,10,20,23,30,42,42208,1757 Route de la Talaudiere,45.530561,4.475561,Nuit sans éclairage public,Hors agglomération,Intersection en Y,Pluie légère,Autre collision,7,2,2,0,4,2,2,0,8,80,1,3,0,0,1,2,21.0,,voiture,,3,1,4,2,6
202200049006,2022-10-25 11:30:00,2022,10,25,11,30,22,22351,Lieu Dit Kermest,48.299211,-3.534808,Plein jour,Hors agglomération,Hors intersection,Normale,Sans collision,4,2,2,0,1,1,1,0,3,80,1,1,0,0,0,1,39.0,,utilitaire_camion,,1,1,1,1,7
202200049007,2022-10-25 08:45:00,2022,10,25,8,45,39,39056,38 Rue Louis le Grand,46.746067,5.453772,Plein jour,En agglomération,Hors intersection,Normale,Autre collision,3,2,2,0,1,1,1,9,1,20,1,2,1,0,1,0,32.0,,voiture,,1,2,1,1,6
202200049008,2022-03-25 18:45:00,2022,3,25,18,45,80,80021,FUSILLES (BOULEVARD DES ),49.90208,2.29699,Plein jour,En agglomération,Hors intersection,Normale,Deux véhicules - frontale,4,2,2,0,1,1,1,0,1,50,2,2,1,0,0,1,45.0,21.0,voiture,voiture,1,2,1,1,1
202200049009,2022-10-25 10:15:00,2022,10,25,10,15,44,44061,2 Rue Antoine de Saint Exupery,47.24399,-1.934329,Plein jour,En agglomération,Hors intersection,Normale,Autre collision,3,2,2,0,1,2,1,0,1,30,1,3,2,0,1,0,46.0,,voiture,,1,2,1,1,6
202200049010,2022-10-26 09:19:00,2022,10,26,9,19,35,35188,Boulevard de la Duchesse Anne,48.1357565216,-1.9600899518,Plein jour,En agglomération,Hors intersection,Temps éblouissant,Autre collision,3,2,2,1,1,1,1,0,1,50,1,2,1,1,0,0,55.0,,voiture,,1,2,1,7,6
202200049011,2022-03-28 18:40:00,2022,3,28,18,40,78,78423,PRES (AVENUE DES),48.777564,2.018143,Plein jour,En agglomération,Hors intersection,Normale,Deux véhicules - arrière,4,2,4,0,1,2,1,0,1,70,2,3,1,2,0,0,36.0,27.0,utilitaire_camion,deux_roues,1,2,1,1,2
202200049012,2022-10-26 12:55:00,2022,10,26,12,55,29,29150,Rue de Quimperlé,47.8189,-3.618515,Plein jour,En agglomération,Intersection en Y,Normale,Deux véhicules - côté,3,2,2,0,1,1,1,5,1,50,2,3,2,0,1,0,14.0,49.0,deux_roues,voiture,1,2,4,1,3
202200049013,2022-10-26 10:00:00,2022,10,26,10,0,01,01374,340 Route du Farget,46.0990177138,5.3163769841,Plein jour,En agglomération,Hors intersection,Normale,Autre collision,3,2,2,0,1,1,1,0,3,50,1,1,0,0,0,1,29.0,,voiture,,1,2,1,1,6
202200049014,2022-03-29 20:20:00,2022,3,29,20,20,76,76231,Rue des Martyrs,49.28799,1.0071,Nuit avec éclairage allumé,En agglomération,Hors intersection,Vent fort / tempête,Deux véhicules - côté,4,2,2,0,1,1,1,0,1,50,2,2,1,0,0,1,57.0,33.0,voiture,deux_roues,5,2,1,6,3
202200049015,2022-10-25 20:30:00,2022,10,25,20,30,01,01046,Route de Pont de Veyle,46.231639,4.913067,Nuit sans éclairage public,Hors agglomération,Hors intersection,Normale,Deux véhicules - frontale,3,2,2,0,2,1,1,0,1,80,2,6,1,0,0,5,22.0,31.0,voiture,voiture,3,1,1,1,1
202200049016,2022-03-29 09:50:00,2022,3,29,9,50,76,76575,Boulevard Lénine,49.367876,1.10675,Crépuscule ou aube,Hors agglomération,Giratoire,Pluie légère,Deux véhicules - frontale,7,1,3,0,1,3,2,0,1,50,2,2,1,0,0,1,26.0,24.0,deux_roues,voiture,2,1,6,2,1
202200049017,2022-10-26 11:15:00,2022,10,26,11,15,54,54029,5 Rue Lucien Michel,49.37028,5.89616,Plein jour,En agglomération,Hors intersection,Normale,Autre collision,3,2,2,0,1,1,1,0,1,50,1,2,1,0,0,1,88.0,,voiture,,1,2,1,1,6
202200049018,2022-10-26 16:33:00,2022,10,26,16,33,05,05045,Route de Gap,44.538588,6.475174,Plein jour,Hors agglomération,Hors intersection,Normale,Sans collision,2,2,2,0,1,1,1,0,3,80,1,2,0,0,1,1,14.0,,deux_roues,,1,1,1,1,7
202200049019,2022-03-28 19:20:00,2022,3,28,19,20,76,76552,ALBERT DUBOSC,49.5050833758,0.0862517953,Plein jour,En agglomération,Intersection en T,Normale,Deux véhicules - frontale,3,2,2,0,1,4,1,0,1,40,2,2,0,0,0,2,18.0,50.0,deux_roues,deux_roues,1,2,3,1,1
202200049020,2022-03-28 17:15:00,2022,3,28,17,15,76,76351,CLEMENT MARICAL,49.4994,0.09471,Plein jour,En agglomération,Hors intersection,Normale,Autre collision,4,1,1,1,2,1,1,0,1,50,1,1,0,0,0,1,47.0,,voiture,,1,2,1,1,6
202200049021,2022-10-26 11:53:00,2022,10,26,11,53,18,18142,,46.742632,2.507071,Plein jour,Hors agglomération,Hors intersection,Normale,,4,2,2,0,2,3,1,0,1,70,1,4,1,0,3,0,27.0,,utilitaire_camion,,1,1,1,1,-1
202200049022,2022-10-25 15:30:00,2022,10,25,15,30,43,43036,RD902,45.099768,3.799317,Plein jour,En agglomération,Hors intersection,Normale,Deux véhicules - côté,3,2,2,0,1,1,1,0,8,50,2,3,2,0,1,0,59.0,74.0,utilitaire_camion,voiture,1,2,1,1,3
202200049023,2022-03-29 14:35:00,2022,3,29,14,35,74,74008,JURA (RUE DU),46.1988,6.2259,Plein jour,En agglomération,Hors intersection,Normale,Deux véhicules - côté,4,2,2,0,1,1,1,0,1,50,2,2,1,0,0,1,40.0,58.0,voiture,deux_roues,1,2,1,1,3
202200049024,2022-10-25 07:40:00,2022,10,25,7,40,36,36042,,46.6561941794,1.5006551074,Crépuscule ou aube,Hors agglomération,Hors intersection,Normale,Autre collision,3,2,2,0,4,1,1,0,3,80,1,1,0,0,1,0,67.0,,utilitaire_camion,,2,1,1,1,6
202200049025,2022-10-26 01:25:00,2022,10,26,1,25,16,16119,D939,45.564273,0.273909,Nuit sans éclairage public,Hors agglomération,Hors intersection,Normale,Autre collision,3,2,2,0,2,1,2,0,3,90,1,2,1,1,0,0,20.0,,voiture,,3,1,1,1,6
202200049026,2022-03-29 15:25:00,2022,3,29,15,25,71,71306,PARAY (RUE DE),46.660468,4.360677,Plein jour,En agglomération,Hors intersection,Normale,Autre collision,4,-1,2,0,1,1,1,0,1,50,1,2,1,0,1,0,75.0,,voiture,,1,2,1,1,6
202200049027,2022-10-25 18:00:00,2022,10,25,18,0,85,85206,Rue raoul de rochebrune,46.460203,-1.337838,Plein jour,En agglomération,Hors intersection,Normale,Autre collision,3,2,2,0,1,1,1,0,1,50,1,2,1,0,1,0,43.0,,voiture,,1,2,1,1,6
202200049028,2022-03-28 17:30:00,2022,3,28,17,30,71,71040,MARECHAL LECLERC (AVENUE DU),46.6918880782,4.3813320994,Plein jour,En agglomération,Hors intersection,Normale,Autre collision,4,-1,2,0,1,1,1,0,1,50,1,1,0,0,0,1,44.0,,utilitaire_camion,,1,2,1,1,6
202200049029,2022-10-26 08:15:00,2022,10,26,8,15,30,30276,,43.59616,4.195772,Plein jour,Hors agglomération,Hors intersection,Normale,Autre collision,3,3,4,0,3,1,1,2,1,90,1,1,0,0,0,1,21.0,,voiture,,1,1,1,1,6
202200049030,2022-03-28 19:49:00,2022,3,28,19,49,69,69264,Rue Grange Blazet,45.9822592254,4.7190517187,Crépuscule ou aube,En agglomération,Hors intersection,Normale,Deux véhicules - côté,4,3,2,0,1,1,1,0,1,30,2,2,1,0,0,1,30.0,27.0,voiture,deux_roues,2,2,1,1,3
202200049031,2022-10-25 17:45:00,2022,10,25,17,45,08,08365,Rue de la Gare,49.841722,4.539505,Plein jour,En agglomération,Hors intersection,Normale,Deux véhicules - côté,4,2,2,0,1,2,1,0,1,50,2,2,1,0,1,0,15.0,49.0,deux_roues,utilitaire_camion,1,2,1,1,3
202200049032,2022-10-20 20:17:00,2022,10,20,20,17,49,49323,Autoroute A11 - PK 257.000,47.501605,-0.470867,Nuit sans éclairage public,Hors agglomération,Hors intersection,Normale,Deux véhicules - arrière,1,3,4,0,1,1,1,0,2,110,2,2,0,0,1,1,26.0,60.0,utilitaire_camion,voiture,3,1,1,1,2
202200049033,2022-03-29 13:20:00,2022,3,29,13,20,64,64024,BOIS BELIN (RUE DU),43.49367,-1.51094,Plein jour,En agglomération,Hors intersection,Temps couvert,Deux véhicules - arrière,4,2,3,0,1,1,1,0,1,50,2,2,1,0,0,1,60.0,53.0,voiture,transport_commun,1,2,1,8,2
202200049034,2022-10-20 23:10:00,2022,10,20,23,10,01,01032,A42 - PK 024+200,45.861646,5.165951,Nuit sans éclairage public,Hors agglomération,Hors intersection,Normale,Autre collision,1,3,5,0,1,1,1,8,1,110,1,1,0,0,1,0,35.0,,voiture,,3,1,1,1,6
202200049035,2022-03-28 15:35:00,2022,3,28,15,35,62,62270,VISEUR (PLACE DES FRERES),50.4744,2.48901,Plein jour,En agglomération,Hors intersection,Normale,Autre collision,3,2,2,0,1,1,1,0,4,50,1,1,0,0,1,0,24.0,,deux_roues,,1,2,1,1,6
202200049036,2022-02-25 14:30:00,2022,2,25,14,30,59,59437,SECLIN RUE DE,50.569558,3.021229,Plein jour,En agglomération,Hors intersection,Normale,Deux véhicules - côté,7,-1,2,0,1,1,1,9,1,30,2,2,1,0,0,1,,36.0,utilitaire_camion,deux_roues,1,2,1,1,3
202200049037,2022-03-29 08:45:00,2022,3,29,8,45,56,56260,CHAPEAU ROUGE(RUE DU),47.6695,-2.721506,Plein jour,En agglomération,Hors intersection,Normale,Autre collision,4,3,2,0,1,1,1,0,1,50,1,2,1,0,0,1,63.0,,voiture,,1,2,1,1,6
202200049038,2022-10-26 00:30:00,2022,10,26,0,30,27,27517,A13 081+600,49.133823,1.315227,Nuit sans éclairage public,Hors agglomération,Hors intersection,Pluie légère,Trois véhicules et plus - en chaîne,1,3,4,0,1,1,2,0,1,-1,3,5,3,0,2,0,33.0,47.0,utilitaire_camion,voiture,3,1,1,2,4
202200049039,2022-03-28 14:50:00,2022,3,28,14,50,56,56036,N165 sens Lorient/Vannes,47.785996,-3.33335,Plein jour,Hors agglomération,Hors intersection,Normale,Autre collision,2,3,4,0,1,1,1,0,3,90,1,1,0,0,0,1,22.0,,voiture,,1,1,1,1,6
202200049040,2022-10-26 15:10:00,2022,10,26,15,10,77,77211,D619,48.581093,2.964297,Plein jour,Hors agglomération,Intersection en X,Temps éblouissant,Deux véhicules - côté,3,2,2,0,1,1,1,5,1,90,2,2,1,0,1,0,63.0,70.0,deux_roues,voiture,1,1,2,7,3
202200049041,2022-03-27 20:30:00,2022,3,27,20,30,56,56098,MAURICE (RUE  JEAN-MARIE ),47.757,-3.33797,Plein jour,En agglomération,Intersection en X,Normale,Deux véhicules - côté,4,2,2,0,1,1,1,0,1,50,2,2,1,0,0,1,34.0,35.0,voiture,voiture,1,2,2,1,3
202200049042,2022-10-25 12:08:00,2022,10,25,12,8,91,91129,Place Henri Pigeolet,48.48402,2.333168,Plein jour,En agglomération,Hors intersection,Normale,Deux véhicules - côté,3,3,2,0,2,1,1,0,1,50,2,2,0,0,1,1,35.0,57.0,deux_roues,voiture,1,2,1,1,3
202200049043,2022-03-26 12:10:00,2022,3,26,12,10,56,56121,MONISTROL (RUE),47.73756,-3.38227,Plein jour,En agglomération,Hors intersection,Normale,Autre collision,4,2,2,1,2,1,1,0,1,30,1,1,0,0,0,1,51.0,,deux_roues,,1,2,1,1,6
202200049044,2022-10-25 08:30:00,2022,10,25,8,30,30,30307,N106,44.193107,4.043476,Plein jour,Hors agglomération,Hors intersection,Normale,Deux véhicules - frontale,2,2,2,0,1,1,1,0,1,-1,2,2,1,0,1,0,42.0,24.0,voiture,voiture,1,1,1,1,1
202200049045,2022-10-25 23:50:00,2022,10,25,23,50,83,83115,Av du Croiseur Leger le Malin,43.330473,6.668213,Nuit sans éclairage public,Hors agglomération,Hors intersection,Normale,Autre collision,3,2,2,0,1,1,1,0,8,50,1,1,0,0,1,0,52.0,,deux_roues,,3,1,1,1,6
202200049046,2022-03-24 18:45:00,2022,3,24,18,45,56,56121,3 Rue Charles Gounod,47.76448,-3.37382,Plein jour,En agglomération,Hors intersection,Normale,Deux véhicules - côté,4,2,2,0,1,1,1,0,1,30,2,2,1,0,0,1,,44.0,deux_roues,deux_roues,1,2,1,1,3
202200049047,2022-10-26 13:50:00,2022,10,26,13,50,67,67098,181 Rue du Général de Gaulle,48.541579,7.411603,Plein jour,Hors agglomération,Hors intersection,Temps éblouissant,Deux véhicules - frontale,3,2,2,0,1,1,1,0,1,70,2,2,1,0,1,0,37.0,43.0,utilitaire_camion,deux_roues,1,1,1,7,1
202200049048,2022-03-23 17:25:00,2022,3,23,17,25,55,55545,MIRIBEL ( AVENUE ),49.16766,5.39392,Plein jour,En agglomération,Hors intersection,Normale,Sans collision,3,2,2,3,1,1,1,9,4,50,1,2,1,0,0,1,56.0,,utilitaire_camion,,1,2,1,1,7
202200049049,2022-10-25 17:25:00,2022,10,25,17,25,57,57261,rue du moulin,49.062264,7.211299,Plein jour,En agglomération,Intersection en T,Normale,Deux véhicules - côté,4,2,1,0,1,1,1,0,1,50,2,2,1,0,1,0,48.0,9.0,voiture,deux_roues,1,2,3,1,3
202200049050,2022-03-28 15:35:00,2022,3,28,15,35,54,54395,SONNINI (RUE),48.6824419619,6.1862924695,Plein jour,En agglomération,Hors intersection,Normale,Autre collision,4,1,1,0,1,1,1,0,1,50,1,2,1,0,0,1,,,voiture,,1,2,1,1,6
202200049051,2022-10-26 15:45:00,2022,10,26,15,45,01,01049,D1084,45.845939,5.038991,Plein jour,En agglomération,Hors intersection,Normale,Autre collision,3,2,2,1,1,1,1,0,1,50,1,1,0,0,0,1,46.0,,deux_roues,,1,2,1,1,6
202200049052,2022-03-29 10:50:00,2022,3,29,10,50,51,51454,Rue Emile Zola,49.26591,4.02684,Plein jour,En agglomération,Hors intersection,Normale,Deux véhicules - côté,4,2,2,0,2,1,1,0,4,30,2,2,1,0,0,1,37.0,38.0,voiture,deux_roues,1,2,1,1,3
202200049053,2022-10-25 17:30:00,2022,10,25,17,30,01,01376,Porte de la dombes,45.821001,4.989708,Plein jour,Hors agglomération,Giratoire,Normale,Deux véhicules - arrière,3,1,2,0,1,2,1,0,1,80,2,2,1,0,0,1,,17.0,utilitaire_camion,deux_roues,1,1,6,1,2
202200049054,2022-10-23 21:15:00,2022,10,23,21,15,01,01099,D1084,45.913138,5.253013,Nuit sans éclairage public,Hors agglomération,Hors intersection,Normale,Deux véhicules - frontale,3,2,2,0,1,1,1,0,1,80,2,2,1,0,0,1,20.0,25.0,voiture,voiture,3,1,1,1,1