accident_id,datetime,annee,mois,jour,heure,minute,departement,commune_insee,adresse,latitude,longitude,luminosite,agglomeration,intersection,meteo,collision,catr,circ,nbv,vosp,prof,plan,surf,infra,situ,vma,nb_vehicules,nb_usagers,nb_indemnes,nb_tues,nb_blesses_hosp,nb_blesses_legers,age_cond_1,age_cond_2,veh_type_cond_1,veh_type_cond_2,lum_code,agg_code,int_code,atm_code,col_code
202200049055,2022-03-29 09:45:00,2022,3,29,9,45,51,51454,Avenue Paul Marchandeau,49.24406,4.02764,Plein jour,En agglomération,Intersection en X,Normale,Deux véhicules - côté,4,1, -1,0,1,1,1,0,1,50,2,2,1,0,0,1,28.0,22.0,voiture,voiture,1,2,2,1,3
202200049056,2022-10-23 21:30:00,2022,10,23,21,30,17,17199,d730 moulin de comble,45.274011,-0.367484,Nuit sans éclairage public,Hors agglomération,Hors intersection,Normale,Sans collision,3,2,2,0,1,1,1,0,3,80,1,1,0,0,1,0,31.0,,voiture,,3,1,1,1,7
202200049057,2022-10-26 17:50:00,2022,10,26,17,50,50,50294,Route des Pieux,49.603086,-1.664912,Plein jour,En agglomération,Intersection en T,Normale,Deux véhicules - côté,3,2,2,0,1,1,1,0,1,50,2,2,1,0,1,0,30.0,19.0,deux_roues,voiture,1,2,3,1,3
202200049058,2022-10-25 13:15:00,2022,10,25,13,15,22,22076,La Basse Millière,48.540851,-2.397144,Plein jour,Hors agglomération,Hors intersection,Normale,Deux véhicules - arrière,3,2,2,0,1,1,1,0,1,80,2,2,1,0,1,0,39.0,38.0,voiture,deux_roues,1,1,1,1,2
202200049059,2022-03-28 16:05:00,2022,3,28,16,5,50,50129,TOURELLE (RUE DE LA),49.63755,-1.57558,Plein jour,En agglomération,Intersection en T,Normale,Deux véhicules - côté,4,2,2,0,1,1,1,5,1,50,2,2,1,0,0,1,57.0,18.0,voiture,deux_roues,1,2,3,1,3
202200049060,2022-10-26 12:08:00,2022,10,26,12,8,80,80212,Rue Léon Curé,49.911533,2.502415,Plein jour,En agglomération,Intersection en X,Normale,Deux véhicules - côté,3,2,2,0,2,1,1,2,1,50,2,2,1,0,1,0,30.0,63.0,voiture,deux_roues,1,2,2,1,3
202200049061,2022-03-28 18:16:00,2022,3,28,18,16,49,49007,LORRAINE PLACE,47.4704,-0.5476,Plein jour,En agglomération,Intersection en T,Normale,Deux véhicules - côté,4,3,6,3,1,1,1,0,1,50,2,2,1,0,0,1,53.0,17.0,voiture,deux_roues,1,2,3,1,3
202200049062,2022-10-25 09:00:00,2022,10,25,9,0,13,13215,A7-Sens Lyon vers Marseille,43.3794464693,5.3541746529,Plein jour,Hors agglomération,Hors intersection,Normale,Deux véhicules - arrière,1,-1,1,0,1,1,1,0,1,90,2,2,1,0,0,1,39.0,62.0,voiture,deux_roues,1,1,1,1,2
202200049063,2022-03-28 16:39:00,2022,3,28,16,39,49,49007,Rue des Ponts de Cé,47.45295,-0.53871,Plein jour,En agglomération,Intersection en X,Normale,Deux véhicules - côté,4,2,2,0,1,1,1,0,1,30,2,2,1,0,0,1,64.0,44.0,voiture,deux_roues,1,2,2,1,3
202200049064,2022-10-25 07:00:00,2022,10,25,7,0,13,13071,A7-Sens Marseille vers Lyon,43.4053,5.33888,Nuit sans éclairage public,Hors agglomération,Hors intersection,Normale,Trois véhicules et plus - en chaîne,1,-1,2,0,1,1,1,0,1,110,7,10,4,0,0,6,60.0,69.0,voiture,voiture,3,1,1,1,4
202200049065,2022-10-23 21:50:00,2022,10,23,21,50,57,57463,RN 431,49.09123,6.22863,Nuit sans éclairage public,Hors agglomération,Hors intersection,Pluie forte,Autre collision,2,3,4,0,2,3,1,3,1,110,1,2,1,0,1,0,21.0,,voiture,,3,1,1,3,6
202200049066,2022-10-24 18:30:00,2022,10,24,18,30,33,33162,ROCADE A 630,44.8584596871,-0.6619316339,Plein jour,Hors agglomération,Hors intersection,Normale,Deux véhicules - arrière,1,3,6,0,1,1,8,3,1,90,2,2,1,0,0,1,33.0,59.0,deux_roues,utilitaire_camion,1,1,1,1,2
202200049067,2022-02-20 18:18:00,2022,2,20,18,18,42,42218,Rue de la Montat,45.44209,4.40833,Plein jour,En agglomération,Intersection en X,Normale,Deux véhicules - côté,4,2,2,0,1,1,1,0,1,50,2,5,3,0,0,2,34.0,25.0,voiture,voiture,1,2,2,1,3
202200049068,2022-10-25 12:15:00,2022,10,25,12,15,94,94038,AUTOROUTE A6A,48.7802,2.3468,Plein jour,Hors agglomération,Hors intersection,Normale,Deux véhicules - côté,1,1,12,0,1,1,1,0,1,90,2,2,1,0,0,1,43.0,49.0,voiture,voiture,1,1,1,1,3
202200049069,2022-10-25 11:55:00,2022,10,25,11,55,92,92036,A86,48.9348887042,2.2678495223,Plein jour,Hors agglomération,Hors intersection,Normale,Deux véhicules - côté,1,-1,2,0,1,1,1,0,1,90,2,2,1,0,0,1,29.0,30.0,voiture,deux_roues,1,1,1,1,3
202200049070,2022-03-24 07:55:00,2022,3,24,7,55,41,41018,DES ALLEES (ROND POINT),47.5825,1.298,Plein jour,En agglomération,Hors intersection,Normale,Deux véhicules - côté,3,1,1,0,1,2,1,9,1,50,2,2,1,0,0,1,59.0,17.0,voiture,deux_roues,1,2,1,1,3
202200049071,2022-10-25 09:40:00,2022,10,25,9,40,93,93064,AUTOROUTE A86,48.8775091635,2.47741539,Plein jour,Hors agglomération,Hors intersection,Normale,Trois véhicules et plus - collisions multiples,1,3,8,0,1,1,1,0,1,110,3,3,2,0,0,1,38.0,26.0,voiture,deux_roues,1,1,1,1,5
202200049072,2022-03-23 15:45:00,2022,3,23,15,45,41,41018,WILSON (AVENUE DU PRESIDENT),47.5825,1.3415,Plein jour,En agglomération,Hors intersection,Normale,Autre collision,4,2,2,0,1,1,1,0,1,30,1,2,1,0,1,0,52.0,,voiture,,1,2,1,1,6
202200049073,2022-10-25 14:40:00,2022,10,25,14,40,75,75112,A4,48.823,2.46291,Plein jour,Hors agglomération,Hors intersection,Normale,Deux véhicules - arrière,1,3,4,0,1,1,1,0,1,90,2,2,1,0,0,1,60.0,27.0,voiture,utilitaire_camion,1,1,1,1,2
202200049074,2022-03-29 21:20:00,2022,3,29,21,20,38,38151,RN 87 (RONDEAU A J.DUCLOS),45.15527,5.714,Nuit sans éclairage public,Hors agglomération,Hors intersection,Normale,Deux véhicules - arrière,2,3,2,0,1,1,1,8,1,90,2,3,1,0,0,2,29.0,22.0,utilitaire_camion,voiture,3,1,1,1,2
202200049075,2022-10-24 17:00:00,2022,10,24,17,0,54,54395,LAXOU (Rue de),48.6859930042,6.161929965,Plein jour,En agglomération,Hors intersection,Normale,Autre collision,4,1,1,2,1,1,1,0,1,50,1,2,1,0,0,1,18.0,,deux_roues,,1,2,1,1,6
202200049076,2022-10-24 19:55:00,2022,10,24,19,55,75,75119,AVENUE DE FLANDRE,48.889258,2.374829,Nuit avec éclairage allumé,En agglomération,Intersection en T,Normale,Autre collision,4,1,3,1,1,1,1,0,5,30,1,2,1,0,0,1,29.0,,deux_roues,,5,2,3,1,6
202200049077,2022-03-29 11:39:00,2022,3,29,11,39,37,37050,RD 37,47.3308226996,0.6820482016,Plein jour,Hors agglomération,Autre intersection,Pluie légère,Autre collision,7,1,1,0,2,3,2,5,3,50,1,1,0,0,0,1,36.0,,voiture,,1,1,9,2,6
202200049078,2022-03-28 16:15:00,2022,3,28,16,15,37,37122,BRETONNIERES (BOULEVARD DES),47.34584,0.64242,Plein jour,En agglomération,Hors intersection,Normale,Sans collision,7,2,2,0,1,1,1,0,1,50,1,2,1,0,0,1,18.0,,deux_roues,,1,2,1,1,7
202200049079,2022-03-29 09:25:00,2022,3,29,9,25,33,33192,Rue Saint-François Xavier,44.77788,-0.59567,Plein jour,En agglomération,Hors intersection,Normale,Deux véhicules - arrière,4,1,1,2,1,1,1,0,1,50,2,2,1,0,0,1,28.0,40.0,voiture,voiture,1,2,1,1,2
202200049080,2022-03-29 08:20:00,2022,3,29,8,20,33,33318,Avenue Roger Chaumet,44.80449,-0.6311,Plein jour,En agglomération,Hors intersection,Normale,Deux véhicules - frontale,9,-1,1,3,2,3,1,6,6,5,2,2,0,0,0,2,45.0,43.0,deux_roues,deux_roues,1,2,1,1,1
202200049081,2022-03-29 16:10:00,2022,3,29,16,10,31,31555,AV M BOURGES MAUNOURY,43.62923,1.44932,Plein jour,En agglomération,Giratoire,Normale,Deux véhicules - côté,4,3,2,0,1,1,1,9,1,50,2,2,1,0,1,0,66.0,40.0,deux_roues,voiture,1,2,6,1,3
202200049082,2022-03-26 21:00:00,2022,3,26,21,0,30,30189,Avenue Jean-Jaurès,43.8333,4.35162,Nuit avec éclairage allumé,En agglomération,Intersection en T,Normale,Deux véhicules - côté,4,1,2,0,1,1,1,0,1,50,2,2,1,0,0,1,61.0,35.0,voiture,voiture,5,2,3,1,3
202200049083,2022-03-11 13:55:00,2022,3,11,13,55,30,30189,LE NOTRE ANDRE (RUE),43.81394,4.35096,Plein jour,En agglomération,Intersection en X,Normale,Deux véhicules - côté,4,-1,4,0,1,1,1,0,1,50,2,5,1,0,0,4,48.0,42.0,voiture,voiture,1,2,2,1,3
202200049084,2022-05-09 19:25:00,2022,5,9,19,25,21,21231,CHAPITRE (DU) (RUE),47.312114,5.018108,Plein jour,En agglomération,Intersection en T,Normale,Autre collision,4,2,2,0,1,1,1,0,1,50,2,2,1,0,1,0,62.0,7.0,voiture,deux_roues,1,2,3,1,6
202200049085,2022-03-26 12:00:00,2022,3,26,12,0,29,29232,Route de Brest,48.0016925822,-4.085181132,Plein jour,En agglomération,Hors intersection,Normale,Autre collision,4,2,2,0,1,1,1,9,3,50,1,2,1,0,0,1,29.0,,voiture,,1,2,1,1,6
202200049086,2022-05-09 12:20:00,2022,5,9,12,20,19,19275,R.D. 982 NORD,45.57102,2.29609,Plein jour,Hors agglomération,Giratoire,Normale,Deux véhicules - côté,3,2,2,0,1,2,1,0,1,90,2,2,1,0,1,0,63.0,67.0,voiture,deux_roues,1,1,6,1,3
202200049087,2022-03-29 07:25:00,2022,3,29,7,25,26,26198,CATALINS (Chemin des ),44.57057,4.75887,Plein jour,En agglomération,Hors intersection,Normale,Deux véhicules - côté,4,2,2,0,1,1,1,0,1,50,2,2,1,0,1,0,19.0,56.0,deux_roues,voiture,1,2,1,1,3
202200049088,2022-05-04 14:50:00,2022,5,4,14,50,14,14327,D226 ,49.21007,-0.32362,Plein jour,Hors agglomération,Autre intersection,Normale,Deux véhicules - côté,3,3,2,0,4,3,1,0,1,70,2,3,1,1,0,1,36.0,67.0,voiture,voiture,1,1,9,1,3
202200049089,2022-03-28 19:30:00,2022,3,28,19,30,25,25056,FOCH AVENUE MARECHAL,47.242864,6.024828,Plein jour,En agglomération,Hors intersection,Normale,Trois véhicules et plus - en chaîne,4,3,2,0,1,1,1,0,1,50,3,4,3,0,0,1,53.0,84.0,voiture,voiture,1,2,1,1,4
202200049090,2022-05-10 20:30:00,2022,5,10,20,30,13,13210,CAPELETTE (AVENUE DE LA),43.2792972649,5.4116067765,Crépuscule ou aube,En agglomération,Intersection en T,Normale,Deux véhicules - côté,4,2,3,0,1,1,1,0,1,50,2,3,1,0,0,2,25.0,27.0,autre,deux_roues,2,2,3,1,3
202200049091,2022-05-10 11:40:00,2022,5,10,11,40,13,13214,CAPITAINE GEZE (BOULEVARD),43.33139,5.37691,Plein jour,En agglomération,Intersection en X,Normale,Deux véhicules - côté,4,2,4,0,1,1,1,0,1,50,2,2,0,0,0,1,,31.0,utilitaire_camion,deux_roues,1,2,2,1,3
202200049092,2022-05-10 07:50:00,2022,5,10,7,50,13,13213,CROIX ROUGE (AVENUE),43.3314,5.4331,Plein jour,En agglomération,Hors intersection,Normale,Deux véhicules - arrière,3,2,2,0,1,1,1,0,1,30,2,2,1,0,0,1,29.0,23.0,voiture,voiture,1,2,1,1,2
202200049093,2022-03-18 15:36:00,2022,3,18,15,36,15,15014,POMPIDOU (AVENUE GEORGES),44.91472,2.45846,Plein jour,En agglomération,Autre intersection,Normale,Deux véhicules - côté,2,2,2,0,1,1,1,9,1,70,2,2,1,0,0,1,30.0,54.0,deux_roues,utilitaire_camion,1,2,9,1,3
202200049094,2022-05-10 08:15:00,2022,5,10,8,15,13,13213,OLIVES (AVENUE DES),43.32315,5.44867,Plein jour,En agglomération,Giratoire,Normale,Deux véhicules - arrière,3,2,4,0,1,1,1,0,1,50,2,3,2,0,0,1,58.0,50.0,utilitaire_camion,deux_roues,1,2,6,1,2
202200049095,2022-03-29 20:35:00,2022,3,29,20,35,13,13117,ROUTE NATIONALE 113 - LA GARE,43.4698733692,5.2318020238,Nuit sans éclairage public,Hors agglomération,Hors intersection,Normale,Deux véhicules - arrière,7,2,2,0,2,1,1,0,1,80,2,2,1,1,0,0,63.0,31.0,voiture,deux_roues,3,1,1,1,2
202200049096,2022-05-09 09:00:00,2022,5,9,9,0,13,13209,GASTON RAMON (BOULEVARD),43.2670695509,5.3965239896,Plein jour,En agglomération,Hors intersection,Normale,Deux véhicules - côté,4,1,2,0,1,1,1,0,1,50,2,2,0,0,0,2,40.0,28.0,voiture,voiture,1,2,1,1,3
202200049097,2022-04-30 21:17:00,2022,4,30,21,17,13,13206,PIERRE PUGET (COURS),43.29041,5.37575,Nuit avec éclairage allumé,En agglomération,Intersection en X,Normale,Deux véhicules - côté,4,1,2,0,2,1,1,0,1,50,2,2,1,0,0,1,28.0,23.0,deux_roues,voiture,5,2,2,1,3
202200049098,2022-03-29 17:30:00,2022,3,29,17,30,13,13213,ESCADRILLE NORMANDIE NIEMEN,43.32977,5.40976,Plein jour,En agglomération,Intersection en X,Normale,Deux véhicules - côté,1,1,3,0,1,1,1,3,1,50,2,4,3,0,0,1,30.0,26.0,voiture,utilitaire_camion,1,2,2,1,3
202200049099,2022-05-10 14:50:00,2022,5,10,14,50,10,10387,PREMIER MAI (RUE DU),48.30543,4.09243,Plein jour,En agglomération,Intersection en X,Normale,Deux véhicules - côté,4,2,4,0,1,1,1,5,1,50,2,3,1,0,0,2,34.0,91.0,voiture,voiture,1,2,2,1,3
202200049100,2022-03-29 11:50:00,2022,3,29,11,50,13,13211,WILLIAM BOOTH (AVENUE),43.2943673771,5.442255996,Plein jour,En agglomération,Hors intersection,Normale,Autre collision,4,2,2,2,1,1,1,0,1,50,3,3,2,0,0,1,55.0,40.0,voiture,voiture,1,2,1,1,6
202200049101,2022-05-10 14:45:00,2022,5,10,14,45,08,08105,HACHETTE RUE,49.763854,4.721157,Plein jour,En agglomération,Hors intersection,Normale,Deux véhicules - côté,4,2,1,0,1,1,1,0,1,50,2,3,1,0,1,1,35.0,42.0,voiture,deux_roues,1,2,1,1,3
202200049102,2022-05-03 13:45:00,2022,5,3,13,45,06,06029,VALLOMBROSA (BOULEBARD),43.55256,7.00615,Plein jour,En agglomération,Hors intersection,Normale,Deux véhicules - côté,4,1,3,0,2,1,1,0,1,50,2,3,2,1,0,0,73.0,22.0,deux_roues,deux_roues,1,2,1,1,3
202200049103,2022-03-29 12:15:00,2022,3,29,12,15,13,13203,GUIGOU (BOULEVARD),43.31433,5.3928,Plein jour,En agglomération,Intersection en T,Normale,Deux véhicules - côté,4,2,2,0,1,1,1,0,1,50,2,2,1,0,0,1,64.0,,deux_roues,voiture,1,2,3,1,3
202200049104,2022-05-02 00:07:00,2022,5,2,0,7,06,06004,SABLES CH.ET ALLEE,43.570387,7.123818,Nuit sans éclairage public,En agglomération,Autre intersection,Autre,Deux véhicules - frontale,4,2,2,0,2,1,9,0,1,50,2,2,1,1,0,0,46.0,43.0,voiture,deux_roues,3,2,9,9,1
202200049105,2022-03-23 14:50:00,2022,3,23,14,50,13,13210,CAPELETTE (AVENUE DE LA),43.28354,5.39906,Plein jour,En agglomération,Giratoire,Normale,Deux véhicules - côté,4,-1,3,0,1,1,1,2,1,50,2,2,1,0,0,1,69.0,50.0,deux_roues,voiture,1,2,6,1,3
202200049106,2022-03-28 06:55:00,2022,3,28,6,55,11,11069,Avenue du 3e Rpima,43.20672,2.38797,Nuit sans éclairage public,Hors agglomération,Hors intersection,Normale,Deux véhicules - côté,4,1,2,0,1,1,1,0,1,80,2,2,1,0,0,1,18.0,55.0,deux_roues,voiture,3,1,1,1,3
202200049107,2022-04-26 11:15:00,2022,4,26,11,15,04,04112,RD 907,43.81959,5.79498,Plein jour,En agglomération,Hors intersection,Normale,Deux véhicules - arrière,3,2,2,0,1,1,1,0,1,50,2,4,1,0,1,2,75.0,85.0,voiture,voiture,1,2,1,1,2
202200049108,2022-03-29 20:55:00,2022,3,29,20,55,07,07070,SAINT ROMAINS DE LERPS (ROUTE DE),44.97132,4.82577,Nuit sans éclairage public,Hors agglomération,Hors intersection,Normale,Sans collision,4,2,2,0,1,2,1,0,1,80,1,4,0,0,0,4,47.0,,voiture,,3,1,1,1,7
202200049109,2022-05-09 13:19:00,2022,5,9,13,19,01,01344,DOMBES (AVENUE DE LA),46.20037,5.19825,Plein jour,En agglomération,Giratoire,Normale,Autre collision,3,2,2,0,1,1,1,0,1,50,1,2,1,0,1,0,26.0,,voiture,,1,2,6,1,6
202200049110,2022-05-10 14:40:00,2022,5,10,14,40,75,75112,BD PERIPHERIQUE EXTERIEUR,48.833569,2.405341,Plein jour,En agglomération,Hors intersection,Normale,Trois véhicules et plus - en chaîne,4,1,4,0,1,1,1,1,1,70,3,5,4,0,0,1,19.0,30.0,deux_roues,deux_roues,1,2,1,1,4
202200049111,2022-03-29 16:05:00,2022,3,29,16,5,06,06069,DE LATTRE DE TASSIGNY (AVENUE DU MARECHA,43.648877,6.924701,Plein jour,En agglomération,Hors intersection,Normale,Trois véhicules et plus - en chaîne,4,2,2,0,2,1,1,0,1,50,4,5,1,0,0,4,35.0,18.0,deux_roues,voiture,1,2,1,1,4
202200049112,2022-05-10 16:30:00,2022,5,10,16,30,75,75113,BOULEVARD KELLERMANN,48.8208662257,2.3549174568,Plein jour,En agglomération,Intersection en T,Normale,Autre collision,4,3,2,0,2,3,1,0,1,50,1,1,0,0,1,0,39.0,,deux_roues,,1,2,3,1,6
202200049113,2022-03-29 08:00:00,2022,3,29,8,0,06,06069,MAUPASSANT (AVENUE GUY DE),43.652529,6.914653,Plein jour,En agglomération,Intersection en X,Normale,Deux véhicules - côté,3,2,2,0,1,1,1,0,1,50,2,2,1,0,0,1,43.0,50.0,voiture,deux_roues,1,2,2,1,3
202200049114,2022-05-10 18:30:00,2022,5,10,18,30,75,75118,RUE MARX DORMOY,48.8902353148,2.3599764705,Plein jour,En agglomération,Intersection en X,Normale,Deux véhicules - côté,4,2,3,1,1,1,1,-1,5,30,2,2,1,0,0,1,28.0,24.0,deux_roues,deux_roues,1,2,2,1,3
202200049115,2022-02-14 13:00:00,2022,2,14,13,0,02,02691,14 Place du 8 Octobre,49.84185,3.29485,Plein jour,En agglomération,Giratoire,Normale,Deux véhicules - côté,4,3,2,0,1,2,1,5,1,50,2,2,1,0,1,0,44.0,35.0,utilitaire_camion,deux_roues,1,2,6,1,3
202200049116,2022-05-10 00:30:00,2022,5,10,0,30,75,75118,RUE MARX DORMOY,48.8902354574,2.3599826233,Nuit avec éclairage allumé,En agglomération,Intersection en X,Normale,Deux véhicules - côté,4,2,6,0,1,1,1,0,1,50,2,2,1,0,0,1,41.0,69.0,deux_roues,voiture,5,2,2,1,3
202200049117,2022-02-01 07:40:00,2022,2,1,7,40,02,02691,VERMAND (RUE DE),49.8496199,3.2734679,Nuit avec éclairage allumé,En agglomération,Hors intersection,Pluie forte,Autre collision,4,2,2,0,1,1,2,0,1,50,1,2,1,0,1,0,66.0,,voiture,,5,2,1,3,6
202200049118,2022-05-10 20:55:00,2022,5,10,20,55,75,75113,BOULEVARD MASSENA,48.8215332836,2.3694513738,Plein jour,En agglomération,Intersection à plus de 4 branches,Normale,Deux véhicules - côté,4,2,5,3,1,1,1,-1,6,30,2,3,2,0,0,1,22.0,21.0,deux_roues,deux_roues,1,2,5,1,3
202200049119,2022-03-29 11:40:00,2022,3,29,11,40,75,75113,BD PERIPHERIQUE EXTERIEUR,48.8161885418,2.3589411378,Plein jour,En agglomération,Hors intersection,Normale,Trois véhicules et plus - en chaîne,4,1,4,0,1,1,1,0,1,70,3,3,2,0,0,1,67.0,30.0,deux_roues,voiture,1,2,1,1,4
202200049120,2022-05-10 16:25:00,2022,5,10,16,25,75,75113,AVENUE LEON BOLLEE,48.8180341581,2.3603714257,Plein jour,En agglomération,Intersection en X,Normale,Deux véhicules - arrière,4,1,1,0,1,1,1,0,1,30,2,3,2,0,0,1,,63.0,voiture,deux_roues,1,2,2,1,2
202200049121,2022-05-10 13:00:00,2022,5,10,13,0,75,75113,RUE DE TOLBIAC,48.8256881244,2.3480255912,Plein jour,En agglomération,Intersection en T,Normale,Autre collision,4,2,3,0,1,1,1,0,1,30,1,2,1,0,0,1,28.0,,deux_roues,,1,2,3,1,6
202200049122,2022-03-29 02:00:00,2022,3,29,2,0,75,75113,BD PERIPHIQUE EXTERIEUR,48.824117,2.383399,Nuit avec éclairage allumé,En agglomération,Hors intersection,Normale,Deux véhicules - côté,4,1,4,0,1,1,1,2,1,70,2,2,1,0,0,1,23.0,45.0,utilitaire_camion,voiture,5,2,1,1,3
202200049123,2022-05-09 19:30:00,2022,5,9,19,30,75,75112,AVENUE DE NOGENT,48.839024,2.46036,Plein jour,En agglomération,Intersection en T,Normale,Deux véhicules - côté,4,2,2,0,1,1,1,0,1,30,2,2,1,0,0,1,47.0,26.0,deux_roues,voiture,1,2,3,1,3
202200049124,2022-03-28 15:30:00,2022,3,28,15,30,75,75120,RUE DES PYRENEES,48.8544421849,2.4055860937,Plein jour,En agglomération,Hors intersection,Normale,Deux véhicules - côté,4,2,3,0,1,1,1,0,1,30,2,2,1,0,0,1,37.0,23.0,deux_roues,voiture,1,2,1,1,3
202200049125,2022-05-10 13:40:00,2022,5,10,13,40,75,75120,BOULEVARD DE MENILMONTANT,48.859555,2.389154,Plein jour,En agglomération,Intersection en T,Normale,Deux véhicules - arrière,4,3,3,0,1,1,1,0,1,30,2,2,1,0,0,1,60.0,24.0,deux_roues,voiture,1,2,3,1,2
202200049126,2022-03-29 12:40:00,2022,3,29,12,40,75,75118,BOULEVARD BARBES,48.884212387,2.349480316,Plein jour,En agglomération,Intersection en T,Normale,Deux véhicules - côté,4,2,4,0,1,1,1,0,1,50,2,2,1,0,0,1,34.0,46.0,deux_roues,voiture,1,2,3,1,3
202200049127,2022-05-10 22:26:00,2022,5,10,22,26,75,75110,RUE DU FAUBOURG SAINT DENIS,48.8774308015,2.3562978208,Nuit avec éclairage allumé,En agglomération,Hors intersection,Normale,Autre collision,4,1,3,3,1,1,1,-1,6,30,1,2,1,0,0,1,34.0,,transport_commun,,5,2,1,1,6
202200049128,2022-05-10 14:55:00,2022,5,10,14,55,75,75108,COURS ALBERT 1ER,48.8642604535,2.3022275643,Plein jour,En agglomération,Intersection en T,Normale,Deux véhicules - côté,4,1,4,0,1,1,1,0,1,30,2,2,1,0,0,1,49.0,37.0,deux_roues,voiture,1,2,3,1,3
202200049129,2022-03-29 12:02:00,2022,3,29,12,2,75,75118,AVENUE DE SAINT OUEN,48.8955574624,2.3283049464,Plein jour,En agglomération,Intersection en X,Normale,Deux véhicules - côté,4,2,4,3,1,1,1,-1,6,30,2,2,1,0,0,1,,34.0,voiture,deux_roues,1,2,2,1,3
202200049130,2022-05-10 13:30:00,2022,5,10,13,30,75,75108,AVENUE DES CHAMPS ELYSEES,48.871,2.30357,Plein jour,En agglomération,Intersection en T,Normale,Deux véhicules - arrière,4,2,8,0,1,1,1,0,1,50,2,3,2,0,0,1,39.0,70.0,deux_roues,voiture,1,2,3,1,2
202200049131,2022-03-29 13:30:00,2022,3,29,13,30,75,75117,AVENUE NIEL,48.8805479213,2.2951691592,Plein jour,En agglomération,Intersection en Y,Normale,Deux véhicules - arrière,4,2,3,0,1,1,1,0,1,30,2,2,1,0,0,1,29.0,59.0,voiture,voiture,1,2,4,1,2
202200049132,2022-03-29 15:15:00,2022,3,29,15,15,75,75116,VOIE GEORGES POMPIDOU,48.8387115993,2.2664827108,Plein jour,En agglomération,Hors intersection,Pluie légère,Sans collision,4,2,2,3,1,1,2,-1,6,30,1,1,0,0,0,1,33.0,,deux_roues,,1,2,1,2,7
202200049133,2022-05-10 18:40:00,2022,5,10,18,40,75,75102,RUE D ABOUKIR,48.86912,2.351554,Plein jour,En agglomération,Intersection en X,Normale,Deux véhicules - côté,4,2,2,0,1,1,1,0,1,30,2,3,2,0,0,1,52.0,43.0,voiture,deux_roues,1,2,2,1,3
202200049134,2022-05-10 09:25:00,2022,5,10,9,25,75,75101,PONT NEUF,48.85693203,2.3411506925,Plein jour,En agglomération,Intersection en T,Normale,Autre collision,4,2,4,0,1,1,1,0,1,30,1,2,1,0,0,1,27.0,,deux_roues,,1,2,3,1,6
202200049135,2022-03-29 07:40:00,2022,3,29,7,40,75,75114,BOULEVARD JOURDAN,48.821485602,2.3338933289,Plein jour,En agglomération,Intersection en T,Normale,Deux véhicules - arrière,4,3,3,0,1,1,1,0,1,50,2,2,1,0,0,1,60.0,59.0,utilitaire_camion,voiture,1,2,3,1,2
202200049136,2022-05-09 18:05:00,2022,5,9,18,5,75,75104,RUE DES ARCHIVES,48.859372,2.356138,Plein jour,En agglomération,Intersection en X,Normale,Deux véhicules - arrière,4,1,1,0,1,1,1,0,1,30,2,2,1,0,0,1,25.0,55.0,deux_roues,utilitaire_camion,1,2,2,1,2
202200049137,2022-03-29 08:20:00,2022,3,29,8,20,75,75114,AVENUE DU GENERAL LECLERC,48.8336782512,2.3319755495,Plein jour,En agglomération,Place,Normale,Deux véhicules - côté,4,2,6,3,1,1,1,-1,6,30,2,2,1,0,0,1,31.0,33.0,deux_roues,voiture,1,2,7,1,3
202200049138,2022-05-09 12:18:00,2022,5,9,12,18,75,75101,BOULEVARD DE SEBASTOPOL,48.861991,2.350156,Plein jour,En agglomération,Intersection en X,Normale,Sans collision,4,2,2,1,1,1,1,0,5,30,1,1,0,0,0,1,58.0,,deux_roues,,1,2,2,1,7
202200049139,2022-03-29 16:00:00,2022,3,29,16,0,75,75113,BOULEVARD KELLERMANN,48.819087,2.357995,Plein jour,En agglomération,Intersection en T,Pluie légère,Deux véhicules - côté,4,3,2,1,1,2,3,-1,5,30,2,2,1,0,0,1,46.0,57.0,utilitaire_camion,deux_roues,1,2,3,2,3
202200049140,2022-05-09 08:20:00,2022,5,9,8,20,75,75101,RUE DU LOUVRE,48.86171,2.341207,Plein jour,En agglomération,Intersection en X,Normale,Autre collision,4,2,4,0,1,1,1,0,1,30,1,2,1,0,0,1,,,voiture,,1,2,2,1,6
202200049141,2022-05-10 18:45:00,2022,5,10,18,45,94,94081,Rue Talma,48.79262,2.3996,Plein jour,En agglomération,Intersection en X,Normale,Autre collision,4,1,1,0,1,1,1,0,1,50,2,2,1,0,0,1,70.0,36.0,voiture,deux_roues,1,2,2,1,6
202200049142,2022-03-28 16:00:00,2022,3,28,16,0,75,75120,RUE DES PYRENEES,48.870873,2.393338,Plein jour,En agglomération,Intersection en T,Normale,Trois véhicules et plus - collisions multiples,4,2,2,0,2,1,1,0,1,30,3,3,1,0,0,2,83.0,18.0,voiture,deux_roues,1,2,3,1,5
202200049143,2022-03-29 13:10:00,2022,3,29,13,10,75,75111,RUE DES BOULETS,48.8510019838,2.3900318083,Plein jour,En agglomération,Hors intersection,Normale,Deux véhicules - côté,4,2,2,0,1,1,1,0,1,30,2,2,1,0,0,1,38.0,22.0,voiture,deux_roues,1,2,1,1,3
202200049144,2022-05-10 21:48:00,2022,5,10,21,48,94,94022,Avenue Léon Gourdault / Avenue Jean Jaurès,48.76438,2.40564,Nuit avec éclairage allumé,En agglomération,Place,Normale,Deux véhicules - côté,3,2,4,1,1,1,1,5,1,50,2,3,2,0,0,1,24.0,21.0,voiture,voiture,5,2,7,1,3
202200049145,2022-05-10 18:05:00,2022,5,10,18,5,94,94018,31 Avenue de Gravelle,48.82745,2.40622,Plein jour,En agglomération,Hors intersection,Normale,Deux véhicules - côté,4,2,2,0,1,1,1,0,1,30,2,3,2,0,0,1,20.0,22.0,voiture,deux_roues,1,2,1,1,3