accident_id,datetime,annee,mois,jour,heure,minute,departement,commune_insee,adresse,latitude,longitude,luminosite,agglomeration,intersection,meteo,collision,catr,circ,nbv,vosp,prof,plan,surf,infra,situ,vma,nb_vehicules,nb_usagers,nb_indemnes,nb_tues,nb_blesses_hosp,nb_blesses_legers,age_cond_1,age_cond_2,veh_type_cond_1,veh_type_cond_2,lum_code,agg_code,int_code,atm_code,col_code
202200049146,2022-03-29 11:35:00,2022,3,29,11,35,75,75111,BOULEVARD VOLTAIRE,48.853819198,2.3867838085,Plein jour,En agglomération,Hors intersection,Normale,Deux véhicules - côté,4,2,2,1,1,1,1,-1,5,30,2,3,2,0,0,1,52.0,22.0,deux_roues,utilitaire_camion,1,2,1,1,3
202200049147,2022-05-09 09:55:00,2022,5,9,9,55,94,94002,Rue Emile Zola/ Rue des Camélias,48.79975,2.42607,Plein jour,En agglomération,Intersection en T,Normale,Deux véhicules - arrière,3,2,2,0,2,1,1,0,1,50,2,2,1,0,0,1,52.0,24.0,voiture,voiture,1,2,3,1,2
202200049148,2022-03-29 19:40:00,2022,3,29,19,40,75,75109,RUE SAINT GEORGES,48.8751487996,2.3371455202,Crépuscule ou aube,En agglomération,Intersection en X,Normale,Deux véhicules - frontale,4,1,1,0,2,1,1,0,1,30,2,2,1,0,0,1,41.0,34.0,deux_roues,deux_roues,2,2,2,1,1
202200049149,2022-03-28 18:35:00,2022,3,28,18,35,75,75101,RUE DE RIVOLI,48.8585417041,2.3482351005,Plein jour,En agglomération,Intersection en X,Normale,Autre collision,4,1,4,1,1,1,1,-1,5,30,1,1,0,0,0,1,17.0,,deux_roues,,1,2,2,1,6
202200049150,2022-05-09 20:05:00,2022,5,9,20,5,93,93072,Boulevard Maxime Gorki / Rue Salvador Allende,48.94668,2.38652,Plein jour,En agglomération,Intersection en T,Normale,Trois véhicules et plus - collisions multiples,3,1,6,3,1,1,1,5,1,50,3,3,2,0,1,0,60.0,,deux_roues,voiture,1,2,3,1,5
202200049151,2022-03-29 15:20:00,2022,3,29,15,20,75,75102,RUE DU LOUVRE,48.8657623647,2.3433246934,Plein jour,En agglomération,Intersection en Y,Normale,Deux véhicules - côté,4,2,4,3,1,1,1,-1,6,30,2,2,1,0,0,1,60.0,44.0,deux_roues,utilitaire_camion,1,2,4,1,3
202200049152,2022-05-10 08:15:00,2022,5,10,8,15,93,93074,Rue Robert Schumann / Rue de Montauban,48.931225,2.572943,Plein jour,En agglomération,Intersection en T,Normale,Deux véhicules - côté,4,1,1,0,1,4,1,9,1,30,2,2,1,0,0,1,33.0,22.0,deux_roues,voiture,1,2,3,1,3
202200049153,2022-03-29 02:30:00,2022,3,29,2,30,75,75104,RUE SAINT LOUIS EN L ILE,48.8515763222,2.3572614044,Nuit avec éclairage allumé,En agglomération,Hors intersection,Normale,Sans collision,4,2,2,0,1,1,1,0,1,30,1,1,0,0,0,1,21.0,,deux_roues,,5,2,1,1,7
202200049154,2022-05-10 12:37:00,2022,5,10,12,37,93,93070,Rue du Docteur Bauer / Avenue Michelet,48.90522,2.34445,Plein jour,En agglomération,Intersection en X,Autre,Autre collision,3,3,4,-1,1,1,1,0,1,-1,1,2,1,0,0,1,68.0,,utilitaire_camion,,1,2,2,9,6
202200049155,2022-05-10 10:10:00,2022,5,10,10,10,93,93048,Avenue du Président Wilson / Avenue Gabriel Péri,48.8572958062,2.4400176108,Plein jour,En agglomération,Intersection en X,Normale,Autre collision,3,2,2,0,1,1,1,0,1,50,1,2,1,0,0,1,35.0,,voiture,,1,2,2,1,6
202200049156,2022-05-09 17:10:00,2022,5,9,17,10,93,93006,Rue Louise Michel,48.8758884048,2.4318543077,Plein jour,En agglomération,Hors intersection,Normale,Autre collision,4,2,2,0,1,1,1,0,1,30,1,2,1,0,0,1,63.0,,voiture,,1,2,1,1,6
202200049157,2022-03-28 14:05:00,2022,3,28,14,5,94,94068,50 Boulevard Rabelais,48.80533,2.48402,Plein jour,En agglomération,Giratoire,Normale,Trois véhicules et plus - en chaîne,3,2,2,0,1,1,1,0,1,30,3,3,2,0,0,1,81.0,64.0,voiture,voiture,1,2,6,1,4
202200049158,2022-05-10 17:00:00,2022,5,10,17,0,93,93001,Avenue Jean Jaurès,48.9145229975,2.4038547277,Plein jour,En agglomération,Hors intersection,Normale,Autre collision,3,2,2,0,1,1,1,0,1,50,1,1,0,0,0,1,49.0,,voiture,,1,2,1,1,6
202200049159,2022-03-29 14:25:00,2022,3,29,14,25,94,94015,Rue des Ormes,48.84515,2.52768,Plein jour,En agglomération,Intersection en X,Normale,Deux véhicules - côté,3,2,2,0,1,1,1,0,1,50,2,2,1,0,1,0,38.0,52.0,deux_roues,voiture,1,2,2,1,3
202200049160,2022-05-10 09:15:00,2022,5,10,9,15,92,92073,SELLIER (BOULEVARD HENRI),48.8666438994,2.2208264172,Plein jour,En agglomération,Hors intersection,Normale,Autre collision,3,1,4,0,2,1,1,0,1,50,1,1,0,0,0,1,34.0,,voiture,,1,2,1,1,6
202200049161,2022-05-10 10:40:00,2022,5,10,10,40,92,92072,BRUYERES (RUE DES),48.818166,2.217154,Plein jour,En agglomération,Hors intersection,Normale,Autre collision,4,2,2,0,2,1,1,0,1,50,1,2,1,0,0,1,36.0,,deux_roues,,1,2,1,1,6
202200049162,2022-03-27 17:15:00,2022,3,27,17,15,94,94052,Rue Jacques Kablé,48.8357456751,2.4913601874,Plein jour,En agglomération,Hors intersection,Normale,Deux véhicules - côté,3,2,2,0,1,1,1,0,1,50,2,2,1,0,0,1,32.0,32.0,voiture,deux_roues,1,2,1,1,3
202200049163,2022-05-10 18:10:00,2022,5,10,18,10,92,92050,UNIVERSITE ALLEE DE L',48.90275,2.21267,Plein jour,En agglomération,Hors intersection,Normale,Deux véhicules - frontale,4,1,1,0,1,1,1,6,1,30,2,2,1,0,0,1,41.0,,deux_roues,deux_roues,1,2,1,1,1
202200049164,2022-03-29 11:30:00,2022,3,29,11,30,94,94038,18 Avenue Henri Barbusse,48.77643,2.32643,Plein jour,En agglomération,Hors intersection,Normale,Deux véhicules - côté,3,2,2,2,1,1,1,0,1,50,2,2,1,0,0,1,64.0,41.0,voiture,voiture,1,2,1,1,3
202200049165,2022-05-10 12:15:00,2022,5,10,12,15,92,92050,ARAGO FRANCOIS AVENUE,48.90235,2.22717,Plein jour,En agglomération,Hors intersection,Normale,Deux véhicules - côté,3,2,2,0,1,1,1,0,1,50,2,3,2,0,0,1,22.0,59.0,deux_roues,voiture,1,2,1,1,3
202200049166,2022-03-29 14:35:00,2022,3,29,14,35,94,94018,58 Avenue de Gravelle,48.8247914002,2.4147592485,Plein jour,En agglomération,Hors intersection,Normale,Autre collision,4,3,2,0,1,1,1,0,1,30,1,1,0,0,0,1,57.0,,voiture,,1,2,1,1,6
202200049167,2022-03-29 17:15:00,2022,3,29,17,15,94,94070,26 Route de Marolles,48.73168,2.56729,Plein jour,En agglomération,Hors intersection,Pluie légère,Autre collision,3,2,2,1,1,1,2,0,3,50,1,1,0,0,0,1,59.0,,voiture,,1,2,1,2,6
202200049168,2022-05-10 19:20:00,2022,5,10,19,20,92,92044,ANA.FRANCE(RUE)77A139 ET 74A124,48.8957338289,2.2817104161,Plein jour,En agglomération,Hors intersection,Normale,Deux véhicules - côté,3,1,2,0,1,1,1,0,1,50,2,2,1,0,0,1,28.0,33.0,deux_roues,deux_roues,1,2,1,1,3
202200049169,2022-05-10 15:40:00,2022,5,10,15,40,92,92044,J. GUESDE(RUE)71A101ET80A120,48.89714,2.28926,Plein jour,En agglomération,Hors intersection,Normale,Autre collision,4,1,2,0,1,1,1,0,1,50,1,2,1,0,0,1,21.0,,deux_roues,,1,2,1,1,6
202200049170,2022-03-29 12:15:00,2022,3,29,12,15,93,93072,31 Avenue Louis Bordes,48.95536,2.38442,Plein jour,En agglomération,Hors intersection,Normale,Autre collision,4,2,2,0,1,1,1,0,1,50,1,2,1,0,0,1,39.0,,voiture,,1,2,1,1,6
202200049171,2022-05-09 21:40:00,2022,5,9,21,40,92,92040,JEANNE D'ARC,48.83106,2.27889,Nuit avec éclairage allumé,En agglomération,Intersection en X,Normale,Deux véhicules - côté,4,1,2,0,1,1,1,0,1,30,2,2,1,0,0,1,58.0,44.0,voiture,deux_roues,5,2,2,1,3
202200049172,2022-03-29 16:20:00,2022,3,29,16,20,93,93066,Rue Jeumont / Rue du Parchemin,48.91251,2.36007,Plein jour,En agglomération,Intersection en T,Pluie légère,Deux véhicules - frontale,4,1,2,0,1,1,2,0,1,30,2,2,1,0,0,1,13.0,43.0,deux_roues,voiture,1,2,3,2,1
202200049173,2022-05-10 12:39:00,2022,5,10,12,39,92,92025,CHARLES DE GAULLE (BD),48.914874,2.22869,Plein jour,En agglomération,Hors intersection,Normale,Deux véhicules - côté,3,1,9,1,1,1,1,0,1,50,2,2,1,0,0,1,19.0,46.0,voiture,deux_roues,1,2,1,1,3
202200049174,2022-03-28 09:25:00,2022,3,28,9,25,93,93029,Rue Anatole France / Rue Sacco et Vanzetti,48.92483,2.44749,Plein jour,En agglomération,Intersection en X,Normale,Deux véhicules - côté,4,2,2,0,1,1,1,0,1,50,2,2,1,0,0,1,35.0,56.0,deux_roues,voiture,1,2,2,1,3
202200049175,2022-05-10 22:27:00,2022,5,10,22,27,92,92023,GENERAL DE GAULLE (AV DU) N°130 A 340 ET,48.7875284724,2.2568157613,Nuit avec éclairage allumé,En agglomération,Hors intersection,Normale,Sans collision,3,2,3,0,1,1,1,0,1,50,2,2,1,0,0,1,25.0,60.0,deux_roues,voiture,5,2,1,1,7
202200049176,2022-03-29 07:45:00,2022,3,29,7,45,93,93030,Avenue du 8 Mai 1945,48.94807,2.43697,Plein jour,En agglomération,Hors intersection,Normale,Deux véhicules - frontale,3,3,4,0,1,4,1,8,1,30,2,2,1,0,0,1,56.0,25.0,voiture,voiture,1,2,1,1,1
202200049177,2022-05-10 01:30:00,2022,5,10,1,30,92,92012,EDOUARD VAILLANT (AVENUE) DEBUT/56 - COT,48.8355773947,2.2495759427,Nuit avec éclairage allumé,En agglomération,Hors intersection,Normale,Trois véhicules et plus - en chaîne,3,1,3,0,1,1,1,0,1,50,3,4,2,0,0,2,38.0,30.0,voiture,voiture,5,2,1,1,4
202200049178,2022-05-09 12:31:00,2022,5,9,12,31,92,92012,REINE (ROUTE DE LA) 1/37- 6/80,48.8394598201,2.2425842285,Plein jour,En agglomération,Intersection en T,Normale,Deux véhicules - côté,3,3,2,0,1,1,1,9,1,50,2,2,1,0,0,1,55.0,79.0,voiture,voiture,1,2,3,1,3
202200049179,2022-03-29 18:00:00,2022,3,29,18,0,93,93005,JEAN CHARCOT [CD115] (RUE),48.9321024651,2.4865823364,Plein jour,En agglomération,Hors intersection,Pluie légère,Deux véhicules - arrière,3,2,4,0,2,1,2,2,1,50,2,3,2,0,0,1,29.0,25.0,voiture,voiture,1,2,1,2,2
202200049180,2022-05-07 18:10:00,2022,5,7,18,10,35,35136,Lieu Dit la Rougerais,47.9702778952,-1.4522277564,Plein jour,Hors agglomération,Hors intersection,Normale,Deux véhicules - côté,4,2,2,0,2,2,1,0,1,80,2,3,2,0,1,0,30.0,17.0,utilitaire_camion,deux_roues,1,1,1,1,3
202200049181,2022-05-11 14:25:00,2022,5,11,14,25,51,51442,D982,48.894053,4.815295,Plein jour,Hors agglomération,Hors intersection,Normale,Deux véhicules - frontale,3,2,2,0,1,1,1,0,1,80,2,2,0,0,1,1,38.0,35.0,utilitaire_camion,voiture,1,1,1,1,1
202200049182,2022-05-11 06:17:00,2022,5,11,6,17,67,67347,D24,48.839127,7.536192,Crépuscule ou aube,Hors agglomération,Hors intersection,Normale,Deux véhicules - frontale,3,2,2,0,1,1,1,0,1,80,2,2,0,1,0,1,33.0,40.0,deux_roues,voiture,2,1,1,1,1
202200049183,2022-05-10 19:15:00,2022,5,10,19,15,16,16343,La Métairie,45.61615,-0.154189,Plein jour,Hors agglomération,Hors intersection,Temps éblouissant,Autre collision,3,2,2,0,1,1,1,0,3,80,1,1,0,0,0,1,25.0,,voiture,,1,1,1,7,6
202200049184,2022-05-11 07:00:00,2022,5,11,7,0,06,06161,Avenue Saint Andrieu,43.647025,7.136423,Plein jour,Hors agglomération,Intersection en Y,Normale,Deux véhicules - côté,3,2,2,0,2,3,1,0,1,50,2,2,1,0,0,1,33.0,63.0,voiture,deux_roues,1,1,4,1,3
202200049185,2022-05-10 07:45:00,2022,5,10,7,45,974,97404,N2001,-21.271139,55.382912,Plein jour,Hors agglomération,Intersection en T,Normale,Deux véhicules - côté,2,2,2,0,1,1,1,5,1,80,2,2,1,0,1,0,30.0,34.0,deux_roues,utilitaire_camion,1,1,3,1,3
202200049186,2022-05-10 19:40:00,2022,5,10,19,40,11,11353,36 Avenue de Saint Pons,43.242864,2.922814,Plein jour,En agglomération,Hors intersection,Normale,Autre collision,3,2,2,0,1,1,1,0,1,50,1,2,1,0,0,1,50.0,,voiture,,1,2,1,1,6
202200049187,2022-05-09 17:10:00,2022,5,9,17,10,64,64061,Avenue de Castille,43.393011,-0.578778,Plein jour,Hors agglomération,Hors intersection,Normale,Sans collision,3,2,2,0,1,2,1,0,1,70,1,1,0,0,0,1,49.0,,voiture,,1,1,1,1,7
202200049188,2022-03-29 18:05:00,2022,3,29,18,5,93,93001,EDOUARD VAILLANT (BLD),48.9182445911,2.4026477337,Plein jour,En agglomération,Intersection en T,Pluie légère,Deux véhicules - côté,4,2,2,0,1,1,2,0,1,50,2,2,1,0,0,1,63.0,24.0,utilitaire_camion,autre,1,2,3,2,3
202200049189,2022-05-11 09:30:00,2022,5,11,9,30,01,01354,,46.264066,6.031204,Plein jour,En agglomération,Giratoire,Normale,Sans collision,3,1,2,0,1,2,8,5,1,50,1,2,1,0,1,0,62.0,,deux_roues,,1,2,6,1,7
202200049190,2022-05-10 20:20:00,2022,5,10,20,20,51,51078,Rue de la Gare,49.091263,4.35245,Plein jour,En agglomération,Hors intersection,Normale,Deux véhicules - frontale,4,2,2,0,1,3,1,0,1,50,2,2,0,1,1,0,51.0,39.0,voiture,voiture,1,2,1,1,1
202200049191,2022-05-11 02:35:00,2022,5,11,2,35,58,58298,A77 PK 137+180,47.145306,3.045788,Nuit sans éclairage public,Hors agglomération,Autre intersection,Normale,Deux véhicules - frontale,1,2,4,0,1,1,1,8,1,50,1,3,2,0,0,1,24.0,,voiture,,3,1,9,1,1
202200049192,2022-05-09 18:30:00,2022,5,9,18,30,74,74043,Avenue du Jura,46.262406,6.358681,Plein jour,Hors agglomération,Hors intersection,Normale,Deux véhicules - côté,3,2,2,0,1,1,1,0,1,80,2,2,1,0,1,0,35.0,50.0,voiture,deux_roues,1,1,1,1,3
202200049193,2022-05-10 18:10:00,2022,5,10,18,10,19,19238,RD 982,45.6910838987,2.2711336613,Plein jour,Hors agglomération,Intersection en T,Normale,Deux véhicules - côté,3,2,2,0,3,1,1,0,1,90,2,2,1,0,1,0,73.0,47.0,deux_roues,utilitaire_camion,1,1,3,1,3
202200049194,2022-05-11 07:45:00,2022,5,11,7,45,76,76159,Route d Ocqueville,49.788757,0.642416,Plein jour,En agglomération,Hors intersection,Temps éblouissant,Autre collision,4,2,2,0,2,1,1,0,1,30,1,2,1,0,0,1,49.0,,voiture,,1,2,1,7,6
202200049195,2022-05-10 17:00:00,2022,5,10,17,0,65,65062,Avenue de Toulouse,43.19917,0.139818,Plein jour,Hors agglomération,Hors intersection,Temps éblouissant,Deux véhicules - frontale,3,-1,2,0,3,1,1,0,1,90,2,4,1,0,1,2,90.0,41.0,voiture,voiture,1,1,1,7,1
202200049196,2022-03-29 10:51:00,2022,3,29,10,51,92,92075,JACQUES JEZEQUEL (AVENUE),48.81948,2.29086,Plein jour,En agglomération,Hors intersection,Normale,Sans collision,3,2,1,2,1,1,1,0,5,30,1,1,0,0,0,1,21.0,,deux_roues,,1,2,1,1,7
202200049197,2022-05-10 17:30:00,2022,5,10,17,30,33,33178,RD9,44.437354,-0.127507,Plein jour,En agglomération,Hors intersection,Temps éblouissant,Autre collision,3,2,2,0,2,1,1,0,3,50,1,2,0,0,2,0,70.0,,voiture,,1,2,1,7,6
202200049198,2022-05-08 14:30:00,2022,5,8,14,30,81,81237,D85,43.47832,2.109311,Plein jour,Hors agglomération,Hors intersection,Normale,Deux véhicules - côté,3,2,2,0,2,1,1,0,1,70,2,2,1,0,1,0,24.0,89.0,deux_roues,voiture,1,1,1,1,3
202200049199,2022-05-11 00:50:00,2022,5,11,0,50,89,89147,D950,47.762897,3.245827,Nuit sans éclairage public,Hors agglomération,Hors intersection,Normale,Autre collision,3,2,2,0,1,1,1,0,1,80,1,2,1,0,1,0,,,voiture,,3,1,1,1,6
202200049200,2022-05-11 17:00:00,2022,5,11,17,0,89,89439,N77,47.928128,3.718455,Plein jour,Hors agglomération,Hors intersection,Normale,Deux véhicules - côté,2,2,2,0,1,1,1,0,1,80,2,2,1,0,1,0,48.0,35.0,deux_roues,voiture,1,1,1,1,3
202200049201,2022-05-11 06:40:00,2022,5,11,6,40,89,89345,Avenue du 8 Mai,47.999253,3.710033,Crépuscule ou aube,Hors agglomération,Hors intersection,Normale,Sans collision,3,2,2,0,1,1,1,0,3,80,1,1,0,1,0,0,17.0,,deux_roues,,2,1,1,1,7
202200049202,2022-05-10 16:45:00,2022,5,10,16,45,63,63250,41bis Route de Champeix,45.586323,3.148373,Plein jour,Hors agglomération,Hors intersection,Normale,Autre collision,3,2,2,0,1,1,1,0,1,70,1,2,1,0,1,0,68.0,,utilitaire_camion,,1,1,1,1,6
202200049203,2022-05-10 14:05:00,2022,5,10,14,5,47,47265,L Homme Mort,44.474553,0.610181,Plein jour,Hors agglomération,Hors intersection,Normale,Deux véhicules - côté,3,2,2,0,3,2,1,0,1,80,2,2,0,0,1,1,25.0,54.0,voiture,voiture,1,1,1,1,3
202200049204,2022-05-10 17:45:00,2022,5,10,17,45,29,29293,Route des Etangs,47.818788,-3.853803,Plein jour,En agglomération,Intersection en T,Normale,Deux véhicules - côté,4,2,2,0,1,1,1,5,1,50,2,2,1,0,0,1,53.0,62.0,voiture,deux_roues,1,2,3,1,3
202200049205,2022-03-29 16:00:00,2022,3,29,16,0,92,92073,JAURES (AVENUE JEAN),48.865304618,2.2039094567,Plein jour,En agglomération,Autre intersection,Pluie légère,Deux véhicules - côté,3,2,2,0,1,1,2,0,1,50,2,2,1,0,0,1,33.0,31.0,deux_roues,deux_roues,1,2,9,2,3
202200049206,2022-05-09 11:05:00,2022,5,9,11,5,29,29026,Route de Pleyben,48.2099031293,-4.0638045967,Plein jour,Hors agglomération,Intersection en Y,Normale,Deux véhicules - côté,3,2,2,0,2,1,1,0,1,70,2,2,1,0,1,0,36.0,80.0,utilitaire_camion,voiture,1,1,4,1,3
202200049207,2022-04-12 18:13:00,2022,4,12,18,13,70,70187,D9,47.556184,6.597633,Plein jour,Hors agglomération,Hors intersection,Normale,Trois véhicules et plus - collisions multiples,3,2,1,0,1,1,1,0,1,80,3,3,0,1,0,2,32.0,51.0,voiture,voiture,1,1,1,1,5
202200049208,2022-04-14 15:55:00,2022,4,14,15,55,26,26324,Route de Clansayes (rd 133),44.354644,4.776893,Plein jour,En agglomération,Hors intersection,Normale,Deux véhicules - arrière,3,2,2,0,1,1,1,0,1,30,2,2,1,0,1,0,24.0,17.0,voiture,deux_roues,1,2,1,1,2
202200049209,2022-05-11 09:15:00,2022,5,11,9,15,05,05087,RD 937,44.5651360724,5.8626437187,Plein jour,Hors agglomération,Hors intersection,Normale,Autre collision,3,2,2,0,1,3,1,0,3,90,1,2,1,0,1,0,66.0,,voiture,,1,1,1,1,6
202200049210,2022-05-07 20:00:00,2022,5,7,20,0,60,60509,418 Rue de l'Oise,49.307083,2.605943,Plein jour,En agglomération,Hors intersection,Normale,Autre collision,4,2,2,0,1,1,1,0,4,50,1,1,0,0,1,0,67.0,,deux_roues,,1,2,1,1,6
202200049211,2022-05-11 14:50:00,2022,5,11,14,50,60,60647,RN 31,49.4098027904,2.9352872371,Plein jour,Hors agglomération,Intersection en T,Normale,Deux véhicules - arrière,2,2,2,0,1,1,1,5,1,80,2,4,1,0,1,2,57.0,32.0,voiture,voiture,1,1,3,1,2
202200049212,2022-05-10 16:24:00,2022,5,10,16,24,73,73059,D991 Route de Paris,45.754708,5.879311,Plein jour,Hors agglomération,Hors intersection,Temps éblouissant,Trois véhicules et plus - collisions multiples,3,2,2,0,1,3,1,0,1,50,3,3,1,0,1,1,53.0,54.0,deux_roues,deux_roues,1,1,1,7,5
202200049213,2022-05-10 18:00:00,2022,5,10,18,0,18,18253,1 Le Job Blanc,47.174217,2.537552,Plein jour,Hors agglomération,Hors intersection,Normale,Deux véhicules - frontale,3,2,2,0,1,1,1,0,1,90,2,3,0,0,2,1,64.0,48.0,voiture,voiture,1,1,1,1,1
202200049214,2022-05-09 12:50:00,2022,5,9,12,50,07,07237,,44.825119,4.697898,Plein jour,Hors agglomération,Hors intersection,Normale,Deux véhicules - côté,3,2,2,0,2,2,1,0,1,80,2,2,1,0,0,1,22.0,,deux_roues,voiture,1,1,1,1,3
202200049215,2022-05-11 11:10:00,2022,5,11,11,10,53,53085,C2 - Lieu-dit la Patrie,48.367979,-0.279073,Plein jour,Hors agglomération,Hors intersection,Normale,Sans collision,4,2,2,0,2,1,1,0,1,80,1,1,0,0,1,0,51.0,,deux_roues,,1,1,1,1,7
202200049216,2022-03-29 17:45:00,2022,3,29,17,45,92,92063,BELIN (AVENUE EDOUARD),48.88819,2.1687,Plein jour,En agglomération,Intersection en T,Pluie légère,Deux véhicules - côté,4,-1,3,0,2,1,2,0,1,50,2,2,1,0,0,1,22.0,57.0,deux_roues,voiture,1,2,3,2,3
202200049217,2022-05-07 14:50:00,2022,5,7,14,50,40,40270,route d'aire,43.6724847838,-0.395366285,Plein jour,Hors agglomération,Hors intersection,Normale,Autre collision,3,2,2,0,1,4,1,0,3,80,1,1,0,0,1,0,48.0,,deux_roues,,1,1,1,1,6
202200049218,2022-05-10 02:30:00,2022,5,10,2,30,85,85018,L Ampan,46.887976,-2.074089,Nuit sans éclairage public,Hors agglomération,Hors intersection,Normale,Autre collision,3,2,2,0,1,3,1,0,8,80,1,1,0,0,1,0,42.0,,voiture,,3,1,1,1,6
202200049219,2022-05-11 04:00:00,2022,5,11,4,0,85,85280,RD948,46.87434,-1.94673,Nuit sans éclairage public,Hors agglomération,Intersection en X,Normale,Deux véhicules - frontale,3,2,2,0,1,1,1,0,1,-1,2,3,1,1,1,0,51.0,25.0,voiture,voiture,3,1,2,1,1
202200049220,2022-03-28 08:55:00,2022,3,28,8,55,92,92063,EMPEREUR (ROUTE DE L') SUD,48.86763,2.17563,Plein jour,En agglomération,Intersection en T,Normale,Deux véhicules - côté,3,2,2,0,1,1,1,9,1,30,2,2,1,0,0,1,57.0,18.0,deux_roues,deux_roues,1,2,3,1,3
202200049221,2022-03-29 16:45:00,2022,3,29,16,45,92,92062,GENERAL DE GAULLE (AV) DU 44 AU 106,48.8880543873,2.2341819405,Plein jour,En agglomération,Autre intersection,Pluie légère,Sans collision,3,1,1,0,1,3,2,0,1,50,1,1,0,0,0,1,22.0,,deux_roues,,1,2,9,2,7
202200049222,2022-04-27 12:22:00,2022,4,27,12,22,17,17277,croisement grands beguines et route de Niort,45.970451,-0.518804,Plein jour,Hors agglomération,Intersection en T,Normale,Trois véhicules et plus - collisions multiples,3,2,2,0,4,1,1,0,1,90,3,3,2,0,1,0,37.0,78.0,voiture,voiture,1,1,3,1,5
202200049223,2022-03-23 19:30:00,2022,3,23,19,30,92,92044,PDT WILSON(RUE)51A75 ET 54A74,48.895364,2.287561,Nuit avec éclairage allumé,En agglomération,Hors intersection,Normale,Sans collision,4,1,2,0,1,1,1,0,1,30,1,1,0,0,0,1,20.0,,deux_roues,,5,2,1,1,7
202200049224,2022-05-09 17:30:00,2022,5,9,17,30,48,48166,D983,44.28469,3.597443,Plein jour,Hors agglomération,Hors intersection,Normale,Deux véhicules - côté,3,2,2,0,2,3,1,0,1,90,2,2,1,0,1,0,20.0,73.0,deux_roues,voiture,1,1,1,1,3
202200049225,2022-03-29 15:50:00,2022,3,29,15,50,92,92044,P.V.COUTURIER(RUE)81A113ET60A100,48.89839,2.29487,Plein jour,En agglomération,Hors intersection,Pluie légère,Sans collision,4,2,2,0,1,1,2,0,1,50,1,1,0,0,0,1,47.0,,deux_roues,,1,2,1,2,7
202200049226,2022-05-09 17:55:00,2022,5,9,17,55,987,98734,PK 30.000 RT1,-17.750337,-149.55601,Nuit avec éclairage allumé,En agglomération,Hors intersection,Normale,Deux véhicules - côté,2,2,2,0,1,1,1,0,1,60,2,2,1,0,1,0,20.0,42.0,deux_roues,voiture,5,2,1,1,3
202200049227,2022-03-29 14:20:00,2022,3,29,14,20,92,92040,AUGUSTE GERVAIS,48.8234764172,2.2731463908,Plein jour,En agglomération,Hors intersection,Pluie légère,Deux véhicules - côté,3,2,2,0,4,1,2,0,1,50,2,3,1,0,0,2,42.0,28.0,voiture,deux_roues,1,2,1,2,3
202200049228,2022-05-10 11:25:00,2022,5,10,11,25,60,60010,A16,49.2107283718,2.1507346629,Plein jour,Hors agglomération,Hors intersection,Normale,Autre collision,1,3,5,0,1,1,1,7,8,70,1,3,1,0,2,0,61.0,,voiture,,1,1,1,1,6
202200049229,2022-05-10 22:10:00,2022,5,10,22,10,13,13112,avenue jean pallet,43.532683,5.253568,Nuit avec éclairage allumé,En agglomération,Giratoire,Normale,Sans collision,7,2,2,0,1,2,1,0,1,50,2,2,1,0,1,0,31.0,47.0,voiture,deux_roues,5,2,6,1,7
202200049230,2022-03-28 18:40:00,2022,3,28,18,40,92,92036,PIERRE DE COUBERTIN (BOULEVARD) (PORT ->,48.9275369647,2.284601368,Plein jour,En agglomération,Intersection en T,Normale,Deux véhicules - côté,3,2,5,0,1,1,1,0,1,50,2,2,1,0,0,1,20.0,31.0,deux_roues,voiture,1,2,3,1,3
202200049231,2022-05-11 14:30:00,2022,5,11,14,30,37,37104,RD 85,47.2944150895,0.7933974266,Plein jour,En agglomération,Intersection en T,Temps éblouissant,Deux véhicules - côté,3,2,2,0,1,1,1,0,1,50,2,2,1,1,0,0,34.0,53.0,utilitaire_camion,deux_roues,1,2,3,7,3
202200049232,2022-03-29 09:20:00,2022,3,29,9,20,92,92026,LEONARD DE VINCI,48.8971102071,2.238140881,Plein jour,En agglomération,Intersection en T,Temps couvert,Autre collision,4,2,2,0,1,1,1,0,1,30,1,2,1,0,0,1,60.0,,voiture,,1,2,3,8,6
202200049233,2022-03-28 15:45:00,2022,3,28,15,45,92,92009,HEYNEN ( RUE ),48.9125368738,2.2653213143,Plein jour,En agglomération,Hors intersection,Normale,Autre collision,4,2,0,0,1,1,1,0,4,30,1,1,0,0,0,1,36.0,,autre,,1,2,1,1,6
202200049234,2022-05-10 07:30:00,2022,5,10,7,30,987,98725,"pk 11,100",-17.562591,-149.476051,Plein jour,En agglomération,Intersection en T,Normale,Deux véhicules - côté,2,2,2,0,1,1,1,0,1,50,2,3,1,0,0,2,81.0,24.0,voiture,deux_roues,1,2,3,1,3
202200049235,2022-03-28 02:15:00,2022,3,28,2,15,08,08331,15Rue de la Gare,49.670405,4.953074,Nuit avec éclairage non allumé,En agglomération,Hors intersection,Normale,Autre collision,3,2,2,0,1,1,1,0,1,50,1,2,1,1,0,0,54.0,,voiture,,4,2,1,1,6
202200049236,2022-05-09 06:50:00,2022,5,9,6,50,987,98733,PK 21+200 RT1,-17.689931,-149.548349,Crépuscule ou aube,En agglomération,Hors intersection,Normale,Deux véhicules - côté,2,2,2,0,1,1,1,0,1,-1,2,2,1,0,1,0,38.0,21.0,deux_roues,voiture,2,2,1,1,3