accident_id,datetime,annee,mois,jour,heure,minute,departement,commune_insee,adresse,latitude,longitude,luminosite,agglomeration,intersection,meteo,collision,catr,circ,nbv,vosp,prof,plan,surf,infra,situ,vma,nb_vehicules,nb_usagers,nb_indemnes,nb_tues,nb_blesses_hosp,nb_blesses_legers,age_cond_1,age_cond_2,veh_type_cond_1,veh_type_cond_2,lum_code,agg_code,int_code,atm_code,col_code
202200049331,2022-05-05 12:00:00,2022,5,5,12,0,66,66136,FOCH (MARECHAL),42.6965,2.89151,Plein jour,En agglomération,Intersection en T,Normale,Autre collision,4,1,1,0,1,1,1,0,4,30,1,1,0,1,0,0,60.0,,deux_roues,,1,2,3,1,6
202200049332,2022-05-06 12:20:00,2022,5,6,12,20,64,64483,Boulevard du Commandant Passicot,43.3868645972,-1.658053178,Plein jour,En agglomération,Hors intersection,Normale,Deux véhicules - côté,3,2,2,0,1,1,1,0,1,50,2,2,1,0,0,1,38.0,58.0,voiture,deux_roues,1,2,1,1,3
202200049333,2022-04-23 15:10:00,2022,4,23,15,10,64,64189,TURNACO FRANCOIS (QUAI),43.3808,-1.66463,Plein jour,En agglomération,Hors intersection,Normale,Deux véhicules - arrière,4,2,2,0,1,1,1,0,1,50,2,2,1,0,0,1,16.0,59.0,deux_roues,voiture,1,2,1,1,2
202200049334,2022-05-09 11:00:00,2022,5,9,11,0,64,64445,cours Léon Bérard,43.3121,-0.36697,Plein jour,En agglomération,Hors intersection,Normale,Deux véhicules - arrière,4,2,2,1,1,1,1,0,1,50,2,2,1,0,0,1,43.0,28.0,voiture,utilitaire_camion,1,2,1,1,2
202200049335,2022-01-09 09:40:00,2022,1,9,9,40,41,41161,A71 - PK 145.500 - Sens ORLEANS/VIERZON,47.524185,2.004232,Plein jour,Hors agglomération,Hors intersection,Temps couvert,Deux véhicules - arrière,1,3,4,0,2,2,2,0,1,130,2,2,1,0,0,1,23.0,24.0,voiture,voiture,1,1,1,8,2
202200049336,2022-05-08 12:15:00,2022,5,8,12,15,64,64102,Avenue de l'Aquitaine,43.4865765633,-1.470708847,Plein jour,En agglomération,Hors intersection,Normale,Sans collision,3,3,4,0,1,2,1,0,1,50,1,1,0,0,0,1,37.0,,voiture,,1,2,1,1,7
202200049337,2022-05-05 05:40:00,2022,5,5,5,40,62,62099,D60,50.268202,2.798869,Crépuscule ou aube,Hors agglomération,Hors intersection,Normale,Autre collision,3,1,3,0,1,3,1,0,1,50,1,2,1,1,0,0,55.0,,voiture,,2,1,1,1,6
202200049338,2022-01-08 20:50:00,2022,1,8,20,50,01,01354,Rue de Crozet,46.276709,6.031446,Nuit avec éclairage allumé,En agglomération,Hors intersection,Neige / grêle,Deux véhicules - frontale,3,2,2,0,2,1,2,0,1,50,2,2,1,0,0,1,61.0,50.0,utilitaire_camion,voiture,5,2,1,4,1
202200049339,2022-05-04 17:00:00,2022,5,4,17,0,57,57463,GUYENNE (BOULEVARD DE ),49.1111445,6.2168013,Plein jour,En agglomération,Hors intersection,Normale,Sans collision,4,2,2,0,1,1,1,0,1,50,1,2,1,0,0,1,,,autre,,1,2,1,1,7
202200049340,2022-01-06 14:10:00,2022,1,6,14,10,84,84056,538 Route de Camaret,44.121984,4.900278,Plein jour,En agglomération,Hors intersection,Normale,Deux véhicules - frontale,3,2,2,0,1,1,1,0,1,50,2,3,2,0,1,0,52.0,67.0,voiture,voiture,1,2,1,1,1
202200049341,2022-05-09 14:00:00,2022,5,9,14,0,57,57660,Rue Nationale,49.1953252022,6.9222905283,Plein jour,En agglomération,Intersection en T,Normale,Deux véhicules - côté,3,-1,3,0,1,1,1,0,1,50,2,2,1,0,0,1,31.0,14.0,voiture,deux_roues,1,2,3,1,3
202200049342,2022-01-08 22:30:00,2022,1,8,22,30,72,72260,Route de Brette les Pins,47.936053,0.273085,Nuit sans éclairage public,En agglomération,Hors intersection,Pluie légère,Deux véhicules - frontale,3,2,2,0,1,1,2,0,1,50,2,2,1,1,0,0,18.0,24.0,deux_roues,utilitaire_camion,3,2,1,2,1
202200049343,2022-05-08 19:30:00,2022,5,8,19,30,56,56098,5 Avenue de la Commune de Paris,47.77033,-3.33875,Plein jour,En agglomération,Intersection en X,Normale,Deux véhicules - côté,4,3,2,0,1,1,1,0,1,50,2,2,1,0,0,1,48.0,29.0,deux_roues,voiture,1,2,2,1,3
202200049344,2022-01-08 13:00:00,2022,1,8,13,0,62,62908,RN 42,50.733132,1.728651,Plein jour,Hors agglomération,Hors intersection,Pluie légère,Deux véhicules - arrière,2,3,2,0,2,1,2,0,8,100,2,3,1,0,2,0,59.0,49.0,voiture,transport_commun,1,1,1,2,2
202200049345,2022-01-08 20:50:00,2022,1,8,20,50,19,19178,Croix de la Maleyrie,45.262752,1.549405,Nuit sans éclairage public,Hors agglomération,Hors intersection,Pluie forte,Autre collision,3,2,2,0,1,1,2,0,3,90,1,1,0,0,1,0,48.0,,voiture,,3,1,1,3,6
202200049346,2022-05-06 21:03:00,2022,5,6,21,3,54,54395,BOUFFLERS (AVENUE) DE 2 AU 72),48.6892227577,6.1615544558,Nuit avec éclairage allumé,En agglomération,Intersection en T,Normale,Autre collision,4,2,2,0,1,1,1,0,1,50,1,2,1,0,1,0,31.0,,voiture,,5,2,3,1,6
202200049347,2022-01-08 21:00:00,2022,1,8,21,0,74,74183,D907,46.129709,6.511019,Nuit sans éclairage public,Hors agglomération,Hors intersection,Pluie légère,Deux véhicules - frontale,3,2,2,0,1,3,2,0,1,80,2,3,1,0,2,0,27.0,22.0,voiture,voiture,3,1,1,2,1
202200049348,2022-05-06 17:35:00,2022,5,6,17,35,54,54184,BRIGACHTAL (AVENUE DE),48.70781,6.24232,Plein jour,En agglomération,Hors intersection,Normale,Trois véhicules et plus - en chaîne,4,2,2,0,1,1,1,0,1,70,3,3,2,0,0,1,19.0,19.0,voiture,voiture,1,2,1,1,4
202200049349,2022-01-08 19:25:00,2022,1,8,19,25,80,80180,Rue d En Bas,49.921181,2.086206,Nuit avec éclairage allumé,En agglomération,Hors intersection,Pluie forte,Autre collision,3,2,2,0,2,2,2,0,4,-1,1,1,0,0,1,0,27.0,,voiture,,5,2,1,3,6
202200049350,2022-01-07 19:20:00,2022,1,7,19,20,63,63250,Départementale 229,45.592164,3.172753,Nuit sans éclairage public,Hors agglomération,Hors intersection,Temps couvert,Autre collision,3,2,2,0,1,1,1,0,1,80,1,1,0,0,0,1,49.0,,deux_roues,,3,1,1,8,6
202200049351,2022-05-06 09:20:00,2022,5,6,9,20,54,54395,FRANCE (AVENUE ANATOLE),48.6873470602,6.1630269885,Plein jour,En agglomération,Intersection en X,Normale,Deux véhicules - côté,4,1,2,2,1,1,1,0,1,50,2,2,1,0,0,1,48.0,35.0,deux_roues,voiture,1,2,2,1,3
202200049352,2022-01-08 04:20:00,2022,1,8,4,20,55,55010,D604,48.640963,5.058775,Nuit sans éclairage public,Hors agglomération,Hors intersection,Pluie légère,Autre collision,3,2,2,0,1,3,2,0,3,90,1,2,1,0,0,1,31.0,,voiture,,3,1,1,2,6
202200049353,2022-05-03 11:50:00,2022,5,3,11,50,54,54328,LAVOISIER (RUE ANTOINE DE),48.61556,6.18442,Plein jour,En agglomération,Hors intersection,Normale,Deux véhicules - côté,4,2,2,0,1,1,1,0,1,50,2,2,1,0,0,1,55.0,56.0,deux_roues,utilitaire_camion,1,2,1,1,3
202200049354,2022-01-07 18:50:00,2022,1,7,18,50,49,49002,362 Route de Saumur,47.301072,-0.008733,Nuit sans éclairage public,Hors agglomération,Hors intersection,Normale,Deux véhicules - arrière,3,2,2,0,1,1,1,0,1,90,2,2,1,0,1,0,84.0,52.0,voiture,utilitaire_camion,3,1,1,1,2
202200049355,2022-05-09 08:45:00,2022,5,9,8,45,51,51055,Route de Betheny,49.27249,4.05162,Plein jour,En agglomération,Giratoire,Normale,Sans collision,4,2,2,0,1,1,1,0,1,50,1,2,1,0,0,1,45.0,,voiture,,1,2,6,1,7
202200049356,2022-01-08 19:45:00,2022,1,8,19,45,49,49125,Route d Angers,47.207835,-0.29603,Nuit sans éclairage public,Hors agglomération,Intersection en X,Vent fort / tempête,Deux véhicules - côté,4,2,2,0,1,1,2,5,1,90,2,4,1,0,2,1,20.0,46.0,utilitaire_camion,voiture,3,1,2,6,3
202200049357,2022-05-09 09:20:00,2022,5,9,9,20,51,51055,rue Léon Faucher,49.27143,4.04306,Plein jour,En agglomération,Intersection en T,Normale,Deux véhicules - côté,4,2,2,1,1,1,1,0,5,50,2,2,1,0,0,1,68.0,36.0,deux_roues,voiture,1,2,3,1,3
202200049358,2022-05-09 08:39:00,2022,5,9,8,39,49,49246,,47.43434,-0.508,Plein jour,En agglomération,Hors intersection,Normale,Trois véhicules et plus - en chaîne,1,3,5,0,1,1,1,0,1,70,3,3,1,0,0,2,65.0,42.0,voiture,voiture,1,2,1,1,4
202200049359,2022-01-07 23:35:00,2022,1,7,23,35,46,46293,Route du Malpas,44.893358,1.573267,Nuit sans éclairage public,Hors agglomération,Hors intersection,Pluie légère,Autre collision,3,2,2,0,2,3,2,0,3,80,1,1,0,0,1,0,24.0,,voiture,,3,1,1,2,6
202200049360,2022-01-08 17:05:00,2022,1,8,17,5,46,46231,rue du collège,44.50361,1.140749,Crépuscule ou aube,En agglomération,Hors intersection,Pluie légère,Autre collision,3,2,2,0,2,3,2,0,3,50,1,1,0,0,1,0,59.0,,voiture,,2,2,1,2,6
202200049361,2022-05-08 06:55:00,2022,5,8,6,55,49,49007,PASTEUR,47.47913,-0.52786,Plein jour,En agglomération,Hors intersection,Normale,Autre collision,4,2,4,2,1,1,1,8,1,50,1,1,0,0,0,1,23.0,,voiture,,1,2,1,1,6
202200049362,2022-01-08 16:00:00,2022,1,8,16,0,34,34154,pk 3 D62,43.553634,4.003894,Plein jour,Hors agglomération,Hors intersection,Normale,Autre collision,3,1,2,0,1,3,1,3,3,110,1,2,1,1,0,0,45.0,,voiture,,1,1,1,1,6
202200049363,2022-05-08 02:33:00,2022,5,8,2,33,49,49007,COEFFARD,47.47433,-0.53228,Nuit avec éclairage allumé,En agglomération,Hors intersection,Normale,Autre collision,4,1,2,0,1,2,1,0,1,30,1,2,1,0,0,1,24.0,,voiture,,5,2,1,1,6
202200049364,2022-01-08 17:00:00,2022,1,8,17,0,31,31020,D5,43.008617,0.79932,Crépuscule ou aube,En agglomération,Hors intersection,Normale,Autre collision,3,2,2,0,1,2,1,0,3,50,1,2,0,0,1,1,26.0,,deux_roues,,2,2,1,1,6
202200049365,2022-05-07 07:27:00,2022,5,7,7,27,49,49015,D775,47.49888,-0.62209,Plein jour,Hors agglomération,Hors intersection,Normale,Sans collision,3,3,6,0,1,1,1,0,1,90,1,1,0,0,1,0,18.0,,deux_roues,,1,1,1,1,7
202200049366,2022-05-09 19:10:00,2022,5,9,19,10,45,45302,D520 PR 1 + 900,47.9324057723,1.8808640689,Plein jour,Hors agglomération,Hors intersection,Normale,Deux véhicules - arrière,3,3,4,0,1,1,1,0,2,70,2,2,1,0,0,1,49.0,49.0,utilitaire_camion,utilitaire_camion,1,1,1,1,2
202200049367,2022-01-09 11:45:00,2022,1,9,11,45,66,66146,route nationale 20,42.525301,1.8231621,Plein jour,Hors agglomération,Hors intersection,Neige / grêle,Deux véhicules - côté,2,2,2,0,2,2,5,0,1,80,2,3,2,0,0,1,21.0,28.0,voiture,voiture,1,1,1,4,3
202200049368,2022-05-09 19:55:00,2022,5,9,19,55,35,35238,CLOS COURTEL (DU),48.1314381771,-1.6327062249,Plein jour,En agglomération,Hors intersection,Normale,Deux véhicules - arrière,4,2,2,1,1,1,1,0,1,50,2,4,3,0,1,0,35.0,29.0,deux_roues,voiture,1,2,1,1,2
202200049369,2022-01-09 16:10:00,2022,1,9,16,10,05,05012,RN94,44.544958,6.481011,Plein jour,Hors agglomération,Hors intersection,Pluie légère,Deux véhicules - frontale,2,2,2,0,1,1,2,0,1,80,2,6,1,0,3,2,69.0,36.0,voiture,voiture,1,1,1,2,1
202200049370,2022-05-09 19:00:00,2022,5,9,19,0,35,35238,ZOLA (QUAI EMILE),48.10988,-1.67657,Plein jour,En agglomération,Hors intersection,Normale,Deux véhicules - arrière,4,2,2,3,1,1,1,8,1,30,2,2,1,0,1,0,25.0,53.0,deux_roues,transport_commun,1,2,1,1,2
202200049371,2022-01-09 09:30:00,2022,1,9,9,30,60,60591,,49.418171,1.99685,Plein jour,Hors agglomération,Hors intersection,Pluie légère,Deux véhicules - côté,3,2,2,0,1,1,2,0,1,50,2,4,3,0,0,1,63.0,78.0,voiture,voiture,1,1,1,2,3
202200049372,2022-05-09 15:00:00,2022,5,9,15,0,35,35238,MEYNIER (ANDRE ET YVONNE),48.1298916281,-1.7069789395,Plein jour,En agglomération,Hors intersection,Normale,Deux véhicules - frontale,4,2,2,0,1,1,1,0,1,30,2,3,1,0,0,2,17.0,23.0,deux_roues,voiture,1,2,1,1,1
202200049373,2022-01-08 23:30:00,2022,1,8,23,30,73,73059,D991 Boulevard Gaston Mollex,45.716368,5.887749,Nuit avec éclairage allumé,En agglomération,Hors intersection,Pluie forte,Autre collision,3,2,2,2,1,3,2,0,1,50,1,2,0,0,2,0,31.0,,voiture,,5,2,1,3,6
202200049374,2022-05-09 08:15:00,2022,5,9,8,15,35,35238,HAUTES-OURMES (BD DES),48.0875235595,-1.6505690664,Plein jour,En agglomération,Hors intersection,Normale,Autre collision,4,3,2,2,1,1,1,0,1,50,1,2,1,0,0,1,25.0,,voiture,,1,2,1,1,6
202200049375,2022-01-07 17:00:00,2022,1,7,17,0,10,10064,D 400,48.411115,4.575269,Crépuscule ou aube,Hors agglomération,Hors intersection,Pluie légère,Autre collision,3,2,2,0,1,1,2,0,3,90,1,2,1,0,0,1,77.0,,voiture,,2,1,1,2,6
202200049376,2022-05-09 14:05:00,2022,5,9,14,5,33,33063,Avenue des Quarante Journaux,44.8832927517,-0.5707539618,Plein jour,En agglomération,Hors intersection,Normale,Deux véhicules - côté,4,2,2,0,1,2,1,9,1,50,2,2,1,0,0,1,31.0,53.0,voiture,deux_roues,1,2,1,1,3
202200049377,2022-01-09 11:15:00,2022,1,9,11,15,53,53039,Belle Vue,48.155608,-0.958879,Plein jour,Hors agglomération,Hors intersection,Temps couvert,Autre collision,3,2,2,0,1,1,2,0,3,80,1,1,0,0,1,0,81.0,,voiture,,1,1,1,8,6
202200049378,2022-01-09 14:30:00,2022,1,9,14,30,28,28393,D26,48.588674,1.351345,Plein jour,Hors agglomération,Hors intersection,Neige / grêle,Deux véhicules - frontale,3,2,2,0,2,1,2,0,1,80,2,2,0,0,1,1,44.0,59.0,voiture,voiture,1,1,1,4,1
202200049379,2022-05-03 10:00:00,2022,5,3,10,0,29,29019,Place Albert Premier,48.39775,-4.48985,Plein jour,En agglomération,Giratoire,Normale,Deux véhicules - côté,4,1,2,0,1,2,1,5,1,50,2,2,1,0,0,1,28.0,69.0,utilitaire_camion,deux_roues,1,2,6,1,3
202200049380,2022-01-08 06:15:00,2022,1,8,6,15,24,24207,D704,44.808252,1.297658,Nuit avec éclairage allumé,En agglomération,Hors intersection,Temps couvert,Deux véhicules - frontale,3,2,2,0,1,1,2,0,1,50,2,2,0,0,1,1,20.0,51.0,voiture,voiture,5,2,1,8,1
202200049381,2022-05-09 15:25:00,2022,5,9,15,25,27,27681,LECLERC (BOULEVARD DU MARECHAL),49.09086,1.48944,Plein jour,En agglomération,Autre intersection,Normale,Deux véhicules - côté,3,2,2,0,1,1,1,5,1,50,2,2,1,0,0,1,19.0,77.0,voiture,voiture,1,2,9,1,3
202200049382,2022-01-09 13:30:00,2022,1,9,13,30,77,77435,A6 PK 42+950 direction Province,48.487629,2.51272,Plein jour,Hors agglomération,Hors intersection,Pluie forte,Autre collision,1,1,5,0,1,1,3,0,3,130,1,1,0,0,1,0,29.0,,voiture,,1,1,1,3,6
202200049383,2022-01-09 14:10:00,2022,1,9,14,10,78,78564,Autoroute A10 PK 030.000 En direction de Paris,48.506881,1.90733,Plein jour,Hors agglomération,Hors intersection,Neige / grêle,Sans collision,1,1,3,0,1,1,7,0,8,130,1,2,1,0,0,1,46.0,,voiture,,1,1,1,4,7
202200049384,2022-01-08 13:30:00,2022,1,8,13,30,988,98825,RT1 - POUEMBOUT,-21.250562,164.923604,Plein jour,Hors agglomération,Hors intersection,Normale,Deux véhicules - frontale,2,2,2,0,1,1,1,0,1,110,2,5,0,3,1,1,46.0,36.0,utilitaire_camion,voiture,1,1,1,1,1
202200049385,2022-01-09 03:30:00,2022,1,9,3,30,988,98817,RPS1/ RUE DES THAZARDS,-22.232276,166.526004,Nuit avec éclairage allumé,En agglomération,Intersection en T,Pluie forte,Deux véhicules - frontale,3,2,2,0,1,1,2,0,1,50,2,6,1,3,1,1,20.0,64.0,voiture,utilitaire_camion,5,2,3,3,1
202200049386,2022-01-08 12:45:00,2022,1,8,12,45,84,84054,Route de Lagnes,43.902538,5.097887,Plein jour,Hors agglomération,Hors intersection,Temps couvert,Sans collision,3,2,2,0,1,3,9,0,3,80,1,3,0,0,2,1,19.0,,voiture,,1,1,1,8,7
202200049387,2022-01-09 17:30:00,2022,1,9,17,30,54,54023,D914,48.7066523699,6.5104293825,Crépuscule ou aube,Hors agglomération,Hors intersection,Normale,Autre collision,3,2,2,0,3,1,1,0,1,80,3,4,1,0,2,1,49.0,52.0,voiture,voiture,2,1,1,1,6
202200049388,2022-01-09 18:00:00,2022,1,9,18,0,38,38138,Cours Baron Raverat,45.724201,5.251368,Nuit avec éclairage allumé,En agglomération,Hors intersection,Pluie forte,Autre collision,3,2,2,0,1,1,2,0,6,50,1,3,2,1,0,0,23.0,,voiture,,5,2,1,3,6
202200049389,2022-01-09 17:00:00,2022,1,9,17,0,81,81046,Rd 964 -38+400,43.8150727,1.9575723,Plein jour,Hors agglomération,Hors intersection,Pluie forte,Trois véhicules et plus - collisions multiples,3,2,2,0,1,1,4,0,1,80,3,4,1,2,1,0,52.0,62.0,voiture,voiture,1,1,1,3,5
202200049390,2022-01-08 16:25:00,2022,1,8,16,25,64,64430,Place du Foirail,43.488926,-0.771672,Plein jour,En agglomération,Giratoire,Normale,Deux véhicules - côté,3,2,2,0,1,1,1,0,1,50,2,3,0,0,0,3,61.0,15.0,deux_roues,deux_roues,1,2,6,1,3
202200049391,2022-01-07 22:45:00,2022,1,7,22,45,01,01275,A42  4.020 A 4.353   GEN/LYON,45.807944,4.9292,Nuit avec éclairage allumé,En agglomération,Hors intersection,Pluie légère,Autre collision,1,1,2,0,1,2,2,0,1,70,1,4,0,0,1,3,34.0,,voiture,,5,2,1,2,6
202200049392,2022-01-07 14:35:00,2022,1,7,14,35,67,67482,M351,48.58623,7.71951,Plein jour,Hors agglomération,Hors intersection,Temps couvert,Deux véhicules - arrière,7,3,5,0,1,1,1,0,1,90,2,2,0,0,0,2,38.0,25.0,voiture,voiture,1,1,1,8,2
202200049393,2022-01-07 13:55:00,2022,1,7,13,55,91,91228,AUTOROUTE A6,48.61991,2.42621,Plein jour,Hors agglomération,Hors intersection,Normale,Sans collision,1,3,7,0,1,1,2,0,1,110,1,1,0,0,0,1,35.0,,voiture,,1,1,1,1,7
202200049394,2022-01-07 20:30:00,2022,1,7,20,30,78,78423,N12W,48.796833,2.043183,Nuit sans éclairage public,Hors agglomération,Hors intersection,Pluie forte,Deux véhicules - arrière,1,1,1,0,1,3,2,0,1,50,2,2,1,0,0,1,29.0,32.0,voiture,voiture,3,1,1,3,2
202200049395,2022-01-07 20:25:00,2022,1,7,20,25,78,78158,A13,48.833053,2.137208,Plein jour,Hors agglomération,Hors intersection,Normale,Autre collision,1,-1,4,0,1,1,1,0,1,110,1,1,0,0,0,1,28.0,,voiture,,1,1,1,1,6
202200049396,2022-01-07 18:30:00,2022,1,7,18,30,38,38185,MARECHAL LYAUTEY (BOULEVARD),45.18538,5.73167,Nuit avec éclairage allumé,En agglomération,Hors intersection,Pluie légère,Autre collision,4,2,4,1,1,1,2,5,1,30,1,2,1,0,1,0,54.0,,transport_commun,,5,2,1,2,6
202200049397,2022-01-07 13:40:00,2022,1,7,13,40,27,27306,COLBERT (RUE),49.01129,1.17547,Plein jour,En agglomération,Hors intersection,Normale,Autre collision,4,2,2,0,1,1,1,5,1,50,1,2,1,0,0,1,59.0,,voiture,,1,2,1,1,6
202200049398,2022-01-07 20:44:00,2022,1,7,20,44,92,92026,COLOMBES,48.901525541,2.2562506198,Nuit avec éclairage allumé,En agglomération,Hors intersection,Pluie légère,Deux véhicules - arrière,3,2,2,0,1,1,2,0,3,50,2,2,1,0,0,1,45.0,65.0,utilitaire_camion,voiture,5,2,1,2,2
202200049399,2022-01-06 11:30:00,2022,1,6,11,30,77,77333,D240,48.28073,2.69794,Plein jour,En agglomération,Giratoire,Normale,Deux véhicules - côté,3,1,2,0,1,3,1,5,1,50,2,2,1,0,0,1,65.0,31.0,voiture,deux_roues,1,2,6,1,3
202200049400,2022-01-06 16:27:00,2022,1,6,16,27,49,49099,RD 20,47.04303,-0.82362,Plein jour,Hors agglomération,Hors intersection,Normale,Autre collision,3,2,2,0,1,2,1,0,1,80,1,2,1,0,0,1,42.0,,voiture,,1,1,1,1,6
202200049401,2022-01-02 18:30:00,2022,1,2,18,30,62,62427,BLERIOT (R),50.424266,2.948611,Nuit avec éclairage allumé,En agglomération,Hors intersection,Pluie forte,Autre collision,4,2,0,0,1,1,2,0,1,50,1,2,1,0,0,1,30.0,,voiture,,5,2,1,3,6
202200049402,2022-01-04 15:45:00,2022,1,4,15,45,25,25056,rue de Terre Rouge,47.228964,5.985893,Plein jour,En agglomération,Hors intersection,Pluie forte,Deux véhicules - côté,4,1,1,0,2,1,2,0,1,50,2,2,1,0,0,1,29.0,64.0,utilitaire_camion,voiture,1,2,1,3,3
202200049403,2022-01-07 11:45:00,2022,1,7,11,45,974,97411,GIMART (AVENUE STANISLAS),-20.89188,55.47547,Plein jour,En agglomération,Autre intersection,Normale,Trois véhicules et plus - collisions multiples,4,-1,2,0,2,1,1,0,1,30,3,3,2,0,0,1,24.0,17.0,voiture,deux_roues,1,2,9,1,5
202200049404,2022-01-07 20:55:00,2022,1,7,20,55,973,97302,RABAN (ROUTE DE),4.9349219642,-52.3142015934,Nuit avec éclairage allumé,En agglomération,Intersection en Y,Normale,Deux véhicules - frontale,4,2,2,0,1,2,1,0,1,50,2,3,1,0,1,1,26.0,21.0,deux_roues,voiture,5,2,4,1,1
202200049405,2022-01-07 16:00:00,2022,1,7,16,0,973,97302,LEBLOND (ROND POINT),4.92068754,-52.3302170634,Plein jour,Hors agglomération,Giratoire,Normale,Deux véhicules - arrière,2,1,2,0,1,2,1,5,1,50,2,2,1,0,0,1,31.0,56.0,voiture,voiture,1,1,6,1,2
202200049406,2022-01-06 00:35:00,2022,1,6,0,35,973,97302,HEDER (place),4.9420007591,-52.3295612633,Nuit avec éclairage allumé,En agglomération,Hors intersection,Pluie légère,Sans collision,4,1,2,0,1,1,2,0,1,50,1,1,0,0,0,1,15.0,,deux_roues,,5,2,1,2,7
202200049407,2022-01-07 13:20:00,2022,1,7,13,20,69,69386,Cours Vitton,45.77009,4.85965,Plein jour,En agglomération,Intersection en T,Pluie légère,Autre collision,4,1,3,2,1,1,2,0,1,50,1,2,1,0,0,1,35.0,,utilitaire_camion,,1,2,3,2,6
202200049408,2022-01-07 08:50:00,2022,1,7,8,50,69,69386,Rue Duquesne,45.7723044723,4.8413564265,Plein jour,En agglomération,Intersection en X,Normale,Deux véhicules - côté,4,2,4,2,1,1,1,0,1,50,2,2,1,0,0,1,51.0,69.0,voiture,deux_roues,1,2,2,1,3
202200049409,2022-01-06 20:40:00,2022,1,6,20,40,972,97209,ENTRAIDE (ROUTE DE L'),14.62082,-61.05561,Nuit avec éclairage allumé,En agglomération,Place,Pluie légère,Deux véhicules - côté,3,2,2,0,2,2,2,0,1,30,2,2,1,0,1,0,23.0,63.0,deux_roues,voiture,5,2,7,2,3
202200049410,2022-01-08 23:10:00,2022,1,8,23,10,69,69389,Rue Joannès Carret,45.78578,4.80926,Nuit avec éclairage allumé,En agglomération,Intersection en T,Pluie légère,Deux véhicules - côté,4,2,3,3,1,1,2,0,1,50,2,3,1,0,0,2,48.0,24.0,voiture,voiture,5,2,3,2,3
202200049411,2022-01-07 17:50:00,2022,1,7,17,50,69,69389,17 Rue Professeur Patel,45.7649158518,4.7909349203,Nuit sans éclairage public,En agglomération,Intersection en Y,Pluie légère,Autre collision,4,2,2,0,1,1,2,0,1,50,1,2,1,0,1,0,22.0,,voiture,,3,2,4,2,6
202200049412,2022-01-07 15:50:00,2022,1,7,15,50,69,69034,40 Rue Coste,45.7850828748,4.8333138227,Plein jour,En agglomération,Hors intersection,Temps couvert,Deux véhicules - arrière,4,2,2,0,1,1,2,0,1,50,2,2,1,0,0,1,50.0,59.0,voiture,voiture,1,2,1,8,2
202200049413,2022-01-07 14:10:00,2022,1,7,14,10,971,97101,PERRIN (SECTEUR),16.3005064096,-61.5113675594,Plein jour,En agglomération,Hors intersection,Normale,Deux véhicules - côté,3,2,2,0,1,1,1,0,1,70,2,2,1,0,0,1,34.0,38.0,voiture,voiture,1,2,1,1,3
202200049414,2022-01-07 10:42:00,2022,1,7,10,42,2A,2A004,MARECHAL JUIN AVENUE,41.94189,8.74986,Plein jour,En agglomération,Giratoire,Normale,Autre collision,4,3,2,0,1,1,1,9,1,50,1,2,1,0,0,1,,,voiture,,1,2,6,1,6
202200049415,2022-01-06 12:00:00,2022,1,6,12,0,91,91161,RTE DE MASSY,48.713282,2.302244,Plein jour,Hors agglomération,Autre intersection,Normale,Deux véhicules - côté,3,1,2,0,1,3,1,0,5,50,2,2,1,0,0,1,76.0,77.0,voiture,deux_roues,1,1,9,1,3
202200049416,2022-01-07 20:50:00,2022,1,7,20,50,91,91521,REMY (RUE ALBERT),48.65795,2.40655,Nuit avec éclairage allumé,En agglomération,Intersection en T,Pluie légère,Deux véhicules - côté,3,2,0,0,1,1,2,0,1,50,2,4,1,0,0,3,35.0,22.0,voiture,utilitaire_camion,5,2,3,2,3
202200049417,2022-01-07 14:45:00,2022,1,7,14,45,83,83137,CASTELLET (RUE DU),43.1505611173,5.9026771188,Plein jour,Hors agglomération,Hors intersection,Normale,Autre collision,4,2,1,0,2,1,1,9,3,50,1,1,0,0,0,1,31.0,,voiture,,1,1,1,1,6
202200049418,2022-01-06 09:40:00,2022,1,6,9,40,83,83137,REPUBLIQUE (AVE DE LA),43.12117,5.9305,Plein jour,En agglomération,Intersection en T,Normale,Deux véhicules - côté,4,1,1,0,1,1,1,0,1,30,2,2,1,0,0,1,26.0,39.0,deux_roues,voiture,1,2,3,1,3
202200049419,2022-01-05 10:27:00,2022,1,5,10,27,83,83137,SAINT BERNARD (RUE / PAS),43.12164,5.93666,Plein jour,En agglomération,Place,Normale,Deux véhicules - côté,4,2,3,0,1,1,1,5,1,50,2,2,1,1,0,0,31.0,45.0,utilitaire_camion,deux_roues,1,2,7,1,3
202200049420,2022-01-07 19:05:00,2022,1,7,19,5,81,81004,AUBEPINES (DES),43.9345,2.18892,Nuit sans éclairage public,En agglomération,Hors intersection,Pluie légère,Autre collision,4,2,1,0,1,1,2,0,1,50,1,1,0,0,1,0,17.0,,deux_roues,,3,2,1,2,6
202200049421,2022-01-07 12:30:00,2022,1,7,12,30,79,79191,Rue de Goise,46.31351,-0.45598,Plein jour,En agglomération,Hors intersection,Normale,Sans collision,4,2,2,0,1,1,1,0,1,50,1,2,1,0,0,1,77.0,,voiture,,1,2,1,1,7
202200049422,2022-01-07 01:40:00,2022,1,7,1,40,76,76351,CLEMENT MARICAL,49.5018961151,0.0975872576,Nuit avec éclairage allumé,En agglomération,Hors intersection,Normale,Autre collision,4,1,1,0,2,1,2,0,1,50,1,1,0,0,0,1,35.0,,voiture,,5,2,1,1,6