accident_id,datetime,annee,mois,jour,heure,minute,departement,commune_insee,adresse,latitude,longitude,luminosite,agglomeration,intersection,meteo,collision,catr,circ,nbv,vosp,prof,plan,surf,infra,situ,vma,nb_vehicules,nb_usagers,nb_indemnes,nb_tues,nb_blesses_hosp,nb_blesses_legers,age_cond_1,age_cond_2,veh_type_cond_1,veh_type_cond_2,lum_code,agg_code,int_code,atm_code,col_code
202200049512,2022-01-08 11:00:00,2022,1,8,11,0,88,88161,D460,48.117531,6.191568,Plein jour,Hors agglomération,Hors intersection,Temps couvert,Autre collision,3,2,2,0,2,4,2,0,3,90,1,1,0,1,0,0,22.0,,utilitaire_camion,,1,1,1,8,6
202200049513,2022-01-07 18:50:00,2022,1,7,18,50,38,38399,RD 522,45.508482,5.16925,Nuit sans éclairage public,Hors agglomération,Hors intersection,Temps couvert,Deux véhicules - frontale,3,2,2,0,1,1,2,0,1,80,2,2,0,1,0,1,47.0,28.0,transport_commun,utilitaire_camion,3,1,1,8,1
202200049514,2022-01-08 14:25:00,2022,1,8,14,25,11,11202,Avenue du Bastion Montmorency,42.905441,3.035413,Plein jour,En agglomération,Hors intersection,Normale,Autre collision,4,2,2,0,2,1,1,6,1,50,2,2,1,0,1,0,82.0,76.0,voiture,voiture,1,2,1,1,6
202200049515,2022-01-08 15:30:00,2022,1,8,15,30,988,98803,Lieu-dit NEMEARA,-21.49787,165.48149,Plein jour,Hors agglomération,Hors intersection,Normale,Autre collision,2,2,2,0,1,3,1,0,3,-1,1,1,0,0,1,0,27.0,,voiture,,1,1,1,1,6
202200049516,2022-01-07 16:30:00,2022,1,7,16,30,973,97305,Route nationale 1,4.912744,-52.371966,Plein jour,Hors agglomération,Hors intersection,Normale,Deux véhicules - côté,2,2,2,0,1,1,1,0,1,70,2,2,1,0,1,0,55.0,36.0,voiture,deux_roues,1,1,1,1,3
202200049517,2022-01-07 17:55:00,2022,1,7,17,55,37,37072,D21,47.165555,0.26821,Nuit sans éclairage public,Hors agglomération,Hors intersection,Pluie légère,Deux véhicules - arrière,3,2,2,0,1,1,2,0,1,80,2,2,1,0,1,0,17.0,,deux_roues,autre,3,1,1,2,2
202200049518,2022-01-08 20:15:00,2022,1,8,20,15,91,91659,Route de Villoison,48.588546,2.452578,Nuit avec éclairage allumé,En agglomération,Hors intersection,Pluie forte,Autre collision,4,2,3,3,1,1,2,9,1,50,1,4,1,0,0,3,53.0,,voiture,,5,2,1,3,6
202200049519,2022-01-08 14:15:00,2022,1,8,14,15,84,84047,101 Avenue des Cordiers,43.899535,5.357085,Plein jour,En agglomération,Hors intersection,Normale,Deux véhicules - côté,3,2,2,0,2,3,1,0,1,50,2,2,1,0,1,0,35.0,20.0,deux_roues,voiture,1,2,1,1,3
202200049520,2022-01-07 19:30:00,2022,1,7,19,30,84,84103,D179,43.923167,5.467029,Nuit sans éclairage public,Hors agglomération,Hors intersection,Normale,Autre collision,3,2,2,0,2,2,1,0,3,80,1,1,0,1,0,0,63.0,,voiture,,3,1,1,1,6
202200049521,2022-01-07 20:35:00,2022,1,7,20,35,05,05177,Cours Mentor Blasco,44.577323,6.68247,Nuit avec éclairage allumé,En agglomération,Hors intersection,Normale,Autre collision,3,2,2,0,2,3,1,0,1,50,1,1,0,0,0,1,22.0,,voiture,,5,2,1,1,6
202200049522,2022-01-07 21:45:00,2022,1,7,21,45,13,13024,RN561,43.715775,5.249984,Nuit sans éclairage public,Hors agglomération,Hors intersection,Normale,Deux véhicules - côté,3,2,2,0,1,1,1,0,1,-1,2,2,1,0,1,0,42.0,53.0,voiture,voiture,3,1,1,1,3
202200049523,2022-01-07 12:20:00,2022,1,7,12,20,14,14191,D35,49.3036789022,-0.4367280006,Plein jour,Hors agglomération,Intersection en X,Normale,Deux véhicules - côté,3,4,2,0,1,1,1,0,1,70,2,4,3,0,1,0,65.0,31.0,utilitaire_camion,voiture,1,1,2,1,3
202200049524,2022-01-08 09:10:00,2022,1,8,9,10,60,60022,D 1330,49.2402798954,2.5187745093,Plein jour,Hors agglomération,Hors intersection,Temps couvert,Deux véhicules - arrière,3,3,4,0,1,1,2,0,1,110,2,2,1,0,0,1,27.0,63.0,utilitaire_camion,voiture,1,1,1,8,2
202200049525,2022-01-08 15:41:00,2022,1,8,15,41,60,60138,,49.2220788101,2.5925858168,Plein jour,Hors agglomération,Hors intersection,Pluie forte,Sans collision,3,2,2,0,1,1,2,0,8,80,1,1,0,0,1,0,41.0,,deux_roues,,1,1,1,3,7
202200049526,2022-01-07 19:42:00,2022,1,7,19,42,13,13106,A7-Sens Lyon vers Marseille,43.4005,5.34795,Plein jour,Hors agglomération,Hors intersection,Normale,Sans collision,1,1,2,0,1,1,1,0,1,70,1,1,0,0,0,1,61.0,,voiture,,1,1,1,1,7
202200049527,2022-01-01 06:00:00,2022,1,1,6,0,69,69283,Autoroute 46,45.6737679179,4.9489411712,Nuit avec éclairage allumé,Hors agglomération,Hors intersection,Brouillard / fumée,Deux véhicules - arrière,1,3,4,0,1,1,2,0,1,90,2,2,0,0,0,2,35.0,22.0,utilitaire_camion,voiture,5,1,1,5,2
202200049528,2022-01-07 07:15:00,2022,1,7,7,15,91,91521,RN 104,48.632652,2.405849,Nuit sans éclairage public,Hors agglomération,Hors intersection,Normale,Deux véhicules - arrière,2,3,3,0,1,1,2,0,1,90,2,2,1,0,0,1,26.0,51.0,voiture,utilitaire_camion,3,1,1,1,2
202200049529,2022-01-07 06:10:00,2022,1,7,6,10,94,94034,AUTOROUTE A86,48.75772,2.33502,Nuit sans éclairage public,Hors agglomération,Hors intersection,Normale,Autre collision,1,1,2,0,2,2,2,0,1,70,1,1,0,0,0,1,29.0,,voiture,,3,1,1,1,6
202200049530,2022-01-06 10:35:00,2022,1,6,10,35,92,92019,RN 385 Extèrieure,48.7712223777,2.2434182043,Plein jour,Hors agglomération,Autre intersection,Normale,Autre collision,2,3,2,0,1,1,1,0,3,90,3,3,1,0,0,2,40.0,71.0,utilitaire_camion,voiture,1,1,9,1,6
202200049531,2022-01-07 16:15:00,2022,1,7,16,15,92,92026,RN1014 Y,48.8892486093,2.2466463337,Plein jour,Hors agglomération,Hors intersection,Normale,Trois véhicules et plus - collisions multiples,2,-1,2,0,1,1,1,0,1,70,3,3,0,0,0,3,36.0,52.0,deux_roues,voiture,1,1,1,1,5
202200049532,2022-01-07 13:30:00,2022,1,7,13,30,93,93064,AUTOROUTE A103,48.8840659937,2.491568327,Plein jour,Hors agglomération,Hors intersection,Normale,Sans collision,1,1,4,0,2,3,1,0,1,50,1,2,1,0,0,1,55.0,,deux_roues,,1,1,1,1,7
202200049533,2022-01-07 10:30:00,2022,1,7,10,30,92,92036,AUTOROUTE A15,48.9406783537,2.2926308104,Plein jour,Hors agglomération,Hors intersection,Pluie légère,Trois véhicules et plus - en chaîne,1,3,8,0,1,1,2,0,1,90,4,4,3,0,0,1,58.0,35.0,voiture,voiture,1,1,1,2,4
202200049534,2022-01-07 15:30:00,2022,1,7,15,30,77,77468,A104,48.8537209917,2.6629423098,Plein jour,Hors agglomération,Hors intersection,Normale,Deux véhicules - arrière,1,3,6,0,2,2,1,0,1,90,2,2,1,0,1,0,84.0,27.0,voiture,utilitaire_camion,1,1,1,1,2
202200049535,2022-01-07 08:40:00,2022,1,7,8,40,94,94074,RN406.Y,48.7690354532,2.4499019295,Plein jour,Hors agglomération,Hors intersection,Normale,Trois véhicules et plus - en chaîne,2,1,3,0,1,1,1,0,1,90,3,3,2,0,0,1,29.0,34.0,utilitaire_camion,utilitaire_camion,1,1,1,1,4
202200049536,2022-01-04 12:15:00,2022,1,4,12,15,91,91549,EPERON (AVENUE DE L'),48.64114,2.337391,Plein jour,En agglomération,Autre intersection,Pluie légère,Autre collision,9,1,1,0,1,1,2,0,1,30,1,2,1,0,0,1,71.0,,voiture,,1,2,9,2,6
202200049537,2022-01-05 10:12:00,2022,1,5,10,12,86,86194,Rue Raoul Follereau,46.566227,0.386924,Plein jour,En agglomération,Hors intersection,Normale,Autre collision,4,-1,2,0,1,1,1,6,1,50,1,2,1,0,1,0,83.0,,voiture,,1,2,1,1,6
202200049538,2022-01-06 13:20:00,2022,1,6,13,20,976,97611,passamanty-Sada ( rue de ),-12.79947,45.2156,Plein jour,En agglomération,Hors intersection,Normale,Deux véhicules - arrière,4,3,2,0,1,1,1,0,1,30,2,3,2,0,1,0,33.0,20.0,voiture,deux_roues,1,2,1,1,2
202200049539,2022-01-06 12:00:00,2022,1,6,12,0,974,97411,WAGNER (AVENUE RICHARD),-20.89762,55.48348,Plein jour,En agglomération,Autre intersection,Normale,Deux véhicules - côté,4,2,2,0,2,3,1,0,1,50,2,2,1,0,0,1,75.0,29.0,voiture,deux_roues,1,2,9,1,3
202200049540,2022-01-06 21:05:00,2022,1,6,21,5,974,97409,LAGOURGUE(CHEMIN),-20.951581,55.655842,Nuit avec éclairage allumé,En agglomération,Autre intersection,Pluie légère,Deux véhicules - côté,2,4,1,0,1,3,2,3,1,50,2,4,2,0,0,2,23.0,45.0,voiture,voiture,5,2,9,2,3
202200049541,2022-01-06 19:45:00,2022,1,6,19,45,974,97409,ROCADE SUD(RUE),-20.968812,55.655557,Nuit sans éclairage public,En agglomération,Intersection en X,Pluie légère,Deux véhicules - côté,3,2,2,0,2,3,2,3,1,50,2,3,1,0,0,2,41.0,20.0,voiture,deux_roues,3,2,2,2,3
202200049542,2022-01-05 19:40:00,2022,1,5,19,40,974,97409,PATELIN (chemin),-20.968873,55.66596,Nuit sans éclairage public,En agglomération,Intersection en T,Normale,Deux véhicules - côté,4,2,2,0,1,4,1,0,1,50,2,2,1,0,0,1,39.0,33.0,voiture,deux_roues,3,2,3,1,3
202200049543,2022-01-06 17:40:00,2022,1,6,17,40,69,69387,Grande Rue de la Guillotière,45.74908,4.85348,Nuit avec éclairage allumé,En agglomération,Intersection en X,Normale,Autre collision,4,1,2,2,1,1,1,0,1,50,1,2,1,0,0,1,48.0,,deux_roues,,5,2,2,1,6
202200049544,2022-01-06 01:05:00,2022,1,6,1,5,69,69388,Rue Marius Berliet,45.74056,4.86384,Nuit avec éclairage allumé,En agglomération,Intersection en X,Normale,Deux véhicules - côté,4,1,1,3,1,1,1,0,1,50,2,2,0,0,1,1,39.0,40.0,voiture,voiture,5,2,2,1,3
202200049545,2022-01-06 20:05:00,2022,1,6,20,5,972,97209,AUTOROUTE (A1),14.6183193307,-61.0358387232,Nuit sans éclairage public,Hors agglomération,Hors intersection,Normale,Deux véhicules - arrière,1,2,8,3,2,1,1,0,1,90,2,2,1,0,1,0,44.0,36.0,utilitaire_camion,deux_roues,3,1,1,1,2
202200049546,2022-01-06 12:40:00,2022,1,6,12,40,972,97209,CHEVALIER SAINTE-MARTHE (BOULEVARD),14.6031271698,-61.0663488507,Plein jour,En agglomération,Autre intersection,Normale,Deux véhicules - côté,4,3,3,0,1,1,1,9,6,30,2,2,1,0,1,0,41.0,22.0,deux_roues,utilitaire_camion,1,2,9,1,3
202200049547,2022-01-06 19:50:00,2022,1,6,19,50,69,69382,Rue Smith,45.74322,4.82282,Nuit avec éclairage allumé,En agglomération,Intersection en X,Normale,Deux véhicules - côté,4,2,2,0,1,1,1,0,1,50,2,2,1,0,0,1,40.0,31.0,voiture,voiture,5,2,2,1,3
202200049548,2022-01-06 09:15:00,2022,1,6,9,15,69,69382,Rue Grenette,45.76345,4.83576,Plein jour,En agglomération,Hors intersection,Normale,Deux véhicules - côté,4,1,2,2,1,1,1,0,1,30,2,2,1,0,0,1,33.0,50.0,deux_roues,voiture,1,2,1,1,3
202200049549,2022-01-06 14:43:00,2022,1,6,14,43,971,97120,ZONE INDUSTRIELLE DE BERGEVIN,16.24714,-61.53835,Plein jour,En agglomération,Hors intersection,Normale,Autre collision,3,1,2,0,1,1,1,0,1,50,1,1,0,0,0,1,72.0,,voiture,,1,2,1,1,6
202200049550,2022-11-28 15:30:00,2022,11,28,15,30,17,17415,DOUMER 2 A 143 /ROC.OUEST COURS PAUL,45.746001,-0.669463,Plein jour,En agglomération,Intersection en T,Pluie forte,Deux véhicules - côté,3,2,2,0,1,1,2,0,1,50,2,2,1,0,0,1,27.0,81.0,voiture,voiture,1,2,3,3,3
202200049551,2022-11-29 18:10:00,2022,11,29,18,10,15,15014,PRADES (AVENUE DES),44.916553,2.43675,Nuit avec éclairage allumé,En agglomération,Intersection en X,Pluie légère,Deux véhicules - côté,4,2,2,0,2,1,2,0,1,50,2,2,1,0,0,1,86.0,16.0,voiture,deux_roues,5,2,2,2,3
202200049552,2022-07-07 13:00:00,2022,7,7,13,0,75,75119,PORTE DE PANTIN,48.884855,2.39806,Plein jour,En agglomération,Hors intersection,Normale,Deux véhicules - côté,4,1,4,0,1,2,1,0,1,70,2,2,1,0,0,1,45.0,35.0,voiture,deux_roues,1,2,1,1,3
202200049553,2022-11-29 15:20:00,2022,11,29,15,20,13,13205,SAINT PIERRE (RUE),43.29239,5.39679,Plein jour,En agglomération,Hors intersection,Normale,Deux véhicules - arrière,4,1,2,0,1,1,1,0,1,50,2,2,1,0,0,1,72.0,51.0,deux_roues,deux_roues,1,2,1,1,2
202200049554,2022-07-06 19:00:00,2022,7,6,19,0,75,75113,QUAI D IVRY,48.825237,2.385529,Plein jour,En agglomération,Hors intersection,Normale,Deux véhicules - arrière,4,1,4,0,1,1,1,0,1,70,2,2,1,0,0,1,27.0,28.0,voiture,deux_roues,1,2,1,1,2
202200049555,2022-07-06 00:45:00,2022,7,6,0,45,75,75114,ECHANGEUR ORLEANS,48.82083,2.321721,Nuit avec éclairage allumé,En agglomération,Intersection en Y,Normale,Deux véhicules - côté,4,1,2,0,1,1,1,0,1,70,2,3,2,0,0,1,44.0,36.0,voiture,utilitaire_camion,5,2,4,1,3
202200049556,2022-11-29 08:00:00,2022,11,29,8,0,13,13210,ROMAIN ROLLAND (BOULEVARD),43.27695,5.41915,Plein jour,En agglomération,Hors intersection,Normale,Deux véhicules - côté,4,2,4,0,1,1,1,0,1,50,2,2,1,0,0,1,47.0,47.0,transport_commun,utilitaire_camion,1,2,1,1,3
202200049557,2022-11-29 07:30:00,2022,11,29,7,30,13,13212,COMTESSE (BOULEVARD DE LA),43.3191293387,5.447248454,Crépuscule ou aube,En agglomération,Hors intersection,Pluie légère,Autre collision,4,2,2,0,1,1,2,0,1,50,1,1,0,0,1,0,58.0,,deux_roues,,2,2,1,2,6
202200049558,2022-07-05 14:55:00,2022,7,5,14,55,75,75118,PORTE DE CLIGNANCOURT,48.900868,2.342645,Plein jour,En agglomération,Hors intersection,Normale,Deux véhicules - arrière,4,1,4,0,1,1,1,0,1,70,2,2,1,0,0,1,32.0,71.0,deux_roues,voiture,1,2,1,1,2
202200049559,2022-07-05 11:30:00,2022,7,5,11,30,75,75115,PORTE DE SEVRES,48.835303,2.272151,Plein jour,En agglomération,Intersection en Y,Normale,Deux véhicules - arrière,4,1,4,0,1,1,1,0,1,70,2,2,1,0,0,1,43.0,51.0,voiture,deux_roues,1,2,4,1,2
202200049560,2022-11-28 08:30:00,2022,11,28,8,30,13,13212,COMTESSE (BOULEVARD DE LA),43.3130855623,5.4474476956,Crépuscule ou aube,En agglomération,Intersection en Y,Pluie légère,Deux véhicules - côté,4,2,2,0,1,1,2,0,1,50,2,3,1,0,0,2,45.0,66.0,voiture,deux_roues,2,2,4,2,3
202200049561,2022-07-06 11:00:00,2022,7,6,11,0,75,75116,ROUTE DES TRIBUNES,48.854646,2.228866,Plein jour,En agglomération,Hors intersection,Normale,Sans collision,4,1,2,2,1,1,1,0,1,30,1,1,0,0,1,0,60.0,,deux_roues,,1,2,1,1,7
202200049562,2022-07-05 18:15:00,2022,7,5,18,15,75,75114,RUE D ALESIA,48.829548,2.321986,Plein jour,En agglomération,Hors intersection,Normale,Autre collision,4,2,2,3,1,1,1,0,1,30,1,2,0,0,1,1,23.0,,deux_roues,,1,2,1,1,6
202200049563,2022-11-29 08:00:00,2022,11,29,8,0,13,13005,DELFIEU (AVENUE LOULOU),43.29263,5.56644,Plein jour,En agglomération,Hors intersection,Normale,Deux véhicules - côté,4,2,2,0,1,1,1,0,1,50,2,2,1,0,0,1,46.0,16.0,voiture,deux_roues,1,2,1,1,3
202200049564,2022-07-08 15:20:00,2022,7,8,15,20,75,75105,RUE DES ECOLES,48.849929,2.343656,Plein jour,En agglomération,Intersection en X,Normale,Autre collision,4,2,1,0,1,1,1,0,1,30,1,2,1,0,0,1,38.0,,voiture,,1,2,2,1,6
202200049565,2022-11-29 16:00:00,2022,11,29,16,0,13,13001,GAMBETTA (COURS),43.51848,5.46343,Plein jour,En agglomération,Hors intersection,Normale,Autre collision,4,2,2,1,2,1,1,0,1,50,1,3,2,0,0,1,21.0,,utilitaire_camion,,1,2,1,1,6
202200049566,2022-07-08 12:34:00,2022,7,8,12,34,75,75105,RUE DES FOSSES SAINT MARCEL,48.839608,2.356308,Plein jour,En agglomération,Intersection en X,Normale,Deux véhicules - côté,4,1,1,0,1,1,1,0,1,30,2,2,1,0,0,1,44.0,53.0,voiture,deux_roues,1,2,2,1,3
202200049567,2022-11-29 01:37:00,2022,11,29,1,37,11,11069,55 Boulevard Jules Guesde,43.2082960457,2.3284471035,Nuit avec éclairage allumé,En agglomération,Hors intersection,Normale,Autre collision,4,2,2,0,1,1,2,0,3,50,1,3,0,1,2,0,22.0,,voiture,,5,2,1,1,6
202200049568,2022-11-28 13:20:00,2022,11,28,13,20,10,10333,,48.2692,4.05113,Plein jour,Hors agglomération,Hors intersection,Temps couvert,Sans collision,3,3,1,0,4,3,2,0,1,90,1,1,0,0,0,1,36.0,,voiture,,1,1,1,8,7
202200049569,2022-07-06 07:50:00,2022,7,6,7,50,75,75113,BOULEVARD SAINT MARCEL,48.83835,2.357111,Plein jour,En agglomération,Intersection en X,Normale,Deux véhicules - côté,4,3,4,3,1,1,1,0,6,30,2,2,0,0,0,2,36.0,25.0,deux_roues,deux_roues,1,2,2,1,3
202200049570,2022-11-28 06:39:00,2022,11,28,6,39,10,10333,ROBERT GALLEY (RUE),48.28966,4.06711,Nuit avec éclairage allumé,En agglomération,Giratoire,Normale,Deux véhicules - côté,3,1,2,1,1,3,2,5,1,50,2,2,1,0,0,1,42.0,56.0,voiture,deux_roues,5,2,6,1,3
202200049571,2022-07-10 18:10:00,2022,7,10,18,10,75,75119,RUE DE BELLEVILLE,48.87554,2.399213,Plein jour,En agglomération,Intersection en Y,Normale,Deux véhicules - côté,4,-1,2,0,2,1,1,0,1,50,2,2,1,0,0,1,34.0,26.0,deux_roues,voiture,1,2,4,1,3
202200049572,2022-11-26 10:55:00,2022,11,26,10,55,06,06069,TETE DE LION (CHEMIN DE LA),43.6359,6.91677,Plein jour,En agglomération,Hors intersection,Normale,Deux véhicules - frontale,4,2,2,0,4,4,1,0,1,30,2,2,1,0,0,1,41.0,22.0,voiture,deux_roues,1,2,1,1,1
202200049573,2022-07-10 07:07:00,2022,7,10,7,7,75,75119,BOULEVARD MACDONALD,48.898762,2.37372,Plein jour,En agglomération,Hors intersection,Normale,Deux véhicules - côté,4,2,4,0,1,1,1,0,1,50,2,3,1,0,2,0,28.0,20.0,deux_roues,voiture,1,2,1,1,3
202200049574,2022-11-29 08:00:00,2022,11,29,8,0,06,06069,CHASSEURS ALPINS (ROND-POINT),43.65037,6.92221,Crépuscule ou aube,En agglomération,Giratoire,Pluie légère,Sans collision,4,1,2,0,2,2,2,0,1,30,1,1,0,0,0,1,17.0,,deux_roues,,2,2,6,2,7
202200049575,2022-07-07 06:30:00,2022,7,7,6,30,75,75119,AVENUE JEAN JAURES,48.883097,2.371482,Crépuscule ou aube,En agglomération,Intersection en T,Normale,Autre collision,4,-1,5,0,1,1,1,0,1,50,1,2,1,0,0,1,48.0,,deux_roues,,2,2,3,1,6
202200049576,2022-11-29 10:05:00,2022,11,29,10,5,94,94081,ANATOLE FRANCE (AV),48.80147,2.4024,Plein jour,En agglomération,Intersection en X,Temps couvert,Autre collision,3,2,2,0,1,1,1,0,1,50,1,2,1,0,0,1,33.0,,utilitaire_camion,,1,2,2,8,6
202200049577,2022-09-21 20:19:00,2022,9,21,20,19,44,44109,30 Boulevard Pasteur,47.213106,-1.58244,Crépuscule ou aube,En agglomération,Hors intersection,Normale,Deux véhicules - frontale,4,2,2,2,2,1,1,0,1,50,2,2,1,0,0,1,21.0,14.0,voiture,deux_roues,2,2,1,1,1
202200049578,2022-09-21 18:00:00,2022,9,21,18,0,44,44109,151bis Route de Saint Joseph,47.241135,-1.535444,Plein jour,En agglomération,Hors intersection,Temps éblouissant,Deux véhicules - côté,4,2,2,2,1,1,1,0,1,50,2,2,1,0,0,1,22.0,53.0,voiture,deux_roues,1,2,1,7,3
202200049579,2022-07-09 19:10:00,2022,7,9,19,10,75,75118,AVENUE DE CLICHY,48.884537,2.32696,Plein jour,En agglomération,Intersection en T,Normale,Deux véhicules - côté,4,2,2,1,1,1,1,-1,5,50,2,3,2,0,0,1,24.0,34.0,deux_roues,deux_roues,1,2,3,1,3
202200049580,2022-09-21 17:42:00,2022,9,21,17,42,44,44109,11 Boulevard Gaston Doumergue,47.208085,-1.54513,Plein jour,En agglomération,Hors intersection,Normale,Deux véhicules - frontale,4,2,2,1,1,1,1,0,1,30,2,2,1,0,1,0,46.0,48.0,deux_roues,voiture,1,2,1,1,1
202200049581,2022-11-29 18:20:00,2022,11,29,18,20,75,75117,PORTE D ASNIERES,48.8896768504,2.297360301,Nuit avec éclairage non allumé,En agglomération,Hors intersection,Normale,Deux véhicules - arrière,4,1,4,0,1,1,1,1,1,70,2,3,2,0,0,1,32.0,62.0,voiture,voiture,4,2,1,1,2
202200049582,2022-07-06 15:25:00,2022,7,6,15,25,75,75118,BOULEVARD NEY,48.897807,2.334358,Plein jour,En agglomération,Hors intersection,Normale,Deux véhicules - arrière,4,3,6,1,1,1,1,0,1,30,2,2,1,0,0,1,28.0,29.0,deux_roues,voiture,1,2,1,1,2
202200049583,2022-09-21 19:30:00,2022,9,21,19,30,37,37261,MELIES (RUE GEORGES),47.42703,0.70817,Plein jour,En agglomération,Giratoire,Normale,Autre collision,4,2,2,1,1,3,1,5,1,30,1,2,1,0,0,1,66.0,,voiture,,1,2,6,1,6
202200049584,2022-07-10 19:40:00,2022,7,10,19,40,75,75117,BOULEVARD PEREIRE,48.882499,2.293007,Plein jour,En agglomération,Hors intersection,Normale,Sans collision,4,1,1,0,1,1,1,0,1,30,1,1,0,0,0,1,65.0,,deux_roues,,1,2,1,1,7
202200049585,2022-11-28 09:00:00,2022,11,28,9,0,75,75115,PORTE DE SEVRES,48.834256,2.2758694,Plein jour,En agglomération,Hors intersection,Normale,Trois véhicules et plus - en chaîne,4,1,4,0,1,1,1,0,1,70,3,3,1,0,0,2,56.0,37.0,deux_roues,deux_roues,1,2,1,1,4
202200049586,2022-09-21 13:45:00,2022,9,21,13,45,37,37122,BORDEAUX (AVENUE DE),47.3567778244,0.6983157992,Plein jour,En agglomération,Intersection en T,Normale,Deux véhicules - arrière,4,3,4,0,1,1,1,0,1,50,2,2,1,0,0,1,24.0,58.0,voiture,utilitaire_camion,1,2,3,1,2
202200049587,2022-11-27 04:44:00,2022,11,27,4,44,75,75108,BOULEVARD MALESHERBES,48.878391,2.315555,Nuit avec éclairage allumé,En agglomération,Intersection en X,Pluie légère,Autre collision,4,2,2,0,1,1,2,0,1,30,1,2,1,1,0,0,31.0,,voiture,,5,2,2,2,6
202200049588,2022-07-09 02:15:00,2022,7,9,2,15,75,75117,RUE LECHAPELAIS,48.886287,2.326156,Nuit avec éclairage allumé,En agglomération,Intersection en T,Normale,Deux véhicules - côté,4,1,1,0,1,1,1,0,1,30,2,5,4,0,0,1,34.0,49.0,voiture,voiture,5,2,3,1,3
202200049589,2022-09-21 09:30:00,2022,9,21,9,30,35,35238,VERN (DE),48.10184,-1.65993,Plein jour,En agglomération,Intersection en Y,Normale,Deux véhicules - côté,4,2,2,2,4,1,1,0,1,50,2,2,1,0,0,1,40.0,44.0,deux_roues,utilitaire_camion,1,2,4,1,3
202200049590,2022-11-29 17:10:00,2022,11,29,17,10,75,75106,RUE DE RENNES,48.851595,2.331123,Nuit avec éclairage allumé,En agglomération,Intersection en X,Normale,Autre collision,4,2,2,0,1,1,1,0,1,30,1,2,1,0,0,1,25.0,,utilitaire_camion,,5,2,2,1,6
202200049591,2022-09-21 18:20:00,2022,9,21,18,20,33,33075,Boulevard Jacques Chaban-Delmas,44.877139976,-0.5779650807,Plein jour,En agglomération,Hors intersection,Normale,Deux véhicules - arrière,4,-1,2,0,1,1,1,0,1,50,2,2,1,0,0,1,56.0,56.0,deux_roues,voiture,1,2,1,1,2
202200049592,2022-07-09 02:40:00,2022,7,9,2,40,75,75117,RUE JOUFFROY D ABBANS,48.885971,2.309558,Nuit avec éclairage allumé,En agglomération,Intersection en X,Normale,Deux véhicules - côté,4,2,4,0,1,1,1,0,1,30,2,2,1,0,0,1,39.0,34.0,deux_roues,voiture,5,2,2,1,3
202200049593,2022-09-21 12:50:00,2022,9,21,12,50,33,33200,Avenue Pasteur,44.8749,-0.6792,Plein jour,En agglomération,Hors intersection,Normale,Autre collision,4,2,2,0,1,1,1,0,1,30,1,1,0,0,0,1,17.0,,voiture,,1,2,1,1,6
202200049594,2022-11-29 10:15:00,2022,11,29,10,15,75,75120,BOULEVARD DAVOUT,48.853487,2.410533,Plein jour,En agglomération,Intersection en X,Normale,Autre collision,4,3,4,0,1,1,1,0,1,30,1,2,1,0,0,1,52.0,,voiture,,1,2,2,1,6
202200049595,2022-09-21 11:45:00,2022,9,21,11,45,29,29019,rue de Penmarc'h,48.405664,-4.460867,Plein jour,En agglomération,Hors intersection,Normale,Autre collision,4,2,2,0,1,1,1,0,1,30,1,2,1,0,1,0,19.0,,voiture,,1,2,1,1,6
202200049596,2022-07-08 07:15:00,2022,7,8,7,15,75,75117,AVENUE DE LA PORTE D ASNIERES,48.892267,2.301012,Plein jour,En agglomération,Intersection à plus de 4 branches,Normale,Autre collision,4,2,6,0,1,1,1,2,1,30,1,2,1,0,0,1,41.0,,voiture,,1,2,5,1,6
202200049597,2022-09-20 07:35:00,2022,9,20,7,35,29,29019,boulevard de l'Europe,48.4104600762,-4.5135800242,Crépuscule ou aube,En agglomération,Intersection en T,Normale,Deux véhicules - côté,4,1,1,0,1,1,1,5,1,50,2,2,1,0,0,1,43.0,22.0,voiture,voiture,2,2,3,1,3
202200049598,2022-11-29 20:10:00,2022,11,29,20,10,75,75119,RUE ARMAND CARREL,48.882812,2.375659,Nuit avec éclairage allumé,En agglomération,Intersection en X,Normale,Deux véhicules - côté,4,2,3,0,2,1,1,0,1,30,2,2,0,0,0,2,34.0,45.0,deux_roues,deux_roues,5,2,2,1,3
202200049599,2022-11-29 14:30:00,2022,11,29,14,30,75,75117,AVENUE DE CLICHY,48.884938,2.326794,Plein jour,En agglomération,Intersection en T,Normale,Autre collision,4,2,3,0,1,1,1,8,1,30,1,1,0,0,0,1,74.0,,utilitaire_camion,,1,2,3,1,6
202200049600,2022-07-07 10:45:00,2022,7,7,10,45,75,75117,RUE JOUFFROY D ABBANS,48.885971,2.309558,Plein jour,En agglomération,Intersection en X,Normale,Autre collision,4,2,2,0,1,1,1,0,1,30,1,2,1,0,0,1,,,utilitaire_camion,,1,2,2,1,6
202200049601,2022-09-21 08:15:00,2022,9,21,8,15,27,27299,INDUSTRIE (RUE DE L'),49.05662,1.16716,Plein jour,En agglomération,Hors intersection,Temps éblouissant,Deux véhicules - côté,4,2,2,0,1,1,1,0,1,50,2,2,1,0,0,1,75.0,18.0,voiture,deux_roues,1,2,1,7,3
202200049602,2022-11-29 06:30:00,2022,11,29,6,30,75,75117,BOULEVARD BERTHIER,48.8864670281,2.29576841,Crépuscule ou aube,En agglomération,Intersection en X,Normale,Autre collision,4,2,2,0,1,1,1,2,1,30,1,1,0,0,0,1,34.0,,utilitaire_camion,,2,2,2,1,6