accident_id,datetime,annee,mois,jour,heure,minute,departement,commune_insee,adresse,latitude,longitude,luminosite,agglomeration,intersection,meteo,collision,catr,circ,nbv,vosp,prof,plan,surf,infra,situ,vma,nb_vehicules,nb_usagers,nb_indemnes,nb_tues,nb_blesses_hosp,nb_blesses_legers,age_cond_1,age_cond_2,veh_type_cond_1,veh_type_cond_2,lum_code,agg_code,int_code,atm_code,col_code
202200049603,2022-09-21 13:55:00,2022,9,21,13,55,26,26198,ANDRE (Boulevard Charles),44.526198,4.739845,Plein jour,Hors agglomération,Intersection en T,Normale,Deux véhicules - arrière,4,2,2,0,1,1,1,0,1,50,2,2,1,0,1,0,23.0,22.0,voiture,deux_roues,1,1,3,1,2
202200049604,2022-11-29 17:55:00,2022,11,29,17,55,75,75112,BOULEVARD DE BERCY,48.839963,2.382339,Nuit avec éclairage allumé,En agglomération,Intersection en T,Normale,Autre collision,4,2,3,0,1,1,1,1,1,30,1,2,0,0,0,2,86.0,,voiture,,5,2,3,1,6
202200049605,2022-09-21 19:20:00,2022,9,21,19,20,22,22215,COUBERTIN (RUE PIERRE DE),48.4999,-2.76402,Crépuscule ou aube,En agglomération,Hors intersection,Normale,Deux véhicules - côté,4,2,2,0,1,1,1,0,1,50,2,2,1,0,0,1,49.0,56.0,voiture,deux_roues,2,2,1,1,3
202200049606,2022-07-06 10:50:00,2022,7,6,10,50,75,75117,AVENUE DE WAGRAM,48.875856,2.296547,Plein jour,En agglomération,Intersection en Y,Normale,Deux véhicules - côté,4,2,4,0,2,1,1,0,1,30,2,2,1,0,0,1,50.0,25.0,deux_roues,utilitaire_camion,1,2,4,1,3
202200049607,2022-11-29 13:37:00,2022,11,29,13,37,75,75108,RUE VERNET,48.872018,2.298032,Plein jour,En agglomération,Hors intersection,Normale,Autre collision,4,1,1,0,2,1,1,0,1,30,1,2,1,0,0,1,24.0,,deux_roues,,1,2,1,1,6
202200049608,2022-09-20 18:00:00,2022,9,20,18,0,18,18279,,47.213216,2.12914,Plein jour,Hors agglomération,Hors intersection,Normale,Deux véhicules - arrière,3,2,2,0,1,1,1,0,1,70,2,2,1,0,0,1,44.0,52.0,utilitaire_camion,voiture,1,1,1,1,2
202200049609,2022-07-06 07:30:00,2022,7,6,7,30,75,75117,AVENUE DE LA PORTE D ASNIERES,48.891065,2.302535,Plein jour,En agglomération,Intersection en X,Normale,Deux véhicules - côté,4,2,6,0,1,1,1,0,6,30,2,2,1,0,0,1,46.0,37.0,deux_roues,deux_roues,1,2,2,1,3
202200049610,2022-09-21 19:20:00,2022,9,21,19,20,17,17415,GEMOZAC AVENUE DE,45.719811,-0.644395,Plein jour,Hors agglomération,Giratoire,Normale,Deux véhicules - arrière,3,2,2,0,1,1,1,0,1,50,2,2,1,0,0,1,37.0,31.0,deux_roues,voiture,1,1,6,1,2
202200049611,2022-11-29 09:15:00,2022,11,29,9,15,75,75116,BOULEVARD SUCHET,48.8508841726,2.2604960203,Plein jour,En agglomération,Intersection en T,Normale,Deux véhicules - arrière,4,3,4,0,1,1,1,0,1,30,2,2,1,0,0,1,29.0,49.0,deux_roues,voiture,1,2,3,1,2
202200049612,2022-07-10 19:50:00,2022,7,10,19,50,75,75116,AVENUE DE LA GRANDE ARMEE,48.874029,2.294243,Crépuscule ou aube,En agglomération,Place,Normale,Deux véhicules - côté,4,1,1,0,1,2,1,0,1,50,2,2,1,0,1,0,27.0,29.0,deux_roues,voiture,2,2,7,1,3
202200049613,2022-09-21 19:00:00,2022,9,21,19,0,13,13209,MICHELET (BOULEVARD),43.2612912589,5.3976585588,Crépuscule ou aube,En agglomération,Hors intersection,Normale,Trois véhicules et plus - en chaîne,4,-1,2,0,1,1,1,0,1,50,3,3,0,0,0,3,37.0,40.0,voiture,voiture,2,2,1,1,4
202200049614,2022-11-29 08:50:00,2022,11,29,8,50,94,94016,CARNOT (AV),48.7985523901,2.3271022389,Plein jour,En agglomération,Hors intersection,Normale,Autre collision,3,2,2,1,1,1,1,0,3,50,2,3,2,0,0,1,24.0,30.0,utilitaire_camion,deux_roues,1,2,1,1,6
202200049615,2022-07-07 23:40:00,2022,7,7,23,40,75,75116,ALLEE DE LONGCHAMP,48.864907,2.243319,Nuit avec éclairage allumé,En agglomération,Hors intersection,Normale,Deux véhicules - arrière,4,2,4,0,1,1,1,0,1,50,2,2,1,0,0,1,26.0,26.0,voiture,deux_roues,5,2,1,1,2
202200049616,2022-09-21 17:00:00,2022,9,21,17,0,13,13216,ALBERT COHEN (RUE),43.3607,5.33709,Plein jour,En agglomération,Intersection en T,Normale,Deux véhicules - côté,3,2,2,0,1,1,1,0,1,50,2,3,2,0,0,1,53.0,,voiture,deux_roues,1,2,3,1,3
202200049617,2022-11-29 21:05:00,2022,11,29,21,5,94,94018,Quai des Carrieres / Pont de Charenton,48.8178269344,2.4195791781,Nuit avec éclairage allumé,En agglomération,Intersection en X,Normale,Deux véhicules - frontale,3,2,4,0,1,1,1,0,1,50,2,2,1,0,0,1,76.0,45.0,voiture,deux_roues,5,2,2,1,1
202200049618,2022-07-07 17:40:00,2022,7,7,17,40,75,75116,AVENUE KLEBER,48.868987,2.291575,Plein jour,En agglomération,Intersection à plus de 4 branches,Normale,Autre collision,4,1,1,0,1,1,1,0,8,30,1,2,1,0,0,1,38.0,,voiture,,1,2,5,1,6
202200049619,2022-09-21 12:20:00,2022,9,21,12,20,13,13211,VALBARELLE (BOULEVARD DE LA ),43.2885719874,5.4543149471,Plein jour,En agglomération,Hors intersection,Normale,Autre collision,3,-1,2,0,1,1,1,0,1,50,1,2,0,0,1,1,15.0,,deux_roues,,1,2,1,1,6
202200049620,2022-07-07 16:30:00,2022,7,7,16,30,75,75116,ROUTE DE SEVRES A NEUILLY,48.861822,2.23734,Plein jour,En agglomération,Hors intersection,Normale,Deux véhicules - côté,4,2,2,1,1,1,1,-1,5,30,2,2,1,0,0,1,35.0,52.0,utilitaire_camion,deux_roues,1,2,1,1,3
202200049621,2022-11-29 08:00:00,2022,11,29,8,0,94,94017,75 Avenue de la République,48.8225551802,2.5105013698,Plein jour,En agglomération,Hors intersection,Normale,Autre collision,3,2,2,0,1,1,1,0,1,50,1,2,1,0,0,1,21.0,,voiture,,1,2,1,1,6
202200049622,2022-02-17 13:10:00,2022,2,17,13,10,94,94017,20 Rue Jacques Richard,48.8140378678,2.5158973038,Plein jour,En agglomération,Hors intersection,Normale,Autre collision,4,1,1,0,2,1,1,0,1,30,1,1,0,0,0,1,72.0,,voiture,,1,2,1,1,6
202200049623,2022-09-18 17:20:00,2022,9,18,17,20,13,13209,ROMAIN ROLLAND (BOULEVARD),43.27,5.41,Plein jour,En agglomération,Intersection en T,Normale,Deux véhicules - arrière,4,2,2,0,1,1,1,0,1,50,2,4,0,0,0,4,58.0,34.0,voiture,deux_roues,1,2,3,1,2
202200049624,2022-07-07 09:46:00,2022,7,7,9,46,75,75116,AVENUE PRUDHON,48.8591,2.269203,Plein jour,En agglomération,Hors intersection,Normale,Deux véhicules - côté,4,2,2,0,1,1,1,0,1,30,2,2,1,0,0,1,60.0,32.0,deux_roues,voiture,1,2,1,1,3
202200049625,2022-02-17 17:20:00,2022,2,17,17,20,93,93066,FRANCE ANATOLE (BOULEVARD) NR 2 A 24,48.9196101622,2.3433416312,Plein jour,En agglomération,Hors intersection,Normale,Autre collision,3,2,4,0,1,1,1,0,1,50,1,2,1,0,0,1,,,voiture,,1,2,1,1,6
202200049626,2022-11-28 19:10:00,2022,11,28,19,10,93,93066,Avenue du Président Wilson,48.91474,2.35812,Nuit avec éclairage allumé,En agglomération,Hors intersection,Normale,Deux véhicules - arrière,3,1,2,1,1,1,1,0,1,50,2,2,1,0,0,1,36.0,27.0,deux_roues,utilitaire_camion,5,2,1,1,2
202200049627,2022-09-21 11:15:00,2022,9,21,11,15,13,13063,NORD AVENUE DU,43.59976,5.00667,Plein jour,En agglomération,Hors intersection,Normale,Deux véhicules - côté,6,2,2,0,1,2,1,9,8,10,1,2,1,0,1,0,75.0,,utilitaire_camion,,1,2,1,1,3
202200049628,2022-07-05 20:00:00,2022,7,5,20,0,75,75116,AVENUE DE VERSAILLES,48.851282,2.278413,Plein jour,En agglomération,Place,Normale,Deux véhicules - côté,4,2,4,0,1,1,1,0,1,30,2,2,1,0,0,1,39.0,22.0,utilitaire_camion,deux_roues,1,2,7,1,3
202200049629,2022-02-17 15:21:00,2022,2,17,15,21,93,93031,Rue Claude Debussy / Avenue de la République,48.94738,2.34258,Plein jour,En agglomération,Intersection en X,Normale,Deux véhicules - arrière,3,3,4,1,1,1,1,4,1,50,2,2,1,0,0,1,32.0,60.0,deux_roues,voiture,1,2,2,1,2
202200049630,2022-09-21 09:15:00,2022,9,21,9,15,13,13001,LOQUI (ROUTE DE),43.50784,5.3844,Plein jour,En agglomération,Autre intersection,Normale,Deux véhicules - côté,7,2,2,0,1,1,1,0,1,50,2,2,1,0,1,0,78.0,25.0,deux_roues,autre,1,2,9,1,3
202200049631,2022-11-29 17:40:00,2022,11,29,17,40,93,93077,Rue Bernard Gante / Rue Robert Jumel,48.8898,2.5055,Crépuscule ou aube,En agglomération,Intersection en X,Normale,Deux véhicules - frontale,4,1,1,0,1,1,1,5,1,50,2,3,2,0,0,1,15.0,61.0,deux_roues,voiture,2,2,2,1,1
202200049632,2022-07-05 20:15:00,2022,7,5,20,15,75,75116,ROUTE DES TRIBUNES,48.860444,2.229714,Plein jour,En agglomération,Hors intersection,Normale,Deux véhicules - côté,4,2,1,1,1,3,1,0,1,50,2,2,1,0,0,1,51.0,34.0,voiture,deux_roues,1,2,1,1,3
202200049633,2022-02-17 17:00:00,2022,2,17,17,0,93,93005,CHARLES GOUPPY (RUE),48.9420226871,2.4976927015,Plein jour,En agglomération,Autre intersection,Normale,Deux véhicules - côté,3,2,2,0,1,1,1,9,1,30,2,2,0,0,0,2,20.0,29.0,voiture,deux_roues,1,2,9,1,3
202200049634,2022-09-06 09:10:00,2022,9,6,9,10,11,11262,,43.192957,2.980994,Plein jour,En agglomération,Autre intersection,Normale,Deux véhicules - côté,4,1,2,0,1,2,1,9,1,50,2,2,1,0,0,1,82.0,33.0,deux_roues,utilitaire_camion,1,2,9,1,3
202200049635,2022-11-29 15:45:00,2022,11,29,15,45,93,93053,Rue de la Chasse,48.8799490058,2.4600165346,Plein jour,En agglomération,Hors intersection,Normale,Autre collision,4,1,1,0,2,1,1,8,1,30,1,2,0,0,0,1,,,voiture,,1,2,1,1,6
202200049636,2022-02-17 19:20:00,2022,2,17,19,20,92,92049,VERDIER AVENUE N°25 A 79,48.815846639,2.3156988323,Nuit avec éclairage allumé,En agglomération,Hors intersection,Normale,Sans collision,4,2,2,0,1,1,1,0,1,50,1,1,0,0,0,1,41.0,,deux_roues,,5,2,1,1,7
202200049637,2022-07-09 13:45:00,2022,7,9,13,45,75,75115,RUE DE VAUGIRARD,48.842991,2.312788,Plein jour,En agglomération,Intersection en X,Normale,Deux véhicules - côté,4,1,1,1,1,1,1,-1,5,30,2,2,1,0,0,1,,22.0,voiture,deux_roues,1,2,2,1,3
202200049638,2022-06-09 07:30:00,2022,6,9,7,30,13,13092,Rue Gambetta,43.550068,5.033042,Plein jour,En agglomération,Hors intersection,Temps éblouissant,Deux véhicules - frontale,4,2,2,0,1,1,1,0,1,30,1,2,1,1,0,0,34.0,,voiture,,1,2,1,7,1
202200049639,2022-09-20 10:10:00,2022,9,20,10,10,11,11069,Avenue du Président Franklin Roosevelt ,43.22629,2.33172,Plein jour,En agglomération,Hors intersection,Normale,Autre collision,4,1,2,0,2,3,1,0,1,50,2,2,1,0,0,1,59.0,61.0,voiture,deux_roues,1,2,1,1,6
202200049640,2022-11-29 09:55:00,2022,11,29,9,55,93,93049,Avenue du Maréchal Foch - Place Jean Mermoz,48.860863,2.509458,Plein jour,En agglomération,Hors intersection,Normale,Deux véhicules - arrière,3,2,2,0,1,1,1,0,1,50,2,3,0,0,0,2,,33.0,utilitaire_camion,voiture,1,2,1,1,2
202200049641,2022-02-16 18:35:00,2022,2,16,18,35,92,92025,ROUGET DE L'ISLE (RUE),48.919204,2.249638,Nuit avec éclairage allumé,En agglomération,Intersection en Y,Pluie légère,Autre collision,4,2,2,0,1,1,2,0,1,30,1,2,1,0,0,1,47.0,,voiture,,5,2,4,2,6
202200049642,2022-06-09 11:20:00,2022,6,9,11,20,13,13022,route de la gineste,43.225114,5.532625,Plein jour,Hors agglomération,Hors intersection,Normale,Deux véhicules - frontale,3,2,2,0,2,4,1,0,1,70,2,3,1,0,1,1,61.0,29.0,voiture,deux_roues,1,1,1,1,1
202200049643,2022-11-29 19:15:00,2022,11,29,19,15,93,93048,Avenue Gabriel Péri,48.857082,2.441781,Nuit avec éclairage allumé,En agglomération,Hors intersection,Normale,Deux véhicules - frontale,3,2,2,0,1,1,1,0,1,50,2,3,1,0,0,2,52.0,50.0,deux_roues,voiture,5,2,1,1,1
202200049644,2022-02-16 06:20:00,2022,2,16,6,20,92,92025,PRESIDENT SALVADOR ALLENDE (RUE DU),48.9221826874,2.2354917973,Nuit avec éclairage allumé,En agglomération,Autre intersection,Pluie légère,Deux véhicules - côté,4,1,2,0,1,1,2,0,1,50,2,2,1,0,1,0,18.0,39.0,voiture,utilitaire_camion,5,2,9,2,3
202200049645,2022-07-08 20:30:00,2022,7,8,20,30,75,75115,AVENUE EMILE ZOLA,48.846701,2.28889,Plein jour,En agglomération,Intersection en X,Normale,Deux véhicules - côté,4,3,1,0,1,1,1,0,1,30,2,3,2,0,1,0,28.0,58.0,voiture,deux_roues,1,2,2,1,3
202200049646,2022-09-21 08:47:00,2022,9,21,8,47,06,06104,FOCH (AVENUE MARECHAL),43.76446,7.48182,Plein jour,En agglomération,Autre intersection,Normale,Deux véhicules - arrière,4,1,1,0,1,1,1,5,1,50,2,3,2,0,0,1,57.0,39.0,voiture,deux_roues,1,2,9,1,2
202200049647,2022-06-10 18:30:00,2022,6,10,18,30,13,13062,D8,43.416877,5.51736,Plein jour,Hors agglomération,Intersection en X,Normale,Deux véhicules - côté,3,2,2,0,1,1,1,0,1,50,2,2,1,0,1,0,52.0,76.0,deux_roues,voiture,1,1,2,1,3
202200049648,2022-02-14 19:00:00,2022,2,14,19,0,22,22172,La Petite Motte,48.499104,-2.228229,Nuit sans éclairage public,Hors agglomération,Hors intersection,Pluie légère,Deux véhicules - frontale,3,2,2,0,2,1,2,0,1,80,2,3,2,0,0,1,24.0,64.0,voiture,voiture,3,1,1,2,1
202200049649,2022-11-29 09:40:00,2022,11,29,9,40,93,93048,Rue de Stalingrad,48.85562,2.44614,Plein jour,En agglomération,Hors intersection,Normale,Deux véhicules - côté,3,2,2,0,1,1,1,0,1,30,2,2,1,0,0,1,60.0,28.0,deux_roues,voiture,1,2,1,1,3
202200049650,2022-05-27 17:25:00,2022,5,27,17,25,57,57433,75 Grand Rue,49.212877,6.15949,Plein jour,En agglomération,Hors intersection,Normale,Autre collision,3,2,2,0,1,1,1,0,1,30,1,2,1,0,0,1,84.0,,voiture,,1,2,1,1,6
202200049651,2022-07-06 14:00:00,2022,7,6,14,0,75,75115,RUE VASCO DE GAMA,48.837899,2.281781,Plein jour,En agglomération,Intersection en X,Normale,Deux véhicules - arrière,4,1,2,3,1,1,1,0,1,30,2,2,1,0,0,1,66.0,26.0,voiture,voiture,1,2,2,1,2
202200049652,2022-09-20 20:56:00,2022,9,20,20,56,06,06027,ST LAURENT CHEMIN DE,43.66468,7.17202,Nuit avec éclairage allumé,En agglomération,Intersection en T,Normale,Deux véhicules - côté,4,2,3,0,2,1,1,5,1,50,2,2,1,0,0,1,45.0,26.0,voiture,deux_roues,5,2,3,1,3
202200049653,2022-06-10 15:20:00,2022,6,10,15,20,03,03165,24 Place de l Eglise,46.072855,3.668337,Plein jour,En agglomération,Hors intersection,Normale,Deux véhicules - frontale,3,2,2,0,2,1,1,0,1,30,2,2,1,0,0,1,49.0,55.0,voiture,deux_roues,1,2,1,1,1
202200049654,2022-02-17 18:30:00,2022,2,17,18,30,972,97232,Grand Case,14.571544,-60.864338,Nuit avec éclairage allumé,Hors agglomération,Hors intersection,Normale,Deux véhicules - arrière,4,2,2,0,1,1,1,0,1,80,2,2,1,0,0,1,70.0,51.0,voiture,deux_roues,5,1,1,1,2
202200049655,2022-11-29 08:55:00,2022,11,29,8,55,93,93008,Place Saint Just / Avenue Edouard Vaillant,48.9058457408,2.4699337107,Plein jour,En agglomération,Place,Brouillard / fumée,Autre collision,3,1,2,0,1,1,1,0,1,-1,1,2,1,0,0,1,37.0,,voiture,,1,2,7,5,6
202200049656,2022-06-01 14:30:00,2022,6,1,14,30,03,03286,D12,46.539278,3.42259,Plein jour,Hors agglomération,Hors intersection,Temps éblouissant,Sans collision,3,2,2,0,1,1,1,0,3,90,1,1,0,0,1,0,52.0,,voiture,,1,1,1,7,7
202200049657,2022-07-06 08:55:00,2022,7,6,8,55,75,75115,BOULEVARD GENERAL MARTIAL VALIN,48.837061,2.274451,Plein jour,En agglomération,Intersection en X,Normale,Deux véhicules - côté,4,3,2,0,1,1,1,0,1,30,2,2,1,0,0,1,55.0,52.0,voiture,voiture,1,2,2,1,3
202200049658,2022-02-14 12:05:00,2022,2,14,12,5,29,29183,N12,48.5704927999,-3.6132516837,Plein jour,Hors agglomération,Hors intersection,Pluie forte,Autre collision,2,3,4,0,1,1,2,0,2,110,1,1,0,0,1,0,27.0,,voiture,,1,1,1,3,6
202200049659,2022-09-20 16:53:00,2022,9,20,16,53,06,06004,CISTES RUE ET CARREFOUR DES,43.608168,7.074751,Plein jour,Hors agglomération,Intersection en T,Normale,Deux véhicules - côté,4,2,2,3,4,1,1,5,1,50,2,2,1,0,1,0,27.0,15.0,utilitaire_camion,deux_roues,1,1,3,1,3
202200049660,2022-11-29 00:25:00,2022,11,29,0,25,92,92046,GABRIEL PERI,48.81921,2.30146,Nuit avec éclairage allumé,En agglomération,Hors intersection,Normale,Autre collision,3,-1,0,0,1,1,1,0,4,50,1,1,0,0,0,1,22.0,,deux_roues,,5,2,1,1,6
202200049661,2022-09-20 12:00:00,2022,9,20,12,0,06,06004,ALPES AV.DES,43.58448,7.10754,Plein jour,En agglomération,Hors intersection,Normale,Sans collision,4,2,2,0,1,3,1,0,1,50,1,1,0,0,1,0,20.0,,deux_roues,,1,2,1,1,7
202200049662,2022-06-09 20:55:00,2022,6,9,20,55,74,74018,Route de Bonneville,46.082842,6.365609,Crépuscule ou aube,En agglomération,Intersection en T,Normale,Deux véhicules - côté,3,2,2,0,1,1,1,0,1,50,2,3,2,0,0,1,19.0,19.0,voiture,voiture,2,2,3,1,3
202200049663,2022-07-06 01:00:00,2022,7,6,1,0,75,75114,RUE DE L OUEST,48.836757,2.32074,Nuit avec éclairage allumé,En agglomération,Intersection en X,Normale,Deux véhicules - côté,4,1,1,0,1,1,1,0,1,30,2,3,2,0,0,1,57.0,25.0,voiture,deux_roues,5,2,2,1,3
202200049664,2022-11-29 13:29:00,2022,11,29,13,29,92,92063,HUGO (AVENUE VICTOR),48.88428,2.17837,Plein jour,En agglomération,Intersection en X,Normale,Autre collision,3,2,3,0,1,1,1,0,8,50,1,2,1,0,0,1,47.0,,voiture,,1,2,2,1,6
202200049665,2022-02-17 15:30:00,2022,2,17,15,30,85,85215,RD 11,46.848012,-1.17507,Plein jour,En agglomération,Intersection en T,Normale,Deux véhicules - côté,3,2,2,0,1,1,1,0,1,50,2,4,3,0,1,0,24.0,83.0,voiture,voiture,1,2,3,1,3
202200049666,2022-06-09 16:25:00,2022,6,9,16,25,38,38230,route departementale 522 la combe de Meyrie,45.554479,5.273523,Plein jour,Hors agglomération,Hors intersection,Normale,Autre collision,3,2,2,0,1,2,1,0,3,70,1,1,0,0,1,0,75.0,,voiture,,1,1,1,1,6
202200049667,2022-08-12 23:16:00,2022,8,12,23,16,972,97213,ROUTE DEPARTEMENTALE 15,14.62522968,-61.00725995,Nuit avec éclairage allumé,Hors agglomération,Hors intersection,Normale,Trois véhicules et plus - en chaîne,3,2,2,0,2,1,1,0,1,90,3,3,1,0,0,2,35.0,42.0,deux_roues,voiture,5,1,1,1,4
202200049668,2022-09-21 13:50:00,2022,9,21,13,50,01,01289,SAINT ANDRE SUR VIEUX JONC (ALLEE DE),46.16973,5.19084,Plein jour,Hors agglomération,Intersection en X,Normale,Deux véhicules - côté,3,4,7,0,2,1,1,0,1,80,2,2,1,0,1,0,30.0,36.0,deux_roues,voiture,1,1,2,1,3
202200049669,2022-11-28 20:50:00,2022,11,28,20,50,92,92063,MARGUERITES (RUE DES),48.86877,2.20745,Nuit avec éclairage allumé,En agglomération,Hors intersection,Normale,Autre collision,4,2,1,0,1,1,1,0,1,50,1,2,1,0,0,1,67.0,,deux_roues,,5,2,1,1,6
202200049670,2022-07-09 13:50:00,2022,7,9,13,50,75,75113,RUE DAMESME,48.822946,2.355428,Plein jour,En agglomération,Intersection en X,Normale,Autre collision,4,1,1,0,1,1,1,0,1,30,1,1,0,0,1,0,56.0,,voiture,,1,2,2,1,6
202200049671,2022-02-18 06:30:00,2022,2,18,6,30,44,44103,N171,47.33005,-2.12484,Nuit sans éclairage public,Hors agglomération,Hors intersection,Pluie légère,Autre collision,2,1,4,0,1,1,2,0,3,90,1,1,0,0,1,0,30.0,,voiture,,3,1,1,2,6
202200049672,2022-08-13 09:45:00,2022,8,13,9,45,972,97209,BEAUSEJOUR JAMBETTE (ROUTE),14.64362,-61.0438,Plein jour,Hors agglomération,Hors intersection,Normale,Autre collision,3,2,2,0,1,2,1,0,1,50,1,1,0,0,1,0,60.0,,voiture,,1,1,1,1,6
202200049673,2022-06-10 15:25:00,2022,6,10,15,25,26,26377,D94,44.32056,5.0659,Plein jour,Hors agglomération,Hors intersection,Normale,Autre collision,3,2,2,0,3,3,1,0,8,80,1,1,0,0,1,0,54.0,,voiture,,1,1,1,1,6
202200049674,2022-02-17 15:46:00,2022,2,17,15,46,66,66021,rond point des moissons,42.726555,2.946632,Plein jour,En agglomération,Giratoire,Normale,Deux véhicules - arrière,3,1,1,0,1,2,1,0,1,50,2,2,1,0,1,0,21.0,63.0,deux_roues,voiture,1,2,6,1,2
202200049675,2022-07-09 03:00:00,2022,7,9,3,0,75,75113,BOULEVARD DE L HOPITAL,48.835701,2.358649,Nuit avec éclairage allumé,En agglomération,Intersection en T,Normale,Autre collision,4,2,0,0,2,1,1,0,1,30,1,1,0,0,0,1,39.0,,voiture,,5,2,3,1,6
202200049676,2022-11-29 21:36:00,2022,11,29,21,36,92,92049,VERDIER AVENUE N°25 A 79,48.81618,2.30605,Nuit avec éclairage allumé,En agglomération,Intersection en X,Normale,Autre collision,3,2,2,1,1,1,1,0,8,50,1,2,1,0,0,1,22.0,,utilitaire_camion,,5,2,2,1,6
202200049677,2022-09-21 07:25:00,2022,9,21,7,25,75,75120,RUE DES PYRENEES,48.87275,2.390831,Crépuscule ou aube,En agglomération,Hors intersection,Normale,Trois véhicules et plus - collisions multiples,4,2,2,3,3,2,1,0,1,30,3,3,2,0,0,1,26.0,30.0,voiture,deux_roues,2,2,1,1,5
202200049678,2022-08-13 21:50:00,2022,8,13,21,50,2B,2B033,SAMPIERO CORSO - AV,42.67297,9.44428,Nuit avec éclairage allumé,Hors agglomération,Hors intersection,Normale,Deux véhicules - arrière,2,3,0,0,1,1,1,0,1,50,2,3,1,0,0,2,31.0,75.0,deux_roues,voiture,5,1,1,1,2
202200049679,2022-06-09 07:30:00,2022,6,9,7,30,26,26197,Avenue de Provence,44.939172,5.027812,Plein jour,En agglomération,Intersection en T,Normale,Deux véhicules - côté,3,2,2,0,2,1,1,0,1,50,2,2,1,0,0,1,55.0,29.0,voiture,voiture,1,2,3,1,3
202200049680,2022-07-08 03:30:00,2022,7,8,3,30,75,75113,PORTE D ITALIE,48.816423,2.360155,Nuit avec éclairage allumé,En agglomération,Intersection en Y,Normale,Autre collision,4,2,2,3,1,3,1,0,1,30,1,1,0,0,0,1,36.0,,deux_roues,,5,2,4,1,6
202200049681,2022-11-29 18:30:00,2022,11,29,18,30,92,92048,STALINGRAD (PLACE),48.81478,2.23424,Nuit avec éclairage allumé,En agglomération,Place,Normale,Deux véhicules - côté,3,2,2,1,1,1,1,0,1,30,2,2,1,0,1,0,47.0,45.0,voiture,deux_roues,5,2,7,1,3
202200049682,2022-02-17 16:45:00,2022,2,17,16,45,04,04205,RD 207 (Place d'armes),44.352716,6.357157,Plein jour,En agglomération,Hors intersection,Normale,Autre collision,3,2,2,0,2,2,1,0,1,50,1,4,3,0,1,0,33.0,,utilitaire_camion,,1,2,1,1,6
202200049683,2022-08-13 19:10:00,2022,8,13,19,10,91,91100,RUE DE LA LONGUERAIE,48.4312,2.2624,Plein jour,En agglomération,Hors intersection,Normale,Deux véhicules - côté,3,2,0,0,1,1,1,0,1,50,2,3,1,0,0,2,45.0,38.0,voiture,voiture,1,2,1,1,3
202200049684,2022-06-09 11:30:00,2022,6,9,11,30,32,32331,rn21,43.7318887947,0.6226452042,Plein jour,Hors agglomération,Hors intersection,Normale,Autre collision,2,2,2,0,1,1,1,0,3,80,1,3,0,0,1,2,27.0,,voiture,,1,1,1,1,6
202200049685,2022-09-21 19:35:00,2022,9,21,19,35,75,75119,QUAI DE LA GIRONDE,48.897791,2.382361,Crépuscule ou aube,En agglomération,Hors intersection,Normale,Deux véhicules - frontale,4,-1,0,3,1,1,1,6,6,25,2,3,1,0,0,2,42.0,19.0,deux_roues,deux_roues,2,2,1,1,1
202200049686,2022-11-29 08:25:00,2022,11,29,8,25,92,92032,JAURES JEAN (RUE),48.791019,2.285927,Plein jour,En agglomération,Hors intersection,Normale,Autre collision,3,1,2,1,1,1,1,5,1,30,1,2,1,0,0,1,51.0,,voiture,,1,2,1,1,6
202200049687,2022-02-18 20:30:00,2022,2,18,20,30,95,95026,RD 922,49.1383344885,2.3562079668,Nuit sans éclairage public,Hors agglomération,Giratoire,Normale,Autre collision,3,2,2,0,1,1,1,0,1,70,1,1,0,0,1,0,33.0,,voiture,,3,1,6,1,6
202200049688,2022-07-07 14:40:00,2022,7,7,14,40,75,75113,AVENUE D IVRY,48.823317,2.365681,Plein jour,En agglomération,Intersection en T,Normale,Autre collision,4,2,4,1,1,1,1,-1,5,30,1,2,1,0,0,1,24.0,,deux_roues,,1,2,3,1,6
202200049689,2022-08-13 08:55:00,2022,8,13,8,55,91,91191,Jean Jaures (Avenue),48.71477,2.46042,Plein jour,En agglomération,Hors intersection,Normale,Autre collision,3,2,2,0,1,1,1,0,1,30,1,3,2,0,0,1,18.0,,voiture,,1,2,1,1,6
202200049690,2022-06-09 19:30:00,2022,6,9,19,30,60,60133,Rue de Beauvais,49.515012,2.365193,Plein jour,Hors agglomération,Hors intersection,Normale,Deux véhicules - côté,3,2,2,0,1,1,1,0,1,80,2,3,1,0,0,2,24.0,21.0,voiture,voiture,1,1,1,1,3
202200049691,2022-07-06 14:50:00,2022,7,6,14,50,75,75113,AVENUE D ITALIE,48.828981,2.356396,Plein jour,En agglomération,Hors intersection,Normale,Sans collision,4,1,4,1,1,1,1,0,5,30,1,1,0,0,0,1,59.0,,deux_roues,,1,2,1,1,7
202200049692,2022-09-21 12:00:00,2022,9,21,12,0,75,75119,AVENUE CORENTIN CARIOU,48.895131,2.382754,Plein jour,En agglomération,Intersection en T,Normale,Deux véhicules - côté,4,2,2,0,1,1,1,0,1,30,2,2,1,0,0,1,25.0,,deux_roues,utilitaire_camion,1,2,3,1,3
202200049693,2022-11-07 16:45:00,2022,11,7,16,45,92,92012,QUATRE SEPTEMBRE (QUAI DU),48.8528113871,2.2264695168,Crépuscule ou aube,En agglomération,Intersection en T,Normale,Deux véhicules - côté,3,2,4,0,1,1,1,0,1,50,2,2,1,0,0,1,53.0,66.0,voiture,voiture,2,2,3,1,3
202200049694,2022-08-13 19:09:00,2022,8,13,19,9,83,83062,GANCE (AVENUE ABEL),43.11909,5.99489,Plein jour,Hors agglomération,Intersection en T,Normale,Autre collision,3,-1,3,0,1,1,1,0,1,50,1,3,2,0,1,0,78.0,,voiture,,1,1,3,1,6