accident_id,datetime,annee,mois,jour,heure,minute,departement,commune_insee,adresse,latitude,longitude,luminosite,agglomeration,intersection,meteo,collision,catr,circ,nbv,vosp,prof,plan,surf,infra,situ,vma,nb_vehicules,nb_usagers,nb_indemnes,nb_tues,nb_blesses_hosp,nb_blesses_legers,age_cond_1,age_cond_2,veh_type_cond_1,veh_type_cond_2,lum_code,agg_code,int_code,atm_code,col_code
202200049695,2022-07-05 23:35:00,2022,7,5,23,35,75,75113,AVENUE DE FRANCE,48.832877,2.374379,Nuit avec éclairage allumé,En agglomération,Hors intersection,Normale,Autre collision,4,2,2,1,1,1,1,-1,5,25,1,1,0,0,0,1,23.0,,deux_roues,,5,2,1,1,6
202200049696,2022-02-18 00:21:00,2022,2,18,0,21,74,74236,Route de Megève,45.893835,6.692809,Nuit sans éclairage public,Hors agglomération,Hors intersection,Normale,Autre collision,3,2,2,0,2,4,7,0,3,80,1,2,1,0,1,0,31.0,,voiture,,3,1,1,1,6
202200049697,2022-11-28 21:20:00,2022,11,28,21,20,92,92004,ARGENTEUIL AV D',48.9159091258,2.282500863,Nuit avec éclairage allumé,En agglomération,Hors intersection,Normale,Deux véhicules - côté,3,2,2,0,1,1,1,0,1,50,2,2,1,0,0,1,35.0,55.0,voiture,deux_roues,5,2,1,1,3
202200049698,2022-06-09 16:10:00,2022,6,9,16,10,13,13211,A50 sens Marseille-Aubagne,43.2863175679,5.5087664723,Plein jour,En agglomération,Hors intersection,Normale,Trois véhicules et plus - en chaîne,1,1,4,0,1,1,1,1,1,70,3,3,2,0,0,1,29.0,24.0,voiture,voiture,1,2,1,1,4
202200049699,2022-09-21 13:30:00,2022,9,21,13,30,75,75118,RUE ORDENER,48.89089,2.353205,Plein jour,En agglomération,Intersection en Y,Normale,Autre collision,4,2,2,0,1,1,1,0,1,30,1,2,1,0,0,1,47.0,,voiture,,1,2,4,1,6
202200049700,2022-08-13 10:30:00,2022,8,13,10,30,83,83137,GANTELME (AVE CHARLES),43.1416682445,5.8922671974,Plein jour,En agglomération,Hors intersection,Normale,Autre collision,4,2,1,0,2,1,1,0,1,50,1,2,1,0,0,1,66.0,,voiture,,1,2,1,1,6
202200049701,2022-02-17 13:15:00,2022,2,17,13,15,11,11206,Route de Carcassonne,43.054919,2.212999,Plein jour,En agglomération,Hors intersection,Normale,Autre collision,3,2,2,0,1,1,1,0,1,50,1,2,1,0,1,0,50.0,,voiture,,1,2,1,1,6
202200049702,2022-11-27 20:35:00,2022,11,27,20,35,92,92004,ARGENTEUIL AV D',48.91012,2.28604,Nuit avec éclairage allumé,Hors agglomération,Hors intersection,Normale,Sans collision,3,2,2,0,1,1,1,0,1,50,1,1,0,0,0,1,17.0,,deux_roues,,5,1,1,1,7
202200049703,2022-07-09 19:30:00,2022,7,9,19,30,75,75112,BOULEVARD PONIATOWSKI,48.833343,2.402264,Plein jour,En agglomération,Intersection en X,Normale,Deux véhicules - côté,4,1,2,0,1,1,1,0,1,50,2,3,1,0,0,2,27.0,21.0,deux_roues,voiture,1,2,2,1,3
202200049704,2022-11-27 20:30:00,2022,11,27,20,30,92,92004,COLOMBES (RUE DE 1 A 29),48.9130096479,2.283270657,Nuit avec éclairage allumé,Hors agglomération,Hors intersection,Pluie légère,Sans collision,3,2,2,0,1,1,2,0,1,50,1,1,0,0,0,1,44.0,,deux_roues,,5,1,1,2,7
202200049705,2022-06-09 22:19:00,2022,6,9,22,19,33,33013,ROUTE NATIONALE 230,44.85582,-0.50512,Nuit avec éclairage allumé,Hors agglomération,Hors intersection,Normale,Trois véhicules et plus - en chaîne,2,3,6,0,1,1,1,3,1,90,3,3,2,0,0,1,39.0,65.0,utilitaire_camion,utilitaire_camion,5,1,1,1,4
202200049706,2022-09-21 20:00:00,2022,9,21,20,0,75,75117,RUE DE TOCQUEVILLE,48.886683,2.308627,Crépuscule ou aube,En agglomération,Intersection en T,Normale,Deux véhicules - côté,4,2,2,0,1,1,1,0,1,30,2,2,1,0,0,1,36.0,66.0,deux_roues,voiture,2,2,3,1,3
202200049707,2022-08-13 22:25:00,2022,8,13,22,25,83,83009,ONZE NOVEMBRE 1945 (AV DU),43.13719,5.75226,Nuit avec éclairage allumé,En agglomération,Hors intersection,Normale,Autre collision,4,-1,2,0,2,1,1,0,1,50,1,2,1,0,1,0,20.0,,deux_roues,,5,2,1,1,6
202200049708,2022-02-06 18:50:00,2022,2,6,18,50,61,61486,D 924,48.765047,-0.69974,Nuit sans éclairage public,Hors agglomération,Hors intersection,Pluie forte,Deux véhicules - frontale,3,2,3,0,2,1,2,0,1,90,2,3,2,0,0,1,43.0,56.0,voiture,voiture,3,1,1,3,1
202200049709,2022-07-08 11:30:00,2022,7,8,11,30,75,75112,RUE DU FAUBOURG SAINT ANTOINE,48.848521,2.395002,Plein jour,En agglomération,Place,Normale,Deux véhicules - côté,4,2,3,0,1,1,1,0,1,30,2,2,1,0,0,1,22.0,54.0,deux_roues,voiture,1,2,7,1,3
202200049710,2022-06-09 02:40:00,2022,6,9,2,40,33,33003,AUTOROUTE A 10,44.923885,-0.473696,Nuit sans éclairage public,Hors agglomération,Hors intersection,Normale,Deux véhicules - côté,1,3,6,0,1,1,1,0,1,90,2,2,1,0,0,1,36.0,22.0,utilitaire_camion,voiture,3,1,1,1,3
202200049711,2022-11-25 19:50:00,2022,11,25,19,50,92,92004,PIERRE BOUDOU,48.91581,2.30836,Nuit avec éclairage allumé,En agglomération,Hors intersection,Normale,Deux véhicules - côté,4,2,2,0,1,1,1,0,1,50,2,3,1,0,0,2,22.0,50.0,deux_roues,voiture,5,2,1,1,3
202200049712,2022-09-21 17:55:00,2022,9,21,17,55,75,75117,RUE DE TOCQUEVILLE,48.886868,2.308337,Plein jour,En agglomération,Intersection en T,Normale,Autre collision,4,2,2,0,1,1,1,0,1,30,1,2,1,0,0,1,20.0,,utilitaire_camion,,1,2,3,1,6
202200049713,2022-02-18 16:00:00,2022,2,18,16,0,34,34080,D908,43.579823,3.023955,Plein jour,Hors agglomération,Hors intersection,Normale,Deux véhicules - frontale,3,2,2,0,1,3,9,0,1,70,2,2,1,1,0,0,49.0,70.0,deux_roues,voiture,1,1,1,1,1
202200049714,2022-06-03 18:00:00,2022,6,3,18,0,59,59009,ROUTE NATIONALE 227,50.6143017819,3.1352049708,Plein jour,Hors agglomération,Hors intersection,Normale,Sans collision,2,-1,6,0,1,1,1,0,1,90,1,1,0,0,1,0,27.0,,deux_roues,,1,1,1,1,7
202200049715,2022-11-28 07:25:00,2022,11,28,7,25,92,92004,MARNE   ( AVENUE DE LA ),48.9069439792,2.28240484,Nuit avec éclairage allumé,En agglomération,Intersection en X,Normale,Deux véhicules - frontale,3,2,3,0,1,1,1,0,1,50,2,2,1,0,0,1,70.0,31.0,voiture,deux_roues,5,2,2,1,1
202200049716,2022-09-21 00:05:00,2022,9,21,0,5,75,75117,AVENUE MAC MAHON,48.877337,2.294493,Nuit avec éclairage allumé,En agglomération,Intersection en Y,Normale,Sans collision,4,2,3,3,2,1,1,-1,6,30,1,1,0,0,0,1,31.0,,deux_roues,,5,2,4,1,7
202200049717,2022-07-08 04:45:00,2022,7,8,4,45,75,75112,CARREFOUR DE LA FERME DE LA FAISANDERIE,48.823796,2.457677,Nuit avec éclairage allumé,En agglomération,Giratoire,Normale,Deux véhicules - côté,4,1,0,0,1,2,1,0,1,30,2,2,1,0,0,1,27.0,,deux_roues,voiture,5,2,6,1,3
202200049718,2022-06-09 14:00:00,2022,6,9,14,0,95,95277, A104,48.97425,2.49126,Plein jour,Hors agglomération,Hors intersection,Normale,Autre collision,1,1,1,0,4,3,1,0,1,50,1,1,0,0,0,1,24.0,,voiture,,1,1,1,1,6
202200049719,2022-02-16 17:00:00,2022,2,16,17,0,39,39368,,46.510562,6.029466,Plein jour,En agglomération,Intersection en T,Pluie légère,Deux véhicules - frontale,2,2,2,-1,2,1,2,5,1,70,2,3,2,0,1,0,57.0,56.0,voiture,voiture,1,2,3,2,1
202200049720,2022-08-12 21:00:00,2022,8,12,21,0,77,77083,AMPERE (AVENUE),48.84175,2.58397,Crépuscule ou aube,En agglomération,Intersection en T,Normale,Trois véhicules et plus - collisions multiples,4,2,2,0,1,1,1,0,1,50,3,5,3,0,0,2,35.0,52.0,voiture,voiture,2,2,3,1,5
202200049721,2022-11-30 05:57:00,2022,11,30,5,57,51,51567,N4,48.686944,4.730771,Nuit sans éclairage public,Hors agglomération,Hors intersection,Brouillard / fumée,Deux véhicules - côté,2,1,2,0,1,1,2,0,1,110,2,2,1,0,0,1,34.0,32.0,utilitaire_camion,utilitaire_camion,3,1,1,5,3
202200049722,2022-06-09 06:50:00,2022,6,9,6,50,93,93078,AUTOROUTE A104,48.9588647959,2.5347930193,Plein jour,Hors agglomération,Hors intersection,Normale,Deux véhicules - côté,1,3,4,0,1,1,1,0,1,110,2,2,1,0,0,1,59.0,31.0,deux_roues,voiture,1,1,1,1,3
202200049723,2022-09-21 16:50:00,2022,9,21,16,50,75,75116,BOULEVARD LANNES,48.864522,2.269814,Plein jour,En agglomération,Intersection en Y,Normale,Deux véhicules - arrière,4,1,2,0,1,1,1,0,1,30,2,2,1,0,0,1,40.0,54.0,voiture,deux_roues,1,2,4,1,2
202200049724,2022-07-06 13:45:00,2022,7,6,13,45,75,75112,QUAI DE LA RAPEE,48.843551,2.370546,Plein jour,En agglomération,Intersection en Y,Normale,Deux véhicules - côté,4,1,3,3,1,1,1,0,1,30,2,2,1,0,0,1,39.0,61.0,deux_roues,voiture,1,2,4,1,3
202200049725,2022-11-30 09:00:00,2022,11,30,9,0,06,06031,410 Chemin de Tardieu,43.7714918387,7.3291897774,Plein jour,Hors agglomération,Hors intersection,Normale,Sans collision,4,2,2,0,2,3,1,0,1,30,1,1,0,1,0,0,73.0,,voiture,,1,1,1,1,7
202200049726,2022-02-17 17:30:00,2022,2,17,17,30,25,25200,D108,47.322214,6.003621,Plein jour,Hors agglomération,Hors intersection,Normale,Deux véhicules - frontale,3,2,2,0,1,1,1,0,1,80,2,3,1,0,0,2,45.0,73.0,voiture,voiture,1,1,1,1,1
202200049727,2022-06-09 07:30:00,2022,6,9,7,30,95,95256,RN 184,49.05585,2.20366,Plein jour,Hors agglomération,Hors intersection,Normale,Deux véhicules - arrière,2,3,4,0,1,1,1,0,1,90,2,2,1,0,0,1,20.0,53.0,deux_roues,voiture,1,1,1,1,2
202200049728,2022-09-21 12:20:00,2022,9,21,12,20,75,75116,AVENUE DE LA GRANDE ARMEE,48.876191,2.287167,Plein jour,En agglomération,Intersection à plus de 4 branches,Normale,Deux véhicules - côté,4,2,4,0,1,1,1,0,1,30,2,2,1,0,0,1,43.0,27.0,utilitaire_camion,deux_roues,1,2,5,1,3
202200049729,2022-07-05 15:20:00,2022,7,5,15,20,75,75112,RUE DE CHARENTON,48.844437,2.383929,Plein jour,En agglomération,Hors intersection,Normale,Deux véhicules - côté,4,1,1,2,1,1,1,-1,5,30,2,2,1,0,0,1,37.0,55.0,deux_roues,voiture,1,2,1,1,3
202200049730,2022-08-13 08:20:00,2022,8,13,8,20,69,69266,Rue Edouard Vaillant,45.77731,4.87974,Plein jour,En agglomération,Intersection en T,Normale,Autre collision,4,1,1,2,1,1,1,0,1,50,1,1,0,0,0,1,20.0,,voiture,,1,2,3,1,6
202200049731,2022-11-30 02:05:00,2022,11,30,2,5,84,84043,RD 942,44.008543,4.941981,Nuit sans éclairage public,Hors agglomération,Hors intersection,Normale,Trois véhicules et plus - collisions multiples,3,3,4,0,1,1,1,8,1,90,2,4,2,0,1,1,31.0,36.0,voiture,utilitaire_camion,3,1,1,1,5
202200049732,2022-02-13 23:00:00,2022,2,13,23,0,44,44212,N249,47.15347,-1.201316,Nuit sans éclairage public,Hors agglomération,Hors intersection,Pluie forte,Autre collision,2,3,4,0,2,2,2,0,1,110,2,2,1,0,0,1,26.0,29.0,voiture,voiture,3,1,1,3,6
202200049733,2022-06-09 06:15:00,2022,6,9,6,15,93,93064,AUTOROUTE A3,48.8849754641,2.4713546326,Crépuscule ou aube,Hors agglomération,Hors intersection,Normale,Deux véhicules - arrière,1,3,5,0,1,1,1,0,1,90,2,2,1,0,0,1,75.0,27.0,voiture,deux_roues,2,1,1,1,2
202200049734,2022-07-10 05:10:00,2022,7,10,5,10,75,75111,BOULEVARD RICHARD LENOIR,48.855457,2.370484,Nuit sans éclairage public,En agglomération,Intersection en X,Normale,Autre collision,4,1,1,0,1,1,1,0,1,30,1,1,0,0,0,1,26.0,,deux_roues,,3,2,2,1,6
202200049735,2022-09-20 15:45:00,2022,9,20,15,45,75,75116,AVENUE DE NEW YORK,48.863343,2.296325,Plein jour,En agglomération,Intersection en T,Normale,Autre collision,4,2,4,3,1,1,1,0,6,30,1,2,1,0,0,1,23.0,,deux_roues,,1,2,3,1,6
202200049736,2022-06-09 06:12:00,2022,6,9,6,12,95,95252,A15,48.9859461268,2.2120660543,Plein jour,Hors agglomération,Hors intersection,Normale,Sans collision,1,3,6,0,1,1,1,0,1,110,1,1,0,0,0,1,42.0,,voiture,,1,1,1,1,7
202200049737,2022-02-18 01:35:00,2022,2,18,1,35,38,38297,Route de Concharbin,45.714368,5.459325,Nuit avec éclairage allumé,Hors agglomération,Hors intersection,Normale,Autre collision,3,2,2,0,2,3,1,8,1,80,1,1,0,1,0,0,32.0,,voiture,,5,1,1,1,6
202200049738,2022-11-29 16:50:00,2022,11,29,16,50,35,35125,Place du Champ de Foire,47.942017,-1.233081,Crépuscule ou aube,En agglomération,Hors intersection,Normale,Autre collision,6,-1, -1,0,1,1,1,0,1,50,1,2,1,0,0,1,48.0,,voiture,,2,2,1,1,6
202200049739,2022-08-13 12:00:00,2022,8,13,12,0,69,69259,Avenue Jean Cagne,45.69763,4.86998,Plein jour,En agglomération,Hors intersection,Normale,Deux véhicules - côté,4,2,2,2,1,1,1,0,5,50,2,2,1,0,0,1,24.0,25.0,deux_roues,utilitaire_camion,1,2,1,1,3
202200049740,2022-09-21 09:15:00,2022,9,21,9,15,75,75115,BOULEVARD LEFEBVRE,48.830122,2.295023,Plein jour,En agglomération,Hors intersection,Normale,Autre collision,4,1,2,1,1,1,1,0,1,50,1,1,0,0,0,1,31.0,,deux_roues,,1,2,1,1,6
202200049741,2022-07-09 08:05:00,2022,7,9,8,5,75,75111,AVENUE PHILIPPE AUGUSTE,48.850672,2.394495,Plein jour,En agglomération,Intersection en X,Normale,Deux véhicules - côté,4,2,2,0,1,1,1,0,1,30,2,2,0,0,1,1,62.0,46.0,deux_roues,utilitaire_camion,1,2,2,1,3
202200049742,2022-02-17 17:50:00,2022,2,17,17,50,03,03048,8 rue de la croix blanche,46.618301,2.824101,Crépuscule ou aube,En agglomération,Intersection en Y,Pluie forte,Deux véhicules - frontale,4,2,2,0,1,1,2,0,1,50,2,2,1,0,0,1,41.0,64.0,voiture,utilitaire_camion,2,2,4,3,1
202200049743,2022-11-29 15:15:00,2022,11,29,15,15,971,97132,RN1,15.995346,-61.637914,Plein jour,Hors agglomération,Hors intersection,Normale,Deux véhicules - frontale,2,2,2,0,2,1,1,0,1,80,2,4,0,2,1,1,32.0,18.0,utilitaire_camion,voiture,1,1,1,1,1
202200049744,2022-07-08 00:45:00,2022,7,8,0,45,75,75111,RUE DU CHEMIN VERT,48.860004,2.377663,Nuit avec éclairage allumé,En agglomération,Hors intersection,Normale,Deux véhicules - côté,4,1,1,0,2,1,1,0,1,30,2,3,1,0,0,2,19.0,18.0,deux_roues,deux_roues,5,2,1,1,3
202200049745,2022-02-17 17:55:00,2022,2,17,17,55,01,01363,630 Route de Bourg,46.029557,5.379616,Crépuscule ou aube,En agglomération,Hors intersection,Normale,Deux véhicules - frontale,3,-1,2,0,1,1,1,0,1,30,2,3,2,0,0,1,40.0,24.0,voiture,voiture,2,2,1,1,1
202200049746,2022-11-29 08:00:00,2022,11,29,8,0,59,59056,Ruelle du Cristal,50.6072281212,2.9099822044,Crépuscule ou aube,En agglomération,Hors intersection,Brouillard / fumée,Autre collision,4,2,2,0,1,1,6,0,1,50,1,2,1,0,0,1,35.0,,voiture,,2,2,1,5,6
202200049747,2022-06-08 09:04:00,2022,6,8,9,4,95,95572,RN 184,49.0471558506,2.1316212416,Plein jour,Hors agglomération,Hors intersection,Pluie légère,Trois véhicules et plus - en chaîne,2,3,4,0,1,1,2,0,1,70,3,3,2,0,0,1,29.0,28.0,utilitaire_camion,voiture,1,1,1,2,4
202200049748,2022-09-20 21:00:00,2022,9,20,21,0,75,75114,RUE DIDOT,48.828738,2.316582,Nuit avec éclairage allumé,En agglomération,Intersection en X,Normale,Deux véhicules - côté,4,1,1,1,1,1,1,0,1,30,2,2,1,0,0,1,41.0,68.0,voiture,deux_roues,5,2,2,1,3
202200049749,2022-08-13 10:00:00,2022,8,13,10,0,69,69199,Avenue Gabriel Péri,45.70761,4.85517,Plein jour,En agglomération,Intersection en X,Temps éblouissant,Autre collision,7,2,2,0,1,1,1,0,1,50,1,2,1,0,0,1,45.0,,voiture,,1,2,2,7,6
202200049750,2022-02-16 10:40:00,2022,2,16,10,40,24,24520,Rue Lachambeaudie,44.894526,1.215513,Plein jour,En agglomération,Intersection en T,Pluie légère,Autre collision,4,2,2,0,1,1,2,5,1,50,1,3,2,0,1,0,79.0,,voiture,,1,2,3,2,6
202200049751,2022-09-21 16:15:00,2022,9,21,16,15,75,75113,RUE BOBILLOT,48.82343,2.347935,Plein jour,En agglomération,Hors intersection,Normale,Autre collision,4,2,3,1,1,1,1,-1,5,30,1,2,1,0,0,1,13.0,,deux_roues,,1,2,1,1,6
202200049752,2022-02-17 21:05:00,2022,2,17,21,5,85,85004,D747,46.41702,-1.38954,Nuit sans éclairage public,Hors agglomération,Hors intersection,Pluie légère,Sans collision,3,2,1,0,2,1,2,0,3,80,1,1,0,1,0,0,62.0,,voiture,,3,1,1,2,7
202200049753,2022-07-07 00:51:00,2022,7,7,0,51,75,75112,QUAI DE BERCY,48.833514,2.382103,Nuit avec éclairage allumé,En agglomération,Intersection en X,Normale,Deux véhicules - côté,4,2,4,0,1,1,1,0,1,30,2,7,4,0,0,3,56.0,19.0,voiture,voiture,5,2,2,1,3
202200049754,2022-06-09 18:50:00,2022,6,9,18,50,94,94028,A86 EXT,48.7916209426,2.4409774263,Plein jour,Hors agglomération,Hors intersection,Normale,Autre collision,1,1,4,0,1,1,1,9,1,90,3,3,2,0,0,1,69.0,44.0,voiture,deux_roues,1,1,1,1,6
202200049755,2022-08-12 09:15:00,2022,8,12,9,15,68,68066,REUBELL (RUE),48.0721,7.35857,Plein jour,En agglomération,Intersection en T,Normale,Deux véhicules - côté,4,1,1,0,1,1,1,8,1,30,2,2,1,0,1,0,40.0,83.0,utilitaire_camion,deux_roues,1,2,3,1,3
202200049756,2022-09-21 12:30:00,2022,9,21,12,30,75,75113,BD PERIPHERIQUE EXTERIEUR,48.817199,2.349038,Plein jour,En agglomération,Hors intersection,Normale,Deux véhicules - côté,4,1,3,0,1,1,1,0,1,70,2,2,1,0,0,1,54.0,59.0,voiture,deux_roues,1,2,1,1,3
202200049757,2022-11-29 15:15:00,2022,11,29,15,15,85,85109,Rue Monseigneur MASSE,46.849681,-1.003811,Plein jour,En agglomération,Hors intersection,Normale,Deux véhicules - frontale,4,2,2,0,1,1,1,0,1,50,2,2,1,0,0,1,83.0,25.0,voiture,voiture,1,2,1,1,1
202200049758,2022-02-18 18:00:00,2022,2,18,18,0,85,85146,Rue des Grands Moulins,46.943282,-1.287632,Plein jour,En agglomération,Giratoire,Normale,Deux véhicules - arrière,3,2,2,0,1,3,1,0,1,50,2,2,1,0,1,0,27.0,37.0,voiture,deux_roues,1,2,6,1,2
202200049759,2022-07-08 17:15:00,2022,7,8,17,15,75,75110,RUE DU FAUBOURG POISSONNIERE,48.879688,2.349529,Plein jour,En agglomération,Intersection à plus de 4 branches,Normale,Autre collision,4,1,2,1,2,1,1,0,1,30,1,2,1,0,0,1,20.0,,voiture,,1,2,5,1,6
202200049760,2022-08-13 08:00:00,2022,8,13,8,0,64,64249,GETARIA(AVENUE),43.42189,-1.60488,Plein jour,En agglomération,Hors intersection,Normale,Deux véhicules - côté,3,2,2,0,1,1,1,0,1,50,2,2,1,0,0,1,21.0,50.0,utilitaire_camion,deux_roues,1,2,1,1,3
202200049761,2022-06-09 15:00:00,2022,6,9,15,0,94,94028,A86 INT,48.7861420858,2.4400137912,Plein jour,Hors agglomération,Hors intersection,Normale,Autre collision,1,-1,3,0,1,1,1,0,1,90,3,3,1,0,0,2,27.0,42.0,voiture,voiture,1,1,1,1,6
202200049762,2022-02-07 07:40:00,2022,2,7,7,40,27,27112,Rue Sauve Qui Peut,48.84186,0.903534,Plein jour,En agglomération,Intersection en T,Normale,Autre collision,4,2,2,0,1,1,1,0,1,50,2,2,1,0,1,0,45.0,18.0,voiture,deux_roues,1,2,3,1,6
202200049763,2022-11-21 08:50:00,2022,11,21,8,50,30,30202,Boulevard Gambetta,44.254688,4.648019,Plein jour,En agglomération,Intersection en X,Normale,Deux véhicules - frontale,3,2,2,0,1,1,1,0,1,50,2,2,0,0,0,2,38.0,20.0,voiture,voiture,1,2,2,1,1
202200049764,2022-09-21 09:00:00,2022,9,21,9,0,75,75111,AVENUE DE LA REPUBLIQUE,48.866197,2.36967,Plein jour,En agglomération,Intersection en X,Normale,Deux véhicules - côté,4,2,2,1,1,1,1,0,1,30,2,2,1,0,0,1,38.0,34.0,utilitaire_camion,deux_roues,1,2,2,1,3
202200049765,2022-07-07 13:30:00,2022,7,7,13,30,75,75110,BOULEVARD DE MAGENTA,48.875551,2.356715,Plein jour,En agglomération,Intersection en Y,Normale,Deux véhicules - arrière,4,1,1,1,1,1,1,-1,5,30,2,3,2,0,0,1,47.0,38.0,deux_roues,utilitaire_camion,1,2,4,1,2
202200049766,2022-08-13 20:20:00,2022,8,13,20,20,59,59599,LEVANT (RUE DU),50.7220126546,3.1770004705,Plein jour,En agglomération,Intersection en T,Normale,Autre collision,4,1,0,3,1,1,1,6,6,50,1,2,1,0,0,1,24.0,,voiture,,1,2,3,1,6
202200049767,2022-06-09 08:30:00,2022,6,9,8,30,77,77258,A4.Y,48.830097,2.625426,Plein jour,Hors agglomération,Hors intersection,Normale,Deux véhicules - arrière,1,3,3,0,1,1,1,0,1,110,2,2,1,0,0,1,33.0,22.0,deux_roues,voiture,1,1,1,1,2
202200049768,2022-02-17 11:00:00,2022,2,17,11,0,23,23120,La Loge,46.347238,2.156758,Plein jour,Hors agglomération,Hors intersection,Pluie légère,Autre collision,3,2,2,0,1,2,2,0,3,90,1,1,0,0,1,0,52.0,,voiture,,1,1,1,2,6
202200049769,2022-11-29 05:30:00,2022,11,29,5,30,67,67099,D800,48.947505,7.13871,Nuit sans éclairage public,Hors agglomération,Hors intersection,Pluie légère,Deux véhicules - côté,3,2,2,0,1,2,2,0,1,80,2,2,0,0,1,1,51.0,48.0,voiture,voiture,3,1,1,2,3
202200049770,2022-07-10 19:30:00,2022,7,10,19,30,75,75109,RUE DE MOGADOR,48.873439,2.331191,Plein jour,En agglomération,Hors intersection,Normale,Autre collision,4,1,0,0,2,1,1,0,1,30,1,2,1,0,0,1,39.0,,voiture,,1,2,1,1,6
202200049771,2022-09-21 18:30:00,2022,9,21,18,30,75,75110,BOULEVARD SAINT DENIS,48.869322,2.354266,Plein jour,En agglomération,Intersection en X,Normale,Autre collision,4,2,5,2,1,1,1,-1,5,30,1,2,1,0,0,1,37.0,,deux_roues,,1,2,2,1,6
202200049772,2022-06-08 22:35:00,2022,6,8,22,35,94,94069,A4,48.8171389327,2.4422619339,Nuit sans éclairage public,Hors agglomération,Hors intersection,Normale,Deux véhicules - arrière,1,1,2,0,1,3,1,2,1,70,2,2,1,0,0,1,44.0,32.0,voiture,voiture,3,1,1,1,2
202200049773,2022-08-13 11:50:00,2022,8,13,11,50,56,56162,1 Rue Abbe Morio,47.727168,-3.433018,Plein jour,En agglomération,Intersection en T,Normale,Deux véhicules - côté,3,3,2,0,1,1,1,0,1,50,2,3,0,1,0,2,71.0,24.0,deux_roues,voiture,1,2,3,1,3
202200049774,2022-07-07 13:15:00,2022,7,7,13,15,75,75108,COURS ALBERT 1ER,48.864886,2.308385,Plein jour,En agglomération,Hors intersection,Normale,Sans collision,4,1,1,1,1,1,1,-1,5,30,1,1,0,0,0,1,35.0,,deux_roues,,1,2,1,1,7
202200049775,2022-02-18 07:10:00,2022,2,18,7,10,13,13010,D 402,43.898646,4.701596,Plein jour,Hors agglomération,Hors intersection,Normale,Sans collision,3,2,2,0,3,1,1,2,4,70,1,1,0,1,0,0,46.0,,utilitaire_camion,,1,1,1,1,7
202200049776,2022-11-29 14:35:00,2022,11,29,14,35,76,76355,Rue Paul Cauchy,49.701797,0.703409,Plein jour,Hors agglomération,Hors intersection,Normale,Deux véhicules - frontale,3,2,2,0,2,1,1,0,1,80,2,2,0,0,2,0,23.0,48.0,voiture,voiture,1,1,1,1,1
202200049777,2022-09-21 13:45:00,2022,9,21,13,45,75,75109,RUE SAINT LAZARE,48.876704,2.332324,Plein jour,En agglomération,Place,Normale,Deux véhicules - côté,4,1,1,2,1,2,1,-1,5,30,2,2,1,0,0,1,21.0,24.0,voiture,deux_roues,1,2,7,1,3
202200049778,2022-02-18 06:44:00,2022,2,18,6,44,52,52162,D35,47.961307,5.596279,Nuit sans éclairage public,Hors agglomération,Hors intersection,Temps couvert,Sans collision,3,2,2,0,1,2,2,0,8,80,1,1,0,0,0,1,22.0,,voiture,,3,1,1,8,7
202200049779,2022-11-29 14:00:00,2022,11,29,14,0,76,76400,Rue du General de Gaulle,49.828483,0.912453,Plein jour,En agglomération,Hors intersection,Normale,Autre collision,3,2,2,0,1,1,1,9,1,50,1,2,1,0,1,0,32.0,,voiture,,1,2,1,1,6
202200049780,2022-08-12 21:23:00,2022,8,12,21,23,45,45004,D163 PR 6 + 200,47.98447,2.8219,Nuit sans éclairage public,En agglomération,Hors intersection,Normale,Autre collision,3,-1,2,0,1,4,1,0,8,70,1,5,0,0,2,3,28.0,,utilitaire_camion,,3,2,1,1,6
202200049781,2022-07-08 01:45:00,2022,7,8,1,45,75,75108,RUE FRANCOIS 1ER,48.868652,2.303707,Nuit avec éclairage allumé,En agglomération,Intersection en X,Normale,Deux véhicules - côté,4,1,1,1,1,1,1,0,1,30,2,2,1,0,0,1,50.0,28.0,voiture,deux_roues,5,2,2,1,3
202200049782,2022-06-08 17:30:00,2022,6,8,17,30,77,77373,RN104,48.7786,2.61492,Plein jour,Hors agglomération,Hors intersection,Normale,Trois véhicules et plus - collisions multiples,2,3,6,0,1,1,1,0,1,90,3,3,2,0,1,0,24.0,39.0,voiture,voiture,1,1,1,1,5
202200049783,2022-11-29 19:00:00,2022,11,29,19,0,80,80143,D96a,49.854053,1.820657,Nuit sans éclairage public,Hors agglomération,Hors intersection,Brouillard / fumée,Sans collision,3,1,1,0,2,1,2,0,3,80,1,2,1,0,1,0,61.0,,deux_roues,,3,1,1,5,7
202200049784,2022-09-21 11:50:00,2022,9,21,11,50,75,75108,RUE TRONCHET,48.873777,2.327025,Plein jour,En agglomération,Intersection en X,Normale,Deux véhicules - frontale,4,2,0,0,1,1,1,0,1,30,2,2,1,0,0,1,36.0,47.0,deux_roues,deux_roues,1,2,2,1,1
202200049785,2022-02-18 08:10:00,2022,2,18,8,10,13,13044,Route départemental 19,43.599243,5.083918,Plein jour,En agglomération,Hors intersection,Normale,Deux véhicules - arrière,7,2,2,0,1,1,1,8,1,-1,2,3,1,0,0,2,24.0,60.0,voiture,voiture,1,2,1,1,2
202200049786,2022-08-13 13:25:00,2022,8,13,13,25,37,37214,SAINT CYR (QUAI DE),47.3969584479,0.6634229422,Plein jour,En agglomération,Autre intersection,Normale,Autre collision,4,2,2,0,1,1,1,9,8,50,1,2,0,0,0,2,39.0,,voiture,,1,2,9,1,6