accident_id,datetime,annee,mois,jour,heure,minute,departement,commune_insee,adresse,latitude,longitude,luminosite,agglomeration,intersection,meteo,collision,catr,circ,nbv,vosp,prof,plan,surf,infra,situ,vma,nb_vehicules,nb_usagers,nb_indemnes,nb_tues,nb_blesses_hosp,nb_blesses_legers,age_cond_1,age_cond_2,veh_type_cond_1,veh_type_cond_2,lum_code,agg_code,int_code,atm_code,col_code
202200050062,2022-07-08 16:25:00,2022,7,8,16,25,93,93062,Allée Baratin,48.89925,2.51479,Plein jour,En agglomération,Hors intersection,Normale,Autre collision,4,1,1,0,2,1,1,0,4,50,1,1,0,0,0,1,73.0,,voiture,,1,2,1,1,6
202200050063,2022-02-15 19:02:00,2022,2,15,19,2,87,87085,DUTREIX (RUE ARMAND),45.83365,1.23064,Crépuscule ou aube,En agglomération,Hors intersection,Pluie légère,Autre collision,4,2,2,0,1,1,2,0,1,50,1,2,1,0,0,1,20.0,,voiture,,2,2,1,2,6
202200050064,2022-11-28 16:15:00,2022,11,28,16,15,64,64445,avenue de Saragosse,43.30781,-0.36096,Plein jour,En agglomération,Hors intersection,Pluie forte,Autre collision,4,2,2,0,1,1,2,0,1,30,2,4,2,0,0,2,23.0,41.0,voiture,voiture,1,2,1,3,6
202200050065,2022-09-21 08:10:00,2022,9,21,8,10,18,18233,1 rue du commerce,47.338702,2.858109,Plein jour,En agglomération,Intersection en X,Normale,Deux véhicules - côté,3,2,2,0,2,1,1,0,1,50,2,2,1,0,1,0,17.0,45.0,deux_roues,voiture,1,2,2,1,3
202200050066,2022-06-02 14:05:00,2022,6,2,14,5,80,80021,ABBEVILLE (RUE D'),49.90611,2.2706,Plein jour,En agglomération,Hors intersection,Normale,Autre collision,3,2, -1,0,1,1,1,0,1,50,1,2,1,0,1,0,60.0,,voiture,,1,2,1,1,6
202200050067,2022-08-14 15:30:00,2022,8,14,15,30,71,71383,A6 sens L/P PK374+300,46.424321,4.867555,Plein jour,Hors agglomération,Hors intersection,Normale,Trois véhicules et plus - collisions multiples,1,3,5,0,1,1,1,0,1,130,4,13,12,0,0,1,48.0,42.0,voiture,voiture,1,1,1,1,5
202200050068,2022-10-24 18:25:00,2022,10,24,18,25,29,29039,195 rue de Tregunc,47.86121,-3.8851,Plein jour,Hors agglomération,Hors intersection,Normale,Trois véhicules et plus - en chaîne,3,2,2,0,3,1,1,0,1,70,4,5,4,0,0,1,22.0,73.0,voiture,voiture,1,1,1,1,4
202200050069,2022-02-15 18:25:00,2022,2,15,18,25,87,87085,GARIBALDI (AVENUE),45.83518,1.2605,Plein jour,En agglomération,Hors intersection,Pluie légère,Autre collision,4,2,2,0,1,1,2,0,1,50,2,2,1,0,0,1,20.0,45.0,deux_roues,voiture,1,2,1,2,6
202200050070,2022-11-24 09:55:00,2022,11,24,9,55,63,63124,FERRY (AVENUE JULES),45.743393826,3.2102018595,Plein jour,En agglomération,Hors intersection,Normale,Autre collision,4,2,2,0,1,1,1,0,1,30,1,2,1,0,0,1,75.0,,voiture,,1,2,1,1,6
202200050071,2022-09-22 12:35:00,2022,9,22,12,35,68,68172,Rue du Giessen,48.07828,7.54191,Plein jour,En agglomération,Hors intersection,Normale,Sans collision,4,2,1,0,1,1,1,0,1,50,1,1,0,0,0,1,49.0,,deux_roues,,1,2,1,1,7
202200050072,2022-07-08 21:45:00,2022,7,8,21,45,93,93055,Avenue Jean Lolive,48.8904504321,2.3993995786,Crépuscule ou aube,En agglomération,Autre intersection,Normale,Deux véhicules - arrière,3,2,2,0,1,1,1,0,1,50,2,2,1,0,0,1,57.0,32.0,voiture,voiture,2,2,9,1,2
202200050073,2022-08-14 03:30:00,2022,8,14,3,30,83,83085,D47,43.494518,6.518546,Nuit sans éclairage public,Hors agglomération,Hors intersection,Normale,Autre collision,3,2,2,0,1,3,1,0,1,80,1,1,0,0,1,0,16.0,,deux_roues,,3,1,1,1,6
202200050074,2022-10-24 14:35:00,2022,10,24,14,35,28,28404,ROME (RUE DE),48.71822,1.37302,Plein jour,En agglomération,Hors intersection,Normale,Autre collision,4,2,2,0,1,1,1,0,1,50,1,2,1,0,1,0,80.0,,voiture,,1,2,1,1,6
202200050075,2022-11-26 18:55:00,2022,11,26,18,55,57,57283,CD 47 bis,49.2536176706,6.150136292,Nuit sans éclairage public,En agglomération,Hors intersection,Normale,Autre collision,3,2,2,0,2,2,2,0,1,50,1,3,2,1,0,0,43.0,,voiture,,3,2,1,1,6
202200050076,2022-02-15 16:52:00,2022,2,15,16,52,87,87085,COMTE (RUE AUGUSTE),45.87352,1.26926,Plein jour,En agglomération,Hors intersection,Pluie légère,Trois véhicules et plus - en chaîne,4,2,2,0,1,1,2,0,1,50,3,3,2,0,0,1,22.0,55.0,voiture,voiture,1,2,1,2,4
202200050077,2022-07-07 20:54:00,2022,7,7,20,54,93,93055,Avenue Jean Lolive,48.894677,2.42102,Plein jour,En agglomération,Hors intersection,Normale,Deux véhicules - côté,3,2,3,0,1,1,1,0,8,50,2,2,1,0,0,1,58.0,23.0,deux_roues,voiture,1,2,1,1,3
202200050078,2022-09-22 07:00:00,2022,9,22,7,0,971,97132,Intersection RN1 et D5,15.9828523356,-61.6319543123,Plein jour,Hors agglomération,Intersection en X,Pluie légère,Trois véhicules et plus - collisions multiples,2,2,2,0,2,1,2,0,1,80,3,3,2,0,1,0,24.0,46.0,deux_roues,voiture,1,1,2,2,5
202200050079,2022-08-14 02:00:00,2022,8,14,2,0,26,26337,A7- PK 101+500-sens Nord/Sud,44.675443,4.797603,Nuit sans éclairage public,Hors agglomération,Hors intersection,Normale,Autre collision,1,3,5,0,1,1,1,0,1,130,1,4,0,0,0,4,34.0,,voiture,,3,1,1,1,6
202200050080,2022-06-08 01:00:00,2022,6,8,1,0,78,78551,GAMBETTA (AVENUE),48.89776,2.09833,Nuit avec éclairage allumé,En agglomération,Intersection en X,Normale,Autre collision,4,2,3,0,1,1,1,0,1,50,1,1,0,0,1,0,48.0,,deux_roues,,5,2,2,1,6
202200050081,2022-02-08 21:20:00,2022,2,8,21,20,86,86194,Rue Michel Colucchi dit Coluche,46.568128,0.310435,Nuit avec éclairage allumé,En agglomération,Hors intersection,Normale,Autre collision,4,2,2,0,2,3,1,0,1,50,1,1,0,0,0,1,53.0,,deux_roues,,5,2,1,1,6
202200050082,2022-08-31 16:15:00,2022,8,31,16,15,73,73132,D70,45.750939,6.591437,Plein jour,Hors agglomération,Hors intersection,Normale,Deux véhicules - côté,3,2,2,0,1,1,1,2,1,80,2,3,2,0,1,0,64.0,59.0,deux_roues,utilitaire_camion,1,1,1,1,3
202200050083,2022-08-13 13:50:00,2022,8,13,13,50,21,21449,A6,47.397696,4.356186,Plein jour,Hors agglomération,Hors intersection,Normale,Autre collision,1,1,4,0,1,1,1,0,1,130,1,2,0,0,0,2,29.0,,voiture,,1,1,1,1,6
202200050084,2022-07-08 19:00:00,2022,7,8,19,0,93,93051,Boulevard du Rempart / Porte de Paris,48.837649,2.543253,Plein jour,En agglomération,Intersection en X,Temps éblouissant,Deux véhicules - côté,4,1,2,0,3,3,1,0,1,50,2,2,1,0,0,1,25.0,31.0,deux_roues,voiture,1,2,2,7,3
202200050085,2022-09-22 16:45:00,2022,9,22,16,45,65,65010,rd 817,43.19705,0.15648,Plein jour,Hors agglomération,Intersection en X,Normale,Deux véhicules - côté,3,2,2,0,2,1,1,3,1,90,2,2,1,1,0,0,59.0,73.0,deux_roues,utilitaire_camion,1,1,2,1,3
202200050086,2022-08-31 11:55:00,2022,8,31,11,55,73,73303,D1212,45.753271,6.454532,Plein jour,Hors agglomération,Hors intersection,Normale,Sans collision,3,2,2,0,2,2,1,0,3,80,1,1,0,0,1,0,20.0,,utilitaire_camion,,1,1,1,1,7
202200050087,2022-10-24 16:45:00,2022,10,24,16,45,22,22278,MERIMEE (PROSPER),48.49573,-2.75003,Plein jour,En agglomération,Hors intersection,Normale,Deux véhicules - arrière,3,3,4,0,1,1,2,0,1,70,2,4,3,0,0,1,48.0,46.0,voiture,voiture,1,2,1,1,2
202200050088,2022-02-16 07:35:00,2022,2,16,7,35,86,86194,Bd du Marechal de Lattre de Tassigny,46.585129,0.350956,Crépuscule ou aube,En agglomération,Hors intersection,Pluie légère,Deux véhicules - côté,4,2,4,1,1,1,2,0,1,50,2,2,1,0,1,0,25.0,40.0,voiture,deux_roues,2,2,1,2,3
202200050089,2022-08-13 23:23:00,2022,8,13,23,23,22,22020,Route départementale 712 - PR 4,48.308139,-2.23737,Nuit avec éclairage non allumé,Hors agglomération,Hors intersection,Normale,Autre collision,3,2,2,0,1,4,1,2,3,80,1,1,0,1,0,0,59.0,,voiture,,4,1,1,1,6
202200050090,2022-06-06 16:46:00,2022,6,6,16,46,78,78440,RHIN ET DANUBE (PONT),48.9978,1.90881,Plein jour,En agglomération,Intersection en Y,Normale,Trois véhicules et plus - en chaîne,3,2,5,0,2,1,1,5,1,50,3,3,2,0,0,1,45.0,66.0,deux_roues,voiture,1,2,4,1,4
202200050091,2022-10-20 19:09:00,2022,10,20,19,9,22,22187,D36,48.53387,-2.75839,Plein jour,En agglomération,Hors intersection,Normale,Deux véhicules - arrière,3,2,3,0,1,1,1,2,1,30,2,2,1,0,0,1,50.0,81.0,deux_roues,voiture,1,2,1,1,2
202200050092,2022-09-22 19:15:00,2022,9,22,19,15,41,41149,D917,47.776014,0.80124,Plein jour,En agglomération,Intersection en Y,Normale,Deux véhicules - côté,3,2,2,0,1,4,1,0,1,50,2,2,1,0,0,1,70.0,45.0,voiture,deux_roues,1,2,4,1,3
202200050093,2022-07-31 21:20:00,2022,7,31,21,20,73,73008,D991,45.671982,5.908436,Crépuscule ou aube,En agglomération,Intersection en Y,Normale,Deux véhicules - côté,3,2,3,0,1,1,1,5,1,50,2,3,1,0,2,0,44.0,25.0,voiture,deux_roues,2,2,4,1,3
202200050094,2022-07-07 19:30:00,2022,7,7,19,30,93,93051,Rue de Malnoue / Rue du Marechal Juin,48.8418397345,2.5688146055,Plein jour,En agglomération,Intersection en X,Normale,Autre collision,4,2,2,0,3,1,1,5,1,50,1,2,1,0,0,1,38.0,,voiture,,1,2,2,1,6
202200050095,2022-08-13 17:30:00,2022,8,13,17,30,62,62202,D131E3,50.607582,1.995482,Plein jour,En agglomération,Hors intersection,Normale,Deux véhicules - frontale,3,2,2,0,3,1,1,0,1,50,2,3,2,0,1,0,37.0,31.0,voiture,deux_roues,1,2,1,1,1
202200050096,2022-02-16 13:40:00,2022,2,16,13,40,81,81065,BEL AIR  (CHEMIN DE),43.608821,2.25831,Plein jour,En agglomération,Intersection en T,Pluie légère,Deux véhicules - côté,3,2,2,0,1,1,2,5,1,50,2,3,1,0,0,2,47.0,23.0,voiture,voiture,1,2,3,2,3
202200050097,2022-08-30 10:35:00,2022,8,30,10,35,18,18033,Avenue Pierre Semard,47.09372,2.401,Plein jour,En agglomération,Hors intersection,Pluie forte,Autre collision,4,1,3,0,2,1,2,0,1,50,1,2,1,0,0,1,62.0,,autre,,1,2,1,3,6
202200050098,2022-09-08 17:30:00,2022,9,8,17,30,57,57132,Rue Solvay,48.820135,6.508394,Plein jour,En agglomération,Hors intersection,Normale,Deux véhicules - côté,3,2,2,0,1,1,1,0,1,50,2,2,1,0,1,0,32.0,23.0,utilitaire_camion,voiture,1,2,1,1,3
202200050099,2022-09-22 07:55:00,2022,9,22,7,55,19,19140,Route de Vergnolles,45.0751551281,1.9128313062,Plein jour,Hors agglomération,Intersection en T,Normale,Deux véhicules - côté,3,2,2,0,2,1,2,0,1,30,2,2,1,0,1,0,26.0,49.0,voiture,deux_roues,1,1,3,1,3
202200050100,2022-07-07 07:20:00,2022,7,7,7,20,93,93049,Boulevard Galliéni,48.853,2.5144,Crépuscule ou aube,En agglomération,Hors intersection,Normale,Deux véhicules - arrière,3,2,3,0,1,1,1,0,1,50,2,2,1,0,0,1,16.0,52.0,deux_roues,deux_roues,2,2,1,1,2
202200050101,2022-10-25 01:25:00,2022,10,25,1,25,17,17300,BRETIGNIERE   RUE,46.16175,-1.1394,Nuit avec éclairage allumé,En agglomération,Hors intersection,Normale,Sans collision,4,1,1,0,1,3,1,0,1,50,1,2,1,0,0,1,27.0,,voiture,,5,2,1,1,7
202200050102,2022-02-15 12:15:00,2022,2,15,12,15,80,80725,RD8,49.86696,2.24894,Plein jour,En agglomération,Hors intersection,Normale,Deux véhicules - côté,3,2,2,0,1,1,1,0,1,50,2,2,1,0,0,1,82.0,64.0,voiture,deux_roues,1,2,1,1,3
202200050103,2022-08-13 19:00:00,2022,8,13,19,0,34,34270,M612,43.564732,3.850182,Plein jour,Hors agglomération,Hors intersection,Normale,Deux véhicules - côté,7,2,2,0,1,1,1,0,1,90,2,3,1,0,2,0,26.0,37.0,deux_roues,voiture,1,1,1,1,3
202200050104,2022-09-18 20:50:00,2022,9,18,20,50,76,76033,D925,49.681097,0.361519,Nuit sans éclairage public,En agglomération,Hors intersection,Normale,Autre collision,3,2,2,0,4,1,1,0,1,70,1,1,0,0,1,0,65.0,,deux_roues,,3,2,1,1,6
202200050105,2022-10-24 19:00:00,2022,10,24,19,0,13,13209,MARÉCHAL DE LATTRE (AVENUE),43.25,5.42,Nuit avec éclairage allumé,En agglomération,Autre intersection,Normale,Autre collision,4,-1,2,3,1,1,1,9,1,50,1,2,0,0,1,1,53.0,,deux_roues,,5,2,9,1,6
202200050106,2022-07-08 08:15:00,2022,7,8,8,15,93,93048,Rue Robespierre / Rue Cuvier,48.85096,2.42453,Plein jour,En agglomération,Intersection en X,Normale,Autre collision,3,2,2,0,1,1,1,0,1,50,1,2,1,0,0,1,58.0,,voiture,,1,2,2,1,6
202200050107,2022-09-21 18:25:00,2022,9,21,18,25,22,22106,DOUVENANT (RUE DE),48.5013247666,-2.7342197299,Plein jour,En agglomération,Intersection en T,Normale,Deux véhicules - côté,3,2,2,1,1,1,1,0,1,30,2,2,1,0,0,1,65.0,65.0,deux_roues,voiture,1,2,3,1,3
202200050108,2022-09-22 16:45:00,2022,9,22,16,45,2B,2B277,Stop rue de l'église / D45,41.984198,9.33504,Plein jour,En agglomération,Intersection en T,Normale,Sans collision,3,2,2,0,2,1,1,0,1,50,1,2,1,0,0,1,64.0,,deux_roues,,1,2,3,1,7
202200050109,2022-08-14 15:40:00,2022,8,14,15,40,89,89171,D660,48.226823,3.511127,Plein jour,Hors agglomération,Hors intersection,Pluie légère,Deux véhicules - côté,3,2,2,0,1,1,2,0,1,80,2,4,0,0,1,3,22.0,31.0,voiture,voiture,1,1,1,2,3
202200050110,2022-06-08 23:45:00,2022,6,8,23,45,77,77517,D34,48.928228,2.659204,Nuit sans éclairage public,Hors agglomération,Hors intersection,Normale,Autre collision,3,2,2,0,1,1,1,0,3,80,1,1,0,0,0,1,65.0,,voiture,,3,1,1,1,6
202200050111,2022-08-05 23:50:00,2022,8,5,23,50,22,22106,RENNES (RUE DE),48.4928,-2.70873,Nuit avec éclairage non allumé,En agglomération,Giratoire,Normale,,3,2,2,0,1,1,1,9,1,50,1,1,0,0,1,0,35.0,,deux_roues,,4,2,6,1,-1
202200050112,2022-10-24 07:45:00,2022,10,24,7,45,11,11069,ROND POINT DE LA 3ÈME DIA,43.21516,2.36688,Plein jour,En agglomération,Hors intersection,Normale,Deux véhicules - côté,4,1,2,1,1,2,1,0,1,30,2,2,1,0,1,0,53.0,82.0,deux_roues,voiture,1,2,1,1,3
202200050113,2022-07-07 19:20:00,2022,7,7,19,20,93,93046,Avenue Jean Jacques Rousseau / Avenue Voltaire,48.92805,2.54288,Plein jour,En agglomération,Intersection en T,Normale,Deux véhicules - côté,4,2,2,0,1,1,1,0,1,50,2,3,2,0,0,1,57.0,22.0,deux_roues,voiture,1,2,3,1,3
202200050114,2022-09-21 23:20:00,2022,9,21,23,20,2B,2B224,lieu dit Saint Léonard,42.839743,9.458504,Nuit sans éclairage public,Hors agglomération,Hors intersection,Normale,Deux véhicules - frontale,3,2,2,0,1,1,1,0,3,80,1,1,0,0,1,0,70.0,,voiture,,3,1,1,1,1
202200050115,2022-02-16 18:20:00,2022,2,16,18,20,77,77243,GOUVERNES  (CHEMIN DE),48.87128,2.70048,Nuit avec éclairage allumé,En agglomération,Hors intersection,Pluie légère,Autre collision,4,2,2,0,2,1,2,0,1,50,1,2,1,0,0,1,,,voiture,,5,2,1,2,6
202200050116,2022-07-25 22:40:00,2022,7,25,22,40,22,22106,58 Rue des Hauts Chemins,48.48828,-2.69264,Nuit avec éclairage non allumé,En agglomération,Hors intersection,Normale,Autre collision,3,2,2,0,1,1,1,0,1,70,1,1,0,0,0,1,50.0,,deux_roues,,4,2,1,1,6
202200050117,2022-06-04 17:00:00,2022,6,4,17,0,77,77251,D50,48.60951,2.55515,Plein jour,Hors agglomération,Hors intersection,Pluie légère,Deux véhicules - côté,3,2,4,3,1,4,2,5,1,80,2,2,1,0,1,0,58.0,32.0,deux_roues,transport_commun,1,1,1,2,3
202200050118,2022-08-13 13:30:00,2022,8,13,13,30,51,51333,D9,49.1702263931,4.0754503012,Plein jour,Hors agglomération,Intersection en T,Normale,Deux véhicules - côté,3,2,2,0,3,4,1,0,1,90,2,3,1,0,1,1,37.0,65.0,voiture,voiture,1,1,3,1,3
202200050119,2022-10-23 18:00:00,2022,10,23,18,0,11,11069,RD 6113,43.2278,2.33505,Plein jour,En agglomération,Hors intersection,Normale,Deux véhicules - arrière,3,2,2,0,1,1,1,0,1,80,2,4,1,0,0,3,30.0,19.0,voiture,voiture,1,2,1,1,2
202200050120,2022-09-22 13:00:00,2022,9,22,13,0,65,65031,D929,42.911005,0.360446,Plein jour,En agglomération,Hors intersection,Normale,Deux véhicules - côté,3,2,2,0,1,2,1,0,1,50,2,2,1,0,0,1,56.0,79.0,utilitaire_camion,deux_roues,1,2,1,1,3
202200050121,2022-07-08 21:05:00,2022,7,8,21,5,93,93063,Rue Carnot,48.8846396007,2.4383956789,Crépuscule ou aube,En agglomération,Hors intersection,Normale,Deux véhicules - côté,3,1,1,0,1,1,1,0,1,30,2,3,2,0,1,0,23.0,28.0,voiture,deux_roues,2,2,1,1,3
202200050122,2022-02-16 17:10:00,2022,2,16,17,10,76,76540,Avenue Jean Rondeaux,49.43711,1.07864,Plein jour,En agglomération,Hors intersection,Pluie légère,Deux véhicules - côté,7,2,4,3,1,1,2,-1,1,50,2,2,0,0,0,2,43.0,27.0,deux_roues,utilitaire_camion,1,2,1,2,3
202200050123,2022-06-07 10:00:00,2022,6,7,10,0,77,77438,GRAND POMMERAGE  (RUE DU  ),48.87413,2.67486,Plein jour,En agglomération,Hors intersection,Normale,Autre collision,4,2,2,0,1,1,1,0,4,50,1,2,1,0,1,0,45.0,,utilitaire_camion,,1,2,1,1,6
202200050124,2022-08-10 14:05:00,2022,8,10,14,5,56,56004,N165 sens Nantes/Vannes,47.539509,-2.41887,Plein jour,Hors agglomération,Hors intersection,Normale,Sans collision,2,3,4,0,1,1,1,0,3,110,1,2,1,0,1,0,77.0,,voiture,,1,1,1,1,7
202200050125,2022-10-26 05:47:00,2022,10,26,5,47,987,98736,AFARERII (RUE),-17.52918,-149.552935,Crépuscule ou aube,En agglomération,Giratoire,Normale,Autre collision,4,2,2,3,1,3,1,9,6,30,1,5,4,1,0,0,34.0,,utilitaire_camion,,2,2,6,1,6
202200050126,2022-06-07 17:05:00,2022,6,7,17,5,77,77333,RUE DES HAUTEURS DU LOING,48.27609,2.7038,Plein jour,En agglomération,Hors intersection,Normale,Autre collision,4,2,1,0,1,3,1,9,3,50,1,1,0,0,1,0,48.0,,voiture,,1,2,1,1,6
202200050127,2022-09-21 19:15:00,2022,9,21,19,15,81,81063,D1,43.941614,2.066149,Crépuscule ou aube,Hors agglomération,Hors intersection,Normale,Deux véhicules - arrière,3,2,2,0,1,1,1,0,1,80,2,2,1,0,1,0,,69.0,voiture,deux_roues,2,1,1,1,2
202200050128,2022-10-25 23:21:00,2022,10,25,23,21,06,06088,CALIFORNIE (AV.) (A PARTIR DU N° 201-212,43.68241,7.23205,Nuit avec éclairage allumé,En agglomération,Intersection en X,Normale,Deux véhicules - côté,4,3,6,0,1,1,1,9,1,50,2,2,1,0,0,1,20.0,39.0,voiture,voiture,5,2,2,1,3
202200050129,2022-02-16 06:50:00,2022,2,16,6,50,76,76575,Rue Julian Grimau,49.3892,1.091641,Nuit avec éclairage allumé,En agglomération,Hors intersection,Pluie légère,Deux véhicules - côté,4,2,2,0,1,1,2,0,1,50,2,2,1,0,0,1,40.0,,voiture,voiture,5,2,1,2,3
202200050130,2022-07-08 17:20:00,2022,7,8,17,20,93,93063,Avenue du Président Wilson / Avenue Lénine,48.8839,2.4285,Plein jour,En agglomération,Intersection en T,Normale,Autre collision,4,1,1,2,1,1,1,6,1,30,1,3,1,0,0,2,20.0,,voiture,,1,2,3,1,6
202200050131,2022-11-28 19:35:00,2022,11,28,19,35,973,97302,MATOURY (RUE),4.93102,-52.32402,Nuit avec éclairage allumé,En agglomération,Hors intersection,Normale,Autre collision,4,2,2,0,1,1,1,0,1,50,1,1,0,0,0,1,30.0,,deux_roues,,5,2,1,1,6
202200050132,2022-08-14 12:18:00,2022,8,14,12,18,74,74275,D909a,45.843779,6.211245,Plein jour,En agglomération,Hors intersection,Pluie forte,Deux véhicules - frontale,3,2,2,2,2,4,2,0,1,50,2,3,1,0,0,2,43.0,36.0,voiture,voiture,1,2,1,3,1
202200050133,2022-06-07 08:35:00,2022,6,7,8,35,77,77186,D116,48.46817,2.73881,Plein jour,Hors agglomération,Hors intersection,Normale,Sans collision,3,2,2,0,1,1,2,0,1,90,1,1,0,0,0,1,39.0,,voiture,,1,1,1,1,7
202200050134,2022-09-21 19:20:00,2022,9,21,19,20,22,22224,Rue des Freres Lagadec,48.722449,-3.478848,Plein jour,En agglomération,Hors intersection,Temps éblouissant,Autre collision,9,2,2,0,1,1,1,9,1,50,1,2,1,0,1,0,26.0,,voiture,,1,2,1,7,6
202200050135,2022-10-22 17:32:00,2022,10,22,17,32,06,06069,SANTON (CHEMIN DU),43.640272,6.94918,Plein jour,En agglomération,Hors intersection,Normale,Deux véhicules - arrière,4,2,2,0,1,1,1,0,1,30,2,2,0,0,0,2,18.0,13.0,deux_roues,deux_roues,1,2,1,1,2
202200050136,2022-01-29 18:50:00,2022,1,29,18,50,73,73065,TURIN (AVENUE),45.57044,5.93739,Nuit avec éclairage allumé,En agglomération,Intersection en Y,Normale,Deux véhicules - frontale,4,2,3,0,2,1,1,5,1,50,2,2,1,0,0,1,52.0,34.0,voiture,deux_roues,5,2,4,1,1
202200050137,2022-07-06 18:55:00,2022,7,6,18,55,93,93031,Avenue de la République,48.949517,2.330967,Plein jour,En agglomération,Autre intersection,Normale,Autre collision,3,3,4,3,1,1,1,0,1,500,1,2,1,0,0,1,29.0,,transport_commun,,1,2,9,1,6
202200050138,2022-07-22 22:49:00,2022,7,22,22,49,44,44131,43 Rue Jules Verne,47.10385,-2.07841,Nuit sans éclairage public,En agglomération,Hors intersection,Normale,Autre collision,4,2,2,0,1,3,1,0,3,30,1,1,0,0,1,0,19.0,,deux_roues,,3,2,1,1,6
202200050139,2022-08-14 01:10:00,2022,8,14,1,10,74,74123,D1508,45.758511,6.265447,Nuit sans éclairage public,Hors agglomération,Hors intersection,Normale,Deux véhicules - arrière,3,2,2,0,1,1,1,0,1,80,2,2,1,1,0,0,36.0,20.0,voiture,deux_roues,3,1,1,1,2
202200050140,2022-11-28 01:00:00,2022,11,28,1,0,69,69381,Pont Morand,45.76861,4.83822,Nuit avec éclairage allumé,En agglomération,Intersection en T,Normale,Autre collision,4,2,3,1,2,1,1,2,1,50,1,2,0,0,2,0,24.0,,deux_roues,,5,2,3,1,6
202200050141,2022-09-18 22:50:00,2022,9,18,22,50,38,38219,D73,45.318976,5.071161,Nuit sans éclairage public,Hors agglomération,Giratoire,Normale,Autre collision,3,2,2,0,1,1,1,0,8,80,1,1,0,0,1,0,31.0,,voiture,,3,1,6,1,6
202200050142,2022-08-14 20:12:00,2022,8,14,20,12,76,76206,D74,49.675945932,0.2506685257,Plein jour,Hors agglomération,Hors intersection,Pluie légère,Autre collision,3,2,2,0,1,2,2,0,1,80,1,1,0,1,0,0,20.0,,deux_roues,,1,1,1,2,6
202200050143,2022-07-15 19:00:00,2022,7,15,19,0,93,93008,Avenue Louis Aragon,48.9144918463,2.4402153722,Plein jour,En agglomération,Hors intersection,Normale,Deux véhicules - côté,3,3,2,0,1,1,1,0,1,50,2,3,1,0,0,2,47.0,19.0,voiture,deux_roues,1,2,1,1,3
202200050144,2022-02-11 10:00:00,2022,2,11,10,0,69,69290,Rue du Lyonnais,45.69706,4.90855,Plein jour,En agglomération,Hors intersection,Pluie légère,Deux véhicules - frontale,4,2,2,0,1,2,2,0,3,50,2,2,0,0,0,2,55.0,20.0,voiture,voiture,1,2,1,2,1
202200050145,2022-06-04 23:15:00,2022,6,4,23,15,76,76351,VERDUN (RUE DE),49.50141,0.15003,Nuit avec éclairage allumé,En agglomération,Intersection en X,Normale,Trois véhicules et plus - collisions multiples,3,2,2,0,1,1,2,0,1,50,3,3,2,0,0,1,46.0,65.0,voiture,voiture,5,2,2,1,5
202200050146,2022-11-27 18:00:00,2022,11,27,18,0,69,69385,Rue Docteur Edmond Locard,45.75976,4.79597,Nuit avec éclairage allumé,En agglomération,Intersection en X,Normale,Autre collision,4,2,2,2,2,1,1,5,6,50,1,3,2,0,1,0,85.0,,voiture,,5,2,2,1,6
202200050147,2022-07-10 10:30:00,2022,7,10,10,30,93,93027,Avenue Roger Salengro / Avenue Henri Barbusse,48.93002,2.38526,Plein jour,En agglomération,Intersection à plus de 4 branches,Normale,Deux véhicules - côté,3,1,3,0,1,1,1,0,1,50,2,3,1,0,1,1,39.0,44.0,deux_roues,utilitaire_camion,1,2,5,1,3
202200050148,2022-08-14 03:40:00,2022,8,14,3,40,65,65423,D11,43.2643417156,0.2948176861,Nuit sans éclairage public,En agglomération,Hors intersection,Normale,Autre collision,3,2,2,0,1,3,1,0,3,70,1,1,0,0,1,0,35.0,,voiture,,3,2,1,1,6
202200050149,2022-09-22 20:10:00,2022,9,22,20,10,38,38439,D525,45.368847,6.046638,Nuit avec éclairage allumé,En agglomération,Intersection en Y,Normale,Deux véhicules - frontale,3,2,2,0,2,1,1,0,1,50,2,2,1,0,0,1,42.0,20.0,voiture,deux_roues,5,2,4,1,1
202200050150,2022-02-16 10:00:00,2022,2,16,10,0,69,69275,Avenue des Bruyères,45.7560198398,4.9428552389,Plein jour,En agglomération,Hors intersection,Pluie légère,Autre collision,4,2,2,0,1,1,2,0,1,50,1,2,1,0,0,1,39.0,,voiture,,1,2,1,2,6
202200050151,2022-06-04 15:20:00,2022,6,4,15,20,76,76351,VALLEE (RUE DE LA),49.49367,0.15256,Plein jour,En agglomération,Intersection en T,Normale,Autre collision,4,2,2,1,1,1,1,0,1,50,1,2,1,0,0,1,36.0,,voiture,,1,2,3,1,6
202200050152,2022-11-28 20:10:00,2022,11,28,20,10,95,95680,Rue de Paris,49.0103503787,2.3839634657,Nuit avec éclairage allumé,En agglomération,Hors intersection,Normale,Deux véhicules - arrière,3,3,4,2,2,1,1,0,1,70,2,2,1,0,1,0,47.0,33.0,voiture,deux_roues,5,2,1,1,2
202200050153,2022-08-13 19:30:00,2022,8,13,19,30,11,11116,45 Boulevard de Vingré,43.24667,3.000743,Crépuscule ou aube,En agglomération,Intersection en T,Normale,Deux véhicules - côté,3,2,2,0,1,1,1,0,1,50,2,4,3,0,0,1,40.0,15.0,voiture,deux_roues,2,2,3,1,3