accident_id,datetime,annee,mois,jour,heure,minute,departement,commune_insee,adresse,latitude,longitude,luminosite,agglomeration,intersection,meteo,collision,catr,circ,nbv,vosp,prof,plan,surf,infra,situ,vma,nb_vehicules,nb_usagers,nb_indemnes,nb_tues,nb_blesses_hosp,nb_blesses_legers,age_cond_1,age_cond_2,veh_type_cond_1,veh_type_cond_2,lum_code,agg_code,int_code,atm_code,col_code
202200050154,2022-09-13 21:30:00,2022,9,13,21,30,38,38547,17 boulevard de la libération,45.257341,5.90719,Nuit avec éclairage allumé,En agglomération,Hors intersection,Normale,Deux véhicules - côté,3,2,2,0,1,1,1,5,1,50,2,2,1,0,1,0,16.0,36.0,deux_roues,voiture,5,2,1,1,3
202200050155,2022-06-07 15:00:00,2022,6,7,15,0,76,76329,BEAUCHENE (RUE DE),49.55623,0.50135,Plein jour,Hors agglomération,Hors intersection,Normale,Sans collision,4,2,1,0,2,2,1,0,1,50,1,1,0,0,1,0,20.0,,deux_roues,,1,1,1,1,7
202200050156,2022-10-24 21:50:00,2022,10,24,21,50,75,75116,PORTE DE SAINT CLOUD,48.841427,2.254148,Nuit avec éclairage allumé,En agglomération,Hors intersection,Normale,Trois véhicules et plus - en chaîne,4,1,4,0,1,1,1,1,1,70,4,5,3,0,0,2,64.0,36.0,voiture,voiture,5,2,1,1,4
202200050157,2022-02-15 18:30:00,2022,2,15,18,30,59,59599,TESTELIN (RUE ACHILLE),50.7346262861,3.1855362654,Nuit avec éclairage allumé,En agglomération,Hors intersection,Pluie légère,Autre collision,4,2,2,0,1,1,2,0,1,50,1,2,1,0,0,1,71.0,,voiture,,5,2,1,2,6
202200050158,2022-07-10 17:00:00,2022,7,10,17,0,93,93046,Avenue Aristide Briand / Av du Pdt J Fitzgerald Kennedy,48.91648,2.53151,Plein jour,En agglomération,Intersection en X,Normale,Deux véhicules - côté,3,3,4,0,1,1,1,0,1,50,2,2,1,0,1,0,,31.0,voiture,voiture,1,2,2,1,3
202200050159,2022-09-05 11:35:00,2022,9,5,11,35,95,95306,Boulevard du Havre,49.0021911492,2.1793591976,Plein jour,En agglomération,Hors intersection,Normale,Deux véhicules - côté,3,3,4,0,1,1,1,0,1,50,2,2,1,0,1,0,53.0,44.0,utilitaire_camion,deux_roues,1,2,1,1,3
202200050160,2022-06-08 07:30:00,2022,6,8,7,30,74,74012,GELINE (RUE DE LA),46.191071,6.244091,Plein jour,En agglomération,Hors intersection,Normale,Deux véhicules - frontale,4,2,2,0,1,1,1,0,1,50,2,2,1,0,0,1,36.0,23.0,deux_roues,voiture,1,2,1,1,1
202200050161,2022-02-16 18:40:00,2022,2,16,18,40,57,57463,STRASBOURG (AVENUE DE ),49.10839,6.20556,Nuit avec éclairage allumé,En agglomération,Hors intersection,Pluie légère,Autre collision,7,1,2,0,1,1,2,0,1,50,1,2,1,0,1,0,46.0,,voiture,,5,2,1,2,6
202200050162,2022-08-13 16:20:00,2022,8,13,16,20,11,11042,route départementale 610,43.2103450502,2.5838683314,Plein jour,Hors agglomération,Hors intersection,Normale,Trois véhicules et plus - collisions multiples,3,2,2,0,2,1,1,0,1,80,3,8,0,0,2,6,61.0,58.0,voiture,voiture,1,1,1,1,5
202200050163,2022-10-24 17:55:00,2022,10,24,17,55,75,75119,BOULEVARD PERIPHERIQUE INTERIEUR NORD  ,48.886514,2.397054,Plein jour,En agglomération,Hors intersection,Normale,Trois véhicules et plus - en chaîne,4,1,4,0,1,1,1,0,1,70,3,3,1,0,0,2,57.0,48.0,deux_roues,deux_roues,1,2,1,1,4
202200050164,2022-07-07 21:30:00,2022,7,7,21,30,93,93014,Boulevard Gagarine / Allée de Gagny,48.90452,2.54856,Plein jour,En agglomération,Intersection en X,Normale,Deux véhicules - côté,3,3,2,2,1,1,1,0,1,50,2,2,1,0,0,1,19.0,18.0,voiture,deux_roues,1,2,2,1,3
202200050165,2022-09-11 04:20:00,2022,9,11,4,20,38,38042,3099 Route du Grand Lemps,45.396536,5.398386,Nuit sans éclairage public,Hors agglomération,Intersection en Y,Normale,Autre collision,3,2,2,0,1,2,1,0,1,50,1,4,0,0,0,4,19.0,,voiture,,3,1,4,1,6
202200050166,2022-08-14 15:40:00,2022,8,14,15,40,71,71013,D29,46.902893,5.284059,Plein jour,Hors agglomération,Hors intersection,Normale,Sans collision,3,2,2,0,1,3,1,0,3,80,1,1,0,0,0,1,46.0,,voiture,,1,1,1,1,7
202200050167,2022-02-16 15:20:00,2022,2,16,15,20,57,57463,LOUIS LE DEBONNAIRE (AVENUE ),49.11047,6.18282,Plein jour,En agglomération,Hors intersection,Pluie légère,Autre collision,4,-1,4,0,1,3,2,0,6,50,1,2,1,0,0,1,,,utilitaire_camion,,1,2,1,2,6
202200050168,2022-06-07 17:10:00,2022,6,7,17,10,72,72181,ESTIENNE D'ORVES (BD D'),47.982668959,0.1882946489,Plein jour,En agglomération,Hors intersection,Normale,Trois véhicules et plus - en chaîne,4,3,4,0,1,1,1,0,1,70,3,3,2,0,0,1,23.0,49.0,utilitaire_camion,voiture,1,2,1,1,4
202200050169,2022-09-20 15:40:00,2022,9,20,15,40,01,01273,Route de Pont d Ain,46.070547,5.374525,Plein jour,En agglomération,Hors intersection,Normale,Deux véhicules - côté,3,2,2,3,1,1,1,0,1,70,2,2,1,0,0,1,64.0,54.0,deux_roues,voiture,1,2,1,1,3
202200050170,2022-08-13 23:00:00,2022,8,13,23,0,71,71070,67 Route de Chalon,46.714165,4.744356,Nuit sans éclairage public,Hors agglomération,Hors intersection,Normale,Autre collision,3,2,2,0,1,1,1,0,3,80,1,1,0,1,0,0,38.0,,voiture,,3,1,1,1,6
202200050171,2022-07-05 22:21:00,2022,7,5,22,21,93,93014,Boulevard Emile Zola / Allée Anatole France,48.906713,2.556123,Crépuscule ou aube,En agglomération,Intersection en X,Normale,Deux véhicules - côté,4,2,2,0,1,1,1,0,1,50,2,2,1,0,0,1,61.0,16.0,voiture,deux_roues,2,2,2,1,3
202200050172,2022-11-28 17:20:00,2022,11,28,17,20,91,91477,GUTEMBERG (RUE),48.71351,2.25107,Nuit avec éclairage allumé,En agglomération,Autre intersection,Normale,Deux véhicules - frontale,4,2,2,0,1,1,1,0,1,50,2,2,1,0,0,1,24.0,61.0,deux_roues,voiture,5,2,9,1,1
202200050173,2022-06-07 08:00:00,2022,6,7,8,0,72,72181,LEFAUCHEUX PIERRE (BD),47.9639460383,0.1767611501,Plein jour,En agglomération,Hors intersection,Normale,Deux véhicules - arrière,4,-1,2,0,1,1,1,0,1,90,2,2,0,0,0,2,19.0,30.0,voiture,voiture,1,2,1,1,2
202200050174,2022-10-24 11:30:00,2022,10,24,11,30,75,75116,AVENUE FOCH,48.871379,2.277616,Plein jour,En agglomération,Intersection en X,Normale,Deux véhicules - côté,4,2,2,0,1,1,1,0,1,30,2,2,1,0,0,1,28.0,59.0,voiture,deux_roues,1,2,2,1,3
202200050175,2022-08-14 12:45:00,2022,8,14,12,45,89,89341,D956,47.738111,3.767817,Plein jour,Hors agglomération,Hors intersection,Normale,Deux véhicules - frontale,3,2,2,0,1,1,1,0,1,80,2,4,0,0,1,3,41.0,55.0,voiture,voiture,1,1,1,1,1
202200050176,2022-02-16 20:11:00,2022,2,16,20,11,53,53130,PARADIS ( RUE DU ),48.06924,-0.76511,Nuit avec éclairage allumé,En agglomération,Intersection en X,Pluie légère,Deux véhicules - côté,4,1,1,0,1,1,2,0,1,30,2,4,3,0,0,1,21.0,18.0,voiture,deux_roues,5,2,2,2,3
202200050177,2022-09-22 18:00:00,2022,9,22,18,0,01,01372,routes des combes,45.86131,5.678451,Plein jour,Hors agglomération,Intersection en T,Temps éblouissant,Deux véhicules - frontale,3,2,2,3,2,3,1,0,1,80,2,2,1,0,1,0,64.0,28.0,voiture,deux_roues,1,1,3,7,1
202200050178,2022-10-24 09:15:00,2022,10,24,9,15,75,75116,VOIE GEORGES POMPIDOU,48.8483,2.27561,Plein jour,En agglomération,Hors intersection,Normale,Sans collision,4,2,1,1,1,1,1,0,5,30,1,1,0,0,0,1,49.0,,deux_roues,,1,2,1,1,7
202200050179,2022-08-14 16:15:00,2022,8,14,16,15,61,61345,La Croterie,48.414846,0.805907,Plein jour,Hors agglomération,Hors intersection,Temps couvert,Autre collision,4,2,2,0,1,1,2,0,1,50,1,2,1,0,1,0,51.0,,deux_roues,,1,1,1,8,6
202200050180,2022-07-08 23:35:00,2022,7,8,23,35,93,93005,Cours Salvador Allende / Chemin du Moulin de la Ville,48.95323,2.50258,Nuit sans éclairage public,En agglomération,Intersection en X,Normale,Deux véhicules - côté,3,3,4,0,1,1,1,0,1,50,2,3,1,0,1,1,32.0,17.0,voiture,deux_roues,3,2,2,1,3
202200050181,2022-09-22 11:00:00,2022,9,22,11,0,58,58285,D985,47.052523,3.731103,Plein jour,Hors agglomération,Hors intersection,Normale,Autre collision,3,2,2,0,1,2,1,0,3,80,1,1,0,0,0,1,74.0,,voiture,,1,1,1,1,6
202200050182,2022-11-28 11:14:00,2022,11,28,11,14,91,91345,RTE DE CORBEIL,48.68967,2.30048,Plein jour,En agglomération,Intersection en X,Temps couvert,Deux véhicules - côté,3,2,3,0,1,1,2,5,1,50,2,2,1,0,1,0,39.0,56.0,deux_roues,voiture,1,2,2,8,3
202200050183,2022-06-06 19:30:00,2022,6,6,19,30,72,72181,BATAILLE (RUE DE LA),47.991025,0.208621,Plein jour,En agglomération,Intersection en X,Normale,Deux véhicules - côté,4,1,1,0,1,1,1,0,1,50,2,3,2,0,0,1,47.0,92.0,voiture,voiture,1,2,2,1,3
202200050184,2022-02-15 18:30:00,2022,2,15,18,30,38,38185,JOSEPH REY (RUE),45.18585,5.71712,Nuit avec éclairage allumé,En agglomération,Intersection en X,Normale,Autre collision,7,2,2,0,1,1,2,0,1,50,1,2,1,0,0,1,42.0,,voiture,,5,2,2,1,6
202200050185,2022-10-23 18:05:00,2022,10,23,18,5,75,75114,BOULEVARD ARAGO,48.834503,2.334618,Plein jour,En agglomération,Hors intersection,Normale,Deux véhicules - côté,4,2,4,0,2,1,1,0,1,30,2,2,1,0,0,1,19.0,29.0,deux_roues,deux_roues,1,2,1,1,3
202200050186,2022-08-13 10:00:00,2022,8,13,10,0,42,42311,Route de Bayard,45.48198,4.389912,Plein jour,En agglomération,Autre intersection,Temps éblouissant,Deux véhicules - côté,7,2,2,3,1,1,1,0,1,50,2,2,1,0,1,0,86.0,76.0,deux_roues,voiture,1,2,9,7,3
202200050187,2022-09-21 14:45:00,2022,9,21,14,45,10,10317,Rue de la Presle,47.992015,4.36183,Plein jour,En agglomération,Giratoire,Normale,Deux véhicules - côté,3,1,1,0,1,2,1,0,1,50,1,3,2,0,0,1,85.0,,voiture,,1,2,6,1,3
202200050188,2022-06-06 06:50:00,2022,6,6,6,50,72,72181,OYON ALEXANDRE (BD),47.9945432412,0.1915991304,Plein jour,En agglomération,Hors intersection,Normale,Autre collision,4,3,4,0,1,3,1,0,1,50,1,2,1,0,0,1,20.0,,voiture,,1,2,1,1,6
202200050189,2022-02-15 15:55:00,2022,2,15,15,55,37,37261,HEURTELOUP (BOULEVARD),47.3915929951,0.6993725896,Plein jour,En agglomération,Hors intersection,Normale,Autre collision,4,1,4,0,1,2,1,0,1,50,1,2,1,0,0,1,45.0,,voiture,,1,2,1,1,6
202200050190,2022-08-14 08:30:00,2022,8,14,8,30,47,47140,Hameau de Saint-Julien,44.275547,0.630198,Plein jour,En agglomération,Hors intersection,Pluie légère,Autre collision,3,2,2,0,1,3,2,0,3,80,1,1,0,0,1,0,21.0,,voiture,,1,2,1,2,6
202200050191,2022-07-08 14:50:00,2022,7,8,14,50,93,93005,Avenue Anatole France / Rue Jules Princet,48.93582,2.49391,Plein jour,En agglomération,Intersection à plus de 4 branches,Normale,Deux véhicules - frontale,3,2,2,0,1,1,1,0,1,50,2,3,0,0,0,2,,17.0,voiture,deux_roues,1,2,5,1,1
202200050192,2022-11-27 18:03:00,2022,11,27,18,3,87,87085,BUGEAUD (COURS),45.83457,1.26422,Nuit avec éclairage allumé,En agglomération,Intersection en T,Normale,Deux véhicules - côté,4,3,2,0,1,1,1,0,1,30,2,3,2,0,0,1,19.0,19.0,voiture,voiture,5,2,3,1,3
202200050193,2022-10-23 10:20:00,2022,10,23,10,20,75,75114,AVENUE DU GENERAL LECLERC,48.824762,2.325989,Plein jour,En agglomération,Intersection en Y,Normale,Deux véhicules - côté,4,2,5,3,1,1,1,0,1,30,2,2,1,0,0,1,62.0,33.0,voiture,deux_roues,1,2,4,1,3
202200050194,2022-09-21 18:05:00,2022,9,21,18,5,40,40001,Avenue du 4 Septembre,43.704367,-0.253297,Plein jour,En agglomération,Hors intersection,Normale,Deux véhicules - arrière,3,2,2,0,1,1,1,0,1,50,2,2,1,0,0,1,64.0,16.0,voiture,deux_roues,1,2,1,1,2
202200050195,2022-06-08 20:20:00,2022,6,8,20,20,69,69282,Rue de la Gare,45.77143,4.99887,Crépuscule ou aube,En agglomération,Hors intersection,Pluie légère,Autre collision,4,2,2,0,1,1,2,0,1,30,1,2,1,0,1,0,15.0,,voiture,,2,2,1,2,6
202200050196,2022-02-15 12:20:00,2022,2,15,12,20,37,37261,CLARTE DIEU (RUE DE LA),47.43529,0.69063,Plein jour,En agglomération,Hors intersection,Normale,Autre collision,4,2,2,0,1,1,1,0,1,50,1,1,0,0,0,1,66.0,,deux_roues,,1,2,1,1,6
202200050197,2022-08-13 04:00:00,2022,8,13,4,0,26,26065,D104,44.724041,4.955376,Nuit sans éclairage public,Hors agglomération,Hors intersection,Normale,Autre collision,3,2,1,0,1,1,1,9,8,80,1,4,0,0,1,3,20.0,,voiture,,3,1,1,1,6
202200050198,2022-11-27 15:12:00,2022,11,27,15,12,87,87114,BLUM (AVENUE LEON-),45.83419,1.3088,Plein jour,En agglomération,Hors intersection,Normale,Autre collision,3,2,2,0,1,2,1,0,1,50,1,1,0,0,0,1,83.0,,voiture,,1,2,1,1,6
202200050199,2022-07-08 10:00:00,2022,7,8,10,0,93,93005,Rue Julien Mira,48.931921,2.492114,Plein jour,En agglomération,Hors intersection,Normale,Deux véhicules - arrière,4,2,2,0,1,1,1,0,1,50,2,2,1,0,0,1,25.0,30.0,voiture,utilitaire_camion,1,2,1,1,2
202200050200,2022-10-24 07:55:00,2022,10,24,7,55,75,75113,BOULEVARD DU GENERAL JEAN SIMON,48.826326,2.383901,Plein jour,En agglomération,Hors intersection,Vent fort / tempête,Autre collision,4,3,5,1,1,1,1,0,1,30,1,2,1,0,0,1,46.0,,voiture,,1,2,1,6,6
202200050201,2022-09-19 20:00:00,2022,9,19,20,0,40,40181,route des lacs,43.809474,-1.378816,Nuit sans éclairage public,En agglomération,Hors intersection,Normale,Deux véhicules - côté,3,2,2,0,1,1,1,0,1,50,2,2,1,0,0,1,48.0,56.0,voiture,voiture,3,2,1,1,3
202200050202,2022-08-13 22:30:00,2022,8,13,22,30,58,58134,D18,46.9540491529,3.2916095853,Nuit sans éclairage public,Hors agglomération,Hors intersection,Normale,Autre collision,3,2,2,0,1,3,1,0,3,80,1,2,0,0,1,1,23.0,,voiture,,3,1,1,1,6
202200050203,2022-06-03 16:10:00,2022,6,3,16,10,69,69290,Rue Michel Jacquet,45.6969,4.91904,Plein jour,En agglomération,Hors intersection,Normale,Deux véhicules - côté,4,2,0,0,1,1,1,0,1,50,2,2,1,0,0,1,35.0,33.0,deux_roues,utilitaire_camion,1,2,1,1,3
202200050204,2022-02-03 08:35:00,2022,2,3,8,35,36,36044,Rue des Fontaines,46.81696,1.67705,Plein jour,En agglomération,Intersection en T,Normale,Deux véhicules - côté,4,2,2,0,1,1,1,0,1,50,2,2,1,0,0,1,36.0,42.0,voiture,voiture,1,2,3,1,3
202200050205,2022-06-07 11:35:00,2022,6,7,11,35,69,69029,Avenue Franklin Roosevelt,45.73768,4.89645,Plein jour,En agglomération,Intersection en T,Normale,Deux véhicules - arrière,4,2,4,0,1,1,1,0,1,50,2,2,1,0,0,1,34.0,47.0,voiture,deux_roues,1,2,3,1,2
202200050206,2022-11-25 17:28:00,2022,11,25,17,28,87,87085,PERRIN (RUE FRANCOIS),45.82727,1.23951,Nuit avec éclairage allumé,En agglomération,Intersection en X,Normale,Deux véhicules - côté,4,2,3,0,1,1,2,5,1,50,2,2,1,0,0,1,46.0,20.0,voiture,deux_roues,5,2,2,1,3
202200050207,2022-08-09 12:20:00,2022,8,9,12,20,66,66149,,42.61838,2.42896,Plein jour,En agglomération,Intersection en Y,Normale,Autre collision,3,2, -1,-1,1,1,1,0,8,-1,1,2,1,0,1,0,,,voiture,,1,2,4,1,6
202200050208,2022-10-24 08:46:00,2022,10,24,8,46,75,75113,RUE DES PEUPLIERS,48.822156,2.352686,Plein jour,En agglomération,Intersection en X,Temps couvert,Autre collision,4,2,2,0,4,1,1,0,1,30,1,2,1,0,0,1,,,deux_roues,,1,2,2,8,6
202200050209,2022-09-16 20:00:00,2022,9,16,20,0,27,27224,D133,49.140729,0.891716,Crépuscule ou aube,Hors agglomération,Intersection en X,Pluie forte,Sans collision,3,2,2,0,1,3,2,0,1,80,1,4,0,0,1,3,36.0,,voiture,,2,1,2,3,7
202200050210,2022-01-31 17:08:00,2022,1,31,17,8,36,36063,Le Grand Verger,46.831715,1.7206616,Plein jour,En agglomération,Giratoire,Normale,Deux véhicules - côté,2,2,2,0,1,3,1,0,1,50,2,2,1,0,1,0,67.0,52.0,deux_roues,voiture,1,2,6,1,3
202200050211,2022-08-13 09:10:00,2022,8,13,9,10,72,72039,rue saint sulpice,48.174507,0.427748,Plein jour,En agglomération,Hors intersection,Normale,Autre collision,3,-1,2,0,1,1,1,0,1,50,1,2,1,0,0,1,20.0,,voiture,,1,2,1,1,6
202200050212,2022-07-09 21:20:00,2022,7,9,21,20,93,93001,Avenue Jean Jaurès / Rue Emile Dubois,48.913558,2.402783,Crépuscule ou aube,En agglomération,Intersection en X,Normale,Deux véhicules - côté,3,2,2,3,1,1,1,0,1,50,2,6,3,0,0,3,27.0,45.0,voiture,deux_roues,2,2,2,1,3
202200050213,2022-02-13 03:48:00,2022,2,13,3,48,35,35115,Boulevard Michel Cointat,48.34688,-1.18719,Nuit avec éclairage allumé,En agglomération,Hors intersection,Normale,Autre collision,4,2,2,0,1,3,1,0,1,50,1,1,0,0,1,0,40.0,,deux_roues,,5,2,1,1,6
202200050214,2022-06-08 23:55:00,2022,6,8,23,55,69,69264,Rue Monplaisir,45.9892835615,4.7227357328,Nuit avec éclairage allumé,En agglomération,Intersection en X,Normale,Deux véhicules - côté,4,2,3,2,2,1,2,0,1,50,2,2,1,0,0,1,21.0,18.0,voiture,deux_roues,5,2,2,1,3
202200050215,2022-09-22 10:50:00,2022,9,22,10,50,48,48027,Lieu dit MIRANDOL sur le D6,44.548663,3.815721,Plein jour,Hors agglomération,Hors intersection,Normale,Deux véhicules - frontale,3,2,2,0,2,1,1,0,1,50,2,3,2,0,1,0,37.0,47.0,utilitaire_camion,voiture,1,1,1,1,1
202200050216,2022-08-14 18:35:00,2022,8,14,18,35,06,06049,RD 06,43.736159,6.99964,Nuit avec éclairage allumé,Hors agglomération,Hors intersection,Normale,Sans collision,3,2,2,0,1,3,1,0,1,80,1,2,0,0,2,0,20.0,,deux_roues,,5,1,1,1,7
202200050217,2022-10-24 10:00:00,2022,10,24,10,0,75,75111,BOULEVARD RICHARD LENOIR,48.865773,2.369974,Plein jour,En agglomération,Intersection en X,Normale,Deux véhicules - côté,4,-1,1,1,1,1,1,0,5,30,2,2,1,0,0,1,28.0,46.0,deux_roues,voiture,1,2,2,1,3
202200050218,2022-07-07 16:00:00,2022,7,7,16,0,93,93001,Rue de la Gare,48.9059302595,2.3766721486,Plein jour,En agglomération,Hors intersection,Normale,Deux véhicules - frontale,4,1,1,0,1,1,1,0,1,50,2,2,1,0,0,1,31.0,,deux_roues,autre,1,2,1,1,1
202200050219,2022-02-16 19:45:00,2022,2,16,19,45,33,33281,Avenue du Docteur Albert Schweitzer,44.8335777861,-0.6479519606,Nuit avec éclairage allumé,En agglomération,Intersection en Y,Pluie légère,Autre collision,4,2,4,1,1,3,2,8,4,30,1,2,1,0,1,0,34.0,,voiture,,5,2,4,2,6
202200050220,2022-06-08 08:45:00,2022,6,8,8,45,67,67482,BELGES (QUAI DES),48.57458,7.77629,Plein jour,En agglomération,Hors intersection,Normale,Deux véhicules - arrière,4,2,4,1,1,1,1,0,1,50,2,2,0,0,0,2,63.0,30.0,voiture,voiture,1,2,1,1,2
202200050221,2022-10-24 08:55:00,2022,10,24,8,55,94,94068,CRETEIL (BD DE),48.79904,2.47332,Plein jour,En agglomération,Hors intersection,Normale,Deux véhicules - côté,3,-1,0,0,1,1,1,0,1,30,2,2,1,0,0,1,34.0,35.0,voiture,deux_roues,1,2,1,1,3
202200050222,2022-09-19 18:25:00,2022,9,19,18,25,987,98738,"PK 10, 900 RT1",-17.618,-149.549,Nuit avec éclairage allumé,Hors agglomération,Autre intersection,Pluie légère,Deux véhicules - côté,2,2,2,0,1,1,1,0,1,50,2,2,1,0,1,0,42.0,30.0,deux_roues,voiture,5,1,9,2,3
202200050223,2022-07-10 17:52:00,2022,7,10,17,52,92,92075,VERDUN (AVENUE DE),48.8209307409,2.2947248965,Plein jour,En agglomération,Hors intersection,Normale,Autre collision,4,2,1,1,1,1,1,0,1,30,1,2,1,0,0,1,48.0,,voiture,,1,2,1,1,6
202200050224,2022-11-27 04:26:00,2022,11,27,4,26,79,79191,120 Route de Coulonges,46.340027,-0.47407,Nuit sans éclairage public,Hors agglomération,Hors intersection,Normale,Sans collision,3,2,2,1,1,1,1,0,1,50,1,2,0,0,2,0,22.0,,voiture,,3,1,1,1,7
202200050225,2022-10-24 09:45:00,2022,10,24,9,45,94,94042,POLANGIS (BD DE),48.82,2.477,Plein jour,En agglomération,Hors intersection,Normale,Deux véhicules - côté,3,1,1,0,1,3,1,0,1,30,2,2,1,0,0,1,26.0,32.0,utilitaire_camion,autre,1,2,1,1,3
202200050226,2022-06-07 07:15:00,2022,6,7,7,15,67,67365,23 NOVEMBRE (RUE DU),48.533674,7.694433,Plein jour,En agglomération,Intersection en T,Normale,Deux véhicules - côté,7,2,2,1,1,3,2,5,5,50,2,2,1,0,0,1,38.0,49.0,voiture,deux_roues,1,2,3,1,3
202200050227,2022-08-11 22:30:00,2022,8,11,22,30,14,14709,D514,49.337917,-0.631328,Nuit sans éclairage public,Hors agglomération,Hors intersection,Normale,Autre collision,3,2,2,0,2,1,1,0,1,70,1,3,1,0,0,2,23.0,,voiture,,3,1,1,1,6
202200050228,2022-02-14 13:45:00,2022,2,14,13,45,33,33249,Rue Condorcet,44.87027,-0.52597,Plein jour,En agglomération,Intersection en T,Temps couvert,Deux véhicules - côté,4,2,3,0,1,2,2,5,1,50,2,2,0,0,0,2,34.0,29.0,voiture,voiture,1,2,3,8,3
202200050229,2022-07-07 12:25:00,2022,7,7,12,25,92,92064,BEARN,48.8465,2.22216,Plein jour,En agglomération,Hors intersection,Normale,Deux véhicules - côté,4,1,1,0,1,2,1,0,1,30,2,2,1,0,0,1,40.0,75.0,deux_roues,voiture,1,2,1,1,3
202200050230,2022-10-24 17:40:00,2022,10,24,17,40,94,94043,FONTAINEBLEAU (AV DE),48.81,2.36,Plein jour,En agglomération,Hors intersection,Normale,Autre collision,3,3,2,0,1,1,1,0,1,50,1,2,1,0,0,1,38.0,,voiture,,1,2,1,1,6
202200050231,2022-09-21 16:00:00,2022,9,21,16,0,18,18138,,47.067053,2.289319,Plein jour,Hors agglomération,Hors intersection,Normale,Deux véhicules - arrière,1,3,2,0,1,1,1,0,1,130,2,2,1,1,0,0,48.0,49.0,deux_roues,utilitaire_camion,1,1,1,1,2
202200050232,2022-11-28 09:55:00,2022,11,28,9,55,77,77291,GRANDE BORNE (RUE DE LA),49.0161885172,2.6013240442,Plein jour,En agglomération,Autre intersection,Temps couvert,Deux véhicules - frontale,4,2,2,0,1,3,2,0,1,50,2,4,0,0,0,4,29.0,58.0,utilitaire_camion,transport_commun,1,2,9,8,1
202200050233,2022-08-14 18:00:00,2022,8,14,18,0,50,50433,Route de la Saire,49.617675,-1.264975,Plein jour,Hors agglomération,Hors intersection,Normale,Autre collision,3,2,2,0,1,2,1,0,3,80,1,1,0,0,1,0,26.0,,deux_roues,,1,1,1,1,6
202200050234,2022-06-05 03:50:00,2022,6,5,3,50,67,67218,DOUBS (RUE DU),48.55101,7.73304,Nuit avec éclairage allumé,En agglomération,Hors intersection,Normale,Autre collision,4,2,2,0,1,1,1,0,1,50,1,2,0,0,0,2,31.0,,voiture,,5,2,1,1,6
202200050235,2022-02-16 20:30:00,2022,2,16,20,30,31,31555,CARNOT (BD LAZARE) DU 1AU 81,43.60433,1.45004,Nuit avec éclairage allumé,En agglomération,Autre intersection,Normale,Deux véhicules - côté,4,2,4,3,1,1,1,9,6,50,2,2,1,0,0,1,46.0,22.0,deux_roues,voiture,5,2,9,1,3
202200050236,2022-09-22 09:56:00,2022,9,22,9,56,72,72045,A81 pk 189+750,48.015547,-0.026933,Plein jour,Hors agglomération,Hors intersection,Normale,Sans collision,1,1,2,0,1,1,1,0,8,130,1,1,0,0,0,1,76.0,,voiture,,1,1,1,1,7
202200050237,2022-10-23 23:40:00,2022,10,23,23,40,94,94071,BREVANNES (R DE),48.77021,2.50826,Nuit avec éclairage allumé,En agglomération,Place,Normale,Deux véhicules - côté,3,2,4,0,1,1,1,0,1,50,2,2,0,0,0,2,19.0,23.0,voiture,voiture,5,2,7,1,3
202200050238,2022-07-06 13:00:00,2022,7,6,13,0,92,92064,MARCEL DASSAULT,48.8531334329,2.222775042,Plein jour,En agglomération,Intersection en T,Normale,Deux véhicules - arrière,3,2,3,0,1,1,1,0,1,50,2,2,1,0,0,1,62.0,36.0,deux_roues,deux_roues,1,2,3,1,2
202200050239,2022-11-27 23:08:00,2022,11,27,23,8,77,77459,D619,48.551578,3.320212,Nuit avec éclairage allumé,Hors agglomération,Hors intersection,Pluie légère,Autre collision,3,2,2,0,1,1,2,0,3,90,1,1,0,1,0,0,55.0,,voiture,,5,1,1,2,6
202200050240,2022-08-13 05:10:00,2022,8,13,5,10,50,50484,D976,48.589383,-1.146913,Nuit sans éclairage public,Hors agglomération,Hors intersection,Normale,Deux véhicules - côté,3,2,2,0,1,1,1,0,1,80,2,2,1,0,1,0,19.0,26.0,voiture,deux_roues,3,1,1,1,3
202200050241,2022-06-04 19:40:00,2022,6,4,19,40,67,67482,STUTZHEIM (RUE DE),48.5965644512,7.7122461051,Plein jour,En agglomération,Intersection en T,Normale,Deux véhicules - côté,4,2,4,1,1,1,1,0,1,50,2,2,1,0,1,0,23.0,50.0,voiture,voiture,1,2,3,1,3
202200050242,2022-08-14 16:30:00,2022,8,14,16,30,60,60064,D335,49.419251,3.008258,Plein jour,Hors agglomération,Hors intersection,Normale,Autre collision,3,2,2,0,2,3,1,0,1,80,1,1,0,1,0,0,59.0,,deux_roues,,1,1,1,1,6
202200050243,2022-09-22 09:28:00,2022,9,22,9,28,38,38401,047+900,45.560789,5.425615,Plein jour,Hors agglomération,Hors intersection,Normale,Deux véhicules - arrière,1,3,4,0,2,1,1,0,1,130,2,2,1,0,0,1,56.0,32.0,utilitaire_camion,voiture,1,1,1,1,2
202200050244,2022-02-16 12:05:00,2022,2,16,12,5,31,31555,AV DES ETATS UNIS,43.6426,1.42847,Plein jour,En agglomération,Intersection en T,Normale,Deux véhicules - côté,7,1,1,1,1,1,1,5,1,50,2,3,0,0,0,3,57.0,56.0,transport_commun,voiture,1,2,3,1,3
202200050245,2022-10-24 08:38:00,2022,10,24,8,38,93,93046,Rue Eugène Masse,48.924441101,2.5447846891,Plein jour,En agglomération,Hors intersection,Normale,Deux véhicules - arrière,4,2,2,0,1,1,1,0,1,50,2,2,1,0,0,1,21.0,56.0,voiture,voiture,1,2,1,1,2