accident_id,datetime,annee,mois,jour,heure,minute,departement,commune_insee,adresse,latitude,longitude,luminosite,agglomeration,intersection,meteo,collision,catr,circ,nbv,vosp,prof,plan,surf,infra,situ,vma,nb_vehicules,nb_usagers,nb_indemnes,nb_tues,nb_blesses_hosp,nb_blesses_legers,age_cond_1,age_cond_2,veh_type_cond_1,veh_type_cond_2,lum_code,agg_code,int_code,atm_code,col_code
202200050246,2022-07-06 08:00:00,2022,7,6,8,0,92,92033,RUE MARIE CURIE,48.8512809905,2.1922686696,Plein jour,En agglomération,Intersection en T,Normale,Autre collision,4,2,2,0,2,1,1,0,1,50,1,2,1,0,0,1,63.0,,voiture,,1,2,3,1,6
202200050247,2022-06-03 16:40:00,2022,6,3,16,40,67,67482,ORPHELINS (RUE DES),48.5797,7.75623,Plein jour,En agglomération,Hors intersection,Normale,Autre collision,4,2,2,0,1,1,1,0,1,30,1,2,1,0,0,1,52.0,,voiture,,1,2,1,1,6
202200050248,2022-11-25 16:30:00,2022,11,25,16,30,77,77216,D104,48.317573,2.676072,Crépuscule ou aube,Hors agglomération,Autre intersection,Temps couvert,Deux véhicules - frontale,3,4,1,0,4,3,2,1,8,50,1,2,0,0,0,2,26.0,,voiture,,2,1,9,8,1
202200050249,2022-09-21 09:20:00,2022,9,21,9,20,988,98827,Col du bonhomme,-21.434804,165.278041,Plein jour,Hors agglomération,Hors intersection,Normale,Sans collision,2,2,2,0,2,2,1,0,1,110,1,2,1,0,0,1,40.0,,utilitaire_camion,,1,1,1,1,7
202200050250,2022-06-04 10:32:00,2022,6,4,10,32,66,66136,GUYNEMER (AVENUE GEORGES),42.68669,2.90735,Plein jour,En agglomération,Hors intersection,Normale,Autre collision,4,2,2,0,1,1,1,0,1,50,1,2,1,0,0,1,70.0,,voiture,,1,2,1,1,6
202200050251,2022-08-14 12:45:00,2022,8,14,12,45,45,45040,27 Rue de Bon Coeur,47.55395,2.852209,Plein jour,En agglomération,Intersection en T,Temps couvert,Deux véhicules - frontale,4,2,2,0,1,1,1,0,1,50,2,2,1,0,1,0,11.0,62.0,deux_roues,voiture,1,2,3,8,1
202200050252,2022-07-04 17:00:00,2022,7,4,17,0,92,92064,REPUBLIQUE,48.844514,2.209956,Plein jour,En agglomération,Autre intersection,Normale,Autre collision,3,1,1,0,1,1,1,9,1,30,1,2,1,0,1,0,53.0,,voiture,,1,2,9,1,6
202200050253,2022-02-15 14:07:00,2022,2,15,14,7,29,29232,D783 - Boulevard Flandres Dunkerque1940,47.97953,-4.0913,Plein jour,Hors agglomération,Hors intersection,Pluie forte,Trois véhicules et plus - en chaîne,3,3,4,0,2,1,2,0,1,70,3,3,2,0,0,1,59.0,25.0,voiture,voiture,1,1,1,3,4
202200050254,2022-10-23 22:21:00,2022,10,23,22,21,93,93066,Avenue du Stade de France / Rue Francis de Pressensé,48.91956,2.36136,Nuit avec éclairage allumé,En agglomération,Intersection en X,Normale,Deux véhicules - côté,3,3,2,2,1,1,1,0,1,50,2,2,1,0,0,1,30.0,27.0,deux_roues,voiture,5,2,2,1,3
202200050255,2022-08-09 20:00:00,2022,8,9,20,0,43,43012,Route de Mons,45.38097,4.183388,Crépuscule ou aube,Hors agglomération,Hors intersection,Normale,Sans collision,4,2,2,0,2,1,1,0,1,80,1,1,0,0,1,0,53.0,,deux_roues,,2,1,1,1,7
202200050256,2022-09-22 16:10:00,2022,9,22,16,10,976,97607,Hajangoua,-12.860841,45.197357,Plein jour,Hors agglomération,Hors intersection,Normale,Deux véhicules - arrière,2,2,2,0,2,1,1,0,1,70,2,2,1,0,1,0,39.0,28.0,voiture,deux_roues,1,1,1,1,2
202200050257,2022-11-27 04:15:00,2022,11,27,4,15,76,76178,Rue de Tourville,49.30875,1.03833,Nuit avec éclairage allumé,En agglomération,Intersection en X,Pluie légère,Deux véhicules - côté,7,2,4,3,1,1,2,0,1,50,2,5,0,3,0,2,29.0,33.0,voiture,voiture,5,2,2,2,3
202200050258,2022-07-08 14:25:00,2022,7,8,14,25,92,92062,DE DION BOUTON (QUAI) DU 29 AU 65,48.8795353727,2.2437796891,Plein jour,En agglomération,Hors intersection,Normale,Deux véhicules - côté,3,1,2,0,1,1,1,0,1,50,2,2,1,0,0,1,38.0,36.0,deux_roues,autre,1,2,1,1,3
202200050259,2022-06-07 14:00:00,2022,6,7,14,0,64,64545,ROUTE D' OLHETTE ,43.33614,-1.66796,Plein jour,En agglomération,Giratoire,Normale,Deux véhicules - côté,3,2,2,0,1,1,1,0,1,50,2,3,2,0,0,1,30.0,21.0,utilitaire_camion,voiture,1,2,6,1,3
202200050260,2022-08-13 21:00:00,2022,8,13,21,0,17,17267,N11,46.226306,-0.918528,Nuit sans éclairage public,Hors agglomération,Hors intersection,Normale,Sans collision,2,3,4,0,1,2,1,0,1,110,1,1,0,0,1,0,55.0,,deux_roues,,3,1,1,1,7
202200050261,2022-10-23 17:00:00,2022,10,23,17,0,93,93066,Rue Mumia Abu-jamal / Avenue Henri Rol-tanguy,48.9177488797,2.3633347577,Plein jour,En agglomération,Intersection en Y,Normale,Deux véhicules - côté,4,1,1,0,1,3,1,0,1,30,2,2,1,0,0,1,22.0,33.0,deux_roues,utilitaire_camion,1,2,4,1,3
202200050262,2022-02-11 13:22:00,2022,2,11,13,22,29,29019,D112 - Pen Ar Chleuz,48.415846,-4.4793761,Plein jour,Hors agglomération,Hors intersection,Normale,Trois véhicules et plus - en chaîne,3,-1,4,0,1,1,1,0,1,70,3,5,1,0,0,4,35.0,60.0,voiture,voiture,1,1,1,1,4
202200050263,2022-09-21 07:30:00,2022,9,21,7,30,974,97420,Route Nationale 2,-20.930188,55.63218,Plein jour,Hors agglomération,Hors intersection,Normale,Deux véhicules - frontale,2,3,2,0,1,1,1,0,1,110,2,3,2,0,1,0,27.0,29.0,deux_roues,voiture,1,1,1,1,1
202200050264,2022-11-26 11:20:00,2022,11,26,11,20,76,76447, ECARTS (CHEM DES ),49.56492,0.19947,Plein jour,En agglomération,Hors intersection,Normale,Autre collision,4,-1,1,0,1,1,1,0,1,50,2,2,1,0,1,0,50.0,62.0,deux_roues,deux_roues,1,2,1,1,6
202200050265,2022-07-08 15:00:00,2022,7,8,15,0,92,92051,PARMENTIER (RUE),48.8853305488,2.2824563384,Plein jour,En agglomération,Hors intersection,Normale,Autre collision,4,1,1,0,1,1,1,0,1,30,1,2,1,0,0,1,54.0,,deux_roues,,1,2,1,1,6
202200050266,2022-06-08 13:50:00,2022,6,8,13,50,64,64102,Avenue Henri de Navarre,43.50699,-1.44506,Plein jour,En agglomération,Hors intersection,Pluie légère,Trois véhicules et plus - en chaîne,3,2,2,0,1,1,2,0,1,50,3,3,2,0,0,1,50.0,43.0,voiture,voiture,1,2,1,2,4
202200050267,2022-09-20 03:05:00,2022,9,20,3,5,2B,2B239,D 238,42.670959,9.337688,Nuit sans éclairage public,Hors agglomération,Hors intersection,Normale,Autre collision,3,2,2,0,4,3,1,0,8,80,1,2,1,0,1,0,28.0,,voiture,,3,1,1,1,6
202200050268,2022-08-13 10:35:00,2022,8,13,10,35,17,17041,D116,46.228362,-0.811872,Plein jour,Hors agglomération,Hors intersection,Normale,Autre collision,3,2,2,0,1,1,1,0,1,80,2,2,1,0,1,0,73.0,,deux_roues,autre,1,1,1,1,6
202200050269,2022-11-25 09:15:00,2022,11,25,9,15,76,76447,René Coty,49.54381,0.19134,Plein jour,En agglomération,Hors intersection,Normale,Autre collision,4,1,1,0,1,1,1,0,1,30,1,2,1,0,0,1,,,voiture,,1,2,1,1,6
202200050270,2022-07-07 14:50:00,2022,7,7,14,50,92,92051,"ACHILLE PERETTI (AVENUE,  N° 98 A 166 ET",48.8841832259,2.2701562643,Plein jour,En agglomération,Hors intersection,Temps couvert,Deux véhicules - côté,4,-1,2,1,1,1,1,0,8,30,2,2,1,0,0,1,38.0,85.0,voiture,voiture,1,2,1,8,3
202200050271,2022-10-24 17:30:00,2022,10,24,17,30,93,93051,PLAINE,48.8401555059,2.5741335168,Plein jour,En agglomération,Intersection en T,Normale,Deux véhicules - frontale,4,-1,2,0,1,2,1,0,1,50,2,2,1,0,0,1,30.0,39.0,autre,deux_roues,1,2,3,1,1
202200050272,2022-06-08 07:50:00,2022,6,8,7,50,64,64024,SAINT PEE (ROUTE DE),43.45679,-1.50614,Plein jour,En agglomération,Hors intersection,Pluie légère,Deux véhicules - frontale,3,2,2,0,2,3,2,0,1,50,2,2,0,0,0,2,53.0,24.0,voiture,utilitaire_camion,1,2,1,2,1
202200050273,2022-09-04 19:27:00,2022,9,4,19,27,34,34023,9 Avenue de la Frigoule,43.45184,3.702593,Plein jour,En agglomération,Intersection en T,Normale,Deux véhicules - côté,4,2,2,0,1,1,1,0,1,50,2,2,1,0,0,1,19.0,16.0,voiture,deux_roues,1,2,3,1,3
202200050274,2022-08-13 19:03:00,2022,8,13,19,3,976,97606,RN3,-12.9382239846,45.1349955797,Nuit sans éclairage public,Hors agglomération,Hors intersection,Normale,Deux véhicules - frontale,3,2,2,0,2,3,1,0,1,70,2,5,0,0,1,4,31.0,33.0,voiture,voiture,3,1,1,1,1
202200050275,2022-07-05 20:05:00,2022,7,5,20,5,92,92051,"BINEAU (BOULEVARD, N°133 A 217 ET 134 A",48.8901731785,2.2715536952,Plein jour,En agglomération,Autre intersection,Normale,Deux véhicules - arrière,3,3,4,0,1,1,1,0,1,50,2,2,1,0,0,1,54.0,23.0,voiture,deux_roues,1,2,9,1,2
202200050276,2022-11-27 14:35:00,2022,11,27,14,35,71,71153,PRESIDENT WILSON (RUE DU),46.7964,4.42932,Plein jour,En agglomération,Intersection en T,Normale,Deux véhicules - côté,4,-1,2,0,1,1,1,5,1,50,2,3,0,0,1,2,41.0,34.0,voiture,voiture,1,2,3,1,3
202200050277,2022-02-16 15:00:00,2022,2,16,15,0,16,16015,GOND (RUE DU),45.65895,0.16131,Plein jour,En agglomération,Intersection en T,Normale,Autre collision,4,1,1,0,1,1,1,0,1,50,2,2,1,0,1,0,47.0,25.0,voiture,deux_roues,1,2,3,1,6
202200050278,2022-10-22 22:20:00,2022,10,22,22,20,93,93027,Avenue de la République / Rue de la Convention,48.92809,2.3906,Nuit avec éclairage allumé,En agglomération,Intersection en X,Normale,Deux véhicules - frontale,3,3,4,3,1,1,1,0,1,-1,2,2,0,0,1,1,17.0,26.0,deux_roues,autre,5,2,2,1,1
202200050279,2022-06-06 15:07:00,2022,6,6,15,7,64,64024,BAYONNE (AVENUE DE),43.48183,-1.50961,Plein jour,En agglomération,Intersection en X,Normale,Deux véhicules - côté,3,3,6,3,1,1,1,5,1,50,2,2,1,0,0,1,16.0,15.0,deux_roues,deux_roues,1,2,2,1,3
202200050280,2022-08-13 19:35:00,2022,8,13,19,35,66,66008,,42.5722562825,3.039586544,Plein jour,En agglomération,Hors intersection,Normale,Sans collision,3,2,2,3,1,3,1,0,1,50,1,3,1,0,1,1,47.0,,utilitaire_camion,,1,2,1,1,7
202200050281,2022-07-09 21:10:00,2022,7,9,21,10,92,92050,ALLENDE SALVADOR RUE,48.8947571778,2.2233543992,Plein jour,En agglomération,Hors intersection,Normale,Autre collision,4,2,2,0,1,2,1,0,8,50,1,2,1,0,0,1,25.0,,voiture,,1,2,1,1,6
202200050282,2022-02-15 12:45:00,2022,2,15,12,45,14,14118,D401,49.19963,-0.39627,Plein jour,En agglomération,Hors intersection,Normale,Autre collision,3,3,6,0,1,2,1,0,1,50,1,2,1,0,1,0,34.0,,voiture,,1,2,1,1,6
202200050283,2022-11-28 14:30:00,2022,11,28,14,30,69,69264,Boulevard Jean Jaures,45.98822,4.71503,Plein jour,En agglomération,Hors intersection,Pluie légère,Autre collision,4,2,2,2,1,1,2,6,6,30,1,2,1,0,0,1,64.0,,voiture,,1,2,1,2,6
202200050284,2022-10-24 15:20:00,2022,10,24,15,20,93,93005,Rue Jean Charcot / Rue Marcel Sembat,48.9342302874,2.4914403394,Plein jour,En agglomération,Intersection en T,Normale,Autre collision,3,2,2,0,1,1,1,0,1,50,1,2,1,0,0,1,47.0,,utilitaire_camion,,1,2,3,1,6
202200050285,2022-06-07 16:49:00,2022,6,7,16,49,63,63113,CLEMENTEL (BD ETIENNE),45.803758193,3.1101012826,Plein jour,En agglomération,Hors intersection,Normale,Deux véhicules - côté,4,3,4,0,1,1,1,0,1,50,2,2,1,0,0,1,29.0,38.0,voiture,voiture,1,2,1,1,3
202200050286,2022-02-16 15:06:00,2022,2,16,15,6,13,13213,CHEMIN DU MERLAN A LA ROSE ,43.3303621033,5.4124255992,Plein jour,En agglomération,Hors intersection,Normale,Autre collision,3,2,4,3,1,1,1,0,6,50,1,2,1,0,0,1,20.0,,voiture,,1,2,1,1,6
202200050287,2022-07-08 19:40:00,2022,7,8,19,40,92,92050,MILLET FRANCOIS RUE,48.889009,2.215164,Plein jour,En agglomération,Hors intersection,Normale,Deux véhicules - frontale,4,2,2,0,1,2,1,0,1,50,2,2,1,0,0,1,38.0,29.0,transport_commun,deux_roues,1,2,1,1,1
202200050288,2022-08-10 06:05:00,2022,8,10,6,5,77,77071,"Autoroute A6, PK 082+800, circulant vers Paris",48.193671,2.813315,Crépuscule ou aube,Hors agglomération,Hors intersection,Normale,Deux véhicules - arrière,1,3,4,0,1,1,1,0,1,130,2,5,4,0,0,1,59.0,29.0,utilitaire_camion,voiture,2,1,1,1,2
202200050289,2022-04-29 08:10:00,2022,4,29,8,10,62,62427,D40E1,50.3962005214,2.9698809385,Plein jour,Hors agglomération,Hors intersection,Normale,Autre collision,3,-1,2,0,1,1,1,0,1,50,1,2,1,0,1,0,48.0,,voiture,,1,1,1,1,6
202200050290,2022-11-28 18:00:00,2022,11,28,18,0,69,69290,Boulevard de la Porte des Alpes,45.70481,4.91548,Nuit avec éclairage allumé,En agglomération,Intersection en X,Pluie légère,Deux véhicules - côté,4,2,4,0,1,1,2,0,1,70,2,3,2,0,0,1,36.0,23.0,voiture,voiture,5,2,2,2,3
202200050291,2022-10-20 06:00:00,2022,10,20,6,0,92,92078,CHARLES DE GAULLE (BD)(72 AU 308),48.9440076587,2.31362468,Nuit avec éclairage allumé,En agglomération,Hors intersection,Pluie forte,Sans collision,3,2,2,0,1,1,2,0,4,50,1,1,0,1,0,0,62.0,,deux_roues,,5,2,1,3,7
202200050292,2022-09-07 13:15:00,2022,9,7,13,15,83,83099,,43.452903,6.69143,Plein jour,En agglomération,Hors intersection,Normale,Deux véhicules - côté,3,2,4,0,1,1,1,0,5,50,2,2,1,0,1,0,38.0,37.0,deux_roues,deux_roues,1,2,1,1,3
202200050293,2022-02-15 10:10:00,2022,2,15,10,10,11,11262,GAMBETTA (BOULEVARD),43.18194,3.00708,Plein jour,En agglomération,Intersection en X,Normale,Autre collision,4,2,2,0,1,1,1,9,1,50,1,2,1,0,1,0,67.0,,voiture,,1,2,2,1,6
202200050294,2022-07-08 17:30:00,2022,7,8,17,30,92,92050,GALLIENI GENERAL AVENUE DU,48.89759,2.19827,Plein jour,En agglomération,Hors intersection,Normale,Deux véhicules - frontale,4,2,2,2,1,2,1,0,1,50,2,2,1,0,0,1,33.0,29.0,deux_roues,voiture,1,2,1,1,1
202200050295,2022-03-29 06:15:00,2022,3,29,6,15,13,13001,A8,43.5226001344,5.4106954119,Nuit avec éclairage allumé,Hors agglomération,Hors intersection,Normale,Deux véhicules - arrière,1,3,3,0,2,2,1,0,1,-1,2,2,0,0,0,2,20.0,50.0,voiture,voiture,5,1,1,1,2
202200050296,2022-06-03 16:00:00,2022,6,3,16,0,59,59090,POSTE (RUE DE LA),50.704287,3.094756,Plein jour,En agglomération,Hors intersection,Normale,Autre collision,4,1,0,0,1,2,1,0,1,50,1,2,0,0,1,0,,,utilitaire_camion,,1,2,1,1,6
202200050297,2022-08-14 03:00:00,2022,8,14,3,0,33,33229,cd106 Blagon,44.781102,-0.949052,Nuit sans éclairage public,Hors agglomération,Hors intersection,Pluie forte,Autre collision,3,3,4,0,1,1,4,0,3,110,1,2,0,0,2,0,20.0,,voiture,,3,1,1,3,6
202200050298,2022-11-28 18:30:00,2022,11,28,18,30,69,69290,53 Chemin de Genas,45.71463,4.95963,Nuit avec éclairage allumé,En agglomération,Intersection en X,Pluie légère,Deux véhicules - côté,4,2,2,0,1,1,2,0,1,50,2,2,1,0,0,1,54.0,26.0,voiture,voiture,5,2,2,2,3
202200050299,2022-10-24 20:06:00,2022,10,24,20,6,92,92072,GRANDE RUE,48.82484,2.21363,Nuit avec éclairage allumé,En agglomération,Hors intersection,Normale,Deux véhicules - arrière,3,1,1,1,1,1,1,0,1,30,2,4,2,0,0,2,44.0,37.0,voiture,voiture,5,2,1,1,2
202200050300,2022-03-27 20:50:00,2022,3,27,20,50,77,77490,Trousse Vache,49.033704,3.112704,Nuit avec éclairage allumé,En agglomération,Hors intersection,Normale,Autre collision,4,2,2,0,1,1,1,0,1,50,1,2,1,0,1,0,36.0,,deux_roues,,5,2,1,1,6
202200050301,2022-09-22 12:40:00,2022,9,22,12,40,71,71011,D.982 - Les Champs Salières,46.309433,4.039042,Plein jour,Hors agglomération,Intersection en T,Normale,Deux véhicules - arrière,3,2,2,0,1,1,1,0,1,80,2,2,0,0,0,2,35.0,20.0,voiture,utilitaire_camion,1,1,3,1,2
202200050302,2022-02-15 08:42:00,2022,2,15,8,42,10,10387,GENERAL CHARLES DELESTRAIN (RUE),48.2888661012,4.0735352039,Plein jour,En agglomération,Hors intersection,Temps couvert,Deux véhicules - côté,4,2,2,0,1,1,2,0,1,50,2,2,1,0,0,1,23.0,25.0,voiture,deux_roues,1,2,1,8,3
202200050303,2022-07-06 16:30:00,2022,7,6,16,30,92,92050,NERUDA PABLO RUE,48.896,2.21705,Plein jour,En agglomération,Hors intersection,Normale,Trois véhicules et plus - collisions multiples,4,2,2,0,2,1,1,0,1,50,3,3,2,0,0,1,27.0,36.0,deux_roues,voiture,1,2,1,1,5
202200050304,2022-06-06 16:45:00,2022,6,6,16,45,59,59560,EPINETTE LIEU DIT L,50.55223,3.05398,Plein jour,En agglomération,Intersection en T,Normale,Deux véhicules - côté,4,2,2,0,1,1,1,0,1,50,2,2,1,0,1,0,21.0,51.0,deux_roues,voiture,1,2,3,1,3
202200050305,2022-11-26 15:35:00,2022,11,26,15,35,67,67482,REUSS (ALLEE),48.54344,7.77204,Plein jour,En agglomération,Hors intersection,Normale,Autre collision,4,3,2,0,1,1,9,9,3,50,1,2,1,0,0,1,,,deux_roues,,1,2,1,1,6
202200050306,2022-03-28 17:00:00,2022,3,28,17,0,95,95351,RD 317,49.030088,2.49969,Plein jour,Hors agglomération,Giratoire,Normale,Deux véhicules - arrière,3,3,4,0,1,1,1,5,1,70,2,2,1,0,0,1,50.0,63.0,voiture,utilitaire_camion,1,1,6,1,2
202200050307,2022-09-20 17:15:00,2022,9,20,17,15,21,21464,Rue Jean Jaurès,47.135575,4.953761,Plein jour,En agglomération,Hors intersection,Normale,Autre collision,4,1,1,0,1,1,1,0,1,50,1,2,1,0,1,0,36.0,,voiture,,1,2,1,1,6
202200050308,2022-08-14 09:20:00,2022,8,14,9,20,988,98802,RPS4/RT1 zone Tranduc,-21.861178,166.042911,Plein jour,En agglomération,Intersection en T,Normale,Deux véhicules - côté,2,2,2,0,1,1,1,5,1,50,2,3,1,0,2,0,58.0,36.0,deux_roues,voiture,1,2,3,1,3
202200050309,2022-02-16 16:30:00,2022,2,16,16,30,06,06088,LYAUTEY (AV. DU MAL),43.710044,7.282523,Plein jour,En agglomération,Hors intersection,Normale,Deux véhicules - côté,4,1,2,0,1,1,1,9,1,50,2,3,1,0,1,1,18.0,30.0,deux_roues,deux_roues,1,2,1,1,3
202200050310,2022-07-06 13:45:00,2022,7,6,13,45,92,92050,ARLEQUIN ALLEE DE L',48.89044,2.22673,Plein jour,En agglomération,Hors intersection,Normale,Deux véhicules - frontale,4,1,1,0,2,3,1,0,1,15,2,2,1,0,0,1,42.0,16.0,voiture,deux_roues,1,2,1,1,1
202200050311,2022-10-24 17:06:00,2022,10,24,17,6,92,92049,BROSSOLETTE AVENUE PIERRE,48.819836,2.310865,Plein jour,En agglomération,Intersection en X,Normale,Deux véhicules - côté,3,2,2,0,1,1,1,0,1,50,2,2,1,0,0,1,39.0,36.0,deux_roues,voiture,1,2,2,1,3
202200050312,2022-06-03 17:45:00,2022,6,3,17,45,59,59178,DELCAMBRE (RUE),50.37915,3.08062,Plein jour,En agglomération,Giratoire,Normale,Deux véhicules - côté,4,2,2,0,1,1,1,0,1,50,2,2,1,0,1,0,35.0,21.0,utilitaire_camion,deux_roues,1,2,6,1,3
202200050313,2022-11-26 13:15:00,2022,11,26,13,15,67,67482,SCHIRMECK (ROUTE DE),48.56638,7.70814,Plein jour,En agglomération,Intersection en T,Normale,Deux véhicules - côté,7,2,6,3,1,1,1,0,1,50,2,2,1,0,0,1,41.0,76.0,voiture,deux_roues,1,2,3,1,3
202200050314,2022-07-09 17:55:00,2022,7,9,17,55,92,92048,VILLACOUBLAY (AVENUE DE),48.7837596384,2.2316984832,Plein jour,En agglomération,Autre intersection,Normale,Sans collision,3,3,1,0,1,1,1,9,1,30,1,1,0,0,1,0,27.0,,deux_roues,,1,2,9,1,7
202200050315,2022-12-16 14:10:00,2022,12,16,14,10,973,97311,Avenue Christophe Colomb,5.457641,-54.040933,Plein jour,Hors agglomération,Hors intersection,Pluie légère,Deux véhicules - frontale,3,2,2,0,1,2,2,0,1,50,2,2,1,0,0,1,25.0,20.0,voiture,deux_roues,1,1,1,2,1
202200050316,2022-03-27 09:10:00,2022,3,27,9,10,91,91095,Route de Bouray,48.514456,2.317714,Plein jour,En agglomération,Hors intersection,Normale,Deux véhicules - frontale,3,2,2,0,1,1,1,0,1,80,2,3,0,0,1,2,66.0,25.0,voiture,voiture,1,2,1,1,1
202200050317,2022-04-10 05:50:00,2022,4,10,5,50,59,59122,NAVES (RUE DE),50.18365,3.25655,Nuit avec éclairage allumé,En agglomération,Hors intersection,Normale,Autre collision,3,2,2,0,1,3,1,9,1,50,1,1,0,0,1,0,22.0,,voiture,,5,2,1,1,6
202200050318,2022-02-16 08:40:00,2022,2,16,8,40,01,01053,LEVRIER ( BD ANDRE) IMPAIR,46.209696,5.229908,Plein jour,En agglomération,Intersection en X,Pluie forte,Autre collision,3,2,4,0,1,1,2,0,1,50,1,2,1,0,0,1,45.0,,voiture,,1,2,2,3,6
202200050319,2022-11-26 21:02:00,2022,11,26,21,2,66,66136,VIVES (CHEMIN DEL),42.7108,2.89908,Nuit avec éclairage allumé,En agglomération,Hors intersection,Normale,Autre collision,4,3,2,0,1,1,1,0,1,50,1,2,1,0,0,1,23.0,,voiture,,5,2,1,1,6
202200050320,2022-10-23 22:40:00,2022,10,23,22,40,92,92044,GABRIEL PERI(RUE) 51+ ET 48+,48.89302,2.28685,Nuit avec éclairage non allumé,En agglomération,Intersection en X,Normale,Deux véhicules - côté,4,-1,2,0,1,1,1,0,1,50,2,2,1,0,0,1,65.0,44.0,voiture,deux_roues,4,2,2,1,3
202200050321,2022-09-21 18:10:00,2022,9,21,18,10,31,31433,Route d'Espagne,43.540344,1.413969,Plein jour,En agglomération,Hors intersection,Normale,Deux véhicules - côté,3,3,4,0,1,1,1,0,1,50,2,2,1,0,1,0,51.0,31.0,voiture,deux_roues,1,2,1,1,3
202200050322,2022-07-05 13:45:00,2022,7,5,13,45,92,92048,CHARLES INFROIT (RUE) N°2 A 14,48.807386,2.242744,Plein jour,En agglomération,Hors intersection,Normale,Deux véhicules - côté,4,1,1,0,2,1,1,0,1,50,2,2,1,0,0,1,78.0,24.0,voiture,deux_roues,1,2,1,1,3
202200050323,2022-06-07 20:10:00,2022,6,7,20,10,58,58194,PERE DE FOUCAULD,46.99492,3.1284,Plein jour,En agglomération,Hors intersection,Normale,Deux véhicules - arrière,4,2,2,0,1,1,1,0,1,50,2,2,1,0,0,1,34.0,31.0,voiture,voiture,1,2,1,1,2
202200050324,2022-03-30 13:45:00,2022,3,30,13,45,73,73116,D926,45.248591,6.315395,Plein jour,Hors agglomération,Hors intersection,Pluie légère,Autre collision,3,2,2,0,1,2,2,0,3,80,1,2,1,0,0,1,20.0,,voiture,,1,1,1,2,6
202200050325,2022-08-14 02:45:00,2022,8,14,2,45,973,97311,avenue christophe colomb,5.482782,-54.035869,Nuit avec éclairage allumé,En agglomération,Hors intersection,Normale,Autre collision,3,2,2,0,1,1,1,0,4,50,1,5,1,0,4,0,,,voiture,,5,2,1,1,6
202200050326,2022-02-16 10:25:00,2022,2,16,10,25,75,75113,BD PERIPHERIQUE INTERIEUR,48.817045,2.348402,Plein jour,En agglomération,Hors intersection,Normale,Deux véhicules - côté,4,1,3,0,1,1,1,0,1,70,2,2,1,0,0,1,53.0,49.0,deux_roues,deux_roues,1,2,1,1,3
202200050327,2022-09-21 09:10:00,2022,9,21,9,10,86,86121,Rue de la Verminette,46.618853,0.080213,Plein jour,En agglomération,Hors intersection,Temps éblouissant,Autre collision,3,2,2,0,1,1,1,0,1,50,1,2,1,1,0,0,35.0,,voiture,,1,2,1,7,6
202200050328,2022-11-24 21:26:00,2022,11,24,21,26,63,63113,rue du Torpilleur Sirocco,45.8068757052,3.1067973375,Nuit avec éclairage allumé,En agglomération,Hors intersection,Normale,Deux véhicules - arrière,4,3,2,0,1,1,1,0,1,50,2,2,1,0,0,1,22.0,56.0,deux_roues,voiture,5,2,1,1,2
202200050329,2022-10-22 10:53:00,2022,10,22,10,53,92,92036,LAURENT CELY (AVENUE) (154/336),48.924618,2.3044,Plein jour,En agglomération,Hors intersection,Normale,Autre collision,3,3,2,0,1,1,1,0,5,50,2,2,1,0,0,1,42.0,56.0,voiture,deux_roues,1,2,1,1,6
202200050330,2022-07-09 09:10:00,2022,7,9,9,10,92,92040,CAMILLE DESMOULINS,48.8292,2.26392,Plein jour,En agglomération,Hors intersection,Normale,Deux véhicules - côté,4,1,2,0,1,1,1,0,1,50,2,2,1,0,0,1,39.0,19.0,deux_roues,voiture,1,2,1,1,3
202200050331,2022-03-29 19:55:00,2022,3,29,19,55,38,38316,49 Rue Aimé Pinel,45.754356,5.177182,Crépuscule ou aube,En agglomération,Hors intersection,Normale,Deux véhicules - arrière,3,2,2,0,1,2,1,0,3,50,2,2,1,0,0,1,,17.0,autre,deux_roues,2,2,1,1,2
202200050332,2022-06-06 18:20:00,2022,6,6,18,20,58,58194,GONZAGUE,46.98571,3.15274,Plein jour,En agglomération,Intersection en T,Pluie légère,Deux véhicules - côté,3,2,2,0,1,1,2,0,1,30,2,2,1,0,1,0,52.0,31.0,voiture,deux_roues,1,2,3,2,3
202200050333,2022-02-13 10:50:00,2022,2,13,10,50,75,75114,BD PERIPHERIQUE INTERIEUR,48.8247843551,2.3046344519,Plein jour,En agglomération,Intersection en Y,Normale,Autre collision,4,1,3,0,1,1,1,1,1,70,1,1,0,0,0,1,27.0,,deux_roues,,1,2,4,1,6
202200050334,2022-08-14 07:10:00,2022,8,14,7,10,971,97107,167 Allee Saint Sauveur,16.011151,-61.589675,Plein jour,Hors agglomération,Hors intersection,Normale,Deux véhicules - frontale,2,2,2,0,2,1,1,0,1,70,2,3,0,0,1,2,72.0,50.0,voiture,voiture,1,1,1,1,1
202200050335,2022-09-21 23:20:00,2022,9,21,23,20,22,22176,Rue Roger Vercel,48.461184,-2.741003,Nuit avec éclairage allumé,En agglomération,Hors intersection,Normale,Autre collision,4,2,2,0,2,1,1,0,3,50,1,2,1,0,1,0,58.0,,voiture,,5,2,1,1,6
202200050336,2022-11-23 08:02:00,2022,11,23,8,2,63,63113,BLUM (AVENUE LEON),45.76889,3.09472,Crépuscule ou aube,En agglomération,Hors intersection,Normale,Deux véhicules - côté,4,2,2,2,2,1,2,-1,1,50,2,2,1,0,0,1,17.0,61.0,deux_roues,voiture,2,2,1,1,3