accident_id,datetime,annee,mois,jour,heure,minute,departement,commune_insee,adresse,latitude,longitude,luminosite,agglomeration,intersection,meteo,collision,catr,circ,nbv,vosp,prof,plan,surf,infra,situ,vma,nb_vehicules,nb_usagers,nb_indemnes,nb_tues,nb_blesses_hosp,nb_blesses_legers,age_cond_1,age_cond_2,veh_type_cond_1,veh_type_cond_2,lum_code,agg_code,int_code,atm_code,col_code
202200050427,2022-10-25 06:30:00,2022,10,25,6,30,67,67534,RD 421  PR 11+900,48.750074,7.522556,Nuit sans éclairage public,Hors agglomération,Hors intersection,Normale,Deux véhicules - arrière,3,2,2,0,1,1,1,0,1,80,2,2,0,0,0,2,24.0,47.0,deux_roues,deux_roues,3,1,1,1,2
202200050428,2022-02-16 08:20:00,2022,2,16,8,20,94,94028,Avenue Bernard Halpern,48.76841,2.46513,Plein jour,En agglomération,Autre intersection,Pluie légère,Autre collision,3,3,4,0,1,2,2,3,1,50,1,1,0,0,0,1,23.0,,voiture,,1,2,9,2,6
202200050429,2022-11-28 13:50:00,2022,11,28,13,50,47,47031,RIOLS (ALLEE DE),44.17878,0.61864,Plein jour,Hors agglomération,Giratoire,Temps couvert,Deux véhicules - côté,4,1,1,0,1,2,2,0,1,30,2,2,1,0,0,1,29.0,67.0,voiture,voiture,1,1,6,8,3
202200050430,2022-06-04 16:50:00,2022,6,4,16,50,50,50129,GLACERIE (ROUTE DE LA),49.62022,-1.58222,Plein jour,Hors agglomération,Intersection en T,Normale,Deux véhicules - côté,4,2,2,0,2,1,1,5,1,50,2,2,1,0,0,1,18.0,43.0,deux_roues,voiture,1,1,3,1,3
202200050431,2022-07-09 18:40:00,2022,7,9,18,40,92,92012,ANDRE MORIZET (AVENUE) - 49/FIN - 54/FIN,48.8369141833,2.2364829406,Plein jour,En agglomération,Intersection en X,Normale,Deux véhicules - côté,3,2,2,0,1,1,1,5,1,50,2,2,1,0,0,1,28.0,23.0,deux_roues,transport_commun,1,2,2,1,3
202200050432,2022-11-28 06:35:00,2022,11,28,6,35,44,44109,21 Boulevard des Frères de Goncourt,47.23324,-1.56558,Nuit avec éclairage allumé,En agglomération,Place,Pluie légère,Autre collision,4,3,3,2,1,1,2,0,1,30,1,2,1,0,1,0,22.0,,voiture,,5,2,7,2,6
202200050433,2022-09-20 07:20:00,2022,9,20,7,20,92,92023,RN385,48.7766292971,2.2331996201,Nuit sans éclairage public,Hors agglomération,Hors intersection,Normale,Trois véhicules et plus - en chaîne,2,1,3,0,1,1,1,0,1,90,6,6,4,0,0,2,26.0,40.0,utilitaire_camion,voiture,3,1,1,1,4
202200050434,2022-03-29 17:25:00,2022,3,29,17,25,78,78043,A12 Y,48.84193,2.102195,Plein jour,Hors agglomération,Hors intersection,Pluie légère,Trois véhicules et plus - en chaîne,1,1,0,0,1,2,2,0,1,90,3,3,2,0,0,1,57.0,60.0,utilitaire_camion,voiture,1,1,1,2,4
202200050435,2022-10-24 19:20:00,2022,10,24,19,20,30,30202,N86,44.247585,4.651068,Nuit sans éclairage public,Hors agglomération,Giratoire,Normale,Deux véhicules - frontale,2,2,2,0,1,2,1,0,1,80,2,3,2,0,1,0,57.0,37.0,voiture,deux_roues,3,1,6,1,1
202200050436,2022-02-16 05:11:00,2022,2,16,5,11,94,94054,Route Charles Tillon / Avenue de la Victoire,48.74478,2.38632,Nuit avec éclairage allumé,En agglomération,Intersection en T,Pluie forte,Deux véhicules - arrière,3,2,4,1,1,1,2,5,1,50,2,2,1,0,1,0,52.0,21.0,deux_roues,utilitaire_camion,5,2,3,3,2
202200050437,2022-06-08 06:22:00,2022,6,8,6,22,49,49007,DE LATTRE DE TASSIGNY,47.4481330634,-0.538238883,Plein jour,En agglomération,Giratoire,Normale,Deux véhicules - côté,3,1,2,0,1,2,2,0,1,30,2,2,1,0,0,1,,24.0,voiture,deux_roues,1,2,6,1,3
202200050438,2022-08-13 15:20:00,2022,8,13,15,20,91,91589,AUTOROUTE A6,48.67158,2.34637,Plein jour,Hors agglomération,Hors intersection,Normale,Trois véhicules et plus - en chaîne,1,1,3,0,1,1,1,0,1,110,3,6,2,0,0,4,53.0,39.0,utilitaire_camion,voiture,1,1,1,1,4
202200050439,2022-11-28 09:05:00,2022,11,28,9,5,43,43002,Avenue de Bonneville,45.049912,3.881611,Plein jour,En agglomération,Hors intersection,Pluie légère,Deux véhicules - arrière,3,1,1,0,1,1,2,5,1,50,2,3,1,0,0,2,24.0,61.0,utilitaire_camion,voiture,1,2,1,2,2
202200050440,2022-09-20 19:04:00,2022,9,20,19,4,93,93007,A1,48.9511831351,2.4502991194,Plein jour,Hors agglomération,Hors intersection,Normale,Deux véhicules - arrière,1,3,8,0,1,1,1,0,1,110,2,2,1,0,0,1,22.0,31.0,voiture,voiture,1,1,1,1,2
202200050441,2022-07-07 17:30:00,2022,7,7,17,30,92,92012,CHARLES DE GAULLE (AVENUE) COTE IMPAIR,48.8467281095,2.2368529513,Plein jour,En agglomération,Intersection en X,Normale,Autre collision,3,2,2,0,1,1,1,9,1,50,1,3,1,0,0,2,53.0,,voiture,,1,2,2,1,6
202200050442,2022-02-16 04:40:00,2022,2,16,4,40,93,93064,ALSACE-LORRAINE (BOULEVARD),48.88466674,2.4835446327,Nuit avec éclairage allumé,En agglomération,Hors intersection,Pluie légère,Deux véhicules - côté,3,3,4,0,1,1,2,0,1,50,2,2,1,0,0,1,20.0,20.0,autre,voiture,5,2,1,2,3
202200050443,2022-06-07 12:10:00,2022,6,7,12,10,44,44143,14 Rue de la Croix Médard,47.18823,-1.57369,Plein jour,En agglomération,Hors intersection,Normale,Deux véhicules - frontale,4,2,2,0,3,3,1,0,1,50,2,2,1,0,0,1,42.0,,voiture,voiture,1,2,1,1,1
202200050444,2022-10-23 10:45:00,2022,10,23,10,45,51,51359,D41,48.858553,3.510185,Plein jour,Hors agglomération,Intersection en T,Normale,Deux véhicules - côté,3,2,2,0,2,3,1,0,1,90,2,2,1,0,1,0,59.0,22.0,utilitaire_camion,voiture,1,1,3,1,3
202200050445,2022-08-13 10:48:00,2022,8,13,10,48,91,91228,RN 104,48.63241,2.40661,Plein jour,Hors agglomération,Hors intersection,Normale,Deux véhicules - arrière,2,-1,2,0,1,1,1,0,1,90,2,3,2,0,0,1,27.0,38.0,voiture,voiture,1,1,1,1,2
202200050446,2022-03-28 17:30:00,2022,3,28,17,30,95,95500,AUTOROUTE A15,49.0378,2.08959,Plein jour,Hors agglomération,Hors intersection,Normale,Trois véhicules et plus - collisions multiples,1,3,8,0,1,1,1,0,1,90,4,4,3,0,0,1,53.0,33.0,deux_roues,voiture,1,1,1,1,5
202200050447,2022-11-28 08:15:00,2022,11,28,8,15,35,35238,MANIEZ (AVENUE JULES),48.0984634285,-1.6978999972,Plein jour,En agglomération,Hors intersection,Normale,Deux véhicules - côté,4,2,2,3,2,1,2,0,5,50,2,2,1,0,0,1,27.0,47.0,voiture,deux_roues,1,2,1,1,3
202200050448,2022-09-19 19:30:00,2022,9,19,19,30,95,95042,RN 104,49.0616820127,2.3148751259,Plein jour,Hors agglomération,Hors intersection,Normale,Deux véhicules - arrière,2,3,4,0,1,1,1,0,1,110,2,2,0,0,1,1,58.0,20.0,voiture,voiture,1,1,1,1,2
202200050449,2022-04-23 06:30:00,2022,4,23,6,30,44,44143,3 Rue de la Butte de Praud,47.17058,-1.54889,Crépuscule ou aube,En agglomération,Giratoire,Normale,Deux véhicules - côté,4,1,1,0,1,1,1,5,1,50,2,2,1,0,1,0,,46.0,voiture,deux_roues,2,2,6,1,3
202200050450,2022-07-07 13:50:00,2022,7,7,13,50,92,92012,EDOUARD VAILLANT (AVENUE) - DEBUT/55 - C,48.8364307367,2.252649486,Plein jour,En agglomération,Hors intersection,Normale,Deux véhicules - arrière,3,3,2,0,1,1,1,0,1,50,2,4,2,0,0,2,40.0,32.0,voiture,voiture,1,2,1,1,2
202200050451,2022-10-24 17:50:00,2022,10,24,17,50,56,56122,La Saudraie,48.009779,-2.393646,Crépuscule ou aube,Hors agglomération,Hors intersection,Temps couvert,Deux véhicules - frontale,3,2,2,0,1,3,1,0,1,80,2,3,0,0,3,0,25.0,23.0,voiture,voiture,2,1,1,8,1
202200050452,2022-02-16 18:15:00,2022,2,16,18,15,93,93031,Avenue de Lattre de Tassigny / Avenue Jean Jaurès,48.95298,2.31591,Nuit avec éclairage allumé,En agglomération,Intersection en X,Pluie légère,Deux véhicules - côté,3,3,4,0,1,1,2,9,1,50,2,2,1,0,1,0,28.0,32.0,voiture,voiture,5,2,2,2,3
202200050453,2022-11-26 14:35:00,2022,11,26,14,35,34,34108,RD 612,43.42073,3.73623,Plein jour,En agglomération,Hors intersection,Normale,Deux véhicules - frontale,3,2,2,0,1,1,1,0,1,80,2,3,0,0,1,2,58.0,78.0,voiture,voiture,1,2,1,1,1
202200050454,2022-03-29 17:10:00,2022,3,29,17,10,94,94028,A86 INT,48.7893256603,2.4401932752,Plein jour,Hors agglomération,Hors intersection,Pluie légère,Deux véhicules - côté,1,1,4,0,1,1,2,0,1,90,2,2,1,0,0,1,24.0,32.0,deux_roues,voiture,1,1,1,2,3
202200050455,2022-10-25 08:45:00,2022,10,25,8,45,76,76452,Place de l Abbe Kerebel,49.547603,1.073595,Plein jour,En agglomération,Autre intersection,Normale,Autre collision,9,1,2,0,1,2,2,0,1,10,1,3,2,0,1,0,36.0,,voiture,,1,2,9,1,6
202200050456,2022-07-08 00:45:00,2022,7,8,0,45,92,92004,SABLIERE,48.9078646833,2.2731305659,Nuit avec éclairage allumé,Hors agglomération,Hors intersection,Normale,Deux véhicules - arrière,4,1,1,0,1,1,1,0,1,50,2,2,1,0,0,1,20.0,40.0,deux_roues,voiture,5,1,1,1,2
202200050457,2022-11-28 19:45:00,2022,11,28,19,45,33,33162,Avenue de Saint-Medard,44.86384,-0.65995,Nuit avec éclairage allumé,En agglomération,Hors intersection,Normale,Autre collision,4,2,2,2,1,1,2,0,1,50,1,2,1,0,1,0,21.0,,voiture,,5,2,1,1,6
202200050458,2022-04-16 21:15:00,2022,4,16,21,15,44,44109,29 Rue de Fleurus,47.2117,-1.54261,Nuit avec éclairage allumé,En agglomération,Hors intersection,Normale,Trois véhicules et plus - en chaîne,4,3,2,1,4,1,1,2,1,30,3,3,2,0,0,1,42.0,26.0,voiture,deux_roues,5,2,1,1,4
202200050459,2022-02-16 18:30:00,2022,2,16,18,30,93,93031,Avenue du 18 Juin 1940,48.952952,2.307469,Plein jour,En agglomération,Autre intersection,Pluie légère,Autre collision,3,2,4,0,1,1,2,0,8,50,1,2,1,0,0,1,65.0,,voiture,,1,2,9,2,6
202200050460,2022-03-29 08:50:00,2022,3,29,8,50,77,77122,RN104,48.6522206256,2.6132676949,Plein jour,Hors agglomération,Hors intersection,Normale,Sans collision,2,3,2,0,4,3,1,3,1,90,1,1,0,0,0,1,50.0,,voiture,,1,1,1,1,7
202200050461,2022-09-19 18:50:00,2022,9,19,18,50,93,93066, A1,48.9110682904,2.358190848,Plein jour,Hors agglomération,Hors intersection,Normale,Trois véhicules et plus - en chaîne,1,3,8,0,1,1,1,1,1,90,4,5,3,0,0,2,19.0,33.0,voiture,voiture,1,1,1,1,4
202200050462,2022-10-24 20:00:00,2022,10,24,20,0,33,33345,lieu dit reveillon,44.670515,0.078385,Nuit sans éclairage public,Hors agglomération,Hors intersection,Normale,Autre collision,3,-1,2,0,2,2,1,0,3,80,1,1,0,1,0,0,61.0,,utilitaire_camion,,3,1,1,1,6
202200050463,2022-08-13 11:30:00,2022,8,13,11,30,78,78140,A13,48.959341,1.932477,Plein jour,Hors agglomération,Hors intersection,Normale,Sans collision,1,1,3,0,1,1,1,0,3,130,1,1,0,0,0,1,28.0,,voiture,,1,1,1,1,7
202200050464,2022-11-28 09:15:00,2022,11,28,9,15,31,31069,BRASSENS (AV GEORGES),43.64885,1.3732,Plein jour,En agglomération,Hors intersection,Pluie légère,Deux véhicules - côté,4,2,2,0,1,3,2,0,1,50,2,2,1,0,0,1,53.0,43.0,utilitaire_camion,voiture,1,2,1,2,3
202200050465,2022-02-16 15:15:00,2022,2,16,15,15,93,93013,LECLERC (AVENU DE LA DIVISION),48.9347109671,2.4255909554,Plein jour,En agglomération,Hors intersection,Normale,Autre collision,3,3,4,0,1,1,1,0,1,50,2,3,2,0,0,1,22.0,58.0,deux_roues,voiture,1,2,1,1,6
202200050466,2022-07-08 12:30:00,2022,7,8,12,30,92,92004,DOCTEUR DERVAUX  ( QUAI DU ),48.908468663,2.2929912507,Plein jour,En agglomération,Autre intersection,Normale,Deux véhicules - côté,3,1,1,0,1,1,1,0,1,50,2,2,1,0,0,1,64.0,45.0,deux_roues,voiture,1,2,9,1,3
202200050467,2022-10-25 11:40:00,2022,10,25,11,40,32,32061,D626,43.537392,0.772187,Plein jour,Hors agglomération,Hors intersection,Normale,Deux véhicules - frontale,3,2,2,0,1,3,1,0,1,80,2,2,0,1,0,1,71.0,44.0,voiture,utilitaire_camion,1,1,1,1,1
202200050468,2022-03-27 19:30:00,2022,3,27,19,30,76,76351,ALBERT 1ER,49.49744,0.09233,Plein jour,En agglomération,Hors intersection,Normale,Autre collision,4,3,4,0,1,1,1,0,1,50,1,2,1,0,0,1,18.0,,voiture,,1,2,1,1,6
202200050469,2022-08-13 05:00:00,2022,8,13,5,0,78,78640,N118,48.776315,2.222127,Nuit sans éclairage public,Hors agglomération,Hors intersection,Normale,Deux véhicules - arrière,2,3,2,0,1,1,1,0,1,90,2,3,2,0,0,1,27.0,59.0,voiture,voiture,3,1,1,1,2
202200050470,2022-06-07 17:40:00,2022,6,7,17,40,43,43157,10 Boulevard Gambetta,45.0445349394,3.8788497448,Plein jour,En agglomération,Hors intersection,Normale,Trois véhicules et plus - collisions multiples,3,2,3,0,1,1,1,0,1,50,3,3,2,0,0,1,62.0,83.0,deux_roues,voiture,1,2,1,1,5
202200050471,2022-11-28 09:54:00,2022,11,28,9,54,29,29232,Rue de l'Universite,47.98222,-4.09708,Plein jour,En agglomération,Intersection en X,Pluie forte,Deux véhicules - frontale,4,2,2,0,2,1,2,5,1,30,2,2,0,0,0,2,20.0,18.0,voiture,voiture,1,2,2,3,1
202200050472,2022-02-16 13:20:00,2022,2,16,13,20,93,93010,Rue Louis Auguste Blanqui / Avenue Carnot,48.89987,2.48148,Plein jour,En agglomération,Intersection en X,Temps couvert,Deux véhicules - côté,4,2,2,0,1,1,2,8,3,50,2,2,1,0,0,1,22.0,13.0,deux_roues,deux_roues,1,2,2,8,3
202200050473,2022-03-28 20:45:00,2022,3,28,20,45,75,75110,BOULEVARD DE STRASBOURG,48.8699952246,2.3546368629,Nuit avec éclairage allumé,En agglomération,Hors intersection,Normale,Autre collision,4,2,2,1,1,1,1,-1,5,30,1,2,1,0,0,1,34.0,,deux_roues,,5,2,1,1,6
202200050474,2022-08-13 13:40:00,2022,8,13,13,40,93,93039,AUTOROUTE A86,48.926876808,2.3359794749,Plein jour,Hors agglomération,Autre intersection,Normale,Deux véhicules - arrière,1,3,8,0,1,1,1,3,1,70,2,2,1,0,0,1,,72.0,voiture,deux_roues,1,1,9,1,2
202200050475,2022-10-24 13:45:00,2022,10,24,13,45,71,71509,Lieu-dit ''Le Polroy'',47.004219167,4.2055964466,Plein jour,Hors agglomération,Hors intersection,Normale,Trois véhicules et plus - collisions multiples,3,2,2,0,1,1,1,0,1,70,3,4,2,0,0,2,33.0,64.0,voiture,voiture,1,1,1,1,5
202200050476,2022-02-15 14:33:00,2022,2,15,14,33,93,93007,PIERRE ET MARIE CURIE (AVENUE),48.9369680827,2.4608954807,Plein jour,En agglomération,Hors intersection,Normale,Autre collision,4,1,0,0,1,1,1,0,1,50,1,1,0,0,0,1,84.0,,voiture,,1,2,1,1,6
202200050477,2022-09-21 17:30:00,2022,9,21,17,30,77,77083,A4.W,48.831915,2.601239,Plein jour,Hors agglomération,Hors intersection,Normale,Trois véhicules et plus - collisions multiples,1,2,3,0,1,1,1,0,1,110,4,5,3,0,1,1,25.0,51.0,voiture,voiture,1,1,1,1,5
202200050478,2022-11-28 22:30:00,2022,11,28,22,30,25,25056,VOIRIN RUE,47.24252,6.01008,Nuit avec éclairage allumé,En agglomération,Hors intersection,Temps couvert,Autre collision,3,3,4,3,1,2,2,9,6,30,1,1,0,0,1,0,40.0,,utilitaire_camion,,5,2,1,8,6
202200050479,2022-02-28 17:20:00,2022,2,28,17,20,972,97209,ERNEST DEPROGE (RUE),14.60364,-61.07219,Plein jour,En agglomération,Intersection en Y,Normale,Autre collision,4,1,2,3,1,1,1,0,1,50,1,2,1,0,0,1,21.0,,voiture,,1,2,4,1,6
202200050480,2022-10-24 18:00:00,2022,10,24,18,0,12,12047,D45- MAJAU,44.436562,3.078652,Crépuscule ou aube,Hors agglomération,Hors intersection,Normale,Sans collision,3,2,2,0,2,4,1,0,1,90,1,1,0,0,1,0,49.0,,deux_roues,,2,1,1,1,7
202200050481,2022-07-08 16:30:00,2022,7,8,16,30,92,92014,GENERAL LECLERC (AV.) (1 A 55BIS - 2 A 4,48.7879282516,2.3187397867,Plein jour,En agglomération,Intersection en X,Normale,Deux véhicules - côté,3,2,6,0,1,1,1,0,1,50,2,3,2,0,0,1,25.0,50.0,deux_roues,voiture,1,2,2,1,3
202200050482,2022-02-16 12:15:00,2022,2,16,12,15,93,93001,Rue Hemet,48.916879,2.389633,Plein jour,En agglomération,Autre intersection,Temps couvert,Autre collision,4,1,1,0,1,1,1,0,4,50,1,2,1,0,0,1,19.0,,voiture,,1,2,9,8,6
202200050483,2022-08-12 20:20:00,2022,8,12,20,20,93,93064,AUTOROUTE A86,48.88137,2.4742,Plein jour,Hors agglomération,Hors intersection,Normale,Trois véhicules et plus - en chaîne,1,3,5,0,2,3,1,0,1,90,3,5,3,0,0,2,54.0,29.0,voiture,voiture,1,1,1,1,4
202200050484,2022-09-20 22:05:00,2022,9,20,22,5,94,94028,A86 EXT,48.7760849626,2.4295495219,Nuit sans éclairage public,Hors agglomération,Hors intersection,Normale,Sans collision,1,2,4,0,1,1,1,3,1,90,1,1,0,0,0,1,58.0,,utilitaire_camion,,3,1,1,1,7
202200050485,2022-11-28 14:25:00,2022,11,28,14,25,25,25056,SANATORIUM CHEMIN DU,47.235407,5.961699,Plein jour,En agglomération,Intersection en Y,Pluie légère,Deux véhicules - côté,4,-1,2,0,2,3,2,0,1,50,2,2,0,0,0,2,47.0,32.0,voiture,voiture,1,2,4,2,3
202200050486,2022-03-29 09:30:00,2022,3,29,9,30,988,98818,ROUTE DE LA BAIE DES DAMES/RUE FULTON,-22.23791,166.4473,Plein jour,En agglomération,Intersection en T,Normale,Deux véhicules - arrière,3,2,2,0,1,1,1,0,1,50,2,2,0,0,0,2,28.0,44.0,voiture,voiture,1,2,3,1,2
202200050487,2022-06-07 21:00:00,2022,6,7,21,0,42,42218,Avenue Léon Jouhaux,45.4242269092,4.4320159251,Crépuscule ou aube,Hors agglomération,Hors intersection,Normale,Deux véhicules - frontale,4,2,2,0,1,4,1,0,1,50,2,2,0,0,0,2,51.0,37.0,voiture,voiture,2,1,1,1,1
202200050488,2022-02-16 14:00:00,2022,2,16,14,0,92,92073,SELLIER (BOULEVARD HENRI),48.8675992215,2.2267849445,Plein jour,En agglomération,Hors intersection,Normale,Deux véhicules - arrière,3,2,3,0,2,1,1,0,1,50,2,2,1,0,0,1,37.0,20.0,deux_roues,utilitaire_camion,1,2,1,1,2
202200050489,2022-07-07 19:10:00,2022,7,7,19,10,92,92002,DIVISION LECLERC (1 A 29 -2 A 34),48.7513705728,2.3044534027,Plein jour,En agglomération,Intersection en X,Normale,Autre collision,3,2,2,1,1,1,1,6,1,50,1,2,1,0,0,1,73.0,,voiture,,1,2,2,1,6
202200050490,2022-11-28 06:25:00,2022,11,28,6,25,25,25056,BELFORT RUE DE (inf144),47.258446,6.044575,Crépuscule ou aube,En agglomération,Hors intersection,Normale,Deux véhicules - arrière,3,1,2,0,2,1,1,0,1,50,2,2,1,0,0,1,42.0,40.0,voiture,voiture,2,2,1,1,2
202200050491,2022-09-20 12:00:00,2022,9,20,12,0,51,51454,rue Gerbert,49.2507102396,4.0400665998,Plein jour,En agglomération,Hors intersection,Normale,Sans collision,4,2,2,0,1,1,1,0,1,50,1,2,1,0,0,1,61.0,,utilitaire_camion,,1,2,1,1,7
202200050492,2022-06-07 08:27:00,2022,6,7,8,27,41,41018,ALBERT 1ER (RUE),47.582123,1.322361,Plein jour,En agglomération,Hors intersection,Normale,Autre collision,3,2,2,0,1,2,1,0,1,30,1,2,1,0,0,1,32.0,,voiture,,1,2,1,1,6
202200050493,2022-10-24 12:50:00,2022,10,24,12,50,42,42150,Route de Boën,45.724699,4.045064,Plein jour,Hors agglomération,Intersection en T,Normale,Autre collision,3,2,2,0,1,3,1,0,1,80,1,2,1,0,1,0,67.0,,voiture,,1,1,3,1,6
202200050494,2022-03-28 20:05:00,2022,3,28,20,5,973,97302,MONTABO (ROUTE DE) 2,4.93956,-52.30109,Nuit avec éclairage allumé,En agglomération,Intersection en T,Normale,Deux véhicules - côté,3,2,2,0,1,1,1,0,1,50,2,2,1,0,0,1,36.0,18.0,voiture,deux_roues,5,2,3,1,3
202200050495,2022-02-15 19:25:00,2022,2,15,19,25,92,92050,REPUBLIQUE AVENUE DE LA,48.9118365843,2.2228276804,Nuit avec éclairage allumé,En agglomération,Intersection en T,Pluie légère,Autre collision,3,2,2,0,1,1,2,0,1,50,1,2,1,0,0,1,29.0,,voiture,,5,2,3,2,6
202200050496,2022-11-28 19:20:00,2022,11,28,19,20,22,22360,53 Rue du Guerneau,48.4832228737,-2.7727781832,Nuit sans éclairage public,Hors agglomération,Hors intersection,Pluie légère,Sans collision,4,2,1,0,1,1,2,0,1,50,1,1,0,0,0,1,20.0,,deux_roues,,3,1,1,2,7
202200050497,2022-07-06 19:34:00,2022,7,6,19,34,92,92002,ESTEREL (ALLEE DE L'),48.735104786,2.286488235,Plein jour,En agglomération,Hors intersection,Normale,Autre collision,4,2,2,0,1,1,1,0,1,50,1,2,1,0,0,1,55.0,,voiture,,1,2,1,1,6
202200050498,2022-10-25 12:38:00,2022,10,25,12,38,68,68155,46 Rue de la République,48.096813,7.302967,Plein jour,En agglomération,Hors intersection,Normale,Autre collision,3,2,2,0,1,1,1,0,4,50,1,2,1,0,0,1,,,autre,,1,2,1,1,6
202200050499,2022-09-20 16:15:00,2022,9,20,16,15,74,74305,POTTIERE (RUE DE),46.20176,6.25849,Plein jour,En agglomération,Hors intersection,Normale,Autre collision,4,2,2,0,1,1,1,0,8,50,1,2,1,0,0,1,22.0,,deux_roues,,1,2,1,1,6
202200050500,2022-03-29 00:10:00,2022,3,29,0,10,69,69387,Cours Gambetta,45.74992,4.85832,Nuit avec éclairage non allumé,En agglomération,Hors intersection,Normale,Autre collision,4,1,2,3,1,1,1,0,4,50,1,1,0,0,0,1,27.0,,autre,,4,2,1,1,6
202200050501,2022-11-26 23:30:00,2022,11,26,23,30,19,19031,,45.150711,1.543782,Nuit sans éclairage public,Hors agglomération,Hors intersection,Normale,Sans collision,3,2,2,0,1,1,1,0,1,70,1,1,0,0,1,0,32.0,,deux_roues,,3,1,1,1,7
202200050502,2022-06-07 17:40:00,2022,6,7,17,40,38,38185,AVENUE PAUL COCAT,45.17068,5.73999,Plein jour,En agglomération,Intersection en X,Normale,Deux véhicules - côté,7,2,2,0,1,1,1,5,1,30,2,2,1,0,0,1,13.0,21.0,deux_roues,voiture,1,2,2,1,3
202200050503,2022-07-06 20:10:00,2022,7,6,20,10,35,35294,D177,47.698303,-2.028077,Plein jour,Hors agglomération,Hors intersection,Normale,Autre collision,4,2,2,0,1,3,1,0,1,70,1,1,0,0,1,0,50.0,,deux_roues,,1,1,1,1,6
202200050504,2022-09-20 18:30:00,2022,9,20,18,30,94,94081,MOULIN DE SAQUET (AV DU),48.79032,2.38014,Plein jour,En agglomération,Hors intersection,Normale,Deux véhicules - frontale,3,2,2,0,2,1,1,0,1,50,1,2,1,0,0,1,35.0,,deux_roues,,1,2,1,1,1
202200050505,2022-08-12 20:00:00,2022,8,12,20,0,973,97302,CATAYEE (JUSTIN),4.9389423761,-52.3283234239,Crépuscule ou aube,En agglomération,Intersection en X,Normale,Deux véhicules - côté,4,-1,1,0,1,1,1,0,1,50,2,2,1,0,0,1,56.0,28.0,voiture,voiture,2,2,2,1,3
202200050506,2022-10-24 18:53:00,2022,10,24,18,53,39,39333,1 Route de Saint-Laurent,46.434526,5.725025,Plein jour,En agglomération,Intersection en T,Normale,Deux véhicules - côté,3,2,2,0,1,2,1,0,1,50,2,2,1,0,0,1,30.0,75.0,voiture,deux_roues,1,2,3,1,3
202200050507,2022-03-28 17:20:00,2022,3,28,17,20,69,69386,Rue Bossuet,45.76756,4.84762,Plein jour,Hors agglomération,Intersection en X,Normale,Deux véhicules - côté,4,1,1,2,1,1,1,0,1,50,2,2,1,0,0,1,37.0,44.0,deux_roues,voiture,1,1,2,1,3
202200050508,2022-11-25 19:30:00,2022,11,25,19,30,19,19031,MARQUISIE (IMPASSE DE LA),45.1575892565,1.4911783933,Nuit avec éclairage allumé,Hors agglomération,Hors intersection,Normale,Deux véhicules - arrière,4,2,2,0,1,1,2,0,1,50,2,2,1,0,1,0,15.0,25.0,deux_roues,voiture,5,1,1,1,2
202200050509,2022-07-06 11:00:00,2022,7,6,11,0,49,49063,Place de l Hôtel de Ville,47.351581,-0.763561,Plein jour,En agglomération,Giratoire,Normale,Autre collision,3,2,2,0,1,1,1,0,1,50,1,2,1,0,1,0,36.0,,voiture,,1,2,6,1,6
202200050510,2022-02-16 08:55:00,2022,2,16,8,55,92,92020,PARIS AVENUE DE N°2 A82,48.8040179888,2.2885465622,Plein jour,En agglomération,Intersection en X,Normale,Trois véhicules et plus - collisions multiples,3,2,3,0,1,1,2,0,1,50,3,5,4,0,0,1,50.0,36.0,utilitaire_camion,voiture,1,2,2,1,5
202200050511,2022-06-07 13:40:00,2022,6,7,13,40,37,37122,GALLIENI (RUE),47.3503215869,0.6564304233,Plein jour,En agglomération,Giratoire,Normale,Deux véhicules - arrière,4,3,2,0,1,1,1,9,1,50,2,2,1,0,0,1,28.0,33.0,utilitaire_camion,voiture,1,2,6,1,2
202200050512,2022-08-11 12:55:00,2022,8,11,12,55,973,97302,BADUEL (ROUTE DE),4.9322345493,-52.3078688979,Plein jour,En agglomération,Hors intersection,Normale,Autre collision,3,2,2,0,1,1,1,0,1,50,1,2,0,0,0,2,83.0,,deux_roues,,1,2,1,1,6
202200050513,2022-10-24 18:18:00,2022,10,24,18,18,25,25157,N57,46.853628,6.372929,Crépuscule ou aube,Hors agglomération,Hors intersection,Pluie légère,Deux véhicules - frontale,2,2,2,0,1,3,2,0,1,80,2,2,1,0,1,0,51.0,22.0,voiture,voiture,2,1,1,2,1
202200050514,2022-10-26 12:45:00,2022,10,26,12,45,13,13056,CD 49,43.39728,5.03251,Plein jour,Hors agglomération,Hors intersection,Normale,Deux véhicules - côté,3,1,2,0,1,1,1,0,1,70,2,2,1,0,0,1,22.0,35.0,utilitaire_camion,voiture,1,1,1,1,3
202200050515,2022-09-19 08:05:00,2022,9,19,8,5,92,92050,BOUVETS BOULEVARD DES,48.8982470505,2.220042944,Plein jour,En agglomération,Intersection en X,Normale,Autre collision,3,1,1,0,1,1,1,2,1,50,1,2,1,0,0,1,35.0,,voiture,,1,2,2,1,6
202200050516,2022-03-28 12:55:00,2022,3,28,12,55,69,69199,Boulevard Yves Farge,45.6973650838,4.8580545187,Plein jour,En agglomération,Hors intersection,Normale,Trois véhicules et plus - en chaîne,7,2,2,2,1,1,1,0,1,50,3,3,2,0,0,1,22.0,22.0,voiture,voiture,1,2,1,1,4
202200050517,2022-02-16 08:00:00,2022,2,16,8,0,92,92020,REPUBLIQUE AV. N°27 A 105 ET 26 A 178,48.8093547839,2.3010840118,Plein jour,En agglomération,Intersection en T,Temps couvert,Sans collision,4,2,2,0,1,1,2,0,1,50,1,1,0,0,0,1,25.0,,deux_roues,,1,2,3,8,7