accident_id,datetime,annee,mois,jour,heure,minute,departement,commune_insee,adresse,latitude,longitude,luminosite,agglomeration,intersection,meteo,collision,catr,circ,nbv,vosp,prof,plan,surf,infra,situ,vma,nb_vehicules,nb_usagers,nb_indemnes,nb_tues,nb_blesses_hosp,nb_blesses_legers,age_cond_1,age_cond_2,veh_type_cond_1,veh_type_cond_2,lum_code,agg_code,int_code,atm_code,col_code
202200050792,2022-02-16 18:15:00,2022,2,16,18,15,42,42005,Rue Charles Nungesser,45.532477,4.304667,Nuit avec éclairage allumé,Hors agglomération,Hors intersection,Normale,Trois véhicules et plus - en chaîne,7,3,2,0,1,1,1,0,1,90,3,3,0,0,0,3,46.0,55.0,voiture,voiture,5,1,1,1,4
202200050793,2022-03-25 12:45:00,2022,3,25,12,45,50,50129,ABBAYE (RUE DE L'),49.64645,-1.64222,Plein jour,En agglomération,Hors intersection,Normale,Trois véhicules et plus - en chaîne,3,1,1,0,3,1,1,1,1,45,3,3,2,0,0,1,75.0,35.0,voiture,voiture,1,2,1,1,4
202200050794,2022-06-07 19:15:00,2022,6,7,19,15,10,10333,MEDERIC (RUE),48.2800228605,4.0492504835,Plein jour,En agglomération,Hors intersection,Normale,Deux véhicules - arrière,4,2,2,0,1,1,1,0,1,50,2,3,1,0,0,2,79.0,27.0,voiture,voiture,1,2,1,1,2
202200050795,2022-08-12 02:55:00,2022,8,12,2,55,37,37233,FARGES (AVENUE YVES),47.3869679178,0.7479554415,Nuit sans éclairage public,En agglomération,Autre intersection,Normale,Autre collision,4,2,2,0,1,1,1,0,1,50,1,1,0,0,0,1,49.0,,utilitaire_camion,,3,2,9,1,6
202200050796,2022-02-15 14:15:00,2022,2,15,14,15,85,85092,Rue Kléber,46.46122,-0.800393,Plein jour,En agglomération,Hors intersection,Pluie légère,Autre collision,4,1,2,0,1,3,2,0,1,50,1,1,0,0,1,0,33.0,,deux_roues,,1,2,1,2,6
202200050797,2022-07-11 16:35:00,2022,7,11,16,35,71,71384,Autoroute A6 PK 342+900,46.684051,4.845335,Plein jour,Hors agglomération,Hors intersection,Normale,Deux véhicules - arrière,1,3,5,0,1,1,1,0,1,130,2,3,2,0,1,0,58.0,32.0,utilitaire_camion,utilitaire_camion,1,1,1,1,2
202200050798,2022-09-19 11:55:00,2022,9,19,11,55,71,71306,ALOUETTES (AVENUE DES),46.68146,4.36301,Plein jour,En agglomération,Hors intersection,Normale,Sans collision,4,2,2,0,1,1,1,0,1,50,1,1,0,0,0,1,43.0,,deux_roues,,1,2,1,1,7
202200050799,2022-11-28 17:00:00,2022,11,28,17,0,94,94046,EUGENE RENAULT (R),48.8152,2.41936,Crépuscule ou aube,En agglomération,Hors intersection,Temps couvert,Deux véhicules - côté,3,2,4,0,1,1,1,0,1,50,2,2,1,0,0,1,51.0,37.0,deux_roues,voiture,2,2,1,8,3
202200050800,2022-06-07 15:28:00,2022,6,7,15,28,10,10357,RN19,48.2957,4.1388,Plein jour,En agglomération,Hors intersection,Normale,Deux véhicules - arrière,3,2,2,0,1,1,1,0,1,50,2,3,1,0,0,2,41.0,81.0,voiture,voiture,1,2,1,1,2
202200050801,2022-10-24 17:34:00,2022,10,24,17,34,33,33029,D5,44.595311,-0.75251,Plein jour,Hors agglomération,Intersection en Y,Normale,Deux véhicules - côté,3,2,2,0,1,2,1,0,1,80,2,2,1,0,1,0,52.0,61.0,utilitaire_camion,deux_roues,1,1,4,1,3
202200050802,2022-07-06 23:10:00,2022,7,6,23,10,71,71202,"A6, PR 322+700 direction Paris",46.863301,4.821925,Nuit sans éclairage public,Hors agglomération,Hors intersection,Normale,Autre collision,1,3,5,0,1,1,1,0,1,130,1,1,0,0,0,1,66.0,,utilitaire_camion,,3,1,1,1,6
202200050803,2022-08-12 20:39:00,2022,8,12,20,39,34,34172,Avenue de la Liberté,43.61135,3.82873,Crépuscule ou aube,En agglomération,Intersection en X,Normale,Deux véhicules - côté,7,2,4,0,1,1,1,0,1,50,2,2,1,0,0,1,,23.0,voiture,deux_roues,2,2,2,1,3
202200050804,2022-03-26 11:55:00,2022,3,26,11,55,49,49328,VAULANGLAIS (RUE DU),47.24996,-0.093639,Plein jour,En agglomération,Intersection en T,Normale,Deux véhicules - côté,4,2,2,0,1,1,1,0,1,50,2,4,2,0,1,1,27.0,39.0,voiture,deux_roues,1,2,3,1,3
202200050805,2022-09-20 12:45:00,2022,9,20,12,45,69,69275,Rue de la Fraternité,45.77185,4.95747,Plein jour,En agglomération,Hors intersection,Normale,Autre collision,4,2,2,2,1,1,1,0,1,50,1,2,1,0,0,1,36.0,,utilitaire_camion,,1,2,1,1,6
202200050806,2022-05-09 20:00:00,2022,5,9,20,0,75,75116,AVENUE DE NEW YORK,48.863343,2.296331,Plein jour,En agglomération,Intersection en T,Normale,Autre collision,4,2,4,1,1,1,1,0,5,50,1,2,0,0,0,2,55.0,,deux_roues,,1,2,3,1,6
202200050807,2022-07-08 18:45:00,2022,7,8,18,45,42,42231,N7,46.109066,3.962512,Plein jour,Hors agglomération,Hors intersection,Normale,Deux véhicules - frontale,2,2,2,0,1,1,1,0,1,80,2,2,1,0,1,0,57.0,81.0,deux_roues,voiture,1,1,1,1,1
202200050808,2022-11-28 19:40:00,2022,11,28,19,40,94,94037,Avenue Jean Jaurès,48.81421,2.34982,Nuit avec éclairage allumé,En agglomération,Intersection en X,Pluie légère,Deux véhicules - arrière,3,2,0,0,2,1,2,0,1,50,2,2,1,0,0,1,18.0,30.0,voiture,deux_roues,5,2,2,2,2
202200050809,2022-06-08 10:20:00,2022,6,8,10,20,09,09207,PYRENEES (AV DES),42.930037,1.635831,Plein jour,En agglomération,Autre intersection,Normale,Deux véhicules - arrière,3,3,1,0,1,1,1,8,1,50,2,2,1,0,0,1,26.0,45.0,voiture,utilitaire_camion,1,2,9,1,2
202200050810,2022-10-25 07:45:00,2022,10,25,7,45,85,85088,D754,46.716857,-1.905339,Nuit avec éclairage non allumé,En agglomération,Intersection en T,Pluie légère,Deux véhicules - côté,3,2,2,0,2,1,2,0,1,50,2,2,1,0,1,0,40.0,18.0,utilitaire_camion,deux_roues,4,2,3,2,3
202200050811,2022-02-13 11:45:00,2022,2,13,11,45,13,13015,A51-Sens Aix en Provence vers Marseille,43.44198,5.39594,Plein jour,Hors agglomération,Hors intersection,Normale,Autre collision,1,1,2,0,1,1,1,0,1,90,2,4,1,0,0,3,22.0,24.0,voiture,utilitaire_camion,1,1,1,1,6
202200050812,2022-09-20 18:44:00,2022,9,20,18,44,69,69259,Avenue Marcel Houel,45.6965,4.8849,Plein jour,En agglomération,Hors intersection,Temps éblouissant,Autre collision,4,2,2,3,1,1,1,0,1,50,1,2,1,0,0,1,55.0,,voiture,,1,2,1,7,6
202200050813,2022-08-10 17:50:00,2022,8,10,17,50,34,34032,Boulevard de la Liberté,43.3403,3.22309,Plein jour,En agglomération,Intersection en X,Normale,Deux véhicules - côté,4,2,2,0,2,1,1,9,1,50,2,2,1,0,1,0,39.0,59.0,voiture,deux_roues,1,2,2,1,3
202200050814,2022-05-09 13:15:00,2022,5,9,13,15,75,75116,RUE DE LA POMPE,48.861589,2.275649,Plein jour,En agglomération,Intersection en T,Normale,Autre collision,4,2,2,0,1,1,1,0,1,30,1,2,1,0,0,1,56.0,,voiture,,1,2,3,1,6
202200050815,2022-07-10 16:30:00,2022,7,10,16,30,974,97414,Rue du Ouaki,-21.277378,55.453287,Plein jour,Hors agglomération,Hors intersection,Normale,Sans collision,3,2,2,0,2,2,1,0,5,50,1,1,0,0,1,0,59.0,,deux_roues,,1,1,1,1,7
202200050816,2022-03-25 18:20:00,2022,3,25,18,20,49,49328,MARAICHERS (AVENUE DES),47.27473,-0.07172,Plein jour,En agglomération,Intersection en X,Normale,Deux véhicules - frontale,4,2,2,0,1,1,1,0,1,70,2,2,1,0,0,1,21.0,55.0,voiture,voiture,1,2,2,1,1
202200050817,2022-05-30 21:55:00,2022,5,30,21,55,07,07102,Jean CHARCOT (Rue),44.936567,4.867541,Nuit avec éclairage allumé,En agglomération,Hors intersection,Normale,Sans collision,4,2,2,0,1,1,1,0,1,50,1,1,0,0,0,1,25.0,,deux_roues,,5,2,1,1,7
202200050818,2022-11-28 19:10:00,2022,11,28,19,10,94,94076,MOULIN DE SAQUET (R DU),48.79085,2.36672,Nuit avec éclairage allumé,En agglomération,Hors intersection,Normale,Autre collision,4,1,1,0,1,1,1,0,1,50,1,2,0,0,1,1,65.0,,voiture,,5,2,1,1,6
202200050819,2022-02-13 16:30:00,2022,2,13,16,30,13,13211,A50-Sens Aubagne vers Marseille,43.29394,5.47107,Plein jour,Hors agglomération,Hors intersection,Pluie légère,Autre collision,1,-1,3,0,1,1,2,0,1,90,1,2,0,0,2,0,59.0,,voiture,,1,1,1,2,6
202200050820,2022-03-27 23:32:00,2022,3,27,23,32,49,49267,Route de Beaufort,47.46978,-0.46421,Nuit sans éclairage public,En agglomération,Hors intersection,Normale,Autre collision,4,2,2,0,1,1,1,0,1,80,1,1,0,0,0,1,25.0,,deux_roues,,3,2,1,1,6
202200050821,2022-09-20 10:15:00,2022,9,20,10,15,69,69259,Boulevard Irène Joliot Curie,45.71893,4.87585,Plein jour,En agglomération,Hors intersection,Normale,Deux véhicules - côté,7,2,4,0,1,1,1,1,8,50,2,3,2,0,0,1,17.0,25.0,deux_roues,voiture,1,2,1,1,3
202200050822,2022-07-07 16:15:00,2022,7,7,16,15,974,97414,Pln du Gol,-21.283076,55.395834,Plein jour,Hors agglomération,Hors intersection,Normale,Deux véhicules - côté,2,2,3,0,1,3,1,0,1,50,2,2,1,0,1,0,59.0,27.0,deux_roues,voiture,1,1,1,1,3
202200050823,2022-05-09 08:45:00,2022,5,9,8,45,75,75116,ALLEE DU BORD DE L EAU,48.868154,2.234763,Plein jour,En agglomération,Hors intersection,Normale,Deux véhicules - côté,4,2,2,0,1,1,1,0,1,50,2,3,2,0,0,1,40.0,34.0,voiture,deux_roues,1,2,1,1,3
202200050824,2022-08-12 17:30:00,2022,8,12,17,30,33,33522,Boulevard George V,44.82261,-0.58534,Plein jour,En agglomération,Intersection en T,Normale,Deux véhicules - côté,4,2,1,2,1,1,1,0,1,20,2,2,1,0,0,1,25.0,27.0,voiture,deux_roues,1,2,3,1,3
202200050825,2022-06-07 12:00:00,2022,6,7,12,0,07,07281,PLOYE (CHEMIN DE),44.928744,4.8400783,Plein jour,En agglomération,Hors intersection,Normale,Deux véhicules - côté,4,2,2,0,2,1,1,0,1,50,2,2,1,0,0,1,72.0,69.0,deux_roues,voiture,1,2,1,1,3
202200050826,2022-11-28 13:00:00,2022,11,28,13,0,94,94073,VERSAILLES (AV DE),48.75904,2.39483,Plein jour,En agglomération,Autre intersection,Normale,Autre collision,3,2,2,0,1,2,1,0,6,50,1,2,1,0,0,1,47.0,,voiture,,1,2,9,1,6
202200050827,2022-02-16 10:00:00,2022,2,16,10,0,83,83137,A50 Accès Tunnel Tube Nord,43.1206889454,5.9513345361,Plein jour,Hors agglomération,Hors intersection,Normale,Deux véhicules - arrière,1,3,6,0,2,1,1,0,1,70,2,2,1,0,0,1,34.0,20.0,voiture,voiture,1,1,1,1,2
202200050828,2022-03-27 17:18:00,2022,3,27,17,18,49,49007,GERICAULT PLACE ET RUE,47.45912,-0.52463,Plein jour,En agglomération,Hors intersection,Normale,Autre collision,4,2,2,0,1,1,1,0,1,50,1,2,1,0,0,1,25.0,,voiture,,1,2,1,1,6
202200050829,2022-06-29 16:20:00,2022,6,29,16,20,58,58086,23 rue du Maréchal Leclerc,47.41395,2.925807,Plein jour,En agglomération,Hors intersection,Normale,Autre collision,3,2,2,0,1,1,1,0,1,50,1,3,1,0,1,1,82.0,,voiture,,1,2,1,1,6
202200050830,2022-08-12 11:55:00,2022,8,12,11,55,31,31555,AV ANTOINE DE ST EXUPERY,43.580024,1.480185,Plein jour,En agglomération,Hors intersection,Normale,Autre collision,7,2,2,0,1,1,1,0,1,50,1,2,1,0,1,0,75.0,,voiture,,1,2,1,1,6
202200050831,2022-10-23 00:08:00,2022,10,23,0,8,13,13088,A55-Sens Martigues vers Marseille,43.38853,5.24496,Nuit sans éclairage public,Hors agglomération,Hors intersection,Normale,Deux véhicules - arrière,1,1,2,0,1,1,1,0,1,110,3,5,1,0,0,4,56.0,30.0,voiture,voiture,3,1,1,1,2
202200050832,2022-05-09 17:05:00,2022,5,9,17,5,75,75115,BOULEVARD VICTOR,48.832698,2.28836,Plein jour,En agglomération,Intersection en T,Normale,Deux véhicules - côté,4,3,2,0,2,1,1,0,1,50,2,2,1,0,0,1,25.0,41.0,deux_roues,voiture,1,2,3,1,3
202200050833,2022-09-19 17:05:00,2022,9,19,17,5,65,65433,Boulevard Joliot Curie,43.2138,0.09551,Plein jour,En agglomération,Giratoire,Normale,Deux véhicules - côté,3,2,2,0,4,1,1,5,1,50,2,3,1,0,0,2,25.0,17.0,utilitaire_camion,deux_roues,1,2,6,1,3
202200050834,2022-06-07 19:00:00,2022,6,7,19,0,06,06104,CURIE (AVENUE PIERRE),43.758415,7.46958,Plein jour,En agglomération,Giratoire,Normale,Deux véhicules - côté,3,1,2,0,1,3,1,0,1,50,2,2,1,0,1,0,27.0,50.0,voiture,deux_roues,1,2,6,1,3
202200050835,2022-02-16 20:05:00,2022,2,16,20,5,91,91136,AUTOROUTE A126,48.7123,2.2866,Nuit sans éclairage public,Hors agglomération,Hors intersection,Pluie légère,Deux véhicules - arrière,1,3,2,0,1,1,2,0,1,90,2,3,1,0,0,2,23.0,37.0,voiture,voiture,3,1,1,2,2
202200050836,2022-11-28 15:00:00,2022,11,28,15,0,93,93064,Avenue du Président John Kennedy,48.878807,2.490216,Plein jour,En agglomération,Hors intersection,Normale,Deux véhicules - côté,3,2,2,1,1,1,1,0,1,50,2,2,1,0,0,1,20.0,47.0,deux_roues,deux_roues,1,2,1,1,3
202200050837,2022-03-27 12:24:00,2022,3,27,12,24,49,49246,D160,47.4426911912,-0.5351784825,Plein jour,En agglomération,Hors intersection,Normale,Deux véhicules - côté,3,1,2,0,1,2,1,0,1,30,2,2,1,0,0,1,70.0,34.0,deux_roues,voiture,1,2,1,1,3
202200050838,2022-08-11 19:25:00,2022,8,11,19,25,29,29232,Rue du Frugy,47.988009,-4.1049111,Plein jour,En agglomération,Hors intersection,Normale,Sans collision,4,1,2,1,2,2,1,0,4,50,1,1,0,0,1,0,25.0,,deux_roues,,1,2,1,1,7
202200050839,2022-07-06 19:30:00,2022,7,6,19,30,62,62408,Route de Guines,50.904071,1.88171,Plein jour,En agglomération,Hors intersection,Normale,Deux véhicules - côté,3,2,2,0,1,1,1,0,1,50,2,2,1,0,1,0,63.0,23.0,voiture,deux_roues,1,2,1,1,3
202200050840,2022-05-09 09:50:00,2022,5,9,9,50,75,75115,ECHANGEUR ISSY ,48.835416,2.266888,Plein jour,En agglomération,Intersection en X,Normale,Deux véhicules - arrière,4,1,3,0,1,1,1,0,1,50,2,2,1,0,0,1,47.0,73.0,deux_roues,voiture,1,2,2,1,2
202200050841,2022-10-21 08:30:00,2022,10,21,8,30,69,69276,Boulevard Urbain Sud,45.68491,4.85717,Plein jour,Hors agglomération,Hors intersection,Normale,Trois véhicules et plus - collisions multiples,7,3,6,0,2,1,1,0,1,90,3,3,2,0,0,1,43.0,35.0,voiture,voiture,1,1,1,1,5
202200050842,2022-02-16 14:10:00,2022,2,16,14,10,92,92002,AUTOROUTE A10,48.73242,2.31144,Plein jour,Hors agglomération,Hors intersection,Normale,Deux véhicules - arrière,1,3,3,0,1,1,1,0,1,90,2,3,1,0,0,2,55.0,58.0,voiture,voiture,1,1,1,1,2
202200050843,2022-06-08 17:07:00,2022,6,8,17,7,06,06069,RAYBAUD (AVENUE FELIX)  - D609-,43.640219,6.911574,Plein jour,En agglomération,Hors intersection,Normale,Trois véhicules et plus - collisions multiples,3,2,2,0,1,1,1,0,1,50,3,3,2,1,0,0,54.0,34.0,deux_roues,utilitaire_camion,1,2,1,1,5
202200050844,2022-09-20 08:40:00,2022,9,20,8,40,64,64445,rond point YITZHAK RABIN,43.30632,-0.33384,Plein jour,En agglomération,Giratoire,Normale,Deux véhicules - arrière,4,-1,2,1,1,2,1,0,1,50,2,2,1,0,0,1,28.0,27.0,deux_roues,voiture,1,2,6,1,2
202200050845,2022-03-28 08:40:00,2022,3,28,8,40,47,47001,SULLY (RUE),44.1989896146,0.6211797595,Plein jour,En agglomération,Hors intersection,Normale,Autre collision,4,1,1,0,1,1,1,0,1,50,1,2,1,0,0,1,39.0,,voiture,,1,2,1,1,6
202200050846,2022-07-11 15:50:00,2022,7,11,15,50,38,38030,Chemin des Blaches,45.3497860861,5.4720140507,Plein jour,En agglomération,Hors intersection,Normale,Autre collision,6,-1, -1,0,1,2,1,0,6,10,1,2,1,1,0,0,45.0,,voiture,,1,2,1,1,6
202200050847,2022-11-28 18:45:00,2022,11,28,18,45,93,93050,Avenue du General de Gaulle,48.8574,2.53225,Nuit avec éclairage allumé,En agglomération,Hors intersection,Temps couvert,Deux véhicules - arrière,3,1,2,0,1,1,2,0,1,50,2,2,1,0,0,1,23.0,67.0,voiture,deux_roues,5,2,1,8,2
202200050848,2022-02-16 06:45:00,2022,2,16,6,45,78,78043,A12 Y,48.839213,2.09325,Nuit sans éclairage public,Hors agglomération,Hors intersection,Pluie légère,Autre collision,1,1,4,0,2,3,2,0,1,90,1,1,0,0,0,1,21.0,,voiture,,3,1,1,2,6
202200050849,2022-05-09 19:30:00,2022,5,9,19,30,75,75105,RUE MONGE,48.845186,2.352145,Plein jour,En agglomération,Hors intersection,Normale,Autre collision,4,1,2,0,1,1,1,0,4,30,1,2,1,0,0,1,37.0,,voiture,,1,2,1,1,6
202200050850,2022-07-11 09:20:00,2022,7,11,9,20,06,06033,Avenue des Cigales,43.766678,7.193722,Plein jour,En agglomération,Giratoire,Normale,Sans collision,7,2,2,0,4,1,1,0,1,30,1,1,0,0,1,0,33.0,,deux_roues,,1,2,6,1,7
202200050851,2022-06-03 12:05:00,2022,6,3,12,5,06,06069,Avenue General de Gaulle,43.65588,6.91814,Plein jour,En agglomération,Hors intersection,Normale,Deux véhicules - côté,4,2,2,0,2,1,2,0,1,50,2,2,1,0,0,1,52.0,30.0,utilitaire_camion,deux_roues,1,2,1,1,3
202200050852,2022-02-16 05:09:00,2022,2,16,5,9,78,78423,N12W,48.798824,1.996292,Nuit sans éclairage public,Hors agglomération,Hors intersection,Pluie légère,Sans collision,2,1,2,0,1,1,2,0,3,110,1,1,0,0,0,1,37.0,,voiture,,3,1,1,2,7
202200050853,2022-06-07 14:50:00,2022,6,7,14,50,06,06030,CANNES (RUE DE),43.57026,7.01936,Plein jour,En agglomération,Hors intersection,Normale,Deux véhicules - côté,4,-1,0,0,1,1,1,0,1,30,2,2,1,0,0,1,61.0,12.0,voiture,deux_roues,1,2,1,1,3
202200050854,2022-07-09 08:35:00,2022,7,9,8,35,06,06033,1ère avenue LID De,43.770284,7.207026,Plein jour,Hors agglomération,Hors intersection,Normale,Autre collision,9,2,2,0,1,1,1,0,3,70,2,2,0,0,1,0,26.0,,voiture,autre,1,1,1,1,6
202200050855,2022-02-15 16:20:00,2022,2,15,16,20,78,78455,A13,48.854984,2.059042,Plein jour,Hors agglomération,Hors intersection,Normale,Autre collision,1,1,2,0,1,1,1,0,1,110,1,1,0,0,0,1,23.0,,voiture,,1,1,1,1,6
202200050856,2022-08-11 18:10:00,2022,8,11,18,10,29,29019,rue Docteur Roux,48.3854982426,-4.51658535,Plein jour,En agglomération,Intersection en X,Normale,Deux véhicules - côté,4,2,2,0,3,1,1,0,1,50,2,2,1,0,0,1,20.0,23.0,deux_roues,voiture,1,2,2,1,3
202200050857,2022-05-09 18:30:00,2022,5,9,18,30,75,75120,RUE DES RIGOLES,48.872445,2.392693,Plein jour,En agglomération,Intersection en T,Normale,Autre collision,4,1,1,0,1,1,1,0,1,30,2,7,4,0,0,3,35.0,34.0,voiture,voiture,1,2,3,1,6
202200050858,2022-03-25 21:45:00,2022,3,25,21,45,44,44184,Route bleue,47.283815,-2.293548,Crépuscule ou aube,Hors agglomération,Hors intersection,Normale,Trois véhicules et plus - collisions multiples,3,3,4,0,1,1,1,0,1,90,3,11,1,0,0,10,23.0,65.0,voiture,voiture,2,1,1,1,5
202200050859,2022-10-18 15:30:00,2022,10,18,15,30,54,54304,Autoroute A 31,48.69457,6.10748,Plein jour,Hors agglomération,Hors intersection,Normale,Deux véhicules - côté,1,3,4,0,1,1,1,3,1,90,2,2,1,0,0,1,26.0,52.0,voiture,utilitaire_camion,1,1,1,1,3
202200050860,2022-06-08 08:25:00,2022,6,8,8,25,06,06123,LIBERATION AVENUE DE LA,43.66932,7.18944,Plein jour,En agglomération,Hors intersection,Normale,Deux véhicules - côté,7,2,2,0,1,1,1,0,1,50,2,2,1,0,0,1,32.0,46.0,voiture,deux_roues,1,2,1,1,3
202200050861,2022-07-04 13:30:00,2022,7,4,13,30,06,06034,Chemin Roguez,43.772151,7.223511,Plein jour,En agglomération,Hors intersection,Normale,Sans collision,9,2,2,0,2,1,1,0,1,-1,1,1,0,0,1,0,74.0,,deux_roues,,1,2,1,1,7
202200050862,2022-09-20 11:50:00,2022,9,20,11,50,64,64102,Rond Point de la Faiencerie,43.49375,-1.49155,Plein jour,En agglomération,Giratoire,Normale,Deux véhicules - côté,4,1,1,0,1,2,1,0,1,50,2,2,1,0,0,1,57.0,29.0,deux_roues,voiture,1,2,6,1,3
202200050863,2022-03-27 06:40:00,2022,3,27,6,40,44,44109,2 Avenue Carnot,47.214507,-1.545852,Nuit avec éclairage allumé,En agglomération,Hors intersection,Normale,Autre collision,4,2,4,2,4,1,1,0,1,30,1,1,0,1,0,0,48.0,,deux_roues,,5,2,1,1,6
202200050864,2022-05-09 12:30:00,2022,5,9,12,30,75,75111,AVENUE LEDRU ROLLIN,48.856554,2.379188,Plein jour,En agglomération,Intersection en Y,Normale,Deux véhicules - côté,4,2,2,0,1,1,1,0,1,30,2,3,2,0,0,1,29.0,84.0,deux_roues,voiture,1,2,4,1,3
202200050865,2022-08-12 06:20:00,2022,8,12,6,20,26,26198,FOURCHES (Chemin des ),44.54256,4.74463,Crépuscule ou aube,En agglomération,Intersection en X,Normale,Deux véhicules - côté,4,2,2,0,1,1,1,0,1,50,2,2,1,0,0,1,,27.0,voiture,voiture,2,2,2,1,3
202200050866,2022-05-10 13:30:00,2022,5,10,13,30,04,04112,RD 907,43.82477,5.7891,Plein jour,En agglomération,Hors intersection,Normale,Trois véhicules et plus - en chaîne,3,2,2,0,2,1,1,0,1,50,3,3,1,0,0,2,28.0,64.0,utilitaire_camion,voiture,1,2,1,1,4
202200050867,2022-09-20 10:15:00,2022,9,20,10,15,64,64102,Chemin de Saint-Bernard,43.5087,-1.48799,Plein jour,En agglomération,Hors intersection,Normale,Sans collision,3,2,2,0,1,1,1,0,1,50,1,1,0,0,1,0,20.0,,deux_roues,,1,2,1,1,7
202200050868,2022-10-24 19:17:00,2022,10,24,19,17,33,33023,AUTOROUTE A 62,44.6938731,-0.4973328,Plein jour,Hors agglomération,Hors intersection,Normale,Deux véhicules - arrière,1,1,2,0,1,2,1,3,1,90,2,2,1,1,0,0,62.0,37.0,voiture,voiture,1,1,1,1,2
202200050869,2022-02-14 21:00:00,2022,2,14,21,0,78,78640,A86 EXT,48.777423,2.221778,Nuit sans éclairage public,Hors agglomération,Hors intersection,Pluie légère,Trois véhicules et plus - en chaîne,1,1,3,0,2,1,2,0,1,90,3,5,4,0,0,1,24.0,71.0,voiture,voiture,3,1,1,2,4
202200050870,2022-03-14 20:30:00,2022,3,14,20,30,42,42218,Rue de la Talaudiére,45.45087,4.40616,Nuit avec éclairage allumé,En agglomération,Hors intersection,Pluie légère,Deux véhicules - frontale,4,2,2,0,2,1,2,0,1,50,2,2,1,0,0,1,,20.0,voiture,deux_roues,5,2,1,2,1
202200050871,2022-06-03 20:00:00,2022,6,3,20,0,03,03094,2209 (Route de Paris),46.15861,3.46012,Plein jour,En agglomération,Hors intersection,Normale,Deux véhicules - arrière,3,2,2,0,1,3,1,0,1,70,2,2,1,0,0,1,75.0,17.0,voiture,deux_roues,1,2,1,1,2
202200050872,2022-05-09 00:55:00,2022,5,9,0,55,75,75110,BOULEVARD DE MAGENTA,48.881491,2.351414,Nuit avec éclairage allumé,En agglomération,Intersection en Y,Normale,Deux véhicules - côté,4,3,4,3,1,1,1,0,6,30,2,3,2,0,0,1,67.0,29.0,voiture,deux_roues,5,2,4,1,3
202200050873,2022-08-12 19:46:00,2022,8,12,19,46,13,13205,JEAN MOULIN (BOULEVARD),43.28981,5.3999,Plein jour,En agglomération,Hors intersection,Normale,Deux véhicules - côté,4,2,5,0,1,1,1,0,1,50,2,2,1,0,0,1,28.0,20.0,voiture,autre,1,2,1,1,3
202200050874,2022-06-08 14:25:00,2022,6,8,14,25,75,75116,ECHANGEUR MUETTE,48.835783,2.257479,Plein jour,En agglomération,Hors intersection,Normale,Deux véhicules - côté,4,1,4,0,1,1,2,0,1,70,2,2,1,0,0,1,38.0,30.0,deux_roues,voiture,1,2,1,1,3
202200050875,2022-10-24 17:30:00,2022,10,24,17,30,33,33075,ROCADE A 630,44.882448,-0.623635,Plein jour,Hors agglomération,Hors intersection,Normale,Deux véhicules - arrière,1,3,6,0,1,2,1,0,1,90,2,2,1,0,0,1,36.0,30.0,voiture,voiture,1,1,1,1,2
202200050876,2022-03-28 08:30:00,2022,3,28,8,30,38,38185,QUAI PERRIÈRE,45.19385,5.72989,Crépuscule ou aube,En agglomération,Hors intersection,Normale,Deux véhicules - frontale,4,1,4,1,2,1,1,9,5,25,2,2,0,0,0,2,61.0,52.0,deux_roues,deux_roues,2,2,1,1,1
202200050877,2022-09-19 12:30:00,2022,9,19,12,30,64,64024,LABERTRANNE (RUE DE),43.4892,-1.53564,Plein jour,En agglomération,Intersection en T,Normale,Deux véhicules - frontale,4,2,2,0,1,1,1,0,1,50,2,2,1,0,0,1,31.0,19.0,voiture,deux_roues,1,2,3,1,1
202200050878,2022-05-09 12:50:00,2022,5,9,12,50,94,94074,VASCO DE GAMA ( avenue de),48.766911,2.452446,Plein jour,En agglomération,Intersection en T,Normale,Deux véhicules - frontale,4,2,2,0,1,2,1,0,1,50,2,2,1,0,1,0,41.0,25.0,utilitaire_camion,deux_roues,1,2,3,1,1
202200050879,2022-02-14 14:00:00,2022,2,14,14,0,92,92036,RN315 W,48.9220443852,2.3057921983,Plein jour,Hors agglomération,Hors intersection,Normale,Trois véhicules et plus - en chaîne,2,1,1,0,1,1,1,0,1,70,3,3,0,0,0,3,28.0,32.0,utilitaire_camion,voiture,1,1,1,1,4
202200050880,2022-06-07 19:20:00,2022,6,7,19,20,75,75112,ECHANGEUR BERCY,48.826491,2.389146,Plein jour,En agglomération,Hors intersection,Normale,Deux véhicules - côté,4,1,5,0,1,1,1,0,1,70,2,2,1,0,0,1,57.0,26.0,deux_roues,voiture,1,2,1,1,3
202200050881,2022-08-12 20:30:00,2022,8,12,20,30,11,11069,33 Boulevard Omer Sarraut,43.21645,2.35025,Plein jour,En agglomération,Intersection en T,Normale,Deux véhicules - côté,4,1,2,0,1,1,1,0,1,50,2,2,1,0,0,1,20.0,66.0,voiture,deux_roues,1,2,3,1,3
202200050882,2022-05-09 11:30:00,2022,5,9,11,30,94,94078,108 Rue de Paris,48.732021,2.446891,Plein jour,En agglomération,Hors intersection,Normale,Deux véhicules - arrière,2,2,5,0,1,1,1,0,1,50,2,2,1,0,0,1,67.0,54.0,voiture,voiture,1,2,1,1,2
202200050883,2022-03-28 15:15:00,2022,3,28,15,15,35,35238,Rue de Coëtlogon,48.12266,-1.68542,Plein jour,En agglomération,Intersection en X,Normale,Deux véhicules - côté,4,2,2,0,1,1,1,5,1,50,2,2,1,0,0,1,19.0,51.0,deux_roues,voiture,1,2,2,1,3