accident_id,datetime,annee,mois,jour,heure,minute,departement,commune_insee,adresse,latitude,longitude,luminosite,agglomeration,intersection,meteo,collision,catr,circ,nbv,vosp,prof,plan,surf,infra,situ,vma,nb_vehicules,nb_usagers,nb_indemnes,nb_tues,nb_blesses_hosp,nb_blesses_legers,age_cond_1,age_cond_2,veh_type_cond_1,veh_type_cond_2,lum_code,agg_code,int_code,atm_code,col_code
202200050884,2022-02-16 18:15:00,2022,2,16,18,15,93,93063,AUTOROUTE A3,48.8758391024,2.4415902774,Plein jour,Hors agglomération,Hors intersection,Pluie légère,Deux véhicules - côté,1,3,8,0,1,1,2,0,1,90,2,2,1,0,0,1,33.0,41.0,voiture,deux_roues,1,1,1,2,3
202200050885,2022-10-20 11:50:00,2022,10,20,11,50,59,59346,ROUTE NATIONALE 227,50.60279,3.13142,Plein jour,Hors agglomération,Hors intersection,Pluie légère,Trois véhicules et plus - en chaîne,2,-1,4,0,1,3,2,0,1,70,3,3,2,0,0,1,63.0,51.0,voiture,voiture,1,1,1,2,4
202200050886,2022-09-16 12:38:00,2022,9,16,12,38,63,63113,DIESEL (RUE RODOLPHE) / Burdin,45.7777328349,3.1353279948,Plein jour,En agglomération,Giratoire,Normale,Deux véhicules - côté,4,1,2,0,1,1,1,0,1,50,2,2,1,0,0,1,59.0,22.0,utilitaire_camion,deux_roues,1,2,6,1,3
202200050887,2022-06-07 18:40:00,2022,6,7,18,40,75,75112,PORTE DE CHARENTON,48.828353,2.397596,Plein jour,En agglomération,Hors intersection,Normale,Trois véhicules et plus - collisions multiples,4,1,4,0,1,1,1,0,1,70,4,4,3,0,0,1,54.0,32.0,deux_roues,deux_roues,1,2,1,1,5
202200050888,2022-08-12 14:39:00,2022,8,12,14,39,10,10362,GEORGES CUVIER (RUE),48.2906,4.0443,Plein jour,En agglomération,Hors intersection,Normale,Autre collision,4,1,1,0,1,1,1,0,1,50,1,1,0,0,0,1,64.0,,voiture,,1,2,1,1,6
202200050889,2022-05-08 05:15:00,2022,5,8,5,15,94,94028,Avenue du Maréchal Foch,48.77811,2.43834,Crépuscule ou aube,En agglomération,Autre intersection,Normale,Deux véhicules - frontale,2,2,7,0,1,2,1,0,1,50,2,2,1,0,0,1,20.0,,voiture,voiture,2,2,9,1,1
202200050890,2022-10-24 16:00:00,2022,10,24,16,0,91,91659,AUTOROUTE A6,48.57784,2.46366,Plein jour,Hors agglomération,Hors intersection,Normale,Autre collision,1,3,3,0,2,1,2,0,2,110,1,1,0,0,0,1,60.0,,voiture,,1,1,1,1,6
202200050891,2022-02-14 18:40:00,2022,2,14,18,40,05,05061,EMBRUN ( AVENUE D'),44.56792,6.09837,Nuit avec éclairage allumé,En agglomération,Hors intersection,Pluie légère,Autre collision,2,-1,2,0,1,1,2,0,1,50,1,2,1,0,0,1,45.0,,voiture,,5,2,1,2,6
202200050892,2022-03-27 20:20:00,2022,3,27,20,20,34,34172,PONT JUVENAL (AVENUE DU),43.6059708427,3.886137149,Nuit avec éclairage allumé,En agglomération,Intersection en T,Normale,Deux véhicules - frontale,4,-1,2,0,1,1,1,0,1,30,2,2,1,0,0,1,26.0,25.0,deux_roues,voiture,5,2,3,1,1
202200050893,2022-06-07 17:45:00,2022,6,7,17,45,75,75118,PORTE DE CLIGNANCOURT,48.900896,2.344014,Plein jour,En agglomération,Hors intersection,Normale,Deux véhicules - arrière,4,1,4,0,1,1,1,0,1,70,2,2,1,0,0,1,34.0,36.0,voiture,voiture,1,2,1,1,2
202200050894,2022-05-09 11:00:00,2022,5,9,11,0,94,94054,Avenue de la Victoire,48.7447910836,2.3912335384,Plein jour,En agglomération,Hors intersection,Normale,Deux véhicules - arrière,3,2,2,0,2,1,1,0,1,50,2,2,1,0,0,1,71.0,,voiture,voiture,1,2,1,1,2
202200050895,2022-08-10 10:35:00,2022,8,10,10,35,07,07316,,44.91205,4.8626,Plein jour,Hors agglomération,Hors intersection,Normale,Autre collision,3,3,4,1,1,3,1,2,1,90,1,2,0,0,2,0,61.0,,deux_roues,,1,1,1,1,6
202200050896,2022-09-20 14:40:00,2022,9,20,14,40,60,60057,Av du Pdt J Fitzgerald Kennedy,49.43057,2.09111,Plein jour,En agglomération,Hors intersection,Normale,Deux véhicules - côté,4,2,2,2,1,3,1,5,5,50,2,2,0,0,0,2,42.0,18.0,voiture,voiture,1,2,1,1,3
202200050897,2022-06-07 12:40:00,2022,6,7,12,40,75,75116,PORTE DE PASSY,48.857246,2.258489,Plein jour,En agglomération,Hors intersection,Normale,Deux véhicules - côté,4,1,3,0,1,1,1,1,1,70,2,2,1,0,0,1,34.0,27.0,utilitaire_camion,deux_roues,1,2,1,1,3
202200050898,2022-03-28 18:10:00,2022,3,28,18,10,33,33065,Avenue de la Belle Etoile,44.82271,-0.48226,Plein jour,En agglomération,Giratoire,Normale,Deux véhicules - côté,4,2,2,0,1,3,1,0,1,30,2,2,1,0,0,1,80.0,21.0,voiture,deux_roues,1,2,6,1,3
202200050899,2022-02-15 10:20:00,2022,2,15,10,20,976,97610,Hauts Vallons - Majicavo ( rue des),-12.755254,45.22741,Plein jour,En agglomération,Hors intersection,Pluie forte,Deux véhicules - côté,4,3,2,0,1,1,2,0,1,50,2,3,1,0,0,2,50.0,32.0,deux_roues,voiture,1,2,1,3,3
202200050900,2022-10-24 15:50:00,2022,10,24,15,50,92,92002,AUTOROUTE A86,48.7628104586,2.3118862577,Plein jour,Hors agglomération,Hors intersection,Normale,Deux véhicules - arrière,1,2,4,0,1,1,1,1,1,70,2,3,1,0,0,2,39.0,36.0,voiture,utilitaire_camion,1,1,1,1,2
202200050901,2022-05-09 12:50:00,2022,5,9,12,50,93,93077,Rue Lucien Berneux / Impasse Charles Perrault,48.87773,2.51578,Plein jour,En agglomération,Intersection en T,Normale,Autre collision,4,2,2,0,3,1,1,0,1,50,1,2,0,0,0,1,,,deux_roues,,1,2,3,1,6
202200050902,2022-06-07 05:50:00,2022,6,7,5,50,75,75120,ECHANGEUR BAGNOLET,48.863568,2.413321,Nuit avec éclairage allumé,En agglomération,Intersection en Y,Pluie légère,Sans collision,4,1,2,0,2,2,2,0,1,50,1,1,0,0,0,1,26.0,,deux_roues,,5,2,4,2,7
202200050903,2022-08-10 12:00:00,2022,8,10,12,0,04,04070,,44.09117,6.23135,Plein jour,En agglomération,Giratoire,Normale,Sans collision,3,4,2,0,1,1,1,9,1,30,2,2,1,0,0,1,22.0,61.0,deux_roues,voiture,1,2,6,1,7
202200050904,2022-09-20 18:30:00,2022,9,20,18,30,59,59650,LAINE (ROUTE DE LA),50.7001403299,3.2002870739,Plein jour,En agglomération,Hors intersection,Normale,Deux véhicules - arrière,4,3,2,0,1,1,1,0,1,50,2,3,2,0,0,1,37.0,22.0,voiture,voiture,1,2,1,1,2
202200050905,2022-06-08 05:20:00,2022,6,8,5,20,75,75116,PORTE DE SAINT CLOUD,48.842324,2.254196,Crépuscule ou aube,En agglomération,Hors intersection,Pluie forte,Sans collision,4,1,4,0,1,1,2,0,1,70,1,1,0,0,1,0,57.0,,deux_roues,,2,2,1,3,7
202200050906,2022-05-09 07:10:00,2022,5,9,7,10,93,93057,Chemin de Halage,48.90929,2.4911,Crépuscule ou aube,En agglomération,Hors intersection,Normale,Deux véhicules - frontale,9,2,2,1,1,2,1,0,5,30,2,2,0,0,0,2,46.0,38.0,deux_roues,autre,2,2,1,1,1
202200050907,2022-03-28 06:55:00,2022,3,28,6,55,31,31555,RTE DE SEYSSES,43.56552,1.41055,Crépuscule ou aube,En agglomération,Intersection en X,Normale,Deux véhicules - côté,7,2,3,1,1,1,1,0,1,50,2,3,1,0,0,2,52.0,19.0,voiture,deux_roues,2,2,2,1,3
202200050908,2022-02-12 20:00:00,2022,2,12,20,0,974,97411,VAUTHIER (RUE  MARCEL),-20.91222,55.50243,Nuit avec éclairage allumé,En agglomération,Intersection en T,Normale,Deux véhicules - côté,4,2,2,0,2,1,1,9,1,50,2,2,1,0,0,1,40.0,27.0,deux_roues,voiture,5,2,3,1,3
202200050909,2022-10-23 03:54:00,2022,10,23,3,54,91,91312,RD 444,48.73295,2.23379,Nuit sans éclairage public,Hors agglomération,Hors intersection,Normale,Deux véhicules - frontale,3,2,2,0,1,1,1,0,1,70,2,5,4,0,0,1,25.0,,voiture,voiture,3,1,1,1,1
202200050910,2022-09-19 17:52:00,2022,9,19,17,52,56,56098,Avenue Kesler Devillers,47.7671,-3.3394,Plein jour,En agglomération,Giratoire,Normale,Deux véhicules - côté,3,2,2,1,1,3,1,5,1,50,2,2,1,0,0,1,49.0,74.0,deux_roues,voiture,1,2,6,1,3
202200050911,2022-06-06 11:05:00,2022,6,6,11,5,75,75116,PLACE DU GENERAL PATTON,48.87611,2.287115,Plein jour,En agglomération,Place,Normale,Autre collision,4,1,1,0,1,3,1,0,1,30,1,7,6,0,0,1,30.0,,utilitaire_camion,,1,2,7,1,6
202200050912,2022-05-08 13:30:00,2022,5,8,13,30,92,92050,MARTIN HENRI AVENUE,48.892744,2.187372,Plein jour,En agglomération,Intersection en T,Normale,Deux véhicules - côté,3,1,2,0,1,1,1,0,1,50,2,2,1,0,0,1,30.0,35.0,voiture,voiture,1,2,3,1,3
202200050913,2022-02-15 12:50:00,2022,2,15,12,50,973,97302,TOUSSAINT LOUVERTURE (rue),4.9265933486,-52.3046019673,Plein jour,En agglomération,Autre intersection,Temps couvert,Sans collision,4,2,2,0,2,3,3,9,1,50,1,1,0,0,0,1,13.0,,deux_roues,,1,2,9,8,7
202200050914,2022-03-28 13:30:00,2022,3,28,13,30,26,26198,BLUM (Rue Léon),44.5677,4.75408,Plein jour,En agglomération,Hors intersection,Normale,Deux véhicules - côté,4,2,2,0,1,1,1,0,1,50,2,2,1,0,1,0,71.0,37.0,deux_roues,voiture,1,2,1,1,3
202200050915,2022-08-12 00:45:00,2022,8,12,0,45,75,75117,BOULEVARD DU FORT DE VAUX,48.892266,2.301008,Nuit avec éclairage allumé,En agglomération,Intersection en Y,Normale,Trois véhicules et plus - collisions multiples,4,1,3,0,1,1,1,0,1,30,3,3,1,0,0,2,38.0,23.0,voiture,voiture,5,2,4,1,5
202200050916,2022-06-08 10:15:00,2022,6,8,10,15,75,75105,RUE BUFFON,48.843067,2.363321,Plein jour,En agglomération,Hors intersection,Pluie légère,Autre collision,4,1,1,0,1,1,2,0,4,30,1,2,1,0,0,1,25.0,,utilitaire_camion,,1,2,1,2,6
202200050917,2022-09-19 09:00:00,2022,9,19,9,0,56,56121,78 Avenue général Charles De Gaulle,47.74128,-3.37328,Plein jour,En agglomération,Giratoire,Normale,Autre collision,4,3,2,0,1,1,1,0,4,30,1,2,1,0,0,1,46.0,,voiture,,1,2,6,1,6
202200050918,2022-05-08 14:00:00,2022,5,8,14,0,92,92007,DORMOY AVENUE MARX N°102 A FIN,48.8101279812,2.3141089529,Plein jour,En agglomération,Hors intersection,Normale,Autre collision,3,2,2,0,1,1,1,0,1,50,1,4,2,0,0,2,42.0,,voiture,,1,2,1,1,6
202200050919,2022-03-25 15:00:00,2022,3,25,15,0,21,21231,MARNE (DE LA) (BOULEVARD),47.32826,5.05155,Plein jour,En agglomération,Place,Normale,Deux véhicules - côté,4,2,2,1,1,1,1,0,1,50,2,2,1,0,0,1,24.0,90.0,deux_roues,voiture,1,2,7,1,3
202200050920,2022-02-15 08:05:00,2022,2,15,8,5,973,97302,BADUEL (ROUTE DE),4.9344676788,-52.3114281893,Plein jour,En agglomération,Hors intersection,Normale,Deux véhicules - côté,3,2,2,2,1,1,3,0,1,50,2,2,1,0,0,1,14.0,28.0,deux_roues,voiture,1,2,1,1,3
202200050921,2022-10-24 18:25:00,2022,10,24,18,25,78,78455,A13,48.858428,2.051869,Plein jour,Hors agglomération,Hors intersection,Normale,Trois véhicules et plus - en chaîne,1,1,2,0,1,1,2,0,1,110,3,3,1,0,0,2,43.0,23.0,voiture,voiture,1,1,1,1,4
202200050922,2022-06-08 09:55:00,2022,6,8,9,55,75,75105,QUAI SAINT BERNARD,48.847876,2.359438,Plein jour,En agglomération,Hors intersection,Pluie légère,Deux véhicules - frontale,4,2,2,1,1,1,2,-1,5,30,2,2,1,0,0,1,26.0,39.0,deux_roues,deux_roues,1,2,1,2,1
202200050923,2022-05-09 08:20:00,2022,5,9,8,20,92,92048,SABLONS (AVENUE DES),48.80828,2.23381,Plein jour,En agglomération,Intersection en X,Normale,Autre collision,4,2,2,0,1,1,1,0,1,50,1,1,0,0,0,1,54.0,,deux_roues,,1,2,2,1,6
202200050924,2022-08-12 17:30:00,2022,8,12,17,30,75,75116,AVENUE DU PRESIDENT KENNEDY,48.85657,2.286171,Plein jour,En agglomération,Intersection en T,Normale,Deux véhicules - côté,4,2,2,0,1,1,1,0,1,30,2,2,1,0,0,1,62.0,,deux_roues,voiture,1,2,3,1,3
202200050925,2022-02-15 19:50:00,2022,2,15,19,50,69,69276,Rue Léon Blum,45.6739778251,4.8552542925,Nuit avec éclairage allumé,Hors agglomération,Hors intersection,Normale,Autre collision,4,2,2,1,1,1,1,0,1,50,1,1,0,0,0,1,47.0,,voiture,,5,1,1,1,6
202200050926,2022-03-25 11:55:00,2022,3,25,11,55,19,19031,POMPIDOU (AVENUE GEORGES),45.15759,1.54171,Plein jour,En agglomération,Hors intersection,Normale,Deux véhicules - frontale,4,2,2,0,1,1,1,0,1,50,2,2,1,0,0,1,83.0,59.0,voiture,voiture,1,2,1,1,1
202200050927,2022-09-19 07:35:00,2022,9,19,7,35,50,50129,VINDITS (RUE DES),49.63458,-1.65247,Crépuscule ou aube,En agglomération,Giratoire,Normale,Autre collision,4,2,2,0,1,1,1,0,1,30,1,2,1,0,0,1,57.0,,voiture,,2,2,6,1,6
202200050928,2022-06-07 12:40:00,2022,6,7,12,40,75,75105,RUE SOUFFLOT,48.846812,2.343368,Plein jour,En agglomération,Intersection en X,Normale,Deux véhicules - arrière,4,2,2,0,1,1,1,0,1,30,2,2,1,0,0,1,64.0,51.0,voiture,deux_roues,1,2,2,1,2
202200050929,2022-10-22 22:15:00,2022,10,22,22,15,78,78498,A13,48.905015,2.005181,Nuit sans éclairage public,Hors agglomération,Hors intersection,Normale,Deux véhicules - arrière,1,-1,3,3,2,1,1,0,1,130,2,3,0,0,0,3,33.0,49.0,voiture,voiture,3,1,1,1,2
202200050930,2022-05-09 09:35:00,2022,5,9,9,35,92,92044,P.V.COUTURIER(RUE)1A39 ET2A26,48.893716054,2.2777517438,Plein jour,En agglomération,Hors intersection,Normale,Deux véhicules - côté,4,1,2,1,1,1,1,0,1,50,2,2,1,0,0,1,25.0,46.0,voiture,deux_roues,1,2,1,1,3
202200050931,2022-08-11 23:40:00,2022,8,11,23,40,75,75115,RUE SAINT CHARLES,48.840751,2.280414,Nuit avec éclairage allumé,En agglomération,Hors intersection,Normale,Autre collision,4,1,0,3,1,1,1,0,4,30,1,2,1,0,0,1,,,deux_roues,,5,2,1,1,6
202200050932,2022-03-28 13:45:00,2022,3,28,13,45,14,14437,D675,49.172514,-0.302899,Plein jour,En agglomération,Hors intersection,Normale,Deux véhicules - frontale,3,2,2,0,1,1,1,0,1,50,2,2,1,0,0,1,59.0,30.0,deux_roues,voiture,1,2,1,1,1
202200050933,2022-05-07 18:30:00,2022,5,7,18,30,92,92036,BASSIN N°5 (ROUTE DU),48.9447776324,2.2929178923,Plein jour,En agglomération,Hors intersection,Normale,Autre collision,4,2,2,0,1,1,1,0,1,50,1,2,0,0,0,2,21.0,,deux_roues,,1,2,1,1,6
202200050934,2022-02-15 09:25:00,2022,2,15,9,25,69,69387,Cours Gambetta,45.7553443948,4.8426349347,Plein jour,En agglomération,Intersection en T,Pluie légère,Deux véhicules - frontale,4,2,4,3,2,1,2,0,1,50,2,3,2,0,0,1,44.0,21.0,deux_roues,voiture,1,2,3,2,1
202200050935,2022-06-08 17:00:00,2022,6,8,17,0,75,75120,RUE D AVRON,48.851989,2.402154,Plein jour,En agglomération,Hors intersection,Normale,Deux véhicules - côté,4,2,2,0,1,1,1,0,1,30,2,2,1,0,0,1,50.0,,deux_roues,voiture,1,2,1,1,3
202200050936,2022-08-11 18:25:00,2022,8,11,18,25,75,75115,BOULEVARD DE GRENELLE,48.848506,2.300166,Plein jour,En agglomération,Hors intersection,Normale,Sans collision,4,1,2,1,1,1,1,-1,5,30,1,1,0,0,0,1,31.0,,deux_roues,,1,2,1,1,7
202200050937,2022-05-07 18:25:00,2022,5,7,18,25,92,92036,GABRIEL PERI (AVENUE) (147/177),48.9228006153,2.2944029644,Plein jour,En agglomération,Hors intersection,Normale,Autre collision,4,3,3,0,1,1,1,0,1,50,1,2,1,0,0,1,56.0,,voiture,,1,2,1,1,6
202200050938,2022-03-28 17:30:00,2022,3,28,17,30,13,13204,CASSINI (BOULEVARD),43.3056,5.39791,Plein jour,En agglomération,Giratoire,Normale,Deux véhicules - côté,4,2,2,0,3,1,1,0,1,50,1,6,5,0,1,0,24.0,,voiture,,1,2,6,1,3
202200050939,2022-05-08 20:25:00,2022,5,8,20,25,92,92035,Sartoris ( rue ),48.9076757398,2.2470840365,Plein jour,En agglomération,Hors intersection,Normale,Sans collision,4,1,1,0,1,1,1,0,1,30,1,1,0,0,0,1,40.0,,deux_roues,,1,2,1,1,7
202200050940,2022-03-28 14:15:00,2022,3,28,14,15,13,13210,RABATAU (BOULEVARD),43.278211,5.399432,Plein jour,En agglomération,Hors intersection,Normale,Deux véhicules - côté,4,2,3,0,1,1,1,0,1,50,2,2,1,0,0,1,45.0,26.0,deux_roues,utilitaire_camion,1,2,1,1,3
202200050941,2022-05-09 19:50:00,2022,5,9,19,50,92,92062,RUE PIERRE GAUDIN,48.88701,2.24889,Plein jour,En agglomération,Hors intersection,Normale,Autre collision,3,1,2,0,1,1,1,0,1,50,2,3,2,0,0,1,50.0,27.0,deux_roues,utilitaire_camion,1,2,1,1,6
202200050942,2022-03-27 20:30:00,2022,3,27,20,30,13,13208,JOSEPH VIDAL (AVENUE),43.2515269216,5.3777964683,Plein jour,En agglomération,Hors intersection,Normale,Deux véhicules - côté,4,2,2,0,1,1,1,0,1,50,2,2,0,1,0,0,,23.0,voiture,deux_roues,1,2,1,1,3
202200050943,2022-05-09 18:10:00,2022,5,9,18,10,92,92024,VILLENEUVE (RUE) DE (1 A 45)   (2 A 44),48.9051137154,2.3094653785,Plein jour,En agglomération,Hors intersection,Normale,Deux véhicules - frontale,4,-1,1,0,1,1,1,0,1,30,2,2,1,0,0,1,33.0,60.0,deux_roues,voiture,1,2,1,1,1
202200050944,2022-03-23 21:10:00,2022,3,23,21,10,13,13005,EOURES (ROUTE D'),43.29716,5.56652,Nuit avec éclairage allumé,En agglomération,Hors intersection,Normale,Deux véhicules - frontale,4,2,2,0,2,3,1,0,1,50,2,2,1,0,0,1,51.0,27.0,deux_roues,voiture,5,2,1,1,1
202200050945,2022-05-09 09:00:00,2022,5,9,9,0,92,92002,SOURCES (RUE DES),48.7537554547,2.2838025391,Plein jour,En agglomération,Autre intersection,Normale,Deux véhicules - côté,4,-1,2,0,1,1,1,6,6,10,2,2,1,0,0,1,65.0,4.0,deux_roues,deux_roues,1,2,9,1,3
202200050946,2022-06-07 08:05:00,2022,6,7,8,5,75,75120,BOULEVARD DAVOUT,48.863377,2.409111,Plein jour,En agglomération,Intersection en T,Pluie légère,Deux véhicules - côté,4,2,4,1,1,1,2,-1,5,30,2,2,1,0,0,1,16.0,52.0,deux_roues,voiture,1,2,3,2,3
202200050947,2022-05-09 13:00:00,2022,5,9,13,0,50,50027,La Trehenniere,48.6852198,-1.4271662,Plein jour,Hors agglomération,Hors intersection,Normale,Autre collision,3,2,2,0,1,2,1,0,3,80,1,1,0,0,1,0,55.0,,voiture,,1,1,1,1,6
202200050948,2022-03-27 01:35:00,2022,3,27,1,35,12,12176,GIRATOIRE DE PISSERATE,44.37885,2.53612,Nuit avec éclairage non allumé,Hors agglomération,Giratoire,Normale,Autre collision,3,2,2,0,1,1,1,5,8,90,1,1,0,0,0,1,41.0,,voiture,,4,1,6,1,6
202200050949,2022-06-07 13:30:00,2022,6,7,13,30,75,75119,RUE DE BELLEVILLE,48.875304,2.394005,Plein jour,En agglomération,Intersection en Y,Normale,Deux véhicules - côté,4,2,2,0,2,1,1,0,1,30,2,2,1,0,0,1,40.0,40.0,deux_roues,utilitaire_camion,1,2,4,1,3
202200050950,2022-05-08 16:30:00,2022,5,8,16,30,49,49244,D210 ILE BIGEARD,47.371777,-0.967784,Plein jour,Hors agglomération,Autre intersection,Temps éblouissant,Deux véhicules - frontale,3,2,2,1,1,1,1,9,1,70,2,3,1,0,1,1,36.0,17.0,voiture,deux_roues,1,1,9,7,1
202200050951,2022-10-24 17:00:00,2022,10,24,17,0,93,93007,AUTOROUTE A1,48.95463,2.45709,Plein jour,Hors agglomération,Hors intersection,Normale,Deux véhicules - arrière,1,3,10,0,1,1,1,0,1,110,2,3,1,0,1,1,38.0,35.0,utilitaire_camion,deux_roues,1,1,1,1,2
202200050952,2022-03-16 18:05:00,2022,3,16,18,5,06,06029,FERRAGE (BOULEVARD DE LA),43.553407,7.01466,Plein jour,En agglomération,Hors intersection,Normale,Autre collision,4,3,4,0,1,1,1,0,1,50,2,2,1,0,1,0,59.0,63.0,deux_roues,voiture,1,2,1,1,6
202200050953,2022-09-18 18:30:00,2022,9,18,18,30,49,49328,RENAULT (BOULEVARD LOUIS),47.253353,-0.084788,Plein jour,En agglomération,Autre intersection,Normale,Deux véhicules - arrière,4,2,2,2,1,1,1,0,1,50,2,2,1,0,1,0,21.0,21.0,deux_roues,voiture,1,2,9,1,2
202200050954,2022-06-06 23:30:00,2022,6,6,23,30,75,75119,AVENUE DE FLANDRE,48.885815,2.370618,Nuit avec éclairage allumé,En agglomération,Intersection en T,Normale,Deux véhicules - côté,4,1,3,1,1,1,1,0,1,30,2,2,1,0,0,1,36.0,25.0,deux_roues,voiture,5,2,3,1,3
202200050955,2022-02-15 07:00:00,2022,2,15,7,0,69,69259,Boulevard Ambroise Croizat,45.69975,4.88773,Crépuscule ou aube,En agglomération,Hors intersection,Pluie légère,Deux véhicules - arrière,7,2,4,3,1,1,2,0,1,50,2,2,1,0,0,1,51.0,21.0,voiture,voiture,2,2,1,2,2
202200050956,2022-10-24 10:20:00,2022,10,24,10,20,95,95212,RN 104,49.02831,2.54166,Plein jour,Hors agglomération,Hors intersection,Normale,Autre collision,2,1,1,0,4,3,1,0,1,50,1,1,0,1,0,0,37.0,,voiture,,1,1,1,1,6
202200050957,2022-09-18 01:25:00,2022,9,18,1,25,49,49007,Rue des petites Musses,47.45462,-0.57177,Nuit avec éclairage allumé,En agglomération,Hors intersection,Normale,Sans collision,4,2,2,0,2,1,1,0,1,50,1,1,0,0,0,1,22.0,,deux_roues,,5,2,1,1,7
202200050958,2022-08-12 18:20:00,2022,8,12,18,20,75,75113,RUE EUGENE OUDINE,48.82505,2.372533,Plein jour,En agglomération,Intersection en T,Normale,Autre collision,4,2,2,0,2,1,1,0,1,30,1,3,2,0,0,1,24.0,,voiture,,1,2,3,1,6
202200050959,2022-05-08 18:00:00,2022,5,8,18,0,37,37232,9 Route de la Loire,47.274913,0.307778,Plein jour,Hors agglomération,Intersection en T,Normale,Deux véhicules - côté,3,2,2,0,1,1,1,0,1,80,2,4,1,0,0,3,20.0,43.0,voiture,voiture,1,1,3,1,3
202200050960,2022-03-24 09:45:00,2022,3,24,9,45,04,04112,Bd Mirabeau / Rue d’Aubette,43.83424,5.78542,Plein jour,En agglomération,Intersection en X,Normale,Deux véhicules - côté,4,1,2,0,2,1,1,5,1,30,2,2,1,0,0,1,40.0,47.0,voiture,deux_roues,1,2,2,1,3
202200050961,2022-06-08 09:50:00,2022,6,8,9,50,75,75116,PLACE DU TROCADERO,48.86343,2.287498,Plein jour,En agglomération,Place,Pluie légère,Deux véhicules - côté,4,1,2,0,1,2,2,0,1,30,2,2,1,0,0,1,38.0,65.0,deux_roues,voiture,1,2,7,2,3
202200050962,2022-05-10 08:45:00,2022,5,10,8,45,37,37153,RD5 PK 017.300,47.4952645211,0.8119784296,Plein jour,Hors agglomération,Hors intersection,Normale,Autre collision,3,2,2,0,1,1,1,0,8,80,1,1,0,0,1,0,42.0,,voiture,,1,1,1,1,6
202200050963,2022-03-24 17:40:00,2022,3,24,17,40,03,03190,52 Route de Clermont,46.556462,3.321195,Plein jour,En agglomération,Autre intersection,Normale,Autre collision,3,2,2,0,1,1,1,0,1,50,1,2,1,0,1,0,38.0,,deux_roues,,1,2,9,1,6
202200050964,2022-10-22 01:17:00,2022,10,22,1,17,94,94018,A4,48.8187818956,2.4078014994,Nuit sans éclairage public,Hors agglomération,Hors intersection,Normale,Deux véhicules - arrière,1,1,4,0,1,1,1,0,1,90,2,2,1,0,0,1,,27.0,voiture,voiture,3,1,1,1,2
202200050965,2022-06-07 13:45:00,2022,6,7,13,45,75,75116,AVENUE EDOUARD VAILLANT,48.836467,2.255918,Plein jour,En agglomération,Intersection en X,Normale,Deux véhicules - côté,4,1,4,0,1,1,1,0,1,30,2,3,1,0,0,2,24.0,45.0,deux_roues,voiture,1,2,2,1,3
202200050966,2022-05-08 18:40:00,2022,5,8,18,40,62,62209,21 Rue du Petit Canlers,50.487421,2.148201,Plein jour,En agglomération,Hors intersection,Normale,Sans collision,3,2,2,0,1,2,1,0,8,70,1,1,0,0,1,0,46.0,,deux_roues,,1,2,1,1,7
202200050967,2022-08-12 07:01:00,2022,8,12,7,1,75,75110,BOULEVARD DE MAGENTA,48.875322,2.356911,Plein jour,En agglomération,Hors intersection,Normale,Deux véhicules - arrière,4,2,2,0,1,1,1,0,1,30,2,3,2,0,0,1,57.0,31.0,voiture,deux_roues,1,2,1,1,2
202200050968,2022-03-26 18:00:00,2022,3,26,18,0,02,02738,13 Rue Richer,49.6577974454,3.2898240834,Plein jour,En agglomération,Intersection en X,Normale,Deux véhicules - frontale,4,1,1,0,2,1,1,0,1,50,2,2,1,0,0,1,51.0,14.0,voiture,deux_roues,1,2,2,1,1
202200050969,2022-05-10 03:05:00,2022,5,10,3,5,69,69281,Autoroute 46,45.644491,4.910486,Nuit sans éclairage public,Hors agglomération,Hors intersection,Normale,Deux véhicules - arrière,1,3,5,0,1,1,1,9,1,70,2,3,2,0,0,1,31.0,35.0,utilitaire_camion,utilitaire_camion,3,1,1,1,2
202200050970,2022-10-22 16:15:00,2022,10,22,16,15,17,17306,BRIAND  ARISTIDE  (BD),45.62564,-1.02957,Plein jour,En agglomération,Hors intersection,Normale,Autre collision,4,1,1,0,1,1,1,0,1,30,1,2,0,0,0,2,16.0,,deux_roues,,1,2,1,1,6
202200050971,2022-08-12 19:30:00,2022,8,12,19,30,75,75107,BOULEVARD DES INVALIDES,48.854684,2.314657,Plein jour,En agglomération,Hors intersection,Normale,Deux véhicules - arrière,4,2,4,0,1,1,1,-1,5,30,2,2,1,0,0,1,40.0,59.0,deux_roues,voiture,1,2,1,1,2
202200050972,2022-06-06 12:05:00,2022,6,6,12,5,75,75116,BD PERIPHERIQUE,48.872585,2.273687,Plein jour,En agglomération,Intersection en T,Normale,Trois véhicules et plus - en chaîne,4,1,2,0,1,1,1,0,1,50,4,5,4,0,0,1,26.0,48.0,voiture,voiture,1,2,3,1,4
202200050973,2022-03-27 21:55:00,2022,3,27,21,55,75,75114,BD PERIPHERIQUE INTERIEUR,48.82146,2.319226,Nuit avec éclairage allumé,En agglomération,Hors intersection,Normale,Deux véhicules - côté,4,1,3,0,1,1,1,0,1,70,2,2,1,0,0,1,26.0,,deux_roues,voiture,5,2,1,1,3
202200050974,2022-05-09 08:00:00,2022,5,9,8,0,31,31573,Route de Toulouse,43.655441,1.659923,Plein jour,En agglomération,Intersection en T,Temps éblouissant,Deux véhicules - frontale,3,2,2,0,2,2,1,0,1,50,2,2,1,0,1,0,35.0,59.0,voiture,deux_roues,1,2,3,7,1
202200050975,2022-06-07 16:25:00,2022,6,7,16,25,75,75115,QUAI DE GRENELLE,48.853689,2.287675,Plein jour,En agglomération,Intersection en T,Normale,Deux véhicules - arrière,4,2,3,1,1,1,1,0,1,30,2,3,2,0,0,1,31.0,62.0,voiture,voiture,1,2,3,1,2