accident_id,datetime,annee,mois,jour,heure,minute,departement,commune_insee,adresse,latitude,longitude,luminosite,agglomeration,intersection,meteo,collision,catr,circ,nbv,vosp,prof,plan,surf,infra,situ,vma,nb_vehicules,nb_usagers,nb_indemnes,nb_tues,nb_blesses_hosp,nb_blesses_legers,age_cond_1,age_cond_2,veh_type_cond_1,veh_type_cond_2,lum_code,agg_code,int_code,atm_code,col_code
202200051159,2022-10-23 16:20:00,2022,10,23,16,20,75,75107,PONT DES INVALIDES,48.862605,2.310446,Plein jour,En agglomération,Intersection en X,Normale,Deux véhicules - côté,4,2,2,1,1,1,1,2,1,30,2,2,1,0,0,1,62.0,22.0,voiture,deux_roues,1,2,2,1,3
202200051160,2022-03-09 13:50:00,2022,3,9,13,50,81,81121,D612,43.471671,2.611656,Plein jour,Hors agglomération,Hors intersection,Normale,Deux véhicules - arrière,3,2,3,0,1,3,1,0,1,90,2,2,1,0,0,1,73.0,,voiture,voiture,1,1,1,1,2
202200051161,2022-10-23 09:15:00,2022,10,23,9,15,75,75107,PORT DU GROS CAILLOU,48.862918,2.306344,Plein jour,En agglomération,Hors intersection,Pluie légère,Sans collision,4,1,1,0,2,1,2,6,1,30,1,1,0,0,0,1,42.0,,deux_roues,,1,2,1,2,7
202200051162,2022-04-16 16:00:00,2022,4,16,16,0,94,94046,A86 EXT,48.8107024269,2.4491754571,Plein jour,Hors agglomération,Hors intersection,Normale,Deux véhicules - côté,1,1,4,0,1,1,1,0,1,90,2,2,1,0,0,1,46.0,,deux_roues,voiture,1,1,1,1,3
202200051163,2022-01-06 11:50:00,2022,1,6,11,50,44,44109,1 Rue André Tardieu,47.20964,-1.53827,Plein jour,En agglomération,Hors intersection,Normale,Deux véhicules - frontale,4,2,2,2,1,1,1,0,1,30,2,2,1,0,0,1,24.0,78.0,deux_roues,voiture,1,2,1,1,1
202200051164,2022-03-29 14:45:00,2022,3,29,14,45,77,77141,Pk 01+200 N36 direction Meaux,48.853566,2.860871,Plein jour,Hors agglomération,Hors intersection,Normale,Autre collision,2,2,2,0,1,2,1,0,3,80,1,2,0,1,0,1,32.0,,voiture,,1,1,1,1,6
202200051165,2022-01-01 14:20:00,2022,1,1,14,20,38,38544,DELATTRE DE TASSIGNY(PONT),45.52829,4.87293,Plein jour,En agglomération,Hors intersection,Normale,Deux véhicules - arrière,3,2,3,0,1,1,1,0,1,50,2,3,0,0,0,3,34.0,75.0,deux_roues,voiture,1,2,1,1,2
202200051166,2022-03-26 18:10:00,2022,3,26,18,10,59,59266,Rue du Marais,50.55828,2.978438,Plein jour,Hors agglomération,Autre intersection,Temps éblouissant,Sans collision,4,2,2,0,1,1,1,0,1,50,1,1,0,0,0,1,41.0,,deux_roues,,1,1,9,7,7
202200051167,2022-01-06 16:55:00,2022,1,6,16,55,35,35278,Avenue d’Alphasis,48.1532593388,-1.6968619823,Plein jour,En agglomération,Giratoire,Temps couvert,Autre collision,4,1,1,0,1,2,1,5,4,50,1,1,0,0,0,1,46.0,,utilitaire_camion,,1,2,6,8,6
202200051168,2022-04-22 06:50:00,2022,4,22,6,50,988,98818,Rond point Edouard MAGNIER/RUE ROGER GERVOLINO,-22.26765,166.46372,Plein jour,Hors agglomération,Giratoire,Normale,Deux véhicules - côté,4,2,2,0,1,2,1,0,1,30,2,2,1,0,1,0,41.0,84.0,deux_roues,voiture,1,1,6,1,3
202200051169,2022-03-21 16:20:00,2022,3,21,16,20,06,06064,M2210,43.765996,7.201356,Plein jour,En agglomération,Giratoire,Normale,Autre collision,7,2,2,0,1,3,1,9,1,50,1,2,1,0,0,1,37.0,,voiture,,1,2,6,1,6
202200051170,2022-05-08 13:20:00,2022,5,8,13,20,974,97411,MONTAGNE (ROUTE DE LA),-20.8863,55.43718,Plein jour,Hors agglomération,Hors intersection,Normale,Sans collision,3,2,2,0,2,3,1,0,1,70,1,1,0,0,1,0,26.0,,deux_roues,,1,1,1,1,7
202200051171,2022-10-23 16:45:00,2022,10,23,16,45,94,94076,STALINGRAD (AV DE),48.78575,2.36689,Plein jour,En agglomération,Hors intersection,Normale,Deux véhicules - frontale,3,-1,2,1,1,1,1,9,5,50,2,2,1,0,0,1,33.0,59.0,voiture,deux_roues,1,2,1,1,1
202200051172,2022-01-05 19:20:00,2022,1,5,19,20,35,35238,Rue du Bignon,48.09686,-1.63355,Nuit avec éclairage allumé,En agglomération,Intersection en T,Normale,Deux véhicules - côté,4,2,2,0,1,1,1,0,1,50,2,2,1,0,0,1,,35.0,voiture,deux_roues,5,2,3,1,3
202200051173,2022-03-18 04:38:00,2022,3,18,4,38,68,68260,D430,47.878498,7.274934,Nuit sans éclairage public,Hors agglomération,Hors intersection,Pluie légère,Deux véhicules - côté,3,3,4,0,1,1,2,0,1,110,2,2,1,1,0,0,56.0,,deux_roues,autre,3,1,1,2,3
202200051174,2022-05-08 01:35:00,2022,5,8,1,35,972,97209,RD 41 (ROCADE),14.61699,-61.05945,Nuit sans éclairage public,Hors agglomération,Hors intersection,Normale,Deux véhicules - frontale,3,1,2,0,1,2,1,0,1,60,2,2,0,0,0,2,73.0,33.0,voiture,voiture,3,1,1,1,1
202200051175,2022-01-05 20:35:00,2022,1,5,20,35,33,33162,Avenue du Médoc,44.89229,-0.66336,Nuit avec éclairage allumé,En agglomération,Intersection en T,Normale,Deux véhicules - côté,4,2,2,2,1,1,1,0,1,50,2,4,0,0,0,4,22.0,47.0,utilitaire_camion,voiture,5,2,3,1,3
202200051176,2022-05-08 16:20:00,2022,5,8,16,20,69,69286,Route de Genève,45.80654,4.88827,Plein jour,En agglomération,Hors intersection,Normale,Deux véhicules - frontale,7,2,2,2,1,1,1,0,1,50,2,3,1,0,1,1,21.0,33.0,voiture,deux_roues,1,2,1,1,1
202200051177,2022-03-27 18:15:00,2022,3,27,18,15,56,56233,Route de Quéhan,47.590623,-3.01609,Plein jour,En agglomération,Hors intersection,Normale,Sans collision,4,2,2,0,1,4,1,0,1,50,1,1,0,0,0,1,17.0,,deux_roues,,1,2,1,1,7
202200051178,2022-01-06 08:43:00,2022,1,6,8,43,29,29232,Route de Rosporden,47.99095,-4.07265,Plein jour,En agglomération,Giratoire,Normale,Sans collision,4,2,2,0,2,1,1,5,1,50,1,1,0,0,0,1,44.0,,deux_roues,,1,2,6,1,7
202200051179,2022-03-26 10:00:00,2022,3,26,10,0,67,67448,D392,48.484763,7.17014,Plein jour,Hors agglomération,Hors intersection,Normale,Sans collision,3,2,1,0,2,2,1,0,1,80,1,1,0,0,1,0,38.0,,deux_roues,,1,1,1,1,7
202200051180,2022-05-06 17:20:00,2022,5,6,17,20,69,69382,Cours Charlemagne,45.73908,4.81758,Plein jour,En agglomération,Autre intersection,Normale,Deux véhicules - côté,4,2,12,3,1,1,1,0,1,30,2,2,1,0,0,1,29.0,25.0,deux_roues,voiture,1,2,9,1,3
202200051181,2022-01-06 08:37:00,2022,1,6,8,37,29,29232,Rue Francois Marie Luzel,47.99705,-4.10022,Crépuscule ou aube,En agglomération,Hors intersection,Normale,Autre collision,4,3,4,0,2,1,1,5,1,30,1,2,1,0,0,1,29.0,,voiture,,2,2,1,1,6
202200051182,2022-03-29 10:39:00,2022,3,29,10,39,12,12062,D30 PR10+943,44.157517,2.932663,Plein jour,Hors agglomération,Hors intersection,Normale,Deux véhicules - côté,3,2,2,0,1,2,1,0,1,80,2,3,1,0,0,2,21.0,37.0,voiture,voiture,1,1,1,1,3
202200051183,2022-05-08 17:40:00,2022,5,8,17,40,2A,2A004,SAMPIERO BD,41.92543,8.73884,Plein jour,En agglomération,Hors intersection,Temps couvert,Deux véhicules - arrière,3,3,3,0,1,1,1,0,1,50,2,5,4,0,0,1,57.0,56.0,voiture,voiture,1,2,1,8,2
202200051184,2022-01-01 07:55:00,2022,1,1,7,55,25,25388,Route de Grand-Charmont,47.5216857316,6.8173438311,Crépuscule ou aube,En agglomération,Intersection en T,Normale,Deux véhicules - frontale,3,2,3,0,1,1,1,0,1,50,2,2,0,0,1,1,27.0,37.0,voiture,voiture,2,2,3,1,1
202200051185,2022-03-29 11:40:00,2022,3,29,11,40,47,47232,Larouquette,44.500221,0.362007,Plein jour,Hors agglomération,Hors intersection,Normale,Deux véhicules - côté,3,2,1,0,1,1,1,0,1,80,2,2,1,0,1,0,51.0,25.0,utilitaire_camion,voiture,1,1,1,1,3
202200051186,2022-01-04 10:40:00,2022,1,4,10,40,24,24322,BERNARD (RUE CLAUDE),45.17905,0.71144,Plein jour,En agglomération,Hors intersection,Normale,Trois véhicules et plus - collisions multiples,4,2,2,0,1,2,1,0,1,50,3,3,2,0,1,0,71.0,49.0,voiture,utilitaire_camion,1,2,1,1,5
202200051187,2022-03-27 20:30:00,2022,3,27,20,30,44,44072,4 Rue de la Claie,47.452558,-2.296566,Crépuscule ou aube,En agglomération,Hors intersection,Normale,Autre collision,4,2,2,0,1,1,1,0,3,50,1,1,0,0,1,0,17.0,,deux_roues,,2,2,1,1,6
202200051188,2022-05-08 02:47:00,2022,5,8,2,47,91,91425,RTE D ORLEANS RN 20,48.64274,2.26931,Nuit avec éclairage allumé,En agglomération,Hors intersection,Normale,Trois véhicules et plus - en chaîne,3,1,3,3,1,1,1,0,1,50,5,9,6,1,0,2,46.0,31.0,voiture,deux_roues,5,2,1,1,4
202200051189,2022-03-28 18:15:00,2022,3,28,18,15,50,50523,Zone Artisanale les Crutelles,49.403497,-1.323997,Plein jour,En agglomération,Hors intersection,Normale,Sans collision,4,2,2,0,1,2,1,0,8,50,1,2,1,0,1,0,37.0,,voiture,,1,2,1,1,7
202200051190,2022-01-01 04:45:00,2022,1,1,4,45,19,19275,BEAUREGARD (AVENUE DE),45.5497964917,2.3173427582,Nuit avec éclairage allumé,En agglomération,Autre intersection,Normale,Autre collision,4,2,1,0,2,2,7,0,3,50,1,5,0,0,2,3,22.0,,voiture,,5,2,9,1,6
202200051191,2022-05-07 23:45:00,2022,5,7,23,45,78,78172,REPUBLIQUE (QUAI DE LA),48.99055,2.0867,Nuit avec éclairage allumé,En agglomération,Hors intersection,Normale,Sans collision,3,2,2,0,1,1,1,0,1,50,1,1,0,0,1,0,42.0,,deux_roues,,5,2,1,1,7
202200051192,2022-01-03 10:10:00,2022,1,3,10,10,19,19031,Avenue Jacques et Bernadette Chirac,45.1676001054,1.5514132977,Plein jour,En agglomération,Hors intersection,Normale,Autre collision,3,2,3,0,1,1,1,0,1,50,1,2,1,0,1,0,75.0,,utilitaire_camion,,1,2,1,1,6
202200051193,2022-03-27 18:00:00,2022,3,27,18,0,45,45341,D136 - PR 1 + 820,48.042972,1.672797,Plein jour,Hors agglomération,Intersection en Y,Normale,Deux véhicules - côté,3,2,2,0,1,1,1,0,1,80,2,2,1,0,1,0,47.0,77.0,deux_roues,voiture,1,1,4,1,3
202200051194,2022-05-07 17:25:00,2022,5,7,17,25,74,74012,TANINGES (ROUTE DE ),46.19132,6.25415,Plein jour,En agglomération,Hors intersection,Normale,Trois véhicules et plus - en chaîne,3,2,2,0,1,1,1,0,1,50,3,3,2,0,0,1,29.0,52.0,voiture,voiture,1,2,1,1,4
202200051195,2022-01-01 05:00:00,2022,1,1,5,0,15,15014,VERNIOLS,44.937617,2.427992,Nuit sans éclairage public,En agglomération,Hors intersection,Normale,Autre collision,4,2,2,0,1,3,1,0,3,70,1,1,0,0,0,1,20.0,,voiture,,3,2,1,1,6
202200051196,2022-03-29 11:44:00,2022,3,29,11,44,04,04208,RD 30,43.971577,5.534567,Plein jour,Hors agglomération,Hors intersection,Normale,Deux véhicules - frontale,3,2,2,0,2,1,1,0,1,80,2,2,1,0,1,0,75.0,28.0,utilitaire_camion,utilitaire_camion,1,1,1,1,1
202200051197,2022-01-07 00:10:00,2022,1,7,0,10,13,13214,ARNAVON (AVENUE),43.33146,5.37726,Nuit avec éclairage allumé,En agglomération,Hors intersection,Normale,Deux véhicules - arrière,4,2,4,0,1,1,1,2,1,50,2,2,1,0,0,1,23.0,46.0,voiture,voiture,5,2,1,1,2
202200051198,2022-05-07 16:20:00,2022,5,7,16,20,69,69256,Avenue Jean Moulin,45.78901,4.91544,Plein jour,En agglomération,Hors intersection,Normale,Autre collision,4,2,2,0,1,1,1,0,1,30,1,2,1,0,0,1,37.0,,voiture,,1,2,1,1,6
202200051199,2022-03-28 11:57:00,2022,3,28,11,57,17,17253,D911,45.975371,-0.914018,Plein jour,Hors agglomération,Hors intersection,Normale,Deux véhicules - arrière,3,2,2,0,1,1,1,8,1,80,2,2,1,0,1,0,48.0,59.0,utilitaire_camion,voiture,1,1,1,1,2
202200051200,2022-01-06 20:45:00,2022,1,6,20,45,13,13215,MARCHE D'IN (AVENUE),43.34114,5.37715,Nuit avec éclairage allumé,En agglomération,Hors intersection,Normale,Deux véhicules - frontale,4,2,3,0,1,1,1,3,1,50,3,3,2,0,0,1,36.0,24.0,transport_commun,voiture,5,2,1,1,1
202200051201,2022-03-29 10:47:00,2022,3,29,10,47,87,87061,Montaumarchand,46.15916,1.132064,Plein jour,Hors agglomération,Hors intersection,Temps couvert,Deux véhicules - frontale,2,2,2,0,1,3,1,0,1,80,2,2,1,0,1,0,53.0,72.0,utilitaire_camion,voiture,1,1,1,8,1
202200051202,2022-05-07 14:05:00,2022,5,7,14,5,59,59431,GAND (RUE ),50.7006732011,2.8639045358,Plein jour,En agglomération,Intersection en X,Normale,Deux véhicules - côté,4,2,2,0,1,1,1,0,1,50,2,4,3,0,0,1,58.0,39.0,deux_roues,voiture,1,2,2,1,3
202200051203,2022-01-06 06:20:00,2022,1,6,6,20,13,13004,AV STALINGRAD,43.68545,4.63418,Nuit avec éclairage allumé,En agglomération,Hors intersection,Normale,Deux véhicules - frontale,4,3,2,0,1,1,1,0,1,50,1,2,1,0,0,1,47.0,,deux_roues,,5,2,1,1,1
202200051204,2022-05-08 23:30:00,2022,5,8,23,30,47,47001,SCHUMANN (AV. ROBERT),44.20795,0.63206,Nuit avec éclairage allumé,En agglomération,Hors intersection,Normale,Autre collision,3,2,2,0,1,1,1,0,4,50,1,1,0,0,0,1,22.0,,voiture,,5,2,1,1,6
202200051205,2022-03-25 15:30:00,2022,3,25,15,30,30,30114,D6110,43.814525,4.095454,Plein jour,Hors agglomération,Hors intersection,Normale,Deux véhicules - côté,3,2,2,0,1,3,1,0,1,80,2,2,1,0,1,0,38.0,21.0,voiture,deux_roues,1,1,1,1,3
202200051206,2022-01-05 20:03:00,2022,1,5,20,3,10,10333,ECHENILLY (CD),48.27968,4.043,Nuit avec éclairage allumé,En agglomération,Hors intersection,Normale,Trois véhicules et plus - en chaîne,3,2,2,0,2,1,1,0,1,50,3,4,3,0,0,1,46.0,40.0,voiture,voiture,5,2,1,1,4
202200051207,2022-05-08 04:51:00,2022,5,8,4,51,45,45302,D2020 PR 21 + 820,47.9654,1.88802,Nuit avec éclairage allumé,En agglomération,Hors intersection,Normale,Autre collision,3,2,4,0,1,1,1,0,1,70,1,1,0,0,0,1,16.0,,voiture,,5,2,1,1,6
202200051208,2022-03-29 01:05:00,2022,3,29,1,5,987,98715,Bretelle de sortie,-17.584522,-149.568578,Nuit avec éclairage allumé,Hors agglomération,Autre intersection,Normale,Sans collision,2,1,1,0,1,2,1,3,3,50,1,1,0,1,0,0,52.0,,deux_roues,,5,1,9,1,7
202200051209,2022-01-05 18:20:00,2022,1,5,18,20,10,10357,Av Lieutenant Michel Taittinger,48.3027513712,4.1007971764,Nuit avec éclairage non allumé,En agglomération,Hors intersection,Temps couvert,Deux véhicules - côté,3,2,2,0,1,1,1,0,4,50,2,2,1,0,0,1,20.0,23.0,deux_roues,voiture,4,2,1,8,3
202200051210,2022-03-28 07:40:00,2022,3,28,7,40,22,22246,RN12 ,48.476762,-2.612085,Crépuscule ou aube,Hors agglomération,Hors intersection,Temps couvert,,2,3,4,0,1,2,1,0,3,110,1,1,0,0,0,1,20.0,,voiture,,2,1,1,8,-1
202200051211,2022-05-08 11:30:00,2022,5,8,11,30,45,45147,14 Rue André Dessaux,47.9255640355,1.8998789191,Plein jour,En agglomération,Hors intersection,Normale,Deux véhicules - côté,4,2,2,0,1,1,1,0,1,50,2,3,2,0,1,0,47.0,74.0,deux_roues,voiture,1,2,1,1,3
202200051212,2022-01-06 10:15:00,2022,1,6,10,15,09,09225,ROUTE NATIONALE 20 (VOIE RAPIDE),43.12829,1.62797,Plein jour,Hors agglomération,Hors intersection,Normale,Deux véhicules - arrière,2,-1,3,0,1,1,1,0,1,80,2,2,1,0,0,1,34.0,23.0,voiture,voiture,1,1,1,1,2
202200051213,2022-05-08 17:56:00,2022,5,8,17,56,45,45068,9 Rue Albert Camus,48.00718,2.71411,Plein jour,En agglomération,Hors intersection,Normale,Deux véhicules - côté,4,2,2,0,1,1,1,0,1,50,2,2,1,0,0,1,36.0,75.0,voiture,voiture,1,2,1,1,3
202200051214,2022-03-29 08:30:00,2022,3,29,8,30,25,25157,RN57,46.845972,6.37044,Plein jour,Hors agglomération,Intersection en T,Normale,Deux véhicules - frontale,2,2,2,0,2,1,1,0,1,70,2,2,1,0,1,0,40.0,49.0,voiture,utilitaire_camion,1,1,3,1,1
202200051215,2022-01-05 11:10:00,2022,1,5,11,10,06,06123,TEISSEIRE FRANCIS RUE,43.665179,7.196469,Plein jour,En agglomération,Hors intersection,Normale,Deux véhicules - frontale,4,2,2,0,1,1,1,0,1,50,2,2,1,0,0,1,23.0,63.0,voiture,deux_roues,1,2,1,1,1
202200051216,2022-05-08 13:10:00,2022,5,8,13,10,45,45068,32 Rue Saint-Just,48.00688,2.71972,Plein jour,En agglomération,Giratoire,Normale,Deux véhicules - côté,4,2,2,0,1,1,1,0,1,50,2,2,1,0,0,1,44.0,14.0,voiture,deux_roues,1,2,6,1,3
202200051217,2022-03-27 18:20:00,2022,3,27,18,20,987,98725,RT2 bas de MAHINARAMA,-17.56108,-149.477524,Nuit sans éclairage public,En agglomération,Intersection en T,Normale,Deux véhicules - frontale,2,2,2,0,1,1,1,0,1,60,2,2,1,0,1,0,22.0,69.0,deux_roues,voiture,3,2,3,1,1
202200051218,2022-05-08 18:05:00,2022,5,8,18,5,37,37261,PROUDHON (AVENUE),47.39433,0.66782,Plein jour,En agglomération,Hors intersection,Normale,Deux véhicules - arrière,4,2,2,0,1,1,1,0,1,50,2,2,1,0,0,1,,49.0,autre,deux_roues,1,2,1,1,2
202200051219,2022-01-04 10:00:00,2022,1,4,10,0,05,05061,D942 A,44.5535,6.07868,Plein jour,En agglomération,Intersection en T,Normale,Deux véhicules - côté,3,-1,2,0,2,1,1,0,1,50,2,2,1,0,0,1,18.0,84.0,deux_roues,voiture,1,2,3,1,3
202200051220,2022-05-08 14:00:00,2022,5,8,14,0,37,37261,MICHELET (RUE),47.3866337779,0.6921923161,Plein jour,En agglomération,Intersection en X,Normale,Deux véhicules - côté,4,1,1,2,1,1,1,0,1,50,2,2,1,0,0,1,24.0,28.0,voiture,deux_roues,1,2,2,1,3
202200051221,2022-03-28 15:45:00,2022,3,28,15,45,987,98723,RT413 Atuona,-9.779268,-139.006832,Plein jour,Hors agglomération,Hors intersection,Normale,Deux véhicules - frontale,2,2,2,0,2,3,1,0,1,60,2,3,2,1,0,0,50.0,31.0,utilitaire_camion,deux_roues,1,1,1,1,1
202200051222,2022-01-05 06:15:00,2022,1,5,6,15,05,05061,RN 85,44.59222,6.08193,Nuit sans éclairage public,Hors agglomération,Hors intersection,Normale,Sans collision,2,2,2,0,2,3,5,0,8,80,1,2,0,0,0,2,60.0,,utilitaire_camion,,3,1,1,1,7
202200051223,2022-05-08 19:00:00,2022,5,8,19,0,33,33063,Cours Victor Hugo,44.83496,-0.57296,Plein jour,En agglomération,Hors intersection,Normale,Deux véhicules - côté,4,3,4,3,1,1,1,0,1,50,2,2,1,0,0,1,74.0,29.0,deux_roues,utilitaire_camion,1,2,1,1,3
202200051224,2022-03-29 12:30:00,2022,3,29,12,30,971,97131,Route de l Anse Rodrigue,15.863961,-61.580982,Plein jour,En agglomération,Hors intersection,Normale,Sans collision,3,2,2,0,1,2,1,0,3,30,1,2,1,0,1,0,22.0,,deux_roues,,1,2,1,1,7
202200051225,2022-01-04 21:05:00,2022,1,4,21,5,75,75111,BOULEVARD BEAUMARCHAIS,48.860691,2.367355,Nuit avec éclairage allumé,En agglomération,Intersection en T,Normale,Autre collision,4,2,4,0,1,1,2,0,1,30,1,2,1,0,1,0,17.0,,deux_roues,,5,2,3,1,6
202200051226,2022-03-29 13:30:00,2022,3,29,13,30,13,13022,ROUTE DES CRÊTES,43.208718,5.556936,Plein jour,Hors agglomération,Hors intersection,Normale,Autre collision,3,2,2,0,2,3,1,0,3,70,1,1,0,0,1,0,47.0,,deux_roues,,1,1,1,1,6
202200051227,2022-05-08 06:20:00,2022,5,8,6,20,31,31555,CHE DU PONT DE RUPE,43.65627,1.41396,Plein jour,Hors agglomération,Hors intersection,Normale,Autre collision,4,1,1,0,1,1,1,2,1,50,1,5,2,0,0,3,19.0,,voiture,,1,1,1,1,6
202200051228,2022-01-06 17:55:00,2022,1,6,17,55,75,75119,BOULEVARD SERURIER,48.89477,2.394339,Nuit avec éclairage allumé,En agglomération,Hors intersection,Normale,Autre collision,4,2,3,1,1,1,1,0,1,30,1,3,2,0,0,1,36.0,,utilitaire_camion,,5,2,1,1,6
202200051229,2022-03-28 11:15:00,2022,3,28,11,15,13,13015,Rond Point Hrant Dink - D8n,43.432658,5.396358,Plein jour,En agglomération,Giratoire,Normale,Deux véhicules - frontale,3,2,2,0,1,4,1,5,1,50,1,2,0,0,0,2,21.0,,utilitaire_camion,,1,2,6,1,1
202200051230,2022-05-04 19:15:00,2022,5,4,19,15,25,25388,PARDONNET ( RUE LOUIS),47.512594,6.785058,Plein jour,En agglomération,Autre intersection,Pluie forte,Deux véhicules - côté,4,3,6,0,2,1,2,0,8,50,2,3,1,0,1,1,23.0,37.0,voiture,voiture,1,2,9,3,3
202200051231,2022-01-06 19:30:00,2022,1,6,19,30,75,75115,ROND POINT DU PONT MIRABEAU,48.845886,2.277342,Crépuscule ou aube,En agglomération,Intersection en X,Normale,Deux véhicules - côté,4,-1,2,0,1,1,1,0,1,30,2,2,1,0,0,1,50.0,41.0,voiture,deux_roues,2,2,2,1,3
202200051232,2022-03-28 10:15:00,2022,3,28,10,15,67,67282,D1004,48.623056,7.473787,Plein jour,Hors agglomération,Hors intersection,Normale,Deux véhicules - frontale,3,2,4,3,2,1,1,0,1,80,2,2,1,1,0,0,61.0,35.0,utilitaire_camion,voiture,1,1,1,1,1
202200051233,2022-05-07 12:40:00,2022,5,7,12,40,13,13071,AVENUE BARREAU NORD-SUD,43.41668,5.36449,Plein jour,En agglomération,Intersection en T,Normale,Trois véhicules et plus - collisions multiples,4,2,2,0,1,1,1,0,1,50,3,4,2,0,1,1,78.0,35.0,voiture,deux_roues,1,2,3,1,5
202200051234,2022-03-28 18:05:00,2022,3,28,18,5,67,67080,8 rue principale,48.561162,7.530908,Plein jour,En agglomération,Hors intersection,Normale,Deux véhicules - frontale,3,2,2,0,1,3,1,0,1,-1,2,2,1,0,0,1,51.0,16.0,voiture,deux_roues,1,2,1,1,1
202200051235,2022-05-08 10:00:00,2022,5,8,10,0,13,13214,MAHOUBI TIR ,43.3330934266,5.3955338169,Plein jour,Hors agglomération,Hors intersection,Pluie légère,Deux véhicules - frontale,6,2,2,0,1,1,2,0,1,30,1,2,1,0,0,1,20.0,,voiture,,1,1,1,2,1
202200051236,2022-01-05 13:10:00,2022,1,5,13,10,75,75115,BOULEVARD DE GRENELLE,48.854424,2.288657,Plein jour,En agglomération,Intersection en X,Normale,Deux véhicules - côté,4,2,2,0,1,1,1,0,1,30,2,3,2,0,0,1,47.0,87.0,deux_roues,voiture,1,2,2,1,3
202200051237,2022-03-28 23:00:00,2022,3,28,23,0,73,73006,Route de la Piaz,45.545515,6.603164,Nuit avec éclairage non allumé,Hors agglomération,Hors intersection,Normale,Sans collision,4,2,2,0,1,1,1,0,3,80,1,1,0,1,0,0,65.0,,voiture,,4,1,1,1,7
202200051238,2022-01-06 12:30:00,2022,1,6,12,30,75,75113,BOULEVARD VINCENT AURIOL,48.831682,2.359029,Plein jour,En agglomération,Hors intersection,Normale,Autre collision,4,1,2,0,1,1,1,0,1,30,1,2,1,0,0,1,60.0,,voiture,,1,2,1,1,6
202200051239,2022-05-08 05:27:00,2022,5,8,5,27,13,13212,SAINT JULIEN (AVENUE DE ),43.30752,5.42484,Plein jour,En agglomération,Intersection en X,Normale,Deux véhicules - côté,1,1,0,0,1,1,1,0,1,50,2,2,1,0,0,1,23.0,25.0,utilitaire_camion,voiture,1,2,2,1,3
202200051240,2022-03-26 19:55:00,2022,3,26,19,55,42,42147,Avenue de Saint Étienne,45.584897,4.100561,Nuit sans éclairage public,Hors agglomération,Intersection en T,Normale,Deux véhicules - côté,3,2,2,0,2,1,1,0,1,80,2,5,0,0,0,5,24.0,67.0,voiture,voiture,3,1,3,1,3
202200051241,2022-05-08 01:36:00,2022,5,8,1,36,13,13208,PRADO (AVENUE DU),43.27985,5.38708,Nuit avec éclairage allumé,En agglomération,Hors intersection,Autre,Autre collision,4,2,6,3,1,1,1,5,1,50,2,2,0,0,1,0,,34.0,voiture,deux_roues,5,2,1,9,6
202200051242,2022-01-06 18:02:00,2022,1,6,18,2,75,75111,BOULEVARD VOLTAIRE,48.865592,2.367054,Nuit avec éclairage allumé,En agglomération,Intersection en T,Normale,Deux véhicules - côté,4,2,2,1,1,1,1,-1,5,30,2,2,1,0,0,1,62.0,27.0,voiture,deux_roues,5,2,3,1,3
202200051243,2022-01-06 09:00:00,2022,1,6,9,0,75,75107,BOULEVARD DES INVALIDES,48.8494368928,2.3151272535,Plein jour,En agglomération,Intersection en X,Normale,Sans collision,4,1,2,3,1,1,1,0,1,30,1,1,0,0,1,0,34.0,,deux_roues,,1,2,2,1,7
202200051244,2022-04-23 19:05:00,2022,4,23,19,5,07,07072,,44.73701,4.61534,Crépuscule ou aube,Hors agglomération,Hors intersection,Pluie forte,Deux véhicules - côté,3,2,2,0,1,2,2,2,1,50,2,4,1,0,1,2,35.0,71.0,voiture,voiture,2,1,1,3,3
202200051245,2022-03-25 19:40:00,2022,3,25,19,40,38,38374,310 Chemin de la Michallière,45.6311,5.368972,Nuit avec éclairage allumé,En agglomération,Intersection en Y,Normale,Autre collision,3,2,2,0,2,1,1,0,1,50,1,2,1,0,1,0,15.0,,deux_roues,,5,2,4,1,6
202200051246,2022-05-08 14:42:00,2022,5,8,14,42,06,06069,SAINT LAURENT (AVENUE),43.677911,6.95036,Plein jour,Hors agglomération,Hors intersection,Normale,Autre collision,4,2,2,0,1,3,1,0,1,50,1,1,0,0,0,1,31.0,,voiture,,1,1,1,1,6
202200051247,2022-03-29 03:00:00,2022,3,29,3,0,38,38565,375 Avenue du 11 Novembre,45.292471,5.631968,Nuit avec éclairage allumé,En agglomération,Hors intersection,Normale,Autre collision,3,2,2,0,1,1,1,0,1,50,1,2,1,0,1,0,,,deux_roues,,5,2,1,1,6
202200051248,2022-01-05 22:35:00,2022,1,5,22,35,75,75101,QUAI DE LA MEGISSERIE,48.857321,2.346845,Nuit avec éclairage allumé,En agglomération,Place,Normale,Deux véhicules - côté,4,2,3,0,1,1,1,2,1,50,2,2,0,0,0,2,21.0,27.0,deux_roues,deux_roues,5,2,7,1,3
202200051249,2022-05-08 23:00:00,2022,5,8,23,0,01,01344,TREVOUX (AVENUE DE),46.1984,5.17646,Nuit avec éclairage allumé,En agglomération,Hors intersection,Normale,Autre collision,3,-1,2,0,1,1,1,0,1,50,1,1,0,0,0,1,22.0,,voiture,,5,2,1,1,6
202200051250,2022-01-06 14:00:00,2022,1,6,14,0,94,94052,Rue des Héros Nogentais,48.8381,2.48489,Plein jour,En agglomération,Hors intersection,Normale,Autre collision,4,-1,2,3,1,1,1,0,6,30,1,2,1,0,0,1,24.0,,deux_roues,,1,2,1,1,6