accident_id,datetime,annee,mois,jour,heure,minute,departement,commune_insee,adresse,latitude,longitude,luminosite,agglomeration,intersection,meteo,collision,catr,circ,nbv,vosp,prof,plan,surf,infra,situ,vma,nb_vehicules,nb_usagers,nb_indemnes,nb_tues,nb_blesses_hosp,nb_blesses_legers,age_cond_1,age_cond_2,veh_type_cond_1,veh_type_cond_2,lum_code,agg_code,int_code,atm_code,col_code
202200051251,2022-03-24 18:00:00,2022,3,24,18,0,17,17077,Route d Orignolles,45.140161,-0.164209,Plein jour,En agglomération,Hors intersection,Normale,Deux véhicules - frontale,3,2,2,0,1,1,1,0,1,50,2,2,1,0,1,0,63.0,31.0,utilitaire_camion,voiture,1,2,1,1,1
202200051252,2022-05-06 15:20:00,2022,5,6,15,20,75,75116,BD PERIPHERIQUE INTERIEUR,48.844089,2.254686,Plein jour,En agglomération,Hors intersection,Normale,Deux véhicules - arrière,4,1,4,0,1,1,1,1,1,70,2,2,1,0,0,1,57.0,54.0,utilitaire_camion,deux_roues,1,2,1,1,2
202200051253,2022-03-28 09:30:00,2022,3,28,9,30,33,33237,Route des Landes,44.510635,-0.336333,Plein jour,Hors agglomération,Hors intersection,Normale,Autre collision,3,2,2,0,1,2,1,0,3,80,1,1,0,0,1,0,49.0,,voiture,,1,1,1,1,6
202200051254,2022-01-06 13:05:00,2022,1,6,13,5,94,94081,Avenue du Colonel Fabien,48.788511,2.375392,Plein jour,En agglomération,Hors intersection,Normale,Deux véhicules - arrière,4,2,2,0,1,1,1,0,1,50,2,2,1,0,0,1,,24.0,utilitaire_camion,deux_roues,1,2,1,1,2
202200051255,2022-05-05 17:15:00,2022,5,5,17,15,75,75110,BOULEVARD SAINT MARTIN,48.868683,2.357443,Plein jour,En agglomération,Hors intersection,Normale,Deux véhicules - frontale,4,2,4,0,1,1,1,0,1,30,2,2,1,0,1,0,19.0,55.0,deux_roues,voiture,1,2,1,1,1
202200051256,2022-03-28 14:00:00,2022,3,28,14,0,85,85092,Rue du Docteur Audé,46.46587,-0.803687,Plein jour,En agglomération,Hors intersection,Normale,Deux véhicules - côté,4,2,2,0,1,1,1,0,1,50,2,2,1,0,0,1,50.0,19.0,voiture,deux_roues,1,2,1,1,3
202200051257,2022-01-06 08:50:00,2022,1,6,8,50,94,94004,N19,48.75742,2.50405,Crépuscule ou aube,Hors agglomération,Hors intersection,Normale,Deux véhicules - arrière,2,3,4,0,2,1,1,0,1,90,2,2,1,0,0,1,57.0,54.0,voiture,voiture,2,1,1,1,2
202200051258,2022-05-08 19:30:00,2022,5,8,19,30,75,75105,QUAI DE LA TOURNELLE,48.851265,2.350871,Plein jour,En agglomération,Intersection en T,Normale,Autre collision,4,2,4,0,1,1,1,0,1,30,2,3,1,0,0,2,63.0,23.0,voiture,voiture,1,2,3,1,6
202200051259,2022-01-05 20:20:00,2022,1,5,20,20,93,93049,MARECHAL FOCH (AVENUE) PL J.MERMOZ->2 CO,48.86117,2.50882,Nuit avec éclairage allumé,En agglomération,Hors intersection,Normale,Deux véhicules - côté,3,2,2,0,1,1,1,0,1,50,2,2,1,0,0,1,40.0,39.0,voiture,deux_roues,5,2,1,1,3
202200051260,2022-03-29 16:45:00,2022,3,29,16,45,50,50121,Cimetière,48.811774,-1.166857,Plein jour,Hors agglomération,Intersection en X,Normale,Deux véhicules - côté,3,2,2,0,1,1,1,0,1,80,2,3,0,0,1,2,28.0,72.0,voiture,utilitaire_camion,1,1,2,1,3
202200051261,2022-01-22 14:20:00,2022,1,22,14,20,93,93032,PAUL VAILLANT COUTURIER (RUE),48.87496,2.5513,Plein jour,En agglomération,Intersection en T,Temps couvert,Deux véhicules - côté,3,2,2,0,1,1,1,3,1,50,2,2,1,0,0,1,80.0,35.0,deux_roues,voiture,1,2,3,8,3
202200051262,2022-03-27 15:40:00,2022,3,27,15,40,14,14044,D83,49.268536,-0.436771,Plein jour,Hors agglomération,Intersection en X,Normale,Deux véhicules - côté,3,2,2,0,1,1,1,0,1,50,2,3,2,0,1,0,44.0,88.0,voiture,voiture,1,1,2,1,3
202200051263,2022-05-08 15:26:00,2022,5,8,15,26,75,75119,PLACE AUGUSTE BARON,48.90016,2.387235,Plein jour,En agglomération,Place,Normale,Deux véhicules - arrière,4,1,4,0,1,3,1,0,1,30,2,2,1,0,0,1,36.0,41.0,deux_roues,voiture,1,2,7,1,2
202200051264,2022-03-25 17:00:00,2022,3,25,17,0,14,14228,D7,49.283918,-0.380595,Plein jour,Hors agglomération,Hors intersection,Normale,Sans collision,9,-1,1,1,1,1,1,0,5,-1,1,1,0,0,1,0,19.0,,deux_roues,,1,1,1,1,7
202200051265,2022-01-04 20:20:00,2022,1,4,20,20,93,93047,GENERAL DE GAULLE (RUE DU),48.89928,2.56255,Nuit avec éclairage allumé,En agglomération,Intersection en T,Pluie légère,Deux véhicules - côté,4,2,2,0,1,1,2,0,1,50,2,3,2,1,0,0,25.0,49.0,voiture,voiture,5,2,3,2,3
202200051266,2022-05-08 15:00:00,2022,5,8,15,0,75,75119,AVENUE DE FLANDRE,48.891696,2.378334,Plein jour,En agglomération,Hors intersection,Normale,Autre collision,4,3,3,1,1,1,1,0,5,30,1,2,0,0,0,2,17.0,,deux_roues,,1,2,1,1,6
202200051267,2022-03-28 16:20:00,2022,3,28,16,20,22,22179,rue de la grenouillere,48.628768,-2.358617,Plein jour,En agglomération,Hors intersection,Normale,Autre collision,4,2,2,0,1,2,1,0,4,50,1,2,1,0,1,0,38.0,,voiture,,1,2,1,1,6
202200051268,2022-01-06 17:18:00,2022,1,6,17,18,93,93001,REPUBLIQUE (AVE DE LA ) 43/106 =>,48.90691,2.38888,Crépuscule ou aube,En agglomération,Hors intersection,Normale,Autre collision,3,2,2,0,1,1,1,0,3,50,1,2,1,0,0,1,26.0,,voiture,,2,2,1,1,6
202200051269,2022-05-08 14:20:00,2022,5,8,14,20,75,75119,RUE MANIN,48.880417,2.379622,Plein jour,En agglomération,Intersection en Y,Normale,Deux véhicules - côté,4,2,2,0,1,1,1,0,1,30,2,3,1,0,0,2,31.0,,deux_roues,voiture,1,2,4,1,3
202200051270,2022-01-06 19:50:00,2022,1,6,19,50,92,92046,DE STALINGRAD,48.814746,2.286784,Nuit avec éclairage allumé,En agglomération,Hors intersection,Normale,Deux véhicules - côté,3,2,2,1,1,1,1,0,1,50,2,2,1,0,0,1,43.0,59.0,voiture,deux_roues,5,2,1,1,3
202200051271,2022-01-06 12:30:00,2022,1,6,12,30,92,92050,PONS NOEL RUE,48.9080358204,2.2282719612,Plein jour,En agglomération,Hors intersection,Normale,Autre collision,4,-1, -1,0,1,1,1,9,1,50,1,2,1,0,0,1,43.0,,voiture,,1,2,1,1,6
202200051272,2022-05-08 00:30:00,2022,5,8,0,30,75,75117,BOULEVARD DES BATIGNOLLES,48.883217,2.325337,Nuit avec éclairage allumé,En agglomération,Intersection en T,Normale,Deux véhicules - côté,4,3,2,3,1,1,1,0,6,30,2,4,1,0,0,3,,28.0,deux_roues,deux_roues,5,2,3,1,3
202200051273,2022-03-29 11:00:00,2022,3,29,11,0,60,60395,Rue Aristide Briand,49.2171749913,2.1284755468,Plein jour,En agglomération,Intersection en T,Normale,Deux véhicules - côté,3,2,2,0,3,1,1,0,1,50,2,2,1,0,1,0,74.0,60.0,deux_roues,voiture,1,2,3,1,3
202200051274,2022-05-08 20:00:00,2022,5,8,20,0,75,75115,AVENUE DE LA PORTE DE LA PLAINE,48.830924,2.292338,Plein jour,En agglomération,Intersection en X,Normale,Autre collision,4,2,2,0,1,1,1,0,1,30,1,2,1,0,0,1,,,deux_roues,,1,2,2,1,6
202200051275,2022-01-06 20:30:00,2022,1,6,20,30,92,92044,DANTON (RUE) ,48.89816,2.27706,Nuit avec éclairage allumé,En agglomération,Intersection en Y,Normale,Deux véhicules - côté,4,1,1,0,1,1,1,0,8,30,2,2,1,0,1,0,49.0,23.0,transport_commun,deux_roues,5,2,4,1,3
202200051276,2022-03-29 18:41:00,2022,3,29,18,41,59,59214,D135,50.300309,3.055744,Plein jour,Hors agglomération,Intersection en X,Pluie légère,Deux véhicules - côté,3,2,2,0,1,1,2,0,1,80,2,2,0,0,0,2,69.0,23.0,voiture,voiture,1,1,2,2,3
202200051277,2022-01-06 16:53:00,2022,1,6,16,53,92,92044,MARIUS AUFAN(RUE) 69+ ET 80+,48.892214,2.283133,Crépuscule ou aube,En agglomération,Hors intersection,Normale,Sans collision,4,1,1,1,1,1,1,0,5,50,1,1,0,0,0,1,54.0,,deux_roues,,2,2,1,1,7
202200051278,2022-05-08 22:40:00,2022,5,8,22,40,75,75113,AVENUE DES GOBELINS,48.834656,2.353331,Nuit avec éclairage allumé,En agglomération,Intersection en T,Normale,Sans collision,4,2,4,3,2,1,1,0,6,30,1,1,0,0,0,1,25.0,,deux_roues,,5,2,3,1,7
202200051279,2022-03-28 17:50:00,2022,3,28,17,50,13,13212,A507 sens Aubagne- Marseille,43.321001,5.422493,Plein jour,En agglomération,Hors intersection,Normale,Autre collision,1,1,3,0,1,1,1,1,1,70,1,1,0,0,0,1,61.0,,deux_roues,,1,2,1,1,6
202200051280,2022-01-06 20:25:00,2022,1,6,20,25,25,25474,"autoroute A36, PK 104+400, sens de circulation ""vers MULHOUSE""",47.337983,6.220929,Nuit sans éclairage public,Hors agglomération,Hors intersection,Normale,Autre collision,1,3,4,0,1,1,1,0,1,90,1,2,1,0,0,1,22.0,,voiture,,3,1,1,1,6
202200051281,2022-05-08 18:07:00,2022,5,8,18,7,75,75113,QUAI FRANCOIS MAURIAC,48.832963,2.378751,Plein jour,En agglomération,Intersection en T,Normale,Deux véhicules - côté,4,2,4,1,1,1,1,0,5,30,2,2,1,0,0,1,24.0,21.0,voiture,deux_roues,1,2,3,1,3
202200051282,2022-03-28 14:30:00,2022,3,28,14,30,13,13106,A51-Sens Aix en Provence vers Marseille,43.39,5.35,Plein jour,Hors agglomération,Hors intersection,Normale,Deux véhicules - côté,1,1,3,0,1,1,1,0,1,90,2,2,1,0,0,1,28.0,35.0,voiture,deux_roues,1,1,1,1,3
202200051283,2022-01-07 08:10:00,2022,1,7,8,10,41,41045,D751,47.483351,1.199162,Crépuscule ou aube,Hors agglomération,Hors intersection,Pluie légère,Autre collision,3,2,2,0,1,1,2,0,3,90,1,1,0,0,1,0,20.0,,voiture,,2,1,1,2,6
202200051284,2022-03-28 07:00:00,2022,3,28,7,0,13,13071,A7-Sens Marseille vers Lyon,43.41524,5.27841,Crépuscule ou aube,Hors agglomération,Hors intersection,Normale,Deux véhicules - côté,1,1,3,0,1,1,1,0,1,90,2,2,1,0,0,1,30.0,28.0,voiture,voiture,2,1,1,1,3
202200051285,2022-05-08 14:30:00,2022,5,8,14,30,75,75107,PONT D IENA,48.85951,2.292532,Plein jour,En agglomération,Hors intersection,Normale,Deux véhicules - arrière,4,2,5,0,1,1,1,2,1,30,2,3,2,0,0,1,42.0,21.0,voiture,voiture,1,2,1,1,2
202200051286,2022-01-06 20:26:00,2022,1,6,20,26,28,28015,Autoroute A 11 PK 037+800,48.510037,1.749058,Nuit sans éclairage public,Hors agglomération,Hors intersection,Normale,Deux véhicules - côté,1,3,3,0,1,1,1,0,1,130,2,3,0,0,2,1,22.0,55.0,voiture,voiture,3,1,1,1,3
202200051287,2022-05-08 02:50:00,2022,5,8,2,50,75,75112,AVENUE LEDRU ROLLIN,48.848946,2.373111,Nuit avec éclairage allumé,En agglomération,Hors intersection,Normale,Deux véhicules - côté,4,2,2,0,1,1,1,0,1,30,2,2,1,0,0,1,24.0,27.0,voiture,deux_roues,5,2,1,1,3
202200051288,2022-03-25 15:30:00,2022,3,25,15,30,83,83144,A57,43.1343660753,5.9875059128,Plein jour,Hors agglomération,Hors intersection,Normale,Deux véhicules - arrière,1,3,4,0,1,1,1,0,1,70,2,2,1,0,0,1,64.0,47.0,utilitaire_camion,deux_roues,1,1,1,1,2
202200051289,2022-01-07 16:36:00,2022,1,7,16,36,51,51183,D966,49.304209,4.027519,Crépuscule ou aube,Hors agglomération,Hors intersection,Pluie légère,Deux véhicules - frontale,3,2,2,0,1,1,2,0,1,90,2,2,0,0,2,0,46.0,19.0,voiture,voiture,2,1,1,2,1
202200051290,2022-03-28 15:30:00,2022,3,28,15,30,69,69297,A47,45.58808,4.78512,Plein jour,Hors agglomération,Hors intersection,Normale,Sans collision,1,3,4,0,1,3,1,3,3,50,1,1,0,0,0,1,73.0,,deux_roues,,1,1,1,1,7
202200051291,2022-05-08 15:00:00,2022,5,8,15,0,75,75111,BOULEVARD RICHARD LENOIR,48.858036,2.371674,Plein jour,En agglomération,Intersection en X,Normale,Deux véhicules - côté,4,3,2,0,1,1,1,0,1,30,2,2,0,0,0,2,19.0,19.0,deux_roues,deux_roues,1,2,2,1,3
202200051292,2022-01-05 08:30:00,2022,1,5,8,30,19,19039,RD 10,45.287194,1.981148,Crépuscule ou aube,Hors agglomération,Hors intersection,Normale,Autre collision,3,2,2,0,1,2,1,0,3,90,1,1,0,0,0,1,73.0,,voiture,,2,1,1,1,6
202200051293,2022-03-27 18:15:00,2022,3,27,18,15,33,33003,AUTOROUTE A 10,44.930107,-0.469299,Plein jour,Hors agglomération,Hors intersection,Normale,Sans collision,1,3,6,0,1,1,1,0,1,110,1,2,0,0,0,2,23.0,,deux_roues,,1,1,1,1,7
202200051294,2022-01-02 00:30:00,2022,1,2,0,30,79,79076,,46.734331,-0.47017,Nuit sans éclairage public,En agglomération,Hors intersection,Normale,Autre collision,4,2,2,0,1,3,1,0,1,50,1,1,0,0,1,0,34.0,,voiture,,3,2,1,1,6
202200051295,2022-05-08 20:31:00,2022,5,8,20,31,94,94080,REPUBLIQUE (AV DE LA),48.852382,2.43842,Crépuscule ou aube,En agglomération,Hors intersection,Normale,Autre collision,4,2,2,0,1,1,1,0,8,30,1,2,1,0,0,1,21.0,,deux_roues,,2,2,1,1,6
202200051296,2022-03-24 21:05:00,2022,3,24,21,5,59,59581,AUTOROUTE A25,50.7067415016,2.7843559384,Nuit sans éclairage public,Hors agglomération,Hors intersection,Normale,Autre collision,1,-1,4,0,1,1,1,0,1,110,2,2,1,0,1,0,,41.0,voiture,voiture,3,1,1,1,6
202200051297,2022-05-08 19:30:00,2022,5,8,19,30,94,94073,REPUBLIQUE (AV DE LA),48.77367,2.39878,Plein jour,En agglomération,Intersection en T,Normale,Deux véhicules - frontale,4,2,0,0,2,1,1,0,1,50,2,2,1,0,0,1,27.0,36.0,deux_roues,voiture,1,2,3,1,1
202200051298,2022-01-06 10:30:00,2022,1,6,10,30,31,31351,N224,43.67193,1.293506,Plein jour,Hors agglomération,Giratoire,Normale,Deux véhicules - côté,2,1,1,0,1,2,1,5,1,80,2,2,1,0,0,1,37.0,70.0,voiture,deux_roues,1,1,6,1,3
202200051299,2022-03-26 12:25:00,2022,3,26,12,25,78,78402,A13,48.96523,1.80612,Plein jour,Hors agglomération,Hors intersection,Normale,Autre collision,1,1,4,0,1,1,1,0,2,130,1,1,0,0,0,1,22.0,,utilitaire_camion,,1,1,1,1,6
202200051300,2022-01-06 15:40:00,2022,1,6,15,40,2B,2B207,Route de San Pellegrino,42.4451411541,9.5136129848,Plein jour,En agglomération,Hors intersection,Temps couvert,Deux véhicules - côté,3,2,2,0,1,1,2,0,1,50,2,4,1,0,0,3,33.0,63.0,voiture,voiture,1,2,1,8,3
202200051301,2022-05-08 11:20:00,2022,5,8,11,20,93,93072,Avenue Aristide Briand,48.9621509387,2.3799052835,Plein jour,En agglomération,Hors intersection,Normale,Deux véhicules - côté,3,2,2,0,1,1,1,0,1,50,2,4,2,0,1,1,31.0,,transport_commun,utilitaire_camion,1,2,1,1,3
202200051302,2022-03-27 18:20:00,2022,3,27,18,20,95,95277,RD 170 ,48.9776,2.4605,Plein jour,Hors agglomération,Hors intersection,Normale,Deux véhicules - arrière,3,3,4,0,1,1,1,0,1,90,2,6,2,0,0,4,41.0,31.0,utilitaire_camion,utilitaire_camion,1,1,1,1,2
202200051303,2022-05-08 18:30:00,2022,5,8,18,30,93,93066,Avenue du Colonel Fabien,48.945154159,2.352155149,Plein jour,En agglomération,Hors intersection,Normale,Deux véhicules - côté,3,1,4,0,1,1,1,9,1,50,2,2,1,0,1,0,37.0,45.0,voiture,deux_roues,1,2,1,1,3
202200051304,2022-01-06 16:40:00,2022,1,6,16,40,80,80571,D14,49.766298,2.46966,Crépuscule ou aube,Hors agglomération,Hors intersection,Normale,Trois véhicules et plus - collisions multiples,3,2,2,0,1,1,1,0,1,80,3,4,3,0,0,1,46.0,71.0,utilitaire_camion,voiture,2,1,1,1,5
202200051305,2022-03-26 14:40:00,2022,3,26,14,40,93,93005,AUTOROUTE A3,48.96203,2.47396,Plein jour,Hors agglomération,Hors intersection,Normale,Deux véhicules - côté,1,3,2,0,2,3,1,0,1,90,2,2,1,0,0,1,60.0,22.0,deux_roues,voiture,1,1,1,1,3
202200051306,2022-05-08 07:41:00,2022,5,8,7,41,93,93079,Route de Saint-leu,48.952389,2.337926,Plein jour,En agglomération,Hors intersection,Normale,Deux véhicules - arrière,3,1,2,0,1,1,1,0,1,50,2,2,1,0,0,1,27.0,21.0,deux_roues,voiture,1,2,1,1,2
202200051307,2022-01-04 12:10:00,2022,1,4,12,10,81,81204,26 Chemin des Mûriers,43.5189279797,2.3583231568,Plein jour,En agglomération,Hors intersection,Normale,Deux véhicules - frontale,3,2,2,0,1,2,1,0,1,50,2,2,1,0,1,0,21.0,49.0,deux_roues,voiture,1,2,1,1,1
202200051308,2022-03-27 03:30:00,2022,3,27,3,30,75,75112,A4,48.8234210852,2.463067174,Nuit sans éclairage public,Hors agglomération,Hors intersection,Normale,Trois véhicules et plus - en chaîne,1,1,4,0,1,3,1,0,1,90,3,4,3,0,0,1,,57.0,voiture,voiture,3,1,1,1,4
202200051309,2022-05-08 13:00:00,2022,5,8,13,0,92,92062,BERTHELOT (RUE MARCELIN),48.887762416,2.2327209413,Plein jour,En agglomération,Hors intersection,Normale,Deux véhicules - arrière,4,2,2,0,1,1,1,0,1,30,2,2,1,0,0,1,27.0,31.0,utilitaire_camion,voiture,1,2,1,1,2
202200051310,2022-01-06 09:05:00,2022,1,6,9,5,12,12052,Avenue de la république,44.574504,2.082566,Plein jour,En agglomération,Passage à niveau,Normale,Autre collision,3,2,2,0,1,2,1,4,1,50,1,2,1,0,1,0,23.0,,voiture,,1,2,8,1,6
202200051311,2022-05-08 22:25:00,2022,5,8,22,25,92,92051,"CHARLES DE GAULLE (AVENUE, N° 18 A 116)",48.8815109461,2.2715373337,Nuit avec éclairage allumé,Hors agglomération,Hors intersection,Normale,Deux véhicules - arrière,4,1,8,0,1,1,1,0,1,50,2,3,1,0,0,2,59.0,22.0,deux_roues,voiture,5,1,1,1,2
202200051312,2022-03-27 01:10:00,2022,3,27,1,10,75,75113,AVENUE DE LA PORTE D IVRY,48.8197210961,2.372922138,Nuit avec éclairage allumé,En agglomération,Intersection en Y,Normale,Deux véhicules - côté,4,2,4,0,1,1,1,0,1,30,2,2,1,0,0,1,48.0,29.0,voiture,deux_roues,5,2,4,1,3
202200051313,2022-01-07 13:30:00,2022,1,7,13,30,03,03043,15 Village d Escolles,46.198826,3.264935,Plein jour,En agglomération,Hors intersection,Normale,Autre collision,4,2,1,0,2,2,2,0,3,50,1,4,2,0,0,2,20.0,,voiture,,1,2,1,1,6
202200051314,2022-05-08 21:30:00,2022,5,8,21,30,92,92026,SAINT DENIS BD (120 A 174 / 199 A 315),48.8976213027,2.2625320852,Crépuscule ou aube,En agglomération,Hors intersection,Normale,Deux véhicules - côté,3,-1,2,0,1,1,1,0,1,50,2,2,1,0,0,1,25.0,21.0,voiture,deux_roues,2,2,1,1,3
202200051315,2022-03-27 22:15:00,2022,3,27,22,15,13,13214,FRÉDÉRIC SAUVAGE (BOULEVARD),43.33392,5.37017,Nuit avec éclairage allumé,En agglomération,Hors intersection,Normale,Deux véhicules - frontale,4,2,2,0,1,1,1,0,1,50,1,2,1,0,0,1,22.0,,voiture,,5,2,1,1,1
202200051316,2022-01-07 17:10:00,2022,1,7,17,10,83,83060,D13,43.6187615517,6.0722284913,Crépuscule ou aube,Hors agglomération,Hors intersection,Normale,Autre collision,3,2,2,0,1,2,1,0,1,80,1,1,0,0,1,0,38.0,,deux_roues,,2,1,1,1,6
202200051317,2022-05-09 09:05:00,2022,5,9,9,5,37,37005,26 Route de Richelieu,46.9642471512,0.5783580244,Plein jour,En agglomération,Hors intersection,Temps éblouissant,Autre collision,3,2,2,0,1,3,1,0,1,50,1,2,0,2,0,0,86.0,,voiture,,1,2,1,7,6
202200051318,2022-03-27 20:30:00,2022,3,27,20,30,69,69387,Avenue Tony Garnier,45.73232,4.82385,Nuit avec éclairage allumé,En agglomération,Intersection en T,Normale,Deux véhicules - côté,4,3,8,1,1,1,1,0,1,50,2,2,1,0,0,1,22.0,21.0,voiture,voiture,5,2,3,1,3
202200051319,2022-01-06 09:25:00,2022,1,6,9,25,67,67176,D1062,48.892483,7.660882,Plein jour,Hors agglomération,Giratoire,Temps éblouissant,Deux véhicules - côté,3,-1,2,0,1,2,1,0,1,80,2,3,2,0,1,0,59.0,64.0,voiture,utilitaire_camion,1,1,6,7,3
202200051320,2022-05-04 17:00:00,2022,5,4,17,0,47,47238,1706 Route du Bois Noir,44.163646,0.51828,Plein jour,Hors agglomération,Hors intersection,Normale,Autre collision,3,2,2,0,1,3,1,0,1,80,1,2,1,0,0,1,58.0,,voiture,,1,1,1,1,6
202200051321,2022-03-27 20:00:00,2022,3,27,20,0,69,69387,Boulevard Yves Farge,45.7328094902,4.8244222999,Nuit avec éclairage allumé,En agglomération,Hors intersection,Normale,Autre collision,4,1,1,3,1,3,1,0,1,50,1,1,0,0,0,1,25.0,,deux_roues,,5,2,1,1,6
202200051322,2022-01-06 07:25:00,2022,1,6,7,25,67,67152,M222,48.531448,7.691822,Nuit avec éclairage allumé,En agglomération,Giratoire,Normale,Deux véhicules - côté,7,1,2,0,1,2,2,0,1,50,2,2,1,0,0,1,40.0,41.0,deux_roues,voiture,5,2,6,1,3
202200051323,2022-05-09 17:10:00,2022,5,9,17,10,54,54301,D32,48.8057399507,6.3177931303,Plein jour,Hors agglomération,Hors intersection,Temps éblouissant,Deux véhicules - frontale,3,2,2,0,1,1,1,0,1,80,2,3,0,0,0,3,30.0,66.0,voiture,voiture,1,1,1,7,1
202200051324,2022-03-27 16:40:00,2022,3,27,16,40,69,69259,Rue Président Salvador Allende,45.69476,4.88964,Plein jour,En agglomération,Intersection en X,Normale,Deux véhicules - côté,4,2,3,0,1,1,1,0,1,50,2,2,1,0,0,1,64.0,71.0,voiture,deux_roues,1,2,2,1,3
202200051325,2022-05-09 07:00:00,2022,5,9,7,0,08,08145,d 964,49.667249,5.044355,Plein jour,En agglomération,Hors intersection,Normale,Sans collision,3,2,2,0,1,1,1,2,3,50,1,1,0,1,0,0,33.0,,voiture,,1,2,1,1,7
202200051326,2022-01-06 10:53:00,2022,1,6,10,53,66,66195,Route Départementale 916,42.687581,2.82236,Plein jour,Hors agglomération,Giratoire,Normale,Deux véhicules - côté,3,1,1,0,1,2,1,0,1,70,2,2,1,0,1,0,79.0,68.0,voiture,deux_roues,1,1,6,1,3
202200051327,2022-05-08 06:00:00,2022,5,8,6,0,38,38131,Route de Reventin - Vaugris,45.451058,4.85019,Crépuscule ou aube,Hors agglomération,Hors intersection,Normale,Sans collision,3,2,2,0,1,1,1,0,3,90,1,2,0,0,1,1,26.0,,voiture,,2,1,1,1,7
202200051328,2022-03-26 21:40:00,2022,3,26,21,40,972,97213,ROUTE DEPARTEMENTALE 3,14.6078925692,-60.9977674484,Nuit avec éclairage allumé,En agglomération,Hors intersection,Normale,Deux véhicules - arrière,3,-1,2,0,1,1,1,0,1,50,2,3,2,0,0,1,29.0,30.0,voiture,voiture,5,2,1,1,2
202200051329,2022-01-07 11:50:00,2022,1,7,11,50,06,06085,D6185,43.608706,6.974575,Plein jour,Hors agglomération,Hors intersection,Normale,Deux véhicules - arrière,3,1,2,0,2,1,1,0,1,90,2,2,1,1,0,0,48.0,19.0,voiture,deux_roues,1,1,1,1,2
202200051330,2022-01-07 13:02:00,2022,1,7,13,2,25,25233,N57,47.132644,6.283418,Plein jour,Hors agglomération,Hors intersection,Normale,Sans collision,2,2,2,0,2,1,1,0,3,80,1,1,0,0,1,0,63.0,,transport_commun,,1,1,1,1,7
202200051331,2022-03-27 16:27:00,2022,3,27,16,27,972,97209,BALATA (ROUTE DE),14.6539994719,-61.0853871703,Plein jour,Hors agglomération,Hors intersection,Normale,Deux véhicules - côté,2,2,2,0,1,4,1,0,1,30,2,2,0,0,1,1,35.0,36.0,deux_roues,voiture,1,1,1,1,3
202200051332,2022-05-09 17:30:00,2022,5,9,17,30,77,77382,"Autoroute A4, PK 40.700 direction la province.",48.885905,2.895477,Plein jour,Hors agglomération,Hors intersection,Normale,Deux véhicules - arrière,1,1,4,0,1,1,1,0,1,-1,2,2,1,0,0,1,37.0,56.0,voiture,utilitaire_camion,1,1,1,1,2
202200051333,2022-05-06 16:30:00,2022,5,6,16,30,67,67478,rue de la gare,48.762597,7.417129,Plein jour,En agglomération,Hors intersection,Normale,Deux véhicules - côté,3,2,2,1,2,1,1,2,5,50,2,2,1,0,0,1,37.0,47.0,deux_roues,voiture,1,2,1,1,3
202200051334,2022-03-27 19:05:00,2022,3,27,19,5,2A,2A004,ILES SANGUINAIRES ROUTE DES,41.90795,8.70461,Crépuscule ou aube,En agglomération,Hors intersection,Normale,Deux véhicules - côté,3,2,2,0,1,3,1,0,1,50,2,3,1,0,0,2,42.0,38.0,voiture,deux_roues,2,2,1,1,3
202200051335,2022-01-01 02:00:00,2022,1,1,2,0,69,69019,Autoroute 6,46.1063667018,4.7565972805,Nuit sans éclairage public,Hors agglomération,Hors intersection,Brouillard / fumée,Autre collision,1,3,6,0,1,1,2,0,1,130,1,9,8,1,0,0,20.0,,voiture,,3,1,1,5,6
202200051336,2022-05-09 07:25:00,2022,5,9,7,25,974,97414,Avenue du Rond Point du Gol,-21.283116,55.395845,Plein jour,Hors agglomération,Hors intersection,Normale,Deux véhicules - côté,2,2,3,0,1,1,1,3,1,50,2,2,1,0,1,0,56.0,62.0,utilitaire_camion,deux_roues,1,1,1,1,3
202200051337,2022-03-27 11:15:00,2022,3,27,11,15,2A,2A004,ILES SANGUINAIRES ROUTE DES,41.90874,8.70873,Plein jour,En agglomération,Giratoire,Normale,Deux véhicules - arrière,3,2,2,0,1,1,1,0,1,50,2,2,1,0,0,1,63.0,71.0,voiture,deux_roues,1,2,6,1,2
202200051338,2022-05-09 08:10:00,2022,5,9,8,10,59,59309,Rue du Looweg,50.97086,2.577367,Plein jour,Hors agglomération,Hors intersection,Normale,Sans collision,4,2,2,0,1,1,1,0,1,70,1,1,0,1,0,0,74.0,,deux_roues,,1,1,1,1,7
202200051339,2022-01-02 16:44:00,2022,1,2,16,44,974,97415,N1a,-21.105598,55.250268,Plein jour,En agglomération,,Normale,Deux véhicules - côté,2,2,2,2,1,1,1,0,1,50,2,2,1,0,1,0,22.0,36.0,deux_roues,voiture,1,2,-1,1,3
202200051340,2022-03-26 14:45:00,2022,3,26,14,45,95,95323,ECANCOURT (BOULEVARD D'),49.0104911243,2.0408982038,Plein jour,En agglomération,Hors intersection,Normale,Deux véhicules - côté,4,2,2,0,2,1,1,0,1,50,2,3,1,0,0,2,10.0,48.0,deux_roues,voiture,1,2,1,1,3
202200051341,2022-05-05 12:15:00,2022,5,5,12,15,83,83026,D33,43.417808,6.261966,Plein jour,Hors agglomération,Hors intersection,Pluie légère,Autre collision,3,2,2,0,1,2,2,0,8,80,1,1,0,0,1,0,20.0,,voiture,,1,1,1,2,6
202200051342,2022-01-05 15:13:00,2022,1,5,15,13,973,97311,Boulevard du Général de Gaulle,5.492543,-54.035869,Plein jour,En agglomération,Autre intersection,Normale,Autre collision,4,2,2,0,1,2,1,0,1,50,1,2,1,0,1,0,,,voiture,,1,2,9,1,6