accident_id,datetime,annee,mois,jour,heure,minute,departement,commune_insee,adresse,latitude,longitude,luminosite,agglomeration,intersection,meteo,collision,catr,circ,nbv,vosp,prof,plan,surf,infra,situ,vma,nb_vehicules,nb_usagers,nb_indemnes,nb_tues,nb_blesses_hosp,nb_blesses_legers,age_cond_1,age_cond_2,veh_type_cond_1,veh_type_cond_2,lum_code,agg_code,int_code,atm_code,col_code
202200051527,2022-02-15 17:04:00,2022,2,15,17,4,64,64102,JEAN JAURES (BOULEVARD),43.4933052635,-1.4616671205,Plein jour,En agglomération,Intersection en T,Normale,Deux véhicules - côté,4,2,2,0,1,1,1,0,8,50,2,2,1,0,0,1,11.0,40.0,deux_roues,voiture,1,2,3,1,3
202200051528,2022-07-06 09:40:00,2022,7,6,9,40,41,41283,croisement RD 957 RD 74 RD 111,47.702748,1.175247,Plein jour,Hors agglomération,Intersection en X,Normale,Deux véhicules - arrière,3,2,2,0,1,1,1,5,1,90,2,3,0,0,0,1,34.0,,utilitaire_camion,autre,1,1,2,1,2
202200051529,2022-06-07 15:50:00,2022,6,7,15,50,75,75109,RUE SAINT LAZARE,48.8757,2.327805,Plein jour,En agglomération,Intersection en T,Normale,Deux véhicules - côté,4,2,4,3,1,1,1,0,1,30,2,3,2,0,0,1,34.0,37.0,deux_roues,voiture,1,2,3,1,3
202200051530,2022-07-09 12:10:00,2022,7,9,12,10,38,38424,D1075,44.7649981765,5.6598754724,Plein jour,Hors agglomération,Hors intersection,Normale,Deux véhicules - frontale,3,2,2,0,2,1,1,0,1,80,2,4,0,0,2,2,68.0,58.0,voiture,voiture,1,1,1,1,1
202200051531,2022-02-15 12:50:00,2022,2,15,12,50,64,64024,avenue du maréchal soult,43.483675,-1.50227,Plein jour,En agglomération,Giratoire,Temps couvert,Deux véhicules - côté,4,2,2,0,1,2,2,0,1,50,2,2,1,0,0,1,67.0,21.0,utilitaire_camion,deux_roues,1,2,6,8,3
202200051532,2022-06-08 09:06:00,2022,6,8,9,6,75,75107,PORT DE SOLFERINO,48.860936,2.325573,Plein jour,En agglomération,Hors intersection,Pluie légère,Sans collision,4,-1,1,0,1,1,2,8,1,30,1,1,0,0,1,0,42.0,,deux_roues,,1,2,1,2,7
202200051533,2022-02-14 15:00:00,2022,2,14,15,0,45,45234,Route d’Olivet,47.88775,1.90501,Plein jour,En agglomération,Intersection en Y,Normale,Autre collision,4,1,2,0,1,1,1,0,1,50,1,2,1,0,0,1,71.0,,voiture,,1,2,4,1,6
202200051534,2022-07-08 23:30:00,2022,7,8,23,30,47,47233,intersection d813 route du traversant,44.5456252706,0.0865232625,Nuit sans éclairage public,Hors agglomération,Intersection en Y,Normale,Sans collision,3,-1,2,0,1,2,1,0,1,50,1,2,0,1,1,0,66.0,,deux_roues,,3,1,4,1,7
202200051535,2022-06-07 20:05:00,2022,6,7,20,5,75,75114,RUE D ALESIA,48.832724,2.311528,Plein jour,En agglomération,Intersection en X,Normale,Deux véhicules - côté,4,2,2,2,1,1,1,-1,5,10,2,2,1,0,0,1,59.0,18.0,utilitaire_camion,deux_roues,1,2,2,1,3
202200051536,2022-02-10 09:50:00,2022,2,10,9,50,43,43002,16 Chemin des Cités,45.055,3.88404,Plein jour,En agglomération,Hors intersection,Autre,Sans collision,4,2,2,0,1,1,7,0,8,50,1,1,0,0,1,0,86.0,,voiture,,1,2,1,9,7
202200051537,2022-07-08 19:30:00,2022,7,8,19,30,87,87188,D32,45.856132,1.088591,Plein jour,Hors agglomération,Hors intersection,Normale,Deux véhicules - frontale,3,2,2,0,2,3,1,0,1,80,2,2,1,0,1,0,48.0,17.0,utilitaire_camion,deux_roues,1,1,1,1,1
202200051538,2022-06-07 15:19:00,2022,6,7,15,19,75,75107,PLACE DES INVALIDES,48.85841,2.31261,Plein jour,En agglomération,Place,Normale,Deux véhicules - arrière,4,1,2,0,1,1,1,0,1,50,2,2,1,0,0,1,37.0,31.0,voiture,voiture,1,2,7,1,2
202200051539,2022-02-15 08:30:00,2022,2,15,8,30,37,37214,DE GAULLE (BD CHARLES),47.4182342147,0.6648284197,Plein jour,En agglomération,Hors intersection,Normale,Autre collision,7,3,6,0,1,1,2,0,1,50,1,2,1,0,0,1,61.0,,voiture,,1,2,1,1,6
202200051540,2022-07-08 07:35:00,2022,7,8,7,35,37,37216,Autoroute A10,47.163487,0.62871,Crépuscule ou aube,Hors agglomération,Autre intersection,Normale,Autre collision,1,3,2,0,1,1,1,8,2,90,1,4,0,0,2,2,52.0,,voiture,,2,1,9,1,6
202200051541,2022-06-07 19:00:00,2022,6,7,19,0,75,75104,RUE DE RIVOLI,48.855109,2.361697,Plein jour,En agglomération,Intersection en T,Normale,Autre collision,4,2,2,1,1,1,1,-1,5,30,2,3,2,0,0,1,24.0,31.0,deux_roues,deux_roues,1,2,3,1,6
202200051542,2022-02-14 17:10:00,2022,2,14,17,10,35,35288,Rue des Cordiers,48.64869,-2.02408,Plein jour,En agglomération,Intersection en T,Normale,Sans collision,4,1,1,0,1,1,1,0,1,30,1,2,1,0,1,0,77.0,,voiture,,1,2,3,1,7
202200051543,2022-07-07 01:00:00,2022,7,7,1,0,37,37179,A10,47.448564,0.742897,Nuit sans éclairage public,Hors agglomération,Hors intersection,Normale,Autre collision,1,3,3,0,1,1,1,0,2,130,1,1,0,0,0,1,44.0,,utilitaire_camion,,3,1,1,1,6
202200051544,2022-02-15 13:15:00,2022,2,15,13,15,35,35238,HUCHET (JEAN-MARIE),48.111002,-1.636929,Plein jour,En agglomération,Hors intersection,Pluie légère,Autre collision,4,2,2,0,1,3,2,0,8,50,1,1,0,0,0,1,36.0,,voiture,,1,2,1,2,6
202200051545,2022-06-07 19:05:00,2022,6,7,19,5,75,75104,RUE DES FRANCS BOURGEOIS,48.856462,2.364349,Plein jour,En agglomération,Intersection en X,Normale,Autre collision,4,1,2,0,1,1,1,-1,6,30,1,2,1,0,0,1,30.0,,deux_roues,,1,2,2,1,6
202200051546,2022-11-28 13:30:00,2022,11,28,13,30,93,93048,ROSNY (RUE DE),48.8686205416,2.4611552821,Plein jour,En agglomération,Autre intersection,Normale,Autre collision,4,-1, -1,0,1,1,1,9,8,1,1,2,1,0,1,0,31.0,,voiture,,1,2,9,1,6
202200051547,2022-07-06 10:00:00,2022,7,6,10,0,44,44021,D758,47.053645,-1.926668,Plein jour,Hors agglomération,Hors intersection,Normale,Trois véhicules et plus - en chaîne,3,2,2,0,1,1,1,0,1,80,3,4,2,0,0,2,25.0,23.0,utilitaire_camion,utilitaire_camion,1,1,1,1,4
202200051548,2022-11-28 17:10:00,2022,11,28,17,10,93,93031,Rue d'Ormesson,48.9616425504,2.3099988699,Plein jour,En agglomération,Hors intersection,Normale,Autre collision,4,2,2,0,1,1,1,0,1,50,1,2,1,0,0,1,27.0,,voiture,,1,2,1,1,6
202200051549,2022-06-07 17:21:00,2022,6,7,17,21,75,75104,RUE SAINT ANTOINE,48.855094,2.36169,Plein jour,En agglomération,Intersection en T,Normale,Autre collision,4,1,3,1,1,1,1,-1,5,30,1,1,0,0,0,1,54.0,,deux_roues,,1,2,3,1,6
202200051550,2022-09-19 16:40:00,2022,9,19,16,40,49,49007,ALSACE,47.47039,-0.55059,Plein jour,En agglomération,Hors intersection,Normale,Autre collision,4,2,2,3,2,1,1,6,4,20,1,3,2,0,0,1,19.0,,deux_roues,,1,2,1,1,6
202200051551,2022-07-09 15:00:00,2022,7,9,15,0,62,62113,D82,50.344207,2.5415,Plein jour,En agglomération,Hors intersection,Normale,Sans collision,3,2,2,0,1,1,1,0,3,50,1,2,0,0,2,0,20.0,,deux_roues,,1,2,1,1,7
202200051552,2022-02-15 23:00:00,2022,2,15,23,0,33,33063,Avenue de Laroque,44.87413,-0.57645,Nuit avec éclairage allumé,En agglomération,Intersection en X,Pluie forte,Deux véhicules - côté,4,4,4,0,1,1,2,5,1,50,2,5,3,0,1,1,22.0,23.0,voiture,deux_roues,5,2,2,3,3
202200051553,2022-11-27 14:30:00,2022,11,27,14,30,93,93029,Rue de la Station / Rue Pierre Semard,48.930780758,2.4290433526,Plein jour,En agglomération,Intersection en T,Temps couvert,Deux véhicules - côté,4,2,2,0,1,1,2,0,1,50,2,2,1,0,0,1,28.0,58.0,voiture,voiture,1,2,3,8,3
202200051554,2022-09-19 07:48:00,2022,9,19,7,48,49,49267,BRETONNIERES BOULEVARD,47.47754,-0.51089,Plein jour,En agglomération,Hors intersection,Normale,Deux véhicules - arrière,4,2,2,0,1,1,1,0,1,50,2,2,1,0,0,1,37.0,32.0,voiture,deux_roues,1,2,1,1,2
202200051555,2022-06-07 19:45:00,2022,6,7,19,45,94,94081,PUCCINI (R),48.79255,2.38217,Plein jour,En agglomération,Intersection en X,Normale,Deux véhicules - côté,4,-1,0,0,2,1,1,9,1,50,2,2,1,0,0,1,35.0,64.0,deux_roues,voiture,1,2,2,1,3
202200051556,2022-02-14 17:50:00,2022,2,14,17,50,33,33167,Parking déviation,44.84451,-0.50964,Crépuscule ou aube,En agglomération,Hors intersection,Pluie légère,Autre collision,6,-1, -1,0,1,1,2,0,1,30,1,2,1,0,1,0,25.0,,voiture,,2,2,1,2,6
202200051557,2022-11-28 13:35:00,2022,11,28,13,35,93,93007,Avenue Charles de Gaulle,48.9443602106,2.466993928,Plein jour,En agglomération,Autre intersection,Normale,Autre collision,4,1,1,0,1,3,1,9,8,30,1,2,1,0,0,1,20.0,,voiture,,1,2,9,1,6
202200051558,2022-09-20 12:20:00,2022,9,20,12,20,47,47001,PONT DE PIERRE,44.19495,0.6123,Plein jour,En agglomération,Giratoire,Normale,Deux véhicules - côté,3,2,4,2,1,1,1,2,1,50,2,2,1,0,0,1,63.0,46.0,voiture,voiture,1,2,6,1,3
202200051559,2022-07-09 19:40:00,2022,7,9,19,40,62,62754,D9,50.186814,2.858174,Plein jour,En agglomération,Intersection en X,Temps éblouissant,Deux véhicules - côté,3,2,2,0,1,1,1,0,1,50,2,5,0,0,0,5,38.0,37.0,voiture,voiture,1,2,2,7,3
202200051560,2022-11-28 00:50:00,2022,11,28,0,50,92,92051,"CHARLES DE GAULLE (AVENUE, N°27 A 129)",48.8787023453,2.2789866328,Nuit sans éclairage public,En agglomération,Hors intersection,Pluie légère,Autre collision,2,1,3,0,1,1,2,0,1,50,1,1,0,0,0,1,28.0,,deux_roues,,3,2,1,2,6
202200051561,2022-06-03 09:05:00,2022,6,3,9,5,94,94068,Avenue Faidherbe,48.80182,2.48853,Plein jour,En agglomération,Intersection en X,Normale,Deux véhicules - côté,4,2,2,0,1,1,1,0,1,30,2,2,1,0,0,1,16.0,43.0,deux_roues,utilitaire_camion,1,2,2,1,3
202200051562,2022-02-14 10:36:00,2022,2,14,10,36,31,31069,A621,43.63748,1.37693,Plein jour,Hors agglomération,Hors intersection,Pluie légère,Deux véhicules - arrière,7,3,3,0,1,1,2,0,1,90,2,2,1,0,1,0,52.0,62.0,voiture,voiture,1,1,1,2,2
202200051563,2022-09-20 17:50:00,2022,9,20,17,50,45,45285,Avenue Pierre Mendès France,47.903107,1.862158,Plein jour,En agglomération,Hors intersection,Normale,Autre collision,4,3,4,0,1,1,1,0,1,50,1,2,1,1,0,0,43.0,,utilitaire_camion,,1,2,1,1,6
202200051564,2022-11-28 11:14:00,2022,11,28,11,14,92,92050,ROUSSEAU JEAN JACQUES RUE,48.8870374626,2.2118005157,Plein jour,En agglomération,Hors intersection,Normale,Deux véhicules - côté,4,1,1,0,1,1,2,0,1,50,2,2,1,0,0,1,32.0,67.0,voiture,voiture,1,2,1,1,3
202200051565,2022-07-07 09:00:00,2022,7,7,9,0,66,66050,Route du Barcares,42.776612,2.914183,Plein jour,En agglomération,Autre intersection,Normale,Autre collision,6,-1, -1,0,1,1,1,6,1,15,1,2,1,0,1,0,54.0,,voiture,,1,2,9,1,6
202200051566,2022-09-20 09:35:00,2022,9,20,9,35,45,45169,141 Route d'Orleans,47.9142,1.85295,Plein jour,En agglomération,Hors intersection,Normale,Deux véhicules - côté,4,2,2,2,1,1,1,0,5,50,2,2,1,0,1,0,79.0,45.0,deux_roues,deux_roues,1,2,1,1,3
202200051567,2022-02-15 11:25:00,2022,2,15,11,25,27,27351,RD 6015,49.2640356282,1.1623960733,Plein jour,Hors agglomération,Hors intersection,Normale,Deux véhicules - côté,3,2,3,0,1,1,1,0,1,80,2,2,0,0,0,2,68.0,58.0,voiture,voiture,1,1,1,1,3
202200051568,2022-11-28 10:55:00,2022,11,28,10,55,92,92050,GOULVENTS RUE DES,48.88882,2.18892,Plein jour,En agglomération,Intersection en X,Normale,Autre collision,4,1,1,0,1,1,2,0,1,50,1,2,0,0,0,2,58.0,,deux_roues,,1,2,2,1,6
202200051569,2022-07-11 04:30:00,2022,7,11,4,30,24,24029,A89,45.009112,0.30384,Nuit sans éclairage public,Hors agglomération,Hors intersection,Normale,Sans collision,1,3,4,0,1,1,1,0,3,130,1,3,1,0,2,0,66.0,,voiture,,3,1,1,1,7
202200051570,2022-06-08 18:57:00,2022,6,8,18,57,94,94076,PARIS (AV DE),48.80713,2.36375,Plein jour,En agglomération,Intersection en T,Pluie légère,Deux véhicules - arrière,3,3,2,0,1,1,2,0,1,30,2,5,4,0,0,1,42.0,24.0,voiture,voiture,1,2,3,2,2
202200051571,2022-09-20 08:05:00,2022,9,20,8,5,45,45234,1 Rue Royale,47.89808,1.9042,Plein jour,En agglomération,Intersection en X,Normale,Deux véhicules - côté,4,3,4,2,1,1,1,5,1,50,2,2,1,0,0,1,21.0,11.0,voiture,deux_roues,1,2,2,1,3
202200051572,2022-11-28 09:30:00,2022,11,28,9,30,92,92044,CHARLES PASQUA (QUAI) 32 A 58,48.8995272192,2.2798908055,Plein jour,En agglomération,Hors intersection,Normale,Deux véhicules - côté,3,1,2,0,1,1,2,0,1,50,2,2,1,0,0,1,25.0,22.0,deux_roues,voiture,1,2,1,1,3
202200051573,2022-06-08 14:20:00,2022,6,8,14,20,94,94076,Rue de Chevilly,48.783713,2.354758,Plein jour,En agglomération,Hors intersection,Normale,Autre collision,4,2,2,0,1,1,1,0,1,30,1,2,1,0,1,0,39.0,,voiture,,1,2,1,1,6
202200051574,2022-07-09 06:47:00,2022,7,9,6,47,83,83140,,43.40776776,5.9804141521,Plein jour,Hors agglomération,Hors intersection,Normale,Deux véhicules - frontale,3,2,2,0,1,3,1,0,1,-1,2,2,1,1,0,0,26.0,21.0,utilitaire_camion,voiture,1,1,1,1,1
202200051575,2022-09-20 07:47:00,2022,9,20,7,47,43,43157,32 Boulevard Carnot,45.04587,3.87968,Plein jour,En agglomération,Hors intersection,Normale,Sans collision,4,2,2,0,2,1,1,0,1,50,1,1,0,0,0,1,42.0,,deux_roues,,1,2,1,1,7
202200051576,2022-02-15 18:30:00,2022,2,15,18,30,25,25056,MARCHAUX ROUTE DE,47.28319,6.06232,Nuit sans éclairage public,Hors agglomération,Hors intersection,Normale,Autre collision,3,2,2,0,1,1,1,0,1,80,1,1,0,0,0,1,27.0,,deux_roues,,3,1,1,1,6
202200051577,2022-07-07 11:10:00,2022,7,7,11,10,57,57343,Route Departementale 654,49.332918,6.192142,Plein jour,Hors agglomération,Giratoire,Normale,Autre collision,3,1,2,0,1,3,1,5,4,90,1,1,0,0,0,1,43.0,,utilitaire_camion,,1,1,6,1,6
202200051578,2022-11-28 14:20:00,2022,11,28,14,20,92,92036,BAS (RUE DES) (78   +),48.91824,2.29166,Plein jour,En agglomération,Hors intersection,Normale,Autre collision,3,3,4,0,1,1,1,0,1,50,2,2,1,0,0,1,62.0,30.0,voiture,deux_roues,1,2,1,1,6
202200051579,2022-02-14 23:55:00,2022,2,14,23,55,25,25056,KENNEDY  BOULEVARD J.F.,47.24373,5.99532,Nuit avec éclairage allumé,En agglomération,Hors intersection,Pluie légère,Autre collision,4,3,4,0,1,3,2,0,3,50,1,1,0,0,0,1,37.0,,voiture,,5,2,1,2,6
202200051580,2022-06-07 11:20:00,2022,6,7,11,20,94,94076,Boulevard Maxime Gorki,48.78575,2.36822,Plein jour,En agglomération,Hors intersection,Normale,Trois véhicules et plus - en chaîne,3,3,4,3,1,1,1,0,1,50,3,3,0,0,0,3,53.0,48.0,voiture,voiture,1,2,1,1,4
202200051581,2022-09-11 17:00:00,2022,9,11,17,0,42,42207,Route de Lyon,45.481135,4.529209,Plein jour,En agglomération,Hors intersection,Normale,Deux véhicules - arrière,4,2,2,0,1,1,1,0,1,50,2,2,1,0,0,1,39.0,16.0,voiture,deux_roues,1,2,1,1,2
202200051582,2022-07-09 17:30:00,2022,7,9,17,30,04,04033,"RD 900B, les champs longs",44.462762,6.279856,Plein jour,Hors agglomération,Hors intersection,Normale,Autre collision,3,2,2,0,2,1,1,0,1,80,1,2,0,0,1,1,60.0,,deux_roues,,1,1,1,1,6
202200051583,2022-06-07 08:00:00,2022,6,7,8,0,94,94021,STALINGRAD (AV DE),48.77595,2.36738,Plein jour,En agglomération,Hors intersection,Normale,Deux véhicules - côté,3,1,3,1,1,1,1,0,5,50,2,2,1,0,0,1,22.0,28.0,voiture,deux_roues,1,2,1,1,3
202200051584,2022-11-28 16:50:00,2022,11,28,16,50,92,92035,National ( boulevard ),48.90668,2.23914,Nuit avec éclairage allumé,En agglomération,Intersection en X,Normale,Deux véhicules - côté,3,-1,4,0,1,1,2,0,1,50,2,2,1,0,0,1,22.0,58.0,deux_roues,voiture,5,2,2,1,3
202200051585,2022-02-14 13:15:00,2022,2,14,13,15,14,14304,Chemin de l’Église,49.388825,0.239901,Plein jour,En agglomération,Intersection en T,Pluie légère,Deux véhicules - côté,4,2,1,0,1,1,2,0,1,50,2,2,1,0,0,1,16.0,51.0,deux_roues,utilitaire_camion,1,2,3,2,3
202200051586,2022-08-26 18:30:00,2022,8,26,18,30,42,42207,Chemin de la bénéchère,45.44134,4.47921,Plein jour,Hors agglomération,Hors intersection,Normale,Deux véhicules - côté,4,-1,0,0,1,1,1,0,1,90,2,3,1,0,2,0,17.0,61.0,deux_roues,voiture,1,1,1,1,3
202200051587,2022-07-07 05:50:00,2022,7,7,5,50,51,51157,D43/D243,48.826556,3.854136,Crépuscule ou aube,En agglomération,Intersection en X,Normale,Deux véhicules - côté,3,2,2,0,2,1,1,0,1,50,2,2,1,0,1,0,51.0,45.0,utilitaire_camion,deux_roues,2,2,2,1,3
202200051588,2022-11-28 17:40:00,2022,11,28,17,40,92,92012,REINE (ROUTE DE LA) 1/37- 6/80,48.83984,2.23889,Nuit avec éclairage allumé,En agglomération,Hors intersection,Normale,Sans collision,3,2,0,0,1,1,1,0,3,50,1,1,0,0,0,1,30.0,,deux_roues,,5,2,1,1,7
202200051589,2022-06-07 19:50:00,2022,6,7,19,50,94,94068,Rue de la Varenne / Passage Dartois-Bidot,48.80727,2.47494,Plein jour,En agglomération,Intersection en T,Normale,Deux véhicules - arrière,3,2,2,0,1,1,1,0,1,50,2,2,1,0,0,1,24.0,32.0,voiture,deux_roues,1,2,3,1,2
202200051590,2022-09-20 11:20:00,2022,9,20,11,20,37,37214,DE GAULLE (BD CHARLES),47.4292413059,0.6455111504,Plein jour,En agglomération,Hors intersection,Normale,Deux véhicules - côté,4,1,2,0,1,2,1,0,1,50,2,2,1,0,0,1,30.0,81.0,deux_roues,voiture,1,2,1,1,3
202200051591,2022-02-15 19:05:00,2022,2,15,19,5,13,13211,LOUIS REGIS (RUE),43.2894431347,5.4961416583,Crépuscule ou aube,En agglomération,Hors intersection,Normale,Deux véhicules - côté,7,2,2,0,1,1,1,0,1,50,2,6,3,0,3,0,25.0,17.0,voiture,voiture,2,2,1,1,3
202200051592,2022-07-08 10:00:00,2022,7,8,10,0,19,19123,RD 921,45.160632,1.595008,Plein jour,Hors agglomération,Hors intersection,Normale,Deux véhicules - frontale,3,2,2,0,1,1,1,0,1,90,2,3,1,1,0,1,21.0,50.0,deux_roues,autre,1,1,1,1,1
202200051593,2022-06-07 15:50:00,2022,6,7,15,50,94,94028,Avenue du Marechal de Lattre de Tassigny / Avenue Laferrière,48.79913,2.4536,Plein jour,En agglomération,Intersection en X,Normale,Deux véhicules - côté,3,2,5,1,1,1,1,0,1,50,2,2,1,0,0,1,65.0,16.0,voiture,deux_roues,1,2,2,1,3
202200051594,2022-11-28 08:35:00,2022,11,28,8,35,92,92002,GEORGES SUANT (RUE),48.74384,2.28425,Plein jour,En agglomération,Hors intersection,Normale,Deux véhicules - frontale,3,2,2,1,1,1,2,0,1,50,2,2,1,0,0,1,48.0,79.0,deux_roues,voiture,1,2,1,1,1
202200051595,2022-09-20 17:55:00,2022,9,20,17,55,35,35238,TILLON (AVENUE CHARLES),48.1246768909,-1.7030753195,Plein jour,En agglomération,Intersection en X,Normale,Deux véhicules - côté,4,3,4,2,1,1,1,5,1,50,2,2,1,0,0,1,19.0,41.0,voiture,voiture,1,2,2,1,3
202200051596,2022-02-15 16:15:00,2022,2,15,16,15,13,13208,MICHELET (BOULEVARD),43.2613075664,5.3976806221,Plein jour,En agglomération,Hors intersection,Normale,Deux véhicules - arrière,9,1,0,0,1,1,1,0,1,30,1,2,1,0,1,0,22.0,,utilitaire_camion,,1,2,1,1,2
202200051597,2022-07-08 16:30:00,2022,7,8,16,30,19,19259,D1120,45.048391,1.988397,Plein jour,Hors agglomération,Hors intersection,Normale,Deux véhicules - côté,3,2,2,0,2,3,1,0,1,90,2,3,2,0,1,0,35.0,73.0,deux_roues,voiture,1,1,1,1,3
202200051598,2022-11-28 06:20:00,2022,11,28,6,20,92,92002,LEON JOUHAUX (AVENUE),48.7342475079,2.3122288585,Nuit avec éclairage allumé,En agglomération,Hors intersection,Normale,Autre collision,3,2,4,1,1,1,2,0,5,50,2,2,1,0,0,1,,53.0,utilitaire_camion,deux_roues,5,2,1,1,6
202200051599,2022-06-06 21:25:00,2022,6,6,21,25,94,94017,34bis Rue Louis Talamoni,48.81309,2.51266,Crépuscule ou aube,En agglomération,Hors intersection,Normale,Deux véhicules - côté,3,2,4,0,2,1,1,0,1,50,2,2,1,0,0,1,34.0,33.0,voiture,voiture,2,2,1,1,3
202200051600,2022-09-20 07:20:00,2022,9,20,7,20,35,35238,N136,48.107709,-1.717642,Crépuscule ou aube,Hors agglomération,Hors intersection,Normale,Deux véhicules - côté,2,3,6,0,1,1,1,3,1,90,2,2,1,0,0,1,49.0,52.0,utilitaire_camion,voiture,2,1,1,1,3
202200051601,2022-02-15 13:00:00,2022,2,15,13,0,13,13211,RAOUL FOLLEREAU (AV),43.29372,5.44524,Plein jour,En agglomération,Hors intersection,Normale,Deux véhicules - frontale,4,2,2,0,1,1,1,0,1,50,1,2,1,0,0,1,31.0,,deux_roues,,1,2,1,1,1
202200051602,2022-07-11 08:05:00,2022,7,11,8,5,56,56061,1 rue du menhir,47.765248,-2.132646,Plein jour,En agglomération,Hors intersection,Temps éblouissant,Autre collision,4,2,2,0,1,1,1,0,1,30,1,3,2,0,0,1,25.0,,voiture,,1,2,1,7,6
202200051603,2022-06-08 20:00:00,2022,6,8,20,0,94,94004,Avenue du Général Leclerc,48.75951,2.4997,Plein jour,En agglomération,Hors intersection,Normale,Deux véhicules - arrière,4,1,2,1,1,1,2,0,1,50,2,2,1,0,0,1,28.0,55.0,deux_roues,voiture,1,2,1,1,2
202200051604,2022-09-20 20:20:00,2022,9,20,20,20,34,34172,28 Rue Aristide Ollivier,43.60646,3.88272,Nuit avec éclairage allumé,En agglomération,Intersection en Y,Normale,Sans collision,4,2,2,0,2,3,1,1,1,30,1,1,0,0,1,0,49.0,,deux_roues,,5,2,4,1,7
202200051605,2022-11-28 07:15:00,2022,11,28,7,15,49,49092,D762,47.2870263654,-0.8491230011,Crépuscule ou aube,En agglomération,Intersection en X,Pluie forte,Deux véhicules - côté,3,2,2,0,1,1,2,0,1,50,2,2,1,0,0,1,18.0,17.0,voiture,deux_roues,2,2,2,3,3
202200051606,2022-02-15 14:45:00,2022,2,15,14,45,13,13063,CONCORDE CHEMIN DE,43.5806617796,5.0105100805,Plein jour,En agglomération,Hors intersection,Normale,Deux véhicules - côté,4,2,2,0,1,1,1,0,1,30,2,3,1,0,1,1,42.0,15.0,utilitaire_camion,deux_roues,1,2,1,1,3
202200051607,2022-06-07 08:00:00,2022,6,7,8,0,94,94070,LESIGNY (R DE),48.72,2.57,Plein jour,En agglomération,Hors intersection,Pluie légère,Trois véhicules et plus - en chaîne,4,2,2,0,1,1,2,0,1,50,3,3,1,0,0,2,24.0,33.0,voiture,voiture,1,2,1,2,4
202200051608,2022-09-20 20:45:00,2022,9,20,20,45,34,34003,D612,43.29762,3.48073,Nuit sans éclairage public,Hors agglomération,Hors intersection,Normale,Deux véhicules - frontale,3,2,2,0,1,1,1,0,1,80,2,3,0,0,0,3,66.0,66.0,voiture,voiture,3,1,1,1,1
202200051609,2022-11-28 18:16:00,2022,11,28,18,16,28,28085,autoroute A11 pk058+400 sens Paris-province,48.435095,1.521821,Nuit sans éclairage public,Hors agglomération,Hors intersection,Pluie forte,Trois véhicules et plus - collisions multiples,1,3,3,0,1,1,2,0,1,130,3,4,3,1,0,0,51.0,60.0,voiture,voiture,3,1,1,3,5
202200051610,2022-02-15 15:30:00,2022,2,15,15,30,13,13005,COMBES (BOULEVARD EMILE),43.2894620924,5.5675311677,Plein jour,En agglomération,Intersection en T,Normale,Trois véhicules et plus - en chaîne,4,2,3,0,2,1,1,0,1,50,3,3,1,0,0,2,53.0,34.0,utilitaire_camion,voiture,1,2,3,1,4
202200051611,2022-06-07 08:20:00,2022,6,7,8,20,93,93073,Aeroport Charles de Gaulle,49.0035964709,2.5655114651,Plein jour,Hors agglomération,Autre intersection,Pluie légère,Deux véhicules - arrière,5,1,2,0,1,1,2,0,1,50,2,2,1,0,0,1,30.0,52.0,voiture,voiture,1,1,9,2,2
202200051612,2022-09-20 19:20:00,2022,9,20,19,20,33,33522,Boulevard George V,44.8253,-0.58934,Plein jour,En agglomération,Intersection en X,Normale,Deux véhicules - côté,4,4,2,0,1,1,1,5,1,50,2,2,1,0,0,1,21.0,53.0,deux_roues,voiture,1,2,2,1,3
202200051613,2022-07-05 19:45:00,2022,7,5,19,45,56,56075,N24 sens Rennes/Lorient,47.926442,-2.144135,Plein jour,Hors agglomération,Hors intersection,Normale,Trois véhicules et plus - en chaîne,2,3,4,0,1,1,1,0,1,110,5,9,6,0,0,3,66.0,41.0,voiture,voiture,1,1,1,1,4
202200051614,2022-11-28 21:45:00,2022,11,28,21,45,83,83019,D559,43.151764,6.311635,Nuit avec éclairage allumé,Hors agglomération,Giratoire,Pluie légère,Deux véhicules - côté,3,1,2,0,1,2,2,9,1,80,2,2,1,0,1,0,30.0,31.0,voiture,deux_roues,5,1,6,2,3
202200051615,2022-06-07 18:58:00,2022,6,7,18,58,93,93072,Avenue de Stalingrad,48.95932,2.39857,Plein jour,En agglomération,Hors intersection,Normale,Deux véhicules - arrière,3,3,2,0,1,1,1,9,1,70,2,2,1,0,1,0,65.0,38.0,deux_roues,voiture,1,2,1,1,2
202200051616,2022-11-27 11:30:00,2022,11,27,11,30,72,72124,RD 32,47.822672,0.274427,Plein jour,Hors agglomération,Hors intersection,Normale,Sans collision,3,2,2,0,1,1,2,0,3,80,1,1,0,1,0,0,79.0,,deux_roues,,1,1,1,1,7
202200051617,2022-06-07 22:07:00,2022,6,7,22,7,93,93070,ALBERT-DHALENNE (RUE),48.91318,2.334,Nuit avec éclairage allumé,En agglomération,Hors intersection,Normale,Autre collision,3,1,2,3,1,1,1,8,6,50,1,2,1,1,0,0,,,voiture,,5,2,1,1,6
202200051618,2022-07-10 16:20:00,2022,7,10,16,20,56,56036,Lieu-Dit Senebret,47.833728,-3.353512,Plein jour,Hors agglomération,Intersection en T,Normale,Deux véhicules - côté,3,2,2,0,1,1,1,0,1,80,2,3,1,1,0,1,21.0,62.0,voiture,utilitaire_camion,1,1,3,1,3
202200051619,2022-02-12 17:50:00,2022,2,12,17,50,13,13004,RTE N570 AVIGNON STES MARIES,43.6636656206,4.641515091,Plein jour,Hors agglomération,Hors intersection,Normale,Deux véhicules - côté,3,2,3,0,2,3,1,3,1,80,2,9,2,1,0,6,25.0,65.0,voiture,voiture,1,1,1,1,3