accident_id,datetime,annee,mois,jour,heure,minute,departement,commune_insee,adresse,latitude,longitude,luminosite,agglomeration,intersection,meteo,collision,catr,circ,nbv,vosp,prof,plan,surf,infra,situ,vma,nb_vehicules,nb_usagers,nb_indemnes,nb_tues,nb_blesses_hosp,nb_blesses_legers,age_cond_1,age_cond_2,veh_type_cond_1,veh_type_cond_2,lum_code,agg_code,int_code,atm_code,col_code
202200051802,2022-08-08 12:30:00,2022,8,8,12,30,04,04138,Route de Pierrerue,43.940444,5.832324,Plein jour,Hors agglomération,Hors intersection,Normale,Deux véhicules - frontale,4,2,2,0,1,2,1,0,1,30,2,2,1,0,1,0,30.0,51.0,voiture,voiture,1,1,1,1,1
202200051803,2022-06-08 17:35:00,2022,6,8,17,35,22,22177,D9,48.633561,-2.970976,Plein jour,Hors agglomération,Autre intersection,Normale,Deux véhicules - côté,3,2,2,0,1,1,1,0,1,70,2,2,1,0,1,0,56.0,28.0,deux_roues,voiture,1,1,9,1,3
202200051804,2022-09-20 08:55:00,2022,9,20,8,55,75,75119,ECHANGEUR PANTIN,48.890462,2.396481,Plein jour,En agglomération,Intersection en Y,Normale,Deux véhicules - arrière,4,1,4,0,1,1,1,0,1,50,2,2,1,0,0,1,27.0,23.0,voiture,deux_roues,1,2,4,1,2
202200051805,2022-07-11 16:30:00,2022,7,11,16,30,61,61287,Lieu Dit les Chapelles,48.8287,-0.581143,Plein jour,Hors agglomération,Intersection en T,Normale,Deux véhicules - côté,3,2,2,0,1,1,1,0,1,70,2,2,0,1,0,1,51.0,22.0,deux_roues,utilitaire_camion,1,1,3,1,3
202200051806,2022-08-15 17:55:00,2022,8,15,17,55,17,17337,279 route nationale,45.970421,-1.349521,Plein jour,En agglomération,Autre intersection,Temps éblouissant,Autre collision,3,2,2,0,1,1,1,6,1,50,1,2,0,0,1,1,19.0,,deux_roues,,1,2,9,7,6
202200051807,2022-10-23 11:20:00,2022,10,23,11,20,93,93066,Route de la Courneuve,48.93281,2.3736,Plein jour,En agglomération,Hors intersection,Normale,Deux véhicules - côté,3,1,3,0,1,1,1,0,1,50,2,2,1,0,0,1,,27.0,voiture,deux_roues,1,2,1,1,3
202200051808,2022-06-07 17:10:00,2022,6,7,17,10,28,28088,45 rue de la République,48.070745,1.333192,Plein jour,En agglomération,Hors intersection,Normale,Deux véhicules - frontale,3,2,2,0,1,1,1,0,1,50,1,2,1,0,1,0,21.0,,voiture,,1,2,1,1,1
202200051809,2022-02-15 09:00:00,2022,2,15,9,0,93,93073,route périphérique sud,48.9915267706,2.5755938887,Plein jour,Hors agglomération,Hors intersection,Normale,Trois véhicules et plus - en chaîne,3,2,2,0,2,3,2,0,1,70,3,3,1,0,0,2,34.0,30.0,voiture,utilitaire_camion,1,1,1,1,4
202200051810,2022-11-02 11:20:00,2022,11,2,11,20,65,65123,Route des 2 Cols,42.991082,0.224772,Plein jour,Hors agglomération,Intersection en T,Normale,Sans collision,3,2,2,0,2,1,1,0,1,80,2,2,1,0,1,0,76.0,61.0,voiture,deux_roues,1,1,3,1,7
202200051811,2022-08-12 10:10:00,2022,8,12,10,10,88,88442,Route du Col,48.038388,6.817909,Plein jour,Hors agglomération,Hors intersection,Normale,Autre collision,4,2,2,0,2,2,1,0,1,80,1,1,0,1,0,0,23.0,,deux_roues,,1,1,1,1,6
202200051812,2022-07-08 18:50:00,2022,7,8,18,50,49,49331,Lieu Dit la Crete des Landes,47.708787,-0.978491,Plein jour,En agglomération,Hors intersection,Normale,Deux véhicules - arrière,4,2,2,0,1,1,1,0,1,50,2,2,1,0,1,0,29.0,26.0,voiture,deux_roues,1,2,1,1,2
202200051813,2022-09-20 17:30:00,2022,9,20,17,30,75,75117,AVENUE DE VILLIERS,48.884254,2.302656,Plein jour,En agglomération,Intersection en X,Normale,Sans collision,4,2,0,1,1,1,1,0,1,30,1,1,0,0,1,0,29.0,,deux_roues,,1,2,2,1,7
202200051814,2022-10-23 03:00:00,2022,10,23,3,0,93,93066,Fort de la Briche,48.9429577645,2.3418365423,Nuit avec éclairage allumé,En agglomération,Hors intersection,Normale,Deux véhicules - côté,3,2,4,0,1,1,1,0,1,50,2,3,1,0,0,2,38.0,27.0,voiture,deux_roues,5,2,1,1,3
202200051815,2022-02-15 01:00:00,2022,2,15,1,0,93,93050,LOUIS VANNINI (RUE),48.86605,2.52413,Nuit avec éclairage allumé,En agglomération,Hors intersection,Temps couvert,Autre collision,3,2,2,0,2,1,2,0,4,50,1,1,0,0,0,1,21.0,,utilitaire_camion,,5,2,1,8,6
202200051816,2022-11-22 18:15:00,2022,11,22,18,15,33,33366,36 Avenue de la Gare,44.99144,-0.440751,Nuit avec éclairage allumé,En agglomération,Hors intersection,Normale,Autre collision,3,2,2,0,1,1,2,9,1,30,1,2,1,0,0,1,25.0,,voiture,,5,2,1,1,6
202200051817,2022-06-09 05:45:00,2022,6,9,5,45,11,11203,,43.237696015,2.7609751754,Plein jour,Hors agglomération,Intersection en X,Normale,Deux véhicules - côté,3,2,1,0,1,1,1,0,1,80,2,2,1,0,1,0,51.0,19.0,voiture,deux_roues,1,1,2,1,3
202200051818,2022-07-05 19:28:00,2022,7,5,19,28,49,49261,Lieu Dit Pompierre (Chênehutte-Trèves-Cunault),47.289935,-0.183742,Plein jour,Hors agglomération,Hors intersection,Normale,Autre collision,3,-1,2,0,2,3,1,0,3,80,1,1,0,0,0,1,32.0,,deux_roues,,1,1,1,1,6
202200051819,2022-08-13 16:40:00,2022,8,13,16,40,10,10216,A26,48.6874191058,4.1805231571,Plein jour,Hors agglomération,Hors intersection,Normale,Deux véhicules - arrière,1,3,4,0,1,1,1,0,2,130,2,3,1,1,0,1,37.0,23.0,utilitaire_camion,voiture,1,1,1,1,2
202200051820,2022-09-20 22:15:00,2022,9,20,22,15,75,75115,BOULEVARD GARIBALDI,48.847795,2.301658,Nuit avec éclairage allumé,En agglomération,Place,Normale,Autre collision,4,1,1,0,1,1,1,0,1,30,1,2,1,0,0,1,,,deux_roues,,5,2,7,1,6
202200051821,2022-02-15 00:15:00,2022,2,15,0,15,93,93029,BARBUSSE (AVENUE HENRI),48.91647,2.44433,Nuit avec éclairage allumé,En agglomération,Hors intersection,Normale,Sans collision,3,3,3,1,1,1,1,0,8,50,1,2,1,0,0,1,21.0,,voiture,,5,2,1,1,7
202200051822,2022-10-23 18:35:00,2022,10,23,18,35,93,93048,Boulevard Théophile Sueur / Rue Pierre Jean de Beranger,48.86635,2.46959,Crépuscule ou aube,En agglomération,Intersection en T,Normale,Deux véhicules - côté,3,2,2,0,1,1,1,0,1,50,2,2,1,0,0,1,33.0,16.0,voiture,deux_roues,2,2,3,1,3
202200051823,2022-11-28 16:45:00,2022,11,28,16,45,60,60695,d44,49.203294,2.469311,Plein jour,En agglomération,Hors intersection,Normale,Trois véhicules et plus - en chaîne,3,2,2,0,1,1,1,0,1,70,3,3,2,0,0,1,57.0,26.0,voiture,voiture,1,2,1,1,4
202200051824,2022-08-08 19:50:00,2022,8,8,19,50,69,69244,Chemin de la Raude,45.757991,4.775695,Crépuscule ou aube,En agglomération,Intersection en T,Temps éblouissant,Deux véhicules - frontale,4,1,1,2,1,1,1,9,5,30,2,2,1,0,0,1,18.0,29.0,voiture,deux_roues,2,2,3,7,1
202200051825,2022-06-07 19:00:00,2022,6,7,19,0,11,11067,D6113,43.212573,2.843764,Plein jour,Hors agglomération,Intersection en T,Normale,Autre collision,3,2,2,0,1,1,1,5,1,80,2,3,1,0,2,0,91.0,23.0,voiture,voiture,1,1,3,1,6
202200051826,2022-07-07 07:30:00,2022,7,7,7,30,49,49241,La Croix Mercier,47.49262,-0.458647,Crépuscule ou aube,Hors agglomération,Intersection en T,Normale,Deux véhicules - côté,3,-1,2,0,1,1,1,0,1,80,2,2,1,0,1,0,28.0,36.0,utilitaire_camion,deux_roues,2,1,3,1,3
202200051827,2022-02-14 19:40:00,2022,2,14,19,40,93,93010,Route d'Aulnay,48.90914,2.4801,Nuit avec éclairage allumé,En agglomération,Hors intersection,Pluie légère,Autre collision,3,2,2,0,1,1,2,0,1,30,1,2,1,0,0,1,30.0,,voiture,,5,2,1,2,6
202200051828,2022-10-23 19:40:00,2022,10,23,19,40,93,93001,Rue Danielle Casanova / Rue Charles Tillon,48.9184567552,2.3933952894,Nuit avec éclairage allumé,En agglomération,Giratoire,Normale,Autre collision,3,2,2,0,1,1,1,9,1,50,1,1,0,0,0,1,47.0,,deux_roues,,5,2,6,1,6
202200051829,2022-09-20 13:00:00,2022,9,20,13,0,75,75115,RUE DE LA CONVENTION,48.840825,2.288496,Plein jour,En agglomération,Intersection en T,Normale,Deux véhicules - arrière,4,2,2,0,1,1,1,0,1,30,2,2,1,0,0,1,15.0,40.0,deux_roues,voiture,1,2,3,1,2
202200051830,2022-11-28 06:50:00,2022,11,28,6,50,13,13015,A51-Sens Marseille vers Aix en Provence,43.4432707826,5.3961932659,Nuit sans éclairage public,Hors agglomération,Hors intersection,Pluie légère,Deux véhicules - arrière,1,1,3,3,1,1,2,0,1,90,2,2,1,0,0,1,38.0,39.0,voiture,voiture,3,1,1,2,2
202200051831,2022-05-21 23:00:00,2022,5,21,23,0,12,12105,Route département ale 922,44.234592,2.033672,Nuit sans éclairage public,En agglomération,Hors intersection,Normale,Autre collision,3,2,2,0,2,2,1,0,3,50,1,1,0,0,1,0,59.0,,deux_roues,,3,2,1,1,6
202200051832,2022-06-08 15:00:00,2022,6,8,15,0,34,34114,A750,43.643447,3.565139,Plein jour,Hors agglomération,Hors intersection,Normale,Deux véhicules - arrière,1,3,4,0,1,1,1,0,1,130,2,2,1,0,0,1,22.0,24.0,utilitaire_camion,voiture,1,1,1,1,2
202200051833,2022-11-28 20:20:00,2022,11,28,20,20,33,33080,AUTOROUTE A 62,44.7275114051,-0.5278721452,Nuit sans éclairage public,Hors agglomération,Hors intersection,Normale,Autre collision,1,3,4,0,1,1,2,0,2,130,1,1,0,0,0,1,24.0,,utilitaire_camion,,3,1,1,1,6
202200051834,2022-08-12 16:10:00,2022,8,12,16,10,63,63265,A89,45.85126,3.409528,Plein jour,Hors agglomération,Autre intersection,Normale,Deux véhicules - arrière,1,3,2,0,1,1,1,0,1,130,2,7,3,0,0,4,21.0,45.0,voiture,autre,1,1,9,1,2
202200051835,2022-07-09 05:00:00,2022,7,9,5,0,12,12006,D528 ,44.128195,2.678508,Nuit sans éclairage public,Hors agglomération,Hors intersection,Normale,Autre collision,3,2,2,0,1,3,1,0,3,90,1,1,0,0,1,0,23.0,,voiture,,3,1,1,1,6
202200051836,2022-02-15 02:12:00,2022,2,15,2,12,92,92026,MARCEAU,48.90052,2.24484,Nuit avec éclairage allumé,En agglomération,Intersection en T,Normale,Deux véhicules - arrière,3,2,2,0,1,1,1,0,1,50,2,2,1,0,0,1,50.0,21.0,voiture,voiture,5,2,3,1,2
202200051837,2022-09-20 23:15:00,2022,9,20,23,15,75,75111,RUE DE CHARONNE,48.85512,2.387136,Nuit avec éclairage allumé,En agglomération,Intersection en X,Normale,Deux véhicules - côté,4,2,1,0,1,1,1,0,1,30,2,2,1,0,0,1,30.0,27.0,deux_roues,deux_roues,5,2,2,1,3
202200051838,2022-10-22 21:15:00,2022,10,22,21,15,93,93001,Rue Lautréamont / Rue Alfred Jarry,48.9218859365,2.4001693726,Nuit avec éclairage allumé,En agglomération,Intersection en X,Normale,Deux véhicules - frontale,4,2,2,0,1,1,1,0,4,50,2,3,1,0,0,2,,20.0,voiture,voiture,5,2,2,1,1
202200051839,2022-06-08 20:25:00,2022,6,8,20,25,36,36230,,47.0305982885,1.7905569077,Plein jour,Hors agglomération,Hors intersection,Normale,Autre collision,1,3,4,0,1,1,1,0,3,130,1,1,0,0,1,0,21.0,,voiture,,1,1,1,1,6
202200051840,2022-11-28 16:00:00,2022,11,28,16,0,33,33065,ROUTE NATIONALE 230,44.80962,-0.52473,Plein jour,Hors agglomération,Hors intersection,Pluie légère,Trois véhicules et plus - collisions multiples,2,3,6,0,2,1,2,2,1,90,3,3,2,0,0,1,51.0,25.0,utilitaire_camion,utilitaire_camion,1,1,1,2,5
202200051841,2022-02-15 17:25:00,2022,2,15,17,25,92,92050,SARTROUVILLE (RUE DE ),48.9176307488,2.2235809788,Crépuscule ou aube,En agglomération,Hors intersection,Pluie légère,Deux véhicules - arrière,4,1,3,0,1,1,2,0,1,50,2,2,1,0,0,1,27.0,20.0,voiture,deux_roues,2,2,1,2,2
202200051842,2022-07-07 09:45:00,2022,7,7,9,45,12,12119,D921,44.709056,2.858398,Plein jour,Hors agglomération,Intersection en Y,Normale,Deux véhicules - frontale,3,2,2,0,2,3,1,0,1,90,2,2,1,1,0,0,46.0,60.0,deux_roues,voiture,1,1,4,1,1
202200051843,2022-10-23 17:00:00,2022,10,23,17,0,92,92012,ABONDANCES (RUE DES),48.8455322645,2.2267484665,Plein jour,En agglomération,Hors intersection,Normale,Deux véhicules - frontale,3,2,2,1,1,1,1,0,1,50,2,2,1,0,1,0,20.0,32.0,deux_roues,voiture,1,2,1,1,1
202200051844,2022-06-08 14:05:00,2022,6,8,14,5,71,71157,rd 1083,46.501815,5.384653,Plein jour,Hors agglomération,Autre intersection,Pluie légère,Autre collision,3,3,4,0,1,1,2,2,3,110,1,1,0,0,0,1,69.0,,transport_commun,,1,1,9,2,6
202200051845,2022-09-20 10:40:00,2022,9,20,10,40,75,75109,RUE DU HAVRE,48.875582,2.326576,Plein jour,En agglomération,Intersection en X,Normale,Autre collision,4,2,4,1,1,1,1,0,5,30,1,2,0,0,0,2,32.0,,deux_roues,,1,2,2,1,6
202200051846,2022-08-13 11:35:00,2022,8,13,11,35,62,62309,A 26,50.714681,2.182008,Plein jour,Hors agglomération,Hors intersection,Normale,Trois véhicules et plus - collisions multiples,1,3,4,0,1,1,1,0,1,110,3,8,1,1,1,5,65.0,34.0,voiture,voiture,1,1,1,1,5
202200051847,2022-06-08 12:19:00,2022,6,8,12,19,40,40297,D651,44.147085,-0.543879,Plein jour,En agglomération,Hors intersection,Pluie forte,Sans collision,3,2,2,0,2,4,2,0,1,50,1,1,0,0,1,0,49.0,,deux_roues,,1,2,1,3,7
202200051848,2022-10-23 19:45:00,2022,10,23,19,45,37,37074,17 avenue de verdun,47.2466594415,0.1625418663,Nuit avec éclairage allumé,En agglomération,Hors intersection,Normale,Autre collision,3,2,2,0,1,1,1,0,1,50,1,2,1,0,0,1,68.0,,voiture,,5,2,1,1,6
202200051849,2022-11-28 08:31:00,2022,11,28,8,31,33,33550,ROCADE A 630,44.7785553097,-0.5576553941,Plein jour,Hors agglomération,Hors intersection,Pluie légère,Trois véhicules et plus - en chaîne,1,1,1,0,1,2,2,3,1,90,3,3,2,0,0,1,35.0,52.0,voiture,utilitaire_camion,1,1,1,2,4
202200051850,2022-04-28 00:50:00,2022,4,28,0,50,76,76222,Route du Havre,49.46666,0.853865,Nuit sans éclairage public,Hors agglomération,Hors intersection,Normale,Autre collision,7,2,2,0,1,1,1,0,3,50,1,1,0,0,0,1,30.0,,voiture,,3,1,1,1,6
202200051851,2022-09-20 07:25:00,2022,9,20,7,25,75,75107,QUAI D ORSAY,48.862887,2.315197,Crépuscule ou aube,En agglomération,Intersection en T,Normale,Deux véhicules - côté,4,2,3,0,1,1,1,0,1,30,2,2,1,0,0,1,47.0,40.0,voiture,deux_roues,2,2,3,1,3
202200051852,2022-11-28 18:05:00,2022,11,28,18,5,91,91589,AUTOROUTE A6,48.675,2.34163,Nuit sans éclairage public,Hors agglomération,Hors intersection,Normale,Deux véhicules - côté,1,-1,3,0,1,1,1,0,1,110,2,2,1,0,0,1,61.0,63.0,voiture,utilitaire_camion,3,1,1,1,3
202200051853,2022-07-07 16:30:00,2022,7,7,16,30,42,42149,22 Route de Saint Etienne,45.632672,4.240859,Plein jour,En agglomération,Intersection en X,Temps éblouissant,Deux véhicules - côté,3,2,2,0,1,1,1,0,1,50,2,3,1,0,1,1,31.0,47.0,voiture,deux_roues,1,2,2,7,3
202200051854,2022-08-13 09:00:00,2022,8,13,9,0,27,27332,A13 PK 90.100 vers Rouen,49.189754,1.233763,Plein jour,Hors agglomération,Hors intersection,Normale,Trois véhicules et plus - en chaîne,1,3,5,0,1,1,1,7,1,90,3,7,3,0,1,3,81.0,48.0,voiture,voiture,1,1,1,1,4
202200051855,2022-06-08 19:15:00,2022,6,8,19,15,79,79265,,46.967968,-0.144196,Plein jour,Hors agglomération,Hors intersection,Normale,Deux véhicules - frontale,3,2,2,0,1,2,1,0,1,80,2,3,0,0,2,1,51.0,59.0,voiture,voiture,1,1,1,1,1
202200051856,2022-02-15 17:50:00,2022,2,15,17,50,92,92024,JEAN JAURES (BD) DE 47 A 109)   (56 A 14,48.90362,2.30313,Plein jour,En agglomération,Intersection en T,Normale,Deux véhicules - côté,3,1,3,1,1,1,1,0,5,50,2,5,2,0,0,3,40.0,23.0,transport_commun,voiture,1,2,3,1,3
202200051857,2022-07-09 17:42:00,2022,7,9,17,42,42,42318,Chemin de Danizet,45.403181,3.964573,Plein jour,Hors agglomération,Hors intersection,Normale,Deux véhicules - frontale,4,2,1,0,1,3,1,0,1,80,2,2,0,0,1,1,20.0,17.0,deux_roues,deux_roues,1,1,1,1,1
202200051858,2022-11-28 16:50:00,2022,11,28,16,50,91,91377,AUTOROUTE A10,48.72503,2.29985,Crépuscule ou aube,Hors agglomération,Hors intersection,Normale,Deux véhicules - arrière,1,1,3,0,1,1,1,0,1,110,2,2,1,0,0,1,46.0,25.0,utilitaire_camion,voiture,2,1,1,1,2
202200051859,2022-08-13 03:40:00,2022,8,13,3,40,62,62093,A1,50.070803,2.871637,Nuit sans éclairage public,Hors agglomération,Hors intersection,Normale,Autre collision,1,3,3,0,1,1,1,0,1,130,1,4,3,1,0,0,27.0,,utilitaire_camion,,3,1,1,1,6
202200051860,2022-07-07 15:20:00,2022,7,7,15,20,42,42091,Route du Musée,45.417092,3.998895,Plein jour,Hors agglomération,Hors intersection,Normale,Autre collision,3,2,2,0,2,3,1,0,3,80,1,1,0,0,1,0,60.0,,voiture,,1,1,1,1,6
202200051861,2022-06-09 12:20:00,2022,6,9,12,20,80,80304,cd 164,49.890114,2.808294,Plein jour,Hors agglomération,Hors intersection,Normale,Sans collision,3,2,2,0,1,1,1,0,1,80,2,2,1,0,1,0,24.0,57.0,voiture,deux_roues,1,1,1,1,7
202200051862,2022-10-17 09:15:00,2022,10,17,9,15,33,33355,Jourdan-ouest,44.669919,-0.321125,Plein jour,Hors agglomération,Intersection en T,Pluie légère,Deux véhicules - frontale,3,2,2,0,1,1,2,0,1,80,2,3,2,0,1,0,51.0,38.0,voiture,utilitaire_camion,1,1,3,2,1
202200051863,2022-09-20 08:55:00,2022,9,20,8,55,94,94076,AUGUSTE DELAUNE (R),48.78372,2.36221,Plein jour,En agglomération,Hors intersection,Normale,Autre collision,4,2,2,0,1,1,1,0,1,30,1,2,1,0,0,1,65.0,,voiture,,1,2,1,1,6
202200051864,2022-11-27 05:00:00,2022,11,27,5,0,78,78640,,48.781755,2.165672,Nuit sans éclairage public,Hors agglomération,Hors intersection,Normale,Deux véhicules - côté,2,-1,2,0,1,1,1,0,1,90,2,2,0,0,1,1,53.0,24.0,voiture,voiture,3,1,1,1,3
202200051865,2022-02-11 21:00:00,2022,2,11,21,0,92,92024,HENRI BARBUSSE (RUE) DE (1 A 73)   (2 A,48.89956147,2.3052214533,Nuit avec éclairage allumé,En agglomération,Intersection en X,Normale,Trois véhicules et plus - collisions multiples,3,2,2,0,1,1,1,0,1,50,3,3,2,0,0,1,51.0,69.0,deux_roues,voiture,5,2,2,1,5
202200051866,2022-08-13 01:50:00,2022,8,13,1,50,971,97118,route nationale 1,16.233434,-61.590096,Nuit sans éclairage public,Hors agglomération,Hors intersection,Normale,Autre collision,2,1,4,3,1,1,1,0,1,110,2,3,2,1,0,0,,29.0,autre,voiture,3,1,1,1,6
202200051867,2022-07-07 09:30:00,2022,7,7,9,30,46,46204,D10,44.680947,1.557857,Plein jour,Hors agglomération,Hors intersection,Normale,Deux véhicules - côté,3,2,2,0,3,1,1,0,1,-1,2,2,1,0,0,1,74.0,78.0,voiture,deux_roues,1,1,1,1,3
202200051868,2022-09-20 14:15:00,2022,9,20,14,15,94,94041,LOUIS BERTRAND (R),48.81809,2.37678,Plein jour,En agglomération,Hors intersection,Normale,Deux véhicules - frontale,3,2,2,0,2,2,1,0,1,50,2,2,1,0,0,1,39.0,48.0,deux_roues,voiture,1,2,1,1,1
202200051869,2022-08-13 02:00:00,2022,8,13,2,0,977,97701,SAINT JEAN - D209,17.9023631005,-62.8366684914,Nuit avec éclairage allumé,En agglomération,Hors intersection,Normale,Deux véhicules - frontale,3,2,2,0,1,1,1,0,1,30,2,2,1,0,1,0,50.0,27.0,voiture,deux_roues,5,2,1,1,1
202200051870,2022-07-10 20:15:00,2022,7,10,20,15,46,46318,D40,44.743765,1.834749,Crépuscule ou aube,Hors agglomération,Hors intersection,Normale,Autre collision,3,2,2,0,1,2,1,0,1,80,1,1,0,0,1,0,27.0,,deux_roues,,2,1,1,1,6
202200051871,2022-10-24 06:30:00,2022,10,24,6,30,83,83004,autoroute A8 PK 109.90,43.434189,6.467053,Nuit sans éclairage public,Hors agglomération,Hors intersection,Normale,Trois véhicules et plus - collisions multiples,1,3,5,0,1,3,1,0,1,130,4,4,3,0,0,1,34.0,32.0,voiture,utilitaire_camion,3,1,1,1,5
202200051872,2022-06-09 12:30:00,2022,6,9,12,30,65,65148,departementale 9,43.26716,0.50741,Plein jour,Hors agglomération,Intersection en X,Normale,Deux véhicules - côté,3,2,1,0,1,1,1,0,1,80,2,2,1,0,1,0,72.0,28.0,utilitaire_camion,transport_commun,1,1,2,1,3
202200051873,2022-11-27 02:50:00,2022,11,27,2,50,78,78466,A13,48.93541,1.96478,Nuit sans éclairage public,Hors agglomération,Hors intersection,Normale,Deux véhicules - arrière,1,-1,3,0,3,1,1,0,1,110,2,6,5,0,0,1,24.0,47.0,voiture,voiture,3,1,1,1,2
202200051874,2022-02-14 11:35:00,2022,2,14,11,35,92,92012,VICTOR HUGO (AVENUE) 49/FIN - 60/FIN,48.8352171673,2.2445315123,Plein jour,En agglomération,Intersection en Y,Normale,Autre collision,4,2,0,0,1,1,1,0,1,50,1,2,0,0,1,1,53.0,,transport_commun,,1,2,4,1,6
202200051875,2022-08-12 15:30:00,2022,8,12,15,30,28,28015,Rue Aristide Briand,48.465367,1.757035,Plein jour,En agglomération,Intersection en T,Normale,Deux véhicules - arrière,3,-1,2,0,1,1,1,0,1,50,2,2,1,0,0,1,45.0,59.0,utilitaire_camion,deux_roues,1,2,3,1,2
202200051876,2022-07-09 11:00:00,2022,7,9,11,0,47,47283,D911,44.475594,0.946525,Plein jour,Hors agglomération,Hors intersection,Normale,Deux véhicules - arrière,3,2,2,0,1,2,1,0,3,80,2,2,1,0,0,1,66.0,82.0,voiture,voiture,1,1,1,1,2
202200051877,2022-10-22 18:13:00,2022,10,22,18,13,10,10081,,48.32761,4.063482,Crépuscule ou aube,Hors agglomération,Hors intersection,Temps couvert,Deux véhicules - côté,3,1,2,0,1,1,1,0,1,110,2,3,2,0,1,0,24.0,27.0,voiture,voiture,2,1,1,8,3
202200051878,2022-06-06 02:30:00,2022,6,6,2,30,81,81247,route de valence d albigeois,43.961191,2.37397,Nuit sans éclairage public,Hors agglomération,Hors intersection,Normale,Autre collision,3,2,2,0,2,3,1,0,3,80,1,3,1,0,2,0,18.0,,voiture,,3,1,1,1,6
202200051879,2022-09-20 16:10:00,2022,9,20,16,10,94,94065,FONTAINEBLEAU (AV DE),48.739235,2.353663,Plein jour,En agglomération,Intersection en X,Normale,Trois véhicules et plus - collisions multiples,3,2,4,0,1,1,1,0,1,50,3,5,4,0,1,0,26.0,60.0,voiture,deux_roues,1,2,2,1,5
202200051880,2022-02-15 09:00:00,2022,2,15,9,0,92,92007,VERDUN (RUE DE) N° PAIRS,48.8012080424,2.3109092116,Plein jour,En agglomération,Autre intersection,Normale,Autre collision,4,2,2,0,1,1,1,0,6,50,1,2,1,0,0,1,21.0,,voiture,,1,2,9,1,6
202200051881,2022-08-12 13:45:00,2022,8,12,13,45,34,34151,Chemin des Parties,43.662641,4.16046,Plein jour,Hors agglomération,Intersection en Y,Normale,Deux véhicules - côté,4,2,2,0,1,2,1,0,1,80,2,3,1,0,1,1,16.0,56.0,deux_roues,voiture,1,1,4,1,3
202200051882,2022-10-24 04:36:00,2022,10,24,4,36,35,35226,Le Val,48.395424,-1.910843,Nuit sans éclairage public,Hors agglomération,Hors intersection,Pluie légère,Autre collision,3,3,4,0,1,1,2,0,3,110,1,3,0,0,1,2,19.0,,voiture,,3,1,1,2,6
202200051883,2022-07-09 17:35:00,2022,7,9,17,35,41,41083,Chemin de Pied Blin,47.538749,1.853111,Plein jour,En agglomération,Intersection en T,Normale,Deux véhicules - frontale,4,2,2,0,1,1,1,0,1,50,2,3,2,0,1,0,17.0,78.0,deux_roues,voiture,1,2,3,1,1
202200051884,2022-06-07 14:50:00,2022,6,7,14,50,11,11255,D6113,43.185622,2.924448,Plein jour,Hors agglomération,Hors intersection,Normale,Deux véhicules - frontale,3,2,2,0,1,1,1,0,1,80,2,3,1,0,0,2,66.0,24.0,voiture,voiture,1,1,1,1,1
202200051885,2022-09-20 15:40:00,2022,9,20,15,40,94,94034,Roosevelt (ROND POINT),48.75742,2.32952,Plein jour,Hors agglomération,Giratoire,Normale,Deux véhicules - côté,2,1,2,1,1,2,1,0,1,30,2,2,1,0,0,1,63.0,29.0,deux_roues,utilitaire_camion,1,1,6,1,3
202200051886,2022-02-15 11:50:00,2022,2,15,11,50,92,92009,HENRI LITOLFF ( RUE ),48.914718,2.261676,Plein jour,En agglomération,Hors intersection,Normale,Autre collision,4,2,0,0,1,1,1,0,1,30,1,1,0,0,0,1,62.0,,voiture,,1,2,1,1,6
202200051887,2022-11-26 17:00:00,2022,11,26,17,0,95,95582,A15,48.9684803445,2.2513608997,Nuit sans éclairage public,Hors agglomération,Hors intersection,Normale,Trois véhicules et plus - en chaîne,1,3,8,0,1,1,1,0,1,110,6,9,5,0,0,4,46.0,27.0,voiture,voiture,3,1,1,1,4
202200051888,2022-07-11 05:50:00,2022,7,11,5,50,41,41002,50 Route de la Vallée,47.332674,1.22205,Crépuscule ou aube,En agglomération,Hors intersection,Normale,Autre collision,3,2,2,0,1,3,1,0,3,-1,1,1,0,1,0,0,21.0,,voiture,,2,2,1,1,6
202200051889,2022-08-04 07:45:00,2022,8,4,7,45,83,83068,Route de Sainte Maxime,43.269679,6.5415,Plein jour,Hors agglomération,Intersection en Y,Temps éblouissant,Deux véhicules - côté,3,2,2,0,1,2,1,5,1,70,2,2,1,0,1,0,15.0,74.0,deux_roues,voiture,1,1,4,7,3
202200051890,2022-11-28 10:20:00,2022,11,28,10,20,94,94028,A86 EXT,48.7763093698,2.435171869,Plein jour,Hors agglomération,Hors intersection,Temps couvert,Deux véhicules - arrière,1,1,2,0,1,1,2,0,1,90,2,2,1,0,0,1,23.0,50.0,voiture,utilitaire_camion,1,1,1,8,2
202200051891,2022-09-18 20:00:00,2022,9,18,20,0,94,94028,Rue du Docteur Ramon,48.77269,2.46613,Nuit avec éclairage allumé,En agglomération,Hors intersection,Normale,Autre collision,6,-1, -1,0,2,1,1,0,8,30,1,3,1,0,0,2,59.0,,voiture,,5,2,1,1,6
202200051892,2022-10-23 21:10:00,2022,10,23,21,10,54,54212,Rue du 23 Aout,49.493321,5.651192,Nuit avec éclairage allumé,En agglomération,Hors intersection,Normale,Sans collision,4,2,2,0,2,1,2,0,1,30,1,1,0,0,1,0,36.0,,deux_roues,,5,2,1,1,7