accident_id,datetime,annee,mois,jour,heure,minute,departement,commune_insee,adresse,latitude,longitude,luminosite,agglomeration,intersection,meteo,collision,catr,circ,nbv,vosp,prof,plan,surf,infra,situ,vma,nb_vehicules,nb_usagers,nb_indemnes,nb_tues,nb_blesses_hosp,nb_blesses_legers,age_cond_1,age_cond_2,veh_type_cond_1,veh_type_cond_2,lum_code,agg_code,int_code,atm_code,col_code
202200051893,2022-05-31 15:10:00,2022,5,31,15,10,61,61063,20 Les Joncherets,48.704132,-0.378428,Plein jour,Hors agglomération,Intersection en T,Normale,Deux véhicules - côté,3,2,2,0,1,2,1,0,8,90,2,2,1,0,1,0,22.0,59.0,voiture,utilitaire_camion,1,1,3,1,3
202200051894,2022-02-15 08:40:00,2022,2,15,8,40,92,92002,LEWISHAM (PLACE DE),48.75002,2.30911,Plein jour,En agglomération,Giratoire,Normale,Deux véhicules - frontale,4,1,1,0,1,3,1,0,1,30,2,3,2,0,0,1,26.0,40.0,voiture,voiture,1,2,6,1,1
202200051895,2022-07-06 02:45:00,2022,7,6,2,45,86,86072,La Fontaine,46.713868,0.701414,Nuit sans éclairage public,En agglomération,Intersection en Y,Normale,Autre collision,4,2,2,0,1,3,1,0,3,50,1,2,0,0,2,0,15.0,,deux_roues,,3,2,4,1,6
202200051896,2022-08-12 11:30:00,2022,8,12,11,30,83,83107,35 Avenue des Eucalyptus,43.350096,6.713577,Plein jour,En agglomération,Autre intersection,Normale,Deux véhicules - côté,4,2,2,0,1,1,1,0,1,50,2,3,2,0,1,0,48.0,71.0,voiture,deux_roues,1,2,9,1,3
202200051897,2022-10-21 19:00:00,2022,10,21,19,0,22,22339,N176,48.47619,-2.046489,Crépuscule ou aube,Hors agglomération,Hors intersection,Normale,Sans collision,2,3,4,0,1,1,2,0,3,110,1,1,0,0,0,1,73.0,,voiture,,2,1,1,1,7
202200051898,2022-11-27 15:00:00,2022,11,27,15,0,974,97416,RN1(BRETELLE ACCES),-21.304434,55.428043,Plein jour,Hors agglomération,Autre intersection,Normale,Deux véhicules - frontale,2,-1,2,0,1,1,1,3,1,50,2,2,1,0,0,1,33.0,23.0,voiture,voiture,1,1,9,1,1
202200051899,2022-08-13 13:17:00,2022,8,13,13,17,06,06078,D 6202 PK 83+900,43.912575,7.18015,Plein jour,Hors agglomération,Hors intersection,Normale,Deux véhicules - frontale,3,2,2,0,1,4,1,9,1,80,2,2,1,0,0,1,28.0,49.0,deux_roues,voiture,1,1,1,1,1
202200051900,2022-02-16 15:45:00,2022,2,16,15,45,12,12300,Route de Montauban,44.360682,2.007548,Plein jour,En agglomération,Intersection en T,Pluie légère,Deux véhicules - côté,3,2,2,0,1,1,2,0,1,50,2,2,1,0,1,0,18.0,31.0,deux_roues,voiture,1,2,3,2,3
202200051901,2022-06-07 13:35:00,2022,6,7,13,35,12,12032,D911,44.295649,2.404751,Plein jour,Hors agglomération,Intersection en T,Normale,Deux véhicules - arrière,3,2,2,0,2,2,1,0,1,90,2,2,0,0,1,1,56.0,23.0,voiture,voiture,1,1,3,1,2
202200051902,2022-07-05 09:00:00,2022,7,5,9,0,86,86053,Rue de la Paix,46.7164,0.15542,Plein jour,En agglomération,Intersection en X,Temps éblouissant,Autre collision,3,2,2,0,1,1,1,5,1,30,1,2,1,0,1,0,76.0,,voiture,,1,2,2,7,6
202200051903,2022-10-24 15:18:00,2022,10,24,15,18,62,62279,D939,50.30588,2.710512,Plein jour,Hors agglomération,Giratoire,Temps éblouissant,Deux véhicules - côté,3,2,2,0,1,3,1,5,1,50,2,2,1,0,1,0,69.0,60.0,deux_roues,voiture,1,1,6,7,3
202200051904,2022-11-26 12:45:00,2022,11,26,12,45,972,97213,ROUTE DEPARTEMENTALE 15,14.62657,-61.00815,Plein jour,Hors agglomération,Hors intersection,Normale,Deux véhicules - arrière,3,2,2,0,2,1,1,0,1,70,2,3,2,0,0,1,47.0,62.0,voiture,voiture,1,1,1,1,2
202200051905,2022-09-18 18:40:00,2022,9,18,18,40,94,94028,Place Pierre Mendes France / Boulevard Jean-baptiste Oudry,48.7764653425,2.4552736013,Plein jour,En agglomération,Intersection en T,Normale,Trois véhicules et plus - collisions multiples,4,2,2,0,1,1,1,0,1,50,3,6,5,0,0,1,24.0,43.0,voiture,deux_roues,1,2,3,1,5
202200051906,2022-08-10 17:25:00,2022,8,10,17,25,68,68171,départementale 27,47.95418,6.982713,Plein jour,Hors agglomération,Hors intersection,Normale,Autre collision,3,2,2,0,2,2,1,0,3,80,1,1,0,0,1,0,27.0,,deux_roues,,1,1,1,1,6
202200051907,2022-07-10 03:10:00,2022,7,10,3,10,34,34223,D33e2,43.4267821994,3.2079233229,Nuit sans éclairage public,Hors agglomération,Hors intersection,Normale,Sans collision,3,2,2,0,1,1,1,0,3,90,1,1,0,0,1,0,26.0,,voiture,,3,1,1,1,7
202200051908,2022-02-15 07:10:00,2022,2,15,7,10,06,06149,2 Boulevard Général-de-Gaulle,43.735476,7.306504,Plein jour,En agglomération,Hors intersection,Normale,Deux véhicules - frontale,7,2,2,0,1,1,2,0,1,50,1,2,1,0,0,1,36.0,,voiture,,1,2,1,1,1
202200051909,2022-06-07 22:55:00,2022,6,7,22,55,41,41083,Rue Monseigneur Tissier,47.541764,1.85016,Nuit avec éclairage non allumé,En agglomération,Hors intersection,Normale,Sans collision,4,2,2,0,1,1,1,0,1,50,1,1,0,0,0,1,20.0,,deux_roues,,4,2,1,1,7
202200051910,2022-11-26 18:02:00,2022,11,26,18,2,2B,2B037,TOUTES RUES,42.6205,9.4368,Nuit avec éclairage allumé,En agglomération,Hors intersection,Normale,Deux véhicules - arrière,3,1,2,0,1,2,1,0,1,50,2,3,0,0,0,3,32.0,36.0,voiture,voiture,5,2,1,1,2
202200051911,2022-08-13 10:05:00,2022,8,13,10,5,03,03219,D2371,46.327,2.9019,Plein jour,Hors agglomération,Hors intersection,Normale,Sans collision,3,2,2,0,4,2,1,0,3,90,1,1,0,0,1,0,39.0,,deux_roues,,1,1,1,1,7
202200051912,2022-09-20 19:17:00,2022,9,20,19,17,93,93055,Avenue Jean Jaurès,48.9030419473,2.3915496204,Plein jour,En agglomération,Hors intersection,Normale,Deux véhicules - côté,3,3,2,2,1,1,1,0,5,50,2,3,2,0,0,1,59.0,40.0,voiture,deux_roues,1,2,1,1,3
202200051913,2022-02-15 08:40:00,2022,2,15,8,40,06,06149,1 Avenue Jean Moulin,43.749126,7.320403,Plein jour,En agglomération,Autre intersection,Normale,Deux véhicules - frontale,7,2,2,0,1,1,2,0,1,50,2,2,1,0,0,1,37.0,38.0,utilitaire_camion,voiture,1,2,9,1,1
202200051914,2022-06-09 16:35:00,2022,6,9,16,35,68,68068,18 Rue de Bâle,47.630355,7.121507,Plein jour,En agglomération,Hors intersection,Normale,Autre collision,3,2,2,0,2,1,1,0,1,50,1,2,1,0,0,1,62.0,,voiture,,1,2,1,1,6
202200051915,2022-07-10 13:20:00,2022,7,10,13,20,68,68179,71 Rue Principale,47.757647,7.023579,Plein jour,En agglomération,Hors intersection,Normale,Deux véhicules - frontale,3,2,1,2,1,3,1,0,1,50,2,3,0,0,1,2,23.0,32.0,voiture,voiture,1,2,1,1,1
202200051916,2022-08-13 13:00:00,2022,8,13,13,0,74,74127,D902,46.343402,6.549697,Plein jour,Hors agglomération,Hors intersection,Normale,Deux véhicules - frontale,3,2,2,0,1,1,1,0,1,80,2,2,1,0,1,0,76.0,65.0,voiture,deux_roues,1,1,1,1,1
202200051917,2022-07-10 11:30:00,2022,7,10,11,30,22,22251,La Ville Gourio (Pordic),48.557366831,-2.826404571,Plein jour,Hors agglomération,Hors intersection,Normale,Sans collision,4,2,2,0,1,1,1,0,3,80,1,1,0,1,0,0,84.0,,deux_roues,,1,1,1,1,7
202200051918,2022-10-24 13:05:00,2022,10,24,13,5,79,79103,Route du Bois Blanc,46.79981,-0.580451,Plein jour,Hors agglomération,Intersection en T,Normale,Sans collision,3,2,2,0,3,1,1,0,1,80,1,1,0,0,1,0,64.0,,deux_roues,,1,1,3,1,7
202200051919,2022-06-04 15:37:00,2022,6,4,15,37,25,25558,D67,47.17666,6.111671,Plein jour,Hors agglomération,Hors intersection,Normale,Deux véhicules - frontale,3,2,2,0,1,1,1,0,1,80,2,2,1,0,0,1,20.0,,voiture,voiture,1,1,1,1,1
202200051920,2022-02-15 16:30:00,2022,2,15,16,30,28,28196,D126,48.302123,1.189184,Plein jour,Hors agglomération,Intersection en X,Pluie légère,Deux véhicules - côté,3,2,2,0,1,1,2,5,1,80,2,2,1,0,0,1,80.0,77.0,voiture,utilitaire_camion,1,1,2,2,3
202200051921,2022-09-20 19:38:00,2022,9,20,19,38,93,93051,Rue du Docteur Sureau / Rue des Mastraits,48.8473395593,2.5483721052,Plein jour,En agglomération,Intersection en T,Normale,Deux véhicules - frontale,4,2,2,0,1,1,1,0,1,50,2,4,3,0,0,1,30.0,62.0,voiture,deux_roues,1,2,3,1,1
202200051922,2022-08-13 11:55:00,2022,8,13,11,55,74,74056,198 Route des Pecles,45.918109,6.861906,Plein jour,En agglomération,Hors intersection,Normale,Deux véhicules - arrière,4,2,2,0,1,1,1,0,1,50,2,3,2,0,1,0,17.0,51.0,deux_roues,voiture,1,2,1,1,2
202200051923,2022-05-09 14:36:00,2022,5,9,14,36,13,13035,D17,43.684638,5.05797,Plein jour,Hors agglomération,Hors intersection,Normale,Deux véhicules - côté,3,2,2,0,1,1,1,0,1,80,2,2,1,0,1,0,25.0,73.0,utilitaire_camion,deux_roues,1,1,1,1,3
202200051924,2022-07-08 08:00:00,2022,7,8,8,0,39,39233,,47.097868,5.449846,Plein jour,Hors agglomération,Hors intersection,Temps éblouissant,Deux véhicules - frontale,4,2,2,0,3,3,1,0,1,70,2,2,0,0,1,1,18.0,51.0,deux_roues,deux_roues,1,1,1,7,1
202200051925,2022-11-27 01:00:00,2022,11,27,1,0,91,91345,DEVI RN 20,48.69733,2.28562,Nuit avec éclairage non allumé,En agglomération,Hors intersection,Normale,Trois véhicules et plus - en chaîne,3,1,2,0,1,1,1,0,1,70,3,6,4,0,0,2,49.0,28.0,voiture,voiture,4,2,1,1,4
202200051926,2022-06-09 08:43:00,2022,6,9,8,43,44,44063,5 la drouetterie,47.080256,-1.190536,Plein jour,Hors agglomération,Intersection en X,Normale,Deux véhicules - côté,3,2,2,0,1,1,1,0,1,-1,2,2,1,0,1,0,66.0,26.0,deux_roues,voiture,1,1,2,1,3
202200051927,2022-02-10 16:50:00,2022,2,10,16,50,01,01238,Route de Civrieux,45.911063,4.840604,Plein jour,En agglomération,Hors intersection,Normale,Deux véhicules - arrière,3,2,2,0,1,1,1,0,1,50,2,3,0,0,0,3,43.0,77.0,voiture,voiture,1,2,1,1,2
202200051928,2022-10-23 17:05:00,2022,10,23,17,5,2B,2B343,RT10 - LA RUCHE FONCIÈRE,42.497736,9.468954,Plein jour,Hors agglomération,Hors intersection,Normale,Deux véhicules - arrière,2,2,2,0,1,1,1,0,1,80,2,2,1,0,1,0,54.0,21.0,voiture,deux_roues,1,1,1,1,2
202200051929,2022-05-08 23:15:00,2022,5,8,23,15,13,13007,Chemin de la Reiraille,43.356187,5.627146,Nuit sans éclairage public,Hors agglomération,Hors intersection,Temps couvert,Deux véhicules - côté,4,2,2,0,2,2,9,0,8,50,1,1,0,0,1,0,38.0,,voiture,,3,1,1,8,3
202200051930,2022-09-20 13:45:00,2022,9,20,13,45,93,93051,Rue de la Passerelle / Rue du 26 Aout 1944,48.84706,2.52625,Plein jour,En agglomération,Intersection en X,Normale,Deux véhicules - côté,4,2,2,0,1,1,1,0,1,50,2,2,1,0,0,1,45.0,24.0,voiture,deux_roues,1,2,2,1,3
202200051931,2022-10-23 23:45:00,2022,10,23,23,45,11,11131,Route des Sauzils,42.911995,2.174091,Nuit sans éclairage public,Hors agglomération,Hors intersection,Normale,Autre collision,3,2,2,0,1,3,1,0,8,80,1,1,0,0,1,0,37.0,,voiture,,3,1,1,1,6
202200051932,2022-08-13 12:55:00,2022,8,13,12,55,26,26064,D68,44.904037,4.993801,Plein jour,En agglomération,Hors intersection,Temps éblouissant,Deux véhicules - frontale,3,2,2,0,1,1,1,0,1,80,2,4,0,0,2,2,66.0,63.0,voiture,voiture,1,2,1,7,1
202200051933,2022-07-09 01:24:00,2022,7,9,1,24,39,39399,13 Rue de l'Église,46.998475,5.668752,Nuit sans éclairage public,En agglomération,Hors intersection,Normale,Autre collision,3,2,2,0,1,3,1,0,3,50,1,4,2,0,1,1,18.0,,voiture,,3,2,1,1,6
202200051934,2022-06-03 18:11:00,2022,6,3,18,11,44,44104,3 la Gree,47.389779,-0.960574,Plein jour,Hors agglomération,Hors intersection,Normale,Deux véhicules - côté,3,2,2,0,1,3,2,0,1,80,2,2,1,0,1,0,16.0,46.0,deux_roues,voiture,1,1,1,1,3
202200051935,2022-02-16 06:45:00,2022,2,16,6,45,56,56173,23 rue de la république,47.95856,-2.9747538,Nuit avec éclairage allumé,En agglomération,Intersection en T,Pluie légère,Deux véhicules - côté,3,2,2,0,2,1,2,0,1,50,2,2,1,0,1,0,58.0,28.0,voiture,deux_roues,5,2,3,2,3
202200051936,2022-05-08 06:30:00,2022,5,8,6,30,13,13097,D113,43.639833,4.926939,Crépuscule ou aube,Hors agglomération,Hors intersection,Normale,Sans collision,3,2,2,0,1,1,1,0,1,80,1,1,0,0,1,0,28.0,,voiture,,2,1,1,1,7
202200051937,2022-11-27 07:30:00,2022,11,27,7,30,91,91421,MIREILLE VALEAU (PLACE),48.69304,2.44637,Nuit avec éclairage allumé,En agglomération,Giratoire,Normale,Sans collision,3,-1,2,0,1,2,1,0,1,50,1,2,1,0,0,1,46.0,,transport_commun,,5,2,6,1,7
202200051938,2022-09-20 18:45:00,2022,9,20,18,45,93,93048,Boulevard de Chanzy,48.858562255,2.4308662985,Crépuscule ou aube,En agglomération,Hors intersection,Normale,Deux véhicules - côté,3,2,2,2,1,1,1,0,1,50,2,2,1,0,0,1,27.0,35.0,deux_roues,deux_roues,2,2,1,1,3
202200051939,2022-06-04 05:10:00,2022,6,4,5,10,29,29274,D50 - Rue Pierre Curie,48.030195,-3.714151,Crépuscule ou aube,En agglomération,Hors intersection,Normale,Autre collision,4,2,2,0,1,1,1,0,3,50,1,2,0,0,1,1,26.0,,utilitaire_camion,,2,2,1,1,6
202200051940,2022-07-08 17:00:00,2022,7,8,17,0,25,25157,N57 PK78+5,46.873124,6.377293,Plein jour,Hors agglomération,Hors intersection,Normale,Deux véhicules - frontale,2,2,2,0,1,1,1,0,1,50,2,2,1,0,1,0,27.0,30.0,voiture,voiture,1,1,1,1,1
202200051941,2022-02-15 21:20:00,2022,2,15,21,20,56,56098,N165 sens Vannes/Lorient,47.782653,-3.340469,Nuit sans éclairage public,Hors agglomération,Autre intersection,Pluie forte,Deux véhicules - frontale,2,3,4,0,1,1,2,3,1,90,2,2,1,1,0,0,22.0,35.0,utilitaire_camion,utilitaire_camion,3,1,9,3,1
202200051942,2022-05-07 16:20:00,2022,5,7,16,20,71,71063,Route d’Autun,46.899050608,4.3227801695,Plein jour,Hors agglomération,Intersection en T,Normale,Sans collision,3,2,2,0,2,1,1,0,3,80,1,1,0,1,0,0,66.0,,deux_roues,,1,1,3,1,7
202200051943,2022-11-27 15:42:00,2022,11,27,15,42,91,91223,R.D.20,48.3897,2.10672,Plein jour,Hors agglomération,Hors intersection,Normale,Deux véhicules - arrière,3,1,4,0,1,1,1,0,1,90,2,4,0,0,0,4,24.0,20.0,voiture,voiture,1,1,1,1,2
202200051944,2022-08-13 12:45:00,2022,8,13,12,45,40,40278,route départementale 652,44.227481,-1.158017,Plein jour,En agglomération,Hors intersection,Normale,Autre collision,3,2,2,0,1,1,1,0,8,50,1,1,0,1,0,0,37.0,,deux_roues,,1,2,1,1,6
202200051945,2022-06-08 14:05:00,2022,6,8,14,5,02,02286,9 Route de Foucommé,49.989905,3.735261,Plein jour,En agglomération,Hors intersection,Temps couvert,Deux véhicules - arrière,3,2,2,0,1,1,1,0,1,80,2,2,1,0,0,1,21.0,25.0,voiture,voiture,1,2,1,8,2
202200051946,2022-10-24 18:20:00,2022,10,24,18,20,63,63128,Rue de Chez Table,45.881674,3.43886,Crépuscule ou aube,Hors agglomération,Hors intersection,Normale,Deux véhicules - frontale,4,2,1,0,1,3,1,0,1,50,2,3,2,0,1,0,48.0,29.0,deux_roues,voiture,2,1,1,1,1
202200051947,2022-09-19 10:10:00,2022,9,19,10,10,93,93006,Rue Francisco Ferrer / Rue des Loriettes,48.87133,2.4202,Plein jour,En agglomération,Intersection en T,Normale,Deux véhicules - côté,4,2,2,0,1,1,1,0,1,50,2,2,1,0,0,1,51.0,42.0,deux_roues,voiture,1,2,3,1,3
202200051948,2022-02-15 23:50:00,2022,2,15,23,50,76,76663,D17,49.789341,0.528508,Nuit sans éclairage public,Hors agglomération,Autre intersection,Pluie forte,Autre collision,3,2,2,0,3,2,2,0,1,70,1,3,2,0,0,1,22.0,,voiture,,3,1,9,3,6
202200051949,2022-07-07 16:58:00,2022,7,7,16,58,25,25527,Boulevard de la Gare,47.181633,5.803421,Plein jour,En agglomération,Intersection en Y,Normale,Deux véhicules - côté,3,2,2,0,2,2,9,5,1,50,2,2,1,0,0,1,40.0,40.0,deux_roues,voiture,1,2,4,1,3
202200051950,2022-11-27 18:10:00,2022,11,27,18,10,78,78146,LANDES (RUE DES),48.8942,2.14731,Plein jour,En agglomération,Autre intersection,Pluie légère,Autre collision,4,2,1,0,1,1,2,0,1,50,1,2,1,0,0,1,88.0,,voiture,,1,2,9,2,6
202200051951,2022-08-10 10:15:00,2022,8,10,10,15,40,40019,Route des Lacs,44.21459,-1.188143,Plein jour,En agglomération,Giratoire,Normale,Deux véhicules - côté,3,1,1,0,1,2,1,0,1,50,2,2,1,0,1,0,52.0,82.0,deux_roues,voiture,1,2,6,1,3
202200051952,2022-01-14 12:15:00,2022,1,14,12,15,57,57606,AGORA (RUE DE L'),49.10749,6.69146,Plein jour,En agglomération,Hors intersection,Normale,Autre collision,4,2,2,0,2,1,1,0,4,50,1,8,1,0,0,7,20.0,,voiture,,1,2,1,1,6
202200051953,2022-06-08 14:55:00,2022,6,8,14,55,84,84070,Avenue du Docteur Tondut,44.022034,5.156488,Plein jour,En agglomération,Intersection en T,Normale,Deux véhicules - arrière,3,2,2,0,1,1,1,0,1,50,2,2,1,0,1,0,56.0,49.0,deux_roues,voiture,1,2,3,1,2
202200051954,2022-10-20 15:35:00,2022,10,20,15,35,59,59357,rue roger salengro,50.283875,3.856251,Plein jour,En agglomération,Autre intersection,Normale,Sans collision,4,2,2,0,1,1,1,0,4,50,1,1,0,0,0,1,17.0,,deux_roues,,1,2,9,1,7
202200051955,2022-09-19 19:30:00,2022,9,19,19,30,93,93010,Avenue Galliéni,48.9059796409,2.4818443369,Plein jour,En agglomération,Hors intersection,Normale,Deux véhicules - côté,3,3,4,0,1,1,1,0,1,50,2,4,2,0,1,1,23.0,41.0,voiture,deux_roues,1,2,1,1,3
202200051956,2022-02-16 12:30:00,2022,2,16,12,30,79,79242,Rue Saint-Jacques,46.945209,-0.515408,Plein jour,En agglomération,Intersection en T,Pluie légère,Deux véhicules - côté,4,-1,0,0,1,3,2,0,1,50,2,2,0,0,0,1,15.0,,deux_roues,voiture,1,2,3,2,3
202200051957,2022-11-27 18:10:00,2022,11,27,18,10,78,78238,RENAULT (ROUTE DE),48.96761,1.86369,Nuit avec éclairage allumé,Hors agglomération,Hors intersection,Pluie légère,Deux véhicules - côté,6,-1, -1,0,1,3,2,9,1,30,2,2,1,0,0,1,24.0,38.0,voiture,deux_roues,5,1,1,2,3
202200051958,2022-08-08 21:20:00,2022,8,8,21,20,29,29001,Keric Braz,48.207115,-4.327573,Crépuscule ou aube,Hors agglomération,Hors intersection,Normale,Autre collision,4,2,2,0,1,1,1,0,1,70,1,1,0,0,1,0,66.0,,voiture,,2,1,1,1,6
202200051959,2022-10-23 20:55:00,2022,10,23,20,55,42,42295,Route de Noirétable,45.819657,3.777299,Nuit sans éclairage public,Hors agglomération,Hors intersection,Normale,Autre collision,3,2,2,0,1,3,1,0,3,80,1,1,0,1,0,0,42.0,,voiture,,3,1,1,1,6
202200051960,2022-02-16 01:15:00,2022,2,16,1,15,32,32406,rd 928 - pk 19+930,43.682181,0.833073,Nuit sans éclairage public,Hors agglomération,Hors intersection,Pluie légère,Sans collision,3,2,2,0,1,1,2,0,3,80,1,1,0,0,0,1,38.0,,voiture,,3,1,1,2,7
202200051961,2022-05-05 14:00:00,2022,5,5,14,0,57,57620,D181a,49.194546,5.987315,Plein jour,Hors agglomération,Autre intersection,Normale,Deux véhicules - frontale,3,3,3,0,1,2,1,3,1,80,2,2,1,0,1,0,31.0,43.0,voiture,voiture,1,1,9,1,1
202200051962,2022-08-13 16:50:00,2022,8,13,16,50,60,60282,D1016,49.205654,2.461581,Plein jour,Hors agglomération,Giratoire,Normale,Sans collision,3,1,2,0,1,2,1,5,1,50,1,1,0,0,1,0,34.0,,deux_roues,,1,1,6,1,7
202200051963,2022-06-07 10:00:00,2022,6,7,10,0,84,84052,Moulin du Pas,43.765027,5.585378,Plein jour,En agglomération,Autre intersection,Normale,Deux véhicules - frontale,6,-1,2,0,1,2,1,0,8,50,1,2,1,0,1,0,20.0,,utilitaire_camion,,1,2,9,1,1
202200051964,2022-09-20 07:42:00,2022,9,20,7,42,92,92046,GABRIEL PERI,48.8191974207,2.3006347418,Crépuscule ou aube,En agglomération,Hors intersection,Normale,Deux véhicules - frontale,3,2,2,1,1,1,1,0,4,15,2,2,1,0,0,1,34.0,53.0,deux_roues,deux_roues,2,2,1,1,1
202200051965,2022-11-27 16:00:00,2022,11,27,16,0,77,77058,D406,48.833854,2.712482,Plein jour,En agglomération,Intersection en T,Normale,Deux véhicules - frontale,3,2,2,0,1,3,1,5,1,50,2,2,1,0,0,1,34.0,22.0,voiture,voiture,1,2,3,1,1
202200051966,2022-05-08 20:35:00,2022,5,8,20,35,69,69074,Route de Saint-Julien,46.013573,4.654126,Plein jour,Hors agglomération,Hors intersection,Normale,Sans collision,3,2,2,0,2,4,1,0,3,80,1,1,0,0,1,0,34.0,,deux_roues,,1,1,1,1,7
202200051967,2022-10-20 19:45:00,2022,10,20,19,45,41,41232,D944 x Avenue de Nançay,47.417239,2.06447,Crépuscule ou aube,Hors agglomération,Intersection en T,Pluie légère,Deux véhicules - côté,3,2,2,0,1,2,2,5,1,90,2,2,1,0,1,0,48.0,21.0,voiture,autre,2,1,3,2,3
202200051968,2022-02-13 10:15:00,2022,2,13,10,15,63,63050,30 Rue des Rochelles,45.41786,3.327237,Plein jour,En agglomération,Hors intersection,Normale,Deux véhicules - côté,4,2,2,0,3,1,2,0,4,50,2,2,0,0,1,1,41.0,27.0,voiture,deux_roues,1,2,1,1,3
202200051969,2022-08-13 19:43:00,2022,8,13,19,43,60,60581,D916,49.526817,2.397777,Crépuscule ou aube,Hors agglomération,Hors intersection,Normale,Autre collision,3,2,2,0,2,2,1,0,1,80,1,1,0,0,1,0,59.0,,voiture,,2,1,1,1,6
202200051970,2022-06-08 20:30:00,2022,6,8,20,30,03,03238,D136,46.478066,3.043567,Crépuscule ou aube,Hors agglomération,Hors intersection,Normale,Autre collision,3,2,2,0,1,3,2,0,3,90,1,1,0,0,0,1,51.0,,voiture,,2,1,1,1,6
202200051971,2022-09-20 10:40:00,2022,9,20,10,40,92,92040,GUYNEMER,48.83107,2.27884,Plein jour,En agglomération,Intersection en X,Temps couvert,Deux véhicules - côté,3,1,3,0,1,1,1,0,1,30,2,2,1,0,0,1,30.0,18.0,voiture,deux_roues,1,2,2,8,3
202200051972,2022-11-27 20:25:00,2022,11,27,20,25,76,76540,Rue Grieu,49.44035,1.1285,Nuit avec éclairage allumé,En agglomération,Intersection en X,Pluie légère,Autre collision,7,2,2,0,1,1,2,0,1,50,1,2,1,0,0,1,,,voiture,,5,2,2,2,6
202200051973,2022-10-23 17:00:00,2022,10,23,17,0,68,68304,D351,47.758054,7.065073,Plein jour,Hors agglomération,Hors intersection,Normale,Sans collision,3,2,2,0,1,1,1,2,3,80,1,1,0,0,1,0,84.0,,voiture,,1,1,1,1,7
202200051974,2022-02-15 18:20:00,2022,2,15,18,20,55,55477,D25,48.610796,5.132964,Nuit sans éclairage public,Hors agglomération,Hors intersection,Pluie légère,Autre collision,3,2,2,0,1,2,2,0,3,90,1,1,0,0,1,0,24.0,,voiture,,3,1,1,2,6
202200051975,2022-05-08 16:30:00,2022,5,8,16,30,69,69143,Route de Lyon,45.8706235863,4.8397725821,Plein jour,En agglomération,Hors intersection,Normale,Deux véhicules - arrière,7,2,2,0,1,1,1,0,1,50,2,3,1,0,1,1,23.0,47.0,deux_roues,voiture,1,2,1,1,2
202200051976,2022-05-27 02:00:00,2022,5,27,2,0,01,01392,RD18,46.244169,5.567451,Nuit sans éclairage public,Hors agglomération,Hors intersection,Normale,Autre collision,3,2,2,0,2,3,1,0,3,80,1,1,0,1,0,0,39.0,,voiture,,3,1,1,1,6
202200051977,2022-09-19 21:05:00,2022,9,19,21,5,92,92025,PAUL BERT (RUE),48.930011,2.245812,Nuit avec éclairage allumé,En agglomération,Hors intersection,Normale,Autre collision,3,2,2,0,1,1,1,0,1,30,1,2,1,0,0,1,36.0,,voiture,,5,2,1,1,6
202200051978,2022-07-10 10:55:00,2022,7,10,10,55,25,25186,D14,47.313989,5.942103,Plein jour,Hors agglomération,Intersection en X,Normale,Deux véhicules - côté,3,2,2,0,1,1,1,0,1,80,2,8,5,0,3,0,71.0,50.0,voiture,voiture,1,1,2,1,3
202200051979,2022-02-15 07:55:00,2022,2,15,7,55,34,34308,D13,43.613172,3.08939,Crépuscule ou aube,Hors agglomération,Hors intersection,Temps éblouissant,Autre collision,3,2,2,0,1,4,1,2,8,90,1,2,0,0,1,1,92.0,,voiture,,2,1,1,7,6
202200051980,2022-05-08 18:40:00,2022,5,8,18,40,33,33378,Route de Lartigue,44.845403,0.31193,Plein jour,Hors agglomération,Hors intersection,Normale,Autre collision,4,2,1,0,1,2,1,0,3,80,1,1,0,0,0,1,23.0,,voiture,,1,1,1,1,6
202200051981,2022-10-20 13:00:00,2022,10,20,13,0,39,39106,,46.455074,5.714146,Plein jour,Hors agglomération,Hors intersection,Normale,Deux véhicules - arrière,3,2,2,0,1,1,1,0,1,90,2,2,0,0,0,2,61.0,58.0,voiture,voiture,1,1,1,1,2
202200051982,2022-08-12 15:40:00,2022,8,12,15,40,80,80646,"Autoroute A1, PK 111+300",49.791627,2.803724,Plein jour,Hors agglomération,Hors intersection,Normale,Deux véhicules - côté,1,-1,3,0,1,1,1,0,1,130,3,4,3,0,0,1,42.0,61.0,utilitaire_camion,utilitaire_camion,1,1,1,1,3
202200051983,2022-06-05 17:00:00,2022,6,5,17,0,58,58068,Courgermain,47.156973,3.940916,Plein jour,Hors agglomération,Hors intersection,Normale,Sans collision,3,2,2,0,1,1,1,0,8,80,1,1,0,0,1,0,63.0,,deux_roues,,1,1,1,1,7
202200051984,2022-05-06 17:05:00,2022,5,6,17,5,85,85019,D763,46.79279,-1.42654,Plein jour,Hors agglomération,Hors intersection,Normale,Sans collision,3,1,2,0,1,1,1,0,3,110,1,1,0,0,1,0,73.0,,voiture,,1,1,1,1,7
202200051985,2022-08-09 22:14:00,2022,8,9,22,14,13,13203,A7-Sens Lyon vers Marseille,43.30836,5.37564,Nuit sans éclairage public,Hors agglomération,Hors intersection,Normale,Sans collision,1,-1,3,3,1,1,1,0,1,90,1,1,0,0,0,1,48.0,,deux_roues,,3,1,1,1,7