accident_id,datetime,annee,mois,jour,heure,minute,departement,commune_insee,adresse,latitude,longitude,luminosite,agglomeration,intersection,meteo,collision,catr,circ,nbv,vosp,prof,plan,surf,infra,situ,vma,nb_vehicules,nb_usagers,nb_indemnes,nb_tues,nb_blesses_hosp,nb_blesses_legers,age_cond_1,age_cond_2,veh_type_cond_1,veh_type_cond_2,lum_code,agg_code,int_code,atm_code,col_code
202200051986,2022-09-20 14:05:00,2022,9,20,14,5,92,92004,MAINE  ( RUE DU ),48.904388661,2.2830947041,Plein jour,Hors agglomération,Hors intersection,Normale,Deux véhicules - frontale,4,-1,2,0,1,1,1,0,1,50,2,2,1,0,0,1,16.0,84.0,deux_roues,voiture,1,1,1,1,1
202200051987,2022-10-22 12:00:00,2022,10,22,12,0,39,39104,,46.818484,5.38708,Plein jour,Hors agglomération,Intersection en T,Temps éblouissant,Deux véhicules - frontale,3,2,2,0,2,1,1,0,1,80,2,2,0,0,1,1,30.0,69.0,voiture,voiture,1,1,3,7,1
202200051988,2022-06-09 00:05:00,2022,6,9,0,5,72,72124,Allee de Fontenailles,47.824753,0.27734,Nuit sans éclairage public,En agglomération,Hors intersection,Normale,Autre collision,9,-1,1,1,1,1,1,0,5,-1,1,1,0,0,1,0,37.0,,deux_roues,,3,2,1,1,6
202200051989,2022-11-27 14:25:00,2022,11,27,14,25,76,76540,Route du Havre,49.45083,1.05771,Plein jour,En agglomération,Autre intersection,Pluie légère,Trois véhicules et plus - en chaîne,7,1,4,3,1,1,2,-1,1,50,3,5,3,0,0,2,78.0,58.0,voiture,voiture,1,2,9,2,4
202200051990,2022-09-13 10:45:00,2022,9,13,10,45,2B,2B121,pk 111 D81,42.375167,8.673695,Plein jour,Hors agglomération,Hors intersection,Normale,Sans collision,3,2,2,0,2,3,1,0,1,-1,1,1,0,0,1,0,41.0,,deux_roues,,1,1,1,1,7
202200051991,2022-02-12 03:50:00,2022,2,12,3,50,31,31345,D12,43.394992,1.412451,Nuit sans éclairage public,En agglomération,Hors intersection,Brouillard / fumée,Autre collision,3,2,2,0,1,3,1,0,3,80,1,1,0,0,1,0,34.0,,voiture,,3,2,1,5,6
202200051992,2022-08-11 18:50:00,2022,8,11,18,50,13,13071,A55 - Sens Marseille vers Martigues,43.39935,5.29117,Plein jour,Hors agglomération,Hors intersection,Normale,Deux véhicules - frontale,1,1,2,0,2,3,1,0,2,90,1,2,0,0,0,2,26.0,,utilitaire_camion,,1,1,1,1,1
202200051993,2022-07-08 23:40:00,2022,7,8,23,40,44,44002,11 le Haut Coin,47.08309,-1.41677,Nuit sans éclairage public,Hors agglomération,Hors intersection,Normale,Deux véhicules - côté,3,2,2,0,2,1,1,0,1,70,2,2,1,0,1,0,23.0,31.0,deux_roues,voiture,3,1,1,1,3
202200051994,2022-05-07 16:45:00,2022,5,7,16,45,72,72154,17 Avenue d Obernkirchen,47.699398,-0.058891,Plein jour,En agglomération,Hors intersection,Normale,Deux véhicules - côté,3,2,2,0,1,1,1,9,1,70,2,2,1,0,1,0,44.0,49.0,utilitaire_camion,deux_roues,1,2,1,1,3
202200051995,2022-09-20 17:35:00,2022,9,20,17,35,83,83036,Avenue de Saint-raphaël,43.182731,6.539639,Plein jour,En agglomération,Autre intersection,Normale,Sans collision,3,2,2,0,1,1,1,9,3,50,1,1,0,0,1,0,33.0,,deux_roues,,1,2,9,1,7
202200051996,2022-02-16 17:10:00,2022,2,16,17,10,38,38453,d 518 38160,45.100487,5.312093,Plein jour,Hors agglomération,Hors intersection,Autre,Autre collision,3,2,2,0,1,3,2,0,3,80,1,1,0,0,1,0,24.0,,voiture,,1,1,1,9,6
202200051997,2022-06-06 00:10:00,2022,6,6,0,10,72,72051,Lieu Dit la Croix des Champs,47.830054,0.101281,Nuit sans éclairage public,Hors agglomération,Autre intersection,Normale,Autre collision,4,-1,2,0,1,1,1,0,1,80,1,1,0,0,1,0,24.0,,voiture,,3,1,9,1,6
202200051998,2022-05-07 12:15:00,2022,5,7,12,15,59,59524,40 Rue Gambetta,50.562903,2.899294,Plein jour,En agglomération,Hors intersection,Normale,Autre collision,7,2,2,0,1,1,1,9,1,30,1,2,1,0,0,1,37.0,,deux_roues,,1,2,1,1,6
202200051999,2022-07-07 13:08:00,2022,7,7,13,8,44,44061,5 Rue Antoine de Saint Exupery,47.243579,-1.934786,Plein jour,En agglomération,Hors intersection,Normale,Deux véhicules - frontale,3,2,2,0,2,1,1,0,1,30,2,2,1,0,1,0,66.0,14.0,voiture,deux_roues,1,2,1,1,1
202200052000,2022-10-22 15:40:00,2022,10,22,15,40,44,44111,D42,47.407292,-1.732192,Plein jour,Hors agglomération,Hors intersection,Normale,Sans collision,3,2,2,0,1,2,1,0,3,80,1,3,0,0,3,0,39.0,,utilitaire_camion,,1,1,1,1,7
202200052001,2022-09-21 03:10:00,2022,9,21,3,10,83,83036,D559,43.187671,6.547637,Nuit avec éclairage allumé,Hors agglomération,Hors intersection,Normale,Sans collision,3,2,2,0,1,1,1,0,1,70,1,2,0,0,0,2,20.0,,deux_roues,,5,1,1,1,7
202200052002,2022-08-12 08:10:00,2022,8,12,8,10,33,33550,AUTOROUTE A 62,44.77446,-0.55639,Plein jour,Hors agglomération,Hors intersection,Normale,Autre collision,1,3,4,0,1,1,1,0,1,130,1,1,0,0,0,1,36.0,,voiture,,1,1,1,1,6
202200052003,2022-01-06 16:45:00,2022,1,6,16,45,36,36018,Rue Amiral Barjot,46.6286581883,1.0701692104,Crépuscule ou aube,En agglomération,Hors intersection,Normale,Deux véhicules - côté,3,2,1,0,1,1,1,0,1,50,2,3,1,0,0,2,32.0,49.0,voiture,voiture,2,2,1,1,3
202200052004,2022-06-07 16:30:00,2022,6,7,16,30,09,09032,PK 81+800 - RN20,42.704957,1.836348,Plein jour,Hors agglomération,Hors intersection,Normale,Deux véhicules - frontale,2,2,2,0,2,4,1,0,1,80,2,2,1,1,0,0,56.0,64.0,deux_roues,voiture,1,1,1,1,1
202200052005,2022-04-29 17:20:00,2022,4,29,17,20,69,69259,Route Départementale 383,45.72009,4.88072,Plein jour,Hors agglomération,Hors intersection,Normale,Deux véhicules - arrière,7,3,6,0,1,1,1,0,1,70,2,2,1,0,1,0,35.0,35.0,deux_roues,voiture,1,1,1,1,2
202200052006,2022-02-06 11:30:00,2022,2,6,11,30,07,07231,Route de Fons,44.589823,4.370895,Plein jour,Hors agglomération,Hors intersection,Normale,Autre collision,4,4,2,0,2,1,1,0,8,-1,1,1,0,0,1,0,41.0,,deux_roues,,1,1,1,1,6
202200052007,2022-07-09 23:15:00,2022,7,9,23,15,44,44090,Rue de Nantes,46.998655,-1.739139,Nuit sans éclairage public,Hors agglomération,Hors intersection,Normale,Autre collision,3,2,2,0,1,1,1,0,1,80,1,2,1,0,1,0,61.0,,voiture,,3,1,1,1,6
202200052008,2022-10-23 22:00:00,2022,10,23,22,0,31,31112,Route de His,43.054806,0.972698,Nuit sans éclairage public,En agglomération,Hors intersection,Normale,Autre collision,4,2,2,0,1,1,1,0,1,50,1,2,1,1,0,0,55.0,,voiture,,3,2,1,1,6
202200052009,2022-11-26 10:05:00,2022,11,26,10,5,64,64445,avenue Edmond Rostand,43.30148,-0.38254,Plein jour,En agglomération,Intersection en Y,Normale,Deux véhicules - côté,4,2,2,0,1,1,1,0,1,50,2,3,2,0,0,1,19.0,30.0,voiture,voiture,1,2,4,1,3
202200052010,2022-08-12 19:35:00,2022,8,12,19,35,91,91363,RN 104,48.63646,2.20734,Plein jour,Hors agglomération,Hors intersection,Normale,Sans collision,2,1,2,0,1,1,1,0,1,110,1,1,0,0,0,1,56.0,,voiture,,1,1,1,1,7
202200052011,2022-09-18 23:27:00,2022,9,18,23,27,01,01419,D89k,46.235514,6.007856,Nuit avec éclairage allumé,Hors agglomération,Giratoire,Normale,Deux véhicules - côté,3,2,2,0,1,3,1,0,1,50,2,2,1,0,0,1,33.0,37.0,voiture,voiture,5,1,6,1,3
202200052012,2022-06-06 17:45:00,2022,6,6,17,45,60,60327,,49.317398,1.95407,Plein jour,En agglomération,Hors intersection,Normale,Sans collision,9,-1,1,0,1,1,1,0,8,-1,1,1,0,0,1,0,32.0,,deux_roues,,1,2,1,1,7
202200052013,2022-07-08 19:30:00,2022,7,8,19,30,44,44220,Route de Paimboeuf,47.199576,-1.892653,Plein jour,Hors agglomération,Hors intersection,Normale,Deux véhicules - arrière,3,2,2,0,1,1,1,0,1,50,2,2,1,0,1,0,57.0,62.0,voiture,deux_roues,1,1,1,1,2
202200052014,2022-08-12 12:42:00,2022,8,12,12,42,92,92050,A14,48.8976284728,2.2196585348,Plein jour,Hors agglomération,Hors intersection,Normale,Autre collision,1,-1,2,0,1,1,1,0,1,90,1,1,0,0,0,1,36.0,,deux_roues,,1,1,1,1,6
202200052015,2022-05-08 18:50:00,2022,5,8,18,50,94,94034,AUTOROUTE A86,48.7556847194,2.3398936523,Plein jour,Hors agglomération,Hors intersection,Normale,Trois véhicules et plus - collisions multiples,1,1,4,0,1,1,1,3,1,90,3,3,1,0,0,2,57.0,34.0,voiture,deux_roues,1,1,1,1,5
202200052016,2022-09-16 18:00:00,2022,9,16,18,0,58,58102,Rue de la Justice,47.363489,3.111561,Plein jour,En agglomération,Autre intersection,Normale,Autre collision,4,2,1,0,1,1,1,2,3,50,1,1,0,0,1,0,59.0,,deux_roues,,1,2,9,1,6
202200052017,2022-02-15 13:40:00,2022,2,15,13,40,21,21247,Route de Sévigné,47.4987,4.1828,Plein jour,Hors agglomération,Intersection en X,Temps éblouissant,Deux véhicules - côté,3,2,2,0,1,1,1,0,1,80,2,4,1,1,0,2,31.0,56.0,utilitaire_camion,utilitaire_camion,1,1,2,7,3
202200052018,2022-11-27 14:25:00,2022,11,27,14,25,59,59599,ROITELET (RUE DU),50.738779,3.173984,Plein jour,En agglomération,Hors intersection,Pluie légère,Deux véhicules - côté,4,2,2,0,1,1,2,0,1,50,2,2,0,0,0,1,,48.0,utilitaire_camion,voiture,1,2,1,2,3
202200052019,2022-06-08 18:15:00,2022,6,8,18,15,18,18224,5 Route de la Charite,47.155554,2.921478,Plein jour,En agglomération,Hors intersection,Normale,Autre collision,2,2,2,0,2,1,1,0,1,50,1,2,1,0,0,1,72.0,,voiture,,1,2,1,1,6
202200052020,2022-10-19 15:40:00,2022,10,19,15,40,26,26330,D1,45.290365,4.972958,Plein jour,Hors agglomération,Intersection en Y,Normale,Deux véhicules - côté,3,2,2,0,1,1,1,0,1,80,2,2,1,0,1,0,38.0,56.0,voiture,voiture,1,1,4,1,3
202200052021,2022-07-07 11:50:00,2022,7,7,11,50,44,44185,Rue de Cahac,47.626464,-2.06481,Plein jour,Hors agglomération,Hors intersection,Normale,Autre collision,4,2,2,0,2,4,1,0,3,70,1,1,0,0,1,0,22.0,,voiture,,1,1,1,1,6
202200052022,2022-08-11 12:42:00,2022,8,11,12,42,78,78455,A13,48.853768,2.061504,Plein jour,Hors agglomération,Hors intersection,Normale,Deux véhicules - arrière,1,-1,2,0,1,1,1,0,1,110,2,4,0,0,0,4,34.0,30.0,voiture,voiture,1,1,1,1,2
202200052023,2022-05-08 19:15:00,2022,5,8,19,15,91,91689,AUTOROUTE A6B,48.74626,2.326,Plein jour,Hors agglomération,Hors intersection,Normale,Deux véhicules - côté,1,1,3,0,1,1,1,0,1,90,2,2,1,0,0,1,53.0,55.0,voiture,deux_roues,1,1,1,1,3
202200052024,2022-09-20 15:35:00,2022,9,20,15,35,72,72260,D92,47.948787,0.260829,Plein jour,En agglomération,Giratoire,Normale,Deux véhicules - côté,3,1,1,0,1,2,1,0,1,50,2,2,1,0,0,1,83.0,35.0,voiture,deux_roues,1,2,6,1,3
202200052025,2022-06-05 10:46:00,2022,6,5,10,46,36,36045,route de meziéres,46.9822628095,1.1761432886,Plein jour,En agglomération,Intersection en Y,Normale,Autre collision,3,2,2,0,1,1,1,0,1,50,1,2,1,0,0,1,84.0,,voiture,,1,2,4,1,6
202200052026,2022-10-24 07:30:00,2022,10,24,7,30,58,58055,D981,46.8325832871,3.5381451087,Nuit sans éclairage public,Hors agglomération,Hors intersection,Normale,Autre collision,3,2,2,0,2,1,1,0,1,80,1,2,1,0,1,0,38.0,,utilitaire_camion,,3,1,1,1,6
202200052027,2022-07-08 23:40:00,2022,7,8,23,40,29,29150,D116 - Rue des Embruns,47.800538,-3.698506,Nuit sans éclairage public,Hors agglomération,Hors intersection,Normale,Autre collision,3,2,2,0,1,1,1,9,1,70,1,1,0,0,1,0,17.0,,deux_roues,,3,1,1,1,6
202200052028,2022-11-26 22:36:00,2022,11,26,22,36,59,59648,ARTS AVENUE DES,50.58471,3.0433,Nuit avec éclairage allumé,En agglomération,Hors intersection,Normale,Autre collision,4,2,2,0,1,1,1,9,1,30,1,3,1,0,0,2,74.0,,voiture,,5,2,1,1,6
202200052029,2022-08-11 09:45:00,2022,8,11,9,45,78,78640,N118,48.785818,2.222742,Plein jour,Hors agglomération,Hors intersection,Normale,Deux véhicules - côté,2,-1,4,0,1,1,1,0,1,110,2,2,1,0,0,1,28.0,25.0,deux_roues,voiture,1,1,1,1,3
202200052030,2022-05-08 13:05:00,2022,5,8,13,5,91,91689,AUTOROUTE A6,48.7253,2.3131,Plein jour,Hors agglomération,Hors intersection,Normale,Deux véhicules - arrière,1,1,3,0,1,1,1,0,1,110,2,2,1,0,0,1,44.0,34.0,voiture,voiture,1,1,1,1,2
202200052031,2022-07-02 16:20:00,2022,7,2,16,20,29,29031,Lieu Dit Kernenez,47.815067157,-3.5628991125,Plein jour,Hors agglomération,Hors intersection,Normale,Sans collision,3,2,2,0,1,3,1,0,3,80,1,1,0,0,1,0,29.0,,deux_roues,,1,1,1,1,7
202200052032,2022-06-07 19:08:00,2022,6,7,19,8,53,53229,D133,48.131382,-0.776467,Plein jour,Hors agglomération,Hors intersection,Normale,Deux véhicules - frontale,3,2,2,0,2,3,9,0,1,80,2,2,0,0,1,1,50.0,40.0,voiture,voiture,1,1,1,1,1
202200052033,2022-09-21 18:00:00,2022,9,21,18,0,62,62063,D339,50.279053,2.536812,Plein jour,En agglomération,Intersection en T,Normale,Sans collision,3,2,2,0,1,1,1,0,1,50,2,3,1,0,1,1,23.0,66.0,utilitaire_camion,deux_roues,1,2,3,1,7
202200052034,2022-10-23 21:40:00,2022,10,23,21,40,58,58280,D981 PK 025.780,46.850088,3.382738,Nuit sans éclairage public,Hors agglomération,Hors intersection,Normale,Sans collision,3,2,2,0,2,3,1,0,8,80,1,5,1,0,0,4,19.0,,autre,,3,1,1,1,7
202200052035,2022-08-12 08:25:00,2022,8,12,8,25,93,93008,AUTOROUTE A86,48.9089274558,2.4490592258,Plein jour,Hors agglomération,Hors intersection,Normale,Autre collision,1,3,8,0,1,1,1,1,1,90,1,1,0,0,0,1,28.0,,voiture,,1,1,1,1,6
202200052036,2022-11-27 10:11:00,2022,11,27,10,11,51,51454,rue des 16ème et 22ème Dragons,49.25276,4.04964,Plein jour,En agglomération,Intersection en X,Temps couvert,Deux véhicules - côté,4,2,2,0,1,1,1,0,1,50,2,2,1,0,0,1,29.0,82.0,utilitaire_camion,voiture,1,2,2,8,3
202200052037,2022-05-08 13:20:00,2022,5,8,13,20,92,92047,A13,48.8327145937,2.1569510289,Plein jour,Hors agglomération,Hors intersection,Normale,Deux véhicules - arrière,1,1,3,0,1,1,1,0,1,110,2,4,1,0,0,3,27.0,39.0,voiture,voiture,1,1,1,1,2
202200052038,2022-10-23 20:00:00,2022,10,23,20,0,06,06132,Route du Cairos,43.993707,7.538824,Nuit avec éclairage non allumé,Hors agglomération,Hors intersection,Pluie légère,Deux véhicules - frontale,3,2,2,0,1,1,2,0,1,80,1,1,0,0,0,1,71.0,,deux_roues,,4,1,1,2,1
202200052039,2022-09-20 14:30:00,2022,9,20,14,30,35,35024,1 place du vieux marche,48.183276,-1.644741,Plein jour,En agglomération,Hors intersection,Normale,Autre collision,4,1,1,0,1,3,1,0,4,30,1,2,1,0,1,0,55.0,,voiture,,1,2,1,1,6
202200052040,2022-06-07 16:30:00,2022,6,7,16,30,21,21061,RD971,47.686135,4.612423,Plein jour,Hors agglomération,Intersection en Y,Normale,Deux véhicules - côté,3,2,2,0,3,1,1,0,1,90,2,2,1,0,1,0,42.0,24.0,voiture,deux_roues,1,1,4,1,3
202200052041,2022-02-16 18:18:00,2022,2,16,18,18,87,87057,Le Beauvert,46.192251,1.237571,Crépuscule ou aube,Hors agglomération,Intersection en T,Pluie légère,Deux véhicules - côté,2,2,2,0,1,1,2,5,1,80,2,3,0,0,0,3,76.0,38.0,voiture,utilitaire_camion,2,1,3,2,3
202200052042,2022-08-12 03:00:00,2022,8,12,3,0,95,95042,RN 104,49.05719,2.28755,Nuit sans éclairage public,Hors agglomération,Hors intersection,Normale,Autre collision,2,3,4,0,1,3,1,0,1,70,1,4,0,0,0,4,24.0,,voiture,,3,1,1,1,6
202200052043,2022-07-10 10:00:00,2022,7,10,10,0,29,29186,D46,48.630881,-3.809831,Plein jour,Hors agglomération,Intersection en T,Normale,Deux véhicules - frontale,3,2,2,0,2,1,1,5,1,80,2,2,1,0,1,0,56.0,21.0,voiture,deux_roues,1,1,3,1,1
202200052044,2022-09-21 14:20:00,2022,9,21,14,20,79,79062,,46.838215,-0.684178,Plein jour,Hors agglomération,Hors intersection,Normale,Sans collision,3,2,2,0,1,1,1,0,3,80,1,1,0,0,0,1,17.0,,deux_roues,,1,1,1,1,7
202200052045,2022-11-27 03:00:00,2022,11,27,3,0,44,44109,75 Quai de la Fosse,47.20888,-1.566996,Nuit avec éclairage allumé,En agglomération,Intersection en T,Pluie légère,Deux véhicules - frontale,4,3,5,1,1,1,2,0,1,30,2,2,1,0,0,1,37.0,24.0,voiture,deux_roues,5,2,3,2,1
202200052046,2022-10-01 01:10:00,2022,10,1,1,10,60,60509,Rue du 8 Mai 1945,49.295753,2.600527,Nuit avec éclairage allumé,En agglomération,Hors intersection,Pluie légère,Sans collision,4,2,2,0,2,4,2,0,1,50,1,1,0,0,1,0,30.0,,deux_roues,,5,2,1,2,7
202200052047,2022-02-14 16:15:00,2022,2,14,16,15,13,13044,D69,43.617973,5.033561,Plein jour,Hors agglomération,Hors intersection,Normale,Sans collision,3,2,2,0,1,1,1,0,3,80,1,1,0,0,1,0,57.0,,voiture,,1,1,1,1,7
202200052048,2022-08-11 12:20:00,2022,8,11,12,20,988,98818,VE1/Rue BERTHELOT,-22.26043,166.44443,Plein jour,En agglomération,Giratoire,Normale,Autre collision,1,3,4,0,1,1,1,0,1,50,1,2,1,0,1,0,73.0,,voiture,,1,2,6,1,6
202200052049,2022-06-07 17:45:00,2022,6,7,17,45,40,40016,Route du Roy departementale 944,43.66403,-0.493462,Plein jour,Hors agglomération,Intersection en X,Normale,Deux véhicules - côté,3,2,2,0,1,1,1,5,1,80,2,2,1,0,1,0,32.0,43.0,deux_roues,voiture,1,1,2,1,3
202200052050,2022-07-08 06:30:00,2022,7,8,6,30,29,29186,Zone Artisanale du Rohou,48.635259,-3.802224,Crépuscule ou aube,Hors agglomération,Giratoire,Normale,Deux véhicules - arrière,3,1,1,0,1,2,1,5,1,80,2,2,1,0,1,0,15.0,15.0,deux_roues,deux_roues,2,1,6,1,2
202200052051,2022-05-08 07:40:00,2022,5,8,7,40,93,93064,AUTOROUTE A86,48.86147,2.48383,Crépuscule ou aube,Hors agglomération,Hors intersection,Normale,Deux véhicules - arrière,1,3,3,0,1,3,1,0,1,90,2,2,1,0,0,1,40.0,,voiture,voiture,2,1,1,1,2
202200052052,2022-02-08 12:30:00,2022,2,8,12,30,44,44163,A11,47.420225,-1.074401,Plein jour,Hors agglomération,Hors intersection,Normale,Sans collision,1,3,2,0,1,1,1,0,3,130,1,1,0,1,0,0,66.0,,voiture,,1,1,1,1,7
202200052053,2022-09-21 10:50:00,2022,9,21,10,50,2B,2B050,T30,42.559077,8.75704,Plein jour,En agglomération,Intersection en T,Normale,Autre collision,2,2,2,0,1,1,1,0,1,50,1,2,1,0,1,0,25.0,,utilitaire_camion,,1,2,3,1,6
202200052054,2022-11-27 20:04:00,2022,11,27,20,4,42,42110,Avenue Louis Pasteur,45.48302,4.53302,Nuit avec éclairage allumé,En agglomération,Hors intersection,Normale,Autre collision,7,2,2,0,1,1,1,0,1,30,1,2,1,0,0,1,20.0,,voiture,,5,2,1,1,6
202200052055,2022-07-07 17:10:00,2022,7,7,17,10,29,29020,Chemin de Ty Daoudal,48.1400429,-4.015512227,Plein jour,Hors agglomération,Hors intersection,Normale,Sans collision,3,2,2,0,2,1,1,0,1,70,1,1,0,0,0,1,35.0,,deux_roues,,1,1,1,1,7
202200052056,2022-10-14 19:52:00,2022,10,14,19,52,60,60327,Rue du Stade,49.314903,1.972235,Nuit sans éclairage public,En agglomération,Hors intersection,Normale,Autre collision,3,2,2,0,1,1,1,0,1,50,1,3,2,0,1,0,55.0,,voiture,,3,2,1,1,6
202200052057,2022-08-11 16:35:00,2022,8,11,16,35,974,97407,FERRY (RUE),-20.93565,55.29664,Plein jour,En agglomération,Intersection en X,Normale,Deux véhicules - côté,4,2,2,0,1,1,1,0,1,50,2,2,1,0,0,1,45.0,66.0,voiture,deux_roues,1,2,2,1,3
202200052058,2022-05-08 05:00:00,2022,5,8,5,0,95,95491, A115,49.0098929531,2.231528163,Nuit sans éclairage public,Hors agglomération,Hors intersection,Normale,Deux véhicules - côté,1,3,4,0,1,1,1,0,1,90,2,2,1,0,0,1,46.0,18.0,voiture,voiture,3,1,1,1,3
202200052059,2022-02-15 16:30:00,2022,2,15,16,30,69,69086,Autoroute 89,45.8473861486,4.6729338169,Plein jour,Hors agglomération,Hors intersection,Temps couvert,Sans collision,1,2,4,0,2,2,1,0,2,110,1,1,0,0,0,1,23.0,,voiture,,1,1,1,8,7
202200052060,2022-06-08 17:15:00,2022,6,8,17,15,04,04192,RD 4100 / RD 5,43.902689,5.743902,Plein jour,Hors agglomération,Intersection en T,Normale,Deux véhicules - côté,3,2,2,0,1,1,1,5,1,80,2,4,3,0,1,0,82.0,70.0,voiture,voiture,1,1,3,1,3
202200052061,2022-10-22 14:50:00,2022,10,22,14,50,18,18118,Route du Poids de Fer,47.053946,3.006305,Plein jour,Hors agglomération,Hors intersection,Normale,Sans collision,3,2,2,0,1,1,1,0,1,80,1,1,0,0,0,1,16.0,,deux_roues,,1,1,1,1,7
202200052062,2022-09-21 07:50:00,2022,9,21,7,50,33,33506,Route de La réole,44.683789,-0.076362,Plein jour,En agglomération,Hors intersection,Normale,Autre collision,3,2,2,0,2,2,1,0,4,50,1,7,3,0,2,2,44.0,,voiture,,1,2,1,1,6
202200052063,2022-11-27 15:00:00,2022,11,27,15,0,38,38185,RUE PIERRE RUIBET,45.18032,5.7122,Plein jour,En agglomération,Intersection en T,Temps couvert,Deux véhicules - côté,7,2,6,1,1,1,1,0,8,50,2,2,1,0,0,1,24.0,40.0,deux_roues,voiture,1,2,3,8,3
202200052064,2022-07-06 16:13:00,2022,7,6,16,13,29,29037,D44 - Le Lannou,47.884204,-4.168641,Plein jour,En agglomération,Intersection en T,Normale,Deux véhicules - côté,3,1,1,0,1,1,1,5,1,50,2,2,1,0,1,0,78.0,76.0,deux_roues,voiture,1,2,3,1,3
202200052065,2022-05-08 06:00:00,2022,5,8,6,0,95,95252, A15,48.9875067989,2.206953764,Crépuscule ou aube,Hors agglomération,Hors intersection,Normale,Autre collision,1,3,6,0,1,1,1,0,1,110,1,3,0,0,0,3,26.0,,voiture,,2,1,1,1,6
202200052066,2022-02-16 06:38:00,2022,2,16,6,38,74,74169,D1205,46.065728,6.51412,Nuit avec éclairage allumé,Hors agglomération,Giratoire,Pluie légère,Deux véhicules - côté,3,-1,2,0,1,1,2,5,1,80,2,2,1,1,0,0,53.0,46.0,deux_roues,voiture,5,1,6,2,3
202200052067,2022-10-23 15:45:00,2022,10,23,15,45,07,07280,dans le tunnel de la voie verte,44.341929,4.159141,Nuit avec éclairage non allumé,En agglomération,Hors intersection,Normale,Deux véhicules - frontale,5,-1,2,0,1,3,2,1,6,10,1,1,0,1,0,0,67.0,,deux_roues,,4,2,1,1,1
202200052068,2022-05-03 11:55:00,2022,5,3,11,55,30,30032,,43.772497306,4.5366407633,Plein jour,Hors agglomération,Intersection en T,Normale,Deux véhicules - frontale,3,2,2,0,1,1,1,0,1,80,2,2,0,1,0,1,89.0,32.0,voiture,voiture,1,1,3,1,1
202200052069,2022-05-27 08:25:00,2022,5,27,8,25,04,04113,RD 900,44.142829,6.293986,Crépuscule ou aube,Hors agglomération,Intersection en T,Normale,Deux véhicules - arrière,3,2,2,0,1,1,1,0,1,80,2,2,1,0,0,1,80.0,24.0,voiture,voiture,2,1,3,1,2
202200052070,2022-09-20 17:30:00,2022,9,20,17,30,81,81002,Route de Courbas,43.491907,2.328935,Plein jour,Hors agglomération,Hors intersection,Normale,Deux véhicules - côté,3,2,2,0,1,3,1,2,1,80,2,2,1,0,1,0,44.0,65.0,voiture,deux_roues,1,1,1,1,3
202200052071,2022-07-08 08:40:00,2022,7,8,8,40,31,31589,8 Route Departementale 813,43.434391,1.664225,Plein jour,En agglomération,Hors intersection,Temps éblouissant,Autre collision,3,2,2,0,1,1,1,0,1,50,1,1,0,0,1,0,53.0,,deux_roues,,1,2,1,7,6
202200052072,2022-05-07 06:40:00,2022,5,7,6,40,95,95572, A15,49.0253422336,2.1317017078,Crépuscule ou aube,Hors agglomération,Hors intersection,Normale,Autre collision,1,3,6,0,1,1,1,0,1,110,1,1,0,0,0,1,21.0,,voiture,,2,1,1,1,6
202200052073,2022-10-24 07:30:00,2022,10,24,7,30,40,40143,Route de Saint-sever,43.784046,-0.659266,Nuit sans éclairage public,Hors agglomération,Autre intersection,Normale,Sans collision,3,2,1,0,1,1,1,5,1,80,1,1,0,0,1,0,49.0,,deux_roues,,3,1,9,1,7
202200052074,2022-11-27 18:00:00,2022,11,27,18,0,34,34003,Chemin des Golfeurs,43.29464,3.50076,Nuit sans éclairage public,En agglomération,Hors intersection,Normale,Deux véhicules - frontale,4,-1,1,0,2,3,1,0,1,30,2,2,0,0,0,2,47.0,34.0,voiture,voiture,3,2,1,1,1
202200052075,2022-02-16 09:45:00,2022,2,16,9,45,21,21590,A6 PK 297+550 vers Paris,47.058242,4.821196,Plein jour,Hors agglomération,Hors intersection,Pluie forte,Sans collision,1,3,4,0,2,1,3,0,1,130,1,2,1,0,0,1,80.0,,voiture,,1,1,1,3,7
202200052076,2022-06-07 13:25:00,2022,6,7,13,25,04,04036,RD 900,44.151297,6.296196,Plein jour,Hors agglomération,Hors intersection,Normale,Sans collision,3,2,2,0,1,1,1,0,1,70,1,1,0,0,0,1,52.0,,voiture,,1,1,1,1,7
202200052077,2022-07-13 15:50:00,2022,7,13,15,50,32,32033,Route départementale 34 PK9.190,43.676066,0.335941,Plein jour,Hors agglomération,Hors intersection,Normale,Autre collision,3,2,2,0,1,1,1,0,3,-1,1,1,0,0,1,0,53.0,,voiture,,1,1,1,1,6
202200052078,2022-04-08 14:45:00,2022,4,8,14,45,27,27287,D830,48.977879,1.0035,Plein jour,Hors agglomération,Hors intersection,Pluie forte,Deux véhicules - frontale,3,2,2,0,4,4,2,0,1,50,2,3,0,0,1,2,18.0,39.0,voiture,voiture,1,1,1,3,1
202200052079,2022-07-06 09:00:00,2022,7,6,9,0,31,31137,d25,43.455473,1.738994,Plein jour,Hors agglomération,Hors intersection,Normale,Deux véhicules - frontale,3,2,2,0,1,3,1,0,1,80,2,2,0,0,1,1,65.0,23.0,voiture,voiture,1,1,1,1,1
202200052080,2022-11-27 18:40:00,2022,11,27,18,40,33,33069,Rue Gallien,44.86427,-0.59976,Crépuscule ou aube,En agglomération,Intersection en X,Normale,Autre collision,4,1,1,0,1,1,1,0,1,30,1,1,0,0,0,1,90.0,,voiture,,2,2,2,1,6