accident_id,datetime,annee,mois,jour,heure,minute,departement,commune_insee,adresse,latitude,longitude,luminosite,agglomeration,intersection,meteo,collision,catr,circ,nbv,vosp,prof,plan,surf,infra,situ,vma,nb_vehicules,nb_usagers,nb_indemnes,nb_tues,nb_blesses_hosp,nb_blesses_legers,age_cond_1,age_cond_2,veh_type_cond_1,veh_type_cond_2,lum_code,agg_code,int_code,atm_code,col_code
202200052265,2022-11-27 10:30:00,2022,11,27,10,30,75,75109,RUE HALEVY,48.871188,2.332357,Plein jour,En agglomération,Place,Pluie légère,Autre collision,4,1,2,0,1,1,2,0,1,30,1,2,1,0,0,1,51.0,,voiture,,1,2,7,2,6
202200052266,2022-05-07 23:15:00,2022,5,7,23,15,13,13211,VIENNE (AVENUE DE),43.28582,5.44253,Nuit avec éclairage allumé,En agglomération,Intersection en X,Normale,Autre collision,3,1,2,0,2,1,2,0,1,30,1,2,1,0,0,1,,,voiture,,5,2,2,1,6
202200052267,2022-08-29 06:30:00,2022,8,29,6,30,971,97126,Rue Gratien Candace,15.956857,-61.315765,Plein jour,En agglomération,Intersection en T,Normale,Deux véhicules - côté,4,2,2,0,1,1,1,0,1,50,2,2,1,0,1,0,56.0,43.0,deux_roues,voiture,1,2,3,1,3
202200052268,2022-02-15 07:00:00,2022,2,15,7,0,91,91687,AUTOROUTE A6,48.66571,2.3627,Nuit sans éclairage public,Hors agglomération,Hors intersection,Normale,Trois véhicules et plus - en chaîne,1,1,3,0,1,1,1,0,1,110,3,3,2,0,0,1,42.0,23.0,voiture,deux_roues,3,1,1,1,4
202200052269,2022-05-07 20:00:00,2022,5,7,20,0,13,13211,SAINT MARCEL (BOULEVARD DE ),43.28766,5.46482,Crépuscule ou aube,En agglomération,Hors intersection,Temps couvert,Deux véhicules - arrière,3,2,2,0,1,1,1,0,1,50,1,2,1,0,0,1,,,voiture,,2,2,1,8,2
202200052270,2022-11-27 06:05:00,2022,11,27,6,5,75,75107,AVENUE DE LA MOTTE PICQUET,48.855956,2.308033,Nuit avec éclairage allumé,En agglomération,Intersection en T,Pluie légère,Autre collision,4,4,3,0,1,1,2,0,1,30,1,1,0,0,0,1,65.0,,voiture,,5,2,3,2,6
202200052271,2022-05-07 11:35:00,2022,5,7,11,35,13,13208,pointe rouge (ave),43.2475187541,5.3742476071,Plein jour,En agglomération,Hors intersection,Normale,Deux véhicules - côté,4,2,2,0,1,1,1,0,1,50,1,3,2,0,0,1,76.0,,voiture,,1,2,1,1,3
202200052272,2022-06-06 18:15:00,2022,6,6,18,15,2B,2B168,Lieu-dit Galitello,42.620093,8.94433,Plein jour,En agglomération,Hors intersection,Temps éblouissant,Deux véhicules - frontale,4,2,1,0,3,2,1,0,1,30,2,2,1,0,0,1,28.0,49.0,deux_roues,voiture,1,2,1,7,1
202200052273,2022-07-09 21:00:00,2022,7,9,21,0,01,01093,Avenue Clement Desormes,46.1166793826,4.9592381716,Crépuscule ou aube,En agglomération,Hors intersection,Normale,Deux véhicules - côté,3,2,2,0,1,1,1,0,1,50,2,3,2,0,0,1,45.0,33.0,voiture,voiture,2,2,1,1,3
202200052274,2022-10-22 12:15:00,2022,10,22,12,15,69,69204,43 Avenue Georges Clémenceau,45.698932,4.795067,Plein jour,En agglomération,Hors intersection,Normale,Deux véhicules - frontale,7,2,2,0,1,1,1,0,1,50,2,2,1,0,1,0,36.0,32.0,utilitaire_camion,deux_roues,1,2,1,1,1
202200052275,2022-03-27 17:00:00,2022,3,27,17,0,13,13211,SAINT LOUP (BOULEVARD DE),43.284913,5.438708,Plein jour,En agglomération,Hors intersection,Normale,Deux véhicules - côté,4,-1,2,0,1,1,1,5,1,50,1,2,1,0,0,1,49.0,,deux_roues,,1,2,1,1,3
202200052276,2022-08-10 22:45:00,2022,8,10,22,45,62,62178,FESTEUX ( DES ),50.49195,2.547731,Nuit avec éclairage allumé,En agglomération,Intersection en X,Normale,Deux véhicules - frontale,4,2,2,0,1,1,1,0,1,50,2,3,2,0,1,0,18.0,13.0,utilitaire_camion,deux_roues,5,2,2,1,1
202200052277,2022-02-14 17:26:00,2022,2,14,17,26,92,92050,A86,48.9134858007,2.218467382,Plein jour,Hors agglomération,Hors intersection,Normale,Autre collision,1,-1,3,0,1,1,1,0,1,90,2,3,2,0,0,1,32.0,24.0,voiture,deux_roues,1,1,1,1,6
202200052278,2022-11-27 06:03:00,2022,11,27,6,3,94,94078,HUIT MAI 1945 (AV DU),48.7247353703,2.4451019275,Nuit avec éclairage allumé,En agglomération,Intersection en X,Pluie légère,Deux véhicules - arrière,2,1,4,0,1,2,2,0,1,50,2,2,1,0,0,1,51.0,49.0,voiture,voiture,5,2,2,2,2
202200052279,2022-07-10 20:40:00,2022,7,10,20,40,54,54190,RD12,48.412799,6.010513,Plein jour,Hors agglomération,Hors intersection,Normale,Sans collision,3,2,2,0,2,3,1,0,1,80,1,1,0,0,1,0,16.0,,deux_roues,,1,1,1,1,7
202200052280,2022-09-19 18:00:00,2022,9,19,18,0,33,33199,Allée de Verdalle,44.6414461747,-1.11313954,Plein jour,En agglomération,Hors intersection,Normale,Deux véhicules - côté,4,2,2,0,1,1,1,9,1,30,2,3,2,0,0,1,61.0,18.0,deux_roues,voiture,1,2,1,1,3
202200052281,2022-03-27 06:13:00,2022,3,27,6,13,13,13208,MICHELET (BOULEVARD),43.27101,5.39216,Nuit sans éclairage public,En agglomération,Hors intersection,Normale,Deux véhicules - frontale,3,1,3,0,1,1,1,0,1,50,1,1,0,0,0,1,20.0,,voiture,,3,2,1,1,1
202200052282,2022-06-08 12:15:00,2022,6,8,12,15,2B,2B042,ROUTE DE LA GARE,42.564255,9.450431,Plein jour,Hors agglomération,Hors intersection,Normale,Deux véhicules - frontale,3,2,2,0,2,1,1,0,1,70,2,3,2,0,1,0,26.0,33.0,deux_roues,voiture,1,1,1,1,1
202200052283,2022-05-07 01:30:00,2022,5,7,1,30,13,13210,RABATAU (BOULEVARD),43.27935,5.39931,Nuit avec éclairage allumé,En agglomération,Intersection en T,Normale,Deux véhicules - côté,3,2,2,0,1,1,1,2,8,50,2,3,1,0,0,2,23.0,19.0,voiture,voiture,5,2,3,1,3
202200052284,2022-07-06 11:00:00,2022,7,6,11,0,54,54288,D908,48.7390759158,5.8154368396,Crépuscule ou aube,Hors agglomération,Hors intersection,Normale,Sans collision,3,2,2,0,1,1,1,0,3,80,1,1,0,1,0,0,70.0,,deux_roues,,2,1,1,1,7
202200052285,2022-10-23 14:32:00,2022,10,23,14,32,65,65059,Allées Jean Jaurès,43.064647,0.153009,Plein jour,En agglomération,Intersection en X,Normale,Deux véhicules - frontale,3,2,2,0,1,1,1,0,1,50,2,2,1,0,1,0,77.0,60.0,voiture,deux_roues,1,2,2,1,1
202200052286,2022-08-11 09:40:00,2022,8,11,9,40,59,59648,HUGO VICTOR RUE,50.58755,3.03413,Plein jour,En agglomération,Hors intersection,Normale,Deux véhicules - frontale,7,2,2,2,1,2,1,0,1,70,2,2,0,0,2,0,37.0,27.0,voiture,voiture,1,2,1,1,1
202200052287,2022-02-15 21:32:00,2022,2,15,21,32,93,93064,AUTOROUTE A3,48.88498,2.47118,Nuit sans éclairage public,Hors agglomération,Hors intersection,Pluie légère,Deux véhicules - côté,1,3,4,0,1,3,2,0,2,90,2,2,1,0,0,1,23.0,34.0,voiture,utilitaire_camion,3,1,1,2,3
202200052288,2022-09-17 17:20:00,2022,9,17,17,20,77,77153,nationale 2,49.05497,2.69989,Plein jour,Hors agglomération,Hors intersection,Normale,Deux véhicules - arrière,2,3,4,0,1,1,1,1,1,110,2,3,0,0,3,0,27.0,35.0,voiture,deux_roues,1,1,1,1,2
202200052289,2022-05-06 17:00:00,2022,5,6,17,0,13,13005,VERDUN (AVENUE DE),43.28851,5.57386,Plein jour,En agglomération,Hors intersection,Temps couvert,Deux véhicules - côté,4,2,2,0,1,1,1,0,1,30,1,2,1,0,1,0,93.0,,voiture,,1,2,1,8,3
202200052290,2022-06-08 16:20:00,2022,6,8,16,20,66,66008,D914,42.539867,3.020745,Plein jour,Hors agglomération,Hors intersection,Normale,Autre collision,3,1,4,0,1,1,1,0,3,110,1,3,0,1,2,0,76.0,,voiture,,1,1,1,1,6
202200052291,2022-11-27 19:30:00,2022,11,27,19,30,94,94022,Boulevard des Alliés / Avenue Gambetta,48.76436,2.40566,Nuit avec éclairage allumé,En agglomération,Place,Normale,Deux véhicules - côté,3,3,4,1,1,1,2,0,1,50,2,3,2,0,0,1,46.0,24.0,voiture,voiture,5,2,7,1,3
202200052292,2022-03-27 07:00:00,2022,3,27,7,0,13,13209,CATHERINE BLUM (BOULEVARD),43.26696,5.41997,Crépuscule ou aube,En agglomération,Hors intersection,Normale,Deux véhicules - arrière,4,3,2,0,1,1,1,0,1,50,2,3,1,0,1,1,58.0,23.0,voiture,voiture,2,2,1,1,2
202200052293,2022-02-14 20:15:00,2022,2,14,20,15,93,93066,AUTOROUTE A1,48.92895,2.35935,Nuit avec éclairage allumé,Hors agglomération,Hors intersection,Normale,Autre collision,1,3,4,0,2,3,1,0,1,90,1,3,0,0,3,0,22.0,,voiture,,5,1,1,1,6
202200052294,2022-07-29 19:45:00,2022,7,29,19,45,59,59410,DE GAULLE RUE DU GENERAL,50.6463560543,3.106572032,Plein jour,En agglomération,Hors intersection,Normale,Autre collision,4,2,2,0,1,1,1,5,1,50,1,2,1,0,0,1,28.0,,voiture,,1,2,1,1,6
202200052295,2022-10-24 07:35:00,2022,10,24,7,35,33,33165,,44.825792007,-0.452825278,Crépuscule ou aube,Hors agglomération,Intersection en T,Normale,Deux véhicules - côté,3,2,2,0,1,1,1,0,1,70,2,2,1,0,1,0,31.0,17.0,voiture,deux_roues,2,1,3,1,3
202200052296,2022-03-27 14:40:00,2022,3,27,14,40,13,13047,D.5,43.55775,4.96521,Plein jour,En agglomération,Hors intersection,Normale,Deux véhicules - arrière,3,2,2,0,2,3,1,2,1,80,1,1,0,0,0,1,30.0,,voiture,,1,2,1,1,2
202200052297,2022-09-21 08:25:00,2022,9,21,8,25,77,77001,D63,48.35095,2.576195,Plein jour,Hors agglomération,Intersection en X,Normale,Deux véhicules - côté,3,2,2,0,1,1,1,0,1,70,2,3,1,0,0,2,58.0,42.0,voiture,deux_roues,1,1,2,1,3
202200052298,2022-07-10 06:10:00,2022,7,10,6,10,72,72230,Lieu Dit la Finarderie,47.858922,0.10511,Plein jour,Hors agglomération,Intersection en X,Normale,Deux véhicules - frontale,3,3,4,0,1,1,1,5,1,90,2,2,0,0,2,0,57.0,21.0,utilitaire_camion,voiture,1,1,2,1,1
202200052299,2022-06-09 14:50:00,2022,6,9,14,50,30,30203,RD 906 - lieu dit mas du cerf,44.262259,4.034472,Plein jour,Hors agglomération,Hors intersection,Normale,Deux véhicules - frontale,3,2,2,0,1,2,1,0,1,80,2,3,0,1,2,0,84.0,32.0,voiture,voiture,1,1,1,1,1
202200052300,2022-08-09 15:50:00,2022,8,9,15,50,59,59507,CARNOT SADI RUE,50.6080088655,3.1069743633,Plein jour,En agglomération,Hors intersection,Normale,Deux véhicules - frontale,4,2,2,0,1,3,1,0,1,30,2,2,0,0,1,1,86.0,48.0,voiture,voiture,1,2,1,1,1
202200052301,2022-11-26 19:20:00,2022,11,26,19,20,95,95527,Route de l'Arpenteur,49.0061137518,2.5058966875,Nuit sans éclairage public,Hors agglomération,Giratoire,Normale,Deux véhicules - frontale,4,2,2,0,1,1,1,0,1,50,2,2,1,0,1,0,50.0,53.0,voiture,voiture,3,1,6,1,1
202200052302,2022-10-24 12:50:00,2022,10,24,12,50,50,50025,18 RUE DES HAUTS VENTS,48.667743,-1.330987,Plein jour,En agglomération,Hors intersection,Normale,Deux véhicules - frontale,3,2,2,0,2,2,1,0,1,70,2,2,1,0,1,0,18.0,48.0,deux_roues,voiture,1,2,1,1,1
202200052303,2022-02-14 19:00:00,2022,2,14,19,0,93,93010,AUTOROUTE A3,48.9091,2.47425,Crépuscule ou aube,Hors agglomération,Hors intersection,Normale,Trois véhicules et plus - en chaîne,1,3,6,0,1,1,1,0,1,110,4,4,3,0,0,1,35.0,30.0,voiture,voiture,2,1,1,1,4
202200052304,2022-05-08 23:40:00,2022,5,8,23,40,06,06027,PROMENADE DE L HIPPODROME,43.647963,7.148931,Nuit avec éclairage allumé,En agglomération,Autre intersection,Normale,Deux véhicules - arrière,7,2,4,0,1,1,1,0,1,50,2,5,4,0,0,1,20.0,21.0,deux_roues,voiture,5,2,9,1,2
202200052305,2022-07-05 14:55:00,2022,7,5,14,55,06,06042,Viaduc de Bancairon - RM2205,44.005842,7.13665,Plein jour,Hors agglomération,Hors intersection,Normale,Sans collision,7,3,2,0,1,1,1,0,1,80,1,1,0,0,1,0,59.0,,voiture,,1,1,1,1,7
202200052306,2022-03-25 13:00:00,2022,3,25,13,0,13,13028,TAMARIS (AVENUE DES),43.20379,5.59911,Plein jour,En agglomération,Hors intersection,Normale,Deux véhicules - côté,4,2,2,0,1,3,1,0,1,40,2,4,2,0,0,2,35.0,41.0,voiture,voiture,1,2,1,1,3
202200052307,2022-09-19 17:50:00,2022,9,19,17,50,78,78321,Route d'Elancourt,48.788771,1.91013,Plein jour,Hors agglomération,Intersection en Y,Normale,Deux véhicules - arrière,3,2,2,0,4,1,1,0,1,80,2,2,1,0,1,0,25.0,15.0,voiture,deux_roues,1,1,4,1,2
202200052308,2022-08-11 11:43:00,2022,8,11,11,43,54,54395,SAINT NICOLAS (RUE RESTE N°),48.68806,6.18727,Plein jour,En agglomération,Hors intersection,Normale,Autre collision,4,1,1,2,1,1,1,0,1,30,1,2,1,0,0,1,22.0,,voiture,,1,2,1,1,6
202200052309,2022-06-08 15:57:00,2022,6,8,15,57,34,34157,Rue Édouard et Juliette Massal,43.42575,3.600179,Plein jour,En agglomération,Hors intersection,Normale,Deux véhicules - frontale,4,2,2,0,1,1,1,0,1,50,2,2,1,0,0,1,51.0,15.0,voiture,deux_roues,1,2,1,1,1
202200052310,2022-10-24 07:00:00,2022,10,24,7,0,14,14554,N158,49.08674,-0.3049,Nuit sans éclairage public,Hors agglomération,Hors intersection,Temps couvert,Autre collision,2,3,2,0,2,1,2,0,3,110,1,1,0,0,1,0,43.0,,voiture,,3,1,1,8,6
202200052311,2022-05-07 19:45:00,2022,5,7,19,45,05,05061,JEAN JAURES ( AVENUE ),44.54951,6.06805,Crépuscule ou aube,En agglomération,Hors intersection,Temps couvert,Deux véhicules - arrière,2,2,2,0,1,1,1,0,1,50,2,2,1,0,0,1,62.0,36.0,deux_roues,voiture,2,2,1,8,2
202200052312,2022-07-08 05:45:00,2022,7,8,5,45,14,14456,2 Rue Rembrandt Bugatti,49.11734,-0.18296,Crépuscule ou aube,En agglomération,Hors intersection,Brouillard / fumée,Deux véhicules - frontale,4,2,2,0,1,1,1,0,1,50,2,2,0,0,0,2,35.0,27.0,voiture,voiture,2,2,1,5,1
202200052313,2022-03-26 09:55:00,2022,3,26,9,55,12,12145,BROCUEJOULS (BOULEVARD DE ),44.09961,3.06295,Plein jour,En agglomération,Intersection en Y,Normale,Deux véhicules - côté,4,2,2,0,2,2,1,0,1,50,2,2,1,0,0,1,69.0,89.0,deux_roues,voiture,1,2,4,1,3
202200052314,2022-11-27 00:25:00,2022,11,27,0,25,93,93063,Av du Docteur David Rosenfeld / Rue Gabriel Husson,48.8824,2.43626,Nuit avec éclairage allumé,En agglomération,Intersection en X,Normale,Deux véhicules - côté,4,2,2,0,1,1,1,0,1,50,2,6,1,0,0,5,40.0,47.0,voiture,voiture,5,2,2,1,3
202200052315,2022-05-02 15:59:00,2022,5,2,15,59,05,05061,HELIANTHES (RUE DES),44.57911,6.09788,Plein jour,En agglomération,Hors intersection,Normale,Autre collision,4,2,2,0,2,3,1,0,3,50,1,1,0,0,0,1,66.0,,voiture,,1,2,1,1,6
202200052316,2022-06-08 14:15:00,2022,6,8,14,15,84,84138,186 Chemin des Saffres,44.385618,5.03095,Plein jour,Hors agglomération,Hors intersection,Normale,Deux véhicules - frontale,4,2,1,0,1,1,1,0,1,80,1,2,0,0,0,2,18.0,,deux_roues,,1,1,1,1,1
202200052317,2022-07-04 03:30:00,2022,7,4,3,30,14,14119,D225A,49.142518,-0.242043,Nuit avec éclairage allumé,Hors agglomération,Hors intersection,Normale,Sans collision,3,2,2,0,1,1,1,0,3,50,1,1,0,0,1,0,24.0,,voiture,,5,1,1,1,7
202200052318,2022-08-10 07:35:00,2022,8,10,7,35,51,51344,Allee de Cumieres,49.0691,3.93204,Plein jour,Hors agglomération,Intersection en T,Temps éblouissant,Deux véhicules - côté,3,2,1,0,1,2,1,0,1,90,2,2,1,0,0,1,22.0,47.0,voiture,utilitaire_camion,1,1,3,7,3
202200052319,2022-03-26 15:35:00,2022,3,26,15,35,03,03185,Avenue Albert Thomas,46.3573013458,2.5855410793,Plein jour,En agglomération,Hors intersection,Normale,Autre collision,3,2,2,0,1,1,1,0,4,50,1,1,0,0,1,0,72.0,,voiture,,1,2,1,1,6
202200052320,2022-09-20 15:10:00,2022,9,20,15,10,66,66182,,42.731626,3.025317,Plein jour,En agglomération,Hors intersection,Temps éblouissant,Autre collision,3,2,2,0,1,1,1,0,1,50,1,2,1,0,0,1,86.0,,voiture,,1,2,1,7,6
202200052321,2022-07-09 15:45:00,2022,7,9,15,45,14,14231,D146,49.2086,0.005788,Plein jour,Hors agglomération,Hors intersection,Normale,Autre collision,3,2,2,0,1,3,1,0,3,70,1,1,0,0,1,0,48.0,,voiture,,1,1,1,1,6
202200052322,2022-02-14 16:30:00,2022,2,14,16,30,95,95394,RN 184,49.0528936261,2.1645373106,Plein jour,Hors agglomération,Hors intersection,Normale,Deux véhicules - arrière,2,3,4,0,1,1,1,0,1,90,2,3,2,0,0,1,32.0,55.0,voiture,voiture,1,1,1,1,2
202200052323,2022-01-05 21:00:00,2022,1,5,21,0,80,80570,D935,49.784177,2.477015,Nuit sans éclairage public,En agglomération,Hors intersection,Normale,Autre collision,3,2,2,0,3,4,1,0,3,50,1,1,0,0,1,0,21.0,,voiture,,3,2,1,1,6
202200052324,2022-11-27 12:30:00,2022,11,27,12,30,93,93029,Rue du 4 Septembre / Avenue Jean Jaurès,48.918194,2.454732,Plein jour,En agglomération,Intersection en X,Pluie légère,Deux véhicules - côté,3,2,2,0,1,1,2,0,1,50,2,2,1,0,0,1,17.0,35.0,deux_roues,voiture,1,2,2,2,3
202200052325,2022-06-08 01:20:00,2022,6,8,1,20,84,84074,"Chemin des Tuillières, RD 973",43.754752,5.172726,Nuit avec éclairage allumé,Hors agglomération,Hors intersection,Normale,Autre collision,3,2,2,0,1,1,1,0,1,80,1,1,0,0,1,0,29.0,,voiture,,5,1,1,1,6
202200052326,2022-08-10 17:40:00,2022,8,10,17,40,51,51108,NOTRE DAME (QUAI),48.9585231335,4.3619987369,Plein jour,En agglomération,Intersection en X,Normale,Deux véhicules - côté,4,1,1,0,1,1,1,5,1,50,2,2,1,0,0,1,43.0,25.0,deux_roues,voiture,1,2,2,1,3
202200052327,2022-03-27 09:20:00,2022,3,27,9,20,02,02168,77 Avenue de Paris,49.04505,3.37801,Plein jour,En agglomération,Hors intersection,Normale,Autre collision,3,2,2,0,2,1,1,0,4,50,1,3,0,0,1,2,19.0,,voiture,,1,2,1,1,6
202200052328,2022-09-21 16:55:00,2022,9,21,16,55,83,83119,Route des Plages,43.259736,6.631545,Plein jour,En agglomération,Hors intersection,Normale,Deux véhicules - arrière,3,2,2,2,2,1,1,0,1,50,2,3,1,0,1,1,60.0,61.0,voiture,deux_roues,1,2,1,1,2
202200052329,2022-05-05 09:00:00,2022,5,5,9,0,75,75118,BD PERIPHERIQUE EXTERIEUR,48.900844,2.367072,Plein jour,En agglomération,Hors intersection,Normale,Trois véhicules et plus - en chaîne,4,1,4,0,1,1,1,0,1,70,4,4,1,0,0,3,24.0,40.0,utilitaire_camion,voiture,1,2,1,1,4
202200052330,2022-07-10 19:00:00,2022,7,10,19,0,14,14191,D35,49.303583,-0.43624,Plein jour,Hors agglomération,Hors intersection,Normale,Deux véhicules - frontale,3,2,2,0,1,3,8,5,1,80,2,3,2,0,1,0,54.0,41.0,voiture,deux_roues,1,1,1,1,1
202200052331,2022-01-04 14:00:00,2022,1,4,14,0,80,80126,Rue d Abbeville,49.935823,1.633841,Plein jour,En agglomération,Hors intersection,Pluie légère,Autre collision,3,2,2,0,2,3,2,0,4,50,1,1,0,0,1,0,54.0,,voiture,,1,2,1,2,6
202200052332,2022-10-23 12:10:00,2022,10,23,12,10,22,22162,Quai Duguay-Trouin,48.779373,-3.043959,Plein jour,En agglomération,Hors intersection,Pluie légère,Deux véhicules - arrière,3,2,2,0,1,1,2,0,1,50,2,3,2,0,1,0,67.0,54.0,deux_roues,utilitaire_camion,1,2,1,2,2
202200052333,2022-09-11 12:34:00,2022,9,11,12,34,05,05077,Route départementale D205T,44.694681,6.958251,Plein jour,Hors agglomération,Hors intersection,Normale,Sans collision,3,2,2,0,2,1,1,0,1,50,1,1,0,0,1,0,64.0,,deux_roues,,1,1,1,1,7
202200052334,2022-11-27 18:10:00,2022,11,27,18,10,92,92078,VIEUX CHEMIN DE ST DENIS (AVENUE),48.929727675,2.3260293603,Crépuscule ou aube,En agglomération,Intersection en T,Pluie légère,Deux véhicules - frontale,4,2,2,0,1,1,2,5,1,50,2,2,1,0,0,1,50.0,35.0,voiture,voiture,2,2,3,2,1
202200052335,2022-02-14 10:20:00,2022,2,14,10,20,95,95351,RN 104,49.0381866451,2.4848520756,Plein jour,Hors agglomération,Hors intersection,Normale,Trois véhicules et plus - collisions multiples,2,3,4,0,1,1,1,0,1,110,4,4,3,0,0,1,22.0,56.0,utilitaire_camion,voiture,1,1,1,1,5
202200052336,2022-03-27 15:05:00,2022,3,27,15,5,75,75117,BD PERIPHERIQUE INTERIEUR,48.8821899119,2.283157058,Plein jour,En agglomération,Intersection en Y,Normale,Deux véhicules - arrière,4,1,4,0,2,1,1,0,1,70,2,2,1,0,0,1,58.0,,voiture,utilitaire_camion,1,2,4,1,2
202200052337,2022-08-10 15:20:00,2022,8,10,15,20,49,49007,BORDIER JACQUES,47.46354,-0.56397,Plein jour,En agglomération,Intersection en X,Normale,Deux véhicules - côté,4,2,2,0,1,1,1,0,1,30,2,2,1,0,0,1,52.0,56.0,deux_roues,voiture,1,2,2,1,3
202200052338,2022-05-07 02:15:00,2022,5,7,2,15,75,75106,BOULEVARD SAINT GERMAIN,48.852904,2.337001,Nuit avec éclairage allumé,En agglomération,Intersection en X,Normale,Deux véhicules - côté,4,1,4,0,1,1,1,0,1,30,2,2,1,0,0,1,47.0,29.0,voiture,deux_roues,5,2,2,1,3
202200052339,2022-07-10 20:15:00,2022,7,10,20,15,05,05104,RN 85 Torrent du Riou Bel,44.703589,6.045302,Plein jour,Hors agglomération,Hors intersection,Normale,Deux véhicules - frontale,2,2,2,0,3,1,1,0,1,80,2,3,0,0,0,3,57.0,78.0,voiture,voiture,1,1,1,1,1
202200052340,2022-09-20 13:10:00,2022,9,20,13,10,71,71342,Avenue de Chalon sur Sâone,46.463108,4.11556,Plein jour,En agglomération,Giratoire,Normale,Autre collision,3,2,2,0,1,1,1,5,1,50,1,2,1,0,1,0,85.0,,voiture,,1,2,6,1,6
202200052341,2022-06-06 02:00:00,2022,6,6,2,0,84,84132,1957 Route de Caumont,43.913713,4.970853,Nuit sans éclairage public,Hors agglomération,Hors intersection,Normale,Deux véhicules - frontale,3,2,2,0,1,2,1,0,3,80,1,3,0,0,1,2,23.0,,voiture,,3,1,1,1,1
202200052342,2022-01-05 11:45:00,2022,1,5,11,45,49,49129,26 Boulevard de l Industrie,47.501918,-0.516824,Plein jour,Hors agglomération,Hors intersection,Normale,Deux véhicules - frontale,4,2,2,0,1,1,1,0,1,50,2,2,1,0,1,0,24.0,35.0,voiture,deux_roues,1,1,1,1,1
202200052343,2022-02-14 09:30:00,2022,2,14,9,30,95,95527, A1,48.9864671385,2.5065296888,Plein jour,Hors agglomération,Hors intersection,Normale,Deux véhicules - côté,1,3,6,0,1,1,1,0,1,70,2,2,1,0,0,1,49.0,46.0,utilitaire_camion,utilitaire_camion,1,1,1,1,3
202200052344,2022-11-27 21:30:00,2022,11,27,21,30,92,92048,VAUGIRARD (ROUTE DE),48.82233,2.23209,Nuit avec éclairage allumé,En agglomération,Hors intersection,Pluie légère,Autre collision,3,2,2,0,1,1,2,6,1,50,1,2,1,0,0,1,25.0,,voiture,,5,2,1,2,6
202200052345,2022-07-19 12:40:00,2022,7,19,12,40,47,47323,TOURNON (ROUTE DE),44.396188,0.746746,Plein jour,Hors agglomération,Intersection en T,Normale,Deux véhicules - côté,3,2,2,0,1,1,1,5,1,70,2,2,0,0,1,1,52.0,83.0,voiture,voiture,1,1,3,1,3
202200052346,2022-07-09 08:45:00,2022,7,9,8,45,50,50412,D650,49.32215,-1.679111,Crépuscule ou aube,Hors agglomération,Intersection en X,Normale,Deux véhicules - côté,3,2,2,0,1,1,1,0,1,80,2,2,1,0,1,0,61.0,76.0,deux_roues,voiture,2,1,2,1,3
202200052347,2022-03-27 15:27:00,2022,3,27,15,27,75,75116,BD PERIPHERIQUE INTERIEUR,48.8379042262,2.254807055,Plein jour,En agglomération,Hors intersection,Normale,Deux véhicules - arrière,4,1,4,0,1,3,1,0,1,70,2,2,1,0,1,0,28.0,55.0,voiture,deux_roues,1,2,1,1,2
202200052348,2022-01-05 22:15:00,2022,1,5,22,15,46,46176,204 Route de Grèzes,44.647762,1.834303,Nuit sans éclairage public,En agglomération,Hors intersection,Normale,Autre collision,3,2,2,0,1,3,1,0,3,50,1,1,0,0,1,0,48.0,,voiture,,3,2,1,1,6
202200052349,2022-06-07 17:20:00,2022,6,7,17,20,84,84054,1228 Route de Carpentras,43.935938,5.063391,Plein jour,En agglomération,Hors intersection,Normale,Deux véhicules - côté,3,2,2,0,1,1,1,0,1,50,2,2,1,0,1,0,18.0,78.0,deux_roues,voiture,1,2,1,1,3
202200052350,2022-02-15 08:20:00,2022,2,15,8,20,94,94052,A86 INT,48.8432096684,2.4926533177,Plein jour,Hors agglomération,Hors intersection,Normale,Deux véhicules - arrière,1,-1,3,0,1,1,1,1,1,90,2,2,1,0,0,1,21.0,22.0,deux_roues,voiture,1,1,1,1,2
202200052351,2022-07-06 21:30:00,2022,7,6,21,30,50,50296,L Anse de Brick,49.667635,-1.495321,Crépuscule ou aube,Hors agglomération,Hors intersection,Normale,Sans collision,3,2,2,0,1,2,1,0,3,70,1,1,0,0,1,0,21.0,,deux_roues,,2,1,1,1,7
202200052352,2022-10-24 14:20:00,2022,10,24,14,20,76,76473,D490,49.494127,0.750287,Plein jour,Hors agglomération,Hors intersection,Normale,Trois véhicules et plus - collisions multiples,3,2,2,0,1,1,1,0,1,80,3,3,0,0,0,3,45.0,55.0,voiture,voiture,1,1,1,1,5
202200052353,2022-01-05 17:20:00,2022,1,5,17,20,39,39013,8 Rue de l'Hôtel de Ville,46.902772,5.772555,Nuit avec éclairage allumé,En agglomération,Hors intersection,Normale,Autre collision,3,2,2,0,1,1,1,0,1,50,1,2,1,0,1,0,46.0,,voiture,,5,2,1,1,6
202200052354,2022-03-27 14:40:00,2022,3,27,14,40,75,75117,PLACE DU MARECHAL JUIN,48.8853453301,2.2975040663,Plein jour,En agglomération,Place,Normale,Sans collision,4,1,4,0,1,2,1,0,1,30,1,1,0,0,0,1,18.0,,deux_roues,,1,2,7,1,7
202200052355,2022-05-06 18:42:00,2022,5,6,18,42,75,75106,QUAI DE CONTI,48.856171,2.340313,Crépuscule ou aube,En agglomération,Intersection en X,Normale,Deux véhicules - côté,4,1,2,0,1,1,1,0,1,30,2,2,1,0,0,1,22.0,26.0,voiture,deux_roues,2,2,2,1,3