accident_id,datetime,annee,mois,jour,heure,minute,departement,commune_insee,adresse,latitude,longitude,luminosite,agglomeration,intersection,meteo,collision,catr,circ,nbv,vosp,prof,plan,surf,infra,situ,vma,nb_vehicules,nb_usagers,nb_indemnes,nb_tues,nb_blesses_hosp,nb_blesses_legers,age_cond_1,age_cond_2,veh_type_cond_1,veh_type_cond_2,lum_code,agg_code,int_code,atm_code,col_code
202200052721,2022-01-04 20:00:00,2022,1,4,20,0,69,69383,Rue Paul Bert,45.75709,4.85634,Nuit avec éclairage allumé,En agglomération,Intersection en T,Normale,Sans collision,4,2,4,0,1,1,1,0,1,50,1,1,0,0,1,0,19.0,,deux_roues,,5,2,3,1,7
202200052722,2022-03-27 18:45:00,2022,3,27,18,45,38,38074,D153,45.247013,5.445276,Plein jour,Hors agglomération,Hors intersection,Normale,Autre collision,3,2,2,0,1,1,1,0,3,80,1,1,0,0,1,0,29.0,,voiture,,1,1,1,1,6
202200052723,2022-10-18 16:30:00,2022,10,18,16,30,69,69286,Route du Mas-Rillier,45.8233894724,4.9153894186,Plein jour,Hors agglomération,Hors intersection,Normale,Autre collision,7,2,2,1,1,1,1,0,1,50,1,3,2,0,0,1,64.0,,voiture,,1,1,1,1,6
202200052724,2022-09-19 18:47:00,2022,9,19,18,47,90,90008,LIBERATION (RUE DE LA),47.626,6.824,Plein jour,Hors agglomération,Hors intersection,Normale,Deux véhicules - arrière,3,2,2,0,1,3,1,0,1,50,2,2,1,1,0,0,41.0,15.0,voiture,deux_roues,1,1,1,1,2
202200052725,2022-04-15 18:00:00,2022,4,15,18,0,33,33063,ROCADE A 630,44.88759,-0.5748,Plein jour,Hors agglomération,Hors intersection,Normale,Deux véhicules - côté,1,3,6,0,1,1,1,0,1,90,2,2,1,0,1,0,46.0,36.0,voiture,voiture,1,1,1,1,3
202200052726,2022-07-10 02:30:00,2022,7,10,2,30,08,08193,,49.491817,4.538604,Crépuscule ou aube,Hors agglomération,Hors intersection,Normale,Autre collision,3,2,2,0,4,3,1,2,3,80,1,3,0,0,1,2,48.0,,voiture,,2,1,1,1,6
202200052727,2022-05-06 16:55:00,2022,5,6,16,55,69,69386,Rue Duquesne,45.77259,4.84576,Plein jour,En agglomération,Intersection en X,Normale,Trois véhicules et plus - collisions multiples,4,3,2,3,1,1,1,5,6,50,3,9,8,0,0,1,35.0,36.0,voiture,voiture,1,2,2,1,5
202200052728,2022-02-11 17:23:00,2022,2,11,17,23,63,63113,JOUHAUX (BD LEON),45.79198,3.11659,Plein jour,En agglomération,Hors intersection,Normale,Autre collision,7,2,2,0,1,1,1,0,1,50,1,2,1,0,0,1,26.0,,voiture,,1,2,1,1,6
202200052729,2022-11-24 15:06:00,2022,11,24,15,6,06,06027,Autoroute A8 pk 181.900 sud,43.660918,7.167206,Plein jour,Hors agglomération,Hors intersection,Normale,Deux véhicules - côté,1,3,5,0,1,1,1,0,1,90,3,3,1,0,0,2,55.0,38.0,deux_roues,voiture,1,1,1,1,3
202200052730,2022-09-18 19:25:00,2022,9,18,19,25,90,90010,RACINE (RUE),47.624,6.851,Crépuscule ou aube,En agglomération,Hors intersection,Normale,Deux véhicules - arrière,4,2,2,0,1,1,1,0,1,50,1,1,0,0,0,1,39.0,,deux_roues,,2,2,1,1,2
202200052731,2022-08-11 12:31:00,2022,8,11,12,31,93,93049,Boulevard Ferdinand Buisson,48.8550469508,2.516246601,Plein jour,En agglomération,Hors intersection,Temps éblouissant,Deux véhicules - côté,4,2,2,0,1,1,1,0,1,50,2,2,1,0,0,1,54.0,35.0,voiture,deux_roues,1,2,1,7,3
202200052732,2022-06-06 07:00:00,2022,6,6,7,0,59,59507,AUTOROUTE A1,50.6158337504,3.0827969313,Plein jour,Hors agglomération,Hors intersection,Normale,Autre collision,1,-1,8,0,1,3,2,0,8,70,1,1,0,0,0,1,21.0,,voiture,,1,1,1,1,6
202200052733,2022-10-22 09:40:00,2022,10,22,9,40,69,69264,Boulevard Gambetta,45.99601,4.71486,Plein jour,En agglomération,Giratoire,Normale,Autre collision,3,2,2,2,1,2,1,5,1,50,1,2,1,0,0,1,64.0,,voiture,,1,2,6,1,6
202200052734,2022-03-28 15:30:00,2022,3,28,15,30,58,58204,Les Carjots,47.048158,3.298312,Plein jour,Hors agglomération,Hors intersection,Normale,Deux véhicules - côté,3,2,2,0,1,1,1,0,1,80,2,2,1,0,1,0,71.0,51.0,voiture,utilitaire_camion,1,1,1,1,3
202200052735,2022-01-04 21:10:00,2022,1,4,21,10,69,69387,Avenue Berthelot,45.74777,4.83367,Nuit avec éclairage allumé,Hors agglomération,Intersection en T,Normale,Deux véhicules - côté,4,1,2,3,1,1,1,0,1,50,2,2,1,0,0,1,,30.0,voiture,deux_roues,5,1,3,1,3
202200052736,2022-09-14 11:58:00,2022,9,14,11,58,87,87048,NEXON (ROUTE DE),45.77084,1.22402,Plein jour,Hors agglomération,Hors intersection,Pluie légère,Autre collision,3,2,2,0,1,1,2,0,1,70,1,1,0,0,0,1,53.0,,voiture,,1,1,1,2,6
202200052737,2022-02-10 17:35:00,2022,2,10,17,35,62,62178,LIBERATION ( AVENUE ),50.492672,2.569153,Crépuscule ou aube,En agglomération,Autre intersection,Pluie légère,Deux véhicules - côté,3,2,0,0,1,1,2,5,1,50,2,2,1,0,1,0,33.0,19.0,deux_roues,voiture,2,2,9,2,3
202200052738,2022-05-06 15:30:00,2022,5,6,15,30,69,69386,Rue Duguesclin,45.76711,4.84761,Plein jour,En agglomération,Intersection en X,Normale,Deux véhicules - côté,4,1,1,2,1,1,1,0,1,30,2,2,1,0,0,1,52.0,21.0,voiture,utilitaire_camion,1,2,2,1,3
202200052739,2022-01-04 17:30:00,2022,1,4,17,30,69,69388,Avenue Jean Mermoz,45.73244,4.88155,Nuit avec éclairage allumé,En agglomération,Hors intersection,Normale,Autre collision,4,2,4,2,1,1,1,0,5,50,1,2,0,0,1,1,31.0,,deux_roues,,5,2,1,1,6
202200052740,2022-10-22 19:10:00,2022,10,22,19,10,69,69290,Route de Grenoble,45.71295,4.97039,Crépuscule ou aube,En agglomération,Giratoire,Normale,Deux véhicules - arrière,7,2,4,0,1,1,1,5,1,50,2,2,1,0,0,1,20.0,40.0,deux_roues,voiture,2,2,6,1,2
202200052741,2022-11-27 19:30:00,2022,11,27,19,30,60,60172,Route de Lamorlaye,49.143108,2.461693,Nuit sans éclairage public,Hors agglomération,Hors intersection,Pluie forte,Deux véhicules - frontale,3,2,2,0,1,1,2,0,1,80,2,4,0,0,3,1,60.0,28.0,voiture,voiture,3,1,1,3,1
202200052742,2022-08-10 22:40:00,2022,8,10,22,40,93,93046,Avenue Vauban / Avenue Gambetta,48.9176138357,2.5230359812,Nuit avec éclairage allumé,En agglomération,Intersection en X,Normale,Deux véhicules - côté,4,2,2,0,1,1,1,0,1,50,2,2,1,0,0,1,23.0,33.0,utilitaire_camion,deux_roues,5,2,2,1,3
202200052743,2022-06-04 19:00:00,2022,6,4,19,0,59,59009,ROUTE NATIONALE 227,50.64836,3.1452,Plein jour,Hors agglomération,Hors intersection,Normale,Trois véhicules et plus - collisions multiples,2,-1,4,0,1,2,1,2,1,70,3,3,2,0,0,1,26.0,23.0,voiture,deux_roues,1,1,1,1,5
202200052744,2022-03-27 17:55:00,2022,3,27,17,55,50,50371,D246,48.662552,-0.940769,Plein jour,Hors agglomération,Intersection en T,Temps éblouissant,Deux véhicules - côté,3,2,2,0,2,1,1,0,1,80,2,2,0,0,1,1,49.0,64.0,deux_roues,deux_roues,1,1,3,7,3
202200052745,2022-01-03 21:45:00,2022,1,3,21,45,972,97209,RN9,14.59649,-61.0553,Nuit sans éclairage public,En agglomération,Hors intersection,Normale,Sans collision,2,2,2,1,1,3,1,0,3,50,1,1,0,0,1,0,40.0,,deux_roues,,3,2,1,1,7
202200052746,2022-02-14 10:20:00,2022,2,14,10,20,61,61397,GRAND PRE (RUE DU),48.4172,0.07177,Plein jour,En agglomération,Hors intersection,Normale,Deux véhicules - côté,9,2,0,0,2,1,1,0,1,30,2,2,1,0,0,1,34.0,20.0,voiture,deux_roues,1,2,1,1,3
202200052747,2022-09-18 17:35:00,2022,9,18,17,35,87,87085,LATTRE-DE-TASSIGNY (AVENUE DU MARECHAL),45.82492,1.27471,Plein jour,En agglomération,Intersection en T,Normale,Deux véhicules - arrière,3,4,5,0,1,1,1,0,1,50,2,2,1,0,0,1,18.0,54.0,deux_roues,deux_roues,1,2,3,1,2
202200052748,2022-05-06 13:30:00,2022,5,6,13,30,69,69199,52 Avenue Jean Jaurès,45.71096,4.8551,Plein jour,En agglomération,Intersection en T,Normale,Deux véhicules - côté,7,2,2,0,1,1,1,0,1,50,2,2,1,0,0,1,50.0,70.0,deux_roues,voiture,1,2,3,1,3
202200052749,2022-07-11 16:25:00,2022,7,11,16,25,68,68066,AUTOROUTE A35 PK 069+000,48.058807,7.378693,Plein jour,Hors agglomération,Hors intersection,Normale,Sans collision,1,3,4,0,1,1,1,0,1,130,1,3,0,0,1,2,48.0,,utilitaire_camion,,1,1,1,1,7
202200052750,2022-08-11 13:30:00,2022,8,11,13,30,93,93027,Avenue Paul Vaillant Couturier,48.9212963075,2.4113441302,Plein jour,En agglomération,Hors intersection,Normale,Autre collision,3,3,2,3,1,1,1,0,1,50,1,2,1,0,0,1,66.0,,voiture,,1,2,1,1,6
202200052751,2022-03-27 03:15:00,2022,3,27,3,15,45,45275,Rue de la Salle des Fêtes,47.966882,2.90951,Nuit avec éclairage non allumé,En agglomération,Hors intersection,Normale,Autre collision,3,2,2,0,2,1,1,0,3,50,1,1,0,0,0,1,30.0,,voiture,,4,2,1,1,6
202200052752,2022-11-07 11:30:00,2022,11,7,11,30,987,98714,RT 101 - Anau,-16.388,-151.765,Plein jour,Hors agglomération,Hors intersection,Normale,Deux véhicules - frontale,2,2,2,0,1,1,1,0,1,60,2,2,1,0,1,0,41.0,31.0,deux_roues,voiture,1,1,1,1,1
202200052753,2022-01-04 07:40:00,2022,1,4,7,40,69,69149,Rue Francisque Jomard,45.7169421875,4.7949206829,Nuit avec éclairage allumé,En agglomération,Hors intersection,Normale,Autre collision,4,2,2,0,1,1,1,0,1,30,1,2,1,0,0,1,32.0,,voiture,,5,2,1,1,6
202200052754,2022-06-03 12:45:00,2022,6,3,12,45,59,59383,AUTOROUTE A2,50.336025883,3.5503824055,Plein jour,Hors agglomération,Hors intersection,Normale,Deux véhicules - arrière,1,-1,4,0,1,1,1,2,1,130,2,2,1,0,0,1,60.0,41.0,utilitaire_camion,utilitaire_camion,1,1,1,1,2
202200052755,2022-10-22 11:00:00,2022,10,22,11,0,69,69199,Boulevard Pierre Sémard,45.69446,4.8442,Plein jour,Hors agglomération,Autre intersection,Normale,Deux véhicules - côté,7,1,2,0,1,1,1,0,1,50,2,4,0,0,0,4,39.0,18.0,voiture,voiture,1,1,9,1,3
202200052756,2022-09-18 06:54:00,2022,9,18,6,54,87,87085,BLANC LOUIS (BOULEVARD),45.82958,1.26253,Nuit avec éclairage allumé,En agglomération,Intersection en T,Normale,Deux véhicules - côté,4,4,4,0,1,1,1,0,1,30,2,2,1,0,0,1,28.0,,deux_roues,voiture,5,2,3,1,3
202200052757,2022-05-06 11:45:00,2022,5,6,11,45,69,69387,Boulevard Yves Farge,45.74342,4.83442,Plein jour,En agglomération,Intersection en X,Normale,Deux véhicules - frontale,4,2,3,2,1,1,1,0,1,30,2,2,1,0,0,1,42.0,30.0,deux_roues,voiture,1,2,2,1,1
202200052758,2022-08-11 12:15:00,2022,8,11,12,15,93,93013,Place du 11 Novembre 1918 / Avenue de la Division Leclerc,48.93631,2.42704,Plein jour,En agglomération,Intersection en T,Normale,Autre collision,3,3,4,0,1,1,1,0,1,30,1,2,1,0,1,0,46.0,,utilitaire_camion,,1,2,3,1,6
202200052759,2022-03-28 13:50:00,2022,3,28,13,50,64,64419,D817,43.2734729921,-0.213213004,Plein jour,En agglomération,Giratoire,Normale,Deux véhicules - côté,3,-1,2,0,1,1,1,0,1,50,2,3,2,0,1,0,38.0,17.0,voiture,deux_roues,1,2,6,1,3
202200052760,2022-11-27 22:45:00,2022,11,27,22,45,973,97303,RN1 PK 146,5.480411,-53.211862,Nuit sans éclairage public,En agglomération,Giratoire,Normale,Sans collision,2,2,2,0,1,3,1,0,3,50,1,4,0,0,0,4,41.0,,voiture,,3,2,6,1,7
202200052761,2022-02-14 14:00:00,2022,2,14,14,0,59,59299,TROIS FERMES (RUE DES),50.6652719718,3.1987649202,Plein jour,En agglomération,Intersection en X,Normale,Deux véhicules - côté,4,2,2,0,1,1,1,0,1,50,2,3,2,0,0,1,45.0,26.0,utilitaire_camion,voiture,1,2,2,1,3
202200052762,2022-06-08 12:50:00,2022,6,8,12,50,92,92002,AUTOROUTE A86,48.7628656965,2.3041263744,Plein jour,Hors agglomération,Hors intersection,Normale,Deux véhicules - arrière,1,3,4,0,1,1,1,1,1,70,2,2,1,0,0,1,68.0,63.0,utilitaire_camion,voiture,1,1,1,1,2
202200052763,2022-07-11 08:30:00,2022,7,11,8,30,63,63370,A 89 Pk 304.500,45.661747,2.65646,Plein jour,Hors agglomération,Hors intersection,Normale,Deux véhicules - arrière,1,3,4,0,1,1,1,0,1,130,2,4,2,0,0,2,43.0,25.0,utilitaire_camion,utilitaire_camion,1,1,1,1,2
202200052764,2022-10-22 15:10:00,2022,10,22,15,10,64,64249,Avenue Getaria,43.4211309139,-1.605656147,Plein jour,En agglomération,Intersection en T,Normale,Deux véhicules - côté,3,2, -1,0,1,1,1,0,1,50,2,2,1,0,0,1,19.0,73.0,deux_roues,voiture,1,2,3,1,3
202200052765,2022-01-03 16:30:00,2022,1,3,16,30,69,69381,2 Rue Duroc,45.7692491965,4.8170489073,Plein jour,En agglomération,Intersection en T,Normale,Deux véhicules - côté,4,1,1,2,4,1,1,0,1,50,2,2,1,0,0,1,39.0,13.0,voiture,deux_roues,1,2,3,1,3
202200052766,2022-11-26 02:10:00,2022,11,26,2,10,971,97117,rue de la  solitude,16.326791,-61.348709,Nuit sans éclairage public,En agglomération,Hors intersection,Normale,Sans collision,9,2,2,0,2,1,1,0,1,50,1,1,0,0,1,0,24.0,,deux_roues,,3,2,1,1,7
202200052767,2022-09-17 18:06:00,2022,9,17,18,6,87,87050,Rue de l'Hermiterie,45.87099,1.19631,Plein jour,Hors agglomération,Intersection en T,Normale,Sans collision,3,2,2,0,1,1,1,0,1,80,1,2,0,0,0,2,17.0,,voiture,,1,1,3,1,7
202200052768,2022-03-27 20:00:00,2022,3,27,20,0,73,73019,D1006,45.484688,6.294168,Crépuscule ou aube,Hors agglomération,Hors intersection,Normale,Autre collision,3,2,2,0,1,1,1,0,3,80,1,2,0,1,0,1,34.0,,voiture,,2,1,1,1,6
202200052769,2022-05-06 00:15:00,2022,5,6,0,15,69,69387,Rue Marcel Mérieux,45.73128,4.82999,Nuit avec éclairage allumé,En agglomération,Intersection en X,Normale,Deux véhicules - côté,4,2,2,2,1,1,1,0,8,50,2,2,1,0,0,1,49.0,22.0,voiture,deux_roues,5,2,2,1,3
202200052770,2022-01-03 19:07:00,2022,1,3,19,7,95,95280,Avenue Albert Sarraut,49.0319478176,2.4590036273,Nuit avec éclairage allumé,En agglomération,Hors intersection,Pluie forte,Autre collision,4,2,2,0,1,1,2,0,1,50,1,2,1,0,0,1,55.0,,voiture,,5,2,1,3,6
202200052771,2022-06-07 19:50:00,2022,6,7,19,50,91,91235,RN 104,48.625,2.3543,Plein jour,Hors agglomération,Hors intersection,Normale,Deux véhicules - frontale,2,3,2,0,1,1,1,3,1,50,2,2,0,0,0,2,25.0,73.0,voiture,voiture,1,1,1,1,1
202200052772,2022-02-14 23:35:00,2022,2,14,23,35,59,59350,JUSSIEU RUE,50.6167091464,3.0619897842,Nuit avec éclairage allumé,En agglomération,Autre intersection,Normale,Deux véhicules - côté,7,1,0,0,1,1,1,0,1,50,2,3,2,0,0,1,21.0,21.0,voiture,voiture,5,2,9,1,3
202200052773,2022-08-11 19:30:00,2022,8,11,19,30,93,93001,Rue Charles Tillon,48.9178,2.39314,Plein jour,En agglomération,Hors intersection,Normale,Deux véhicules - arrière,3,3,3,2,1,1,1,0,1,50,2,3,2,0,0,1,33.0,36.0,transport_commun,voiture,1,2,1,1,2
202200052774,2022-03-27 18:30:00,2022,3,27,18,30,73,73268,Rue de la fontaine,45.598627,6.439015,Plein jour,En agglomération,Hors intersection,Normale,Autre collision,4,2,2,0,2,1,1,0,1,50,1,1,0,0,1,0,14.0,,deux_roues,,1,2,1,1,6
202200052775,2022-09-17 09:33:00,2022,9,17,9,33,87,87085,COMTE (RUE AUGUSTE),45.87279,1.26839,Plein jour,En agglomération,Hors intersection,Normale,Sans collision,4,2,2,0,1,1,1,0,1,50,1,1,0,0,0,1,24.0,,deux_roues,,1,2,1,1,7
202200052776,2022-11-27 17:58:00,2022,11,27,17,58,971,97112,section les basses,15.870308,-61.282167,Nuit avec éclairage allumé,En agglomération,Hors intersection,Normale,Autre collision,3,2,2,0,1,1,1,0,1,70,1,2,1,0,1,0,55.0,,utilitaire_camion,,5,2,1,1,6
202200052777,2022-05-06 09:47:00,2022,5,6,9,47,972,97209,AUTOROUTE (A1),14.61641,-61.04219,Plein jour,Hors agglomération,Hors intersection,Normale,Deux véhicules - côté,1,1,3,0,2,1,1,0,1,90,2,2,1,0,0,1,42.0,41.0,voiture,deux_roues,1,1,1,1,3
202200052778,2022-10-23 00:20:00,2022,10,23,0,20,64,64445,avenue Jean Mermoz,43.31185,-0.37731,Nuit avec éclairage allumé,En agglomération,Intersection en X,Normale,Deux véhicules - côté,4,2,5,0,1,1,1,0,1,50,2,5,4,0,0,1,17.0,25.0,deux_roues,voiture,5,2,2,1,3
202200052779,2022-07-09 11:40:00,2022,7,9,11,40,60,60082,autoroute A16 PK 099+400 sens PARIS-BOULOGNE,49.6648575983,2.2086448018,Plein jour,Hors agglomération,Hors intersection,Normale,Sans collision,1,1,4,0,1,3,1,0,2,130,1,9,0,1,8,0,58.0,,voiture,,1,1,1,1,7
202200052780,2022-01-04 06:45:00,2022,1,4,6,45,91,91339,RTE NATIONALE 20,48.619723,2.258516,Nuit avec éclairage allumé,En agglomération,Hors intersection,Pluie légère,Deux véhicules - arrière,3,1,1,0,2,1,2,0,1,50,2,2,1,0,0,1,62.0,64.0,voiture,voiture,5,2,1,2,2
202200052781,2022-03-27 16:50:00,2022,3,27,16,50,36,36018,22 rue du terrier,46.63133,1.148635,Plein jour,Hors agglomération,Hors intersection,Normale,Autre collision,4,2,1,0,2,3,1,0,1,50,1,1,0,0,1,0,28.0,,deux_roues,,1,1,1,1,6
202200052782,2022-06-07 07:35:00,2022,6,7,7,35,91,91534,RN 118,48.73782,2.16731,Plein jour,Hors agglomération,Hors intersection,Normale,Deux véhicules - arrière,2,1,2,0,1,1,1,0,1,110,2,4,0,0,0,4,22.0,57.0,voiture,voiture,1,1,1,1,2
202200052783,2022-08-11 19:25:00,2022,8,11,19,25,93,93001,Rue Henri Barbusse / Rue de Presles,48.9087672907,2.3905607232,Plein jour,En agglomération,Intersection en X,Normale,Autre collision,3,1,1,0,1,1,1,0,1,30,2,2,1,0,0,1,58.0,15.0,voiture,deux_roues,1,2,2,1,6
202200052784,2022-02-12 09:55:00,2022,2,12,9,55,56,56121,TY-LANN ( RP DE ),47.7659,-3.4009,Plein jour,En agglomération,Giratoire,Normale,Deux véhicules - côté,4,2,2,3,1,1,1,5,1,30,2,3,1,0,0,2,36.0,23.0,voiture,deux_roues,1,2,6,1,3
202200052785,2022-07-11 08:45:00,2022,7,11,8,45,77,77194,A5 PR031.900 direction Province,48.416207,2.946095,Plein jour,Hors agglomération,Hors intersection,Normale,Autre collision,1,3,3,0,2,1,1,0,1,130,1,2,0,0,1,1,60.0,,utilitaire_camion,,1,1,1,1,6
202200052786,2022-09-16 17:23:00,2022,9,16,17,23,87,87085,PUY LAS RODAS (RUE DU),45.82821,1.23235,Plein jour,En agglomération,Intersection en X,Normale,Deux véhicules - côté,4,2,2,0,1,1,1,5,1,30,2,2,1,0,0,1,55.0,16.0,utilitaire_camion,deux_roues,1,2,2,1,3
202200052787,2022-11-28 15:45:00,2022,11,28,15,45,34,34341,D2,43.507211,3.634152,Plein jour,Hors agglomération,Intersection en T,Normale,Deux véhicules - arrière,3,2,2,0,2,1,2,0,1,90,2,2,1,0,1,0,20.0,21.0,voiture,utilitaire_camion,1,1,3,1,2
202200052788,2022-03-26 13:00:00,2022,3,26,13,0,07,07079,,44.998982,4.507298,Plein jour,Hors agglomération,Hors intersection,Normale,Sans collision,3,2,2,0,2,2,1,0,1,-1,1,1,0,0,1,0,54.0,,deux_roues,,1,1,1,1,7
202200052789,2022-05-06 16:34:00,2022,5,6,16,34,2B,2B120,LAGUNE (Route de la) D107,42.64966,9.45273,Plein jour,Hors agglomération,Hors intersection,Pluie légère,Deux véhicules - frontale,4,2,3,1,1,3,2,0,1,70,2,5,4,0,1,0,47.0,50.0,voiture,deux_roues,1,1,1,2,1
202200052790,2022-01-04 07:50:00,2022,1,4,7,50,91,91201,RUE ALPHONSE DAUDET,48.6619,2.42604,Nuit avec éclairage allumé,En agglomération,Intersection en T,Pluie légère,Autre collision,3,2,2,0,1,1,2,0,1,30,1,2,1,0,0,1,50.0,,voiture,,5,2,3,2,6
202200052791,2022-06-07 07:59:00,2022,6,7,7,59,91,91687,AUTOROUTE A6,48.66776,2.35831,Plein jour,Hors agglomération,Hors intersection,Temps couvert,Deux véhicules - arrière,1,1,6,0,2,1,2,0,1,110,2,2,1,0,0,1,21.0,28.0,voiture,deux_roues,1,1,1,8,2
202200052792,2022-02-11 15:50:00,2022,2,11,15,50,56,56121,CLAIRAMBAULT (RUE CHARLES),47.74805,-3.35838,Plein jour,En agglomération,Hors intersection,Normale,Autre collision,4,1,1,0,1,1,1,0,3,30,1,1,0,0,0,1,27.0,,voiture,,1,2,1,1,6
202200052793,2022-10-22 20:10:00,2022,10,22,20,10,64,64122,Boulevard Augusta,43.47716,-1.55248,Nuit avec éclairage allumé,En agglomération,Hors intersection,Normale,Trois véhicules et plus - collisions multiples,4,2,0,0,1,1,1,0,1,50,3,3,2,0,0,1,55.0,24.0,voiture,voiture,5,2,1,1,5
202200052794,2022-08-11 17:55:00,2022,8,11,17,55,93,93001,Rue Edgar Quinet,48.91647,2.378,Plein jour,En agglomération,Hors intersection,Normale,Deux véhicules - côté,4,1,1,2,1,1,1,0,1,30,2,2,1,0,0,1,24.0,36.0,voiture,autre,1,2,1,1,3
202200052795,2022-03-28 15:52:00,2022,3,28,15,52,07,07129,,44.98818,4.577112,Plein jour,Hors agglomération,Hors intersection,Normale,Deux véhicules - côté,3,2,2,0,2,3,1,0,1,50,2,2,1,1,0,0,54.0,51.0,deux_roues,utilitaire_camion,1,1,1,1,3
202200052796,2022-11-27 16:55:00,2022,11,27,16,55,34,34344,192 Avenue Jean Bene,43.56199,4.08457,Crépuscule ou aube,En agglomération,Hors intersection,Normale,Deux véhicules - côté,4,2,2,0,1,1,1,0,1,30,2,4,2,0,0,2,17.0,37.0,deux_roues,voiture,2,2,1,1,3
202200052797,2022-01-03 07:50:00,2022,1,3,7,50,87,87085,GAGNANT (AVENUE JEAN),45.8332,1.26892,Nuit avec éclairage allumé,En agglomération,Intersection en T,Pluie légère,Deux véhicules - côté,4,4,4,0,2,1,2,0,1,50,2,2,1,0,0,1,29.0,30.0,deux_roues,voiture,5,2,3,2,3
202200052798,2022-05-06 15:20:00,2022,5,6,15,20,2B,2B033,11 - RT,42.66239,9.44216,Plein jour,En agglomération,Hors intersection,Pluie légère,Trois véhicules et plus - en chaîne,2,2,4,0,1,1,2,0,1,70,3,4,2,0,0,2,51.0,23.0,voiture,utilitaire_camion,1,2,1,2,4
202200052799,2022-08-11 21:00:00,2022,8,11,21,0,92,92051,"BINEAU (BOULEVARD, N°53 A 131 ET 52 A 13",48.887515,2.278474,Nuit avec éclairage allumé,En agglomération,Intersection à plus de 4 branches,Normale,Autre collision,3,3,4,0,1,1,1,0,4,50,1,1,0,0,0,1,28.0,,voiture,,5,2,5,1,6
202200052800,2022-10-21 17:50:00,2022,10,21,17,50,61,61001,EUGENE LECOINTRE ( RUE),48.4282,0.08298,Plein jour,En agglomération,Intersection en X,Normale,Deux véhicules - côté,4,1,1,0,1,1,1,0,1,30,2,2,1,0,0,1,50.0,57.0,deux_roues,voiture,1,2,2,1,3
202200052801,2022-02-14 15:49:00,2022,2,14,15,49,51,51454,LAURENT (RUE GUSTAVE),49.25464,4.04824,Plein jour,En agglomération,Intersection en X,Normale,Deux véhicules - côté,4,2,2,0,1,1,1,0,1,50,2,2,1,0,0,1,41.0,49.0,voiture,voiture,1,2,2,1,3
202200052802,2022-06-06 18:45:00,2022,6,6,18,45,91,91363,RN 104,48.632065,2.227535,Plein jour,Hors agglomération,Hors intersection,Normale,Deux véhicules - arrière,2,1,2,0,1,1,1,0,1,90,2,3,1,0,0,2,47.0,38.0,voiture,voiture,1,1,1,1,2
202200052803,2022-07-08 23:30:00,2022,7,8,23,30,987,98738,"RT1, PK 8.9, Marina Taina",-17.618,-149.549,Nuit avec éclairage allumé,En agglomération,Hors intersection,Normale,Deux véhicules - côté,2,3,2,0,1,1,1,0,1,50,2,2,1,0,1,0,20.0,30.0,deux_roues,utilitaire_camion,5,2,1,1,3
202200052804,2022-03-27 21:20:00,2022,3,27,21,20,23,23069,départementale 996,45.860309,2.368798,Nuit sans éclairage public,Hors agglomération,Hors intersection,Normale,Autre collision,3,2,2,0,2,2,1,0,1,90,1,1,0,0,1,0,72.0,,deux_roues,,3,1,1,1,6
202200052805,2022-05-07 02:25:00,2022,5,7,2,25,2A,2A004,T21,41.92905,8.76426,Nuit avec éclairage allumé,Hors agglomération,Autre intersection,Normale,Sans collision,2,1,4,0,1,1,1,0,1,70,1,1,0,0,0,1,19.0,,deux_roues,,5,1,9,1,7
202200052806,2022-09-19 12:15:00,2022,9,19,12,15,83,83144,BIGUE (CAR),43.1416,6.0011,Plein jour,Hors agglomération,Giratoire,Normale,Deux véhicules - côté,3,1,2,0,1,3,1,8,1,30,2,2,1,0,0,1,37.0,42.0,voiture,deux_roues,1,1,6,1,3
202200052807,2022-11-27 15:00:00,2022,11,27,15,0,13,13023,Départementale 559A,43.233893,5.590684,Plein jour,Hors agglomération,Hors intersection,Normale,Deux véhicules - frontale,3,2,2,0,2,2,1,0,3,-1,2,2,1,0,1,0,31.0,42.0,deux_roues,deux_roues,1,1,1,1,1
202200052808,2022-03-27 18:20:00,2022,3,27,18,20,23,23229,la borde,46.075694,2.124288,Plein jour,Hors agglomération,Hors intersection,Normale,Sans collision,9,-1,2,3,2,1,9,0,8,90,1,1,0,0,1,0,26.0,,voiture,,1,1,1,1,7
202200052809,2022-08-10 21:54:00,2022,8,10,21,54,92,92035,Souvenir Français ( rond point du ),48.9063604318,2.2479062676,Nuit avec éclairage allumé,En agglomération,Autre intersection,Normale,Sans collision,3,2,2,0,1,1,1,0,1,50,2,2,1,0,0,1,,33.0,deux_roues,deux_roues,5,2,9,1,7
202200052810,2022-06-08 17:40:00,2022,6,8,17,40,78,78206,A13,48.969098,1.916151,Plein jour,Hors agglomération,Hors intersection,Normale,Autre collision,1,-1,3,0,1,1,2,0,1,130,1,1,0,0,0,1,41.0,,voiture,,1,1,1,1,6
202200052811,2022-10-21 16:50:00,2022,10,21,16,50,61,61001,KOUTIALA (AVENUE DE),48.428,0.07507,Plein jour,En agglomération,Intersection en X,Normale,Deux véhicules - côté,3,-1,2,2,2,1,1,0,5,50,2,2,1,0,0,1,57.0,86.0,deux_roues,voiture,1,2,2,1,3