accident_id,datetime,annee,mois,jour,heure,minute,departement,commune_insee,adresse,latitude,longitude,luminosite,agglomeration,intersection,meteo,collision,catr,circ,nbv,vosp,prof,plan,surf,infra,situ,vma,nb_vehicules,nb_usagers,nb_indemnes,nb_tues,nb_blesses_hosp,nb_blesses_legers,age_cond_1,age_cond_2,veh_type_cond_1,veh_type_cond_2,lum_code,agg_code,int_code,atm_code,col_code
202200052905,2022-02-14 18:40:00,2022,2,14,18,40,30,30007,Avenue du General de Gaulle,44.12633,4.08004,Crépuscule ou aube,En agglomération,Autre intersection,Temps couvert,Autre collision,4,2,2,0,1,1,1,9,1,30,1,2,1,0,0,1,30.0,,voiture,,2,2,9,8,6
202200052906,2022-10-22 00:30:00,2022,10,22,0,30,33,33162,Avenue Jean Mermoz,44.86291,-0.66593,Nuit avec éclairage allumé,En agglomération,Hors intersection,Normale,Deux véhicules - côté,4,2,2,0,1,1,1,0,1,50,2,2,1,0,0,1,33.0,52.0,deux_roues,utilitaire_camion,5,2,1,1,3
202200052907,2022-08-11 15:10:00,2022,8,11,15,10,76,76307,D74,49.639087,0.223267,Plein jour,En agglomération,Intersection en X,Normale,Deux véhicules - côté,3,2,2,0,1,1,1,0,1,50,2,5,3,0,0,2,41.0,25.0,voiture,voiture,1,2,2,1,3
202200052908,2022-03-27 11:48:00,2022,3,27,11,48,67,67160,1a Rue Principale,48.95155,7.77301,Plein jour,En agglomération,Hors intersection,Normale,Deux véhicules - frontale,4,2,2,0,2,1,1,0,1,50,2,3,2,0,0,1,38.0,48.0,voiture,voiture,1,2,1,1,1
202200052909,2022-05-03 12:05:00,2022,5,3,12,5,80,80021,RESISTANCE (RUE DE LA),49.89804,2.2952,Plein jour,En agglomération,Intersection en X,Normale,Deux véhicules - côté,4,2,6,0,1,1,1,0,1,50,2,2,1,0,0,1,59.0,48.0,deux_roues,voiture,1,2,2,1,3
202200052910,2022-01-03 19:50:00,2022,1,3,19,50,72,72181,LEDRU ROLLIN QUAI N° 1 A 99,48.00692,0.19161,Nuit avec éclairage allumé,En agglomération,Intersection en X,Pluie légère,Deux véhicules - frontale,4,2,2,2,1,1,2,0,1,50,2,2,1,0,0,1,,22.0,utilitaire_camion,deux_roues,5,2,2,2,1
202200052911,2022-10-22 08:25:00,2022,10,22,8,25,33,33529,BAOU (RUE DU),44.6310722407,-1.1543342471,Nuit avec éclairage allumé,En agglomération,Hors intersection,Normale,Autre collision,4,2,2,0,1,1,1,0,1,50,1,1,0,0,0,1,31.0,,voiture,,5,2,1,1,6
202200052912,2022-09-14 16:20:00,2022,9,14,16,20,71,71306,MARECHAL LECLERC (AVENUE DU),46.68114,4.37029,Plein jour,En agglomération,Giratoire,Pluie forte,Deux véhicules - côté,4,2,2,0,1,1,2,5,1,50,2,2,1,0,1,0,40.0,19.0,voiture,deux_roues,1,2,6,3,3
202200052913,2022-06-07 17:00:00,2022,6,7,17,0,77,77249,N104,48.759765,2.615597,Plein jour,Hors agglomération,Hors intersection,Normale,Deux véhicules - côté,2,3,4,3,1,1,1,0,1,90,2,2,1,0,1,0,41.0,25.0,voiture,voiture,1,1,1,1,3
202200052914,2022-11-26 05:30:00,2022,11,26,5,30,83,83144,A57,43.1424,6.00786,Nuit avec éclairage allumé,Hors agglomération,Hors intersection,Normale,Deux véhicules - arrière,1,3,4,0,1,1,1,8,1,70,2,6,3,0,0,3,24.0,18.0,voiture,voiture,5,1,1,1,2
202200052915,2022-02-14 12:15:00,2022,2,14,12,15,27,27229,ALLENDE (BOULEVARD DU PRESIDENT),49.0035,1.14787,Plein jour,En agglomération,Hors intersection,Normale,Deux véhicules - arrière,4,1,2,0,1,2,1,0,1,70,2,2,0,0,0,2,30.0,28.0,voiture,voiture,1,2,1,1,2
202200052916,2022-08-12 15:00:00,2022,8,12,15,0,80,80116,30 Chaussee Brunehaut,49.746943,2.672167,Plein jour,En agglomération,Giratoire,Normale,Deux véhicules - côté,3,2,2,0,1,1,1,9,1,50,2,2,1,0,0,1,44.0,50.0,deux_roues,voiture,1,2,6,1,3
202200052917,2022-01-03 11:55:00,2022,1,3,11,55,71,71270,PARE (RUE AMBROISE),46.3208770774,4.8158962997,Plein jour,En agglomération,Intersection en T,Normale,Autre collision,3,2,2,0,1,1,1,0,8,50,1,2,1,0,1,0,69.0,,voiture,,1,2,3,1,6
202200052918,2022-05-03 18:30:00,2022,5,3,18,30,80,80131,CD 4935,49.85731,2.3816,Plein jour,Hors agglomération,Intersection en T,Normale,Deux véhicules - côté,3,2,2,0,1,2,1,2,1,80,2,2,0,0,0,2,22.0,19.0,voiture,voiture,1,1,3,1,3
202200052919,2022-09-17 18:00:00,2022,9,17,18,0,71,71306,JULES GUESDE (RUE),46.67772,4.36605,Plein jour,En agglomération,Hors intersection,Normale,Sans collision,4,1,2,0,1,1,1,0,1,50,2,2,1,0,0,1,39.0,39.0,deux_roues,voiture,1,2,1,1,7
202200052920,2022-08-12 07:50:00,2022,8,12,7,50,80,80211,Rue du Hamel,49.74237,2.156448,Plein jour,En agglomération,Hors intersection,Normale,Autre collision,3,2,2,0,1,1,1,0,1,50,1,2,1,0,0,1,25.0,,voiture,,1,2,1,1,6
202200052921,2022-10-22 17:00:00,2022,10,22,17,0,31,31555,PL DU PARLEMENT,43.5930320677,1.4444285631,Plein jour,En agglomération,Intersection en X,Temps éblouissant,Deux véhicules - côté,4,-1,4,3,1,1,1,0,1,50,2,2,1,0,0,1,34.0,47.0,utilitaire_camion,deux_roues,1,2,2,7,3
202200052922,2022-01-03 20:35:00,2022,1,3,20,35,67,67482,RHIN (AVENUE DU),48.57084,7.77542,Nuit avec éclairage allumé,En agglomération,Hors intersection,Pluie légère,Autre collision,4,3,4,1,1,1,2,5,1,50,1,2,1,0,0,1,30.0,,voiture,,5,2,1,2,6
202200052923,2022-02-12 18:45:00,2022,2,12,18,45,24,24102,RIBERAC (ROUTE DE),45.19591,0.64827,Crépuscule ou aube,Hors agglomération,Autre intersection,Normale,Deux véhicules - côté,3,2,2,0,1,1,1,0,1,70,2,3,2,0,1,0,22.0,26.0,deux_roues,voiture,2,1,9,1,3
202200052924,2022-03-26 17:00:00,2022,3,26,17,0,03,03298,2 Rue du Moulin Vaque,46.313175,3.420766,Plein jour,En agglomération,Intersection en T,Temps éblouissant,Deux véhicules - frontale,3,2,2,0,1,1,1,5,1,-1,2,5,1,0,2,2,26.0,49.0,voiture,voiture,1,2,3,7,1
202200052925,2022-11-27 18:42:00,2022,11,27,18,42,91,91534,RN 118,48.72874,2.16463,Nuit sans éclairage public,Hors agglomération,Hors intersection,Pluie légère,Deux véhicules - arrière,2,1,2,0,1,1,2,3,3,50,2,4,1,0,0,3,40.0,21.0,voiture,utilitaire_camion,3,1,1,2,2
202200052926,2022-05-06 01:10:00,2022,5,6,1,10,77,77305,SURVILLE (AVENUE DE),48.39222,2.95395,Nuit avec éclairage allumé,En agglomération,Hors intersection,Normale,Autre collision,4,2,2,0,2,3,1,0,1,30,1,1,0,0,1,0,43.0,,voiture,,5,2,1,1,6
202200052927,2022-06-07 07:45:00,2022,6,7,7,45,77,77294,A104,48.97329,2.577505,Plein jour,Hors agglomération,Hors intersection,Pluie légère,Trois véhicules et plus - en chaîne,1,1,4,0,1,1,2,3,1,90,3,4,2,0,0,2,59.0,44.0,utilitaire_camion,voiture,1,1,1,2,4
202200052928,2022-08-08 11:30:00,2022,8,8,11,30,82,82126,Route du Causse,44.163813,1.553493,Plein jour,Hors agglomération,Hors intersection,Normale,Deux véhicules - arrière,3,2,2,0,1,1,1,0,1,70,2,3,2,0,0,1,32.0,52.0,voiture,utilitaire_camion,1,1,1,1,2
202200052929,2022-01-04 22:30:00,2022,1,4,22,30,65,65433,MOULIN (RUE JEAN),43.205365,0.097009,Nuit avec éclairage allumé,En agglomération,Hors intersection,Pluie forte,Deux véhicules - arrière,4,2,2,0,1,1,2,0,1,50,2,2,1,0,0,1,24.0,24.0,deux_roues,voiture,5,2,1,3,2
202200052930,2022-09-19 20:50:00,2022,9,19,20,50,69,69199,Rue Carnot,45.70801,4.85894,Nuit avec éclairage allumé,En agglomération,Hors intersection,Normale,Deux véhicules - arrière,4,2,2,2,1,1,1,0,1,50,2,3,2,0,0,1,32.0,42.0,voiture,utilitaire_camion,5,2,1,1,2
202200052931,2022-03-28 19:06:00,2022,3,28,19,6,03,03102,Route de Diou,46.517462,3.692039,Plein jour,Hors agglomération,Hors intersection,Normale,Deux véhicules - côté,3,2,2,0,2,1,1,0,1,70,2,3,2,0,1,0,66.0,22.0,utilitaire_camion,deux_roues,1,1,1,1,3
202200052932,2022-10-21 07:30:00,2022,10,21,7,30,29,29039,Keramperu.,47.889892,-3.91617536,Nuit avec éclairage allumé,En agglomération,Giratoire,Temps couvert,Deux véhicules - côté,3,1,2,0,1,2,2,5,1,50,2,2,1,0,0,1,22.0,16.0,voiture,deux_roues,5,2,6,8,3
202200052933,2022-05-06 15:00:00,2022,5,6,15,0,77,77131,DOCTEUR ARBELTIER (RUE DU),48.81496,3.08375,Plein jour,En agglomération,Hors intersection,Normale,Autre collision,4,1,1,0,1,1,1,0,1,30,1,2,1,0,0,1,36.0,,utilitaire_camion,,1,2,1,1,6
202200052934,2022-08-11 20:35:00,2022,8,11,20,35,65,65319,Cote Carrau,43.066168,0.502726,Plein jour,En agglomération,Hors intersection,Normale,Autre collision,3,2,2,0,1,4,1,0,3,50,1,1,0,1,0,0,50.0,,voiture,,1,2,1,1,6
202200052935,2022-06-07 07:25:00,2022,6,7,7,25,77,77468,A4,48.83264,2.6604,Crépuscule ou aube,Hors agglomération,Hors intersection,Normale,Autre collision,1,3,10,0,1,1,1,0,1,90,1,1,0,0,0,1,35.0,,deux_roues,,2,1,1,1,6
202200052936,2022-01-04 19:25:00,2022,1,4,19,25,65,65440,LAFORGUE (AVENUE JULES),43.224232,0.067898,Nuit avec éclairage allumé,En agglomération,Hors intersection,Pluie forte,Deux véhicules - côté,4,2,2,0,1,1,2,0,1,50,2,2,1,0,1,0,24.0,18.0,voiture,deux_roues,5,2,1,3,3
202200052937,2022-11-27 01:00:00,2022,11,27,1,0,94,94003,AUTOROUTE A6A,48.8082384632,2.3401175825,Nuit avec éclairage allumé,Hors agglomération,Hors intersection,Normale,Autre collision,1,1,4,0,1,3,1,0,1,50,1,5,2,0,0,3,29.0,,voiture,,5,1,1,1,6
202200052938,2022-03-28 19:30:00,2022,3,28,19,30,74,74146,Route du Montet,46.366909,6.566868,Plein jour,En agglomération,Hors intersection,Normale,Sans collision,3,2,2,0,1,2,1,0,1,50,1,1,0,0,1,0,16.0,,deux_roues,,1,2,1,1,7
202200052939,2022-09-16 17:20:00,2022,9,16,17,20,67,67218,CEINTURE (RUE DE LA),48.52107,7.72573,Plein jour,En agglomération,Intersection en T,Normale,Deux véhicules - côté,4,2,2,0,1,1,2,0,1,50,2,2,1,0,1,0,35.0,42.0,voiture,voiture,1,2,3,1,3
202200052940,2022-02-10 18:15:00,2022,2,10,18,15,14,14366,D613,49.14515,0.26675,Nuit avec éclairage allumé,En agglomération,Hors intersection,Pluie légère,Autre collision,3,1,1,3,1,1,2,9,1,50,1,2,1,0,0,1,81.0,,voiture,,5,2,1,2,6
202200052941,2022-08-12 07:30:00,2022,8,12,7,30,61,61281,Le Taillis,48.84127,-0.67524,Plein jour,Hors agglomération,Hors intersection,Normale,Deux véhicules - frontale,3,2,2,0,1,3,1,0,1,90,2,2,0,1,1,0,49.0,20.0,voiture,voiture,1,1,1,1,1
202200052942,2022-10-21 20:00:00,2022,10,21,20,0,27,27681,GREVARIN (RUE DU),49.08955,1.48803,Nuit avec éclairage allumé,En agglomération,Intersection en X,Normale,Deux véhicules - frontale,4,-1,2,0,1,1,1,0,1,50,2,2,1,0,0,1,38.0,27.0,voiture,deux_roues,5,2,2,1,1
202200052943,2022-05-06 19:00:00,2022,5,6,19,0,69,69290,Rue du Grisard,45.69727,4.94459,Plein jour,En agglomération,Intersection en T,Normale,Deux véhicules - côté,4,1,1,2,1,1,1,0,1,30,2,2,1,0,0,1,63.0,31.0,voiture,deux_roues,1,2,3,1,3
202200052944,2022-11-27 04:50:00,2022,11,27,4,50,93,93066,AUTOROUTE A86,48.9228077205,2.3498623726,Nuit sans éclairage public,Hors agglomération,Hors intersection,Normale,Autre collision,1,3,4,0,2,3,1,0,1,90,1,1,0,0,1,0,21.0,,voiture,,3,1,1,1,6
202200052945,2022-09-15 23:30:00,2022,9,15,23,30,67,67482,KOENIGSHOFFEN (RUE DE),48.58071,7.7273,Nuit avec éclairage allumé,En agglomération,Hors intersection,Normale,Autre collision,4,3,5,3,1,1,1,1,1,50,1,1,0,0,0,1,35.0,,voiture,,5,2,1,1,6
202200052946,2022-01-04 06:15:00,2022,1,4,6,15,62,62457,GALLIENI (RUE DU MARECHAL),50.459851,2.549404,Nuit avec éclairage allumé,En agglomération,Intersection en X,Pluie forte,Deux véhicules - côté,4,2,2,0,1,1,2,5,1,50,2,2,1,0,0,1,18.0,,deux_roues,voiture,5,2,2,3,3
202200052947,2022-03-27 15:50:00,2022,3,27,15,50,38,38374,Route de Versin,45.642,5.337884,Plein jour,En agglomération,Hors intersection,Normale,Deux véhicules - arrière,3,2,1,0,1,4,1,0,1,-1,2,2,1,0,0,1,33.0,20.0,voiture,voiture,1,2,1,1,2
202200052948,2022-06-06 18:00:00,2022,6,6,18,0,77,77237,A4,48.831024,2.762309,Plein jour,Hors agglomération,Hors intersection,Normale,Deux véhicules - arrière,1,1,4,0,1,1,1,0,1,110,2,3,1,0,0,2,23.0,28.0,voiture,voiture,1,1,1,1,2
202200052949,2022-01-16 16:30:00,2022,1,16,16,30,13,13056,RD 49,43.37619,5.06448,Plein jour,Hors agglomération,Hors intersection,Temps éblouissant,Deux véhicules - côté,3,2,3,0,1,1,1,0,1,70,2,2,1,0,1,0,32.0,50.0,voiture,deux_roues,1,1,1,7,3
202200052950,2022-08-11 19:10:00,2022,8,11,19,10,12,12133,"Zone Artisanale ""Les Amourals"" (Zone commerciale)",44.313055,2.559922,Plein jour,Hors agglomération,Intersection en X,Normale,Deux véhicules - frontale,4,2,2,0,1,1,1,0,1,80,2,3,2,0,0,1,37.0,49.0,voiture,deux_roues,1,1,2,1,1
202200052951,2022-05-06 09:00:00,2022,5,6,9,0,69,69266,Rue de Verdun,45.78424,4.8969,Plein jour,En agglomération,Hors intersection,Normale,Deux véhicules - frontale,4,2,2,0,2,2,1,0,4,20,2,2,0,0,0,2,26.0,27.0,deux_roues,deux_roues,1,2,1,1,1
202200052952,2022-10-22 19:04:00,2022,10,22,19,4,26,26362,MISTRAL PONT,44.93145,4.88456,Nuit avec éclairage allumé,En agglomération,Hors intersection,Normale,Deux véhicules - arrière,3,2,4,1,2,1,1,2,1,50,2,2,1,0,0,1,54.0,30.0,voiture,deux_roues,5,2,1,1,2
202200052953,2022-01-03 16:27:00,2022,1,3,16,27,61,61001,MANS (RUE DU ),48.42624,0.089076,Plein jour,En agglomération,Hors intersection,Pluie forte,Autre collision,4,2,2,0,2,3,2,0,1,30,1,2,1,0,0,1,29.0,,voiture,,1,2,1,3,6
202200052954,2022-09-15 17:12:00,2022,9,15,17,12,67,67482,JEAN JAURES (AVENUE),48.5695070215,7.7631631494,Plein jour,En agglomération,Intersection en T,Normale,Deux véhicules - côté,4,3,6,3,1,1,1,0,1,50,2,2,1,0,1,0,47.0,21.0,utilitaire_camion,deux_roues,1,2,3,1,3
202200052955,2022-06-06 14:45:00,2022,6,6,14,45,93,93064,A86.EXT,48.8612242569,2.4841007475,Plein jour,Hors agglomération,Hors intersection,Normale,Deux véhicules - arrière,1,1,3,0,1,1,1,0,1,90,2,2,1,0,0,1,28.0,31.0,voiture,deux_roues,1,1,1,1,2
202200052956,2022-03-27 10:35:00,2022,3,27,10,35,26,26079,D102,44.937046,5.095704,Plein jour,En agglomération,Intersection en Y,Normale,Deux véhicules - frontale,3,2,2,0,1,3,1,0,1,50,2,2,1,0,0,1,51.0,84.0,deux_roues,voiture,1,2,4,1,1
202200052957,2022-10-21 11:45:00,2022,10,21,11,45,19,19272,Evariste Gallois (Avenue),45.2733449683,1.7895587683,Plein jour,Hors agglomération,Hors intersection,Normale,Sans collision,3,2,2,0,4,3,2,0,3,90,1,1,0,0,0,1,62.0,,voiture,,1,1,1,1,7
202200052958,2022-08-11 23:55:00,2022,8,11,23,55,47,47004,Allées Charles de Gaulle,44.300641,0.336649,Nuit avec éclairage allumé,En agglomération,Hors intersection,Normale,Deux véhicules - frontale,4,2,2,0,2,1,1,0,1,50,2,2,1,0,1,0,28.0,17.0,voiture,deux_roues,5,2,1,1,1
202200052959,2022-02-14 10:50:00,2022,2,14,10,50,06,06069,PAOUTE (ROUTE ET TRAVERSE DE LA),43.632171,6.95769,Plein jour,Hors agglomération,Hors intersection,Pluie légère,Deux véhicules - côté,3,2,2,0,1,1,2,0,1,50,2,3,1,0,0,2,33.0,74.0,voiture,voiture,1,1,1,2,3
202200052960,2022-11-26 03:10:00,2022,11,26,3,10,93,93066,AUTOROUTE A1,48.920273,2.357013,Nuit avec éclairage non allumé,Hors agglomération,Hors intersection,Normale,Trois véhicules et plus - collisions multiples,1,3,8,0,1,1,1,0,1,90,3,6,3,0,0,3,39.0,20.0,voiture,voiture,4,1,1,1,5
202200052961,2022-05-06 11:30:00,2022,5,6,11,30,69,69264,Route de Tarare,45.98531,4.70274,Plein jour,Hors agglomération,Intersection en T,Normale,Deux véhicules - côté,3,2,2,1,1,1,1,0,1,50,2,2,1,0,0,1,37.0,44.0,deux_roues,voiture,1,1,3,1,3
202200052962,2022-01-04 17:20:00,2022,1,4,17,20,59,59599,HALOT (RUE DU),50.7109896604,3.1519389153,Nuit avec éclairage allumé,En agglomération,Intersection en X,Pluie légère,Autre collision,7,-1,2,0,1,1,2,5,1,50,1,2,1,0,0,1,40.0,,utilitaire_camion,,5,2,2,2,6
202200052963,2022-09-19 09:45:00,2022,9,19,9,45,64,64260,Avenue de lissardy,43.37345,-1.75537,Plein jour,En agglomération,Hors intersection,Normale,Deux véhicules - arrière,3,2,2,0,1,1,1,0,1,50,2,2,1,0,1,0,60.0,44.0,deux_roues,voiture,1,2,1,1,2
202200052964,2022-06-06 05:20:00,2022,6,6,5,20,94,94052,A86 INT,48.8344649607,2.4932511256,Crépuscule ou aube,Hors agglomération,Hors intersection,Normale,Sans collision,1,-1,2,0,1,3,1,1,1,90,1,1,0,0,1,0,29.0,,deux_roues,,2,1,1,1,7
202200052965,2022-03-28 18:40:00,2022,3,28,18,40,01,01418,14 Rue de la Mairie,45.811389,5.022442,Plein jour,En agglomération,Hors intersection,Normale,Deux véhicules - frontale,3,2,2,0,1,3,1,0,1,50,2,3,0,0,0,3,22.0,39.0,voiture,voiture,1,2,1,1,1
202200052966,2022-10-22 14:30:00,2022,10,22,14,30,18,18279,Chemin de l’Ardillat,47.2366,2.0924,Plein jour,En agglomération,Autre intersection,Normale,Deux véhicules - côté,4,2,2,0,1,1,1,0,1,50,2,3,2,0,1,0,75.0,48.0,deux_roues,voiture,1,2,9,1,3
202200052967,2022-05-04 18:20:00,2022,5,4,18,20,66,66136,R D 900,42.7132764582,2.8721389174,Plein jour,Hors agglomération,Hors intersection,Normale,Deux véhicules - arrière,3,3,4,0,1,1,1,2,1,110,2,2,0,0,1,1,39.0,37.0,voiture,deux_roues,1,1,1,1,2
202200052968,2022-08-12 03:13:00,2022,8,12,3,13,44,44131,69 Rue des Gâts,47.119833,-2.104727,Nuit avec éclairage allumé,En agglomération,Hors intersection,Normale,Sans collision,4,2,2,0,2,1,1,0,1,50,1,5,2,1,0,2,38.0,,voiture,,5,2,1,1,7
202200052969,2022-02-12 23:15:00,2022,2,12,23,15,75,75116,PORTE DE PASSY,48.859496,2.262727,Nuit avec éclairage allumé,En agglomération,Hors intersection,Normale,Deux véhicules - arrière,4,1,4,0,1,1,1,8,1,70,2,2,1,0,0,1,32.0,42.0,voiture,voiture,5,2,1,1,2
202200052970,2022-01-01 00:30:00,2022,1,1,0,30,59,59178,MOTTE JULIEN (RUE DE LA),50.3917168776,3.0638739467,Nuit avec éclairage allumé,En agglomération,Hors intersection,Normale,Deux véhicules - frontale,3,2,2,0,1,1,1,0,1,5,2,3,0,0,2,1,58.0,46.0,voiture,voiture,5,2,1,1,1
202200052971,2022-11-27 19:10:00,2022,11,27,19,10,75,75112,A86 EXT,48.8171410884,2.4549669027,Nuit sans éclairage public,Hors agglomération,Hors intersection,Normale,Deux véhicules - arrière,1,-1,4,0,1,1,1,0,1,90,2,2,1,0,0,1,30.0,19.0,voiture,deux_roues,3,1,1,1,2
202200052972,2022-10-17 18:50:00,2022,10,17,18,50,14,14701,Chemin du Solier,49.324661,0.063945,Crépuscule ou aube,Hors agglomération,Hors intersection,Normale,Sans collision,4,2,0,0,3,2,1,5,3,50,1,1,0,0,0,1,25.0,,voiture,,2,1,1,1,7
202200052973,2022-03-27 16:35:00,2022,3,27,16,35,69,69067,Route de Malval,45.747657,4.572737,Plein jour,Hors agglomération,Hors intersection,Normale,Autre collision,3,2,2,0,2,4,1,0,8,80,1,2,1,0,1,0,26.0,,deux_roues,,1,1,1,1,6
202200052974,2022-03-29 15:58:00,2022,3,29,15,58,36,36044,86 Avenue Charles de Gaulle,46.8089356286,1.6903227568,Plein jour,En agglomération,Hors intersection,Normale,Autre collision,4,2,4,0,1,1,1,0,1,50,1,2,1,0,1,0,38.0,,voiture,,1,2,1,1,6
202200052975,2022-08-11 23:50:00,2022,8,11,23,50,70,70433,Grande Rue,47.607653,6.190045,Nuit sans éclairage public,En agglomération,Hors intersection,Normale,Sans collision,3,-1,2,0,1,1,1,0,1,50,1,1,0,0,1,0,15.0,,deux_roues,,3,2,1,1,7
202200052976,2022-01-03 13:45:00,2022,1,3,13,45,56,56121,BELGIQUE (RUE  DE ),47.7621643,-3.390107,Plein jour,En agglomération,Hors intersection,Pluie légère,Autre collision,4,2,2,0,1,1,2,0,1,30,1,2,1,0,0,1,47.0,,voiture,,1,2,1,2,6
202200052977,2022-05-06 23:45:00,2022,5,6,23,45,64,64445,rue d'Étigny,43.2962,-0.37638,Nuit avec éclairage allumé,En agglomération,Giratoire,Normale,Deux véhicules - côté,4,1,1,0,4,1,1,0,1,50,2,2,1,0,0,1,17.0,33.0,deux_roues,deux_roues,5,2,6,1,3
202200052978,2022-09-19 13:45:00,2022,9,19,13,45,64,64445,avenue Dufau,43.311,-0.363,Plein jour,En agglomération,Giratoire,Normale,Sans collision,4,1,1,3,1,1,1,0,6,30,2,8,2,0,0,6,28.0,22.0,transport_commun,deux_roues,1,2,6,1,7
202200052979,2022-01-03 15:55:00,2022,1,3,15,55,49,49267,,47.46666,-0.51555,Plein jour,En agglomération,Hors intersection,Pluie légère,Sans collision,4,1,2,0,1,2,2,0,1,80,1,1,0,0,0,1,27.0,,voiture,,1,2,1,2,7
202200052980,2022-10-21 22:20:00,2022,10,21,22,20,13,13117,Boulevard Marcel Pagnol,43.4222834165,5.2867503767,Nuit avec éclairage allumé,En agglomération,Hors intersection,Normale,Deux véhicules - côté,4,2,2,0,1,1,1,0,1,50,2,2,1,0,0,1,25.0,21.0,voiture,voiture,5,2,1,1,3
202200052981,2022-03-28 04:30:00,2022,3,28,4,30,79,79201,lieu-dit La Guitière,46.418645,-0.051091,Nuit sans éclairage public,Hors agglomération,Hors intersection,Normale,Autre collision,3,2,2,0,4,1,1,0,1,80,1,1,0,0,1,0,46.0,,deux_roues,,3,1,1,1,6
202200052982,2022-02-12 21:10:00,2022,2,12,21,10,75,75120,PORTE DE MONTREUIL,48.85211,2.415057,Nuit avec éclairage allumé,En agglomération,Intersection en Y,Normale,Deux véhicules - côté,4,1,4,0,1,1,1,0,1,70,2,3,2,0,0,1,64.0,20.0,voiture,voiture,5,2,4,1,3
202200052983,2022-08-12 05:50:00,2022,8,12,5,50,58,58074,ROUTE DES BOIS DES CURES,46.842046,3.942279,Crépuscule ou aube,Hors agglomération,Intersection en T,Autre,Sans collision,3,2,2,0,1,1,1,0,3,80,1,1,0,0,0,1,47.0,,voiture,,2,1,3,9,7
202200052984,2022-05-05 12:00:00,2022,5,5,12,0,62,62215,COURRIERES (RTE DE),50.47735,2.93886,Plein jour,En agglomération,Hors intersection,Normale,Deux véhicules - côté,3,2,2,0,1,1,1,0,1,50,2,2,1,0,0,1,20.0,,deux_roues,voiture,1,2,1,1,3
202200052985,2022-01-03 23:14:00,2022,1,3,23,14,47,47001,DUMON (BD SYLVAIN),44.208,0.62003,Nuit avec éclairage allumé,En agglomération,Hors intersection,Normale,Autre collision,4,2,2,0,1,1,1,0,1,50,1,2,1,0,1,0,33.0,,voiture,,5,2,1,1,6
202200052986,2022-03-31 15:44:00,2022,3,31,15,44,31,31485,D79,43.474602,1.717198,Plein jour,Hors agglomération,Intersection en T,Pluie légère,Deux véhicules - côté,3,2,2,0,1,1,2,5,1,80,2,2,1,0,1,0,30.0,74.0,deux_roues,utilitaire_camion,1,1,3,2,3
202200052987,2022-09-18 09:25:00,2022,9,18,9,25,64,64122,Rue de Madrid,43.4669365482,-1.5717208385,Plein jour,En agglomération,Intersection en Y,Normale,Deux véhicules - côté,4,2,3,0,2,1,1,0,1,30,2,2,1,0,0,1,76.0,27.0,voiture,deux_roues,1,2,4,1,3
202200052988,2022-10-21 05:15:00,2022,10,21,5,15,13,13071,ZOLA ( AVENUE EMILE ),43.41716,5.28959,Nuit avec éclairage allumé,Hors agglomération,Giratoire,Temps couvert,Deux véhicules - côté,3,2,2,0,1,1,1,0,1,50,2,2,0,0,0,2,39.0,31.0,voiture,utilitaire_camion,5,1,6,8,3
202200052989,2022-07-24 17:50:00,2022,7,24,17,50,66,66149,Route de Marquixanes,42.624398,2.444544,Plein jour,Hors agglomération,Hors intersection,Normale,Sans collision,2,2,2,0,1,1,1,0,1,-1,1,2,1,0,0,1,39.0,,deux_roues,,1,1,1,1,7
202200052990,2022-02-14 08:40:00,2022,2,14,8,40,75,75120,RUE DE LA DUEE,48.872311,2.397775,Plein jour,En agglomération,Intersection à plus de 4 branches,Normale,Sans collision,4,2,2,0,2,1,1,0,1,30,1,1,0,0,0,1,34.0,,deux_roues,,1,2,5,1,7
202200052991,2022-11-25 19:00:00,2022,11,25,19,0,94,94017,A4,48.8270194777,2.5116058458,Nuit avec éclairage allumé,Hors agglomération,Hors intersection,Normale,Trois véhicules et plus - collisions multiples,1,1,4,0,1,1,1,2,1,90,6,6,5,0,0,1,20.0,32.0,voiture,deux_roues,5,1,1,1,5
202200052992,2022-03-24 17:57:00,2022,3,24,17,57,85,85080,D938t,46.428789,-0.835094,Plein jour,Hors agglomération,Intersection en X,Normale,Trois véhicules et plus - collisions multiples,3,3,2,0,1,1,1,0,1,80,3,3,0,0,0,3,34.0,38.0,utilitaire_camion,voiture,1,1,2,1,5
202200052993,2022-01-04 15:09:00,2022,1,4,15,9,45,45232,Boulevard Victor Hugo,47.8586065223,1.9066640139,Plein jour,En agglomération,Intersection en X,Normale,Deux véhicules - côté,4,2,2,1,1,1,1,0,1,50,2,2,1,0,0,1,21.0,24.0,voiture,voiture,1,2,2,1,3
202200052994,2022-10-22 01:45:00,2022,10,22,1,45,13,13207,Corniche John Fitzgérald Kennedy,43.28443,5.34968,Nuit avec éclairage allumé,En agglomération,Hors intersection,Normale,Autre collision,4,2,2,0,1,2,1,0,1,50,1,2,0,0,2,0,30.0,,deux_roues,,5,2,1,1,6
202200052995,2022-09-19 18:30:00,2022,9,19,18,30,64,64024,Allée du Parc Montaury,43.47879,-1.50926,Plein jour,Hors agglomération,Hors intersection,Normale,Deux véhicules - arrière,6,-1,0,0,2,1,1,9,1,15,2,2,1,0,0,1,55.0,21.0,deux_roues,voiture,1,1,1,1,2
202200052996,2022-05-06 13:55:00,2022,5,6,13,55,59,59350,ARRAS RUE D,50.6166,3.06305,Plein jour,En agglomération,Intersection en X,Normale,Deux véhicules - côté,1,1,2,0,1,1,1,5,1,50,2,6,3,0,0,3,73.0,47.0,voiture,voiture,1,2,2,1,3