accident_id,datetime,annee,mois,jour,heure,minute,departement,commune_insee,adresse,latitude,longitude,luminosite,agglomeration,intersection,meteo,collision,catr,circ,nbv,vosp,prof,plan,surf,infra,situ,vma,nb_vehicules,nb_usagers,nb_indemnes,nb_tues,nb_blesses_hosp,nb_blesses_legers,age_cond_1,age_cond_2,veh_type_cond_1,veh_type_cond_2,lum_code,agg_code,int_code,atm_code,col_code
202200052997,2022-01-04 07:40:00,2022,1,4,7,40,45,45234,6 Boulevard Lamartine,47.915174,1.912857,Nuit avec éclairage allumé,En agglomération,Hors intersection,Pluie forte,Autre collision,4,2,2,0,1,1,2,0,1,50,1,2,1,0,0,1,25.0,,voiture,,5,2,1,3,6
202200052998,2022-03-26 15:40:00,2022,3,26,15,40,49,49301,D63,47.142752,-1.129553,Plein jour,Hors agglomération,Hors intersection,Normale,Sans collision,3,2,2,0,1,3,1,0,3,80,1,1,0,0,1,0,56.0,,deux_roues,,1,1,1,1,7
202200052999,2022-11-28 07:45:00,2022,11,28,7,45,59,59009,MONS BOULEVARD DE,50.64385,3.13564,Nuit avec éclairage allumé,En agglomération,Intersection en X,Normale,Deux véhicules - frontale,4,2,2,0,1,1,1,0,1,50,2,2,1,0,0,1,48.0,55.0,deux_roues,voiture,5,2,2,1,1
202200053000,2022-10-21 12:15:00,2022,10,21,12,15,13,13005,AVELANEDE (CHEMIN DE L'),43.2864636782,5.5872865766,Plein jour,En agglomération,Hors intersection,Normale,Deux véhicules - arrière,4,2,1,0,3,3,1,0,1,50,2,2,1,0,0,1,54.0,60.0,voiture,voiture,1,2,1,1,2
202200053001,2022-08-08 12:00:00,2022,8,8,12,0,14,14527,Route de Saint-Pierre-sur-Dives,49.109121,0.006952,Plein jour,En agglomération,Intersection en X,Normale,Deux véhicules - côté,3,2,1,0,1,1,1,0,1,90,2,4,3,0,1,0,37.0,62.0,voiture,voiture,1,2,2,1,3
202200053002,2022-05-06 11:50:00,2022,5,6,11,50,59,59378,MAGNOLIAS AVENUE DES,50.6825709944,3.1069157123,Plein jour,En agglomération,Autre intersection,Normale,Deux véhicules - frontale,4,2,2,0,1,1,1,0,1,50,2,2,1,0,1,0,22.0,46.0,voiture,deux_roues,1,2,9,1,1
202200053003,2022-06-02 17:30:00,2022,6,2,17,30,37,37240,RN10,47.58993,0.931008,Plein jour,Hors agglomération,Intersection en X,Normale,Deux véhicules - côté,2,2,2,0,1,1,1,5,1,70,2,3,1,0,0,2,51.0,57.0,voiture,voiture,1,1,2,1,3
202200053004,2022-01-04 18:20:00,2022,1,4,18,20,44,44109,139bis Route de Carquefou,47.27691,-1.50957,Nuit avec éclairage allumé,En agglomération,Hors intersection,Temps couvert,Deux véhicules - frontale,4,2,2,1,1,1,1,0,1,50,2,2,0,0,0,2,21.0,37.0,voiture,voiture,5,2,1,8,1
202200053005,2022-09-19 11:35:00,2022,9,19,11,35,64,64024,Avenue de Biarritz,43.48019,-1.52109,Plein jour,En agglomération,Intersection en T,Temps éblouissant,Deux véhicules - côté,4,2,2,0,1,1,1,0,1,50,2,2,1,0,0,1,27.0,31.0,voiture,deux_roues,1,2,3,7,3
202200053006,2022-03-27 18:45:00,2022,3,27,18,45,29,29103,Rue de la Libération,48.449671,-4.246232,Plein jour,En agglomération,Hors intersection,Normale,Autre collision,4,2,2,0,2,2,1,0,4,50,1,1,0,0,0,1,56.0,,deux_roues,,1,2,1,1,6
202200053007,2022-10-22 18:05:00,2022,10,22,18,5,10,10357,,48.28885,4.15749,Crépuscule ou aube,Hors agglomération,Hors intersection,Normale,Deux véhicules - côté,3,2,2,0,1,1,1,0,1,90,2,2,0,0,2,0,37.0,56.0,deux_roues,voiture,2,1,1,1,3
202200053008,2022-11-26 22:20:00,2022,11,26,22,20,44,44109,1bis Rue Paul Bellamy,47.2205,-1.555089,Nuit avec éclairage allumé,En agglomération,Passage à niveau,Normale,Autre collision,4,2,3,3,2,1,1,4,6,50,1,2,1,0,1,0,39.0,,voiture,,5,2,8,1,6
202200053009,2022-05-05 21:00:00,2022,5,5,21,0,56,56121,Parking du CHU CHOISEUL,47.75183,-3.35554,Plein jour,En agglomération,Hors intersection,Normale,Autre collision,6,-1, -1,0,1,1,1,9,1,20,1,1,0,0,0,1,49.0,,voiture,,1,2,1,1,6
202200053010,2022-08-11 17:10:00,2022,8,11,17,10,14,14491,D675,49.100337,-0.609694,Plein jour,Hors agglomération,Hors intersection,Normale,Deux véhicules - côté,3,2,2,0,1,1,1,0,1,80,2,2,1,0,1,0,57.0,19.0,voiture,deux_roues,1,1,1,1,3
202200053011,2022-01-04 19:56:00,2022,1,4,19,56,44,44109,270 Boulevard Robert Schuman,47.24684,-1.5773,Nuit avec éclairage allumé,En agglomération,Hors intersection,Normale,Autre collision,4,2,4,2,1,1,1,0,1,30,1,2,0,0,0,2,59.0,,deux_roues,,5,2,1,1,6
202200053012,2022-03-23 02:45:00,2022,3,23,2,45,27,27439,Normanville,49.06929,1.180934,Nuit sans éclairage public,Hors agglomération,Hors intersection,Normale,Autre collision,2,1,2,0,2,1,1,0,1,110,1,1,0,0,0,1,24.0,,voiture,,3,1,1,1,6
202200053013,2022-10-18 18:35:00,2022,10,18,18,35,05,05061,Route de la Luye,44.5105336463,6.0714800886,Crépuscule ou aube,Hors agglomération,Hors intersection,Normale,Sans collision,3,2,2,0,1,2,1,0,1,70,1,1,0,0,1,0,20.0,,deux_roues,,2,1,1,1,7
202200053014,2022-09-17 06:55:00,2022,9,17,6,55,64,64024,ESPAGNE (AVENUE D'),43.47588,-1.52801,Nuit avec éclairage non allumé,En agglomération,Hors intersection,Normale,Deux véhicules - arrière,3,2,2,0,1,1,1,0,1,50,2,2,1,0,1,0,64.0,28.0,voiture,deux_roues,4,2,1,1,2
202200053015,2022-08-08 22:00:00,2022,8,8,22,0,09,09138,Lieu Dit Monlaur,42.976717,1.665126,Nuit sans éclairage public,Hors agglomération,Hors intersection,Normale,Deux véhicules - frontale,3,2,2,0,1,1,1,0,1,80,2,2,1,0,1,0,43.0,55.0,voiture,deux_roues,3,1,1,1,1
202200053016,2022-04-29 13:35:00,2022,4,29,13,35,54,54328,TECHNOLOGIES (BOULEVARD DES),48.618493791,6.176687479,Plein jour,En agglomération,Giratoire,Normale,Deux véhicules - côté,4,1,2,0,1,3,1,0,1,50,2,2,1,0,0,1,45.0,54.0,deux_roues,voiture,1,2,6,1,3
202200053017,2022-11-26 08:30:00,2022,11,26,8,30,33,33009,DEGANNE (BD) DU 34 ET +,44.65728,-1.15842,Plein jour,En agglomération,Giratoire,Normale,Autre collision,4,2,2,0,1,1,1,0,1,50,1,2,1,0,0,1,48.0,,voiture,,1,2,6,1,6
202200053018,2022-01-04 13:20:00,2022,1,4,13,20,42,42184,Avenue Charles de Gaulle,46.0565349981,4.0624359308,Plein jour,En agglomération,Hors intersection,Temps couvert,Deux véhicules - côté,3,-1,0,0,1,1,1,0,1,50,2,2,0,0,1,1,19.0,25.0,deux_roues,voiture,1,2,1,8,3
202200053019,2022-02-13 20:25:00,2022,2,13,20,25,75,75120,BD PERIPHERIQUE INTERIEUR,48.8501052353,2.4151280522,Nuit avec éclairage allumé,En agglomération,Hors intersection,Normale,Trois véhicules et plus - en chaîne,4,1,4,0,1,1,1,9,1,70,5,13,9,0,0,4,20.0,49.0,voiture,voiture,5,2,1,1,4
202200053020,2022-06-07 17:15:00,2022,6,7,17,15,95,95134,RD 301,49.142011,2.251752,Plein jour,En agglomération,Hors intersection,Normale,Trois véhicules et plus - en chaîne,3,2,2,0,1,1,1,0,1,50,3,3,2,0,0,1,49.0,24.0,voiture,transport_commun,1,2,1,1,4
202200053021,2022-06-26 19:00:00,2022,6,26,19,0,74,74042,Quai des Francs Tireurs,46.076719,6.406419,Plein jour,En agglomération,Hors intersection,Normale,Deux véhicules - côté,4,2,2,0,1,1,1,6,1,50,2,2,1,0,1,0,15.0,23.0,deux_roues,voiture,1,2,1,1,3
202200053022,2022-03-28 08:20:00,2022,3,28,8,20,60,60338,Rue de la Ramée,49.3550511589,2.7763170004,Plein jour,En agglomération,Intersection en T,Normale,Autre collision,3,2, -1,-1,1,1,1,0,1,-1,1,3,2,0,0,1,24.0,,utilitaire_camion,,1,2,3,1,6
202200053023,2022-08-11 22:30:00,2022,8,11,22,30,45,45025,D97 PR 32 + 476,48.1557131582,2.0522546768,Nuit sans éclairage public,Hors agglomération,Hors intersection,Normale,Sans collision,3,2,2,0,1,1,1,0,8,80,1,1,0,0,1,0,27.0,,voiture,,3,1,1,1,7
202200053024,2022-01-04 13:00:00,2022,1,4,13,0,37,37261,PROUDHON (AVENUE),47.3941514129,0.6668829918,Plein jour,En agglomération,Hors intersection,Normale,Sans collision,4,3,4,0,1,3,2,0,1,50,1,1,0,0,0,1,21.0,,utilitaire_camion,,1,2,1,1,7
202200053025,2022-09-18 21:41:00,2022,9,18,21,41,63,63113,CLEMENTEL (BD ETIENNE),45.8003267717,3.1115582585,Nuit avec éclairage allumé,En agglomération,Intersection à plus de 4 branches,Normale,Deux véhicules - côté,7,3,6,0,1,1,1,0,8,50,2,2,1,0,0,1,27.0,12.0,voiture,deux_roues,5,2,5,1,3
202200053026,2022-05-06 18:30:00,2022,5,6,18,30,51,51454,avenue Georges Clemenceau,49.2505491645,4.0524691343,Plein jour,En agglomération,Intersection en X,Normale,Sans collision,4,2,2,0,1,1,1,0,1,50,1,4,3,0,0,1,52.0,,voiture,,1,2,2,1,7
202200053027,2022-08-07 02:30:00,2022,8,7,2,30,73,73011,PASTEUR (RUE),45.661,6.381,Nuit avec éclairage allumé,En agglomération,Hors intersection,Normale,Autre collision,6,-1, -1,0,1,1,1,9,1,20,1,2,1,0,0,1,40.0,,voiture,,5,2,1,1,6
202200053028,2022-06-06 16:30:00,2022,6,6,16,30,95,95134,RD 301,49.1385216664,2.2535276413,Plein jour,Hors agglomération,Hors intersection,Normale,Autre collision,3,3,4,3,1,1,1,0,1,90,1,1,0,0,0,1,31.0,,deux_roues,,1,1,1,1,6
202200053029,2022-06-03 16:15:00,2022,6,3,16,15,74,74309,Route de Frangy,46.11265,6.04027,Plein jour,Hors agglomération,Intersection en Y,Normale,Deux véhicules - côté,3,2,2,0,2,2,1,0,1,50,2,2,1,0,0,1,23.0,43.0,deux_roues,voiture,1,1,4,1,3
202200053030,2022-01-04 15:10:00,2022,1,4,15,10,33,33522,Place Charles de Gaulle,44.79114,-0.58748,Plein jour,En agglomération,Hors intersection,Pluie légère,Deux véhicules - côté,4,2,3,1,1,1,2,0,1,50,2,2,1,0,0,1,31.0,78.0,deux_roues,voiture,1,2,1,2,3
202200053031,2022-03-21 08:45:00,2022,3,21,8,45,13,13043,A55-Sens Marseille vers Martigues,43.38377,5.23123,Plein jour,Hors agglomération,Hors intersection,Normale,Trois véhicules et plus - en chaîne,1,1,3,0,1,1,1,0,1,110,3,4,2,0,0,2,37.0,58.0,voiture,voiture,1,1,1,1,4
202200053032,2022-09-02 15:00:00,2022,9,2,15,0,60,60382,Avenue Octave Butin,49.427486,2.816131,Plein jour,En agglomération,Hors intersection,Normale,Autre collision,4,2,2,0,1,1,1,0,1,30,1,2,1,0,1,0,66.0,,voiture,,1,2,1,1,6
202200053033,2022-06-04 16:05:00,2022,6,4,16,5,59,59657,1455 Route de Bambecque,50.9192255072,2.523534894,Plein jour,Hors agglomération,Hors intersection,Normale,Sans collision,3,2,2,0,1,3,1,0,3,80,1,1,0,0,1,0,45.0,,voiture,,1,1,1,1,7
202200053034,2022-07-24 18:00:00,2022,7,24,18,0,62,62160,Allee Dominique Ingres,50.73816,1.609208,Plein jour,En agglomération,Autre intersection,Normale,Autre collision,4,-1,0,0,1,1,1,6,8,1,1,2,1,0,0,1,,,deux_roues,,1,2,9,1,6
202200053035,2022-05-17 17:40:00,2022,5,17,17,40,74,74197,D903,46.138426,6.31481,Plein jour,Hors agglomération,Intersection en T,Normale,Deux véhicules - côté,3,1,1,0,1,1,1,0,3,80,2,3,1,0,1,1,26.0,33.0,deux_roues,voiture,1,1,3,1,3
202200053036,2022-09-19 19:10:00,2022,9,19,19,10,59,59279,LILLE (RUE DE),50.7768233092,3.1240922213,Plein jour,En agglomération,Hors intersection,Normale,Deux véhicules - arrière,7,3,3,3,1,1,1,9,6,50,2,2,0,0,0,1,,40.0,voiture,deux_roues,1,2,1,1,2
202200053037,2022-01-04 06:30:00,2022,1,4,6,30,33,33200,Avenue Pasteur,44.86788,-0.67009,Nuit avec éclairage allumé,En agglomération,Intersection en T,Normale,Deux véhicules - côté,4,2,4,2,1,1,1,5,1,50,2,2,1,0,0,1,26.0,16.0,voiture,deux_roues,5,2,3,1,3
202200053038,2022-08-12 10:20:00,2022,8,12,10,20,73,73096,D1006,45.51392,6.09169,Plein jour,Hors agglomération,Intersection en T,Normale,Deux véhicules - côté,3,2,2,0,1,1,1,5,1,80,2,2,1,0,1,0,59.0,67.0,deux_roues,voiture,1,1,3,1,3
202200053039,2022-03-27 00:45:00,2022,3,27,0,45,69,69297,Autoroute 7,45.60726,4.80224,Nuit sans éclairage public,Hors agglomération,Hors intersection,Normale,Deux véhicules - arrière,1,3,6,0,1,1,1,0,1,110,2,3,2,0,1,0,35.0,25.0,voiture,voiture,3,1,1,1,2
202200053040,2022-06-07 06:45:00,2022,6,7,6,45,42,42271,Route de la Barollière,45.466331,4.549863,Plein jour,Hors agglomération,Hors intersection,Normale,Sans collision,7,2,2,0,2,1,1,0,1,70,1,1,0,0,1,0,28.0,,deux_roues,,1,1,1,1,7
202200053041,2022-05-06 17:10:00,2022,5,6,17,10,51,51454,avenue Henri Farman,49.238114,4.065256,Plein jour,En agglomération,Hors intersection,Normale,Trois véhicules et plus - en chaîne,4,2,2,1,2,1,1,0,1,50,4,10,8,0,0,2,51.0,51.0,voiture,voiture,1,2,1,1,4
202200053042,2022-10-21 19:55:00,2022,10,21,19,55,75,75117,PORTE DE CLICHY,48.894561,2.305409,Nuit avec éclairage allumé,En agglomération,Hors intersection,Normale,Deux véhicules - côté,4,1,4,0,1,1,1,0,1,70,2,2,1,0,0,1,25.0,22.0,deux_roues,voiture,5,2,1,1,3
202200053043,2022-09-19 08:30:00,2022,9,19,8,30,59,59648,HUGO VICTOR RUE,50.5861771853,3.0343347788,Plein jour,Hors agglomération,Intersection en T,Normale,Deux véhicules - côté,7,2,2,0,2,1,1,0,3,70,2,2,1,0,1,0,34.0,44.0,voiture,deux_roues,1,1,3,1,3
202200053044,2022-07-31 11:00:00,2022,7,31,11,0,73,73171,D1006,45.49973,6.04291,Plein jour,Hors agglomération,Hors intersection,Normale,Deux véhicules - côté,3,2,2,0,1,1,1,0,1,70,2,3,2,0,1,0,44.0,81.0,utilitaire_camion,deux_roues,1,1,1,1,3
202200053045,2022-03-26 05:25:00,2022,3,26,5,25,42,42218,A72,45.45837,4.40738,Nuit sans éclairage public,Hors agglomération,Hors intersection,Normale,Autre collision,1,3,5,0,1,1,1,3,1,90,1,3,0,1,2,0,31.0,,voiture,,3,1,1,1,6
202200053046,2022-01-03 11:05:00,2022,1,3,11,5,33,33063,Rue Emile Combes,44.8369609445,-0.6068095565,Plein jour,En agglomération,Intersection en Y,Normale,Autre collision,4,1,1,0,1,3,1,0,1,50,1,2,1,0,1,0,50.0,,utilitaire_camion,,1,2,4,1,6
202200053047,2022-08-25 08:00:00,2022,8,25,8,0,976,97611,kaweni-Kaweni sud  (Z I),-12.77264,45.22312,Plein jour,En agglomération,Intersection en T,Normale,Deux véhicules - arrière,2,4,4,0,1,1,1,0,1,50,2,3,2,0,0,1,33.0,28.0,voiture,voiture,1,2,3,1,2
202200053048,2022-05-06 07:41:00,2022,5,6,7,41,49,49267,CRESSONNIERE,47.47328,-0.49383,Plein jour,En agglomération,Hors intersection,Normale,Deux véhicules - côté,4,2,2,0,1,1,1,0,1,30,2,2,1,0,0,1,36.0,26.0,voiture,deux_roues,1,2,1,1,3
202200053049,2022-06-06 14:15:00,2022,6,6,14,15,74,74263,Route de Marignan,46.330691,6.371947,Plein jour,En agglomération,Hors intersection,Normale,Autre collision,3,2,2,0,1,1,1,0,1,50,1,2,1,0,1,0,29.0,,voiture,,1,2,1,1,6
202200053050,2022-10-22 09:30:00,2022,10,22,9,30,75,75119,BOULEVARD SERURIER,48.888258,2.395848,Plein jour,En agglomération,Intersection en Y,Normale,Deux véhicules - côté,4,1,3,1,1,3,1,5,5,30,2,2,1,0,0,1,44.0,29.0,voiture,deux_roues,1,2,4,1,3
202200053051,2022-01-03 12:10:00,2022,1,3,12,10,31,31555,AV DES ETATS UNIS,43.63363,1.43133,Plein jour,En agglomération,Hors intersection,Normale,Deux véhicules - côté,7,2,3,3,1,1,1,0,1,50,2,2,1,0,1,0,25.0,42.0,utilitaire_camion,deux_roues,1,2,1,1,3
202200053052,2022-08-11 19:13:00,2022,8,11,19,13,10,10323,Avenue Pierre Brossolette,48.511546,3.72481,Plein jour,En agglomération,Hors intersection,Normale,Deux véhicules - arrière,4,4,3,0,1,1,1,9,1,50,2,2,1,0,1,0,65.0,60.0,voiture,deux_roues,1,2,1,1,2
202200053053,2022-05-06 20:40:00,2022,5,6,20,40,45,45308,Route de Saint-Jean de Braye,47.92351,1.9566,Plein jour,En agglomération,Hors intersection,Normale,Sans collision,4,3,2,0,2,1,1,0,1,50,1,1,0,0,1,0,19.0,,deux_roues,,1,2,1,1,7
202200053054,2022-09-19 06:30:00,2022,9,19,6,30,59,59350,TOURNAI RUE DE,50.6354571822,3.070885241,Nuit avec éclairage allumé,En agglomération,Intersection en T,Normale,Deux véhicules - arrière,4,2,2,0,1,1,1,0,1,30,2,2,1,0,1,0,37.0,46.0,utilitaire_camion,deux_roues,5,2,3,1,2
202200053055,2022-03-25 17:00:00,2022,3,25,17,0,67,67482,M351,48.58725,7.71277,Plein jour,Hors agglomération,Hors intersection,Normale,Trois véhicules et plus - en chaîne,7,3,3,0,1,1,1,0,1,90,3,3,2,0,0,1,23.0,51.0,voiture,voiture,1,1,1,1,4
202200053056,2022-08-16 11:40:00,2022,8,16,11,40,976,97611,m'tsapere-Nationale 2 (route),-12.79001,45.22046,Plein jour,En agglomération,Hors intersection,Normale,Autre collision,4,2,2,0,1,1,1,0,1,50,1,2,1,0,0,1,37.0,,voiture,,1,2,1,1,6
202200053057,2022-06-07 14:00:00,2022,6,7,14,0,31,31157,4 Rue Alfred Sauvy,43.536346,1.362197,Plein jour,En agglomération,Hors intersection,Normale,Autre collision,4,2,2,0,1,1,1,0,4,50,1,2,1,0,1,0,40.0,,voiture,,1,2,1,1,6
202200053058,2022-01-04 18:10:00,2022,1,4,18,10,27,27681,MADELEINE (RUE DE LA),49.11304,1.5185,Nuit avec éclairage non allumé,Hors agglomération,Hors intersection,Normale,Deux véhicules - frontale,4,2,2,0,1,1,2,0,1,80,2,2,0,0,0,2,50.0,28.0,voiture,voiture,4,1,1,1,1
202200053059,2022-08-12 12:00:00,2022,8,12,12,0,40,40117,cdcd824,43.771993,-0.418167,Plein jour,Hors agglomération,Hors intersection,Normale,Deux véhicules - frontale,3,2,2,0,1,2,1,0,1,80,2,2,1,1,0,0,70.0,78.0,deux_roues,voiture,1,1,1,1,1
202200053060,2022-09-18 15:37:00,2022,9,18,15,37,51,51108,Rue du Commandant Derrien,48.9698695345,4.3708151579,Plein jour,En agglomération,Hors intersection,Normale,Deux véhicules - côté,4,1,2,1,1,1,1,9,5,30,2,2,1,0,1,0,54.0,74.0,voiture,deux_roues,1,2,1,1,3
202200053061,2022-03-26 19:00:00,2022,3,26,19,0,91,91228,RN 104,48.61772,2.42841,Crépuscule ou aube,Hors agglomération,Hors intersection,Normale,Sans collision,2,1,2,0,1,1,1,0,1,90,2,2,1,0,0,1,20.0,,voiture,utilitaire_camion,2,1,1,1,7
202200053062,2022-10-21 22:00:00,2022,10,21,22,0,75,75117,AVENUE DE VILLIERS,48.884255,2.302676,Nuit avec éclairage allumé,En agglomération,Intersection en X,Normale,Deux véhicules - côté,4,2,4,0,1,1,1,0,1,30,2,3,2,0,0,1,22.0,27.0,voiture,deux_roues,5,2,2,1,3
202200053063,2022-05-06 14:20:00,2022,5,6,14,20,45,45234,2 Rue de la Sente aux Veneurs,47.9249615949,1.9275568575,Plein jour,En agglomération,Intersection en T,Normale,Deux véhicules - côté,4,2,2,0,1,1,1,0,1,50,2,2,0,0,0,2,70.0,23.0,voiture,voiture,1,2,3,1,3
202200053064,2022-06-07 11:30:00,2022,6,7,11,30,89,89240,Malay-le-Petit,48.169978,3.376531,Plein jour,Hors agglomération,Hors intersection,Normale,Sans collision,4,2,2,0,1,2,1,0,1,80,1,1,0,0,0,1,28.0,,deux_roues,,1,1,1,1,7
202200053065,2022-11-26 16:24:00,2022,11,26,16,24,976,97611,kaweni-Mangrove ( rue de la ),-12.77579,45.22528,Plein jour,En agglomération,Autre intersection,Normale,Deux véhicules - côté,2,-1,0,0,1,1,1,0,1,50,2,3,2,0,0,1,44.0,19.0,deux_roues,deux_roues,1,2,9,1,3
202200053066,2022-08-08 18:00:00,2022,8,8,18,0,24,24237,Chemin de la Ribeyrie,44.888829,0.551205,Plein jour,Hors agglomération,Giratoire,Normale,Autre collision,2,2,1,0,4,1,1,0,8,80,1,1,0,0,1,0,53.0,,utilitaire_camion,,1,1,6,1,6
202200053067,2022-01-03 17:45:00,2022,1,3,17,45,27,27229,Rue Hélène Boucher,49.00263,1.15813,Nuit sans éclairage public,En agglomération,Hors intersection,Pluie légère,Autre collision,4,2,2,0,1,1,2,0,1,50,1,1,0,0,0,1,19.0,,voiture,,3,2,1,2,6
202200053068,2022-09-17 07:20:00,2022,9,17,7,20,50,50129,MOULIN (RUE JEAN),49.65575,-1.67495,Crépuscule ou aube,En agglomération,Hors intersection,Normale,Autre collision,4,-1,2,0,1,1,1,0,1,50,1,1,0,0,0,1,33.0,,deux_roues,,2,2,1,1,6
202200053069,2022-05-06 10:45:00,2022,5,6,10,45,45,45234,18 Boulevard Alexandre Martin,47.9052833529,1.9119231552,Plein jour,En agglomération,Hors intersection,Normale,Autre collision,4,1,3,3,1,1,1,0,1,50,1,2,1,0,0,1,41.0,,voiture,,1,2,1,1,6
202200053070,2022-01-03 16:20:00,2022,1,3,16,20,27,27229,BART (RUE JEAN),49.02454,1.17203,Plein jour,En agglomération,Hors intersection,Pluie légère,Sans collision,4,2,2,0,1,1,2,0,1,30,1,1,0,0,0,1,24.0,,deux_roues,,1,2,1,2,7
202200053071,2022-03-26 21:00:00,2022,3,26,21,0,93,93066,AUTOROUTE A86,48.9228102258,2.3450229211,Nuit avec éclairage non allumé,Hors agglomération,Autre intersection,Normale,Trois véhicules et plus - en chaîne,1,3,7,0,2,1,1,3,1,50,3,3,2,0,0,1,19.0,31.0,voiture,voiture,4,1,9,1,4
202200053072,2022-08-12 01:40:00,2022,8,12,1,40,27,27017,départementale 51,48.9748678233,1.1460371017,Nuit sans éclairage public,Hors agglomération,Hors intersection,Normale,Autre collision,3,2,2,0,1,1,1,0,8,80,1,1,0,0,1,0,33.0,,voiture,,3,1,1,1,6
202200053073,2022-10-22 18:15:00,2022,10,22,18,15,75,75115,RUE DE L ARRIVEE,48.843946,2.322909,Plein jour,En agglomération,Place,Normale,Autre collision,4,2,2,0,1,1,1,0,1,30,1,2,1,0,0,1,35.0,,deux_roues,,1,2,7,1,6
202200053074,2022-09-19 19:25:00,2022,9,19,19,25,47,47001,BARBUSSE (AV. HENRI),44.20537,0.62775,Plein jour,En agglomération,Intersection en X,Normale,Deux véhicules - côté,4,2,2,0,1,1,1,0,1,50,2,2,1,0,0,1,24.0,32.0,voiture,voiture,1,2,2,1,3
202200053075,2022-01-03 18:20:00,2022,1,3,18,20,26,26362,CHABEUIL AVENUE DE (102),44.92446,4.92789,Nuit avec éclairage allumé,En agglomération,Intersection en T,Normale,Deux véhicules - frontale,4,2,2,0,1,1,1,0,1,50,2,2,1,0,1,0,33.0,24.0,voiture,voiture,5,2,3,1,1
202200053076,2022-10-22 16:35:00,2022,10,22,16,35,75,75112,BOULEVARD PONIATOWSKI,48.832913,2.400596,Plein jour,En agglomération,Hors intersection,Normale,Deux véhicules - arrière,4,1,4,0,1,1,1,0,1,30,2,2,1,0,0,1,29.0,45.0,deux_roues,voiture,1,2,1,1,2
202200053077,2022-06-06 12:00:00,2022,6,6,12,0,56,56240,Kervarin D780,47.53689,-2.740886,Plein jour,Hors agglomération,Intersection en T,Pluie légère,Deux véhicules - frontale,3,2,2,0,1,1,2,5,1,90,2,5,2,0,3,0,64.0,50.0,voiture,voiture,1,1,3,2,1
202200053078,2022-05-06 16:00:00,2022,5,6,16,0,37,37261,SEVIGNE (AVENUE DE),47.3606,0.70192,Plein jour,En agglomération,Hors intersection,Normale,Autre collision,4,2,4,0,1,1,1,0,1,30,1,2,1,0,0,1,45.0,,voiture,,1,2,1,1,6
202200053079,2022-08-12 09:50:00,2022,8,12,9,50,30,30234,,43.99812,4.123875,Plein jour,Hors agglomération,Hors intersection,Normale,Deux véhicules - frontale,3,2,2,0,1,1,1,0,1,80,2,5,4,0,0,1,22.0,36.0,voiture,utilitaire_camion,1,1,1,1,1
202200053080,2022-11-26 10:00:00,2022,11,26,10,0,974,97416,RN1 (ROUTE NATIONALE),-21.32669,55.44964,Plein jour,Hors agglomération,Hors intersection,Normale,Trois véhicules et plus - collisions multiples,2,1,2,0,1,1,1,0,1,110,4,5,3,0,0,2,54.0,27.0,voiture,voiture,1,1,1,1,5
202200053081,2022-03-26 13:10:00,2022,3,26,13,10,93,93066,AUTOROUTE A1,48.92006,2.35756,Plein jour,Hors agglomération,Autre intersection,Normale,Trois véhicules et plus - en chaîne,1,3,8,0,2,1,1,3,1,90,4,6,2,0,0,4,44.0,24.0,utilitaire_camion,voiture,1,1,9,1,4
202200053082,2022-01-03 13:00:00,2022,1,3,13,0,25,25462,GARE (DE LA),46.90233,6.35454,Plein jour,En agglomération,Intersection en X,Pluie légère,Deux véhicules - côté,4,1,2,0,1,1,2,0,1,50,2,2,1,0,0,1,54.0,17.0,voiture,deux_roues,1,2,2,2,3
202200053083,2022-09-19 19:45:00,2022,9,19,19,45,45,45234,Boulevard de Québec,47.91474,1.90209,Plein jour,En agglomération,Intersection en X,Normale,Deux véhicules - côté,4,2,3,0,1,1,1,0,1,50,2,2,1,0,0,1,35.0,17.0,voiture,deux_roues,1,2,2,1,3
202200053084,2022-10-22 10:20:00,2022,10,22,10,20,75,75108,RUE DE PONTHIEU,48.870212,2.31107,Plein jour,En agglomération,Intersection en X,Normale,Deux véhicules - côté,4,1,2,0,1,1,1,0,1,30,2,2,1,0,0,1,28.0,26.0,voiture,deux_roues,1,2,2,1,3
202200053085,2022-05-06 11:05:00,2022,5,6,11,5,37,37261,DE GAULLE (AVENUE DU GENERAL),47.3799795949,0.6951749325,Plein jour,En agglomération,Intersection en T,Normale,Autre collision,4,2,2,0,1,1,1,0,1,50,2,2,1,0,0,1,7.0,50.0,deux_roues,utilitaire_camion,1,2,3,1,6
202200053086,2022-03-27 14:40:00,2022,3,27,14,40,94,94058,A86.EXT,48.8434004838,2.4931471702,Plein jour,Hors agglomération,Hors intersection,Normale,Deux véhicules - arrière,1,3,3,0,1,1,1,1,1,90,2,3,1,0,0,2,62.0,39.0,voiture,deux_roues,1,1,1,1,2
202200053087,2022-09-17 19:15:00,2022,9,17,19,15,45,45208,12 Rue de la Sirene,48.00117,2.72722,Plein jour,En agglomération,Hors intersection,Normale,Autre collision,3,2,2,0,3,1,1,0,1,50,1,2,1,0,0,1,,,voiture,,1,2,1,1,6
202200053088,2022-01-04 18:00:00,2022,1,4,18,0,25,25056,RUSSEL RUE BERTRAND,47.21953,5.9756,Nuit avec éclairage allumé,En agglomération,Intersection en T,Pluie forte,Deux véhicules - côté,4,2,3,0,2,1,2,0,1,50,2,2,1,0,0,1,20.0,19.0,voiture,deux_roues,5,2,3,3,3