accident_id,datetime,annee,mois,jour,heure,minute,departement,commune_insee,adresse,latitude,longitude,luminosite,agglomeration,intersection,meteo,collision,catr,circ,nbv,vosp,prof,plan,surf,infra,situ,vma,nb_vehicules,nb_usagers,nb_indemnes,nb_tues,nb_blesses_hosp,nb_blesses_legers,age_cond_1,age_cond_2,veh_type_cond_1,veh_type_cond_2,lum_code,agg_code,int_code,atm_code,col_code
202200053089,2022-11-26 07:15:00,2022,11,26,7,15,974,97411,MONTAGNE (ROUTE DE LA),-20.88909,55.43699,Plein jour,Hors agglomération,Hors intersection,Normale,Deux véhicules - frontale,3,2,2,0,2,3,1,0,1,70,2,3,1,0,2,0,36.0,27.0,deux_roues,voiture,1,1,1,1,1
202200053090,2022-08-11 23:52:00,2022,8,11,23,52,06,06085,Avenue de Tournamy,43.600482,6.986108,Nuit sans éclairage public,En agglomération,Giratoire,Normale,Deux véhicules - côté,4,2,2,0,2,2,1,0,1,50,2,2,1,0,1,0,26.0,72.0,deux_roues,voiture,3,2,6,1,3
202200053091,2022-05-05 09:00:00,2022,5,5,9,0,37,37261,VAILLANT (RUE EDOUARD),47.3902184071,0.6941235065,Plein jour,En agglomération,Hors intersection,Normale,Deux véhicules - côté,4,2,2,0,1,1,1,0,1,50,2,2,1,0,0,1,46.0,26.0,voiture,deux_roues,1,2,1,1,3
202200053092,2022-10-21 21:15:00,2022,10,21,21,15,75,75115,RUE DE VAUGIRARD,48.84149,2.30794,Nuit avec éclairage allumé,En agglomération,Intersection en X,Normale,Deux véhicules - côté,4,1,2,1,1,1,1,0,1,30,2,2,1,0,0,1,24.0,28.0,deux_roues,deux_roues,5,2,2,1,3
202200053093,2022-03-27 07:00:00,2022,3,27,7,0,94,94046,A86 EXT,48.8107024269,2.4491754571,Plein jour,Hors agglomération,Hors intersection,Normale,Deux véhicules - arrière,1,3,5,0,1,1,1,0,1,70,2,2,1,0,0,1,,55.0,voiture,voiture,1,1,1,1,2
202200053094,2022-09-19 22:44:00,2022,9,19,22,44,44,44109,85 Boulevard des Anglais,47.227986,-1.580612,Nuit avec éclairage allumé,En agglomération,Hors intersection,Normale,Deux véhicules - frontale,4,2,2,2,1,1,1,0,1,50,2,2,1,0,1,0,67.0,16.0,voiture,voiture,5,2,1,1,1
202200053095,2022-01-01 03:58:00,2022,1,1,3,58,24,24557,GRANDOU (AVENUE MICHEL),45.18938,0.74979,Nuit avec éclairage allumé,En agglomération,Giratoire,Normale,Autre collision,3,2,2,0,1,1,1,1,8,50,1,2,0,0,1,1,21.0,,voiture,,5,2,6,1,6
202200053096,2022-05-06 22:00:00,2022,5,6,22,0,35,35238,MAIRIE (PLACE DE LA),48.11138,-1.67926,Crépuscule ou aube,En agglomération,Hors intersection,Normale,Autre collision,4,-1,0,0,1,1,1,6,1,30,1,2,1,0,1,0,51.0,,deux_roues,,2,2,1,1,6
202200053097,2022-11-26 08:30:00,2022,11,26,8,30,974,97411,BRASSENS (AVENUE GEORGES),-20.90433,55.48766,Plein jour,En agglomération,Hors intersection,Normale,Autre collision,4,3,2,0,2,1,1,0,1,30,1,2,1,0,0,1,80.0,,voiture,,1,2,1,1,6
202200053098,2022-10-21 18:12:00,2022,10,21,18,12,75,75107,RUE CLER,48.85923,2.305139,Plein jour,En agglomération,Intersection en T,Normale,Autre collision,4,1,1,0,1,1,1,0,1,30,1,2,1,0,0,1,45.0,,deux_roues,,1,2,3,1,6
202200053099,2022-03-27 03:10:00,2022,3,27,3,10,77,77018,A4,48.8357847289,2.8087362763,Nuit sans éclairage public,Hors agglomération,Hors intersection,Normale,Autre collision,1,-1,3,0,1,1,1,0,1,130,1,2,1,0,0,1,41.0,,voiture,,3,1,1,1,6
202200053100,2022-09-14 11:00:00,2022,9,14,11,0,42,42110,Rue de la Libération,45.48729,4.55258,Plein jour,En agglomération,Autre intersection,Normale,Autre collision,4,2,2,0,2,1,1,0,1,50,1,1,0,0,0,1,24.0,,deux_roues,,1,2,9,1,6
202200053101,2022-05-06 21:35:00,2022,5,6,21,35,35,35238,SAINT-BRIEUC (DE),48.11382,-1.70526,Crépuscule ou aube,En agglomération,Hors intersection,Normale,Deux véhicules - côté,4,2,2,2,1,1,1,0,4,50,2,3,2,0,0,1,25.0,18.0,voiture,deux_roues,2,2,1,1,3
202200053102,2022-01-04 09:00:00,2022,1,4,9,0,21,21054,DIJON (ROUTE DE),47.04108,4.84838,Plein jour,En agglomération,Hors intersection,Temps couvert,Trois véhicules et plus - en chaîne,3,2,2,0,3,1,2,2,1,50,3,3,1,0,0,2,41.0,38.0,voiture,voiture,1,2,1,8,4
202200053103,2022-10-22 15:00:00,2022,10,22,15,0,75,75103,PLACE DE LA REPUBLIQUE,48.866565,2.364829,Plein jour,En agglomération,Place,Normale,Deux véhicules - côté,4,2,4,0,1,1,1,0,1,30,2,2,1,0,0,1,56.0,72.0,voiture,deux_roues,1,2,7,1,3
202200053104,2022-11-26 07:00:00,2022,11,26,7,0,974,97411,JAURES (BLD 2 JEAN),-20.8934,55.47004,Plein jour,En agglomération,Hors intersection,Normale,Deux véhicules - arrière,2,1,3,0,2,1,1,0,1,50,2,3,1,0,0,2,42.0,21.0,voiture,voiture,1,2,1,1,2
202200053105,2022-03-26 19:30:00,2022,3,26,19,30,77,77294,A104,48.9661856923,2.6068511155,Crépuscule ou aube,Hors agglomération,Hors intersection,Normale,Autre collision,1,3,2,0,1,1,1,0,1,90,3,3,1,0,0,2,29.0,27.0,voiture,voiture,2,1,1,1,6
202200053106,2022-08-12 11:50:00,2022,8,12,11,50,11,11262,D168,43.169254,3.116083,Plein jour,Hors agglomération,Hors intersection,Normale,Deux véhicules - frontale,3,2,2,0,1,3,1,0,1,80,2,5,4,0,1,0,56.0,43.0,deux_roues,voiture,1,1,1,1,1
202200053107,2022-09-18 12:40:00,2022,9,18,12,40,41,41295,POINT DU JOUR (RUE DU),47.56985,1.37327,Plein jour,En agglomération,Giratoire,Normale,Deux véhicules - arrière,4,1,1,0,1,1,1,5,1,50,2,3,2,0,0,1,20.0,87.0,voiture,voiture,1,2,6,1,2
202200053108,2022-01-03 16:36:00,2022,1,3,16,36,21,21054,STADES (AVENUE DES),47.0345251472,4.8346012831,Plein jour,En agglomération,Hors intersection,Normale,Autre collision,4,-1,2,0,1,1,1,0,4,50,1,1,0,1,0,0,91.0,,voiture,,1,2,1,1,6
202200053109,2022-05-06 13:45:00,2022,5,6,13,45,35,35238,GRALL (XAVIER),48.13101,-1.6337,Plein jour,En agglomération,Hors intersection,Normale,Autre collision,6,-1,0,0,1,1,1,9,6,30,1,2,1,0,0,1,32.0,,voiture,,1,2,1,1,6
202200053110,2022-10-22 11:10:00,2022,10,22,11,10,75,75104,QUAI DE GESVRES,48.85607,2.350693,Plein jour,En agglomération,Intersection en X,Normale,Autre collision,4,1,3,3,1,1,1,0,1,30,1,1,0,0,0,1,87.0,,voiture,,1,2,2,1,6
202200053111,2022-03-26 19:30:00,2022,3,26,19,30,93,93051,A4,48.8360617958,2.5586780697,Plein jour,Hors agglomération,Hors intersection,Normale,Deux véhicules - côté,1,1,3,0,1,1,1,0,1,110,2,2,1,0,0,1,21.0,24.0,deux_roues,voiture,1,1,1,1,3
202200053112,2022-09-19 19:30:00,2022,9,19,19,30,37,37233,Quai de la Loire,47.396860404,0.7093477249,Plein jour,En agglomération,Hors intersection,Normale,Autre collision,4,2,2,0,1,1,1,9,1,50,1,4,3,0,1,0,27.0,,voiture,,1,2,1,1,6
202200053113,2022-08-11 15:30:00,2022,8,11,15,30,17,17226,A10,45.918572,-0.582082,Plein jour,Hors agglomération,Hors intersection,Normale,Sans collision,1,3,4,0,1,1,1,0,2,130,1,6,3,0,3,0,50.0,,voiture,,1,1,1,1,7
202200053114,2022-01-03 19:30:00,2022,1,3,19,30,14,14366,4 Rue Alexandre Piel,49.152053,0.224285,Nuit avec éclairage allumé,En agglomération,Intersection en X,Pluie forte,Deux véhicules - côté,4,1,1,0,1,1,2,0,1,50,2,2,1,0,1,0,18.0,38.0,deux_roues,voiture,5,2,2,3,3
202200053115,2022-03-26 18:40:00,2022,3,26,18,40,77,77121,A4,48.8319679504,2.6729113959,Plein jour,Hors agglomération,Hors intersection,Normale,Autre collision,1,3,3,0,1,1,1,0,1,110,1,1,0,0,0,1,26.0,,deux_roues,,1,1,1,1,6
202200053116,2022-05-06 20:30:00,2022,5,6,20,30,33,33281,Rue Arthur Rubinstein,44.83108,-0.64819,Plein jour,En agglomération,Intersection en T,Normale,Deux véhicules - frontale,4,2,2,0,1,1,1,0,1,30,2,3,2,0,0,1,38.0,52.0,voiture,deux_roues,1,2,3,1,1
202200053117,2022-10-22 04:45:00,2022,10,22,4,45,75,75101,RUE DE RIVOLI,48.859107,2.346429,Nuit avec éclairage allumé,En agglomération,Intersection en X,Normale,Autre collision,4,1,4,1,1,1,1,0,5,30,1,1,0,0,0,1,34.0,,deux_roues,,5,2,2,1,6
202200053118,2022-01-19 17:15:00,2022,1,19,17,15,33,33005,Querquillas,44.776961,-1.051083,Plein jour,Hors agglomération,Giratoire,Normale,Sans collision,3,3,4,0,1,1,1,0,1,80,1,1,0,1,0,0,71.0,,voiture,,1,1,6,1,7
202200053119,2022-03-26 12:45:00,2022,3,26,12,45,75,75116,ROUTE DE L ETOILE,48.874202,2.261756,Plein jour,En agglomération,Hors intersection,Normale,Autre collision,4,1,1,0,1,1,1,0,1,30,1,2,1,0,0,1,32.0,,deux_roues,,1,2,1,1,6
202200053120,2022-01-04 08:30:00,2022,1,4,8,30,13,13213,OLIVES (AVENUE DES),43.3264250296,5.4385691885,Plein jour,En agglomération,Place,Normale,Deux véhicules - côté,4,1,2,0,1,1,1,0,1,50,2,3,2,0,0,1,47.0,81.0,deux_roues,voiture,1,2,7,1,3
202200053121,2022-10-22 02:40:00,2022,10,22,2,40,75,75102,BOULEVARD DE SEBASTOPOL,48.864444,2.351538,Nuit avec éclairage allumé,En agglomération,Intersection en X,Normale,Sans collision,4,1,4,1,1,1,1,0,5,30,1,1,0,0,0,1,26.0,,deux_roues,,5,2,2,1,7
202200053122,2022-09-19 18:55:00,2022,9,19,18,55,37,37122,JAURES (BOULEVARD JEAN),47.34808,0.65837,Plein jour,En agglomération,Intersection en T,Temps éblouissant,Deux véhicules - côté,4,2,2,0,1,1,2,0,1,50,2,2,1,0,0,1,28.0,67.0,deux_roues,voiture,1,2,3,7,3
202200053123,2022-05-06 19:00:00,2022,5,6,19,0,33,33281,Avenue de l'Argonne,44.818809227,-0.6991365552,Plein jour,En agglomération,Intersection en T,Normale,Deux véhicules - côté,4,2,2,0,1,1,1,9,1,30,2,2,1,0,0,1,33.0,64.0,deux_roues,voiture,1,2,3,1,3
202200053124,2022-08-11 10:27:00,2022,8,11,10,27,11,11202,Rue du Veyret,42.857032,3.037548,Plein jour,En agglomération,Hors intersection,Normale,Autre collision,4,1,1,0,1,1,1,0,1,30,1,2,1,0,1,0,58.0,,voiture,,1,2,1,1,6
202200053125,2022-03-26 10:00:00,2022,3,26,10,0,33,33281,Rue du Jard,44.84423,-0.63965,Plein jour,En agglomération,Hors intersection,Normale,Autre collision,6,-1, -1,0,1,1,1,0,8,30,1,3,2,0,0,1,40.0,,voiture,,1,2,1,1,6
202200053126,2022-01-03 09:50:00,2022,1,3,9,50,13,13210,ROMAIN ROLLAND (BOULEVARD),43.2745089681,5.415097818,Plein jour,En agglomération,Hors intersection,Normale,Deux véhicules - arrière,4,2,4,0,1,1,1,0,1,50,2,2,1,0,0,1,51.0,21.0,deux_roues,voiture,1,2,1,1,2
202200053127,2022-09-19 08:10:00,2022,9,19,8,10,35,35238,SERGENT MAGINOT (AVENUE),48.10998,-1.66218,Crépuscule ou aube,En agglomération,Hors intersection,Normale,Autre collision,4,1,1,2,1,1,1,0,1,50,1,2,1,0,0,1,21.0,,voiture,,2,2,1,1,6
202200053128,2022-03-19 12:45:00,2022,3,19,12,45,33,33063,Rue Malbec,44.82742,-0.56126,Plein jour,En agglomération,Hors intersection,Normale,Deux véhicules - côté,4,1,1,0,2,1,1,0,1,50,2,3,2,0,0,1,36.0,55.0,voiture,deux_roues,1,2,1,1,3
202200053129,2022-10-22 10:20:00,2022,10,22,10,20,94,94068,EST (AV DE L),48.80759,2.50589,Plein jour,En agglomération,Intersection en X,Normale,Deux véhicules - arrière,4,2,2,0,2,1,1,0,1,30,2,4,3,0,0,1,29.0,48.0,voiture,voiture,1,2,2,1,2
202200053130,2022-08-12 09:40:00,2022,8,12,9,40,2A,2A247,Armentajo,41.543545,9.280851,Plein jour,Hors agglomération,Hors intersection,Normale,Deux véhicules - côté,4,2,2,0,2,2,1,0,1,-1,2,4,2,0,1,1,24.0,50.0,voiture,deux_roues,1,1,1,1,3
202200053131,2022-09-17 10:00:00,2022,9,17,10,0,34,34172,PEDRO DE LUNA (BOULEVARD),43.594543,3.871627,Plein jour,En agglomération,Hors intersection,Normale,Autre collision,4,1,2,0,1,3,1,0,1,50,1,2,1,0,1,0,,,voiture,,1,2,1,1,6
202200053132,2022-01-02 19:20:00,2022,1,2,19,20,13,13207,CÉSAR ALEMAN (RUE),43.29022,5.3574,Nuit avec éclairage allumé,En agglomération,Intersection en X,Normale,Deux véhicules - côté,4,1,1,0,1,1,1,0,1,50,2,2,1,0,0,1,45.0,19.0,voiture,deux_roues,5,2,2,1,3
202200053133,2022-08-12 12:45:00,2022,8,12,12,45,13,13085,D559a,43.241752,5.593983,Plein jour,Hors agglomération,Hors intersection,Normale,Deux véhicules - frontale,3,2,2,2,2,3,1,0,1,80,2,2,1,0,1,0,52.0,49.0,deux_roues,autre,1,1,1,1,1
202200053134,2022-05-06 09:15:00,2022,5,6,9,15,30,30028,MALRAUX (ROND POINT),44.155,4.61629,Plein jour,En agglomération,Giratoire,Normale,Deux véhicules - côté,3,1,2,0,1,2,1,5,1,50,2,4,1,0,0,3,20.0,52.0,voiture,voiture,1,2,6,1,3
202200053135,2022-10-21 22:30:00,2022,10,21,22,30,94,94068,LOUIS BLANC (AV),48.79621,2.50029,Nuit avec éclairage allumé,En agglomération,Intersection en X,Normale,Deux véhicules - côté,3,4,2,0,1,1,1,0,1,30,2,2,0,0,0,2,22.0,37.0,voiture,voiture,5,2,2,1,3
202200053136,2022-03-26 12:58:00,2022,3,26,12,58,69,69386,Cours Vitton,45.77035,4.86166,Plein jour,En agglomération,Intersection en X,Normale,Autre collision,4,1,2,2,1,1,1,5,1,30,1,2,1,0,0,1,37.0,,voiture,,1,2,2,1,6
202200053137,2022-01-03 12:10:00,2022,1,3,12,10,13,13005,GOUMS (AVENUE DES),43.2917988062,5.5614422283,Crépuscule ou aube,En agglomération,Hors intersection,Temps couvert,Autre collision,4,2,2,0,1,1,1,0,1,50,2,2,1,0,0,1,18.0,17.0,deux_roues,deux_roues,2,2,1,8,6
202200053138,2022-08-08 13:54:00,2022,8,8,13,54,13,13015,D8n en face du N°826,43.430117,5.392875,Plein jour,En agglomération,Hors intersection,Normale,Autre collision,3,2,2,0,1,1,1,0,1,50,1,2,1,0,0,1,25.0,,voiture,,1,2,1,1,6
202200053139,2022-09-19 19:20:00,2022,9,19,19,20,33,33069,Boulevard Godard,44.86256,-0.58445,Plein jour,En agglomération,Intersection en T,Normale,Deux véhicules - côté,4,-1,2,3,1,1,1,5,1,50,2,2,1,0,0,1,59.0,50.0,deux_roues,voiture,1,2,3,1,3
202200053140,2022-10-22 11:50:00,2022,10,22,11,50,94,94043,DANTON (R),48.811774,2.35988,Plein jour,En agglomération,Hors intersection,Normale,Deux véhicules - côté,4,1,1,0,1,1,1,0,1,30,2,2,1,0,0,1,23.0,32.0,deux_roues,voiture,1,2,1,1,3
202200053141,2022-03-25 21:05:00,2022,3,25,21,5,93,93063,Avenue des Bretagnes,48.8923127112,2.4264684319,Nuit avec éclairage allumé,En agglomération,Hors intersection,Normale,Autre collision,4,1,1,0,1,1,1,0,1,50,1,2,1,0,0,1,64.0,,voiture,,5,2,1,1,6
202200053142,2022-04-26 16:45:00,2022,4,26,16,45,30,30243,SOMMIERES (ANCIEN CHEMIN),44.0742,4.09077,Plein jour,En agglomération,Intersection en T,Normale,Deux véhicules - côté,4,2,2,0,1,3,1,0,1,50,2,2,1,0,0,1,20.0,49.0,utilitaire_camion,deux_roues,1,2,3,1,3
202200053143,2022-01-03 12:02:00,2022,1,3,12,2,10,10387,GENERAL PATTON (NATIONALE),48.2949,4.06713,Plein jour,En agglomération,Hors intersection,Normale,Sans collision,4,2,2,0,1,1,1,0,1,50,1,1,0,0,0,1,48.0,,deux_roues,,1,2,1,1,7
202200053144,2022-08-11 23:20:00,2022,8,11,23,20,13,13048,350 Ch. du Couloubleau,43.633334,5.64252,Nuit avec éclairage non allumé,En agglomération,Hors intersection,Normale,Deux véhicules - frontale,7,2,2,0,1,1,1,0,3,50,1,1,0,0,1,0,59.0,,voiture,,4,2,1,1,1
202200053145,2022-01-04 15:40:00,2022,1,4,15,40,06,06069,ROUQUIER (BOULEVARD EMMANUEL),43.628861,6.93788,Plein jour,En agglomération,Hors intersection,Normale,Autre collision,4,2,2,0,1,4,1,0,3,50,1,1,0,0,0,1,79.0,,voiture,,1,2,1,1,6
202200053146,2022-10-22 08:40:00,2022,10,22,8,40,94,94021,TROIS MARCHES (AV) / MIN RUNGIS,48.7607600726,2.3536232808,Plein jour,En agglomération,Hors intersection,Normale,Autre collision,4,1,1,0,1,1,1,0,1,30,1,2,1,1,0,0,49.0,,utilitaire_camion,,1,2,1,1,6
202200053147,2022-04-14 09:00:00,2022,4,14,9,0,22,22278,ATLANTIQUE (BD) N°58/71 A FIN,48.51773,-2.79913,Plein jour,En agglomération,Hors intersection,Normale,Autre collision,4,2,2,0,1,3,1,9,1,50,1,2,1,0,0,1,44.0,,voiture,,1,2,1,1,6
202200053148,2022-03-24 23:40:00,2022,3,24,23,40,93,93013,Rue Jules Guesde,48.936338,2.431521,Nuit avec éclairage allumé,En agglomération,Autre intersection,Normale,Deux véhicules - frontale,4,1,1,0,1,4,1,0,1,30,2,2,1,0,0,1,,30.0,utilitaire_camion,voiture,5,2,9,1,1
202200053149,2022-09-19 19:20:00,2022,9,19,19,20,33,33281,Avenue François Mitterrand,44.8171260784,-0.6749390066,Plein jour,Hors agglomération,Giratoire,Normale,Deux véhicules - côté,4,2,2,0,1,4,1,0,1,50,2,2,1,0,0,1,72.0,38.0,voiture,deux_roues,1,1,6,1,3
202200053150,2022-08-11 17:12:00,2022,8,11,17,12,26,26362,A7 gare de peage de valence sud,44.905105,4.880016,Plein jour,Hors agglomération,Hors intersection,Temps éblouissant,Autre collision,1,1,1,0,1,1,1,9,6,50,1,2,1,0,1,0,79.0,,utilitaire_camion,,1,1,1,7,6
202200053151,2022-10-22 14:10:00,2022,10,22,14,10,93,93051,Avenue Victor Basch,48.842013578,2.559657232,Plein jour,En agglomération,Hors intersection,Normale,Sans collision,4,2,2,0,1,1,1,0,1,50,2,2,1,0,1,0,,29.0,voiture,deux_roues,1,2,1,1,7
202200053152,2022-05-05 18:15:00,2022,5,5,18,15,14,14327,N814,49.19663,-0.33957,Plein jour,Hors agglomération,Hors intersection,Normale,Deux véhicules - arrière,2,1,3,0,1,1,1,0,1,70,2,2,1,0,0,1,43.0,34.0,voiture,voiture,1,1,1,1,2
202200053153,2022-08-11 11:35:00,2022,8,11,11,35,89,89059,Rue de la Forêt,48.019658,3.512251,Plein jour,En agglomération,Hors intersection,Normale,Autre collision,3,2,2,0,1,1,1,0,1,50,1,1,0,0,0,1,77.0,,voiture,,1,2,1,1,6
202200053154,2022-03-26 11:34:00,2022,3,26,11,34,973,97302,CONSTANT CHLORE(RUE),4.9343403002,-52.3206549883,Plein jour,En agglomération,Hors intersection,Normale,Deux véhicules - côté,4,2,1,0,1,1,1,0,1,50,2,4,3,0,0,1,35.0,21.0,voiture,deux_roues,1,2,1,1,3
202200053155,2022-01-04 18:50:00,2022,1,4,18,50,04,04112,RD 4096 / ch des Vannades,43.83416,5.79916,Nuit avec éclairage allumé,En agglomération,Intersection en T,Normale,Deux véhicules - arrière,3,2,2,0,1,1,1,5,1,50,2,4,2,0,0,2,27.0,24.0,voiture,voiture,5,2,3,1,2
202200053156,2022-09-19 13:10:00,2022,9,19,13,10,33,33318,Avenue de Noès,44.81317,-0.63516,Plein jour,En agglomération,Giratoire,Normale,Deux véhicules - côté,4,2,4,1,1,2,1,5,1,50,2,2,1,0,0,1,13.0,19.0,deux_roues,voiture,1,2,6,1,3
202200053157,2022-08-12 16:30:00,2022,8,12,16,30,89,89390,A5,48.331974,3.214215,Plein jour,Hors agglomération,Hors intersection,Normale,Autre collision,1,1,4,0,1,1,1,0,1,130,1,1,0,1,0,0,59.0,,deux_roues,,1,1,1,1,6
202200053158,2022-05-06 20:30:00,2022,5,6,20,30,13,13203,STRASBOURG (BOULEVARD),43.3067504491,5.3746903713,Crépuscule ou aube,En agglomération,Hors intersection,Temps couvert,Deux véhicules - arrière,4,2,4,0,1,1,1,0,1,50,2,2,1,0,1,0,21.0,24.0,voiture,deux_roues,2,2,1,8,2
202200053159,2022-10-22 14:10:00,2022,10,22,14,10,93,93027,Avenue Roger Salengro,48.93102,2.38629,Plein jour,En agglomération,Hors intersection,Normale,Deux véhicules - arrière,3,3,5,0,1,1,1,0,1,50,2,3,1,0,0,2,29.0,31.0,deux_roues,voiture,1,2,1,1,2
202200053160,2022-09-18 13:20:00,2022,9,18,13,20,33,33063,Quai des Queyries,44.8487901937,-0.5628266931,Plein jour,En agglomération,Hors intersection,Normale,Autre collision,4,2,1,1,1,1,1,6,5,5,1,2,1,0,0,1,,,deux_roues,,1,2,1,1,6
202200053161,2022-01-04 12:20:00,2022,1,4,12,20,75,75120,PORTE DE BAGNOLET,48.864826,2.412996,Plein jour,En agglomération,Intersection en Y,Pluie légère,Autre collision,4,1,2,0,2,2,2,0,1,50,1,2,1,0,0,1,25.0,,voiture,,1,2,4,2,6
202200053162,2022-10-22 17:05:00,2022,10,22,17,5,93,93010,Rue de la Liberté,48.89450832,2.4815263036,Plein jour,En agglomération,Hors intersection,Normale,Autre collision,4,1,1,0,1,1,1,0,1,30,1,2,1,0,0,1,26.0,,voiture,,1,2,1,1,6
202200053163,2022-08-11 15:50:00,2022,8,11,15,50,52,52380,Fort de Peigney (Château),47.8744085026,5.3624010086,Plein jour,Hors agglomération,Hors intersection,Normale,Deux véhicules - côté,3,2,2,0,2,1,1,0,1,80,2,3,2,0,1,0,42.0,15.0,voiture,deux_roues,1,1,1,1,3
202200053164,2022-05-03 16:55:00,2022,5,3,16,55,13,13211,VALBARELLE (BOULEVARD DE LA ),43.287661721,5.4488022947,Plein jour,En agglomération,Hors intersection,Normale,Deux véhicules - arrière,4,2,2,0,1,1,1,0,1,50,2,3,1,0,0,2,19.0,56.0,voiture,utilitaire_camion,1,2,1,1,2
202200053165,2022-03-26 23:00:00,2022,3,26,23,0,69,69259,Boulevard Irène Joliot Curie,45.71594,4.87827,Nuit avec éclairage allumé,En agglomération,Intersection en T,Normale,Deux véhicules - côté,7,3,4,1,1,1,1,0,1,50,2,6,3,0,0,3,24.0,22.0,voiture,voiture,5,2,3,1,3
202200053166,2022-01-04 10:30:00,2022,1,4,10,30,75,75106,BOULEVARD RASPAIL,48.849192,2.327615,Plein jour,En agglomération,Hors intersection,Pluie légère,Autre collision,4,1,2,3,1,1,2,0,1,50,1,1,0,0,0,1,21.0,,utilitaire_camion,,1,2,1,2,6
202200053167,2022-10-22 15:05:00,2022,10,22,15,5,92,92051,GENERAL KOENIG (BOULEVARD DU),48.88496,2.25516,Plein jour,En agglomération,Intersection en T,Normale,Deux véhicules - côté,3,1,2,0,1,1,1,0,1,50,2,2,1,0,0,1,59.0,24.0,voiture,voiture,1,2,3,1,3
202200053168,2022-07-12 19:20:00,2022,7,12,19,20,88,88243,Rue des Grands Jardins,48.312631,6.71593,Plein jour,En agglomération,Intersection en X,Normale,Deux véhicules - côté,4,2,2,0,1,1,1,5,1,50,2,2,1,0,0,1,42.0,16.0,voiture,deux_roues,1,2,2,1,3
202200053169,2022-03-25 17:40:00,2022,3,25,17,40,972,97209,GENERAL DE GAULLE (BLD DU),14.6078,-61.06964,Crépuscule ou aube,En agglomération,Hors intersection,Normale,Autre collision,2,3,2,0,1,1,1,9,1,30,1,2,1,0,1,0,34.0,,voiture,,2,2,1,1,6
202200053170,2022-04-27 20:10:00,2022,4,27,20,10,13,13004,RTE N570 AVIGNON STES MARIES,43.71883,4.64635,Plein jour,Hors agglomération,Hors intersection,Normale,Deux véhicules - frontale,3,2,2,0,1,1,1,0,3,80,1,4,0,1,3,0,45.0,,voiture,,1,1,1,1,1
202200053171,2022-01-04 07:00:00,2022,1,4,7,0,75,75118,AVENUE DE LA PORTE DE MONTMARTRE,48.900521,2.335435,Nuit avec éclairage allumé,En agglomération,Intersection en T,Pluie légère,Sans collision,4,2,4,0,1,1,2,0,1,30,1,1,0,0,0,1,35.0,,deux_roues,,5,2,3,2,7
202200053172,2022-10-22 19:40:00,2022,10,22,19,40,92,92040,ARISTIDE BRIAND,48.82113,2.25705,Nuit avec éclairage allumé,En agglomération,Hors intersection,Normale,Deux véhicules - arrière,3,2,2,0,1,1,1,0,1,30,2,2,1,0,0,1,24.0,42.0,deux_roues,voiture,5,2,1,1,2
202200053173,2022-05-05 18:21:00,2022,5,5,18,21,10,10333,,48.27215,4.04784,Plein jour,Hors agglomération,Hors intersection,Normale,Deux véhicules - arrière,3,3,4,0,1,1,1,0,1,90,2,2,1,0,0,1,38.0,47.0,utilitaire_camion,voiture,1,1,1,1,2
202200053174,2022-08-11 20:30:00,2022,8,11,20,30,74,74032,Route de la Côte,46.256106,6.519077,Crépuscule ou aube,Hors agglomération,Hors intersection,Normale,Autre collision,4,2,2,0,2,2,1,0,3,80,1,1,0,0,0,1,63.0,,voiture,,2,1,1,1,6
202200053175,2022-01-04 19:55:00,2022,1,4,19,55,75,75116,CARREFOUR DES TRIBUNES,48.862224,2.229327,Nuit avec éclairage allumé,En agglomération,Intersection en T,Pluie légère,Deux véhicules - côté,4,2,3,0,1,1,2,0,1,50,2,2,1,0,0,1,58.0,32.0,voiture,voiture,5,2,3,2,3
202200053176,2022-10-23 07:15:00,2022,10,23,7,15,41,41194,Rue de la Garenne du Puits,47.370903,1.771932,Nuit sans éclairage public,Hors agglomération,Hors intersection,Normale,Sans collision,4,2,2,0,1,1,2,0,3,80,1,2,0,0,1,1,23.0,,voiture,,3,1,1,1,7
202200053177,2022-03-26 09:05:00,2022,3,26,9,5,91,91421,NATIONALE 6 (PARTIE FORET),48.69134,2.45223,Plein jour,Hors agglomération,Hors intersection,Normale,Deux véhicules - arrière,3,1,0,0,1,2,1,0,3,90,2,2,1,0,0,1,23.0,36.0,voiture,voiture,1,1,1,1,2
202200053178,2022-05-06 16:10:00,2022,5,6,16,10,03,03190,Rue de Lyon,46.56002,3.3334,Plein jour,En agglomération,Intersection en T,Normale,Autre collision,4,1,1,0,1,2,1,9,1,50,1,2,1,0,1,0,51.0,,voiture,,1,2,3,1,6
202200053179,2022-01-04 07:05:00,2022,1,4,7,5,75,75116,BOULEVARD PERIPHERIQUE INTERIEUR OUEST,48.869067,2.27085,Nuit sans éclairage public,En agglomération,Hors intersection,Pluie légère,Deux véhicules - côté,4,1,4,0,1,1,2,0,1,70,2,2,1,0,0,1,38.0,28.0,utilitaire_camion,deux_roues,3,2,1,2,3
202200053180,2022-03-26 13:52:00,2022,3,26,13,52,91,91223,REPUBLIQUE (RUE DE LA),48.43491,2.16382,Plein jour,En agglomération,Hors intersection,Normale,Deux véhicules - arrière,4,-1,2,0,1,1,1,9,1,50,2,2,1,0,0,1,40.0,19.0,voiture,deux_roues,1,2,1,1,2
202200053181,2022-08-10 18:35:00,2022,8,10,18,35,42,42134,Route de Montbrison,45.689694,4.036848,Plein jour,Hors agglomération,Intersection en X,Normale,Deux véhicules - arrière,3,2,2,0,1,1,1,0,1,80,2,4,1,0,1,2,21.0,25.0,voiture,voiture,1,1,2,1,2