accident_id,datetime,annee,mois,jour,heure,minute,departement,commune_insee,adresse,latitude,longitude,luminosite,agglomeration,intersection,meteo,collision,catr,circ,nbv,vosp,prof,plan,surf,infra,situ,vma,nb_vehicules,nb_usagers,nb_indemnes,nb_tues,nb_blesses_hosp,nb_blesses_legers,age_cond_1,age_cond_2,veh_type_cond_1,veh_type_cond_2,lum_code,agg_code,int_code,atm_code,col_code
202200053182,2022-05-06 23:25:00,2022,5,6,23,25,01,01053,allee de challes,46.20927,5.23428,Nuit sans éclairage public,En agglomération,Hors intersection,Normale,Autre collision,4,2,2,0,1,1,1,0,1,50,1,2,1,0,0,1,75.0,,voiture,,3,2,1,1,6
202200053183,2022-10-23 02:15:00,2022,10,23,2,15,988,98812,RT1 - Karem Bay,-20.60579,164.32295,Nuit sans éclairage public,Hors agglomération,Autre intersection,Pluie légère,Deux véhicules - côté,2,2,2,0,1,1,2,0,1,110,2,5,3,2,0,0,28.0,27.0,voiture,utilitaire_camion,3,1,9,2,3
202200053184,2022-03-26 06:01:00,2022,3,26,6,1,84,84087,CHATEAUNEUF (RUE DE),44.12364,4.81906,Crépuscule ou aube,En agglomération,Hors intersection,Normale,Deux véhicules - frontale,3,2,2,0,1,4,1,0,4,30,1,1,0,0,1,0,35.0,,voiture,,2,2,1,1,1
202200053185,2022-01-03 19:15:00,2022,1,3,19,15,75,75115,AVENUE DE SUFFREN,48.857469,2.291053,Nuit avec éclairage allumé,En agglomération,Intersection en T,Pluie légère,Autre collision,4,2,3,0,1,1,2,0,1,30,1,2,1,0,0,1,,,voiture,,5,2,3,2,6
202200053186,2022-10-23 00:10:00,2022,10,23,0,10,28,28006,N1154,48.437031,1.430926,Nuit sans éclairage public,Hors agglomération,Giratoire,Normale,Sans collision,2,2,2,0,1,3,1,0,3,90,1,2,0,0,2,0,35.0,,voiture,,3,1,6,1,7
202200053187,2022-08-11 07:45:00,2022,8,11,7,45,38,38087,254 Avenue Francois Mitterrand,45.583519,4.798791,Plein jour,En agglomération,Hors intersection,Normale,Deux véhicules - frontale,3,2,2,0,1,1,1,0,1,50,2,4,2,0,1,1,57.0,51.0,deux_roues,utilitaire_camion,1,2,1,1,1
202200053188,2022-05-05 09:00:00,2022,5,5,9,0,75,75120,BD PERIPHERIQUE EXTERIEUR,48.868827,2.413474,Plein jour,En agglomération,Intersection en Y,Normale,Deux véhicules - arrière,4,1,4,0,1,1,1,0,1,70,2,2,1,0,0,1,37.0,31.0,voiture,deux_roues,1,2,4,1,2
202200053189,2022-03-25 13:38:00,2022,3,25,13,38,83,83137,AYRAL (RUE JEAN),43.14742,5.90209,Plein jour,En agglomération,Hors intersection,Normale,Autre collision,4,2,2,0,1,1,1,0,1,30,1,2,1,0,0,1,72.0,,voiture,,1,2,1,1,6
202200053190,2022-01-04 06:08:00,2022,1,4,6,8,75,75112,AVENUE DAUMESNIL,48.834409,2.409891,Nuit avec éclairage allumé,En agglomération,Intersection en T,Pluie forte,Deux véhicules - côté,4,1,2,0,1,1,2,0,1,30,2,3,2,0,0,1,62.0,40.0,deux_roues,voiture,5,2,3,3,3
202200053191,2022-10-23 07:20:00,2022,10,23,7,20,35,35124,RN137,47.767232,-1.710251,Nuit sans éclairage public,Hors agglomération,Hors intersection,Normale,Autre collision,2,3,4,0,1,2,1,0,3,110,1,2,1,1,0,0,19.0,,voiture,,3,1,1,1,6
202200053192,2022-05-06 17:15:00,2022,5,6,17,15,75,75112,AVENUE DAUMESNIL,48.837534,2.425351,Plein jour,En agglomération,Intersection en X,Temps éblouissant,Autre collision,4,2,2,0,1,1,1,0,1,30,1,2,1,0,1,0,55.0,,voiture,,1,2,2,7,6
202200053193,2022-03-25 19:45:00,2022,3,25,19,45,81,81004,CASTRES,43.9067,2.1412,Plein jour,En agglomération,Hors intersection,Normale,Autre collision,3,2,2,0,2,1,1,0,1,50,1,2,1,0,0,1,57.0,,voiture,,1,2,1,1,6
202200053194,2022-08-11 18:30:00,2022,8,11,18,30,26,26313,Rue des Petits Eynards,44.9652,4.96712,Plein jour,En agglomération,Intersection en T,Normale,Deux véhicules - frontale,3,2,2,0,1,1,1,0,1,50,2,2,0,0,1,1,24.0,31.0,utilitaire_camion,deux_roues,1,2,3,1,1
202200053195,2022-10-14 16:10:00,2022,10,14,16,10,84,84037,D68,44.076024,4.832697,Plein jour,Hors agglomération,Hors intersection,Normale,Deux véhicules - frontale,3,2,2,0,1,1,1,0,3,80,1,3,0,0,1,2,72.0,,voiture,,1,1,1,1,1
202200053196,2022-01-03 08:00:00,2022,1,3,8,0,75,75112,RUE DE CHARENTON,48.843241,2.385351,Crépuscule ou aube,En agglomération,Intersection en T,Temps couvert,Deux véhicules - arrière,4,2,2,0,1,1,1,0,1,30,2,2,1,0,0,1,60.0,20.0,voiture,deux_roues,2,2,3,8,2
202200053197,2022-08-12 12:15:00,2022,8,12,12,15,01,01249,10 Rue de la Gare,45.823834,4.954923,Plein jour,En agglomération,Hors intersection,Normale,Autre collision,4,1,1,0,1,1,1,0,1,30,1,1,0,0,0,1,62.0,,voiture,,1,2,1,1,6
202200053198,2022-05-06 09:15:00,2022,5,6,9,15,75,75109,RUE GLUCK,48.872191,2.332814,Plein jour,En agglomération,Intersection en X,Normale,Autre collision,4,1,2,0,1,1,1,0,1,30,1,2,1,0,1,0,44.0,,transport_commun,,1,2,2,1,6
202200053199,2022-01-04 02:05:00,2022,1,4,2,5,75,75107,QUAI D ORSAY,48.8625667771,2.3104065657,Nuit sans éclairage public,En agglomération,Intersection en X,Pluie forte,Sans collision,4,2,4,1,1,1,2,-1,5,25,1,1,0,0,0,1,19.0,,deux_roues,,3,2,2,3,7
202200053200,2022-05-06 18:50:00,2022,5,6,18,50,75,75120,RUE PIXERECOURT,48.874577,2.395738,Plein jour,En agglomération,Hors intersection,Normale,Autre collision,4,1,1,0,1,1,1,0,1,30,1,2,1,0,0,1,,,deux_roues,,1,2,1,1,6
202200053201,2022-10-22 20:50:00,2022,10,22,20,50,37,37005,Autoroute A10 PK 257+800 en direction de BORDEAUX,46.962477,0.548501,Nuit sans éclairage public,Hors agglomération,Hors intersection,Normale,Deux véhicules - frontale,1,2,2,0,1,1,1,0,1,130,2,5,0,1,0,4,35.0,84.0,voiture,voiture,3,1,1,1,1
202200053202,2022-03-26 10:30:00,2022,3,26,10,30,78,78672,POISSY RUE DE,48.928165,2.004632,Plein jour,En agglomération,Autre intersection,Normale,Deux véhicules - arrière,3,2,2,0,2,1,1,9,8,50,2,4,3,0,0,1,47.0,49.0,voiture,voiture,1,2,9,1,2
202200053203,2022-08-10 17:13:00,2022,8,10,17,13,01,01405,D22,46.150966,5.194232,Plein jour,Hors agglomération,Intersection en T,Temps éblouissant,Deux véhicules - côté,3,2,2,0,2,1,1,0,1,80,2,3,1,0,1,1,90.0,18.0,voiture,utilitaire_camion,1,1,3,7,3
202200053204,2022-05-06 14:45:00,2022,5,6,14,45,75,75120,AVENUE GAMBETTA,48.869677,2.402634,Plein jour,En agglomération,Intersection en X,Normale,Autre collision,4,2,3,1,2,1,1,0,5,30,1,2,1,0,0,1,19.0,,deux_roues,,1,2,2,1,6
202200053205,2022-01-04 05:00:00,2022,1,4,5,0,75,75108,AVENUE DES CHAMPS ELYSEES,48.871907,2.300932,Nuit avec éclairage allumé,En agglomération,Intersection en X,Pluie forte,Deux véhicules - côté,4,2,10,0,1,1,2,0,1,50,2,3,2,0,0,1,28.0,44.0,voiture,utilitaire_camion,5,2,2,3,3
202200053206,2022-03-26 18:00:00,2022,3,26,18,0,77,77014,D210,48.423906,2.739373,Plein jour,En agglomération,Intersection en T,Normale,Deux véhicules - côté,3,2,3,0,1,1,1,0,1,50,2,2,1,0,0,1,50.0,20.0,deux_roues,voiture,1,2,3,1,3
202200053207,2022-05-06 18:00:00,2022,5,6,18,0,75,75119,BOULEVARD MACDONALD,48.898783,2.375139,Plein jour,En agglomération,Hors intersection,Normale,Autre collision,4,2,4,0,1,1,1,0,1,50,1,2,1,0,0,1,78.0,,voiture,,1,2,1,1,6
202200053208,2022-08-12 08:55:00,2022,8,12,8,55,09,09249,D117,42.929405,1.736215,Plein jour,Hors agglomération,Hors intersection,Normale,Deux véhicules - arrière,3,2,2,0,1,1,1,0,1,80,2,4,0,0,0,4,54.0,26.0,utilitaire_camion,utilitaire_camion,1,1,1,1,2
202200053209,2022-10-22 16:00:00,2022,10,22,16,0,83,83140,,43.41147,5.908928,Plein jour,Hors agglomération,Hors intersection,Normale,Deux véhicules - frontale,3,2,2,0,1,3,1,0,1,80,2,3,0,1,1,1,25.0,54.0,deux_roues,voiture,1,1,1,1,1
202200053210,2022-03-26 05:05:00,2022,3,26,5,5,77,77216,D607,48.30364,2.68048,Nuit sans éclairage public,Hors agglomération,Hors intersection,Normale,Autre collision,3,3,3,0,3,1,1,0,1,90,1,1,0,0,0,1,28.0,,voiture,,3,1,1,1,6
202200053211,2022-01-03 18:40:00,2022,1,3,18,40,75,75108,AVENUE MATIGNON,48.872135,2.31293,Nuit avec éclairage non allumé,En agglomération,Intersection en T,Pluie forte,Autre collision,4,1,3,0,1,2,2,0,1,30,1,2,1,0,0,1,36.0,,voiture,,4,2,3,3,6
202200053212,2022-10-22 17:40:00,2022,10,22,17,40,51,51639,D42,48.961796,3.677282,Plein jour,En agglomération,Hors intersection,Normale,Sans collision,3,2,2,0,1,1,1,0,3,50,1,1,0,0,0,1,25.0,,voiture,,1,2,1,1,7
202200053213,2022-08-10 18:45:00,2022,8,10,18,45,33,33203,13 Rue d'Aquitaine,45.184572,-1.057027,Plein jour,En agglomération,Hors intersection,Normale,Autre collision,3,2,2,0,1,1,1,0,1,50,1,1,0,0,1,0,42.0,,deux_roues,,1,2,1,1,6
202200053214,2022-05-06 13:25:00,2022,5,6,13,25,75,75119,AVENUE SIMON BOLIVAR,48.87686,2.374403,Plein jour,En agglomération,Intersection en T,Normale,Deux véhicules - côté,4,1,1,0,2,1,1,0,1,30,2,3,2,0,0,1,39.0,39.0,deux_roues,voiture,1,2,3,1,3
202200053215,2022-01-04 10:00:00,2022,1,4,10,0,75,75101,QUAI FRANCOIS MITTERRAND,48.859587,2.335599,Plein jour,En agglomération,Hors intersection,Pluie légère,Sans collision,4,1,4,3,1,1,2,0,1,30,1,1,0,0,0,1,31.0,,deux_roues,,1,2,1,2,7
202200053216,2022-03-26 17:00:00,2022,3,26,17,0,76,76575,Avenue des Canadiens,49.40236,1.06551,Plein jour,En agglomération,Hors intersection,Normale,Deux véhicules - arrière,7,2,4,3,1,2,1,-1,1,50,2,2,1,0,0,1,45.0,21.0,voiture,deux_roues,1,2,1,1,2
202200053217,2022-10-23 15:10:00,2022,10,23,15,10,56,56055,4 Cours des quais,47.658494,-3.206044,Plein jour,En agglomération,Hors intersection,Normale,Autre collision,4,2,2,0,1,1,1,0,4,20,1,7,1,1,5,0,81.0,,voiture,,1,2,1,1,6
202200053218,2022-05-05 21:30:00,2022,5,5,21,30,75,75119,AVENUE CORENTIN CARIOU,48.895458,2.383141,Nuit avec éclairage allumé,En agglomération,Intersection en Y,Normale,Deux véhicules - côté,4,2,3,0,1,1,1,0,1,30,2,3,1,0,0,2,55.0,34.0,voiture,deux_roues,5,2,4,1,3
202200053219,2022-01-04 21:30:00,2022,1,4,21,30,94,94076,Boulevard de Stalingrad,48.784462,2.367197,Nuit avec éclairage allumé,En agglomération,Hors intersection,Pluie légère,Deux véhicules - côté,3,1,1,1,1,1,2,0,1,50,2,2,1,0,0,1,28.0,25.0,voiture,deux_roues,5,2,1,2,3
202200053220,2022-08-11 16:00:00,2022,8,11,16,0,44,44176,6 Rue Jouhaux,47.350231,-2.181461,Plein jour,En agglomération,Intersection en X,Temps éblouissant,Deux véhicules - côté,3,2,2,1,2,1,1,0,5,50,2,2,0,0,1,1,45.0,12.0,deux_roues,deux_roues,1,2,2,7,3
202200053221,2022-03-26 21:30:00,2022,3,26,21,30,69,69290,Boulevard de la Porte des Alpes,45.71677,4.92807,Nuit avec éclairage allumé,En agglomération,Hors intersection,Normale,Deux véhicules - côté,4,2,4,3,1,1,1,5,1,50,2,5,4,0,0,1,40.0,47.0,voiture,voiture,5,2,1,1,3
202200053222,2022-10-23 17:25:00,2022,10,23,17,25,80,80008,rue des chasses maree,50.036149,1.597964,Plein jour,En agglomération,Intersection en X,Pluie légère,Autre collision,4,2,2,0,1,1,2,5,4,50,1,2,1,0,0,1,51.0,,deux_roues,,1,2,2,2,6
202200053223,2022-01-04 07:30:00,2022,1,4,7,30,94,94028,Avenue Pompadour,48.7728809244,2.4344560504,Nuit sans éclairage public,En agglomération,Hors intersection,Pluie légère,Deux véhicules - côté,3,3,2,3,1,1,2,0,6,50,2,2,0,0,0,1,23.0,,deux_roues,utilitaire_camion,3,2,1,2,3
202200053224,2022-08-04 16:45:00,2022,8,4,16,45,44,44172,4 Rue Louis Bréguet,47.272073,-1.465839,Plein jour,En agglomération,Hors intersection,Normale,Deux véhicules - côté,4,2,2,0,1,1,1,0,1,50,2,2,1,0,1,0,48.0,29.0,deux_roues,utilitaire_camion,1,2,1,1,3
202200053225,2022-05-06 18:30:00,2022,5,6,18,30,75,75118,RUE ORDENER,48.89088,2.353245,Plein jour,En agglomération,Intersection en T,Normale,Deux véhicules - côté,4,-1,3,0,1,1,1,0,1,30,2,2,1,0,0,1,41.0,24.0,deux_roues,voiture,1,2,3,1,3
202200053226,2022-03-25 16:40:00,2022,3,25,16,40,69,69092,Chemin des Rousses,45.99414,4.70475,Plein jour,En agglomération,Hors intersection,Normale,Autre collision,4,2,2,2,2,1,1,0,1,50,1,2,1,0,0,1,19.0,,voiture,,1,2,1,1,6
202200053227,2022-10-22 21:30:00,2022,10,22,21,30,71,71208,D 996,46.898414,5.15763,Nuit sans éclairage public,Hors agglomération,Autre intersection,Normale,Sans collision,3,2,2,0,1,1,1,0,3,70,1,2,0,1,0,1,40.0,,voiture,,3,1,9,1,7
202200053228,2022-01-04 15:00:00,2022,1,4,15,0,94,94017,313 Avenue du Général de Gaulle,48.82726,2.5206,Plein jour,En agglomération,Hors intersection,Temps couvert,Deux véhicules - côté,3,2,3,0,2,1,2,0,1,50,2,3,2,0,0,1,30.0,63.0,deux_roues,voiture,1,2,1,8,3
202200053229,2022-05-06 06:20:00,2022,5,6,6,20,75,75118,RUE DE TORCY,48.891266,2.363294,Plein jour,En agglomération,Intersection en X,Normale,Deux véhicules - côté,4,1,1,0,1,1,1,0,1,30,2,2,1,0,0,1,38.0,41.0,voiture,deux_roues,1,2,2,1,3
202200053230,2022-08-12 10:10:00,2022,8,12,10,10,22,22343,21ter Rue de Kerellec,48.777121,-3.58143,Plein jour,En agglomération,Hors intersection,Normale,Deux véhicules - côté,4,2,2,0,2,3,1,0,1,30,2,4,3,1,0,0,76.0,69.0,voiture,deux_roues,1,2,1,1,3
202200053231,2022-10-22 15:45:00,2022,10,22,15,45,63,63291,Terre Dieu,45.943638,3.491877,Plein jour,Hors agglomération,Hors intersection,Normale,Autre collision,3,2,2,0,1,1,1,0,1,-1,1,3,1,0,1,1,33.0,,voiture,,1,1,1,1,6
202200053232,2022-03-26 16:10:00,2022,3,26,16,10,64,64445,boulevard Olof Palme,43.34016,-0.37596,Plein jour,En agglomération,Hors intersection,Normale,Trois véhicules et plus - collisions multiples,3,2,2,0,1,3,1,0,1,70,4,4,2,0,0,2,72.0,51.0,voiture,voiture,1,2,1,1,5
202200053233,2022-01-04 14:03:00,2022,1,4,14,3,93,93066,COMMUNE DE PARIS,48.9361497479,2.3645432515,Plein jour,En agglomération,Intersection en Y,Temps couvert,Deux véhicules - côté,4,2,2,0,1,1,2,0,1,50,2,2,1,0,0,1,,25.0,voiture,deux_roues,1,2,4,8,3
202200053234,2022-10-21 07:45:00,2022,10,21,7,45,55,55353,Route de Richecourt,48.888501,5.720723,Crépuscule ou aube,En agglomération,Hors intersection,Pluie légère,Autre collision,3,2,2,0,2,2,2,0,3,50,1,1,0,0,0,1,51.0,,voiture,,2,2,1,2,6
202200053235,2022-05-05 21:13:00,2022,5,5,21,13,75,75118,BOULEVARD BARBES,48.889483,2.349601,Nuit avec éclairage allumé,En agglomération,Intersection en X,Normale,Deux véhicules - côté,4,2,4,0,1,1,1,0,1,30,2,3,2,0,0,1,,17.0,voiture,deux_roues,5,2,2,1,3
202200053236,2022-03-26 00:40:00,2022,3,26,0,40,62,62863,WANDHOFFEN ( RUE ),50.5362,2.7709,Nuit avec éclairage allumé,En agglomération,Hors intersection,Normale,Autre collision,3,-1,2,0,1,1,1,0,3,50,1,1,0,0,1,0,30.0,,voiture,,5,2,1,1,6
202200053237,2022-08-10 20:50:00,2022,8,10,20,50,22,22143,route de dinard,48.599544,-2.28756,Plein jour,En agglomération,Giratoire,Normale,Deux véhicules - côté,3,2,0,0,1,3,1,9,1,50,2,2,1,0,1,0,85.0,61.0,voiture,deux_roues,1,2,6,1,3
202200053238,2022-10-22 19:30:00,2022,10,22,19,30,49,49310,Le Val Rossi,47.10678,-0.518166,Nuit sans éclairage public,Hors agglomération,Hors intersection,Normale,Sans collision,4,2,2,0,1,1,1,0,1,80,1,1,0,0,0,1,61.0,,utilitaire_camion,,3,1,1,1,7
202200053239,2022-01-04 07:50:00,2022,1,4,7,50,93,93053,Rue Anatole France / Rue Paul Vaillant Couturier,48.89003,2.45276,Crépuscule ou aube,En agglomération,Intersection en X,Pluie légère,Autre collision,3,3,2,0,4,1,2,0,1,50,1,2,1,0,0,1,56.0,,voiture,,2,2,2,2,6
202200053240,2022-05-05 11:40:00,2022,5,5,11,40,75,75118,RUE DE TOMBOUCTOU,48.884635,2.356455,Plein jour,En agglomération,Hors intersection,Normale,Deux véhicules - arrière,4,2,2,0,2,1,1,0,1,30,2,2,1,0,0,1,30.0,44.0,deux_roues,voiture,1,2,1,1,2
202200053241,2022-03-25 16:10:00,2022,3,25,16,10,60,60159,Rue Jeanne d’Arc,49.41744,2.82331,Plein jour,Hors agglomération,Hors intersection,Normale,Autre collision,4,1,1,0,1,1,1,0,1,30,1,2,1,0,1,0,44.0,,voiture,,1,1,1,1,6
202200053242,2022-10-22 19:20:00,2022,10,22,19,20,49,49228,route de maupertuis (Breil),47.4841102227,0.1700305939,Nuit sans éclairage public,Hors agglomération,Autre intersection,Normale,Autre collision,3,2,2,0,1,1,1,0,1,80,1,2,1,0,1,0,,,autre,,3,1,9,1,6
202200053243,2022-01-01 06:54:00,2022,1,1,6,54,93,93029,Avenue Henri Barbusse,48.91692,2.44548,Nuit avec éclairage allumé,En agglomération,Hors intersection,Normale,Deux véhicules - arrière,3,2,2,0,1,1,1,0,1,50,2,2,1,0,1,0,36.0,33.0,voiture,deux_roues,5,2,1,1,2
202200053244,2022-03-26 17:20:00,2022,3,26,17,20,59,59350,LANNOY RUE,50.63337,3.09134,Plein jour,En agglomération,Hors intersection,Normale,Autre collision,4,2,4,2,1,1,1,0,1,50,1,2,1,0,0,1,36.0,,deux_roues,,1,2,1,1,6
202200053245,2022-05-06 18:25:00,2022,5,6,18,25,75,75117,RUE POUCHET,48.894228,2.320617,Plein jour,En agglomération,Intersection en X,Normale,Deux véhicules - côté,4,2,2,0,2,1,1,0,1,30,2,2,1,0,0,1,,45.0,deux_roues,deux_roues,1,2,2,1,3
202200053246,2022-10-22 17:50:00,2022,10,22,17,50,12,12270,Château,44.343965,3.019079,Plein jour,Hors agglomération,Intersection en T,Normale,Autre collision,2,2,2,0,1,1,1,0,3,80,1,1,0,0,1,0,20.0,,voiture,,1,1,3,1,6
202200053247,2022-05-06 06:20:00,2022,5,6,6,20,75,75116,BOULEVARD LANNES,48.870226,2.274416,Plein jour,En agglomération,Hors intersection,Normale,Autre collision,4,2,2,0,1,1,1,0,1,50,1,1,0,0,1,0,42.0,,deux_roues,,1,2,1,1,6
202200053248,2022-10-22 04:15:00,2022,10,22,4,15,12,12199,les Plos,44.420559,2.303642,Nuit sans éclairage public,Hors agglomération,Hors intersection,Temps couvert,Autre collision,3,2,2,0,2,2,1,0,3,90,1,1,0,0,1,0,65.0,,voiture,,3,1,1,8,6
202200053249,2022-01-04 12:50:00,2022,1,4,12,50,93,93008,Place de la Liberation,48.906365,2.438798,Plein jour,En agglomération,Place,Pluie légère,Autre collision,4,2,2,0,1,3,2,0,1,50,1,2,0,0,0,2,34.0,,utilitaire_camion,,1,2,7,2,6
202200053250,2022-03-25 10:30:00,2022,3,25,10,30,59,59043,HAZEBROUCK (ROUTE D'),50.7359028679,2.7114611864,Plein jour,Hors agglomération,Intersection en X,Normale,Deux véhicules - frontale,3,2,2,0,1,1,1,0,1,70,2,2,0,0,1,1,56.0,35.0,utilitaire_camion,voiture,1,1,2,1,1
202200053251,2022-10-22 20:10:00,2022,10,22,20,10,46,46280,3209-3453 Route de Bergerac,44.5264930911,1.3156797904,Nuit sans éclairage public,Hors agglomération,Hors intersection,Normale,Autre collision,3,2,2,0,2,1,1,0,3,80,1,1,0,0,0,1,31.0,,deux_roues,,3,1,1,1,6
202200053252,2022-05-06 10:20:00,2022,5,6,10,20,75,75113,AVENUE D IVRY,48.82594,2.360439,Plein jour,En agglomération,Intersection en T,Normale,Deux véhicules - côté,4,1,4,1,1,1,1,0,5,30,2,2,1,0,0,1,19.0,65.0,deux_roues,deux_roues,1,2,3,1,3
202200053253,2022-03-26 09:40:00,2022,3,26,9,40,54,54439,VERVAUX (RUE DE LA),48.69716,6.25511,Plein jour,En agglomération,Hors intersection,Normale,Deux véhicules - côté,4,2,2,0,1,1,1,0,1,30,2,2,1,0,0,1,,37.0,voiture,deux_roues,1,2,1,1,3
202200053254,2022-01-04 09:55:00,2022,1,4,9,55,93,93008,Rue de Paris,48.899819,2.448569,Plein jour,En agglomération,Hors intersection,Pluie légère,Deux véhicules - arrière,3,3,4,0,1,1,2,0,1,50,2,2,1,0,0,1,81.0,19.0,voiture,deux_roues,1,2,1,2,2
202200053255,2022-10-23 10:20:00,2022,10,23,10,20,47,47301,"RD 933, route de marmande",44.5417117011,0.2991277544,Plein jour,Hors agglomération,Hors intersection,Normale,Autre collision,3,2,2,0,1,3,1,0,3,80,1,1,0,1,0,0,81.0,,voiture,,1,1,1,1,6
202200053256,2022-05-06 15:35:00,2022,5,6,15,35,75,75111,RUE SAINT MAUR,48.867628,2.375639,Plein jour,En agglomération,Intersection en T,Normale,Autre collision,4,1,2,2,1,1,1,0,5,30,1,2,1,0,0,1,45.0,,deux_roues,,1,2,3,1,6
202200053257,2022-03-26 14:59:00,2022,3,26,14,59,47,47001,GAMBETTA (COURS),44.20112,0.61203,Plein jour,En agglomération,Hors intersection,Normale,Deux véhicules - arrière,3,2,4,0,2,1,2,0,1,50,2,2,1,0,1,0,41.0,18.0,deux_roues,voiture,1,2,1,1,2
202200053258,2022-01-04 12:30:00,2022,1,4,12,30,92,92073,ROOSVELT (AVENUE FRANKLIN),48.8724324096,2.2209341079,Plein jour,En agglomération,Hors intersection,Temps couvert,Sans collision,3,2,0,0,2,2,2,0,1,50,1,1,0,0,0,1,22.0,,deux_roues,,1,2,1,8,7
202200053259,2022-10-22 21:15:00,2022,10,22,21,15,34,34013,D609,43.575757,3.463558,Nuit sans éclairage public,Hors agglomération,Hors intersection,Normale,Deux véhicules - arrière,3,2,2,0,1,1,1,0,1,80,2,2,1,0,1,0,39.0,40.0,deux_roues,utilitaire_camion,3,1,1,1,2
202200053260,2022-05-06 12:07:00,2022,5,6,12,7,75,75110,QUAI DE JEMMAPES,48.869595,2.367022,Plein jour,En agglomération,Hors intersection,Normale,Deux véhicules - côté,4,1,1,1,1,1,1,0,5,30,2,3,2,0,0,1,38.0,30.0,voiture,deux_roues,1,2,1,1,3
202200053261,2022-10-17 13:30:00,2022,10,17,13,30,25,25228,33 Av du General Charles de Gaulle,47.506646,6.858922,Plein jour,En agglomération,Hors intersection,Normale,Autre collision,3,2,2,0,1,1,1,0,1,50,1,2,1,0,0,1,36.0,,voiture,,1,2,1,1,6
202200053262,2022-03-26 17:55:00,2022,3,26,17,55,44,44184,53bis Route de l’Etang,47.29042,-2.2659,Plein jour,En agglomération,Intersection en T,Normale,Deux véhicules - côté,4,-1,2,0,2,1,1,0,1,50,2,3,2,0,1,0,58.0,69.0,voiture,deux_roues,1,2,3,1,3
202200053263,2022-05-06 14:40:00,2022,5,6,14,40,75,75108,RUE DU FAUBOURG SAINT HONORE,48.868782,2.321832,Plein jour,En agglomération,Intersection en X,Normale,Autre collision,4,1,1,0,1,1,1,0,1,30,1,2,1,0,0,1,24.0,,utilitaire_camion,,1,2,2,1,6
202200053264,2022-01-03 15:15:00,2022,1,3,15,15,92,92062,WALLACE (BD RICHARD) DU 2 AU 28 ET DU 1,48.8783231787,2.2424675524,Plein jour,En agglomération,Intersection en T,Pluie légère,Deux véhicules - arrière,3,2,5,0,1,1,2,0,1,50,2,2,1,0,0,1,66.0,35.0,voiture,deux_roues,1,2,3,2,2
202200053265,2022-10-23 11:30:00,2022,10,23,11,30,44,44188,D65,47.014253,-1.650556,Plein jour,Hors agglomération,Intersection en X,Normale,Deux véhicules - côté,3,2,2,0,1,1,1,0,1,80,2,2,1,1,0,0,63.0,40.0,voiture,deux_roues,1,1,2,1,3
202200053266,2022-03-26 18:50:00,2022,3,26,18,50,37,37261,MARCHANT DU PLESSIS (BOULEVARD),47.38262,0.6833,Plein jour,En agglomération,Intersection en X,Normale,Deux véhicules - côté,4,2,2,0,1,1,1,0,1,50,2,3,1,0,0,2,29.0,24.0,voiture,voiture,1,2,2,1,3
202200053267,2022-03-23 20:10:00,2022,3,23,20,10,75,75107,RUE SAINT DOMINIQUE,48.859829,2.308841,Nuit avec éclairage allumé,En agglomération,Intersection en T,Normale,Sans collision,4,1,1,0,1,1,1,0,1,30,1,1,0,0,0,1,33.0,,deux_roues,,5,2,3,1,7
202200053268,2022-05-06 00:05:00,2022,5,6,0,5,75,75107,BOULEVARD SAINT GERMAIN,48.860115,2.32161,Nuit avec éclairage allumé,En agglomération,Intersection en Y,Normale,Autre collision,4,-1,0,0,1,1,1,0,4,30,1,1,0,0,0,1,27.0,,deux_roues,,5,2,4,1,6
202200053269,2022-03-26 14:40:00,2022,3,26,14,40,37,37261,CALAIS (RUE DE),47.4214473871,0.6860554218,Plein jour,En agglomération,Intersection en X,Normale,Deux véhicules - côté,4,2,2,0,1,1,1,0,1,50,2,5,3,0,0,2,24.0,75.0,voiture,voiture,1,2,2,1,3
202200053270,2022-10-22 18:30:00,2022,10,22,18,30,44,44119,1 les Lierres,46.953756,-1.761675,Crépuscule ou aube,Hors agglomération,Hors intersection,Normale,Deux véhicules - frontale,4,2,2,0,1,2,1,0,1,80,2,3,2,0,1,0,20.0,20.0,utilitaire_camion,voiture,2,1,1,1,1
202200053271,2022-01-02 08:20:00,2022,1,2,8,20,92,92051,"BINEAU (BOULEVARD, N°53 A 131 ET 52 A 13",48.88673,2.28309,Crépuscule ou aube,En agglomération,Intersection à plus de 4 branches,Normale,Deux véhicules - côté,3,3,2,0,1,1,1,5,1,50,2,6,3,0,1,2,24.0,34.0,voiture,autre,2,2,5,1,3
202200053272,2022-03-26 06:30:00,2022,3,26,6,30,33,33522,Cours de la Libération,44.8015003964,-0.5943946965,Plein jour,En agglomération,Hors intersection,Normale,Autre collision,4,3,2,1,1,3,1,0,5,30,2,3,1,0,0,2,27.0,27.0,voiture,deux_roues,1,2,1,1,6
202200053273,2022-05-06 11:15:00,2022,5,6,11,15,75,75102,RUE DU QUATRE SEPTEMBRE,48.869537,2.336795,Plein jour,En agglomération,Intersection en X,Normale,Deux véhicules - frontale,4,1,2,0,1,1,1,0,1,30,2,2,1,0,0,1,33.0,59.0,deux_roues,deux_roues,1,2,2,1,1