accident_id,datetime,annee,mois,jour,heure,minute,departement,commune_insee,adresse,latitude,longitude,luminosite,agglomeration,intersection,meteo,collision,catr,circ,nbv,vosp,prof,plan,surf,infra,situ,vma,nb_vehicules,nb_usagers,nb_indemnes,nb_tues,nb_blesses_hosp,nb_blesses_legers,age_cond_1,age_cond_2,veh_type_cond_1,veh_type_cond_2,lum_code,agg_code,int_code,atm_code,col_code
202200053366,2022-03-26 15:55:00,2022,3,26,15,55,75,75101,RUE DE RIVOLI,48.861481,2.339121,Plein jour,En agglomération,Intersection en T,Normale,Sans collision,4,1,4,1,1,1,1,0,5,30,1,1,0,0,0,1,20.0,,deux_roues,,1,2,3,1,7
202200053367,2022-01-05 18:30:00,2022,1,5,18,30,85,85302,2 Avenue du Champ Blanc,46.962228,-1.002454,Nuit avec éclairage allumé,En agglomération,Intersection en X,Normale,Deux véhicules - côté,4,2,2,0,1,1,1,0,1,50,2,2,1,0,1,0,50.0,15.0,voiture,deux_roues,5,2,2,1,3
202200053368,2022-03-25 17:30:00,2022,3,25,17,30,75,75101,RUE DE LA LINGERIE,48.86019,2.346434,Plein jour,En agglomération,Intersection en Y,Normale,Autre collision,4,-1,1,3,1,1,1,6,4,15,1,2,1,0,0,1,39.0,,deux_roues,,1,2,4,1,6
202200053369,2022-01-03 12:15:00,2022,1,3,12,15,13,13210,A50-Sens Marseille vers Aubagne,43.282,5.399,Plein jour,Hors agglomération,Hors intersection,Normale,Deux véhicules - côté,4,-1,1,0,1,1,1,0,1,50,2,2,1,0,0,1,24.0,54.0,deux_roues,utilitaire_camion,1,1,1,1,3
202200053370,2022-03-25 10:20:00,2022,3,25,10,20,75,75103,RUE SAINT MARTIN,48.867932,2.354978,Plein jour,En agglomération,Intersection en X,Normale,Deux véhicules - côté,4,1,1,0,1,1,1,0,1,30,2,3,2,0,0,1,66.0,48.0,voiture,deux_roues,1,2,2,1,3
202200053371,2022-01-04 09:00:00,2022,1,4,9,0,92,92002,RN 385 Extèrieure,48.7606003263,2.2855849717,Plein jour,Hors agglomération,Hors intersection,Pluie légère,Deux véhicules - arrière,2,1,2,0,1,1,2,0,1,90,2,2,1,0,0,1,,19.0,voiture,deux_roues,1,1,1,2,2
202200053372,2022-01-03 22:57:00,2022,1,3,22,57,94,94034,AUTOROUTE A86,48.75741,2.33482,Nuit sans éclairage public,Hors agglomération,Hors intersection,Pluie légère,Sans collision,1,1,2,0,2,2,2,0,1,70,1,5,2,0,0,3,24.0,,voiture,,3,1,1,2,7
202200053373,2022-01-04 01:30:00,2022,1,4,1,30,92,92048,N118,48.79904,2.21619,Nuit sans éclairage public,Hors agglomération,Hors intersection,Pluie forte,Autre collision,2,1,3,0,1,1,4,0,1,90,1,1,0,0,0,1,22.0,,voiture,,3,1,1,3,6
202200053374,2022-03-18 21:08:00,2022,3,18,21,8,75,75102,BOULEVARD POISSONNIERE,48.8706724079,2.3478917778,Nuit avec éclairage allumé,En agglomération,Intersection en X,Normale,Sans collision,4,2,4,0,1,1,1,0,1,50,1,1,0,0,1,0,55.0,,deux_roues,,5,2,2,1,7
202200053375,2022-01-03 00:15:00,2022,1,3,0,15,78,78640,N118,48.7849528268,2.2229145169,Nuit sans éclairage public,Hors agglomération,Hors intersection,Normale,Deux véhicules - arrière,2,1,3,0,1,1,1,0,1,90,2,7,5,0,0,2,43.0,,voiture,voiture,3,1,1,1,2
202200053376,2022-01-04 09:45:00,2022,1,4,9,45,93,93066,AUTOROUTE A1,48.92171,2.35715,Plein jour,Hors agglomération,Hors intersection,Pluie légère,Sans collision,1,3,8,0,1,1,2,0,1,70,1,1,0,0,0,1,30.0,,deux_roues,,1,1,1,2,7
202200053377,2022-01-04 08:35:00,2022,1,4,8,35,92,92036,AUTOROUTE A15,48.9446848956,2.2853856324,Crépuscule ou aube,Hors agglomération,Hors intersection,Pluie forte,Deux véhicules - côté,1,3,3,0,2,2,2,2,1,90,2,2,1,0,0,1,33.0,28.0,voiture,deux_roues,2,1,1,3,3
202200053378,2022-01-04 06:20:00,2022,1,4,6,20,93,93027,AUTOROUTE A86,48.9255222309,2.3965842204,Nuit sans éclairage public,Hors agglomération,Hors intersection,Pluie légère,Deux véhicules - arrière,1,3,8,0,1,1,3,0,1,90,2,2,1,0,0,1,53.0,48.0,voiture,utilitaire_camion,3,1,1,2,2
202200053379,2022-01-03 23:00:00,2022,1,3,23,0,93,93010,AUTOROUTE A3,48.90437,2.4726,Nuit sans éclairage public,Hors agglomération,Hors intersection,Pluie légère,Sans collision,1,3,2,0,2,3,2,0,1,70,1,1,0,0,0,1,32.0,,voiture,,3,1,1,2,7
202200053380,2022-01-03 18:30:00,2022,1,3,18,30,95,95607, A115,49.01819,2.21358,Nuit avec éclairage allumé,Hors agglomération,Hors intersection,Pluie forte,Trois véhicules et plus - en chaîne,1,3,4,0,1,1,2,0,1,90,3,3,1,0,0,2,42.0,41.0,voiture,voiture,5,1,1,3,4
202200053381,2022-01-03 23:25:00,2022,1,3,23,25,94,94044,RN406.W,48.7572046351,2.4751231775,Nuit sans éclairage public,Hors agglomération,Hors intersection,Pluie légère,Autre collision,2,1,2,0,1,3,2,0,1,70,1,2,0,0,0,2,21.0,,voiture,,3,1,1,2,6
202200053382,2022-01-03 13:45:00,2022,1,3,13,45,75,75119,BOULEVARD PERIPHERIQUE,48.9002219582,2.3763138056,Plein jour,En agglomération,Intersection en Y,Normale,Trois véhicules et plus - en chaîne,4,1,4,0,1,1,1,0,1,70,3,3,1,0,0,2,42.0,70.0,utilitaire_camion,deux_roues,1,2,4,1,4
202200053383,2022-01-01 07:06:00,2022,1,1,7,6,75,75115,BOULEVARD PASTEUR,48.840652,2.314991,Nuit avec éclairage allumé,En agglomération,Intersection en X,Normale,Autre collision,4,1,2,1,1,1,1,0,1,30,1,1,0,0,1,0,20.0,,deux_roues,,5,2,2,1,6
202200053384,2022-01-03 17:46:00,2022,1,3,17,46,75,75113,BOULEVARD DU GENERAL JEAN SIMON,48.825711,2.382038,Nuit avec éclairage allumé,En agglomération,Place,Pluie forte,Autre collision,4,1,2,0,1,1,2,0,1,50,1,2,0,0,0,2,54.0,,deux_roues,,5,2,7,3,6
202200053385,2022-01-03 19:15:00,2022,1,3,19,15,75,75112,BOULEVARD DE LA BASTILLE,48.848795,2.368006,Nuit avec éclairage allumé,En agglomération,Intersection en Y,Pluie forte,Deux véhicules - frontale,4,1,2,1,1,1,3,-1,5,30,2,2,1,0,0,1,42.0,27.0,deux_roues,deux_roues,5,2,4,3,1
202200053386,2022-01-03 18:40:00,2022,1,3,18,40,75,75111,BOULEVARD VOLTAIRE,48.865686,2.366895,Nuit avec éclairage allumé,En agglomération,Hors intersection,Pluie forte,Autre collision,4,2,4,0,1,1,2,0,1,30,1,2,1,0,0,1,34.0,,deux_roues,,5,2,1,3,6
202200053387,2022-01-03 18:15:00,2022,1,3,18,15,75,75112,RUE DU FAUBOURG SAINT ANTOINE,48.85064,2.378815,Nuit avec éclairage allumé,En agglomération,Intersection en T,Pluie forte,Autre collision,4,1,3,1,1,1,2,-1,5,30,1,2,1,0,0,1,,,deux_roues,,5,2,3,3,6
202200053388,2022-01-03 07:35:00,2022,1,3,7,35,75,75102,AVENUE DE L OPERA,48.86752,2.333664,Nuit avec éclairage allumé,En agglomération,Intersection en X,Normale,Deux véhicules - côté,4,2,6,0,1,1,1,0,1,30,2,2,1,0,0,1,41.0,35.0,utilitaire_camion,deux_roues,5,2,2,1,3
202200053389,2022-01-03 19:55:00,2022,1,3,19,55,94,94081,Avenue Jean Jaurès,48.79345,2.3974,Nuit avec éclairage allumé,En agglomération,Intersection en X,Pluie légère,Deux véhicules - frontale,3,2,2,0,1,1,2,0,1,50,2,2,0,0,0,2,26.0,24.0,voiture,deux_roues,5,2,2,2,1
202200053390,2022-01-03 08:45:00,2022,1,3,8,45,94,94081,Avenue Jean Jaurès,48.794103,2.400248,Plein jour,En agglomération,Hors intersection,Temps couvert,Autre collision,3,2,2,0,1,1,1,0,1,50,1,2,1,0,0,1,32.0,,voiture,,1,2,1,8,6
202200053391,2022-01-03 19:40:00,2022,1,3,19,40,94,94046,Avenue de la République,48.80655,2.4433,Crépuscule ou aube,En agglomération,Intersection en X,Pluie légère,Deux véhicules - côté,3,2,2,0,1,1,2,0,1,50,2,2,1,0,0,1,24.0,19.0,voiture,deux_roues,2,2,2,2,3
202200053392,2022-01-03 18:55:00,2022,1,3,18,55,94,94046,15 Avenue du Général Leclerc,48.80922,2.43452,Nuit avec éclairage allumé,En agglomération,Hors intersection,Pluie légère,Autre collision,3,1,2,0,1,1,2,0,8,50,1,2,1,0,0,1,20.0,,deux_roues,,5,2,1,2,6
202200053393,2022-01-03 19:20:00,2022,1,3,19,20,93,93073,RESISTANCE (RUE DE LA),48.9488511211,2.5657506287,Nuit avec éclairage allumé,En agglomération,Intersection en X,Pluie légère,Autre collision,3,3,2,0,1,1,2,5,1,50,1,2,1,0,0,1,32.0,,utilitaire_camion,,5,2,2,2,6
202200053394,2022-01-02 13:00:00,2022,1,2,13,0,93,93073,VAILLANT (BOULEVARD CHARLES),48.94501,2.57721,Plein jour,En agglomération,Hors intersection,Normale,Autre collision,4,2,2,0,1,1,1,0,1,50,1,3,1,0,0,2,41.0,,voiture,,1,2,1,1,6
202200053395,2022-01-03 21:45:00,2022,1,3,21,45,93,93046,Allée de l’Est,48.9324190576,2.5594383591,Nuit avec éclairage allumé,En agglomération,Hors intersection,Pluie forte,Autre collision,4,1,1,0,1,1,2,0,1,50,1,1,0,0,0,1,27.0,,utilitaire_camion,,5,2,1,3,6
202200053396,2022-01-03 20:45:00,2022,1,3,20,45,93,93077,GRANDE RUE,48.8824,2.52436,Nuit avec éclairage allumé,En agglomération,Hors intersection,Pluie légère,Autre collision,3,3,1,0,1,1,2,0,1,50,1,2,1,0,0,1,32.0,,voiture,,5,2,1,2,6
202200053397,2022-01-03 19:40:00,2022,1,3,19,40,93,93048,FRANKLIN (RUE),48.86073,2.44354,Nuit avec éclairage allumé,En agglomération,Hors intersection,Pluie légère,Autre collision,4,2,2,0,1,1,2,0,1,30,1,2,1,0,0,1,24.0,,voiture,,5,2,1,2,6
202200053398,2022-01-03 13:45:00,2022,1,3,13,45,93,93048,Boulevard de Chanzy,48.8585869608,2.4299392104,Plein jour,En agglomération,Hors intersection,Normale,Sans collision,3,2,2,0,1,2,1,9,1,30,2,2,1,0,0,1,52.0,39.0,deux_roues,utilitaire_camion,1,2,1,1,7
202200053399,2022-01-03 19:30:00,2022,1,3,19,30,93,93008,CONVENTION (AVENUE DE LA),48.9148897124,2.4173462391,Nuit avec éclairage allumé,En agglomération,Hors intersection,Pluie légère,Deux véhicules - côté,4,2,2,0,1,1,2,9,8,50,2,2,1,0,0,1,38.0,19.0,deux_roues,voiture,5,2,1,2,3
202200053400,2022-01-03 13:10:00,2022,1,3,13,10,92,92073,ROOSVELT (AVENUE FRANKLIN),48.8722900834,2.2210031748,Plein jour,En agglomération,Hors intersection,Normale,Deux véhicules - côté,3,2,2,0,2,3,1,0,1,50,2,3,2,0,0,1,72.0,37.0,voiture,deux_roues,1,2,1,1,3
202200053401,2022-01-03 11:40:00,2022,1,3,11,40,92,92051,GENERAL CORDONNIER (RUE DU),48.8837987213,2.2749008238,Plein jour,En agglomération,Hors intersection,Normale,Autre collision,4,1,1,0,1,1,1,0,1,30,1,2,1,0,0,1,22.0,,deux_roues,,1,2,1,1,6
202200053402,2022-01-03 12:12:00,2022,1,3,12,12,92,92026,ALMA,48.8965132977,2.2523342594,Plein jour,En agglomération,Intersection en T,Normale,Deux véhicules - côté,3,2,3,2,1,1,1,0,1,30,2,2,1,0,0,1,27.0,,deux_roues,voiture,1,2,3,1,3
202200053403,2022-01-04 13:15:00,2022,1,4,13,15,62,62495,chaussée brunehaut,50.64348,1.974078,Plein jour,Hors agglomération,Intersection en X,Pluie légère,Deux véhicules - côté,3,2,2,0,1,1,2,0,1,80,2,2,1,0,1,0,50.0,25.0,voiture,deux_roues,1,1,2,2,3
202200053404,2022-01-04 15:00:00,2022,1,4,15,0,67,67372,105 Grand Rue,48.850008,7.634999,Plein jour,En agglomération,Hors intersection,Pluie forte,Autre collision,3,2,2,0,1,1,2,9,1,50,1,2,1,0,1,0,81.0,,voiture,,1,2,1,3,6
202200053405,2022-01-03 23:15:00,2022,1,3,23,15,84,84069,D938,44.192601,5.121168,Nuit avec éclairage non allumé,En agglomération,Hors intersection,Normale,Deux véhicules - frontale,3,2,2,0,1,1,1,0,3,50,1,2,0,0,0,2,43.0,,voiture,,4,2,1,1,1
202200053406,2022-01-03 20:10:00,2022,1,3,20,10,10,10003,,48.2611029795,3.7406945229,Nuit sans éclairage public,Hors agglomération,Hors intersection,Pluie légère,Autre collision,3,2,2,0,2,1,2,0,3,90,1,1,0,0,1,0,38.0,,voiture,,3,1,1,2,6
202200053407,2022-01-03 13:30:00,2022,1,3,13,30,972,97204,37 avenue du general de gaulle,14.707119,-61.183323,Plein jour,En agglomération,Intersection en T,Normale,Deux véhicules - frontale,2,2,2,0,1,1,1,0,1,50,2,2,1,0,1,0,29.0,25.0,deux_roues,voiture,1,2,3,1,1
202200053408,2022-01-02 23:45:00,2022,1,2,23,45,26,26138,A7 nord/sud,44.384315,4.731224,Nuit sans éclairage public,Hors agglomération,Hors intersection,Normale,Deux véhicules - arrière,1,2,3,0,1,1,1,0,1,130,2,2,1,0,0,1,50.0,21.0,voiture,voiture,3,1,1,1,2
202200053409,2022-05-29 13:15:00,2022,5,29,13,15,33,33379,Lieu Dit Semens,44.697781,-0.141374,Plein jour,Hors agglomération,Hors intersection,Normale,Autre collision,3,2,2,0,1,1,1,0,3,70,1,2,1,0,1,0,91.0,,voiture,,1,1,1,1,6
202200053410,2022-06-03 11:30:00,2022,6,3,11,30,33,33507,,44.3897341792,-0.1885389369,Plein jour,Hors agglomération,Intersection en T,Normale,Autre collision,3,2,2,0,1,1,1,0,1,80,1,1,0,1,0,0,72.0,,voiture,,1,1,3,1,6
202200053411,2022-06-06 20:00:00,2022,6,6,20,0,11,11261,CD6113,43.1895052125,2.6453881965,Plein jour,Hors agglomération,Hors intersection,Temps couvert,Autre collision,3,2,2,0,1,1,1,0,8,-1,1,1,0,0,1,0,40.0,,voiture,,1,1,1,8,6
202200053412,2022-06-05 00:05:00,2022,6,5,0,5,11,11386,RD 323 lieu dit Canteric,43.0459936423,2.6704935534,Nuit sans éclairage public,Hors agglomération,Hors intersection,Normale,Autre collision,3,2,2,0,1,2,1,2,3,80,1,1,0,1,0,0,66.0,,deux_roues,,3,1,1,1,6
202200053413,2022-06-07 09:00:00,2022,6,7,9,0,89,89119,route de clamecy,47.521727,3.539984,Plein jour,En agglomération,Intersection en T,Normale,Deux véhicules - côté,2,2,2,0,2,3,1,0,1,50,2,2,1,0,1,0,37.0,57.0,deux_roues,voiture,1,2,3,1,3
202200053414,2022-06-06 05:53:00,2022,6,6,5,53,47,47100,n21,44.269496,0.684371,Crépuscule ou aube,Hors agglomération,Intersection en T,Normale,Autre collision,2,2,2,0,1,2,1,0,8,80,1,5,1,0,0,4,19.0,,voiture,,2,1,3,1,6
202200053415,2022-04-16 11:10:00,2022,4,16,11,10,44,44102,La Baillerie,47.049697,-1.482398,Plein jour,Hors agglomération,Intersection en Y,Normale,Deux véhicules - côté,3,2,1,0,1,1,1,0,1,80,2,2,1,0,1,0,23.0,80.0,deux_roues,voiture,1,1,4,1,3
202200053416,2022-06-06 19:20:00,2022,6,6,19,20,29,29015,D38,48.481513,-4.522161,Plein jour,Hors agglomération,Hors intersection,Pluie légère,Autre collision,3,2,2,0,1,3,2,0,3,80,1,1,0,0,0,1,19.0,,voiture,,1,1,1,2,6
202200053417,2022-06-04 19:10:00,2022,6,4,19,10,31,31530,Route d Alan,43.22237,1.001623,Plein jour,Hors agglomération,Hors intersection,Normale,Autre collision,3,2,2,0,1,1,1,0,3,80,1,1,0,0,1,0,41.0,,voiture,,1,1,1,1,6
202200053418,2022-06-07 09:33:00,2022,6,7,9,33,38,38249,D11,45.221725,5.822668,Plein jour,Hors agglomération,Hors intersection,Normale,Deux véhicules - côté,3,2,1,0,1,3,1,9,1,80,2,2,1,0,1,0,41.0,59.0,voiture,deux_roues,1,1,1,1,3
202200053419,2022-01-17 09:30:00,2022,1,17,9,30,03,03275,Cours Genevieve Huilier,46.533742,3.191469,Plein jour,En agglomération,Place,Temps couvert,Autre collision,6,-1, -1,0,1,1,2,0,1,30,1,2,1,1,0,0,58.0,,utilitaire_camion,,1,2,7,8,6
202200053420,2022-06-06 17:20:00,2022,6,6,17,20,26,26227,d94,44.389049,5.386557,Plein jour,Hors agglomération,Hors intersection,Normale,Autre collision,3,2,2,0,1,2,1,0,3,80,1,1,0,0,0,1,28.0,,deux_roues,,1,1,1,1,6
202200053421,2022-11-26 07:45:00,2022,11,26,7,45,974,97407,ROMERO(AVENUE),-20.946349,55.29713,Plein jour,En agglomération,Intersection en X,Normale,Deux véhicules - côté,4,-1,2,0,1,1,1,0,1,50,2,2,1,0,0,1,20.0,16.0,voiture,deux_roues,1,2,2,1,3
202200053422,2022-06-06 18:45:00,2022,6,6,18,45,54,54232,51 Avenue de la Libération,48.688461,5.955334,Plein jour,En agglomération,Hors intersection,Normale,Autre collision,3,2,2,0,1,1,1,0,1,50,1,2,0,0,1,1,45.0,,deux_roues,,1,2,1,1,6
202200053423,2022-08-12 17:20:00,2022,8,12,17,20,76,76727,D131,49.430570502,0.6784057617,Plein jour,Hors agglomération,Hors intersection,Normale,Autre collision,3,2,2,0,2,2,1,0,3,80,1,1,0,1,0,0,50.0,,voiture,,1,1,1,1,6
202200053424,2022-11-26 14:50:00,2022,11,26,14,50,69,69388,Boulevard Ambroise Paré,45.73505,4.88221,Plein jour,En agglomération,Intersection en X,Normale,Deux véhicules - côté,4,2,2,2,1,1,1,0,1,30,2,2,1,0,1,0,20.0,44.0,deux_roues,voiture,1,2,2,1,3
202200053425,2022-06-07 14:15:00,2022,6,7,14,15,50,50454,rd650,49.556955,-1.74777,Plein jour,Hors agglomération,Hors intersection,Normale,Deux véhicules - frontale,3,2,2,0,2,1,1,0,1,80,2,3,1,0,1,1,23.0,74.0,utilitaire_camion,voiture,1,1,1,1,1
202200053426,2022-08-10 21:30:00,2022,8,10,21,30,60,60089,D153,49.232228,1.880379,Crépuscule ou aube,Hors agglomération,Hors intersection,Normale,Sans collision,3,2,2,0,1,1,1,0,1,80,1,1,0,0,0,1,35.0,,deux_roues,,2,1,1,1,7
202200053427,2022-11-26 14:00:00,2022,11,26,14,0,972,97209,REDOUTE (ROUTE DE LA),14.63703,-61.05578,Plein jour,En agglomération,Hors intersection,Normale,Autre collision,4,2,2,0,1,1,1,0,1,50,1,3,2,0,0,1,33.0,,voiture,,1,2,1,1,6
202200053428,2022-06-07 13:17:00,2022,6,7,13,17,60,60393,rue de Creil,49.2708941524,2.3661203382,Plein jour,En agglomération,Hors intersection,Normale,Deux véhicules - arrière,3,2,2,0,2,3,1,0,1,50,2,2,1,0,0,1,36.0,23.0,voiture,deux_roues,1,2,1,1,2
202200053429,2022-11-26 19:20:00,2022,11,26,19,20,69,69389,Quai de la Gare d'Eau,45.78099,4.80808,Nuit avec éclairage allumé,En agglomération,Intersection en T,Normale,Autre collision,4,2,4,0,1,1,1,0,1,30,1,2,1,0,1,0,25.0,,deux_roues,,5,2,3,1,6
202200053430,2022-06-05 18:00:00,2022,6,5,18,0,64,64461,rd 817,43.528875,-0.919644,Plein jour,En agglomération,Hors intersection,Normale,Sans collision,6,-1,0,0,1,1,1,9,8,10,1,1,0,0,1,0,69.0,,deux_roues,,1,2,1,1,7
202200053431,2022-08-12 19:45:00,2022,8,12,19,45,80,80685,D 221,49.684321,2.789136,Plein jour,Hors agglomération,Intersection en X,Normale,Deux véhicules - côté,3,2,2,0,1,1,1,5,1,80,2,6,3,0,0,3,46.0,55.0,voiture,voiture,1,1,2,1,3
202200053432,2022-11-26 06:00:00,2022,11,26,6,0,69,69389,Avenue Sidoine Apollinaire,45.77363,4.79522,Nuit avec éclairage allumé,En agglomération,Intersection en X,Pluie légère,Deux véhicules - côté,4,2,2,2,2,1,2,0,1,50,2,2,1,0,0,1,23.0,19.0,deux_roues,voiture,5,2,2,2,3
202200053433,2022-06-07 11:30:00,2022,6,7,11,30,64,64529,D936 / D2,43.309847,-0.76664,Plein jour,Hors agglomération,Intersection en T,Normale,Autre collision,3,2,2,0,1,2,1,5,1,-1,1,3,2,1,0,0,93.0,,voiture,,1,1,3,1,6
202200053434,2022-06-06 18:30:00,2022,6,6,18,30,10,10418,D443,48.0881945567,4.3012654781,Plein jour,Hors agglomération,Hors intersection,Normale,Autre collision,3,2,2,0,3,2,1,0,3,80,1,3,2,0,1,0,20.0,,voiture,,1,1,1,1,6
202200053435,2022-11-25 18:35:00,2022,11,25,18,35,971,97113,GRAND BAIE ( RN4),16.218168675,-61.5123814344,Nuit avec éclairage non allumé,En agglomération,Intersection en T,Normale,Autre collision,2,1,1,0,1,1,1,9,8,50,1,2,1,0,1,0,63.0,,voiture,,4,2,3,1,6
202200053436,2022-08-11 18:00:00,2022,8,11,18,0,13,13071,A51-Sens Aix en Provence vers Marseille,43.41125,5.36707,Plein jour,Hors agglomération,Hors intersection,Normale,Deux véhicules - arrière,1,1,3,0,1,1,1,0,1,90,3,4,3,0,0,1,33.0,77.0,voiture,voiture,1,1,1,1,2
202200053437,2022-07-09 16:44:00,2022,7,9,16,44,02,02280,,49.101771,3.452384,Plein jour,Hors agglomération,Hors intersection,Normale,Trois véhicules et plus - collisions multiples,1,2,2,0,1,1,1,8,1,80,3,8,3,1,0,4,52.0,48.0,voiture,voiture,1,1,1,1,5
202200053438,2022-06-07 11:00:00,2022,6,7,11,0,40,40197,7 Route de Garrosse,44.026068,-0.921509,Plein jour,En agglomération,Intersection en T,Normale,Deux véhicules - frontale,3,2,2,0,1,1,1,0,1,50,2,2,1,0,1,0,77.0,60.0,voiture,deux_roues,1,2,3,1,1
202200053439,2022-08-10 19:05:00,2022,8,10,19,5,13,13005,A507 sens Marseille - Aubagne,43.2948167611,5.5577480793,Plein jour,Hors agglomération,Hors intersection,Normale,Deux véhicules - arrière,1,1,3,0,1,1,1,1,1,70,2,2,1,0,0,1,24.0,28.0,voiture,voiture,1,1,1,1,2
202200053440,2022-11-26 13:20:00,2022,11,26,13,20,91,91103,AV DE LA COMMUNE DE PARIS,48.58769,2.30068,Plein jour,En agglomération,Hors intersection,Normale,Deux véhicules - côté,4,2,2,0,1,1,1,0,1,50,2,2,1,0,0,1,46.0,43.0,utilitaire_camion,deux_roues,1,2,1,1,3
202200053441,2022-06-04 00:46:00,2022,6,4,0,46,40,40211,D33,43.608706,-1.168756,Nuit sans éclairage public,Hors agglomération,Hors intersection,Normale,Autre collision,3,2,2,0,1,1,2,0,3,80,1,1,0,1,0,0,28.0,,utilitaire_camion,,3,1,1,1,6
202200053442,2022-07-10 16:09:00,2022,7,10,16,9,51,51588,A4,49.074393,4.797399,Plein jour,Hors agglomération,Hors intersection,Normale,Sans collision,1,3,4,0,3,1,1,0,2,130,1,2,0,0,0,2,60.0,,voiture,,1,1,1,1,7
202200053443,2022-08-10 18:15:00,2022,8,10,18,15,13,13071,A7-Sens Marseille vers Lyon,43.4125464523,5.2818283438,Plein jour,Hors agglomération,Hors intersection,Normale,Deux véhicules - arrière,1,1,4,0,1,1,1,1,1,110,2,3,0,0,0,3,27.0,55.0,voiture,voiture,1,1,1,1,2
202200053444,2022-11-26 15:35:00,2022,11,26,15,35,91,91421,JEAN JAURES (AVENUE),48.71856,2.44462,Plein jour,En agglomération,Autre intersection,Normale,Autre collision,3,-1,1,0,1,1,1,9,1,30,1,2,1,0,0,1,51.0,,voiture,,1,2,9,1,6
202200053445,2022-07-10 22:05:00,2022,7,10,22,5,63,63126,A75,45.686756,3.146612,Nuit sans éclairage public,Hors agglomération,Hors intersection,Normale,Autre collision,1,3,4,3,2,3,1,3,3,110,1,4,0,0,1,3,23.0,,voiture,,3,1,1,1,6
202200053446,2022-06-06 16:45:00,2022,6,6,16,45,80,80813,A29,49.816285,1.914969,Plein jour,Hors agglomération,Hors intersection,Normale,Deux véhicules - arrière,1,3,4,0,1,1,1,0,1,130,2,5,4,0,1,0,39.0,21.0,voiture,voiture,1,1,1,1,2
202200053447,2022-06-05 21:34:00,2022,6,5,21,34,38,38553,Rue du Midi,45.617548,5.149761,Crépuscule ou aube,Hors agglomération,Intersection en T,Normale,Autre collision,4,2,2,0,1,1,1,0,1,70,1,2,1,0,0,1,29.0,,voiture,,2,1,3,1,6
202200053448,2022-11-25 15:55:00,2022,11,25,15,55,79,79191,168 Avenue de Paris,46.32781,-0.4476,Plein jour,En agglomération,Hors intersection,Normale,Sans collision,4,3,2,0,3,1,1,0,1,30,1,2,1,0,1,0,26.0,,voiture,,1,2,1,1,7
202200053449,2022-06-07 16:10:00,2022,6,7,16,10,72,72300,Autoroute A11 PK157+605,48.0543732881,0.3615760801,Plein jour,Hors agglomération,Hors intersection,Normale,Sans collision,1,3,3,3,1,1,1,0,8,130,1,2,1,0,1,0,45.0,,utilitaire_camion,,1,1,1,1,7
202200053450,2022-08-11 07:38:00,2022,8,11,7,38,91,91549,RN 104,48.62588,2.33934,Plein jour,Hors agglomération,Hors intersection,Normale,Deux véhicules - arrière,2,-1,2,0,1,1,1,0,1,90,2,2,1,0,0,1,47.0,52.0,voiture,voiture,1,1,1,1,2
202200053451,2022-07-09 17:30:00,2022,7,9,17,30,31,31169,14 Avenue de Toulouse,43.510048,1.554614,Plein jour,En agglomération,Hors intersection,Normale,Trois véhicules et plus - collisions multiples,3,2,2,0,1,1,1,5,1,50,3,3,2,0,1,0,47.0,68.0,voiture,deux_roues,1,2,1,1,5
202200053452,2022-11-27 02:00:00,2022,11,27,2,0,78,78029,AVENUE DE L'UNION,48.959762,1.841178,Nuit avec éclairage allumé,En agglomération,Giratoire,Normale,Deux véhicules - arrière,3,1,2,0,1,2,1,0,1,50,2,3,2,0,0,1,37.0,47.0,voiture,voiture,5,2,6,1,2
202200053453,2022-06-06 18:50:00,2022,6,6,18,50,13,13025,AUTOROUTE A8 PK 30 DIRECTION NICE,43.481418,5.555735,Crépuscule ou aube,Hors agglomération,Hors intersection,Normale,Deux véhicules - arrière,1,3,5,0,1,1,1,0,1,110,2,5,0,0,0,5,47.0,27.0,voiture,voiture,2,1,1,1,2
202200053454,2022-11-25 16:20:00,2022,11,25,16,20,77,77156,RTE DE MONTEREAU,48.28226,2.7357,Plein jour,Hors agglomération,Hors intersection,Normale,Deux véhicules - côté,4,-1,2,0,1,1,1,0,1,70,2,2,1,0,0,1,65.0,47.0,voiture,voiture,1,1,1,1,3
202200053455,2022-08-11 04:10:00,2022,8,11,4,10,78,78551,A14,48.905828,2.060646,Nuit avec éclairage allumé,Hors agglomération,Hors intersection,Normale,Deux véhicules - arrière,1,1,2,0,1,2,1,1,1,90,2,2,1,0,0,1,41.0,40.0,voiture,voiture,5,1,1,1,2
202200053456,2022-07-08 11:00:00,2022,7,8,11,0,34,34270, A709 18+300,43.569931,3.854015,Plein jour,Hors agglomération,Hors intersection,Normale,Deux véhicules - arrière,1,1,2,0,1,1,1,0,1,90,2,3,2,0,0,1,42.0,26.0,utilitaire_camion,utilitaire_camion,1,1,1,1,2
202200053457,2022-06-06 17:45:00,2022,6,6,17,45,51,51197,A4,49.047939,4.664125,Plein jour,Hors agglomération,Hors intersection,Normale,Sans collision,1,3,4,0,1,2,1,0,3,130,1,3,0,0,0,3,55.0,,voiture,,1,1,1,1,7
202200053458,2022-06-05 18:20:00,2022,6,5,18,20,986,98613,MUA,-13.340424,-176.197228,Nuit sans éclairage public,Hors agglomération,Hors intersection,Normale,Sans collision,2,2,2,0,1,1,1,0,1,70,1,1,0,0,1,0,36.0,,deux_roues,,3,1,1,1,7