accident_id,datetime,annee,mois,jour,heure,minute,departement,commune_insee,adresse,latitude,longitude,luminosite,agglomeration,intersection,meteo,collision,catr,circ,nbv,vosp,prof,plan,surf,infra,situ,vma,nb_vehicules,nb_usagers,nb_indemnes,nb_tues,nb_blesses_hosp,nb_blesses_legers,age_cond_1,age_cond_2,veh_type_cond_1,veh_type_cond_2,lum_code,agg_code,int_code,atm_code,col_code
202200053550,2022-02-14 15:52:00,2022,2,14,15,52,93,93031,Avenue Joffre,48.95811,2.30199,Plein jour,En agglomération,Hors intersection,Pluie légère,Deux véhicules - côté,3,3,4,0,1,1,2,0,1,50,2,2,1,0,0,1,30.0,41.0,deux_roues,utilitaire_camion,1,2,1,2,3
202200053551,2022-11-26 03:45:00,2022,11,26,3,45,31,31555,AV DE FRONTON,43.65599,1.43206,Nuit avec éclairage allumé,En agglomération,Hors intersection,Temps couvert,Autre collision,7,2,0,0,1,1,2,0,4,50,1,2,1,0,1,0,32.0,,voiture,,5,2,1,8,6
202200053552,2022-06-22 12:35:00,2022,6,22,12,35,974,97415,Route du Théâtre,-21.045914,55.23149,Plein jour,Hors agglomération,Hors intersection,Normale,Deux véhicules - frontale,3,2,2,0,4,1,1,0,1,70,2,2,1,0,1,0,45.0,30.0,utilitaire_camion,voiture,1,1,1,1,1
202200053553,2022-06-07 17:20:00,2022,6,7,17,20,81,81020,D30,43.865924,2.035904,Plein jour,Hors agglomération,Intersection en X,Normale,Deux véhicules - côté,3,2,2,0,1,3,1,0,1,80,2,2,0,0,1,1,79.0,30.0,voiture,voiture,1,1,2,1,3
202200053554,2022-09-19 21:20:00,2022,9,19,21,20,13,13215,8 MAI 1945 (AVENUE DU),43.38498,5.35869,Nuit avec éclairage allumé,En agglomération,Intersection en T,Normale,Deux véhicules - côté,7,2,2,0,1,1,1,0,1,50,2,2,1,0,0,1,,22.0,voiture,deux_roues,5,2,3,1,3
202200053555,2022-08-10 12:25:00,2022,8,10,12,25,971,97120,RUE EUVREMONT GENE,16.2473259977,-61.5385866165,Plein jour,En agglomération,Autre intersection,Pluie légère,Trois véhicules et plus - collisions multiples,4,2,5,0,1,1,2,0,1,50,3,3,2,0,0,1,28.0,52.0,voiture,deux_roues,1,2,9,2,5
202200053556,2022-11-26 04:23:00,2022,11,26,4,23,29,29232,Boulevard de la Pointe du Van,48.00302,-4.13857,Nuit sans éclairage public,Hors agglomération,Hors intersection,Pluie légère,Sans collision,3,3,2,0,2,2,2,0,1,90,1,1,0,0,1,0,26.0,,voiture,,3,1,1,2,7
202200053557,2022-07-07 01:30:00,2022,7,7,1,30,974,97402,Route Nationale 2,-20.984501,55.656234,Nuit sans éclairage public,Hors agglomération,Hors intersection,Normale,Deux véhicules - arrière,2,3,4,0,1,1,1,0,1,110,2,2,1,0,1,0,47.0,36.0,deux_roues,utilitaire_camion,3,1,1,1,2
202200053558,2022-10-23 10:30:00,2022,10,23,10,30,78,78062,Route de Frileuse,48.850668,1.894927,Plein jour,Hors agglomération,Intersection en T,Temps éblouissant,Deux véhicules - côté,3,2,2,0,2,2,1,5,1,70,2,2,0,0,1,1,56.0,65.0,voiture,deux_roues,1,1,3,7,3
202200053559,2022-02-14 09:15:00,2022,2,14,9,15,93,93005,PIERRE JOUHET (AVENUE),48.9196324241,2.5062932701,Plein jour,En agglomération,Intersection en T,Autre,Deux véhicules - côté,4,2,2,0,1,1,2,0,1,30,2,2,1,0,0,1,34.0,50.0,voiture,voiture,1,2,3,9,3
202200053560,2022-06-05 08:50:00,2022,6,5,8,50,09,09282,Rue Sarrut,43.235218,1.575374,Plein jour,En agglomération,Hors intersection,Normale,Autre collision,3,-1,1,0,1,1,1,0,1,50,1,2,1,0,1,0,57.0,,utilitaire_camion,,1,2,1,1,6
202200053561,2022-08-10 03:20:00,2022,8,10,3,20,91,91514,RTE NATIONALE 6,48.66698,2.51041,Nuit sans éclairage public,Hors agglomération,Hors intersection,Normale,Sans collision,3,3,4,0,1,1,1,0,3,90,1,1,0,0,0,1,23.0,,voiture,,3,1,1,1,7
202200053562,2022-09-19 14:00:00,2022,9,19,14,0,13,13215,Avenue ibrahim ali ( 1977-1995),43.3382451832,5.3667577383,Plein jour,En agglomération,Intersection en T,Normale,Deux véhicules - frontale,4,2,2,0,1,1,1,0,1,50,2,2,1,0,1,0,48.0,32.0,voiture,deux_roues,1,2,3,1,1
202200053563,2022-10-22 15:07:00,2022,10,22,15,7,84,84144,D209,43.895879,5.547885,Plein jour,Hors agglomération,Hors intersection,Normale,Sans collision,3,2,2,0,2,2,1,0,1,80,1,1,0,0,1,0,68.0,,deux_roues,,1,1,1,1,7
202200053564,2022-07-09 17:50:00,2022,7,9,17,50,971,97125,D118,16.25386,-61.224457,Plein jour,Hors agglomération,Hors intersection,Normale,Trois véhicules et plus - collisions multiples,3,2,2,0,1,1,1,0,1,80,3,3,1,1,0,0,42.0,42.0,deux_roues,voiture,1,1,1,1,5
202200053565,2022-06-06 14:40:00,2022,6,6,14,40,09,09203,RD 117,43.006599,1.474386,Plein jour,Hors agglomération,Hors intersection,Normale,Sans collision,3,2,2,0,2,1,1,0,1,80,1,2,0,0,1,1,57.0,,deux_roues,,1,1,1,1,7
202200053566,2022-11-25 15:15:00,2022,11,25,15,15,29,29039,D783,47.89274,-3.91495,Plein jour,Hors agglomération,Hors intersection,Pluie légère,Trois véhicules et plus - en chaîne,3,2,2,0,1,1,2,5,1,70,4,4,3,0,0,1,29.0,24.0,voiture,voiture,1,1,1,2,4
202200053567,2022-09-19 15:20:00,2022,9,19,15,20,13,13208,PRADO (AVENUE DU),43.27548,5.39014,Plein jour,En agglomération,Hors intersection,Normale,Autre collision,4,2,8,0,1,1,1,0,1,500,1,2,1,0,0,1,62.0,,voiture,,1,2,1,1,6
202200053568,2022-08-10 20:00:00,2022,8,10,20,0,91,91687,GENERAL DE GAULLE (AVENUE DU),48.67609,2.38528,Plein jour,En agglomération,Intersection en X,Normale,Autre collision,3,3,4,0,1,1,1,0,1,50,1,2,1,0,0,1,29.0,,voiture,,1,2,2,1,6
202200053569,2022-02-14 00:30:00,2022,2,14,0,30,93,93005,PREFET CHALEIL (CD44) (RUE DU),48.93972,2.50759,Nuit avec éclairage allumé,En agglomération,Autre intersection,Pluie légère,Deux véhicules - frontale,3,-1,2,0,1,1,2,0,1,50,2,6,5,0,0,1,44.0,34.0,voiture,voiture,5,2,9,2,1
202200053570,2022-07-09 08:45:00,2022,7,9,8,45,971,97124,Route de Morin,16.0064289865,-61.7009139061,Plein jour,En agglomération,Hors intersection,Pluie légère,Autre collision,3,2,2,0,3,4,2,0,1,50,1,2,1,0,1,0,22.0,,voiture,,1,2,1,2,6
202200053571,2022-10-22 14:15:00,2022,10,22,14,15,71,71235,D82,46.35604,4.795253,Plein jour,En agglomération,Giratoire,Normale,Deux véhicules - frontale,3,2,2,0,1,1,1,0,1,50,2,3,2,0,0,1,23.0,39.0,voiture,voiture,1,2,6,1,1
202200053572,2022-09-18 09:30:00,2022,9,18,9,30,13,13205,SAKAKINI (BOULEVARD),43.2923,5.4014,Plein jour,En agglomération,Hors intersection,Normale,Deux véhicules - côté,3,1,2,0,1,1,1,0,1,50,1,2,1,1,0,0,,,voiture,,1,2,1,1,3
202200053573,2022-07-22 11:15:00,2022,7,22,11,15,89,89387,VOULX (ROUTE DE),48.19686,3.26552,Plein jour,En agglomération,Hors intersection,Normale,Autre collision,3,2,2,3,1,1,1,0,6,50,1,2,1,0,1,0,80.0,,voiture,,1,2,1,1,6
202200053574,2022-11-25 19:40:00,2022,11,25,19,40,28,28134,MARCEAU (AVENUE DU GENERAL),48.72851,1.36667,Nuit avec éclairage allumé,En agglomération,Hors intersection,Temps couvert,Deux véhicules - côté,4,2,2,0,2,1,2,0,1,50,2,2,1,0,0,1,29.0,26.0,voiture,voiture,5,2,1,8,3
202200053575,2022-02-13 10:40:00,2022,2,13,10,40,92,92046,Charles de gaulle,48.8244218796,2.3010274172,Plein jour,En agglomération,Hors intersection,Normale,Deux véhicules - côté,3,3,2,1,1,1,1,0,1,50,2,2,1,0,0,1,21.0,44.0,voiture,deux_roues,1,2,1,1,3
202200053576,2022-07-07 20:30:00,2022,7,7,20,30,77,77364,D27,49.009403,2.758384,Plein jour,Hors agglomération,Hors intersection,Normale,Sans collision,3,2,2,0,3,2,1,0,1,-1,1,1,0,0,1,0,45.0,,voiture,,1,1,1,1,7
202200053577,2022-03-30 17:55:00,2022,3,30,17,55,93,93064,Boulevard Gabriel Péri,48.87981,2.46885,Plein jour,En agglomération,Hors intersection,Temps couvert,Trois véhicules et plus - en chaîne,3,2,2,0,2,1,1,0,1,50,4,5,4,0,0,1,53.0,60.0,utilitaire_camion,voiture,1,2,1,8,4
202200053578,2022-10-23 19:30:00,2022,10,23,19,30,03,03298,14 Route de Montoldre,46.312546,3.415799,Crépuscule ou aube,En agglomération,Hors intersection,Normale,Autre collision,3,2,2,0,1,2,1,0,4,50,1,3,1,0,0,2,44.0,,voiture,,2,2,1,1,6
202200053579,2022-08-08 00:00:00,2022,8,8,0,0,87,87085,ISLE (RUE D'),45.82469,1.23457,Nuit avec éclairage allumé,En agglomération,Intersection en T,Normale,Deux véhicules - côté,4,2,2,0,1,1,1,0,1,50,2,2,1,0,1,0,18.0,21.0,deux_roues,voiture,5,2,3,1,3
202200053580,2022-02-12 12:42:00,2022,2,12,12,42,92,92050,JOFFRE MARECHAL AVENUE DU,48.88626,2.19814,Plein jour,En agglomération,Hors intersection,Normale,Deux véhicules - arrière,3,1,1,0,1,1,1,0,1,50,2,3,1,0,0,2,50.0,38.0,voiture,deux_roues,1,2,1,1,2
202200053581,2022-09-18 11:00:00,2022,9,18,11,0,11,11069,25 Boulevard Omer Sarraut,43.21642,2.35103,Plein jour,En agglomération,Hors intersection,Normale,Trois véhicules et plus - en chaîne,4,1,2,0,1,1,1,0,1,50,3,4,3,0,0,1,31.0,16.0,voiture,deux_roues,1,2,1,1,4
202200053582,2022-06-05 22:10:00,2022,6,5,22,10,987,98735,POMARE (BVD O.T.A.C),-17.544446,-149.578659,Nuit avec éclairage non allumé,En agglomération,Hors intersection,Normale,Autre collision,4,4,3,0,1,1,1,0,4,50,1,2,0,0,2,0,23.0,,deux_roues,,4,2,1,1,6
202200053583,2022-10-23 12:50:00,2022,10,23,12,50,38,38155,Rue de Verdun,45.433613,5.750425,Plein jour,En agglomération,Hors intersection,Normale,Autre collision,6,-1, -1,0,1,2,1,0,1,5,1,1,0,0,1,0,18.0,,voiture,,1,2,1,1,6
202200053584,2022-07-04 15:00:00,2022,7,4,15,0,77,77257,D147A,49.030032,3.025387,Plein jour,En agglomération,Intersection en T,Normale,Deux véhicules - côté,3,2,2,0,2,1,1,0,1,50,2,2,1,0,0,1,35.0,27.0,utilitaire_camion,voiture,1,2,3,1,3
202200053585,2022-08-06 16:53:00,2022,8,6,16,53,87,87085,GUILLEMOT (RUE JOSEPH),45.85008,1.24031,Plein jour,En agglomération,Hors intersection,Normale,Sans collision,4,2,2,0,1,1,1,0,1,50,1,1,0,0,1,0,16.0,,deux_roues,,1,2,1,1,7
202200053586,2022-06-04 18:25:00,2022,6,4,18,25,987,98736,CHARLES DE GAULLE (AV),-17.530039,-149.551714,Nuit avec éclairage allumé,En agglomération,Hors intersection,Normale,Autre collision,4,2,4,0,1,2,1,0,1,50,1,1,0,0,1,0,61.0,,deux_roues,,5,2,1,1,6
202200053587,2022-11-26 01:57:00,2022,11,26,1,57,26,26198,COTY (Boulevard du Président rené),44.5367,4.76245,Nuit sans éclairage public,Hors agglomération,Hors intersection,Normale,Deux véhicules - frontale,3,2,2,0,1,1,1,0,1,70,2,2,0,0,0,2,29.0,18.0,voiture,voiture,3,1,1,1,1
202200053588,2022-02-14 14:10:00,2022,2,14,14,10,92,92024,JEAN JAURES (BD) DE 47 A 109)   (56 A 14,48.90101,2.30541,Plein jour,En agglomération,Hors intersection,Normale,Deux véhicules - arrière,3,1,3,1,1,1,1,0,1,50,2,2,1,0,0,1,27.0,19.0,voiture,deux_roues,1,2,1,1,2
202200053589,2022-09-09 13:11:00,2022,9,9,13,11,04,04070,Av de Verdun,44.09002,6.22824,Plein jour,En agglomération,Hors intersection,Normale,Autre collision,4,1,2,0,1,4,1,0,1,50,1,2,1,0,0,1,42.0,,voiture,,1,2,1,1,6
202200053590,2022-10-22 13:10:00,2022,10,22,13,10,69,69019,Route Départementale 306,46.098062,4.730966,Plein jour,Hors agglomération,Hors intersection,Normale,Deux véhicules - arrière,3,2,3,0,1,1,1,0,1,80,2,2,1,0,1,0,35.0,43.0,voiture,voiture,1,1,1,1,2
202200053591,2022-11-26 20:55:00,2022,11,26,20,55,25,25056,RAGOTS   CHEMIN DES,47.2379,6.03676,Nuit avec éclairage allumé,En agglomération,Intersection en Y,Normale,Autre collision,4,2,2,0,2,1,1,0,4,50,1,2,0,0,0,2,24.0,,voiture,,5,2,4,1,6
202200053592,2022-06-06 18:00:00,2022,6,6,18,0,974,97409,DU CENTRE(CHEMIN),-20.93993,55.64708,Nuit avec éclairage allumé,En agglomération,Intersection en T,Pluie légère,Deux véhicules - côté,4,2,2,0,1,1,2,0,1,50,2,2,0,0,0,2,30.0,35.0,voiture,voiture,5,2,3,2,3
202200053593,2022-10-22 20:45:00,2022,10,22,20,45,33,33280,Lieu Dit Saint Aulaye,45.170189,-0.596795,Nuit sans éclairage public,En agglomération,Hors intersection,Normale,Autre collision,3,2,2,0,1,4,1,0,1,50,1,2,0,0,1,1,35.0,,voiture,,3,2,1,1,6
202200053594,2022-09-16 21:15:00,2022,9,16,21,15,03,03095,Avenue de Vichy,46.13447,3.44428,Nuit avec éclairage allumé,En agglomération,Hors intersection,Normale,Autre collision,3,2,2,0,1,1,1,0,1,50,1,2,1,0,1,0,20.0,,voiture,,5,2,1,1,6
202200053595,2022-02-14 12:10:00,2022,2,14,12,10,92,92007,BARBUSSE (AVENUE HENRI) N° 1 A 43 ET 2 A,48.8013,2.31506,Plein jour,En agglomération,Intersection en X,Normale,Deux véhicules - côté,3,2,4,1,1,1,1,0,1,50,2,2,1,0,0,1,42.0,24.0,voiture,deux_roues,1,2,2,1,3
202200053596,2022-08-06 15:19:00,2022,8,6,15,19,87,87085,SCHUMAN (BOULEVARD ROBERT),45.8597,1.26975,Plein jour,En agglomération,Intersection en X,Normale,Deux véhicules - côté,4,4,4,0,1,1,1,5,1,50,2,2,1,0,0,1,41.0,,deux_roues,voiture,1,2,2,1,3
202200053597,2022-07-08 20:25:00,2022,7,8,20,25,77,77315,D239,48.888297,2.830176,Plein jour,En agglomération,Intersection en Y,Normale,Deux véhicules - côté,3,2,2,0,1,1,1,5,1,50,2,3,2,0,0,1,13.0,19.0,deux_roues,voiture,1,2,4,1,3
202200053598,2022-11-25 16:35:00,2022,11,25,16,35,22,22215,QUARTIERS (RUE DES),48.49474,-2.79637,Plein jour,En agglomération,Intersection à plus de 4 branches,Normale,Deux véhicules - frontale,3,2,2,0,1,1,1,0,1,50,2,2,0,0,0,2,15.0,32.0,voiture,deux_roues,1,2,5,1,1
202200053599,2022-02-15 12:38:00,2022,2,15,12,38,33,33120,D 1113,44.638075,-0.338736,Plein jour,Hors agglomération,Hors intersection,Pluie légère,Autre collision,3,2,2,0,1,1,2,0,3,-1,1,1,0,1,0,0,48.0,,voiture,,1,1,1,2,6
202200053600,2022-10-22 16:04:00,2022,10,22,16,4,35,35012,rue des Estuaires,47.853958,-1.689432,Plein jour,En agglomération,Intersection en T,Normale,Deux véhicules - côté,4,2,2,1,2,1,1,0,5,50,2,2,1,0,1,0,41.0,80.0,voiture,deux_roues,1,2,3,1,3
202200053601,2022-08-10 16:40:00,2022,8,10,16,40,86,86158,Rue de Moulinet,46.619956,0.276938,Plein jour,Hors agglomération,Hors intersection,Normale,Deux véhicules - côté,3,2,2,0,1,1,1,0,1,80,2,2,1,0,1,0,39.0,35.0,deux_roues,voiture,1,1,1,1,3
202200053602,2022-09-19 18:30:00,2022,9,19,18,30,75,75119,BOULEVARD MACDONALD,48.89881,2.375748,Plein jour,En agglomération,Hors intersection,Normale,Autre collision,4,2,6,0,1,1,1,0,1,50,2,4,1,0,0,3,72.0,27.0,voiture,voiture,1,2,1,1,6
202200053603,2022-07-10 16:15:00,2022,7,10,16,15,77,77219,D934,48.839999,2.964442,Plein jour,Hors agglomération,Hors intersection,Normale,Deux véhicules - arrière,3,2,2,0,1,1,1,0,1,80,2,2,1,0,1,0,49.0,78.0,deux_roues,voiture,1,1,1,1,2
202200053604,2022-10-22 17:45:00,2022,10,22,17,45,27,27114,D58,48.958176,1.444851,Plein jour,Hors agglomération,Hors intersection,Normale,Deux véhicules - arrière,3,2,2,0,2,1,1,0,1,-1,2,2,1,0,1,0,83.0,61.0,voiture,deux_roues,1,1,1,1,2
202200053605,2022-06-03 20:30:00,2022,6,3,20,30,973,97302,FELIX EBOUE(ROCADE),4.9301706575,-52.3144108057,Nuit avec éclairage allumé,En agglomération,Hors intersection,Normale,Trois véhicules et plus - collisions multiples,3,2,2,0,1,1,1,0,1,50,4,5,2,0,0,3,33.0,29.0,deux_roues,deux_roues,5,2,1,1,5
202200053606,2022-02-14 09:20:00,2022,2,14,9,20,38,38368,D50,45.391764,5.516033,Plein jour,Hors agglomération,Hors intersection,Temps couvert,Deux véhicules - frontale,3,2,2,0,1,3,2,0,1,80,2,3,1,0,1,1,23.0,32.0,voiture,voiture,1,1,1,8,1
202200053607,2022-08-05 17:30:00,2022,8,5,17,30,86,86194,D910,46.567876,0.308086,Plein jour,Hors agglomération,Hors intersection,Normale,Deux véhicules - côté,3,1,4,0,2,1,1,0,1,90,2,2,1,0,0,1,22.0,48.0,utilitaire_camion,voiture,1,1,1,1,3
202200053608,2022-07-04 09:00:00,2022,7,4,9,0,77,77141,D406,48.854028,2.850137,Plein jour,Hors agglomération,Hors intersection,Normale,Deux véhicules - côté,3,2,2,0,1,1,1,0,1,80,2,2,1,0,1,0,54.0,33.0,voiture,deux_roues,1,1,1,1,3
202200053609,2022-09-19 18:25:00,2022,9,19,18,25,75,75119,BOULEVARD SERURIER,48.877206,2.40668,Plein jour,En agglomération,Intersection en X,Normale,Deux véhicules - arrière,4,3,4,0,1,1,1,0,1,30,2,2,1,0,0,1,52.0,43.0,deux_roues,voiture,1,2,2,1,2
202200053610,2022-11-26 20:40:00,2022,11,26,20,40,14,14118,Rue de la Guérinière,49.160412,-0.340775,Nuit avec éclairage allumé,En agglomération,Intersection en T,Normale,Deux véhicules - côté,4,2,0,0,1,1,1,5,1,50,2,2,1,0,0,1,,29.0,voiture,deux_roues,5,2,3,1,3
202200053611,2022-03-24 21:53:00,2022,3,24,21,53,75,75101,RUE ETIENNE MARCEL,48.864838,2.344971,Nuit avec éclairage allumé,En agglomération,Intersection à plus de 4 branches,Normale,Autre collision,4,2,2,0,1,1,1,0,1,30,1,2,1,0,0,1,35.0,,deux_roues,,5,2,5,1,6
202200053612,2022-10-22 18:00:00,2022,10,22,18,0,27,27668,D67,48.982787,1.265474,Crépuscule ou aube,Hors agglomération,Intersection en X,Normale,Deux véhicules - côté,3,2,2,0,1,1,1,0,1,80,2,2,1,1,0,0,48.0,81.0,deux_roues,voiture,2,1,2,1,3
202200053613,2022-06-05 23:00:00,2022,6,5,23,0,973,97302,CESAIRE (CITE),4.9305113738,-52.3222965002,Nuit avec éclairage allumé,En agglomération,Intersection en X,Normale,Deux véhicules - côté,4,2,2,0,1,1,1,0,1,50,2,2,1,0,0,1,47.0,25.0,voiture,deux_roues,5,2,2,1,3
202200053614,2022-09-19 09:05:00,2022,9,19,9,5,75,75119,RUE DU CHEMIN DE FER,48.89969,2.389126,Plein jour,En agglomération,Hors intersection,Normale,Autre collision,4,-1,1,0,1,1,1,0,1,30,1,2,1,0,0,1,50.0,,voiture,,1,2,1,1,6
202200053615,2022-10-23 03:30:00,2022,10,23,3,30,76,76169,route départementale 982,49.492943,0.401988,Nuit sans éclairage public,Hors agglomération,Hors intersection,Pluie légère,Autre collision,3,2,2,0,3,3,2,2,3,80,1,1,0,1,0,0,24.0,,voiture,,3,1,1,2,6
202200053616,2022-02-15 17:00:00,2022,2,15,17,0,95,95652,36 Route de Giez,49.1299388388,2.3846340179,Plein jour,Hors agglomération,Hors intersection,Normale,Deux véhicules - frontale,4,2,2,0,1,3,1,0,1,30,2,3,2,0,1,0,19.0,67.0,voiture,voiture,1,1,1,1,1
202200053617,2022-07-08 18:00:00,2022,7,8,18,0,86,86066,Avenue Camille Pagé,46.796568,0.527623,Plein jour,En agglomération,Giratoire,Normale,Autre collision,3,1,1,0,1,1,1,0,1,50,2,2,1,0,0,1,33.0,27.0,deux_roues,voiture,1,2,6,1,6
202200053618,2022-07-08 07:40:00,2022,7,8,7,40,78,78062,D119,48.847124,1.898671,Crépuscule ou aube,Hors agglomération,Intersection en Y,Normale,Deux véhicules - arrière,3,2,2,0,2,1,1,0,1,70,2,3,2,0,1,0,60.0,42.0,deux_roues,voiture,2,1,4,1,2
202200053619,2022-05-05 22:07:00,2022,5,5,22,7,92,92040,PDT ROOSEVELT (QUAI DU),48.832385,2.26315,Nuit avec éclairage allumé,En agglomération,Hors intersection,Normale,Autre collision,3,3,4,0,1,1,1,0,1,50,1,1,0,1,0,0,61.0,,deux_roues,,5,2,1,1,6
202200053620,2022-11-25 14:30:00,2022,11,25,14,30,13,13054,SIGNORE (BD DE LA ),43.421117,5.207756,Plein jour,En agglomération,Autre intersection,Normale,Deux véhicules - côté,4,-1,1,0,1,1,1,0,1,50,2,2,1,0,0,1,,25.0,voiture,voiture,1,2,9,1,3
202200053621,2022-03-24 09:10:00,2022,3,24,9,10,75,75104,RUE DE RIVOLI,48.856287,2.356609,Plein jour,En agglomération,Intersection en X,Normale,Deux véhicules - côté,4,1,3,1,1,1,1,0,5,30,2,2,1,0,0,1,,58.0,deux_roues,deux_roues,1,2,2,1,3
202200053622,2022-06-06 20:53:00,2022,6,6,20,53,69,69276,Avenue Albert Ramboz,45.67901,4.84669,Crépuscule ou aube,Hors agglomération,Hors intersection,Pluie forte,Sans collision,7,2,2,0,2,1,2,0,1,50,1,1,0,0,0,1,20.0,,voiture,,2,1,1,3,7
202200053623,2022-07-10 06:10:00,2022,7,10,6,10,78,78410,rd125,49.060426,1.677464,Crépuscule ou aube,Hors agglomération,Hors intersection,Normale,Sans collision,3,2,2,1,1,2,1,9,8,80,1,1,0,1,0,0,22.0,,voiture,,2,1,1,1,7
202200053624,2022-09-18 19:10:00,2022,9,18,19,10,75,75119,RUE PETIT,48.885796,2.387756,Plein jour,En agglomération,Intersection en T,Normale,Autre collision,4,1,1,0,1,1,1,0,1,30,1,1,0,0,0,1,51.0,,voiture,,1,2,3,1,6
202200053625,2022-10-22 11:15:00,2022,10,22,11,15,59,59398, Rue de la Mairie,50.5050864955,3.1097155809,Plein jour,En agglomération,Intersection en T,Normale,Deux véhicules - côté,3,2,2,0,1,1,1,0,1,50,2,2,1,0,0,1,46.0,29.0,voiture,deux_roues,1,2,3,1,3
202200053626,2022-02-11 18:10:00,2022,2,11,18,10,79,79204,,46.189858,-0.242643,Crépuscule ou aube,Hors agglomération,Intersection en X,Normale,Deux véhicules - côté,3,2,2,0,1,1,1,0,1,80,2,2,1,0,1,0,47.0,31.0,voiture,voiture,2,1,2,1,3
202200053627,2022-05-06 18:20:00,2022,5,6,18,20,92,92035,Général de Gaulle  ( avenue du ),48.91207,2.25413,Plein jour,En agglomération,Hors intersection,Normale,Deux véhicules - côté,3,2,2,0,1,1,1,0,1,50,2,3,1,0,0,2,45.0,49.0,voiture,deux_roues,1,2,1,1,3
202200053628,2022-06-06 12:15:00,2022,6,6,12,15,69,69387,Rue de Gerland,45.73539,4.83961,Plein jour,En agglomération,Hors intersection,Normale,Autre collision,4,2,2,0,1,1,1,0,1,50,1,2,1,0,0,1,34.0,,voiture,,1,2,1,1,6
202200053629,2022-03-25 09:01:00,2022,3,25,9,1,94,94078,94-96 Avenue de Choisy,48.75301,2.43061,Plein jour,En agglomération,Hors intersection,Normale,Deux véhicules - frontale,3,2,2,0,1,1,1,0,1,50,2,2,1,1,0,0,76.0,33.0,deux_roues,utilitaire_camion,1,2,1,1,1
202200053630,2022-10-22 13:10:00,2022,10,22,13,10,13,13043,A55-Sens Martigues vers Marseille,43.39125,5.26458,Plein jour,Hors agglomération,Hors intersection,Temps couvert,Sans collision,1,1,2,0,1,1,1,0,8,110,1,2,0,0,2,0,40.0,,utilitaire_camion,,1,1,1,8,7
202200053631,2022-07-09 14:55:00,2022,7,9,14,55,2B,2B307,T10,42.383338,9.530339,Plein jour,Hors agglomération,Hors intersection,Normale,Deux véhicules - arrière,2,2,2,0,1,1,1,0,1,70,2,3,1,0,2,0,70.0,61.0,deux_roues,voiture,1,1,1,1,2
202200053632,2022-11-26 19:34:00,2022,11,26,19,34,13,13213,JEAN PAUL SARTRE (AVENUE),43.32293719,5.418586259,Nuit avec éclairage allumé,En agglomération,Hors intersection,Normale,Trois véhicules et plus - en chaîne,4,1,3,0,1,1,1,0,1,70,3,6,2,0,0,4,26.0,34.0,voiture,voiture,5,2,1,1,4
202200053633,2022-09-19 14:55:00,2022,9,19,14,55,75,75118,BOULEVARD NEY,48.898017,2.344249,Plein jour,En agglomération,Intersection en X,Normale,Deux véhicules - côté,4,-1,4,0,1,1,1,0,1,30,2,2,1,0,0,1,45.0,27.0,voiture,deux_roues,1,2,2,1,3
202200053634,2022-08-10 11:30:00,2022,8,10,11,30,85,85191,NAPOLEON PLACE,46.6698,-1.42747,Plein jour,En agglomération,Intersection en X,Normale,Autre collision,4,1,1,0,1,2,1,6,1,30,1,2,1,1,0,0,41.0,,voiture,,1,2,2,1,6
202200053635,2022-05-06 13:37:00,2022,5,6,13,37,92,92026,JEAN MERMOZ (SQUARE ET PLACE),48.902648,2.274586,Plein jour,En agglomération,Giratoire,Normale,Deux véhicules - arrière,3,1,2,1,1,2,1,0,1,50,2,2,1,0,0,1,40.0,39.0,voiture,deux_roues,1,2,6,1,2
202200053636,2022-02-12 16:40:00,2022,2,12,16,40,80,80044,Route de Doullens,50.143411,2.372317,Plein jour,En agglomération,Intersection en T,Normale,Deux véhicules - côté,3,2,2,0,1,1,1,0,1,50,2,2,1,0,1,0,43.0,19.0,voiture,deux_roues,1,2,3,1,3
202200053637,2022-06-06 11:00:00,2022,6,6,11,0,972,97213,AUTOROUTE A1,14.61643,-61.0153,Plein jour,En agglomération,Hors intersection,Normale,Deux véhicules - arrière,1,2,6,0,1,1,1,0,1,90,2,3,1,0,0,2,52.0,32.0,voiture,voiture,1,2,1,1,2
202200053638,2022-09-19 07:18:00,2022,9,19,7,18,75,75118,RUE MARX DORMOY,48.888172,2.359879,Plein jour,En agglomération,Hors intersection,Normale,Deux véhicules - arrière,4,2,3,1,1,1,1,0,1,30,2,2,1,0,0,1,37.0,,deux_roues,voiture,1,2,1,1,2
202200053639,2022-07-07 01:45:00,2022,7,7,1,45,2B,2B307,RD 109 - lieu dit vangale,42.381991,9.51474,Nuit avec éclairage allumé,Hors agglomération,Hors intersection,Normale,Deux véhicules - frontale,3,2,2,0,1,1,1,0,1,70,1,2,1,0,1,0,20.0,,voiture,,5,1,1,1,1
202200053640,2022-11-26 19:15:00,2022,11,26,19,15,13,13208,MAZARGUES (AVENUE DE),43.2685764251,5.3887086437,Nuit avec éclairage allumé,En agglomération,Intersection en T,Normale,Deux véhicules - frontale,4,2,2,0,1,1,1,0,1,50,2,2,1,0,0,1,15.0,53.0,deux_roues,voiture,5,2,3,1,1
202200053641,2022-03-25 00:05:00,2022,3,25,0,5,94,94074,Avenue Julien Duranton,48.76216,2.44861,Nuit avec éclairage allumé,En agglomération,Hors intersection,Normale,Deux véhicules - arrière,3,3,2,0,1,1,1,0,1,50,2,4,2,0,0,2,61.0,18.0,voiture,voiture,5,2,1,1,2