accident_id,datetime,annee,mois,jour,heure,minute,departement,commune_insee,adresse,latitude,longitude,luminosite,agglomeration,intersection,meteo,collision,catr,circ,nbv,vosp,prof,plan,surf,infra,situ,vma,nb_vehicules,nb_usagers,nb_indemnes,nb_tues,nb_blesses_hosp,nb_blesses_legers,age_cond_1,age_cond_2,veh_type_cond_1,veh_type_cond_2,lum_code,agg_code,int_code,atm_code,col_code
202200053735,2022-09-15 17:20:00,2022,9,15,17,20,94,94081,ABBE ROGER DERRY (AV DE L),48.79049,2.39218,Plein jour,En agglomération,Hors intersection,Normale,Deux véhicules - frontale,3,-1,2,0,1,1,1,0,1,50,1,2,1,0,0,1,32.0,,voiture,,1,2,1,1,1
202200053736,2022-11-24 18:05:00,2022,11,24,18,5,29,29019,avenue Maréchal Foch,48.39606,-4.48872,Nuit avec éclairage allumé,En agglomération,Hors intersection,Normale,Autre collision,4,-1,3,0,1,1,1,0,1,50,1,3,2,0,1,0,56.0,,voiture,,5,2,1,1,6
202200053737,2022-10-12 17:30:00,2022,10,12,17,30,63,63113,BALLAINVILLIERS (RUE),45.77533,3.0868,Plein jour,En agglomération,Hors intersection,Normale,Autre collision,4,2,2,0,1,1,1,9,1,50,1,2,1,0,0,1,53.0,,transport_commun,,1,2,1,1,6
202200053738,2022-06-06 17:50:00,2022,6,6,17,50,27,27229,JOSEPHINE (RUE),49.02371,1.1434,Plein jour,En agglomération,Intersection en T,Normale,Deux véhicules - frontale,4,2,2,0,1,1,1,0,1,50,2,2,1,0,0,1,21.0,41.0,deux_roues,voiture,1,2,3,1,1
202200053739,2022-03-26 13:40:00,2022,3,26,13,40,93,93072,Avenue de Stalingrad / Rue Francis Bazin,48.9594744402,2.3987134695,Plein jour,En agglomération,Intersection en T,Normale,Autre collision,3,2,4,0,1,1,1,0,1,50,1,1,0,0,0,1,20.0,,utilitaire_camion,,1,2,3,1,6
202200053740,2022-08-10 17:35:00,2022,8,10,17,35,64,64483,Avenue de Chantaco,43.3900955023,-1.6539251804,Plein jour,En agglomération,Hors intersection,Normale,Deux véhicules - côté,3,2,2,0,1,1,1,0,1,50,2,2,1,0,0,1,58.0,40.0,voiture,deux_roues,1,2,1,1,3
202200053741,2022-07-08 17:45:00,2022,7,8,17,45,06,06065,Route de Gattières,43.741224,7.17367,Plein jour,En agglomération,Autre intersection,Normale,Sans collision,7,2,2,0,2,2,1,0,1,50,1,1,0,1,0,0,78.0,,deux_roues,,1,2,9,1,7
202200053742,2022-02-14 07:05:00,2022,2,14,7,5,30,30075,Route de Nimes,43.822998,4.272716,Crépuscule ou aube,En agglomération,Giratoire,Pluie légère,Autre collision,3,2,2,3,1,1,2,0,1,50,1,2,1,0,1,0,42.0,,voiture,,2,2,6,2,6
202200053743,2022-10-13 20:10:00,2022,10,13,20,10,42,42207,Route de Lyon,45.4807,4.5284,Nuit avec éclairage allumé,En agglomération,Hors intersection,Pluie forte,Autre collision,4,2,2,0,1,1,2,0,1,50,1,2,1,0,1,0,49.0,,voiture,,5,2,1,3,6
202200053744,2022-06-06 22:05:00,2022,6,6,22,5,25,25056,SARRAIL RUE GENERAL,47.237241,6.031456,Nuit avec éclairage allumé,En agglomération,Hors intersection,Pluie légère,Deux véhicules - côté,4,2,2,0,1,1,2,0,1,20,2,2,1,0,0,1,27.0,17.0,voiture,deux_roues,5,2,1,2,3
202200053745,2022-05-07 17:00:00,2022,5,7,17,0,56,56127,La Mariais D16,48.073821,-2.312837,Plein jour,Hors agglomération,Intersection en X,Normale,Deux véhicules - côté,3,2,2,0,1,2,1,0,1,80,2,5,3,1,1,0,78.0,84.0,voiture,voiture,1,1,2,1,3
202200053746,2022-11-26 04:57:00,2022,11,26,4,57,75,75108,BOULEVARD MALESHERBES,48.876641,2.317703,Nuit avec éclairage allumé,En agglomération,Intersection en X,Normale,Autre collision,4,2,4,0,1,1,1,0,1,30,1,2,1,0,1,0,44.0,,voiture,,5,2,2,1,6
202200053747,2022-09-19 16:22:00,2022,9,19,16,22,94,94074,JULIEN DURANTON (avenue),48.76482,2.44778,Plein jour,En agglomération,Hors intersection,Normale,Deux véhicules - arrière,3,-1,2,0,1,1,1,0,1,50,2,3,1,0,0,2,22.0,49.0,utilitaire_camion,voiture,1,2,1,1,2
202200053748,2022-08-10 09:04:00,2022,8,10,9,4,60,60057,Rue Paul Vaillant-couturier,49.4175936313,2.0973098874,Plein jour,En agglomération,Hors intersection,Normale,Autre collision,4,2,2,0,1,1,1,0,1,40,1,2,1,0,0,1,73.0,,voiture,,1,2,1,1,6
202200053749,2022-07-08 23:30:00,2022,7,8,23,30,05,05053,D30,44.336649,5.755334,Nuit sans éclairage public,Hors agglomération,Hors intersection,Normale,Sans collision,3,2,2,0,1,1,1,0,3,90,1,1,0,0,1,0,48.0,,voiture,,3,1,1,1,7
202200053750,2022-02-14 15:30:00,2022,2,14,15,30,49,49163,A85 / PK 5+000,47.515809,-0.300407,Plein jour,Hors agglomération,Hors intersection,Neige / grêle,Autre collision,1,3,4,0,1,1,2,0,2,110,1,3,2,0,1,0,60.0,,voiture,,1,1,1,4,6
202200053751,2022-10-14 19:15:00,2022,10,14,19,15,67,67482,POLYGONE (ROUTE DU),48.56571,7.75922,Crépuscule ou aube,En agglomération,Hors intersection,Normale,Deux véhicules - côté,4,2,3,0,1,1,1,0,1,30,2,2,1,0,0,1,74.0,82.0,voiture,deux_roues,2,2,1,1,3
202200053752,2022-06-06 20:48:00,2022,6,6,20,48,13,13201,REPUBLIQUE (RUE DE LA)     2 A 42,43.29853,5.37281,Crépuscule ou aube,En agglomération,Hors intersection,Normale,Deux véhicules - frontale,4,-1,2,0,3,1,1,0,1,50,2,2,1,0,1,0,20.0,38.0,deux_roues,voiture,2,2,1,1,1
202200053753,2022-08-10 15:30:00,2022,8,10,15,30,59,59367,TOUFFLERS (RUE DE),50.67153,3.22837,Plein jour,En agglomération,Hors intersection,Normale,Autre collision,4,2,2,0,1,1,1,0,4,50,1,2,1,0,0,1,51.0,,utilitaire_camion,,1,2,1,1,6
202200053754,2022-09-14 15:00:00,2022,9,14,15,0,94,94046,REPUBLIQUE (AV DE LA),48.8051,2.43979,Plein jour,En agglomération,Autre intersection,Normale,Deux véhicules - côté,3,2,1,0,1,1,1,0,1,50,2,2,1,0,0,1,29.0,51.0,voiture,deux_roues,1,2,9,1,3
202200053755,2022-05-07 17:30:00,2022,5,7,17,30,56,56094,AVENUE DES PLAGES - D9,47.766806,-3.2447,Plein jour,En agglomération,Intersection en Y,Normale,Sans collision,3,2,2,0,2,1,1,0,1,50,2,2,1,0,1,0,51.0,19.0,deux_roues,voiture,1,2,4,1,7
202200053756,2022-10-17 16:58:00,2022,10,17,16,58,60,60463,Avenue du 8 Mai 1945,49.275,2.464,Plein jour,En agglomération,Autre intersection,Normale,Autre collision,4,2,0,0,1,1,2,0,4,50,1,2,1,0,0,1,35.0,,utilitaire_camion,,1,2,9,1,6
202200053757,2022-03-25 15:30:00,2022,3,25,15,30,93,93072,Avenue de Stalingrad / Rue Francis Bazin,48.9595011322,2.3987196386,Plein jour,En agglomération,Intersection en T,Normale,Deux véhicules - arrière,3,2,4,0,1,1,1,0,1,50,2,9,7,0,2,0,48.0,19.0,voiture,voiture,1,2,3,1,2
202200053758,2022-06-06 21:50:00,2022,6,6,21,50,08,08174,DE GAULLE (RUE CHARLES),49.717721,4.92639,Plein jour,En agglomération,Hors intersection,Normale,Autre collision,3,2,2,0,1,3,1,0,4,45,1,1,0,0,1,0,30.0,,deux_roues,,1,2,1,1,6
202200053759,2022-08-10 15:45:00,2022,8,10,15,45,56,56121,PIAF (RUE  EDITH ),47.7581,-3.38979,Plein jour,En agglomération,Giratoire,Normale,Deux véhicules - arrière,4,2,2,0,1,1,1,0,1,30,2,3,2,0,0,1,26.0,24.0,voiture,voiture,1,2,6,1,2
202200053760,2022-09-18 19:00:00,2022,9,18,19,0,94,94076,GUYNEMER (R),48.79263,2.36795,Crépuscule ou aube,En agglomération,Hors intersection,Normale,Autre collision,4,1,1,0,1,1,1,0,1,50,2,2,1,0,0,1,23.0,6.0,voiture,deux_roues,2,2,1,1,6
202200053761,2022-10-18 18:40:00,2022,10,18,18,40,59,59122,PREMIER (AVENUE ALBERT),50.17828,3.23744,Plein jour,En agglomération,Hors intersection,Normale,Autre collision,4,-1,4,0,1,1,1,0,1,50,1,2,1,0,0,1,20.0,,voiture,,1,2,1,1,6
202200053762,2022-07-18 10:55:00,2022,7,18,10,55,62,62139,D77,50.713715,2.291917,Plein jour,Hors agglomération,Hors intersection,Normale,Deux véhicules - frontale,3,2,2,0,2,3,1,0,1,80,2,4,0,0,2,2,74.0,53.0,voiture,voiture,1,1,1,1,1
202200053763,2022-07-09 02:45:00,2022,7,9,2,45,04,04152,Domaine Chateauneuf,43.787857,5.696175,Nuit sans éclairage public,Hors agglomération,Place,Normale,Autre collision,9,-1,1,0,1,1,1,0,8,30,1,2,1,0,1,0,55.0,,utilitaire_camion,,3,1,7,1,6
202200053764,2022-02-15 06:30:00,2022,2,15,6,30,987,98715,Route de Tavararo,-17.584522,-149.568578,Plein jour,Hors agglomération,Hors intersection,Normale,Sans collision,2,2,2,0,2,2,1,0,1,50,1,6,0,0,1,5,37.0,,voiture,,1,1,1,1,7
202200053765,2022-06-06 19:40:00,2022,6,6,19,40,75,75115,BOULEVARD VICTOR,48.83619,2.278223,Plein jour,En agglomération,Intersection en X,Normale,Deux véhicules - côté,4,3,2,0,1,1,1,0,1,30,2,2,0,0,0,2,28.0,37.0,deux_roues,deux_roues,1,2,2,1,3
202200053766,2022-09-19 16:30:00,2022,9,19,16,30,94,94011,Avenue de Choisy,48.77153,2.47806,Plein jour,En agglomération,Hors intersection,Normale,Autre collision,3,2,2,0,1,1,1,6,1,50,1,3,1,0,0,2,38.0,,voiture,,1,2,1,1,6
202200053767,2022-08-10 13:05:00,2022,8,10,13,5,54,54431,PATTON (AVENUE DU GENERAL),48.90095,6.04946,Plein jour,En agglomération,Intersection en T,Normale,Deux véhicules - côté,4,2,2,0,2,3,1,0,1,50,2,2,1,0,0,1,66.0,12.0,voiture,deux_roues,1,2,3,1,3
202200053768,2022-10-18 17:26:00,2022,10,18,17,26,92,92019,GRILLONS (RUE DES),48.7579,2.27338,Plein jour,En agglomération,Hors intersection,Normale,Autre collision,4,2,1,3,2,1,1,0,1,50,1,2,1,0,0,1,83.0,,voiture,,1,2,1,1,6
202200053769,2022-07-07 15:15:00,2022,7,7,15,15,13,13081,34 boulevard Jean Jaurès,43.487603,5.224991,Plein jour,En agglomération,Hors intersection,Normale,Deux véhicules - côté,4,-1,1,0,2,1,1,0,3,50,1,2,1,0,0,1,51.0,,voiture,,1,2,1,1,3
202200053770,2022-02-14 20:50:00,2022,2,14,20,50,64,64546,Autoroute A64,43.475248,-1.279317,Nuit sans éclairage public,Hors agglomération,Hors intersection,Neige / grêle,Autre collision,1,3,4,0,1,1,2,0,3,130,2,4,2,0,2,0,29.0,55.0,voiture,voiture,3,1,1,4,6
202200053771,2022-10-19 21:20:00,2022,10,19,21,20,59,59521,Avenue de la Solette,50.198841,3.192395,Nuit avec éclairage allumé,Hors agglomération,Hors intersection,Normale,Autre collision,4,2,2,0,1,1,1,0,1,50,1,2,1,1,0,0,32.0,,voiture,,5,1,1,1,6
202200053772,2022-09-18 18:20:00,2022,9,18,18,20,94,94028,CHOISY(ROUTE DE),48.78643,2.4498,Plein jour,En agglomération,Hors intersection,Normale,Autre collision,4,2,2,0,1,1,1,0,1,50,2,2,1,0,1,0,21.0,47.0,deux_roues,voiture,1,2,1,1,6
202200053773,2022-08-09 21:53:00,2022,8,9,21,53,49,49007,DAGUENET,47.47502,-0.52521,Nuit avec éclairage allumé,En agglomération,Intersection en Y,Normale,Sans collision,4,2,2,0,1,1,1,0,1,50,1,2,1,0,0,1,22.0,,voiture,,5,2,4,1,7
202200053774,2022-11-24 23:00:00,2022,11,24,23,0,988,98818,RUE EUGENE LEVESQUE,-22.23297,166.46437,Nuit avec éclairage allumé,En agglomération,Intersection en Y,Normale,Deux véhicules - arrière,4,2,2,0,1,2,1,0,1,50,2,5,4,0,0,1,41.0,35.0,voiture,voiture,5,2,4,1,2
202200053775,2022-03-25 20:26:00,2022,3,25,20,26,93,93066,Avenue Lénine / Avenue Jean Moulin,48.94202,2.36537,Nuit avec éclairage allumé,En agglomération,Intersection en X,Normale,Deux véhicules - côté,3,3,4,0,1,1,1,0,1,50,2,2,1,0,0,1,23.0,53.0,deux_roues,voiture,5,2,2,1,3
202200053776,2022-06-06 11:40:00,2022,6,6,11,40,75,75115,BOULEVARD DE GRENELLE,48.848702,2.2987,Plein jour,En agglomération,Intersection en T,Normale,Autre collision,4,1,1,1,1,1,1,-1,5,30,1,2,1,0,0,1,21.0,,deux_roues,,1,2,3,1,6
202200053777,2022-07-07 10:30:00,2022,7,7,10,30,13,13081,Rd113,43.503215,5.210344,Plein jour,Hors agglomération,Hors intersection,Normale,Deux véhicules - côté,3,3,4,0,2,1,1,0,1,90,2,2,0,0,1,1,90.0,38.0,utilitaire_camion,deux_roues,1,1,1,1,3
202200053778,2022-05-08 11:15:00,2022,5,8,11,15,79,79034,,46.298927,-0.526949,Plein jour,En agglomération,Intersection en T,Normale,Trois véhicules et plus - collisions multiples,4,2,2,0,1,3,1,0,1,30,4,4,0,0,0,4,80.0,55.0,voiture,deux_roues,1,2,3,1,5
202200053779,2022-02-15 06:20:00,2022,2,15,6,20,973,97305,"Pk 20, RN1",4.98814602,-52.4480009079,Nuit sans éclairage public,Hors agglomération,Hors intersection,Pluie forte,Deux véhicules - frontale,2,2,2,0,1,1,2,0,1,80,2,2,0,0,1,1,29.0,82.0,voiture,voiture,3,1,1,3,1
202200053780,2022-08-10 10:20:00,2022,8,10,10,20,47,47001,CARNOT (BD DU PRESIDENT),44.20419,0.62085,Plein jour,En agglomération,Hors intersection,Normale,Autre collision,4,2,2,0,1,1,1,0,8,30,1,2,1,0,0,1,44.0,,voiture,,1,2,1,1,6
202200053781,2022-07-08 13:05:00,2022,7,8,13,5,25,25047,Rue de Mi-Cour,47.345784,6.36024,Plein jour,En agglomération,Hors intersection,Normale,Autre collision,6,-1, -1,0,1,1,1,0,6,10,1,2,1,0,1,0,21.0,,utilitaire_camion,,1,2,1,1,6
202200053782,2022-10-20 20:00:00,2022,10,20,20,0,94,94043,CHASTENET DE GERY (BD),48.807132,2.35798,Nuit avec éclairage allumé,En agglomération,Autre intersection,Pluie légère,Sans collision,4,2,2,0,1,1,2,6,1,50,1,4,1,0,0,3,38.0,,voiture,,5,2,9,2,7
202200053783,2022-09-19 19:00:00,2022,9,19,19,0,94,94017,Rue Louis Talamoni / Rue de la Marne,48.8129869391,2.5131721795,Plein jour,En agglomération,Intersection en T,Normale,Deux véhicules - côté,3,-1,4,3,1,1,1,0,1,50,2,2,0,0,0,2,56.0,37.0,voiture,deux_roues,1,2,3,1,3
202200053784,2022-06-06 15:30:00,2022,6,6,15,30,75,75113,BOULEVARD DE L HOPITAL,48.83657,2.359403,Plein jour,En agglomération,Intersection en T,Normale,Autre collision,4,2,1,0,2,1,1,0,1,30,1,2,1,0,0,1,42.0,,voiture,,1,2,3,1,6
202200053785,2022-05-07 10:50:00,2022,5,7,10,50,2B,2B341,RT20,42.215233,9.176502,Plein jour,Hors agglomération,Hors intersection,Normale,Deux véhicules - côté,2,2,2,0,1,2,1,0,3,80,1,1,0,0,1,0,25.0,,deux_roues,,1,1,1,1,3
202200053786,2022-11-25 08:30:00,2022,11,25,8,30,974,97411,JAURES (BOULEVARD JEAN),-20.88896,55.44955,Plein jour,En agglomération,Hors intersection,Normale,Autre collision,2,3,4,0,1,1,1,0,1,30,1,4,3,0,1,0,45.0,,voiture,,1,2,1,1,6
202200053787,2022-03-25 11:00:00,2022,3,25,11,0,93,93066,Avenue du Stade de France / Rue des Bretons,48.921174,2.361592,Plein jour,En agglomération,Intersection en X,Normale,Deux véhicules - côté,4,2,2,0,1,1,1,5,1,50,2,3,2,0,0,1,27.0,26.0,utilitaire_camion,voiture,1,2,2,1,3
202200053788,2022-02-14 07:20:00,2022,2,14,7,20,21,21515,Avenue du Stade,47.314021,5.112752,Crépuscule ou aube,En agglomération,Giratoire,Pluie légère,Autre collision,7,1,1,0,1,1,2,5,1,50,1,2,1,0,1,0,33.0,,voiture,,2,2,6,2,6
202200053789,2022-10-20 00:03:00,2022,10,20,0,3,69,69009,Autoroute 6,45.95423,4.7166,Nuit sans éclairage public,Hors agglomération,Hors intersection,Normale,Autre collision,1,3,6,0,1,1,1,0,1,130,1,2,1,1,0,0,59.0,,utilitaire_camion,,3,1,1,1,6
202200053790,2022-09-19 22:50:00,2022,9,19,22,50,95,95527,Rue Houdart,49.01086,2.51476,Nuit sans éclairage public,En agglomération,Intersection en Y,Normale,Autre collision,4,2,2,0,1,2,1,0,1,50,1,1,0,0,0,1,29.0,,voiture,,3,2,4,1,6
202200053791,2022-11-25 06:53:00,2022,11,25,6,53,974,97411,TAMARINS (CHEMIN DES),-20.88522,55.4134,Plein jour,En agglomération,Hors intersection,Normale,Sans collision,4,1,1,0,2,1,1,0,1,30,1,1,0,0,1,0,36.0,,deux_roues,,1,2,1,1,7
202200053792,2022-06-06 17:00:00,2022,6,6,17,0,75,75107,ESPLANADE HABIB BOURGUIBA,48.862824,2.307958,Plein jour,En agglomération,Hors intersection,Normale,Autre collision,4,2,1,0,1,1,1,6,6,30,2,2,1,0,0,1,24.0,4.0,deux_roues,deux_roues,1,2,1,1,6
202200053793,2022-08-06 17:35:00,2022,8,6,17,35,42,42103,Rue Louis Pasteur,45.4946078301,4.5617542458,Plein jour,En agglomération,Autre intersection,Normale,Deux véhicules - côté,7,2,2,0,2,2,1,0,1,50,2,4,0,0,0,4,23.0,69.0,voiture,voiture,1,2,9,1,3
202200053794,2022-10-22 03:30:00,2022,10,22,3,30,988,98818,AVENUE JAMES COOK,-22.26252,166.39668,Nuit sans éclairage public,En agglomération,Hors intersection,Normale,Sans collision,4,2,2,0,3,2,1,0,3,50,1,4,1,0,0,3,33.0,,utilitaire_camion,,3,2,1,1,7
202200053795,2022-05-29 17:15:00,2022,5,29,17,15,89,89083,D31,47.837993,3.500341,Plein jour,Hors agglomération,Intersection en T,Normale,Deux véhicules - arrière,3,2,2,0,3,1,1,5,1,70,2,2,1,0,0,1,38.0,25.0,voiture,voiture,1,1,3,1,2
202200053796,2022-09-19 16:40:00,2022,9,19,16,40,95,95527,A3,48.99488,2.51453,Plein jour,Hors agglomération,Hors intersection,Normale,Deux véhicules - arrière,1,1,4,0,1,1,1,0,1,-1,2,2,1,0,0,1,48.0,32.0,voiture,voiture,1,1,1,1,2
202200053797,2022-08-10 08:25:00,2022,8,10,8,25,41,41018,EUROPE (AVENUE DE L') N° PAIRS,47.58928,1.3077,Plein jour,En agglomération,Hors intersection,Temps éblouissant,Autre collision,4,2,2,0,1,1,1,6,1,50,1,2,1,0,0,1,24.0,,voiture,,1,2,1,7,6
202200053798,2022-03-25 10:25:00,2022,3,25,10,25,93,93066,Avenue du Docteur Lamaze,48.9363367622,2.3722759047,Plein jour,En agglomération,Hors intersection,Normale,Deux véhicules - côté,3,3,4,0,1,1,1,0,1,50,2,3,2,0,0,1,41.0,34.0,utilitaire_camion,voiture,1,2,1,1,3
202200053799,2022-11-25 13:00:00,2022,11,25,13,0,973,97302,CABASSOU (ROUTE DE),4.92009,-52.3196,Plein jour,En agglomération,Intersection en T,Normale,Deux véhicules - côté,3,2,2,0,1,1,1,0,1,50,2,2,1,0,0,1,18.0,47.0,voiture,deux_roues,1,2,3,1,3
202200053800,2022-06-06 19:00:00,2022,6,6,19,0,75,75102,BOULEVARD DES CAPUCINES,48.870234,2.330137,Plein jour,En agglomération,Intersection en X,Normale,Deux véhicules - côté,4,2,4,3,1,1,1,0,1,30,2,2,1,0,0,1,32.0,24.0,voiture,deux_roues,1,2,2,1,3
202200053801,2022-10-21 23:10:00,2022,10,21,23,10,974,97416,ANTOINE PICARD(CHEMIN),-21.32349,55.53532,Nuit sans éclairage public,Hors agglomération,Hors intersection,Normale,Autre collision,3,2,2,0,2,1,1,0,1,50,1,1,0,0,1,0,25.0,,voiture,,3,1,1,1,6
202200053802,2022-05-07 16:00:00,2022,5,7,16,0,11,11370,Chemin des Mailheuls,43.22308,3.076863,Plein jour,Hors agglomération,Intersection en T,Normale,Deux véhicules - côté,3,2,1,0,1,1,1,0,1,80,2,3,1,0,1,1,16.0,52.0,deux_roues,voiture,1,1,3,1,3
202200053803,2022-02-15 13:05:00,2022,2,15,13,5,77,77060,D152,48.304543,2.436841,Plein jour,Hors agglomération,Hors intersection,Normale,Deux véhicules - frontale,3,2,2,0,4,1,2,0,1,70,2,3,0,0,1,2,19.0,54.0,voiture,voiture,1,1,1,1,1
202200053804,2022-07-08 12:00:00,2022,7,8,12,0,68,68040,30 Rue du Rhin,47.826089,7.081241,Plein jour,En agglomération,Hors intersection,Normale,Sans collision,3,2,2,0,1,1,1,0,8,50,1,2,1,0,0,1,70.0,,voiture,,1,2,1,1,7
202200053805,2022-03-23 17:10:00,2022,3,23,17,10,93,93066,Boulevard Ornano,48.91519,2.34421,Plein jour,En agglomération,Hors intersection,Normale,Autre collision,3,2,2,1,1,1,1,0,1,50,1,2,1,0,0,1,52.0,,voiture,,1,2,1,1,6
202200053806,2022-06-06 19:00:00,2022,6,6,19,0,75,75104,BOULEVARD DE SEBASTOPOL,48.860546,2.349452,Plein jour,En agglomération,Intersection en X,Normale,Autre collision,4,1,3,1,1,1,1,0,1,30,1,2,1,0,0,1,32.0,,deux_roues,,1,2,2,1,6
202200053807,2022-10-21 14:10:00,2022,10,21,14,10,974,97416,ANCIENNE RN 1,-21.32675,55.44899,Plein jour,Hors agglomération,Hors intersection,Normale,Deux véhicules - arrière,4,2,3,0,1,1,1,0,1,80,2,2,1,0,1,0,59.0,26.0,utilitaire_camion,deux_roues,1,1,1,1,2
202200053808,2022-11-25 20:00:00,2022,11,25,20,0,69,69388,Rue Marius Berliet,45.73813,4.86747,Nuit avec éclairage allumé,En agglomération,Autre intersection,Normale,Deux véhicules - côté,4,1,1,3,1,1,1,0,6,50,2,3,2,0,0,1,24.0,34.0,voiture,deux_roues,5,2,9,1,3
202200053809,2022-09-19 15:30:00,2022,9,19,15,30,95,95527,A3,48.99498,2.51471,Plein jour,Hors agglomération,Hors intersection,Normale,Trois véhicules et plus - collisions multiples,1,1,4,0,1,1,1,0,1,70,3,5,2,0,0,3,34.0,50.0,utilitaire_camion,utilitaire_camion,1,1,1,1,5
202200053810,2022-08-09 22:15:00,2022,8,9,22,15,34,34172,29 Avenue de Toulouse,43.59915,3.86615,Nuit avec éclairage non allumé,En agglomération,Autre intersection,Normale,Autre collision,4,2,2,0,1,1,1,0,1,50,1,2,1,0,0,1,21.0,,voiture,,4,2,9,1,6
202200053811,2022-02-14 10:20:00,2022,2,14,10,20,2B,2B148,route du musée,42.537287,9.471073,Plein jour,Hors agglomération,,Normale,Deux véhicules - arrière,3,3,1,0,1,1,1,0,1,80,2,2,1,0,0,1,49.0,48.0,utilitaire_camion,utilitaire_camion,1,1,-1,1,2
202200053812,2022-05-07 16:10:00,2022,5,7,16,10,89,89264,,48.174341,3.04677,Plein jour,Hors agglomération,Hors intersection,Normale,Deux véhicules - arrière,3,2,2,0,1,1,1,0,1,80,2,2,1,0,0,1,28.0,45.0,utilitaire_camion,utilitaire_camion,1,1,1,1,2
202200053813,2022-06-20 12:03:00,2022,6,20,12,3,67,67067,Allee des Acacias,48.729604,7.716941,Plein jour,En agglomération,Intersection en T,Normale,Deux véhicules - côté,3,1,1,1,1,2,1,0,1,30,2,2,1,0,1,0,15.0,49.0,deux_roues,voiture,1,2,3,1,3
202200053814,2022-09-15 17:20:00,2022,9,15,17,20,93,93073,D40 Circuit Carole,48.9772790809,2.5190625434,Plein jour,En agglomération,Hors intersection,Normale,Sans collision,3,3,4,0,1,1,1,0,1,50,1,1,0,0,1,0,23.0,,deux_roues,,1,2,1,1,7
202200053815,2022-10-21 07:00:00,2022,10,21,7,0,974,97416,ANCIENNE RN2,-21.34868,55.49908,Plein jour,Hors agglomération,Hors intersection,Normale,Deux véhicules - côté,2,2,0,0,1,1,1,0,1,80,2,2,1,0,0,1,41.0,25.0,deux_roues,voiture,1,1,1,1,3
202200053816,2022-11-25 12:00:00,2022,11,25,12,0,69,69387,Rue Challemel Lacour,45.72981,4.8401,Plein jour,En agglomération,Hors intersection,Normale,Autre collision,4,2,2,2,1,1,1,0,1,50,1,2,1,0,0,1,31.0,,voiture,,1,2,1,1,6
202200053817,2022-03-26 09:30:00,2022,3,26,9,30,93,93062,Avenue Thiers / Avenue de la Résistance,48.89919,2.51771,Plein jour,En agglomération,Giratoire,Normale,Autre collision,3,2,2,0,1,1,1,0,1,50,1,2,1,0,0,1,80.0,,voiture,,1,2,6,1,6
202200053818,2022-08-10 14:07:00,2022,8,10,14,7,33,33192,Rue de Lahouneau,44.77988,-0.61284,Plein jour,En agglomération,Hors intersection,Normale,Sans collision,4,2,2,1,1,1,1,0,1,50,1,1,0,0,0,1,17.0,,deux_roues,,1,2,1,1,7
202200053819,2022-06-06 15:45:00,2022,6,6,15,45,75,75104,QUAI DE L HOTEL DE VILLE,48.854427,2.355014,Plein jour,En agglomération,Intersection en X,Normale,Deux véhicules - arrière,4,2,4,0,1,1,1,0,1,30,2,2,1,0,0,1,65.0,22.0,voiture,deux_roues,1,2,2,1,2
202200053820,2022-05-08 04:45:00,2022,5,8,4,45,25,25004,D34,47.431138,6.901981,Nuit sans éclairage public,Hors agglomération,Hors intersection,Normale,Deux véhicules - frontale,3,2,2,0,2,1,1,0,1,80,2,2,0,0,1,1,45.0,59.0,voiture,voiture,3,1,1,1,1
202200053821,2022-02-13 01:45:00,2022,2,13,1,45,66,66088,Avenue Pasteur,42.668872,2.617568,Nuit avec éclairage allumé,En agglomération,Hors intersection,Normale,Deux véhicules - arrière,3,2,2,0,1,1,1,0,1,-1,2,2,1,0,0,1,19.0,48.0,voiture,voiture,5,2,1,1,2
202200053822,2022-08-10 12:05:00,2022,8,10,12,5,32,32013,COUME (CHEMIN DE LA),43.63265,0.55388,Plein jour,Hors agglomération,Hors intersection,Normale,Sans collision,4,2,2,0,1,1,1,0,1,50,1,1,0,0,0,1,24.0,,deux_roues,,1,1,1,1,7
202200053823,2022-07-09 10:27:00,2022,7,9,10,27,88,88196,Boulevard de Colmar,48.079369,6.892312,Plein jour,En agglomération,Intersection en T,Normale,Deux véhicules - arrière,3,2,2,2,1,1,1,0,1,50,2,3,2,0,1,0,25.0,73.0,voiture,deux_roues,1,2,3,1,2
202200053824,2022-03-25 21:51:00,2022,3,25,21,51,93,93077,GRANDE RUE,48.88269,2.51441,Nuit avec éclairage allumé,En agglomération,Intersection en X,Normale,Deux véhicules - côté,3,2,2,0,1,1,1,0,1,50,2,2,1,0,1,0,20.0,17.0,voiture,deux_roues,5,2,2,1,3
202200053825,2022-02-15 00:45:00,2022,2,15,0,45,66,66212,D11e,42.760858,3.013821,Nuit sans éclairage public,Hors agglomération,Hors intersection,Normale,Autre collision,3,2,2,0,1,3,1,0,3,80,1,1,0,1,0,0,62.0,,voiture,,3,1,1,1,6
202200053826,2022-11-25 08:00:00,2022,11,25,8,0,69,69387,Rue Montesquieu,45.75375,4.8404,Plein jour,En agglomération,Intersection en X,Normale,Deux véhicules - côté,4,1,1,2,1,1,1,0,1,50,2,2,1,0,0,1,16.0,42.0,deux_roues,utilitaire_camion,1,2,2,1,3
202200053827,2022-10-20 08:30:00,2022,10,20,8,30,974,97411,ROSTAND (RUE EDMOND),-20.88626,55.46605,Plein jour,En agglomération,Intersection en X,Normale,Deux véhicules - côté,4,2,2,0,1,1,1,0,1,50,2,3,2,0,1,0,27.0,64.0,deux_roues,voiture,1,2,2,1,3