accident_id,datetime,annee,mois,jour,heure,minute,departement,commune_insee,adresse,latitude,longitude,luminosite,agglomeration,intersection,meteo,collision,catr,circ,nbv,vosp,prof,plan,surf,infra,situ,vma,nb_vehicules,nb_usagers,nb_indemnes,nb_tues,nb_blesses_hosp,nb_blesses_legers,age_cond_1,age_cond_2,veh_type_cond_1,veh_type_cond_2,lum_code,agg_code,int_code,atm_code,col_code
202200054104,2022-03-27 15:45:00,2022,3,27,15,45,76,76257,La Haumarderie,49.858201,1.595405,Plein jour,Hors agglomération,Hors intersection,Normale,Sans collision,3,2,2,0,2,2,1,0,3,80,1,1,0,0,1,0,27.0,,deux_roues,,1,1,1,1,7
202200054105,2022-01-04 08:40:00,2022,1,4,8,40,62,62043,Autoroute A26 CALAIS REIMS,50.911523,1.940321,Crépuscule ou aube,Hors agglomération,Hors intersection,Temps couvert,Autre collision,1,3,4,0,1,1,2,0,1,130,1,2,1,0,1,0,51.0,,voiture,,2,1,1,8,6
202200054106,2022-07-06 19:45:00,2022,7,6,19,45,50,50041,rond point de la croix bézuel,49.664128,-1.84843,Plein jour,Hors agglomération,Giratoire,Normale,Deux véhicules - côté,3,2,2,0,1,1,1,0,1,90,2,2,1,0,1,0,55.0,50.0,voiture,deux_roues,1,1,6,1,3
202200054107,2022-10-10 19:00:00,2022,10,10,19,0,62,62413,Rue des Fusillés,50.443711,2.903619,Plein jour,En agglomération,Hors intersection,Normale,Deux véhicules - frontale,4,2,2,0,1,3,1,0,1,50,2,2,1,0,1,0,41.0,33.0,voiture,deux_roues,1,2,1,1,1
202200054108,2022-11-25 07:03:00,2022,11,25,7,3,65,65440,Quai de l'Adour,43.23128,0.08771,Nuit avec éclairage allumé,En agglomération,Hors intersection,Pluie légère,Autre collision,3,1,1,0,1,3,2,0,1,50,1,2,1,0,1,0,21.0,,voiture,,5,2,1,2,6
202200054109,2022-05-07 10:35:00,2022,5,7,10,35,62,62560,D191,50.827182,1.698369,Plein jour,En agglomération,Hors intersection,Temps éblouissant,Deux véhicules - côté,3,2,2,0,2,1,1,0,1,50,2,2,1,0,1,0,50.0,45.0,voiture,deux_roues,1,2,1,7,3
202200054110,2022-08-09 12:55:00,2022,8,9,12,55,92,92025,STALINGRAD (AVENUE),48.92879,2.26887,Plein jour,En agglomération,Hors intersection,Normale,Deux véhicules - arrière,3,-1,2,0,1,1,1,0,1,50,2,6,0,0,0,6,18.0,30.0,voiture,transport_commun,1,2,1,1,2
202200054111,2022-03-26 05:45:00,2022,3,26,5,45,71,71267,666 Rue des Charmes,46.478777,4.813101,Crépuscule ou aube,En agglomération,Hors intersection,Normale,Autre collision,3,2,2,0,2,3,1,0,4,50,1,1,0,0,1,0,31.0,,voiture,,2,2,1,1,6
202200054112,2022-09-19 12:30:00,2022,9,19,12,30,29,29240,D47 - Lieu dit Roz Avel ,48.263798,-4.202045,Plein jour,Hors agglomération,Hors intersection,Normale,Sans collision,3,2,2,0,1,1,1,0,1,80,1,1,0,0,0,1,33.0,,deux_roues,,1,1,1,1,7
202200054113,2022-02-13 16:00:00,2022,2,13,16,0,69,69264,Rue Jules Ferry,45.98226,4.73503,Plein jour,En agglomération,Intersection en X,Normale,Deux véhicules - côté,4,2,2,0,1,1,1,5,1,50,2,4,2,0,0,2,41.0,19.0,voiture,voiture,1,2,2,1,3
202200054114,2022-07-08 12:35:00,2022,7,8,12,35,50,50034,La Maison du Pont,49.086396,-1.091466,Plein jour,Hors agglomération,Hors intersection,Normale,Autre collision,3,2,2,0,4,3,1,2,4,50,1,1,0,0,1,0,25.0,,deux_roues,,1,1,1,1,6
202200054115,2022-01-03 17:25:00,2022,1,3,17,25,57,57512,A314,49.126831,6.245341,Nuit sans éclairage public,Hors agglomération,Hors intersection,Pluie légère,Autre collision,1,3,4,0,1,3,2,0,3,110,1,1,0,0,1,0,51.0,,voiture,,3,1,1,2,6
202200054116,2022-10-20 00:15:00,2022,10,20,0,15,62,62178,Rue de Philippeville,50.492744,2.539964,Nuit sans éclairage public,En agglomération,Hors intersection,Normale,Autre collision,4,2,2,0,1,1,2,0,3,50,1,2,0,1,1,0,23.0,,voiture,,3,2,1,1,6
202200054117,2022-11-25 18:35:00,2022,11,25,18,35,64,64445,boulevard d'Alsace Lorraine,43.3039,-0.36593,Nuit avec éclairage allumé,En agglomération,Hors intersection,Normale,Deux véhicules - côté,4,-1,4,2,1,1,2,0,1,50,2,2,1,0,0,1,,23.0,voiture,deux_roues,5,2,1,1,3
202200054118,2022-05-06 00:47:00,2022,5,6,0,47,13,13071,A7-Sens Marseille vers Lyon,43.4061120076,5.3363115509,Nuit sans éclairage public,Hors agglomération,Hors intersection,Normale,Deux véhicules - arrière,1,1,2,0,2,1,1,0,1,110,2,2,1,0,0,1,20.0,22.0,voiture,voiture,3,1,1,1,2
202200054119,2022-03-26 20:45:00,2022,3,26,20,45,89,89200,D84,47.927098,3.605103,Nuit sans éclairage public,Hors agglomération,Hors intersection,Normale,Autre collision,3,2,2,0,1,1,1,0,1,80,1,1,0,0,1,0,45.0,,voiture,,3,1,1,1,6
202200054120,2022-01-03 18:30:00,2022,1,3,18,30,2B,2B188,D82,42.6041628148,9.3570631755,Nuit sans éclairage public,Hors agglomération,Hors intersection,Normale,Autre collision,3,2,2,0,2,2,1,0,1,80,1,1,0,0,1,0,42.0,,voiture,,3,1,1,1,6
202200054121,2022-08-10 22:20:00,2022,8,10,22,20,60,60194,RD 108,49.698813,1.990253,Nuit sans éclairage public,Hors agglomération,Hors intersection,Normale,Autre collision,3,2,2,0,1,3,1,0,3,80,1,3,0,0,2,1,20.0,,voiture,,3,1,1,1,6
202200054122,2022-01-30 18:50:00,2022,1,30,18,50,64,64260,boulevard du Général de Gaulle,43.3598897903,-1.7755194128,Crépuscule ou aube,En agglomération,Hors intersection,Normale,Deux véhicules - côté,3,2,2,0,1,1,1,0,1,50,2,2,1,0,1,0,63.0,16.0,deux_roues,deux_roues,2,2,1,1,3
202200054123,2022-09-19 17:57:00,2022,9,19,17,57,38,38117,Rue de Malleval,45.171411,5.415359,Plein jour,En agglomération,Intersection en Y,Normale,Deux véhicules - frontale,3,2,2,0,4,2,1,0,1,50,2,2,1,0,1,0,72.0,41.0,deux_roues,voiture,1,2,4,1,1
202200054124,2022-07-09 19:30:00,2022,7,9,19,30,14,14663,D516,49.2988626651,-0.6858887793,Plein jour,Hors agglomération,Intersection en X,Normale,Deux véhicules - frontale,3,2,2,0,4,1,1,0,1,80,2,3,2,0,1,0,34.0,66.0,deux_roues,utilitaire_camion,1,1,2,1,1
202200054125,2022-10-21 06:55:00,2022,10,21,6,55,59,59650,CARNOT (RUE),50.698373,3.207989,Nuit avec éclairage allumé,En agglomération,Intersection en T,Normale,Autre collision,7,1,1,0,1,1,2,0,1,50,1,2,1,0,0,1,71.0,,voiture,,5,2,3,1,6
202200054126,2022-11-25 14:55:00,2022,11,25,14,55,64,64348,Chemin Salié,43.33571,-0.38511,Plein jour,En agglomération,Giratoire,Normale,Sans collision,3,2,1,0,1,1,2,0,1,50,1,1,0,0,0,1,52.0,,deux_roues,,1,2,6,1,7
202200054127,2022-06-04 21:30:00,2022,6,4,21,30,60,60013,44 Rue Bontemps,49.307644,2.50734,Crépuscule ou aube,En agglomération,Hors intersection,Temps couvert,Autre collision,3,2,2,0,1,1,2,0,4,50,1,5,3,0,1,1,20.0,,voiture,,2,2,1,8,6
202200054128,2022-03-27 18:30:00,2022,3,27,18,30,63,63047,D645,45.563718,2.756968,Plein jour,Hors agglomération,Hors intersection,Normale,Sans collision,3,2,2,0,1,1,1,0,8,80,1,1,0,0,1,0,23.0,,deux_roues,,1,1,1,1,7
202200054129,2022-01-03 10:05:00,2022,1,3,10,5,2B,2B298,D81 route de Bastia,42.687948,9.313064,Plein jour,En agglomération,Hors intersection,Normale,Deux véhicules - arrière,3,2,2,0,1,1,1,0,1,50,2,2,1,0,0,1,33.0,84.0,deux_roues,voiture,1,2,1,1,2
202200054130,2022-08-11 19:57:00,2022,8,11,19,57,06,06044,167 Boulevard Alex Roubert,43.684881,7.101486,Crépuscule ou aube,En agglomération,Intersection en Y,Normale,Sans collision,4,2,2,0,1,1,1,0,1,30,1,1,0,0,0,1,45.0,,deux_roues,,2,2,4,1,7
202200054131,2022-08-17 02:40:00,2022,8,17,2,40,26,26124,N7,44.851549,4.852899,Nuit sans éclairage public,Hors agglomération,Hors intersection,Pluie légère,Sans collision,2,2,2,0,1,3,2,0,3,80,1,1,0,0,1,0,23.0,,voiture,,3,1,1,2,7
202200054132,2022-07-10 04:40:00,2022,7,10,4,40,29,29179,D770 - Kerbiquet,48.55209,-4.309226,Nuit sans éclairage public,Hors agglomération,Hors intersection,Normale,Autre collision,3,2,2,0,1,1,1,0,1,80,1,1,0,0,0,1,49.0,,deux_roues,,3,1,1,1,6
202200054133,2022-02-13 19:20:00,2022,2,13,19,20,64,64445,pont du 14 JUILLET ,43.29342,-0.37767,Nuit avec éclairage allumé,En agglomération,Hors intersection,Normale,Deux véhicules - côté,4,2,3,0,1,1,1,2,1,50,2,2,1,0,1,0,30.0,47.0,voiture,deux_roues,5,2,1,1,3
202200054134,2022-04-22 16:20:00,2022,4,22,16,20,69,69266,Boulevard Laurent Bonnevay,45.75382,4.90827,Plein jour,En agglomération,Hors intersection,Normale,Trois véhicules et plus - collisions multiples,7,3,6,0,1,1,1,0,2,70,4,4,3,0,0,1,32.0,18.0,utilitaire_camion,voiture,1,2,1,1,5
202200054135,2022-11-25 10:00:00,2022,11,25,10,0,64,64445,rue Bayard,43.2973766988,-0.3747823834,Plein jour,En agglomération,Hors intersection,Pluie forte,Autre collision,4,1,1,0,1,2,2,6,1,30,1,2,1,0,0,1,17.0,,voiture,,1,2,1,3,6
202200054136,2022-03-27 16:30:00,2022,3,27,16,30,61,61036,D748,48.598551,0.104649,Plein jour,Hors agglomération,Hors intersection,Normale,Autre collision,3,2,2,0,2,3,1,0,3,90,1,1,0,1,0,0,51.0,,deux_roues,,1,1,1,1,6
202200054137,2022-08-10 01:30:00,2022,8,10,1,30,84,84044,chemin de l'ancienne voie ferré,44.231478,5.139402,Nuit sans éclairage public,Hors agglomération,Hors intersection,Normale,Sans collision,4,2,2,0,1,1,1,0,8,80,1,1,0,0,1,0,19.0,,voiture,,3,1,1,1,7
202200054138,2022-01-04 06:40:00,2022,1,4,6,40,04,04242,RD 4096,43.908243,5.884005,Nuit sans éclairage public,Hors agglomération,Hors intersection,Normale,Deux véhicules - côté,3,2,2,0,3,1,1,0,1,80,2,2,1,0,0,1,18.0,,deux_roues,utilitaire_camion,3,1,1,1,3
202200054139,2022-10-21 22:30:00,2022,10,21,22,30,59,59122,VICTOIRE (AVENUE DE LA),50.17269,3.23267,Nuit avec éclairage allumé,En agglomération,Intersection en Y,Normale,Deux véhicules - côté,4,2,2,0,2,1,1,0,1,40,2,2,1,0,1,0,25.0,69.0,deux_roues,voiture,5,2,4,1,3
202200054140,2022-06-04 17:20:00,2022,6,4,17,20,76,76556,D81 - route de lillebonne,49.5304087299,0.4929498476,Plein jour,En agglomération,Hors intersection,Pluie forte,Deux véhicules - frontale,3,2,2,0,3,3,2,0,1,80,2,4,3,0,0,1,54.0,50.0,voiture,utilitaire_camion,1,2,1,3,1
202200054141,2022-03-26 16:00:00,2022,3,26,16,0,42,42126,Route de Saint-Jean,45.451822,4.069641,Plein jour,Hors agglomération,Hors intersection,Normale,Autre collision,3,2,2,0,2,2,1,0,1,80,1,1,0,0,0,1,36.0,,deux_roues,,1,1,1,1,6
202200054142,2022-09-11 01:15:00,2022,9,11,1,15,36,36058,,46.6018648793,0.9781748056,Nuit sans éclairage public,Hors agglomération,Giratoire,Normale,Sans collision,3,2,2,0,1,1,1,0,3,90,1,1,0,0,1,0,67.0,,voiture,,3,1,6,1,7
202200054143,2022-02-13 23:45:00,2022,2,13,23,45,64,64102,Chemin de Saint-Etienne,43.49869,-1.46072,Nuit avec éclairage allumé,En agglomération,Hors intersection,Vent fort / tempête,Deux véhicules - frontale,4,2,2,0,1,1,1,0,1,30,2,2,1,0,0,1,19.0,22.0,deux_roues,voiture,5,2,1,6,1
202200054144,2022-05-04 15:45:00,2022,5,4,15,45,42,42237,A72,45.4442229157,4.4283526044,Plein jour,Hors agglomération,Hors intersection,Temps couvert,Deux véhicules - arrière,1,3,4,0,1,1,2,0,1,90,2,2,1,0,0,1,29.0,31.0,deux_roues,utilitaire_camion,1,1,1,8,2
202200054145,2022-07-08 09:10:00,2022,7,8,9,10,29,29124,Rue de la Marne,48.564049,-4.312563,Plein jour,En agglomération,Hors intersection,Normale,Deux véhicules - côté,4,2,2,0,1,1,1,0,1,-1,2,4,2,0,0,2,15.0,15.0,deux_roues,deux_roues,1,2,1,1,3
202200054146,2022-11-25 07:30:00,2022,11,25,7,30,64,64102,Avenue de Plantoun,43.49442,-1.45792,Nuit avec éclairage allumé,En agglomération,Hors intersection,Pluie forte,Deux véhicules - côté,4,2,2,1,1,1,2,0,1,50,2,2,1,0,0,1,55.0,36.0,deux_roues,voiture,5,2,1,3,3
202200054147,2022-05-24 11:30:00,2022,5,24,11,30,34,34078,place de l'ancienne mairie,43.8622196849,3.9058355928,Plein jour,En agglomération,Hors intersection,Normale,Autre collision,4,2,2,0,2,1,1,0,1,-1,1,2,1,0,0,1,38.0,,utilitaire_camion,,1,2,1,1,6
202200054148,2022-01-03 16:00:00,2022,1,3,16,0,13,13097,D453,43.634631,4.776585,Plein jour,Hors agglomération,Intersection en Y,Normale,Autre collision,2,2, -1,-1,1,1,1,5,1,-1,2,2,1,0,1,0,34.0,18.0,voiture,deux_roues,1,1,4,1,6
202200054149,2022-08-11 15:00:00,2022,8,11,15,0,42,42332,Route de Villerest,45.992143,3.99695,Plein jour,Hors agglomération,Intersection en X,Temps éblouissant,Deux véhicules - côté,3,2,2,0,2,1,1,5,1,70,2,2,1,0,0,1,46.0,43.0,utilitaire_camion,deux_roues,1,1,2,7,3
202200054150,2022-10-20 15:45:00,2022,10,20,15,45,57,57672,BEL AIR (ALLEE) - IMPAIR,49.36843,6.14918,Plein jour,En agglomération,Hors intersection,Normale,Autre collision,4,3,4,0,1,1,1,0,1,50,1,2,1,0,1,0,21.0,,voiture,,1,2,1,1,6
202200054151,2022-09-19 11:47:00,2022,9,19,11,47,30,30259,412 Route d Uzes,44.108273,4.116939,Plein jour,En agglomération,Hors intersection,Normale,Autre collision,3,2,2,0,3,1,1,0,1,50,1,2,1,0,1,0,49.0,,deux_roues,,1,2,1,1,6
202200054152,2022-03-27 06:30:00,2022,3,27,6,30,47,47095,RD813,44.4096866545,0.2948049178,Crépuscule ou aube,Hors agglomération,Hors intersection,Normale,Deux véhicules - arrière,3,2,2,0,1,1,1,0,1,80,2,2,0,1,0,1,28.0,81.0,voiture,voiture,2,1,1,1,2
202200054153,2022-05-06 18:30:00,2022,5,6,18,30,92,92002,AUTOROUTE A86,48.7617103727,2.2988497317,Plein jour,Hors agglomération,Hors intersection,Normale,Deux véhicules - côté,1,1,2,0,2,3,1,0,1,90,2,2,1,0,0,1,37.0,32.0,voiture,deux_roues,1,1,1,1,3
202200054154,2022-11-25 02:15:00,2022,11,25,2,15,64,64024,Place du Général Leclerc,43.49476,-1.52901,Nuit sans éclairage public,En agglomération,Hors intersection,Pluie légère,Deux véhicules - frontale,4,2,2,0,1,2,2,0,1,30,2,2,1,0,0,1,21.0,40.0,deux_roues,voiture,3,2,1,2,1
202200054155,2022-07-09 15:30:00,2022,7,9,15,30,22,22093,Le Vieux Chemin Saint-Aaron,48.495774,-2.473764,Plein jour,Hors agglomération,Hors intersection,Normale,Deux véhicules - côté,3,2,2,0,1,1,1,0,1,-1,2,3,2,0,1,0,50.0,59.0,deux_roues,voiture,1,1,1,1,3
202200054156,2022-06-06 17:00:00,2022,6,6,17,0,39,39424,,46.663547,5.999029,Plein jour,Hors agglomération,Hors intersection,Normale,Sans collision,3,2,2,0,1,2,9,0,1,80,1,1,0,0,0,1,17.0,,deux_roues,,1,1,1,1,7
202200054157,2022-01-02 07:30:00,2022,1,2,7,30,58,58160,Rue des Charrons,46.982964,3.093174,Nuit avec éclairage allumé,En agglomération,Hors intersection,Normale,Autre collision,4,2,2,0,1,1,2,5,1,50,1,2,1,0,1,0,71.0,,voiture,,5,2,1,1,6
202200054158,2022-02-13 02:45:00,2022,2,13,2,45,59,59368,SCHUMAN ROBERT BOULEVARD,50.6486214686,3.0692571402,Nuit avec éclairage allumé,En agglomération,Giratoire,Normale,Deux véhicules - arrière,7,1,3,0,1,1,1,5,1,70,2,2,0,0,0,2,27.0,59.0,voiture,voiture,5,2,6,1,2
202200054159,2022-08-11 16:07:00,2022,8,11,16,7,28,28252,A11,48.227646,0.990744,Plein jour,Hors agglomération,Hors intersection,Normale,Autre collision,1,1,3,0,1,1,1,0,1,130,1,1,0,0,1,0,53.0,,voiture,,1,1,1,1,6
202200054160,2022-10-19 12:20:00,2022,10,19,12,20,57,57306,METROPOLE (AVENUE DE LA),49.34873,6.05936,Plein jour,En agglomération,Hors intersection,Normale,Deux véhicules - frontale,3,2,2,0,1,1,1,0,1,50,2,2,1,0,1,0,14.0,64.0,deux_roues,voiture,1,2,1,1,1
202200054161,2022-09-15 20:00:00,2022,9,15,20,0,52,52197,N19,47.774175,5.656618,Crépuscule ou aube,Hors agglomération,Hors intersection,Normale,Deux véhicules - côté,2,2,2,0,1,3,1,0,3,80,2,2,1,0,0,1,51.0,39.0,utilitaire_camion,voiture,2,1,1,1,3
202200054162,2022-11-10 18:45:00,2022,11,10,18,45,62,62895,LOTI (R PIERRE),50.496131,2.869037,Nuit avec éclairage allumé,En agglomération,Hors intersection,Normale,Autre collision,4,1,1,0,1,1,1,0,1,50,1,2,1,0,1,0,20.0,,voiture,,5,2,1,1,6
202200054163,2022-05-06 17:09:00,2022,5,6,17,9,91,91174,RN 104,48.61224,2.4493,Plein jour,Hors agglomération,Hors intersection,Normale,Deux véhicules - arrière,2,-1,3,0,1,1,1,0,1,90,2,2,1,0,0,1,48.0,21.0,voiture,deux_roues,1,1,1,1,2
202200054164,2022-06-05 15:00:00,2022,6,5,15,0,11,11333,La Leude,43.004378,2.05918,Plein jour,Hors agglomération,Hors intersection,Normale,Sans collision,4,2,2,0,3,3,1,0,1,80,1,1,0,0,1,0,31.0,,deux_roues,,1,1,1,1,7
202200054165,2022-01-03 18:55:00,2022,1,3,18,55,01,01376,Chemin de Thil,45.825203,4.985084,Nuit avec éclairage allumé,En agglomération,Hors intersection,Normale,Autre collision,4,2,0,1,1,1,1,0,8,50,1,1,0,0,1,0,92.0,,voiture,,5,2,1,1,6
202200054166,2022-07-09 05:20:00,2022,7,9,5,20,35,35164,D794,48.383059,-1.598065,Crépuscule ou aube,Hors agglomération,Hors intersection,Brouillard / fumée,Deux véhicules - frontale,3,2,2,0,2,1,1,0,1,70,2,3,0,0,1,2,24.0,25.0,voiture,voiture,2,1,1,5,1
202200054167,2022-02-13 18:55:00,2022,2,13,18,55,49,49007,BOUCHEMAINE ROUTE,47.45249,-0.57065,Nuit avec éclairage non allumé,En agglomération,Hors intersection,Temps couvert,Deux véhicules - arrière,4,3,4,0,1,1,2,0,1,50,2,2,1,0,0,1,42.0,21.0,voiture,voiture,4,2,1,8,2
202200054168,2022-10-21 21:30:00,2022,10,21,21,30,54,54498,RD 674,48.717906,6.26096,Nuit avec éclairage allumé,En agglomération,Hors intersection,Normale,Deux véhicules - côté,7,2,2,2,1,1,1,9,1,50,2,2,1,0,0,1,47.0,19.0,voiture,voiture,5,2,1,1,3
202200054169,2022-05-06 19:00:00,2022,5,6,19,0,92,92036,A86,48.9351292754,2.2839515454,Plein jour,Hors agglomération,Hors intersection,Normale,Deux véhicules - arrière,1,-1,3,0,1,1,1,0,1,90,2,2,1,0,0,1,56.0,24.0,utilitaire_camion,voiture,1,1,1,1,2
202200054170,2022-11-25 13:25:00,2022,11,25,13,25,61,61497,MENIL HATTON  (LIEUDIT LE ),48.45105,0.11094,Plein jour,En agglomération,Intersection en T,Normale,Autre collision,3,2,2,0,1,3,1,5,3,30,1,1,0,0,0,1,66.0,,voiture,,1,2,3,1,6
202200054171,2022-03-25 14:40:00,2022,3,25,14,40,29,29043,D770,48.369351,-4.258575,Plein jour,Hors agglomération,Hors intersection,Normale,Trois véhicules et plus - collisions multiples,3,2,2,0,1,1,1,0,1,60,3,7,6,0,1,0,29.0,56.0,voiture,utilitaire_camion,1,1,1,1,5
202200054172,2022-08-10 22:25:00,2022,8,10,22,25,23,23001,13 Place de la Liberté,46.08555,2.045275,Nuit avec éclairage allumé,En agglomération,Intersection à plus de 4 branches,Normale,Autre collision,4,2,0,0,1,1,1,0,8,50,1,2,0,0,0,2,36.0,,voiture,,5,2,5,1,6
202200054173,2022-01-04 12:15:00,2022,1,4,12,15,59,59590,d122,50.65896,2.457247,Plein jour,Hors agglomération,Hors intersection,Pluie légère,Autre collision,3,2,2,0,1,1,2,0,3,70,1,4,3,0,0,1,56.0,,transport_commun,,1,1,1,2,6
202200054174,2022-09-19 20:30:00,2022,9,19,20,30,13,13080,Route de Saint Canadet D13,43.658205,5.446547,Nuit sans éclairage public,Hors agglomération,Intersection en X,Normale,Deux véhicules - côté,3,2,2,0,2,1,1,0,1,80,2,2,1,1,0,0,50.0,58.0,voiture,deux_roues,3,1,2,1,3
202200054175,2022-07-07 17:53:00,2022,7,7,17,53,76,76057,Rue Pierre et Marie Curie,49.54192,0.95414,Plein jour,En agglomération,Hors intersection,Normale,Deux véhicules - frontale,3,2,2,0,2,1,1,0,1,50,2,2,1,1,0,0,44.0,33.0,voiture,deux_roues,1,2,1,1,1
202200054176,2022-05-06 10:00:00,2022,5,6,10,0,92,92050,A14,48.9042100404,2.1968193725,Plein jour,Hors agglomération,Hors intersection,Normale,Sans collision,1,1,1,0,1,3,1,1,1,70,1,1,0,0,0,1,40.0,,deux_roues,,1,1,1,1,7
202200054177,2022-06-04 17:30:00,2022,6,4,17,30,44,44207,La métairie,47.470411,-1.377212,Plein jour,Hors agglomération,Hors intersection,Normale,Deux véhicules - frontale,3,2,2,0,1,1,1,0,1,80,2,5,4,0,1,0,40.0,27.0,voiture,voiture,1,1,1,1,1
202200054178,2022-02-11 12:14:00,2022,2,11,12,14,49,49007,PATTON AVENUE,47.47308,-0.60243,Plein jour,En agglomération,Hors intersection,Normale,Autre collision,4,2,2,0,1,1,1,0,1,30,1,2,1,0,0,1,22.0,,deux_roues,,1,2,1,1,6
202200054179,2022-11-25 13:54:00,2022,11,25,13,54,60,60057,Boulevard Saint - André,49.43073,2.09063,Plein jour,En agglomération,Autre intersection,Normale,Autre collision,4,1,2,0,1,1,1,9,1,50,1,2,1,0,0,1,64.0,,voiture,,1,2,9,1,6
202200054180,2022-10-21 18:22:00,2022,10,21,18,22,54,54578,AIGUILLETTES  (BD 5 A 73-2 A 94),48.67173,6.15581,Crépuscule ou aube,En agglomération,Intersection en T,Normale,Deux véhicules - arrière,4,3,4,0,1,1,1,0,1,50,2,2,1,0,0,1,48.0,40.0,voiture,voiture,2,2,3,1,2
202200054181,2022-07-09 16:12:00,2022,7,9,16,12,60,60619,Projet de route,49.11468,2.772841,Plein jour,Hors agglomération,Hors intersection,Normale,Sans collision,9,-1,2,0,1,3,1,0,8,-1,1,1,0,0,1,0,20.0,,deux_roues,,1,1,1,1,7
202200054182,2022-03-27 15:20:00,2022,3,27,15,20,25,25050,D461,47.102962,6.62121,Plein jour,Hors agglomération,Intersection en X,Normale,Deux véhicules - arrière,3,2,2,0,2,3,1,0,1,80,2,2,1,0,1,0,22.0,21.0,voiture,deux_roues,1,1,2,1,2
202200054183,2022-10-21 08:55:00,2022,10,21,8,55,54,54395,LIBERATION (AVENUE DE LA),48.69579,6.14078,Plein jour,En agglomération,Hors intersection,Pluie légère,Autre collision,4,2,2,0,2,1,2,0,1,50,1,2,1,0,0,1,,,voiture,,1,2,1,2,6
202200054184,2022-11-25 21:20:00,2022,11,25,21,20,59,59508,TOURCOING (RUE DE),50.73913,3.11824,Nuit avec éclairage allumé,En agglomération,Hors intersection,Normale,Deux véhicules - côté,7,2,2,0,2,1,1,0,1,50,2,2,1,0,0,1,21.0,16.0,voiture,deux_roues,5,2,1,1,3
202200054185,2022-06-04 06:20:00,2022,6,4,6,20,47,47175,Figeac,44.532285,0.7122,Crépuscule ou aube,Hors agglomération,Hors intersection,Temps couvert,Sans collision,3,2,2,0,2,1,2,0,3,80,1,5,4,0,1,0,21.0,,utilitaire_camion,,2,1,1,8,7
202200054186,2022-05-03 20:30:00,2022,5,3,20,30,92,92078,AUTOROUTE A86,48.9311292993,2.3235279586,Plein jour,Hors agglomération,Hors intersection,Normale,Trois véhicules et plus - en chaîne,1,1,1,0,2,1,1,0,1,70,3,4,3,0,0,1,41.0,31.0,voiture,voiture,1,1,1,1,4
202200054187,2022-03-26 03:47:00,2022,3,26,3,47,35,35018,8 Rue de Lesquen,48.444351,-1.105961,Nuit avec éclairage allumé,En agglomération,Autre intersection,Normale,Autre collision,3,2,2,0,2,2,1,8,8,50,1,1,0,0,1,0,21.0,,voiture,,5,2,9,1,6
202200054188,2022-07-05 14:55:00,2022,7,5,14,55,60,60338,D200,49.378098,2.782019,Plein jour,Hors agglomération,Hors intersection,Normale,Deux véhicules - arrière,3,1,4,0,1,1,1,0,1,110,2,3,2,0,0,1,53.0,79.0,utilitaire_camion,voiture,1,1,1,1,2
202200054189,2022-06-03 04:50:00,2022,6,3,4,50,2A,2A065,Chiuni,42.1730600429,8.6101765931,Nuit sans éclairage public,Hors agglomération,Hors intersection,Normale,Autre collision,3,2,2,0,1,1,1,0,3,80,1,1,0,1,0,0,25.0,,utilitaire_camion,,3,1,1,1,6
202200054190,2022-09-19 15:40:00,2022,9,19,15,40,18,18126,,46.938898,2.419605,Plein jour,Hors agglomération,Hors intersection,Normale,Autre collision,1,3,4,0,1,3,1,0,3,130,1,2,0,0,2,0,73.0,,voiture,,1,1,1,1,6
202200054191,2022-02-13 01:50:00,2022,2,13,1,50,35,35238,Rue de Paris,48.11247,-1.66628,Nuit sans éclairage public,En agglomération,Intersection en X,Normale,Deux véhicules - côté,4,2,2,0,1,1,1,0,1,50,2,4,2,0,0,2,38.0,,voiture,voiture,3,2,2,1,3
202200054192,2022-10-22 01:20:00,2022,10,22,1,20,51,51454,rue de la 12ème Escadre d'Aviation,49.275,4.03319,Nuit avec éclairage allumé,En agglomération,Hors intersection,Normale,Sans collision,4,2,2,0,1,1,2,0,4,50,1,4,3,0,0,1,19.0,,voiture,,5,2,1,1,7
202200054193,2022-01-03 13:15:00,2022,1,3,13,15,69,69199,Autoroute 7,45.6864083825,4.8466980457,Plein jour,Hors agglomération,Hors intersection,Normale,Deux véhicules - arrière,1,3,6,0,1,1,1,0,1,90,2,14,10,0,0,4,43.0,55.0,utilitaire_camion,voiture,1,1,1,1,2
202200054194,2022-11-24 13:30:00,2022,11,24,13,30,57,57221,79 Rue des Romains,49.33064,6.13471,Plein jour,En agglomération,Intersection en T,Normale,Deux véhicules - côté,3,2,2,0,1,1,1,0,1,50,2,2,0,0,1,1,46.0,35.0,voiture,voiture,1,2,3,1,3
202200054195,2022-08-09 17:50:00,2022,8,9,17,50,65,65156,N21,43.324545,0.126793,Plein jour,Hors agglomération,Hors intersection,Normale,Autre collision,2,2,1,0,1,1,1,0,3,80,1,4,0,0,1,3,75.0,,voiture,,1,1,1,1,6
202200054196,2022-05-06 17:30:00,2022,5,6,17,30,94,94042,A4,48.8283679668,2.4755835633,Plein jour,Hors agglomération,Hors intersection,Normale,Trois véhicules et plus - en chaîne,1,3,8,0,1,1,1,2,1,90,3,4,1,0,0,3,39.0,36.0,utilitaire_camion,voiture,1,1,1,1,4