accident_id,datetime,annee,mois,jour,heure,minute,departement,commune_insee,adresse,latitude,longitude,luminosite,agglomeration,intersection,meteo,collision,catr,circ,nbv,vosp,prof,plan,surf,infra,situ,vma,nb_vehicules,nb_usagers,nb_indemnes,nb_tues,nb_blesses_hosp,nb_blesses_legers,age_cond_1,age_cond_2,veh_type_cond_1,veh_type_cond_2,lum_code,agg_code,int_code,atm_code,col_code
202200054290,2022-06-04 21:50:00,2022,6,4,21,50,57,57286,,49.3897799902,6.4787304552,Nuit sans éclairage public,Hors agglomération,Hors intersection,Temps couvert,Autre collision,3,2,2,0,1,1,2,0,1,80,1,3,1,1,0,1,26.0,,voiture,,3,1,1,8,6
202200054291,2022-08-11 11:50:00,2022,8,11,11,50,89,89176,,47.40837,3.721147,Plein jour,Hors agglomération,Hors intersection,Normale,Sans collision,3,2,2,0,2,1,1,0,3,80,1,1,0,0,1,0,75.0,,deux_roues,,1,1,1,1,7
202200054292,2022-05-04 15:15:00,2022,5,4,15,15,972,97209,SOLEIL LEVANT (BOULEVARD DU),14.62681,-61.03962,Plein jour,En agglomération,Hors intersection,Normale,Deux véhicules - côté,3,2,2,0,2,2,1,0,1,50,2,2,0,0,0,1,30.0,,deux_roues,utilitaire_camion,1,2,1,1,3
202200054293,2022-09-19 21:25:00,2022,9,19,21,25,71,71150,726 Route Nationale,46.244236,4.787314,Nuit avec éclairage allumé,En agglomération,Intersection en X,Normale,Deux véhicules - côté,3,2,2,0,2,1,1,0,8,50,2,2,0,0,2,0,20.0,33.0,deux_roues,deux_roues,5,2,2,1,3
202200054294,2022-01-02 21:25:00,2022,1,2,21,25,73,73008,CORSUET CHEMIN DE,45.70967,5.89616,Nuit avec éclairage allumé,En agglomération,Intersection en Y,Normale,Autre collision,4,2,2,0,2,1,1,0,1,50,1,2,1,0,0,1,,,voiture,,5,2,4,1,6
202200054295,2022-02-12 15:45:00,2022,2,12,15,45,75,75116,RUE DE LA TOUR,48.859289,2.282924,Plein jour,En agglomération,Hors intersection,Normale,Autre collision,4,1,1,0,1,1,1,0,1,30,1,2,1,0,1,0,58.0,,voiture,,1,2,1,1,6
202200054296,2022-07-09 17:30:00,2022,7,9,17,30,13,13215,A7-Sens Lyon vers Marseille,43.35149,5.36693,Plein jour,Hors agglomération,Hors intersection,Normale,Deux véhicules - arrière,1,1,3,0,1,1,1,0,1,90,2,4,3,0,0,1,36.0,21.0,voiture,voiture,1,1,1,1,2
202200054297,2022-11-24 20:13:00,2022,11,24,20,13,49,49007,ESTIENNE D'ORVES BOULEVARD,47.45564,-0.53009,Nuit avec éclairage allumé,En agglomération,Intersection en X,Normale,Deux véhicules - frontale,4,2,4,0,1,1,1,0,1,50,2,2,1,0,1,0,28.0,21.0,deux_roues,voiture,5,2,2,1,1
202200054298,2022-03-26 21:30:00,2022,3,26,21,30,18,18242,5 Rue de l'Hotel de Ville,46.830769,2.918302,Nuit avec éclairage allumé,En agglomération,Intersection en X,Normale,Deux véhicules - côté,3,2,1,0,1,1,1,0,1,50,2,5,3,0,0,2,37.0,20.0,voiture,voiture,5,2,2,1,3
202200054299,2022-04-02 20:00:00,2022,4,2,20,0,971,97107,FRONT DE MER ( BOULEVARD),16.05023,-61.55795,Nuit avec éclairage allumé,En agglomération,Hors intersection,Normale,Autre collision,4,2,2,0,1,2,1,0,3,50,1,1,0,0,0,1,27.0,,voiture,,5,2,1,1,6
202200054300,2022-10-21 10:00:00,2022,10,21,10,0,33,33529,CAZAUX (BD DE),44.6095473807,-1.1325091124,Plein jour,En agglomération,Hors intersection,Normale,Deux véhicules - côté,4,2,2,1,1,1,1,0,5,50,2,2,1,0,0,1,78.0,55.0,deux_roues,voiture,1,2,1,1,3
202200054301,2022-06-01 11:28:00,2022,6,1,11,28,06,06161,1375 Route Départementale 6007,43.634313,7.133858,Plein jour,En agglomération,Hors intersection,Normale,Deux véhicules - côté,3,3,2,1,1,1,1,0,5,50,2,2,1,0,0,1,61.0,35.0,voiture,deux_roues,1,2,1,1,3
202200054302,2022-08-10 19:40:00,2022,8,10,19,40,63,63195,rue des augustins / Square Lopick,45.827861,3.377727,Plein jour,En agglomération,Intersection en X,Normale,Deux véhicules - frontale,3,2,1,0,1,2,1,0,1,50,2,2,1,1,0,0,64.0,25.0,deux_roues,voiture,1,2,2,1,1
202200054303,2022-09-20 08:50:00,2022,9,20,8,50,08,08081,27 Rue Bernisseaux,49.8549474292,4.7365088761,Plein jour,En agglomération,Intersection en Y,Normale,Autre collision,4,2,2,0,2,3,1,9,4,50,1,1,0,1,0,0,47.0,,voiture,,1,2,4,1,6
202200054304,2022-03-26 13:50:00,2022,3,26,13,50,36,36143,Les Aucheres,46.621861,1.95408,Plein jour,Hors agglomération,Hors intersection,Normale,Autre collision,3,2,2,0,1,1,1,0,3,80,1,1,0,0,1,0,59.0,,voiture,,1,1,1,1,6
202200054305,2022-01-02 11:55:00,2022,1,2,11,55,64,64445,Place Gramont,43.29633,-0.37513,Plein jour,En agglomération,Intersection en X,Normale,Deux véhicules - côté,4,1,1,0,1,1,1,0,1,30,2,2,1,0,0,1,80.0,18.0,voiture,deux_roues,1,2,2,1,3
202200054306,2022-11-24 17:36:00,2022,11,24,17,36,49,49007,BLANCHOIN BOULEVARD,47.4481,-0.54078,Nuit avec éclairage allumé,En agglomération,Hors intersection,Pluie légère,Deux véhicules - côté,4,3,4,0,1,1,2,0,1,50,2,2,1,0,0,1,18.0,,deux_roues,voiture,5,2,1,2,3
202200054307,2022-07-09 10:20:00,2022,7,9,10,20,13,13215,A7-Sens Marseille vers Lyon,43.3671190869,5.3608571433,Plein jour,Hors agglomération,Hors intersection,Normale,Deux véhicules - arrière,1,-1,3,0,1,1,1,0,1,90,2,2,1,0,0,1,28.0,52.0,voiture,voiture,1,1,1,1,2
202200054308,2022-08-10 20:00:00,2022,8,10,20,0,63,63066,La Grande Bergère,45.869595,3.653614,Plein jour,En agglomération,Hors intersection,Normale,Autre collision,3,2,2,0,1,2,1,0,3,50,1,1,0,1,0,0,42.0,,deux_roues,,1,2,1,1,6
202200054309,2022-02-12 22:30:00,2022,2,12,22,30,75,75120,BOULEVARD PERIPHERIQUE INTERIEUR NORD  ,48.866481,2.412672,Nuit avec éclairage allumé,En agglomération,Intersection en Y,Normale,Trois véhicules et plus - en chaîne,4,1,2,0,2,1,1,0,1,50,3,4,2,0,0,2,51.0,24.0,voiture,voiture,5,2,4,1,4
202200054310,2022-05-05 15:00:00,2022,5,5,15,0,95,95280,Boulevard Cognacq Jay,49.036115,2.466546,Plein jour,En agglomération,Intersection en X,Normale,Deux véhicules - côté,4,2,1,0,1,1,1,0,1,50,2,4,1,0,0,3,32.0,24.0,utilitaire_camion,voiture,1,2,2,1,3
202200054311,2022-10-20 15:28:00,2022,10,20,15,28,32,32013,VICTOR HUGO (RUE),43.65573,0.56383,Plein jour,En agglomération,Intersection en T,Normale,Deux véhicules - côté,3,2,2,0,1,2,1,0,1,50,2,4,0,0,0,4,64.0,22.0,voiture,voiture,1,2,3,1,3
202200054312,2022-06-04 08:50:00,2022,6,4,8,50,49,49343,D258,47.013854,-0.851376,Plein jour,Hors agglomération,Intersection en T,Normale,Deux véhicules - frontale,3,2,2,0,1,1,1,0,1,-1,2,2,1,0,1,0,59.0,33.0,voiture,deux_roues,1,1,3,1,1
202200054313,2022-09-18 18:30:00,2022,9,18,18,30,67,67169,8 Rue de Bischwiller,48.753269,7.816417,Plein jour,En agglomération,Hors intersection,Normale,Deux véhicules - arrière,4,2,2,0,1,1,1,0,1,50,2,2,1,0,0,1,15.0,62.0,deux_roues,voiture,1,2,1,1,2
202200054314,2022-01-02 23:55:00,2022,1,2,23,55,64,64024,Avenue de l’Adour,43.501495,-1.492943,Nuit avec éclairage allumé,En agglomération,Hors intersection,Normale,Sans collision,4,2,2,0,1,1,1,0,1,50,1,3,0,0,1,2,16.0,,voiture,,5,2,1,1,7
202200054315,2022-03-26 10:35:00,2022,3,26,10,35,37,37218,6 Bois Feraud,46.9918400975,1.036477983,Plein jour,Hors agglomération,Hors intersection,Normale,Trois véhicules et plus - en chaîne,3,2,2,0,2,1,1,0,1,70,3,3,2,0,0,1,46.0,21.0,voiture,voiture,1,1,1,1,4
202200054316,2022-07-08 23:43:00,2022,7,8,23,43,13,13202,A55-Sens Marseille vers Martigues,43.30999,5.36844,Nuit avec éclairage allumé,Hors agglomération,Hors intersection,Normale,Deux véhicules - côté,1,1,1,0,4,1,1,9,1,50,2,3,1,0,0,2,20.0,26.0,voiture,deux_roues,5,1,1,1,3
202200054317,2022-11-24 12:45:00,2022,11,24,12,45,45,45208,18 Avenue Adolphe Cochery,48.002169,2.73815,Plein jour,En agglomération,Hors intersection,Normale,Deux véhicules - côté,4,2,2,0,1,1,1,0,1,50,2,2,1,0,0,1,60.0,32.0,voiture,voiture,1,2,1,1,3
202200054318,2022-10-21 18:15:00,2022,10,21,18,15,29,29039,BERNHARDT (RUE SARAH),47.89027,-3.92304,Plein jour,En agglomération,Intersection en X,Pluie légère,Deux véhicules - côté,4,2,2,0,1,1,2,9,1,50,2,2,1,0,0,1,79.0,65.0,voiture,voiture,1,2,2,2,3
202200054319,2022-08-10 13:50:00,2022,8,10,13,50,42,42205,Route de la Pelletière,45.671269,3.959842,Plein jour,Hors agglomération,Hors intersection,Normale,Sans collision,3,2,2,0,1,2,1,0,3,80,1,1,0,0,1,0,18.0,,deux_roues,,1,1,1,1,7
202200054320,2022-09-16 18:25:00,2022,9,16,18,25,73,73123,D909 - 1434 Route du col des aravis,45.8628508196,6.4963381291,Plein jour,En agglomération,Autre intersection,Normale,Autre collision,3,2,2,0,2,2,1,0,4,50,1,2,1,0,1,0,54.0,,voiture,,1,2,9,1,6
202200054321,2022-03-26 15:45:00,2022,3,26,15,45,24,24534,D15,44.752555,0.437522,Plein jour,Hors agglomération,Hors intersection,Normale,Autre collision,3,2,2,0,1,1,1,0,3,80,1,1,0,1,0,0,65.0,,voiture,,1,1,1,1,6
202200054322,2022-01-02 18:30:00,2022,1,2,18,30,64,64024,Rue des Cinq Cantons,43.48883,-1.52246,Nuit avec éclairage allumé,En agglomération,Hors intersection,Normale,Sans collision,4,2,2,0,2,1,1,0,1,30,1,1,0,0,0,1,16.0,,deux_roues,,5,2,1,1,7
202200054323,2022-06-03 21:00:00,2022,6,3,21,0,988,98812,Lieu dit Karembe - RT1/RM11,-20.59663,164.31492,Nuit sans éclairage public,Hors agglomération,Intersection en X,Normale,Sans collision,2,2,2,0,1,1,1,0,3,90,1,3,0,1,0,2,28.0,,voiture,,3,1,2,1,7
202200054324,2022-02-13 15:15:00,2022,2,13,15,15,75,75118,RUE BELLIARD,48.8974695116,2.3442412913,Plein jour,En agglomération,Intersection en Y,Normale,Autre collision,4,1,1,0,1,1,1,0,1,30,1,2,1,0,0,1,,,voiture,,1,2,4,1,6
202200054325,2022-05-02 17:40:00,2022,5,2,17,40,80,80021,EUROPE (AVENUE DE L'),49.90753,2.30213,Plein jour,En agglomération,Intersection en X,Normale,Deux véhicules - côté,3,2,4,0,1,2,1,0,1,50,2,2,1,0,0,1,26.0,25.0,deux_roues,voiture,1,2,2,1,3
202200054326,2022-03-26 20:50:00,2022,3,26,20,50,13,13051,D19,43.595455,5.103772,Nuit sans éclairage public,Hors agglomération,Hors intersection,Normale,Deux véhicules - arrière,7,2,2,2,1,1,1,0,1,80,2,2,0,0,2,0,26.0,43.0,voiture,voiture,3,1,1,1,2
202200054327,2022-08-09 13:15:00,2022,8,9,13,15,46,46007,d49,44.455093,1.548761,Plein jour,En agglomération,Hors intersection,Normale,Sans collision,4,2,2,0,1,1,1,0,3,50,1,1,0,0,0,1,19.0,,voiture,,1,2,1,1,7
202200054328,2022-02-12 04:00:00,2022,2,12,4,0,75,75116,BOULEVARD EXELMANS,48.845738,2.2587,Nuit avec éclairage allumé,En agglomération,Hors intersection,Normale,Autre collision,4,2,4,0,1,1,1,0,1,50,1,1,0,0,0,1,27.0,,deux_roues,,5,2,1,1,6
202200054329,2022-10-19 12:20:00,2022,10,19,12,20,29,29039,D783,47.88954,-3.91574,Plein jour,Hors agglomération,Giratoire,Normale,Deux véhicules - arrière,3,2,2,0,1,1,1,0,1,70,2,4,2,0,0,2,22.0,40.0,utilitaire_camion,utilitaire_camion,1,1,6,1,2
202200054330,2022-11-25 18:00:00,2022,11,25,18,0,37,37261,JUIN (BOULEVARD DU MARECHAL),47.40661,0.7031,Nuit avec éclairage allumé,En agglomération,Hors intersection,Normale,Trois véhicules et plus - en chaîne,4,2,4,0,2,1,1,0,1,50,3,5,3,0,0,2,20.0,27.0,voiture,voiture,5,2,1,1,4
202200054331,2022-09-19 17:55:00,2022,9,19,17,55,42,42132,Route du Bourg,45.384775,4.727544,Crépuscule ou aube,Hors agglomération,Hors intersection,Normale,Deux véhicules - frontale,3,2,2,0,2,3,1,0,1,80,2,2,1,0,1,0,65.0,15.0,voiture,deux_roues,2,1,1,1,1
202200054332,2022-01-02 18:00:00,2022,1,2,18,0,64,64024,Boulevard du B.A.B.,43.48732,-1.5365,Nuit avec éclairage allumé,En agglomération,Intersection en X,Normale,Deux véhicules - côté,4,2,4,0,1,1,1,5,1,50,2,4,2,0,0,2,91.0,58.0,voiture,deux_roues,5,2,2,1,3
202200054333,2022-03-26 20:15:00,2022,3,26,20,15,06,06004,Autoroute A8 PK 174.260 SUD,43.610523,7.103627,Nuit sans éclairage public,Hors agglomération,Hors intersection,Normale,Deux véhicules - arrière,1,3,5,0,4,1,1,0,1,110,2,2,0,0,1,1,53.0,54.0,voiture,deux_roues,3,1,1,1,2
202200054334,2022-07-08 18:30:00,2022,7,8,18,30,13,13070,A50-Sens Aubagne vers Marseille,43.28547,5.51527,Plein jour,Hors agglomération,Hors intersection,Normale,Trois véhicules et plus - en chaîne,1,1,3,0,1,1,1,0,1,90,3,5,2,0,0,3,32.0,56.0,voiture,voiture,1,1,1,1,4
202200054335,2022-03-24 18:50:00,2022,3,24,18,50,31,31567,D826,43.594274,1.640959,Crépuscule ou aube,En agglomération,Hors intersection,Normale,Deux véhicules - arrière,3,2,2,0,1,1,1,0,1,50,2,2,1,0,1,0,48.0,74.0,deux_roues,voiture,2,2,1,1,2
202200054336,2022-05-05 16:00:00,2022,5,5,16,0,79,79191,Avenue de Paris,46.33095,-0.43944,Plein jour,En agglomération,Intersection en T,Normale,Deux véhicules - côté,4,2,3,0,1,1,1,0,1,50,2,3,1,0,0,2,85.0,39.0,voiture,deux_roues,1,2,3,1,3
202200054337,2022-06-28 18:15:00,2022,6,28,18,15,68,68374,Rue de l Orge,48.081104,7.322205,Plein jour,En agglomération,Intersection en T,Temps couvert,Deux véhicules - frontale,3,2,2,1,1,1,1,0,1,50,2,2,1,0,1,0,57.0,22.0,deux_roues,voiture,1,2,3,8,1
202200054338,2022-02-12 23:34:00,2022,2,12,23,34,75,75114,RUE FROIDEVAUX,48.835991,2.327621,Nuit avec éclairage allumé,En agglomération,Intersection en X,Normale,Deux véhicules - côté,4,2,3,1,1,1,1,0,1,30,2,2,1,0,0,1,30.0,46.0,voiture,deux_roues,5,2,2,1,3
202200054339,2022-10-21 13:00:00,2022,10,21,13,0,28,28134,EPARGES (RUE DES),48.73297,1.37299,Plein jour,En agglomération,Giratoire,Normale,Autre collision,3,2,2,3,1,1,1,0,1,50,1,2,1,0,0,1,72.0,,voiture,,1,2,6,1,6
202200054340,2022-11-25 17:35:00,2022,11,25,17,35,35,35051,N136,48.103741,-1.605797,Nuit sans éclairage public,Hors agglomération,Hors intersection,Normale,Deux véhicules - arrière,2,3,4,0,1,1,1,0,1,90,2,2,1,0,0,1,79.0,79.0,voiture,voiture,3,1,1,1,2
202200054341,2022-06-04 10:45:00,2022,6,4,10,45,81,81036,RD 612 - PK/PR 19+200,43.492868,2.448084,Plein jour,Hors agglomération,Hors intersection,Normale,Autre collision,3,2,2,0,1,1,1,0,1,90,1,2,1,0,0,1,53.0,,voiture,,1,1,1,1,6
202200054342,2022-01-02 18:00:00,2022,1,2,18,0,47,47323,RIOU DE METGE,44.3960081876,0.7486085302,Nuit sans éclairage public,En agglomération,Hors intersection,Normale,Deux véhicules - côté,3,2,2,0,1,1,1,0,1,70,2,3,0,1,2,0,27.0,78.0,voiture,voiture,3,2,1,1,3
202200054343,2022-05-05 10:45:00,2022,5,5,10,45,79,79191,,46.31967,-0.46829,Plein jour,En agglomération,Giratoire,Normale,Deux véhicules - côté,3,2,2,0,1,1,1,0,1,50,2,2,0,0,2,0,82.0,34.0,voiture,deux_roues,1,2,6,1,3
202200054344,2022-08-09 20:38:00,2022,8,9,20,38,44,44014,18 Rue de la Roche,47.1045,-1.490085,Crépuscule ou aube,Hors agglomération,Hors intersection,Normale,Sans collision,3,1,2,0,1,3,1,0,1,80,1,1,0,0,0,1,38.0,,voiture,,2,1,1,1,7
202200054345,2022-03-27 18:13:00,2022,3,27,18,13,06,06088,"A8, pk 187+000, SENS NICE-MENTON",43.6751,7.197107,Plein jour,Hors agglomération,Hors intersection,Normale,Trois véhicules et plus - collisions multiples,1,2,4,0,1,1,1,0,1,110,3,5,3,0,0,2,64.0,37.0,utilitaire_camion,voiture,1,1,1,1,5
202200054346,2022-07-06 19:15:00,2022,7,6,19,15,13,13071,A51-Sens Aix en Provence vers Marseille,43.418181286,5.3659931057,Plein jour,Hors agglomération,Hors intersection,Normale,Trois véhicules et plus - en chaîne,1,1,3,0,1,1,1,0,1,90,3,3,2,0,0,1,32.0,46.0,voiture,voiture,1,1,1,1,4
202200054347,2022-09-16 08:30:00,2022,9,16,8,30,01,01027,Route de Jons,45.822332,5.099797,Plein jour,Hors agglomération,Hors intersection,Normale,Trois véhicules et plus - collisions multiples,4,2,2,0,1,3,4,0,1,70,3,5,4,0,0,1,64.0,25.0,voiture,utilitaire_camion,1,1,1,1,5
202200054348,2022-02-13 19:50:00,2022,2,13,19,50,75,75113,BOULEVARD MASSENA,48.8211588936,2.3677535355,Nuit avec éclairage allumé,En agglomération,Hors intersection,Normale,Deux véhicules - côté,4,2,4,0,1,1,1,0,1,50,2,2,1,0,0,1,28.0,58.0,deux_roues,voiture,5,2,1,1,3
202200054349,2022-11-25 16:40:00,2022,11,25,16,40,35,35206,N136,48.0814060387,-1.6606025398,Crépuscule ou aube,Hors agglomération,Hors intersection,Normale,Deux véhicules - arrière,2,3,4,0,1,1,1,0,1,90,2,2,1,0,0,1,27.0,20.0,voiture,voiture,2,1,1,1,2
202200054350,2022-10-21 17:00:00,2022,10,21,17,0,27,27229,SAINT MICHEL (RUE DE),49.03059,1.13616,Plein jour,En agglomération,Intersection en Y,Normale,Deux véhicules - frontale,4,2,2,0,1,3,1,0,1,50,2,2,1,0,0,1,51.0,31.0,voiture,voiture,1,2,4,1,1
202200054351,2022-06-03 18:30:00,2022,6,3,18,30,81,81167,D999,43.874718,2.546736,Plein jour,Hors agglomération,Hors intersection,Normale,Autre collision,3,2,2,0,1,1,1,0,3,70,1,4,0,0,3,1,25.0,,voiture,,1,1,1,1,6
202200054352,2022-01-02 11:05:00,2022,1,2,11,5,44,44109,Rond-Point de Vannes,47.229654,-1.572327,Plein jour,En agglomération,Giratoire,Normale,Deux véhicules - côté,4,1,1,0,1,2,1,0,1,30,2,2,1,1,0,0,67.0,25.0,deux_roues,voiture,1,2,6,1,3
202200054353,2022-08-11 11:50:00,2022,8,11,11,50,29,29153,D77- Lieu Dit Botquelen,47.838826,-3.794433,Plein jour,Hors agglomération,Hors intersection,Normale,Deux véhicules - arrière,3,2,2,0,1,1,1,0,1,80,2,2,1,0,1,0,67.0,75.0,deux_roues,voiture,1,1,1,1,2
202200054354,2022-02-12 11:15:00,2022,2,12,11,15,75,75113,QUAI PANHARD ET LEVASSOR,48.8314,2.38048,Plein jour,En agglomération,Intersection en T,Normale,Autre collision,4,2,6,0,1,1,1,5,4,30,1,1,0,0,0,1,22.0,,utilitaire_camion,,1,2,3,1,6
202200054355,2022-09-20 13:45:00,2022,9,20,13,45,01,01275,allée des cavaliers,45.809949,4.931129,Plein jour,En agglomération,Hors intersection,Normale,Deux véhicules - arrière,4,2,2,0,1,1,1,0,1,30,2,2,1,0,0,1,50.0,57.0,voiture,deux_roues,1,2,1,1,2
202200054356,2022-01-02 06:40:00,2022,1,2,6,40,17,17200,09 PK RN237 MOULIN JUSTICE RE,46.17713,-1.16359,Nuit sans éclairage public,En agglomération,Hors intersection,Temps couvert,Sans collision,2,3,4,0,1,1,2,0,1,90,1,1,0,0,1,0,25.0,,deux_roues,,3,2,1,8,7
202200054357,2022-06-03 21:30:00,2022,6,3,21,30,972,97222,55 rue du Courbaril,14.675193,-60.94154,Nuit avec éclairage allumé,En agglomération,Intersection en T,Normale,Autre collision,3,2,2,0,1,1,1,0,1,50,1,2,1,0,0,1,,,deux_roues,,5,2,3,1,6
202200054358,2022-03-26 10:30:00,2022,3,26,10,30,38,38064,A43 PK 044.400 sens CHAMBERY-LYON,45.56127,5.382786,Plein jour,Hors agglomération,Hors intersection,Normale,Trois véhicules et plus - en chaîne,1,3,4,0,1,1,1,0,1,130,3,7,5,0,0,2,34.0,32.0,voiture,voiture,1,1,1,1,4
202200054359,2022-11-25 16:45:00,2022,11,25,16,45,35,35238,Rue de Saint-Malo,48.12563,-1.68546,Plein jour,En agglomération,Hors intersection,Normale,Deux véhicules - arrière,4,2,3,0,1,1,1,0,1,30,2,2,1,0,0,1,65.0,44.0,voiture,voiture,1,2,1,1,2
202200054360,2022-07-08 12:35:00,2022,7,8,12,35,13,13214,A507 sens Marseille - Aubagne,43.3311,5.3873,Plein jour,Hors agglomération,Hors intersection,Normale,Trois véhicules et plus - collisions multiples,1,1,2,0,1,1,1,1,1,70,4,4,3,0,0,1,28.0,67.0,voiture,voiture,1,1,1,1,5
202200054361,2022-10-21 19:32:00,2022,10,21,19,32,13,13117,LONDRES (AVENUE DE),43.4273251909,5.2357260705,Nuit sans éclairage public,En agglomération,Intersection en X,Pluie légère,Deux véhicules - côté,7,1,1,0,3,1,2,3,1,50,2,2,1,0,1,0,51.0,16.0,voiture,deux_roues,3,2,2,2,3
202200054362,2022-08-10 16:55:00,2022,8,10,16,55,31,31430,Chemin de la Cote Vieille,43.1254,0.593416,Plein jour,En agglomération,Intersection en T,Normale,Deux véhicules - frontale,3,2,2,0,1,2,1,0,1,80,2,2,0,0,0,2,17.0,21.0,autre,voiture,1,2,3,1,1
202200054363,2022-05-05 06:40:00,2022,5,5,6,40,74,74008,MON IDEE (RUE DE),46.20038,6.22527,Crépuscule ou aube,En agglomération,Intersection en T,Pluie forte,Deux véhicules - côté,4,2,2,0,1,1,2,0,1,50,2,2,1,0,0,1,27.0,32.0,deux_roues,voiture,2,2,3,3,3
202200054364,2022-02-13 01:50:00,2022,2,13,1,50,75,75108,BOULEVARD MALESHERBES,48.879432,2.314283,Nuit avec éclairage allumé,En agglomération,Intersection en X,Normale,Deux véhicules - côté,4,2,6,0,2,1,1,0,1,30,2,2,1,0,0,1,,31.0,voiture,deux_roues,5,2,2,1,3
202200054365,2022-03-26 17:40:00,2022,3,26,17,40,34,34058,D106,43.680272,4.02297,Plein jour,Hors agglomération,Intersection en X,Normale,Deux véhicules - côté,7,2,2,0,1,1,1,0,1,80,2,2,1,0,0,1,22.0,28.0,voiture,utilitaire_camion,1,1,2,1,3
202200054366,2022-09-18 12:56:00,2022,9,18,12,56,59,59374,30 Route de Taisnieres,50.1314572279,3.838160634,Plein jour,En agglomération,Hors intersection,Normale,Deux véhicules - arrière,3,2,2,0,2,1,1,0,1,50,2,2,1,0,1,0,16.0,45.0,deux_roues,deux_roues,1,2,1,1,2
202200054367,2022-11-25 15:35:00,2022,11,25,15,35,35,35281,DODIN (AVENUE ROGER),48.08381,-1.70946,Plein jour,En agglomération,Hors intersection,Normale,Deux véhicules - frontale,7,3,4,1,1,1,1,0,5,50,2,2,1,0,0,1,62.0,19.0,deux_roues,deux_roues,1,2,1,1,1
202200054368,2022-06-02 17:37:00,2022,6,2,17,37,83,83148,,43.434122,6.440005,Plein jour,En agglomération,Intersection en T,Normale,Deux véhicules - côté,3,2,2,0,1,1,1,5,1,50,2,2,0,0,1,1,31.0,67.0,voiture,deux_roues,1,2,3,1,3
202200054369,2022-07-08 13:41:00,2022,7,8,13,41,13,13214,A7-Sens Marseille vers Lyon,43.3257019477,5.3785037507,Plein jour,Hors agglomération,Hors intersection,Normale,Sans collision,1,-1,3,0,1,1,1,0,1,90,1,2,0,0,0,2,30.0,,voiture,,1,1,1,1,7
202200054370,2022-01-02 19:25:00,2022,1,2,19,25,13,13214,PLOMBIERES (RUE DE),43.31894,5.37917,Nuit avec éclairage allumé,En agglomération,Intersection en X,Normale,Deux véhicules - côté,3,2,4,0,1,1,1,0,1,50,2,4,0,0,0,4,34.0,32.0,voiture,voiture,5,2,2,1,3
202200054371,2022-08-11 02:30:00,2022,8,11,2,30,01,01358,D41,45.76425,5.640898,Nuit sans éclairage public,Hors agglomération,Hors intersection,Normale,Autre collision,3,2,2,0,2,2,1,0,3,80,1,2,0,0,0,2,20.0,,voiture,,3,1,1,1,6
202200054372,2022-10-21 17:00:00,2022,10,21,17,0,13,13002,DES TERMES (ROUTE) RD 908,43.37542,5.5377,Plein jour,Hors agglomération,Hors intersection,Normale,Deux véhicules - frontale,3,-1,2,0,2,3,1,0,1,70,2,4,0,0,0,4,29.0,88.0,voiture,voiture,1,1,1,1,1
202200054373,2022-05-04 11:18:00,2022,5,4,11,18,72,72181,MAC JEAN (AV) N° PAIRS 106 A 216,47.97846,0.22723,Plein jour,En agglomération,Intersection en T,Normale,Deux véhicules - côté,4,2,2,2,1,1,1,0,1,50,2,2,1,0,0,1,37.0,79.0,voiture,voiture,1,2,3,1,3
202200054374,2022-03-26 16:15:00,2022,3,26,16,15,68,68318,CD40,47.969292,7.222975,Plein jour,Hors agglomération,Hors intersection,Normale,Deux véhicules - côté,3,2,2,0,2,1,1,0,1,90,2,2,1,0,1,0,28.0,16.0,deux_roues,deux_roues,1,1,1,1,3
202200054375,2022-02-11 16:38:00,2022,2,11,16,38,75,75104,QUAI HENRI IV,48.8508076913,2.3614355922,Plein jour,En agglomération,Intersection en X,Normale,Deux véhicules - côté,4,1,2,0,1,1,1,0,1,50,2,2,1,0,0,1,57.0,77.0,utilitaire_camion,deux_roues,1,2,2,1,3
202200054376,2022-07-04 21:21:00,2022,7,4,21,21,13,13211,A507 sens Marseille - Aubagne,43.2885269982,5.4985643971,Nuit avec éclairage allumé,Hors agglomération,Hors intersection,Normale,Sans collision,1,3,2,0,1,2,1,1,1,70,1,2,0,0,2,0,36.0,,deux_roues,,5,1,1,1,7
202200054377,2022-03-26 19:00:00,2022,3,26,19,0,67,67263,D925,49.044535,7.757206,Crépuscule ou aube,Hors agglomération,Hors intersection,Normale,Sans collision,3,2,2,0,1,2,1,0,8,50,1,1,0,0,1,0,29.0,,deux_roues,,2,1,1,1,7
202200054378,2022-10-21 15:40:00,2022,10,21,15,40,13,13206,LIEUTAUD (COURS),43.28818,5.38454,Plein jour,En agglomération,Autre intersection,Normale,Deux véhicules - côté,4,2,2,0,1,1,1,0,1,50,1,2,1,0,1,0,,,deux_roues,,1,2,9,1,3
202200054379,2022-01-02 17:45:00,2022,1,2,17,45,06,06027,PLAGE BOULEVARD DE LA,43.657873,7.169631,Nuit avec éclairage allumé,En agglomération,Intersection en T,Normale,Deux véhicules - côté,7,2,5,1,1,1,1,0,1,50,2,2,1,0,0,1,59.0,26.0,voiture,deux_roues,5,2,3,1,3