accident_id,datetime,annee,mois,jour,heure,minute,departement,commune_insee,adresse,latitude,longitude,luminosite,agglomeration,intersection,meteo,collision,catr,circ,nbv,vosp,prof,plan,surf,infra,situ,vma,nb_vehicules,nb_usagers,nb_indemnes,nb_tues,nb_blesses_hosp,nb_blesses_legers,age_cond_1,age_cond_2,veh_type_cond_1,veh_type_cond_2,lum_code,agg_code,int_code,atm_code,col_code
202200054380,2022-11-21 14:00:00,2022,11,21,14,0,34,34108,D612,43.47204,3.76882,Plein jour,Hors agglomération,Hors intersection,Normale,Deux véhicules - frontale,3,2,2,0,1,1,1,0,1,70,2,4,0,0,1,3,25.0,36.0,voiture,voiture,1,1,1,1,1
202200054381,2022-06-05 18:45:00,2022,6,5,18,45,63,63013,D2009,45.972629,3.179244,Plein jour,Hors agglomération,Hors intersection,Normale,Deux véhicules - frontale,3,2,2,0,1,1,1,0,1,80,2,5,0,0,5,0,55.0,34.0,voiture,voiture,1,1,1,1,1
202200054382,2022-04-30 17:30:00,2022,4,30,17,30,71,71270,GRISIERE (RUE DE LA),46.32471,4.81048,Plein jour,En agglomération,Hors intersection,Normale,Deux véhicules - côté,4,2,2,0,1,1,1,9,1,30,2,2,1,0,1,0,23.0,53.0,voiture,deux_roues,1,2,1,1,3
202200054383,2022-08-10 13:30:00,2022,8,10,13,30,01,01113,D936,46.1777936523,5.0731140375,Plein jour,Hors agglomération,Intersection en X,Normale,Deux véhicules - côté,3,3,2,0,2,1,1,0,1,70,2,3,2,0,0,1,18.0,27.0,voiture,voiture,1,1,2,1,3
202200054384,2022-03-27 12:25:00,2022,3,27,12,25,55,55076,Rue Voyard,49.382966,5.330778,Plein jour,En agglomération,Hors intersection,Normale,Autre collision,3,2,2,0,2,1,1,0,1,50,1,1,0,0,0,1,41.0,,deux_roues,,1,2,1,1,6
202200054385,2022-01-02 10:30:00,2022,1,2,10,30,75,75118,AVENUE DE LA PORTE DE CLIGNANCOURT,48.899305,2.344173,Plein jour,En agglomération,Intersection en T,Normale,Autre collision,4,1,1,0,1,1,1,0,1,30,1,1,0,0,0,1,36.0,,deux_roues,,1,2,3,1,6
202200054386,2022-09-20 18:50:00,2022,9,20,18,50,59,59258,Route de Cysoing,50.532089,3.20966,Plein jour,En agglomération,Intersection en X,Normale,Autre collision,3,2,2,0,1,1,1,0,1,50,3,3,1,0,0,2,43.0,51.0,deux_roues,deux_roues,1,2,2,1,6
202200054387,2022-02-13 07:45:00,2022,2,13,7,45,94,94081,Avenue Rouget de Lisle,48.7762,2.39805,Crépuscule ou aube,En agglomération,Autre intersection,Normale,Deux véhicules - arrière,3,3,2,0,1,1,1,0,1,50,2,3,2,0,0,1,54.0,31.0,voiture,voiture,2,2,9,1,2
202200054388,2022-01-02 20:10:00,2022,1,2,20,10,75,75115,PONT DE GRENELLE,48.850126,2.280373,Nuit avec éclairage allumé,En agglomération,Hors intersection,Normale,Sans collision,4,2,2,0,1,1,1,2,1,30,1,1,0,0,0,1,29.0,,deux_roues,,5,2,1,1,7
202200054389,2022-07-06 16:18:00,2022,7,6,16,18,13,13071,A7-Sens Marseille vers Lyon,43.41009,5.285,Plein jour,Hors agglomération,Hors intersection,Normale,Trois véhicules et plus - en chaîne,1,1,3,0,1,1,1,0,1,110,4,6,2,0,0,4,28.0,47.0,voiture,voiture,1,1,1,1,4
202200054390,2022-02-13 09:26:00,2022,2,13,9,26,94,94078,Route du Chenal Musey,48.7507270572,2.4353213309,Plein jour,En agglomération,Hors intersection,Autre,Sans collision,4,2,1,0,1,2,7,0,1,50,1,1,0,0,0,1,50.0,,deux_roues,,1,2,1,9,7
202200054391,2022-04-17 09:30:00,2022,4,17,9,30,71,71105,CHAPELLE (RUE DE LA),46.30998,4.81352,Plein jour,En agglomération,Autre intersection,Normale,Autre collision,4,2,1,0,1,2,1,0,1,50,1,2,1,0,0,1,61.0,,voiture,,1,2,9,1,6
202200054392,2022-06-06 09:00:00,2022,6,6,9,0,86,86170,Route Nationale,46.32878,0.814136,Plein jour,En agglomération,Intersection en T,Normale,Deux véhicules - côté,2,2,2,0,1,1,1,0,1,50,2,3,2,0,1,0,60.0,46.0,deux_roues,voiture,1,2,3,1,3
202200054393,2022-03-26 06:45:00,2022,3,26,6,45,57,57582,Route Nationale,49.275414,6.170599,Crépuscule ou aube,En agglomération,Hors intersection,Normale,Autre collision,3,3,2,0,1,1,1,0,4,50,1,5,0,0,0,5,33.0,,voiture,,2,2,1,1,6
202200054394,2022-10-21 00:10:00,2022,10,21,0,10,13,13213,ROSE (AVENUE DE LA),43.32686,5.42301,Nuit avec éclairage allumé,En agglomération,Intersection en X,Normale,Deux véhicules - côté,3,2,2,0,1,1,1,0,1,50,2,5,1,0,0,4,45.0,63.0,voiture,voiture,5,2,2,1,3
202200054395,2022-01-02 12:15:00,2022,1,2,12,15,75,75114,RUE DE LA GAITE,48.840539,2.324284,Plein jour,En agglomération,Intersection en T,Normale,Autre collision,4,1,1,1,2,1,1,-1,5,30,1,2,1,0,0,1,20.0,,deux_roues,,1,2,3,1,6
202200054396,2022-07-06 13:35:00,2022,7,6,13,35,13,13001,A51-Sens Aix en Provence vers Marseille,43.52303,5.42741,Plein jour,Hors agglomération,Hors intersection,Normale,Trois véhicules et plus - collisions multiples,1,1,2,0,1,1,1,0,1,90,2,2,0,0,0,2,58.0,33.0,voiture,voiture,1,1,1,1,5
202200054397,2022-11-24 14:05:00,2022,11,24,14,5,34,34032,11 Boulevard Maréchal Leclerc,43.34323,3.23803,Plein jour,En agglomération,Intersection en X,Normale,Autre collision,4,2,5,0,1,1,1,9,8,50,1,3,1,0,0,2,66.0,,voiture,,1,2,2,1,6
202200054398,2022-08-09 17:50:00,2022,8,9,17,50,14,14174,D512,48.849455,-0.554319,Plein jour,En agglomération,Intersection en T,Normale,Deux véhicules - côté,3,2,2,0,1,1,1,0,1,50,2,2,1,0,0,1,18.0,49.0,deux_roues,voiture,1,2,3,1,3
202200054399,2022-02-13 21:00:00,2022,2,13,21,0,94,94028,Rue Maurice Demenitroux,48.78733,2.45593,Nuit sans éclairage public,En agglomération,Hors intersection,Normale,Deux véhicules - côté,4,1,2,0,1,2,1,0,1,30,2,2,1,0,0,1,20.0,35.0,deux_roues,voiture,3,2,1,1,3
202200054400,2022-03-27 05:13:00,2022,3,27,5,13,57,57631,route départementale 974 - PK 1 +950,49.129007,7.111137,Nuit sans éclairage public,Hors agglomération,Hors intersection,Normale,Autre collision,3,2,2,0,1,1,1,0,1,80,1,2,1,1,0,0,41.0,,voiture,,3,1,1,1,6
202200054401,2022-09-20 06:40:00,2022,9,20,6,40,59,59268,Rue de la Lys,50.646386,2.758019,Nuit avec éclairage allumé,Hors agglomération,Hors intersection,Pluie légère,Deux véhicules - frontale,3,2,2,0,1,1,2,0,1,70,2,2,1,0,1,0,48.0,23.0,utilitaire_camion,voiture,5,1,1,2,1
202200054402,2022-05-04 18:15:00,2022,5,4,18,15,71,71059,9 Lieu Dit le Garnoy,46.8135396015,4.4912664592,Plein jour,Hors agglomération,Hors intersection,Pluie forte,Deux véhicules - arrière,3,2,2,0,1,1,2,0,1,50,2,3,1,0,0,2,20.0,36.0,voiture,voiture,1,1,1,3,2
202200054403,2022-06-03 07:40:00,2022,6,3,7,40,01,01109,En Ratelet,46.146077,5.923128,Plein jour,Hors agglomération,Hors intersection,Normale,Deux véhicules - frontale,3,2,2,0,1,4,1,0,1,80,2,2,1,0,1,0,20.0,47.0,deux_roues,voiture,1,1,1,1,1
202200054404,2022-07-07 10:00:00,2022,7,7,10,0,83,83027,A50,43.2009370558,5.7526659966,Plein jour,Hors agglomération,Hors intersection,Normale,Autre collision,1,1,3,0,1,1,1,0,1,130,1,1,0,0,1,0,23.0,,utilitaire_camion,,1,1,1,1,6
202200054405,2022-01-02 12:25:00,2022,1,2,12,25,75,75111,RUE DE LA ROQUETTE,48.858528,2.383669,Plein jour,En agglomération,Intersection en X,Normale,Deux véhicules - côté,4,2,2,2,2,1,1,0,1,30,2,2,1,0,0,1,46.0,28.0,voiture,deux_roues,1,2,2,1,3
202200054406,2022-03-27 07:05:00,2022,3,27,7,5,07,07279,,44.416003,4.653887,Crépuscule ou aube,Hors agglomération,Hors intersection,Normale,Autre collision,3,2,2,0,1,1,1,0,3,80,1,2,0,0,0,2,22.0,,voiture,,2,1,1,1,6
202200054407,2022-11-25 22:10:00,2022,11,25,22,10,33,33063,Cours Victor Hugo,44.83602,-0.56733,Nuit avec éclairage allumé,En agglomération,Hors intersection,Normale,Deux véhicules - côté,4,2,2,3,1,1,1,0,1,30,2,2,1,0,0,1,20.0,26.0,voiture,deux_roues,5,2,1,1,3
202200054408,2022-06-04 18:10:00,2022,6,4,18,10,58,58002,lieu dit la foret,47.434917,3.07158,Plein jour,Hors agglomération,Hors intersection,Normale,Autre collision,3,3,2,0,1,1,1,0,3,80,1,1,0,1,0,0,32.0,,voiture,,1,1,1,1,6
202200054409,2022-08-10 13:15:00,2022,8,10,13,15,05,05087,D994,44.551893,5.864521,Plein jour,Hors agglomération,Intersection en T,Normale,Deux véhicules - côté,3,2,2,1,1,1,1,0,1,90,2,2,1,0,0,1,77.0,48.0,voiture,utilitaire_camion,1,1,3,1,3
202200054410,2022-10-21 15:50:00,2022,10,21,15,50,11,11069,ROOSEVELT -IMPAIRS APRES LE 35,43.21838,2.34401,Plein jour,En agglomération,Hors intersection,Normale,Trois véhicules et plus - en chaîne,4,2,2,0,1,1,1,0,1,50,3,4,2,0,0,2,27.0,33.0,voiture,voiture,1,2,1,1,4
202200054411,2022-05-03 21:55:00,2022,5,3,21,55,71,71540,BOIS MOREY (LE),46.76923113,4.4511419535,Nuit avec éclairage allumé,Hors agglomération,Autre intersection,Temps couvert,Deux véhicules - frontale,4,2,2,0,1,2,1,0,1,50,2,2,1,0,0,1,27.0,59.0,voiture,voiture,5,1,9,8,1
202200054412,2022-03-27 12:30:00,2022,3,27,12,30,01,01080,RD 21,46.01046,5.591274,Plein jour,Hors agglomération,Hors intersection,Temps éblouissant,Autre collision,3,2,2,0,1,3,1,0,3,80,1,1,0,0,1,0,35.0,,deux_roues,,1,1,1,7,6
202200054413,2022-02-13 19:15:00,2022,2,13,19,15,93,93055,JEAN JAURES (AVENUE) (76/128),48.9041153374,2.3926074485,Nuit avec éclairage allumé,En agglomération,Hors intersection,Normale,Sans collision,3,-1,2,0,2,1,1,1,1,50,1,3,1,0,2,0,23.0,,voiture,,5,2,1,1,7
202200054414,2022-09-19 07:10:00,2022,9,19,7,10,33,33448,AUTOROUTE A 62,44.6968369838,-0.498483181,Plein jour,Hors agglomération,Hors intersection,Normale,Trois véhicules et plus - en chaîne,1,3,4,0,1,1,1,0,1,130,3,3,0,0,0,3,23.0,54.0,voiture,utilitaire_camion,1,1,1,1,4
202200054415,2022-11-25 19:53:00,2022,11,25,19,53,33,33192,Rue des Fauvettes,44.7817,-0.60804,Nuit avec éclairage allumé,En agglomération,Intersection en T,Normale,Deux véhicules - côté,4,2,2,1,2,1,1,0,1,50,2,2,1,0,0,1,51.0,29.0,deux_roues,voiture,5,2,3,1,3
202200054416,2022-05-30 18:18:00,2022,5,30,18,18,58,58007,D162,47.507664,2.967682,Plein jour,Hors agglomération,Hors intersection,Normale,Sans collision,3,2,2,0,1,1,9,0,3,80,1,1,0,0,0,1,76.0,,voiture,,1,1,1,1,7
202200054417,2022-10-21 21:04:00,2022,10,21,21,4,10,10387,CITE (RUE DE LA ),48.30013,4.08017,Nuit avec éclairage allumé,En agglomération,Hors intersection,Normale,Deux véhicules - arrière,4,1,1,0,1,1,1,0,1,30,1,2,1,0,0,1,32.0,,voiture,,5,2,1,1,2
202200054418,2022-08-11 02:40:00,2022,8,11,2,40,10,10123,Rue Alexandre Hugot,48.354356,4.533561,Nuit avec éclairage non allumé,En agglomération,Hors intersection,Normale,Sans collision,3,2,2,0,1,1,1,0,3,50,1,1,0,0,0,1,19.0,,voiture,,4,2,1,1,7
202200054419,2022-07-10 05:15:00,2022,7,10,5,15,69,69382,Route de Métropole 7,45.7440864852,4.8269249475,Nuit avec éclairage allumé,Hors agglomération,Hors intersection,Normale,Deux véhicules - arrière,7,2,6,0,1,1,1,0,1,70,2,5,1,0,0,4,42.0,48.0,voiture,voiture,5,1,1,1,2
202200054420,2022-09-19 10:30:00,2022,9,19,10,30,91,91235,RN 104,48.62565,2.36017,Plein jour,Hors agglomération,Hors intersection,Normale,Sans collision,2,1,6,0,1,3,1,0,8,70,1,1,0,0,0,1,28.0,,deux_roues,,1,1,1,1,7
202200054421,2022-03-27 11:26:00,2022,3,27,11,26,31,31395,Route d Eaunes,43.45105,1.333235,Plein jour,En agglomération,Hors intersection,Normale,Deux véhicules - côté,3,2,2,0,2,3,1,0,1,-1,2,2,1,0,1,0,74.0,67.0,deux_roues,voiture,1,2,1,1,3
202200054422,2022-01-02 14:20:00,2022,1,2,14,20,94,94018,5 Avenue de la Liberte,48.8235,2.40428,Plein jour,En agglomération,Hors intersection,Normale,Deux véhicules - côté,3,2,2,1,2,1,1,0,1,30,2,3,2,0,0,1,35.0,39.0,voiture,deux_roues,1,2,1,1,3
202200054423,2022-02-12 23:20:00,2022,2,12,23,20,92,92049,REPUBLIQUE AVENUE DE LA N°2 A 90,48.8185,2.31961,Nuit avec éclairage allumé,En agglomération,Intersection en X,Normale,Deux véhicules - arrière,3,2,2,0,1,1,1,0,1,50,2,2,1,0,0,1,52.0,21.0,voiture,deux_roues,5,2,2,1,2
202200054424,2022-07-09 06:15:00,2022,7,9,6,15,69,69204,Autoroute 450,45.68319,4.80245,Plein jour,Hors agglomération,Hors intersection,Normale,Deux véhicules - arrière,1,3,4,0,1,1,1,0,1,90,2,2,0,0,0,2,53.0,25.0,voiture,voiture,1,1,1,1,2
202200054425,2022-10-21 08:15:00,2022,10,21,8,15,10,10333,CHARLES DE REFUGE (RUE),48.28232,4.05425,Plein jour,En agglomération,Giratoire,Temps couvert,Deux véhicules - côté,4,3,2,0,1,1,2,5,1,50,2,2,1,0,0,1,81.0,25.0,voiture,voiture,1,2,6,8,3
202200054426,2022-05-05 17:28:00,2022,5,5,17,28,69,69256,Avenue Roger Salengro,45.75874,4.92881,Plein jour,En agglomération,Intersection en X,Normale,Deux véhicules - côté,4,2,2,0,1,1,1,0,1,50,2,2,0,0,1,1,24.0,19.0,voiture,deux_roues,1,2,2,1,3
202200054427,2022-09-19 17:30:00,2022,9,19,17,30,92,92025,A86,48.9312978632,2.245019677,Plein jour,Hors agglomération,Hors intersection,Normale,Deux véhicules - côté,1,1,2,0,2,1,1,2,1,70,2,2,1,0,0,1,,25.0,voiture,deux_roues,1,1,1,1,3
202200054428,2022-02-14 08:15:00,2022,2,14,8,15,37,37153,Lieu Dit la Moineterie,47.487045,0.771564,Plein jour,Hors agglomération,Hors intersection,Normale,Autre collision,3,2,2,0,1,1,2,0,3,90,2,2,1,1,0,0,45.0,55.0,utilitaire_camion,voiture,1,1,1,1,6
202200054429,2022-06-03 13:00:00,2022,6,3,13,0,79,79083,,46.130928,-0.096109,Plein jour,Hors agglomération,Intersection en Y,Normale,Deux véhicules - frontale,3,2,2,0,2,3,1,0,1,80,2,4,3,0,1,0,21.0,16.0,voiture,deux_roues,1,1,4,1,1
202200054430,2022-03-27 19:10:00,2022,3,27,19,10,79,79049,40 Route de Bressuire Breuil Chauss,46.841306,-0.54585,Plein jour,En agglomération,Hors intersection,Normale,Deux véhicules - côté,3,2,2,0,1,1,1,0,1,50,2,4,3,0,0,1,80.0,38.0,voiture,voiture,1,2,1,1,3
202200054431,2022-07-26 11:30:00,2022,7,26,11,30,36,36204,,46.789071,1.201243,Plein jour,Hors agglomération,Intersection en X,Normale,Deux véhicules - côté,3,2,2,0,1,1,1,0,1,80,2,2,1,0,0,1,61.0,67.0,voiture,voiture,1,1,2,1,3
202200054432,2022-01-02 12:50:00,2022,1,2,12,50,93,93059,FRANCOIS MITTERAND (RUE),48.95076,2.36104,Plein jour,En agglomération,Hors intersection,Normale,Autre collision,4,-1,2,0,1,1,1,6,8,30,1,2,1,0,0,1,32.0,,voiture,,1,2,1,1,6
202200054433,2022-10-21 20:30:00,2022,10,21,20,30,09,09122,STADE (AVENUE DU ),42.954468,1.616805,Nuit avec éclairage allumé,En agglomération,Hors intersection,Normale,Deux véhicules - arrière,4,2,2,0,1,1,1,0,4,50,2,2,1,0,0,1,15.0,64.0,deux_roues,voiture,5,2,1,1,2
202200054434,2022-11-25 19:00:00,2022,11,25,19,0,33,33522,Rue Peydavant,44.80583,-0.58652,Nuit avec éclairage allumé,En agglomération,Intersection en T,Pluie légère,Deux véhicules - côté,4,2,2,2,1,1,2,0,1,50,2,2,1,0,0,1,21.0,65.0,deux_roues,voiture,5,2,3,2,3
202200054435,2022-05-05 08:50:00,2022,5,5,8,50,69,69092,Rue Jacques Brel,45.98345,4.687587,Plein jour,Hors agglomération,Hors intersection,Normale,Deux véhicules - côté,4,2,2,0,4,1,1,0,1,50,2,2,1,0,0,1,18.0,55.0,deux_roues,utilitaire_camion,1,1,1,1,3
202200054436,2022-03-27 11:25:00,2022,3,27,11,25,64,64422,rue carrerot,43.189864,-0.611849,Plein jour,En agglomération,Autre intersection,Normale,Autre collision,4,2,2,0,1,1,1,0,8,50,1,2,1,0,1,0,84.0,,voiture,,1,2,9,1,6
202200054437,2022-04-18 13:15:00,2022,4,18,13,15,69,69029,Boulevard Périphérique Laurent Bonnevay,45.73065,4.8988,Plein jour,Hors agglomération,Hors intersection,Normale,Deux véhicules - côté,7,3,7,0,1,1,1,0,1,70,2,4,3,0,0,1,32.0,21.0,voiture,voiture,1,1,1,1,3
202200054438,2022-02-12 17:40:00,2022,2,12,17,40,17,17094,Boulevard de Lattre de Tassigny,46.063286,-1.092249,Plein jour,En agglomération,Intersection en Y,Normale,Deux véhicules - côté,4,2,2,2,1,2,1,0,5,50,2,2,1,0,1,0,75.0,55.0,voiture,deux_roues,1,2,4,1,3
202200054439,2022-09-19 12:00:00,2022,9,19,12,0,78,78140,A13,48.963682,1.926404,Plein jour,Hors agglomération,Autre intersection,Normale,Trois véhicules et plus - collisions multiples,1,3,4,0,2,1,1,3,1,70,3,3,2,0,0,1,62.0,,deux_roues,autre,1,1,9,1,5
202200054440,2022-08-11 08:15:00,2022,8,11,8,15,24,24082,Lieu dit La Sembellie,44.837685,1.283442,Plein jour,Hors agglomération,Intersection en X,Normale,Deux véhicules - frontale,3,2,2,0,2,1,1,0,1,70,2,2,1,0,1,0,63.0,21.0,utilitaire_camion,deux_roues,1,1,2,1,1
202200054441,2022-06-04 09:10:00,2022,6,4,9,10,87,87014,A20,46.064537,1.360931,Plein jour,Hors agglomération,Hors intersection,Normale,Deux véhicules - arrière,1,3,4,0,2,1,1,0,1,130,2,3,2,0,0,1,47.0,85.0,utilitaire_camion,voiture,1,1,1,1,2
202200054442,2022-03-26 21:30:00,2022,3,26,21,30,85,85268,D6,46.691691,-1.851341,Nuit sans éclairage public,Hors agglomération,Hors intersection,Normale,Sans collision,3,2,2,0,1,1,1,0,3,80,1,1,0,1,0,0,24.0,,voiture,,3,1,1,1,7
202200054443,2022-01-02 02:15:00,2022,1,2,2,15,93,93008,VAILLANT COUTURIER (AVENUE PAUL),48.90917,2.44875,Nuit avec éclairage allumé,En agglomération,Intersection en X,Normale,Deux véhicules - arrière,3,3,4,0,1,1,1,5,1,50,2,3,2,0,0,1,24.0,34.0,voiture,voiture,5,2,2,1,2
202200054444,2022-02-13 16:30:00,2022,2,13,16,30,36,36093,La Tuilerie de Montplaisir,47.0145136727,1.608504653,Plein jour,Hors agglomération,Hors intersection,Normale,Autre collision,3,2,2,0,1,1,1,0,3,90,1,2,0,2,0,0,33.0,,voiture,,1,1,1,1,6
202200054445,2022-10-21 17:40:00,2022,10,21,17,40,06,06088,PASTEUR (BD),43.71797,7.28111,Crépuscule ou aube,En agglomération,Intersection en T,Pluie légère,Deux véhicules - frontale,4,2,2,0,1,1,2,0,1,50,2,3,1,0,0,2,36.0,18.0,voiture,voiture,2,2,3,2,1
202200054446,2022-07-06 11:20:00,2022,7,6,11,20,54,54328,Autoroute A 33,48.62679,6.18301,Plein jour,Hors agglomération,Hors intersection,Normale,Sans collision,1,3,4,0,1,1,1,0,1,90,1,1,0,1,0,0,56.0,,voiture,,1,1,1,1,7
202200054447,2022-11-25 12:30:00,2022,11,25,12,30,33,33281,Allée du Tournesol,44.82006,-0.69605,Plein jour,En agglomération,Intersection en T,Pluie légère,Deux véhicules - côté,4,2,2,0,1,1,2,0,1,50,2,3,1,0,0,2,38.0,70.0,voiture,utilitaire_camion,1,2,3,2,3
202200054448,2022-05-05 07:35:00,2022,5,5,7,35,69,69091,Route de Mornant,45.58451,4.74249,Plein jour,Hors agglomération,Hors intersection,Temps couvert,Deux véhicules - frontale,7,2,2,0,2,4,2,0,1,50,2,2,1,0,1,0,44.0,23.0,transport_commun,voiture,1,1,1,8,1
202200054449,2022-03-27 21:20:00,2022,3,27,21,20,14,14609,D572,49.26075,-0.717189,Nuit sans éclairage public,Hors agglomération,Hors intersection,Brouillard / fumée,Sans collision,3,2,2,0,1,1,1,0,3,90,1,1,0,0,0,1,40.0,,deux_roues,,3,1,1,5,7
202200054450,2022-08-03 08:30:00,2022,8,3,8,30,27,27423,departementale 50,48.77944,1.341056,Plein jour,Hors agglomération,Intersection en T,Normale,Deux véhicules - côté,3,2,2,0,1,1,1,0,1,80,2,2,1,0,1,0,54.0,29.0,deux_roues,voiture,1,1,3,1,3
202200054451,2022-09-18 18:19:00,2022,9,18,18,19,78,78291,A13,48.969178,1.737843,Plein jour,Hors agglomération,Hors intersection,Normale,Trois véhicules et plus - en chaîne,1,-1,3,0,1,1,1,0,1,130,3,3,2,0,0,1,45.0,69.0,voiture,voiture,1,1,1,1,4
202200054452,2022-02-14 16:40:00,2022,2,14,16,40,01,01446,D936,46.027288,4.843147,Plein jour,Hors agglomération,Hors intersection,Normale,Deux véhicules - côté,3,2,2,0,1,1,1,0,1,80,2,2,0,0,1,1,29.0,50.0,voiture,utilitaire_camion,1,1,1,1,3
202200054453,2022-06-03 18:00:00,2022,6,3,18,0,12,12270,A75 - PK192+650,44.31,3.103091,Plein jour,Hors agglomération,Hors intersection,Normale,Deux véhicules - arrière,1,3,4,0,2,3,1,0,1,130,2,2,1,0,1,0,48.0,23.0,utilitaire_camion,deux_roues,1,1,1,1,2
202200054454,2022-01-02 19:39:00,2022,1,2,19,39,92,92019,PLESSIS (AVENUE DU),48.7811778,2.28021,Nuit avec éclairage allumé,En agglomération,Hors intersection,Normale,Autre collision,3,1,3,0,4,1,1,0,1,50,1,2,1,0,0,1,59.0,,voiture,,5,2,1,1,6
202200054455,2022-10-18 18:05:00,2022,10,18,18,5,04,04112,,43.83926,5.80627,Plein jour,Hors agglomération,Hors intersection,Normale,Deux véhicules - côté,3,2,1,0,1,1,1,0,1,50,2,2,1,0,0,1,52.0,72.0,deux_roues,voiture,1,1,1,1,3
202200054456,2022-03-25 08:50:00,2022,3,25,8,50,22,22282,Rue du Guebriant,48.574453,-2.237408,Plein jour,Hors agglomération,Hors intersection,Normale,Sans collision,3,2,2,0,2,2,1,0,1,50,1,1,0,0,1,0,55.0,,voiture,,1,1,1,1,7
202200054457,2022-07-06 13:10:00,2022,7,6,13,10,67,67482,N.4 Contournement Sud,48.57093,7.73509,Plein jour,Hors agglomération,Hors intersection,Normale,Deux véhicules - côté,7,3,3,0,1,1,1,0,1,70,2,2,1,0,0,1,61.0,25.0,utilitaire_camion,voiture,1,1,1,1,3
202200054458,2022-11-24 19:30:00,2022,11,24,19,30,33,33318,Avenue du Maréchal de Lattre de Tassigny (rd),44.7628,-0.72741,Nuit sans éclairage public,En agglomération,Hors intersection,Normale,Trois véhicules et plus - en chaîne,4,2,4,1,1,1,1,0,1,50,3,3,2,0,0,1,24.0,44.0,utilitaire_camion,voiture,3,2,1,1,4
202200054459,2022-08-09 11:30:00,2022,8,9,11,30,28,28298,Rue de Boisricheux,48.581601,1.569988,Plein jour,En agglomération,Hors intersection,Normale,Autre collision,6,-1, -1,0,1,1,1,0,1,50,1,2,1,1,0,0,44.0,,voiture,,1,2,1,1,6
202200054460,2022-06-04 02:10:00,2022,6,4,2,10,30,30178,D101,44.075346,4.757037,Nuit sans éclairage public,Hors agglomération,Hors intersection,Normale,Autre collision,3,2,2,0,1,2,1,0,8,70,1,2,0,1,1,0,20.0,,voiture,,3,1,1,1,6
202200054461,2022-02-14 08:30:00,2022,2,14,8,30,29,29302,N165,48.249226201,-4.1114803874,Crépuscule ou aube,Hors agglomération,Hors intersection,Normale,Trois véhicules et plus - en chaîne,2,3,4,0,1,1,2,2,1,110,3,4,2,2,0,0,20.0,39.0,utilitaire_camion,utilitaire_camion,2,1,1,1,4
202200054462,2022-09-18 18:15:00,2022,9,18,18,15,92,92047,A13,48.8366424174,2.1861386528,Plein jour,Hors agglomération,Hors intersection,Normale,Deux véhicules - arrière,1,-1,3,0,1,1,1,0,1,110,2,2,1,0,0,1,57.0,75.0,voiture,voiture,1,1,1,1,2
202200054463,2022-03-24 15:25:00,2022,3,24,15,25,22,22299,1 la Gouhardière,48.4723688313,-1.9738161564,Plein jour,Hors agglomération,Hors intersection,Normale,Deux véhicules - côté,3,2,2,0,2,1,1,0,1,80,2,2,1,0,1,0,64.0,68.0,autre,deux_roues,1,1,1,1,3
202200054464,2022-04-27 18:25:00,2022,4,27,18,25,68,68066,INGERSHEIM (ROUTE D'),48.084599,7.342388,Plein jour,En agglomération,Intersection en X,Temps éblouissant,Deux véhicules - frontale,4,4,3,0,1,1,1,5,1,50,2,6,2,0,0,4,34.0,19.0,voiture,voiture,1,2,2,7,1
202200054465,2022-07-07 15:30:00,2022,7,7,15,30,33,33096,AUTOROUTE A 10,44.904314,-0.492863,Plein jour,Hors agglomération,Hors intersection,Normale,Deux véhicules - côté,1,3,6,0,1,1,1,0,1,110,2,2,1,0,0,1,44.0,28.0,deux_roues,voiture,1,1,1,1,3
202200054466,2022-10-20 18:43:00,2022,10,20,18,43,95,95018,Boulevard Jean Allemane,48.956203,2.255971,Plein jour,En agglomération,Hors intersection,Pluie légère,Autre collision,3,2,2,0,1,1,2,0,1,40,2,3,2,0,1,0,,22.0,voiture,voiture,1,2,1,2,6
202200054467,2022-01-02 17:20:00,2022,1,2,17,20,92,92012,GENERAL LECLERC (AVENUE DU) 35/FIN - 60/,48.83113,2.23582,Nuit avec éclairage allumé,En agglomération,Hors intersection,Normale,Deux véhicules - arrière,3,3,6,0,1,1,1,0,1,50,2,3,2,0,0,1,41.0,55.0,deux_roues,voiture,5,2,1,1,2
202200054468,2022-11-25 04:15:00,2022,11,25,4,15,31,31555,VERDIER (ALL FORAIN FRANCOIS) DU 2AU 48,43.600327,1.45223,Nuit avec éclairage allumé,En agglomération,Giratoire,Normale,Deux véhicules - côté,4,2,4,2,1,1,1,8,1,50,2,2,1,1,0,0,46.0,51.0,voiture,deux_roues,5,2,6,1,3
202200054469,2022-02-13 11:45:00,2022,2,13,11,45,974,97410,Route Nationale 2 Ste Anne,-21.090306,55.747386,Plein jour,En agglomération,Hors intersection,Pluie légère,Deux véhicules - arrière,2,2,2,0,1,1,2,0,1,50,2,2,1,0,1,0,24.0,43.0,deux_roues,voiture,1,2,1,2,2
202200054470,2022-09-19 17:45:00,2022,9,19,17,45,93,93027,AUTOROUTE A86,48.9285549771,2.4157675411,Plein jour,Hors agglomération,Hors intersection,Normale,Autre collision,1,-1,6,0,1,3,1,0,1,70,1,1,0,0,0,1,31.0,,deux_roues,,1,1,1,1,6
202200054471,2022-06-05 17:45:00,2022,6,5,17,45,2B,2B347,D343,42.18166,9.240746,Plein jour,Hors agglomération,Hors intersection,Normale,Deux véhicules - côté,3,2,2,0,2,4,1,0,1,70,2,3,1,0,0,2,59.0,65.0,deux_roues,deux_roues,1,1,1,1,3