accident_id,datetime,annee,mois,jour,heure,minute,departement,commune_insee,adresse,latitude,longitude,luminosite,agglomeration,intersection,meteo,collision,catr,circ,nbv,vosp,prof,plan,surf,infra,situ,vma,nb_vehicules,nb_usagers,nb_indemnes,nb_tues,nb_blesses_hosp,nb_blesses_legers,age_cond_1,age_cond_2,veh_type_cond_1,veh_type_cond_2,lum_code,agg_code,int_code,atm_code,col_code
202200054843,2022-10-19 07:30:00,2022,10,19,7,30,66,66136,,42.7025492708,2.8956109285,Crépuscule ou aube,En agglomération,Hors intersection,Normale,Autre collision,4,2,2,0,1,2,1,0,1,30,2,2,1,0,0,1,61.0,57.0,deux_roues,voiture,2,2,1,1,6
202200054844,2022-11-26 17:45:00,2022,11,26,17,45,75,75111,RUE SAINT MAUR,48.859371,2.382826,Nuit avec éclairage allumé,En agglomération,Intersection en Y,Normale,Deux véhicules - côté,4,2,2,2,1,1,1,0,5,30,2,2,1,0,0,1,50.0,33.0,utilitaire_camion,deux_roues,5,2,4,1,3
202200054845,2022-08-10 09:20:00,2022,8,10,9,20,75,75112,A4,48.82432,2.46353,Plein jour,Hors agglomération,Hors intersection,Normale,Sans collision,1,3,4,0,1,1,1,0,1,90,1,1,0,0,0,1,29.0,,deux_roues,,1,1,1,1,7
202200054846,2022-01-02 03:30:00,2022,1,2,3,30,93,93066,AUTOROUTE A1,48.92175,2.35674,Nuit sans éclairage public,Hors agglomération,Hors intersection,Normale,Trois véhicules et plus - en chaîne,1,-1,6,0,1,1,1,0,1,90,3,6,2,0,2,2,,24.0,voiture,voiture,3,1,1,1,4
202200054847,2022-02-12 00:40:00,2022,2,12,0,40,69,69259,Route Départementale 301,45.6865,4.8741,Nuit sans éclairage public,Hors agglomération,Hors intersection,Normale,Trois véhicules et plus - en chaîne,7,3,4,0,1,1,1,0,1,90,4,4,2,0,0,2,38.0,43.0,voiture,voiture,3,1,1,1,4
202200054848,2022-09-18 14:00:00,2022,9,18,14,0,64,64102,Avenue Interne Jacques Loeb,43.48145,-1.48266,Plein jour,En agglomération,Giratoire,Normale,Deux véhicules - côté,4,2,2,0,1,1,1,0,1,30,2,3,2,0,0,1,64.0,24.0,voiture,deux_roues,1,2,6,1,3
202200054849,2022-05-02 16:35:00,2022,5,2,16,35,75,75117,BD PERIPHERIQUE INTERIEUR,48.880992,2.282333,Plein jour,En agglomération,Hors intersection,Normale,Deux véhicules - côté,4,1,4,0,1,1,1,0,1,70,2,2,1,0,0,1,36.0,23.0,deux_roues,utilitaire_camion,1,2,1,1,3
202200054850,2022-03-24 16:33:00,2022,3,24,16,33,83,83069,LECLERC (AVENUE MARECHAL),43.1213,6.1108,Plein jour,En agglomération,Hors intersection,Normale,Deux véhicules - côté,4,2,2,0,1,2,1,0,1,5,2,2,1,0,0,1,52.0,76.0,voiture,deux_roues,1,2,1,1,3
202200054851,2022-06-04 11:40:00,2022,6,4,11,40,89,89364,D957,47.464797,3.790259,Plein jour,Hors agglomération,Hors intersection,Normale,Deux véhicules - frontale,3,2,2,0,2,1,1,0,1,80,2,2,0,1,0,1,73.0,88.0,voiture,voiture,1,1,1,1,1
202200054852,2022-07-07 09:00:00,2022,7,7,9,0,93,93066,AUTOROUTE A1,48.91618,2.35783,Plein jour,Hors agglomération,Hors intersection,Normale,Deux véhicules - côté,1,3,12,0,1,1,1,1,1,70,2,2,1,0,0,1,58.0,55.0,deux_roues,voiture,1,1,1,1,3
202200054853,2022-10-20 13:20:00,2022,10,20,13,20,65,65440,Bd du Mal de Lattre de Tassigny,43.228097,0.056509,Plein jour,En agglomération,Intersection en X,Normale,Deux véhicules - côté,3,2,1,0,1,1,1,0,1,50,2,2,1,0,1,0,17.0,20.0,deux_roues,voiture,1,2,2,1,3
202200054854,2022-08-10 08:05:00,2022,8,10,8,5,77,77121,A104,48.8395179423,2.6641993077,Plein jour,Hors agglomération,Hors intersection,Normale,Deux véhicules - côté,1,-1,3,0,1,1,1,0,1,90,2,2,1,0,0,1,55.0,38.0,utilitaire_camion,voiture,1,1,1,1,3
202200054855,2022-01-02 02:30:00,2022,1,2,2,30,93,93001,AUTOROUTE A86,48.92195,2.37673,Nuit sans éclairage public,Hors agglomération,Hors intersection,Normale,Deux véhicules - côté,1,1,1,0,2,1,1,0,1,50,2,3,0,0,0,3,29.0,39.0,voiture,deux_roues,3,1,1,1,3
202200054856,2022-11-26 11:10:00,2022,11,26,11,10,75,75111,BOULEVARD VOLTAIRE,48.85872,2.37858,Plein jour,En agglomération,Intersection en X,Normale,Deux véhicules - côté,4,3,2,1,1,1,1,0,5,30,2,3,2,0,0,1,40.0,28.0,voiture,deux_roues,1,2,2,1,3
202200054857,2022-02-13 14:05:00,2022,2,13,14,5,92,92050,A86,48.8946528951,2.1920543957,Plein jour,Hors agglomération,Hors intersection,Normale,Deux véhicules - côté,1,-1,3,0,1,1,1,1,2,70,2,5,2,0,0,3,26.0,19.0,voiture,voiture,1,1,1,1,3
202200054858,2022-05-03 19:55:00,2022,5,3,19,55,75,75116,AVENUE DE LA PORTE D AUTEUIL,48.8480213421,2.2468368709,Crépuscule ou aube,En agglomération,Intersection en Y,Normale,Autre collision,4,2,3,0,1,1,1,2,1,30,1,2,0,0,1,1,24.0,,voiture,,2,2,4,1,6
202200054859,2022-03-24 08:40:00,2022,3,24,8,40,80,80021,MAIGNAN LARIVIERE (BOULEVARD),49.88953,2.29307,Plein jour,En agglomération,Hors intersection,Normale,Deux véhicules - côté,4,2,6,0,1,1,1,0,1,50,2,2,1,0,0,1,49.0,20.0,transport_commun,deux_roues,1,2,1,1,3
202200054860,2022-10-17 08:12:00,2022,10,17,8,12,63,63113,POCHET LAGAYE (BD PAUL),45.76587,3.10523,Plein jour,En agglomération,Hors intersection,Normale,Deux véhicules - arrière,7,3,5,0,1,1,1,0,1,50,2,2,1,0,0,1,57.0,47.0,voiture,deux_roues,1,2,1,1,2
202200054861,2022-07-06 14:14:00,2022,7,6,14,14,93,93064,AUTOROUTE A86,48.8831836735,2.4720209511,Plein jour,Hors agglomération,Hors intersection,Normale,Deux véhicules - côté,1,3,4,0,1,2,1,0,1,90,2,2,1,0,0,1,,39.0,voiture,deux_roues,1,1,1,1,3
202200054862,2022-09-18 03:15:00,2022,9,18,3,15,61,61077,PONT DU LONDEAU (RUE DU),48.4517,0.11896,Nuit sans éclairage public,Hors agglomération,Hors intersection,Normale,Autre collision,3,2,2,0,2,3,1,0,3,50,1,2,0,0,0,2,32.0,,voiture,,3,1,1,1,6
202200054863,2022-06-04 01:30:00,2022,6,4,1,30,89,89272,Rue des Gerbeaux,47.708628,3.33721,Nuit avec éclairage non allumé,Hors agglomération,Hors intersection,Normale,Autre collision,3,2,2,0,2,2,1,0,3,45,1,4,3,0,1,0,43.0,,voiture,,4,1,1,1,6
202200054864,2022-08-09 11:25:00,2022,8,9,11,25,12,12145,Rue Etienne Delmas,44.10407,3.08427,Plein jour,En agglomération,Hors intersection,Normale,Autre collision,6,-1,0,0,1,1,1,0,8,50,1,2,1,0,1,0,19.0,,voiture,,1,2,1,1,6
202200054865,2022-01-01 06:00:00,2022,1,1,6,0,93,93010,AUTOROUTE A3,48.9134628024,2.4771070008,Nuit sans éclairage public,Hors agglomération,Hors intersection,Normale,Deux véhicules - arrière,1,3,6,0,1,1,1,0,1,110,2,2,1,0,0,1,29.0,,voiture,voiture,3,1,1,1,2
202200054866,2022-03-24 20:13:00,2022,3,24,20,13,77,77079,RUE GEORGES CLEMENCEAU,48.39853,2.79719,Nuit avec éclairage allumé,En agglomération,Hors intersection,Normale,Autre collision,4,1,1,0,1,1,1,0,1,50,1,1,0,0,1,0,18.0,,deux_roues,,5,2,1,1,6
202200054867,2022-11-26 03:30:00,2022,11,26,3,30,75,75120,AVENUE DE LA PORTE DE MONTREUIL,48.8537565027,2.4120223448,Nuit avec éclairage allumé,En agglomération,Place,Normale,Deux véhicules - côté,4,2,4,0,1,1,1,0,1,30,2,2,1,0,0,1,35.0,40.0,voiture,deux_roues,5,2,7,1,3
202200054868,2022-09-18 17:00:00,2022,9,18,17,0,51,51454,avenue Brébant,49.25914,4.00953,Plein jour,En agglomération,Hors intersection,Normale,Deux véhicules - arrière,4,2,2,0,1,1,1,0,1,50,2,2,1,0,0,1,53.0,15.0,voiture,deux_roues,1,2,1,1,2
202200054869,2022-05-04 11:15:00,2022,5,4,11,15,75,75120,RUE MARYSE HILSZ,48.851004,2.412693,Plein jour,En agglomération,Intersection en Y,Normale,Deux véhicules - frontale,4,2,3,1,1,1,1,0,5,30,2,2,1,0,0,1,26.0,33.0,deux_roues,voiture,1,2,4,1,1
202200054870,2022-02-13 19:05:00,2022,2,13,19,5,93,93064,AUTOROUTE A3,48.8837955465,2.4715590477,Nuit avec éclairage allumé,Hors agglomération,Hors intersection,Normale,Trois véhicules et plus - en chaîne,1,-1,6,0,1,1,1,0,1,70,3,3,2,0,0,1,24.0,29.0,voiture,voiture,5,1,1,1,4
202200054871,2022-10-15 22:00:00,2022,10,15,22,0,63,63113,LIONDARDS (RUE NOUVELLE DES),45.75881,3.08723,Nuit avec éclairage allumé,En agglomération,Intersection en Y,Normale,Deux véhicules - arrière,7,2,2,0,1,1,1,0,1,50,2,2,1,0,0,1,21.0,30.0,deux_roues,voiture,5,2,4,1,2
202200054872,2022-05-17 21:15:00,2022,5,17,21,15,42,42218,Rue Ampére,45.44849,4.38594,Nuit avec éclairage allumé,En agglomération,Intersection en X,Normale,Deux véhicules - côté,4,1,1,0,1,1,1,0,1,50,2,2,1,0,0,1,37.0,60.0,voiture,voiture,5,2,2,1,3
202200054873,2022-07-10 18:00:00,2022,7,10,18,0,93,93051,A4,48.8346467665,2.5847656546,Plein jour,Hors agglomération,Hors intersection,Normale,Trois véhicules et plus - en chaîne,1,3,3,0,1,1,1,0,1,110,3,3,2,0,0,1,45.0,59.0,voiture,voiture,1,1,1,1,4
202200054874,2022-03-24 17:30:00,2022,3,24,17,30,77,77053,RUE PASTEUR,48.69403,2.61784,Plein jour,En agglomération,Place,Normale,Autre collision,4,4,0,0,1,1,1,9,1,30,1,2,1,0,0,1,,,voiture,,1,2,7,1,6
202200054875,2022-01-01 19:45:00,2022,1,1,19,45,91,91326,COUR DE FRANCE (AVENUE DE LA),48.687485,2.371954,Nuit avec éclairage allumé,En agglomération,Hors intersection,Normale,Deux véhicules - arrière,3,3,4,0,2,1,1,0,1,50,2,5,4,0,0,1,40.0,28.0,voiture,voiture,5,2,1,1,2
202200054876,2022-09-18 07:04:00,2022,9,18,7,4,49,49007,Pont Jean Moulin,47.48924,-0.54624,Nuit avec éclairage allumé,En agglomération,Hors intersection,Normale,Sans collision,4,2,3,0,1,1,1,2,1,50,1,1,0,0,0,1,24.0,,voiture,,5,2,1,1,7
202200054877,2022-11-26 02:55:00,2022,11,26,2,55,75,75110,RUE DU FAUBOURG DU TEMPLE,48.870006,2.371056,Nuit avec éclairage allumé,En agglomération,Intersection en X,Normale,Deux véhicules - côté,4,2,2,0,1,1,1,0,1,30,2,2,1,0,0,1,59.0,24.0,voiture,deux_roues,5,2,2,1,3
202200054878,2022-06-03 12:15:00,2022,6,3,12,15,63,63037,D67,45.635515,3.68786,Plein jour,Hors agglomération,Intersection en T,Normale,Deux véhicules - côté,3,2,2,0,2,3,1,0,1,90,2,4,2,0,0,2,46.0,28.0,voiture,voiture,1,1,3,1,3
202200054879,2022-05-03 12:50:00,2022,5,3,12,50,75,75116,AVENUE DU PRESIDENT WILSON,48.86352,2.288985,Plein jour,En agglomération,Hors intersection,Normale,Deux véhicules - arrière,4,3,3,0,2,1,1,0,1,50,2,2,1,0,0,1,27.0,39.0,deux_roues,utilitaire_camion,1,2,1,1,2
202200054880,2022-02-13 15:55:00,2022,2,13,15,55,92,92036,AUTOROUTE A86,48.9390477042,2.3061190135,Plein jour,Hors agglomération,Hors intersection,Normale,Deux véhicules - arrière,1,3,6,0,1,1,1,0,1,90,2,3,1,1,0,1,61.0,50.0,voiture,utilitaire_camion,1,1,1,1,2
202200054881,2022-03-23 19:40:00,2022,3,23,19,40,77,77058,D5,48.83599,2.72228,Nuit avec éclairage allumé,En agglomération,Hors intersection,Normale,Autre collision,3,2,2,0,1,1,1,0,1,50,1,2,1,0,0,1,58.0,,voiture,,5,2,1,1,6
202200054882,2022-07-10 13:20:00,2022,7,10,13,20,94,94017,A4,48.8267840801,2.5141683324,Plein jour,Hors agglomération,Hors intersection,Normale,Deux véhicules - côté,1,1,4,0,1,1,1,1,1,90,2,3,1,0,1,1,52.0,60.0,utilitaire_camion,deux_roues,1,1,1,1,3
202200054883,2022-10-01 18:50:00,2022,10,1,18,50,62,62570,TAVERNE (FERDINAND),50.41003,2.85772,Crépuscule ou aube,En agglomération,Intersection en X,Normale,Deux véhicules - côté,4,1,1,0,1,2,1,5,1,50,2,2,1,0,1,0,61.0,36.0,voiture,deux_roues,2,2,2,1,3
202200054884,2022-01-01 09:50:00,2022,1,1,9,50,41,41018,COLOMB (RUE CHRISTOPHE),47.59241,1.30323,Plein jour,En agglomération,Hors intersection,Normale,Autre collision,6,-1,0,0,1,1,1,0,1,30,1,2,1,0,0,1,50.0,,voiture,,1,2,1,1,6
202200054885,2022-06-03 21:30:00,2022,6,3,21,30,61,61230,14 Rue Abbe Brionne,48.529018,0.752547,Crépuscule ou aube,En agglomération,Hors intersection,Normale,Sans collision,4,1,1,0,1,1,1,0,3,50,1,1,0,0,1,0,28.0,,deux_roues,,2,2,1,1,7
202200054886,2022-08-09 16:40:00,2022,8,9,16,40,976,97611,m'tsapere-Nationale 2 (route),-12.78752,45.22537,Plein jour,En agglomération,Intersection en X,Normale,Deux véhicules - côté,4,2,2,0,1,1,1,0,1,50,2,3,0,0,0,3,55.0,26.0,deux_roues,deux_roues,1,2,2,1,3
202200054887,2022-11-25 20:35:00,2022,11,25,20,35,75,75108,AVENUE DE MESSINE,48.875561,2.314796,Nuit avec éclairage allumé,En agglomération,Place,Pluie légère,Autre collision,4,1,1,0,1,1,2,0,1,30,1,2,1,0,0,1,48.0,,voiture,,5,2,7,2,6
202200054888,2022-09-18 12:40:00,2022,9,18,12,40,45,45234,D2060 PK 94 + 720,47.926843,1.939738,Plein jour,Hors agglomération,Hors intersection,Normale,Deux véhicules - côté,3,3,4,0,1,3,1,0,1,70,2,5,4,0,0,1,34.0,62.0,voiture,deux_roues,1,1,1,1,3
202200054889,2022-01-01 10:20:00,2022,1,1,10,20,988,98818,ROUTE DE LA BAIE DES DAMES,-22.23267,166.43101,Plein jour,En agglomération,Hors intersection,Normale,Autre collision,4,2,2,0,1,1,1,0,1,50,1,2,1,0,1,0,24.0,,voiture,,1,2,1,1,6
202200054890,2022-06-06 16:30:00,2022,6,6,16,30,55,55535,D618,49.3075954398,5.6552804868,Plein jour,Hors agglomération,Hors intersection,Normale,Sans collision,3,2,2,0,1,1,1,0,1,90,1,2,0,0,0,2,37.0,,deux_roues,,1,1,1,1,7
202200054891,2022-07-08 20:00:00,2022,7,8,20,0,94,94017,A4,48.8285362143,2.476846537,Plein jour,Hors agglomération,Hors intersection,Normale,Deux véhicules - arrière,1,1,4,0,1,1,1,0,1,90,2,2,1,0,0,1,47.0,28.0,deux_roues,voiture,1,1,1,1,2
202200054892,2022-05-05 10:20:00,2022,5,5,10,20,75,75115,RUE DE LA CONVENTION,48.836454,2.299163,Plein jour,En agglomération,Intersection en T,Normale,Deux véhicules - côté,4,2,3,0,1,1,1,0,1,30,2,3,2,0,0,1,63.0,34.0,utilitaire_camion,voiture,1,2,3,1,3
202200054893,2022-10-19 10:00:00,2022,10,19,10,0,62,62193,Boulevard de la Resistance,50.95998,1.844286,Plein jour,En agglomération,Giratoire,Pluie légère,Deux véhicules - arrière,4,2,1,1,1,3,2,5,1,50,2,2,1,0,1,0,26.0,49.0,utilitaire_camion,deux_roues,1,2,6,2,2
202200054894,2022-08-08 13:50:00,2022,8,8,13,50,974,97416,RN03,-21.331,55.4668,Plein jour,Hors agglomération,Hors intersection,Normale,Sans collision,2,3,4,0,1,1,1,0,2,110,1,2,1,0,0,1,54.0,,voiture,,1,1,1,1,7
202200054895,2022-03-25 10:00:00,2022,3,25,10,0,77,77243,D231,48.87313,2.72595,Plein jour,En agglomération,Hors intersection,Normale,Deux véhicules - arrière,3,2,2,0,1,1,1,0,1,50,2,2,1,0,0,1,40.0,28.0,voiture,voiture,1,2,1,1,2
202200054896,2022-02-13 18:00:00,2022,2,13,18,0,93,93027,AUTOROUTE A86,48.92407,2.38495,Crépuscule ou aube,Hors agglomération,Hors intersection,Normale,Trois véhicules et plus - en chaîne,1,3,4,0,1,1,1,0,1,90,3,3,2,0,0,1,45.0,32.0,voiture,voiture,2,1,1,1,4
202200054897,2022-11-26 18:30:00,2022,11,26,18,30,75,75103,RUE SAINT MARTIN,48.86674,2.354268,Nuit avec éclairage allumé,En agglomération,Intersection en T,Normale,Autre collision,4,1,3,3,1,1,1,0,6,30,1,2,1,0,0,1,50.0,,deux_roues,,5,2,3,1,6
202200054898,2022-06-04 09:10:00,2022,6,4,9,10,55,55142,D10,48.463969,5.50584,Plein jour,Hors agglomération,Hors intersection,Normale,Sans collision,3,2,2,0,1,2,1,0,1,90,1,1,0,0,0,1,31.0,,deux_roues,,1,1,1,1,7
202200054899,2022-10-19 17:20:00,2022,10,19,17,20,60,60175,Rue de Chatillon,49.25827,2.47903,Plein jour,En agglomération,Hors intersection,Normale,Autre collision,4,2,2,0,1,1,1,0,1,50,1,2,1,0,0,1,20.0,,voiture,,1,2,1,1,6
202200054900,2022-08-08 11:15:00,2022,8,8,11,15,974,97411,RAMBAUD (LEOPOLD),-20.88565,55.48143,Plein jour,En agglomération,Hors intersection,Normale,Deux véhicules - arrière,2,3,6,0,1,1,1,0,1,70,2,2,1,0,0,1,34.0,34.0,voiture,voiture,1,2,1,1,2
202200054901,2022-01-02 03:45:00,2022,1,2,3,45,976,97611,m'tsapere-Nationale 2 (route),-12.78612,45.22564,Nuit avec éclairage allumé,En agglomération,Hors intersection,Normale,Deux véhicules - arrière,2,2,2,0,1,1,1,0,1,50,2,2,0,0,0,2,19.0,35.0,deux_roues,deux_roues,5,2,1,1,2
202200054902,2022-07-08 18:30:00,2022,7,8,18,30,93,93051,A4,48.8365999172,2.5423853344,Plein jour,Hors agglomération,Hors intersection,Normale,Deux véhicules - côté,1,3,6,0,1,1,1,0,1,110,2,2,1,0,0,1,84.0,24.0,voiture,utilitaire_camion,1,1,1,1,3
202200054903,2022-03-24 09:20:00,2022,3,24,9,20,72,72181,YOKEL (RUE),47.9665657397,0.2197730539,Plein jour,En agglomération,Hors intersection,Normale,Deux véhicules - frontale,4,2,2,0,1,1,1,0,1,50,2,2,1,0,1,0,45.0,65.0,transport_commun,deux_roues,1,2,1,1,1
202200054904,2022-05-04 18:20:00,2022,5,4,18,20,75,75114,BOULEVARD JOURDAN,48.821214,2.334296,Plein jour,En agglomération,Intersection en X,Normale,Deux véhicules - côté,4,3,2,0,1,1,1,0,1,30,2,2,1,0,0,1,20.0,55.0,voiture,deux_roues,1,2,2,1,3
202200054905,2022-09-18 11:50:00,2022,9,18,11,50,45,45234,D951 PK 92 + 290,47.89432,1.90092,Plein jour,En agglomération,Intersection en X,Normale,Deux véhicules - arrière,3,2,2,0,1,1,1,0,1,50,2,4,3,0,0,1,37.0,19.0,voiture,voiture,1,2,2,1,2
202200054906,2022-06-04 15:17:00,2022,6,4,15,17,49,49367,D770,47.595087,-0.860131,Plein jour,Hors agglomération,Hors intersection,Normale,Sans collision,3,2,2,0,1,1,1,0,3,90,1,1,0,0,1,0,71.0,,voiture,,1,1,1,1,7
202200054907,2022-02-12 11:35:00,2022,2,12,11,35,95,95241,RN 104,49.0465,2.4387,Plein jour,Hors agglomération,Hors intersection,Normale,Deux véhicules - côté,2,3,4,0,1,1,1,0,1,90,2,3,0,0,0,3,35.0,27.0,voiture,voiture,1,1,1,1,3
202200054908,2022-07-07 13:35:00,2022,7,7,13,35,77,77514,A104,48.9458,2.6288,Plein jour,Hors agglomération,Hors intersection,Normale,Sans collision,1,3,4,0,1,1,1,0,3,90,1,1,0,0,0,1,45.0,,voiture,,1,1,1,1,7
202200054909,2022-10-19 17:45:00,2022,10,19,17,45,59,59378,MARNE AVENUE DE LA,50.67367,3.10675,Plein jour,En agglomération,Hors intersection,Normale,Deux véhicules - arrière,7,1,2,0,1,1,1,0,1,70,2,3,0,0,0,3,24.0,43.0,voiture,voiture,1,2,1,1,2
202200054910,2022-11-25 22:15:00,2022,11,25,22,15,75,75104,BOULEVARD HENRI IV,48.850447,2.360114,Nuit sans éclairage public,En agglomération,Intersection en T,Normale,Deux véhicules - côté,4,2,4,3,1,1,1,0,6,30,2,2,1,0,0,1,55.0,40.0,deux_roues,voiture,3,2,3,1,3
202200054911,2022-03-25 14:35:00,2022,3,25,14,35,69,69290,Boulevard de Parilly,45.71474,4.90585,Plein jour,En agglomération,Intersection en T,Normale,Deux véhicules - côté,7,2,2,3,1,1,1,0,1,50,2,2,1,0,0,1,44.0,19.0,utilitaire_camion,deux_roues,1,2,3,1,3
202200054912,2022-01-01 19:35:00,2022,1,1,19,35,976,97611,m'tsapere-M'tsapéré- M'tsangani ( rue ),-12.79248,45.21795,Nuit avec éclairage allumé,En agglomération,Autre intersection,Normale,Deux véhicules - frontale,4,2,2,0,1,1,1,0,1,50,2,4,2,0,0,2,20.0,51.0,voiture,voiture,5,2,9,1,1
202200054913,2022-08-08 14:00:00,2022,8,8,14,0,974,97407,COMPAGNIE DES INDES (BD DE LA) ,-20.9449,55.3193,Plein jour,En agglomération,Autre intersection,Normale,Trois véhicules et plus - collisions multiples,4,2,2,0,1,1,1,0,1,70,3,4,3,0,0,1,22.0,32.0,voiture,voiture,1,2,9,1,5
202200054914,2022-05-05 17:35:00,2022,5,5,17,35,75,75101,QUAI DE LA MEGISSERIE,48.858492,2.342483,Plein jour,En agglomération,Intersection en X,Normale,Deux véhicules - arrière,4,1,4,0,1,1,1,0,1,30,2,2,1,0,0,1,21.0,30.0,voiture,deux_roues,1,2,2,1,2
202200054915,2022-09-18 01:45:00,2022,9,18,1,45,44,44009,N844,47.22992,-1.469597,Nuit avec éclairage non allumé,Hors agglomération,Hors intersection,Normale,Deux véhicules - frontale,2,3,5,0,1,1,1,0,1,90,2,2,0,0,1,1,26.0,26.0,voiture,voiture,4,1,1,1,1
202200054916,2022-10-20 09:50:00,2022,10,20,9,50,56,56083,BRUANT ( AV. ARISTIDE ),47.80259,-3.25979,Plein jour,En agglomération,Giratoire,Temps éblouissant,Autre collision,3,2,2,0,2,2,2,5,3,50,1,1,0,0,0,1,49.0,,voiture,,1,2,6,7,6
202200054917,2022-06-03 16:20:00,2022,6,3,16,20,49,49112,D347,47.170111,-0.13896,Plein jour,Hors agglomération,Hors intersection,Normale,Deux véhicules - frontale,3,2,2,0,1,1,1,0,1,80,2,3,0,0,1,2,24.0,60.0,voiture,voiture,1,1,1,1,1
202200054918,2022-07-06 22:15:00,2022,7,6,22,15,94,94018,A4,48.8176187265,2.4186579611,Nuit sans éclairage public,Hors agglomération,Hors intersection,Normale,Autre collision,1,1,2,0,1,1,1,0,1,50,1,1,0,0,0,1,29.0,,voiture,,3,1,1,1,6
202200054919,2022-02-13 17:05:00,2022,2,13,17,5,94,94073,A86 INT,48.7661514738,2.3793425559,Plein jour,Hors agglomération,Hors intersection,Normale,Deux véhicules - arrière,1,3,6,0,1,2,1,0,1,70,2,4,2,0,0,2,47.0,21.0,voiture,voiture,1,1,1,1,2
202200054920,2022-08-09 11:20:00,2022,8,9,11,20,973,97302,RABAN (ROUTE DE),4.9267087028,-52.3139709234,Plein jour,En agglomération,Hors intersection,Normale,Autre collision,4,2,2,0,1,1,1,0,1,50,1,2,1,0,0,1,51.0,,voiture,,1,2,1,1,6
202200054921,2022-01-01 23:00:00,2022,1,1,23,0,974,97407,ROUTE DU SACRE COEUR,-20.95383,55.30838,Nuit sans éclairage public,En agglomération,Autre intersection,Normale,Sans collision,4,-1,1,0,1,1,1,0,8,50,1,2,1,0,0,1,34.0,,deux_roues,,3,2,9,1,7
202200054922,2022-05-05 12:00:00,2022,5,5,12,0,75,75104,QUAI DE L HOTEL DE VILLE,48.856035,2.350761,Plein jour,En agglomération,Intersection en T,Normale,Autre collision,4,2,6,0,1,1,1,0,1,30,1,2,1,0,0,1,62.0,,utilitaire_camion,,1,2,3,1,6
202200054923,2022-03-24 12:10:00,2022,3,24,12,10,67,67482,SLEIDAN (RUE),48.58565,7.76916,Plein jour,En agglomération,Intersection en T,Normale,Autre collision,4,2,2,0,1,1,1,0,1,30,1,2,1,0,0,1,71.0,,voiture,,1,2,3,1,6
202200054924,2022-06-02 17:15:00,2022,6,2,17,15,49,49002,Rue du Bellay,47.294749,0.021994,Plein jour,En agglomération,Hors intersection,Normale,Deux véhicules - frontale,4,2,2,0,1,1,1,0,1,50,2,2,1,0,1,0,65.0,17.0,utilitaire_camion,deux_roues,1,2,1,1,1
202200054925,2022-10-20 08:32:00,2022,10,20,8,32,56,56121,1 Rue Victor Massé,47.75015,-3.36185,Plein jour,En agglomération,Intersection en X,Normale,Deux véhicules - côté,4,2,2,3,1,1,2,0,1,30,2,2,1,0,0,1,17.0,18.0,deux_roues,utilitaire_camion,1,2,2,1,3
202200054926,2022-11-26 16:58:00,2022,11,26,16,58,94,94046,REPUBLIQUE (AV DE LA),48.80624,2.44198,Nuit avec éclairage allumé,En agglomération,Hors intersection,Normale,Deux véhicules - côté,3,2,2,0,1,1,1,0,1,50,2,2,1,0,0,1,33.0,56.0,deux_roues,voiture,5,2,1,1,3
202200054927,2022-09-17 16:50:00,2022,9,17,16,50,41,41018,RD 952,47.5425,1.28354,Plein jour,Hors agglomération,Hors intersection,Normale,Deux véhicules - côté,3,2,2,0,1,1,1,0,1,80,2,3,2,0,0,1,52.0,48.0,voiture,voiture,1,1,1,1,3
202200054928,2022-07-06 11:30:00,2022,7,6,11,30,94,94017,A4,48.826805,2.512402,Plein jour,Hors agglomération,Hors intersection,Normale,Trois véhicules et plus - en chaîne,1,3,4,0,1,1,1,1,1,90,3,3,2,0,1,0,43.0,64.0,voiture,voiture,1,1,1,1,4
202200054929,2022-02-12 16:30:00,2022,2,12,16,30,973,97302,BOUDINOT (AUGUSTE) CITE THEMIRE,4.933252686,-52.3195418715,Plein jour,En agglomération,Intersection en T,Pluie légère,Autre collision,4,2,2,0,1,1,2,0,1,50,1,2,1,0,0,1,,,deux_roues,,1,2,3,2,6
202200054930,2022-03-23 09:44:00,2022,3,23,9,44,66,66136,FARINES (DES),42.69847,2.89937,Plein jour,En agglomération,Hors intersection,Normale,Autre collision,4,1,1,0,1,1,1,0,1,50,1,2,1,0,0,1,40.0,,utilitaire_camion,,1,2,1,1,6
202200054931,2022-01-01 00:30:00,2022,1,1,0,30,973,97302,MERE THERESA (rue),4.9251369436,-52.3125198483,Nuit avec éclairage allumé,En agglomération,Hors intersection,Normale,Deux véhicules - côté,4,2,2,0,1,1,1,0,1,50,2,2,1,0,0,1,60.0,9.0,voiture,deux_roues,5,2,1,1,3
202200054932,2022-11-26 15:40:00,2022,11,26,15,40,94,94076,REPUBLIQUE (AV DE LA),48.7883840202,2.3577469051,Plein jour,En agglomération,Hors intersection,Normale,Autre collision,3,2, -1,0,1,1,1,0,1,50,1,2,1,0,0,1,,,voiture,,1,2,1,1,6
202200054933,2022-09-18 09:01:00,2022,9,18,9,1,38,38563,D1075,45.36737,5.59104,Plein jour,En agglomération,Hors intersection,Temps éblouissant,Autre collision,3,1,2,0,4,2,1,0,1,50,1,2,1,0,0,1,21.0,,voiture,,1,2,1,7,6
202200054934,2022-08-09 15:00:00,2022,8,9,15,0,69,69386,Rue Masséna,45.76368,4.85525,Plein jour,En agglomération,Intersection en X,Normale,Deux véhicules - côté,4,1,1,0,1,1,1,0,1,50,2,2,1,0,0,1,23.0,34.0,deux_roues,voiture,1,2,2,1,3