accident_id,datetime,annee,mois,jour,heure,minute,departement,commune_insee,adresse,latitude,longitude,luminosite,agglomeration,intersection,meteo,collision,catr,circ,nbv,vosp,prof,plan,surf,infra,situ,vma,nb_vehicules,nb_usagers,nb_indemnes,nb_tues,nb_blesses_hosp,nb_blesses_legers,age_cond_1,age_cond_2,veh_type_cond_1,veh_type_cond_2,lum_code,agg_code,int_code,atm_code,col_code
202200055117,2022-02-12 19:35:00,2022,2,12,19,35,64,64445,Avenue Louis Sallenave,43.3125,-0.36231,Nuit avec éclairage allumé,En agglomération,Hors intersection,Normale,Deux véhicules - côté,4,1,2,0,1,1,1,0,1,50,2,2,1,0,0,1,20.0,24.0,voiture,deux_roues,5,2,1,1,3
202200055118,2022-06-12 06:15:00,2022,6,12,6,15,988,98818,RUE AMPERE,-22.23329,166.45678,Plein jour,En agglomération,Giratoire,Temps couvert,Autre collision,4,2,2,0,3,4,2,2,3,50,1,1,0,1,0,0,74.0,,utilitaire_camion,,1,2,6,8,6
202200055119,2022-01-01 17:55:00,2022,1,1,17,55,75,75101,RUE DE RIVOLI,48.86401,2.331351,Nuit avec éclairage allumé,En agglomération,Intersection en T,Normale,Autre collision,4,2,4,1,1,1,1,-1,5,30,1,2,1,0,0,1,17.0,,deux_roues,,5,2,3,1,6
202200055120,2022-09-18 04:12:00,2022,9,18,4,12,75,75107,PLACE DES INVALIDES,48.858434,2.312398,Nuit avec éclairage allumé,En agglomération,Place,Normale,Autre collision,4,-1,1,0,1,3,1,0,1,30,1,1,0,0,0,1,48.0,,deux_roues,,5,2,7,1,6
202200055121,2022-11-27 12:30:00,2022,11,27,12,30,79,79277,rd 938,47.097978,-0.168797,Plein jour,Hors agglomération,Intersection en X,Normale,Deux véhicules - côté,3,2,3,0,1,1,1,5,1,70,2,4,1,1,2,0,67.0,38.0,voiture,utilitaire_camion,1,1,2,1,3
202200055122,2022-10-20 08:10:00,2022,10,20,8,10,35,35238,MOUEZY (AVENUE MONSEIGNEUR),48.10298,-1.653,Crépuscule ou aube,En agglomération,Hors intersection,Pluie légère,Autre collision,4,2,2,0,1,1,2,0,1,50,1,2,1,0,0,1,50.0,,voiture,,2,2,1,2,6
202200055123,2022-02-12 14:55:00,2022,2,12,14,55,64,64125,Rue Erretegia,43.44064,-1.58909,Plein jour,En agglomération,Hors intersection,Normale,Sans collision,4,2,2,0,2,1,1,8,1,30,1,1,0,0,0,1,85.0,,deux_roues,,1,2,1,1,7
202200055124,2022-05-07 11:45:00,2022,5,7,11,45,72,72200,D212bis,47.89441,0.221191,Plein jour,Hors agglomération,Intersection en X,Normale,Deux véhicules - côté,3,-1,2,0,1,1,1,0,1,70,2,3,1,0,0,2,48.0,38.0,voiture,voiture,1,1,2,1,3
202200055125,2022-01-01 16:30:00,2022,1,1,16,30,75,75104,RUE DE LA CITE,48.855644,2.348325,Plein jour,En agglomération,Intersection en T,Normale,Sans collision,4,1,3,1,1,1,1,-1,5,30,1,1,0,0,0,1,21.0,,deux_roues,,1,2,3,1,7
202200055126,2022-09-18 18:00:00,2022,9,18,18,0,94,94074,HENRI BARBUSSE (AV),48.76746,2.4413,Plein jour,En agglomération,Hors intersection,Normale,Deux véhicules - arrière,2,2,4,0,1,1,1,0,1,50,2,2,1,0,0,1,52.0,49.0,voiture,deux_roues,1,2,1,1,2
202200055127,2022-07-05 15:00:00,2022,7,5,15,0,976,97611,m'tsapere-Nationale 2 (route),-12.7955,45.21583,Plein jour,En agglomération,Autre intersection,Normale,Deux véhicules - côté,4,1,1,0,1,1,1,9,1,30,2,2,1,0,0,1,33.0,50.0,deux_roues,utilitaire_camion,1,2,9,1,3
202200055128,2022-10-20 08:00:00,2022,10,20,8,0,35,35281,MERMOZ (BOULEVARD JEAN),48.09122,-1.70458,Plein jour,En agglomération,Hors intersection,Pluie légère,Deux véhicules - côté,4,3,4,1,1,3,2,0,1,50,2,2,1,0,0,1,50.0,31.0,utilitaire_camion,deux_roues,1,2,1,2,3
202200055129,2022-03-25 15:25:00,2022,3,25,15,25,35,35281,RD 177,48.066832,-1.71478,Plein jour,Hors agglomération,Hors intersection,Normale,Trois véhicules et plus - en chaîne,7,3,5,0,1,1,1,0,1,70,3,4,1,0,1,2,44.0,33.0,utilitaire_camion,utilitaire_camion,1,1,1,1,4
202200055130,2022-11-26 18:33:00,2022,11,26,18,33,2B,2B050,Christophe Colomb,42.554254,8.762342,Nuit avec éclairage allumé,En agglomération,Hors intersection,Normale,Autre collision,2,2,2,0,1,1,1,0,1,50,1,2,0,0,0,2,15.0,,deux_roues,,5,2,1,1,6
202200055131,2022-02-12 18:50:00,2022,2,12,18,50,64,64024,BAYONNE (AVENUE DE),43.4805781674,-1.5143594267,Crépuscule ou aube,En agglomération,Hors intersection,Normale,Deux véhicules - côté,3,2,2,0,1,1,1,0,1,50,2,2,1,0,0,1,33.0,24.0,voiture,deux_roues,2,2,1,1,3
202200055132,2022-08-09 02:00:00,2022,8,9,2,0,69,69266,Cours Emile Zola,45.77087,4.86719,Nuit avec éclairage allumé,En agglomération,Intersection en X,Normale,Deux véhicules - côté,4,2,2,2,1,1,1,0,1,50,2,3,2,0,0,1,,43.0,voiture,voiture,5,2,2,1,3
202200055133,2022-05-06 14:45:00,2022,5,6,14,45,62,62060,Route d Amiens,50.224327,2.117525,Plein jour,Hors agglomération,Intersection en T,Normale,Deux véhicules - côté,3,2,2,0,1,1,1,0,1,80,2,2,1,0,1,0,23.0,80.0,voiture,voiture,1,1,3,1,3
202200055134,2022-09-18 09:20:00,2022,9,18,9,20,94,94076,Avenue de la République,48.78854,2.365082,Plein jour,En agglomération,Intersection en T,Normale,Deux véhicules - frontale,3,2,0,0,1,1,1,0,1,50,2,2,1,0,0,1,37.0,63.0,deux_roues,voiture,1,2,3,1,1
202200055135,2022-07-05 08:20:00,2022,7,5,8,20,974,97416,BECS ROSES (ALLEE DES),-21.32621,55.47763,Plein jour,Hors agglomération,Hors intersection,Normale,Autre collision,4,1,1,0,1,1,1,0,1,30,1,2,1,0,0,1,54.0,,voiture,,1,1,1,1,6
202200055136,2022-01-01 07:00:00,2022,1,1,7,0,75,75104,QUAI DE L HOTEL DE VILLE,48.855317,2.352812,Nuit avec éclairage allumé,En agglomération,Intersection en X,Normale,Autre collision,4,2,4,0,1,1,1,0,1,30,1,2,1,0,0,1,20.0,,voiture,,5,2,2,1,6
202200055137,2022-10-20 15:55:00,2022,10,20,15,55,34,34172,Avenue de la Justice de Castelnau,43.626326,3.887629,Plein jour,En agglomération,Hors intersection,Normale,Deux véhicules - côté,4,1,2,3,2,1,1,0,6,50,2,2,1,0,1,0,,22.0,voiture,deux_roues,1,2,1,1,3
202200055138,2022-03-25 10:42:00,2022,3,25,10,42,35,35238,Rue Saint-Hélier,48.10694,-1.67065,Plein jour,En agglomération,Intersection en X,Normale,Deux véhicules - côté,4,2,2,0,1,1,1,0,1,50,2,2,1,0,0,1,35.0,24.0,voiture,deux_roues,1,2,2,1,3
202200055139,2022-09-18 13:40:00,2022,9,18,13,40,94,94041,VERDUN (AV DE),48.81686,2.36783,Plein jour,En agglomération,Hors intersection,Normale,Sans collision,3,2,0,3,1,1,1,0,4,50,1,1,0,0,0,1,20.0,,autre,,1,2,1,1,7
202200055140,2022-01-01 13:40:00,2022,1,1,13,40,94,94078,Avenue de la Division Leclerc,48.74702,2.46176,Plein jour,En agglomération,Hors intersection,Normale,Autre collision,4,2,2,0,1,1,1,0,1,50,1,2,1,0,0,1,51.0,,voiture,,1,2,1,1,6
202200055141,2022-05-05 20:30:00,2022,5,5,20,30,62,62820,D939,50.351783128,2.5110057592,Plein jour,Hors agglomération,Hors intersection,Normale,Deux véhicules - côté,3,2,2,0,1,1,1,0,1,80,2,3,2,0,1,0,63.0,40.0,voiture,voiture,1,1,1,1,3
202200055142,2022-08-09 10:40:00,2022,8,9,10,40,69,69013,Route de Longsard,46.0188,4.70693,Plein jour,En agglomération,Hors intersection,Normale,Deux véhicules - arrière,3,2,2,2,1,1,1,0,5,70,2,2,1,0,0,1,71.0,66.0,voiture,deux_roues,1,2,1,1,2
202200055143,2022-02-12 10:30:00,2022,2,12,10,30,60,60057,Rue de Rouen,49.4340668454,2.0519341528,Plein jour,Hors agglomération,Intersection en X,Normale,Deux véhicules - côté,3,1,2,0,1,1,1,0,1,50,2,5,0,0,0,5,43.0,75.0,voiture,voiture,1,1,2,1,3
202200055144,2022-11-26 23:00:00,2022,11,26,23,0,80,80695,Route de Bapaume,50.022107,2.910411,Nuit sans éclairage public,Hors agglomération,Hors intersection,Vent fort / tempête,Deux véhicules - frontale,3,2,2,0,1,1,9,0,1,80,2,4,0,0,1,3,36.0,21.0,voiture,voiture,3,1,1,6,1
202200055145,2022-10-20 16:56:00,2022,10,20,16,56,33,33162,Avenue du Médoc,44.87857,-0.62504,Plein jour,En agglomération,Hors intersection,Normale,Deux véhicules - côté,4,2,2,0,1,1,1,2,1,50,2,2,1,0,1,0,71.0,36.0,voiture,voiture,1,2,1,1,3
202200055146,2022-07-05 10:50:00,2022,7,5,10,50,974,97411,LECLERC (DU MARECHAL),-20.880046,55.456606,Plein jour,En agglomération,Autre intersection,Normale,Deux véhicules - côté,4,3,4,3,1,1,1,0,8,50,2,3,2,0,0,1,25.0,58.0,voiture,transport_commun,1,2,9,1,3
202200055147,2022-01-01 17:20:00,2022,1,1,17,20,94,94068,Avenue Louis Blanc,48.7955,2.49934,Crépuscule ou aube,En agglomération,Hors intersection,Normale,Autre collision,3,2,2,0,1,2,1,0,1,30,1,1,0,0,0,1,19.0,,deux_roues,,2,2,1,1,6
202200055148,2022-05-06 18:40:00,2022,5,6,18,40,59,59669,Rue de cassel,50.8058307656,2.4523919821,Plein jour,Hors agglomération,Hors intersection,Normale,Autre collision,3,2,2,0,2,1,1,0,3,80,1,1,0,1,0,0,49.0,,deux_roues,,1,1,1,1,6
202200055149,2022-09-18 19:45:00,2022,9,18,19,45,94,94073,RN 186,48.755,2.384,Crépuscule ou aube,En agglomération,Hors intersection,Normale,Deux véhicules - arrière,3,1,1,0,2,1,1,9,1,50,2,5,4,0,0,1,35.0,31.0,voiture,voiture,2,2,1,1,2
202200055150,2022-03-25 17:15:00,2022,3,25,17,15,33,33039,Boulevard Jean-Jacques Bosc,44.81885,-0.54507,Plein jour,En agglomération,Intersection en Y,Normale,Deux véhicules - côté,4,3,4,3,1,1,1,0,1,50,2,2,1,0,0,1,37.0,54.0,voiture,deux_roues,1,2,4,1,3
202200055151,2022-02-12 14:00:00,2022,2,12,14,0,59,59350,LIBERTE BVD N°2 - 90-51 - 145,50.63312,3.05919,Plein jour,En agglomération,Intersection en X,Temps éblouissant,Autre collision,4,2,1,3,1,1,1,0,1,50,1,2,1,0,0,1,52.0,,voiture,,1,2,2,7,6
202200055152,2022-01-01 16:50:00,2022,1,1,16,50,94,94038,Avenue de la Division Leclerc,48.78368,2.32815,Crépuscule ou aube,En agglomération,Hors intersection,Normale,Autre collision,4,2,2,0,1,1,1,0,1,50,1,2,1,0,1,0,24.0,,voiture,,2,2,1,1,6
202200055153,2022-10-20 11:25:00,2022,10,20,11,25,33,33069,Avenue Ausone,44.87034,-0.59265,Plein jour,En agglomération,Giratoire,Temps couvert,Deux véhicules - côté,4,1,2,0,1,3,2,5,1,50,2,2,1,0,0,1,22.0,22.0,voiture,deux_roues,1,2,6,8,3
202200055154,2022-05-07 05:00:00,2022,5,7,5,0,2B,2B150,Lieu dit consolata - RT 30,42.563188,8.80514,Nuit sans éclairage public,Hors agglomération,Hors intersection,Normale,Deux véhicules - frontale,2,2,2,0,1,2,1,0,8,70,1,3,0,3,0,0,24.0,,voiture,,3,1,1,1,1
202200055155,2022-07-05 08:55:00,2022,7,5,8,55,974,97411,PROVIDENCE (BOULEVARD DE LA),-20.89346,55.45654,Plein jour,En agglomération,Hors intersection,Normale,Deux véhicules - côté,4,2,2,0,1,1,1,0,1,30,2,3,2,0,0,1,75.0,45.0,utilitaire_camion,deux_roues,1,2,1,1,3
202200055156,2022-08-09 00:32:00,2022,8,9,0,32,66,66136,,42.711357,2.922456,Nuit sans éclairage public,Hors agglomération,Hors intersection,Normale,Autre collision,3,3,4,0,1,1,1,0,3,110,1,2,0,1,0,1,22.0,,voiture,,3,1,1,1,6
202200055157,2022-01-01 08:00:00,2022,1,1,8,0,94,94038,Rue Charles Gide,48.7660807563,2.3302745817,Crépuscule ou aube,En agglomération,Hors intersection,Normale,Autre collision,4,-1,2,0,1,1,1,0,1,50,1,1,0,0,0,1,21.0,,voiture,,2,2,1,1,6
202200055158,2022-09-18 20:50:00,2022,9,18,20,50,94,94077,Avenue Sadi Carnot / Avenue Paul Painlevé,48.73741,2.41059,Nuit avec éclairage allumé,En agglomération,Intersection en X,Normale,Autre collision,4,2,2,0,1,1,1,0,1,50,1,1,0,0,0,1,55.0,,voiture,,5,2,2,1,6
202200055159,2022-11-27 00:10:00,2022,11,27,0,10,65,65306,Route des Bandouliers,43.126922,0.261869,Nuit sans éclairage public,Hors agglomération,Hors intersection,Normale,Autre collision,3,2,2,0,1,4,1,0,3,80,1,1,0,0,0,1,55.0,,voiture,,3,1,1,1,6
202200055160,2022-03-25 16:27:00,2022,3,25,16,27,33,33063,Avenue Thiers,44.84245,-0.55626,Plein jour,En agglomération,Intersection en X,Normale,Deux véhicules - côté,4,3,4,3,1,1,1,4,6,30,2,2,1,0,1,0,33.0,31.0,deux_roues,transport_commun,1,2,2,1,3
202200055161,2022-10-20 08:26:00,2022,10,20,8,26,33,33069,Boulevard Pierre 1er,44.8556552194,-0.592174083,Plein jour,En agglomération,Hors intersection,Normale,Deux véhicules - frontale,4,3,4,3,1,1,1,0,1,50,2,2,1,0,0,1,24.0,60.0,deux_roues,voiture,1,2,1,1,1
202200055162,2022-01-01 02:40:00,2022,1,1,2,40,93,93071,RAOUL DAUTRY (AVENUE),48.9504,2.52379,Nuit avec éclairage allumé,En agglomération,Intersection en X,Normale,Deux véhicules - côté,3,3,2,0,1,1,1,0,1,50,2,2,1,0,0,1,,24.0,voiture,voiture,5,2,2,1,3
202200055163,2022-07-05 10:50:00,2022,7,5,10,50,973,97302,FELIX EBOUE(ROCADE),4.92959,-52.3151,Plein jour,En agglomération,Intersection en X,Pluie légère,Deux véhicules - côté,3,2,2,0,1,1,2,0,1,50,2,2,1,0,0,1,23.0,51.0,voiture,deux_roues,1,2,2,2,3
202200055164,2022-05-07 12:15:00,2022,5,7,12,15,2B,2B305,Grisgione,42.732265,9.460591,Plein jour,En agglomération,Hors intersection,Normale,Deux véhicules - arrière,3,2,2,0,1,3,1,0,4,50,1,2,1,0,0,1,78.0,,voiture,,1,2,1,1,2
202200055165,2022-09-18 15:30:00,2022,9,18,15,30,93,93039,Quai du Châtelier,48.9276316473,2.3363749289,Plein jour,En agglomération,Hors intersection,Normale,Deux véhicules - arrière,3,2,2,0,1,1,1,0,1,50,2,3,1,0,0,2,49.0,24.0,deux_roues,deux_roues,1,2,1,1,2
202200055166,2022-02-12 18:50:00,2022,2,12,18,50,44,44162,8 Chemin de la Chatterie,47.244554,-1.620935,Nuit sans éclairage public,En agglomération,Hors intersection,Normale,Sans collision,4,2,2,0,1,1,1,9,8,50,1,3,1,0,1,1,29.0,,deux_roues,,3,2,1,1,7
202200055167,2022-03-25 16:10:00,2022,3,25,16,10,33,33063,Rue Léon Blum,44.8795462064,-0.5474758744,Plein jour,En agglomération,Giratoire,Normale,Autre collision,4,1,1,0,1,1,1,0,1,50,1,2,1,0,1,0,42.0,,voiture,,1,2,6,1,6
202200055168,2022-10-20 07:05:00,2022,10,20,7,5,33,33063,Boulevard du Président Franklin Roosevelt,44.8179645076,-0.5776110291,Nuit avec éclairage allumé,En agglomération,Hors intersection,Pluie légère,Trois véhicules et plus - en chaîne,4,4,4,0,1,1,2,0,1,50,3,3,2,0,0,1,,45.0,voiture,voiture,5,2,1,2,4
202200055169,2022-01-01 12:50:00,2022,1,1,12,50,93,93070,MICHELET(AV):N°1AU 103,48.90226,2.3441,Plein jour,En agglomération,Hors intersection,Temps éblouissant,Deux véhicules - frontale,3,-1,3,0,2,1,1,0,1,50,2,2,1,0,1,0,29.0,63.0,voiture,autre,1,2,1,7,1
202200055170,2022-11-27 04:00:00,2022,11,27,4,0,71,71263,7 Rue de Beaufort,46.629331,5.229008,Nuit sans éclairage public,En agglomération,Hors intersection,Normale,Autre collision,3,2,2,0,1,1,1,0,4,50,1,2,1,0,1,0,26.0,,voiture,,3,2,1,1,6
202200055171,2022-05-07 15:17:00,2022,5,7,15,17,80,80010,Chemin de l Auge,49.751171,2.364517,Plein jour,Hors agglomération,Hors intersection,Normale,Autre collision,4,-1,1,0,2,1,9,9,8,-1,1,1,0,0,0,1,19.0,,deux_roues,,1,1,1,1,6
202200055172,2022-09-18 16:23:00,2022,9,18,16,23,93,93048,CHANZY (BOULEVARD),48.859302,2.424922,Plein jour,En agglomération,Hors intersection,Normale,Deux véhicules - arrière,4,3,2,0,1,1,1,0,1,50,2,2,0,0,0,1,35.0,,deux_roues,autre,1,2,1,1,2
202200055173,2022-01-01 03:30:00,2022,1,1,3,30,93,93064,Rue Claude Pernes,48.8698,2.49427,Nuit avec éclairage allumé,En agglomération,Hors intersection,Normale,Autre collision,4,1,1,0,1,1,1,0,4,30,1,1,0,0,0,1,21.0,,voiture,,5,2,1,1,6
202200055174,2022-02-12 03:30:00,2022,2,12,3,30,37,37233,AUBRIERE (RUE DE L'),47.3949212744,0.7227922976,Nuit avec éclairage allumé,En agglomération,Hors intersection,Normale,Autre collision,4,2,2,0,1,1,1,0,1,50,1,1,0,0,0,1,27.0,,utilitaire_camion,,5,2,1,1,6
202200055175,2022-03-24 21:00:00,2022,3,24,21,0,33,33318,Avenue du Bourgailh,44.80436,-0.6615,Nuit avec éclairage allumé,En agglomération,Intersection en T,Normale,Deux véhicules - côté,1,1,3,0,2,1,1,3,1,50,2,2,0,1,0,1,45.0,27.0,voiture,deux_roues,5,2,3,1,3
202200055176,2022-05-07 17:05:00,2022,5,7,17,5,80,80106,Blangy-sous-Poix,49.772756,1.997023,Plein jour,Hors agglomération,Hors intersection,Normale,Deux véhicules - frontale,3,2,2,0,1,1,1,0,1,80,2,3,2,0,0,1,19.0,31.0,voiture,deux_roues,1,1,1,1,1
202200055177,2022-01-01 21:15:00,2022,1,1,21,15,93,93048,BLANCS VILAINS (RUE DES),48.8668420699,2.4754160643,Nuit avec éclairage non allumé,En agglomération,Hors intersection,Normale,Autre collision,4,2,2,0,2,1,1,0,1,30,1,1,0,0,0,1,57.0,,voiture,,4,2,1,1,6
202200055178,2022-10-19 17:20:00,2022,10,19,17,20,33,33039,RUE LOUIS DENIS MALLET,44.78441,-0.56562,Plein jour,En agglomération,Passage à niveau,Normale,Deux véhicules - côté,4,2,2,0,1,1,1,4,1,50,2,3,2,0,0,1,40.0,63.0,transport_commun,voiture,1,2,8,1,3
202200055179,2022-03-25 08:18:00,2022,3,25,8,18,29,29232,N165,47.98859,-4.02723,Plein jour,Hors agglomération,Hors intersection,Normale,Autre collision,2,3,4,0,4,1,1,0,8,110,1,1,0,0,0,1,29.0,,voiture,,1,1,1,1,6
202200055180,2022-07-05 21:40:00,2022,7,5,21,40,69,69386,Rue Michel Rambaud,45.76901,4.86053,Nuit avec éclairage allumé,En agglomération,Intersection en X,Normale,Deux véhicules - côté,4,1,2,0,1,1,1,0,1,50,2,4,3,0,0,1,22.0,51.0,voiture,voiture,5,2,2,1,3
202200055181,2022-09-18 04:00:00,2022,9,18,4,0,92,92046,BROSSOLETTE AVENUE PIERRE,48.81247,2.30116,Nuit avec éclairage allumé,En agglomération,Hors intersection,Normale,Trois véhicules et plus - en chaîne,3,2,2,0,1,1,1,0,1,50,3,3,2,0,1,0,36.0,31.0,voiture,deux_roues,5,2,1,1,4
202200055182,2022-05-06 16:45:00,2022,5,6,16,45,80,80010,32 Rue Sadi Carnot,49.755372,2.361911,Plein jour,En agglomération,Hors intersection,Normale,Autre collision,3,2,2,0,1,1,1,9,1,30,1,2,1,0,1,0,84.0,,voiture,,1,2,1,1,6
202200055183,2022-02-11 14:30:00,2022,2,11,14,30,37,37122,RD 37,47.33656,0.66988,Plein jour,Hors agglomération,Autre intersection,Normale,Autre collision,7,2,4,0,1,1,1,0,1,90,1,2,1,0,0,1,64.0,,utilitaire_camion,,1,1,9,1,6
202200055184,2022-01-01 04:15:00,2022,1,1,4,15,93,93006,CARNOT RUE SADI,48.87405,2.42227,Nuit avec éclairage allumé,En agglomération,Hors intersection,Normale,Deux véhicules - arrière,3,1,1,0,1,1,1,0,1,50,2,2,1,0,0,1,,40.0,voiture,voiture,5,2,1,1,2
202200055185,2022-09-18 10:05:00,2022,9,18,10,5,92,92048,MARCHE COUVERT (RUE DU),48.8097358862,2.2384251952,Plein jour,En agglomération,Hors intersection,Normale,Autre collision,4,1,1,0,2,1,1,0,1,30,1,2,1,0,0,1,38.0,,voiture,,1,2,1,1,6
202200055186,2022-11-26 17:45:00,2022,11,26,17,45,63,63282,Départementale 978,45.6042951684,3.1527960739,Nuit sans éclairage public,Hors agglomération,Hors intersection,Normale,Deux véhicules - côté,3,2,2,0,1,1,1,0,1,90,2,3,1,0,2,0,21.0,80.0,voiture,voiture,3,1,1,1,3
202200055187,2022-10-20 08:55:00,2022,10,20,8,55,33,33529,RD 1250 (OUSTALET - BONNEVAL),44.62214,-1.1603,Plein jour,Hors agglomération,Hors intersection,Normale,Trois véhicules et plus - en chaîne,3,2,2,1,1,1,1,5,1,70,3,3,1,0,0,2,44.0,49.0,voiture,voiture,1,1,1,1,4
202200055188,2022-04-30 17:50:00,2022,4,30,17,50,33,33140,Boulevard de Verdun,44.773317,-0.346751,Plein jour,En agglomération,Giratoire,Normale,Autre collision,3,2,2,0,1,1,1,9,1,50,1,2,1,0,1,0,39.0,,voiture,,1,2,6,1,6
202200055189,2022-03-23 09:50:00,2022,3,23,9,50,29,29232,Avenue de Ty Bos,47.974739,-4.066678,Plein jour,En agglomération,Intersection en T,Normale,Deux véhicules - frontale,4,2,2,0,1,1,1,0,1,50,2,2,1,0,0,1,47.0,62.0,deux_roues,voiture,1,2,3,1,1
202200055190,2022-09-17 22:35:00,2022,9,17,22,35,92,92026,PAUL DOUMER,48.88832,2.25381,Nuit avec éclairage allumé,En agglomération,Hors intersection,Normale,Deux véhicules - côté,3,1,2,0,1,1,1,0,8,50,2,2,1,0,0,1,21.0,27.0,utilitaire_camion,deux_roues,5,2,1,1,3
202200055191,2022-02-13 00:50:00,2022,2,13,0,50,35,35238,Rue de Saint-Brieuc,48.1178,-1.7139,Nuit avec éclairage allumé,En agglomération,Autre intersection,Normale,Deux véhicules - arrière,4,1,1,2,1,3,1,9,1,50,2,3,2,0,0,1,19.0,37.0,voiture,deux_roues,5,2,9,1,2
202200055192,2022-01-01 02:50:00,2022,1,1,2,50,92,92024,,48.90854,2.30012,Nuit avec éclairage allumé,En agglomération,Intersection en X,Normale,Deux véhicules - côté,3,2,6,0,1,1,1,5,1,50,2,2,1,0,0,1,46.0,21.0,voiture,utilitaire_camion,5,2,2,1,3
202200055193,2022-07-01 20:00:00,2022,7,1,20,0,972,97213,ROUTE DEPARTEMENTALE 3,14.61572,-60.99476,Nuit avec éclairage non allumé,En agglomération,Hors intersection,Pluie forte,Deux véhicules - frontale,3,-1,2,0,1,1,2,0,1,50,2,3,2,0,0,1,47.0,38.0,voiture,voiture,4,2,1,3,1
202200055194,2022-10-20 08:30:00,2022,10,20,8,30,31,31555,31 A LES MINIMES  (PERIPH OUEST A620),43.62759,1.4199,Plein jour,Hors agglomération,Hors intersection,Normale,Deux véhicules - arrière,1,1,3,0,1,3,9,3,1,90,2,2,1,0,1,0,27.0,46.0,utilitaire_camion,deux_roues,1,1,1,1,2
202200055195,2022-05-07 05:40:00,2022,5,7,5,40,11,11262,D607,43.20724,2.954764,Crépuscule ou aube,Hors agglomération,Hors intersection,Normale,Deux véhicules - côté,3,2,2,0,1,1,1,0,1,80,2,3,0,0,1,2,54.0,84.0,utilitaire_camion,voiture,2,1,1,1,3
202200055196,2022-03-25 16:40:00,2022,3,25,16,40,29,29019,Rue Robespierre,48.413082,-4.49105,Plein jour,En agglomération,Intersection en X,Normale,Autre collision,4,2,2,0,1,1,1,0,1,30,1,2,1,0,0,1,19.0,,voiture,,1,2,2,1,6
202200055197,2022-09-18 10:10:00,2022,9,18,10,10,92,92025,CHARLES DE GAULLE (BD),48.911866,2.232669,Plein jour,En agglomération,Intersection en X,Normale,Deux véhicules - côté,3,3,6,0,1,2,1,5,1,30,2,2,1,0,0,1,20.0,35.0,deux_roues,voiture,1,2,2,1,3
202200055198,2022-05-07 20:00:00,2022,5,7,20,0,61,61339,La Sorliere (saint aubert sur orne),48.784134,-0.337615,Plein jour,Hors agglomération,Hors intersection,Normale,Autre collision,3,2,2,0,4,2,1,0,1,80,1,2,1,0,0,1,65.0,,voiture,,1,1,1,1,6
202200055199,2022-03-25 08:15:00,2022,3,25,8,15,27,27701,D6154,49.24206,1.1876,Plein jour,En agglomération,Hors intersection,Temps éblouissant,Deux véhicules - arrière,3,2,2,0,2,1,1,0,1,70,2,2,0,0,0,2,41.0,43.0,voiture,voiture,1,2,1,7,2
202200055200,2022-01-01 16:20:00,2022,1,1,16,20,45,45247,D94 PR 5 + 235,48.0152214904,2.6787855582,Plein jour,Hors agglomération,Intersection en T,Normale,Trois véhicules et plus - en chaîne,3,2,2,0,1,1,1,0,1,80,3,3,2,0,1,0,55.0,16.0,voiture,deux_roues,1,1,3,1,4
202200055201,2022-10-19 12:15:00,2022,10,19,12,15,30,30243,,44.07,4.0819,Plein jour,En agglomération,Intersection en T,Normale,Deux véhicules - côté,3,2,2,0,1,1,1,0,1,70,2,3,2,0,1,0,17.0,76.0,deux_roues,voiture,1,2,3,1,3
202200055202,2022-02-12 06:55:00,2022,2,12,6,55,34,34172,LIBERTE (AVENUE DE LA,43.60887,3.8529,Plein jour,En agglomération,Intersection en X,Normale,Deux véhicules - côté,4,2,5,0,1,1,1,5,1,50,2,2,1,0,0,1,,55.0,voiture,voiture,1,2,2,1,3
202200055203,2022-09-17 20:16:00,2022,9,17,20,16,92,92002,DIVISION LECLERC (53 A 217 - 58 A 186),48.74269,2.30283,Nuit avec éclairage allumé,En agglomération,Intersection en X,Normale,Deux véhicules - côté,3,2,4,0,1,1,1,0,1,50,2,2,1,0,0,1,35.0,21.0,voiture,deux_roues,5,2,2,1,3
202200055204,2022-05-02 08:00:00,2022,5,2,8,0,22,22199,Pen Ar Crech,48.814367,-3.149085,Plein jour,Hors agglomération,Hors intersection,Normale,Deux véhicules - frontale,3,2,2,0,1,3,8,0,1,80,2,2,0,0,2,0,52.0,49.0,voiture,voiture,1,1,1,1,1
202200055205,2022-01-02 18:45:00,2022,1,2,18,45,63,63143,D984,46.057516,3.281479,Nuit sans éclairage public,Hors agglomération,Hors intersection,Normale,Deux véhicules - frontale,3,2,2,0,2,1,1,0,1,80,2,3,0,0,1,2,37.0,30.0,voiture,voiture,3,1,1,1,1
202200055206,2022-09-18 17:20:00,2022,9,18,17,20,974,97415,Rue Joseph Hubert,-21.056528,55.265694,Plein jour,En agglomération,Giratoire,Normale,Deux véhicules - côté,3,-1,2,0,1,2,1,0,1,50,2,3,2,0,0,1,55.0,38.0,voiture,voiture,1,2,6,1,3
202200055207,2022-10-20 17:45:00,2022,10,20,17,45,29,29232,Boulevard President Allende,47.997646,-4.07273,Plein jour,Hors agglomération,Hors intersection,Normale,Deux véhicules - côté,3,3,4,0,1,1,1,0,1,70,2,2,1,0,0,1,24.0,16.0,voiture,deux_roues,1,1,1,1,3
202200055208,2022-05-06 13:45:00,2022,5,6,13,45,35,35222,PN 111,48.530532,-1.565101,Plein jour,En agglomération,Passage à niveau,Normale,Deux véhicules - côté,3,2,2,0,1,1,1,4,8,50,2,2,1,0,1,0,88.0,40.0,voiture,transport_commun,1,2,8,1,3