accident_id,datetime,annee,mois,jour,heure,minute,departement,commune_insee,adresse,latitude,longitude,luminosite,agglomeration,intersection,meteo,collision,catr,circ,nbv,vosp,prof,plan,surf,infra,situ,vma,nb_vehicules,nb_usagers,nb_indemnes,nb_tues,nb_blesses_hosp,nb_blesses_legers,age_cond_1,age_cond_2,veh_type_cond_1,veh_type_cond_2,lum_code,agg_code,int_code,atm_code,col_code
202200055209,2022-01-02 05:20:00,2022,1,2,5,20,74,74112,D3508,45.934606,6.100722,Nuit sans éclairage public,Hors agglomération,Hors intersection,Normale,Deux véhicules - frontale,3,2,3,0,1,1,1,3,1,70,2,2,0,0,2,0,24.0,24.0,voiture,voiture,3,1,1,1,1
202200055210,2022-05-07 07:15:00,2022,5,7,7,15,29,29252,Rue du Cap Sizun,47.866041,-4.280682,Plein jour,En agglomération,Hors intersection,Normale,Autre collision,3,3,2,0,1,1,1,0,4,50,1,1,0,0,0,1,21.0,,voiture,,1,2,1,1,6
202200055211,2022-09-19 01:00:00,2022,9,19,1,0,67,67446,D234,48.868633,7.525313,Nuit sans éclairage public,Hors agglomération,Hors intersection,Pluie légère,Sans collision,3,2,2,0,1,2,2,0,1,80,1,3,1,0,0,2,20.0,,voiture,,3,1,1,2,7
202200055212,2022-01-01 09:30:00,2022,1,1,9,30,38,38113,D526,44.8268653736,5.6288677453,Plein jour,Hors agglomération,Hors intersection,Normale,Sans collision,3,2,2,0,4,2,7,0,3,80,1,1,0,0,0,1,58.0,,voiture,,1,1,1,1,7
202200055213,2022-03-24 16:52:00,2022,3,24,16,52,25,25056,WEISS RUE CHARLES,47.24279,6.00763,Plein jour,En agglomération,Giratoire,Normale,Deux véhicules - côté,3,2,3,2,1,3,1,5,5,50,2,2,1,0,0,1,38.0,50.0,deux_roues,voiture,1,2,6,1,3
202200055214,2022-10-20 22:34:00,2022,10,20,22,34,29,29019,69 boulevard Montaigne,48.40356,-4.48047,Nuit avec éclairage allumé,En agglomération,Giratoire,Pluie légère,Autre collision,4,-1,4,0,1,1,2,5,1,50,1,2,0,0,0,2,24.0,,voiture,,5,2,6,2,6
202200055215,2022-05-06 21:50:00,2022,5,6,21,50,38,38387,Chemin de Tarmarin,45.314932,5.323927,Nuit sans éclairage public,Hors agglomération,Hors intersection,Normale,Autre collision,9,-1,1,0,3,2,9,0,8,80,1,2,0,0,1,1,39.0,,deux_roues,,3,1,1,1,6
202200055216,2022-01-02 07:10:00,2022,1,2,7,10,2A,2A130,Près le bénista,41.906453,8.817633,Crépuscule ou aube,En agglomération,Hors intersection,Normale,Deux véhicules - frontale,3,2,2,0,1,1,1,0,1,50,2,2,1,0,0,1,24.0,40.0,voiture,voiture,2,2,1,1,1
202200055217,2022-05-07 02:50:00,2022,5,7,2,50,70,70414,Rue des Vosges,47.761642,6.742486,Nuit avec éclairage allumé,En agglomération,Hors intersection,Normale,Autre collision,3,2,2,0,1,2,1,0,1,50,1,1,0,0,1,0,18.0,,deux_roues,,5,2,1,1,6
202200055218,2022-03-25 08:33:00,2022,3,25,8,33,17,17306,ZOLA (ALLEE EMILE),45.61776,-1.01284,Plein jour,En agglomération,Intersection en T,Normale,Deux véhicules - côté,4,2,2,0,1,1,1,0,1,30,2,2,1,0,0,1,15.0,53.0,deux_roues,utilitaire_camion,1,2,3,1,3
202200055219,2022-09-15 18:38:00,2022,9,15,18,38,52,52140,D2,48.271126,4.954405,Plein jour,Hors agglomération,Intersection en X,Normale,Autre collision,3,2,2,0,2,3,1,0,3,90,1,4,1,0,1,2,33.0,,voiture,,1,1,2,1,6
202200055220,2022-10-19 11:20:00,2022,10,19,11,20,29,29019,33 rue Chevreul,48.40728,-4.49108,Plein jour,En agglomération,Hors intersection,Normale,Deux véhicules - arrière,4,2,2,0,1,1,1,0,1,30,2,2,1,0,0,1,45.0,19.0,voiture,voiture,1,2,1,1,2
202200055221,2022-01-02 14:45:00,2022,1,2,14,45,63,63360,Mambouis,46.109386,2.600922,Plein jour,Hors agglomération,Intersection en X,Normale,Deux véhicules - côté,3,2,1,0,1,1,1,0,1,80,2,2,1,0,1,0,16.0,65.0,deux_roues,voiture,1,1,2,1,3
202200055222,2022-03-25 20:25:00,2022,3,25,20,25,17,17291,35 PK RN11 NANTES ROCADE,46.17301,-1.11736,Nuit sans éclairage public,Hors agglomération,Hors intersection,Normale,Trois véhicules et plus - en chaîne,2,3,4,0,1,1,1,9,1,50,3,4,3,0,0,1,24.0,26.0,voiture,voiture,3,1,1,1,4
202200055223,2022-01-02 11:30:00,2022,1,2,11,30,42,42059,Route de Montbrison,45.637646,4.383041,Plein jour,En agglomération,Hors intersection,Normale,Sans collision,4,2,2,0,2,1,1,0,8,50,1,1,0,0,1,0,51.0,,deux_roues,,1,2,1,1,7
202200055224,2022-05-06 18:30:00,2022,5,6,18,30,58,58088,Rue des Saules,47.011667,3.172023,Plein jour,En agglomération,Hors intersection,Normale,Autre collision,4,2,2,0,2,3,1,0,8,50,1,5,0,0,1,4,24.0,,voiture,,1,2,1,1,6
202200055225,2022-01-01 02:45:00,2022,1,1,2,45,29,29260,Rue de l Etain,48.437796,-4.619791,Nuit sans éclairage public,En agglomération,Giratoire,Normale,Autre collision,4,1,1,0,1,1,1,0,1,50,1,2,0,0,0,2,25.0,,voiture,,3,2,6,1,6
202200055226,2022-03-23 04:20:00,2022,3,23,4,20,15,15014,Avenue Georges Pompidou,44.912788,2.441837,Nuit avec éclairage allumé,En agglomération,Intersection en X,Normale,Deux véhicules - côté,2,2,2,0,1,1,1,8,1,30,2,2,1,0,0,1,51.0,55.0,utilitaire_camion,voiture,5,2,2,1,3
202200055227,2022-01-01 20:30:00,2022,1,1,20,30,31,31182,Route de Paris,43.669975,1.410713,Nuit avec éclairage allumé,En agglomération,Hors intersection,Normale,Autre collision,7,2,2,3,1,1,1,0,6,50,1,1,0,0,1,0,38.0,,deux_roues,,5,2,1,1,6
202200055228,2022-09-19 19:21:00,2022,9,19,19,21,02,02060,,49.844473,3.088381,Crépuscule ou aube,Hors agglomération,Hors intersection,Normale,Autre collision,1,3,4,0,1,1,1,0,1,130,1,1,0,0,0,1,29.0,,utilitaire_camion,,2,1,1,1,6
202200055229,2022-01-01 05:50:00,2022,1,1,5,50,50,50467,hameau vaudiville,49.478676,-1.341845,Nuit avec éclairage non allumé,Hors agglomération,Intersection en Y,Normale,Autre collision,3,2,2,0,1,2,1,0,3,50,1,2,1,0,1,0,19.0,,voiture,,4,1,4,1,6
202200055230,2022-05-06 21:50:00,2022,5,6,21,50,72,72059,D101,47.933395,-0.190845,Nuit sans éclairage public,Hors agglomération,Hors intersection,Normale,Deux véhicules - côté,3,2,2,0,1,1,1,0,1,80,2,3,2,0,1,0,17.0,53.0,deux_roues,voiture,3,1,1,1,3
202200055231,2022-03-24 23:40:00,2022,3,24,23,40,14,14366,95 Boulevard Herbet Fournet,49.1555758,0.22763,Nuit avec éclairage allumé,En agglomération,Hors intersection,Normale,Deux véhicules - arrière,4,-1,2,0,1,1,1,0,1,50,2,2,1,0,0,1,54.0,42.0,voiture,voiture,5,2,1,1,2
202200055232,2022-05-06 15:15:00,2022,5,6,15,15,72,72257,Lieu Dit la Germiniere,48.012951,0.121762,Plein jour,Hors agglomération,Hors intersection,Normale,Autre collision,4,2,2,0,1,2,1,0,3,80,1,2,1,0,1,0,19.0,,voiture,,1,1,1,1,6
202200055233,2022-01-02 16:55:00,2022,1,2,16,55,16,16245,D739,45.872073,0.51823,Plein jour,Hors agglomération,Intersection en T,Normale,Deux véhicules - arrière,3,2,2,0,3,1,1,0,1,80,2,2,1,1,0,0,78.0,66.0,voiture,deux_roues,1,1,3,1,2
202200055234,2022-03-25 18:15:00,2022,3,25,18,15,14,14437,Rue Camille Blaisot,49.16889,-0.33058,Crépuscule ou aube,En agglomération,Intersection en X,Normale,Deux véhicules - côté,4,-1,4,0,1,1,1,5,1,50,2,2,1,0,1,0,49.0,59.0,voiture,deux_roues,2,2,2,1,3
202200055235,2022-01-02 04:15:00,2022,1,2,4,15,53,53007,Voie communale 301,48.094491,-0.688995,Nuit sans éclairage public,Hors agglomération,Hors intersection,Normale,Autre collision,4,2,2,0,1,1,2,2,1,80,1,1,0,0,1,0,20.0,,voiture,,3,1,1,1,6
202200055236,2022-05-06 20:25:00,2022,5,6,20,25,06,06038,970 Route de Nice,43.67717,6.98093,Plein jour,Hors agglomération,Hors intersection,Normale,Autre collision,3,2,2,0,2,1,1,0,1,70,2,2,1,0,1,0,60.0,21.0,deux_roues,voiture,1,1,1,1,6
202200055237,2022-09-19 11:40:00,2022,9,19,11,40,49,49092,D160 - St Georges des gardes,47.1912327904,-0.7420087253,Plein jour,Hors agglomération,Hors intersection,Normale,Deux véhicules - frontale,3,2,2,0,2,2,1,0,1,90,2,3,0,1,2,0,71.0,21.0,voiture,voiture,1,1,1,1,1
202200055238,2022-01-01 01:15:00,2022,1,1,1,15,21,21637,11 Rue du Chevalier de Lorcy / rue princesse de conti,47.012757,5.28348,Nuit avec éclairage allumé,En agglomération,Intersection en T,Brouillard / fumée,Autre collision,3,2,2,0,1,1,2,0,3,50,1,1,0,0,1,0,30.0,,deux_roues,,5,2,3,5,6
202200055239,2022-03-25 17:45:00,2022,3,25,17,45,14,14327,Avenue de la Grande Cavée,49.20243,-0.33505,Plein jour,En agglomération,Hors intersection,Normale,Deux véhicules - frontale,4,2,2,0,2,1,1,0,1,50,2,2,1,0,0,1,27.0,12.0,voiture,deux_roues,1,2,1,1,1
202200055240,2022-05-07 17:30:00,2022,5,7,17,30,60,60277,Rue des Alouettes,49.43001,2.043433,Plein jour,En agglomération,Intersection en T,Normale,Deux véhicules - arrière,4,2,2,0,1,1,1,9,1,30,2,2,1,0,0,1,50.0,20.0,voiture,deux_roues,1,2,3,1,2
202200055241,2022-01-01 11:00:00,2022,1,1,11,0,40,40118,Route de Meyrau,43.576835,-0.936399,Plein jour,En agglomération,Autre intersection,Normale,Autre collision,4,2,2,0,1,1,1,0,1,80,1,2,1,0,1,0,19.0,,deux_roues,,1,2,9,1,6
202200055242,2022-05-07 00:50:00,2022,5,7,0,50,18,18030,La Sablonniere,47.522978,2.54702,Nuit sans éclairage public,Hors agglomération,Hors intersection,Normale,Autre collision,3,2,2,0,1,1,1,0,3,80,1,1,0,1,0,0,22.0,,voiture,,3,1,1,1,6
202200055243,2022-03-24 13:25:00,2022,3,24,13,25,13,13077,PAPIN DENIS (rue),43.40514,4.98434,Plein jour,En agglomération,Hors intersection,Normale,Deux véhicules - côté,4,2,1,0,2,1,1,0,1,30,2,2,0,0,0,2,17.0,30.0,voiture,voiture,1,2,1,1,3
202200055244,2022-01-02 11:00:00,2022,1,2,11,0,85,85081,RD37,46.787252,-1.3310442,Plein jour,Hors agglomération,Hors intersection,Normale,Autre collision,3,2,2,0,4,1,1,0,1,80,1,1,0,0,1,0,62.0,,deux_roues,,1,1,1,1,6
202200055245,2022-05-07 11:35:00,2022,5,7,11,35,16,16085,Route d Yvrac,45.813348,0.449619,Plein jour,Hors agglomération,Giratoire,Normale,Sans collision,3,1,2,0,1,2,9,5,1,90,1,1,0,0,1,0,50.0,,deux_roues,,1,1,6,1,7
202200055246,2022-01-01 09:13:00,2022,1,1,9,13,17,17324,D137,45.394804,-0.564036,Plein jour,Hors agglomération,Hors intersection,Normale,Sans collision,3,2,2,0,2,1,1,0,3,90,1,2,1,0,1,0,40.0,,voiture,,1,1,1,1,7
202200055247,2022-03-25 17:10:00,2022,3,25,17,10,13,13215,MADRAGUE VILLE (chemin de la),43.34731,5.35554,Plein jour,En agglomération,Hors intersection,Normale,Deux véhicules - arrière,4,1,2,0,1,1,1,0,3,50,2,2,1,0,0,1,,47.0,voiture,voiture,1,2,1,1,2
202200055248,2022-01-02 11:15:00,2022,1,2,11,15,72,72241,Autoroute A11 PK 154.060,48.0628229212,0.3980827332,Plein jour,Hors agglomération,Hors intersection,Normale,Sans collision,1,1,3,0,1,1,1,0,3,130,1,2,0,1,1,0,78.0,,voiture,,1,1,1,1,7
202200055249,2022-05-07 19:00:00,2022,5,7,19,0,21,21412,D973,46.9886,4.767,Plein jour,Hors agglomération,Intersection en X,Temps éblouissant,Deux véhicules - frontale,3,2,2,0,2,1,1,5,1,70,2,3,1,1,1,0,61.0,25.0,deux_roues,voiture,1,1,2,7,1
202200055250,2022-03-25 16:15:00,2022,3,25,16,15,13,13202,PORT (QUAI DU),43.29641,5.3713,Plein jour,En agglomération,Hors intersection,Normale,Autre collision,4,2,3,0,1,1,1,0,1,50,1,2,1,0,0,1,30.0,,deux_roues,,1,2,1,1,6
202200055251,2022-01-02 16:45:00,2022,1,2,16,45,11,11202,D327,42.920946,3.016136,Plein jour,Hors agglomération,Hors intersection,Normale,Sans collision,3,2,2,0,1,1,1,0,3,80,1,1,0,0,1,0,65.0,,deux_roues,,1,1,1,1,7
202200055252,2022-05-07 12:50:00,2022,5,7,12,50,85,85201,Le Perdrion,46.437065,-1.32388,Plein jour,Hors agglomération,Hors intersection,Normale,Sans collision,4,2,2,0,3,1,1,0,1,80,1,1,0,0,1,0,70.0,,deux_roues,,1,1,1,1,7
202200055253,2022-03-25 13:05:00,2022,3,25,13,5,13,13201,FRANKLIN ROOSEVELT (COURS)   1 A 37,43.29906,5.38637,Plein jour,En agglomération,Hors intersection,Normale,Deux véhicules - frontale,4,2,2,0,2,1,1,0,1,50,1,3,2,0,0,1,24.0,,deux_roues,,1,2,1,1,1
202200055254,2022-01-02 06:25:00,2022,1,2,6,25,988,98830,TRIBU DE TIWAE,-20.79102,165.1523,Nuit sans éclairage public,Hors agglomération,Hors intersection,Normale,Autre collision,4,2,2,0,2,3,1,0,3,-1,1,1,0,1,0,0,29.0,,voiture,,3,1,1,1,6
202200055255,2022-05-07 13:15:00,2022,5,7,13,15,17,17350,Rue du Fief Neuf,45.919542,-0.497292,Plein jour,Hors agglomération,Autre intersection,Normale,Sans collision,4,2,2,0,1,1,1,0,1,90,1,1,0,0,1,0,60.0,,deux_roues,,1,1,9,1,7
202200055256,2022-03-25 03:45:00,2022,3,25,3,45,13,13206,BRETEUIL (RUE),43.28782,5.3758,Nuit avec éclairage allumé,En agglomération,Autre intersection,Normale,Deux véhicules - côté,4,1,2,0,2,1,1,0,1,50,2,2,1,0,0,1,36.0,30.0,voiture,deux_roues,5,2,9,1,3
202200055257,2022-01-01 11:10:00,2022,1,1,11,10,77,77437,D401,49.037063,2.796503,Crépuscule ou aube,En agglomération,Giratoire,Normale,Deux véhicules - côté,3,2,1,0,1,1,1,0,1,50,2,2,1,0,1,0,48.0,66.0,voiture,deux_roues,2,2,6,1,3
202200055258,2022-03-10 16:50:00,2022,3,10,16,50,37,37132,33 Route de Vauzelles,47.1350563252,0.9840562195,Plein jour,En agglomération,Intersection en T,Normale,Deux véhicules - côté,4,2,2,0,1,1,1,0,1,50,2,2,1,0,0,1,15.0,74.0,deux_roues,voiture,1,2,3,1,3
202200055259,2022-01-01 20:40:00,2022,1,1,20,40,77,77231,D17,48.997659,3.002068,Nuit avec éclairage allumé,En agglomération,Hors intersection,Normale,Autre collision,3,2,2,0,1,1,1,0,1,50,1,1,0,0,1,0,28.0,,voiture,,5,2,1,1,6
202200055260,2022-03-24 17:40:00,2022,3,24,17,40,13,13204,CHAVE (BOULEVARD),43.29584,5.40086,Plein jour,En agglomération,Hors intersection,Normale,Deux véhicules - frontale,4,3,4,3,2,1,1,-1,6,50,1,2,1,0,0,1,59.0,,transport_commun,,1,2,1,1,1
202200055261,2022-01-01 20:20:00,2022,1,1,20,20,95,95351,RD 165E,49.049377,2.522928,Nuit sans éclairage public,Hors agglomération,Hors intersection,Normale,Autre collision,3,2,2,0,1,1,1,0,1,80,1,2,1,1,0,0,19.0,,voiture,,3,1,1,1,6
202200055262,2022-03-22 11:00:00,2022,3,22,11,0,13,13004,DRA MARSEILLAISE RAPHELE,43.65845,4.65414,Plein jour,Hors agglomération,Hors intersection,Normale,Autre collision,4,-1,1,0,1,1,1,0,8,20,1,2,1,1,0,0,42.0,,utilitaire_camion,,1,1,1,1,6
202200055263,2022-04-19 16:30:00,2022,4,19,16,30,30,30223,341 Route des Fumades,44.178126,4.174976,Plein jour,Hors agglomération,Intersection en T,Normale,Trois véhicules et plus - collisions multiples,3,2,2,0,1,1,1,0,1,70,3,3,0,2,0,1,56.0,55.0,deux_roues,deux_roues,1,1,3,1,5
202200055264,2022-01-01 22:45:00,2022,1,1,22,45,91,91249,D152,48.635631,2.106972,Nuit avec éclairage allumé,Hors agglomération,Hors intersection,Normale,Deux véhicules - frontale,4,-1, -1,0,1,1,1,0,8,50,2,2,0,0,2,0,34.0,39.0,autre,autre,5,1,1,1,1
202200055265,2022-05-06 17:15:00,2022,5,6,17,15,77,77164,Autoroute A5 PK 27.000,48.444348,2.904983,Plein jour,Hors agglomération,Hors intersection,Normale,Deux véhicules - arrière,1,3,3,0,1,1,1,0,1,130,2,2,1,0,0,1,29.0,31.0,voiture,voiture,1,1,1,1,2
202200055266,2022-03-25 21:13:00,2022,3,25,21,13,10,10387,KLEBER (RUE),48.30284,4.08385,Nuit avec éclairage allumé,En agglomération,Hors intersection,Normale,Deux véhicules - côté,4,2,2,0,1,1,1,0,1,50,2,2,1,0,0,1,39.0,39.0,voiture,deux_roues,5,2,1,1,3
202200055267,2022-05-07 05:40:00,2022,5,7,5,40,988,98805,VE2,-22.21944,166.470187,Crépuscule ou aube,En agglomération,Hors intersection,Normale,Sans collision,1,1,4,0,1,1,1,0,3,90,1,4,3,0,1,0,27.0,,voiture,,2,2,1,1,7
202200055268,2022-01-01 03:15:00,2022,1,1,3,15,78,78068,A13,49.032263,1.466644,Nuit sans éclairage public,Hors agglomération,Hors intersection,Normale,Trois véhicules et plus - collisions multiples,1,3,3,0,1,1,1,0,1,130,4,6,1,0,0,5,25.0,27.0,voiture,voiture,3,1,1,1,5
202200055269,2022-01-01 23:10:00,2022,1,1,23,10,66,66212,D11e,42.7611834573,3.016178403,Nuit sans éclairage public,Hors agglomération,Hors intersection,Normale,Autre collision,3,2,2,0,1,1,1,0,3,80,1,1,0,0,1,0,31.0,,voiture,,3,1,1,1,6
202200055270,2022-05-06 19:20:00,2022,5,6,19,20,95,95042,Route du Golf,49.054506,2.297065,Plein jour,Hors agglomération,Hors intersection,Normale,Sans collision,4,2,2,0,1,3,1,0,3,50,1,1,0,0,1,0,57.0,,deux_roues,,1,1,1,1,7
202200055271,2022-01-01 18:30:00,2022,1,1,18,30,11,11192,D6113,43.290498,2.045581,Nuit sans éclairage public,Hors agglomération,Giratoire,Normale,Autre collision,3,2,2,0,1,1,1,0,1,80,1,1,0,0,1,0,30.0,,deux_roues,,3,1,6,1,6
202200055272,2022-03-25 16:02:00,2022,3,25,16,2,10,10325,LIBERTE (RUE DE LA ),48.26307,4.059089,Plein jour,En agglomération,Intersection en X,Temps éblouissant,Deux véhicules - côté,3,2,2,0,1,1,1,0,1,50,2,2,0,0,0,2,36.0,40.0,voiture,voiture,1,2,2,7,3
202200055273,2022-05-07 00:00:00,2022,5,7,0,0,987,98738,RT01 face baleine bleu,-17.583311,-149.614155,Nuit avec éclairage allumé,Hors agglomération,Hors intersection,Pluie légère,Trois véhicules et plus - en chaîne,2,3,2,0,1,1,2,0,1,50,3,3,2,0,1,0,17.0,23.0,deux_roues,voiture,5,1,1,2,4
202200055274,2022-01-02 11:00:00,2022,1,2,11,0,21,21194,D2,47.080424,4.934621,Plein jour,Hors agglomération,Hors intersection,Normale,Deux véhicules - frontale,3,2,2,0,1,1,2,0,1,80,2,2,0,0,1,1,54.0,46.0,voiture,voiture,1,1,1,1,1
202200055275,2022-01-01 16:25:00,2022,1,1,16,25,03,03027,le passeau route de MONTVICQ,46.324112,2.835824,Crépuscule ou aube,Hors agglomération,Hors intersection,Temps éblouissant,Autre collision,3,2,2,0,1,1,1,0,1,90,1,2,1,0,0,1,33.0,,voiture,,2,1,1,7,6
202200055276,2022-05-07 04:00:00,2022,5,7,4,0,987,98747,RT2 03+700 c/montagne AFAAHITI,-17.7648,-149.213089,Nuit sans éclairage public,Hors agglomération,Hors intersection,Normale,Sans collision,2,2,2,0,1,1,1,0,3,60,1,3,0,0,0,3,26.0,,voiture,,3,1,1,1,7
202200055277,2022-01-01 18:20:00,2022,1,1,18,20,01,01142,60 Rue de Genève,45.851298,5.063263,Nuit avec éclairage allumé,En agglomération,Hors intersection,Normale,Autre collision,3,2,2,0,1,1,1,0,1,50,1,2,1,0,0,1,64.0,,utilitaire_camion,,5,2,1,1,6
202200055278,2022-01-01 07:10:00,2022,1,1,7,10,91,91377,AUTOROUTE A10,48.72567,2.30118,Nuit avec éclairage non allumé,Hors agglomération,Hors intersection,Brouillard / fumée,Deux véhicules - arrière,1,-1,3,0,1,1,2,0,1,110,2,4,3,0,0,1,,26.0,utilitaire_camion,voiture,4,1,1,5,2
202200055279,2022-05-06 14:20:00,2022,5,6,14,20,973,97304,RN1 PK46,5.096758,-52.618053,Plein jour,Hors agglomération,Hors intersection,Pluie forte,Deux véhicules - frontale,2,2,2,0,1,1,2,0,1,80,2,3,0,2,1,0,53.0,28.0,utilitaire_camion,utilitaire_camion,1,1,1,3,1
202200055280,2022-01-01 00:48:00,2022,1,1,0,48,91,91617,,48.63267,2.5334111,Nuit sans éclairage public,Hors agglomération,Hors intersection,Normale,Deux véhicules - côté,2,1,4,0,1,3,1,0,2,70,2,3,2,0,0,1,19.0,54.0,voiture,utilitaire_camion,3,1,1,1,3
202200055281,2022-01-01 16:00:00,2022,1,1,16,0,95,95042,RN 104,49.06204,2.31917,Plein jour,Hors agglomération,Hors intersection,Normale,Autre collision,2,3,4,0,1,1,1,0,1,110,1,1,0,0,0,1,25.0,,voiture,,1,1,1,1,6
202200055282,2022-01-01 19:44:00,2022,1,1,19,44,94,94033,A86.EXT,48.8521422803,2.4902740888,Plein jour,Hors agglomération,Hors intersection,Normale,Deux véhicules - arrière,1,-1,2,0,1,1,1,0,1,90,2,3,1,0,0,2,33.0,51.0,voiture,voiture,1,1,1,1,2
202200055283,2022-01-01 06:40:00,2022,1,1,6,40,93,93051,A4,48.83472,2.58123,Nuit sans éclairage public,Hors agglomération,Hors intersection,Normale,Autre collision,1,3,6,0,1,1,1,0,1,110,1,2,0,0,0,2,38.0,,voiture,,3,1,1,1,6
202200055284,2022-05-07 19:55:00,2022,5,7,19,55,77,77171,D239,48.894695,2.820423,Crépuscule ou aube,En agglomération,Intersection en T,Normale,Deux véhicules - côté,3,2,2,0,1,1,1,0,1,50,2,2,1,0,0,1,33.0,21.0,deux_roues,voiture,2,2,3,1,3
202200055285,2022-01-01 02:00:00,2022,1,1,2,0,95,95134,Rue Pasteur,49.1417948232,2.2553032637,Nuit sans éclairage public,En agglomération,Hors intersection,Normale,Autre collision,3,2,2,1,1,1,1,0,5,50,1,1,0,0,0,1,24.0,,deux_roues,,3,2,1,1,6
202200055286,2022-01-01 07:21:00,2022,1,1,7,21,22,22185,Le Quily,48.387779,-2.413419,Nuit sans éclairage public,Hors agglomération,Hors intersection,Normale,Autre collision,3,2,2,0,1,1,1,0,3,80,1,1,0,0,1,0,34.0,,voiture,,3,1,1,1,6
202200055287,2022-01-01 17:50:00,2022,1,1,17,50,63,63195,Avenue Teilhard de Chardin,45.828949,3.393161,Crépuscule ou aube,En agglomération,Intersection en X,Normale,Deux véhicules - côté,3,2,2,0,1,1,1,0,1,70,2,3,0,0,1,2,22.0,19.0,voiture,voiture,2,2,2,1,3
202200055288,2022-01-01 03:45:00,2022,1,1,3,45,61,61096,D24,48.515645,-0.450461,Nuit avec éclairage allumé,En agglomération,Hors intersection,Normale,Sans collision,3,2,2,0,1,1,1,0,3,50,1,1,0,0,1,0,20.0,,deux_roues,,5,2,1,1,7
202200055289,2022-01-01 16:00:00,2022,1,1,16,0,25,25400,D133,47.089585,6.195002,Crépuscule ou aube,Hors agglomération,Hors intersection,Normale,Autre collision,3,2,2,0,2,2,1,0,1,80,1,3,2,0,1,0,79.0,,voiture,,2,1,1,1,6
202200055290,2022-01-01 01:25:00,2022,1,1,1,25,29,29215,8 Rue de la Fontaine,47.9848481,-4.4245831,Nuit sans éclairage public,En agglomération,Intersection en T,Normale,Autre collision,4,2,1,0,1,2,1,5,1,50,1,2,0,0,1,1,61.0,,voiture,,3,2,3,1,6
202200055291,2022-01-01 17:00:00,2022,1,1,17,0,64,64256,D2021,43.395311,-1.311665,Plein jour,En agglomération,Autre intersection,Normale,Deux véhicules - frontale,3,2,2,0,1,1,1,0,1,70,2,2,0,0,1,1,55.0,31.0,voiture,voiture,1,2,9,1,1
202200055292,2022-01-01 03:50:00,2022,1,1,3,50,18,18190,7 Route de Vierzon,47.13525,2.155214,Nuit avec éclairage allumé,En agglomération,Hors intersection,Normale,Autre collision,3,2,2,0,1,2,2,0,3,50,1,5,2,1,0,2,38.0,,voiture,,5,2,1,1,6
202200055293,2022-01-01 16:15:00,2022,1,1,16,15,04,04219,RD 52,44.1038145321,6.569703877,Plein jour,Hors agglomération,Hors intersection,Normale,Sans collision,3,2,2,0,1,1,1,0,1,80,1,1,0,0,0,1,35.0,,utilitaire_camion,,1,1,1,1,7
202200055294,2022-01-01 00:00:00,2022,1,1,0,0,30,30344,d742,43.7369,4.2109,Nuit sans éclairage public,Hors agglomération,Intersection en T,Brouillard / fumée,Deux véhicules - côté,3,2,2,0,1,1,2,0,1,80,2,2,1,0,0,1,44.0,56.0,voiture,voiture,3,1,3,5,3
202200055295,2022-01-02 02:05:00,2022,1,2,2,5,988,98803,RT1 - Col des arabes,-21.65901,165.5346,Nuit sans éclairage public,Hors agglomération,Hors intersection,Normale,Deux véhicules - frontale,2,2,2,0,1,1,1,0,1,110,2,2,0,1,1,0,25.0,29.0,voiture,voiture,3,1,1,1,1
202200055296,2022-01-01 14:50:00,2022,1,1,14,50,95,95446,RD 151,49.1234867003,2.1820896864,Plein jour,En agglomération,Giratoire,Normale,Deux véhicules - côté,3,2,2,0,2,1,1,0,1,50,2,3,1,0,0,2,62.0,37.0,voiture,deux_roues,1,2,6,1,3
202200055297,2022-01-01 05:35:00,2022,1,1,5,35,95,95101,RD 142,49.137049,1.671208,Nuit avec éclairage allumé,Hors agglomération,Hors intersection,Normale,Autre collision,3,2,2,0,2,3,1,0,1,50,1,4,0,0,0,4,25.0,,voiture,,5,1,1,1,6
202200055298,2022-01-01 03:50:00,2022,1,1,3,50,2B,2B293,D71,42.310165,9.478583,Nuit sans éclairage public,Hors agglomération,Hors intersection,Normale,Autre collision,3,2,2,0,2,1,1,0,8,80,1,2,0,1,0,1,21.0,,voiture,,3,1,1,1,6
202200055299,2022-01-01 07:20:00,2022,1,1,7,20,84,84074,D973,43.753164,5.224476,Nuit sans éclairage public,Hors agglomération,Hors intersection,Normale,Autre collision,3,2,2,0,1,2,1,0,3,80,1,1,0,1,0,0,27.0,,voiture,,3,1,1,1,6
202200055300,2022-01-01 04:27:00,2022,1,1,4,27,74,74001,D22,46.282532,6.732806,Nuit sans éclairage public,Hors agglomération,Hors intersection,Autre,Autre collision,3,2,2,0,1,2,7,0,3,80,1,1,0,1,0,0,27.0,,voiture,,3,1,1,9,6
202200055301,2022-01-01 08:40:00,2022,1,1,8,40,81,81099,Chemin Toulze,43.927265,1.915637,Plein jour,Hors agglomération,Intersection en T,Normale,Deux véhicules - côté,3,2,2,0,1,1,1,0,1,80,2,3,1,0,1,1,20.0,69.0,voiture,voiture,1,1,3,1,3
202200055302,2022-03-01 16:55:00,2022,3,1,16,55,41,41018,RD956 - Pont Charles De Gaulle,47.594404,1.353329,Plein jour,En agglomération,Hors intersection,Normale,Deux véhicules - arrière,3,3,4,0,1,1,1,0,1,70,2,2,1,0,1,0,30.0,22.0,deux_roues,voiture,1,2,1,1,2